[{"$i":"number-selected2","$v":{"zero":"اختر","one":[{"t":"idOrVar","v":"n"}," مُختارة"],"two":[{"t":"idOrVar","v":"n"}," مُختاران"],"few":[{"t":"idOrVar","v":"n"}," مُختارة"],"many":[{"t":"idOrVar","v":"n"}," مُختارًا"],"other":[{"t":"idOrVar","v":"n"}," مُختارة"]},"$x":[{"t":"idOrVar","v":"plural"},"n"]},{"$i":"delete-photo?","$v":"أأحذف الصورة؟"},{"$i":"delete-video?","$v":"أأحذف مقطع الڤيديو؟"},{"$i":"delete-n-items?","$v":{"zero":"لا شيﺀ مختار","one":"حذف العنصر المحدد؟","two":"أأحذف العنصرين؟","few":["أأحذف ",{"t":"idOrVar","v":"n"}," العناصر؟"],"many":["حذف ",{"t":"idOrVar","v":"n"}," عنصرًا؟"],"other":["أأحذف ",{"t":"idOrVar","v":"n"}," عنصرٍ؟"]},"$x":[{"t":"idOrVar","v":"plural"},"n"]},{"$i":"pickoneimage2","$v":"تحديد"},{"$i":"cropimage","$v":"قص"},{"$i":"cancel","$v":"إلغاء"},{"$i":"delete","$v":"إحذف"},{"$i":"ok","$v":"موافق"},{"$i":"edit","$v":"حرّر"},{"$i":"save","$v":"احفظ"},{"$i":"done","$v":"تمّ"},{"$i":"exposure","$v":"تعرُّض"},{"$i":"crop","$v":"قص"},{"$i":"effects","$v":"مؤثرات"},{"$i":"borders","$v":"حدود"},{"$i":"enhance-on","$v":"التحسين التلقائي مُمكَّن"},{"$i":"enhance-off","$v":"التحسين التلقائي غير مفعل"},{"$i":"apply","$v":"تطبيق"},{"$i":"filters","$v":"مُرشِّحات"},{"$i":"original","$v":"الصورة الأصلية"},{"$i":"blackandwhite","$v":"B&W"},{"$i":"sepia","$v":"Sepia"},{"$i":"freeform","$v":"إطار حُرّ"},{"$i":"portrait","$v":"طولي"},{"$i":"landscape","$v":"عرضي"},{"$i":"square","$v":"مربع"},{"$i":"emptygallery2-title","$v":"لا يوجد صور أو فيديو"},{"$i":"emptygallery2-text","$v":"استخدم نطبيق الكاميرا للبدء"},{"$i":"emptygallery2-title-pick","$v":"لايوجد صور"},{"$i":"nocard3-title","$v":"بطاقة الذاكرة غير موجودة"},{"$i":"nocard4-text","$v":"أدخل بطاقة الذاكرة لاستخدام التطبيق"},{"$i":"pluggedin2-title","$v":"بطاقة الذاكرة قيد الاستخدام"},{"$i":"pluggedin2-text","$v":"إفصل الجوّال لاستخدام هذا التطبيق"},{"$i":"scanning-title","$v":"جارِ البحث"},{"$i":"scanning-text","$v":"جارِ البحث عن الصور والفيديوهات"},{"$i":"upgrade-title","$v":"تحديث قاعدة البيانات"},{"$i":"upgrade-text","$v":"الرجاء الانتظار ليقوم المعرض بتحديث قاعدة البيانات الخاصة به."},{"$i":"share-noprovider","$v":"لا يمكن مشاركة هذا النوع من ملفات الصور."},{"$i":"memorycardfull","$v":"لا يمكن تحرير الصور: بطاقة الذاكرة ممتلئة "},{"$i":"imagetoobig","$v":"الصورة كبيرة جدا لعرضها على هذا الجهاز."},{"$i":"imageinvalid","$v":"الصورة تحتوي على خطأ ولا يمكن عرضها."},{"$i":"saved","$v":[{"t":"idOrVar","v":"filename"}," حُفِظ في المعرض"]},{"$i":"edit-copy-saved","$v":"تم حفظ نُسخة جديدة."},{"$i":"overlay-camera-button","$v":"الذهاب إلى الكاميرا"},{"$i":"name-label","$v":"إسم"},{"$i":"size-label","$v":"الحجم"},{"$i":"image-type-label","$v":"نوع الصورة"},{"$i":"date-taken-label","$v":"تاريخ إلتقاط الصورة"},{"$i":"resolution-label","$v":"الدقة"},{"$i":"close-button","$v":"اغلق"},{"$i":"byteUnit-B","$v":"بايت"},{"$i":"byteUnit-KB","$v":"كيلوبايت"},{"$i":"byteUnit-MB","$v":"ميجا بايت"},{"$i":"byteUnit-GB","$v":"غيغا بايت"},{"$i":"gallery","$v":"المعرض"},{"$i":"preview","$v":"معاينة"},{"$i":"date-group-header","$v":"%B %Y"},{"$i":"videoDescriptionShort","$v":"Video dated %I:%M %p, %B %e, %Y"},{"$i":"imageDescriptionShort","$v":"Image dated %I:%M %p, %B %e, %Y"},{"$i":"back-button","ariaLabel":"رجوع"},{"$i":"crop-options","ariaLabel":"قص"},{"$i":"crop-revert","ariaLabel":"إسترجاع"},{"$i":"crop-aspect-free","ariaLabel":"تخصيص نسب الأبعاد"},{"$i":"crop-aspect-portrait","ariaLabel":"صورة نسبة الأبعاد"},{"$i":"crop-aspect-landscape","ariaLabel":"مشهد نسبة الأبعاد"},{"$i":"crop-aspect-square","ariaLabel":"نسبة أبعاد المربع"},{"$i":"effect-options","ariaLabel":"التأثيرات"},{"$i":"effect-none","ariaLabel":"None"},{"$i":"effect-bw","ariaLabel":"أبيض و أسود"},{"$i":"effect-sepia","ariaLabel":"بني داكن"},{"$i":"effect-bluesteel","ariaLabel":"الأزرق الصلب"},{"$i":"effect-faded","ariaLabel":"باهتة"},{"$i":"exposure-button","ariaLabel":"كَشْف"},{"$i":"crop-button","ariaLabel":"قص"},{"$i":"effect-button","ariaLabel":"التأثيرات"},{"$i":"enhance-button","ariaLabel":"تحسين"},{"$i":"camera-button","ariaLabel":"الكاميرا"},{"$i":"select-multiple-button","ariaLabel":"تحديد متعدّد"},{"$i":"edit-button","ariaLabel":"تحرير"},{"$i":"share-button","ariaLabel":"مشارَكة"},{"$i":"info-button","ariaLabel":"مَعلومات"},{"$i":"delete-button","ariaLabel":"احذف"},{"$i":"editImagePreview","ariaLabel":"تحرير معاينة الصورة"},{"$i":"weekday-0-long","$v":"الأحد"},{"$i":"weekday-1-long","$v":"الإثنين"},{"$i":"weekday-2-long","$v":"الثلاثاء"},{"$i":"weekday-3-long","$v":"الأربعاء"},{"$i":"weekday-4-long","$v":"الخميس"},{"$i":"weekday-5-long","$v":"الجمعة"},{"$i":"weekday-6-long","$v":"السبت"},{"$i":"weekday-0-short","$v":"أحد"},{"$i":"weekday-1-short","$v":"إثنين"},{"$i":"weekday-2-short","$v":"ثلاثاء"},{"$i":"weekday-3-short","$v":"أربعاء"},{"$i":"weekday-4-short","$v":"خميس"},{"$i":"weekday-5-short","$v":"جمعة"},{"$i":"weekday-6-short","$v":"سبت"},{"$i":"month-0-long","$v":"يناير"},{"$i":"month-1-long","$v":"فبراير"},{"$i":"month-2-long","$v":"مارس"},{"$i":"month-3-long","$v":"أبريل"},{"$i":"month-4-long","$v":"مايو"},{"$i":"month-5-long","$v":"يونيو"},{"$i":"month-6-long","$v":"يوليو"},{"$i":"month-7-long","$v":"أغسطس"},{"$i":"month-8-long","$v":"سبتمبر"},{"$i":"month-9-long","$v":"أكتوبر"},{"$i":"month-10-long","$v":"نوفمبر"},{"$i":"month-11-long","$v":"ديسمبر"},{"$i":"month-0-genitive","$v":"يناير"},{"$i":"month-1-genitive","$v":"فبراير"},{"$i":"month-2-genitive","$v":"مارس"},{"$i":"month-3-genitive","$v":"أبريل"},{"$i":"month-4-genitive","$v":"مايو"},{"$i":"month-5-genitive","$v":"يونيو"},{"$i":"month-6-genitive","$v":"يوليو"},{"$i":"month-7-genitive","$v":"أغسطس"},{"$i":"month-8-genitive","$v":"سبتمبر"},{"$i":"month-9-genitive","$v":"أكتوبر"},{"$i":"month-10-genitive","$v":"نوفمبر"},{"$i":"month-11-genitive","$v":"ديسمبر"},{"$i":"month-0-short","$v":"يناير"},{"$i":"month-1-short","$v":"فبراير"},{"$i":"month-2-short","$v":"مارس"},{"$i":"month-3-short","$v":"ابريل"},{"$i":"month-4-short","$v":"مايو"},{"$i":"month-5-short","$v":"يونيو"},{"$i":"month-6-short","$v":"يوليو"},{"$i":"month-7-short","$v":"أغسطس"},{"$i":"month-8-short","$v":"سبتمبر"},{"$i":"month-9-short","$v":"أكتوبر"},{"$i":"month-10-short","$v":"نوفمبر"},{"$i":"month-11-short","$v":"ديسمبر"},{"$i":"minutes-ago-long","$v":{"zero":"الآن","one":"منذ دقيقة","two":"منذ دقيقتين","few":["منذ ",{"t":"idOrVar","v":"value"}," دقائق"],"many":["منذ ",{"t":"idOrVar","v":"value"}," دقيقة"],"other":["منذ ",{"t":"idOrVar","v":"value"}," دقيقة"]},"$x":[{"t":"idOrVar","v":"plural"},"value"]},{"$i":"hours-ago-long","$v":{"zero":"الآن","one":"منذ ساعة","two":"منذ ساعتين","few":["قبل ",{"t":"idOrVar","v":"value"}," ساعات"],"many":["قبل ",{"t":"idOrVar","v":"value"}," ساعة"],"other":["قبل ",{"t":"idOrVar","v":"value"}," ساعة"]},"$x":[{"t":"idOrVar","v":"plural"},"value"]},{"$i":"days-ago-long","$v":{"zero":"اليوم","one":"أمس","two":"منذ يومين","few":["منذ ",{"t":"idOrVar","v":"value"}," أيام"],"many":["منذ ",{"t":"idOrVar","v":"value"}," يوم"],"other":["منذ ",{"t":"idOrVar","v":"value"}," يوم"]},"$x":[{"t":"idOrVar","v":"plural"},"value"]},{"$i":"weeks-ago-long","$v":{"zero":"هذا الأسبوع","one":"الأسبوع الماضي","two":"منذ أسبوعين","few":["منذ ",{"t":"idOrVar","v":"value"}," أسابيع"],"many":["منذ ",{"t":"idOrVar","v":"value"}," أسبوع"],"other":["منذ ",{"t":"idOrVar","v":"value"}," أسبوع"]},"$x":[{"t":"idOrVar","v":"plural"},"value"]},{"$i":"months-ago-long","$v":{"zero":"هذا الشهر","one":"الشهر الماضي","two":"منذ شهرين","few":["منذ ",{"t":"idOrVar","v":"value"}," أشهر"],"many":["منذ ",{"t":"idOrVar","v":"value"}," شهر"],"other":["منذ ",{"t":"idOrVar","v":"value"}," شهر"]},"$x":[{"t":"idOrVar","v":"plural"},"value"]},{"$i":"years-ago-long","$v":{"zero":"هذه السنة","one":"السنة الماضية","two":"منذ سنتين","few":["منذ ",{"t":"idOrVar","v":"value"}," سنوات"],"many":["منذ ",{"t":"idOrVar","v":"value"}," سنة"],"other":["منذ ",{"t":"idOrVar","v":"value"}," سنة"]},"$x":[{"t":"idOrVar","v":"plural"},"value"]},{"$i":"minutes-until-long","$v":{"zero":"الآن","one":"خلال دقيقة","two":"خلال دقيقتين","few":["خلال ",{"t":"idOrVar","v":"value"}," دقائق"],"many":["خلال ",{"t":"idOrVar","v":"value"}," دقيقة"],"other":["خلال ",{"t":"idOrVar","v":"value"}," دقيقة"]},"$x":[{"t":"idOrVar","v":"plural"},"value"]},{"$i":"hours-until-long","$v":{"zero":"الآن","one":"خلال ساعة","two":"خلال ساعتين","few":["خلال ",{"t":"idOrVar","v":"value"}," ساعات"],"many":["خلال ",{"t":"idOrVar","v":"value"}," ساعة"],"other":["خلال ",{"t":"idOrVar","v":"value"}," ساعة"]},"$x":[{"t":"idOrVar","v":"plural"},"value"]},{"$i":"days-until-long","$v":{"zero":"اليوم","one":"غداً","two":"خلال يومين","few":["خلال ",{"t":"idOrVar","v":"value"}," أيام"],"many":["خلال ",{"t":"idOrVar","v":"value"}," يوم"],"other":["خلال ",{"t":"idOrVar","v":"value"}," يوم"]},"$x":[{"t":"idOrVar","v":"plural"},"value"]},{"$i":"weeks-until-long","$v":{"zero":"هذا الأسبوع","one":"الأسبوع القادم","two":"خلال أسبوعين","few":["خلال ",{"t":"idOrVar","v":"value"}," أسابيع"],"many":["خلال ",{"t":"idOrVar","v":"value"}," أسبوع"],"other":["خلال ",{"t":"idOrVar","v":"value"}," أسبوع"]},"$x":[{"t":"idOrVar","v":"plural"},"value"]},{"$i":"months-until-long","$v":{"zero":"هذا الشهر","one":"الشهر القادم","two":"خلال شهرين","few":["خلال ",{"t":"idOrVar","v":"value"}," أشهر"],"many":["خلال ",{"t":"idOrVar","v":"value"}," شهر"],"other":["خلال ",{"t":"idOrVar","v":"value"}," شهر"]},"$x":[{"t":"idOrVar","v":"plural"},"value"]},{"$i":"years-until-long","$v":{"zero":"هذه السنة","one":"السنة القادمة","two":"خلال سنتين","few":["خلال ",{"t":"idOrVar","v":"value"}," سنوات"],"many":["خلال ",{"t":"idOrVar","v":"value"}," سنة"],"other":["خلال ",{"t":"idOrVar","v":"value"}," سنة"]},"$x":[{"t":"idOrVar","v":"plural"},"value"]},{"$i":"minutes-ago-short","$v":{"zero":"الآن","other":["منذ ",{"t":"idOrVar","v":"value"}," دقيقة"]},"$x":[{"t":"idOrVar","v":"plural"},"value"]},{"$i":"hours-ago-short","$v":{"zero":"الآن","other":["منذ ",{"t":"idOrVar","v":"value"}," س"]},"$x":[{"t":"idOrVar","v":"plural"},"value"]},{"$i":"days-ago-short","$v":{"zero":"اليوم","other":["منذ ",{"t":"idOrVar","v":"value"}," ي"]},"$x":[{"t":"idOrVar","v":"plural"},"value"]},{"$i":"minutes-until-short","$v":{"zero":"الآن","other":["خلال ",{"t":"idOrVar","v":"value"}," د"]},"$x":[{"t":"idOrVar","v":"plural"},"value"]},{"$i":"hours-until-short","$v":{"zero":"الآن","other":["خلال ",{"t":"idOrVar","v":"value"}," س"]},"$x":[{"t":"idOrVar","v":"plural"},"value"]},{"$i":"days-until-short","$v":{"zero":"اليوم","other":["خلال ",{"t":"idOrVar","v":"value"}," ي"]},"$x":[{"t":"idOrVar","v":"plural"},"value"]},{"$i":"incorrectDate","$v":"(تاريخ غير صحيح)"},{"$i":"dateTimeFormat_%c","$v":"%a %e %b %Y %I:%M:%S %p"},{"$i":"dateTimeFormat_%x","$v":"%d/%m/%Y"},{"$i":"dateTimeFormat_%X","$v":"%I:%M:%S %p"},{"$i":"shortTimeFormat","$v":"%I:%M %p"},{"$i":"shortTimeFormat12","$v":"%I:%M %p"},{"$i":"shortTimeFormat24","$v":"%H:%M"},{"$i":"shortDateTimeFormat","$v":"%x %I:%M %p"},{"$i":"weekStartsOnMonday","$v":"0 "},{"$i":"firstDayOfTheWeek","$v":"0"},{"$i":"time_am","$v":"ص"},{"$i":"time_pm","$v":"م"},{"$i":"playbackPlay","ariaLabel":"Play"},{"$i":"playbackPause","ariaLabel":"Pause"},{"$i":"playbackNext","ariaLabel":"Next"},{"$i":"playbackPrevious","ariaLabel":"Previous"},{"$i":"playbackFullscreen","ariaLabel":"Fullscreen"},{"$i":"playbackSeekBar","ariaLabel":["Seek bar, duration ",{"t":"idOrVar","v":"duration"}]}]