[{"$i":"number-selected2","$v":{"zero":"Избиране","one":[{"t":"idOrVar","v":"n"}," избрано"],"two":[{"t":"idOrVar","v":"n"}," избрани"],"few":[{"t":"idOrVar","v":"n"}," избрани"],"many":[{"t":"idOrVar","v":"n"}," избрани"],"other":[{"t":"idOrVar","v":"n"}," избрани"]},"$x":[{"t":"idOrVar","v":"plural"},"n"]},{"$i":"delete-photo?","$v":"Снимката да бъде ли изтрита?"},{"$i":"delete-video?","$v":"Видеозаписът да бъде ли изтрит?"},{"$i":"delete-n-items?","$v":{"zero":"Няма избрани","one":"Изтриване на избраните елементи?","two":["Изтриване на ",{"t":"idOrVar","v":"n"}," елемента?"],"few":["Изтриване на ",{"t":"idOrVar","v":"n"}," елемента?"],"many":["Изтриване на ",{"t":"idOrVar","v":"n"}," елемента?"],"other":["Изтриване на ",{"t":"idOrVar","v":"n"}," елемента?"]},"$x":[{"t":"idOrVar","v":"plural"},"n"]},{"$i":"pickoneimage2","$v":"Избиране"},{"$i":"cropimage","$v":"Изрязване"},{"$i":"cancel","$v":"Отказ"},{"$i":"delete","$v":"Изтриване"},{"$i":"ok","$v":"Добре"},{"$i":"edit","$v":"Редактиране"},{"$i":"save","$v":"Запис"},{"$i":"done","$v":"Готово"},{"$i":"exposure","$v":"Експозиция"},{"$i":"crop","$v":"Изрязване"},{"$i":"effects","$v":"Ефекти"},{"$i":"borders","$v":"Контури"},{"$i":"enhance-on","$v":"Автоматично подобряване включено"},{"$i":"enhance-off","$v":"Автоматично подобряване изключено"},{"$i":"apply","$v":"Прилагане"},{"$i":"filters","$v":"Филтри"},{"$i":"original","$v":"Оригинално"},{"$i":"blackandwhite","$v":"Чернобяло"},{"$i":"sepia","$v":"Сепия"},{"$i":"freeform","$v":"Свободна форма"},{"$i":"portrait","$v":"Портрет"},{"$i":"landscape","$v":"Пейзаж"},{"$i":"square","$v":"Квадрат"},{"$i":"emptygallery2-title","$v":"Липсват снимки и клипове"},{"$i":"emptygallery2-text","$v":"Използвайте приложението Камера, за да започнете."},{"$i":"emptygallery2-title-pick","$v":"Липсват снимки"},{"$i":"nocard3-title","$v":"Липсва карта за памет"},{"$i":"nocard4-text","$v":"Поставете карта за памет, за да използвате това приложение."},{"$i":"pluggedin2-title","$v":"Включен е кабел"},{"$i":"pluggedin2-text","$v":"За да използвате това приложение изключете кабела от телефона."},{"$i":"scanning-title","$v":"Претърсване"},{"$i":"scanning-text","$v":"Търсене на снимки и видеозаписи."},{"$i":"upgrade-title","$v":"Надграждане на базата данни"},{"$i":"upgrade-text","$v":"Моля, изчакайте докато Галерия обнови своята база данни."},{"$i":"share-noprovider","$v":"Този тип изображение не може да бъде споделен."},{"$i":"memorycardfull","$v":"Не могат да бъдат редактирани снимки: картата за памет е пълна."},{"$i":"imagetoobig","$v":"Изображението е твърде голямо, за да бъде показано на това устройство."},{"$i":"imageinvalid","$v":"Изображението е невалидно или повредено и не може да бъде показано."},{"$i":"saved","$v":[{"t":"idOrVar","v":"filename"}," е запазен в Галерия"]},{"$i":"edit-copy-saved","$v":"Направено е копие."},{"$i":"overlay-camera-button","$v":"Отворяне на камера"},{"$i":"name-label","$v":"Име"},{"$i":"size-label","$v":"Размер"},{"$i":"image-type-label","$v":"Тип на изображението"},{"$i":"date-taken-label","$v":"Дата на заснемане"},{"$i":"resolution-label","$v":"Разделителна способност"},{"$i":"close-button","$v":"Затваряне"},{"$i":"byteUnit-B","$v":"байта"},{"$i":"byteUnit-KB","$v":"KB"},{"$i":"byteUnit-MB","$v":"MB"},{"$i":"byteUnit-GB","$v":"GB"},{"$i":"gallery","$v":"Галерия"},{"$i":"preview","$v":"Преглед"},{"$i":"date-group-header","$v":"%B %Y"},{"$i":"videoDescriptionShort","$v":"Видеозаписът е от %e %b %Y %H:%M"},{"$i":"imageDescriptionShort","$v":"Изображението е от %e %b %Y %H:%M"},{"$i":"back-button","ariaLabel":"Обратно"},{"$i":"crop-options","ariaLabel":"Изрязване"},{"$i":"crop-revert","ariaLabel":"Отказване от изрязването"},{"$i":"crop-aspect-free","ariaLabel":"Свободен избор на съотношение на страните"},{"$i":"crop-aspect-portrait","ariaLabel":"Съотношение на страните портрет"},{"$i":"crop-aspect-landscape","ariaLabel":"Съотношение на страните пейзаж"},{"$i":"crop-aspect-square","ariaLabel":"Съотношение на страните квадрат"},{"$i":"effect-options","ariaLabel":"Ефект"},{"$i":"effect-none","ariaLabel":"Готово"},{"$i":"effect-bw","ariaLabel":"Чернобяло"},{"$i":"effect-sepia","ariaLabel":"Сепия"},{"$i":"effect-bluesteel","ariaLabel":"Синя стомана"},{"$i":"effect-faded","ariaLabel":"Избледняване"},{"$i":"exposure-button","ariaLabel":"Експозиция"},{"$i":"crop-button","ariaLabel":"Изрязване"},{"$i":"effect-button","ariaLabel":"Ефекти"},{"$i":"enhance-button","ariaLabel":"Подобряване"},{"$i":"camera-button","ariaLabel":"Камера"},{"$i":"select-multiple-button","ariaLabel":"Избор на много елементи"},{"$i":"edit-button","ariaLabel":"Редактиране"},{"$i":"share-button","ariaLabel":"Споделяне"},{"$i":"info-button","ariaLabel":"Информация"},{"$i":"delete-button","ariaLabel":"Изтриване"},{"$i":"editImagePreview","ariaLabel":"Преглед при редакция"},{"$i":"weekday-0-long","$v":"неделя"},{"$i":"weekday-1-long","$v":"понеделник"},{"$i":"weekday-2-long","$v":"вторник"},{"$i":"weekday-3-long","$v":"сряда"},{"$i":"weekday-4-long","$v":"четвъртък"},{"$i":"weekday-5-long","$v":"петък"},{"$i":"weekday-6-long","$v":"събота"},{"$i":"weekday-0-short","$v":"нед"},{"$i":"weekday-1-short","$v":"пон"},{"$i":"weekday-2-short","$v":"вто"},{"$i":"weekday-3-short","$v":"сря"},{"$i":"weekday-4-short","$v":"чет"},{"$i":"weekday-5-short","$v":"пет"},{"$i":"weekday-6-short","$v":"съб"},{"$i":"month-0-long","$v":"януари"},{"$i":"month-1-long","$v":"февруари"},{"$i":"month-2-long","$v":"мaрт"},{"$i":"month-3-long","$v":"април"},{"$i":"month-4-long","$v":"май"},{"$i":"month-5-long","$v":"юни"},{"$i":"month-6-long","$v":"юли"},{"$i":"month-7-long","$v":"август"},{"$i":"month-8-long","$v":"септември"},{"$i":"month-9-long","$v":"октомври"},{"$i":"month-10-long","$v":"ноември"},{"$i":"month-11-long","$v":"декември"},{"$i":"month-0-genitive","$v":"януари"},{"$i":"month-1-genitive","$v":"февруари"},{"$i":"month-2-genitive","$v":"мaрт"},{"$i":"month-3-genitive","$v":"април"},{"$i":"month-4-genitive","$v":"май"},{"$i":"month-5-genitive","$v":"юни"},{"$i":"month-6-genitive","$v":"юли"},{"$i":"month-7-genitive","$v":"август"},{"$i":"month-8-genitive","$v":"септември"},{"$i":"month-9-genitive","$v":"октомври"},{"$i":"month-10-genitive","$v":"ноември"},{"$i":"month-11-genitive","$v":"декември"},{"$i":"month-0-short","$v":"яну"},{"$i":"month-1-short","$v":"фев"},{"$i":"month-2-short","$v":"мар"},{"$i":"month-3-short","$v":"апр"},{"$i":"month-4-short","$v":"май"},{"$i":"month-5-short","$v":"юни"},{"$i":"month-6-short","$v":"юли"},{"$i":"month-7-short","$v":"авг"},{"$i":"month-8-short","$v":"сеп"},{"$i":"month-9-short","$v":"окт"},{"$i":"month-10-short","$v":"ное"},{"$i":"month-11-short","$v":"дек"},{"$i":"minutes-ago-long","$v":{"zero":"току-що","one":"преди минута","two":["преди ",{"t":"idOrVar","v":"value"}," минути"],"few":["преди ",{"t":"idOrVar","v":"value"}," минути"],"many":["преди ",{"t":"idOrVar","v":"value"}," минути"],"other":["преди ",{"t":"idOrVar","v":"value"}," минути"]},"$x":[{"t":"idOrVar","v":"plural"},"value"]},{"$i":"hours-ago-long","$v":{"zero":"току-що","one":"преди час","two":["преди ",{"t":"idOrVar","v":"value"}," часа"],"few":["преди ",{"t":"idOrVar","v":"value"}," часа"],"many":["преди ",{"t":"idOrVar","v":"value"}," часа"],"other":["преди ",{"t":"idOrVar","v":"value"}," часа"]},"$x":[{"t":"idOrVar","v":"plural"},"value"]},{"$i":"days-ago-long","$v":{"zero":"днес","one":"вчера","two":["преди ",{"t":"idOrVar","v":"value"}," дена"],"few":["преди ",{"t":"idOrVar","v":"value"}," дена"],"many":["преди ",{"t":"idOrVar","v":"value"}," дена"],"other":["преди ",{"t":"idOrVar","v":"value"}," дена"]},"$x":[{"t":"idOrVar","v":"plural"},"value"]},{"$i":"weeks-ago-long","$v":{"zero":"тази седмица","one":"миналата седмица","two":["преди ",{"t":"idOrVar","v":"value"}," седмици"],"few":["преди ",{"t":"idOrVar","v":"value"}," седмици"],"many":["преди ",{"t":"idOrVar","v":"value"}," седмици"],"other":["преди ",{"t":"idOrVar","v":"value"}," седмици"]},"$x":[{"t":"idOrVar","v":"plural"},"value"]},{"$i":"months-ago-long","$v":{"zero":"този месец","one":"миналия месец","two":["преди ",{"t":"idOrVar","v":"value"}," месеца"],"few":["преди ",{"t":"idOrVar","v":"value"}," месеца"],"many":["преди ",{"t":"idOrVar","v":"value"}," месеца"],"other":["преди ",{"t":"idOrVar","v":"value"}," месеца"]},"$x":[{"t":"idOrVar","v":"plural"},"value"]},{"$i":"years-ago-long","$v":{"zero":"тази година","one":"миналата година","two":["преди ",{"t":"idOrVar","v":"value"}," години"],"few":["преди ",{"t":"idOrVar","v":"value"}," години"],"many":["преди ",{"t":"idOrVar","v":"value"}," години"],"other":["преди ",{"t":"idOrVar","v":"value"}," години"]},"$x":[{"t":"idOrVar","v":"plural"},"value"]},{"$i":"minutes-until-long","$v":{"zero":"сега","one":"до една минута","two":["след ",{"t":"idOrVar","v":"value"}," минути"],"few":["след ",{"t":"idOrVar","v":"value"}," минути"],"many":["след ",{"t":"idOrVar","v":"value"}," минути"],"other":["след ",{"t":"idOrVar","v":"value"}," минути"]},"$x":[{"t":"idOrVar","v":"plural"},"value"]},{"$i":"hours-until-long","$v":{"zero":"сега","one":"до един час","two":["след ",{"t":"idOrVar","v":"value"}," часа"],"few":["след ",{"t":"idOrVar","v":"value"}," часа"],"many":["след ",{"t":"idOrVar","v":"value"}," часа"],"other":["след ",{"t":"idOrVar","v":"value"}," часа"]},"$x":[{"t":"idOrVar","v":"plural"},"value"]},{"$i":"days-until-long","$v":{"zero":"днес","one":"утре","two":["след ",{"t":"idOrVar","v":"value"}," дена"],"few":["след ",{"t":"idOrVar","v":"value"}," дена"],"many":["след ",{"t":"idOrVar","v":"value"}," дена"],"other":["след ",{"t":"idOrVar","v":"value"}," дена"]},"$x":[{"t":"idOrVar","v":"plural"},"value"]},{"$i":"weeks-until-long","$v":{"zero":"тази седмица","one":"другата седмица","two":["след ",{"t":"idOrVar","v":"value"}," седмици"],"few":["след ",{"t":"idOrVar","v":"value"}," седмици"],"many":["след ",{"t":"idOrVar","v":"value"}," седмици"],"other":["след ",{"t":"idOrVar","v":"value"}," седмици"]},"$x":[{"t":"idOrVar","v":"plural"},"value"]},{"$i":"months-until-long","$v":{"zero":"този месец","one":"другия месец","two":["след ",{"t":"idOrVar","v":"value"}," месеца"],"few":["след ",{"t":"idOrVar","v":"value"}," месеца"],"many":["след ",{"t":"idOrVar","v":"value"}," месеца"],"other":["след ",{"t":"idOrVar","v":"value"}," месеца"]},"$x":[{"t":"idOrVar","v":"plural"},"value"]},{"$i":"years-until-long","$v":{"zero":"тази година","one":"следващата година","two":["след ",{"t":"idOrVar","v":"value"}," години"],"few":["след ",{"t":"idOrVar","v":"value"}," години"],"many":["след ",{"t":"idOrVar","v":"value"}," години"],"other":["след ",{"t":"idOrVar","v":"value"}," години"]},"$x":[{"t":"idOrVar","v":"plural"},"value"]},{"$i":"minutes-ago-short","$v":{"zero":"току-що","other":["преди ",{"t":"idOrVar","v":"value"},"м"]},"$x":[{"t":"idOrVar","v":"plural"},"value"]},{"$i":"hours-ago-short","$v":{"zero":"току-що","other":["преди ",{"t":"idOrVar","v":"value"},"ч"]},"$x":[{"t":"idOrVar","v":"plural"},"value"]},{"$i":"days-ago-short","$v":{"zero":"днес","other":["преди ",{"t":"idOrVar","v":"value"},"д"]},"$x":[{"t":"idOrVar","v":"plural"},"value"]},{"$i":"minutes-until-short","$v":{"zero":"сега","other":["след ",{"t":"idOrVar","v":"value"},"м"]},"$x":[{"t":"idOrVar","v":"plural"},"value"]},{"$i":"hours-until-short","$v":{"zero":"сега","other":["след ",{"t":"idOrVar","v":"value"},"ч"]},"$x":[{"t":"idOrVar","v":"plural"},"value"]},{"$i":"days-until-short","$v":{"zero":"днес","other":["след ",{"t":"idOrVar","v":"value"},"д"]},"$x":[{"t":"idOrVar","v":"plural"},"value"]},{"$i":"incorrectDate","$v":"(невалидна дата)"},{"$i":"dateTimeFormat_%c","$v":"%a, %e %b %Y %H:%M:%S"},{"$i":"dateTimeFormat_%x","$v":"%d.%m.%Y"},{"$i":"dateTimeFormat_%X","$v":"%H:%M:%S"},{"$i":"shortTimeFormat","$v":"%I:%M %p"},{"$i":"shortTimeFormat12","$v":"%I:%M %p"},{"$i":"shortTimeFormat24","$v":"%H:%M"},{"$i":"shortDateTimeFormat","$v":"%x %H:%M"},{"$i":"weekStartsOnMonday","$v":"1"},{"$i":"firstDayOfTheWeek","$v":"1"},{"$i":"time_am","$v":"пр.об."},{"$i":"time_pm","$v":"сл.об."},{"$i":"playbackPlay","ariaLabel":"Пускане"},{"$i":"playbackPause","ariaLabel":"Пауза"},{"$i":"playbackNext","ariaLabel":"Next"},{"$i":"playbackPrevious","ariaLabel":"Previous"},{"$i":"playbackFullscreen","ariaLabel":"На цял екран"},{"$i":"playbackSeekBar","ariaLabel":["Лента за търсене, продължителност ",{"t":"idOrVar","v":"duration"}]}]