[{"$i":"number-selected2","$v":{"zero":"Trieu","one":[{"t":"idOrVar","v":"n"}," seleccionada"],"two":[{"t":"idOrVar","v":"n"}," seleccionades"],"few":[{"t":"idOrVar","v":"n"}," seleccionades"],"many":[{"t":"idOrVar","v":"n"}," seleccionades"],"other":[{"t":"idOrVar","v":"n"}," seleccionades"]},"$x":[{"t":"idOrVar","v":"plural"},"n"]},{"$i":"delete-photo?","$v":"Voleu eliminar la foto?"},{"$i":"delete-video?","$v":"Voleu eliminar el vídeo?"},{"$i":"delete-n-items?","$v":{"zero":"No heu seleccionat res","one":"Voleu eliminar l'element seleccionat?","two":["Voleu eliminar ",{"t":"idOrVar","v":"n"}," elements?"],"few":["Voleu eliminar ",{"t":"idOrVar","v":"n"}," elements?"],"many":["Voleu eliminar ",{"t":"idOrVar","v":"n"}," elements?"],"other":["Voleu eliminar ",{"t":"idOrVar","v":"n"}," elements?"]},"$x":[{"t":"idOrVar","v":"plural"},"n"]},{"$i":"pickoneimage2","$v":"Trieu"},{"$i":"cropimage","$v":"Retalla"},{"$i":"cancel","$v":"Cancel·la"},{"$i":"delete","$v":"Elimina"},{"$i":"ok","$v":"D'acord"},{"$i":"edit","$v":"Edita"},{"$i":"save","$v":"Desa"},{"$i":"done","$v":"Fet"},{"$i":"exposure","$v":"Exposició"},{"$i":"crop","$v":"Retalla"},{"$i":"effects","$v":"Efectes"},{"$i":"borders","$v":"Vores"},{"$i":"enhance-on","$v":"Millora automàtica activada"},{"$i":"enhance-off","$v":"Millora automàtica desactivada"},{"$i":"apply","$v":"Aplica"},{"$i":"filters","$v":"Filtres"},{"$i":"original","$v":"Original"},{"$i":"blackandwhite","$v":"Blanc i negre"},{"$i":"sepia","$v":"Sèpia"},{"$i":"freeform","$v":"Forma lliure"},{"$i":"portrait","$v":"Vertical"},{"$i":"landscape","$v":"Apaïsat"},{"$i":"square","$v":"Quadrat"},{"$i":"emptygallery2-title","$v":"No hi ha fotos ni vídeos"},{"$i":"emptygallery2-text","$v":"Utilitzeu l'aplicació Càmera per començar."},{"$i":"emptygallery2-title-pick","$v":"No hi ha fotos"},{"$i":"nocard3-title","$v":"No hi ha cap targeta de memòria"},{"$i":"nocard4-text","$v":"Inseriu una targeta de memòria per utilitzar l'aplicació."},{"$i":"pluggedin2-title","$v":"La targeta de memòria és en ús"},{"$i":"pluggedin2-text","$v":"Desconnecteu el telèfon per utilitzar l'aplicació."},{"$i":"scanning-title","$v":"Escaneig"},{"$i":"scanning-text","$v":"Cerca de fotos i vídeos."},{"$i":"upgrade-title","$v":"Actualització de base de dades"},{"$i":"upgrade-text","$v":"Espereu mentre s'actualitza la base de dades de la galeria."},{"$i":"share-noprovider","$v":"No es pot compartir aquest tipus de fitxer d'imatge."},{"$i":"memorycardfull","$v":"No es poden editar les fotos: la targeta de memòria és plena."},{"$i":"imagetoobig","$v":"La imatge és massa gran per mostrar-la en el dispositiu."},{"$i":"imageinvalid","$v":"La imatge no és vàlida o està malmesa i no es pot mostrar."},{"$i":"saved","$v":["S'ha desat ",{"t":"idOrVar","v":"filename"}," a la galeria"]},{"$i":"edit-copy-saved","$v":"S'ha desat la còpia nova."},{"$i":"overlay-camera-button","$v":"Vés a la Càmera"},{"$i":"name-label","$v":"Nom"},{"$i":"size-label","$v":"Mida"},{"$i":"image-type-label","$v":"Tipus d'imatge"},{"$i":"date-taken-label","$v":"Data de captura"},{"$i":"resolution-label","$v":"Resolució"},{"$i":"close-button","$v":"Tanca"},{"$i":"byteUnit-B","$v":"Bytes"},{"$i":"byteUnit-KB","$v":"kB"},{"$i":"byteUnit-MB","$v":"MB"},{"$i":"byteUnit-GB","$v":"GB"},{"$i":"gallery","$v":"Galeria"},{"$i":"preview","$v":"Previsualització"},{"$i":"date-group-header","$v":"%B de %Y"},{"$i":"videoDescriptionShort","$v":"Video dated %I:%M %p, %B %e, %Y"},{"$i":"imageDescriptionShort","$v":"Image dated %I:%M %p, %B %e, %Y"},{"$i":"back-button","ariaLabel":"Back"},{"$i":"crop-options","ariaLabel":"Crop"},{"$i":"crop-revert","ariaLabel":"Revert"},{"$i":"crop-aspect-free","ariaLabel":"Custom aspect ratio"},{"$i":"crop-aspect-portrait","ariaLabel":"Portrait aspect ratio"},{"$i":"crop-aspect-landscape","ariaLabel":"Landscape aspect ratio"},{"$i":"crop-aspect-square","ariaLabel":"Square aspect ratio"},{"$i":"effect-options","ariaLabel":"Effect"},{"$i":"effect-none","ariaLabel":"None"},{"$i":"effect-bw","ariaLabel":"Black and white"},{"$i":"effect-sepia","ariaLabel":"Sepia"},{"$i":"effect-bluesteel","ariaLabel":"Blue steel"},{"$i":"effect-faded","ariaLabel":"Faded"},{"$i":"exposure-button","ariaLabel":"Exposure"},{"$i":"crop-button","ariaLabel":"Crop"},{"$i":"effect-button","ariaLabel":"Effects"},{"$i":"enhance-button","ariaLabel":"Enhance"},{"$i":"camera-button","ariaLabel":"Camera"},{"$i":"select-multiple-button","ariaLabel":"Select multiple"},{"$i":"edit-button","ariaLabel":"Edit"},{"$i":"share-button","ariaLabel":"Share"},{"$i":"info-button","ariaLabel":"Information"},{"$i":"delete-button","ariaLabel":"Delete"},{"$i":"editImagePreview","ariaLabel":"Edit image preview"},{"$i":"weekday-0-long","$v":"diumenge"},{"$i":"weekday-1-long","$v":"dilluns"},{"$i":"weekday-2-long","$v":"dimarts"},{"$i":"weekday-3-long","$v":"dimecres"},{"$i":"weekday-4-long","$v":"dijous"},{"$i":"weekday-5-long","$v":"divendres"},{"$i":"weekday-6-long","$v":"dissabte"},{"$i":"weekday-0-short","$v":"dg"},{"$i":"weekday-1-short","$v":"dl"},{"$i":"weekday-2-short","$v":"dt"},{"$i":"weekday-3-short","$v":"dc"},{"$i":"weekday-4-short","$v":"dj"},{"$i":"weekday-5-short","$v":"dv"},{"$i":"weekday-6-short","$v":"ds"},{"$i":"month-0-long","$v":"gener"},{"$i":"month-1-long","$v":"febrer"},{"$i":"month-2-long","$v":"març"},{"$i":"month-3-long","$v":"abril"},{"$i":"month-4-long","$v":"maig"},{"$i":"month-5-long","$v":"juny"},{"$i":"month-6-long","$v":"juliol"},{"$i":"month-7-long","$v":"agost"},{"$i":"month-8-long","$v":"setembre"},{"$i":"month-9-long","$v":"octubre"},{"$i":"month-10-long","$v":"novembre"},{"$i":"month-11-long","$v":"desembre"},{"$i":"month-0-genitive","$v":"de gener"},{"$i":"month-1-genitive","$v":"de febrer"},{"$i":"month-2-genitive","$v":"de març"},{"$i":"month-3-genitive","$v":"d'abril"},{"$i":"month-4-genitive","$v":"de maig"},{"$i":"month-5-genitive","$v":"de juny"},{"$i":"month-6-genitive","$v":"de juliol"},{"$i":"month-7-genitive","$v":"d'agost"},{"$i":"month-8-genitive","$v":"de setembre"},{"$i":"month-9-genitive","$v":"d'octubre"},{"$i":"month-10-genitive","$v":"de novembre"},{"$i":"month-11-genitive","$v":"de desembre"},{"$i":"month-0-short","$v":"gen"},{"$i":"month-1-short","$v":"febr"},{"$i":"month-2-short","$v":"març"},{"$i":"month-3-short","$v":"abr"},{"$i":"month-4-short","$v":"maig"},{"$i":"month-5-short","$v":"juny"},{"$i":"month-6-short","$v":"jul"},{"$i":"month-7-short","$v":"ag"},{"$i":"month-8-short","$v":"set"},{"$i":"month-9-short","$v":"oct"},{"$i":"month-10-short","$v":"nov"},{"$i":"month-11-short","$v":"des"},{"$i":"minutes-ago-long","$v":{"zero":"ara","one":"fa un minut","two":["fa ",{"t":"idOrVar","v":"value"}," minuts"],"few":["fa ",{"t":"idOrVar","v":"value"}," minuts"],"many":["fa ",{"t":"idOrVar","v":"value"}," minuts"],"other":["fa ",{"t":"idOrVar","v":"value"}," minuts"]},"$x":[{"t":"idOrVar","v":"plural"},"value"]},{"$i":"hours-ago-long","$v":{"zero":"ara","one":"fa una hora","two":["fa ",{"t":"idOrVar","v":"value"}," hores"],"few":["fa ",{"t":"idOrVar","v":"value"}," hores"],"many":["fa ",{"t":"idOrVar","v":"value"}," hores"],"other":["fa ",{"t":"idOrVar","v":"value"}," hores"]},"$x":[{"t":"idOrVar","v":"plural"},"value"]},{"$i":"days-ago-long","$v":{"zero":"avui","one":"ahir","two":["fa ",{"t":"idOrVar","v":"value"}," dies"],"few":["fa ",{"t":"idOrVar","v":"value"}," dies"],"many":["fa ",{"t":"idOrVar","v":"value"}," dies"],"other":["fa ",{"t":"idOrVar","v":"value"}," dies"]},"$x":[{"t":"idOrVar","v":"plural"},"value"]},{"$i":"weeks-ago-long","$v":{"zero":"aquesta setmana","one":"la setmana passada","two":["fa ",{"t":"idOrVar","v":"value"}," setmanes"],"few":["fa ",{"t":"idOrVar","v":"value"}," setmanes"],"many":["fa ",{"t":"idOrVar","v":"value"}," setmanes"],"other":["fa ",{"t":"idOrVar","v":"value"}," setmanes"]},"$x":[{"t":"idOrVar","v":"plural"},"value"]},{"$i":"months-ago-long","$v":{"zero":"aquest mes","one":"el mes passat","two":["fa ",{"t":"idOrVar","v":"value"}," mesos"],"few":["fa ",{"t":"idOrVar","v":"value"}," mesos"],"many":["fa ",{"t":"idOrVar","v":"value"}," mesos"],"other":["fa ",{"t":"idOrVar","v":"value"}," mesos"]},"$x":[{"t":"idOrVar","v":"plural"},"value"]},{"$i":"years-ago-long","$v":{"zero":"enguany","one":"l'any passat","two":["fa ",{"t":"idOrVar","v":"value"}," anys"],"few":["fa ",{"t":"idOrVar","v":"value"}," anys"],"many":["fa ",{"t":"idOrVar","v":"value"}," anys"],"other":["fa ",{"t":"idOrVar","v":"value"}," anys"]},"$x":[{"t":"idOrVar","v":"plural"},"value"]},{"$i":"minutes-until-long","$v":{"zero":"ara","one":"d'aquí un minut","two":["d'aquí ",{"t":"idOrVar","v":"value"}," minuts"],"few":["d'aquí ",{"t":"idOrVar","v":"value"}," minuts"],"many":["d'aquí ",{"t":"idOrVar","v":"value"}," minuts"],"other":["d'aquí ",{"t":"idOrVar","v":"value"}," minuts"]},"$x":[{"t":"idOrVar","v":"plural"},"value"]},{"$i":"hours-until-long","$v":{"zero":"ara","one":"d'aquí una hora","two":["d'aquí ",{"t":"idOrVar","v":"value"}," hores"],"few":["d'aquí ",{"t":"idOrVar","v":"value"}," hores"],"many":["d'aquí ",{"t":"idOrVar","v":"value"}," hores"],"other":["d'aquí ",{"t":"idOrVar","v":"value"}," hores"]},"$x":[{"t":"idOrVar","v":"plural"},"value"]},{"$i":"days-until-long","$v":{"zero":"avui","one":"demà","two":["d'aquí ",{"t":"idOrVar","v":"value"}," dies"],"few":["d'aquí ",{"t":"idOrVar","v":"value"}," dies"],"many":["d'aquí ",{"t":"idOrVar","v":"value"}," dies"],"other":["d'aquí ",{"t":"idOrVar","v":"value"}," dies"]},"$x":[{"t":"idOrVar","v":"plural"},"value"]},{"$i":"weeks-until-long","$v":{"zero":"aquesta setmana","one":"la setmana que ve","two":["d'aquí ",{"t":"idOrVar","v":"value"}," setmanes"],"few":["d'aquí ",{"t":"idOrVar","v":"value"}," setmanes"],"many":["d'aquí ",{"t":"idOrVar","v":"value"}," setmanes"],"other":["d'aquí ",{"t":"idOrVar","v":"value"}," setmanes"]},"$x":[{"t":"idOrVar","v":"plural"},"value"]},{"$i":"months-until-long","$v":{"zero":"aquest mes","one":"el mes que ve","two":["d'aquí ",{"t":"idOrVar","v":"value"}," mesos"],"few":["d'aquí ",{"t":"idOrVar","v":"value"}," mesos"],"many":["d'aquí ",{"t":"idOrVar","v":"value"}," mesos"],"other":["d'aquí ",{"t":"idOrVar","v":"value"}," mesos"]},"$x":[{"t":"idOrVar","v":"plural"},"value"]},{"$i":"years-until-long","$v":{"zero":"enguany","one":"l'any que ve","two":["d'aquí ",{"t":"idOrVar","v":"value"}," anys"],"few":["d'aquí ",{"t":"idOrVar","v":"value"}," anys"],"many":["d'aquí ",{"t":"idOrVar","v":"value"}," anys"],"other":["d'aquí ",{"t":"idOrVar","v":"value"}," anys"]},"$x":[{"t":"idOrVar","v":"plural"},"value"]},{"$i":"minutes-ago-short","$v":{"zero":"ara","other":["fa ",{"t":"idOrVar","v":"value"}," m"]},"$x":[{"t":"idOrVar","v":"plural"},"value"]},{"$i":"hours-ago-short","$v":{"zero":"ara","other":["fa ",{"t":"idOrVar","v":"value"}," h"]},"$x":[{"t":"idOrVar","v":"plural"},"value"]},{"$i":"days-ago-short","$v":{"zero":"avui","other":["fa ",{"t":"idOrVar","v":"value"}," d"]},"$x":[{"t":"idOrVar","v":"plural"},"value"]},{"$i":"minutes-until-short","$v":{"zero":"ara","other":["d'aquí ",{"t":"idOrVar","v":"value"}," m"]},"$x":[{"t":"idOrVar","v":"plural"},"value"]},{"$i":"hours-until-short","$v":{"zero":"ara","other":["d'aquí ",{"t":"idOrVar","v":"value"}," h"]},"$x":[{"t":"idOrVar","v":"plural"},"value"]},{"$i":"days-until-short","$v":{"zero":"avui","other":["d'aquí ",{"t":"idOrVar","v":"value"}," d"]},"$x":[{"t":"idOrVar","v":"plural"},"value"]},{"$i":"incorrectDate","$v":"(data no vàlida)"},{"$i":"dateTimeFormat_%c","$v":"%a %e %Eb, %Y %H:%M:%S"},{"$i":"dateTimeFormat_%x","$v":"%d/%m/%Y"},{"$i":"dateTimeFormat_%X","$v":"%H:%M:%S"},{"$i":"shortTimeFormat","$v":"%H:%M"},{"$i":"shortTimeFormat12","$v":"%I:%M %p"},{"$i":"shortTimeFormat24","$v":"%H:%M"},{"$i":"shortDateTimeFormat","$v":"%x %H:%M"},{"$i":"weekStartsOnMonday","$v":"1"},{"$i":"firstDayOfTheWeek","$v":"0"},{"$i":"time_am","$v":"am"},{"$i":"time_pm","$v":"pm"},{"$i":"playbackPlay","ariaLabel":"Play"},{"$i":"playbackPause","ariaLabel":"Pause"},{"$i":"playbackNext","ariaLabel":"Next"},{"$i":"playbackPrevious","ariaLabel":"Previous"},{"$i":"playbackFullscreen","ariaLabel":"Fullscreen"},{"$i":"playbackSeekBar","ariaLabel":["Seek bar, duration ",{"t":"idOrVar","v":"duration"}]}]