[{"$i":"number-selected2","$v":{"zero":"Vybrat","one":"Jedna vybrána","two":"Dvě vybrány","few":[{"t":"idOrVar","v":"n"}," vybrány"],"many":[{"t":"idOrVar","v":"n"}," vybráno"],"other":[{"t":"idOrVar","v":"n"}," vybráno"]},"$x":[{"t":"idOrVar","v":"plural"},"n"]},{"$i":"delete-photo?","$v":"Smazat fotografii?"},{"$i":"delete-video?","$v":"Smazat video?"},{"$i":"delete-n-items?","$v":{"zero":"Nic není vybráno","one":"Smazat vybranou položku?","two":"Smazat obě vybrané položky?","few":["Smazat ",{"t":"idOrVar","v":"n"}," položky?"],"many":["Smazat ",{"t":"idOrVar","v":"n"}," položek?"],"other":["Smazat ",{"t":"idOrVar","v":"n"}," položek?"]},"$x":[{"t":"idOrVar","v":"plural"},"n"]},{"$i":"pickoneimage2","$v":"Vybrat"},{"$i":"cropimage","$v":"Oříznout"},{"$i":"cancel","$v":"Zrušit"},{"$i":"delete","$v":"Smazat"},{"$i":"ok","$v":"OK"},{"$i":"edit","$v":"Upravit"},{"$i":"save","$v":"Uložit"},{"$i":"done","$v":"Hotovo"},{"$i":"exposure","$v":"Expozice"},{"$i":"crop","$v":"Oříznout"},{"$i":"effects","$v":"Efekty"},{"$i":"borders","$v":"Okraje"},{"$i":"enhance-on","$v":"Automatické vylepšení zapnuto"},{"$i":"enhance-off","$v":"Automatické vylepšení vypnuto"},{"$i":"apply","$v":"Použít"},{"$i":"filters","$v":"Filtry"},{"$i":"original","$v":"Originál"},{"$i":"blackandwhite","$v":"Č&B"},{"$i":"sepia","$v":"Sépie"},{"$i":"freeform","$v":"Bez omezení"},{"$i":"portrait","$v":"Na výšku"},{"$i":"landscape","$v":"Na šířku"},{"$i":"square","$v":"Čtverec"},{"$i":"emptygallery2-title","$v":"Žádné fotografie ani video"},{"$i":"emptygallery2-text","$v":"Pro začátek použijte aplikaci Fotoaparát."},{"$i":"emptygallery2-title-pick","$v":"Žádné fotografie"},{"$i":"nocard3-title","$v":"Chybí paměťová karta"},{"$i":"nocard4-text","$v":"Pro použití této aplikace vložte paměťovou kartu. "},{"$i":"pluggedin2-title","$v":"Paměťová karta se používá"},{"$i":"pluggedin2-text","$v":"Pro použití této aplikace odpojte telefon."},{"$i":"scanning-title","$v":"Prohledávání"},{"$i":"scanning-text","$v":"Hledají se fotky a videa."},{"$i":"upgrade-title","$v":"Aktualizace databáze"},{"$i":"upgrade-text","$v":"Čekejte prosím, aplikace Galerie aktualizuje svou databázi."},{"$i":"share-noprovider","$v":"Tento typ obrázku nelze sdílet."},{"$i":"memorycardfull","$v":"Fotografii nelze upravit: Paměťová karta je plná."},{"$i":"imagetoobig","$v":"Pro zobrazení na tomto zařízení je obrázek příliš velký. "},{"$i":"imageinvalid","$v":"Obrázek je neplatný či poškozený a nemůže tak být zobrazen."},{"$i":"saved","$v":[{"t":"idOrVar","v":"filename"}," uložen do aplikace Galerie "]},{"$i":"edit-copy-saved","$v":"Nová kopie uložena."},{"$i":"overlay-camera-button","$v":"Přejít na Fotoaparát"},{"$i":"name-label","$v":"Název"},{"$i":"size-label","$v":"Velikost"},{"$i":"image-type-label","$v":"Typ obrázku"},{"$i":"date-taken-label","$v":"Datum pořízení"},{"$i":"resolution-label","$v":"Rozlišení"},{"$i":"close-button","$v":"Zavřít"},{"$i":"byteUnit-B","$v":"Bajtů"},{"$i":"byteUnit-KB","$v":"KB"},{"$i":"byteUnit-MB","$v":"MB"},{"$i":"byteUnit-GB","$v":"GB"},{"$i":"gallery","$v":"Galerie"},{"$i":"preview","$v":"Náhled"},{"$i":"date-group-header","$v":"%B %Y"},{"$i":"videoDescriptionShort","$v":"Video dated %I:%M %p, %B %e, %Y"},{"$i":"imageDescriptionShort","$v":"Image dated %I:%M %p, %B %e, %Y"},{"$i":"back-button","ariaLabel":"Back"},{"$i":"crop-options","ariaLabel":"Crop"},{"$i":"crop-revert","ariaLabel":"Revert"},{"$i":"crop-aspect-free","ariaLabel":"Custom aspect ratio"},{"$i":"crop-aspect-portrait","ariaLabel":"Portrait aspect ratio"},{"$i":"crop-aspect-landscape","ariaLabel":"Landscape aspect ratio"},{"$i":"crop-aspect-square","ariaLabel":"Square aspect ratio"},{"$i":"effect-options","ariaLabel":"Effect"},{"$i":"effect-none","ariaLabel":"None"},{"$i":"effect-bw","ariaLabel":"Black and white"},{"$i":"effect-sepia","ariaLabel":"Sepia"},{"$i":"effect-bluesteel","ariaLabel":"Blue steel"},{"$i":"effect-faded","ariaLabel":"Faded"},{"$i":"exposure-button","ariaLabel":"Exposure"},{"$i":"crop-button","ariaLabel":"Crop"},{"$i":"effect-button","ariaLabel":"Effects"},{"$i":"enhance-button","ariaLabel":"Enhance"},{"$i":"camera-button","ariaLabel":"Camera"},{"$i":"select-multiple-button","ariaLabel":"Select multiple"},{"$i":"edit-button","ariaLabel":"Edit"},{"$i":"share-button","ariaLabel":"Share"},{"$i":"info-button","ariaLabel":"Information"},{"$i":"delete-button","ariaLabel":"Delete"},{"$i":"editImagePreview","ariaLabel":"Edit image preview"},{"$i":"weekday-0-long","$v":"Neděle"},{"$i":"weekday-1-long","$v":"Pondělí"},{"$i":"weekday-2-long","$v":"Úterý"},{"$i":"weekday-3-long","$v":"Středa"},{"$i":"weekday-4-long","$v":"Čtvrtek"},{"$i":"weekday-5-long","$v":"Pátek"},{"$i":"weekday-6-long","$v":"Sobota"},{"$i":"weekday-0-short","$v":"Ne"},{"$i":"weekday-1-short","$v":"Po"},{"$i":"weekday-2-short","$v":"Út"},{"$i":"weekday-3-short","$v":"St"},{"$i":"weekday-4-short","$v":"Čt"},{"$i":"weekday-5-short","$v":"Pá"},{"$i":"weekday-6-short","$v":"So"},{"$i":"month-0-long","$v":"Leden"},{"$i":"month-1-long","$v":"Únor"},{"$i":"month-2-long","$v":"Březen"},{"$i":"month-3-long","$v":"Duben"},{"$i":"month-4-long","$v":"Květen"},{"$i":"month-5-long","$v":"Červen"},{"$i":"month-6-long","$v":"Červenec"},{"$i":"month-7-long","$v":"Srpen"},{"$i":"month-8-long","$v":"Září"},{"$i":"month-9-long","$v":"Říjen"},{"$i":"month-10-long","$v":"Listopad"},{"$i":"month-11-long","$v":"Prosinec"},{"$i":"month-0-genitive","$v":"Leden"},{"$i":"month-1-genitive","$v":"Únor"},{"$i":"month-2-genitive","$v":"Březen"},{"$i":"month-3-genitive","$v":"Duben"},{"$i":"month-4-genitive","$v":"Květen"},{"$i":"month-5-genitive","$v":"Červen"},{"$i":"month-6-genitive","$v":"Červenec"},{"$i":"month-7-genitive","$v":"Srpen"},{"$i":"month-8-genitive","$v":"Září"},{"$i":"month-9-genitive","$v":"Říjen"},{"$i":"month-10-genitive","$v":"Listopad"},{"$i":"month-11-genitive","$v":"Prosinec"},{"$i":"month-0-short","$v":"leden"},{"$i":"month-1-short","$v":"únor"},{"$i":"month-2-short","$v":"březen"},{"$i":"month-3-short","$v":"duben"},{"$i":"month-4-short","$v":"květen"},{"$i":"month-5-short","$v":"červen"},{"$i":"month-6-short","$v":"červenec"},{"$i":"month-7-short","$v":"srpen"},{"$i":"month-8-short","$v":"září"},{"$i":"month-9-short","$v":"říjen"},{"$i":"month-10-short","$v":"listopad"},{"$i":"month-11-short","$v":"prosinec"},{"$i":"minutes-ago-long","$v":{"zero":"právě teď","one":"před minutou","two":"před 2 minutami","few":["před ",{"t":"idOrVar","v":"value"}," minutami"],"many":["před ",{"t":"idOrVar","v":"value"}," minutami"],"other":["před ",{"t":"idOrVar","v":"value"}," minutami"]},"$x":[{"t":"idOrVar","v":"plural"},"value"]},{"$i":"hours-ago-long","$v":{"zero":"právě teď","one":"před hodinou","two":"před 2 hodinami","few":["před ",{"t":"idOrVar","v":"value"}," hodinami"],"many":["před ",{"t":"idOrVar","v":"value"}," hodinami"],"other":["před ",{"t":"idOrVar","v":"value"}," hodinami"]},"$x":[{"t":"idOrVar","v":"plural"},"value"]},{"$i":"days-ago-long","$v":{"zero":"dnes","one":"včera","two":"předevčírem","few":["před ",{"t":"idOrVar","v":"value"}," dny"],"many":["před ",{"t":"idOrVar","v":"value"}," dny"],"other":["před ",{"t":"idOrVar","v":"value"}," dny"]},"$x":[{"t":"idOrVar","v":"plural"},"value"]},{"$i":"weeks-ago-long","$v":{"zero":"tento týden","one":"minutý týden","two":["před ",{"t":"idOrVar","v":"value"}," týdny"],"few":["před ",{"t":"idOrVar","v":"value"}," týdny"],"many":["před ",{"t":"idOrVar","v":"value"}," týdny"],"other":["před ",{"t":"idOrVar","v":"value"}," týdny"]},"$x":[{"t":"idOrVar","v":"plural"},"value"]},{"$i":"months-ago-long","$v":{"zero":"tento měsíc","one":"minulý měsíc","two":["před ",{"t":"idOrVar","v":"value"}," měsíci"],"few":["před ",{"t":"idOrVar","v":"value"}," měsíci"],"many":["před ",{"t":"idOrVar","v":"value"}," měsíci"],"other":["před ",{"t":"idOrVar","v":"value"}," měsíci"]},"$x":[{"t":"idOrVar","v":"plural"},"value"]},{"$i":"years-ago-long","$v":{"zero":"tento rok","one":"minulý rok","two":["před ",{"t":"idOrVar","v":"value"}," roky"],"few":["před ",{"t":"idOrVar","v":"value"}," roky"],"many":["před ",{"t":"idOrVar","v":"value"}," roky"],"other":["před ",{"t":"idOrVar","v":"value"}," roky"]},"$x":[{"t":"idOrVar","v":"plural"},"value"]},{"$i":"minutes-until-long","$v":{"zero":"nyní","one":"za minutu","two":"za 2 minuty","few":["za ",{"t":"idOrVar","v":"value"}," minuty"],"many":["za ",{"t":"idOrVar","v":"value"}," minut"],"other":["za ",{"t":"idOrVar","v":"value"}," minut"]},"$x":[{"t":"idOrVar","v":"plural"},"value"]},{"$i":"hours-until-long","$v":{"zero":"nyní","one":"za hodinu","two":"za 2 hodiny","few":["za ",{"t":"idOrVar","v":"value"}," hodiny"],"many":["za ",{"t":"idOrVar","v":"value"}," hodin"],"other":["za ",{"t":"idOrVar","v":"value"}," hodin"]},"$x":[{"t":"idOrVar","v":"plural"},"value"]},{"$i":"days-until-long","$v":{"zero":"dnes","one":"zítra","two":"pozítří","few":["za ",{"t":"idOrVar","v":"value"}," dny"],"many":["za ",{"t":"idOrVar","v":"value"}," dnů"],"other":["za ",{"t":"idOrVar","v":"value"}," dnů"]},"$x":[{"t":"idOrVar","v":"plural"},"value"]},{"$i":"weeks-until-long","$v":{"zero":"tento týden","one":"příští týden","two":["za ",{"t":"idOrVar","v":"value"}," týdny"],"few":["za ",{"t":"idOrVar","v":"value"}," týdny"],"many":["za ",{"t":"idOrVar","v":"value"}," týdnů"],"other":["za ",{"t":"idOrVar","v":"value"}," týdnů"]},"$x":[{"t":"idOrVar","v":"plural"},"value"]},{"$i":"months-until-long","$v":{"zero":"tento měsíc","one":"příští měsíc","two":["za ",{"t":"idOrVar","v":"value"}," měsíce"],"few":["za ",{"t":"idOrVar","v":"value"}," měsíce"],"many":["za ",{"t":"idOrVar","v":"value"}," měsíců"],"other":["za ",{"t":"idOrVar","v":"value"}," měsíců"]},"$x":[{"t":"idOrVar","v":"plural"},"value"]},{"$i":"years-until-long","$v":{"zero":"tento rok","one":"příští rok","two":["za ",{"t":"idOrVar","v":"value"}," roky"],"few":["za ",{"t":"idOrVar","v":"value"}," roky"],"many":["za ",{"t":"idOrVar","v":"value"}," roků"],"other":["za ",{"t":"idOrVar","v":"value"}," roků"]},"$x":[{"t":"idOrVar","v":"plural"},"value"]},{"$i":"minutes-ago-short","$v":{"zero":"právě teď","other":["před ",{"t":"idOrVar","v":"value"}," min"]},"$x":[{"t":"idOrVar","v":"plural"},"value"]},{"$i":"hours-ago-short","$v":{"zero":"právě teď","other":["před ",{"t":"idOrVar","v":"value"}," hod"]},"$x":[{"t":"idOrVar","v":"plural"},"value"]},{"$i":"days-ago-short","$v":{"zero":"dnes","other":["před ",{"t":"idOrVar","v":"value"}," dny"]},"$x":[{"t":"idOrVar","v":"plural"},"value"]},{"$i":"minutes-until-short","$v":{"zero":"nyní","other":["za ",{"t":"idOrVar","v":"value"}," min"]},"$x":[{"t":"idOrVar","v":"plural"},"value"]},{"$i":"hours-until-short","$v":{"zero":"nyní","other":["za ",{"t":"idOrVar","v":"value"}," hod"]},"$x":[{"t":"idOrVar","v":"plural"},"value"]},{"$i":"days-until-short","$v":{"zero":"dnes","other":["za ",{"t":"idOrVar","v":"value"}," dny"]},"$x":[{"t":"idOrVar","v":"plural"},"value"]},{"$i":"incorrectDate","$v":"(neplatné datum)"},{"$i":"dateTimeFormat_%c","$v":"%a %e. %b %Y %H:%M:%S"},{"$i":"dateTimeFormat_%x","$v":"%e. %m. %Y"},{"$i":"dateTimeFormat_%X","$v":"%H:%M:%S"},{"$i":"shortTimeFormat","$v":"%H:%M"},{"$i":"shortTimeFormat12","$v":"%I:%M"},{"$i":"shortTimeFormat24","$v":"%H:%M"},{"$i":"shortDateTimeFormat","$v":"%x %H:%M"},{"$i":"weekStartsOnMonday","$v":"1"},{"$i":"firstDayOfTheWeek","$v":"0"},{"$i":"time_am","$v":"AM"},{"$i":"time_pm","$v":"PM"},{"$i":"playbackPlay","ariaLabel":"Play"},{"$i":"playbackPause","ariaLabel":"Pause"},{"$i":"playbackNext","ariaLabel":"Next"},{"$i":"playbackPrevious","ariaLabel":"Previous"},{"$i":"playbackFullscreen","ariaLabel":"Fullscreen"},{"$i":"playbackSeekBar","ariaLabel":["Seek bar, duration ",{"t":"idOrVar","v":"duration"}]}]