[{"$i":"number-selected2","$v":{"zero":"Vælg","one":[{"t":"idOrVar","v":"n"}," valgt"],"two":[{"t":"idOrVar","v":"n"}," valgt"],"few":[{"t":"idOrVar","v":"n"}," valgt"],"many":[{"t":"idOrVar","v":"n"}," valgt"],"other":[{"t":"idOrVar","v":"n"}," valgt"]},"$x":[{"t":"idOrVar","v":"plural"},"n"]},{"$i":"delete-photo?","$v":"Slet billede?"},{"$i":"delete-video?","$v":"Slet video?"},{"$i":"delete-n-items?","$v":{"zero":"Intet valgt","one":"Slet det valgte element?","two":["Slet ",{"t":"idOrVar","v":"n"}," elementer?"],"few":["Slet ",{"t":"idOrVar","v":"n"}," elementer?"],"many":["Slet ",{"t":"idOrVar","v":"n"}," elementer?"],"other":["Slet ",{"t":"idOrVar","v":"n"}," elementer?"]},"$x":[{"t":"idOrVar","v":"plural"},"n"]},{"$i":"pickoneimage2","$v":"Vælg"},{"$i":"cropimage","$v":"Beskær"},{"$i":"cancel","$v":"Annuller"},{"$i":"delete","$v":"Slet"},{"$i":"ok","$v":"OK"},{"$i":"edit","$v":"Rediger"},{"$i":"save","$v":"Gem"},{"$i":"done","$v":"Færdig"},{"$i":"exposure","$v":"Eksponering"},{"$i":"crop","$v":"Beskær"},{"$i":"effects","$v":"Effekter"},{"$i":"borders","$v":"Rammer"},{"$i":"enhance-on","$v":"Automatisk forbedring: Til"},{"$i":"enhance-off","$v":"Automatisk forbedring: Fra"},{"$i":"apply","$v":"Anvend"},{"$i":"filters","$v":"Filtre"},{"$i":"original","$v":"Original"},{"$i":"blackandwhite","$v":"Sort/hvid"},{"$i":"sepia","$v":"Sepia"},{"$i":"freeform","$v":"Fritlagt"},{"$i":"portrait","$v":"Portræt"},{"$i":"landscape","$v":"Landskab"},{"$i":"square","$v":"Firkant"},{"$i":"emptygallery2-title","$v":"Ingen billeder eller videoer"},{"$i":"emptygallery2-text","$v":"Brug kamera-app'en for at komme i gang."},{"$i":"emptygallery2-title-pick","$v":"Ingen billeder"},{"$i":"nocard3-title","$v":"Intet hukommelseskort"},{"$i":"nocard4-text","$v":"Indsæt hukommelseskort for at bruge denne app."},{"$i":"pluggedin2-title","$v":"Hukommelseskortet er låst"},{"$i":"pluggedin2-text","$v":"Afkobl telefonen for at bruge denne app."},{"$i":"scanning-title","$v":"Skanner"},{"$i":"scanning-text","$v":"Leder efter billeder og videoer."},{"$i":"upgrade-title","$v":"Databasen opdateres"},{"$i":"upgrade-text","$v":"Vent mens Galleri opdaterer sin database."},{"$i":"share-noprovider","$v":"Kan ikke dele billeder med denne filtype."},{"$i":"memorycardfull","$v":"Kan ikke redigere billede: Ingen plads på hukommelseskortet."},{"$i":"imagetoobig","$v":"Billedet er for stort til at kunne vises på denne enhed."},{"$i":"imageinvalid","$v":"Billedet er ugyldigt eller beskadiget og kan ikke vises."},{"$i":"saved","$v":[{"t":"idOrVar","v":"filename"}," er gemt i galleriet"]},{"$i":"edit-copy-saved","$v":"Ny kopi gemt."},{"$i":"overlay-camera-button","$v":"Skift til kamera"},{"$i":"name-label","$v":"Navn"},{"$i":"size-label","$v":"Størrelse"},{"$i":"image-type-label","$v":"Billedtype"},{"$i":"date-taken-label","$v":"Taget den"},{"$i":"resolution-label","$v":"Opløsning"},{"$i":"close-button","$v":"Luk"},{"$i":"byteUnit-B","$v":"Bytes"},{"$i":"byteUnit-KB","$v":"KB"},{"$i":"byteUnit-MB","$v":"MB"},{"$i":"byteUnit-GB","$v":"GB"},{"$i":"gallery","$v":"Galleri"},{"$i":"preview","$v":"Vis prøve"},{"$i":"date-group-header","$v":"%B %Y"},{"$i":"videoDescriptionShort","$v":"Videoens klokkeslæt og dato: %H:%M, %e. %B %Y"},{"$i":"imageDescriptionShort","$v":"Billedets klokkeslæt og dato: %H:%M, %e. %B %Y"},{"$i":"back-button","ariaLabel":"Tilbage"},{"$i":"crop-options","ariaLabel":"Beskær"},{"$i":"crop-revert","ariaLabel":"Fortryd"},{"$i":"crop-aspect-free","ariaLabel":"Tilpasset størrelsesforhold"},{"$i":"crop-aspect-portrait","ariaLabel":"Portræt-størrelsesforhold"},{"$i":"crop-aspect-landscape","ariaLabel":"Landskab-størrelsesforhold"},{"$i":"crop-aspect-square","ariaLabel":"Kvadratisk størrelsesforhold"},{"$i":"effect-options","ariaLabel":"Effekt"},{"$i":"effect-none","ariaLabel":"Ingen"},{"$i":"effect-bw","ariaLabel":"Sort og hvid"},{"$i":"effect-sepia","ariaLabel":"Sepia"},{"$i":"effect-bluesteel","ariaLabel":"Stålblå"},{"$i":"effect-faded","ariaLabel":"Nedtonet"},{"$i":"exposure-button","ariaLabel":"Eksponering"},{"$i":"crop-button","ariaLabel":"Beskær"},{"$i":"effect-button","ariaLabel":"Effekter"},{"$i":"enhance-button","ariaLabel":"Optimer"},{"$i":"camera-button","ariaLabel":"Kamera"},{"$i":"select-multiple-button","ariaLabel":"Vælg flere"},{"$i":"edit-button","ariaLabel":"Rediger"},{"$i":"share-button","ariaLabel":"Del"},{"$i":"info-button","ariaLabel":"Information"},{"$i":"delete-button","ariaLabel":"Slet"},{"$i":"editImagePreview","ariaLabel":"Rediger billedeksempel"},{"$i":"weekday-0-long","$v":"Søndag"},{"$i":"weekday-1-long","$v":"Mandag"},{"$i":"weekday-2-long","$v":"Tirsdag"},{"$i":"weekday-3-long","$v":"Onsdag"},{"$i":"weekday-4-long","$v":"Torsdag"},{"$i":"weekday-5-long","$v":"Fredag"},{"$i":"weekday-6-long","$v":"Lørdag"},{"$i":"weekday-0-short","$v":"Søn"},{"$i":"weekday-1-short","$v":"Man"},{"$i":"weekday-2-short","$v":"Tir"},{"$i":"weekday-3-short","$v":"Ons"},{"$i":"weekday-4-short","$v":"Tor"},{"$i":"weekday-5-short","$v":"Fre"},{"$i":"weekday-6-short","$v":"Lør"},{"$i":"month-0-long","$v":"Januar"},{"$i":"month-1-long","$v":"Februar"},{"$i":"month-2-long","$v":"Marts"},{"$i":"month-3-long","$v":"April"},{"$i":"month-4-long","$v":"Maj"},{"$i":"month-5-long","$v":"Juni"},{"$i":"month-6-long","$v":"Juli"},{"$i":"month-7-long","$v":"August"},{"$i":"month-8-long","$v":"September"},{"$i":"month-9-long","$v":"Oktober"},{"$i":"month-10-long","$v":"November"},{"$i":"month-11-long","$v":"December"},{"$i":"month-0-genitive","$v":"januar"},{"$i":"month-1-genitive","$v":"februar"},{"$i":"month-2-genitive","$v":"marts"},{"$i":"month-3-genitive","$v":"april"},{"$i":"month-4-genitive","$v":"maj"},{"$i":"month-5-genitive","$v":"juni"},{"$i":"month-6-genitive","$v":"juli"},{"$i":"month-7-genitive","$v":"august"},{"$i":"month-8-genitive","$v":"september"},{"$i":"month-9-genitive","$v":"oktober"},{"$i":"month-10-genitive","$v":"november"},{"$i":"month-11-genitive","$v":"december"},{"$i":"month-0-short","$v":"Jan"},{"$i":"month-1-short","$v":"Feb"},{"$i":"month-2-short","$v":"Mar"},{"$i":"month-3-short","$v":"Apr"},{"$i":"month-4-short","$v":"Maj"},{"$i":"month-5-short","$v":"Jun"},{"$i":"month-6-short","$v":"Jul"},{"$i":"month-7-short","$v":"Aug"},{"$i":"month-8-short","$v":"Sep"},{"$i":"month-9-short","$v":"Okt"},{"$i":"month-10-short","$v":"Nov"},{"$i":"month-11-short","$v":"Dec"},{"$i":"minutes-ago-long","$v":{"zero":"nu","one":"for et minut siden","two":["for ",{"t":"idOrVar","v":"value"}," minutter siden"],"few":["for ",{"t":"idOrVar","v":"value"}," minutter siden"],"many":["for ",{"t":"idOrVar","v":"value"}," minutter siden"],"other":["for ",{"t":"idOrVar","v":"value"}," minutter siden"]},"$x":[{"t":"idOrVar","v":"plural"},"value"]},{"$i":"hours-ago-long","$v":{"zero":"nu","one":"for en time siden","two":["for ",{"t":"idOrVar","v":"value"}," timer siden"],"few":["for ",{"t":"idOrVar","v":"value"}," timer siden"],"many":["for ",{"t":"idOrVar","v":"value"}," timer siden"],"other":["for ",{"t":"idOrVar","v":"value"}," timer siden"]},"$x":[{"t":"idOrVar","v":"plural"},"value"]},{"$i":"days-ago-long","$v":{"zero":"i dag","one":"i går","two":["for ",{"t":"idOrVar","v":"value"}," dage siden"],"few":["for ",{"t":"idOrVar","v":"value"}," dage siden"],"many":["for ",{"t":"idOrVar","v":"value"}," dage siden"],"other":["for ",{"t":"idOrVar","v":"value"}," dage siden"]},"$x":[{"t":"idOrVar","v":"plural"},"value"]},{"$i":"weeks-ago-long","$v":{"zero":"denne uge","one":"sidste uge","two":["for ",{"t":"idOrVar","v":"value"}," uger siden"],"few":["for ",{"t":"idOrVar","v":"value"}," uger siden"],"many":["for ",{"t":"idOrVar","v":"value"}," uger siden"],"other":["for ",{"t":"idOrVar","v":"value"}," uger siden"]},"$x":[{"t":"idOrVar","v":"plural"},"value"]},{"$i":"months-ago-long","$v":{"zero":"denne måned","one":"sidste måned","two":["for ",{"t":"idOrVar","v":"value"}," måneder siden"],"few":["for ",{"t":"idOrVar","v":"value"}," måneder siden"],"many":["for ",{"t":"idOrVar","v":"value"}," måneder siden"],"other":["for ",{"t":"idOrVar","v":"value"}," måneder siden"]},"$x":[{"t":"idOrVar","v":"plural"},"value"]},{"$i":"years-ago-long","$v":{"zero":"dette år","one":"sidste år","two":["for ",{"t":"idOrVar","v":"value"}," år siden"],"few":["for ",{"t":"idOrVar","v":"value"}," år siden"],"many":["for ",{"t":"idOrVar","v":"value"}," år siden"],"other":["for ",{"t":"idOrVar","v":"value"}," år siden"]},"$x":[{"t":"idOrVar","v":"plural"},"value"]},{"$i":"minutes-until-long","$v":{"zero":"nu","one":"om et minut","two":["om ",{"t":"idOrVar","v":"value"}," minutter"],"few":["om ",{"t":"idOrVar","v":"value"}," minutter"],"many":["om ",{"t":"idOrVar","v":"value"}," minutter"],"other":["om ",{"t":"idOrVar","v":"value"}," minutter"]},"$x":[{"t":"idOrVar","v":"plural"},"value"]},{"$i":"hours-until-long","$v":{"zero":"nu","one":"om en time","two":["om ",{"t":"idOrVar","v":"value"}," timer"],"few":["om ",{"t":"idOrVar","v":"value"}," timer"],"many":["om ",{"t":"idOrVar","v":"value"}," timer"],"other":["om ",{"t":"idOrVar","v":"value"}," timer"]},"$x":[{"t":"idOrVar","v":"plural"},"value"]},{"$i":"days-until-long","$v":{"zero":"i dag","one":"i morgen","two":["om ",{"t":"idOrVar","v":"value"}," dage"],"few":["om ",{"t":"idOrVar","v":"value"}," dage"],"many":["om ",{"t":"idOrVar","v":"value"}," dage"],"other":["om ",{"t":"idOrVar","v":"value"}," dage"]},"$x":[{"t":"idOrVar","v":"plural"},"value"]},{"$i":"weeks-until-long","$v":{"zero":"denne uge","one":"næste uge","two":["om ",{"t":"idOrVar","v":"value"}," uger"],"few":["om ",{"t":"idOrVar","v":"value"}," uger"],"many":["om ",{"t":"idOrVar","v":"value"}," uger"],"other":["om ",{"t":"idOrVar","v":"value"}," uger"]},"$x":[{"t":"idOrVar","v":"plural"},"value"]},{"$i":"months-until-long","$v":{"zero":"denne måned","one":"næste måned","two":["om ",{"t":"idOrVar","v":"value"}," måneder"],"few":["om ",{"t":"idOrVar","v":"value"}," måneder"],"many":["om ",{"t":"idOrVar","v":"value"}," måneder"],"other":["om ",{"t":"idOrVar","v":"value"}," måneder"]},"$x":[{"t":"idOrVar","v":"plural"},"value"]},{"$i":"years-until-long","$v":{"zero":"i år","one":"næste år","two":["om ",{"t":"idOrVar","v":"value"}," år"],"few":["om ",{"t":"idOrVar","v":"value"}," år"],"many":["om ",{"t":"idOrVar","v":"value"}," år"],"other":["om ",{"t":"idOrVar","v":"value"}," år"]},"$x":[{"t":"idOrVar","v":"plural"},"value"]},{"$i":"minutes-ago-short","$v":{"zero":"nu","other":[{"t":"idOrVar","v":"value"}," m. siden"]},"$x":[{"t":"idOrVar","v":"plural"},"value"]},{"$i":"hours-ago-short","$v":{"zero":"nu","other":[{"t":"idOrVar","v":"value"}," t. siden"]},"$x":[{"t":"idOrVar","v":"plural"},"value"]},{"$i":"days-ago-short","$v":{"zero":"i dag","other":[{"t":"idOrVar","v":"value"}," d. siden"]},"$x":[{"t":"idOrVar","v":"plural"},"value"]},{"$i":"minutes-until-short","$v":{"zero":"nu","other":["om ",{"t":"idOrVar","v":"value"}," m."]},"$x":[{"t":"idOrVar","v":"plural"},"value"]},{"$i":"hours-until-short","$v":{"zero":"nu","other":["om ",{"t":"idOrVar","v":"value"}," t."]},"$x":[{"t":"idOrVar","v":"plural"},"value"]},{"$i":"days-until-short","$v":{"zero":"i dag","other":["om ",{"t":"idOrVar","v":"value"}," d."]},"$x":[{"t":"idOrVar","v":"plural"},"value"]},{"$i":"incorrectDate","$v":"(forkert dato)"},{"$i":"dateTimeFormat_%c","$v":"%a d. %e. %b %Y %H:%M:%S"},{"$i":"dateTimeFormat_%x","$v":"%d-%m-%Y"},{"$i":"dateTimeFormat_%X","$v":"%H:%M:%S"},{"$i":"shortTimeFormat","$v":"%H:%M"},{"$i":"shortTimeFormat12","$v":"%I:%M %p"},{"$i":"shortTimeFormat24","$v":"%H:%M"},{"$i":"shortDateTimeFormat","$v":"%x %H:%M"},{"$i":"weekStartsOnMonday","$v":"1"},{"$i":"firstDayOfTheWeek","$v":"1"},{"$i":"time_am","$v":"AM"},{"$i":"time_pm","$v":"PM"},{"$i":"playbackPlay","ariaLabel":"Afspil"},{"$i":"playbackPause","ariaLabel":"Pause"},{"$i":"playbackNext","ariaLabel":"Next"},{"$i":"playbackPrevious","ariaLabel":"Previous"},{"$i":"playbackFullscreen","ariaLabel":"Fuldskærm"},{"$i":"playbackSeekBar","ariaLabel":["Søgelinje, varighed ",{"t":"idOrVar","v":"duration"}]}]