[{"$i":"number-selected2","$v":{"zero":"Auswählen","one":[{"t":"idOrVar","v":"n"}," ausgewählt"],"two":[{"t":"idOrVar","v":"n"}," ausgewählt"],"few":[{"t":"idOrVar","v":"n"}," ausgewählt"],"many":[{"t":"idOrVar","v":"n"}," ausgewählt"],"other":[{"t":"idOrVar","v":"n"}," ausgewählt"]},"$x":[{"t":"idOrVar","v":"plural"},"n"]},{"$i":"delete-photo?","$v":"Dieses Bild löschen?"},{"$i":"delete-video?","$v":"Dieses Video löschen?"},{"$i":"delete-n-items?","$v":{"zero":"Nichts ausgewählt","one":"Ausgewählten Eintrag löschen?","two":[{"t":"idOrVar","v":"n"}," Einträge löschen?"],"few":[{"t":"idOrVar","v":"n"}," Einträge löschen?"],"many":[{"t":"idOrVar","v":"n"}," Einträge löschen?"],"other":[{"t":"idOrVar","v":"n"}," Einträge löschen?"]},"$x":[{"t":"idOrVar","v":"plural"},"n"]},{"$i":"pickoneimage2","$v":"Auswählen"},{"$i":"cropimage","$v":"Zuschneiden"},{"$i":"cancel","$v":"Abbrechen"},{"$i":"delete","$v":"Löschen"},{"$i":"ok","$v":"OK"},{"$i":"edit","$v":"Bearbeiten"},{"$i":"save","$v":"Speichern"},{"$i":"done","$v":"Fertig"},{"$i":"exposure","$v":"Belichtung"},{"$i":"crop","$v":"Zuschneiden"},{"$i":"effects","$v":"Effekte"},{"$i":"borders","$v":"Rahmen"},{"$i":"enhance-on","$v":"Auto-Verbesserung an"},{"$i":"enhance-off","$v":"Auto-Verbesserung aus"},{"$i":"apply","$v":"Anwenden"},{"$i":"filters","$v":"Filter"},{"$i":"original","$v":"Original"},{"$i":"blackandwhite","$v":"Schwarzweiß"},{"$i":"sepia","$v":"Sepia"},{"$i":"freeform","$v":"Freie Form"},{"$i":"portrait","$v":"Hochformat"},{"$i":"landscape","$v":"Querformat"},{"$i":"square","$v":"Quadrat"},{"$i":"emptygallery2-title","$v":"Keine Bilder oder Videos"},{"$i":"emptygallery2-text","$v":"Verwenden Sie die Kamera, um die App nutzen zu können."},{"$i":"emptygallery2-title-pick","$v":"Keine Bilder"},{"$i":"nocard3-title","$v":"Keine Speicherkarte"},{"$i":"nocard4-text","$v":"Legen Sie eine Speicherkarte ein, um diese App nutzen zu können."},{"$i":"pluggedin2-title","$v":"Speicherkarte in Verwendung"},{"$i":"pluggedin2-text","$v":"Ziehen Sie Ihr Telefon ab, um diese App nutzen zu können."},{"$i":"scanning-title","$v":"Suche läuft…"},{"$i":"scanning-text","$v":"Es wird nach Fotos und Videos gesucht."},{"$i":"upgrade-title","$v":"Datenbank-Upgrade"},{"$i":"upgrade-text","$v":"Bitte warten Sie, während Galerie seine Datenbank aktualisiert."},{"$i":"share-noprovider","$v":"Keine installierte App weiß mit diesem Bildtyp etwas anzufangen"},{"$i":"memorycardfull","$v":"Bilder können nicht bearbeitet werden: Die Speicherkarte ist voll."},{"$i":"imagetoobig","$v":"Das Bild ist zu groß für die Darstellung auf diesem Gerät."},{"$i":"imageinvalid","$v":"Das Bild ist ungültig oder beschädigt und kann nicht dargestellt werden."},{"$i":"saved","$v":[{"t":"idOrVar","v":"filename"}," in Galerie gespeichert"]},{"$i":"edit-copy-saved","$v":"Als neue Kopie gespeichert"},{"$i":"overlay-camera-button","$v":"Zu Kamera wechseln"},{"$i":"name-label","$v":"Name"},{"$i":"size-label","$v":"Dateigröße"},{"$i":"image-type-label","$v":"Grafiktyp"},{"$i":"date-taken-label","$v":"Aufnahmedatum"},{"$i":"resolution-label","$v":"Auflösung"},{"$i":"close-button","$v":"Schließen"},{"$i":"byteUnit-B","$v":"Bytes"},{"$i":"byteUnit-KB","$v":"KB"},{"$i":"byteUnit-MB","$v":"MB"},{"$i":"byteUnit-GB","$v":"GB"},{"$i":"gallery","$v":"Galerie"},{"$i":"preview","$v":"Vorschau"},{"$i":"date-group-header","$v":"%B %Y"},{"$i":"videoDescriptionShort","$v":"Video aufgenommen um %H:%M am %d. %B %Y"},{"$i":"imageDescriptionShort","$v":"Bild aufgenommen um %H:%M am %d. %B %Y"},{"$i":"back-button","ariaLabel":"Zurück"},{"$i":"crop-options","ariaLabel":"Schneiden"},{"$i":"crop-revert","ariaLabel":"Rückgängig"},{"$i":"crop-aspect-free","ariaLabel":"Benutzerdefiniertes Seitenverhältnis"},{"$i":"crop-aspect-portrait","ariaLabel":"Hochformat"},{"$i":"crop-aspect-landscape","ariaLabel":"Querformat"},{"$i":"crop-aspect-square","ariaLabel":"Quadrat"},{"$i":"effect-options","ariaLabel":"Effekt"},{"$i":"effect-none","ariaLabel":"Keiner"},{"$i":"effect-bw","ariaLabel":"Schwarzweiß"},{"$i":"effect-sepia","ariaLabel":"Sepia"},{"$i":"effect-bluesteel","ariaLabel":"Blaustahl"},{"$i":"effect-faded","ariaLabel":"Unscharf"},{"$i":"exposure-button","ariaLabel":"Belichtung"},{"$i":"crop-button","ariaLabel":"Zuschneiden"},{"$i":"effect-button","ariaLabel":"Effekte"},{"$i":"enhance-button","ariaLabel":"Korrektur"},{"$i":"camera-button","ariaLabel":"Kamera"},{"$i":"select-multiple-button","ariaLabel":"Mehrere auswählen"},{"$i":"edit-button","ariaLabel":"Bearbeiten"},{"$i":"share-button","ariaLabel":"Weitergeben"},{"$i":"info-button","ariaLabel":"Informationen"},{"$i":"delete-button","ariaLabel":"Löschen"},{"$i":"editImagePreview","ariaLabel":"Bildvorschau bearbeiten"},{"$i":"weekday-0-long","$v":"Sonntag"},{"$i":"weekday-1-long","$v":"Montag"},{"$i":"weekday-2-long","$v":"Dienstag"},{"$i":"weekday-3-long","$v":"Mittwoch"},{"$i":"weekday-4-long","$v":"Donnerstag"},{"$i":"weekday-5-long","$v":"Freitag"},{"$i":"weekday-6-long","$v":"Samstag"},{"$i":"weekday-0-short","$v":"So"},{"$i":"weekday-1-short","$v":"Mo"},{"$i":"weekday-2-short","$v":"Di"},{"$i":"weekday-3-short","$v":"Mi"},{"$i":"weekday-4-short","$v":"Do"},{"$i":"weekday-5-short","$v":"Fr"},{"$i":"weekday-6-short","$v":"Sa"},{"$i":"month-0-long","$v":"Januar"},{"$i":"month-1-long","$v":"Februar"},{"$i":"month-2-long","$v":"März"},{"$i":"month-3-long","$v":"April"},{"$i":"month-4-long","$v":"Mai"},{"$i":"month-5-long","$v":"Juni"},{"$i":"month-6-long","$v":"Juli"},{"$i":"month-7-long","$v":"August"},{"$i":"month-8-long","$v":"September"},{"$i":"month-9-long","$v":"Oktober"},{"$i":"month-10-long","$v":"November"},{"$i":"month-11-long","$v":"Dezember"},{"$i":"month-0-genitive","$v":"Januar"},{"$i":"month-1-genitive","$v":"Februar"},{"$i":"month-2-genitive","$v":"März"},{"$i":"month-3-genitive","$v":"April"},{"$i":"month-4-genitive","$v":"Mai"},{"$i":"month-5-genitive","$v":"Juni"},{"$i":"month-6-genitive","$v":"Juli"},{"$i":"month-7-genitive","$v":"August"},{"$i":"month-8-genitive","$v":"September"},{"$i":"month-9-genitive","$v":"Oktober"},{"$i":"month-10-genitive","$v":"November"},{"$i":"month-11-genitive","$v":"Dezember"},{"$i":"month-0-short","$v":"Jan"},{"$i":"month-1-short","$v":"Feb"},{"$i":"month-2-short","$v":"Mär"},{"$i":"month-3-short","$v":"Apr"},{"$i":"month-4-short","$v":"Mai"},{"$i":"month-5-short","$v":"Jun"},{"$i":"month-6-short","$v":"Jul"},{"$i":"month-7-short","$v":"Aug"},{"$i":"month-8-short","$v":"Sep"},{"$i":"month-9-short","$v":"Okt"},{"$i":"month-10-short","$v":"Nov"},{"$i":"month-11-short","$v":"Dez"},{"$i":"minutes-ago-long","$v":{"zero":"gerade eben","one":"vor 1 Minute","two":["vor ",{"t":"idOrVar","v":"value"}," Minuten"],"few":["vor ",{"t":"idOrVar","v":"value"}," Minuten"],"many":["vor ",{"t":"idOrVar","v":"value"}," Minuten"],"other":["vor ",{"t":"idOrVar","v":"value"}," Minuten"]},"$x":[{"t":"idOrVar","v":"plural"},"value"]},{"$i":"hours-ago-long","$v":{"zero":"gerade eben","one":"vor 1 Stunde","two":["vor ",{"t":"idOrVar","v":"value"}," Stunden"],"few":["vor ",{"t":"idOrVar","v":"value"}," Stunden"],"many":["vor ",{"t":"idOrVar","v":"value"}," Stunden"],"other":["vor ",{"t":"idOrVar","v":"value"}," Stunden"]},"$x":[{"t":"idOrVar","v":"plural"},"value"]},{"$i":"days-ago-long","$v":{"zero":"heute","one":"gestern","two":["vor ",{"t":"idOrVar","v":"value"}," Tagen"],"few":["vor ",{"t":"idOrVar","v":"value"}," Tagen"],"many":["vor ",{"t":"idOrVar","v":"value"}," Tagen"],"other":["vor ",{"t":"idOrVar","v":"value"}," Tagen"]},"$x":[{"t":"idOrVar","v":"plural"},"value"]},{"$i":"weeks-ago-long","$v":{"zero":"diese Woche","one":"letzte Woche","two":["vor ",{"t":"idOrVar","v":"value"}," Wochen"],"few":["vor ",{"t":"idOrVar","v":"value"}," Wochen"],"many":["vor ",{"t":"idOrVar","v":"value"}," Wochen"],"other":["vor ",{"t":"idOrVar","v":"value"}," Wochen"]},"$x":[{"t":"idOrVar","v":"plural"},"value"]},{"$i":"months-ago-long","$v":{"zero":"diesen Monat","one":"letzten Monat","two":["vor ",{"t":"idOrVar","v":"value"}," Monaten"],"few":["vor ",{"t":"idOrVar","v":"value"}," Monaten"],"many":["vor ",{"t":"idOrVar","v":"value"}," Monaten"],"other":["vor ",{"t":"idOrVar","v":"value"}," Monaten"]},"$x":[{"t":"idOrVar","v":"plural"},"value"]},{"$i":"years-ago-long","$v":{"zero":"dieses Jahr","one":"letztes Jahr","two":["vor ",{"t":"idOrVar","v":"value"}," Jahren"],"few":["vor ",{"t":"idOrVar","v":"value"}," Jahren"],"many":["vor ",{"t":"idOrVar","v":"value"}," Jahren"],"other":["vor ",{"t":"idOrVar","v":"value"}," Jahren"]},"$x":[{"t":"idOrVar","v":"plural"},"value"]},{"$i":"minutes-until-long","$v":{"zero":"jetzt","one":"in 1 Minute","two":["in ",{"t":"idOrVar","v":"value"}," Minuten"],"few":["in ",{"t":"idOrVar","v":"value"}," Minuten"],"many":["in ",{"t":"idOrVar","v":"value"}," Minuten"],"other":["in ",{"t":"idOrVar","v":"value"}," Minuten"]},"$x":[{"t":"idOrVar","v":"plural"},"value"]},{"$i":"hours-until-long","$v":{"zero":"jetzt","one":"in einer Stunde","two":["in ",{"t":"idOrVar","v":"value"}," Stunden"],"few":["in ",{"t":"idOrVar","v":"value"}," Stunden"],"many":["in ",{"t":"idOrVar","v":"value"}," Stunden"],"other":["in ",{"t":"idOrVar","v":"value"}," Stunden"]},"$x":[{"t":"idOrVar","v":"plural"},"value"]},{"$i":"days-until-long","$v":{"zero":"heute","one":"morgen","two":["in ",{"t":"idOrVar","v":"value"}," Tagen"],"few":["in ",{"t":"idOrVar","v":"value"}," Tagen"],"many":["in ",{"t":"idOrVar","v":"value"}," Tagen"],"other":["in ",{"t":"idOrVar","v":"value"}," Tagen"]},"$x":[{"t":"idOrVar","v":"plural"},"value"]},{"$i":"weeks-until-long","$v":{"zero":"diese Woche","one":"nächste Woche","two":["in ",{"t":"idOrVar","v":"value"}," Wochen"],"few":["in ",{"t":"idOrVar","v":"value"}," Wochen"],"many":["in ",{"t":"idOrVar","v":"value"}," Wochen"],"other":["in ",{"t":"idOrVar","v":"value"}," Wochen"]},"$x":[{"t":"idOrVar","v":"plural"},"value"]},{"$i":"months-until-long","$v":{"zero":"diesen Monat","one":"nächsten Monat","two":["in ",{"t":"idOrVar","v":"value"}," Monaten"],"few":["in ",{"t":"idOrVar","v":"value"}," Monaten"],"many":["in ",{"t":"idOrVar","v":"value"}," Monaten"],"other":["in ",{"t":"idOrVar","v":"value"}," Monaten"]},"$x":[{"t":"idOrVar","v":"plural"},"value"]},{"$i":"years-until-long","$v":{"zero":"dieses Jahr","one":"nächstes Jahr","two":["in ",{"t":"idOrVar","v":"value"}," Jahren"],"few":["in ",{"t":"idOrVar","v":"value"}," Jahren"],"many":["in ",{"t":"idOrVar","v":"value"}," Jahren"],"other":["in ",{"t":"idOrVar","v":"value"}," Jahren"]},"$x":[{"t":"idOrVar","v":"plural"},"value"]},{"$i":"minutes-ago-short","$v":{"zero":"jetzt","other":["vor ",{"t":"idOrVar","v":"value"}," m"]},"$x":[{"t":"idOrVar","v":"plural"},"value"]},{"$i":"hours-ago-short","$v":{"zero":"jetzt","other":["vor ",{"t":"idOrVar","v":"value"}," h"]},"$x":[{"t":"idOrVar","v":"plural"},"value"]},{"$i":"days-ago-short","$v":{"zero":"heute","other":["vor ",{"t":"idOrVar","v":"value"}," d"]},"$x":[{"t":"idOrVar","v":"plural"},"value"]},{"$i":"minutes-until-short","$v":{"zero":"jetzt","other":["in ",{"t":"idOrVar","v":"value"}," m"]},"$x":[{"t":"idOrVar","v":"plural"},"value"]},{"$i":"hours-until-short","$v":{"zero":"jetzt","other":["in ",{"t":"idOrVar","v":"value"}," h"]},"$x":[{"t":"idOrVar","v":"plural"},"value"]},{"$i":"days-until-short","$v":{"zero":"heute","other":["in ",{"t":"idOrVar","v":"value"}," d"]},"$x":[{"t":"idOrVar","v":"plural"},"value"]},{"$i":"incorrectDate","$v":"(ungültiges Datum)"},{"$i":"dateTimeFormat_%c","$v":"%a, %e. %b %Y %H:%M:%S"},{"$i":"dateTimeFormat_%x","$v":"%d.%m.%Y"},{"$i":"dateTimeFormat_%X","$v":"%H:%M:%S"},{"$i":"shortTimeFormat","$v":"%H:%M"},{"$i":"shortTimeFormat12","$v":"%I:%M %p"},{"$i":"shortTimeFormat24","$v":"%H:%M"},{"$i":"shortDateTimeFormat","$v":"%x %H:%M"},{"$i":"weekStartsOnMonday","$v":"1"},{"$i":"firstDayOfTheWeek","$v":"1"},{"$i":"time_am","$v":"AM"},{"$i":"time_pm","$v":"PM"},{"$i":"playbackPlay","ariaLabel":"Play"},{"$i":"playbackPause","ariaLabel":"Pause"},{"$i":"playbackNext","ariaLabel":"Next"},{"$i":"playbackPrevious","ariaLabel":"Previous"},{"$i":"playbackFullscreen","ariaLabel":"Fullscreen"},{"$i":"playbackSeekBar","ariaLabel":["Seek bar, duration ",{"t":"idOrVar","v":"duration"}]}]