[{"$i":"number-selected2","$v":{"zero":"Seleccionar","one":[{"t":"idOrVar","v":"n"}," seleccionada"],"two":[{"t":"idOrVar","v":"n"}," seleccionadas"],"few":[{"t":"idOrVar","v":"n"}," seleccionadas"],"many":[{"t":"idOrVar","v":"n"}," seleccionadas"],"other":[{"t":"idOrVar","v":"n"}," seleccionadas"]},"$x":[{"t":"idOrVar","v":"plural"},"n"]},{"$i":"delete-photo?","$v":"¿Borrar foto?"},{"$i":"delete-video?","$v":"¿Borrar vídeo?"},{"$i":"delete-n-items?","$v":{"zero":"Ninguna seleccionada","one":"¿Borrar elemento seleccionado?","two":["¿Borrar ",{"t":"idOrVar","v":"n"}," elementos?"],"few":["¿Borrar ",{"t":"idOrVar","v":"n"}," elementos?"],"many":["¿Borrar ",{"t":"idOrVar","v":"n"}," elementos?"],"other":["¿Borrar ",{"t":"idOrVar","v":"n"}," elementos?"]},"$x":[{"t":"idOrVar","v":"plural"},"n"]},{"$i":"pickoneimage2","$v":"Seleccionar"},{"$i":"cropimage","$v":"Recortar"},{"$i":"cancel","$v":"Cancelar"},{"$i":"delete","$v":"Borrar"},{"$i":"ok","$v":"Aceptar"},{"$i":"edit","$v":"Editar"},{"$i":"save","$v":"Guardar"},{"$i":"done","$v":"Hecho"},{"$i":"exposure","$v":"Exposición"},{"$i":"crop","$v":"Recortar"},{"$i":"effects","$v":"Efectos"},{"$i":"borders","$v":"Bordes"},{"$i":"enhance-on","$v":"Mejora automática sí"},{"$i":"enhance-off","$v":"Mejora automática no"},{"$i":"apply","$v":"Aplicar"},{"$i":"filters","$v":"Filtros"},{"$i":"original","$v":"Original"},{"$i":"blackandwhite","$v":"B/N"},{"$i":"sepia","$v":"Sepia"},{"$i":"freeform","$v":"Forma libre"},{"$i":"portrait","$v":"Vertical"},{"$i":"landscape","$v":"Horizontal"},{"$i":"square","$v":"Cuadrada"},{"$i":"emptygallery2-title","$v":"No hay fotos ni vídeos"},{"$i":"emptygallery2-text","$v":"Use la aplicación Cámara para comenzar."},{"$i":"emptygallery2-title-pick","$v":"Sin fotos"},{"$i":"nocard3-title","$v":"No hay tarjeta de memoria"},{"$i":"nocard4-text","$v":"Inserte una tarjeta de memoria para usar esta app."},{"$i":"pluggedin2-title","$v":"Tarjeta de memoria en uso"},{"$i":"pluggedin2-text","$v":"Desconecte su teléfono para utilizar esta app."},{"$i":"scanning-title","$v":"Examinando"},{"$i":"scanning-text","$v":"Buscando fotos y videos."},{"$i":"upgrade-title","$v":"Actualización de base de datos"},{"$i":"upgrade-text","$v":"Espere mientras la Galería actualiza su base de datos."},{"$i":"share-noprovider","$v":"No se puede compartir este tipo de archivo de imagen."},{"$i":"memorycardfull","$v":"No se pueden editar las fotos: la tarjeta de memoria está llena."},{"$i":"imagetoobig","$v":"La imagen es demasiado grande para mostrarse en este dispositivo."},{"$i":"imageinvalid","$v":"La imagen no es válida o está dañada y no puede mostrarse."},{"$i":"saved","$v":[{"t":"idOrVar","v":"filename"}," guardado en la Galería"]},{"$i":"edit-copy-saved","$v":"Nueva copia guardada."},{"$i":"overlay-camera-button","$v":"Ir a la aplicación Cámara"},{"$i":"name-label","$v":"Nombre"},{"$i":"size-label","$v":"Tamaño"},{"$i":"image-type-label","$v":"Tipo de imagen"},{"$i":"date-taken-label","$v":"Tomada el"},{"$i":"resolution-label","$v":"Resolución"},{"$i":"close-button","$v":"Cerrar"},{"$i":"byteUnit-B","$v":"Bytes"},{"$i":"byteUnit-KB","$v":"Kb"},{"$i":"byteUnit-MB","$v":"Mb"},{"$i":"byteUnit-GB","$v":"Gb"},{"$i":"gallery","$v":"Galería"},{"$i":"preview","$v":"Previsualizar"},{"$i":"date-group-header","$v":"%B %Y"},{"$i":"videoDescriptionShort","$v":"Vídeo con fecha %I:%B %e %M %p %Y"},{"$i":"imageDescriptionShort","$v":"Imagen con fecha %I:%B %e %M %p %Y"},{"$i":"back-button","ariaLabel":"Atrás"},{"$i":"crop-options","ariaLabel":"Recortar"},{"$i":"crop-revert","ariaLabel":"Revertir"},{"$i":"crop-aspect-free","ariaLabel":"Personalizar proporción"},{"$i":"crop-aspect-portrait","ariaLabel":"Proporción vertical"},{"$i":"crop-aspect-landscape","ariaLabel":"Proporción horizontal"},{"$i":"crop-aspect-square","ariaLabel":"Proporción cuadrada"},{"$i":"effect-options","ariaLabel":"Efecto"},{"$i":"effect-none","ariaLabel":"Ninguno"},{"$i":"effect-bw","ariaLabel":"Blanco y negro"},{"$i":"effect-sepia","ariaLabel":"Sepia"},{"$i":"effect-bluesteel","ariaLabel":"Acero azul"},{"$i":"effect-faded","ariaLabel":"Degradado"},{"$i":"exposure-button","ariaLabel":"Exposición"},{"$i":"crop-button","ariaLabel":"Recortar"},{"$i":"effect-button","ariaLabel":"Efectos"},{"$i":"enhance-button","ariaLabel":"Realzar"},{"$i":"camera-button","ariaLabel":"Cámara"},{"$i":"select-multiple-button","ariaLabel":"Selección múltiple"},{"$i":"edit-button","ariaLabel":"Editar"},{"$i":"share-button","ariaLabel":"Compartir"},{"$i":"info-button","ariaLabel":"Información"},{"$i":"delete-button","ariaLabel":"Borrar"},{"$i":"editImagePreview","ariaLabel":"Editar vista previa"},{"$i":"weekday-0-long","$v":"Domingo"},{"$i":"weekday-1-long","$v":"Lunes"},{"$i":"weekday-2-long","$v":"Martes"},{"$i":"weekday-3-long","$v":"Miércoles"},{"$i":"weekday-4-long","$v":"Jueves"},{"$i":"weekday-5-long","$v":"Viernes"},{"$i":"weekday-6-long","$v":"Sábado"},{"$i":"weekday-0-short","$v":"Dom"},{"$i":"weekday-1-short","$v":"Lun"},{"$i":"weekday-2-short","$v":"Mar"},{"$i":"weekday-3-short","$v":"Mié"},{"$i":"weekday-4-short","$v":"Jue"},{"$i":"weekday-5-short","$v":"Vie"},{"$i":"weekday-6-short","$v":"Sáb"},{"$i":"month-0-long","$v":"enero"},{"$i":"month-1-long","$v":"febrero"},{"$i":"month-2-long","$v":"marzo"},{"$i":"month-3-long","$v":"abril"},{"$i":"month-4-long","$v":"mayo"},{"$i":"month-5-long","$v":"junio"},{"$i":"month-6-long","$v":"julio"},{"$i":"month-7-long","$v":"agosto"},{"$i":"month-8-long","$v":"septiembre"},{"$i":"month-9-long","$v":"octubre"},{"$i":"month-10-long","$v":"noviembre"},{"$i":"month-11-long","$v":"diciembre"},{"$i":"month-0-genitive","$v":"enero"},{"$i":"month-1-genitive","$v":"febrero"},{"$i":"month-2-genitive","$v":"marzo"},{"$i":"month-3-genitive","$v":"abril"},{"$i":"month-4-genitive","$v":"mayo"},{"$i":"month-5-genitive","$v":"junio"},{"$i":"month-6-genitive","$v":"julio"},{"$i":"month-7-genitive","$v":"agosto"},{"$i":"month-8-genitive","$v":"septiembre"},{"$i":"month-9-genitive","$v":"octubre"},{"$i":"month-10-genitive","$v":"noviembre"},{"$i":"month-11-genitive","$v":"diciembre"},{"$i":"month-0-short","$v":"ene"},{"$i":"month-1-short","$v":"feb"},{"$i":"month-2-short","$v":"mar"},{"$i":"month-3-short","$v":"abr"},{"$i":"month-4-short","$v":"may"},{"$i":"month-5-short","$v":"jun"},{"$i":"month-6-short","$v":"jul"},{"$i":"month-7-short","$v":"ago"},{"$i":"month-8-short","$v":"sep"},{"$i":"month-9-short","$v":"oct"},{"$i":"month-10-short","$v":"nov"},{"$i":"month-11-short","$v":"dic"},{"$i":"minutes-ago-long","$v":{"zero":"ahora","one":"hace un minuto","two":["hace ",{"t":"idOrVar","v":"value"}," minutos"],"few":["hace ",{"t":"idOrVar","v":"value"}," minutos"],"many":["hace ",{"t":"idOrVar","v":"value"}," minutos"],"other":["hace ",{"t":"idOrVar","v":"value"}," minutos"]},"$x":[{"t":"idOrVar","v":"plural"},"value"]},{"$i":"hours-ago-long","$v":{"zero":"ahora","one":"hace una hora","two":["hace ",{"t":"idOrVar","v":"value"}," horas"],"few":["hace ",{"t":"idOrVar","v":"value"}," horas"],"many":["hace ",{"t":"idOrVar","v":"value"}," horas"],"other":["hace ",{"t":"idOrVar","v":"value"}," horas"]},"$x":[{"t":"idOrVar","v":"plural"},"value"]},{"$i":"days-ago-long","$v":{"zero":"hoy","one":"ayer","two":["hace ",{"t":"idOrVar","v":"value"}," días"],"few":["hace ",{"t":"idOrVar","v":"value"}," días"],"many":["hace ",{"t":"idOrVar","v":"value"}," días"],"other":["hace ",{"t":"idOrVar","v":"value"}," días"]},"$x":[{"t":"idOrVar","v":"plural"},"value"]},{"$i":"weeks-ago-long","$v":{"zero":"esta semana","one":"la semana pasada","two":["hace ",{"t":"idOrVar","v":"value"}," semanas"],"few":["hace ",{"t":"idOrVar","v":"value"}," semanas"],"many":["hace ",{"t":"idOrVar","v":"value"}," semanas"],"other":["hace ",{"t":"idOrVar","v":"value"}," semanas"]},"$x":[{"t":"idOrVar","v":"plural"},"value"]},{"$i":"months-ago-long","$v":{"zero":"este mes","one":"el último mes","two":["hace ",{"t":"idOrVar","v":"value"}," meses"],"few":["hace ",{"t":"idOrVar","v":"value"}," meses"],"many":["hace ",{"t":"idOrVar","v":"value"}," meses"],"other":["hace ",{"t":"idOrVar","v":"value"}," meses"]},"$x":[{"t":"idOrVar","v":"plural"},"value"]},{"$i":"years-ago-long","$v":{"zero":"este año","one":"último año","two":["hace ",{"t":"idOrVar","v":"value"}," años"],"few":["hace ",{"t":"idOrVar","v":"value"}," años"],"many":["hace ",{"t":"idOrVar","v":"value"}," años"],"other":["hace ",{"t":"idOrVar","v":"value"}," años"]},"$x":[{"t":"idOrVar","v":"plural"},"value"]},{"$i":"minutes-until-long","$v":{"zero":"ahora","one":"en un minuto","two":["en ",{"t":"idOrVar","v":"value"}," minutos"],"few":["en ",{"t":"idOrVar","v":"value"}," minutos"],"many":["en ",{"t":"idOrVar","v":"value"}," minutos"],"other":["en ",{"t":"idOrVar","v":"value"}," minutos"]},"$x":[{"t":"idOrVar","v":"plural"},"value"]},{"$i":"hours-until-long","$v":{"zero":"ahora","one":"en una hora","two":["en ",{"t":"idOrVar","v":"value"}," horas"],"few":["en ",{"t":"idOrVar","v":"value"}," horas"],"many":["en ",{"t":"idOrVar","v":"value"}," horas"],"other":["en ",{"t":"idOrVar","v":"value"}," horas"]},"$x":[{"t":"idOrVar","v":"plural"},"value"]},{"$i":"days-until-long","$v":{"zero":"hoy","one":"mañana","two":["en ",{"t":"idOrVar","v":"value"}," días"],"few":["en ",{"t":"idOrVar","v":"value"}," días"],"many":["en ",{"t":"idOrVar","v":"value"}," días"],"other":["en ",{"t":"idOrVar","v":"value"}," días"]},"$x":[{"t":"idOrVar","v":"plural"},"value"]},{"$i":"weeks-until-long","$v":{"zero":"esta semana","one":"la próxima semana","two":["en ",{"t":"idOrVar","v":"value"}," semanas"],"few":["en ",{"t":"idOrVar","v":"value"}," semanas"],"many":["en ",{"t":"idOrVar","v":"value"}," semanas"],"other":["en ",{"t":"idOrVar","v":"value"}," semanas"]},"$x":[{"t":"idOrVar","v":"plural"},"value"]},{"$i":"months-until-long","$v":{"zero":"este mes","one":"próximo mes","two":["en ",{"t":"idOrVar","v":"value"}," meses"],"few":["en ",{"t":"idOrVar","v":"value"}," meses"],"many":["en ",{"t":"idOrVar","v":"value"}," meses"],"other":["en ",{"t":"idOrVar","v":"value"}," meses"]},"$x":[{"t":"idOrVar","v":"plural"},"value"]},{"$i":"years-until-long","$v":{"zero":"este año","one":"próximo año","two":["en ",{"t":"idOrVar","v":"value"}," años"],"few":["en ",{"t":"idOrVar","v":"value"}," años"],"many":["en ",{"t":"idOrVar","v":"value"}," años"],"other":["en ",{"t":"idOrVar","v":"value"}," años"]},"$x":[{"t":"idOrVar","v":"plural"},"value"]},{"$i":"minutes-ago-short","$v":{"zero":"ahora","other":["hace ",{"t":"idOrVar","v":"value"}," m"]},"$x":[{"t":"idOrVar","v":"plural"},"value"]},{"$i":"hours-ago-short","$v":{"zero":"ahora","other":["hace ",{"t":"idOrVar","v":"value"}," h"]},"$x":[{"t":"idOrVar","v":"plural"},"value"]},{"$i":"days-ago-short","$v":{"zero":"hoy","other":["hace ",{"t":"idOrVar","v":"value"}," d"]},"$x":[{"t":"idOrVar","v":"plural"},"value"]},{"$i":"minutes-until-short","$v":{"zero":"ahora","other":["en ",{"t":"idOrVar","v":"value"}," m"]},"$x":[{"t":"idOrVar","v":"plural"},"value"]},{"$i":"hours-until-short","$v":{"zero":"ahora","other":["en ",{"t":"idOrVar","v":"value"}," h"]},"$x":[{"t":"idOrVar","v":"plural"},"value"]},{"$i":"days-until-short","$v":{"zero":"hoy","other":["en ",{"t":"idOrVar","v":"value"}," d"]},"$x":[{"t":"idOrVar","v":"plural"},"value"]},{"$i":"incorrectDate","$v":"(fecha incorrecta)"},{"$i":"dateTimeFormat_%c","$v":"%a, %e de %b, %Y %H:%M:%S"},{"$i":"dateTimeFormat_%x","$v":"%d/%m/%Y"},{"$i":"dateTimeFormat_%X","$v":"%H:%M:%S"},{"$i":"shortTimeFormat","$v":"%H:%M"},{"$i":"shortTimeFormat12","$v":"%H:%M"},{"$i":"shortTimeFormat24","$v":"%H:%M"},{"$i":"shortDateTimeFormat","$v":"%x %H:%M"},{"$i":"weekStartsOnMonday","$v":"1"},{"$i":"firstDayOfTheWeek","$v":"1"},{"$i":"time_am","$v":"AM"},{"$i":"time_pm","$v":"PM"},{"$i":"playbackPlay","ariaLabel":"Play"},{"$i":"playbackPause","ariaLabel":"Pause"},{"$i":"playbackNext","ariaLabel":"Next"},{"$i":"playbackPrevious","ariaLabel":"Previous"},{"$i":"playbackFullscreen","ariaLabel":"Fullscreen"},{"$i":"playbackSeekBar","ariaLabel":["Seek bar, duration ",{"t":"idOrVar","v":"duration"}]}]