[{"$i":"number-selected2","$v":{"zero":"Hautatu","one":[{"t":"idOrVar","v":"n"}," hautatuta"],"two":[{"t":"idOrVar","v":"n"}," hautatuta"],"few":[{"t":"idOrVar","v":"n"}," hautatuta"],"many":[{"t":"idOrVar","v":"n"}," hautatuta"],"other":[{"t":"idOrVar","v":"n"}," hautatuta"]},"$x":[{"t":"idOrVar","v":"plural"},"n"]},{"$i":"delete-photo?","$v":"Ezabatu argazkia?"},{"$i":"delete-video?","$v":"Ezabatu bideoa?"},{"$i":"delete-n-items?","$v":{"zero":"Ez da ezer hautatu","one":"Ezabatu hautatutako elementua?","two":["Ezabatu ",{"t":"idOrVar","v":"n"}," elementu?"],"few":["Ezabatu ",{"t":"idOrVar","v":"n"}," elementu?"],"many":["Ezabatu ",{"t":"idOrVar","v":"n"}," elementu?"],"other":["Ezabatu ",{"t":"idOrVar","v":"n"}," elementu?"]},"$x":[{"t":"idOrVar","v":"plural"},"n"]},{"$i":"pickoneimage2","$v":"Hautatu"},{"$i":"cropimage","$v":"Moztu"},{"$i":"cancel","$v":"Utzi"},{"$i":"delete","$v":"Ezabatu"},{"$i":"ok","$v":"Ados"},{"$i":"edit","$v":"Editatu"},{"$i":"save","$v":"Gorde"},{"$i":"done","$v":"Eginda"},{"$i":"exposure","$v":"Esposizioa"},{"$i":"crop","$v":"Moztu"},{"$i":"effects","$v":"Efektuak"},{"$i":"borders","$v":"Ertzak"},{"$i":"enhance-on","$v":"Auto-hobetzea aktibo"},{"$i":"enhance-off","$v":"Auto-hobetzea inaktibo"},{"$i":"apply","$v":"Aplikatu"},{"$i":"filters","$v":"Iragazkiak"},{"$i":"original","$v":"Jatorrizkoa"},{"$i":"blackandwhite","$v":"Zuri-beltza"},{"$i":"sepia","$v":"Sepia"},{"$i":"freeform","$v":"Librea"},{"$i":"portrait","$v":"Bertikala"},{"$i":"landscape","$v":"Horizontala"},{"$i":"square","$v":"Karratua"},{"$i":"emptygallery2-title","$v":"Argazki edo bideorik ez"},{"$i":"emptygallery2-text","$v":"Erabili kameraren aplikazioa erabiltzen hasteko."},{"$i":"emptygallery2-title-pick","$v":"Argazkirik ez"},{"$i":"nocard3-title","$v":"Memoria-txartelik ez"},{"$i":"nocard4-text","$v":"Sartu memoria-txartela aplikazio hau erabiltzeko."},{"$i":"pluggedin2-title","$v":"Memoria-txartela erabiltzen ari da"},{"$i":"pluggedin2-text","$v":"Desentxufatu telefonoa aplikazio hau erabiltzeko."},{"$i":"scanning-title","$v":"Eskaneatzen"},{"$i":"scanning-text","$v":"Argazkiak eta bideoak bilatzen."},{"$i":"upgrade-title","$v":"Datu-basearen bertsio-berritzea"},{"$i":"upgrade-text","$v":"Itxaron mesedez galeriak bere datu-basea eguneratzen duen artean."},{"$i":"share-noprovider","$v":"Ezin da irudi-fitxategi mota hau partekatu."},{"$i":"memorycardfull","$v":"Ezin da argazkiarik editatu: memoria-txartela beteta dago."},{"$i":"imagetoobig","$v":"Irudia handiegia da gailu honetan bistaratzeko."},{"$i":"imageinvalid","$v":"Irudia baliogabea da edo hondatuta dago eta ezin da bistaratu."},{"$i":"saved","$v":[{"t":"idOrVar","v":"filename"}," galerian gorde da"]},{"$i":"edit-copy-saved","$v":"Kopia berria gorde da."},{"$i":"overlay-camera-button","$v":"Joan kamerara"},{"$i":"name-label","$v":"Izena"},{"$i":"size-label","$v":"Tamaina"},{"$i":"image-type-label","$v":"Irudi mota"},{"$i":"date-taken-label","$v":"Hartze-data"},{"$i":"resolution-label","$v":"Bereizmena"},{"$i":"close-button","$v":"Itxi"},{"$i":"byteUnit-B","$v":"Byte"},{"$i":"byteUnit-KB","$v":"KB"},{"$i":"byteUnit-MB","$v":"MB"},{"$i":"byteUnit-GB","$v":"GB"},{"$i":"gallery","$v":"Galeria"},{"$i":"preview","$v":"Aurrebista"},{"$i":"date-group-header","$v":"%Y.eko %B"},{"$i":"videoDescriptionShort","$v":"Bideoaren data: %I:%M %p, %Y/%B/%e"},{"$i":"imageDescriptionShort","$v":"Irudiaren data: %I:%M %p, %Y/%B/%e"},{"$i":"back-button","ariaLabel":"Atzera"},{"$i":"crop-options","ariaLabel":"Moztu"},{"$i":"crop-revert","ariaLabel":"Leheneratu"},{"$i":"crop-aspect-free","ariaLabel":"Aspektu-erlazio pertsonalizatua"},{"$i":"crop-aspect-portrait","ariaLabel":"Aspektu-erlazio bertikala"},{"$i":"crop-aspect-landscape","ariaLabel":"Aspektu-erlazio horizontala"},{"$i":"crop-aspect-square","ariaLabel":"Aspektu-erlazio karratua"},{"$i":"effect-options","ariaLabel":"Efektua"},{"$i":"effect-none","ariaLabel":"Bat ere ez"},{"$i":"effect-bw","ariaLabel":"Zuri-beltza"},{"$i":"effect-sepia","ariaLabel":"Sepia"},{"$i":"effect-bluesteel","ariaLabel":"Altzairu urdina"},{"$i":"effect-faded","ariaLabel":"Itzaldua"},{"$i":"exposure-button","ariaLabel":"Esposizioa"},{"$i":"crop-button","ariaLabel":"Moztu"},{"$i":"effect-button","ariaLabel":"Efektuak"},{"$i":"enhance-button","ariaLabel":"Hobetu"},{"$i":"camera-button","ariaLabel":"Kamera"},{"$i":"select-multiple-button","ariaLabel":"Hautatu hainbat"},{"$i":"edit-button","ariaLabel":"Editatu"},{"$i":"share-button","ariaLabel":"Partekatu"},{"$i":"info-button","ariaLabel":"Informazioa"},{"$i":"delete-button","ariaLabel":"Ezabatu"},{"$i":"editImagePreview","ariaLabel":"Editatu irudiaren aurrebista"},{"$i":"weekday-0-long","$v":"Igandea"},{"$i":"weekday-1-long","$v":"Astelehena"},{"$i":"weekday-2-long","$v":"Asteartea"},{"$i":"weekday-3-long","$v":"Asteazkena"},{"$i":"weekday-4-long","$v":"Osteguna"},{"$i":"weekday-5-long","$v":"Ostirala"},{"$i":"weekday-6-long","$v":"Larunbata"},{"$i":"weekday-0-short","$v":"Ig."},{"$i":"weekday-1-short","$v":"Al."},{"$i":"weekday-2-short","$v":"Ar."},{"$i":"weekday-3-short","$v":"Az."},{"$i":"weekday-4-short","$v":"Og."},{"$i":"weekday-5-short","$v":"Or."},{"$i":"weekday-6-short","$v":"Lr."},{"$i":"month-0-long","$v":"Urtarrila"},{"$i":"month-1-long","$v":"Otsaila"},{"$i":"month-2-long","$v":"Martxoa"},{"$i":"month-3-long","$v":"Apirila"},{"$i":"month-4-long","$v":"Maiatza"},{"$i":"month-5-long","$v":"Ekaina"},{"$i":"month-6-long","$v":"Uztaila"},{"$i":"month-7-long","$v":"Abuztua"},{"$i":"month-8-long","$v":"Iraila"},{"$i":"month-9-long","$v":"Urria"},{"$i":"month-10-long","$v":"Azaroa"},{"$i":"month-11-long","$v":"Abendua"},{"$i":"month-0-genitive","$v":"Urtarrilaren"},{"$i":"month-1-genitive","$v":"Otsailaren"},{"$i":"month-2-genitive","$v":"Martxoaren"},{"$i":"month-3-genitive","$v":"Apirilaren"},{"$i":"month-4-genitive","$v":"Maiatzaren"},{"$i":"month-5-genitive","$v":"Ekainaren"},{"$i":"month-6-genitive","$v":"Uztailaren"},{"$i":"month-7-genitive","$v":"Abuztuaren"},{"$i":"month-8-genitive","$v":"Irailaren"},{"$i":"month-9-genitive","$v":"Urriaren"},{"$i":"month-10-genitive","$v":"Azaroaren"},{"$i":"month-11-genitive","$v":"Abenduaren"},{"$i":"month-0-short","$v":"urt."},{"$i":"month-1-short","$v":"ots."},{"$i":"month-2-short","$v":"mar."},{"$i":"month-3-short","$v":"api."},{"$i":"month-4-short","$v":"mai."},{"$i":"month-5-short","$v":"eka."},{"$i":"month-6-short","$v":"uzt."},{"$i":"month-7-short","$v":"abu."},{"$i":"month-8-short","$v":"ira."},{"$i":"month-9-short","$v":"urr."},{"$i":"month-10-short","$v":"aza."},{"$i":"month-11-short","$v":"abe."},{"$i":"minutes-ago-long","$v":{"zero":"orain","one":"duela minutu bat","two":["duela ",{"t":"idOrVar","v":"value"}," minutu"],"few":["duela ",{"t":"idOrVar","v":"value"}," minutu"],"many":["duela ",{"t":"idOrVar","v":"value"}," minutu"],"other":["duela ",{"t":"idOrVar","v":"value"}," minutu"]},"$x":[{"t":"idOrVar","v":"plural"},"value"]},{"$i":"hours-ago-long","$v":{"zero":"orain","one":"duela ordubete","two":["duela ",{"t":"idOrVar","v":"value"}," ordu"],"few":["duela ",{"t":"idOrVar","v":"value"}," ordu"],"many":["duela ",{"t":"idOrVar","v":"value"}," ordu"],"other":["duela ",{"t":"idOrVar","v":"value"}," ordu"]},"$x":[{"t":"idOrVar","v":"plural"},"value"]},{"$i":"days-ago-long","$v":{"zero":"gaur","one":"atzo","two":"herenegun","few":["duela ",{"t":"idOrVar","v":"value"}," egun"],"many":["duela ",{"t":"idOrVar","v":"value"}," egun"],"other":["duela ",{"t":"idOrVar","v":"value"}," egun"]},"$x":[{"t":"idOrVar","v":"plural"},"value"]},{"$i":"weeks-ago-long","$v":{"zero":"aste honetan","one":"azken astean","two":["duela ",{"t":"idOrVar","v":"value"}," aste"],"few":["duela ",{"t":"idOrVar","v":"value"}," aste"],"many":["duela ",{"t":"idOrVar","v":"value"}," aste"],"other":["duela ",{"t":"idOrVar","v":"value"}," aste"]},"$x":[{"t":"idOrVar","v":"plural"},"value"]},{"$i":"months-ago-long","$v":{"zero":"hilabete honetan","one":"azken hilabetean","two":["duela ",{"t":"idOrVar","v":"value"}," hilabete"],"few":["duela ",{"t":"idOrVar","v":"value"}," hilabete"],"many":["duela ",{"t":"idOrVar","v":"value"}," hilabete"],"other":["duela ",{"t":"idOrVar","v":"value"}," hilabete"]},"$x":[{"t":"idOrVar","v":"plural"},"value"]},{"$i":"years-ago-long","$v":{"zero":"aurten","one":"iaz","two":["duela ",{"t":"idOrVar","v":"value"}," urte"],"few":["duela ",{"t":"idOrVar","v":"value"}," urte"],"many":["duela ",{"t":"idOrVar","v":"value"}," urte"],"other":["duela ",{"t":"idOrVar","v":"value"}," urte"]},"$x":[{"t":"idOrVar","v":"plural"},"value"]},{"$i":"minutes-until-long","$v":{"zero":"orain","one":"minutu barru","two":[{"t":"idOrVar","v":"value"}," minutu barru"],"few":[{"t":"idOrVar","v":"value"}," minutu barru"],"many":[{"t":"idOrVar","v":"value"}," minutu barru"],"other":[{"t":"idOrVar","v":"value"}," minutu barru"]},"$x":[{"t":"idOrVar","v":"plural"},"value"]},{"$i":"hours-until-long","$v":{"zero":"orain","one":"ordubete barru","two":[{"t":"idOrVar","v":"value"}," ordu barru"],"few":[{"t":"idOrVar","v":"value"}," ordu barru"],"many":[{"t":"idOrVar","v":"value"}," ordu barru"],"other":[{"t":"idOrVar","v":"value"}," ordu barru"]},"$x":[{"t":"idOrVar","v":"plural"},"value"]},{"$i":"days-until-long","$v":{"zero":"gaur","one":"bihar","two":"etzi","few":[{"t":"idOrVar","v":"value"}," egun barru"],"many":[{"t":"idOrVar","v":"value"}," egun barru"],"other":[{"t":"idOrVar","v":"value"}," egun barru"]},"$x":[{"t":"idOrVar","v":"plural"},"value"]},{"$i":"weeks-until-long","$v":{"zero":"aste honetan","one":"hurrengo astean","two":[{"t":"idOrVar","v":"value"}," aste barru"],"few":[{"t":"idOrVar","v":"value"}," aste barru"],"many":[{"t":"idOrVar","v":"value"}," aste barru"],"other":[{"t":"idOrVar","v":"value"}," aste barru"]},"$x":[{"t":"idOrVar","v":"plural"},"value"]},{"$i":"months-until-long","$v":{"zero":"hil honetan","one":"hurrengo hilean","two":[{"t":"idOrVar","v":"value"}," hilabete barru"],"few":[{"t":"idOrVar","v":"value"}," hilabete barru"],"many":[{"t":"idOrVar","v":"value"}," hilabete barru"],"other":[{"t":"idOrVar","v":"value"}," hilabete barru"]},"$x":[{"t":"idOrVar","v":"plural"},"value"]},{"$i":"years-until-long","$v":{"zero":"aurten","one":"hurrengo urtean","two":[{"t":"idOrVar","v":"value"}," urte barru"],"few":[{"t":"idOrVar","v":"value"}," urte barru"],"many":[{"t":"idOrVar","v":"value"}," urte barru"],"other":[{"t":"idOrVar","v":"value"}," urte barru"]},"$x":[{"t":"idOrVar","v":"plural"},"value"]},{"$i":"minutes-ago-short","$v":{"zero":"orain","other":["duela ",{"t":"idOrVar","v":"value"},"m"]},"$x":[{"t":"idOrVar","v":"plural"},"value"]},{"$i":"hours-ago-short","$v":{"zero":"orain","other":["duela ",{"t":"idOrVar","v":"value"},"h"]},"$x":[{"t":"idOrVar","v":"plural"},"value"]},{"$i":"days-ago-short","$v":{"zero":"gaur","other":["duela ",{"t":"idOrVar","v":"value"},"eg."]},"$x":[{"t":"idOrVar","v":"plural"},"value"]},{"$i":"minutes-until-short","$v":{"zero":"orain","other":[{"t":"idOrVar","v":"value"},"m barru"]},"$x":[{"t":"idOrVar","v":"plural"},"value"]},{"$i":"hours-until-short","$v":{"zero":"orain","other":[{"t":"idOrVar","v":"value"},"h barru"]},"$x":[{"t":"idOrVar","v":"plural"},"value"]},{"$i":"days-until-short","$v":{"zero":"gaur","other":[{"t":"idOrVar","v":"value"},"eg. barru"]},"$x":[{"t":"idOrVar","v":"plural"},"value"]},{"$i":"incorrectDate","$v":"(data okerra)"},{"$i":"dateTimeFormat_%c","$v":"%a, %Y.eko %Bren %ea %H:%M:%S"},{"$i":"dateTimeFormat_%x","$v":"%Y/%m/%d"},{"$i":"dateTimeFormat_%X","$v":"%H:%M:%S"},{"$i":"shortTimeFormat","$v":"%I:%M %p"},{"$i":"shortTimeFormat12","$v":"%I:%M %p"},{"$i":"shortTimeFormat24","$v":"%H:%M"},{"$i":"shortDateTimeFormat","$v":"%x %H:%M"},{"$i":"weekStartsOnMonday","$v":"1"},{"$i":"firstDayOfTheWeek","$v":"1"},{"$i":"time_am","$v":"AM"},{"$i":"time_pm","$v":"PM"},{"$i":"playbackPlay","ariaLabel":"Play"},{"$i":"playbackPause","ariaLabel":"Pause"},{"$i":"playbackNext","ariaLabel":"Next"},{"$i":"playbackPrevious","ariaLabel":"Previous"},{"$i":"playbackFullscreen","ariaLabel":"Fullscreen"},{"$i":"playbackSeekBar","ariaLabel":["Seek bar, duration ",{"t":"idOrVar","v":"duration"}]}]