[{"$i":"number-selected2","$v":{"zero":"Seleziona","one":[{"t":"idOrVar","v":"n"}," selezionato"],"two":[{"t":"idOrVar","v":"n"}," selezionati"],"few":[{"t":"idOrVar","v":"n"}," selezionati"],"many":[{"t":"idOrVar","v":"n"}," selezionati"],"other":[{"t":"idOrVar","v":"n"}," selezionati"]},"$x":[{"t":"idOrVar","v":"plural"},"n"]},{"$i":"delete-photo?","$v":"Eliminare questa foto?"},{"$i":"delete-video?","$v":"Eliminare questo video?"},{"$i":"delete-n-items?","$v":{"zero":"Nessun elemento selezionato","one":"Eliminare l’elemento selezionato?","two":["Eliminare ",{"t":"idOrVar","v":"n"}," elementi?"],"few":["Eliminare ",{"t":"idOrVar","v":"n"}," elementi?"],"many":["Eliminare ",{"t":"idOrVar","v":"n"}," elementi?"],"other":["Eliminare ",{"t":"idOrVar","v":"n"}," elementi?"]},"$x":[{"t":"idOrVar","v":"plural"},"n"]},{"$i":"pickoneimage2","$v":"Seleziona"},{"$i":"cropimage","$v":"Ritaglia"},{"$i":"cancel","$v":"Annulla"},{"$i":"delete","$v":"Elimina"},{"$i":"ok","$v":"OK"},{"$i":"edit","$v":"Modifica"},{"$i":"save","$v":"Salva"},{"$i":"done","$v":"Fine"},{"$i":"exposure","$v":"Esposizione"},{"$i":"crop","$v":"Ritaglia"},{"$i":"effects","$v":"Effetti"},{"$i":"borders","$v":"Bordi"},{"$i":"enhance-on","$v":"Correz. automatica attiva"},{"$i":"enhance-off","$v":"Correz. automatica disattivata"},{"$i":"apply","$v":"Applica"},{"$i":"filters","$v":"Filtri"},{"$i":"original","$v":"Originale"},{"$i":"blackandwhite","$v":"Bianco e nero"},{"$i":"sepia","$v":"Seppia"},{"$i":"freeform","$v":"A mano libera"},{"$i":"portrait","$v":"Ritratto"},{"$i":"landscape","$v":"Panorama"},{"$i":"square","$v":"Quadrato"},{"$i":"emptygallery2-title","$v":"Nessuna foto o video"},{"$i":"emptygallery2-text","$v":"Utilizza l’applicazione Fotocamera per iniziare."},{"$i":"emptygallery2-title-pick","$v":"Nessuna foto"},{"$i":"nocard3-title","$v":"Nessuna scheda di memoria"},{"$i":"nocard4-text","$v":"Inserire una scheda di memoria per utilizzare questa applicazione."},{"$i":"pluggedin2-title","$v":"Scheda di memoria in uso"},{"$i":"pluggedin2-text","$v":"Scollegare il telefono per utilizzare questa app."},{"$i":"scanning-title","$v":"Scansione"},{"$i":"scanning-text","$v":"Ricerca di foto e video."},{"$i":"upgrade-title","$v":"Aggiornamento database"},{"$i":"upgrade-text","$v":"Attendere l’aggiornamento del database per Galleria."},{"$i":"share-noprovider","$v":"Impossibile condividere questo tipo di file immagine."},{"$i":"memorycardfull","$v":"Impossibile modificare le foto: la scheda di memoria è piena."},{"$i":"imagetoobig","$v":"L’immagine è troppo grande e non può essere visualizzata su questo dispositivo."},{"$i":"imageinvalid","$v":"L’immagine è danneggiata o non valida e non può essere visualizzata."},{"$i":"saved","$v":[{"t":"idOrVar","v":"filename"}," salvato in Galleria"]},{"$i":"edit-copy-saved","$v":"Salvata nuova copia"},{"$i":"overlay-camera-button","$v":"Vai a Fotocamera"},{"$i":"name-label","$v":"Nome"},{"$i":"size-label","$v":"Dimensione"},{"$i":"image-type-label","$v":"Formato"},{"$i":"date-taken-label","$v":"Data creazione"},{"$i":"resolution-label","$v":"Risoluzione"},{"$i":"close-button","$v":"Chiudi"},{"$i":"byteUnit-B","$v":"Byte"},{"$i":"byteUnit-KB","$v":"kB"},{"$i":"byteUnit-MB","$v":"MB"},{"$i":"byteUnit-GB","$v":"GB"},{"$i":"gallery","$v":"Galleria"},{"$i":"preview","$v":"Anteprima"},{"$i":"date-group-header","$v":"%B %Y"},{"$i":"videoDescriptionShort","$v":"Video creato alle %H:%M del %e %B %Y"},{"$i":"imageDescriptionShort","$v":"Immagine creata alle %H:%M del %e %B %Y"},{"$i":"back-button","ariaLabel":"Indietro"},{"$i":"crop-options","ariaLabel":"Ritaglia"},{"$i":"crop-revert","ariaLabel":"Ripristina"},{"$i":"crop-aspect-free","ariaLabel":"Proporzioni personalizzate"},{"$i":"crop-aspect-portrait","ariaLabel":"Proporzioni panorama"},{"$i":"crop-aspect-landscape","ariaLabel":"Proporzioni ritratto"},{"$i":"crop-aspect-square","ariaLabel":"Proporzioni quadrato"},{"$i":"effect-options","ariaLabel":"Effetti"},{"$i":"effect-none","ariaLabel":"Nessuno"},{"$i":"effect-bw","ariaLabel":"Bianco e nero"},{"$i":"effect-sepia","ariaLabel":"Seppia"},{"$i":"effect-bluesteel","ariaLabel":"Acciao"},{"$i":"effect-faded","ariaLabel":"Sbiadito"},{"$i":"exposure-button","ariaLabel":"Esposizione"},{"$i":"crop-button","ariaLabel":"Ritaglia"},{"$i":"effect-button","ariaLabel":"Effetti"},{"$i":"enhance-button","ariaLabel":"Migliora"},{"$i":"camera-button","ariaLabel":"Fotocamera"},{"$i":"select-multiple-button","ariaLabel":"Selezione multipla"},{"$i":"edit-button","ariaLabel":"Modifica"},{"$i":"share-button","ariaLabel":"Condividi"},{"$i":"info-button","ariaLabel":"Informazioni"},{"$i":"delete-button","ariaLabel":"Elimina"},{"$i":"editImagePreview","ariaLabel":"Modifica anteprima immagine"},{"$i":"weekday-0-long","$v":"domenica"},{"$i":"weekday-1-long","$v":"lunedì"},{"$i":"weekday-2-long","$v":"martedì"},{"$i":"weekday-3-long","$v":"mercoledì"},{"$i":"weekday-4-long","$v":"giovedì"},{"$i":"weekday-5-long","$v":"venerdì"},{"$i":"weekday-6-long","$v":"sabato"},{"$i":"weekday-0-short","$v":"dom"},{"$i":"weekday-1-short","$v":"lun"},{"$i":"weekday-2-short","$v":"mar"},{"$i":"weekday-3-short","$v":"mer"},{"$i":"weekday-4-short","$v":"gio"},{"$i":"weekday-5-short","$v":"ven"},{"$i":"weekday-6-short","$v":"sab"},{"$i":"month-0-long","$v":"gennaio"},{"$i":"month-1-long","$v":"febbraio"},{"$i":"month-2-long","$v":"marzo"},{"$i":"month-3-long","$v":"aprile"},{"$i":"month-4-long","$v":"maggio"},{"$i":"month-5-long","$v":"giugno"},{"$i":"month-6-long","$v":"luglio"},{"$i":"month-7-long","$v":"agosto"},{"$i":"month-8-long","$v":"settembre"},{"$i":"month-9-long","$v":"ottobre"},{"$i":"month-10-long","$v":"novembre"},{"$i":"month-11-long","$v":"dicembre"},{"$i":"month-0-genitive","$v":"gennaio"},{"$i":"month-1-genitive","$v":"febbraio"},{"$i":"month-2-genitive","$v":"marzo"},{"$i":"month-3-genitive","$v":"aprile"},{"$i":"month-4-genitive","$v":"maggio"},{"$i":"month-5-genitive","$v":"giugno"},{"$i":"month-6-genitive","$v":"luglio"},{"$i":"month-7-genitive","$v":"agosto"},{"$i":"month-8-genitive","$v":"settembre"},{"$i":"month-9-genitive","$v":"ottobre"},{"$i":"month-10-genitive","$v":"novembre"},{"$i":"month-11-genitive","$v":"dicembre"},{"$i":"month-0-short","$v":"gen"},{"$i":"month-1-short","$v":"feb"},{"$i":"month-2-short","$v":"mar"},{"$i":"month-3-short","$v":"apr"},{"$i":"month-4-short","$v":"mag"},{"$i":"month-5-short","$v":"giu"},{"$i":"month-6-short","$v":"lug"},{"$i":"month-7-short","$v":"ago"},{"$i":"month-8-short","$v":"set"},{"$i":"month-9-short","$v":"ott"},{"$i":"month-10-short","$v":"nov"},{"$i":"month-11-short","$v":"dic"},{"$i":"minutes-ago-long","$v":{"zero":"adesso","one":"un minuto fa","two":[{"t":"idOrVar","v":"value"}," minuti fa"],"few":[{"t":"idOrVar","v":"value"}," minuti fa"],"many":[{"t":"idOrVar","v":"value"}," minuti fa"],"other":[{"t":"idOrVar","v":"value"}," minuti fa"]},"$x":[{"t":"idOrVar","v":"plural"},"value"]},{"$i":"hours-ago-long","$v":{"zero":"adesso","one":"un’ora fa","two":[{"t":"idOrVar","v":"value"}," ore fa"],"few":[{"t":"idOrVar","v":"value"}," ore fa"],"many":[{"t":"idOrVar","v":"value"}," ore fa"],"other":[{"t":"idOrVar","v":"value"}," ore fa"]},"$x":[{"t":"idOrVar","v":"plural"},"value"]},{"$i":"days-ago-long","$v":{"zero":"oggi","one":"ieri","two":[{"t":"idOrVar","v":"value"}," giorni fa"],"few":[{"t":"idOrVar","v":"value"}," giorni fa"],"many":[{"t":"idOrVar","v":"value"}," giorni fa"],"other":[{"t":"idOrVar","v":"value"}," giorni fa"]},"$x":[{"t":"idOrVar","v":"plural"},"value"]},{"$i":"weeks-ago-long","$v":{"zero":"questa settimana","one":"settimana scorsa","two":[{"t":"idOrVar","v":"value"}," settimane fa"],"few":[{"t":"idOrVar","v":"value"}," settimane fa"],"many":[{"t":"idOrVar","v":"value"}," settimane fa"],"other":[{"t":"idOrVar","v":"value"}," settimane fa"]},"$x":[{"t":"idOrVar","v":"plural"},"value"]},{"$i":"months-ago-long","$v":{"zero":"questo mese","one":"mese scorso","two":[{"t":"idOrVar","v":"value"}," mesi fa"],"few":[{"t":"idOrVar","v":"value"}," mesi fa"],"many":[{"t":"idOrVar","v":"value"}," mesi fa"],"other":[{"t":"idOrVar","v":"value"}," mesi fa"]},"$x":[{"t":"idOrVar","v":"plural"},"value"]},{"$i":"years-ago-long","$v":{"zero":"quest’anno","one":"anno scorso","two":[{"t":"idOrVar","v":"value"}," anni fa"],"few":[{"t":"idOrVar","v":"value"}," anni fa"],"many":[{"t":"idOrVar","v":"value"}," anni fa"],"other":[{"t":"idOrVar","v":"value"}," anni fa"]},"$x":[{"t":"idOrVar","v":"plural"},"value"]},{"$i":"minutes-until-long","$v":{"zero":"adesso","one":"tra un minuto","two":["tra ",{"t":"idOrVar","v":"value"}," minuti"],"few":["tra ",{"t":"idOrVar","v":"value"}," minuti"],"many":["tra ",{"t":"idOrVar","v":"value"}," minuti"],"other":["tra ",{"t":"idOrVar","v":"value"}," minuti"]},"$x":[{"t":"idOrVar","v":"plural"},"value"]},{"$i":"hours-until-long","$v":{"zero":"adesso","one":"tra un’ora","two":["tra ",{"t":"idOrVar","v":"value"}," ore"],"few":["tra ",{"t":"idOrVar","v":"value"}," ore"],"many":["tra ",{"t":"idOrVar","v":"value"}," ore"],"other":["tra ",{"t":"idOrVar","v":"value"}," ore"]},"$x":[{"t":"idOrVar","v":"plural"},"value"]},{"$i":"days-until-long","$v":{"zero":"oggi","one":"domani","two":["tra ",{"t":"idOrVar","v":"value"}," giorni"],"few":["tra ",{"t":"idOrVar","v":"value"}," giorni"],"many":["tra ",{"t":"idOrVar","v":"value"}," giorni"],"other":["tra ",{"t":"idOrVar","v":"value"}," giorni"]},"$x":[{"t":"idOrVar","v":"plural"},"value"]},{"$i":"weeks-until-long","$v":{"zero":"questa settimana","one":"prossima settimana","two":["tra ",{"t":"idOrVar","v":"value"}," settimane"],"few":["tra ",{"t":"idOrVar","v":"value"}," settimane"],"many":["tra ",{"t":"idOrVar","v":"value"}," settimane"],"other":["tra ",{"t":"idOrVar","v":"value"}," settimane"]},"$x":[{"t":"idOrVar","v":"plural"},"value"]},{"$i":"months-until-long","$v":{"zero":"questo mese","one":"prossimo mese","two":["in ",{"t":"idOrVar","v":"value"}," mesi"],"few":["tra ",{"t":"idOrVar","v":"value"}," mesi"],"many":["tra ",{"t":"idOrVar","v":"value"}," mesi"],"other":["in ",{"t":"idOrVar","v":"value"}," mesi"]},"$x":[{"t":"idOrVar","v":"plural"},"value"]},{"$i":"years-until-long","$v":{"zero":"quest’anno","one":"prossimo anno","two":["tra ",{"t":"idOrVar","v":"value"}," anni"],"few":["tra ",{"t":"idOrVar","v":"value"}," anni"],"many":["tra ",{"t":"idOrVar","v":"value"}," anni"],"other":["tra ",{"t":"idOrVar","v":"value"}," anni"]},"$x":[{"t":"idOrVar","v":"plural"},"value"]},{"$i":"minutes-ago-short","$v":{"zero":"adesso","other":[{"t":"idOrVar","v":"value"},"m fa"]},"$x":[{"t":"idOrVar","v":"plural"},"value"]},{"$i":"hours-ago-short","$v":{"zero":"adesso","other":[{"t":"idOrVar","v":"value"},"h fa"]},"$x":[{"t":"idOrVar","v":"plural"},"value"]},{"$i":"days-ago-short","$v":{"zero":"oggi","other":[{"t":"idOrVar","v":"value"},"g fa"]},"$x":[{"t":"idOrVar","v":"plural"},"value"]},{"$i":"minutes-until-short","$v":{"zero":"adesso","other":["tra ",{"t":"idOrVar","v":"value"},"m"]},"$x":[{"t":"idOrVar","v":"plural"},"value"]},{"$i":"hours-until-short","$v":{"zero":"adesso","other":["tra ",{"t":"idOrVar","v":"value"},"h"]},"$x":[{"t":"idOrVar","v":"plural"},"value"]},{"$i":"days-until-short","$v":{"zero":"oggi","other":["tra ",{"t":"idOrVar","v":"value"},"g"]},"$x":[{"t":"idOrVar","v":"plural"},"value"]},{"$i":"incorrectDate","$v":"(data errata)"},{"$i":"dateTimeFormat_%c","$v":"%a %e %b %Y %H:%M:%S"},{"$i":"dateTimeFormat_%x","$v":"%d/%m/%Y"},{"$i":"dateTimeFormat_%X","$v":"%H:%M:%S"},{"$i":"shortTimeFormat","$v":"%H:%M"},{"$i":"shortTimeFormat12","$v":"%I:%M %p"},{"$i":"shortTimeFormat24","$v":"%H:%M"},{"$i":"shortDateTimeFormat","$v":"%x %H:%M"},{"$i":"weekStartsOnMonday","$v":"1"},{"$i":"firstDayOfTheWeek","$v":"1"},{"$i":"time_am","$v":"AM"},{"$i":"time_pm","$v":"PM"},{"$i":"playbackPlay","ariaLabel":"Avvia riproduzione"},{"$i":"playbackPause","ariaLabel":"Metti in pausa"},{"$i":"playbackNext","ariaLabel":"Next"},{"$i":"playbackPrevious","ariaLabel":"Previous"},{"$i":"playbackFullscreen","ariaLabel":"Schermo intero"},{"$i":"playbackSeekBar","ariaLabel":["Barra di ricerca, durata ",{"t":"idOrVar","v":"duration"}]}]