[{"$i":"number-selected2","$v":{"zero":"選択してください","one":[{"t":"idOrVar","v":"n"}," 件選択"],"two":[{"t":"idOrVar","v":"n"}," 件選択"],"few":[{"t":"idOrVar","v":"n"}," 件選択"],"many":[{"t":"idOrVar","v":"n"}," 件選択"],"other":[{"t":"idOrVar","v":"n"}," 件選択"]},"$x":[{"t":"idOrVar","v":"plural"},"n"]},{"$i":"delete-photo?","$v":"写真を削除しますか？"},{"$i":"delete-video?","$v":"動画を削除しますか？"},{"$i":"delete-n-items?","$v":{"zero":"選択なし","one":"選択したアイテムを削除しますか？","two":[{"t":"idOrVar","v":"n"}," 件のアイテムを削除しますか？"],"few":[{"t":"idOrVar","v":"n"}," 件のアイテムを削除しますか？"],"many":[{"t":"idOrVar","v":"n"}," 件のアイテムを削除しますか？"],"other":[{"t":"idOrVar","v":"n"}," 件のアイテムを削除しますか？"]},"$x":[{"t":"idOrVar","v":"plural"},"n"]},{"$i":"pickoneimage2","$v":"選択"},{"$i":"cropimage","$v":"切り抜き"},{"$i":"cancel","$v":"キャンセル"},{"$i":"delete","$v":"削除"},{"$i":"ok","$v":"OK"},{"$i":"edit","$v":"編集"},{"$i":"save","$v":"保存"},{"$i":"done","$v":"完了"},{"$i":"exposure","$v":"露出"},{"$i":"crop","$v":"切り抜き"},{"$i":"effects","$v":"効果"},{"$i":"borders","$v":"枠線"},{"$i":"enhance-on","$v":"自動色調補正 ON"},{"$i":"enhance-off","$v":"自動色調補正 OFF"},{"$i":"apply","$v":"適用"},{"$i":"filters","$v":"フィルタ"},{"$i":"original","$v":"オリジナル"},{"$i":"blackandwhite","$v":"白黒"},{"$i":"sepia","$v":"セピア"},{"$i":"freeform","$v":"自由変形"},{"$i":"portrait","$v":"縦長"},{"$i":"landscape","$v":"横長"},{"$i":"square","$v":"正方形"},{"$i":"emptygallery2-title","$v":"写真または動画がありません"},{"$i":"emptygallery2-text","$v":"カメラアプリで写真を撮影してください。"},{"$i":"emptygallery2-title-pick","$v":"写真がありません"},{"$i":"nocard3-title","$v":"メモリーカードがありません"},{"$i":"nocard4-text","$v":"このアプリを使うにはメモリーカードを挿入してください。"},{"$i":"pluggedin2-title","$v":"メモリーカードが使用中です"},{"$i":"pluggedin2-text","$v":"このアプリを使うにはケーブルを抜いてください。"},{"$i":"scanning-title","$v":"スキャン中"},{"$i":"scanning-text","$v":"写真と動画を探しています。"},{"$i":"upgrade-title","$v":"データベースのアップグレード"},{"$i":"upgrade-text","$v":"ギャラリーのデータベースを更新しています。しばらくお待ちください。"},{"$i":"share-noprovider","$v":"この形式の画像ファイルは共有できません。"},{"$i":"memorycardfull","$v":"写真を編集できません: メモリーカードの空き容量が不足しています。"},{"$i":"imagetoobig","$v":"画像サイズがこの端末で表示するには大きすぎます。"},{"$i":"imageinvalid","$v":"画像ファイルが正しくないか壊れているため表示できませんでした。"},{"$i":"saved","$v":[{"t":"idOrVar","v":"filename"}," をギャラリーに保存しました"]},{"$i":"edit-copy-saved","$v":"コピーを新規保存しました。"},{"$i":"overlay-camera-button","$v":"カメラアプリへ移動"},{"$i":"name-label","$v":"タイトル"},{"$i":"size-label","$v":"サイズ"},{"$i":"image-type-label","$v":"画像形式"},{"$i":"date-taken-label","$v":"撮影日"},{"$i":"resolution-label","$v":"解像度"},{"$i":"close-button","$v":"閉じる"},{"$i":"byteUnit-B","$v":"Bytes"},{"$i":"byteUnit-KB","$v":"KB"},{"$i":"byteUnit-MB","$v":"MB"},{"$i":"byteUnit-GB","$v":"GB"},{"$i":"gallery","$v":"ギャラリー"},{"$i":"preview","$v":"プレビュー"},{"$i":"date-group-header","$v":"%Y年%B"},{"$i":"videoDescriptionShort","$v":"Video dated %I:%M %p, %B %e, %Y"},{"$i":"imageDescriptionShort","$v":"Image dated %I:%M %p, %B %e, %Y"},{"$i":"back-button","ariaLabel":"Back"},{"$i":"crop-options","ariaLabel":"Crop"},{"$i":"crop-revert","ariaLabel":"Revert"},{"$i":"crop-aspect-free","ariaLabel":"Custom aspect ratio"},{"$i":"crop-aspect-portrait","ariaLabel":"Portrait aspect ratio"},{"$i":"crop-aspect-landscape","ariaLabel":"Landscape aspect ratio"},{"$i":"crop-aspect-square","ariaLabel":"Square aspect ratio"},{"$i":"effect-options","ariaLabel":"Effect"},{"$i":"effect-none","ariaLabel":"None"},{"$i":"effect-bw","ariaLabel":"Black and white"},{"$i":"effect-sepia","ariaLabel":"Sepia"},{"$i":"effect-bluesteel","ariaLabel":"Blue steel"},{"$i":"effect-faded","ariaLabel":"Faded"},{"$i":"exposure-button","ariaLabel":"Exposure"},{"$i":"crop-button","ariaLabel":"Crop"},{"$i":"effect-button","ariaLabel":"Effects"},{"$i":"enhance-button","ariaLabel":"Enhance"},{"$i":"camera-button","ariaLabel":"Camera"},{"$i":"select-multiple-button","ariaLabel":"Select multiple"},{"$i":"edit-button","ariaLabel":"Edit"},{"$i":"share-button","ariaLabel":"Share"},{"$i":"info-button","ariaLabel":"Information"},{"$i":"delete-button","ariaLabel":"Delete"},{"$i":"editImagePreview","ariaLabel":"Edit image preview"},{"$i":"weekday-0-long","$v":"日曜日"},{"$i":"weekday-1-long","$v":"月曜日"},{"$i":"weekday-2-long","$v":"火曜日"},{"$i":"weekday-3-long","$v":"水曜日"},{"$i":"weekday-4-long","$v":"木曜日"},{"$i":"weekday-5-long","$v":"金曜日"},{"$i":"weekday-6-long","$v":"土曜日"},{"$i":"weekday-0-short","$v":"日"},{"$i":"weekday-1-short","$v":"月"},{"$i":"weekday-2-short","$v":"火"},{"$i":"weekday-3-short","$v":"水"},{"$i":"weekday-4-short","$v":"木"},{"$i":"weekday-5-short","$v":"金"},{"$i":"weekday-6-short","$v":"土"},{"$i":"month-0-long","$v":"1月"},{"$i":"month-1-long","$v":"2月"},{"$i":"month-2-long","$v":"3月"},{"$i":"month-3-long","$v":"4月"},{"$i":"month-4-long","$v":"5月"},{"$i":"month-5-long","$v":"6月"},{"$i":"month-6-long","$v":"7月"},{"$i":"month-7-long","$v":"8月"},{"$i":"month-8-long","$v":"9月"},{"$i":"month-9-long","$v":"10月"},{"$i":"month-10-long","$v":"11月"},{"$i":"month-11-long","$v":"12月"},{"$i":"month-0-genitive","$v":"1月"},{"$i":"month-1-genitive","$v":"2月"},{"$i":"month-2-genitive","$v":"3月"},{"$i":"month-3-genitive","$v":"4月"},{"$i":"month-4-genitive","$v":"5月"},{"$i":"month-5-genitive","$v":"6月"},{"$i":"month-6-genitive","$v":"7月"},{"$i":"month-7-genitive","$v":"8月"},{"$i":"month-8-genitive","$v":"9月"},{"$i":"month-9-genitive","$v":"10月"},{"$i":"month-10-genitive","$v":"11月"},{"$i":"month-11-genitive","$v":"12月"},{"$i":"month-0-short","$v":"1月"},{"$i":"month-1-short","$v":"2月"},{"$i":"month-2-short","$v":"3月"},{"$i":"month-3-short","$v":"4月"},{"$i":"month-4-short","$v":"5月"},{"$i":"month-5-short","$v":"6月"},{"$i":"month-6-short","$v":"7月"},{"$i":"month-7-short","$v":"8月"},{"$i":"month-8-short","$v":"9月"},{"$i":"month-9-short","$v":"10月"},{"$i":"month-10-short","$v":"11月"},{"$i":"month-11-short","$v":"12月"},{"$i":"minutes-ago-long","$v":{"zero":"1分以内","one":"1分前","two":[{"t":"idOrVar","v":"value"},"分前"],"few":[{"t":"idOrVar","v":"value"},"分前"],"many":[{"t":"idOrVar","v":"value"},"分前"],"other":[{"t":"idOrVar","v":"value"},"分前"]},"$x":[{"t":"idOrVar","v":"plural"},"value"]},{"$i":"hours-ago-long","$v":{"zero":"1時間以内","one":"1時間前","two":[{"t":"idOrVar","v":"value"},"時間前"],"few":[{"t":"idOrVar","v":"value"},"時間前"],"many":[{"t":"idOrVar","v":"value"},"時間前"],"other":[{"t":"idOrVar","v":"value"},"時間前"]},"$x":[{"t":"idOrVar","v":"plural"},"value"]},{"$i":"days-ago-long","$v":{"zero":"今日","one":"昨日","two":[{"t":"idOrVar","v":"value"},"日前"],"few":[{"t":"idOrVar","v":"value"},"日前"],"many":[{"t":"idOrVar","v":"value"},"日前"],"other":[{"t":"idOrVar","v":"value"},"日前"]},"$x":[{"t":"idOrVar","v":"plural"},"value"]},{"$i":"weeks-ago-long","$v":{"zero":"今週","one":"先週","two":[{"t":"idOrVar","v":"value"},"週間前"],"few":[{"t":"idOrVar","v":"value"},"週間前"],"many":[{"t":"idOrVar","v":"value"},"週間前"],"other":[{"t":"idOrVar","v":"value"},"週間前"]},"$x":[{"t":"idOrVar","v":"plural"},"value"]},{"$i":"months-ago-long","$v":{"zero":"今月","one":"先月","two":[{"t":"idOrVar","v":"value"},"か月前"],"few":[{"t":"idOrVar","v":"value"},"か月前"],"many":[{"t":"idOrVar","v":"value"},"か月前"],"other":[{"t":"idOrVar","v":"value"},"か月前"]},"$x":[{"t":"idOrVar","v":"plural"},"value"]},{"$i":"years-ago-long","$v":{"zero":"今年","one":"昨年","two":[{"t":"idOrVar","v":"value"},"年前"],"few":[{"t":"idOrVar","v":"value"},"年前"],"many":[{"t":"idOrVar","v":"value"},"年前"],"other":[{"t":"idOrVar","v":"value"},"年前"]},"$x":[{"t":"idOrVar","v":"plural"},"value"]},{"$i":"minutes-until-long","$v":{"zero":"1分以内","one":"1分後","two":[{"t":"idOrVar","v":"value"},"分後"],"few":[{"t":"idOrVar","v":"value"},"分後"],"many":[{"t":"idOrVar","v":"value"},"分後"],"other":[{"t":"idOrVar","v":"value"},"分後"]},"$x":[{"t":"idOrVar","v":"plural"},"value"]},{"$i":"hours-until-long","$v":{"zero":"1時間以内","one":"1時間後","two":[{"t":"idOrVar","v":"value"},"時間後"],"few":[{"t":"idOrVar","v":"value"},"時間後"],"many":[{"t":"idOrVar","v":"value"},"時間後"],"other":[{"t":"idOrVar","v":"value"},"時間後"]},"$x":[{"t":"idOrVar","v":"plural"},"value"]},{"$i":"days-until-long","$v":{"zero":"今日","one":"明日","two":[{"t":"idOrVar","v":"value"},"日後"],"few":[{"t":"idOrVar","v":"value"},"日後"],"many":[{"t":"idOrVar","v":"value"},"日後"],"other":[{"t":"idOrVar","v":"value"},"日後"]},"$x":[{"t":"idOrVar","v":"plural"},"value"]},{"$i":"weeks-until-long","$v":{"zero":"今週","one":"来週","two":[{"t":"idOrVar","v":"value"},"週間後"],"few":[{"t":"idOrVar","v":"value"},"週間後"],"many":[{"t":"idOrVar","v":"value"},"週間後"],"other":[{"t":"idOrVar","v":"value"},"週間後"]},"$x":[{"t":"idOrVar","v":"plural"},"value"]},{"$i":"months-until-long","$v":{"zero":"今月","one":"来月","two":[{"t":"idOrVar","v":"value"},"か月後"],"few":[{"t":"idOrVar","v":"value"},"か月後"],"many":[{"t":"idOrVar","v":"value"},"か月後"],"other":[{"t":"idOrVar","v":"value"},"か月後"]},"$x":[{"t":"idOrVar","v":"plural"},"value"]},{"$i":"years-until-long","$v":{"zero":"今年","one":"来年","two":[{"t":"idOrVar","v":"value"},"年後"],"few":[{"t":"idOrVar","v":"value"},"年後"],"many":[{"t":"idOrVar","v":"value"},"年後"],"other":[{"t":"idOrVar","v":"value"},"年後"]},"$x":[{"t":"idOrVar","v":"plural"},"value"]},{"$i":"minutes-ago-short","$v":{"zero":"直前","other":[{"t":"idOrVar","v":"value"},"分前"]},"$x":[{"t":"idOrVar","v":"plural"},"value"]},{"$i":"hours-ago-short","$v":{"zero":"数分前","other":[{"t":"idOrVar","v":"value"},"時間前"]},"$x":[{"t":"idOrVar","v":"plural"},"value"]},{"$i":"days-ago-short","$v":{"zero":"今日","other":[{"t":"idOrVar","v":"value"},"日前"]},"$x":[{"t":"idOrVar","v":"plural"},"value"]},{"$i":"minutes-until-short","$v":{"zero":"直後","other":[{"t":"idOrVar","v":"value"},"分後"]},"$x":[{"t":"idOrVar","v":"plural"},"value"]},{"$i":"hours-until-short","$v":{"zero":"数分後","other":[{"t":"idOrVar","v":"value"},"時間後"]},"$x":[{"t":"idOrVar","v":"plural"},"value"]},{"$i":"days-until-short","$v":{"zero":"今日","other":[{"t":"idOrVar","v":"value"},"日後"]},"$x":[{"t":"idOrVar","v":"plural"},"value"]},{"$i":"incorrectDate","$v":"(日付が不正です)"},{"$i":"dateTimeFormat_%c","$v":"%Y年%b%e日(%a) %p%I:%M:%S"},{"$i":"dateTimeFormat_%x","$v":"%Y/%m/%d"},{"$i":"dateTimeFormat_%X","$v":"%p%I:%M:%S"},{"$i":"shortTimeFormat","$v":"%p%I:%M"},{"$i":"shortTimeFormat12","$v":"%p%I:%M"},{"$i":"shortTimeFormat24","$v":"%H:%M"},{"$i":"shortDateTimeFormat","$v":"%x %p%I:%M"},{"$i":"weekStartsOnMonday","$v":"0"},{"$i":"firstDayOfTheWeek","$v":"0"},{"$i":"time_am","$v":"午前"},{"$i":"time_pm","$v":"午後"},{"$i":"playbackPlay","ariaLabel":"Play"},{"$i":"playbackPause","ariaLabel":"Pause"},{"$i":"playbackNext","ariaLabel":"Next"},{"$i":"playbackPrevious","ariaLabel":"Previous"},{"$i":"playbackFullscreen","ariaLabel":"Fullscreen"},{"$i":"playbackSeekBar","ariaLabel":["Seek bar, duration ",{"t":"idOrVar","v":"duration"}]}]