[{"$i":"number-selected2","$v":{"zero":"ជ្រើស","one":["បាន​ជ្រើស ",{"t":"idOrVar","v":"n"}],"two":["បាន​ជ្រើស ",{"t":"idOrVar","v":"n"}],"few":["បាន​ជ្រើស ",{"t":"idOrVar","v":"n"}],"many":["បាន​ជ្រើស ",{"t":"idOrVar","v":"n"}],"other":["បាន​ជ្រើស ",{"t":"idOrVar","v":"n"}]},"$x":[{"t":"idOrVar","v":"plural"},"n"]},{"$i":"delete-photo?","$v":"លុប​រូបថត​ឬ?"},{"$i":"delete-video?","$v":"លុប​វីដេអូ​ឬ?"},{"$i":"delete-n-items?","$v":{"zero":"គ្មានអ្វី​បាន​ជ្រើស","one":"លុប​ធាតុ​ដែល​បាន​ជ្រើស​ឬ?","two":["លុប​ធាតុ ",{"t":"idOrVar","v":"n"}," ឬ?"],"few":["លុប​ធាតុ ",{"t":"idOrVar","v":"n"}," ឬ?"],"many":["លុប​ធាតុ ",{"t":"idOrVar","v":"n"}," ឬ?"],"other":["លុប​ធាតុ ",{"t":"idOrVar","v":"n"}," ឬ?"]},"$x":[{"t":"idOrVar","v":"plural"},"n"]},{"$i":"pickoneimage2","$v":"ជ្រើស"},{"$i":"cropimage","$v":"ច្រឹប"},{"$i":"cancel","$v":"បោះបង់"},{"$i":"delete","$v":"Delete"},{"$i":"ok","$v":"យល់ព្រម"},{"$i":"edit","$v":"Edit"},{"$i":"save","$v":"រក្សា​​ទុក"},{"$i":"done","$v":"រួចរាល់"},{"$i":"exposure","$v":"Exposure"},{"$i":"crop","$v":"ច្រឹប"},{"$i":"effects","$v":"Effects"},{"$i":"borders","$v":"ស៊ុម"},{"$i":"enhance-on","$v":"បើក​ការ​ធ្វើ​ឲ្យ​ប្រសើរ​ឡើង​ស្វ័យប្រវត្តិ"},{"$i":"enhance-off","$v":"បិទ​ការ​ធ្វើ​ឲ្យ​ប្រសើរ​ឡើង​ដោយ​ស្វ័យ​ប្រវត្តិ"},{"$i":"apply","$v":"Apply"},{"$i":"filters","$v":"Filters"},{"$i":"original","$v":"ដើម"},{"$i":"blackandwhite","$v":"ស&ខ្មៅ"},{"$i":"sepia","$v":"Sepia"},{"$i":"freeform","$v":"ទម្រង់​សេរី"},{"$i":"portrait","$v":"បញ្ឈរ"},{"$i":"landscape","$v":"ផ្ដេក"},{"$i":"square","$v":"ការេ"},{"$i":"emptygallery2-title","$v":"គ្មាន​រូបថត ឬ​វីដេអូ"},{"$i":"emptygallery2-text","$v":"ប្រើ​កម្មវិធី​កាមេរ៉ា​ដើម្បី​ចាប់ផ្ដើម។"},{"$i":"emptygallery2-title-pick","$v":"គ្មាន​រូបថត"},{"$i":"nocard3-title","$v":"គ្មាន​កាត​អង្គ​ចងចាំ"},{"$i":"nocard4-text","$v":"បញ្ចូល​កាត​អង្គ​ចងចាំ​ដើម្បី​ប្រើ​កម្មវិធី​នេះ។"},{"$i":"pluggedin2-title","$v":"កាត​អង្គ​ចងចាំ​កំពុង​ប្រើ"},{"$i":"pluggedin2-text","$v":"ដក​ទូរស័ព្ទ​ដើម្បី​ប្រើ​កម្មវិធី​នេះ។"},{"$i":"scanning-title","$v":"ការ​វិភាគរក"},{"$i":"scanning-text","$v":"រក​មើល​រូបថត និង​វីដេអូ។"},{"$i":"upgrade-title","$v":"ធ្វើ​ឲ្យ​មូលដ្ឋាន​ទិន្នន័យ​ទាន់​សម័យ"},{"$i":"upgrade-text","$v":"សូម​រង់ចាំ​ខណៈ​ពេល​ធ្វើ​បច្ចុប្បន្នភាព​វិចិត្រ​​​​សាល​មូលដ្ឋាន​ទិន្នន័យ​របស់​វា។"},{"$i":"share-noprovider","$v":"មិន​អាច​ចែករំលែក​ប្រភេទ​ឯកសារ​រូបភាព​នេះ។"},{"$i":"memorycardfull","$v":"មិន​អាច​កែ​រូបថត៖ កាត​អង្គ​ចងចាំ​ពេញ។"},{"$i":"imagetoobig","$v":"រូបភាព​ធំពេក​ក្នុង​ការ​បង្ហាញ​លើ​ឧបករណ៍​នេះ។"},{"$i":"imageinvalid","$v":"រូបភាព​មិន​ត្រឹមត្រូវ ឬ​​ខូច ហើយ​មិន​អាច​បង្ហាញ​បាន​ទេ។"},{"$i":"saved","$v":["បាន​រក្សាទុក ",{"t":"idOrVar","v":"filename"}," ទៅ​វិចិត្រសាល"]},{"$i":"edit-copy-saved","$v":"New copy saved."},{"$i":"overlay-camera-button","$v":"ចូល​ទៅ​កាមេរ៉ា"},{"$i":"name-label","$v":"ឈ្មោះ"},{"$i":"size-label","$v":"ទំហំ"},{"$i":"image-type-label","$v":"ប្រភេទ​រូបភាព​"},{"$i":"date-taken-label","$v":"កាលបរិច្ឆេទ​ថត"},{"$i":"resolution-label","$v":"​គុណភាព​បង្ហាញ"},{"$i":"close-button","$v":"បិទ"},{"$i":"byteUnit-B","$v":"បៃ"},{"$i":"byteUnit-KB","$v":"KB"},{"$i":"byteUnit-MB","$v":"MB"},{"$i":"byteUnit-GB","$v":"GB"},{"$i":"gallery","$v":"វិចិត្រសាល"},{"$i":"preview","$v":"មើល​ជាមុន​"},{"$i":"date-group-header","$v":"%B %Y"},{"$i":"videoDescriptionShort","$v":"Video dated %I:%M %p, %B %e, %Y"},{"$i":"imageDescriptionShort","$v":"Image dated %I:%M %p, %B %e, %Y"},{"$i":"back-button","ariaLabel":"Back"},{"$i":"crop-options","ariaLabel":"Crop"},{"$i":"crop-revert","ariaLabel":"Revert"},{"$i":"crop-aspect-free","ariaLabel":"Custom aspect ratio"},{"$i":"crop-aspect-portrait","ariaLabel":"Portrait aspect ratio"},{"$i":"crop-aspect-landscape","ariaLabel":"Landscape aspect ratio"},{"$i":"crop-aspect-square","ariaLabel":"Square aspect ratio"},{"$i":"effect-options","ariaLabel":"Effect"},{"$i":"effect-none","ariaLabel":"None"},{"$i":"effect-bw","ariaLabel":"Black and white"},{"$i":"effect-sepia","ariaLabel":"Sepia"},{"$i":"effect-bluesteel","ariaLabel":"Blue steel"},{"$i":"effect-faded","ariaLabel":"Faded"},{"$i":"exposure-button","ariaLabel":"Exposure"},{"$i":"crop-button","ariaLabel":"Crop"},{"$i":"effect-button","ariaLabel":"Effects"},{"$i":"enhance-button","ariaLabel":"Enhance"},{"$i":"camera-button","ariaLabel":"Camera"},{"$i":"select-multiple-button","ariaLabel":"Select multiple"},{"$i":"edit-button","ariaLabel":"Edit"},{"$i":"share-button","ariaLabel":"Share"},{"$i":"info-button","ariaLabel":"Information"},{"$i":"delete-button","ariaLabel":"Delete"},{"$i":"editImagePreview","ariaLabel":"Edit image preview"},{"$i":"weekday-0-long","$v":"អាទិត្យ"},{"$i":"weekday-1-long","$v":"ច័ន្ទ"},{"$i":"weekday-2-long","$v":"អង្គារ"},{"$i":"weekday-3-long","$v":"ពុធ"},{"$i":"weekday-4-long","$v":"ព្រហស្បតិ៍"},{"$i":"weekday-5-long","$v":"សុក្រ"},{"$i":"weekday-6-long","$v":"សៅរ៍"},{"$i":"weekday-0-short","$v":"អាទិត្យ"},{"$i":"weekday-1-short","$v":"ច័ន្ទ"},{"$i":"weekday-2-short","$v":"អង្គារ"},{"$i":"weekday-3-short","$v":"ពុធ"},{"$i":"weekday-4-short","$v":"ព្រហស្បតិ៍"},{"$i":"weekday-5-short","$v":"សុក្រ"},{"$i":"weekday-6-short","$v":"សៅរ៍"},{"$i":"month-0-long","$v":"មករា"},{"$i":"month-1-long","$v":"កុម្ភៈ"},{"$i":"month-2-long","$v":"មីនា"},{"$i":"month-3-long","$v":"មេសា"},{"$i":"month-4-long","$v":"ឧសភា"},{"$i":"month-5-long","$v":"មិថុនា"},{"$i":"month-6-long","$v":"កក្កដា"},{"$i":"month-7-long","$v":"សីហា"},{"$i":"month-8-long","$v":"កញ្ញា"},{"$i":"month-9-long","$v":"តុលា"},{"$i":"month-10-long","$v":"វិច្ឆិកា"},{"$i":"month-11-long","$v":"ធ្នូ"},{"$i":"month-0-genitive","$v":"មករា"},{"$i":"month-1-genitive","$v":"កុម្ភៈ"},{"$i":"month-2-genitive","$v":"មីនា"},{"$i":"month-3-genitive","$v":"មេសា"},{"$i":"month-4-genitive","$v":"ឧសភា"},{"$i":"month-5-genitive","$v":"មិថុនា"},{"$i":"month-6-genitive","$v":"កក្កដា"},{"$i":"month-7-genitive","$v":"សីហា"},{"$i":"month-8-genitive","$v":"កញ្ញា"},{"$i":"month-9-genitive","$v":"តុលា"},{"$i":"month-10-genitive","$v":"វិច្ឆិកា"},{"$i":"month-11-genitive","$v":"ធ្នូ"},{"$i":"month-0-short","$v":"មករា"},{"$i":"month-1-short","$v":"កុម្ភៈ"},{"$i":"month-2-short","$v":"មីនា"},{"$i":"month-3-short","$v":"មេសា"},{"$i":"month-4-short","$v":"ឧសភា"},{"$i":"month-5-short","$v":"មិថុនា"},{"$i":"month-6-short","$v":"កក្កដា"},{"$i":"month-7-short","$v":"សីហា"},{"$i":"month-8-short","$v":"កញ្ញា"},{"$i":"month-9-short","$v":"តុលា"},{"$i":"month-10-short","$v":"វិច្ឆិកា"},{"$i":"month-11-short","$v":"ធ្នូ"},{"$i":"minutes-ago-long","$v":{"zero":"អម្បាញ់មិញនេះ","one":"មួយ​នាទី​មុន","two":[{"t":"idOrVar","v":"value"}," នាទី​មុន"],"few":[{"t":"idOrVar","v":"value"}," នាទី​មុន"],"many":[{"t":"idOrVar","v":"value"}," នាទី​មុន"],"other":[{"t":"idOrVar","v":"value"}," នាទី​មុន"]},"$x":[{"t":"idOrVar","v":"plural"},"value"]},{"$i":"hours-ago-long","$v":{"zero":"អម្បាញ់មិញនេះ","one":"មួយ​ម៉ោង​មុន","two":[{"t":"idOrVar","v":"value"}," ម៉ោង​មុន"],"few":[{"t":"idOrVar","v":"value"}," ម៉ោង​មុន"],"many":[{"t":"idOrVar","v":"value"}," ម៉ោង​មុន"],"other":[{"t":"idOrVar","v":"value"}," ម៉ោង​មុន"]},"$x":[{"t":"idOrVar","v":"plural"},"value"]},{"$i":"days-ago-long","$v":{"zero":"ថ្ងៃ​នេះ","one":"ម្សិលមិញ","two":[{"t":"idOrVar","v":"value"}," ថ្ងៃ​មុន"],"few":[{"t":"idOrVar","v":"value"}," ថ្ងៃ​មុន"],"many":[{"t":"idOrVar","v":"value"}," ថ្ងៃ​មុន"],"other":[{"t":"idOrVar","v":"value"}," ថ្ងៃ​មុន"]},"$x":[{"t":"idOrVar","v":"plural"},"value"]},{"$i":"weeks-ago-long","$v":{"zero":"សប្ដាហ៍​នេះ","one":"សប្ដាហ៍​មុន","two":[{"t":"idOrVar","v":"value"}," សប្ដាហ៍​មុន"],"few":[{"t":"idOrVar","v":"value"}," សប្ដាហ៍​មុន"],"many":[{"t":"idOrVar","v":"value"}," សប្ដាហ៍​មុន"],"other":[{"t":"idOrVar","v":"value"}," សប្ដាហ៍​មុន"]},"$x":[{"t":"idOrVar","v":"plural"},"value"]},{"$i":"months-ago-long","$v":{"zero":"ខែ​នេះ","one":"ខែ​មុន","two":[{"t":"idOrVar","v":"value"}," ខែ​មុន"],"few":[{"t":"idOrVar","v":"value"}," ខែ​មុន"],"many":[{"t":"idOrVar","v":"value"}," ខែ​មុន"],"other":[{"t":"idOrVar","v":"value"}," ខែ​មុន"]},"$x":[{"t":"idOrVar","v":"plural"},"value"]},{"$i":"years-ago-long","$v":{"zero":"ឆ្នាំនេះ","one":"ឆ្នាំ​មុន","two":[{"t":"idOrVar","v":"value"}," ឆ្នាំ​មុន"],"few":[{"t":"idOrVar","v":"value"}," ឆ្នាំ​មុន"],"many":[{"t":"idOrVar","v":"value"}," ឆ្នាំ​មុន"],"other":[{"t":"idOrVar","v":"value"}," ឆ្នាំ​មុន"]},"$x":[{"t":"idOrVar","v":"plural"},"value"]},{"$i":"minutes-until-long","$v":{"zero":"ឥឡូវ","one":"ក្នុង​ពេល​មួយ​នាទី","two":["ក្នុង​ពេល ",{"t":"idOrVar","v":"value"}," នាទី"],"few":["ក្នុង​ពេល ",{"t":"idOrVar","v":"value"}," នាទី"],"many":["ក្នុង​ពេល​ ",{"t":"idOrVar","v":"value"}," នាទី​"],"other":["ក្នុង​ពេល ",{"t":"idOrVar","v":"value"}," នាទី"]},"$x":[{"t":"idOrVar","v":"plural"},"value"]},{"$i":"hours-until-long","$v":{"zero":"ឥឡូវ","one":"ក្នុង​រយៈពេល​១​ម៉ោង","two":["ក្នុង​ពេល​​ ",{"t":"idOrVar","v":"value"}," ម៉ោង"],"few":["ក្នុង​ពេល​​ ",{"t":"idOrVar","v":"value"}," ម៉ោង"],"many":["ក្នុង​ពេល​​ ",{"t":"idOrVar","v":"value"}," ម៉ោង"],"other":["ក្នុង​ពេល​​ ",{"t":"idOrVar","v":"value"}," ម៉ោង"]},"$x":[{"t":"idOrVar","v":"plural"},"value"]},{"$i":"days-until-long","$v":{"zero":"ថ្ងៃ​នេះ","one":"ថ្ងៃស្អែក","two":["ក្នុង​ពេល​​ ",{"t":"idOrVar","v":"value"}," ថ្ងៃ"],"few":["ក្នុង​ពេល​​ ",{"t":"idOrVar","v":"value"}," ថ្ងៃ"],"many":["ក្នុង​ពេល​​ ",{"t":"idOrVar","v":"value"}," ថ្ងៃ"],"other":["ក្នុង​ពេល​​ ",{"t":"idOrVar","v":"value"}," ថ្ងៃ"]},"$x":[{"t":"idOrVar","v":"plural"},"value"]},{"$i":"weeks-until-long","$v":{"zero":"សប្ដាហ៍​នេះ","one":"សប្ដាហ៍​ក្រោយ","two":["ក្នុង​ពេល ",{"t":"idOrVar","v":"value"}," សប្ដាហ៍"],"few":["ក្នុង​ពេល ",{"t":"idOrVar","v":"value"}," សប្ដាហ៍"],"many":["ក្នុង​ពេល ",{"t":"idOrVar","v":"value"}," សប្ដាហ៍"],"other":["ក្នុង​ពេល ",{"t":"idOrVar","v":"value"}," សប្ដាហ៍"]},"$x":[{"t":"idOrVar","v":"plural"},"value"]},{"$i":"months-until-long","$v":{"zero":"ខែ​នេះ","one":"ខែ​ក្រោយ","two":["ក្នុង​ពេល ",{"t":"idOrVar","v":"value"}," ខែ"],"few":["ក្នុង​ពេល ",{"t":"idOrVar","v":"value"}," ខែ"],"many":["ក្នុង​ពេល ",{"t":"idOrVar","v":"value"}," ខែ"],"other":["ក្នុង​ពេល ",{"t":"idOrVar","v":"value"}," ខែ"]},"$x":[{"t":"idOrVar","v":"plural"},"value"]},{"$i":"years-until-long","$v":{"zero":"ឆ្នាំនេះ","one":"ឆ្នាំ​ក្រោយ","two":["ក្នុង​ពេល ",{"t":"idOrVar","v":"value"}," ឆ្នាំ"],"few":["ក្នុង​ពេល ",{"t":"idOrVar","v":"value"}," ឆ្នាំ"],"many":["ក្នុង​ពេល ",{"t":"idOrVar","v":"value"}," ឆ្នាំ"],"other":["ក្នុង​ពេល ",{"t":"idOrVar","v":"value"}," ឆ្នាំ"]},"$x":[{"t":"idOrVar","v":"plural"},"value"]},{"$i":"minutes-ago-short","$v":{"zero":"អម្បាញ់មិញនេះ","other":[{"t":"idOrVar","v":"value"},"នាទី​មុន"]},"$x":[{"t":"idOrVar","v":"plural"},"value"]},{"$i":"hours-ago-short","$v":{"zero":"អម្បាញ់មិញនេះ","other":[{"t":"idOrVar","v":"value"},"ម៉ោង​មុន"]},"$x":[{"t":"idOrVar","v":"plural"},"value"]},{"$i":"days-ago-short","$v":{"zero":"ថ្ងៃ​នេះ","other":[{"t":"idOrVar","v":"value"},"ថ្ងៃ​មុន"]},"$x":[{"t":"idOrVar","v":"plural"},"value"]},{"$i":"minutes-until-short","$v":{"zero":"ឥឡូវ","other":["ក្នុង​ពេល ",{"t":"idOrVar","v":"value"},"នាទី"]},"$x":[{"t":"idOrVar","v":"plural"},"value"]},{"$i":"hours-until-short","$v":{"zero":"ឥឡូវ","other":["ក្នុង​ពេល ",{"t":"idOrVar","v":"value"},"ម៉ោង"]},"$x":[{"t":"idOrVar","v":"plural"},"value"]},{"$i":"days-until-short","$v":{"zero":"ថ្ងៃ​នេះ","other":["ក្នុង​ពេល ",{"t":"idOrVar","v":"value"},"ថ្ងៃ"]},"$x":[{"t":"idOrVar","v":"plural"},"value"]},{"$i":"incorrectDate","$v":"(កាលបរិច្ឆេទ​មិន​ត្រឹមត្រូវ)"},{"$i":"dateTimeFormat_%c","$v":"%a %b %e %Y %I:%M:%S %p"},{"$i":"dateTimeFormat_%x","$v":"%m/%d/%Y"},{"$i":"dateTimeFormat_%X","$v":"%I:%M:%S %p"},{"$i":"shortTimeFormat","$v":"%I:%M %p"},{"$i":"shortTimeFormat12","$v":"%I:%M %p"},{"$i":"shortTimeFormat24","$v":"%H:%M"},{"$i":"shortDateTimeFormat","$v":"%x %I:%M %p"},{"$i":"weekStartsOnMonday","$v":"0"},{"$i":"firstDayOfTheWeek","$v":"0"},{"$i":"time_am","$v":"ព្រឹក"},{"$i":"time_pm","$v":"PM"},{"$i":"playbackPlay","ariaLabel":"Play"},{"$i":"playbackPause","ariaLabel":"Pause"},{"$i":"playbackNext","ariaLabel":"Next"},{"$i":"playbackPrevious","ariaLabel":"Previous"},{"$i":"playbackFullscreen","ariaLabel":"Fullscreen"},{"$i":"playbackSeekBar","ariaLabel":["Seek bar, duration ",{"t":"idOrVar","v":"duration"}]}]