[{"$i":"number-selected2","$v":{"zero":"선택","one":[{"t":"idOrVar","v":"n"},"개 선택"],"two":[{"t":"idOrVar","v":"n"},"개 선택"],"few":[{"t":"idOrVar","v":"n"},"개 선택"],"many":[{"t":"idOrVar","v":"n"},"개 선택"],"other":[{"t":"idOrVar","v":"n"},"개 선택"]},"$x":[{"t":"idOrVar","v":"plural"},"n"]},{"$i":"delete-photo?","$v":"사진을 삭제하시겠습니까?"},{"$i":"delete-video?","$v":"동영상을 삭제하시겠습니까?"},{"$i":"delete-n-items?","$v":{"zero":"선택한 것 없음","one":"선택한 것을 삭제하시겠습니까?","two":["선택한 ",{"t":"idOrVar","v":"n"},"개를 삭제하시겠습니까?"],"few":["선택한 ",{"t":"idOrVar","v":"n"},"개를 삭제하시겠습니까?"],"many":["선택한 ",{"t":"idOrVar","v":"n"},"개를 삭제하시겠습니까?"],"other":["선택한 ",{"t":"idOrVar","v":"n"},"개를 삭제하시겠습니까?"]},"$x":[{"t":"idOrVar","v":"plural"},"n"]},{"$i":"pickoneimage2","$v":"선택"},{"$i":"cropimage","$v":"자르기"},{"$i":"cancel","$v":"취소"},{"$i":"delete","$v":"삭제"},{"$i":"ok","$v":"확인"},{"$i":"edit","$v":"편집"},{"$i":"save","$v":"저장"},{"$i":"done","$v":"완료"},{"$i":"exposure","$v":"노출"},{"$i":"crop","$v":"자르기"},{"$i":"effects","$v":"효과"},{"$i":"borders","$v":"테두리"},{"$i":"enhance-on","$v":"자동 보정 켜기"},{"$i":"enhance-off","$v":"자동 보정 끄기"},{"$i":"apply","$v":"Apply"},{"$i":"filters","$v":"Filters"},{"$i":"original","$v":"원본"},{"$i":"blackandwhite","$v":"흑백"},{"$i":"sepia","$v":"세피아"},{"$i":"freeform","$v":"자유형"},{"$i":"portrait","$v":"세로"},{"$i":"landscape","$v":"가로"},{"$i":"square","$v":"정사각형"},{"$i":"emptygallery2-title","$v":"사진이나 동영상이 없음"},{"$i":"emptygallery2-text","$v":"카메라 앱을 실행해서 시작하십시오."},{"$i":"emptygallery2-title-pick","$v":"사진 없음"},{"$i":"nocard3-title","$v":"메모리 카드 없음"},{"$i":"nocard4-text","$v":"이 앱을 사용하기 위해 메모리 카드를 삽입하시오."},{"$i":"pluggedin2-title","$v":"메모리 카드 사용 중"},{"$i":"pluggedin2-text","$v":"이 앱을 사용하려면 폰을 뽑으십시오."},{"$i":"scanning-title","$v":"찾는중"},{"$i":"scanning-text","$v":"사진과 동영상을 찾고 있습니다."},{"$i":"upgrade-title","$v":"데이터베이스 업그레이드"},{"$i":"upgrade-text","$v":"갤러리 데이터베이스를 갱신하고 있습니다. 잠시만 기다려 주세요."},{"$i":"share-noprovider","$v":"이 파일 형식의 이미지를 공유할 수 없습니다."},{"$i":"memorycardfull","$v":"이미지를 편집할 수 없음: 메모리 카드가 가득 참."},{"$i":"imagetoobig","$v":"이미지가 너무 커서 이 장치에서는 볼 수 없습니다."},{"$i":"imageinvalid","$v":"이미지가 손상되어 볼 수 없습니다."},{"$i":"saved","$v":[{"t":"idOrVar","v":"filename"}," 파일이 갤러리로 저장됨"]},{"$i":"edit-copy-saved","$v":"New copy saved."},{"$i":"overlay-camera-button","$v":"카메라로 가기"},{"$i":"name-label","$v":"파일명"},{"$i":"size-label","$v":"크기"},{"$i":"image-type-label","$v":"이미지 형식"},{"$i":"date-taken-label","$v":"찍은 날짜"},{"$i":"resolution-label","$v":"해상도"},{"$i":"close-button","$v":"닫기"},{"$i":"byteUnit-B","$v":"바이트"},{"$i":"byteUnit-KB","$v":"KB"},{"$i":"byteUnit-MB","$v":"MB"},{"$i":"byteUnit-GB","$v":"GB"},{"$i":"gallery","$v":"갤러리"},{"$i":"preview","$v":"미리보기"},{"$i":"date-group-header","$v":"%Y년 %B"},{"$i":"videoDescriptionShort","$v":"Video dated %I:%M %p, %B %e, %Y"},{"$i":"imageDescriptionShort","$v":"Image dated %I:%M %p, %B %e, %Y"},{"$i":"back-button","ariaLabel":"Back"},{"$i":"crop-options","ariaLabel":"Crop"},{"$i":"crop-revert","ariaLabel":"Revert"},{"$i":"crop-aspect-free","ariaLabel":"Custom aspect ratio"},{"$i":"crop-aspect-portrait","ariaLabel":"Portrait aspect ratio"},{"$i":"crop-aspect-landscape","ariaLabel":"Landscape aspect ratio"},{"$i":"crop-aspect-square","ariaLabel":"Square aspect ratio"},{"$i":"effect-options","ariaLabel":"Effect"},{"$i":"effect-none","ariaLabel":"None"},{"$i":"effect-bw","ariaLabel":"Black and white"},{"$i":"effect-sepia","ariaLabel":"Sepia"},{"$i":"effect-bluesteel","ariaLabel":"Blue steel"},{"$i":"effect-faded","ariaLabel":"Faded"},{"$i":"exposure-button","ariaLabel":"Exposure"},{"$i":"crop-button","ariaLabel":"Crop"},{"$i":"effect-button","ariaLabel":"Effects"},{"$i":"enhance-button","ariaLabel":"Enhance"},{"$i":"camera-button","ariaLabel":"Camera"},{"$i":"select-multiple-button","ariaLabel":"Select multiple"},{"$i":"edit-button","ariaLabel":"Edit"},{"$i":"share-button","ariaLabel":"Share"},{"$i":"info-button","ariaLabel":"Information"},{"$i":"delete-button","ariaLabel":"Delete"},{"$i":"editImagePreview","ariaLabel":"Edit image preview"},{"$i":"weekday-0-long","$v":"일요일"},{"$i":"weekday-1-long","$v":"월요일"},{"$i":"weekday-2-long","$v":"화요일"},{"$i":"weekday-3-long","$v":"수요일"},{"$i":"weekday-4-long","$v":"목요일"},{"$i":"weekday-5-long","$v":"금요일"},{"$i":"weekday-6-long","$v":"토요일"},{"$i":"weekday-0-short","$v":"일"},{"$i":"weekday-1-short","$v":"월"},{"$i":"weekday-2-short","$v":"화"},{"$i":"weekday-3-short","$v":"수"},{"$i":"weekday-4-short","$v":"목"},{"$i":"weekday-5-short","$v":"금"},{"$i":"weekday-6-short","$v":"토"},{"$i":"month-0-long","$v":"1월"},{"$i":"month-1-long","$v":"2월"},{"$i":"month-2-long","$v":"3월"},{"$i":"month-3-long","$v":"4월"},{"$i":"month-4-long","$v":"5월"},{"$i":"month-5-long","$v":"6월"},{"$i":"month-6-long","$v":"7월"},{"$i":"month-7-long","$v":"8월"},{"$i":"month-8-long","$v":"9월"},{"$i":"month-9-long","$v":"10월"},{"$i":"month-10-long","$v":"11월"},{"$i":"month-11-long","$v":"12월"},{"$i":"month-0-genitive","$v":"1월"},{"$i":"month-1-genitive","$v":"2월"},{"$i":"month-2-genitive","$v":"3월"},{"$i":"month-3-genitive","$v":"4월"},{"$i":"month-4-genitive","$v":"5월"},{"$i":"month-5-genitive","$v":"6월"},{"$i":"month-6-genitive","$v":"7월"},{"$i":"month-7-genitive","$v":"8월"},{"$i":"month-8-genitive","$v":"9월"},{"$i":"month-9-genitive","$v":"10월"},{"$i":"month-10-genitive","$v":"11월"},{"$i":"month-11-genitive","$v":"12월"},{"$i":"month-0-short","$v":"1월"},{"$i":"month-1-short","$v":"2월"},{"$i":"month-2-short","$v":"3월"},{"$i":"month-3-short","$v":"4월"},{"$i":"month-4-short","$v":"5월"},{"$i":"month-5-short","$v":"6월"},{"$i":"month-6-short","$v":"7월"},{"$i":"month-7-short","$v":"8월"},{"$i":"month-8-short","$v":"9월"},{"$i":"month-9-short","$v":"10월"},{"$i":"month-10-short","$v":"11월"},{"$i":"month-11-short","$v":"12월"},{"$i":"minutes-ago-long","$v":{"zero":"지금","one":"1분 전","two":[{"t":"idOrVar","v":"value"},"분 전"],"few":[{"t":"idOrVar","v":"value"},"분 전"],"many":[{"t":"idOrVar","v":"value"},"분 전"],"other":[{"t":"idOrVar","v":"value"},"분 전"]},"$x":[{"t":"idOrVar","v":"plural"},"value"]},{"$i":"hours-ago-long","$v":{"zero":"지금","one":"1시간 전","two":[{"t":"idOrVar","v":"value"},"시간 전"],"few":[{"t":"idOrVar","v":"value"},"시간 전"],"many":[{"t":"idOrVar","v":"value"},"시간 전"],"other":[{"t":"idOrVar","v":"value"},"시간 전"]},"$x":[{"t":"idOrVar","v":"plural"},"value"]},{"$i":"days-ago-long","$v":{"zero":"오늘","one":"어제","two":[{"t":"idOrVar","v":"value"},"일 전"],"few":[{"t":"idOrVar","v":"value"},"일 전"],"many":[{"t":"idOrVar","v":"value"},"일 전"],"other":[{"t":"idOrVar","v":"value"},"일 전"]},"$x":[{"t":"idOrVar","v":"plural"},"value"]},{"$i":"weeks-ago-long","$v":{"zero":"이번 주","one":"지난 주","two":[{"t":"idOrVar","v":"value"},"주 전"],"few":[{"t":"idOrVar","v":"value"},"주 전"],"many":[{"t":"idOrVar","v":"value"},"주 전"],"other":[{"t":"idOrVar","v":"value"},"주 전"]},"$x":[{"t":"idOrVar","v":"plural"},"value"]},{"$i":"months-ago-long","$v":{"zero":"이번 달","one":"지난 달","two":[{"t":"idOrVar","v":"value"},"개월 전"],"few":[{"t":"idOrVar","v":"value"},"개월 전"],"many":[{"t":"idOrVar","v":"value"},"개월 전"],"other":[{"t":"idOrVar","v":"value"},"개월 전"]},"$x":[{"t":"idOrVar","v":"plural"},"value"]},{"$i":"years-ago-long","$v":{"zero":"올해","one":"작년","two":[{"t":"idOrVar","v":"value"},"년 전"],"few":[{"t":"idOrVar","v":"value"},"년 전"],"many":[{"t":"idOrVar","v":"value"},"년 전"],"other":[{"t":"idOrVar","v":"value"},"년 전"]},"$x":[{"t":"idOrVar","v":"plural"},"value"]},{"$i":"minutes-until-long","$v":{"zero":"지금","one":"1분 후","two":[{"t":"idOrVar","v":"value"},"분 후"],"few":[{"t":"idOrVar","v":"value"},"분 후"],"many":[{"t":"idOrVar","v":"value"},"분 후"],"other":[{"t":"idOrVar","v":"value"},"분 후"]},"$x":[{"t":"idOrVar","v":"plural"},"value"]},{"$i":"hours-until-long","$v":{"zero":"지금","one":"한 시간 후","two":[{"t":"idOrVar","v":"value"},"시간 후"],"few":[{"t":"idOrVar","v":"value"},"시간 후"],"many":[{"t":"idOrVar","v":"value"},"시간 후"],"other":[{"t":"idOrVar","v":"value"},"시간 후"]},"$x":[{"t":"idOrVar","v":"plural"},"value"]},{"$i":"days-until-long","$v":{"zero":"오늘","one":"내일","two":[{"t":"idOrVar","v":"value"},"일 후"],"few":[{"t":"idOrVar","v":"value"},"일 후"],"many":[{"t":"idOrVar","v":"value"},"일 후"],"other":[{"t":"idOrVar","v":"value"},"일 후"]},"$x":[{"t":"idOrVar","v":"plural"},"value"]},{"$i":"weeks-until-long","$v":{"zero":"이번 주","one":"다음 주","two":[{"t":"idOrVar","v":"value"},"주 후"],"few":[{"t":"idOrVar","v":"value"},"주 후"],"many":[{"t":"idOrVar","v":"value"},"주 후"],"other":[{"t":"idOrVar","v":"value"},"주 후"]},"$x":[{"t":"idOrVar","v":"plural"},"value"]},{"$i":"months-until-long","$v":{"zero":"이번 달","one":"다음 달","two":[{"t":"idOrVar","v":"value"},"개월 후"],"few":[{"t":"idOrVar","v":"value"},"개월 후"],"many":[{"t":"idOrVar","v":"value"},"개월 후"],"other":[{"t":"idOrVar","v":"value"},"개월 후"]},"$x":[{"t":"idOrVar","v":"plural"},"value"]},{"$i":"years-until-long","$v":{"zero":"올해","one":"내년","two":[{"t":"idOrVar","v":"value"},"년 후"],"few":[{"t":"idOrVar","v":"value"},"년 후"],"many":[{"t":"idOrVar","v":"value"},"년 후"],"other":[{"t":"idOrVar","v":"value"},"년 후"]},"$x":[{"t":"idOrVar","v":"plural"},"value"]},{"$i":"minutes-ago-short","$v":{"zero":"지금","other":[{"t":"idOrVar","v":"value"},"분 전"]},"$x":[{"t":"idOrVar","v":"plural"},"value"]},{"$i":"hours-ago-short","$v":{"zero":"지금","other":[{"t":"idOrVar","v":"value"},"시간 전"]},"$x":[{"t":"idOrVar","v":"plural"},"value"]},{"$i":"days-ago-short","$v":{"zero":"오늘","other":[{"t":"idOrVar","v":"value"},"일 전"]},"$x":[{"t":"idOrVar","v":"plural"},"value"]},{"$i":"minutes-until-short","$v":{"zero":"지금","other":[{"t":"idOrVar","v":"value"},"분 후"]},"$x":[{"t":"idOrVar","v":"plural"},"value"]},{"$i":"hours-until-short","$v":{"zero":"지금","other":[{"t":"idOrVar","v":"value"},"시간 후"]},"$x":[{"t":"idOrVar","v":"plural"},"value"]},{"$i":"days-until-short","$v":{"zero":"오늘","other":[{"t":"idOrVar","v":"value"},"일 후"]},"$x":[{"t":"idOrVar","v":"plural"},"value"]},{"$i":"incorrectDate","$v":"(잘못된 날짜)"},{"$i":"dateTimeFormat_%c","$v":"%Y년 %B %e일 %a %I:%M:%S %p"},{"$i":"dateTimeFormat_%x","$v":"%Y/%m/%d"},{"$i":"dateTimeFormat_%X","$v":"%I:%M:%S %p"},{"$i":"shortTimeFormat","$v":"%I:%M %p"},{"$i":"shortTimeFormat12","$v":"%I:%M %p"},{"$i":"shortTimeFormat24","$v":"%H:%M"},{"$i":"shortDateTimeFormat","$v":"%x %I:%M %p"},{"$i":"weekStartsOnMonday","$v":"0"},{"$i":"firstDayOfTheWeek","$v":"0"},{"$i":"time_am","$v":"오전"},{"$i":"time_pm","$v":"오후"},{"$i":"playbackPlay","ariaLabel":"Play"},{"$i":"playbackPause","ariaLabel":"Pause"},{"$i":"playbackNext","ariaLabel":"Next"},{"$i":"playbackPrevious","ariaLabel":"Previous"},{"$i":"playbackFullscreen","ariaLabel":"Fullscreen"},{"$i":"playbackSeekBar","ariaLabel":["Seek bar, duration ",{"t":"idOrVar","v":"duration"}]}]