[{"$i":"number-selected2","$v":{"zero":"Избери","one":[{"t":"idOrVar","v":"n"}," избрано"],"two":[{"t":"idOrVar","v":"n"}," избрани"],"few":[{"t":"idOrVar","v":"n"}," избрани"],"many":[{"t":"idOrVar","v":"n"}," избрани"],"other":[{"t":"idOrVar","v":"n"}," избрани"]},"$x":[{"t":"idOrVar","v":"plural"},"n"]},{"$i":"delete-photo?","$v":"Избриши фотографија?"},{"$i":"delete-video?","$v":"Избриши видео?"},{"$i":"delete-n-items?","$v":{"zero":"Ништо не е избрано","one":"Избриши ја избраната ставка?","two":["Избриши ",{"t":"idOrVar","v":"n"}," ставки?"],"few":["Избриши ",{"t":"idOrVar","v":"n"}," ставки?"],"many":["Избриши ",{"t":"idOrVar","v":"n"}," ставки?"],"other":["Избриши ",{"t":"idOrVar","v":"n"}," ставки?"]},"$x":[{"t":"idOrVar","v":"plural"},"n"]},{"$i":"pickoneimage2","$v":"Избери"},{"$i":"cropimage","$v":"Исечи"},{"$i":"cancel","$v":"Откажи"},{"$i":"delete","$v":"Избриши"},{"$i":"ok","$v":"Во ред"},{"$i":"edit","$v":"Уреди"},{"$i":"save","$v":"Сними"},{"$i":"done","$v":"Готово"},{"$i":"exposure","$v":"Експозиција"},{"$i":"crop","$v":"Исечи"},{"$i":"effects","$v":"Ефекти"},{"$i":"borders","$v":"Граници"},{"$i":"enhance-on","$v":"Авто-подобрување вклучено"},{"$i":"enhance-off","$v":"Авто-подобрување исклучено"},{"$i":"apply","$v":"Apply"},{"$i":"filters","$v":"Filters"},{"$i":"original","$v":"Оригинал"},{"$i":"blackandwhite","$v":"Црно-бело"},{"$i":"sepia","$v":"Сепиа"},{"$i":"freeform","$v":"Слободна форма"},{"$i":"portrait","$v":"Портрет"},{"$i":"landscape","$v":"Песјаж"},{"$i":"square","$v":"Квадрат"},{"$i":"emptygallery2-title","$v":"Нема слики или видеа"},{"$i":"emptygallery2-text","$v":"Користете ја камерата за да започнете."},{"$i":"emptygallery2-title-pick","$v":"Нема фотографии"},{"$i":"nocard3-title","$v":"Нема мемориска картичка"},{"$i":"nocard4-text","$v":"Внесете мемориска картичка за да се користи оваа апликација."},{"$i":"pluggedin2-title","$v":"Мемориската картичка е во употреба"},{"$i":"pluggedin2-text","$v":"Извадете го кабелот за да ја користите оваа апликација."},{"$i":"scanning-title","$v":"Скенирам"},{"$i":"scanning-text","$v":"Пребарувам фотографии и видеа."},{"$i":"upgrade-title","$v":"Надградба на база"},{"$i":"upgrade-text","$v":"Ве молам почекајте додека Галерија ја ажурира својата база на податоци."},{"$i":"share-noprovider","$v":"Овој тип на слика не може да се сподели."},{"$i":"memorycardfull","$v":"Не може да се уредуваат сликите. Мемориската картичка е полна."},{"$i":"imagetoobig","$v":"Оваа слика е преголема за да се прикаже на овој уред."},{"$i":"imageinvalid","$v":"Оваа слика е корумпирана и не може да биде прикажана."},{"$i":"saved","$v":[{"t":"idOrVar","v":"filename"}," е снимено во галеријата"]},{"$i":"edit-copy-saved","$v":"New copy saved."},{"$i":"overlay-camera-button","$v":"Оди во Камера"},{"$i":"name-label","$v":"Име"},{"$i":"size-label","$v":"Големина"},{"$i":"image-type-label","$v":"Тип на слика"},{"$i":"date-taken-label","$v":"Снимено на датум"},{"$i":"resolution-label","$v":"Решение"},{"$i":"close-button","$v":"Затвори"},{"$i":"byteUnit-B","$v":"Бајти"},{"$i":"byteUnit-KB","$v":"КБ"},{"$i":"byteUnit-MB","$v":"МБ"},{"$i":"byteUnit-GB","$v":"ГБ"},{"$i":"gallery","$v":"Галерија"},{"$i":"preview","$v":"Преглед"},{"$i":"date-group-header","$v":"%B %Y"},{"$i":"videoDescriptionShort","$v":"Video dated %I:%M %p, %B %e, %Y"},{"$i":"imageDescriptionShort","$v":"Image dated %I:%M %p, %B %e, %Y"},{"$i":"back-button","ariaLabel":"Back"},{"$i":"crop-options","ariaLabel":"Crop"},{"$i":"crop-revert","ariaLabel":"Revert"},{"$i":"crop-aspect-free","ariaLabel":"Custom aspect ratio"},{"$i":"crop-aspect-portrait","ariaLabel":"Portrait aspect ratio"},{"$i":"crop-aspect-landscape","ariaLabel":"Landscape aspect ratio"},{"$i":"crop-aspect-square","ariaLabel":"Square aspect ratio"},{"$i":"effect-options","ariaLabel":"Effect"},{"$i":"effect-none","ariaLabel":"None"},{"$i":"effect-bw","ariaLabel":"Black and white"},{"$i":"effect-sepia","ariaLabel":"Sepia"},{"$i":"effect-bluesteel","ariaLabel":"Blue steel"},{"$i":"effect-faded","ariaLabel":"Faded"},{"$i":"exposure-button","ariaLabel":"Exposure"},{"$i":"crop-button","ariaLabel":"Crop"},{"$i":"effect-button","ariaLabel":"Effects"},{"$i":"enhance-button","ariaLabel":"Enhance"},{"$i":"camera-button","ariaLabel":"Camera"},{"$i":"select-multiple-button","ariaLabel":"Select multiple"},{"$i":"edit-button","ariaLabel":"Edit"},{"$i":"share-button","ariaLabel":"Share"},{"$i":"info-button","ariaLabel":"Information"},{"$i":"delete-button","ariaLabel":"Delete"},{"$i":"editImagePreview","ariaLabel":"Edit image preview"},{"$i":"weekday-0-long","$v":"Недела"},{"$i":"weekday-1-long","$v":"Понеделник"},{"$i":"weekday-2-long","$v":"Вторник"},{"$i":"weekday-3-long","$v":"Среда"},{"$i":"weekday-4-long","$v":"Четврток"},{"$i":"weekday-5-long","$v":"Петок"},{"$i":"weekday-6-long","$v":"Сабота"},{"$i":"weekday-0-short","$v":"Нед"},{"$i":"weekday-1-short","$v":"Пон"},{"$i":"weekday-2-short","$v":"Вто"},{"$i":"weekday-3-short","$v":"Сре"},{"$i":"weekday-4-short","$v":"Чет"},{"$i":"weekday-5-short","$v":"Пет"},{"$i":"weekday-6-short","$v":"Саб"},{"$i":"month-0-long","$v":"јануари"},{"$i":"month-1-long","$v":"февруари"},{"$i":"month-2-long","$v":"март"},{"$i":"month-3-long","$v":"април"},{"$i":"month-4-long","$v":"мај"},{"$i":"month-5-long","$v":"јуни"},{"$i":"month-6-long","$v":"јули"},{"$i":"month-7-long","$v":"август"},{"$i":"month-8-long","$v":"септември"},{"$i":"month-9-long","$v":"октомври"},{"$i":"month-10-long","$v":"ноември"},{"$i":"month-11-long","$v":"декември"},{"$i":"month-0-genitive","$v":"јануари"},{"$i":"month-1-genitive","$v":"февруари"},{"$i":"month-2-genitive","$v":"март"},{"$i":"month-3-genitive","$v":"април"},{"$i":"month-4-genitive","$v":"мај"},{"$i":"month-5-genitive","$v":"јуни"},{"$i":"month-6-genitive","$v":"јули"},{"$i":"month-7-genitive","$v":"август"},{"$i":"month-8-genitive","$v":"септември"},{"$i":"month-9-genitive","$v":"октомври"},{"$i":"month-10-genitive","$v":"ноември"},{"$i":"month-11-genitive","$v":"декември"},{"$i":"month-0-short","$v":"јан"},{"$i":"month-1-short","$v":"фев"},{"$i":"month-2-short","$v":"мар"},{"$i":"month-3-short","$v":"апр"},{"$i":"month-4-short","$v":"мај"},{"$i":"month-5-short","$v":"јун"},{"$i":"month-6-short","$v":"јул"},{"$i":"month-7-short","$v":"авг"},{"$i":"month-8-short","$v":"сеп"},{"$i":"month-9-short","$v":"окт"},{"$i":"month-10-short","$v":"ное"},{"$i":"month-11-short","$v":"дек"},{"$i":"minutes-ago-long","$v":{"zero":"сега","one":"пред една минута","two":["пред ",{"t":"idOrVar","v":"value"}," минути"],"few":["пред ",{"t":"idOrVar","v":"value"}," минути"],"many":["пред ",{"t":"idOrVar","v":"value"}," минути"],"other":["пред ",{"t":"idOrVar","v":"value"}," минути"]},"$x":[{"t":"idOrVar","v":"plural"},"value"]},{"$i":"hours-ago-long","$v":{"zero":"сега","one":"пред еден час","two":["пред ",{"t":"idOrVar","v":"value"}," часа"],"few":["пред ",{"t":"idOrVar","v":"value"}," часа"],"many":["пред ",{"t":"idOrVar","v":"value"}," часови"],"other":["пред ",{"t":"idOrVar","v":"value"}," часови"]},"$x":[{"t":"idOrVar","v":"plural"},"value"]},{"$i":"days-ago-long","$v":{"zero":"денес","one":"вчера","two":["пред ",{"t":"idOrVar","v":"value"}," дена"],"few":["пред ",{"t":"idOrVar","v":"value"}," дена"],"many":["пред ",{"t":"idOrVar","v":"value"}," денови"],"other":["пред ",{"t":"idOrVar","v":"value"}," денови"]},"$x":[{"t":"idOrVar","v":"plural"},"value"]},{"$i":"weeks-ago-long","$v":{"zero":"оваа недела","one":"минатата недела","two":["пред ",{"t":"idOrVar","v":"value"}," недели"],"few":["пред ",{"t":"idOrVar","v":"value"}," недели"],"many":["пред ",{"t":"idOrVar","v":"value"}," недели"],"other":["пред ",{"t":"idOrVar","v":"value"}," недели"]},"$x":[{"t":"idOrVar","v":"plural"},"value"]},{"$i":"months-ago-long","$v":{"zero":"овој месец","one":"минатиот месец","two":["пред ",{"t":"idOrVar","v":"value"}," месеци"],"few":["пред ",{"t":"idOrVar","v":"value"}," месеци"],"many":["пред ",{"t":"idOrVar","v":"value"}," месеци"],"other":["пред ",{"t":"idOrVar","v":"value"}," месеци"]},"$x":[{"t":"idOrVar","v":"plural"},"value"]},{"$i":"years-ago-long","$v":{"zero":"оваа година","one":"минатата година","two":["пред ",{"t":"idOrVar","v":"value"}," години"],"few":["пред ",{"t":"idOrVar","v":"value"}," години"],"many":["пред ",{"t":"idOrVar","v":"value"}," години"],"other":["пред ",{"t":"idOrVar","v":"value"}," години"]},"$x":[{"t":"idOrVar","v":"plural"},"value"]},{"$i":"minutes-until-long","$v":{"zero":"сега","one":"за една минута","two":["за ",{"t":"idOrVar","v":"value"}," минути"],"few":["за ",{"t":"idOrVar","v":"value"}," минути"],"many":["за ",{"t":"idOrVar","v":"value"}," минути"],"other":["за ",{"t":"idOrVar","v":"value"}," минути"]},"$x":[{"t":"idOrVar","v":"plural"},"value"]},{"$i":"hours-until-long","$v":{"zero":"сега","one":"за еден час","two":["за ",{"t":"idOrVar","v":"value"}," часа"],"few":["за ",{"t":"idOrVar","v":"value"}," часа"],"many":["за ",{"t":"idOrVar","v":"value"}," часови"],"other":["за ",{"t":"idOrVar","v":"value"}," часови"]},"$x":[{"t":"idOrVar","v":"plural"},"value"]},{"$i":"days-until-long","$v":{"zero":"денес","one":"утре","two":["за ",{"t":"idOrVar","v":"value"}," дена"],"few":["за ",{"t":"idOrVar","v":"value"}," дена"],"many":["за ",{"t":"idOrVar","v":"value"}," денови"],"other":["за ",{"t":"idOrVar","v":"value"}," денови"]},"$x":[{"t":"idOrVar","v":"plural"},"value"]},{"$i":"weeks-until-long","$v":{"zero":"оваа седмица","one":"следната седмица","two":["за ",{"t":"idOrVar","v":"value"}," седмици"],"few":["за ",{"t":"idOrVar","v":"value"}," седмици"],"many":["за ",{"t":"idOrVar","v":"value"}," седмици"],"other":["за ",{"t":"idOrVar","v":"value"}," седмици"]},"$x":[{"t":"idOrVar","v":"plural"},"value"]},{"$i":"months-until-long","$v":{"zero":"овој месец","one":"следниот месец","two":["за ",{"t":"idOrVar","v":"value"}," месеци"],"few":["за ",{"t":"idOrVar","v":"value"}," месеци"],"many":["за ",{"t":"idOrVar","v":"value"}," месеци"],"other":["за ",{"t":"idOrVar","v":"value"}," месеци"]},"$x":[{"t":"idOrVar","v":"plural"},"value"]},{"$i":"years-until-long","$v":{"zero":"оваа година","one":"следната година","two":["за ",{"t":"idOrVar","v":"value"}," години"],"few":["за ",{"t":"idOrVar","v":"value"}," години"],"many":["за ",{"t":"idOrVar","v":"value"}," години"],"other":["за ",{"t":"idOrVar","v":"value"}," години"]},"$x":[{"t":"idOrVar","v":"plural"},"value"]},{"$i":"minutes-ago-short","$v":{"zero":"сега","other":["пред ",{"t":"idOrVar","v":"value"},"m"]},"$x":[{"t":"idOrVar","v":"plural"},"value"]},{"$i":"hours-ago-short","$v":{"zero":"сега","other":["пред ",{"t":"idOrVar","v":"value"},"h"]},"$x":[{"t":"idOrVar","v":"plural"},"value"]},{"$i":"days-ago-short","$v":{"zero":"денес","other":["пред ",{"t":"idOrVar","v":"value"},"d"]},"$x":[{"t":"idOrVar","v":"plural"},"value"]},{"$i":"minutes-until-short","$v":{"zero":"сега","other":["за ",{"t":"idOrVar","v":"value"},"m"]},"$x":[{"t":"idOrVar","v":"plural"},"value"]},{"$i":"hours-until-short","$v":{"zero":"сега","other":["за ",{"t":"idOrVar","v":"value"},"h"]},"$x":[{"t":"idOrVar","v":"plural"},"value"]},{"$i":"days-until-short","$v":{"zero":"денес","other":["за ",{"t":"idOrVar","v":"value"},"d"]},"$x":[{"t":"idOrVar","v":"plural"},"value"]},{"$i":"incorrectDate","$v":"(неточен датум)"},{"$i":"dateTimeFormat_%c","$v":"%a %b %e %Y %H:%M:%S"},{"$i":"dateTimeFormat_%x","$v":"%d/%m/%Y"},{"$i":"dateTimeFormat_%X","$v":"%H:%M:%S"},{"$i":"shortTimeFormat","$v":"%H:%M"},{"$i":"shortTimeFormat12","$v":"%I:%M %p"},{"$i":"shortTimeFormat24","$v":"%H:%M"},{"$i":"shortDateTimeFormat","$v":"%x %H:%M"},{"$i":"weekStartsOnMonday","$v":"1"},{"$i":"firstDayOfTheWeek","$v":"0"},{"$i":"time_am","$v":"AM"},{"$i":"time_pm","$v":"PM"},{"$i":"playbackPlay","ariaLabel":"Play"},{"$i":"playbackPause","ariaLabel":"Pause"},{"$i":"playbackNext","ariaLabel":"Next"},{"$i":"playbackPrevious","ariaLabel":"Previous"},{"$i":"playbackFullscreen","ariaLabel":"Fullscreen"},{"$i":"playbackSeekBar","ariaLabel":["Seek bar, duration ",{"t":"idOrVar","v":"duration"}]}]