[{"$i":"number-selected2","$v":{"zero":"Selecteren","one":[{"t":"idOrVar","v":"n"}," geselecteerd"],"two":[{"t":"idOrVar","v":"n"}," geselecteerd"],"few":[{"t":"idOrVar","v":"n"}," geselecteerd"],"many":[{"t":"idOrVar","v":"n"}," geselecteerd"],"other":[{"t":"idOrVar","v":"n"}," geselecteerd"]},"$x":[{"t":"idOrVar","v":"plural"},"n"]},{"$i":"delete-photo?","$v":"Foto verwijderen?"},{"$i":"delete-video?","$v":"Video verwijderen?"},{"$i":"delete-n-items?","$v":{"zero":"Niets geselecteerd","one":"Geselecteerde item verwijderen?","two":[{"t":"idOrVar","v":"n"}," items verwijderen?"],"few":[{"t":"idOrVar","v":"n"}," items verwijderen?"],"many":[{"t":"idOrVar","v":"n"}," items verwijderen?"],"other":[{"t":"idOrVar","v":"n"}," items verwijderen?"]},"$x":[{"t":"idOrVar","v":"plural"},"n"]},{"$i":"pickoneimage2","$v":"Selecteren"},{"$i":"cropimage","$v":"Bijsnijden"},{"$i":"cancel","$v":"Annuleren"},{"$i":"delete","$v":"Verwijderen"},{"$i":"ok","$v":"OK"},{"$i":"edit","$v":"Bewerken"},{"$i":"save","$v":"Opslaan"},{"$i":"done","$v":"Gereed"},{"$i":"exposure","$v":"Belichting"},{"$i":"crop","$v":"Bijsnijden"},{"$i":"effects","$v":"Effecten"},{"$i":"borders","$v":"Randen"},{"$i":"enhance-on","$v":"Auto-verbeteren aan"},{"$i":"enhance-off","$v":"Auto-verbeteren uit"},{"$i":"apply","$v":"Toepassen"},{"$i":"filters","$v":"Filters"},{"$i":"original","$v":"Origineel"},{"$i":"blackandwhite","$v":"Z/W"},{"$i":"sepia","$v":"Sepia"},{"$i":"freeform","$v":"Vrije vorm"},{"$i":"portrait","$v":"Staand"},{"$i":"landscape","$v":"Liggend"},{"$i":"square","$v":"Vierkant"},{"$i":"emptygallery2-title","$v":"Geen foto’s of video’s"},{"$i":"emptygallery2-text","$v":"Gebruik de Camera-app om te beginnen."},{"$i":"emptygallery2-title-pick","$v":"Geen foto’s"},{"$i":"nocard3-title","$v":"Geen geheugenkaart"},{"$i":"nocard4-text","$v":"Plaats een geheugenkaart om deze app te gebruiken."},{"$i":"pluggedin2-title","$v":"Geheugenkaart in gebruik"},{"$i":"pluggedin2-text","$v":"Ontkoppel de telefoon om deze app te gebruiken."},{"$i":"scanning-title","$v":"Scannen"},{"$i":"scanning-text","$v":"Zoeken naar foto’s en video’s."},{"$i":"upgrade-title","$v":"Database-upgrade"},{"$i":"upgrade-text","$v":"Een moment, database van Galerij wordt bijgewerkt."},{"$i":"share-noprovider","$v":"Kan dit type afbeeldingsbestand niet delen."},{"$i":"memorycardfull","$v":"Kan geen foto’s bewerken: geheugenkaart is vol."},{"$i":"imagetoobig","$v":"Afbeelding is te groot om op dit apparaat te worden weergegeven."},{"$i":"imageinvalid","$v":"Afbeelding is ongeldig of beschadigd en kan niet worden weergegeven."},{"$i":"saved","$v":[{"t":"idOrVar","v":"filename"}," opgelagen in Galerij"]},{"$i":"edit-copy-saved","$v":"Nieuwe kopie opgeslagen."},{"$i":"overlay-camera-button","$v":"Naar camera"},{"$i":"name-label","$v":"Naam"},{"$i":"size-label","$v":"Grootte"},{"$i":"image-type-label","$v":"Afbeeldingstype"},{"$i":"date-taken-label","$v":"Gemaakt op"},{"$i":"resolution-label","$v":"Resolutie"},{"$i":"close-button","$v":"Sluiten"},{"$i":"byteUnit-B","$v":"Bytes"},{"$i":"byteUnit-KB","$v":"KB"},{"$i":"byteUnit-MB","$v":"MB"},{"$i":"byteUnit-GB","$v":"GB"},{"$i":"gallery","$v":"Galerij"},{"$i":"preview","$v":"Voorbeeld"},{"$i":"date-group-header","$v":"%B %Y"},{"$i":"videoDescriptionShort","$v":"Datum van video: %H:%M, %e %B %Y"},{"$i":"imageDescriptionShort","$v":"Datum van afbeelding: %H:%M, %e %B %Y"},{"$i":"back-button","ariaLabel":"Terug"},{"$i":"crop-options","ariaLabel":"Bijsnijden"},{"$i":"crop-revert","ariaLabel":"Ongedaan maken"},{"$i":"crop-aspect-free","ariaLabel":"Aangepaste hoogte-breedteverhouding"},{"$i":"crop-aspect-portrait","ariaLabel":"Staande hoogte-breedteverhouding"},{"$i":"crop-aspect-landscape","ariaLabel":"Liggende hoogte-breedteverhouding"},{"$i":"crop-aspect-square","ariaLabel":"Vierkante hoogte-breedteverhouding"},{"$i":"effect-options","ariaLabel":"Effect"},{"$i":"effect-none","ariaLabel":"Geen"},{"$i":"effect-bw","ariaLabel":"Zwart-wit"},{"$i":"effect-sepia","ariaLabel":"Sepia"},{"$i":"effect-bluesteel","ariaLabel":"Hemelsblauw"},{"$i":"effect-faded","ariaLabel":"Vervaagd"},{"$i":"exposure-button","ariaLabel":"Belichting"},{"$i":"crop-button","ariaLabel":"Bijsnijden"},{"$i":"effect-button","ariaLabel":"Effecten"},{"$i":"enhance-button","ariaLabel":"Verbeteren"},{"$i":"camera-button","ariaLabel":"Camera"},{"$i":"select-multiple-button","ariaLabel":"Meerdere selecteren"},{"$i":"edit-button","ariaLabel":"Bewerken"},{"$i":"share-button","ariaLabel":"Delen"},{"$i":"info-button","ariaLabel":"Informatie"},{"$i":"delete-button","ariaLabel":"Verwijderen"},{"$i":"editImagePreview","ariaLabel":"Afbeeldingsvoorbeeld bewerken"},{"$i":"weekday-0-long","$v":"zondag"},{"$i":"weekday-1-long","$v":"maandag"},{"$i":"weekday-2-long","$v":"dinsdag"},{"$i":"weekday-3-long","$v":"woensdag"},{"$i":"weekday-4-long","$v":"donderdag"},{"$i":"weekday-5-long","$v":"vrijdag"},{"$i":"weekday-6-long","$v":"zaterdag"},{"$i":"weekday-0-short","$v":"zon"},{"$i":"weekday-1-short","$v":"maa"},{"$i":"weekday-2-short","$v":"din"},{"$i":"weekday-3-short","$v":"woe"},{"$i":"weekday-4-short","$v":"don"},{"$i":"weekday-5-short","$v":"vrij"},{"$i":"weekday-6-short","$v":"zat"},{"$i":"month-0-long","$v":"januari"},{"$i":"month-1-long","$v":"februari"},{"$i":"month-2-long","$v":"maart"},{"$i":"month-3-long","$v":"april"},{"$i":"month-4-long","$v":"mei"},{"$i":"month-5-long","$v":"juni"},{"$i":"month-6-long","$v":"juli"},{"$i":"month-7-long","$v":"augustus"},{"$i":"month-8-long","$v":"september"},{"$i":"month-9-long","$v":"oktober"},{"$i":"month-10-long","$v":"november"},{"$i":"month-11-long","$v":"december"},{"$i":"month-0-genitive","$v":"januari"},{"$i":"month-1-genitive","$v":"februari"},{"$i":"month-2-genitive","$v":"maart"},{"$i":"month-3-genitive","$v":"april"},{"$i":"month-4-genitive","$v":"mei"},{"$i":"month-5-genitive","$v":"juni"},{"$i":"month-6-genitive","$v":"juli"},{"$i":"month-7-genitive","$v":"augustus"},{"$i":"month-8-genitive","$v":"september"},{"$i":"month-9-genitive","$v":"oktober"},{"$i":"month-10-genitive","$v":"november"},{"$i":"month-11-genitive","$v":"december"},{"$i":"month-0-short","$v":"jan"},{"$i":"month-1-short","$v":"feb"},{"$i":"month-2-short","$v":"mrt"},{"$i":"month-3-short","$v":"apr"},{"$i":"month-4-short","$v":"mei"},{"$i":"month-5-short","$v":"jun"},{"$i":"month-6-short","$v":"jul"},{"$i":"month-7-short","$v":"aug"},{"$i":"month-8-short","$v":"sep"},{"$i":"month-9-short","$v":"okt"},{"$i":"month-10-short","$v":"nov"},{"$i":"month-11-short","$v":"dec"},{"$i":"minutes-ago-long","$v":{"zero":"zojuist","one":"een minuut geleden","two":[{"t":"idOrVar","v":"value"}," minuten geleden"],"few":[{"t":"idOrVar","v":"value"}," minuten geleden"],"many":[{"t":"idOrVar","v":"value"}," minuten geleden"],"other":[{"t":"idOrVar","v":"value"}," minuten geleden"]},"$x":[{"t":"idOrVar","v":"plural"},"value"]},{"$i":"hours-ago-long","$v":{"zero":"zojuist","one":"een uur geleden","two":[{"t":"idOrVar","v":"value"}," uur geleden"],"few":[{"t":"idOrVar","v":"value"}," uur geleden"],"many":[{"t":"idOrVar","v":"value"}," uur geleden"],"other":[{"t":"idOrVar","v":"value"}," uur geleden"]},"$x":[{"t":"idOrVar","v":"plural"},"value"]},{"$i":"days-ago-long","$v":{"zero":"vandaag","one":"gisteren","two":[{"t":"idOrVar","v":"value"}," dagen geleden"],"few":[{"t":"idOrVar","v":"value"}," dagen geleden"],"many":[{"t":"idOrVar","v":"value"}," dagen geleden"],"other":[{"t":"idOrVar","v":"value"}," dagen geleden"]},"$x":[{"t":"idOrVar","v":"plural"},"value"]},{"$i":"weeks-ago-long","$v":{"zero":"deze week","one":"vorige week","two":[{"t":"idOrVar","v":"value"}," weken geleden"],"few":[{"t":"idOrVar","v":"value"}," weken geleden"],"many":[{"t":"idOrVar","v":"value"}," weken geleden"],"other":[{"t":"idOrVar","v":"value"}," weken geleden"]},"$x":[{"t":"idOrVar","v":"plural"},"value"]},{"$i":"months-ago-long","$v":{"zero":"deze maand","one":"vorige maand","two":[{"t":"idOrVar","v":"value"}," maanden geleden"],"few":[{"t":"idOrVar","v":"value"}," maanden geleden"],"many":[{"t":"idOrVar","v":"value"}," maanden geleden"],"other":[{"t":"idOrVar","v":"value"}," maanden geleden"]},"$x":[{"t":"idOrVar","v":"plural"},"value"]},{"$i":"years-ago-long","$v":{"zero":"dit jaar","one":"vorig jaar","two":[{"t":"idOrVar","v":"value"}," jaar geleden"],"few":[{"t":"idOrVar","v":"value"}," jaar geleden"],"many":[{"t":"idOrVar","v":"value"}," jaar geleden"],"other":[{"t":"idOrVar","v":"value"}," jaar geleden"]},"$x":[{"t":"idOrVar","v":"plural"},"value"]},{"$i":"minutes-until-long","$v":{"zero":"nu","one":"zo meteen","two":["over ",{"t":"idOrVar","v":"value"}," minuten"],"few":["over ",{"t":"idOrVar","v":"value"}," minuten"],"many":["over ",{"t":"idOrVar","v":"value"}," minuten"],"other":["over ",{"t":"idOrVar","v":"value"}," minuten"]},"$x":[{"t":"idOrVar","v":"plural"},"value"]},{"$i":"hours-until-long","$v":{"zero":"nu","one":"over een uur","two":["over ",{"t":"idOrVar","v":"value"}," uur"],"few":["over ",{"t":"idOrVar","v":"value"}," uur"],"many":["over ",{"t":"idOrVar","v":"value"}," uur"],"other":["over ",{"t":"idOrVar","v":"value"}," uur"]},"$x":[{"t":"idOrVar","v":"plural"},"value"]},{"$i":"days-until-long","$v":{"zero":"vandaag","one":"morgen","two":["over ",{"t":"idOrVar","v":"value"}," dagen"],"few":["over ",{"t":"idOrVar","v":"value"}," dagen"],"many":["over ",{"t":"idOrVar","v":"value"}," dagen"],"other":["over ",{"t":"idOrVar","v":"value"}," dagen"]},"$x":[{"t":"idOrVar","v":"plural"},"value"]},{"$i":"weeks-until-long","$v":{"zero":"deze week","one":"volgende week","two":["over ",{"t":"idOrVar","v":"value"}," weken"],"few":["over ",{"t":"idOrVar","v":"value"}," weken"],"many":["over ",{"t":"idOrVar","v":"value"}," weken"],"other":["over ",{"t":"idOrVar","v":"value"}," weken"]},"$x":[{"t":"idOrVar","v":"plural"},"value"]},{"$i":"months-until-long","$v":{"zero":"deze maand","one":"volgende maand","two":["over ",{"t":"idOrVar","v":"value"}," maanden"],"few":["over ",{"t":"idOrVar","v":"value"}," maanden"],"many":["over ",{"t":"idOrVar","v":"value"}," maanden"],"other":["over ",{"t":"idOrVar","v":"value"}," maanden"]},"$x":[{"t":"idOrVar","v":"plural"},"value"]},{"$i":"years-until-long","$v":{"zero":"dit jaar","one":"volgend jaar","two":["over ",{"t":"idOrVar","v":"value"}," jaar"],"few":["over ",{"t":"idOrVar","v":"value"}," jaar"],"many":["over ",{"t":"idOrVar","v":"value"}," jaar"],"other":["over ",{"t":"idOrVar","v":"value"}," jaar"]},"$x":[{"t":"idOrVar","v":"plural"},"value"]},{"$i":"minutes-ago-short","$v":{"zero":"zojuist","other":[{"t":"idOrVar","v":"value"},"m geleden"]},"$x":[{"t":"idOrVar","v":"plural"},"value"]},{"$i":"hours-ago-short","$v":{"zero":"zojuist","other":[{"t":"idOrVar","v":"value"},"u geleden"]},"$x":[{"t":"idOrVar","v":"plural"},"value"]},{"$i":"days-ago-short","$v":{"zero":"vandaag","other":[{"t":"idOrVar","v":"value"},"d geleden"]},"$x":[{"t":"idOrVar","v":"plural"},"value"]},{"$i":"minutes-until-short","$v":{"zero":"nu","other":["over ",{"t":"idOrVar","v":"value"},"m"]},"$x":[{"t":"idOrVar","v":"plural"},"value"]},{"$i":"hours-until-short","$v":{"zero":"nu","other":["over ",{"t":"idOrVar","v":"value"},"h"]},"$x":[{"t":"idOrVar","v":"plural"},"value"]},{"$i":"days-until-short","$v":{"zero":"vandaag","other":["over ",{"t":"idOrVar","v":"value"},"d"]},"$x":[{"t":"idOrVar","v":"plural"},"value"]},{"$i":"incorrectDate","$v":"(onjuiste datum)"},{"$i":"dateTimeFormat_%c","$v":"%a %e %b %Y %H:%M:%S"},{"$i":"dateTimeFormat_%x","$v":"%d-%m-%Y"},{"$i":"dateTimeFormat_%X","$v":"%H:%M:%S"},{"$i":"shortTimeFormat","$v":"%H:%M"},{"$i":"shortTimeFormat12","$v":"%I:%M %p"},{"$i":"shortTimeFormat24","$v":"%H:%M"},{"$i":"shortDateTimeFormat","$v":"%x %H:%M"},{"$i":"weekStartsOnMonday","$v":"1"},{"$i":"firstDayOfTheWeek","$v":"1"},{"$i":"time_am","$v":"AM"},{"$i":"time_pm","$v":"PM"},{"$i":"playbackPlay","ariaLabel":"Afspelen"},{"$i":"playbackPause","ariaLabel":"Pauzeren"},{"$i":"playbackNext","ariaLabel":"Next"},{"$i":"playbackPrevious","ariaLabel":"Previous"},{"$i":"playbackFullscreen","ariaLabel":"Volledig scherm"},{"$i":"playbackSeekBar","ariaLabel":["Zoekbalk, duur ",{"t":"idOrVar","v":"duration"}]}]