[{"$i":"number-selected2","$v":{"zero":"Zaznacz","one":[{"t":"idOrVar","v":"n"}," zaznaczony"],"two":[{"t":"idOrVar","v":"n"}," zaznaczone"],"few":[{"t":"idOrVar","v":"n"}," zaznaczone"],"many":[{"t":"idOrVar","v":"n"}," zaznaczonych"],"other":""},"$x":[{"t":"idOrVar","v":"plural"},"n"]},{"$i":"delete-photo?","$v":"Usunąć zdjęcie?"},{"$i":"delete-video?","$v":"Usunąć film?"},{"$i":"delete-n-items?","$v":{"zero":"Niczego nie znaznaczono","one":"Usunąć zaznaczoną rzecz?","two":"Usunąć obie rzeczy?","few":["Usunąć ",{"t":"idOrVar","v":"n"}," rzeczy?"],"many":["Usunąć ",{"t":"idOrVar","v":"n"}," rzeczy?"],"other":""},"$x":[{"t":"idOrVar","v":"plural"},"n"]},{"$i":"pickoneimage2","$v":"Wybierz"},{"$i":"cropimage","$v":"Przytnij"},{"$i":"cancel","$v":"Anuluj"},{"$i":"delete","$v":"Usuń"},{"$i":"ok","$v":"OK"},{"$i":"edit","$v":"Edytuj"},{"$i":"save","$v":"Zapisz"},{"$i":"done","$v":"Gotowe"},{"$i":"exposure","$v":"Ekspozycja"},{"$i":"crop","$v":"Kadrowanie"},{"$i":"effects","$v":"Efekty"},{"$i":"borders","$v":"Ramka"},{"$i":"enhance-on","$v":"Automatyczna korekcja włączona"},{"$i":"enhance-off","$v":"Automatyczna korekcja wyłączona"},{"$i":"apply","$v":"Zastosuj"},{"$i":"filters","$v":"Filtry"},{"$i":"original","$v":"Oryginał"},{"$i":"blackandwhite","$v":"Czarno-białe"},{"$i":"sepia","$v":"Sepia"},{"$i":"freeform","$v":"Dowolne"},{"$i":"portrait","$v":"Portret"},{"$i":"landscape","$v":"Pejzaż"},{"$i":"square","$v":"Kwadrat"},{"$i":"emptygallery2-title","$v":"Brak zdjęć i filmów"},{"$i":"emptygallery2-text","$v":"Skorzystaj z aparatu, aby rozpocząć."},{"$i":"emptygallery2-title-pick","$v":"Brak zdjęć"},{"$i":"nocard3-title","$v":"Brak karty pamięci"},{"$i":"nocard4-text","$v":"Aby używać tej aplikacji, należy włożyć kartę pamięci."},{"$i":"pluggedin2-title","$v":"Zajęta karta pamięci"},{"$i":"pluggedin2-text","$v":"Należy odłączyć telefon, aby używać tej aplikacji."},{"$i":"scanning-title","$v":"Skanowanie"},{"$i":"scanning-text","$v":"Wyszukiwanie zdjęć i klipów."},{"$i":"upgrade-title","$v":"Aktualizacja bazy danych"},{"$i":"upgrade-text","$v":"Poczekaj, aż aplikacja Galeria uaktualni swoją bazę danych."},{"$i":"share-noprovider","$v":"Nie można wysłać obrazka w tym formacie."},{"$i":"memorycardfull","$v":"Nie można edytować zdjęć: karta pamięci jest pełna."},{"$i":"imagetoobig","$v":"Zdjęcie jest zbyt duże, aby wyświetlić je na tym urządzeniu."},{"$i":"imageinvalid","$v":"Plik zdjęcia jest nieprawidłowy lub uszkodzony i nie może zostać wyświetlony."},{"$i":"saved","$v":["„",{"t":"idOrVar","v":"filename"},"” dodano do Galerii"]},{"$i":"edit-copy-saved","$v":"Zapisano nową kopię."},{"$i":"overlay-camera-button","$v":"Przejdź do Aparatu"},{"$i":"name-label","$v":"Nazwa"},{"$i":"size-label","$v":"Rozmiar"},{"$i":"image-type-label","$v":"Typ zdjęcia"},{"$i":"date-taken-label","$v":"Data utworzenia"},{"$i":"resolution-label","$v":"Rozdzielczość"},{"$i":"close-button","$v":"Zamknij"},{"$i":"byteUnit-B","$v":"B"},{"$i":"byteUnit-KB","$v":"KB"},{"$i":"byteUnit-MB","$v":"MB"},{"$i":"byteUnit-GB","$v":"GB"},{"$i":"gallery","$v":"Galeria"},{"$i":"preview","$v":"Podgląd"},{"$i":"date-group-header","$v":"%B %Y"},{"$i":"videoDescriptionShort","$v":"Wideo utworzone o %I:%M, %e %eB, %Y"},{"$i":"imageDescriptionShort","$v":"Zdjęcie utworzone o %I:%M, %e %eB, %Y"},{"$i":"back-button","ariaLabel":"Wstecz"},{"$i":"crop-options","ariaLabel":"Przytnij"},{"$i":"crop-revert","ariaLabel":"Odwróć"},{"$i":"crop-aspect-free","ariaLabel":"Dowolne proporcje"},{"$i":"crop-aspect-portrait","ariaLabel":"Wyższy niż szerszy"},{"$i":"crop-aspect-landscape","ariaLabel":"Szerszy niż wyższy"},{"$i":"crop-aspect-square","ariaLabel":"Kwadrat"},{"$i":"effect-options","ariaLabel":"Efekt"},{"$i":"effect-none","ariaLabel":"Brak"},{"$i":"effect-bw","ariaLabel":"Czarnobiałe"},{"$i":"effect-sepia","ariaLabel":"Sepia"},{"$i":"effect-bluesteel","ariaLabel":"Blue steel"},{"$i":"effect-faded","ariaLabel":"Przygaszony"},{"$i":"exposure-button","ariaLabel":"Ekspozycja"},{"$i":"crop-button","ariaLabel":"Przytnij"},{"$i":"effect-button","ariaLabel":"Efekty"},{"$i":"enhance-button","ariaLabel":"Korekcja"},{"$i":"camera-button","ariaLabel":"Aparat"},{"$i":"select-multiple-button","ariaLabel":"Wybierz wiele"},{"$i":"edit-button","ariaLabel":"Edytuj"},{"$i":"share-button","ariaLabel":"Udostępnij"},{"$i":"info-button","ariaLabel":"Informacje"},{"$i":"delete-button","ariaLabel":"Usuń"},{"$i":"editImagePreview","ariaLabel":"Podgląd edytowanego obrazka"},{"$i":"weekday-0-long","$v":"Niedziela"},{"$i":"weekday-1-long","$v":"Poniedziałek"},{"$i":"weekday-2-long","$v":"Wtorek"},{"$i":"weekday-3-long","$v":"Środa"},{"$i":"weekday-4-long","$v":"Czwartek"},{"$i":"weekday-5-long","$v":"Piątek"},{"$i":"weekday-6-long","$v":"Sobota"},{"$i":"weekday-0-short","$v":"Nd"},{"$i":"weekday-1-short","$v":"Pn"},{"$i":"weekday-2-short","$v":"Wt"},{"$i":"weekday-3-short","$v":"Śr"},{"$i":"weekday-4-short","$v":"Cz"},{"$i":"weekday-5-short","$v":"Pt"},{"$i":"weekday-6-short","$v":"Sb"},{"$i":"month-0-long","$v":"Styczeń"},{"$i":"month-1-long","$v":"Luty"},{"$i":"month-2-long","$v":"Marzec"},{"$i":"month-3-long","$v":"Kwiecień"},{"$i":"month-4-long","$v":"Maj"},{"$i":"month-5-long","$v":"Czerwiec"},{"$i":"month-6-long","$v":"Lipiec"},{"$i":"month-7-long","$v":"Sierpień"},{"$i":"month-8-long","$v":"Wrzesień"},{"$i":"month-9-long","$v":"Październik"},{"$i":"month-10-long","$v":"Listopad"},{"$i":"month-11-long","$v":"Grudzień"},{"$i":"month-0-genitive","$v":"stycznia"},{"$i":"month-1-genitive","$v":"lutego"},{"$i":"month-2-genitive","$v":"marca"},{"$i":"month-3-genitive","$v":"kwietnia"},{"$i":"month-4-genitive","$v":"maja"},{"$i":"month-5-genitive","$v":"czerwca"},{"$i":"month-6-genitive","$v":"lipca"},{"$i":"month-7-genitive","$v":"sierpnia"},{"$i":"month-8-genitive","$v":"września"},{"$i":"month-9-genitive","$v":"października"},{"$i":"month-10-genitive","$v":"listopada"},{"$i":"month-11-genitive","$v":"grudnia"},{"$i":"month-0-short","$v":"sty"},{"$i":"month-1-short","$v":"lut"},{"$i":"month-2-short","$v":"mar"},{"$i":"month-3-short","$v":"kwi"},{"$i":"month-4-short","$v":"maj"},{"$i":"month-5-short","$v":"cze"},{"$i":"month-6-short","$v":"lip"},{"$i":"month-7-short","$v":"sie"},{"$i":"month-8-short","$v":"wrz"},{"$i":"month-9-short","$v":"paź"},{"$i":"month-10-short","$v":"lis"},{"$i":"month-11-short","$v":"gru"},{"$i":"minutes-ago-long","$v":{"zero":"w tym momencie","one":"przed minutą","two":"dwie minuty temu","few":[{"t":"idOrVar","v":"value"}," minuty temu"],"many":[{"t":"idOrVar","v":"value"}," minut temu"],"other":""},"$x":[{"t":"idOrVar","v":"plural"},"value"]},{"$i":"hours-ago-long","$v":{"zero":"w tej godzinie","one":"godzinę temu","two":"dwie godziny temu","few":[{"t":"idOrVar","v":"value"}," godziny temu"],"many":[{"t":"idOrVar","v":"value"}," godzin temu"],"other":""},"$x":[{"t":"idOrVar","v":"plural"},"value"]},{"$i":"days-ago-long","$v":{"zero":"dzisiaj","one":"wczoraj","two":"przedwczoraj","few":[{"t":"idOrVar","v":"value"}," dni temu"],"many":[{"t":"idOrVar","v":"value"}," dni temu"],"other":""},"$x":[{"t":"idOrVar","v":"plural"},"value"]},{"$i":"weeks-ago-long","$v":{"zero":"w tym tygodniu","one":"w zeszłym tygodniu","two":"dwa tygodnie temu","few":[{"t":"idOrVar","v":"value"}," tygodnie temu"],"many":[{"t":"idOrVar","v":"value"}," tygodni temu"],"other":""},"$x":[{"t":"idOrVar","v":"plural"},"value"]},{"$i":"months-ago-long","$v":{"zero":"w tym miesiącu","one":"w zeszłym miesiącu","two":"dwa miesiące temu","few":[{"t":"idOrVar","v":"value"}," miesiące temu"],"many":[{"t":"idOrVar","v":"value"}," miesięcy temu"],"other":""},"$x":[{"t":"idOrVar","v":"plural"},"value"]},{"$i":"years-ago-long","$v":{"zero":"w tym roku","one":"w zeszłym roku","two":"dwa lata temu","few":[{"t":"idOrVar","v":"value"}," lata temu"],"many":[{"t":"idOrVar","v":"value"}," lat temu"],"other":""},"$x":[{"t":"idOrVar","v":"plural"},"value"]},{"$i":"minutes-until-long","$v":{"zero":"teraz","one":"za minutę","two":"za dwie minuty","few":["za ",{"t":"idOrVar","v":"value"}," minuty"],"many":["za ",{"t":"idOrVar","v":"value"}," minut"],"other":""},"$x":[{"t":"idOrVar","v":"plural"},"value"]},{"$i":"hours-until-long","$v":{"zero":"teraz","one":"za godzinę","two":"za dwie godziny","few":["za ",{"t":"idOrVar","v":"value"}," godziny"],"many":["za ",{"t":"idOrVar","v":"value"}," godzin"],"other":""},"$x":[{"t":"idOrVar","v":"plural"},"value"]},{"$i":"days-until-long","$v":{"zero":"dzisiaj","one":"jutro","two":"za dwa dni","few":["za ",{"t":"idOrVar","v":"value"}," dni"],"many":["za ",{"t":"idOrVar","v":"value"}," dni"],"other":""},"$x":[{"t":"idOrVar","v":"plural"},"value"]},{"$i":"weeks-until-long","$v":{"zero":"w tym tygodniu","one":"w przyszłym tygodniu","two":"za dwa tygodnie","few":["za ",{"t":"idOrVar","v":"value"}," tygodnie"],"many":["za ",{"t":"idOrVar","v":"value"}," tygodni"],"other":""},"$x":[{"t":"idOrVar","v":"plural"},"value"]},{"$i":"months-until-long","$v":{"zero":"w tym miesiącu","one":"w przyszłym miesiącu","two":"za dwa miesiące","few":["za ",{"t":"idOrVar","v":"value"}," miesiące"],"many":["za ",{"t":"idOrVar","v":"value"}," miesięcy"],"other":""},"$x":[{"t":"idOrVar","v":"plural"},"value"]},{"$i":"years-until-long","$v":{"zero":"w tym roku","one":"w przyszłym roku","two":"za dwa lata","few":["za ",{"t":"idOrVar","v":"value"}," lata"],"many":["za ",{"t":"idOrVar","v":"value"}," lat"],"other":""},"$x":[{"t":"idOrVar","v":"plural"},"value"]},{"$i":"minutes-ago-short","$v":{"zero":"teraz","other":[{"t":"idOrVar","v":"value"}," min temu"]},"$x":[{"t":"idOrVar","v":"plural"},"value"]},{"$i":"hours-ago-short","$v":{"zero":"teraz","other":[{"t":"idOrVar","v":"value"}," godz. temu"]},"$x":[{"t":"idOrVar","v":"plural"},"value"]},{"$i":"days-ago-short","$v":{"zero":"dzisiaj","other":[{"t":"idOrVar","v":"value"}," dni temu"]},"$x":[{"t":"idOrVar","v":"plural"},"value"]},{"$i":"minutes-until-short","$v":{"zero":"teraz","other":["za ",{"t":"idOrVar","v":"value"}," min"]},"$x":[{"t":"idOrVar","v":"plural"},"value"]},{"$i":"hours-until-short","$v":{"zero":"teraz","other":["za ",{"t":"idOrVar","v":"value"}," godz."]},"$x":[{"t":"idOrVar","v":"plural"},"value"]},{"$i":"days-until-short","$v":{"zero":"dzisiaj","other":["za ",{"t":"idOrVar","v":"value"}," dni"]},"$x":[{"t":"idOrVar","v":"plural"},"value"]},{"$i":"incorrectDate","$v":"(nieprawidłowa data)"},{"$i":"dateTimeFormat_%c","$v":"%a, %e %b %Y, %H:%M:%S"},{"$i":"dateTimeFormat_%x","$v":"%e.%m.%Y"},{"$i":"dateTimeFormat_%X","$v":"%H:%M:%S"},{"$i":"shortTimeFormat","$v":"%H:%M"},{"$i":"shortTimeFormat12","$v":"%I:%M a.m."},{"$i":"shortTimeFormat24","$v":"%H:%M"},{"$i":"shortDateTimeFormat","$v":"%x %H:%M"},{"$i":"weekStartsOnMonday","$v":"1"},{"$i":"firstDayOfTheWeek","$v":"1"},{"$i":"time_am","$v":"a.m."},{"$i":"time_pm","$v":"p.m."},{"$i":"playbackPlay","ariaLabel":"Odtwarzaj"},{"$i":"playbackPause","ariaLabel":"Wstrzymaj"},{"$i":"playbackNext","ariaLabel":"Next"},{"$i":"playbackPrevious","ariaLabel":"Previous"},{"$i":"playbackFullscreen","ariaLabel":"Pełny ekran"},{"$i":"playbackSeekBar","ariaLabel":["Pasek postępu, czas ",{"t":"idOrVar","v":"duration"}]}]