[{"$i":"number-selected2","$v":{"zero":"Selecionar","one":[{"t":"idOrVar","v":"n"}," selecionado"],"two":[{"t":"idOrVar","v":"n"}," selecionadas"],"few":[{"t":"idOrVar","v":"n"}," selecionadas"],"many":[{"t":"idOrVar","v":"n"}," selecionadas"],"other":[{"t":"idOrVar","v":"n"}," selecionadas"]},"$x":[{"t":"idOrVar","v":"plural"},"n"]},{"$i":"delete-photo?","$v":"Apagar foto?"},{"$i":"delete-video?","$v":"Apagar vídeo?"},{"$i":"delete-n-items?","$v":{"zero":"Nada foi selecionado","one":"Apagar o item selecionado?","two":["Apagar os ",{"t":"idOrVar","v":"n"}," itens?"],"few":["Apagar os ",{"t":"idOrVar","v":"n"}," itens?"],"many":["Apagar os ",{"t":"idOrVar","v":"n"}," itens?"],"other":["Apagar os ",{"t":"idOrVar","v":"n"}," itens?"]},"$x":[{"t":"idOrVar","v":"plural"},"n"]},{"$i":"pickoneimage2","$v":"Selecionar"},{"$i":"cropimage","$v":"Cortar"},{"$i":"cancel","$v":"Cancelar"},{"$i":"delete","$v":"Apagar"},{"$i":"ok","$v":"OK"},{"$i":"edit","$v":"Editar"},{"$i":"save","$v":"Salvar"},{"$i":"done","$v":"Pronto"},{"$i":"exposure","$v":"Exposição"},{"$i":"crop","$v":"Cortar"},{"$i":"effects","$v":"Efeitos"},{"$i":"borders","$v":"Bordas"},{"$i":"enhance-on","$v":"Auto-correção ativada"},{"$i":"enhance-off","$v":"Auto-correção desativada"},{"$i":"apply","$v":"Aplicar"},{"$i":"filters","$v":"Filtros"},{"$i":"original","$v":"Original"},{"$i":"blackandwhite","$v":"Preto e branco"},{"$i":"sepia","$v":"Sépia"},{"$i":"freeform","$v":"Forma livre"},{"$i":"portrait","$v":"Retrato"},{"$i":"landscape","$v":"Paisagem"},{"$i":"square","$v":"Quadrado"},{"$i":"emptygallery2-title","$v":"Nenhuma foto ou vídeo"},{"$i":"emptygallery2-text","$v":"Use a Câmera para começar."},{"$i":"emptygallery2-title-pick","$v":"Nenhuma foto"},{"$i":"nocard3-title","$v":"Nenhum cartão de memória"},{"$i":"nocard4-text","$v":"Insira um cartão de memória para usar este aplicativo."},{"$i":"pluggedin2-title","$v":"Cartão de memória em uso"},{"$i":"pluggedin2-text","$v":"Desplugue seu aparelho para usar este aplicativo."},{"$i":"scanning-title","$v":"Procurando"},{"$i":"scanning-text","$v":"Procurando fotos e vídeos."},{"$i":"upgrade-title","$v":"Atualização do banco de dados"},{"$i":"upgrade-text","$v":"Por favor, aguarde enquanto o banco de dados da Galeria é atualizado."},{"$i":"share-noprovider","$v":"Não é possível compartilhar esse tipo de imagem."},{"$i":"memorycardfull","$v":"Não é possível editar fotos: o cartão de memória está cheio."},{"$i":"imagetoobig","$v":"A imagem é muito grande para ser exibida neste aparelho."},{"$i":"imageinvalid","$v":"A imagem é inválida ou está corrompida e não pode ser exibida."},{"$i":"saved","$v":[{"t":"idOrVar","v":"filename"}," salva na Galeria"]},{"$i":"edit-copy-saved","$v":"Nova cópia salva."},{"$i":"overlay-camera-button","$v":"Ir para a Câmera"},{"$i":"name-label","$v":"Nome"},{"$i":"size-label","$v":"Tamanho"},{"$i":"image-type-label","$v":"Tipo da imagem"},{"$i":"date-taken-label","$v":"Data da criação"},{"$i":"resolution-label","$v":"Resolução"},{"$i":"close-button","$v":"Fechar"},{"$i":"byteUnit-B","$v":"Bytes"},{"$i":"byteUnit-KB","$v":"KB"},{"$i":"byteUnit-MB","$v":"MB"},{"$i":"byteUnit-GB","$v":"GB"},{"$i":"gallery","$v":"Galeria"},{"$i":"preview","$v":"Pré-visualização"},{"$i":"date-group-header","$v":"%B de %Y"},{"$i":"videoDescriptionShort","$v":"Video dated %I:%M %p, %B %e, %Y"},{"$i":"imageDescriptionShort","$v":"Image dated %I:%M %p, %B %e, %Y"},{"$i":"back-button","ariaLabel":"Back"},{"$i":"crop-options","ariaLabel":"Crop"},{"$i":"crop-revert","ariaLabel":"Revert"},{"$i":"crop-aspect-free","ariaLabel":"Custom aspect ratio"},{"$i":"crop-aspect-portrait","ariaLabel":"Portrait aspect ratio"},{"$i":"crop-aspect-landscape","ariaLabel":"Landscape aspect ratio"},{"$i":"crop-aspect-square","ariaLabel":"Square aspect ratio"},{"$i":"effect-options","ariaLabel":"Effect"},{"$i":"effect-none","ariaLabel":"None"},{"$i":"effect-bw","ariaLabel":"Black and white"},{"$i":"effect-sepia","ariaLabel":"Sepia"},{"$i":"effect-bluesteel","ariaLabel":"Blue steel"},{"$i":"effect-faded","ariaLabel":"Faded"},{"$i":"exposure-button","ariaLabel":"Exposure"},{"$i":"crop-button","ariaLabel":"Crop"},{"$i":"effect-button","ariaLabel":"Effects"},{"$i":"enhance-button","ariaLabel":"Enhance"},{"$i":"camera-button","ariaLabel":"Camera"},{"$i":"select-multiple-button","ariaLabel":"Select multiple"},{"$i":"edit-button","ariaLabel":"Edit"},{"$i":"share-button","ariaLabel":"Share"},{"$i":"info-button","ariaLabel":"Information"},{"$i":"delete-button","ariaLabel":"Delete"},{"$i":"editImagePreview","ariaLabel":"Edit image preview"},{"$i":"weekday-0-long","$v":"Domingo"},{"$i":"weekday-1-long","$v":"Segunda-feira"},{"$i":"weekday-2-long","$v":"Terça-feira"},{"$i":"weekday-3-long","$v":"Quarta-feira"},{"$i":"weekday-4-long","$v":"Quinta-feira"},{"$i":"weekday-5-long","$v":"Sexta-feira"},{"$i":"weekday-6-long","$v":"Sábado"},{"$i":"weekday-0-short","$v":"Dom"},{"$i":"weekday-1-short","$v":"Seg"},{"$i":"weekday-2-short","$v":"Ter"},{"$i":"weekday-3-short","$v":"Qua"},{"$i":"weekday-4-short","$v":"Qui"},{"$i":"weekday-5-short","$v":"Sex"},{"$i":"weekday-6-short","$v":"Sáb"},{"$i":"month-0-long","$v":"Janeiro"},{"$i":"month-1-long","$v":"Fevereiro"},{"$i":"month-2-long","$v":"Março"},{"$i":"month-3-long","$v":"Abril"},{"$i":"month-4-long","$v":"Maio"},{"$i":"month-5-long","$v":"Junho"},{"$i":"month-6-long","$v":"Julho"},{"$i":"month-7-long","$v":"Agosto"},{"$i":"month-8-long","$v":"Setembro"},{"$i":"month-9-long","$v":"Outubro"},{"$i":"month-10-long","$v":"Novembro"},{"$i":"month-11-long","$v":"Dezembro"},{"$i":"month-0-genitive","$v":"Janeiro"},{"$i":"month-1-genitive","$v":"Fevereiro"},{"$i":"month-2-genitive","$v":"Março"},{"$i":"month-3-genitive","$v":"Abril"},{"$i":"month-4-genitive","$v":"Maio"},{"$i":"month-5-genitive","$v":"Junho"},{"$i":"month-6-genitive","$v":"Julho"},{"$i":"month-7-genitive","$v":"Agosto"},{"$i":"month-8-genitive","$v":"Setembro"},{"$i":"month-9-genitive","$v":"Outubro"},{"$i":"month-10-genitive","$v":"Novembro"},{"$i":"month-11-genitive","$v":"Dezembro"},{"$i":"month-0-short","$v":"Jan"},{"$i":"month-1-short","$v":"Fev"},{"$i":"month-2-short","$v":"Mar"},{"$i":"month-3-short","$v":"Abr"},{"$i":"month-4-short","$v":"Mai"},{"$i":"month-5-short","$v":"Jun"},{"$i":"month-6-short","$v":"Jul"},{"$i":"month-7-short","$v":"Ago"},{"$i":"month-8-short","$v":"Set"},{"$i":"month-9-short","$v":"Out"},{"$i":"month-10-short","$v":"Nov"},{"$i":"month-11-short","$v":"Dez"},{"$i":"minutes-ago-long","$v":{"zero":"há pouco","one":"um minuto atrás","two":[{"t":"idOrVar","v":"value"}," minutos atrás"],"few":[{"t":"idOrVar","v":"value"}," minutos atrás"],"many":[{"t":"idOrVar","v":"value"}," minutos atrás"],"other":[{"t":"idOrVar","v":"value"}," minutos atrás"]},"$x":[{"t":"idOrVar","v":"plural"},"value"]},{"$i":"hours-ago-long","$v":{"zero":"há pouco","one":"uma hora atrás","two":[{"t":"idOrVar","v":"value"}," horas atrás"],"few":[{"t":"idOrVar","v":"value"}," horas atrás"],"many":[{"t":"idOrVar","v":"value"}," horas atrás"],"other":[{"t":"idOrVar","v":"value"}," horas atrás"]},"$x":[{"t":"idOrVar","v":"plural"},"value"]},{"$i":"days-ago-long","$v":{"zero":"hoje","one":"ontem","two":[{"t":"idOrVar","v":"value"}," dias atrás"],"few":[{"t":"idOrVar","v":"value"}," dias atrás"],"many":[{"t":"idOrVar","v":"value"}," dias atrás"],"other":[{"t":"idOrVar","v":"value"}," dias atrás"]},"$x":[{"t":"idOrVar","v":"plural"},"value"]},{"$i":"weeks-ago-long","$v":{"zero":"esta semana","one":"semana passada","two":[{"t":"idOrVar","v":"value"}," semanas atrás"],"few":[{"t":"idOrVar","v":"value"}," semanas atrás"],"many":[{"t":"idOrVar","v":"value"}," semanas atrás"],"other":[{"t":"idOrVar","v":"value"}," semanas atrás"]},"$x":[{"t":"idOrVar","v":"plural"},"value"]},{"$i":"months-ago-long","$v":{"zero":"este mês","one":"mês passado","two":[{"t":"idOrVar","v":"value"}," meses atrás"],"few":[{"t":"idOrVar","v":"value"}," meses atrás"],"many":[{"t":"idOrVar","v":"value"}," meses atrás"],"other":[{"t":"idOrVar","v":"value"}," meses atrás"]},"$x":[{"t":"idOrVar","v":"plural"},"value"]},{"$i":"years-ago-long","$v":{"zero":"este ano","one":"ano passado","two":[{"t":"idOrVar","v":"value"}," anos atrás"],"few":[{"t":"idOrVar","v":"value"}," anos atrás"],"many":[{"t":"idOrVar","v":"value"}," anos atrás"],"other":[{"t":"idOrVar","v":"value"}," anos atrás"]},"$x":[{"t":"idOrVar","v":"plural"},"value"]},{"$i":"minutes-until-long","$v":{"zero":"agora","one":"em um minuto","two":["em ",{"t":"idOrVar","v":"value"}," minutos"],"few":["em ",{"t":"idOrVar","v":"value"}," minutos"],"many":["em ",{"t":"idOrVar","v":"value"}," minutos"],"other":["em ",{"t":"idOrVar","v":"value"}," minutos"]},"$x":[{"t":"idOrVar","v":"plural"},"value"]},{"$i":"hours-until-long","$v":{"zero":"agora","one":"em uma hora","two":["em ",{"t":"idOrVar","v":"value"}," horas"],"few":["em ",{"t":"idOrVar","v":"value"}," horas"],"many":["em ",{"t":"idOrVar","v":"value"}," horas"],"other":["em ",{"t":"idOrVar","v":"value"}," horas"]},"$x":[{"t":"idOrVar","v":"plural"},"value"]},{"$i":"days-until-long","$v":{"zero":"hoje","one":"amanhã","two":["em ",{"t":"idOrVar","v":"value"}," dias"],"few":["em ",{"t":"idOrVar","v":"value"}," dias"],"many":["em ",{"t":"idOrVar","v":"value"}," dias"],"other":["em ",{"t":"idOrVar","v":"value"}," dias"]},"$x":[{"t":"idOrVar","v":"plural"},"value"]},{"$i":"weeks-until-long","$v":{"zero":"esta semana","one":"semana que vem","two":["em ",{"t":"idOrVar","v":"value"}," semanas"],"few":["em ",{"t":"idOrVar","v":"value"}," semanas"],"many":["em ",{"t":"idOrVar","v":"value"}," semanas"],"other":["em ",{"t":"idOrVar","v":"value"}," semanas"]},"$x":[{"t":"idOrVar","v":"plural"},"value"]},{"$i":"months-until-long","$v":{"zero":"este mês","one":"mês que vem","two":["em ",{"t":"idOrVar","v":"value"}," meses"],"few":["em ",{"t":"idOrVar","v":"value"}," meses"],"many":["em ",{"t":"idOrVar","v":"value"}," meses"],"other":["em ",{"t":"idOrVar","v":"value"}," meses"]},"$x":[{"t":"idOrVar","v":"plural"},"value"]},{"$i":"years-until-long","$v":{"zero":"este ano","one":"ano que vem","two":["em ",{"t":"idOrVar","v":"value"}," anos"],"few":["em ",{"t":"idOrVar","v":"value"}," anos"],"many":["em ",{"t":"idOrVar","v":"value"}," anos"],"other":["em ",{"t":"idOrVar","v":"value"}," anos"]},"$x":[{"t":"idOrVar","v":"plural"},"value"]},{"$i":"minutes-ago-short","$v":{"zero":"há pouco","other":[{"t":"idOrVar","v":"value"},"min atrás"]},"$x":[{"t":"idOrVar","v":"plural"},"value"]},{"$i":"hours-ago-short","$v":{"zero":"há pouco","other":[{"t":"idOrVar","v":"value"},"h atrás"]},"$x":[{"t":"idOrVar","v":"plural"},"value"]},{"$i":"days-ago-short","$v":{"zero":"hoje","other":[{"t":"idOrVar","v":"value"},"d atrás"]},"$x":[{"t":"idOrVar","v":"plural"},"value"]},{"$i":"minutes-until-short","$v":{"zero":"agora","other":["em ",{"t":"idOrVar","v":"value"},"min"]},"$x":[{"t":"idOrVar","v":"plural"},"value"]},{"$i":"hours-until-short","$v":{"zero":"agora","other":["em ",{"t":"idOrVar","v":"value"},"h"]},"$x":[{"t":"idOrVar","v":"plural"},"value"]},{"$i":"days-until-short","$v":{"zero":"hoje","other":["em ",{"t":"idOrVar","v":"value"},"d"]},"$x":[{"t":"idOrVar","v":"plural"},"value"]},{"$i":"incorrectDate","$v":"(data incorreta)"},{"$i":"dateTimeFormat_%c","$v":"%A, %e de %B de %Y %H h %M min %S s"},{"$i":"dateTimeFormat_%x","$v":"%d/%m/%Y"},{"$i":"dateTimeFormat_%X","$v":"%H h %M min %S s"},{"$i":"shortTimeFormat","$v":"%H:%M"},{"$i":"shortTimeFormat12","$v":"%I:%M %p"},{"$i":"shortTimeFormat24","$v":"%H:%M"},{"$i":"shortDateTimeFormat","$v":"%x %H:%M"},{"$i":"weekStartsOnMonday","$v":"0"},{"$i":"firstDayOfTheWeek","$v":"0"},{"$i":"time_am","$v":"AM"},{"$i":"time_pm","$v":"PM"},{"$i":"playbackPlay","ariaLabel":"Play"},{"$i":"playbackPause","ariaLabel":"Pause"},{"$i":"playbackNext","ariaLabel":"Next"},{"$i":"playbackPrevious","ariaLabel":"Previous"},{"$i":"playbackFullscreen","ariaLabel":"Fullscreen"},{"$i":"playbackSeekBar","ariaLabel":["Seek bar, duration ",{"t":"idOrVar","v":"duration"}]}]