[{"$i":"number-selected2","$v":{"zero":"Выбрать","one":["Выбран ",{"t":"idOrVar","v":"n"}],"two":["Выбрано ",{"t":"idOrVar","v":"n"}],"few":["Выбрано ",{"t":"idOrVar","v":"n"}],"many":["Выбрано ",{"t":"idOrVar","v":"n"}],"other":["Выбрано ",{"t":"idOrVar","v":"n"}]},"$x":[{"t":"idOrVar","v":"plural"},"n"]},{"$i":"delete-photo?","$v":"Удалить фото?"},{"$i":"delete-video?","$v":"Удалить видео?"},{"$i":"delete-n-items?","$v":{"zero":"Ничего не выбрано","one":["Удалить ",{"t":"idOrVar","v":"n"}," файл?"],"two":["Удалить ",{"t":"idOrVar","v":"n"}," файла?"],"few":["Удалить ",{"t":"idOrVar","v":"n"}," файла?"],"many":["Удалить ",{"t":"idOrVar","v":"n"}," файлов?"],"other":["Удалить ",{"t":"idOrVar","v":"n"}," файлов?"]},"$x":[{"t":"idOrVar","v":"plural"},"n"]},{"$i":"pickoneimage2","$v":"Выбрать"},{"$i":"cropimage","$v":"Обрезать"},{"$i":"cancel","$v":"Отмена"},{"$i":"delete","$v":"Удалить"},{"$i":"ok","$v":"OK"},{"$i":"edit","$v":"Правка"},{"$i":"save","$v":"Сохранить"},{"$i":"done","$v":"Готово"},{"$i":"exposure","$v":"Экспозиция"},{"$i":"crop","$v":"Обрезать"},{"$i":"effects","$v":"Эффекты"},{"$i":"borders","$v":"Границы"},{"$i":"enhance-on","$v":"Автоусиление вкл."},{"$i":"enhance-off","$v":"Автоусиление откл."},{"$i":"apply","$v":"Применить"},{"$i":"filters","$v":"Фильтры"},{"$i":"original","$v":"Оригинал"},{"$i":"blackandwhite","$v":"Ч/Б"},{"$i":"sepia","$v":"Сепия"},{"$i":"freeform","$v":"Полотно"},{"$i":"portrait","$v":"Книжная"},{"$i":"landscape","$v":"Альбомная"},{"$i":"square","$v":"Квадрат"},{"$i":"emptygallery2-title","$v":"Нет фото или видео"},{"$i":"emptygallery2-text","$v":"Для начала съемки используйте приложение Камера."},{"$i":"emptygallery2-title-pick","$v":"Нет фото"},{"$i":"nocard3-title","$v":"Нет карты памяти"},{"$i":"nocard4-text","$v":"Для использования этого приложения вставьте карту памяти."},{"$i":"pluggedin2-title","$v":"Карта памяти сейчас используется"},{"$i":"pluggedin2-text","$v":"Для использования этого приложения, отсоедините телефон."},{"$i":"scanning-title","$v":"Сканирование"},{"$i":"scanning-text","$v":"Поиск фото и видео."},{"$i":"upgrade-title","$v":"Обновление базы данных"},{"$i":"upgrade-text","$v":"Пожалуйста, подождите, пока Галерея обновляет свою базу данных."},{"$i":"share-noprovider","$v":"Не удалось поделиться этим типом файла изображения."},{"$i":"memorycardfull","$v":"Не могу редактировать фото: нет места на карте памяти."},{"$i":"imagetoobig","$v":"Изображение слишком велико для отображения на этом устройстве."},{"$i":"imageinvalid","$v":"Изображение некорректно или искажено и не может быть отображено."},{"$i":"saved","$v":[{"t":"idOrVar","v":"filename"}," сохранено в Галерею"]},{"$i":"edit-copy-saved","$v":"Сохранена новая копия."},{"$i":"overlay-camera-button","$v":"Перейти к Камере"},{"$i":"name-label","$v":"Имя"},{"$i":"size-label","$v":"Размер"},{"$i":"image-type-label","$v":"Тип изображения"},{"$i":"date-taken-label","$v":"Дата съёмки"},{"$i":"resolution-label","$v":"Разрешение"},{"$i":"close-button","$v":"Закрыть"},{"$i":"byteUnit-B","$v":"байт"},{"$i":"byteUnit-KB","$v":"КБ"},{"$i":"byteUnit-MB","$v":"МБ"},{"$i":"byteUnit-GB","$v":"ГБ"},{"$i":"gallery","$v":"Галерея"},{"$i":"preview","$v":"Предпросмотр"},{"$i":"date-group-header","$v":"%B %Y"},{"$i":"videoDescriptionShort","$v":"Видео, снятое в %H:%M, %e %Eb %Y"},{"$i":"imageDescriptionShort","$v":"Фото, снятое в %H:%M, %e %Eb %Y"},{"$i":"back-button","ariaLabel":"Назад"},{"$i":"crop-options","ariaLabel":"Обрезать"},{"$i":"crop-revert","ariaLabel":"Вернуть"},{"$i":"crop-aspect-free","ariaLabel":"Настраиваемое соотношение сторон"},{"$i":"crop-aspect-portrait","ariaLabel":"Портретное соотношение сторон"},{"$i":"crop-aspect-landscape","ariaLabel":"Ландшафтное соотношение сторон"},{"$i":"crop-aspect-square","ariaLabel":"Квадратное соотношение сторон"},{"$i":"effect-options","ariaLabel":"Эффект"},{"$i":"effect-none","ariaLabel":"Нет"},{"$i":"effect-bw","ariaLabel":"Чёрно-белое"},{"$i":"effect-sepia","ariaLabel":"Сепия"},{"$i":"effect-bluesteel","ariaLabel":"Голубая сталь"},{"$i":"effect-faded","ariaLabel":"Выцветание"},{"$i":"exposure-button","ariaLabel":"Экспозиция"},{"$i":"crop-button","ariaLabel":"Обрезать"},{"$i":"effect-button","ariaLabel":"Эффекты"},{"$i":"enhance-button","ariaLabel":"Улучшить"},{"$i":"camera-button","ariaLabel":"Камера"},{"$i":"select-multiple-button","ariaLabel":"Выбор нескольких"},{"$i":"edit-button","ariaLabel":"Правка"},{"$i":"share-button","ariaLabel":"Поделиться"},{"$i":"info-button","ariaLabel":"Информация"},{"$i":"delete-button","ariaLabel":"Удалить"},{"$i":"editImagePreview","ariaLabel":"Правка предпросмотра изображения"},{"$i":"weekday-0-long","$v":"Воскресенье"},{"$i":"weekday-1-long","$v":"Понедельник"},{"$i":"weekday-2-long","$v":"Вторник"},{"$i":"weekday-3-long","$v":"Среда"},{"$i":"weekday-4-long","$v":"Четверг"},{"$i":"weekday-5-long","$v":"Пятница"},{"$i":"weekday-6-long","$v":"Суббота"},{"$i":"weekday-0-short","$v":"Вс"},{"$i":"weekday-1-short","$v":"Пн"},{"$i":"weekday-2-short","$v":"Вт"},{"$i":"weekday-3-short","$v":"Ср"},{"$i":"weekday-4-short","$v":"Чт"},{"$i":"weekday-5-short","$v":"Пт"},{"$i":"weekday-6-short","$v":"Сб"},{"$i":"month-0-long","$v":"Январь"},{"$i":"month-1-long","$v":"Февраль"},{"$i":"month-2-long","$v":"Март"},{"$i":"month-3-long","$v":"Апрель"},{"$i":"month-4-long","$v":"Май"},{"$i":"month-5-long","$v":"Июнь"},{"$i":"month-6-long","$v":"Июль"},{"$i":"month-7-long","$v":"Август"},{"$i":"month-8-long","$v":"Сентябрь"},{"$i":"month-9-long","$v":"Октябрь"},{"$i":"month-10-long","$v":"Ноябрь"},{"$i":"month-11-long","$v":"Декабрь"},{"$i":"month-0-genitive","$v":"января"},{"$i":"month-1-genitive","$v":"февраля"},{"$i":"month-2-genitive","$v":"марта"},{"$i":"month-3-genitive","$v":"апреля"},{"$i":"month-4-genitive","$v":"мая"},{"$i":"month-5-genitive","$v":"июня"},{"$i":"month-6-genitive","$v":"июля"},{"$i":"month-7-genitive","$v":"августа"},{"$i":"month-8-genitive","$v":"сентября"},{"$i":"month-9-genitive","$v":"октября"},{"$i":"month-10-genitive","$v":"ноября"},{"$i":"month-11-genitive","$v":"декабря"},{"$i":"month-0-short","$v":"Январь"},{"$i":"month-1-short","$v":"Февраль"},{"$i":"month-2-short","$v":"Март"},{"$i":"month-3-short","$v":"Апрель"},{"$i":"month-4-short","$v":"Май"},{"$i":"month-5-short","$v":"Июнь"},{"$i":"month-6-short","$v":"Июль"},{"$i":"month-7-short","$v":"Август"},{"$i":"month-8-short","$v":"Сентябрь"},{"$i":"month-9-short","$v":"Октябрь"},{"$i":"month-10-short","$v":"Ноябрь"},{"$i":"month-11-short","$v":"Декабрь"},{"$i":"minutes-ago-long","$v":{"zero":"прямо сейчас","one":[{"t":"idOrVar","v":"value"}," минуту назад"],"two":[{"t":"idOrVar","v":"value"}," минуты назад"],"few":[{"t":"idOrVar","v":"value"}," минуты назад"],"many":[{"t":"idOrVar","v":"value"}," минут назад"],"other":[{"t":"idOrVar","v":"value"}," минут назад"]},"$x":[{"t":"idOrVar","v":"plural"},"value"]},{"$i":"hours-ago-long","$v":{"zero":"прямо сейчас","one":[{"t":"idOrVar","v":"value"}," час назад"],"two":[{"t":"idOrVar","v":"value"}," часа назад"],"few":[{"t":"idOrVar","v":"value"}," часа назад"],"many":[{"t":"idOrVar","v":"value"}," часов назад"],"other":[{"t":"idOrVar","v":"value"}," часов назад"]},"$x":[{"t":"idOrVar","v":"plural"},"value"]},{"$i":"days-ago-long","$v":{"zero":"сегодня","one":[{"t":"idOrVar","v":"value"}," день назад"],"two":[{"t":"idOrVar","v":"value"}," дня назад"],"few":[{"t":"idOrVar","v":"value"}," дня назад"],"many":[{"t":"idOrVar","v":"value"}," дней назад"],"other":[{"t":"idOrVar","v":"value"}," дней назад"]},"$x":[{"t":"idOrVar","v":"plural"},"value"]},{"$i":"weeks-ago-long","$v":{"zero":"эта неделя","one":[{"t":"idOrVar","v":"value"}," неделя назад"],"two":[{"t":"idOrVar","v":"value"}," недели назад"],"few":[{"t":"idOrVar","v":"value"}," недели назад"],"many":[{"t":"idOrVar","v":"value"}," недель назад"],"other":[{"t":"idOrVar","v":"value"}," недель назад"]},"$x":[{"t":"idOrVar","v":"plural"},"value"]},{"$i":"months-ago-long","$v":{"zero":"этот месяц","one":[{"t":"idOrVar","v":"value"}," месяц назад"],"two":[{"t":"idOrVar","v":"value"}," месяца назад"],"few":[{"t":"idOrVar","v":"value"}," месяца назад"],"many":[{"t":"idOrVar","v":"value"}," месяцев назад"],"other":[{"t":"idOrVar","v":"value"}," месяцев назад"]},"$x":[{"t":"idOrVar","v":"plural"},"value"]},{"$i":"years-ago-long","$v":{"zero":"этот год","one":[{"t":"idOrVar","v":"value"}," год назад"],"two":[{"t":"idOrVar","v":"value"}," года назад"],"few":[{"t":"idOrVar","v":"value"}," года назад"],"many":[{"t":"idOrVar","v":"value"}," лет назад"],"other":[{"t":"idOrVar","v":"value"}," лет назад"]},"$x":[{"t":"idOrVar","v":"plural"},"value"]},{"$i":"minutes-until-long","$v":{"zero":"сейчас","one":["через ",{"t":"idOrVar","v":"value"}," минуту"],"two":["через ",{"t":"idOrVar","v":"value"}," минуты"],"few":["через ",{"t":"idOrVar","v":"value"}," минуты"],"many":["через ",{"t":"idOrVar","v":"value"}," минут"],"other":["через ",{"t":"idOrVar","v":"value"}," минут"]},"$x":[{"t":"idOrVar","v":"plural"},"value"]},{"$i":"hours-until-long","$v":{"zero":"сейчас","one":["через ",{"t":"idOrVar","v":"value"}," час"],"two":["через ",{"t":"idOrVar","v":"value"}," часа"],"few":["через ",{"t":"idOrVar","v":"value"}," часа"],"many":["через ",{"t":"idOrVar","v":"value"}," часов"],"other":["через ",{"t":"idOrVar","v":"value"}," часов"]},"$x":[{"t":"idOrVar","v":"plural"},"value"]},{"$i":"days-until-long","$v":{"zero":"сегодня","one":["через ",{"t":"idOrVar","v":"value"}," день"],"two":["через ",{"t":"idOrVar","v":"value"}," дня"],"few":["через ",{"t":"idOrVar","v":"value"}," дня"],"many":["через ",{"t":"idOrVar","v":"value"}," дней"],"other":["через ",{"t":"idOrVar","v":"value"}," дней"]},"$x":[{"t":"idOrVar","v":"plural"},"value"]},{"$i":"weeks-until-long","$v":{"zero":"эта неделя","one":["через ",{"t":"idOrVar","v":"value"}," неделю"],"two":["через ",{"t":"idOrVar","v":"value"}," недели"],"few":["через ",{"t":"idOrVar","v":"value"}," недели"],"many":["через ",{"t":"idOrVar","v":"value"}," недель"],"other":["через ",{"t":"idOrVar","v":"value"}," недель"]},"$x":[{"t":"idOrVar","v":"plural"},"value"]},{"$i":"months-until-long","$v":{"zero":"этот месяц","one":["через ",{"t":"idOrVar","v":"value"}," месяц"],"two":["через ",{"t":"idOrVar","v":"value"}," месяца"],"few":["через ",{"t":"idOrVar","v":"value"}," месяца"],"many":["через ",{"t":"idOrVar","v":"value"}," месяцев"],"other":["через ",{"t":"idOrVar","v":"value"}," месяцев"]},"$x":[{"t":"idOrVar","v":"plural"},"value"]},{"$i":"years-until-long","$v":{"zero":"этот год","one":["через ",{"t":"idOrVar","v":"value"}," год"],"two":["через ",{"t":"idOrVar","v":"value"}," года"],"few":["через ",{"t":"idOrVar","v":"value"}," года"],"many":["через ",{"t":"idOrVar","v":"value"}," лет"],"other":["через ",{"t":"idOrVar","v":"value"}," лет"]},"$x":[{"t":"idOrVar","v":"plural"},"value"]},{"$i":"minutes-ago-short","$v":{"zero":"сейчас","other":[{"t":"idOrVar","v":"value"},"м назад"]},"$x":[{"t":"idOrVar","v":"plural"},"value"]},{"$i":"hours-ago-short","$v":{"zero":"сейчас","other":[{"t":"idOrVar","v":"value"},"ч назад"]},"$x":[{"t":"idOrVar","v":"plural"},"value"]},{"$i":"days-ago-short","$v":{"zero":"сегодня","other":[{"t":"idOrVar","v":"value"},"д назад"]},"$x":[{"t":"idOrVar","v":"plural"},"value"]},{"$i":"minutes-until-short","$v":{"zero":"сейчас","other":["через ",{"t":"idOrVar","v":"value"},"м"]},"$x":[{"t":"idOrVar","v":"plural"},"value"]},{"$i":"hours-until-short","$v":{"zero":"сейчас","other":["через ",{"t":"idOrVar","v":"value"},"ч"]},"$x":[{"t":"idOrVar","v":"plural"},"value"]},{"$i":"days-until-short","$v":{"zero":"сегодня","other":["через ",{"t":"idOrVar","v":"value"},"д"]},"$x":[{"t":"idOrVar","v":"plural"},"value"]},{"$i":"incorrectDate","$v":"(некорректная дата)"},{"$i":"dateTimeFormat_%c","$v":"%a, %e %Eb %Y, %H:%M:%S"},{"$i":"dateTimeFormat_%x","$v":"%d.%m.%Y"},{"$i":"dateTimeFormat_%X","$v":"%H:%M:%S"},{"$i":"shortTimeFormat","$v":"%H:%M"},{"$i":"shortTimeFormat12","$v":"%I:%M %p"},{"$i":"shortTimeFormat24","$v":"%H:%M"},{"$i":"shortDateTimeFormat","$v":"%x %H:%M"},{"$i":"weekStartsOnMonday","$v":"1"},{"$i":"firstDayOfTheWeek","$v":"1"},{"$i":"time_am","$v":"AM"},{"$i":"time_pm","$v":"PM"},{"$i":"playbackPlay","ariaLabel":"Play"},{"$i":"playbackPause","ariaLabel":"Pause"},{"$i":"playbackNext","ariaLabel":"Next"},{"$i":"playbackPrevious","ariaLabel":"Previous"},{"$i":"playbackFullscreen","ariaLabel":"Fullscreen"},{"$i":"playbackSeekBar","ariaLabel":["Seek bar, duration ",{"t":"idOrVar","v":"duration"}]}]