[{"$i":"number-selected2","$v":{"zero":"Zvoľte","one":[{"t":"idOrVar","v":"n"}," označená"],"two":[{"t":"idOrVar","v":"n"}," označené"],"few":[{"t":"idOrVar","v":"n"}," označené"],"many":[{"t":"idOrVar","v":"n"}," označených"],"other":[{"t":"idOrVar","v":"n"}," označených"]},"$x":[{"t":"idOrVar","v":"plural"},"n"]},{"$i":"delete-photo?","$v":"Naozaj chcete odstrániť fotografiu?"},{"$i":"delete-video?","$v":"Naozaj chcete odstrániť video?"},{"$i":"delete-n-items?","$v":{"zero":"Žiadny výber","one":"Odstrániť vybranú položku?","two":["Odstrániť tieto ",{"t":"idOrVar","v":"n"}," položky?"],"few":["Odstrániť tieto ",{"t":"idOrVar","v":"n"}," položky?"],"many":["Odstrániť týchto ",{"t":"idOrVar","v":"n"}," položiek?"],"other":["Odstrániť týchto ",{"t":"idOrVar","v":"n"}," položiek?"]},"$x":[{"t":"idOrVar","v":"plural"},"n"]},{"$i":"pickoneimage2","$v":"Výber"},{"$i":"cropimage","$v":"Orezať"},{"$i":"cancel","$v":"Zrušiť"},{"$i":"delete","$v":"Odstrániť"},{"$i":"ok","$v":"OK"},{"$i":"edit","$v":"Upraviť"},{"$i":"save","$v":"Uložiť"},{"$i":"done","$v":"Hotovo"},{"$i":"exposure","$v":"Expozícia"},{"$i":"crop","$v":"Orezať"},{"$i":"effects","$v":"Efekty"},{"$i":"borders","$v":"Okraje"},{"$i":"enhance-on","$v":"Automatické vylepšenie zapnuté"},{"$i":"enhance-off","$v":"Automatické vylepšenie vypnuté"},{"$i":"apply","$v":"Použiť"},{"$i":"filters","$v":"Filtre"},{"$i":"original","$v":"Originál"},{"$i":"blackandwhite","$v":"ČB"},{"$i":"sepia","$v":"Sépia"},{"$i":"freeform","$v":"Štandard"},{"$i":"portrait","$v":"Portrét"},{"$i":"landscape","$v":"Krajina"},{"$i":"square","$v":"Štvorec"},{"$i":"emptygallery2-title","$v":"Žiadne fotografie alebo videá"},{"$i":"emptygallery2-text","$v":"Začnite použitím aplikácie Fotoaparát."},{"$i":"emptygallery2-title-pick","$v":"Žiadne fotografie"},{"$i":"nocard3-title","$v":"Pamäťová karta sa nenašla"},{"$i":"nocard4-text","$v":"Ak chcete použiť túto aplikáciu, vložte pamäťovú kartu."},{"$i":"pluggedin2-title","$v":"Pamäťová karta sa používa"},{"$i":"pluggedin2-text","$v":"Ak chcete používať túto aplikáciu, odpojte telefón."},{"$i":"scanning-title","$v":"Vyhľadáva sa"},{"$i":"scanning-text","$v":"Vyhľadávajú sa fotografie a videá…"},{"$i":"upgrade-title","$v":"Aktualizácia databázy"},{"$i":"upgrade-text","$v":"Počkajte, kým aplikácia Galéria aktualizuje svoju databázu."},{"$i":"share-noprovider","$v":"Tento typ obrazových súborov nie je možné zdieľať."},{"$i":"memorycardfull","$v":"Fotografie nie je možné upraviť: pamäťová karta je plná."},{"$i":"imagetoobig","$v":"Obrázok je príliš veľký na zobrazenie na tomto zariadení."},{"$i":"imageinvalid","$v":"Obrázok je neplatný alebo poškodený a nemôže byť zobrazený."},{"$i":"saved","$v":["Obrázok ",{"t":"idOrVar","v":"filename"}," uložený do Galérie"]},{"$i":"edit-copy-saved","$v":"Nová kópia bola uložená."},{"$i":"overlay-camera-button","$v":"Prejsť na Fotoaparát"},{"$i":"name-label","$v":"Názov"},{"$i":"size-label","$v":"Veľkosť"},{"$i":"image-type-label","$v":"Typ obrázka"},{"$i":"date-taken-label","$v":"Vytvorený"},{"$i":"resolution-label","$v":"Rozlíšenie"},{"$i":"close-button","$v":"Zavrieť"},{"$i":"byteUnit-B","$v":"bajtov"},{"$i":"byteUnit-KB","$v":"kB"},{"$i":"byteUnit-MB","$v":"MB"},{"$i":"byteUnit-GB","$v":"GB"},{"$i":"gallery","$v":"Galéria"},{"$i":"preview","$v":"Náhľad"},{"$i":"date-group-header","$v":"%B %Y"},{"$i":"videoDescriptionShort","$v":"Video s dátumom %e. %Eb %Y %H:%M"},{"$i":"imageDescriptionShort","$v":"Obrázok s dátumom %e. %Eb %Y %H:%M"},{"$i":"back-button","ariaLabel":"Naspäť"},{"$i":"crop-options","ariaLabel":"Orezať"},{"$i":"crop-revert","ariaLabel":"Vrátiť zmeny"},{"$i":"crop-aspect-free","ariaLabel":"Vlastný pomer strán"},{"$i":"crop-aspect-portrait","ariaLabel":"Pomer strán Portrét"},{"$i":"crop-aspect-landscape","ariaLabel":"Pomer strán Krajina"},{"$i":"crop-aspect-square","ariaLabel":"Pomer strán Štvorec"},{"$i":"effect-options","ariaLabel":"Efekt"},{"$i":"effect-none","ariaLabel":"Žiadny"},{"$i":"effect-bw","ariaLabel":"Čierna a biela"},{"$i":"effect-sepia","ariaLabel":"Sépia"},{"$i":"effect-bluesteel","ariaLabel":"Modrý kov"},{"$i":"effect-faded","ariaLabel":"Vyblednutie"},{"$i":"exposure-button","ariaLabel":"Expozícia"},{"$i":"crop-button","ariaLabel":"Orezať"},{"$i":"effect-button","ariaLabel":"Efekty"},{"$i":"enhance-button","ariaLabel":"Vylepšenie"},{"$i":"camera-button","ariaLabel":"Fotoaparát"},{"$i":"select-multiple-button","ariaLabel":"Zvoliť niekoľko"},{"$i":"edit-button","ariaLabel":"Upraviť"},{"$i":"share-button","ariaLabel":"Zdieľať"},{"$i":"info-button","ariaLabel":"Informácia"},{"$i":"delete-button","ariaLabel":"Odstrániť"},{"$i":"editImagePreview","ariaLabel":"Upraviť náhľad obrázku"},{"$i":"weekday-0-long","$v":"Nedeľa"},{"$i":"weekday-1-long","$v":"Pondelok"},{"$i":"weekday-2-long","$v":"Utorok"},{"$i":"weekday-3-long","$v":"Streda"},{"$i":"weekday-4-long","$v":"Štvrtok"},{"$i":"weekday-5-long","$v":"Piatok"},{"$i":"weekday-6-long","$v":"Sobota"},{"$i":"weekday-0-short","$v":"Ne"},{"$i":"weekday-1-short","$v":"Po"},{"$i":"weekday-2-short","$v":"Ut"},{"$i":"weekday-3-short","$v":"St"},{"$i":"weekday-4-short","$v":"Št"},{"$i":"weekday-5-short","$v":"Pi"},{"$i":"weekday-6-short","$v":"So"},{"$i":"month-0-long","$v":"Január"},{"$i":"month-1-long","$v":"Február"},{"$i":"month-2-long","$v":"Marec"},{"$i":"month-3-long","$v":"Apríl"},{"$i":"month-4-long","$v":"Máj"},{"$i":"month-5-long","$v":"Jún"},{"$i":"month-6-long","$v":"Júl"},{"$i":"month-7-long","$v":"August"},{"$i":"month-8-long","$v":"September"},{"$i":"month-9-long","$v":"Október"},{"$i":"month-10-long","$v":"November"},{"$i":"month-11-long","$v":"December"},{"$i":"month-0-genitive","$v":"januára"},{"$i":"month-1-genitive","$v":"februára"},{"$i":"month-2-genitive","$v":"marca"},{"$i":"month-3-genitive","$v":"apríla"},{"$i":"month-4-genitive","$v":"mája"},{"$i":"month-5-genitive","$v":"júna"},{"$i":"month-6-genitive","$v":"júla"},{"$i":"month-7-genitive","$v":"augusta"},{"$i":"month-8-genitive","$v":"septembra"},{"$i":"month-9-genitive","$v":"októbra"},{"$i":"month-10-genitive","$v":"novembra"},{"$i":"month-11-genitive","$v":"decembra"},{"$i":"month-0-short","$v":"jan"},{"$i":"month-1-short","$v":"feb"},{"$i":"month-2-short","$v":"mar"},{"$i":"month-3-short","$v":"apr"},{"$i":"month-4-short","$v":"máj"},{"$i":"month-5-short","$v":"jún"},{"$i":"month-6-short","$v":"júl"},{"$i":"month-7-short","$v":"aug"},{"$i":"month-8-short","$v":"sep"},{"$i":"month-9-short","$v":"okt"},{"$i":"month-10-short","$v":"nov"},{"$i":"month-11-short","$v":"dec"},{"$i":"minutes-ago-long","$v":{"zero":"teraz","one":"pred minútou","two":["pred ",{"t":"idOrVar","v":"value"}," minútami"],"few":["pred ",{"t":"idOrVar","v":"value"}," minútami"],"many":["pred ",{"t":"idOrVar","v":"value"}," minútami"],"other":["pred ",{"t":"idOrVar","v":"value"}," minútami"]},"$x":[{"t":"idOrVar","v":"plural"},"value"]},{"$i":"hours-ago-long","$v":{"zero":"teraz","one":"pred hodinou","two":["pred ",{"t":"idOrVar","v":"value"}," hodinami"],"few":["pred ",{"t":"idOrVar","v":"value"}," hodinami"],"many":["pred ",{"t":"idOrVar","v":"value"}," hodinami"],"other":["pred ",{"t":"idOrVar","v":"value"}," hodinami"]},"$x":[{"t":"idOrVar","v":"plural"},"value"]},{"$i":"days-ago-long","$v":{"zero":"dnes","one":"včera","two":["pred ",{"t":"idOrVar","v":"value"}," dňami"],"few":["pred ",{"t":"idOrVar","v":"value"}," dňami"],"many":["pred ",{"t":"idOrVar","v":"value"}," dňami"],"other":["pred ",{"t":"idOrVar","v":"value"}," dňami"]},"$x":[{"t":"idOrVar","v":"plural"},"value"]},{"$i":"weeks-ago-long","$v":{"zero":"tento týždeň","one":"minulý týždeň","two":["pred ",{"t":"idOrVar","v":"value"}," týždňami"],"few":["pred ",{"t":"idOrVar","v":"value"}," týždňami"],"many":["pred ",{"t":"idOrVar","v":"value"}," týždňami"],"other":["pred ",{"t":"idOrVar","v":"value"}," týždňami"]},"$x":[{"t":"idOrVar","v":"plural"},"value"]},{"$i":"months-ago-long","$v":{"zero":"tento mesiac","one":"minulý mesiac","two":["pred ",{"t":"idOrVar","v":"value"}," mesiacmi"],"few":["pred ",{"t":"idOrVar","v":"value"}," mesiacmi"],"many":["pred ",{"t":"idOrVar","v":"value"}," mesiacmi"],"other":["pred ",{"t":"idOrVar","v":"value"}," mesiacmi"]},"$x":[{"t":"idOrVar","v":"plural"},"value"]},{"$i":"years-ago-long","$v":{"zero":"tento rok","one":"minulý rok","two":["pred ",{"t":"idOrVar","v":"value"}," rokmi"],"few":["pred ",{"t":"idOrVar","v":"value"}," rokmi"],"many":["pred ",{"t":"idOrVar","v":"value"}," rokmi"],"other":["pred ",{"t":"idOrVar","v":"value"}," rokmi"]},"$x":[{"t":"idOrVar","v":"plural"},"value"]},{"$i":"minutes-until-long","$v":{"zero":"teraz","one":"o minútu","two":["o ",{"t":"idOrVar","v":"value"}," minúty"],"few":["o ",{"t":"idOrVar","v":"value"}," minúty"],"many":["o ",{"t":"idOrVar","v":"value"}," minút"],"other":["o ",{"t":"idOrVar","v":"value"}," minút"]},"$x":[{"t":"idOrVar","v":"plural"},"value"]},{"$i":"hours-until-long","$v":{"zero":"teraz","one":"o hodinu","two":["o ",{"t":"idOrVar","v":"value"}," hodiny"],"few":["o ",{"t":"idOrVar","v":"value"}," hodiny"],"many":["o ",{"t":"idOrVar","v":"value"}," hodín"],"other":["o ",{"t":"idOrVar","v":"value"}," hodín"]},"$x":[{"t":"idOrVar","v":"plural"},"value"]},{"$i":"days-until-long","$v":{"zero":"dnes","one":"zajtra","two":["o ",{"t":"idOrVar","v":"value"}," dni"],"few":["o ",{"t":"idOrVar","v":"value"}," dni"],"many":["o ",{"t":"idOrVar","v":"value"}," dní"],"other":["o ",{"t":"idOrVar","v":"value"}," dní"]},"$x":[{"t":"idOrVar","v":"plural"},"value"]},{"$i":"weeks-until-long","$v":{"zero":"tento týždeň","one":"budúci týždeň","two":["o ",{"t":"idOrVar","v":"value"}," týždne"],"few":["o ",{"t":"idOrVar","v":"value"}," týždne"],"many":["o ",{"t":"idOrVar","v":"value"}," týždňov"],"other":["o ",{"t":"idOrVar","v":"value"}," týždňov"]},"$x":[{"t":"idOrVar","v":"plural"},"value"]},{"$i":"months-until-long","$v":{"zero":"tento mesiac","one":"budúci mesiac","two":["o ",{"t":"idOrVar","v":"value"}," mesiace"],"few":["o ",{"t":"idOrVar","v":"value"}," mesiace"],"many":["o ",{"t":"idOrVar","v":"value"}," mesiacov"],"other":["o ",{"t":"idOrVar","v":"value"}," mesiacov"]},"$x":[{"t":"idOrVar","v":"plural"},"value"]},{"$i":"years-until-long","$v":{"zero":"tento rok","one":"budúci rok","two":["o ",{"t":"idOrVar","v":"value"}," roky"],"few":["o ",{"t":"idOrVar","v":"value"}," roky"],"many":["o ",{"t":"idOrVar","v":"value"}," rokov"],"other":["o ",{"t":"idOrVar","v":"value"}," rokov"]},"$x":[{"t":"idOrVar","v":"plural"},"value"]},{"$i":"minutes-ago-short","$v":{"zero":"teraz","other":["pred ",{"t":"idOrVar","v":"value"},"m"]},"$x":[{"t":"idOrVar","v":"plural"},"value"]},{"$i":"hours-ago-short","$v":{"zero":"teraz","other":["pred ",{"t":"idOrVar","v":"value"},"h"]},"$x":[{"t":"idOrVar","v":"plural"},"value"]},{"$i":"days-ago-short","$v":{"zero":"dnes","other":["pred ",{"t":"idOrVar","v":"value"},"d"]},"$x":[{"t":"idOrVar","v":"plural"},"value"]},{"$i":"minutes-until-short","$v":{"zero":"teraz","other":["o ",{"t":"idOrVar","v":"value"},"m"]},"$x":[{"t":"idOrVar","v":"plural"},"value"]},{"$i":"hours-until-short","$v":{"zero":"teraz","other":["o ",{"t":"idOrVar","v":"value"},"h"]},"$x":[{"t":"idOrVar","v":"plural"},"value"]},{"$i":"days-until-short","$v":{"zero":"dnes","other":["o ",{"t":"idOrVar","v":"value"},"d"]},"$x":[{"t":"idOrVar","v":"plural"},"value"]},{"$i":"incorrectDate","$v":"(neplatný dátum)"},{"$i":"dateTimeFormat_%c","$v":"%a, %e. %b %Y %H:%M:%S"},{"$i":"dateTimeFormat_%x","$v":"%d.%m.%Y"},{"$i":"dateTimeFormat_%X","$v":"%H:%M:%S"},{"$i":"shortTimeFormat","$v":"%H:%M"},{"$i":"shortTimeFormat12","$v":"%I:%M %p"},{"$i":"shortTimeFormat24","$v":"%H:%M"},{"$i":"shortDateTimeFormat","$v":"%x %H:%M"},{"$i":"weekStartsOnMonday","$v":"1"},{"$i":"firstDayOfTheWeek","$v":"1"},{"$i":"time_am","$v":"AM"},{"$i":"time_pm","$v":"PM"},{"$i":"playbackPlay","ariaLabel":"Prehrať"},{"$i":"playbackPause","ariaLabel":"Pozastaviť"},{"$i":"playbackNext","ariaLabel":"Next"},{"$i":"playbackPrevious","ariaLabel":"Previous"},{"$i":"playbackFullscreen","ariaLabel":"Na celú obrazovku"},{"$i":"playbackSeekBar","ariaLabel":["Posuvník, dĺžka ",{"t":"idOrVar","v":"duration"}]}]