[{"$i":"number-selected2","$v":{"zero":"Përzgjidhni","one":[{"t":"idOrVar","v":"n"}," e përzgjedhur"],"two":[{"t":"idOrVar","v":"n"}," të përzgjedhura"],"few":[{"t":"idOrVar","v":"n"}," të përzgjedhura"],"many":[{"t":"idOrVar","v":"n"}," të përzgjedhura"],"other":[{"t":"idOrVar","v":"n"}," të përzgjedhura"]},"$x":[{"t":"idOrVar","v":"plural"},"n"]},{"$i":"delete-photo?","$v":"Të fshihet fotoja?"},{"$i":"delete-video?","$v":"Të fshihet videoja?"},{"$i":"delete-n-items?","$v":{"zero":"Nuk është përzgjedhur gjë","one":"Të fshihet objekti i përzgjedhur?","two":["Të fshihen ",{"t":"idOrVar","v":"n"}," objektet?"],"few":["Të fshihen ",{"t":"idOrVar","v":"n"}," objektet?"],"many":["Të fshihen ",{"t":"idOrVar","v":"n"}," objektet?"],"other":["Të fshihen ",{"t":"idOrVar","v":"n"}," objektet?"]},"$x":[{"t":"idOrVar","v":"plural"},"n"]},{"$i":"pickoneimage2","$v":"Përzgjidhni"},{"$i":"cropimage","$v":"Qetheni"},{"$i":"cancel","$v":"Anuloje"},{"$i":"delete","$v":"Fshije"},{"$i":"ok","$v":"OK"},{"$i":"edit","$v":"Përpunojeni"},{"$i":"save","$v":"Ruaje"},{"$i":"done","$v":"U bë"},{"$i":"exposure","$v":"Ekspozim"},{"$i":"crop","$v":"Qethe"},{"$i":"effects","$v":"Efekte"},{"$i":"borders","$v":"Anë"},{"$i":"enhance-on","$v":"Me vetë-përmirësim"},{"$i":"enhance-off","$v":"Pa vetë-përmirësim"},{"$i":"apply","$v":"Zbatoje"},{"$i":"filters","$v":"Filtra"},{"$i":"original","$v":"Origjinali"},{"$i":"blackandwhite","$v":"B & Z"},{"$i":"sepia","$v":"Sepia"},{"$i":"freeform","$v":"Formë e lirë"},{"$i":"portrait","$v":"Portret"},{"$i":"landscape","$v":"Peizazh"},{"$i":"square","$v":"Kuadrat"},{"$i":"emptygallery2-title","$v":"Pa foto ose video"},{"$i":"emptygallery2-text","$v":"Përdorni aplikacionin Kamera që t’ia filloni."},{"$i":"emptygallery2-title-pick","$v":"Pa foto"},{"$i":"nocard3-title","$v":"Pa kartë kujtese"},{"$i":"nocard4-text","$v":"Që të përdorni këtë aplikacion, futni një kartë kujtese."},{"$i":"pluggedin2-title","$v":"Kartë kujtese në përdorim"},{"$i":"pluggedin2-text","$v":"Që të përdorni këtë aplikacion, hiqeni telefonin nga priza."},{"$i":"scanning-title","$v":"Kontroll"},{"$i":"scanning-text","$v":"Po shihet për foto dhe video."},{"$i":"upgrade-title","$v":"Përmirësim baze të dhënash"},{"$i":"upgrade-text","$v":"Ju lutemi, prisni teksa Galeria përditëson bazën e vet të të dhënave."},{"$i":"share-noprovider","$v":"Ky lloj kartele figurash nuk ndahet dot me të tjerët."},{"$i":"memorycardfull","$v":"Fotot nuk përpunohen dot: karta e kujtesës është plot."},{"$i":"imagetoobig","$v":"Figura është shumë e madhe për shfaqje në këtë pajisje."},{"$i":"imageinvalid","$v":"Figura është e pavlefshme ose e dëmtuar dhe nuk mund të shfaqet."},{"$i":"saved","$v":[{"t":"idOrVar","v":"filename"}," u ruajt te Galeria"]},{"$i":"edit-copy-saved","$v":"Kopja e re u ruajt."},{"$i":"overlay-camera-button","$v":"Kalo te Kamera"},{"$i":"name-label","$v":"Emër"},{"$i":"size-label","$v":"Madhësi"},{"$i":"image-type-label","$v":"Lloj Figure"},{"$i":"date-taken-label","$v":"Datë Shkrepjeje"},{"$i":"resolution-label","$v":"Qartësi"},{"$i":"close-button","$v":"Mbylle"},{"$i":"byteUnit-B","$v":"Bajte"},{"$i":"byteUnit-KB","$v":"KB"},{"$i":"byteUnit-MB","$v":"MB"},{"$i":"byteUnit-GB","$v":"GB"},{"$i":"gallery","$v":"Galeri"},{"$i":"preview","$v":"Paraparje"},{"$i":"date-group-header","$v":"%B %Y"},{"$i":"videoDescriptionShort","$v":"Video e depozituar më %H:%M, %e %B, %Y"},{"$i":"imageDescriptionShort","$v":"Figurë e depozituar më %H:%M, %e %B, %Y"},{"$i":"back-button","ariaLabel":"Mbrapsht"},{"$i":"crop-options","ariaLabel":"Qethe"},{"$i":"crop-revert","ariaLabel":"Riktheje"},{"$i":"crop-aspect-free","ariaLabel":"Përpjestime vetjake"},{"$i":"crop-aspect-portrait","ariaLabel":"Përpjestime portreti"},{"$i":"crop-aspect-landscape","ariaLabel":"Përpjestime peizazhi"},{"$i":"crop-aspect-square","ariaLabel":"Përpjestime kuadrati"},{"$i":"effect-options","ariaLabel":"Efekt"},{"$i":"effect-none","ariaLabel":"Asnjë"},{"$i":"effect-bw","ariaLabel":"Bardhë e zi"},{"$i":"effect-sepia","ariaLabel":"Sepia"},{"$i":"effect-bluesteel","ariaLabel":"Blu e çeliktë"},{"$i":"effect-faded","ariaLabel":"Me zbehje"},{"$i":"exposure-button","ariaLabel":"Ekspozim"},{"$i":"crop-button","ariaLabel":"Qethe"},{"$i":"effect-button","ariaLabel":"Efekte"},{"$i":"enhance-button","ariaLabel":"Përmirësoje"},{"$i":"camera-button","ariaLabel":"Kamerë"},{"$i":"select-multiple-button","ariaLabel":"Përzgjedhje e disafishtë"},{"$i":"edit-button","ariaLabel":"Përpunoni"},{"$i":"share-button","ariaLabel":"Ndani Me të Tjerët"},{"$i":"info-button","ariaLabel":"Të dhëna"},{"$i":"delete-button","ariaLabel":"Fshirje"},{"$i":"editImagePreview","ariaLabel":"Paraparje përpunimi figure"},{"$i":"weekday-0-long","$v":"E diel"},{"$i":"weekday-1-long","$v":"E hënë"},{"$i":"weekday-2-long","$v":"E martë"},{"$i":"weekday-3-long","$v":"E mërkurë"},{"$i":"weekday-4-long","$v":"E enjte"},{"$i":"weekday-5-long","$v":"E premte"},{"$i":"weekday-6-long","$v":"E shtunë"},{"$i":"weekday-0-short","$v":"Die"},{"$i":"weekday-1-short","$v":"Hën"},{"$i":"weekday-2-short","$v":"Mar"},{"$i":"weekday-3-short","$v":"Mër"},{"$i":"weekday-4-short","$v":"Enj"},{"$i":"weekday-5-short","$v":"Pre"},{"$i":"weekday-6-short","$v":"Sht"},{"$i":"month-0-long","$v":"Janar"},{"$i":"month-1-long","$v":"Shkurt"},{"$i":"month-2-long","$v":"Mars"},{"$i":"month-3-long","$v":"Prill"},{"$i":"month-4-long","$v":"Maj"},{"$i":"month-5-long","$v":"Qershor"},{"$i":"month-6-long","$v":"Korrik"},{"$i":"month-7-long","$v":"Gusht"},{"$i":"month-8-long","$v":"Shtator"},{"$i":"month-9-long","$v":"Tetor"},{"$i":"month-10-long","$v":"Nëntor"},{"$i":"month-11-long","$v":"Dhjetor"},{"$i":"month-0-genitive","$v":"të Janarit"},{"$i":"month-1-genitive","$v":"të Shkurtit"},{"$i":"month-2-genitive","$v":"të Marsit"},{"$i":"month-3-genitive","$v":"të Prillit"},{"$i":"month-4-genitive","$v":"të Majit"},{"$i":"month-5-genitive","$v":"të Qershorit"},{"$i":"month-6-genitive","$v":"të Korrikut"},{"$i":"month-7-genitive","$v":"të Gushtit"},{"$i":"month-8-genitive","$v":"të Shtatorit"},{"$i":"month-9-genitive","$v":"të Tetorit"},{"$i":"month-10-genitive","$v":"të Nëntorit"},{"$i":"month-11-genitive","$v":"të Dhjetorit"},{"$i":"month-0-short","$v":"Jan"},{"$i":"month-1-short","$v":"Shk"},{"$i":"month-2-short","$v":"Mar"},{"$i":"month-3-short","$v":"Pri"},{"$i":"month-4-short","$v":"Maj"},{"$i":"month-5-short","$v":"Qer"},{"$i":"month-6-short","$v":"Kor"},{"$i":"month-7-short","$v":"Gus"},{"$i":"month-8-short","$v":"Sht"},{"$i":"month-9-short","$v":"Tet"},{"$i":"month-10-short","$v":"Nën"},{"$i":"month-11-short","$v":"Dhj"},{"$i":"minutes-ago-long","$v":{"zero":"mu tani","one":"një minutë më parë","two":[{"t":"idOrVar","v":"value"}," minuta më parë"],"few":[{"t":"idOrVar","v":"value"}," minuta më parë"],"many":[{"t":"idOrVar","v":"value"}," minuta më parë"],"other":[{"t":"idOrVar","v":"value"}," minuta më parë"]},"$x":[{"t":"idOrVar","v":"plural"},"value"]},{"$i":"hours-ago-long","$v":{"zero":"mu tani","one":"një orë më parë","two":[{"t":"idOrVar","v":"value"}," orë më parë"],"few":[{"t":"idOrVar","v":"value"}," orë më parë"],"many":[{"t":"idOrVar","v":"value"}," orë më parë"],"other":[{"t":"idOrVar","v":"value"}," orë më parë"]},"$x":[{"t":"idOrVar","v":"plural"},"value"]},{"$i":"days-ago-long","$v":{"zero":"sot","one":"dje","two":[{"t":"idOrVar","v":"value"}," ditë më parë"],"few":[{"t":"idOrVar","v":"value"}," ditë më parë"],"many":[{"t":"idOrVar","v":"value"}," ditë më parë"],"other":[{"t":"idOrVar","v":"value"}," ditë më parë"]},"$x":[{"t":"idOrVar","v":"plural"},"value"]},{"$i":"weeks-ago-long","$v":{"zero":"këtë javë","one":"javën e kaluar","two":[{"t":"idOrVar","v":"value"}," javë më parë"],"few":[{"t":"idOrVar","v":"value"}," javë më parë"],"many":[{"t":"idOrVar","v":"value"}," javë më parë"],"other":[{"t":"idOrVar","v":"value"}," javë më parë"]},"$x":[{"t":"idOrVar","v":"plural"},"value"]},{"$i":"months-ago-long","$v":{"zero":"këtë muaj","one":"muajin e kaluar","two":[{"t":"idOrVar","v":"value"}," muaj më parë"],"few":[{"t":"idOrVar","v":"value"}," muaj më parë"],"many":[{"t":"idOrVar","v":"value"}," muaj më parë"],"other":[{"t":"idOrVar","v":"value"}," muaj më parë"]},"$x":[{"t":"idOrVar","v":"plural"},"value"]},{"$i":"years-ago-long","$v":{"zero":"këtë vit","one":"vitin e kaluar","two":[{"t":"idOrVar","v":"value"}," vite më parë"],"few":[{"t":"idOrVar","v":"value"}," vite më parë"],"many":[{"t":"idOrVar","v":"value"}," vite më parë"],"other":[{"t":"idOrVar","v":"value"}," vite më parë"]},"$x":[{"t":"idOrVar","v":"plural"},"value"]},{"$i":"minutes-until-long","$v":{"zero":"tani","one":"për një minutë","two":["për ",{"t":"idOrVar","v":"value"}," minuta"],"few":["për ",{"t":"idOrVar","v":"value"}," minuta"],"many":["për ",{"t":"idOrVar","v":"value"}," minuta"],"other":["për ",{"t":"idOrVar","v":"value"}," minuta"]},"$x":[{"t":"idOrVar","v":"plural"},"value"]},{"$i":"hours-until-long","$v":{"zero":"tani","one":"për një orë","two":["për ",{"t":"idOrVar","v":"value"}," orë"],"few":["për ",{"t":"idOrVar","v":"value"}," orë"],"many":["për ",{"t":"idOrVar","v":"value"}," orë"],"other":["për ",{"t":"idOrVar","v":"value"}," orë"]},"$x":[{"t":"idOrVar","v":"plural"},"value"]},{"$i":"days-until-long","$v":{"zero":"sot","one":"nesër","two":["për ",{"t":"idOrVar","v":"value"}," ditë"],"few":["për ",{"t":"idOrVar","v":"value"}," ditë"],"many":["për ",{"t":"idOrVar","v":"value"}," ditë"],"other":["për ",{"t":"idOrVar","v":"value"}," ditë"]},"$x":[{"t":"idOrVar","v":"plural"},"value"]},{"$i":"weeks-until-long","$v":{"zero":"këtë javë","one":"javën pasuese","two":["për ",{"t":"idOrVar","v":"value"}," javë"],"few":["për ",{"t":"idOrVar","v":"value"}," javë"],"many":["për ",{"t":"idOrVar","v":"value"}," javë"],"other":["për ",{"t":"idOrVar","v":"value"}," javë"]},"$x":[{"t":"idOrVar","v":"plural"},"value"]},{"$i":"months-until-long","$v":{"zero":"këtë muaj","one":"muajin pasues","two":["për ",{"t":"idOrVar","v":"value"}," muaj"],"few":["për ",{"t":"idOrVar","v":"value"}," muaj"],"many":["për ",{"t":"idOrVar","v":"value"}," muaj"],"other":["për ",{"t":"idOrVar","v":"value"}," muaj"]},"$x":[{"t":"idOrVar","v":"plural"},"value"]},{"$i":"years-until-long","$v":{"zero":"këtë vit","one":"vitin pasues","two":["për ",{"t":"idOrVar","v":"value"}," vjet"],"few":["për ",{"t":"idOrVar","v":"value"}," vjet"],"many":["për ",{"t":"idOrVar","v":"value"}," vjet"],"other":["për ",{"t":"idOrVar","v":"value"}," vjet"]},"$x":[{"t":"idOrVar","v":"plural"},"value"]},{"$i":"minutes-ago-short","$v":{"zero":"mu tani","other":[{"t":"idOrVar","v":"value"},"m më parë"]},"$x":[{"t":"idOrVar","v":"plural"},"value"]},{"$i":"hours-ago-short","$v":{"zero":"mu tani","other":[{"t":"idOrVar","v":"value"},"h më parë"]},"$x":[{"t":"idOrVar","v":"plural"},"value"]},{"$i":"days-ago-short","$v":{"zero":"sot","other":[{"t":"idOrVar","v":"value"},"d më parë"]},"$x":[{"t":"idOrVar","v":"plural"},"value"]},{"$i":"minutes-until-short","$v":{"zero":"tani","other":["për ",{"t":"idOrVar","v":"value"},"m"]},"$x":[{"t":"idOrVar","v":"plural"},"value"]},{"$i":"hours-until-short","$v":{"zero":"tani","other":["për ",{"t":"idOrVar","v":"value"},"h"]},"$x":[{"t":"idOrVar","v":"plural"},"value"]},{"$i":"days-until-short","$v":{"zero":"sot","other":["për ",{"t":"idOrVar","v":"value"},"d"]},"$x":[{"t":"idOrVar","v":"plural"},"value"]},{"$i":"incorrectDate","$v":"(datë e pasaktë)"},{"$i":"dateTimeFormat_%c","$v":"%a %e %b %Y %I:%M:%S %p"},{"$i":"dateTimeFormat_%x","$v":"%m/%d/%Y"},{"$i":"dateTimeFormat_%X","$v":"%I:%M:%S %p"},{"$i":"shortTimeFormat","$v":"%I:%M %p"},{"$i":"shortTimeFormat12","$v":"%I:%M %p"},{"$i":"shortTimeFormat24","$v":"%H:%M"},{"$i":"shortDateTimeFormat","$v":"%x %I:%M %p"},{"$i":"weekStartsOnMonday","$v":"0"},{"$i":"firstDayOfTheWeek","$v":"0"},{"$i":"time_am","$v":"AM"},{"$i":"time_pm","$v":"PM"},{"$i":"playbackPlay","ariaLabel":"Play"},{"$i":"playbackPause","ariaLabel":"Pause"},{"$i":"playbackNext","ariaLabel":"Next"},{"$i":"playbackPrevious","ariaLabel":"Previous"},{"$i":"playbackFullscreen","ariaLabel":"Fullscreen"},{"$i":"playbackSeekBar","ariaLabel":["Seek bar, duration ",{"t":"idOrVar","v":"duration"}]}]