[{"$i":"number-selected2","$v":{"zero":"Označi","one":[{"t":"idOrVar","v":"n"}," je označena"],"two":[{"t":"idOrVar","v":"n"}," su označene"],"few":[{"t":"idOrVar","v":"n"}," je označeno"],"many":[{"t":"idOrVar","v":"n"}," je označeno"],"other":[{"t":"idOrVar","v":"n"}," je označeno"]},"$x":[{"t":"idOrVar","v":"plural"},"n"]},{"$i":"delete-photo?","$v":"Obrisati sliku?"},{"$i":"delete-video?","$v":"Obrisati video?"},{"$i":"delete-n-items?","$v":{"zero":"Ništa nije označeno","one":"Obrisati označenu stavku?","two":["Obrisati ",{"t":"idOrVar","v":"n"}," stavke?"],"few":["Obrisati ",{"t":"idOrVar","v":"n"}," stavki?"],"many":["Obrisati ",{"t":"idOrVar","v":"n"}," stavki?"],"other":["Obrisati ",{"t":"idOrVar","v":"n"}," stavki?"]},"$x":[{"t":"idOrVar","v":"plural"},"n"]},{"$i":"pickoneimage2","$v":"Označi"},{"$i":"cropimage","$v":"Iseci"},{"$i":"cancel","$v":"Otkaži"},{"$i":"delete","$v":"Obriši"},{"$i":"ok","$v":"U redu"},{"$i":"edit","$v":"Uredi"},{"$i":"save","$v":"Sačuvaj"},{"$i":"done","$v":"Gotovo"},{"$i":"exposure","$v":"Ekspozicija"},{"$i":"crop","$v":"Iseci"},{"$i":"effects","$v":"Efekti"},{"$i":"borders","$v":"Okviri"},{"$i":"enhance-on","$v":"Auto-poboljšanje uključeno"},{"$i":"enhance-off","$v":"Auto-poboljšanje isključeno"},{"$i":"apply","$v":"Primeni"},{"$i":"filters","$v":"Filteri"},{"$i":"original","$v":"Original"},{"$i":"blackandwhite","$v":"Crno-belo"},{"$i":"sepia","$v":"Sepia"},{"$i":"freeform","$v":"Ručno"},{"$i":"portrait","$v":"Uspravno"},{"$i":"landscape","$v":"Položeno"},{"$i":"square","$v":"Kvadrat"},{"$i":"emptygallery2-title","$v":"Nema slika ili videa"},{"$i":"emptygallery2-text","$v":"Koristite aplikaciju kamere da biste započeli."},{"$i":"emptygallery2-title-pick","$v":"Nema slika"},{"$i":"nocard3-title","$v":"Nema memorijske kartice"},{"$i":"nocard4-text","$v":"Umetnite memorijsku karticu za korišćenje ove aplikacije."},{"$i":"pluggedin2-title","$v":"Memorijska kartica je trenutno u upotrebi"},{"$i":"pluggedin2-text","$v":"Otkačite priključak sa telefona da biste koristili ovu aplikaciju."},{"$i":"scanning-title","$v":"Skeniranje"},{"$i":"scanning-text","$v":"Pretraga fotografija i video snimaka."},{"$i":"upgrade-title","$v":"Nadogradnja baze"},{"$i":"upgrade-text","$v":"Molim Vas sačekajte dok Galerija ne ažurira svoju bazu."},{"$i":"share-noprovider","$v":"Ova vrsta slike se ne može deliti."},{"$i":"memorycardfull","$v":"Nije moguće uređivati slike: memorijska kartica je puna."},{"$i":"imagetoobig","$v":"Slika je previše velika da bi bila prikazana na ovom uređaju."},{"$i":"imageinvalid","$v":"Slika nije validna ili je neispravna i ne može biti prikazana."},{"$i":"saved","$v":[{"t":"idOrVar","v":"filename"}," je snimljen"]},{"$i":"edit-copy-saved","$v":"Nova kopija je snimljena."},{"$i":"overlay-camera-button","$v":"Kamera"},{"$i":"name-label","$v":"Naziv"},{"$i":"size-label","$v":"Veličina"},{"$i":"image-type-label","$v":"Tip slike"},{"$i":"date-taken-label","$v":"Datum slikanja"},{"$i":"resolution-label","$v":"Rezolucija"},{"$i":"close-button","$v":"Zatvori"},{"$i":"byteUnit-B","$v":"bajtova"},{"$i":"byteUnit-KB","$v":"KB"},{"$i":"byteUnit-MB","$v":"MB"},{"$i":"byteUnit-GB","$v":"GB"},{"$i":"gallery","$v":"Galerija"},{"$i":"preview","$v":"Prikaz"},{"$i":"date-group-header","$v":"%B %Y"},{"$i":"videoDescriptionShort","$v":"Video od %H:%M del %e %B %Y"},{"$i":"imageDescriptionShort","$v":"Slika od %H:%M del %e %B %Y"},{"$i":"back-button","ariaLabel":"Nazad"},{"$i":"crop-options","ariaLabel":"Iseci"},{"$i":"crop-revert","ariaLabel":"Poništi"},{"$i":"crop-aspect-free","ariaLabel":"Prilagođena proporcija"},{"$i":"crop-aspect-portrait","ariaLabel":"Portret proporcija"},{"$i":"crop-aspect-landscape","ariaLabel":"Pejzaž proporcija"},{"$i":"crop-aspect-square","ariaLabel":"Kvadratna proporcija"},{"$i":"effect-options","ariaLabel":"Efekti"},{"$i":"effect-none","ariaLabel":"Nema"},{"$i":"effect-bw","ariaLabel":"Crno-belo"},{"$i":"effect-sepia","ariaLabel":"Sepia"},{"$i":"effect-bluesteel","ariaLabel":"Blue steel"},{"$i":"effect-faded","ariaLabel":"Izbledelo"},{"$i":"exposure-button","ariaLabel":"Ekspozicija"},{"$i":"crop-button","ariaLabel":"Iseci"},{"$i":"effect-button","ariaLabel":"Efekti"},{"$i":"enhance-button","ariaLabel":"Auto-poboljšanje"},{"$i":"camera-button","ariaLabel":"Kamera"},{"$i":"select-multiple-button","ariaLabel":"Izaberi više"},{"$i":"edit-button","ariaLabel":"Uredi"},{"$i":"share-button","ariaLabel":"Podeli"},{"$i":"info-button","ariaLabel":"Informacije"},{"$i":"delete-button","ariaLabel":"Izbriši"},{"$i":"editImagePreview","ariaLabel":"Uredi prikaz slike"},{"$i":"weekday-0-long","$v":"Nedelja"},{"$i":"weekday-1-long","$v":"Ponedeljak"},{"$i":"weekday-2-long","$v":"Utorak"},{"$i":"weekday-3-long","$v":"Sreda"},{"$i":"weekday-4-long","$v":"Četvrtak"},{"$i":"weekday-5-long","$v":"Petak"},{"$i":"weekday-6-long","$v":"Subota"},{"$i":"weekday-0-short","$v":"Ned"},{"$i":"weekday-1-short","$v":"Pon"},{"$i":"weekday-2-short","$v":"Uto"},{"$i":"weekday-3-short","$v":"Sre"},{"$i":"weekday-4-short","$v":"Čet"},{"$i":"weekday-5-short","$v":"Pet"},{"$i":"weekday-6-short","$v":"Sub"},{"$i":"month-0-long","$v":"januar"},{"$i":"month-1-long","$v":"februar"},{"$i":"month-2-long","$v":"mart"},{"$i":"month-3-long","$v":"april"},{"$i":"month-4-long","$v":"maj"},{"$i":"month-5-long","$v":"jun"},{"$i":"month-6-long","$v":"jul"},{"$i":"month-7-long","$v":"avgust"},{"$i":"month-8-long","$v":"septembar"},{"$i":"month-9-long","$v":"oktobar"},{"$i":"month-10-long","$v":"novembar"},{"$i":"month-11-long","$v":"decembar"},{"$i":"month-0-genitive","$v":"januara"},{"$i":"month-1-genitive","$v":"februara"},{"$i":"month-2-genitive","$v":"marta"},{"$i":"month-3-genitive","$v":"aprila"},{"$i":"month-4-genitive","$v":"maja"},{"$i":"month-5-genitive","$v":"juna"},{"$i":"month-6-genitive","$v":"jula"},{"$i":"month-7-genitive","$v":"avgusta"},{"$i":"month-8-genitive","$v":"septembra"},{"$i":"month-9-genitive","$v":"oktobra"},{"$i":"month-10-genitive","$v":"novembra"},{"$i":"month-11-genitive","$v":"decembra"},{"$i":"month-0-short","$v":"jan"},{"$i":"month-1-short","$v":"feb"},{"$i":"month-2-short","$v":"mar"},{"$i":"month-3-short","$v":"apr"},{"$i":"month-4-short","$v":"maj"},{"$i":"month-5-short","$v":"jun"},{"$i":"month-6-short","$v":"jul"},{"$i":"month-7-short","$v":"avg"},{"$i":"month-8-short","$v":"sep"},{"$i":"month-9-short","$v":"okt"},{"$i":"month-10-short","$v":"nov"},{"$i":"month-11-short","$v":"dec"},{"$i":"minutes-ago-long","$v":{"zero":"upravo","one":"pre minut","two":["pre ",{"t":"idOrVar","v":"value"}," minuta"],"few":["pre ",{"t":"idOrVar","v":"value"}," minuta"],"many":["pre ",{"t":"idOrVar","v":"value"}," minuta"],"other":["pre ",{"t":"idOrVar","v":"value"}," minuta"]},"$x":[{"t":"idOrVar","v":"plural"},"value"]},{"$i":"hours-ago-long","$v":{"zero":"upravo","one":"pre sat vremena","two":["pre ",{"t":"idOrVar","v":"value"}," sata"],"few":["pre ",{"t":"idOrVar","v":"value"}," sati"],"many":["pre ",{"t":"idOrVar","v":"value"}," sati"],"other":["pre ",{"t":"idOrVar","v":"value"}," sati"]},"$x":[{"t":"idOrVar","v":"plural"},"value"]},{"$i":"days-ago-long","$v":{"zero":"danas","one":"juče","two":["pre ",{"t":"idOrVar","v":"value"}," dana"],"few":["pre ",{"t":"idOrVar","v":"value"}," dana"],"many":["pre ",{"t":"idOrVar","v":"value"}," dana"],"other":["pre ",{"t":"idOrVar","v":"value"}," dana"]},"$x":[{"t":"idOrVar","v":"plural"},"value"]},{"$i":"weeks-ago-long","$v":{"zero":"ove nedelje","one":"prošle nedelje","two":["pre ",{"t":"idOrVar","v":"value"}," nedelje"],"few":["pre ",{"t":"idOrVar","v":"value"}," nedelja"],"many":["pre ",{"t":"idOrVar","v":"value"}," nedelja"],"other":["pre ",{"t":"idOrVar","v":"value"}," nedelja"]},"$x":[{"t":"idOrVar","v":"plural"},"value"]},{"$i":"months-ago-long","$v":{"zero":"ovog meseca","one":"prošlog meseca","two":["pre ",{"t":"idOrVar","v":"value"}," meseca"],"few":["pre ",{"t":"idOrVar","v":"value"}," meseci"],"many":["pre ",{"t":"idOrVar","v":"value"}," meseci"],"other":["pre ",{"t":"idOrVar","v":"value"}," meseci"]},"$x":[{"t":"idOrVar","v":"plural"},"value"]},{"$i":"years-ago-long","$v":{"zero":"ove godine","one":"prošle godine","two":["pre ",{"t":"idOrVar","v":"value"}," godine"],"few":["pre ",{"t":"idOrVar","v":"value"}," godina"],"many":["pre ",{"t":"idOrVar","v":"value"}," godina"],"other":["pre ",{"t":"idOrVar","v":"value"}," godina"]},"$x":[{"t":"idOrVar","v":"plural"},"value"]},{"$i":"minutes-until-long","$v":{"zero":"upravo","one":"za jedan minut","two":["za ",{"t":"idOrVar","v":"value"}," minuta"],"few":["za ",{"t":"idOrVar","v":"value"}," minuta"],"many":["za ",{"t":"idOrVar","v":"value"}," minuta"],"other":["za ",{"t":"idOrVar","v":"value"}," minuta"]},"$x":[{"t":"idOrVar","v":"plural"},"value"]},{"$i":"hours-until-long","$v":{"zero":"upravo","one":"za sat vremena","two":["za ",{"t":"idOrVar","v":"value"}," sata"],"few":["za ",{"t":"idOrVar","v":"value"}," sati"],"many":["za ",{"t":"idOrVar","v":"value"}," sati"],"other":["za ",{"t":"idOrVar","v":"value"}," sati"]},"$x":[{"t":"idOrVar","v":"plural"},"value"]},{"$i":"days-until-long","$v":{"zero":"danas","one":"sutra","two":["za ",{"t":"idOrVar","v":"value"}," dana"],"few":["za ",{"t":"idOrVar","v":"value"}," dana"],"many":["za ",{"t":"idOrVar","v":"value"}," dana"],"other":["za ",{"t":"idOrVar","v":"value"}," dana"]},"$x":[{"t":"idOrVar","v":"plural"},"value"]},{"$i":"weeks-until-long","$v":{"zero":"ove nedelje","one":"sledeće nedelje","two":["za ",{"t":"idOrVar","v":"value"}," nedelje"],"few":["za ",{"t":"idOrVar","v":"value"}," nedelja"],"many":["za ",{"t":"idOrVar","v":"value"}," nedelja"],"other":["za ",{"t":"idOrVar","v":"value"}," nedelja"]},"$x":[{"t":"idOrVar","v":"plural"},"value"]},{"$i":"months-until-long","$v":{"zero":"ovog meseca","one":"sledećeg meseca","two":["za ",{"t":"idOrVar","v":"value"}," meseca"],"few":["za ",{"t":"idOrVar","v":"value"}," meseci"],"many":["za ",{"t":"idOrVar","v":"value"}," meseci"],"other":["za ",{"t":"idOrVar","v":"value"}," meseci"]},"$x":[{"t":"idOrVar","v":"plural"},"value"]},{"$i":"years-until-long","$v":{"zero":"ove godine","one":"sledeće godine","two":["za ",{"t":"idOrVar","v":"value"}," godine"],"few":["za ",{"t":"idOrVar","v":"value"}," godina"],"many":["za ",{"t":"idOrVar","v":"value"}," godina"],"other":["za ",{"t":"idOrVar","v":"value"}," godina"]},"$x":[{"t":"idOrVar","v":"plural"},"value"]},{"$i":"minutes-ago-short","$v":{"zero":"upravo","other":["pre ",{"t":"idOrVar","v":"value"},"m"]},"$x":[{"t":"idOrVar","v":"plural"},"value"]},{"$i":"hours-ago-short","$v":{"zero":"upravo","other":["pre ",{"t":"idOrVar","v":"value"},"s"]},"$x":[{"t":"idOrVar","v":"plural"},"value"]},{"$i":"days-ago-short","$v":{"zero":"danas","other":["pre ",{"t":"idOrVar","v":"value"},"d"]},"$x":[{"t":"idOrVar","v":"plural"},"value"]},{"$i":"minutes-until-short","$v":{"zero":"upravo","other":["za ",{"t":"idOrVar","v":"value"},"m"]},"$x":[{"t":"idOrVar","v":"plural"},"value"]},{"$i":"hours-until-short","$v":{"zero":"upravo","other":["za ",{"t":"idOrVar","v":"value"},"s"]},"$x":[{"t":"idOrVar","v":"plural"},"value"]},{"$i":"days-until-short","$v":{"zero":"danas","other":["za ",{"t":"idOrVar","v":"value"},"d"]},"$x":[{"t":"idOrVar","v":"plural"},"value"]},{"$i":"incorrectDate","$v":"(netačan datum)"},{"$i":"dateTimeFormat_%c","$v":"%a %e %b %Y %H:%M:%S"},{"$i":"dateTimeFormat_%x","$v":"%d.%m.%Y"},{"$i":"dateTimeFormat_%X","$v":"%H:%M:%S"},{"$i":"shortTimeFormat","$v":"%H:%M"},{"$i":"shortTimeFormat12","$v":"%I:%M %p"},{"$i":"shortTimeFormat24","$v":"%H:%M"},{"$i":"shortDateTimeFormat","$v":"%x %H:%M"},{"$i":"weekStartsOnMonday","$v":"1"},{"$i":"firstDayOfTheWeek","$v":"1"},{"$i":"time_am","$v":"AM"},{"$i":"time_pm","$v":"PM"},{"$i":"playbackPlay","ariaLabel":"Play"},{"$i":"playbackPause","ariaLabel":"Pause"},{"$i":"playbackNext","ariaLabel":"Next"},{"$i":"playbackPrevious","ariaLabel":"Previous"},{"$i":"playbackFullscreen","ariaLabel":"Fullscreen"},{"$i":"playbackSeekBar","ariaLabel":["Seek bar, duration ",{"t":"idOrVar","v":"duration"}]}]