[{"$i":"number-selected2","$v":{"zero":"Markera","one":[{"t":"idOrVar","v":"n"}," markerad"],"two":[{"t":"idOrVar","v":"n"}," markerade"],"few":[{"t":"idOrVar","v":"n"}," markerade"],"many":[{"t":"idOrVar","v":"n"}," markerade"],"other":[{"t":"idOrVar","v":"n"}," markerade"]},"$x":[{"t":"idOrVar","v":"plural"},"n"]},{"$i":"delete-photo?","$v":"Ta bort bild?"},{"$i":"delete-video?","$v":"Ta bort video?"},{"$i":"delete-n-items?","$v":{"zero":"Inget markerat","one":"Ta bort markerat objekt?","two":["Ta bort ",{"t":"idOrVar","v":"n"}," objekt?"],"few":["Ta bort ",{"t":"idOrVar","v":"n"}," objekt?"],"many":["Ta bort ",{"t":"idOrVar","v":"n"}," objekt?"],"other":["Ta bort ",{"t":"idOrVar","v":"n"}," objekt?"]},"$x":[{"t":"idOrVar","v":"plural"},"n"]},{"$i":"pickoneimage2","$v":"Välj"},{"$i":"cropimage","$v":"Beskär"},{"$i":"cancel","$v":"Avbryt"},{"$i":"delete","$v":"Ta bort"},{"$i":"ok","$v":"OK"},{"$i":"edit","$v":"Redigera"},{"$i":"save","$v":"Spara"},{"$i":"done","$v":"Klar"},{"$i":"exposure","$v":"Exponering"},{"$i":"crop","$v":"Beskär"},{"$i":"effects","$v":"Effekter"},{"$i":"borders","$v":"Kanter"},{"$i":"enhance-on","$v":"Auto-förbättra på"},{"$i":"enhance-off","$v":"Auto-förbättra av"},{"$i":"apply","$v":"Använd"},{"$i":"filters","$v":"Filter"},{"$i":"original","$v":"Original"},{"$i":"blackandwhite","$v":"Svartvit"},{"$i":"sepia","$v":"Sepia"},{"$i":"freeform","$v":"Frihand"},{"$i":"portrait","$v":"Stående"},{"$i":"landscape","$v":"Liggande"},{"$i":"square","$v":"Fyrkant"},{"$i":"emptygallery2-title","$v":"Inga bilder eller videor"},{"$i":"emptygallery2-text","$v":"Använd kamera-appen för att komma igång"},{"$i":"emptygallery2-title-pick","$v":"Inga bilder"},{"$i":"nocard3-title","$v":"Inget minneskort"},{"$i":"nocard4-text","$v":"Sätt in ett minneskort för att använda denna app."},{"$i":"pluggedin2-title","$v":"Minneskort används"},{"$i":"pluggedin2-text","$v":"Koppla ut telefonen för att använda appen."},{"$i":"scanning-title","$v":"Skannar"},{"$i":"scanning-text","$v":"Söker efter foton och videor."},{"$i":"upgrade-title","$v":"Databasuppgradering"},{"$i":"upgrade-text","$v":"Vänta medan Galleri uppdaterar sin databas."},{"$i":"share-noprovider","$v":"Kan inte dela "},{"$i":"memorycardfull","$v":"Kan inte redigera bilder: Minneskortet är fullt."},{"$i":"imagetoobig","$v":"Bilden är för stor för att visas på enheten."},{"$i":"imageinvalid","$v":"Bilden är ogiltig eller skadad och kan inte visas."},{"$i":"saved","$v":[{"t":"idOrVar","v":"filename"}," sparad till Galleri"]},{"$i":"edit-copy-saved","$v":"Ny kopia sparad"},{"$i":"overlay-camera-button","$v":"Gå till Kamera"},{"$i":"name-label","$v":"Namn"},{"$i":"size-label","$v":"Storlek"},{"$i":"image-type-label","$v":"Bildtyp"},{"$i":"date-taken-label","$v":"Datum taget"},{"$i":"resolution-label","$v":"Upplösning"},{"$i":"close-button","$v":"Stäng"},{"$i":"byteUnit-B","$v":"byte"},{"$i":"byteUnit-KB","$v":"kB"},{"$i":"byteUnit-MB","$v":"MB"},{"$i":"byteUnit-GB","$v":"GB"},{"$i":"gallery","$v":"Galleri"},{"$i":"preview","$v":"Förhandsgranska"},{"$i":"date-group-header","$v":"%B %Y"},{"$i":"videoDescriptionShort","$v":"Video daterad %H:%M, %e %B %Y"},{"$i":"imageDescriptionShort","$v":"Bild daterad %H:%M, e% %B %Y"},{"$i":"back-button","ariaLabel":"Tillbaka"},{"$i":"crop-options","ariaLabel":"Beskär"},{"$i":"crop-revert","ariaLabel":"Återställ"},{"$i":"crop-aspect-free","ariaLabel":"Anpassat bildformat"},{"$i":"crop-aspect-portrait","ariaLabel":"Stående bildformat"},{"$i":"crop-aspect-landscape","ariaLabel":"Liggande bildformat"},{"$i":"crop-aspect-square","ariaLabel":"Fyrkantigt bildformat"},{"$i":"effect-options","ariaLabel":"Effekt"},{"$i":"effect-none","ariaLabel":"Ingen"},{"$i":"effect-bw","ariaLabel":"Svartvit"},{"$i":"effect-sepia","ariaLabel":"Sepia"},{"$i":"effect-bluesteel","ariaLabel":"Blått stål"},{"$i":"effect-faded","ariaLabel":"Blek"},{"$i":"exposure-button","ariaLabel":"Exponering"},{"$i":"crop-button","ariaLabel":"Beskär"},{"$i":"effect-button","ariaLabel":"Effekter"},{"$i":"enhance-button","ariaLabel":"Förbättra"},{"$i":"camera-button","ariaLabel":"Kamera"},{"$i":"select-multiple-button","ariaLabel":"Välj flera"},{"$i":"edit-button","ariaLabel":"Redigera"},{"$i":"share-button","ariaLabel":"Dela"},{"$i":"info-button","ariaLabel":"Information"},{"$i":"delete-button","ariaLabel":"Ta bort"},{"$i":"editImagePreview","ariaLabel":"Redigera förhandsgranskning"},{"$i":"weekday-0-long","$v":"Söndag"},{"$i":"weekday-1-long","$v":"Måndag"},{"$i":"weekday-2-long","$v":"Tisdag"},{"$i":"weekday-3-long","$v":"Onsdag"},{"$i":"weekday-4-long","$v":"Torsdag"},{"$i":"weekday-5-long","$v":"Fredag"},{"$i":"weekday-6-long","$v":"Lördag"},{"$i":"weekday-0-short","$v":"Sön"},{"$i":"weekday-1-short","$v":"Mån"},{"$i":"weekday-2-short","$v":"Tis"},{"$i":"weekday-3-short","$v":"Ons"},{"$i":"weekday-4-short","$v":"Tor"},{"$i":"weekday-5-short","$v":"Fre"},{"$i":"weekday-6-short","$v":"Lör"},{"$i":"month-0-long","$v":"Januari"},{"$i":"month-1-long","$v":"Februari"},{"$i":"month-2-long","$v":"Mars"},{"$i":"month-3-long","$v":"April"},{"$i":"month-4-long","$v":"Maj"},{"$i":"month-5-long","$v":"Juni"},{"$i":"month-6-long","$v":"Juli"},{"$i":"month-7-long","$v":"Augusti"},{"$i":"month-8-long","$v":"September"},{"$i":"month-9-long","$v":"Oktober"},{"$i":"month-10-long","$v":"November"},{"$i":"month-11-long","$v":"December"},{"$i":"month-0-genitive","$v":"Januari"},{"$i":"month-1-genitive","$v":"Februari"},{"$i":"month-2-genitive","$v":"Mars"},{"$i":"month-3-genitive","$v":"April"},{"$i":"month-4-genitive","$v":"Maj"},{"$i":"month-5-genitive","$v":"Juni"},{"$i":"month-6-genitive","$v":"Juli"},{"$i":"month-7-genitive","$v":"Augusti"},{"$i":"month-8-genitive","$v":"September"},{"$i":"month-9-genitive","$v":"Oktober"},{"$i":"month-10-genitive","$v":"November"},{"$i":"month-11-genitive","$v":"December"},{"$i":"month-0-short","$v":"Jan"},{"$i":"month-1-short","$v":"Feb"},{"$i":"month-2-short","$v":"Mar"},{"$i":"month-3-short","$v":"Apr"},{"$i":"month-4-short","$v":"Maj"},{"$i":"month-5-short","$v":"Jun"},{"$i":"month-6-short","$v":"Jul"},{"$i":"month-7-short","$v":"Aug"},{"$i":"month-8-short","$v":"Sep"},{"$i":"month-9-short","$v":"Okt"},{"$i":"month-10-short","$v":"Nov"},{"$i":"month-11-short","$v":"Dec"},{"$i":"minutes-ago-long","$v":{"zero":"nyss","one":"en minut sen","two":[{"t":"idOrVar","v":"value"}," minuter sen"],"few":[{"t":"idOrVar","v":"value"}," minuter sen"],"many":[{"t":"idOrVar","v":"value"}," minuter sen"],"other":[{"t":"idOrVar","v":"value"}," minuter sen"]},"$x":[{"t":"idOrVar","v":"plural"},"value"]},{"$i":"hours-ago-long","$v":{"zero":"nyss","one":"en timme sen","two":[{"t":"idOrVar","v":"value"}," timmar sen"],"few":[{"t":"idOrVar","v":"value"}," timmar sen"],"many":[{"t":"idOrVar","v":"value"}," timmar sen"],"other":[{"t":"idOrVar","v":"value"}," timmar sen"]},"$x":[{"t":"idOrVar","v":"plural"},"value"]},{"$i":"days-ago-long","$v":{"zero":"idag","one":"igår","two":[{"t":"idOrVar","v":"value"}," dagar sen"],"few":[{"t":"idOrVar","v":"value"}," dagar sen"],"many":[{"t":"idOrVar","v":"value"}," dagar sen"],"other":[{"t":"idOrVar","v":"value"}," dagar sen"]},"$x":[{"t":"idOrVar","v":"plural"},"value"]},{"$i":"weeks-ago-long","$v":{"zero":"denna vecka","one":"förra veckan","two":[{"t":"idOrVar","v":"value"}," veckor sen"],"few":[{"t":"idOrVar","v":"value"}," veckor sen"],"many":[{"t":"idOrVar","v":"value"}," veckor sen"],"other":[{"t":"idOrVar","v":"value"}," veckor sen"]},"$x":[{"t":"idOrVar","v":"plural"},"value"]},{"$i":"months-ago-long","$v":{"zero":"denna månad","one":"förra månaden","two":[{"t":"idOrVar","v":"value"}," månader sen"],"few":[{"t":"idOrVar","v":"value"}," månader sen"],"many":[{"t":"idOrVar","v":"value"}," månader sen"],"other":[{"t":"idOrVar","v":"value"}," månader sen"]},"$x":[{"t":"idOrVar","v":"plural"},"value"]},{"$i":"years-ago-long","$v":{"zero":"detta år","one":"förra året","two":[{"t":"idOrVar","v":"value"}," år sen"],"few":[{"t":"idOrVar","v":"value"}," år sen"],"many":[{"t":"idOrVar","v":"value"}," år sen"],"other":[{"t":"idOrVar","v":"value"}," år sen"]},"$x":[{"t":"idOrVar","v":"plural"},"value"]},{"$i":"minutes-until-long","$v":{"zero":"nu","one":"om en minut","two":["om ",{"t":"idOrVar","v":"value"}," minuter"],"few":["om ",{"t":"idOrVar","v":"value"}," minuter"],"many":["om ",{"t":"idOrVar","v":"value"}," minuter"],"other":["om ",{"t":"idOrVar","v":"value"}," minuter"]},"$x":[{"t":"idOrVar","v":"plural"},"value"]},{"$i":"hours-until-long","$v":{"zero":"nu","one":"om en timme","two":["om ",{"t":"idOrVar","v":"value"}," timmar"],"few":["om ",{"t":"idOrVar","v":"value"}," timmar"],"many":["om ",{"t":"idOrVar","v":"value"}," timmar"],"other":["om ",{"t":"idOrVar","v":"value"}," timmar"]},"$x":[{"t":"idOrVar","v":"plural"},"value"]},{"$i":"days-until-long","$v":{"zero":"idag","one":"imorgon","two":["om ",{"t":"idOrVar","v":"value"}," dagar"],"few":["om ",{"t":"idOrVar","v":"value"}," dagar"],"many":["om ",{"t":"idOrVar","v":"value"}," dagar"],"other":["om ",{"t":"idOrVar","v":"value"}," dagar"]},"$x":[{"t":"idOrVar","v":"plural"},"value"]},{"$i":"weeks-until-long","$v":{"zero":"denna vecka","one":"nästa vecka","two":["om ",{"t":"idOrVar","v":"value"}," veckor"],"few":["om ",{"t":"idOrVar","v":"value"}," veckor"],"many":["om ",{"t":"idOrVar","v":"value"}," veckor"],"other":["om ",{"t":"idOrVar","v":"value"}," veckor"]},"$x":[{"t":"idOrVar","v":"plural"},"value"]},{"$i":"months-until-long","$v":{"zero":"denna månad","one":"nästa månad","two":["om ",{"t":"idOrVar","v":"value"}," månader"],"few":["om ",{"t":"idOrVar","v":"value"}," månader"],"many":["om ",{"t":"idOrVar","v":"value"}," månader"],"other":["om ",{"t":"idOrVar","v":"value"}," månader"]},"$x":[{"t":"idOrVar","v":"plural"},"value"]},{"$i":"years-until-long","$v":{"zero":"detta år","one":"nästa år","two":["om ",{"t":"idOrVar","v":"value"}," år"],"few":["om ",{"t":"idOrVar","v":"value"}," år"],"many":["om ",{"t":"idOrVar","v":"value"}," år"],"other":["om ",{"t":"idOrVar","v":"value"}," år"]},"$x":[{"t":"idOrVar","v":"plural"},"value"]},{"$i":"minutes-ago-short","$v":{"zero":"nyss","other":[{"t":"idOrVar","v":"value"}," min sen"]},"$x":[{"t":"idOrVar","v":"plural"},"value"]},{"$i":"hours-ago-short","$v":{"zero":"nyss","other":[{"t":"idOrVar","v":"value"}," tim. sen"]},"$x":[{"t":"idOrVar","v":"plural"},"value"]},{"$i":"days-ago-short","$v":{"zero":"idag","other":[{"t":"idOrVar","v":"value"}," dygn sen"]},"$x":[{"t":"idOrVar","v":"plural"},"value"]},{"$i":"minutes-until-short","$v":{"zero":"nu","other":["om ",{"t":"idOrVar","v":"value"}," min"]},"$x":[{"t":"idOrVar","v":"plural"},"value"]},{"$i":"hours-until-short","$v":{"zero":"nu","other":["om ",{"t":"idOrVar","v":"value"}," tim."]},"$x":[{"t":"idOrVar","v":"plural"},"value"]},{"$i":"days-until-short","$v":{"zero":"idag","other":["om ",{"t":"idOrVar","v":"value"}," dygn"]},"$x":[{"t":"idOrVar","v":"plural"},"value"]},{"$i":"incorrectDate","$v":"(felaktigt datum)"},{"$i":"dateTimeFormat_%c","$v":"%a %e %b %Y %H:%M:%S"},{"$i":"dateTimeFormat_%x","$v":"%d/%m/%Y"},{"$i":"dateTimeFormat_%X","$v":"%H:%M:%S"},{"$i":"shortTimeFormat","$v":"%H:%M"},{"$i":"shortTimeFormat12","$v":"%I:%M %p"},{"$i":"shortTimeFormat24","$v":"%H:%M"},{"$i":"shortDateTimeFormat","$v":"%x %H:%M"},{"$i":"weekStartsOnMonday","$v":"1"},{"$i":"firstDayOfTheWeek","$v":"1"},{"$i":"time_am","$v":"AM"},{"$i":"time_pm","$v":"PM"},{"$i":"playbackPlay","ariaLabel":"Play"},{"$i":"playbackPause","ariaLabel":"Pause"},{"$i":"playbackNext","ariaLabel":"Next"},{"$i":"playbackPrevious","ariaLabel":"Previous"},{"$i":"playbackFullscreen","ariaLabel":"Fullscreen"},{"$i":"playbackSeekBar","ariaLabel":["Seek bar, duration ",{"t":"idOrVar","v":"duration"}]}]