[{"$i":"number-selected2","$v":{"zero":"選取","one":["已選擇 ",{"t":"idOrVar","v":"n"}," 張"],"two":["已選擇 ",{"t":"idOrVar","v":"n"}," 張"],"few":["已選擇 ",{"t":"idOrVar","v":"n"}," 張"],"many":["已選擇 ",{"t":"idOrVar","v":"n"}," 張"],"other":["已選擇 ",{"t":"idOrVar","v":"n"}," 張"]},"$x":[{"t":"idOrVar","v":"plural"},"n"]},{"$i":"delete-photo?","$v":"刪除相片？"},{"$i":"delete-video?","$v":"刪除影片？"},{"$i":"delete-n-items?","$v":{"zero":"未選取項目","one":"刪除選取的項目？","two":["刪除這 ",{"t":"idOrVar","v":"n"}," 項？"],"few":["刪除這 ",{"t":"idOrVar","v":"n"}," 項？"],"many":["刪除這 ",{"t":"idOrVar","v":"n"}," 項？"],"other":["刪除這 ",{"t":"idOrVar","v":"n"}," 項？"]},"$x":[{"t":"idOrVar","v":"plural"},"n"]},{"$i":"pickoneimage2","$v":"選取"},{"$i":"cropimage","$v":"裁切"},{"$i":"cancel","$v":"取消"},{"$i":"delete","$v":"刪除"},{"$i":"ok","$v":"確定"},{"$i":"edit","$v":"編輯"},{"$i":"save","$v":"儲存"},{"$i":"done","$v":"完成"},{"$i":"exposure","$v":"曝光"},{"$i":"crop","$v":"裁切"},{"$i":"effects","$v":"特效"},{"$i":"borders","$v":"外框"},{"$i":"enhance-on","$v":"自動調整已開啟"},{"$i":"enhance-off","$v":"自動調整已關閉"},{"$i":"apply","$v":"套用"},{"$i":"filters","$v":"篩選器"},{"$i":"original","$v":"原始"},{"$i":"blackandwhite","$v":"黑白"},{"$i":"sepia","$v":"棕褐色調"},{"$i":"freeform","$v":"自由變形"},{"$i":"portrait","$v":"直式"},{"$i":"landscape","$v":"橫式"},{"$i":"square","$v":"正方形"},{"$i":"emptygallery2-title","$v":"無相片或影片"},{"$i":"emptygallery2-text","$v":"使用「相機」程式拍點照片。"},{"$i":"emptygallery2-title-pick","$v":"沒有照片"},{"$i":"nocard3-title","$v":"無記憶卡"},{"$i":"nocard4-text","$v":"插入記憶卡以使用此程式。"},{"$i":"pluggedin2-title","$v":"記憶卡現正使用中"},{"$i":"pluggedin2-text","$v":"拔除傳輸線以使用此程式。"},{"$i":"scanning-title","$v":"掃描中"},{"$i":"scanning-text","$v":"正在搜尋相片與影片。"},{"$i":"upgrade-title","$v":"資料庫升級"},{"$i":"upgrade-text","$v":"圖片資料庫升級中，請稍候。"},{"$i":"share-noprovider","$v":"無法分享此檔案類型的圖片。"},{"$i":"memorycardfull","$v":"無法編輯相片: 記憶卡已滿。"},{"$i":"imagetoobig","$v":"圖片太大，無法於此裝置顯示"},{"$i":"imageinvalid","$v":"圖片無效或已毀損，無法顯示。"},{"$i":"saved","$v":["已將 ",{"t":"idOrVar","v":"filename"}," 儲存至圖片庫"]},{"$i":"edit-copy-saved","$v":"已儲存副本。"},{"$i":"overlay-camera-button","$v":"前往相機"},{"$i":"name-label","$v":"名稱"},{"$i":"size-label","$v":"大小"},{"$i":"image-type-label","$v":"圖片類型"},{"$i":"date-taken-label","$v":"拍攝日期"},{"$i":"resolution-label","$v":"解析度"},{"$i":"close-button","$v":"關閉"},{"$i":"byteUnit-B","$v":"位元組"},{"$i":"byteUnit-KB","$v":"KB"},{"$i":"byteUnit-MB","$v":"MB"},{"$i":"byteUnit-GB","$v":"GB"},{"$i":"gallery","$v":"圖片庫"},{"$i":"preview","$v":"預覽"},{"$i":"date-group-header","$v":"%Y 年 %b"},{"$i":"videoDescriptionShort","$v":"影片拍攝時間 %Y 年 %b %e 日 %p %I:%M"},{"$i":"imageDescriptionShort","$v":"圖片拍攝時間 %Y 年 %b %e 日 %p %I:%M"},{"$i":"back-button","ariaLabel":"返回"},{"$i":"crop-options","ariaLabel":"裁切"},{"$i":"crop-revert","ariaLabel":"還原"},{"$i":"crop-aspect-free","ariaLabel":"自訂寬高比"},{"$i":"crop-aspect-portrait","ariaLabel":"垂直寬高比"},{"$i":"crop-aspect-landscape","ariaLabel":"水平寬高比"},{"$i":"crop-aspect-square","ariaLabel":"方形寬高比"},{"$i":"effect-options","ariaLabel":"特效"},{"$i":"effect-none","ariaLabel":"無"},{"$i":"effect-bw","ariaLabel":"黑白"},{"$i":"effect-sepia","ariaLabel":"棕褐色調"},{"$i":"effect-bluesteel","ariaLabel":"藍色鋼鐵"},{"$i":"effect-faded","ariaLabel":"淡化"},{"$i":"exposure-button","ariaLabel":"曝光"},{"$i":"crop-button","ariaLabel":"裁切"},{"$i":"effect-button","ariaLabel":"特效"},{"$i":"enhance-button","ariaLabel":"加強"},{"$i":"camera-button","ariaLabel":"相機"},{"$i":"select-multiple-button","ariaLabel":"多重選擇"},{"$i":"edit-button","ariaLabel":"編輯"},{"$i":"share-button","ariaLabel":"分享"},{"$i":"info-button","ariaLabel":"資訊"},{"$i":"delete-button","ariaLabel":"刪除"},{"$i":"editImagePreview","ariaLabel":"編輯圖片預覽"},{"$i":"weekday-0-long","$v":"星期日"},{"$i":"weekday-1-long","$v":"星期一"},{"$i":"weekday-2-long","$v":"星期二"},{"$i":"weekday-3-long","$v":"星期三"},{"$i":"weekday-4-long","$v":"星期四"},{"$i":"weekday-5-long","$v":"星期五"},{"$i":"weekday-6-long","$v":"星期六"},{"$i":"weekday-0-short","$v":"日"},{"$i":"weekday-1-short","$v":"一"},{"$i":"weekday-2-short","$v":"二"},{"$i":"weekday-3-short","$v":"三"},{"$i":"weekday-4-short","$v":"四"},{"$i":"weekday-5-short","$v":"五"},{"$i":"weekday-6-short","$v":"六"},{"$i":"month-0-long","$v":"一月"},{"$i":"month-1-long","$v":"二月"},{"$i":"month-2-long","$v":"三月"},{"$i":"month-3-long","$v":"四月"},{"$i":"month-4-long","$v":"五月"},{"$i":"month-5-long","$v":"六月"},{"$i":"month-6-long","$v":"七月"},{"$i":"month-7-long","$v":"八月"},{"$i":"month-8-long","$v":"九月"},{"$i":"month-9-long","$v":"十月"},{"$i":"month-10-long","$v":"十一月"},{"$i":"month-11-long","$v":"十二月"},{"$i":"month-0-genitive","$v":"1 月"},{"$i":"month-1-genitive","$v":"2 月"},{"$i":"month-2-genitive","$v":"3 月"},{"$i":"month-3-genitive","$v":"4 月"},{"$i":"month-4-genitive","$v":"5 月"},{"$i":"month-5-genitive","$v":"6 月"},{"$i":"month-6-genitive","$v":"7 月"},{"$i":"month-7-genitive","$v":"8 月"},{"$i":"month-8-genitive","$v":"9 月"},{"$i":"month-9-genitive","$v":"10 月"},{"$i":"month-10-genitive","$v":"11 月"},{"$i":"month-11-genitive","$v":"12 月"},{"$i":"month-0-short","$v":"1 月"},{"$i":"month-1-short","$v":"2 月"},{"$i":"month-2-short","$v":"3 月"},{"$i":"month-3-short","$v":"4 月"},{"$i":"month-4-short","$v":"5 月"},{"$i":"month-5-short","$v":"6 月"},{"$i":"month-6-short","$v":"7 月"},{"$i":"month-7-short","$v":"8 月"},{"$i":"month-8-short","$v":"9 月"},{"$i":"month-9-short","$v":"10 月"},{"$i":"month-10-short","$v":"11 月"},{"$i":"month-11-short","$v":"12 月"},{"$i":"minutes-ago-long","$v":{"zero":"剛剛","one":"1 分鐘前","two":[{"t":"idOrVar","v":"value"}," 分鐘前"],"few":[{"t":"idOrVar","v":"value"}," 分鐘前"],"many":[{"t":"idOrVar","v":"value"}," 分鐘前"],"other":[{"t":"idOrVar","v":"value"}," 分鐘前"]},"$x":[{"t":"idOrVar","v":"plural"},"value"]},{"$i":"hours-ago-long","$v":{"zero":"剛剛","one":"1 小時前","two":[{"t":"idOrVar","v":"value"}," 小時前"],"few":[{"t":"idOrVar","v":"value"}," 小時前"],"many":[{"t":"idOrVar","v":"value"}," 小時前"],"other":[{"t":"idOrVar","v":"value"}," 小時前"]},"$x":[{"t":"idOrVar","v":"plural"},"value"]},{"$i":"days-ago-long","$v":{"zero":"今天","one":"昨天","two":[{"t":"idOrVar","v":"value"}," 天前"],"few":[{"t":"idOrVar","v":"value"}," 天前"],"many":[{"t":"idOrVar","v":"value"}," 天前"],"other":[{"t":"idOrVar","v":"value"}," 天前"]},"$x":[{"t":"idOrVar","v":"plural"},"value"]},{"$i":"weeks-ago-long","$v":{"zero":"本週","one":"上週","two":[{"t":"idOrVar","v":"value"}," 週前"],"few":[{"t":"idOrVar","v":"value"}," 週前"],"many":[{"t":"idOrVar","v":"value"}," 週前"],"other":[{"t":"idOrVar","v":"value"}," 週前"]},"$x":[{"t":"idOrVar","v":"plural"},"value"]},{"$i":"months-ago-long","$v":{"zero":"本月","one":"上月","two":[{"t":"idOrVar","v":"value"}," 月前"],"few":[{"t":"idOrVar","v":"value"}," 月前"],"many":[{"t":"idOrVar","v":"value"}," 月前"],"other":[{"t":"idOrVar","v":"value"}," 月前"]},"$x":[{"t":"idOrVar","v":"plural"},"value"]},{"$i":"years-ago-long","$v":{"zero":"今年","one":"去年","two":[{"t":"idOrVar","v":"value"}," 年前"],"few":[{"t":"idOrVar","v":"value"}," 年前"],"many":[{"t":"idOrVar","v":"value"}," 年前"],"other":[{"t":"idOrVar","v":"value"}," 年前"]},"$x":[{"t":"idOrVar","v":"plural"},"value"]},{"$i":"minutes-until-long","$v":{"zero":"現在","one":"1 分鐘內","two":[{"t":"idOrVar","v":"value"}," 分鐘內"],"few":[{"t":"idOrVar","v":"value"}," 分鐘內"],"many":[{"t":"idOrVar","v":"value"}," 分鐘內"],"other":[{"t":"idOrVar","v":"value"}," 分鐘內"]},"$x":[{"t":"idOrVar","v":"plural"},"value"]},{"$i":"hours-until-long","$v":{"zero":"現在","one":"1 小時內","two":[{"t":"idOrVar","v":"value"}," 小時前"],"few":[{"t":"idOrVar","v":"value"}," 小時前"],"many":[{"t":"idOrVar","v":"value"}," 小時前"],"other":[{"t":"idOrVar","v":"value"}," 小時前"]},"$x":[{"t":"idOrVar","v":"plural"},"value"]},{"$i":"days-until-long","$v":{"zero":"今天","one":"明天","two":[{"t":"idOrVar","v":"value"}," 天內"],"few":[{"t":"idOrVar","v":"value"}," 天內"],"many":[{"t":"idOrVar","v":"value"}," 天內"],"other":[{"t":"idOrVar","v":"value"}," 天內"]},"$x":[{"t":"idOrVar","v":"plural"},"value"]},{"$i":"weeks-until-long","$v":{"zero":"本週","one":"下週","two":[{"t":"idOrVar","v":"value"}," 週內"],"few":[{"t":"idOrVar","v":"value"}," 週內"],"many":[{"t":"idOrVar","v":"value"}," 週內"],"other":[{"t":"idOrVar","v":"value"}," 週內"]},"$x":[{"t":"idOrVar","v":"plural"},"value"]},{"$i":"months-until-long","$v":{"zero":"本月","one":"下月","two":[{"t":"idOrVar","v":"value"}," 月內"],"few":[{"t":"idOrVar","v":"value"}," 月內"],"many":[{"t":"idOrVar","v":"value"}," 月內"],"other":[{"t":"idOrVar","v":"value"}," 月內"]},"$x":[{"t":"idOrVar","v":"plural"},"value"]},{"$i":"years-until-long","$v":{"zero":"今年","one":"明年","two":[{"t":"idOrVar","v":"value"}," 年內"],"few":[{"t":"idOrVar","v":"value"}," 年內"],"many":[{"t":"idOrVar","v":"value"}," 年內"],"other":[{"t":"idOrVar","v":"value"}," 年內"]},"$x":[{"t":"idOrVar","v":"plural"},"value"]},{"$i":"minutes-ago-short","$v":{"zero":"剛剛","other":[{"t":"idOrVar","v":"value"}," 分鐘前"]},"$x":[{"t":"idOrVar","v":"plural"},"value"]},{"$i":"hours-ago-short","$v":{"zero":"剛剛","other":[{"t":"idOrVar","v":"value"}," 小時前"]},"$x":[{"t":"idOrVar","v":"plural"},"value"]},{"$i":"days-ago-short","$v":{"zero":"今天","other":[{"t":"idOrVar","v":"value"}," 天前"]},"$x":[{"t":"idOrVar","v":"plural"},"value"]},{"$i":"minutes-until-short","$v":{"zero":"現在","other":[{"t":"idOrVar","v":"value"}," 分內"]},"$x":[{"t":"idOrVar","v":"plural"},"value"]},{"$i":"hours-until-short","$v":{"zero":"現在","other":[{"t":"idOrVar","v":"value"}," 時內"]},"$x":[{"t":"idOrVar","v":"plural"},"value"]},{"$i":"days-until-short","$v":{"zero":"今天","other":[{"t":"idOrVar","v":"value"}," 天內"]},"$x":[{"t":"idOrVar","v":"plural"},"value"]},{"$i":"incorrectDate","$v":"（日期不正確）"},{"$i":"dateTimeFormat_%c","$v":"%Y年%b%d日 %a %p %I:%M:%S"},{"$i":"dateTimeFormat_%x","$v":"%Y/%m/%d"},{"$i":"dateTimeFormat_%X","$v":"%p %I:%M:%S"},{"$i":"shortTimeFormat","$v":"%p %I:%M"},{"$i":"shortTimeFormat12","$v":"%p %I:%M"},{"$i":"shortTimeFormat24","$v":"%H:%M"},{"$i":"shortDateTimeFormat","$v":"%x %p %I:%M"},{"$i":"weekStartsOnMonday","$v":"1"},{"$i":"firstDayOfTheWeek","$v":"1"},{"$i":"time_am","$v":"上午"},{"$i":"time_pm","$v":"下午"},{"$i":"playbackPlay","ariaLabel":"播放"},{"$i":"playbackPause","ariaLabel":"暫停"},{"$i":"playbackNext","ariaLabel":"Next"},{"$i":"playbackPrevious","ariaLabel":"Previous"},{"$i":"playbackFullscreen","ariaLabel":"全螢幕"},{"$i":"playbackSeekBar","ariaLabel":["搜尋列，時間 ",{"t":"idOrVar","v":"duration"}]}]