[{"$i":"addNewNumber","$v":"Нов контакт с този номер"},{"$i":"contactDetails","$v":"Данни за контакт"},{"$i":"addToExistingContact","$v":"Добавяне към контакт"},{"$i":"all","$v":"Всички","ariaLabel":"Всички"},{"$i":"bluetoothOption","ariaLabel":"Bluetooth"},{"$i":"callLog","$v":"Обаждания"},{"$i":"callLogEdit","title":"Редактиране на обажданията"},{"$i":"callLogEditDialog","ariaLabel":"Диалог за редактиране на журнала с обажданията"},{"$i":"connecting","$v":"Свързване"},{"$i":"connectingEllipsis","$v":"Свързване"},{"$i":"call-forwarding-async","$v":["Асинхронно: ",{"t":"idOrVar","v":"async"}]},{"$i":"call-forwarding-data","$v":["Данни: ",{"t":"idOrVar","v":"data"}]},{"$i":"call-forwarding-error","$v":"Грешка при вземане на състоянието на пренасочване на обажданията"},{"$i":"call-forwarding-fax","$v":["Факс: ",{"t":"idOrVar","v":"fax"}]},{"$i":"call-forwarding-inactive","$v":"Неактивно"},{"$i":"call-forwarding-packet","$v":["Пакет: ",{"t":"idOrVar","v":"packet"}]},{"$i":"call-forwarding-pad","$v":["Слот: ",{"t":"idOrVar","v":"pad"}]},{"$i":"call-forwarding-sms","$v":["SMS: ",{"t":"idOrVar","v":"sms"}]},{"$i":"call-forwarding-status","$v":"Състояние на пренасочване на обажданията"},{"$i":"call-forwarding-sync","$v":["Синхронно: ",{"t":"idOrVar","v":"sync"}]},{"$i":"call-forwarding-voice","$v":["Гласово: ",{"t":"idOrVar","v":"voice"}]},{"$i":"close","$v":"Затваряне"},{"$i":"confirm-deletion","$v":"Изчистване на избраните обаждания?"},{"$i":"contacts","ariaLabel":"Контакти"},{"$i":"createNewContact","$v":"Създаване на контакт"},{"$i":"delete","$v":"Изтриване"},{"$i":"deselectAll","$v":"Отмяна всички"},{"$i":"dialerAddContact","ariaLabel":"Добавяне на контакт"},{"$i":"dialerAddContactDialog","ariaLabel":"Диалог за добавяне на контакт"},{"$i":"callInformation","$v":"Информация за обаждане"},{"$i":"edit-selected","$v":{"one":[{"t":"idOrVar","v":"n"}," избран"],"two":[{"t":"idOrVar","v":"n"}," избрани"],"few":[{"t":"idOrVar","v":"n"}," избрани"],"many":[{"t":"idOrVar","v":"n"}," избрани"],"other":[{"t":"idOrVar","v":"n"}," избрани"]},"$x":[{"t":"idOrVar","v":"plural"},"n"]},{"$i":"edit","$v":"Редактиране"},{"$i":"hideKeypad","ariaLabel":"Скриване на клавиатурата"},{"$i":"ignore","$v":"Игнориране на обаждането"},{"$i":"incoming","$v":"Входящи"},{"$i":"keypad","ariaLabel":"Цифрова клавиатура"},{"$i":"makeCall","ariaLabel":"Позвъняване"},{"$i":"merge","ariaLabel":"Сливане"},{"$i":"info-missed","$v":"Пропуснати"},{"$i":"missed","$v":"Пропуснати","ariaLabel":"Пропуснати"},{"$i":"canceled","$v":"Отказан"},{"$i":"missedCall","$v":"Пропуснато обаждане"},{"$i":"missedCallMultiSims","$v":["(SIM ",{"t":"idOrVar","v":"n"},") Пропуснато обаждане"]},{"$i":"mmi-error","$v":"Възникна грешка при изпращането на съобщението"},{"$i":"mmi-session-expired","$v":"Сесията е изтекла"},{"$i":"mmi-successfully-sent","$v":"Съобщението е изпратено успешно"},{"$i":"mmi-notification-title-with-sim","$v":["(",{"t":"idOrVar","v":"sim"},") ",{"t":"idOrVar","v":"title"}]},{"$i":"mute","ariaLabel":"Заглушаване"},{"$i":"newCall","ariaLabel":"Позвъняване"},{"$i":"no-logs-msg-1","$v":"Няма записани обаждания"},{"$i":"no-logs-msg-2","$v":"Започнете да комуникирате сега"},{"$i":"no-logs-msg-3","$v":"Няма пропуснати обаждания"},{"$i":"onHoldOption","ariaLabel":"Изчакващ"},{"$i":"outgoing","$v":"Изходящо"},{"$i":"recents","ariaLabel":"Последни обаждания"},{"$i":"reply","$v":"Отговаряне"},{"$i":"selectAll","$v":"Избор всички"},{"$i":"send","$v":"Готово"},{"$i":"switch-calls","$v":"Смяна на разговори"},{"$i":"today","$v":"Днес"},{"$i":"withheld-number","$v":"Скрит номер"},{"$i":"from-contact","$v":["От ",{"t":"idOrVar","v":"contact"}]},{"$i":"from-number","$v":["От ",{"t":"idOrVar","v":"number"}]},{"$i":"from-withheld-number","$v":"От скрит номер"},{"$i":"yesterday","$v":"Вчера"},{"$i":"sending","$v":"Изпращане…"},{"$i":"speakerOption","ariaLabel":"Високоговорител"},{"$i":"ussd-services","$v":["Услуги на ",{"t":"idOrVar","v":"operator"}]},{"$i":"toggleKeypad","ariaLabel":"Цифрова клавиатура"},{"$i":"type-your-response","placeholder":"Въвеждане на отговор…"},{"$i":"clear-all-text","$v":"Изчистване на текста"},{"$i":"hide","$v":"Скриване"},{"$i":"call","$v":"Обаждане"},{"$i":"hold","ariaLabel":"Задържане"},{"$i":"resume","$v":"Продължаване","ariaLabel":"Продължаване"},{"$i":"sendSms","$v":"Изпращане на съобщение"},{"$i":"callEnded","$v":"Край на разговора"},{"$i":"via-sim","$v":["през SIM",{"t":"idOrVar","v":"n"}]},{"$i":"sim-number","$v":["SIM",{"t":"idOrVar","v":"n"}]},{"$i":"unknown","$v":"Неизвестно"},{"$i":"cancel","$v":"Отказ"},{"$i":"hangup-a11y-button","ariaLabel":"Затваряне"},{"$i":"pickup-a11y-button","ariaLabel":"Отговаряне"},{"$i":"unlock-a11y-button","ariaLabel":"Плъзгач"},{"$i":"settings","$v":"Настройки"},{"$i":"delete-n-log?","$v":{"zero":"Няма избрани","one":"Изтриване на избрания запис?","two":["Изтриване на ",{"t":"idOrVar","v":"n"}," записа?"],"few":["Изтриване на ",{"t":"idOrVar","v":"n"}," записа?"],"many":["Изтриване на ",{"t":"idOrVar","v":"n"}," записа?"],"other":["Изтриване на ",{"t":"idOrVar","v":"n"}," записа?"]},"$x":[{"t":"idOrVar","v":"plural"},"n"]},{"$i":"callDurationMinutes","$v":[{"t":"idOrVar","v":"m"},":",{"t":"idOrVar","v":"s"}]},{"$i":"callDurationHours","$v":[{"t":"idOrVar","v":"h"},":",{"t":"idOrVar","v":"m"},":",{"t":"idOrVar","v":"s"}]},{"$i":"callDurationTextFormatSeconds","$v":[{"t":"idOrVar","v":"s"}," с"]},{"$i":"callDurationTextFormatMinutes","$v":[{"t":"idOrVar","v":"m"}," м ",{"t":"idOrVar","v":"s"}," с"]},{"$i":"callDurationTextFormatHours","$v":[{"t":"idOrVar","v":"h"}," ч ",{"t":"idOrVar","v":"m"}," м ",{"t":"idOrVar","v":"s"}," с"]},{"$i":"suggestionMatches","$v":{"one":[{"t":"idOrVar","v":"n"}," съответствие за „",{"t":"idOrVar","v":"matchNumber"},"“"],"two":[{"t":"idOrVar","v":"n"}," съответствия за „",{"t":"idOrVar","v":"matchNumber"},"“"],"few":[{"t":"idOrVar","v":"n"}," съответствия за „",{"t":"idOrVar","v":"matchNumber"},"“"],"many":[{"t":"idOrVar","v":"n"}," съответствия за „",{"t":"idOrVar","v":"matchNumber"},"“"],"other":[{"t":"idOrVar","v":"n"}," съответствия за „",{"t":"idOrVar","v":"matchNumber"},"“"]},"$x":[{"t":"idOrVar","v":"plural"},"n"]},{"$i":"scCallBarring","$v":"Блокиране"},{"$i":"scCallForwarding","$v":"Пренасочване"},{"$i":"scClip","$v":"Входящо обаждане"},{"$i":"scClir","$v":"Изходящо обаждане"},{"$i":"scPwd","$v":"Промяна на парола"},{"$i":"scCallWaiting","$v":"Изчакване на обажданията"},{"$i":"scPin","$v":"Смяна на PIN"},{"$i":"scPin2","$v":"Смяна на PIN2"},{"$i":"scPuk","$v":"Отблокиране PIN"},{"$i":"scPuk2","$v":"Отблокиране PIN2"},{"$i":"scImei","$v":"IMEI"},{"$i":"scUssd","$v":"USSD"},{"$i":"serviceClassVoice","$v":"Глас"},{"$i":"serviceClassData","$v":"Данни"},{"$i":"serviceClassFax","$v":"FAX"},{"$i":"serviceClassSms","$v":"SMS"},{"$i":"serviceClassDataSync","$v":"Синхр."},{"$i":"serviceClassDataAsync","$v":"Асинхр."},{"$i":"serviceClassPacket","$v":"Пакетно"},{"$i":"serviceClassPad","$v":"PAD"},{"$i":"smServiceEnabled","$v":"Услугата беше включена"},{"$i":"smServiceDisabled","$v":"Услугата беше изключена"},{"$i":"smServiceRegistered","$v":"Регистрацията беше успешна"},{"$i":"smServiceErased","$v":"Заличаването беше успешно"},{"$i":"smServiceInterrogated","$v":"Запитването беше успешно"},{"$i":"smServiceNotProvisioned","$v":"Услугата не е провизирана"},{"$i":"smClirPermanent","$v":"Не може да смените настройката за caller ID"},{"$i":"smClirDefaultOnNextCallOn","$v":"Стандартно caller ID е ограничен. Следващо обаждане: Ограничен"},{"$i":"smClirDefaultOnNextCallOff","$v":"Стандартно caller ID е ограничен. Следващо обаждане: Не е ограничен"},{"$i":"smClirDefaultOffNextCallOn","$v":"Стандартно caller ID не е ограничен. Следващо обаждане: Ограничен"},{"$i":"smClirDefaultOffNextCallOff","$v":"Стандартно caller ID не е ограничен. Следващо обаждане: Не е ограничен"},{"$i":"smServiceEnabledFor","$v":"Услугата е включена за:"},{"$i":"smPinChanged","$v":"Успешна смяна на PIN"},{"$i":"smPinUnblocked","$v":"Успешно отблокиране на PIN"},{"$i":"smPin2Changed","$v":"Успешна смяна на PIN2"},{"$i":"smPin2Unblocked","$v":"Успешно отблокиране на PIN2"},{"$i":"ServiceIsEnabled","$v":"Услугата е включена"},{"$i":"ServiceIsDisabled","$v":"Услугата е изключена"},{"$i":"ServiceIsEnabledFor","$v":"Услугата е включена за:"},{"$i":"emMmiError","$v":"Проблем със свързаността или невалиден MMI код"},{"$i":"emMmiErrorPasswordIncorrect","$v":"Грешна парола"},{"$i":"emMmiErrorNotSupported","$v":"Грешен или неподдържан MMI код"},{"$i":"emMmiErrorInvalidAction","$v":"Невалидно действие"},{"$i":"emMmiErrorInvalidScCode","$v":"Невалиден сервизен код"},{"$i":"emMmiErrorBadPuk","$v":"PUK кодът е невалиден"},{"$i":"emMmiErrorBadPin","$v":"Старият PIN код е неправилен."},{"$i":"emMmiErrorNeedPuk2","$v":"Въведете PUK2, за да разблокирате SIM картата"},{"$i":"emMmiErrorMismatchPin","$v":"Въведените PIN кодове са различни"},{"$i":"emMmiErrorInvalidPin","$v":"Въведете PIN код от 4 до 8 цифри"},{"$i":"emMmiErrorNeedsPuk","$v":"Вашата SIM карта е заключена с PUK"},{"$i":"emMmiErrorEnablePin","$v":"Неуспешно. Включи SIM/RUIM LOCK"},{"$i":"emMmiErrorMmiFdn","$v":"Операцията е ограничена само до фиксирани номера"},{"$i":"emMmiErrorStkCcUssdDial","$v":"USSD запитването е променено на DIAL запитване"},{"$i":"emMmiErrorStkCcUssdSs","$v":"USSD запитването е променено на SS запитване"},{"$i":"emMmiErrorStkCcUssdUssd","$v":"USSD запитването е променено на ново USSD запитване"},{"$i":"emMmiErrorStkCcSsDial","$v":"SS запитването е променено на DIAL запитване"},{"$i":"emMmiErrorStkCcSsUssd","$v":"SS запитването е променено на USSD запитване"},{"$i":"emMmiErrorStkCcSsSs","$v":"SS запитването е променено на ново SS запитване"},{"$i":"emMmiErrorPinPukAttempts","$v":{"one":["Остава само ",{"t":"idOrVar","v":"n"}," опит"],"two":["Остават ",{"t":"idOrVar","v":"n"}," опита"],"few":["Остават ",{"t":"idOrVar","v":"n"}," опита"],"many":["Остават ",{"t":"idOrVar","v":"n"}," опита"],"other":["Остават ",{"t":"idOrVar","v":"n"}," опита"]},"$x":[{"t":"idOrVar","v":"plural"},"n"]},{"$i":"emMmiErrorSimBlocked","$v":"Максималният брой на опитите е надвишен. SIM е блокиран."},{"$i":"RadioNotAvailable","$v":"Не е налично радио"},{"$i":"GenericFailure","$v":"Обща грешка"},{"$i":"PasswordIncorrect","$v":"Грешна парола"},{"$i":"SimPin2","$v":"SIM PIN2"},{"$i":"SimPuk2","$v":"SIM PUK2"},{"$i":"RequestNotSupported","$v":"Запитването не е поддържано"},{"$i":"OpNotAllowedDuringVoiceCall","$v":"Операцията не е позволена по време на гласово обаждане"},{"$i":"SmsSendFailRetry","$v":"SMS изпращане грешка повторение"},{"$i":"SimAbsent","$v":"Липсва SIM"},{"$i":"SubscriptionNotAvailable","$v":"Не е наличен абонамент"},{"$i":"ModeNotSupported","$v":"Режимът не е поддържан"},{"$i":"FdnCheckFailure","$v":"Грешка при проверката на Fdn"},{"$i":"IllegalSimOrMe","$v":"Невалиден SIM или ME"},{"$i":"DialModifiedToUssd","$v":"Набирането е променено на USSD"},{"$i":"DialModifiedToSs","$v":"Набирането е променено на SS"},{"$i":"DialModifiedToDial","$v":"Набирането е променено на набиране"},{"$i":"UssdModifiedToDial","$v":"USSD е променен на набиране"},{"$i":"UssdModifiedToSs","$v":"USSD е променен на SS"},{"$i":"UssdModifiedToUssd","$v":"USSD е променен на USSD"},{"$i":"SsModifiedToDial","$v":"SS е променен на набиране"},{"$i":"SsModifiedToUssd","$v":"SS е променен на USSD"},{"$i":"SsModifiedToSs","$v":"SS е променен на SS"},{"$i":"SubscriptionNotSupported","$v":"Абонамент не е поддържан"},{"$i":"InvalidParameter","$v":"Невалиден параметър"},{"$i":"RejectedByRemote","$v":"Отказан от отдалечен"},{"$i":"conferenceCall","$v":["Конференция (",{"t":"idOrVar","v":"n"},")"]},{"$i":"caller-left-call","$v":[{"t":"idOrVar","v":"caller"}," напусна разговора."]},{"$i":"conferenceAddError","$v":"Неуспешно сливане на разговори"},{"$i":"conferenceRemoveError","$v":"Неуспешно разделяне на разговори"},{"$i":"longDateFormat","$v":"%A, %e %B"},{"$i":"select-audio-sources","$v":"Избиране на аудиоизточник"},{"$i":"bluetooth-handsfree-device","$v":"Устройство свободни ръце на Bluetooth"},{"$i":"receiver","$v":"Получател"},{"$i":"speaker","$v":"Високоговорител"},{"$i":"voiceMail","$v":"Гласова поща"},{"$i":"weekday-0-long","$v":"неделя"},{"$i":"weekday-1-long","$v":"понеделник"},{"$i":"weekday-2-long","$v":"вторник"},{"$i":"weekday-3-long","$v":"сряда"},{"$i":"weekday-4-long","$v":"четвъртък"},{"$i":"weekday-5-long","$v":"петък"},{"$i":"weekday-6-long","$v":"събота"},{"$i":"weekday-0-short","$v":"нед"},{"$i":"weekday-1-short","$v":"пон"},{"$i":"weekday-2-short","$v":"вто"},{"$i":"weekday-3-short","$v":"сря"},{"$i":"weekday-4-short","$v":"чет"},{"$i":"weekday-5-short","$v":"пет"},{"$i":"weekday-6-short","$v":"съб"},{"$i":"month-0-long","$v":"януари"},{"$i":"month-1-long","$v":"февруари"},{"$i":"month-2-long","$v":"мaрт"},{"$i":"month-3-long","$v":"април"},{"$i":"month-4-long","$v":"май"},{"$i":"month-5-long","$v":"юни"},{"$i":"month-6-long","$v":"юли"},{"$i":"month-7-long","$v":"август"},{"$i":"month-8-long","$v":"септември"},{"$i":"month-9-long","$v":"октомври"},{"$i":"month-10-long","$v":"ноември"},{"$i":"month-11-long","$v":"декември"},{"$i":"month-0-genitive","$v":"януари"},{"$i":"month-1-genitive","$v":"февруари"},{"$i":"month-2-genitive","$v":"мaрт"},{"$i":"month-3-genitive","$v":"април"},{"$i":"month-4-genitive","$v":"май"},{"$i":"month-5-genitive","$v":"юни"},{"$i":"month-6-genitive","$v":"юли"},{"$i":"month-7-genitive","$v":"август"},{"$i":"month-8-genitive","$v":"септември"},{"$i":"month-9-genitive","$v":"октомври"},{"$i":"month-10-genitive","$v":"ноември"},{"$i":"month-11-genitive","$v":"декември"},{"$i":"month-0-short","$v":"яну"},{"$i":"month-1-short","$v":"фев"},{"$i":"month-2-short","$v":"мар"},{"$i":"month-3-short","$v":"апр"},{"$i":"month-4-short","$v":"май"},{"$i":"month-5-short","$v":"юни"},{"$i":"month-6-short","$v":"юли"},{"$i":"month-7-short","$v":"авг"},{"$i":"month-8-short","$v":"сеп"},{"$i":"month-9-short","$v":"окт"},{"$i":"month-10-short","$v":"ное"},{"$i":"month-11-short","$v":"дек"},{"$i":"minutes-ago-long","$v":{"zero":"току-що","one":"преди минута","two":["преди ",{"t":"idOrVar","v":"value"}," минути"],"few":["преди ",{"t":"idOrVar","v":"value"}," минути"],"many":["преди ",{"t":"idOrVar","v":"value"}," минути"],"other":["преди ",{"t":"idOrVar","v":"value"}," минути"]},"$x":[{"t":"idOrVar","v":"plural"},"value"]},{"$i":"hours-ago-long","$v":{"zero":"току-що","one":"преди час","two":["преди ",{"t":"idOrVar","v":"value"}," часа"],"few":["преди ",{"t":"idOrVar","v":"value"}," часа"],"many":["преди ",{"t":"idOrVar","v":"value"}," часа"],"other":["преди ",{"t":"idOrVar","v":"value"}," часа"]},"$x":[{"t":"idOrVar","v":"plural"},"value"]},{"$i":"days-ago-long","$v":{"zero":"днес","one":"вчера","two":["преди ",{"t":"idOrVar","v":"value"}," дена"],"few":["преди ",{"t":"idOrVar","v":"value"}," дена"],"many":["преди ",{"t":"idOrVar","v":"value"}," дена"],"other":["преди ",{"t":"idOrVar","v":"value"}," дена"]},"$x":[{"t":"idOrVar","v":"plural"},"value"]},{"$i":"weeks-ago-long","$v":{"zero":"тази седмица","one":"миналата седмица","two":["преди ",{"t":"idOrVar","v":"value"}," седмици"],"few":["преди ",{"t":"idOrVar","v":"value"}," седмици"],"many":["преди ",{"t":"idOrVar","v":"value"}," седмици"],"other":["преди ",{"t":"idOrVar","v":"value"}," седмици"]},"$x":[{"t":"idOrVar","v":"plural"},"value"]},{"$i":"months-ago-long","$v":{"zero":"този месец","one":"миналия месец","two":["преди ",{"t":"idOrVar","v":"value"}," месеца"],"few":["преди ",{"t":"idOrVar","v":"value"}," месеца"],"many":["преди ",{"t":"idOrVar","v":"value"}," месеца"],"other":["преди ",{"t":"idOrVar","v":"value"}," месеца"]},"$x":[{"t":"idOrVar","v":"plural"},"value"]},{"$i":"years-ago-long","$v":{"zero":"тази година","one":"миналата година","two":["преди ",{"t":"idOrVar","v":"value"}," години"],"few":["преди ",{"t":"idOrVar","v":"value"}," години"],"many":["преди ",{"t":"idOrVar","v":"value"}," години"],"other":["преди ",{"t":"idOrVar","v":"value"}," години"]},"$x":[{"t":"idOrVar","v":"plural"},"value"]},{"$i":"minutes-until-long","$v":{"zero":"сега","one":"до една минута","two":["след ",{"t":"idOrVar","v":"value"}," минути"],"few":["след ",{"t":"idOrVar","v":"value"}," минути"],"many":["след ",{"t":"idOrVar","v":"value"}," минути"],"other":["след ",{"t":"idOrVar","v":"value"}," минути"]},"$x":[{"t":"idOrVar","v":"plural"},"value"]},{"$i":"hours-until-long","$v":{"zero":"сега","one":"до един час","two":["след ",{"t":"idOrVar","v":"value"}," часа"],"few":["след ",{"t":"idOrVar","v":"value"}," часа"],"many":["след ",{"t":"idOrVar","v":"value"}," часа"],"other":["след ",{"t":"idOrVar","v":"value"}," часа"]},"$x":[{"t":"idOrVar","v":"plural"},"value"]},{"$i":"days-until-long","$v":{"zero":"днес","one":"утре","two":["след ",{"t":"idOrVar","v":"value"}," дена"],"few":["след ",{"t":"idOrVar","v":"value"}," дена"],"many":["след ",{"t":"idOrVar","v":"value"}," дена"],"other":["след ",{"t":"idOrVar","v":"value"}," дена"]},"$x":[{"t":"idOrVar","v":"plural"},"value"]},{"$i":"weeks-until-long","$v":{"zero":"тази седмица","one":"другата седмица","two":["след ",{"t":"idOrVar","v":"value"}," седмици"],"few":["след ",{"t":"idOrVar","v":"value"}," седмици"],"many":["след ",{"t":"idOrVar","v":"value"}," седмици"],"other":["след ",{"t":"idOrVar","v":"value"}," седмици"]},"$x":[{"t":"idOrVar","v":"plural"},"value"]},{"$i":"months-until-long","$v":{"zero":"този месец","one":"другия месец","two":["след ",{"t":"idOrVar","v":"value"}," месеца"],"few":["след ",{"t":"idOrVar","v":"value"}," месеца"],"many":["след ",{"t":"idOrVar","v":"value"}," месеца"],"other":["след ",{"t":"idOrVar","v":"value"}," месеца"]},"$x":[{"t":"idOrVar","v":"plural"},"value"]},{"$i":"years-until-long","$v":{"zero":"тази година","one":"следващата година","two":["след ",{"t":"idOrVar","v":"value"}," години"],"few":["след ",{"t":"idOrVar","v":"value"}," години"],"many":["след ",{"t":"idOrVar","v":"value"}," години"],"other":["след ",{"t":"idOrVar","v":"value"}," години"]},"$x":[{"t":"idOrVar","v":"plural"},"value"]},{"$i":"minutes-ago-short","$v":{"zero":"току-що","other":["преди ",{"t":"idOrVar","v":"value"},"м"]},"$x":[{"t":"idOrVar","v":"plural"},"value"]},{"$i":"hours-ago-short","$v":{"zero":"току-що","other":["преди ",{"t":"idOrVar","v":"value"},"ч"]},"$x":[{"t":"idOrVar","v":"plural"},"value"]},{"$i":"days-ago-short","$v":{"zero":"днес","other":["преди ",{"t":"idOrVar","v":"value"},"д"]},"$x":[{"t":"idOrVar","v":"plural"},"value"]},{"$i":"minutes-until-short","$v":{"zero":"сега","other":["след ",{"t":"idOrVar","v":"value"},"м"]},"$x":[{"t":"idOrVar","v":"plural"},"value"]},{"$i":"hours-until-short","$v":{"zero":"сега","other":["след ",{"t":"idOrVar","v":"value"},"ч"]},"$x":[{"t":"idOrVar","v":"plural"},"value"]},{"$i":"days-until-short","$v":{"zero":"днес","other":["след ",{"t":"idOrVar","v":"value"},"д"]},"$x":[{"t":"idOrVar","v":"plural"},"value"]},{"$i":"incorrectDate","$v":"(невалидна дата)"},{"$i":"dateTimeFormat_%c","$v":"%a, %e %b %Y %H:%M:%S"},{"$i":"dateTimeFormat_%x","$v":"%d.%m.%Y"},{"$i":"dateTimeFormat_%X","$v":"%H:%M:%S"},{"$i":"shortTimeFormat","$v":"%I:%M %p"},{"$i":"shortTimeFormat12","$v":"%I:%M %p"},{"$i":"shortTimeFormat24","$v":"%H:%M"},{"$i":"shortDateTimeFormat","$v":"%x %H:%M"},{"$i":"weekStartsOnMonday","$v":"1"},{"$i":"firstDayOfTheWeek","$v":"1"},{"$i":"time_am","$v":"пр.об."},{"$i":"time_pm","$v":"сл.об."},{"$i":"label","$v":"Етикет"},{"$i":"mobile","$v":"Мобилен"},{"$i":"home","$v":"Домашен"},{"$i":"work","$v":"Работен"},{"$i":"personal","$v":"Личен"},{"$i":"faxHome","$v":"Факс у дома"},{"$i":"faxOffice","$v":"Факс в офиса"},{"$i":"faxOther","$v":"Факс другаде"},{"$i":"another","$v":"Още"},{"$i":"other","$v":"Друго"},{"$i":"customTag","placeholder":"Персонализиран етикет"},{"$i":"current","$v":"Настоящ"},{"$i":"itemWithLabel","$v":[{"t":"idOrVar","v":"label"},", ",{"t":"idOrVar","v":"item"}]},{"$i":"airplaneMode","$v":"Самолетен режим"},{"$i":"searching","$v":"Търсене…"},{"$i":"noNetwork","$v":"Няма мобилна мрежа"},{"$i":"roaming","$v":[{"t":"idOrVar","v":"operator"}," (роуминг)"]},{"$i":"operator-info","$v":[{"t":"idOrVar","v":"carrier"}," ",{"t":"idOrVar","v":"region"}]},{"$i":"emergencyCallsOnly","$v":"Само спешни повиквания"},{"$i":"emergencyCallsOnly-unknownSIMState","$v":"(неизвестно състояние на SIM)"},{"$i":"emergencyCallsOnly-noSIM","$v":"(няма SIM)"},{"$i":"emergencyCallsOnly-pinRequired","$v":"(изисква се SIM PIN)"},{"$i":"emergencyCallsOnly-pukRequired","$v":"(изисква се SIM PUK)"},{"$i":"emergencyCallsOnly-networkLocked","$v":"(мрежата е заключена)"},{"$i":"emergencyCallsOnly-serviceProviderLocked","$v":"(доставчикът на услуги е заключен)"},{"$i":"emergencyCallsOnly-corporateLocked","$v":"(корпоративната мрежа е заключена)"},{"$i":"emergencyCallsOnly-network1Locked","$v":"(мрежа1 е заключена)"},{"$i":"emergencyCallsOnly-network2Locked","$v":"(мрежа2 е заключена)"},{"$i":"emergencyCallsOnly-hrpdNetworkLocked","$v":"(мрежата hrpd е заключена)"},{"$i":"emergencyCallsOnly-ruimCorporateLocked","$v":"(корпоративната ruim е заключена)"},{"$i":"emergencyCallsOnly-ruimServiceProviderLocked","$v":"(доставчикът на услуги ruim е заключен)"},{"$i":"lockscreen-sim-id","$v":["SIM ",{"t":"idOrVar","v":"n"}]},{"$i":"charging-status-no-time","$v":["заредена на ",{"t":"idOrVar","v":"level"},"%"]},{"$i":"charging-status-minutes","$v":{"zero":["заредена на ",{"t":"idOrVar","v":"level"},"% (остават ",{"t":"idOrVar","v":"minutes"},"мин)"],"one":["заредена на ",{"t":"idOrVar","v":"level"},"% (остава ",{"t":"idOrVar","v":"minutes"},"мин)"],"two":["заредена на ",{"t":"idOrVar","v":"level"},"% (остават ",{"t":"idOrVar","v":"minutes"},"мин)"],"few":["заредена на ",{"t":"idOrVar","v":"level"},"% (остават ",{"t":"idOrVar","v":"minutes"},"мин)"],"many":["заредена на ",{"t":"idOrVar","v":"level"},"% (остават ",{"t":"idOrVar","v":"minutes"},"мин)"],"other":["заредена на ",{"t":"idOrVar","v":"level"},"% (остават ",{"t":"idOrVar","v":"minutes"},"мин)"]},"$x":[{"t":"idOrVar","v":"plural"},"minutes"]},{"$i":"charging-status-hours","$v":{"zero":["заредена на ",{"t":"idOrVar","v":"level"},"% (остават ",{"t":"idOrVar","v":"hours"},"ч ",{"t":"idOrVar","v":"minutes"},"мин)"],"one":["заредена на ",{"t":"idOrVar","v":"level"},"% (остават ",{"t":"idOrVar","v":"hours"},"ч ",{"t":"idOrVar","v":"minutes"},"мин)"],"two":["заредена на ",{"t":"idOrVar","v":"level"},"% (остават ",{"t":"idOrVar","v":"hours"},"ч ",{"t":"idOrVar","v":"minutes"},"мин)"],"few":["заредена на ",{"t":"idOrVar","v":"level"},"% (остават ",{"t":"idOrVar","v":"hours"},"ч ",{"t":"idOrVar","v":"minutes"},"мин)"],"many":["заредена на ",{"t":"idOrVar","v":"level"},"% (остават ",{"t":"idOrVar","v":"hours"},"ч ",{"t":"idOrVar","v":"minutes"},"мин)"],"other":["заредена на ",{"t":"idOrVar","v":"level"},"% (остават ",{"t":"idOrVar","v":"hours"},"ч ",{"t":"idOrVar","v":"minutes"},"мин)"]},"$x":[{"t":"idOrVar","v":"plural"},"minutes"]},{"$i":"phoneNumberInput","ariaLabel":"Телефонен номер"},{"$i":"keypadDelete","ariaLabel":"Изтриване"},{"$i":"voiceMailKey","ariaLabel":"Гласова поща"},{"$i":"asterisk","ariaLabel":"Звезда"},{"$i":"hashSign","ariaLabel":"Знак за диез"},{"$i":"loadingSimContacts","$v":"Loading SIM card contacts…"},{"$i":"noContactsWereFound","$v":"No contacts were found"},{"$i":"noContactsFoundDialogOk","$v":"OK"},{"$i":"emergencyNumber","$v":"Номер спешен случай"},{"$i":"callAirplaneModeMessage","$v":"За да се обаждате, трябва да изключите самолетния режим от Настройки."},{"$i":"callAirplaneModeBtnOk","$v":"Добре"},{"$i":"callAirplaneModeTitle","$v":"Самолетният режим е включен"},{"$i":"numberIsBusyTitle","$v":"Номерът е зает"},{"$i":"numberIsBusyMessage","$v":"Номерът в момента е зает. Моля, опитайте по-късно."},{"$i":"fdnIsActiveTitle","$v":"ФН включен"},{"$i":"fdnIsActiveMessage","$v":["FDN (Фиксирани номера за набиране) са активни и следният номер не е в списъка: ",{"t":"idOrVar","v":"number"}]},{"$i":"emergencyDialogBodyBadNumber","$v":"За да се обаждате, телефонът трябва да е свързан към мрежа на мобилен оператор."},{"$i":"emergencyDialogBodyDeviceNotAccepted","$v":"Спешните разговори са забранени от този оператор."},{"$i":"emergencyDialogBtnOk","$v":"Добре"},{"$i":"emergencyDialogTitle","$v":"Няма връзка към мрежа"},{"$i":"invalidNumberToDialTitle","$v":"Невалиден телефонен номер"},{"$i":"invalidNumberToDialMessage","$v":"Телефонният номер, който набирате е невалиден."},{"$i":"unableToCallTitle","$v":"В момента е невъзможно да бъде проведен разговор"},{"$i":"unableToCallMessage","$v":"Невъзможно да бъде проведен разговор. Ако набирате, моля първо затворете."},{"$i":"otherConnectionInUseTitle","$v":"Използва се друга мрежова свързаност"},{"$i":"otherConnectionInUseMessage","$v":"Активно е обаждане в друга мрежова свързаност. В даден момент може да използвате само една мрежова свързаност."}]