[{"$i":"addNewNumber","$v":"নতুন নম্বর যোগ করুন"},{"$i":"contactDetails","$v":"Contact details"},{"$i":"addToExistingContact","$v":"পুরনো পরিচিতিতে যোগ করুন"},{"$i":"all","$v":"সকল","ariaLabel":"সকল"},{"$i":"bluetoothOption","ariaLabel":"Bluetooth"},{"$i":"callLog","$v":"কল তালিকা"},{"$i":"callLogEdit","title":"কল লগ সম্পাদনা করুন"},{"$i":"callLogEditDialog","ariaLabel":"কল লগ সংলাপ সম্পাদনা করুন"},{"$i":"connecting","$v":"সংযুক্ত করা হচ্ছে"},{"$i":"connectingEllipsis","$v":"Connecting…"},{"$i":"call-forwarding-async","$v":["Asynchronous: ",{"t":"idOrVar","v":"async"}]},{"$i":"call-forwarding-data","$v":["Data: ",{"t":"idOrVar","v":"data"}]},{"$i":"call-forwarding-error","$v":"An error occurred while retrieving call forwarding status"},{"$i":"call-forwarding-fax","$v":["FAX: ",{"t":"idOrVar","v":"fax"}]},{"$i":"call-forwarding-inactive","$v":"Inactive"},{"$i":"call-forwarding-packet","$v":["Packet: ",{"t":"idOrVar","v":"packet"}]},{"$i":"call-forwarding-pad","$v":["PAD: ",{"t":"idOrVar","v":"pad"}]},{"$i":"call-forwarding-sms","$v":["SMS: ",{"t":"idOrVar","v":"sms"}]},{"$i":"call-forwarding-status","$v":"Call forwarding status"},{"$i":"call-forwarding-sync","$v":["Synchronous: ",{"t":"idOrVar","v":"sync"}]},{"$i":"call-forwarding-voice","$v":["Voice: ",{"t":"idOrVar","v":"voice"}]},{"$i":"close","$v":"বন্ধ"},{"$i":"confirm-deletion","$v":"নির্বাচিত কল অপসারণ করবেন?"},{"$i":"contacts","ariaLabel":"পরিচিতি"},{"$i":"createNewContact","$v":"নতুন পরিচিতি তৈরি করুন"},{"$i":"delete","$v":"অপসারণ"},{"$i":"deselectAll","$v":"কিছুই নির্বাচিত রেখো না"},{"$i":"dialerAddContact","ariaLabel":"পরিচিত যোগ করুন"},{"$i":"dialerAddContactDialog","ariaLabel":"Add Contact Dialog"},{"$i":"callInformation","$v":"Call Information"},{"$i":"edit-selected","$v":{"one":[{"t":"idOrVar","v":"n"}," সংখ্যক নির্বাচিত"],"two":[{"t":"idOrVar","v":"n"}," সংখ্যক নির্বাচিত"],"few":[{"t":"idOrVar","v":"n"}," সংখ্যক নির্বাচিত"],"many":[{"t":"idOrVar","v":"n"}," সংখ্যক নির্বাচিত"],"other":[{"t":"idOrVar","v":"n"}," সংখ্যক নির্বাচিত"]},"$x":[{"t":"idOrVar","v":"plural"},"n"]},{"$i":"edit","$v":"সম্পাদনা করুন"},{"$i":"hideKeypad","ariaLabel":"কীপ্যাড লুকান"},{"$i":"ignore","$v":"কল উপেক্ষা করুন"},{"$i":"incoming","$v":"আগত"},{"$i":"keypad","ariaLabel":"কীপ্যাড"},{"$i":"makeCall","ariaLabel":"কল করুন"},{"$i":"merge","ariaLabel":"Merge"},{"$i":"info-missed","$v":"Missed"},{"$i":"missed","$v":"জবাববিহীন","ariaLabel":"জবাববিহীন"},{"$i":"canceled","$v":"Canceled"},{"$i":"missedCall","$v":"মিসড কল"},{"$i":"missedCallMultiSims","$v":["(SIM ",{"t":"idOrVar","v":"n"},") জবাববিহীন কল"]},{"$i":"mmi-error","$v":"বার্তা প্রেরণে ত্রুটি দেখা দিয়েছে"},{"$i":"mmi-session-expired","$v":"সেশন বাতিল হয়ে গিয়েছে"},{"$i":"mmi-successfully-sent","$v":"সফল ভাবে বার্তা প্রেরণ করা হয়েছে"},{"$i":"mmi-notification-title-with-sim","$v":["(",{"t":"idOrVar","v":"sim"},") ",{"t":"idOrVar","v":"title"}]},{"$i":"mute","ariaLabel":"নিঃশব্দ করুন"},{"$i":"newCall","ariaLabel":"নতুন কল"},{"$i":"no-logs-msg-1","$v":"কোন কল সংরক্ষণ করা হয় নাই"},{"$i":"no-logs-msg-2","$v":"এখনই যোগাযোগ শুরু করুন"},{"$i":"no-logs-msg-3","$v":"কোনো মিসড কল নেই"},{"$i":"onHoldOption","ariaLabel":"On hold"},{"$i":"outgoing","$v":"Outgoing"},{"$i":"recents","ariaLabel":"সাম্প্রতিক কল"},{"$i":"reply","$v":"জবাব"},{"$i":"selectAll","$v":"সব নির্বাচন"},{"$i":"send","$v":"প্রেরণ"},{"$i":"switch-calls","$v":"কল পরিবর্তন"},{"$i":"today","$v":"আজ"},{"$i":"withheld-number","$v":"উপেক্ষিত নম্বর"},{"$i":"from-contact","$v":[{"t":"idOrVar","v":"contact"}," হতে"]},{"$i":"from-number","$v":[{"t":"idOrVar","v":"number"}," হতে"]},{"$i":"from-withheld-number","$v":"উপেক্ষিত নম্বর থেকে"},{"$i":"yesterday","$v":"গতকাল"},{"$i":"sending","$v":"প্রেরিত হচ্ছে…"},{"$i":"speakerOption","ariaLabel":"স্পিকার"},{"$i":"ussd-services","$v":[{"t":"idOrVar","v":"operator"}," সেবা"]},{"$i":"toggleKeypad","ariaLabel":"টোগল কীপ্যাড"},{"$i":"type-your-response","placeholder":"আপনার উত্তর লিখুন…"},{"$i":"clear-all-text","$v":"সব লেখা পরিষ্কার কর"},{"$i":"hide","$v":"গোপন"},{"$i":"call","$v":"ফোন করুন"},{"$i":"hold","ariaLabel":"স্থগিত রাখুন"},{"$i":"resume","$v":"পুনরায় শুরু","ariaLabel":"পুনরায় শুরু"},{"$i":"sendSms","$v":"বার্তা প্রেরণ"},{"$i":"callEnded","$v":"কল সমাপ্ত"},{"$i":"via-sim","$v":["SIM",{"t":"idOrVar","v":"n"}," দিয়ে"]},{"$i":"sim-number","$v":["SIM",{"t":"idOrVar","v":"n"}]},{"$i":"unknown","$v":"Unknown"},{"$i":"cancel","$v":"বাতিল"},{"$i":"hangup-a11y-button","ariaLabel":"হ্যাং-আপ"},{"$i":"pickup-a11y-button","ariaLabel":"ধরুন"},{"$i":"unlock-a11y-button","ariaLabel":"স্লাইডার"},{"$i":"settings","$v":"সেটিং"},{"$i":"delete-n-log?","$v":{"zero":"কিছুই নির্বাচন করা হয়নি","one":"নির্বাচিত লগ অপসারণ করবেন?","two":[{"t":"idOrVar","v":"n"}," লগ অপসারণ করবেন?"],"few":[{"t":"idOrVar","v":"n"}," লগ অপসারণ করবেন?"],"many":[{"t":"idOrVar","v":"n"}," লগ অপসারণ করবেন?"],"other":[{"t":"idOrVar","v":"n"}," লগ অপসারণ করবেন?"]},"$x":[{"t":"idOrVar","v":"plural"},"n"]},{"$i":"callDurationMinutes","$v":[{"t":"idOrVar","v":"m"},":",{"t":"idOrVar","v":"s"}]},{"$i":"callDurationHours","$v":[{"t":"idOrVar","v":"h"},":",{"t":"idOrVar","v":"m"},":",{"t":"idOrVar","v":"s"}]},{"$i":"callDurationTextFormatSeconds","$v":[{"t":"idOrVar","v":"s"}," s"]},{"$i":"callDurationTextFormatMinutes","$v":[{"t":"idOrVar","v":"m"}," m ",{"t":"idOrVar","v":"s"}," s"]},{"$i":"callDurationTextFormatHours","$v":[{"t":"idOrVar","v":"h"}," h ",{"t":"idOrVar","v":"m"}," m ",{"t":"idOrVar","v":"s"}," s"]},{"$i":"suggestionMatches","$v":{"one":["\"",{"t":"idOrVar","v":"matchNumber"},"\" জন্য ",{"t":"idOrVar","v":"n"}," টি মিলেছে"],"two":["\"",{"t":"idOrVar","v":"matchNumber"},"\" জন্য ",{"t":"idOrVar","v":"n"}," টি মিলেছে"],"few":["\"",{"t":"idOrVar","v":"matchNumber"},"\" জন্য ",{"t":"idOrVar","v":"n"}," টি মিলেছে"],"many":["\"",{"t":"idOrVar","v":"matchNumber"},"\" জন্য ",{"t":"idOrVar","v":"n"}," টি মিলেছে"],"other":["\"",{"t":"idOrVar","v":"matchNumber"},"\" জন্য ",{"t":"idOrVar","v":"n"}," টি মিলেছে"]},"$x":[{"t":"idOrVar","v":"plural"},"n"]},{"$i":"scCallBarring","$v":"কল বেয়ারিং"},{"$i":"scCallForwarding","$v":"কল ফরওয়ার্ডিং"},{"$i":"scClip","$v":"ইনকামিং কলার আইডি"},{"$i":"scClir","$v":"আউটগোয়িং কলার আইডি"},{"$i":"scPwd","$v":"পাসওয়ার্ড পরিবর্তন করুন"},{"$i":"scCallWaiting","$v":"কল ওয়েটিং"},{"$i":"scPin","$v":"পিন পরিবর্তন"},{"$i":"scPin2","$v":"পিন২ পরিবর্তন"},{"$i":"scPuk","$v":"পিন আনব্লক করুন"},{"$i":"scPuk2","$v":"পিন২ আনব্লক করুন"},{"$i":"scImei","$v":"IMEI"},{"$i":"scUssd","$v":"USSD"},{"$i":"serviceClassVoice","$v":"ভয়েস"},{"$i":"serviceClassData","$v":"ডাটা"},{"$i":"serviceClassFax","$v":"ফ্যাক্স"},{"$i":"serviceClassSms","$v":"ক্ষুদে বার্তা"},{"$i":"serviceClassDataSync","$v":"সিনক্রোনাইজ"},{"$i":"serviceClassDataAsync","$v":"অ্যাসিনক্রোনাইজ"},{"$i":"serviceClassPacket","$v":"প্যাকেট"},{"$i":"serviceClassPad","$v":"প্যাড"},{"$i":"smServiceEnabled","$v":"সার্ভিস সক্রিয় ছিল"},{"$i":"smServiceDisabled","$v":"সার্ভিস নিষ্ক্রিয় করা হয়েছে"},{"$i":"smServiceRegistered","$v":"রেজিস্ট্রেশন সফল হয়েছে"},{"$i":"smServiceErased","$v":"অপসারণ সফল হয়েছে"},{"$i":"smServiceInterrogated","$v":"অনুরোধ সফল হয়েছে"},{"$i":"smServiceNotProvisioned","$v":"সার্ভিস আরোপিত হয়নি"},{"$i":"smClirPermanent","$v":"আপনি কলার আইডি সেটিং পরিবর্তন করতে পারবেন না"},{"$i":"smClirDefaultOnNextCallOn","$v":"কলার আইডি পূর্বনির্ধারিতভাবে সংরক্ষিত করা আছে। পরবর্তী কল: সংরক্ষিত"},{"$i":"smClirDefaultOnNextCallOff","$v":"কলার আইডি পূর্বনির্ধারিতভাবে সংরক্ষিত। পরবর্তী কল: সংরক্ষিত নয়"},{"$i":"smClirDefaultOffNextCallOn","$v":"কলার আইডি পূর্বনির্ধারিতভাবে সংরক্ষিত করা নেই। পরবর্তী কল: সংরক্ষিত"},{"$i":"smClirDefaultOffNextCallOff","$v":"কলার আইডি পূর্বনির্ধারিতভাবে সংরক্ষিত নেই। পরবর্তী কল: সংরক্ষিত নয়"},{"$i":"smServiceEnabledFor","$v":"সার্ভিস সক্রিয় ছিল:"},{"$i":"smPinChanged","$v":"পিন সফলভাবে পরিবর্তিত"},{"$i":"smPinUnblocked","$v":"পিন সফলভাবে আনব্লক করা হয়েছে"},{"$i":"smPin2Changed","$v":"পিন২ সফলভাবে পরিবর্তিত হয়েছে"},{"$i":"smPin2Unblocked","$v":"পিন২ সফলভাবে আনব্লক করা হয়েছে"},{"$i":"ServiceIsEnabled","$v":"Service is enabled"},{"$i":"ServiceIsDisabled","$v":"Service is disabled"},{"$i":"ServiceIsEnabledFor","$v":"Service is enabled for:"},{"$i":"emMmiError","$v":"সংযোগে সমস্যা অথবা MMI কোড অকার্যকর"},{"$i":"emMmiErrorPasswordIncorrect","$v":"ভুল পাসওয়ার্ড"},{"$i":"emMmiErrorNotSupported","$v":"অকার্যকর বা অসমর্থিত MMI কোড"},{"$i":"emMmiErrorInvalidAction","$v":"অকার্যকর পদক্ষেপ"},{"$i":"emMmiErrorInvalidScCode","$v":"অকার্যকর সার্ভিস কোড"},{"$i":"emMmiErrorBadPuk","$v":"আপনি যে PUK টাইপ করেছেন তা সঠিক নয়"},{"$i":"emMmiErrorBadPin","$v":"আপনার টাইপ করা পুরনো পিন সঠিক নয়।"},{"$i":"emMmiErrorNeedPuk2","$v":"সিম কার্ড আনব্লক করতে PUK2 টাইপ করুন"},{"$i":"emMmiErrorMismatchPin","$v":"আপনার টাইপ করা পিন মিলছে না"},{"$i":"emMmiErrorInvalidPin","$v":"৪ থেকে ৮ সংখ্যাবিশিষ্ট একটি পিন টাইপ করুন"},{"$i":"emMmiErrorNeedsPuk","$v":"আপনার সিম কার্ড PUK দ্বারা লক রয়েছে"},{"$i":"emMmiErrorEnablePin","$v":"ব্যর্থ। সিম/রিম লক সক্রিয় করুন"},{"$i":"emMmiErrorMmiFdn","$v":"কার্যক্রম কেবলমাত্র নির্দিষ্ট নম্বরে ডায়ালের জন্য সংরক্ষিত"},{"$i":"emMmiErrorStkCcUssdDial","$v":"USSD অনুরোধ পরিবর্তিত হয়ে DIAL অনুরোধ হয়েছে"},{"$i":"emMmiErrorStkCcUssdSs","$v":"USSD অনুরোধ SS অনুরোধে পরিবর্তিত হয়েছে"},{"$i":"emMmiErrorStkCcUssdUssd","$v":"USSD অনুরোধ পরিবর্তিত হয়ে নতুন USSD অনুরোধ হয়েছে"},{"$i":"emMmiErrorStkCcSsDial","$v":"SS অনুরোধ পরিবর্তিত হয়ে DIAL অনুরোধ হয়েছে"},{"$i":"emMmiErrorStkCcSsUssd","$v":"SS অনুরোধ USSD অনুরোধে পরিবর্তিত"},{"$i":"emMmiErrorStkCcSsSs","$v":"SS অনুরোধ পরিবর্তিত হয়ে নতুন SS অনুরোধ হয়েছে"},{"$i":"emMmiErrorPinPukAttempts","$v":{"one":["মাত্র ",{"t":"idOrVar","v":"n"}," টি পুনঃচেষ্টা বাকি আছে"],"two":[{"t":"idOrVar","v":"n"}," টি পুনঃচেষ্টা বাকি আছে"],"few":[{"t":"idOrVar","v":"n"}," টি পুনঃচেষ্টা বাকি আছে"],"many":[{"t":"idOrVar","v":"n"}," টি পুনঃচেষ্টা বাকি আছে"],"other":[{"t":"idOrVar","v":"n"}," টি পুনঃচেষ্টা বাকি আছে"]},"$x":[{"t":"idOrVar","v":"plural"},"n"]},{"$i":"emMmiErrorSimBlocked","$v":"সর্বোচ্চবার পুনঃচেষ্টা করা হয়েছে। সিম ব্লক হয়ে গেছে"},{"$i":"RadioNotAvailable","$v":"রেডিও বিদ্যমান নয়"},{"$i":"GenericFailure","$v":"সাধারণ বিফলতা"},{"$i":"PasswordIncorrect","$v":"পাসওয়ার্ড সঠিক নয়"},{"$i":"SimPin2","$v":"সিমের পিন২"},{"$i":"SimPuk2","$v":"সিম PUK2"},{"$i":"RequestNotSupported","$v":"অনুরোধ সমর্থিত নয়"},{"$i":"OpNotAllowedDuringVoiceCall","$v":"ভয়েস কলের সময় কাজটি অনুমোদিত নয়"},{"$i":"SmsSendFailRetry","$v":"এসএমএস পাঠাতে ব্যর্থ পুনরায় চেষ্টা করুন"},{"$i":"SimAbsent","$v":"সিম অনুপস্থিত"},{"$i":"SubscriptionNotAvailable","$v":"সাবস্ক্রিপশন বিদ্যমান নেই"},{"$i":"ModeNotSupported","$v":"মোড সমর্থিত নয়"},{"$i":"FdnCheckFailure","$v":"Fdn পরীক্ষা ব্যর্থ"},{"$i":"IllegalSimOrMe","$v":"অবৈধ SIM অথবা ME"},{"$i":"DialModifiedToUssd","$v":"ডায়াল USSD তে পরিবর্তন করা হয়েছে"},{"$i":"DialModifiedToSs","$v":"ডায়াল SS এ পরিবর্তিত হয়েছে"},{"$i":"DialModifiedToDial","$v":"ডায়াল ডায়ালে পরিবর্তিত হয়েছে"},{"$i":"UssdModifiedToDial","$v":"USSD ডায়ালে পরিবর্তিত"},{"$i":"UssdModifiedToSs","$v":"USSD SS-এ পরিবর্তিত হয়েছে"},{"$i":"UssdModifiedToUssd","$v":"USSD USSD-তে পরিবর্তিত হয়েছে"},{"$i":"SsModifiedToDial","$v":"SS ডায়ালে পরিবর্তিত হয়েছে"},{"$i":"SsModifiedToUssd","$v":"SS USSD-তে পরিবর্তিত হয়েছে"},{"$i":"SsModifiedToSs","$v":"SS SS-এ পরিবর্তিত হয়েছে"},{"$i":"SubscriptionNotSupported","$v":"সাবস্ক্রিপশন সমর্থিত নয়"},{"$i":"InvalidParameter","$v":"অকার্যকর প্যারামিটার"},{"$i":"RejectedByRemote","$v":"রিমোট কতৃক প্রত্যাখাত"},{"$i":"conferenceCall","$v":["কনফারেন্স (",{"t":"idOrVar","v":"n"},")"]},{"$i":"caller-left-call","$v":[{"t":"idOrVar","v":"caller"}," কল ছেড়ে দিয়েছেন।"]},{"$i":"conferenceAddError","$v":"কলগুলি একত্রিত করা যাচ্ছে না"},{"$i":"conferenceRemoveError","$v":"কলগুলি আলাদা করা যাচ্ছে না"},{"$i":"longDateFormat","$v":"%A, %B %e"},{"$i":"select-audio-sources","$v":"অডিও উৎস নির্বাচন করুন"},{"$i":"bluetooth-handsfree-device","$v":"ব্লুটুথ হ্যান্ডসফ্রি ডিভাইস"},{"$i":"receiver","$v":"গ্রাহক"},{"$i":"speaker","$v":"স্পিকার"},{"$i":"voiceMail","$v":"ভয়েসমেইল"},{"$i":"weekday-0-long","$v":"রবিবার"},{"$i":"weekday-1-long","$v":"সোমবার"},{"$i":"weekday-2-long","$v":"মঙ্গলবার"},{"$i":"weekday-3-long","$v":"বুধবার"},{"$i":"weekday-4-long","$v":"বৃহস্পতিবার"},{"$i":"weekday-5-long","$v":"শুক্রবার"},{"$i":"weekday-6-long","$v":"শনিবার"},{"$i":"weekday-0-short","$v":"রবি"},{"$i":"weekday-1-short","$v":"সোম"},{"$i":"weekday-2-short","$v":"মঙ্গল"},{"$i":"weekday-3-short","$v":"বুধ"},{"$i":"weekday-4-short","$v":"বৃহঃ"},{"$i":"weekday-5-short","$v":"শুক্র"},{"$i":"weekday-6-short","$v":"শনি"},{"$i":"month-0-long","$v":"জানুয়ারি"},{"$i":"month-1-long","$v":"ফেব্রুয়ারি"},{"$i":"month-2-long","$v":"মার্চ"},{"$i":"month-3-long","$v":"এপ্রিল"},{"$i":"month-4-long","$v":"মে"},{"$i":"month-5-long","$v":"জুন"},{"$i":"month-6-long","$v":"জুলাই"},{"$i":"month-7-long","$v":"আগস্ট"},{"$i":"month-8-long","$v":"সেপ্টেম্বর"},{"$i":"month-9-long","$v":"অক্টোবর"},{"$i":"month-10-long","$v":"নভেম্বর"},{"$i":"month-11-long","$v":"ডিসেম্বর"},{"$i":"month-0-genitive","$v":"জানুয়ারি"},{"$i":"month-1-genitive","$v":"ফেব্রুয়ারি"},{"$i":"month-2-genitive","$v":"মার্চ"},{"$i":"month-3-genitive","$v":"এপ্রিল"},{"$i":"month-4-genitive","$v":"মে"},{"$i":"month-5-genitive","$v":"জুন"},{"$i":"month-6-genitive","$v":"জুলাই"},{"$i":"month-7-genitive","$v":"আগস্ট"},{"$i":"month-8-genitive","$v":"সেপ্টেম্বর"},{"$i":"month-9-genitive","$v":"অক্টোবর"},{"$i":"month-10-genitive","$v":"নভেম্বর"},{"$i":"month-11-genitive","$v":"ডিসেম্বর"},{"$i":"month-0-short","$v":"জানু"},{"$i":"month-1-short","$v":"ফেব্রু"},{"$i":"month-2-short","$v":"মার্চ"},{"$i":"month-3-short","$v":"এপ্রিল"},{"$i":"month-4-short","$v":"মে"},{"$i":"month-5-short","$v":"জুন"},{"$i":"month-6-short","$v":"জুলাই"},{"$i":"month-7-short","$v":"আগস্ট"},{"$i":"month-8-short","$v":"সেপ্ট"},{"$i":"month-9-short","$v":"অক্টো"},{"$i":"month-10-short","$v":"নভে"},{"$i":"month-11-short","$v":"ডিসে"},{"$i":"minutes-ago-long","$v":{"zero":"এইমাত্র","one":"১ মিনিট পূর্বে","two":[{"t":"idOrVar","v":"value"}," মিনিট পূর্বে"],"few":[{"t":"idOrVar","v":"value"}," মিনিট পূর্বে"],"many":[{"t":"idOrVar","v":"value"}," মিনিট পূর্বে"],"other":[{"t":"idOrVar","v":"value"}," মিনিট পূর্বে"]},"$x":[{"t":"idOrVar","v":"plural"},"value"]},{"$i":"hours-ago-long","$v":{"zero":"এইমাত্র","one":"১ ঘন্টা পূর্বে","two":[{"t":"idOrVar","v":"value"}," ঘন্টা পূর্বে"],"few":[{"t":"idOrVar","v":"value"}," ঘন্টা পূর্বে"],"many":[{"t":"idOrVar","v":"value"}," ঘন্টা পূর্বে"],"other":[{"t":"idOrVar","v":"value"}," ঘন্টা পূর্বে"]},"$x":[{"t":"idOrVar","v":"plural"},"value"]},{"$i":"days-ago-long","$v":{"zero":"আজ","one":"গতকাল","two":[{"t":"idOrVar","v":"value"}," দিন পূর্বে"],"few":[{"t":"idOrVar","v":"value"}," দিন পূর্বে"],"many":[{"t":"idOrVar","v":"value"}," দিন পূর্বে"],"other":[{"t":"idOrVar","v":"value"}," দিন পূর্বে"]},"$x":[{"t":"idOrVar","v":"plural"},"value"]},{"$i":"weeks-ago-long","$v":{"zero":"এই সপ্তাহে","one":"গত সপ্তাহ","two":[{"t":"idOrVar","v":"value"}," সপ্তাহ পূর্বে"],"few":[{"t":"idOrVar","v":"value"}," সপ্তাহ পূর্বে"],"many":[{"t":"idOrVar","v":"value"}," সপ্তাহ পূর্বে"],"other":[{"t":"idOrVar","v":"value"}," সপ্তাহ পূর্বে"]},"$x":[{"t":"idOrVar","v":"plural"},"value"]},{"$i":"months-ago-long","$v":{"zero":"চলতি মাস","one":"গত মাস","two":[{"t":"idOrVar","v":"value"}," মাস পূর্বে"],"few":[{"t":"idOrVar","v":"value"}," মাস পূর্বে"],"many":[{"t":"idOrVar","v":"value"}," মাস পূর্বে"],"other":[{"t":"idOrVar","v":"value"}," মাস পূর্বে"]},"$x":[{"t":"idOrVar","v":"plural"},"value"]},{"$i":"years-ago-long","$v":{"zero":"এই বছর","one":"গত বছর","two":[{"t":"idOrVar","v":"value"}," বছর আগে"],"few":[{"t":"idOrVar","v":"value"}," বছর পূর্বে"],"many":[{"t":"idOrVar","v":"value"}," বছর পূর্বে"],"other":[{"t":"idOrVar","v":"value"}," বছর পূর্বে"]},"$x":[{"t":"idOrVar","v":"plural"},"value"]},{"$i":"minutes-until-long","$v":{"zero":"এখন","one":"এক মিনিটের মধ্যে","two":[{"t":"idOrVar","v":"value"}," মিনিটের মধ্যে"],"few":[{"t":"idOrVar","v":"value"}," মিনিটের মধ্যে"],"many":[{"t":"idOrVar","v":"value"}," মিনিটের মধ্যে"],"other":[{"t":"idOrVar","v":"value"}," মিনিটের মধ্যে"]},"$x":[{"t":"idOrVar","v":"plural"},"value"]},{"$i":"hours-until-long","$v":{"zero":"এখন","one":"এক ঘন্টার মধ্যে","two":[{"t":"idOrVar","v":"value"}," ঘন্টার মধ্যে"],"few":[{"t":"idOrVar","v":"value"}," ঘন্টার মধ্যে"],"many":[{"t":"idOrVar","v":"value"}," ঘন্টার মধ্যে"],"other":[{"t":"idOrVar","v":"value"}," ঘন্টার মধ্যে"]},"$x":[{"t":"idOrVar","v":"plural"},"value"]},{"$i":"days-until-long","$v":{"zero":"আজ","one":"আগামীকাল","two":[{"t":"idOrVar","v":"value"}," দিনের মধ্যে"],"few":[{"t":"idOrVar","v":"value"}," দিনের মধ্যে"],"many":[{"t":"idOrVar","v":"value"}," দিনের মধ্যে"],"other":[{"t":"idOrVar","v":"value"}," দিনের মধ্যে"]},"$x":[{"t":"idOrVar","v":"plural"},"value"]},{"$i":"weeks-until-long","$v":{"zero":"এই সপ্তাহ","one":"পরবর্তী সপ্তাহ","two":[{"t":"idOrVar","v":"value"}," সপ্তাহের মধ্যে"],"few":[{"t":"idOrVar","v":"value"}," সপ্তাহের মধ্যে"],"many":[{"t":"idOrVar","v":"value"}," সপ্তাহের মধ্যে"],"other":[{"t":"idOrVar","v":"value"}," সপ্তাহের মধ্যে"]},"$x":[{"t":"idOrVar","v":"plural"},"value"]},{"$i":"months-until-long","$v":{"zero":"এই মাস","one":"পরবর্তী মাস","two":[{"t":"idOrVar","v":"value"}," মাসের মধ্যে"],"few":[{"t":"idOrVar","v":"value"}," মাসের মধ্যে"],"many":[{"t":"idOrVar","v":"value"}," মাসের মধ্যে"],"other":[{"t":"idOrVar","v":"value"}," মাসের মধ্যে"]},"$x":[{"t":"idOrVar","v":"plural"},"value"]},{"$i":"years-until-long","$v":{"zero":"এই বছর","one":"আগামী বছর","two":[{"t":"idOrVar","v":"value"}," বছরের মধ্যে"],"few":[{"t":"idOrVar","v":"value"}," বছরের মধ্যে"],"many":[{"t":"idOrVar","v":"value"}," বছরের মধ্যে"],"other":[{"t":"idOrVar","v":"value"}," বছরের মধ্যে"]},"$x":[{"t":"idOrVar","v":"plural"},"value"]},{"$i":"minutes-ago-short","$v":{"zero":"এইমাত্র","other":[{"t":"idOrVar","v":"value"},"মি. পূর্বে"]},"$x":[{"t":"idOrVar","v":"plural"},"value"]},{"$i":"hours-ago-short","$v":{"zero":"এইমাত্র","other":[{"t":"idOrVar","v":"value"},"ঘন্টা পূর্বে"]},"$x":[{"t":"idOrVar","v":"plural"},"value"]},{"$i":"days-ago-short","$v":{"zero":"আজ","other":[{"t":"idOrVar","v":"value"},"দিন পূর্বে"]},"$x":[{"t":"idOrVar","v":"plural"},"value"]},{"$i":"minutes-until-short","$v":{"zero":"এখন","other":[{"t":"idOrVar","v":"value"}," মিনিটের মধ্যে"]},"$x":[{"t":"idOrVar","v":"plural"},"value"]},{"$i":"hours-until-short","$v":{"zero":"এখন","other":[{"t":"idOrVar","v":"value"},"ঘন্টার মধ্যে"]},"$x":[{"t":"idOrVar","v":"plural"},"value"]},{"$i":"days-until-short","$v":{"zero":"আজ","other":[{"t":"idOrVar","v":"value"},"দিনের মধ্যে"]},"$x":[{"t":"idOrVar","v":"plural"},"value"]},{"$i":"incorrectDate","$v":"(ভুল তারিখ)"},{"$i":"dateTimeFormat_%c","$v":"%a %b %e %Y %I:%M:%S %p"},{"$i":"dateTimeFormat_%x","$v":"%m/%d/%Y"},{"$i":"dateTimeFormat_%X","$v":"%I:%M:%S %p"},{"$i":"shortTimeFormat","$v":"%I:%M %p"},{"$i":"shortTimeFormat12","$v":"%I:%M %p"},{"$i":"shortTimeFormat24","$v":"%H:%M"},{"$i":"shortDateTimeFormat","$v":"%x %I:%M %p"},{"$i":"weekStartsOnMonday","$v":"0"},{"$i":"firstDayOfTheWeek","$v":"0"},{"$i":"time_am","$v":"AM"},{"$i":"time_pm","$v":"PM"},{"$i":"label","$v":"লেবেল"},{"$i":"mobile","$v":"মোবাইল"},{"$i":"home","$v":"বাড়ি"},{"$i":"work","$v":"কর্মস্থল"},{"$i":"personal","$v":"ব্যক্তিগত"},{"$i":"faxHome","$v":"বাড়ির ফ্যাক্স"},{"$i":"faxOffice","$v":"অফিসের ফ্যাক্স"},{"$i":"faxOther","$v":"অন্যান্য ফ্যাক্স"},{"$i":"another","$v":"আরেকটা"},{"$i":"other","$v":"অন্যান্য"},{"$i":"customTag","placeholder":"স্বনির্ধারিত ট্যাগ"},{"$i":"current","$v":"বর্তমান"},{"$i":"itemWithLabel","$v":[{"t":"idOrVar","v":"label"},", ",{"t":"idOrVar","v":"item"}]},{"$i":"airplaneMode","$v":"Airplane mode"},{"$i":"searching","$v":"Searching…"},{"$i":"noNetwork","$v":"No network"},{"$i":"roaming","$v":[{"t":"idOrVar","v":"operator"}," (Roaming)"]},{"$i":"operator-info","$v":[{"t":"idOrVar","v":"carrier"}," ",{"t":"idOrVar","v":"region"}]},{"$i":"emergencyCallsOnly","$v":"Emergency calls only"},{"$i":"emergencyCallsOnly-unknownSIMState","$v":"(unknown SIM state)"},{"$i":"emergencyCallsOnly-noSIM","$v":"(no SIM)"},{"$i":"emergencyCallsOnly-pinRequired","$v":"(SIM PIN required)"},{"$i":"emergencyCallsOnly-pukRequired","$v":"(SIM PUK required)"},{"$i":"emergencyCallsOnly-networkLocked","$v":"(network locked)"},{"$i":"emergencyCallsOnly-serviceProviderLocked","$v":"(service provider locked)"},{"$i":"emergencyCallsOnly-corporateLocked","$v":"(corporate locked)"},{"$i":"emergencyCallsOnly-network1Locked","$v":"(network1 locked)"},{"$i":"emergencyCallsOnly-network2Locked","$v":"(network2 locked)"},{"$i":"emergencyCallsOnly-hrpdNetworkLocked","$v":"(hrpd network locked)"},{"$i":"emergencyCallsOnly-ruimCorporateLocked","$v":"(ruim corporate locked)"},{"$i":"emergencyCallsOnly-ruimServiceProviderLocked","$v":"(ruim service provider locked)"},{"$i":"lockscreen-sim-id","$v":["SIM ",{"t":"idOrVar","v":"n"}]},{"$i":"charging-status-no-time","$v":[{"t":"idOrVar","v":"level"},"% Charged"]},{"$i":"charging-status-minutes","$v":{"zero":[{"t":"idOrVar","v":"level"},"% Charged (",{"t":"idOrVar","v":"minutes"}," mins remaining)"],"one":[{"t":"idOrVar","v":"level"},"% Charged (",{"t":"idOrVar","v":"minutes"}," min remaining)"],"two":[{"t":"idOrVar","v":"level"},"% Charged (",{"t":"idOrVar","v":"minutes"}," mins remaining)"],"few":[{"t":"idOrVar","v":"level"},"% Charged (",{"t":"idOrVar","v":"minutes"}," mins remaining)"],"many":[{"t":"idOrVar","v":"level"},"% Charged (",{"t":"idOrVar","v":"minutes"}," mins remaining)"],"other":[{"t":"idOrVar","v":"level"},"% Charged (",{"t":"idOrVar","v":"minutes"}," mins remaining)"]},"$x":[{"t":"idOrVar","v":"plural"},"minutes"]},{"$i":"charging-status-hours","$v":{"zero":[{"t":"idOrVar","v":"level"},"% Charged (",{"t":"idOrVar","v":"hours"},"h ",{"t":"idOrVar","v":"minutes"}," mins remaining)"],"one":[{"t":"idOrVar","v":"level"},"% Charged (",{"t":"idOrVar","v":"hours"},"h ",{"t":"idOrVar","v":"minutes"}," min remaining)"],"two":[{"t":"idOrVar","v":"level"},"% Charged (",{"t":"idOrVar","v":"hours"},"h ",{"t":"idOrVar","v":"minutes"}," mins remaining)"],"few":[{"t":"idOrVar","v":"level"},"% Charged (",{"t":"idOrVar","v":"hours"},"h ",{"t":"idOrVar","v":"minutes"}," mins remaining)"],"many":[{"t":"idOrVar","v":"level"},"% Charged (",{"t":"idOrVar","v":"hours"},"h ",{"t":"idOrVar","v":"minutes"}," mins remaining)"],"other":[{"t":"idOrVar","v":"level"},"% Charged (",{"t":"idOrVar","v":"hours"},"h ",{"t":"idOrVar","v":"minutes"}," mins remaining)"]},"$x":[{"t":"idOrVar","v":"plural"},"minutes"]},{"$i":"phoneNumberInput","ariaLabel":"ফোন নাম্বার"},{"$i":"keypadDelete","ariaLabel":"অপসারণ"},{"$i":"voiceMailKey","ariaLabel":"ভয়েসমেইল"},{"$i":"asterisk","ariaLabel":"তারকা চিহ্ন"},{"$i":"hashSign","ariaLabel":"হ্যাশ চিহ্ন"},{"$i":"loadingSimContacts","$v":"Loading SIM card contacts…"},{"$i":"noContactsWereFound","$v":"No contacts were found"},{"$i":"noContactsFoundDialogOk","$v":"OK"},{"$i":"emergencyNumber","$v":"জরুরী নম্বর"},{"$i":"callAirplaneModeMessage","$v":"ফোন করতে সেটিং থেকে আপনাকে বিমান মুড বন্ধ করতে হবে।"},{"$i":"callAirplaneModeBtnOk","$v":"ঠিক আছে"},{"$i":"callAirplaneModeTitle","$v":"এরোপ্লেন মুড চালু করা হয়েছে"},{"$i":"numberIsBusyTitle","$v":"নম্বরটি ব্যস্ত আছে"},{"$i":"numberIsBusyMessage","$v":"এই নম্বরটি বর্তমানে ব্যস্ত আছে। অনুগ্রহ করে পরে আবার চেষ্টা করুন।"},{"$i":"fdnIsActiveTitle","$v":"FDN সক্রিয়"},{"$i":"fdnIsActiveMessage","$v":["FDN (ফিক্সড্‌ ডায়ালিং নাম্বার) সক্রিয় এবং নিচের এই নাম্বার আপনার FDN লিস্টে নাই: ",{"t":"idOrVar","v":"number"}]},{"$i":"emergencyDialogBodyBadNumber","$v":"ফোন করার জন্য, আপনার ফোনকে অবশ্যই নেটওয়ার্কে সংযুক্ত হতে হবে।"},{"$i":"emergencyDialogBodyDeviceNotAccepted","$v":"নেটওয়ার্কে জরুরী কল অনুমোদিত নয়।"},{"$i":"emergencyDialogBtnOk","$v":"ঠিক আছে"},{"$i":"emergencyDialogTitle","$v":"নেটওয়ার্ক সংযোগ নেই"},{"$i":"invalidNumberToDialTitle","$v":"অকার্যকর ফোন নাম্বার"},{"$i":"invalidNumberToDialMessage","$v":"আপনি যে ফোন নাম্বারে কল করেছেন তা সঠিক নয়।"},{"$i":"unableToCallTitle","$v":"বর্তমানে ফোনকল করতে ব্যর্থ"},{"$i":"unableToCallMessage","$v":"কলটি করা যাচ্ছে না। যদি আপনি ইতোমধ্যে ডায়াল করে থাকেন তাহলে প্রথমে তা কেটে নিন।"},{"$i":"otherConnectionInUseTitle","$v":"অন্য সংযোগ ব্যবহৃত হচ্ছে"},{"$i":"otherConnectionInUseMessage","$v":"অন্য সংযোগে আপনার একটি সক্রিয় কল রয়েছে। আপনি একবারে শুধু একটি সংযোগ ব্যবহার করতে পারবেন।"}]