[{"$i":"addNewNumber","$v":"Afegeix un número nou"},{"$i":"contactDetails","$v":"Detalls de contacte"},{"$i":"addToExistingContact","$v":"Afegeix a un contacte existent"},{"$i":"all","$v":"Totes","ariaLabel":"Totes"},{"$i":"bluetoothOption","ariaLabel":"Bluetooth"},{"$i":"callLog","$v":"Registre trucades"},{"$i":"callLogEdit","title":"Edita el registre de trucades"},{"$i":"callLogEditDialog","ariaLabel":"Diàleg d'edició del registre de trucades"},{"$i":"connecting","$v":"Connectant"},{"$i":"connectingEllipsis","$v":"Connectant…"},{"$i":"call-forwarding-async","$v":["Asíncron: ",{"t":"idOrVar","v":"async"}]},{"$i":"call-forwarding-data","$v":["Dades: ",{"t":"idOrVar","v":"data"}]},{"$i":"call-forwarding-error","$v":"S'ha produït un error en recuperar l'estat de la desviació de trucades"},{"$i":"call-forwarding-fax","$v":["Fax: ",{"t":"idOrVar","v":"fax"}]},{"$i":"call-forwarding-inactive","$v":"Inactiu"},{"$i":"call-forwarding-packet","$v":["Paquet: ",{"t":"idOrVar","v":"packet"}]},{"$i":"call-forwarding-pad","$v":["Coixinet: ",{"t":"idOrVar","v":"pad"}]},{"$i":"call-forwarding-sms","$v":["SMS: ",{"t":"idOrVar","v":"sms"}]},{"$i":"call-forwarding-status","$v":"Estat de la desviació de trucades"},{"$i":"call-forwarding-sync","$v":["Síncron: ",{"t":"idOrVar","v":"sync"}]},{"$i":"call-forwarding-voice","$v":["Veu: ",{"t":"idOrVar","v":"voice"}]},{"$i":"close","$v":"Tanca"},{"$i":"confirm-deletion","$v":"Voleu esborrar les trucades seleccionades?"},{"$i":"contacts","ariaLabel":"Contactes"},{"$i":"createNewContact","$v":"Crea un contacte nou"},{"$i":"delete","$v":"Elimina"},{"$i":"deselectAll","$v":"Desmarca-ho tot"},{"$i":"dialerAddContact","ariaLabel":"Afegeix un contacte"},{"$i":"dialerAddContactDialog","ariaLabel":"Add Contact Dialog"},{"$i":"callInformation","$v":"Informació de trucada"},{"$i":"edit-selected","$v":{"one":[{"t":"idOrVar","v":"n"}," seleccionada"],"two":[{"t":"idOrVar","v":"n"}," seleccionades"],"few":[{"t":"idOrVar","v":"n"}," seleccionades"],"many":[{"t":"idOrVar","v":"n"}," seleccionades"],"other":[{"t":"idOrVar","v":"n"}," seleccionades"]},"$x":[{"t":"idOrVar","v":"plural"},"n"]},{"$i":"edit","$v":"Edita"},{"$i":"hideKeypad","ariaLabel":"Amaga el teclat"},{"$i":"ignore","$v":"Ignora la trucada"},{"$i":"incoming","$v":"Trucada entrant"},{"$i":"keypad","ariaLabel":"Teclat"},{"$i":"makeCall","ariaLabel":"Fes una trucada"},{"$i":"merge","ariaLabel":"Combina"},{"$i":"info-missed","$v":"Perdudes"},{"$i":"missed","$v":"Perdudes","ariaLabel":"Perdudes"},{"$i":"canceled","$v":"Cancel·lada"},{"$i":"missedCall","$v":"Trucada perduda"},{"$i":"missedCallMultiSims","$v":["(SIM ",{"t":"idOrVar","v":"n"},") Trucada perduda"]},{"$i":"mmi-error","$v":"S'ha produït un error en enviar el missatge"},{"$i":"mmi-session-expired","$v":"La sessió ha vençut"},{"$i":"mmi-successfully-sent","$v":"Missatge enviat correctament"},{"$i":"mmi-notification-title-with-sim","$v":["(",{"t":"idOrVar","v":"sim"},") ",{"t":"idOrVar","v":"title"}]},{"$i":"mute","ariaLabel":"Silencia"},{"$i":"newCall","ariaLabel":"Trucada nova"},{"$i":"no-logs-msg-1","$v":"Cap trucada enregistrada"},{"$i":"no-logs-msg-2","$v":"Inicieu una conversa ara"},{"$i":"no-logs-msg-3","$v":"Cap trucada perduda"},{"$i":"onHoldOption","ariaLabel":"En espera"},{"$i":"outgoing","$v":"Sortida"},{"$i":"recents","ariaLabel":"Trucades recents"},{"$i":"reply","$v":"Respon"},{"$i":"selectAll","$v":"Marca-ho tot"},{"$i":"send","$v":"Envia"},{"$i":"switch-calls","$v":"Commuta trucades"},{"$i":"today","$v":"Avui"},{"$i":"withheld-number","$v":"Número ocult"},{"$i":"from-contact","$v":["De ",{"t":"idOrVar","v":"contact"}]},{"$i":"from-number","$v":["De ",{"t":"idOrVar","v":"number"}]},{"$i":"from-withheld-number","$v":"D'un número ocult"},{"$i":"yesterday","$v":"Ahir"},{"$i":"sending","$v":"S'està enviant…"},{"$i":"speakerOption","ariaLabel":"Altaveu"},{"$i":"ussd-services","$v":["Serveis de ",{"t":"idOrVar","v":"operator"}]},{"$i":"toggleKeypad","ariaLabel":"Commuta el teclat"},{"$i":"type-your-response","placeholder":"Escriviu la vostra resposta…"},{"$i":"clear-all-text","$v":"Esborra tot el text"},{"$i":"hide","$v":"Amaga"},{"$i":"call","$v":"Truca"},{"$i":"hold","ariaLabel":"En espera"},{"$i":"resume","$v":"Reprèn","ariaLabel":"Reprèn"},{"$i":"sendSms","$v":"Envia un missatge"},{"$i":"callEnded","$v":"Trucada finalitzada"},{"$i":"via-sim","$v":["amb la SIM",{"t":"idOrVar","v":"n"}]},{"$i":"sim-number","$v":["SIM",{"t":"idOrVar","v":"n"}]},{"$i":"unknown","$v":"Desconeguda"},{"$i":"cancel","$v":"Cancel·la"},{"$i":"hangup-a11y-button","ariaLabel":"Penja"},{"$i":"pickup-a11y-button","ariaLabel":"Despenja"},{"$i":"unlock-a11y-button","ariaLabel":"Lliscador"},{"$i":"settings","$v":"Paràmetres"},{"$i":"delete-n-log?","$v":{"zero":"No heu seleccionat res","one":"Voleu eliminar el registre seleccionat?","two":["Voleu eliminar ",{"t":"idOrVar","v":"n"}," registres?"],"few":["Voleu eliminar ",{"t":"idOrVar","v":"n"}," registres?"],"many":["Voleu eliminar ",{"t":"idOrVar","v":"n"}," registres?"],"other":["Voleu eliminar ",{"t":"idOrVar","v":"n"}," registres?"]},"$x":[{"t":"idOrVar","v":"plural"},"n"]},{"$i":"callDurationMinutes","$v":[{"t":"idOrVar","v":"m"},":",{"t":"idOrVar","v":"s"}]},{"$i":"callDurationHours","$v":[{"t":"idOrVar","v":"h"},":",{"t":"idOrVar","v":"m"},":",{"t":"idOrVar","v":"s"}]},{"$i":"callDurationTextFormatSeconds","$v":[{"t":"idOrVar","v":"s"}," s"]},{"$i":"callDurationTextFormatMinutes","$v":[{"t":"idOrVar","v":"m"}," m ",{"t":"idOrVar","v":"s"}," s"]},{"$i":"callDurationTextFormatHours","$v":[{"t":"idOrVar","v":"h"}," h ",{"t":"idOrVar","v":"m"}," m ",{"t":"idOrVar","v":"s"}," s"]},{"$i":"suggestionMatches","$v":{"one":[{"t":"idOrVar","v":"n"}," coincidència de «",{"t":"idOrVar","v":"matchNumber"},"»"],"two":[{"t":"idOrVar","v":"n"}," coincidències de «",{"t":"idOrVar","v":"matchNumber"},"»"],"few":[{"t":"idOrVar","v":"n"}," coincidències de «",{"t":"idOrVar","v":"matchNumber"},"»"],"many":[{"t":"idOrVar","v":"n"}," coincidències de «",{"t":"idOrVar","v":"matchNumber"},"»"],"other":[{"t":"idOrVar","v":"n"}," coincidències de «",{"t":"idOrVar","v":"matchNumber"},"»"]},"$x":[{"t":"idOrVar","v":"plural"},"n"]},{"$i":"scCallBarring","$v":"Restricc. trucades"},{"$i":"scCallForwarding","$v":"Desviació trucad."},{"$i":"scClip","$v":"ID trucada entr."},{"$i":"scClir","$v":"ID trucada sort."},{"$i":"scPwd","$v":"Canvi de contrasenya"},{"$i":"scCallWaiting","$v":"Trucada en espera"},{"$i":"scPin","$v":"Canvi de PIN"},{"$i":"scPin2","$v":"Canvi de PIN2"},{"$i":"scPuk","$v":"Desbloca el PIN"},{"$i":"scPuk2","$v":"Desbloca el PIN2"},{"$i":"scImei","$v":"IMEI"},{"$i":"scUssd","$v":"USSD"},{"$i":"serviceClassVoice","$v":"Veu"},{"$i":"serviceClassData","$v":"Dades"},{"$i":"serviceClassFax","$v":"FAX"},{"$i":"serviceClassSms","$v":"SMS"},{"$i":"serviceClassDataSync","$v":"Sínc."},{"$i":"serviceClassDataAsync","$v":"Asínc."},{"$i":"serviceClassPacket","$v":"Paquet"},{"$i":"serviceClassPad","$v":"PAD"},{"$i":"smServiceEnabled","$v":"S'ha activat el servei"},{"$i":"smServiceDisabled","$v":"S'ha desactivat el servei"},{"$i":"smServiceRegistered","$v":"El registre ha estat correcte"},{"$i":"smServiceErased","$v":"S'ha esborrat correctament"},{"$i":"smServiceInterrogated","$v":"La sol·licitud ha estat correcta"},{"$i":"smServiceNotProvisioned","$v":"Servei no proveït"},{"$i":"smClirPermanent","$v":"No podeu canviar el paràmetre d'identificació de trucada"},{"$i":"smClirDefaultOnNextCallOn","$v":"Per defecte, la identificació de trucada està restringida. Propera trucada: restringida"},{"$i":"smClirDefaultOnNextCallOff","$v":"Per defecte, la identificació de trucada està restringida. Propera trucada: no restringida"},{"$i":"smClirDefaultOffNextCallOn","$v":"Per defecte, la identificació de trucada no està restringida. Propera trucada: restringida"},{"$i":"smClirDefaultOffNextCallOff","$v":"Per defecte, la identificació de trucada no està restringida. Propera trucada: no restringida"},{"$i":"smServiceEnabledFor","$v":"S'ha activat el servei per a:"},{"$i":"smPinChanged","$v":"PIN canviat correctament"},{"$i":"smPinUnblocked","$v":"PIN desbloquejat correctament"},{"$i":"smPin2Changed","$v":"PIN2 canviat correctament"},{"$i":"smPin2Unblocked","$v":"PIN2 desbloquejat correctament"},{"$i":"ServiceIsEnabled","$v":"El servei està activat"},{"$i":"ServiceIsDisabled","$v":"El servei està desactivat"},{"$i":"ServiceIsEnabledFor","$v":"El servei està activat per a:"},{"$i":"emMmiError","$v":"Problema de connexió o codi MMI no vàlid"},{"$i":"emMmiErrorPasswordIncorrect","$v":"Contrasenya incorrecta"},{"$i":"emMmiErrorNotSupported","$v":"Codi MMI no vàlid o no reconegut"},{"$i":"emMmiErrorInvalidAction","$v":"Acció no vàlida"},{"$i":"emMmiErrorInvalidScCode","$v":"Codi de servei no vàlid"},{"$i":"emMmiErrorBadPuk","$v":"El PUK que heu introduït no és correcte"},{"$i":"emMmiErrorBadPin","$v":"L'antic PIN que heu introduït no és correcte."},{"$i":"emMmiErrorNeedPuk2","$v":"Introduïu el PUK2 per desbloquejar la targeta SIM"},{"$i":"emMmiErrorMismatchPin","$v":"Els PIN que heu introduït no coincideixen"},{"$i":"emMmiErrorInvalidPin","$v":"Introduïu un PIN de 4 a 8 dígits"},{"$i":"emMmiErrorNeedsPuk","$v":"La targeta SIM és bloquejada amb PUK"},{"$i":"emMmiErrorEnablePin","$v":"No és correcte. Activa el SIM/RUIM LOCK"},{"$i":"emMmiErrorMmiFdn","$v":"L'operació està restringida només a números prefixats"},{"$i":"emMmiErrorStkCcUssdDial","$v":"La sol·licitud USSD s'ha modificat a una sol·licitud DIAL"},{"$i":"emMmiErrorStkCcUssdSs","$v":"La sol·licitud USSD s'ha modificat a una sol·licitud SS"},{"$i":"emMmiErrorStkCcUssdUssd","$v":"La sol·licitud USSD s'ha modificat a una sol·licitud USSD nova"},{"$i":"emMmiErrorStkCcSsDial","$v":"La sol·licitud SS s'ha modificat a una sol·licitud DIAL"},{"$i":"emMmiErrorStkCcSsUssd","$v":"La sol·licitud SS s'ha modificat a una sol·licitud USSD"},{"$i":"emMmiErrorStkCcSsSs","$v":"La sol·licitud SS s'ha modificat a una sol·licitud SS nova"},{"$i":"emMmiErrorPinPukAttempts","$v":{"one":["Només queda ",{"t":"idOrVar","v":"n"}," intent"],"two":["Queden ",{"t":"idOrVar","v":"n"}," intents"],"few":["Queden ",{"t":"idOrVar","v":"n"}," intents"],"many":["Queden ",{"t":"idOrVar","v":"n"}," intents"],"other":["Queden ",{"t":"idOrVar","v":"n"}," intents"]},"$x":[{"t":"idOrVar","v":"plural"},"n"]},{"$i":"emMmiErrorSimBlocked","$v":"S'ha excedit el màxim d'intents. La SIM s'ha bloquejat"},{"$i":"RadioNotAvailable","$v":"Ràdio no disponible"},{"$i":"GenericFailure","$v":"Error genèric"},{"$i":"PasswordIncorrect","$v":"Contrasenya incorrecta"},{"$i":"SimPin2","$v":"PIN2 de la SIM"},{"$i":"SimPuk2","$v":"PUK2 de la SIM"},{"$i":"RequestNotSupported","$v":"No es reconeix la sol·licitud"},{"$i":"OpNotAllowedDuringVoiceCall","$v":"No es permet l'operació durant una trucada"},{"$i":"SmsSendFailRetry","$v":"Reintent per error en enviar l'SMS"},{"$i":"SimAbsent","$v":"No hi ha cap SIM"},{"$i":"SubscriptionNotAvailable","$v":"Subscripció no disponible"},{"$i":"ModeNotSupported","$v":"Mode no implementat"},{"$i":"FdnCheckFailure","$v":"Error de comprovació de FDN"},{"$i":"IllegalSimOrMe","$v":"SIM o ME no vàlids"},{"$i":"DialModifiedToUssd","$v":"DIAL s'ha modificat a USSD"},{"$i":"DialModifiedToSs","$v":"DIAL s'ha modificat a SS"},{"$i":"DialModifiedToDial","$v":"DIAL s'ha modificat a DIAL"},{"$i":"UssdModifiedToDial","$v":"USSD s'ha modificat a DIAL"},{"$i":"UssdModifiedToSs","$v":"USSD s'ha modificat a SS"},{"$i":"UssdModifiedToUssd","$v":"USSD s'ha modificat a USSD"},{"$i":"SsModifiedToDial","$v":"SS s'ha modificat a DIAL"},{"$i":"SsModifiedToUssd","$v":"SS s'ha modificat a USSD"},{"$i":"SsModifiedToSs","$v":"SS s'ha modificat a SS"},{"$i":"SubscriptionNotSupported","$v":"No s'admet la subscripció"},{"$i":"InvalidParameter","$v":"Paràmetre no vàlid"},{"$i":"RejectedByRemote","$v":"Rebutjat pel remot"},{"$i":"conferenceCall","$v":["Conferència (",{"t":"idOrVar","v":"n"},")"]},{"$i":"caller-left-call","$v":[{"t":"idOrVar","v":"caller"}," ha penjat."]},{"$i":"conferenceAddError","$v":"No es poden combinar les trucades"},{"$i":"conferenceRemoveError","$v":"No es poden separar les trucades"},{"$i":"longDateFormat","$v":"%A %e %Eb"},{"$i":"select-audio-sources","$v":"Tria fonts d'àudio"},{"$i":"bluetooth-handsfree-device","$v":"Dispositiu Bluetooth mans lliures"},{"$i":"receiver","$v":"Receptor"},{"$i":"speaker","$v":"Altaveu"},{"$i":"voiceMail","$v":"Bústia de veu"},{"$i":"weekday-0-long","$v":"diumenge"},{"$i":"weekday-1-long","$v":"dilluns"},{"$i":"weekday-2-long","$v":"dimarts"},{"$i":"weekday-3-long","$v":"dimecres"},{"$i":"weekday-4-long","$v":"dijous"},{"$i":"weekday-5-long","$v":"divendres"},{"$i":"weekday-6-long","$v":"dissabte"},{"$i":"weekday-0-short","$v":"dg"},{"$i":"weekday-1-short","$v":"dl"},{"$i":"weekday-2-short","$v":"dt"},{"$i":"weekday-3-short","$v":"dc"},{"$i":"weekday-4-short","$v":"dj"},{"$i":"weekday-5-short","$v":"dv"},{"$i":"weekday-6-short","$v":"ds"},{"$i":"month-0-long","$v":"gener"},{"$i":"month-1-long","$v":"febrer"},{"$i":"month-2-long","$v":"març"},{"$i":"month-3-long","$v":"abril"},{"$i":"month-4-long","$v":"maig"},{"$i":"month-5-long","$v":"juny"},{"$i":"month-6-long","$v":"juliol"},{"$i":"month-7-long","$v":"agost"},{"$i":"month-8-long","$v":"setembre"},{"$i":"month-9-long","$v":"octubre"},{"$i":"month-10-long","$v":"novembre"},{"$i":"month-11-long","$v":"desembre"},{"$i":"month-0-genitive","$v":"de gener"},{"$i":"month-1-genitive","$v":"de febrer"},{"$i":"month-2-genitive","$v":"de març"},{"$i":"month-3-genitive","$v":"d'abril"},{"$i":"month-4-genitive","$v":"de maig"},{"$i":"month-5-genitive","$v":"de juny"},{"$i":"month-6-genitive","$v":"de juliol"},{"$i":"month-7-genitive","$v":"d'agost"},{"$i":"month-8-genitive","$v":"de setembre"},{"$i":"month-9-genitive","$v":"d'octubre"},{"$i":"month-10-genitive","$v":"de novembre"},{"$i":"month-11-genitive","$v":"de desembre"},{"$i":"month-0-short","$v":"gen"},{"$i":"month-1-short","$v":"febr"},{"$i":"month-2-short","$v":"març"},{"$i":"month-3-short","$v":"abr"},{"$i":"month-4-short","$v":"maig"},{"$i":"month-5-short","$v":"juny"},{"$i":"month-6-short","$v":"jul"},{"$i":"month-7-short","$v":"ag"},{"$i":"month-8-short","$v":"set"},{"$i":"month-9-short","$v":"oct"},{"$i":"month-10-short","$v":"nov"},{"$i":"month-11-short","$v":"des"},{"$i":"minutes-ago-long","$v":{"zero":"ara","one":"fa un minut","two":["fa ",{"t":"idOrVar","v":"value"}," minuts"],"few":["fa ",{"t":"idOrVar","v":"value"}," minuts"],"many":["fa ",{"t":"idOrVar","v":"value"}," minuts"],"other":["fa ",{"t":"idOrVar","v":"value"}," minuts"]},"$x":[{"t":"idOrVar","v":"plural"},"value"]},{"$i":"hours-ago-long","$v":{"zero":"ara","one":"fa una hora","two":["fa ",{"t":"idOrVar","v":"value"}," hores"],"few":["fa ",{"t":"idOrVar","v":"value"}," hores"],"many":["fa ",{"t":"idOrVar","v":"value"}," hores"],"other":["fa ",{"t":"idOrVar","v":"value"}," hores"]},"$x":[{"t":"idOrVar","v":"plural"},"value"]},{"$i":"days-ago-long","$v":{"zero":"avui","one":"ahir","two":["fa ",{"t":"idOrVar","v":"value"}," dies"],"few":["fa ",{"t":"idOrVar","v":"value"}," dies"],"many":["fa ",{"t":"idOrVar","v":"value"}," dies"],"other":["fa ",{"t":"idOrVar","v":"value"}," dies"]},"$x":[{"t":"idOrVar","v":"plural"},"value"]},{"$i":"weeks-ago-long","$v":{"zero":"aquesta setmana","one":"la setmana passada","two":["fa ",{"t":"idOrVar","v":"value"}," setmanes"],"few":["fa ",{"t":"idOrVar","v":"value"}," setmanes"],"many":["fa ",{"t":"idOrVar","v":"value"}," setmanes"],"other":["fa ",{"t":"idOrVar","v":"value"}," setmanes"]},"$x":[{"t":"idOrVar","v":"plural"},"value"]},{"$i":"months-ago-long","$v":{"zero":"aquest mes","one":"el mes passat","two":["fa ",{"t":"idOrVar","v":"value"}," mesos"],"few":["fa ",{"t":"idOrVar","v":"value"}," mesos"],"many":["fa ",{"t":"idOrVar","v":"value"}," mesos"],"other":["fa ",{"t":"idOrVar","v":"value"}," mesos"]},"$x":[{"t":"idOrVar","v":"plural"},"value"]},{"$i":"years-ago-long","$v":{"zero":"enguany","one":"l'any passat","two":["fa ",{"t":"idOrVar","v":"value"}," anys"],"few":["fa ",{"t":"idOrVar","v":"value"}," anys"],"many":["fa ",{"t":"idOrVar","v":"value"}," anys"],"other":["fa ",{"t":"idOrVar","v":"value"}," anys"]},"$x":[{"t":"idOrVar","v":"plural"},"value"]},{"$i":"minutes-until-long","$v":{"zero":"ara","one":"d'aquí un minut","two":["d'aquí ",{"t":"idOrVar","v":"value"}," minuts"],"few":["d'aquí ",{"t":"idOrVar","v":"value"}," minuts"],"many":["d'aquí ",{"t":"idOrVar","v":"value"}," minuts"],"other":["d'aquí ",{"t":"idOrVar","v":"value"}," minuts"]},"$x":[{"t":"idOrVar","v":"plural"},"value"]},{"$i":"hours-until-long","$v":{"zero":"ara","one":"d'aquí una hora","two":["d'aquí ",{"t":"idOrVar","v":"value"}," hores"],"few":["d'aquí ",{"t":"idOrVar","v":"value"}," hores"],"many":["d'aquí ",{"t":"idOrVar","v":"value"}," hores"],"other":["d'aquí ",{"t":"idOrVar","v":"value"}," hores"]},"$x":[{"t":"idOrVar","v":"plural"},"value"]},{"$i":"days-until-long","$v":{"zero":"avui","one":"demà","two":["d'aquí ",{"t":"idOrVar","v":"value"}," dies"],"few":["d'aquí ",{"t":"idOrVar","v":"value"}," dies"],"many":["d'aquí ",{"t":"idOrVar","v":"value"}," dies"],"other":["d'aquí ",{"t":"idOrVar","v":"value"}," dies"]},"$x":[{"t":"idOrVar","v":"plural"},"value"]},{"$i":"weeks-until-long","$v":{"zero":"aquesta setmana","one":"la setmana que ve","two":["d'aquí ",{"t":"idOrVar","v":"value"}," setmanes"],"few":["d'aquí ",{"t":"idOrVar","v":"value"}," setmanes"],"many":["d'aquí ",{"t":"idOrVar","v":"value"}," setmanes"],"other":["d'aquí ",{"t":"idOrVar","v":"value"}," setmanes"]},"$x":[{"t":"idOrVar","v":"plural"},"value"]},{"$i":"months-until-long","$v":{"zero":"aquest mes","one":"el mes que ve","two":["d'aquí ",{"t":"idOrVar","v":"value"}," mesos"],"few":["d'aquí ",{"t":"idOrVar","v":"value"}," mesos"],"many":["d'aquí ",{"t":"idOrVar","v":"value"}," mesos"],"other":["d'aquí ",{"t":"idOrVar","v":"value"}," mesos"]},"$x":[{"t":"idOrVar","v":"plural"},"value"]},{"$i":"years-until-long","$v":{"zero":"enguany","one":"l'any que ve","two":["d'aquí ",{"t":"idOrVar","v":"value"}," anys"],"few":["d'aquí ",{"t":"idOrVar","v":"value"}," anys"],"many":["d'aquí ",{"t":"idOrVar","v":"value"}," anys"],"other":["d'aquí ",{"t":"idOrVar","v":"value"}," anys"]},"$x":[{"t":"idOrVar","v":"plural"},"value"]},{"$i":"minutes-ago-short","$v":{"zero":"ara","other":["fa ",{"t":"idOrVar","v":"value"}," m"]},"$x":[{"t":"idOrVar","v":"plural"},"value"]},{"$i":"hours-ago-short","$v":{"zero":"ara","other":["fa ",{"t":"idOrVar","v":"value"}," h"]},"$x":[{"t":"idOrVar","v":"plural"},"value"]},{"$i":"days-ago-short","$v":{"zero":"avui","other":["fa ",{"t":"idOrVar","v":"value"}," d"]},"$x":[{"t":"idOrVar","v":"plural"},"value"]},{"$i":"minutes-until-short","$v":{"zero":"ara","other":["d'aquí ",{"t":"idOrVar","v":"value"}," m"]},"$x":[{"t":"idOrVar","v":"plural"},"value"]},{"$i":"hours-until-short","$v":{"zero":"ara","other":["d'aquí ",{"t":"idOrVar","v":"value"}," h"]},"$x":[{"t":"idOrVar","v":"plural"},"value"]},{"$i":"days-until-short","$v":{"zero":"avui","other":["d'aquí ",{"t":"idOrVar","v":"value"}," d"]},"$x":[{"t":"idOrVar","v":"plural"},"value"]},{"$i":"incorrectDate","$v":"(data no vàlida)"},{"$i":"dateTimeFormat_%c","$v":"%a %e %Eb, %Y %H:%M:%S"},{"$i":"dateTimeFormat_%x","$v":"%d/%m/%Y"},{"$i":"dateTimeFormat_%X","$v":"%H:%M:%S"},{"$i":"shortTimeFormat","$v":"%H:%M"},{"$i":"shortTimeFormat12","$v":"%I:%M %p"},{"$i":"shortTimeFormat24","$v":"%H:%M"},{"$i":"shortDateTimeFormat","$v":"%x %H:%M"},{"$i":"weekStartsOnMonday","$v":"1"},{"$i":"firstDayOfTheWeek","$v":"0"},{"$i":"time_am","$v":"am"},{"$i":"time_pm","$v":"pm"},{"$i":"label","$v":"Etiqueta"},{"$i":"mobile","$v":"Mòbil"},{"$i":"home","$v":"Casa"},{"$i":"work","$v":"Feina"},{"$i":"personal","$v":"Particular"},{"$i":"faxHome","$v":"Fax (casa)"},{"$i":"faxOffice","$v":"Fax (oficina)"},{"$i":"faxOther","$v":"Fax (altre)"},{"$i":"another","$v":"Altres"},{"$i":"other","$v":"Altres"},{"$i":"customTag","placeholder":"Etiqueta personalitzada"},{"$i":"current","$v":"Actual"},{"$i":"itemWithLabel","$v":[{"t":"idOrVar","v":"label"},", ",{"t":"idOrVar","v":"item"}]},{"$i":"airplaneMode","$v":"Mode d'avió"},{"$i":"searching","$v":"S'està cercant…"},{"$i":"noNetwork","$v":"Sense xarxa"},{"$i":"roaming","$v":[{"t":"idOrVar","v":"operator"}," (itinerància)"]},{"$i":"operator-info","$v":[{"t":"idOrVar","v":"carrier"}," ",{"t":"idOrVar","v":"region"}]},{"$i":"emergencyCallsOnly","$v":"Només trucades d'emergència"},{"$i":"emergencyCallsOnly-unknownSIMState","$v":"(estat de la SIM desconegut)"},{"$i":"emergencyCallsOnly-noSIM","$v":"(no hi ha SIM)"},{"$i":"emergencyCallsOnly-pinRequired","$v":"(cal el PIN de la SIM)"},{"$i":"emergencyCallsOnly-pukRequired","$v":"(cal el PUK de la SIM)"},{"$i":"emergencyCallsOnly-networkLocked","$v":"(xarxa bloquejada)"},{"$i":"emergencyCallsOnly-serviceProviderLocked","$v":"(bloqueig del proveïdor de servei)"},{"$i":"emergencyCallsOnly-corporateLocked","$v":"(bloqueig de l'empresa)"},{"$i":"emergencyCallsOnly-network1Locked","$v":"(bloqueig de la xarxa1)"},{"$i":"emergencyCallsOnly-network2Locked","$v":"(bloqueig de la xarxa2)"},{"$i":"emergencyCallsOnly-hrpdNetworkLocked","$v":"(bloqueig de la xarxa hrpd)"},{"$i":"emergencyCallsOnly-ruimCorporateLocked","$v":"(bloqueig de l'empresa ruim)"},{"$i":"emergencyCallsOnly-ruimServiceProviderLocked","$v":"(bloqueig del proveïdor de servei ruim)"},{"$i":"lockscreen-sim-id","$v":["SIM ",{"t":"idOrVar","v":"n"}]},{"$i":"charging-status-no-time","$v":[{"t":"idOrVar","v":"level"},"% Charged"]},{"$i":"charging-status-minutes","$v":{"zero":[{"t":"idOrVar","v":"level"},"% Charged (",{"t":"idOrVar","v":"minutes"}," mins remaining)"],"one":[{"t":"idOrVar","v":"level"},"% Charged (",{"t":"idOrVar","v":"minutes"}," min remaining)"],"two":[{"t":"idOrVar","v":"level"},"% Charged (",{"t":"idOrVar","v":"minutes"}," mins remaining)"],"few":[{"t":"idOrVar","v":"level"},"% Charged (",{"t":"idOrVar","v":"minutes"}," mins remaining)"],"many":[{"t":"idOrVar","v":"level"},"% Charged (",{"t":"idOrVar","v":"minutes"}," mins remaining)"],"other":[{"t":"idOrVar","v":"level"},"% Charged (",{"t":"idOrVar","v":"minutes"}," mins remaining)"]},"$x":[{"t":"idOrVar","v":"plural"},"minutes"]},{"$i":"charging-status-hours","$v":{"zero":[{"t":"idOrVar","v":"level"},"% Charged (",{"t":"idOrVar","v":"hours"},"h ",{"t":"idOrVar","v":"minutes"}," mins remaining)"],"one":[{"t":"idOrVar","v":"level"},"% Charged (",{"t":"idOrVar","v":"hours"},"h ",{"t":"idOrVar","v":"minutes"}," min remaining)"],"two":[{"t":"idOrVar","v":"level"},"% Charged (",{"t":"idOrVar","v":"hours"},"h ",{"t":"idOrVar","v":"minutes"}," mins remaining)"],"few":[{"t":"idOrVar","v":"level"},"% Charged (",{"t":"idOrVar","v":"hours"},"h ",{"t":"idOrVar","v":"minutes"}," mins remaining)"],"many":[{"t":"idOrVar","v":"level"},"% Charged (",{"t":"idOrVar","v":"hours"},"h ",{"t":"idOrVar","v":"minutes"}," mins remaining)"],"other":[{"t":"idOrVar","v":"level"},"% Charged (",{"t":"idOrVar","v":"hours"},"h ",{"t":"idOrVar","v":"minutes"}," mins remaining)"]},"$x":[{"t":"idOrVar","v":"plural"},"minutes"]},{"$i":"phoneNumberInput","ariaLabel":"Número de telèfon"},{"$i":"keypadDelete","ariaLabel":"Elimina"},{"$i":"voiceMailKey","ariaLabel":"Bústia de veu"},{"$i":"asterisk","ariaLabel":"Asterisc"},{"$i":"hashSign","ariaLabel":"Símbol de coixinet"},{"$i":"loadingSimContacts","$v":"Loading SIM card contacts…"},{"$i":"noContactsWereFound","$v":"No contacts were found"},{"$i":"noContactsFoundDialogOk","$v":"OK"},{"$i":"emergencyNumber","$v":"Número d'emergència"},{"$i":"callAirplaneModeMessage","$v":"Per fer una trucada cal que desactiveu el mode d'avió als paràmetres."},{"$i":"callAirplaneModeBtnOk","$v":"D'acord"},{"$i":"callAirplaneModeTitle","$v":"Mode d'avió activat"},{"$i":"numberIsBusyTitle","$v":"Número ocupat"},{"$i":"numberIsBusyMessage","$v":"El número ara està ocupat. Proveu-ho més tard."},{"$i":"fdnIsActiveTitle","$v":"Números prefixats activats"},{"$i":"fdnIsActiveMessage","$v":["La funció FDN (números prefixats) està activada i el següent número no és a la vostra llista FDN: ",{"t":"idOrVar","v":"number"}]},{"$i":"emergencyDialogBodyBadNumber","$v":"Per fer una trucada, cal que el telèfon estigui connectat a una xarxa."},{"$i":"emergencyDialogBodyDeviceNotAccepted","$v":"La xarxa no permet fer trucades d'emergència."},{"$i":"emergencyDialogBtnOk","$v":"D'acord"},{"$i":"emergencyDialogTitle","$v":"No hi ha connexió a la xarxa"},{"$i":"invalidNumberToDialTitle","$v":"Número de telèfon no vàlid"},{"$i":"invalidNumberToDialMessage","$v":"El número de telèfon al qual esteu trucant no és vàlid."},{"$i":"unableToCallTitle","$v":"No es pot fer una trucada ara mateix"},{"$i":"unableToCallMessage","$v":"No es pot fer una trucada. Si ja esteu marcant, primer pengeu."},{"$i":"otherConnectionInUseTitle","$v":"Connexió existent en ús"},{"$i":"otherConnectionInUseMessage","$v":"Teniu una trucada activa en una altra connexió. Podeu només utilitzar una connexió alhora."}]