[{"$i":"addNewNumber","$v":"Tilføj nyt nummer"},{"$i":"contactDetails","$v":"Kontaktdetaljer"},{"$i":"addToExistingContact","$v":"Føj til en eksisterende kontakt"},{"$i":"all","$v":"Alle","ariaLabel":"Alle"},{"$i":"bluetoothOption","ariaLabel":"Bluetooth"},{"$i":"callLog","$v":"Opkaldslog"},{"$i":"callLogEdit","title":"Rediger opkaldslog"},{"$i":"callLogEditDialog","ariaLabel":"Rediger dialogboksen Opkaldslog"},{"$i":"connecting","$v":"Forbinder"},{"$i":"connectingEllipsis","$v":"Forbinder…"},{"$i":"call-forwarding-async","$v":["Asynkron: ",{"t":"idOrVar","v":"async"}]},{"$i":"call-forwarding-data","$v":["Data: ",{"t":"idOrVar","v":"data"}]},{"$i":"call-forwarding-error","$v":"Der opstod en fejl ved indhentning af oplysning om viderestilling"},{"$i":"call-forwarding-fax","$v":["Fax: ",{"t":"idOrVar","v":"fax"}]},{"$i":"call-forwarding-inactive","$v":"Inaktiv"},{"$i":"call-forwarding-packet","$v":["Pakke: ",{"t":"idOrVar","v":"packet"}]},{"$i":"call-forwarding-pad","$v":["PAD: ",{"t":"idOrVar","v":"pad"}]},{"$i":"call-forwarding-sms","$v":["SMS: ",{"t":"idOrVar","v":"sms"}]},{"$i":"call-forwarding-status","$v":"Status for viderestilling"},{"$i":"call-forwarding-sync","$v":["Synkron: ",{"t":"idOrVar","v":"sync"}]},{"$i":"call-forwarding-voice","$v":["Tale: ",{"t":"idOrVar","v":"voice"}]},{"$i":"close","$v":"Luk"},{"$i":"confirm-deletion","$v":"Ryd de markerede opkald?"},{"$i":"contacts","ariaLabel":"Kontakter"},{"$i":"createNewContact","$v":"Opret ny kontakt"},{"$i":"delete","$v":"Slet"},{"$i":"deselectAll","$v":"Fjern markeringer"},{"$i":"dialerAddContact","ariaLabel":"Tilføj kontakt"},{"$i":"dialerAddContactDialog","ariaLabel":"Tilføj kontakt-dialog"},{"$i":"callInformation","$v":"Opkaldsinformation"},{"$i":"edit-selected","$v":{"one":[{"t":"idOrVar","v":"n"}," markeret"],"two":[{"t":"idOrVar","v":"n"}," markerede"],"few":[{"t":"idOrVar","v":"n"}," markerede"],"many":[{"t":"idOrVar","v":"n"}," markerede"],"other":[{"t":"idOrVar","v":"n"}," markerede"]},"$x":[{"t":"idOrVar","v":"plural"},"n"]},{"$i":"edit","$v":"Rediger"},{"$i":"hideKeypad","ariaLabel":"Skjul tastatur"},{"$i":"ignore","$v":"Ignorer opkald"},{"$i":"incoming","$v":"Indgående"},{"$i":"keypad","ariaLabel":"Tastatur"},{"$i":"makeCall","ariaLabel":"Ring op"},{"$i":"merge","ariaLabel":"Flet"},{"$i":"info-missed","$v":"Ubesvarede"},{"$i":"missed","$v":"Ubesvarede","ariaLabel":"Ubesvarede"},{"$i":"canceled","$v":"Annulleret"},{"$i":"missedCall","$v":"Ubesvaret opkald"},{"$i":"missedCallMultiSims","$v":["(Simkort ",{"t":"idOrVar","v":"n"},") Ubesvaret opkald"]},{"$i":"mmi-error","$v":"Der opstod en fejl ved afsendelse af beskeden"},{"$i":"mmi-session-expired","$v":"Session er udløbet"},{"$i":"mmi-successfully-sent","$v":"Beskeden er sendt"},{"$i":"mmi-notification-title-with-sim","$v":["(",{"t":"idOrVar","v":"sim"},") ",{"t":"idOrVar","v":"title"}]},{"$i":"mute","ariaLabel":"Slå lyd fra"},{"$i":"newCall","ariaLabel":"Nyt opkald"},{"$i":"no-logs-msg-1","$v":"Der er ikke noteret opkald"},{"$i":"no-logs-msg-2","$v":"Begynd at kommunikere nu"},{"$i":"no-logs-msg-3","$v":"Du er ikke gået glip af opkald"},{"$i":"onHoldOption","ariaLabel":"På hold"},{"$i":"outgoing","$v":"Udgående"},{"$i":"recents","ariaLabel":"Seneste opkald"},{"$i":"reply","$v":"Svar"},{"$i":"selectAll","$v":"Marker alle"},{"$i":"send","$v":"Send"},{"$i":"switch-calls","$v":"Skift samtale"},{"$i":"today","$v":"I dag"},{"$i":"withheld-number","$v":"Tilbageholdt nummer"},{"$i":"from-contact","$v":["Fra ",{"t":"idOrVar","v":"contact"}]},{"$i":"from-number","$v":["Fra ",{"t":"idOrVar","v":"number"}]},{"$i":"from-withheld-number","$v":"Fra tilbageholdt nummer"},{"$i":"yesterday","$v":"I går"},{"$i":"sending","$v":"Sender…"},{"$i":"speakerOption","ariaLabel":"Højtaler"},{"$i":"ussd-services","$v":[{"t":"idOrVar","v":"operator"},"-tjenester"]},{"$i":"toggleKeypad","ariaLabel":"Slå tastatur til eller fra"},{"$i":"type-your-response","placeholder":"Skriv dit svar…"},{"$i":"clear-all-text","$v":"Ryd al tekst"},{"$i":"hide","$v":"Skjul"},{"$i":"call","$v":"Ring op"},{"$i":"hold","ariaLabel":"Hold"},{"$i":"resume","$v":"Fortsæt","ariaLabel":"Fortsæt"},{"$i":"sendSms","$v":"Send besked"},{"$i":"callEnded","$v":"Samtale afsluttet"},{"$i":"via-sim","$v":["via Simkort",{"t":"idOrVar","v":"n"}]},{"$i":"sim-number","$v":["Simkort",{"t":"idOrVar","v":"n"}]},{"$i":"unknown","$v":"Ukendt"},{"$i":"cancel","$v":"Annuller"},{"$i":"hangup-a11y-button","ariaLabel":"Afbryd"},{"$i":"pickup-a11y-button","ariaLabel":"Svar"},{"$i":"unlock-a11y-button","ariaLabel":"Forskyder"},{"$i":"settings","$v":"Indstillinger"},{"$i":"delete-n-log?","$v":{"zero":"Intet markeret","one":"Slet markeret log?","two":["Slet ",{"t":"idOrVar","v":"n"}," logs?"],"few":["Slet ",{"t":"idOrVar","v":"n"}," logs?"],"many":["Slet ",{"t":"idOrVar","v":"n"}," logs?"],"other":["Slet ",{"t":"idOrVar","v":"n"}," logs?"]},"$x":[{"t":"idOrVar","v":"plural"},"n"]},{"$i":"callDurationMinutes","$v":[{"t":"idOrVar","v":"m"},":",{"t":"idOrVar","v":"s"}]},{"$i":"callDurationHours","$v":[{"t":"idOrVar","v":"h"},":",{"t":"idOrVar","v":"m"},":",{"t":"idOrVar","v":"s"}]},{"$i":"callDurationTextFormatSeconds","$v":[{"t":"idOrVar","v":"s"}," s"]},{"$i":"callDurationTextFormatMinutes","$v":[{"t":"idOrVar","v":"m"}," m ",{"t":"idOrVar","v":"s"}," s"]},{"$i":"callDurationTextFormatHours","$v":[{"t":"idOrVar","v":"h"}," t ",{"t":"idOrVar","v":"m"}," m ",{"t":"idOrVar","v":"s"}," s"]},{"$i":"suggestionMatches","$v":{"one":[{"t":"idOrVar","v":"n"}," match efter \"",{"t":"idOrVar","v":"matchNumber"},"\""],"two":[{"t":"idOrVar","v":"n"}," matches efter \"",{"t":"idOrVar","v":"matchNumber"},"\""],"few":[{"t":"idOrVar","v":"n"}," matches efter \"",{"t":"idOrVar","v":"matchNumber"},"\""],"many":[{"t":"idOrVar","v":"n"}," matches efter \"",{"t":"idOrVar","v":"matchNumber"},"\""],"other":[{"t":"idOrVar","v":"n"}," matches efter \"",{"t":"idOrVar","v":"matchNumber"},"\""]},"$x":[{"t":"idOrVar","v":"plural"},"n"]},{"$i":"scCallBarring","$v":"Opkaldsspærring"},{"$i":"scCallForwarding","$v":"Viderestilling"},{"$i":"scClip","$v":"Indkommende ID"},{"$i":"scClir","$v":"Udgående ID"},{"$i":"scPwd","$v":"Skift adgangskode"},{"$i":"scCallWaiting","$v":"Ventende opkald"},{"$i":"scPin","$v":"Skift pinkode"},{"$i":"scPin2","$v":"Skift PIN2-kode"},{"$i":"scPuk","$v":"Lås pinkoden op"},{"$i":"scPuk2","$v":"Lås PIN2-koden op"},{"$i":"scImei","$v":"IMEI-nummer"},{"$i":"scUssd","$v":"USSD"},{"$i":"serviceClassVoice","$v":"Stemme"},{"$i":"serviceClassData","$v":"Data"},{"$i":"serviceClassFax","$v":"Fax"},{"$i":"serviceClassSms","$v":"SMS"},{"$i":"serviceClassDataSync","$v":"Synkron"},{"$i":"serviceClassDataAsync","$v":"Asynkron"},{"$i":"serviceClassPacket","$v":"Pakke"},{"$i":"serviceClassPad","$v":"PAD"},{"$i":"smServiceEnabled","$v":"Tjenesten er aktiveret"},{"$i":"smServiceDisabled","$v":"Tjenesten er deaktiveret"},{"$i":"smServiceRegistered","$v":"Registrering udført"},{"$i":"smServiceErased","$v":"Sletning udført"},{"$i":"smServiceInterrogated","$v":"Forespørgsel udført"},{"$i":"smServiceNotProvisioned","$v":"Tjenesten er ikke klargjort"},{"$i":"smClirPermanent","$v":"Du kan ikke ændre indstilling for nummervisning"},{"$i":"smClirDefaultOnNextCallOn","$v":"Nummervisning er som standard begrænset. Næste opkald: Begrænset"},{"$i":"smClirDefaultOnNextCallOff","$v":"Nummervisning er som standard begrænset. Næste opkald: Ubegrænset"},{"$i":"smClirDefaultOffNextCallOn","$v":"Nummervisning er som standard ubegrænset. Næste opkald: Begrænset"},{"$i":"smClirDefaultOffNextCallOff","$v":"Nummervisning er som standard ubegrænset. Næste opkald: Ubegrænset"},{"$i":"smServiceEnabledFor","$v":"Tjenesten blev aktiveret for:"},{"$i":"smPinChanged","$v":"Pinkode er ændret"},{"$i":"smPinUnblocked","$v":"Pinkode er låst op"},{"$i":"smPin2Changed","$v":"PIN2-kode er ændret"},{"$i":"smPin2Unblocked","$v":"PIN2-kode er låst op"},{"$i":"ServiceIsEnabled","$v":"Tjenesten er aktiveret"},{"$i":"ServiceIsDisabled","$v":"Tjenesten er deaktiveret"},{"$i":"ServiceIsEnabledFor","$v":"Tjenesten er aktiveret for:"},{"$i":"emMmiError","$v":"Forbindelsesproblem eller ugyldig MMI-kode"},{"$i":"emMmiErrorPasswordIncorrect","$v":"Forkert adgangskode"},{"$i":"emMmiErrorNotSupported","$v":"Ugyldig eller ikke understøttet MMI-kode"},{"$i":"emMmiErrorInvalidAction","$v":"Ugyldig handling"},{"$i":"emMmiErrorInvalidScCode","$v":"Ugyldig tjenestekode"},{"$i":"emMmiErrorBadPuk","$v":"Den indtastede PUK-kode er forkert"},{"$i":"emMmiErrorBadPin","$v":"Den gamle pinkode er forkert."},{"$i":"emMmiErrorNeedPuk2","$v":"Indtast PUK2-koden for at låse simkortet op"},{"$i":"emMmiErrorMismatchPin","$v":"De indtastede pinkoder er ikke ens"},{"$i":"emMmiErrorInvalidPin","$v":"Indtast en pinkode på mellem 4 og 8 cifre"},{"$i":"emMmiErrorNeedsPuk","$v":"Dit simkort er PUK-låst"},{"$i":"emMmiErrorEnablePin","$v":"Det mislykkedes. Aktiver sim-/RUIM-lås"},{"$i":"emMmiErrorMmiFdn","$v":"Operationen er begrænset til faste opkaldsnumre"},{"$i":"emMmiErrorStkCcUssdDial","$v":"USSD-forespørgsel er ændret til en DIAL-forespørgsel"},{"$i":"emMmiErrorStkCcUssdSs","$v":"USSD-forespørgsel er ændret til en SS-forespørgsel"},{"$i":"emMmiErrorStkCcUssdUssd","$v":"USSD-forespørgsel er ændret til en ny USSD-forespørgsel"},{"$i":"emMmiErrorStkCcSsDial","$v":"SS-forespørgsel er ændret til en DIAL-forespørgsel"},{"$i":"emMmiErrorStkCcSsUssd","$v":"SS-forespørgsel er ændret til en USSD-forespørgsel"},{"$i":"emMmiErrorStkCcSsSs","$v":"SS-forespørgsel er ændret til en ny SS-forespørgsel"},{"$i":"emMmiErrorPinPukAttempts","$v":{"one":["Kun ",{"t":"idOrVar","v":"n"}," forsøg tilbage"],"two":[{"t":"idOrVar","v":"n"}," forsøg tilbage"],"few":[{"t":"idOrVar","v":"n"}," forsøg tilbage"],"many":[{"t":"idOrVar","v":"n"}," forsøg tilbage"],"other":[{"t":"idOrVar","v":"n"}," forsøg tilbage"]},"$x":[{"t":"idOrVar","v":"plural"},"n"]},{"$i":"emMmiErrorSimBlocked","$v":"Du har ikke flere forsøg tilbage. Simkortet er låst"},{"$i":"RadioNotAvailable","$v":"Radio er ikke tilgængelig"},{"$i":"GenericFailure","$v":"Generel fejl"},{"$i":"PasswordIncorrect","$v":"Forkert adgangskode"},{"$i":"SimPin2","$v":"Simkortets PIN2-kode"},{"$i":"SimPuk2","$v":"Simkortets PUK2-kode"},{"$i":"RequestNotSupported","$v":"Forespørgsel er ikke understøttet"},{"$i":"OpNotAllowedDuringVoiceCall","$v":"Operationen er ikke tilladt samtidig med et stemmeopkald"},{"$i":"SmsSendFailRetry","$v":"Afsendelse af SMS mislykkedes. Prøv igen"},{"$i":"SimAbsent","$v":"Intet simkort"},{"$i":"SubscriptionNotAvailable","$v":"Abonnement ikke tilgængeligt"},{"$i":"ModeNotSupported","$v":"Ikke understøttet tilstand"},{"$i":"FdnCheckFailure","$v":"FON-tjekfejl"},{"$i":"IllegalSimOrMe","$v":"Ugyldigt simkort eller ME"},{"$i":"DialModifiedToUssd","$v":"Opkald ændret til USSD"},{"$i":"DialModifiedToSs","$v":"Opkald ændret til SS"},{"$i":"DialModifiedToDial","$v":"Opkald ændret til opkald"},{"$i":"UssdModifiedToDial","$v":"USSD ændret til opkald"},{"$i":"UssdModifiedToSs","$v":"USSD ændret til SS"},{"$i":"UssdModifiedToUssd","$v":"USSD ændret til USSD"},{"$i":"SsModifiedToDial","$v":"SS ændret til opkald"},{"$i":"SsModifiedToUssd","$v":"SS ændret til USSD"},{"$i":"SsModifiedToSs","$v":"SS ændret til SS"},{"$i":"SubscriptionNotSupported","$v":"Abonnement ikke understøttet"},{"$i":"InvalidParameter","$v":"Ugyldig parameter"},{"$i":"RejectedByRemote","$v":"Afvist af modpart"},{"$i":"conferenceCall","$v":["Gruppesamtale (",{"t":"idOrVar","v":"n"},")"]},{"$i":"caller-left-call","$v":[{"t":"idOrVar","v":"caller"}," har forladt samtalen."]},{"$i":"conferenceAddError","$v":"Kan ikke sammenflette opkald"},{"$i":"conferenceRemoveError","$v":"Kan ikke adskille opkald"},{"$i":"longDateFormat","$v":"%A d. %e. %B"},{"$i":"select-audio-sources","$v":"Vælg lydkilder"},{"$i":"bluetooth-handsfree-device","$v":"Håndfri Bluetooth-enhed"},{"$i":"receiver","$v":"Modtager"},{"$i":"speaker","$v":"Højtaler"},{"$i":"voiceMail","$v":"Telefonsvarer"},{"$i":"weekday-0-long","$v":"Søndag"},{"$i":"weekday-1-long","$v":"Mandag"},{"$i":"weekday-2-long","$v":"Tirsdag"},{"$i":"weekday-3-long","$v":"Onsdag"},{"$i":"weekday-4-long","$v":"Torsdag"},{"$i":"weekday-5-long","$v":"Fredag"},{"$i":"weekday-6-long","$v":"Lørdag"},{"$i":"weekday-0-short","$v":"Søn"},{"$i":"weekday-1-short","$v":"Man"},{"$i":"weekday-2-short","$v":"Tir"},{"$i":"weekday-3-short","$v":"Ons"},{"$i":"weekday-4-short","$v":"Tor"},{"$i":"weekday-5-short","$v":"Fre"},{"$i":"weekday-6-short","$v":"Lør"},{"$i":"month-0-long","$v":"Januar"},{"$i":"month-1-long","$v":"Februar"},{"$i":"month-2-long","$v":"Marts"},{"$i":"month-3-long","$v":"April"},{"$i":"month-4-long","$v":"Maj"},{"$i":"month-5-long","$v":"Juni"},{"$i":"month-6-long","$v":"Juli"},{"$i":"month-7-long","$v":"August"},{"$i":"month-8-long","$v":"September"},{"$i":"month-9-long","$v":"Oktober"},{"$i":"month-10-long","$v":"November"},{"$i":"month-11-long","$v":"December"},{"$i":"month-0-genitive","$v":"januar"},{"$i":"month-1-genitive","$v":"februar"},{"$i":"month-2-genitive","$v":"marts"},{"$i":"month-3-genitive","$v":"april"},{"$i":"month-4-genitive","$v":"maj"},{"$i":"month-5-genitive","$v":"juni"},{"$i":"month-6-genitive","$v":"juli"},{"$i":"month-7-genitive","$v":"august"},{"$i":"month-8-genitive","$v":"september"},{"$i":"month-9-genitive","$v":"oktober"},{"$i":"month-10-genitive","$v":"november"},{"$i":"month-11-genitive","$v":"december"},{"$i":"month-0-short","$v":"Jan"},{"$i":"month-1-short","$v":"Feb"},{"$i":"month-2-short","$v":"Mar"},{"$i":"month-3-short","$v":"Apr"},{"$i":"month-4-short","$v":"Maj"},{"$i":"month-5-short","$v":"Jun"},{"$i":"month-6-short","$v":"Jul"},{"$i":"month-7-short","$v":"Aug"},{"$i":"month-8-short","$v":"Sep"},{"$i":"month-9-short","$v":"Okt"},{"$i":"month-10-short","$v":"Nov"},{"$i":"month-11-short","$v":"Dec"},{"$i":"minutes-ago-long","$v":{"zero":"nu","one":"for et minut siden","two":["for ",{"t":"idOrVar","v":"value"}," minutter siden"],"few":["for ",{"t":"idOrVar","v":"value"}," minutter siden"],"many":["for ",{"t":"idOrVar","v":"value"}," minutter siden"],"other":["for ",{"t":"idOrVar","v":"value"}," minutter siden"]},"$x":[{"t":"idOrVar","v":"plural"},"value"]},{"$i":"hours-ago-long","$v":{"zero":"nu","one":"for en time siden","two":["for ",{"t":"idOrVar","v":"value"}," timer siden"],"few":["for ",{"t":"idOrVar","v":"value"}," timer siden"],"many":["for ",{"t":"idOrVar","v":"value"}," timer siden"],"other":["for ",{"t":"idOrVar","v":"value"}," timer siden"]},"$x":[{"t":"idOrVar","v":"plural"},"value"]},{"$i":"days-ago-long","$v":{"zero":"i dag","one":"i går","two":["for ",{"t":"idOrVar","v":"value"}," dage siden"],"few":["for ",{"t":"idOrVar","v":"value"}," dage siden"],"many":["for ",{"t":"idOrVar","v":"value"}," dage siden"],"other":["for ",{"t":"idOrVar","v":"value"}," dage siden"]},"$x":[{"t":"idOrVar","v":"plural"},"value"]},{"$i":"weeks-ago-long","$v":{"zero":"denne uge","one":"sidste uge","two":["for ",{"t":"idOrVar","v":"value"}," uger siden"],"few":["for ",{"t":"idOrVar","v":"value"}," uger siden"],"many":["for ",{"t":"idOrVar","v":"value"}," uger siden"],"other":["for ",{"t":"idOrVar","v":"value"}," uger siden"]},"$x":[{"t":"idOrVar","v":"plural"},"value"]},{"$i":"months-ago-long","$v":{"zero":"denne måned","one":"sidste måned","two":["for ",{"t":"idOrVar","v":"value"}," måneder siden"],"few":["for ",{"t":"idOrVar","v":"value"}," måneder siden"],"many":["for ",{"t":"idOrVar","v":"value"}," måneder siden"],"other":["for ",{"t":"idOrVar","v":"value"}," måneder siden"]},"$x":[{"t":"idOrVar","v":"plural"},"value"]},{"$i":"years-ago-long","$v":{"zero":"dette år","one":"sidste år","two":["for ",{"t":"idOrVar","v":"value"}," år siden"],"few":["for ",{"t":"idOrVar","v":"value"}," år siden"],"many":["for ",{"t":"idOrVar","v":"value"}," år siden"],"other":["for ",{"t":"idOrVar","v":"value"}," år siden"]},"$x":[{"t":"idOrVar","v":"plural"},"value"]},{"$i":"minutes-until-long","$v":{"zero":"nu","one":"om et minut","two":["om ",{"t":"idOrVar","v":"value"}," minutter"],"few":["om ",{"t":"idOrVar","v":"value"}," minutter"],"many":["om ",{"t":"idOrVar","v":"value"}," minutter"],"other":["om ",{"t":"idOrVar","v":"value"}," minutter"]},"$x":[{"t":"idOrVar","v":"plural"},"value"]},{"$i":"hours-until-long","$v":{"zero":"nu","one":"om en time","two":["om ",{"t":"idOrVar","v":"value"}," timer"],"few":["om ",{"t":"idOrVar","v":"value"}," timer"],"many":["om ",{"t":"idOrVar","v":"value"}," timer"],"other":["om ",{"t":"idOrVar","v":"value"}," timer"]},"$x":[{"t":"idOrVar","v":"plural"},"value"]},{"$i":"days-until-long","$v":{"zero":"i dag","one":"i morgen","two":["om ",{"t":"idOrVar","v":"value"}," dage"],"few":["om ",{"t":"idOrVar","v":"value"}," dage"],"many":["om ",{"t":"idOrVar","v":"value"}," dage"],"other":["om ",{"t":"idOrVar","v":"value"}," dage"]},"$x":[{"t":"idOrVar","v":"plural"},"value"]},{"$i":"weeks-until-long","$v":{"zero":"denne uge","one":"næste uge","two":["om ",{"t":"idOrVar","v":"value"}," uger"],"few":["om ",{"t":"idOrVar","v":"value"}," uger"],"many":["om ",{"t":"idOrVar","v":"value"}," uger"],"other":["om ",{"t":"idOrVar","v":"value"}," uger"]},"$x":[{"t":"idOrVar","v":"plural"},"value"]},{"$i":"months-until-long","$v":{"zero":"denne måned","one":"næste måned","two":["om ",{"t":"idOrVar","v":"value"}," måneder"],"few":["om ",{"t":"idOrVar","v":"value"}," måneder"],"many":["om ",{"t":"idOrVar","v":"value"}," måneder"],"other":["om ",{"t":"idOrVar","v":"value"}," måneder"]},"$x":[{"t":"idOrVar","v":"plural"},"value"]},{"$i":"years-until-long","$v":{"zero":"i år","one":"næste år","two":["om ",{"t":"idOrVar","v":"value"}," år"],"few":["om ",{"t":"idOrVar","v":"value"}," år"],"many":["om ",{"t":"idOrVar","v":"value"}," år"],"other":["om ",{"t":"idOrVar","v":"value"}," år"]},"$x":[{"t":"idOrVar","v":"plural"},"value"]},{"$i":"minutes-ago-short","$v":{"zero":"nu","other":[{"t":"idOrVar","v":"value"}," m. siden"]},"$x":[{"t":"idOrVar","v":"plural"},"value"]},{"$i":"hours-ago-short","$v":{"zero":"nu","other":[{"t":"idOrVar","v":"value"}," t. siden"]},"$x":[{"t":"idOrVar","v":"plural"},"value"]},{"$i":"days-ago-short","$v":{"zero":"i dag","other":[{"t":"idOrVar","v":"value"}," d. siden"]},"$x":[{"t":"idOrVar","v":"plural"},"value"]},{"$i":"minutes-until-short","$v":{"zero":"nu","other":["om ",{"t":"idOrVar","v":"value"}," m."]},"$x":[{"t":"idOrVar","v":"plural"},"value"]},{"$i":"hours-until-short","$v":{"zero":"nu","other":["om ",{"t":"idOrVar","v":"value"}," t."]},"$x":[{"t":"idOrVar","v":"plural"},"value"]},{"$i":"days-until-short","$v":{"zero":"i dag","other":["om ",{"t":"idOrVar","v":"value"}," d."]},"$x":[{"t":"idOrVar","v":"plural"},"value"]},{"$i":"incorrectDate","$v":"(forkert dato)"},{"$i":"dateTimeFormat_%c","$v":"%a d. %e. %b %Y %H:%M:%S"},{"$i":"dateTimeFormat_%x","$v":"%d-%m-%Y"},{"$i":"dateTimeFormat_%X","$v":"%H:%M:%S"},{"$i":"shortTimeFormat","$v":"%H:%M"},{"$i":"shortTimeFormat12","$v":"%I:%M %p"},{"$i":"shortTimeFormat24","$v":"%H:%M"},{"$i":"shortDateTimeFormat","$v":"%x %H:%M"},{"$i":"weekStartsOnMonday","$v":"1"},{"$i":"firstDayOfTheWeek","$v":"1"},{"$i":"time_am","$v":"AM"},{"$i":"time_pm","$v":"PM"},{"$i":"label","$v":"Etiket"},{"$i":"mobile","$v":"Mobil"},{"$i":"home","$v":"Hjem"},{"$i":"work","$v":"Arbejde"},{"$i":"personal","$v":"Personlig"},{"$i":"faxHome","$v":"Fax, hjem"},{"$i":"faxOffice","$v":"Fax, kontor"},{"$i":"faxOther","$v":"Fax, andet"},{"$i":"another","$v":"Anden"},{"$i":"other","$v":"Andet"},{"$i":"customTag","placeholder":"Brugerdefineret etiket"},{"$i":"current","$v":"Nuværende"},{"$i":"itemWithLabel","$v":[{"t":"idOrVar","v":"label"},", ",{"t":"idOrVar","v":"item"}]},{"$i":"airplaneMode","$v":"Flytilstand"},{"$i":"searching","$v":"Søger…"},{"$i":"noNetwork","$v":"Intet netværk"},{"$i":"roaming","$v":[{"t":"idOrVar","v":"operator"}," (Roaming)"]},{"$i":"operator-info","$v":[{"t":"idOrVar","v":"carrier"}," ",{"t":"idOrVar","v":"region"}]},{"$i":"emergencyCallsOnly","$v":"Kun nødopkald"},{"$i":"emergencyCallsOnly-unknownSIMState","$v":"(ukendt simtilstand)"},{"$i":"emergencyCallsOnly-noSIM","$v":"(intet simkort)"},{"$i":"emergencyCallsOnly-pinRequired","$v":"(pinkode for simkort påkrævet)"},{"$i":"emergencyCallsOnly-pukRequired","$v":"(PUK-kode for simkort påkrævet)"},{"$i":"emergencyCallsOnly-networkLocked","$v":"(netværket er låst)"},{"$i":"emergencyCallsOnly-serviceProviderLocked","$v":"(operatøren er låst)"},{"$i":"emergencyCallsOnly-corporateLocked","$v":"(låst af operatøren)"},{"$i":"emergencyCallsOnly-network1Locked","$v":"(netværk1 låst)"},{"$i":"emergencyCallsOnly-network2Locked","$v":"(netværk2 låst)"},{"$i":"emergencyCallsOnly-hrpdNetworkLocked","$v":"(hrpd-netværk låst)"},{"$i":"emergencyCallsOnly-ruimCorporateLocked","$v":"(ruim-kort låst)"},{"$i":"emergencyCallsOnly-ruimServiceProviderLocked","$v":"(ruim-operatør låst)"},{"$i":"lockscreen-sim-id","$v":["Simkort ",{"t":"idOrVar","v":"n"}]},{"$i":"charging-status-no-time","$v":[{"t":"idOrVar","v":"level"},"% opladt"]},{"$i":"charging-status-minutes","$v":{"zero":[{"t":"idOrVar","v":"level"},"% opladt (",{"t":"idOrVar","v":"minutes"}," min. tilbage)"],"one":[{"t":"idOrVar","v":"level"},"% opladt (",{"t":"idOrVar","v":"minutes"}," min. tilbage)"],"two":[{"t":"idOrVar","v":"level"},"% opladt (",{"t":"idOrVar","v":"minutes"}," min. tilbage)"],"few":[{"t":"idOrVar","v":"level"},"% opladt (",{"t":"idOrVar","v":"minutes"}," min. tilbage)"],"many":[{"t":"idOrVar","v":"level"},"% opladt (",{"t":"idOrVar","v":"minutes"}," min. tilbage)"],"other":[{"t":"idOrVar","v":"level"},"% opladt (",{"t":"idOrVar","v":"minutes"}," min. tilbage)"]},"$x":[{"t":"idOrVar","v":"plural"},"minutes"]},{"$i":"charging-status-hours","$v":{"zero":[{"t":"idOrVar","v":"level"},"% opladt (",{"t":"idOrVar","v":"hours"}," t. og ",{"t":"idOrVar","v":"minutes"}," min. tilbage)"],"one":[{"t":"idOrVar","v":"level"},"% opladt (",{"t":"idOrVar","v":"hours"}," t. og ",{"t":"idOrVar","v":"minutes"}," min. tilbage)"],"two":[{"t":"idOrVar","v":"level"},"% opladt (",{"t":"idOrVar","v":"hours"}," t. og ",{"t":"idOrVar","v":"minutes"}," min. tilbage)"],"few":[{"t":"idOrVar","v":"level"},"% opladt (",{"t":"idOrVar","v":"hours"}," t. og ",{"t":"idOrVar","v":"minutes"}," min. tilbage)"],"many":[{"t":"idOrVar","v":"level"},"% opladt (",{"t":"idOrVar","v":"hours"}," t. og ",{"t":"idOrVar","v":"minutes"}," min. tilbage)"],"other":[{"t":"idOrVar","v":"level"},"% opladt (",{"t":"idOrVar","v":"hours"}," t. og ",{"t":"idOrVar","v":"minutes"}," min. tilbage)"]},"$x":[{"t":"idOrVar","v":"plural"},"minutes"]},{"$i":"phoneNumberInput","ariaLabel":"Telefonnummer"},{"$i":"keypadDelete","ariaLabel":"Slet"},{"$i":"voiceMailKey","ariaLabel":"Telefonbesked"},{"$i":"asterisk","ariaLabel":"Stjerne"},{"$i":"hashSign","ariaLabel":"Firkant"},{"$i":"loadingSimContacts","$v":"Loading SIM card contacts…"},{"$i":"noContactsWereFound","$v":"No contacts were found"},{"$i":"noContactsFoundDialogOk","$v":"OK"},{"$i":"emergencyNumber","$v":"Nødopkaldsnummer"},{"$i":"callAirplaneModeMessage","$v":"Du skal deaktivere flytilstand i indstillingerne for at kunne foretage et opkald."},{"$i":"callAirplaneModeBtnOk","$v":"OK"},{"$i":"callAirplaneModeTitle","$v":"Flytilstand er aktiveret"},{"$i":"numberIsBusyTitle","$v":"Nummeret er optaget"},{"$i":"numberIsBusyMessage","$v":"Nummeret er optaget. Prøv igen senere."},{"$i":"fdnIsActiveTitle","$v":"FON er aktiv"},{"$i":"fdnIsActiveMessage","$v":["FON (faste opkaldsnumre) er aktiveret, og det følgende nummer er ikke på din FON-liste: ",{"t":"idOrVar","v":"number"}]},{"$i":"emergencyDialogBodyBadNumber","$v":"Telefonen skal være tilsluttet et netværk, for at du kan foretage opkald."},{"$i":"emergencyDialogBodyDeviceNotAccepted","$v":"Nødopkald tillades ikke af netværket."},{"$i":"emergencyDialogBtnOk","$v":"OK"},{"$i":"emergencyDialogTitle","$v":"Ingen netværksforbindelse"},{"$i":"invalidNumberToDialTitle","$v":"Ugyldigt telefonnummer"},{"$i":"invalidNumberToDialMessage","$v":"Det angivne telefonnummer er ugyldigt."},{"$i":"unableToCallTitle","$v":"Kan ikke foretage opkald i øjeblikket"},{"$i":"unableToCallMessage","$v":"Kan ikke foretage opkald. Hvis du er i færd med at ringe op, så afbryd først."},{"$i":"otherConnectionInUseTitle","$v":"Anden forbindelse er i brug"},{"$i":"otherConnectionInUseMessage","$v":"Du har et aktivt opkald på en anden forbindelse. Du kan kun bruge én forbindelse ad gangen."}]