[{"$i":"addNewNumber","$v":"Engadir novo número"},{"$i":"contactDetails","$v":"Detalles do contacto"},{"$i":"addToExistingContact","$v":"Engadir a un contacto existente"},{"$i":"all","$v":"Todas","ariaLabel":"Todas"},{"$i":"bluetoothOption","ariaLabel":"Bluetooth"},{"$i":"callLog","$v":"Rexistro chamadas"},{"$i":"callLogEdit","title":"Editar rexistro chamadas"},{"$i":"callLogEditDialog","ariaLabel":"Editar rexistro chamadas"},{"$i":"connecting","$v":"Conectando"},{"$i":"connectingEllipsis","$v":"Conectando…"},{"$i":"call-forwarding-async","$v":["Asíncrono: ",{"t":"idOrVar","v":"async"}]},{"$i":"call-forwarding-data","$v":["Datos: ",{"t":"idOrVar","v":"data"}]},{"$i":"call-forwarding-error","$v":"Produciuse un erro ao recuperar o estado do desvío de chamadas"},{"$i":"call-forwarding-fax","$v":["FAX: ",{"t":"idOrVar","v":"fax"}]},{"$i":"call-forwarding-inactive","$v":"Inactivo"},{"$i":"call-forwarding-packet","$v":["Paquete: ",{"t":"idOrVar","v":"packet"}]},{"$i":"call-forwarding-pad","$v":["PAD: ",{"t":"idOrVar","v":"pad"}]},{"$i":"call-forwarding-sms","$v":["SMS: ",{"t":"idOrVar","v":"sms"}]},{"$i":"call-forwarding-status","$v":"Estado do desvío de chamadas"},{"$i":"call-forwarding-sync","$v":["Síncrono: ",{"t":"idOrVar","v":"sync"}]},{"$i":"call-forwarding-voice","$v":["Voz: ",{"t":"idOrVar","v":"voice"}]},{"$i":"close","$v":"Pechar"},{"$i":"confirm-deletion","$v":"Desexa limpar as chamadas seleccionadas?"},{"$i":"contacts","ariaLabel":"Contactos"},{"$i":"createNewContact","$v":"Crear novo contacto"},{"$i":"delete","$v":"Eliminar"},{"$i":"deselectAll","$v":"Desmarcar todo"},{"$i":"dialerAddContact","ariaLabel":"Engadir conta"},{"$i":"dialerAddContactDialog","ariaLabel":"Add Contact Dialog"},{"$i":"callInformation","$v":"Información da chamada"},{"$i":"edit-selected","$v":{"one":[{"t":"idOrVar","v":"n"}," seleccionadas"],"two":[{"t":"idOrVar","v":"n"}," seleccionadas"],"few":[{"t":"idOrVar","v":"n"}," seleccionadas"],"many":[{"t":"idOrVar","v":"n"}," seleccionadas"],"other":[{"t":"idOrVar","v":"n"}," seleccionadas"]},"$x":[{"t":"idOrVar","v":"plural"},"n"]},{"$i":"edit","$v":"Editar"},{"$i":"hideKeypad","ariaLabel":"Agochar teclado"},{"$i":"ignore","$v":"Ignorar chamada"},{"$i":"incoming","$v":"Entrante"},{"$i":"keypad","ariaLabel":"Teclado numérico"},{"$i":"makeCall","ariaLabel":"Facer chamada"},{"$i":"merge","ariaLabel":"Combinar"},{"$i":"info-missed","$v":"Perdidas"},{"$i":"missed","$v":"Perdidas","ariaLabel":"Perdidas"},{"$i":"canceled","$v":"Cancelado"},{"$i":"missedCall","$v":"Chamada perdida"},{"$i":"missedCallMultiSims","$v":["(SIM ",{"t":"idOrVar","v":"n"},") Chamada perdida"]},{"$i":"mmi-error","$v":"Produciuse un erro ao enviar a mensaxe"},{"$i":"mmi-session-expired","$v":"Caducou a sesión"},{"$i":"mmi-successfully-sent","$v":"Enviouse a mensaxe correctamente"},{"$i":"mmi-notification-title-with-sim","$v":["(",{"t":"idOrVar","v":"sim"},") ",{"t":"idOrVar","v":"title"}]},{"$i":"mute","ariaLabel":"Enmudecer"},{"$i":"newCall","ariaLabel":"Nova chamada"},{"$i":"no-logs-msg-1","$v":"Ningunha chamada rexistrada"},{"$i":"no-logs-msg-2","$v":"Iniciar a comunicación agora"},{"$i":"no-logs-msg-3","$v":"Ningunha chamada perdida"},{"$i":"onHoldOption","ariaLabel":"En espera"},{"$i":"outgoing","$v":"Saínte"},{"$i":"recents","ariaLabel":"Chamadas recentes"},{"$i":"reply","$v":"Responder"},{"$i":"selectAll","$v":"Marcar todo"},{"$i":"send","$v":"Enviar"},{"$i":"switch-calls","$v":"Trocar chamadas"},{"$i":"today","$v":"Hoxe"},{"$i":"withheld-number","$v":"Número oculto"},{"$i":"from-contact","$v":["De ",{"t":"idOrVar","v":"contact"}]},{"$i":"from-number","$v":["De ",{"t":"idOrVar","v":"number"}]},{"$i":"from-withheld-number","$v":"Dun número oculto"},{"$i":"yesterday","$v":"Onte"},{"$i":"sending","$v":"Enviando…"},{"$i":"speakerOption","ariaLabel":"Altofalante"},{"$i":"ussd-services","$v":["Servizos de ",{"t":"idOrVar","v":"operator"}]},{"$i":"toggleKeypad","ariaLabel":"Activa/desactiva teclado"},{"$i":"type-your-response","placeholder":"Escriba a súa reposta…"},{"$i":"clear-all-text","$v":"Limpar todo o texto"},{"$i":"hide","$v":"Agochar"},{"$i":"call","$v":"Chamar"},{"$i":"hold","ariaLabel":"En espera"},{"$i":"resume","$v":"Retomar","ariaLabel":"Retomar"},{"$i":"sendSms","$v":"Enviar a mensaxe"},{"$i":"callEnded","$v":"Chamada finalizada"},{"$i":"via-sim","$v":["coa SIM",{"t":"idOrVar","v":"n"}]},{"$i":"sim-number","$v":["SIM",{"t":"idOrVar","v":"n"}]},{"$i":"unknown","$v":"Descoñecido"},{"$i":"cancel","$v":"Cancelar"},{"$i":"hangup-a11y-button","ariaLabel":"Colgar"},{"$i":"pickup-a11y-button","ariaLabel":"Responder"},{"$i":"unlock-a11y-button","ariaLabel":"Control deslizante"},{"$i":"settings","$v":"Axustes"},{"$i":"delete-n-log?","$v":{"zero":"Ningún elemento seleccionado","one":"Eliminar o rexistro seleccionado?","two":["Eliminar ",{"t":"idOrVar","v":"n"}," rexistros?"],"few":["Eliminar ",{"t":"idOrVar","v":"n"}," rexistros?"],"many":["Eliminar ",{"t":"idOrVar","v":"n"}," rexistros?"],"other":["Eliminar ",{"t":"idOrVar","v":"n"}," rexistros?"]},"$x":[{"t":"idOrVar","v":"plural"},"n"]},{"$i":"callDurationMinutes","$v":[{"t":"idOrVar","v":"m"},":",{"t":"idOrVar","v":"s"}]},{"$i":"callDurationHours","$v":[{"t":"idOrVar","v":"h"},":",{"t":"idOrVar","v":"m"},":",{"t":"idOrVar","v":"s"}]},{"$i":"callDurationTextFormatSeconds","$v":[{"t":"idOrVar","v":"s"}," s"]},{"$i":"callDurationTextFormatMinutes","$v":[{"t":"idOrVar","v":"m"}," min ",{"t":"idOrVar","v":"s"}," s"]},{"$i":"callDurationTextFormatHours","$v":[{"t":"idOrVar","v":"h"}," h ",{"t":"idOrVar","v":"m"}," min ",{"t":"idOrVar","v":"s"}," s"]},{"$i":"suggestionMatches","$v":{"one":[{"t":"idOrVar","v":"n"}," coincidencia para \"",{"t":"idOrVar","v":"matchNumber"},"\""],"two":[{"t":"idOrVar","v":"n"}," coincidencias para \"",{"t":"idOrVar","v":"matchNumber"},"\""],"few":[{"t":"idOrVar","v":"n"}," coincidencias para \"",{"t":"idOrVar","v":"matchNumber"},"\""],"many":[{"t":"idOrVar","v":"n"}," coincidencias para \"",{"t":"idOrVar","v":"matchNumber"},"\""],"other":[{"t":"idOrVar","v":"n"}," coincidencias para \"",{"t":"idOrVar","v":"matchNumber"},"\""]},"$x":[{"t":"idOrVar","v":"plural"},"n"]},{"$i":"scCallBarring","$v":"Bloqueo chamadas"},{"$i":"scCallForwarding","$v":"Desvío chamadas"},{"$i":"scClip","$v":"ID interlocutor"},{"$i":"scClir","$v":"Presentación do número saínte"},{"$i":"scPwd","$v":"Cambio do contrasinal"},{"$i":"scCallWaiting","$v":"Chama en espera"},{"$i":"scPin","$v":"Cambio de PIN"},{"$i":"scPin2","$v":"Cambio de PIN2"},{"$i":"scPuk","$v":"Desbloquear PIN"},{"$i":"scPuk2","$v":"Desbloquear PIN2"},{"$i":"scImei","$v":"IMEI"},{"$i":"scUssd","$v":"USSD"},{"$i":"serviceClassVoice","$v":"Voz"},{"$i":"serviceClassData","$v":"Datos"},{"$i":"serviceClassFax","$v":"FAX"},{"$i":"serviceClassSms","$v":"SMS"},{"$i":"serviceClassDataSync","$v":"Síncrono"},{"$i":"serviceClassDataAsync","$v":"Asíncrono"},{"$i":"serviceClassPacket","$v":"Paquete"},{"$i":"serviceClassPad","$v":"PAD"},{"$i":"smServiceEnabled","$v":"Activouse o servizo para:"},{"$i":"smServiceDisabled","$v":"Desactivouse o servizo"},{"$i":"smServiceRegistered","$v":"O rexistro realizouse correctamente"},{"$i":"smServiceErased","$v":"O borrado realizouse correctamente"},{"$i":"smServiceInterrogated","$v":"A solicitude realizouse correctamente"},{"$i":"smServiceNotProvisioned","$v":"Servizo non provisto"},{"$i":"smClirPermanent","$v":"Non é posíbel cambiar a configuración da presentación do número"},{"$i":"smClirDefaultOnNextCallOn","$v":"Presentación do número desactivada de forma predeterminada. Próxima chamada: restrinxida"},{"$i":"smClirDefaultOnNextCallOff","$v":"Presentación do número desactivada de forma predeterminada. Próxima chamada: non restrinxida"},{"$i":"smClirDefaultOffNextCallOn","$v":"Presentación do número activada de forma predeterminada. Próxima chamada: restrinxida"},{"$i":"smClirDefaultOffNextCallOff","$v":"Presentación do número activada de forma predeterminada. Próxima chamada: non restrinxida"},{"$i":"smServiceEnabledFor","$v":"Activouse o servizo para:"},{"$i":"smPinChanged","$v":"PIN cambiado correctamente"},{"$i":"smPinUnblocked","$v":"PIN desbloqueado correctamente"},{"$i":"smPin2Changed","$v":"PIN2 cambiado correctamente"},{"$i":"smPin2Unblocked","$v":"PIN2 desbloqueado correctamente"},{"$i":"ServiceIsEnabled","$v":"O servizo está activado"},{"$i":"ServiceIsDisabled","$v":"O servizo está desactivado"},{"$i":"ServiceIsEnabledFor","$v":"O servizo está activado para:"},{"$i":"emMmiError","$v":"Problema de conexión ou código MMI incorrecto"},{"$i":"emMmiErrorPasswordIncorrect","$v":"Contrasinal incorrecto"},{"$i":"emMmiErrorNotSupported","$v":"Código MMI non admitido ou incorrecto"},{"$i":"emMmiErrorInvalidAction","$v":"Acción incorrecta"},{"$i":"emMmiErrorInvalidScCode","$v":"Código de servizo incorrecto"},{"$i":"emMmiErrorBadPuk","$v":"O PUK que escribiu é incorrecto"},{"$i":"emMmiErrorBadPin","$v":"O antigo PIN que escribiu é incorrecto."},{"$i":"emMmiErrorNeedPuk2","$v":"Escriba o PUK2 para desbloquear a tarxeta SIM"},{"$i":"emMmiErrorMismatchPin","$v":"Os PIN que escribiu non coinciden"},{"$i":"emMmiErrorInvalidPin","$v":"Escriba un PIN que teña entre 4 e 8 números"},{"$i":"emMmiErrorNeedsPuk","$v":"A tarxeta SIM está bloqueada por código PUK"},{"$i":"emMmiErrorEnablePin","$v":"Non é correcto. Active o SIM/RUIM LOCK"},{"$i":"emMmiErrorMmiFdn","$v":"A operación está restrinxida a unha lista de números autorizados (FDN)"},{"$i":"emMmiErrorStkCcUssdDial","$v":"Modificouse a solicitude USSD a DIAL"},{"$i":"emMmiErrorStkCcUssdSs","$v":"Modificouse a solicitude USSD a SS"},{"$i":"emMmiErrorStkCcUssdUssd","$v":"Modificouse a solicitude USSD a unha nova USSD"},{"$i":"emMmiErrorStkCcSsDial","$v":"Modificouse a solicitude SS a DIAL"},{"$i":"emMmiErrorStkCcSsUssd","$v":"Modificouse a solicitude SS a USSD"},{"$i":"emMmiErrorStkCcSsSs","$v":"Modificouse a solicitude SS a unha nova SS"},{"$i":"emMmiErrorPinPukAttempts","$v":{"one":["Queda ",{"t":"idOrVar","v":"n"}," intento"],"two":["Quedan ",{"t":"idOrVar","v":"n"}," intentos"],"few":["Quedan ",{"t":"idOrVar","v":"n"}," intentos"],"many":["Quedan ",{"t":"idOrVar","v":"n"}," intentos"],"other":["Quedan ",{"t":"idOrVar","v":"n"}," intentos"]},"$x":[{"t":"idOrVar","v":"plural"},"n"]},{"$i":"emMmiErrorSimBlocked","$v":"Excedeuse o número máximo de intentos. Bloqueouse a SIM"},{"$i":"RadioNotAvailable","$v":"Radio non dispoñíbel"},{"$i":"GenericFailure","$v":"Fallo xenérico"},{"$i":"PasswordIncorrect","$v":"Contrasinal incorrecto"},{"$i":"SimPin2","$v":"PIN2 da SIM"},{"$i":"SimPuk2","$v":"PUK2 da SIM"},{"$i":"RequestNotSupported","$v":"Solicitude incompatíbel"},{"$i":"OpNotAllowedDuringVoiceCall","$v":"Non se permite a operación durante unha chamada"},{"$i":"SmsSendFailRetry","$v":"Fallou o envío do SMS, tente de novo"},{"$i":"SimAbsent","$v":"SIM ausente"},{"$i":"SubscriptionNotAvailable","$v":"Subscrición non dispoñíbel"},{"$i":"ModeNotSupported","$v":"Modo incompatíbel"},{"$i":"FdnCheckFailure","$v":"Fallo de comprobación de FDN"},{"$i":"IllegalSimOrMe","$v":"SIM ou ME inaceptábel"},{"$i":"DialModifiedToUssd","$v":"Modificouse a DIAL a USSD"},{"$i":"DialModifiedToSs","$v":"Modificouse a DIAL a SS"},{"$i":"DialModifiedToDial","$v":"Modificouse a DIAL a DIAL"},{"$i":"UssdModifiedToDial","$v":"Modificouse a USSD a DIAL"},{"$i":"UssdModifiedToSs","$v":"Modificouse a USSD a SS"},{"$i":"UssdModifiedToUssd","$v":"Modificouse a USSD a USSD"},{"$i":"SsModifiedToDial","$v":"Modificouse a SS a DIAL"},{"$i":"SsModifiedToUssd","$v":"Modificouse a SS a USSD"},{"$i":"SsModifiedToSs","$v":"Modificouse a SS a SS"},{"$i":"SubscriptionNotSupported","$v":"Subscrición non compatíbel"},{"$i":"InvalidParameter","$v":"Parámetro incorrecto"},{"$i":"RejectedByRemote","$v":"Rexeitada polo remoto"},{"$i":"conferenceCall","$v":["Conferencia (",{"t":"idOrVar","v":"n"},")"]},{"$i":"caller-left-call","$v":[{"t":"idOrVar","v":"caller"}," abandonou a chamada."]},{"$i":"conferenceAddError","$v":"Imposíbel combinar as chamadas"},{"$i":"conferenceRemoveError","$v":"Imposíbel separar as chamadas"},{"$i":"longDateFormat","$v":"%A, %e de %B"},{"$i":"select-audio-sources","$v":"Seleccionar as fontes de son"},{"$i":"bluetooth-handsfree-device","$v":"Dispositivo Bluetooth mans libres"},{"$i":"receiver","$v":"Receptor"},{"$i":"speaker","$v":"Altofalante"},{"$i":"voiceMail","$v":"Mensaxes de voz"},{"$i":"weekday-0-long","$v":"Domingo"},{"$i":"weekday-1-long","$v":"Luns"},{"$i":"weekday-2-long","$v":"Martes"},{"$i":"weekday-3-long","$v":"Mércores"},{"$i":"weekday-4-long","$v":"Xoves"},{"$i":"weekday-5-long","$v":"Venres"},{"$i":"weekday-6-long","$v":"Sábado"},{"$i":"weekday-0-short","$v":"Dom"},{"$i":"weekday-1-short","$v":"Lun"},{"$i":"weekday-2-short","$v":"Mar"},{"$i":"weekday-3-short","$v":"Mer"},{"$i":"weekday-4-short","$v":"Xov"},{"$i":"weekday-5-short","$v":"Ven"},{"$i":"weekday-6-short","$v":"Sab"},{"$i":"month-0-long","$v":"Xaneiro"},{"$i":"month-1-long","$v":"Febreiro"},{"$i":"month-2-long","$v":"Marzo"},{"$i":"month-3-long","$v":"Abril"},{"$i":"month-4-long","$v":"Maio"},{"$i":"month-5-long","$v":"Xuño"},{"$i":"month-6-long","$v":"Xullo"},{"$i":"month-7-long","$v":"Agosto"},{"$i":"month-8-long","$v":"Setembro"},{"$i":"month-9-long","$v":"Outubro"},{"$i":"month-10-long","$v":"Novembro"},{"$i":"month-11-long","$v":"Decembro"},{"$i":"month-0-genitive","$v":"Xaneiro"},{"$i":"month-1-genitive","$v":"Febreiro"},{"$i":"month-2-genitive","$v":"Marzo"},{"$i":"month-3-genitive","$v":"Abril"},{"$i":"month-4-genitive","$v":"Maio"},{"$i":"month-5-genitive","$v":"Xuño"},{"$i":"month-6-genitive","$v":"Xullo"},{"$i":"month-7-genitive","$v":"Agosto"},{"$i":"month-8-genitive","$v":"Setembro"},{"$i":"month-9-genitive","$v":"Outubro"},{"$i":"month-10-genitive","$v":"Novembro"},{"$i":"month-11-genitive","$v":"Decembro"},{"$i":"month-0-short","$v":"Xan"},{"$i":"month-1-short","$v":"Feb"},{"$i":"month-2-short","$v":"Mar"},{"$i":"month-3-short","$v":"Abr"},{"$i":"month-4-short","$v":"Maio"},{"$i":"month-5-short","$v":"Xun"},{"$i":"month-6-short","$v":"Xul"},{"$i":"month-7-short","$v":"Ago"},{"$i":"month-8-short","$v":"Set"},{"$i":"month-9-short","$v":"Out"},{"$i":"month-10-short","$v":"Nov"},{"$i":"month-11-short","$v":"Dec"},{"$i":"minutes-ago-long","$v":{"zero":"xusto agora","one":"hai un minuto","two":["hai ",{"t":"idOrVar","v":"value"}," minutos"],"few":["hai ",{"t":"idOrVar","v":"value"}," minutos"],"many":["hai ",{"t":"idOrVar","v":"value"}," minutos"],"other":["hai ",{"t":"idOrVar","v":"value"}," minutos"]},"$x":[{"t":"idOrVar","v":"plural"},"value"]},{"$i":"hours-ago-long","$v":{"zero":"xusto agora","one":"hai unha hora","two":["hai ",{"t":"idOrVar","v":"value"}," horas"],"few":["hai ",{"t":"idOrVar","v":"value"}," horas"],"many":["hai ",{"t":"idOrVar","v":"value"}," horas"],"other":["hai ",{"t":"idOrVar","v":"value"}," horas"]},"$x":[{"t":"idOrVar","v":"plural"},"value"]},{"$i":"days-ago-long","$v":{"zero":"hoxe","one":"onte","two":["hai ",{"t":"idOrVar","v":"value"}," días"],"few":["hai ",{"t":"idOrVar","v":"value"}," días"],"many":["hai ",{"t":"idOrVar","v":"value"}," días"],"other":["hai ",{"t":"idOrVar","v":"value"}," días"]},"$x":[{"t":"idOrVar","v":"plural"},"value"]},{"$i":"weeks-ago-long","$v":{"zero":"esta semana","one":"a semana pasada","two":["hai ",{"t":"idOrVar","v":"value"}," semanas"],"few":["hai ",{"t":"idOrVar","v":"value"}," semanas"],"many":["hai ",{"t":"idOrVar","v":"value"}," semanas"],"other":["hai ",{"t":"idOrVar","v":"value"}," semanas"]},"$x":[{"t":"idOrVar","v":"plural"},"value"]},{"$i":"months-ago-long","$v":{"zero":"Este mes","one":"o mes pasado","two":["hai ",{"t":"idOrVar","v":"value"}," meses"],"few":["hai ",{"t":"idOrVar","v":"value"}," meses"],"many":["hai ",{"t":"idOrVar","v":"value"}," meses"],"other":["hai ",{"t":"idOrVar","v":"value"}," meses"]},"$x":[{"t":"idOrVar","v":"plural"},"value"]},{"$i":"years-ago-long","$v":{"zero":"este ano","one":"o ano pasado","two":["hai ",{"t":"idOrVar","v":"value"}," anos"],"few":["hai ",{"t":"idOrVar","v":"value"}," anos"],"many":["hai ",{"t":"idOrVar","v":"value"}," anos"],"other":["hai ",{"t":"idOrVar","v":"value"}," anos"]},"$x":[{"t":"idOrVar","v":"plural"},"value"]},{"$i":"minutes-until-long","$v":{"zero":"agora","one":"nun minuto","two":["en ",{"t":"idOrVar","v":"value"}," minutos"],"few":["en ",{"t":"idOrVar","v":"value"}," minutos"],"many":["en ",{"t":"idOrVar","v":"value"}," minutos"],"other":["en ",{"t":"idOrVar","v":"value"}," minutos"]},"$x":[{"t":"idOrVar","v":"plural"},"value"]},{"$i":"hours-until-long","$v":{"zero":"agora","one":"nunha hora","two":["en ",{"t":"idOrVar","v":"value"}," horas"],"few":["en ",{"t":"idOrVar","v":"value"}," horas"],"many":["en ",{"t":"idOrVar","v":"value"}," horas"],"other":["en ",{"t":"idOrVar","v":"value"}," horas"]},"$x":[{"t":"idOrVar","v":"plural"},"value"]},{"$i":"days-until-long","$v":{"zero":"hoxe","one":"mañá","two":["en ",{"t":"idOrVar","v":"value"}," días"],"few":["en ",{"t":"idOrVar","v":"value"}," días"],"many":["en ",{"t":"idOrVar","v":"value"}," días"],"other":["en ",{"t":"idOrVar","v":"value"}," días"]},"$x":[{"t":"idOrVar","v":"plural"},"value"]},{"$i":"weeks-until-long","$v":{"zero":"esta semana","one":"a semana que ven","two":["en ",{"t":"idOrVar","v":"value"}," semanas"],"few":["en ",{"t":"idOrVar","v":"value"}," semanas"],"many":["en ",{"t":"idOrVar","v":"value"}," semanas"],"other":["en ",{"t":"idOrVar","v":"value"}," semanas"]},"$x":[{"t":"idOrVar","v":"plural"},"value"]},{"$i":"months-until-long","$v":{"zero":"Este mes","one":"o mes que ven","two":["en ",{"t":"idOrVar","v":"value"}," meses"],"few":["en ",{"t":"idOrVar","v":"value"}," meses"],"many":["en ",{"t":"idOrVar","v":"value"}," meses"],"other":["en ",{"t":"idOrVar","v":"value"}," meses"]},"$x":[{"t":"idOrVar","v":"plural"},"value"]},{"$i":"years-until-long","$v":{"zero":"este ano","one":"o ano que ven","two":["en ",{"t":"idOrVar","v":"value"}," anos"],"few":["en ",{"t":"idOrVar","v":"value"}," anos"],"many":["en ",{"t":"idOrVar","v":"value"}," anos"],"other":["en ",{"t":"idOrVar","v":"value"}," anos"]},"$x":[{"t":"idOrVar","v":"plural"},"value"]},{"$i":"minutes-ago-short","$v":{"zero":"xusto agora","other":["hai ",{"t":"idOrVar","v":"value"},"min"]},"$x":[{"t":"idOrVar","v":"plural"},"value"]},{"$i":"hours-ago-short","$v":{"zero":"xusto agora","other":["hai ",{"t":"idOrVar","v":"value"},"h"]},"$x":[{"t":"idOrVar","v":"plural"},"value"]},{"$i":"days-ago-short","$v":{"zero":"hoxe","other":["hai ",{"t":"idOrVar","v":"value"},"d"]},"$x":[{"t":"idOrVar","v":"plural"},"value"]},{"$i":"minutes-until-short","$v":{"zero":"agora","other":["en ",{"t":"idOrVar","v":"value"},"min"]},"$x":[{"t":"idOrVar","v":"plural"},"value"]},{"$i":"hours-until-short","$v":{"zero":"agora","other":["en ",{"t":"idOrVar","v":"value"},"h"]},"$x":[{"t":"idOrVar","v":"plural"},"value"]},{"$i":"days-until-short","$v":{"zero":"hoxe","other":["en ",{"t":"idOrVar","v":"value"},"d"]},"$x":[{"t":"idOrVar","v":"plural"},"value"]},{"$i":"incorrectDate","$v":"(data incorrecta)"},{"$i":"dateTimeFormat_%c","$v":"%a, %e de %b, %Y %H:%M:%S"},{"$i":"dateTimeFormat_%x","$v":"%d/%m/%Y"},{"$i":"dateTimeFormat_%X","$v":"%H:%M:%S"},{"$i":"shortTimeFormat","$v":"%H:%M"},{"$i":"shortTimeFormat12","$v":"%H:%M"},{"$i":"shortTimeFormat24","$v":"%H:%M"},{"$i":"shortDateTimeFormat","$v":"%x %H:%M %p"},{"$i":"weekStartsOnMonday","$v":"1"},{"$i":"firstDayOfTheWeek","$v":"0"},{"$i":"time_am","$v":"AM"},{"$i":"time_pm","$v":"PM"},{"$i":"label","$v":"Etiqueta"},{"$i":"mobile","$v":"Mobile"},{"$i":"home","$v":"Casa"},{"$i":"work","$v":"Traballo"},{"$i":"personal","$v":"Persoal"},{"$i":"faxHome","$v":"Fax casa"},{"$i":"faxOffice","$v":"Fax oficina"},{"$i":"faxOther","$v":"Outro fax"},{"$i":"another","$v":"Outro"},{"$i":"other","$v":"Outros"},{"$i":"customTag","placeholder":"Personalizar etiqueta"},{"$i":"current","$v":"Actual"},{"$i":"itemWithLabel","$v":[{"t":"idOrVar","v":"label"},", ",{"t":"idOrVar","v":"item"}]},{"$i":"airplaneMode","$v":"Modo avión"},{"$i":"searching","$v":"Buscando…"},{"$i":"noNetwork","$v":"Sen rede"},{"$i":"roaming","$v":[{"t":"idOrVar","v":"operator"}," (Itinerancia)"]},{"$i":"operator-info","$v":[{"t":"idOrVar","v":"carrier"}," ",{"t":"idOrVar","v":"region"}]},{"$i":"emergencyCallsOnly","$v":"Só chamadas de emerxencia"},{"$i":"emergencyCallsOnly-unknownSIMState","$v":"(estado da SIM descoñecido)"},{"$i":"emergencyCallsOnly-noSIM","$v":"(sen SIM)"},{"$i":"emergencyCallsOnly-pinRequired","$v":"(requírese o PIN da SIM)"},{"$i":"emergencyCallsOnly-pukRequired","$v":"(requírese o PUK da SIM)"},{"$i":"emergencyCallsOnly-networkLocked","$v":"(bloqueo da rede)"},{"$i":"emergencyCallsOnly-serviceProviderLocked","$v":"(bloqueo da operadora))"},{"$i":"emergencyCallsOnly-corporateLocked","$v":"(bloqueo da empresa)"},{"$i":"emergencyCallsOnly-network1Locked","$v":"(bloqueo de network1)"},{"$i":"emergencyCallsOnly-network2Locked","$v":"(bloqueo de network2)"},{"$i":"emergencyCallsOnly-hrpdNetworkLocked","$v":"(bloqueo da rede hrpd)"},{"$i":"emergencyCallsOnly-ruimCorporateLocked","$v":"(bloqueo da empresa da ruim)"},{"$i":"emergencyCallsOnly-ruimServiceProviderLocked","$v":"(bloqueo da operadora da ruim)"},{"$i":"lockscreen-sim-id","$v":["SIM ",{"t":"idOrVar","v":"n"}]},{"$i":"charging-status-no-time","$v":[{"t":"idOrVar","v":"level"},"% Charged"]},{"$i":"charging-status-minutes","$v":{"zero":[{"t":"idOrVar","v":"level"},"% Charged (",{"t":"idOrVar","v":"minutes"}," mins remaining)"],"one":[{"t":"idOrVar","v":"level"},"% Charged (",{"t":"idOrVar","v":"minutes"}," min remaining)"],"two":[{"t":"idOrVar","v":"level"},"% Charged (",{"t":"idOrVar","v":"minutes"}," mins remaining)"],"few":[{"t":"idOrVar","v":"level"},"% Charged (",{"t":"idOrVar","v":"minutes"}," mins remaining)"],"many":[{"t":"idOrVar","v":"level"},"% Charged (",{"t":"idOrVar","v":"minutes"}," mins remaining)"],"other":[{"t":"idOrVar","v":"level"},"% Charged (",{"t":"idOrVar","v":"minutes"}," mins remaining)"]},"$x":[{"t":"idOrVar","v":"plural"},"minutes"]},{"$i":"charging-status-hours","$v":{"zero":[{"t":"idOrVar","v":"level"},"% Charged (",{"t":"idOrVar","v":"hours"},"h ",{"t":"idOrVar","v":"minutes"}," mins remaining)"],"one":[{"t":"idOrVar","v":"level"},"% Charged (",{"t":"idOrVar","v":"hours"},"h ",{"t":"idOrVar","v":"minutes"}," min remaining)"],"two":[{"t":"idOrVar","v":"level"},"% Charged (",{"t":"idOrVar","v":"hours"},"h ",{"t":"idOrVar","v":"minutes"}," mins remaining)"],"few":[{"t":"idOrVar","v":"level"},"% Charged (",{"t":"idOrVar","v":"hours"},"h ",{"t":"idOrVar","v":"minutes"}," mins remaining)"],"many":[{"t":"idOrVar","v":"level"},"% Charged (",{"t":"idOrVar","v":"hours"},"h ",{"t":"idOrVar","v":"minutes"}," mins remaining)"],"other":[{"t":"idOrVar","v":"level"},"% Charged (",{"t":"idOrVar","v":"hours"},"h ",{"t":"idOrVar","v":"minutes"}," mins remaining)"]},"$x":[{"t":"idOrVar","v":"plural"},"minutes"]},{"$i":"phoneNumberInput","ariaLabel":"Número de teléfono"},{"$i":"keypadDelete","ariaLabel":"Eliminar"},{"$i":"voiceMailKey","ariaLabel":"Mensaxes de voz"},{"$i":"asterisk","ariaLabel":"Asterisco"},{"$i":"hashSign","ariaLabel":"Símbolo #"},{"$i":"loadingSimContacts","$v":"Loading SIM card contacts…"},{"$i":"noContactsWereFound","$v":"No contacts were found"},{"$i":"noContactsFoundDialogOk","$v":"OK"},{"$i":"emergencyNumber","$v":"Número de emerxencia"},{"$i":"callAirplaneModeMessage","$v":"Para facer unha chamada ten que desactivar o modo avión nos axustes."},{"$i":"callAirplaneModeBtnOk","$v":"Aceptar"},{"$i":"callAirplaneModeTitle","$v":"Activouse o modo avión"},{"$i":"numberIsBusyTitle","$v":"O número está ocupado"},{"$i":"numberIsBusyMessage","$v":"Neste momento o número está ocupado. Tente de novo máis tarde."},{"$i":"fdnIsActiveTitle","$v":"FDN activo"},{"$i":"fdnIsActiveMessage","$v":["FDN (Numeración fixa) está activado e o seguinte número non está na súa lista FDN: ",{"t":"idOrVar","v":"number"}]},{"$i":"emergencyDialogBodyBadNumber","$v":"Para facer unha chamada, o teléfono ten que ter rede."},{"$i":"emergencyDialogBodyDeviceNotAccepted","$v":"A rede non permite chamadas de emerxencia."},{"$i":"emergencyDialogBtnOk","$v":"Aceptar"},{"$i":"emergencyDialogTitle","$v":"Sen conexión de rede"},{"$i":"invalidNumberToDialTitle","$v":"Número de teléfono incorrecto"},{"$i":"invalidNumberToDialMessage","$v":"O número de teléfono ao que está chamando é incorrecto."},{"$i":"unableToCallTitle","$v":"Non é posíbel facer chamadas agora"},{"$i":"unableToCallMessage","$v":"Non é posíbel facer unha chamada. Se xa está marcando, primeiro colgue."},{"$i":"otherConnectionInUseTitle","$v":"Outras conexións en uso"},{"$i":"otherConnectionInUseMessage","$v":"Ten unha chamada activa noutra conexión. Só pode usar unha conexión ao mesmo tempo."}]