[{"$i":"addNewNumber","$v":"Dodaj novi broj"},{"$i":"contactDetails","$v":"Contact details"},{"$i":"addToExistingContact","$v":"Dodaj postojećem kontaktu"},{"$i":"all","$v":"All","ariaLabel":"All"},{"$i":"bluetoothOption","ariaLabel":"Bluetooth"},{"$i":"callLog","$v":"Pozivi"},{"$i":"callLogEdit","title":"Edit call log"},{"$i":"callLogEditDialog","ariaLabel":"Edit call log dialog"},{"$i":"connecting","$v":"Povezivanje"},{"$i":"connectingEllipsis","$v":"Connecting…"},{"$i":"call-forwarding-async","$v":["Asynchronous: ",{"t":"idOrVar","v":"async"}]},{"$i":"call-forwarding-data","$v":["Data: ",{"t":"idOrVar","v":"data"}]},{"$i":"call-forwarding-error","$v":"Došlo je do greške prilikom preuzimanja statusa proslijeđivanja poziva"},{"$i":"call-forwarding-fax","$v":["FAX: ",{"t":"idOrVar","v":"fax"}]},{"$i":"call-forwarding-inactive","$v":"Neaktivno"},{"$i":"call-forwarding-packet","$v":["Packet: ",{"t":"idOrVar","v":"packet"}]},{"$i":"call-forwarding-pad","$v":["PAD: ",{"t":"idOrVar","v":"pad"}]},{"$i":"call-forwarding-sms","$v":["SMS: ",{"t":"idOrVar","v":"sms"}]},{"$i":"call-forwarding-status","$v":"Call forwarding status"},{"$i":"call-forwarding-sync","$v":["Synchronous: ",{"t":"idOrVar","v":"sync"}]},{"$i":"call-forwarding-voice","$v":["Voice: ",{"t":"idOrVar","v":"voice"}]},{"$i":"close","$v":"Close"},{"$i":"confirm-deletion","$v":"Obrisati odabrane pozive?"},{"$i":"contacts","ariaLabel":"Contacts"},{"$i":"createNewContact","$v":"Stvori novi kontakt"},{"$i":"delete","$v":"Delete"},{"$i":"deselectAll","$v":"Poništi odabir"},{"$i":"dialerAddContact","ariaLabel":"Add contact"},{"$i":"dialerAddContactDialog","ariaLabel":"Add Contact Dialog"},{"$i":"callInformation","$v":"Call Information"},{"$i":"edit-selected","$v":{"one":[{"t":"idOrVar","v":"n"}," odabran"],"two":[{"t":"idOrVar","v":"n"}," odabrana"],"few":[{"t":"idOrVar","v":"n"}," odabrano"],"many":[{"t":"idOrVar","v":"n"}," odabrano"],"other":[{"t":"idOrVar","v":"n"}," odabrano"]},"$x":[{"t":"idOrVar","v":"plural"},"n"]},{"$i":"edit","$v":"Uredi"},{"$i":"hideKeypad","ariaLabel":"Hide keypad"},{"$i":"ignore","$v":"Ignoriraj poziv"},{"$i":"incoming","$v":"Dolazni"},{"$i":"keypad","ariaLabel":"Keypad"},{"$i":"makeCall","ariaLabel":"Make call"},{"$i":"merge","ariaLabel":"Merge"},{"$i":"info-missed","$v":"Missed"},{"$i":"missed","$v":"Missed","ariaLabel":"Missed"},{"$i":"canceled","$v":"Canceled"},{"$i":"missedCall","$v":"Propušteni poziv"},{"$i":"missedCallMultiSims","$v":["(SIM ",{"t":"idOrVar","v":"n"},") Missed call"]},{"$i":"mmi-error","$v":"Došlo je do greške pri slanju poruke"},{"$i":"mmi-session-expired","$v":"Prijava istekla"},{"$i":"mmi-successfully-sent","$v":"Poruka uspješno poslana"},{"$i":"mmi-notification-title-with-sim","$v":["(",{"t":"idOrVar","v":"sim"},") ",{"t":"idOrVar","v":"title"}]},{"$i":"mute","ariaLabel":"Mute"},{"$i":"newCall","ariaLabel":"New call"},{"$i":"no-logs-msg-1","$v":"Nema zabilježenih poziva"},{"$i":"no-logs-msg-2","$v":"Započni komunicirati sada"},{"$i":"no-logs-msg-3","$v":"Nema propuštenih poziva"},{"$i":"onHoldOption","ariaLabel":"On hold"},{"$i":"outgoing","$v":"Outgoing"},{"$i":"recents","ariaLabel":"Recent calls"},{"$i":"reply","$v":"Odgovori"},{"$i":"selectAll","$v":"Označi sve"},{"$i":"send","$v":"Pošalji"},{"$i":"switch-calls","$v":"Zamijeni pozive"},{"$i":"today","$v":"Danas"},{"$i":"withheld-number","$v":"Skriveni broj"},{"$i":"from-contact","$v":["Od ",{"t":"idOrVar","v":"contact"}]},{"$i":"from-number","$v":["Od ",{"t":"idOrVar","v":"number"}]},{"$i":"from-withheld-number","$v":"Sa skrivenog broja"},{"$i":"yesterday","$v":"Jučer"},{"$i":"sending","$v":"Slanje…"},{"$i":"speakerOption","ariaLabel":"Speaker"},{"$i":"ussd-services","$v":[{"t":"idOrVar","v":"operator"}," usluge"]},{"$i":"toggleKeypad","ariaLabel":"Toggle keypad"},{"$i":"type-your-response","placeholder":"Upišite svoj odgovor…"},{"$i":"clear-all-text","$v":"Obriši sav tekst"},{"$i":"hide","$v":"Sakrij"},{"$i":"call","$v":"Zovi"},{"$i":"hold","ariaLabel":"Na čekanje"},{"$i":"resume","$v":"Resume","ariaLabel":"Resume"},{"$i":"sendSms","$v":"Pošalji poruku"},{"$i":"callEnded","$v":"Poziv završen"},{"$i":"via-sim","$v":["via SIM",{"t":"idOrVar","v":"n"}]},{"$i":"sim-number","$v":["SIM",{"t":"idOrVar","v":"n"}]},{"$i":"unknown","$v":"Unknown"},{"$i":"cancel","$v":"Cancel"},{"$i":"hangup-a11y-button","ariaLabel":"Prekid poziva"},{"$i":"pickup-a11y-button","ariaLabel":"Privaćanje poziva"},{"$i":"unlock-a11y-button","ariaLabel":"Klizač"},{"$i":"settings","$v":"Postavke"},{"$i":"delete-n-log?","$v":{"zero":"Ništa nije odabrano","one":"Obrisati odabrani zapis?","two":["Obrisati ",{"t":"idOrVar","v":"n"}," zapisa?"],"few":["Obrisati ",{"t":"idOrVar","v":"n"}," zapisa?"],"many":["Obrisati ",{"t":"idOrVar","v":"n"}," zapisa?"],"other":["Obrisati ",{"t":"idOrVar","v":"n"}," zapisa?"]},"$x":[{"t":"idOrVar","v":"plural"},"n"]},{"$i":"callDurationMinutes","$v":[{"t":"idOrVar","v":"m"},":",{"t":"idOrVar","v":"s"}]},{"$i":"callDurationHours","$v":[{"t":"idOrVar","v":"h"},":",{"t":"idOrVar","v":"m"},":",{"t":"idOrVar","v":"s"}]},{"$i":"callDurationTextFormatSeconds","$v":[{"t":"idOrVar","v":"s"}," s"]},{"$i":"callDurationTextFormatMinutes","$v":[{"t":"idOrVar","v":"m"}," m ",{"t":"idOrVar","v":"s"}," s"]},{"$i":"callDurationTextFormatHours","$v":[{"t":"idOrVar","v":"h"}," h ",{"t":"idOrVar","v":"m"}," m ",{"t":"idOrVar","v":"s"}," s"]},{"$i":"suggestionMatches","$v":{"one":[{"t":"idOrVar","v":"n"}," podudaranje za \"",{"t":"idOrVar","v":"matchNumber"},"\""],"two":[{"t":"idOrVar","v":"n"}," podudaranja za \"",{"t":"idOrVar","v":"matchNumber"},"\""],"few":[{"t":"idOrVar","v":"n"}," podudaranja za \"",{"t":"idOrVar","v":"matchNumber"},"\""],"many":[{"t":"idOrVar","v":"n"}," podudaranja za \"",{"t":"idOrVar","v":"matchNumber"},"\""],"other":[{"t":"idOrVar","v":"n"}," podudaranja za \"",{"t":"idOrVar","v":"matchNumber"},"\""]},"$x":[{"t":"idOrVar","v":"plural"},"n"]},{"$i":"scCallBarring","$v":"Zabrana poziva"},{"$i":"scCallForwarding","$v":"Preusmjeravanje"},{"$i":"scClip","$v":"ID dol. poziva"},{"$i":"scClir","$v":"ID odlaznog poziva"},{"$i":"scPwd","$v":"Promjena lozinke"},{"$i":"scCallWaiting","$v":"Poziv na čekanju"},{"$i":"scPin","$v":"Promijeni PIN"},{"$i":"scPin2","$v":"Promijeni PIN2"},{"$i":"scPuk","$v":"Odblokiraj PIN"},{"$i":"scPuk2","$v":"Odblokiraj PIN2"},{"$i":"scImei","$v":"IMEI"},{"$i":"scUssd","$v":"USSD"},{"$i":"serviceClassVoice","$v":"Glasovne usluge"},{"$i":"serviceClassData","$v":"Podatkovne usluge"},{"$i":"serviceClassFax","$v":"FAX usluge"},{"$i":"serviceClassSms","$v":"SMS usluge"},{"$i":"serviceClassDataSync","$v":"Usluge sinkronizacije"},{"$i":"serviceClassDataAsync","$v":"Usluge desinkronizacije"},{"$i":"serviceClassPacket","$v":"Paketne Usluge"},{"$i":"serviceClassPad","$v":"PAD Usluge"},{"$i":"smServiceEnabled","$v":"Usluga omogućena"},{"$i":"smServiceDisabled","$v":"Usluga onemogućena"},{"$i":"smServiceRegistered","$v":"Registracija uspješna"},{"$i":"smServiceErased","$v":"Brisanje uspješno"},{"$i":"smServiceInterrogated","$v":"Zahtjev uspješan"},{"$i":"smServiceNotProvisioned","$v":"Usluga nije podržana"},{"$i":"smClirPermanent","$v":"Ne možete izmjeniti ID pozivatelja"},{"$i":"smClirDefaultOnNextCallOn","$v":"ID pozivatelja postavljen na sakriven. Sljedeći poziv: Sakriven"},{"$i":"smClirDefaultOnNextCallOff","$v":"ID pozivatelja postavljen na sakriven. Sljedeći poziv: Vidljiv"},{"$i":"smClirDefaultOffNextCallOn","$v":"ID pozivatelja postavljen na vidljiv. Sljedeći poziv: Sakriven"},{"$i":"smClirDefaultOffNextCallOff","$v":"ID pozivatelja postavljen na vidljiv. Sljedeći poziv: Vidljiv"},{"$i":"smServiceEnabledFor","$v":"Usluga omogućena za:"},{"$i":"smPinChanged","$v":"PIN uspješno izmijenjen"},{"$i":"smPinUnblocked","$v":"PIN uspješno odblokiran"},{"$i":"smPin2Changed","$v":"PIN2 uspješno izmijenjen"},{"$i":"smPin2Unblocked","$v":"PIN2 uspješno odblokiran"},{"$i":"ServiceIsEnabled","$v":"Service is enabled"},{"$i":"ServiceIsDisabled","$v":"Service is disabled"},{"$i":"ServiceIsEnabledFor","$v":"Service is enabled for:"},{"$i":"emMmiError","$v":"Greška u vezi ili netočan MMI kôd"},{"$i":"emMmiErrorPasswordIncorrect","$v":"Netočna zaporka"},{"$i":"emMmiErrorNotSupported","$v":"Netočan ili nekorišten MMI kôd"},{"$i":"emMmiErrorInvalidAction","$v":"Nepodržana akcija"},{"$i":"emMmiErrorInvalidScCode","$v":"Netočan kôd usluge"},{"$i":"emMmiErrorBadPuk","$v":"PUK kôd koji ste unijeli je netočan."},{"$i":"emMmiErrorBadPin","$v":"Stari PIN kôd koji ste unijeli je netočan."},{"$i":"emMmiErrorNeedPuk2","$v":"Unesite PUK2 kôd da bi odblokirali SIM karticu"},{"$i":"emMmiErrorMismatchPin","$v":"PIN kôdovi koje ste unijeli nisu isti"},{"$i":"emMmiErrorInvalidPin","$v":"Unesite PIN kôd koji ima 4 do 8 znamenaka"},{"$i":"emMmiErrorNeedsPuk","$v":"Vaša SIM kartica je zaključana PUK kôdom"},{"$i":"emMmiErrorEnablePin","$v":"Neuspješno. Omogućite SIM/RUIM zaključavanje"},{"$i":"emMmiErrorMmiFdn","$v":"Operacija je ograničena na fiksno biranje brojeva"},{"$i":"emMmiErrorStkCcUssdDial","$v":"USSD zahtjev je prenamijenjen u DIAL zahtjev"},{"$i":"emMmiErrorStkCcUssdSs","$v":"USSD zahtjev je prenamijenjen u SS zahtjev"},{"$i":"emMmiErrorStkCcUssdUssd","$v":"USSD zahtjev je prenamijenjen u novi USSD zahtjev"},{"$i":"emMmiErrorStkCcSsDial","$v":"SS zahtjev je prenamijenjen u DIAL zahtjev"},{"$i":"emMmiErrorStkCcSsUssd","$v":"SS zahtjev je prenamijenjen u novi USSD zahtjev"},{"$i":"emMmiErrorStkCcSsSs","$v":"SS zahtjev je prenamijenjen u SS zahtjev"},{"$i":"emMmiErrorPinPukAttempts","$v":{"one":["Preostao je samo ",{"t":"idOrVar","v":"n"}," pokušaj"],"two":["Preostala su ",{"t":"idOrVar","v":"n"}," pokušaja"],"few":["Preostalo je ",{"t":"idOrVar","v":"n"}," pokušaja"],"many":["Preostalo je ",{"t":"idOrVar","v":"n"}," pokušaja"],"other":["Preostalo je ",{"t":"idOrVar","v":"n"}," pokušaja"]},"$x":[{"t":"idOrVar","v":"plural"},"n"]},{"$i":"emMmiErrorSimBlocked","$v":"Maksimalan broj pokušaja prekoračen. SIM kartica blokirana."},{"$i":"RadioNotAvailable","$v":"Radio nije dostupan"},{"$i":"GenericFailure","$v":"Generička greška"},{"$i":"PasswordIncorrect","$v":"Zaporka netočna"},{"$i":"SimPin2","$v":"SIM PIN2"},{"$i":"SimPuk2","$v":"SIM PUK2"},{"$i":"RequestNotSupported","$v":"Zahtjev nije podržan"},{"$i":"OpNotAllowedDuringVoiceCall","$v":"Operacija nije podržana tokom glasovnog poziva"},{"$i":"SmsSendFailRetry","$v":"Slanje SMS-a nije uspjelo."},{"$i":"SimAbsent","$v":"SIM kartica nije detektirana"},{"$i":"SubscriptionNotAvailable","$v":"Pretplata nije dostupna"},{"$i":"ModeNotSupported","$v":"Način rada nije podržan"},{"$i":"FdnCheckFailure","$v":"Greška u FDN provjeri"},{"$i":"IllegalSimOrMe","$v":"Nedopušten SIM ili ME"},{"$i":"DialModifiedToUssd","$v":"Biranje izmijenjeno u USSD"},{"$i":"DialModifiedToSs","$v":"Biranje izmijenjeno u SS"},{"$i":"DialModifiedToDial","$v":"Biranje izmijenjeno u poziv"},{"$i":"UssdModifiedToDial","$v":"USSD izmijenjeno u poziv"},{"$i":"UssdModifiedToSs","$v":"USSD izmijenjeno u SS"},{"$i":"UssdModifiedToUssd","$v":"USSD izmijenjeno u USSD"},{"$i":"SsModifiedToDial","$v":"SS izmijenjeno u poziv"},{"$i":"SsModifiedToUssd","$v":"SS izmijenjeno u USSD"},{"$i":"SsModifiedToSs","$v":"SS izmijenjeno u SS"},{"$i":"SubscriptionNotSupported","$v":"Pretplata nije podržana"},{"$i":"InvalidParameter","$v":"Nepodržan parametar"},{"$i":"RejectedByRemote","$v":"Odbijeno od druge strane"},{"$i":"conferenceCall","$v":["Conference (",{"t":"idOrVar","v":"n"},")"]},{"$i":"caller-left-call","$v":[{"t":"idOrVar","v":"caller"}," je napustio poziv."]},{"$i":"conferenceAddError","$v":"Neuspjelo spajanje poziva"},{"$i":"conferenceRemoveError","$v":"Neuspješno odspajanje poziva"},{"$i":"longDateFormat","$v":"%A, %e. %B"},{"$i":"select-audio-sources","$v":"Select audio sources"},{"$i":"bluetooth-handsfree-device","$v":"Bluetooth handsfree device"},{"$i":"receiver","$v":"Receiver"},{"$i":"speaker","$v":"Speaker"},{"$i":"voiceMail","$v":"Glasovna pošta"},{"$i":"weekday-0-long","$v":"Nedjelja"},{"$i":"weekday-1-long","$v":"Ponedjeljak"},{"$i":"weekday-2-long","$v":"Utorak"},{"$i":"weekday-3-long","$v":"Srijeda"},{"$i":"weekday-4-long","$v":"Četvrtak"},{"$i":"weekday-5-long","$v":"Petak"},{"$i":"weekday-6-long","$v":"Subota"},{"$i":"weekday-0-short","$v":"Ned"},{"$i":"weekday-1-short","$v":"Pon"},{"$i":"weekday-2-short","$v":"Uto"},{"$i":"weekday-3-short","$v":"Sri"},{"$i":"weekday-4-short","$v":"Čet"},{"$i":"weekday-5-short","$v":"Pet"},{"$i":"weekday-6-short","$v":"Sub"},{"$i":"month-0-long","$v":"Siječanj"},{"$i":"month-1-long","$v":"Veljača"},{"$i":"month-2-long","$v":"Ožujak"},{"$i":"month-3-long","$v":"Travanj"},{"$i":"month-4-long","$v":"Svibanj"},{"$i":"month-5-long","$v":"Lipanj"},{"$i":"month-6-long","$v":"Srpanj"},{"$i":"month-7-long","$v":"Kolovoz"},{"$i":"month-8-long","$v":"Rujan"},{"$i":"month-9-long","$v":"Listopad"},{"$i":"month-10-long","$v":"Studeni"},{"$i":"month-11-long","$v":"Prosinac"},{"$i":"month-0-genitive","$v":"Siječnja"},{"$i":"month-1-genitive","$v":"Veljače"},{"$i":"month-2-genitive","$v":"Ožujka"},{"$i":"month-3-genitive","$v":"Travnja"},{"$i":"month-4-genitive","$v":"Svibnja"},{"$i":"month-5-genitive","$v":"Lipnja"},{"$i":"month-6-genitive","$v":"Srpnja"},{"$i":"month-7-genitive","$v":"Kolovoza"},{"$i":"month-8-genitive","$v":"Rujna"},{"$i":"month-9-genitive","$v":"Listopada"},{"$i":"month-10-genitive","$v":"Studenoga"},{"$i":"month-11-genitive","$v":"Prosinca"},{"$i":"month-0-short","$v":"Sij"},{"$i":"month-1-short","$v":"Velj"},{"$i":"month-2-short","$v":"Ožu"},{"$i":"month-3-short","$v":"Tra"},{"$i":"month-4-short","$v":"Svi"},{"$i":"month-5-short","$v":"Lip"},{"$i":"month-6-short","$v":"Srp"},{"$i":"month-7-short","$v":"Kol"},{"$i":"month-8-short","$v":"Ruj"},{"$i":"month-9-short","$v":"Lis"},{"$i":"month-10-short","$v":"Stu"},{"$i":"month-11-short","$v":"Pro"},{"$i":"minutes-ago-long","$v":{"zero":"upravo","one":"prije minutu","two":["prije ",{"t":"idOrVar","v":"value"}," minute"],"few":["prije ",{"t":"idOrVar","v":"value"}," minutes"],"many":["prije ",{"t":"idOrVar","v":"value"}," minuta"],"other":["prije ",{"t":"idOrVar","v":"value"}," minuta"]},"$x":[{"t":"idOrVar","v":"plural"},"value"]},{"$i":"hours-ago-long","$v":{"zero":"upravo","one":"prije sat vremena","two":["prije ",{"t":"idOrVar","v":"value"}," sata"],"few":["prije ",{"t":"idOrVar","v":"value"}," sati"],"many":["prije ",{"t":"idOrVar","v":"value"}," sati"],"other":["prije ",{"t":"idOrVar","v":"value"}," sati"]},"$x":[{"t":"idOrVar","v":"plural"},"value"]},{"$i":"days-ago-long","$v":{"zero":"danas","one":"jučer","two":["prije ",{"t":"idOrVar","v":"value"}," dana"],"few":["prije ",{"t":"idOrVar","v":"value"}," dana"],"many":["prije ",{"t":"idOrVar","v":"value"}," dana"],"other":["prije ",{"t":"idOrVar","v":"value"}," dana"]},"$x":[{"t":"idOrVar","v":"plural"},"value"]},{"$i":"weeks-ago-long","$v":{"zero":"ovaj tjedan","one":"prošli tjedan","two":["prije ",{"t":"idOrVar","v":"value"}," tjedna"],"few":["prije ",{"t":"idOrVar","v":"value"}," tjedana"],"many":["prije ",{"t":"idOrVar","v":"value"}," tjedana"],"other":["prije ",{"t":"idOrVar","v":"value"}," tjedana"]},"$x":[{"t":"idOrVar","v":"plural"},"value"]},{"$i":"months-ago-long","$v":{"zero":"ovaj mjesec","one":"prošli mjesec","two":["prije ",{"t":"idOrVar","v":"value"}," mjeseca"],"few":["prije ",{"t":"idOrVar","v":"value"}," mjeseci"],"many":["prije ",{"t":"idOrVar","v":"value"}," mjeseci"],"other":["prije ",{"t":"idOrVar","v":"value"}," mjeseci"]},"$x":[{"t":"idOrVar","v":"plural"},"value"]},{"$i":"years-ago-long","$v":{"zero":"ove godine","one":"prošle godine","two":["prije ",{"t":"idOrVar","v":"value"}," godine"],"few":["prije ",{"t":"idOrVar","v":"value"}," godina"],"many":["prije ",{"t":"idOrVar","v":"value"}," godina"],"other":["prije ",{"t":"idOrVar","v":"value"}," godina"]},"$x":[{"t":"idOrVar","v":"plural"},"value"]},{"$i":"minutes-until-long","$v":{"zero":"upravo","one":"za minutu","two":["za ",{"t":"idOrVar","v":"value"}," minute"],"few":["za ",{"t":"idOrVar","v":"value"}," minuta"],"many":["za ",{"t":"idOrVar","v":"value"}," minuta"],"other":["za ",{"t":"idOrVar","v":"value"}," minuta"]},"$x":[{"t":"idOrVar","v":"plural"},"value"]},{"$i":"hours-until-long","$v":{"zero":"upravo","one":"za sat vremena","two":["za ",{"t":"idOrVar","v":"value"}," sata"],"few":["za ",{"t":"idOrVar","v":"value"}," sati"],"many":["za ",{"t":"idOrVar","v":"value"}," sati"],"other":["za ",{"t":"idOrVar","v":"value"}," sati"]},"$x":[{"t":"idOrVar","v":"plural"},"value"]},{"$i":"days-until-long","$v":{"zero":"danas","one":"sutra","two":["za ",{"t":"idOrVar","v":"value"}," dana"],"few":["za ",{"t":"idOrVar","v":"value"}," dana"],"many":["za ",{"t":"idOrVar","v":"value"}," dana"],"other":["za ",{"t":"idOrVar","v":"value"}," dana"]},"$x":[{"t":"idOrVar","v":"plural"},"value"]},{"$i":"weeks-until-long","$v":{"zero":"ovaj tjedan","one":"idući tjedan","two":["za ",{"t":"idOrVar","v":"value"}," tjedna"],"few":["za ",{"t":"idOrVar","v":"value"}," tjedana"],"many":["za ",{"t":"idOrVar","v":"value"}," tjedana"],"other":["za ",{"t":"idOrVar","v":"value"}," tjedana"]},"$x":[{"t":"idOrVar","v":"plural"},"value"]},{"$i":"months-until-long","$v":{"zero":"ovaj mjesec","one":"idući mjesec","two":["za ",{"t":"idOrVar","v":"value"}," mjeseca"],"few":["za ",{"t":"idOrVar","v":"value"}," mjeseci"],"many":["za ",{"t":"idOrVar","v":"value"}," mjeseci"],"other":["za ",{"t":"idOrVar","v":"value"}," mjeseci"]},"$x":[{"t":"idOrVar","v":"plural"},"value"]},{"$i":"years-until-long","$v":{"zero":"ove godine","one":"iduće godine","two":["za ",{"t":"idOrVar","v":"value"}," godine"],"few":["za ",{"t":"idOrVar","v":"value"}," godina"],"many":["za ",{"t":"idOrVar","v":"value"}," godina"],"other":["za ",{"t":"idOrVar","v":"value"}," godina"]},"$x":[{"t":"idOrVar","v":"plural"},"value"]},{"$i":"minutes-ago-short","$v":{"zero":"upravo","other":["prije ",{"t":"idOrVar","v":"value"},"m"]},"$x":[{"t":"idOrVar","v":"plural"},"value"]},{"$i":"hours-ago-short","$v":{"zero":"upravo","other":["prije ",{"t":"idOrVar","v":"value"},"s"]},"$x":[{"t":"idOrVar","v":"plural"},"value"]},{"$i":"days-ago-short","$v":{"zero":"danas","other":["prije ",{"t":"idOrVar","v":"value"},"d"]},"$x":[{"t":"idOrVar","v":"plural"},"value"]},{"$i":"minutes-until-short","$v":{"zero":"sada","other":["za ",{"t":"idOrVar","v":"value"},"m"]},"$x":[{"t":"idOrVar","v":"plural"},"value"]},{"$i":"hours-until-short","$v":{"zero":"sada","other":["za ",{"t":"idOrVar","v":"value"},"s"]},"$x":[{"t":"idOrVar","v":"plural"},"value"]},{"$i":"days-until-short","$v":{"zero":"danas","other":["za ",{"t":"idOrVar","v":"value"},"d"]},"$x":[{"t":"idOrVar","v":"plural"},"value"]},{"$i":"incorrectDate","$v":"(netočan datum)"},{"$i":"dateTimeFormat_%c","$v":"%a %e %b %Y %H:%M:%S"},{"$i":"dateTimeFormat_%x","$v":"%d.%m.%Y"},{"$i":"dateTimeFormat_%X","$v":"%H:%M:%S"},{"$i":"shortTimeFormat","$v":"%I:%M %p"},{"$i":"shortTimeFormat12","$v":"%I:%M %p"},{"$i":"shortTimeFormat24","$v":"%H:%M"},{"$i":"shortDateTimeFormat","$v":"%x %H:%M"},{"$i":"weekStartsOnMonday","$v":"1"},{"$i":"firstDayOfTheWeek","$v":"0"},{"$i":"time_am","$v":"AM"},{"$i":"time_pm","$v":"PM"},{"$i":"label","$v":"Label"},{"$i":"mobile","$v":"Mobile"},{"$i":"home","$v":"Home"},{"$i":"work","$v":"Work"},{"$i":"personal","$v":"Personal"},{"$i":"faxHome","$v":"Fax home"},{"$i":"faxOffice","$v":"Fax office"},{"$i":"faxOther","$v":"Fax other"},{"$i":"another","$v":"Another"},{"$i":"other","$v":"Other"},{"$i":"customTag","placeholder":"Custom tag"},{"$i":"current","$v":"Current"},{"$i":"itemWithLabel","$v":[{"t":"idOrVar","v":"label"},", ",{"t":"idOrVar","v":"item"}]},{"$i":"airplaneMode","$v":"Airplane mode"},{"$i":"searching","$v":"Searching…"},{"$i":"noNetwork","$v":"No network"},{"$i":"roaming","$v":[{"t":"idOrVar","v":"operator"}," (Roaming)"]},{"$i":"operator-info","$v":[{"t":"idOrVar","v":"carrier"}," ",{"t":"idOrVar","v":"region"}]},{"$i":"emergencyCallsOnly","$v":"Emergency calls only"},{"$i":"emergencyCallsOnly-unknownSIMState","$v":"(unknown SIM state)"},{"$i":"emergencyCallsOnly-noSIM","$v":"(no SIM)"},{"$i":"emergencyCallsOnly-pinRequired","$v":"(SIM PIN required)"},{"$i":"emergencyCallsOnly-pukRequired","$v":"(SIM PUK required)"},{"$i":"emergencyCallsOnly-networkLocked","$v":"(network locked)"},{"$i":"emergencyCallsOnly-serviceProviderLocked","$v":"(service provider locked)"},{"$i":"emergencyCallsOnly-corporateLocked","$v":"(corporate locked)"},{"$i":"emergencyCallsOnly-network1Locked","$v":"(network1 locked)"},{"$i":"emergencyCallsOnly-network2Locked","$v":"(network2 locked)"},{"$i":"emergencyCallsOnly-hrpdNetworkLocked","$v":"(hrpd network locked)"},{"$i":"emergencyCallsOnly-ruimCorporateLocked","$v":"(ruim corporate locked)"},{"$i":"emergencyCallsOnly-ruimServiceProviderLocked","$v":"(ruim service provider locked)"},{"$i":"lockscreen-sim-id","$v":["SIM ",{"t":"idOrVar","v":"n"}]},{"$i":"charging-status-no-time","$v":[{"t":"idOrVar","v":"level"},"% Charged"]},{"$i":"charging-status-minutes","$v":{"zero":[{"t":"idOrVar","v":"level"},"% Charged (",{"t":"idOrVar","v":"minutes"}," mins remaining)"],"one":[{"t":"idOrVar","v":"level"},"% Charged (",{"t":"idOrVar","v":"minutes"}," min remaining)"],"two":[{"t":"idOrVar","v":"level"},"% Charged (",{"t":"idOrVar","v":"minutes"}," mins remaining)"],"few":[{"t":"idOrVar","v":"level"},"% Charged (",{"t":"idOrVar","v":"minutes"}," mins remaining)"],"many":[{"t":"idOrVar","v":"level"},"% Charged (",{"t":"idOrVar","v":"minutes"}," mins remaining)"],"other":[{"t":"idOrVar","v":"level"},"% Charged (",{"t":"idOrVar","v":"minutes"}," mins remaining)"]},"$x":[{"t":"idOrVar","v":"plural"},"minutes"]},{"$i":"charging-status-hours","$v":{"zero":[{"t":"idOrVar","v":"level"},"% Charged (",{"t":"idOrVar","v":"hours"},"h ",{"t":"idOrVar","v":"minutes"}," mins remaining)"],"one":[{"t":"idOrVar","v":"level"},"% Charged (",{"t":"idOrVar","v":"hours"},"h ",{"t":"idOrVar","v":"minutes"}," min remaining)"],"two":[{"t":"idOrVar","v":"level"},"% Charged (",{"t":"idOrVar","v":"hours"},"h ",{"t":"idOrVar","v":"minutes"}," mins remaining)"],"few":[{"t":"idOrVar","v":"level"},"% Charged (",{"t":"idOrVar","v":"hours"},"h ",{"t":"idOrVar","v":"minutes"}," mins remaining)"],"many":[{"t":"idOrVar","v":"level"},"% Charged (",{"t":"idOrVar","v":"hours"},"h ",{"t":"idOrVar","v":"minutes"}," mins remaining)"],"other":[{"t":"idOrVar","v":"level"},"% Charged (",{"t":"idOrVar","v":"hours"},"h ",{"t":"idOrVar","v":"minutes"}," mins remaining)"]},"$x":[{"t":"idOrVar","v":"plural"},"minutes"]},{"$i":"phoneNumberInput","ariaLabel":"Phone number"},{"$i":"keypadDelete","ariaLabel":"Delete"},{"$i":"voiceMailKey","ariaLabel":"Voicemail"},{"$i":"asterisk","ariaLabel":"Asterisk"},{"$i":"hashSign","ariaLabel":"Hash sign"},{"$i":"loadingSimContacts","$v":"Loading SIM card contacts…"},{"$i":"noContactsWereFound","$v":"No contacts were found"},{"$i":"noContactsFoundDialogOk","$v":"OK"},{"$i":"emergencyNumber","$v":"Emergency number"},{"$i":"callAirplaneModeMessage","$v":"To make a call you need to disable airplane mode in settings."},{"$i":"callAirplaneModeBtnOk","$v":"OK"},{"$i":"callAirplaneModeTitle","$v":"Airplane mode activated"},{"$i":"numberIsBusyTitle","$v":"Number is busy"},{"$i":"numberIsBusyMessage","$v":"The number is currently busy. Please try again later."},{"$i":"fdnIsActiveTitle","$v":"FDN active"},{"$i":"fdnIsActiveMessage","$v":["FDN (Fixed Dialing Numbers) is activated and the following number is not in your FDN list: ",{"t":"idOrVar","v":"number"}]},{"$i":"emergencyDialogBodyBadNumber","$v":"To make a call, the phone must be connected to a network."},{"$i":"emergencyDialogBodyDeviceNotAccepted","$v":"Emergency calls are not allowed by the network."},{"$i":"emergencyDialogBtnOk","$v":"OK"},{"$i":"emergencyDialogTitle","$v":"No network connection"},{"$i":"invalidNumberToDialTitle","$v":"Invalid phone number"},{"$i":"invalidNumberToDialMessage","$v":"The phone number you are calling is not valid."},{"$i":"unableToCallTitle","$v":"Unable to make a phone call now"},{"$i":"unableToCallMessage","$v":"Cannot make a call. If you are already dialing, please hang up first."},{"$i":"otherConnectionInUseTitle","$v":"Other connection in use"},{"$i":"otherConnectionInUseMessage","$v":"You have an active call on another connection. You can only use one connection at a time."}]