[{"$i":"addNewNumber","$v":"新しい電話番号を追加"},{"$i":"contactDetails","$v":"連絡先の詳細"},{"$i":"addToExistingContact","$v":"既存の連絡先に追加"},{"$i":"all","$v":"すべて","ariaLabel":"すべて"},{"$i":"bluetoothOption","ariaLabel":"Bluetooth"},{"$i":"callLog","$v":"通話履歴"},{"$i":"callLogEdit","title":"通話履歴の編集"},{"$i":"callLogEditDialog","ariaLabel":"通話履歴の編集ダイアログ"},{"$i":"connecting","$v":"発信中"},{"$i":"connectingEllipsis","$v":"発信中…"},{"$i":"call-forwarding-async","$v":["非同期: ",{"t":"idOrVar","v":"async"}]},{"$i":"call-forwarding-data","$v":["データ: ",{"t":"idOrVar","v":"data"}]},{"$i":"call-forwarding-error","$v":"転送状態の取得中にエラーが発生しました"},{"$i":"call-forwarding-fax","$v":["FAX: ",{"t":"idOrVar","v":"fax"}]},{"$i":"call-forwarding-inactive","$v":"停止中"},{"$i":"call-forwarding-packet","$v":["パケット: ",{"t":"idOrVar","v":"packet"}]},{"$i":"call-forwarding-pad","$v":["PAD: ",{"t":"idOrVar","v":"pad"}]},{"$i":"call-forwarding-sms","$v":["SMS: ",{"t":"idOrVar","v":"sms"}]},{"$i":"call-forwarding-status","$v":"転送状態"},{"$i":"call-forwarding-sync","$v":["同期: ",{"t":"idOrVar","v":"sync"}]},{"$i":"call-forwarding-voice","$v":["音声: ",{"t":"idOrVar","v":"voice"}]},{"$i":"close","$v":"閉じる"},{"$i":"confirm-deletion","$v":"選択した履歴を削除しますか？"},{"$i":"contacts","ariaLabel":"連絡先"},{"$i":"createNewContact","$v":"連絡先を新規登録"},{"$i":"delete","$v":"削除"},{"$i":"deselectAll","$v":"選択をすべて解除"},{"$i":"dialerAddContact","ariaLabel":"連絡先追加"},{"$i":"dialerAddContactDialog","ariaLabel":"Add Contact Dialog"},{"$i":"callInformation","$v":"通話情報"},{"$i":"edit-selected","$v":{"one":[{"t":"idOrVar","v":"n"},"件選択"],"two":[{"t":"idOrVar","v":"n"},"件選択"],"few":[{"t":"idOrVar","v":"n"},"件選択"],"many":[{"t":"idOrVar","v":"n"},"件選択"],"other":[{"t":"idOrVar","v":"n"},"件選択"]},"$x":[{"t":"idOrVar","v":"plural"},"n"]},{"$i":"edit","$v":"編集"},{"$i":"hideKeypad","ariaLabel":"キーパッドを隠す"},{"$i":"ignore","$v":"着信拒否"},{"$i":"incoming","$v":"着信"},{"$i":"keypad","ariaLabel":"キーパッド"},{"$i":"makeCall","ariaLabel":"発信"},{"$i":"merge","ariaLabel":"統合"},{"$i":"info-missed","$v":"不在着信"},{"$i":"missed","$v":"不在着信","ariaLabel":"不在着信"},{"$i":"canceled","$v":"キャンセル"},{"$i":"missedCall","$v":"不在着信"},{"$i":"missedCallMultiSims","$v":["(SIM",{"t":"idOrVar","v":"n"},") 不在着信"]},{"$i":"mmi-error","$v":"メッセージの送信中にエラーが発生しました"},{"$i":"mmi-session-expired","$v":"セッションの有効期限が切れました"},{"$i":"mmi-successfully-sent","$v":"メッセージが送信されました"},{"$i":"mmi-notification-title-with-sim","$v":["(",{"t":"idOrVar","v":"sim"},") ",{"t":"idOrVar","v":"title"}]},{"$i":"mute","ariaLabel":"消音"},{"$i":"newCall","ariaLabel":"新しい着信"},{"$i":"no-logs-msg-1","$v":"通話履歴はありません"},{"$i":"no-logs-msg-2","$v":"通話を開始してください"},{"$i":"no-logs-msg-3","$v":"不在着信はありません"},{"$i":"onHoldOption","ariaLabel":"保留"},{"$i":"outgoing","$v":"発信"},{"$i":"recents","ariaLabel":"最近の通話"},{"$i":"reply","$v":"返信"},{"$i":"selectAll","$v":"すべて選択"},{"$i":"send","$v":"送信"},{"$i":"switch-calls","$v":"発信先の切り替え"},{"$i":"today","$v":"今日"},{"$i":"withheld-number","$v":"番号非通知"},{"$i":"from-contact","$v":["発信者 ",{"t":"idOrVar","v":"contact"}]},{"$i":"from-number","$v":["着信番号 ",{"t":"idOrVar","v":"number"}]},{"$i":"from-withheld-number","$v":"番号非通知の着信"},{"$i":"yesterday","$v":"昨日"},{"$i":"sending","$v":"送信中…"},{"$i":"speakerOption","ariaLabel":"スピーカ"},{"$i":"ussd-services","$v":[{"t":"idOrVar","v":"operator"}," サービス"]},{"$i":"toggleKeypad","ariaLabel":"キーパッド切り替え"},{"$i":"type-your-response","placeholder":"応答を入力してください…"},{"$i":"clear-all-text","$v":"すべてのテキストを消去"},{"$i":"hide","$v":"隠す"},{"$i":"call","$v":"発信する"},{"$i":"hold","ariaLabel":"保留"},{"$i":"resume","$v":"再開","ariaLabel":"再開"},{"$i":"sendSms","$v":"メッセージ送信"},{"$i":"callEnded","$v":"通話終了"},{"$i":"via-sim","$v":["使用回線 SIM",{"t":"idOrVar","v":"n"}]},{"$i":"sim-number","$v":["SIM",{"t":"idOrVar","v":"n"}]},{"$i":"unknown","$v":"不明"},{"$i":"cancel","$v":"キャンセル"},{"$i":"hangup-a11y-button","ariaLabel":"応答"},{"$i":"pickup-a11y-button","ariaLabel":"選択"},{"$i":"unlock-a11y-button","ariaLabel":"スライダー"},{"$i":"settings","$v":"設定"},{"$i":"delete-n-log?","$v":{"zero":"選択されていません","one":"選択した履歴を削除しますか？","two":["履歴を",{"t":"idOrVar","v":"n"},"件削除しますか？"],"few":["履歴を",{"t":"idOrVar","v":"n"},"件削除しますか？"],"many":["履歴を",{"t":"idOrVar","v":"n"},"件削除しますか？"],"other":["履歴を",{"t":"idOrVar","v":"n"},"件削除しますか？"]},"$x":[{"t":"idOrVar","v":"plural"},"n"]},{"$i":"callDurationMinutes","$v":[{"t":"idOrVar","v":"m"},":",{"t":"idOrVar","v":"s"}]},{"$i":"callDurationHours","$v":[{"t":"idOrVar","v":"h"},":",{"t":"idOrVar","v":"m"},":",{"t":"idOrVar","v":"s"}]},{"$i":"callDurationTextFormatSeconds","$v":[{"t":"idOrVar","v":"s"},"秒"]},{"$i":"callDurationTextFormatMinutes","$v":[{"t":"idOrVar","v":"m"},"分",{"t":"idOrVar","v":"s"},"秒"]},{"$i":"callDurationTextFormatHours","$v":[{"t":"idOrVar","v":"h"},"時間",{"t":"idOrVar","v":"m"},"分",{"t":"idOrVar","v":"s"},"秒"]},{"$i":"suggestionMatches","$v":{"one":["\"",{"t":"idOrVar","v":"matchNumber"},"\" と",{"t":"idOrVar","v":"n"},"件一致しました"],"two":["\"",{"t":"idOrVar","v":"matchNumber"},"\" と",{"t":"idOrVar","v":"n"},"件一致しました"],"few":["\"",{"t":"idOrVar","v":"matchNumber"},"\" と",{"t":"idOrVar","v":"n"},"件一致しました"],"many":["\"",{"t":"idOrVar","v":"matchNumber"},"\" と",{"t":"idOrVar","v":"n"},"件一致しました"],"other":["\"",{"t":"idOrVar","v":"matchNumber"},"\" と",{"t":"idOrVar","v":"n"},"件一致しました"]},"$x":[{"t":"idOrVar","v":"plural"},"n"]},{"$i":"scCallBarring","$v":"ダイヤル発信制限"},{"$i":"scCallForwarding","$v":"着信転送"},{"$i":"scClip","$v":"発信者番号の受信"},{"$i":"scClir","$v":"発信者番号の送信"},{"$i":"scPwd","$v":"パスワード変更"},{"$i":"scCallWaiting","$v":"割込通話"},{"$i":"scPin","$v":"PIN 変更"},{"$i":"scPin2","$v":"PIN2 変更"},{"$i":"scPuk","$v":"PIN ブロック解除"},{"$i":"scPuk2","$v":"PIN2 ブロック解除"},{"$i":"scImei","$v":"IMEI"},{"$i":"scUssd","$v":"USSD"},{"$i":"serviceClassVoice","$v":"音声"},{"$i":"serviceClassData","$v":"データ"},{"$i":"serviceClassFax","$v":"FAX"},{"$i":"serviceClassSms","$v":"SMS"},{"$i":"serviceClassDataSync","$v":"同期"},{"$i":"serviceClassDataAsync","$v":"非同期"},{"$i":"serviceClassPacket","$v":"パケット"},{"$i":"serviceClassPad","$v":"PAD"},{"$i":"smServiceEnabled","$v":"サービスを有効化しました"},{"$i":"smServiceDisabled","$v":"サービスは無効化されています"},{"$i":"smServiceRegistered","$v":"登録完了しました"},{"$i":"smServiceErased","$v":"抹消完了しました"},{"$i":"smServiceInterrogated","$v":"リクエストが完了しました"},{"$i":"smServiceNotProvisioned","$v":"サービスは用意されていません"},{"$i":"smClirPermanent","$v":"発信者番号を変更することはできません"},{"$i":"smClirDefaultOnNextCallOn","$v":"発信者番号の通知は制限されています。次回の発信: 制限あり"},{"$i":"smClirDefaultOnNextCallOff","$v":"発信者番号の通知は制限されています。次回の発信: 制限なし"},{"$i":"smClirDefaultOffNextCallOn","$v":"発信者番号の通知は制限されていません。次回の発信: 制限あり"},{"$i":"smClirDefaultOffNextCallOff","$v":"発信者番号の通知は制限されていません。次回の発信: 制限なし"},{"$i":"smServiceEnabledFor","$v":"サービスを有効化しました:"},{"$i":"smPinChanged","$v":"PIN コードが変更されました"},{"$i":"smPinUnblocked","$v":"PIN コードのブロックが解除されました"},{"$i":"smPin2Changed","$v":"PIN2 コードが変更されました"},{"$i":"smPin2Unblocked","$v":"PIN2 コードのブロックが解除されました"},{"$i":"ServiceIsEnabled","$v":"サービスは有効です"},{"$i":"ServiceIsDisabled","$v":"サービスは無効です"},{"$i":"ServiceIsEnabledFor","$v":"次のサービスが有効です:"},{"$i":"emMmiError","$v":"接続に問題があるか MMI コードが正しくありません"},{"$i":"emMmiErrorPasswordIncorrect","$v":"パスワードが正しくありません"},{"$i":"emMmiErrorNotSupported","$v":"MMI コードが正しくないかサポートされていません"},{"$i":"emMmiErrorInvalidAction","$v":"動作が正しくありません"},{"$i":"emMmiErrorInvalidScCode","$v":"サービスコードが正しくありません"},{"$i":"emMmiErrorBadPuk","$v":"入力された PUK コードが正しくありません"},{"$i":"emMmiErrorBadPin","$v":"入力された古い PIN コードが正しくありません"},{"$i":"emMmiErrorNeedPuk2","$v":"SIM カードのブロックを解除するには PUK2 コードを入力してください"},{"$i":"emMmiErrorMismatchPin","$v":"入力された PIN コードが一致しません"},{"$i":"emMmiErrorInvalidPin","$v":"PIN コードは 4 桁から 8 桁の数字を入力してください"},{"$i":"emMmiErrorNeedsPuk","$v":"SIM カードが PUK コードでロックされています"},{"$i":"emMmiErrorEnablePin","$v":"解除に失敗したため、SIM/RUIM をロックします"},{"$i":"emMmiErrorMmiFdn","$v":"固定ダイヤル番号への発信のみに制限されています"},{"$i":"emMmiErrorStkCcUssdDial","$v":"非構造付加サービスデータ (USSD) リクエストはダイヤル発信 (DIAL) リクエストに変更されています"},{"$i":"emMmiErrorStkCcUssdSs","$v":"非構造付加サービスデータ (USSD) リクエストは付加サービス (SS) リクエストに変更されています"},{"$i":"emMmiErrorStkCcUssdUssd","$v":"非構造付加サービスデータ (USSD) リクエストは新しい USSD リクエストに変更されています"},{"$i":"emMmiErrorStkCcSsDial","$v":"付加サービス (SS) リクエストはダイヤル発信 (DIAL) リクエストに変更されています"},{"$i":"emMmiErrorStkCcSsUssd","$v":"付加サービス (SS) リクエストは非構造付加サービスデータ (USSD) リクエストに変更されています"},{"$i":"emMmiErrorStkCcSsSs","$v":"付加サービス (SS) リクエストは新しい SS リクエストに変更されています"},{"$i":"emMmiErrorPinPukAttempts","$v":{"one":["残り",{"t":"idOrVar","v":"n"},"回 (最後)"],"two":["残り",{"t":"idOrVar","v":"n"},"回"],"few":["残り",{"t":"idOrVar","v":"n"},"回"],"many":["残り",{"t":"idOrVar","v":"n"},"回"],"other":["残り",{"t":"idOrVar","v":"n"},"回"]},"$x":[{"t":"idOrVar","v":"plural"},"n"]},{"$i":"emMmiErrorSimBlocked","$v":"入力可能回数の上限を超えました。SIM カードをブロックします。"},{"$i":"RadioNotAvailable","$v":"ラジオは利用できません"},{"$i":"GenericFailure","$v":"一般エラー"},{"$i":"PasswordIncorrect","$v":"パスワードが正しくありません"},{"$i":"SimPin2","$v":"SIM PIN2 コード"},{"$i":"SimPuk2","$v":"SIM PUK2 コード"},{"$i":"RequestNotSupported","$v":"未サポートのリクエスト"},{"$i":"OpNotAllowedDuringVoiceCall","$v":"音声発信中の操作は許可されていません"},{"$i":"SmsSendFailRetry","$v":"SMS 送信失敗による再試行"},{"$i":"SimAbsent","$v":"SIM カード無し"},{"$i":"SubscriptionNotAvailable","$v":"サブスクリプションは利用できません"},{"$i":"ModeNotSupported","$v":"未サポートのモード"},{"$i":"FdnCheckFailure","$v":"固定電話番号の確認失敗"},{"$i":"IllegalSimOrMe","$v":"違法な SIM または ME"},{"$i":"DialModifiedToUssd","$v":"ダイヤル発信が USSD に変更されました"},{"$i":"DialModifiedToSs","$v":"ダイヤル発信が付加サービスに変更されました"},{"$i":"DialModifiedToDial","$v":"ダイヤル発信がダイヤル発信に変更されました"},{"$i":"UssdModifiedToDial","$v":"USSD がダイヤル発信に変更されました"},{"$i":"UssdModifiedToSs","$v":"USSD が付加サービスに変更されました"},{"$i":"UssdModifiedToUssd","$v":"USSD が USSD に変更されました"},{"$i":"SsModifiedToDial","$v":"付加サービスがダイヤル発信に変更されました"},{"$i":"SsModifiedToUssd","$v":"付加サービスが USSD に変更されました"},{"$i":"SsModifiedToSs","$v":"付加サービスが付加サービスに変更されました"},{"$i":"SubscriptionNotSupported","$v":"未サポートのサブスクリプション"},{"$i":"InvalidParameter","$v":"パラメータが正しくありません"},{"$i":"RejectedByRemote","$v":"リモートから拒否されました"},{"$i":"conferenceCall","$v":["グループ通話 (",{"t":"idOrVar","v":"n"},")"]},{"$i":"caller-left-call","$v":[{"t":"idOrVar","v":"caller"}," さんが通話を終了しました。"]},{"$i":"conferenceAddError","$v":"グループ通話に合流できません"},{"$i":"conferenceRemoveError","$v":"グループ通話から離脱できません"},{"$i":"longDateFormat","$v":"%B%e日(%a)"},{"$i":"select-audio-sources","$v":"音声出力元を選択してください"},{"$i":"bluetooth-handsfree-device","$v":"Bluetooth ハンズフリー機器"},{"$i":"receiver","$v":"レシーバ"},{"$i":"speaker","$v":"スピーカ"},{"$i":"voiceMail","$v":"ボイスメール"},{"$i":"weekday-0-long","$v":"日曜日"},{"$i":"weekday-1-long","$v":"月曜日"},{"$i":"weekday-2-long","$v":"火曜日"},{"$i":"weekday-3-long","$v":"水曜日"},{"$i":"weekday-4-long","$v":"木曜日"},{"$i":"weekday-5-long","$v":"金曜日"},{"$i":"weekday-6-long","$v":"土曜日"},{"$i":"weekday-0-short","$v":"日"},{"$i":"weekday-1-short","$v":"月"},{"$i":"weekday-2-short","$v":"火"},{"$i":"weekday-3-short","$v":"水"},{"$i":"weekday-4-short","$v":"木"},{"$i":"weekday-5-short","$v":"金"},{"$i":"weekday-6-short","$v":"土"},{"$i":"month-0-long","$v":"1月"},{"$i":"month-1-long","$v":"2月"},{"$i":"month-2-long","$v":"3月"},{"$i":"month-3-long","$v":"4月"},{"$i":"month-4-long","$v":"5月"},{"$i":"month-5-long","$v":"6月"},{"$i":"month-6-long","$v":"7月"},{"$i":"month-7-long","$v":"8月"},{"$i":"month-8-long","$v":"9月"},{"$i":"month-9-long","$v":"10月"},{"$i":"month-10-long","$v":"11月"},{"$i":"month-11-long","$v":"12月"},{"$i":"month-0-genitive","$v":"1月"},{"$i":"month-1-genitive","$v":"2月"},{"$i":"month-2-genitive","$v":"3月"},{"$i":"month-3-genitive","$v":"4月"},{"$i":"month-4-genitive","$v":"5月"},{"$i":"month-5-genitive","$v":"6月"},{"$i":"month-6-genitive","$v":"7月"},{"$i":"month-7-genitive","$v":"8月"},{"$i":"month-8-genitive","$v":"9月"},{"$i":"month-9-genitive","$v":"10月"},{"$i":"month-10-genitive","$v":"11月"},{"$i":"month-11-genitive","$v":"12月"},{"$i":"month-0-short","$v":"1月"},{"$i":"month-1-short","$v":"2月"},{"$i":"month-2-short","$v":"3月"},{"$i":"month-3-short","$v":"4月"},{"$i":"month-4-short","$v":"5月"},{"$i":"month-5-short","$v":"6月"},{"$i":"month-6-short","$v":"7月"},{"$i":"month-7-short","$v":"8月"},{"$i":"month-8-short","$v":"9月"},{"$i":"month-9-short","$v":"10月"},{"$i":"month-10-short","$v":"11月"},{"$i":"month-11-short","$v":"12月"},{"$i":"minutes-ago-long","$v":{"zero":"1分以内","one":"1分前","two":[{"t":"idOrVar","v":"value"},"分前"],"few":[{"t":"idOrVar","v":"value"},"分前"],"many":[{"t":"idOrVar","v":"value"},"分前"],"other":[{"t":"idOrVar","v":"value"},"分前"]},"$x":[{"t":"idOrVar","v":"plural"},"value"]},{"$i":"hours-ago-long","$v":{"zero":"1時間以内","one":"1時間前","two":[{"t":"idOrVar","v":"value"},"時間前"],"few":[{"t":"idOrVar","v":"value"},"時間前"],"many":[{"t":"idOrVar","v":"value"},"時間前"],"other":[{"t":"idOrVar","v":"value"},"時間前"]},"$x":[{"t":"idOrVar","v":"plural"},"value"]},{"$i":"days-ago-long","$v":{"zero":"今日","one":"昨日","two":[{"t":"idOrVar","v":"value"},"日前"],"few":[{"t":"idOrVar","v":"value"},"日前"],"many":[{"t":"idOrVar","v":"value"},"日前"],"other":[{"t":"idOrVar","v":"value"},"日前"]},"$x":[{"t":"idOrVar","v":"plural"},"value"]},{"$i":"weeks-ago-long","$v":{"zero":"今週","one":"先週","two":[{"t":"idOrVar","v":"value"},"週間前"],"few":[{"t":"idOrVar","v":"value"},"週間前"],"many":[{"t":"idOrVar","v":"value"},"週間前"],"other":[{"t":"idOrVar","v":"value"},"週間前"]},"$x":[{"t":"idOrVar","v":"plural"},"value"]},{"$i":"months-ago-long","$v":{"zero":"今月","one":"先月","two":[{"t":"idOrVar","v":"value"},"か月前"],"few":[{"t":"idOrVar","v":"value"},"か月前"],"many":[{"t":"idOrVar","v":"value"},"か月前"],"other":[{"t":"idOrVar","v":"value"},"か月前"]},"$x":[{"t":"idOrVar","v":"plural"},"value"]},{"$i":"years-ago-long","$v":{"zero":"今年","one":"昨年","two":[{"t":"idOrVar","v":"value"},"年前"],"few":[{"t":"idOrVar","v":"value"},"年前"],"many":[{"t":"idOrVar","v":"value"},"年前"],"other":[{"t":"idOrVar","v":"value"},"年前"]},"$x":[{"t":"idOrVar","v":"plural"},"value"]},{"$i":"minutes-until-long","$v":{"zero":"1分以内","one":"1分後","two":[{"t":"idOrVar","v":"value"},"分後"],"few":[{"t":"idOrVar","v":"value"},"分後"],"many":[{"t":"idOrVar","v":"value"},"分後"],"other":[{"t":"idOrVar","v":"value"},"分後"]},"$x":[{"t":"idOrVar","v":"plural"},"value"]},{"$i":"hours-until-long","$v":{"zero":"1時間以内","one":"1時間後","two":[{"t":"idOrVar","v":"value"},"時間後"],"few":[{"t":"idOrVar","v":"value"},"時間後"],"many":[{"t":"idOrVar","v":"value"},"時間後"],"other":[{"t":"idOrVar","v":"value"},"時間後"]},"$x":[{"t":"idOrVar","v":"plural"},"value"]},{"$i":"days-until-long","$v":{"zero":"今日","one":"明日","two":[{"t":"idOrVar","v":"value"},"日後"],"few":[{"t":"idOrVar","v":"value"},"日後"],"many":[{"t":"idOrVar","v":"value"},"日後"],"other":[{"t":"idOrVar","v":"value"},"日後"]},"$x":[{"t":"idOrVar","v":"plural"},"value"]},{"$i":"weeks-until-long","$v":{"zero":"今週","one":"来週","two":[{"t":"idOrVar","v":"value"},"週間後"],"few":[{"t":"idOrVar","v":"value"},"週間後"],"many":[{"t":"idOrVar","v":"value"},"週間後"],"other":[{"t":"idOrVar","v":"value"},"週間後"]},"$x":[{"t":"idOrVar","v":"plural"},"value"]},{"$i":"months-until-long","$v":{"zero":"今月","one":"来月","two":[{"t":"idOrVar","v":"value"},"か月後"],"few":[{"t":"idOrVar","v":"value"},"か月後"],"many":[{"t":"idOrVar","v":"value"},"か月後"],"other":[{"t":"idOrVar","v":"value"},"か月後"]},"$x":[{"t":"idOrVar","v":"plural"},"value"]},{"$i":"years-until-long","$v":{"zero":"今年","one":"来年","two":[{"t":"idOrVar","v":"value"},"年後"],"few":[{"t":"idOrVar","v":"value"},"年後"],"many":[{"t":"idOrVar","v":"value"},"年後"],"other":[{"t":"idOrVar","v":"value"},"年後"]},"$x":[{"t":"idOrVar","v":"plural"},"value"]},{"$i":"minutes-ago-short","$v":{"zero":"直前","other":[{"t":"idOrVar","v":"value"},"分前"]},"$x":[{"t":"idOrVar","v":"plural"},"value"]},{"$i":"hours-ago-short","$v":{"zero":"数分前","other":[{"t":"idOrVar","v":"value"},"時間前"]},"$x":[{"t":"idOrVar","v":"plural"},"value"]},{"$i":"days-ago-short","$v":{"zero":"今日","other":[{"t":"idOrVar","v":"value"},"日前"]},"$x":[{"t":"idOrVar","v":"plural"},"value"]},{"$i":"minutes-until-short","$v":{"zero":"直後","other":[{"t":"idOrVar","v":"value"},"分後"]},"$x":[{"t":"idOrVar","v":"plural"},"value"]},{"$i":"hours-until-short","$v":{"zero":"数分後","other":[{"t":"idOrVar","v":"value"},"時間後"]},"$x":[{"t":"idOrVar","v":"plural"},"value"]},{"$i":"days-until-short","$v":{"zero":"今日","other":[{"t":"idOrVar","v":"value"},"日後"]},"$x":[{"t":"idOrVar","v":"plural"},"value"]},{"$i":"incorrectDate","$v":"(日付が不正です)"},{"$i":"dateTimeFormat_%c","$v":"%Y年%b%e日(%a) %p%I:%M:%S"},{"$i":"dateTimeFormat_%x","$v":"%Y/%m/%d"},{"$i":"dateTimeFormat_%X","$v":"%p%I:%M:%S"},{"$i":"shortTimeFormat","$v":"%p%I:%M"},{"$i":"shortTimeFormat12","$v":"%p%I:%M"},{"$i":"shortTimeFormat24","$v":"%H:%M"},{"$i":"shortDateTimeFormat","$v":"%x %p%I:%M"},{"$i":"weekStartsOnMonday","$v":"0"},{"$i":"firstDayOfTheWeek","$v":"0"},{"$i":"time_am","$v":"午前"},{"$i":"time_pm","$v":"午後"},{"$i":"label","$v":"ラベル"},{"$i":"mobile","$v":"携帯"},{"$i":"home","$v":"自宅"},{"$i":"work","$v":"勤務先"},{"$i":"personal","$v":"個人"},{"$i":"faxHome","$v":"自宅の Fax"},{"$i":"faxOffice","$v":"勤務先 Fax"},{"$i":"faxOther","$v":"その他 Fax"},{"$i":"another","$v":"別の連絡先"},{"$i":"other","$v":"その他"},{"$i":"customTag","placeholder":"カスタムタグ"},{"$i":"current","$v":"現住所"},{"$i":"itemWithLabel","$v":[{"t":"idOrVar","v":"label"},", ",{"t":"idOrVar","v":"item"}]},{"$i":"airplaneMode","$v":"機内モード"},{"$i":"searching","$v":"検索中…"},{"$i":"noNetwork","$v":"ネットワークが見つかりません"},{"$i":"roaming","$v":[{"t":"idOrVar","v":"operator"}," (ローミング)"]},{"$i":"operator-info","$v":[{"t":"idOrVar","v":"carrier"}," ",{"t":"idOrVar","v":"region"}]},{"$i":"emergencyCallsOnly","$v":"緊急通報のみ"},{"$i":"emergencyCallsOnly-unknownSIMState","$v":"(SIM の状態不明)"},{"$i":"emergencyCallsOnly-noSIM","$v":"(SIM カード未挿入)"},{"$i":"emergencyCallsOnly-pinRequired","$v":"(要 PIN コード)"},{"$i":"emergencyCallsOnly-pukRequired","$v":"(要 PIN ロック解除コード)"},{"$i":"emergencyCallsOnly-networkLocked","$v":"(ネットワーク固定)"},{"$i":"emergencyCallsOnly-serviceProviderLocked","$v":"(サービスプロバイダ固定)"},{"$i":"emergencyCallsOnly-corporateLocked","$v":"(法人固定)"},{"$i":"emergencyCallsOnly-network1Locked","$v":"(ネットワーク1 固定)"},{"$i":"emergencyCallsOnly-network2Locked","$v":"(ネットワーク2 固定)"},{"$i":"emergencyCallsOnly-hrpdNetworkLocked","$v":"(HRPD ネットワーク固定)"},{"$i":"emergencyCallsOnly-ruimCorporateLocked","$v":"(R-UIM 法人固定)"},{"$i":"emergencyCallsOnly-ruimServiceProviderLocked","$v":"(R-UIM サービスプロバイダ固定)"},{"$i":"lockscreen-sim-id","$v":["SIM",{"t":"idOrVar","v":"n"}]},{"$i":"charging-status-no-time","$v":[{"t":"idOrVar","v":"level"},"% 充電完了"]},{"$i":"charging-status-minutes","$v":{"zero":[{"t":"idOrVar","v":"level"},"% 充電完了 (あと",{"t":"idOrVar","v":"minutes"},"分)"],"one":[{"t":"idOrVar","v":"level"},"% 充電完了 (あと",{"t":"idOrVar","v":"minutes"},"分)"],"two":[{"t":"idOrVar","v":"level"},"% 充電完了 (あと",{"t":"idOrVar","v":"minutes"},"分)"],"few":[{"t":"idOrVar","v":"level"},"% 充電完了 (あと",{"t":"idOrVar","v":"minutes"},"分)"],"many":[{"t":"idOrVar","v":"level"},"% 充電完了 (あと",{"t":"idOrVar","v":"minutes"},"分)"],"other":[{"t":"idOrVar","v":"level"},"% 充電完了 (あと",{"t":"idOrVar","v":"minutes"},"分)"]},"$x":[{"t":"idOrVar","v":"plural"},"minutes"]},{"$i":"charging-status-hours","$v":{"zero":[{"t":"idOrVar","v":"level"},"% 充電完了 (あと",{"t":"idOrVar","v":"hours"},"時間",{"t":"idOrVar","v":"minutes"},"分)"],"one":[{"t":"idOrVar","v":"level"},"% 充電完了 (あと",{"t":"idOrVar","v":"hours"},"時間",{"t":"idOrVar","v":"minutes"},"分)"],"two":[{"t":"idOrVar","v":"level"},"% 充電完了 (あと",{"t":"idOrVar","v":"hours"},"時間",{"t":"idOrVar","v":"minutes"},"分)"],"few":[{"t":"idOrVar","v":"level"},"% 充電完了 (あと",{"t":"idOrVar","v":"hours"},"時間",{"t":"idOrVar","v":"minutes"},"分)"],"many":[{"t":"idOrVar","v":"level"},"% 充電完了 (あと",{"t":"idOrVar","v":"hours"},"時間",{"t":"idOrVar","v":"minutes"},"分)"],"other":[{"t":"idOrVar","v":"level"},"% 充電完了 (あと",{"t":"idOrVar","v":"hours"},"時間",{"t":"idOrVar","v":"minutes"},"分)"]},"$x":[{"t":"idOrVar","v":"plural"},"minutes"]},{"$i":"phoneNumberInput","ariaLabel":"電話番号"},{"$i":"keypadDelete","ariaLabel":"削除"},{"$i":"voiceMailKey","ariaLabel":"ボイスメール"},{"$i":"asterisk","ariaLabel":"アスタリスク"},{"$i":"hashSign","ariaLabel":"ハッシュ記号"},{"$i":"loadingSimContacts","$v":"Loading SIM card contacts…"},{"$i":"noContactsWereFound","$v":"No contacts were found"},{"$i":"noContactsFoundDialogOk","$v":"OK"},{"$i":"emergencyNumber","$v":"緊急通報用電話番号"},{"$i":"callAirplaneModeMessage","$v":"発信するには環境設定で機内モードを OFF にする必要があります。"},{"$i":"callAirplaneModeBtnOk","$v":"OK"},{"$i":"callAirplaneModeTitle","$v":"機内モードが ON です"},{"$i":"numberIsBusyTitle","$v":"発信先が話し中です"},{"$i":"numberIsBusyMessage","$v":"電話番号の相手が現在話し中です。後でおかけ直しください。"},{"$i":"fdnIsActiveTitle","$v":"FDN モードが ON です"},{"$i":"fdnIsActiveMessage","$v":["FDN (固定ダイヤル番号) モードが ON です。次の番号は FDN リストにありません: ",{"t":"idOrVar","v":"number"}]},{"$i":"emergencyDialogBodyBadNumber","$v":"発信するにはネットワーク設定を行う必要があります。"},{"$i":"emergencyDialogBodyDeviceNotAccepted","$v":"緊急通報はネットワークにより許可されていません。"},{"$i":"emergencyDialogBtnOk","$v":"OK"},{"$i":"emergencyDialogTitle","$v":"ネットワーク未接続"},{"$i":"invalidNumberToDialTitle","$v":"電話番号が正しくありません"},{"$i":"invalidNumberToDialMessage","$v":"おかけになった電話番号は正しくありません。"},{"$i":"unableToCallTitle","$v":"電話の発信ができません"},{"$i":"unableToCallMessage","$v":"発信できません。ダイヤル中の場合は先に発信ボタンを押してください。"},{"$i":"otherConnectionInUseTitle","$v":"他の回線が使用中です"},{"$i":"otherConnectionInUseMessage","$v":"別の回線で通話中です。同時に使用できる回線は1本までです。"}]