[{"$i":"addNewNumber","$v":"បន្ថែម​លេខ​ថ្មី"},{"$i":"contactDetails","$v":"ព័ត៌មាន​លម្អិត​ទំនាក់ទំនង"},{"$i":"addToExistingContact","$v":"បន្ថែម​ទៅ​ទំនាក់ទំនង​ដែល​មាន"},{"$i":"all","$v":"ទាំងអស់","ariaLabel":"ទាំងអស់"},{"$i":"bluetoothOption","ariaLabel":"Bluetooth"},{"$i":"callLog","$v":"កំណត់​ត្រា​ការ​ហៅ"},{"$i":"callLogEdit","title":"កែ​កំណត់​ហេតុ​ការ​ហៅ"},{"$i":"callLogEditDialog","ariaLabel":"កែ​ប្រអប់​កំណត់​ហេតុ​ការ​ហៅ"},{"$i":"connecting","$v":"តភ្ជាប់"},{"$i":"connectingEllipsis","$v":"Connecting…"},{"$i":"call-forwarding-async","$v":["Asynchronous: ",{"t":"idOrVar","v":"async"}]},{"$i":"call-forwarding-data","$v":["Data: ",{"t":"idOrVar","v":"data"}]},{"$i":"call-forwarding-error","$v":"មាន​កំហុស​​បាន​កើត​ឡើង​អំឡុង​ពេល​ទៅ​រក​ស្ថានភាព​ការ​ហៅ​បញ្ជូន​បន្ត"},{"$i":"call-forwarding-fax","$v":["ទូរសារ៖ ",{"t":"idOrVar","v":"fax"}]},{"$i":"call-forwarding-inactive","$v":"អសកម្ម"},{"$i":"call-forwarding-packet","$v":["កញ្ចប់៖ ",{"t":"idOrVar","v":"packet"}]},{"$i":"call-forwarding-pad","$v":["PAD: ",{"t":"idOrVar","v":"pad"}]},{"$i":"call-forwarding-sms","$v":["SMS: ",{"t":"idOrVar","v":"sms"}]},{"$i":"call-forwarding-status","$v":"ស្ថានភាព​ការ​ហៅ​បញ្ជូន​បន្ត"},{"$i":"call-forwarding-sync","$v":["នៅ​ពេល​ជាមួយ​គ្នា៖ ",{"t":"idOrVar","v":"sync"}]},{"$i":"call-forwarding-voice","$v":["សំឡេង៖ ",{"t":"idOrVar","v":"voice"}]},{"$i":"close","$v":"បិទ"},{"$i":"confirm-deletion","$v":"សម្អាត​ការ​ហៅ​ដែល​បាន​ជ្រើស?"},{"$i":"contacts","ariaLabel":"ទំនាក់ទំនង"},{"$i":"createNewContact","$v":"បង្កើត​ទំនាក់​ទំនង​ថ្មី"},{"$i":"delete","$v":"លុប"},{"$i":"deselectAll","$v":"ដោះ​ជ្រើស​ទាំងអស់"},{"$i":"dialerAddContact","ariaLabel":"បន្ថែម​ទំនាក់ទំនង​"},{"$i":"dialerAddContactDialog","ariaLabel":"បន្ថែម​ប្រអប់​ទំនាក់ទំនង"},{"$i":"callInformation","$v":"ព័ត៌មាន​ហៅ"},{"$i":"edit-selected","$v":{"one":["បាន​ជ្រើស ",{"t":"idOrVar","v":"n"}],"two":["បាន​ជ្រើស ",{"t":"idOrVar","v":"n"}],"few":["បាន​ជ្រើស ",{"t":"idOrVar","v":"n"}],"many":["បាន​ជ្រើស ",{"t":"idOrVar","v":"n"}],"other":["បាន​ជ្រើស ",{"t":"idOrVar","v":"n"}]},"$x":[{"t":"idOrVar","v":"plural"},"n"]},{"$i":"edit","$v":"កែសម្រួល"},{"$i":"hideKeypad","ariaLabel":"លាក់​ក្ដារចុច"},{"$i":"ignore","$v":"មិន​អើ​ពើ​ការ​ហៅ"},{"$i":"incoming","$v":"ហៅ​ចូល"},{"$i":"keypad","ariaLabel":"ក្ដារចុច"},{"$i":"makeCall","ariaLabel":"ហៅ"},{"$i":"merge","ariaLabel":"បញ្ចូល​ចូលគ្នា"},{"$i":"info-missed","$v":"ខកខាន​ទទួល"},{"$i":"missed","$v":"ខកខាន​ទទួល","ariaLabel":"ខកខាន​ទទួល"},{"$i":"canceled","$v":"បោះបង់"},{"$i":"missedCall","$v":"ខកខាន​ទទួល"},{"$i":"missedCallMultiSims","$v":["(SIM ",{"t":"idOrVar","v":"n"},") ខកខាន​ការ​ទទួល"]},{"$i":"mmi-error","$v":"កំហុស​បាន​កើតឡើង ខណៈ​ពេល​ផ្ញើ​សារ"},{"$i":"mmi-session-expired","$v":"សម័យ​បាន​ផុត​កំណត់"},{"$i":"mmi-successfully-sent","$v":"បាន​ផ្ញើ​សារ​ដោយ​ជោគជ័យ"},{"$i":"mmi-notification-title-with-sim","$v":["(",{"t":"idOrVar","v":"sim"},") ",{"t":"idOrVar","v":"title"}]},{"$i":"mute","ariaLabel":"ស្ងាត់"},{"$i":"newCall","ariaLabel":"ហៅ​ថ្មី"},{"$i":"no-logs-msg-1","$v":"មិន​បាន​កត់ត្រា​ការ​ហៅ"},{"$i":"no-logs-msg-2","$v":"ចាប់ផ្ដើម​​ទាក់ទង​ឥឡូវ"},{"$i":"no-logs-msg-3","$v":"គ្មាន​ការ​ហៅ​ដែល​ខកខាន"},{"$i":"onHoldOption","ariaLabel":"រង់ចាំ"},{"$i":"outgoing","$v":"ចេញ"},{"$i":"recents","ariaLabel":"ការ​ហៅ​ថ្មីៗ"},{"$i":"reply","$v":"ឆ្លើយតប"},{"$i":"selectAll","$v":"ជ្រើស​ទាំងអស់"},{"$i":"send","$v":"ផ្ញើ"},{"$i":"switch-calls","$v":"ប្ដូរ​ការហៅ"},{"$i":"today","$v":"ថ្ងៃ​នេះ"},{"$i":"withheld-number","$v":"លេខ​មិន​អនុញ្ញាត​ឲ្យ"},{"$i":"from-contact","$v":["ពី ",{"t":"idOrVar","v":"contact"}]},{"$i":"from-number","$v":["ពី ",{"t":"idOrVar","v":"number"}]},{"$i":"from-withheld-number","$v":"ពី​លេខ​មិន​អនុញ្ញាត​ឲ្យ"},{"$i":"yesterday","$v":"ម្សិលមិញ"},{"$i":"sending","$v":"កំពុង​ផ្ញើ…"},{"$i":"speakerOption","ariaLabel":"អូប៉ាល័រ​"},{"$i":"ussd-services","$v":["សេវាកម្ម ",{"t":"idOrVar","v":"operator"}]},{"$i":"toggleKeypad","ariaLabel":"បិទ/បើក​ ក្ដារចុច​"},{"$i":"type-your-response","placeholder":"បញ្ចូល​ការ​ឆ្លើយតប​របស់​អ្នក..."},{"$i":"clear-all-text","$v":"សម្អាត​អត្ថបទ​ទាំងអស់"},{"$i":"hide","$v":"លាក់"},{"$i":"call","$v":"ហៅ"},{"$i":"hold","ariaLabel":"រង់ចាំ"},{"$i":"resume","$v":"បន្ត","ariaLabel":"បន្ត"},{"$i":"sendSms","$v":"ផ្ញើសារ"},{"$i":"callEnded","$v":"បញ្ចប់​ការ​ហៅ"},{"$i":"via-sim","$v":["តាម​រយៈ SIM",{"t":"idOrVar","v":"n"}]},{"$i":"sim-number","$v":["SIM",{"t":"idOrVar","v":"n"}]},{"$i":"unknown","$v":"មិន​ស្គាល់"},{"$i":"cancel","$v":"បោះបង់"},{"$i":"hangup-a11y-button","ariaLabel":"ដាក់​ទូរស័ព្ទ​ចុះ"},{"$i":"pickup-a11y-button","ariaLabel":"លើក​ទូរស័ព្ទ"},{"$i":"unlock-a11y-button","ariaLabel":"គ្រាប់​រំកិល"},{"$i":"settings","$v":"ការ​កំណត់"},{"$i":"delete-n-log?","$v":{"zero":"គ្មានអ្វី​បាន​ជ្រើស","one":"លុប​កំណត់​ហេតុ​បាន​ជ្រើស?","two":["លុប​កំណត់​ហេតុ ",{"t":"idOrVar","v":"n"}," ?"],"few":["លុប​កំណត់​ហេតុ ",{"t":"idOrVar","v":"n"}," ?"],"many":["លុប​កំណត់ហេតុ ",{"t":"idOrVar","v":"n"}," ?"],"other":["លុប​កំណត់​ហេតុ ",{"t":"idOrVar","v":"n"}," ?"]},"$x":[{"t":"idOrVar","v":"plural"},"n"]},{"$i":"callDurationMinutes","$v":[{"t":"idOrVar","v":"m"},":",{"t":"idOrVar","v":"s"}]},{"$i":"callDurationHours","$v":[{"t":"idOrVar","v":"h"},":",{"t":"idOrVar","v":"m"},":",{"t":"idOrVar","v":"s"}]},{"$i":"callDurationTextFormatSeconds","$v":[{"t":"idOrVar","v":"s"}," s"]},{"$i":"callDurationTextFormatMinutes","$v":[{"t":"idOrVar","v":"m"}," m ",{"t":"idOrVar","v":"s"}," s"]},{"$i":"callDurationTextFormatHours","$v":[{"t":"idOrVar","v":"h"}," h ",{"t":"idOrVar","v":"m"}," m ",{"t":"idOrVar","v":"s"}," s"]},{"$i":"suggestionMatches","$v":{"one":[{"t":"idOrVar","v":"n"}," ត្រូវ​គ្នា​​នឹង \"",{"t":"idOrVar","v":"matchNumber"},"\""],"two":[{"t":"idOrVar","v":"n"}," ត្រូវ​គ្នា​នឹង \"",{"t":"idOrVar","v":"matchNumber"},"\""],"few":[{"t":"idOrVar","v":"n"}," ត្រូវ​គ្នា​នឹង \"",{"t":"idOrVar","v":"matchNumber"},"\""],"many":[{"t":"idOrVar","v":"n"}," ត្រូវ​គ្នា​នឹង \"",{"t":"idOrVar","v":"matchNumber"},"\""],"other":[{"t":"idOrVar","v":"n"}," ត្រូវ​គ្នា​នឹង \"",{"t":"idOrVar","v":"matchNumber"},"\""]},"$x":[{"t":"idOrVar","v":"plural"},"n"]},{"$i":"scCallBarring","$v":"បង្ខាំងទុក​ការហៅ"},{"$i":"scCallForwarding","$v":"បញ្ជូន​ការហៅ"},{"$i":"scClip","$v":"លេខ​សម្គាល់​អ្នក​ហៅ​ចូល"},{"$i":"scClir","$v":"លេខ​សម្គាល់​អ្នក​ហៅ​ចេញ"},{"$i":"scPwd","$v":"ផ្លាស់ប្ដូរ​ពាក្យ​សម្ងាត់"},{"$i":"scCallWaiting","$v":"រង់ចាំ​ការ​ហៅ"},{"$i":"scPin","$v":"ផ្លាស់ប្ដូរ PIN"},{"$i":"scPin2","$v":"ផ្លាស់ប្ដូរ PIN2"},{"$i":"scPuk","$v":"បើក​លេខ​កូដ PIN"},{"$i":"scPuk2","$v":"ដោះលេខកូដ PIN2"},{"$i":"scImei","$v":"IMEI"},{"$i":"scUssd","$v":"USSD"},{"$i":"serviceClassVoice","$v":"សំឡេង"},{"$i":"serviceClassData","$v":"ទិន្នន័យ"},{"$i":"serviceClassFax","$v":"FAX"},{"$i":"serviceClassSms","$v":"សារ​ខ្លី SMS"},{"$i":"serviceClassDataSync","$v":"ធ្វើ​សមកាលកម្ម"},{"$i":"serviceClassDataAsync","$v":"មិន​សមកាល"},{"$i":"serviceClassPacket","$v":"ហោប៉ៅ"},{"$i":"serviceClassPad","$v":"PAD"},{"$i":"smServiceEnabled","$v":"បើក​ឲ្យ​ប្រើប្រាស់​សេវាកម្ម"},{"$i":"smServiceDisabled","$v":"បិទ​ការ​ប្រើប្រាស់​សេវាកម្ម"},{"$i":"smServiceRegistered","$v":"ការ​ចុះឈ្មោះ​​បាន​​ជោគជ័យ"},{"$i":"smServiceErased","$v":"ការ​លុប​​ជោគជ័យ"},{"$i":"smServiceInterrogated","$v":"សំណើរ​ដោយ​ជោគជ័យ"},{"$i":"smServiceNotProvisioned","$v":"សេវាកម្ម​ដែល​មិន​បាន​ផ្ដល់"},{"$i":"smClirPermanent","$v":"អ្នក​មិន​អាច​ផ្លាស់ប្ដូរ​ការ​កំណត់​លេខ​សម្គាល់​អ្នក​ហៅ​បាន​ទេ"},{"$i":"smClirDefaultOnNextCallOn","$v":"លេខ​សម្គាល់​​អ្នក​ហៅ​លំនាំដើម​ត្រូវ​បាន​ដាក់​កម្រិត។ ការ​ហៅ​បន្ទាប់៖ បាន​ដាក់​កម្រិត"},{"$i":"smClirDefaultOnNextCallOff","$v":"លេខ​សម្គាល់​​អ្នក​ហៅ​លំនាំដើម​ត្រូវ​បាន​ដាក់​កម្រិត។ ការ​ហៅ​បន្ទាប់៖ មិន​ត្រូវ​បាន​ដាក់​កម្រិត"},{"$i":"smClirDefaultOffNextCallOn","$v":"លេខ​សម្គាល់​អ្នក​ហៅ​លំនាំដើម​មិន​ត្រូវ​បាន​ដាក់​កម្រិត។ ការ​ហៅ​បន្ទាប់៖ បាន​ដាក់​កម្រិត"},{"$i":"smClirDefaultOffNextCallOff","$v":"លេខ​សម្គាល់​​អ្នក​ហៅ​លំនាំដើម​មិន​ត្រូវ​បាន​ដាក់​កម្រិត។ ការ​ហៅ​បន្ទាប់៖ មិន​ត្រូវ​បាន​ដាក់​កម្រិត"},{"$i":"smServiceEnabledFor","$v":"សេវាកម្ម​ត្រូវ​បាន​បើក​សម្រាប់៖"},{"$i":"smPinChanged","$v":"បាន​ប្ដូរ​កូដ PIN ដោយ​ជោគជ័យ"},{"$i":"smPinUnblocked","$v":"បាន​ដោះ​សោ​កូដ​ PIN ដោយ​ជោគជ័យ"},{"$i":"smPin2Changed","$v":"បាន​ប្ដូរ​កូដ PIN2 ដោយ​ជោគជ័យ"},{"$i":"smPin2Unblocked","$v":"បាន​ដោះ​សោ​កូដ PIN2 ដោយ​ជោគជ័យ"},{"$i":"ServiceIsEnabled","$v":"បាន​បើក​សេវាកម្ម"},{"$i":"ServiceIsDisabled","$v":"បាន​បិទ​សេវាកម្ម"},{"$i":"ServiceIsEnabledFor","$v":"សេវាកម្ម​ត្រូវ​បាន​បើក​សម្រាប់៖"},{"$i":"emMmiError","$v":"មាន​បញ្ហា​ការ​តភ្ជាប់ ឬ​កូដ MMI មិន​ត្រឹមត្រូវ"},{"$i":"emMmiErrorPasswordIncorrect","$v":"ពាក្យ​​សម្ងាត់​​មិន​​ត្រឹម​​ត្រូវ"},{"$i":"emMmiErrorNotSupported","$v":"កូដ MMI មិន​គាំទ្រ ឬ​មិន​ត្រឹមត្រូវ"},{"$i":"emMmiErrorInvalidAction","$v":"សកម្មភាព​មិន​ត្រឹមត្រូវ"},{"$i":"emMmiErrorInvalidScCode","$v":"កូដ​សេវាកម្ម​​មិន​ត្រឹមត្រូវ"},{"$i":"emMmiErrorBadPuk","$v":"PUK ដែល​អ្នក​បាន​​បញ្ចូល​មិន​ត្រឹមត្រូវ"},{"$i":"emMmiErrorBadPin","$v":"កូដ PIN ចាស់​ដែល​អ្នក​បាន​បញ្ចូល​មិន​ត្រឹមត្រូវ។"},{"$i":"emMmiErrorNeedPuk2","$v":"វាយ​កូដ PUK2 ដើម្បី​ដោះ​សោ​​ SIM ​កាត"},{"$i":"emMmiErrorMismatchPin","$v":"កូដ PINs ដែល​អ្នក​បាន​បញ្ចូល​មិន​ផ្គូផ្គង"},{"$i":"emMmiErrorInvalidPin","$v":"បញ្ចូល​កូដ PIN ដែល​មាន​លេខ 4 ដល់ 8"},{"$i":"emMmiErrorNeedsPuk","$v":"SIM កាត​របស់​​អ្នក​ គឺ​​បាន​បិទ PUK"},{"$i":"emMmiErrorEnablePin","$v":"បរាជ័យ។ បើក​ដំណើរការ SIM/RUIM LOCK"},{"$i":"emMmiErrorMmiFdn","$v":"ប្រតិបត្តិការ​ត្រូវ​បាន​ដាក់​កម្រិត​ចំពោះ​លេខ​ហៅ​ថេរ​ប៉ុណ្ណោះ"},{"$i":"emMmiErrorStkCcUssdDial","$v":"សំណើ USSD ត្រូវ​បាន​កែប្រែ​ទៅ​សំណើ DIAL"},{"$i":"emMmiErrorStkCcUssdSs","$v":"សំណើ USSD ត្រូវ​បាន​កែប្រែ​ទៅ​សំណើ SS"},{"$i":"emMmiErrorStkCcUssdUssd","$v":"សំណើ USSD ត្រូវ​បាន​កែប្រែ​ទៅ​សំណើ USSD ថ្មី"},{"$i":"emMmiErrorStkCcSsDial","$v":"សំណើ SS ត្រូវ​បាន​កែប្រែ​ទៅ​សំណើ DIAL"},{"$i":"emMmiErrorStkCcSsUssd","$v":"សំណើ SS ត្រូវ​បាន​កែប្រែ​ទៅ​សំណើ USSD"},{"$i":"emMmiErrorStkCcSsSs","$v":"សំណើ SS ត្រូវ​បាន​កែប្រែ​ទៅ​សំណើ SS ថ្មី"},{"$i":"emMmiErrorPinPukAttempts","$v":{"one":["Only ",{"t":"idOrVar","v":"n"}," retry left"],"two":[{"t":"idOrVar","v":"n"}," retries left"],"few":[{"t":"idOrVar","v":"n"}," retries left"],"many":[{"t":"idOrVar","v":"n"}," retries left"],"other":[{"t":"idOrVar","v":"n"}," retries left"]},"$x":[{"t":"idOrVar","v":"plural"},"n"]},{"$i":"emMmiErrorSimBlocked","$v":"បាន​ហួស​កំណត់​ចំនួន​ការ​ព្យាយាម​អតិបរមា​។ បាន​បិទ SIM"},{"$i":"RadioNotAvailable","$v":"គ្មាន​វិទ្យុ"},{"$i":"GenericFailure","$v":"កំហុស​ទូទៅ"},{"$i":"PasswordIncorrect","$v":"ពាក្យសម្ងាត់​មិន​ត្រឹមត្រូវ"},{"$i":"SimPin2","$v":"SIM PIN2"},{"$i":"SimPuk2","$v":"SIM PUK2"},{"$i":"RequestNotSupported","$v":"សំណើ​មិន​ត្រូវ​បាន​គាំទ្រ"},{"$i":"OpNotAllowedDuringVoiceCall","$v":"ប្រតិបត្តិការ​មិន​ត្រូវ​បាន​អនុញ្ញាត​អំឡុង​ពេល​ហៅ​ជា​សំឡេង"},{"$i":"SmsSendFailRetry","$v":"បរាជ័យ​ក្នុង​ការ​ផ្ញើ​សារ SMS ព្យាយាម​ម្ដងទៀត"},{"$i":"SimAbsent","$v":"អវត្តមាន SIM"},{"$i":"SubscriptionNotAvailable","$v":"គ្មាន​ការ​ជាវ"},{"$i":"ModeNotSupported","$v":"មិន​គាំទ្រ​វិធី"},{"$i":"FdnCheckFailure","$v":"ភាព​បរាជ័យ​ការ​ពិនិត្យមើល Fdn"},{"$i":"IllegalSimOrMe","$v":"SIM ឬ ME មិន​ស្របច្បាប់"},{"$i":"DialModifiedToUssd","$v":"បាន​កែប្រែ​ចុច​ទៅ USSD"},{"$i":"DialModifiedToSs","$v":"បាន​កែប្រែ​ចុច​ទៅ SS"},{"$i":"DialModifiedToDial","$v":"បាន​កែប្រែ​ចុច​ទៅ​បន្ទះ​លេខ"},{"$i":"UssdModifiedToDial","$v":"បាន​កែប្រែ USSD ដើម្បី​ចុច"},{"$i":"UssdModifiedToSs","$v":"បាន​កែប្រែ USSD ទៅ"},{"$i":"UssdModifiedToUssd","$v":"USSD បាន​កែប្រែ​ទៅ USSD"},{"$i":"SsModifiedToDial","$v":"SS បាន​កែប្រែ​ទៅ​បន្ទះ​ចុច"},{"$i":"SsModifiedToUssd","$v":"SS បាន​កែប្រែ​ទៅ USSD"},{"$i":"SsModifiedToSs","$v":"SS បាន​កែប្រែ​ទៅ SS"},{"$i":"SubscriptionNotSupported","$v":"ការ​ជាវ​មិន​ត្រូវ​បាន​គាំទ្រ"},{"$i":"InvalidParameter","$v":"ប៉ារ៉ាម៉ែត្រ​មិន​ត្រឹមត្រូវ"},{"$i":"RejectedByRemote","$v":"បាន​បដិសេធ​ពី​ចម្ងាយ"},{"$i":"conferenceCall","$v":["សន្និសីទ (",{"t":"idOrVar","v":"n"},")"]},{"$i":"caller-left-call","$v":[{"t":"idOrVar","v":"caller"}," បាន​ចេញ​ពី​ការហៅ។"]},{"$i":"conferenceAddError","$v":"មិន​អាច​បញ្ចូល​ការ​ហៅ​ចូល​គ្នា"},{"$i":"conferenceRemoveError","$v":"មិន​អាច​មិន​បញ្ចូល​ការ​ហៅ​ចូល​គ្នា"},{"$i":"longDateFormat","$v":"%A, %B %e"},{"$i":"select-audio-sources","$v":"ជ្រើស​ប្រភព​អូឌីយ៉ូ"},{"$i":"bluetooth-handsfree-device","$v":"ឧបករណ៍​មិន​ប្រើ​ដៃ​សម្រាប់ប៊្លូធូស"},{"$i":"receiver","$v":"អ្នកទទួល"},{"$i":"speaker","$v":"អូប៉ាល័រ​"},{"$i":"voiceMail","$v":"សារ​ជា​សំឡេង"},{"$i":"weekday-0-long","$v":"អាទិត្យ"},{"$i":"weekday-1-long","$v":"ច័ន្ទ"},{"$i":"weekday-2-long","$v":"អង្គារ"},{"$i":"weekday-3-long","$v":"ពុធ"},{"$i":"weekday-4-long","$v":"ព្រហស្បតិ៍"},{"$i":"weekday-5-long","$v":"សុក្រ"},{"$i":"weekday-6-long","$v":"សៅរ៍"},{"$i":"weekday-0-short","$v":"អាទិត្យ"},{"$i":"weekday-1-short","$v":"ច័ន្ទ"},{"$i":"weekday-2-short","$v":"អង្គារ"},{"$i":"weekday-3-short","$v":"ពុធ"},{"$i":"weekday-4-short","$v":"ព្រហស្បតិ៍"},{"$i":"weekday-5-short","$v":"សុក្រ"},{"$i":"weekday-6-short","$v":"សៅរ៍"},{"$i":"month-0-long","$v":"មករា"},{"$i":"month-1-long","$v":"កុម្ភៈ"},{"$i":"month-2-long","$v":"មីនា"},{"$i":"month-3-long","$v":"មេសា"},{"$i":"month-4-long","$v":"ឧសភា"},{"$i":"month-5-long","$v":"មិថុនា"},{"$i":"month-6-long","$v":"កក្កដា"},{"$i":"month-7-long","$v":"សីហា"},{"$i":"month-8-long","$v":"កញ្ញា"},{"$i":"month-9-long","$v":"តុលា"},{"$i":"month-10-long","$v":"វិច្ឆិកា"},{"$i":"month-11-long","$v":"ធ្នូ"},{"$i":"month-0-genitive","$v":"មករា"},{"$i":"month-1-genitive","$v":"កុម្ភៈ"},{"$i":"month-2-genitive","$v":"មីនា"},{"$i":"month-3-genitive","$v":"មេសា"},{"$i":"month-4-genitive","$v":"ឧសភា"},{"$i":"month-5-genitive","$v":"មិថុនា"},{"$i":"month-6-genitive","$v":"កក្កដា"},{"$i":"month-7-genitive","$v":"សីហា"},{"$i":"month-8-genitive","$v":"កញ្ញា"},{"$i":"month-9-genitive","$v":"តុលា"},{"$i":"month-10-genitive","$v":"វិច្ឆិកា"},{"$i":"month-11-genitive","$v":"ធ្នូ"},{"$i":"month-0-short","$v":"មករា"},{"$i":"month-1-short","$v":"កុម្ភៈ"},{"$i":"month-2-short","$v":"មីនា"},{"$i":"month-3-short","$v":"មេសា"},{"$i":"month-4-short","$v":"ឧសភា"},{"$i":"month-5-short","$v":"មិថុនា"},{"$i":"month-6-short","$v":"កក្កដា"},{"$i":"month-7-short","$v":"សីហា"},{"$i":"month-8-short","$v":"កញ្ញា"},{"$i":"month-9-short","$v":"តុលា"},{"$i":"month-10-short","$v":"វិច្ឆិកា"},{"$i":"month-11-short","$v":"ធ្នូ"},{"$i":"minutes-ago-long","$v":{"zero":"អម្បាញ់មិញនេះ","one":"មួយ​នាទី​មុន","two":[{"t":"idOrVar","v":"value"}," នាទី​មុន"],"few":[{"t":"idOrVar","v":"value"}," នាទី​មុន"],"many":[{"t":"idOrVar","v":"value"}," នាទី​មុន"],"other":[{"t":"idOrVar","v":"value"}," នាទី​មុន"]},"$x":[{"t":"idOrVar","v":"plural"},"value"]},{"$i":"hours-ago-long","$v":{"zero":"អម្បាញ់មិញនេះ","one":"មួយ​ម៉ោង​មុន","two":[{"t":"idOrVar","v":"value"}," ម៉ោង​មុន"],"few":[{"t":"idOrVar","v":"value"}," ម៉ោង​មុន"],"many":[{"t":"idOrVar","v":"value"}," ម៉ោង​មុន"],"other":[{"t":"idOrVar","v":"value"}," ម៉ោង​មុន"]},"$x":[{"t":"idOrVar","v":"plural"},"value"]},{"$i":"days-ago-long","$v":{"zero":"ថ្ងៃ​នេះ","one":"ម្សិលមិញ","two":[{"t":"idOrVar","v":"value"}," ថ្ងៃ​មុន"],"few":[{"t":"idOrVar","v":"value"}," ថ្ងៃ​មុន"],"many":[{"t":"idOrVar","v":"value"}," ថ្ងៃ​មុន"],"other":[{"t":"idOrVar","v":"value"}," ថ្ងៃ​មុន"]},"$x":[{"t":"idOrVar","v":"plural"},"value"]},{"$i":"weeks-ago-long","$v":{"zero":"សប្ដាហ៍​នេះ","one":"សប្ដាហ៍​មុន","two":[{"t":"idOrVar","v":"value"}," សប្ដាហ៍​មុន"],"few":[{"t":"idOrVar","v":"value"}," សប្ដាហ៍​មុន"],"many":[{"t":"idOrVar","v":"value"}," សប្ដាហ៍​មុន"],"other":[{"t":"idOrVar","v":"value"}," សប្ដាហ៍​មុន"]},"$x":[{"t":"idOrVar","v":"plural"},"value"]},{"$i":"months-ago-long","$v":{"zero":"ខែ​នេះ","one":"ខែ​មុន","two":[{"t":"idOrVar","v":"value"}," ខែ​មុន"],"few":[{"t":"idOrVar","v":"value"}," ខែ​មុន"],"many":[{"t":"idOrVar","v":"value"}," ខែ​មុន"],"other":[{"t":"idOrVar","v":"value"}," ខែ​មុន"]},"$x":[{"t":"idOrVar","v":"plural"},"value"]},{"$i":"years-ago-long","$v":{"zero":"ឆ្នាំនេះ","one":"ឆ្នាំ​មុន","two":[{"t":"idOrVar","v":"value"}," ឆ្នាំ​មុន"],"few":[{"t":"idOrVar","v":"value"}," ឆ្នាំ​មុន"],"many":[{"t":"idOrVar","v":"value"}," ឆ្នាំ​មុន"],"other":[{"t":"idOrVar","v":"value"}," ឆ្នាំ​មុន"]},"$x":[{"t":"idOrVar","v":"plural"},"value"]},{"$i":"minutes-until-long","$v":{"zero":"ឥឡូវ","one":"ក្នុង​ពេល​មួយ​នាទី","two":["ក្នុង​ពេល ",{"t":"idOrVar","v":"value"}," នាទី"],"few":["ក្នុង​ពេល ",{"t":"idOrVar","v":"value"}," នាទី"],"many":["ក្នុង​ពេល​ ",{"t":"idOrVar","v":"value"}," នាទី​"],"other":["ក្នុង​ពេល ",{"t":"idOrVar","v":"value"}," នាទី"]},"$x":[{"t":"idOrVar","v":"plural"},"value"]},{"$i":"hours-until-long","$v":{"zero":"ឥឡូវ","one":"ក្នុង​រយៈពេល​១​ម៉ោង","two":["ក្នុង​ពេល​​ ",{"t":"idOrVar","v":"value"}," ម៉ោង"],"few":["ក្នុង​ពេល​​ ",{"t":"idOrVar","v":"value"}," ម៉ោង"],"many":["ក្នុង​ពេល​​ ",{"t":"idOrVar","v":"value"}," ម៉ោង"],"other":["ក្នុង​ពេល​​ ",{"t":"idOrVar","v":"value"}," ម៉ោង"]},"$x":[{"t":"idOrVar","v":"plural"},"value"]},{"$i":"days-until-long","$v":{"zero":"ថ្ងៃ​នេះ","one":"ថ្ងៃស្អែក","two":["ក្នុង​ពេល​​ ",{"t":"idOrVar","v":"value"}," ថ្ងៃ"],"few":["ក្នុង​ពេល​​ ",{"t":"idOrVar","v":"value"}," ថ្ងៃ"],"many":["ក្នុង​ពេល​​ ",{"t":"idOrVar","v":"value"}," ថ្ងៃ"],"other":["ក្នុង​ពេល​​ ",{"t":"idOrVar","v":"value"}," ថ្ងៃ"]},"$x":[{"t":"idOrVar","v":"plural"},"value"]},{"$i":"weeks-until-long","$v":{"zero":"សប្ដាហ៍​នេះ","one":"សប្ដាហ៍​ក្រោយ","two":["ក្នុង​ពេល ",{"t":"idOrVar","v":"value"}," សប្ដាហ៍"],"few":["ក្នុង​ពេល ",{"t":"idOrVar","v":"value"}," សប្ដាហ៍"],"many":["ក្នុង​ពេល ",{"t":"idOrVar","v":"value"}," សប្ដាហ៍"],"other":["ក្នុង​ពេល ",{"t":"idOrVar","v":"value"}," សប្ដាហ៍"]},"$x":[{"t":"idOrVar","v":"plural"},"value"]},{"$i":"months-until-long","$v":{"zero":"ខែ​នេះ","one":"ខែ​ក្រោយ","two":["ក្នុង​ពេល ",{"t":"idOrVar","v":"value"}," ខែ"],"few":["ក្នុង​ពេល ",{"t":"idOrVar","v":"value"}," ខែ"],"many":["ក្នុង​ពេល ",{"t":"idOrVar","v":"value"}," ខែ"],"other":["ក្នុង​ពេល ",{"t":"idOrVar","v":"value"}," ខែ"]},"$x":[{"t":"idOrVar","v":"plural"},"value"]},{"$i":"years-until-long","$v":{"zero":"ឆ្នាំនេះ","one":"ឆ្នាំ​ក្រោយ","two":["ក្នុង​ពេល ",{"t":"idOrVar","v":"value"}," ឆ្នាំ"],"few":["ក្នុង​ពេល ",{"t":"idOrVar","v":"value"}," ឆ្នាំ"],"many":["ក្នុង​ពេល ",{"t":"idOrVar","v":"value"}," ឆ្នាំ"],"other":["ក្នុង​ពេល ",{"t":"idOrVar","v":"value"}," ឆ្នាំ"]},"$x":[{"t":"idOrVar","v":"plural"},"value"]},{"$i":"minutes-ago-short","$v":{"zero":"អម្បាញ់មិញនេះ","other":[{"t":"idOrVar","v":"value"},"នាទី​មុន"]},"$x":[{"t":"idOrVar","v":"plural"},"value"]},{"$i":"hours-ago-short","$v":{"zero":"អម្បាញ់មិញនេះ","other":[{"t":"idOrVar","v":"value"},"ម៉ោង​មុន"]},"$x":[{"t":"idOrVar","v":"plural"},"value"]},{"$i":"days-ago-short","$v":{"zero":"ថ្ងៃ​នេះ","other":[{"t":"idOrVar","v":"value"},"ថ្ងៃ​មុន"]},"$x":[{"t":"idOrVar","v":"plural"},"value"]},{"$i":"minutes-until-short","$v":{"zero":"ឥឡូវ","other":["ក្នុង​ពេល ",{"t":"idOrVar","v":"value"},"នាទី"]},"$x":[{"t":"idOrVar","v":"plural"},"value"]},{"$i":"hours-until-short","$v":{"zero":"ឥឡូវ","other":["ក្នុង​ពេល ",{"t":"idOrVar","v":"value"},"ម៉ោង"]},"$x":[{"t":"idOrVar","v":"plural"},"value"]},{"$i":"days-until-short","$v":{"zero":"ថ្ងៃ​នេះ","other":["ក្នុង​ពេល ",{"t":"idOrVar","v":"value"},"ថ្ងៃ"]},"$x":[{"t":"idOrVar","v":"plural"},"value"]},{"$i":"incorrectDate","$v":"(កាលបរិច្ឆេទ​មិន​ត្រឹមត្រូវ)"},{"$i":"dateTimeFormat_%c","$v":"%a %b %e %Y %I:%M:%S %p"},{"$i":"dateTimeFormat_%x","$v":"%m/%d/%Y"},{"$i":"dateTimeFormat_%X","$v":"%I:%M:%S %p"},{"$i":"shortTimeFormat","$v":"%I:%M %p"},{"$i":"shortTimeFormat12","$v":"%I:%M %p"},{"$i":"shortTimeFormat24","$v":"%H:%M"},{"$i":"shortDateTimeFormat","$v":"%x %I:%M %p"},{"$i":"weekStartsOnMonday","$v":"0"},{"$i":"firstDayOfTheWeek","$v":"0"},{"$i":"time_am","$v":"ព្រឹក"},{"$i":"time_pm","$v":"PM"},{"$i":"label","$v":"ស្លាក"},{"$i":"mobile","$v":"ចល័ត"},{"$i":"home","$v":"ផ្ទះ"},{"$i":"work","$v":"កន្លែង​ធ្វើការ"},{"$i":"personal","$v":"ផ្ទាល់​ខ្លួន"},{"$i":"faxHome","$v":"ទូរសារ​​នៅ​ផ្ទះ"},{"$i":"faxOffice","$v":"ទូរសារ​នៅ​ការិយាល័យ"},{"$i":"faxOther","$v":"ទូរសារ​ផ្សេង​ទៀត"},{"$i":"another","$v":"ផ្សេង"},{"$i":"other","$v":"ផ្សេង​ទៀត"},{"$i":"customTag","placeholder":"ស្លាក​ផ្ទាល់ខ្លួន"},{"$i":"current","$v":"បច្ចុប្បន្ន"},{"$i":"itemWithLabel","$v":[{"t":"idOrVar","v":"label"},", ",{"t":"idOrVar","v":"item"}]},{"$i":"airplaneMode","$v":"របៀប​ជិះ​យន្តហោះ"},{"$i":"searching","$v":"កំពុង​ស្វែងរក…"},{"$i":"noNetwork","$v":"គ្មាន​សេវា"},{"$i":"roaming","$v":[{"t":"idOrVar","v":"operator"}," (រ៉ូមីង)"]},{"$i":"operator-info","$v":[{"t":"idOrVar","v":"carrier"}," ",{"t":"idOrVar","v":"region"}]},{"$i":"emergencyCallsOnly","$v":"តែ​ការ​ហៅ​ពេល​មាន​អាសន្ន​ប៉ុណ្ណោះ"},{"$i":"emergencyCallsOnly-unknownSIMState","$v":"(មិន​ស្គាល់​ស៊ីម)"},{"$i":"emergencyCallsOnly-noSIM","$v":"(គ្មាន​ស៊ីម)"},{"$i":"emergencyCallsOnly-pinRequired","$v":"(បាន​ទាមទារ​លេខ​កូដ PIN ស៊ីម)"},{"$i":"emergencyCallsOnly-pukRequired","$v":"(បាន​ទាមទារ​លេខ​កូដ PUK SIM)"},{"$i":"emergencyCallsOnly-networkLocked","$v":"(បាន​ចាក់សោ​បណ្ដាញ)"},{"$i":"emergencyCallsOnly-serviceProviderLocked","$v":"(បាន​ចាក់សោ​ក្រុមហ៊ុន​ផ្ដល់​សេវា)"},{"$i":"emergencyCallsOnly-corporateLocked","$v":"(បាន​ចាក់សោ​សាជីវកម្ម)"},{"$i":"emergencyCallsOnly-network1Locked","$v":"(បាន​ចាក់សោ​បណ្ដាញ ១)"},{"$i":"emergencyCallsOnly-network2Locked","$v":"(បាន​ចាក់សោ​បណ្ដាញ ២)"},{"$i":"emergencyCallsOnly-hrpdNetworkLocked","$v":"(បាន​ចាក់សោ​បណ្ដាញ hrpd)"},{"$i":"emergencyCallsOnly-ruimCorporateLocked","$v":"(បាន​ចាក់សោ​សាជីវកម្ម ruim)"},{"$i":"emergencyCallsOnly-ruimServiceProviderLocked","$v":"(បាន​ចាក់សោ​ក្រុមហ៊ុន​ផ្ដល់​សេវា ruim)"},{"$i":"lockscreen-sim-id","$v":["SIM ",{"t":"idOrVar","v":"n"}]},{"$i":"charging-status-no-time","$v":[{"t":"idOrVar","v":"level"},"% Charged"]},{"$i":"charging-status-minutes","$v":{"zero":[{"t":"idOrVar","v":"level"},"% Charged (",{"t":"idOrVar","v":"minutes"}," mins remaining)"],"one":[{"t":"idOrVar","v":"level"},"% Charged (",{"t":"idOrVar","v":"minutes"}," min remaining)"],"two":[{"t":"idOrVar","v":"level"},"% Charged (",{"t":"idOrVar","v":"minutes"}," mins remaining)"],"few":[{"t":"idOrVar","v":"level"},"% Charged (",{"t":"idOrVar","v":"minutes"}," mins remaining)"],"many":[{"t":"idOrVar","v":"level"},"% Charged (",{"t":"idOrVar","v":"minutes"}," mins remaining)"],"other":[{"t":"idOrVar","v":"level"},"% Charged (",{"t":"idOrVar","v":"minutes"}," mins remaining)"]},"$x":[{"t":"idOrVar","v":"plural"},"minutes"]},{"$i":"charging-status-hours","$v":{"zero":[{"t":"idOrVar","v":"level"},"% Charged (",{"t":"idOrVar","v":"hours"},"h ",{"t":"idOrVar","v":"minutes"}," mins remaining)"],"one":[{"t":"idOrVar","v":"level"},"% Charged (",{"t":"idOrVar","v":"hours"},"h ",{"t":"idOrVar","v":"minutes"}," min remaining)"],"two":[{"t":"idOrVar","v":"level"},"% Charged (",{"t":"idOrVar","v":"hours"},"h ",{"t":"idOrVar","v":"minutes"}," mins remaining)"],"few":[{"t":"idOrVar","v":"level"},"% Charged (",{"t":"idOrVar","v":"hours"},"h ",{"t":"idOrVar","v":"minutes"}," mins remaining)"],"many":[{"t":"idOrVar","v":"level"},"% Charged (",{"t":"idOrVar","v":"hours"},"h ",{"t":"idOrVar","v":"minutes"}," mins remaining)"],"other":[{"t":"idOrVar","v":"level"},"% Charged (",{"t":"idOrVar","v":"hours"},"h ",{"t":"idOrVar","v":"minutes"}," mins remaining)"]},"$x":[{"t":"idOrVar","v":"plural"},"minutes"]},{"$i":"phoneNumberInput","ariaLabel":"លេខ​ទូរស័ព្ទ"},{"$i":"keypadDelete","ariaLabel":"​លុប​"},{"$i":"voiceMailKey","ariaLabel":"សារ​ជា​សំឡេង"},{"$i":"asterisk","ariaLabel":"Asterisk"},{"$i":"hashSign","ariaLabel":"សញ្ញា #"},{"$i":"loadingSimContacts","$v":"Loading SIM card contacts…"},{"$i":"noContactsWereFound","$v":"No contacts were found"},{"$i":"noContactsFoundDialogOk","$v":"OK"},{"$i":"emergencyNumber","$v":"Emergency number"},{"$i":"callAirplaneModeMessage","$v":"To make a call you need to disable airplane mode in settings."},{"$i":"callAirplaneModeBtnOk","$v":"OK"},{"$i":"callAirplaneModeTitle","$v":"Airplane mode activated"},{"$i":"numberIsBusyTitle","$v":"Number is busy"},{"$i":"numberIsBusyMessage","$v":"The number is currently busy. Please try again later."},{"$i":"fdnIsActiveTitle","$v":"FDN active"},{"$i":"fdnIsActiveMessage","$v":["FDN (Fixed Dialing Numbers) is activated and the following number is not in your FDN list: ",{"t":"idOrVar","v":"number"}]},{"$i":"emergencyDialogBodyBadNumber","$v":"To make a call, the phone must be connected to a network."},{"$i":"emergencyDialogBodyDeviceNotAccepted","$v":"Emergency calls are not allowed by the network."},{"$i":"emergencyDialogBtnOk","$v":"OK"},{"$i":"emergencyDialogTitle","$v":"No network connection"},{"$i":"invalidNumberToDialTitle","$v":"Invalid phone number"},{"$i":"invalidNumberToDialMessage","$v":"The phone number you are calling is not valid."},{"$i":"unableToCallTitle","$v":"Unable to make a phone call now"},{"$i":"unableToCallMessage","$v":"Cannot make a call. If you are already dialing, please hang up first."},{"$i":"otherConnectionInUseTitle","$v":"Other connection in use"},{"$i":"otherConnectionInUseMessage","$v":"You have an active call on another connection. You can only use one connection at a time."}]