[{"$i":"addNewNumber","$v":"Pridėti numerį"},{"$i":"contactDetails","$v":"Adresato savybės"},{"$i":"addToExistingContact","$v":"Papildyti esamą adresatą"},{"$i":"all","$v":"Visi","ariaLabel":"Visi"},{"$i":"bluetoothOption","ariaLabel":"Bluetooth"},{"$i":"callLog","$v":"Skambučių žurnalas"},{"$i":"callLogEdit","title":"Taisyti skambučių sąrašą"},{"$i":"callLogEditDialog","ariaLabel":"Skambučių sąrašo taisa"},{"$i":"connecting","$v":"Jungiamasi"},{"$i":"connectingEllipsis","$v":"Connecting…"},{"$i":"call-forwarding-async","$v":["Asynchronous: ",{"t":"idOrVar","v":"async"}]},{"$i":"call-forwarding-data","$v":["Data: ",{"t":"idOrVar","v":"data"}]},{"$i":"call-forwarding-error","$v":"An error occurred while retrieving call forwarding status"},{"$i":"call-forwarding-fax","$v":["FAX: ",{"t":"idOrVar","v":"fax"}]},{"$i":"call-forwarding-inactive","$v":"Inactive"},{"$i":"call-forwarding-packet","$v":["Packet: ",{"t":"idOrVar","v":"packet"}]},{"$i":"call-forwarding-pad","$v":["PAD: ",{"t":"idOrVar","v":"pad"}]},{"$i":"call-forwarding-sms","$v":["SMS: ",{"t":"idOrVar","v":"sms"}]},{"$i":"call-forwarding-status","$v":"Call forwarding status"},{"$i":"call-forwarding-sync","$v":["Synchronous: ",{"t":"idOrVar","v":"sync"}]},{"$i":"call-forwarding-voice","$v":["Voice: ",{"t":"idOrVar","v":"voice"}]},{"$i":"close","$v":"Užverti"},{"$i":"confirm-deletion","$v":"Pašalinti pažymėtus skambučius?"},{"$i":"contacts","ariaLabel":"Adresatai"},{"$i":"createNewContact","$v":"Kurti naują adresatą"},{"$i":"delete","$v":"Šalinti"},{"$i":"deselectAll","$v":"Nužymėti visus"},{"$i":"dialerAddContact","ariaLabel":"Naujas adresatas"},{"$i":"dialerAddContactDialog","ariaLabel":"Add Contact Dialog"},{"$i":"callInformation","$v":"Informacija apie skambutį"},{"$i":"edit-selected","$v":{"one":[{"t":"idOrVar","v":"n"}," pažymėtas"],"two":[{"t":"idOrVar","v":"n"}," pažymėti"],"few":[{"t":"idOrVar","v":"n"}," pažymėti"],"many":[{"t":"idOrVar","v":"n"}," pažymėti"],"other":[{"t":"idOrVar","v":"n"}," pažymėti"]},"$x":[{"t":"idOrVar","v":"plural"},"n"]},{"$i":"edit","$v":"Tvarkymas"},{"$i":"hideKeypad","ariaLabel":"Nerodyti klaviatūros"},{"$i":"ignore","$v":"Nepaisyti skambučio"},{"$i":"incoming","$v":"Įeinantis"},{"$i":"keypad","ariaLabel":"Klaviatūra"},{"$i":"makeCall","ariaLabel":"Skambinti"},{"$i":"merge","ariaLabel":"Merge"},{"$i":"info-missed","$v":"Praleisti"},{"$i":"missed","$v":"Praleisti","ariaLabel":"Praleisti"},{"$i":"canceled","$v":"Atsisakyta"},{"$i":"missedCall","$v":"Praleistas skambutis"},{"$i":"missedCallMultiSims","$v":["(SIM ",{"t":"idOrVar","v":"n"},") Praleistas skambutis"]},{"$i":"mmi-error","$v":"Siunčiant pranešimą, įvyko klaida"},{"$i":"mmi-session-expired","$v":"Seansas nebegalioja"},{"$i":"mmi-successfully-sent","$v":"Pranešimas sėkmingai išsiųstas"},{"$i":"mmi-notification-title-with-sim","$v":["(",{"t":"idOrVar","v":"sim"},") ",{"t":"idOrVar","v":"title"}]},{"$i":"mute","ariaLabel":"Nutildyti"},{"$i":"newCall","ariaLabel":"Naujas skambutis"},{"$i":"no-logs-msg-1","$v":"Skambučių žurnalas tuščias"},{"$i":"no-logs-msg-2","$v":"Paskambinkite jūs"},{"$i":"no-logs-msg-3","$v":"Praleistų skambučių nėra"},{"$i":"onHoldOption","ariaLabel":"On hold"},{"$i":"outgoing","$v":"Išeinantis"},{"$i":"recents","ariaLabel":"Paskiausi skambučiai"},{"$i":"reply","$v":"Atsakyti"},{"$i":"selectAll","$v":"Pažymėti visus"},{"$i":"send","$v":"Siųsti"},{"$i":"switch-calls","$v":"Perjungti pokalbį"},{"$i":"today","$v":"Šiandien"},{"$i":"withheld-number","$v":"numeris nerodomas"},{"$i":"from-contact","$v":["Skambina ",{"t":"idOrVar","v":"contact"}]},{"$i":"from-number","$v":["Skambina ",{"t":"idOrVar","v":"number"}]},{"$i":"from-withheld-number","$v":"Skambinama iš nerodomo numerio"},{"$i":"yesterday","$v":"Vakar"},{"$i":"sending","$v":"Siunčiama…"},{"$i":"speakerOption","ariaLabel":"Garsiakalbis"},{"$i":"ussd-services","$v":["„",{"t":"idOrVar","v":"operator"},"“ paslaugos"]},{"$i":"toggleKeypad","ariaLabel":"Rodyti arba slėpti klaviatūrą"},{"$i":"type-your-response","placeholder":"Įveskite savo atsakymą…"},{"$i":"clear-all-text","$v":"Išvalyti tekstą"},{"$i":"hide","$v":"Nerodyti"},{"$i":"call","$v":"Skambinti"},{"$i":"hold","ariaLabel":"Sulaikyti"},{"$i":"resume","$v":"Tęsti","ariaLabel":"Tęsti"},{"$i":"sendSms","$v":"Siųsti žinutę"},{"$i":"callEnded","$v":"Skambutis baigtas"},{"$i":"via-sim","$v":["naudojant SIM",{"t":"idOrVar","v":"n"}]},{"$i":"sim-number","$v":["SIM",{"t":"idOrVar","v":"n"}]},{"$i":"unknown","$v":"Nežinoma"},{"$i":"cancel","$v":"Atsisakyti"},{"$i":"hangup-a11y-button","ariaLabel":"Neatsiliepti"},{"$i":"pickup-a11y-button","ariaLabel":"Atsiliepti"},{"$i":"unlock-a11y-button","ariaLabel":"Slankiklis"},{"$i":"settings","$v":"Nuostatos"},{"$i":"delete-n-log?","$v":{"zero":"Niekas nepažymėta","one":["Šalinti ",{"t":"idOrVar","v":"n"}," pažymėtą įrašą?"],"two":["Šalinti ",{"t":"idOrVar","v":"n"}," pažymėtus įrašus?"],"few":["Šalinti ",{"t":"idOrVar","v":"n"}," pažymėtus įrašus?"],"many":["Šalinti ",{"t":"idOrVar","v":"n"}," pažymėtų įrašų?"],"other":["Šalinti ",{"t":"idOrVar","v":"n"}," pažymėtų įrašų?"]},"$x":[{"t":"idOrVar","v":"plural"},"n"]},{"$i":"callDurationMinutes","$v":[{"t":"idOrVar","v":"m"},":",{"t":"idOrVar","v":"s"}]},{"$i":"callDurationHours","$v":[{"t":"idOrVar","v":"h"},":",{"t":"idOrVar","v":"m"},":",{"t":"idOrVar","v":"s"}]},{"$i":"callDurationTextFormatSeconds","$v":[{"t":"idOrVar","v":"s"}," sek."]},{"$i":"callDurationTextFormatMinutes","$v":[{"t":"idOrVar","v":"m"}," min. ",{"t":"idOrVar","v":"s"}," sek."]},{"$i":"callDurationTextFormatHours","$v":[{"t":"idOrVar","v":"h"}," val. ",{"t":"idOrVar","v":"m"}," min ",{"t":"idOrVar","v":"s"}," sek."]},{"$i":"suggestionMatches","$v":{"one":[{"t":"idOrVar","v":"n"}," numeris, atitinkantis „",{"t":"idOrVar","v":"matchNumber"},"“"],"two":[{"t":"idOrVar","v":"n"}," numeriai, atitinkantys „",{"t":"idOrVar","v":"matchNumber"},"“"],"few":[{"t":"idOrVar","v":"n"}," numeriai, atitinkantys „",{"t":"idOrVar","v":"matchNumber"},"“"],"many":[{"t":"idOrVar","v":"n"}," numerių, atitinkančių „",{"t":"idOrVar","v":"matchNumber"},"“"],"other":[{"t":"idOrVar","v":"n"}," numerių, atitinkančių „",{"t":"idOrVar","v":"matchNumber"},"“"]},"$x":[{"t":"idOrVar","v":"plural"},"n"]},{"$i":"scCallBarring","$v":"Skamb. draudimas"},{"$i":"scCallForwarding","$v":"Sk. nukreipimas"},{"$i":"scClip","$v":"Įein. skamb. tel. nr."},{"$i":"scClir","$v":"Išein. sk. tel. nr."},{"$i":"scPwd","$v":"Slapt. keitimas"},{"$i":"scCallWaiting","$v":"Skamb. laukimas"},{"$i":"scPin","$v":"PIN keitimas"},{"$i":"scPin2","$v":"PIN2 keitimas"},{"$i":"scPuk","$v":"PIN atblokavimas"},{"$i":"scPuk2","$v":"PIN2 atblokavimas"},{"$i":"scImei","$v":"IMEI"},{"$i":"scUssd","$v":"USSD"},{"$i":"serviceClassVoice","$v":"Balsas"},{"$i":"serviceClassData","$v":"Duomenys"},{"$i":"serviceClassFax","$v":"Faksas"},{"$i":"serviceClassSms","$v":"SMS"},{"$i":"serviceClassDataSync","$v":"Sinchroninis"},{"$i":"serviceClassDataAsync","$v":"Nesinchroninis"},{"$i":"serviceClassPacket","$v":"Paketiniai duomenys"},{"$i":"serviceClassPad","$v":"PAD"},{"$i":"smServiceEnabled","$v":"Paslauga įjungta"},{"$i":"smServiceDisabled","$v":"Paslauga išjungta"},{"$i":"smServiceRegistered","$v":"Registracija sėkminga"},{"$i":"smServiceErased","$v":"Šalinimas sėkmingas"},{"$i":"smServiceInterrogated","$v":"Užklausa sėkminga"},{"$i":"smServiceNotProvisioned","$v":"Paslauga neteikiama"},{"$i":"smClirPermanent","$v":"Keisti numerio rodymo parinkties negalima"},{"$i":"smClirDefaultOnNextCallOn","$v":"Numeris numatytai nerodomas. Kito skambučio metu jis nebus rodomas"},{"$i":"smClirDefaultOnNextCallOff","$v":"Numeris numatytai nerodomas. Kito skambučio metu jis bus rodomas"},{"$i":"smClirDefaultOffNextCallOn","$v":"Numeris numatytai rodomas. Kito skambučio metu jis nebus rodomas"},{"$i":"smClirDefaultOffNextCallOff","$v":"Numeris numatytai rodomas. Kito skambučio metu jis bus rodomas"},{"$i":"smServiceEnabledFor","$v":"Paslauga įjungta:"},{"$i":"smPinChanged","$v":"PIN kodas pakeistas"},{"$i":"smPinUnblocked","$v":"PIN kodas atblokuotas"},{"$i":"smPin2Changed","$v":"PIN2 kodas pakeistas"},{"$i":"smPin2Unblocked","$v":"PIN2 kodas atblokuotas"},{"$i":"ServiceIsEnabled","$v":"Paslauga įjungta"},{"$i":"ServiceIsDisabled","$v":"Paslauga išjungta"},{"$i":"ServiceIsEnabledFor","$v":"Paslauga įjungta:"},{"$i":"emMmiError","$v":"Ryšio problema arba negalimas MMI kodas"},{"$i":"emMmiErrorPasswordIncorrect","$v":"Neteisingas slaptažodis"},{"$i":"emMmiErrorNotSupported","$v":"Negalimas arba nepalaikomas MMI kodas"},{"$i":"emMmiErrorInvalidAction","$v":"Negalimas veiksmas"},{"$i":"emMmiErrorInvalidScCode","$v":"Negalimas paslaugos kodas"},{"$i":"emMmiErrorBadPuk","$v":"Įvestas neteisingas PUK kodas"},{"$i":"emMmiErrorBadPin","$v":"Įvestas neteisingas senasis PIN kodas"},{"$i":"emMmiErrorNeedPuk2","$v":"Kortelei atblokuoti įveskite PIN2 kodą"},{"$i":"emMmiErrorMismatchPin","$v":"Įvesti PIN kodai nesutampa"},{"$i":"emMmiErrorInvalidPin","$v":"Pin kodą turi sudaryti 4–8 skaitmenys"},{"$i":"emMmiErrorNeedsPuk","$v":"Jūsų SIM kortelė užrakinta PUK kodu"},{"$i":"emMmiErrorEnablePin","$v":"Nesėkminga. Įjunkite SIM/RUIM LOCK"},{"$i":"emMmiErrorMmiFdn","$v":"Operacija galima tik su numeriais iš fiksuotojo (FDN) sąrašo"},{"$i":"emMmiErrorStkCcUssdDial","$v":"USSD užklausa pakeista DIAL užklausa"},{"$i":"emMmiErrorStkCcUssdSs","$v":"USSD užklausa pakeista SS užklausa"},{"$i":"emMmiErrorStkCcUssdUssd","$v":"USSD užklausa pakeista nauja USSD užklausa"},{"$i":"emMmiErrorStkCcSsDial","$v":"SS užklausa pakeista DIAL užklausa"},{"$i":"emMmiErrorStkCcSsUssd","$v":"SS užklausa pakeista USSD užklausa"},{"$i":"emMmiErrorStkCcSsSs","$v":"SS užklausa pakeista nauja SS užklausa"},{"$i":"emMmiErrorPinPukAttempts","$v":{"one":["Liko ",{"t":"idOrVar","v":"n"}," bandymas"],"two":["Liko ",{"t":"idOrVar","v":"n"}," bandymai"],"few":["Liko ",{"t":"idOrVar","v":"n"}," bandymai"],"many":["Liko ",{"t":"idOrVar","v":"n"}," bandymų"],"other":["Liko ",{"t":"idOrVar","v":"n"}," bandymų"]},"$x":[{"t":"idOrVar","v":"plural"},"n"]},{"$i":"emMmiErrorSimBlocked","$v":"Viršytas leistinas bandymų skaičius. SIM kortelė užblokuota"},{"$i":"RadioNotAvailable","$v":"Nėra ryšio signalo"},{"$i":"GenericFailure","$v":"Nedetalizuota klaida"},{"$i":"PasswordIncorrect","$v":"Slaptažodis neteisingas"},{"$i":"SimPin2","$v":"SIM PIN2"},{"$i":"SimPuk2","$v":"SIM PUK2"},{"$i":"RequestNotSupported","$v":"Užklausa nepalaikoma"},{"$i":"OpNotAllowedDuringVoiceCall","$v":"Operacija negalima balso skambučio metu"},{"$i":"SmsSendFailRetry","$v":"SMS išsiųsti nepavyko, bandoma dar kartą"},{"$i":"SimAbsent","$v":"Nėra SIM kortelės"},{"$i":"SubscriptionNotAvailable","$v":"Paslauga negalima"},{"$i":"ModeNotSupported","$v":"Veiksena nepalaikoma"},{"$i":"FdnCheckFailure","$v":"FDN patikrinimo klaida"},{"$i":"IllegalSimOrMe","$v":"Neleistina SIM arba ME"},{"$i":"DialModifiedToUssd","$v":"DIAL užklausa pakeista į USSD"},{"$i":"DialModifiedToSs","$v":"DIAL užklausa pakeista į SS"},{"$i":"DialModifiedToDial","$v":"DIAL užklausa pakeista į DIAL"},{"$i":"UssdModifiedToDial","$v":"USSD užklausa pakeista į DIAL"},{"$i":"UssdModifiedToSs","$v":"USSD užklausa pakeista į SS"},{"$i":"UssdModifiedToUssd","$v":"USSD užklausa pakeista į USSD"},{"$i":"SsModifiedToDial","$v":"SS užklausa pakeista į DIAL"},{"$i":"SsModifiedToUssd","$v":"SS užklausa pakeista į USSD"},{"$i":"SsModifiedToSs","$v":"SS užklausa pakeista į SS"},{"$i":"SubscriptionNotSupported","$v":"Paslauga nepalaikoma"},{"$i":"InvalidParameter","$v":"Neleistinas parametras"},{"$i":"RejectedByRemote","$v":"Atmesta ryšio partnerio"},{"$i":"conferenceCall","$v":["Konf. skambutis (",{"t":"idOrVar","v":"n"},")"]},{"$i":"caller-left-call","$v":[{"t":"idOrVar","v":"caller"}," atsijungė nuo pokalbio."]},{"$i":"conferenceAddError","$v":"Nepavyko sujungti skambučių"},{"$i":"conferenceRemoveError","$v":"Nepavyko atjungti skambučio"},{"$i":"longDateFormat","$v":"%A, %Eb %e d."},{"$i":"select-audio-sources","$v":"Pasirinkite garso šaltinį"},{"$i":"bluetooth-handsfree-device","$v":"„Bluetooth“ laisvų rankų įranga"},{"$i":"receiver","$v":"Mikrofonas"},{"$i":"speaker","$v":"Garsiakalbis"},{"$i":"voiceMail","$v":"Balso paštas"},{"$i":"weekday-0-long","$v":"Sekmadienis"},{"$i":"weekday-1-long","$v":"Pirmadienis"},{"$i":"weekday-2-long","$v":"Antradienis"},{"$i":"weekday-3-long","$v":"Trečiadienis"},{"$i":"weekday-4-long","$v":"Ketvirtadienis"},{"$i":"weekday-5-long","$v":"Penktadienis"},{"$i":"weekday-6-long","$v":"Šeštadienis"},{"$i":"weekday-0-short","$v":"Sk"},{"$i":"weekday-1-short","$v":"Pr"},{"$i":"weekday-2-short","$v":"An"},{"$i":"weekday-3-short","$v":"Tr"},{"$i":"weekday-4-short","$v":"Kt"},{"$i":"weekday-5-short","$v":"Pn"},{"$i":"weekday-6-short","$v":"Št"},{"$i":"month-0-long","$v":"sausis"},{"$i":"month-1-long","$v":"vasaris"},{"$i":"month-2-long","$v":"kovas"},{"$i":"month-3-long","$v":"balandis"},{"$i":"month-4-long","$v":"gegužė"},{"$i":"month-5-long","$v":"birželis"},{"$i":"month-6-long","$v":"liepa"},{"$i":"month-7-long","$v":"rugpjūtis"},{"$i":"month-8-long","$v":"rugsėjis"},{"$i":"month-9-long","$v":"spalis"},{"$i":"month-10-long","$v":"lapkritis"},{"$i":"month-11-long","$v":"gruodis"},{"$i":"month-0-genitive","$v":"sausio"},{"$i":"month-1-genitive","$v":"vasario"},{"$i":"month-2-genitive","$v":"kovo"},{"$i":"month-3-genitive","$v":"balandžio"},{"$i":"month-4-genitive","$v":"gegužės"},{"$i":"month-5-genitive","$v":"birželio"},{"$i":"month-6-genitive","$v":"liepos"},{"$i":"month-7-genitive","$v":"rugpjūčio"},{"$i":"month-8-genitive","$v":"rugsėjo"},{"$i":"month-9-genitive","$v":"spalio"},{"$i":"month-10-genitive","$v":"lapkričio"},{"$i":"month-11-genitive","$v":"gruodžio"},{"$i":"month-0-short","$v":"Sau"},{"$i":"month-1-short","$v":"Vas"},{"$i":"month-2-short","$v":"Kov"},{"$i":"month-3-short","$v":"Bal"},{"$i":"month-4-short","$v":"Geg"},{"$i":"month-5-short","$v":"Bir"},{"$i":"month-6-short","$v":"Lie"},{"$i":"month-7-short","$v":"Rgp"},{"$i":"month-8-short","$v":"Rgs"},{"$i":"month-9-short","$v":"Spa"},{"$i":"month-10-short","$v":"Lap"},{"$i":"month-11-short","$v":"Grd"},{"$i":"minutes-ago-long","$v":{"zero":"ką tik","one":["prieš ",{"t":"idOrVar","v":"value"}," minutę"],"two":["prieš ",{"t":"idOrVar","v":"value"}," minutes"],"few":["prieš ",{"t":"idOrVar","v":"value"}," minutes"],"many":["prieš ",{"t":"idOrVar","v":"value"}," minučių"],"other":["prieš ",{"t":"idOrVar","v":"value"}," minučių"]},"$x":[{"t":"idOrVar","v":"plural"},"value"]},{"$i":"hours-ago-long","$v":{"zero":"ką tik","one":["prieš ",{"t":"idOrVar","v":"value"}," valandą"],"two":["prieš ",{"t":"idOrVar","v":"value"}," valandas"],"few":["prieš ",{"t":"idOrVar","v":"value"}," valandas"],"many":["prieš ",{"t":"idOrVar","v":"value"}," valandų"],"other":["prieš ",{"t":"idOrVar","v":"value"}," valandų"]},"$x":[{"t":"idOrVar","v":"plural"},"value"]},{"$i":"days-ago-long","$v":{"zero":"šiandien","one":"vakar","two":["prieš ",{"t":"idOrVar","v":"value"}," dienas"],"few":["prieš ",{"t":"idOrVar","v":"value"}," dienas"],"many":["prieš ",{"t":"idOrVar","v":"value"}," dienų"],"other":["prieš ",{"t":"idOrVar","v":"value"}," dienų"]},"$x":[{"t":"idOrVar","v":"plural"},"value"]},{"$i":"weeks-ago-long","$v":{"zero":"šią savaitę","one":"praėjusią savaitę","two":["prieš ",{"t":"idOrVar","v":"value"}," savaites"],"few":["prieš ",{"t":"idOrVar","v":"value"}," savaites"],"many":["prieš ",{"t":"idOrVar","v":"value"}," savaičių"],"other":["prieš ",{"t":"idOrVar","v":"value"}," savaičių"]},"$x":[{"t":"idOrVar","v":"plural"},"value"]},{"$i":"months-ago-long","$v":{"zero":"šį mėnesį","one":"praėjusį mėnesį","two":["prieš ",{"t":"idOrVar","v":"value"}," mėnesius"],"few":["prieš ",{"t":"idOrVar","v":"value"}," mėnesius"],"many":["prieš ",{"t":"idOrVar","v":"value"}," mėnesių"],"other":["prieš ",{"t":"idOrVar","v":"value"}," mėnesių"]},"$x":[{"t":"idOrVar","v":"plural"},"value"]},{"$i":"years-ago-long","$v":{"zero":"šiemet","one":["prieš ",{"t":"idOrVar","v":"value"}," metus"],"two":["prieš ",{"t":"idOrVar","v":"value"}," metus"],"few":["prieš ",{"t":"idOrVar","v":"value"}," metus"],"many":["prieš ",{"t":"idOrVar","v":"value"}," metų"],"other":["prieš ",{"t":"idOrVar","v":"value"}," metų"]},"$x":[{"t":"idOrVar","v":"plural"},"value"]},{"$i":"minutes-until-long","$v":{"zero":"dabar","one":["už ",{"t":"idOrVar","v":"value"}," minutės"],"two":["už ",{"t":"idOrVar","v":"value"}," minučių"],"few":["už ",{"t":"idOrVar","v":"value"}," minučių"],"many":["už ",{"t":"idOrVar","v":"value"}," minučių"],"other":["už ",{"t":"idOrVar","v":"value"}," minučių"]},"$x":[{"t":"idOrVar","v":"plural"},"value"]},{"$i":"hours-until-long","$v":{"zero":"dabar","one":["už ",{"t":"idOrVar","v":"value"}," valandos"],"two":["už ",{"t":"idOrVar","v":"value"}," valandų"],"few":["už ",{"t":"idOrVar","v":"value"}," valandų"],"many":["už ",{"t":"idOrVar","v":"value"}," valandų"],"other":["už ",{"t":"idOrVar","v":"value"}," valandų"]},"$x":[{"t":"idOrVar","v":"plural"},"value"]},{"$i":"days-until-long","$v":{"zero":"šiandien","one":"rytoj","two":["už ",{"t":"idOrVar","v":"value"}," dienų"],"few":["už ",{"t":"idOrVar","v":"value"}," dienų"],"many":["už ",{"t":"idOrVar","v":"value"}," dienų"],"other":["už ",{"t":"idOrVar","v":"value"}," dienų"]},"$x":[{"t":"idOrVar","v":"plural"},"value"]},{"$i":"weeks-until-long","$v":{"zero":"šią savaitę","one":"kitą savaitę","two":["už ",{"t":"idOrVar","v":"value"}," savaičių"],"few":["už ",{"t":"idOrVar","v":"value"}," savaičių"],"many":["už ",{"t":"idOrVar","v":"value"}," savaičių"],"other":["už ",{"t":"idOrVar","v":"value"}," savaičių"]},"$x":[{"t":"idOrVar","v":"plural"},"value"]},{"$i":"months-until-long","$v":{"zero":"šį mėnesį","one":"kitą mėnesį","two":["už ",{"t":"idOrVar","v":"value"}," mėnesių"],"few":["už ",{"t":"idOrVar","v":"value"}," mėnesių"],"many":["už ",{"t":"idOrVar","v":"value"}," mėnesių"],"other":["už ",{"t":"idOrVar","v":"value"}," mėnesių"]},"$x":[{"t":"idOrVar","v":"plural"},"value"]},{"$i":"years-until-long","$v":{"zero":"šiemet","one":"kitais metais","two":["už ",{"t":"idOrVar","v":"value"}," metų"],"few":["už ",{"t":"idOrVar","v":"value"}," metų"],"many":["už ",{"t":"idOrVar","v":"value"}," metų"],"other":["už ",{"t":"idOrVar","v":"value"}," metų"]},"$x":[{"t":"idOrVar","v":"plural"},"value"]},{"$i":"minutes-ago-short","$v":{"zero":"ką tik","other":["prieš ",{"t":"idOrVar","v":"value"}," min."]},"$x":[{"t":"idOrVar","v":"plural"},"value"]},{"$i":"hours-ago-short","$v":{"zero":"ką tik","other":["prieš ",{"t":"idOrVar","v":"value"}," val."]},"$x":[{"t":"idOrVar","v":"plural"},"value"]},{"$i":"days-ago-short","$v":{"zero":"šiandien","other":["prieš ",{"t":"idOrVar","v":"value"}," d."]},"$x":[{"t":"idOrVar","v":"plural"},"value"]},{"$i":"minutes-until-short","$v":{"zero":"dabar","other":["už ",{"t":"idOrVar","v":"value"}," min."]},"$x":[{"t":"idOrVar","v":"plural"},"value"]},{"$i":"hours-until-short","$v":{"zero":"dabar","other":["už ",{"t":"idOrVar","v":"value"}," val."]},"$x":[{"t":"idOrVar","v":"plural"},"value"]},{"$i":"days-until-short","$v":{"zero":"šiandien","other":["už ",{"t":"idOrVar","v":"value"}," d."]},"$x":[{"t":"idOrVar","v":"plural"},"value"]},{"$i":"incorrectDate","$v":"(negalima data)"},{"$i":"dateTimeFormat_%c","$v":"%Y m. %Eb %e d. %H:%M:%S"},{"$i":"dateTimeFormat_%x","$v":"%Y-%m-%d"},{"$i":"dateTimeFormat_%X","$v":"%H:%M:%S"},{"$i":"shortTimeFormat","$v":"%H:%M"},{"$i":"shortTimeFormat12","$v":"%I:%M %p"},{"$i":"shortTimeFormat24","$v":"%H:%M"},{"$i":"shortDateTimeFormat","$v":"%x %H:%M"},{"$i":"weekStartsOnMonday","$v":"1"},{"$i":"firstDayOfTheWeek","$v":"0"},{"$i":"time_am","$v":"AM"},{"$i":"time_pm","$v":"PM"},{"$i":"label","$v":"Tipas"},{"$i":"mobile","$v":"Mobilusis"},{"$i":"home","$v":"Namų"},{"$i":"work","$v":"Darbo"},{"$i":"personal","$v":"Asmeninis"},{"$i":"faxHome","$v":"Namų faksas"},{"$i":"faxOffice","$v":"Darbo faksas"},{"$i":"faxOther","$v":"Kitas faksas"},{"$i":"another","$v":"Kitas"},{"$i":"other","$v":"Kitas"},{"$i":"customTag","placeholder":"Kitoks tipas"},{"$i":"current","$v":"Dabartinis adr."},{"$i":"itemWithLabel","$v":[{"t":"idOrVar","v":"label"},", ",{"t":"idOrVar","v":"item"}]},{"$i":"airplaneMode","$v":"Skrydžio veiksena"},{"$i":"searching","$v":"Ieškoma…"},{"$i":"noNetwork","$v":"Nerastas tinklas"},{"$i":"roaming","$v":[{"t":"idOrVar","v":"operator"}," (tarptinklinis ryšys)"]},{"$i":"operator-info","$v":[{"t":"idOrVar","v":"carrier"}," ",{"t":"idOrVar","v":"region"}]},{"$i":"emergencyCallsOnly","$v":"Tik pagalbos skambučiai"},{"$i":"emergencyCallsOnly-unknownSIMState","$v":"(nežinoma SIM kortelės būsena)"},{"$i":"emergencyCallsOnly-noSIM","$v":"(be SIM kortelės)"},{"$i":"emergencyCallsOnly-pinRequired","$v":"(reikalingas SIM PIN kodas)"},{"$i":"emergencyCallsOnly-pukRequired","$v":"(reikalingas SIM PUK kodas)"},{"$i":"emergencyCallsOnly-networkLocked","$v":"(„pririštas“ prie tinklo)"},{"$i":"emergencyCallsOnly-serviceProviderLocked","$v":"(„pririštas“ prie paslaugos teikėjo)"},{"$i":"emergencyCallsOnly-corporateLocked","$v":"(„pririštas“ prie įmonės)"},{"$i":"emergencyCallsOnly-network1Locked","$v":"(„pririštas“ prie pirmojo tinklo)"},{"$i":"emergencyCallsOnly-network2Locked","$v":"(„pririštas“ prie antrojo tinklo)"},{"$i":"emergencyCallsOnly-hrpdNetworkLocked","$v":"(HRPD „pririštas“ prie tinklo)"},{"$i":"emergencyCallsOnly-ruimCorporateLocked","$v":"(RUIM „pririštas“ prie įmonės)"},{"$i":"emergencyCallsOnly-ruimServiceProviderLocked","$v":"(RUIM „pririštas“ prie paslaugos teikėjo)"},{"$i":"lockscreen-sim-id","$v":["SIM ",{"t":"idOrVar","v":"n"}]},{"$i":"charging-status-no-time","$v":[{"t":"idOrVar","v":"level"},"% Charged"]},{"$i":"charging-status-minutes","$v":{"zero":[{"t":"idOrVar","v":"level"},"% Charged (",{"t":"idOrVar","v":"minutes"}," mins remaining)"],"one":[{"t":"idOrVar","v":"level"},"% Charged (",{"t":"idOrVar","v":"minutes"}," min remaining)"],"two":[{"t":"idOrVar","v":"level"},"% Charged (",{"t":"idOrVar","v":"minutes"}," mins remaining)"],"few":[{"t":"idOrVar","v":"level"},"% Charged (",{"t":"idOrVar","v":"minutes"}," mins remaining)"],"many":[{"t":"idOrVar","v":"level"},"% Charged (",{"t":"idOrVar","v":"minutes"}," mins remaining)"],"other":[{"t":"idOrVar","v":"level"},"% Charged (",{"t":"idOrVar","v":"minutes"}," mins remaining)"]},"$x":[{"t":"idOrVar","v":"plural"},"minutes"]},{"$i":"charging-status-hours","$v":{"zero":[{"t":"idOrVar","v":"level"},"% Charged (",{"t":"idOrVar","v":"hours"},"h ",{"t":"idOrVar","v":"minutes"}," mins remaining)"],"one":[{"t":"idOrVar","v":"level"},"% Charged (",{"t":"idOrVar","v":"hours"},"h ",{"t":"idOrVar","v":"minutes"}," min remaining)"],"two":[{"t":"idOrVar","v":"level"},"% Charged (",{"t":"idOrVar","v":"hours"},"h ",{"t":"idOrVar","v":"minutes"}," mins remaining)"],"few":[{"t":"idOrVar","v":"level"},"% Charged (",{"t":"idOrVar","v":"hours"},"h ",{"t":"idOrVar","v":"minutes"}," mins remaining)"],"many":[{"t":"idOrVar","v":"level"},"% Charged (",{"t":"idOrVar","v":"hours"},"h ",{"t":"idOrVar","v":"minutes"}," mins remaining)"],"other":[{"t":"idOrVar","v":"level"},"% Charged (",{"t":"idOrVar","v":"hours"},"h ",{"t":"idOrVar","v":"minutes"}," mins remaining)"]},"$x":[{"t":"idOrVar","v":"plural"},"minutes"]},{"$i":"phoneNumberInput","ariaLabel":"Telefono numeris"},{"$i":"keypadDelete","ariaLabel":"Naikinti"},{"$i":"voiceMailKey","ariaLabel":"Balso paštas"},{"$i":"asterisk","ariaLabel":"Žvaigždutė"},{"$i":"hashSign","ariaLabel":"Grotelės"},{"$i":"loadingSimContacts","$v":"Loading SIM card contacts…"},{"$i":"noContactsWereFound","$v":"No contacts were found"},{"$i":"noContactsFoundDialogOk","$v":"OK"},{"$i":"emergencyNumber","$v":"Pagalbos skambutis"},{"$i":"callAirplaneModeMessage","$v":"Jeigu norite skambinti, turite nuostatose išjungti skrydžio veikseną."},{"$i":"callAirplaneModeBtnOk","$v":"Gerai"},{"$i":"callAirplaneModeTitle","$v":"Įgalinta skrydžio veiksena"},{"$i":"numberIsBusyTitle","$v":"Numeris užimtas"},{"$i":"numberIsBusyMessage","$v":"Numeris šiuo metu užimtas. Bandykite paskambinti vėliau."},{"$i":"fdnIsActiveTitle","$v":"Ribojami numeriai"},{"$i":"fdnIsActiveMessage","$v":["Numeriu ",{"t":"idOrVar","v":"number"}," skambinti neleidžiama, nes jo nėra leistinų numerių sąraše."]},{"$i":"emergencyDialogBodyBadNumber","$v":"Kad galėtumėte atlikti skambutį, šis telefonas turi būti tinkle."},{"$i":"emergencyDialogBodyDeviceNotAccepted","$v":"Pagalbos skambučiai šiame tinkle draudžiami."},{"$i":"emergencyDialogBtnOk","$v":"Gerai"},{"$i":"emergencyDialogTitle","$v":"Nėra ryšio su tinklu"},{"$i":"invalidNumberToDialTitle","$v":"Negalimas telefono numeris"},{"$i":"invalidNumberToDialMessage","$v":"Telefono numeris, kuriuo bandote skambinti, yra blogas."},{"$i":"unableToCallTitle","$v":"Šiuo metu skambinti negalima"},{"$i":"unableToCallMessage","$v":"Skambinti negalima. Jeigu šiuo metu skambutis jau vykdomas, pirmiau turite jį nutraukti."},{"$i":"otherConnectionInUseTitle","$v":"Jau naudojamas kitas ryšys"},{"$i":"otherConnectionInUseMessage","$v":"Šiuo metu vykdomas skambutis, naudojant kitą ryšį. Vienu metu galima naudoti tik vieną ryšį."}]