[{"$i":"addNewNumber","$v":"Add new number"},{"$i":"contactDetails","$v":"Contact details"},{"$i":"addToExistingContact","$v":"Додај во постоечкиот контакт"},{"$i":"all","$v":"All","ariaLabel":"All"},{"$i":"bluetoothOption","ariaLabel":"Bluetooth"},{"$i":"callLog","$v":"Запис на повици"},{"$i":"callLogEdit","title":"Edit call log"},{"$i":"callLogEditDialog","ariaLabel":"Edit call log dialog"},{"$i":"connecting","$v":"Се поврзува"},{"$i":"connectingEllipsis","$v":"Connecting…"},{"$i":"call-forwarding-async","$v":["Asynchronous: ",{"t":"idOrVar","v":"async"}]},{"$i":"call-forwarding-data","$v":["Data: ",{"t":"idOrVar","v":"data"}]},{"$i":"call-forwarding-error","$v":"An error occurred while retrieving call forwarding status"},{"$i":"call-forwarding-fax","$v":["FAX: ",{"t":"idOrVar","v":"fax"}]},{"$i":"call-forwarding-inactive","$v":"Inactive"},{"$i":"call-forwarding-packet","$v":["Packet: ",{"t":"idOrVar","v":"packet"}]},{"$i":"call-forwarding-pad","$v":["PAD: ",{"t":"idOrVar","v":"pad"}]},{"$i":"call-forwarding-sms","$v":["SMS: ",{"t":"idOrVar","v":"sms"}]},{"$i":"call-forwarding-status","$v":"Call forwarding status"},{"$i":"call-forwarding-sync","$v":["Synchronous: ",{"t":"idOrVar","v":"sync"}]},{"$i":"call-forwarding-voice","$v":["Voice: ",{"t":"idOrVar","v":"voice"}]},{"$i":"close","$v":"Close"},{"$i":"confirm-deletion","$v":"Исчисти ги избраните повици?"},{"$i":"contacts","ariaLabel":"Contacts"},{"$i":"createNewContact","$v":"Создади нов контакт"},{"$i":"delete","$v":"Избриши"},{"$i":"deselectAll","$v":"Поништи избор"},{"$i":"dialerAddContact","ariaLabel":"Add contact"},{"$i":"dialerAddContactDialog","ariaLabel":"Add Contact Dialog"},{"$i":"callInformation","$v":"Call Information"},{"$i":"edit-selected","$v":{"one":[{"t":"idOrVar","v":"n"}," избрано"],"two":[{"t":"idOrVar","v":"n"}," избрани"],"few":[{"t":"idOrVar","v":"n"}," избрани"],"many":[{"t":"idOrVar","v":"n"}," избрани"],"other":[{"t":"idOrVar","v":"n"}," избрано"]},"$x":[{"t":"idOrVar","v":"plural"},"n"]},{"$i":"edit","$v":"Уреди"},{"$i":"hideKeypad","ariaLabel":"Hide keypad"},{"$i":"ignore","$v":"Игнорирај повик"},{"$i":"incoming","$v":"Дојдовен"},{"$i":"keypad","ariaLabel":"Keypad"},{"$i":"makeCall","ariaLabel":"Make call"},{"$i":"merge","ariaLabel":"Merge"},{"$i":"info-missed","$v":"Missed"},{"$i":"missed","$v":"Missed","ariaLabel":"Missed"},{"$i":"canceled","$v":"Canceled"},{"$i":"missedCall","$v":"Пропуштен повик"},{"$i":"missedCallMultiSims","$v":["(SIM ",{"t":"idOrVar","v":"n"},") пропуштен повик"]},{"$i":"mmi-error","$v":"Грешка при праќање на пораката"},{"$i":"mmi-session-expired","$v":"Сесијата истече"},{"$i":"mmi-successfully-sent","$v":"Успешно пратена порака"},{"$i":"mmi-notification-title-with-sim","$v":["(",{"t":"idOrVar","v":"sim"},") ",{"t":"idOrVar","v":"title"}]},{"$i":"mute","ariaLabel":"Mute"},{"$i":"newCall","ariaLabel":"New call"},{"$i":"no-logs-msg-1","$v":"Нема запис на повици"},{"$i":"no-logs-msg-2","$v":"Започни со комуникација веднаш"},{"$i":"no-logs-msg-3","$v":"Нема пропуштени повици"},{"$i":"onHoldOption","ariaLabel":"On hold"},{"$i":"outgoing","$v":"Outgoing"},{"$i":"recents","ariaLabel":"Recent calls"},{"$i":"reply","$v":"Одговори"},{"$i":"selectAll","$v":"Избери сѐ"},{"$i":"send","$v":"Прати"},{"$i":"switch-calls","$v":"Смени повици"},{"$i":"today","$v":"Денес"},{"$i":"withheld-number","$v":"Скриен број"},{"$i":"from-contact","$v":["Од ",{"t":"idOrVar","v":"contact"}]},{"$i":"from-number","$v":["Од ",{"t":"idOrVar","v":"number"}]},{"$i":"from-withheld-number","$v":"Од скриен број"},{"$i":"yesterday","$v":"Вчера"},{"$i":"sending","$v":"Праќање…"},{"$i":"speakerOption","ariaLabel":"Speaker"},{"$i":"ussd-services","$v":[{"t":"idOrVar","v":"operator"}," сервиси"]},{"$i":"toggleKeypad","ariaLabel":"Toggle keypad"},{"$i":"type-your-response","placeholder":"Пишете го вашиот одговор…"},{"$i":"clear-all-text","$v":"Исчисти го цел текст"},{"$i":"hide","$v":"Скриј"},{"$i":"call","$v":"Повикај"},{"$i":"hold","ariaLabel":"Hold"},{"$i":"resume","$v":"Resume","ariaLabel":"Resume"},{"$i":"sendSms","$v":"Прати порака"},{"$i":"callEnded","$v":"Повикот заврши"},{"$i":"via-sim","$v":["преку SIM",{"t":"idOrVar","v":"n"}]},{"$i":"sim-number","$v":["SIM",{"t":"idOrVar","v":"n"}]},{"$i":"unknown","$v":"Unknown"},{"$i":"cancel","$v":"Откажи"},{"$i":"hangup-a11y-button","ariaLabel":"Hang Up"},{"$i":"pickup-a11y-button","ariaLabel":"Pick up"},{"$i":"unlock-a11y-button","ariaLabel":"Slider"},{"$i":"settings","$v":"Поставки"},{"$i":"delete-n-log?","$v":{"few":["Бришење ",{"t":"idOrVar","v":"n"}," записи?"],"many":["Бришење ",{"t":"idOrVar","v":"n"}," записи?"],"one":"Бришење на избраниот запис?","other":["Бришење ",{"t":"idOrVar","v":"n"}," записи?"],"two":["Бришење ",{"t":"idOrVar","v":"n"}," записи?"],"zero":"Нема избрано"},"$x":[{"t":"idOrVar","v":"plural"},"n"]},{"$i":"callDurationMinutes","$v":[{"t":"idOrVar","v":"m"},":",{"t":"idOrVar","v":"s"}]},{"$i":"callDurationHours","$v":[{"t":"idOrVar","v":"h"},":",{"t":"idOrVar","v":"m"},":",{"t":"idOrVar","v":"s"}]},{"$i":"callDurationTextFormatSeconds","$v":[{"t":"idOrVar","v":"s"}," s"]},{"$i":"callDurationTextFormatMinutes","$v":[{"t":"idOrVar","v":"m"}," m ",{"t":"idOrVar","v":"s"}," s"]},{"$i":"callDurationTextFormatHours","$v":[{"t":"idOrVar","v":"h"}," h ",{"t":"idOrVar","v":"m"}," m ",{"t":"idOrVar","v":"s"}," s"]},{"$i":"suggestionMatches","$v":{"one":[{"t":"idOrVar","v":"n"}," најдено за \"",{"t":"idOrVar","v":"matchNumber"},"\""],"two":[{"t":"idOrVar","v":"n"}," најдени за \"",{"t":"idOrVar","v":"matchNumber"},"\""],"few":[{"t":"idOrVar","v":"n"}," најдени за \"",{"t":"idOrVar","v":"matchNumber"},"\""],"many":[{"t":"idOrVar","v":"n"}," најдени за \"",{"t":"idOrVar","v":"matchNumber"},"\""],"other":[{"t":"idOrVar","v":"n"}," најдени за \"",{"t":"idOrVar","v":"matchNumber"},"\""]},"$x":[{"t":"idOrVar","v":"plural"},"n"]},{"$i":"scCallBarring","$v":"Забрана за повик"},{"$i":"scCallForwarding","$v":"Пренасочување на повик"},{"$i":"scClip","$v":"Дојдовна идентификација"},{"$i":"scClir","$v":"Појдовна идентификација"},{"$i":"scPwd","$v":"Промена на лозинка"},{"$i":"scCallWaiting","$v":"Повик на чекање"},{"$i":"scPin","$v":"PIN промена"},{"$i":"scPin2","$v":"PIN2 промена"},{"$i":"scPuk","$v":"Одблокирај PIN"},{"$i":"scPuk2","$v":"Одблокирај PIN2"},{"$i":"scImei","$v":"IMEI"},{"$i":"scUssd","$v":"USSD"},{"$i":"serviceClassVoice","$v":"Говор"},{"$i":"serviceClassData","$v":"Податоци"},{"$i":"serviceClassFax","$v":"Факс"},{"$i":"serviceClassSms","$v":"СМС"},{"$i":"serviceClassDataSync","$v":"Синхрино"},{"$i":"serviceClassDataAsync","$v":"Асинхроно"},{"$i":"serviceClassPacket","$v":"Пакет"},{"$i":"serviceClassPad","$v":"PAD"},{"$i":"smServiceEnabled","$v":"Сервисот беше овозможен"},{"$i":"smServiceDisabled","$v":"Сервисот беше оневозможен"},{"$i":"smServiceRegistered","$v":"Регистрацијата беше успешна"},{"$i":"smServiceErased","$v":"Бришењето беше успешно"},{"$i":"smServiceInterrogated","$v":"Барањето беше успешно"},{"$i":"smServiceNotProvisioned","$v":"Сервисот не е провизиониран"},{"$i":"smClirPermanent","$v":"Не можете да ја смените поставката за идентификација на повик"},{"$i":"smClirDefaultOnNextCallOn","$v":"Предефинирано за идентификација на повик е скриен. Следниот повик: скриен"},{"$i":"smClirDefaultOnNextCallOff","$v":"Предефинирано за идентификација на повик е скриен. Следниот повик: прикажан"},{"$i":"smClirDefaultOffNextCallOn","$v":"Предефинирано за идентификација на повик е прикажан. Следниот повик: скриен"},{"$i":"smClirDefaultOffNextCallOff","$v":"Предефинирано за идентификација на повик е прикажан. Следниот повик: прикажан"},{"$i":"smServiceEnabledFor","$v":"Сервисот беше овозможен за:"},{"$i":"smPinChanged","$v":"PIN успешно променет"},{"$i":"smPinUnblocked","$v":"PIN успешно одблокиран"},{"$i":"smPin2Changed","$v":"PIN2 успешно променет"},{"$i":"smPin2Unblocked","$v":"PIN2 успешно одблокиран"},{"$i":"ServiceIsEnabled","$v":"Service is enabled"},{"$i":"ServiceIsDisabled","$v":"Service is disabled"},{"$i":"ServiceIsEnabledFor","$v":"Service is enabled for:"},{"$i":"emMmiError","$v":"Проблем во комуникација или невалиден MMI код"},{"$i":"emMmiErrorPasswordIncorrect","$v":"Грешна лозинка"},{"$i":"emMmiErrorNotSupported","$v":"Неправилен или неподржан MMI код"},{"$i":"emMmiErrorInvalidAction","$v":"Неправилна акција"},{"$i":"emMmiErrorInvalidScCode","$v":"Неправилен сервисе код"},{"$i":"emMmiErrorBadPuk","$v":"PUK бројот што го внесовте не е точен."},{"$i":"emMmiErrorBadPin","$v":"Стариот PUK број што го внесовте не е точен."},{"$i":"emMmiErrorNeedPuk2","$v":"Внесете го PUK2 бројот за одблокирање на сим картичката."},{"$i":"emMmiErrorMismatchPin","$v":"PIN броевите што ги внесовте не се исти"},{"$i":"emMmiErrorInvalidPin","$v":"Внесете PIN од 4 до 8 цифри"},{"$i":"emMmiErrorNeedsPuk","$v":"Вашата SIM картичка е PUK-заклучена"},{"$i":"emMmiErrorEnablePin","$v":"Неуспешно. Овозможи SIM/RUIM заклучувуање"},{"$i":"emMmiErrorMmiFdn","$v":"Операцијата е ограничена само на вртење предефинирани броеви"},{"$i":"emMmiErrorStkCcUssdDial","$v":"USSD е променето во ПОВИК барање"},{"$i":"emMmiErrorStkCcUssdSs","$v":"USSD е променето во барање за SS"},{"$i":"emMmiErrorStkCcUssdUssd","$v":"USSD е променето во ново USSD барање"},{"$i":"emMmiErrorStkCcSsDial","$v":"SS e променето во ПОВИК барање"},{"$i":"emMmiErrorStkCcSsUssd","$v":"SS е променето во USSD барање"},{"$i":"emMmiErrorStkCcSsSs","$v":"SS е променето во ново SS барање"},{"$i":"emMmiErrorPinPukAttempts","$v":{"one":["Само ",{"t":"idOrVar","v":"n"}," обид преостанува"],"two":[{"t":"idOrVar","v":"n"}," преостанати обиди"],"few":[{"t":"idOrVar","v":"n"}," преостанати обиди"],"many":[{"t":"idOrVar","v":"n"}," преостанати обиди"],"other":[{"t":"idOrVar","v":"n"}," преостанати обиди"]},"$x":[{"t":"idOrVar","v":"plural"},"n"]},{"$i":"emMmiErrorSimBlocked","$v":"Надминат е максималниот број обиди. SIM блокирана"},{"$i":"RadioNotAvailable","$v":"Радиото не е достапно"},{"$i":"GenericFailure","$v":"Генерички неуспех"},{"$i":"PasswordIncorrect","$v":"Грешна лозинка"},{"$i":"SimPin2","$v":"SIM PIN2"},{"$i":"SimPuk2","$v":"SIM PUK2"},{"$i":"RequestNotSupported","$v":"Барањето не е поддржано"},{"$i":"OpNotAllowedDuringVoiceCall","$v":"Акцијата не е дозволена при говорен повик"},{"$i":"SmsSendFailRetry","$v":"SMS send fail retry"},{"$i":"SimAbsent","$v":"SIM не е присутна"},{"$i":"SubscriptionNotAvailable","$v":"Претплата не е достапна"},{"$i":"ModeNotSupported","$v":"Режим не е поддржан"},{"$i":"FdnCheckFailure","$v":"Неуспех на Fdn проверка"},{"$i":"IllegalSimOrMe","$v":"Нелегален SIM или ME"},{"$i":"DialModifiedToUssd","$v":"Повик променет во USSD"},{"$i":"DialModifiedToSs","$v":"Повик променет во SS"},{"$i":"DialModifiedToDial","$v":"Повик променет во повик"},{"$i":"UssdModifiedToDial","$v":"USSD променет во повик"},{"$i":"UssdModifiedToSs","$v":"USSD променет во SS"},{"$i":"UssdModifiedToUssd","$v":"USSD променет во USSD"},{"$i":"SsModifiedToDial","$v":"SS променет во повик"},{"$i":"SsModifiedToUssd","$v":"SS променет во USSD"},{"$i":"SsModifiedToSs","$v":"SS променет во SS"},{"$i":"SubscriptionNotSupported","$v":"Претплата не е поддржана"},{"$i":"InvalidParameter","$v":"Неправилен параметар"},{"$i":"RejectedByRemote","$v":"Одбиен од оддалеченo"},{"$i":"conferenceCall","$v":["Conference (",{"t":"idOrVar","v":"n"},")"]},{"$i":"caller-left-call","$v":[{"t":"idOrVar","v":"caller"}," го напушти повикот."]},{"$i":"conferenceAddError","$v":"Не може да се спојат повиците"},{"$i":"conferenceRemoveError","$v":"Не може да се одвојат повиците"},{"$i":"longDateFormat","$v":"%A, %e %B"},{"$i":"select-audio-sources","$v":"Избери извори на аудио"},{"$i":"bluetooth-handsfree-device","$v":"Bluetooth-слушалка"},{"$i":"receiver","$v":"Примател"},{"$i":"speaker","$v":"Звучник"},{"$i":"voiceMail","$v":"Говорна пошта"},{"$i":"weekday-0-long","$v":"Недела"},{"$i":"weekday-1-long","$v":"Понеделник"},{"$i":"weekday-2-long","$v":"Вторник"},{"$i":"weekday-3-long","$v":"Среда"},{"$i":"weekday-4-long","$v":"Четврток"},{"$i":"weekday-5-long","$v":"Петок"},{"$i":"weekday-6-long","$v":"Сабота"},{"$i":"weekday-0-short","$v":"Нед"},{"$i":"weekday-1-short","$v":"Пон"},{"$i":"weekday-2-short","$v":"Вто"},{"$i":"weekday-3-short","$v":"Сре"},{"$i":"weekday-4-short","$v":"Чет"},{"$i":"weekday-5-short","$v":"Пет"},{"$i":"weekday-6-short","$v":"Саб"},{"$i":"month-0-long","$v":"јануари"},{"$i":"month-1-long","$v":"февруари"},{"$i":"month-2-long","$v":"март"},{"$i":"month-3-long","$v":"април"},{"$i":"month-4-long","$v":"мај"},{"$i":"month-5-long","$v":"јуни"},{"$i":"month-6-long","$v":"јули"},{"$i":"month-7-long","$v":"август"},{"$i":"month-8-long","$v":"септември"},{"$i":"month-9-long","$v":"октомври"},{"$i":"month-10-long","$v":"ноември"},{"$i":"month-11-long","$v":"декември"},{"$i":"month-0-genitive","$v":"јануари"},{"$i":"month-1-genitive","$v":"февруари"},{"$i":"month-2-genitive","$v":"март"},{"$i":"month-3-genitive","$v":"април"},{"$i":"month-4-genitive","$v":"мај"},{"$i":"month-5-genitive","$v":"јуни"},{"$i":"month-6-genitive","$v":"јули"},{"$i":"month-7-genitive","$v":"август"},{"$i":"month-8-genitive","$v":"септември"},{"$i":"month-9-genitive","$v":"октомври"},{"$i":"month-10-genitive","$v":"ноември"},{"$i":"month-11-genitive","$v":"декември"},{"$i":"month-0-short","$v":"јан"},{"$i":"month-1-short","$v":"фев"},{"$i":"month-2-short","$v":"мар"},{"$i":"month-3-short","$v":"апр"},{"$i":"month-4-short","$v":"мај"},{"$i":"month-5-short","$v":"јун"},{"$i":"month-6-short","$v":"јул"},{"$i":"month-7-short","$v":"авг"},{"$i":"month-8-short","$v":"сеп"},{"$i":"month-9-short","$v":"окт"},{"$i":"month-10-short","$v":"ное"},{"$i":"month-11-short","$v":"дек"},{"$i":"minutes-ago-long","$v":{"zero":"сега","one":"пред една минута","two":["пред ",{"t":"idOrVar","v":"value"}," минути"],"few":["пред ",{"t":"idOrVar","v":"value"}," минути"],"many":["пред ",{"t":"idOrVar","v":"value"}," минути"],"other":["пред ",{"t":"idOrVar","v":"value"}," минути"]},"$x":[{"t":"idOrVar","v":"plural"},"value"]},{"$i":"hours-ago-long","$v":{"zero":"сега","one":"пред еден час","two":["пред ",{"t":"idOrVar","v":"value"}," часа"],"few":["пред ",{"t":"idOrVar","v":"value"}," часа"],"many":["пред ",{"t":"idOrVar","v":"value"}," часови"],"other":["пред ",{"t":"idOrVar","v":"value"}," часови"]},"$x":[{"t":"idOrVar","v":"plural"},"value"]},{"$i":"days-ago-long","$v":{"zero":"денес","one":"вчера","two":["пред ",{"t":"idOrVar","v":"value"}," дена"],"few":["пред ",{"t":"idOrVar","v":"value"}," дена"],"many":["пред ",{"t":"idOrVar","v":"value"}," денови"],"other":["пред ",{"t":"idOrVar","v":"value"}," денови"]},"$x":[{"t":"idOrVar","v":"plural"},"value"]},{"$i":"weeks-ago-long","$v":{"zero":"оваа недела","one":"минатата недела","two":["пред ",{"t":"idOrVar","v":"value"}," недели"],"few":["пред ",{"t":"idOrVar","v":"value"}," недели"],"many":["пред ",{"t":"idOrVar","v":"value"}," недели"],"other":["пред ",{"t":"idOrVar","v":"value"}," недели"]},"$x":[{"t":"idOrVar","v":"plural"},"value"]},{"$i":"months-ago-long","$v":{"zero":"овој месец","one":"минатиот месец","two":["пред ",{"t":"idOrVar","v":"value"}," месеци"],"few":["пред ",{"t":"idOrVar","v":"value"}," месеци"],"many":["пред ",{"t":"idOrVar","v":"value"}," месеци"],"other":["пред ",{"t":"idOrVar","v":"value"}," месеци"]},"$x":[{"t":"idOrVar","v":"plural"},"value"]},{"$i":"years-ago-long","$v":{"zero":"оваа година","one":"минатата година","two":["пред ",{"t":"idOrVar","v":"value"}," години"],"few":["пред ",{"t":"idOrVar","v":"value"}," години"],"many":["пред ",{"t":"idOrVar","v":"value"}," години"],"other":["пред ",{"t":"idOrVar","v":"value"}," години"]},"$x":[{"t":"idOrVar","v":"plural"},"value"]},{"$i":"minutes-until-long","$v":{"zero":"сега","one":"за една минута","two":["за ",{"t":"idOrVar","v":"value"}," минути"],"few":["за ",{"t":"idOrVar","v":"value"}," минути"],"many":["за ",{"t":"idOrVar","v":"value"}," минути"],"other":["за ",{"t":"idOrVar","v":"value"}," минути"]},"$x":[{"t":"idOrVar","v":"plural"},"value"]},{"$i":"hours-until-long","$v":{"zero":"сега","one":"за еден час","two":["за ",{"t":"idOrVar","v":"value"}," часа"],"few":["за ",{"t":"idOrVar","v":"value"}," часа"],"many":["за ",{"t":"idOrVar","v":"value"}," часови"],"other":["за ",{"t":"idOrVar","v":"value"}," часови"]},"$x":[{"t":"idOrVar","v":"plural"},"value"]},{"$i":"days-until-long","$v":{"zero":"денес","one":"утре","two":["за ",{"t":"idOrVar","v":"value"}," дена"],"few":["за ",{"t":"idOrVar","v":"value"}," дена"],"many":["за ",{"t":"idOrVar","v":"value"}," денови"],"other":["за ",{"t":"idOrVar","v":"value"}," денови"]},"$x":[{"t":"idOrVar","v":"plural"},"value"]},{"$i":"weeks-until-long","$v":{"zero":"оваа седмица","one":"следната седмица","two":["за ",{"t":"idOrVar","v":"value"}," седмици"],"few":["за ",{"t":"idOrVar","v":"value"}," седмици"],"many":["за ",{"t":"idOrVar","v":"value"}," седмици"],"other":["за ",{"t":"idOrVar","v":"value"}," седмици"]},"$x":[{"t":"idOrVar","v":"plural"},"value"]},{"$i":"months-until-long","$v":{"zero":"овој месец","one":"следниот месец","two":["за ",{"t":"idOrVar","v":"value"}," месеци"],"few":["за ",{"t":"idOrVar","v":"value"}," месеци"],"many":["за ",{"t":"idOrVar","v":"value"}," месеци"],"other":["за ",{"t":"idOrVar","v":"value"}," месеци"]},"$x":[{"t":"idOrVar","v":"plural"},"value"]},{"$i":"years-until-long","$v":{"zero":"оваа година","one":"следната година","two":["за ",{"t":"idOrVar","v":"value"}," години"],"few":["за ",{"t":"idOrVar","v":"value"}," години"],"many":["за ",{"t":"idOrVar","v":"value"}," години"],"other":["за ",{"t":"idOrVar","v":"value"}," години"]},"$x":[{"t":"idOrVar","v":"plural"},"value"]},{"$i":"minutes-ago-short","$v":{"zero":"сега","other":["пред ",{"t":"idOrVar","v":"value"},"m"]},"$x":[{"t":"idOrVar","v":"plural"},"value"]},{"$i":"hours-ago-short","$v":{"zero":"сега","other":["пред ",{"t":"idOrVar","v":"value"},"h"]},"$x":[{"t":"idOrVar","v":"plural"},"value"]},{"$i":"days-ago-short","$v":{"zero":"денес","other":["пред ",{"t":"idOrVar","v":"value"},"d"]},"$x":[{"t":"idOrVar","v":"plural"},"value"]},{"$i":"minutes-until-short","$v":{"zero":"сега","other":["за ",{"t":"idOrVar","v":"value"},"m"]},"$x":[{"t":"idOrVar","v":"plural"},"value"]},{"$i":"hours-until-short","$v":{"zero":"сега","other":["за ",{"t":"idOrVar","v":"value"},"h"]},"$x":[{"t":"idOrVar","v":"plural"},"value"]},{"$i":"days-until-short","$v":{"zero":"денес","other":["за ",{"t":"idOrVar","v":"value"},"d"]},"$x":[{"t":"idOrVar","v":"plural"},"value"]},{"$i":"incorrectDate","$v":"(неточен датум)"},{"$i":"dateTimeFormat_%c","$v":"%a %b %e %Y %H:%M:%S"},{"$i":"dateTimeFormat_%x","$v":"%d/%m/%Y"},{"$i":"dateTimeFormat_%X","$v":"%H:%M:%S"},{"$i":"shortTimeFormat","$v":"%H:%M"},{"$i":"shortTimeFormat12","$v":"%I:%M %p"},{"$i":"shortTimeFormat24","$v":"%H:%M"},{"$i":"shortDateTimeFormat","$v":"%x %H:%M"},{"$i":"weekStartsOnMonday","$v":"1"},{"$i":"firstDayOfTheWeek","$v":"0"},{"$i":"time_am","$v":"AM"},{"$i":"time_pm","$v":"PM"},{"$i":"label","$v":"Label"},{"$i":"mobile","$v":"Mobile"},{"$i":"home","$v":"Home"},{"$i":"work","$v":"Work"},{"$i":"personal","$v":"Personal"},{"$i":"faxHome","$v":"Fax home"},{"$i":"faxOffice","$v":"Fax office"},{"$i":"faxOther","$v":"Fax other"},{"$i":"another","$v":"Another"},{"$i":"other","$v":"Other"},{"$i":"customTag","placeholder":"Custom tag"},{"$i":"current","$v":"Current"},{"$i":"itemWithLabel","$v":[{"t":"idOrVar","v":"label"},", ",{"t":"idOrVar","v":"item"}]},{"$i":"airplaneMode","$v":"Airplane mode"},{"$i":"searching","$v":"Searching…"},{"$i":"noNetwork","$v":"No network"},{"$i":"roaming","$v":[{"t":"idOrVar","v":"operator"}," (Roaming)"]},{"$i":"operator-info","$v":[{"t":"idOrVar","v":"carrier"}," ",{"t":"idOrVar","v":"region"}]},{"$i":"emergencyCallsOnly","$v":"Emergency calls only"},{"$i":"emergencyCallsOnly-unknownSIMState","$v":"(unknown SIM state)"},{"$i":"emergencyCallsOnly-noSIM","$v":"(no SIM)"},{"$i":"emergencyCallsOnly-pinRequired","$v":"(SIM PIN required)"},{"$i":"emergencyCallsOnly-pukRequired","$v":"(SIM PUK required)"},{"$i":"emergencyCallsOnly-networkLocked","$v":"(network locked)"},{"$i":"emergencyCallsOnly-serviceProviderLocked","$v":"(service provider locked)"},{"$i":"emergencyCallsOnly-corporateLocked","$v":"(corporate locked)"},{"$i":"emergencyCallsOnly-network1Locked","$v":"(network1 locked)"},{"$i":"emergencyCallsOnly-network2Locked","$v":"(network2 locked)"},{"$i":"emergencyCallsOnly-hrpdNetworkLocked","$v":"(hrpd network locked)"},{"$i":"emergencyCallsOnly-ruimCorporateLocked","$v":"(ruim corporate locked)"},{"$i":"emergencyCallsOnly-ruimServiceProviderLocked","$v":"(ruim service provider locked)"},{"$i":"lockscreen-sim-id","$v":["SIM ",{"t":"idOrVar","v":"n"}]},{"$i":"charging-status-no-time","$v":[{"t":"idOrVar","v":"level"},"% Charged"]},{"$i":"charging-status-minutes","$v":{"zero":[{"t":"idOrVar","v":"level"},"% Charged (",{"t":"idOrVar","v":"minutes"}," mins remaining)"],"one":[{"t":"idOrVar","v":"level"},"% Charged (",{"t":"idOrVar","v":"minutes"}," min remaining)"],"two":[{"t":"idOrVar","v":"level"},"% Charged (",{"t":"idOrVar","v":"minutes"}," mins remaining)"],"few":[{"t":"idOrVar","v":"level"},"% Charged (",{"t":"idOrVar","v":"minutes"}," mins remaining)"],"many":[{"t":"idOrVar","v":"level"},"% Charged (",{"t":"idOrVar","v":"minutes"}," mins remaining)"],"other":[{"t":"idOrVar","v":"level"},"% Charged (",{"t":"idOrVar","v":"minutes"}," mins remaining)"]},"$x":[{"t":"idOrVar","v":"plural"},"minutes"]},{"$i":"charging-status-hours","$v":{"zero":[{"t":"idOrVar","v":"level"},"% Charged (",{"t":"idOrVar","v":"hours"},"h ",{"t":"idOrVar","v":"minutes"}," mins remaining)"],"one":[{"t":"idOrVar","v":"level"},"% Charged (",{"t":"idOrVar","v":"hours"},"h ",{"t":"idOrVar","v":"minutes"}," min remaining)"],"two":[{"t":"idOrVar","v":"level"},"% Charged (",{"t":"idOrVar","v":"hours"},"h ",{"t":"idOrVar","v":"minutes"}," mins remaining)"],"few":[{"t":"idOrVar","v":"level"},"% Charged (",{"t":"idOrVar","v":"hours"},"h ",{"t":"idOrVar","v":"minutes"}," mins remaining)"],"many":[{"t":"idOrVar","v":"level"},"% Charged (",{"t":"idOrVar","v":"hours"},"h ",{"t":"idOrVar","v":"minutes"}," mins remaining)"],"other":[{"t":"idOrVar","v":"level"},"% Charged (",{"t":"idOrVar","v":"hours"},"h ",{"t":"idOrVar","v":"minutes"}," mins remaining)"]},"$x":[{"t":"idOrVar","v":"plural"},"minutes"]},{"$i":"phoneNumberInput","ariaLabel":"Phone number"},{"$i":"keypadDelete","ariaLabel":"Delete"},{"$i":"voiceMailKey","ariaLabel":"Voicemail"},{"$i":"asterisk","ariaLabel":"Asterisk"},{"$i":"hashSign","ariaLabel":"Hash sign"},{"$i":"loadingSimContacts","$v":"Loading SIM card contacts…"},{"$i":"noContactsWereFound","$v":"No contacts were found"},{"$i":"noContactsFoundDialogOk","$v":"OK"},{"$i":"emergencyNumber","$v":"Итен број"},{"$i":"callAirplaneModeMessage","$v":"Да направите повик треба да го исклучите авионскиот режив во поставките."},{"$i":"callAirplaneModeBtnOk","$v":"Во ред"},{"$i":"callAirplaneModeTitle","$v":"Активиран авионски режим"},{"$i":"numberIsBusyTitle","$v":"Бројот е зафатен"},{"$i":"numberIsBusyMessage","$v":"Бројот е моментално зафатен. Ве молам пробајте подоцна. "},{"$i":"fdnIsActiveTitle","$v":"FDN active"},{"$i":"fdnIsActiveMessage","$v":["FDN (Fixed Dialing Numbers) is activated and the following number is not in your FDN list: ",{"t":"idOrVar","v":"number"}]},{"$i":"emergencyDialogBodyBadNumber","$v":"Да направите повик, телефонот мора да биде приклучен на мрежа."},{"$i":"emergencyDialogBodyDeviceNotAccepted","$v":"Итните повици не се дозволени од мрежата."},{"$i":"emergencyDialogBtnOk","$v":"Во ред"},{"$i":"emergencyDialogTitle","$v":"Нема мрежна конекција"},{"$i":"invalidNumberToDialTitle","$v":"Неправилен тел. број"},{"$i":"invalidNumberToDialMessage","$v":"Телефонскиот број кој го вртите е неправилен."},{"$i":"unableToCallTitle","$v":"Сега не може да се направи повик"},{"$i":"unableToCallMessage","$v":"Не може да се направи повик. Ако веќе вртите, ве молам прво спуштите."},{"$i":"otherConnectionInUseTitle","$v":"Се користи друга конекција"},{"$i":"otherConnectionInUseMessage","$v":"Имате активен повик на друга конекција. Може да користите само една конекција истовремено."}]