[{"$i":"addNewNumber","$v":"Tambah nombor baru"},{"$i":"contactDetails","$v":"Perincian Kenalan"},{"$i":"addToExistingContact","$v":"Tambah kepada kenalan sedia ada"},{"$i":"all","$v":"Semua","ariaLabel":"Semua"},{"$i":"bluetoothOption","ariaLabel":"Bluetooth"},{"$i":"callLog","$v":"Log panggilan"},{"$i":"callLogEdit","title":"Sunting log panggilan"},{"$i":"callLogEditDialog","ariaLabel":"Sunting dialog log panggilan"},{"$i":"connecting","$v":"Menyambungkan"},{"$i":"connectingEllipsis","$v":"Connecting…"},{"$i":"call-forwarding-async","$v":["Asynchronous: ",{"t":"idOrVar","v":"async"}]},{"$i":"call-forwarding-data","$v":["Data: ",{"t":"idOrVar","v":"data"}]},{"$i":"call-forwarding-error","$v":"An error occurred while retrieving call forwarding status"},{"$i":"call-forwarding-fax","$v":["FAX: ",{"t":"idOrVar","v":"fax"}]},{"$i":"call-forwarding-inactive","$v":"Inactive"},{"$i":"call-forwarding-packet","$v":["Packet: ",{"t":"idOrVar","v":"packet"}]},{"$i":"call-forwarding-pad","$v":["PAD: ",{"t":"idOrVar","v":"pad"}]},{"$i":"call-forwarding-sms","$v":["SMS: ",{"t":"idOrVar","v":"sms"}]},{"$i":"call-forwarding-status","$v":"Call forwarding status"},{"$i":"call-forwarding-sync","$v":["Synchronous: ",{"t":"idOrVar","v":"sync"}]},{"$i":"call-forwarding-voice","$v":["Voice: ",{"t":"idOrVar","v":"voice"}]},{"$i":"close","$v":"Tutup"},{"$i":"confirm-deletion","$v":"Lapangkan panggilan yang dipilih?"},{"$i":"contacts","ariaLabel":"Kenalan"},{"$i":"createNewContact","$v":"Cipta kenalan baru"},{"$i":"delete","$v":"Hapus"},{"$i":"deselectAll","$v":"Nyahpilih semua"},{"$i":"dialerAddContact","ariaLabel":"Tambah kenalan"},{"$i":"dialerAddContactDialog","ariaLabel":"Add Contact Dialog"},{"$i":"callInformation","$v":"Maklumat Panggilan"},{"$i":"edit-selected","$v":{"one":[{"t":"idOrVar","v":"n"}," dipilih"],"two":[{"t":"idOrVar","v":"n"}," dipilih"],"few":[{"t":"idOrVar","v":"n"}," dipilih"],"many":[{"t":"idOrVar","v":"n"}," dipilih"],"other":[{"t":"idOrVar","v":"n"}," dipilih"]},"$x":[{"t":"idOrVar","v":"plural"},"n"]},{"$i":"edit","$v":"Sunting"},{"$i":"hideKeypad","ariaLabel":"Sorok papan kekunci"},{"$i":"ignore","$v":"Abaikan Panggilan"},{"$i":"incoming","$v":"Masuk"},{"$i":"keypad","ariaLabel":"Papan kekunci"},{"$i":"makeCall","ariaLabel":"Buat panggilan"},{"$i":"merge","ariaLabel":"Merge"},{"$i":"info-missed","$v":"Tidak Dijawab"},{"$i":"missed","$v":"Tidak Terjawab","ariaLabel":"Tidak Terjawab"},{"$i":"canceled","$v":"Dibatal"},{"$i":"missedCall","$v":"Terlepas panggilan"},{"$i":"missedCallMultiSims","$v":["(SIM ",{"t":"idOrVar","v":"n"},") Panggilan terlepas"]},{"$i":"mmi-error","$v":"Ralat berlaku semasa menghantar mesej"},{"$i":"mmi-session-expired","$v":"Sesi tamat"},{"$i":"mmi-successfully-sent","$v":"Mesej berjaya dihantar"},{"$i":"mmi-notification-title-with-sim","$v":["(",{"t":"idOrVar","v":"sim"},") ",{"t":"idOrVar","v":"title"}]},{"$i":"mute","ariaLabel":"Senyap"},{"$i":"newCall","ariaLabel":"Panggilan baru"},{"$i":"no-logs-msg-1","$v":"Tiada panggilan yang direkodkan"},{"$i":"no-logs-msg-2","$v":"Mula berkomunikasi sekarang"},{"$i":"no-logs-msg-3","$v":"Tiada panggilan tidak dijawab"},{"$i":"onHoldOption","ariaLabel":"On hold"},{"$i":"outgoing","$v":"Keluar"},{"$i":"recents","ariaLabel":"Panggilan terbaru"},{"$i":"reply","$v":"Balas"},{"$i":"selectAll","$v":"Pilih semua"},{"$i":"send","$v":"Hantar"},{"$i":"switch-calls","$v":"Tukar panggilan"},{"$i":"today","$v":"Hari ini"},{"$i":"withheld-number","$v":"Nombor rahsia"},{"$i":"from-contact","$v":["Dari ",{"t":"idOrVar","v":"contact"}]},{"$i":"from-number","$v":["Dari ",{"t":"idOrVar","v":"number"}]},{"$i":"from-withheld-number","$v":"Dari nombor rahsia"},{"$i":"yesterday","$v":"Semalam"},{"$i":"sending","$v":"Menghantar…"},{"$i":"speakerOption","ariaLabel":"Pembesar suara"},{"$i":"ussd-services","$v":[{"t":"idOrVar","v":"operator"}," perkhidmatan"]},{"$i":"toggleKeypad","ariaLabel":"Togol pad kekunci"},{"$i":"type-your-response","placeholder":"Taipkan respon anda…"},{"$i":"clear-all-text","$v":"Padam semua teks"},{"$i":"hide","$v":"Sorok"},{"$i":"call","$v":"Panggil"},{"$i":"hold","ariaLabel":"Tunggu"},{"$i":"resume","$v":"Sambung","ariaLabel":"Sambung"},{"$i":"sendSms","$v":"Hantar Mesej"},{"$i":"callEnded","$v":"Panggilan Ditamatkan"},{"$i":"via-sim","$v":["via SIM",{"t":"idOrVar","v":"n"}]},{"$i":"sim-number","$v":["SIM",{"t":"idOrVar","v":"n"}]},{"$i":"unknown","$v":"Tidak Diketahui"},{"$i":"cancel","$v":"Batal"},{"$i":"hangup-a11y-button","ariaLabel":"Letak Gagang"},{"$i":"pickup-a11y-button","ariaLabel":"Angkat"},{"$i":"unlock-a11y-button","ariaLabel":"Gelangsar"},{"$i":"settings","$v":"Tetapan"},{"$i":"delete-n-log?","$v":{"zero":"Tiada yang dipilih","one":"Hapus log yang dipilih?","two":["Hapus ",{"t":"idOrVar","v":"n"}," log?"],"few":["Hapus ",{"t":"idOrVar","v":"n"}," log?"],"many":["Hapus ",{"t":"idOrVar","v":"n"}," log?"],"other":["Hapus ",{"t":"idOrVar","v":"n"}," log?"]},"$x":[{"t":"idOrVar","v":"plural"},"n"]},{"$i":"callDurationMinutes","$v":[{"t":"idOrVar","v":"m"},":",{"t":"idOrVar","v":"s"}]},{"$i":"callDurationHours","$v":[{"t":"idOrVar","v":"h"},":",{"t":"idOrVar","v":"m"},":",{"t":"idOrVar","v":"s"}]},{"$i":"callDurationTextFormatSeconds","$v":[{"t":"idOrVar","v":"s"}," s"]},{"$i":"callDurationTextFormatMinutes","$v":[{"t":"idOrVar","v":"m"}," m ",{"t":"idOrVar","v":"s"}," s"]},{"$i":"callDurationTextFormatHours","$v":[{"t":"idOrVar","v":"h"}," h ",{"t":"idOrVar","v":"m"}," m ",{"t":"idOrVar","v":"s"}," s"]},{"$i":"suggestionMatches","$v":{"one":[{"t":"idOrVar","v":"n"}," padanan untuk \"",{"t":"idOrVar","v":"matchNumber"},"\""],"two":[{"t":"idOrVar","v":"n"}," padanan untuk \"",{"t":"idOrVar","v":"matchNumber"},"\""],"few":[{"t":"idOrVar","v":"n"}," padanan untuk \"",{"t":"idOrVar","v":"matchNumber"},"\""],"many":[{"t":"idOrVar","v":"n"}," padanan untuk \"",{"t":"idOrVar","v":"matchNumber"},"\""],"other":[{"t":"idOrVar","v":"n"}," padanan untuk \"",{"t":"idOrVar","v":"matchNumber"},"\""]},"$x":[{"t":"idOrVar","v":"plural"},"n"]},{"$i":"scCallBarring","$v":"Menyekat panggilan"},{"$i":"scCallForwarding","$v":"Mengajukan panggilan"},{"$i":"scClip","$v":"ID Pemanggil Masuk"},{"$i":"scClir","$v":"ID Pemanggil Keluar"},{"$i":"scPwd","$v":"Tukar kata laluan"},{"$i":"scCallWaiting","$v":"Panggilan menunggu"},{"$i":"scPin","$v":"Tukar PIN"},{"$i":"scPin2","$v":"Tukar PIN2"},{"$i":"scPuk","$v":"Nyahsekat PIN"},{"$i":"scPuk2","$v":"Nyahsekat PIN2"},{"$i":"scImei","$v":"IMEI"},{"$i":"scUssd","$v":"USSD"},{"$i":"serviceClassVoice","$v":"Suara"},{"$i":"serviceClassData","$v":"Data"},{"$i":"serviceClassFax","$v":"FAKS"},{"$i":"serviceClassSms","$v":"SMS"},{"$i":"serviceClassDataSync","$v":"Sync"},{"$i":"serviceClassDataAsync","$v":"Async"},{"$i":"serviceClassPacket","$v":"Paket"},{"$i":"serviceClassPad","$v":"PAD"},{"$i":"smServiceEnabled","$v":"Servis telah dibolehkan"},{"$i":"smServiceDisabled","$v":"Servis telah dilumpuhkan"},{"$i":"smServiceRegistered","$v":"Pendaftaran telah berjaya"},{"$i":"smServiceErased","$v":"Pemadaman telah berjaya"},{"$i":"smServiceInterrogated","$v":"Permintaan telah berjaya"},{"$i":"smServiceNotProvisioned","$v":"Servis tidak diperuntukkan"},{"$i":"smClirPermanent","$v":"Anda tidak boleh menukar tetapan ID pemanggil"},{"$i":"smClirDefaultOnNextCallOn","$v":"ID pemanggil secara lalainya dihadkan. Panggilan seterusnya: Terhad"},{"$i":"smClirDefaultOnNextCallOff","$v":"ID pemanggil secara lalainya dihadkan. Panggilan seterusnya: Tidak terhad"},{"$i":"smClirDefaultOffNextCallOn","$v":"ID pemanggil secara lalainya tidak terhad. Panggilan seterusnya: Terhad"},{"$i":"smClirDefaultOffNextCallOff","$v":"ID pemanggil secara lalainya tidak terhad. Panggilan seterusnya: Tidak terhad"},{"$i":"smServiceEnabledFor","$v":"Servis telah dihidupkan untuk:"},{"$i":"smPinChanged","$v":"PIN berjaya diubah"},{"$i":"smPinUnblocked","$v":"PIN berjaya dinyahsekat"},{"$i":"smPin2Changed","$v":"PIN2 berjaya diubah"},{"$i":"smPin2Unblocked","$v":"PIN2 berjaya dinyahsekat"},{"$i":"ServiceIsEnabled","$v":"Servis dibolehkan"},{"$i":"ServiceIsDisabled","$v":"Servis dilumpuhkan"},{"$i":"ServiceIsEnabledFor","$v":"Servis telah dibolehkan untuk:"},{"$i":"emMmiError","$v":"Masalah sambungan atau kod MMI tidak sah"},{"$i":"emMmiErrorPasswordIncorrect","$v":"Katalaluan Salah"},{"$i":"emMmiErrorNotSupported","$v":"Kod MMI Tidak Sah atau Tidak Disokong"},{"$i":"emMmiErrorInvalidAction","$v":"Tindakan yang tidak sah"},{"$i":"emMmiErrorInvalidScCode","$v":"Kod servis tidak sah"},{"$i":"emMmiErrorBadPuk","$v":"PUK yang anda taip tidak betul"},{"$i":"emMmiErrorBadPin","$v":"PIN lama yang anda taip tidak betul."},{"$i":"emMmiErrorNeedPuk2","$v":"Taip PUK2 untuk nyahsekat kad SIM"},{"$i":"emMmiErrorMismatchPin","$v":"PIN yang ada taip tidak sepadan"},{"$i":"emMmiErrorInvalidPin","$v":"Taip PIN yang terdiri dari 4 ke 8 angka"},{"$i":"emMmiErrorNeedsPuk","$v":"Kad SIM anda dikunci dengan PUK"},{"$i":"emMmiErrorEnablePin","$v":"Tidak berjaya. Hidupkan SIM/RUIM LOCK"},{"$i":"emMmiErrorMmiFdn","$v":"Operasi dihadkan kepada nombor dailan tetap sahaja"},{"$i":"emMmiErrorStkCcUssdDial","$v":"Permintaan USSD telah diubahsuai kepada permintaan DIAL"},{"$i":"emMmiErrorStkCcUssdSs","$v":"Permintaan USSD telah diubahsuai kepada permintaan SS"},{"$i":"emMmiErrorStkCcUssdUssd","$v":"Permintaan USSD telah diubahsuai kepada permintaan USSD baru"},{"$i":"emMmiErrorStkCcSsDial","$v":"Permintaan SS telah diubahsuai kepada permintaan DIAL"},{"$i":"emMmiErrorStkCcSsUssd","$v":"Permintaan SS telah diubahsuai kepada permintaan USSD"},{"$i":"emMmiErrorStkCcSsSs","$v":"Permintaan SS telah diubahsuai kepada permintaan SS baru"},{"$i":"emMmiErrorPinPukAttempts","$v":{"one":["Hanya ",{"t":"idOrVar","v":"n"}," cubaan berbaki"],"two":[{"t":"idOrVar","v":"n"}," cubaan berbaki"],"few":[{"t":"idOrVar","v":"n"}," cubaan berbaki"],"many":[{"t":"idOrVar","v":"n"}," cubaan berbaki"],"other":[{"t":"idOrVar","v":"n"}," cubaan berbaki"]},"$x":[{"t":"idOrVar","v":"plural"},"n"]},{"$i":"emMmiErrorSimBlocked","$v":"Bilangan maksimum cubaan semula telah terlebih. SIM disekat"},{"$i":"RadioNotAvailable","$v":"Radio tidak tersedia"},{"$i":"GenericFailure","$v":"Kegagalan generik"},{"$i":"PasswordIncorrect","$v":"Katalaluan salah"},{"$i":"SimPin2","$v":"SIM PIN2"},{"$i":"SimPuk2","$v":"SIM PUK2"},{"$i":"RequestNotSupported","$v":"Permintaan tidak disokong"},{"$i":"OpNotAllowedDuringVoiceCall","$v":"Operasi tidak dibenarkan semasa panggilan suara"},{"$i":"SmsSendFailRetry","$v":"Cubaan semula menghantar SMS yang gagal"},{"$i":"SimAbsent","$v":"Tiada SIM"},{"$i":"SubscriptionNotAvailable","$v":"Langganan tidak tersedia"},{"$i":"ModeNotSupported","$v":"Mod tidak disokong"},{"$i":"FdnCheckFailure","$v":"Pemeriksaan Fdn gagal"},{"$i":"IllegalSimOrMe","$v":"SIM atau ME yang tidak sah"},{"$i":"DialModifiedToUssd","$v":"Dial diubahsuai kepada USSD"},{"$i":"DialModifiedToSs","$v":"Dial diubahsuai kepada SS"},{"$i":"DialModifiedToDial","$v":"Dial diubahsuai kepada dial"},{"$i":"UssdModifiedToDial","$v":"USSD diubahsuai kepada dial"},{"$i":"UssdModifiedToSs","$v":"USSD diubahsuai kepada SS"},{"$i":"UssdModifiedToUssd","$v":"USSD diubahsuai kepada USSD"},{"$i":"SsModifiedToDial","$v":"SS diubahsuai kepada dial"},{"$i":"SsModifiedToUssd","$v":"SS diubahsuai kepada USSD"},{"$i":"SsModifiedToSs","$v":"SS diubahsuai kepada SS"},{"$i":"SubscriptionNotSupported","$v":"Langganan tidak disokong"},{"$i":"InvalidParameter","$v":"Parameter tidak sah"},{"$i":"RejectedByRemote","$v":"Dihalang oleh jauh"},{"$i":"conferenceCall","$v":["Persidangan (",{"t":"idOrVar","v":"n"},")"]},{"$i":"caller-left-call","$v":[{"t":"idOrVar","v":"caller"}," telah meninggalkan panggilan."]},{"$i":"conferenceAddError","$v":"Tidak dapat mencantumkan penggilan"},{"$i":"conferenceRemoveError","$v":"Tidak dapat mencerai panggilan"},{"$i":"longDateFormat","$v":"%A, %B %e"},{"$i":"select-audio-sources","$v":"Pilih sumber audio"},{"$i":"bluetooth-handsfree-device","$v":"Peranti bebas tangan bluetooth"},{"$i":"receiver","$v":"Penerima"},{"$i":"speaker","$v":"Pembesar suara"},{"$i":"voiceMail","$v":"Mel suara"},{"$i":"weekday-0-long","$v":"Ahad"},{"$i":"weekday-1-long","$v":"Isnin"},{"$i":"weekday-2-long","$v":"Selasa"},{"$i":"weekday-3-long","$v":"Rabu"},{"$i":"weekday-4-long","$v":"Khamis"},{"$i":"weekday-5-long","$v":"Jumaat"},{"$i":"weekday-6-long","$v":"Sabtu"},{"$i":"weekday-0-short","$v":"Ahad"},{"$i":"weekday-1-short","$v":"Isnin"},{"$i":"weekday-2-short","$v":"Selasa"},{"$i":"weekday-3-short","$v":"Rabu"},{"$i":"weekday-4-short","$v":"Khamis"},{"$i":"weekday-5-short","$v":"Jumaat"},{"$i":"weekday-6-short","$v":"Sabtu"},{"$i":"month-0-long","$v":"Januari"},{"$i":"month-1-long","$v":"Februari"},{"$i":"month-2-long","$v":"Mac"},{"$i":"month-3-long","$v":"April"},{"$i":"month-4-long","$v":"Mei"},{"$i":"month-5-long","$v":"Jun"},{"$i":"month-6-long","$v":"Julai"},{"$i":"month-7-long","$v":"Ogos"},{"$i":"month-8-long","$v":"September"},{"$i":"month-9-long","$v":"Oktober"},{"$i":"month-10-long","$v":"November"},{"$i":"month-11-long","$v":"Disember"},{"$i":"month-0-genitive","$v":"Januari"},{"$i":"month-1-genitive","$v":"Februari"},{"$i":"month-2-genitive","$v":"Mac"},{"$i":"month-3-genitive","$v":"April"},{"$i":"month-4-genitive","$v":"Mei"},{"$i":"month-5-genitive","$v":"Jun"},{"$i":"month-6-genitive","$v":"Julai"},{"$i":"month-7-genitive","$v":"Ogos"},{"$i":"month-8-genitive","$v":"September"},{"$i":"month-9-genitive","$v":"Oktober"},{"$i":"month-10-genitive","$v":"November"},{"$i":"month-11-genitive","$v":"Disember"},{"$i":"month-0-short","$v":"Jan"},{"$i":"month-1-short","$v":"Feb"},{"$i":"month-2-short","$v":"Mac"},{"$i":"month-3-short","$v":"Apr"},{"$i":"month-4-short","$v":"Mei"},{"$i":"month-5-short","$v":"Jun"},{"$i":"month-6-short","$v":"Jul"},{"$i":"month-7-short","$v":"Ogos"},{"$i":"month-8-short","$v":"Sep"},{"$i":"month-9-short","$v":"Okt"},{"$i":"month-10-short","$v":"Nov"},{"$i":"month-11-short","$v":"Dis"},{"$i":"minutes-ago-long","$v":{"zero":"sebentar tadi","one":"satu minit lalu","two":[{"t":"idOrVar","v":"value"}," minit lalu"],"few":[{"t":"idOrVar","v":"value"}," minit lalu"],"many":[{"t":"idOrVar","v":"value"}," minit lalu"],"other":[{"t":"idOrVar","v":"value"}," minit lalu"]},"$x":[{"t":"idOrVar","v":"plural"},"value"]},{"$i":"hours-ago-long","$v":{"zero":"sebentar tadi","one":"sejam yang lalu","two":[{"t":"idOrVar","v":"value"}," jam lalu"],"few":[{"t":"idOrVar","v":"value"}," jam lalu"],"many":[{"t":"idOrVar","v":"value"}," jam lalu"],"other":[{"t":"idOrVar","v":"value"}," jam lalu"]},"$x":[{"t":"idOrVar","v":"plural"},"value"]},{"$i":"days-ago-long","$v":{"zero":"hari ini","one":"semalam","two":[{"t":"idOrVar","v":"value"}," hari lalu"],"few":[{"t":"idOrVar","v":"value"}," hari lalu"],"many":[{"t":"idOrVar","v":"value"}," hari lalu"],"other":[{"t":"idOrVar","v":"value"}," hari lalu"]},"$x":[{"t":"idOrVar","v":"plural"},"value"]},{"$i":"weeks-ago-long","$v":{"zero":"minggu ini","one":"minggu lalu","two":[{"t":"idOrVar","v":"value"}," minggu lalu"],"few":[{"t":"idOrVar","v":"value"}," minggu lalu"],"many":[{"t":"idOrVar","v":"value"}," minggu lalu"],"other":[{"t":"idOrVar","v":"value"}," minggu lalu"]},"$x":[{"t":"idOrVar","v":"plural"},"value"]},{"$i":"months-ago-long","$v":{"zero":"bulan ini","one":"bulan lalu","two":[{"t":"idOrVar","v":"value"}," bulan lalu"],"few":[{"t":"idOrVar","v":"value"}," bulan lalu"],"many":[{"t":"idOrVar","v":"value"}," minit lalu"],"other":[{"t":"idOrVar","v":"value"}," minit lalu"]},"$x":[{"t":"idOrVar","v":"plural"},"value"]},{"$i":"years-ago-long","$v":{"zero":"tahun ini","one":"tahun lalu","two":[{"t":"idOrVar","v":"value"}," tahun lalu"],"few":[{"t":"idOrVar","v":"value"}," tahun lalu"],"many":[{"t":"idOrVar","v":"value"}," tahun lalu"],"other":[{"t":"idOrVar","v":"value"}," tahun lalu"]},"$x":[{"t":"idOrVar","v":"plural"},"value"]},{"$i":"minutes-until-long","$v":{"zero":"sekarang","one":"dalam satu minit","two":["dalam ",{"t":"idOrVar","v":"value"}," minit"],"few":["dalam ",{"t":"idOrVar","v":"value"}," minit"],"many":["dalam ",{"t":"idOrVar","v":"value"}," minit"],"other":["dalam ",{"t":"idOrVar","v":"value"}," minit"]},"$x":[{"t":"idOrVar","v":"plural"},"value"]},{"$i":"hours-until-long","$v":{"zero":"sekarang","one":"dalam satu jam","two":["dalam ",{"t":"idOrVar","v":"value"}," jam"],"few":["dalam ",{"t":"idOrVar","v":"value"}," jam"],"many":["dalam ",{"t":"idOrVar","v":"value"}," jam"],"other":["dalam ",{"t":"idOrVar","v":"value"}," jam"]},"$x":[{"t":"idOrVar","v":"plural"},"value"]},{"$i":"days-until-long","$v":{"zero":"hari ini","one":"esok","two":["dalam ",{"t":"idOrVar","v":"value"}," hari"],"few":["dalam ",{"t":"idOrVar","v":"value"}," hari"],"many":["dalam ",{"t":"idOrVar","v":"value"}," hari"],"other":["dalam ",{"t":"idOrVar","v":"value"}," hari"]},"$x":[{"t":"idOrVar","v":"plural"},"value"]},{"$i":"weeks-until-long","$v":{"zero":"minggu ini","one":"minggu depan","two":["dalam ",{"t":"idOrVar","v":"value"}," minggu"],"few":["dalam ",{"t":"idOrVar","v":"value"}," minggu"],"many":["dalam ",{"t":"idOrVar","v":"value"}," minggu"],"other":["dalam ",{"t":"idOrVar","v":"value"}," minggu"]},"$x":[{"t":"idOrVar","v":"plural"},"value"]},{"$i":"months-until-long","$v":{"zero":"bulan ini","one":"bulan depan","two":["dalam ",{"t":"idOrVar","v":"value"}," bulan"],"few":["dalam ",{"t":"idOrVar","v":"value"}," bulan"],"many":["dalam ",{"t":"idOrVar","v":"value"}," bulan"],"other":["dalam ",{"t":"idOrVar","v":"value"}," bulan"]},"$x":[{"t":"idOrVar","v":"plural"},"value"]},{"$i":"years-until-long","$v":{"zero":"tahun ini","one":"tahun depan","two":["dalam ",{"t":"idOrVar","v":"value"}," tahun"],"few":["dalam ",{"t":"idOrVar","v":"value"}," tahun"],"many":["dalam ",{"t":"idOrVar","v":"value"}," tahun"],"other":["dalam ",{"t":"idOrVar","v":"value"}," tahun"]},"$x":[{"t":"idOrVar","v":"plural"},"value"]},{"$i":"minutes-ago-short","$v":{"zero":"sebentar tadi","other":[{"t":"idOrVar","v":"value"}," minit lalu"]},"$x":[{"t":"idOrVar","v":"plural"},"value"]},{"$i":"hours-ago-short","$v":{"zero":"sebentar tadi","other":[{"t":"idOrVar","v":"value"}," jam lalu"]},"$x":[{"t":"idOrVar","v":"plural"},"value"]},{"$i":"days-ago-short","$v":{"zero":"hari ini","other":[{"t":"idOrVar","v":"value"}," hari lalu"]},"$x":[{"t":"idOrVar","v":"plural"},"value"]},{"$i":"minutes-until-short","$v":{"zero":"sekarang","other":["dalam ",{"t":"idOrVar","v":"value"}," minit"]},"$x":[{"t":"idOrVar","v":"plural"},"value"]},{"$i":"hours-until-short","$v":{"zero":"sekarang","other":["dalam ",{"t":"idOrVar","v":"value"}," jam"]},"$x":[{"t":"idOrVar","v":"plural"},"value"]},{"$i":"days-until-short","$v":{"zero":"hari ini","other":["dalam ",{"t":"idOrVar","v":"value"}," hari"]},"$x":[{"t":"idOrVar","v":"plural"},"value"]},{"$i":"incorrectDate","$v":"(tarikh tidak betul)"},{"$i":"dateTimeFormat_%c","$v":"%a %b %e %Y %I:%M:%S %p"},{"$i":"dateTimeFormat_%x","$v":"%m/%d/%Y"},{"$i":"dateTimeFormat_%X","$v":"%I:%M:%S %p"},{"$i":"shortTimeFormat","$v":"%I:%M %p"},{"$i":"shortTimeFormat12","$v":"%I:%M %p"},{"$i":"shortTimeFormat24","$v":"%H:%M"},{"$i":"shortDateTimeFormat","$v":"%x %I:%M %p"},{"$i":"weekStartsOnMonday","$v":"0"},{"$i":"firstDayOfTheWeek","$v":"0"},{"$i":"time_am","$v":"PG"},{"$i":"time_pm","$v":"PTG"},{"$i":"label","$v":"Label"},{"$i":"mobile","$v":"Mudah Alih"},{"$i":"home","$v":"Laman Utama"},{"$i":"work","$v":"Kerja"},{"$i":"personal","$v":"Peribadi"},{"$i":"faxHome","$v":"Faks rumah"},{"$i":"faxOffice","$v":"Faks pejabat"},{"$i":"faxOther","$v":"Faks lain"},{"$i":"another","$v":"Lain lagi"},{"$i":"other","$v":"Lain-lain"},{"$i":"customTag","placeholder":"Tag suaian"},{"$i":"current","$v":"Semasa"},{"$i":"itemWithLabel","$v":[{"t":"idOrVar","v":"label"},", ",{"t":"idOrVar","v":"item"}]},{"$i":"airplaneMode","$v":"Mod pesawat udara"},{"$i":"searching","$v":"Mencari…"},{"$i":"noNetwork","$v":"Tiada rangkaian"},{"$i":"roaming","$v":[{"t":"idOrVar","v":"operator"}," (Perayauan)"]},{"$i":"operator-info","$v":[{"t":"idOrVar","v":"carrier"}," ",{"t":"idOrVar","v":"region"}]},{"$i":"emergencyCallsOnly","$v":"Hanya panggilan kecemasan"},{"$i":"emergencyCallsOnly-unknownSIMState","$v":"(keadaan SIM tidak diketahui)"},{"$i":"emergencyCallsOnly-noSIM","$v":"(tiada SIM)"},{"$i":"emergencyCallsOnly-pinRequired","$v":"(PIN SIM diperlukan)"},{"$i":"emergencyCallsOnly-pukRequired","$v":"(PUK SIM diperlukan)"},{"$i":"emergencyCallsOnly-networkLocked","$v":"(rangkaian dikunci)"},{"$i":"emergencyCallsOnly-serviceProviderLocked","$v":"(penyedia perkhidmatan dikunci)"},{"$i":"emergencyCallsOnly-corporateLocked","$v":"(korporat dikunci)"},{"$i":"emergencyCallsOnly-network1Locked","$v":"(network1 dikunci)"},{"$i":"emergencyCallsOnly-network2Locked","$v":"(network2 dikunci)"},{"$i":"emergencyCallsOnly-hrpdNetworkLocked","$v":"(rangkaian hrpd dikunci)"},{"$i":"emergencyCallsOnly-ruimCorporateLocked","$v":"(ruim korporat dikunci)"},{"$i":"emergencyCallsOnly-ruimServiceProviderLocked","$v":"(penyedia khidmat ruim dikunci)"},{"$i":"lockscreen-sim-id","$v":["SIM ",{"t":"idOrVar","v":"n"}]},{"$i":"charging-status-no-time","$v":[{"t":"idOrVar","v":"level"},"% Charged"]},{"$i":"charging-status-minutes","$v":{"zero":[{"t":"idOrVar","v":"level"},"% Charged (",{"t":"idOrVar","v":"minutes"}," mins remaining)"],"one":[{"t":"idOrVar","v":"level"},"% Charged (",{"t":"idOrVar","v":"minutes"}," min remaining)"],"two":[{"t":"idOrVar","v":"level"},"% Charged (",{"t":"idOrVar","v":"minutes"}," mins remaining)"],"few":[{"t":"idOrVar","v":"level"},"% Charged (",{"t":"idOrVar","v":"minutes"}," mins remaining)"],"many":[{"t":"idOrVar","v":"level"},"% Charged (",{"t":"idOrVar","v":"minutes"}," mins remaining)"],"other":[{"t":"idOrVar","v":"level"},"% Charged (",{"t":"idOrVar","v":"minutes"}," mins remaining)"]},"$x":[{"t":"idOrVar","v":"plural"},"minutes"]},{"$i":"charging-status-hours","$v":{"zero":[{"t":"idOrVar","v":"level"},"% Charged (",{"t":"idOrVar","v":"hours"},"h ",{"t":"idOrVar","v":"minutes"}," mins remaining)"],"one":[{"t":"idOrVar","v":"level"},"% Charged (",{"t":"idOrVar","v":"hours"},"h ",{"t":"idOrVar","v":"minutes"}," min remaining)"],"two":[{"t":"idOrVar","v":"level"},"% Charged (",{"t":"idOrVar","v":"hours"},"h ",{"t":"idOrVar","v":"minutes"}," mins remaining)"],"few":[{"t":"idOrVar","v":"level"},"% Charged (",{"t":"idOrVar","v":"hours"},"h ",{"t":"idOrVar","v":"minutes"}," mins remaining)"],"many":[{"t":"idOrVar","v":"level"},"% Charged (",{"t":"idOrVar","v":"hours"},"h ",{"t":"idOrVar","v":"minutes"}," mins remaining)"],"other":[{"t":"idOrVar","v":"level"},"% Charged (",{"t":"idOrVar","v":"hours"},"h ",{"t":"idOrVar","v":"minutes"}," mins remaining)"]},"$x":[{"t":"idOrVar","v":"plural"},"minutes"]},{"$i":"phoneNumberInput","ariaLabel":"Nombor telefon"},{"$i":"keypadDelete","ariaLabel":"Hapus"},{"$i":"voiceMailKey","ariaLabel":"Mel suara"},{"$i":"asterisk","ariaLabel":"Asterisk"},{"$i":"hashSign","ariaLabel":"Tanda cincang"},{"$i":"loadingSimContacts","$v":"Loading SIM card contacts…"},{"$i":"noContactsWereFound","$v":"No contacts were found"},{"$i":"noContactsFoundDialogOk","$v":"OK"},{"$i":"emergencyNumber","$v":"Nombor kecemasan"},{"$i":"callAirplaneModeMessage","$v":"Untuk membuat panggilan anda perlu matikan mod pesawat pada tetapan."},{"$i":"callAirplaneModeBtnOk","$v":"OK"},{"$i":"callAirplaneModeTitle","$v":"Mod pesawat diaktifkan"},{"$i":"numberIsBusyTitle","$v":"Nombor sedang sibuk"},{"$i":"numberIsBusyMessage","$v":"Nombor sedang sibuk. Sila cuba lagi kemudian."},{"$i":"fdnIsActiveTitle","$v":"FDN aktif"},{"$i":"fdnIsActiveMessage","$v":["FDN (Nombor Dial Tetap) diaktifkan dan nombor berikut tidak terdapat di dalam senarai FDN anda: ",{"t":"idOrVar","v":"number"}]},{"$i":"emergencyDialogBodyBadNumber","$v":"Untuk membuat panggilan, telefon mesti disambungkan ke rangkaian."},{"$i":"emergencyDialogBodyDeviceNotAccepted","$v":"Panggilan kecemasan tidak dibenarkan oleh rangkaian."},{"$i":"emergencyDialogBtnOk","$v":"OK"},{"$i":"emergencyDialogTitle","$v":"Tiada sambungan rangkaian"},{"$i":"invalidNumberToDialTitle","$v":"Nombor telefon tidak sah"},{"$i":"invalidNumberToDialMessage","$v":"Nombor telefon yang anda dail tidak sah."},{"$i":"unableToCallTitle","$v":"Tidak dapat membuat panggilan telefon sekarang"},{"$i":"unableToCallMessage","$v":"Tidak dapat membuat panggilan. Jika anda sedang mendail, sila letakkan dahulu."},{"$i":"otherConnectionInUseTitle","$v":["SIM",{"t":"idOrVar","v":"n"}]},{"$i":"otherConnectionInUseMessage","$v":"Anda mempunyai panggilan aktif pada sambungan yang lain. Anda hanya boleh menggunakan satu sambungan pada satu masa."}]