[{"$i":"addNewNumber","$v":"नयाँ नम्बर थप्नुहोस्"},{"$i":"contactDetails","$v":"सम्पर्क विवरण"},{"$i":"addToExistingContact","$v":"अवस्थित सम्पर्कमा थप्नुहोस्"},{"$i":"all","$v":"सबै","ariaLabel":"सबै"},{"$i":"bluetoothOption","ariaLabel":"ब्लुटुथ"},{"$i":"callLog","$v":"कल लग"},{"$i":"callLogEdit","title":"कल लग सम्पादन गर्नुहोस्"},{"$i":"callLogEditDialog","ariaLabel":"कल लग डायलग सम्पादन गर्नुहोस्"},{"$i":"connecting","$v":"जडान हुँदैछ"},{"$i":"connectingEllipsis","$v":"जडान हुँदैछ..."},{"$i":"call-forwarding-async","$v":["अतुल्यकालिक: ",{"t":"idOrVar","v":"async"}]},{"$i":"call-forwarding-data","$v":["डेटा: ",{"t":"idOrVar","v":"data"}]},{"$i":"call-forwarding-error","$v":"कल फरवार्डको स्थिति पाउन खोज्दा त्रुटि भयो"},{"$i":"call-forwarding-fax","$v":["FAX: ",{"t":"idOrVar","v":"fax"}]},{"$i":"call-forwarding-inactive","$v":"निस्क्रिय"},{"$i":"call-forwarding-packet","$v":["प्याकेट: ",{"t":"idOrVar","v":"packet"}]},{"$i":"call-forwarding-pad","$v":["PAD: ",{"t":"idOrVar","v":"pad"}]},{"$i":"call-forwarding-sms","$v":["SMS: ",{"t":"idOrVar","v":"sms"}]},{"$i":"call-forwarding-status","$v":"कल फर्वार्डको स्थिति"},{"$i":"call-forwarding-sync","$v":["तुल्यकालिक: ",{"t":"idOrVar","v":"sync"}]},{"$i":"call-forwarding-voice","$v":["आवाज: ",{"t":"idOrVar","v":"voice"}]},{"$i":"close","$v":"बन्द गर्नुहोस्"},{"$i":"confirm-deletion","$v":"चयन गरिएको कल हटाउनुहुन्छ?"},{"$i":"contacts","ariaLabel":"सम्पर्कहरू"},{"$i":"createNewContact","$v":"एउटा नयाँ सम्पर्क सिर्जना गर्नुहोस्"},{"$i":"delete","$v":"मेट्नुहोस्"},{"$i":"deselectAll","$v":"सबै चयन गारिएको हटाउनुहोस्"},{"$i":"dialerAddContact","ariaLabel":"सम्पर्क थप्नुहोस्"},{"$i":"dialerAddContactDialog","ariaLabel":"Add Contact Dialog"},{"$i":"callInformation","$v":"कल सूचना"},{"$i":"edit-selected","$v":{"one":[{"t":"idOrVar","v":"n"},"वटा चयन गरिएको"],"two":[{"t":"idOrVar","v":"n"},"वटा चयन गरिएको"],"few":[{"t":"idOrVar","v":"n"}," वटा चयन गरिएको"],"many":[{"t":"idOrVar","v":"n"}," वटा चयन गरिएको"],"other":[{"t":"idOrVar","v":"n"}," वटा चयन गरिएको"]},"$x":[{"t":"idOrVar","v":"plural"},"n"]},{"$i":"edit","$v":"सम्पादन गर्नुहोस्"},{"$i":"hideKeypad","ariaLabel":"किप्याड लुकाउनुहोस्"},{"$i":"ignore","$v":"कल वेवास्ता गर्नुहोस्"},{"$i":"incoming","$v":"आगमन"},{"$i":"keypad","ariaLabel":"किप्याड"},{"$i":"makeCall","ariaLabel":"कल गर्नुहोस्"},{"$i":"merge","ariaLabel":"गाभ्नुहोस्"},{"$i":"info-missed","$v":"छुटेको"},{"$i":"missed","$v":"छुटेको","ariaLabel":"छुटेको"},{"$i":"canceled","$v":"रद्द गर्नुहोस्"},{"$i":"missedCall","$v":"छुटेको कल"},{"$i":"missedCallMultiSims","$v":["(SIM ",{"t":"idOrVar","v":"n"},") छुटेका कल"]},{"$i":"mmi-error","$v":"सन्देश पठाउँदै गर्दा त्रुटि भयो"},{"$i":"mmi-session-expired","$v":"सत्र समाप्त"},{"$i":"mmi-successfully-sent","$v":"सन्देश सफलतापूर्व पठाइयो"},{"$i":"mmi-notification-title-with-sim","$v":["(",{"t":"idOrVar","v":"सिम"},") ",{"t":"idOrVar","v":"शिर्सक"}]},{"$i":"mute","ariaLabel":"मौन"},{"$i":"newCall","ariaLabel":"नया कल"},{"$i":"no-logs-msg-1","$v":"कुनै कल रेकर्ड गरिएको छैन"},{"$i":"no-logs-msg-2","$v":"संचार अहिले सुरु गर्दै"},{"$i":"no-logs-msg-3","$v":"छुट कलहरु छैन"},{"$i":"onHoldOption","ariaLabel":"पकड मा"},{"$i":"outgoing","$v":"बाह्यगमन"},{"$i":"recents","ariaLabel":"हालको कलहरु"},{"$i":"reply","$v":"जवाफ पठाउनुहोस्"},{"$i":"selectAll","$v":"सबै चयन गर्नुहोस्"},{"$i":"send","$v":"पठाउनुहोस्"},{"$i":"switch-calls","$v":"बोलावटहरू स्विच गर्नुहोस्"},{"$i":"today","$v":"आज"},{"$i":"withheld-number","$v":"रोक लगाईएको नम्बर"},{"$i":"from-contact","$v":[{"t":"idOrVar","v":"contact"},"बाट"]},{"$i":"from-number","$v":[{"t":"idOrVar","v":"number"},"बाट"]},{"$i":"from-withheld-number","$v":"रोक लगाईएको नम्बरबाट"},{"$i":"yesterday","$v":"हिजो"},{"$i":"sending","$v":"पठाउँदै..."},{"$i":"speakerOption","ariaLabel":"वक्ता"},{"$i":"ussd-services","$v":[{"t":"idOrVar","v":"operator"}," सुबिधाहरु"]},{"$i":"toggleKeypad","ariaLabel":"टगल कीपैड"},{"$i":"type-your-response","placeholder":"तपाईँको प्रतिक्रिया लेख्नुहोस्..."},{"$i":"clear-all-text","$v":"सबै पाठ मेटाउनुहोस्"},{"$i":"hide","$v":"लुकाउनुहोस्"},{"$i":"call","$v":"कल गर्नुहोस्"},{"$i":"hold","ariaLabel":"समाउनुहोस्"},{"$i":"resume","$v":"पुन: निरन्तरता गर्नुहोस्","ariaLabel":"पुन: निरन्तरता गर्नुहोस्"},{"$i":"sendSms","$v":"सन्देश पठाउनुहोस्"},{"$i":"callEnded","$v":"कल समाप्त भयो"},{"$i":"via-sim","$v":["SIM मार्फत",{"t":"idOrVar","v":"n"}]},{"$i":"sim-number","$v":["SIM",{"t":"idOrVar","v":"n"}]},{"$i":"unknown","$v":"अज्ञात"},{"$i":"cancel","$v":"रद्द गर्नुहोस्"},{"$i":"hangup-a11y-button","ariaLabel":"ह्याङ अप"},{"$i":"pickup-a11y-button","ariaLabel":"उठानोउस"},{"$i":"unlock-a11y-button","ariaLabel":"स्लाइडर"},{"$i":"settings","$v":"सेटिङहरू"},{"$i":"delete-n-log?","$v":{"zero":"केहि चयन गरिएको छैन","one":"चयन गरिएको नोडहरू मेटाउने हो?","two":[{"t":"idOrVar","v":"n"}," लगहरु मेटाउनु हुन्छ ?"],"few":[{"t":"idOrVar","v":"n"}," लगहरु मेटाउनुहुन्छ?"],"many":[{"t":"idOrVar","v":"n"}," लगहरु मेटाउनुहुन्छ?"],"other":[{"t":"idOrVar","v":"n"}," लगहरु मेटाउनुहुन्छ?"]},"$x":[{"t":"idOrVar","v":"plural"},"n"]},{"$i":"callDurationMinutes","$v":[{"t":"idOrVar","v":"m"},":",{"t":"idOrVar","v":"s"}]},{"$i":"callDurationHours","$v":[{"t":"idOrVar","v":"h"},":",{"t":"idOrVar","v":"m"},":",{"t":"idOrVar","v":"s"}]},{"$i":"callDurationTextFormatSeconds","$v":[{"t":"idOrVar","v":"s"}," s"]},{"$i":"callDurationTextFormatMinutes","$v":[{"t":"idOrVar","v":"m"}," m ",{"t":"idOrVar","v":"s"}," s"]},{"$i":"callDurationTextFormatHours","$v":[{"t":"idOrVar","v":"h"}," h ",{"t":"idOrVar","v":"m"}," m ",{"t":"idOrVar","v":"s"}," s"]},{"$i":"suggestionMatches","$v":{"one":["\"",{"t":"idOrVar","v":"matchNumber"},"\"का लागि ",{"t":"idOrVar","v":"n"}," वटा जोडा"],"two":["\"",{"t":"idOrVar","v":"matchNumber"},"\"का लागि ",{"t":"idOrVar","v":"n"}," वटा जोडाहरु"],"few":["\"",{"t":"idOrVar","v":"matchNumber"},"\"का लागि ",{"t":"idOrVar","v":"n"}," वटा जोडाहरु"],"many":["\"",{"t":"idOrVar","v":"matchNumber"},"\"का लागि ",{"t":"idOrVar","v":"n"}," वटा जोडाहरु"],"other":["\"",{"t":"idOrVar","v":"matchNumber"},"\"का लागि ",{"t":"idOrVar","v":"n"}," वटा जोडाहरु"]},"$x":[{"t":"idOrVar","v":"plural"},"n"]},{"$i":"scCallBarring","$v":"अपवाद कल"},{"$i":"scCallForwarding","$v":"कल पठाउँदै"},{"$i":"scClip","$v":"आगमन कलर आईडी"},{"$i":"scClir","$v":"बाह्यगमन कलर आईडी"},{"$i":"scPwd","$v":" पासवर्ड परिवर्तन"},{"$i":"scCallWaiting","$v":"कल प्रतिक्षा"},{"$i":"scPin","$v":"PIN परिवर्तन"},{"$i":"scPin2","$v":"PIN2 परिवर्तन"},{"$i":"scPuk","$v":"PIN बाधा हटाउनु"},{"$i":"scPuk2","$v":"PIN2 बाधा हटाउनुहोस्"},{"$i":"scImei","$v":"IMEI"},{"$i":"scUssd","$v":"USSD"},{"$i":"serviceClassVoice","$v":"स्वर"},{"$i":"serviceClassData","$v":"डाटा"},{"$i":"serviceClassFax","$v":"फ्याक्स"},{"$i":"serviceClassSms","$v":"एसएमएस"},{"$i":"serviceClassDataSync","$v":"सिन्क्रोनाइज"},{"$i":"serviceClassDataAsync","$v":"असक्रमित"},{"$i":"serviceClassPacket","$v":"प्याकेट"},{"$i":"serviceClassPad","$v":"PAD"},{"$i":"smServiceEnabled","$v":"सेवा सक्षम पारियो"},{"$i":"smServiceDisabled","$v":" सेवा अक्षम भएको छ।"},{"$i":"smServiceRegistered","$v":"दर्ता सफल भएको छ।"},{"$i":"smServiceErased","$v":"मेट्ने काम सफल भयो।"},{"$i":"smServiceInterrogated","$v":"तपाईको अनुरोध सफल भयो।"},{"$i":"smServiceNotProvisioned","$v":"सेवा लिइएको छैन"},{"$i":"smClirPermanent","$v":"तपाईले कलर आइडि सेटिङ्ग परिर्वतन गर्न मिल्दैन"},{"$i":"smClirDefaultOnNextCallOn","$v":"पूर्वनिर्धारित कलर आइडि निशेधित। पछिल्लो कल: निशेधित"},{"$i":"smClirDefaultOnNextCallOff","$v":"पूर्वनिर्धारित कलर आइडि निशेधित। पछिल्लो कल: निशेधित नगरिएको"},{"$i":"smClirDefaultOffNextCallOn","$v":"पूर्वनिर्धारित कलर आइडि निशेधित नगरिएको। पछिल्लो कल: निशेधित"},{"$i":"smClirDefaultOffNextCallOff","$v":"पूर्वनिर्धारित कलर आइडि निशेधित नगरिएको। पछिल्लो कल: निशेधित नगरिएको"},{"$i":"smServiceEnabledFor","$v":"सेवा यसका लागि सक्षम पारियो:"},{"$i":"smPinChanged","$v":"PIN सफलतापूर्वक परिवर्तन भयो"},{"$i":"smPinUnblocked","$v":"PIN सफलतापूर्वक अनब्लक भयो"},{"$i":"smPin2Changed","$v":"PIN२ सफलतापूर्वक परिवर्तन भयो"},{"$i":"smPin2Unblocked","$v":"PIN२ सफलतापूर्वक अनब्लक भयो"},{"$i":"ServiceIsEnabled","$v":"सेवा सक्षम पारियो"},{"$i":"ServiceIsDisabled","$v":"सेवा असक्षम पारियो"},{"$i":"ServiceIsEnabledFor","$v":"सेवा यसका लागि सक्षम पारियो:"},{"$i":"emMmiError","$v":"जडानमा समस्या वा अवैध MMI कोड"},{"$i":"emMmiErrorPasswordIncorrect","$v":"गलत पासवर्ड"},{"$i":"emMmiErrorNotSupported","$v":"अवैध वा असमर्थित MMI कोड"},{"$i":"emMmiErrorInvalidAction","$v":"रद्ध रोजाइ"},{"$i":"emMmiErrorInvalidScCode","$v":"रद्ध सेवा कोड"},{"$i":"emMmiErrorBadPuk","$v":"ेतपाईले लेख्नु भएको PUK गलत भयो।"},{"$i":"emMmiErrorBadPin","$v":"तपाईले लेख्नु भएको पुरानो PIN सहि छैन।"},{"$i":"emMmiErrorNeedPuk2","$v":"PUK2 लेखि सिम कार्डको रोक हटाउनु होस्।"},{"$i":"emMmiErrorMismatchPin","$v":"तपाईले लेख्नु भएको PIN हरु मेल खाएन।"},{"$i":"emMmiErrorInvalidPin","$v":"४ देखि ८ अङ्कको PIN लेख्नु होस्।"},{"$i":"emMmiErrorNeedsPuk","$v":"तपाईँको सिम कार्ड PUK-ताल्चा लागेको छ"},{"$i":"emMmiErrorEnablePin","$v":"असफल। SIM/RUIM LOCK सक्षम पार्नुहोस्"},{"$i":"emMmiErrorMmiFdn","$v":"सञ्चालन स्थिर डायल सङ्ख्याहरुका लागि मात्र रोक लगाईएकोछ"},{"$i":"emMmiErrorStkCcUssdDial","$v":"USSD अनुरोध DIAL अनुरोधमा परिमाजन गरियो"},{"$i":"emMmiErrorStkCcUssdSs","$v":"USSD अनुरोध SS अनुरोधमा परिमाजन गरियो"},{"$i":"emMmiErrorStkCcUssdUssd","$v":"USSD अनुरोध नयाँ USSD अनुरोधमा परिमाजन गरियो"},{"$i":"emMmiErrorStkCcSsDial","$v":"SS अनुरोध DIAL अनुरोधमा परिमाजन गरियो"},{"$i":"emMmiErrorStkCcSsUssd","$v":"SS अनुरोध USSD अनुरोधमा परिमाजन गरियो"},{"$i":"emMmiErrorStkCcSsSs","$v":"SS अनुरोध नयाँ SS अनुरोधमा परिमाजन गरियो"},{"$i":"emMmiErrorPinPukAttempts","$v":{"one":[{"t":"idOrVar","v":"n"}," कोसिस मात्र बाँकी"],"two":[{"t":"idOrVar","v":"n"}," कोसिसहरु बाँकी"],"few":[{"t":"idOrVar","v":"n"}," कोसिसहरु बाँकी"],"many":[{"t":"idOrVar","v":"n"}," कोसिसहरु बाँकी"],"other":[{"t":"idOrVar","v":"n"}," कोसिसहरु बाँकी"]},"$x":[{"t":"idOrVar","v":"plural"},"n"]},{"$i":"emMmiErrorSimBlocked","$v":"अधिकतम पुन: प्रयास सङ्ख्याले सीमा नाघ्यो।SIM रोकियो"},{"$i":"RadioNotAvailable","$v":"रेडियो उपलब्ध छैन"},{"$i":"GenericFailure","$v":"साधारण विफल"},{"$i":"PasswordIncorrect","$v":"गलत पासवर्ड"},{"$i":"SimPin2","$v":"SIM PIN२"},{"$i":"SimPuk2","$v":"SIM PUK२"},{"$i":"RequestNotSupported","$v":"अनुरोध असमर्थित"},{"$i":"OpNotAllowedDuringVoiceCall","$v":"वाच्य कलका बेला सञ्चालन अनुमति नदिईएको"},{"$i":"SmsSendFailRetry","$v":"SMS पठाउन असफल पुन: प्रयास गर्नुहोस्"},{"$i":"SimAbsent","$v":"SIM अनुपस्थित"},{"$i":"SubscriptionNotAvailable","$v":"सदस्यता उपलब्ध छैन"},{"$i":"ModeNotSupported","$v":"शैली समर्थित छैन"},{"$i":"FdnCheckFailure","$v":"Fdn जाँच विफल"},{"$i":"IllegalSimOrMe","$v":"अवैध SIM वा ME"},{"$i":"DialModifiedToUssd","$v":"डायल USSDमा परिमार्जित गरियो"},{"$i":"DialModifiedToSs","$v":"डायल SSमा परिमार्जित गरियो"},{"$i":"DialModifiedToDial","$v":"डायल डायलमा परिमार्जित गरियो"},{"$i":"UssdModifiedToDial","$v":"USSD डायलमा परिमार्जित गरियो"},{"$i":"UssdModifiedToSs","$v":"USSD SSमा परिमार्जित गरियो"},{"$i":"UssdModifiedToUssd","$v":"USSD USSDमा परिमार्जित गरियो"},{"$i":"SsModifiedToDial","$v":"डायल SSमा परिमार्जित गरियो"},{"$i":"SsModifiedToUssd","$v":"USSD SSमा परिमार्जित गरियो"},{"$i":"SsModifiedToSs","$v":"SS SSमा परिमार्जित गरियो"},{"$i":"SubscriptionNotSupported","$v":"सदस्यता समर्थित छैन"},{"$i":"InvalidParameter","$v":"अवैध परामिति"},{"$i":"RejectedByRemote","$v":"प्रतिकरणद्वारा अस्वीकार"},{"$i":"conferenceCall","$v":["सम्मेलन (",{"t":"idOrVar","v":"n"},")"]},{"$i":"caller-left-call","$v":[{"t":"idOrVar","v":"caller"}," ले कल छोडेको छ।"]},{"$i":"conferenceAddError","$v":"कलहरु मिलाउन असमर्थ"},{"$i":"conferenceRemoveError","$v":"कलहरु नमिलाउन असमर्थ"},{"$i":"longDateFormat","$v":"%A, %B %e"},{"$i":"select-audio-sources","$v":"श्रवनस्रोत चयन गर्नुहोस्"},{"$i":"bluetooth-handsfree-device","$v":"ब्लुटुथ स्वतन्त्र यन्त्र हो"},{"$i":"receiver","$v":"प्रप्तिकर्ता"},{"$i":"speaker","$v":"वक्ता"},{"$i":"voiceMail","$v":"वाच्य इमेल"},{"$i":"weekday-0-long","$v":"आइतबार"},{"$i":"weekday-1-long","$v":"सोमबार"},{"$i":"weekday-2-long","$v":"मंगलबार"},{"$i":"weekday-3-long","$v":"बुधबार"},{"$i":"weekday-4-long","$v":"बिहिबार"},{"$i":"weekday-5-long","$v":"शुक्रबार"},{"$i":"weekday-6-long","$v":"शनिबार"},{"$i":"weekday-0-short","$v":"आइत"},{"$i":"weekday-1-short","$v":"सोम"},{"$i":"weekday-2-short","$v":"मङ्गल"},{"$i":"weekday-3-short","$v":"बुध"},{"$i":"weekday-4-short","$v":"बिहि"},{"$i":"weekday-5-short","$v":"शुक्र"},{"$i":"weekday-6-short","$v":"शनि"},{"$i":"month-0-long","$v":"जनवरी"},{"$i":"month-1-long","$v":"फेब्रुअरी"},{"$i":"month-2-long","$v":"ंमार्च"},{"$i":"month-3-long","$v":"अप्रिल"},{"$i":"month-4-long","$v":"मे"},{"$i":"month-5-long","$v":"जुन"},{"$i":"month-6-long","$v":"जुलाई"},{"$i":"month-7-long","$v":"अगस्ट"},{"$i":"month-8-long","$v":"सेप्टेम्बर"},{"$i":"month-9-long","$v":"अक्टोबर"},{"$i":"month-10-long","$v":"नोभेम्बर"},{"$i":"month-11-long","$v":"डिसेम्बर"},{"$i":"month-0-genitive","$v":"जनवरी"},{"$i":"month-1-genitive","$v":"फेब्रुअरी"},{"$i":"month-2-genitive","$v":"ंमार्च"},{"$i":"month-3-genitive","$v":"अप्रिल"},{"$i":"month-4-genitive","$v":"मे"},{"$i":"month-5-genitive","$v":"जुन"},{"$i":"month-6-genitive","$v":"जुलाई"},{"$i":"month-7-genitive","$v":"अगस्ट"},{"$i":"month-8-genitive","$v":"सेप्टेम्बर"},{"$i":"month-9-genitive","$v":"अक्टोबर"},{"$i":"month-10-genitive","$v":"नोभेम्बर"},{"$i":"month-11-genitive","$v":"डिसेम्बर"},{"$i":"month-0-short","$v":"जन"},{"$i":"month-1-short","$v":"फेब"},{"$i":"month-2-short","$v":"मार्च"},{"$i":"month-3-short","$v":"अप्रिल"},{"$i":"month-4-short","$v":"मे"},{"$i":"month-5-short","$v":"जुन"},{"$i":"month-6-short","$v":"जुलाई"},{"$i":"month-7-short","$v":"अगस्ट"},{"$i":"month-8-short","$v":"सेप्टेम्वर"},{"$i":"month-9-short","$v":"अक्टुवर"},{"$i":"month-10-short","$v":"नोभेम्वर"},{"$i":"month-11-short","$v":"डिसेम्वर"},{"$i":"minutes-ago-long","$v":{"zero":"भर्खरै","one":"एक मिनेट अगाडि","two":[{"t":"idOrVar","v":"value"}," मिनेट अगाडि"],"few":[{"t":"idOrVar","v":"value"}," मिनेट अगाडि"],"many":[{"t":"idOrVar","v":"value"}," मिनेट अगाडि"],"other":[{"t":"idOrVar","v":"value"}," मिनेट अगाडि"]},"$x":[{"t":"idOrVar","v":"plural"},"value"]},{"$i":"hours-ago-long","$v":{"zero":"भर्खरै","one":"एक घन्टा अगाडि","two":[{"t":"idOrVar","v":"value"}," घण्टा अगाडि"],"few":[{"t":"idOrVar","v":"value"}," घण्टा अगाडि"],"many":[{"t":"idOrVar","v":"value"}," घण्टा अगाडि"],"other":[{"t":"idOrVar","v":"value"}," घण्टा अगाडि"]},"$x":[{"t":"idOrVar","v":"plural"},"value"]},{"$i":"days-ago-long","$v":{"zero":"आज","one":"हिजो","two":[{"t":"idOrVar","v":"value"}," दिन अगाडि"],"few":[{"t":"idOrVar","v":"value"}," दिन अगाडि"],"many":[{"t":"idOrVar","v":"value"}," दिन अगाडि"],"other":[{"t":"idOrVar","v":"value"}," दिन अगाडि"]},"$x":[{"t":"idOrVar","v":"plural"},"value"]},{"$i":"weeks-ago-long","$v":{"zero":"यो हप्ता","one":"गएको हप्ता","two":[{"t":"idOrVar","v":"value"}," हप्ता अगाडि"],"few":[{"t":"idOrVar","v":"value"}," हप्ता अगाडि"],"many":[{"t":"idOrVar","v":"value"}," हप्ता अगाडि"],"other":[{"t":"idOrVar","v":"value"}," हप्ता अगाडि"]},"$x":[{"t":"idOrVar","v":"plural"},"value"]},{"$i":"months-ago-long","$v":{"zero":"यो महिना","one":"गएको महिना","two":[{"t":"idOrVar","v":"value"}," महिना अगाडि"],"few":[{"t":"idOrVar","v":"value"}," महिना अगाडि"],"many":[{"t":"idOrVar","v":"value"}," महिना अगाडि"],"other":[{"t":"idOrVar","v":"value"}," महिना अगाडि"]},"$x":[{"t":"idOrVar","v":"plural"},"value"]},{"$i":"years-ago-long","$v":{"zero":"यो वर्ष","one":"अघिल्लो वर्ष","two":[{"t":"idOrVar","v":"value"}," वर्ष अगाडि"],"few":[{"t":"idOrVar","v":"value"}," वर्ष अगाडि"],"many":[{"t":"idOrVar","v":"value"}," वर्ष अगाडि"],"other":[{"t":"idOrVar","v":"value"}," वर्ष अगाडि"]},"$x":[{"t":"idOrVar","v":"plural"},"value"]},{"$i":"minutes-until-long","$v":{"zero":"अहिले","one":"एक मिनेटमा","two":[{"t":"idOrVar","v":"value"}," मिनेटमा"],"few":[{"t":"idOrVar","v":"value"}," मिनेटमा"],"many":[{"t":"idOrVar","v":"value"}," मिनेटमा"],"other":[{"t":"idOrVar","v":"value"}," मिनेटमा"]},"$x":[{"t":"idOrVar","v":"plural"},"value"]},{"$i":"hours-until-long","$v":{"zero":"अहिले","one":"एक घण्टामा","two":[{"t":"idOrVar","v":"value"}," घण्टामा"],"few":[{"t":"idOrVar","v":"value"}," घण्टामा"],"many":[{"t":"idOrVar","v":"value"}," घण्टामा"],"other":[{"t":"idOrVar","v":"value"}," घण्टामा"]},"$x":[{"t":"idOrVar","v":"plural"},"value"]},{"$i":"days-until-long","$v":{"zero":"आज","one":"भोलि","two":[{"t":"idOrVar","v":"value"}," दिनमा"],"few":[{"t":"idOrVar","v":"value"}," दिनमा"],"many":[{"t":"idOrVar","v":"value"}," दिनमा"],"other":[{"t":"idOrVar","v":"value"}," दिनमा"]},"$x":[{"t":"idOrVar","v":"plural"},"value"]},{"$i":"weeks-until-long","$v":{"zero":"यो हप्ता","one":"पछिल्लो हप्ता","two":[{"t":"idOrVar","v":"value"}," हप्तामा"],"few":[{"t":"idOrVar","v":"value"}," हप्तामा"],"many":[{"t":"idOrVar","v":"value"}," हप्तामा"],"other":[{"t":"idOrVar","v":"value"}," हप्तामा"]},"$x":[{"t":"idOrVar","v":"plural"},"value"]},{"$i":"months-until-long","$v":{"zero":"यस महिना","one":"पछिल्लो महिना","two":[{"t":"idOrVar","v":"value"}," महिनामा"],"few":[{"t":"idOrVar","v":"value"}," महिनामा"],"many":[{"t":"idOrVar","v":"value"}," महिनामा"],"other":[{"t":"idOrVar","v":"value"}," महिनामा"]},"$x":[{"t":"idOrVar","v":"plural"},"value"]},{"$i":"years-until-long","$v":{"zero":"यस बर्ष","one":"आर्को बर्ष","two":[{"t":"idOrVar","v":"value"}," बर्षमा"],"few":[{"t":"idOrVar","v":"value"}," बर्षमा"],"many":[{"t":"idOrVar","v":"value"}," वर्षमा"],"other":[{"t":"idOrVar","v":"value"}," वर्षमा"]},"$x":[{"t":"idOrVar","v":"plural"},"value"]},{"$i":"minutes-ago-short","$v":{"zero":"भर्खरै","other":[{"t":"idOrVar","v":"value"},"मिनेट अघि"]},"$x":[{"t":"idOrVar","v":"plural"},"value"]},{"$i":"hours-ago-short","$v":{"zero":"भर्खरै","other":[{"t":"idOrVar","v":"value"},"घण्टा अघि"]},"$x":[{"t":"idOrVar","v":"plural"},"value"]},{"$i":"days-ago-short","$v":{"zero":"आज","other":[{"t":"idOrVar","v":"value"},"दिन अघि"]},"$x":[{"t":"idOrVar","v":"plural"},"value"]},{"$i":"minutes-until-short","$v":{"zero":"अहिले","other":[{"t":"idOrVar","v":"value"},"मिनेटमा"]},"$x":[{"t":"idOrVar","v":"plural"},"value"]},{"$i":"hours-until-short","$v":{"zero":"अहिले","other":[{"t":"idOrVar","v":"value"},"घण्टामा"]},"$x":[{"t":"idOrVar","v":"plural"},"value"]},{"$i":"days-until-short","$v":{"zero":"आज","other":[{"t":"idOrVar","v":"value"},"दिनमा"]},"$x":[{"t":"idOrVar","v":"plural"},"value"]},{"$i":"incorrectDate","$v":"(गलत मिति)"},{"$i":"dateTimeFormat_%c","$v":"%a %b %e %Y %I:%M:%S %p"},{"$i":"dateTimeFormat_%x","$v":"%m/%d/%Y"},{"$i":"dateTimeFormat_%X","$v":"%I:%M:%S %p"},{"$i":"shortTimeFormat","$v":"%I:%M %p"},{"$i":"shortTimeFormat12","$v":"%I:%M %p"},{"$i":"shortTimeFormat24","$v":"%H:%M"},{"$i":"shortDateTimeFormat","$v":"%x %I:%M %p"},{"$i":"weekStartsOnMonday","$v":"0"},{"$i":"firstDayOfTheWeek","$v":"0"},{"$i":"time_am","$v":"ए एम"},{"$i":"time_pm","$v":"पी एम"},{"$i":"label","$v":"Label"},{"$i":"mobile","$v":"Mobile"},{"$i":"home","$v":"Home"},{"$i":"work","$v":"Work"},{"$i":"personal","$v":"Personal"},{"$i":"faxHome","$v":"Fax home"},{"$i":"faxOffice","$v":"Fax office"},{"$i":"faxOther","$v":"Fax other"},{"$i":"another","$v":"Another"},{"$i":"other","$v":"Other"},{"$i":"customTag","placeholder":"Custom tag"},{"$i":"current","$v":"Current"},{"$i":"itemWithLabel","$v":[{"t":"idOrVar","v":"label"},", ",{"t":"idOrVar","v":"item"}]},{"$i":"airplaneMode","$v":"Airplane mode"},{"$i":"searching","$v":"Searching…"},{"$i":"noNetwork","$v":"No network"},{"$i":"roaming","$v":[{"t":"idOrVar","v":"operator"}," (Roaming)"]},{"$i":"operator-info","$v":[{"t":"idOrVar","v":"carrier"}," ",{"t":"idOrVar","v":"region"}]},{"$i":"emergencyCallsOnly","$v":"Emergency calls only"},{"$i":"emergencyCallsOnly-unknownSIMState","$v":"(unknown SIM state)"},{"$i":"emergencyCallsOnly-noSIM","$v":"(no SIM)"},{"$i":"emergencyCallsOnly-pinRequired","$v":"(SIM PIN required)"},{"$i":"emergencyCallsOnly-pukRequired","$v":"(SIM PUK required)"},{"$i":"emergencyCallsOnly-networkLocked","$v":"(network locked)"},{"$i":"emergencyCallsOnly-serviceProviderLocked","$v":"(service provider locked)"},{"$i":"emergencyCallsOnly-corporateLocked","$v":"(corporate locked)"},{"$i":"emergencyCallsOnly-network1Locked","$v":"(network1 locked)"},{"$i":"emergencyCallsOnly-network2Locked","$v":"(network2 locked)"},{"$i":"emergencyCallsOnly-hrpdNetworkLocked","$v":"(hrpd network locked)"},{"$i":"emergencyCallsOnly-ruimCorporateLocked","$v":"(ruim corporate locked)"},{"$i":"emergencyCallsOnly-ruimServiceProviderLocked","$v":"(ruim service provider locked)"},{"$i":"lockscreen-sim-id","$v":["SIM ",{"t":"idOrVar","v":"n"}]},{"$i":"charging-status-no-time","$v":[{"t":"idOrVar","v":"level"},"% Charged"]},{"$i":"charging-status-minutes","$v":{"zero":[{"t":"idOrVar","v":"level"},"% Charged (",{"t":"idOrVar","v":"minutes"}," mins remaining)"],"one":[{"t":"idOrVar","v":"level"},"% Charged (",{"t":"idOrVar","v":"minutes"}," min remaining)"],"two":[{"t":"idOrVar","v":"level"},"% Charged (",{"t":"idOrVar","v":"minutes"}," mins remaining)"],"few":[{"t":"idOrVar","v":"level"},"% Charged (",{"t":"idOrVar","v":"minutes"}," mins remaining)"],"many":[{"t":"idOrVar","v":"level"},"% Charged (",{"t":"idOrVar","v":"minutes"}," mins remaining)"],"other":[{"t":"idOrVar","v":"level"},"% Charged (",{"t":"idOrVar","v":"minutes"}," mins remaining)"]},"$x":[{"t":"idOrVar","v":"plural"},"minutes"]},{"$i":"charging-status-hours","$v":{"zero":[{"t":"idOrVar","v":"level"},"% Charged (",{"t":"idOrVar","v":"hours"},"h ",{"t":"idOrVar","v":"minutes"}," mins remaining)"],"one":[{"t":"idOrVar","v":"level"},"% Charged (",{"t":"idOrVar","v":"hours"},"h ",{"t":"idOrVar","v":"minutes"}," min remaining)"],"two":[{"t":"idOrVar","v":"level"},"% Charged (",{"t":"idOrVar","v":"hours"},"h ",{"t":"idOrVar","v":"minutes"}," mins remaining)"],"few":[{"t":"idOrVar","v":"level"},"% Charged (",{"t":"idOrVar","v":"hours"},"h ",{"t":"idOrVar","v":"minutes"}," mins remaining)"],"many":[{"t":"idOrVar","v":"level"},"% Charged (",{"t":"idOrVar","v":"hours"},"h ",{"t":"idOrVar","v":"minutes"}," mins remaining)"],"other":[{"t":"idOrVar","v":"level"},"% Charged (",{"t":"idOrVar","v":"hours"},"h ",{"t":"idOrVar","v":"minutes"}," mins remaining)"]},"$x":[{"t":"idOrVar","v":"plural"},"minutes"]},{"$i":"phoneNumberInput","ariaLabel":"सम्पर्क नम्बर"},{"$i":"keypadDelete","ariaLabel":"मेटाउनुहोस्"},{"$i":"voiceMailKey","ariaLabel":"आवाजमेल"},{"$i":"asterisk","ariaLabel":"ताराङ्कन"},{"$i":"hashSign","ariaLabel":"Hash sign"},{"$i":"loadingSimContacts","$v":"Loading SIM card contacts…"},{"$i":"noContactsWereFound","$v":"No contacts were found"},{"$i":"noContactsFoundDialogOk","$v":"OK"},{"$i":"emergencyNumber","$v":"Emergency number"},{"$i":"callAirplaneModeMessage","$v":"To make a call you need to disable airplane mode in settings."},{"$i":"callAirplaneModeBtnOk","$v":"OK"},{"$i":"callAirplaneModeTitle","$v":"Airplane mode activated"},{"$i":"numberIsBusyTitle","$v":"Number is busy"},{"$i":"numberIsBusyMessage","$v":"The number is currently busy. Please try again later."},{"$i":"fdnIsActiveTitle","$v":"FDN active"},{"$i":"fdnIsActiveMessage","$v":["FDN (Fixed Dialing Numbers) is activated and the following number is not in your FDN list: ",{"t":"idOrVar","v":"number"}]},{"$i":"emergencyDialogBodyBadNumber","$v":"To make a call, the phone must be connected to a network."},{"$i":"emergencyDialogBodyDeviceNotAccepted","$v":"Emergency calls are not allowed by the network."},{"$i":"emergencyDialogBtnOk","$v":"OK"},{"$i":"emergencyDialogTitle","$v":"No network connection"},{"$i":"invalidNumberToDialTitle","$v":"Invalid phone number"},{"$i":"invalidNumberToDialMessage","$v":"The phone number you are calling is not valid."},{"$i":"unableToCallTitle","$v":"Unable to make a phone call now"},{"$i":"unableToCallMessage","$v":"Cannot make a call. If you are already dialing, please hang up first."},{"$i":"otherConnectionInUseTitle","$v":"Other connection in use"},{"$i":"otherConnectionInUseMessage","$v":"You have an active call on another connection. You can only use one connection at a time."}]