[{"$i":"addNewNumber","$v":"Nieuw nummer toevoegen"},{"$i":"contactDetails","$v":"Contactdetails"},{"$i":"addToExistingContact","$v":"Toevoegen aan bestaand contact"},{"$i":"all","$v":"Alle","ariaLabel":"Alle"},{"$i":"bluetoothOption","ariaLabel":"Bluetooth"},{"$i":"callLog","$v":"Oproeplogboek"},{"$i":"callLogEdit","title":"Oproeplogboek bewerken"},{"$i":"callLogEditDialog","ariaLabel":"Dialoogvenster Oproeplogboek bewerken"},{"$i":"connecting","$v":"Verbinden"},{"$i":"connectingEllipsis","$v":"Verbinden…"},{"$i":"call-forwarding-async","$v":["Asynchroon: ",{"t":"idOrVar","v":"async"}]},{"$i":"call-forwarding-data","$v":["Gegevens: ",{"t":"idOrVar","v":"data"}]},{"$i":"call-forwarding-error","$v":"Er is een fout opgetreden tijdens het ophalen van de doorschakelstatus"},{"$i":"call-forwarding-fax","$v":["FAX: ",{"t":"idOrVar","v":"fax"}]},{"$i":"call-forwarding-inactive","$v":"Inactief"},{"$i":"call-forwarding-packet","$v":["Pakket: ",{"t":"idOrVar","v":"packet"}]},{"$i":"call-forwarding-pad","$v":["PAD: ",{"t":"idOrVar","v":"pad"}]},{"$i":"call-forwarding-sms","$v":["Sms: ",{"t":"idOrVar","v":"sms"}]},{"$i":"call-forwarding-status","$v":"Doorschakelstatus"},{"$i":"call-forwarding-sync","$v":["Synchroon: ",{"t":"idOrVar","v":"sync"}]},{"$i":"call-forwarding-voice","$v":["Spraak: ",{"t":"idOrVar","v":"voice"}]},{"$i":"close","$v":"Sluiten"},{"$i":"confirm-deletion","$v":"Geselecteerde oproepen wissen?"},{"$i":"contacts","ariaLabel":"Contacten"},{"$i":"createNewContact","$v":"Nieuw contact aanmaken"},{"$i":"delete","$v":"Verwijderen"},{"$i":"deselectAll","$v":"Alles deselecteren"},{"$i":"dialerAddContact","ariaLabel":"Contact toevoegen"},{"$i":"dialerAddContactDialog","ariaLabel":"Dialoogvenster Contact toevoegen"},{"$i":"callInformation","$v":"Oproepinformatie"},{"$i":"edit-selected","$v":{"one":[{"t":"idOrVar","v":"n"}," geselecteerd"],"two":[{"t":"idOrVar","v":"n"}," geselecteerd"],"few":[{"t":"idOrVar","v":"n"}," geselecteerd"],"many":[{"t":"idOrVar","v":"n"}," geselecteerd"],"other":[{"t":"idOrVar","v":"n"}," geselecteerd"]},"$x":[{"t":"idOrVar","v":"plural"},"n"]},{"$i":"edit","$v":"Bewerken"},{"$i":"hideKeypad","ariaLabel":"Toetsenblok verbergen"},{"$i":"ignore","$v":"Oproep negeren"},{"$i":"incoming","$v":"Inkomend"},{"$i":"keypad","ariaLabel":"Toetsenblok"},{"$i":"makeCall","ariaLabel":"Oproep maken"},{"$i":"merge","ariaLabel":"Samenvoegen"},{"$i":"info-missed","$v":"Gemist"},{"$i":"missed","$v":"Gemist","ariaLabel":"Gemist"},{"$i":"canceled","$v":"Geannuleerd"},{"$i":"missedCall","$v":"Gemiste oproep"},{"$i":"missedCallMultiSims","$v":["(Simkaart ",{"t":"idOrVar","v":"n"},") Gemiste oproep"]},{"$i":"mmi-error","$v":"Er is een fout opgetreden tijdens het verzenden van het bericht"},{"$i":"mmi-session-expired","$v":"Sessie verlopen"},{"$i":"mmi-successfully-sent","$v":"Bericht met succes verzonden"},{"$i":"mmi-notification-title-with-sim","$v":["(",{"t":"idOrVar","v":"sim"},") ",{"t":"idOrVar","v":"title"}]},{"$i":"mute","ariaLabel":"Dempen"},{"$i":"newCall","ariaLabel":"Nieuwe oproep"},{"$i":"no-logs-msg-1","$v":"Geen oproepen vermeld"},{"$i":"no-logs-msg-2","$v":"Communicatie nu starten"},{"$i":"no-logs-msg-3","$v":"Geen gemiste oproepen"},{"$i":"onHoldOption","ariaLabel":"In wachtstand"},{"$i":"outgoing","$v":"Uitgaand"},{"$i":"recents","ariaLabel":"Recente oproepen"},{"$i":"reply","$v":"Antwoorden"},{"$i":"selectAll","$v":"Alles selecteren"},{"$i":"send","$v":"Verzenden"},{"$i":"switch-calls","$v":"Gesprekken wisselen"},{"$i":"today","$v":"Vandaag"},{"$i":"withheld-number","$v":"Onderdrukt nummer"},{"$i":"from-contact","$v":["Van ",{"t":"idOrVar","v":"contact"}]},{"$i":"from-number","$v":["Van ",{"t":"idOrVar","v":"number"}]},{"$i":"from-withheld-number","$v":"Van onderdrukt nummer"},{"$i":"yesterday","$v":"Gisteren"},{"$i":"sending","$v":"Verzenden…"},{"$i":"speakerOption","ariaLabel":"Luidspreker"},{"$i":"ussd-services","$v":[{"t":"idOrVar","v":"operator"},"-services"]},{"$i":"toggleKeypad","ariaLabel":"Toetsenblok in-/uitschakelen"},{"$i":"type-your-response","placeholder":"Typ uw antwoord…"},{"$i":"clear-all-text","$v":"Alle tekst wissen"},{"$i":"hide","$v":"Verbergen"},{"$i":"call","$v":"Bellen"},{"$i":"hold","ariaLabel":"Wachtstand"},{"$i":"resume","$v":"Hervatten","ariaLabel":"Hervatten"},{"$i":"sendSms","$v":"Bericht verzenden"},{"$i":"callEnded","$v":"Gesprek beëindigd"},{"$i":"via-sim","$v":["via simkaart",{"t":"idOrVar","v":"n"}]},{"$i":"sim-number","$v":["Simkaart",{"t":"idOrVar","v":"n"}]},{"$i":"unknown","$v":"Onbekend"},{"$i":"cancel","$v":"Annuleren"},{"$i":"hangup-a11y-button","ariaLabel":"Ophangen"},{"$i":"pickup-a11y-button","ariaLabel":"Opnemen"},{"$i":"unlock-a11y-button","ariaLabel":"Schuifregelaar"},{"$i":"settings","$v":"Instellingen"},{"$i":"delete-n-log?","$v":{"zero":"Niets geselecteerd","one":"Geselecteerde logboekvermelding verwijderen?","two":[{"t":"idOrVar","v":"n"}," logboekvermeldingen verwijderen?"],"few":[{"t":"idOrVar","v":"n"}," logboekvermeldingen verwijderen?"],"many":[{"t":"idOrVar","v":"n"}," logboekvermeldingen verwijderen?"],"other":[{"t":"idOrVar","v":"n"}," logboekvermeldingen verwijderen?"]},"$x":[{"t":"idOrVar","v":"plural"},"n"]},{"$i":"callDurationMinutes","$v":[{"t":"idOrVar","v":"m"},":",{"t":"idOrVar","v":"s"}]},{"$i":"callDurationHours","$v":[{"t":"idOrVar","v":"h"},":",{"t":"idOrVar","v":"m"},":",{"t":"idOrVar","v":"s"}]},{"$i":"callDurationTextFormatSeconds","$v":[{"t":"idOrVar","v":"s"}," s"]},{"$i":"callDurationTextFormatMinutes","$v":[{"t":"idOrVar","v":"m"}," m ",{"t":"idOrVar","v":"s"}," s"]},{"$i":"callDurationTextFormatHours","$v":[{"t":"idOrVar","v":"h"}," h ",{"t":"idOrVar","v":"m"}," m ",{"t":"idOrVar","v":"s"}," s"]},{"$i":"suggestionMatches","$v":{"one":[{"t":"idOrVar","v":"n"}," overeenkomst voor “",{"t":"idOrVar","v":"matchNumber"},"”"],"two":[{"t":"idOrVar","v":"n"}," overeenkomsten voor “",{"t":"idOrVar","v":"matchNumber"},"”"],"few":[{"t":"idOrVar","v":"n"}," overeenkomsten voor “",{"t":"idOrVar","v":"matchNumber"},"”"],"many":[{"t":"idOrVar","v":"n"}," overeenkomsten voor “",{"t":"idOrVar","v":"matchNumber"},"”"],"other":[{"t":"idOrVar","v":"n"}," overeenkomsten voor “",{"t":"idOrVar","v":"matchNumber"},"”"]},"$x":[{"t":"idOrVar","v":"plural"},"n"]},{"$i":"scCallBarring","$v":"Oproep blokkeren"},{"$i":"scCallForwarding","$v":"Doorschakelen"},{"$i":"scClip","$v":"Nummerweergave inkomend"},{"$i":"scClir","$v":"Nummerweergave uitgaand"},{"$i":"scPwd","$v":"Wachtwoordwijziging"},{"$i":"scCallWaiting","$v":"Wisselgesprek"},{"$i":"scPin","$v":"Pinwijziging"},{"$i":"scPin2","$v":"Pin2-wijziging"},{"$i":"scPuk","$v":"Pin deblokkeren"},{"$i":"scPuk2","$v":"Pin2 deblokkeren"},{"$i":"scImei","$v":"IMEI"},{"$i":"scUssd","$v":"USSD"},{"$i":"serviceClassVoice","$v":"Spraak"},{"$i":"serviceClassData","$v":"Gegevens"},{"$i":"serviceClassFax","$v":"FAX"},{"$i":"serviceClassSms","$v":"SMS"},{"$i":"serviceClassDataSync","$v":"Sync"},{"$i":"serviceClassDataAsync","$v":"Async"},{"$i":"serviceClassPacket","$v":"Pakket"},{"$i":"serviceClassPad","$v":"PAD"},{"$i":"smServiceEnabled","$v":"Service is ingeschakeld"},{"$i":"smServiceDisabled","$v":"Service is uitgeschakeld"},{"$i":"smServiceRegistered","$v":"Registratie is gelukt"},{"$i":"smServiceErased","$v":"Verwijdering is gelukt"},{"$i":"smServiceInterrogated","$v":"Aanvraag is gelukt"},{"$i":"smServiceNotProvisioned","$v":"Service niet ingericht"},{"$i":"smClirPermanent","$v":"U kunt de nummerweergave-instelling niet wijzigen"},{"$i":"smClirDefaultOnNextCallOn","$v":"Nummerweergave is standaard beperkt. Volgende oproep: beperkt"},{"$i":"smClirDefaultOnNextCallOff","$v":"Nummerweergave is standaard beperkt. Volgende oproep: niet beperkt"},{"$i":"smClirDefaultOffNextCallOn","$v":"Nummerweergave is standaard niet beperkt. Volgende oproep: beperkt"},{"$i":"smClirDefaultOffNextCallOff","$v":"Nummerweergave is standaard niet beperkt. Volgende oproep: niet beperkt"},{"$i":"smServiceEnabledFor","$v":"Service is ingeschakeld voor:"},{"$i":"smPinChanged","$v":"Pincode met succes gewijzigd"},{"$i":"smPinUnblocked","$v":"Pincode met succes gedeblokkeerd"},{"$i":"smPin2Changed","$v":"Pincode2 met succes gewijzigd"},{"$i":"smPin2Unblocked","$v":"Pincode2 met succes gedeblokkeerd"},{"$i":"ServiceIsEnabled","$v":"Service is ingeschakeld"},{"$i":"ServiceIsDisabled","$v":"Service is uitgeschakeld"},{"$i":"ServiceIsEnabledFor","$v":"Service is ingeschakeld voor:"},{"$i":"emMmiError","$v":"Verbindingsprobleem of ongeldige MMI-code"},{"$i":"emMmiErrorPasswordIncorrect","$v":"Onjuist wachtwoord"},{"$i":"emMmiErrorNotSupported","$v":"Ongeldige of niet-ondersteunde MMI-code"},{"$i":"emMmiErrorInvalidAction","$v":"Ongeldige actie"},{"$i":"emMmiErrorInvalidScCode","$v":"Ongeldige servicecode"},{"$i":"emMmiErrorBadPuk","$v":"De ingevoerde pukcode is onjuist"},{"$i":"emMmiErrorBadPin","$v":"De oude ingevoerde pincode is onjuist."},{"$i":"emMmiErrorNeedPuk2","$v":"Typ pukcode2 om simkaart te deblokkeren"},{"$i":"emMmiErrorMismatchPin","$v":"De ingevoerde pincodes komen niet overeen"},{"$i":"emMmiErrorInvalidPin","$v":"Typ een pincode van 4 tot 8 cijfers in"},{"$i":"emMmiErrorNeedsPuk","$v":"Uw simkaart is puk-vergrendeld"},{"$i":"emMmiErrorEnablePin","$v":"Niet gelukt. Schakel SIM/RUIM LOCK in"},{"$i":"emMmiErrorMmiFdn","$v":"Bewerking is beperkt tot vaste telefoonnummers"},{"$i":"emMmiErrorStkCcUssdDial","$v":"USSD-aanvraag is aangepast naar DIAL-aanvraag"},{"$i":"emMmiErrorStkCcUssdSs","$v":"USSD-aanvraag is aangepast naar SS-aanvraag"},{"$i":"emMmiErrorStkCcUssdUssd","$v":"USSD-aanvraag is aangepast naar nieuwe USSD-aanvraag"},{"$i":"emMmiErrorStkCcSsDial","$v":"SS-aanvraag is aangepast naar DIAL-aanvraag"},{"$i":"emMmiErrorStkCcSsUssd","$v":"SS-aanvraag is aangepast naar USSD-aanvraag"},{"$i":"emMmiErrorStkCcSsSs","$v":"SS-aanvraag is aangepast naar nieuwe SS-aanvraag"},{"$i":"emMmiErrorPinPukAttempts","$v":{"one":["Nog ",{"t":"idOrVar","v":"n"}," nieuwe poging over"],"two":[{"t":"idOrVar","v":"n"}," nieuwe pogingen over"],"few":[{"t":"idOrVar","v":"n"}," nieuwe pogingen over"],"many":[{"t":"idOrVar","v":"n"}," nieuwe pogingen over"],"other":[{"t":"idOrVar","v":"n"}," nieuwe pogingen over"]},"$x":[{"t":"idOrVar","v":"plural"},"n"]},{"$i":"emMmiErrorSimBlocked","$v":"Maximumaantal nieuwe pogingen bereikt. Simkaart geblokkeerd"},{"$i":"RadioNotAvailable","$v":"Radio niet beschikbaar"},{"$i":"GenericFailure","$v":"Algemene fout"},{"$i":"PasswordIncorrect","$v":"Wachtwoord onjuist"},{"$i":"SimPin2","$v":"Simpincode2"},{"$i":"SimPuk2","$v":"Simpukcode2"},{"$i":"RequestNotSupported","$v":"Aanvraag niet ondersteund"},{"$i":"OpNotAllowedDuringVoiceCall","$v":"Bewerking niet toegestaan tijdens spraakoproep"},{"$i":"SmsSendFailRetry","$v":"Sms-verzendfout-herhaling"},{"$i":"SimAbsent","$v":"Simkaart ontbreekt"},{"$i":"SubscriptionNotAvailable","$v":"Abonnement niet beschikbaar"},{"$i":"ModeNotSupported","$v":"Modus niet ondersteund"},{"$i":"FdnCheckFailure","$v":"Fdn-controle mislukt"},{"$i":"IllegalSimOrMe","$v":"Ongeldig(e) simkaart of ME"},{"$i":"DialModifiedToUssd","$v":"Dial aangepast naar USSD"},{"$i":"DialModifiedToSs","$v":"Dial aangepast naar SS"},{"$i":"DialModifiedToDial","$v":"Dial aangepast naar dial"},{"$i":"UssdModifiedToDial","$v":"USSD aangepast naar dial"},{"$i":"UssdModifiedToSs","$v":"USSD aangepast naar SS"},{"$i":"UssdModifiedToUssd","$v":"USSD aangepast naar USSD"},{"$i":"SsModifiedToDial","$v":"SS aangepast naar dial"},{"$i":"SsModifiedToUssd","$v":"SS aangepast naar USSD"},{"$i":"SsModifiedToSs","$v":"SS aangepast naar SS"},{"$i":"SubscriptionNotSupported","$v":"Abonnement niet ondersteund"},{"$i":"InvalidParameter","$v":"Ongeldige parameter"},{"$i":"RejectedByRemote","$v":"Geweigerd door externe partij"},{"$i":"conferenceCall","$v":["Vergadering (",{"t":"idOrVar","v":"n"},")"]},{"$i":"caller-left-call","$v":[{"t":"idOrVar","v":"caller"}," heeft het gesprek verlaten."]},{"$i":"conferenceAddError","$v":"Kan gesprekken niet samenvoegen"},{"$i":"conferenceRemoveError","$v":"Kan gesprekken niet splitsen"},{"$i":"longDateFormat","$v":"%A %e %B"},{"$i":"select-audio-sources","$v":"Audiobronnen selecteren"},{"$i":"bluetooth-handsfree-device","$v":"Bluetooth-handsfree-apparaat"},{"$i":"receiver","$v":"Ontvanger"},{"$i":"speaker","$v":"Luidspreker"},{"$i":"voiceMail","$v":"Voicemail"},{"$i":"weekday-0-long","$v":"zondag"},{"$i":"weekday-1-long","$v":"maandag"},{"$i":"weekday-2-long","$v":"dinsdag"},{"$i":"weekday-3-long","$v":"woensdag"},{"$i":"weekday-4-long","$v":"donderdag"},{"$i":"weekday-5-long","$v":"vrijdag"},{"$i":"weekday-6-long","$v":"zaterdag"},{"$i":"weekday-0-short","$v":"zon"},{"$i":"weekday-1-short","$v":"maa"},{"$i":"weekday-2-short","$v":"din"},{"$i":"weekday-3-short","$v":"woe"},{"$i":"weekday-4-short","$v":"don"},{"$i":"weekday-5-short","$v":"vrij"},{"$i":"weekday-6-short","$v":"zat"},{"$i":"month-0-long","$v":"januari"},{"$i":"month-1-long","$v":"februari"},{"$i":"month-2-long","$v":"maart"},{"$i":"month-3-long","$v":"april"},{"$i":"month-4-long","$v":"mei"},{"$i":"month-5-long","$v":"juni"},{"$i":"month-6-long","$v":"juli"},{"$i":"month-7-long","$v":"augustus"},{"$i":"month-8-long","$v":"september"},{"$i":"month-9-long","$v":"oktober"},{"$i":"month-10-long","$v":"november"},{"$i":"month-11-long","$v":"december"},{"$i":"month-0-genitive","$v":"januari"},{"$i":"month-1-genitive","$v":"februari"},{"$i":"month-2-genitive","$v":"maart"},{"$i":"month-3-genitive","$v":"april"},{"$i":"month-4-genitive","$v":"mei"},{"$i":"month-5-genitive","$v":"juni"},{"$i":"month-6-genitive","$v":"juli"},{"$i":"month-7-genitive","$v":"augustus"},{"$i":"month-8-genitive","$v":"september"},{"$i":"month-9-genitive","$v":"oktober"},{"$i":"month-10-genitive","$v":"november"},{"$i":"month-11-genitive","$v":"december"},{"$i":"month-0-short","$v":"jan"},{"$i":"month-1-short","$v":"feb"},{"$i":"month-2-short","$v":"mrt"},{"$i":"month-3-short","$v":"apr"},{"$i":"month-4-short","$v":"mei"},{"$i":"month-5-short","$v":"jun"},{"$i":"month-6-short","$v":"jul"},{"$i":"month-7-short","$v":"aug"},{"$i":"month-8-short","$v":"sep"},{"$i":"month-9-short","$v":"okt"},{"$i":"month-10-short","$v":"nov"},{"$i":"month-11-short","$v":"dec"},{"$i":"minutes-ago-long","$v":{"zero":"zojuist","one":"een minuut geleden","two":[{"t":"idOrVar","v":"value"}," minuten geleden"],"few":[{"t":"idOrVar","v":"value"}," minuten geleden"],"many":[{"t":"idOrVar","v":"value"}," minuten geleden"],"other":[{"t":"idOrVar","v":"value"}," minuten geleden"]},"$x":[{"t":"idOrVar","v":"plural"},"value"]},{"$i":"hours-ago-long","$v":{"zero":"zojuist","one":"een uur geleden","two":[{"t":"idOrVar","v":"value"}," uur geleden"],"few":[{"t":"idOrVar","v":"value"}," uur geleden"],"many":[{"t":"idOrVar","v":"value"}," uur geleden"],"other":[{"t":"idOrVar","v":"value"}," uur geleden"]},"$x":[{"t":"idOrVar","v":"plural"},"value"]},{"$i":"days-ago-long","$v":{"zero":"vandaag","one":"gisteren","two":[{"t":"idOrVar","v":"value"}," dagen geleden"],"few":[{"t":"idOrVar","v":"value"}," dagen geleden"],"many":[{"t":"idOrVar","v":"value"}," dagen geleden"],"other":[{"t":"idOrVar","v":"value"}," dagen geleden"]},"$x":[{"t":"idOrVar","v":"plural"},"value"]},{"$i":"weeks-ago-long","$v":{"zero":"deze week","one":"vorige week","two":[{"t":"idOrVar","v":"value"}," weken geleden"],"few":[{"t":"idOrVar","v":"value"}," weken geleden"],"many":[{"t":"idOrVar","v":"value"}," weken geleden"],"other":[{"t":"idOrVar","v":"value"}," weken geleden"]},"$x":[{"t":"idOrVar","v":"plural"},"value"]},{"$i":"months-ago-long","$v":{"zero":"deze maand","one":"vorige maand","two":[{"t":"idOrVar","v":"value"}," maanden geleden"],"few":[{"t":"idOrVar","v":"value"}," maanden geleden"],"many":[{"t":"idOrVar","v":"value"}," maanden geleden"],"other":[{"t":"idOrVar","v":"value"}," maanden geleden"]},"$x":[{"t":"idOrVar","v":"plural"},"value"]},{"$i":"years-ago-long","$v":{"zero":"dit jaar","one":"vorig jaar","two":[{"t":"idOrVar","v":"value"}," jaar geleden"],"few":[{"t":"idOrVar","v":"value"}," jaar geleden"],"many":[{"t":"idOrVar","v":"value"}," jaar geleden"],"other":[{"t":"idOrVar","v":"value"}," jaar geleden"]},"$x":[{"t":"idOrVar","v":"plural"},"value"]},{"$i":"minutes-until-long","$v":{"zero":"nu","one":"zo meteen","two":["over ",{"t":"idOrVar","v":"value"}," minuten"],"few":["over ",{"t":"idOrVar","v":"value"}," minuten"],"many":["over ",{"t":"idOrVar","v":"value"}," minuten"],"other":["over ",{"t":"idOrVar","v":"value"}," minuten"]},"$x":[{"t":"idOrVar","v":"plural"},"value"]},{"$i":"hours-until-long","$v":{"zero":"nu","one":"over een uur","two":["over ",{"t":"idOrVar","v":"value"}," uur"],"few":["over ",{"t":"idOrVar","v":"value"}," uur"],"many":["over ",{"t":"idOrVar","v":"value"}," uur"],"other":["over ",{"t":"idOrVar","v":"value"}," uur"]},"$x":[{"t":"idOrVar","v":"plural"},"value"]},{"$i":"days-until-long","$v":{"zero":"vandaag","one":"morgen","two":["over ",{"t":"idOrVar","v":"value"}," dagen"],"few":["over ",{"t":"idOrVar","v":"value"}," dagen"],"many":["over ",{"t":"idOrVar","v":"value"}," dagen"],"other":["over ",{"t":"idOrVar","v":"value"}," dagen"]},"$x":[{"t":"idOrVar","v":"plural"},"value"]},{"$i":"weeks-until-long","$v":{"zero":"deze week","one":"volgende week","two":["over ",{"t":"idOrVar","v":"value"}," weken"],"few":["over ",{"t":"idOrVar","v":"value"}," weken"],"many":["over ",{"t":"idOrVar","v":"value"}," weken"],"other":["over ",{"t":"idOrVar","v":"value"}," weken"]},"$x":[{"t":"idOrVar","v":"plural"},"value"]},{"$i":"months-until-long","$v":{"zero":"deze maand","one":"volgende maand","two":["over ",{"t":"idOrVar","v":"value"}," maanden"],"few":["over ",{"t":"idOrVar","v":"value"}," maanden"],"many":["over ",{"t":"idOrVar","v":"value"}," maanden"],"other":["over ",{"t":"idOrVar","v":"value"}," maanden"]},"$x":[{"t":"idOrVar","v":"plural"},"value"]},{"$i":"years-until-long","$v":{"zero":"dit jaar","one":"volgend jaar","two":["over ",{"t":"idOrVar","v":"value"}," jaar"],"few":["over ",{"t":"idOrVar","v":"value"}," jaar"],"many":["over ",{"t":"idOrVar","v":"value"}," jaar"],"other":["over ",{"t":"idOrVar","v":"value"}," jaar"]},"$x":[{"t":"idOrVar","v":"plural"},"value"]},{"$i":"minutes-ago-short","$v":{"zero":"zojuist","other":[{"t":"idOrVar","v":"value"},"m geleden"]},"$x":[{"t":"idOrVar","v":"plural"},"value"]},{"$i":"hours-ago-short","$v":{"zero":"zojuist","other":[{"t":"idOrVar","v":"value"},"u geleden"]},"$x":[{"t":"idOrVar","v":"plural"},"value"]},{"$i":"days-ago-short","$v":{"zero":"vandaag","other":[{"t":"idOrVar","v":"value"},"d geleden"]},"$x":[{"t":"idOrVar","v":"plural"},"value"]},{"$i":"minutes-until-short","$v":{"zero":"nu","other":["over ",{"t":"idOrVar","v":"value"},"m"]},"$x":[{"t":"idOrVar","v":"plural"},"value"]},{"$i":"hours-until-short","$v":{"zero":"nu","other":["over ",{"t":"idOrVar","v":"value"},"h"]},"$x":[{"t":"idOrVar","v":"plural"},"value"]},{"$i":"days-until-short","$v":{"zero":"vandaag","other":["over ",{"t":"idOrVar","v":"value"},"d"]},"$x":[{"t":"idOrVar","v":"plural"},"value"]},{"$i":"incorrectDate","$v":"(onjuiste datum)"},{"$i":"dateTimeFormat_%c","$v":"%a %e %b %Y %H:%M:%S"},{"$i":"dateTimeFormat_%x","$v":"%d-%m-%Y"},{"$i":"dateTimeFormat_%X","$v":"%H:%M:%S"},{"$i":"shortTimeFormat","$v":"%H:%M"},{"$i":"shortTimeFormat12","$v":"%I:%M %p"},{"$i":"shortTimeFormat24","$v":"%H:%M"},{"$i":"shortDateTimeFormat","$v":"%x %H:%M"},{"$i":"weekStartsOnMonday","$v":"1"},{"$i":"firstDayOfTheWeek","$v":"1"},{"$i":"time_am","$v":"AM"},{"$i":"time_pm","$v":"PM"},{"$i":"label","$v":"Label"},{"$i":"mobile","$v":"Mobiel"},{"$i":"home","$v":"Thuis"},{"$i":"work","$v":"Werk"},{"$i":"personal","$v":"Privé"},{"$i":"faxHome","$v":"Fax thuis"},{"$i":"faxOffice","$v":"Fax kantoor"},{"$i":"faxOther","$v":"Fax overig"},{"$i":"another","$v":"Anders"},{"$i":"other","$v":"Anders"},{"$i":"customTag","placeholder":"Aangepast label"},{"$i":"current","$v":"Huidig"},{"$i":"itemWithLabel","$v":[{"t":"idOrVar","v":"label"},", ",{"t":"idOrVar","v":"item"}]},{"$i":"airplaneMode","$v":"Vliegtuigmodus"},{"$i":"searching","$v":"Zoeken…"},{"$i":"noNetwork","$v":"Geen netwerk"},{"$i":"roaming","$v":[{"t":"idOrVar","v":"operator"}," (Roaming)"]},{"$i":"operator-info","$v":[{"t":"idOrVar","v":"carrier"}," ",{"t":"idOrVar","v":"region"}]},{"$i":"emergencyCallsOnly","$v":"Alleen noodoproepen"},{"$i":"emergencyCallsOnly-unknownSIMState","$v":"(onbekende simkaartstatus)"},{"$i":"emergencyCallsOnly-noSIM","$v":"(geen simkaart)"},{"$i":"emergencyCallsOnly-pinRequired","$v":"(simpincode vereist)"},{"$i":"emergencyCallsOnly-pukRequired","$v":"(simpukcode vereist)"},{"$i":"emergencyCallsOnly-networkLocked","$v":"(netwerk vergrendeld)"},{"$i":"emergencyCallsOnly-serviceProviderLocked","$v":"(serviceprovider vergrendeld)"},{"$i":"emergencyCallsOnly-corporateLocked","$v":"(zakelijk vergrendeld)"},{"$i":"emergencyCallsOnly-network1Locked","$v":"(netwerk1 vergrendeld)"},{"$i":"emergencyCallsOnly-network2Locked","$v":"(netwerk2 vergrendeld)"},{"$i":"emergencyCallsOnly-hrpdNetworkLocked","$v":"(hrpd: netwerk vergrendeld)"},{"$i":"emergencyCallsOnly-ruimCorporateLocked","$v":"(ruim: zakelijk vergrendeld)"},{"$i":"emergencyCallsOnly-ruimServiceProviderLocked","$v":"(ruim: serviceprovider vergrendeld)"},{"$i":"lockscreen-sim-id","$v":["Simkaart ",{"t":"idOrVar","v":"n"}]},{"$i":"charging-status-no-time","$v":[{"t":"idOrVar","v":"level"},"% opgeladen"]},{"$i":"charging-status-minutes","$v":{"zero":[{"t":"idOrVar","v":"level"},"% opgeladen (",{"t":"idOrVar","v":"minutes"}," min. resterend)"],"one":[{"t":"idOrVar","v":"level"},"% opgeladen (",{"t":"idOrVar","v":"minutes"}," min. resterend)"],"two":[{"t":"idOrVar","v":"level"},"% opgeladen (",{"t":"idOrVar","v":"minutes"}," min. resterend)"],"few":[{"t":"idOrVar","v":"level"},"% opgeladen (",{"t":"idOrVar","v":"minutes"}," min. resterend)"],"many":[{"t":"idOrVar","v":"level"},"% opgeladen (",{"t":"idOrVar","v":"minutes"}," min. resterend)"],"other":[{"t":"idOrVar","v":"level"},"% opgeladen (",{"t":"idOrVar","v":"minutes"}," min. resterend)"]},"$x":[{"t":"idOrVar","v":"plural"},"minutes"]},{"$i":"charging-status-hours","$v":{"zero":[{"t":"idOrVar","v":"level"},"% opgeladen (",{"t":"idOrVar","v":"hours"},"u ",{"t":"idOrVar","v":"minutes"}," min. resterend)"],"one":[{"t":"idOrVar","v":"level"},"% opgeladen (",{"t":"idOrVar","v":"hours"},"u ",{"t":"idOrVar","v":"minutes"}," min. resterend)"],"two":[{"t":"idOrVar","v":"level"},"% opgeladen (",{"t":"idOrVar","v":"hours"},"u ",{"t":"idOrVar","v":"minutes"}," min. resterend)"],"few":[{"t":"idOrVar","v":"level"},"% opgeladen (",{"t":"idOrVar","v":"hours"},"u ",{"t":"idOrVar","v":"minutes"}," min. resterend)"],"many":[{"t":"idOrVar","v":"level"},"% opgeladen (",{"t":"idOrVar","v":"hours"},"u ",{"t":"idOrVar","v":"minutes"}," min. resterend)"],"other":[{"t":"idOrVar","v":"level"},"% opgeladen (",{"t":"idOrVar","v":"hours"},"u ",{"t":"idOrVar","v":"minutes"}," min. resterend)"]},"$x":[{"t":"idOrVar","v":"plural"},"minutes"]},{"$i":"phoneNumberInput","ariaLabel":"Telefoonnummer"},{"$i":"keypadDelete","ariaLabel":"Verwijderen"},{"$i":"voiceMailKey","ariaLabel":"Voicemail"},{"$i":"asterisk","ariaLabel":"Sterretje"},{"$i":"hashSign","ariaLabel":"Hashteken"},{"$i":"loadingSimContacts","$v":"Loading SIM card contacts…"},{"$i":"noContactsWereFound","$v":"No contacts were found"},{"$i":"noContactsFoundDialogOk","$v":"OK"},{"$i":"emergencyNumber","$v":"Noodnummer"},{"$i":"callAirplaneModeMessage","$v":"Om te bellen dient u de vliegtuigmodus uit te schakelen in Instellingen."},{"$i":"callAirplaneModeBtnOk","$v":"OK"},{"$i":"callAirplaneModeTitle","$v":"Vliegtuigmodus geactiveerd"},{"$i":"numberIsBusyTitle","$v":"Nummer in gesprek"},{"$i":"numberIsBusyMessage","$v":"Het nummer is momenteel in gesprek. Probeer het later nog eens."},{"$i":"fdnIsActiveTitle","$v":"FDN actief"},{"$i":"fdnIsActiveMessage","$v":["FDN (Fixed Dialing Numbers) is geactiveerd en het volgende nummer staat niet in uw FDN-lijst: ",{"t":"idOrVar","v":"number"}]},{"$i":"emergencyDialogBodyBadNumber","$v":"Om te bellen moet de telefoon met een netwerk zijn verbonden."},{"$i":"emergencyDialogBodyDeviceNotAccepted","$v":"Noodoproepen zijn niet toegestaan door het netwerk."},{"$i":"emergencyDialogBtnOk","$v":"OK"},{"$i":"emergencyDialogTitle","$v":"Geen netwerkverbinding"},{"$i":"invalidNumberToDialTitle","$v":"Ongeldig telefoonnummer"},{"$i":"invalidNumberToDialMessage","$v":"Het telefoonnummer dat u belt is niet geldig."},{"$i":"unableToCallTitle","$v":"Kan nu niet bellen"},{"$i":"unableToCallMessage","$v":"Kan niet bellen. Als u al bezig bent met kiezen, hang dan eerst op."},{"$i":"otherConnectionInUseTitle","$v":"Andere verbinding in gebruik"},{"$i":"otherConnectionInUseMessage","$v":"U hebt een actief gesprek op een andere verbinding. U kunt maar één verbinding tegelijk gebruiken."}]