[{"$i":"addNewNumber","$v":"ਨਵਾਂ ਨੰਬਰ ਜੋੜੋ"},{"$i":"contactDetails","$v":"ਸੰਪਰਕ ਵੇਰਵਾ"},{"$i":"addToExistingContact","$v":"ਮੌਜੂਦਾ ਸੰਪਰਕ ਵਿੱਚ ਜੋੜੋ"},{"$i":"all","$v":"ਸਭ","ariaLabel":"ਸਭ"},{"$i":"bluetoothOption","ariaLabel":"Bluetooth"},{"$i":"callLog","$v":"ਕਾਲ ਲਾਗ"},{"$i":"callLogEdit","title":"ਕਾਲ ਲਾਗ ਸੋਧ"},{"$i":"callLogEditDialog","ariaLabel":"ਕਾਲ ਲਾਗ ਸੋਧ ਡਾਈਲਾਗ"},{"$i":"connecting","$v":"ਕੁਨੈਕਟ ਕੀਤਾ ਜਾ ਰਿਹਾ ਹੈ"},{"$i":"connectingEllipsis","$v":"Connecting…"},{"$i":"call-forwarding-async","$v":["Asynchronous: ",{"t":"idOrVar","v":"async"}]},{"$i":"call-forwarding-data","$v":["Data: ",{"t":"idOrVar","v":"data"}]},{"$i":"call-forwarding-error","$v":"An error occurred while retrieving call forwarding status"},{"$i":"call-forwarding-fax","$v":["FAX: ",{"t":"idOrVar","v":"fax"}]},{"$i":"call-forwarding-inactive","$v":"Inactive"},{"$i":"call-forwarding-packet","$v":["Packet: ",{"t":"idOrVar","v":"packet"}]},{"$i":"call-forwarding-pad","$v":["PAD: ",{"t":"idOrVar","v":"pad"}]},{"$i":"call-forwarding-sms","$v":["SMS: ",{"t":"idOrVar","v":"sms"}]},{"$i":"call-forwarding-status","$v":"Call forwarding status"},{"$i":"call-forwarding-sync","$v":["Synchronous: ",{"t":"idOrVar","v":"sync"}]},{"$i":"call-forwarding-voice","$v":["Voice: ",{"t":"idOrVar","v":"voice"}]},{"$i":"close","$v":"ਬੰਦ ਕਰੋ"},{"$i":"confirm-deletion","$v":"ਚੁਣੀਆਂ ਕਾਲਾਂ ਹਟਾਉਣੀਆਂ ਹਨ?"},{"$i":"contacts","ariaLabel":"ਸੰਪਰਕ"},{"$i":"createNewContact","$v":"ਨਵਾਂ ਸੰਪਰਕ ਬਣਾਓ"},{"$i":"delete","$v":"ਹਟਾਓ"},{"$i":"deselectAll","$v":"ਸਭ ਅਣ-ਚੁਣੇ"},{"$i":"dialerAddContact","ariaLabel":"ਸੰਪਰਕ ਜੋੜੋ"},{"$i":"dialerAddContactDialog","ariaLabel":"Add Contact Dialog"},{"$i":"callInformation","$v":"ਕਾਲ ਜਾਣਕਾਰੀ"},{"$i":"edit-selected","$v":{"one":[{"t":"idOrVar","v":"n"}," ਚੁਣਿਆ"],"two":[{"t":"idOrVar","v":"n"}," ਚੁਣੇ"],"few":[{"t":"idOrVar","v":"n"}," ਚੁਣੇ"],"many":[{"t":"idOrVar","v":"n"}," ਚੁਣੇ"],"other":[{"t":"idOrVar","v":"n"}," ਚੁਣੇ"]},"$x":[{"t":"idOrVar","v":"plural"},"n"]},{"$i":"edit","$v":"ਸੋਧ"},{"$i":"hideKeypad","ariaLabel":"ਕੀਪੈਡ ਓਹਲੇ"},{"$i":"ignore","$v":"ਕਾਲ ਅਣਡਿੱਠੀ"},{"$i":"incoming","$v":"ਆਉਣ"},{"$i":"keypad","ariaLabel":"ਕੀਪੈਡ"},{"$i":"makeCall","ariaLabel":"ਕਾਲ ਕਰੋ"},{"$i":"merge","ariaLabel":"Merge"},{"$i":"info-missed","$v":"ਮਿਸ ਹੋਈਆਂ"},{"$i":"missed","$v":"ਛੱਡੀਆਂ","ariaLabel":"ਛੱਡੀ"},{"$i":"canceled","$v":"ਰੱਦ ਕੀਤਾ"},{"$i":"missedCall","$v":"ਛੱਡੀ ਕਾਲ"},{"$i":"missedCallMultiSims","$v":["(ਸਿਮ ",{"t":"idOrVar","v":"n"},") ਛੱਡੀ ਕਾਲ"]},{"$i":"mmi-error","$v":"ਸੁਨੇਹਾ ਭੇਜੇਣ ਦੌਰਾਨ ਗਲਤੀ ਆਈ ਹੈ"},{"$i":"mmi-session-expired","$v":"ਸ਼ੈਸ਼ਨ ਦੀ ਮਿਆਦ ਪੁੱਗੀ"},{"$i":"mmi-successfully-sent","$v":"ਸੁਨੇਹਾ ਠੀਕ ਤਰ੍ਹਾਂ ਭੇਜਿਆ ਗਿਆ"},{"$i":"mmi-notification-title-with-sim","$v":["(",{"t":"idOrVar","v":"sim"},") ",{"t":"idOrVar","v":"title"}]},{"$i":"mute","ariaLabel":"ਮੌਨ"},{"$i":"newCall","ariaLabel":"ਨਵੀਂ ਕਾਲ"},{"$i":"no-logs-msg-1","$v":"ਕੋਈ ਕਾਲ ਰਿਕਾਰਡ ਨਹੀਂ ਹੈ"},{"$i":"no-logs-msg-2","$v":"ਹੁਣ ਸੰਚਾਰ ਸ਼ੁਰੂ ਕਰੋ"},{"$i":"no-logs-msg-3","$v":"ਕੋਈ ਮਿਸ ਹੋਈ ਕਾਲ ਨਹੀਂ ਹੈ"},{"$i":"onHoldOption","ariaLabel":"On hold"},{"$i":"outgoing","$v":"Outgoing"},{"$i":"recents","ariaLabel":"ਤਾਜ਼ਾ ਕਾਲਾਂ"},{"$i":"reply","$v":"ਜਵਾਬ"},{"$i":"selectAll","$v":"ਸਭ ਚੁਣੋ"},{"$i":"send","$v":"ਭੇਜੋ"},{"$i":"switch-calls","$v":"ਕਾਲਾਂ ਬਦਲੋ"},{"$i":"today","$v":"ਅੱਜ"},{"$i":"withheld-number","$v":"ਰੋਕਿਆ ਨੰਬਰ"},{"$i":"from-contact","$v":[{"t":"idOrVar","v":"contact"}," ਵਲੋਂ"]},{"$i":"from-number","$v":[{"t":"idOrVar","v":"number"}," ਤੋਂ"]},{"$i":"from-withheld-number","$v":"ਰੋਕੇ ਨੰਬਰ ਤੋਂ"},{"$i":"yesterday","$v":"ਕੱਲ੍ਹ"},{"$i":"sending","$v":"…ਭੇਜਿਆ ਜਾ ਰਿਹਾ ਹੈ"},{"$i":"speakerOption","ariaLabel":"ਸਪੀਕਰ"},{"$i":"ussd-services","$v":[{"t":"idOrVar","v":"operator"}," ਸੇਵਾਵਾਂ"]},{"$i":"toggleKeypad","ariaLabel":"ਕੀਪੈਡ ਬਦਲੋ"},{"$i":"type-your-response","placeholder":"…ਆਪਣਾ ਜਵਾਬ ਲਿਖੋ"},{"$i":"clear-all-text","$v":"ਸਾਰਾ ਟੈਕਸਟ ਸਾਫ਼ ਕਰੋ"},{"$i":"hide","$v":"ਓਹਲੇ"},{"$i":"call","$v":"ਕਾਲ"},{"$i":"hold","ariaLabel":"ਰੋਕੋ"},{"$i":"resume","$v":"ਮੁੜ ਲਵੋ","ariaLabel":"ਮੁੜ-ਲਵੋ"},{"$i":"sendSms","$v":"ਸੁਨੇਹਾ ਭੇਜੋ"},{"$i":"callEnded","$v":"ਕਾਲ ਬੰਦ ਕੀਤੀ"},{"$i":"via-sim","$v":["ਸਿਮ",{"t":"idOrVar","v":"n"}," ਰਾਹੀਂ"]},{"$i":"sim-number","$v":["ਸਿਮ",{"t":"idOrVar","v":"n"}]},{"$i":"unknown","$v":"Unknown"},{"$i":"cancel","$v":"ਰੱਦ ਕਰੋ"},{"$i":"hangup-a11y-button","ariaLabel":"ਬੰਦ ਕੀਤੀ"},{"$i":"pickup-a11y-button","ariaLabel":"ਲਈ ਗਈ"},{"$i":"unlock-a11y-button","ariaLabel":"ਸਲਾਈਡਰ"},{"$i":"settings","$v":"ਸੈਟਿੰਗ"},{"$i":"delete-n-log?","$v":{"zero":"ਕੁਝ ਨਹੀਂ ਚੁਣਿਆ","one":"ਚੁਣਿਆ ਲਾਗ ਹਟਾਉਣਾ ਹੈ?","two":[{"t":"idOrVar","v":"n"}," ਲਾਗ ਹਟਾਉਣਾ ਹੈ?"],"few":[{"t":"idOrVar","v":"n"}," ਲਾਗ ਹਟਾਉਣਾ ਹੈ?"],"many":[{"t":"idOrVar","v":"n"}," ਲਾਗ ਹਟਾਉਣਾ ਹੈ?"],"other":[{"t":"idOrVar","v":"n"}," ਲਾਗ ਹਟਾਉਣਾ ਹੈ?"]},"$x":[{"t":"idOrVar","v":"plural"},"n"]},{"$i":"callDurationMinutes","$v":[{"t":"idOrVar","v":"m"},":",{"t":"idOrVar","v":"s"}]},{"$i":"callDurationHours","$v":[{"t":"idOrVar","v":"h"},":",{"t":"idOrVar","v":"m"},":",{"t":"idOrVar","v":"s"}]},{"$i":"callDurationTextFormatSeconds","$v":[{"t":"idOrVar","v":"s"}," s"]},{"$i":"callDurationTextFormatMinutes","$v":[{"t":"idOrVar","v":"m"}," m ",{"t":"idOrVar","v":"s"}," s"]},{"$i":"callDurationTextFormatHours","$v":[{"t":"idOrVar","v":"h"}," h ",{"t":"idOrVar","v":"m"}," m ",{"t":"idOrVar","v":"s"}," s"]},{"$i":"suggestionMatches","$v":{"one":["\"",{"t":"idOrVar","v":"matchNumber"},"\" ਲਈ ",{"t":"idOrVar","v":"n"}," ਮਿਲਦੇ"],"two":["\"",{"t":"idOrVar","v":"matchNumber"},"\" ਲਈ ",{"t":"idOrVar","v":"n"}," ਮਿਲਦੇ"],"few":["\"",{"t":"idOrVar","v":"matchNumber"},"\" ਲਈ ",{"t":"idOrVar","v":"n"}," ਮਿਲਦੇ"],"many":["\"",{"t":"idOrVar","v":"matchNumber"},"\" ਲਈ ",{"t":"idOrVar","v":"n"}," ਮਿਲਦੇ"],"other":["\"",{"t":"idOrVar","v":"matchNumber"},"\" ਲਈ ",{"t":"idOrVar","v":"n"}," ਮਿਲਦੇ"]},"$x":[{"t":"idOrVar","v":"plural"},"n"]},{"$i":"scCallBarring","$v":"ਕਾਲ ਰੁਕਾਵਟ"},{"$i":"scCallForwarding","$v":"ਕਾਲ ਅੱਗੇ ਭੇਜਣੀ"},{"$i":"scClip","$v":"ਆਉਣ ਕਾਲਰ ID"},{"$i":"scClir","$v":"ਬਾਹਰ ਕਾਲਰ ID"},{"$i":"scPwd","$v":"ਪਾਸਵਰਡ ਬਦਲਿਆ"},{"$i":"scCallWaiting","$v":"ਕਾਲ ਉਡੀਕ"},{"$i":"scPin","$v":"ਪਿੰਨ ਬਦਲੋ"},{"$i":"scPin2","$v":"PIN2 ਬਦਲੋ"},{"$i":"scPuk","$v":"ਪਿੰਨ ਅਣ-ਬਲਾਕ"},{"$i":"scPuk2","$v":"PIN2 ਅਣ-ਬਲਾਕ"},{"$i":"scImei","$v":"IMEI"},{"$i":"scUssd","$v":"USSD"},{"$i":"serviceClassVoice","$v":"ਵਾਇਸ"},{"$i":"serviceClassData","$v":"ਡਾਟਾ"},{"$i":"serviceClassFax","$v":"ਫੈਕਸ"},{"$i":"serviceClassSms","$v":"SMS"},{"$i":"serviceClassDataSync","$v":"ਸਿੰਕ"},{"$i":"serviceClassDataAsync","$v":"ਅ-ਸਿੰਕ"},{"$i":"serviceClassPacket","$v":"ਪੈਕੇਟ"},{"$i":"serviceClassPad","$v":"PAD"},{"$i":"smServiceEnabled","$v":"ਸੇਵਾ ਚਾਲੂ ਕੀਤੀ ਗਈ"},{"$i":"smServiceDisabled","$v":"ਸੇਵਾ ਬੰਦ ਕੀਤੀ ਗਈ"},{"$i":"smServiceRegistered","$v":"ਰਜਿਸਟਰੇਸ਼ਨ ਸਫ਼ਲ ਰਹੀ"},{"$i":"smServiceErased","$v":"ਮਿਟਾਉਣਾ ਸਫ਼ਲ ਰਿਹਾ"},{"$i":"smServiceInterrogated","$v":"ਬੇਨਤੀ ਸਫ਼ਲ ਰਹੀ"},{"$i":"smServiceNotProvisioned","$v":"ਸੇਵਾ ਪ੍ਰਬੰਧੀ ਅਧੀਨ ਨਹੀਂ"},{"$i":"smClirPermanent","$v":"ਤੁਸੀਂ ਕਾਲਰ ਆਈਡੀ ਸੈਟਿੰਗ ਨਹੀਂ ਬਦਲ ਸਕਦੇ ਹੋ।"},{"$i":"smClirDefaultOnNextCallOn","$v":"ਕਾਲਰ ID ਮੂਲ ਤੌਰ ਉੱਤੇ ਸੀਮਤ ਹੈ। ਅਗਲੀ ਕਾਲ: ਸੀਮਤ"},{"$i":"smClirDefaultOnNextCallOff","$v":"ਕਾਲਰ ID ਮੂਲ ਤੌਰ ਉੱਤੇ ਸੀਮਤ ਹੈ। ਅਗਲੀ ਕਾਲ: ਸੀਮਤ ਨਹੀਂ"},{"$i":"smClirDefaultOffNextCallOn","$v":"ਕਾਲਰ ID ਮੂਲ ਤੌਰ ਉੱਤੇ ਸੀਮਤ ਨਹੀਂ ਹੈ। ਅਗਲੀ ਕਾਲ: ਸੀਮਤ"},{"$i":"smClirDefaultOffNextCallOff","$v":"ਕਾਲਰ ID ਮੂਲ ਤੌਰ ਉੱਤੇ ਸੀਮਤ ਨਹੀਂ ਹੈ। ਅਗਲੀ ਕਾਲ: ਸੀਮਤ ਨਹੀਂ"},{"$i":"smServiceEnabledFor","$v":"ਸੇਵਾ ਚਾਲੂ ਹੈ:"},{"$i":"smPinChanged","$v":"PIN ਠੀਕ ਤਰ੍ਹਾਂ ਬਦਲਿਆ ਗਿਆ"},{"$i":"smPinUnblocked","$v":"PIN ਠੀਕ ਤਰ੍ਹਾਂ ਅਣ-ਬਲਾਕ ਕੀਤਾ"},{"$i":"smPin2Changed","$v":"PIN2 ਠੀਕ ਤਰ੍ਹਾਂ ਬਦਲਿਆ ਗਿਆ"},{"$i":"smPin2Unblocked","$v":"PIN2 ਠੀਕ ਤਰ੍ਹਾਂ ਅਣ-ਬਲਾਕ ਕੀਤਾ"},{"$i":"ServiceIsEnabled","$v":"Service is enabled"},{"$i":"ServiceIsDisabled","$v":"Service is disabled"},{"$i":"ServiceIsEnabledFor","$v":"Service is enabled for:"},{"$i":"emMmiError","$v":"ਕੁਨੈਕਸ਼ਨ ਨਾਲ ਸਮੱਸਿਆ ਜਾਂ ਗਲਤ MMI ਕੋਡ"},{"$i":"emMmiErrorPasswordIncorrect","$v":"ਗਲਤ ਪਾਸਵਰਡ"},{"$i":"emMmiErrorNotSupported","$v":"ਗਲਤ ਜਾਂ ਗ਼ੈਰ-ਸਹਾਇਕ MMI ਕੋਡ"},{"$i":"emMmiErrorInvalidAction","$v":"ਗਲਤ ਕਾਰਵਾਈ"},{"$i":"emMmiErrorInvalidScCode","$v":"ਗਲਤ ਸੇਵਾ ਕੋਡ"},{"$i":"emMmiErrorBadPuk","$v":"ਤੁਹਾਡੇ ਵਲੋਂ ਦਿੱਤਾ PUK  ਠੀਕ ਨਹੀਂ ਹੈ।"},{"$i":"emMmiErrorBadPin","$v":"ਤੁਹਾਡੇ ਵਲੋਂ ਦਿੱਤਾ ਪੁਰਾਣਾ ਪਿੰਨ  ਠੀਕ ਨਹੀਂ ਹੈ।"},{"$i":"emMmiErrorNeedPuk2","$v":"ਸਿਮ ਕਾਰਡ ਅਣ-ਬਲਾਕ ਕਰਨ ਲਈ  PUK2 ਦਿਉ।"},{"$i":"emMmiErrorMismatchPin","$v":"ਤੁਹਾਡੇ ਵਲੋਂ ਦਿੱਤੇ ਪਿੰਨ ਮਿਲਦੇ ਨਹੀਂ ਹਨ।"},{"$i":"emMmiErrorInvalidPin","$v":"4 ਤੋਂ 8 ਅੰਕਾਂ ਦਾ ਪਿੰਨ ਦਿਉ"},{"$i":"emMmiErrorNeedsPuk","$v":"ਤੁਹਾਡਾ ਸਿਮ ਕਾਰਡ PUK-ਲਾਕ ਹੈ।"},{"$i":"emMmiErrorEnablePin","$v":"ਅਸਫ਼ਲ ਹੈ।  SIM/RUIM ਲਾਕ ਚਾਲੂ ਕਰੋ।"},{"$i":"emMmiErrorMmiFdn","$v":"ਕਾਰਵਾਈ ਕੇਵਲ ਸਥਿਰ ਡਾਇਲ ਨੰਬਰਾਂ ਉੱਤੇ ਕਾਲ ਕਰਨ ਲਈ ਹੀ ਸੀਮਿਤ ਹੈ"},{"$i":"emMmiErrorStkCcUssdDial","$v":"USSD ਬੇਨਤੀ DIAL ਬੇਨਤੀ ਲਈ ਸੋਧੀ ਗਈ"},{"$i":"emMmiErrorStkCcUssdSs","$v":"USSD ਬੇਨਤੀ SS ਬੇਨਤੀ ਲਈ ਸੋਧੀ ਗਈ"},{"$i":"emMmiErrorStkCcUssdUssd","$v":"USSD ਬੇਨਤੀ ਨਵੀਂ USSD  ਬੇਨਤੀ ਲਈ ਸੋਧੀ ਗਈ"},{"$i":"emMmiErrorStkCcSsDial","$v":"SS ਬੇਨਤੀ DIAL  ਬੇਨਤੀ ਲਈ ਸੋਧੀ ਗਈ"},{"$i":"emMmiErrorStkCcSsUssd","$v":"SS ਬੇਨਤੀ USSD  ਬੇਨਤੀ ਲਈ ਸੋਧੀ ਗਈ"},{"$i":"emMmiErrorStkCcSsSs","$v":"SS ਬੇਨਤੀ ਨਵੀਂ SS  ਬੇਨਤੀ ਲਈ ਸੋਧੀ ਗਈ"},{"$i":"emMmiErrorPinPukAttempts","$v":{"one":["ਕੇਵਲ ",{"t":"idOrVar","v":"n"}," ਮੁੜ-ਕੋਸ਼ਿਸ਼ ਬਾਕੀ"],"two":[{"t":"idOrVar","v":"n"}," ਮੁੜ-ਕੋਸ਼ਿਸ਼ਾਂ ਬਾਕੀ"],"few":[{"t":"idOrVar","v":"n"}," ਮੁੜ-ਕੋਸ਼ਿਸ਼ਾਂ ਬਾਕੀ"],"many":[{"t":"idOrVar","v":"n"}," ਮੁੜ-ਕੋਸ਼ਿਸ਼ਾਂ ਬਾਕੀ"],"other":[{"t":"idOrVar","v":"n"}," ਮੁੜ-ਕੋਸ਼ਿਸ਼ਾਂ ਬਾਕੀ"]},"$x":[{"t":"idOrVar","v":"plural"},"n"]},{"$i":"emMmiErrorSimBlocked","$v":"ਮੁੜ-ਕੋਸ਼ਿਸ ਕਰਨ ਦੀ ਵੱਧ ਤੋਂ ਵੱਧ ਹੱਟ ਟੱਪੀ। ਸਿਮ ਬਲਾਕ ਹੈ"},{"$i":"RadioNotAvailable","$v":"ਰੇਡੀਓ ਉਪਲੱਬਧ ਨਹੀਂ"},{"$i":"GenericFailure","$v":"ਸਧਾਰਨ ਗਲਤੀ"},{"$i":"PasswordIncorrect","$v":"ਪਾਸਵਰਡ ਫੇਲ੍ਹ ਹੈ"},{"$i":"SimPin2","$v":"ਸਿਮ PIN2"},{"$i":"SimPuk2","$v":"ਸਿਮ PUK2"},{"$i":"RequestNotSupported","$v":"ਬੇਨਤੀ ਸਹਾਇਕ ਨਹੀਂ"},{"$i":"OpNotAllowedDuringVoiceCall","$v":"ਵਾਇਸ ਕਾਲ ਦੇ ਦੌਰਾਨ ਕਾਰਵਾਈ ਸਹਾਇਕ ਨਹੀਂ"},{"$i":"SmsSendFailRetry","$v":"SMS ਭੇਜਣਾ ਫੇਲ੍ਹ ਮੁੜ-ਕੋਸ਼ਿਸ਼"},{"$i":"SimAbsent","$v":"ਸਿਮ ਗੈਰਹਾਜ਼ਰ"},{"$i":"SubscriptionNotAvailable","$v":"ਮੈਂਬਰੀ ਉਪਲੱਬਧ ਨਹੀਂ"},{"$i":"ModeNotSupported","$v":"ਮੋਡ ਸਹਾਇਕ ਨਹੀਂ"},{"$i":"FdnCheckFailure","$v":"Fdn ਜਾਂਚ ਫੇਲ੍ਹ ਹੈ"},{"$i":"IllegalSimOrMe","$v":"ਗਲਤ ਸਿਮ ਜਾਂ ME"},{"$i":"DialModifiedToUssd","$v":"USSD ਲਈ ਸੋਧਿਆ ਡਾਇਲ"},{"$i":"DialModifiedToSs","$v":"SS ਲਈ ਸੋਧਿਆ ਡਾਇਲ"},{"$i":"DialModifiedToDial","$v":"ਡਾਇਲ ਲਈ ਸੋਧਿਆ ਡਾਇਲ"},{"$i":"UssdModifiedToDial","$v":"ਡਾਇਲ ਲਈ ਸੋਧਿਆ USSD "},{"$i":"UssdModifiedToSs","$v":"SS ਲਈ ਸੋਧਿਆ USSD "},{"$i":"UssdModifiedToUssd","$v":"USSD ਲਈ ਸੋਧਿਆ USSD "},{"$i":"SsModifiedToDial","$v":"ਡਾਇਲ ਲਈ ਸੋਧਿਆ SS"},{"$i":"SsModifiedToUssd","$v":"USSD  ਲਈ ਸੋਧਿਆ SS"},{"$i":"SsModifiedToSs","$v":"SS ਲਈ ਸੋਧਿਆ SS"},{"$i":"SubscriptionNotSupported","$v":"ਮੈਂਬਰੀ ਸਹਾਇਕ ਨਹੀਂ"},{"$i":"InvalidParameter","$v":"ਗਲਤ ਮਾਪਢੰਡ"},{"$i":"RejectedByRemote","$v":"ਰਿਮੋਟ ਵਲੋਂ ਰੱਦ ਕੀਤਾ"},{"$i":"conferenceCall","$v":["Conference (",{"t":"idOrVar","v":"n"},")"]},{"$i":"caller-left-call","$v":[{"t":"idOrVar","v":"caller"}," ਨੇ ਕਾਲ ਛੱਡੀ"]},{"$i":"conferenceAddError","$v":"ਕਾਲਾਂ ਮਿਲਾਉਣ ਲਈ ਅਸਮਰੱਥ"},{"$i":"conferenceRemoveError","$v":"ਕਾਲਾਂ ਵੱਖ-ਵੱਖ ਕਰਨ ਲਈ ਅਸਮਰੱਥ"},{"$i":"longDateFormat","$v":"%A, %e %B"},{"$i":"select-audio-sources","$v":"ਆਡੀਓ ਸਰੋਤ ਚੁਣੋ"},{"$i":"bluetooth-handsfree-device","$v":"ਬਲਿਊਟੁੱਥ ਹੈਡ-ਫਰੀ ਯੰਤਰ"},{"$i":"receiver","$v":"ਰਸੀਵਰ"},{"$i":"speaker","$v":"ਸਪੀਕਰ"},{"$i":"voiceMail","$v":"ਵਾਇਸਮੇਲ"},{"$i":"weekday-0-long","$v":"ਐਤਵਾਰ"},{"$i":"weekday-1-long","$v":"ਸੋਮਵਾਰ"},{"$i":"weekday-2-long","$v":"ਮੰਗਲਵਾਰ"},{"$i":"weekday-3-long","$v":"ਬੁੱਧਵਾਰ"},{"$i":"weekday-4-long","$v":"ਵੀਰਵਾਰ"},{"$i":"weekday-5-long","$v":"ਸ਼ੁੱਕਰਵਾਰ"},{"$i":"weekday-6-long","$v":"ਸ਼ਨਿੱਚਰਵਾਰ"},{"$i":"weekday-0-short","$v":"ਐਤ"},{"$i":"weekday-1-short","$v":"ਸੋਮ"},{"$i":"weekday-2-short","$v":"ਮੰਗਲ"},{"$i":"weekday-3-short","$v":"ਬੁੱਧ"},{"$i":"weekday-4-short","$v":"ਵੀਰ"},{"$i":"weekday-5-short","$v":"ਸ਼ੁੱਕਰ"},{"$i":"weekday-6-short","$v":"ਸ਼ਨਿੱ"},{"$i":"month-0-long","$v":"ਜਨਵਰੀ"},{"$i":"month-1-long","$v":"ਫਰਵਰੀ"},{"$i":"month-2-long","$v":"ਮਾਰਚ"},{"$i":"month-3-long","$v":"ਅਪਰੈਲ"},{"$i":"month-4-long","$v":"ਮਈ"},{"$i":"month-5-long","$v":"ਜੂਨ"},{"$i":"month-6-long","$v":"ਜੁਲਾਈ"},{"$i":"month-7-long","$v":"ਅਗਸਤ"},{"$i":"month-8-long","$v":"ਸਤੰਬਰ"},{"$i":"month-9-long","$v":"ਅਕਤੂਬਰ"},{"$i":"month-10-long","$v":"ਨਵੰਬਰ"},{"$i":"month-11-long","$v":"ਦਸੰਬਰ"},{"$i":"month-0-genitive","$v":"ਜਨਵਰੀ"},{"$i":"month-1-genitive","$v":"ਫਰਵਰੀ"},{"$i":"month-2-genitive","$v":"ਮਾਰਚ"},{"$i":"month-3-genitive","$v":"ਅਪਰੈਲ"},{"$i":"month-4-genitive","$v":"ਮਈ"},{"$i":"month-5-genitive","$v":"ਜੂਨ"},{"$i":"month-6-genitive","$v":"ਜੁਲਾਈ"},{"$i":"month-7-genitive","$v":"ਅਗਸਤ"},{"$i":"month-8-genitive","$v":"ਸਤੰਬਰ"},{"$i":"month-9-genitive","$v":"ਅਕਤੂਬਰ"},{"$i":"month-10-genitive","$v":"ਨਵੰਬਰ"},{"$i":"month-11-genitive","$v":"ਦਸੰਬਰ"},{"$i":"month-0-short","$v":"ਜਨ"},{"$i":"month-1-short","$v":"ਫਰ"},{"$i":"month-2-short","$v":"ਮਾਰ"},{"$i":"month-3-short","$v":"ਅਪ"},{"$i":"month-4-short","$v":"ਮਈ"},{"$i":"month-5-short","$v":"ਜੂਨ"},{"$i":"month-6-short","$v":"ਜੁਲਾ"},{"$i":"month-7-short","$v":"ਅਗ"},{"$i":"month-8-short","$v":"ਸਤੰ"},{"$i":"month-9-short","$v":"ਅਕਤੂ"},{"$i":"month-10-short","$v":"ਨਵੰ"},{"$i":"month-11-short","$v":"ਦਸੰ"},{"$i":"minutes-ago-long","$v":{"zero":"ਹੁਣੇ ਹੀਂ","one":"ਮਿੰਟ ਕੁ ਪਹਿਲਾਂ","two":[{"t":"idOrVar","v":"value"}," ਮਿੰਟ ਪਹਿਲਾਂ"],"few":[{"t":"idOrVar","v":"value"}," ਮਿੰਟ ਪਹਿਲਾਂ"],"many":[{"t":"idOrVar","v":"value"}," ਮਿੰਟ ਪਹਿਲਾਂ"],"other":[{"t":"idOrVar","v":"value"},"  ਮਿੰਟ ਪਹਿਲਾਂ"]},"$x":[{"t":"idOrVar","v":"plural"},"value"]},{"$i":"hours-ago-long","$v":{"zero":"ਹੁਣੇ ਹੀ","one":"ਘੰਟਾ ਪਹਿਲਾਂ","two":[{"t":"idOrVar","v":"value"}," ਘੰਟੇ ਪਹਿਲਾਂ"],"few":[{"t":"idOrVar","v":"value"}," ਘੰਟੇ ਪਹਿਲਾਂ"],"many":[{"t":"idOrVar","v":"value"}," ਘੰਟੇ ਪਹਿਲਾਂ"],"other":[{"t":"idOrVar","v":"value"}," ਘੰਟੇ ਪਹਿਲਾਂ"]},"$x":[{"t":"idOrVar","v":"plural"},"value"]},{"$i":"days-ago-long","$v":{"zero":"ਅੱਜ","one":"ਕੱਲ੍ਹ","two":[{"t":"idOrVar","v":"value"}," ਦਿਨ ਪਹਿਲਾਂ"],"few":[{"t":"idOrVar","v":"value"}," ਦਿਨ ਪਹਿਲਾਂ"],"many":[{"t":"idOrVar","v":"value"}," ਦਿਨ ਪਹਿਲਾਂ"],"other":[{"t":"idOrVar","v":"value"}," ਦਿਨ ਪਹਿਲਾਂ"]},"$x":[{"t":"idOrVar","v":"plural"},"value"]},{"$i":"weeks-ago-long","$v":{"zero":"ਇਹ ਹਫ਼ਤੇ","one":"ਪਿਛਲੇ ਹਫ਼ਤੇ","two":[{"t":"idOrVar","v":"value"}," ਹਫ਼ਤੇ ਪਹਿਲਾਂ"],"few":[{"t":"idOrVar","v":"value"}," ਹਫ਼ਤੇ ਪਹਿਲਾਂ"],"many":[{"t":"idOrVar","v":"value"}," ਹਫ਼ਤੇ ਪਹਿਲਾਂ"],"other":[{"t":"idOrVar","v":"value"}," ਹਫ਼ਤੇ ਪਹਿਲਾਂ"]},"$x":[{"t":"idOrVar","v":"plural"},"value"]},{"$i":"months-ago-long","$v":{"zero":"ਇਹ ਮਹੀਨੇ","one":"ਪਿਛਲੇ ਮਹੀਨੇ","two":[{"t":"idOrVar","v":"value"}," ਮਹੀਨੇ ਪਹਿਲਾਂ"],"few":[{"t":"idOrVar","v":"value"}," ਮਹੀਨੇ ਪਹਿਲਾਂ"],"many":[{"t":"idOrVar","v":"value"}," ਮਹੀਨੇ ਪਹਿਲਾਂ"],"other":[{"t":"idOrVar","v":"value"}," ਮਹੀਨੇ ਪਹਿਲਾਂ"]},"$x":[{"t":"idOrVar","v":"plural"},"value"]},{"$i":"years-ago-long","$v":{"zero":"ਇਹ ਸਾਲ","one":"ਪਿਛਲੇ ਸਾਲ","two":[{"t":"idOrVar","v":"value"}," ਸਾਲ ਪਹਿਲਾਂ"],"few":[{"t":"idOrVar","v":"value"}," ਸਾਲ ਪਹਿਲਾਂ"],"many":[{"t":"idOrVar","v":"value"}," ਸਾਲ ਪਹਿਲਾਂ"],"other":[{"t":"idOrVar","v":"value"}," ਸਾਲ ਪਹਿਲਾਂ"]},"$x":[{"t":"idOrVar","v":"plural"},"value"]},{"$i":"minutes-until-long","$v":{"zero":"ਹੁਣ","one":"ਮਿੰਟ ਵਿੱਚ","two":[{"t":"idOrVar","v":"value"}," ਮਿੰਟਾਂ ਵਿੱਚ"],"few":[{"t":"idOrVar","v":"value"}," ਮਿੰਟਾਂ ਵਿੱਚ"],"many":[{"t":"idOrVar","v":"value"}," ਮਿੰਟਾਂ ਵਿੱਚ"],"other":[{"t":"idOrVar","v":"value"}," ਮਿੰਟਾਂ ਵਿੱਚ"]},"$x":[{"t":"idOrVar","v":"plural"},"value"]},{"$i":"hours-until-long","$v":{"zero":"ਹੁਣ","one":"ਇੱਕ ਘੰਟੇ ਵਿੱਚ","two":[{"t":"idOrVar","v":"value"}," ਘੰਟਿਆਂ ਵਿੱਚ"],"few":[{"t":"idOrVar","v":"value"}," ਘੰਟਿਆਂ ਵਿੱਚ"],"many":[{"t":"idOrVar","v":"value"}," ਘੰਟਿਆਂ ਵਿੱਚ"],"other":[{"t":"idOrVar","v":"value"}," ਘੰਟਿਆਂ ਵਿੱਚ"]},"$x":[{"t":"idOrVar","v":"plural"},"value"]},{"$i":"days-until-long","$v":{"zero":"ਅੱਜ","one":"ਭਲਕੇ","two":[{"t":"idOrVar","v":"value"}," ਦਿਨਾਂ ਵਿੱਚ"],"few":[{"t":"idOrVar","v":"value"}," ਦਿਨਾਂ ਵਿੱਚ"],"many":[{"t":"idOrVar","v":"value"}," ਦਿਨਾਂ ਵਿੱਚ"],"other":[{"t":"idOrVar","v":"value"}," ਦਿਨਾਂ ਵਿੱਚ"]},"$x":[{"t":"idOrVar","v":"plural"},"value"]},{"$i":"weeks-until-long","$v":{"zero":"ਇਸ ਹਫ਼ਤੇ","one":"ਅਗਲੇ ਹਫ਼ਤੇ","two":[{"t":"idOrVar","v":"value"}," ਹਫ਼ਤਿਆਂ ਵਿੱਚ"],"few":[{"t":"idOrVar","v":"value"}," ਹਫ਼ਤਿਆਂ ਵਿੱਚ"],"many":[{"t":"idOrVar","v":"value"}," ਹਫ਼ਤਿਆਂ ਵਿੱਚ"],"other":[{"t":"idOrVar","v":"value"}," ਹਫ਼ਤਿਆਂ ਵਿੱਚ"]},"$x":[{"t":"idOrVar","v":"plural"},"value"]},{"$i":"months-until-long","$v":{"zero":"ਇਸ ਮਹੀਨੇ","one":"ਅਗਲੇ ਮਹੀਨੇ","two":[{"t":"idOrVar","v":"value"}," ਮਹੀਨਿਆਂ ਵਿੱਚ"],"few":[{"t":"idOrVar","v":"value"}," ਮਹੀਨਿਆਂ ਵਿੱਚ"],"many":[{"t":"idOrVar","v":"value"}," ਮਹੀਨਿਆਂ ਵਿੱਚ"],"other":[{"t":"idOrVar","v":"value"}," ਮਹੀਨਿਆਂ ਵਿੱਚ"]},"$x":[{"t":"idOrVar","v":"plural"},"value"]},{"$i":"years-until-long","$v":{"zero":"ਇਸ ਸਾਲ","one":"ਅਗਲੇ ਸਾਲ","two":[{"t":"idOrVar","v":"value"}," ਸਾਲਾਂ ਵਿੱਚ"],"few":[{"t":"idOrVar","v":"value"}," ਸਾਲਾਂ ਵਿੱਚ"],"many":[{"t":"idOrVar","v":"value"}," ਸਾਲਾਂ ਵਿੱਚ"],"other":[{"t":"idOrVar","v":"value"}," ਸਾਲਾਂ ਵਿੱਚ"]},"$x":[{"t":"idOrVar","v":"plural"},"value"]},{"$i":"minutes-ago-short","$v":{"zero":"ਹੁਣੇ ਹੀ","other":[{"t":"idOrVar","v":"value"},"ਮਿੰ ਪਹਿਲਾਂ"]},"$x":[{"t":"idOrVar","v":"plural"},"value"]},{"$i":"hours-ago-short","$v":{"zero":"ਹੁਣੇ ਹੀਂ","other":[{"t":"idOrVar","v":"value"},"ਘੰ ਪਹਿਲਾਂ"]},"$x":[{"t":"idOrVar","v":"plural"},"value"]},{"$i":"days-ago-short","$v":{"zero":"ਅੱਜ","other":[{"t":"idOrVar","v":"value"},"ਦਿ ਪਹਿਲਾਂ"]},"$x":[{"t":"idOrVar","v":"plural"},"value"]},{"$i":"minutes-until-short","$v":{"zero":"ਹੁਣ","other":[{"t":"idOrVar","v":"value"},"ਮਿੰ ਵਿੱਚ"]},"$x":[{"t":"idOrVar","v":"plural"},"value"]},{"$i":"hours-until-short","$v":{"zero":"ਹੁਣ","other":[{"t":"idOrVar","v":"value"},"ਘੰ ਵਿੱਚ"]},"$x":[{"t":"idOrVar","v":"plural"},"value"]},{"$i":"days-until-short","$v":{"zero":"ਅੱਜ","other":[{"t":"idOrVar","v":"value"},"ਦਿ ਵਿੱਚ"]},"$x":[{"t":"idOrVar","v":"plural"},"value"]},{"$i":"incorrectDate","$v":"(ਗਲਤ ਮਿਤੀ)"},{"$i":"dateTimeFormat_%c","$v":"%a %e %b  %Y %I:%M:%S %p"},{"$i":"dateTimeFormat_%x","$v":"%d/%m/%Y"},{"$i":"dateTimeFormat_%X","$v":"%I:%M:%S %p"},{"$i":"shortTimeFormat","$v":"%I:%M %p"},{"$i":"shortTimeFormat12","$v":"%I:%M %p"},{"$i":"shortTimeFormat24","$v":"%H:%M"},{"$i":"shortDateTimeFormat","$v":"%x %I:%M %p"},{"$i":"weekStartsOnMonday","$v":"1"},{"$i":"firstDayOfTheWeek","$v":"0"},{"$i":"time_am","$v":"ਸਵੇਰੇ"},{"$i":"time_pm","$v":"ਸ਼ਾਮ"},{"$i":"label","$v":"ਲੇਬਲ"},{"$i":"mobile","$v":"ਮੋਬਾਇਲ"},{"$i":"home","$v":"ਘਰ"},{"$i":"work","$v":"ਕੰਮ"},{"$i":"personal","$v":"ਨਿੱਜੀ"},{"$i":"faxHome","$v":"ਫੈਕਸ ਘਰ"},{"$i":"faxOffice","$v":"ਫੈਕਸ ਦਫ਼ਤਰ"},{"$i":"faxOther","$v":"ਫੈਕਸ ਹੋਰ"},{"$i":"another","$v":"ਹੋਰ"},{"$i":"other","$v":"ਹੋਰ"},{"$i":"customTag","placeholder":"ਪਸੰਦੀਦਾ ਟੈਗ"},{"$i":"current","$v":"ਮੌਜੂਦਾ"},{"$i":"itemWithLabel","$v":[{"t":"idOrVar","v":"label"},", ",{"t":"idOrVar","v":"item"}]},{"$i":"airplaneMode","$v":"ਏਅਰਪਲੇਨ ਮੋਡ"},{"$i":"searching","$v":"…ਖੋਜ ਜਾਰੀ ਹੈ"},{"$i":"noNetwork","$v":"ਕੋਈ ਨੈੱਟਵਰਕ ਨਹੀਂ"},{"$i":"roaming","$v":[{"t":"idOrVar","v":"operator"}," (Roaming)"]},{"$i":"operator-info","$v":[{"t":"idOrVar","v":"carrier"}," ",{"t":"idOrVar","v":"region"}]},{"$i":"emergencyCallsOnly","$v":"ਕੇਵਲ ਐਮਰਜੈਂਸੀ ਕਾਲਾਂ ਹੀ"},{"$i":"emergencyCallsOnly-unknownSIMState","$v":"(ਅਣਜਾਣ ਸਿਮ ਹਾਲਤ)"},{"$i":"emergencyCallsOnly-noSIM","$v":"(ਕੋਈ ਸਿਮ ਨਹੀਂ)"},{"$i":"emergencyCallsOnly-pinRequired","$v":"(SIM PIN required)"},{"$i":"emergencyCallsOnly-pukRequired","$v":"(SIM PUK required)"},{"$i":"emergencyCallsOnly-networkLocked","$v":"(network locked)"},{"$i":"emergencyCallsOnly-serviceProviderLocked","$v":"(service provider locked)"},{"$i":"emergencyCallsOnly-corporateLocked","$v":"(corporate locked)"},{"$i":"emergencyCallsOnly-network1Locked","$v":"(network1 locked)"},{"$i":"emergencyCallsOnly-network2Locked","$v":"(network2 locked)"},{"$i":"emergencyCallsOnly-hrpdNetworkLocked","$v":"(hrpd network locked)"},{"$i":"emergencyCallsOnly-ruimCorporateLocked","$v":"(ruim corporate locked)"},{"$i":"emergencyCallsOnly-ruimServiceProviderLocked","$v":"(ruim service provider locked)"},{"$i":"lockscreen-sim-id","$v":["ਸਿਮ ",{"t":"idOrVar","v":"n"}]},{"$i":"charging-status-no-time","$v":[{"t":"idOrVar","v":"level"},"% Charged"]},{"$i":"charging-status-minutes","$v":{"zero":[{"t":"idOrVar","v":"level"},"% Charged (",{"t":"idOrVar","v":"minutes"}," mins remaining)"],"one":[{"t":"idOrVar","v":"level"},"% Charged (",{"t":"idOrVar","v":"minutes"}," min remaining)"],"two":[{"t":"idOrVar","v":"level"},"% Charged (",{"t":"idOrVar","v":"minutes"}," mins remaining)"],"few":[{"t":"idOrVar","v":"level"},"% Charged (",{"t":"idOrVar","v":"minutes"}," mins remaining)"],"many":[{"t":"idOrVar","v":"level"},"% Charged (",{"t":"idOrVar","v":"minutes"}," mins remaining)"],"other":[{"t":"idOrVar","v":"level"},"% Charged (",{"t":"idOrVar","v":"minutes"}," mins remaining)"]},"$x":[{"t":"idOrVar","v":"plural"},"minutes"]},{"$i":"charging-status-hours","$v":{"zero":[{"t":"idOrVar","v":"level"},"% Charged (",{"t":"idOrVar","v":"hours"},"h ",{"t":"idOrVar","v":"minutes"}," mins remaining)"],"one":[{"t":"idOrVar","v":"level"},"% Charged (",{"t":"idOrVar","v":"hours"},"h ",{"t":"idOrVar","v":"minutes"}," min remaining)"],"two":[{"t":"idOrVar","v":"level"},"% Charged (",{"t":"idOrVar","v":"hours"},"h ",{"t":"idOrVar","v":"minutes"}," mins remaining)"],"few":[{"t":"idOrVar","v":"level"},"% Charged (",{"t":"idOrVar","v":"hours"},"h ",{"t":"idOrVar","v":"minutes"}," mins remaining)"],"many":[{"t":"idOrVar","v":"level"},"% Charged (",{"t":"idOrVar","v":"hours"},"h ",{"t":"idOrVar","v":"minutes"}," mins remaining)"],"other":[{"t":"idOrVar","v":"level"},"% Charged (",{"t":"idOrVar","v":"hours"},"h ",{"t":"idOrVar","v":"minutes"}," mins remaining)"]},"$x":[{"t":"idOrVar","v":"plural"},"minutes"]},{"$i":"phoneNumberInput","ariaLabel":"ਫੋਨ ਨੰਬਰ"},{"$i":"keypadDelete","ariaLabel":"ਹਟਾਓ"},{"$i":"voiceMailKey","ariaLabel":"ਵੋਆਇਸਮੇਲ"},{"$i":"asterisk","ariaLabel":"ਤਾਰਾ"},{"$i":"hashSign","ariaLabel":"ਹੈਸ਼"},{"$i":"loadingSimContacts","$v":"Loading SIM card contacts…"},{"$i":"noContactsWereFound","$v":"No contacts were found"},{"$i":"noContactsFoundDialogOk","$v":"OK"},{"$i":"emergencyNumber","$v":"ਐਮਰਜੈਂਸੀ ਨੰਬਰ"},{"$i":"callAirplaneModeMessage","$v":"ਕਾਲ ਕਰਨ ਲਈ ਤੁਹਾਨੂੰ ਏਅਰਪਲੇਨ ਮੋਡ ਸੈਟਿੰਗ ਵਿੱਚੋਂ ਬੰਦ ਕਰਨਾ ਹੋਵੇਗਾ।"},{"$i":"callAirplaneModeBtnOk","$v":"ਠੀਕ ਹੈ"},{"$i":"callAirplaneModeTitle","$v":"ਏਅਰਪਲੇਨ ਮੋਡ ਚਾਲੂ ਹੈ"},{"$i":"numberIsBusyTitle","$v":"ਨੰਬਰ ਰੁੱਝਿਆ ਹੈ"},{"$i":"numberIsBusyMessage","$v":"ਨੰਬਰ ਇਸ ਸਮੇਂ ਰੁਝਿਆ ਹੋਇਆ ਹੈ। ਕਿਰਪਾ ਕਰਕੇ ਬਾਅਦ ਵਿੱਚ ਕੋਸ਼ਿਸ਼ ਕਰੋ।"},{"$i":"fdnIsActiveTitle","$v":"FDN ਸਰਗਰਮ"},{"$i":"fdnIsActiveMessage","$v":["FDN (ਸਥਿਰ ਡਾਇਲ ਨੰਬਰ) ਸਰਗਰਮ ਹੈ ਅਤੇ ਹੇਠ ਦਿੱਤਾ ਨੰਬਰ ਤੁਹਾਡੀ ਐਫਡੀਐਨ ਸੂਚੀ ਵਿੱਚ ਨਹੀਂ: ",{"t":"idOrVar","v":"number"}]},{"$i":"emergencyDialogBodyBadNumber","$v":"ਕਾਲ ਕਰਨ ਲਈ ਫੋਨ ਨੈੱਟਵਰਕ ਨਾਲ ਕੁਨੈਕਟ ਹੋਣਾ ਚਾਹੀਦਾ ਹੈ।"},{"$i":"emergencyDialogBodyDeviceNotAccepted","$v":"ਨੈੱਟਵਰਕ ਉੱਤੇ ਐਮਰਜੈਂਸੀ ਨੰਬਰਾਂ ਦੀ ਇਜ਼ਾਜ਼ਤ ਨਹੀਂ ਹੈ।"},{"$i":"emergencyDialogBtnOk","$v":"ਠੀਕ ਹੈ"},{"$i":"emergencyDialogTitle","$v":"ਕੋਈ ਨੈੱਟਵਰਕ ਕੁਨੈਕਸ਼ਨ ਨਹੀਂ ਹੈ"},{"$i":"invalidNumberToDialTitle","$v":"ਗਲਤ ਫੋਨ ਨੰਬਰ"},{"$i":"invalidNumberToDialMessage","$v":"ਫੋਨ ਨੰਬਰ, ਜਿਸ ਉੱਤੇ ਤੁਸੀਂ ਕਾਲ ਕਰ ਰਹੇ ਹੋ, ਠੀਕ ਨਹੀਂ ਹੈ।"},{"$i":"unableToCallTitle","$v":"ਹੁਣ ਫੋਨ ਕਾਲ ਕਰਨ ਲਈ ਅਸਮਰੱਥ"},{"$i":"unableToCallMessage","$v":"ਕਾਲ ਨਹੀਂ ਕੀਤੀ ਜਾ ਸਕਦੀ। ਜੇ ਤੁਸੀਂ ਪਹਿਲਾਂ ਹੀ ਡਾਇਲ ਕਰ ਰਹੇ ਹੋ ਤਾਂ ਪਹਿਲਾਂ ਰੋਕ ਦਿਉ।"},{"$i":"otherConnectionInUseTitle","$v":"ਹੋਰ ਕੁਨੈਕਸ਼ਨ ਵਰਤੋਂ ਵਿੱਚ ਹੈ।"},{"$i":"otherConnectionInUseMessage","$v":"ਤੁਹਾਡੇ ਕੋਲ ਹੋਰ ਕੁਨੈਕਸ਼ਨ ਉੱਤੇ ਸਰਗਰਮ ਕਾਲ ਹੈ। ਤੁਸੀਂ ਇੱਕ ਸਮੇਂ ਕੇਵਲ ਇੱਕ ਹੀ ਕੁਨੈਕਸ਼ਨ ਵਰਤ ਸਕਦੇ ਹੋ।"}]