[{"$i":"addNewNumber","$v":"Adicionar novo número"},{"$i":"contactDetails","$v":"Detalhes do contato"},{"$i":"addToExistingContact","$v":"Adicionar a um contato"},{"$i":"all","$v":"Todas","ariaLabel":"Todas"},{"$i":"bluetoothOption","ariaLabel":"Bluetooth"},{"$i":"callLog","$v":"Histórico de Chamadas"},{"$i":"callLogEdit","title":"Editar histórico de chamadas"},{"$i":"callLogEditDialog","ariaLabel":"Editar diálogo de histórico de chamadas"},{"$i":"connecting","$v":"Conectando"},{"$i":"connectingEllipsis","$v":"Conectando…"},{"$i":"call-forwarding-async","$v":["Assíncrono: ",{"t":"idOrVar","v":"async"}]},{"$i":"call-forwarding-data","$v":["Dados: ",{"t":"idOrVar","v":"data"}]},{"$i":"call-forwarding-error","$v":"Ocorreu um erro ao recuperar status de desvio de chamadas"},{"$i":"call-forwarding-fax","$v":["FAX: ",{"t":"idOrVar","v":"fax"}]},{"$i":"call-forwarding-inactive","$v":"Inativo"},{"$i":"call-forwarding-packet","$v":["Pacote: ",{"t":"idOrVar","v":"packet"}]},{"$i":"call-forwarding-pad","$v":["PAD: ",{"t":"idOrVar","v":"pad"}]},{"$i":"call-forwarding-sms","$v":["SMS: ",{"t":"idOrVar","v":"sms"}]},{"$i":"call-forwarding-status","$v":"Status de desvio de chamadas"},{"$i":"call-forwarding-sync","$v":["Síncrono: ",{"t":"idOrVar","v":"sync"}]},{"$i":"call-forwarding-voice","$v":["Voz: ",{"t":"idOrVar","v":"voice"}]},{"$i":"close","$v":"Fechar"},{"$i":"confirm-deletion","$v":"Apagar as chamadas selecionadas?"},{"$i":"contacts","ariaLabel":"Contatos"},{"$i":"createNewContact","$v":"Criar novo contato"},{"$i":"delete","$v":"Apagar"},{"$i":"deselectAll","$v":"Des. todas"},{"$i":"dialerAddContact","ariaLabel":"Adicionar contato"},{"$i":"dialerAddContactDialog","ariaLabel":"Add Contact Dialog"},{"$i":"callInformation","$v":"Informações da Chamada"},{"$i":"edit-selected","$v":{"one":[{"t":"idOrVar","v":"n"}," selecionada"],"two":[{"t":"idOrVar","v":"n"}," selecionadas"],"few":[{"t":"idOrVar","v":"n"}," selecionadas"],"many":[{"t":"idOrVar","v":"n"}," selecionadas"],"other":[{"t":"idOrVar","v":"n"}," selecionadas"]},"$x":[{"t":"idOrVar","v":"plural"},"n"]},{"$i":"edit","$v":"Editar"},{"$i":"hideKeypad","ariaLabel":"Esconder teclado"},{"$i":"ignore","$v":"Ignorar chamada"},{"$i":"incoming","$v":"Recebidas"},{"$i":"keypad","ariaLabel":"Teclado"},{"$i":"makeCall","ariaLabel":"Fazer chamada"},{"$i":"merge","ariaLabel":"Combinar"},{"$i":"info-missed","$v":"Não atendidas"},{"$i":"missed","$v":"Não atendidas","ariaLabel":"Não atendidas"},{"$i":"canceled","$v":"Cancelado"},{"$i":"missedCall","$v":"Chamada não atendida"},{"$i":"missedCallMultiSims","$v":["(SIM ",{"t":"idOrVar","v":"n"},") Chamada não atendida"]},{"$i":"mmi-error","$v":"Ocorreu um erro ao enviar a mensagem"},{"$i":"mmi-session-expired","$v":"Sessão expirada"},{"$i":"mmi-successfully-sent","$v":"Mensagem enviada com sucesso"},{"$i":"mmi-notification-title-with-sim","$v":["(",{"t":"idOrVar","v":"sim"},") ",{"t":"idOrVar","v":"title"}]},{"$i":"mute","ariaLabel":"Emudecer"},{"$i":"newCall","ariaLabel":"Nova chamada"},{"$i":"no-logs-msg-1","$v":"Nenhuma chamada registrada"},{"$i":"no-logs-msg-2","$v":"Comece a se comunicar agora"},{"$i":"no-logs-msg-3","$v":"Nenhuma chamada não atendida"},{"$i":"onHoldOption","ariaLabel":"Em espera"},{"$i":"outgoing","$v":"Efetuadas"},{"$i":"recents","ariaLabel":"Chamas recentes"},{"$i":"reply","$v":"Responder"},{"$i":"selectAll","$v":"Sel. todas"},{"$i":"send","$v":"Enviar"},{"$i":"switch-calls","$v":"Alternar chamada"},{"$i":"today","$v":"Hoje"},{"$i":"withheld-number","$v":"Número confidencial"},{"$i":"from-contact","$v":["De ",{"t":"idOrVar","v":"contact"}]},{"$i":"from-number","$v":["De ",{"t":"idOrVar","v":"number"}]},{"$i":"from-withheld-number","$v":"De número confidencial"},{"$i":"yesterday","$v":"Ontem"},{"$i":"sending","$v":"Enviando…"},{"$i":"speakerOption","ariaLabel":"Alto-falante"},{"$i":"ussd-services","$v":["Serviços da ",{"t":"idOrVar","v":"operator"}]},{"$i":"toggleKeypad","ariaLabel":"Exibir/esconder teclado"},{"$i":"type-your-response","placeholder":"Digite sua resposta…"},{"$i":"clear-all-text","$v":"Limpar tudo"},{"$i":"hide","$v":"Esconder"},{"$i":"call","$v":"Chamar"},{"$i":"hold","ariaLabel":"Espera"},{"$i":"resume","$v":"Continuar","ariaLabel":"Continuar"},{"$i":"sendSms","$v":"Enviar mensagem"},{"$i":"callEnded","$v":"Chamada Encerrada"},{"$i":"via-sim","$v":["via SIM",{"t":"idOrVar","v":"n"}]},{"$i":"sim-number","$v":["SIM",{"t":"idOrVar","v":"n"}]},{"$i":"unknown","$v":"Desconhecido"},{"$i":"cancel","$v":"Cancelar"},{"$i":"hangup-a11y-button","ariaLabel":"Desligar"},{"$i":"pickup-a11y-button","ariaLabel":"Atender"},{"$i":"unlock-a11y-button","ariaLabel":"Deslizador"},{"$i":"settings","$v":"Configurações"},{"$i":"delete-n-log?","$v":{"zero":"Nada selecionado","one":"Apagar a entrada selecionada?","two":["Apagar ",{"t":"idOrVar","v":"n"}," entradas?"],"few":["Apagar ",{"t":"idOrVar","v":"n"}," entradas?"],"many":["Apagar ",{"t":"idOrVar","v":"n"}," entradas?"],"other":["Apagar ",{"t":"idOrVar","v":"n"}," entradas?"]},"$x":[{"t":"idOrVar","v":"plural"},"n"]},{"$i":"callDurationMinutes","$v":[{"t":"idOrVar","v":"m"},"min ",{"t":"idOrVar","v":"s"},"s"]},{"$i":"callDurationHours","$v":[{"t":"idOrVar","v":"h"},"h ",{"t":"idOrVar","v":"m"},"min ",{"t":"idOrVar","v":"s"},"s"]},{"$i":"callDurationTextFormatSeconds","$v":[{"t":"idOrVar","v":"s"}," s"]},{"$i":"callDurationTextFormatMinutes","$v":[{"t":"idOrVar","v":"m"}," m ",{"t":"idOrVar","v":"s"}," s"]},{"$i":"callDurationTextFormatHours","$v":[{"t":"idOrVar","v":"h"}," h ",{"t":"idOrVar","v":"m"}," m ",{"t":"idOrVar","v":"s"}," s"]},{"$i":"suggestionMatches","$v":{"one":[{"t":"idOrVar","v":"n"}," resultado para \"",{"t":"idOrVar","v":"matchNumber"},"\""],"two":[{"t":"idOrVar","v":"n"}," resultados para \"",{"t":"idOrVar","v":"matchNumber"},"\""],"few":[{"t":"idOrVar","v":"n"}," resultados para \"",{"t":"idOrVar","v":"matchNumber"},"\""],"many":[{"t":"idOrVar","v":"n"}," resultados para \"",{"t":"idOrVar","v":"matchNumber"},"\""],"other":[{"t":"idOrVar","v":"n"}," resultados para \"",{"t":"idOrVar","v":"matchNumber"},"\""]},"$x":[{"t":"idOrVar","v":"plural"},"n"]},{"$i":"scCallBarring","$v":"Restrição de chamadas"},{"$i":"scCallForwarding","$v":"Desvio de chamadas"},{"$i":"scClip","$v":"Identificação da chamada de entrada"},{"$i":"scClir","$v":"Identificação do seu aparelho"},{"$i":"scPwd","$v":"Troca de senha"},{"$i":"scCallWaiting","$v":"Chamada em espera"},{"$i":"scPin","$v":"Troca de PIN"},{"$i":"scPin2","$v":"Troca de PIN2"},{"$i":"scPuk","$v":"Desbloqueio de PIN"},{"$i":"scPuk2","$v":"Desbloqueio de PIN2"},{"$i":"scImei","$v":"IMEI"},{"$i":"scUssd","$v":"USSD"},{"$i":"serviceClassVoice","$v":"Voz"},{"$i":"serviceClassData","$v":"Dados"},{"$i":"serviceClassFax","$v":"FAX"},{"$i":"serviceClassSms","$v":"SMS"},{"$i":"serviceClassDataSync","$v":"Síncrono"},{"$i":"serviceClassDataAsync","$v":"Assíncrono"},{"$i":"serviceClassPacket","$v":"Pacote"},{"$i":"serviceClassPad","$v":"PAD"},{"$i":"smServiceEnabled","$v":"O serviço foi ativado"},{"$i":"smServiceDisabled","$v":"O serviço foi desativado"},{"$i":"smServiceRegistered","$v":"Registro com sucesso"},{"$i":"smServiceErased","$v":"Excluído com sucesso"},{"$i":"smServiceInterrogated","$v":"Solicitação com sucesso"},{"$i":"smServiceNotProvisioned","$v":"Serviço não oferecido"},{"$i":"smClirPermanent","$v":"Você não pode alterar as configurações de identificação"},{"$i":"smClirDefaultOnNextCallOn","$v":"A configuração padrão de identificação é restrita. Próxima chamada: restrita"},{"$i":"smClirDefaultOnNextCallOff","$v":"A configuração padrão de identificação é restrita. Próxima chamada: irrestrita"},{"$i":"smClirDefaultOffNextCallOn","$v":"A configuração padrão de identificação é irrestrita. Próxima chamada: restrita"},{"$i":"smClirDefaultOffNextCallOff","$v":"A configuração padrão de identificação é irrestrita. Próxima chamada: irrestrita"},{"$i":"smServiceEnabledFor","$v":"O serviço foi ativado para:"},{"$i":"smPinChanged","$v":"PIN alterado com sucesso"},{"$i":"smPinUnblocked","$v":"PIN desbloqueado com sucesso"},{"$i":"smPin2Changed","$v":"PIN2 alterado com sucesso"},{"$i":"smPin2Unblocked","$v":"PIN2 desbloqueado com sucesso"},{"$i":"ServiceIsEnabled","$v":"O serviço foi habilitado"},{"$i":"ServiceIsDisabled","$v":"Serviço desabilitado"},{"$i":"ServiceIsEnabledFor","$v":"O serviço foi habilitado para:"},{"$i":"emMmiError","$v":"Erro de conexão ou código MMI inválido"},{"$i":"emMmiErrorPasswordIncorrect","$v":"Senha incorreta"},{"$i":"emMmiErrorNotSupported","$v":"Código MMI inválido ou não suportado"},{"$i":"emMmiErrorInvalidAction","$v":"Ação inválida"},{"$i":"emMmiErrorInvalidScCode","$v":"Código de serviço inválido"},{"$i":"emMmiErrorBadPuk","$v":"O PUK que você digitou está incorreto"},{"$i":"emMmiErrorBadPin","$v":"O PIN atual que você digitou esá incorreto"},{"$i":"emMmiErrorNeedPuk2","$v":"Digite o PIN2 para desbloquear o chip SIM"},{"$i":"emMmiErrorMismatchPin","$v":"Os PINs que você digitou não correspondem"},{"$i":"emMmiErrorInvalidPin","$v":"Digite um PIN de 4 a 8 dígitos"},{"$i":"emMmiErrorNeedsPuk","$v":"Seu chip SIM está bloqueado"},{"$i":"emMmiErrorEnablePin","$v":"Sem sucesso. Ative o bloqueio SIM/RUIM"},{"$i":"emMmiErrorMmiFdn","$v":"A operação está restrita somente a números fixos "},{"$i":"emMmiErrorStkCcUssdDial","$v":"A soliticação USSD está modificada para soliticação DIAL"},{"$i":"emMmiErrorStkCcUssdSs","$v":"A soliticação USSD está modificada para soliticação SS"},{"$i":"emMmiErrorStkCcUssdUssd","$v":"A soliticação USSD está modificada para soliticação USSD"},{"$i":"emMmiErrorStkCcSsDial","$v":"A soliticação SS está modificada para soliticação DIAL"},{"$i":"emMmiErrorStkCcSsUssd","$v":"A soliticação SS está modificada para soliticação USSD"},{"$i":"emMmiErrorStkCcSsSs","$v":"A soliticação SS está modificada para soliticação SS"},{"$i":"emMmiErrorPinPukAttempts","$v":{"one":["Apenas ",{"t":"idOrVar","v":"n"}," tentativa restante"],"two":[{"t":"idOrVar","v":"n"}," tentativas restantes"],"few":[{"t":"idOrVar","v":"n"}," tentativas restantes"],"many":[{"t":"idOrVar","v":"n"}," tentativas restantes"],"other":[{"t":"idOrVar","v":"n"}," tentativas restantes"]},"$x":[{"t":"idOrVar","v":"plural"},"n"]},{"$i":"emMmiErrorSimBlocked","$v":"Número máximo de tentativas excedido. Chip bloqueado"},{"$i":"RadioNotAvailable","$v":"Rádio indisponível"},{"$i":"GenericFailure","$v":"Falha genérica"},{"$i":"PasswordIncorrect","$v":"Senha incorreta"},{"$i":"SimPin2","$v":"PIN2 do SIM"},{"$i":"SimPuk2","$v":"PUK2 do SIM"},{"$i":"RequestNotSupported","$v":"Solicitação não suportada"},{"$i":"OpNotAllowedDuringVoiceCall","$v":"Operação não permitida durante uma chamada de voz"},{"$i":"SmsSendFailRetry","$v":"Tentativa de reenvio de SMS"},{"$i":"SimAbsent","$v":"SIM ausente"},{"$i":"SubscriptionNotAvailable","$v":"Inscrição indisponível"},{"$i":"ModeNotSupported","$v":"Modo não suportado"},{"$i":"FdnCheckFailure","$v":"Falha de verificação Fdn"},{"$i":"IllegalSimOrMe","$v":"Chip SIM ou ME ilegal"},{"$i":"DialModifiedToUssd","$v":"Dial modificado para USSD"},{"$i":"DialModifiedToSs","$v":"Dial modificado para ss"},{"$i":"DialModifiedToDial","$v":"Dial modificado para dial"},{"$i":"UssdModifiedToDial","$v":"USSD modificado para dial"},{"$i":"UssdModifiedToSs","$v":"USSD modificado para SS"},{"$i":"UssdModifiedToUssd","$v":"USSD modificado para USSD"},{"$i":"SsModifiedToDial","$v":"SS modificado para dial"},{"$i":"SsModifiedToUssd","$v":"SS modificado para USSD"},{"$i":"SsModifiedToSs","$v":"SS modificado para SS"},{"$i":"SubscriptionNotSupported","$v":"Inscrição não suportada"},{"$i":"InvalidParameter","$v":"Parâmetro inválido"},{"$i":"RejectedByRemote","$v":"Rejeitado remotamente"},{"$i":"conferenceCall","$v":["Conferência (",{"t":"idOrVar","v":"n"},")"]},{"$i":"caller-left-call","$v":[{"t":"idOrVar","v":"caller"}," saiu da chamada."]},{"$i":"conferenceAddError","$v":"Não foi possível unir as chamadas"},{"$i":"conferenceRemoveError","$v":"Não foi possível separar as chamadas"},{"$i":"longDateFormat","$v":"%a, %e de %B"},{"$i":"select-audio-sources","$v":"Selecionar fontes de áudio"},{"$i":"bluetooth-handsfree-device","$v":"Dispositivo handsfree Bluetooth"},{"$i":"receiver","$v":"Recebedor"},{"$i":"speaker","$v":"Alto-falante"},{"$i":"voiceMail","$v":"Mensagens de voz"},{"$i":"weekday-0-long","$v":"Domingo"},{"$i":"weekday-1-long","$v":"Segunda-feira"},{"$i":"weekday-2-long","$v":"Terça-feira"},{"$i":"weekday-3-long","$v":"Quarta-feira"},{"$i":"weekday-4-long","$v":"Quinta-feira"},{"$i":"weekday-5-long","$v":"Sexta-feira"},{"$i":"weekday-6-long","$v":"Sábado"},{"$i":"weekday-0-short","$v":"Dom"},{"$i":"weekday-1-short","$v":"Seg"},{"$i":"weekday-2-short","$v":"Ter"},{"$i":"weekday-3-short","$v":"Qua"},{"$i":"weekday-4-short","$v":"Qui"},{"$i":"weekday-5-short","$v":"Sex"},{"$i":"weekday-6-short","$v":"Sáb"},{"$i":"month-0-long","$v":"Janeiro"},{"$i":"month-1-long","$v":"Fevereiro"},{"$i":"month-2-long","$v":"Março"},{"$i":"month-3-long","$v":"Abril"},{"$i":"month-4-long","$v":"Maio"},{"$i":"month-5-long","$v":"Junho"},{"$i":"month-6-long","$v":"Julho"},{"$i":"month-7-long","$v":"Agosto"},{"$i":"month-8-long","$v":"Setembro"},{"$i":"month-9-long","$v":"Outubro"},{"$i":"month-10-long","$v":"Novembro"},{"$i":"month-11-long","$v":"Dezembro"},{"$i":"month-0-genitive","$v":"Janeiro"},{"$i":"month-1-genitive","$v":"Fevereiro"},{"$i":"month-2-genitive","$v":"Março"},{"$i":"month-3-genitive","$v":"Abril"},{"$i":"month-4-genitive","$v":"Maio"},{"$i":"month-5-genitive","$v":"Junho"},{"$i":"month-6-genitive","$v":"Julho"},{"$i":"month-7-genitive","$v":"Agosto"},{"$i":"month-8-genitive","$v":"Setembro"},{"$i":"month-9-genitive","$v":"Outubro"},{"$i":"month-10-genitive","$v":"Novembro"},{"$i":"month-11-genitive","$v":"Dezembro"},{"$i":"month-0-short","$v":"Jan"},{"$i":"month-1-short","$v":"Fev"},{"$i":"month-2-short","$v":"Mar"},{"$i":"month-3-short","$v":"Abr"},{"$i":"month-4-short","$v":"Mai"},{"$i":"month-5-short","$v":"Jun"},{"$i":"month-6-short","$v":"Jul"},{"$i":"month-7-short","$v":"Ago"},{"$i":"month-8-short","$v":"Set"},{"$i":"month-9-short","$v":"Out"},{"$i":"month-10-short","$v":"Nov"},{"$i":"month-11-short","$v":"Dez"},{"$i":"minutes-ago-long","$v":{"zero":"há pouco","one":"um minuto atrás","two":[{"t":"idOrVar","v":"value"}," minutos atrás"],"few":[{"t":"idOrVar","v":"value"}," minutos atrás"],"many":[{"t":"idOrVar","v":"value"}," minutos atrás"],"other":[{"t":"idOrVar","v":"value"}," minutos atrás"]},"$x":[{"t":"idOrVar","v":"plural"},"value"]},{"$i":"hours-ago-long","$v":{"zero":"há pouco","one":"uma hora atrás","two":[{"t":"idOrVar","v":"value"}," horas atrás"],"few":[{"t":"idOrVar","v":"value"}," horas atrás"],"many":[{"t":"idOrVar","v":"value"}," horas atrás"],"other":[{"t":"idOrVar","v":"value"}," horas atrás"]},"$x":[{"t":"idOrVar","v":"plural"},"value"]},{"$i":"days-ago-long","$v":{"zero":"hoje","one":"ontem","two":[{"t":"idOrVar","v":"value"}," dias atrás"],"few":[{"t":"idOrVar","v":"value"}," dias atrás"],"many":[{"t":"idOrVar","v":"value"}," dias atrás"],"other":[{"t":"idOrVar","v":"value"}," dias atrás"]},"$x":[{"t":"idOrVar","v":"plural"},"value"]},{"$i":"weeks-ago-long","$v":{"zero":"esta semana","one":"semana passada","two":[{"t":"idOrVar","v":"value"}," semanas atrás"],"few":[{"t":"idOrVar","v":"value"}," semanas atrás"],"many":[{"t":"idOrVar","v":"value"}," semanas atrás"],"other":[{"t":"idOrVar","v":"value"}," semanas atrás"]},"$x":[{"t":"idOrVar","v":"plural"},"value"]},{"$i":"months-ago-long","$v":{"zero":"este mês","one":"mês passado","two":[{"t":"idOrVar","v":"value"}," meses atrás"],"few":[{"t":"idOrVar","v":"value"}," meses atrás"],"many":[{"t":"idOrVar","v":"value"}," meses atrás"],"other":[{"t":"idOrVar","v":"value"}," meses atrás"]},"$x":[{"t":"idOrVar","v":"plural"},"value"]},{"$i":"years-ago-long","$v":{"zero":"este ano","one":"ano passado","two":[{"t":"idOrVar","v":"value"}," anos atrás"],"few":[{"t":"idOrVar","v":"value"}," anos atrás"],"many":[{"t":"idOrVar","v":"value"}," anos atrás"],"other":[{"t":"idOrVar","v":"value"}," anos atrás"]},"$x":[{"t":"idOrVar","v":"plural"},"value"]},{"$i":"minutes-until-long","$v":{"zero":"agora","one":"em um minuto","two":["em ",{"t":"idOrVar","v":"value"}," minutos"],"few":["em ",{"t":"idOrVar","v":"value"}," minutos"],"many":["em ",{"t":"idOrVar","v":"value"}," minutos"],"other":["em ",{"t":"idOrVar","v":"value"}," minutos"]},"$x":[{"t":"idOrVar","v":"plural"},"value"]},{"$i":"hours-until-long","$v":{"zero":"agora","one":"em uma hora","two":["em ",{"t":"idOrVar","v":"value"}," horas"],"few":["em ",{"t":"idOrVar","v":"value"}," horas"],"many":["em ",{"t":"idOrVar","v":"value"}," horas"],"other":["em ",{"t":"idOrVar","v":"value"}," horas"]},"$x":[{"t":"idOrVar","v":"plural"},"value"]},{"$i":"days-until-long","$v":{"zero":"hoje","one":"amanhã","two":["em ",{"t":"idOrVar","v":"value"}," dias"],"few":["em ",{"t":"idOrVar","v":"value"}," dias"],"many":["em ",{"t":"idOrVar","v":"value"}," dias"],"other":["em ",{"t":"idOrVar","v":"value"}," dias"]},"$x":[{"t":"idOrVar","v":"plural"},"value"]},{"$i":"weeks-until-long","$v":{"zero":"esta semana","one":"semana que vem","two":["em ",{"t":"idOrVar","v":"value"}," semanas"],"few":["em ",{"t":"idOrVar","v":"value"}," semanas"],"many":["em ",{"t":"idOrVar","v":"value"}," semanas"],"other":["em ",{"t":"idOrVar","v":"value"}," semanas"]},"$x":[{"t":"idOrVar","v":"plural"},"value"]},{"$i":"months-until-long","$v":{"zero":"este mês","one":"mês que vem","two":["em ",{"t":"idOrVar","v":"value"}," meses"],"few":["em ",{"t":"idOrVar","v":"value"}," meses"],"many":["em ",{"t":"idOrVar","v":"value"}," meses"],"other":["em ",{"t":"idOrVar","v":"value"}," meses"]},"$x":[{"t":"idOrVar","v":"plural"},"value"]},{"$i":"years-until-long","$v":{"zero":"este ano","one":"ano que vem","two":["em ",{"t":"idOrVar","v":"value"}," anos"],"few":["em ",{"t":"idOrVar","v":"value"}," anos"],"many":["em ",{"t":"idOrVar","v":"value"}," anos"],"other":["em ",{"t":"idOrVar","v":"value"}," anos"]},"$x":[{"t":"idOrVar","v":"plural"},"value"]},{"$i":"minutes-ago-short","$v":{"zero":"há pouco","other":[{"t":"idOrVar","v":"value"},"min atrás"]},"$x":[{"t":"idOrVar","v":"plural"},"value"]},{"$i":"hours-ago-short","$v":{"zero":"há pouco","other":[{"t":"idOrVar","v":"value"},"h atrás"]},"$x":[{"t":"idOrVar","v":"plural"},"value"]},{"$i":"days-ago-short","$v":{"zero":"hoje","other":[{"t":"idOrVar","v":"value"},"d atrás"]},"$x":[{"t":"idOrVar","v":"plural"},"value"]},{"$i":"minutes-until-short","$v":{"zero":"agora","other":["em ",{"t":"idOrVar","v":"value"},"min"]},"$x":[{"t":"idOrVar","v":"plural"},"value"]},{"$i":"hours-until-short","$v":{"zero":"agora","other":["em ",{"t":"idOrVar","v":"value"},"h"]},"$x":[{"t":"idOrVar","v":"plural"},"value"]},{"$i":"days-until-short","$v":{"zero":"hoje","other":["em ",{"t":"idOrVar","v":"value"},"d"]},"$x":[{"t":"idOrVar","v":"plural"},"value"]},{"$i":"incorrectDate","$v":"(data incorreta)"},{"$i":"dateTimeFormat_%c","$v":"%A, %e de %B de %Y %H h %M min %S s"},{"$i":"dateTimeFormat_%x","$v":"%d/%m/%Y"},{"$i":"dateTimeFormat_%X","$v":"%H h %M min %S s"},{"$i":"shortTimeFormat","$v":"%H:%M"},{"$i":"shortTimeFormat12","$v":"%I:%M %p"},{"$i":"shortTimeFormat24","$v":"%H:%M"},{"$i":"shortDateTimeFormat","$v":"%x %H:%M"},{"$i":"weekStartsOnMonday","$v":"0"},{"$i":"firstDayOfTheWeek","$v":"0"},{"$i":"time_am","$v":"AM"},{"$i":"time_pm","$v":"PM"},{"$i":"label","$v":"Etiqueta"},{"$i":"mobile","$v":"Celular"},{"$i":"home","$v":"Início"},{"$i":"work","$v":"Trabalho"},{"$i":"personal","$v":"Pessoal"},{"$i":"faxHome","$v":"Fax Casa"},{"$i":"faxOffice","$v":"Fax Escritório"},{"$i":"faxOther","$v":"Fax Outro"},{"$i":"another","$v":"Outro"},{"$i":"other","$v":"Outro"},{"$i":"customTag","placeholder":"Tag personalizada"},{"$i":"current","$v":"Atual"},{"$i":"itemWithLabel","$v":[{"t":"idOrVar","v":"label"},", ",{"t":"idOrVar","v":"item"}]},{"$i":"airplaneMode","$v":"Modo avião"},{"$i":"searching","$v":"Procurando…"},{"$i":"noNetwork","$v":"Sem rede"},{"$i":"roaming","$v":[{"t":"idOrVar","v":"operator"}," (Roaming)"]},{"$i":"operator-info","$v":[{"t":"idOrVar","v":"carrier"}," ",{"t":"idOrVar","v":"region"}]},{"$i":"emergencyCallsOnly","$v":"Apenas chamadas de emergência"},{"$i":"emergencyCallsOnly-unknownSIMState","$v":"(estado desconhecido do SIM)"},{"$i":"emergencyCallsOnly-noSIM","$v":"(sem SIM)"},{"$i":"emergencyCallsOnly-pinRequired","$v":"(PIN do SIM obrigatório)"},{"$i":"emergencyCallsOnly-pukRequired","$v":"(PUK do SIM obrigatório)"},{"$i":"emergencyCallsOnly-networkLocked","$v":"(rede bloqueada)"},{"$i":"emergencyCallsOnly-serviceProviderLocked","$v":"(provedor de serviço bloqueado)"},{"$i":"emergencyCallsOnly-corporateLocked","$v":"(bloqueio corporativo)"},{"$i":"emergencyCallsOnly-network1Locked","$v":"(rede1 bloqueada)"},{"$i":"emergencyCallsOnly-network2Locked","$v":"(rede2 bloqueada)"},{"$i":"emergencyCallsOnly-hrpdNetworkLocked","$v":"(rede hrpd bloqueada)"},{"$i":"emergencyCallsOnly-ruimCorporateLocked","$v":"(perfil RUIM bloqueado)"},{"$i":"emergencyCallsOnly-ruimServiceProviderLocked","$v":"(provedor de serviço RUIM bloqueado)"},{"$i":"lockscreen-sim-id","$v":["SIM ",{"t":"idOrVar","v":"n"}]},{"$i":"charging-status-no-time","$v":[{"t":"idOrVar","v":"level"},"% Charged"]},{"$i":"charging-status-minutes","$v":{"zero":[{"t":"idOrVar","v":"level"},"% Charged (",{"t":"idOrVar","v":"minutes"}," mins remaining)"],"one":[{"t":"idOrVar","v":"level"},"% Charged (",{"t":"idOrVar","v":"minutes"}," min remaining)"],"two":[{"t":"idOrVar","v":"level"},"% Charged (",{"t":"idOrVar","v":"minutes"}," mins remaining)"],"few":[{"t":"idOrVar","v":"level"},"% Charged (",{"t":"idOrVar","v":"minutes"}," mins remaining)"],"many":[{"t":"idOrVar","v":"level"},"% Charged (",{"t":"idOrVar","v":"minutes"}," mins remaining)"],"other":[{"t":"idOrVar","v":"level"},"% Charged (",{"t":"idOrVar","v":"minutes"}," mins remaining)"]},"$x":[{"t":"idOrVar","v":"plural"},"minutes"]},{"$i":"charging-status-hours","$v":{"zero":[{"t":"idOrVar","v":"level"},"% Charged (",{"t":"idOrVar","v":"hours"},"h ",{"t":"idOrVar","v":"minutes"}," mins remaining)"],"one":[{"t":"idOrVar","v":"level"},"% Charged (",{"t":"idOrVar","v":"hours"},"h ",{"t":"idOrVar","v":"minutes"}," min remaining)"],"two":[{"t":"idOrVar","v":"level"},"% Charged (",{"t":"idOrVar","v":"hours"},"h ",{"t":"idOrVar","v":"minutes"}," mins remaining)"],"few":[{"t":"idOrVar","v":"level"},"% Charged (",{"t":"idOrVar","v":"hours"},"h ",{"t":"idOrVar","v":"minutes"}," mins remaining)"],"many":[{"t":"idOrVar","v":"level"},"% Charged (",{"t":"idOrVar","v":"hours"},"h ",{"t":"idOrVar","v":"minutes"}," mins remaining)"],"other":[{"t":"idOrVar","v":"level"},"% Charged (",{"t":"idOrVar","v":"hours"},"h ",{"t":"idOrVar","v":"minutes"}," mins remaining)"]},"$x":[{"t":"idOrVar","v":"plural"},"minutes"]},{"$i":"phoneNumberInput","ariaLabel":"Número de telefone"},{"$i":"keypadDelete","ariaLabel":"Excluir"},{"$i":"voiceMailKey","ariaLabel":"Correio de voz"},{"$i":"asterisk","ariaLabel":"Asterisco"},{"$i":"hashSign","ariaLabel":"Cerquilha"},{"$i":"loadingSimContacts","$v":"Loading SIM card contacts…"},{"$i":"noContactsWereFound","$v":"No contacts were found"},{"$i":"noContactsFoundDialogOk","$v":"OK"},{"$i":"emergencyNumber","$v":"Número de emergência"},{"$i":"callAirplaneModeMessage","$v":"Para fazer uma ligação é necessário desativar o modo avião nas configurações."},{"$i":"callAirplaneModeBtnOk","$v":"OK"},{"$i":"callAirplaneModeTitle","$v":"Modo avião ativado"},{"$i":"numberIsBusyTitle","$v":"O número está ocupado"},{"$i":"numberIsBusyMessage","$v":"O número está ocupado. Tente novamente mais tarde."},{"$i":"fdnIsActiveTitle","$v":"NDF ativo"},{"$i":"fdnIsActiveMessage","$v":["NDF (Números de discagem fixa) está ativo e o seguinte número não está na sua lista NDF: ",{"t":"idOrVar","v":"number"}]},{"$i":"emergencyDialogBodyBadNumber","$v":"Para fazer uma chamada, o telefone deve estar conectado a uma rede."},{"$i":"emergencyDialogBodyDeviceNotAccepted","$v":"Chamadas de emergência não são permitidas pela rede."},{"$i":"emergencyDialogBtnOk","$v":"OK"},{"$i":"emergencyDialogTitle","$v":"Nenhuma conexão de rede"},{"$i":"invalidNumberToDialTitle","$v":"Número de telefone inválido"},{"$i":"invalidNumberToDialMessage","$v":"O número de telefone para o qual você está ligando é inválido."},{"$i":"unableToCallTitle","$v":"Impossível realizar uma chamada agora"},{"$i":"unableToCallMessage","$v":"Não é possível realizar a chamada. Se você já está ligando, por favor desligue primeiro."},{"$i":"otherConnectionInUseTitle","$v":"Outra conexão está em uso"},{"$i":"otherConnectionInUseMessage","$v":"Você tem uma chamada ativa em outra linha. Você só pode usar uma linha por vez."}]