[{"$i":"addNewNumber","$v":"Adaugă număr nou"},{"$i":"contactDetails","$v":"Detalii despre contact"},{"$i":"addToExistingContact","$v":"Adaugă la contactul existent"},{"$i":"all","$v":"All","ariaLabel":"All"},{"$i":"bluetoothOption","ariaLabel":"Bluetooth"},{"$i":"callLog","$v":"Lista de apeluri"},{"$i":"callLogEdit","title":"Editează lista de apeluri"},{"$i":"callLogEditDialog","ariaLabel":"Editează dialogul pt. lista de apeluri"},{"$i":"connecting","$v":"Conectare"},{"$i":"connectingEllipsis","$v":"Connecting…"},{"$i":"call-forwarding-async","$v":["Asincronic: ",{"t":"idOrVar","v":"async"}]},{"$i":"call-forwarding-data","$v":["Data: ",{"t":"idOrVar","v":"data"}]},{"$i":"call-forwarding-error","$v":"A apărut o eroare la preluarea statusului de redirecționare a apelurilor"},{"$i":"call-forwarding-fax","$v":["FAX: ",{"t":"idOrVar","v":"fax"}]},{"$i":"call-forwarding-inactive","$v":"Inactiv"},{"$i":"call-forwarding-packet","$v":["Pachet: ",{"t":"idOrVar","v":"packet"}]},{"$i":"call-forwarding-pad","$v":["PAD: ",{"t":"idOrVar","v":"pad"}]},{"$i":"call-forwarding-sms","$v":["SMS: ",{"t":"idOrVar","v":"sms"}]},{"$i":"call-forwarding-status","$v":"Status de redirecționare a apelurilor"},{"$i":"call-forwarding-sync","$v":["Sincronic: ",{"t":"idOrVar","v":"sync"}]},{"$i":"call-forwarding-voice","$v":["Voce: ",{"t":"idOrVar","v":"voice"}]},{"$i":"close","$v":"Close"},{"$i":"confirm-deletion","$v":"Cureți apelurile selectate?"},{"$i":"contacts","ariaLabel":"Contacts"},{"$i":"createNewContact","$v":"Crează contact nou"},{"$i":"delete","$v":"Delete"},{"$i":"deselectAll","$v":"Deselectează tot"},{"$i":"dialerAddContact","ariaLabel":"Add contact"},{"$i":"dialerAddContactDialog","ariaLabel":"Add Contact Dialog"},{"$i":"callInformation","$v":"Call Information"},{"$i":"edit-selected","$v":{"one":[{"t":"idOrVar","v":"n"}," selectate"],"two":[{"t":"idOrVar","v":"n"}," selectate"],"few":[{"t":"idOrVar","v":"n"}," selectate"],"many":[{"t":"idOrVar","v":"n"}," selectate"],"other":[{"t":"idOrVar","v":"n"}," selectate"]},"$x":[{"t":"idOrVar","v":"plural"},"n"]},{"$i":"edit","$v":"Editează"},{"$i":"hideKeypad","ariaLabel":"Hide keypad"},{"$i":"ignore","$v":"Ignoră apelul"},{"$i":"incoming","$v":"Primite"},{"$i":"keypad","ariaLabel":"Keypad"},{"$i":"makeCall","ariaLabel":"Make call"},{"$i":"merge","ariaLabel":"Merge"},{"$i":"info-missed","$v":"Missed"},{"$i":"missed","$v":"Missed","ariaLabel":"Missed"},{"$i":"canceled","$v":"Canceled"},{"$i":"missedCall","$v":"Apel pierdut"},{"$i":"missedCallMultiSims","$v":["(SIM ",{"t":"idOrVar","v":"n"},") Apel pierdut"]},{"$i":"mmi-error","$v":"A intervenit o eroare la trimiterea mesajului"},{"$i":"mmi-session-expired","$v":"Sesiune expirată"},{"$i":"mmi-successfully-sent","$v":"Mesaj trimis cu succes"},{"$i":"mmi-notification-title-with-sim","$v":["(",{"t":"idOrVar","v":"sim"},") ",{"t":"idOrVar","v":"title"}]},{"$i":"mute","ariaLabel":"Mute"},{"$i":"newCall","ariaLabel":"New call"},{"$i":"no-logs-msg-1","$v":"Niciun apel înregistrat"},{"$i":"no-logs-msg-2","$v":"Începe comunicarea acum"},{"$i":"no-logs-msg-3","$v":"Niciun apel pierdut"},{"$i":"onHoldOption","ariaLabel":"On hold"},{"$i":"outgoing","$v":"Outgoing"},{"$i":"recents","ariaLabel":"Recent calls"},{"$i":"reply","$v":"Răspunde"},{"$i":"selectAll","$v":"Selectează tot"},{"$i":"send","$v":"Trimite"},{"$i":"switch-calls","$v":"Comută apelurile"},{"$i":"today","$v":"Astăzi"},{"$i":"withheld-number","$v":"Număr ascuns"},{"$i":"from-contact","$v":["De la ",{"t":"idOrVar","v":"contact"}]},{"$i":"from-number","$v":["De la ",{"t":"idOrVar","v":"number"}]},{"$i":"from-withheld-number","$v":"De la număr ascuns"},{"$i":"yesterday","$v":"Ieri"},{"$i":"sending","$v":"Se trimite…"},{"$i":"speakerOption","ariaLabel":"Speaker"},{"$i":"ussd-services","$v":["Servicii ",{"t":"idOrVar","v":"operator"}]},{"$i":"toggleKeypad","ariaLabel":"Comută tastatura"},{"$i":"type-your-response","placeholder":"Tastează răspunsul…"},{"$i":"clear-all-text","$v":"Curăță tot textul"},{"$i":"hide","$v":"Ascunde"},{"$i":"call","$v":"Apelează"},{"$i":"hold","ariaLabel":"În așteptare"},{"$i":"resume","$v":"Resume","ariaLabel":"Resume"},{"$i":"sendSms","$v":"Trimite mesaj"},{"$i":"callEnded","$v":"Apel încheiat"},{"$i":"via-sim","$v":["via SIM",{"t":"idOrVar","v":"n"}]},{"$i":"sim-number","$v":["SIM",{"t":"idOrVar","v":"n"}]},{"$i":"unknown","$v":"Unknown"},{"$i":"cancel","$v":"Renunță"},{"$i":"hangup-a11y-button","ariaLabel":"Închide"},{"$i":"pickup-a11y-button","ariaLabel":"Ridică"},{"$i":"unlock-a11y-button","ariaLabel":"Glisor"},{"$i":"settings","$v":"Setări"},{"$i":"delete-n-log?","$v":{"zero":"Nimic selectat","one":"Ștergi jurnalul selectat?","two":["Ștergi ",{"t":"idOrVar","v":"n"}," jurnale?"],"few":["Ștergi ",{"t":"idOrVar","v":"n"}," jurnale?"],"many":["Ștergi ",{"t":"idOrVar","v":"n"}," jurnale?"],"other":["Ștergi ",{"t":"idOrVar","v":"n"}," jurnale?"]},"$x":[{"t":"idOrVar","v":"plural"},"n"]},{"$i":"callDurationMinutes","$v":[{"t":"idOrVar","v":"m"},":",{"t":"idOrVar","v":"s"}]},{"$i":"callDurationHours","$v":[{"t":"idOrVar","v":"h"},":",{"t":"idOrVar","v":"m"},":",{"t":"idOrVar","v":"s"}]},{"$i":"callDurationTextFormatSeconds","$v":[{"t":"idOrVar","v":"s"}," s"]},{"$i":"callDurationTextFormatMinutes","$v":[{"t":"idOrVar","v":"m"}," m ",{"t":"idOrVar","v":"s"}," s"]},{"$i":"callDurationTextFormatHours","$v":[{"t":"idOrVar","v":"h"}," h ",{"t":"idOrVar","v":"m"}," m ",{"t":"idOrVar","v":"s"}," s"]},{"$i":"suggestionMatches","$v":{"one":[{"t":"idOrVar","v":"n"}," rezultat pentru „",{"t":"idOrVar","v":"matchNumber"},"”"],"two":[{"t":"idOrVar","v":"n"}," rezultate pentru „",{"t":"idOrVar","v":"matchNumber"},"”"],"few":[{"t":"idOrVar","v":"n"}," rezultate pentru „",{"t":"idOrVar","v":"matchNumber"},"”"],"many":[{"t":"idOrVar","v":"n"}," rezultate pentru „",{"t":"idOrVar","v":"matchNumber"},"”"],"other":[{"t":"idOrVar","v":"n"}," rezultate pentru „",{"t":"idOrVar","v":"matchNumber"},"”"]},"$x":[{"t":"idOrVar","v":"plural"},"n"]},{"$i":"scCallBarring","$v":"Blocarea apelurilor"},{"$i":"scCallForwarding","$v":"Redirect. apeluri"},{"$i":"scClip","$v":"ID-ul de intrare al apelantului"},{"$i":"scClir","$v":"ID-ul de ieșire al apelantului"},{"$i":"scPwd","$v":"Schimbarea parolei"},{"$i":"scCallWaiting","$v":"Apel în așteptare"},{"$i":"scPin","$v":"Schimbarea codului PIN"},{"$i":"scPin2","$v":"Schimbarea codului PIN2"},{"$i":"scPuk","$v":"Deblochează codul PIN"},{"$i":"scPuk2","$v":"Deblochează codul PIN2"},{"$i":"scImei","$v":"Cod IMEI"},{"$i":"scUssd","$v":"USSD"},{"$i":"serviceClassVoice","$v":"Voce"},{"$i":"serviceClassData","$v":"Date"},{"$i":"serviceClassFax","$v":"FAX"},{"$i":"serviceClassSms","$v":"SMS"},{"$i":"serviceClassDataSync","$v":"Sincronic"},{"$i":"serviceClassDataAsync","$v":"Asincronic"},{"$i":"serviceClassPacket","$v":"Pachet"},{"$i":"serviceClassPad","$v":"PAD"},{"$i":"smServiceEnabled","$v":"Serviciul a fost activat"},{"$i":"smServiceDisabled","$v":"Serviciul a fost dezactivat"},{"$i":"smServiceRegistered","$v":"Înregistrarea s-a efectuat cu succes"},{"$i":"smServiceErased","$v":"Ștergerea s-a efectuat cu succes"},{"$i":"smServiceInterrogated","$v":"Cerere realizată cu succes"},{"$i":"smServiceNotProvisioned","$v":"Serviciu neaprovizionat"},{"$i":"smClirPermanent","$v":"Nu poți schimba setarea ID-ului pentru apelant"},{"$i":"smClirDefaultOnNextCallOn","$v":"ID-ul apelantului este implicit restricționat. Următorul apel: restricționat."},{"$i":"smClirDefaultOnNextCallOff","$v":"ID-ul apelantului este implicit restricționat. Următorul apel: nerestricționat."},{"$i":"smClirDefaultOffNextCallOn","$v":"ID-ul apelantului este implicit nerestricționat. Următorul apel: restricționat."},{"$i":"smClirDefaultOffNextCallOff","$v":"ID-ul apelantului este implicit nerestricționat. Următorul apel: nerestricționat."},{"$i":"smServiceEnabledFor","$v":"Serviciul a fost activat pentru:"},{"$i":"smPinChanged","$v":"Codul PIN schimbat cu succes"},{"$i":"smPinUnblocked","$v":"Codul PIN deblocat cu succes"},{"$i":"smPin2Changed","$v":"Codul PIN2 schimbat cu succes"},{"$i":"smPin2Unblocked","$v":"Codul PIN2 deblocat cu succes"},{"$i":"ServiceIsEnabled","$v":"Service is enabled"},{"$i":"ServiceIsDisabled","$v":"Service is disabled"},{"$i":"ServiceIsEnabledFor","$v":"Service is enabled for:"},{"$i":"emMmiError","$v":"Problemă la conexiune sau cod MMI invalid"},{"$i":"emMmiErrorPasswordIncorrect","$v":"Parolă incorectă"},{"$i":"emMmiErrorNotSupported","$v":"Cod MMI invalid sau nesuportat"},{"$i":"emMmiErrorInvalidAction","$v":"Acțiune invalidă"},{"$i":"emMmiErrorInvalidScCode","$v":"Cod de serviciu invalid"},{"$i":"emMmiErrorBadPuk","$v":"Codul PUK introdus este incorect"},{"$i":"emMmiErrorBadPin","$v":"Codul PIN vechi introdus nu este corect."},{"$i":"emMmiErrorNeedPuk2","$v":"Tastează codul PUK2 pentru a debloca cartela SIM"},{"$i":"emMmiErrorMismatchPin","$v":"Codurile PIN tastate nu se potrivesc"},{"$i":"emMmiErrorInvalidPin","$v":"Tastează un cod PIN între 4 și 8 numere"},{"$i":"emMmiErrorNeedsPuk","$v":"Cartela ta SIM este blocată în PUK"},{"$i":"emMmiErrorEnablePin","$v":"Fără succes. Activează blocarea SIM/RUIM"},{"$i":"emMmiErrorMmiFdn","$v":"Operația este restricționată doar apelării numerelor fixe"},{"$i":"emMmiErrorStkCcUssdDial","$v":"Cererea USD este modificată în cerere DIAL"},{"$i":"emMmiErrorStkCcUssdSs","$v":"Cererea USD este modificată în cerere SS"},{"$i":"emMmiErrorStkCcUssdUssd","$v":"Cererea USD este modificată într-o cerere nouă USSD"},{"$i":"emMmiErrorStkCcSsDial","$v":"Cererea SS este modificată în cerere DIAL"},{"$i":"emMmiErrorStkCcSsUssd","$v":"Cererea SS este modificată în cerere USSD"},{"$i":"emMmiErrorStkCcSsSs","$v":"Cererea SS este modificată într-o cerere nouă SS"},{"$i":"emMmiErrorPinPukAttempts","$v":{"one":["Doar ",{"t":"idOrVar","v":"n"}," încercare rămasă"],"two":[{"t":"idOrVar","v":"n"}," încercări rămase"],"few":[{"t":"idOrVar","v":"n"}," încercări rămase"],"many":[{"t":"idOrVar","v":"n"}," încercări rămase"],"other":[{"t":"idOrVar","v":"n"}," încercări rămase"]},"$x":[{"t":"idOrVar","v":"plural"},"n"]},{"$i":"emMmiErrorSimBlocked","$v":"Numărul maxim de încercări a fost depășit. Cartela SIM blocată"},{"$i":"RadioNotAvailable","$v":"Radio indisponibil"},{"$i":"GenericFailure","$v":"Eșec generic"},{"$i":"PasswordIncorrect","$v":"Parolă incorectă"},{"$i":"SimPin2","$v":"PIN2 pt. SIM"},{"$i":"SimPuk2","$v":"PUK2 pt. SIM"},{"$i":"RequestNotSupported","$v":"Cerere nesuportată"},{"$i":"OpNotAllowedDuringVoiceCall","$v":"Operație nepermisă în timpul unui apel vocal"},{"$i":"SmsSendFailRetry","$v":"Reîncercarea de trimitere a SMS-ului a eșuat"},{"$i":"SimAbsent","$v":"Cartelă SIM absentă"},{"$i":"SubscriptionNotAvailable","$v":"Abonarea indisponibilă"},{"$i":"ModeNotSupported","$v":"Mod nesuportat"},{"$i":"FdnCheckFailure","$v":"Verificarea Fdn a eșuat"},{"$i":"IllegalSimOrMe","$v":"Cartelă SIM sau ME ilegală"},{"$i":"DialModifiedToUssd","$v":"Apel modificat în USSD"},{"$i":"DialModifiedToSs","$v":"Apel modificat în SS"},{"$i":"DialModifiedToDial","$v":"Apel modificat în apel"},{"$i":"UssdModifiedToDial","$v":"USSD modificat în apel"},{"$i":"UssdModifiedToSs","$v":"USSD modificat în SS"},{"$i":"UssdModifiedToUssd","$v":"USSD modificat în USSD"},{"$i":"SsModifiedToDial","$v":"SS modificat în apel"},{"$i":"SsModifiedToUssd","$v":"SS modificat în USSD"},{"$i":"SsModifiedToSs","$v":"SS modificat în SS"},{"$i":"SubscriptionNotSupported","$v":"Abonare nesuportată"},{"$i":"InvalidParameter","$v":"Parametru invalid"},{"$i":"RejectedByRemote","$v":"Respins de la distanță"},{"$i":"conferenceCall","$v":["Conference (",{"t":"idOrVar","v":"n"},")"]},{"$i":"caller-left-call","$v":[{"t":"idOrVar","v":"caller"}," a abandonat apelul."]},{"$i":"conferenceAddError","$v":"Nu se pot contopi apelurile"},{"$i":"conferenceRemoveError","$v":"Nu se pot descontopi apelurile"},{"$i":"longDateFormat","$v":"%A, %e %B"},{"$i":"select-audio-sources","$v":"Selectează sursele audio"},{"$i":"bluetooth-handsfree-device","$v":"Dispozitiv handsfree Bluetooth"},{"$i":"receiver","$v":"Receptor"},{"$i":"speaker","$v":"Speaker"},{"$i":"voiceMail","$v":"Mesaj vocal"},{"$i":"weekday-0-long","$v":"duminică"},{"$i":"weekday-1-long","$v":"luni"},{"$i":"weekday-2-long","$v":"marți"},{"$i":"weekday-3-long","$v":"miercuri"},{"$i":"weekday-4-long","$v":"joi"},{"$i":"weekday-5-long","$v":"vineri"},{"$i":"weekday-6-long","$v":"sâmbătă"},{"$i":"weekday-0-short","$v":"dum"},{"$i":"weekday-1-short","$v":"lun"},{"$i":"weekday-2-short","$v":"mar"},{"$i":"weekday-3-short","$v":"mie"},{"$i":"weekday-4-short","$v":"joi"},{"$i":"weekday-5-short","$v":"vin"},{"$i":"weekday-6-short","$v":"sâm"},{"$i":"month-0-long","$v":"ianuarie"},{"$i":"month-1-long","$v":"februarie"},{"$i":"month-2-long","$v":"martie"},{"$i":"month-3-long","$v":"aprilie"},{"$i":"month-4-long","$v":"mai"},{"$i":"month-5-long","$v":"iunie"},{"$i":"month-6-long","$v":"iulie"},{"$i":"month-7-long","$v":"august"},{"$i":"month-8-long","$v":"septembrie"},{"$i":"month-9-long","$v":"octombrie"},{"$i":"month-10-long","$v":"noiembrie"},{"$i":"month-11-long","$v":"decembrie"},{"$i":"month-0-genitive","$v":"ianuarie"},{"$i":"month-1-genitive","$v":"februarie"},{"$i":"month-2-genitive","$v":"martie"},{"$i":"month-3-genitive","$v":"aprilie"},{"$i":"month-4-genitive","$v":"mai"},{"$i":"month-5-genitive","$v":"iunie"},{"$i":"month-6-genitive","$v":"iulie"},{"$i":"month-7-genitive","$v":"august"},{"$i":"month-8-genitive","$v":"septembrie"},{"$i":"month-9-genitive","$v":"octombrie"},{"$i":"month-10-genitive","$v":"noiembrie"},{"$i":"month-11-genitive","$v":"decembrie"},{"$i":"month-0-short","$v":"ian"},{"$i":"month-1-short","$v":"feb"},{"$i":"month-2-short","$v":"mar"},{"$i":"month-3-short","$v":"apr"},{"$i":"month-4-short","$v":"mai"},{"$i":"month-5-short","$v":"iun"},{"$i":"month-6-short","$v":"iul"},{"$i":"month-7-short","$v":"aug"},{"$i":"month-8-short","$v":"sep"},{"$i":"month-9-short","$v":"oct"},{"$i":"month-10-short","$v":"noi"},{"$i":"month-11-short","$v":"dec"},{"$i":"minutes-ago-long","$v":{"zero":"chiar acum","one":"acum un minut","two":["acum ",{"t":"idOrVar","v":"value"}," minute"],"few":["acum ",{"t":"idOrVar","v":"value"}," minute"],"many":["acum ",{"t":"idOrVar","v":"value"}," minute"],"other":["acum ",{"t":"idOrVar","v":"value"}," minute"]},"$x":[{"t":"idOrVar","v":"plural"},"value"]},{"$i":"hours-ago-long","$v":{"zero":"chiar acum","one":"acum cu o oră","two":["acum ",{"t":"idOrVar","v":"value"}," ore"],"few":["acum ",{"t":"idOrVar","v":"value"}," ore"],"many":["acum ",{"t":"idOrVar","v":"value"}," ore"],"other":["acum ",{"t":"idOrVar","v":"value"}," ore"]},"$x":[{"t":"idOrVar","v":"plural"},"value"]},{"$i":"days-ago-long","$v":{"zero":"astăzi","one":"ieri","two":["acum ",{"t":"idOrVar","v":"value"}," zile"],"few":["acum ",{"t":"idOrVar","v":"value"}," zile"],"many":["acum ",{"t":"idOrVar","v":"value"}," zile"],"other":["acum ",{"t":"idOrVar","v":"value"}," zile"]},"$x":[{"t":"idOrVar","v":"plural"},"value"]},{"$i":"weeks-ago-long","$v":{"zero":"săptămâna aceasta","one":"săptămâna trecută","two":["acum ",{"t":"idOrVar","v":"value"}," săptămâni"],"few":["acum ",{"t":"idOrVar","v":"value"}," săptămâni"],"many":["acum ",{"t":"idOrVar","v":"value"}," săptămâni"],"other":["acum ",{"t":"idOrVar","v":"value"}," săptămâni"]},"$x":[{"t":"idOrVar","v":"plural"},"value"]},{"$i":"months-ago-long","$v":{"zero":"luna aceasta","one":"luna trecută","two":["acum ",{"t":"idOrVar","v":"value"}," luni"],"few":["acum ",{"t":"idOrVar","v":"value"}," luni"],"many":["acum ",{"t":"idOrVar","v":"value"}," luni"],"other":["acum ",{"t":"idOrVar","v":"value"}," luni"]},"$x":[{"t":"idOrVar","v":"plural"},"value"]},{"$i":"years-ago-long","$v":{"zero":"anul acesta","one":"anul trecut","two":["acum ",{"t":"idOrVar","v":"value"}," ani"],"few":["acum ",{"t":"idOrVar","v":"value"}," ani"],"many":["acum ",{"t":"idOrVar","v":"value"}," ani"],"other":["acum ",{"t":"idOrVar","v":"value"}," ani"]},"$x":[{"t":"idOrVar","v":"plural"},"value"]},{"$i":"minutes-until-long","$v":{"zero":"acum","one":"într-un minut","two":["în ",{"t":"idOrVar","v":"value"}," minute"],"few":["în ",{"t":"idOrVar","v":"value"}," minute"],"many":["în ",{"t":"idOrVar","v":"value"}," minute"],"other":["în ",{"t":"idOrVar","v":"value"}," minute"]},"$x":[{"t":"idOrVar","v":"plural"},"value"]},{"$i":"hours-until-long","$v":{"zero":"acum","one":"într-o oră","two":["în ",{"t":"idOrVar","v":"value"}," ore"],"few":["în ",{"t":"idOrVar","v":"value"}," ore"],"many":["în ",{"t":"idOrVar","v":"value"}," ore"],"other":["în ",{"t":"idOrVar","v":"value"}," ore"]},"$x":[{"t":"idOrVar","v":"plural"},"value"]},{"$i":"days-until-long","$v":{"zero":"astăzi","one":"mâine","two":["în ",{"t":"idOrVar","v":"value"}," zile"],"few":["în ",{"t":"idOrVar","v":"value"}," zile"],"many":["în ",{"t":"idOrVar","v":"value"}," zile"],"other":["în ",{"t":"idOrVar","v":"value"}," zile"]},"$x":[{"t":"idOrVar","v":"plural"},"value"]},{"$i":"weeks-until-long","$v":{"zero":"săptămâna aceasta","one":"săptămâna următoare","two":["în ",{"t":"idOrVar","v":"value"}," săptămâni"],"few":["în ",{"t":"idOrVar","v":"value"}," săptămâni"],"many":["în ",{"t":"idOrVar","v":"value"}," săptămâni"],"other":["în ",{"t":"idOrVar","v":"value"}," săptămâni"]},"$x":[{"t":"idOrVar","v":"plural"},"value"]},{"$i":"months-until-long","$v":{"zero":"luna aceasta","one":"luna următoare","two":["în ",{"t":"idOrVar","v":"value"}," luni"],"few":["în ",{"t":"idOrVar","v":"value"}," luni"],"many":["în ",{"t":"idOrVar","v":"value"}," luni"],"other":["în ",{"t":"idOrVar","v":"value"}," luni"]},"$x":[{"t":"idOrVar","v":"plural"},"value"]},{"$i":"years-until-long","$v":{"zero":"anul acesta","one":"anul următor","two":["în ",{"t":"idOrVar","v":"value"}," ani"],"few":["în ",{"t":"idOrVar","v":"value"}," ani"],"many":["în ",{"t":"idOrVar","v":"value"}," ani"],"other":["în ",{"t":"idOrVar","v":"value"}," ani"]},"$x":[{"t":"idOrVar","v":"plural"},"value"]},{"$i":"minutes-ago-short","$v":{"zero":"chiar acum","other":["acum ",{"t":"idOrVar","v":"value"}," min."]},"$x":[{"t":"idOrVar","v":"plural"},"value"]},{"$i":"hours-ago-short","$v":{"zero":"chiar acum","other":["acum ",{"t":"idOrVar","v":"value"},"h"]},"$x":[{"t":"idOrVar","v":"plural"},"value"]},{"$i":"days-ago-short","$v":{"zero":"astăzi","other":["acum ",{"t":"idOrVar","v":"value"},"z"]},"$x":[{"t":"idOrVar","v":"plural"},"value"]},{"$i":"minutes-until-short","$v":{"zero":"acum","other":["în ",{"t":"idOrVar","v":"value"},"m"]},"$x":[{"t":"idOrVar","v":"plural"},"value"]},{"$i":"hours-until-short","$v":{"zero":"acum","other":["în ",{"t":"idOrVar","v":"value"},"h"]},"$x":[{"t":"idOrVar","v":"plural"},"value"]},{"$i":"days-until-short","$v":{"zero":"astăzi","other":["în ",{"t":"idOrVar","v":"value"},"z"]},"$x":[{"t":"idOrVar","v":"plural"},"value"]},{"$i":"incorrectDate","$v":"(dată incorectă)"},{"$i":"dateTimeFormat_%c","$v":"%a, %e %b %Y %H:%M:%S"},{"$i":"dateTimeFormat_%x","$v":"%d/%m/%Y"},{"$i":"dateTimeFormat_%X","$v":"%H:%M:%S"},{"$i":"shortTimeFormat","$v":"%H:%M"},{"$i":"shortTimeFormat12","$v":"%H:%M"},{"$i":"shortTimeFormat24","$v":"%H:%M"},{"$i":"shortDateTimeFormat","$v":"%x %H:%M"},{"$i":"weekStartsOnMonday","$v":"0"},{"$i":"firstDayOfTheWeek","$v":"0"},{"$i":"time_am","$v":"AM"},{"$i":"time_pm","$v":"PM"},{"$i":"label","$v":"Label"},{"$i":"mobile","$v":"Mobile"},{"$i":"home","$v":"Home"},{"$i":"work","$v":"Work"},{"$i":"personal","$v":"Personal"},{"$i":"faxHome","$v":"Fax home"},{"$i":"faxOffice","$v":"Fax office"},{"$i":"faxOther","$v":"Fax other"},{"$i":"another","$v":"Another"},{"$i":"other","$v":"Other"},{"$i":"customTag","placeholder":"Custom tag"},{"$i":"current","$v":"Current"},{"$i":"itemWithLabel","$v":[{"t":"idOrVar","v":"label"},", ",{"t":"idOrVar","v":"item"}]},{"$i":"airplaneMode","$v":"Airplane mode"},{"$i":"searching","$v":"Searching…"},{"$i":"noNetwork","$v":"No network"},{"$i":"roaming","$v":[{"t":"idOrVar","v":"operator"}," (Roaming)"]},{"$i":"operator-info","$v":[{"t":"idOrVar","v":"carrier"}," ",{"t":"idOrVar","v":"region"}]},{"$i":"emergencyCallsOnly","$v":"Emergency calls only"},{"$i":"emergencyCallsOnly-unknownSIMState","$v":"(unknown SIM state)"},{"$i":"emergencyCallsOnly-noSIM","$v":"(no SIM)"},{"$i":"emergencyCallsOnly-pinRequired","$v":"(SIM PIN required)"},{"$i":"emergencyCallsOnly-pukRequired","$v":"(SIM PUK required)"},{"$i":"emergencyCallsOnly-networkLocked","$v":"(network locked)"},{"$i":"emergencyCallsOnly-serviceProviderLocked","$v":"(service provider locked)"},{"$i":"emergencyCallsOnly-corporateLocked","$v":"(corporate locked)"},{"$i":"emergencyCallsOnly-network1Locked","$v":"(network1 blocat)"},{"$i":"emergencyCallsOnly-network2Locked","$v":"(network2 blocat)"},{"$i":"emergencyCallsOnly-hrpdNetworkLocked","$v":"(hrpd network locked)"},{"$i":"emergencyCallsOnly-ruimCorporateLocked","$v":"(corporație ruim blocată)"},{"$i":"emergencyCallsOnly-ruimServiceProviderLocked","$v":"(furnizor de servicii ruim blocat)"},{"$i":"lockscreen-sim-id","$v":["SIM ",{"t":"idOrVar","v":"n"}]},{"$i":"charging-status-no-time","$v":[{"t":"idOrVar","v":"level"},"% Charged"]},{"$i":"charging-status-minutes","$v":{"zero":[{"t":"idOrVar","v":"level"},"% Charged (",{"t":"idOrVar","v":"minutes"}," mins remaining)"],"one":[{"t":"idOrVar","v":"level"},"% Charged (",{"t":"idOrVar","v":"minutes"}," min remaining)"],"two":[{"t":"idOrVar","v":"level"},"% Charged (",{"t":"idOrVar","v":"minutes"}," mins remaining)"],"few":[{"t":"idOrVar","v":"level"},"% Charged (",{"t":"idOrVar","v":"minutes"}," mins remaining)"],"many":[{"t":"idOrVar","v":"level"},"% Charged (",{"t":"idOrVar","v":"minutes"}," mins remaining)"],"other":[{"t":"idOrVar","v":"level"},"% Charged (",{"t":"idOrVar","v":"minutes"}," mins remaining)"]},"$x":[{"t":"idOrVar","v":"plural"},"minutes"]},{"$i":"charging-status-hours","$v":{"zero":[{"t":"idOrVar","v":"level"},"% Charged (",{"t":"idOrVar","v":"hours"},"h ",{"t":"idOrVar","v":"minutes"}," mins remaining)"],"one":[{"t":"idOrVar","v":"level"},"% Charged (",{"t":"idOrVar","v":"hours"},"h ",{"t":"idOrVar","v":"minutes"}," min remaining)"],"two":[{"t":"idOrVar","v":"level"},"% Charged (",{"t":"idOrVar","v":"hours"},"h ",{"t":"idOrVar","v":"minutes"}," mins remaining)"],"few":[{"t":"idOrVar","v":"level"},"% Charged (",{"t":"idOrVar","v":"hours"},"h ",{"t":"idOrVar","v":"minutes"}," mins remaining)"],"many":[{"t":"idOrVar","v":"level"},"% Charged (",{"t":"idOrVar","v":"hours"},"h ",{"t":"idOrVar","v":"minutes"}," mins remaining)"],"other":[{"t":"idOrVar","v":"level"},"% Charged (",{"t":"idOrVar","v":"hours"},"h ",{"t":"idOrVar","v":"minutes"}," mins remaining)"]},"$x":[{"t":"idOrVar","v":"plural"},"minutes"]},{"$i":"phoneNumberInput","ariaLabel":"Phone number"},{"$i":"keypadDelete","ariaLabel":"Șterge"},{"$i":"voiceMailKey","ariaLabel":"Voicemail"},{"$i":"asterisk","ariaLabel":"Asterisk"},{"$i":"hashSign","ariaLabel":"Hash sign"},{"$i":"loadingSimContacts","$v":"Loading SIM card contacts…"},{"$i":"noContactsWereFound","$v":"No contacts were found"},{"$i":"noContactsFoundDialogOk","$v":"OK"},{"$i":"emergencyNumber","$v":"Emergency number"},{"$i":"callAirplaneModeMessage","$v":"To make a call you need to disable airplane mode in settings."},{"$i":"callAirplaneModeBtnOk","$v":"Ok"},{"$i":"callAirplaneModeTitle","$v":"Airplane mode activated"},{"$i":"numberIsBusyTitle","$v":"Number is busy"},{"$i":"numberIsBusyMessage","$v":"The number is currently busy. Please try again later."},{"$i":"fdnIsActiveTitle","$v":"FDN active"},{"$i":"fdnIsActiveMessage","$v":["FDN (Numere de apelare fixă) este activat și următorul număr nu este în lista FDN: ",{"t":"idOrVar","v":"numbers"}]},{"$i":"emergencyDialogBodyBadNumber","$v":"To make a call, the phone must be connected to a network."},{"$i":"emergencyDialogBodyDeviceNotAccepted","$v":"Emergency calls are not allowed by the network."},{"$i":"emergencyDialogBtnOk","$v":"Ok"},{"$i":"emergencyDialogTitle","$v":"No network connection"},{"$i":"invalidNumberToDialTitle","$v":"Invalid phone number"},{"$i":"invalidNumberToDialMessage","$v":"The phone number you are calling is not valid."},{"$i":"unableToCallTitle","$v":"Unable to make a phone call now"},{"$i":"unableToCallMessage","$v":"Cannot make a call. If you are already dialing, please hang up first."},{"$i":"otherConnectionInUseTitle","$v":"Other connection in use"},{"$i":"otherConnectionInUseMessage","$v":"You have an active call on another connection. You can only use one connection at a time."}]