[{"$i":"addNewNumber","$v":"Добавить новый номер"},{"$i":"contactDetails","$v":"Параметры контакта"},{"$i":"addToExistingContact","$v":"Добавить в имеющийся контакт"},{"$i":"all","$v":"Все","ariaLabel":"Все"},{"$i":"bluetoothOption","ariaLabel":"Bluetooth"},{"$i":"callLog","$v":"Журнал звонков"},{"$i":"callLogEdit","title":"Изменить журнал звонков"},{"$i":"callLogEditDialog","ariaLabel":"Диалог изменения журнала звонков"},{"$i":"connecting","$v":"Соединяюсь"},{"$i":"connectingEllipsis","$v":"Соединение…"},{"$i":"call-forwarding-async","$v":["Асинхронный: ",{"t":"idOrVar","v":"async"}]},{"$i":"call-forwarding-data","$v":["Данные: ",{"t":"idOrVar","v":"data"}]},{"$i":"call-forwarding-error","$v":"При получении статуса переадресации произошла ошибка"},{"$i":"call-forwarding-fax","$v":["ФАКС: ",{"t":"idOrVar","v":"fax"}]},{"$i":"call-forwarding-inactive","$v":"Неактивен"},{"$i":"call-forwarding-packet","$v":["Пакет: ",{"t":"idOrVar","v":"packet"}]},{"$i":"call-forwarding-pad","$v":["PAD: ",{"t":"idOrVar","v":"pad"}]},{"$i":"call-forwarding-sms","$v":["SMS: ",{"t":"idOrVar","v":"sms"}]},{"$i":"call-forwarding-status","$v":"Статус переадресации"},{"$i":"call-forwarding-sync","$v":["Синхронный: ",{"t":"idOrVar","v":"sync"}]},{"$i":"call-forwarding-voice","$v":["Голос: ",{"t":"idOrVar","v":"voice"}]},{"$i":"close","$v":"Закрыть"},{"$i":"confirm-deletion","$v":"Удалить выделенные звонки?"},{"$i":"contacts","ariaLabel":"Контакты"},{"$i":"createNewContact","$v":"Создать новый контакт"},{"$i":"delete","$v":"Удалить"},{"$i":"deselectAll","$v":"Снять со всех"},{"$i":"dialerAddContact","ariaLabel":"Добавить контакт"},{"$i":"dialerAddContactDialog","ariaLabel":"Диалог добавления контакта"},{"$i":"callInformation","$v":"Сведения о звонке"},{"$i":"edit-selected","$v":{"one":[{"t":"idOrVar","v":"n"}," выбран"],"two":[{"t":"idOrVar","v":"n"}," выбрано"],"few":[{"t":"idOrVar","v":"n"}," выбрано"],"many":[{"t":"idOrVar","v":"n"}," выбрано"],"other":[{"t":"idOrVar","v":"n"}," выбрано"]},"$x":[{"t":"idOrVar","v":"plural"},"n"]},{"$i":"edit","$v":"Правка"},{"$i":"hideKeypad","ariaLabel":"Скрыть панель кнопок"},{"$i":"ignore","$v":"Игнорировать звонок"},{"$i":"incoming","$v":"Входящие"},{"$i":"keypad","ariaLabel":"Панель кнопок"},{"$i":"makeCall","ariaLabel":"Сделать вызов"},{"$i":"merge","ariaLabel":"Слить"},{"$i":"info-missed","$v":"Пропущенный"},{"$i":"missed","$v":"Пропущенный","ariaLabel":"Пропущенный"},{"$i":"canceled","$v":"Отмененный"},{"$i":"missedCall","$v":"Пропущенный звонок"},{"$i":"missedCallMultiSims","$v":["(SIM ",{"t":"idOrVar","v":"n"},") Пропущенный звонок"]},{"$i":"mmi-error","$v":"При отправке сообщения произошла ошибка"},{"$i":"mmi-session-expired","$v":"Сессия истекла"},{"$i":"mmi-successfully-sent","$v":"Сообщение успешно отправлено"},{"$i":"mmi-notification-title-with-sim","$v":["(",{"t":"idOrVar","v":"sim"},") ",{"t":"idOrVar","v":"title"}]},{"$i":"mute","ariaLabel":"Убрать звук"},{"$i":"newCall","ariaLabel":"Новый вызов"},{"$i":"no-logs-msg-1","$v":"Звонков не было"},{"$i":"no-logs-msg-2","$v":"Начните общаться прямо сейчас"},{"$i":"no-logs-msg-3","$v":"Нет пропущенных звонков"},{"$i":"onHoldOption","ariaLabel":"В режиме удержания"},{"$i":"outgoing","$v":"Исходящие"},{"$i":"recents","ariaLabel":"Последние звонки"},{"$i":"reply","$v":"Перезвонить"},{"$i":"selectAll","$v":"Выделить всё"},{"$i":"send","$v":"Послать"},{"$i":"switch-calls","$v":"Переключить звонки"},{"$i":"today","$v":"Сегодня"},{"$i":"withheld-number","$v":"Подавленный номер"},{"$i":"from-contact","$v":["От ",{"t":"idOrVar","v":"contact"}]},{"$i":"from-number","$v":["С ",{"t":"idOrVar","v":"number"}]},{"$i":"from-withheld-number","$v":"С подавленного номера"},{"$i":"yesterday","$v":"Вчера"},{"$i":"sending","$v":"Отправка..."},{"$i":"speakerOption","ariaLabel":"Спикер"},{"$i":"ussd-services","$v":["службы ",{"t":"idOrVar","v":"operator"}]},{"$i":"toggleKeypad","ariaLabel":"Переключить панель кнопок"},{"$i":"type-your-response","placeholder":"Наберите ваш ответ..."},{"$i":"clear-all-text","$v":"Очистить весь текст"},{"$i":"hide","$v":"Скрыть"},{"$i":"call","$v":"Позвонить"},{"$i":"hold","ariaLabel":"Удерживать"},{"$i":"resume","$v":"Возобновить","ariaLabel":"Возобновить"},{"$i":"sendSms","$v":"Послать сообщение"},{"$i":"callEnded","$v":"Звонок завершён"},{"$i":"via-sim","$v":["через SIM",{"t":"idOrVar","v":"n"}]},{"$i":"sim-number","$v":["SIM",{"t":"idOrVar","v":"n"}]},{"$i":"unknown","$v":"Неизвестный"},{"$i":"cancel","$v":"Отмена"},{"$i":"hangup-a11y-button","ariaLabel":"Повесить трубку"},{"$i":"pickup-a11y-button","ariaLabel":"Снять трубку"},{"$i":"unlock-a11y-button","ariaLabel":"Слайдер"},{"$i":"settings","$v":"Настройки"},{"$i":"delete-n-log?","$v":{"zero":"Ничего не выбрано","one":"Удалить выбранный лог?","two":["Удалить ",{"t":"idOrVar","v":"n"}," лога?"],"few":["Удалить ",{"t":"idOrVar","v":"n"}," лога?"],"many":["Удалить ",{"t":"idOrVar","v":"n"}," логов?"],"other":["Удалить ",{"t":"idOrVar","v":"n"}," логов?"]},"$x":[{"t":"idOrVar","v":"plural"},"n"]},{"$i":"callDurationMinutes","$v":[{"t":"idOrVar","v":"m"},":",{"t":"idOrVar","v":"s"}]},{"$i":"callDurationHours","$v":[{"t":"idOrVar","v":"h"},":",{"t":"idOrVar","v":"m"},":",{"t":"idOrVar","v":"s"}]},{"$i":"callDurationTextFormatSeconds","$v":[{"t":"idOrVar","v":"s"}," с"]},{"$i":"callDurationTextFormatMinutes","$v":[{"t":"idOrVar","v":"m"}," м ",{"t":"idOrVar","v":"s"}," с"]},{"$i":"callDurationTextFormatHours","$v":[{"t":"idOrVar","v":"h"}," ч ",{"t":"idOrVar","v":"m"}," м ",{"t":"idOrVar","v":"s"}," с"]},{"$i":"suggestionMatches","$v":{"one":[{"t":"idOrVar","v":"n"}," подходящий под \"",{"t":"idOrVar","v":"matchNumber"},"\""],"two":[{"t":"idOrVar","v":"n"}," подходящих под \"",{"t":"idOrVar","v":"matchNumber"},"\""],"few":[{"t":"idOrVar","v":"n"}," подходящих под \"",{"t":"idOrVar","v":"matchNumber"},"\""],"many":[{"t":"idOrVar","v":"n"}," подходящих под \"",{"t":"idOrVar","v":"matchNumber"},"\""],"other":[{"t":"idOrVar","v":"n"}," подходящих под \"",{"t":"idOrVar","v":"matchNumber"},"\""]},"$x":[{"t":"idOrVar","v":"plural"},"n"]},{"$i":"scCallBarring","$v":"Запрет вызова"},{"$i":"scCallForwarding","$v":"Переадресация"},{"$i":"scClip","$v":"АОН (вход.)"},{"$i":"scClir","$v":"АОН (исх.)"},{"$i":"scPwd","$v":"Смена пароля"},{"$i":"scCallWaiting","$v":"Ожидание вызова"},{"$i":"scPin","$v":"Смена PIN"},{"$i":"scPin2","$v":"Смена PIN2"},{"$i":"scPuk","$v":"Разбл. PIN"},{"$i":"scPuk2","$v":"Разбл. PIN2"},{"$i":"scImei","$v":"IMEI"},{"$i":"scUssd","$v":"USSD"},{"$i":"serviceClassVoice","$v":"Голос"},{"$i":"serviceClassData","$v":"Данные"},{"$i":"serviceClassFax","$v":"ФАКС"},{"$i":"serviceClassSms","$v":"SMS"},{"$i":"serviceClassDataSync","$v":"Синхронные"},{"$i":"serviceClassDataAsync","$v":"Асинхронные"},{"$i":"serviceClassPacket","$v":"Пакет"},{"$i":"serviceClassPad","$v":"PAD"},{"$i":"smServiceEnabled","$v":"Сервис был включён"},{"$i":"smServiceDisabled","$v":"Сервис был отключён"},{"$i":"smServiceRegistered","$v":"Регистрация прошла успешно"},{"$i":"smServiceErased","$v":"Стирание прошло успешно"},{"$i":"smServiceInterrogated","$v":"Запрос был успешен"},{"$i":"smServiceNotProvisioned","$v":"Сервис не предоставляется"},{"$i":"smClirPermanent","$v":"Вы не можете изменить параметр определения вашего номера"},{"$i":"smClirDefaultOnNextCallOn","$v":"Определение вашего номера по умолчанию заблокировано. Следующий вызов: Заблокировано"},{"$i":"smClirDefaultOnNextCallOff","$v":"Определение вашего номера по умолчанию заблокировано. Следующий вызов: Не заблокировано"},{"$i":"smClirDefaultOffNextCallOn","$v":"Определение вашего номера по умолчанию не заблокировано. Следующий вызов: Заблокировано"},{"$i":"smClirDefaultOffNextCallOff","$v":"Определение вашего номера по умолчанию не заблокировано. Следующий вызов: Не заблокировано"},{"$i":"smServiceEnabledFor","$v":"Сервис был включён для:"},{"$i":"smPinChanged","$v":"PIN успешно изменён"},{"$i":"smPinUnblocked","$v":"PIN успешно разблокирован"},{"$i":"smPin2Changed","$v":"PIN2 успешно изменён"},{"$i":"smPin2Unblocked","$v":"PIN2 успешно разблокирован"},{"$i":"ServiceIsEnabled","$v":"Сервис включён"},{"$i":"ServiceIsDisabled","$v":"Сервис отключён"},{"$i":"ServiceIsEnabledFor","$v":"Сервис включён для:"},{"$i":"emMmiError","$v":"Проблема с соединением или некорректный код MMI"},{"$i":"emMmiErrorPasswordIncorrect","$v":"Неверный пароль"},{"$i":"emMmiErrorNotSupported","$v":"Некорректный или неподдерживаемый код MMI"},{"$i":"emMmiErrorInvalidAction","$v":"Некорректное действие"},{"$i":"emMmiErrorInvalidScCode","$v":"Некорректный код сервиса"},{"$i":"emMmiErrorBadPuk","$v":"Вы набрали неправильный PUK"},{"$i":"emMmiErrorBadPin","$v":"Вы набрали неправильный старый PIN."},{"$i":"emMmiErrorNeedPuk2","$v":"Для разблокировки SIM-карты наберите PUK2"},{"$i":"emMmiErrorMismatchPin","$v":"Набранные вами PINы не совпадают"},{"$i":"emMmiErrorInvalidPin","$v":"Наберите PIN длиной от 4 до 8 цифр"},{"$i":"emMmiErrorNeedsPuk","$v":"Ваша SIM-карта заблокирована через PUK"},{"$i":"emMmiErrorEnablePin","$v":"Неудачно. Включите SIM/RUIM LOCK"},{"$i":"emMmiErrorMmiFdn","$v":"Разрешено только производить набор номеров из заданного списка"},{"$i":"emMmiErrorStkCcUssdDial","$v":"Запрос USSD преобразован в запрос DIAL"},{"$i":"emMmiErrorStkCcUssdSs","$v":"Запрос USSD преобразован в запрос SS"},{"$i":"emMmiErrorStkCcUssdUssd","$v":"Запрос USSD преобразован в новый запрос USSD"},{"$i":"emMmiErrorStkCcSsDial","$v":"Запрос SS преобразован в запрос DIAL"},{"$i":"emMmiErrorStkCcSsUssd","$v":"Запрос SS преобразован в запрос USSD"},{"$i":"emMmiErrorStkCcSsSs","$v":"Запрос SS преобразован в новый запрос SS"},{"$i":"emMmiErrorPinPukAttempts","$v":{"one":["осталась ",{"t":"idOrVar","v":"n"}," попытка"],"two":["осталось ",{"t":"idOrVar","v":"n"}," попытки"],"few":["осталось ",{"t":"idOrVar","v":"n"}," попытки"],"many":["осталось ",{"t":"idOrVar","v":"n"}," попыток"],"other":["осталось ",{"t":"idOrVar","v":"n"}," попыток"]},"$x":[{"t":"idOrVar","v":"plural"},"n"]},{"$i":"emMmiErrorSimBlocked","$v":"Превышено максимальное число попыток. SIM заблокирована"},{"$i":"RadioNotAvailable","$v":"Радио не доступно"},{"$i":"GenericFailure","$v":"Общая ошибка"},{"$i":"PasswordIncorrect","$v":"Неверный пароль"},{"$i":"SimPin2","$v":"SIM PIN2"},{"$i":"SimPuk2","$v":"SIM PUK2"},{"$i":"RequestNotSupported","$v":"Запрос не поддерживается"},{"$i":"OpNotAllowedDuringVoiceCall","$v":"Во время голосового вызова операция не разрешена"},{"$i":"SmsSendFailRetry","$v":"Повтор отправки SMS после ошибки"},{"$i":"SimAbsent","$v":"Отсутствует SIM"},{"$i":"SubscriptionNotAvailable","$v":"Подписка недоступна"},{"$i":"ModeNotSupported","$v":"Режим не поддерживается"},{"$i":"FdnCheckFailure","$v":"Ошибка проверки Fdn"},{"$i":"IllegalSimOrMe","$v":"Нелегальный SIM или ME"},{"$i":"DialModifiedToUssd","$v":"Набор преобразован в USSD"},{"$i":"DialModifiedToSs","$v":"Набор преобразован в SS"},{"$i":"DialModifiedToDial","$v":"Набор преобразован в набор"},{"$i":"UssdModifiedToDial","$v":"USSD преобразован в набор"},{"$i":"UssdModifiedToSs","$v":"USSD преобразован в SS"},{"$i":"UssdModifiedToUssd","$v":"USSD преобразован в USSD"},{"$i":"SsModifiedToDial","$v":"SS преобразован в набор"},{"$i":"SsModifiedToUssd","$v":"SS преобразован в USSD"},{"$i":"SsModifiedToSs","$v":"SS преобразован в SS"},{"$i":"SubscriptionNotSupported","$v":"Подписка не поддерживается"},{"$i":"InvalidParameter","$v":"Некорректный параметр"},{"$i":"RejectedByRemote","$v":"Отклонено удалённо"},{"$i":"conferenceCall","$v":["Совещание (",{"t":"idOrVar","v":"n"},")"]},{"$i":"caller-left-call","$v":[{"t":"idOrVar","v":"caller"}," покинул совещание."]},{"$i":"conferenceAddError","$v":"Не удалось свести вызовы"},{"$i":"conferenceRemoveError","$v":"Не удалось развести вызовы"},{"$i":"longDateFormat","$v":"%A, %e %Eb"},{"$i":"select-audio-sources","$v":"Выберите источники аудио"},{"$i":"bluetooth-handsfree-device","$v":"Устройство громкой связи Bluetooth"},{"$i":"receiver","$v":"Телефон"},{"$i":"speaker","$v":"Спикер"},{"$i":"voiceMail","$v":"Голосовая почта"},{"$i":"weekday-0-long","$v":"Воскресенье"},{"$i":"weekday-1-long","$v":"Понедельник"},{"$i":"weekday-2-long","$v":"Вторник"},{"$i":"weekday-3-long","$v":"Среда"},{"$i":"weekday-4-long","$v":"Четверг"},{"$i":"weekday-5-long","$v":"Пятница"},{"$i":"weekday-6-long","$v":"Суббота"},{"$i":"weekday-0-short","$v":"Вс"},{"$i":"weekday-1-short","$v":"Пн"},{"$i":"weekday-2-short","$v":"Вт"},{"$i":"weekday-3-short","$v":"Ср"},{"$i":"weekday-4-short","$v":"Чт"},{"$i":"weekday-5-short","$v":"Пт"},{"$i":"weekday-6-short","$v":"Сб"},{"$i":"month-0-long","$v":"Январь"},{"$i":"month-1-long","$v":"Февраль"},{"$i":"month-2-long","$v":"Март"},{"$i":"month-3-long","$v":"Апрель"},{"$i":"month-4-long","$v":"Май"},{"$i":"month-5-long","$v":"Июнь"},{"$i":"month-6-long","$v":"Июль"},{"$i":"month-7-long","$v":"Август"},{"$i":"month-8-long","$v":"Сентябрь"},{"$i":"month-9-long","$v":"Октябрь"},{"$i":"month-10-long","$v":"Ноябрь"},{"$i":"month-11-long","$v":"Декабрь"},{"$i":"month-0-genitive","$v":"января"},{"$i":"month-1-genitive","$v":"февраля"},{"$i":"month-2-genitive","$v":"марта"},{"$i":"month-3-genitive","$v":"апреля"},{"$i":"month-4-genitive","$v":"мая"},{"$i":"month-5-genitive","$v":"июня"},{"$i":"month-6-genitive","$v":"июля"},{"$i":"month-7-genitive","$v":"августа"},{"$i":"month-8-genitive","$v":"сентября"},{"$i":"month-9-genitive","$v":"октября"},{"$i":"month-10-genitive","$v":"ноября"},{"$i":"month-11-genitive","$v":"декабря"},{"$i":"month-0-short","$v":"Январь"},{"$i":"month-1-short","$v":"Февраль"},{"$i":"month-2-short","$v":"Март"},{"$i":"month-3-short","$v":"Апрель"},{"$i":"month-4-short","$v":"Май"},{"$i":"month-5-short","$v":"Июнь"},{"$i":"month-6-short","$v":"Июль"},{"$i":"month-7-short","$v":"Август"},{"$i":"month-8-short","$v":"Сентябрь"},{"$i":"month-9-short","$v":"Октябрь"},{"$i":"month-10-short","$v":"Ноябрь"},{"$i":"month-11-short","$v":"Декабрь"},{"$i":"minutes-ago-long","$v":{"zero":"прямо сейчас","one":[{"t":"idOrVar","v":"value"}," минуту назад"],"two":[{"t":"idOrVar","v":"value"}," минуты назад"],"few":[{"t":"idOrVar","v":"value"}," минуты назад"],"many":[{"t":"idOrVar","v":"value"}," минут назад"],"other":[{"t":"idOrVar","v":"value"}," минут назад"]},"$x":[{"t":"idOrVar","v":"plural"},"value"]},{"$i":"hours-ago-long","$v":{"zero":"прямо сейчас","one":[{"t":"idOrVar","v":"value"}," час назад"],"two":[{"t":"idOrVar","v":"value"}," часа назад"],"few":[{"t":"idOrVar","v":"value"}," часа назад"],"many":[{"t":"idOrVar","v":"value"}," часов назад"],"other":[{"t":"idOrVar","v":"value"}," часов назад"]},"$x":[{"t":"idOrVar","v":"plural"},"value"]},{"$i":"days-ago-long","$v":{"zero":"сегодня","one":[{"t":"idOrVar","v":"value"}," день назад"],"two":[{"t":"idOrVar","v":"value"}," дня назад"],"few":[{"t":"idOrVar","v":"value"}," дня назад"],"many":[{"t":"idOrVar","v":"value"}," дней назад"],"other":[{"t":"idOrVar","v":"value"}," дней назад"]},"$x":[{"t":"idOrVar","v":"plural"},"value"]},{"$i":"weeks-ago-long","$v":{"zero":"эта неделя","one":[{"t":"idOrVar","v":"value"}," неделя назад"],"two":[{"t":"idOrVar","v":"value"}," недели назад"],"few":[{"t":"idOrVar","v":"value"}," недели назад"],"many":[{"t":"idOrVar","v":"value"}," недель назад"],"other":[{"t":"idOrVar","v":"value"}," недель назад"]},"$x":[{"t":"idOrVar","v":"plural"},"value"]},{"$i":"months-ago-long","$v":{"zero":"этот месяц","one":[{"t":"idOrVar","v":"value"}," месяц назад"],"two":[{"t":"idOrVar","v":"value"}," месяца назад"],"few":[{"t":"idOrVar","v":"value"}," месяца назад"],"many":[{"t":"idOrVar","v":"value"}," месяцев назад"],"other":[{"t":"idOrVar","v":"value"}," месяцев назад"]},"$x":[{"t":"idOrVar","v":"plural"},"value"]},{"$i":"years-ago-long","$v":{"zero":"этот год","one":[{"t":"idOrVar","v":"value"}," год назад"],"two":[{"t":"idOrVar","v":"value"}," года назад"],"few":[{"t":"idOrVar","v":"value"}," года назад"],"many":[{"t":"idOrVar","v":"value"}," лет назад"],"other":[{"t":"idOrVar","v":"value"}," лет назад"]},"$x":[{"t":"idOrVar","v":"plural"},"value"]},{"$i":"minutes-until-long","$v":{"zero":"сейчас","one":["через ",{"t":"idOrVar","v":"value"}," минуту"],"two":["через ",{"t":"idOrVar","v":"value"}," минуты"],"few":["через ",{"t":"idOrVar","v":"value"}," минуты"],"many":["через ",{"t":"idOrVar","v":"value"}," минут"],"other":["через ",{"t":"idOrVar","v":"value"}," минут"]},"$x":[{"t":"idOrVar","v":"plural"},"value"]},{"$i":"hours-until-long","$v":{"zero":"сейчас","one":["через ",{"t":"idOrVar","v":"value"}," час"],"two":["через ",{"t":"idOrVar","v":"value"}," часа"],"few":["через ",{"t":"idOrVar","v":"value"}," часа"],"many":["через ",{"t":"idOrVar","v":"value"}," часов"],"other":["через ",{"t":"idOrVar","v":"value"}," часов"]},"$x":[{"t":"idOrVar","v":"plural"},"value"]},{"$i":"days-until-long","$v":{"zero":"сегодня","one":["через ",{"t":"idOrVar","v":"value"}," день"],"two":["через ",{"t":"idOrVar","v":"value"}," дня"],"few":["через ",{"t":"idOrVar","v":"value"}," дня"],"many":["через ",{"t":"idOrVar","v":"value"}," дней"],"other":["через ",{"t":"idOrVar","v":"value"}," дней"]},"$x":[{"t":"idOrVar","v":"plural"},"value"]},{"$i":"weeks-until-long","$v":{"zero":"эта неделя","one":["через ",{"t":"idOrVar","v":"value"}," неделю"],"two":["через ",{"t":"idOrVar","v":"value"}," недели"],"few":["через ",{"t":"idOrVar","v":"value"}," недели"],"many":["через ",{"t":"idOrVar","v":"value"}," недель"],"other":["через ",{"t":"idOrVar","v":"value"}," недель"]},"$x":[{"t":"idOrVar","v":"plural"},"value"]},{"$i":"months-until-long","$v":{"zero":"этот месяц","one":["через ",{"t":"idOrVar","v":"value"}," месяц"],"two":["через ",{"t":"idOrVar","v":"value"}," месяца"],"few":["через ",{"t":"idOrVar","v":"value"}," месяца"],"many":["через ",{"t":"idOrVar","v":"value"}," месяцев"],"other":["через ",{"t":"idOrVar","v":"value"}," месяцев"]},"$x":[{"t":"idOrVar","v":"plural"},"value"]},{"$i":"years-until-long","$v":{"zero":"этот год","one":["через ",{"t":"idOrVar","v":"value"}," год"],"two":["через ",{"t":"idOrVar","v":"value"}," года"],"few":["через ",{"t":"idOrVar","v":"value"}," года"],"many":["через ",{"t":"idOrVar","v":"value"}," лет"],"other":["через ",{"t":"idOrVar","v":"value"}," лет"]},"$x":[{"t":"idOrVar","v":"plural"},"value"]},{"$i":"minutes-ago-short","$v":{"zero":"сейчас","other":[{"t":"idOrVar","v":"value"},"м назад"]},"$x":[{"t":"idOrVar","v":"plural"},"value"]},{"$i":"hours-ago-short","$v":{"zero":"сейчас","other":[{"t":"idOrVar","v":"value"},"ч назад"]},"$x":[{"t":"idOrVar","v":"plural"},"value"]},{"$i":"days-ago-short","$v":{"zero":"сегодня","other":[{"t":"idOrVar","v":"value"},"д назад"]},"$x":[{"t":"idOrVar","v":"plural"},"value"]},{"$i":"minutes-until-short","$v":{"zero":"сейчас","other":["через ",{"t":"idOrVar","v":"value"},"м"]},"$x":[{"t":"idOrVar","v":"plural"},"value"]},{"$i":"hours-until-short","$v":{"zero":"сейчас","other":["через ",{"t":"idOrVar","v":"value"},"ч"]},"$x":[{"t":"idOrVar","v":"plural"},"value"]},{"$i":"days-until-short","$v":{"zero":"сегодня","other":["через ",{"t":"idOrVar","v":"value"},"д"]},"$x":[{"t":"idOrVar","v":"plural"},"value"]},{"$i":"incorrectDate","$v":"(некорректная дата)"},{"$i":"dateTimeFormat_%c","$v":"%a, %e %Eb %Y, %H:%M:%S"},{"$i":"dateTimeFormat_%x","$v":"%d.%m.%Y"},{"$i":"dateTimeFormat_%X","$v":"%H:%M:%S"},{"$i":"shortTimeFormat","$v":"%H:%M"},{"$i":"shortTimeFormat12","$v":"%I:%M %p"},{"$i":"shortTimeFormat24","$v":"%H:%M"},{"$i":"shortDateTimeFormat","$v":"%x %H:%M"},{"$i":"weekStartsOnMonday","$v":"1"},{"$i":"firstDayOfTheWeek","$v":"1"},{"$i":"time_am","$v":"AM"},{"$i":"time_pm","$v":"PM"},{"$i":"label","$v":"Метка"},{"$i":"mobile","$v":"Мобильный"},{"$i":"home","$v":"Домашний"},{"$i":"work","$v":"Рабочий"},{"$i":"personal","$v":"Личный"},{"$i":"faxHome","$v":"Домашний факс"},{"$i":"faxOffice","$v":"Офисный факс"},{"$i":"faxOther","$v":"Другой факс"},{"$i":"another","$v":"Другой"},{"$i":"other","$v":"Прочий"},{"$i":"customTag","placeholder":"Другая метка"},{"$i":"current","$v":"Текущий"},{"$i":"itemWithLabel","$v":[{"t":"idOrVar","v":"label"},", ",{"t":"idOrVar","v":"item"}]},{"$i":"airplaneMode","$v":"Режим Полёта"},{"$i":"searching","$v":"Поиск…"},{"$i":"noNetwork","$v":"Нет сети"},{"$i":"roaming","$v":[{"t":"idOrVar","v":"operator"}," (роуминг)"]},{"$i":"operator-info","$v":[{"t":"idOrVar","v":"carrier"}," ",{"t":"idOrVar","v":"region"}]},{"$i":"emergencyCallsOnly","$v":"Только экстренные вызовы"},{"$i":"emergencyCallsOnly-unknownSIMState","$v":"(неизвестное состояние SIM)"},{"$i":"emergencyCallsOnly-noSIM","$v":"(без SIM)"},{"$i":"emergencyCallsOnly-pinRequired","$v":"(нужен PIN для SIM)"},{"$i":"emergencyCallsOnly-pukRequired","$v":"(нужен PUK для SIM)"},{"$i":"emergencyCallsOnly-networkLocked","$v":"(только в network)"},{"$i":"emergencyCallsOnly-serviceProviderLocked","$v":"(только с оператором связи)"},{"$i":"emergencyCallsOnly-corporateLocked","$v":"(только в корпоративной сети)"},{"$i":"emergencyCallsOnly-network1Locked","$v":"(только в network1)"},{"$i":"emergencyCallsOnly-network2Locked","$v":"(только в network2)"},{"$i":"emergencyCallsOnly-hrpdNetworkLocked","$v":"(только в hrpd сети)"},{"$i":"emergencyCallsOnly-ruimCorporateLocked","$v":"(только с корпоративной ruim)"},{"$i":"emergencyCallsOnly-ruimServiceProviderLocked","$v":"(только с ruim оператора связи)"},{"$i":"lockscreen-sim-id","$v":["SIM ",{"t":"idOrVar","v":"n"}]},{"$i":"charging-status-no-time","$v":["Заряжено на ",{"t":"idOrVar","v":"level"},"%"]},{"$i":"charging-status-minutes","$v":{"zero":["Заряжено на ",{"t":"idOrVar","v":"level"},"% (осталось ",{"t":"idOrVar","v":"minutes"}," минут)"],"one":["Заряжено на ",{"t":"idOrVar","v":"level"},"% (осталась ",{"t":"idOrVar","v":"minutes"}," минута)"],"two":["Заряжено на ",{"t":"idOrVar","v":"level"},"% (осталось ",{"t":"idOrVar","v":"minutes"}," минуты)"],"few":["Заряжено на ",{"t":"idOrVar","v":"level"},"% (осталось ",{"t":"idOrVar","v":"minutes"}," минуты)"],"many":["Заряжено на ",{"t":"idOrVar","v":"level"},"% (осталось ",{"t":"idOrVar","v":"minutes"}," минут)"],"other":["Заряжено на ",{"t":"idOrVar","v":"level"},"% (осталось ",{"t":"idOrVar","v":"minutes"}," минут)"]},"$x":[{"t":"idOrVar","v":"plural"},"minutes"]},{"$i":"charging-status-hours","$v":{"zero":["Заряжено на ",{"t":"idOrVar","v":"level"},"% (осталось ",{"t":"idOrVar","v":"hours"}," ч.  ",{"t":"idOrVar","v":"minutes"}," мин.)"],"one":["Заряжено на ",{"t":"idOrVar","v":"level"},"% (осталось ",{"t":"idOrVar","v":"hours"}," ч.  ",{"t":"idOrVar","v":"minutes"}," мин.)"],"two":["Заряжено на ",{"t":"idOrVar","v":"level"},"% (осталось ",{"t":"idOrVar","v":"hours"}," ч.  ",{"t":"idOrVar","v":"minutes"}," мин.)"],"few":["Заряжено на ",{"t":"idOrVar","v":"level"},"% (осталось ",{"t":"idOrVar","v":"hours"}," ч.  ",{"t":"idOrVar","v":"minutes"}," мин.)"],"many":["Заряжено на ",{"t":"idOrVar","v":"level"},"% (осталось ",{"t":"idOrVar","v":"hours"}," ч.  ",{"t":"idOrVar","v":"minutes"}," мин.)"],"other":["Заряжено на ",{"t":"idOrVar","v":"level"},"% (осталось ",{"t":"idOrVar","v":"hours"}," ч.  ",{"t":"idOrVar","v":"minutes"}," мин.)"]},"$x":[{"t":"idOrVar","v":"plural"},"minutes"]},{"$i":"phoneNumberInput","ariaLabel":"Телефонный номер"},{"$i":"keypadDelete","ariaLabel":"Удалить"},{"$i":"voiceMailKey","ariaLabel":"Голосовая почта"},{"$i":"asterisk","ariaLabel":"Звёздочка"},{"$i":"hashSign","ariaLabel":"Знак решетки"},{"$i":"loadingSimContacts","$v":"Loading SIM card contacts…"},{"$i":"noContactsWereFound","$v":"No contacts were found"},{"$i":"noContactsFoundDialogOk","$v":"OK"},{"$i":"emergencyNumber","$v":"Экстренный номер"},{"$i":"callAirplaneModeMessage","$v":"Чтобы сделать звонок, вам нужно через настройки отключить Режим Полёта."},{"$i":"callAirplaneModeBtnOk","$v":"OK"},{"$i":"callAirplaneModeTitle","$v":"Включён Режим Полёта"},{"$i":"numberIsBusyTitle","$v":"Номер занят"},{"$i":"numberIsBusyMessage","$v":"Этот номер сейчас занят. Пожалуйста, попробуйте позже."},{"$i":"fdnIsActiveTitle","$v":"FDN активирован"},{"$i":"fdnIsActiveMessage","$v":["FDN (Список номеров) активирован и следующего номера нет в вашем FDN-списке: ",{"t":"idOrVar","v":"number"}]},{"$i":"emergencyDialogBodyBadNumber","$v":"Чтобы сделать звонок, телефон должен быть подключён к сети."},{"$i":"emergencyDialogBodyDeviceNotAccepted","$v":"В этой сети запрещены экстренные вызовы."},{"$i":"emergencyDialogBtnOk","$v":"OK"},{"$i":"emergencyDialogTitle","$v":"Нет подключения к сети"},{"$i":"invalidNumberToDialTitle","$v":"Некорректный номер телефона"},{"$i":"invalidNumberToDialMessage","$v":"Вызываемый вами номер телефона является некорректным."},{"$i":"unableToCallTitle","$v":"Не могу сейчас сделать телефонный звонок"},{"$i":"unableToCallMessage","$v":"Не могу произвести вызов. Если вы уже набираете, сначала повесьте трубку."},{"$i":"otherConnectionInUseTitle","$v":"Используется другое соединение"},{"$i":"otherConnectionInUseMessage","$v":"У вас выполняется активный вызов на другом соединении. Вы можете использовать одновременно только одно соединение."}]