[{"$i":"addNewNumber","$v":"Shtoni numër të ri"},{"$i":"contactDetails","$v":"Hollësi kontakti"},{"$i":"addToExistingContact","$v":"Shtojeni te kontakt ekzistues"},{"$i":"all","$v":"Krejt","ariaLabel":"Krejt"},{"$i":"bluetoothOption","ariaLabel":"Bluetooth"},{"$i":"callLog","$v":"Regjistër thirrjesh"},{"$i":"callLogEdit","title":"Përpunoni regjistër thirrjesh"},{"$i":"callLogEditDialog","ariaLabel":"Dialog përpunimi regjistri thirrjesh"},{"$i":"connecting","$v":"Po lidhet"},{"$i":"connectingEllipsis","$v":"Po lidhet…"},{"$i":"call-forwarding-async","$v":["Asinkrone: ",{"t":"idOrVar","v":"async"}]},{"$i":"call-forwarding-data","$v":["Të dhëna: ",{"t":"idOrVar","v":"data"}]},{"$i":"call-forwarding-error","$v":"Pati një gabim ndërsa merrej gjendja e përcjelljes së thirrjes"},{"$i":"call-forwarding-fax","$v":["FAKS: ",{"t":"idOrVar","v":"fax"}]},{"$i":"call-forwarding-inactive","$v":"Joaktive"},{"$i":"call-forwarding-packet","$v":["Paket: ",{"t":"idOrVar","v":"packet"}]},{"$i":"call-forwarding-pad","$v":["PAD: ",{"t":"idOrVar","v":"pad"}]},{"$i":"call-forwarding-sms","$v":["SMS: ",{"t":"idOrVar","v":"sms"}]},{"$i":"call-forwarding-status","$v":"Gjendje përcjelljeje thirrjeje"},{"$i":"call-forwarding-sync","$v":["Sinkrone: ",{"t":"idOrVar","v":"sync"}]},{"$i":"call-forwarding-voice","$v":["Zë: ",{"t":"idOrVar","v":"voice"}]},{"$i":"close","$v":"Mbylle"},{"$i":"confirm-deletion","$v":"Të hiqen thirrjet e përzgjedhura?"},{"$i":"contacts","ariaLabel":"Kontakte"},{"$i":"createNewContact","$v":"Krijoni kontakt të ri"},{"$i":"delete","$v":"Fshije"},{"$i":"deselectAll","$v":"Shpërzgjidhe krejt"},{"$i":"dialerAddContact","ariaLabel":"Shtoni kontakt"},{"$i":"dialerAddContactDialog","ariaLabel":"Dialog Shtimi Kontaktesh"},{"$i":"callInformation","$v":"Të dhëna Thirrjeje"},{"$i":"edit-selected","$v":{"one":[{"t":"idOrVar","v":"n"}," e përzgjedhur"],"two":[{"t":"idOrVar","v":"n"}," të përzgjedhur"],"few":[{"t":"idOrVar","v":"n"}," të përzgjedhur"],"many":[{"t":"idOrVar","v":"n"}," të përzgjedhur"],"other":[{"t":"idOrVar","v":"n"}," të përzgjedhur"]},"$x":[{"t":"idOrVar","v":"plural"},"n"]},{"$i":"edit","$v":"Përpunoni"},{"$i":"hideKeypad","ariaLabel":"Fshihe tastierën numerike"},{"$i":"ignore","$v":"Shpërfille Thirrjen"},{"$i":"incoming","$v":"Të marra"},{"$i":"keypad","ariaLabel":"Tastierë numerike"},{"$i":"makeCall","ariaLabel":"Bëjini thirrje"},{"$i":"merge","ariaLabel":"Përzieji"},{"$i":"info-missed","$v":"Të humbura"},{"$i":"missed","$v":"Të humbura","ariaLabel":"Të humbura"},{"$i":"canceled","$v":"Të anuluara"},{"$i":"missedCall","$v":"Thirrje e humbur"},{"$i":"missedCallMultiSims","$v":["(SIM ",{"t":"idOrVar","v":"n"},") Thirrje të humbura"]},{"$i":"mmi-error","$v":"Ndodhi një gabim, teksa dërgohej mesazhi"},{"$i":"mmi-session-expired","$v":"Sesionit i mbaroi koha"},{"$i":"mmi-successfully-sent","$v":"Mesazhi u dërgua me sukses"},{"$i":"mmi-notification-title-with-sim","$v":["(",{"t":"idOrVar","v":"sim"},") ",{"t":"idOrVar","v":"title"}]},{"$i":"mute","ariaLabel":"Heshturazi"},{"$i":"newCall","ariaLabel":"Thirrje e re"},{"$i":"no-logs-msg-1","$v":"Nuk ka thirrje të regjistruara"},{"$i":"no-logs-msg-2","$v":"Filloni të komunikoni tani"},{"$i":"no-logs-msg-3","$v":"Pa thirrje të humbura"},{"$i":"onHoldOption","ariaLabel":"Në pritje"},{"$i":"outgoing","$v":"Të dërguara"},{"$i":"recents","ariaLabel":"Thirrje së fundi"},{"$i":"reply","$v":"Përgjigjjuni"},{"$i":"selectAll","$v":"Përzgjidhi krejt"},{"$i":"send","$v":"Dërgoje"},{"$i":"switch-calls","$v":"Transferoni thirrjen"},{"$i":"today","$v":"Sot"},{"$i":"withheld-number","$v":"Numër i patreguar"},{"$i":"from-contact","$v":["Nga ",{"t":"idOrVar","v":"contact"}]},{"$i":"from-number","$v":["Nga ",{"t":"idOrVar","v":"number"}]},{"$i":"from-withheld-number","$v":"Nga numër i patreguar"},{"$i":"yesterday","$v":"Dje"},{"$i":"sending","$v":"Po dërgohet…"},{"$i":"speakerOption","ariaLabel":"Altoparlant"},{"$i":"ussd-services","$v":["Shërbime ",{"t":"idOrVar","v":"operator"}]},{"$i":"toggleKeypad","ariaLabel":"Shfaqni/fshihni tastierën numerike"},{"$i":"type-your-response","placeholder":"Shtypni përgjigjen tuaj…"},{"$i":"clear-all-text","$v":"Fshije krejt tekstin"},{"$i":"hide","$v":"Fshihe"},{"$i":"call","$v":"Bëjini thirrje"},{"$i":"hold","ariaLabel":"Në pritje"},{"$i":"resume","$v":"Rimerre","ariaLabel":"Rimerre"},{"$i":"sendSms","$v":"Dërgojini Mesazh"},{"$i":"callEnded","$v":"Thirrja Përfundoi"},{"$i":"via-sim","$v":["përmes SIM",{"t":"idOrVar","v":"n"}]},{"$i":"sim-number","$v":["SIM",{"t":"idOrVar","v":"n"}]},{"$i":"unknown","$v":"I panjohur"},{"$i":"cancel","$v":"Anuloje"},{"$i":"hangup-a11y-button","ariaLabel":"Mbylleni"},{"$i":"pickup-a11y-button","ariaLabel":"Përgjigjuni"},{"$i":"unlock-a11y-button","ariaLabel":"Rrëshqitës"},{"$i":"settings","$v":"Rregullime"},{"$i":"delete-n-log?","$v":{"zero":"Nuk u përzgjodh gjë","one":"Të fshihet regjistrimi i përzgjedhur?","two":["Të fshihen ",{"t":"idOrVar","v":"n"}," regjistrimet?"],"few":["Të fshihen ",{"t":"idOrVar","v":"n"}," regjistrimet?"],"many":["Të fshihen ",{"t":"idOrVar","v":"n"}," regjistrimet?"],"other":["Të fshihen ",{"t":"idOrVar","v":"n"}," regjistrimet?"]},"$x":[{"t":"idOrVar","v":"plural"},"n"]},{"$i":"callDurationMinutes","$v":[{"t":"idOrVar","v":"m"},":",{"t":"idOrVar","v":"s"}]},{"$i":"callDurationHours","$v":[{"t":"idOrVar","v":"h"},":",{"t":"idOrVar","v":"m"},":",{"t":"idOrVar","v":"s"}]},{"$i":"callDurationTextFormatSeconds","$v":[{"t":"idOrVar","v":"s"}," s"]},{"$i":"callDurationTextFormatMinutes","$v":[{"t":"idOrVar","v":"m"}," m ",{"t":"idOrVar","v":"s"}," s"]},{"$i":"callDurationTextFormatHours","$v":[{"t":"idOrVar","v":"h"}," h ",{"t":"idOrVar","v":"m"}," m ",{"t":"idOrVar","v":"s"}," s"]},{"$i":"suggestionMatches","$v":{"one":[{"t":"idOrVar","v":"n"}," përputhje për \"",{"t":"idOrVar","v":"matchNumber"},"\""],"two":[{"t":"idOrVar","v":"n"}," përputhje për \"",{"t":"idOrVar","v":"matchNumber"},"\""],"few":[{"t":"idOrVar","v":"n"}," përputhje për \"",{"t":"idOrVar","v":"matchNumber"},"\""],"many":[{"t":"idOrVar","v":"n"}," përputhje për \"",{"t":"idOrVar","v":"matchNumber"},"\""],"other":[{"t":"idOrVar","v":"n"}," përputhje për \"",{"t":"idOrVar","v":"matchNumber"},"\""]},"$x":[{"t":"idOrVar","v":"plural"},"n"]},{"$i":"scCallBarring","$v":"Ndalim thirrjesh"},{"$i":"scCallForwarding","$v":"Përcjellje thirrjesh"},{"$i":"scClip","$v":"ID Thirrësi Për të Marrat"},{"$i":"scClir","$v":"ID Thirrësi Për të Dërguara"},{"$i":"scPwd","$v":"Ndryshim fjalëkalimi"},{"$i":"scCallWaiting","$v":"Thirrje në pritje"},{"$i":"scPin","$v":"Ndryshim PIN-i"},{"$i":"scPin2","$v":"Ndryshim PIN2-shi"},{"$i":"scPuk","$v":"Zhbllokim PIN-i"},{"$i":"scPuk2","$v":"Zhbllokim PIN2-shi"},{"$i":"scImei","$v":"IMEI"},{"$i":"scUssd","$v":"USSD"},{"$i":"serviceClassVoice","$v":"Zë"},{"$i":"serviceClassData","$v":"Të dhëna"},{"$i":"serviceClassFax","$v":"FAKS"},{"$i":"serviceClassSms","$v":"SMS"},{"$i":"serviceClassDataSync","$v":"Sinkrone"},{"$i":"serviceClassDataAsync","$v":"Asinkrone"},{"$i":"serviceClassPacket","$v":"Paket"},{"$i":"serviceClassPad","$v":"PAD"},{"$i":"smServiceEnabled","$v":"Shërbimi u aktivizua"},{"$i":"smServiceDisabled","$v":"Shërbimi u çaktivizua"},{"$i":"smServiceRegistered","$v":"Regjistrimi qe i suksesshëm"},{"$i":"smServiceErased","$v":"Fshirja qe e suksesshme"},{"$i":"smServiceInterrogated","$v":"Kërkesa qe e suksesshme"},{"$i":"smServiceNotProvisioned","$v":"Shërbimi nuk është bërë gati"},{"$i":"smClirPermanent","$v":"Nuk mund të ndryshoni rregullime ID-je thirrësi"},{"$i":"smClirDefaultOnNextCallOn","$v":"ID thirrësi e caktuar si e rezervuar. Thirrja pasuese: E maskuar"},{"$i":"smClirDefaultOnNextCallOff","$v":"ID thirrësi e caktuar si e rezervuar. Thirrja pasuese: Jo e maskuar"},{"$i":"smClirDefaultOffNextCallOn","$v":"ID thirrësi e caktuar si jo e rezervuar. Thirrja pasuese: E maskuar"},{"$i":"smClirDefaultOffNextCallOff","$v":"ID thirrësi e caktuar si jo e rezervuar. Thirrja pasuese: Jo e maskuar"},{"$i":"smServiceEnabledFor","$v":"Shërbimi qe aktivizuar për:"},{"$i":"smPinChanged","$v":"PIN-i u ndryshua me sukses"},{"$i":"smPinUnblocked","$v":"PIN-i u zhbllokua me sukses"},{"$i":"smPin2Changed","$v":"PIN2-shi u ndryshua me sukses"},{"$i":"smPin2Unblocked","$v":"PIN2-shi u zhbllokua me sukses"},{"$i":"ServiceIsEnabled","$v":"Shërbimi është i aktivizuar"},{"$i":"ServiceIsDisabled","$v":"Shërbimi është i çaktivizuar"},{"$i":"ServiceIsEnabledFor","$v":"Shërbimi është i aktivizuar për:"},{"$i":"emMmiError","$v":"Problem ndërlidhjeje ose kod MMI i pavlefshëm"},{"$i":"emMmiErrorPasswordIncorrect","$v":"Fjalëkalim i Pasaktë"},{"$i":"emMmiErrorNotSupported","$v":"Kod MMI i Pavlefshëm ose i Pambuluar"},{"$i":"emMmiErrorInvalidAction","$v":"Veprim i pavlefshëm"},{"$i":"emMmiErrorInvalidScCode","$v":"Kod shërbimi i pavlefshëm"},{"$i":"emMmiErrorBadPuk","$v":"PUK-u që shtypët është i pasaktë"},{"$i":"emMmiErrorBadPin","$v":"PIN-i i vjetër që shtypët është i pasaktë."},{"$i":"emMmiErrorNeedPuk2","$v":"Shtypni PUK2-shin që të zhbllokohet karta SIM"},{"$i":"emMmiErrorMismatchPin","$v":"PIN-et që shtypët nuk përputhen"},{"$i":"emMmiErrorInvalidPin","$v":"Shtypni një PIN që është nga 4 deri në 8 shifra"},{"$i":"emMmiErrorNeedsPuk","$v":"Karta juaj SIM është bllokuar përmes PUK-ut"},{"$i":"emMmiErrorEnablePin","$v":"Pa sukses. Aktivizoni SIM/RUIM LOCK"},{"$i":"emMmiErrorMmiFdn","$v":"Veprimi kufizohet vetëm mbi numra fiks thirrjesh "},{"$i":"emMmiErrorStkCcUssdDial","$v":"Kërkesa USSD është modifikuar në kërkesë DIAL"},{"$i":"emMmiErrorStkCcUssdSs","$v":"Kërkesa USSD është modifikuar në kërkesë SS"},{"$i":"emMmiErrorStkCcUssdUssd","$v":"Kërkesa USSD është modifikuar në kërkesë USSD të re"},{"$i":"emMmiErrorStkCcSsDial","$v":"Kërkesa SS është modifikuar në kërkesë DIAL"},{"$i":"emMmiErrorStkCcSsUssd","$v":"Kërkesa SS është modifikuar në kërkesë USSD"},{"$i":"emMmiErrorStkCcSsSs","$v":"Kërkesa USSD është modifikuar në kërkesë SS të re"},{"$i":"emMmiErrorPinPukAttempts","$v":{"one":["Edhe vetëm ",{"t":"idOrVar","v":"n"}," provë"],"two":["Edhe ",{"t":"idOrVar","v":"n"}," prova"],"few":["Edhe ",{"t":"idOrVar","v":"n"}," prova"],"many":["Edhe ",{"t":"idOrVar","v":"n"}," prova"],"other":["Edhe ",{"t":"idOrVar","v":"n"}," prova"]},"$x":[{"t":"idOrVar","v":"plural"},"n"]},{"$i":"emMmiErrorSimBlocked","$v":"U tejkalua numri maksimum i prova. SIM-i u bllokua"},{"$i":"RadioNotAvailable","$v":"Nuk kapet radio"},{"$i":"GenericFailure","$v":"Gabim i papërcaktuar"},{"$i":"PasswordIncorrect","$v":"Fjalëkalim i pasaktë"},{"$i":"SimPin2","$v":"SIM PIN2"},{"$i":"SimPuk2","$v":"SIM PUK2"},{"$i":"RequestNotSupported","$v":"Kërkesë e pambuluar"},{"$i":"OpNotAllowedDuringVoiceCall","$v":"Veprim i palejuar gjatë thirrjesh me zë"},{"$i":"SmsSendFailRetry","$v":"Dështim dërgimi SMS-je, riprovoni"},{"$i":"SimAbsent","$v":"Mungon SIM-i"},{"$i":"SubscriptionNotAvailable","$v":"Pajtim jo gati"},{"$i":"ModeNotSupported","$v":"Mënyrë e pambuluar"},{"$i":"FdnCheckFailure","$v":"Dështim kontrolli NFTh"},{"$i":"IllegalSimOrMe","$v":"SIM ose ME e paligjshme"},{"$i":"DialModifiedToUssd","$v":"Formim numri i modifikuar në USSD"},{"$i":"DialModifiedToSs","$v":"Formim numri i modifikuar në SS"},{"$i":"DialModifiedToDial","$v":"Formim numri i modifikuar në formim numri"},{"$i":"UssdModifiedToDial","$v":"USSD i modifikuar në formim numri"},{"$i":"UssdModifiedToSs","$v":"USSD i modifikuar në SS"},{"$i":"UssdModifiedToUssd","$v":"USSD i modifikuar në USSD"},{"$i":"SsModifiedToDial","$v":"SS i modifikuar në formim numri"},{"$i":"SsModifiedToUssd","$v":"SS i modifikuar në USSD"},{"$i":"SsModifiedToSs","$v":"SS i modifikuar në SS"},{"$i":"SubscriptionNotSupported","$v":"Pajtim i pambuluar"},{"$i":"InvalidParameter","$v":"Parametër i pavlefshëm"},{"$i":"RejectedByRemote","$v":"Hedhur tej nga pala e largët"},{"$i":"conferenceCall","$v":["Konferencë (",{"t":"idOrVar","v":"n"},")"]},{"$i":"caller-left-call","$v":[{"t":"idOrVar","v":"caller"}," e braktisi thirrjen."]},{"$i":"conferenceAddError","$v":"Nuk përziehen dot thirrjet"},{"$i":"conferenceRemoveError","$v":"Nuk çpërziehen dot thirrjet"},{"$i":"longDateFormat","$v":"%A, %e %B"},{"$i":"select-audio-sources","$v":"Përzgjidhni burime audio"},{"$i":"bluetooth-handsfree-device","$v":"Pajisje Bluetooth handsfree"},{"$i":"receiver","$v":"Marrës"},{"$i":"speaker","$v":"Altoparlant"},{"$i":"voiceMail","$v":"Mesazhe zanorë"},{"$i":"weekday-0-long","$v":"E diel"},{"$i":"weekday-1-long","$v":"E hënë"},{"$i":"weekday-2-long","$v":"E martë"},{"$i":"weekday-3-long","$v":"E mërkurë"},{"$i":"weekday-4-long","$v":"E enjte"},{"$i":"weekday-5-long","$v":"E premte"},{"$i":"weekday-6-long","$v":"E shtunë"},{"$i":"weekday-0-short","$v":"Die"},{"$i":"weekday-1-short","$v":"Hën"},{"$i":"weekday-2-short","$v":"Mar"},{"$i":"weekday-3-short","$v":"Mër"},{"$i":"weekday-4-short","$v":"Enj"},{"$i":"weekday-5-short","$v":"Pre"},{"$i":"weekday-6-short","$v":"Sht"},{"$i":"month-0-long","$v":"Janar"},{"$i":"month-1-long","$v":"Shkurt"},{"$i":"month-2-long","$v":"Mars"},{"$i":"month-3-long","$v":"Prill"},{"$i":"month-4-long","$v":"Maj"},{"$i":"month-5-long","$v":"Qershor"},{"$i":"month-6-long","$v":"Korrik"},{"$i":"month-7-long","$v":"Gusht"},{"$i":"month-8-long","$v":"Shtator"},{"$i":"month-9-long","$v":"Tetor"},{"$i":"month-10-long","$v":"Nëntor"},{"$i":"month-11-long","$v":"Dhjetor"},{"$i":"month-0-genitive","$v":"të Janarit"},{"$i":"month-1-genitive","$v":"të Shkurtit"},{"$i":"month-2-genitive","$v":"të Marsit"},{"$i":"month-3-genitive","$v":"të Prillit"},{"$i":"month-4-genitive","$v":"të Majit"},{"$i":"month-5-genitive","$v":"të Qershorit"},{"$i":"month-6-genitive","$v":"të Korrikut"},{"$i":"month-7-genitive","$v":"të Gushtit"},{"$i":"month-8-genitive","$v":"të Shtatorit"},{"$i":"month-9-genitive","$v":"të Tetorit"},{"$i":"month-10-genitive","$v":"të Nëntorit"},{"$i":"month-11-genitive","$v":"të Dhjetorit"},{"$i":"month-0-short","$v":"Jan"},{"$i":"month-1-short","$v":"Shk"},{"$i":"month-2-short","$v":"Mar"},{"$i":"month-3-short","$v":"Pri"},{"$i":"month-4-short","$v":"Maj"},{"$i":"month-5-short","$v":"Qer"},{"$i":"month-6-short","$v":"Kor"},{"$i":"month-7-short","$v":"Gus"},{"$i":"month-8-short","$v":"Sht"},{"$i":"month-9-short","$v":"Tet"},{"$i":"month-10-short","$v":"Nën"},{"$i":"month-11-short","$v":"Dhj"},{"$i":"minutes-ago-long","$v":{"zero":"mu tani","one":"një minutë më parë","two":[{"t":"idOrVar","v":"value"}," minuta më parë"],"few":[{"t":"idOrVar","v":"value"}," minuta më parë"],"many":[{"t":"idOrVar","v":"value"}," minuta më parë"],"other":[{"t":"idOrVar","v":"value"}," minuta më parë"]},"$x":[{"t":"idOrVar","v":"plural"},"value"]},{"$i":"hours-ago-long","$v":{"zero":"mu tani","one":"një orë më parë","two":[{"t":"idOrVar","v":"value"}," orë më parë"],"few":[{"t":"idOrVar","v":"value"}," orë më parë"],"many":[{"t":"idOrVar","v":"value"}," orë më parë"],"other":[{"t":"idOrVar","v":"value"}," orë më parë"]},"$x":[{"t":"idOrVar","v":"plural"},"value"]},{"$i":"days-ago-long","$v":{"zero":"sot","one":"dje","two":[{"t":"idOrVar","v":"value"}," ditë më parë"],"few":[{"t":"idOrVar","v":"value"}," ditë më parë"],"many":[{"t":"idOrVar","v":"value"}," ditë më parë"],"other":[{"t":"idOrVar","v":"value"}," ditë më parë"]},"$x":[{"t":"idOrVar","v":"plural"},"value"]},{"$i":"weeks-ago-long","$v":{"zero":"këtë javë","one":"javën e kaluar","two":[{"t":"idOrVar","v":"value"}," javë më parë"],"few":[{"t":"idOrVar","v":"value"}," javë më parë"],"many":[{"t":"idOrVar","v":"value"}," javë më parë"],"other":[{"t":"idOrVar","v":"value"}," javë më parë"]},"$x":[{"t":"idOrVar","v":"plural"},"value"]},{"$i":"months-ago-long","$v":{"zero":"këtë muaj","one":"muajin e kaluar","two":[{"t":"idOrVar","v":"value"}," muaj më parë"],"few":[{"t":"idOrVar","v":"value"}," muaj më parë"],"many":[{"t":"idOrVar","v":"value"}," muaj më parë"],"other":[{"t":"idOrVar","v":"value"}," muaj më parë"]},"$x":[{"t":"idOrVar","v":"plural"},"value"]},{"$i":"years-ago-long","$v":{"zero":"këtë vit","one":"vitin e kaluar","two":[{"t":"idOrVar","v":"value"}," vite më parë"],"few":[{"t":"idOrVar","v":"value"}," vite më parë"],"many":[{"t":"idOrVar","v":"value"}," vite më parë"],"other":[{"t":"idOrVar","v":"value"}," vite më parë"]},"$x":[{"t":"idOrVar","v":"plural"},"value"]},{"$i":"minutes-until-long","$v":{"zero":"tani","one":"për një minutë","two":["për ",{"t":"idOrVar","v":"value"}," minuta"],"few":["për ",{"t":"idOrVar","v":"value"}," minuta"],"many":["për ",{"t":"idOrVar","v":"value"}," minuta"],"other":["për ",{"t":"idOrVar","v":"value"}," minuta"]},"$x":[{"t":"idOrVar","v":"plural"},"value"]},{"$i":"hours-until-long","$v":{"zero":"tani","one":"për një orë","two":["për ",{"t":"idOrVar","v":"value"}," orë"],"few":["për ",{"t":"idOrVar","v":"value"}," orë"],"many":["për ",{"t":"idOrVar","v":"value"}," orë"],"other":["për ",{"t":"idOrVar","v":"value"}," orë"]},"$x":[{"t":"idOrVar","v":"plural"},"value"]},{"$i":"days-until-long","$v":{"zero":"sot","one":"nesër","two":["për ",{"t":"idOrVar","v":"value"}," ditë"],"few":["për ",{"t":"idOrVar","v":"value"}," ditë"],"many":["për ",{"t":"idOrVar","v":"value"}," ditë"],"other":["për ",{"t":"idOrVar","v":"value"}," ditë"]},"$x":[{"t":"idOrVar","v":"plural"},"value"]},{"$i":"weeks-until-long","$v":{"zero":"këtë javë","one":"javën pasuese","two":["për ",{"t":"idOrVar","v":"value"}," javë"],"few":["për ",{"t":"idOrVar","v":"value"}," javë"],"many":["për ",{"t":"idOrVar","v":"value"}," javë"],"other":["për ",{"t":"idOrVar","v":"value"}," javë"]},"$x":[{"t":"idOrVar","v":"plural"},"value"]},{"$i":"months-until-long","$v":{"zero":"këtë muaj","one":"muajin pasues","two":["për ",{"t":"idOrVar","v":"value"}," muaj"],"few":["për ",{"t":"idOrVar","v":"value"}," muaj"],"many":["për ",{"t":"idOrVar","v":"value"}," muaj"],"other":["për ",{"t":"idOrVar","v":"value"}," muaj"]},"$x":[{"t":"idOrVar","v":"plural"},"value"]},{"$i":"years-until-long","$v":{"zero":"këtë vit","one":"vitin pasues","two":["për ",{"t":"idOrVar","v":"value"}," vjet"],"few":["për ",{"t":"idOrVar","v":"value"}," vjet"],"many":["për ",{"t":"idOrVar","v":"value"}," vjet"],"other":["për ",{"t":"idOrVar","v":"value"}," vjet"]},"$x":[{"t":"idOrVar","v":"plural"},"value"]},{"$i":"minutes-ago-short","$v":{"zero":"mu tani","other":[{"t":"idOrVar","v":"value"},"m më parë"]},"$x":[{"t":"idOrVar","v":"plural"},"value"]},{"$i":"hours-ago-short","$v":{"zero":"mu tani","other":[{"t":"idOrVar","v":"value"},"h më parë"]},"$x":[{"t":"idOrVar","v":"plural"},"value"]},{"$i":"days-ago-short","$v":{"zero":"sot","other":[{"t":"idOrVar","v":"value"},"d më parë"]},"$x":[{"t":"idOrVar","v":"plural"},"value"]},{"$i":"minutes-until-short","$v":{"zero":"tani","other":["për ",{"t":"idOrVar","v":"value"},"m"]},"$x":[{"t":"idOrVar","v":"plural"},"value"]},{"$i":"hours-until-short","$v":{"zero":"tani","other":["për ",{"t":"idOrVar","v":"value"},"h"]},"$x":[{"t":"idOrVar","v":"plural"},"value"]},{"$i":"days-until-short","$v":{"zero":"sot","other":["për ",{"t":"idOrVar","v":"value"},"d"]},"$x":[{"t":"idOrVar","v":"plural"},"value"]},{"$i":"incorrectDate","$v":"(datë e pasaktë)"},{"$i":"dateTimeFormat_%c","$v":"%a %e %b %Y %I:%M:%S %p"},{"$i":"dateTimeFormat_%x","$v":"%m/%d/%Y"},{"$i":"dateTimeFormat_%X","$v":"%I:%M:%S %p"},{"$i":"shortTimeFormat","$v":"%I:%M %p"},{"$i":"shortTimeFormat12","$v":"%I:%M %p"},{"$i":"shortTimeFormat24","$v":"%H:%M"},{"$i":"shortDateTimeFormat","$v":"%x %I:%M %p"},{"$i":"weekStartsOnMonday","$v":"0"},{"$i":"firstDayOfTheWeek","$v":"0"},{"$i":"time_am","$v":"AM"},{"$i":"time_pm","$v":"PM"},{"$i":"label","$v":"Etiketë"},{"$i":"mobile","$v":"Celular"},{"$i":"home","$v":"Shtëpie"},{"$i":"work","$v":"Pune"},{"$i":"personal","$v":"Personal"},{"$i":"faxHome","$v":"Faks shtëpie"},{"$i":"faxOffice","$v":"Faks pune"},{"$i":"faxOther","$v":"Faks tjetër"},{"$i":"another","$v":"Një tjetër"},{"$i":"other","$v":"Tjetër"},{"$i":"customTag","placeholder":"Etiketë vetjake"},{"$i":"current","$v":"E tanishmja"},{"$i":"itemWithLabel","$v":[{"t":"idOrVar","v":"label"},", ",{"t":"idOrVar","v":"item"}]},{"$i":"airplaneMode","$v":"Mënyra Aeroplan"},{"$i":"searching","$v":"Po kërkohet…"},{"$i":"noNetwork","$v":"Pa rrjet"},{"$i":"roaming","$v":[{"t":"idOrVar","v":"operator"}," (Roaming)"]},{"$i":"operator-info","$v":[{"t":"idOrVar","v":"carrier"}," ",{"t":"idOrVar","v":"region"}]},{"$i":"emergencyCallsOnly","$v":"Vetëm thirrje urgjencash"},{"$i":"emergencyCallsOnly-unknownSIMState","$v":"(gjendje e panjohur SIM-i)"},{"$i":"emergencyCallsOnly-noSIM","$v":"(pa SIM)"},{"$i":"emergencyCallsOnly-pinRequired","$v":"(PIN SIM-i i domosdoshëm)"},{"$i":"emergencyCallsOnly-pukRequired","$v":"(PUK SIM-i i domosdoshëm)"},{"$i":"emergencyCallsOnly-networkLocked","$v":"(kyçur nga rrjeti)"},{"$i":"emergencyCallsOnly-serviceProviderLocked","$v":"(kyçur nga mundësuesi i shërbimit)"},{"$i":"emergencyCallsOnly-corporateLocked","$v":"(kyçur nga korporata)"},{"$i":"emergencyCallsOnly-network1Locked","$v":"(kyçur nga network1)"},{"$i":"emergencyCallsOnly-network2Locked","$v":"(kyçur nga network2)"},{"$i":"emergencyCallsOnly-hrpdNetworkLocked","$v":"(kyçur nga rrjeti hrpd)"},{"$i":"emergencyCallsOnly-ruimCorporateLocked","$v":"(ruim i kyçur nga korporata)"},{"$i":"emergencyCallsOnly-ruimServiceProviderLocked","$v":"(ruim i kyçur nga mundësuesi i shërbimit)"},{"$i":"lockscreen-sim-id","$v":["SIM ",{"t":"idOrVar","v":"n"}]},{"$i":"charging-status-no-time","$v":["E ngarkuar ",{"t":"idOrVar","v":"level"},"%"]},{"$i":"charging-status-minutes","$v":{"zero":["E ngarkuar ",{"t":"idOrVar","v":"level"},"% (edhe ",{"t":"idOrVar","v":"minutes"}," minuta akoma)"],"one":["E ngarkuar ",{"t":"idOrVar","v":"level"},"% (edhe ",{"t":"idOrVar","v":"minutes"}," minutë akoma)"],"two":["E ngarkuar ",{"t":"idOrVar","v":"level"},"% (edhe ",{"t":"idOrVar","v":"minutes"}," minuta akoma)"],"few":["E ngarkuar ",{"t":"idOrVar","v":"level"},"% (edhe ",{"t":"idOrVar","v":"minutes"}," minuta akoma)"],"many":["E ngarkuar ",{"t":"idOrVar","v":"level"},"% (edhe ",{"t":"idOrVar","v":"minutes"}," minuta akoma)"],"other":["E ngarkuar ",{"t":"idOrVar","v":"level"},"% (edhe ",{"t":"idOrVar","v":"minutes"}," minuta akoma)"]},"$x":[{"t":"idOrVar","v":"plural"},"minutes"]},{"$i":"charging-status-hours","$v":{"zero":["E ngarkuar ",{"t":"idOrVar","v":"level"},"% (edhe ",{"t":"idOrVar","v":"hours"}," orë ",{"t":"idOrVar","v":"minutes"}," minuta akoma)"],"one":["E ngarkuar ",{"t":"idOrVar","v":"level"},"% (edhe ",{"t":"idOrVar","v":"hours"}," orë ",{"t":"idOrVar","v":"minutes"}," minutë akoma)"],"two":["E ngarkuar ",{"t":"idOrVar","v":"level"},"% (edhe ",{"t":"idOrVar","v":"hours"}," orë ",{"t":"idOrVar","v":"minutes"}," minuta akoma)"],"few":["E ngarkuar ",{"t":"idOrVar","v":"level"},"% (edhe ",{"t":"idOrVar","v":"hours"}," orë ",{"t":"idOrVar","v":"minutes"}," minuta akoma)"],"many":["E ngarkuar ",{"t":"idOrVar","v":"level"},"% (edhe ",{"t":"idOrVar","v":"hours"}," orë ",{"t":"idOrVar","v":"minutes"}," minuta akoma)"],"other":["E ngarkuar ",{"t":"idOrVar","v":"level"},"% (edhe ",{"t":"idOrVar","v":"hours"}," orë ",{"t":"idOrVar","v":"minutes"}," minuta akoma)"]},"$x":[{"t":"idOrVar","v":"plural"},"minutes"]},{"$i":"phoneNumberInput","ariaLabel":"Numër telefoni"},{"$i":"keypadDelete","ariaLabel":"Delete"},{"$i":"voiceMailKey","ariaLabel":"Mesazh zanor"},{"$i":"asterisk","ariaLabel":"Yllth"},{"$i":"hashSign","ariaLabel":"Shenja dieziz"},{"$i":"loadingSimContacts","$v":"Loading SIM card contacts…"},{"$i":"noContactsWereFound","$v":"No contacts were found"},{"$i":"noContactsFoundDialogOk","$v":"OK"},{"$i":"emergencyNumber","$v":"Numër urgjence"},{"$i":"callAirplaneModeMessage","$v":"Që të bëni një thirrje lypset të çaktivizoni mënyrën aeroplan te rregullimet."},{"$i":"callAirplaneModeBtnOk","$v":"OK"},{"$i":"callAirplaneModeTitle","$v":"Mënyra aeroplan është aktive"},{"$i":"numberIsBusyTitle","$v":"Numri është i zënë"},{"$i":"numberIsBusyMessage","$v":"Numri hëpërhë është i zënë. Ju lutemi, riprovoni më vonë."},{"$i":"fdnIsActiveTitle","$v":"NFTh aktive"},{"$i":"fdnIsActiveMessage","$v":["NFTh (Numra Fiks Thirrjesh) është i aktivizuar dhe numri vijues nuk gjendet te lista juaj NFTh: ",{"t":"idOrVar","v":"number"}]},{"$i":"emergencyDialogBodyBadNumber","$v":"Që të bëni një thirrje, telefoni duhet të jetë i lidhur në një rrjet."},{"$i":"emergencyDialogBodyDeviceNotAccepted","$v":"Thirrjet e urgjencës nuk janë të lejuara nga rrjeti."},{"$i":"emergencyDialogBtnOk","$v":"OK"},{"$i":"emergencyDialogTitle","$v":"Pa lidhje në rrjet"},{"$i":"invalidNumberToDialTitle","$v":"Numër telefoni i pavlefshëm"},{"$i":"invalidNumberToDialMessage","$v":"Numri i telefonit që po thërrisni nuk është i vlefshëm."},{"$i":"unableToCallTitle","$v":"Nuk është në gjendje të bëjë thirrje telefonike tani"},{"$i":"unableToCallMessage","$v":"Nuk bën dot thirrje. Nëse jeni duke i rënë numrit, ju lutemi, fillimisht mbylleni."},{"$i":"otherConnectionInUseTitle","$v":"Tjetër lidhje në përdorim"},{"$i":"otherConnectionInUseMessage","$v":"Keni një thirrje aktive në një tjetër lidhje. Mund të përdorni vetëm një lidhje në herë."}]