[{"$i":"addNewNumber","$v":"Lägg till nytt nummer"},{"$i":"contactDetails","$v":"Kontaktuppgifter"},{"$i":"addToExistingContact","$v":"Lägg till en befintlig kontakt"},{"$i":"all","$v":"Alla","ariaLabel":"Alla"},{"$i":"bluetoothOption","ariaLabel":"Bluetooth"},{"$i":"callLog","$v":"Samtalslista"},{"$i":"callLogEdit","title":"Redigera samtalslista"},{"$i":"callLogEditDialog","ariaLabel":"Redigera samtalslista"},{"$i":"connecting","$v":"Ansluter"},{"$i":"connectingEllipsis","$v":"Ansluter…"},{"$i":"call-forwarding-async","$v":["Asynkron: ",{"t":"idOrVar","v":"async"}]},{"$i":"call-forwarding-data","$v":["Data: ",{"t":"idOrVar","v":"data"}]},{"$i":"call-forwarding-error","$v":"Ett fel uppstod vid hämtning av status för vidarekoppling"},{"$i":"call-forwarding-fax","$v":["FAX: ",{"t":"idOrVar","v":"fax"}]},{"$i":"call-forwarding-inactive","$v":"Inaktiv"},{"$i":"call-forwarding-packet","$v":["Paket: ",{"t":"idOrVar","v":"packet"}]},{"$i":"call-forwarding-pad","$v":["PAD: ",{"t":"idOrVar","v":"pad"}]},{"$i":"call-forwarding-sms","$v":["SMS: ",{"t":"idOrVar","v":"sms"}]},{"$i":"call-forwarding-status","$v":"Status vidarekoppling"},{"$i":"call-forwarding-sync","$v":["Synkron: ",{"t":"idOrVar","v":"sync"}]},{"$i":"call-forwarding-voice","$v":["Röst: ",{"t":"idOrVar","v":"voice"}]},{"$i":"close","$v":"Stäng"},{"$i":"confirm-deletion","$v":"Rensa markerade samtal?"},{"$i":"contacts","ariaLabel":"Kontakter"},{"$i":"createNewContact","$v":"Skapa ny kontakt"},{"$i":"delete","$v":"Ta bort"},{"$i":"deselectAll","$v":"Avmarkera alla"},{"$i":"dialerAddContact","ariaLabel":"Lägg till kontakt"},{"$i":"dialerAddContactDialog","ariaLabel":"Lägg till kontakt"},{"$i":"callInformation","$v":"Samtalsinformation"},{"$i":"edit-selected","$v":{"one":[{"t":"idOrVar","v":"n"}," markerad"],"two":[{"t":"idOrVar","v":"n"}," markerade"],"few":[{"t":"idOrVar","v":"n"}," markerade"],"many":[{"t":"idOrVar","v":"n"}," markerade"],"other":[{"t":"idOrVar","v":"n"}," markerade"]},"$x":[{"t":"idOrVar","v":"plural"},"n"]},{"$i":"edit","$v":"Redigera"},{"$i":"hideKeypad","ariaLabel":"Dölj knappsats"},{"$i":"ignore","$v":"Ignorera samtal"},{"$i":"incoming","$v":"Inkommande"},{"$i":"keypad","ariaLabel":"Knappsats"},{"$i":"makeCall","ariaLabel":"Ring samtal"},{"$i":"merge","ariaLabel":"Sammanfoga"},{"$i":"info-missed","$v":"Missat"},{"$i":"missed","$v":"Missat","ariaLabel":"Missat"},{"$i":"canceled","$v":"Avbrutet"},{"$i":"missedCall","$v":"Missat samtal"},{"$i":"missedCallMultiSims","$v":["(SIM ",{"t":"idOrVar","v":"n"},") Missat samtal"]},{"$i":"mmi-error","$v":"Ett fel uppstod när du skickade meddelandet"},{"$i":"mmi-session-expired","$v":"Session upphörd"},{"$i":"mmi-successfully-sent","$v":"Meddelandet skickat"},{"$i":"mmi-notification-title-with-sim","$v":["(",{"t":"idOrVar","v":"sim"},") ",{"t":"idOrVar","v":"title"}]},{"$i":"mute","ariaLabel":"Tyst"},{"$i":"newCall","ariaLabel":"Nytt samtal"},{"$i":"no-logs-msg-1","$v":"Inga samtal registrerade"},{"$i":"no-logs-msg-2","$v":"Börja kommunicera nu"},{"$i":"no-logs-msg-3","$v":"Inga missade samtal"},{"$i":"onHoldOption","ariaLabel":"Parkerad"},{"$i":"outgoing","$v":"Utgående"},{"$i":"recents","ariaLabel":"Senaste samtal"},{"$i":"reply","$v":"Svara"},{"$i":"selectAll","$v":"Markera alla"},{"$i":"send","$v":"Skicka"},{"$i":"switch-calls","$v":"Växla samtal"},{"$i":"today","$v":"Idag"},{"$i":"withheld-number","$v":"Dolt nummer"},{"$i":"from-contact","$v":["Från ",{"t":"idOrVar","v":"contact"}]},{"$i":"from-number","$v":["Från ",{"t":"idOrVar","v":"number"}]},{"$i":"from-withheld-number","$v":"Från dolt nummer"},{"$i":"yesterday","$v":"Igår"},{"$i":"sending","$v":"Skickar…"},{"$i":"speakerOption","ariaLabel":"Högtalare"},{"$i":"ussd-services","$v":[{"t":"idOrVar","v":"operator"}," tjänster"]},{"$i":"toggleKeypad","ariaLabel":"Växla knappsats"},{"$i":"type-your-response","placeholder":"Skriv ditt svar…"},{"$i":"clear-all-text","$v":"Rensa all text"},{"$i":"hide","$v":"Dölj"},{"$i":"call","$v":"Ringa"},{"$i":"hold","ariaLabel":"Parkera"},{"$i":"resume","$v":"Återuppta","ariaLabel":"Återuppta"},{"$i":"sendSms","$v":"Skicka meddelande"},{"$i":"callEnded","$v":"Samtal avslutat"},{"$i":"via-sim","$v":["via SIM",{"t":"idOrVar","v":"n"}]},{"$i":"sim-number","$v":["SIM",{"t":"idOrVar","v":"n"}]},{"$i":"unknown","$v":"Okänd"},{"$i":"cancel","$v":"Avbryt"},{"$i":"hangup-a11y-button","ariaLabel":"Lägg på"},{"$i":"pickup-a11y-button","ariaLabel":"Svara"},{"$i":"unlock-a11y-button","ariaLabel":"Reglage"},{"$i":"settings","$v":"Inställningar"},{"$i":"delete-n-log?","$v":{"zero":"Inget markerat","one":"Ta bort vald logg?","two":["Ta bort ",{"t":"idOrVar","v":"n"}," loggar?"],"few":["Ta bort ",{"t":"idOrVar","v":"n"}," loggar?"],"many":["Ta bort ",{"t":"idOrVar","v":"n"}," loggar?"],"other":["Ta bort ",{"t":"idOrVar","v":"n"}," loggar?"]},"$x":[{"t":"idOrVar","v":"plural"},"n"]},{"$i":"callDurationMinutes","$v":[{"t":"idOrVar","v":"m"},":",{"t":"idOrVar","v":"s"}]},{"$i":"callDurationHours","$v":[{"t":"idOrVar","v":"h"},":",{"t":"idOrVar","v":"m"},":",{"t":"idOrVar","v":"s"}]},{"$i":"callDurationTextFormatSeconds","$v":[{"t":"idOrVar","v":"s"}," s"]},{"$i":"callDurationTextFormatMinutes","$v":[{"t":"idOrVar","v":"m"}," m ",{"t":"idOrVar","v":"s"}," s"]},{"$i":"callDurationTextFormatHours","$v":[{"t":"idOrVar","v":"h"}," h ",{"t":"idOrVar","v":"m"}," m ",{"t":"idOrVar","v":"s"}," s"]},{"$i":"suggestionMatches","$v":{"one":[{"t":"idOrVar","v":"n"}," matchning för \"",{"t":"idOrVar","v":"matchNumber"},"\""],"two":[{"t":"idOrVar","v":"n"}," matchningar för \"",{"t":"idOrVar","v":"matchNumber"},"\""],"few":[{"t":"idOrVar","v":"n"}," matchningar för \"",{"t":"idOrVar","v":"matchNumber"},"\""],"many":[{"t":"idOrVar","v":"n"}," matchningar för \"",{"t":"idOrVar","v":"matchNumber"},"\""],"other":[{"t":"idOrVar","v":"n"}," matchningar för \"",{"t":"idOrVar","v":"matchNumber"},"\""]},"$x":[{"t":"idOrVar","v":"plural"},"n"]},{"$i":"scCallBarring","$v":"Samtalsspärr"},{"$i":"scCallForwarding","$v":"Vidarebefordra samtal"},{"$i":"scClip","$v":"Inkommande nummerpresentation"},{"$i":"scClir","$v":"Utgående nummerpresentation"},{"$i":"scPwd","$v":"Lösenord ändrat"},{"$i":"scCallWaiting","$v":"Samtal väntar"},{"$i":"scPin","$v":"PIN-kod ändrad"},{"$i":"scPin2","$v":"PIN2-kod ändrad"},{"$i":"scPuk","$v":"Avblockera PIN-kod"},{"$i":"scPuk2","$v":"Avblockera PIN2-kod"},{"$i":"scImei","$v":"IMEI"},{"$i":"scUssd","$v":"USSD"},{"$i":"serviceClassVoice","$v":"Röst"},{"$i":"serviceClassData","$v":"Data"},{"$i":"serviceClassFax","$v":"FAX"},{"$i":"serviceClassSms","$v":"SMS"},{"$i":"serviceClassDataSync","$v":"Synkron"},{"$i":"serviceClassDataAsync","$v":"Asynkron"},{"$i":"serviceClassPacket","$v":"Paket"},{"$i":"serviceClassPad","$v":"PAD"},{"$i":"smServiceEnabled","$v":"Tjänsten har aktiverats"},{"$i":"smServiceDisabled","$v":"Tjänsten har inaktiverats"},{"$i":"smServiceRegistered","$v":"Registrering lyckades"},{"$i":"smServiceErased","$v":"Radering lyckades"},{"$i":"smServiceInterrogated","$v":"Begäran lyckades"},{"$i":"smServiceNotProvisioned","$v":"Tjänsten tillhandahålls inte"},{"$i":"smClirPermanent","$v":"Du kan inte ändra inställningar för nummerpresentation"},{"$i":"smClirDefaultOnNextCallOn","$v":"Nummerpresentation är begränsad. Nästa samtal: Begränsad"},{"$i":"smClirDefaultOnNextCallOff","$v":"Nummerpresentation är begränsad. Nästa samtal: Inte begränsad"},{"$i":"smClirDefaultOffNextCallOn","$v":"Nummerpresentation är inte begränsad. Nästa samtal: Begränsad"},{"$i":"smClirDefaultOffNextCallOff","$v":"Nummerpresentation är inte begränsad. Nästa samtal: Inte begränsad"},{"$i":"smServiceEnabledFor","$v":"Tjänsten har aktiverats för:"},{"$i":"smPinChanged","$v":"PIN har ändrats"},{"$i":"smPinUnblocked","$v":"PIN blockering hävd"},{"$i":"smPin2Changed","$v":"PIN2 har ändrats"},{"$i":"smPin2Unblocked","$v":"PIN2 blockering hävd"},{"$i":"ServiceIsEnabled","$v":"Tjänsten är aktiverad"},{"$i":"ServiceIsDisabled","$v":"Tjänsten är inaktiverad"},{"$i":"ServiceIsEnabledFor","$v":"Tjänsten har aktiverats för:"},{"$i":"emMmiError","$v":"Anslutningsproblem eller ogiltig MMI-kod"},{"$i":"emMmiErrorPasswordIncorrect","$v":"Felaktigt lösenord"},{"$i":"emMmiErrorNotSupported","$v":"Ogiltig eller ej fungerade MMI-kod"},{"$i":"emMmiErrorInvalidAction","$v":"Ogiltig åtgärd"},{"$i":"emMmiErrorInvalidScCode","$v":"Ogiltig servicekod"},{"$i":"emMmiErrorBadPuk","$v":"PUK-koden du angav är inte korrekt"},{"$i":"emMmiErrorBadPin","$v":"Den gamla PIN-koden du angav är inte korrekt"},{"$i":"emMmiErrorNeedPuk2","$v":"Ange PUK2-koden för att låsa upp SIM-kortet"},{"$i":"emMmiErrorMismatchPin","$v":"PIN-koderna du angav matchar inte "},{"$i":"emMmiErrorInvalidPin","$v":"Ange en PIN-kod som är 4 till 8 siffror"},{"$i":"emMmiErrorNeedsPuk","$v":"Ditt SIM-kort är PUK-låst"},{"$i":"emMmiErrorEnablePin","$v":"Misslyckades. Aktivera SIM/RUIM lås"},{"$i":"emMmiErrorMmiFdn","$v":"Funktionen är begränsad till fasta nummer endast"},{"$i":"emMmiErrorStkCcUssdDial","$v":"USSD begäran ändras till DIAL begäran"},{"$i":"emMmiErrorStkCcUssdSs","$v":"USSD begäran ändras till SS begäran"},{"$i":"emMmiErrorStkCcUssdUssd","$v":"USSD begäran ändras till ny USSD begäran"},{"$i":"emMmiErrorStkCcSsDial","$v":"SS begäran ändras till DIAL begäran"},{"$i":"emMmiErrorStkCcSsUssd","$v":"SS begäran ändras till USSD begäran"},{"$i":"emMmiErrorStkCcSsSs","$v":"SS begäran ändras till ny SS begäran"},{"$i":"emMmiErrorPinPukAttempts","$v":{"one":["Endast ",{"t":"idOrVar","v":"n"}," försök kvar"],"two":[{"t":"idOrVar","v":"n"}," försök kvar"],"few":[{"t":"idOrVar","v":"n"}," försök kvar"],"many":[{"t":"idOrVar","v":"n"}," försök kvar"],"other":[{"t":"idOrVar","v":"n"}," försök kvar"]},"$x":[{"t":"idOrVar","v":"plural"},"n"]},{"$i":"emMmiErrorSimBlocked","$v":"Maximalt antal försök har överskridits. SIM blockerad."},{"$i":"RadioNotAvailable","$v":"Radio inte tillgänglig"},{"$i":"GenericFailure","$v":"Allmänt fel"},{"$i":"PasswordIncorrect","$v":"Felaktigt lösenord"},{"$i":"SimPin2","$v":"SIM PIN2"},{"$i":"SimPuk2","$v":"SIM PUK2"},{"$i":"RequestNotSupported","$v":"Begäran stöds inte"},{"$i":"OpNotAllowedDuringVoiceCall","$v":"Funktionen ej tillåten under röstsamtal"},{"$i":"SmsSendFailRetry","$v":"SMS skicka igen misslyckades"},{"$i":"SimAbsent","$v":"SIM saknas"},{"$i":"SubscriptionNotAvailable","$v":"Prenumeration inte tillgänglig"},{"$i":"ModeNotSupported","$v":"Läget stöds inte"},{"$i":"FdnCheckFailure","$v":"Fdn-kontroll misslyckades"},{"$i":"IllegalSimOrMe","$v":"Olaglig SIM eller ME"},{"$i":"DialModifiedToUssd","$v":"Dial ändrad till USSD"},{"$i":"DialModifiedToSs","$v":"Dial ändrad till ss"},{"$i":"DialModifiedToDial","$v":"Dial ändrad till dial"},{"$i":"UssdModifiedToDial","$v":"USSD ändrad till dial"},{"$i":"UssdModifiedToSs","$v":"USSD ändrad till SS"},{"$i":"UssdModifiedToUssd","$v":"USSD ändrad till USSD"},{"$i":"SsModifiedToDial","$v":"SS ändrad till dial"},{"$i":"SsModifiedToUssd","$v":"SS ändrad till USSD"},{"$i":"SsModifiedToSs","$v":"SS ändrad till SS"},{"$i":"SubscriptionNotSupported","$v":"Prenumeration stöds inte"},{"$i":"InvalidParameter","$v":"Ogiltig parameter"},{"$i":"RejectedByRemote","$v":"Avvisad från fjärr"},{"$i":"conferenceCall","$v":["Konferens (",{"t":"idOrVar","v":"n"},")"]},{"$i":"caller-left-call","$v":[{"t":"idOrVar","v":"caller"}," har lämnat samtalet."]},{"$i":"conferenceAddError","$v":"Kan inte koppla ihop samtal"},{"$i":"conferenceRemoveError","$v":"Kan inte koppla från samtal"},{"$i":"longDateFormat","$v":"%A, %e %B"},{"$i":"select-audio-sources","$v":"Välj ljudkälla"},{"$i":"bluetooth-handsfree-device","$v":"Bluetooth handsfree-enhet"},{"$i":"receiver","$v":"Mottagare"},{"$i":"speaker","$v":"Högtalare"},{"$i":"voiceMail","$v":"Röstbrevlåda"},{"$i":"weekday-0-long","$v":"Söndag"},{"$i":"weekday-1-long","$v":"Måndag"},{"$i":"weekday-2-long","$v":"Tisdag"},{"$i":"weekday-3-long","$v":"Onsdag"},{"$i":"weekday-4-long","$v":"Torsdag"},{"$i":"weekday-5-long","$v":"Fredag"},{"$i":"weekday-6-long","$v":"Lördag"},{"$i":"weekday-0-short","$v":"Sön"},{"$i":"weekday-1-short","$v":"Mån"},{"$i":"weekday-2-short","$v":"Tis"},{"$i":"weekday-3-short","$v":"Ons"},{"$i":"weekday-4-short","$v":"Tor"},{"$i":"weekday-5-short","$v":"Fre"},{"$i":"weekday-6-short","$v":"Lör"},{"$i":"month-0-long","$v":"Januari"},{"$i":"month-1-long","$v":"Februari"},{"$i":"month-2-long","$v":"Mars"},{"$i":"month-3-long","$v":"April"},{"$i":"month-4-long","$v":"Maj"},{"$i":"month-5-long","$v":"Juni"},{"$i":"month-6-long","$v":"Juli"},{"$i":"month-7-long","$v":"Augusti"},{"$i":"month-8-long","$v":"September"},{"$i":"month-9-long","$v":"Oktober"},{"$i":"month-10-long","$v":"November"},{"$i":"month-11-long","$v":"December"},{"$i":"month-0-genitive","$v":"Januari"},{"$i":"month-1-genitive","$v":"Februari"},{"$i":"month-2-genitive","$v":"Mars"},{"$i":"month-3-genitive","$v":"April"},{"$i":"month-4-genitive","$v":"Maj"},{"$i":"month-5-genitive","$v":"Juni"},{"$i":"month-6-genitive","$v":"Juli"},{"$i":"month-7-genitive","$v":"Augusti"},{"$i":"month-8-genitive","$v":"September"},{"$i":"month-9-genitive","$v":"Oktober"},{"$i":"month-10-genitive","$v":"November"},{"$i":"month-11-genitive","$v":"December"},{"$i":"month-0-short","$v":"Jan"},{"$i":"month-1-short","$v":"Feb"},{"$i":"month-2-short","$v":"Mar"},{"$i":"month-3-short","$v":"Apr"},{"$i":"month-4-short","$v":"Maj"},{"$i":"month-5-short","$v":"Jun"},{"$i":"month-6-short","$v":"Jul"},{"$i":"month-7-short","$v":"Aug"},{"$i":"month-8-short","$v":"Sep"},{"$i":"month-9-short","$v":"Okt"},{"$i":"month-10-short","$v":"Nov"},{"$i":"month-11-short","$v":"Dec"},{"$i":"minutes-ago-long","$v":{"zero":"nyss","one":"en minut sen","two":[{"t":"idOrVar","v":"value"}," minuter sen"],"few":[{"t":"idOrVar","v":"value"}," minuter sen"],"many":[{"t":"idOrVar","v":"value"}," minuter sen"],"other":[{"t":"idOrVar","v":"value"}," minuter sen"]},"$x":[{"t":"idOrVar","v":"plural"},"value"]},{"$i":"hours-ago-long","$v":{"zero":"nyss","one":"en timme sen","two":[{"t":"idOrVar","v":"value"}," timmar sen"],"few":[{"t":"idOrVar","v":"value"}," timmar sen"],"many":[{"t":"idOrVar","v":"value"}," timmar sen"],"other":[{"t":"idOrVar","v":"value"}," timmar sen"]},"$x":[{"t":"idOrVar","v":"plural"},"value"]},{"$i":"days-ago-long","$v":{"zero":"idag","one":"igår","two":[{"t":"idOrVar","v":"value"}," dagar sen"],"few":[{"t":"idOrVar","v":"value"}," dagar sen"],"many":[{"t":"idOrVar","v":"value"}," dagar sen"],"other":[{"t":"idOrVar","v":"value"}," dagar sen"]},"$x":[{"t":"idOrVar","v":"plural"},"value"]},{"$i":"weeks-ago-long","$v":{"zero":"denna vecka","one":"förra veckan","two":[{"t":"idOrVar","v":"value"}," veckor sen"],"few":[{"t":"idOrVar","v":"value"}," veckor sen"],"many":[{"t":"idOrVar","v":"value"}," veckor sen"],"other":[{"t":"idOrVar","v":"value"}," veckor sen"]},"$x":[{"t":"idOrVar","v":"plural"},"value"]},{"$i":"months-ago-long","$v":{"zero":"denna månad","one":"förra månaden","two":[{"t":"idOrVar","v":"value"}," månader sen"],"few":[{"t":"idOrVar","v":"value"}," månader sen"],"many":[{"t":"idOrVar","v":"value"}," månader sen"],"other":[{"t":"idOrVar","v":"value"}," månader sen"]},"$x":[{"t":"idOrVar","v":"plural"},"value"]},{"$i":"years-ago-long","$v":{"zero":"detta år","one":"förra året","two":[{"t":"idOrVar","v":"value"}," år sen"],"few":[{"t":"idOrVar","v":"value"}," år sen"],"many":[{"t":"idOrVar","v":"value"}," år sen"],"other":[{"t":"idOrVar","v":"value"}," år sen"]},"$x":[{"t":"idOrVar","v":"plural"},"value"]},{"$i":"minutes-until-long","$v":{"zero":"nu","one":"om en minut","two":["om ",{"t":"idOrVar","v":"value"}," minuter"],"few":["om ",{"t":"idOrVar","v":"value"}," minuter"],"many":["om ",{"t":"idOrVar","v":"value"}," minuter"],"other":["om ",{"t":"idOrVar","v":"value"}," minuter"]},"$x":[{"t":"idOrVar","v":"plural"},"value"]},{"$i":"hours-until-long","$v":{"zero":"nu","one":"om en timme","two":["om ",{"t":"idOrVar","v":"value"}," timmar"],"few":["om ",{"t":"idOrVar","v":"value"}," timmar"],"many":["om ",{"t":"idOrVar","v":"value"}," timmar"],"other":["om ",{"t":"idOrVar","v":"value"}," timmar"]},"$x":[{"t":"idOrVar","v":"plural"},"value"]},{"$i":"days-until-long","$v":{"zero":"idag","one":"imorgon","two":["om ",{"t":"idOrVar","v":"value"}," dagar"],"few":["om ",{"t":"idOrVar","v":"value"}," dagar"],"many":["om ",{"t":"idOrVar","v":"value"}," dagar"],"other":["om ",{"t":"idOrVar","v":"value"}," dagar"]},"$x":[{"t":"idOrVar","v":"plural"},"value"]},{"$i":"weeks-until-long","$v":{"zero":"denna vecka","one":"nästa vecka","two":["om ",{"t":"idOrVar","v":"value"}," veckor"],"few":["om ",{"t":"idOrVar","v":"value"}," veckor"],"many":["om ",{"t":"idOrVar","v":"value"}," veckor"],"other":["om ",{"t":"idOrVar","v":"value"}," veckor"]},"$x":[{"t":"idOrVar","v":"plural"},"value"]},{"$i":"months-until-long","$v":{"zero":"denna månad","one":"nästa månad","two":["om ",{"t":"idOrVar","v":"value"}," månader"],"few":["om ",{"t":"idOrVar","v":"value"}," månader"],"many":["om ",{"t":"idOrVar","v":"value"}," månader"],"other":["om ",{"t":"idOrVar","v":"value"}," månader"]},"$x":[{"t":"idOrVar","v":"plural"},"value"]},{"$i":"years-until-long","$v":{"zero":"detta år","one":"nästa år","two":["om ",{"t":"idOrVar","v":"value"}," år"],"few":["om ",{"t":"idOrVar","v":"value"}," år"],"many":["om ",{"t":"idOrVar","v":"value"}," år"],"other":["om ",{"t":"idOrVar","v":"value"}," år"]},"$x":[{"t":"idOrVar","v":"plural"},"value"]},{"$i":"minutes-ago-short","$v":{"zero":"nyss","other":[{"t":"idOrVar","v":"value"}," min sen"]},"$x":[{"t":"idOrVar","v":"plural"},"value"]},{"$i":"hours-ago-short","$v":{"zero":"nyss","other":[{"t":"idOrVar","v":"value"}," tim. sen"]},"$x":[{"t":"idOrVar","v":"plural"},"value"]},{"$i":"days-ago-short","$v":{"zero":"idag","other":[{"t":"idOrVar","v":"value"}," dygn sen"]},"$x":[{"t":"idOrVar","v":"plural"},"value"]},{"$i":"minutes-until-short","$v":{"zero":"nu","other":["om ",{"t":"idOrVar","v":"value"}," min"]},"$x":[{"t":"idOrVar","v":"plural"},"value"]},{"$i":"hours-until-short","$v":{"zero":"nu","other":["om ",{"t":"idOrVar","v":"value"}," tim."]},"$x":[{"t":"idOrVar","v":"plural"},"value"]},{"$i":"days-until-short","$v":{"zero":"idag","other":["om ",{"t":"idOrVar","v":"value"}," dygn"]},"$x":[{"t":"idOrVar","v":"plural"},"value"]},{"$i":"incorrectDate","$v":"(felaktigt datum)"},{"$i":"dateTimeFormat_%c","$v":"%a %e %b %Y %H:%M:%S"},{"$i":"dateTimeFormat_%x","$v":"%d/%m/%Y"},{"$i":"dateTimeFormat_%X","$v":"%H:%M:%S"},{"$i":"shortTimeFormat","$v":"%H:%M"},{"$i":"shortTimeFormat12","$v":"%I:%M %p"},{"$i":"shortTimeFormat24","$v":"%H:%M"},{"$i":"shortDateTimeFormat","$v":"%x %H:%M"},{"$i":"weekStartsOnMonday","$v":"1"},{"$i":"firstDayOfTheWeek","$v":"1"},{"$i":"time_am","$v":"AM"},{"$i":"time_pm","$v":"PM"},{"$i":"label","$v":"Namn"},{"$i":"mobile","$v":"Mobil"},{"$i":"home","$v":"Hem"},{"$i":"work","$v":"Arbete"},{"$i":"personal","$v":"Privat"},{"$i":"faxHome","$v":"Fax hem"},{"$i":"faxOffice","$v":"Fax kontor"},{"$i":"faxOther","$v":"Fax övrig"},{"$i":"another","$v":"Ytterligare"},{"$i":"other","$v":"Övrigt"},{"$i":"customTag","placeholder":"Anpassad"},{"$i":"current","$v":"Aktuell"},{"$i":"itemWithLabel","$v":[{"t":"idOrVar","v":"label"},", ",{"t":"idOrVar","v":"item"}]},{"$i":"airplaneMode","$v":"Flygplansläge"},{"$i":"searching","$v":"Söker…"},{"$i":"noNetwork","$v":"Inget nätverk"},{"$i":"roaming","$v":[{"t":"idOrVar","v":"operator"}," (Roaming)"]},{"$i":"operator-info","$v":[{"t":"idOrVar","v":"carrier"}," ",{"t":"idOrVar","v":"region"}]},{"$i":"emergencyCallsOnly","$v":"Endast nödsamtal"},{"$i":"emergencyCallsOnly-unknownSIMState","$v":"(okänt SIM-kortstillstånd)"},{"$i":"emergencyCallsOnly-noSIM","$v":"(inget SIM-kort)"},{"$i":"emergencyCallsOnly-pinRequired","$v":"(SIM-kortets PIN-kod krävs)"},{"$i":"emergencyCallsOnly-pukRequired","$v":"(SIM-kortets PUK-kod krävs)"},{"$i":"emergencyCallsOnly-networkLocked","$v":"(nätverkslåst)"},{"$i":"emergencyCallsOnly-serviceProviderLocked","$v":"(operatörslåst)"},{"$i":"emergencyCallsOnly-corporateLocked","$v":"(företagslåst)"},{"$i":"emergencyCallsOnly-network1Locked","$v":"(nätverk1 låst)"},{"$i":"emergencyCallsOnly-network2Locked","$v":"(nätverk2 låst)"},{"$i":"emergencyCallsOnly-hrpdNetworkLocked","$v":"(hrpd nätverkslåst)"},{"$i":"emergencyCallsOnly-ruimCorporateLocked","$v":"(ruim företagslåst)"},{"$i":"emergencyCallsOnly-ruimServiceProviderLocked","$v":"(ruim operatörslåst)"},{"$i":"lockscreen-sim-id","$v":["SIM ",{"t":"idOrVar","v":"n"}]},{"$i":"charging-status-no-time","$v":[{"t":"idOrVar","v":"level"},"% Charged"]},{"$i":"charging-status-minutes","$v":{"zero":[{"t":"idOrVar","v":"level"},"% Charged (",{"t":"idOrVar","v":"minutes"}," mins remaining)"],"one":[{"t":"idOrVar","v":"level"},"% Charged (",{"t":"idOrVar","v":"minutes"}," min remaining)"],"two":[{"t":"idOrVar","v":"level"},"% Charged (",{"t":"idOrVar","v":"minutes"}," mins remaining)"],"few":[{"t":"idOrVar","v":"level"},"% Charged (",{"t":"idOrVar","v":"minutes"}," mins remaining)"],"many":[{"t":"idOrVar","v":"level"},"% Charged (",{"t":"idOrVar","v":"minutes"}," mins remaining)"],"other":[{"t":"idOrVar","v":"level"},"% Charged (",{"t":"idOrVar","v":"minutes"}," mins remaining)"]},"$x":[{"t":"idOrVar","v":"plural"},"minutes"]},{"$i":"charging-status-hours","$v":{"zero":[{"t":"idOrVar","v":"level"},"% Charged (",{"t":"idOrVar","v":"hours"},"h ",{"t":"idOrVar","v":"minutes"}," mins remaining)"],"one":[{"t":"idOrVar","v":"level"},"% Charged (",{"t":"idOrVar","v":"hours"},"h ",{"t":"idOrVar","v":"minutes"}," min remaining)"],"two":[{"t":"idOrVar","v":"level"},"% Charged (",{"t":"idOrVar","v":"hours"},"h ",{"t":"idOrVar","v":"minutes"}," mins remaining)"],"few":[{"t":"idOrVar","v":"level"},"% Charged (",{"t":"idOrVar","v":"hours"},"h ",{"t":"idOrVar","v":"minutes"}," mins remaining)"],"many":[{"t":"idOrVar","v":"level"},"% Charged (",{"t":"idOrVar","v":"hours"},"h ",{"t":"idOrVar","v":"minutes"}," mins remaining)"],"other":[{"t":"idOrVar","v":"level"},"% Charged (",{"t":"idOrVar","v":"hours"},"h ",{"t":"idOrVar","v":"minutes"}," mins remaining)"]},"$x":[{"t":"idOrVar","v":"plural"},"minutes"]},{"$i":"phoneNumberInput","ariaLabel":"Telefonnummer"},{"$i":"keypadDelete","ariaLabel":"Ta bort"},{"$i":"voiceMailKey","ariaLabel":"Röstbrevlåda"},{"$i":"asterisk","ariaLabel":"Asterisk"},{"$i":"hashSign","ariaLabel":"Hash-tecken"},{"$i":"loadingSimContacts","$v":"Loading SIM card contacts…"},{"$i":"noContactsWereFound","$v":"No contacts were found"},{"$i":"noContactsFoundDialogOk","$v":"OK"},{"$i":"emergencyNumber","$v":"Nödnummer"},{"$i":"callAirplaneModeMessage","$v":"För att ringa ett samtal måste du inaktivera flygplansläge i inställningar."},{"$i":"callAirplaneModeBtnOk","$v":"OK"},{"$i":"callAirplaneModeTitle","$v":"Flygplansläge aktiverat"},{"$i":"numberIsBusyTitle","$v":"Numret är upptaget"},{"$i":"numberIsBusyMessage","$v":"Numret är upptaget. Försök igen senare."},{"$i":"fdnIsActiveTitle","$v":"FDN aktiv"},{"$i":"fdnIsActiveMessage","$v":["FDN (Fasta nummer) är aktiverad och följande nummer finns inte i din FDN lista: ",{"t":"idOrVar","v":"number"}]},{"$i":"emergencyDialogBodyBadNumber","$v":"För att ringa ett samtal, måste telefonen vara ansluten till ett mobilnät."},{"$i":"emergencyDialogBodyDeviceNotAccepted","$v":"Nödsamtal är inte tillåtna i nätet."},{"$i":"emergencyDialogBtnOk","$v":"OK"},{"$i":"emergencyDialogTitle","$v":"Ingen nätverksanslutning"},{"$i":"invalidNumberToDialTitle","$v":"Ogiltigt telefonnummer"},{"$i":"invalidNumberToDialMessage","$v":"Telefonnumret du ringer är inte giltigt."},{"$i":"unableToCallTitle","$v":"Kan inte ringa ett samtal nu"},{"$i":"unableToCallMessage","$v":"Det går inte att ringa. Om du redan ringer, vänligen lägg på först."},{"$i":"otherConnectionInUseTitle","$v":"Annan anslutning används"},{"$i":"otherConnectionInUseMessage","$v":"Du har ett pågående samtal på en annan anslutning. Du kan bara använda en anslutning i taget."}]