[{"$i":"addNewNumber","$v":"添加新号码"},{"$i":"contactDetails","$v":"联系人详情"},{"$i":"addToExistingContact","$v":"添加到现有联系人"},{"$i":"all","$v":"全部","ariaLabel":"全部"},{"$i":"bluetoothOption","ariaLabel":"Bluetooth"},{"$i":"callLog","$v":"通话记录"},{"$i":"callLogEdit","title":"编辑通话记录"},{"$i":"callLogEditDialog","ariaLabel":"编辑通话记录对话框"},{"$i":"connecting","$v":"正在连接"},{"$i":"connectingEllipsis","$v":"正在连接..."},{"$i":"call-forwarding-async","$v":["异步：",{"t":"idOrVar","v":"async"}]},{"$i":"call-forwarding-data","$v":"数据：data }}"},{"$i":"call-forwarding-error","$v":"获取呼叫转移状态时发生错误"},{"$i":"call-forwarding-fax","$v":["传真：",{"t":"idOrVar","v":"fax"}]},{"$i":"call-forwarding-inactive","$v":"未使用"},{"$i":"call-forwarding-packet","$v":["包：",{"t":"idOrVar","v":"packet"}]},{"$i":"call-forwarding-pad","$v":["PAD：",{"t":"idOrVar","v":"pad"}]},{"$i":"call-forwarding-sms","$v":["短信（SMS）：",{"t":"idOrVar","v":"sms"}]},{"$i":"call-forwarding-status","$v":"呼叫转移状态"},{"$i":"call-forwarding-sync","$v":["同步：",{"t":"idOrVar","v":"sync"}]},{"$i":"call-forwarding-voice","$v":["语音：",{"t":"idOrVar","v":"voice"}]},{"$i":"close","$v":"关闭"},{"$i":"confirm-deletion","$v":"要删除所选的通话记录吗？"},{"$i":"contacts","ariaLabel":"联系人"},{"$i":"createNewContact","$v":"新建联系人"},{"$i":"delete","$v":"删除"},{"$i":"deselectAll","$v":"全部不选"},{"$i":"dialerAddContact","ariaLabel":"添加联系人"},{"$i":"dialerAddContactDialog","ariaLabel":"Add Contact Dialog"},{"$i":"callInformation","$v":"拨叫信息"},{"$i":"edit-selected","$v":{"one":["已选择 ",{"t":"idOrVar","v":"n"}," 条"],"two":["已选择 ",{"t":"idOrVar","v":"n"}," 条"],"few":["已选择 ",{"t":"idOrVar","v":"n"}," 条"],"many":["已选择 ",{"t":"idOrVar","v":"n"}," 条"],"other":["已选择 ",{"t":"idOrVar","v":"n"}," 条"]},"$x":[{"t":"idOrVar","v":"plural"},"n"]},{"$i":"edit","$v":"编辑"},{"$i":"hideKeypad","ariaLabel":"隐藏键盘"},{"$i":"ignore","$v":"忽略来电"},{"$i":"incoming","$v":"呼入"},{"$i":"keypad","ariaLabel":"键盘"},{"$i":"makeCall","ariaLabel":"拨打电话"},{"$i":"merge","ariaLabel":"Merge"},{"$i":"info-missed","$v":"未接"},{"$i":"missed","$v":"未接","ariaLabel":"错过的"},{"$i":"canceled","$v":"已取消"},{"$i":"missedCall","$v":"未接电话"},{"$i":"missedCallMultiSims","$v":["(SIM ",{"t":"idOrVar","v":"n"},") 未接来电"]},{"$i":"mmi-error","$v":"发送短信息时发生错误"},{"$i":"mmi-session-expired","$v":"会话过期"},{"$i":"mmi-successfully-sent","$v":"信息发送成功"},{"$i":"mmi-notification-title-with-sim","$v":["(",{"t":"idOrVar","v":"sim"},") ",{"t":"idOrVar","v":"title"}]},{"$i":"mute","ariaLabel":"静音"},{"$i":"newCall","ariaLabel":"新来电"},{"$i":"no-logs-msg-1","$v":"无通话记录"},{"$i":"no-logs-msg-2","$v":"立刻开始通讯"},{"$i":"no-logs-msg-3","$v":"没有未接电话"},{"$i":"onHoldOption","ariaLabel":"On hold"},{"$i":"outgoing","$v":"发送"},{"$i":"recents","ariaLabel":"最近来电"},{"$i":"reply","$v":"回复"},{"$i":"selectAll","$v":"选择全部"},{"$i":"send","$v":"发送"},{"$i":"switch-calls","$v":"切换通话"},{"$i":"today","$v":"今天"},{"$i":"withheld-number","$v":"隐藏号码"},{"$i":"from-contact","$v":["来自 ",{"t":"idOrVar","v":"contact"}]},{"$i":"from-number","$v":["来自 ",{"t":"idOrVar","v":"number"}]},{"$i":"from-withheld-number","$v":"来自隐藏号码"},{"$i":"yesterday","$v":"昨天"},{"$i":"sending","$v":"正在发送…"},{"$i":"speakerOption","ariaLabel":"扬声器"},{"$i":"ussd-services","$v":[{"t":"idOrVar","v":"operator"}," 服务"]},{"$i":"toggleKeypad","ariaLabel":"切换键盘"},{"$i":"type-your-response","placeholder":"输入回复内容…"},{"$i":"clear-all-text","$v":"清除所有文字"},{"$i":"hide","$v":"隐藏"},{"$i":"call","$v":"拨打"},{"$i":"hold","ariaLabel":"保留"},{"$i":"resume","$v":"继续","ariaLabel":"继续"},{"$i":"sendSms","$v":"发送消息"},{"$i":"callEnded","$v":"通话结束"},{"$i":"via-sim","$v":["通过 SIM",{"t":"idOrVar","v":"n"}]},{"$i":"sim-number","$v":["SIM",{"t":"idOrVar","v":"n"}]},{"$i":"unknown","$v":"未知"},{"$i":"cancel","$v":"取消"},{"$i":"hangup-a11y-button","ariaLabel":"挂断"},{"$i":"pickup-a11y-button","ariaLabel":"接听"},{"$i":"unlock-a11y-button","ariaLabel":"滑动条"},{"$i":"settings","$v":"设置"},{"$i":"delete-n-log?","$v":{"zero":"未选择","one":"是否删除选中的日志？","two":["确定删除 ",{"t":"idOrVar","v":"n"}," 条记录？"],"few":["确定删除 ",{"t":"idOrVar","v":"n"}," 条记录？"],"many":["确定删除 ",{"t":"idOrVar","v":"n"}," 条记录？"],"other":["确定删除 ",{"t":"idOrVar","v":"n"}," 条记录？"]},"$x":[{"t":"idOrVar","v":"plural"},"n"]},{"$i":"callDurationMinutes","$v":[{"t":"idOrVar","v":"m"},":",{"t":"idOrVar","v":"s"}]},{"$i":"callDurationHours","$v":[{"t":"idOrVar","v":"h"},":",{"t":"idOrVar","v":"m"},":",{"t":"idOrVar","v":"s"}]},{"$i":"callDurationTextFormatSeconds","$v":[{"t":"idOrVar","v":"s"}," 秒"]},{"$i":"callDurationTextFormatMinutes","$v":[{"t":"idOrVar","v":"m"}," 分钟 ",{"t":"idOrVar","v":"s"}," 秒"]},{"$i":"callDurationTextFormatHours","$v":[{"t":"idOrVar","v":"h"}," 小时 ",{"t":"idOrVar","v":"m"}," 分钟 ",{"t":"idOrVar","v":"s"}," 秒"]},{"$i":"suggestionMatches","$v":{"one":[{"t":"idOrVar","v":"n"},"个符合“",{"t":"idOrVar","v":"matchNumber"},"”的条目"],"two":[{"t":"idOrVar","v":"n"},"个符合“",{"t":"idOrVar","v":"matchNumber"},"”的条目"],"few":[{"t":"idOrVar","v":"n"},"个符合“",{"t":"idOrVar","v":"matchNumber"},"”的条目"],"many":[{"t":"idOrVar","v":"n"},"个符合“",{"t":"idOrVar","v":"matchNumber"},"”的条目"],"other":[{"t":"idOrVar","v":"n"},"个符合“",{"t":"idOrVar","v":"matchNumber"},"”的条目"]},"$x":[{"t":"idOrVar","v":"plural"},"n"]},{"$i":"scCallBarring","$v":"呼叫限制"},{"$i":"scCallForwarding","$v":"呼叫转移"},{"$i":"scClip","$v":"来电呼叫者 ID"},{"$i":"scClir","$v":"拨出呼叫者 ID"},{"$i":"scPwd","$v":"密码更改"},{"$i":"scCallWaiting","$v":"呼叫等待"},{"$i":"scPin","$v":"PIN 更改"},{"$i":"scPin2","$v":"PIN2 更改"},{"$i":"scPuk","$v":"解锁 PIN"},{"$i":"scPuk2","$v":"解锁 PIN2"},{"$i":"scImei","$v":"IMEI"},{"$i":"scUssd","$v":"USSD"},{"$i":"serviceClassVoice","$v":"语音"},{"$i":"serviceClassData","$v":"数据"},{"$i":"serviceClassFax","$v":"传真"},{"$i":"serviceClassSms","$v":"短信"},{"$i":"serviceClassDataSync","$v":"同步"},{"$i":"serviceClassDataAsync","$v":"异步"},{"$i":"serviceClassPacket","$v":"数据包"},{"$i":"serviceClassPad","$v":"PAD"},{"$i":"smServiceEnabled","$v":"服务已启用"},{"$i":"smServiceDisabled","$v":"服务已禁用"},{"$i":"smServiceRegistered","$v":"注册成功"},{"$i":"smServiceErased","$v":"擦除成功"},{"$i":"smServiceInterrogated","$v":"请求成功"},{"$i":"smServiceNotProvisioned","$v":"未提供这项服务"},{"$i":"smClirPermanent","$v":"您不能更改来电者ID设置"},{"$i":"smClirDefaultOnNextCallOn","$v":"呼叫者 ID 默认已限制。下一个电话：已限制"},{"$i":"smClirDefaultOnNextCallOff","$v":"呼叫者 ID 默认已限制。下一个电话：不限制"},{"$i":"smClirDefaultOffNextCallOn","$v":"呼叫者 ID 默认不限制。下一个电话：已限制"},{"$i":"smClirDefaultOffNextCallOff","$v":"呼叫者 ID 默认不限制。下一个电话：不限制"},{"$i":"smServiceEnabledFor","$v":"已对下列项启用服务："},{"$i":"smPinChanged","$v":"更改 PIN 成功"},{"$i":"smPinUnblocked","$v":"PIN 解锁成功"},{"$i":"smPin2Changed","$v":"更改 PIN2 成功"},{"$i":"smPin2Unblocked","$v":"解锁 PIN2 成功"},{"$i":"ServiceIsEnabled","$v":"服务已启用"},{"$i":"ServiceIsDisabled","$v":"服务已禁用"},{"$i":"ServiceIsEnabledFor","$v":"服务已启用于："},{"$i":"emMmiError","$v":"连接故障或者无效的 MMI 码"},{"$i":"emMmiErrorPasswordIncorrect","$v":"密码错误"},{"$i":"emMmiErrorNotSupported","$v":"无效或不支持的 MMI 码"},{"$i":"emMmiErrorInvalidAction","$v":"无效操作"},{"$i":"emMmiErrorInvalidScCode","$v":"无效服务码"},{"$i":"emMmiErrorBadPuk","$v":"输入的 PUK 不正确"},{"$i":"emMmiErrorBadPin","$v":"输入的旧 PIN 码不正确"},{"$i":"emMmiErrorNeedPuk2","$v":"输入 PUK2 码解锁 SIM 卡"},{"$i":"emMmiErrorMismatchPin","$v":"输入的 PIN 不匹配"},{"$i":"emMmiErrorInvalidPin","$v":"请输入一个 4 至 8 位数字的 PIN 码"},{"$i":"emMmiErrorNeedsPuk","$v":"你的 SIM 卡已经被锁定 PUK"},{"$i":"emMmiErrorEnablePin","$v":"不成功。启用 SIM/RUIM 锁定"},{"$i":"emMmiErrorMmiFdn","$v":"操作仅限于限制呼叫的号码"},{"$i":"emMmiErrorStkCcUssdDial","$v":"USSD 请求已经改为 DIAL 请求"},{"$i":"emMmiErrorStkCcUssdSs","$v":"USSD 请求已经改为 SS 请求"},{"$i":"emMmiErrorStkCcUssdUssd","$v":"USSD 请求已经改为新的 USSD 请求"},{"$i":"emMmiErrorStkCcSsDial","$v":"SS 请求已经改为 DIAL 请求"},{"$i":"emMmiErrorStkCcSsUssd","$v":"SS 请求已经改为 USSD 请求"},{"$i":"emMmiErrorStkCcSsSs","$v":"SS 请求已经改为新的 SS 请求"},{"$i":"emMmiErrorPinPukAttempts","$v":{"one":["还能再试 ",{"t":"idOrVar","v":"n"}," 次"],"two":["还能再试 ",{"t":"idOrVar","v":"n"}," 次"],"few":["还能再试 ",{"t":"idOrVar","v":"n"}," 次"],"many":["还能再试 ",{"t":"idOrVar","v":"n"}," 次"],"other":["还能再试 ",{"t":"idOrVar","v":"n"}," 次"]},"$x":[{"t":"idOrVar","v":"plural"},"n"]},{"$i":"emMmiErrorSimBlocked","$v":"超过最大重试次数，SIM 卡已锁定"},{"$i":"RadioNotAvailable","$v":"收音机不可用"},{"$i":"GenericFailure","$v":"一般故障"},{"$i":"PasswordIncorrect","$v":"密码错误"},{"$i":"SimPin2","$v":"SIM PIN2"},{"$i":"SimPuk2","$v":"SIM PUK2"},{"$i":"RequestNotSupported","$v":"请求不支持"},{"$i":"OpNotAllowedDuringVoiceCall","$v":"语音通话期间不允许此操作"},{"$i":"SmsSendFailRetry","$v":"短信发送失败重试"},{"$i":"SimAbsent","$v":"无 SIM 卡"},{"$i":"SubscriptionNotAvailable","$v":"订阅不可用"},{"$i":"ModeNotSupported","$v":"不支持该模式"},{"$i":"FdnCheckFailure","$v":"固定拨号（FDN）检查失败"},{"$i":"IllegalSimOrMe","$v":"非法的 SIM 或 ME"},{"$i":"DialModifiedToUssd","$v":"拨号改为 USSD"},{"$i":"DialModifiedToSs","$v":"拨号改为 SS"},{"$i":"DialModifiedToDial","$v":"拨号改为拨号"},{"$i":"UssdModifiedToDial","$v":"USSD 改为拨号"},{"$i":"UssdModifiedToSs","$v":"USSD 改为 SS"},{"$i":"UssdModifiedToUssd","$v":"USSD 改为 USSD"},{"$i":"SsModifiedToDial","$v":"SS 改为拨号"},{"$i":"SsModifiedToUssd","$v":"SS 改为 USSD"},{"$i":"SsModifiedToSs","$v":"SS 改为 SS"},{"$i":"SubscriptionNotSupported","$v":"不支持订阅"},{"$i":"InvalidParameter","$v":"无效参数"},{"$i":"RejectedByRemote","$v":"被远端拒绝"},{"$i":"conferenceCall","$v":["会议 (",{"t":"idOrVar","v":"n"},")"]},{"$i":"caller-left-call","$v":[{"t":"idOrVar","v":"caller"}," 已离开此通话。"]},{"$i":"conferenceAddError","$v":"无法合并呼叫"},{"$i":"conferenceRemoveError","$v":"无法解除呼叫合并"},{"$i":"longDateFormat","$v":"%m月%e日%A"},{"$i":"select-audio-sources","$v":"选择声音来源"},{"$i":"bluetooth-handsfree-device","$v":"蓝牙免提设备"},{"$i":"receiver","$v":"听筒"},{"$i":"speaker","$v":"扬声器"},{"$i":"voiceMail","$v":"语音信箱"},{"$i":"weekday-0-long","$v":"星期日"},{"$i":"weekday-1-long","$v":"星期一"},{"$i":"weekday-2-long","$v":"星期二"},{"$i":"weekday-3-long","$v":"星期三"},{"$i":"weekday-4-long","$v":"星期四"},{"$i":"weekday-5-long","$v":"星期五"},{"$i":"weekday-6-long","$v":"星期六"},{"$i":"weekday-0-short","$v":"日"},{"$i":"weekday-1-short","$v":"一"},{"$i":"weekday-2-short","$v":"二"},{"$i":"weekday-3-short","$v":"三"},{"$i":"weekday-4-short","$v":"四"},{"$i":"weekday-5-short","$v":"五"},{"$i":"weekday-6-short","$v":"六"},{"$i":"month-0-long","$v":"1 月"},{"$i":"month-1-long","$v":"2 月"},{"$i":"month-2-long","$v":"3 月"},{"$i":"month-3-long","$v":"4 月"},{"$i":"month-4-long","$v":"5 月"},{"$i":"month-5-long","$v":"6 月"},{"$i":"month-6-long","$v":"7 月"},{"$i":"month-7-long","$v":"8 月"},{"$i":"month-8-long","$v":"9 月"},{"$i":"month-9-long","$v":"10 月"},{"$i":"month-10-long","$v":"11 月"},{"$i":"month-11-long","$v":"12 月"},{"$i":"month-0-genitive","$v":"一月"},{"$i":"month-1-genitive","$v":"二月"},{"$i":"month-2-genitive","$v":"三月"},{"$i":"month-3-genitive","$v":"四月"},{"$i":"month-4-genitive","$v":"五月"},{"$i":"month-5-genitive","$v":"六月"},{"$i":"month-6-genitive","$v":"七月"},{"$i":"month-7-genitive","$v":"八月"},{"$i":"month-8-genitive","$v":"九月"},{"$i":"month-9-genitive","$v":"十月"},{"$i":"month-10-genitive","$v":"十一月"},{"$i":"month-11-genitive","$v":"十二月"},{"$i":"month-0-short","$v":"1 月"},{"$i":"month-1-short","$v":"2 月"},{"$i":"month-2-short","$v":"3 月"},{"$i":"month-3-short","$v":"4 月"},{"$i":"month-4-short","$v":"5 月"},{"$i":"month-5-short","$v":"6 月"},{"$i":"month-6-short","$v":"7 月"},{"$i":"month-7-short","$v":"8 月"},{"$i":"month-8-short","$v":"9 月"},{"$i":"month-9-short","$v":"10 月"},{"$i":"month-10-short","$v":"11 月"},{"$i":"month-11-short","$v":"12 月"},{"$i":"minutes-ago-long","$v":{"zero":"刚才","one":"1 分钟前","two":[{"t":"idOrVar","v":"value"}," 分钟前"],"few":[{"t":"idOrVar","v":"value"}," 分钟前"],"many":[{"t":"idOrVar","v":"value"}," 分钟前"],"other":[{"t":"idOrVar","v":"value"}," 分钟前"]},"$x":[{"t":"idOrVar","v":"plural"},"value"]},{"$i":"hours-ago-long","$v":{"zero":"刚才","one":"1 小时前","two":[{"t":"idOrVar","v":"value"}," 小时前"],"few":[{"t":"idOrVar","v":"value"}," 小时前"],"many":[{"t":"idOrVar","v":"value"}," 小时前"],"other":[{"t":"idOrVar","v":"value"}," 小时前"]},"$x":[{"t":"idOrVar","v":"plural"},"value"]},{"$i":"days-ago-long","$v":{"zero":"今天","one":"昨天","two":[{"t":"idOrVar","v":"value"}," 天前"],"few":[{"t":"idOrVar","v":"value"}," 天前"],"many":[{"t":"idOrVar","v":"value"}," 天前"],"other":[{"t":"idOrVar","v":"value"}," 天前"]},"$x":[{"t":"idOrVar","v":"plural"},"value"]},{"$i":"weeks-ago-long","$v":{"zero":"本周","one":"上周","two":[{"t":"idOrVar","v":"value"}," 周前"],"few":[{"t":"idOrVar","v":"value"}," 周前"],"many":[{"t":"idOrVar","v":"value"}," 周前"],"other":[{"t":"idOrVar","v":"value"}," 周前"]},"$x":[{"t":"idOrVar","v":"plural"},"value"]},{"$i":"months-ago-long","$v":{"zero":"本月","one":"上月","two":[{"t":"idOrVar","v":"value"}," 个月前"],"few":[{"t":"idOrVar","v":"value"}," 个月前"],"many":[{"t":"idOrVar","v":"value"}," 个月前"],"other":[{"t":"idOrVar","v":"value"}," 个月前"]},"$x":[{"t":"idOrVar","v":"plural"},"value"]},{"$i":"years-ago-long","$v":{"zero":"今年","one":"去年","two":[{"t":"idOrVar","v":"value"}," 年前"],"few":[{"t":"idOrVar","v":"value"}," 年前"],"many":[{"t":"idOrVar","v":"value"}," 年前"],"other":[{"t":"idOrVar","v":"value"}," 年前"]},"$x":[{"t":"idOrVar","v":"plural"},"value"]},{"$i":"minutes-until-long","$v":{"zero":"现在","one":"1 分钟内","two":["剩",{"t":"idOrVar","v":"value"},"分钟"],"few":["剩",{"t":"idOrVar","v":"value"},"分钟"],"many":["剩",{"t":"idOrVar","v":"value"},"分钟"],"other":["剩",{"t":"idOrVar","v":"value"},"分钟"]},"$x":[{"t":"idOrVar","v":"plural"},"value"]},{"$i":"hours-until-long","$v":{"zero":"现在","one":"1 小时内","two":["剩",{"t":"idOrVar","v":"value"},"小时"],"few":["剩",{"t":"idOrVar","v":"value"},"小时"],"many":["剩",{"t":"idOrVar","v":"value"},"小时"],"other":["剩",{"t":"idOrVar","v":"value"},"小时"]},"$x":[{"t":"idOrVar","v":"plural"},"value"]},{"$i":"days-until-long","$v":{"zero":"今天","one":"明天","two":["剩",{"t":"idOrVar","v":"value"},"天"],"few":["剩",{"t":"idOrVar","v":"value"},"天"],"many":["剩",{"t":"idOrVar","v":"value"},"天"],"other":["剩",{"t":"idOrVar","v":"value"},"天"]},"$x":[{"t":"idOrVar","v":"plural"},"value"]},{"$i":"weeks-until-long","$v":{"zero":"本周","one":"下周","two":["剩",{"t":"idOrVar","v":"value"},"周"],"few":["剩",{"t":"idOrVar","v":"value"},"周"],"many":["剩",{"t":"idOrVar","v":"value"},"周"],"other":["剩",{"t":"idOrVar","v":"value"},"周"]},"$x":[{"t":"idOrVar","v":"plural"},"value"]},{"$i":"months-until-long","$v":{"zero":"本月","one":"下月","two":["剩",{"t":"idOrVar","v":"value"},"个月"],"few":["剩",{"t":"idOrVar","v":"value"},"个月"],"many":["剩",{"t":"idOrVar","v":"value"},"个月"],"other":["剩",{"t":"idOrVar","v":"value"},"个月"]},"$x":[{"t":"idOrVar","v":"plural"},"value"]},{"$i":"years-until-long","$v":{"zero":"今年","one":"明年","two":["剩",{"t":"idOrVar","v":"value"},"年"],"few":["剩",{"t":"idOrVar","v":"value"},"年"],"many":["剩",{"t":"idOrVar","v":"value"},"年"],"other":["剩",{"t":"idOrVar","v":"value"},"年"]},"$x":[{"t":"idOrVar","v":"plural"},"value"]},{"$i":"minutes-ago-short","$v":{"zero":"刚才","other":[{"t":"idOrVar","v":"value"}," 分钟前"]},"$x":[{"t":"idOrVar","v":"plural"},"value"]},{"$i":"hours-ago-short","$v":{"zero":"刚才","other":[{"t":"idOrVar","v":"value"},"小时前"]},"$x":[{"t":"idOrVar","v":"plural"},"value"]},{"$i":"days-ago-short","$v":{"zero":"今天","other":[{"t":"idOrVar","v":"value"}," 天前"]},"$x":[{"t":"idOrVar","v":"plural"},"value"]},{"$i":"minutes-until-short","$v":{"zero":"现在","other":["剩",{"t":"idOrVar","v":"value"},"分钟"]},"$x":[{"t":"idOrVar","v":"plural"},"value"]},{"$i":"hours-until-short","$v":{"zero":"现在","other":["剩",{"t":"idOrVar","v":"value"},"小时"]},"$x":[{"t":"idOrVar","v":"plural"},"value"]},{"$i":"days-until-short","$v":{"zero":"今天","other":["剩",{"t":"idOrVar","v":"value"},"天"]},"$x":[{"t":"idOrVar","v":"plural"},"value"]},{"$i":"incorrectDate","$v":"（日期不正确）"},{"$i":"dateTimeFormat_%c","$v":"%Y 年 %b %e 日 %a %H:%M:%S"},{"$i":"dateTimeFormat_%x","$v":"%Y/%m/%d"},{"$i":"dateTimeFormat_%X","$v":"%H:%M:%S"},{"$i":"shortTimeFormat","$v":"%H:%M"},{"$i":"shortTimeFormat12","$v":"%p %I:%M"},{"$i":"shortTimeFormat24","$v":"%H:%M"},{"$i":"shortDateTimeFormat","$v":"%x %H:%M"},{"$i":"weekStartsOnMonday","$v":"0"},{"$i":"firstDayOfTheWeek","$v":"0"},{"$i":"time_am","$v":"上午"},{"$i":"time_pm","$v":"下午"},{"$i":"label","$v":"标签"},{"$i":"mobile","$v":"移动"},{"$i":"home","$v":"住宅"},{"$i":"work","$v":"工作"},{"$i":"personal","$v":"个人"},{"$i":"faxHome","$v":"住宅传真"},{"$i":"faxOffice","$v":"单位传真"},{"$i":"faxOther","$v":"其他传真"},{"$i":"another","$v":"其他"},{"$i":"other","$v":"其他"},{"$i":"customTag","placeholder":"自定义标签"},{"$i":"current","$v":"当前"},{"$i":"itemWithLabel","$v":[{"t":"idOrVar","v":"label"},", ",{"t":"idOrVar","v":"item"}]},{"$i":"airplaneMode","$v":"飞行模式"},{"$i":"searching","$v":"正在搜索…"},{"$i":"noNetwork","$v":"无网络"},{"$i":"roaming","$v":[{"t":"idOrVar","v":"operator"},"（漫游）"]},{"$i":"operator-info","$v":[{"t":"idOrVar","v":"carrier"}," ",{"t":"idOrVar","v":"region"}]},{"$i":"emergencyCallsOnly","$v":"仅限紧急呼叫"},{"$i":"emergencyCallsOnly-unknownSIMState","$v":"（未知的 SIM 状态）"},{"$i":"emergencyCallsOnly-noSIM","$v":"（无 SIM 卡）"},{"$i":"emergencyCallsOnly-pinRequired","$v":"（需要 SIM PIN 码）"},{"$i":"emergencyCallsOnly-pukRequired","$v":"（需要 SIM PUK 码）"},{"$i":"emergencyCallsOnly-networkLocked","$v":"（网络锁开启）"},{"$i":"emergencyCallsOnly-serviceProviderLocked","$v":"（服务提供者已锁定）"},{"$i":"emergencyCallsOnly-corporateLocked","$v":"（公司已锁定）"},{"$i":"emergencyCallsOnly-network1Locked","$v":"（网络 1 已锁定）"},{"$i":"emergencyCallsOnly-network2Locked","$v":"（网络 2 已锁定）"},{"$i":"emergencyCallsOnly-hrpdNetworkLocked","$v":"（HRPD 网络已锁定）"},{"$i":"emergencyCallsOnly-ruimCorporateLocked","$v":"（RUIM 公司已锁定）"},{"$i":"emergencyCallsOnly-ruimServiceProviderLocked","$v":"（RUIM 服务提供者已锁定）"},{"$i":"lockscreen-sim-id","$v":["SIM ",{"t":"idOrVar","v":"n"}]},{"$i":"charging-status-no-time","$v":[{"t":"idOrVar","v":"level"},"% Charged"]},{"$i":"charging-status-minutes","$v":{"zero":[{"t":"idOrVar","v":"level"},"% Charged (",{"t":"idOrVar","v":"minutes"}," mins remaining)"],"one":[{"t":"idOrVar","v":"level"},"% Charged (",{"t":"idOrVar","v":"minutes"}," min remaining)"],"two":[{"t":"idOrVar","v":"level"},"% Charged (",{"t":"idOrVar","v":"minutes"}," mins remaining)"],"few":[{"t":"idOrVar","v":"level"},"% Charged (",{"t":"idOrVar","v":"minutes"}," mins remaining)"],"many":[{"t":"idOrVar","v":"level"},"% Charged (",{"t":"idOrVar","v":"minutes"}," mins remaining)"],"other":[{"t":"idOrVar","v":"level"},"% Charged (",{"t":"idOrVar","v":"minutes"}," mins remaining)"]},"$x":[{"t":"idOrVar","v":"plural"},"minutes"]},{"$i":"charging-status-hours","$v":{"zero":[{"t":"idOrVar","v":"level"},"% Charged (",{"t":"idOrVar","v":"hours"},"h ",{"t":"idOrVar","v":"minutes"}," mins remaining)"],"one":[{"t":"idOrVar","v":"level"},"% Charged (",{"t":"idOrVar","v":"hours"},"h ",{"t":"idOrVar","v":"minutes"}," min remaining)"],"two":[{"t":"idOrVar","v":"level"},"% Charged (",{"t":"idOrVar","v":"hours"},"h ",{"t":"idOrVar","v":"minutes"}," mins remaining)"],"few":[{"t":"idOrVar","v":"level"},"% Charged (",{"t":"idOrVar","v":"hours"},"h ",{"t":"idOrVar","v":"minutes"}," mins remaining)"],"many":[{"t":"idOrVar","v":"level"},"% Charged (",{"t":"idOrVar","v":"hours"},"h ",{"t":"idOrVar","v":"minutes"}," mins remaining)"],"other":[{"t":"idOrVar","v":"level"},"% Charged (",{"t":"idOrVar","v":"hours"},"h ",{"t":"idOrVar","v":"minutes"}," mins remaining)"]},"$x":[{"t":"idOrVar","v":"plural"},"minutes"]},{"$i":"phoneNumberInput","ariaLabel":"电话号码"},{"$i":"keypadDelete","ariaLabel":"删除"},{"$i":"voiceMailKey","ariaLabel":"语音信箱"},{"$i":"asterisk","ariaLabel":"星号"},{"$i":"hashSign","ariaLabel":"井号"},{"$i":"loadingSimContacts","$v":"Loading SIM card contacts…"},{"$i":"noContactsWereFound","$v":"No contacts were found"},{"$i":"noContactsFoundDialogOk","$v":"OK"},{"$i":"emergencyNumber","$v":"紧急号码"},{"$i":"callAirplaneModeMessage","$v":"要打电话，您必须在设置中禁用飞行模式。"},{"$i":"callAirplaneModeBtnOk","$v":"确定"},{"$i":"callAirplaneModeTitle","$v":"飞行模式已开启"},{"$i":"numberIsBusyTitle","$v":"号码正忙"},{"$i":"numberIsBusyMessage","$v":"您拨打的电话正忙。请稍后再拨。"},{"$i":"fdnIsActiveTitle","$v":"固定拨号已启用"},{"$i":"fdnIsActiveMessage","$v":["FDN（固定拨号）已激活，下面的号码不在您的 FDN 列表中：",{"t":"idOrVar","v":"number"}]},{"$i":"emergencyDialogBodyBadNumber","$v":"要打电话，本手机必须已连接到网络。"},{"$i":"emergencyDialogBodyDeviceNotAccepted","$v":"当前网络不允许紧急呼叫。"},{"$i":"emergencyDialogBtnOk","$v":"确定"},{"$i":"emergencyDialogTitle","$v":"没有网络连接"},{"$i":"invalidNumberToDialTitle","$v":"无效的电话号码"},{"$i":"invalidNumberToDialMessage","$v":"您所呼叫的电话号码无效。"},{"$i":"unableToCallTitle","$v":"现在无法拨叫电话"},{"$i":"unableToCallMessage","$v":"无法呼叫电话。如果您已经在拨号，请先挂断。"},{"$i":"otherConnectionInUseTitle","$v":"其他正在使用的连接"},{"$i":"otherConnectionInUseMessage","$v":"您的另一个连接正在进行通话。您在同一时间只能使用一个连接。"}]