[{"$i":"geolocation-tracker","$v":"Geolocation tracker"},{"$i":"geoloc-get","$v":"Get current"},{"$i":"geoloc-start","$v":"Start"},{"$i":"geoloc-stop","$v":"Stop"},{"$i":"geoloc-clear","$v":"Clear"},{"$i":"geoloc-debug","$v":"Show debug traces"},{"$i":"geoloc-keep","$v":"Keep locations"},{"$i":"geoloc-save","$v":"Save as a file"},{"$i":"geoloc-parameters","$v":"Parameters"},{"$i":"geoloc-status","$v":"Status"},{"$i":"geoloc-debug-log","$v":"Debug log"},{"$i":"geoloc-timeout","$v":"Timeout"},{"$i":"geoloc-maxage","$v":"Max. age"},{"$i":"geoloc-highaccuracy","$v":"High accuracy"},{"$i":"geoloc-msecs","$v":"Timeout and max. age are specified in milliseconds."},{"$i":"gps-fixes","$v":"Fixes"},{"$i":"last-fix","$v":"Last"},{"$i":"date-last-fix","placeholder":"None"},{"$i":"weekday-0-long","$v":"неделя"},{"$i":"weekday-1-long","$v":"понеделник"},{"$i":"weekday-2-long","$v":"вторник"},{"$i":"weekday-3-long","$v":"сряда"},{"$i":"weekday-4-long","$v":"четвъртък"},{"$i":"weekday-5-long","$v":"петък"},{"$i":"weekday-6-long","$v":"събота"},{"$i":"weekday-0-short","$v":"нед"},{"$i":"weekday-1-short","$v":"пон"},{"$i":"weekday-2-short","$v":"вто"},{"$i":"weekday-3-short","$v":"сря"},{"$i":"weekday-4-short","$v":"чет"},{"$i":"weekday-5-short","$v":"пет"},{"$i":"weekday-6-short","$v":"съб"},{"$i":"month-0-long","$v":"януари"},{"$i":"month-1-long","$v":"февруари"},{"$i":"month-2-long","$v":"мaрт"},{"$i":"month-3-long","$v":"април"},{"$i":"month-4-long","$v":"май"},{"$i":"month-5-long","$v":"юни"},{"$i":"month-6-long","$v":"юли"},{"$i":"month-7-long","$v":"август"},{"$i":"month-8-long","$v":"септември"},{"$i":"month-9-long","$v":"октомври"},{"$i":"month-10-long","$v":"ноември"},{"$i":"month-11-long","$v":"декември"},{"$i":"month-0-genitive","$v":"януари"},{"$i":"month-1-genitive","$v":"февруари"},{"$i":"month-2-genitive","$v":"мaрт"},{"$i":"month-3-genitive","$v":"април"},{"$i":"month-4-genitive","$v":"май"},{"$i":"month-5-genitive","$v":"юни"},{"$i":"month-6-genitive","$v":"юли"},{"$i":"month-7-genitive","$v":"август"},{"$i":"month-8-genitive","$v":"септември"},{"$i":"month-9-genitive","$v":"октомври"},{"$i":"month-10-genitive","$v":"ноември"},{"$i":"month-11-genitive","$v":"декември"},{"$i":"month-0-short","$v":"яну"},{"$i":"month-1-short","$v":"фев"},{"$i":"month-2-short","$v":"мар"},{"$i":"month-3-short","$v":"апр"},{"$i":"month-4-short","$v":"май"},{"$i":"month-5-short","$v":"юни"},{"$i":"month-6-short","$v":"юли"},{"$i":"month-7-short","$v":"авг"},{"$i":"month-8-short","$v":"сеп"},{"$i":"month-9-short","$v":"окт"},{"$i":"month-10-short","$v":"ное"},{"$i":"month-11-short","$v":"дек"},{"$i":"minutes-ago-long","$v":{"zero":"току-що","one":"преди минута","two":["преди ",{"t":"idOrVar","v":"value"}," минути"],"few":["преди ",{"t":"idOrVar","v":"value"}," минути"],"many":["преди ",{"t":"idOrVar","v":"value"}," минути"],"other":["преди ",{"t":"idOrVar","v":"value"}," минути"]},"$x":[{"t":"idOrVar","v":"plural"},"value"]},{"$i":"hours-ago-long","$v":{"zero":"току-що","one":"преди час","two":["преди ",{"t":"idOrVar","v":"value"}," часа"],"few":["преди ",{"t":"idOrVar","v":"value"}," часа"],"many":["преди ",{"t":"idOrVar","v":"value"}," часа"],"other":["преди ",{"t":"idOrVar","v":"value"}," часа"]},"$x":[{"t":"idOrVar","v":"plural"},"value"]},{"$i":"days-ago-long","$v":{"zero":"днес","one":"вчера","two":["преди ",{"t":"idOrVar","v":"value"}," дена"],"few":["преди ",{"t":"idOrVar","v":"value"}," дена"],"many":["преди ",{"t":"idOrVar","v":"value"}," дена"],"other":["преди ",{"t":"idOrVar","v":"value"}," дена"]},"$x":[{"t":"idOrVar","v":"plural"},"value"]},{"$i":"weeks-ago-long","$v":{"zero":"тази седмица","one":"миналата седмица","two":["преди ",{"t":"idOrVar","v":"value"}," седмици"],"few":["преди ",{"t":"idOrVar","v":"value"}," седмици"],"many":["преди ",{"t":"idOrVar","v":"value"}," седмици"],"other":["преди ",{"t":"idOrVar","v":"value"}," седмици"]},"$x":[{"t":"idOrVar","v":"plural"},"value"]},{"$i":"months-ago-long","$v":{"zero":"този месец","one":"миналия месец","two":["преди ",{"t":"idOrVar","v":"value"}," месеца"],"few":["преди ",{"t":"idOrVar","v":"value"}," месеца"],"many":["преди ",{"t":"idOrVar","v":"value"}," месеца"],"other":["преди ",{"t":"idOrVar","v":"value"}," месеца"]},"$x":[{"t":"idOrVar","v":"plural"},"value"]},{"$i":"years-ago-long","$v":{"zero":"тази година","one":"миналата година","two":["преди ",{"t":"idOrVar","v":"value"}," години"],"few":["преди ",{"t":"idOrVar","v":"value"}," години"],"many":["преди ",{"t":"idOrVar","v":"value"}," години"],"other":["преди ",{"t":"idOrVar","v":"value"}," години"]},"$x":[{"t":"idOrVar","v":"plural"},"value"]},{"$i":"minutes-until-long","$v":{"zero":"сега","one":"до една минута","two":["след ",{"t":"idOrVar","v":"value"}," минути"],"few":["след ",{"t":"idOrVar","v":"value"}," минути"],"many":["след ",{"t":"idOrVar","v":"value"}," минути"],"other":["след ",{"t":"idOrVar","v":"value"}," минути"]},"$x":[{"t":"idOrVar","v":"plural"},"value"]},{"$i":"hours-until-long","$v":{"zero":"сега","one":"до един час","two":["след ",{"t":"idOrVar","v":"value"}," часа"],"few":["след ",{"t":"idOrVar","v":"value"}," часа"],"many":["след ",{"t":"idOrVar","v":"value"}," часа"],"other":["след ",{"t":"idOrVar","v":"value"}," часа"]},"$x":[{"t":"idOrVar","v":"plural"},"value"]},{"$i":"days-until-long","$v":{"zero":"днес","one":"утре","two":["след ",{"t":"idOrVar","v":"value"}," дена"],"few":["след ",{"t":"idOrVar","v":"value"}," дена"],"many":["след ",{"t":"idOrVar","v":"value"}," дена"],"other":["след ",{"t":"idOrVar","v":"value"}," дена"]},"$x":[{"t":"idOrVar","v":"plural"},"value"]},{"$i":"weeks-until-long","$v":{"zero":"тази седмица","one":"другата седмица","two":["след ",{"t":"idOrVar","v":"value"}," седмици"],"few":["след ",{"t":"idOrVar","v":"value"}," седмици"],"many":["след ",{"t":"idOrVar","v":"value"}," седмици"],"other":["след ",{"t":"idOrVar","v":"value"}," седмици"]},"$x":[{"t":"idOrVar","v":"plural"},"value"]},{"$i":"months-until-long","$v":{"zero":"този месец","one":"другия месец","two":["след ",{"t":"idOrVar","v":"value"}," месеца"],"few":["след ",{"t":"idOrVar","v":"value"}," месеца"],"many":["след ",{"t":"idOrVar","v":"value"}," месеца"],"other":["след ",{"t":"idOrVar","v":"value"}," месеца"]},"$x":[{"t":"idOrVar","v":"plural"},"value"]},{"$i":"years-until-long","$v":{"zero":"тази година","one":"следващата година","two":["след ",{"t":"idOrVar","v":"value"}," години"],"few":["след ",{"t":"idOrVar","v":"value"}," години"],"many":["след ",{"t":"idOrVar","v":"value"}," години"],"other":["след ",{"t":"idOrVar","v":"value"}," години"]},"$x":[{"t":"idOrVar","v":"plural"},"value"]},{"$i":"minutes-ago-short","$v":{"zero":"току-що","other":["преди ",{"t":"idOrVar","v":"value"},"м"]},"$x":[{"t":"idOrVar","v":"plural"},"value"]},{"$i":"hours-ago-short","$v":{"zero":"току-що","other":["преди ",{"t":"idOrVar","v":"value"},"ч"]},"$x":[{"t":"idOrVar","v":"plural"},"value"]},{"$i":"days-ago-short","$v":{"zero":"днес","other":["преди ",{"t":"idOrVar","v":"value"},"д"]},"$x":[{"t":"idOrVar","v":"plural"},"value"]},{"$i":"minutes-until-short","$v":{"zero":"сега","other":["след ",{"t":"idOrVar","v":"value"},"м"]},"$x":[{"t":"idOrVar","v":"plural"},"value"]},{"$i":"hours-until-short","$v":{"zero":"сега","other":["след ",{"t":"idOrVar","v":"value"},"ч"]},"$x":[{"t":"idOrVar","v":"plural"},"value"]},{"$i":"days-until-short","$v":{"zero":"днес","other":["след ",{"t":"idOrVar","v":"value"},"д"]},"$x":[{"t":"idOrVar","v":"plural"},"value"]},{"$i":"incorrectDate","$v":"(невалидна дата)"},{"$i":"dateTimeFormat_%c","$v":"%a, %e %b %Y %H:%M:%S"},{"$i":"dateTimeFormat_%x","$v":"%d.%m.%Y"},{"$i":"dateTimeFormat_%X","$v":"%H:%M:%S"},{"$i":"shortTimeFormat","$v":"%I:%M %p"},{"$i":"shortTimeFormat12","$v":"%I:%M %p"},{"$i":"shortTimeFormat24","$v":"%H:%M"},{"$i":"shortDateTimeFormat","$v":"%x %H:%M"},{"$i":"weekStartsOnMonday","$v":"1"},{"$i":"firstDayOfTheWeek","$v":"1"},{"$i":"time_am","$v":"пр.об."},{"$i":"time_pm","$v":"сл.об."}]