[{"$i":"geolocation-tracker","$v":"Geolocation tracker"},{"$i":"geoloc-get","$v":"Get current"},{"$i":"geoloc-start","$v":"Start"},{"$i":"geoloc-stop","$v":"Stop"},{"$i":"geoloc-clear","$v":"Clear"},{"$i":"geoloc-debug","$v":"Show debug traces"},{"$i":"geoloc-keep","$v":"Keep locations"},{"$i":"geoloc-save","$v":"Save as a file"},{"$i":"geoloc-parameters","$v":"Parameters"},{"$i":"geoloc-status","$v":"Status"},{"$i":"geoloc-debug-log","$v":"Debug log"},{"$i":"geoloc-timeout","$v":"Timeout"},{"$i":"geoloc-maxage","$v":"Max. age"},{"$i":"geoloc-highaccuracy","$v":"High accuracy"},{"$i":"geoloc-msecs","$v":"Timeout and max. age are specified in milliseconds."},{"$i":"gps-fixes","$v":"Fixes"},{"$i":"last-fix","$v":"Last"},{"$i":"date-last-fix","placeholder":"None"},{"$i":"weekday-0-long","$v":"Nedjelja"},{"$i":"weekday-1-long","$v":"Ponedjeljak"},{"$i":"weekday-2-long","$v":"Utorak"},{"$i":"weekday-3-long","$v":"Srijeda"},{"$i":"weekday-4-long","$v":"Četvrtak"},{"$i":"weekday-5-long","$v":"Petak"},{"$i":"weekday-6-long","$v":"Subota"},{"$i":"weekday-0-short","$v":"Ned"},{"$i":"weekday-1-short","$v":"Pon"},{"$i":"weekday-2-short","$v":"Uto"},{"$i":"weekday-3-short","$v":"Sri"},{"$i":"weekday-4-short","$v":"Čet"},{"$i":"weekday-5-short","$v":"Pet"},{"$i":"weekday-6-short","$v":"Sub"},{"$i":"month-0-long","$v":"Siječanj"},{"$i":"month-1-long","$v":"Veljača"},{"$i":"month-2-long","$v":"Ožujak"},{"$i":"month-3-long","$v":"Travanj"},{"$i":"month-4-long","$v":"Svibanj"},{"$i":"month-5-long","$v":"Lipanj"},{"$i":"month-6-long","$v":"Srpanj"},{"$i":"month-7-long","$v":"Kolovoz"},{"$i":"month-8-long","$v":"Rujan"},{"$i":"month-9-long","$v":"Listopad"},{"$i":"month-10-long","$v":"Studeni"},{"$i":"month-11-long","$v":"Prosinac"},{"$i":"month-0-genitive","$v":"Siječnja"},{"$i":"month-1-genitive","$v":"Veljače"},{"$i":"month-2-genitive","$v":"Ožujka"},{"$i":"month-3-genitive","$v":"Travnja"},{"$i":"month-4-genitive","$v":"Svibnja"},{"$i":"month-5-genitive","$v":"Lipnja"},{"$i":"month-6-genitive","$v":"Srpnja"},{"$i":"month-7-genitive","$v":"Kolovoza"},{"$i":"month-8-genitive","$v":"Rujna"},{"$i":"month-9-genitive","$v":"Listopada"},{"$i":"month-10-genitive","$v":"Studenoga"},{"$i":"month-11-genitive","$v":"Prosinca"},{"$i":"month-0-short","$v":"Sij"},{"$i":"month-1-short","$v":"Velj"},{"$i":"month-2-short","$v":"Ožu"},{"$i":"month-3-short","$v":"Tra"},{"$i":"month-4-short","$v":"Svi"},{"$i":"month-5-short","$v":"Lip"},{"$i":"month-6-short","$v":"Srp"},{"$i":"month-7-short","$v":"Kol"},{"$i":"month-8-short","$v":"Ruj"},{"$i":"month-9-short","$v":"Lis"},{"$i":"month-10-short","$v":"Stu"},{"$i":"month-11-short","$v":"Pro"},{"$i":"minutes-ago-long","$v":{"zero":"upravo","one":"prije minutu","two":["prije ",{"t":"idOrVar","v":"value"}," minute"],"few":["prije ",{"t":"idOrVar","v":"value"}," minutes"],"many":["prije ",{"t":"idOrVar","v":"value"}," minuta"],"other":["prije ",{"t":"idOrVar","v":"value"}," minuta"]},"$x":[{"t":"idOrVar","v":"plural"},"value"]},{"$i":"hours-ago-long","$v":{"zero":"upravo","one":"prije sat vremena","two":["prije ",{"t":"idOrVar","v":"value"}," sata"],"few":["prije ",{"t":"idOrVar","v":"value"}," sati"],"many":["prije ",{"t":"idOrVar","v":"value"}," sati"],"other":["prije ",{"t":"idOrVar","v":"value"}," sati"]},"$x":[{"t":"idOrVar","v":"plural"},"value"]},{"$i":"days-ago-long","$v":{"zero":"danas","one":"jučer","two":["prije ",{"t":"idOrVar","v":"value"}," dana"],"few":["prije ",{"t":"idOrVar","v":"value"}," dana"],"many":["prije ",{"t":"idOrVar","v":"value"}," dana"],"other":["prije ",{"t":"idOrVar","v":"value"}," dana"]},"$x":[{"t":"idOrVar","v":"plural"},"value"]},{"$i":"weeks-ago-long","$v":{"zero":"ovaj tjedan","one":"prošli tjedan","two":["prije ",{"t":"idOrVar","v":"value"}," tjedna"],"few":["prije ",{"t":"idOrVar","v":"value"}," tjedana"],"many":["prije ",{"t":"idOrVar","v":"value"}," tjedana"],"other":["prije ",{"t":"idOrVar","v":"value"}," tjedana"]},"$x":[{"t":"idOrVar","v":"plural"},"value"]},{"$i":"months-ago-long","$v":{"zero":"ovaj mjesec","one":"prošli mjesec","two":["prije ",{"t":"idOrVar","v":"value"}," mjeseca"],"few":["prije ",{"t":"idOrVar","v":"value"}," mjeseci"],"many":["prije ",{"t":"idOrVar","v":"value"}," mjeseci"],"other":["prije ",{"t":"idOrVar","v":"value"}," mjeseci"]},"$x":[{"t":"idOrVar","v":"plural"},"value"]},{"$i":"years-ago-long","$v":{"zero":"ove godine","one":"prošle godine","two":["prije ",{"t":"idOrVar","v":"value"}," godine"],"few":["prije ",{"t":"idOrVar","v":"value"}," godina"],"many":["prije ",{"t":"idOrVar","v":"value"}," godina"],"other":["prije ",{"t":"idOrVar","v":"value"}," godina"]},"$x":[{"t":"idOrVar","v":"plural"},"value"]},{"$i":"minutes-until-long","$v":{"zero":"upravo","one":"za minutu","two":["za ",{"t":"idOrVar","v":"value"}," minute"],"few":["za ",{"t":"idOrVar","v":"value"}," minuta"],"many":["za ",{"t":"idOrVar","v":"value"}," minuta"],"other":["za ",{"t":"idOrVar","v":"value"}," minuta"]},"$x":[{"t":"idOrVar","v":"plural"},"value"]},{"$i":"hours-until-long","$v":{"zero":"upravo","one":"za sat vremena","two":["za ",{"t":"idOrVar","v":"value"}," sata"],"few":["za ",{"t":"idOrVar","v":"value"}," sati"],"many":["za ",{"t":"idOrVar","v":"value"}," sati"],"other":["za ",{"t":"idOrVar","v":"value"}," sati"]},"$x":[{"t":"idOrVar","v":"plural"},"value"]},{"$i":"days-until-long","$v":{"zero":"danas","one":"sutra","two":["za ",{"t":"idOrVar","v":"value"}," dana"],"few":["za ",{"t":"idOrVar","v":"value"}," dana"],"many":["za ",{"t":"idOrVar","v":"value"}," dana"],"other":["za ",{"t":"idOrVar","v":"value"}," dana"]},"$x":[{"t":"idOrVar","v":"plural"},"value"]},{"$i":"weeks-until-long","$v":{"zero":"ovaj tjedan","one":"idući tjedan","two":["za ",{"t":"idOrVar","v":"value"}," tjedna"],"few":["za ",{"t":"idOrVar","v":"value"}," tjedana"],"many":["za ",{"t":"idOrVar","v":"value"}," tjedana"],"other":["za ",{"t":"idOrVar","v":"value"}," tjedana"]},"$x":[{"t":"idOrVar","v":"plural"},"value"]},{"$i":"months-until-long","$v":{"zero":"ovaj mjesec","one":"idući mjesec","two":["za ",{"t":"idOrVar","v":"value"}," mjeseca"],"few":["za ",{"t":"idOrVar","v":"value"}," mjeseci"],"many":["za ",{"t":"idOrVar","v":"value"}," mjeseci"],"other":["za ",{"t":"idOrVar","v":"value"}," mjeseci"]},"$x":[{"t":"idOrVar","v":"plural"},"value"]},{"$i":"years-until-long","$v":{"zero":"ove godine","one":"iduće godine","two":["za ",{"t":"idOrVar","v":"value"}," godine"],"few":["za ",{"t":"idOrVar","v":"value"}," godina"],"many":["za ",{"t":"idOrVar","v":"value"}," godina"],"other":["za ",{"t":"idOrVar","v":"value"}," godina"]},"$x":[{"t":"idOrVar","v":"plural"},"value"]},{"$i":"minutes-ago-short","$v":{"zero":"upravo","other":["prije ",{"t":"idOrVar","v":"value"},"m"]},"$x":[{"t":"idOrVar","v":"plural"},"value"]},{"$i":"hours-ago-short","$v":{"zero":"upravo","other":["prije ",{"t":"idOrVar","v":"value"},"s"]},"$x":[{"t":"idOrVar","v":"plural"},"value"]},{"$i":"days-ago-short","$v":{"zero":"danas","other":["prije ",{"t":"idOrVar","v":"value"},"d"]},"$x":[{"t":"idOrVar","v":"plural"},"value"]},{"$i":"minutes-until-short","$v":{"zero":"sada","other":["za ",{"t":"idOrVar","v":"value"},"m"]},"$x":[{"t":"idOrVar","v":"plural"},"value"]},{"$i":"hours-until-short","$v":{"zero":"sada","other":["za ",{"t":"idOrVar","v":"value"},"s"]},"$x":[{"t":"idOrVar","v":"plural"},"value"]},{"$i":"days-until-short","$v":{"zero":"danas","other":["za ",{"t":"idOrVar","v":"value"},"d"]},"$x":[{"t":"idOrVar","v":"plural"},"value"]},{"$i":"incorrectDate","$v":"(netočan datum)"},{"$i":"dateTimeFormat_%c","$v":"%a %e %b %Y %H:%M:%S"},{"$i":"dateTimeFormat_%x","$v":"%d.%m.%Y"},{"$i":"dateTimeFormat_%X","$v":"%H:%M:%S"},{"$i":"shortTimeFormat","$v":"%I:%M %p"},{"$i":"shortTimeFormat12","$v":"%I:%M %p"},{"$i":"shortTimeFormat24","$v":"%H:%M"},{"$i":"shortDateTimeFormat","$v":"%x %H:%M"},{"$i":"weekStartsOnMonday","$v":"1"},{"$i":"firstDayOfTheWeek","$v":"0"},{"$i":"time_am","$v":"AM"},{"$i":"time_pm","$v":"PM"}]