[{"$i":"geolocation-tracker","$v":"Geolocation tracker"},{"$i":"geoloc-get","$v":"Get current"},{"$i":"geoloc-start","$v":"Start"},{"$i":"geoloc-stop","$v":"Stop"},{"$i":"geoloc-clear","$v":"Clear"},{"$i":"geoloc-debug","$v":"Show debug traces"},{"$i":"geoloc-keep","$v":"Keep locations"},{"$i":"geoloc-save","$v":"Save as a file"},{"$i":"geoloc-parameters","$v":"Parameters"},{"$i":"geoloc-status","$v":"Status"},{"$i":"geoloc-debug-log","$v":"Debug log"},{"$i":"geoloc-timeout","$v":"Timeout"},{"$i":"geoloc-maxage","$v":"Max. age"},{"$i":"geoloc-highaccuracy","$v":"High accuracy"},{"$i":"geoloc-msecs","$v":"Timeout and max. age are specified in milliseconds."},{"$i":"gps-fixes","$v":"Fixes"},{"$i":"last-fix","$v":"Last"},{"$i":"date-last-fix","placeholder":"None"},{"$i":"weekday-0-long","$v":"Nedeľa"},{"$i":"weekday-1-long","$v":"Pondelok"},{"$i":"weekday-2-long","$v":"Utorok"},{"$i":"weekday-3-long","$v":"Streda"},{"$i":"weekday-4-long","$v":"Štvrtok"},{"$i":"weekday-5-long","$v":"Piatok"},{"$i":"weekday-6-long","$v":"Sobota"},{"$i":"weekday-0-short","$v":"Ne"},{"$i":"weekday-1-short","$v":"Po"},{"$i":"weekday-2-short","$v":"Ut"},{"$i":"weekday-3-short","$v":"St"},{"$i":"weekday-4-short","$v":"Št"},{"$i":"weekday-5-short","$v":"Pi"},{"$i":"weekday-6-short","$v":"So"},{"$i":"month-0-long","$v":"Január"},{"$i":"month-1-long","$v":"Február"},{"$i":"month-2-long","$v":"Marec"},{"$i":"month-3-long","$v":"Apríl"},{"$i":"month-4-long","$v":"Máj"},{"$i":"month-5-long","$v":"Jún"},{"$i":"month-6-long","$v":"Júl"},{"$i":"month-7-long","$v":"August"},{"$i":"month-8-long","$v":"September"},{"$i":"month-9-long","$v":"Október"},{"$i":"month-10-long","$v":"November"},{"$i":"month-11-long","$v":"December"},{"$i":"month-0-genitive","$v":"januára"},{"$i":"month-1-genitive","$v":"februára"},{"$i":"month-2-genitive","$v":"marca"},{"$i":"month-3-genitive","$v":"apríla"},{"$i":"month-4-genitive","$v":"mája"},{"$i":"month-5-genitive","$v":"júna"},{"$i":"month-6-genitive","$v":"júla"},{"$i":"month-7-genitive","$v":"augusta"},{"$i":"month-8-genitive","$v":"septembra"},{"$i":"month-9-genitive","$v":"októbra"},{"$i":"month-10-genitive","$v":"novembra"},{"$i":"month-11-genitive","$v":"decembra"},{"$i":"month-0-short","$v":"jan"},{"$i":"month-1-short","$v":"feb"},{"$i":"month-2-short","$v":"mar"},{"$i":"month-3-short","$v":"apr"},{"$i":"month-4-short","$v":"máj"},{"$i":"month-5-short","$v":"jún"},{"$i":"month-6-short","$v":"júl"},{"$i":"month-7-short","$v":"aug"},{"$i":"month-8-short","$v":"sep"},{"$i":"month-9-short","$v":"okt"},{"$i":"month-10-short","$v":"nov"},{"$i":"month-11-short","$v":"dec"},{"$i":"minutes-ago-long","$v":{"zero":"teraz","one":"pred minútou","two":["pred ",{"t":"idOrVar","v":"value"}," minútami"],"few":["pred ",{"t":"idOrVar","v":"value"}," minútami"],"many":["pred ",{"t":"idOrVar","v":"value"}," minútami"],"other":["pred ",{"t":"idOrVar","v":"value"}," minútami"]},"$x":[{"t":"idOrVar","v":"plural"},"value"]},{"$i":"hours-ago-long","$v":{"zero":"teraz","one":"pred hodinou","two":["pred ",{"t":"idOrVar","v":"value"}," hodinami"],"few":["pred ",{"t":"idOrVar","v":"value"}," hodinami"],"many":["pred ",{"t":"idOrVar","v":"value"}," hodinami"],"other":["pred ",{"t":"idOrVar","v":"value"}," hodinami"]},"$x":[{"t":"idOrVar","v":"plural"},"value"]},{"$i":"days-ago-long","$v":{"zero":"dnes","one":"včera","two":["pred ",{"t":"idOrVar","v":"value"}," dňami"],"few":["pred ",{"t":"idOrVar","v":"value"}," dňami"],"many":["pred ",{"t":"idOrVar","v":"value"}," dňami"],"other":["pred ",{"t":"idOrVar","v":"value"}," dňami"]},"$x":[{"t":"idOrVar","v":"plural"},"value"]},{"$i":"weeks-ago-long","$v":{"zero":"tento týždeň","one":"minulý týždeň","two":["pred ",{"t":"idOrVar","v":"value"}," týždňami"],"few":["pred ",{"t":"idOrVar","v":"value"}," týždňami"],"many":["pred ",{"t":"idOrVar","v":"value"}," týždňami"],"other":["pred ",{"t":"idOrVar","v":"value"}," týždňami"]},"$x":[{"t":"idOrVar","v":"plural"},"value"]},{"$i":"months-ago-long","$v":{"zero":"tento mesiac","one":"minulý mesiac","two":["pred ",{"t":"idOrVar","v":"value"}," mesiacmi"],"few":["pred ",{"t":"idOrVar","v":"value"}," mesiacmi"],"many":["pred ",{"t":"idOrVar","v":"value"}," mesiacmi"],"other":["pred ",{"t":"idOrVar","v":"value"}," mesiacmi"]},"$x":[{"t":"idOrVar","v":"plural"},"value"]},{"$i":"years-ago-long","$v":{"zero":"tento rok","one":"minulý rok","two":["pred ",{"t":"idOrVar","v":"value"}," rokmi"],"few":["pred ",{"t":"idOrVar","v":"value"}," rokmi"],"many":["pred ",{"t":"idOrVar","v":"value"}," rokmi"],"other":["pred ",{"t":"idOrVar","v":"value"}," rokmi"]},"$x":[{"t":"idOrVar","v":"plural"},"value"]},{"$i":"minutes-until-long","$v":{"zero":"teraz","one":"o minútu","two":["o ",{"t":"idOrVar","v":"value"}," minúty"],"few":["o ",{"t":"idOrVar","v":"value"}," minúty"],"many":["o ",{"t":"idOrVar","v":"value"}," minút"],"other":["o ",{"t":"idOrVar","v":"value"}," minút"]},"$x":[{"t":"idOrVar","v":"plural"},"value"]},{"$i":"hours-until-long","$v":{"zero":"teraz","one":"o hodinu","two":["o ",{"t":"idOrVar","v":"value"}," hodiny"],"few":["o ",{"t":"idOrVar","v":"value"}," hodiny"],"many":["o ",{"t":"idOrVar","v":"value"}," hodín"],"other":["o ",{"t":"idOrVar","v":"value"}," hodín"]},"$x":[{"t":"idOrVar","v":"plural"},"value"]},{"$i":"days-until-long","$v":{"zero":"dnes","one":"zajtra","two":["o ",{"t":"idOrVar","v":"value"}," dni"],"few":["o ",{"t":"idOrVar","v":"value"}," dni"],"many":["o ",{"t":"idOrVar","v":"value"}," dní"],"other":["o ",{"t":"idOrVar","v":"value"}," dní"]},"$x":[{"t":"idOrVar","v":"plural"},"value"]},{"$i":"weeks-until-long","$v":{"zero":"tento týždeň","one":"budúci týždeň","two":["o ",{"t":"idOrVar","v":"value"}," týždne"],"few":["o ",{"t":"idOrVar","v":"value"}," týždne"],"many":["o ",{"t":"idOrVar","v":"value"}," týždňov"],"other":["o ",{"t":"idOrVar","v":"value"}," týždňov"]},"$x":[{"t":"idOrVar","v":"plural"},"value"]},{"$i":"months-until-long","$v":{"zero":"tento mesiac","one":"budúci mesiac","two":["o ",{"t":"idOrVar","v":"value"}," mesiace"],"few":["o ",{"t":"idOrVar","v":"value"}," mesiace"],"many":["o ",{"t":"idOrVar","v":"value"}," mesiacov"],"other":["o ",{"t":"idOrVar","v":"value"}," mesiacov"]},"$x":[{"t":"idOrVar","v":"plural"},"value"]},{"$i":"years-until-long","$v":{"zero":"tento rok","one":"budúci rok","two":["o ",{"t":"idOrVar","v":"value"}," roky"],"few":["o ",{"t":"idOrVar","v":"value"}," roky"],"many":["o ",{"t":"idOrVar","v":"value"}," rokov"],"other":["o ",{"t":"idOrVar","v":"value"}," rokov"]},"$x":[{"t":"idOrVar","v":"plural"},"value"]},{"$i":"minutes-ago-short","$v":{"zero":"teraz","other":["pred ",{"t":"idOrVar","v":"value"},"m"]},"$x":[{"t":"idOrVar","v":"plural"},"value"]},{"$i":"hours-ago-short","$v":{"zero":"teraz","other":["pred ",{"t":"idOrVar","v":"value"},"h"]},"$x":[{"t":"idOrVar","v":"plural"},"value"]},{"$i":"days-ago-short","$v":{"zero":"dnes","other":["pred ",{"t":"idOrVar","v":"value"},"d"]},"$x":[{"t":"idOrVar","v":"plural"},"value"]},{"$i":"minutes-until-short","$v":{"zero":"teraz","other":["o ",{"t":"idOrVar","v":"value"},"m"]},"$x":[{"t":"idOrVar","v":"plural"},"value"]},{"$i":"hours-until-short","$v":{"zero":"teraz","other":["o ",{"t":"idOrVar","v":"value"},"h"]},"$x":[{"t":"idOrVar","v":"plural"},"value"]},{"$i":"days-until-short","$v":{"zero":"dnes","other":["o ",{"t":"idOrVar","v":"value"},"d"]},"$x":[{"t":"idOrVar","v":"plural"},"value"]},{"$i":"incorrectDate","$v":"(neplatný dátum)"},{"$i":"dateTimeFormat_%c","$v":"%a, %e. %b %Y %H:%M:%S"},{"$i":"dateTimeFormat_%x","$v":"%d.%m.%Y"},{"$i":"dateTimeFormat_%X","$v":"%H:%M:%S"},{"$i":"shortTimeFormat","$v":"%H:%M"},{"$i":"shortTimeFormat12","$v":"%I:%M %p"},{"$i":"shortTimeFormat24","$v":"%H:%M"},{"$i":"shortDateTimeFormat","$v":"%x %H:%M"},{"$i":"weekStartsOnMonday","$v":"1"},{"$i":"firstDayOfTheWeek","$v":"1"},{"$i":"time_am","$v":"AM"},{"$i":"time_pm","$v":"PM"}]