[{"$i":"geolocation-tracker","$v":"Geolocation tracker"},{"$i":"geoloc-get","$v":"Get current"},{"$i":"geoloc-start","$v":"Start"},{"$i":"geoloc-stop","$v":"Stop"},{"$i":"geoloc-clear","$v":"Clear"},{"$i":"geoloc-debug","$v":"Show debug traces"},{"$i":"geoloc-keep","$v":"Keep locations"},{"$i":"geoloc-save","$v":"Save as a file"},{"$i":"geoloc-parameters","$v":"Parameters"},{"$i":"geoloc-status","$v":"Status"},{"$i":"geoloc-debug-log","$v":"Debug log"},{"$i":"geoloc-timeout","$v":"Timeout"},{"$i":"geoloc-maxage","$v":"Max. age"},{"$i":"geoloc-highaccuracy","$v":"High accuracy"},{"$i":"geoloc-msecs","$v":"Timeout and max. age are specified in milliseconds."},{"$i":"gps-fixes","$v":"Fixes"},{"$i":"last-fix","$v":"Last"},{"$i":"date-last-fix","placeholder":"None"},{"$i":"weekday-0-long","$v":"Недеља"},{"$i":"weekday-1-long","$v":"Понедељак"},{"$i":"weekday-2-long","$v":"Уторак"},{"$i":"weekday-3-long","$v":"Среда"},{"$i":"weekday-4-long","$v":"Четвртак"},{"$i":"weekday-5-long","$v":"Петак"},{"$i":"weekday-6-long","$v":"Субота"},{"$i":"weekday-0-short","$v":"Нед"},{"$i":"weekday-1-short","$v":"Пон"},{"$i":"weekday-2-short","$v":"Уто"},{"$i":"weekday-3-short","$v":"Сре"},{"$i":"weekday-4-short","$v":"Чет"},{"$i":"weekday-5-short","$v":"Пет"},{"$i":"weekday-6-short","$v":"Суб"},{"$i":"month-0-long","$v":"јануар"},{"$i":"month-1-long","$v":"фебруар"},{"$i":"month-2-long","$v":"март"},{"$i":"month-3-long","$v":"април"},{"$i":"month-4-long","$v":"мај"},{"$i":"month-5-long","$v":"јун"},{"$i":"month-6-long","$v":"јул"},{"$i":"month-7-long","$v":"август"},{"$i":"month-8-long","$v":"септембар"},{"$i":"month-9-long","$v":"октобар"},{"$i":"month-10-long","$v":"новембар"},{"$i":"month-11-long","$v":"децембар"},{"$i":"month-0-genitive","$v":"јануара"},{"$i":"month-1-genitive","$v":"фебруара"},{"$i":"month-2-genitive","$v":"марта"},{"$i":"month-3-genitive","$v":"априла"},{"$i":"month-4-genitive","$v":"маја"},{"$i":"month-5-genitive","$v":"јуна"},{"$i":"month-6-genitive","$v":"јула"},{"$i":"month-7-genitive","$v":"августа"},{"$i":"month-8-genitive","$v":"септембра"},{"$i":"month-9-genitive","$v":"октобра"},{"$i":"month-10-genitive","$v":"новембра"},{"$i":"month-11-genitive","$v":"децембра"},{"$i":"month-0-short","$v":"јан"},{"$i":"month-1-short","$v":"феб"},{"$i":"month-2-short","$v":"мар"},{"$i":"month-3-short","$v":"апр"},{"$i":"month-4-short","$v":"мај"},{"$i":"month-5-short","$v":"јун"},{"$i":"month-6-short","$v":"јул"},{"$i":"month-7-short","$v":"авг"},{"$i":"month-8-short","$v":"сеп"},{"$i":"month-9-short","$v":"окт"},{"$i":"month-10-short","$v":"нов"},{"$i":"month-11-short","$v":"дец"},{"$i":"minutes-ago-long","$v":{"zero":"управо","one":"пре минут","two":["пре ",{"t":"idOrVar","v":"value"}," минута"],"few":["пре ",{"t":"idOrVar","v":"value"}," минута"],"many":["пре ",{"t":"idOrVar","v":"value"}," минута"],"other":["пре ",{"t":"idOrVar","v":"value"}," минута"]},"$x":[{"t":"idOrVar","v":"plural"},"value"]},{"$i":"hours-ago-long","$v":{"zero":"управо","one":"пре сат времена","two":["пре ",{"t":"idOrVar","v":"value"}," сата"],"few":["пре ",{"t":"idOrVar","v":"value"}," сати"],"many":["пре ",{"t":"idOrVar","v":"value"}," сати"],"other":["пре ",{"t":"idOrVar","v":"value"}," сати"]},"$x":[{"t":"idOrVar","v":"plural"},"value"]},{"$i":"days-ago-long","$v":{"zero":"данас","one":"јуче","two":["пре ",{"t":"idOrVar","v":"value"}," дана"],"few":["пре ",{"t":"idOrVar","v":"value"}," дана"],"many":["пре ",{"t":"idOrVar","v":"value"}," дана"],"other":["пре ",{"t":"idOrVar","v":"value"}," дана"]},"$x":[{"t":"idOrVar","v":"plural"},"value"]},{"$i":"weeks-ago-long","$v":{"zero":"ове недеље","one":"прошле недеље","two":["пре ",{"t":"idOrVar","v":"value"}," недеље"],"few":["пре ",{"t":"idOrVar","v":"value"}," недеља"],"many":["пре ",{"t":"idOrVar","v":"value"}," недеља"],"other":["пре ",{"t":"idOrVar","v":"value"}," недеља"]},"$x":[{"t":"idOrVar","v":"plural"},"value"]},{"$i":"months-ago-long","$v":{"zero":"овог месеца","one":"прошлог месеца","two":["пре ",{"t":"idOrVar","v":"value"}," месеца"],"few":["пре ",{"t":"idOrVar","v":"value"}," месеци"],"many":["пре ",{"t":"idOrVar","v":"value"}," месеци"],"other":["пре ",{"t":"idOrVar","v":"value"}," месеци"]},"$x":[{"t":"idOrVar","v":"plural"},"value"]},{"$i":"years-ago-long","$v":{"zero":"ове године","one":"прошле године","two":["пре ",{"t":"idOrVar","v":"value"}," године"],"few":["пре ",{"t":"idOrVar","v":"value"}," година"],"many":["пре ",{"t":"idOrVar","v":"value"}," година"],"other":["пре ",{"t":"idOrVar","v":"value"}," година"]},"$x":[{"t":"idOrVar","v":"plural"},"value"]},{"$i":"minutes-until-long","$v":{"zero":"управо","one":"за један минут","two":["за ",{"t":"idOrVar","v":"value"}," минута"],"few":["за ",{"t":"idOrVar","v":"value"}," минута"],"many":["за ",{"t":"idOrVar","v":"value"}," минута"],"other":["за ",{"t":"idOrVar","v":"value"}," минута"]},"$x":[{"t":"idOrVar","v":"plural"},"value"]},{"$i":"hours-until-long","$v":{"zero":"управо","one":"за сат времена","two":["за ",{"t":"idOrVar","v":"value"}," сата"],"few":["за ",{"t":"idOrVar","v":"value"}," сати"],"many":["за ",{"t":"idOrVar","v":"value"}," сати"],"other":["за ",{"t":"idOrVar","v":"value"}," сати"]},"$x":[{"t":"idOrVar","v":"plural"},"value"]},{"$i":"days-until-long","$v":{"zero":"данас","one":"сутра","two":["за ",{"t":"idOrVar","v":"value"}," дана"],"few":["за ",{"t":"idOrVar","v":"value"}," дана"],"many":["за ",{"t":"idOrVar","v":"value"}," дана"],"other":["за ",{"t":"idOrVar","v":"value"}," дана"]},"$x":[{"t":"idOrVar","v":"plural"},"value"]},{"$i":"weeks-until-long","$v":{"zero":"ове недеље","one":"следеће недеље","two":["за ",{"t":"idOrVar","v":"value"}," недеље"],"few":["за ",{"t":"idOrVar","v":"value"}," недеља"],"many":["за ",{"t":"idOrVar","v":"value"}," недеља"],"other":["за ",{"t":"idOrVar","v":"value"}," недеља"]},"$x":[{"t":"idOrVar","v":"plural"},"value"]},{"$i":"months-until-long","$v":{"zero":"овог месеца","one":"следећег месеца","two":["за ",{"t":"idOrVar","v":"value"}," месеца"],"few":["за ",{"t":"idOrVar","v":"value"}," месеци"],"many":["за ",{"t":"idOrVar","v":"value"}," месеци"],"other":["за ",{"t":"idOrVar","v":"value"}," месеци"]},"$x":[{"t":"idOrVar","v":"plural"},"value"]},{"$i":"years-until-long","$v":{"zero":"ове године","one":"следеће године","two":["за ",{"t":"idOrVar","v":"value"}," године"],"few":["за ",{"t":"idOrVar","v":"value"}," година"],"many":["за ",{"t":"idOrVar","v":"value"}," година"],"other":["за ",{"t":"idOrVar","v":"value"}," година"]},"$x":[{"t":"idOrVar","v":"plural"},"value"]},{"$i":"minutes-ago-short","$v":{"zero":"управо","other":["пре ",{"t":"idOrVar","v":"value"},"м"]},"$x":[{"t":"idOrVar","v":"plural"},"value"]},{"$i":"hours-ago-short","$v":{"zero":"управо","other":["пре ",{"t":"idOrVar","v":"value"},"с"]},"$x":[{"t":"idOrVar","v":"plural"},"value"]},{"$i":"days-ago-short","$v":{"zero":"данас","other":["пре ",{"t":"idOrVar","v":"value"},"д"]},"$x":[{"t":"idOrVar","v":"plural"},"value"]},{"$i":"minutes-until-short","$v":{"zero":"управо","other":["за ",{"t":"idOrVar","v":"value"},"м"]},"$x":[{"t":"idOrVar","v":"plural"},"value"]},{"$i":"hours-until-short","$v":{"zero":"управо","other":["за ",{"t":"idOrVar","v":"value"},"с"]},"$x":[{"t":"idOrVar","v":"plural"},"value"]},{"$i":"days-until-short","$v":{"zero":"данас","other":["за ",{"t":"idOrVar","v":"value"},"д"]},"$x":[{"t":"idOrVar","v":"plural"},"value"]},{"$i":"incorrectDate","$v":"(нетачан датум)"},{"$i":"dateTimeFormat_%c","$v":"%a %e %b %Y %H:%M:%S"},{"$i":"dateTimeFormat_%x","$v":"%d.%m.%Y"},{"$i":"dateTimeFormat_%X","$v":"%H:%M:%S"},{"$i":"shortTimeFormat","$v":"%H:%M"},{"$i":"shortTimeFormat12","$v":"%I:%M %p"},{"$i":"shortTimeFormat24","$v":"%H:%M"},{"$i":"shortDateTimeFormat","$v":"%x %H:%M"},{"$i":"weekStartsOnMonday","$v":"1"},{"$i":"firstDayOfTheWeek","$v":"1"},{"$i":"time_am","$v":"AM"},{"$i":"time_pm","$v":"PM"}]