[{"$i":"back","$v":"Назад"},{"$i":"save","$v":"Запис"},{"$i":"hide","$v":"Скриване"},{"$i":"cancel","$v":"Отказ"},{"$i":"confirm","$v":"Потвърждение"},{"$i":"done","$v":"Готово"},{"$i":"events","$v":"Събития"},{"$i":"edit","$v":"Редактиране"},{"$i":"allday-events","$v":"Целодневни събития"},{"$i":"no-events","$v":"Няма събития"},{"$i":"show-today","$v":"Днес"},{"$i":"show-month-view","$v":"Месец"},{"$i":"show-week-view","$v":"Седмица"},{"$i":"show-day-view","$v":"Ден"},{"$i":"settings-show","$v":"Настройки"},{"$i":"settings-hide","$v":"Скриване на настройките"},{"$i":"add-account","$v":"Добавяне на регистрация"},{"$i":"new-event","$v":"Добавяне на събитие"},{"$i":"view-event-header","$v":"Събитие"},{"$i":"new-event-header","$v":"Ново събитие"},{"$i":"edit-event-header","$v":"Редактиране"},{"$i":"account-header","$v":"Регистрация"},{"$i":"account-list-header","$v":"Регистрации"},{"$i":"advanced-settings-short-icon-button","ariaLabel":"Настройки"},{"$i":"advanced-settings-header","$v":"Настройки"},{"$i":"advanced-settings-personalization","$v":"Персонализация"},{"$i":"advanced-settings-reminders","$v":"Напомняния"},{"$i":"advanced-settings-add-account","$v":"Добавяне на регистрация"},{"$i":"field-user","placeholder":"Потребителско име"},{"$i":"field-password","placeholder":"Парола"},{"$i":"field-full-url","placeholder":"URL"},{"$i":"modify-account-setting-up","$v":"Моля изчакайте, докато се извършва регистрацията"},{"$i":"modify-account-unable-to-sync","$v":"Неуспешна синхронизация"},{"$i":"modify-account-sign-in","$v":"Вписване"},{"$i":"preset-caldav","$v":"CalDav"},{"$i":"preset-yahoo","$v":"Yahoo!"},{"$i":"preset-google","$v":"Google"},{"$i":"preset-local","$v":"Офлайн календар"},{"$i":"preset-mozilla","$v":"Mozilla Zimbra"},{"$i":"calendar-local","$v":"Офлайн календар"},{"$i":"event-title","placeholder":"Заглавие"},{"$i":"event-location","placeholder":"Местоположение"},{"$i":"event-description","placeholder":"Бележки"},{"$i":"event-is-allday","$v":"Целодневно събитие"},{"$i":"event-start-date","placeholder":"Начална дата"},{"$i":"event-end-date","placeholder":"Крайна дата"},{"$i":"event-start-time","placeholder":"Начален час"},{"$i":"event-end-time","placeholder":"Краен час"},{"$i":"event-delete","$v":"Изтриване на събитието"},{"$i":"remove-account-data","$v":"Премахване на местните данни"},{"$i":"remove-account-dialog","$v":"Премахване на регистрация"},{"$i":"remove-account-dialog-details","$v":"Премахването на тази регистрация ще премахне местните копия на свързаните календари и събития."},{"$i":"drawer-sync-icon-button","ariaLabel":"Синхронизиране"},{"$i":"sync-progress-syncing","ariaValueText":"Синхронизация"},{"$i":"sync-progress-complete","ariaValueText":"Синхронизирането завърши"},{"$i":"sync-frequency","$v":"Синхронизация"},{"$i":"sync-frequency-15min","$v":"15 мин"},{"$i":"sync-frequency-30min","$v":"30 мин"},{"$i":"sync-frequency-manual","$v":"Ръчна"},{"$i":"one-day-duration","$v":[{"t":"idOrVar","v":"startDate"},"<br>от ",{"t":"idOrVar","v":"startTime"}," до ",{"t":"idOrVar","v":"endTime"}]},{"$i":"multiple-day-duration","$v":["От ",{"t":"idOrVar","v":"startTime"}," на ",{"t":"idOrVar","v":"startDate"},"<br>до ",{"t":"idOrVar","v":"endTime"}," на ",{"t":"idOrVar","v":"endDate"}]},{"$i":"one-all-day-duration","$v":["Цял ден<br>",{"t":"idOrVar","v":"startDate"}]},{"$i":"multiple-all-day-duration","$v":["Целодневно от ",{"t":"idOrVar","v":"startDate"},"<br>до ",{"t":"idOrVar","v":"endDate"}]},{"$i":"none","$v":"Няма"},{"$i":"reminder","$v":"Напомняне:"},{"$i":"remind-me","$v":"Напомняне"},{"$i":"alarm-at-event-standard","$v":"По време на събитието"},{"$i":"alarm-at-event-allday","$v":"В деня на събитието"},{"$i":"alarm-start-notice","$v":[{"t":"idOrVar","v":"title"}," започва ",{"t":"idOrVar","v":"distance"}]},{"$i":"alarm-started-notice","$v":[{"t":"idOrVar","v":"title"}," започна ",{"t":"idOrVar","v":"distance"}]},{"$i":"minutes-before","$v":{"zero":"0 минути по-рано","one":"1 минута по-рано","two":[{"t":"idOrVar","v":"value"}," минути по-рано"],"few":[{"t":"idOrVar","v":"value"}," минути по-рано"],"many":[{"t":"idOrVar","v":"value"}," минути по-рано"],"other":[{"t":"idOrVar","v":"value"}," минути по-рано"]},"$x":[{"t":"idOrVar","v":"plural"},"value"]},{"$i":"hours-before","$v":{"zero":"0 часа по-рано","one":"1 час по-рано","two":[{"t":"idOrVar","v":"value"}," часа по-рано"],"few":[{"t":"idOrVar","v":"value"}," часа по-рано"],"many":[{"t":"idOrVar","v":"value"}," часа по-рано"],"other":[{"t":"idOrVar","v":"value"}," часа по-рано"]},"$x":[{"t":"idOrVar","v":"plural"},"value"]},{"$i":"days-before","$v":{"zero":"0 дни по-рано","one":"1 ден по-рано","two":[{"t":"idOrVar","v":"value"}," дена по-рано"],"few":[{"t":"idOrVar","v":"value"}," дена по-рано"],"many":[{"t":"idOrVar","v":"value"}," дена по-рано"],"other":[{"t":"idOrVar","v":"value"}," дена по-рано"]},"$x":[{"t":"idOrVar","v":"plural"},"value"]},{"$i":"weeks-before","$v":{"zero":"0 седмици по-рано","one":"1 седмица по-рано","two":[{"t":"idOrVar","v":"value"}," седмици по-рано"],"few":[{"t":"idOrVar","v":"value"}," седмици по-рано"],"many":[{"t":"idOrVar","v":"value"}," седмици по-рано"],"other":[{"t":"idOrVar","v":"value"}," седмици по-рано"]},"$x":[{"t":"idOrVar","v":"plural"},"value"]},{"$i":"months-before","$v":{"zero":"0 месеца по-рано","one":"1 месец по-рано","two":[{"t":"idOrVar","v":"value"}," месеца по-рано"],"few":[{"t":"idOrVar","v":"value"}," месеца по-рано"],"many":[{"t":"idOrVar","v":"value"}," месеца по-рано"],"other":[{"t":"idOrVar","v":"value"}," месеца по-рано"]},"$x":[{"t":"idOrVar","v":"plural"},"value"]},{"$i":"years-before","$v":{"zero":"0 години по-рано","one":"1 година по-рано","two":[{"t":"idOrVar","v":"value"}," години по-рано"],"few":[{"t":"idOrVar","v":"value"}," години по-рано"],"many":[{"t":"idOrVar","v":"value"}," години по-рано"],"other":[{"t":"idOrVar","v":"value"}," години по-рано"]},"$x":[{"t":"idOrVar","v":"plural"},"value"]},{"$i":"minutes-after","$v":{"zero":"след 0 минути","one":"след 1 минута","two":["след ",{"t":"idOrVar","v":"value"}," минути"],"few":["след ",{"t":"idOrVar","v":"value"}," минути"],"many":["след ",{"t":"idOrVar","v":"value"}," минути"],"other":["след ",{"t":"idOrVar","v":"value"}," минути"]},"$x":[{"t":"idOrVar","v":"plural"},"value"]},{"$i":"hours-after","$v":{"zero":"след 0 часа","one":"след 1 час","two":["след ",{"t":"idOrVar","v":"value"}," часа"],"few":["след ",{"t":"idOrVar","v":"value"}," часа"],"many":["след ",{"t":"idOrVar","v":"value"}," часа"],"other":["след ",{"t":"idOrVar","v":"value"}," часа"]},"$x":[{"t":"idOrVar","v":"plural"},"value"]},{"$i":"days-after","$v":{"zero":"след 0 дни","one":"след 1 ден","two":["след ",{"t":"idOrVar","v":"value"}," дена"],"few":["след ",{"t":"idOrVar","v":"value"}," дена"],"many":["след ",{"t":"idOrVar","v":"value"}," дена"],"other":["след ",{"t":"idOrVar","v":"value"}," дена"]},"$x":[{"t":"idOrVar","v":"plural"},"value"]},{"$i":"weeks-after","$v":{"zero":"след 0 седмици","one":"след 1 седмица","two":["след ",{"t":"idOrVar","v":"value"}," седмици"],"few":["след ",{"t":"idOrVar","v":"value"}," седмици"],"many":["след ",{"t":"idOrVar","v":"value"}," седмици"],"other":["след ",{"t":"idOrVar","v":"value"}," седмици"]},"$x":[{"t":"idOrVar","v":"plural"},"value"]},{"$i":"months-after","$v":{"zero":"след 0 месеца","one":"след 1 месец","two":["след ",{"t":"idOrVar","v":"value"}," месеца"],"few":["след ",{"t":"idOrVar","v":"value"}," месеца"],"many":["след ",{"t":"idOrVar","v":"value"}," месеца"],"other":["след ",{"t":"idOrVar","v":"value"}," месеца"]},"$x":[{"t":"idOrVar","v":"plural"},"value"]},{"$i":"years-after","$v":{"zero":"след 0 години","one":"след 1 година","two":["след ",{"t":"idOrVar","v":"value"}," години"],"few":["след ",{"t":"idOrVar","v":"value"}," години"],"many":["след ",{"t":"idOrVar","v":"value"}," години"],"other":["след ",{"t":"idOrVar","v":"value"}," години"]},"$x":[{"t":"idOrVar","v":"plural"},"value"]},{"$i":"hour-format12","$v":"%I %p"},{"$i":"hour-format24","$v":"%H"},{"$i":"week-hour-format12","$v":"%I %p"},{"$i":"week-hour-format24","$v":"%H"},{"$i":"hour-allday","$v":"Цял ден"},{"$i":"week-day","$v":"%a, %e"},{"$i":"current-time12","$v":"%H:%M"},{"$i":"current-time24","$v":"%H:%M"},{"$i":"multi-month-view-header-format","$v":"%B %Y"},{"$i":"day-view-header-format","$v":"%A, %e %B"},{"$i":"months-day-view-header-format","$v":"%A, %e %B"},{"$i":"longDateFormat","$v":"%A, %e %B %Y г."},{"$i":"error-start-date-after-end-date","$v":"Събитието не може да завърши преди началната дата"},{"$i":"error-start-time-after-end-time","$v":"Събитието не може да завърши преди началното време"},{"$i":"error-unauthenticated","$v":"Грешно потребителско име и/или парола"},{"$i":"error-internal-server-error","$v":"Сървърна грешка. Проверете потребителското име и парола и опитайте отново."},{"$i":"error-default","$v":"Има грешка. Опитайте отново по-късно."},{"$i":"error-offline","$v":"Устройството е извън мрежа. Проверете мрежовите настройки и опитайте отново."},{"$i":"error-account-exist","$v":"Вече има такава регистрация."},{"$i":"notification-error-sync-title","$v":"Грешка при синхронизирането на календара"},{"$i":"notification-error-sync-description","$v":"Докоснете за детайли"},{"$i":"weekday-0-single-char","$v":"Н","ariaLabel":"неделя"},{"$i":"weekday-1-single-char","$v":"П","ariaLabel":"понеделник"},{"$i":"weekday-2-single-char","$v":"В","ariaLabel":"вторник"},{"$i":"weekday-3-single-char","$v":"С","ariaLabel":"сряда"},{"$i":"weekday-4-single-char","$v":"Ч","ariaLabel":"четвъртък"},{"$i":"weekday-5-single-char","$v":"П","ariaLabel":"петък"},{"$i":"weekday-6-single-char","$v":"С","ariaLabel":"събота"},{"$i":"busy","$v":{"one":[{"t":"idOrVar","v":"n"}," събитие"],"two":[{"t":"idOrVar","v":"n"}," събития"],"few":[{"t":"idOrVar","v":"n"}," събития"],"many":[{"t":"idOrVar","v":"n"}," събития"],"other":[{"t":"idOrVar","v":"n"}," събития"]},"$x":[{"t":"idOrVar","v":"plural"},"n"]},{"$i":"present","ariaLabel":"Днес"},{"$i":"past-other-month-description","ariaLabel":"Other month"},{"$i":"future-other-month-description","ariaLabel":"Other month"},{"$i":"icon-calendar-alarm","ariaLabel":"Има напомняне"},{"$i":"calendars","ariaLabel":"Календари"},{"$i":"multi-day-new-event-link","ariaLabel":"Добавяне на събитие"},{"$i":"title","ariaLabel":"Заглавие"},{"$i":"location","ariaLabel":"Местоположение"},{"$i":"duration","ariaLabel":"Продължителност"},{"$i":"calendar","ariaLabel":"Календар"},{"$i":"alarms","ariaLabel":"Напомняния"},{"$i":"description","ariaLabel":"Описание"},{"$i":"start-date","ariaLabel":"Начална дата"},{"$i":"start-time","ariaLabel":"Начален час"},{"$i":"end-date","ariaLabel":"Крайна дата"},{"$i":"end-time","ariaLabel":"Краен час"},{"$i":"during-progress-loading","ariaValueText":"Зареждане"},{"$i":"all-day","ariaLabel":"Цял ден"},{"$i":"create-event","ariaLabel":"Създаване на събитие"},{"$i":"create-all-day-event","ariaLabel":"Създаване на целодневно събитие"},{"$i":"event-one-day-duration","ariaLabel":["от ",{"t":"idOrVar","v":"startTime"}," до ",{"t":"idOrVar","v":"endTime"}]},{"$i":"week-event-one-day-duration","ariaLabel":[{"t":"idOrVar","v":"startDate"}," от ",{"t":"idOrVar","v":"startTime"}," до ",{"t":"idOrVar","v":"endTime"}]},{"$i":"event-multiple-day-duration","ariaLabel":["От ",{"t":"idOrVar","v":"startTime"}," на ",{"t":"idOrVar","v":"startDate"}," до ",{"t":"idOrVar","v":"endTime"}," на ",{"t":"idOrVar","v":"endDate"}]},{"$i":"weekday-0-long","$v":"неделя"},{"$i":"weekday-1-long","$v":"понеделник"},{"$i":"weekday-2-long","$v":"вторник"},{"$i":"weekday-3-long","$v":"сряда"},{"$i":"weekday-4-long","$v":"четвъртък"},{"$i":"weekday-5-long","$v":"петък"},{"$i":"weekday-6-long","$v":"събота"},{"$i":"weekday-0-short","$v":"нед"},{"$i":"weekday-1-short","$v":"пон"},{"$i":"weekday-2-short","$v":"вто"},{"$i":"weekday-3-short","$v":"сря"},{"$i":"weekday-4-short","$v":"чет"},{"$i":"weekday-5-short","$v":"пет"},{"$i":"weekday-6-short","$v":"съб"},{"$i":"month-0-long","$v":"януари"},{"$i":"month-1-long","$v":"февруари"},{"$i":"month-2-long","$v":"мaрт"},{"$i":"month-3-long","$v":"април"},{"$i":"month-4-long","$v":"май"},{"$i":"month-5-long","$v":"юни"},{"$i":"month-6-long","$v":"юли"},{"$i":"month-7-long","$v":"август"},{"$i":"month-8-long","$v":"септември"},{"$i":"month-9-long","$v":"октомври"},{"$i":"month-10-long","$v":"ноември"},{"$i":"month-11-long","$v":"декември"},{"$i":"month-0-genitive","$v":"януари"},{"$i":"month-1-genitive","$v":"февруари"},{"$i":"month-2-genitive","$v":"мaрт"},{"$i":"month-3-genitive","$v":"април"},{"$i":"month-4-genitive","$v":"май"},{"$i":"month-5-genitive","$v":"юни"},{"$i":"month-6-genitive","$v":"юли"},{"$i":"month-7-genitive","$v":"август"},{"$i":"month-8-genitive","$v":"септември"},{"$i":"month-9-genitive","$v":"октомври"},{"$i":"month-10-genitive","$v":"ноември"},{"$i":"month-11-genitive","$v":"декември"},{"$i":"month-0-short","$v":"яну"},{"$i":"month-1-short","$v":"фев"},{"$i":"month-2-short","$v":"мар"},{"$i":"month-3-short","$v":"апр"},{"$i":"month-4-short","$v":"май"},{"$i":"month-5-short","$v":"юни"},{"$i":"month-6-short","$v":"юли"},{"$i":"month-7-short","$v":"авг"},{"$i":"month-8-short","$v":"сеп"},{"$i":"month-9-short","$v":"окт"},{"$i":"month-10-short","$v":"ное"},{"$i":"month-11-short","$v":"дек"},{"$i":"minutes-ago-long","$v":{"zero":"току-що","one":"преди минута","two":["преди ",{"t":"idOrVar","v":"value"}," минути"],"few":["преди ",{"t":"idOrVar","v":"value"}," минути"],"many":["преди ",{"t":"idOrVar","v":"value"}," минути"],"other":["преди ",{"t":"idOrVar","v":"value"}," минути"]},"$x":[{"t":"idOrVar","v":"plural"},"value"]},{"$i":"hours-ago-long","$v":{"zero":"току-що","one":"преди час","two":["преди ",{"t":"idOrVar","v":"value"}," часа"],"few":["преди ",{"t":"idOrVar","v":"value"}," часа"],"many":["преди ",{"t":"idOrVar","v":"value"}," часа"],"other":["преди ",{"t":"idOrVar","v":"value"}," часа"]},"$x":[{"t":"idOrVar","v":"plural"},"value"]},{"$i":"days-ago-long","$v":{"zero":"днес","one":"вчера","two":["преди ",{"t":"idOrVar","v":"value"}," дена"],"few":["преди ",{"t":"idOrVar","v":"value"}," дена"],"many":["преди ",{"t":"idOrVar","v":"value"}," дена"],"other":["преди ",{"t":"idOrVar","v":"value"}," дена"]},"$x":[{"t":"idOrVar","v":"plural"},"value"]},{"$i":"weeks-ago-long","$v":{"zero":"тази седмица","one":"миналата седмица","two":["преди ",{"t":"idOrVar","v":"value"}," седмици"],"few":["преди ",{"t":"idOrVar","v":"value"}," седмици"],"many":["преди ",{"t":"idOrVar","v":"value"}," седмици"],"other":["преди ",{"t":"idOrVar","v":"value"}," седмици"]},"$x":[{"t":"idOrVar","v":"plural"},"value"]},{"$i":"months-ago-long","$v":{"zero":"този месец","one":"миналия месец","two":["преди ",{"t":"idOrVar","v":"value"}," месеца"],"few":["преди ",{"t":"idOrVar","v":"value"}," месеца"],"many":["преди ",{"t":"idOrVar","v":"value"}," месеца"],"other":["преди ",{"t":"idOrVar","v":"value"}," месеца"]},"$x":[{"t":"idOrVar","v":"plural"},"value"]},{"$i":"years-ago-long","$v":{"zero":"тази година","one":"миналата година","two":["преди ",{"t":"idOrVar","v":"value"}," години"],"few":["преди ",{"t":"idOrVar","v":"value"}," години"],"many":["преди ",{"t":"idOrVar","v":"value"}," години"],"other":["преди ",{"t":"idOrVar","v":"value"}," години"]},"$x":[{"t":"idOrVar","v":"plural"},"value"]},{"$i":"minutes-until-long","$v":{"zero":"сега","one":"до една минута","two":["след ",{"t":"idOrVar","v":"value"}," минути"],"few":["след ",{"t":"idOrVar","v":"value"}," минути"],"many":["след ",{"t":"idOrVar","v":"value"}," минути"],"other":["след ",{"t":"idOrVar","v":"value"}," минути"]},"$x":[{"t":"idOrVar","v":"plural"},"value"]},{"$i":"hours-until-long","$v":{"zero":"сега","one":"до един час","two":["след ",{"t":"idOrVar","v":"value"}," часа"],"few":["след ",{"t":"idOrVar","v":"value"}," часа"],"many":["след ",{"t":"idOrVar","v":"value"}," часа"],"other":["след ",{"t":"idOrVar","v":"value"}," часа"]},"$x":[{"t":"idOrVar","v":"plural"},"value"]},{"$i":"days-until-long","$v":{"zero":"днес","one":"утре","two":["след ",{"t":"idOrVar","v":"value"}," дена"],"few":["след ",{"t":"idOrVar","v":"value"}," дена"],"many":["след ",{"t":"idOrVar","v":"value"}," дена"],"other":["след ",{"t":"idOrVar","v":"value"}," дена"]},"$x":[{"t":"idOrVar","v":"plural"},"value"]},{"$i":"weeks-until-long","$v":{"zero":"тази седмица","one":"другата седмица","two":["след ",{"t":"idOrVar","v":"value"}," седмици"],"few":["след ",{"t":"idOrVar","v":"value"}," седмици"],"many":["след ",{"t":"idOrVar","v":"value"}," седмици"],"other":["след ",{"t":"idOrVar","v":"value"}," седмици"]},"$x":[{"t":"idOrVar","v":"plural"},"value"]},{"$i":"months-until-long","$v":{"zero":"този месец","one":"другия месец","two":["след ",{"t":"idOrVar","v":"value"}," месеца"],"few":["след ",{"t":"idOrVar","v":"value"}," месеца"],"many":["след ",{"t":"idOrVar","v":"value"}," месеца"],"other":["след ",{"t":"idOrVar","v":"value"}," месеца"]},"$x":[{"t":"idOrVar","v":"plural"},"value"]},{"$i":"years-until-long","$v":{"zero":"тази година","one":"следващата година","two":["след ",{"t":"idOrVar","v":"value"}," години"],"few":["след ",{"t":"idOrVar","v":"value"}," години"],"many":["след ",{"t":"idOrVar","v":"value"}," години"],"other":["след ",{"t":"idOrVar","v":"value"}," години"]},"$x":[{"t":"idOrVar","v":"plural"},"value"]},{"$i":"minutes-ago-short","$v":{"zero":"току-що","other":["преди ",{"t":"idOrVar","v":"value"},"м"]},"$x":[{"t":"idOrVar","v":"plural"},"value"]},{"$i":"hours-ago-short","$v":{"zero":"току-що","other":["преди ",{"t":"idOrVar","v":"value"},"ч"]},"$x":[{"t":"idOrVar","v":"plural"},"value"]},{"$i":"days-ago-short","$v":{"zero":"днес","other":["преди ",{"t":"idOrVar","v":"value"},"д"]},"$x":[{"t":"idOrVar","v":"plural"},"value"]},{"$i":"minutes-until-short","$v":{"zero":"сега","other":["след ",{"t":"idOrVar","v":"value"},"м"]},"$x":[{"t":"idOrVar","v":"plural"},"value"]},{"$i":"hours-until-short","$v":{"zero":"сега","other":["след ",{"t":"idOrVar","v":"value"},"ч"]},"$x":[{"t":"idOrVar","v":"plural"},"value"]},{"$i":"days-until-short","$v":{"zero":"днес","other":["след ",{"t":"idOrVar","v":"value"},"д"]},"$x":[{"t":"idOrVar","v":"plural"},"value"]},{"$i":"incorrectDate","$v":"(невалидна дата)"},{"$i":"dateTimeFormat_%c","$v":"%a, %e %b %Y %H:%M:%S"},{"$i":"dateTimeFormat_%x","$v":"%d.%m.%Y"},{"$i":"dateTimeFormat_%X","$v":"%H:%M:%S"},{"$i":"shortTimeFormat","$v":"%I:%M %p"},{"$i":"shortTimeFormat12","$v":"%I:%M %p"},{"$i":"shortTimeFormat24","$v":"%H:%M"},{"$i":"shortDateTimeFormat","$v":"%x %H:%M"},{"$i":"weekStartsOnMonday","$v":"1"},{"$i":"firstDayOfTheWeek","$v":"1"},{"$i":"time_am","$v":"пр.об."},{"$i":"time_pm","$v":"сл.об."}]