[{"$i":"back","$v":"পিছনে"},{"$i":"save","$v":"সংরক্ষণ"},{"$i":"hide","$v":"আড়াল করো"},{"$i":"cancel","$v":"বাতিল"},{"$i":"confirm","$v":"নিশ্চিত করুন"},{"$i":"done","$v":"সম্পন্ন"},{"$i":"events","$v":"ইভেন্ট"},{"$i":"edit","$v":"সম্পাদনা"},{"$i":"allday-events","$v":"দিন-ব্যাপী কর্মসূচী"},{"$i":"no-events","$v":"কোনো ইভেন্ট নেই"},{"$i":"show-today","$v":"আজ"},{"$i":"show-month-view","$v":"মাস"},{"$i":"show-week-view","$v":"সপ্তাহ"},{"$i":"show-day-view","$v":"দিন"},{"$i":"settings-show","$v":"সেটিং"},{"$i":"settings-hide","$v":"সেটিং আড়াল"},{"$i":"add-account","$v":"অ্যাকাউন্ট যোগ করুন"},{"$i":"new-event","$v":"ইভেন্ট যোগ"},{"$i":"view-event-header","$v":"কর্মসূচী"},{"$i":"new-event-header","$v":"অনুষ্ঠান যোগ"},{"$i":"edit-event-header","$v":"ইভেন্ট সম্পাদনা"},{"$i":"account-header","$v":"অ্যাকাউন্ট"},{"$i":"account-list-header","$v":"অ্যাকাউন্ট"},{"$i":"advanced-settings-short-icon-button","ariaLabel":"Settings"},{"$i":"advanced-settings-header","$v":"ক্যালেন্ডার সেটিং"},{"$i":"advanced-settings-personalization","$v":"নিজের মত সাজানো"},{"$i":"advanced-settings-reminders","$v":"রিমাইন্ডার"},{"$i":"advanced-settings-add-account","$v":"অ্যাকাউন্ট যোগ"},{"$i":"field-user","placeholder":"ব্যবহারকারীর নাম"},{"$i":"field-password","placeholder":"পাসওয়ার্ড"},{"$i":"field-full-url","placeholder":"URL"},{"$i":"modify-account-setting-up","$v":"আপনার অ্যাকাউন্ট প্রস্তুত হওয়া পর্যন্ত অপেক্ষা করুন"},{"$i":"modify-account-unable-to-sync","$v":"সিঙ্ক করতে ব্যর্থ"},{"$i":"modify-account-sign-in","$v":"সাইন ইন"},{"$i":"preset-caldav","$v":"CalDav"},{"$i":"preset-yahoo","$v":"ইয়াহু!"},{"$i":"preset-google","$v":"গুগল"},{"$i":"preset-local","$v":"অফলাইন ক্যালেন্ডার"},{"$i":"preset-mozilla","$v":"মজিলা জিম্বরা"},{"$i":"calendar-local","$v":"অফলাইন ক্যালেন্ডার"},{"$i":"event-title","placeholder":"শিরোনাম"},{"$i":"event-location","placeholder":"কোথায়?"},{"$i":"event-description","placeholder":"নোট"},{"$i":"event-is-allday","$v":"দিনব্যাপী কর্মসূচী?"},{"$i":"event-start-date","placeholder":"শুরুর তারিখ"},{"$i":"event-end-date","placeholder":"শেষের তারিখ"},{"$i":"event-start-time","placeholder":"শুরুর সময়"},{"$i":"event-end-time","placeholder":"সমাপ্তির সময়"},{"$i":"event-delete","$v":"ইভেন্ট অপসারণ"},{"$i":"remove-account-data","$v":"লোকাল ডাটা অপসারণ"},{"$i":"remove-account-dialog","$v":"অ্যাকাউন্ট অপসারণ"},{"$i":"remove-account-dialog-details","$v":"এই অ্যাকাউন্ট অপসারণ করলে সাথে সম্পর্কিত ক্যালেন্ডার ও ইভেন্টের তথ্য ডিভাইস থেকে অপসারিত হবে।"},{"$i":"drawer-sync-icon-button","ariaLabel":"Sync"},{"$i":"sync-progress-syncing","ariaValueText":"Syncing"},{"$i":"sync-progress-complete","ariaValueText":"Syncing complete"},{"$i":"sync-frequency","$v":"ক্যালেন্ডার হালনাগাদ"},{"$i":"sync-frequency-15min","$v":"১৫ মিনিট"},{"$i":"sync-frequency-30min","$v":"৩০ মিনিট"},{"$i":"sync-frequency-manual","$v":"নিজ হাতে"},{"$i":"one-day-duration","$v":[{"t":"idOrVar","v":"startDate"},"<br> ",{"t":"idOrVar","v":"startTime"}," থেকে ",{"t":"idOrVar","v":"endTime"}," পর্যন্ত"]},{"$i":"multiple-day-duration","$v":[{"t":"idOrVar","v":"startTime"}," থেকে ",{"t":"idOrVar","v":"startDate"},"<br> ",{"t":"idOrVar","v":"endTime"}," পর্যন্ত ",{"t":"idOrVar","v":"endDate"}]},{"$i":"one-all-day-duration","$v":["সারা দিন<br>",{"t":"idOrVar","v":"startDate"}]},{"$i":"multiple-all-day-duration","$v":[{"t":"idOrVar","v":"startDate"},"<br>থেকে ",{"t":"idOrVar","v":"endDate"}," সারা দিন"]},{"$i":"none","$v":"কোনটি নয়"},{"$i":"reminder","$v":"রিমাইন্ডার:"},{"$i":"remind-me","$v":"আমাকে মনে করিয়ে দিও"},{"$i":"alarm-at-event-standard","$v":"ইভেন্টের সময়ে"},{"$i":"alarm-at-event-allday","$v":"ইভেন্টের দিনে"},{"$i":"alarm-start-notice","$v":[{"t":"idOrVar","v":"title"}," শুরু হচ্ছে ",{"t":"idOrVar","v":"distance"}]},{"$i":"alarm-started-notice","$v":[{"t":"idOrVar","v":"title"}," শুরু ",{"t":"idOrVar","v":"distance"}]},{"$i":"minutes-before","$v":{"zero":"০ মিনিট পূর্বে","one":"১ মিনিট পূর্বে","two":[{"t":"idOrVar","v":"value"}," মিনিট পূর্বে"],"few":[{"t":"idOrVar","v":"value"}," মিনিট পূর্বে"],"many":[{"t":"idOrVar","v":"value"}," মিনিট পূর্বে"],"other":[{"t":"idOrVar","v":"value"}," মিনিট পূর্বে"]},"$x":[{"t":"idOrVar","v":"plural"},"value"]},{"$i":"hours-before","$v":{"zero":"০ ঘন্টা পূর্বে","one":"১ ঘন্টা পূর্বে","two":[{"t":"idOrVar","v":"value"}," ঘন্টা পূর্বে"],"few":[{"t":"idOrVar","v":"value"}," ঘন্টা পূর্বে"],"many":[{"t":"idOrVar","v":"value"}," ঘন্টা পূর্বে"],"other":[{"t":"idOrVar","v":"value"}," ঘন্টা পূর্বে"]},"$x":[{"t":"idOrVar","v":"plural"},"value"]},{"$i":"days-before","$v":{"zero":"0 দিন পূর্বে","one":"1 দিন পূর্বে","two":[{"t":"idOrVar","v":"value"}," দিন পূর্বে"],"few":[{"t":"idOrVar","v":"value"}," দিন পূর্বে"],"many":[{"t":"idOrVar","v":"value"}," দিন পূর্বে"],"other":[{"t":"idOrVar","v":"value"}," দিন পূর্বে"]},"$x":[{"t":"idOrVar","v":"plural"},"value"]},{"$i":"weeks-before","$v":{"zero":"০ সপ্তাহ পূর্বে","one":"১ সপ্তাহ পূর্বে","two":[{"t":"idOrVar","v":"value"}," সপ্তাহ পূর্বে"],"few":[{"t":"idOrVar","v":"value"}," সপ্তাহ পূর্বে"],"many":[{"t":"idOrVar","v":"value"}," সপ্তাহ পূর্বে"],"other":[{"t":"idOrVar","v":"value"}," সপ্তাহ পূর্বে"]},"$x":[{"t":"idOrVar","v":"plural"},"value"]},{"$i":"months-before","$v":{"zero":"০ মাস পূর্বে","one":"১ মাস পূর্বে","two":[{"t":"idOrVar","v":"value"}," মাস পূর্বে"],"few":[{"t":"idOrVar","v":"value"}," মাস পূর্বে"],"many":[{"t":"idOrVar","v":"value"}," মাস পূর্বে"],"other":[{"t":"idOrVar","v":"value"}," মাস পূর্বে"]},"$x":[{"t":"idOrVar","v":"plural"},"value"]},{"$i":"years-before","$v":{"zero":"০ বছর পূর্বে","one":"১ বছর পূর্বে","two":[{"t":"idOrVar","v":"value"}," বছর পূর্বে"],"few":[{"t":"idOrVar","v":"value"}," বছর পূর্বে"],"many":[{"t":"idOrVar","v":"value"}," বছর পূর্বে"],"other":[{"t":"idOrVar","v":"value"}," বছর পূর্বে"]},"$x":[{"t":"idOrVar","v":"plural"},"value"]},{"$i":"minutes-after","$v":{"zero":"০ মিনিট পরে","one":"১ মিনিট পরে","two":[{"t":"idOrVar","v":"value"}," মিনিট পরে"],"few":[{"t":"idOrVar","v":"value"}," মিনিট পরে"],"many":[{"t":"idOrVar","v":"value"}," মিনিট পর"],"other":[{"t":"idOrVar","v":"value"}," মিনিট পর"]},"$x":[{"t":"idOrVar","v":"plural"},"value"]},{"$i":"hours-after","$v":{"zero":"০ ঘন্টা পর","one":"১ ঘন্টা পর","two":[{"t":"idOrVar","v":"value"}," ঘন্টা পর"],"few":[{"t":"idOrVar","v":"value"}," ঘন্টা পর"],"many":[{"t":"idOrVar","v":"value"}," ঘন্টা পর"],"other":[{"t":"idOrVar","v":"value"}," ঘন্টা পর"]},"$x":[{"t":"idOrVar","v":"plural"},"value"]},{"$i":"days-after","$v":{"zero":"0 দিন পরে","one":"1 দিন পরে","two":[{"t":"idOrVar","v":"value"}," দিন পর"],"few":[{"t":"idOrVar","v":"value"}," দিন পর"],"many":[{"t":"idOrVar","v":"value"}," দিন পর"],"other":[{"t":"idOrVar","v":"value"}," দিন পর"]},"$x":[{"t":"idOrVar","v":"plural"},"value"]},{"$i":"weeks-after","$v":{"zero":"০ সপ্তাহ পর","one":"১ সপ্তাহ পর","two":[{"t":"idOrVar","v":"value"}," সপ্তাহ পর"],"few":[{"t":"idOrVar","v":"value"}," সপ্তাহ পর"],"many":[{"t":"idOrVar","v":"value"}," সপ্তাহ পর"],"other":[{"t":"idOrVar","v":"value"}," সপ্তাহ পর"]},"$x":[{"t":"idOrVar","v":"plural"},"value"]},{"$i":"months-after","$v":{"zero":"০ মাস পর","one":"১ মাস পর","two":[{"t":"idOrVar","v":"value"}," মাস পর"],"few":[{"t":"idOrVar","v":"value"}," মাস পর"],"many":[{"t":"idOrVar","v":"value"}," মাস পর"],"other":[{"t":"idOrVar","v":"value"}," মাস পর"]},"$x":[{"t":"idOrVar","v":"plural"},"value"]},{"$i":"years-after","$v":{"zero":"০ বছর পর","one":"১ বছর পর","two":[{"t":"idOrVar","v":"value"}," বছর পর"],"few":[{"t":"idOrVar","v":"value"}," বছর পর"],"many":[{"t":"idOrVar","v":"value"}," বছর পর"],"other":[{"t":"idOrVar","v":"value"}," বছর পর"]},"$x":[{"t":"idOrVar","v":"plural"},"value"]},{"$i":"hour-format12","$v":"%I %p"},{"$i":"hour-format24","$v":"%H"},{"$i":"week-hour-format12","$v":"%I %p"},{"$i":"week-hour-format24","$v":"%H"},{"$i":"hour-allday","$v":"সারা দিন"},{"$i":"week-day","$v":"%a %e"},{"$i":"current-time12","$v":"%I:%M"},{"$i":"current-time24","$v":"%H:%M"},{"$i":"multi-month-view-header-format","$v":"%b %Y"},{"$i":"day-view-header-format","$v":"%b %e, %A"},{"$i":"months-day-view-header-format","$v":"%A %b %e"},{"$i":"longDateFormat","$v":"%A, %B %d, %Y"},{"$i":"error-start-date-after-end-date","$v":"The event cannot end before its start date"},{"$i":"error-start-time-after-end-time","$v":"The event cannot end before its start time"},{"$i":"error-unauthenticated","$v":"ভুল ব্যবহারকারীর নাম/পাসওয়ার্ড"},{"$i":"error-internal-server-error","$v":"সার্ভারে সমস্যা। আপনার লগিন মিলিয়ে নিয়ে আবার চেষ্টা করুন।"},{"$i":"error-default","$v":"কোথাও সমস্যা হয়েছে। পরে আবার চেষ্টা করুন।"},{"$i":"error-offline","$v":"ইন্টানেট বিচ্ছিন্ন। সংযোগ পরীক্ষা করে পুনরায় চেষ্টা করুন।"},{"$i":"error-account-exist","$v":"অ্যাকাউন্টটি ইতোমধ্যে বিদ্যমান।"},{"$i":"notification-error-sync-title","$v":"ক্যালেন্ডার সিনক্রোনাইজ জনিত ত্রুটি"},{"$i":"notification-error-sync-description","$v":"আরও তথ্যের জন্য ট্যাপ করুন"},{"$i":"weekday-0-single-char","$v":"S","ariaLabel":"Sunday"},{"$i":"weekday-1-single-char","$v":"M","ariaLabel":"Monday"},{"$i":"weekday-2-single-char","$v":"T","ariaLabel":"Tuesday"},{"$i":"weekday-3-single-char","$v":"W","ariaLabel":"Wednesday"},{"$i":"weekday-4-single-char","$v":"T","ariaLabel":"Thursday"},{"$i":"weekday-5-single-char","$v":"F","ariaLabel":"Friday"},{"$i":"weekday-6-single-char","$v":"S","ariaLabel":"Saturday"},{"$i":"busy","$v":{"one":[{"t":"idOrVar","v":"n"}," event"],"two":[{"t":"idOrVar","v":"n"}," events"],"few":[{"t":"idOrVar","v":"n"}," events"],"many":[{"t":"idOrVar","v":"n"}," events"],"other":[{"t":"idOrVar","v":"n"}," events"]},"$x":[{"t":"idOrVar","v":"plural"},"n"]},{"$i":"present","ariaLabel":"Today"},{"$i":"past-other-month-description","ariaLabel":"Other month"},{"$i":"future-other-month-description","ariaLabel":"Other month"},{"$i":"icon-calendar-alarm","ariaLabel":"Has alarm"},{"$i":"calendars","ariaLabel":"Calendars"},{"$i":"multi-day-new-event-link","ariaLabel":"Add event"},{"$i":"title","ariaLabel":"Title"},{"$i":"location","ariaLabel":"Location"},{"$i":"duration","ariaLabel":"Duration"},{"$i":"calendar","ariaLabel":"Calendar"},{"$i":"alarms","ariaLabel":"Alarms"},{"$i":"description","ariaLabel":"Description"},{"$i":"start-date","ariaLabel":"Start date"},{"$i":"start-time","ariaLabel":"Start time"},{"$i":"end-date","ariaLabel":"End date"},{"$i":"end-time","ariaLabel":"End time"},{"$i":"during-progress-loading","ariaValueText":"Loading"},{"$i":"all-day","ariaLabel":"All day"},{"$i":"create-event","ariaLabel":"Create event"},{"$i":"create-all-day-event","ariaLabel":"Create all day event"},{"$i":"event-one-day-duration","ariaLabel":["from ",{"t":"idOrVar","v":"startTime"}," to ",{"t":"idOrVar","v":"endTime"}]},{"$i":"week-event-one-day-duration","ariaLabel":[{"t":"idOrVar","v":"startDate"}," from ",{"t":"idOrVar","v":"startTime"}," to ",{"t":"idOrVar","v":"endTime"}]},{"$i":"event-multiple-day-duration","ariaLabel":["From ",{"t":"idOrVar","v":"startTime"}," ",{"t":"idOrVar","v":"startDate"}," to ",{"t":"idOrVar","v":"endTime"}," ",{"t":"idOrVar","v":"endDate"}]},{"$i":"weekday-0-long","$v":"রবিবার"},{"$i":"weekday-1-long","$v":"সোমবার"},{"$i":"weekday-2-long","$v":"মঙ্গলবার"},{"$i":"weekday-3-long","$v":"বুধবার"},{"$i":"weekday-4-long","$v":"বৃহস্পতিবার"},{"$i":"weekday-5-long","$v":"শুক্রবার"},{"$i":"weekday-6-long","$v":"শনিবার"},{"$i":"weekday-0-short","$v":"রবি"},{"$i":"weekday-1-short","$v":"সোম"},{"$i":"weekday-2-short","$v":"মঙ্গল"},{"$i":"weekday-3-short","$v":"বুধ"},{"$i":"weekday-4-short","$v":"বৃহঃ"},{"$i":"weekday-5-short","$v":"শুক্র"},{"$i":"weekday-6-short","$v":"শনি"},{"$i":"month-0-long","$v":"জানুয়ারি"},{"$i":"month-1-long","$v":"ফেব্রুয়ারি"},{"$i":"month-2-long","$v":"মার্চ"},{"$i":"month-3-long","$v":"এপ্রিল"},{"$i":"month-4-long","$v":"মে"},{"$i":"month-5-long","$v":"জুন"},{"$i":"month-6-long","$v":"জুলাই"},{"$i":"month-7-long","$v":"আগস্ট"},{"$i":"month-8-long","$v":"সেপ্টেম্বর"},{"$i":"month-9-long","$v":"অক্টোবর"},{"$i":"month-10-long","$v":"নভেম্বর"},{"$i":"month-11-long","$v":"ডিসেম্বর"},{"$i":"month-0-genitive","$v":"জানুয়ারি"},{"$i":"month-1-genitive","$v":"ফেব্রুয়ারি"},{"$i":"month-2-genitive","$v":"মার্চ"},{"$i":"month-3-genitive","$v":"এপ্রিল"},{"$i":"month-4-genitive","$v":"মে"},{"$i":"month-5-genitive","$v":"জুন"},{"$i":"month-6-genitive","$v":"জুলাই"},{"$i":"month-7-genitive","$v":"আগস্ট"},{"$i":"month-8-genitive","$v":"সেপ্টেম্বর"},{"$i":"month-9-genitive","$v":"অক্টোবর"},{"$i":"month-10-genitive","$v":"নভেম্বর"},{"$i":"month-11-genitive","$v":"ডিসেম্বর"},{"$i":"month-0-short","$v":"জানু"},{"$i":"month-1-short","$v":"ফেব্রু"},{"$i":"month-2-short","$v":"মার্চ"},{"$i":"month-3-short","$v":"এপ্রিল"},{"$i":"month-4-short","$v":"মে"},{"$i":"month-5-short","$v":"জুন"},{"$i":"month-6-short","$v":"জুলাই"},{"$i":"month-7-short","$v":"আগস্ট"},{"$i":"month-8-short","$v":"সেপ্ট"},{"$i":"month-9-short","$v":"অক্টো"},{"$i":"month-10-short","$v":"নভে"},{"$i":"month-11-short","$v":"ডিসে"},{"$i":"minutes-ago-long","$v":{"zero":"এইমাত্র","one":"১ মিনিট পূর্বে","two":[{"t":"idOrVar","v":"value"}," মিনিট পূর্বে"],"few":[{"t":"idOrVar","v":"value"}," মিনিট পূর্বে"],"many":[{"t":"idOrVar","v":"value"}," মিনিট পূর্বে"],"other":[{"t":"idOrVar","v":"value"}," মিনিট পূর্বে"]},"$x":[{"t":"idOrVar","v":"plural"},"value"]},{"$i":"hours-ago-long","$v":{"zero":"এইমাত্র","one":"১ ঘন্টা পূর্বে","two":[{"t":"idOrVar","v":"value"}," ঘন্টা পূর্বে"],"few":[{"t":"idOrVar","v":"value"}," ঘন্টা পূর্বে"],"many":[{"t":"idOrVar","v":"value"}," ঘন্টা পূর্বে"],"other":[{"t":"idOrVar","v":"value"}," ঘন্টা পূর্বে"]},"$x":[{"t":"idOrVar","v":"plural"},"value"]},{"$i":"days-ago-long","$v":{"zero":"আজ","one":"গতকাল","two":[{"t":"idOrVar","v":"value"}," দিন পূর্বে"],"few":[{"t":"idOrVar","v":"value"}," দিন পূর্বে"],"many":[{"t":"idOrVar","v":"value"}," দিন পূর্বে"],"other":[{"t":"idOrVar","v":"value"}," দিন পূর্বে"]},"$x":[{"t":"idOrVar","v":"plural"},"value"]},{"$i":"weeks-ago-long","$v":{"zero":"এই সপ্তাহে","one":"গত সপ্তাহ","two":[{"t":"idOrVar","v":"value"}," সপ্তাহ পূর্বে"],"few":[{"t":"idOrVar","v":"value"}," সপ্তাহ পূর্বে"],"many":[{"t":"idOrVar","v":"value"}," সপ্তাহ পূর্বে"],"other":[{"t":"idOrVar","v":"value"}," সপ্তাহ পূর্বে"]},"$x":[{"t":"idOrVar","v":"plural"},"value"]},{"$i":"months-ago-long","$v":{"zero":"চলতি মাস","one":"গত মাস","two":[{"t":"idOrVar","v":"value"}," মাস পূর্বে"],"few":[{"t":"idOrVar","v":"value"}," মাস পূর্বে"],"many":[{"t":"idOrVar","v":"value"}," মাস পূর্বে"],"other":[{"t":"idOrVar","v":"value"}," মাস পূর্বে"]},"$x":[{"t":"idOrVar","v":"plural"},"value"]},{"$i":"years-ago-long","$v":{"zero":"এই বছর","one":"গত বছর","two":[{"t":"idOrVar","v":"value"}," বছর আগে"],"few":[{"t":"idOrVar","v":"value"}," বছর পূর্বে"],"many":[{"t":"idOrVar","v":"value"}," বছর পূর্বে"],"other":[{"t":"idOrVar","v":"value"}," বছর পূর্বে"]},"$x":[{"t":"idOrVar","v":"plural"},"value"]},{"$i":"minutes-until-long","$v":{"zero":"এখন","one":"এক মিনিটের মধ্যে","two":[{"t":"idOrVar","v":"value"}," মিনিটের মধ্যে"],"few":[{"t":"idOrVar","v":"value"}," মিনিটের মধ্যে"],"many":[{"t":"idOrVar","v":"value"}," মিনিটের মধ্যে"],"other":[{"t":"idOrVar","v":"value"}," মিনিটের মধ্যে"]},"$x":[{"t":"idOrVar","v":"plural"},"value"]},{"$i":"hours-until-long","$v":{"zero":"এখন","one":"এক ঘন্টার মধ্যে","two":[{"t":"idOrVar","v":"value"}," ঘন্টার মধ্যে"],"few":[{"t":"idOrVar","v":"value"}," ঘন্টার মধ্যে"],"many":[{"t":"idOrVar","v":"value"}," ঘন্টার মধ্যে"],"other":[{"t":"idOrVar","v":"value"}," ঘন্টার মধ্যে"]},"$x":[{"t":"idOrVar","v":"plural"},"value"]},{"$i":"days-until-long","$v":{"zero":"আজ","one":"আগামীকাল","two":[{"t":"idOrVar","v":"value"}," দিনের মধ্যে"],"few":[{"t":"idOrVar","v":"value"}," দিনের মধ্যে"],"many":[{"t":"idOrVar","v":"value"}," দিনের মধ্যে"],"other":[{"t":"idOrVar","v":"value"}," দিনের মধ্যে"]},"$x":[{"t":"idOrVar","v":"plural"},"value"]},{"$i":"weeks-until-long","$v":{"zero":"এই সপ্তাহ","one":"পরবর্তী সপ্তাহ","two":[{"t":"idOrVar","v":"value"}," সপ্তাহের মধ্যে"],"few":[{"t":"idOrVar","v":"value"}," সপ্তাহের মধ্যে"],"many":[{"t":"idOrVar","v":"value"}," সপ্তাহের মধ্যে"],"other":[{"t":"idOrVar","v":"value"}," সপ্তাহের মধ্যে"]},"$x":[{"t":"idOrVar","v":"plural"},"value"]},{"$i":"months-until-long","$v":{"zero":"এই মাস","one":"পরবর্তী মাস","two":[{"t":"idOrVar","v":"value"}," মাসের মধ্যে"],"few":[{"t":"idOrVar","v":"value"}," মাসের মধ্যে"],"many":[{"t":"idOrVar","v":"value"}," মাসের মধ্যে"],"other":[{"t":"idOrVar","v":"value"}," মাসের মধ্যে"]},"$x":[{"t":"idOrVar","v":"plural"},"value"]},{"$i":"years-until-long","$v":{"zero":"এই বছর","one":"আগামী বছর","two":[{"t":"idOrVar","v":"value"}," বছরের মধ্যে"],"few":[{"t":"idOrVar","v":"value"}," বছরের মধ্যে"],"many":[{"t":"idOrVar","v":"value"}," বছরের মধ্যে"],"other":[{"t":"idOrVar","v":"value"}," বছরের মধ্যে"]},"$x":[{"t":"idOrVar","v":"plural"},"value"]},{"$i":"minutes-ago-short","$v":{"zero":"এইমাত্র","other":[{"t":"idOrVar","v":"value"},"মি. পূর্বে"]},"$x":[{"t":"idOrVar","v":"plural"},"value"]},{"$i":"hours-ago-short","$v":{"zero":"এইমাত্র","other":[{"t":"idOrVar","v":"value"},"ঘন্টা পূর্বে"]},"$x":[{"t":"idOrVar","v":"plural"},"value"]},{"$i":"days-ago-short","$v":{"zero":"আজ","other":[{"t":"idOrVar","v":"value"},"দিন পূর্বে"]},"$x":[{"t":"idOrVar","v":"plural"},"value"]},{"$i":"minutes-until-short","$v":{"zero":"এখন","other":[{"t":"idOrVar","v":"value"}," মিনিটের মধ্যে"]},"$x":[{"t":"idOrVar","v":"plural"},"value"]},{"$i":"hours-until-short","$v":{"zero":"এখন","other":[{"t":"idOrVar","v":"value"},"ঘন্টার মধ্যে"]},"$x":[{"t":"idOrVar","v":"plural"},"value"]},{"$i":"days-until-short","$v":{"zero":"আজ","other":[{"t":"idOrVar","v":"value"},"দিনের মধ্যে"]},"$x":[{"t":"idOrVar","v":"plural"},"value"]},{"$i":"incorrectDate","$v":"(ভুল তারিখ)"},{"$i":"dateTimeFormat_%c","$v":"%a %b %e %Y %I:%M:%S %p"},{"$i":"dateTimeFormat_%x","$v":"%m/%d/%Y"},{"$i":"dateTimeFormat_%X","$v":"%I:%M:%S %p"},{"$i":"shortTimeFormat","$v":"%I:%M %p"},{"$i":"shortTimeFormat12","$v":"%I:%M %p"},{"$i":"shortTimeFormat24","$v":"%H:%M"},{"$i":"shortDateTimeFormat","$v":"%x %I:%M %p"},{"$i":"weekStartsOnMonday","$v":"0"},{"$i":"firstDayOfTheWeek","$v":"0"},{"$i":"time_am","$v":"AM"},{"$i":"time_pm","$v":"PM"}]