[{"$i":"back","$v":"Enrere"},{"$i":"save","$v":"Desa"},{"$i":"hide","$v":"Amaga"},{"$i":"cancel","$v":"Cancel·la"},{"$i":"confirm","$v":"Confirma"},{"$i":"done","$v":"Fet"},{"$i":"events","$v":"Cites"},{"$i":"edit","$v":"Edita"},{"$i":"allday-events","$v":"Cites de tot el dia"},{"$i":"no-events","$v":"Cap cita"},{"$i":"show-today","$v":"Avui"},{"$i":"show-month-view","$v":"Mes"},{"$i":"show-week-view","$v":"Setmana"},{"$i":"show-day-view","$v":"Dia"},{"$i":"settings-show","$v":"Paràmetres"},{"$i":"settings-hide","$v":"Amaga els paràmetres"},{"$i":"add-account","$v":"Afegeix un compte"},{"$i":"new-event","$v":"Afegeix una cita"},{"$i":"view-event-header","$v":"Cita"},{"$i":"new-event-header","$v":"Afegeix una cita"},{"$i":"edit-event-header","$v":"Edita la cita"},{"$i":"account-header","$v":"Compte"},{"$i":"account-list-header","$v":"Comptes"},{"$i":"advanced-settings-short-icon-button","ariaLabel":"Settings"},{"$i":"advanced-settings-header","$v":"Paràm. calendaris"},{"$i":"advanced-settings-personalization","$v":"Personalització"},{"$i":"advanced-settings-reminders","$v":"Recordatoris"},{"$i":"advanced-settings-add-account","$v":"Afegeix un compte"},{"$i":"field-user","placeholder":"Nom d'usuari"},{"$i":"field-password","placeholder":"Contrasenya"},{"$i":"field-full-url","placeholder":"URL"},{"$i":"modify-account-setting-up","$v":"Espereu mentre es configura el compte"},{"$i":"modify-account-unable-to-sync","$v":"No s'ha pogut sincronitzar"},{"$i":"modify-account-sign-in","$v":"Inicia la sessió"},{"$i":"preset-caldav","$v":"CalDav"},{"$i":"preset-yahoo","$v":"Yahoo!"},{"$i":"preset-google","$v":"Google"},{"$i":"preset-local","$v":"Calendari fora de línia"},{"$i":"preset-mozilla","$v":"Mozilla Zimbra"},{"$i":"calendar-local","$v":"Calendari fora de línia"},{"$i":"event-title","placeholder":"Títol"},{"$i":"event-location","placeholder":"On?"},{"$i":"event-description","placeholder":"Notes"},{"$i":"event-is-allday","$v":"Cita de tot el dia?"},{"$i":"event-start-date","placeholder":"Data inicial"},{"$i":"event-end-date","placeholder":"Data final"},{"$i":"event-start-time","placeholder":"Hora inicial"},{"$i":"event-end-time","placeholder":"Hora final"},{"$i":"event-delete","$v":"Elimina la cita"},{"$i":"remove-account-data","$v":"Elimina les dades locals"},{"$i":"remove-account-dialog","$v":"Elimina el compte"},{"$i":"remove-account-dialog-details","$v":"En eliminar el compte, també s'eliminarà la còpia local dels calendaris i cites associats."},{"$i":"drawer-sync-icon-button","ariaLabel":"Sync"},{"$i":"sync-progress-syncing","ariaValueText":"Syncing"},{"$i":"sync-progress-complete","ariaValueText":"Syncing complete"},{"$i":"sync-frequency","$v":"Sincronitza el calendari"},{"$i":"sync-frequency-15min","$v":"15 min"},{"$i":"sync-frequency-30min","$v":"30 min"},{"$i":"sync-frequency-manual","$v":"Manualment"},{"$i":"one-day-duration","$v":["El ",{"t":"idOrVar","v":"startDate"},"<br>des de les ",{"t":"idOrVar","v":"startTime"}," fins a les ",{"t":"idOrVar","v":"endTime"}]},{"$i":"multiple-day-duration","$v":["Des de les ",{"t":"idOrVar","v":"startTime"},"<br>del ",{"t":"idOrVar","v":"startDate"},"<br>fins a les ",{"t":"idOrVar","v":"endTime"},"<br>del ",{"t":"idOrVar","v":"endDate"}]},{"$i":"one-all-day-duration","$v":["Tot el dia del<br>",{"t":"idOrVar","v":"startDate"}]},{"$i":"multiple-all-day-duration","$v":["Tot el dia des del ",{"t":"idOrVar","v":"startDate"},"<br>fins al ",{"t":"idOrVar","v":"endDate"}]},{"$i":"none","$v":"Cap"},{"$i":"reminder","$v":"Recordatori:"},{"$i":"remind-me","$v":"Recorda'm-ho"},{"$i":"alarm-at-event-standard","$v":"A l'hora de la cita"},{"$i":"alarm-at-event-allday","$v":"El dia de la cita"},{"$i":"alarm-start-notice","$v":[{"t":"idOrVar","v":"title"}," s'iniciarà ",{"t":"idOrVar","v":"distance"}]},{"$i":"alarm-started-notice","$v":[{"t":"idOrVar","v":"title"}," s'ha iniciat ",{"t":"idOrVar","v":"distance"}]},{"$i":"minutes-before","$v":{"zero":"0 minuts abans","one":"1 minut abans","two":[{"t":"idOrVar","v":"value"}," minuts abans"],"few":[{"t":"idOrVar","v":"value"}," minuts abans"],"many":[{"t":"idOrVar","v":"value"}," minuts abans"],"other":[{"t":"idOrVar","v":"value"}," minuts abans"]},"$x":[{"t":"idOrVar","v":"plural"},"value"]},{"$i":"hours-before","$v":{"zero":"0 hores abans","one":"1 hora abans","two":[{"t":"idOrVar","v":"value"}," hores abans"],"few":[{"t":"idOrVar","v":"value"}," hores abans"],"many":[{"t":"idOrVar","v":"value"}," hores abans"],"other":[{"t":"idOrVar","v":"value"}," hores abans"]},"$x":[{"t":"idOrVar","v":"plural"},"value"]},{"$i":"days-before","$v":{"zero":"0 dies abans","one":"1 dia abans","two":[{"t":"idOrVar","v":"value"}," dies abans"],"few":[{"t":"idOrVar","v":"value"}," dies abans"],"many":[{"t":"idOrVar","v":"value"}," dies abans"],"other":[{"t":"idOrVar","v":"value"}," dies abans"]},"$x":[{"t":"idOrVar","v":"plural"},"value"]},{"$i":"weeks-before","$v":{"zero":"0 setmanes abans","one":"1 setmana abans","two":[{"t":"idOrVar","v":"value"}," setmanes abans"],"few":[{"t":"idOrVar","v":"value"}," setmanes abans"],"many":[{"t":"idOrVar","v":"value"}," setmanes abans"],"other":[{"t":"idOrVar","v":"value"}," setmanes abans"]},"$x":[{"t":"idOrVar","v":"plural"},"value"]},{"$i":"months-before","$v":{"zero":"0 mesos abans","one":"1 mes abans","two":[{"t":"idOrVar","v":"value"}," mesos abans"],"few":[{"t":"idOrVar","v":"value"}," mesos abans"],"many":[{"t":"idOrVar","v":"value"}," mesos abans"],"other":[{"t":"idOrVar","v":"value"}," mesos abans"]},"$x":[{"t":"idOrVar","v":"plural"},"value"]},{"$i":"years-before","$v":{"zero":"0 anys abans","one":"1 any abans","two":[{"t":"idOrVar","v":"value"}," anys abans"],"few":[{"t":"idOrVar","v":"value"}," anys abans"],"many":[{"t":"idOrVar","v":"value"}," anys abans"],"other":[{"t":"idOrVar","v":"value"}," anys abans"]},"$x":[{"t":"idOrVar","v":"plural"},"value"]},{"$i":"minutes-after","$v":{"zero":"0 minuts després","one":"1 minut després","two":[{"t":"idOrVar","v":"value"}," minuts després"],"few":[{"t":"idOrVar","v":"value"}," minuts després"],"many":[{"t":"idOrVar","v":"value"}," minuts després"],"other":[{"t":"idOrVar","v":"value"}," minuts després"]},"$x":[{"t":"idOrVar","v":"plural"},"value"]},{"$i":"hours-after","$v":{"zero":"0 hores després","one":"1 hora després","two":[{"t":"idOrVar","v":"value"}," hores després"],"few":[{"t":"idOrVar","v":"value"}," hores després"],"many":[{"t":"idOrVar","v":"value"}," hores després"],"other":[{"t":"idOrVar","v":"value"}," hores després"]},"$x":[{"t":"idOrVar","v":"plural"},"value"]},{"$i":"days-after","$v":{"zero":"0 dies després","one":"1 dia després","two":[{"t":"idOrVar","v":"value"}," dies després"],"few":[{"t":"idOrVar","v":"value"}," dies després"],"many":[{"t":"idOrVar","v":"value"}," dies després"],"other":[{"t":"idOrVar","v":"value"}," dies després"]},"$x":[{"t":"idOrVar","v":"plural"},"value"]},{"$i":"weeks-after","$v":{"zero":"0 setmanes després","one":"1 setmana després","two":[{"t":"idOrVar","v":"value"}," setmanes després"],"few":[{"t":"idOrVar","v":"value"}," setmanes després"],"many":[{"t":"idOrVar","v":"value"}," setmanes després"],"other":[{"t":"idOrVar","v":"value"}," setmanes després"]},"$x":[{"t":"idOrVar","v":"plural"},"value"]},{"$i":"months-after","$v":{"zero":"0 mesos després","one":"1 mes després","two":[{"t":"idOrVar","v":"value"}," mesos després"],"few":[{"t":"idOrVar","v":"value"}," mesos després"],"many":[{"t":"idOrVar","v":"value"}," mesos després"],"other":[{"t":"idOrVar","v":"value"}," mesos després"]},"$x":[{"t":"idOrVar","v":"plural"},"value"]},{"$i":"years-after","$v":{"zero":"0 anys després","one":"1 any després","two":[{"t":"idOrVar","v":"value"}," anys després"],"few":[{"t":"idOrVar","v":"value"}," anys després"],"many":[{"t":"idOrVar","v":"value"}," anys després"],"other":[{"t":"idOrVar","v":"value"}," anys després"]},"$x":[{"t":"idOrVar","v":"plural"},"value"]},{"$i":"hour-format12","$v":"%H"},{"$i":"hour-format24","$v":"%H"},{"$i":"week-hour-format12","$v":"%H"},{"$i":"week-hour-format24","$v":"%H"},{"$i":"hour-allday","$v":"Tot el dia"},{"$i":"week-day","$v":"%a %e"},{"$i":"current-time12","$v":"%I:%M"},{"$i":"current-time24","$v":"%H:%M"},{"$i":"multi-month-view-header-format","$v":"%b %Y"},{"$i":"day-view-header-format","$v":"%a %e %Eb"},{"$i":"months-day-view-header-format","$v":"%A %e %Eb"},{"$i":"longDateFormat","$v":"%A %d %Eb de %Y"},{"$i":"error-start-date-after-end-date","$v":"La cita no pot acabar abans de la data inicial"},{"$i":"error-start-time-after-end-time","$v":"La cita no pot acabar abans de l'hora inicial"},{"$i":"error-unauthenticated","$v":"Nom d'usuari i/o contrasenya incorrectes"},{"$i":"error-internal-server-error","$v":"Error del servidor. Comproveu l'inici de sessió i torneu-ho a provar."},{"$i":"error-default","$v":"Hi ha hagut un problema. Torneu-ho a provar més tard."},{"$i":"error-offline","$v":"No hi ha connexió. Comproveu la configuració de la xarxa i torneu-ho a provar."},{"$i":"error-account-exist","$v":"Aquest compte ja existeix."},{"$i":"notification-error-sync-title","$v":"Error de sincronització del calendari"},{"$i":"notification-error-sync-description","$v":"Toqueu per veure més informació"},{"$i":"weekday-0-single-char","$v":"G","ariaLabel":"diumenge"},{"$i":"weekday-1-single-char","$v":"L","ariaLabel":"dilluns"},{"$i":"weekday-2-single-char","$v":"T","ariaLabel":"dimarts"},{"$i":"weekday-3-single-char","$v":"C","ariaLabel":"dimecres"},{"$i":"weekday-4-single-char","$v":"J","ariaLabel":"dijous"},{"$i":"weekday-5-single-char","$v":"V","ariaLabel":"divendres"},{"$i":"weekday-6-single-char","$v":"S","ariaLabel":"dissabte"},{"$i":"busy","$v":{"one":[{"t":"idOrVar","v":"n"}," cita"],"two":[{"t":"idOrVar","v":"n"}," cites"],"few":[{"t":"idOrVar","v":"n"}," cites"],"many":[{"t":"idOrVar","v":"n"}," cites"],"other":[{"t":"idOrVar","v":"n"}," cites"]},"$x":[{"t":"idOrVar","v":"plural"},"n"]},{"$i":"present","ariaLabel":"Avui"},{"$i":"past-other-month-description","ariaLabel":"Other month"},{"$i":"future-other-month-description","ariaLabel":"Other month"},{"$i":"icon-calendar-alarm","ariaLabel":"Té alarma"},{"$i":"calendars","ariaLabel":"Calendaris"},{"$i":"multi-day-new-event-link","ariaLabel":"Afegeix una cita"},{"$i":"title","ariaLabel":"Títol"},{"$i":"location","ariaLabel":"Ubicació"},{"$i":"duration","ariaLabel":"Durada"},{"$i":"calendar","ariaLabel":"Calendari"},{"$i":"alarms","ariaLabel":"Alarmes"},{"$i":"description","ariaLabel":"Descripció"},{"$i":"start-date","ariaLabel":"Data inicial"},{"$i":"start-time","ariaLabel":"Hora inicial"},{"$i":"end-date","ariaLabel":"Data final"},{"$i":"end-time","ariaLabel":"Hora final"},{"$i":"during-progress-loading","ariaValueText":"S'està carregant"},{"$i":"all-day","ariaLabel":"All day"},{"$i":"create-event","ariaLabel":"Create event"},{"$i":"create-all-day-event","ariaLabel":"Create all day event"},{"$i":"event-one-day-duration","ariaLabel":["from ",{"t":"idOrVar","v":"startTime"}," to ",{"t":"idOrVar","v":"endTime"}]},{"$i":"week-event-one-day-duration","ariaLabel":[{"t":"idOrVar","v":"startDate"}," from ",{"t":"idOrVar","v":"startTime"}," to ",{"t":"idOrVar","v":"endTime"}]},{"$i":"event-multiple-day-duration","ariaLabel":["From ",{"t":"idOrVar","v":"startTime"}," ",{"t":"idOrVar","v":"startDate"}," to ",{"t":"idOrVar","v":"endTime"}," ",{"t":"idOrVar","v":"endDate"}]},{"$i":"weekday-0-long","$v":"diumenge"},{"$i":"weekday-1-long","$v":"dilluns"},{"$i":"weekday-2-long","$v":"dimarts"},{"$i":"weekday-3-long","$v":"dimecres"},{"$i":"weekday-4-long","$v":"dijous"},{"$i":"weekday-5-long","$v":"divendres"},{"$i":"weekday-6-long","$v":"dissabte"},{"$i":"weekday-0-short","$v":"dg"},{"$i":"weekday-1-short","$v":"dl"},{"$i":"weekday-2-short","$v":"dt"},{"$i":"weekday-3-short","$v":"dc"},{"$i":"weekday-4-short","$v":"dj"},{"$i":"weekday-5-short","$v":"dv"},{"$i":"weekday-6-short","$v":"ds"},{"$i":"month-0-long","$v":"gener"},{"$i":"month-1-long","$v":"febrer"},{"$i":"month-2-long","$v":"març"},{"$i":"month-3-long","$v":"abril"},{"$i":"month-4-long","$v":"maig"},{"$i":"month-5-long","$v":"juny"},{"$i":"month-6-long","$v":"juliol"},{"$i":"month-7-long","$v":"agost"},{"$i":"month-8-long","$v":"setembre"},{"$i":"month-9-long","$v":"octubre"},{"$i":"month-10-long","$v":"novembre"},{"$i":"month-11-long","$v":"desembre"},{"$i":"month-0-genitive","$v":"de gener"},{"$i":"month-1-genitive","$v":"de febrer"},{"$i":"month-2-genitive","$v":"de març"},{"$i":"month-3-genitive","$v":"d'abril"},{"$i":"month-4-genitive","$v":"de maig"},{"$i":"month-5-genitive","$v":"de juny"},{"$i":"month-6-genitive","$v":"de juliol"},{"$i":"month-7-genitive","$v":"d'agost"},{"$i":"month-8-genitive","$v":"de setembre"},{"$i":"month-9-genitive","$v":"d'octubre"},{"$i":"month-10-genitive","$v":"de novembre"},{"$i":"month-11-genitive","$v":"de desembre"},{"$i":"month-0-short","$v":"gen"},{"$i":"month-1-short","$v":"febr"},{"$i":"month-2-short","$v":"març"},{"$i":"month-3-short","$v":"abr"},{"$i":"month-4-short","$v":"maig"},{"$i":"month-5-short","$v":"juny"},{"$i":"month-6-short","$v":"jul"},{"$i":"month-7-short","$v":"ag"},{"$i":"month-8-short","$v":"set"},{"$i":"month-9-short","$v":"oct"},{"$i":"month-10-short","$v":"nov"},{"$i":"month-11-short","$v":"des"},{"$i":"minutes-ago-long","$v":{"zero":"ara","one":"fa un minut","two":["fa ",{"t":"idOrVar","v":"value"}," minuts"],"few":["fa ",{"t":"idOrVar","v":"value"}," minuts"],"many":["fa ",{"t":"idOrVar","v":"value"}," minuts"],"other":["fa ",{"t":"idOrVar","v":"value"}," minuts"]},"$x":[{"t":"idOrVar","v":"plural"},"value"]},{"$i":"hours-ago-long","$v":{"zero":"ara","one":"fa una hora","two":["fa ",{"t":"idOrVar","v":"value"}," hores"],"few":["fa ",{"t":"idOrVar","v":"value"}," hores"],"many":["fa ",{"t":"idOrVar","v":"value"}," hores"],"other":["fa ",{"t":"idOrVar","v":"value"}," hores"]},"$x":[{"t":"idOrVar","v":"plural"},"value"]},{"$i":"days-ago-long","$v":{"zero":"avui","one":"ahir","two":["fa ",{"t":"idOrVar","v":"value"}," dies"],"few":["fa ",{"t":"idOrVar","v":"value"}," dies"],"many":["fa ",{"t":"idOrVar","v":"value"}," dies"],"other":["fa ",{"t":"idOrVar","v":"value"}," dies"]},"$x":[{"t":"idOrVar","v":"plural"},"value"]},{"$i":"weeks-ago-long","$v":{"zero":"aquesta setmana","one":"la setmana passada","two":["fa ",{"t":"idOrVar","v":"value"}," setmanes"],"few":["fa ",{"t":"idOrVar","v":"value"}," setmanes"],"many":["fa ",{"t":"idOrVar","v":"value"}," setmanes"],"other":["fa ",{"t":"idOrVar","v":"value"}," setmanes"]},"$x":[{"t":"idOrVar","v":"plural"},"value"]},{"$i":"months-ago-long","$v":{"zero":"aquest mes","one":"el mes passat","two":["fa ",{"t":"idOrVar","v":"value"}," mesos"],"few":["fa ",{"t":"idOrVar","v":"value"}," mesos"],"many":["fa ",{"t":"idOrVar","v":"value"}," mesos"],"other":["fa ",{"t":"idOrVar","v":"value"}," mesos"]},"$x":[{"t":"idOrVar","v":"plural"},"value"]},{"$i":"years-ago-long","$v":{"zero":"enguany","one":"l'any passat","two":["fa ",{"t":"idOrVar","v":"value"}," anys"],"few":["fa ",{"t":"idOrVar","v":"value"}," anys"],"many":["fa ",{"t":"idOrVar","v":"value"}," anys"],"other":["fa ",{"t":"idOrVar","v":"value"}," anys"]},"$x":[{"t":"idOrVar","v":"plural"},"value"]},{"$i":"minutes-until-long","$v":{"zero":"ara","one":"d'aquí un minut","two":["d'aquí ",{"t":"idOrVar","v":"value"}," minuts"],"few":["d'aquí ",{"t":"idOrVar","v":"value"}," minuts"],"many":["d'aquí ",{"t":"idOrVar","v":"value"}," minuts"],"other":["d'aquí ",{"t":"idOrVar","v":"value"}," minuts"]},"$x":[{"t":"idOrVar","v":"plural"},"value"]},{"$i":"hours-until-long","$v":{"zero":"ara","one":"d'aquí una hora","two":["d'aquí ",{"t":"idOrVar","v":"value"}," hores"],"few":["d'aquí ",{"t":"idOrVar","v":"value"}," hores"],"many":["d'aquí ",{"t":"idOrVar","v":"value"}," hores"],"other":["d'aquí ",{"t":"idOrVar","v":"value"}," hores"]},"$x":[{"t":"idOrVar","v":"plural"},"value"]},{"$i":"days-until-long","$v":{"zero":"avui","one":"demà","two":["d'aquí ",{"t":"idOrVar","v":"value"}," dies"],"few":["d'aquí ",{"t":"idOrVar","v":"value"}," dies"],"many":["d'aquí ",{"t":"idOrVar","v":"value"}," dies"],"other":["d'aquí ",{"t":"idOrVar","v":"value"}," dies"]},"$x":[{"t":"idOrVar","v":"plural"},"value"]},{"$i":"weeks-until-long","$v":{"zero":"aquesta setmana","one":"la setmana que ve","two":["d'aquí ",{"t":"idOrVar","v":"value"}," setmanes"],"few":["d'aquí ",{"t":"idOrVar","v":"value"}," setmanes"],"many":["d'aquí ",{"t":"idOrVar","v":"value"}," setmanes"],"other":["d'aquí ",{"t":"idOrVar","v":"value"}," setmanes"]},"$x":[{"t":"idOrVar","v":"plural"},"value"]},{"$i":"months-until-long","$v":{"zero":"aquest mes","one":"el mes que ve","two":["d'aquí ",{"t":"idOrVar","v":"value"}," mesos"],"few":["d'aquí ",{"t":"idOrVar","v":"value"}," mesos"],"many":["d'aquí ",{"t":"idOrVar","v":"value"}," mesos"],"other":["d'aquí ",{"t":"idOrVar","v":"value"}," mesos"]},"$x":[{"t":"idOrVar","v":"plural"},"value"]},{"$i":"years-until-long","$v":{"zero":"enguany","one":"l'any que ve","two":["d'aquí ",{"t":"idOrVar","v":"value"}," anys"],"few":["d'aquí ",{"t":"idOrVar","v":"value"}," anys"],"many":["d'aquí ",{"t":"idOrVar","v":"value"}," anys"],"other":["d'aquí ",{"t":"idOrVar","v":"value"}," anys"]},"$x":[{"t":"idOrVar","v":"plural"},"value"]},{"$i":"minutes-ago-short","$v":{"zero":"ara","other":["fa ",{"t":"idOrVar","v":"value"}," m"]},"$x":[{"t":"idOrVar","v":"plural"},"value"]},{"$i":"hours-ago-short","$v":{"zero":"ara","other":["fa ",{"t":"idOrVar","v":"value"}," h"]},"$x":[{"t":"idOrVar","v":"plural"},"value"]},{"$i":"days-ago-short","$v":{"zero":"avui","other":["fa ",{"t":"idOrVar","v":"value"}," d"]},"$x":[{"t":"idOrVar","v":"plural"},"value"]},{"$i":"minutes-until-short","$v":{"zero":"ara","other":["d'aquí ",{"t":"idOrVar","v":"value"}," m"]},"$x":[{"t":"idOrVar","v":"plural"},"value"]},{"$i":"hours-until-short","$v":{"zero":"ara","other":["d'aquí ",{"t":"idOrVar","v":"value"}," h"]},"$x":[{"t":"idOrVar","v":"plural"},"value"]},{"$i":"days-until-short","$v":{"zero":"avui","other":["d'aquí ",{"t":"idOrVar","v":"value"}," d"]},"$x":[{"t":"idOrVar","v":"plural"},"value"]},{"$i":"incorrectDate","$v":"(data no vàlida)"},{"$i":"dateTimeFormat_%c","$v":"%a %e %Eb, %Y %H:%M:%S"},{"$i":"dateTimeFormat_%x","$v":"%d/%m/%Y"},{"$i":"dateTimeFormat_%X","$v":"%H:%M:%S"},{"$i":"shortTimeFormat","$v":"%H:%M"},{"$i":"shortTimeFormat12","$v":"%I:%M %p"},{"$i":"shortTimeFormat24","$v":"%H:%M"},{"$i":"shortDateTimeFormat","$v":"%x %H:%M"},{"$i":"weekStartsOnMonday","$v":"1"},{"$i":"firstDayOfTheWeek","$v":"0"},{"$i":"time_am","$v":"am"},{"$i":"time_pm","$v":"pm"}]