[{"$i":"back","$v":"Zpět"},{"$i":"save","$v":"Uložit"},{"$i":"hide","$v":"Skrýt"},{"$i":"cancel","$v":"Zrušit"},{"$i":"confirm","$v":"Potvrdit"},{"$i":"done","$v":"Hotovo"},{"$i":"events","$v":"Události"},{"$i":"edit","$v":"Upravit"},{"$i":"allday-events","$v":"Celodenní události"},{"$i":"no-events","$v":"Žádné události"},{"$i":"show-today","$v":"Dnes"},{"$i":"show-month-view","$v":"Měsíc"},{"$i":"show-week-view","$v":"Týden"},{"$i":"show-day-view","$v":"Den"},{"$i":"settings-show","$v":"Nastavení"},{"$i":"settings-hide","$v":"Skrýt nastavení"},{"$i":"add-account","$v":"Přidat účet"},{"$i":"new-event","$v":"Přidat událost"},{"$i":"view-event-header","$v":"Událost"},{"$i":"new-event-header","$v":"Přidání události"},{"$i":"edit-event-header","$v":"Úprava události"},{"$i":"account-header","$v":"Účet"},{"$i":"account-list-header","$v":"Účty"},{"$i":"advanced-settings-short-icon-button","ariaLabel":"Settings"},{"$i":"advanced-settings-header","$v":"Nastavení"},{"$i":"advanced-settings-personalization","$v":"Personalizace"},{"$i":"advanced-settings-reminders","$v":"Upozornění"},{"$i":"advanced-settings-add-account","$v":"Přidat účet"},{"$i":"field-user","placeholder":"Uživatelské jméno"},{"$i":"field-password","placeholder":"Heslo"},{"$i":"field-full-url","placeholder":"URL"},{"$i":"modify-account-setting-up","$v":"Počkejte prosím na dokončení nastavení svého účtu"},{"$i":"modify-account-unable-to-sync","$v":"Synchronizace se nezdařila"},{"$i":"modify-account-sign-in","$v":"Přihlášení"},{"$i":"preset-caldav","$v":"CalDav"},{"$i":"preset-yahoo","$v":"Yahoo!"},{"$i":"preset-google","$v":"Google"},{"$i":"preset-local","$v":"Offline kalendář"},{"$i":"preset-mozilla","$v":"Mozilla Zimbra"},{"$i":"calendar-local","$v":"Offline kalendář"},{"$i":"event-title","placeholder":"Název"},{"$i":"event-location","placeholder":"Kde?"},{"$i":"event-description","placeholder":"Poznámky"},{"$i":"event-is-allday","$v":"Celodenní událost?"},{"$i":"event-start-date","placeholder":"Datum počátku"},{"$i":"event-end-date","placeholder":"Datum konce"},{"$i":"event-start-time","placeholder":"Čas počátku"},{"$i":"event-end-time","placeholder":"Čas konce"},{"$i":"event-delete","$v":"Smazat události"},{"$i":"remove-account-data","$v":"Odebrat místní data"},{"$i":"remove-account-dialog","$v":"Odebrat účet"},{"$i":"remove-account-dialog-details","$v":"Odebráním účtu odeberete rovněž přidružené kalendáře a události."},{"$i":"drawer-sync-icon-button","ariaLabel":"Sync"},{"$i":"sync-progress-syncing","ariaValueText":"Syncing"},{"$i":"sync-progress-complete","ariaValueText":"Syncing complete"},{"$i":"sync-frequency","$v":"Synchronizace"},{"$i":"sync-frequency-15min","$v":"15 min"},{"$i":"sync-frequency-30min","$v":"30 min"},{"$i":"sync-frequency-manual","$v":"Manuálně"},{"$i":"one-day-duration","$v":[{"t":"idOrVar","v":"startDate"},"<br>od ",{"t":"idOrVar","v":"startTime"}," do ",{"t":"idOrVar","v":"endTime"}]},{"$i":"multiple-day-duration","$v":["Od ",{"t":"idOrVar","v":"startTime"}," ",{"t":"idOrVar","v":"startDate"},"<br>do ",{"t":"idOrVar","v":"endTime"}," ",{"t":"idOrVar","v":"endDate"}]},{"$i":"one-all-day-duration","$v":["Celý den<br>",{"t":"idOrVar","v":"startDate"}]},{"$i":"multiple-all-day-duration","$v":["Celý den od ",{"t":"idOrVar","v":"startDate"},"<br>do ",{"t":"idOrVar","v":"endDate"}]},{"$i":"none","$v":"Žádné"},{"$i":"reminder","$v":"Upozornění:"},{"$i":"remind-me","$v":"Upozorni mě"},{"$i":"alarm-at-event-standard","$v":"V čase události"},{"$i":"alarm-at-event-allday","$v":"V den události"},{"$i":"alarm-start-notice","$v":[{"t":"idOrVar","v":"title"}," začne za ",{"t":"idOrVar","v":"distance"}]},{"$i":"alarm-started-notice","$v":[{"t":"idOrVar","v":"title"}," začal ",{"t":"idOrVar","v":"distance"}]},{"$i":"minutes-before","$v":{"zero":"0 minut před","one":"1 minutu před","two":[{"t":"idOrVar","v":"value"}," minuty před"],"few":[{"t":"idOrVar","v":"value"}," minuty před"],"many":[{"t":"idOrVar","v":"value"}," minut před"],"other":[{"t":"idOrVar","v":"value"}," minut před"]},"$x":[{"t":"idOrVar","v":"plural"},"value"]},{"$i":"hours-before","$v":{"zero":"0 hodin před","one":"1 hodinu před","two":[{"t":"idOrVar","v":"value"}," hodiny před"],"few":[{"t":"idOrVar","v":"value"}," hodiny před"],"many":[{"t":"idOrVar","v":"value"}," hodin před"],"other":[{"t":"idOrVar","v":"value"}," hodin před"]},"$x":[{"t":"idOrVar","v":"plural"},"value"]},{"$i":"days-before","$v":{"zero":"0 dní před","one":"1 den před","two":[{"t":"idOrVar","v":"value"}," dny před"],"few":[{"t":"idOrVar","v":"value"}," dny před"],"many":[{"t":"idOrVar","v":"value"}," dní před"],"other":[{"t":"idOrVar","v":"value"}," dní před"]},"$x":[{"t":"idOrVar","v":"plural"},"value"]},{"$i":"weeks-before","$v":{"zero":"0 týdnů před","one":"1 týden před","two":[{"t":"idOrVar","v":"value"}," týdny před"],"few":[{"t":"idOrVar","v":"value"}," týdny před"],"many":[{"t":"idOrVar","v":"value"}," týdnů před"],"other":[{"t":"idOrVar","v":"value"}," týdnů před"]},"$x":[{"t":"idOrVar","v":"plural"},"value"]},{"$i":"months-before","$v":{"zero":"0 měsíců před","one":"1 měsíc před","two":[{"t":"idOrVar","v":"value"}," měsíce před"],"few":[{"t":"idOrVar","v":"value"}," měsíce před"],"many":[{"t":"idOrVar","v":"value"}," měsíců před"],"other":[{"t":"idOrVar","v":"value"}," měsíců před"]},"$x":[{"t":"idOrVar","v":"plural"},"value"]},{"$i":"years-before","$v":{"zero":"0 roků před","one":"1 rok před","two":[{"t":"idOrVar","v":"value"}," roky před"],"few":[{"t":"idOrVar","v":"value"}," roky před"],"many":[{"t":"idOrVar","v":"value"}," roků před"],"other":[{"t":"idOrVar","v":"value"}," roků před"]},"$x":[{"t":"idOrVar","v":"plural"},"value"]},{"$i":"minutes-after","$v":{"zero":"0 minut poté","one":"1 minutu poté","two":[{"t":"idOrVar","v":"value"}," minuty poté"],"few":[{"t":"idOrVar","v":"value"}," minuty poté"],"many":[{"t":"idOrVar","v":"value"}," minut poté"],"other":[{"t":"idOrVar","v":"value"}," minut poté"]},"$x":[{"t":"idOrVar","v":"plural"},"value"]},{"$i":"hours-after","$v":{"zero":"0 hodin poté","one":"1 hodinu poté","two":[{"t":"idOrVar","v":"value"}," hodiny poté"],"few":[{"t":"idOrVar","v":"value"}," hodiny poté"],"many":[{"t":"idOrVar","v":"value"}," hodin poté"],"other":[{"t":"idOrVar","v":"value"}," hodin poté"]},"$x":[{"t":"idOrVar","v":"plural"},"value"]},{"$i":"days-after","$v":{"zero":"0 dní poté","one":"1 den poté","two":[{"t":"idOrVar","v":"value"}," dny poté"],"few":[{"t":"idOrVar","v":"value"}," dny poté"],"many":[{"t":"idOrVar","v":"value"}," dní poté"],"other":[{"t":"idOrVar","v":"value"}," dní poté"]},"$x":[{"t":"idOrVar","v":"plural"},"value"]},{"$i":"weeks-after","$v":{"zero":"0 týdnů poté","one":"1 týden poté","two":[{"t":"idOrVar","v":"value"}," týdny poté"],"few":[{"t":"idOrVar","v":"value"}," týdny poté"],"many":[{"t":"idOrVar","v":"value"}," týdnů poté"],"other":[{"t":"idOrVar","v":"value"}," týdnů poté"]},"$x":[{"t":"idOrVar","v":"plural"},"value"]},{"$i":"months-after","$v":{"zero":"0 měsíců poté","one":"1 měsíc poté","two":[{"t":"idOrVar","v":"value"}," měsíce poté"],"few":[{"t":"idOrVar","v":"value"}," měsíce poté"],"many":[{"t":"idOrVar","v":"value"}," měsíců poté"],"other":[{"t":"idOrVar","v":"value"}," měsíců poté"]},"$x":[{"t":"idOrVar","v":"plural"},"value"]},{"$i":"years-after","$v":{"zero":"0 roků poté","one":"1 rok poté","two":[{"t":"idOrVar","v":"value"}," roky poté"],"few":[{"t":"idOrVar","v":"value"}," roky poté"],"many":[{"t":"idOrVar","v":"value"}," roků poté"],"other":[{"t":"idOrVar","v":"value"}," roků poté"]},"$x":[{"t":"idOrVar","v":"plural"},"value"]},{"$i":"hour-format12","$v":"%I"},{"$i":"hour-format24","$v":"%H"},{"$i":"week-hour-format12","$v":"%I"},{"$i":"week-hour-format24","$v":"%H"},{"$i":"hour-allday","$v":"Celý den"},{"$i":"week-day","$v":"%a %e"},{"$i":"current-time12","$v":"%I:%M"},{"$i":"current-time24","$v":"%H:%M"},{"$i":"multi-month-view-header-format","$v":"%b %Y"},{"$i":"day-view-header-format","$v":"%a %e. %Eb"},{"$i":"months-day-view-header-format","$v":"%A, %e. %Eb"},{"$i":"longDateFormat","$v":"%A, e. %Eb %Y"},{"$i":"error-start-date-after-end-date","$v":"Událost nemůže skončit před datem jejího zahájení"},{"$i":"error-start-time-after-end-time","$v":"Událost nemůže skončit před časem jejího zahájení"},{"$i":"error-unauthenticated","$v":"Chybné uživatelské jméno nebo heslo"},{"$i":"error-internal-server-error","$v":"Chyba serveru. Zkontrolujte přihlášení a zkuste to znovu."},{"$i":"error-default","$v":"Neznámá chyba. Zkuste to znovu později."},{"$i":"error-offline","$v":"Není připojení. Zkontrolujte nastavení sítě a zkuste to znovu."},{"$i":"error-account-exist","$v":"Tento účet již existuje."},{"$i":"notification-error-sync-title","$v":"Chyba při synchronizaci kalendáře"},{"$i":"notification-error-sync-description","$v":"Klepněte pro více informací"},{"$i":"weekday-0-single-char","$v":"N","ariaLabel":"Neděle"},{"$i":"weekday-1-single-char","$v":"P","ariaLabel":"Pondělí"},{"$i":"weekday-2-single-char","$v":"Ú","ariaLabel":"Úterý"},{"$i":"weekday-3-single-char","$v":"S","ariaLabel":"Středa"},{"$i":"weekday-4-single-char","$v":"Č","ariaLabel":"Čtvrtek"},{"$i":"weekday-5-single-char","$v":"P","ariaLabel":"Pátek"},{"$i":"weekday-6-single-char","$v":"S","ariaLabel":"Sobota"},{"$i":"busy","$v":{"one":[{"t":"idOrVar","v":"n"}," událost"],"two":[{"t":"idOrVar","v":"n"}," události"],"few":[{"t":"idOrVar","v":"n"}," události"],"many":[{"t":"idOrVar","v":"n"}," událostí"],"other":[{"t":"idOrVar","v":"n"}," událostí"]},"$x":[{"t":"idOrVar","v":"plural"},"n"]},{"$i":"present","ariaLabel":"Dnes"},{"$i":"past-other-month-description","ariaLabel":"Other month"},{"$i":"future-other-month-description","ariaLabel":"Other month"},{"$i":"icon-calendar-alarm","ariaLabel":"Má upozornění"},{"$i":"calendars","ariaLabel":"Kalendáře"},{"$i":"multi-day-new-event-link","ariaLabel":"Přidat událost"},{"$i":"title","ariaLabel":"Název"},{"$i":"location","ariaLabel":"Adresa"},{"$i":"duration","ariaLabel":"Trvání"},{"$i":"calendar","ariaLabel":"Kalendář"},{"$i":"alarms","ariaLabel":"Upozornění"},{"$i":"description","ariaLabel":"Popis"},{"$i":"start-date","ariaLabel":"Počáteční datum"},{"$i":"start-time","ariaLabel":"Čas zahájení"},{"$i":"end-date","ariaLabel":"Koncové datum"},{"$i":"end-time","ariaLabel":"Čas ukončení"},{"$i":"during-progress-loading","ariaValueText":"Načítání"},{"$i":"all-day","ariaLabel":"All day"},{"$i":"create-event","ariaLabel":"Create event"},{"$i":"create-all-day-event","ariaLabel":"Create all day event"},{"$i":"event-one-day-duration","ariaLabel":["from ",{"t":"idOrVar","v":"startTime"}," to ",{"t":"idOrVar","v":"endTime"}]},{"$i":"week-event-one-day-duration","ariaLabel":[{"t":"idOrVar","v":"startDate"}," from ",{"t":"idOrVar","v":"startTime"}," to ",{"t":"idOrVar","v":"endTime"}]},{"$i":"event-multiple-day-duration","ariaLabel":["From ",{"t":"idOrVar","v":"startTime"}," ",{"t":"idOrVar","v":"startDate"}," to ",{"t":"idOrVar","v":"endTime"}," ",{"t":"idOrVar","v":"endDate"}]},{"$i":"weekday-0-long","$v":"Neděle"},{"$i":"weekday-1-long","$v":"Pondělí"},{"$i":"weekday-2-long","$v":"Úterý"},{"$i":"weekday-3-long","$v":"Středa"},{"$i":"weekday-4-long","$v":"Čtvrtek"},{"$i":"weekday-5-long","$v":"Pátek"},{"$i":"weekday-6-long","$v":"Sobota"},{"$i":"weekday-0-short","$v":"Ne"},{"$i":"weekday-1-short","$v":"Po"},{"$i":"weekday-2-short","$v":"Út"},{"$i":"weekday-3-short","$v":"St"},{"$i":"weekday-4-short","$v":"Čt"},{"$i":"weekday-5-short","$v":"Pá"},{"$i":"weekday-6-short","$v":"So"},{"$i":"month-0-long","$v":"Leden"},{"$i":"month-1-long","$v":"Únor"},{"$i":"month-2-long","$v":"Březen"},{"$i":"month-3-long","$v":"Duben"},{"$i":"month-4-long","$v":"Květen"},{"$i":"month-5-long","$v":"Červen"},{"$i":"month-6-long","$v":"Červenec"},{"$i":"month-7-long","$v":"Srpen"},{"$i":"month-8-long","$v":"Září"},{"$i":"month-9-long","$v":"Říjen"},{"$i":"month-10-long","$v":"Listopad"},{"$i":"month-11-long","$v":"Prosinec"},{"$i":"month-0-genitive","$v":"Leden"},{"$i":"month-1-genitive","$v":"Únor"},{"$i":"month-2-genitive","$v":"Březen"},{"$i":"month-3-genitive","$v":"Duben"},{"$i":"month-4-genitive","$v":"Květen"},{"$i":"month-5-genitive","$v":"Červen"},{"$i":"month-6-genitive","$v":"Červenec"},{"$i":"month-7-genitive","$v":"Srpen"},{"$i":"month-8-genitive","$v":"Září"},{"$i":"month-9-genitive","$v":"Říjen"},{"$i":"month-10-genitive","$v":"Listopad"},{"$i":"month-11-genitive","$v":"Prosinec"},{"$i":"month-0-short","$v":"leden"},{"$i":"month-1-short","$v":"únor"},{"$i":"month-2-short","$v":"březen"},{"$i":"month-3-short","$v":"duben"},{"$i":"month-4-short","$v":"květen"},{"$i":"month-5-short","$v":"červen"},{"$i":"month-6-short","$v":"červenec"},{"$i":"month-7-short","$v":"srpen"},{"$i":"month-8-short","$v":"září"},{"$i":"month-9-short","$v":"říjen"},{"$i":"month-10-short","$v":"listopad"},{"$i":"month-11-short","$v":"prosinec"},{"$i":"minutes-ago-long","$v":{"zero":"právě teď","one":"před minutou","two":"před 2 minutami","few":["před ",{"t":"idOrVar","v":"value"}," minutami"],"many":["před ",{"t":"idOrVar","v":"value"}," minutami"],"other":["před ",{"t":"idOrVar","v":"value"}," minutami"]},"$x":[{"t":"idOrVar","v":"plural"},"value"]},{"$i":"hours-ago-long","$v":{"zero":"právě teď","one":"před hodinou","two":"před 2 hodinami","few":["před ",{"t":"idOrVar","v":"value"}," hodinami"],"many":["před ",{"t":"idOrVar","v":"value"}," hodinami"],"other":["před ",{"t":"idOrVar","v":"value"}," hodinami"]},"$x":[{"t":"idOrVar","v":"plural"},"value"]},{"$i":"days-ago-long","$v":{"zero":"dnes","one":"včera","two":"předevčírem","few":["před ",{"t":"idOrVar","v":"value"}," dny"],"many":["před ",{"t":"idOrVar","v":"value"}," dny"],"other":["před ",{"t":"idOrVar","v":"value"}," dny"]},"$x":[{"t":"idOrVar","v":"plural"},"value"]},{"$i":"weeks-ago-long","$v":{"zero":"tento týden","one":"minutý týden","two":["před ",{"t":"idOrVar","v":"value"}," týdny"],"few":["před ",{"t":"idOrVar","v":"value"}," týdny"],"many":["před ",{"t":"idOrVar","v":"value"}," týdny"],"other":["před ",{"t":"idOrVar","v":"value"}," týdny"]},"$x":[{"t":"idOrVar","v":"plural"},"value"]},{"$i":"months-ago-long","$v":{"zero":"tento měsíc","one":"minulý měsíc","two":["před ",{"t":"idOrVar","v":"value"}," měsíci"],"few":["před ",{"t":"idOrVar","v":"value"}," měsíci"],"many":["před ",{"t":"idOrVar","v":"value"}," měsíci"],"other":["před ",{"t":"idOrVar","v":"value"}," měsíci"]},"$x":[{"t":"idOrVar","v":"plural"},"value"]},{"$i":"years-ago-long","$v":{"zero":"tento rok","one":"minulý rok","two":["před ",{"t":"idOrVar","v":"value"}," roky"],"few":["před ",{"t":"idOrVar","v":"value"}," roky"],"many":["před ",{"t":"idOrVar","v":"value"}," roky"],"other":["před ",{"t":"idOrVar","v":"value"}," roky"]},"$x":[{"t":"idOrVar","v":"plural"},"value"]},{"$i":"minutes-until-long","$v":{"zero":"nyní","one":"za minutu","two":"za 2 minuty","few":["za ",{"t":"idOrVar","v":"value"}," minuty"],"many":["za ",{"t":"idOrVar","v":"value"}," minut"],"other":["za ",{"t":"idOrVar","v":"value"}," minut"]},"$x":[{"t":"idOrVar","v":"plural"},"value"]},{"$i":"hours-until-long","$v":{"zero":"nyní","one":"za hodinu","two":"za 2 hodiny","few":["za ",{"t":"idOrVar","v":"value"}," hodiny"],"many":["za ",{"t":"idOrVar","v":"value"}," hodin"],"other":["za ",{"t":"idOrVar","v":"value"}," hodin"]},"$x":[{"t":"idOrVar","v":"plural"},"value"]},{"$i":"days-until-long","$v":{"zero":"dnes","one":"zítra","two":"pozítří","few":["za ",{"t":"idOrVar","v":"value"}," dny"],"many":["za ",{"t":"idOrVar","v":"value"}," dnů"],"other":["za ",{"t":"idOrVar","v":"value"}," dnů"]},"$x":[{"t":"idOrVar","v":"plural"},"value"]},{"$i":"weeks-until-long","$v":{"zero":"tento týden","one":"příští týden","two":["za ",{"t":"idOrVar","v":"value"}," týdny"],"few":["za ",{"t":"idOrVar","v":"value"}," týdny"],"many":["za ",{"t":"idOrVar","v":"value"}," týdnů"],"other":["za ",{"t":"idOrVar","v":"value"}," týdnů"]},"$x":[{"t":"idOrVar","v":"plural"},"value"]},{"$i":"months-until-long","$v":{"zero":"tento měsíc","one":"příští měsíc","two":["za ",{"t":"idOrVar","v":"value"}," měsíce"],"few":["za ",{"t":"idOrVar","v":"value"}," měsíce"],"many":["za ",{"t":"idOrVar","v":"value"}," měsíců"],"other":["za ",{"t":"idOrVar","v":"value"}," měsíců"]},"$x":[{"t":"idOrVar","v":"plural"},"value"]},{"$i":"years-until-long","$v":{"zero":"tento rok","one":"příští rok","two":["za ",{"t":"idOrVar","v":"value"}," roky"],"few":["za ",{"t":"idOrVar","v":"value"}," roky"],"many":["za ",{"t":"idOrVar","v":"value"}," roků"],"other":["za ",{"t":"idOrVar","v":"value"}," roků"]},"$x":[{"t":"idOrVar","v":"plural"},"value"]},{"$i":"minutes-ago-short","$v":{"zero":"právě teď","other":["před ",{"t":"idOrVar","v":"value"}," min"]},"$x":[{"t":"idOrVar","v":"plural"},"value"]},{"$i":"hours-ago-short","$v":{"zero":"právě teď","other":["před ",{"t":"idOrVar","v":"value"}," hod"]},"$x":[{"t":"idOrVar","v":"plural"},"value"]},{"$i":"days-ago-short","$v":{"zero":"dnes","other":["před ",{"t":"idOrVar","v":"value"}," dny"]},"$x":[{"t":"idOrVar","v":"plural"},"value"]},{"$i":"minutes-until-short","$v":{"zero":"nyní","other":["za ",{"t":"idOrVar","v":"value"}," min"]},"$x":[{"t":"idOrVar","v":"plural"},"value"]},{"$i":"hours-until-short","$v":{"zero":"nyní","other":["za ",{"t":"idOrVar","v":"value"}," hod"]},"$x":[{"t":"idOrVar","v":"plural"},"value"]},{"$i":"days-until-short","$v":{"zero":"dnes","other":["za ",{"t":"idOrVar","v":"value"}," dny"]},"$x":[{"t":"idOrVar","v":"plural"},"value"]},{"$i":"incorrectDate","$v":"(neplatné datum)"},{"$i":"dateTimeFormat_%c","$v":"%a %e. %b %Y %H:%M:%S"},{"$i":"dateTimeFormat_%x","$v":"%e. %m. %Y"},{"$i":"dateTimeFormat_%X","$v":"%H:%M:%S"},{"$i":"shortTimeFormat","$v":"%H:%M"},{"$i":"shortTimeFormat12","$v":"%I:%M"},{"$i":"shortTimeFormat24","$v":"%H:%M"},{"$i":"shortDateTimeFormat","$v":"%x %H:%M"},{"$i":"weekStartsOnMonday","$v":"1"},{"$i":"firstDayOfTheWeek","$v":"0"},{"$i":"time_am","$v":"AM"},{"$i":"time_pm","$v":"PM"}]