[{"$i":"back","$v":"Tilbage"},{"$i":"save","$v":"Gem"},{"$i":"hide","$v":"Skjul"},{"$i":"cancel","$v":"Annuller"},{"$i":"confirm","$v":"Bekræft"},{"$i":"done","$v":"Færdig"},{"$i":"events","$v":"Begivenheder"},{"$i":"edit","$v":"Rediger"},{"$i":"allday-events","$v":"Heldagsbegivenheder"},{"$i":"no-events","$v":"Ingen begivenheder"},{"$i":"show-today","$v":"I dag"},{"$i":"show-month-view","$v":"Måned"},{"$i":"show-week-view","$v":"Uge"},{"$i":"show-day-view","$v":"Dag"},{"$i":"settings-show","$v":"Indstillinger"},{"$i":"settings-hide","$v":"Skjul indstillinger"},{"$i":"add-account","$v":"Tilføj en konto"},{"$i":"new-event","$v":"Tilføj en begivenhed"},{"$i":"view-event-header","$v":"Begivenhed"},{"$i":"new-event-header","$v":"Tilføj begivenhed"},{"$i":"edit-event-header","$v":"Rediger begivenhed"},{"$i":"account-header","$v":"Konto"},{"$i":"account-list-header","$v":"Konti"},{"$i":"advanced-settings-short-icon-button","ariaLabel":"Indstillinger"},{"$i":"advanced-settings-header","$v":"Kalender"},{"$i":"advanced-settings-personalization","$v":"Tilpasninger"},{"$i":"advanced-settings-reminders","$v":"Påmindelser"},{"$i":"advanced-settings-add-account","$v":"Tilføj konto"},{"$i":"field-user","placeholder":"Brugernavn"},{"$i":"field-password","placeholder":"Adgangskode"},{"$i":"field-full-url","placeholder":"URL"},{"$i":"modify-account-setting-up","$v":"Vent mens kontoen opsættes"},{"$i":"modify-account-unable-to-sync","$v":"Kunne ikke synkronisere"},{"$i":"modify-account-sign-in","$v":"Log ind"},{"$i":"preset-caldav","$v":"CalDav"},{"$i":"preset-yahoo","$v":"Yahoo!"},{"$i":"preset-google","$v":"Google"},{"$i":"preset-local","$v":"Offline-kalender"},{"$i":"preset-mozilla","$v":"Mozilla Zimbra"},{"$i":"calendar-local","$v":"Offline-kalender"},{"$i":"event-title","placeholder":"Titel"},{"$i":"event-location","placeholder":"Sted"},{"$i":"event-description","placeholder":"Notater"},{"$i":"event-is-allday","$v":"Hele dagen?"},{"$i":"event-start-date","placeholder":"Startdato"},{"$i":"event-end-date","placeholder":"Slutdato"},{"$i":"event-start-time","placeholder":"Starttid"},{"$i":"event-end-time","placeholder":"Sluttid"},{"$i":"event-delete","$v":"Slet begivenhed"},{"$i":"remove-account-data","$v":"Fjern lokale data"},{"$i":"remove-account-dialog","$v":"Fjern konto"},{"$i":"remove-account-dialog-details","$v":"Hvis du fjerner denne konto, vil du også fjerne lokale kopier af tilknyttede kalendere og begivenheder."},{"$i":"drawer-sync-icon-button","ariaLabel":"Synkroniser"},{"$i":"sync-progress-syncing","ariaValueText":"Synkroniserer"},{"$i":"sync-progress-complete","ariaValueText":"Synkronisering færdig"},{"$i":"sync-frequency","$v":"Synkroniser kalender"},{"$i":"sync-frequency-15min","$v":"Hvert 15. min."},{"$i":"sync-frequency-30min","$v":"Hvert 30. min."},{"$i":"sync-frequency-manual","$v":"Manuelt"},{"$i":"one-day-duration","$v":[{"t":"idOrVar","v":"startDate"},"<br>fra ",{"t":"idOrVar","v":"startTime"}," til ",{"t":"idOrVar","v":"endTime"}]},{"$i":"multiple-day-duration","$v":["Fra ",{"t":"idOrVar","v":"startTime"}," ",{"t":"idOrVar","v":"startDate"},"<br>til ",{"t":"idOrVar","v":"endTime"}," ",{"t":"idOrVar","v":"endDate"}]},{"$i":"one-all-day-duration","$v":["Hele dagen<br>",{"t":"idOrVar","v":"startDate"}]},{"$i":"multiple-all-day-duration","$v":["Hele dagen fra ",{"t":"idOrVar","v":"startDate"},"<br>til ",{"t":"idOrVar","v":"endDate"}]},{"$i":"none","$v":"Ingen"},{"$i":"reminder","$v":"Påmindelse:"},{"$i":"remind-me","$v":"Påmindelser"},{"$i":"alarm-at-event-standard","$v":"Ved start"},{"$i":"alarm-at-event-allday","$v":"Ved start"},{"$i":"alarm-start-notice","$v":[{"t":"idOrVar","v":"title"}," begynder ",{"t":"idOrVar","v":"distance"}]},{"$i":"alarm-started-notice","$v":[{"t":"idOrVar","v":"title"}," begyndte ",{"t":"idOrVar","v":"distance"}]},{"$i":"minutes-before","$v":{"zero":"0 minutter før","one":"1 minut før","two":[{"t":"idOrVar","v":"value"}," minutter før"],"few":[{"t":"idOrVar","v":"value"}," minutter før"],"many":[{"t":"idOrVar","v":"value"}," minutter før"],"other":[{"t":"idOrVar","v":"value"}," minutter før"]},"$x":[{"t":"idOrVar","v":"plural"},"value"]},{"$i":"hours-before","$v":{"zero":"0 timer før","one":"1 time før","two":[{"t":"idOrVar","v":"value"}," timer før"],"few":[{"t":"idOrVar","v":"value"}," timer før"],"many":[{"t":"idOrVar","v":"value"}," timer før"],"other":[{"t":"idOrVar","v":"value"}," timer før"]},"$x":[{"t":"idOrVar","v":"plural"},"value"]},{"$i":"days-before","$v":{"zero":"0 dage før","one":"1 dag før","two":[{"t":"idOrVar","v":"value"}," dage før"],"few":[{"t":"idOrVar","v":"value"}," dage før"],"many":[{"t":"idOrVar","v":"value"}," dage før"],"other":[{"t":"idOrVar","v":"value"}," dage før"]},"$x":[{"t":"idOrVar","v":"plural"},"value"]},{"$i":"weeks-before","$v":{"zero":"0 uger før","one":"1 uge før","two":[{"t":"idOrVar","v":"value"}," uger før"],"few":[{"t":"idOrVar","v":"value"}," uger før"],"many":[{"t":"idOrVar","v":"value"}," uger før"],"other":[{"t":"idOrVar","v":"value"}," uger før"]},"$x":[{"t":"idOrVar","v":"plural"},"value"]},{"$i":"months-before","$v":{"zero":"0 måneder før","one":"1 måned før","two":[{"t":"idOrVar","v":"value"}," måneder før"],"few":[{"t":"idOrVar","v":"value"}," måneder før"],"many":[{"t":"idOrVar","v":"value"}," måneder før"],"other":[{"t":"idOrVar","v":"value"}," måneder før"]},"$x":[{"t":"idOrVar","v":"plural"},"value"]},{"$i":"years-before","$v":{"zero":"0 år før","one":"1 år før","two":[{"t":"idOrVar","v":"value"}," år før"],"few":[{"t":"idOrVar","v":"value"}," år før"],"many":[{"t":"idOrVar","v":"value"}," år før"],"other":[{"t":"idOrVar","v":"value"}," år før"]},"$x":[{"t":"idOrVar","v":"plural"},"value"]},{"$i":"minutes-after","$v":{"zero":"0 minutter efter","one":"1 minut efter","two":[{"t":"idOrVar","v":"value"}," minutter efter"],"few":[{"t":"idOrVar","v":"value"}," minutter efter"],"many":[{"t":"idOrVar","v":"value"}," minutter efter"],"other":[{"t":"idOrVar","v":"value"}," minutter efter"]},"$x":[{"t":"idOrVar","v":"plural"},"value"]},{"$i":"hours-after","$v":{"zero":"0 timer efter","one":"1 time efter","two":[{"t":"idOrVar","v":"value"}," timer efter"],"few":[{"t":"idOrVar","v":"value"}," timer efter"],"many":[{"t":"idOrVar","v":"value"}," timer efter"],"other":[{"t":"idOrVar","v":"value"}," timer efter"]},"$x":[{"t":"idOrVar","v":"plural"},"value"]},{"$i":"days-after","$v":{"zero":"0 dage efter","one":"1 dag efter","two":[{"t":"idOrVar","v":"value"}," dage efter"],"few":[{"t":"idOrVar","v":"value"}," dage efter"],"many":[{"t":"idOrVar","v":"value"}," dage efter"],"other":[{"t":"idOrVar","v":"value"}," dage efter"]},"$x":[{"t":"idOrVar","v":"plural"},"value"]},{"$i":"weeks-after","$v":{"zero":"0 uger efter","one":"1 uge efter","two":[{"t":"idOrVar","v":"value"}," uger efter"],"few":[{"t":"idOrVar","v":"value"}," uger efter"],"many":[{"t":"idOrVar","v":"value"}," uger efter"],"other":[{"t":"idOrVar","v":"value"}," uger efter"]},"$x":[{"t":"idOrVar","v":"plural"},"value"]},{"$i":"months-after","$v":{"zero":"0 måneder efter","one":"1 måned efter","two":[{"t":"idOrVar","v":"value"}," måneder efter"],"few":[{"t":"idOrVar","v":"value"}," måneder efter"],"many":[{"t":"idOrVar","v":"value"}," måneder efter"],"other":[{"t":"idOrVar","v":"value"}," måneder efter"]},"$x":[{"t":"idOrVar","v":"plural"},"value"]},{"$i":"years-after","$v":{"zero":"0 år efter","one":"1 år efter","two":[{"t":"idOrVar","v":"value"}," år efter"],"few":[{"t":"idOrVar","v":"value"}," år efter"],"many":[{"t":"idOrVar","v":"value"}," år efter"],"other":[{"t":"idOrVar","v":"value"}," år efter"]},"$x":[{"t":"idOrVar","v":"plural"},"value"]},{"$i":"hour-format12","$v":"%I %p"},{"$i":"hour-format24","$v":"%H"},{"$i":"week-hour-format12","$v":"%I %p"},{"$i":"week-hour-format24","$v":"%H"},{"$i":"hour-allday","$v":"Hele dagen"},{"$i":"week-day","$v":"%a %e"},{"$i":"current-time12","$v":"%I:%M"},{"$i":"current-time24","$v":"%H:%M"},{"$i":"multi-month-view-header-format","$v":"%b %Y"},{"$i":"day-view-header-format","$v":"%A d. %e. %B"},{"$i":"months-day-view-header-format","$v":"%A d. %e. %b"},{"$i":"longDateFormat","$v":"%A d. %d %B %Y"},{"$i":"error-start-date-after-end-date","$v":"Begivenheden kan ikke afsluttes før dens startdato"},{"$i":"error-start-time-after-end-time","$v":"Begivenheden kan ikke afsluttes før dens starttid"},{"$i":"error-unauthenticated","$v":"Brugernavn eller adgangskode er forkert"},{"$i":"error-internal-server-error","$v":"Serverfejl. Kontroller din login og prøv igen."},{"$i":"error-default","$v":"Der opstod en fejl. Prøv igen senere."},{"$i":"error-offline","$v":"Ingen forbindelse. Kontroller opsætningen af dit netværk og prøv igen."},{"$i":"error-account-exist","$v":"Denne konto findes allerede."},{"$i":"notification-error-sync-title","$v":"Synkronisering af kalender mislykkedes"},{"$i":"notification-error-sync-description","$v":"Tryk for mere info"},{"$i":"weekday-0-single-char","$v":"S","ariaLabel":"Søndag"},{"$i":"weekday-1-single-char","$v":"M","ariaLabel":"Mandag"},{"$i":"weekday-2-single-char","$v":"T","ariaLabel":"Tirsdag"},{"$i":"weekday-3-single-char","$v":"O","ariaLabel":"Onsdag"},{"$i":"weekday-4-single-char","$v":"T","ariaLabel":"Torsdag"},{"$i":"weekday-5-single-char","$v":"F","ariaLabel":"Fredag"},{"$i":"weekday-6-single-char","$v":"L","ariaLabel":"Lørdag"},{"$i":"busy","$v":{"one":[{"t":"idOrVar","v":"n"}," begivenhed"],"two":[{"t":"idOrVar","v":"n"}," begivenheder"],"few":[{"t":"idOrVar","v":"n"}," begivenheder"],"many":[{"t":"idOrVar","v":"n"}," begivenheder"],"other":[{"t":"idOrVar","v":"n"}," begivenheder"]},"$x":[{"t":"idOrVar","v":"plural"},"n"]},{"$i":"present","ariaLabel":"I dag"},{"$i":"past-other-month-description","ariaLabel":"Other month"},{"$i":"future-other-month-description","ariaLabel":"Other month"},{"$i":"icon-calendar-alarm","ariaLabel":"Har alarm"},{"$i":"calendars","ariaLabel":"Kalendere"},{"$i":"multi-day-new-event-link","ariaLabel":"Tilføj begivenhed"},{"$i":"title","ariaLabel":"Titel"},{"$i":"location","ariaLabel":"Sted"},{"$i":"duration","ariaLabel":"Varighed"},{"$i":"calendar","ariaLabel":"Kalender"},{"$i":"alarms","ariaLabel":"Alarmer"},{"$i":"description","ariaLabel":"Beskrivelse"},{"$i":"start-date","ariaLabel":"Startdato"},{"$i":"start-time","ariaLabel":"Starttid"},{"$i":"end-date","ariaLabel":"Slutdato"},{"$i":"end-time","ariaLabel":"Sluttid"},{"$i":"during-progress-loading","ariaValueText":"Indlæser"},{"$i":"all-day","ariaLabel":"Hele dagen"},{"$i":"create-event","ariaLabel":"Opret begivenhed"},{"$i":"create-all-day-event","ariaLabel":"Opret heldagsbegivenhed"},{"$i":"event-one-day-duration","ariaLabel":["fra ",{"t":"idOrVar","v":"startTime"}," til ",{"t":"idOrVar","v":"endTime"}]},{"$i":"week-event-one-day-duration","ariaLabel":[{"t":"idOrVar","v":"startDate"}," fra ",{"t":"idOrVar","v":"startTime"}," til ",{"t":"idOrVar","v":"endTime"}]},{"$i":"event-multiple-day-duration","ariaLabel":["Fra ",{"t":"idOrVar","v":"startTime"}," ",{"t":"idOrVar","v":"startDate"}," til ",{"t":"idOrVar","v":"endTime"}," ",{"t":"idOrVar","v":"endDate"}]},{"$i":"weekday-0-long","$v":"Søndag"},{"$i":"weekday-1-long","$v":"Mandag"},{"$i":"weekday-2-long","$v":"Tirsdag"},{"$i":"weekday-3-long","$v":"Onsdag"},{"$i":"weekday-4-long","$v":"Torsdag"},{"$i":"weekday-5-long","$v":"Fredag"},{"$i":"weekday-6-long","$v":"Lørdag"},{"$i":"weekday-0-short","$v":"Søn"},{"$i":"weekday-1-short","$v":"Man"},{"$i":"weekday-2-short","$v":"Tir"},{"$i":"weekday-3-short","$v":"Ons"},{"$i":"weekday-4-short","$v":"Tor"},{"$i":"weekday-5-short","$v":"Fre"},{"$i":"weekday-6-short","$v":"Lør"},{"$i":"month-0-long","$v":"Januar"},{"$i":"month-1-long","$v":"Februar"},{"$i":"month-2-long","$v":"Marts"},{"$i":"month-3-long","$v":"April"},{"$i":"month-4-long","$v":"Maj"},{"$i":"month-5-long","$v":"Juni"},{"$i":"month-6-long","$v":"Juli"},{"$i":"month-7-long","$v":"August"},{"$i":"month-8-long","$v":"September"},{"$i":"month-9-long","$v":"Oktober"},{"$i":"month-10-long","$v":"November"},{"$i":"month-11-long","$v":"December"},{"$i":"month-0-genitive","$v":"januar"},{"$i":"month-1-genitive","$v":"februar"},{"$i":"month-2-genitive","$v":"marts"},{"$i":"month-3-genitive","$v":"april"},{"$i":"month-4-genitive","$v":"maj"},{"$i":"month-5-genitive","$v":"juni"},{"$i":"month-6-genitive","$v":"juli"},{"$i":"month-7-genitive","$v":"august"},{"$i":"month-8-genitive","$v":"september"},{"$i":"month-9-genitive","$v":"oktober"},{"$i":"month-10-genitive","$v":"november"},{"$i":"month-11-genitive","$v":"december"},{"$i":"month-0-short","$v":"Jan"},{"$i":"month-1-short","$v":"Feb"},{"$i":"month-2-short","$v":"Mar"},{"$i":"month-3-short","$v":"Apr"},{"$i":"month-4-short","$v":"Maj"},{"$i":"month-5-short","$v":"Jun"},{"$i":"month-6-short","$v":"Jul"},{"$i":"month-7-short","$v":"Aug"},{"$i":"month-8-short","$v":"Sep"},{"$i":"month-9-short","$v":"Okt"},{"$i":"month-10-short","$v":"Nov"},{"$i":"month-11-short","$v":"Dec"},{"$i":"minutes-ago-long","$v":{"zero":"nu","one":"for et minut siden","two":["for ",{"t":"idOrVar","v":"value"}," minutter siden"],"few":["for ",{"t":"idOrVar","v":"value"}," minutter siden"],"many":["for ",{"t":"idOrVar","v":"value"}," minutter siden"],"other":["for ",{"t":"idOrVar","v":"value"}," minutter siden"]},"$x":[{"t":"idOrVar","v":"plural"},"value"]},{"$i":"hours-ago-long","$v":{"zero":"nu","one":"for en time siden","two":["for ",{"t":"idOrVar","v":"value"}," timer siden"],"few":["for ",{"t":"idOrVar","v":"value"}," timer siden"],"many":["for ",{"t":"idOrVar","v":"value"}," timer siden"],"other":["for ",{"t":"idOrVar","v":"value"}," timer siden"]},"$x":[{"t":"idOrVar","v":"plural"},"value"]},{"$i":"days-ago-long","$v":{"zero":"i dag","one":"i går","two":["for ",{"t":"idOrVar","v":"value"}," dage siden"],"few":["for ",{"t":"idOrVar","v":"value"}," dage siden"],"many":["for ",{"t":"idOrVar","v":"value"}," dage siden"],"other":["for ",{"t":"idOrVar","v":"value"}," dage siden"]},"$x":[{"t":"idOrVar","v":"plural"},"value"]},{"$i":"weeks-ago-long","$v":{"zero":"denne uge","one":"sidste uge","two":["for ",{"t":"idOrVar","v":"value"}," uger siden"],"few":["for ",{"t":"idOrVar","v":"value"}," uger siden"],"many":["for ",{"t":"idOrVar","v":"value"}," uger siden"],"other":["for ",{"t":"idOrVar","v":"value"}," uger siden"]},"$x":[{"t":"idOrVar","v":"plural"},"value"]},{"$i":"months-ago-long","$v":{"zero":"denne måned","one":"sidste måned","two":["for ",{"t":"idOrVar","v":"value"}," måneder siden"],"few":["for ",{"t":"idOrVar","v":"value"}," måneder siden"],"many":["for ",{"t":"idOrVar","v":"value"}," måneder siden"],"other":["for ",{"t":"idOrVar","v":"value"}," måneder siden"]},"$x":[{"t":"idOrVar","v":"plural"},"value"]},{"$i":"years-ago-long","$v":{"zero":"dette år","one":"sidste år","two":["for ",{"t":"idOrVar","v":"value"}," år siden"],"few":["for ",{"t":"idOrVar","v":"value"}," år siden"],"many":["for ",{"t":"idOrVar","v":"value"}," år siden"],"other":["for ",{"t":"idOrVar","v":"value"}," år siden"]},"$x":[{"t":"idOrVar","v":"plural"},"value"]},{"$i":"minutes-until-long","$v":{"zero":"nu","one":"om et minut","two":["om ",{"t":"idOrVar","v":"value"}," minutter"],"few":["om ",{"t":"idOrVar","v":"value"}," minutter"],"many":["om ",{"t":"idOrVar","v":"value"}," minutter"],"other":["om ",{"t":"idOrVar","v":"value"}," minutter"]},"$x":[{"t":"idOrVar","v":"plural"},"value"]},{"$i":"hours-until-long","$v":{"zero":"nu","one":"om en time","two":["om ",{"t":"idOrVar","v":"value"}," timer"],"few":["om ",{"t":"idOrVar","v":"value"}," timer"],"many":["om ",{"t":"idOrVar","v":"value"}," timer"],"other":["om ",{"t":"idOrVar","v":"value"}," timer"]},"$x":[{"t":"idOrVar","v":"plural"},"value"]},{"$i":"days-until-long","$v":{"zero":"i dag","one":"i morgen","two":["om ",{"t":"idOrVar","v":"value"}," dage"],"few":["om ",{"t":"idOrVar","v":"value"}," dage"],"many":["om ",{"t":"idOrVar","v":"value"}," dage"],"other":["om ",{"t":"idOrVar","v":"value"}," dage"]},"$x":[{"t":"idOrVar","v":"plural"},"value"]},{"$i":"weeks-until-long","$v":{"zero":"denne uge","one":"næste uge","two":["om ",{"t":"idOrVar","v":"value"}," uger"],"few":["om ",{"t":"idOrVar","v":"value"}," uger"],"many":["om ",{"t":"idOrVar","v":"value"}," uger"],"other":["om ",{"t":"idOrVar","v":"value"}," uger"]},"$x":[{"t":"idOrVar","v":"plural"},"value"]},{"$i":"months-until-long","$v":{"zero":"denne måned","one":"næste måned","two":["om ",{"t":"idOrVar","v":"value"}," måneder"],"few":["om ",{"t":"idOrVar","v":"value"}," måneder"],"many":["om ",{"t":"idOrVar","v":"value"}," måneder"],"other":["om ",{"t":"idOrVar","v":"value"}," måneder"]},"$x":[{"t":"idOrVar","v":"plural"},"value"]},{"$i":"years-until-long","$v":{"zero":"i år","one":"næste år","two":["om ",{"t":"idOrVar","v":"value"}," år"],"few":["om ",{"t":"idOrVar","v":"value"}," år"],"many":["om ",{"t":"idOrVar","v":"value"}," år"],"other":["om ",{"t":"idOrVar","v":"value"}," år"]},"$x":[{"t":"idOrVar","v":"plural"},"value"]},{"$i":"minutes-ago-short","$v":{"zero":"nu","other":[{"t":"idOrVar","v":"value"}," m. siden"]},"$x":[{"t":"idOrVar","v":"plural"},"value"]},{"$i":"hours-ago-short","$v":{"zero":"nu","other":[{"t":"idOrVar","v":"value"}," t. siden"]},"$x":[{"t":"idOrVar","v":"plural"},"value"]},{"$i":"days-ago-short","$v":{"zero":"i dag","other":[{"t":"idOrVar","v":"value"}," d. siden"]},"$x":[{"t":"idOrVar","v":"plural"},"value"]},{"$i":"minutes-until-short","$v":{"zero":"nu","other":["om ",{"t":"idOrVar","v":"value"}," m."]},"$x":[{"t":"idOrVar","v":"plural"},"value"]},{"$i":"hours-until-short","$v":{"zero":"nu","other":["om ",{"t":"idOrVar","v":"value"}," t."]},"$x":[{"t":"idOrVar","v":"plural"},"value"]},{"$i":"days-until-short","$v":{"zero":"i dag","other":["om ",{"t":"idOrVar","v":"value"}," d."]},"$x":[{"t":"idOrVar","v":"plural"},"value"]},{"$i":"incorrectDate","$v":"(forkert dato)"},{"$i":"dateTimeFormat_%c","$v":"%a d. %e. %b %Y %H:%M:%S"},{"$i":"dateTimeFormat_%x","$v":"%d-%m-%Y"},{"$i":"dateTimeFormat_%X","$v":"%H:%M:%S"},{"$i":"shortTimeFormat","$v":"%H:%M"},{"$i":"shortTimeFormat12","$v":"%I:%M %p"},{"$i":"shortTimeFormat24","$v":"%H:%M"},{"$i":"shortDateTimeFormat","$v":"%x %H:%M"},{"$i":"weekStartsOnMonday","$v":"1"},{"$i":"firstDayOfTheWeek","$v":"1"},{"$i":"time_am","$v":"AM"},{"$i":"time_pm","$v":"PM"}]