[{"$i":"back","$v":"Zurück"},{"$i":"save","$v":"Speichern"},{"$i":"hide","$v":"Ausblenden"},{"$i":"cancel","$v":"Abbrechen"},{"$i":"confirm","$v":"Bestätigen"},{"$i":"done","$v":"Fertig"},{"$i":"events","$v":"Termine"},{"$i":"edit","$v":"Bearbeiten"},{"$i":"allday-events","$v":"Ganztägige Termine"},{"$i":"no-events","$v":"Keine Termine"},{"$i":"show-today","$v":"Heute"},{"$i":"show-month-view","$v":"Monat"},{"$i":"show-week-view","$v":"Woche"},{"$i":"show-day-view","$v":"Tag"},{"$i":"settings-show","$v":"Einstellungen"},{"$i":"settings-hide","$v":"Einstellungen ausblenden"},{"$i":"add-account","$v":"Konto hinzufügen"},{"$i":"new-event","$v":"Termin hinzufügen"},{"$i":"view-event-header","$v":"Termin"},{"$i":"new-event-header","$v":"Neuer Termin"},{"$i":"edit-event-header","$v":"Termin bearbeiten"},{"$i":"account-header","$v":"Konto"},{"$i":"account-list-header","$v":"Konten"},{"$i":"advanced-settings-short-icon-button","ariaLabel":"Settings"},{"$i":"advanced-settings-header","$v":"Einstellungen"},{"$i":"advanced-settings-personalization","$v":"Personalisierung"},{"$i":"advanced-settings-reminders","$v":"Erinnerungen"},{"$i":"advanced-settings-add-account","$v":"Konto hinzufügen"},{"$i":"field-user","placeholder":"Benutzername"},{"$i":"field-password","placeholder":"Passwort"},{"$i":"field-full-url","placeholder":"Adresse"},{"$i":"modify-account-setting-up","$v":"Bitte warten Sie, während Ihr Konto eingerichtet wird…"},{"$i":"modify-account-unable-to-sync","$v":"Synchronisation nicht möglich"},{"$i":"modify-account-sign-in","$v":"Anmelden"},{"$i":"preset-caldav","$v":"CalDav"},{"$i":"preset-yahoo","$v":"Yahoo!"},{"$i":"preset-google","$v":"Google"},{"$i":"preset-local","$v":"Offline-Kalender"},{"$i":"preset-mozilla","$v":"Mozilla Zimbra"},{"$i":"calendar-local","$v":"Offline-Kalender"},{"$i":"event-title","placeholder":"Titel"},{"$i":"event-location","placeholder":"Ort"},{"$i":"event-description","placeholder":"Bemerkungen"},{"$i":"event-is-allday","$v":"Ganztägig"},{"$i":"event-start-date","placeholder":"Anfangsdatum"},{"$i":"event-end-date","placeholder":"Enddatum"},{"$i":"event-start-time","placeholder":"Anfangszeit"},{"$i":"event-end-time","placeholder":"Endzeit"},{"$i":"event-delete","$v":"Termin löschen"},{"$i":"remove-account-data","$v":"Lokale Daten löschen"},{"$i":"remove-account-dialog","$v":"Konto löschen"},{"$i":"remove-account-dialog-details","$v":"Das Löschen dieses Kontos entfernt auch die damit verbundenen lokal gespeicherten Kopien der Kalender und Termine."},{"$i":"drawer-sync-icon-button","ariaLabel":"Sync"},{"$i":"sync-progress-syncing","ariaValueText":"Synchronisierung wird durchgeführt"},{"$i":"sync-progress-complete","ariaValueText":"Synchronisierung abgeschlossen"},{"$i":"sync-frequency","$v":"Synchronisieren"},{"$i":"sync-frequency-15min","$v":"15 Minuten"},{"$i":"sync-frequency-30min","$v":"30 Minuten"},{"$i":"sync-frequency-manual","$v":"Manuell"},{"$i":"one-day-duration","$v":[{"t":"idOrVar","v":"startDate"},"<br>von ",{"t":"idOrVar","v":"startTime"}," bis ",{"t":"idOrVar","v":"endTime"}]},{"$i":"multiple-day-duration","$v":["Vom ",{"t":"idOrVar","v":"startDate"}," ",{"t":"idOrVar","v":"startTime"},"<br>bis ",{"t":"idOrVar","v":"endDate"}," ",{"t":"idOrVar","v":"endTime"}]},{"$i":"one-all-day-duration","$v":["Ganztägig<br>",{"t":"idOrVar","v":"startDate"}]},{"$i":"multiple-all-day-duration","$v":["Ganztägig vom ",{"t":"idOrVar","v":"startDate"},"<br>bis ",{"t":"idOrVar","v":"endDate"}]},{"$i":"none","$v":"Keine"},{"$i":"reminder","$v":"Erinnerung:"},{"$i":"remind-me","$v":"Erinnerung"},{"$i":"alarm-at-event-standard","$v":"Sobald der Termin beginnt"},{"$i":"alarm-at-event-allday","$v":"Am Tag des Termins"},{"$i":"alarm-start-notice","$v":[{"t":"idOrVar","v":"title"}," beginnt ",{"t":"idOrVar","v":"distance"}]},{"$i":"alarm-started-notice","$v":[{"t":"idOrVar","v":"title"}," begann ",{"t":"idOrVar","v":"distance"}]},{"$i":"minutes-before","$v":{"zero":"0 Minuten vorher","one":"1 Minute vorher","two":[{"t":"idOrVar","v":"value"}," Minuten vorher"],"few":[{"t":"idOrVar","v":"value"}," Minuten vorher"],"many":[{"t":"idOrVar","v":"value"}," Minuten vorher"],"other":[{"t":"idOrVar","v":"value"}," Minuten vorher"]},"$x":[{"t":"idOrVar","v":"plural"},"value"]},{"$i":"hours-before","$v":{"zero":"0 Stunden vorher","one":"1 Stunde vorher","two":[{"t":"idOrVar","v":"value"}," Stunden vorher"],"few":[{"t":"idOrVar","v":"value"}," Stunden vorher"],"many":[{"t":"idOrVar","v":"value"}," Stunden vorher"],"other":[{"t":"idOrVar","v":"value"}," Stunden vorher"]},"$x":[{"t":"idOrVar","v":"plural"},"value"]},{"$i":"days-before","$v":{"zero":"0 Tage vorher","one":"1 Tag vorher","two":[{"t":"idOrVar","v":"value"}," Tage vorher"],"few":[{"t":"idOrVar","v":"value"}," Tage vorher"],"many":[{"t":"idOrVar","v":"value"}," Tage vorher"],"other":[{"t":"idOrVar","v":"value"}," Tage vorher"]},"$x":[{"t":"idOrVar","v":"plural"},"value"]},{"$i":"weeks-before","$v":{"zero":"0 Wochen vorher","one":"1 Woche vorher","two":[{"t":"idOrVar","v":"value"}," Wochen vorher"],"few":[{"t":"idOrVar","v":"value"}," Wochen vorher"],"many":[{"t":"idOrVar","v":"value"}," Wochen vorher"],"other":[{"t":"idOrVar","v":"value"}," Wochen vorher"]},"$x":[{"t":"idOrVar","v":"plural"},"value"]},{"$i":"months-before","$v":{"zero":"0 Monate vorher","one":"1 Monat vorher","two":[{"t":"idOrVar","v":"value"}," Monate vorher"],"few":[{"t":"idOrVar","v":"value"}," Monate vorher"],"many":[{"t":"idOrVar","v":"value"}," Monate vorher"],"other":[{"t":"idOrVar","v":"value"}," Monate vorher"]},"$x":[{"t":"idOrVar","v":"plural"},"value"]},{"$i":"years-before","$v":{"zero":"0 Jahre vorher","one":"1 Jahr vorher","two":[{"t":"idOrVar","v":"value"}," Jahre vorher"],"few":[{"t":"idOrVar","v":"value"}," Jahre vorher"],"many":[{"t":"idOrVar","v":"value"}," Jahre vorher"],"other":[{"t":"idOrVar","v":"value"}," Jahre vorher"]},"$x":[{"t":"idOrVar","v":"plural"},"value"]},{"$i":"minutes-after","$v":{"zero":"0 Minuten danach","one":"1 Minute danach","two":[{"t":"idOrVar","v":"value"}," Minuten danach"],"few":[{"t":"idOrVar","v":"value"}," Minuten danach"],"many":[{"t":"idOrVar","v":"value"}," Minuten danach"],"other":[{"t":"idOrVar","v":"value"}," Minuten danach"]},"$x":[{"t":"idOrVar","v":"plural"},"value"]},{"$i":"hours-after","$v":{"zero":"0 Stunden danach","one":"1 Stunde danach","two":[{"t":"idOrVar","v":"value"}," Stunden danach"],"few":[{"t":"idOrVar","v":"value"}," Stunden danach"],"many":[{"t":"idOrVar","v":"value"}," Stunden danach"],"other":[{"t":"idOrVar","v":"value"}," Stunden danach"]},"$x":[{"t":"idOrVar","v":"plural"},"value"]},{"$i":"days-after","$v":{"zero":"0 Tage danach","one":"1 Tag danach","two":[{"t":"idOrVar","v":"value"}," Tage danach"],"few":[{"t":"idOrVar","v":"value"}," Tage danach"],"many":[{"t":"idOrVar","v":"value"}," Tage danach"],"other":[{"t":"idOrVar","v":"value"}," Tage danach"]},"$x":[{"t":"idOrVar","v":"plural"},"value"]},{"$i":"weeks-after","$v":{"zero":"0 Wochen danach","one":"1 Woche danach","two":[{"t":"idOrVar","v":"value"}," Wochen danach"],"few":[{"t":"idOrVar","v":"value"}," Wochen danach"],"many":[{"t":"idOrVar","v":"value"}," Wochen danach"],"other":[{"t":"idOrVar","v":"value"}," Wochen danach"]},"$x":[{"t":"idOrVar","v":"plural"},"value"]},{"$i":"months-after","$v":{"zero":"0 Monate danach","one":"1 Monat danach","two":[{"t":"idOrVar","v":"value"}," Monate danach"],"few":[{"t":"idOrVar","v":"value"}," Monate danach"],"many":[{"t":"idOrVar","v":"value"}," Monate danach"],"other":[{"t":"idOrVar","v":"value"}," Monate danach"]},"$x":[{"t":"idOrVar","v":"plural"},"value"]},{"$i":"years-after","$v":{"zero":"0 Jahre danach","one":"1 Jahr danach","two":[{"t":"idOrVar","v":"value"}," Jahre danach"],"few":[{"t":"idOrVar","v":"value"}," Jahre danach"],"many":[{"t":"idOrVar","v":"value"}," Jahre danach"],"other":[{"t":"idOrVar","v":"value"}," Jahre danach"]},"$x":[{"t":"idOrVar","v":"plural"},"value"]},{"$i":"hour-format12","$v":"%I %p"},{"$i":"hour-format24","$v":"%H"},{"$i":"week-hour-format12","$v":"%I %p"},{"$i":"week-hour-format24","$v":"%H"},{"$i":"hour-allday","$v":"Ganztags"},{"$i":"week-day","$v":"%a %e"},{"$i":"current-time12","$v":"%I:%M"},{"$i":"current-time24","$v":"%H:%M"},{"$i":"multi-month-view-header-format","$v":"%b %Y"},{"$i":"day-view-header-format","$v":"%a %e. %b %Y"},{"$i":"months-day-view-header-format","$v":"%A, %e. %B"},{"$i":"longDateFormat","$v":"%A, %d. %B %Y"},{"$i":"error-start-date-after-end-date","$v":"Der Termin kann nicht vor seinem Anfangsdatum enden."},{"$i":"error-start-time-after-end-time","$v":"Der Termin kann nicht vor seiner Anfangszeit enden."},{"$i":"error-unauthenticated","$v":"Benutzername oder Passwort ungültig"},{"$i":"error-internal-server-error","$v":"Serverfehler. Überprüfen Sie die Anmeldedaten und versuchen Sie es erneut."},{"$i":"error-default","$v":"Ein unbekannter Fehler trat auf. Bitte versuchen Sie es später noch einmal."},{"$i":"error-offline","$v":"Keine Verbindung. Überprüfen Sie Ihre Netzwerkeinstellungen und versuchen Sie es erneut."},{"$i":"error-account-exist","$v":"Dieses Konto existiert bereits."},{"$i":"notification-error-sync-title","$v":"Kalender-Synchronisation: Fehler"},{"$i":"notification-error-sync-description","$v":"Antippen für mehr Informationen"},{"$i":"weekday-0-single-char","$v":"S","ariaLabel":"Sonntag"},{"$i":"weekday-1-single-char","$v":"M","ariaLabel":"Montag"},{"$i":"weekday-2-single-char","$v":"D","ariaLabel":"Dienstag"},{"$i":"weekday-3-single-char","$v":"M","ariaLabel":"Mittwoch"},{"$i":"weekday-4-single-char","$v":"D","ariaLabel":"Donnerstag"},{"$i":"weekday-5-single-char","$v":"F","ariaLabel":"Freitag"},{"$i":"weekday-6-single-char","$v":"S","ariaLabel":"Samstag"},{"$i":"busy","$v":{"one":[{"t":"idOrVar","v":"n"}," Termin"],"two":[{"t":"idOrVar","v":"n"}," Termine"],"few":[{"t":"idOrVar","v":"n"}," Termine"],"many":[{"t":"idOrVar","v":"n"}," Termine"],"other":[{"t":"idOrVar","v":"n"}," Termine"]},"$x":[{"t":"idOrVar","v":"plural"},"n"]},{"$i":"present","ariaLabel":"Heute"},{"$i":"past-other-month-description","ariaLabel":"Other month"},{"$i":"future-other-month-description","ariaLabel":"Other month"},{"$i":"icon-calendar-alarm","ariaLabel":"Mit Erinnerung"},{"$i":"calendars","ariaLabel":"Kalenderliste"},{"$i":"multi-day-new-event-link","ariaLabel":"Termin hinzufügen"},{"$i":"title","ariaLabel":"Titel"},{"$i":"location","ariaLabel":"Ort"},{"$i":"duration","ariaLabel":"Dauer"},{"$i":"calendar","ariaLabel":"Kalender"},{"$i":"alarms","ariaLabel":"Erinnerungen"},{"$i":"description","ariaLabel":"Beschreibungen"},{"$i":"start-date","ariaLabel":"Anfangsdatum"},{"$i":"start-time","ariaLabel":"Anfangszeit"},{"$i":"end-date","ariaLabel":"Enddatum"},{"$i":"end-time","ariaLabel":"Endzeit"},{"$i":"during-progress-loading","ariaValueText":"Wird geladen…"},{"$i":"all-day","ariaLabel":"Ganztägiger Termin"},{"$i":"create-event","ariaLabel":"Neuer Termin"},{"$i":"create-all-day-event","ariaLabel":"Neuer ganztägiger Termin"},{"$i":"event-one-day-duration","ariaLabel":["Von ",{"t":"idOrVar","v":"startTime"}," bis ",{"t":"idOrVar","v":"endTime"}]},{"$i":"week-event-one-day-duration","ariaLabel":["Am ",{"t":"idOrVar","v":"startDate"}," von ",{"t":"idOrVar","v":"startTime"}," bis ",{"t":"idOrVar","v":"endTime"}]},{"$i":"event-multiple-day-duration","ariaLabel":["Vom ",{"t":"idOrVar","v":"startDate"}," ",{"t":"idOrVar","v":"startTime"}," bis ",{"t":"idOrVar","v":"endDate"}," ",{"t":"idOrVar","v":"endTime"}," "]},{"$i":"weekday-0-long","$v":"Sonntag"},{"$i":"weekday-1-long","$v":"Montag"},{"$i":"weekday-2-long","$v":"Dienstag"},{"$i":"weekday-3-long","$v":"Mittwoch"},{"$i":"weekday-4-long","$v":"Donnerstag"},{"$i":"weekday-5-long","$v":"Freitag"},{"$i":"weekday-6-long","$v":"Samstag"},{"$i":"weekday-0-short","$v":"So"},{"$i":"weekday-1-short","$v":"Mo"},{"$i":"weekday-2-short","$v":"Di"},{"$i":"weekday-3-short","$v":"Mi"},{"$i":"weekday-4-short","$v":"Do"},{"$i":"weekday-5-short","$v":"Fr"},{"$i":"weekday-6-short","$v":"Sa"},{"$i":"month-0-long","$v":"Januar"},{"$i":"month-1-long","$v":"Februar"},{"$i":"month-2-long","$v":"März"},{"$i":"month-3-long","$v":"April"},{"$i":"month-4-long","$v":"Mai"},{"$i":"month-5-long","$v":"Juni"},{"$i":"month-6-long","$v":"Juli"},{"$i":"month-7-long","$v":"August"},{"$i":"month-8-long","$v":"September"},{"$i":"month-9-long","$v":"Oktober"},{"$i":"month-10-long","$v":"November"},{"$i":"month-11-long","$v":"Dezember"},{"$i":"month-0-genitive","$v":"Januar"},{"$i":"month-1-genitive","$v":"Februar"},{"$i":"month-2-genitive","$v":"März"},{"$i":"month-3-genitive","$v":"April"},{"$i":"month-4-genitive","$v":"Mai"},{"$i":"month-5-genitive","$v":"Juni"},{"$i":"month-6-genitive","$v":"Juli"},{"$i":"month-7-genitive","$v":"August"},{"$i":"month-8-genitive","$v":"September"},{"$i":"month-9-genitive","$v":"Oktober"},{"$i":"month-10-genitive","$v":"November"},{"$i":"month-11-genitive","$v":"Dezember"},{"$i":"month-0-short","$v":"Jan"},{"$i":"month-1-short","$v":"Feb"},{"$i":"month-2-short","$v":"Mär"},{"$i":"month-3-short","$v":"Apr"},{"$i":"month-4-short","$v":"Mai"},{"$i":"month-5-short","$v":"Jun"},{"$i":"month-6-short","$v":"Jul"},{"$i":"month-7-short","$v":"Aug"},{"$i":"month-8-short","$v":"Sep"},{"$i":"month-9-short","$v":"Okt"},{"$i":"month-10-short","$v":"Nov"},{"$i":"month-11-short","$v":"Dez"},{"$i":"minutes-ago-long","$v":{"zero":"gerade eben","one":"vor 1 Minute","two":["vor ",{"t":"idOrVar","v":"value"}," Minuten"],"few":["vor ",{"t":"idOrVar","v":"value"}," Minuten"],"many":["vor ",{"t":"idOrVar","v":"value"}," Minuten"],"other":["vor ",{"t":"idOrVar","v":"value"}," Minuten"]},"$x":[{"t":"idOrVar","v":"plural"},"value"]},{"$i":"hours-ago-long","$v":{"zero":"gerade eben","one":"vor 1 Stunde","two":["vor ",{"t":"idOrVar","v":"value"}," Stunden"],"few":["vor ",{"t":"idOrVar","v":"value"}," Stunden"],"many":["vor ",{"t":"idOrVar","v":"value"}," Stunden"],"other":["vor ",{"t":"idOrVar","v":"value"}," Stunden"]},"$x":[{"t":"idOrVar","v":"plural"},"value"]},{"$i":"days-ago-long","$v":{"zero":"heute","one":"gestern","two":["vor ",{"t":"idOrVar","v":"value"}," Tagen"],"few":["vor ",{"t":"idOrVar","v":"value"}," Tagen"],"many":["vor ",{"t":"idOrVar","v":"value"}," Tagen"],"other":["vor ",{"t":"idOrVar","v":"value"}," Tagen"]},"$x":[{"t":"idOrVar","v":"plural"},"value"]},{"$i":"weeks-ago-long","$v":{"zero":"diese Woche","one":"letzte Woche","two":["vor ",{"t":"idOrVar","v":"value"}," Wochen"],"few":["vor ",{"t":"idOrVar","v":"value"}," Wochen"],"many":["vor ",{"t":"idOrVar","v":"value"}," Wochen"],"other":["vor ",{"t":"idOrVar","v":"value"}," Wochen"]},"$x":[{"t":"idOrVar","v":"plural"},"value"]},{"$i":"months-ago-long","$v":{"zero":"diesen Monat","one":"letzten Monat","two":["vor ",{"t":"idOrVar","v":"value"}," Monaten"],"few":["vor ",{"t":"idOrVar","v":"value"}," Monaten"],"many":["vor ",{"t":"idOrVar","v":"value"}," Monaten"],"other":["vor ",{"t":"idOrVar","v":"value"}," Monaten"]},"$x":[{"t":"idOrVar","v":"plural"},"value"]},{"$i":"years-ago-long","$v":{"zero":"dieses Jahr","one":"letztes Jahr","two":["vor ",{"t":"idOrVar","v":"value"}," Jahren"],"few":["vor ",{"t":"idOrVar","v":"value"}," Jahren"],"many":["vor ",{"t":"idOrVar","v":"value"}," Jahren"],"other":["vor ",{"t":"idOrVar","v":"value"}," Jahren"]},"$x":[{"t":"idOrVar","v":"plural"},"value"]},{"$i":"minutes-until-long","$v":{"zero":"jetzt","one":"in 1 Minute","two":["in ",{"t":"idOrVar","v":"value"}," Minuten"],"few":["in ",{"t":"idOrVar","v":"value"}," Minuten"],"many":["in ",{"t":"idOrVar","v":"value"}," Minuten"],"other":["in ",{"t":"idOrVar","v":"value"}," Minuten"]},"$x":[{"t":"idOrVar","v":"plural"},"value"]},{"$i":"hours-until-long","$v":{"zero":"jetzt","one":"in einer Stunde","two":["in ",{"t":"idOrVar","v":"value"}," Stunden"],"few":["in ",{"t":"idOrVar","v":"value"}," Stunden"],"many":["in ",{"t":"idOrVar","v":"value"}," Stunden"],"other":["in ",{"t":"idOrVar","v":"value"}," Stunden"]},"$x":[{"t":"idOrVar","v":"plural"},"value"]},{"$i":"days-until-long","$v":{"zero":"heute","one":"morgen","two":["in ",{"t":"idOrVar","v":"value"}," Tagen"],"few":["in ",{"t":"idOrVar","v":"value"}," Tagen"],"many":["in ",{"t":"idOrVar","v":"value"}," Tagen"],"other":["in ",{"t":"idOrVar","v":"value"}," Tagen"]},"$x":[{"t":"idOrVar","v":"plural"},"value"]},{"$i":"weeks-until-long","$v":{"zero":"diese Woche","one":"nächste Woche","two":["in ",{"t":"idOrVar","v":"value"}," Wochen"],"few":["in ",{"t":"idOrVar","v":"value"}," Wochen"],"many":["in ",{"t":"idOrVar","v":"value"}," Wochen"],"other":["in ",{"t":"idOrVar","v":"value"}," Wochen"]},"$x":[{"t":"idOrVar","v":"plural"},"value"]},{"$i":"months-until-long","$v":{"zero":"diesen Monat","one":"nächsten Monat","two":["in ",{"t":"idOrVar","v":"value"}," Monaten"],"few":["in ",{"t":"idOrVar","v":"value"}," Monaten"],"many":["in ",{"t":"idOrVar","v":"value"}," Monaten"],"other":["in ",{"t":"idOrVar","v":"value"}," Monaten"]},"$x":[{"t":"idOrVar","v":"plural"},"value"]},{"$i":"years-until-long","$v":{"zero":"dieses Jahr","one":"nächstes Jahr","two":["in ",{"t":"idOrVar","v":"value"}," Jahren"],"few":["in ",{"t":"idOrVar","v":"value"}," Jahren"],"many":["in ",{"t":"idOrVar","v":"value"}," Jahren"],"other":["in ",{"t":"idOrVar","v":"value"}," Jahren"]},"$x":[{"t":"idOrVar","v":"plural"},"value"]},{"$i":"minutes-ago-short","$v":{"zero":"jetzt","other":["vor ",{"t":"idOrVar","v":"value"}," m"]},"$x":[{"t":"idOrVar","v":"plural"},"value"]},{"$i":"hours-ago-short","$v":{"zero":"jetzt","other":["vor ",{"t":"idOrVar","v":"value"}," h"]},"$x":[{"t":"idOrVar","v":"plural"},"value"]},{"$i":"days-ago-short","$v":{"zero":"heute","other":["vor ",{"t":"idOrVar","v":"value"}," d"]},"$x":[{"t":"idOrVar","v":"plural"},"value"]},{"$i":"minutes-until-short","$v":{"zero":"jetzt","other":["in ",{"t":"idOrVar","v":"value"}," m"]},"$x":[{"t":"idOrVar","v":"plural"},"value"]},{"$i":"hours-until-short","$v":{"zero":"jetzt","other":["in ",{"t":"idOrVar","v":"value"}," h"]},"$x":[{"t":"idOrVar","v":"plural"},"value"]},{"$i":"days-until-short","$v":{"zero":"heute","other":["in ",{"t":"idOrVar","v":"value"}," d"]},"$x":[{"t":"idOrVar","v":"plural"},"value"]},{"$i":"incorrectDate","$v":"(ungültiges Datum)"},{"$i":"dateTimeFormat_%c","$v":"%a, %e. %b %Y %H:%M:%S"},{"$i":"dateTimeFormat_%x","$v":"%d.%m.%Y"},{"$i":"dateTimeFormat_%X","$v":"%H:%M:%S"},{"$i":"shortTimeFormat","$v":"%H:%M"},{"$i":"shortTimeFormat12","$v":"%I:%M %p"},{"$i":"shortTimeFormat24","$v":"%H:%M"},{"$i":"shortDateTimeFormat","$v":"%x %H:%M"},{"$i":"weekStartsOnMonday","$v":"1"},{"$i":"firstDayOfTheWeek","$v":"1"},{"$i":"time_am","$v":"AM"},{"$i":"time_pm","$v":"PM"}]