[{"$i":"back","$v":"Πίσω"},{"$i":"save","$v":"Αποθήκευση"},{"$i":"hide","$v":"Απόκρυψη"},{"$i":"cancel","$v":"Ακύρωση"},{"$i":"confirm","$v":"Επιβεβαίωση"},{"$i":"done","$v":"ΟΚ"},{"$i":"events","$v":"Δραστηριότητες"},{"$i":"edit","$v":"Επεξεργασία"},{"$i":"allday-events","$v":"Ολοήμερες δραστηριότητες"},{"$i":"no-events","$v":"Καμία δραστηριότητα"},{"$i":"show-today","$v":"Σήμερα"},{"$i":"show-month-view","$v":"Μήνας"},{"$i":"show-week-view","$v":"Εβδομάδα"},{"$i":"show-day-view","$v":"Ημέρα"},{"$i":"settings-show","$v":"Ρυθμίσεις"},{"$i":"settings-hide","$v":"Απόκρυψη ρυθμίσεων"},{"$i":"add-account","$v":"Προσθήκη λογαριασμού"},{"$i":"new-event","$v":"Προσθήκη δραστηριότητας"},{"$i":"view-event-header","$v":"Δραστηριότητα"},{"$i":"new-event-header","$v":"Προσθήκη"},{"$i":"edit-event-header","$v":"Επεξεργασία"},{"$i":"account-header","$v":"Λογαριασμός"},{"$i":"account-list-header","$v":"Λογαριασμοί"},{"$i":"advanced-settings-short-icon-button","ariaLabel":"Settings"},{"$i":"advanced-settings-header","$v":"Ρυθμίσεις ημερολογίου"},{"$i":"advanced-settings-personalization","$v":"Εξατομίκευση"},{"$i":"advanced-settings-reminders","$v":"Υπενθυμίσεις"},{"$i":"advanced-settings-add-account","$v":"Προσθήκη Λογαριασμού"},{"$i":"field-user","placeholder":"Όνομα χρήστη"},{"$i":"field-password","placeholder":"Κωδικός πρόσβασης"},{"$i":"field-full-url","placeholder":"URL"},{"$i":"modify-account-setting-up","$v":"Παρακαλούμε περιμένετε καθώς ο λογαριασμός σας ετοιμάζεται"},{"$i":"modify-account-unable-to-sync","$v":"Αδυναμία συγχρονισμού"},{"$i":"modify-account-sign-in","$v":"Σύνδεση"},{"$i":"preset-caldav","$v":"CalDav"},{"$i":"preset-yahoo","$v":"Yahoo!"},{"$i":"preset-google","$v":"Google"},{"$i":"preset-local","$v":"Τοπικό ημερολόγιο"},{"$i":"preset-mozilla","$v":"Mozilla Zimbra"},{"$i":"calendar-local","$v":"Τοπικό ημερολόγιο"},{"$i":"event-title","placeholder":"Τίτλος"},{"$i":"event-location","placeholder":"Πού;"},{"$i":"event-description","placeholder":"Σημειώσεις"},{"$i":"event-is-allday","$v":"Ολοήμερη δραστηριότητα;"},{"$i":"event-start-date","placeholder":"Ημερομηνία έναρξης"},{"$i":"event-end-date","placeholder":"Ημερομηνία λήξης"},{"$i":"event-start-time","placeholder":"Ώρα έναρξης"},{"$i":"event-end-time","placeholder":"Ώρα λήξης"},{"$i":"event-delete","$v":"Διαγραφή δραστηριότητας"},{"$i":"remove-account-data","$v":"Διαγραφή τοπικών δεδομένων"},{"$i":"remove-account-dialog","$v":"Διαγραφή λογαριασμού"},{"$i":"remove-account-dialog-details","$v":"Η διαγραφή αυτού του λογαριασμού θα διαγράψει και τα τοπικά αντίγραφα σχετιζομένων ημερολογίων και δραστηριοτήτων."},{"$i":"drawer-sync-icon-button","ariaLabel":"Sync"},{"$i":"sync-progress-syncing","ariaValueText":"Syncing"},{"$i":"sync-progress-complete","ariaValueText":"Syncing complete"},{"$i":"sync-frequency","$v":"Συγχρονισμός ημερολογίου"},{"$i":"sync-frequency-15min","$v":"15 λεπτά"},{"$i":"sync-frequency-30min","$v":"30 λεπτά"},{"$i":"sync-frequency-manual","$v":"Χειροκίνητα"},{"$i":"one-day-duration","$v":[{"t":"idOrVar","v":"startDate"},"<br>από ",{"t":"idOrVar","v":"startTime"}," μέχρι ",{"t":"idOrVar","v":"endTime"}]},{"$i":"multiple-day-duration","$v":["Από ",{"t":"idOrVar","v":"startTime"}," ",{"t":"idOrVar","v":"startDate"},"<br>μέχρι ",{"t":"idOrVar","v":"endTime"}," ",{"t":"idOrVar","v":"endDate"}]},{"$i":"one-all-day-duration","$v":["Όλη μέρα<br>",{"t":"idOrVar","v":"startDate"}]},{"$i":"multiple-all-day-duration","$v":["Όλη μέρα από ",{"t":"idOrVar","v":"startDate"},"<br>μέχρι ",{"t":"idOrVar","v":"endDate"}]},{"$i":"none","$v":"Καμία"},{"$i":"reminder","$v":"Υπενθύμιση:"},{"$i":"remind-me","$v":"Υπενθύμιση"},{"$i":"alarm-at-event-standard","$v":"Την ώρα της δραστηριότητας"},{"$i":"alarm-at-event-allday","$v":"Ανήμερα της δραστηριότητας"},{"$i":"alarm-start-notice","$v":[{"t":"idOrVar","v":"title"}," ξεκινά ",{"t":"idOrVar","v":"distance"}]},{"$i":"alarm-started-notice","$v":[{"t":"idOrVar","v":"title"}," ξεκίνησε ",{"t":"idOrVar","v":"distance"}]},{"$i":"minutes-before","$v":{"zero":"0 λεπτά πριν","one":"1 λεπτό πριν","two":[{"t":"idOrVar","v":"value"}," λεπτά πριν"],"few":[{"t":"idOrVar","v":"value"}," λεπτά πριν"],"many":[{"t":"idOrVar","v":"value"}," λεπτά πριν"],"other":[{"t":"idOrVar","v":"value"}," λεπτά πριν"]},"$x":[{"t":"idOrVar","v":"plural"},"value"]},{"$i":"hours-before","$v":{"zero":"0 ώρες πριν","one":"1 ώρα πριν","two":[{"t":"idOrVar","v":"value"}," ώρες πριν"],"few":[{"t":"idOrVar","v":"value"}," ώρες πριν"],"many":[{"t":"idOrVar","v":"value"}," ώρες πριν"],"other":[{"t":"idOrVar","v":"value"}," ώρες πριν"]},"$x":[{"t":"idOrVar","v":"plural"},"value"]},{"$i":"days-before","$v":{"zero":"0 ημέρες πριν","one":"1 ημέρα πριν","two":[{"t":"idOrVar","v":"value"}," ημέρες πριν"],"few":[{"t":"idOrVar","v":"value"}," ημέρες πριν"],"many":[{"t":"idOrVar","v":"value"}," ημέρες πριν"],"other":[{"t":"idOrVar","v":"value"}," ημέρες πριν"]},"$x":[{"t":"idOrVar","v":"plural"},"value"]},{"$i":"weeks-before","$v":{"zero":"0 εβδομάδες πριν","one":"1 εβδομάδα πριν","two":[{"t":"idOrVar","v":"value"}," εβδομάδες πριν"],"few":[{"t":"idOrVar","v":"value"}," εβδομάδες πριν"],"many":[{"t":"idOrVar","v":"value"}," εβδομάδες πριν"],"other":[{"t":"idOrVar","v":"value"}," εβδομάδες πριν"]},"$x":[{"t":"idOrVar","v":"plural"},"value"]},{"$i":"months-before","$v":{"zero":"0 μήνες πριν","one":"1 μήνα πριν","two":[{"t":"idOrVar","v":"value"}," μήνες πριν"],"few":[{"t":"idOrVar","v":"value"}," μήνες πριν"],"many":[{"t":"idOrVar","v":"value"}," μήνες πριν"],"other":[{"t":"idOrVar","v":"value"}," μήνες πριν"]},"$x":[{"t":"idOrVar","v":"plural"},"value"]},{"$i":"years-before","$v":{"zero":"0 έτη πριν","one":"1 έτος πριν","two":[{"t":"idOrVar","v":"value"}," έτη πριν"],"few":[{"t":"idOrVar","v":"value"}," έτη πριν"],"many":[{"t":"idOrVar","v":"value"}," έτη πριν"],"other":[{"t":"idOrVar","v":"value"}," έτη πριν"]},"$x":[{"t":"idOrVar","v":"plural"},"value"]},{"$i":"minutes-after","$v":{"zero":"0 λεπτά μετά","one":"1 λεπτό μετά","two":[{"t":"idOrVar","v":"value"}," λεπτά μετά"],"few":[{"t":"idOrVar","v":"value"}," λεπτά μετά"],"many":[{"t":"idOrVar","v":"value"}," λεπτά μετά"],"other":[{"t":"idOrVar","v":"value"}," λεπτά μετά"]},"$x":[{"t":"idOrVar","v":"plural"},"value"]},{"$i":"hours-after","$v":{"zero":"0 ώρες μετά","one":"1 ώρα μετά","two":[{"t":"idOrVar","v":"value"}," ώρες μετά"],"few":[{"t":"idOrVar","v":"value"}," ώρες μετά"],"many":[{"t":"idOrVar","v":"value"}," ώρες μετά"],"other":[{"t":"idOrVar","v":"value"}," ώρες μετά"]},"$x":[{"t":"idOrVar","v":"plural"},"value"]},{"$i":"days-after","$v":{"zero":"0 ημέρες μετά","one":"1 ημέρα μετά","two":[{"t":"idOrVar","v":"value"}," ημέρες μετά"],"few":[{"t":"idOrVar","v":"value"}," ημέρες μετά"],"many":[{"t":"idOrVar","v":"value"}," ημέρες μετά"],"other":[{"t":"idOrVar","v":"value"}," ημέρες μετά"]},"$x":[{"t":"idOrVar","v":"plural"},"value"]},{"$i":"weeks-after","$v":{"zero":"0 εβδομάδες μετά","one":"1 εβδομάδα μετά","two":[{"t":"idOrVar","v":"value"}," εβδομάδες μετά"],"few":[{"t":"idOrVar","v":"value"}," εβδομάδες μετά"],"many":[{"t":"idOrVar","v":"value"}," εβδομάδες μετά"],"other":[{"t":"idOrVar","v":"value"}," εβδομάδες μετά"]},"$x":[{"t":"idOrVar","v":"plural"},"value"]},{"$i":"months-after","$v":{"zero":"0 μήνες μετά","one":"1 μήνα μετά","two":[{"t":"idOrVar","v":"value"}," μήνες μετά"],"few":[{"t":"idOrVar","v":"value"}," μήνες μετά"],"many":[{"t":"idOrVar","v":"value"}," μήνες μετά"],"other":[{"t":"idOrVar","v":"value"}," μήνες μετά"]},"$x":[{"t":"idOrVar","v":"plural"},"value"]},{"$i":"years-after","$v":{"zero":"0 έτη μετά","one":"1 έτος μετά","two":[{"t":"idOrVar","v":"value"}," έτη μετά"],"few":[{"t":"idOrVar","v":"value"}," έτη μετά"],"many":[{"t":"idOrVar","v":"value"}," έτη μετά"],"other":[{"t":"idOrVar","v":"value"}," έτη μετά"]},"$x":[{"t":"idOrVar","v":"plural"},"value"]},{"$i":"hour-format12","$v":"%I %p"},{"$i":"hour-format24","$v":"%H"},{"$i":"week-hour-format12","$v":"%I %p"},{"$i":"week-hour-format24","$v":"%H"},{"$i":"hour-allday","$v":"Όλη μέρα"},{"$i":"week-day","$v":"%a %e"},{"$i":"current-time12","$v":"%I:%M"},{"$i":"current-time24","$v":"%H:%M"},{"$i":"multi-month-view-header-format","$v":"%b %Y"},{"$i":"day-view-header-format","$v":"%A, %d/%m/%y"},{"$i":"months-day-view-header-format","$v":"%A, %e %b"},{"$i":"longDateFormat","$v":"%A, %e %Eb %Y"},{"$i":"error-start-date-after-end-date","$v":"Η δραστηριότητα δε μπορεί να τελειώνει πριν την ημερομηνία έναρξης"},{"$i":"error-start-time-after-end-time","$v":"Η δραστηριότητα δε μπορεί να τελειώνει πριν την ώρα έναρξης"},{"$i":"error-unauthenticated","$v":"Λάθος όνομα χρήστη ή/και κωδικός πρόσβασης"},{"$i":"error-internal-server-error","$v":"Σφάλμα διακομιστή. Ελέγξτε την εγγραφή σας και προσπαθήστε ξανά."},{"$i":"error-default","$v":"Υπήρξε κάποιο λάθος. Προσπαθήστε ξανά αργότερα."},{"$i":"error-offline","$v":"Δεν υπάρχει σύνδεση. Ελέγξτε τις ρυθμίσεις σύνδεσης σας και ξαναπροσπαθήστε."},{"$i":"error-account-exist","$v":"Αυτός ο λογαριασμός υπάρχει ήδη."},{"$i":"notification-error-sync-title","$v":"Αδυναμία συγχρονισμού ημερολογίου"},{"$i":"notification-error-sync-description","$v":"Πατήστε για περισσότερες πληροφορίες"},{"$i":"weekday-0-single-char","$v":"S","ariaLabel":"Sunday"},{"$i":"weekday-1-single-char","$v":"M","ariaLabel":"Monday"},{"$i":"weekday-2-single-char","$v":"T","ariaLabel":"Tuesday"},{"$i":"weekday-3-single-char","$v":"W","ariaLabel":"Wednesday"},{"$i":"weekday-4-single-char","$v":"T","ariaLabel":"Thursday"},{"$i":"weekday-5-single-char","$v":"F","ariaLabel":"Friday"},{"$i":"weekday-6-single-char","$v":"S","ariaLabel":"Saturday"},{"$i":"busy","$v":{"one":[{"t":"idOrVar","v":"n"}," event"],"two":[{"t":"idOrVar","v":"n"}," events"],"few":[{"t":"idOrVar","v":"n"}," events"],"many":[{"t":"idOrVar","v":"n"}," events"],"other":[{"t":"idOrVar","v":"n"}," events"]},"$x":[{"t":"idOrVar","v":"plural"},"n"]},{"$i":"present","ariaLabel":"Today"},{"$i":"past-other-month-description","ariaLabel":"Other month"},{"$i":"future-other-month-description","ariaLabel":"Other month"},{"$i":"icon-calendar-alarm","ariaLabel":"Has alarm"},{"$i":"calendars","ariaLabel":"Calendars"},{"$i":"multi-day-new-event-link","ariaLabel":"Add event"},{"$i":"title","ariaLabel":"Title"},{"$i":"location","ariaLabel":"Location"},{"$i":"duration","ariaLabel":"Duration"},{"$i":"calendar","ariaLabel":"Calendar"},{"$i":"alarms","ariaLabel":"Alarms"},{"$i":"description","ariaLabel":"Description"},{"$i":"start-date","ariaLabel":"Start date"},{"$i":"start-time","ariaLabel":"Start time"},{"$i":"end-date","ariaLabel":"End date"},{"$i":"end-time","ariaLabel":"End time"},{"$i":"during-progress-loading","ariaValueText":"Loading"},{"$i":"all-day","ariaLabel":"All day"},{"$i":"create-event","ariaLabel":"Create event"},{"$i":"create-all-day-event","ariaLabel":"Create all day event"},{"$i":"event-one-day-duration","ariaLabel":["from ",{"t":"idOrVar","v":"startTime"}," to ",{"t":"idOrVar","v":"endTime"}]},{"$i":"week-event-one-day-duration","ariaLabel":[{"t":"idOrVar","v":"startDate"}," from ",{"t":"idOrVar","v":"startTime"}," to ",{"t":"idOrVar","v":"endTime"}]},{"$i":"event-multiple-day-duration","ariaLabel":["From ",{"t":"idOrVar","v":"startTime"}," ",{"t":"idOrVar","v":"startDate"}," to ",{"t":"idOrVar","v":"endTime"}," ",{"t":"idOrVar","v":"endDate"}]},{"$i":"weekday-0-long","$v":"Κυριακή"},{"$i":"weekday-1-long","$v":"Δευτέρα"},{"$i":"weekday-2-long","$v":"Τρίτη"},{"$i":"weekday-3-long","$v":"Τετάρτη"},{"$i":"weekday-4-long","$v":"Πέμπτη"},{"$i":"weekday-5-long","$v":"Παρασκευή"},{"$i":"weekday-6-long","$v":"Σάββατο"},{"$i":"weekday-0-short","$v":"Κυρ"},{"$i":"weekday-1-short","$v":"Δευ"},{"$i":"weekday-2-short","$v":"Τρι"},{"$i":"weekday-3-short","$v":"Τετ"},{"$i":"weekday-4-short","$v":"Πεμ"},{"$i":"weekday-5-short","$v":"Παρ"},{"$i":"weekday-6-short","$v":"Σαβ"},{"$i":"month-0-long","$v":"Ιανουάριος"},{"$i":"month-1-long","$v":"Φεβρουάριος"},{"$i":"month-2-long","$v":"Μάρτιος"},{"$i":"month-3-long","$v":"Απρίλιος"},{"$i":"month-4-long","$v":"Μάιος"},{"$i":"month-5-long","$v":"Ιούνιος"},{"$i":"month-6-long","$v":"Ιούλιος"},{"$i":"month-7-long","$v":"Αύγουστος"},{"$i":"month-8-long","$v":"Σεπτέμβριος"},{"$i":"month-9-long","$v":"Οκτώβριος"},{"$i":"month-10-long","$v":"Νοέμβριος"},{"$i":"month-11-long","$v":"Δεκέμβριος"},{"$i":"month-0-genitive","$v":"Ιανουαρίου"},{"$i":"month-1-genitive","$v":"Φεβρουαρίου"},{"$i":"month-2-genitive","$v":"Μαρτίου"},{"$i":"month-3-genitive","$v":"Απριλίου"},{"$i":"month-4-genitive","$v":"Μαΐου"},{"$i":"month-5-genitive","$v":"Ιουνίου"},{"$i":"month-6-genitive","$v":"Ιουλίου"},{"$i":"month-7-genitive","$v":"Αυγούστου"},{"$i":"month-8-genitive","$v":"Σεπτεμβρίου"},{"$i":"month-9-genitive","$v":"Οκτωβρίου"},{"$i":"month-10-genitive","$v":"Νοεμβρίου"},{"$i":"month-11-genitive","$v":"Δεκεμβρίου"},{"$i":"month-0-short","$v":"Ιαν"},{"$i":"month-1-short","$v":"Φεβ"},{"$i":"month-2-short","$v":"Μαρ"},{"$i":"month-3-short","$v":"Απρ"},{"$i":"month-4-short","$v":"Μάι"},{"$i":"month-5-short","$v":"Ιουν"},{"$i":"month-6-short","$v":"Ιουλ"},{"$i":"month-7-short","$v":"Αυγ"},{"$i":"month-8-short","$v":"Σεπ"},{"$i":"month-9-short","$v":"Οκτ"},{"$i":"month-10-short","$v":"Νοε"},{"$i":"month-11-short","$v":"Δεκ"},{"$i":"minutes-ago-long","$v":{"zero":"μόλις τώρα","one":"πριν από ένα λεπτό","two":["πριν από ",{"t":"idOrVar","v":"value"}," λεπτά"],"few":["πριν από ",{"t":"idOrVar","v":"value"}," λεπτά"],"many":["πριν από ",{"t":"idOrVar","v":"value"}," λεπτά"],"other":["πριν από ",{"t":"idOrVar","v":"value"}," λεπτά"]},"$x":[{"t":"idOrVar","v":"plural"},"value"]},{"$i":"hours-ago-long","$v":{"zero":"μόλις τώρα","one":"πριν από μία ώρα","two":["πριν από ",{"t":"idOrVar","v":"value"}," ώρες"],"few":["πριν από ",{"t":"idOrVar","v":"value"}," ώρες"],"many":["πριν από ",{"t":"idOrVar","v":"value"}," ώρες"],"other":["πριν από ",{"t":"idOrVar","v":"value"}," ώρες"]},"$x":[{"t":"idOrVar","v":"plural"},"value"]},{"$i":"days-ago-long","$v":{"zero":"σήμερα","one":"χθες","two":["πριν από ",{"t":"idOrVar","v":"value"}," ημέρες"],"few":["πριν από ",{"t":"idOrVar","v":"value"}," ημέρες"],"many":["πριν από ",{"t":"idOrVar","v":"value"}," ημέρες"],"other":["πριν από ",{"t":"idOrVar","v":"value"}," ημέρες"]},"$x":[{"t":"idOrVar","v":"plural"},"value"]},{"$i":"weeks-ago-long","$v":{"zero":"αυτή την εβδομάδα","one":"την τελευταία εβδομάδα","two":["πριν από ",{"t":"idOrVar","v":"value"}," εβδομάδες"],"few":["πριν από ",{"t":"idOrVar","v":"value"}," εβδομάδες"],"many":["πριν από ",{"t":"idOrVar","v":"value"}," εβδομάδες"],"other":["πριν από ",{"t":"idOrVar","v":"value"}," εβδομάδες"]},"$x":[{"t":"idOrVar","v":"plural"},"value"]},{"$i":"months-ago-long","$v":{"zero":"αυτό τον μήνα","one":"τον τελευταίο μήνα","two":["πριν από ",{"t":"idOrVar","v":"value"}," μήνες"],"few":["πριν από ",{"t":"idOrVar","v":"value"}," μήνες"],"many":["πριν από ",{"t":"idOrVar","v":"value"}," μήνες"],"other":["πριν από ",{"t":"idOrVar","v":"value"}," μήνες"]},"$x":[{"t":"idOrVar","v":"plural"},"value"]},{"$i":"years-ago-long","$v":{"zero":"αυτό το έτος","one":"το περασμένο έτος","two":["πριν από ",{"t":"idOrVar","v":"value"}," χρόνια"],"few":["πριν από ",{"t":"idOrVar","v":"value"}," χρόνια"],"many":["πριν από ",{"t":"idOrVar","v":"value"}," χρόνια"],"other":["πριν από ",{"t":"idOrVar","v":"value"}," χρόνια"]},"$x":[{"t":"idOrVar","v":"plural"},"value"]},{"$i":"minutes-until-long","$v":{"zero":"τώρα","one":"σε ένα λεπτό","two":["σε ",{"t":"idOrVar","v":"value"}," λεπτά"],"few":["σε ",{"t":"idOrVar","v":"value"}," λεπτά"],"many":["σε ",{"t":"idOrVar","v":"value"}," λεπτά"],"other":["σε ",{"t":"idOrVar","v":"value"}," λεπτά"]},"$x":[{"t":"idOrVar","v":"plural"},"value"]},{"$i":"hours-until-long","$v":{"zero":"τώρα","one":"σε μία ώρα","two":["σε ",{"t":"idOrVar","v":"value"}," ώρες"],"few":["σε ",{"t":"idOrVar","v":"value"}," ώρες"],"many":["σε ",{"t":"idOrVar","v":"value"}," ώρες"],"other":["σε ",{"t":"idOrVar","v":"value"}," ώρες"]},"$x":[{"t":"idOrVar","v":"plural"},"value"]},{"$i":"days-until-long","$v":{"zero":"σήμερα","one":"αύριο","two":["σε ",{"t":"idOrVar","v":"value"}," ημέρες"],"few":["σε ",{"t":"idOrVar","v":"value"}," ημέρες"],"many":["σε ",{"t":"idOrVar","v":"value"}," ημέρες"],"other":["σε ",{"t":"idOrVar","v":"value"}," ημέρες"]},"$x":[{"t":"idOrVar","v":"plural"},"value"]},{"$i":"weeks-until-long","$v":{"zero":"αυτή την εβδομάδα","one":"την επόμενη εβδομάδα","two":["σε ",{"t":"idOrVar","v":"value"}," εβδομάδες"],"few":["σε ",{"t":"idOrVar","v":"value"}," εβδομάδες"],"many":["σε ",{"t":"idOrVar","v":"value"}," εβδομάδες"],"other":["σε ",{"t":"idOrVar","v":"value"}," εβδομάδες"]},"$x":[{"t":"idOrVar","v":"plural"},"value"]},{"$i":"months-until-long","$v":{"zero":"αυτό τον μήνα","one":"στον επόμενο μήνα","two":["σε ",{"t":"idOrVar","v":"value"}," μήνες"],"few":["σε ",{"t":"idOrVar","v":"value"}," μήνες"],"many":["σε ",{"t":"idOrVar","v":"value"}," μήνες"],"other":["σε ",{"t":"idOrVar","v":"value"}," μήνες"]},"$x":[{"t":"idOrVar","v":"plural"},"value"]},{"$i":"years-until-long","$v":{"zero":"αυτό το έτος","one":"επόμενο έτος","two":["σε ",{"t":"idOrVar","v":"value"}," έτη"],"few":["σε ",{"t":"idOrVar","v":"value"}," έτη"],"many":["σε ",{"t":"idOrVar","v":"value"}," έτη"],"other":["σε ",{"t":"idOrVar","v":"value"}," έτη"]},"$x":[{"t":"idOrVar","v":"plural"},"value"]},{"$i":"minutes-ago-short","$v":{"zero":"τώρα","other":["πριν ",{"t":"idOrVar","v":"value"},"′"]},"$x":[{"t":"idOrVar","v":"plural"},"value"]},{"$i":"hours-ago-short","$v":{"zero":"τώρα","other":["πριν ",{"t":"idOrVar","v":"value"}," ώρ."]},"$x":[{"t":"idOrVar","v":"plural"},"value"]},{"$i":"days-ago-short","$v":{"zero":"σήμερα","other":["πριν ",{"t":"idOrVar","v":"value"}," ημ."]},"$x":[{"t":"idOrVar","v":"plural"},"value"]},{"$i":"minutes-until-short","$v":{"zero":"τώρα","other":["σε ",{"t":"idOrVar","v":"value"},"′"]},"$x":[{"t":"idOrVar","v":"plural"},"value"]},{"$i":"hours-until-short","$v":{"zero":"τώρα","other":["σε ",{"t":"idOrVar","v":"value"}," ώρ."]},"$x":[{"t":"idOrVar","v":"plural"},"value"]},{"$i":"days-until-short","$v":{"zero":"σήμερα","other":["σε ",{"t":"idOrVar","v":"value"}," ημ."]},"$x":[{"t":"idOrVar","v":"plural"},"value"]},{"$i":"incorrectDate","$v":"(λάθος ημερομηνία)"},{"$i":"dateTimeFormat_%c","$v":"%a, %e %Eb %Y, %H:%M:%S"},{"$i":"dateTimeFormat_%x","$v":"%d/%m/%Y"},{"$i":"dateTimeFormat_%X","$v":"%H:%M:%S"},{"$i":"shortTimeFormat","$v":"%H:%M"},{"$i":"shortTimeFormat12","$v":"%I:%M %p"},{"$i":"shortTimeFormat24","$v":"%H:%M"},{"$i":"shortDateTimeFormat","$v":"%x %H:%M"},{"$i":"weekStartsOnMonday","$v":"0"},{"$i":"firstDayOfTheWeek","$v":"0"},{"$i":"time_am","$v":"πμ"},{"$i":"time_pm","$v":"μμ"}]