[{"$i":"back","$v":"Atrás"},{"$i":"save","$v":"Guardar"},{"$i":"hide","$v":"Ocultar"},{"$i":"cancel","$v":"Cancelar"},{"$i":"confirm","$v":"Confirmar"},{"$i":"done","$v":"Hecho"},{"$i":"events","$v":"Eventos"},{"$i":"edit","$v":"Editar"},{"$i":"allday-events","$v":"Eventos de todo el día"},{"$i":"no-events","$v":"Sin eventos"},{"$i":"show-today","$v":"Hoy"},{"$i":"show-month-view","$v":"Mes"},{"$i":"show-week-view","$v":"Semana"},{"$i":"show-day-view","$v":"Día"},{"$i":"settings-show","$v":"Ajustes"},{"$i":"settings-hide","$v":"Ocultar ajustes"},{"$i":"add-account","$v":"Agregar una cuenta"},{"$i":"new-event","$v":"Agregar evento"},{"$i":"view-event-header","$v":"Evento"},{"$i":"new-event-header","$v":"Agregar evento"},{"$i":"edit-event-header","$v":"Editar evento"},{"$i":"account-header","$v":"Cuenta"},{"$i":"account-list-header","$v":"Cuentas"},{"$i":"advanced-settings-short-icon-button","ariaLabel":"Ajustes"},{"$i":"advanced-settings-header","$v":"Ajustes"},{"$i":"advanced-settings-personalization","$v":"Personalización"},{"$i":"advanced-settings-reminders","$v":"Recordatorios"},{"$i":"advanced-settings-add-account","$v":"Agregar cuenta"},{"$i":"field-user","placeholder":"Usuario"},{"$i":"field-password","placeholder":"Contraseña"},{"$i":"field-full-url","placeholder":"URL"},{"$i":"modify-account-setting-up","$v":"Espere mientras se configura su cuenta"},{"$i":"modify-account-unable-to-sync","$v":"Imposible sincronizar"},{"$i":"modify-account-sign-in","$v":"Identificarse"},{"$i":"preset-caldav","$v":"CalDav"},{"$i":"preset-yahoo","$v":"Yahoo!"},{"$i":"preset-google","$v":"Google"},{"$i":"preset-local","$v":"Calendario interno"},{"$i":"preset-mozilla","$v":"Mozilla Zimbra"},{"$i":"calendar-local","$v":"Calendario interno"},{"$i":"event-title","placeholder":"Título"},{"$i":"event-location","placeholder":"¿En qué lugar?"},{"$i":"event-description","placeholder":"Notas"},{"$i":"event-is-allday","$v":"¿Todo el día?"},{"$i":"event-start-date","placeholder":"Fecha inicial"},{"$i":"event-end-date","placeholder":"Fecha final"},{"$i":"event-start-time","placeholder":"Hora inicial"},{"$i":"event-end-time","placeholder":"Hora final"},{"$i":"event-delete","$v":"Borrar evento"},{"$i":"remove-account-data","$v":"Eliminar datos locales"},{"$i":"remove-account-dialog","$v":"Eliminar cuenta"},{"$i":"remove-account-dialog-details","$v":"Al eliminar esta cuenta también eliminará su copia local de los calendarios y eventos asociados."},{"$i":"drawer-sync-icon-button","ariaLabel":"Sinc."},{"$i":"sync-progress-syncing","ariaValueText":"Sincronizando"},{"$i":"sync-progress-complete","ariaValueText":"Sincronización completa"},{"$i":"sync-frequency","$v":"Sincronizar calendario"},{"$i":"sync-frequency-15min","$v":"15 min"},{"$i":"sync-frequency-30min","$v":"30 min"},{"$i":"sync-frequency-manual","$v":"Manualmente"},{"$i":"one-day-duration","$v":[{"t":"idOrVar","v":"startDate"},"<br>de ",{"t":"idOrVar","v":"startTime"}," a ",{"t":"idOrVar","v":"endTime"}]},{"$i":"multiple-day-duration","$v":["De ",{"t":"idOrVar","v":"startTime"}," ",{"t":"idOrVar","v":"startDate"},"<br>a ",{"t":"idOrVar","v":"endTime"}," ",{"t":"idOrVar","v":"endDate"}]},{"$i":"one-all-day-duration","$v":["Todo el día<br>",{"t":"idOrVar","v":"startDate"}]},{"$i":"multiple-all-day-duration","$v":["Todo el día de ",{"t":"idOrVar","v":"startDate"},"<br>a ",{"t":"idOrVar","v":"endDate"}]},{"$i":"none","$v":"Ninguna"},{"$i":"reminder","$v":"Recordatorio:"},{"$i":"remind-me","$v":"Recordarme"},{"$i":"alarm-at-event-standard","$v":"A la hora del evento"},{"$i":"alarm-at-event-allday","$v":"El día del evento"},{"$i":"alarm-start-notice","$v":[{"t":"idOrVar","v":"title"}," comenzando ",{"t":"idOrVar","v":"distance"}]},{"$i":"alarm-started-notice","$v":[{"t":"idOrVar","v":"title"}," comenzado ",{"t":"idOrVar","v":"distance"}]},{"$i":"minutes-before","$v":{"zero":"0 minutos antes","one":"1 minuto antes","two":[{"t":"idOrVar","v":"value"}," minutos antes"],"few":[{"t":"idOrVar","v":"value"}," minutos antes"],"many":[{"t":"idOrVar","v":"value"}," minutos antes"],"other":[{"t":"idOrVar","v":"value"}," minutos antes"]},"$x":[{"t":"idOrVar","v":"plural"},"value"]},{"$i":"hours-before","$v":{"zero":"0 horas antes","one":"1 hora antes","two":[{"t":"idOrVar","v":"value"}," horas antes"],"few":[{"t":"idOrVar","v":"value"}," horas antes"],"many":[{"t":"idOrVar","v":"value"}," horas antes"],"other":[{"t":"idOrVar","v":"value"}," horas antes"]},"$x":[{"t":"idOrVar","v":"plural"},"value"]},{"$i":"days-before","$v":{"zero":"0 días antes","one":"1 día antes","two":[{"t":"idOrVar","v":"value"}," días antes"],"few":[{"t":"idOrVar","v":"value"}," días antes"],"many":[{"t":"idOrVar","v":"value"}," días antes"],"other":[{"t":"idOrVar","v":"value"}," días antes"]},"$x":[{"t":"idOrVar","v":"plural"},"value"]},{"$i":"weeks-before","$v":{"zero":"0 semanas antes","one":"1 semana antes","two":[{"t":"idOrVar","v":"value"}," semanas antes"],"few":[{"t":"idOrVar","v":"value"}," semanas antes"],"many":[{"t":"idOrVar","v":"value"}," semanas antes"],"other":[{"t":"idOrVar","v":"value"}," semanas antes"]},"$x":[{"t":"idOrVar","v":"plural"},"value"]},{"$i":"months-before","$v":{"zero":"0 meses antes","one":"1 mes antes","two":[{"t":"idOrVar","v":"value"}," meses antes"],"few":[{"t":"idOrVar","v":"value"}," meses antes"],"many":[{"t":"idOrVar","v":"value"}," meses antes"],"other":[{"t":"idOrVar","v":"value"}," meses antes"]},"$x":[{"t":"idOrVar","v":"plural"},"value"]},{"$i":"years-before","$v":{"zero":"0 años antes","one":"1 año antes","two":[{"t":"idOrVar","v":"value"}," años antes"],"few":[{"t":"idOrVar","v":"value"}," años antes"],"many":[{"t":"idOrVar","v":"value"}," años antes"],"other":[{"t":"idOrVar","v":"value"}," años antes"]},"$x":[{"t":"idOrVar","v":"plural"},"value"]},{"$i":"minutes-after","$v":{"zero":"0 minutos después","one":"1 minuto después","two":[{"t":"idOrVar","v":"value"}," minutos después"],"few":[{"t":"idOrVar","v":"value"}," minutos después"],"many":[{"t":"idOrVar","v":"value"}," minutos después"],"other":[{"t":"idOrVar","v":"value"}," minutos después"]},"$x":[{"t":"idOrVar","v":"plural"},"value"]},{"$i":"hours-after","$v":{"zero":"0 horas después","one":"1 hora después","two":[{"t":"idOrVar","v":"value"}," horas después"],"few":[{"t":"idOrVar","v":"value"}," horas después"],"many":[{"t":"idOrVar","v":"value"}," horas después"],"other":[{"t":"idOrVar","v":"value"}," horas después"]},"$x":[{"t":"idOrVar","v":"plural"},"value"]},{"$i":"days-after","$v":{"zero":"0 días después","one":"1 día después","two":[{"t":"idOrVar","v":"value"}," días después"],"few":[{"t":"idOrVar","v":"value"}," días después"],"many":[{"t":"idOrVar","v":"value"}," días después"],"other":[{"t":"idOrVar","v":"value"}," días después"]},"$x":[{"t":"idOrVar","v":"plural"},"value"]},{"$i":"weeks-after","$v":{"zero":"0 semanas después","one":"1 semana después","two":[{"t":"idOrVar","v":"value"}," semanas después"],"few":[{"t":"idOrVar","v":"value"}," semanas después"],"many":[{"t":"idOrVar","v":"value"}," semanas después"],"other":[{"t":"idOrVar","v":"value"}," semanas después"]},"$x":[{"t":"idOrVar","v":"plural"},"value"]},{"$i":"months-after","$v":{"zero":"0 meses después","one":"1 mes después","two":[{"t":"idOrVar","v":"value"}," meses después"],"few":[{"t":"idOrVar","v":"value"}," meses después"],"many":[{"t":"idOrVar","v":"value"}," meses después"],"other":[{"t":"idOrVar","v":"value"}," meses después"]},"$x":[{"t":"idOrVar","v":"plural"},"value"]},{"$i":"years-after","$v":{"zero":"0 años después","one":"1 año después","two":[{"t":"idOrVar","v":"value"}," años después"],"few":[{"t":"idOrVar","v":"value"}," años después"],"many":[{"t":"idOrVar","v":"value"}," años después"],"other":[{"t":"idOrVar","v":"value"}," años después"]},"$x":[{"t":"idOrVar","v":"plural"},"value"]},{"$i":"hour-format12","$v":"%I %p"},{"$i":"hour-format24","$v":"%H"},{"$i":"week-hour-format12","$v":"%I %p"},{"$i":"week-hour-format24","$v":"%H"},{"$i":"hour-allday","$v":"Todo"},{"$i":"week-day","$v":"%a %e"},{"$i":"current-time12","$v":"%I:%M"},{"$i":"current-time24","$v":"%H:%M"},{"$i":"multi-month-view-header-format","$v":"%b %Y"},{"$i":"day-view-header-format","$v":"%A, %e %b"},{"$i":"months-day-view-header-format","$v":"%A, %b %e"},{"$i":"longDateFormat","$v":"%A, %d %B %Y"},{"$i":"error-start-date-after-end-date","$v":"El evento no puede terminar antes que la fecha inicial"},{"$i":"error-start-time-after-end-time","$v":"El evento no puede terminar antes que la fecha inicial"},{"$i":"error-unauthenticated","$v":"Error de usuario y/o contraseña"},{"$i":"error-internal-server-error","$v":"Error del servidor. Compruebe su usuario y pruebe de nuevo."},{"$i":"error-default","$v":"Algo no salió bien. Pruebe de nuevo pasados unos minutos."},{"$i":"error-offline","$v":"No hay conexión. Compruebe la configuración de red y pruebe de nuevo."},{"$i":"error-account-exist","$v":"Esta cuenta ya existe."},{"$i":"notification-error-sync-title","$v":"Error de sincronización"},{"$i":"notification-error-sync-description","$v":"Pulse para más info"},{"$i":"weekday-0-single-char","$v":"D","ariaLabel":"Domingo"},{"$i":"weekday-1-single-char","$v":"L","ariaLabel":"Lunes"},{"$i":"weekday-2-single-char","$v":"M","ariaLabel":"Martes"},{"$i":"weekday-3-single-char","$v":"X","ariaLabel":"Miércoles"},{"$i":"weekday-4-single-char","$v":"J","ariaLabel":"Jueves"},{"$i":"weekday-5-single-char","$v":"V","ariaLabel":"Viernes"},{"$i":"weekday-6-single-char","$v":"S","ariaLabel":"Sábado"},{"$i":"busy","$v":{"one":[{"t":"idOrVar","v":"n"}," evento"],"two":[{"t":"idOrVar","v":"n"}," eventos"],"few":[{"t":"idOrVar","v":"n"}," eventos"],"many":[{"t":"idOrVar","v":"n"}," eventos"],"other":[{"t":"idOrVar","v":"n"}," eventos"]},"$x":[{"t":"idOrVar","v":"plural"},"n"]},{"$i":"present","ariaLabel":"Hoy"},{"$i":"past-other-month-description","ariaLabel":"Other month"},{"$i":"future-other-month-description","ariaLabel":"Other month"},{"$i":"icon-calendar-alarm","ariaLabel":"Tiene alarma"},{"$i":"calendars","ariaLabel":"Calendarios"},{"$i":"multi-day-new-event-link","ariaLabel":"Agregar evento"},{"$i":"title","ariaLabel":"Título"},{"$i":"location","ariaLabel":"Ubicación"},{"$i":"duration","ariaLabel":"Duración"},{"$i":"calendar","ariaLabel":"Calendario"},{"$i":"alarms","ariaLabel":"Alarmas"},{"$i":"description","ariaLabel":"Descripción"},{"$i":"start-date","ariaLabel":"Fecha inicial"},{"$i":"start-time","ariaLabel":"Hora inicial"},{"$i":"end-date","ariaLabel":"Fecha final"},{"$i":"end-time","ariaLabel":"Hora final"},{"$i":"during-progress-loading","ariaValueText":"Cargando"},{"$i":"all-day","ariaLabel":"Todo el día"},{"$i":"create-event","ariaLabel":"Crear evento"},{"$i":"create-all-day-event","ariaLabel":"Crear evento de todo el día"},{"$i":"event-one-day-duration","ariaLabel":["de ",{"t":"idOrVar","v":"startTime"}," a ",{"t":"idOrVar","v":"endTime"}]},{"$i":"week-event-one-day-duration","ariaLabel":[{"t":"idOrVar","v":"startDate"}," de ",{"t":"idOrVar","v":"startTime"}," a ",{"t":"idOrVar","v":"endTime"}]},{"$i":"event-multiple-day-duration","ariaLabel":["De ",{"t":"idOrVar","v":"startTime"}," ",{"t":"idOrVar","v":"startDate"}," a ",{"t":"idOrVar","v":"endTime"}," ",{"t":"idOrVar","v":"endDate"}]},{"$i":"weekday-0-long","$v":"Domingo"},{"$i":"weekday-1-long","$v":"Lunes"},{"$i":"weekday-2-long","$v":"Martes"},{"$i":"weekday-3-long","$v":"Miércoles"},{"$i":"weekday-4-long","$v":"Jueves"},{"$i":"weekday-5-long","$v":"Viernes"},{"$i":"weekday-6-long","$v":"Sábado"},{"$i":"weekday-0-short","$v":"Dom"},{"$i":"weekday-1-short","$v":"Lun"},{"$i":"weekday-2-short","$v":"Mar"},{"$i":"weekday-3-short","$v":"Mié"},{"$i":"weekday-4-short","$v":"Jue"},{"$i":"weekday-5-short","$v":"Vie"},{"$i":"weekday-6-short","$v":"Sáb"},{"$i":"month-0-long","$v":"enero"},{"$i":"month-1-long","$v":"febrero"},{"$i":"month-2-long","$v":"marzo"},{"$i":"month-3-long","$v":"abril"},{"$i":"month-4-long","$v":"mayo"},{"$i":"month-5-long","$v":"junio"},{"$i":"month-6-long","$v":"julio"},{"$i":"month-7-long","$v":"agosto"},{"$i":"month-8-long","$v":"septiembre"},{"$i":"month-9-long","$v":"octubre"},{"$i":"month-10-long","$v":"noviembre"},{"$i":"month-11-long","$v":"diciembre"},{"$i":"month-0-genitive","$v":"enero"},{"$i":"month-1-genitive","$v":"febrero"},{"$i":"month-2-genitive","$v":"marzo"},{"$i":"month-3-genitive","$v":"abril"},{"$i":"month-4-genitive","$v":"mayo"},{"$i":"month-5-genitive","$v":"junio"},{"$i":"month-6-genitive","$v":"julio"},{"$i":"month-7-genitive","$v":"agosto"},{"$i":"month-8-genitive","$v":"septiembre"},{"$i":"month-9-genitive","$v":"octubre"},{"$i":"month-10-genitive","$v":"noviembre"},{"$i":"month-11-genitive","$v":"diciembre"},{"$i":"month-0-short","$v":"ene"},{"$i":"month-1-short","$v":"feb"},{"$i":"month-2-short","$v":"mar"},{"$i":"month-3-short","$v":"abr"},{"$i":"month-4-short","$v":"may"},{"$i":"month-5-short","$v":"jun"},{"$i":"month-6-short","$v":"jul"},{"$i":"month-7-short","$v":"ago"},{"$i":"month-8-short","$v":"sep"},{"$i":"month-9-short","$v":"oct"},{"$i":"month-10-short","$v":"nov"},{"$i":"month-11-short","$v":"dic"},{"$i":"minutes-ago-long","$v":{"zero":"ahora","one":"hace un minuto","two":["hace ",{"t":"idOrVar","v":"value"}," minutos"],"few":["hace ",{"t":"idOrVar","v":"value"}," minutos"],"many":["hace ",{"t":"idOrVar","v":"value"}," minutos"],"other":["hace ",{"t":"idOrVar","v":"value"}," minutos"]},"$x":[{"t":"idOrVar","v":"plural"},"value"]},{"$i":"hours-ago-long","$v":{"zero":"ahora","one":"hace una hora","two":["hace ",{"t":"idOrVar","v":"value"}," horas"],"few":["hace ",{"t":"idOrVar","v":"value"}," horas"],"many":["hace ",{"t":"idOrVar","v":"value"}," horas"],"other":["hace ",{"t":"idOrVar","v":"value"}," horas"]},"$x":[{"t":"idOrVar","v":"plural"},"value"]},{"$i":"days-ago-long","$v":{"zero":"hoy","one":"ayer","two":["hace ",{"t":"idOrVar","v":"value"}," días"],"few":["hace ",{"t":"idOrVar","v":"value"}," días"],"many":["hace ",{"t":"idOrVar","v":"value"}," días"],"other":["hace ",{"t":"idOrVar","v":"value"}," días"]},"$x":[{"t":"idOrVar","v":"plural"},"value"]},{"$i":"weeks-ago-long","$v":{"zero":"esta semana","one":"la semana pasada","two":["hace ",{"t":"idOrVar","v":"value"}," semanas"],"few":["hace ",{"t":"idOrVar","v":"value"}," semanas"],"many":["hace ",{"t":"idOrVar","v":"value"}," semanas"],"other":["hace ",{"t":"idOrVar","v":"value"}," semanas"]},"$x":[{"t":"idOrVar","v":"plural"},"value"]},{"$i":"months-ago-long","$v":{"zero":"este mes","one":"el último mes","two":["hace ",{"t":"idOrVar","v":"value"}," meses"],"few":["hace ",{"t":"idOrVar","v":"value"}," meses"],"many":["hace ",{"t":"idOrVar","v":"value"}," meses"],"other":["hace ",{"t":"idOrVar","v":"value"}," meses"]},"$x":[{"t":"idOrVar","v":"plural"},"value"]},{"$i":"years-ago-long","$v":{"zero":"este año","one":"último año","two":["hace ",{"t":"idOrVar","v":"value"}," años"],"few":["hace ",{"t":"idOrVar","v":"value"}," años"],"many":["hace ",{"t":"idOrVar","v":"value"}," años"],"other":["hace ",{"t":"idOrVar","v":"value"}," años"]},"$x":[{"t":"idOrVar","v":"plural"},"value"]},{"$i":"minutes-until-long","$v":{"zero":"ahora","one":"en un minuto","two":["en ",{"t":"idOrVar","v":"value"}," minutos"],"few":["en ",{"t":"idOrVar","v":"value"}," minutos"],"many":["en ",{"t":"idOrVar","v":"value"}," minutos"],"other":["en ",{"t":"idOrVar","v":"value"}," minutos"]},"$x":[{"t":"idOrVar","v":"plural"},"value"]},{"$i":"hours-until-long","$v":{"zero":"ahora","one":"en una hora","two":["en ",{"t":"idOrVar","v":"value"}," horas"],"few":["en ",{"t":"idOrVar","v":"value"}," horas"],"many":["en ",{"t":"idOrVar","v":"value"}," horas"],"other":["en ",{"t":"idOrVar","v":"value"}," horas"]},"$x":[{"t":"idOrVar","v":"plural"},"value"]},{"$i":"days-until-long","$v":{"zero":"hoy","one":"mañana","two":["en ",{"t":"idOrVar","v":"value"}," días"],"few":["en ",{"t":"idOrVar","v":"value"}," días"],"many":["en ",{"t":"idOrVar","v":"value"}," días"],"other":["en ",{"t":"idOrVar","v":"value"}," días"]},"$x":[{"t":"idOrVar","v":"plural"},"value"]},{"$i":"weeks-until-long","$v":{"zero":"esta semana","one":"la próxima semana","two":["en ",{"t":"idOrVar","v":"value"}," semanas"],"few":["en ",{"t":"idOrVar","v":"value"}," semanas"],"many":["en ",{"t":"idOrVar","v":"value"}," semanas"],"other":["en ",{"t":"idOrVar","v":"value"}," semanas"]},"$x":[{"t":"idOrVar","v":"plural"},"value"]},{"$i":"months-until-long","$v":{"zero":"este mes","one":"próximo mes","two":["en ",{"t":"idOrVar","v":"value"}," meses"],"few":["en ",{"t":"idOrVar","v":"value"}," meses"],"many":["en ",{"t":"idOrVar","v":"value"}," meses"],"other":["en ",{"t":"idOrVar","v":"value"}," meses"]},"$x":[{"t":"idOrVar","v":"plural"},"value"]},{"$i":"years-until-long","$v":{"zero":"este año","one":"próximo año","two":["en ",{"t":"idOrVar","v":"value"}," años"],"few":["en ",{"t":"idOrVar","v":"value"}," años"],"many":["en ",{"t":"idOrVar","v":"value"}," años"],"other":["en ",{"t":"idOrVar","v":"value"}," años"]},"$x":[{"t":"idOrVar","v":"plural"},"value"]},{"$i":"minutes-ago-short","$v":{"zero":"ahora","other":["hace ",{"t":"idOrVar","v":"value"}," m"]},"$x":[{"t":"idOrVar","v":"plural"},"value"]},{"$i":"hours-ago-short","$v":{"zero":"ahora","other":["hace ",{"t":"idOrVar","v":"value"}," h"]},"$x":[{"t":"idOrVar","v":"plural"},"value"]},{"$i":"days-ago-short","$v":{"zero":"hoy","other":["hace ",{"t":"idOrVar","v":"value"}," d"]},"$x":[{"t":"idOrVar","v":"plural"},"value"]},{"$i":"minutes-until-short","$v":{"zero":"ahora","other":["en ",{"t":"idOrVar","v":"value"}," m"]},"$x":[{"t":"idOrVar","v":"plural"},"value"]},{"$i":"hours-until-short","$v":{"zero":"ahora","other":["en ",{"t":"idOrVar","v":"value"}," h"]},"$x":[{"t":"idOrVar","v":"plural"},"value"]},{"$i":"days-until-short","$v":{"zero":"hoy","other":["en ",{"t":"idOrVar","v":"value"}," d"]},"$x":[{"t":"idOrVar","v":"plural"},"value"]},{"$i":"incorrectDate","$v":"(fecha incorrecta)"},{"$i":"dateTimeFormat_%c","$v":"%a, %e de %b, %Y %H:%M:%S"},{"$i":"dateTimeFormat_%x","$v":"%d/%m/%Y"},{"$i":"dateTimeFormat_%X","$v":"%H:%M:%S"},{"$i":"shortTimeFormat","$v":"%H:%M"},{"$i":"shortTimeFormat12","$v":"%H:%M"},{"$i":"shortTimeFormat24","$v":"%H:%M"},{"$i":"shortDateTimeFormat","$v":"%x %H:%M"},{"$i":"weekStartsOnMonday","$v":"1"},{"$i":"firstDayOfTheWeek","$v":"1"},{"$i":"time_am","$v":"AM"},{"$i":"time_pm","$v":"PM"}]