[{"$i":"back","$v":"Atzera"},{"$i":"save","$v":"Gorde"},{"$i":"hide","$v":"Ezkutatu"},{"$i":"cancel","$v":"Utzi"},{"$i":"confirm","$v":"Berretsi"},{"$i":"done","$v":"Eginda"},{"$i":"events","$v":"Gertaerak"},{"$i":"edit","$v":"Editatu"},{"$i":"allday-events","$v":"Egun osoko gertaerak"},{"$i":"no-events","$v":"Gertaerarik ez"},{"$i":"show-today","$v":"Gaur"},{"$i":"show-month-view","$v":"Hilabetea"},{"$i":"show-week-view","$v":"Astea"},{"$i":"show-day-view","$v":"Eguna"},{"$i":"settings-show","$v":"Ezarpenak"},{"$i":"settings-hide","$v":"Ezkutatu ezarpenak"},{"$i":"add-account","$v":"Gehitu kontua"},{"$i":"new-event","$v":"Gehitu gertaera"},{"$i":"view-event-header","$v":"Gertaera"},{"$i":"new-event-header","$v":"Gehitu gertaera"},{"$i":"edit-event-header","$v":"Editatu gertaera"},{"$i":"account-header","$v":"Kontua"},{"$i":"account-list-header","$v":"Kontuak"},{"$i":"advanced-settings-short-icon-button","ariaLabel":"Ezarpenak"},{"$i":"advanced-settings-header","$v":"Egutegi-ezarpenak"},{"$i":"advanced-settings-personalization","$v":"Pertsonalizazioa"},{"$i":"advanced-settings-reminders","$v":"Gogorarazleak"},{"$i":"advanced-settings-add-account","$v":"Gehitu kontua"},{"$i":"field-user","placeholder":"Erabiltzaile-izena"},{"$i":"field-password","placeholder":"Pasahitza"},{"$i":"field-full-url","placeholder":"URLa"},{"$i":"modify-account-setting-up","$v":"Itxoin zure kontua konfiguratu bitartean"},{"$i":"modify-account-unable-to-sync","$v":"Ezin da sinkronizatu"},{"$i":"modify-account-sign-in","$v":"Hasi saioa"},{"$i":"preset-caldav","$v":"CalDav"},{"$i":"preset-yahoo","$v":"Yahoo!"},{"$i":"preset-google","$v":"Google"},{"$i":"preset-local","$v":"Offline egutegia"},{"$i":"preset-mozilla","$v":"Mozilla Zimbra"},{"$i":"calendar-local","$v":"Offline egutegia"},{"$i":"event-title","placeholder":"Izenburua"},{"$i":"event-location","placeholder":"Non?"},{"$i":"event-description","placeholder":"Oharrak"},{"$i":"event-is-allday","$v":"Egun osoko gertaera?"},{"$i":"event-start-date","placeholder":"Hasiera-data"},{"$i":"event-end-date","placeholder":"Amaiera-data"},{"$i":"event-start-time","placeholder":"Hasiera-ordua"},{"$i":"event-end-time","placeholder":"Amaiera-ordua"},{"$i":"event-delete","$v":"Ezabatu gertaera"},{"$i":"remove-account-data","$v":"Kendu datu lokalak"},{"$i":"remove-account-dialog","$v":"Kendu kontua"},{"$i":"remove-account-dialog-details","$v":"Kontu hau kentzean zurekin lotutako egutegi eta gertaeren kopia lokalak ere kenduko dira."},{"$i":"drawer-sync-icon-button","ariaLabel":"Sinkr."},{"$i":"sync-progress-syncing","ariaValueText":"Sinkronizazioa"},{"$i":"sync-progress-complete","ariaValueText":"Sinkronizazioa osatu da"},{"$i":"sync-frequency","$v":"Sinkr. egutegia"},{"$i":"sync-frequency-15min","$v":"15 min"},{"$i":"sync-frequency-30min","$v":"30 min"},{"$i":"sync-frequency-manual","$v":"Eskuz"},{"$i":"one-day-duration","$v":[{"t":"idOrVar","v":"startDate"},"<br>hasi: ",{"t":"idOrVar","v":"startTime"},", bukatu: ",{"t":"idOrVar","v":"endDate"}]},{"$i":"multiple-day-duration","$v":["Hasi: ",{"t":"idOrVar","v":"startTime"}," ",{"t":"idOrVar","v":"startDate"},"<br>bukatu: ",{"t":"idOrVar","v":"endTime"}," ",{"t":"idOrVar","v":"endDate"}]},{"$i":"one-all-day-duration","$v":["Egun osoa<br>",{"t":"idOrVar","v":"startDate"}]},{"$i":"multiple-all-day-duration","$v":["Egun osoa, hasi: ",{"t":"idOrVar","v":"startDate"},"<br>bukatu: ",{"t":"idOrVar","v":"endDate"}]},{"$i":"none","$v":"Bat ere ez"},{"$i":"reminder","$v":"Gogorarazlea:"},{"$i":"remind-me","$v":"Gogora iezadazu"},{"$i":"alarm-at-event-standard","$v":"Gertaeraren orduan"},{"$i":"alarm-at-event-allday","$v":"Gertaeraren egunean"},{"$i":"alarm-start-notice","$v":[{"t":"idOrVar","v":"title"}," ",{"t":"idOrVar","v":"distance"}," hasiko da"]},{"$i":"alarm-started-notice","$v":[{"t":"idOrVar","v":"title"}," hasita ",{"t":"idOrVar","v":"distance"}]},{"$i":"minutes-before","$v":{"zero":"0 minutu lehenago","one":"Minutu bat lehenago","two":[{"t":"idOrVar","v":"value"}," minutu lehenago"],"few":[{"t":"idOrVar","v":"value"}," minutu lehenago"],"many":[{"t":"idOrVar","v":"value"}," minutu lehenago"],"other":[{"t":"idOrVar","v":"value"}," minutu lehenago"]},"$x":[{"t":"idOrVar","v":"plural"},"value"]},{"$i":"hours-before","$v":{"zero":"0 ordu lehenago","one":"Ordubete lehenago","two":[{"t":"idOrVar","v":"value"}," ordu lehenago"],"few":[{"t":"idOrVar","v":"value"}," ordu lehenago"],"many":[{"t":"idOrVar","v":"value"}," ordu lehenago"],"other":[{"t":"idOrVar","v":"value"}," ordu lehenago"]},"$x":[{"t":"idOrVar","v":"plural"},"value"]},{"$i":"days-before","$v":{"zero":"0 egun lehenago","one":"Egun bat lehenago","two":[{"t":"idOrVar","v":"value"}," egun lehenago"],"few":[{"t":"idOrVar","v":"value"}," egun lehenago"],"many":[{"t":"idOrVar","v":"value"}," egun lehenago"],"other":[{"t":"idOrVar","v":"value"}," egun lehenago"]},"$x":[{"t":"idOrVar","v":"plural"},"value"]},{"$i":"weeks-before","$v":{"zero":"0 aste lehenago","one":"Astebete lehenago","two":[{"t":"idOrVar","v":"value"}," aste lehenago"],"few":[{"t":"idOrVar","v":"value"}," aste lehenago"],"many":[{"t":"idOrVar","v":"value"}," aste lehenago"],"other":[{"t":"idOrVar","v":"value"}," aste lehenago"]},"$x":[{"t":"idOrVar","v":"plural"},"value"]},{"$i":"months-before","$v":{"zero":"0 hilabete lehenago","one":"Hilabete lehenago","two":[{"t":"idOrVar","v":"value"}," hilabete lehenago"],"few":[{"t":"idOrVar","v":"value"}," hilabete lehenago"],"many":[{"t":"idOrVar","v":"value"}," hilabete lehenago"],"other":[{"t":"idOrVar","v":"value"}," hilabete lehenago"]},"$x":[{"t":"idOrVar","v":"plural"},"value"]},{"$i":"years-before","$v":{"zero":"0 urte lehenago","one":"Urtebete lehenago","two":[{"t":"idOrVar","v":"value"}," urte lehenago"],"few":[{"t":"idOrVar","v":"value"}," urte lehenago"],"many":[{"t":"idOrVar","v":"value"}," urte lehenago"],"other":[{"t":"idOrVar","v":"value"}," urte lehenago"]},"$x":[{"t":"idOrVar","v":"plural"},"value"]},{"$i":"minutes-after","$v":{"zero":"0 minutu geroago","one":"Minutu bat geroago ","two":[{"t":"idOrVar","v":"value"}," minutu geroago"],"few":[{"t":"idOrVar","v":"value"}," minutu geroago"],"many":[{"t":"idOrVar","v":"value"}," minutu geroago"],"other":[{"t":"idOrVar","v":"value"}," minutu geroago"]},"$x":[{"t":"idOrVar","v":"plural"},"value"]},{"$i":"hours-after","$v":{"zero":"0 ordu geroago","one":"Ordubete geroago","two":[{"t":"idOrVar","v":"value"}," ordu geroago"],"few":[{"t":"idOrVar","v":"value"}," ordu geroago"],"many":[{"t":"idOrVar","v":"value"}," ordu geroago"],"other":[{"t":"idOrVar","v":"value"}," ordu geroago"]},"$x":[{"t":"idOrVar","v":"plural"},"value"]},{"$i":"days-after","$v":{"zero":"0 egun geroago","one":"Egun bat geroago","two":[{"t":"idOrVar","v":"value"}," egun geroago"],"few":[{"t":"idOrVar","v":"value"}," egun geroago"],"many":[{"t":"idOrVar","v":"value"}," egun geroago"],"other":[{"t":"idOrVar","v":"value"}," egun geroago"]},"$x":[{"t":"idOrVar","v":"plural"},"value"]},{"$i":"weeks-after","$v":{"zero":"0 aste geroago","one":"Astebete geroago","two":[{"t":"idOrVar","v":"value"}," aste geroago"],"few":[{"t":"idOrVar","v":"value"}," aste geroago"],"many":[{"t":"idOrVar","v":"value"}," aste geroago"],"other":[{"t":"idOrVar","v":"value"}," aste geroago"]},"$x":[{"t":"idOrVar","v":"plural"},"value"]},{"$i":"months-after","$v":{"zero":"0 hilabete geroago","one":"Hilabete geroago","two":[{"t":"idOrVar","v":"value"}," hilabete geroago"],"few":[{"t":"idOrVar","v":"value"}," hilabete geroago"],"many":[{"t":"idOrVar","v":"value"}," hilabete geroago"],"other":[{"t":"idOrVar","v":"value"}," hilabete geroago"]},"$x":[{"t":"idOrVar","v":"plural"},"value"]},{"$i":"years-after","$v":{"zero":"0 urte geroago","one":"Urtebete geroago","two":[{"t":"idOrVar","v":"value"}," urte geroago"],"few":[{"t":"idOrVar","v":"value"}," urte geroago"],"many":[{"t":"idOrVar","v":"value"}," urte geroago"],"other":[{"t":"idOrVar","v":"value"}," urte geroago "]},"$x":[{"t":"idOrVar","v":"plural"},"value"]},{"$i":"hour-format12","$v":"%I %p"},{"$i":"hour-format24","$v":"%H"},{"$i":"week-hour-format12","$v":"%I %p"},{"$i":"week-hour-format24","$v":"%H"},{"$i":"hour-allday","$v":"Egun osoa"},{"$i":"week-day","$v":"%a %e"},{"$i":"current-time12","$v":"%H:%M"},{"$i":"current-time24","$v":"%H:%M"},{"$i":"multi-month-view-header-format","$v":"%Y.eko %B"},{"$i":"day-view-header-format","$v":"%A, %Bk %e"},{"$i":"months-day-view-header-format","$v":"%A, %b %e"},{"$i":"longDateFormat","$v":"%A, %Y.eko %Bren %da"},{"$i":"error-start-date-after-end-date","$v":"Gertaera ezin da hasiera-data baino lehen amaitu"},{"$i":"error-start-time-after-end-time","$v":"Gertaera ezin da hasiera-ordua baino lehen amaitu"},{"$i":"error-unauthenticated","$v":"Erabiltzaile-izen eta/edo pasahitz okerrak"},{"$i":"error-internal-server-error","$v":"Zerbitzariaren errorea. Egiaztatu erabiltzaile-izena eta saiatu berriro."},{"$i":"error-default","$v":"Zerbait oker dago. Saiatu berriro geroago."},{"$i":"error-offline","$v":"Konexiorik ez. Egiaztatu sare-konfigurazioa eta saiatu berriro."},{"$i":"error-account-exist","$v":"Kontu hau badago lehendik ere."},{"$i":"notification-error-sync-title","$v":"Errorea egutegia sinkronizatzean"},{"$i":"notification-error-sync-description","$v":"Sakatu informazio gehiagorako"},{"$i":"weekday-0-single-char","$v":"I","ariaLabel":"Igandea"},{"$i":"weekday-1-single-char","$v":"A","ariaLabel":"Astelehena"},{"$i":"weekday-2-single-char","$v":"A","ariaLabel":"Asteartea"},{"$i":"weekday-3-single-char","$v":"A","ariaLabel":"Asteazkena"},{"$i":"weekday-4-single-char","$v":"O","ariaLabel":"Osteguna"},{"$i":"weekday-5-single-char","$v":"O","ariaLabel":"Ostirala"},{"$i":"weekday-6-single-char","$v":"L","ariaLabel":"Larunbata"},{"$i":"busy","$v":{"one":["Gertaera ",{"t":"idOrVar","v":"n"}],"two":[{"t":"idOrVar","v":"n"}," gertaera"],"few":[{"t":"idOrVar","v":"n"}," gertaera"],"many":[{"t":"idOrVar","v":"n"}," gertaera"],"other":[{"t":"idOrVar","v":"n"}," gertaera"]},"$x":[{"t":"idOrVar","v":"plural"},"n"]},{"$i":"present","ariaLabel":"Gaur"},{"$i":"past-other-month-description","ariaLabel":"Other month"},{"$i":"future-other-month-description","ariaLabel":"Other month"},{"$i":"icon-calendar-alarm","ariaLabel":"Alarma dauka"},{"$i":"calendars","ariaLabel":"Egutegiak"},{"$i":"multi-day-new-event-link","ariaLabel":"Gehitu gertaera"},{"$i":"title","ariaLabel":"Izenburua"},{"$i":"location","ariaLabel":"Kokapena"},{"$i":"duration","ariaLabel":"Iraupena"},{"$i":"calendar","ariaLabel":"Egutegia"},{"$i":"alarms","ariaLabel":"Alarmak"},{"$i":"description","ariaLabel":"Deskribapena"},{"$i":"start-date","ariaLabel":"Hasiera-data"},{"$i":"start-time","ariaLabel":"Hasiera-ordua"},{"$i":"end-date","ariaLabel":"Amaiera-data"},{"$i":"end-time","ariaLabel":"Amaiera-ordua"},{"$i":"during-progress-loading","ariaValueText":"Kargatzen"},{"$i":"all-day","ariaLabel":"Egun osoa"},{"$i":"create-event","ariaLabel":"Sortu gertaera"},{"$i":"create-all-day-event","ariaLabel":"Sortu egun osoko gertaera"},{"$i":"event-one-day-duration","ariaLabel":["hasi: ",{"t":"idOrVar","v":"startTime"},", bukatu: ",{"t":"idOrVar","v":"endTime"}," "]},{"$i":"week-event-one-day-duration","ariaLabel":[{"t":"idOrVar","v":"startDate"},", hasi: ",{"t":"idOrVar","v":"startTime"},", bukatu: ",{"t":"idOrVar","v":"endTime"}]},{"$i":"event-multiple-day-duration","ariaLabel":["Hasi: ",{"t":"idOrVar","v":"startTime"}," ",{"t":"idOrVar","v":"startDate"},", bukatu: ",{"t":"idOrVar","v":"endTime"}," ",{"t":"idOrVar","v":"endDate"}]},{"$i":"weekday-0-long","$v":"Igandea"},{"$i":"weekday-1-long","$v":"Astelehena"},{"$i":"weekday-2-long","$v":"Asteartea"},{"$i":"weekday-3-long","$v":"Asteazkena"},{"$i":"weekday-4-long","$v":"Osteguna"},{"$i":"weekday-5-long","$v":"Ostirala"},{"$i":"weekday-6-long","$v":"Larunbata"},{"$i":"weekday-0-short","$v":"Ig."},{"$i":"weekday-1-short","$v":"Al."},{"$i":"weekday-2-short","$v":"Ar."},{"$i":"weekday-3-short","$v":"Az."},{"$i":"weekday-4-short","$v":"Og."},{"$i":"weekday-5-short","$v":"Or."},{"$i":"weekday-6-short","$v":"Lr."},{"$i":"month-0-long","$v":"Urtarrila"},{"$i":"month-1-long","$v":"Otsaila"},{"$i":"month-2-long","$v":"Martxoa"},{"$i":"month-3-long","$v":"Apirila"},{"$i":"month-4-long","$v":"Maiatza"},{"$i":"month-5-long","$v":"Ekaina"},{"$i":"month-6-long","$v":"Uztaila"},{"$i":"month-7-long","$v":"Abuztua"},{"$i":"month-8-long","$v":"Iraila"},{"$i":"month-9-long","$v":"Urria"},{"$i":"month-10-long","$v":"Azaroa"},{"$i":"month-11-long","$v":"Abendua"},{"$i":"month-0-genitive","$v":"Urtarrilaren"},{"$i":"month-1-genitive","$v":"Otsailaren"},{"$i":"month-2-genitive","$v":"Martxoaren"},{"$i":"month-3-genitive","$v":"Apirilaren"},{"$i":"month-4-genitive","$v":"Maiatzaren"},{"$i":"month-5-genitive","$v":"Ekainaren"},{"$i":"month-6-genitive","$v":"Uztailaren"},{"$i":"month-7-genitive","$v":"Abuztuaren"},{"$i":"month-8-genitive","$v":"Irailaren"},{"$i":"month-9-genitive","$v":"Urriaren"},{"$i":"month-10-genitive","$v":"Azaroaren"},{"$i":"month-11-genitive","$v":"Abenduaren"},{"$i":"month-0-short","$v":"urt."},{"$i":"month-1-short","$v":"ots."},{"$i":"month-2-short","$v":"mar."},{"$i":"month-3-short","$v":"api."},{"$i":"month-4-short","$v":"mai."},{"$i":"month-5-short","$v":"eka."},{"$i":"month-6-short","$v":"uzt."},{"$i":"month-7-short","$v":"abu."},{"$i":"month-8-short","$v":"ira."},{"$i":"month-9-short","$v":"urr."},{"$i":"month-10-short","$v":"aza."},{"$i":"month-11-short","$v":"abe."},{"$i":"minutes-ago-long","$v":{"zero":"orain","one":"duela minutu bat","two":["duela ",{"t":"idOrVar","v":"value"}," minutu"],"few":["duela ",{"t":"idOrVar","v":"value"}," minutu"],"many":["duela ",{"t":"idOrVar","v":"value"}," minutu"],"other":["duela ",{"t":"idOrVar","v":"value"}," minutu"]},"$x":[{"t":"idOrVar","v":"plural"},"value"]},{"$i":"hours-ago-long","$v":{"zero":"orain","one":"duela ordubete","two":["duela ",{"t":"idOrVar","v":"value"}," ordu"],"few":["duela ",{"t":"idOrVar","v":"value"}," ordu"],"many":["duela ",{"t":"idOrVar","v":"value"}," ordu"],"other":["duela ",{"t":"idOrVar","v":"value"}," ordu"]},"$x":[{"t":"idOrVar","v":"plural"},"value"]},{"$i":"days-ago-long","$v":{"zero":"gaur","one":"atzo","two":"herenegun","few":["duela ",{"t":"idOrVar","v":"value"}," egun"],"many":["duela ",{"t":"idOrVar","v":"value"}," egun"],"other":["duela ",{"t":"idOrVar","v":"value"}," egun"]},"$x":[{"t":"idOrVar","v":"plural"},"value"]},{"$i":"weeks-ago-long","$v":{"zero":"aste honetan","one":"azken astean","two":["duela ",{"t":"idOrVar","v":"value"}," aste"],"few":["duela ",{"t":"idOrVar","v":"value"}," aste"],"many":["duela ",{"t":"idOrVar","v":"value"}," aste"],"other":["duela ",{"t":"idOrVar","v":"value"}," aste"]},"$x":[{"t":"idOrVar","v":"plural"},"value"]},{"$i":"months-ago-long","$v":{"zero":"hilabete honetan","one":"azken hilabetean","two":["duela ",{"t":"idOrVar","v":"value"}," hilabete"],"few":["duela ",{"t":"idOrVar","v":"value"}," hilabete"],"many":["duela ",{"t":"idOrVar","v":"value"}," hilabete"],"other":["duela ",{"t":"idOrVar","v":"value"}," hilabete"]},"$x":[{"t":"idOrVar","v":"plural"},"value"]},{"$i":"years-ago-long","$v":{"zero":"aurten","one":"iaz","two":["duela ",{"t":"idOrVar","v":"value"}," urte"],"few":["duela ",{"t":"idOrVar","v":"value"}," urte"],"many":["duela ",{"t":"idOrVar","v":"value"}," urte"],"other":["duela ",{"t":"idOrVar","v":"value"}," urte"]},"$x":[{"t":"idOrVar","v":"plural"},"value"]},{"$i":"minutes-until-long","$v":{"zero":"orain","one":"minutu barru","two":[{"t":"idOrVar","v":"value"}," minutu barru"],"few":[{"t":"idOrVar","v":"value"}," minutu barru"],"many":[{"t":"idOrVar","v":"value"}," minutu barru"],"other":[{"t":"idOrVar","v":"value"}," minutu barru"]},"$x":[{"t":"idOrVar","v":"plural"},"value"]},{"$i":"hours-until-long","$v":{"zero":"orain","one":"ordubete barru","two":[{"t":"idOrVar","v":"value"}," ordu barru"],"few":[{"t":"idOrVar","v":"value"}," ordu barru"],"many":[{"t":"idOrVar","v":"value"}," ordu barru"],"other":[{"t":"idOrVar","v":"value"}," ordu barru"]},"$x":[{"t":"idOrVar","v":"plural"},"value"]},{"$i":"days-until-long","$v":{"zero":"gaur","one":"bihar","two":"etzi","few":[{"t":"idOrVar","v":"value"}," egun barru"],"many":[{"t":"idOrVar","v":"value"}," egun barru"],"other":[{"t":"idOrVar","v":"value"}," egun barru"]},"$x":[{"t":"idOrVar","v":"plural"},"value"]},{"$i":"weeks-until-long","$v":{"zero":"aste honetan","one":"hurrengo astean","two":[{"t":"idOrVar","v":"value"}," aste barru"],"few":[{"t":"idOrVar","v":"value"}," aste barru"],"many":[{"t":"idOrVar","v":"value"}," aste barru"],"other":[{"t":"idOrVar","v":"value"}," aste barru"]},"$x":[{"t":"idOrVar","v":"plural"},"value"]},{"$i":"months-until-long","$v":{"zero":"hil honetan","one":"hurrengo hilean","two":[{"t":"idOrVar","v":"value"}," hilabete barru"],"few":[{"t":"idOrVar","v":"value"}," hilabete barru"],"many":[{"t":"idOrVar","v":"value"}," hilabete barru"],"other":[{"t":"idOrVar","v":"value"}," hilabete barru"]},"$x":[{"t":"idOrVar","v":"plural"},"value"]},{"$i":"years-until-long","$v":{"zero":"aurten","one":"hurrengo urtean","two":[{"t":"idOrVar","v":"value"}," urte barru"],"few":[{"t":"idOrVar","v":"value"}," urte barru"],"many":[{"t":"idOrVar","v":"value"}," urte barru"],"other":[{"t":"idOrVar","v":"value"}," urte barru"]},"$x":[{"t":"idOrVar","v":"plural"},"value"]},{"$i":"minutes-ago-short","$v":{"zero":"orain","other":["duela ",{"t":"idOrVar","v":"value"},"m"]},"$x":[{"t":"idOrVar","v":"plural"},"value"]},{"$i":"hours-ago-short","$v":{"zero":"orain","other":["duela ",{"t":"idOrVar","v":"value"},"h"]},"$x":[{"t":"idOrVar","v":"plural"},"value"]},{"$i":"days-ago-short","$v":{"zero":"gaur","other":["duela ",{"t":"idOrVar","v":"value"},"eg."]},"$x":[{"t":"idOrVar","v":"plural"},"value"]},{"$i":"minutes-until-short","$v":{"zero":"orain","other":[{"t":"idOrVar","v":"value"},"m barru"]},"$x":[{"t":"idOrVar","v":"plural"},"value"]},{"$i":"hours-until-short","$v":{"zero":"orain","other":[{"t":"idOrVar","v":"value"},"h barru"]},"$x":[{"t":"idOrVar","v":"plural"},"value"]},{"$i":"days-until-short","$v":{"zero":"gaur","other":[{"t":"idOrVar","v":"value"},"eg. barru"]},"$x":[{"t":"idOrVar","v":"plural"},"value"]},{"$i":"incorrectDate","$v":"(data okerra)"},{"$i":"dateTimeFormat_%c","$v":"%a, %Y.eko %Bren %ea %H:%M:%S"},{"$i":"dateTimeFormat_%x","$v":"%Y/%m/%d"},{"$i":"dateTimeFormat_%X","$v":"%H:%M:%S"},{"$i":"shortTimeFormat","$v":"%I:%M %p"},{"$i":"shortTimeFormat12","$v":"%I:%M %p"},{"$i":"shortTimeFormat24","$v":"%H:%M"},{"$i":"shortDateTimeFormat","$v":"%x %H:%M"},{"$i":"weekStartsOnMonday","$v":"1"},{"$i":"firstDayOfTheWeek","$v":"1"},{"$i":"time_am","$v":"AM"},{"$i":"time_pm","$v":"PM"}]