[{"$i":"back","$v":"Atrás"},{"$i":"save","$v":"Gardar"},{"$i":"hide","$v":"Agochar"},{"$i":"cancel","$v":"Cancelar"},{"$i":"confirm","$v":"Confirmar"},{"$i":"done","$v":"Feito"},{"$i":"events","$v":"Eventos"},{"$i":"edit","$v":"Editar"},{"$i":"allday-events","$v":"Eventos para todo o día"},{"$i":"no-events","$v":"Sen eventos"},{"$i":"show-today","$v":"Hoxe"},{"$i":"show-month-view","$v":"Mes"},{"$i":"show-week-view","$v":"Semana"},{"$i":"show-day-view","$v":"Día"},{"$i":"settings-show","$v":"Axustes"},{"$i":"settings-hide","$v":"Agochar os axustes"},{"$i":"add-account","$v":"Engadir unha conta"},{"$i":"new-event","$v":"Engadir evento"},{"$i":"view-event-header","$v":"Evento"},{"$i":"new-event-header","$v":"Engadir evento"},{"$i":"edit-event-header","$v":"Editar evento"},{"$i":"account-header","$v":"Conta"},{"$i":"account-list-header","$v":"Contas"},{"$i":"advanced-settings-short-icon-button","ariaLabel":"Settings"},{"$i":"advanced-settings-header","$v":"Axustes"},{"$i":"advanced-settings-personalization","$v":"Personalización"},{"$i":"advanced-settings-reminders","$v":"Avisos"},{"$i":"advanced-settings-add-account","$v":"Engadir conta"},{"$i":"field-user","placeholder":"Nome de usuario"},{"$i":"field-password","placeholder":"Contrasinal"},{"$i":"field-full-url","placeholder":"URL"},{"$i":"modify-account-setting-up","$v":"Agarde mentres se configura a súa conta"},{"$i":"modify-account-unable-to-sync","$v":"Foi imposíbel sincronizar"},{"$i":"modify-account-sign-in","$v":"Identificarse"},{"$i":"preset-caldav","$v":"CalDav"},{"$i":"preset-yahoo","$v":"Yahoo!"},{"$i":"preset-google","$v":"Google"},{"$i":"preset-local","$v":"Calendario interno"},{"$i":"preset-mozilla","$v":"Mozilla Zimbra"},{"$i":"calendar-local","$v":"Calendario interno"},{"$i":"event-title","placeholder":"Título"},{"$i":"event-location","placeholder":"Onde?"},{"$i":"event-description","placeholder":"Notas"},{"$i":"event-is-allday","$v":"Evento para todo o día?"},{"$i":"event-start-date","placeholder":"Data de inicio"},{"$i":"event-end-date","placeholder":"Data de remate"},{"$i":"event-start-time","placeholder":"Hora de inicio"},{"$i":"event-end-time","placeholder":"Hora de remate"},{"$i":"event-delete","$v":"Eliminar evento"},{"$i":"remove-account-data","$v":"Retirar data local"},{"$i":"remove-account-dialog","$v":"Retirar conta"},{"$i":"remove-account-dialog-details","$v":"Retirando esta conta tamén retirará a copia local dos seus calendarios e eventos."},{"$i":"drawer-sync-icon-button","ariaLabel":"Sync"},{"$i":"sync-progress-syncing","ariaValueText":"Syncing"},{"$i":"sync-progress-complete","ariaValueText":"Syncing complete"},{"$i":"sync-frequency","$v":"Sincronizar calendario"},{"$i":"sync-frequency-15min","$v":"15 min"},{"$i":"sync-frequency-30min","$v":"30 min"},{"$i":"sync-frequency-manual","$v":"Manualmente"},{"$i":"one-day-duration","$v":["O ",{"t":"idOrVar","v":"startDate"},"<br>de ",{"t":"idOrVar","v":"startTime"}," a ",{"t":"idOrVar","v":"endTime"}]},{"$i":"multiple-day-duration","$v":["Dende as ",{"t":"idOrVar","v":"startTime"}," do ",{"t":"idOrVar","v":"startDate"},"<br>ata as ",{"t":"idOrVar","v":"endTime"}," do ",{"t":"idOrVar","v":"endDate"}]},{"$i":"one-all-day-duration","$v":["Todo o día<br>",{"t":"idOrVar","v":"startDate"}]},{"$i":"multiple-all-day-duration","$v":["Todo o día dende o ",{"t":"idOrVar","v":"startDate"},"<br>ata o ",{"t":"idOrVar","v":"endDate"}]},{"$i":"none","$v":"Ningún"},{"$i":"reminder","$v":"Recordatorio:"},{"$i":"remind-me","$v":"Lembrarmo"},{"$i":"alarm-at-event-standard","$v":"Á hora do evento"},{"$i":"alarm-at-event-allday","$v":"O día do evento"},{"$i":"alarm-start-notice","$v":[{"t":"idOrVar","v":"title"}," iniciando ",{"t":"idOrVar","v":"distance"}]},{"$i":"alarm-started-notice","$v":[{"t":"idOrVar","v":"title"}," iniciouse ",{"t":"idOrVar","v":"distance"}]},{"$i":"minutes-before","$v":{"zero":"0 minutos antes","one":"1 minuto antes","two":[{"t":"idOrVar","v":"value"}," minutos antes"],"few":[{"t":"idOrVar","v":"value"}," minutos antes"],"many":[{"t":"idOrVar","v":"value"}," minutos antes"],"other":[{"t":"idOrVar","v":"value"}," minutos antes"]},"$x":[{"t":"idOrVar","v":"plural"},"value"]},{"$i":"hours-before","$v":{"zero":"0 horas antes","one":"1 hora antes","two":[{"t":"idOrVar","v":"value"}," horas antes"],"few":[{"t":"idOrVar","v":"value"}," horas antes"],"many":[{"t":"idOrVar","v":"value"}," horas antes"],"other":[{"t":"idOrVar","v":"value"}," horas antes"]},"$x":[{"t":"idOrVar","v":"plural"},"value"]},{"$i":"days-before","$v":{"zero":"0 días antes","one":"1 día antes","two":[{"t":"idOrVar","v":"value"}," días antes"],"few":[{"t":"idOrVar","v":"value"}," días antes"],"many":[{"t":"idOrVar","v":"value"}," días antes"],"other":[{"t":"idOrVar","v":"value"}," días antes"]},"$x":[{"t":"idOrVar","v":"plural"},"value"]},{"$i":"weeks-before","$v":{"zero":"0 semanas antes","one":"1 semana antes","two":[{"t":"idOrVar","v":"value"}," semanas antes"],"few":[{"t":"idOrVar","v":"value"}," semanas antes"],"many":[{"t":"idOrVar","v":"value"}," semanas antes"],"other":[{"t":"idOrVar","v":"value"}," semanas antes"]},"$x":[{"t":"idOrVar","v":"plural"},"value"]},{"$i":"months-before","$v":{"zero":"0 meses antes","one":"1 mes antes","two":[{"t":"idOrVar","v":"value"}," meses antes"],"few":[{"t":"idOrVar","v":"value"}," meses antes"],"many":[{"t":"idOrVar","v":"value"}," meses antes"],"other":[{"t":"idOrVar","v":"value"}," meses antes"]},"$x":[{"t":"idOrVar","v":"plural"},"value"]},{"$i":"years-before","$v":{"zero":"0 anos antes","one":"1 ano antes","two":[{"t":"idOrVar","v":"value"}," anos antes"],"few":[{"t":"idOrVar","v":"value"}," anos antes"],"many":[{"t":"idOrVar","v":"value"}," anos antes"],"other":[{"t":"idOrVar","v":"value"}," anos antes"]},"$x":[{"t":"idOrVar","v":"plural"},"value"]},{"$i":"minutes-after","$v":{"zero":"0 minutos despois","one":"1 minuto despois","two":[{"t":"idOrVar","v":"value"}," minutos despois"],"few":[{"t":"idOrVar","v":"value"}," minutos despois"],"many":[{"t":"idOrVar","v":"value"}," minutos despois"],"other":[{"t":"idOrVar","v":"value"}," minutos despois"]},"$x":[{"t":"idOrVar","v":"plural"},"value"]},{"$i":"hours-after","$v":{"zero":"0 horas despois","one":"1 hora despois","two":[{"t":"idOrVar","v":"value"}," horas despois"],"few":[{"t":"idOrVar","v":"value"}," horas despois"],"many":[{"t":"idOrVar","v":"value"}," horas despois"],"other":[{"t":"idOrVar","v":"value"}," horas despois"]},"$x":[{"t":"idOrVar","v":"plural"},"value"]},{"$i":"days-after","$v":{"zero":"0 días despois","one":"1 día despois","two":[{"t":"idOrVar","v":"value"}," días despois"],"few":[{"t":"idOrVar","v":"value"}," días despois"],"many":[{"t":"idOrVar","v":"value"}," días despois"],"other":[{"t":"idOrVar","v":"value"}," días despois"]},"$x":[{"t":"idOrVar","v":"plural"},"value"]},{"$i":"weeks-after","$v":{"zero":"0 semanas despois","one":"1 semana despois","two":[{"t":"idOrVar","v":"value"}," semanas despois"],"few":[{"t":"idOrVar","v":"value"}," semanas despois"],"many":[{"t":"idOrVar","v":"value"}," semanas despois"],"other":[{"t":"idOrVar","v":"value"}," semanas despois"]},"$x":[{"t":"idOrVar","v":"plural"},"value"]},{"$i":"months-after","$v":{"zero":"0 meses despois","one":"1 mes despois","two":[{"t":"idOrVar","v":"value"}," meses despois"],"few":[{"t":"idOrVar","v":"value"}," meses despois"],"many":[{"t":"idOrVar","v":"value"}," meses despois"],"other":[{"t":"idOrVar","v":"value"}," meses despois"]},"$x":[{"t":"idOrVar","v":"plural"},"value"]},{"$i":"years-after","$v":{"zero":"0 anos despois","one":"1 ano despois","two":[{"t":"idOrVar","v":"value"}," anos despois"],"few":[{"t":"idOrVar","v":"value"}," anos despois"],"many":[{"t":"idOrVar","v":"value"}," anos despois"],"other":[{"t":"idOrVar","v":"value"}," anos despois"]},"$x":[{"t":"idOrVar","v":"plural"},"value"]},{"$i":"hour-format12","$v":"%I %p"},{"$i":"hour-format24","$v":"%H"},{"$i":"week-hour-format12","$v":"%I %p"},{"$i":"week-hour-format24","$v":"%H"},{"$i":"hour-allday","$v":"Todo o día"},{"$i":"week-day","$v":"%a %e"},{"$i":"current-time12","$v":"%I:%M"},{"$i":"current-time24","$v":"%H:%M"},{"$i":"multi-month-view-header-format","$v":"%b %y"},{"$i":"day-view-header-format","$v":"%A, %e de %b"},{"$i":"months-day-view-header-format","$v":"%A %e %b"},{"$i":"longDateFormat","$v":"%A, %d de %B, %Y"},{"$i":"error-start-date-after-end-date","$v":"A actividade non pode rematar antes da data de inicio"},{"$i":"error-start-time-after-end-time","$v":"A actividade non pode rematar antes da hora de inicio"},{"$i":"error-unauthenticated","$v":"Nome de usuario e/ou contrasinal incorrectos"},{"$i":"error-internal-server-error","$v":"Erro do servidor. Comprobe o seu nome de usuario e tente de novo."},{"$i":"error-default","$v":"Produciuse un erro. Tente de novo."},{"$i":"error-offline","$v":"Sen conexión. Comprobe a configuración da súa rede e tente de novo."},{"$i":"error-account-exist","$v":"Esta conta xa existe."},{"$i":"notification-error-sync-title","$v":"Erro de sincronización do calendario"},{"$i":"notification-error-sync-description","$v":"Toque para máis información"},{"$i":"weekday-0-single-char","$v":"s","ariaLabel":"Domingo"},{"$i":"weekday-1-single-char","$v":"d","ariaLabel":"Luns"},{"$i":"weekday-2-single-char","$v":"S","ariaLabel":"Martes"},{"$i":"weekday-3-single-char","$v":"W","ariaLabel":"Mércores"},{"$i":"weekday-4-single-char","$v":"S","ariaLabel":"Xoves"},{"$i":"weekday-5-single-char","$v":"F","ariaLabel":"Venres"},{"$i":"weekday-6-single-char","$v":"s","ariaLabel":"Sábado"},{"$i":"busy","$v":{"one":[{"t":"idOrVar","v":"n"}," evento"],"two":[{"t":"idOrVar","v":"n"}," eventos"],"few":[{"t":"idOrVar","v":"n"}," eventos"],"many":[{"t":"idOrVar","v":"n"}," eventos"],"other":[{"t":"idOrVar","v":"n"}," eventos"]},"$x":[{"t":"idOrVar","v":"plural"},"n"]},{"$i":"present","ariaLabel":"Hoxe"},{"$i":"past-other-month-description","ariaLabel":"Other month"},{"$i":"future-other-month-description","ariaLabel":"Other month"},{"$i":"icon-calendar-alarm","ariaLabel":"Ten alarma"},{"$i":"calendars","ariaLabel":"Calendarios"},{"$i":"multi-day-new-event-link","ariaLabel":"Engadir evento"},{"$i":"title","ariaLabel":"Título"},{"$i":"location","ariaLabel":"Localización"},{"$i":"duration","ariaLabel":"Duración"},{"$i":"calendar","ariaLabel":"Calendario"},{"$i":"alarms","ariaLabel":"Alarmas"},{"$i":"description","ariaLabel":"Descrición"},{"$i":"start-date","ariaLabel":"Data de inicio"},{"$i":"start-time","ariaLabel":"Hora de inicio"},{"$i":"end-date","ariaLabel":"Data de remate"},{"$i":"end-time","ariaLabel":"Hora de remate"},{"$i":"during-progress-loading","ariaValueText":"Cargando"},{"$i":"all-day","ariaLabel":"All day"},{"$i":"create-event","ariaLabel":"Create event"},{"$i":"create-all-day-event","ariaLabel":"Create all day event"},{"$i":"event-one-day-duration","ariaLabel":["from ",{"t":"idOrVar","v":"startTime"}," to ",{"t":"idOrVar","v":"endTime"}]},{"$i":"week-event-one-day-duration","ariaLabel":[{"t":"idOrVar","v":"startDate"}," from ",{"t":"idOrVar","v":"startTime"}," to ",{"t":"idOrVar","v":"endTime"}]},{"$i":"event-multiple-day-duration","ariaLabel":["From ",{"t":"idOrVar","v":"startTime"}," ",{"t":"idOrVar","v":"startDate"}," to ",{"t":"idOrVar","v":"endTime"}," ",{"t":"idOrVar","v":"endDate"}]},{"$i":"weekday-0-long","$v":"Domingo"},{"$i":"weekday-1-long","$v":"Luns"},{"$i":"weekday-2-long","$v":"Martes"},{"$i":"weekday-3-long","$v":"Mércores"},{"$i":"weekday-4-long","$v":"Xoves"},{"$i":"weekday-5-long","$v":"Venres"},{"$i":"weekday-6-long","$v":"Sábado"},{"$i":"weekday-0-short","$v":"Dom"},{"$i":"weekday-1-short","$v":"Lun"},{"$i":"weekday-2-short","$v":"Mar"},{"$i":"weekday-3-short","$v":"Mer"},{"$i":"weekday-4-short","$v":"Xov"},{"$i":"weekday-5-short","$v":"Ven"},{"$i":"weekday-6-short","$v":"Sab"},{"$i":"month-0-long","$v":"Xaneiro"},{"$i":"month-1-long","$v":"Febreiro"},{"$i":"month-2-long","$v":"Marzo"},{"$i":"month-3-long","$v":"Abril"},{"$i":"month-4-long","$v":"Maio"},{"$i":"month-5-long","$v":"Xuño"},{"$i":"month-6-long","$v":"Xullo"},{"$i":"month-7-long","$v":"Agosto"},{"$i":"month-8-long","$v":"Setembro"},{"$i":"month-9-long","$v":"Outubro"},{"$i":"month-10-long","$v":"Novembro"},{"$i":"month-11-long","$v":"Decembro"},{"$i":"month-0-genitive","$v":"Xaneiro"},{"$i":"month-1-genitive","$v":"Febreiro"},{"$i":"month-2-genitive","$v":"Marzo"},{"$i":"month-3-genitive","$v":"Abril"},{"$i":"month-4-genitive","$v":"Maio"},{"$i":"month-5-genitive","$v":"Xuño"},{"$i":"month-6-genitive","$v":"Xullo"},{"$i":"month-7-genitive","$v":"Agosto"},{"$i":"month-8-genitive","$v":"Setembro"},{"$i":"month-9-genitive","$v":"Outubro"},{"$i":"month-10-genitive","$v":"Novembro"},{"$i":"month-11-genitive","$v":"Decembro"},{"$i":"month-0-short","$v":"Xan"},{"$i":"month-1-short","$v":"Feb"},{"$i":"month-2-short","$v":"Mar"},{"$i":"month-3-short","$v":"Abr"},{"$i":"month-4-short","$v":"Maio"},{"$i":"month-5-short","$v":"Xun"},{"$i":"month-6-short","$v":"Xul"},{"$i":"month-7-short","$v":"Ago"},{"$i":"month-8-short","$v":"Set"},{"$i":"month-9-short","$v":"Out"},{"$i":"month-10-short","$v":"Nov"},{"$i":"month-11-short","$v":"Dec"},{"$i":"minutes-ago-long","$v":{"zero":"xusto agora","one":"hai un minuto","two":["hai ",{"t":"idOrVar","v":"value"}," minutos"],"few":["hai ",{"t":"idOrVar","v":"value"}," minutos"],"many":["hai ",{"t":"idOrVar","v":"value"}," minutos"],"other":["hai ",{"t":"idOrVar","v":"value"}," minutos"]},"$x":[{"t":"idOrVar","v":"plural"},"value"]},{"$i":"hours-ago-long","$v":{"zero":"xusto agora","one":"hai unha hora","two":["hai ",{"t":"idOrVar","v":"value"}," horas"],"few":["hai ",{"t":"idOrVar","v":"value"}," horas"],"many":["hai ",{"t":"idOrVar","v":"value"}," horas"],"other":["hai ",{"t":"idOrVar","v":"value"}," horas"]},"$x":[{"t":"idOrVar","v":"plural"},"value"]},{"$i":"days-ago-long","$v":{"zero":"hoxe","one":"onte","two":["hai ",{"t":"idOrVar","v":"value"}," días"],"few":["hai ",{"t":"idOrVar","v":"value"}," días"],"many":["hai ",{"t":"idOrVar","v":"value"}," días"],"other":["hai ",{"t":"idOrVar","v":"value"}," días"]},"$x":[{"t":"idOrVar","v":"plural"},"value"]},{"$i":"weeks-ago-long","$v":{"zero":"esta semana","one":"a semana pasada","two":["hai ",{"t":"idOrVar","v":"value"}," semanas"],"few":["hai ",{"t":"idOrVar","v":"value"}," semanas"],"many":["hai ",{"t":"idOrVar","v":"value"}," semanas"],"other":["hai ",{"t":"idOrVar","v":"value"}," semanas"]},"$x":[{"t":"idOrVar","v":"plural"},"value"]},{"$i":"months-ago-long","$v":{"zero":"Este mes","one":"o mes pasado","two":["hai ",{"t":"idOrVar","v":"value"}," meses"],"few":["hai ",{"t":"idOrVar","v":"value"}," meses"],"many":["hai ",{"t":"idOrVar","v":"value"}," meses"],"other":["hai ",{"t":"idOrVar","v":"value"}," meses"]},"$x":[{"t":"idOrVar","v":"plural"},"value"]},{"$i":"years-ago-long","$v":{"zero":"este ano","one":"o ano pasado","two":["hai ",{"t":"idOrVar","v":"value"}," anos"],"few":["hai ",{"t":"idOrVar","v":"value"}," anos"],"many":["hai ",{"t":"idOrVar","v":"value"}," anos"],"other":["hai ",{"t":"idOrVar","v":"value"}," anos"]},"$x":[{"t":"idOrVar","v":"plural"},"value"]},{"$i":"minutes-until-long","$v":{"zero":"agora","one":"nun minuto","two":["en ",{"t":"idOrVar","v":"value"}," minutos"],"few":["en ",{"t":"idOrVar","v":"value"}," minutos"],"many":["en ",{"t":"idOrVar","v":"value"}," minutos"],"other":["en ",{"t":"idOrVar","v":"value"}," minutos"]},"$x":[{"t":"idOrVar","v":"plural"},"value"]},{"$i":"hours-until-long","$v":{"zero":"agora","one":"nunha hora","two":["en ",{"t":"idOrVar","v":"value"}," horas"],"few":["en ",{"t":"idOrVar","v":"value"}," horas"],"many":["en ",{"t":"idOrVar","v":"value"}," horas"],"other":["en ",{"t":"idOrVar","v":"value"}," horas"]},"$x":[{"t":"idOrVar","v":"plural"},"value"]},{"$i":"days-until-long","$v":{"zero":"hoxe","one":"mañá","two":["en ",{"t":"idOrVar","v":"value"}," días"],"few":["en ",{"t":"idOrVar","v":"value"}," días"],"many":["en ",{"t":"idOrVar","v":"value"}," días"],"other":["en ",{"t":"idOrVar","v":"value"}," días"]},"$x":[{"t":"idOrVar","v":"plural"},"value"]},{"$i":"weeks-until-long","$v":{"zero":"esta semana","one":"a semana que ven","two":["en ",{"t":"idOrVar","v":"value"}," semanas"],"few":["en ",{"t":"idOrVar","v":"value"}," semanas"],"many":["en ",{"t":"idOrVar","v":"value"}," semanas"],"other":["en ",{"t":"idOrVar","v":"value"}," semanas"]},"$x":[{"t":"idOrVar","v":"plural"},"value"]},{"$i":"months-until-long","$v":{"zero":"Este mes","one":"o mes que ven","two":["en ",{"t":"idOrVar","v":"value"}," meses"],"few":["en ",{"t":"idOrVar","v":"value"}," meses"],"many":["en ",{"t":"idOrVar","v":"value"}," meses"],"other":["en ",{"t":"idOrVar","v":"value"}," meses"]},"$x":[{"t":"idOrVar","v":"plural"},"value"]},{"$i":"years-until-long","$v":{"zero":"este ano","one":"o ano que ven","two":["en ",{"t":"idOrVar","v":"value"}," anos"],"few":["en ",{"t":"idOrVar","v":"value"}," anos"],"many":["en ",{"t":"idOrVar","v":"value"}," anos"],"other":["en ",{"t":"idOrVar","v":"value"}," anos"]},"$x":[{"t":"idOrVar","v":"plural"},"value"]},{"$i":"minutes-ago-short","$v":{"zero":"xusto agora","other":["hai ",{"t":"idOrVar","v":"value"},"min"]},"$x":[{"t":"idOrVar","v":"plural"},"value"]},{"$i":"hours-ago-short","$v":{"zero":"xusto agora","other":["hai ",{"t":"idOrVar","v":"value"},"h"]},"$x":[{"t":"idOrVar","v":"plural"},"value"]},{"$i":"days-ago-short","$v":{"zero":"hoxe","other":["hai ",{"t":"idOrVar","v":"value"},"d"]},"$x":[{"t":"idOrVar","v":"plural"},"value"]},{"$i":"minutes-until-short","$v":{"zero":"agora","other":["en ",{"t":"idOrVar","v":"value"},"min"]},"$x":[{"t":"idOrVar","v":"plural"},"value"]},{"$i":"hours-until-short","$v":{"zero":"agora","other":["en ",{"t":"idOrVar","v":"value"},"h"]},"$x":[{"t":"idOrVar","v":"plural"},"value"]},{"$i":"days-until-short","$v":{"zero":"hoxe","other":["en ",{"t":"idOrVar","v":"value"},"d"]},"$x":[{"t":"idOrVar","v":"plural"},"value"]},{"$i":"incorrectDate","$v":"(data incorrecta)"},{"$i":"dateTimeFormat_%c","$v":"%a, %e de %b, %Y %H:%M:%S"},{"$i":"dateTimeFormat_%x","$v":"%d/%m/%Y"},{"$i":"dateTimeFormat_%X","$v":"%H:%M:%S"},{"$i":"shortTimeFormat","$v":"%H:%M"},{"$i":"shortTimeFormat12","$v":"%H:%M"},{"$i":"shortTimeFormat24","$v":"%H:%M"},{"$i":"shortDateTimeFormat","$v":"%x %H:%M %p"},{"$i":"weekStartsOnMonday","$v":"1"},{"$i":"firstDayOfTheWeek","$v":"0"},{"$i":"time_am","$v":"AM"},{"$i":"time_pm","$v":"PM"}]