[{"$i":"back","$v":"Natrag"},{"$i":"save","$v":"Spremi"},{"$i":"hide","$v":"Sakrij"},{"$i":"cancel","$v":"Otkaži"},{"$i":"confirm","$v":"Potvrdi"},{"$i":"done","$v":"Gotovo"},{"$i":"events","$v":"Događaji"},{"$i":"edit","$v":"Uredi"},{"$i":"allday-events","$v":"Cijelodnevni događaji"},{"$i":"no-events","$v":"Nema događaja"},{"$i":"show-today","$v":"Today"},{"$i":"show-month-view","$v":"Mjesec"},{"$i":"show-week-view","$v":"Tjedan"},{"$i":"show-day-view","$v":"Dan"},{"$i":"settings-show","$v":"Postavke"},{"$i":"settings-hide","$v":"Sakrij postavke"},{"$i":"add-account","$v":"Dodaj korisnički račun"},{"$i":"new-event","$v":"Add event"},{"$i":"view-event-header","$v":"Događaj"},{"$i":"new-event-header","$v":"Dodaj događaj"},{"$i":"edit-event-header","$v":"Uredi događaj"},{"$i":"account-header","$v":"Račun"},{"$i":"account-list-header","$v":"Računi"},{"$i":"advanced-settings-short-icon-button","ariaLabel":"Settings"},{"$i":"advanced-settings-header","$v":"Postavke"},{"$i":"advanced-settings-personalization","$v":"Personalizacija"},{"$i":"advanced-settings-reminders","$v":"Podsjetnici"},{"$i":"advanced-settings-add-account","$v":"Dodaj račun"},{"$i":"field-user","placeholder":"Korisničko ime"},{"$i":"field-password","placeholder":"Lozinka"},{"$i":"field-full-url","placeholder":"URL"},{"$i":"modify-account-setting-up","$v":"Molim pričekajte dok se račun podešava"},{"$i":"modify-account-unable-to-sync","$v":"Sinkronizacija nije moguća"},{"$i":"modify-account-sign-in","$v":"Prijava"},{"$i":"preset-caldav","$v":"CalDav"},{"$i":"preset-yahoo","$v":"Yahoo!"},{"$i":"preset-google","$v":"Google"},{"$i":"preset-local","$v":"Izvanmrežni kalendar"},{"$i":"preset-mozilla","$v":"Mozilla Zimbra"},{"$i":"calendar-local","$v":"Izvanmrežni kalendar"},{"$i":"event-title","placeholder":"Title"},{"$i":"event-location","placeholder":"Gdje?"},{"$i":"event-description","placeholder":"Bilješke"},{"$i":"event-is-allday","$v":"Cijelodnevni događaj"},{"$i":"event-start-date","placeholder":"Start date"},{"$i":"event-end-date","placeholder":"End date"},{"$i":"event-start-time","placeholder":"Start time"},{"$i":"event-end-time","placeholder":"End time"},{"$i":"event-delete","$v":"Obriši događaj"},{"$i":"remove-account-data","$v":"Ukloni lokalne podatke"},{"$i":"remove-account-dialog","$v":"Ukloni račun"},{"$i":"remove-account-dialog-details","$v":"Uklanjanje ovog računa će također ukloniti vašu lokalnu kopiju povezanih kalendara i događaja."},{"$i":"drawer-sync-icon-button","ariaLabel":"Sync"},{"$i":"sync-progress-syncing","ariaValueText":"Syncing"},{"$i":"sync-progress-complete","ariaValueText":"Syncing complete"},{"$i":"sync-frequency","$v":"Sinkroniziraj kalendar"},{"$i":"sync-frequency-15min","$v":"15 min"},{"$i":"sync-frequency-30min","$v":"30 min"},{"$i":"sync-frequency-manual","$v":"Ručno"},{"$i":"one-day-duration","$v":[{"t":"idOrVar","v":"startDate"},"<br>od ",{"t":"idOrVar","v":"startTime"}," do ",{"t":"idOrVar","v":"endTime"}]},{"$i":"multiple-day-duration","$v":["Od ",{"t":"idOrVar","v":"startTime"}," ",{"t":"idOrVar","v":"startDate"},"<br>do ",{"t":"idOrVar","v":"endTime"}," ",{"t":"idOrVar","v":"endDate"}]},{"$i":"one-all-day-duration","$v":["Cijeli dan<br>",{"t":"idOrVar","v":"startDate"}]},{"$i":"multiple-all-day-duration","$v":["Cijeli dan od ",{"t":"idOrVar","v":"startDate"},"<br>do ",{"t":"idOrVar","v":"endDate"}]},{"$i":"none","$v":"Nema"},{"$i":"reminder","$v":"Podsjetnik:"},{"$i":"remind-me","$v":"Podsjeti me"},{"$i":"alarm-at-event-standard","$v":"Na vrijeme događaja"},{"$i":"alarm-at-event-allday","$v":"Na dan događaja"},{"$i":"alarm-start-notice","$v":[{"t":"idOrVar","v":"title"}," počinje ",{"t":"idOrVar","v":"distance"}]},{"$i":"alarm-started-notice","$v":[{"t":"idOrVar","v":"title"}," započeo ",{"t":"idOrVar","v":"distance"}]},{"$i":"minutes-before","$v":{"zero":"0 minuta prije","one":[{"t":"idOrVar","v":"value"}," minutu prije"],"two":[{"t":"idOrVar","v":"value"}," minute prije"],"few":[{"t":"idOrVar","v":"value"}," minute prije"],"many":[{"t":"idOrVar","v":"value"}," minuta prije"],"other":[{"t":"idOrVar","v":"value"}," minuta prije"]},"$x":[{"t":"idOrVar","v":"plural"},"value"]},{"$i":"hours-before","$v":{"zero":"0 sati prije","one":[{"t":"idOrVar","v":"value"}," sat prije"],"two":[{"t":"idOrVar","v":"value"}," sata prije"],"few":[{"t":"idOrVar","v":"value"}," sata prije"],"many":[{"t":"idOrVar","v":"value"}," sati prije"],"other":[{"t":"idOrVar","v":"value"}," sati prije"]},"$x":[{"t":"idOrVar","v":"plural"},"value"]},{"$i":"days-before","$v":{"zero":"0 dana prije","one":[{"t":"idOrVar","v":"value"}," dan prije"],"two":[{"t":"idOrVar","v":"value"}," dana prije"],"few":[{"t":"idOrVar","v":"value"}," dana prije"],"many":[{"t":"idOrVar","v":"value"}," dana prije"],"other":[{"t":"idOrVar","v":"value"}," dana prije"]},"$x":[{"t":"idOrVar","v":"plural"},"value"]},{"$i":"weeks-before","$v":{"zero":"0 tjedana prije","one":[{"t":"idOrVar","v":"value"}," tjedan prije"],"two":[{"t":"idOrVar","v":"value"}," tjedna prije"],"few":[{"t":"idOrVar","v":"value"}," tjedna prije"],"many":[{"t":"idOrVar","v":"value"}," tjedana prije"],"other":[{"t":"idOrVar","v":"value"}," tjedana prije"]},"$x":[{"t":"idOrVar","v":"plural"},"value"]},{"$i":"months-before","$v":{"zero":"0 mjeseci prije","one":[{"t":"idOrVar","v":"value"}," mjesec prije"],"two":[{"t":"idOrVar","v":"value"}," mjeseca prije"],"few":[{"t":"idOrVar","v":"value"}," mjeseca prije"],"many":[{"t":"idOrVar","v":"value"}," mjeseci prije"],"other":[{"t":"idOrVar","v":"value"}," mjeseci prije"]},"$x":[{"t":"idOrVar","v":"plural"},"value"]},{"$i":"years-before","$v":{"zero":"0 godina prije","one":[{"t":"idOrVar","v":"value"}," godinu prije"],"two":[{"t":"idOrVar","v":"value"}," godine prije"],"few":[{"t":"idOrVar","v":"value"}," godine prije"],"many":[{"t":"idOrVar","v":"value"}," godina prije"],"other":[{"t":"idOrVar","v":"value"}," godina prije"]},"$x":[{"t":"idOrVar","v":"plural"},"value"]},{"$i":"minutes-after","$v":{"zero":"0 minuta nakon","one":[{"t":"idOrVar","v":"value"}," minutu nakon"],"two":[{"t":"idOrVar","v":"value"}," minute nakon"],"few":[{"t":"idOrVar","v":"value"}," minute nakon"],"many":[{"t":"idOrVar","v":"value"}," minuta nakon"],"other":[{"t":"idOrVar","v":"value"}," minuta nakon"]},"$x":[{"t":"idOrVar","v":"plural"},"value"]},{"$i":"hours-after","$v":{"zero":"0 sati nakon","one":[{"t":"idOrVar","v":"value"}," sat nakon"],"two":[{"t":"idOrVar","v":"value"}," sata nakon"],"few":[{"t":"idOrVar","v":"value"}," sata nakon"],"many":[{"t":"idOrVar","v":"value"}," sati nakon"],"other":[{"t":"idOrVar","v":"value"}," sati nakon"]},"$x":[{"t":"idOrVar","v":"plural"},"value"]},{"$i":"days-after","$v":{"zero":"0 dana nakon","one":[{"t":"idOrVar","v":"value"}," dan nakon"],"two":[{"t":"idOrVar","v":"value"}," dana nakon"],"few":[{"t":"idOrVar","v":"value"}," dana nakon"],"many":[{"t":"idOrVar","v":"value"}," dana nakon"],"other":[{"t":"idOrVar","v":"value"}," dana nakon"]},"$x":[{"t":"idOrVar","v":"plural"},"value"]},{"$i":"weeks-after","$v":{"zero":"0 tjedana nakon","one":[{"t":"idOrVar","v":"value"}," tjedan nakon"],"two":[{"t":"idOrVar","v":"value"}," tjedna nakon"],"few":[{"t":"idOrVar","v":"value"}," tjedna nakon"],"many":[{"t":"idOrVar","v":"value"}," tjedana nakon"],"other":[{"t":"idOrVar","v":"value"}," tjedana nakon"]},"$x":[{"t":"idOrVar","v":"plural"},"value"]},{"$i":"months-after","$v":{"zero":"0 mjeseca nakon","one":[{"t":"idOrVar","v":"value"}," mjesec nakon"],"two":[{"t":"idOrVar","v":"value"}," mjeseca nakon"],"few":[{"t":"idOrVar","v":"value"}," mjeseca nakon"],"many":[{"t":"idOrVar","v":"value"}," mjeseci nakon"],"other":[{"t":"idOrVar","v":"value"}," mjeseci nakon"]},"$x":[{"t":"idOrVar","v":"plural"},"value"]},{"$i":"years-after","$v":{"zero":"0 godina nakon","one":[{"t":"idOrVar","v":"value"}," godina nakon"],"two":[{"t":"idOrVar","v":"value"}," godine nakon"],"few":[{"t":"idOrVar","v":"value"}," godine nakon"],"many":[{"t":"idOrVar","v":"value"}," godina nakon"],"other":[{"t":"idOrVar","v":"value"}," godina nakon"]},"$x":[{"t":"idOrVar","v":"plural"},"value"]},{"$i":"hour-format12","$v":"%H"},{"$i":"hour-format24","$v":"%H"},{"$i":"week-hour-format12","$v":"%H"},{"$i":"week-hour-format24","$v":"%H"},{"$i":"hour-allday","$v":"Cijeli dan"},{"$i":"week-day","$v":"%a %e"},{"$i":"current-time12","$v":"%H:%M"},{"$i":"current-time24","$v":"%H:%M"},{"$i":"multi-month-view-header-format","$v":"%B %Y"},{"$i":"day-view-header-format","$v":"%e &b, %A"},{"$i":"months-day-view-header-format","$v":"%A, %e. %B"},{"$i":"longDateFormat","$v":"%A, %e. %B, %Y"},{"$i":"error-start-date-after-end-date","$v":"Događaj ne može završiti prije početnog datuma"},{"$i":"error-start-time-after-end-time","$v":"Događaj ne može završiti prije početnog vremena"},{"$i":"error-unauthenticated","$v":"Krivo korisničko ime i/ili lozinka"},{"$i":"error-internal-server-error","$v":"Greška poslužitelja. Provjerite pristupne podatke i pokušajte ponovno."},{"$i":"error-default","$v":"Nešto nije u redu. Pokušajte ponovno."},{"$i":"error-offline","$v":"Nema veze. Provjerite mrežne postavke i pokušajte ponovno."},{"$i":"error-account-exist","$v":"Ovaj račun već postoji."},{"$i":"notification-error-sync-title","$v":"Greške sinkronizacije kalendara"},{"$i":"notification-error-sync-description","$v":"Pritisnite za više informacija"},{"$i":"weekday-0-single-char","$v":"S","ariaLabel":"Sunday"},{"$i":"weekday-1-single-char","$v":"M","ariaLabel":"Monday"},{"$i":"weekday-2-single-char","$v":"T","ariaLabel":"Tuesday"},{"$i":"weekday-3-single-char","$v":"W","ariaLabel":"Wednesday"},{"$i":"weekday-4-single-char","$v":"T","ariaLabel":"Thursday"},{"$i":"weekday-5-single-char","$v":"F","ariaLabel":"Friday"},{"$i":"weekday-6-single-char","$v":"S","ariaLabel":"Saturday"},{"$i":"busy","$v":{"one":[{"t":"idOrVar","v":"n"}," event"],"two":[{"t":"idOrVar","v":"n"}," events"],"few":[{"t":"idOrVar","v":"n"}," events"],"many":[{"t":"idOrVar","v":"n"}," events"],"other":[{"t":"idOrVar","v":"n"}," events"]},"$x":[{"t":"idOrVar","v":"plural"},"n"]},{"$i":"present","ariaLabel":"Today"},{"$i":"past-other-month-description","ariaLabel":"Other month"},{"$i":"future-other-month-description","ariaLabel":"Other month"},{"$i":"icon-calendar-alarm","ariaLabel":"Has alarm"},{"$i":"calendars","ariaLabel":"Kalendari"},{"$i":"multi-day-new-event-link","ariaLabel":"Add event"},{"$i":"title","ariaLabel":"Title"},{"$i":"location","ariaLabel":"Location"},{"$i":"duration","ariaLabel":"Duration"},{"$i":"calendar","ariaLabel":"Calendar"},{"$i":"alarms","ariaLabel":"Alarms"},{"$i":"description","ariaLabel":"Description"},{"$i":"start-date","ariaLabel":"Start date"},{"$i":"start-time","ariaLabel":"Start time"},{"$i":"end-date","ariaLabel":"End date"},{"$i":"end-time","ariaLabel":"End time"},{"$i":"during-progress-loading","ariaValueText":"Loading"},{"$i":"all-day","ariaLabel":"All day"},{"$i":"create-event","ariaLabel":"Create event"},{"$i":"create-all-day-event","ariaLabel":"Create all day event"},{"$i":"event-one-day-duration","ariaLabel":["from ",{"t":"idOrVar","v":"startTime"}," to ",{"t":"idOrVar","v":"endTime"}]},{"$i":"week-event-one-day-duration","ariaLabel":[{"t":"idOrVar","v":"startDate"}," from ",{"t":"idOrVar","v":"startTime"}," to ",{"t":"idOrVar","v":"endTime"}]},{"$i":"event-multiple-day-duration","ariaLabel":["From ",{"t":"idOrVar","v":"startTime"}," ",{"t":"idOrVar","v":"startDate"}," to ",{"t":"idOrVar","v":"endTime"}," ",{"t":"idOrVar","v":"endDate"}]},{"$i":"weekday-0-long","$v":"Nedjelja"},{"$i":"weekday-1-long","$v":"Ponedjeljak"},{"$i":"weekday-2-long","$v":"Utorak"},{"$i":"weekday-3-long","$v":"Srijeda"},{"$i":"weekday-4-long","$v":"Četvrtak"},{"$i":"weekday-5-long","$v":"Petak"},{"$i":"weekday-6-long","$v":"Subota"},{"$i":"weekday-0-short","$v":"Ned"},{"$i":"weekday-1-short","$v":"Pon"},{"$i":"weekday-2-short","$v":"Uto"},{"$i":"weekday-3-short","$v":"Sri"},{"$i":"weekday-4-short","$v":"Čet"},{"$i":"weekday-5-short","$v":"Pet"},{"$i":"weekday-6-short","$v":"Sub"},{"$i":"month-0-long","$v":"Siječanj"},{"$i":"month-1-long","$v":"Veljača"},{"$i":"month-2-long","$v":"Ožujak"},{"$i":"month-3-long","$v":"Travanj"},{"$i":"month-4-long","$v":"Svibanj"},{"$i":"month-5-long","$v":"Lipanj"},{"$i":"month-6-long","$v":"Srpanj"},{"$i":"month-7-long","$v":"Kolovoz"},{"$i":"month-8-long","$v":"Rujan"},{"$i":"month-9-long","$v":"Listopad"},{"$i":"month-10-long","$v":"Studeni"},{"$i":"month-11-long","$v":"Prosinac"},{"$i":"month-0-genitive","$v":"Siječnja"},{"$i":"month-1-genitive","$v":"Veljače"},{"$i":"month-2-genitive","$v":"Ožujka"},{"$i":"month-3-genitive","$v":"Travnja"},{"$i":"month-4-genitive","$v":"Svibnja"},{"$i":"month-5-genitive","$v":"Lipnja"},{"$i":"month-6-genitive","$v":"Srpnja"},{"$i":"month-7-genitive","$v":"Kolovoza"},{"$i":"month-8-genitive","$v":"Rujna"},{"$i":"month-9-genitive","$v":"Listopada"},{"$i":"month-10-genitive","$v":"Studenoga"},{"$i":"month-11-genitive","$v":"Prosinca"},{"$i":"month-0-short","$v":"Sij"},{"$i":"month-1-short","$v":"Velj"},{"$i":"month-2-short","$v":"Ožu"},{"$i":"month-3-short","$v":"Tra"},{"$i":"month-4-short","$v":"Svi"},{"$i":"month-5-short","$v":"Lip"},{"$i":"month-6-short","$v":"Srp"},{"$i":"month-7-short","$v":"Kol"},{"$i":"month-8-short","$v":"Ruj"},{"$i":"month-9-short","$v":"Lis"},{"$i":"month-10-short","$v":"Stu"},{"$i":"month-11-short","$v":"Pro"},{"$i":"minutes-ago-long","$v":{"zero":"upravo","one":"prije minutu","two":["prije ",{"t":"idOrVar","v":"value"}," minute"],"few":["prije ",{"t":"idOrVar","v":"value"}," minutes"],"many":["prije ",{"t":"idOrVar","v":"value"}," minuta"],"other":["prije ",{"t":"idOrVar","v":"value"}," minuta"]},"$x":[{"t":"idOrVar","v":"plural"},"value"]},{"$i":"hours-ago-long","$v":{"zero":"upravo","one":"prije sat vremena","two":["prije ",{"t":"idOrVar","v":"value"}," sata"],"few":["prije ",{"t":"idOrVar","v":"value"}," sati"],"many":["prije ",{"t":"idOrVar","v":"value"}," sati"],"other":["prije ",{"t":"idOrVar","v":"value"}," sati"]},"$x":[{"t":"idOrVar","v":"plural"},"value"]},{"$i":"days-ago-long","$v":{"zero":"danas","one":"jučer","two":["prije ",{"t":"idOrVar","v":"value"}," dana"],"few":["prije ",{"t":"idOrVar","v":"value"}," dana"],"many":["prije ",{"t":"idOrVar","v":"value"}," dana"],"other":["prije ",{"t":"idOrVar","v":"value"}," dana"]},"$x":[{"t":"idOrVar","v":"plural"},"value"]},{"$i":"weeks-ago-long","$v":{"zero":"ovaj tjedan","one":"prošli tjedan","two":["prije ",{"t":"idOrVar","v":"value"}," tjedna"],"few":["prije ",{"t":"idOrVar","v":"value"}," tjedana"],"many":["prije ",{"t":"idOrVar","v":"value"}," tjedana"],"other":["prije ",{"t":"idOrVar","v":"value"}," tjedana"]},"$x":[{"t":"idOrVar","v":"plural"},"value"]},{"$i":"months-ago-long","$v":{"zero":"ovaj mjesec","one":"prošli mjesec","two":["prije ",{"t":"idOrVar","v":"value"}," mjeseca"],"few":["prije ",{"t":"idOrVar","v":"value"}," mjeseci"],"many":["prije ",{"t":"idOrVar","v":"value"}," mjeseci"],"other":["prije ",{"t":"idOrVar","v":"value"}," mjeseci"]},"$x":[{"t":"idOrVar","v":"plural"},"value"]},{"$i":"years-ago-long","$v":{"zero":"ove godine","one":"prošle godine","two":["prije ",{"t":"idOrVar","v":"value"}," godine"],"few":["prije ",{"t":"idOrVar","v":"value"}," godina"],"many":["prije ",{"t":"idOrVar","v":"value"}," godina"],"other":["prije ",{"t":"idOrVar","v":"value"}," godina"]},"$x":[{"t":"idOrVar","v":"plural"},"value"]},{"$i":"minutes-until-long","$v":{"zero":"upravo","one":"za minutu","two":["za ",{"t":"idOrVar","v":"value"}," minute"],"few":["za ",{"t":"idOrVar","v":"value"}," minuta"],"many":["za ",{"t":"idOrVar","v":"value"}," minuta"],"other":["za ",{"t":"idOrVar","v":"value"}," minuta"]},"$x":[{"t":"idOrVar","v":"plural"},"value"]},{"$i":"hours-until-long","$v":{"zero":"upravo","one":"za sat vremena","two":["za ",{"t":"idOrVar","v":"value"}," sata"],"few":["za ",{"t":"idOrVar","v":"value"}," sati"],"many":["za ",{"t":"idOrVar","v":"value"}," sati"],"other":["za ",{"t":"idOrVar","v":"value"}," sati"]},"$x":[{"t":"idOrVar","v":"plural"},"value"]},{"$i":"days-until-long","$v":{"zero":"danas","one":"sutra","two":["za ",{"t":"idOrVar","v":"value"}," dana"],"few":["za ",{"t":"idOrVar","v":"value"}," dana"],"many":["za ",{"t":"idOrVar","v":"value"}," dana"],"other":["za ",{"t":"idOrVar","v":"value"}," dana"]},"$x":[{"t":"idOrVar","v":"plural"},"value"]},{"$i":"weeks-until-long","$v":{"zero":"ovaj tjedan","one":"idući tjedan","two":["za ",{"t":"idOrVar","v":"value"}," tjedna"],"few":["za ",{"t":"idOrVar","v":"value"}," tjedana"],"many":["za ",{"t":"idOrVar","v":"value"}," tjedana"],"other":["za ",{"t":"idOrVar","v":"value"}," tjedana"]},"$x":[{"t":"idOrVar","v":"plural"},"value"]},{"$i":"months-until-long","$v":{"zero":"ovaj mjesec","one":"idući mjesec","two":["za ",{"t":"idOrVar","v":"value"}," mjeseca"],"few":["za ",{"t":"idOrVar","v":"value"}," mjeseci"],"many":["za ",{"t":"idOrVar","v":"value"}," mjeseci"],"other":["za ",{"t":"idOrVar","v":"value"}," mjeseci"]},"$x":[{"t":"idOrVar","v":"plural"},"value"]},{"$i":"years-until-long","$v":{"zero":"ove godine","one":"iduće godine","two":["za ",{"t":"idOrVar","v":"value"}," godine"],"few":["za ",{"t":"idOrVar","v":"value"}," godina"],"many":["za ",{"t":"idOrVar","v":"value"}," godina"],"other":["za ",{"t":"idOrVar","v":"value"}," godina"]},"$x":[{"t":"idOrVar","v":"plural"},"value"]},{"$i":"minutes-ago-short","$v":{"zero":"upravo","other":["prije ",{"t":"idOrVar","v":"value"},"m"]},"$x":[{"t":"idOrVar","v":"plural"},"value"]},{"$i":"hours-ago-short","$v":{"zero":"upravo","other":["prije ",{"t":"idOrVar","v":"value"},"s"]},"$x":[{"t":"idOrVar","v":"plural"},"value"]},{"$i":"days-ago-short","$v":{"zero":"danas","other":["prije ",{"t":"idOrVar","v":"value"},"d"]},"$x":[{"t":"idOrVar","v":"plural"},"value"]},{"$i":"minutes-until-short","$v":{"zero":"sada","other":["za ",{"t":"idOrVar","v":"value"},"m"]},"$x":[{"t":"idOrVar","v":"plural"},"value"]},{"$i":"hours-until-short","$v":{"zero":"sada","other":["za ",{"t":"idOrVar","v":"value"},"s"]},"$x":[{"t":"idOrVar","v":"plural"},"value"]},{"$i":"days-until-short","$v":{"zero":"danas","other":["za ",{"t":"idOrVar","v":"value"},"d"]},"$x":[{"t":"idOrVar","v":"plural"},"value"]},{"$i":"incorrectDate","$v":"(netočan datum)"},{"$i":"dateTimeFormat_%c","$v":"%a %e %b %Y %H:%M:%S"},{"$i":"dateTimeFormat_%x","$v":"%d.%m.%Y"},{"$i":"dateTimeFormat_%X","$v":"%H:%M:%S"},{"$i":"shortTimeFormat","$v":"%I:%M %p"},{"$i":"shortTimeFormat12","$v":"%I:%M %p"},{"$i":"shortTimeFormat24","$v":"%H:%M"},{"$i":"shortDateTimeFormat","$v":"%x %H:%M"},{"$i":"weekStartsOnMonday","$v":"1"},{"$i":"firstDayOfTheWeek","$v":"0"},{"$i":"time_am","$v":"AM"},{"$i":"time_pm","$v":"PM"}]