[{"$i":"back","$v":"Vissza"},{"$i":"save","$v":"Mentés"},{"$i":"hide","$v":"Elrejtés"},{"$i":"cancel","$v":"Mégse"},{"$i":"confirm","$v":"Megerősítés"},{"$i":"done","$v":"Kész"},{"$i":"events","$v":"Események"},{"$i":"edit","$v":"Szerkesztés"},{"$i":"allday-events","$v":"Egész napos események"},{"$i":"no-events","$v":"Nincs esemény"},{"$i":"show-today","$v":"Ma"},{"$i":"show-month-view","$v":"Hónap"},{"$i":"show-week-view","$v":"Hét"},{"$i":"show-day-view","$v":"Nap"},{"$i":"settings-show","$v":"Beállítások"},{"$i":"settings-hide","$v":"Beállítások elrejtése"},{"$i":"add-account","$v":"Fiók hozzáadása"},{"$i":"new-event","$v":"Új esemény"},{"$i":"view-event-header","$v":"Esemény"},{"$i":"new-event-header","$v":"Új esemény"},{"$i":"edit-event-header","$v":"Esemény írása"},{"$i":"account-header","$v":"Fiók"},{"$i":"account-list-header","$v":"Fiókok"},{"$i":"advanced-settings-short-icon-button","ariaLabel":"Settings"},{"$i":"advanced-settings-header","$v":"Naptárbeállítások"},{"$i":"advanced-settings-personalization","$v":"Testreszabás"},{"$i":"advanced-settings-reminders","$v":"Emlékeztetők"},{"$i":"advanced-settings-add-account","$v":"Fiók hozzáadása"},{"$i":"field-user","placeholder":"Felhasználónév"},{"$i":"field-password","placeholder":"Jelszó"},{"$i":"field-full-url","placeholder":"URL"},{"$i":"modify-account-setting-up","$v":"Kis türelmet, amíg a fiók beállítása megtörténik"},{"$i":"modify-account-unable-to-sync","$v":"Nem lehet szinkronizálni"},{"$i":"modify-account-sign-in","$v":"Bejelentkezés"},{"$i":"preset-caldav","$v":"CalDav"},{"$i":"preset-yahoo","$v":"Yahoo!"},{"$i":"preset-google","$v":"Google"},{"$i":"preset-local","$v":"Offline naptár"},{"$i":"preset-mozilla","$v":"Mozilla Zimbra"},{"$i":"calendar-local","$v":"Offline naptár"},{"$i":"event-title","placeholder":"Cím"},{"$i":"event-location","placeholder":"Helyszín?"},{"$i":"event-description","placeholder":"Megjegyzés"},{"$i":"event-is-allday","$v":"Egész napos esemény?"},{"$i":"event-start-date","placeholder":"Kezdő dátum"},{"$i":"event-end-date","placeholder":"Záró dátum"},{"$i":"event-start-time","placeholder":"Kezdő időpont"},{"$i":"event-end-time","placeholder":"Záró időpont"},{"$i":"event-delete","$v":"Esemény törlése"},{"$i":"remove-account-data","$v":"Helyi adatok eltávolítása"},{"$i":"remove-account-dialog","$v":"Fiók eltávolítása"},{"$i":"remove-account-dialog-details","$v":"A fiók eltávolításával a hozzá tartozó naptárak és események helyi másolata is eltávolításra kerül."},{"$i":"drawer-sync-icon-button","ariaLabel":"Sync"},{"$i":"sync-progress-syncing","ariaValueText":"Syncing"},{"$i":"sync-progress-complete","ariaValueText":"Syncing complete"},{"$i":"sync-frequency","$v":"Naptárszinkron"},{"$i":"sync-frequency-15min","$v":"15 perc"},{"$i":"sync-frequency-30min","$v":"30 perc"},{"$i":"sync-frequency-manual","$v":"Kézzel"},{"$i":"one-day-duration","$v":[{"t":"idOrVar","v":"startDate"},"<br>ettől: ",{"t":"idOrVar","v":"startTime"}," eddig: ",{"t":"idOrVar","v":"endTime"}]},{"$i":"multiple-day-duration","$v":["Ettől: ",{"t":"idOrVar","v":"startTime"}," ",{"t":"idOrVar","v":"startDate"},"<br>eddig: ",{"t":"idOrVar","v":"endTime"}," ",{"t":"idOrVar","v":"endDate"}]},{"$i":"one-all-day-duration","$v":["Egész nap<br>",{"t":"idOrVar","v":"startDate"}]},{"$i":"multiple-all-day-duration","$v":["Egész nap ettől: ",{"t":"idOrVar","v":"startDate"},"<br>eddig: ",{"t":"idOrVar","v":"endDate"}]},{"$i":"none","$v":"Nincs"},{"$i":"reminder","$v":"Emlékeztető:"},{"$i":"remind-me","$v":"Emlékeztessen"},{"$i":"alarm-at-event-standard","$v":"Az esemény kezdetekor"},{"$i":"alarm-at-event-allday","$v":"Az esemény napján"},{"$i":"alarm-start-notice","$v":[{"t":"idOrVar","v":"title"}," ",{"t":"idOrVar","v":"distance"}," kezdődik"]},{"$i":"alarm-started-notice","$v":[{"t":"idOrVar","v":"title"}," ",{"t":"idOrVar","v":"distance"}," kezdődött"]},{"$i":"minutes-before","$v":{"zero":"0 perccel előtte","one":"1 perccel előtte","two":[{"t":"idOrVar","v":"value"}," perccel előtte"],"few":[{"t":"idOrVar","v":"value"}," perccel előtte"],"many":[{"t":"idOrVar","v":"value"}," perccel előtte"],"other":[{"t":"idOrVar","v":"value"}," perccel előtte"]},"$x":[{"t":"idOrVar","v":"plural"},"value"]},{"$i":"hours-before","$v":{"zero":"0 órával előtte","one":"1 órával előtte","two":[{"t":"idOrVar","v":"value"}," órával előtte"],"few":[{"t":"idOrVar","v":"value"}," órával előtte"],"many":[{"t":"idOrVar","v":"value"}," órával előtte"],"other":[{"t":"idOrVar","v":"value"}," órával előtte"]},"$x":[{"t":"idOrVar","v":"plural"},"value"]},{"$i":"days-before","$v":{"zero":"0 nappal előtte","one":"1 nappal előtte","two":[{"t":"idOrVar","v":"value"}," nappal előtte"],"few":[{"t":"idOrVar","v":"value"}," nappal előtte"],"many":[{"t":"idOrVar","v":"value"}," nappal előtte"],"other":[{"t":"idOrVar","v":"value"}," nappal előtte"]},"$x":[{"t":"idOrVar","v":"plural"},"value"]},{"$i":"weeks-before","$v":{"zero":"0 héttel előtte","one":"1 héttel előtte","two":[{"t":"idOrVar","v":"value"}," héttel előtte"],"few":[{"t":"idOrVar","v":"value"}," héttel előtte"],"many":[{"t":"idOrVar","v":"value"}," héttel előtte"],"other":[{"t":"idOrVar","v":"value"}," héttel előtte"]},"$x":[{"t":"idOrVar","v":"plural"},"value"]},{"$i":"months-before","$v":{"zero":"0 hónappal előtte","one":"1 hónappal előtte","two":[{"t":"idOrVar","v":"value"}," hónappal előtte"],"few":[{"t":"idOrVar","v":"value"}," hónappal előtte"],"many":[{"t":"idOrVar","v":"value"}," hónappal előtte"],"other":[{"t":"idOrVar","v":"value"}," hónappal előtte"]},"$x":[{"t":"idOrVar","v":"plural"},"value"]},{"$i":"years-before","$v":{"zero":"0 évvel előtte","one":"1 évvel előtte","two":[{"t":"idOrVar","v":"value"}," évvel előtte"],"few":[{"t":"idOrVar","v":"value"}," évvel előtte"],"many":[{"t":"idOrVar","v":"value"}," évvel előtte"],"other":[{"t":"idOrVar","v":"value"}," évvel előtte"]},"$x":[{"t":"idOrVar","v":"plural"},"value"]},{"$i":"minutes-after","$v":{"zero":"0 perccel utána","one":"1 perccel utána","two":[{"t":"idOrVar","v":"value"}," perccel utána"],"few":[{"t":"idOrVar","v":"value"}," perccel utána"],"many":[{"t":"idOrVar","v":"value"}," perccel utána"],"other":[{"t":"idOrVar","v":"value"}," perccel utána"]},"$x":[{"t":"idOrVar","v":"plural"},"value"]},{"$i":"hours-after","$v":{"zero":"0 órával később","one":"1 órával később","two":[{"t":"idOrVar","v":"value"}," órával később"],"few":[{"t":"idOrVar","v":"value"}," órával később"],"many":[{"t":"idOrVar","v":"value"}," órával később"],"other":[{"t":"idOrVar","v":"value"}," órával később"]},"$x":[{"t":"idOrVar","v":"plural"},"value"]},{"$i":"days-after","$v":{"zero":"0 nappal később","one":"1 nappal később","two":[{"t":"idOrVar","v":"value"}," nappal később"],"few":[{"t":"idOrVar","v":"value"}," nappal később"],"many":[{"t":"idOrVar","v":"value"}," nappal később"],"other":[{"t":"idOrVar","v":"value"}," nappal később"]},"$x":[{"t":"idOrVar","v":"plural"},"value"]},{"$i":"weeks-after","$v":{"zero":"0 héttel később","one":"1 héttel később","two":[{"t":"idOrVar","v":"value"}," héttel később"],"few":[{"t":"idOrVar","v":"value"}," héttel később"],"many":[{"t":"idOrVar","v":"value"}," héttel később"],"other":[{"t":"idOrVar","v":"value"}," héttel később"]},"$x":[{"t":"idOrVar","v":"plural"},"value"]},{"$i":"months-after","$v":{"zero":"0 hónappal később","one":"1 hónappal később","two":[{"t":"idOrVar","v":"value"}," hónappal később"],"few":[{"t":"idOrVar","v":"value"}," hónappal később"],"many":[{"t":"idOrVar","v":"value"}," hónappal később"],"other":[{"t":"idOrVar","v":"value"}," hónappal később"]},"$x":[{"t":"idOrVar","v":"plural"},"value"]},{"$i":"years-after","$v":{"zero":"0 évvel később","one":"1 évvel később","two":[{"t":"idOrVar","v":"value"}," évvel később"],"few":[{"t":"idOrVar","v":"value"}," évvel később"],"many":[{"t":"idOrVar","v":"value"}," évvel később"],"other":[{"t":"idOrVar","v":"value"}," évvel később"]},"$x":[{"t":"idOrVar","v":"plural"},"value"]},{"$i":"hour-format12","$v":"%I %p"},{"$i":"hour-format24","$v":"%H"},{"$i":"week-hour-format12","$v":"%I %p"},{"$i":"week-hour-format24","$v":"%H"},{"$i":"hour-allday","$v":"Egész nap"},{"$i":"week-day","$v":"%d %a"},{"$i":"current-time12","$v":"%I:%M"},{"$i":"current-time24","$v":"%H:%M"},{"$i":"multi-month-view-header-format","$v":"%Y %b"},{"$i":"day-view-header-format","$v":"%B %e. %A"},{"$i":"months-day-view-header-format","$v":"%A, %b %d"},{"$i":"longDateFormat","$v":"%Y. %B %d. %A"},{"$i":"error-start-date-after-end-date","$v":"Az esemény nem fejeződhet be a kezdő dátum előtt"},{"$i":"error-start-time-after-end-time","$v":"Az esemény nem fejeződhet be a kezdő időpont előtt"},{"$i":"error-unauthenticated","$v":"Rossz felhasználónév vagy jelszó"},{"$i":"error-internal-server-error","$v":"Kiszolgálóhiba. Ellenőrizze a bejelentkezési adatokat majd próbálja meg újra."},{"$i":"error-default","$v":"Ismeretlen hiba. Próbálja meg később."},{"$i":"error-offline","$v":"Nincs kapcsolat. Ellenőrizze a hálózatot, és próbálja újra."},{"$i":"error-account-exist","$v":"A fiók már létezik."},{"$i":"notification-error-sync-title","$v":"Naptár-szinkronizálási hiba"},{"$i":"notification-error-sync-description","$v":"Koppintson információkért"},{"$i":"weekday-0-single-char","$v":"S","ariaLabel":"Sunday"},{"$i":"weekday-1-single-char","$v":"M","ariaLabel":"Monday"},{"$i":"weekday-2-single-char","$v":"T","ariaLabel":"Tuesday"},{"$i":"weekday-3-single-char","$v":"W","ariaLabel":"Wednesday"},{"$i":"weekday-4-single-char","$v":"T","ariaLabel":"Thursday"},{"$i":"weekday-5-single-char","$v":"F","ariaLabel":"Friday"},{"$i":"weekday-6-single-char","$v":"S","ariaLabel":"Saturday"},{"$i":"busy","$v":{"one":[{"t":"idOrVar","v":"n"}," event"],"two":[{"t":"idOrVar","v":"n"}," events"],"few":[{"t":"idOrVar","v":"n"}," events"],"many":[{"t":"idOrVar","v":"n"}," events"],"other":[{"t":"idOrVar","v":"n"}," events"]},"$x":[{"t":"idOrVar","v":"plural"},"n"]},{"$i":"present","ariaLabel":"Today"},{"$i":"past-other-month-description","ariaLabel":"Other month"},{"$i":"future-other-month-description","ariaLabel":"Other month"},{"$i":"icon-calendar-alarm","ariaLabel":"Has alarm"},{"$i":"calendars","ariaLabel":"Calendars"},{"$i":"multi-day-new-event-link","ariaLabel":"Add event"},{"$i":"title","ariaLabel":"Title"},{"$i":"location","ariaLabel":"Location"},{"$i":"duration","ariaLabel":"Duration"},{"$i":"calendar","ariaLabel":"Calendar"},{"$i":"alarms","ariaLabel":"Alarms"},{"$i":"description","ariaLabel":"Description"},{"$i":"start-date","ariaLabel":"Start date"},{"$i":"start-time","ariaLabel":"Start time"},{"$i":"end-date","ariaLabel":"End date"},{"$i":"end-time","ariaLabel":"End time"},{"$i":"during-progress-loading","ariaValueText":"Loading"},{"$i":"all-day","ariaLabel":"All day"},{"$i":"create-event","ariaLabel":"Create event"},{"$i":"create-all-day-event","ariaLabel":"Create all day event"},{"$i":"event-one-day-duration","ariaLabel":["from ",{"t":"idOrVar","v":"startTime"}," to ",{"t":"idOrVar","v":"endTime"}]},{"$i":"week-event-one-day-duration","ariaLabel":[{"t":"idOrVar","v":"startDate"}," from ",{"t":"idOrVar","v":"startTime"}," to ",{"t":"idOrVar","v":"endTime"}]},{"$i":"event-multiple-day-duration","ariaLabel":["From ",{"t":"idOrVar","v":"startTime"}," ",{"t":"idOrVar","v":"startDate"}," to ",{"t":"idOrVar","v":"endTime"}," ",{"t":"idOrVar","v":"endDate"}]},{"$i":"weekday-0-long","$v":"Vasárnap"},{"$i":"weekday-1-long","$v":"Hétfő"},{"$i":"weekday-2-long","$v":"Kedd"},{"$i":"weekday-3-long","$v":"Szerda"},{"$i":"weekday-4-long","$v":"Csütörtök"},{"$i":"weekday-5-long","$v":"Péntek"},{"$i":"weekday-6-long","$v":"Szombat"},{"$i":"weekday-0-short","$v":"Va."},{"$i":"weekday-1-short","$v":"Hé."},{"$i":"weekday-2-short","$v":"Ke."},{"$i":"weekday-3-short","$v":"Sze."},{"$i":"weekday-4-short","$v":"Csü."},{"$i":"weekday-5-short","$v":"Pé."},{"$i":"weekday-6-short","$v":"Szo."},{"$i":"month-0-long","$v":"Január"},{"$i":"month-1-long","$v":"Február"},{"$i":"month-2-long","$v":"Március"},{"$i":"month-3-long","$v":"Április"},{"$i":"month-4-long","$v":"Május"},{"$i":"month-5-long","$v":"Június"},{"$i":"month-6-long","$v":"Július"},{"$i":"month-7-long","$v":"Augusztus"},{"$i":"month-8-long","$v":"Szeptember"},{"$i":"month-9-long","$v":"Október"},{"$i":"month-10-long","$v":"November"},{"$i":"month-11-long","$v":"December"},{"$i":"month-0-genitive","$v":"Január"},{"$i":"month-1-genitive","$v":"Február"},{"$i":"month-2-genitive","$v":"Március"},{"$i":"month-3-genitive","$v":"Április"},{"$i":"month-4-genitive","$v":"Május"},{"$i":"month-5-genitive","$v":"Június"},{"$i":"month-6-genitive","$v":"Július"},{"$i":"month-7-genitive","$v":"Augusztus"},{"$i":"month-8-genitive","$v":"Szeptember"},{"$i":"month-9-genitive","$v":"Október"},{"$i":"month-10-genitive","$v":"November"},{"$i":"month-11-genitive","$v":"December"},{"$i":"month-0-short","$v":"Jan"},{"$i":"month-1-short","$v":"Feb"},{"$i":"month-2-short","$v":"Már"},{"$i":"month-3-short","$v":"Ápr"},{"$i":"month-4-short","$v":"Máj"},{"$i":"month-5-short","$v":"Jún"},{"$i":"month-6-short","$v":"Júl"},{"$i":"month-7-short","$v":"Aug"},{"$i":"month-8-short","$v":"Szep"},{"$i":"month-9-short","$v":"Okt"},{"$i":"month-10-short","$v":"Nov"},{"$i":"month-11-short","$v":"Dec"},{"$i":"minutes-ago-long","$v":{"zero":"épp most","one":"egy perccel ezelőtt","two":[{"t":"idOrVar","v":"value"}," perccel ezelőtt"],"few":[{"t":"idOrVar","v":"value"}," perccel ezelőtt"],"many":[{"t":"idOrVar","v":"value"}," perccel ezelőtt"],"other":[{"t":"idOrVar","v":"value"}," perccel ezelőtt"]},"$x":[{"t":"idOrVar","v":"plural"},"value"]},{"$i":"hours-ago-long","$v":{"zero":"épp most","one":"egy órája","two":[{"t":"idOrVar","v":"value"}," órával ezelőtt"],"few":[{"t":"idOrVar","v":"value"}," órával ezelőtt"],"many":[{"t":"idOrVar","v":"value"}," órával ezelőtt"],"other":[{"t":"idOrVar","v":"value"}," órával ezelőtt"]},"$x":[{"t":"idOrVar","v":"plural"},"value"]},{"$i":"days-ago-long","$v":{"zero":"ma","one":"tegnap","two":[{"t":"idOrVar","v":"value"}," nappal ezelőtt"],"few":[{"t":"idOrVar","v":"value"}," nappal ezelőtt"],"many":[{"t":"idOrVar","v":"value"}," nappal ezelőtt"],"other":[{"t":"idOrVar","v":"value"}," nappal ezelőtt"]},"$x":[{"t":"idOrVar","v":"plural"},"value"]},{"$i":"weeks-ago-long","$v":{"zero":"ez a hét","one":"múlt hét","two":[{"t":"idOrVar","v":"value"}," héttel ezelőtt"],"few":[{"t":"idOrVar","v":"value"}," héttel ezelőtt"],"many":[{"t":"idOrVar","v":"value"}," héttel ezelőtt"],"other":[{"t":"idOrVar","v":"value"}," héttel ezelőtt"]},"$x":[{"t":"idOrVar","v":"plural"},"value"]},{"$i":"months-ago-long","$v":{"zero":"ez a hónap","one":"előző hónap","two":[{"t":"idOrVar","v":"value"}," hónappal ezelőtt"],"few":[{"t":"idOrVar","v":"value"}," hónappal ezelőtt"],"many":[{"t":"idOrVar","v":"value"}," hónappal ezelőtt"],"other":[{"t":"idOrVar","v":"value"}," hónappal ezelőtt"]},"$x":[{"t":"idOrVar","v":"plural"},"value"]},{"$i":"years-ago-long","$v":{"zero":"ez az év","one":"tavaly","two":[{"t":"idOrVar","v":"value"}," évvel ezelőtt"],"few":[{"t":"idOrVar","v":"value"}," évvel ezelőtt"],"many":[{"t":"idOrVar","v":"value"}," évvel ezelőtt"],"other":[{"t":"idOrVar","v":"value"}," évvel ezelőtt"]},"$x":[{"t":"idOrVar","v":"plural"},"value"]},{"$i":"minutes-until-long","$v":{"zero":"most","one":"egy percen belül","two":[{"t":"idOrVar","v":"value"}," percen belül"],"few":[{"t":"idOrVar","v":"value"}," percen belül"],"many":[{"t":"idOrVar","v":"value"}," percen belül"],"other":[{"t":"idOrVar","v":"value"}," percen belül"]},"$x":[{"t":"idOrVar","v":"plural"},"value"]},{"$i":"hours-until-long","$v":{"zero":"most","one":"egy órán belül","two":[{"t":"idOrVar","v":"value"}," órán belül"],"few":[{"t":"idOrVar","v":"value"}," órán belül"],"many":[{"t":"idOrVar","v":"value"}," órán belül"],"other":[{"t":"idOrVar","v":"value"}," órán belül"]},"$x":[{"t":"idOrVar","v":"plural"},"value"]},{"$i":"days-until-long","$v":{"zero":"ma","one":"holnap","two":[{"t":"idOrVar","v":"value"}," napon belül"],"few":[{"t":"idOrVar","v":"value"}," napon belül"],"many":[{"t":"idOrVar","v":"value"}," napon belül"],"other":[{"t":"idOrVar","v":"value"}," napon belül"]},"$x":[{"t":"idOrVar","v":"plural"},"value"]},{"$i":"weeks-until-long","$v":{"zero":"ez a hét","one":"következő hét","two":[{"t":"idOrVar","v":"value"}," héten belül"],"few":[{"t":"idOrVar","v":"value"}," héten belül"],"many":[{"t":"idOrVar","v":"value"}," héten belül"],"other":[{"t":"idOrVar","v":"value"}," héten belül"]},"$x":[{"t":"idOrVar","v":"plural"},"value"]},{"$i":"months-until-long","$v":{"zero":"ez a hónap","one":"következő hónap","two":[{"t":"idOrVar","v":"value"}," héten belül"],"few":[{"t":"idOrVar","v":"value"}," héten belül"],"many":[{"t":"idOrVar","v":"value"}," héten belül"],"other":[{"t":"idOrVar","v":"value"}," héten belül"]},"$x":[{"t":"idOrVar","v":"plural"},"value"]},{"$i":"years-until-long","$v":{"zero":"ez az év","one":"következő év","two":[{"t":"idOrVar","v":"value"}," éven belül"],"few":[{"t":"idOrVar","v":"value"}," éven belül"],"many":[{"t":"idOrVar","v":"value"}," éven belül"],"other":[{"t":"idOrVar","v":"value"}," éven belül"]},"$x":[{"t":"idOrVar","v":"plural"},"value"]},{"$i":"minutes-ago-short","$v":{"zero":"épp most","other":[{"t":"idOrVar","v":"value"},"p ezelőtt"]},"$x":[{"t":"idOrVar","v":"plural"},"value"]},{"$i":"hours-ago-short","$v":{"zero":"épp most","other":[{"t":"idOrVar","v":"value"},"ó ezelőtt"]},"$x":[{"t":"idOrVar","v":"plural"},"value"]},{"$i":"days-ago-short","$v":{"zero":"ma","other":[{"t":"idOrVar","v":"value"},"n ezelőtt"]},"$x":[{"t":"idOrVar","v":"plural"},"value"]},{"$i":"minutes-until-short","$v":{"zero":"most","other":[{"t":"idOrVar","v":"value"}," percen belül"]},"$x":[{"t":"idOrVar","v":"plural"},"value"]},{"$i":"hours-until-short","$v":{"zero":"most","other":[{"t":"idOrVar","v":"value"}," órán belül"]},"$x":[{"t":"idOrVar","v":"plural"},"value"]},{"$i":"days-until-short","$v":{"zero":"ma","other":[{"t":"idOrVar","v":"value"}," napon belül"]},"$x":[{"t":"idOrVar","v":"plural"},"value"]},{"$i":"incorrectDate","$v":"(helytelen dátum)"},{"$i":"dateTimeFormat_%c","$v":"%Y. %b %d %a %H:%M:%S"},{"$i":"dateTimeFormat_%x","$v":"%Y. %m. %d."},{"$i":"dateTimeFormat_%X","$v":"%H:%M:%S"},{"$i":"shortTimeFormat","$v":"%I:%M %p"},{"$i":"shortTimeFormat12","$v":"%I:%M %p"},{"$i":"shortTimeFormat24","$v":"%H:%M"},{"$i":"shortDateTimeFormat","$v":"%x %H:%M"},{"$i":"weekStartsOnMonday","$v":"1"},{"$i":"firstDayOfTheWeek","$v":"0"},{"$i":"time_am","$v":"DE"},{"$i":"time_pm","$v":"DU"}]