[{"$i":"back","$v":"Indietro"},{"$i":"save","$v":"Salva"},{"$i":"hide","$v":"Nascondi"},{"$i":"cancel","$v":"Annulla"},{"$i":"confirm","$v":"Conferma"},{"$i":"done","$v":"Fine"},{"$i":"events","$v":"Eventi"},{"$i":"edit","$v":"Modifica"},{"$i":"allday-events","$v":"Eventi giorno intero"},{"$i":"no-events","$v":"Nessun evento"},{"$i":"show-today","$v":"Oggi"},{"$i":"show-month-view","$v":"Mese"},{"$i":"show-week-view","$v":"Settimana"},{"$i":"show-day-view","$v":"Giorno"},{"$i":"settings-show","$v":"Impostazioni"},{"$i":"settings-hide","$v":"Nascondi impostazioni"},{"$i":"add-account","$v":"Aggiungi un account"},{"$i":"new-event","$v":"Aggiungi evento"},{"$i":"view-event-header","$v":"Evento"},{"$i":"new-event-header","$v":"Aggiungi evento"},{"$i":"edit-event-header","$v":"Modifica evento"},{"$i":"account-header","$v":"Account"},{"$i":"account-list-header","$v":"Account"},{"$i":"advanced-settings-short-icon-button","ariaLabel":"Impostazioni"},{"$i":"advanced-settings-header","$v":"Impostaz. agenda"},{"$i":"advanced-settings-personalization","$v":"Personalizzazione"},{"$i":"advanced-settings-reminders","$v":"Promemoria"},{"$i":"advanced-settings-add-account","$v":"Aggiungi account"},{"$i":"field-user","placeholder":"Nome utente"},{"$i":"field-password","placeholder":"Password"},{"$i":"field-full-url","placeholder":"URL"},{"$i":"modify-account-setting-up","$v":"Attendere la configurazione dell’account"},{"$i":"modify-account-unable-to-sync","$v":"Impossibile sinc."},{"$i":"modify-account-sign-in","$v":"Accedi"},{"$i":"preset-caldav","$v":"CalDav"},{"$i":"preset-yahoo","$v":"Yahoo!"},{"$i":"preset-google","$v":"Google"},{"$i":"preset-local","$v":"Agenda non in linea"},{"$i":"preset-mozilla","$v":"Mozilla Zimbra"},{"$i":"calendar-local","$v":"Agenda non in linea"},{"$i":"event-title","placeholder":"Titolo"},{"$i":"event-location","placeholder":"Luogo"},{"$i":"event-description","placeholder":"Note"},{"$i":"event-is-allday","$v":"Tutto il giorno?"},{"$i":"event-start-date","placeholder":"Data inizio"},{"$i":"event-end-date","placeholder":"Data fine"},{"$i":"event-start-time","placeholder":"Ora inizio"},{"$i":"event-end-time","placeholder":"Ora fine"},{"$i":"event-delete","$v":"Elimina evento"},{"$i":"remove-account-data","$v":"Elimina dati locali"},{"$i":"remove-account-dialog","$v":"Elimina account"},{"$i":"remove-account-dialog-details","$v":"Eliminando un account verranno rimosse le copie locali di eventi e calendari associati."},{"$i":"drawer-sync-icon-button","ariaLabel":"Sincronizza"},{"$i":"sync-progress-syncing","ariaValueText":"Sincronizzazione"},{"$i":"sync-progress-complete","ariaValueText":"Sincronizzazione completata"},{"$i":"sync-frequency","$v":"Sincronizza"},{"$i":"sync-frequency-15min","$v":"ogni 15 min"},{"$i":"sync-frequency-30min","$v":"ogni 30 min"},{"$i":"sync-frequency-manual","$v":"manualmente"},{"$i":"one-day-duration","$v":[{"t":"idOrVar","v":"startDate"},"<br>dalle ",{"t":"idOrVar","v":"startTime"}," alle ",{"t":"idOrVar","v":"endTime"}]},{"$i":"multiple-day-duration","$v":["Da ",{"t":"idOrVar","v":"startDate"}," alle ",{"t":"idOrVar","v":"startTime"},"<br>fino a ",{"t":"idOrVar","v":"endDate"}," alle ",{"t":"idOrVar","v":"endTime"}]},{"$i":"one-all-day-duration","$v":["Tutto il giorno<br>",{"t":"idOrVar","v":"startDate"}]},{"$i":"multiple-all-day-duration","$v":["Tutti i giorni da ",{"t":"idOrVar","v":"startDate"},"<br>a ",{"t":"idOrVar","v":"endDate"}]},{"$i":"none","$v":"Nessuno"},{"$i":"reminder","$v":"Promemoria:"},{"$i":"remind-me","$v":"Promemoria"},{"$i":"alarm-at-event-standard","$v":"All’ora dell’evento"},{"$i":"alarm-at-event-allday","$v":"Il giorno dell’evento"},{"$i":"alarm-start-notice","$v":[{"t":"idOrVar","v":"title"}," inizia ",{"t":"idOrVar","v":"distance"}]},{"$i":"alarm-started-notice","$v":[{"t":"idOrVar","v":"title"}," è iniziato ",{"t":"idOrVar","v":"distance"}]},{"$i":"minutes-before","$v":{"zero":"0 minuti prima","one":"1 minuto prima","two":[{"t":"idOrVar","v":"value"}," minuti prima"],"few":[{"t":"idOrVar","v":"value"}," minuti prima"],"many":[{"t":"idOrVar","v":"value"}," minuti prima"],"other":[{"t":"idOrVar","v":"value"}," minuti prima"]},"$x":[{"t":"idOrVar","v":"plural"},"value"]},{"$i":"hours-before","$v":{"zero":"0 ore prima","one":"1 ora prima","two":[{"t":"idOrVar","v":"value"}," ore prima"],"few":[{"t":"idOrVar","v":"value"}," ore prima"],"many":[{"t":"idOrVar","v":"value"}," ore prima"],"other":[{"t":"idOrVar","v":"value"}," ore prima"]},"$x":[{"t":"idOrVar","v":"plural"},"value"]},{"$i":"days-before","$v":{"zero":"0 giorni prima","one":"1 giorno prima","two":[{"t":"idOrVar","v":"value"}," giorni prima"],"few":[{"t":"idOrVar","v":"value"}," giorni prima"],"many":[{"t":"idOrVar","v":"value"}," giorni prima"],"other":[{"t":"idOrVar","v":"value"}," giorni prima"]},"$x":[{"t":"idOrVar","v":"plural"},"value"]},{"$i":"weeks-before","$v":{"zero":"0 settimane prima","one":"1 settimana prima","two":[{"t":"idOrVar","v":"value"}," settimane prima"],"few":[{"t":"idOrVar","v":"value"}," settimane prima"],"many":[{"t":"idOrVar","v":"value"}," settimane prima"],"other":[{"t":"idOrVar","v":"value"}," settimane prima"]},"$x":[{"t":"idOrVar","v":"plural"},"value"]},{"$i":"months-before","$v":{"zero":"0 mesi prima","one":"1 mese prima","two":[{"t":"idOrVar","v":"value"}," mesi prima"],"few":[{"t":"idOrVar","v":"value"}," mesi prima"],"many":[{"t":"idOrVar","v":"value"}," mesi prima"],"other":[{"t":"idOrVar","v":"value"}," mesi prima"]},"$x":[{"t":"idOrVar","v":"plural"},"value"]},{"$i":"years-before","$v":{"zero":"0 anni prima","one":"1 anno prima","two":[{"t":"idOrVar","v":"value"}," anni prima"],"few":[{"t":"idOrVar","v":"value"}," anni prima"],"many":[{"t":"idOrVar","v":"value"}," anni prima"],"other":[{"t":"idOrVar","v":"value"}," anni prima"]},"$x":[{"t":"idOrVar","v":"plural"},"value"]},{"$i":"minutes-after","$v":{"zero":"0 minuti dopo","one":"1 minuto dopo","two":[{"t":"idOrVar","v":"value"}," minuti dopo"],"few":[{"t":"idOrVar","v":"value"}," minuti dopo"],"many":[{"t":"idOrVar","v":"value"}," minuti dopo"],"other":[{"t":"idOrVar","v":"value"}," minuti dopo"]},"$x":[{"t":"idOrVar","v":"plural"},"value"]},{"$i":"hours-after","$v":{"zero":"0 ore dopo","one":"1 ora dopo","two":[{"t":"idOrVar","v":"value"}," ore dopo"],"few":[{"t":"idOrVar","v":"value"}," ore dopo"],"many":[{"t":"idOrVar","v":"value"}," ore dopo"],"other":[{"t":"idOrVar","v":"value"}," ore dopo"]},"$x":[{"t":"idOrVar","v":"plural"},"value"]},{"$i":"days-after","$v":{"zero":"0 giorni dopo","one":"1 giorno dopo","two":[{"t":"idOrVar","v":"value"}," giorni dopo"],"few":[{"t":"idOrVar","v":"value"}," giorni dopo"],"many":[{"t":"idOrVar","v":"value"}," giorni dopo"],"other":[{"t":"idOrVar","v":"value"}," giorni dopo"]},"$x":[{"t":"idOrVar","v":"plural"},"value"]},{"$i":"weeks-after","$v":{"zero":"0 settimane dopo","one":"1 settimana dopo","two":[{"t":"idOrVar","v":"value"}," settimane dopo"],"few":[{"t":"idOrVar","v":"value"}," settimane dopo"],"many":[{"t":"idOrVar","v":"value"}," settimane dopo"],"other":[{"t":"idOrVar","v":"value"}," settimane dopo"]},"$x":[{"t":"idOrVar","v":"plural"},"value"]},{"$i":"months-after","$v":{"zero":"0 mesi dopo","one":"1 mese dopo","two":[{"t":"idOrVar","v":"value"}," mesi dopo"],"few":[{"t":"idOrVar","v":"value"}," mesi dopo"],"many":[{"t":"idOrVar","v":"value"}," mesi dopo"],"other":[{"t":"idOrVar","v":"value"}," mesi dopo"]},"$x":[{"t":"idOrVar","v":"plural"},"value"]},{"$i":"years-after","$v":{"zero":"0 anni dopo","one":"1 anno dopo","two":[{"t":"idOrVar","v":"value"}," anni dopo"],"few":[{"t":"idOrVar","v":"value"}," anni dopo"],"many":[{"t":"idOrVar","v":"value"}," anni dopo"],"other":[{"t":"idOrVar","v":"value"}," anni dopo"]},"$x":[{"t":"idOrVar","v":"plural"},"value"]},{"$i":"hour-format12","$v":"%I %p"},{"$i":"hour-format24","$v":"%H"},{"$i":"week-hour-format12","$v":"%I %p"},{"$i":"week-hour-format24","$v":"%H"},{"$i":"hour-allday","$v":"Giorno int."},{"$i":"week-day","$v":"%a %e"},{"$i":"current-time12","$v":"%I:%M"},{"$i":"current-time24","$v":"%H:%M"},{"$i":"multi-month-view-header-format","$v":"%b %Y"},{"$i":"day-view-header-format","$v":"%A %e %b"},{"$i":"months-day-view-header-format","$v":"%A %e %b"},{"$i":"longDateFormat","$v":"%A %d %B %Y"},{"$i":"error-start-date-after-end-date","$v":"L’evento non può terminare prima della data di inizio"},{"$i":"error-start-time-after-end-time","$v":"L’evento non può terminare prima dell’orario di inizio"},{"$i":"error-unauthenticated","$v":"Utente o password errati"},{"$i":"error-internal-server-error","$v":"Errore del server. Verificare i dati di accesso e riprovare."},{"$i":"error-default","$v":"Si è verificato un errore. Riprovare più tardi."},{"$i":"error-offline","$v":"Connessione non disponibile. Verificare la configurazione di rete e riprovare."},{"$i":"error-account-exist","$v":"Questo account è già presente."},{"$i":"notification-error-sync-title","$v":"Errore sinc. agenda"},{"$i":"notification-error-sync-description","$v":"Tocca per altre informazioni"},{"$i":"weekday-0-single-char","$v":"D","ariaLabel":"Domenica"},{"$i":"weekday-1-single-char","$v":"L","ariaLabel":"Lunedì"},{"$i":"weekday-2-single-char","$v":"M","ariaLabel":"Martedì"},{"$i":"weekday-3-single-char","$v":"M","ariaLabel":"Mercoledì"},{"$i":"weekday-4-single-char","$v":"G","ariaLabel":"Giovedì"},{"$i":"weekday-5-single-char","$v":"V","ariaLabel":"Venerdì"},{"$i":"weekday-6-single-char","$v":"S","ariaLabel":"Sabato"},{"$i":"busy","$v":{"one":[{"t":"idOrVar","v":"n"}," evento"],"two":[{"t":"idOrVar","v":"n"}," eventi"],"few":[{"t":"idOrVar","v":"n"}," eventi"],"many":[{"t":"idOrVar","v":"n"}," eventi"],"other":[{"t":"idOrVar","v":"n"}," eventi"]},"$x":[{"t":"idOrVar","v":"plural"},"n"]},{"$i":"present","ariaLabel":"Oggi"},{"$i":"past-other-month-description","ariaLabel":"Other month"},{"$i":"future-other-month-description","ariaLabel":"Other month"},{"$i":"icon-calendar-alarm","ariaLabel":"Ha un promemoria"},{"$i":"calendars","ariaLabel":"Calendari"},{"$i":"multi-day-new-event-link","ariaLabel":"Aggiungi evento"},{"$i":"title","ariaLabel":"Titolo"},{"$i":"location","ariaLabel":"Luogo"},{"$i":"duration","ariaLabel":"Durata"},{"$i":"calendar","ariaLabel":"Agenda"},{"$i":"alarms","ariaLabel":"Promemoria"},{"$i":"description","ariaLabel":"Descrizione"},{"$i":"start-date","ariaLabel":"Data inizio"},{"$i":"start-time","ariaLabel":"Orario inizio"},{"$i":"end-date","ariaLabel":"Data fine"},{"$i":"end-time","ariaLabel":"Orario fine"},{"$i":"during-progress-loading","ariaValueText":"Caricamento"},{"$i":"all-day","ariaLabel":"Tutto il giorno"},{"$i":"create-event","ariaLabel":"Crea evento"},{"$i":"create-all-day-event","ariaLabel":"Crea evento per tutto il giorno"},{"$i":"event-one-day-duration","ariaLabel":["dalle ",{"t":"idOrVar","v":"startTime"}," alle ",{"t":"idOrVar","v":"endTime"}]},{"$i":"week-event-one-day-duration","ariaLabel":[{"t":"idOrVar","v":"startDate"}," dalle ",{"t":"idOrVar","v":"startTime"}," alle ",{"t":"idOrVar","v":"endTime"}]},{"$i":"event-multiple-day-duration","ariaLabel":["Da ",{"t":"idOrVar","v":"startDate"}," alle ",{"t":"idOrVar","v":"startTime"}," fino a ",{"t":"idOrVar","v":"endDate"}," alle ",{"t":"idOrVar","v":"endTime"}]},{"$i":"weekday-0-long","$v":"domenica"},{"$i":"weekday-1-long","$v":"lunedì"},{"$i":"weekday-2-long","$v":"martedì"},{"$i":"weekday-3-long","$v":"mercoledì"},{"$i":"weekday-4-long","$v":"giovedì"},{"$i":"weekday-5-long","$v":"venerdì"},{"$i":"weekday-6-long","$v":"sabato"},{"$i":"weekday-0-short","$v":"dom"},{"$i":"weekday-1-short","$v":"lun"},{"$i":"weekday-2-short","$v":"mar"},{"$i":"weekday-3-short","$v":"mer"},{"$i":"weekday-4-short","$v":"gio"},{"$i":"weekday-5-short","$v":"ven"},{"$i":"weekday-6-short","$v":"sab"},{"$i":"month-0-long","$v":"gennaio"},{"$i":"month-1-long","$v":"febbraio"},{"$i":"month-2-long","$v":"marzo"},{"$i":"month-3-long","$v":"aprile"},{"$i":"month-4-long","$v":"maggio"},{"$i":"month-5-long","$v":"giugno"},{"$i":"month-6-long","$v":"luglio"},{"$i":"month-7-long","$v":"agosto"},{"$i":"month-8-long","$v":"settembre"},{"$i":"month-9-long","$v":"ottobre"},{"$i":"month-10-long","$v":"novembre"},{"$i":"month-11-long","$v":"dicembre"},{"$i":"month-0-genitive","$v":"gennaio"},{"$i":"month-1-genitive","$v":"febbraio"},{"$i":"month-2-genitive","$v":"marzo"},{"$i":"month-3-genitive","$v":"aprile"},{"$i":"month-4-genitive","$v":"maggio"},{"$i":"month-5-genitive","$v":"giugno"},{"$i":"month-6-genitive","$v":"luglio"},{"$i":"month-7-genitive","$v":"agosto"},{"$i":"month-8-genitive","$v":"settembre"},{"$i":"month-9-genitive","$v":"ottobre"},{"$i":"month-10-genitive","$v":"novembre"},{"$i":"month-11-genitive","$v":"dicembre"},{"$i":"month-0-short","$v":"gen"},{"$i":"month-1-short","$v":"feb"},{"$i":"month-2-short","$v":"mar"},{"$i":"month-3-short","$v":"apr"},{"$i":"month-4-short","$v":"mag"},{"$i":"month-5-short","$v":"giu"},{"$i":"month-6-short","$v":"lug"},{"$i":"month-7-short","$v":"ago"},{"$i":"month-8-short","$v":"set"},{"$i":"month-9-short","$v":"ott"},{"$i":"month-10-short","$v":"nov"},{"$i":"month-11-short","$v":"dic"},{"$i":"minutes-ago-long","$v":{"zero":"adesso","one":"un minuto fa","two":[{"t":"idOrVar","v":"value"}," minuti fa"],"few":[{"t":"idOrVar","v":"value"}," minuti fa"],"many":[{"t":"idOrVar","v":"value"}," minuti fa"],"other":[{"t":"idOrVar","v":"value"}," minuti fa"]},"$x":[{"t":"idOrVar","v":"plural"},"value"]},{"$i":"hours-ago-long","$v":{"zero":"adesso","one":"un’ora fa","two":[{"t":"idOrVar","v":"value"}," ore fa"],"few":[{"t":"idOrVar","v":"value"}," ore fa"],"many":[{"t":"idOrVar","v":"value"}," ore fa"],"other":[{"t":"idOrVar","v":"value"}," ore fa"]},"$x":[{"t":"idOrVar","v":"plural"},"value"]},{"$i":"days-ago-long","$v":{"zero":"oggi","one":"ieri","two":[{"t":"idOrVar","v":"value"}," giorni fa"],"few":[{"t":"idOrVar","v":"value"}," giorni fa"],"many":[{"t":"idOrVar","v":"value"}," giorni fa"],"other":[{"t":"idOrVar","v":"value"}," giorni fa"]},"$x":[{"t":"idOrVar","v":"plural"},"value"]},{"$i":"weeks-ago-long","$v":{"zero":"questa settimana","one":"settimana scorsa","two":[{"t":"idOrVar","v":"value"}," settimane fa"],"few":[{"t":"idOrVar","v":"value"}," settimane fa"],"many":[{"t":"idOrVar","v":"value"}," settimane fa"],"other":[{"t":"idOrVar","v":"value"}," settimane fa"]},"$x":[{"t":"idOrVar","v":"plural"},"value"]},{"$i":"months-ago-long","$v":{"zero":"questo mese","one":"mese scorso","two":[{"t":"idOrVar","v":"value"}," mesi fa"],"few":[{"t":"idOrVar","v":"value"}," mesi fa"],"many":[{"t":"idOrVar","v":"value"}," mesi fa"],"other":[{"t":"idOrVar","v":"value"}," mesi fa"]},"$x":[{"t":"idOrVar","v":"plural"},"value"]},{"$i":"years-ago-long","$v":{"zero":"quest’anno","one":"anno scorso","two":[{"t":"idOrVar","v":"value"}," anni fa"],"few":[{"t":"idOrVar","v":"value"}," anni fa"],"many":[{"t":"idOrVar","v":"value"}," anni fa"],"other":[{"t":"idOrVar","v":"value"}," anni fa"]},"$x":[{"t":"idOrVar","v":"plural"},"value"]},{"$i":"minutes-until-long","$v":{"zero":"adesso","one":"tra un minuto","two":["tra ",{"t":"idOrVar","v":"value"}," minuti"],"few":["tra ",{"t":"idOrVar","v":"value"}," minuti"],"many":["tra ",{"t":"idOrVar","v":"value"}," minuti"],"other":["tra ",{"t":"idOrVar","v":"value"}," minuti"]},"$x":[{"t":"idOrVar","v":"plural"},"value"]},{"$i":"hours-until-long","$v":{"zero":"adesso","one":"tra un’ora","two":["tra ",{"t":"idOrVar","v":"value"}," ore"],"few":["tra ",{"t":"idOrVar","v":"value"}," ore"],"many":["tra ",{"t":"idOrVar","v":"value"}," ore"],"other":["tra ",{"t":"idOrVar","v":"value"}," ore"]},"$x":[{"t":"idOrVar","v":"plural"},"value"]},{"$i":"days-until-long","$v":{"zero":"oggi","one":"domani","two":["tra ",{"t":"idOrVar","v":"value"}," giorni"],"few":["tra ",{"t":"idOrVar","v":"value"}," giorni"],"many":["tra ",{"t":"idOrVar","v":"value"}," giorni"],"other":["tra ",{"t":"idOrVar","v":"value"}," giorni"]},"$x":[{"t":"idOrVar","v":"plural"},"value"]},{"$i":"weeks-until-long","$v":{"zero":"questa settimana","one":"prossima settimana","two":["tra ",{"t":"idOrVar","v":"value"}," settimane"],"few":["tra ",{"t":"idOrVar","v":"value"}," settimane"],"many":["tra ",{"t":"idOrVar","v":"value"}," settimane"],"other":["tra ",{"t":"idOrVar","v":"value"}," settimane"]},"$x":[{"t":"idOrVar","v":"plural"},"value"]},{"$i":"months-until-long","$v":{"zero":"questo mese","one":"prossimo mese","two":["in ",{"t":"idOrVar","v":"value"}," mesi"],"few":["tra ",{"t":"idOrVar","v":"value"}," mesi"],"many":["tra ",{"t":"idOrVar","v":"value"}," mesi"],"other":["in ",{"t":"idOrVar","v":"value"}," mesi"]},"$x":[{"t":"idOrVar","v":"plural"},"value"]},{"$i":"years-until-long","$v":{"zero":"quest’anno","one":"prossimo anno","two":["tra ",{"t":"idOrVar","v":"value"}," anni"],"few":["tra ",{"t":"idOrVar","v":"value"}," anni"],"many":["tra ",{"t":"idOrVar","v":"value"}," anni"],"other":["tra ",{"t":"idOrVar","v":"value"}," anni"]},"$x":[{"t":"idOrVar","v":"plural"},"value"]},{"$i":"minutes-ago-short","$v":{"zero":"adesso","other":[{"t":"idOrVar","v":"value"},"m fa"]},"$x":[{"t":"idOrVar","v":"plural"},"value"]},{"$i":"hours-ago-short","$v":{"zero":"adesso","other":[{"t":"idOrVar","v":"value"},"h fa"]},"$x":[{"t":"idOrVar","v":"plural"},"value"]},{"$i":"days-ago-short","$v":{"zero":"oggi","other":[{"t":"idOrVar","v":"value"},"g fa"]},"$x":[{"t":"idOrVar","v":"plural"},"value"]},{"$i":"minutes-until-short","$v":{"zero":"adesso","other":["tra ",{"t":"idOrVar","v":"value"},"m"]},"$x":[{"t":"idOrVar","v":"plural"},"value"]},{"$i":"hours-until-short","$v":{"zero":"adesso","other":["tra ",{"t":"idOrVar","v":"value"},"h"]},"$x":[{"t":"idOrVar","v":"plural"},"value"]},{"$i":"days-until-short","$v":{"zero":"oggi","other":["tra ",{"t":"idOrVar","v":"value"},"g"]},"$x":[{"t":"idOrVar","v":"plural"},"value"]},{"$i":"incorrectDate","$v":"(data errata)"},{"$i":"dateTimeFormat_%c","$v":"%a %e %b %Y %H:%M:%S"},{"$i":"dateTimeFormat_%x","$v":"%d/%m/%Y"},{"$i":"dateTimeFormat_%X","$v":"%H:%M:%S"},{"$i":"shortTimeFormat","$v":"%H:%M"},{"$i":"shortTimeFormat12","$v":"%I:%M %p"},{"$i":"shortTimeFormat24","$v":"%H:%M"},{"$i":"shortDateTimeFormat","$v":"%x %H:%M"},{"$i":"weekStartsOnMonday","$v":"1"},{"$i":"firstDayOfTheWeek","$v":"1"},{"$i":"time_am","$v":"AM"},{"$i":"time_pm","$v":"PM"}]