[{"$i":"back","$v":"戻る"},{"$i":"save","$v":"保存"},{"$i":"hide","$v":"非表示"},{"$i":"cancel","$v":"キャンセル"},{"$i":"confirm","$v":"確認"},{"$i":"done","$v":"完了"},{"$i":"events","$v":"予定"},{"$i":"edit","$v":"編集"},{"$i":"allday-events","$v":"終日の予定"},{"$i":"no-events","$v":"予定なし"},{"$i":"show-today","$v":"今日"},{"$i":"show-month-view","$v":"月"},{"$i":"show-week-view","$v":"週"},{"$i":"show-day-view","$v":"日"},{"$i":"settings-show","$v":"設定"},{"$i":"settings-hide","$v":"設定を隠す"},{"$i":"add-account","$v":"アカウント追加"},{"$i":"new-event","$v":"予定追加"},{"$i":"view-event-header","$v":"予定"},{"$i":"new-event-header","$v":"予定追加"},{"$i":"edit-event-header","$v":"予定編集"},{"$i":"account-header","$v":"アカウント"},{"$i":"account-list-header","$v":"アカウント一覧"},{"$i":"advanced-settings-short-icon-button","ariaLabel":"Settings"},{"$i":"advanced-settings-header","$v":"カレンダー設定"},{"$i":"advanced-settings-personalization","$v":"個人設定"},{"$i":"advanced-settings-reminders","$v":"アラーム設定"},{"$i":"advanced-settings-add-account","$v":"アカウント追加"},{"$i":"field-user","placeholder":"ユーザ名"},{"$i":"field-password","placeholder":"パスワード"},{"$i":"field-full-url","placeholder":"URL"},{"$i":"modify-account-setting-up","$v":"アカウントを設定しています。しばらくお待ちください"},{"$i":"modify-account-unable-to-sync","$v":"同期できません"},{"$i":"modify-account-sign-in","$v":"サインイン"},{"$i":"preset-caldav","$v":"CalDav"},{"$i":"preset-yahoo","$v":"Yahoo!"},{"$i":"preset-google","$v":"Google"},{"$i":"preset-local","$v":"オフラインカレンダー"},{"$i":"preset-mozilla","$v":"Mozilla Zimbra"},{"$i":"calendar-local","$v":"オフラインカレンダー"},{"$i":"event-title","placeholder":"タイトル"},{"$i":"event-location","placeholder":"場所"},{"$i":"event-description","placeholder":"メモ"},{"$i":"event-is-allday","$v":"終日の予定？"},{"$i":"event-start-date","placeholder":"開始日"},{"$i":"event-end-date","placeholder":"終了日"},{"$i":"event-start-time","placeholder":"開始時刻"},{"$i":"event-end-time","placeholder":"終了時刻"},{"$i":"event-delete","$v":"予定を削除"},{"$i":"remove-account-data","$v":"ローカルデータ削除"},{"$i":"remove-account-dialog","$v":"アカウント削除"},{"$i":"remove-account-dialog-details","$v":"このアカウントを削除すると、関連付けられたカレンダーと予定のローカルコピーも削除されます。"},{"$i":"drawer-sync-icon-button","ariaLabel":"Sync"},{"$i":"sync-progress-syncing","ariaValueText":"Syncing"},{"$i":"sync-progress-complete","ariaValueText":"Syncing complete"},{"$i":"sync-frequency","$v":"カレンダーの同期"},{"$i":"sync-frequency-15min","$v":"15分"},{"$i":"sync-frequency-30min","$v":"30分"},{"$i":"sync-frequency-manual","$v":"手動設定"},{"$i":"one-day-duration","$v":[{"t":"idOrVar","v":"startDate"},"<br>",{"t":"idOrVar","v":"startTime"}," から ",{"t":"idOrVar","v":"endTime"}," まで"]},{"$i":"multiple-day-duration","$v":[{"t":"idOrVar","v":"startDate"},"の ",{"t":"idOrVar","v":"startTime"}," から<br>",{"t":"idOrVar","v":"endDate"},"の ",{"t":"idOrVar","v":"endTime"}," まで"]},{"$i":"one-all-day-duration","$v":["終日<br>",{"t":"idOrVar","v":"startDate"}]},{"$i":"multiple-all-day-duration","$v":["終日 ",{"t":"idOrVar","v":"startDate"}," から<br>",{"t":"idOrVar","v":"endDate"}," まで"]},{"$i":"none","$v":"なし"},{"$i":"reminder","$v":"アラーム通知:"},{"$i":"remind-me","$v":"アラーム通知する"},{"$i":"alarm-at-event-standard","$v":"予定時刻に通知"},{"$i":"alarm-at-event-allday","$v":"予定日に通知"},{"$i":"alarm-start-notice","$v":[{"t":"idOrVar","v":"title"}," の開始予定まであと ",{"t":"idOrVar","v":"distance"}]},{"$i":"alarm-started-notice","$v":[{"t":"idOrVar","v":"title"}," の開始予定から ",{"t":"idOrVar","v":"distance"}," 経過"]},{"$i":"minutes-before","$v":{"zero":"0分前","one":"1分前","two":[{"t":"idOrVar","v":"value"},"分前"],"few":[{"t":"idOrVar","v":"value"},"分前"],"many":[{"t":"idOrVar","v":"value"},"分前"],"other":[{"t":"idOrVar","v":"value"},"分前"]},"$x":[{"t":"idOrVar","v":"plural"},"value"]},{"$i":"hours-before","$v":{"zero":"0時間前","one":"1時間前","two":[{"t":"idOrVar","v":"value"},"時間前"],"few":[{"t":"idOrVar","v":"value"},"時間前"],"many":[{"t":"idOrVar","v":"value"},"時間前"],"other":[{"t":"idOrVar","v":"value"},"時間前"]},"$x":[{"t":"idOrVar","v":"plural"},"value"]},{"$i":"days-before","$v":{"zero":"0日前","one":"1日前","two":[{"t":"idOrVar","v":"value"},"日前"],"few":[{"t":"idOrVar","v":"value"},"日前"],"many":[{"t":"idOrVar","v":"value"},"日前"],"other":[{"t":"idOrVar","v":"value"},"日前"]},"$x":[{"t":"idOrVar","v":"plural"},"value"]},{"$i":"weeks-before","$v":{"zero":"0週間前","one":"1週間前","two":[{"t":"idOrVar","v":"value"},"週間前"],"few":[{"t":"idOrVar","v":"value"},"週間前"],"many":[{"t":"idOrVar","v":"value"},"週間前"],"other":[{"t":"idOrVar","v":"value"},"週間前"]},"$x":[{"t":"idOrVar","v":"plural"},"value"]},{"$i":"months-before","$v":{"zero":"0か月前","one":"1か月前","two":[{"t":"idOrVar","v":"value"},"か月前"],"few":[{"t":"idOrVar","v":"value"},"か月前"],"many":[{"t":"idOrVar","v":"value"},"か月前"],"other":[{"t":"idOrVar","v":"value"},"か月前"]},"$x":[{"t":"idOrVar","v":"plural"},"value"]},{"$i":"years-before","$v":{"zero":"0年前","one":"1年前","two":[{"t":"idOrVar","v":"value"},"年前"],"few":[{"t":"idOrVar","v":"value"},"年前"],"many":[{"t":"idOrVar","v":"value"},"年前"],"other":[{"t":"idOrVar","v":"value"},"年前"]},"$x":[{"t":"idOrVar","v":"plural"},"value"]},{"$i":"minutes-after","$v":{"zero":"0分後","one":"1分後","two":[{"t":"idOrVar","v":"value"},"分後"],"few":[{"t":"idOrVar","v":"value"},"分後"],"many":[{"t":"idOrVar","v":"value"},"分後"],"other":[{"t":"idOrVar","v":"value"},"分後"]},"$x":[{"t":"idOrVar","v":"plural"},"value"]},{"$i":"hours-after","$v":{"zero":"0時間後","one":"1時間後","two":[{"t":"idOrVar","v":"value"},"時間後"],"few":[{"t":"idOrVar","v":"value"},"時間後"],"many":[{"t":"idOrVar","v":"value"},"時間後"],"other":[{"t":"idOrVar","v":"value"},"時間後"]},"$x":[{"t":"idOrVar","v":"plural"},"value"]},{"$i":"days-after","$v":{"zero":"0日後","one":"1日後","two":[{"t":"idOrVar","v":"value"},"日後"],"few":[{"t":"idOrVar","v":"value"},"日後"],"many":[{"t":"idOrVar","v":"value"},"日後"],"other":[{"t":"idOrVar","v":"value"},"日後"]},"$x":[{"t":"idOrVar","v":"plural"},"value"]},{"$i":"weeks-after","$v":{"zero":"0週間後","one":"1週間後","two":[{"t":"idOrVar","v":"value"},"週間後"],"few":[{"t":"idOrVar","v":"value"},"週間後"],"many":[{"t":"idOrVar","v":"value"},"週間後"],"other":[{"t":"idOrVar","v":"value"},"週間後"]},"$x":[{"t":"idOrVar","v":"plural"},"value"]},{"$i":"months-after","$v":{"zero":"0か月後","one":"1か月後","two":[{"t":"idOrVar","v":"value"},"か月後"],"few":[{"t":"idOrVar","v":"value"},"か月後"],"many":[{"t":"idOrVar","v":"value"},"か月後"],"other":[{"t":"idOrVar","v":"value"},"か月後"]},"$x":[{"t":"idOrVar","v":"plural"},"value"]},{"$i":"years-after","$v":{"zero":"0年後","one":"1年後","two":[{"t":"idOrVar","v":"value"},"年後"],"few":[{"t":"idOrVar","v":"value"},"年後"],"many":[{"t":"idOrVar","v":"value"},"年後"],"other":[{"t":"idOrVar","v":"value"},"年後"]},"$x":[{"t":"idOrVar","v":"plural"},"value"]},{"$i":"hour-format12","$v":"%p%I時"},{"$i":"hour-format24","$v":"%H時"},{"$i":"week-hour-format12","$v":"%p%I時"},{"$i":"week-hour-format24","$v":"%H時"},{"$i":"hour-allday","$v":"終日"},{"$i":"week-day","$v":"%e日(%a)"},{"$i":"current-time12","$v":"%I:%M"},{"$i":"current-time24","$v":"%H:%M"},{"$i":"multi-month-view-header-format","$v":"%Y年%B"},{"$i":"day-view-header-format","$v":"%B%e日 %A"},{"$i":"months-day-view-header-format","$v":"%B%e日 %A"},{"$i":"longDateFormat","$v":"%Y年%B%e日(%a)"},{"$i":"error-start-date-after-end-date","$v":"予定を開始日より前に終了することはできません"},{"$i":"error-start-time-after-end-time","$v":"予定を開始時刻より前に終了することはできません"},{"$i":"error-unauthenticated","$v":"ログインまたはパスワードの入力に誤りがあります。"},{"$i":"error-internal-server-error","$v":"サーバエラーが発生しました。ログイン状態を確認して再度試してください。"},{"$i":"error-default","$v":"エラーが発生しました。後で再度試してください。"},{"$i":"error-offline","$v":"接続がありません。ネットワーク設定を確認して再度試してください。"},{"$i":"error-account-exist","$v":"このアカウントは既に設定されています。"},{"$i":"notification-error-sync-title","$v":"カレンダー同期エラー"},{"$i":"notification-error-sync-description","$v":"タップして情報を見る"},{"$i":"weekday-0-single-char","$v":"日","ariaLabel":"日曜日"},{"$i":"weekday-1-single-char","$v":"月","ariaLabel":"月曜日"},{"$i":"weekday-2-single-char","$v":"火","ariaLabel":"火曜日"},{"$i":"weekday-3-single-char","$v":"水","ariaLabel":"水曜日"},{"$i":"weekday-4-single-char","$v":"木","ariaLabel":"木曜日"},{"$i":"weekday-5-single-char","$v":"金","ariaLabel":"金曜日"},{"$i":"weekday-6-single-char","$v":"土","ariaLabel":"土曜日"},{"$i":"busy","$v":{"one":["予定 ",{"t":"idOrVar","v":"n"},"件"],"two":["予定 ",{"t":"idOrVar","v":"n"},"件"],"few":["予定 ",{"t":"idOrVar","v":"n"},"件"],"many":["予定 ",{"t":"idOrVar","v":"n"},"件"],"other":["予定 ",{"t":"idOrVar","v":"n"},"件"]},"$x":[{"t":"idOrVar","v":"plural"},"n"]},{"$i":"present","ariaLabel":"今日"},{"$i":"past-other-month-description","ariaLabel":"Other month"},{"$i":"future-other-month-description","ariaLabel":"Other month"},{"$i":"icon-calendar-alarm","ariaLabel":"アラーム通知あり"},{"$i":"calendars","ariaLabel":"カレンダー"},{"$i":"multi-day-new-event-link","ariaLabel":"予定を追加"},{"$i":"title","ariaLabel":"タイトル"},{"$i":"location","ariaLabel":"場所"},{"$i":"duration","ariaLabel":"期間"},{"$i":"calendar","ariaLabel":"カレンダー"},{"$i":"alarms","ariaLabel":"アラーム通知"},{"$i":"description","ariaLabel":"メモ"},{"$i":"start-date","ariaLabel":"開始日"},{"$i":"start-time","ariaLabel":"開始時刻"},{"$i":"end-date","ariaLabel":"終了日"},{"$i":"end-time","ariaLabel":"終了時刻"},{"$i":"during-progress-loading","ariaValueText":"読み込み中"},{"$i":"all-day","ariaLabel":"All day"},{"$i":"create-event","ariaLabel":"Create event"},{"$i":"create-all-day-event","ariaLabel":"Create all day event"},{"$i":"event-one-day-duration","ariaLabel":["from ",{"t":"idOrVar","v":"startTime"}," to ",{"t":"idOrVar","v":"endTime"}]},{"$i":"week-event-one-day-duration","ariaLabel":[{"t":"idOrVar","v":"startDate"}," from ",{"t":"idOrVar","v":"startTime"}," to ",{"t":"idOrVar","v":"endTime"}]},{"$i":"event-multiple-day-duration","ariaLabel":["From ",{"t":"idOrVar","v":"startTime"}," ",{"t":"idOrVar","v":"startDate"}," to ",{"t":"idOrVar","v":"endTime"}," ",{"t":"idOrVar","v":"endDate"}]},{"$i":"weekday-0-long","$v":"日曜日"},{"$i":"weekday-1-long","$v":"月曜日"},{"$i":"weekday-2-long","$v":"火曜日"},{"$i":"weekday-3-long","$v":"水曜日"},{"$i":"weekday-4-long","$v":"木曜日"},{"$i":"weekday-5-long","$v":"金曜日"},{"$i":"weekday-6-long","$v":"土曜日"},{"$i":"weekday-0-short","$v":"日"},{"$i":"weekday-1-short","$v":"月"},{"$i":"weekday-2-short","$v":"火"},{"$i":"weekday-3-short","$v":"水"},{"$i":"weekday-4-short","$v":"木"},{"$i":"weekday-5-short","$v":"金"},{"$i":"weekday-6-short","$v":"土"},{"$i":"month-0-long","$v":"1月"},{"$i":"month-1-long","$v":"2月"},{"$i":"month-2-long","$v":"3月"},{"$i":"month-3-long","$v":"4月"},{"$i":"month-4-long","$v":"5月"},{"$i":"month-5-long","$v":"6月"},{"$i":"month-6-long","$v":"7月"},{"$i":"month-7-long","$v":"8月"},{"$i":"month-8-long","$v":"9月"},{"$i":"month-9-long","$v":"10月"},{"$i":"month-10-long","$v":"11月"},{"$i":"month-11-long","$v":"12月"},{"$i":"month-0-genitive","$v":"1月"},{"$i":"month-1-genitive","$v":"2月"},{"$i":"month-2-genitive","$v":"3月"},{"$i":"month-3-genitive","$v":"4月"},{"$i":"month-4-genitive","$v":"5月"},{"$i":"month-5-genitive","$v":"6月"},{"$i":"month-6-genitive","$v":"7月"},{"$i":"month-7-genitive","$v":"8月"},{"$i":"month-8-genitive","$v":"9月"},{"$i":"month-9-genitive","$v":"10月"},{"$i":"month-10-genitive","$v":"11月"},{"$i":"month-11-genitive","$v":"12月"},{"$i":"month-0-short","$v":"1月"},{"$i":"month-1-short","$v":"2月"},{"$i":"month-2-short","$v":"3月"},{"$i":"month-3-short","$v":"4月"},{"$i":"month-4-short","$v":"5月"},{"$i":"month-5-short","$v":"6月"},{"$i":"month-6-short","$v":"7月"},{"$i":"month-7-short","$v":"8月"},{"$i":"month-8-short","$v":"9月"},{"$i":"month-9-short","$v":"10月"},{"$i":"month-10-short","$v":"11月"},{"$i":"month-11-short","$v":"12月"},{"$i":"minutes-ago-long","$v":{"zero":"1分以内","one":"1分前","two":[{"t":"idOrVar","v":"value"},"分前"],"few":[{"t":"idOrVar","v":"value"},"分前"],"many":[{"t":"idOrVar","v":"value"},"分前"],"other":[{"t":"idOrVar","v":"value"},"分前"]},"$x":[{"t":"idOrVar","v":"plural"},"value"]},{"$i":"hours-ago-long","$v":{"zero":"1時間以内","one":"1時間前","two":[{"t":"idOrVar","v":"value"},"時間前"],"few":[{"t":"idOrVar","v":"value"},"時間前"],"many":[{"t":"idOrVar","v":"value"},"時間前"],"other":[{"t":"idOrVar","v":"value"},"時間前"]},"$x":[{"t":"idOrVar","v":"plural"},"value"]},{"$i":"days-ago-long","$v":{"zero":"今日","one":"昨日","two":[{"t":"idOrVar","v":"value"},"日前"],"few":[{"t":"idOrVar","v":"value"},"日前"],"many":[{"t":"idOrVar","v":"value"},"日前"],"other":[{"t":"idOrVar","v":"value"},"日前"]},"$x":[{"t":"idOrVar","v":"plural"},"value"]},{"$i":"weeks-ago-long","$v":{"zero":"今週","one":"先週","two":[{"t":"idOrVar","v":"value"},"週間前"],"few":[{"t":"idOrVar","v":"value"},"週間前"],"many":[{"t":"idOrVar","v":"value"},"週間前"],"other":[{"t":"idOrVar","v":"value"},"週間前"]},"$x":[{"t":"idOrVar","v":"plural"},"value"]},{"$i":"months-ago-long","$v":{"zero":"今月","one":"先月","two":[{"t":"idOrVar","v":"value"},"か月前"],"few":[{"t":"idOrVar","v":"value"},"か月前"],"many":[{"t":"idOrVar","v":"value"},"か月前"],"other":[{"t":"idOrVar","v":"value"},"か月前"]},"$x":[{"t":"idOrVar","v":"plural"},"value"]},{"$i":"years-ago-long","$v":{"zero":"今年","one":"昨年","two":[{"t":"idOrVar","v":"value"},"年前"],"few":[{"t":"idOrVar","v":"value"},"年前"],"many":[{"t":"idOrVar","v":"value"},"年前"],"other":[{"t":"idOrVar","v":"value"},"年前"]},"$x":[{"t":"idOrVar","v":"plural"},"value"]},{"$i":"minutes-until-long","$v":{"zero":"1分以内","one":"1分後","two":[{"t":"idOrVar","v":"value"},"分後"],"few":[{"t":"idOrVar","v":"value"},"分後"],"many":[{"t":"idOrVar","v":"value"},"分後"],"other":[{"t":"idOrVar","v":"value"},"分後"]},"$x":[{"t":"idOrVar","v":"plural"},"value"]},{"$i":"hours-until-long","$v":{"zero":"1時間以内","one":"1時間後","two":[{"t":"idOrVar","v":"value"},"時間後"],"few":[{"t":"idOrVar","v":"value"},"時間後"],"many":[{"t":"idOrVar","v":"value"},"時間後"],"other":[{"t":"idOrVar","v":"value"},"時間後"]},"$x":[{"t":"idOrVar","v":"plural"},"value"]},{"$i":"days-until-long","$v":{"zero":"今日","one":"明日","two":[{"t":"idOrVar","v":"value"},"日後"],"few":[{"t":"idOrVar","v":"value"},"日後"],"many":[{"t":"idOrVar","v":"value"},"日後"],"other":[{"t":"idOrVar","v":"value"},"日後"]},"$x":[{"t":"idOrVar","v":"plural"},"value"]},{"$i":"weeks-until-long","$v":{"zero":"今週","one":"来週","two":[{"t":"idOrVar","v":"value"},"週間後"],"few":[{"t":"idOrVar","v":"value"},"週間後"],"many":[{"t":"idOrVar","v":"value"},"週間後"],"other":[{"t":"idOrVar","v":"value"},"週間後"]},"$x":[{"t":"idOrVar","v":"plural"},"value"]},{"$i":"months-until-long","$v":{"zero":"今月","one":"来月","two":[{"t":"idOrVar","v":"value"},"か月後"],"few":[{"t":"idOrVar","v":"value"},"か月後"],"many":[{"t":"idOrVar","v":"value"},"か月後"],"other":[{"t":"idOrVar","v":"value"},"か月後"]},"$x":[{"t":"idOrVar","v":"plural"},"value"]},{"$i":"years-until-long","$v":{"zero":"今年","one":"来年","two":[{"t":"idOrVar","v":"value"},"年後"],"few":[{"t":"idOrVar","v":"value"},"年後"],"many":[{"t":"idOrVar","v":"value"},"年後"],"other":[{"t":"idOrVar","v":"value"},"年後"]},"$x":[{"t":"idOrVar","v":"plural"},"value"]},{"$i":"minutes-ago-short","$v":{"zero":"直前","other":[{"t":"idOrVar","v":"value"},"分前"]},"$x":[{"t":"idOrVar","v":"plural"},"value"]},{"$i":"hours-ago-short","$v":{"zero":"数分前","other":[{"t":"idOrVar","v":"value"},"時間前"]},"$x":[{"t":"idOrVar","v":"plural"},"value"]},{"$i":"days-ago-short","$v":{"zero":"今日","other":[{"t":"idOrVar","v":"value"},"日前"]},"$x":[{"t":"idOrVar","v":"plural"},"value"]},{"$i":"minutes-until-short","$v":{"zero":"直後","other":[{"t":"idOrVar","v":"value"},"分後"]},"$x":[{"t":"idOrVar","v":"plural"},"value"]},{"$i":"hours-until-short","$v":{"zero":"数分後","other":[{"t":"idOrVar","v":"value"},"時間後"]},"$x":[{"t":"idOrVar","v":"plural"},"value"]},{"$i":"days-until-short","$v":{"zero":"今日","other":[{"t":"idOrVar","v":"value"},"日後"]},"$x":[{"t":"idOrVar","v":"plural"},"value"]},{"$i":"incorrectDate","$v":"(日付が不正です)"},{"$i":"dateTimeFormat_%c","$v":"%Y年%b%e日(%a) %p%I:%M:%S"},{"$i":"dateTimeFormat_%x","$v":"%Y/%m/%d"},{"$i":"dateTimeFormat_%X","$v":"%p%I:%M:%S"},{"$i":"shortTimeFormat","$v":"%p%I:%M"},{"$i":"shortTimeFormat12","$v":"%p%I:%M"},{"$i":"shortTimeFormat24","$v":"%H:%M"},{"$i":"shortDateTimeFormat","$v":"%x %p%I:%M"},{"$i":"weekStartsOnMonday","$v":"0"},{"$i":"firstDayOfTheWeek","$v":"0"},{"$i":"time_am","$v":"午前"},{"$i":"time_pm","$v":"午後"}]