[{"$i":"back","$v":"ថយក្រោយ"},{"$i":"save","$v":"រក្សា​​ទុក"},{"$i":"hide","$v":"លាក់"},{"$i":"cancel","$v":"បោះបង់"},{"$i":"confirm","$v":"បញ្ជាក់"},{"$i":"done","$v":"រួចរាល់"},{"$i":"events","$v":"ព្រឹត្តិការណ៍"},{"$i":"edit","$v":"កែសម្រួល"},{"$i":"allday-events","$v":"ព្រឹត្តិការណ៍​​ពេញ​មួយ​ថ្ងៃ"},{"$i":"no-events","$v":"គ្មាន​ព្រឹត្តិការណ៍"},{"$i":"show-today","$v":"ថ្ងៃនេះ"},{"$i":"show-month-view","$v":"ខែ"},{"$i":"show-week-view","$v":"សប្ដាហ៍"},{"$i":"show-day-view","$v":"ថ្ងៃ"},{"$i":"settings-show","$v":"ការ​កំណត់"},{"$i":"settings-hide","$v":"លាក់​ការ​កំណត់"},{"$i":"add-account","$v":"បន្ថែម​គណនី"},{"$i":"new-event","$v":"បន្ថែម​ព្រឹត្តិការណ៍"},{"$i":"view-event-header","$v":"ព្រឹត្តិការណ៍"},{"$i":"new-event-header","$v":"បន្ថែម​ព្រឹត្តិការណ៍"},{"$i":"edit-event-header","$v":"កែសម្រួល​ព្រឹត្តិការណ៍"},{"$i":"account-header","$v":"គណនី"},{"$i":"account-list-header","$v":"គណនី"},{"$i":"advanced-settings-short-icon-button","ariaLabel":"ការ​កំណត់"},{"$i":"advanced-settings-header","$v":"ការ​កំណត់​ប្រតិទិន"},{"$i":"advanced-settings-personalization","$v":"កំណត់​លក្ខណៈ​ផ្ទាល់ខ្លួន"},{"$i":"advanced-settings-reminders","$v":"កម្មវិធី​រំលឹក"},{"$i":"advanced-settings-add-account","$v":"បន្ថែម​គណនី"},{"$i":"field-user","placeholder":"ឈ្មោះ​អ្នក​ប្រើ"},{"$i":"field-password","placeholder":"ពាក្យ​សម្ងាត់"},{"$i":"field-full-url","placeholder":"URL"},{"$i":"modify-account-setting-up","$v":"សូម​រង់ចាំ​​ខណៈ​ពេល​​​កំពុង​​រៀបចំ​​​គណនី​របស់​អ្នក​"},{"$i":"modify-account-unable-to-sync","$v":"មិន​អាច​ធ្វើ​សមកាលកម្ម"},{"$i":"modify-account-sign-in","$v":"ចូល"},{"$i":"preset-caldav","$v":"CalDav"},{"$i":"preset-yahoo","$v":"Yahoo!"},{"$i":"preset-google","$v":"Google"},{"$i":"preset-local","$v":"ប្រតិទិន​​ពេល​គ្មាន​អ៊ីនធឺណិត"},{"$i":"preset-mozilla","$v":"Mozilla ស៊ីមប្រា"},{"$i":"calendar-local","$v":"ប្រតិទិន​ពេល​​គ្មាន​អ៊ីនធឺណិត"},{"$i":"event-title","placeholder":"ចំណងជើង"},{"$i":"event-location","placeholder":"ឯណា?"},{"$i":"event-description","placeholder":"ចំណាំ"},{"$i":"event-is-allday","$v":"ព្រឹត្តិការណ៍​មួយ​ថ្ងៃ​ពេញ?"},{"$i":"event-start-date","placeholder":"កាលបរិច្ឆេទ​ចាប់ផ្តើម"},{"$i":"event-end-date","placeholder":"កាលបរិច្ឆេទ​បញ្ចប់"},{"$i":"event-start-time","placeholder":"ម៉ោង​ចាប់ផ្ដើម"},{"$i":"event-end-time","placeholder":"ម៉ោង​បញ្ចប់"},{"$i":"event-delete","$v":"លុប​ព្រឹត្តិការណ៍"},{"$i":"remove-account-data","$v":"លុប​ទិន្នន័យ​ក្នុង​​មូលដ្ឋាន"},{"$i":"remove-account-dialog","$v":"យក​គណនី​ចេញ"},{"$i":"remove-account-dialog-details","$v":"ការ​យក​គណនី​នេះ​ចេញ​​ក៏​នឹង​លុប​​ច្បាប់​ចម្លង​​ប្រតិទិន និង​ព្រឹត្តិការណ៍​ដែល​ទាក់ទង​ក្នុង​​ម៉ាស៊ីន​​របស់​អ្នក​ដែរ។"},{"$i":"drawer-sync-icon-button","ariaLabel":"ធ្វើ​សមកាលកម្ម"},{"$i":"sync-progress-syncing","ariaValueText":"ធ្វើ​សមកាលកម្ម"},{"$i":"sync-progress-complete","ariaValueText":"បាន​បញ្ចប់​ការ​ធ្វើ​សមកាលកម្ម"},{"$i":"sync-frequency","$v":"ធ្វើ​សមកាល​ប្រតិទិន"},{"$i":"sync-frequency-15min","$v":"15 នាទី"},{"$i":"sync-frequency-30min","$v":"30 នាទី"},{"$i":"sync-frequency-manual","$v":"ដោយ​ដៃ"},{"$i":"one-day-duration","$v":[{"t":"idOrVar","v":"startDate"},"<br>ពី ",{"t":"idOrVar","v":"startTime"}," ទៅ ",{"t":"idOrVar","v":"endTime"}]},{"$i":"multiple-day-duration","$v":["ពី ",{"t":"idOrVar","v":"startTime"}," ",{"t":"idOrVar","v":"startDate"},"<br>to ",{"t":"idOrVar","v":"endTime"}," ",{"t":"idOrVar","v":"endDate"}]},{"$i":"one-all-day-duration","$v":["ពេញ​មួយ​ថ្ងៃ<br>",{"t":"idOrVar","v":"startDate"}]},{"$i":"multiple-all-day-duration","$v":["ពេញ​មួយ​ថ្ងៃ​ពី ",{"t":"idOrVar","v":"startDate"},"<br>to ",{"t":"idOrVar","v":"endDate"}]},{"$i":"none","$v":"គ្មាន"},{"$i":"reminder","$v":"កម្មវិធី​រំលឹក៖"},{"$i":"remind-me","$v":"រំលឹក​ខ្ញុំ"},{"$i":"alarm-at-event-standard","$v":"នៅ​អំឡុង​ពេល​ព្រឹត្តិការណ៍"},{"$i":"alarm-at-event-allday","$v":"នៅ​ថ្ងៃ​ព្រឹត្តិការណ៍"},{"$i":"alarm-start-notice","$v":[{"t":"idOrVar","v":"title"},"ចាប់ផ្ដើម​នៅ ",{"t":"idOrVar","v":"distance"}]},{"$i":"alarm-started-notice","$v":[{"t":"idOrVar","v":"title"}," ចាប់ផ្ដើម ",{"t":"idOrVar","v":"distance"}]},{"$i":"minutes-before","$v":{"zero":"0 នាទី​មុន","one":"1 នាទី​មុន","two":[{"t":"idOrVar","v":"value"}," នាទី​មុន"],"few":[{"t":"idOrVar","v":"value"}," នាទី​មុន"],"many":[{"t":"idOrVar","v":"value"}," នាទី​មុន"],"other":[{"t":"idOrVar","v":"value"}," នាទី​មុន"]},"$x":[{"t":"idOrVar","v":"plural"},"value"]},{"$i":"hours-before","$v":{"zero":"0 ម៉ោង​មុន","one":"1 ម៉ោង​មុន","two":[{"t":"idOrVar","v":"value"}," ម៉ោង​មុន"],"few":[{"t":"idOrVar","v":"value"}," ម៉ោង​មុន"],"many":[{"t":"idOrVar","v":"value"}," ម៉ោង​មុន"],"other":[{"t":"idOrVar","v":"value"}," hours before"]},"$x":[{"t":"idOrVar","v":"plural"},"value"]},{"$i":"days-before","$v":{"zero":"0 ថ្ងៃ​មុន","one":"1 ថ្ងៃ​មុន","two":[{"t":"idOrVar","v":"value"}," ថ្ងៃ​មុន"],"few":[{"t":"idOrVar","v":"value"}," ថ្ងៃ​មុន"],"many":[{"t":"idOrVar","v":"value"}," ថ្ងៃ​មុន"],"other":[{"t":"idOrVar","v":"value"}," ថ្ងៃ​​មុន"]},"$x":[{"t":"idOrVar","v":"plural"},"value"]},{"$i":"weeks-before","$v":{"zero":"0 សប្ដាហ៍​មុន","one":"1 សប្ដាហ៍​មុន","two":[{"t":"idOrVar","v":"value"}," សប្ដាហ៍​មុន"],"few":[{"t":"idOrVar","v":"value"}," សប្ដាហ៍​មុន"],"many":[{"t":"idOrVar","v":"value"}," សប្ដាហ៍​មុន"],"other":[{"t":"idOrVar","v":"value"}," សប្ដាហ៍​មុន"]},"$x":[{"t":"idOrVar","v":"plural"},"value"]},{"$i":"months-before","$v":{"zero":"0 ខែ​មុន","one":"1 ខែ​មុន","two":[{"t":"idOrVar","v":"value"}," ខែ​មុន"],"few":[{"t":"idOrVar","v":"value"}," ខែ​មុន"],"many":[{"t":"idOrVar","v":"value"}," ខែ​មុន"],"other":[{"t":"idOrVar","v":"value"}," ខែ​មុន"]},"$x":[{"t":"idOrVar","v":"plural"},"value"]},{"$i":"years-before","$v":{"zero":"0 ឆ្នាំ​មុន","one":"1 ឆ្នាំ​មុន","two":[{"t":"idOrVar","v":"value"}," ឆ្នាំ​មុន"],"few":[{"t":"idOrVar","v":"value"}," ឆ្នាំ​មុន"],"many":[{"t":"idOrVar","v":"value"}," ឆ្នាំ​មុន"],"other":[{"t":"idOrVar","v":"value"}," ឆ្នាំ​មុន"]},"$x":[{"t":"idOrVar","v":"plural"},"value"]},{"$i":"minutes-after","$v":{"zero":"0 នាទី​ក្រោយ","one":"1 នាទី​ក្រោយ","two":[{"t":"idOrVar","v":"value"}," នាទី​ក្រោយ"],"few":[{"t":"idOrVar","v":"value"}," នាទី​ក្រោយ"],"many":[{"t":"idOrVar","v":"value"}," នាទី​​ក្រោយ"],"other":[{"t":"idOrVar","v":"value"}," នាទី​ក្រោយ"]},"$x":[{"t":"idOrVar","v":"plural"},"value"]},{"$i":"hours-after","$v":{"zero":"0 ម៉ោង​ក្រោយ","one":"1 ម៉ោង​ក្រោយ","two":[{"t":"idOrVar","v":"value"}," ម៉ោង​ក្រោយ"],"few":[{"t":"idOrVar","v":"value"}," ម៉ោង​ក្រោយ"],"many":[{"t":"idOrVar","v":"value"}," ម៉ោង​ក្រោយ"],"other":[{"t":"idOrVar","v":"value"}," ម៉ោង​ក្រោយ"]},"$x":[{"t":"idOrVar","v":"plural"},"value"]},{"$i":"days-after","$v":{"zero":"0 ថ្ងៃ​ក្រោយ","one":"1 ថ្ងៃ​ក្រោយ","two":[{"t":"idOrVar","v":"value"}," ថ្ងៃ​ក្រោយ"],"few":[{"t":"idOrVar","v":"value"}," ថ្ងៃ​ក្រោយ"],"many":[{"t":"idOrVar","v":"value"}," ថ្ងៃ​ក្រោយ"],"other":[{"t":"idOrVar","v":"value"}," ថ្ងៃ​ក្រោយ"]},"$x":[{"t":"idOrVar","v":"plural"},"value"]},{"$i":"weeks-after","$v":{"zero":"0 សប្ដាហ៍​ក្រោយ","one":"1 សប្ដាហ៍​ក្រោយ","two":[{"t":"idOrVar","v":"value"}," សប្ដាហ៍​ក្រោយ"],"few":[{"t":"idOrVar","v":"value"}," សប្ដាហ៍​ក្រោយ"],"many":[{"t":"idOrVar","v":"value"}," សប្ដាហ៍​ក្រោយ"],"other":[{"t":"idOrVar","v":"value"}," សប្ដាហ៍​ក្រោយ"]},"$x":[{"t":"idOrVar","v":"plural"},"value"]},{"$i":"months-after","$v":{"zero":"0 ខែ​ក្រោយ","one":"1 ខែ​ក្រោយ","two":[{"t":"idOrVar","v":"value"}," ខែ​ក្រោយ"],"few":[{"t":"idOrVar","v":"value"}," ខែ​​ក្រោយ"],"many":[{"t":"idOrVar","v":"value"}," ខែ​​ក្រោយ"],"other":[{"t":"idOrVar","v":"value"}," ខែ​​ក្រោយ"]},"$x":[{"t":"idOrVar","v":"plural"},"value"]},{"$i":"years-after","$v":{"zero":"0 ឆ្នាំ​ក្រោយ","one":"1 ឆ្នាំ​ក្រោយ","two":[{"t":"idOrVar","v":"value"}," ឆ្នាំ​ក្រោយ"],"few":[{"t":"idOrVar","v":"value"}," ឆ្នាំ​ក្រោយ"],"many":[{"t":"idOrVar","v":"value"}," ឆ្នាំ​ក្រោយ"],"other":[{"t":"idOrVar","v":"value"}," ឆ្នាំ​ក្រោយ"]},"$x":[{"t":"idOrVar","v":"plural"},"value"]},{"$i":"hour-format12","$v":"%I %p"},{"$i":"hour-format24","$v":"%H"},{"$i":"week-hour-format12","$v":"%I %p"},{"$i":"week-hour-format24","$v":"%H"},{"$i":"hour-allday","$v":"ពេញ​មួយ​ថ្ងៃ"},{"$i":"week-day","$v":"%a %e"},{"$i":"current-time12","$v":"%I:%M"},{"$i":"current-time24","$v":"%H:%M"},{"$i":"multi-month-view-header-format","$v":"%b %Y"},{"$i":"day-view-header-format","$v":"%b %e, %A"},{"$i":"months-day-view-header-format","$v":"%A, %b %e"},{"$i":"longDateFormat","$v":"%A, %B %d, %Y"},{"$i":"error-start-date-after-end-date","$v":"ព្រឹត្តិការណ៍​មិន​អាច​បញ្ចប់​មុន​កាលបរិច្ឆេទ​​ចាប់ផ្ដើម​របស់​វា"},{"$i":"error-start-time-after-end-time","$v":"ព្រឹត្តិការណ៍​មិន​អាច​បញ្ចប់​មុន​ពេលវេលា​ចាប់ផ្ដើម​របស់​វា"},{"$i":"error-unauthenticated","$v":"កាល​ចូល និង/ឬ​ពាក្យ​សម្ងាត់​​ខុស"},{"$i":"error-internal-server-error","$v":"កំហុស​ម៉ាស៊ីនមេ។ ពិនិត្យ​​​ការ​ចូល​របស់​អ្នក និង​ព្យាយាម​ម្ដង​ទៀត។"},{"$i":"error-default","$v":"មាន​អ្វី​មួយ​ខុស។ ព្យាយាម​ម្ដង​ទៀត​ពេល​ក្រោយ។"},{"$i":"error-offline","$v":"មិន​មាន​​​អ៊ីនធឺណិត។ សូម​ពិនិត្យមើល​ការ​កំណត់​រចនាសម្ព័ន្ធ​​បណ្ដាញ​របស់​អ្នក និង​​ព្យាយាម​ម្ដងទៀត ។"},{"$i":"error-account-exist","$v":"គណនី​នេះ​មាន​រួច​ហើយ។"},{"$i":"notification-error-sync-title","$v":"កំហុស​ធ្វើ​សមកាល​កម្ម​ប្រតិទិន"},{"$i":"notification-error-sync-description","$v":"ចុច​​មើល​​ព័ត៌មាន​បន្ថែម"},{"$i":"weekday-0-single-char","$v":"S","ariaLabel":"ថ្ងៃ​អាទិត្យ"},{"$i":"weekday-1-single-char","$v":"M","ariaLabel":"ថ្ងៃ​ច័ន្ទ"},{"$i":"weekday-2-single-char","$v":"T","ariaLabel":"ថ្ងៃ​អង្គារ"},{"$i":"weekday-3-single-char","$v":"W","ariaLabel":"ថ្ងៃ​ពុធ"},{"$i":"weekday-4-single-char","$v":"T","ariaLabel":"ថ្ងៃ​ព្រហស្បតិ៍"},{"$i":"weekday-5-single-char","$v":"F","ariaLabel":"ថ្ងៃ​សុក្រ"},{"$i":"weekday-6-single-char","$v":"S","ariaLabel":"ថ្ងៃ​សៅរ៍"},{"$i":"busy","$v":{"one":["ព្រឹត្តិការណ៍ ",{"t":"idOrVar","v":"n"}],"two":["ព្រឹត្តិការណ៍ ",{"t":"idOrVar","v":"n"}],"few":["ព្រឹត្តិការណ៍ ",{"t":"idOrVar","v":"n"}],"many":["ព្រឹត្តិការណ៍ ",{"t":"idOrVar","v":"n"}],"other":["ព្រឹត្តិការណ៍ ",{"t":"idOrVar","v":"n"}]},"$x":[{"t":"idOrVar","v":"plural"},"n"]},{"$i":"present","ariaLabel":"ថ្ងៃនេះ"},{"$i":"past-other-month-description","ariaLabel":"Other month"},{"$i":"future-other-month-description","ariaLabel":"Other month"},{"$i":"icon-calendar-alarm","ariaLabel":"មាន​ការ​ជូនដំណឹង"},{"$i":"calendars","ariaLabel":"ប្រតិទិន"},{"$i":"multi-day-new-event-link","ariaLabel":"បន្ថែម​ព្រឹត្តិការណ៍"},{"$i":"title","ariaLabel":"ចំណងជើង"},{"$i":"location","ariaLabel":"ទីតាំង"},{"$i":"duration","ariaLabel":"រយៈពេល"},{"$i":"calendar","ariaLabel":"ប្រតិទិន"},{"$i":"alarms","ariaLabel":"ជូនដំណឹង"},{"$i":"description","ariaLabel":"ការ​ពណ៌នា"},{"$i":"start-date","ariaLabel":"កាលបរិច្ឆេទ​ចាប់ផ្តើម"},{"$i":"start-time","ariaLabel":"ម៉ោង​ចាប់ផ្ដើម"},{"$i":"end-date","ariaLabel":"កាលបរិច្ឆេទ​បញ្ចប់"},{"$i":"end-time","ariaLabel":"ម៉ោង​បញ្ចប់"},{"$i":"during-progress-loading","ariaValueText":"ការ​ផ្ទុក"},{"$i":"all-day","ariaLabel":"ពេញ​មួយ​ថ្ងៃ"},{"$i":"create-event","ariaLabel":"បង្កើត​ព្រឹត្តិការណ៍"},{"$i":"create-all-day-event","ariaLabel":"បង្កើត​ព្រឹត្តិការណ៍​ពេញ​មួយ​ថ្ងៃ"},{"$i":"event-one-day-duration","ariaLabel":["ពី ",{"t":"idOrVar","v":"startTime"}," ទៅ ",{"t":"idOrVar","v":"endTime"}]},{"$i":"week-event-one-day-duration","ariaLabel":[{"t":"idOrVar","v":"startDate"}," ពី ",{"t":"idOrVar","v":"startTime"}," ទៅ ",{"t":"idOrVar","v":"endTime"}]},{"$i":"event-multiple-day-duration","ariaLabel":["ពី ",{"t":"idOrVar","v":"startTime"}," ",{"t":"idOrVar","v":"startDate"}," ទៅ ",{"t":"idOrVar","v":"endTime"}," ",{"t":"idOrVar","v":"endDate"}]},{"$i":"weekday-0-long","$v":"អាទិត្យ"},{"$i":"weekday-1-long","$v":"ច័ន្ទ"},{"$i":"weekday-2-long","$v":"អង្គារ"},{"$i":"weekday-3-long","$v":"ពុធ"},{"$i":"weekday-4-long","$v":"ព្រហស្បតិ៍"},{"$i":"weekday-5-long","$v":"សុក្រ"},{"$i":"weekday-6-long","$v":"សៅរ៍"},{"$i":"weekday-0-short","$v":"អាទិត្យ"},{"$i":"weekday-1-short","$v":"ច័ន្ទ"},{"$i":"weekday-2-short","$v":"អង្គារ"},{"$i":"weekday-3-short","$v":"ពុធ"},{"$i":"weekday-4-short","$v":"ព្រហស្បតិ៍"},{"$i":"weekday-5-short","$v":"សុក្រ"},{"$i":"weekday-6-short","$v":"សៅរ៍"},{"$i":"month-0-long","$v":"មករា"},{"$i":"month-1-long","$v":"កុម្ភៈ"},{"$i":"month-2-long","$v":"មីនា"},{"$i":"month-3-long","$v":"មេសា"},{"$i":"month-4-long","$v":"ឧសភា"},{"$i":"month-5-long","$v":"មិថុនា"},{"$i":"month-6-long","$v":"កក្កដា"},{"$i":"month-7-long","$v":"សីហា"},{"$i":"month-8-long","$v":"កញ្ញា"},{"$i":"month-9-long","$v":"តុលា"},{"$i":"month-10-long","$v":"វិច្ឆិកា"},{"$i":"month-11-long","$v":"ធ្នូ"},{"$i":"month-0-genitive","$v":"មករា"},{"$i":"month-1-genitive","$v":"កុម្ភៈ"},{"$i":"month-2-genitive","$v":"មីនា"},{"$i":"month-3-genitive","$v":"មេសា"},{"$i":"month-4-genitive","$v":"ឧសភា"},{"$i":"month-5-genitive","$v":"មិថុនា"},{"$i":"month-6-genitive","$v":"កក្កដា"},{"$i":"month-7-genitive","$v":"សីហា"},{"$i":"month-8-genitive","$v":"កញ្ញា"},{"$i":"month-9-genitive","$v":"តុលា"},{"$i":"month-10-genitive","$v":"វិច្ឆិកា"},{"$i":"month-11-genitive","$v":"ធ្នូ"},{"$i":"month-0-short","$v":"មករា"},{"$i":"month-1-short","$v":"កុម្ភៈ"},{"$i":"month-2-short","$v":"មីនា"},{"$i":"month-3-short","$v":"មេសា"},{"$i":"month-4-short","$v":"ឧសភា"},{"$i":"month-5-short","$v":"មិថុនា"},{"$i":"month-6-short","$v":"កក្កដា"},{"$i":"month-7-short","$v":"សីហា"},{"$i":"month-8-short","$v":"កញ្ញា"},{"$i":"month-9-short","$v":"តុលា"},{"$i":"month-10-short","$v":"វិច្ឆិកា"},{"$i":"month-11-short","$v":"ធ្នូ"},{"$i":"minutes-ago-long","$v":{"zero":"អម្បាញ់មិញនេះ","one":"មួយ​នាទី​មុន","two":[{"t":"idOrVar","v":"value"}," នាទី​មុន"],"few":[{"t":"idOrVar","v":"value"}," នាទី​មុន"],"many":[{"t":"idOrVar","v":"value"}," នាទី​មុន"],"other":[{"t":"idOrVar","v":"value"}," នាទី​មុន"]},"$x":[{"t":"idOrVar","v":"plural"},"value"]},{"$i":"hours-ago-long","$v":{"zero":"អម្បាញ់មិញនេះ","one":"មួយ​ម៉ោង​មុន","two":[{"t":"idOrVar","v":"value"}," ម៉ោង​មុន"],"few":[{"t":"idOrVar","v":"value"}," ម៉ោង​មុន"],"many":[{"t":"idOrVar","v":"value"}," ម៉ោង​មុន"],"other":[{"t":"idOrVar","v":"value"}," ម៉ោង​មុន"]},"$x":[{"t":"idOrVar","v":"plural"},"value"]},{"$i":"days-ago-long","$v":{"zero":"ថ្ងៃ​នេះ","one":"ម្សិលមិញ","two":[{"t":"idOrVar","v":"value"}," ថ្ងៃ​មុន"],"few":[{"t":"idOrVar","v":"value"}," ថ្ងៃ​មុន"],"many":[{"t":"idOrVar","v":"value"}," ថ្ងៃ​មុន"],"other":[{"t":"idOrVar","v":"value"}," ថ្ងៃ​មុន"]},"$x":[{"t":"idOrVar","v":"plural"},"value"]},{"$i":"weeks-ago-long","$v":{"zero":"សប្ដាហ៍​នេះ","one":"សប្ដាហ៍​មុន","two":[{"t":"idOrVar","v":"value"}," សប្ដាហ៍​មុន"],"few":[{"t":"idOrVar","v":"value"}," សប្ដាហ៍​មុន"],"many":[{"t":"idOrVar","v":"value"}," សប្ដាហ៍​មុន"],"other":[{"t":"idOrVar","v":"value"}," សប្ដាហ៍​មុន"]},"$x":[{"t":"idOrVar","v":"plural"},"value"]},{"$i":"months-ago-long","$v":{"zero":"ខែ​នេះ","one":"ខែ​មុន","two":[{"t":"idOrVar","v":"value"}," ខែ​មុន"],"few":[{"t":"idOrVar","v":"value"}," ខែ​មុន"],"many":[{"t":"idOrVar","v":"value"}," ខែ​មុន"],"other":[{"t":"idOrVar","v":"value"}," ខែ​មុន"]},"$x":[{"t":"idOrVar","v":"plural"},"value"]},{"$i":"years-ago-long","$v":{"zero":"ឆ្នាំនេះ","one":"ឆ្នាំ​មុន","two":[{"t":"idOrVar","v":"value"}," ឆ្នាំ​មុន"],"few":[{"t":"idOrVar","v":"value"}," ឆ្នាំ​មុន"],"many":[{"t":"idOrVar","v":"value"}," ឆ្នាំ​មុន"],"other":[{"t":"idOrVar","v":"value"}," ឆ្នាំ​មុន"]},"$x":[{"t":"idOrVar","v":"plural"},"value"]},{"$i":"minutes-until-long","$v":{"zero":"ឥឡូវ","one":"ក្នុង​ពេល​មួយ​នាទី","two":["ក្នុង​ពេល ",{"t":"idOrVar","v":"value"}," នាទី"],"few":["ក្នុង​ពេល ",{"t":"idOrVar","v":"value"}," នាទី"],"many":["ក្នុង​ពេល​ ",{"t":"idOrVar","v":"value"}," នាទី​"],"other":["ក្នុង​ពេល ",{"t":"idOrVar","v":"value"}," នាទី"]},"$x":[{"t":"idOrVar","v":"plural"},"value"]},{"$i":"hours-until-long","$v":{"zero":"ឥឡូវ","one":"ក្នុង​រយៈពេល​១​ម៉ោង","two":["ក្នុង​ពេល​​ ",{"t":"idOrVar","v":"value"}," ម៉ោង"],"few":["ក្នុង​ពេល​​ ",{"t":"idOrVar","v":"value"}," ម៉ោង"],"many":["ក្នុង​ពេល​​ ",{"t":"idOrVar","v":"value"}," ម៉ោង"],"other":["ក្នុង​ពេល​​ ",{"t":"idOrVar","v":"value"}," ម៉ោង"]},"$x":[{"t":"idOrVar","v":"plural"},"value"]},{"$i":"days-until-long","$v":{"zero":"ថ្ងៃ​នេះ","one":"ថ្ងៃស្អែក","two":["ក្នុង​ពេល​​ ",{"t":"idOrVar","v":"value"}," ថ្ងៃ"],"few":["ក្នុង​ពេល​​ ",{"t":"idOrVar","v":"value"}," ថ្ងៃ"],"many":["ក្នុង​ពេល​​ ",{"t":"idOrVar","v":"value"}," ថ្ងៃ"],"other":["ក្នុង​ពេល​​ ",{"t":"idOrVar","v":"value"}," ថ្ងៃ"]},"$x":[{"t":"idOrVar","v":"plural"},"value"]},{"$i":"weeks-until-long","$v":{"zero":"សប្ដាហ៍​នេះ","one":"សប្ដាហ៍​ក្រោយ","two":["ក្នុង​ពេល ",{"t":"idOrVar","v":"value"}," សប្ដាហ៍"],"few":["ក្នុង​ពេល ",{"t":"idOrVar","v":"value"}," សប្ដាហ៍"],"many":["ក្នុង​ពេល ",{"t":"idOrVar","v":"value"}," សប្ដាហ៍"],"other":["ក្នុង​ពេល ",{"t":"idOrVar","v":"value"}," សប្ដាហ៍"]},"$x":[{"t":"idOrVar","v":"plural"},"value"]},{"$i":"months-until-long","$v":{"zero":"ខែ​នេះ","one":"ខែ​ក្រោយ","two":["ក្នុង​ពេល ",{"t":"idOrVar","v":"value"}," ខែ"],"few":["ក្នុង​ពេល ",{"t":"idOrVar","v":"value"}," ខែ"],"many":["ក្នុង​ពេល ",{"t":"idOrVar","v":"value"}," ខែ"],"other":["ក្នុង​ពេល ",{"t":"idOrVar","v":"value"}," ខែ"]},"$x":[{"t":"idOrVar","v":"plural"},"value"]},{"$i":"years-until-long","$v":{"zero":"ឆ្នាំនេះ","one":"ឆ្នាំ​ក្រោយ","two":["ក្នុង​ពេល ",{"t":"idOrVar","v":"value"}," ឆ្នាំ"],"few":["ក្នុង​ពេល ",{"t":"idOrVar","v":"value"}," ឆ្នាំ"],"many":["ក្នុង​ពេល ",{"t":"idOrVar","v":"value"}," ឆ្នាំ"],"other":["ក្នុង​ពេល ",{"t":"idOrVar","v":"value"}," ឆ្នាំ"]},"$x":[{"t":"idOrVar","v":"plural"},"value"]},{"$i":"minutes-ago-short","$v":{"zero":"អម្បាញ់មិញនេះ","other":[{"t":"idOrVar","v":"value"},"នាទី​មុន"]},"$x":[{"t":"idOrVar","v":"plural"},"value"]},{"$i":"hours-ago-short","$v":{"zero":"អម្បាញ់មិញនេះ","other":[{"t":"idOrVar","v":"value"},"ម៉ោង​មុន"]},"$x":[{"t":"idOrVar","v":"plural"},"value"]},{"$i":"days-ago-short","$v":{"zero":"ថ្ងៃ​នេះ","other":[{"t":"idOrVar","v":"value"},"ថ្ងៃ​មុន"]},"$x":[{"t":"idOrVar","v":"plural"},"value"]},{"$i":"minutes-until-short","$v":{"zero":"ឥឡូវ","other":["ក្នុង​ពេល ",{"t":"idOrVar","v":"value"},"នាទី"]},"$x":[{"t":"idOrVar","v":"plural"},"value"]},{"$i":"hours-until-short","$v":{"zero":"ឥឡូវ","other":["ក្នុង​ពេល ",{"t":"idOrVar","v":"value"},"ម៉ោង"]},"$x":[{"t":"idOrVar","v":"plural"},"value"]},{"$i":"days-until-short","$v":{"zero":"ថ្ងៃ​នេះ","other":["ក្នុង​ពេល ",{"t":"idOrVar","v":"value"},"ថ្ងៃ"]},"$x":[{"t":"idOrVar","v":"plural"},"value"]},{"$i":"incorrectDate","$v":"(កាលបរិច្ឆេទ​មិន​ត្រឹមត្រូវ)"},{"$i":"dateTimeFormat_%c","$v":"%a %b %e %Y %I:%M:%S %p"},{"$i":"dateTimeFormat_%x","$v":"%m/%d/%Y"},{"$i":"dateTimeFormat_%X","$v":"%I:%M:%S %p"},{"$i":"shortTimeFormat","$v":"%I:%M %p"},{"$i":"shortTimeFormat12","$v":"%I:%M %p"},{"$i":"shortTimeFormat24","$v":"%H:%M"},{"$i":"shortDateTimeFormat","$v":"%x %I:%M %p"},{"$i":"weekStartsOnMonday","$v":"0"},{"$i":"firstDayOfTheWeek","$v":"0"},{"$i":"time_am","$v":"ព្រឹក"},{"$i":"time_pm","$v":"PM"}]