[{"$i":"back","$v":"뒤로"},{"$i":"save","$v":"저장"},{"$i":"hide","$v":"숨기기"},{"$i":"cancel","$v":"취소"},{"$i":"confirm","$v":"확인"},{"$i":"done","$v":"완료"},{"$i":"events","$v":"일정"},{"$i":"edit","$v":"수정"},{"$i":"allday-events","$v":"전체 일정"},{"$i":"no-events","$v":"일정 없음"},{"$i":"show-today","$v":"오늘"},{"$i":"show-month-view","$v":"월간"},{"$i":"show-week-view","$v":"주간"},{"$i":"show-day-view","$v":"일간"},{"$i":"settings-show","$v":"설정"},{"$i":"settings-hide","$v":"설정 숨기기"},{"$i":"add-account","$v":"계정 추가"},{"$i":"new-event","$v":"일정 추가"},{"$i":"view-event-header","$v":"일정"},{"$i":"new-event-header","$v":"일정 추가"},{"$i":"edit-event-header","$v":"일정 수정"},{"$i":"account-header","$v":"계정"},{"$i":"account-list-header","$v":"계정 모음"},{"$i":"advanced-settings-short-icon-button","ariaLabel":"Settings"},{"$i":"advanced-settings-header","$v":"캘린더 설정"},{"$i":"advanced-settings-personalization","$v":"개인화"},{"$i":"advanced-settings-reminders","$v":"알림"},{"$i":"advanced-settings-add-account","$v":"계정 추가"},{"$i":"field-user","placeholder":"사용자명"},{"$i":"field-password","placeholder":"암호"},{"$i":"field-full-url","placeholder":"URL"},{"$i":"modify-account-setting-up","$v":"계정이 설정되는 동안 기다려 주십시오."},{"$i":"modify-account-unable-to-sync","$v":"동기화 비활성화"},{"$i":"modify-account-sign-in","$v":"로그인"},{"$i":"preset-caldav","$v":"CalDav"},{"$i":"preset-yahoo","$v":"Yahoo!"},{"$i":"preset-google","$v":"Google"},{"$i":"preset-local","$v":"오프라인 캘린더"},{"$i":"preset-mozilla","$v":"Mozilla Zimbra"},{"$i":"calendar-local","$v":"오프라인 캘린더"},{"$i":"event-title","placeholder":"제목"},{"$i":"event-location","placeholder":"장소"},{"$i":"event-description","placeholder":"메모"},{"$i":"event-is-allday","$v":"종일"},{"$i":"event-start-date","placeholder":"시작일"},{"$i":"event-end-date","placeholder":"종료일"},{"$i":"event-start-time","placeholder":"시작 시간"},{"$i":"event-end-time","placeholder":"종료 시간"},{"$i":"event-delete","$v":"일정 삭제"},{"$i":"remove-account-data","$v":"로컬 데이터 삭제"},{"$i":"remove-account-dialog","$v":"계정 삭제"},{"$i":"remove-account-dialog-details","$v":"이 계정을 삭제하면 로컬에 복사되어 있는 연결된 캘린더와 일정도 같이 삭제됩니다."},{"$i":"drawer-sync-icon-button","ariaLabel":"Sync"},{"$i":"sync-progress-syncing","ariaValueText":"Syncing"},{"$i":"sync-progress-complete","ariaValueText":"Syncing complete"},{"$i":"sync-frequency","$v":"동기화 주기"},{"$i":"sync-frequency-15min","$v":"15분"},{"$i":"sync-frequency-30min","$v":"30분"},{"$i":"sync-frequency-manual","$v":"수동으로"},{"$i":"one-day-duration","$v":[{"t":"idOrVar","v":"startDate"},"<br>",{"t":"idOrVar","v":"startTime"}," ~ ",{"t":"idOrVar","v":"endTime"}]},{"$i":"multiple-day-duration","$v":[{"t":"idOrVar","v":"startTime"}," ",{"t":"idOrVar","v":"startDate"},"<br>~ ",{"t":"idOrVar","v":"endTime"}," ",{"t":"idOrVar","v":"endDate"}]},{"$i":"one-all-day-duration","$v":["종일<br>",{"t":"idOrVar","v":"startDate"}]},{"$i":"multiple-all-day-duration","$v":["종일 ",{"t":"idOrVar","v":"startDate"},"<br>~ ",{"t":"idOrVar","v":"endDate"}]},{"$i":"none","$v":"안함"},{"$i":"reminder","$v":"미리 알림:"},{"$i":"remind-me","$v":"미리 알림 설정"},{"$i":"alarm-at-event-standard","$v":"시작 시간"},{"$i":"alarm-at-event-allday","$v":"시작 일"},{"$i":"alarm-start-notice","$v":[{"t":"idOrVar","v":"title"}," ",{"t":"idOrVar","v":"distance"}," 시작"]},{"$i":"alarm-started-notice","$v":[{"t":"idOrVar","v":"title"}," ",{"t":"idOrVar","v":"distance"}," 시작됨"]},{"$i":"minutes-before","$v":{"zero":"0 분 전","one":"1분 전","two":[{"t":"idOrVar","v":"value"},"분 전"],"few":[{"t":"idOrVar","v":"value"},"분 전"],"many":[{"t":"idOrVar","v":"value"},"분 전"],"other":[{"t":"idOrVar","v":"value"},"분 전"]},"$x":[{"t":"idOrVar","v":"plural"},"value"]},{"$i":"hours-before","$v":{"zero":"0 시간 전","one":"한 시간 전","two":[{"t":"idOrVar","v":"value"},"시간 전"],"few":[{"t":"idOrVar","v":"value"},"시간 전"],"many":[{"t":"idOrVar","v":"value"},"시간 전"],"other":[{"t":"idOrVar","v":"value"},"시간 전"]},"$x":[{"t":"idOrVar","v":"plural"},"value"]},{"$i":"days-before","$v":{"zero":"0 일 전","one":"하루 전","two":[{"t":"idOrVar","v":"value"},"일 전"],"few":[{"t":"idOrVar","v":"value"},"일 전"],"many":[{"t":"idOrVar","v":"value"},"일 전"],"other":[{"t":"idOrVar","v":"value"},"일 전"]},"$x":[{"t":"idOrVar","v":"plural"},"value"]},{"$i":"weeks-before","$v":{"zero":"0주 전","one":"한주 전","two":[{"t":"idOrVar","v":"value"},"주 전"],"few":[{"t":"idOrVar","v":"value"},"주 전"],"many":[{"t":"idOrVar","v":"value"},"주 전"],"other":[{"t":"idOrVar","v":"value"},"주 전"]},"$x":[{"t":"idOrVar","v":"plural"},"value"]},{"$i":"months-before","$v":{"zero":"0개월 전","one":"1개월 전","two":[{"t":"idOrVar","v":"value"},"개월 전"],"few":[{"t":"idOrVar","v":"value"},"개월 전"],"many":[{"t":"idOrVar","v":"value"},"개월 전"],"other":[{"t":"idOrVar","v":"value"},"개월 전"]},"$x":[{"t":"idOrVar","v":"plural"},"value"]},{"$i":"years-before","$v":{"zero":"0년 전","one":"1년 전","two":[{"t":"idOrVar","v":"value"},"년 전"],"few":[{"t":"idOrVar","v":"value"},"년 전"],"many":[{"t":"idOrVar","v":"value"},"년 전"],"other":[{"t":"idOrVar","v":"value"},"년 전"]},"$x":[{"t":"idOrVar","v":"plural"},"value"]},{"$i":"minutes-after","$v":{"zero":"0분 후","one":"1분 후","two":[{"t":"idOrVar","v":"value"},"분 후"],"few":[{"t":"idOrVar","v":"value"},"분 후"],"many":[{"t":"idOrVar","v":"value"},"분 후"],"other":[{"t":"idOrVar","v":"value"},"분 후"]},"$x":[{"t":"idOrVar","v":"plural"},"value"]},{"$i":"hours-after","$v":{"zero":"0시간 후","one":"한시간 후","two":[{"t":"idOrVar","v":"value"},"시간 후"],"few":[{"t":"idOrVar","v":"value"},"시간 후"],"many":[{"t":"idOrVar","v":"value"},"시간 후"],"other":[{"t":"idOrVar","v":"value"},"시간 후"]},"$x":[{"t":"idOrVar","v":"plural"},"value"]},{"$i":"days-after","$v":{"zero":"0일 후","one":"하루 후","two":[{"t":"idOrVar","v":"value"},"일 후"],"few":[{"t":"idOrVar","v":"value"},"일 후"],"many":[{"t":"idOrVar","v":"value"},"일 후"],"other":[{"t":"idOrVar","v":"value"},"일 후"]},"$x":[{"t":"idOrVar","v":"plural"},"value"]},{"$i":"weeks-after","$v":{"zero":"0주 후","one":"한주 후","two":[{"t":"idOrVar","v":"value"},"주 후"],"few":[{"t":"idOrVar","v":"value"},"주 후"],"many":[{"t":"idOrVar","v":"value"},"주 후"],"other":[{"t":"idOrVar","v":"value"},"주 후"]},"$x":[{"t":"idOrVar","v":"plural"},"value"]},{"$i":"months-after","$v":{"zero":"0개월 후","one":"1개월 후","two":[{"t":"idOrVar","v":"value"},"개월 후"],"few":[{"t":"idOrVar","v":"value"},"개월 후"],"many":[{"t":"idOrVar","v":"value"},"개월 후"],"other":[{"t":"idOrVar","v":"value"},"개월 후"]},"$x":[{"t":"idOrVar","v":"plural"},"value"]},{"$i":"years-after","$v":{"zero":"0년 후","one":"1년 후","two":[{"t":"idOrVar","v":"value"},"년 후"],"few":[{"t":"idOrVar","v":"value"},"년 후"],"many":[{"t":"idOrVar","v":"value"},"년 후"],"other":[{"t":"idOrVar","v":"value"},"년 후"]},"$x":[{"t":"idOrVar","v":"plural"},"value"]},{"$i":"hour-format12","$v":"%I %p"},{"$i":"hour-format24","$v":"%H"},{"$i":"week-hour-format12","$v":"%I %p"},{"$i":"week-hour-format24","$v":"%H"},{"$i":"hour-allday","$v":"종일"},{"$i":"week-day","$v":"%a %e"},{"$i":"current-time12","$v":"%I:%M"},{"$i":"current-time24","$v":"%H:%M"},{"$i":"multi-month-view-header-format","$v":"%Y년 %b"},{"$i":"day-view-header-format","$v":"%B %e일 %A"},{"$i":"months-day-view-header-format","$v":"%b월 %e일 %A"},{"$i":"longDateFormat","$v":"%Y년 %B월 %d일 %A"},{"$i":"error-start-date-after-end-date","$v":"이벤트가 시작일 이후에 종료될 수 없음"},{"$i":"error-start-time-after-end-time","$v":"이벤트가 시작 시각 이후에 종료될 수 없음"},{"$i":"error-unauthenticated","$v":"잘못된 아이디나 암호"},{"$i":"error-internal-server-error","$v":"내부 서버 오류입니다. 로그인을 확인하고 다시 시도해 보십시오."},{"$i":"error-default","$v":"알 수 없는 오류입니다. 나중에 다시 시도해 보십시오."},{"$i":"error-offline","$v":"연결된 네트워크가 없습니다. 네트워크 설정을 확인해 보시고 다시 시도해 보십시오."},{"$i":"error-account-exist","$v":"이 계정은 이미 존재합니다."},{"$i":"notification-error-sync-title","$v":"캘린더 동기화 오류"},{"$i":"notification-error-sync-description","$v":"더 알아보시려면 여기를 탭하십시오"},{"$i":"weekday-0-single-char","$v":"S","ariaLabel":"Sunday"},{"$i":"weekday-1-single-char","$v":"M","ariaLabel":"Monday"},{"$i":"weekday-2-single-char","$v":"T","ariaLabel":"Tuesday"},{"$i":"weekday-3-single-char","$v":"W","ariaLabel":"Wednesday"},{"$i":"weekday-4-single-char","$v":"T","ariaLabel":"Thursday"},{"$i":"weekday-5-single-char","$v":"F","ariaLabel":"Friday"},{"$i":"weekday-6-single-char","$v":"S","ariaLabel":"Saturday"},{"$i":"busy","$v":{"one":[{"t":"idOrVar","v":"n"}," event"],"two":[{"t":"idOrVar","v":"n"}," events"],"few":[{"t":"idOrVar","v":"n"}," events"],"many":[{"t":"idOrVar","v":"n"}," events"],"other":[{"t":"idOrVar","v":"n"}," events"]},"$x":[{"t":"idOrVar","v":"plural"},"n"]},{"$i":"present","ariaLabel":"Today"},{"$i":"past-other-month-description","ariaLabel":"Other month"},{"$i":"future-other-month-description","ariaLabel":"Other month"},{"$i":"icon-calendar-alarm","ariaLabel":"Has alarm"},{"$i":"calendars","ariaLabel":"Calendars"},{"$i":"multi-day-new-event-link","ariaLabel":"Add event"},{"$i":"title","ariaLabel":"Title"},{"$i":"location","ariaLabel":"Location"},{"$i":"duration","ariaLabel":"Duration"},{"$i":"calendar","ariaLabel":"Calendar"},{"$i":"alarms","ariaLabel":"Alarms"},{"$i":"description","ariaLabel":"Description"},{"$i":"start-date","ariaLabel":"Start date"},{"$i":"start-time","ariaLabel":"Start time"},{"$i":"end-date","ariaLabel":"End date"},{"$i":"end-time","ariaLabel":"End time"},{"$i":"during-progress-loading","ariaValueText":"Loading"},{"$i":"all-day","ariaLabel":"All day"},{"$i":"create-event","ariaLabel":"Create event"},{"$i":"create-all-day-event","ariaLabel":"Create all day event"},{"$i":"event-one-day-duration","ariaLabel":["from ",{"t":"idOrVar","v":"startTime"}," to ",{"t":"idOrVar","v":"endTime"}]},{"$i":"week-event-one-day-duration","ariaLabel":[{"t":"idOrVar","v":"startDate"}," from ",{"t":"idOrVar","v":"startTime"}," to ",{"t":"idOrVar","v":"endTime"}]},{"$i":"event-multiple-day-duration","ariaLabel":["From ",{"t":"idOrVar","v":"startTime"}," ",{"t":"idOrVar","v":"startDate"}," to ",{"t":"idOrVar","v":"endTime"}," ",{"t":"idOrVar","v":"endDate"}]},{"$i":"weekday-0-long","$v":"일요일"},{"$i":"weekday-1-long","$v":"월요일"},{"$i":"weekday-2-long","$v":"화요일"},{"$i":"weekday-3-long","$v":"수요일"},{"$i":"weekday-4-long","$v":"목요일"},{"$i":"weekday-5-long","$v":"금요일"},{"$i":"weekday-6-long","$v":"토요일"},{"$i":"weekday-0-short","$v":"일"},{"$i":"weekday-1-short","$v":"월"},{"$i":"weekday-2-short","$v":"화"},{"$i":"weekday-3-short","$v":"수"},{"$i":"weekday-4-short","$v":"목"},{"$i":"weekday-5-short","$v":"금"},{"$i":"weekday-6-short","$v":"토"},{"$i":"month-0-long","$v":"1월"},{"$i":"month-1-long","$v":"2월"},{"$i":"month-2-long","$v":"3월"},{"$i":"month-3-long","$v":"4월"},{"$i":"month-4-long","$v":"5월"},{"$i":"month-5-long","$v":"6월"},{"$i":"month-6-long","$v":"7월"},{"$i":"month-7-long","$v":"8월"},{"$i":"month-8-long","$v":"9월"},{"$i":"month-9-long","$v":"10월"},{"$i":"month-10-long","$v":"11월"},{"$i":"month-11-long","$v":"12월"},{"$i":"month-0-genitive","$v":"1월"},{"$i":"month-1-genitive","$v":"2월"},{"$i":"month-2-genitive","$v":"3월"},{"$i":"month-3-genitive","$v":"4월"},{"$i":"month-4-genitive","$v":"5월"},{"$i":"month-5-genitive","$v":"6월"},{"$i":"month-6-genitive","$v":"7월"},{"$i":"month-7-genitive","$v":"8월"},{"$i":"month-8-genitive","$v":"9월"},{"$i":"month-9-genitive","$v":"10월"},{"$i":"month-10-genitive","$v":"11월"},{"$i":"month-11-genitive","$v":"12월"},{"$i":"month-0-short","$v":"1월"},{"$i":"month-1-short","$v":"2월"},{"$i":"month-2-short","$v":"3월"},{"$i":"month-3-short","$v":"4월"},{"$i":"month-4-short","$v":"5월"},{"$i":"month-5-short","$v":"6월"},{"$i":"month-6-short","$v":"7월"},{"$i":"month-7-short","$v":"8월"},{"$i":"month-8-short","$v":"9월"},{"$i":"month-9-short","$v":"10월"},{"$i":"month-10-short","$v":"11월"},{"$i":"month-11-short","$v":"12월"},{"$i":"minutes-ago-long","$v":{"zero":"지금","one":"1분 전","two":[{"t":"idOrVar","v":"value"},"분 전"],"few":[{"t":"idOrVar","v":"value"},"분 전"],"many":[{"t":"idOrVar","v":"value"},"분 전"],"other":[{"t":"idOrVar","v":"value"},"분 전"]},"$x":[{"t":"idOrVar","v":"plural"},"value"]},{"$i":"hours-ago-long","$v":{"zero":"지금","one":"1시간 전","two":[{"t":"idOrVar","v":"value"},"시간 전"],"few":[{"t":"idOrVar","v":"value"},"시간 전"],"many":[{"t":"idOrVar","v":"value"},"시간 전"],"other":[{"t":"idOrVar","v":"value"},"시간 전"]},"$x":[{"t":"idOrVar","v":"plural"},"value"]},{"$i":"days-ago-long","$v":{"zero":"오늘","one":"어제","two":[{"t":"idOrVar","v":"value"},"일 전"],"few":[{"t":"idOrVar","v":"value"},"일 전"],"many":[{"t":"idOrVar","v":"value"},"일 전"],"other":[{"t":"idOrVar","v":"value"},"일 전"]},"$x":[{"t":"idOrVar","v":"plural"},"value"]},{"$i":"weeks-ago-long","$v":{"zero":"이번 주","one":"지난 주","two":[{"t":"idOrVar","v":"value"},"주 전"],"few":[{"t":"idOrVar","v":"value"},"주 전"],"many":[{"t":"idOrVar","v":"value"},"주 전"],"other":[{"t":"idOrVar","v":"value"},"주 전"]},"$x":[{"t":"idOrVar","v":"plural"},"value"]},{"$i":"months-ago-long","$v":{"zero":"이번 달","one":"지난 달","two":[{"t":"idOrVar","v":"value"},"개월 전"],"few":[{"t":"idOrVar","v":"value"},"개월 전"],"many":[{"t":"idOrVar","v":"value"},"개월 전"],"other":[{"t":"idOrVar","v":"value"},"개월 전"]},"$x":[{"t":"idOrVar","v":"plural"},"value"]},{"$i":"years-ago-long","$v":{"zero":"올해","one":"작년","two":[{"t":"idOrVar","v":"value"},"년 전"],"few":[{"t":"idOrVar","v":"value"},"년 전"],"many":[{"t":"idOrVar","v":"value"},"년 전"],"other":[{"t":"idOrVar","v":"value"},"년 전"]},"$x":[{"t":"idOrVar","v":"plural"},"value"]},{"$i":"minutes-until-long","$v":{"zero":"지금","one":"1분 후","two":[{"t":"idOrVar","v":"value"},"분 후"],"few":[{"t":"idOrVar","v":"value"},"분 후"],"many":[{"t":"idOrVar","v":"value"},"분 후"],"other":[{"t":"idOrVar","v":"value"},"분 후"]},"$x":[{"t":"idOrVar","v":"plural"},"value"]},{"$i":"hours-until-long","$v":{"zero":"지금","one":"한 시간 후","two":[{"t":"idOrVar","v":"value"},"시간 후"],"few":[{"t":"idOrVar","v":"value"},"시간 후"],"many":[{"t":"idOrVar","v":"value"},"시간 후"],"other":[{"t":"idOrVar","v":"value"},"시간 후"]},"$x":[{"t":"idOrVar","v":"plural"},"value"]},{"$i":"days-until-long","$v":{"zero":"오늘","one":"내일","two":[{"t":"idOrVar","v":"value"},"일 후"],"few":[{"t":"idOrVar","v":"value"},"일 후"],"many":[{"t":"idOrVar","v":"value"},"일 후"],"other":[{"t":"idOrVar","v":"value"},"일 후"]},"$x":[{"t":"idOrVar","v":"plural"},"value"]},{"$i":"weeks-until-long","$v":{"zero":"이번 주","one":"다음 주","two":[{"t":"idOrVar","v":"value"},"주 후"],"few":[{"t":"idOrVar","v":"value"},"주 후"],"many":[{"t":"idOrVar","v":"value"},"주 후"],"other":[{"t":"idOrVar","v":"value"},"주 후"]},"$x":[{"t":"idOrVar","v":"plural"},"value"]},{"$i":"months-until-long","$v":{"zero":"이번 달","one":"다음 달","two":[{"t":"idOrVar","v":"value"},"개월 후"],"few":[{"t":"idOrVar","v":"value"},"개월 후"],"many":[{"t":"idOrVar","v":"value"},"개월 후"],"other":[{"t":"idOrVar","v":"value"},"개월 후"]},"$x":[{"t":"idOrVar","v":"plural"},"value"]},{"$i":"years-until-long","$v":{"zero":"올해","one":"내년","two":[{"t":"idOrVar","v":"value"},"년 후"],"few":[{"t":"idOrVar","v":"value"},"년 후"],"many":[{"t":"idOrVar","v":"value"},"년 후"],"other":[{"t":"idOrVar","v":"value"},"년 후"]},"$x":[{"t":"idOrVar","v":"plural"},"value"]},{"$i":"minutes-ago-short","$v":{"zero":"지금","other":[{"t":"idOrVar","v":"value"},"분 전"]},"$x":[{"t":"idOrVar","v":"plural"},"value"]},{"$i":"hours-ago-short","$v":{"zero":"지금","other":[{"t":"idOrVar","v":"value"},"시간 전"]},"$x":[{"t":"idOrVar","v":"plural"},"value"]},{"$i":"days-ago-short","$v":{"zero":"오늘","other":[{"t":"idOrVar","v":"value"},"일 전"]},"$x":[{"t":"idOrVar","v":"plural"},"value"]},{"$i":"minutes-until-short","$v":{"zero":"지금","other":[{"t":"idOrVar","v":"value"},"분 후"]},"$x":[{"t":"idOrVar","v":"plural"},"value"]},{"$i":"hours-until-short","$v":{"zero":"지금","other":[{"t":"idOrVar","v":"value"},"시간 후"]},"$x":[{"t":"idOrVar","v":"plural"},"value"]},{"$i":"days-until-short","$v":{"zero":"오늘","other":[{"t":"idOrVar","v":"value"},"일 후"]},"$x":[{"t":"idOrVar","v":"plural"},"value"]},{"$i":"incorrectDate","$v":"(잘못된 날짜)"},{"$i":"dateTimeFormat_%c","$v":"%Y년 %B %e일 %a %I:%M:%S %p"},{"$i":"dateTimeFormat_%x","$v":"%Y/%m/%d"},{"$i":"dateTimeFormat_%X","$v":"%I:%M:%S %p"},{"$i":"shortTimeFormat","$v":"%I:%M %p"},{"$i":"shortTimeFormat12","$v":"%I:%M %p"},{"$i":"shortTimeFormat24","$v":"%H:%M"},{"$i":"shortDateTimeFormat","$v":"%x %I:%M %p"},{"$i":"weekStartsOnMonday","$v":"0"},{"$i":"firstDayOfTheWeek","$v":"0"},{"$i":"time_am","$v":"오전"},{"$i":"time_pm","$v":"오후"}]