[{"$i":"back","$v":"Atgal"},{"$i":"save","$v":"Įrašyti"},{"$i":"hide","$v":"Nerodyti"},{"$i":"cancel","$v":"Atsisakyti"},{"$i":"confirm","$v":"Patvirtinti"},{"$i":"done","$v":"Baigta"},{"$i":"events","$v":"Įvykiai"},{"$i":"edit","$v":"Taisyti"},{"$i":"allday-events","$v":"Visos dienos įvykiai"},{"$i":"no-events","$v":"Įvykių nėra"},{"$i":"show-today","$v":"Šiandiena"},{"$i":"show-month-view","$v":"Mėnuo"},{"$i":"show-week-view","$v":"Savaitė"},{"$i":"show-day-view","$v":"Diena"},{"$i":"settings-show","$v":"Nuostatos"},{"$i":"settings-hide","$v":"Slėpti nuostatas"},{"$i":"add-account","$v":"Pridėti paskyrą"},{"$i":"new-event","$v":"Pridėti įvykį"},{"$i":"view-event-header","$v":"Įvykis"},{"$i":"new-event-header","$v":"Naujas įvykis"},{"$i":"edit-event-header","$v":"Įvykio taisa"},{"$i":"account-header","$v":"Paskyra"},{"$i":"account-list-header","$v":"Paskyros"},{"$i":"advanced-settings-short-icon-button","ariaLabel":"Settings"},{"$i":"advanced-settings-header","$v":"Kalendoriaus nuostatos"},{"$i":"advanced-settings-personalization","$v":"Individualizavimas"},{"$i":"advanced-settings-reminders","$v":"Priminimai"},{"$i":"advanced-settings-add-account","$v":"Pridėti paskyrą"},{"$i":"field-user","placeholder":"Abonento vardas"},{"$i":"field-password","placeholder":"Slaptažodis"},{"$i":"field-full-url","placeholder":"URL adresas"},{"$i":"modify-account-setting-up","$v":"Luktelėkite, kol paskyra bus sukonfigūruota"},{"$i":"modify-account-unable-to-sync","$v":"Sinchronizuotis nepavyko"},{"$i":"modify-account-sign-in","$v":"Prisijungti"},{"$i":"preset-caldav","$v":"CalDav"},{"$i":"preset-yahoo","$v":"Yahoo!"},{"$i":"preset-google","$v":"Google"},{"$i":"preset-local","$v":"Vietinis kalendorius"},{"$i":"preset-mozilla","$v":"Mozilla Zimbra"},{"$i":"calendar-local","$v":"Vietinis kalendorius"},{"$i":"event-title","placeholder":"Pavadinimas"},{"$i":"event-location","placeholder":"Vieta"},{"$i":"event-description","placeholder":"Pastabos"},{"$i":"event-is-allday","$v":"Visos dienos įvykis?"},{"$i":"event-start-date","placeholder":"Pradžios data"},{"$i":"event-end-date","placeholder":"Pabaigos data"},{"$i":"event-start-time","placeholder":"Pradžios laikas"},{"$i":"event-end-time","placeholder":"Pabaigos laikas"},{"$i":"event-delete","$v":"Šalinti įvykį"},{"$i":"remove-account-data","$v":"Pašalinti vietinius duomenis"},{"$i":"remove-account-dialog","$v":"Paskyros šalinimas"},{"$i":"remove-account-dialog-details","$v":"Pašalinus šią paskyrą, bus pašalintos ir vietinės su ja susietų kalendorių bei įvykių kopijos."},{"$i":"drawer-sync-icon-button","ariaLabel":"Sync"},{"$i":"sync-progress-syncing","ariaValueText":"Syncing"},{"$i":"sync-progress-complete","ariaValueText":"Syncing complete"},{"$i":"sync-frequency","$v":"Kalendoriaus sinchronizavimas"},{"$i":"sync-frequency-15min","$v":"kas 15 minučių"},{"$i":"sync-frequency-30min","$v":"kas 30 minučių"},{"$i":"sync-frequency-manual","$v":"rankiniu būdu"},{"$i":"one-day-duration","$v":[{"t":"idOrVar","v":"startDate"},"<br>nuo ",{"t":"idOrVar","v":"startTime"}," iki ",{"t":"idOrVar","v":"endTime"}]},{"$i":"multiple-day-duration","$v":["Nuo ",{"t":"idOrVar","v":"startTime"}," ",{"t":"idOrVar","v":"startDate"},"<br>iki ",{"t":"idOrVar","v":"endTime"}," ",{"t":"idOrVar","v":"endDate"}]},{"$i":"one-all-day-duration","$v":[{"t":"idOrVar","v":"startDate"},"<br>visą dieną"]},{"$i":"multiple-all-day-duration","$v":["Nuo ",{"t":"idOrVar","v":"startDate"},"<br>iki ",{"t":"idOrVar","v":"endDate"}]},{"$i":"none","$v":"Nepriminti"},{"$i":"reminder","$v":"Reminder:"},{"$i":"remind-me","$v":"Priminimai"},{"$i":"alarm-at-event-standard","$v":"atėjus įvykio laikui"},{"$i":"alarm-at-event-allday","$v":"atėjus įvykio dienai"},{"$i":"alarm-start-notice","$v":[{"t":"idOrVar","v":"title"}," prasideda ",{"t":"idOrVar","v":"distance"}]},{"$i":"alarm-started-notice","$v":[{"t":"idOrVar","v":"title"}," prasidėjo ",{"t":"idOrVar","v":"distance"}]},{"$i":"minutes-before","$v":{"zero":"prieš 0 minučių","one":["prieš ",{"t":"idOrVar","v":"value"}," minutę"],"two":["prieš ",{"t":"idOrVar","v":"value"}," minutes"],"few":["prieš ",{"t":"idOrVar","v":"value"}," minutes"],"many":["prieš ",{"t":"idOrVar","v":"value"}," minučių"],"other":["prieš ",{"t":"idOrVar","v":"value"}," minučių"]},"$x":[{"t":"idOrVar","v":"plural"},"value"]},{"$i":"hours-before","$v":{"zero":"prieš 0 valandų","one":["prieš ",{"t":"idOrVar","v":"value"}," valandą"],"two":["prieš ",{"t":"idOrVar","v":"value"}," valandas"],"few":["prieš ",{"t":"idOrVar","v":"value"}," valandas"],"many":["prieš ",{"t":"idOrVar","v":"value"}," valandų"],"other":["prieš ",{"t":"idOrVar","v":"value"}," valandų"]},"$x":[{"t":"idOrVar","v":"plural"},"value"]},{"$i":"days-before","$v":{"zero":"prieš 0 dienų","one":["prieš ",{"t":"idOrVar","v":"value"}," dieną"],"two":["prieš ",{"t":"idOrVar","v":"value"}," dienas"],"few":["prieš ",{"t":"idOrVar","v":"value"}," dienas"],"many":["prieš ",{"t":"idOrVar","v":"value"}," dienų"],"other":["prieš ",{"t":"idOrVar","v":"value"}," dienų"]},"$x":[{"t":"idOrVar","v":"plural"},"value"]},{"$i":"weeks-before","$v":{"zero":"prieš 0 savaičių","one":["prieš ",{"t":"idOrVar","v":"value"}," savaitę"],"two":["prieš ",{"t":"idOrVar","v":"value"}," savaites"],"few":["prieš ",{"t":"idOrVar","v":"value"}," savaites"],"many":["prieš ",{"t":"idOrVar","v":"value"}," savaičių"],"other":["prieš ",{"t":"idOrVar","v":"value"}," savaičių"]},"$x":[{"t":"idOrVar","v":"plural"},"value"]},{"$i":"months-before","$v":{"zero":"prieš 0 mėnesių","one":["prieš ",{"t":"idOrVar","v":"value"}," mėnesį"],"two":["prieš ",{"t":"idOrVar","v":"value"}," mėnesius"],"few":["prieš ",{"t":"idOrVar","v":"value"}," mėnesius"],"many":["prieš ",{"t":"idOrVar","v":"value"}," mėnesių"],"other":["prieš ",{"t":"idOrVar","v":"value"}," mėnesių"]},"$x":[{"t":"idOrVar","v":"plural"},"value"]},{"$i":"years-before","$v":{"zero":"prieš 0 metų","one":["prieš ",{"t":"idOrVar","v":"value"}," metus"],"two":["prieš ",{"t":"idOrVar","v":"value"}," metus"],"few":["prieš ",{"t":"idOrVar","v":"value"}," metus"],"many":["prieš ",{"t":"idOrVar","v":"value"}," metų"],"other":["prieš ",{"t":"idOrVar","v":"value"}," metų"]},"$x":[{"t":"idOrVar","v":"plural"},"value"]},{"$i":"minutes-after","$v":{"zero":"po 0 minučių","one":["po ",{"t":"idOrVar","v":"value"}," minutės"],"two":["po ",{"t":"idOrVar","v":"value"}," minučių"],"few":["po ",{"t":"idOrVar","v":"value"}," minučių"],"many":["po ",{"t":"idOrVar","v":"value"}," minučių"],"other":["po ",{"t":"idOrVar","v":"value"}," minučių"]},"$x":[{"t":"idOrVar","v":"plural"},"value"]},{"$i":"hours-after","$v":{"zero":"po 0 valandų","one":["po ",{"t":"idOrVar","v":"value"}," valandos"],"two":["po ",{"t":"idOrVar","v":"value"}," valandų"],"few":["po ",{"t":"idOrVar","v":"value"}," valandų"],"many":["po ",{"t":"idOrVar","v":"value"}," valandų"],"other":["po ",{"t":"idOrVar","v":"value"}," valandų"]},"$x":[{"t":"idOrVar","v":"plural"},"value"]},{"$i":"days-after","$v":{"zero":"po 0 dienų","one":["po ",{"t":"idOrVar","v":"value"}," dienos"],"two":["po ",{"t":"idOrVar","v":"value"}," dienų"],"few":["po ",{"t":"idOrVar","v":"value"}," dienų"],"many":["po ",{"t":"idOrVar","v":"value"}," dienų"],"other":["po ",{"t":"idOrVar","v":"value"}," dienų"]},"$x":[{"t":"idOrVar","v":"plural"},"value"]},{"$i":"weeks-after","$v":{"zero":"po 0 savaičių","one":["po ",{"t":"idOrVar","v":"value"}," savaitės"],"two":["po ",{"t":"idOrVar","v":"value"}," savaičių"],"few":["po ",{"t":"idOrVar","v":"value"}," savaičių"],"many":["po ",{"t":"idOrVar","v":"value"}," savaičių"],"other":["po ",{"t":"idOrVar","v":"value"}," savaičių"]},"$x":[{"t":"idOrVar","v":"plural"},"value"]},{"$i":"months-after","$v":{"zero":"po 0 mėnesių","one":["po ",{"t":"idOrVar","v":"value"}," mėnesio"],"two":["po ",{"t":"idOrVar","v":"value"}," mėnesių"],"few":["po ",{"t":"idOrVar","v":"value"}," mėnesių"],"many":["po ",{"t":"idOrVar","v":"value"}," mėnesių"],"other":["po ",{"t":"idOrVar","v":"value"}," mėnesių"]},"$x":[{"t":"idOrVar","v":"plural"},"value"]},{"$i":"years-after","$v":{"zero":"po 0 metų","one":["po ",{"t":"idOrVar","v":"value"}," metų"],"two":["po ",{"t":"idOrVar","v":"value"}," metų"],"few":["po ",{"t":"idOrVar","v":"value"}," metų"],"many":["po ",{"t":"idOrVar","v":"value"}," metų"],"other":["po ",{"t":"idOrVar","v":"value"}," metų"]},"$x":[{"t":"idOrVar","v":"plural"},"value"]},{"$i":"hour-format12","$v":"%I %p"},{"$i":"hour-format24","$v":"%H"},{"$i":"week-hour-format12","$v":"%I %p"},{"$i":"week-hour-format24","$v":"%H"},{"$i":"hour-allday","$v":"Visą dieną"},{"$i":"week-day","$v":"%a %e"},{"$i":"current-time12","$v":"%I:%M"},{"$i":"current-time24","$v":"%H:%M"},{"$i":"multi-month-view-header-format","$v":"%Y %b"},{"$i":"day-view-header-format","$v":"%b %e, %A"},{"$i":"months-day-view-header-format","$v":"%A, %b %e"},{"$i":"longDateFormat","$v":"%A, %Y m. %B %e d."},{"$i":"error-start-date-after-end-date","$v":"Pabaigos data turi būti vėlesnė nei pradžios"},{"$i":"error-start-time-after-end-time","$v":"Pabaigos laikas turi būti vėlesnis nei pradžios"},{"$i":"error-unauthenticated","$v":"Neteisingas abonento vardas ir (arba) slaptažodis"},{"$i":"error-internal-server-error","$v":"Serverio klaida. Patikrinkite prisijungimo duomenis ir bandykite dar kartą."},{"$i":"error-default","$v":"Kažkas nutiko ne taip, kaip turėtų. Vėliau pabandykite dar kartą."},{"$i":"error-offline","$v":"Nėra ryšio. Patikrinkite tinklo parametrus ir bandykite dar kartą."},{"$i":"error-account-exist","$v":"Tokia paskyra jau egzistuoja."},{"$i":"notification-error-sync-title","$v":"Kalendoriaus sinchronizavimo klaida"},{"$i":"notification-error-sync-description","$v":"Bakstelėkite išsamesnei informacijai gauti"},{"$i":"weekday-0-single-char","$v":"S","ariaLabel":"Sunday"},{"$i":"weekday-1-single-char","$v":"M","ariaLabel":"Monday"},{"$i":"weekday-2-single-char","$v":"T","ariaLabel":"Tuesday"},{"$i":"weekday-3-single-char","$v":"W","ariaLabel":"Wednesday"},{"$i":"weekday-4-single-char","$v":"T","ariaLabel":"Thursday"},{"$i":"weekday-5-single-char","$v":"F","ariaLabel":"Friday"},{"$i":"weekday-6-single-char","$v":"S","ariaLabel":"Saturday"},{"$i":"busy","$v":{"one":[{"t":"idOrVar","v":"n"}," event"],"two":[{"t":"idOrVar","v":"n"}," events"],"few":[{"t":"idOrVar","v":"n"}," events"],"many":[{"t":"idOrVar","v":"n"}," events"],"other":[{"t":"idOrVar","v":"n"}," events"]},"$x":[{"t":"idOrVar","v":"plural"},"n"]},{"$i":"present","ariaLabel":"Today"},{"$i":"past-other-month-description","ariaLabel":"Other month"},{"$i":"future-other-month-description","ariaLabel":"Other month"},{"$i":"icon-calendar-alarm","ariaLabel":"Has alarm"},{"$i":"calendars","ariaLabel":"Calendars"},{"$i":"multi-day-new-event-link","ariaLabel":"Add event"},{"$i":"title","ariaLabel":"Title"},{"$i":"location","ariaLabel":"Location"},{"$i":"duration","ariaLabel":"Duration"},{"$i":"calendar","ariaLabel":"Calendar"},{"$i":"alarms","ariaLabel":"Alarms"},{"$i":"description","ariaLabel":"Description"},{"$i":"start-date","ariaLabel":"Start date"},{"$i":"start-time","ariaLabel":"Start time"},{"$i":"end-date","ariaLabel":"End date"},{"$i":"end-time","ariaLabel":"End time"},{"$i":"during-progress-loading","ariaValueText":"Loading"},{"$i":"all-day","ariaLabel":"All day"},{"$i":"create-event","ariaLabel":"Create event"},{"$i":"create-all-day-event","ariaLabel":"Create all day event"},{"$i":"event-one-day-duration","ariaLabel":["from ",{"t":"idOrVar","v":"startTime"}," to ",{"t":"idOrVar","v":"endTime"}]},{"$i":"week-event-one-day-duration","ariaLabel":[{"t":"idOrVar","v":"startDate"}," from ",{"t":"idOrVar","v":"startTime"}," to ",{"t":"idOrVar","v":"endTime"}]},{"$i":"event-multiple-day-duration","ariaLabel":["From ",{"t":"idOrVar","v":"startTime"}," ",{"t":"idOrVar","v":"startDate"}," to ",{"t":"idOrVar","v":"endTime"}," ",{"t":"idOrVar","v":"endDate"}]},{"$i":"weekday-0-long","$v":"Sekmadienis"},{"$i":"weekday-1-long","$v":"Pirmadienis"},{"$i":"weekday-2-long","$v":"Antradienis"},{"$i":"weekday-3-long","$v":"Trečiadienis"},{"$i":"weekday-4-long","$v":"Ketvirtadienis"},{"$i":"weekday-5-long","$v":"Penktadienis"},{"$i":"weekday-6-long","$v":"Šeštadienis"},{"$i":"weekday-0-short","$v":"Sk"},{"$i":"weekday-1-short","$v":"Pr"},{"$i":"weekday-2-short","$v":"An"},{"$i":"weekday-3-short","$v":"Tr"},{"$i":"weekday-4-short","$v":"Kt"},{"$i":"weekday-5-short","$v":"Pn"},{"$i":"weekday-6-short","$v":"Št"},{"$i":"month-0-long","$v":"sausis"},{"$i":"month-1-long","$v":"vasaris"},{"$i":"month-2-long","$v":"kovas"},{"$i":"month-3-long","$v":"balandis"},{"$i":"month-4-long","$v":"gegužė"},{"$i":"month-5-long","$v":"birželis"},{"$i":"month-6-long","$v":"liepa"},{"$i":"month-7-long","$v":"rugpjūtis"},{"$i":"month-8-long","$v":"rugsėjis"},{"$i":"month-9-long","$v":"spalis"},{"$i":"month-10-long","$v":"lapkritis"},{"$i":"month-11-long","$v":"gruodis"},{"$i":"month-0-genitive","$v":"sausio"},{"$i":"month-1-genitive","$v":"vasario"},{"$i":"month-2-genitive","$v":"kovo"},{"$i":"month-3-genitive","$v":"balandžio"},{"$i":"month-4-genitive","$v":"gegužės"},{"$i":"month-5-genitive","$v":"birželio"},{"$i":"month-6-genitive","$v":"liepos"},{"$i":"month-7-genitive","$v":"rugpjūčio"},{"$i":"month-8-genitive","$v":"rugsėjo"},{"$i":"month-9-genitive","$v":"spalio"},{"$i":"month-10-genitive","$v":"lapkričio"},{"$i":"month-11-genitive","$v":"gruodžio"},{"$i":"month-0-short","$v":"Sau"},{"$i":"month-1-short","$v":"Vas"},{"$i":"month-2-short","$v":"Kov"},{"$i":"month-3-short","$v":"Bal"},{"$i":"month-4-short","$v":"Geg"},{"$i":"month-5-short","$v":"Bir"},{"$i":"month-6-short","$v":"Lie"},{"$i":"month-7-short","$v":"Rgp"},{"$i":"month-8-short","$v":"Rgs"},{"$i":"month-9-short","$v":"Spa"},{"$i":"month-10-short","$v":"Lap"},{"$i":"month-11-short","$v":"Grd"},{"$i":"minutes-ago-long","$v":{"zero":"ką tik","one":["prieš ",{"t":"idOrVar","v":"value"}," minutę"],"two":["prieš ",{"t":"idOrVar","v":"value"}," minutes"],"few":["prieš ",{"t":"idOrVar","v":"value"}," minutes"],"many":["prieš ",{"t":"idOrVar","v":"value"}," minučių"],"other":["prieš ",{"t":"idOrVar","v":"value"}," minučių"]},"$x":[{"t":"idOrVar","v":"plural"},"value"]},{"$i":"hours-ago-long","$v":{"zero":"ką tik","one":["prieš ",{"t":"idOrVar","v":"value"}," valandą"],"two":["prieš ",{"t":"idOrVar","v":"value"}," valandas"],"few":["prieš ",{"t":"idOrVar","v":"value"}," valandas"],"many":["prieš ",{"t":"idOrVar","v":"value"}," valandų"],"other":["prieš ",{"t":"idOrVar","v":"value"}," valandų"]},"$x":[{"t":"idOrVar","v":"plural"},"value"]},{"$i":"days-ago-long","$v":{"zero":"šiandien","one":"vakar","two":["prieš ",{"t":"idOrVar","v":"value"}," dienas"],"few":["prieš ",{"t":"idOrVar","v":"value"}," dienas"],"many":["prieš ",{"t":"idOrVar","v":"value"}," dienų"],"other":["prieš ",{"t":"idOrVar","v":"value"}," dienų"]},"$x":[{"t":"idOrVar","v":"plural"},"value"]},{"$i":"weeks-ago-long","$v":{"zero":"šią savaitę","one":"praėjusią savaitę","two":["prieš ",{"t":"idOrVar","v":"value"}," savaites"],"few":["prieš ",{"t":"idOrVar","v":"value"}," savaites"],"many":["prieš ",{"t":"idOrVar","v":"value"}," savaičių"],"other":["prieš ",{"t":"idOrVar","v":"value"}," savaičių"]},"$x":[{"t":"idOrVar","v":"plural"},"value"]},{"$i":"months-ago-long","$v":{"zero":"šį mėnesį","one":"praėjusį mėnesį","two":["prieš ",{"t":"idOrVar","v":"value"}," mėnesius"],"few":["prieš ",{"t":"idOrVar","v":"value"}," mėnesius"],"many":["prieš ",{"t":"idOrVar","v":"value"}," mėnesių"],"other":["prieš ",{"t":"idOrVar","v":"value"}," mėnesių"]},"$x":[{"t":"idOrVar","v":"plural"},"value"]},{"$i":"years-ago-long","$v":{"zero":"šiemet","one":["prieš ",{"t":"idOrVar","v":"value"}," metus"],"two":["prieš ",{"t":"idOrVar","v":"value"}," metus"],"few":["prieš ",{"t":"idOrVar","v":"value"}," metus"],"many":["prieš ",{"t":"idOrVar","v":"value"}," metų"],"other":["prieš ",{"t":"idOrVar","v":"value"}," metų"]},"$x":[{"t":"idOrVar","v":"plural"},"value"]},{"$i":"minutes-until-long","$v":{"zero":"dabar","one":["už ",{"t":"idOrVar","v":"value"}," minutės"],"two":["už ",{"t":"idOrVar","v":"value"}," minučių"],"few":["už ",{"t":"idOrVar","v":"value"}," minučių"],"many":["už ",{"t":"idOrVar","v":"value"}," minučių"],"other":["už ",{"t":"idOrVar","v":"value"}," minučių"]},"$x":[{"t":"idOrVar","v":"plural"},"value"]},{"$i":"hours-until-long","$v":{"zero":"dabar","one":["už ",{"t":"idOrVar","v":"value"}," valandos"],"two":["už ",{"t":"idOrVar","v":"value"}," valandų"],"few":["už ",{"t":"idOrVar","v":"value"}," valandų"],"many":["už ",{"t":"idOrVar","v":"value"}," valandų"],"other":["už ",{"t":"idOrVar","v":"value"}," valandų"]},"$x":[{"t":"idOrVar","v":"plural"},"value"]},{"$i":"days-until-long","$v":{"zero":"šiandien","one":"rytoj","two":["už ",{"t":"idOrVar","v":"value"}," dienų"],"few":["už ",{"t":"idOrVar","v":"value"}," dienų"],"many":["už ",{"t":"idOrVar","v":"value"}," dienų"],"other":["už ",{"t":"idOrVar","v":"value"}," dienų"]},"$x":[{"t":"idOrVar","v":"plural"},"value"]},{"$i":"weeks-until-long","$v":{"zero":"šią savaitę","one":"kitą savaitę","two":["už ",{"t":"idOrVar","v":"value"}," savaičių"],"few":["už ",{"t":"idOrVar","v":"value"}," savaičių"],"many":["už ",{"t":"idOrVar","v":"value"}," savaičių"],"other":["už ",{"t":"idOrVar","v":"value"}," savaičių"]},"$x":[{"t":"idOrVar","v":"plural"},"value"]},{"$i":"months-until-long","$v":{"zero":"šį mėnesį","one":"kitą mėnesį","two":["už ",{"t":"idOrVar","v":"value"}," mėnesių"],"few":["už ",{"t":"idOrVar","v":"value"}," mėnesių"],"many":["už ",{"t":"idOrVar","v":"value"}," mėnesių"],"other":["už ",{"t":"idOrVar","v":"value"}," mėnesių"]},"$x":[{"t":"idOrVar","v":"plural"},"value"]},{"$i":"years-until-long","$v":{"zero":"šiemet","one":"kitais metais","two":["už ",{"t":"idOrVar","v":"value"}," metų"],"few":["už ",{"t":"idOrVar","v":"value"}," metų"],"many":["už ",{"t":"idOrVar","v":"value"}," metų"],"other":["už ",{"t":"idOrVar","v":"value"}," metų"]},"$x":[{"t":"idOrVar","v":"plural"},"value"]},{"$i":"minutes-ago-short","$v":{"zero":"ką tik","other":["prieš ",{"t":"idOrVar","v":"value"}," min."]},"$x":[{"t":"idOrVar","v":"plural"},"value"]},{"$i":"hours-ago-short","$v":{"zero":"ką tik","other":["prieš ",{"t":"idOrVar","v":"value"}," val."]},"$x":[{"t":"idOrVar","v":"plural"},"value"]},{"$i":"days-ago-short","$v":{"zero":"šiandien","other":["prieš ",{"t":"idOrVar","v":"value"}," d."]},"$x":[{"t":"idOrVar","v":"plural"},"value"]},{"$i":"minutes-until-short","$v":{"zero":"dabar","other":["už ",{"t":"idOrVar","v":"value"}," min."]},"$x":[{"t":"idOrVar","v":"plural"},"value"]},{"$i":"hours-until-short","$v":{"zero":"dabar","other":["už ",{"t":"idOrVar","v":"value"}," val."]},"$x":[{"t":"idOrVar","v":"plural"},"value"]},{"$i":"days-until-short","$v":{"zero":"šiandien","other":["už ",{"t":"idOrVar","v":"value"}," d."]},"$x":[{"t":"idOrVar","v":"plural"},"value"]},{"$i":"incorrectDate","$v":"(negalima data)"},{"$i":"dateTimeFormat_%c","$v":"%Y m. %Eb %e d. %H:%M:%S"},{"$i":"dateTimeFormat_%x","$v":"%Y-%m-%d"},{"$i":"dateTimeFormat_%X","$v":"%H:%M:%S"},{"$i":"shortTimeFormat","$v":"%H:%M"},{"$i":"shortTimeFormat12","$v":"%I:%M %p"},{"$i":"shortTimeFormat24","$v":"%H:%M"},{"$i":"shortDateTimeFormat","$v":"%x %H:%M"},{"$i":"weekStartsOnMonday","$v":"1"},{"$i":"firstDayOfTheWeek","$v":"0"},{"$i":"time_am","$v":"AM"},{"$i":"time_pm","$v":"PM"}]