[{"$i":"back","$v":"Назад"},{"$i":"save","$v":"Сними"},{"$i":"hide","$v":"Скриј"},{"$i":"cancel","$v":"Откажи"},{"$i":"confirm","$v":"Потврди"},{"$i":"done","$v":"Заврши"},{"$i":"events","$v":"Настани"},{"$i":"edit","$v":"Уреди"},{"$i":"allday-events","$v":"Целодневни настани"},{"$i":"no-events","$v":"No Events"},{"$i":"show-today","$v":"Денес"},{"$i":"show-month-view","$v":"Месец"},{"$i":"show-week-view","$v":"Недела"},{"$i":"show-day-view","$v":"Ден"},{"$i":"settings-show","$v":"Поставки"},{"$i":"settings-hide","$v":"Скриј поставки"},{"$i":"add-account","$v":"Додај сметка"},{"$i":"new-event","$v":"Додај настан"},{"$i":"view-event-header","$v":"Event"},{"$i":"new-event-header","$v":"Add Event"},{"$i":"edit-event-header","$v":"Edit Event"},{"$i":"account-header","$v":"Сметка"},{"$i":"account-list-header","$v":"Сметки"},{"$i":"advanced-settings-short-icon-button","ariaLabel":"Settings"},{"$i":"advanced-settings-header","$v":"Поставки за календар"},{"$i":"advanced-settings-personalization","$v":"Персонализација"},{"$i":"advanced-settings-reminders","$v":"Потсетници"},{"$i":"advanced-settings-add-account","$v":"Add Account"},{"$i":"field-user","placeholder":"Корисничко име"},{"$i":"field-password","placeholder":"Лозинка"},{"$i":"field-full-url","placeholder":"URL"},{"$i":"modify-account-setting-up","$v":"Почекајте додека се поставува Вашата сметка"},{"$i":"modify-account-unable-to-sync","$v":"Не може да се синхронизира"},{"$i":"modify-account-sign-in","$v":"Пријави се"},{"$i":"preset-caldav","$v":"CalDav"},{"$i":"preset-yahoo","$v":"Yahoo!"},{"$i":"preset-google","$v":"Google"},{"$i":"preset-local","$v":"Локален календар"},{"$i":"preset-mozilla","$v":"Mozilla Zimbra"},{"$i":"calendar-local","$v":"Локален календар"},{"$i":"event-title","placeholder":"Наслов"},{"$i":"event-location","placeholder":"Каде?"},{"$i":"event-description","placeholder":"Белешки"},{"$i":"event-is-allday","$v":"Целодневен настан"},{"$i":"event-start-date","placeholder":"Почнува на"},{"$i":"event-end-date","placeholder":"Завршува на"},{"$i":"event-start-time","placeholder":"Почнува во"},{"$i":"event-end-time","placeholder":"Завршува во"},{"$i":"event-delete","$v":"Избриши го настанот"},{"$i":"remove-account-data","$v":"Отстрани ги локалните податоци"},{"$i":"remove-account-dialog","$v":"Отстрани ја сметката"},{"$i":"remove-account-dialog-details","$v":"Отстранувањето на оваа сметка исто така ќе ја отстрани локалната копија од поврзаните календари и настани."},{"$i":"drawer-sync-icon-button","ariaLabel":"Sync"},{"$i":"sync-progress-syncing","ariaValueText":"Syncing"},{"$i":"sync-progress-complete","ariaValueText":"Syncing complete"},{"$i":"sync-frequency","$v":"Синхронизирање на календарот"},{"$i":"sync-frequency-15min","$v":"15 min"},{"$i":"sync-frequency-30min","$v":"30 min"},{"$i":"sync-frequency-manual","$v":"Manually"},{"$i":"one-day-duration","$v":[{"t":"idOrVar","v":"startDate"},"<br>from ",{"t":"idOrVar","v":"startTime"}," to ",{"t":"idOrVar","v":"endTime"}]},{"$i":"multiple-day-duration","$v":["From ",{"t":"idOrVar","v":"startTime"}," ",{"t":"idOrVar","v":"startDate"},"<br>to ",{"t":"idOrVar","v":"endTime"}," ",{"t":"idOrVar","v":"endDate"}]},{"$i":"one-all-day-duration","$v":["All day<br>",{"t":"idOrVar","v":"startDate"}]},{"$i":"multiple-all-day-duration","$v":["All day from ",{"t":"idOrVar","v":"startDate"},"<br>to ",{"t":"idOrVar","v":"endDate"}]},{"$i":"none","$v":"Нема"},{"$i":"reminder","$v":"Reminder:"},{"$i":"remind-me","$v":"Потсети ме"},{"$i":"alarm-at-event-standard","$v":"Во времето на настанот"},{"$i":"alarm-at-event-allday","$v":"На денот на настанот"},{"$i":"alarm-start-notice","$v":[{"t":"idOrVar","v":"title"}," почнува ",{"t":"idOrVar","v":"distance"}]},{"$i":"alarm-started-notice","$v":[{"t":"idOrVar","v":"title"}," почна ",{"t":"idOrVar","v":"distance"}]},{"$i":"minutes-before","$v":{"few":[{"t":"idOrVar","v":"value"}," минути претходно"],"many":[{"t":"idOrVar","v":"value"}," минути претходно"],"one":"1 минута претходно","other":[{"t":"idOrVar","v":"value"}," минути претходно"],"two":[{"t":"idOrVar","v":"value"}," минути претходно"],"zero":"0 минути претходно"},"$x":[{"t":"idOrVar","v":"plural"},"value"]},{"$i":"hours-before","$v":{"few":[{"t":"idOrVar","v":"value"}," часа претходно"],"many":[{"t":"idOrVar","v":"value"}," часа претходно"],"one":"1 час претходно","other":[{"t":"idOrVar","v":"value"}," часа претходно"],"two":[{"t":"idOrVar","v":"value"}," часа претходно"],"zero":"0 часови претходно"},"$x":[{"t":"idOrVar","v":"plural"},"value"]},{"$i":"days-before","$v":{"few":[{"t":"idOrVar","v":"value"}," дена претходно"],"many":[{"t":"idOrVar","v":"value"}," дена претходно"],"one":"1 ден претходно","other":[{"t":"idOrVar","v":"value"}," дена претходно"],"two":[{"t":"idOrVar","v":"value"}," дена претходно"],"zero":"0 денови претходно"},"$x":[{"t":"idOrVar","v":"plural"},"value"]},{"$i":"weeks-before","$v":{"few":[{"t":"idOrVar","v":"value"}," недели претходно"],"many":[{"t":"idOrVar","v":"value"}," недели претходно"],"one":"1 недела претходно","other":[{"t":"idOrVar","v":"value"}," недели претходно"],"two":[{"t":"idOrVar","v":"value"}," недели претходно"],"zero":"0 недели претходно"},"$x":[{"t":"idOrVar","v":"plural"},"value"]},{"$i":"months-before","$v":{"few":[{"t":"idOrVar","v":"value"}," месеци претходно"],"many":[{"t":"idOrVar","v":"value"}," месеци претходно"],"one":"1 месец претходно","other":[{"t":"idOrVar","v":"value"}," месеци претходно"],"two":[{"t":"idOrVar","v":"value"}," месеци претходно"],"zero":"0 месеци претходно"},"$x":[{"t":"idOrVar","v":"plural"},"value"]},{"$i":"years-before","$v":{"few":[{"t":"idOrVar","v":"value"}," години претходно"],"many":[{"t":"idOrVar","v":"value"}," години претходно"],"one":"1 година претходно","other":[{"t":"idOrVar","v":"value"}," години претходно"],"two":[{"t":"idOrVar","v":"value"}," години претходно"],"zero":"0 години претходно"},"$x":[{"t":"idOrVar","v":"plural"},"value"]},{"$i":"minutes-after","$v":{"zero":"сега","one":"за 1 минута","two":["за ",{"t":"idOrVar","v":"value"}," минути"],"few":["за ",{"t":"idOrVar","v":"value"}," минути"],"many":["за ",{"t":"idOrVar","v":"value"}," минути"],"other":["за ",{"t":"idOrVar","v":"value"}," минути"]},"$x":[{"t":"idOrVar","v":"plural"},"value"]},{"$i":"hours-after","$v":{"zero":"сега","one":"за 1 час","two":["за ",{"t":"idOrVar","v":"value"}," часа"],"few":["за ",{"t":"idOrVar","v":"value"}," часа"],"many":["за ",{"t":"idOrVar","v":"value"}," часови"],"other":["за ",{"t":"idOrVar","v":"value"}," часови"]},"$x":[{"t":"idOrVar","v":"plural"},"value"]},{"$i":"days-after","$v":{"zero":"денес","one":"утре","two":["за ",{"t":"idOrVar","v":"value"}," дена"],"few":["за ",{"t":"idOrVar","v":"value"}," дена"],"many":["за ",{"t":"idOrVar","v":"value"}," денови"],"other":["за ",{"t":"idOrVar","v":"value"}," денови"]},"$x":[{"t":"idOrVar","v":"plural"},"value"]},{"$i":"weeks-after","$v":{"zero":"оваа седмица","one":"следната седмици","two":["за ",{"t":"idOrVar","v":"value"}," седмици"],"few":["за ",{"t":"idOrVar","v":"value"}," седмици"],"many":["за ",{"t":"idOrVar","v":"value"}," седмици"],"other":["за ",{"t":"idOrVar","v":"value"}," седмици"]},"$x":[{"t":"idOrVar","v":"plural"},"value"]},{"$i":"months-after","$v":{"zero":"овој месец","one":"следниот месец","two":["за ",{"t":"idOrVar","v":"value"}," месеци"],"few":["за ",{"t":"idOrVar","v":"value"}," месеци"],"many":["за ",{"t":"idOrVar","v":"value"}," месеци"],"other":["за ",{"t":"idOrVar","v":"value"}," месеци"]},"$x":[{"t":"idOrVar","v":"plural"},"value"]},{"$i":"years-after","$v":{"zero":"оваа година","one":"следната година","two":["за ",{"t":"idOrVar","v":"value"}," години"],"few":["за ",{"t":"idOrVar","v":"value"}," години"],"many":["за ",{"t":"idOrVar","v":"value"}," години"],"other":["за ",{"t":"idOrVar","v":"value"}," години"]},"$x":[{"t":"idOrVar","v":"plural"},"value"]},{"$i":"hour-format12","$v":"%I %p"},{"$i":"hour-format24","$v":"%H"},{"$i":"week-hour-format12","$v":"%I %p"},{"$i":"week-hour-format24","$v":"%H"},{"$i":"hour-allday","$v":"Цел ден"},{"$i":"week-day","$v":"%a %e"},{"$i":"current-time12","$v":"%I:%M"},{"$i":"current-time24","$v":"%H:%M"},{"$i":"multi-month-view-header-format","$v":"%b %Y"},{"$i":"day-view-header-format","$v":"%A %e %B"},{"$i":"months-day-view-header-format","$v":"%A, %b %e"},{"$i":"longDateFormat","$v":"%A, %B %d, %Y"},{"$i":"error-start-date-after-end-date","$v":"The event cannot end before its start date"},{"$i":"error-start-time-after-end-time","$v":"The event cannot end before its start time"},{"$i":"error-unauthenticated","$v":"Погрешно корисничко име или лозинка"},{"$i":"error-internal-server-error","$v":"Грешка на серверот. Проверете го Вашето корисничко име или лозинка и обидете се повторно."},{"$i":"error-default","$v":"Нешто е погрешно. Обидете се повторно подоцна."},{"$i":"error-offline","$v":"Нема интернет врска. Проверете ја Вашата мрежна врска и обидете се повторно."},{"$i":"error-account-exist","$v":"Оваа сметка веќе постои."},{"$i":"notification-error-sync-title","$v":"Грешка во синхронизирањето на календарот"},{"$i":"notification-error-sync-description","$v":"Притиснете за повеќе информации"},{"$i":"weekday-0-single-char","$v":"S","ariaLabel":"Sunday"},{"$i":"weekday-1-single-char","$v":"M","ariaLabel":"Monday"},{"$i":"weekday-2-single-char","$v":"T","ariaLabel":"Tuesday"},{"$i":"weekday-3-single-char","$v":"W","ariaLabel":"Wednesday"},{"$i":"weekday-4-single-char","$v":"T","ariaLabel":"Thursday"},{"$i":"weekday-5-single-char","$v":"F","ariaLabel":"Friday"},{"$i":"weekday-6-single-char","$v":"S","ariaLabel":"Saturday"},{"$i":"busy","$v":{"one":[{"t":"idOrVar","v":"n"}," event"],"two":[{"t":"idOrVar","v":"n"}," events"],"few":[{"t":"idOrVar","v":"n"}," events"],"many":[{"t":"idOrVar","v":"n"}," events"],"other":[{"t":"idOrVar","v":"n"}," events"]},"$x":[{"t":"idOrVar","v":"plural"},"n"]},{"$i":"present","ariaLabel":"Today"},{"$i":"past-other-month-description","ariaLabel":"Other month"},{"$i":"future-other-month-description","ariaLabel":"Other month"},{"$i":"icon-calendar-alarm","ariaLabel":"Has alarm"},{"$i":"calendars","ariaLabel":"Calendars"},{"$i":"multi-day-new-event-link","ariaLabel":"Add event"},{"$i":"title","ariaLabel":"Title"},{"$i":"location","ariaLabel":"Location"},{"$i":"duration","ariaLabel":"Duration"},{"$i":"calendar","ariaLabel":"Calendar"},{"$i":"alarms","ariaLabel":"Alarms"},{"$i":"description","ariaLabel":"Description"},{"$i":"start-date","ariaLabel":"Start date"},{"$i":"start-time","ariaLabel":"Start time"},{"$i":"end-date","ariaLabel":"End date"},{"$i":"end-time","ariaLabel":"End time"},{"$i":"during-progress-loading","ariaValueText":"Loading"},{"$i":"all-day","ariaLabel":"All day"},{"$i":"create-event","ariaLabel":"Create event"},{"$i":"create-all-day-event","ariaLabel":"Create all day event"},{"$i":"event-one-day-duration","ariaLabel":["from ",{"t":"idOrVar","v":"startTime"}," to ",{"t":"idOrVar","v":"endTime"}]},{"$i":"week-event-one-day-duration","ariaLabel":[{"t":"idOrVar","v":"startDate"}," from ",{"t":"idOrVar","v":"startTime"}," to ",{"t":"idOrVar","v":"endTime"}]},{"$i":"event-multiple-day-duration","ariaLabel":["From ",{"t":"idOrVar","v":"startTime"}," ",{"t":"idOrVar","v":"startDate"}," to ",{"t":"idOrVar","v":"endTime"}," ",{"t":"idOrVar","v":"endDate"}]},{"$i":"weekday-0-long","$v":"Недела"},{"$i":"weekday-1-long","$v":"Понеделник"},{"$i":"weekday-2-long","$v":"Вторник"},{"$i":"weekday-3-long","$v":"Среда"},{"$i":"weekday-4-long","$v":"Четврток"},{"$i":"weekday-5-long","$v":"Петок"},{"$i":"weekday-6-long","$v":"Сабота"},{"$i":"weekday-0-short","$v":"Нед"},{"$i":"weekday-1-short","$v":"Пон"},{"$i":"weekday-2-short","$v":"Вто"},{"$i":"weekday-3-short","$v":"Сре"},{"$i":"weekday-4-short","$v":"Чет"},{"$i":"weekday-5-short","$v":"Пет"},{"$i":"weekday-6-short","$v":"Саб"},{"$i":"month-0-long","$v":"јануари"},{"$i":"month-1-long","$v":"февруари"},{"$i":"month-2-long","$v":"март"},{"$i":"month-3-long","$v":"април"},{"$i":"month-4-long","$v":"мај"},{"$i":"month-5-long","$v":"јуни"},{"$i":"month-6-long","$v":"јули"},{"$i":"month-7-long","$v":"август"},{"$i":"month-8-long","$v":"септември"},{"$i":"month-9-long","$v":"октомври"},{"$i":"month-10-long","$v":"ноември"},{"$i":"month-11-long","$v":"декември"},{"$i":"month-0-genitive","$v":"јануари"},{"$i":"month-1-genitive","$v":"февруари"},{"$i":"month-2-genitive","$v":"март"},{"$i":"month-3-genitive","$v":"април"},{"$i":"month-4-genitive","$v":"мај"},{"$i":"month-5-genitive","$v":"јуни"},{"$i":"month-6-genitive","$v":"јули"},{"$i":"month-7-genitive","$v":"август"},{"$i":"month-8-genitive","$v":"септември"},{"$i":"month-9-genitive","$v":"октомври"},{"$i":"month-10-genitive","$v":"ноември"},{"$i":"month-11-genitive","$v":"декември"},{"$i":"month-0-short","$v":"јан"},{"$i":"month-1-short","$v":"фев"},{"$i":"month-2-short","$v":"мар"},{"$i":"month-3-short","$v":"апр"},{"$i":"month-4-short","$v":"мај"},{"$i":"month-5-short","$v":"јун"},{"$i":"month-6-short","$v":"јул"},{"$i":"month-7-short","$v":"авг"},{"$i":"month-8-short","$v":"сеп"},{"$i":"month-9-short","$v":"окт"},{"$i":"month-10-short","$v":"ное"},{"$i":"month-11-short","$v":"дек"},{"$i":"minutes-ago-long","$v":{"zero":"сега","one":"пред една минута","two":["пред ",{"t":"idOrVar","v":"value"}," минути"],"few":["пред ",{"t":"idOrVar","v":"value"}," минути"],"many":["пред ",{"t":"idOrVar","v":"value"}," минути"],"other":["пред ",{"t":"idOrVar","v":"value"}," минути"]},"$x":[{"t":"idOrVar","v":"plural"},"value"]},{"$i":"hours-ago-long","$v":{"zero":"сега","one":"пред еден час","two":["пред ",{"t":"idOrVar","v":"value"}," часа"],"few":["пред ",{"t":"idOrVar","v":"value"}," часа"],"many":["пред ",{"t":"idOrVar","v":"value"}," часови"],"other":["пред ",{"t":"idOrVar","v":"value"}," часови"]},"$x":[{"t":"idOrVar","v":"plural"},"value"]},{"$i":"days-ago-long","$v":{"zero":"денес","one":"вчера","two":["пред ",{"t":"idOrVar","v":"value"}," дена"],"few":["пред ",{"t":"idOrVar","v":"value"}," дена"],"many":["пред ",{"t":"idOrVar","v":"value"}," денови"],"other":["пред ",{"t":"idOrVar","v":"value"}," денови"]},"$x":[{"t":"idOrVar","v":"plural"},"value"]},{"$i":"weeks-ago-long","$v":{"zero":"оваа недела","one":"минатата недела","two":["пред ",{"t":"idOrVar","v":"value"}," недели"],"few":["пред ",{"t":"idOrVar","v":"value"}," недели"],"many":["пред ",{"t":"idOrVar","v":"value"}," недели"],"other":["пред ",{"t":"idOrVar","v":"value"}," недели"]},"$x":[{"t":"idOrVar","v":"plural"},"value"]},{"$i":"months-ago-long","$v":{"zero":"овој месец","one":"минатиот месец","two":["пред ",{"t":"idOrVar","v":"value"}," месеци"],"few":["пред ",{"t":"idOrVar","v":"value"}," месеци"],"many":["пред ",{"t":"idOrVar","v":"value"}," месеци"],"other":["пред ",{"t":"idOrVar","v":"value"}," месеци"]},"$x":[{"t":"idOrVar","v":"plural"},"value"]},{"$i":"years-ago-long","$v":{"zero":"оваа година","one":"минатата година","two":["пред ",{"t":"idOrVar","v":"value"}," години"],"few":["пред ",{"t":"idOrVar","v":"value"}," години"],"many":["пред ",{"t":"idOrVar","v":"value"}," години"],"other":["пред ",{"t":"idOrVar","v":"value"}," години"]},"$x":[{"t":"idOrVar","v":"plural"},"value"]},{"$i":"minutes-until-long","$v":{"zero":"сега","one":"за една минута","two":["за ",{"t":"idOrVar","v":"value"}," минути"],"few":["за ",{"t":"idOrVar","v":"value"}," минути"],"many":["за ",{"t":"idOrVar","v":"value"}," минути"],"other":["за ",{"t":"idOrVar","v":"value"}," минути"]},"$x":[{"t":"idOrVar","v":"plural"},"value"]},{"$i":"hours-until-long","$v":{"zero":"сега","one":"за еден час","two":["за ",{"t":"idOrVar","v":"value"}," часа"],"few":["за ",{"t":"idOrVar","v":"value"}," часа"],"many":["за ",{"t":"idOrVar","v":"value"}," часови"],"other":["за ",{"t":"idOrVar","v":"value"}," часови"]},"$x":[{"t":"idOrVar","v":"plural"},"value"]},{"$i":"days-until-long","$v":{"zero":"денес","one":"утре","two":["за ",{"t":"idOrVar","v":"value"}," дена"],"few":["за ",{"t":"idOrVar","v":"value"}," дена"],"many":["за ",{"t":"idOrVar","v":"value"}," денови"],"other":["за ",{"t":"idOrVar","v":"value"}," денови"]},"$x":[{"t":"idOrVar","v":"plural"},"value"]},{"$i":"weeks-until-long","$v":{"zero":"оваа седмица","one":"следната седмица","two":["за ",{"t":"idOrVar","v":"value"}," седмици"],"few":["за ",{"t":"idOrVar","v":"value"}," седмици"],"many":["за ",{"t":"idOrVar","v":"value"}," седмици"],"other":["за ",{"t":"idOrVar","v":"value"}," седмици"]},"$x":[{"t":"idOrVar","v":"plural"},"value"]},{"$i":"months-until-long","$v":{"zero":"овој месец","one":"следниот месец","two":["за ",{"t":"idOrVar","v":"value"}," месеци"],"few":["за ",{"t":"idOrVar","v":"value"}," месеци"],"many":["за ",{"t":"idOrVar","v":"value"}," месеци"],"other":["за ",{"t":"idOrVar","v":"value"}," месеци"]},"$x":[{"t":"idOrVar","v":"plural"},"value"]},{"$i":"years-until-long","$v":{"zero":"оваа година","one":"следната година","two":["за ",{"t":"idOrVar","v":"value"}," години"],"few":["за ",{"t":"idOrVar","v":"value"}," години"],"many":["за ",{"t":"idOrVar","v":"value"}," години"],"other":["за ",{"t":"idOrVar","v":"value"}," години"]},"$x":[{"t":"idOrVar","v":"plural"},"value"]},{"$i":"minutes-ago-short","$v":{"zero":"сега","other":["пред ",{"t":"idOrVar","v":"value"},"m"]},"$x":[{"t":"idOrVar","v":"plural"},"value"]},{"$i":"hours-ago-short","$v":{"zero":"сега","other":["пред ",{"t":"idOrVar","v":"value"},"h"]},"$x":[{"t":"idOrVar","v":"plural"},"value"]},{"$i":"days-ago-short","$v":{"zero":"денес","other":["пред ",{"t":"idOrVar","v":"value"},"d"]},"$x":[{"t":"idOrVar","v":"plural"},"value"]},{"$i":"minutes-until-short","$v":{"zero":"сега","other":["за ",{"t":"idOrVar","v":"value"},"m"]},"$x":[{"t":"idOrVar","v":"plural"},"value"]},{"$i":"hours-until-short","$v":{"zero":"сега","other":["за ",{"t":"idOrVar","v":"value"},"h"]},"$x":[{"t":"idOrVar","v":"plural"},"value"]},{"$i":"days-until-short","$v":{"zero":"денес","other":["за ",{"t":"idOrVar","v":"value"},"d"]},"$x":[{"t":"idOrVar","v":"plural"},"value"]},{"$i":"incorrectDate","$v":"(неточен датум)"},{"$i":"dateTimeFormat_%c","$v":"%a %b %e %Y %H:%M:%S"},{"$i":"dateTimeFormat_%x","$v":"%d/%m/%Y"},{"$i":"dateTimeFormat_%X","$v":"%H:%M:%S"},{"$i":"shortTimeFormat","$v":"%H:%M"},{"$i":"shortTimeFormat12","$v":"%I:%M %p"},{"$i":"shortTimeFormat24","$v":"%H:%M"},{"$i":"shortDateTimeFormat","$v":"%x %H:%M"},{"$i":"weekStartsOnMonday","$v":"1"},{"$i":"firstDayOfTheWeek","$v":"0"},{"$i":"time_am","$v":"AM"},{"$i":"time_pm","$v":"PM"}]