[{"$i":"back","$v":"Undur"},{"$i":"save","$v":"Simpan"},{"$i":"hide","$v":"Sembunyi"},{"$i":"cancel","$v":"Batal"},{"$i":"confirm","$v":"Pasti"},{"$i":"done","$v":"Selesai"},{"$i":"events","$v":"Acara"},{"$i":"edit","$v":"Sunting"},{"$i":"allday-events","$v":"Acara Sepanjang Hari"},{"$i":"no-events","$v":"Tiada Acara"},{"$i":"show-today","$v":"Hari ini"},{"$i":"show-month-view","$v":"Bulan"},{"$i":"show-week-view","$v":"Minggu"},{"$i":"show-day-view","$v":"Hari"},{"$i":"settings-show","$v":"Tetapan"},{"$i":"settings-hide","$v":"Sembunyi tetapan"},{"$i":"add-account","$v":"Tambah akaun"},{"$i":"new-event","$v":"Tambah acara"},{"$i":"view-event-header","$v":"Acara"},{"$i":"new-event-header","$v":"Tambah Acara"},{"$i":"edit-event-header","$v":"Sunting Acara"},{"$i":"account-header","$v":"Akaun"},{"$i":"account-list-header","$v":"Akaun"},{"$i":"advanced-settings-short-icon-button","ariaLabel":"Settings"},{"$i":"advanced-settings-header","$v":"Tetapan Kalendar"},{"$i":"advanced-settings-personalization","$v":"Personalisasi"},{"$i":"advanced-settings-reminders","$v":"Peringatan"},{"$i":"advanced-settings-add-account","$v":"Tambah Akaun"},{"$i":"field-user","placeholder":"Nama pengguna"},{"$i":"field-password","placeholder":"Kata laluan"},{"$i":"field-full-url","placeholder":"URL"},{"$i":"modify-account-setting-up","$v":"Sila tunggu sementara akaun anda ditetapkan"},{"$i":"modify-account-unable-to-sync","$v":"Tidak dapat disync"},{"$i":"modify-account-sign-in","$v":"Daftar masuk"},{"$i":"preset-caldav","$v":"CalDav"},{"$i":"preset-yahoo","$v":"Yahoo!"},{"$i":"preset-google","$v":"Google"},{"$i":"preset-local","$v":"Kalendar luar talian"},{"$i":"preset-mozilla","$v":"Mozilla Zimbra"},{"$i":"calendar-local","$v":"Kalendar luar talian"},{"$i":"event-title","placeholder":"Tajuk"},{"$i":"event-location","placeholder":"Dimana?"},{"$i":"event-description","placeholder":"Nota"},{"$i":"event-is-allday","$v":"Acara sepanjang hari?"},{"$i":"event-start-date","placeholder":"Tarikh mula"},{"$i":"event-end-date","placeholder":"Tarikh akhir"},{"$i":"event-start-time","placeholder":"Masa mula"},{"$i":"event-end-time","placeholder":"Masa akhir"},{"$i":"event-delete","$v":"Hapus acara"},{"$i":"remove-account-data","$v":"Hapus data tempatan"},{"$i":"remove-account-dialog","$v":"Hapus akaun"},{"$i":"remove-account-dialog-details","$v":"Menghapus akaun ini juga akan membuang salinan tempatan andayang berkaitan dengan kalendar dan acara."},{"$i":"drawer-sync-icon-button","ariaLabel":"Sync"},{"$i":"sync-progress-syncing","ariaValueText":"Syncing"},{"$i":"sync-progress-complete","ariaValueText":"Syncing complete"},{"$i":"sync-frequency","$v":"Sync Kalendar"},{"$i":"sync-frequency-15min","$v":"15 minit"},{"$i":"sync-frequency-30min","$v":"30 minit"},{"$i":"sync-frequency-manual","$v":"Secara Manual"},{"$i":"one-day-duration","$v":[{"t":"idOrVar","v":"startDate"},"<br>dari ",{"t":"idOrVar","v":"startTime"}," hingga ",{"t":"idOrVar","v":"endTime"}]},{"$i":"multiple-day-duration","$v":["Dari ",{"t":"idOrVar","v":"startTime"}," ",{"t":"idOrVar","v":"startDate"},"<br>ke ",{"t":"idOrVar","v":"endTime"}," ",{"t":"idOrVar","v":"endDate"}]},{"$i":"one-all-day-duration","$v":["Sepanjang hari<br>",{"t":"idOrVar","v":"startDate"}]},{"$i":"multiple-all-day-duration","$v":["Sepanjang hari dari ",{"t":"idOrVar","v":"startDate"},"<br>hingga ",{"t":"idOrVar","v":"endDate"}]},{"$i":"none","$v":"Tiada"},{"$i":"reminder","$v":"Peringatan:"},{"$i":"remind-me","$v":"Ingatkan saya"},{"$i":"alarm-at-event-standard","$v":"Pada masa acara"},{"$i":"alarm-at-event-allday","$v":"Pada hari acara"},{"$i":"alarm-start-notice","$v":[{"t":"idOrVar","v":"title"}," memulakan ",{"t":"idOrVar","v":"distance"}]},{"$i":"alarm-started-notice","$v":[{"t":"idOrVar","v":"title"}," telah bermula ",{"t":"idOrVar","v":"distance"}]},{"$i":"minutes-before","$v":{"zero":"0 minit sebelum","one":"1 minit sebelum","two":[{"t":"idOrVar","v":"value"}," minit sebelum"],"few":[{"t":"idOrVar","v":"value"}," minit sebelum"],"many":[{"t":"idOrVar","v":"value"}," minit sebelum"],"other":[{"t":"idOrVar","v":"value"}," minit sebelum"]},"$x":[{"t":"idOrVar","v":"plural"},"value"]},{"$i":"hours-before","$v":{"zero":"0 jam sebelum","one":"1 jam sebelum","two":[{"t":"idOrVar","v":"value"}," jam sebelumnya"],"few":[{"t":"idOrVar","v":"value"}," jam sebelumnya"],"many":[{"t":"idOrVar","v":"value"}," jam sebelumnya"],"other":[{"t":"idOrVar","v":"value"}," jam sebelumnya"]},"$x":[{"t":"idOrVar","v":"plural"},"value"]},{"$i":"days-before","$v":{"zero":"0 hari sebelumnya","one":"1 hari sebelumnya","two":[{"t":"idOrVar","v":"value"}," hari sebelumnya"],"few":[{"t":"idOrVar","v":"value"}," hari sebelumnya"],"many":[{"t":"idOrVar","v":"value"}," hari sebelumnya"],"other":[{"t":"idOrVar","v":"value"}," hari sebelumnya"]},"$x":[{"t":"idOrVar","v":"plural"},"value"]},{"$i":"weeks-before","$v":{"zero":"0 minggu sebelumnya","one":"1 minggu sebelumnya","two":[{"t":"idOrVar","v":"value"}," minggu sebelumnya"],"few":[{"t":"idOrVar","v":"value"}," minggu sebelumnya"],"many":[{"t":"idOrVar","v":"value"}," minggu sebelumnya"],"other":[{"t":"idOrVar","v":"value"}," minggu sebelumnya"]},"$x":[{"t":"idOrVar","v":"plural"},"value"]},{"$i":"months-before","$v":{"zero":"0 bulan sebelumnya","one":"1 bulan sebelumnya","two":[{"t":"idOrVar","v":"value"}," bulan sebelumnya"],"few":[{"t":"idOrVar","v":"value"}," bulan sebelumnya"],"many":[{"t":"idOrVar","v":"value"}," bulan sebelumnya"],"other":[{"t":"idOrVar","v":"value"}," bulan sebelumnya"]},"$x":[{"t":"idOrVar","v":"plural"},"value"]},{"$i":"years-before","$v":{"zero":"0 tahun sebelumnya","one":"1 tahun sebelumnya","two":[{"t":"idOrVar","v":"value"}," tahun sebelumnya"],"few":[{"t":"idOrVar","v":"value"}," tahun sebelumnya"],"many":[{"t":"idOrVar","v":"value"}," tahun sebelumnya"],"other":[{"t":"idOrVar","v":"value"}," tahun sebelumnya"]},"$x":[{"t":"idOrVar","v":"plural"},"value"]},{"$i":"minutes-after","$v":{"zero":"0 minit selepas","one":"1 minit selepas","two":[{"t":"idOrVar","v":"value"}," minit selepas"],"few":[{"t":"idOrVar","v":"value"}," minit selepas"],"many":[{"t":"idOrVar","v":"value"}," minit selepas"],"other":[{"t":"idOrVar","v":"value"}," minit selepas"]},"$x":[{"t":"idOrVar","v":"plural"},"value"]},{"$i":"hours-after","$v":{"zero":"0 jam selepas","one":"1 jam selepas","two":[{"t":"idOrVar","v":"value"}," jam selepas"],"few":[{"t":"idOrVar","v":"value"}," jam selepas"],"many":[{"t":"idOrVar","v":"value"}," jam selepas"],"other":[{"t":"idOrVar","v":"value"}," jam selepas"]},"$x":[{"t":"idOrVar","v":"plural"},"value"]},{"$i":"days-after","$v":{"zero":"0 hari selepas","one":"1 hari selepas","two":[{"t":"idOrVar","v":"value"}," hari selepas"],"few":[{"t":"idOrVar","v":"value"}," hari selepas"],"many":[{"t":"idOrVar","v":"value"}," hari selepas"],"other":[{"t":"idOrVar","v":"value"}," hari selepas"]},"$x":[{"t":"idOrVar","v":"plural"},"value"]},{"$i":"weeks-after","$v":{"zero":"0 minggu selepas","one":"1 minggu selepas","two":[{"t":"idOrVar","v":"value"}," minggu selepas"],"few":[{"t":"idOrVar","v":"value"}," minggu selepas"],"many":[{"t":"idOrVar","v":"value"}," minggu selepas"],"other":[{"t":"idOrVar","v":"value"}," minggu selepas"]},"$x":[{"t":"idOrVar","v":"plural"},"value"]},{"$i":"months-after","$v":{"zero":"0 bulan selepas","one":"1 bulan selepas","two":[{"t":"idOrVar","v":"value"}," bulan selepas"],"few":[{"t":"idOrVar","v":"value"}," bulan selepas"],"many":[{"t":"idOrVar","v":"value"}," bulan selepas"],"other":[{"t":"idOrVar","v":"value"}," bulan selepas"]},"$x":[{"t":"idOrVar","v":"plural"},"value"]},{"$i":"years-after","$v":{"zero":"0 tahun selepas","one":"1 tahun selepas","two":[{"t":"idOrVar","v":"value"}," tahun selepas"],"few":[{"t":"idOrVar","v":"value"}," tahun selepas"],"many":[{"t":"idOrVar","v":"value"}," tahun selepas"],"other":[{"t":"idOrVar","v":"value"}," tahun selepas"]},"$x":[{"t":"idOrVar","v":"plural"},"value"]},{"$i":"hour-format12","$v":"%I %p"},{"$i":"hour-format24","$v":"%H"},{"$i":"week-hour-format12","$v":"%I %p"},{"$i":"week-hour-format24","$v":"%H"},{"$i":"hour-allday","$v":"Sepanjang Hari"},{"$i":"week-day","$v":"%a %e"},{"$i":"current-time12","$v":"%I:%M"},{"$i":"current-time24","$v":"%H:%M"},{"$i":"multi-month-view-header-format","$v":"%b %Y"},{"$i":"day-view-header-format","$v":"%b %e, %A"},{"$i":"months-day-view-header-format","$v":"%A, %b %e"},{"$i":"longDateFormat","$v":"%A, %B %d, %Y"},{"$i":"error-start-date-after-end-date","$v":"The event cannot end before its start date"},{"$i":"error-start-time-after-end-time","$v":"The event cannot end before its start time"},{"$i":"error-unauthenticated","$v":"Salah log masuk dan/atau kata laluan"},{"$i":"error-internal-server-error","$v":"Ralat pelayan. Periksa log masuk anda dan cuba lagi."},{"$i":"error-default","$v":"Sesuatu yang tidak kena. Cuba lagi kemudian."},{"$i":"error-offline","$v":"Tiada sambungan. Periksa konfigurasi rangkaian anda dan cuba lagi."},{"$i":"error-account-exist","$v":"Akaun ini telah wujud."},{"$i":"notification-error-sync-title","$v":"Ralat sync Kalendar"},{"$i":"notification-error-sync-description","$v":"Sentuh untuk maklumat lanjut"},{"$i":"weekday-0-single-char","$v":"S","ariaLabel":"Sunday"},{"$i":"weekday-1-single-char","$v":"M","ariaLabel":"Monday"},{"$i":"weekday-2-single-char","$v":"T","ariaLabel":"Tuesday"},{"$i":"weekday-3-single-char","$v":"W","ariaLabel":"Wednesday"},{"$i":"weekday-4-single-char","$v":"T","ariaLabel":"Thursday"},{"$i":"weekday-5-single-char","$v":"F","ariaLabel":"Friday"},{"$i":"weekday-6-single-char","$v":"S","ariaLabel":"Saturday"},{"$i":"busy","$v":{"one":[{"t":"idOrVar","v":"n"}," event"],"two":[{"t":"idOrVar","v":"n"}," events"],"few":[{"t":"idOrVar","v":"n"}," events"],"many":[{"t":"idOrVar","v":"n"}," events"],"other":[{"t":"idOrVar","v":"n"}," events"]},"$x":[{"t":"idOrVar","v":"plural"},"n"]},{"$i":"present","ariaLabel":"Today"},{"$i":"past-other-month-description","ariaLabel":"Other month"},{"$i":"future-other-month-description","ariaLabel":"Other month"},{"$i":"icon-calendar-alarm","ariaLabel":"Has alarm"},{"$i":"calendars","ariaLabel":"Calendars"},{"$i":"multi-day-new-event-link","ariaLabel":"Add event"},{"$i":"title","ariaLabel":"Title"},{"$i":"location","ariaLabel":"Location"},{"$i":"duration","ariaLabel":"Duration"},{"$i":"calendar","ariaLabel":"Calendar"},{"$i":"alarms","ariaLabel":"Alarms"},{"$i":"description","ariaLabel":"Description"},{"$i":"start-date","ariaLabel":"Start date"},{"$i":"start-time","ariaLabel":"Start time"},{"$i":"end-date","ariaLabel":"End date"},{"$i":"end-time","ariaLabel":"End time"},{"$i":"during-progress-loading","ariaValueText":"Loading"},{"$i":"all-day","ariaLabel":"All day"},{"$i":"create-event","ariaLabel":"Create event"},{"$i":"create-all-day-event","ariaLabel":"Create all day event"},{"$i":"event-one-day-duration","ariaLabel":["from ",{"t":"idOrVar","v":"startTime"}," to ",{"t":"idOrVar","v":"endTime"}]},{"$i":"week-event-one-day-duration","ariaLabel":[{"t":"idOrVar","v":"startDate"}," from ",{"t":"idOrVar","v":"startTime"}," to ",{"t":"idOrVar","v":"endTime"}]},{"$i":"event-multiple-day-duration","ariaLabel":["From ",{"t":"idOrVar","v":"startTime"}," ",{"t":"idOrVar","v":"startDate"}," to ",{"t":"idOrVar","v":"endTime"}," ",{"t":"idOrVar","v":"endDate"}]},{"$i":"weekday-0-long","$v":"Ahad"},{"$i":"weekday-1-long","$v":"Isnin"},{"$i":"weekday-2-long","$v":"Selasa"},{"$i":"weekday-3-long","$v":"Rabu"},{"$i":"weekday-4-long","$v":"Khamis"},{"$i":"weekday-5-long","$v":"Jumaat"},{"$i":"weekday-6-long","$v":"Sabtu"},{"$i":"weekday-0-short","$v":"Ahad"},{"$i":"weekday-1-short","$v":"Isnin"},{"$i":"weekday-2-short","$v":"Selasa"},{"$i":"weekday-3-short","$v":"Rabu"},{"$i":"weekday-4-short","$v":"Khamis"},{"$i":"weekday-5-short","$v":"Jumaat"},{"$i":"weekday-6-short","$v":"Sabtu"},{"$i":"month-0-long","$v":"Januari"},{"$i":"month-1-long","$v":"Februari"},{"$i":"month-2-long","$v":"Mac"},{"$i":"month-3-long","$v":"April"},{"$i":"month-4-long","$v":"Mei"},{"$i":"month-5-long","$v":"Jun"},{"$i":"month-6-long","$v":"Julai"},{"$i":"month-7-long","$v":"Ogos"},{"$i":"month-8-long","$v":"September"},{"$i":"month-9-long","$v":"Oktober"},{"$i":"month-10-long","$v":"November"},{"$i":"month-11-long","$v":"Disember"},{"$i":"month-0-genitive","$v":"Januari"},{"$i":"month-1-genitive","$v":"Februari"},{"$i":"month-2-genitive","$v":"Mac"},{"$i":"month-3-genitive","$v":"April"},{"$i":"month-4-genitive","$v":"Mei"},{"$i":"month-5-genitive","$v":"Jun"},{"$i":"month-6-genitive","$v":"Julai"},{"$i":"month-7-genitive","$v":"Ogos"},{"$i":"month-8-genitive","$v":"September"},{"$i":"month-9-genitive","$v":"Oktober"},{"$i":"month-10-genitive","$v":"November"},{"$i":"month-11-genitive","$v":"Disember"},{"$i":"month-0-short","$v":"Jan"},{"$i":"month-1-short","$v":"Feb"},{"$i":"month-2-short","$v":"Mac"},{"$i":"month-3-short","$v":"Apr"},{"$i":"month-4-short","$v":"Mei"},{"$i":"month-5-short","$v":"Jun"},{"$i":"month-6-short","$v":"Jul"},{"$i":"month-7-short","$v":"Ogos"},{"$i":"month-8-short","$v":"Sep"},{"$i":"month-9-short","$v":"Okt"},{"$i":"month-10-short","$v":"Nov"},{"$i":"month-11-short","$v":"Dis"},{"$i":"minutes-ago-long","$v":{"zero":"sebentar tadi","one":"satu minit lalu","two":[{"t":"idOrVar","v":"value"}," minit lalu"],"few":[{"t":"idOrVar","v":"value"}," minit lalu"],"many":[{"t":"idOrVar","v":"value"}," minit lalu"],"other":[{"t":"idOrVar","v":"value"}," minit lalu"]},"$x":[{"t":"idOrVar","v":"plural"},"value"]},{"$i":"hours-ago-long","$v":{"zero":"sebentar tadi","one":"sejam yang lalu","two":[{"t":"idOrVar","v":"value"}," jam lalu"],"few":[{"t":"idOrVar","v":"value"}," jam lalu"],"many":[{"t":"idOrVar","v":"value"}," jam lalu"],"other":[{"t":"idOrVar","v":"value"}," jam lalu"]},"$x":[{"t":"idOrVar","v":"plural"},"value"]},{"$i":"days-ago-long","$v":{"zero":"hari ini","one":"semalam","two":[{"t":"idOrVar","v":"value"}," hari lalu"],"few":[{"t":"idOrVar","v":"value"}," hari lalu"],"many":[{"t":"idOrVar","v":"value"}," hari lalu"],"other":[{"t":"idOrVar","v":"value"}," hari lalu"]},"$x":[{"t":"idOrVar","v":"plural"},"value"]},{"$i":"weeks-ago-long","$v":{"zero":"minggu ini","one":"minggu lalu","two":[{"t":"idOrVar","v":"value"}," minggu lalu"],"few":[{"t":"idOrVar","v":"value"}," minggu lalu"],"many":[{"t":"idOrVar","v":"value"}," minggu lalu"],"other":[{"t":"idOrVar","v":"value"}," minggu lalu"]},"$x":[{"t":"idOrVar","v":"plural"},"value"]},{"$i":"months-ago-long","$v":{"zero":"bulan ini","one":"bulan lalu","two":[{"t":"idOrVar","v":"value"}," bulan lalu"],"few":[{"t":"idOrVar","v":"value"}," bulan lalu"],"many":[{"t":"idOrVar","v":"value"}," minit lalu"],"other":[{"t":"idOrVar","v":"value"}," minit lalu"]},"$x":[{"t":"idOrVar","v":"plural"},"value"]},{"$i":"years-ago-long","$v":{"zero":"tahun ini","one":"tahun lalu","two":[{"t":"idOrVar","v":"value"}," tahun lalu"],"few":[{"t":"idOrVar","v":"value"}," tahun lalu"],"many":[{"t":"idOrVar","v":"value"}," tahun lalu"],"other":[{"t":"idOrVar","v":"value"}," tahun lalu"]},"$x":[{"t":"idOrVar","v":"plural"},"value"]},{"$i":"minutes-until-long","$v":{"zero":"sekarang","one":"dalam satu minit","two":["dalam ",{"t":"idOrVar","v":"value"}," minit"],"few":["dalam ",{"t":"idOrVar","v":"value"}," minit"],"many":["dalam ",{"t":"idOrVar","v":"value"}," minit"],"other":["dalam ",{"t":"idOrVar","v":"value"}," minit"]},"$x":[{"t":"idOrVar","v":"plural"},"value"]},{"$i":"hours-until-long","$v":{"zero":"sekarang","one":"dalam satu jam","two":["dalam ",{"t":"idOrVar","v":"value"}," jam"],"few":["dalam ",{"t":"idOrVar","v":"value"}," jam"],"many":["dalam ",{"t":"idOrVar","v":"value"}," jam"],"other":["dalam ",{"t":"idOrVar","v":"value"}," jam"]},"$x":[{"t":"idOrVar","v":"plural"},"value"]},{"$i":"days-until-long","$v":{"zero":"hari ini","one":"esok","two":["dalam ",{"t":"idOrVar","v":"value"}," hari"],"few":["dalam ",{"t":"idOrVar","v":"value"}," hari"],"many":["dalam ",{"t":"idOrVar","v":"value"}," hari"],"other":["dalam ",{"t":"idOrVar","v":"value"}," hari"]},"$x":[{"t":"idOrVar","v":"plural"},"value"]},{"$i":"weeks-until-long","$v":{"zero":"minggu ini","one":"minggu depan","two":["dalam ",{"t":"idOrVar","v":"value"}," minggu"],"few":["dalam ",{"t":"idOrVar","v":"value"}," minggu"],"many":["dalam ",{"t":"idOrVar","v":"value"}," minggu"],"other":["dalam ",{"t":"idOrVar","v":"value"}," minggu"]},"$x":[{"t":"idOrVar","v":"plural"},"value"]},{"$i":"months-until-long","$v":{"zero":"bulan ini","one":"bulan depan","two":["dalam ",{"t":"idOrVar","v":"value"}," bulan"],"few":["dalam ",{"t":"idOrVar","v":"value"}," bulan"],"many":["dalam ",{"t":"idOrVar","v":"value"}," bulan"],"other":["dalam ",{"t":"idOrVar","v":"value"}," bulan"]},"$x":[{"t":"idOrVar","v":"plural"},"value"]},{"$i":"years-until-long","$v":{"zero":"tahun ini","one":"tahun depan","two":["dalam ",{"t":"idOrVar","v":"value"}," tahun"],"few":["dalam ",{"t":"idOrVar","v":"value"}," tahun"],"many":["dalam ",{"t":"idOrVar","v":"value"}," tahun"],"other":["dalam ",{"t":"idOrVar","v":"value"}," tahun"]},"$x":[{"t":"idOrVar","v":"plural"},"value"]},{"$i":"minutes-ago-short","$v":{"zero":"sebentar tadi","other":[{"t":"idOrVar","v":"value"}," minit lalu"]},"$x":[{"t":"idOrVar","v":"plural"},"value"]},{"$i":"hours-ago-short","$v":{"zero":"sebentar tadi","other":[{"t":"idOrVar","v":"value"}," jam lalu"]},"$x":[{"t":"idOrVar","v":"plural"},"value"]},{"$i":"days-ago-short","$v":{"zero":"hari ini","other":[{"t":"idOrVar","v":"value"}," hari lalu"]},"$x":[{"t":"idOrVar","v":"plural"},"value"]},{"$i":"minutes-until-short","$v":{"zero":"sekarang","other":["dalam ",{"t":"idOrVar","v":"value"}," minit"]},"$x":[{"t":"idOrVar","v":"plural"},"value"]},{"$i":"hours-until-short","$v":{"zero":"sekarang","other":["dalam ",{"t":"idOrVar","v":"value"}," jam"]},"$x":[{"t":"idOrVar","v":"plural"},"value"]},{"$i":"days-until-short","$v":{"zero":"hari ini","other":["dalam ",{"t":"idOrVar","v":"value"}," hari"]},"$x":[{"t":"idOrVar","v":"plural"},"value"]},{"$i":"incorrectDate","$v":"(tarikh tidak betul)"},{"$i":"dateTimeFormat_%c","$v":"%a %b %e %Y %I:%M:%S %p"},{"$i":"dateTimeFormat_%x","$v":"%m/%d/%Y"},{"$i":"dateTimeFormat_%X","$v":"%I:%M:%S %p"},{"$i":"shortTimeFormat","$v":"%I:%M %p"},{"$i":"shortTimeFormat12","$v":"%I:%M %p"},{"$i":"shortTimeFormat24","$v":"%H:%M"},{"$i":"shortDateTimeFormat","$v":"%x %I:%M %p"},{"$i":"weekStartsOnMonday","$v":"0"},{"$i":"firstDayOfTheWeek","$v":"0"},{"$i":"time_am","$v":"PG"},{"$i":"time_pm","$v":"PTG"}]