[{"$i":"back","$v":"पछाडि"},{"$i":"save","$v":"बचत गर्नुहोस्"},{"$i":"hide","$v":"लुकाउनुहोस्"},{"$i":"cancel","$v":"रद्द गर्नुहोस्"},{"$i":"confirm","$v":"यकिन गर्नुहोस्"},{"$i":"done","$v":"भयो"},{"$i":"events","$v":"घटनाहरू"},{"$i":"edit","$v":"सम्पादन गर्नुहोस्"},{"$i":"allday-events","$v":"दिनका सबै घटना?"},{"$i":"no-events","$v":"घटनाहरु छैन"},{"$i":"show-today","$v":"आज"},{"$i":"show-month-view","$v":"महिना"},{"$i":"show-week-view","$v":"हप्ता"},{"$i":"show-day-view","$v":"दिन"},{"$i":"settings-show","$v":"सेटिङहरू"},{"$i":"settings-hide","$v":"सेटिङहरू लुकाउनुहोस्"},{"$i":"add-account","$v":"खाता थप्नुहोस्"},{"$i":"new-event","$v":"घटना थप्नुहोस्"},{"$i":"view-event-header","$v":"घटना"},{"$i":"new-event-header","$v":"घटना थप्नुहोस्"},{"$i":"edit-event-header","$v":"घटना सम्पादन गर्नुहोस्"},{"$i":"account-header","$v":"खाता"},{"$i":"account-list-header","$v":"खाताहरू"},{"$i":"advanced-settings-short-icon-button","ariaLabel":"Settings"},{"$i":"advanced-settings-header","$v":"पात्रोको सेटिङहरू"},{"$i":"advanced-settings-personalization","$v":"निजीकरण"},{"$i":"advanced-settings-reminders","$v":"सचेतकहरु"},{"$i":"advanced-settings-add-account","$v":"खाता थप्नुहोस्"},{"$i":"field-user","placeholder":"प्रयोगकर्ता नाम"},{"$i":"field-password","placeholder":"पासवर्ड"},{"$i":"field-full-url","placeholder":"URL"},{"$i":"modify-account-setting-up","$v":"कृपया तपाईँको खाता सेट नभएसम्म प्रतिक्षा गर्नुहोस्"},{"$i":"modify-account-unable-to-sync","$v":"समक्रमण गर्न असमर्थ"},{"$i":"modify-account-sign-in","$v":"साइन इन"},{"$i":"preset-caldav","$v":"CalDav"},{"$i":"preset-yahoo","$v":"याहू!"},{"$i":"preset-google","$v":"गुगल"},{"$i":"preset-local","$v":"अफलाइन पात्रो"},{"$i":"preset-mozilla","$v":"मोजिल्ला जिम्ब्रा"},{"$i":"calendar-local","$v":"अफलाइन पात्रो"},{"$i":"event-title","placeholder":"शीर्षक"},{"$i":"event-location","placeholder":"कत्ता?"},{"$i":"event-description","placeholder":"टिप्पणीहरू"},{"$i":"event-is-allday","$v":"सबै दिनका घटना?"},{"$i":"event-start-date","placeholder":"सुरुवात मिति"},{"$i":"event-end-date","placeholder":"अन्त्य मिति"},{"$i":"event-start-time","placeholder":"सुरुवात समय"},{"$i":"event-end-time","placeholder":"अन्त्य समय"},{"$i":"event-delete","$v":"घटना मेट्नुहोस्"},{"$i":"remove-account-data","$v":"स्थानीय डेटा हटाउनुहोस्"},{"$i":"remove-account-dialog","$v":"खाता हटाउनुहोस्"},{"$i":"remove-account-dialog-details","$v":"यो खाता हटाउँदा तपाईँको सम्बन्धित पात्रो र घटनाहरुको स्थानीय प्रतिलिपि पनि हट्नेछ।"},{"$i":"drawer-sync-icon-button","ariaLabel":"Sync"},{"$i":"sync-progress-syncing","ariaValueText":"Syncing"},{"$i":"sync-progress-complete","ariaValueText":"Syncing complete"},{"$i":"sync-frequency","$v":"पात्रो समक्रमण गर्नुहोस्"},{"$i":"sync-frequency-15min","$v":"१५ मिनेट"},{"$i":"sync-frequency-30min","$v":"३० मिनेट"},{"$i":"sync-frequency-manual","$v":"म्यानुअल तरिकाले"},{"$i":"one-day-duration","$v":[{"t":"idOrVar","v":"startDate"},"<br> देखि ",{"t":"idOrVar","v":"startTime"}," ",{"t":"idOrVar","v":"endTime"}," सम्म"]},{"$i":"multiple-day-duration","$v":[{"t":"idOrVar","v":"startTime"}," ",{"t":"idOrVar","v":"startDate"},"<br> देखि  ",{"t":"idOrVar","v":"endTime"}," ",{"t":"idOrVar","v":"endDate"}," सम्म"]},{"$i":"one-all-day-duration","$v":["पुरा दिन <br>",{"t":"idOrVar","v":"startDate"}]},{"$i":"multiple-all-day-duration","$v":["पुरा दिन ",{"t":"idOrVar","v":"startDate"},"<br> देखि  ",{"t":"idOrVar","v":"endDate"}," सम्म"]},{"$i":"none","$v":"कुनै पनि होइन"},{"$i":"reminder","$v":"सचेतक:"},{"$i":"remind-me","$v":"मलाई सचेत गर्नुहोस्"},{"$i":"alarm-at-event-standard","$v":"घटनाको समयमा"},{"$i":"alarm-at-event-allday","$v":"घटनाको दिनमा"},{"$i":"alarm-start-notice","$v":[{"t":"idOrVar","v":"distance"},"मा ",{"t":"idOrVar","v":"title"}," सुरु हुने"]},{"$i":"alarm-started-notice","$v":[{"t":"idOrVar","v":"title"}," सुरु गरियो ",{"t":"idOrVar","v":"distance"}]},{"$i":"minutes-before","$v":{"zero":"० मिनेट अघी","one":"१ मिनेट अघी","two":[{"t":"idOrVar","v":"value"}," मिनेट अघी"],"few":[{"t":"idOrVar","v":"value"}," मिनेट अघी"],"many":[{"t":"idOrVar","v":"value"}," मिनेट अघी"],"other":[{"t":"idOrVar","v":"value"}," मिनेट अघी"]},"$x":[{"t":"idOrVar","v":"plural"},"value"]},{"$i":"hours-before","$v":{"zero":"० घण्टा अघी","one":"१ घण्टा अघी","two":[{"t":"idOrVar","v":"value"}," घण्टा अघी"],"few":[{"t":"idOrVar","v":"value"}," घण्टा अघी"],"many":[{"t":"idOrVar","v":"value"}," घण्टा अघी"],"other":[{"t":"idOrVar","v":"value"}," घण्टा अघि"]},"$x":[{"t":"idOrVar","v":"plural"},"value"]},{"$i":"days-before","$v":{"zero":"० दिन अघि","one":"१ दिन अगाडि","two":[{"t":"idOrVar","v":"value"}," दिन अघि"],"few":[{"t":"idOrVar","v":"value"}," दिन अगाडि"],"many":[{"t":"idOrVar","v":"value"}," दिन अगाडि"],"other":[{"t":"idOrVar","v":"value"}," दिन अगाडि"]},"$x":[{"t":"idOrVar","v":"plural"},"value"]},{"$i":"weeks-before","$v":{"zero":"० हप्ता अगाडि","one":"१ हप्ता अघि","two":[{"t":"idOrVar","v":"value"}," हप्ता अघी"],"few":[{"t":"idOrVar","v":"value"}," हप्ता अघी"],"many":[{"t":"idOrVar","v":"value"}," हप्ता अघी"],"other":[{"t":"idOrVar","v":"value"}," हप्ता अघी"]},"$x":[{"t":"idOrVar","v":"plural"},"value"]},{"$i":"months-before","$v":{"zero":"० महिना अघी","one":"१ महिना अघी","two":[{"t":"idOrVar","v":"value"}," महिना अघी"],"few":[{"t":"idOrVar","v":"value"}," महिना अगाडि"],"many":[{"t":"idOrVar","v":"value"}," महिना अगाडि"],"other":[{"t":"idOrVar","v":"value"}," महिना अगाडि"]},"$x":[{"t":"idOrVar","v":"plural"},"value"]},{"$i":"years-before","$v":{"zero":"० वर्ष अगाडि","one":"१ वर्ष अगाडि","two":[{"t":"idOrVar","v":"value"}," वर्ष अगाडि"],"few":[{"t":"idOrVar","v":"value"}," वर्ष अगाडि"],"many":[{"t":"idOrVar","v":"value"}," वर्ष अगाडि"],"other":[{"t":"idOrVar","v":"value"}," बर्ष अघी"]},"$x":[{"t":"idOrVar","v":"plural"},"value"]},{"$i":"minutes-after","$v":{"zero":"० मिनेट पछी","one":"१ मिनेट पछी","two":[{"t":"idOrVar","v":"value"}," मिनेट पछी"],"few":[{"t":"idOrVar","v":"value"}," मिनेट पछी"],"many":[{"t":"idOrVar","v":"value"}," मिनेट पछी"],"other":[{"t":"idOrVar","v":"value"}," मिनेट पछी"]},"$x":[{"t":"idOrVar","v":"plural"},"value"]},{"$i":"hours-after","$v":{"zero":"० घण्टा पछि","one":"१ घण्टा पछि","two":[{"t":"idOrVar","v":"value"}," घण्टा पछि"],"few":[{"t":"idOrVar","v":"value"}," घण्टा पछि"],"many":[{"t":"idOrVar","v":"value"}," घण्टा पछि"],"other":[{"t":"idOrVar","v":"value"}," घण्टा पछि"]},"$x":[{"t":"idOrVar","v":"plural"},"value"]},{"$i":"days-after","$v":{"zero":"० दिन पछि","one":"१ दिन पछि","two":[{"t":"idOrVar","v":"value"}," दिन पछी"],"few":[{"t":"idOrVar","v":"value"}," दिन पछी"],"many":[{"t":"idOrVar","v":"value"}," दिन पछी"],"other":[{"t":"idOrVar","v":"value"}," दिन पछी"]},"$x":[{"t":"idOrVar","v":"plural"},"value"]},{"$i":"weeks-after","$v":{"zero":"० हप्ता पछी","one":"१ हप्ता पछी","two":[{"t":"idOrVar","v":"value"}," हप्ता पछी"],"few":[{"t":"idOrVar","v":"value"}," हप्ता पछी"],"many":[{"t":"idOrVar","v":"value"}," हप्ता पछि"],"other":[{"t":"idOrVar","v":"value"}," हप्ता पछि"]},"$x":[{"t":"idOrVar","v":"plural"},"value"]},{"$i":"months-after","$v":{"zero":"० महिना पछि","one":"१ महिना पछि","two":[{"t":"idOrVar","v":"value"}," महिना पछि"],"few":[{"t":"idOrVar","v":"value"}," महिना पछि"],"many":[{"t":"idOrVar","v":"value"}," महिना पछी"],"other":[{"t":"idOrVar","v":"value"}," महिना पछी"]},"$x":[{"t":"idOrVar","v":"plural"},"value"]},{"$i":"years-after","$v":{"zero":"० बर्ष पछी","one":"१ बर्ष पछी","two":[{"t":"idOrVar","v":"value"}," बर्ष पछी"],"few":[{"t":"idOrVar","v":"value"}," बर्ष पछी"],"many":[{"t":"idOrVar","v":"value"}," बर्ष पछी"],"other":[{"t":"idOrVar","v":"value"}," बर्ष पछी"]},"$x":[{"t":"idOrVar","v":"plural"},"value"]},{"$i":"hour-format12","$v":"%I %p"},{"$i":"hour-format24","$v":"%H"},{"$i":"week-hour-format12","$v":"%I %p"},{"$i":"week-hour-format24","$v":"%H"},{"$i":"hour-allday","$v":"सबै दिन"},{"$i":"week-day","$v":"%a %e"},{"$i":"current-time12","$v":"%I:%M"},{"$i":"current-time24","$v":"%I:%M"},{"$i":"multi-month-view-header-format","$v":"%b %Y"},{"$i":"day-view-header-format","$v":"%b %e, %A"},{"$i":"months-day-view-header-format","$v":"%A %b %e"},{"$i":"longDateFormat","$v":"%A, %B %d, %Y"},{"$i":"error-start-date-after-end-date","$v":"घटना सुरुवात मिति अघि अन्त्य हुन सक्दैन"},{"$i":"error-start-time-after-end-time","$v":"घटना सुरुवात समय अघि अन्त्य हुन सक्दैन"},{"$i":"error-unauthenticated","$v":"गलत लगइन र/वा पासवर्ड"},{"$i":"error-internal-server-error","$v":"सर्भर त्रुटि।तपाईँको लगइन जाँच्नुहोस् र पुन: प्रयास गर्नुहोस् ।"},{"$i":"error-default","$v":"केही कुरा गलत छ।पछि पुन: प्रयास गर्नुहोस् ।"},{"$i":"error-offline","$v":"जडान छैन।तपाईको जडान कन्फिगरेसन जाँच्नुहोस् र फेरि प्रयास गर्नुहोस्।"},{"$i":"error-account-exist","$v":"यस खाता पहिले नै अवस्थित छ।"},{"$i":"notification-error-sync-title","$v":"पात्रो समक्रमण त्रुटि"},{"$i":"notification-error-sync-description","$v":"थप जानकारीका लागि थिच्नुहोस्"},{"$i":"weekday-0-single-char","$v":"एस्","ariaLabel":"आइतबार"},{"$i":"weekday-1-single-char","$v":"एम","ariaLabel":"सोमबार"},{"$i":"weekday-2-single-char","$v":"टि","ariaLabel":"मंगलबार"},{"$i":"weekday-3-single-char","$v":"डब्लु","ariaLabel":"बुधबार"},{"$i":"weekday-4-single-char","$v":"टि","ariaLabel":"बिहिबार"},{"$i":"weekday-5-single-char","$v":"एफ्","ariaLabel":"शुक्रबार"},{"$i":"weekday-6-single-char","$v":"एस्","ariaLabel":"शनिबार"},{"$i":"busy","$v":{"one":[{"t":"idOrVar","v":"n"}," घटना"],"two":[{"t":"idOrVar","v":"n"}," घटनाहरु"],"few":[{"t":"idOrVar","v":"n"}," घटनाहरु"],"many":[{"t":"idOrVar","v":"n"}," घटनाहरु"],"other":[{"t":"idOrVar","v":"n"}," घटनाहरु"]},"$x":[{"t":"idOrVar","v":"plural"},"n"]},{"$i":"present","ariaLabel":"आज"},{"$i":"past-other-month-description","ariaLabel":"Other month"},{"$i":"future-other-month-description","ariaLabel":"Other month"},{"$i":"icon-calendar-alarm","ariaLabel":"सचेतक छ"},{"$i":"calendars","ariaLabel":"पात्रोहरू"},{"$i":"multi-day-new-event-link","ariaLabel":"घटना थप्नुहोस्"},{"$i":"title","ariaLabel":"शीर्षक"},{"$i":"location","ariaLabel":"स्थान"},{"$i":"duration","ariaLabel":"अवधि"},{"$i":"calendar","ariaLabel":"पात्रो"},{"$i":"alarms","ariaLabel":"सचेतकहरू"},{"$i":"description","ariaLabel":"विवरण"},{"$i":"start-date","ariaLabel":"सुरुवात मिति"},{"$i":"start-time","ariaLabel":"सुरुवात समय"},{"$i":"end-date","ariaLabel":"अन्त्य मिति"},{"$i":"end-time","ariaLabel":"अन्त्य समय"},{"$i":"during-progress-loading","ariaValueText":"लोड हुँदैछ"},{"$i":"all-day","ariaLabel":"All day"},{"$i":"create-event","ariaLabel":"Create event"},{"$i":"create-all-day-event","ariaLabel":"Create all day event"},{"$i":"event-one-day-duration","ariaLabel":["from ",{"t":"idOrVar","v":"startTime"}," to ",{"t":"idOrVar","v":"endTime"}]},{"$i":"week-event-one-day-duration","ariaLabel":[{"t":"idOrVar","v":"startDate"}," from ",{"t":"idOrVar","v":"startTime"}," to ",{"t":"idOrVar","v":"endTime"}]},{"$i":"event-multiple-day-duration","ariaLabel":["From ",{"t":"idOrVar","v":"startTime"}," ",{"t":"idOrVar","v":"startDate"}," to ",{"t":"idOrVar","v":"endTime"}," ",{"t":"idOrVar","v":"endDate"}]},{"$i":"weekday-0-long","$v":"आइतबार"},{"$i":"weekday-1-long","$v":"सोमबार"},{"$i":"weekday-2-long","$v":"मंगलबार"},{"$i":"weekday-3-long","$v":"बुधबार"},{"$i":"weekday-4-long","$v":"बिहिबार"},{"$i":"weekday-5-long","$v":"शुक्रबार"},{"$i":"weekday-6-long","$v":"शनिबार"},{"$i":"weekday-0-short","$v":"आइत"},{"$i":"weekday-1-short","$v":"सोम"},{"$i":"weekday-2-short","$v":"मङ्गल"},{"$i":"weekday-3-short","$v":"बुध"},{"$i":"weekday-4-short","$v":"बिहि"},{"$i":"weekday-5-short","$v":"शुक्र"},{"$i":"weekday-6-short","$v":"शनि"},{"$i":"month-0-long","$v":"जनवरी"},{"$i":"month-1-long","$v":"फेब्रुअरी"},{"$i":"month-2-long","$v":"ंमार्च"},{"$i":"month-3-long","$v":"अप्रिल"},{"$i":"month-4-long","$v":"मे"},{"$i":"month-5-long","$v":"जुन"},{"$i":"month-6-long","$v":"जुलाई"},{"$i":"month-7-long","$v":"अगस्ट"},{"$i":"month-8-long","$v":"सेप्टेम्बर"},{"$i":"month-9-long","$v":"अक्टोबर"},{"$i":"month-10-long","$v":"नोभेम्बर"},{"$i":"month-11-long","$v":"डिसेम्बर"},{"$i":"month-0-genitive","$v":"जनवरी"},{"$i":"month-1-genitive","$v":"फेब्रुअरी"},{"$i":"month-2-genitive","$v":"ंमार्च"},{"$i":"month-3-genitive","$v":"अप्रिल"},{"$i":"month-4-genitive","$v":"मे"},{"$i":"month-5-genitive","$v":"जुन"},{"$i":"month-6-genitive","$v":"जुलाई"},{"$i":"month-7-genitive","$v":"अगस्ट"},{"$i":"month-8-genitive","$v":"सेप्टेम्बर"},{"$i":"month-9-genitive","$v":"अक्टोबर"},{"$i":"month-10-genitive","$v":"नोभेम्बर"},{"$i":"month-11-genitive","$v":"डिसेम्बर"},{"$i":"month-0-short","$v":"जन"},{"$i":"month-1-short","$v":"फेब"},{"$i":"month-2-short","$v":"मार्च"},{"$i":"month-3-short","$v":"अप्रिल"},{"$i":"month-4-short","$v":"मे"},{"$i":"month-5-short","$v":"जुन"},{"$i":"month-6-short","$v":"जुलाई"},{"$i":"month-7-short","$v":"अगस्ट"},{"$i":"month-8-short","$v":"सेप्टेम्वर"},{"$i":"month-9-short","$v":"अक्टुवर"},{"$i":"month-10-short","$v":"नोभेम्वर"},{"$i":"month-11-short","$v":"डिसेम्वर"},{"$i":"minutes-ago-long","$v":{"zero":"भर्खरै","one":"एक मिनेट अगाडि","two":[{"t":"idOrVar","v":"value"}," मिनेट अगाडि"],"few":[{"t":"idOrVar","v":"value"}," मिनेट अगाडि"],"many":[{"t":"idOrVar","v":"value"}," मिनेट अगाडि"],"other":[{"t":"idOrVar","v":"value"}," मिनेट अगाडि"]},"$x":[{"t":"idOrVar","v":"plural"},"value"]},{"$i":"hours-ago-long","$v":{"zero":"भर्खरै","one":"एक घन्टा अगाडि","two":[{"t":"idOrVar","v":"value"}," घण्टा अगाडि"],"few":[{"t":"idOrVar","v":"value"}," घण्टा अगाडि"],"many":[{"t":"idOrVar","v":"value"}," घण्टा अगाडि"],"other":[{"t":"idOrVar","v":"value"}," घण्टा अगाडि"]},"$x":[{"t":"idOrVar","v":"plural"},"value"]},{"$i":"days-ago-long","$v":{"zero":"आज","one":"हिजो","two":[{"t":"idOrVar","v":"value"}," दिन अगाडि"],"few":[{"t":"idOrVar","v":"value"}," दिन अगाडि"],"many":[{"t":"idOrVar","v":"value"}," दिन अगाडि"],"other":[{"t":"idOrVar","v":"value"}," दिन अगाडि"]},"$x":[{"t":"idOrVar","v":"plural"},"value"]},{"$i":"weeks-ago-long","$v":{"zero":"यो हप्ता","one":"गएको हप्ता","two":[{"t":"idOrVar","v":"value"}," हप्ता अगाडि"],"few":[{"t":"idOrVar","v":"value"}," हप्ता अगाडि"],"many":[{"t":"idOrVar","v":"value"}," हप्ता अगाडि"],"other":[{"t":"idOrVar","v":"value"}," हप्ता अगाडि"]},"$x":[{"t":"idOrVar","v":"plural"},"value"]},{"$i":"months-ago-long","$v":{"zero":"यो महिना","one":"गएको महिना","two":[{"t":"idOrVar","v":"value"}," महिना अगाडि"],"few":[{"t":"idOrVar","v":"value"}," महिना अगाडि"],"many":[{"t":"idOrVar","v":"value"}," महिना अगाडि"],"other":[{"t":"idOrVar","v":"value"}," महिना अगाडि"]},"$x":[{"t":"idOrVar","v":"plural"},"value"]},{"$i":"years-ago-long","$v":{"zero":"यो वर्ष","one":"अघिल्लो वर्ष","two":[{"t":"idOrVar","v":"value"}," वर्ष अगाडि"],"few":[{"t":"idOrVar","v":"value"}," वर्ष अगाडि"],"many":[{"t":"idOrVar","v":"value"}," वर्ष अगाडि"],"other":[{"t":"idOrVar","v":"value"}," वर्ष अगाडि"]},"$x":[{"t":"idOrVar","v":"plural"},"value"]},{"$i":"minutes-until-long","$v":{"zero":"अहिले","one":"एक मिनेटमा","two":[{"t":"idOrVar","v":"value"}," मिनेटमा"],"few":[{"t":"idOrVar","v":"value"}," मिनेटमा"],"many":[{"t":"idOrVar","v":"value"}," मिनेटमा"],"other":[{"t":"idOrVar","v":"value"}," मिनेटमा"]},"$x":[{"t":"idOrVar","v":"plural"},"value"]},{"$i":"hours-until-long","$v":{"zero":"अहिले","one":"एक घण्टामा","two":[{"t":"idOrVar","v":"value"}," घण्टामा"],"few":[{"t":"idOrVar","v":"value"}," घण्टामा"],"many":[{"t":"idOrVar","v":"value"}," घण्टामा"],"other":[{"t":"idOrVar","v":"value"}," घण्टामा"]},"$x":[{"t":"idOrVar","v":"plural"},"value"]},{"$i":"days-until-long","$v":{"zero":"आज","one":"भोलि","two":[{"t":"idOrVar","v":"value"}," दिनमा"],"few":[{"t":"idOrVar","v":"value"}," दिनमा"],"many":[{"t":"idOrVar","v":"value"}," दिनमा"],"other":[{"t":"idOrVar","v":"value"}," दिनमा"]},"$x":[{"t":"idOrVar","v":"plural"},"value"]},{"$i":"weeks-until-long","$v":{"zero":"यो हप्ता","one":"पछिल्लो हप्ता","two":[{"t":"idOrVar","v":"value"}," हप्तामा"],"few":[{"t":"idOrVar","v":"value"}," हप्तामा"],"many":[{"t":"idOrVar","v":"value"}," हप्तामा"],"other":[{"t":"idOrVar","v":"value"}," हप्तामा"]},"$x":[{"t":"idOrVar","v":"plural"},"value"]},{"$i":"months-until-long","$v":{"zero":"यस महिना","one":"पछिल्लो महिना","two":[{"t":"idOrVar","v":"value"}," महिनामा"],"few":[{"t":"idOrVar","v":"value"}," महिनामा"],"many":[{"t":"idOrVar","v":"value"}," महिनामा"],"other":[{"t":"idOrVar","v":"value"}," महिनामा"]},"$x":[{"t":"idOrVar","v":"plural"},"value"]},{"$i":"years-until-long","$v":{"zero":"यस बर्ष","one":"आर्को बर्ष","two":[{"t":"idOrVar","v":"value"}," बर्षमा"],"few":[{"t":"idOrVar","v":"value"}," बर्षमा"],"many":[{"t":"idOrVar","v":"value"}," वर्षमा"],"other":[{"t":"idOrVar","v":"value"}," वर्षमा"]},"$x":[{"t":"idOrVar","v":"plural"},"value"]},{"$i":"minutes-ago-short","$v":{"zero":"भर्खरै","other":[{"t":"idOrVar","v":"value"},"मिनेट अघि"]},"$x":[{"t":"idOrVar","v":"plural"},"value"]},{"$i":"hours-ago-short","$v":{"zero":"भर्खरै","other":[{"t":"idOrVar","v":"value"},"घण्टा अघि"]},"$x":[{"t":"idOrVar","v":"plural"},"value"]},{"$i":"days-ago-short","$v":{"zero":"आज","other":[{"t":"idOrVar","v":"value"},"दिन अघि"]},"$x":[{"t":"idOrVar","v":"plural"},"value"]},{"$i":"minutes-until-short","$v":{"zero":"अहिले","other":[{"t":"idOrVar","v":"value"},"मिनेटमा"]},"$x":[{"t":"idOrVar","v":"plural"},"value"]},{"$i":"hours-until-short","$v":{"zero":"अहिले","other":[{"t":"idOrVar","v":"value"},"घण्टामा"]},"$x":[{"t":"idOrVar","v":"plural"},"value"]},{"$i":"days-until-short","$v":{"zero":"आज","other":[{"t":"idOrVar","v":"value"},"दिनमा"]},"$x":[{"t":"idOrVar","v":"plural"},"value"]},{"$i":"incorrectDate","$v":"(गलत मिति)"},{"$i":"dateTimeFormat_%c","$v":"%a %b %e %Y %I:%M:%S %p"},{"$i":"dateTimeFormat_%x","$v":"%m/%d/%Y"},{"$i":"dateTimeFormat_%X","$v":"%I:%M:%S %p"},{"$i":"shortTimeFormat","$v":"%I:%M %p"},{"$i":"shortTimeFormat12","$v":"%I:%M %p"},{"$i":"shortTimeFormat24","$v":"%H:%M"},{"$i":"shortDateTimeFormat","$v":"%x %I:%M %p"},{"$i":"weekStartsOnMonday","$v":"0"},{"$i":"firstDayOfTheWeek","$v":"0"},{"$i":"time_am","$v":"ए एम"},{"$i":"time_pm","$v":"पी एम"}]