[{"$i":"back","$v":"Terug"},{"$i":"save","$v":"Opslaan"},{"$i":"hide","$v":"Verbergen"},{"$i":"cancel","$v":"Annuleren"},{"$i":"confirm","$v":"Bevestigen"},{"$i":"done","$v":"Gereed"},{"$i":"events","$v":"Gebeurtenissen"},{"$i":"edit","$v":"Bewerken"},{"$i":"allday-events","$v":"De hele dag"},{"$i":"no-events","$v":"Geen gebeurtenissen"},{"$i":"show-today","$v":"Vandaag"},{"$i":"show-month-view","$v":"Maand"},{"$i":"show-week-view","$v":"Week"},{"$i":"show-day-view","$v":"Dag"},{"$i":"settings-show","$v":"Instellingen"},{"$i":"settings-hide","$v":"Instellingen verbergen"},{"$i":"add-account","$v":"Account toevoegen"},{"$i":"new-event","$v":"Gebeurtenis toevoegen"},{"$i":"view-event-header","$v":"Gebeurtenis"},{"$i":"new-event-header","$v":"Gebeurtenis toevoegen"},{"$i":"edit-event-header","$v":"Gebeurtenis bewerken"},{"$i":"account-header","$v":"Account"},{"$i":"account-list-header","$v":"Accounts"},{"$i":"advanced-settings-short-icon-button","ariaLabel":"Instellingen"},{"$i":"advanced-settings-header","$v":"Agenda-instellingen"},{"$i":"advanced-settings-personalization","$v":"Personalisatie"},{"$i":"advanced-settings-reminders","$v":"Herinneringen"},{"$i":"advanced-settings-add-account","$v":"Account toevoegen"},{"$i":"field-user","placeholder":"Gebruikersnaam"},{"$i":"field-password","placeholder":"Wachtwoord"},{"$i":"field-full-url","placeholder":"URL"},{"$i":"modify-account-setting-up","$v":"Een moment geduld, uw account wordt ingesteld"},{"$i":"modify-account-unable-to-sync","$v":"Kan niet synchroniseren"},{"$i":"modify-account-sign-in","$v":"Aanmelden"},{"$i":"preset-caldav","$v":"CalDav"},{"$i":"preset-yahoo","$v":"Yahoo!"},{"$i":"preset-google","$v":"Google"},{"$i":"preset-local","$v":"Offline-agenda"},{"$i":"preset-mozilla","$v":"Mozilla Zimbra"},{"$i":"calendar-local","$v":"Offline-agenda"},{"$i":"event-title","placeholder":"Titel"},{"$i":"event-location","placeholder":"Waar?"},{"$i":"event-description","placeholder":"Notities"},{"$i":"event-is-allday","$v":"De hele dag?"},{"$i":"event-start-date","placeholder":"Begindatum"},{"$i":"event-end-date","placeholder":"Einddatum"},{"$i":"event-start-time","placeholder":"Aanvangstijd"},{"$i":"event-end-time","placeholder":"Eindtijd"},{"$i":"event-delete","$v":"Gebeurtenis verwijderen"},{"$i":"remove-account-data","$v":"Lokale gegevens verwijderen"},{"$i":"remove-account-dialog","$v":"Account verwijderen"},{"$i":"remove-account-dialog-details","$v":"Als u deze account verwijdert, wordt uw lokale versie van verbonden agenda’s en gebeurtenissen ook verwijderd."},{"$i":"drawer-sync-icon-button","ariaLabel":"Synchroniseren"},{"$i":"sync-progress-syncing","ariaValueText":"Synchroniseren"},{"$i":"sync-progress-complete","ariaValueText":"Synchroniseren voltooid"},{"$i":"sync-frequency","$v":"Agenda synchroniseren"},{"$i":"sync-frequency-15min","$v":"15 min"},{"$i":"sync-frequency-30min","$v":"30 min"},{"$i":"sync-frequency-manual","$v":"Handmatig"},{"$i":"one-day-duration","$v":[{"t":"idOrVar","v":"startDate"},"<br>van ",{"t":"idOrVar","v":"startTime"}," tot ",{"t":"idOrVar","v":"endTime"}]},{"$i":"multiple-day-duration","$v":["Van ",{"t":"idOrVar","v":"startTime"}," ",{"t":"idOrVar","v":"startDate"},"<br>tot ",{"t":"idOrVar","v":"endTime"}," ",{"t":"idOrVar","v":"endDate"}]},{"$i":"one-all-day-duration","$v":["Hele dag<br>",{"t":"idOrVar","v":"startDate"}]},{"$i":"multiple-all-day-duration","$v":["Hele dag van ",{"t":"idOrVar","v":"startDate"},"<br>tot ",{"t":"idOrVar","v":"endDate"}]},{"$i":"none","$v":"Geen"},{"$i":"reminder","$v":"Herinnering:"},{"$i":"remind-me","$v":"Mij herinneren"},{"$i":"alarm-at-event-standard","$v":"Op tijdstip van gebeurtenis"},{"$i":"alarm-at-event-allday","$v":"Op dag van gebeurtenis"},{"$i":"alarm-start-notice","$v":[{"t":"idOrVar","v":"title"}," begint ",{"t":"idOrVar","v":"distance"}]},{"$i":"alarm-started-notice","$v":[{"t":"idOrVar","v":"title"}," begon ",{"t":"idOrVar","v":"distance"}]},{"$i":"minutes-before","$v":{"zero":"0 minuten van tevoren","one":"1 minuut van tevoren","two":[{"t":"idOrVar","v":"value"}," minuten van tevoren"],"few":[{"t":"idOrVar","v":"value"}," minuten van tevoren"],"many":[{"t":"idOrVar","v":"value"}," minuten van tevoren"],"other":[{"t":"idOrVar","v":"value"}," minuten van tevoren"]},"$x":[{"t":"idOrVar","v":"plural"},"value"]},{"$i":"hours-before","$v":{"zero":"0 uur van tevoren","one":"1 uur van tevoren","two":[{"t":"idOrVar","v":"value"}," uur van tevoren"],"few":[{"t":"idOrVar","v":"value"}," uur van tevoren"],"many":[{"t":"idOrVar","v":"value"}," uur van tevoren"],"other":[{"t":"idOrVar","v":"value"}," uur van tevoren"]},"$x":[{"t":"idOrVar","v":"plural"},"value"]},{"$i":"days-before","$v":{"zero":"0 dagen van tevoren","one":"1 dag van tevoren","two":[{"t":"idOrVar","v":"value"}," dagen van tevoren"],"few":[{"t":"idOrVar","v":"value"}," dagen van tevoren"],"many":[{"t":"idOrVar","v":"value"}," dagen van tevoren"],"other":[{"t":"idOrVar","v":"value"}," dagen van tevoren"]},"$x":[{"t":"idOrVar","v":"plural"},"value"]},{"$i":"weeks-before","$v":{"zero":"0 weken van tevoren","one":"1 week van tevoren","two":[{"t":"idOrVar","v":"value"}," weken van tevoren"],"few":[{"t":"idOrVar","v":"value"}," weken van tevoren"],"many":[{"t":"idOrVar","v":"value"}," weken van tevoren"],"other":[{"t":"idOrVar","v":"value"}," weken van tevoren"]},"$x":[{"t":"idOrVar","v":"plural"},"value"]},{"$i":"months-before","$v":{"zero":"0 maanden van tevoren","one":"1 maand van tevoren","two":[{"t":"idOrVar","v":"value"}," maanden van tevoren"],"few":[{"t":"idOrVar","v":"value"}," maanden van tevoren"],"many":[{"t":"idOrVar","v":"value"}," maanden van tevoren"],"other":[{"t":"idOrVar","v":"value"}," maanden van tevoren"]},"$x":[{"t":"idOrVar","v":"plural"},"value"]},{"$i":"years-before","$v":{"zero":"0 jaar van tevoren","one":"1 jaar van tevoren","two":[{"t":"idOrVar","v":"value"}," jaar van tevoren"],"few":[{"t":"idOrVar","v":"value"}," jaar van tevoren"],"many":[{"t":"idOrVar","v":"value"}," jaar van tevoren"],"other":[{"t":"idOrVar","v":"value"}," jaar van tevoren"]},"$x":[{"t":"idOrVar","v":"plural"},"value"]},{"$i":"minutes-after","$v":{"zero":"0 minuten erna","one":"1 minuut erna","two":[{"t":"idOrVar","v":"value"}," minuten erna"],"few":[{"t":"idOrVar","v":"value"}," minuten erna"],"many":[{"t":"idOrVar","v":"value"}," minuten erna"],"other":[{"t":"idOrVar","v":"value"}," minuten erna"]},"$x":[{"t":"idOrVar","v":"plural"},"value"]},{"$i":"hours-after","$v":{"zero":"0 uur erna","one":"1 uur erna","two":[{"t":"idOrVar","v":"value"}," uur erna"],"few":[{"t":"idOrVar","v":"value"}," uur erna"],"many":[{"t":"idOrVar","v":"value"}," uur erna"],"other":[{"t":"idOrVar","v":"value"}," uur erna"]},"$x":[{"t":"idOrVar","v":"plural"},"value"]},{"$i":"days-after","$v":{"zero":"0 dagen erna","one":"1 dag erna","two":[{"t":"idOrVar","v":"value"}," dagen erna"],"few":[{"t":"idOrVar","v":"value"}," dagen erna"],"many":[{"t":"idOrVar","v":"value"}," dagen erna"],"other":[{"t":"idOrVar","v":"value"}," dagen erna"]},"$x":[{"t":"idOrVar","v":"plural"},"value"]},{"$i":"weeks-after","$v":{"zero":"0 weken erna","one":"1 week erna","two":[{"t":"idOrVar","v":"value"}," weken erna"],"few":[{"t":"idOrVar","v":"value"}," weken erna"],"many":[{"t":"idOrVar","v":"value"}," weken erna"],"other":[{"t":"idOrVar","v":"value"}," weken erna"]},"$x":[{"t":"idOrVar","v":"plural"},"value"]},{"$i":"months-after","$v":{"zero":"0 maanden erna","one":"1 maand erna","two":[{"t":"idOrVar","v":"value"}," maanden erna"],"few":[{"t":"idOrVar","v":"value"}," maanden erna"],"many":[{"t":"idOrVar","v":"value"}," maanden erna"],"other":[{"t":"idOrVar","v":"value"}," maanden erna"]},"$x":[{"t":"idOrVar","v":"plural"},"value"]},{"$i":"years-after","$v":{"zero":"0 jaar erna","one":"1 jaar erna","two":[{"t":"idOrVar","v":"value"}," jaar erna"],"few":[{"t":"idOrVar","v":"value"}," jaar erna"],"many":[{"t":"idOrVar","v":"value"}," jaar erna"],"other":[{"t":"idOrVar","v":"value"}," jaar erna"]},"$x":[{"t":"idOrVar","v":"plural"},"value"]},{"$i":"hour-format12","$v":"%I %p"},{"$i":"hour-format24","$v":"%H"},{"$i":"week-hour-format12","$v":"%I %p"},{"$i":"week-hour-format24","$v":"%H"},{"$i":"hour-allday","$v":"Hele dag"},{"$i":"week-day","$v":"%a %e"},{"$i":"current-time12","$v":"%I:%M"},{"$i":"current-time24","$v":"%H:%M"},{"$i":"multi-month-view-header-format","$v":"%b %Y"},{"$i":"day-view-header-format","$v":"%A %e %b"},{"$i":"months-day-view-header-format","$v":"%A %e %b"},{"$i":"longDateFormat","$v":"%A %d %B %Y"},{"$i":"error-start-date-after-end-date","$v":"De gebeurtenis kan niet eindigen voor de begindatum"},{"$i":"error-start-time-after-end-time","$v":"De gebeurtenis kan niet eindigen voor de begintijd"},{"$i":"error-unauthenticated","$v":"Onjuiste aanmelding en/of wachtwoord"},{"$i":"error-internal-server-error","$v":"Serverfout. Controleer uw aanmelding en probeer het nogmaals."},{"$i":"error-default","$v":"Er is iets mis. Probeer het later nogmaals."},{"$i":"error-offline","$v":"Geen verbinding. Controleer uw netwerkconfiguratie en probeer het nogmaals."},{"$i":"error-account-exist","$v":"Deze account bestaat al."},{"$i":"notification-error-sync-title","$v":"Fout bij agendasynchronisatie"},{"$i":"notification-error-sync-description","$v":"Tik voor meer info"},{"$i":"weekday-0-single-char","$v":"Z","ariaLabel":"zondag"},{"$i":"weekday-1-single-char","$v":"M","ariaLabel":"maandag"},{"$i":"weekday-2-single-char","$v":"D","ariaLabel":"dinsdag"},{"$i":"weekday-3-single-char","$v":"W","ariaLabel":"woensdag"},{"$i":"weekday-4-single-char","$v":"D","ariaLabel":"donderdag"},{"$i":"weekday-5-single-char","$v":"V","ariaLabel":"vrijdag"},{"$i":"weekday-6-single-char","$v":"Z","ariaLabel":"zaterdag"},{"$i":"busy","$v":{"one":[{"t":"idOrVar","v":"n"}," gebeurtenis"],"two":[{"t":"idOrVar","v":"n"}," gebeurtenissen"],"few":[{"t":"idOrVar","v":"n"}," gebeurtenissen"],"many":[{"t":"idOrVar","v":"n"}," gebeurtenissen"],"other":[{"t":"idOrVar","v":"n"}," gebeurtenissen"]},"$x":[{"t":"idOrVar","v":"plural"},"n"]},{"$i":"present","ariaLabel":"Vandaag"},{"$i":"past-other-month-description","ariaLabel":"Other month"},{"$i":"future-other-month-description","ariaLabel":"Other month"},{"$i":"icon-calendar-alarm","ariaLabel":"Heeft alarm"},{"$i":"calendars","ariaLabel":"Agenda’s"},{"$i":"multi-day-new-event-link","ariaLabel":"Gebeurtenis toevoegen"},{"$i":"title","ariaLabel":"Titel"},{"$i":"location","ariaLabel":"Locatie"},{"$i":"duration","ariaLabel":"Duur"},{"$i":"calendar","ariaLabel":"Agenda"},{"$i":"alarms","ariaLabel":"Alarmen"},{"$i":"description","ariaLabel":"Beschrijving"},{"$i":"start-date","ariaLabel":"Begindatum"},{"$i":"start-time","ariaLabel":"Aanvangstijd"},{"$i":"end-date","ariaLabel":"Einddatum"},{"$i":"end-time","ariaLabel":"Eindtijd"},{"$i":"during-progress-loading","ariaValueText":"Laden"},{"$i":"all-day","ariaLabel":"Hele dag"},{"$i":"create-event","ariaLabel":"Gebeurtenis aanmaken"},{"$i":"create-all-day-event","ariaLabel":"Hele-dag-gebeurtenis aanmaken"},{"$i":"event-one-day-duration","ariaLabel":["van ",{"t":"idOrVar","v":"startTime"}," tot ",{"t":"idOrVar","v":"endTime"}]},{"$i":"week-event-one-day-duration","ariaLabel":[{"t":"idOrVar","v":"startDate"}," van ",{"t":"idOrVar","v":"startTime"}," tot ",{"t":"idOrVar","v":"endTime"}]},{"$i":"event-multiple-day-duration","ariaLabel":["Van ",{"t":"idOrVar","v":"startTime"}," ",{"t":"idOrVar","v":"startDate"}," tot ",{"t":"idOrVar","v":"endTime"}," ",{"t":"idOrVar","v":"endDate"}]},{"$i":"weekday-0-long","$v":"zondag"},{"$i":"weekday-1-long","$v":"maandag"},{"$i":"weekday-2-long","$v":"dinsdag"},{"$i":"weekday-3-long","$v":"woensdag"},{"$i":"weekday-4-long","$v":"donderdag"},{"$i":"weekday-5-long","$v":"vrijdag"},{"$i":"weekday-6-long","$v":"zaterdag"},{"$i":"weekday-0-short","$v":"zon"},{"$i":"weekday-1-short","$v":"maa"},{"$i":"weekday-2-short","$v":"din"},{"$i":"weekday-3-short","$v":"woe"},{"$i":"weekday-4-short","$v":"don"},{"$i":"weekday-5-short","$v":"vrij"},{"$i":"weekday-6-short","$v":"zat"},{"$i":"month-0-long","$v":"januari"},{"$i":"month-1-long","$v":"februari"},{"$i":"month-2-long","$v":"maart"},{"$i":"month-3-long","$v":"april"},{"$i":"month-4-long","$v":"mei"},{"$i":"month-5-long","$v":"juni"},{"$i":"month-6-long","$v":"juli"},{"$i":"month-7-long","$v":"augustus"},{"$i":"month-8-long","$v":"september"},{"$i":"month-9-long","$v":"oktober"},{"$i":"month-10-long","$v":"november"},{"$i":"month-11-long","$v":"december"},{"$i":"month-0-genitive","$v":"januari"},{"$i":"month-1-genitive","$v":"februari"},{"$i":"month-2-genitive","$v":"maart"},{"$i":"month-3-genitive","$v":"april"},{"$i":"month-4-genitive","$v":"mei"},{"$i":"month-5-genitive","$v":"juni"},{"$i":"month-6-genitive","$v":"juli"},{"$i":"month-7-genitive","$v":"augustus"},{"$i":"month-8-genitive","$v":"september"},{"$i":"month-9-genitive","$v":"oktober"},{"$i":"month-10-genitive","$v":"november"},{"$i":"month-11-genitive","$v":"december"},{"$i":"month-0-short","$v":"jan"},{"$i":"month-1-short","$v":"feb"},{"$i":"month-2-short","$v":"mrt"},{"$i":"month-3-short","$v":"apr"},{"$i":"month-4-short","$v":"mei"},{"$i":"month-5-short","$v":"jun"},{"$i":"month-6-short","$v":"jul"},{"$i":"month-7-short","$v":"aug"},{"$i":"month-8-short","$v":"sep"},{"$i":"month-9-short","$v":"okt"},{"$i":"month-10-short","$v":"nov"},{"$i":"month-11-short","$v":"dec"},{"$i":"minutes-ago-long","$v":{"zero":"zojuist","one":"een minuut geleden","two":[{"t":"idOrVar","v":"value"}," minuten geleden"],"few":[{"t":"idOrVar","v":"value"}," minuten geleden"],"many":[{"t":"idOrVar","v":"value"}," minuten geleden"],"other":[{"t":"idOrVar","v":"value"}," minuten geleden"]},"$x":[{"t":"idOrVar","v":"plural"},"value"]},{"$i":"hours-ago-long","$v":{"zero":"zojuist","one":"een uur geleden","two":[{"t":"idOrVar","v":"value"}," uur geleden"],"few":[{"t":"idOrVar","v":"value"}," uur geleden"],"many":[{"t":"idOrVar","v":"value"}," uur geleden"],"other":[{"t":"idOrVar","v":"value"}," uur geleden"]},"$x":[{"t":"idOrVar","v":"plural"},"value"]},{"$i":"days-ago-long","$v":{"zero":"vandaag","one":"gisteren","two":[{"t":"idOrVar","v":"value"}," dagen geleden"],"few":[{"t":"idOrVar","v":"value"}," dagen geleden"],"many":[{"t":"idOrVar","v":"value"}," dagen geleden"],"other":[{"t":"idOrVar","v":"value"}," dagen geleden"]},"$x":[{"t":"idOrVar","v":"plural"},"value"]},{"$i":"weeks-ago-long","$v":{"zero":"deze week","one":"vorige week","two":[{"t":"idOrVar","v":"value"}," weken geleden"],"few":[{"t":"idOrVar","v":"value"}," weken geleden"],"many":[{"t":"idOrVar","v":"value"}," weken geleden"],"other":[{"t":"idOrVar","v":"value"}," weken geleden"]},"$x":[{"t":"idOrVar","v":"plural"},"value"]},{"$i":"months-ago-long","$v":{"zero":"deze maand","one":"vorige maand","two":[{"t":"idOrVar","v":"value"}," maanden geleden"],"few":[{"t":"idOrVar","v":"value"}," maanden geleden"],"many":[{"t":"idOrVar","v":"value"}," maanden geleden"],"other":[{"t":"idOrVar","v":"value"}," maanden geleden"]},"$x":[{"t":"idOrVar","v":"plural"},"value"]},{"$i":"years-ago-long","$v":{"zero":"dit jaar","one":"vorig jaar","two":[{"t":"idOrVar","v":"value"}," jaar geleden"],"few":[{"t":"idOrVar","v":"value"}," jaar geleden"],"many":[{"t":"idOrVar","v":"value"}," jaar geleden"],"other":[{"t":"idOrVar","v":"value"}," jaar geleden"]},"$x":[{"t":"idOrVar","v":"plural"},"value"]},{"$i":"minutes-until-long","$v":{"zero":"nu","one":"zo meteen","two":["over ",{"t":"idOrVar","v":"value"}," minuten"],"few":["over ",{"t":"idOrVar","v":"value"}," minuten"],"many":["over ",{"t":"idOrVar","v":"value"}," minuten"],"other":["over ",{"t":"idOrVar","v":"value"}," minuten"]},"$x":[{"t":"idOrVar","v":"plural"},"value"]},{"$i":"hours-until-long","$v":{"zero":"nu","one":"over een uur","two":["over ",{"t":"idOrVar","v":"value"}," uur"],"few":["over ",{"t":"idOrVar","v":"value"}," uur"],"many":["over ",{"t":"idOrVar","v":"value"}," uur"],"other":["over ",{"t":"idOrVar","v":"value"}," uur"]},"$x":[{"t":"idOrVar","v":"plural"},"value"]},{"$i":"days-until-long","$v":{"zero":"vandaag","one":"morgen","two":["over ",{"t":"idOrVar","v":"value"}," dagen"],"few":["over ",{"t":"idOrVar","v":"value"}," dagen"],"many":["over ",{"t":"idOrVar","v":"value"}," dagen"],"other":["over ",{"t":"idOrVar","v":"value"}," dagen"]},"$x":[{"t":"idOrVar","v":"plural"},"value"]},{"$i":"weeks-until-long","$v":{"zero":"deze week","one":"volgende week","two":["over ",{"t":"idOrVar","v":"value"}," weken"],"few":["over ",{"t":"idOrVar","v":"value"}," weken"],"many":["over ",{"t":"idOrVar","v":"value"}," weken"],"other":["over ",{"t":"idOrVar","v":"value"}," weken"]},"$x":[{"t":"idOrVar","v":"plural"},"value"]},{"$i":"months-until-long","$v":{"zero":"deze maand","one":"volgende maand","two":["over ",{"t":"idOrVar","v":"value"}," maanden"],"few":["over ",{"t":"idOrVar","v":"value"}," maanden"],"many":["over ",{"t":"idOrVar","v":"value"}," maanden"],"other":["over ",{"t":"idOrVar","v":"value"}," maanden"]},"$x":[{"t":"idOrVar","v":"plural"},"value"]},{"$i":"years-until-long","$v":{"zero":"dit jaar","one":"volgend jaar","two":["over ",{"t":"idOrVar","v":"value"}," jaar"],"few":["over ",{"t":"idOrVar","v":"value"}," jaar"],"many":["over ",{"t":"idOrVar","v":"value"}," jaar"],"other":["over ",{"t":"idOrVar","v":"value"}," jaar"]},"$x":[{"t":"idOrVar","v":"plural"},"value"]},{"$i":"minutes-ago-short","$v":{"zero":"zojuist","other":[{"t":"idOrVar","v":"value"},"m geleden"]},"$x":[{"t":"idOrVar","v":"plural"},"value"]},{"$i":"hours-ago-short","$v":{"zero":"zojuist","other":[{"t":"idOrVar","v":"value"},"u geleden"]},"$x":[{"t":"idOrVar","v":"plural"},"value"]},{"$i":"days-ago-short","$v":{"zero":"vandaag","other":[{"t":"idOrVar","v":"value"},"d geleden"]},"$x":[{"t":"idOrVar","v":"plural"},"value"]},{"$i":"minutes-until-short","$v":{"zero":"nu","other":["over ",{"t":"idOrVar","v":"value"},"m"]},"$x":[{"t":"idOrVar","v":"plural"},"value"]},{"$i":"hours-until-short","$v":{"zero":"nu","other":["over ",{"t":"idOrVar","v":"value"},"h"]},"$x":[{"t":"idOrVar","v":"plural"},"value"]},{"$i":"days-until-short","$v":{"zero":"vandaag","other":["over ",{"t":"idOrVar","v":"value"},"d"]},"$x":[{"t":"idOrVar","v":"plural"},"value"]},{"$i":"incorrectDate","$v":"(onjuiste datum)"},{"$i":"dateTimeFormat_%c","$v":"%a %e %b %Y %H:%M:%S"},{"$i":"dateTimeFormat_%x","$v":"%d-%m-%Y"},{"$i":"dateTimeFormat_%X","$v":"%H:%M:%S"},{"$i":"shortTimeFormat","$v":"%H:%M"},{"$i":"shortTimeFormat12","$v":"%I:%M %p"},{"$i":"shortTimeFormat24","$v":"%H:%M"},{"$i":"shortDateTimeFormat","$v":"%x %H:%M"},{"$i":"weekStartsOnMonday","$v":"1"},{"$i":"firstDayOfTheWeek","$v":"1"},{"$i":"time_am","$v":"AM"},{"$i":"time_pm","$v":"PM"}]