[{"$i":"back","$v":"ਪਿੱਛੇ"},{"$i":"save","$v":"ਸੰਭਾਲੋ"},{"$i":"hide","$v":"ਓਹਲੇ"},{"$i":"cancel","$v":"ਰੱਦ ਕਰੋ"},{"$i":"confirm","$v":"ਪੁਸ਼ਟੀ"},{"$i":"done","$v":"ਮੁਕੰਮਲ"},{"$i":"events","$v":"ਘਟਨਾਵਾਂ"},{"$i":"edit","$v":"ਸੋਧ"},{"$i":"allday-events","$v":"ਸਾਰਾ ਦਿਨ ਸਮਾਗਮ"},{"$i":"no-events","$v":"ਕੋਈ ਸਮਾਗਮ ਨਹੀਂ"},{"$i":"show-today","$v":"ਅੱਜ"},{"$i":"show-month-view","$v":"ਮਹੀਨਾ"},{"$i":"show-week-view","$v":"ਹਫ਼ਤਾ"},{"$i":"show-day-view","$v":"ਦਿਨ"},{"$i":"settings-show","$v":"ਸੈਟਿੰਗ"},{"$i":"settings-hide","$v":"ਸੈਟਿੰਗ ਓਹਲੇ"},{"$i":"add-account","$v":"ਖਾਤਾ ਜੋੜੋ"},{"$i":"new-event","$v":"ਘਟਨਾ ਜੋੜੋ"},{"$i":"view-event-header","$v":"ਸਮਾਗਮ"},{"$i":"new-event-header","$v":"ਸਮਾਗਮ ਜੋੜੋ"},{"$i":"edit-event-header","$v":"ਸਮਾਗਮ ਸੋਧੋ"},{"$i":"account-header","$v":"ਖਾਤਾ"},{"$i":"account-list-header","$v":"ਖਾਤੇ"},{"$i":"advanced-settings-short-icon-button","ariaLabel":"Settings"},{"$i":"advanced-settings-header","$v":"ਕੈਲੰਡਰ ਸੈਟਿੰਗ"},{"$i":"advanced-settings-personalization","$v":"ਨਿੱਜੀ"},{"$i":"advanced-settings-reminders","$v":"ਰੀਮਾਈਡਰ"},{"$i":"advanced-settings-add-account","$v":"ਖਾਤਾ ਜੋੜੋ"},{"$i":"field-user","placeholder":"ਯੂਜ਼ਰ ਨਾਂ"},{"$i":"field-password","placeholder":"ਪਾਸਵਰਡ"},{"$i":"field-full-url","placeholder":"URL"},{"$i":"modify-account-setting-up","$v":"ਤੁਹਾਡੇ ਖਾਤੇ ਨੂੰ ਸੈਟਅੱਪ ਹੋਣ ਤੱਕ ਉਡੀਕੋ ਜੀ"},{"$i":"modify-account-unable-to-sync","$v":"ਸਿੰਕ ਕਰਨ ਅਸਮਰੱਥ"},{"$i":"modify-account-sign-in","$v":"ਸਾਇਨ ਇਨ"},{"$i":"preset-caldav","$v":"CalDav"},{"$i":"preset-yahoo","$v":"Yahoo!"},{"$i":"preset-google","$v":"Google"},{"$i":"preset-local","$v":"ਆਫਲਾਈਨ ਕੈਲੰਡਰ"},{"$i":"preset-mozilla","$v":"ਮੋਜ਼ੀਲਾ Zimbra"},{"$i":"calendar-local","$v":"ਆਫਲਾਈਨ ਕੈਲੰਡਰ"},{"$i":"event-title","placeholder":"ਨਾਂ"},{"$i":"event-location","placeholder":"ਕਿੱਥੇ?"},{"$i":"event-description","placeholder":"ਸੂਚਨਾ"},{"$i":"event-is-allday","$v":"ਸਾਰੇ ਦਿਨ ਦਾ ਸਮਾਗਮ?"},{"$i":"event-start-date","placeholder":"ਸ਼ੁਰੂ ਮਿਤੀ"},{"$i":"event-end-date","placeholder":"ਅੰਤ ਮਿਤੀ"},{"$i":"event-start-time","placeholder":"ਸ਼ੁਰੂ ਸਮਾਂ"},{"$i":"event-end-time","placeholder":"ਅੰਤ ਸਮਾਂ"},{"$i":"event-delete","$v":"ਸਮਾਗਮ ਹਟਾਓ"},{"$i":"remove-account-data","$v":"ਲੋਕਲ ਡਾਟਾ ਹਟਾਓ"},{"$i":"remove-account-dialog","$v":"ਖਾਤਾ ਹਟਾਉ"},{"$i":"remove-account-dialog-details","$v":"ਇਸ ਖਾਤੇ ਨੂੰ ਹਟਾਉਣ ਨਾਲ ਸੰਬੰਧਿਤ ਕੈਲੰਡਰ ਤੇ ਸਮਾਗਮ ਦੀ ਤੁਹਾਡੀ ਲੋਕਲ ਕਾਪੀ ਵੀ ਹਟਾਈ ਜਾਵੇਗੀ।"},{"$i":"drawer-sync-icon-button","ariaLabel":"Sync"},{"$i":"sync-progress-syncing","ariaValueText":"Syncing"},{"$i":"sync-progress-complete","ariaValueText":"Syncing complete"},{"$i":"sync-frequency","$v":"ਕੈਲੰਡਰ ਸਿੰਕ ਕਰੋ"},{"$i":"sync-frequency-15min","$v":"15 ਮਿੰਟ"},{"$i":"sync-frequency-30min","$v":"30 ਮਿੰਟ"},{"$i":"sync-frequency-manual","$v":"ਦਸਤੀ"},{"$i":"one-day-duration","$v":[{"t":"idOrVar","v":"startDate"},"<br>ਤੋਂ ",{"t":"idOrVar","v":"startTime"}," ",{"t":"idOrVar","v":"endTime"}," ਤੱਕ"]},{"$i":"multiple-day-duration","$v":[{"t":"idOrVar","v":"startTime"}," ",{"t":"idOrVar","v":"startDate"},"ਤੋਂ<br> ",{"t":"idOrVar","v":"endTime"}," ",{"t":"idOrVar","v":"endDate"}," ਤੱਕ"]},{"$i":"one-all-day-duration","$v":["ਸਾਰਾ ਦਿਨ<br>",{"t":"idOrVar","v":"startDate"}]},{"$i":"multiple-all-day-duration","$v":["ਸਾਰਾ ਦਿਨ ",{"t":"idOrVar","v":"startDate"},"ਤੋਂ<br> ",{"t":"idOrVar","v":"endDate"}," ਤੱਕ"]},{"$i":"none","$v":"ਕੋਈ ਨਹੀਂ"},{"$i":"reminder","$v":"Reminder:"},{"$i":"remind-me","$v":"ਮੈਨੂੰ ਯਾਦ ਕਰਵਾਉ"},{"$i":"alarm-at-event-standard","$v":"ਸਮਾਗਮ ਦੇ ਸਮੇਂ"},{"$i":"alarm-at-event-allday","$v":"ਸਮਾਗਮ ਦੇ ਦਿਨ"},{"$i":"alarm-start-notice","$v":[{"t":"idOrVar","v":"title"}," ਸ਼ੁਰੂ ਹੋ ਰਿਹਾ ਹੈ ",{"t":"idOrVar","v":"distance"}]},{"$i":"alarm-started-notice","$v":[{"t":"idOrVar","v":"title"}," ਸ਼ੁਰੂ ਹੋਇਆ ",{"t":"idOrVar","v":"distance"}]},{"$i":"minutes-before","$v":{"zero":"0 ਮਿੰਟ ਪਹਿਲਾਂ","one":"1 ਮਿੰਟ ਪਹਿਲਾਂ","two":[{"t":"idOrVar","v":"value"}," ਮਿੰਟ ਪਹਿਲਾਂ"],"few":[{"t":"idOrVar","v":"value"}," ਮਿੰਟ ਪਹਿਲਾਂ"],"many":[{"t":"idOrVar","v":"value"}," ਮਿੰਟ ਪਹਿਲਾਂ"],"other":[{"t":"idOrVar","v":"value"}," ਮਿੰਟ ਪਹਿਲਾਂ"]},"$x":[{"t":"idOrVar","v":"plural"},"value"]},{"$i":"hours-before","$v":{"zero":"0 ਘੰਟੇ ਪਹਿਲਾਂ","one":"1 ਘੰਟਾ ਪਹਿਲਾਂ","two":[{"t":"idOrVar","v":"value"}," ਘੰਟੇ ਪਹਿਲਾਂ"],"few":[{"t":"idOrVar","v":"value"}," ਘੰਟੇ ਪਹਿਲਾਂ"],"many":[{"t":"idOrVar","v":"value"}," ਘੰਟੇ ਪਹਿਲਾਂ"],"other":[{"t":"idOrVar","v":"value"}," ਘੰਟੇ ਪਹਿਲਾਂ"]},"$x":[{"t":"idOrVar","v":"plural"},"value"]},{"$i":"days-before","$v":{"zero":"0 ਦਿਨ ਪਹਿਲਾਂ","one":"1 ਦਿਨ ਪਹਿਲਾਂ","two":[{"t":"idOrVar","v":"value"}," ਦਿਨ ਪਹਿਲਾਂ"],"few":[{"t":"idOrVar","v":"value"}," ਦਿਨ ਪਹਿਲਾਂ"],"many":[{"t":"idOrVar","v":"value"}," ਦਿਨ ਪਹਿਲਾਂ"],"other":[{"t":"idOrVar","v":"value"}," ਦਿਨ ਪਹਿਲਾਂ"]},"$x":[{"t":"idOrVar","v":"plural"},"value"]},{"$i":"weeks-before","$v":{"zero":"0 ਹਫ਼ਤੇ ਪਹਿਲਾਂ","one":"1 ਹਫ਼ਤਾ ਪਹਿਲਾਂ","two":[{"t":"idOrVar","v":"value"}," ਹਫ਼ਤੇ ਪਹਿਲਾਂ"],"few":[{"t":"idOrVar","v":"value"}," ਹਫ਼ਤੇ ਪਹਿਲਾਂ"],"many":[{"t":"idOrVar","v":"value"}," ਹਫ਼ਤੇ ਪਹਿਲਾਂ"],"other":[{"t":"idOrVar","v":"value"}," ਹਫ਼ਤੇ ਪਹਿਲਾਂ"]},"$x":[{"t":"idOrVar","v":"plural"},"value"]},{"$i":"months-before","$v":{"zero":"0 ਮਹੀਨੇ ਪਹਿਲਾਂ","one":"1 ਮਹੀਨੇ ਪਹਿਲਾਂ","two":[{"t":"idOrVar","v":"value"}," ਮਹੀਨੇ ਪਹਿਲਾਂ"],"few":[{"t":"idOrVar","v":"value"}," ਮਹੀਨੇ ਪਹਿਲਾਂ"],"many":[{"t":"idOrVar","v":"value"}," ਮਹੀਨੇ ਪਹਿਲਾਂ"],"other":[{"t":"idOrVar","v":"value"}," ਮਹੀਨੇ ਪਹਿਲਾਂ"]},"$x":[{"t":"idOrVar","v":"plural"},"value"]},{"$i":"years-before","$v":{"zero":"0 ਸਾਲ ਪਹਿਲਾਂ","one":"1 ਸਾਲ ਪਹਿਲਾਂ","two":[{"t":"idOrVar","v":"value"}," ਸਾਲ ਪਹਿਲਾਂ"],"few":[{"t":"idOrVar","v":"value"}," ਸਾਲ ਪਹਿਲਾਂ"],"many":[{"t":"idOrVar","v":"value"}," ਸਾਲ ਪਹਿਲਾਂ"],"other":[{"t":"idOrVar","v":"value"}," ਸਾਲ ਪਹਿਲਾਂ"]},"$x":[{"t":"idOrVar","v":"plural"},"value"]},{"$i":"minutes-after","$v":{"zero":"0 ਮਿੰਟ ਬਾਅਦ","one":"1 ਮਿੰਟ ਬਾਅਦ","two":[{"t":"idOrVar","v":"value"}," ਮਿੰਟ ਬਾਅਦ"],"few":[{"t":"idOrVar","v":"value"}," ਮਿੰਟ ਬਾਅਦ"],"many":[{"t":"idOrVar","v":"value"}," ਮਿੰਟ ਬਾਅਦ"],"other":[{"t":"idOrVar","v":"value"}," ਮਿੰਟ ਬਾਅਦ"]},"$x":[{"t":"idOrVar","v":"plural"},"value"]},{"$i":"hours-after","$v":{"zero":"0 ਘੰਟੇ ਬਾਅਦ","one":"1 ਘੰਟੇ ਬਾਅਦ","two":[{"t":"idOrVar","v":"value"}," ਘੰਟੇ ਬਾਅਦ"],"few":[{"t":"idOrVar","v":"value"}," ਘੰਟੇ ਬਾਅਦ"],"many":[{"t":"idOrVar","v":"value"}," ਘੰਟੇ ਬਾਅਦ"],"other":[{"t":"idOrVar","v":"value"}," ਘੰਟੇ ਬਾਅਦ"]},"$x":[{"t":"idOrVar","v":"plural"},"value"]},{"$i":"days-after","$v":{"zero":"0 ਦਿਨ ਬਾਅਦ","one":"1 ਦਿਨ ਬਾਅਦ","two":[{"t":"idOrVar","v":"value"}," ਦਿਨ ਬਾਅਦ"],"few":[{"t":"idOrVar","v":"value"}," ਦਿਨ ਬਾਅਦ"],"many":[{"t":"idOrVar","v":"value"}," ਦਿਨ ਬਾਅਦ"],"other":[{"t":"idOrVar","v":"value"}," ਦਿਨ ਬਾਅਦ"]},"$x":[{"t":"idOrVar","v":"plural"},"value"]},{"$i":"weeks-after","$v":{"zero":"0 ਹਫ਼ਤੇ ਬਾਅਦ","one":"1 ਹਫ਼ਤੇ ਬਾਅਦ","two":[{"t":"idOrVar","v":"value"}," ਹਫ਼ਤੇ ਬਾਅਦ"],"few":[{"t":"idOrVar","v":"value"}," ਹਫ਼ਤੇ ਬਾਅਦ"],"many":[{"t":"idOrVar","v":"value"}," ਹਫ਼ਤੇ ਬਾਅਦ"],"other":[{"t":"idOrVar","v":"value"}," ਹਫ਼ਤੇ ਬਾਅਦ"]},"$x":[{"t":"idOrVar","v":"plural"},"value"]},{"$i":"months-after","$v":{"zero":"0 ਮਹੀਨੇ ਬਾਅਦ","one":"1 ਮਹੀਨੇ ਬਾਅਦ","two":[{"t":"idOrVar","v":"value"}," ਮਹੀਨੇ ਬਾਅਦ"],"few":[{"t":"idOrVar","v":"value"}," ਮਹੀਨੇ ਬਾਅਦ"],"many":[{"t":"idOrVar","v":"value"}," ਮਹੀਨੇ ਬਾਅਦ"],"other":[{"t":"idOrVar","v":"value"}," ਮਹੀਨੇ ਬਾਅਦ"]},"$x":[{"t":"idOrVar","v":"plural"},"value"]},{"$i":"years-after","$v":{"zero":"0 ਸਾਲ ਬਾਅਦ","one":"1 ਸਾਲ ਬਾਅਦ","two":[{"t":"idOrVar","v":"value"}," ਸਾਲ ਬਾਅਦ"],"few":[{"t":"idOrVar","v":"value"}," ਸਾਲ ਬਾਅਦ"],"many":[{"t":"idOrVar","v":"value"}," ਸਾਲ ਬਾਅਦ"],"other":[{"t":"idOrVar","v":"value"}," ਸਾਲ ਬਾਅਦ"]},"$x":[{"t":"idOrVar","v":"plural"},"value"]},{"$i":"hour-format12","$v":"%I %p"},{"$i":"hour-format24","$v":"%H"},{"$i":"week-hour-format12","$v":"%I %p"},{"$i":"week-hour-format24","$v":"%H"},{"$i":"hour-allday","$v":"All Day"},{"$i":"week-day","$v":"%a %e"},{"$i":"current-time12","$v":"%I:%M"},{"$i":"current-time24","$v":"%H:%M"},{"$i":"multi-month-view-header-format","$v":"%b %Y"},{"$i":"day-view-header-format","$v":"%b %e, %A"},{"$i":"months-day-view-header-format","$v":"%A, %b %e"},{"$i":"longDateFormat","$v":"%A, %B %d, %Y"},{"$i":"error-start-date-after-end-date","$v":"The event cannot end before its start date"},{"$i":"error-start-time-after-end-time","$v":"The event cannot end before its start time"},{"$i":"error-unauthenticated","$v":"ਗਲਤ ਲਾਗਇਨ ਅਤੇ/ਜਾਂ ਪਾਸਵਰਡ"},{"$i":"error-internal-server-error","$v":"ਸਰਵਰ ਗਲਤੀ। ਆਪਣਾ ਲਾਗਇਨ ਜਾਂਚ ਤੇ ਫੇਰ ਕੋਸ਼ਿਸ਼ ਕਰੋ"},{"$i":"error-default","$v":"ਕੁਝ ਗਲਤ ਹੋ ਗਿਆ ਹੈ। ਬਾਅਦ ਵਿੱਚ ਫੇਰ ਕੋਸ਼ਿਸ਼ ਕਰੋ।"},{"$i":"error-offline","$v":"ਕੋਈ ਕੁਨੈਕਸ਼ਨ ਨਹੀਂ। ਆਪਣੀ ਨੈੱਟਵਰਕ ਸੰਰਚਨਾ ਦੀ ਜਾਂਚ ਕਰੋ ਅਤੇ ਫੇਰ ਕੋਸ਼ਿਸ਼ ਕਰੋ।"},{"$i":"error-account-exist","$v":"ਇਹ ਖਾਤਾ ਪਹਿਲਾਂ ਹੀ ਮੌਜੂਦ ਹੈ।"},{"$i":"notification-error-sync-title","$v":"ਕੈਲੰਡਰ ਸਿੰਕ ਗਲਤੀ"},{"$i":"notification-error-sync-description","$v":"ਹੋਰ ਜਾਣਕਾਰੀ ਲਈ ਛੂਹੋ"},{"$i":"weekday-0-single-char","$v":"S","ariaLabel":"Sunday"},{"$i":"weekday-1-single-char","$v":"M","ariaLabel":"Monday"},{"$i":"weekday-2-single-char","$v":"T","ariaLabel":"Tuesday"},{"$i":"weekday-3-single-char","$v":"W","ariaLabel":"Wednesday"},{"$i":"weekday-4-single-char","$v":"T","ariaLabel":"Thursday"},{"$i":"weekday-5-single-char","$v":"F","ariaLabel":"Friday"},{"$i":"weekday-6-single-char","$v":"S","ariaLabel":"Saturday"},{"$i":"busy","$v":{"one":[{"t":"idOrVar","v":"n"}," event"],"two":[{"t":"idOrVar","v":"n"}," events"],"few":[{"t":"idOrVar","v":"n"}," events"],"many":[{"t":"idOrVar","v":"n"}," events"],"other":[{"t":"idOrVar","v":"n"}," events"]},"$x":[{"t":"idOrVar","v":"plural"},"n"]},{"$i":"present","ariaLabel":"Today"},{"$i":"past-other-month-description","ariaLabel":"Other month"},{"$i":"future-other-month-description","ariaLabel":"Other month"},{"$i":"icon-calendar-alarm","ariaLabel":"Has alarm"},{"$i":"calendars","ariaLabel":"Calendars"},{"$i":"multi-day-new-event-link","ariaLabel":"Add event"},{"$i":"title","ariaLabel":"Title"},{"$i":"location","ariaLabel":"Location"},{"$i":"duration","ariaLabel":"Duration"},{"$i":"calendar","ariaLabel":"Calendar"},{"$i":"alarms","ariaLabel":"Alarms"},{"$i":"description","ariaLabel":"Description"},{"$i":"start-date","ariaLabel":"Start date"},{"$i":"start-time","ariaLabel":"Start time"},{"$i":"end-date","ariaLabel":"End date"},{"$i":"end-time","ariaLabel":"End time"},{"$i":"during-progress-loading","ariaValueText":"Loading"},{"$i":"all-day","ariaLabel":"All day"},{"$i":"create-event","ariaLabel":"Create event"},{"$i":"create-all-day-event","ariaLabel":"Create all day event"},{"$i":"event-one-day-duration","ariaLabel":["from ",{"t":"idOrVar","v":"startTime"}," to ",{"t":"idOrVar","v":"endTime"}]},{"$i":"week-event-one-day-duration","ariaLabel":[{"t":"idOrVar","v":"startDate"}," from ",{"t":"idOrVar","v":"startTime"}," to ",{"t":"idOrVar","v":"endTime"}]},{"$i":"event-multiple-day-duration","ariaLabel":["From ",{"t":"idOrVar","v":"startTime"}," ",{"t":"idOrVar","v":"startDate"}," to ",{"t":"idOrVar","v":"endTime"}," ",{"t":"idOrVar","v":"endDate"}]},{"$i":"weekday-0-long","$v":"ਐਤਵਾਰ"},{"$i":"weekday-1-long","$v":"ਸੋਮਵਾਰ"},{"$i":"weekday-2-long","$v":"ਮੰਗਲਵਾਰ"},{"$i":"weekday-3-long","$v":"ਬੁੱਧਵਾਰ"},{"$i":"weekday-4-long","$v":"ਵੀਰਵਾਰ"},{"$i":"weekday-5-long","$v":"ਸ਼ੁੱਕਰਵਾਰ"},{"$i":"weekday-6-long","$v":"ਸ਼ਨਿੱਚਰਵਾਰ"},{"$i":"weekday-0-short","$v":"ਐਤ"},{"$i":"weekday-1-short","$v":"ਸੋਮ"},{"$i":"weekday-2-short","$v":"ਮੰਗਲ"},{"$i":"weekday-3-short","$v":"ਬੁੱਧ"},{"$i":"weekday-4-short","$v":"ਵੀਰ"},{"$i":"weekday-5-short","$v":"ਸ਼ੁੱਕਰ"},{"$i":"weekday-6-short","$v":"ਸ਼ਨਿੱ"},{"$i":"month-0-long","$v":"ਜਨਵਰੀ"},{"$i":"month-1-long","$v":"ਫਰਵਰੀ"},{"$i":"month-2-long","$v":"ਮਾਰਚ"},{"$i":"month-3-long","$v":"ਅਪਰੈਲ"},{"$i":"month-4-long","$v":"ਮਈ"},{"$i":"month-5-long","$v":"ਜੂਨ"},{"$i":"month-6-long","$v":"ਜੁਲਾਈ"},{"$i":"month-7-long","$v":"ਅਗਸਤ"},{"$i":"month-8-long","$v":"ਸਤੰਬਰ"},{"$i":"month-9-long","$v":"ਅਕਤੂਬਰ"},{"$i":"month-10-long","$v":"ਨਵੰਬਰ"},{"$i":"month-11-long","$v":"ਦਸੰਬਰ"},{"$i":"month-0-genitive","$v":"ਜਨਵਰੀ"},{"$i":"month-1-genitive","$v":"ਫਰਵਰੀ"},{"$i":"month-2-genitive","$v":"ਮਾਰਚ"},{"$i":"month-3-genitive","$v":"ਅਪਰੈਲ"},{"$i":"month-4-genitive","$v":"ਮਈ"},{"$i":"month-5-genitive","$v":"ਜੂਨ"},{"$i":"month-6-genitive","$v":"ਜੁਲਾਈ"},{"$i":"month-7-genitive","$v":"ਅਗਸਤ"},{"$i":"month-8-genitive","$v":"ਸਤੰਬਰ"},{"$i":"month-9-genitive","$v":"ਅਕਤੂਬਰ"},{"$i":"month-10-genitive","$v":"ਨਵੰਬਰ"},{"$i":"month-11-genitive","$v":"ਦਸੰਬਰ"},{"$i":"month-0-short","$v":"ਜਨ"},{"$i":"month-1-short","$v":"ਫਰ"},{"$i":"month-2-short","$v":"ਮਾਰ"},{"$i":"month-3-short","$v":"ਅਪ"},{"$i":"month-4-short","$v":"ਮਈ"},{"$i":"month-5-short","$v":"ਜੂਨ"},{"$i":"month-6-short","$v":"ਜੁਲਾ"},{"$i":"month-7-short","$v":"ਅਗ"},{"$i":"month-8-short","$v":"ਸਤੰ"},{"$i":"month-9-short","$v":"ਅਕਤੂ"},{"$i":"month-10-short","$v":"ਨਵੰ"},{"$i":"month-11-short","$v":"ਦਸੰ"},{"$i":"minutes-ago-long","$v":{"zero":"ਹੁਣੇ ਹੀਂ","one":"ਮਿੰਟ ਕੁ ਪਹਿਲਾਂ","two":[{"t":"idOrVar","v":"value"}," ਮਿੰਟ ਪਹਿਲਾਂ"],"few":[{"t":"idOrVar","v":"value"}," ਮਿੰਟ ਪਹਿਲਾਂ"],"many":[{"t":"idOrVar","v":"value"}," ਮਿੰਟ ਪਹਿਲਾਂ"],"other":[{"t":"idOrVar","v":"value"},"  ਮਿੰਟ ਪਹਿਲਾਂ"]},"$x":[{"t":"idOrVar","v":"plural"},"value"]},{"$i":"hours-ago-long","$v":{"zero":"ਹੁਣੇ ਹੀ","one":"ਘੰਟਾ ਪਹਿਲਾਂ","two":[{"t":"idOrVar","v":"value"}," ਘੰਟੇ ਪਹਿਲਾਂ"],"few":[{"t":"idOrVar","v":"value"}," ਘੰਟੇ ਪਹਿਲਾਂ"],"many":[{"t":"idOrVar","v":"value"}," ਘੰਟੇ ਪਹਿਲਾਂ"],"other":[{"t":"idOrVar","v":"value"}," ਘੰਟੇ ਪਹਿਲਾਂ"]},"$x":[{"t":"idOrVar","v":"plural"},"value"]},{"$i":"days-ago-long","$v":{"zero":"ਅੱਜ","one":"ਕੱਲ੍ਹ","two":[{"t":"idOrVar","v":"value"}," ਦਿਨ ਪਹਿਲਾਂ"],"few":[{"t":"idOrVar","v":"value"}," ਦਿਨ ਪਹਿਲਾਂ"],"many":[{"t":"idOrVar","v":"value"}," ਦਿਨ ਪਹਿਲਾਂ"],"other":[{"t":"idOrVar","v":"value"}," ਦਿਨ ਪਹਿਲਾਂ"]},"$x":[{"t":"idOrVar","v":"plural"},"value"]},{"$i":"weeks-ago-long","$v":{"zero":"ਇਹ ਹਫ਼ਤੇ","one":"ਪਿਛਲੇ ਹਫ਼ਤੇ","two":[{"t":"idOrVar","v":"value"}," ਹਫ਼ਤੇ ਪਹਿਲਾਂ"],"few":[{"t":"idOrVar","v":"value"}," ਹਫ਼ਤੇ ਪਹਿਲਾਂ"],"many":[{"t":"idOrVar","v":"value"}," ਹਫ਼ਤੇ ਪਹਿਲਾਂ"],"other":[{"t":"idOrVar","v":"value"}," ਹਫ਼ਤੇ ਪਹਿਲਾਂ"]},"$x":[{"t":"idOrVar","v":"plural"},"value"]},{"$i":"months-ago-long","$v":{"zero":"ਇਹ ਮਹੀਨੇ","one":"ਪਿਛਲੇ ਮਹੀਨੇ","two":[{"t":"idOrVar","v":"value"}," ਮਹੀਨੇ ਪਹਿਲਾਂ"],"few":[{"t":"idOrVar","v":"value"}," ਮਹੀਨੇ ਪਹਿਲਾਂ"],"many":[{"t":"idOrVar","v":"value"}," ਮਹੀਨੇ ਪਹਿਲਾਂ"],"other":[{"t":"idOrVar","v":"value"}," ਮਹੀਨੇ ਪਹਿਲਾਂ"]},"$x":[{"t":"idOrVar","v":"plural"},"value"]},{"$i":"years-ago-long","$v":{"zero":"ਇਹ ਸਾਲ","one":"ਪਿਛਲੇ ਸਾਲ","two":[{"t":"idOrVar","v":"value"}," ਸਾਲ ਪਹਿਲਾਂ"],"few":[{"t":"idOrVar","v":"value"}," ਸਾਲ ਪਹਿਲਾਂ"],"many":[{"t":"idOrVar","v":"value"}," ਸਾਲ ਪਹਿਲਾਂ"],"other":[{"t":"idOrVar","v":"value"}," ਸਾਲ ਪਹਿਲਾਂ"]},"$x":[{"t":"idOrVar","v":"plural"},"value"]},{"$i":"minutes-until-long","$v":{"zero":"ਹੁਣ","one":"ਮਿੰਟ ਵਿੱਚ","two":[{"t":"idOrVar","v":"value"}," ਮਿੰਟਾਂ ਵਿੱਚ"],"few":[{"t":"idOrVar","v":"value"}," ਮਿੰਟਾਂ ਵਿੱਚ"],"many":[{"t":"idOrVar","v":"value"}," ਮਿੰਟਾਂ ਵਿੱਚ"],"other":[{"t":"idOrVar","v":"value"}," ਮਿੰਟਾਂ ਵਿੱਚ"]},"$x":[{"t":"idOrVar","v":"plural"},"value"]},{"$i":"hours-until-long","$v":{"zero":"ਹੁਣ","one":"ਇੱਕ ਘੰਟੇ ਵਿੱਚ","two":[{"t":"idOrVar","v":"value"}," ਘੰਟਿਆਂ ਵਿੱਚ"],"few":[{"t":"idOrVar","v":"value"}," ਘੰਟਿਆਂ ਵਿੱਚ"],"many":[{"t":"idOrVar","v":"value"}," ਘੰਟਿਆਂ ਵਿੱਚ"],"other":[{"t":"idOrVar","v":"value"}," ਘੰਟਿਆਂ ਵਿੱਚ"]},"$x":[{"t":"idOrVar","v":"plural"},"value"]},{"$i":"days-until-long","$v":{"zero":"ਅੱਜ","one":"ਭਲਕੇ","two":[{"t":"idOrVar","v":"value"}," ਦਿਨਾਂ ਵਿੱਚ"],"few":[{"t":"idOrVar","v":"value"}," ਦਿਨਾਂ ਵਿੱਚ"],"many":[{"t":"idOrVar","v":"value"}," ਦਿਨਾਂ ਵਿੱਚ"],"other":[{"t":"idOrVar","v":"value"}," ਦਿਨਾਂ ਵਿੱਚ"]},"$x":[{"t":"idOrVar","v":"plural"},"value"]},{"$i":"weeks-until-long","$v":{"zero":"ਇਸ ਹਫ਼ਤੇ","one":"ਅਗਲੇ ਹਫ਼ਤੇ","two":[{"t":"idOrVar","v":"value"}," ਹਫ਼ਤਿਆਂ ਵਿੱਚ"],"few":[{"t":"idOrVar","v":"value"}," ਹਫ਼ਤਿਆਂ ਵਿੱਚ"],"many":[{"t":"idOrVar","v":"value"}," ਹਫ਼ਤਿਆਂ ਵਿੱਚ"],"other":[{"t":"idOrVar","v":"value"}," ਹਫ਼ਤਿਆਂ ਵਿੱਚ"]},"$x":[{"t":"idOrVar","v":"plural"},"value"]},{"$i":"months-until-long","$v":{"zero":"ਇਸ ਮਹੀਨੇ","one":"ਅਗਲੇ ਮਹੀਨੇ","two":[{"t":"idOrVar","v":"value"}," ਮਹੀਨਿਆਂ ਵਿੱਚ"],"few":[{"t":"idOrVar","v":"value"}," ਮਹੀਨਿਆਂ ਵਿੱਚ"],"many":[{"t":"idOrVar","v":"value"}," ਮਹੀਨਿਆਂ ਵਿੱਚ"],"other":[{"t":"idOrVar","v":"value"}," ਮਹੀਨਿਆਂ ਵਿੱਚ"]},"$x":[{"t":"idOrVar","v":"plural"},"value"]},{"$i":"years-until-long","$v":{"zero":"ਇਸ ਸਾਲ","one":"ਅਗਲੇ ਸਾਲ","two":[{"t":"idOrVar","v":"value"}," ਸਾਲਾਂ ਵਿੱਚ"],"few":[{"t":"idOrVar","v":"value"}," ਸਾਲਾਂ ਵਿੱਚ"],"many":[{"t":"idOrVar","v":"value"}," ਸਾਲਾਂ ਵਿੱਚ"],"other":[{"t":"idOrVar","v":"value"}," ਸਾਲਾਂ ਵਿੱਚ"]},"$x":[{"t":"idOrVar","v":"plural"},"value"]},{"$i":"minutes-ago-short","$v":{"zero":"ਹੁਣੇ ਹੀ","other":[{"t":"idOrVar","v":"value"},"ਮਿੰ ਪਹਿਲਾਂ"]},"$x":[{"t":"idOrVar","v":"plural"},"value"]},{"$i":"hours-ago-short","$v":{"zero":"ਹੁਣੇ ਹੀਂ","other":[{"t":"idOrVar","v":"value"},"ਘੰ ਪਹਿਲਾਂ"]},"$x":[{"t":"idOrVar","v":"plural"},"value"]},{"$i":"days-ago-short","$v":{"zero":"ਅੱਜ","other":[{"t":"idOrVar","v":"value"},"ਦਿ ਪਹਿਲਾਂ"]},"$x":[{"t":"idOrVar","v":"plural"},"value"]},{"$i":"minutes-until-short","$v":{"zero":"ਹੁਣ","other":[{"t":"idOrVar","v":"value"},"ਮਿੰ ਵਿੱਚ"]},"$x":[{"t":"idOrVar","v":"plural"},"value"]},{"$i":"hours-until-short","$v":{"zero":"ਹੁਣ","other":[{"t":"idOrVar","v":"value"},"ਘੰ ਵਿੱਚ"]},"$x":[{"t":"idOrVar","v":"plural"},"value"]},{"$i":"days-until-short","$v":{"zero":"ਅੱਜ","other":[{"t":"idOrVar","v":"value"},"ਦਿ ਵਿੱਚ"]},"$x":[{"t":"idOrVar","v":"plural"},"value"]},{"$i":"incorrectDate","$v":"(ਗਲਤ ਮਿਤੀ)"},{"$i":"dateTimeFormat_%c","$v":"%a %e %b  %Y %I:%M:%S %p"},{"$i":"dateTimeFormat_%x","$v":"%d/%m/%Y"},{"$i":"dateTimeFormat_%X","$v":"%I:%M:%S %p"},{"$i":"shortTimeFormat","$v":"%I:%M %p"},{"$i":"shortTimeFormat12","$v":"%I:%M %p"},{"$i":"shortTimeFormat24","$v":"%H:%M"},{"$i":"shortDateTimeFormat","$v":"%x %I:%M %p"},{"$i":"weekStartsOnMonday","$v":"1"},{"$i":"firstDayOfTheWeek","$v":"0"},{"$i":"time_am","$v":"ਸਵੇਰੇ"},{"$i":"time_pm","$v":"ਸ਼ਾਮ"}]