[{"$i":"back","$v":"Wstecz"},{"$i":"save","$v":"Zapisz"},{"$i":"hide","$v":"Ukryj"},{"$i":"cancel","$v":"Anuluj"},{"$i":"confirm","$v":"Potwierdź"},{"$i":"done","$v":"Gotowe"},{"$i":"events","$v":"Wydarzenia"},{"$i":"edit","$v":"Edytuj"},{"$i":"allday-events","$v":"Wydarzenia całodzienne"},{"$i":"no-events","$v":"Brak wydarzeń"},{"$i":"show-today","$v":"Dzisiaj"},{"$i":"show-month-view","$v":"Miesiąc"},{"$i":"show-week-view","$v":"Tydzień"},{"$i":"show-day-view","$v":"Dzień"},{"$i":"settings-show","$v":"Ustawienia"},{"$i":"settings-hide","$v":"Ukryj ustawienia"},{"$i":"add-account","$v":"Dodaj konto"},{"$i":"new-event","$v":"Dodaj wydarzenie"},{"$i":"view-event-header","$v":"Wydarzenie"},{"$i":"new-event-header","$v":"Nowe wydarzenie"},{"$i":"edit-event-header","$v":"Edycja"},{"$i":"account-header","$v":"Konto"},{"$i":"account-list-header","$v":"Konta"},{"$i":"advanced-settings-short-icon-button","ariaLabel":"Ustawienia"},{"$i":"advanced-settings-header","$v":"Kalendarze"},{"$i":"advanced-settings-personalization","$v":"Personalizacja"},{"$i":"advanced-settings-reminders","$v":"Przypomnienia"},{"$i":"advanced-settings-add-account","$v":"Dodaj konto"},{"$i":"field-user","placeholder":"Nazwa użytkownika"},{"$i":"field-password","placeholder":"Hasło"},{"$i":"field-full-url","placeholder":"Adres URL"},{"$i":"modify-account-setting-up","$v":"Konfigurowanie konta…"},{"$i":"modify-account-unable-to-sync","$v":"Nie udało się zsynchronizować"},{"$i":"modify-account-sign-in","$v":"Zaloguj się"},{"$i":"preset-caldav","$v":"CalDav"},{"$i":"preset-yahoo","$v":"Yahoo!"},{"$i":"preset-google","$v":"Google"},{"$i":"preset-local","$v":"Kalendarz offline"},{"$i":"preset-mozilla","$v":"Mozilla Zimbra"},{"$i":"calendar-local","$v":"Kalendarz offline"},{"$i":"event-title","placeholder":"Nazwa"},{"$i":"event-location","placeholder":"Miejsce"},{"$i":"event-description","placeholder":"Notatki"},{"$i":"event-is-allday","$v":"Wydarzenie trwa cały dzień?"},{"$i":"event-start-date","placeholder":"Data rozpoczęcia"},{"$i":"event-end-date","placeholder":"Data zakończenia"},{"$i":"event-start-time","placeholder":"Czas rozpoczęcia"},{"$i":"event-end-time","placeholder":"Czas zakończenia"},{"$i":"event-delete","$v":"Usuń wydarzenie"},{"$i":"remove-account-data","$v":"Usuń lokalne dane"},{"$i":"remove-account-dialog","$v":"Usuń konto"},{"$i":"remove-account-dialog-details","$v":"Usunięcie tego konta spowoduje również usunięcie lokalnej kopii skojarzonych kalendarzy i wydarzeń."},{"$i":"drawer-sync-icon-button","ariaLabel":"Synchronizuj"},{"$i":"sync-progress-syncing","ariaValueText":"Synchronizowanie"},{"$i":"sync-progress-complete","ariaValueText":"Synchronizowazcja zakończona"},{"$i":"sync-frequency","$v":"Częstotliwość synchronizacji"},{"$i":"sync-frequency-15min","$v":"Co 15 min."},{"$i":"sync-frequency-30min","$v":"Co 30 min."},{"$i":"sync-frequency-manual","$v":"Ręcznie"},{"$i":"one-day-duration","$v":[{"t":"idOrVar","v":"startDate"},"<br>Od ",{"t":"idOrVar","v":"startTime"}," do ",{"t":"idOrVar","v":"endTime"}]},{"$i":"multiple-day-duration","$v":["Od ",{"t":"idOrVar","v":"startTime"}," ",{"t":"idOrVar","v":"startDate"},"<br>Do ",{"t":"idOrVar","v":"endTime"}," ",{"t":"idOrVar","v":"endDate"}]},{"$i":"one-all-day-duration","$v":["Cały dzień<br>",{"t":"idOrVar","v":"startDate"}]},{"$i":"multiple-all-day-duration","$v":["Cały dzień od ",{"t":"idOrVar","v":"startDate"},"<br>Do ",{"t":"idOrVar","v":"endDate"}]},{"$i":"none","$v":"Brak"},{"$i":"reminder","$v":"Przypomnienie"},{"$i":"remind-me","$v":"Przypomnienie"},{"$i":"alarm-at-event-standard","$v":"O czasie"},{"$i":"alarm-at-event-allday","$v":"W dniu wydarzenia"},{"$i":"alarm-start-notice","$v":["Wydarzenie „",{"t":"idOrVar","v":"title"},"” zaczyna się ",{"t":"idOrVar","v":"distance"}]},{"$i":"alarm-started-notice","$v":["Wydarzenie „",{"t":"idOrVar","v":"title"},"” zaczęło się o ",{"t":"idOrVar","v":"distance"}]},{"$i":"minutes-before","$v":{"zero":"","one":"Minutę przed","two":"Dwie minuty przed","few":[{"t":"idOrVar","v":"value"}," minuty przed"],"many":[{"t":"idOrVar","v":"value"}," minut przed"],"other":""},"$x":[{"t":"idOrVar","v":"plural"},"value"]},{"$i":"hours-before","$v":{"zero":"","one":"Godzinę przed","two":"Dwie godziny przed","few":[{"t":"idOrVar","v":"value"}," godziny przed"],"many":[{"t":"idOrVar","v":"value"}," godzin przed"],"other":""},"$x":[{"t":"idOrVar","v":"plural"},"value"]},{"$i":"days-before","$v":{"zero":"","one":"Dzień przed","two":"Dwa dni przed","few":[{"t":"idOrVar","v":"value"}," dni przed"],"many":[{"t":"idOrVar","v":"value"}," dni przed"],"other":""},"$x":[{"t":"idOrVar","v":"plural"},"value"]},{"$i":"weeks-before","$v":{"zero":"","one":"Tydzień przed","two":"Dwa tygodnie przed","few":[{"t":"idOrVar","v":"value"}," tygodnie przed"],"many":[{"t":"idOrVar","v":"value"}," tygodni przed"],"other":""},"$x":[{"t":"idOrVar","v":"plural"},"value"]},{"$i":"months-before","$v":{"zero":"","one":"Miesiąc przed","two":"Dwa miesiące przed","few":[{"t":"idOrVar","v":"value"}," miesiące przed"],"many":[{"t":"idOrVar","v":"value"}," miesięcy przed"],"other":""},"$x":[{"t":"idOrVar","v":"plural"},"value"]},{"$i":"years-before","$v":{"zero":"","one":"Rok przed","two":"Dwa lata przed","few":[{"t":"idOrVar","v":"value"}," lata przed"],"many":[{"t":"idOrVar","v":"value"}," lat przed"],"other":""},"$x":[{"t":"idOrVar","v":"plural"},"value"]},{"$i":"minutes-after","$v":{"zero":"","one":"Minutę po","two":"Dwie minuty po","few":[{"t":"idOrVar","v":"value"}," minuty po"],"many":[{"t":"idOrVar","v":"value"}," minut po"],"other":""},"$x":[{"t":"idOrVar","v":"plural"},"value"]},{"$i":"hours-after","$v":{"zero":"","one":"Godzinę po","two":"Dwie godziny po","few":[{"t":"idOrVar","v":"value"}," godziny po"],"many":[{"t":"idOrVar","v":"value"}," godzin po"],"other":""},"$x":[{"t":"idOrVar","v":"plural"},"value"]},{"$i":"days-after","$v":{"zero":"","one":"Dzień po","two":"dwa dni po","few":[{"t":"idOrVar","v":"value"}," dni po"],"many":[{"t":"idOrVar","v":"value"}," dni po"],"other":""},"$x":[{"t":"idOrVar","v":"plural"},"value"]},{"$i":"weeks-after","$v":{"zero":"","one":"Tydzień po","two":"Dwa tygodnie po","few":[{"t":"idOrVar","v":"value"}," tygodnie po"],"many":[{"t":"idOrVar","v":"value"}," tygodni po"],"other":""},"$x":[{"t":"idOrVar","v":"plural"},"value"]},{"$i":"months-after","$v":{"zero":"","one":"Miesiąc po","two":"Dwa miesiące po","few":[{"t":"idOrVar","v":"value"}," miesiące po"],"many":[{"t":"idOrVar","v":"value"}," miesięcy po"],"other":""},"$x":[{"t":"idOrVar","v":"plural"},"value"]},{"$i":"years-after","$v":{"zero":"","one":"Rok po","two":"Dwa lata po","few":[{"t":"idOrVar","v":"value"}," lata po"],"many":[{"t":"idOrVar","v":"value"}," lat po"],"other":""},"$x":[{"t":"idOrVar","v":"plural"},"value"]},{"$i":"hour-format12","$v":"%I %p"},{"$i":"hour-format24","$v":"%H"},{"$i":"week-hour-format12","$v":"%I %p"},{"$i":"week-hour-format24","$v":"%H"},{"$i":"hour-allday","$v":"Cały dzień"},{"$i":"week-day","$v":"%a %e"},{"$i":"current-time12","$v":"%I:%M"},{"$i":"current-time24","$v":"%H:%M"},{"$i":"multi-month-view-header-format","$v":"%b %Y"},{"$i":"day-view-header-format","$v":"%a, %e %Eb"},{"$i":"months-day-view-header-format","$v":"%A, %e %Eb"},{"$i":"longDateFormat","$v":"%e %Eb, %Y"},{"$i":"error-start-date-after-end-date","$v":"Wydarzenie nie może się zakończyć przed datą rozpoczęcia"},{"$i":"error-start-time-after-end-time","$v":"Wydarzenie nie może się zakończyć przed czasem rozpoczęcia"},{"$i":"error-unauthenticated","$v":"Błędna nazwa użytkownika lub hasło"},{"$i":"error-internal-server-error","$v":"Błąd serwera. Sprawdź dane logowania i spróbuj ponownie."},{"$i":"error-default","$v":"Coś poszło nie tak. Spróbuj ponownie później."},{"$i":"error-offline","$v":"Brak połączenia. Sprawdź konfigurację sieci i spróbuj ponownie."},{"$i":"error-account-exist","$v":"To konto już zostało dodane."},{"$i":"notification-error-sync-title","$v":"Błąd synchronizacji kalendarza"},{"$i":"notification-error-sync-description","$v":"Więcej informacji"},{"$i":"weekday-0-single-char","$v":"N","ariaLabel":"Niedziela"},{"$i":"weekday-1-single-char","$v":"P","ariaLabel":"Poniedziałek"},{"$i":"weekday-2-single-char","$v":"W","ariaLabel":"Wtorek"},{"$i":"weekday-3-single-char","$v":"Ś","ariaLabel":"Środa"},{"$i":"weekday-4-single-char","$v":"C","ariaLabel":"Czwartek"},{"$i":"weekday-5-single-char","$v":"P","ariaLabel":"Piątek"},{"$i":"weekday-6-single-char","$v":"S","ariaLabel":"Sobota"},{"$i":"busy","$v":{"one":[{"t":"idOrVar","v":"n"}," wydarzenie"],"two":[{"t":"idOrVar","v":"n"}," wydarzenia"],"few":[{"t":"idOrVar","v":"n"}," wydarzenia"],"many":[{"t":"idOrVar","v":"n"}," wydarzeń"],"other":""},"$x":[{"t":"idOrVar","v":"plural"},"n"]},{"$i":"present","ariaLabel":"Dzisiaj"},{"$i":"past-other-month-description","ariaLabel":"Inny miesiąc"},{"$i":"future-other-month-description","ariaLabel":"Inny miesiąc"},{"$i":"icon-calendar-alarm","ariaLabel":"Posiada ustawione przypomnienie"},{"$i":"calendars","ariaLabel":"Kalendarze"},{"$i":"multi-day-new-event-link","ariaLabel":"Dodaj wydarzenie"},{"$i":"title","ariaLabel":"Tytuł"},{"$i":"location","ariaLabel":"Lokalizacja"},{"$i":"duration","ariaLabel":"Czas trwania"},{"$i":"calendar","ariaLabel":"Kalendarz"},{"$i":"alarms","ariaLabel":"Przypomnienia"},{"$i":"description","ariaLabel":"Opis"},{"$i":"start-date","ariaLabel":"Data rozpoczęcia"},{"$i":"start-time","ariaLabel":"Czas rozpoczęcia"},{"$i":"end-date","ariaLabel":"Data zakończenia"},{"$i":"end-time","ariaLabel":"Czas zakończenia"},{"$i":"during-progress-loading","ariaValueText":"Wczytywanie"},{"$i":"all-day","ariaLabel":"Cały dzień"},{"$i":"create-event","ariaLabel":"Utwórz wydarzenie"},{"$i":"create-all-day-event","ariaLabel":"Utwórz wydarzenie całodzienne"},{"$i":"event-one-day-duration","ariaLabel":["od ",{"t":"idOrVar","v":"startTime"}," do ",{"t":"idOrVar","v":"endTime"}]},{"$i":"week-event-one-day-duration","ariaLabel":[{"t":"idOrVar","v":"startTime"}," do ",{"t":"idOrVar","v":"endTime"}," w dniu ",{"t":"idOrVar","v":"startDate"}]},{"$i":"event-multiple-day-duration","ariaLabel":["Od ",{"t":"idOrVar","v":"startTime"}," w dniu ",{"t":"idOrVar","v":"startDate"}," do ",{"t":"idOrVar","v":"endTime"}," dnia ",{"t":"idOrVar","v":"endDate"}]},{"$i":"weekday-0-long","$v":"Niedziela"},{"$i":"weekday-1-long","$v":"Poniedziałek"},{"$i":"weekday-2-long","$v":"Wtorek"},{"$i":"weekday-3-long","$v":"Środa"},{"$i":"weekday-4-long","$v":"Czwartek"},{"$i":"weekday-5-long","$v":"Piątek"},{"$i":"weekday-6-long","$v":"Sobota"},{"$i":"weekday-0-short","$v":"Nd"},{"$i":"weekday-1-short","$v":"Pn"},{"$i":"weekday-2-short","$v":"Wt"},{"$i":"weekday-3-short","$v":"Śr"},{"$i":"weekday-4-short","$v":"Cz"},{"$i":"weekday-5-short","$v":"Pt"},{"$i":"weekday-6-short","$v":"Sb"},{"$i":"month-0-long","$v":"Styczeń"},{"$i":"month-1-long","$v":"Luty"},{"$i":"month-2-long","$v":"Marzec"},{"$i":"month-3-long","$v":"Kwiecień"},{"$i":"month-4-long","$v":"Maj"},{"$i":"month-5-long","$v":"Czerwiec"},{"$i":"month-6-long","$v":"Lipiec"},{"$i":"month-7-long","$v":"Sierpień"},{"$i":"month-8-long","$v":"Wrzesień"},{"$i":"month-9-long","$v":"Październik"},{"$i":"month-10-long","$v":"Listopad"},{"$i":"month-11-long","$v":"Grudzień"},{"$i":"month-0-genitive","$v":"stycznia"},{"$i":"month-1-genitive","$v":"lutego"},{"$i":"month-2-genitive","$v":"marca"},{"$i":"month-3-genitive","$v":"kwietnia"},{"$i":"month-4-genitive","$v":"maja"},{"$i":"month-5-genitive","$v":"czerwca"},{"$i":"month-6-genitive","$v":"lipca"},{"$i":"month-7-genitive","$v":"sierpnia"},{"$i":"month-8-genitive","$v":"września"},{"$i":"month-9-genitive","$v":"października"},{"$i":"month-10-genitive","$v":"listopada"},{"$i":"month-11-genitive","$v":"grudnia"},{"$i":"month-0-short","$v":"sty"},{"$i":"month-1-short","$v":"lut"},{"$i":"month-2-short","$v":"mar"},{"$i":"month-3-short","$v":"kwi"},{"$i":"month-4-short","$v":"maj"},{"$i":"month-5-short","$v":"cze"},{"$i":"month-6-short","$v":"lip"},{"$i":"month-7-short","$v":"sie"},{"$i":"month-8-short","$v":"wrz"},{"$i":"month-9-short","$v":"paź"},{"$i":"month-10-short","$v":"lis"},{"$i":"month-11-short","$v":"gru"},{"$i":"minutes-ago-long","$v":{"zero":"w tym momencie","one":"przed minutą","two":"dwie minuty temu","few":[{"t":"idOrVar","v":"value"}," minuty temu"],"many":[{"t":"idOrVar","v":"value"}," minut temu"],"other":""},"$x":[{"t":"idOrVar","v":"plural"},"value"]},{"$i":"hours-ago-long","$v":{"zero":"w tej godzinie","one":"godzinę temu","two":"dwie godziny temu","few":[{"t":"idOrVar","v":"value"}," godziny temu"],"many":[{"t":"idOrVar","v":"value"}," godzin temu"],"other":""},"$x":[{"t":"idOrVar","v":"plural"},"value"]},{"$i":"days-ago-long","$v":{"zero":"dzisiaj","one":"wczoraj","two":"przedwczoraj","few":[{"t":"idOrVar","v":"value"}," dni temu"],"many":[{"t":"idOrVar","v":"value"}," dni temu"],"other":""},"$x":[{"t":"idOrVar","v":"plural"},"value"]},{"$i":"weeks-ago-long","$v":{"zero":"w tym tygodniu","one":"w zeszłym tygodniu","two":"dwa tygodnie temu","few":[{"t":"idOrVar","v":"value"}," tygodnie temu"],"many":[{"t":"idOrVar","v":"value"}," tygodni temu"],"other":""},"$x":[{"t":"idOrVar","v":"plural"},"value"]},{"$i":"months-ago-long","$v":{"zero":"w tym miesiącu","one":"w zeszłym miesiącu","two":"dwa miesiące temu","few":[{"t":"idOrVar","v":"value"}," miesiące temu"],"many":[{"t":"idOrVar","v":"value"}," miesięcy temu"],"other":""},"$x":[{"t":"idOrVar","v":"plural"},"value"]},{"$i":"years-ago-long","$v":{"zero":"w tym roku","one":"w zeszłym roku","two":"dwa lata temu","few":[{"t":"idOrVar","v":"value"}," lata temu"],"many":[{"t":"idOrVar","v":"value"}," lat temu"],"other":""},"$x":[{"t":"idOrVar","v":"plural"},"value"]},{"$i":"minutes-until-long","$v":{"zero":"teraz","one":"za minutę","two":"za dwie minuty","few":["za ",{"t":"idOrVar","v":"value"}," minuty"],"many":["za ",{"t":"idOrVar","v":"value"}," minut"],"other":""},"$x":[{"t":"idOrVar","v":"plural"},"value"]},{"$i":"hours-until-long","$v":{"zero":"teraz","one":"za godzinę","two":"za dwie godziny","few":["za ",{"t":"idOrVar","v":"value"}," godziny"],"many":["za ",{"t":"idOrVar","v":"value"}," godzin"],"other":""},"$x":[{"t":"idOrVar","v":"plural"},"value"]},{"$i":"days-until-long","$v":{"zero":"dzisiaj","one":"jutro","two":"za dwa dni","few":["za ",{"t":"idOrVar","v":"value"}," dni"],"many":["za ",{"t":"idOrVar","v":"value"}," dni"],"other":""},"$x":[{"t":"idOrVar","v":"plural"},"value"]},{"$i":"weeks-until-long","$v":{"zero":"w tym tygodniu","one":"w przyszłym tygodniu","two":"za dwa tygodnie","few":["za ",{"t":"idOrVar","v":"value"}," tygodnie"],"many":["za ",{"t":"idOrVar","v":"value"}," tygodni"],"other":""},"$x":[{"t":"idOrVar","v":"plural"},"value"]},{"$i":"months-until-long","$v":{"zero":"w tym miesiącu","one":"w przyszłym miesiącu","two":"za dwa miesiące","few":["za ",{"t":"idOrVar","v":"value"}," miesiące"],"many":["za ",{"t":"idOrVar","v":"value"}," miesięcy"],"other":""},"$x":[{"t":"idOrVar","v":"plural"},"value"]},{"$i":"years-until-long","$v":{"zero":"w tym roku","one":"w przyszłym roku","two":"za dwa lata","few":["za ",{"t":"idOrVar","v":"value"}," lata"],"many":["za ",{"t":"idOrVar","v":"value"}," lat"],"other":""},"$x":[{"t":"idOrVar","v":"plural"},"value"]},{"$i":"minutes-ago-short","$v":{"zero":"teraz","other":[{"t":"idOrVar","v":"value"}," min temu"]},"$x":[{"t":"idOrVar","v":"plural"},"value"]},{"$i":"hours-ago-short","$v":{"zero":"teraz","other":[{"t":"idOrVar","v":"value"}," godz. temu"]},"$x":[{"t":"idOrVar","v":"plural"},"value"]},{"$i":"days-ago-short","$v":{"zero":"dzisiaj","other":[{"t":"idOrVar","v":"value"}," dni temu"]},"$x":[{"t":"idOrVar","v":"plural"},"value"]},{"$i":"minutes-until-short","$v":{"zero":"teraz","other":["za ",{"t":"idOrVar","v":"value"}," min"]},"$x":[{"t":"idOrVar","v":"plural"},"value"]},{"$i":"hours-until-short","$v":{"zero":"teraz","other":["za ",{"t":"idOrVar","v":"value"}," godz."]},"$x":[{"t":"idOrVar","v":"plural"},"value"]},{"$i":"days-until-short","$v":{"zero":"dzisiaj","other":["za ",{"t":"idOrVar","v":"value"}," dni"]},"$x":[{"t":"idOrVar","v":"plural"},"value"]},{"$i":"incorrectDate","$v":"(nieprawidłowa data)"},{"$i":"dateTimeFormat_%c","$v":"%a, %e %b %Y, %H:%M:%S"},{"$i":"dateTimeFormat_%x","$v":"%e.%m.%Y"},{"$i":"dateTimeFormat_%X","$v":"%H:%M:%S"},{"$i":"shortTimeFormat","$v":"%H:%M"},{"$i":"shortTimeFormat12","$v":"%I:%M a.m."},{"$i":"shortTimeFormat24","$v":"%H:%M"},{"$i":"shortDateTimeFormat","$v":"%x %H:%M"},{"$i":"weekStartsOnMonday","$v":"1"},{"$i":"firstDayOfTheWeek","$v":"1"},{"$i":"time_am","$v":"a.m."},{"$i":"time_pm","$v":"p.m."}]