[{"$i":"back","$v":"Voltar"},{"$i":"save","$v":"Salvar"},{"$i":"hide","$v":"Ocultar"},{"$i":"cancel","$v":"Cancelar"},{"$i":"confirm","$v":"Confirmar"},{"$i":"done","$v":"Concluído"},{"$i":"events","$v":"Eventos"},{"$i":"edit","$v":"Editar"},{"$i":"allday-events","$v":"Eventos de dia todo"},{"$i":"no-events","$v":"Nenhum evento"},{"$i":"show-today","$v":"Hoje"},{"$i":"show-month-view","$v":"Mês"},{"$i":"show-week-view","$v":"Semana"},{"$i":"show-day-view","$v":"Dia"},{"$i":"settings-show","$v":"Configurações"},{"$i":"settings-hide","$v":"Ocultar configurações"},{"$i":"add-account","$v":"Adicionar uma conta"},{"$i":"new-event","$v":"Adicionar evento"},{"$i":"view-event-header","$v":"Evento"},{"$i":"new-event-header","$v":"Adicionar evento"},{"$i":"edit-event-header","$v":"Editar evento"},{"$i":"account-header","$v":"Conta"},{"$i":"account-list-header","$v":"Contas"},{"$i":"advanced-settings-short-icon-button","ariaLabel":"Settings"},{"$i":"advanced-settings-header","$v":"Configurações do calendário"},{"$i":"advanced-settings-personalization","$v":"Personalização"},{"$i":"advanced-settings-reminders","$v":"Lembretes"},{"$i":"advanced-settings-add-account","$v":"Adicionar conta"},{"$i":"field-user","placeholder":"Nome de usuário"},{"$i":"field-password","placeholder":"Senha"},{"$i":"field-full-url","placeholder":"URL"},{"$i":"modify-account-setting-up","$v":"Por favor, aguarde enquanto sua conta é configurada"},{"$i":"modify-account-unable-to-sync","$v":"Não foi possível sincronizar"},{"$i":"modify-account-sign-in","$v":"Identificar-me"},{"$i":"preset-caldav","$v":"CalDav"},{"$i":"preset-yahoo","$v":"Yahoo!"},{"$i":"preset-google","$v":"Google"},{"$i":"preset-local","$v":"Calendário off-line"},{"$i":"preset-mozilla","$v":"Mozilla Zimbra"},{"$i":"calendar-local","$v":"Calendário off-line"},{"$i":"event-title","placeholder":"Título"},{"$i":"event-location","placeholder":"Onde?"},{"$i":"event-description","placeholder":"Observações"},{"$i":"event-is-allday","$v":"O evento dura o dia todo?"},{"$i":"event-start-date","placeholder":"Data inicial"},{"$i":"event-end-date","placeholder":"Data final"},{"$i":"event-start-time","placeholder":"Hora inicial"},{"$i":"event-end-time","placeholder":"Hora final"},{"$i":"event-delete","$v":"Apagar evento"},{"$i":"remove-account-data","$v":"Apagar dados locais"},{"$i":"remove-account-dialog","$v":"Apagar conta"},{"$i":"remove-account-dialog-details","$v":"Apagar essa conta também apagará sua cópia local de calendários e eventos associados."},{"$i":"drawer-sync-icon-button","ariaLabel":"Sync"},{"$i":"sync-progress-syncing","ariaValueText":"Syncing"},{"$i":"sync-progress-complete","ariaValueText":"Syncing complete"},{"$i":"sync-frequency","$v":"Sincronizar"},{"$i":"sync-frequency-15min","$v":"15 min"},{"$i":"sync-frequency-30min","$v":"30 min"},{"$i":"sync-frequency-manual","$v":"Manualmente"},{"$i":"one-day-duration","$v":[{"t":"idOrVar","v":"startDate"},"<br>de ",{"t":"idOrVar","v":"startTime"}," a ",{"t":"idOrVar","v":"endTime"}]},{"$i":"multiple-day-duration","$v":["De ",{"t":"idOrVar","v":"startDate"}," ",{"t":"idOrVar","v":"startTime"},"<br>a ",{"t":"idOrVar","v":"endDate"}," ",{"t":"idOrVar","v":"endTime"}]},{"$i":"one-all-day-duration","$v":["Dia inteiro<br>",{"t":"idOrVar","v":"startDate"}]},{"$i":"multiple-all-day-duration","$v":["Todo dia de ",{"t":"idOrVar","v":"startDate"},"<br>a ",{"t":"idOrVar","v":"endDate"}]},{"$i":"none","$v":"Nenhum"},{"$i":"reminder","$v":"Lembrete:"},{"$i":"remind-me","$v":"Lembrar-me"},{"$i":"alarm-at-event-standard","$v":"Na hora do evento"},{"$i":"alarm-at-event-allday","$v":"No dia do evento"},{"$i":"alarm-start-notice","$v":[{"t":"idOrVar","v":"title"}," começa em ",{"t":"idOrVar","v":"distance"}]},{"$i":"alarm-started-notice","$v":[{"t":"idOrVar","v":"title"}," começou a ",{"t":"idOrVar","v":"distance"}]},{"$i":"minutes-before","$v":{"zero":"0 minutos antes","one":"1 minuto antes","two":[{"t":"idOrVar","v":"value"}," minutos antes"],"few":[{"t":"idOrVar","v":"value"}," minutos antes"],"many":[{"t":"idOrVar","v":"value"}," minutos antes"],"other":[{"t":"idOrVar","v":"value"}," minutos antes"]},"$x":[{"t":"idOrVar","v":"plural"},"value"]},{"$i":"hours-before","$v":{"zero":"0 horas antes","one":"1 hora antes","two":[{"t":"idOrVar","v":"value"}," horas antes"],"few":[{"t":"idOrVar","v":"value"}," horas antes"],"many":[{"t":"idOrVar","v":"value"}," horas antes"],"other":[{"t":"idOrVar","v":"value"}," horas antes"]},"$x":[{"t":"idOrVar","v":"plural"},"value"]},{"$i":"days-before","$v":{"zero":"0 dias antes","one":"1 dia antes","two":[{"t":"idOrVar","v":"value"}," dias antes"],"few":[{"t":"idOrVar","v":"value"}," dias antes"],"many":[{"t":"idOrVar","v":"value"}," dias antes"],"other":[{"t":"idOrVar","v":"value"}," dias antes"]},"$x":[{"t":"idOrVar","v":"plural"},"value"]},{"$i":"weeks-before","$v":{"zero":"0 semanas antes","one":"1 semana antes","two":[{"t":"idOrVar","v":"value"}," semanas antes"],"few":[{"t":"idOrVar","v":"value"}," semanas antes"],"many":[{"t":"idOrVar","v":"value"}," semanas antes"],"other":[{"t":"idOrVar","v":"value"}," semanas antes"]},"$x":[{"t":"idOrVar","v":"plural"},"value"]},{"$i":"months-before","$v":{"zero":"0 meses antes","one":"1 mês antes","two":[{"t":"idOrVar","v":"value"}," meses antes"],"few":[{"t":"idOrVar","v":"value"}," meses antes"],"many":[{"t":"idOrVar","v":"value"}," meses antes"],"other":[{"t":"idOrVar","v":"value"}," meses antes"]},"$x":[{"t":"idOrVar","v":"plural"},"value"]},{"$i":"years-before","$v":{"zero":"0 anos antes","one":"1 ano antes","two":[{"t":"idOrVar","v":"value"}," anos antes"],"few":[{"t":"idOrVar","v":"value"}," anos antes"],"many":[{"t":"idOrVar","v":"value"}," anos antes"],"other":[{"t":"idOrVar","v":"value"}," anos antes"]},"$x":[{"t":"idOrVar","v":"plural"},"value"]},{"$i":"minutes-after","$v":{"zero":"0 minutos depois","one":"1 minuto depois","two":[{"t":"idOrVar","v":"value"}," minutos depois"],"few":[{"t":"idOrVar","v":"value"}," minutos depois"],"many":[{"t":"idOrVar","v":"value"}," minutos depois"],"other":[{"t":"idOrVar","v":"value"}," minutos depois"]},"$x":[{"t":"idOrVar","v":"plural"},"value"]},{"$i":"hours-after","$v":{"zero":"0 horas depois","one":"1 hora depois","two":[{"t":"idOrVar","v":"value"}," horas depois"],"few":[{"t":"idOrVar","v":"value"}," horas depois"],"many":[{"t":"idOrVar","v":"value"}," horas depois"],"other":[{"t":"idOrVar","v":"value"}," horas depois"]},"$x":[{"t":"idOrVar","v":"plural"},"value"]},{"$i":"days-after","$v":{"zero":"0 dias depois","one":"1 dia depois","two":[{"t":"idOrVar","v":"value"}," dias depois"],"few":[{"t":"idOrVar","v":"value"}," dias depois"],"many":[{"t":"idOrVar","v":"value"}," dias depois"],"other":[{"t":"idOrVar","v":"value"}," dias depois"]},"$x":[{"t":"idOrVar","v":"plural"},"value"]},{"$i":"weeks-after","$v":{"zero":"0 semanas depois","one":"1 semana depois","two":[{"t":"idOrVar","v":"value"}," semanas depois"],"few":[{"t":"idOrVar","v":"value"}," semanas depois"],"many":[{"t":"idOrVar","v":"value"}," semanas depois"],"other":[{"t":"idOrVar","v":"value"}," semanas depois"]},"$x":[{"t":"idOrVar","v":"plural"},"value"]},{"$i":"months-after","$v":{"zero":"0 meses depois","one":"1 mês depois","two":[{"t":"idOrVar","v":"value"}," meses depois"],"few":[{"t":"idOrVar","v":"value"}," meses depois"],"many":[{"t":"idOrVar","v":"value"}," meses depois"],"other":[{"t":"idOrVar","v":"value"}," meses depois"]},"$x":[{"t":"idOrVar","v":"plural"},"value"]},{"$i":"years-after","$v":{"zero":"0 anos depois","one":"1 ano depois","two":[{"t":"idOrVar","v":"value"}," anos depois"],"few":[{"t":"idOrVar","v":"value"}," anos depois"],"many":[{"t":"idOrVar","v":"value"}," anos depois"],"other":[{"t":"idOrVar","v":"value"}," anos depois"]},"$x":[{"t":"idOrVar","v":"plural"},"value"]},{"$i":"hour-format12","$v":"%l %p"},{"$i":"hour-format24","$v":"%H"},{"$i":"week-hour-format12","$v":"%l %p"},{"$i":"week-hour-format24","$v":"%H"},{"$i":"hour-allday","$v":"Dia todo"},{"$i":"week-day","$v":"%a %e"},{"$i":"current-time12","$v":"%l %M"},{"$i":"current-time24","$v":"%H:%M"},{"$i":"multi-month-view-header-format","$v":"%b %Y"},{"$i":"day-view-header-format","$v":"%a, %e de %B"},{"$i":"months-day-view-header-format","$v":"%A, %e de %B"},{"$i":"longDateFormat","$v":"%A, %e de %B, %Y"},{"$i":"error-start-date-after-end-date","$v":"O evento não pode terminar antes da data de início"},{"$i":"error-start-time-after-end-time","$v":"O evento não pode terminar antes do horário de início"},{"$i":"error-unauthenticated","$v":"Usuário e/ou senha incorreto"},{"$i":"error-internal-server-error","$v":"Erro do servidor. Verifique suas informações e tente novamente."},{"$i":"error-default","$v":"Algo está errado. Tente novamente."},{"$i":"error-offline","$v":"Sem conexão. Verifique sua conexão e tente novamente."},{"$i":"error-account-exist","$v":"Essa conta já existe."},{"$i":"notification-error-sync-title","$v":"Erro ao sincronizar calendário"},{"$i":"notification-error-sync-description","$v":"Toque para mais informações"},{"$i":"weekday-0-single-char","$v":"D","ariaLabel":"Domingo"},{"$i":"weekday-1-single-char","$v":"S","ariaLabel":"Segunda-feira"},{"$i":"weekday-2-single-char","$v":"T","ariaLabel":"Terça-feira"},{"$i":"weekday-3-single-char","$v":"Q","ariaLabel":"Quarta-feira"},{"$i":"weekday-4-single-char","$v":"Q","ariaLabel":"Quinta-feira"},{"$i":"weekday-5-single-char","$v":"S","ariaLabel":"Sexta-feira"},{"$i":"weekday-6-single-char","$v":"S","ariaLabel":"Sábado"},{"$i":"busy","$v":{"one":[{"t":"idOrVar","v":"n"}," evento"],"two":[{"t":"idOrVar","v":"n"}," eventos"],"few":[{"t":"idOrVar","v":"n"}," eventos"],"many":[{"t":"idOrVar","v":"n"}," eventos"],"other":[{"t":"idOrVar","v":"n"}," eventos"]},"$x":[{"t":"idOrVar","v":"plural"},"n"]},{"$i":"present","ariaLabel":"Hoje"},{"$i":"past-other-month-description","ariaLabel":"Other month"},{"$i":"future-other-month-description","ariaLabel":"Other month"},{"$i":"icon-calendar-alarm","ariaLabel":"Tem alarme"},{"$i":"calendars","ariaLabel":"Calendários"},{"$i":"multi-day-new-event-link","ariaLabel":"Adicionar evento"},{"$i":"title","ariaLabel":"Título"},{"$i":"location","ariaLabel":"Localização"},{"$i":"duration","ariaLabel":"Duração"},{"$i":"calendar","ariaLabel":"Calendário"},{"$i":"alarms","ariaLabel":"Alarmes"},{"$i":"description","ariaLabel":"Descrição"},{"$i":"start-date","ariaLabel":"Data inicial"},{"$i":"start-time","ariaLabel":"Hora inicial"},{"$i":"end-date","ariaLabel":"Data final"},{"$i":"end-time","ariaLabel":"Hora final"},{"$i":"during-progress-loading","ariaValueText":"Carregando"},{"$i":"all-day","ariaLabel":"All day"},{"$i":"create-event","ariaLabel":"Create event"},{"$i":"create-all-day-event","ariaLabel":"Create all day event"},{"$i":"event-one-day-duration","ariaLabel":["from ",{"t":"idOrVar","v":"startTime"}," to ",{"t":"idOrVar","v":"endTime"}]},{"$i":"week-event-one-day-duration","ariaLabel":[{"t":"idOrVar","v":"startDate"}," from ",{"t":"idOrVar","v":"startTime"}," to ",{"t":"idOrVar","v":"endTime"}]},{"$i":"event-multiple-day-duration","ariaLabel":["From ",{"t":"idOrVar","v":"startTime"}," ",{"t":"idOrVar","v":"startDate"}," to ",{"t":"idOrVar","v":"endTime"}," ",{"t":"idOrVar","v":"endDate"}]},{"$i":"weekday-0-long","$v":"Domingo"},{"$i":"weekday-1-long","$v":"Segunda-feira"},{"$i":"weekday-2-long","$v":"Terça-feira"},{"$i":"weekday-3-long","$v":"Quarta-feira"},{"$i":"weekday-4-long","$v":"Quinta-feira"},{"$i":"weekday-5-long","$v":"Sexta-feira"},{"$i":"weekday-6-long","$v":"Sábado"},{"$i":"weekday-0-short","$v":"Dom"},{"$i":"weekday-1-short","$v":"Seg"},{"$i":"weekday-2-short","$v":"Ter"},{"$i":"weekday-3-short","$v":"Qua"},{"$i":"weekday-4-short","$v":"Qui"},{"$i":"weekday-5-short","$v":"Sex"},{"$i":"weekday-6-short","$v":"Sáb"},{"$i":"month-0-long","$v":"Janeiro"},{"$i":"month-1-long","$v":"Fevereiro"},{"$i":"month-2-long","$v":"Março"},{"$i":"month-3-long","$v":"Abril"},{"$i":"month-4-long","$v":"Maio"},{"$i":"month-5-long","$v":"Junho"},{"$i":"month-6-long","$v":"Julho"},{"$i":"month-7-long","$v":"Agosto"},{"$i":"month-8-long","$v":"Setembro"},{"$i":"month-9-long","$v":"Outubro"},{"$i":"month-10-long","$v":"Novembro"},{"$i":"month-11-long","$v":"Dezembro"},{"$i":"month-0-genitive","$v":"Janeiro"},{"$i":"month-1-genitive","$v":"Fevereiro"},{"$i":"month-2-genitive","$v":"Março"},{"$i":"month-3-genitive","$v":"Abril"},{"$i":"month-4-genitive","$v":"Maio"},{"$i":"month-5-genitive","$v":"Junho"},{"$i":"month-6-genitive","$v":"Julho"},{"$i":"month-7-genitive","$v":"Agosto"},{"$i":"month-8-genitive","$v":"Setembro"},{"$i":"month-9-genitive","$v":"Outubro"},{"$i":"month-10-genitive","$v":"Novembro"},{"$i":"month-11-genitive","$v":"Dezembro"},{"$i":"month-0-short","$v":"Jan"},{"$i":"month-1-short","$v":"Fev"},{"$i":"month-2-short","$v":"Mar"},{"$i":"month-3-short","$v":"Abr"},{"$i":"month-4-short","$v":"Mai"},{"$i":"month-5-short","$v":"Jun"},{"$i":"month-6-short","$v":"Jul"},{"$i":"month-7-short","$v":"Ago"},{"$i":"month-8-short","$v":"Set"},{"$i":"month-9-short","$v":"Out"},{"$i":"month-10-short","$v":"Nov"},{"$i":"month-11-short","$v":"Dez"},{"$i":"minutes-ago-long","$v":{"zero":"há pouco","one":"um minuto atrás","two":[{"t":"idOrVar","v":"value"}," minutos atrás"],"few":[{"t":"idOrVar","v":"value"}," minutos atrás"],"many":[{"t":"idOrVar","v":"value"}," minutos atrás"],"other":[{"t":"idOrVar","v":"value"}," minutos atrás"]},"$x":[{"t":"idOrVar","v":"plural"},"value"]},{"$i":"hours-ago-long","$v":{"zero":"há pouco","one":"uma hora atrás","two":[{"t":"idOrVar","v":"value"}," horas atrás"],"few":[{"t":"idOrVar","v":"value"}," horas atrás"],"many":[{"t":"idOrVar","v":"value"}," horas atrás"],"other":[{"t":"idOrVar","v":"value"}," horas atrás"]},"$x":[{"t":"idOrVar","v":"plural"},"value"]},{"$i":"days-ago-long","$v":{"zero":"hoje","one":"ontem","two":[{"t":"idOrVar","v":"value"}," dias atrás"],"few":[{"t":"idOrVar","v":"value"}," dias atrás"],"many":[{"t":"idOrVar","v":"value"}," dias atrás"],"other":[{"t":"idOrVar","v":"value"}," dias atrás"]},"$x":[{"t":"idOrVar","v":"plural"},"value"]},{"$i":"weeks-ago-long","$v":{"zero":"esta semana","one":"semana passada","two":[{"t":"idOrVar","v":"value"}," semanas atrás"],"few":[{"t":"idOrVar","v":"value"}," semanas atrás"],"many":[{"t":"idOrVar","v":"value"}," semanas atrás"],"other":[{"t":"idOrVar","v":"value"}," semanas atrás"]},"$x":[{"t":"idOrVar","v":"plural"},"value"]},{"$i":"months-ago-long","$v":{"zero":"este mês","one":"mês passado","two":[{"t":"idOrVar","v":"value"}," meses atrás"],"few":[{"t":"idOrVar","v":"value"}," meses atrás"],"many":[{"t":"idOrVar","v":"value"}," meses atrás"],"other":[{"t":"idOrVar","v":"value"}," meses atrás"]},"$x":[{"t":"idOrVar","v":"plural"},"value"]},{"$i":"years-ago-long","$v":{"zero":"este ano","one":"ano passado","two":[{"t":"idOrVar","v":"value"}," anos atrás"],"few":[{"t":"idOrVar","v":"value"}," anos atrás"],"many":[{"t":"idOrVar","v":"value"}," anos atrás"],"other":[{"t":"idOrVar","v":"value"}," anos atrás"]},"$x":[{"t":"idOrVar","v":"plural"},"value"]},{"$i":"minutes-until-long","$v":{"zero":"agora","one":"em um minuto","two":["em ",{"t":"idOrVar","v":"value"}," minutos"],"few":["em ",{"t":"idOrVar","v":"value"}," minutos"],"many":["em ",{"t":"idOrVar","v":"value"}," minutos"],"other":["em ",{"t":"idOrVar","v":"value"}," minutos"]},"$x":[{"t":"idOrVar","v":"plural"},"value"]},{"$i":"hours-until-long","$v":{"zero":"agora","one":"em uma hora","two":["em ",{"t":"idOrVar","v":"value"}," horas"],"few":["em ",{"t":"idOrVar","v":"value"}," horas"],"many":["em ",{"t":"idOrVar","v":"value"}," horas"],"other":["em ",{"t":"idOrVar","v":"value"}," horas"]},"$x":[{"t":"idOrVar","v":"plural"},"value"]},{"$i":"days-until-long","$v":{"zero":"hoje","one":"amanhã","two":["em ",{"t":"idOrVar","v":"value"}," dias"],"few":["em ",{"t":"idOrVar","v":"value"}," dias"],"many":["em ",{"t":"idOrVar","v":"value"}," dias"],"other":["em ",{"t":"idOrVar","v":"value"}," dias"]},"$x":[{"t":"idOrVar","v":"plural"},"value"]},{"$i":"weeks-until-long","$v":{"zero":"esta semana","one":"semana que vem","two":["em ",{"t":"idOrVar","v":"value"}," semanas"],"few":["em ",{"t":"idOrVar","v":"value"}," semanas"],"many":["em ",{"t":"idOrVar","v":"value"}," semanas"],"other":["em ",{"t":"idOrVar","v":"value"}," semanas"]},"$x":[{"t":"idOrVar","v":"plural"},"value"]},{"$i":"months-until-long","$v":{"zero":"este mês","one":"mês que vem","two":["em ",{"t":"idOrVar","v":"value"}," meses"],"few":["em ",{"t":"idOrVar","v":"value"}," meses"],"many":["em ",{"t":"idOrVar","v":"value"}," meses"],"other":["em ",{"t":"idOrVar","v":"value"}," meses"]},"$x":[{"t":"idOrVar","v":"plural"},"value"]},{"$i":"years-until-long","$v":{"zero":"este ano","one":"ano que vem","two":["em ",{"t":"idOrVar","v":"value"}," anos"],"few":["em ",{"t":"idOrVar","v":"value"}," anos"],"many":["em ",{"t":"idOrVar","v":"value"}," anos"],"other":["em ",{"t":"idOrVar","v":"value"}," anos"]},"$x":[{"t":"idOrVar","v":"plural"},"value"]},{"$i":"minutes-ago-short","$v":{"zero":"há pouco","other":[{"t":"idOrVar","v":"value"},"min atrás"]},"$x":[{"t":"idOrVar","v":"plural"},"value"]},{"$i":"hours-ago-short","$v":{"zero":"há pouco","other":[{"t":"idOrVar","v":"value"},"h atrás"]},"$x":[{"t":"idOrVar","v":"plural"},"value"]},{"$i":"days-ago-short","$v":{"zero":"hoje","other":[{"t":"idOrVar","v":"value"},"d atrás"]},"$x":[{"t":"idOrVar","v":"plural"},"value"]},{"$i":"minutes-until-short","$v":{"zero":"agora","other":["em ",{"t":"idOrVar","v":"value"},"min"]},"$x":[{"t":"idOrVar","v":"plural"},"value"]},{"$i":"hours-until-short","$v":{"zero":"agora","other":["em ",{"t":"idOrVar","v":"value"},"h"]},"$x":[{"t":"idOrVar","v":"plural"},"value"]},{"$i":"days-until-short","$v":{"zero":"hoje","other":["em ",{"t":"idOrVar","v":"value"},"d"]},"$x":[{"t":"idOrVar","v":"plural"},"value"]},{"$i":"incorrectDate","$v":"(data incorreta)"},{"$i":"dateTimeFormat_%c","$v":"%A, %e de %B de %Y %H h %M min %S s"},{"$i":"dateTimeFormat_%x","$v":"%d/%m/%Y"},{"$i":"dateTimeFormat_%X","$v":"%H h %M min %S s"},{"$i":"shortTimeFormat","$v":"%H:%M"},{"$i":"shortTimeFormat12","$v":"%I:%M %p"},{"$i":"shortTimeFormat24","$v":"%H:%M"},{"$i":"shortDateTimeFormat","$v":"%x %H:%M"},{"$i":"weekStartsOnMonday","$v":"0"},{"$i":"firstDayOfTheWeek","$v":"0"},{"$i":"time_am","$v":"AM"},{"$i":"time_pm","$v":"PM"}]