[{"$i":"back","$v":"Înapoi"},{"$i":"save","$v":"Salvează"},{"$i":"hide","$v":"Ascunde"},{"$i":"cancel","$v":"Renunță"},{"$i":"confirm","$v":"Confirmă"},{"$i":"done","$v":"Gata"},{"$i":"events","$v":"Evenimente"},{"$i":"edit","$v":"Editează"},{"$i":"allday-events","$v":"Evenimente toată ziua"},{"$i":"no-events","$v":"Niciun eveniment"},{"$i":"show-today","$v":"Today"},{"$i":"show-month-view","$v":"Lună"},{"$i":"show-week-view","$v":"Săptămână"},{"$i":"show-day-view","$v":"Zi"},{"$i":"settings-show","$v":"Settings"},{"$i":"settings-hide","$v":"Ascunde setările"},{"$i":"add-account","$v":"Adaugă un cont"},{"$i":"new-event","$v":"Add event"},{"$i":"view-event-header","$v":"Eveniment"},{"$i":"new-event-header","$v":"Adaugă eveniment"},{"$i":"edit-event-header","$v":"Editează evenimentul"},{"$i":"account-header","$v":"Cont"},{"$i":"account-list-header","$v":"Conturi"},{"$i":"advanced-settings-short-icon-button","ariaLabel":"Settings"},{"$i":"advanced-settings-header","$v":"Setări pt. calendar"},{"$i":"advanced-settings-personalization","$v":"Personalizare"},{"$i":"advanced-settings-reminders","$v":"Mementouri"},{"$i":"advanced-settings-add-account","$v":"Adaugă cont"},{"$i":"field-user","placeholder":"Utilizator"},{"$i":"field-password","placeholder":"Parolă"},{"$i":"field-full-url","placeholder":"Adresă web"},{"$i":"modify-account-setting-up","$v":"Te rugăm să aștepți cât timp contul îți este configurat"},{"$i":"modify-account-unable-to-sync","$v":"Nu se poate sincroniza"},{"$i":"modify-account-sign-in","$v":"Autentificare"},{"$i":"preset-caldav","$v":"CalDav"},{"$i":"preset-yahoo","$v":"Yahoo!"},{"$i":"preset-google","$v":"Google"},{"$i":"preset-local","$v":"Calendar offline"},{"$i":"preset-mozilla","$v":"Mozilla Zimbra"},{"$i":"calendar-local","$v":"Calendar offline"},{"$i":"event-title","placeholder":"Title"},{"$i":"event-location","placeholder":"Unde?"},{"$i":"event-description","placeholder":"Notițe"},{"$i":"event-is-allday","$v":"Eveniment toată ziua?"},{"$i":"event-start-date","placeholder":"Data de începere"},{"$i":"event-end-date","placeholder":"Data de sfârșit"},{"$i":"event-start-time","placeholder":"Start time"},{"$i":"event-end-time","placeholder":"End time"},{"$i":"event-delete","$v":"Șterge evenimentul"},{"$i":"remove-account-data","$v":"Elimină datele locale"},{"$i":"remove-account-dialog","$v":"Elimină contul"},{"$i":"remove-account-dialog-details","$v":"Eliminarea acestui cont va elimina și copia locală a calendarelor și evenimentelor asociate."},{"$i":"drawer-sync-icon-button","ariaLabel":"Sincronizează"},{"$i":"sync-progress-syncing","ariaValueText":"Sincronizare"},{"$i":"sync-progress-complete","ariaValueText":"Sincronizare încheiată"},{"$i":"sync-frequency","$v":"Sincronizează calendarul"},{"$i":"sync-frequency-15min","$v":"15 min"},{"$i":"sync-frequency-30min","$v":"30 min"},{"$i":"sync-frequency-manual","$v":"Manual"},{"$i":"one-day-duration","$v":[{"t":"idOrVar","v":"startDate"},"<br> de la ",{"t":"idOrVar","v":"startTime"}," până la ",{"t":"idOrVar","v":"endTime"}]},{"$i":"multiple-day-duration","$v":["De la ",{"t":"idOrVar","v":"startTime"}," ",{"t":"idOrVar","v":"startDate"},"<br> până la ",{"t":"idOrVar","v":"endTime"}," ",{"t":"idOrVar","v":"endDate"}]},{"$i":"one-all-day-duration","$v":["Toată ziua<br>",{"t":"idOrVar","v":"startDate"}]},{"$i":"multiple-all-day-duration","$v":["Toată ziua de pe ",{"t":"idOrVar","v":"startDate"},"<br>până pe ",{"t":"idOrVar","v":"endDate"}]},{"$i":"none","$v":"Nimic"},{"$i":"reminder","$v":"Memento:"},{"$i":"remind-me","$v":"Adu-mi aminte"},{"$i":"alarm-at-event-standard","$v":"La ora evenimentului"},{"$i":"alarm-at-event-allday","$v":"În ziua evenimentului"},{"$i":"alarm-start-notice","$v":[{"t":"idOrVar","v":"title"}," începe ",{"t":"idOrVar","v":"distance"}]},{"$i":"alarm-started-notice","$v":[{"t":"idOrVar","v":"title"}," a început ",{"t":"idOrVar","v":"distance"}]},{"$i":"minutes-before","$v":{"zero":"cu 0 minute înainte","one":"cu 1 minut înainte","two":["cu ",{"t":"idOrVar","v":"value"}," minute înainte"],"few":["cu ",{"t":"idOrVar","v":"value"}," minute înainte"],"many":["cu ",{"t":"idOrVar","v":"value"}," minute înainte"],"other":["cu ",{"t":"idOrVar","v":"value"}," minute înainte"]},"$x":[{"t":"idOrVar","v":"plural"},"value"]},{"$i":"hours-before","$v":{"zero":"cu 0 ore înainte","one":"cu 1 oră înainte","two":["cu ",{"t":"idOrVar","v":"value"}," ore înainte"],"few":["cu ",{"t":"idOrVar","v":"value"}," ore înainte"],"many":["cu ",{"t":"idOrVar","v":"value"}," ore înainte"],"other":["cu ",{"t":"idOrVar","v":"value"}," ore înainte"]},"$x":[{"t":"idOrVar","v":"plural"},"value"]},{"$i":"days-before","$v":{"zero":"cu 0 zile înainte","one":"cu 1 zi înainte","two":["cu ",{"t":"idOrVar","v":"value"}," zile înainte"],"few":["cu ",{"t":"idOrVar","v":"value"}," zile înainte"],"many":["cu ",{"t":"idOrVar","v":"value"}," zile înainte"],"other":["cu ",{"t":"idOrVar","v":"value"}," zile înainte"]},"$x":[{"t":"idOrVar","v":"plural"},"value"]},{"$i":"weeks-before","$v":{"zero":"cu 0 săptămâni înainte","one":"cu 1 săptămână înainte","two":["cu ",{"t":"idOrVar","v":"value"}," săptămâni înainte"],"few":["cu ",{"t":"idOrVar","v":"value"}," săptămâni înainte"],"many":["cu ",{"t":"idOrVar","v":"value"}," săptămâni înainte"],"other":["cu ",{"t":"idOrVar","v":"value"}," săptămâni înainte"]},"$x":[{"t":"idOrVar","v":"plural"},"value"]},{"$i":"months-before","$v":{"zero":"cu 0 luni înainte","one":"cu 1 lună înainte","two":["cu ",{"t":"idOrVar","v":"value"}," luni înainte"],"few":["cu ",{"t":"idOrVar","v":"value"}," luni înainte"],"many":["cu ",{"t":"idOrVar","v":"value"}," luni înainte"],"other":["cu ",{"t":"idOrVar","v":"value"}," luni înainte"]},"$x":[{"t":"idOrVar","v":"plural"},"value"]},{"$i":"years-before","$v":{"zero":"cu 0 ani înainte","one":"cu 1 an înainte","two":["cu ",{"t":"idOrVar","v":"value"}," ani înainte"],"few":["cu ",{"t":"idOrVar","v":"value"}," ani înainte"],"many":["cu ",{"t":"idOrVar","v":"value"}," ani înainte"],"other":["cu ",{"t":"idOrVar","v":"value"}," ani înainte"]},"$x":[{"t":"idOrVar","v":"plural"},"value"]},{"$i":"minutes-after","$v":{"zero":"la 0 minute după","one":"la 1 minut după","two":["la ",{"t":"idOrVar","v":"value"}," minute după"],"few":["la ",{"t":"idOrVar","v":"value"}," minute după"],"many":["la ",{"t":"idOrVar","v":"value"}," minute după"],"other":["la ",{"t":"idOrVar","v":"value"}," minute după"]},"$x":[{"t":"idOrVar","v":"plural"},"value"]},{"$i":"hours-after","$v":{"zero":"la 0 ore după","one":"la 1 oră după","two":["la ",{"t":"idOrVar","v":"value"}," ore după"],"few":["la ",{"t":"idOrVar","v":"value"}," ore după"],"many":["la ",{"t":"idOrVar","v":"value"}," ore după"],"other":["la ",{"t":"idOrVar","v":"value"}," ore după"]},"$x":[{"t":"idOrVar","v":"plural"},"value"]},{"$i":"days-after","$v":{"zero":"la 0 zile după","one":"la 1 zi după","two":["la ",{"t":"idOrVar","v":"value"}," zile după"],"few":["la ",{"t":"idOrVar","v":"value"}," zile după"],"many":["la ",{"t":"idOrVar","v":"value"}," zile după"],"other":["la ",{"t":"idOrVar","v":"value"}," zile după"]},"$x":[{"t":"idOrVar","v":"plural"},"value"]},{"$i":"weeks-after","$v":{"zero":"la 0 săptămâni după","one":"la 1 săptămână după","two":["la ",{"t":"idOrVar","v":"value"}," săptămâni după"],"few":["la ",{"t":"idOrVar","v":"value"}," săptămâni după"],"many":["la ",{"t":"idOrVar","v":"value"}," săptămâni după"],"other":["la ",{"t":"idOrVar","v":"value"}," săptămâni după"]},"$x":[{"t":"idOrVar","v":"plural"},"value"]},{"$i":"months-after","$v":{"zero":"la 0 luni după","one":"la 1 lună după","two":["la ",{"t":"idOrVar","v":"value"}," luni după"],"few":["la ",{"t":"idOrVar","v":"value"}," luni după"],"many":["la ",{"t":"idOrVar","v":"value"}," luni după"],"other":["la ",{"t":"idOrVar","v":"value"}," luni după"]},"$x":[{"t":"idOrVar","v":"plural"},"value"]},{"$i":"years-after","$v":{"zero":"la 0 ani după","one":"la 1 an după","two":["la ",{"t":"idOrVar","v":"value"}," ani după"],"few":["la ",{"t":"idOrVar","v":"value"}," ani după"],"many":["la ",{"t":"idOrVar","v":"value"}," ani după"],"other":["la ",{"t":"idOrVar","v":"value"}," ani după"]},"$x":[{"t":"idOrVar","v":"plural"},"value"]},{"$i":"hour-format12","$v":"%H"},{"$i":"hour-format24","$v":"%H"},{"$i":"week-hour-format12","$v":"%H"},{"$i":"week-hour-format24","$v":"%H"},{"$i":"hour-allday","$v":"Toată ziua"},{"$i":"week-day","$v":"%a %e"},{"$i":"current-time12","$v":"%H:%M"},{"$i":"current-time24","$v":"%H:%M"},{"$i":"multi-month-view-header-format","$v":"%b %Y"},{"$i":"day-view-header-format","$v":"%A, %e %B"},{"$i":"months-day-view-header-format","$v":"%A, %e %b"},{"$i":"longDateFormat","$v":"%A, %d %B %Y"},{"$i":"error-start-date-after-end-date","$v":"Evenimentul nu se poate termina înainte de data de începere"},{"$i":"error-start-time-after-end-time","$v":"Evenimentul nu se poate termina înainte de ora de începere"},{"$i":"error-unauthenticated","$v":"Autentificare greșită și/sau parola"},{"$i":"error-internal-server-error","$v":"Eroare de server. Verifică autentificarea și reîncearcă."},{"$i":"error-default","$v":"Ceva este în neregulă. Reîncearcă mai târziu."},{"$i":"error-offline","$v":"Fără conexiune. Verifică configurația rețelei și reîncearcă."},{"$i":"error-account-exist","$v":"Acest cont există deja."},{"$i":"notification-error-sync-title","$v":"Eroare la sincronizarea calendarului"},{"$i":"notification-error-sync-description","$v":"Apasă pentru mai multe informații"},{"$i":"weekday-0-single-char","$v":"S","ariaLabel":"Sunday"},{"$i":"weekday-1-single-char","$v":"M","ariaLabel":"Monday"},{"$i":"weekday-2-single-char","$v":"T","ariaLabel":"Tuesday"},{"$i":"weekday-3-single-char","$v":"W","ariaLabel":"Wednesday"},{"$i":"weekday-4-single-char","$v":"T","ariaLabel":"Thursday"},{"$i":"weekday-5-single-char","$v":"F","ariaLabel":"Friday"},{"$i":"weekday-6-single-char","$v":"S","ariaLabel":"Saturday"},{"$i":"busy","$v":{"one":[{"t":"idOrVar","v":"n"}," event"],"two":[{"t":"idOrVar","v":"n"}," events"],"few":[{"t":"idOrVar","v":"n"}," events"],"many":[{"t":"idOrVar","v":"n"}," events"],"other":[{"t":"idOrVar","v":"n"}," events"]},"$x":[{"t":"idOrVar","v":"plural"},"n"]},{"$i":"present","ariaLabel":"Today"},{"$i":"past-other-month-description","ariaLabel":"Other month"},{"$i":"future-other-month-description","ariaLabel":"Other month"},{"$i":"icon-calendar-alarm","ariaLabel":"Has alarm"},{"$i":"calendars","ariaLabel":"Calendare"},{"$i":"multi-day-new-event-link","ariaLabel":"Add event"},{"$i":"title","ariaLabel":"Title"},{"$i":"location","ariaLabel":"Location"},{"$i":"duration","ariaLabel":"Duration"},{"$i":"calendar","ariaLabel":"Calendar"},{"$i":"alarms","ariaLabel":"Alarms"},{"$i":"description","ariaLabel":"Description"},{"$i":"start-date","ariaLabel":"Data de începere"},{"$i":"start-time","ariaLabel":"Start time"},{"$i":"end-date","ariaLabel":"Data de sfârșit"},{"$i":"end-time","ariaLabel":"End time"},{"$i":"during-progress-loading","ariaValueText":"Loading"},{"$i":"all-day","ariaLabel":"All day"},{"$i":"create-event","ariaLabel":"Create event"},{"$i":"create-all-day-event","ariaLabel":"Create all day event"},{"$i":"event-one-day-duration","ariaLabel":["from ",{"t":"idOrVar","v":"startTime"}," to ",{"t":"idOrVar","v":"endTime"}]},{"$i":"week-event-one-day-duration","ariaLabel":[{"t":"idOrVar","v":"startDate"}," de la ",{"t":"idOrVar","v":"startTime"}," până la ",{"t":"idOrVar","v":"endTime"}]},{"$i":"event-multiple-day-duration","ariaLabel":["From ",{"t":"idOrVar","v":"startTime"}," ",{"t":"idOrVar","v":"startDate"}," to ",{"t":"idOrVar","v":"endTime"}," ",{"t":"idOrVar","v":"endDate"}]},{"$i":"weekday-0-long","$v":"duminică"},{"$i":"weekday-1-long","$v":"luni"},{"$i":"weekday-2-long","$v":"marți"},{"$i":"weekday-3-long","$v":"miercuri"},{"$i":"weekday-4-long","$v":"joi"},{"$i":"weekday-5-long","$v":"vineri"},{"$i":"weekday-6-long","$v":"sâmbătă"},{"$i":"weekday-0-short","$v":"dum"},{"$i":"weekday-1-short","$v":"lun"},{"$i":"weekday-2-short","$v":"mar"},{"$i":"weekday-3-short","$v":"mie"},{"$i":"weekday-4-short","$v":"joi"},{"$i":"weekday-5-short","$v":"vin"},{"$i":"weekday-6-short","$v":"sâm"},{"$i":"month-0-long","$v":"ianuarie"},{"$i":"month-1-long","$v":"februarie"},{"$i":"month-2-long","$v":"martie"},{"$i":"month-3-long","$v":"aprilie"},{"$i":"month-4-long","$v":"mai"},{"$i":"month-5-long","$v":"iunie"},{"$i":"month-6-long","$v":"iulie"},{"$i":"month-7-long","$v":"august"},{"$i":"month-8-long","$v":"septembrie"},{"$i":"month-9-long","$v":"octombrie"},{"$i":"month-10-long","$v":"noiembrie"},{"$i":"month-11-long","$v":"decembrie"},{"$i":"month-0-genitive","$v":"ianuarie"},{"$i":"month-1-genitive","$v":"februarie"},{"$i":"month-2-genitive","$v":"martie"},{"$i":"month-3-genitive","$v":"aprilie"},{"$i":"month-4-genitive","$v":"mai"},{"$i":"month-5-genitive","$v":"iunie"},{"$i":"month-6-genitive","$v":"iulie"},{"$i":"month-7-genitive","$v":"august"},{"$i":"month-8-genitive","$v":"septembrie"},{"$i":"month-9-genitive","$v":"octombrie"},{"$i":"month-10-genitive","$v":"noiembrie"},{"$i":"month-11-genitive","$v":"decembrie"},{"$i":"month-0-short","$v":"ian"},{"$i":"month-1-short","$v":"feb"},{"$i":"month-2-short","$v":"mar"},{"$i":"month-3-short","$v":"apr"},{"$i":"month-4-short","$v":"mai"},{"$i":"month-5-short","$v":"iun"},{"$i":"month-6-short","$v":"iul"},{"$i":"month-7-short","$v":"aug"},{"$i":"month-8-short","$v":"sep"},{"$i":"month-9-short","$v":"oct"},{"$i":"month-10-short","$v":"noi"},{"$i":"month-11-short","$v":"dec"},{"$i":"minutes-ago-long","$v":{"zero":"chiar acum","one":"acum un minut","two":["acum ",{"t":"idOrVar","v":"value"}," minute"],"few":["acum ",{"t":"idOrVar","v":"value"}," minute"],"many":["acum ",{"t":"idOrVar","v":"value"}," minute"],"other":["acum ",{"t":"idOrVar","v":"value"}," minute"]},"$x":[{"t":"idOrVar","v":"plural"},"value"]},{"$i":"hours-ago-long","$v":{"zero":"chiar acum","one":"acum cu o oră","two":["acum ",{"t":"idOrVar","v":"value"}," ore"],"few":["acum ",{"t":"idOrVar","v":"value"}," ore"],"many":["acum ",{"t":"idOrVar","v":"value"}," ore"],"other":["acum ",{"t":"idOrVar","v":"value"}," ore"]},"$x":[{"t":"idOrVar","v":"plural"},"value"]},{"$i":"days-ago-long","$v":{"zero":"astăzi","one":"ieri","two":["acum ",{"t":"idOrVar","v":"value"}," zile"],"few":["acum ",{"t":"idOrVar","v":"value"}," zile"],"many":["acum ",{"t":"idOrVar","v":"value"}," zile"],"other":["acum ",{"t":"idOrVar","v":"value"}," zile"]},"$x":[{"t":"idOrVar","v":"plural"},"value"]},{"$i":"weeks-ago-long","$v":{"zero":"săptămâna aceasta","one":"săptămâna trecută","two":["acum ",{"t":"idOrVar","v":"value"}," săptămâni"],"few":["acum ",{"t":"idOrVar","v":"value"}," săptămâni"],"many":["acum ",{"t":"idOrVar","v":"value"}," săptămâni"],"other":["acum ",{"t":"idOrVar","v":"value"}," săptămâni"]},"$x":[{"t":"idOrVar","v":"plural"},"value"]},{"$i":"months-ago-long","$v":{"zero":"luna aceasta","one":"luna trecută","two":["acum ",{"t":"idOrVar","v":"value"}," luni"],"few":["acum ",{"t":"idOrVar","v":"value"}," luni"],"many":["acum ",{"t":"idOrVar","v":"value"}," luni"],"other":["acum ",{"t":"idOrVar","v":"value"}," luni"]},"$x":[{"t":"idOrVar","v":"plural"},"value"]},{"$i":"years-ago-long","$v":{"zero":"anul acesta","one":"anul trecut","two":["acum ",{"t":"idOrVar","v":"value"}," ani"],"few":["acum ",{"t":"idOrVar","v":"value"}," ani"],"many":["acum ",{"t":"idOrVar","v":"value"}," ani"],"other":["acum ",{"t":"idOrVar","v":"value"}," ani"]},"$x":[{"t":"idOrVar","v":"plural"},"value"]},{"$i":"minutes-until-long","$v":{"zero":"acum","one":"într-un minut","two":["în ",{"t":"idOrVar","v":"value"}," minute"],"few":["în ",{"t":"idOrVar","v":"value"}," minute"],"many":["în ",{"t":"idOrVar","v":"value"}," minute"],"other":["în ",{"t":"idOrVar","v":"value"}," minute"]},"$x":[{"t":"idOrVar","v":"plural"},"value"]},{"$i":"hours-until-long","$v":{"zero":"acum","one":"într-o oră","two":["în ",{"t":"idOrVar","v":"value"}," ore"],"few":["în ",{"t":"idOrVar","v":"value"}," ore"],"many":["în ",{"t":"idOrVar","v":"value"}," ore"],"other":["în ",{"t":"idOrVar","v":"value"}," ore"]},"$x":[{"t":"idOrVar","v":"plural"},"value"]},{"$i":"days-until-long","$v":{"zero":"astăzi","one":"mâine","two":["în ",{"t":"idOrVar","v":"value"}," zile"],"few":["în ",{"t":"idOrVar","v":"value"}," zile"],"many":["în ",{"t":"idOrVar","v":"value"}," zile"],"other":["în ",{"t":"idOrVar","v":"value"}," zile"]},"$x":[{"t":"idOrVar","v":"plural"},"value"]},{"$i":"weeks-until-long","$v":{"zero":"săptămâna aceasta","one":"săptămâna următoare","two":["în ",{"t":"idOrVar","v":"value"}," săptămâni"],"few":["în ",{"t":"idOrVar","v":"value"}," săptămâni"],"many":["în ",{"t":"idOrVar","v":"value"}," săptămâni"],"other":["în ",{"t":"idOrVar","v":"value"}," săptămâni"]},"$x":[{"t":"idOrVar","v":"plural"},"value"]},{"$i":"months-until-long","$v":{"zero":"luna aceasta","one":"luna următoare","two":["în ",{"t":"idOrVar","v":"value"}," luni"],"few":["în ",{"t":"idOrVar","v":"value"}," luni"],"many":["în ",{"t":"idOrVar","v":"value"}," luni"],"other":["în ",{"t":"idOrVar","v":"value"}," luni"]},"$x":[{"t":"idOrVar","v":"plural"},"value"]},{"$i":"years-until-long","$v":{"zero":"anul acesta","one":"anul următor","two":["în ",{"t":"idOrVar","v":"value"}," ani"],"few":["în ",{"t":"idOrVar","v":"value"}," ani"],"many":["în ",{"t":"idOrVar","v":"value"}," ani"],"other":["în ",{"t":"idOrVar","v":"value"}," ani"]},"$x":[{"t":"idOrVar","v":"plural"},"value"]},{"$i":"minutes-ago-short","$v":{"zero":"chiar acum","other":["acum ",{"t":"idOrVar","v":"value"}," min."]},"$x":[{"t":"idOrVar","v":"plural"},"value"]},{"$i":"hours-ago-short","$v":{"zero":"chiar acum","other":["acum ",{"t":"idOrVar","v":"value"},"h"]},"$x":[{"t":"idOrVar","v":"plural"},"value"]},{"$i":"days-ago-short","$v":{"zero":"astăzi","other":["acum ",{"t":"idOrVar","v":"value"},"z"]},"$x":[{"t":"idOrVar","v":"plural"},"value"]},{"$i":"minutes-until-short","$v":{"zero":"acum","other":["în ",{"t":"idOrVar","v":"value"},"m"]},"$x":[{"t":"idOrVar","v":"plural"},"value"]},{"$i":"hours-until-short","$v":{"zero":"acum","other":["în ",{"t":"idOrVar","v":"value"},"h"]},"$x":[{"t":"idOrVar","v":"plural"},"value"]},{"$i":"days-until-short","$v":{"zero":"astăzi","other":["în ",{"t":"idOrVar","v":"value"},"z"]},"$x":[{"t":"idOrVar","v":"plural"},"value"]},{"$i":"incorrectDate","$v":"(dată incorectă)"},{"$i":"dateTimeFormat_%c","$v":"%a, %e %b %Y %H:%M:%S"},{"$i":"dateTimeFormat_%x","$v":"%d/%m/%Y"},{"$i":"dateTimeFormat_%X","$v":"%H:%M:%S"},{"$i":"shortTimeFormat","$v":"%H:%M"},{"$i":"shortTimeFormat12","$v":"%H:%M"},{"$i":"shortTimeFormat24","$v":"%H:%M"},{"$i":"shortDateTimeFormat","$v":"%x %H:%M"},{"$i":"weekStartsOnMonday","$v":"0"},{"$i":"firstDayOfTheWeek","$v":"0"},{"$i":"time_am","$v":"AM"},{"$i":"time_pm","$v":"PM"}]