[{"$i":"back","$v":"Назад"},{"$i":"save","$v":"Сохранить"},{"$i":"hide","$v":"Скрыть"},{"$i":"cancel","$v":"Отмена"},{"$i":"confirm","$v":"Подтвердить"},{"$i":"done","$v":"Готово"},{"$i":"events","$v":"События"},{"$i":"edit","$v":"Изменить"},{"$i":"allday-events","$v":"События на весь день"},{"$i":"no-events","$v":"Нет событий"},{"$i":"show-today","$v":"Сегодня"},{"$i":"show-month-view","$v":"Месяц"},{"$i":"show-week-view","$v":"Неделя"},{"$i":"show-day-view","$v":"День"},{"$i":"settings-show","$v":"Параметры"},{"$i":"settings-hide","$v":"Скрыть параметры"},{"$i":"add-account","$v":"Добавить уч. запись"},{"$i":"new-event","$v":"Добавить событие"},{"$i":"view-event-header","$v":"Событие"},{"$i":"new-event-header","$v":"Добавление"},{"$i":"edit-event-header","$v":"Изменение"},{"$i":"account-header","$v":"Уч. запись"},{"$i":"account-list-header","$v":"Учётные записи"},{"$i":"advanced-settings-short-icon-button","ariaLabel":"Параметры"},{"$i":"advanced-settings-header","$v":"Параметры"},{"$i":"advanced-settings-personalization","$v":"Персонализация"},{"$i":"advanced-settings-reminders","$v":"Напоминания"},{"$i":"advanced-settings-add-account","$v":"Добавить учётную запись"},{"$i":"field-user","placeholder":"Имя пользователя"},{"$i":"field-password","placeholder":"Пароль"},{"$i":"field-full-url","placeholder":"URL"},{"$i":"modify-account-setting-up","$v":"Пожалуйста, подождите, пока идёт настройка вашей учётной записи"},{"$i":"modify-account-unable-to-sync","$v":"Не удалось синхронизироваться"},{"$i":"modify-account-sign-in","$v":"Войти"},{"$i":"preset-caldav","$v":"CalDav"},{"$i":"preset-yahoo","$v":"Yahoo!"},{"$i":"preset-google","$v":"Google"},{"$i":"preset-local","$v":"Офлайн-календарь"},{"$i":"preset-mozilla","$v":"Mozilla Zimbra"},{"$i":"calendar-local","$v":"Офлайн-календарь"},{"$i":"event-title","placeholder":"Заголовок"},{"$i":"event-location","placeholder":"Где?"},{"$i":"event-description","placeholder":"Заметки"},{"$i":"event-is-allday","$v":"Событие на весь день?"},{"$i":"event-start-date","placeholder":"Дата начала"},{"$i":"event-end-date","placeholder":"Дата окончания"},{"$i":"event-start-time","placeholder":"Время начала"},{"$i":"event-end-time","placeholder":"Время окончания"},{"$i":"event-delete","$v":"Удалить событие"},{"$i":"remove-account-data","$v":"Удалить локальные данные"},{"$i":"remove-account-dialog","$v":"Удалить учётную запись"},{"$i":"remove-account-dialog-details","$v":"Удаление этой учётной записи также приведёт к удалению вашей локальной копии связанных с ней календарей и событий."},{"$i":"drawer-sync-icon-button","ariaLabel":"Синхронизация"},{"$i":"sync-progress-syncing","ariaValueText":"Синхронизация"},{"$i":"sync-progress-complete","ariaValueText":"Синхронизация завершена"},{"$i":"sync-frequency","$v":"Синхронизация календаря"},{"$i":"sync-frequency-15min","$v":"15 мин"},{"$i":"sync-frequency-30min","$v":"30 мин"},{"$i":"sync-frequency-manual","$v":"Вручную"},{"$i":"one-day-duration","$v":[{"t":"idOrVar","v":"startDate"},"<br>с ",{"t":"idOrVar","v":"startTime"}," до ",{"t":"idOrVar","v":"endTime"}]},{"$i":"multiple-day-duration","$v":["С ",{"t":"idOrVar","v":"startTime"}," ",{"t":"idOrVar","v":"startDate"},"<br>до ",{"t":"idOrVar","v":"endTime"}," ",{"t":"idOrVar","v":"endDate"}]},{"$i":"one-all-day-duration","$v":["Весь день<br>",{"t":"idOrVar","v":"startDate"}]},{"$i":"multiple-all-day-duration","$v":["Весь день с ",{"t":"idOrVar","v":"startDate"},"<br>до ",{"t":"idOrVar","v":"endDate"}]},{"$i":"none","$v":"Нет"},{"$i":"reminder","$v":"Напоминание:"},{"$i":"remind-me","$v":"Напомнить мне"},{"$i":"alarm-at-event-standard","$v":"Во время события"},{"$i":"alarm-at-event-allday","$v":"В день события"},{"$i":"alarm-start-notice","$v":[{"t":"idOrVar","v":"title"}," начинается ",{"t":"idOrVar","v":"distance"}]},{"$i":"alarm-started-notice","$v":[{"t":"idOrVar","v":"title"}," началось ",{"t":"idOrVar","v":"distance"}]},{"$i":"minutes-before","$v":{"zero":"За 0 минут","one":["За ",{"t":"idOrVar","v":"value"}," минуту"],"two":["За ",{"t":"idOrVar","v":"value"}," минуты"],"few":["За ",{"t":"idOrVar","v":"value"}," минуты"],"many":["За ",{"t":"idOrVar","v":"value"}," минут"],"other":["За ",{"t":"idOrVar","v":"value"}," минут"]},"$x":[{"t":"idOrVar","v":"plural"},"value"]},{"$i":"hours-before","$v":{"zero":"За 0 часов","one":["За ",{"t":"idOrVar","v":"value"}," час"],"two":["За ",{"t":"idOrVar","v":"value"}," часа"],"few":["За ",{"t":"idOrVar","v":"value"}," часа"],"many":["За ",{"t":"idOrVar","v":"value"}," часов"],"other":["За ",{"t":"idOrVar","v":"value"}," часов"]},"$x":[{"t":"idOrVar","v":"plural"},"value"]},{"$i":"days-before","$v":{"zero":"За 0 дней","one":["За ",{"t":"idOrVar","v":"value"}," день"],"two":["За ",{"t":"idOrVar","v":"value"}," дня"],"few":["За ",{"t":"idOrVar","v":"value"}," дня"],"many":["За ",{"t":"idOrVar","v":"value"}," дней"],"other":["За ",{"t":"idOrVar","v":"value"}," дней"]},"$x":[{"t":"idOrVar","v":"plural"},"value"]},{"$i":"weeks-before","$v":{"zero":"За 0 недель","one":["За ",{"t":"idOrVar","v":"value"}," неделю"],"two":["За ",{"t":"idOrVar","v":"value"}," недели"],"few":["За ",{"t":"idOrVar","v":"value"}," недели"],"many":["За ",{"t":"idOrVar","v":"value"}," недель"],"other":["За ",{"t":"idOrVar","v":"value"}," недель"]},"$x":[{"t":"idOrVar","v":"plural"},"value"]},{"$i":"months-before","$v":{"zero":"За 0 месяцев","one":["За ",{"t":"idOrVar","v":"value"}," месяц"],"two":["За ",{"t":"idOrVar","v":"value"}," месяца"],"few":["За ",{"t":"idOrVar","v":"value"}," месяца"],"many":["За ",{"t":"idOrVar","v":"value"}," месяцев"],"other":["За ",{"t":"idOrVar","v":"value"}," месяцев"]},"$x":[{"t":"idOrVar","v":"plural"},"value"]},{"$i":"years-before","$v":{"zero":"За 0 лет","one":["За ",{"t":"idOrVar","v":"value"}," год"],"two":["За ",{"t":"idOrVar","v":"value"}," года"],"few":["За ",{"t":"idOrVar","v":"value"}," года"],"many":["За ",{"t":"idOrVar","v":"value"}," лет"],"other":["За ",{"t":"idOrVar","v":"value"}," лет"]},"$x":[{"t":"idOrVar","v":"plural"},"value"]},{"$i":"minutes-after","$v":{"zero":"Через 0 минут","one":["Через ",{"t":"idOrVar","v":"value"}," минуту"],"two":["Через ",{"t":"idOrVar","v":"value"}," минуты"],"few":["Через ",{"t":"idOrVar","v":"value"}," минуты"],"many":["Через ",{"t":"idOrVar","v":"value"}," минут"],"other":["Через ",{"t":"idOrVar","v":"value"}," минут"]},"$x":[{"t":"idOrVar","v":"plural"},"value"]},{"$i":"hours-after","$v":{"zero":"Через 0 часов","one":["Через ",{"t":"idOrVar","v":"value"}," час"],"two":["Через ",{"t":"idOrVar","v":"value"}," часа"],"few":["Через ",{"t":"idOrVar","v":"value"}," часа"],"many":["Через ",{"t":"idOrVar","v":"value"}," часов"],"other":["Через ",{"t":"idOrVar","v":"value"}," часов"]},"$x":[{"t":"idOrVar","v":"plural"},"value"]},{"$i":"days-after","$v":{"zero":"Через 0 дней","one":["Через ",{"t":"idOrVar","v":"value"}," день"],"two":["Через ",{"t":"idOrVar","v":"value"}," дня"],"few":["Через ",{"t":"idOrVar","v":"value"}," дня"],"many":["Через ",{"t":"idOrVar","v":"value"}," дней"],"other":["Через ",{"t":"idOrVar","v":"value"}," дней"]},"$x":[{"t":"idOrVar","v":"plural"},"value"]},{"$i":"weeks-after","$v":{"zero":"Через 0 недель","one":["Через ",{"t":"idOrVar","v":"value"}," неделю"],"two":["Через ",{"t":"idOrVar","v":"value"}," недели"],"few":["Через ",{"t":"idOrVar","v":"value"}," недели"],"many":["Через ",{"t":"idOrVar","v":"value"}," недель"],"other":["Через ",{"t":"idOrVar","v":"value"}," недель"]},"$x":[{"t":"idOrVar","v":"plural"},"value"]},{"$i":"months-after","$v":{"zero":"Через 0 месяцев","one":["Через ",{"t":"idOrVar","v":"value"}," месяц"],"two":["Через ",{"t":"idOrVar","v":"value"}," месяца"],"few":["Через ",{"t":"idOrVar","v":"value"}," месяца"],"many":["Через ",{"t":"idOrVar","v":"value"}," месяцев"],"other":["Через ",{"t":"idOrVar","v":"value"}," месяцев"]},"$x":[{"t":"idOrVar","v":"plural"},"value"]},{"$i":"years-after","$v":{"zero":"Через 0 лет","one":["Через ",{"t":"idOrVar","v":"value"}," год"],"two":["Через ",{"t":"idOrVar","v":"value"}," года"],"few":["Через ",{"t":"idOrVar","v":"value"}," года"],"many":["Через ",{"t":"idOrVar","v":"value"}," лет"],"other":["Через ",{"t":"idOrVar","v":"value"}," лет"]},"$x":[{"t":"idOrVar","v":"plural"},"value"]},{"$i":"hour-format12","$v":"%I %p"},{"$i":"hour-format24","$v":"%H"},{"$i":"week-hour-format12","$v":"%I %p"},{"$i":"week-hour-format24","$v":"%H"},{"$i":"hour-allday","$v":"На день"},{"$i":"week-day","$v":"%a %e"},{"$i":"current-time12","$v":"%I:%M"},{"$i":"current-time24","$v":"%H:%M"},{"$i":"multi-month-view-header-format","$v":"%b %Y"},{"$i":"day-view-header-format","$v":"%a, %e %Eb"},{"$i":"months-day-view-header-format","$v":"%A, %e %Eb"},{"$i":"longDateFormat","$v":"%A, %e %Eb %Y"},{"$i":"error-start-date-after-end-date","$v":"Событие не может завершиться до даты его начала"},{"$i":"error-start-time-after-end-time","$v":"Событие не может завершиться до времени его начала"},{"$i":"error-unauthenticated","$v":"Неверный логин и/или пароль"},{"$i":"error-internal-server-error","$v":"Ошибка сервера. Проверьте ваш логин и попробуйте снова."},{"$i":"error-default","$v":"Что-то пошло не так. Попробуйте ещё раз позже."},{"$i":"error-offline","$v":"Нет соединения. Проверьте вашу настройку сети и попробуйте снова."},{"$i":"error-account-exist","$v":"Эта уч. запись уже существует."},{"$i":"notification-error-sync-title","$v":"Ошибка синхронизации календаря"},{"$i":"notification-error-sync-description","$v":"Нажмите для подробностей"},{"$i":"weekday-0-single-char","$v":"В","ariaLabel":"Воскресенье"},{"$i":"weekday-1-single-char","$v":"П","ariaLabel":"Понедельник"},{"$i":"weekday-2-single-char","$v":"В","ariaLabel":"Вторник"},{"$i":"weekday-3-single-char","$v":"W","ariaLabel":"Среда"},{"$i":"weekday-4-single-char","$v":"Ч","ariaLabel":"Четверг"},{"$i":"weekday-5-single-char","$v":"П","ariaLabel":"Пятница"},{"$i":"weekday-6-single-char","$v":"С","ariaLabel":"Суббота"},{"$i":"busy","$v":{"one":[{"t":"idOrVar","v":"n"}," событие"],"two":[{"t":"idOrVar","v":"n"}," события"],"few":[{"t":"idOrVar","v":"n"}," события"],"many":[{"t":"idOrVar","v":"n"}," событий"],"other":[{"t":"idOrVar","v":"n"}," событий"]},"$x":[{"t":"idOrVar","v":"plural"},"n"]},{"$i":"present","ariaLabel":"За сегодня"},{"$i":"past-other-month-description","ariaLabel":"Other month"},{"$i":"future-other-month-description","ariaLabel":"Other month"},{"$i":"icon-calendar-alarm","ariaLabel":"Имеет будильник"},{"$i":"calendars","ariaLabel":"Календари"},{"$i":"multi-day-new-event-link","ariaLabel":"Добавить событие"},{"$i":"title","ariaLabel":"Заголовок"},{"$i":"location","ariaLabel":"Расположение"},{"$i":"duration","ariaLabel":"Длительность"},{"$i":"calendar","ariaLabel":"Календарь"},{"$i":"alarms","ariaLabel":"Будильники"},{"$i":"description","ariaLabel":"Описание"},{"$i":"start-date","ariaLabel":"Дата начала"},{"$i":"start-time","ariaLabel":"Время начала"},{"$i":"end-date","ariaLabel":"Дата окончания"},{"$i":"end-time","ariaLabel":"Время окончания"},{"$i":"during-progress-loading","ariaValueText":"Загрузка"},{"$i":"all-day","ariaLabel":"Весь день"},{"$i":"create-event","ariaLabel":"Создать событие"},{"$i":"create-all-day-event","ariaLabel":"Создать событие на весь день"},{"$i":"event-one-day-duration","ariaLabel":["с ",{"t":"idOrVar","v":"startTime"}," до ",{"t":"idOrVar","v":"endTime"}]},{"$i":"week-event-one-day-duration","ariaLabel":[{"t":"idOrVar","v":"startDate"}," с ",{"t":"idOrVar","v":"startTime"}," до ",{"t":"idOrVar","v":"endTime"}]},{"$i":"event-multiple-day-duration","ariaLabel":["С ",{"t":"idOrVar","v":"startTime"}," ",{"t":"idOrVar","v":"startDate"}," до ",{"t":"idOrVar","v":"endTime"}," ",{"t":"idOrVar","v":"endDate"}]},{"$i":"weekday-0-long","$v":"Воскресенье"},{"$i":"weekday-1-long","$v":"Понедельник"},{"$i":"weekday-2-long","$v":"Вторник"},{"$i":"weekday-3-long","$v":"Среда"},{"$i":"weekday-4-long","$v":"Четверг"},{"$i":"weekday-5-long","$v":"Пятница"},{"$i":"weekday-6-long","$v":"Суббота"},{"$i":"weekday-0-short","$v":"Вс"},{"$i":"weekday-1-short","$v":"Пн"},{"$i":"weekday-2-short","$v":"Вт"},{"$i":"weekday-3-short","$v":"Ср"},{"$i":"weekday-4-short","$v":"Чт"},{"$i":"weekday-5-short","$v":"Пт"},{"$i":"weekday-6-short","$v":"Сб"},{"$i":"month-0-long","$v":"Январь"},{"$i":"month-1-long","$v":"Февраль"},{"$i":"month-2-long","$v":"Март"},{"$i":"month-3-long","$v":"Апрель"},{"$i":"month-4-long","$v":"Май"},{"$i":"month-5-long","$v":"Июнь"},{"$i":"month-6-long","$v":"Июль"},{"$i":"month-7-long","$v":"Август"},{"$i":"month-8-long","$v":"Сентябрь"},{"$i":"month-9-long","$v":"Октябрь"},{"$i":"month-10-long","$v":"Ноябрь"},{"$i":"month-11-long","$v":"Декабрь"},{"$i":"month-0-genitive","$v":"января"},{"$i":"month-1-genitive","$v":"февраля"},{"$i":"month-2-genitive","$v":"марта"},{"$i":"month-3-genitive","$v":"апреля"},{"$i":"month-4-genitive","$v":"мая"},{"$i":"month-5-genitive","$v":"июня"},{"$i":"month-6-genitive","$v":"июля"},{"$i":"month-7-genitive","$v":"августа"},{"$i":"month-8-genitive","$v":"сентября"},{"$i":"month-9-genitive","$v":"октября"},{"$i":"month-10-genitive","$v":"ноября"},{"$i":"month-11-genitive","$v":"декабря"},{"$i":"month-0-short","$v":"Январь"},{"$i":"month-1-short","$v":"Февраль"},{"$i":"month-2-short","$v":"Март"},{"$i":"month-3-short","$v":"Апрель"},{"$i":"month-4-short","$v":"Май"},{"$i":"month-5-short","$v":"Июнь"},{"$i":"month-6-short","$v":"Июль"},{"$i":"month-7-short","$v":"Август"},{"$i":"month-8-short","$v":"Сентябрь"},{"$i":"month-9-short","$v":"Октябрь"},{"$i":"month-10-short","$v":"Ноябрь"},{"$i":"month-11-short","$v":"Декабрь"},{"$i":"minutes-ago-long","$v":{"zero":"прямо сейчас","one":[{"t":"idOrVar","v":"value"}," минуту назад"],"two":[{"t":"idOrVar","v":"value"}," минуты назад"],"few":[{"t":"idOrVar","v":"value"}," минуты назад"],"many":[{"t":"idOrVar","v":"value"}," минут назад"],"other":[{"t":"idOrVar","v":"value"}," минут назад"]},"$x":[{"t":"idOrVar","v":"plural"},"value"]},{"$i":"hours-ago-long","$v":{"zero":"прямо сейчас","one":[{"t":"idOrVar","v":"value"}," час назад"],"two":[{"t":"idOrVar","v":"value"}," часа назад"],"few":[{"t":"idOrVar","v":"value"}," часа назад"],"many":[{"t":"idOrVar","v":"value"}," часов назад"],"other":[{"t":"idOrVar","v":"value"}," часов назад"]},"$x":[{"t":"idOrVar","v":"plural"},"value"]},{"$i":"days-ago-long","$v":{"zero":"сегодня","one":[{"t":"idOrVar","v":"value"}," день назад"],"two":[{"t":"idOrVar","v":"value"}," дня назад"],"few":[{"t":"idOrVar","v":"value"}," дня назад"],"many":[{"t":"idOrVar","v":"value"}," дней назад"],"other":[{"t":"idOrVar","v":"value"}," дней назад"]},"$x":[{"t":"idOrVar","v":"plural"},"value"]},{"$i":"weeks-ago-long","$v":{"zero":"эта неделя","one":[{"t":"idOrVar","v":"value"}," неделя назад"],"two":[{"t":"idOrVar","v":"value"}," недели назад"],"few":[{"t":"idOrVar","v":"value"}," недели назад"],"many":[{"t":"idOrVar","v":"value"}," недель назад"],"other":[{"t":"idOrVar","v":"value"}," недель назад"]},"$x":[{"t":"idOrVar","v":"plural"},"value"]},{"$i":"months-ago-long","$v":{"zero":"этот месяц","one":[{"t":"idOrVar","v":"value"}," месяц назад"],"two":[{"t":"idOrVar","v":"value"}," месяца назад"],"few":[{"t":"idOrVar","v":"value"}," месяца назад"],"many":[{"t":"idOrVar","v":"value"}," месяцев назад"],"other":[{"t":"idOrVar","v":"value"}," месяцев назад"]},"$x":[{"t":"idOrVar","v":"plural"},"value"]},{"$i":"years-ago-long","$v":{"zero":"этот год","one":[{"t":"idOrVar","v":"value"}," год назад"],"two":[{"t":"idOrVar","v":"value"}," года назад"],"few":[{"t":"idOrVar","v":"value"}," года назад"],"many":[{"t":"idOrVar","v":"value"}," лет назад"],"other":[{"t":"idOrVar","v":"value"}," лет назад"]},"$x":[{"t":"idOrVar","v":"plural"},"value"]},{"$i":"minutes-until-long","$v":{"zero":"сейчас","one":["через ",{"t":"idOrVar","v":"value"}," минуту"],"two":["через ",{"t":"idOrVar","v":"value"}," минуты"],"few":["через ",{"t":"idOrVar","v":"value"}," минуты"],"many":["через ",{"t":"idOrVar","v":"value"}," минут"],"other":["через ",{"t":"idOrVar","v":"value"}," минут"]},"$x":[{"t":"idOrVar","v":"plural"},"value"]},{"$i":"hours-until-long","$v":{"zero":"сейчас","one":["через ",{"t":"idOrVar","v":"value"}," час"],"two":["через ",{"t":"idOrVar","v":"value"}," часа"],"few":["через ",{"t":"idOrVar","v":"value"}," часа"],"many":["через ",{"t":"idOrVar","v":"value"}," часов"],"other":["через ",{"t":"idOrVar","v":"value"}," часов"]},"$x":[{"t":"idOrVar","v":"plural"},"value"]},{"$i":"days-until-long","$v":{"zero":"сегодня","one":["через ",{"t":"idOrVar","v":"value"}," день"],"two":["через ",{"t":"idOrVar","v":"value"}," дня"],"few":["через ",{"t":"idOrVar","v":"value"}," дня"],"many":["через ",{"t":"idOrVar","v":"value"}," дней"],"other":["через ",{"t":"idOrVar","v":"value"}," дней"]},"$x":[{"t":"idOrVar","v":"plural"},"value"]},{"$i":"weeks-until-long","$v":{"zero":"эта неделя","one":["через ",{"t":"idOrVar","v":"value"}," неделю"],"two":["через ",{"t":"idOrVar","v":"value"}," недели"],"few":["через ",{"t":"idOrVar","v":"value"}," недели"],"many":["через ",{"t":"idOrVar","v":"value"}," недель"],"other":["через ",{"t":"idOrVar","v":"value"}," недель"]},"$x":[{"t":"idOrVar","v":"plural"},"value"]},{"$i":"months-until-long","$v":{"zero":"этот месяц","one":["через ",{"t":"idOrVar","v":"value"}," месяц"],"two":["через ",{"t":"idOrVar","v":"value"}," месяца"],"few":["через ",{"t":"idOrVar","v":"value"}," месяца"],"many":["через ",{"t":"idOrVar","v":"value"}," месяцев"],"other":["через ",{"t":"idOrVar","v":"value"}," месяцев"]},"$x":[{"t":"idOrVar","v":"plural"},"value"]},{"$i":"years-until-long","$v":{"zero":"этот год","one":["через ",{"t":"idOrVar","v":"value"}," год"],"two":["через ",{"t":"idOrVar","v":"value"}," года"],"few":["через ",{"t":"idOrVar","v":"value"}," года"],"many":["через ",{"t":"idOrVar","v":"value"}," лет"],"other":["через ",{"t":"idOrVar","v":"value"}," лет"]},"$x":[{"t":"idOrVar","v":"plural"},"value"]},{"$i":"minutes-ago-short","$v":{"zero":"сейчас","other":[{"t":"idOrVar","v":"value"},"м назад"]},"$x":[{"t":"idOrVar","v":"plural"},"value"]},{"$i":"hours-ago-short","$v":{"zero":"сейчас","other":[{"t":"idOrVar","v":"value"},"ч назад"]},"$x":[{"t":"idOrVar","v":"plural"},"value"]},{"$i":"days-ago-short","$v":{"zero":"сегодня","other":[{"t":"idOrVar","v":"value"},"д назад"]},"$x":[{"t":"idOrVar","v":"plural"},"value"]},{"$i":"minutes-until-short","$v":{"zero":"сейчас","other":["через ",{"t":"idOrVar","v":"value"},"м"]},"$x":[{"t":"idOrVar","v":"plural"},"value"]},{"$i":"hours-until-short","$v":{"zero":"сейчас","other":["через ",{"t":"idOrVar","v":"value"},"ч"]},"$x":[{"t":"idOrVar","v":"plural"},"value"]},{"$i":"days-until-short","$v":{"zero":"сегодня","other":["через ",{"t":"idOrVar","v":"value"},"д"]},"$x":[{"t":"idOrVar","v":"plural"},"value"]},{"$i":"incorrectDate","$v":"(некорректная дата)"},{"$i":"dateTimeFormat_%c","$v":"%a, %e %Eb %Y, %H:%M:%S"},{"$i":"dateTimeFormat_%x","$v":"%d.%m.%Y"},{"$i":"dateTimeFormat_%X","$v":"%H:%M:%S"},{"$i":"shortTimeFormat","$v":"%H:%M"},{"$i":"shortTimeFormat12","$v":"%I:%M %p"},{"$i":"shortTimeFormat24","$v":"%H:%M"},{"$i":"shortDateTimeFormat","$v":"%x %H:%M"},{"$i":"weekStartsOnMonday","$v":"1"},{"$i":"firstDayOfTheWeek","$v":"1"},{"$i":"time_am","$v":"AM"},{"$i":"time_pm","$v":"PM"}]