[{"$i":"back","$v":"Naspäť"},{"$i":"save","$v":"Uložiť"},{"$i":"hide","$v":"Skryť"},{"$i":"cancel","$v":"Zrušiť"},{"$i":"confirm","$v":"Potvrdiť"},{"$i":"done","$v":"Hotovo"},{"$i":"events","$v":"Udalosti"},{"$i":"edit","$v":"Upraviť"},{"$i":"allday-events","$v":"Celodenné udalosti"},{"$i":"no-events","$v":"Žiadne udalosti"},{"$i":"show-today","$v":"Dnes"},{"$i":"show-month-view","$v":"Mesiac"},{"$i":"show-week-view","$v":"Týždeň"},{"$i":"show-day-view","$v":"Deň"},{"$i":"settings-show","$v":"Nastavenia"},{"$i":"settings-hide","$v":"Skryť nastavenia"},{"$i":"add-account","$v":"Pridať účet"},{"$i":"new-event","$v":"Pridať udalosť"},{"$i":"view-event-header","$v":"Udalosť"},{"$i":"new-event-header","$v":"Pridanie udalosti"},{"$i":"edit-event-header","$v":"Úprava udalosti"},{"$i":"account-header","$v":"Účet"},{"$i":"account-list-header","$v":"Účty"},{"$i":"advanced-settings-short-icon-button","ariaLabel":"Nastavenia"},{"$i":"advanced-settings-header","$v":"Nastavenia kalendára"},{"$i":"advanced-settings-personalization","$v":"Prispôsobenie"},{"$i":"advanced-settings-reminders","$v":"Pripomienky"},{"$i":"advanced-settings-add-account","$v":"Pridať účet"},{"$i":"field-user","placeholder":"Meno používateľa"},{"$i":"field-password","placeholder":"Heslo"},{"$i":"field-full-url","placeholder":"Adresa URL"},{"$i":"modify-account-setting-up","$v":"Prosím, čakajte, kým váš účet bude nastavený"},{"$i":"modify-account-unable-to-sync","$v":"Synchronizácia zlyhala"},{"$i":"modify-account-sign-in","$v":"Prihlásiť"},{"$i":"preset-caldav","$v":"CalDav"},{"$i":"preset-yahoo","$v":"Yahoo!"},{"$i":"preset-google","$v":"Google"},{"$i":"preset-local","$v":"Offline kalendár"},{"$i":"preset-mozilla","$v":"Mozilla Zimbra"},{"$i":"calendar-local","$v":"Offline kalendár"},{"$i":"event-title","placeholder":"Názov"},{"$i":"event-location","placeholder":"Kde?"},{"$i":"event-description","placeholder":"Poznámka"},{"$i":"event-is-allday","$v":"Celodenná udalosť?"},{"$i":"event-start-date","placeholder":"Čas začiatku"},{"$i":"event-end-date","placeholder":"Dátum ukončenia"},{"$i":"event-start-time","placeholder":"Čas začiatku"},{"$i":"event-end-time","placeholder":"Čas ukončenia"},{"$i":"event-delete","$v":"Odstrániť udalosť"},{"$i":"remove-account-data","$v":"Odstrániť lokálne údaje"},{"$i":"remove-account-dialog","$v":"Odstrániť účet"},{"$i":"remove-account-dialog-details","$v":"Odstránením tohto účtu bude odstránená lokálna kópia pridružených kalendárov a udalostí."},{"$i":"drawer-sync-icon-button","ariaLabel":"Synchronizovať"},{"$i":"sync-progress-syncing","ariaValueText":"Synchronizuje sa"},{"$i":"sync-progress-complete","ariaValueText":"Synchronizácia dokončená"},{"$i":"sync-frequency","$v":"Synchronizácia kalendára"},{"$i":"sync-frequency-15min","$v":"15 minút"},{"$i":"sync-frequency-30min","$v":"30 minút"},{"$i":"sync-frequency-manual","$v":"Manuálne"},{"$i":"one-day-duration","$v":[{"t":"idOrVar","v":"startDate"},"<br>od ",{"t":"idOrVar","v":"startTime"}," do ",{"t":"idOrVar","v":"endTime"}]},{"$i":"multiple-day-duration","$v":["Od ",{"t":"idOrVar","v":"startDate"}," ",{"t":"idOrVar","v":"startTime"},"<br>do ",{"t":"idOrVar","v":"endDate"}," ",{"t":"idOrVar","v":"endTime"}]},{"$i":"one-all-day-duration","$v":["Celý deň<br>",{"t":"idOrVar","v":"startDate"}]},{"$i":"multiple-all-day-duration","$v":["Celý deň od ",{"t":"idOrVar","v":"startDate"},"<br>do ",{"t":"idOrVar","v":"endDate"}]},{"$i":"none","$v":"Žiadne"},{"$i":"reminder","$v":"Pripomienka:"},{"$i":"remind-me","$v":"Pripomenúť"},{"$i":"alarm-at-event-standard","$v":"V čase udalosti"},{"$i":"alarm-at-event-allday","$v":"V deň udalosti"},{"$i":"alarm-start-notice","$v":[{"t":"idOrVar","v":"title"}," začína ",{"t":"idOrVar","v":"distance"}]},{"$i":"alarm-started-notice","$v":[{"t":"idOrVar","v":"title"}," začal ",{"t":"idOrVar","v":"distance"}]},{"$i":"minutes-before","$v":{"zero":"0 minút vopred","one":"1 minútu vopred","two":[{"t":"idOrVar","v":"value"}," minúty vopred"],"few":[{"t":"idOrVar","v":"value"}," minúty vopred"],"many":[{"t":"idOrVar","v":"value"}," minút vopred"],"other":[{"t":"idOrVar","v":"value"}," minút vopred"]},"$x":[{"t":"idOrVar","v":"plural"},"value"]},{"$i":"hours-before","$v":{"zero":"0 hodín vopred","one":"1 hodinu vopred","two":[{"t":"idOrVar","v":"value"}," hodiny vopred"],"few":[{"t":"idOrVar","v":"value"}," hodiny vopred"],"many":[{"t":"idOrVar","v":"value"}," hodín vopred"],"other":[{"t":"idOrVar","v":"value"}," hodín vopred"]},"$x":[{"t":"idOrVar","v":"plural"},"value"]},{"$i":"days-before","$v":{"zero":"0 dní vopred","one":"1 deň vopred","two":[{"t":"idOrVar","v":"value"}," dni vopred"],"few":[{"t":"idOrVar","v":"value"}," dni vopred"],"many":[{"t":"idOrVar","v":"value"}," dní vopred"],"other":[{"t":"idOrVar","v":"value"}," dní vopred"]},"$x":[{"t":"idOrVar","v":"plural"},"value"]},{"$i":"weeks-before","$v":{"zero":"0 týždňov vopred","one":"1 týždeň vopred","two":[{"t":"idOrVar","v":"value"}," týždne vopred"],"few":[{"t":"idOrVar","v":"value"}," týždne vopred"],"many":[{"t":"idOrVar","v":"value"}," týždňov vopred"],"other":[{"t":"idOrVar","v":"value"}," týždňov vopred"]},"$x":[{"t":"idOrVar","v":"plural"},"value"]},{"$i":"months-before","$v":{"zero":"0 mesiacov vopred","one":"1 mesiac vopred","two":[{"t":"idOrVar","v":"value"}," mesiace vopred"],"few":[{"t":"idOrVar","v":"value"}," mesiace vopred"],"many":[{"t":"idOrVar","v":"value"}," mesiacov vopred"],"other":[{"t":"idOrVar","v":"value"}," mesiacov vopred"]},"$x":[{"t":"idOrVar","v":"plural"},"value"]},{"$i":"years-before","$v":{"zero":"0 rokov vopred","one":"1 rok vopred","two":[{"t":"idOrVar","v":"value"}," roky vopred"],"few":[{"t":"idOrVar","v":"value"}," roky vopred"],"many":[{"t":"idOrVar","v":"value"}," rokov vopred"],"other":[{"t":"idOrVar","v":"value"}," rokov vopred"]},"$x":[{"t":"idOrVar","v":"plural"},"value"]},{"$i":"minutes-after","$v":{"zero":"po 0 minútach","one":"po 1 minúte","two":["po ",{"t":"idOrVar","v":"value"}," minútach"],"few":["po ",{"t":"idOrVar","v":"value"}," minútach"],"many":["po ",{"t":"idOrVar","v":"value"}," minútach"],"other":["po ",{"t":"idOrVar","v":"value"}," minútach"]},"$x":[{"t":"idOrVar","v":"plural"},"value"]},{"$i":"hours-after","$v":{"zero":"po 0 hodinách","one":"po 1 hodine","two":["po ",{"t":"idOrVar","v":"value"}," hodinách"],"few":["po ",{"t":"idOrVar","v":"value"}," hodinách"],"many":["po ",{"t":"idOrVar","v":"value"}," hodinách"],"other":["po ",{"t":"idOrVar","v":"value"}," hodinách"]},"$x":[{"t":"idOrVar","v":"plural"},"value"]},{"$i":"days-after","$v":{"zero":"po 0 dňoch","one":"po 1 dni","two":["po ",{"t":"idOrVar","v":"value"}," dňoch"],"few":["po ",{"t":"idOrVar","v":"value"}," dňoch"],"many":["po ",{"t":"idOrVar","v":"value"}," dňoch"],"other":["po ",{"t":"idOrVar","v":"value"}," dňoch"]},"$x":[{"t":"idOrVar","v":"plural"},"value"]},{"$i":"weeks-after","$v":{"zero":"po 0 týždňoch","one":"po 1 týždni","two":["po ",{"t":"idOrVar","v":"value"}," týždňoch"],"few":["po ",{"t":"idOrVar","v":"value"}," týždňoch"],"many":["po ",{"t":"idOrVar","v":"value"}," týždňoch"],"other":["po ",{"t":"idOrVar","v":"value"}," týždňoch"]},"$x":[{"t":"idOrVar","v":"plural"},"value"]},{"$i":"months-after","$v":{"zero":"po 0 mesiacoch","one":"po 1 mesiaci","two":["po ",{"t":"idOrVar","v":"value"}," mesiacoch"],"few":["po ",{"t":"idOrVar","v":"value"}," mesiacoch"],"many":["po ",{"t":"idOrVar","v":"value"}," mesiacoch"],"other":["po ",{"t":"idOrVar","v":"value"}," mesiacoch"]},"$x":[{"t":"idOrVar","v":"plural"},"value"]},{"$i":"years-after","$v":{"zero":"po 0 rokoch","one":"po 1 roku","two":["po ",{"t":"idOrVar","v":"value"}," rokoch"],"few":["po ",{"t":"idOrVar","v":"value"}," rokoch"],"many":["po ",{"t":"idOrVar","v":"value"}," rokoch"],"other":["po ",{"t":"idOrVar","v":"value"}," rokoch"]},"$x":[{"t":"idOrVar","v":"plural"},"value"]},{"$i":"hour-format12","$v":"%I %p"},{"$i":"hour-format24","$v":"%H"},{"$i":"week-hour-format12","$v":"%I %p"},{"$i":"week-hour-format24","$v":"%H"},{"$i":"hour-allday","$v":"Celý deň"},{"$i":"week-day","$v":"%a %e."},{"$i":"current-time12","$v":"%I:%M"},{"$i":"current-time24","$v":"%H:%M"},{"$i":"multi-month-view-header-format","$v":"%b %Y"},{"$i":"day-view-header-format","$v":"%a, %e. %Eb"},{"$i":"months-day-view-header-format","$v":"%A, %e. %Eb"},{"$i":"longDateFormat","$v":"%A, e. %Eb %Y"},{"$i":"error-start-date-after-end-date","$v":"Udalosť nemôže končiť pred dátumom jej začatia"},{"$i":"error-start-time-after-end-time","$v":"Udalosť nemôže končiť pred časom jej začatia"},{"$i":"error-unauthenticated","$v":"Nesprávne prihlasovacie meno/heslo"},{"$i":"error-internal-server-error","$v":"Chyba servera. Skontrolujte vaše prihlásenie a skúste to znova."},{"$i":"error-default","$v":"Niečo sa pokazilo. Skúste to znova neskôr."},{"$i":"error-offline","$v":"Žiadne pripojenie. Skontrolujte nastavenie siete a skúste to znova."},{"$i":"error-account-exist","$v":"Tento účet už existuje."},{"$i":"notification-error-sync-title","$v":"Chyba pri synchronizácii kalendára"},{"$i":"notification-error-sync-description","$v":"Ťuknutím zobrazíte ďalšie informácie"},{"$i":"weekday-0-single-char","$v":"N","ariaLabel":"Nedeľa"},{"$i":"weekday-1-single-char","$v":"P","ariaLabel":"Pondelok"},{"$i":"weekday-2-single-char","$v":"U","ariaLabel":"Utorok"},{"$i":"weekday-3-single-char","$v":"St","ariaLabel":"Streda"},{"$i":"weekday-4-single-char","$v":"Š","ariaLabel":"Štvrtok"},{"$i":"weekday-5-single-char","$v":"P","ariaLabel":"Piatok"},{"$i":"weekday-6-single-char","$v":"So","ariaLabel":"Sobota"},{"$i":"busy","$v":{"one":[{"t":"idOrVar","v":"n"}," udalosť"],"two":[{"t":"idOrVar","v":"n"}," udalosti"],"few":[{"t":"idOrVar","v":"n"}," udalosti"],"many":[{"t":"idOrVar","v":"n"}," udalostí"],"other":[{"t":"idOrVar","v":"n"}," udalostí"]},"$x":[{"t":"idOrVar","v":"plural"},"n"]},{"$i":"present","ariaLabel":"Dnes"},{"$i":"past-other-month-description","ariaLabel":"Other month"},{"$i":"future-other-month-description","ariaLabel":"Other month"},{"$i":"icon-calendar-alarm","ariaLabel":"Má budík"},{"$i":"calendars","ariaLabel":"Kalendáre"},{"$i":"multi-day-new-event-link","ariaLabel":"Pridať udalosť"},{"$i":"title","ariaLabel":"Názov"},{"$i":"location","ariaLabel":"Umiestnenie"},{"$i":"duration","ariaLabel":"Trvanie"},{"$i":"calendar","ariaLabel":"Kalendár"},{"$i":"alarms","ariaLabel":"Budíka"},{"$i":"description","ariaLabel":"Popis"},{"$i":"start-date","ariaLabel":"Dátum začiatku"},{"$i":"start-time","ariaLabel":"Čas začaitku"},{"$i":"end-date","ariaLabel":"Dátum konca"},{"$i":"end-time","ariaLabel":"Čas konca"},{"$i":"during-progress-loading","ariaValueText":"Načítava sa"},{"$i":"all-day","ariaLabel":"Celý deň"},{"$i":"create-event","ariaLabel":"Vytvoriť udalosť"},{"$i":"create-all-day-event","ariaLabel":"Vytvoriť celodennú udalosť"},{"$i":"event-one-day-duration","ariaLabel":["od ",{"t":"idOrVar","v":"startTime"}," do ",{"t":"idOrVar","v":"endTime"}]},{"$i":"week-event-one-day-duration","ariaLabel":[{"t":"idOrVar","v":"startDate"}," od ",{"t":"idOrVar","v":"startTime"}," do ",{"t":"idOrVar","v":"endTime"}]},{"$i":"event-multiple-day-duration","ariaLabel":["od ",{"t":"idOrVar","v":"startTime"}," ",{"t":"idOrVar","v":"startDate"}," do ",{"t":"idOrVar","v":"endTime"}," ",{"t":"idOrVar","v":"endDate"}]},{"$i":"weekday-0-long","$v":"Nedeľa"},{"$i":"weekday-1-long","$v":"Pondelok"},{"$i":"weekday-2-long","$v":"Utorok"},{"$i":"weekday-3-long","$v":"Streda"},{"$i":"weekday-4-long","$v":"Štvrtok"},{"$i":"weekday-5-long","$v":"Piatok"},{"$i":"weekday-6-long","$v":"Sobota"},{"$i":"weekday-0-short","$v":"Ne"},{"$i":"weekday-1-short","$v":"Po"},{"$i":"weekday-2-short","$v":"Ut"},{"$i":"weekday-3-short","$v":"St"},{"$i":"weekday-4-short","$v":"Št"},{"$i":"weekday-5-short","$v":"Pi"},{"$i":"weekday-6-short","$v":"So"},{"$i":"month-0-long","$v":"Január"},{"$i":"month-1-long","$v":"Február"},{"$i":"month-2-long","$v":"Marec"},{"$i":"month-3-long","$v":"Apríl"},{"$i":"month-4-long","$v":"Máj"},{"$i":"month-5-long","$v":"Jún"},{"$i":"month-6-long","$v":"Júl"},{"$i":"month-7-long","$v":"August"},{"$i":"month-8-long","$v":"September"},{"$i":"month-9-long","$v":"Október"},{"$i":"month-10-long","$v":"November"},{"$i":"month-11-long","$v":"December"},{"$i":"month-0-genitive","$v":"januára"},{"$i":"month-1-genitive","$v":"februára"},{"$i":"month-2-genitive","$v":"marca"},{"$i":"month-3-genitive","$v":"apríla"},{"$i":"month-4-genitive","$v":"mája"},{"$i":"month-5-genitive","$v":"júna"},{"$i":"month-6-genitive","$v":"júla"},{"$i":"month-7-genitive","$v":"augusta"},{"$i":"month-8-genitive","$v":"septembra"},{"$i":"month-9-genitive","$v":"októbra"},{"$i":"month-10-genitive","$v":"novembra"},{"$i":"month-11-genitive","$v":"decembra"},{"$i":"month-0-short","$v":"jan"},{"$i":"month-1-short","$v":"feb"},{"$i":"month-2-short","$v":"mar"},{"$i":"month-3-short","$v":"apr"},{"$i":"month-4-short","$v":"máj"},{"$i":"month-5-short","$v":"jún"},{"$i":"month-6-short","$v":"júl"},{"$i":"month-7-short","$v":"aug"},{"$i":"month-8-short","$v":"sep"},{"$i":"month-9-short","$v":"okt"},{"$i":"month-10-short","$v":"nov"},{"$i":"month-11-short","$v":"dec"},{"$i":"minutes-ago-long","$v":{"zero":"teraz","one":"pred minútou","two":["pred ",{"t":"idOrVar","v":"value"}," minútami"],"few":["pred ",{"t":"idOrVar","v":"value"}," minútami"],"many":["pred ",{"t":"idOrVar","v":"value"}," minútami"],"other":["pred ",{"t":"idOrVar","v":"value"}," minútami"]},"$x":[{"t":"idOrVar","v":"plural"},"value"]},{"$i":"hours-ago-long","$v":{"zero":"teraz","one":"pred hodinou","two":["pred ",{"t":"idOrVar","v":"value"}," hodinami"],"few":["pred ",{"t":"idOrVar","v":"value"}," hodinami"],"many":["pred ",{"t":"idOrVar","v":"value"}," hodinami"],"other":["pred ",{"t":"idOrVar","v":"value"}," hodinami"]},"$x":[{"t":"idOrVar","v":"plural"},"value"]},{"$i":"days-ago-long","$v":{"zero":"dnes","one":"včera","two":["pred ",{"t":"idOrVar","v":"value"}," dňami"],"few":["pred ",{"t":"idOrVar","v":"value"}," dňami"],"many":["pred ",{"t":"idOrVar","v":"value"}," dňami"],"other":["pred ",{"t":"idOrVar","v":"value"}," dňami"]},"$x":[{"t":"idOrVar","v":"plural"},"value"]},{"$i":"weeks-ago-long","$v":{"zero":"tento týždeň","one":"minulý týždeň","two":["pred ",{"t":"idOrVar","v":"value"}," týždňami"],"few":["pred ",{"t":"idOrVar","v":"value"}," týždňami"],"many":["pred ",{"t":"idOrVar","v":"value"}," týždňami"],"other":["pred ",{"t":"idOrVar","v":"value"}," týždňami"]},"$x":[{"t":"idOrVar","v":"plural"},"value"]},{"$i":"months-ago-long","$v":{"zero":"tento mesiac","one":"minulý mesiac","two":["pred ",{"t":"idOrVar","v":"value"}," mesiacmi"],"few":["pred ",{"t":"idOrVar","v":"value"}," mesiacmi"],"many":["pred ",{"t":"idOrVar","v":"value"}," mesiacmi"],"other":["pred ",{"t":"idOrVar","v":"value"}," mesiacmi"]},"$x":[{"t":"idOrVar","v":"plural"},"value"]},{"$i":"years-ago-long","$v":{"zero":"tento rok","one":"minulý rok","two":["pred ",{"t":"idOrVar","v":"value"}," rokmi"],"few":["pred ",{"t":"idOrVar","v":"value"}," rokmi"],"many":["pred ",{"t":"idOrVar","v":"value"}," rokmi"],"other":["pred ",{"t":"idOrVar","v":"value"}," rokmi"]},"$x":[{"t":"idOrVar","v":"plural"},"value"]},{"$i":"minutes-until-long","$v":{"zero":"teraz","one":"o minútu","two":["o ",{"t":"idOrVar","v":"value"}," minúty"],"few":["o ",{"t":"idOrVar","v":"value"}," minúty"],"many":["o ",{"t":"idOrVar","v":"value"}," minút"],"other":["o ",{"t":"idOrVar","v":"value"}," minút"]},"$x":[{"t":"idOrVar","v":"plural"},"value"]},{"$i":"hours-until-long","$v":{"zero":"teraz","one":"o hodinu","two":["o ",{"t":"idOrVar","v":"value"}," hodiny"],"few":["o ",{"t":"idOrVar","v":"value"}," hodiny"],"many":["o ",{"t":"idOrVar","v":"value"}," hodín"],"other":["o ",{"t":"idOrVar","v":"value"}," hodín"]},"$x":[{"t":"idOrVar","v":"plural"},"value"]},{"$i":"days-until-long","$v":{"zero":"dnes","one":"zajtra","two":["o ",{"t":"idOrVar","v":"value"}," dni"],"few":["o ",{"t":"idOrVar","v":"value"}," dni"],"many":["o ",{"t":"idOrVar","v":"value"}," dní"],"other":["o ",{"t":"idOrVar","v":"value"}," dní"]},"$x":[{"t":"idOrVar","v":"plural"},"value"]},{"$i":"weeks-until-long","$v":{"zero":"tento týždeň","one":"budúci týždeň","two":["o ",{"t":"idOrVar","v":"value"}," týždne"],"few":["o ",{"t":"idOrVar","v":"value"}," týždne"],"many":["o ",{"t":"idOrVar","v":"value"}," týždňov"],"other":["o ",{"t":"idOrVar","v":"value"}," týždňov"]},"$x":[{"t":"idOrVar","v":"plural"},"value"]},{"$i":"months-until-long","$v":{"zero":"tento mesiac","one":"budúci mesiac","two":["o ",{"t":"idOrVar","v":"value"}," mesiace"],"few":["o ",{"t":"idOrVar","v":"value"}," mesiace"],"many":["o ",{"t":"idOrVar","v":"value"}," mesiacov"],"other":["o ",{"t":"idOrVar","v":"value"}," mesiacov"]},"$x":[{"t":"idOrVar","v":"plural"},"value"]},{"$i":"years-until-long","$v":{"zero":"tento rok","one":"budúci rok","two":["o ",{"t":"idOrVar","v":"value"}," roky"],"few":["o ",{"t":"idOrVar","v":"value"}," roky"],"many":["o ",{"t":"idOrVar","v":"value"}," rokov"],"other":["o ",{"t":"idOrVar","v":"value"}," rokov"]},"$x":[{"t":"idOrVar","v":"plural"},"value"]},{"$i":"minutes-ago-short","$v":{"zero":"teraz","other":["pred ",{"t":"idOrVar","v":"value"},"m"]},"$x":[{"t":"idOrVar","v":"plural"},"value"]},{"$i":"hours-ago-short","$v":{"zero":"teraz","other":["pred ",{"t":"idOrVar","v":"value"},"h"]},"$x":[{"t":"idOrVar","v":"plural"},"value"]},{"$i":"days-ago-short","$v":{"zero":"dnes","other":["pred ",{"t":"idOrVar","v":"value"},"d"]},"$x":[{"t":"idOrVar","v":"plural"},"value"]},{"$i":"minutes-until-short","$v":{"zero":"teraz","other":["o ",{"t":"idOrVar","v":"value"},"m"]},"$x":[{"t":"idOrVar","v":"plural"},"value"]},{"$i":"hours-until-short","$v":{"zero":"teraz","other":["o ",{"t":"idOrVar","v":"value"},"h"]},"$x":[{"t":"idOrVar","v":"plural"},"value"]},{"$i":"days-until-short","$v":{"zero":"dnes","other":["o ",{"t":"idOrVar","v":"value"},"d"]},"$x":[{"t":"idOrVar","v":"plural"},"value"]},{"$i":"incorrectDate","$v":"(neplatný dátum)"},{"$i":"dateTimeFormat_%c","$v":"%a, %e. %b %Y %H:%M:%S"},{"$i":"dateTimeFormat_%x","$v":"%d.%m.%Y"},{"$i":"dateTimeFormat_%X","$v":"%H:%M:%S"},{"$i":"shortTimeFormat","$v":"%H:%M"},{"$i":"shortTimeFormat12","$v":"%I:%M %p"},{"$i":"shortTimeFormat24","$v":"%H:%M"},{"$i":"shortDateTimeFormat","$v":"%x %H:%M"},{"$i":"weekStartsOnMonday","$v":"1"},{"$i":"firstDayOfTheWeek","$v":"1"},{"$i":"time_am","$v":"AM"},{"$i":"time_pm","$v":"PM"}]