[{"$i":"back","$v":"Mbrapsht"},{"$i":"save","$v":"Ruaje"},{"$i":"hide","$v":"Fshihe"},{"$i":"cancel","$v":"Anuloje"},{"$i":"confirm","$v":"Ripohojeni"},{"$i":"done","$v":"U bë"},{"$i":"events","$v":"Veprimtari"},{"$i":"edit","$v":"Përpunoni"},{"$i":"allday-events","$v":"Veprimtari Gjithë Ditën"},{"$i":"no-events","$v":"Pa Veprimtari"},{"$i":"show-today","$v":"Sot"},{"$i":"show-month-view","$v":"Muaj"},{"$i":"show-week-view","$v":"Javë"},{"$i":"show-day-view","$v":"Ditë"},{"$i":"settings-show","$v":"Rregullime"},{"$i":"settings-hide","$v":"Fshihi rregullimet"},{"$i":"add-account","$v":"Shtoni llogari"},{"$i":"new-event","$v":"Shtoni veprimtari"},{"$i":"view-event-header","$v":"Veprimtari"},{"$i":"new-event-header","$v":"Shtoni Veprimtari"},{"$i":"edit-event-header","$v":"Përpunoni Veprimtari"},{"$i":"account-header","$v":"Llogari"},{"$i":"account-list-header","$v":"Llogari"},{"$i":"advanced-settings-short-icon-button","ariaLabel":"Rregullime"},{"$i":"advanced-settings-header","$v":"Rregullime Kalendari"},{"$i":"advanced-settings-personalization","$v":"Personalizim"},{"$i":"advanced-settings-reminders","$v":"Kujtues"},{"$i":"advanced-settings-add-account","$v":"Shtoni Llogari"},{"$i":"field-user","placeholder":"Emër përdoruesi"},{"$i":"field-password","placeholder":"Fjalëkalim"},{"$i":"field-full-url","placeholder":"URL"},{"$i":"modify-account-setting-up","$v":"Ju lutemi, prisni, ndërkohë që rregullohet llogaria juaj"},{"$i":"modify-account-unable-to-sync","$v":"Nuk arrin të njëkohësohet"},{"$i":"modify-account-sign-in","$v":"Hyni"},{"$i":"preset-caldav","$v":"CalDav"},{"$i":"preset-yahoo","$v":"Yahoo!"},{"$i":"preset-google","$v":"Google"},{"$i":"preset-local","$v":"Kalendar jashtë linje"},{"$i":"preset-mozilla","$v":"Mozilla Zimbra"},{"$i":"calendar-local","$v":"Kalendar jashtë linje"},{"$i":"event-title","placeholder":"Titull"},{"$i":"event-location","placeholder":"Ku?"},{"$i":"event-description","placeholder":"Shënime"},{"$i":"event-is-allday","$v":"Veprimtari gjithë ditën?"},{"$i":"event-start-date","placeholder":"Datë fillimi"},{"$i":"event-end-date","placeholder":"Datë mbarimi"},{"$i":"event-start-time","placeholder":"Kohë fillimi"},{"$i":"event-end-time","placeholder":"Kohë mabrimi"},{"$i":"event-delete","$v":"Fshijeni veprimtarinë"},{"$i":"remove-account-data","$v":"Hiq të dhëna vendore"},{"$i":"remove-account-dialog","$v":"Hiqe llogarinë"},{"$i":"remove-account-dialog-details","$v":"Heqja e kësaj llogarie do të heqë edhe kopjen tuaj vendore të kalendarëve dhe ngjarjeve përshoqëruar asaj."},{"$i":"drawer-sync-icon-button","ariaLabel":"Njëkohësim"},{"$i":"sync-progress-syncing","ariaValueText":"Po njëkohëson"},{"$i":"sync-progress-complete","ariaValueText":"Njëkohësimi u plotësua"},{"$i":"sync-frequency","$v":"Njëkohësoje Kalendarin"},{"$i":"sync-frequency-15min","$v":"Çdo 15 min"},{"$i":"sync-frequency-30min","$v":"Çdo 30 min"},{"$i":"sync-frequency-manual","$v":"Dorazi"},{"$i":"one-day-duration","$v":[{"t":"idOrVar","v":"startDate"},"<br>nga ",{"t":"idOrVar","v":"startTime"}," deri më ",{"t":"idOrVar","v":"endTime"}]},{"$i":"multiple-day-duration","$v":["Nga ",{"t":"idOrVar","v":"startTime"}," ",{"t":"idOrVar","v":"startDate"},"<br>deri më ",{"t":"idOrVar","v":"endTime"}," ",{"t":"idOrVar","v":"endDate"}]},{"$i":"one-all-day-duration","$v":["Gjithë ditën<br>",{"t":"idOrVar","v":"startDate"}]},{"$i":"multiple-all-day-duration","$v":["Gjithë ditën nga ",{"t":"idOrVar","v":"startDate"},"<br>deri më ",{"t":"idOrVar","v":"endDate"}]},{"$i":"none","$v":"Asnjë"},{"$i":"reminder","$v":"Kujtues:"},{"$i":"remind-me","$v":"Kujtoma"},{"$i":"alarm-at-event-standard","$v":"Në kohën e veprimtarisë"},{"$i":"alarm-at-event-allday","$v":"Ditën e veprimtarisë"},{"$i":"alarm-start-notice","$v":[{"t":"idOrVar","v":"title"}," fillon për ",{"t":"idOrVar","v":"distance"}]},{"$i":"alarm-started-notice","$v":[{"t":"idOrVar","v":"title"}," ka ",{"t":"idOrVar","v":"distance"}," që ka filluar"]},{"$i":"minutes-before","$v":{"zero":"0 minuta më parë","one":"1 minutë më parë","two":[{"t":"idOrVar","v":"value"}," minuta më parë"],"few":[{"t":"idOrVar","v":"value"}," minuta më parë"],"many":[{"t":"idOrVar","v":"value"}," minuta më parë"],"other":[{"t":"idOrVar","v":"value"}," minuta më parë"]},"$x":[{"t":"idOrVar","v":"plural"},"value"]},{"$i":"hours-before","$v":{"zero":"0 orë më parë","one":"1 orë më parë","two":[{"t":"idOrVar","v":"value"}," orë më parë"],"few":[{"t":"idOrVar","v":"value"}," orë më parë"],"many":[{"t":"idOrVar","v":"value"}," orë më parë"],"other":[{"t":"idOrVar","v":"value"}," orë më parë"]},"$x":[{"t":"idOrVar","v":"plural"},"value"]},{"$i":"days-before","$v":{"zero":"0 ditë më parë","one":"1 ditë më parë","two":[{"t":"idOrVar","v":"value"}," ditë më parë"],"few":[{"t":"idOrVar","v":"value"}," ditë më parë"],"many":[{"t":"idOrVar","v":"value"}," ditë më parë"],"other":[{"t":"idOrVar","v":"value"}," ditë më parë"]},"$x":[{"t":"idOrVar","v":"plural"},"value"]},{"$i":"weeks-before","$v":{"zero":"0 javë më parë","one":"1 javë më parë","two":[{"t":"idOrVar","v":"value"}," javë më parë"],"few":[{"t":"idOrVar","v":"value"}," javë më parë"],"many":[{"t":"idOrVar","v":"value"}," javë më parë"],"other":[{"t":"idOrVar","v":"value"}," javë më parë"]},"$x":[{"t":"idOrVar","v":"plural"},"value"]},{"$i":"months-before","$v":{"zero":"0 muaj më parë","one":"1 muaj më parë","two":[{"t":"idOrVar","v":"value"}," muaj më parë"],"few":[{"t":"idOrVar","v":"value"}," muaj më parë"],"many":[{"t":"idOrVar","v":"value"}," muaj më parë"],"other":[{"t":"idOrVar","v":"value"}," muaj më parë"]},"$x":[{"t":"idOrVar","v":"plural"},"value"]},{"$i":"years-before","$v":{"zero":"0 vjet më parë","one":"1 vit më parë","two":[{"t":"idOrVar","v":"value"}," vjet më parë"],"few":[{"t":"idOrVar","v":"value"}," vjet më parë"],"many":[{"t":"idOrVar","v":"value"}," vjet më parë"],"other":[{"t":"idOrVar","v":"value"}," vjet më parë"]},"$x":[{"t":"idOrVar","v":"plural"},"value"]},{"$i":"minutes-after","$v":{"zero":"0 minuta më pas","one":"1 minutë më pas","two":[{"t":"idOrVar","v":"value"}," minuta më pas"],"few":[{"t":"idOrVar","v":"value"}," minuta më pas"],"many":[{"t":"idOrVar","v":"value"}," minuta më pas"],"other":[{"t":"idOrVar","v":"value"}," minuta më pas"]},"$x":[{"t":"idOrVar","v":"plural"},"value"]},{"$i":"hours-after","$v":{"zero":"0 orë më pas","one":"1 orë më pas","two":[{"t":"idOrVar","v":"value"}," orë më pas"],"few":[{"t":"idOrVar","v":"value"}," orë më pas"],"many":[{"t":"idOrVar","v":"value"}," orë më pas"],"other":[{"t":"idOrVar","v":"value"}," orë më pas"]},"$x":[{"t":"idOrVar","v":"plural"},"value"]},{"$i":"days-after","$v":{"zero":"0 ditë më pas","one":"1 ditë më pas","two":[{"t":"idOrVar","v":"value"}," ditë më pas"],"few":[{"t":"idOrVar","v":"value"}," ditë më pas"],"many":[{"t":"idOrVar","v":"value"}," ditë më pas"],"other":[{"t":"idOrVar","v":"value"}," ditë më pas"]},"$x":[{"t":"idOrVar","v":"plural"},"value"]},{"$i":"weeks-after","$v":{"zero":"0 javë më pas","one":"1 javë më pas","two":[{"t":"idOrVar","v":"value"}," javë më pas"],"few":[{"t":"idOrVar","v":"value"}," javë më pas"],"many":[{"t":"idOrVar","v":"value"}," javë më pas"],"other":[{"t":"idOrVar","v":"value"}," javë më pas"]},"$x":[{"t":"idOrVar","v":"plural"},"value"]},{"$i":"months-after","$v":{"zero":"0 muaj më pas","one":"1 muaj më pas","two":[{"t":"idOrVar","v":"value"}," muaj më pas"],"few":[{"t":"idOrVar","v":"value"}," muaj më pas"],"many":[{"t":"idOrVar","v":"value"}," muaj më pas"],"other":[{"t":"idOrVar","v":"value"}," muaj më pas"]},"$x":[{"t":"idOrVar","v":"plural"},"value"]},{"$i":"years-after","$v":{"zero":"0 vjet më pas","one":"1 vit më pas","two":[{"t":"idOrVar","v":"value"}," vjet më pas"],"few":[{"t":"idOrVar","v":"value"}," vjet më pas"],"many":[{"t":"idOrVar","v":"value"}," vjet më pas"],"other":[{"t":"idOrVar","v":"value"}," vjet më pas"]},"$x":[{"t":"idOrVar","v":"plural"},"value"]},{"$i":"hour-format12","$v":"%I %p"},{"$i":"hour-format24","$v":"%H"},{"$i":"week-hour-format12","$v":"%I %p"},{"$i":"week-hour-format24","$v":"%H"},{"$i":"hour-allday","$v":"Gjithë Ditën"},{"$i":"week-day","$v":"%a %e"},{"$i":"current-time12","$v":"%I:%M"},{"$i":"current-time24","$v":"%H:%M"},{"$i":"multi-month-view-header-format","$v":"%b %Y"},{"$i":"day-view-header-format","$v":"%A %e %b"},{"$i":"months-day-view-header-format","$v":"%A, %e %b"},{"$i":"longDateFormat","$v":"%A, %d %B, %Y"},{"$i":"error-start-date-after-end-date","$v":"Veprimtaria nuk mund të mbarojë përpara datës së saj të fillimit"},{"$i":"error-start-time-after-end-time","$v":"Veprimtaria nuk mund të mbarojë përpara kohës së saj të fillimit"},{"$i":"error-unauthenticated","$v":"Hyrje dhe/ose fjalëkalim i gabuar"},{"$i":"error-internal-server-error","$v":"Gabim shërbyesi. Kontrolloni hyrjen tuaj dhe riprovoni."},{"$i":"error-default","$v":"Diç shkoi ters. Riprovoni më vonë."},{"$i":"error-offline","$v":"Nuk ka lidhje. Kontrolloni formësimin e rrjetit tuaj dhe riprovoni."},{"$i":"error-account-exist","$v":"Ka tashmë një llogari të tillë."},{"$i":"notification-error-sync-title","$v":"Gabim njëkohësimi kalendari"},{"$i":"notification-error-sync-description","$v":"Për më tepër info, prekeni"},{"$i":"weekday-0-single-char","$v":"D","ariaLabel":"E diel"},{"$i":"weekday-1-single-char","$v":"H","ariaLabel":"E hënë"},{"$i":"weekday-2-single-char","$v":"M","ariaLabel":"E martë"},{"$i":"weekday-3-single-char","$v":"M","ariaLabel":"E mërkurë"},{"$i":"weekday-4-single-char","$v":"E","ariaLabel":"E enjte"},{"$i":"weekday-5-single-char","$v":"P","ariaLabel":"E premte"},{"$i":"weekday-6-single-char","$v":"S","ariaLabel":"E shtunë"},{"$i":"busy","$v":{"one":[{"t":"idOrVar","v":"n"}," veprimtari"],"two":[{"t":"idOrVar","v":"n"}," veprimtari"],"few":[{"t":"idOrVar","v":"n"}," veprimtari"],"many":[{"t":"idOrVar","v":"n"}," veprimtari"],"other":[{"t":"idOrVar","v":"n"}," veprimtari"]},"$x":[{"t":"idOrVar","v":"plural"},"n"]},{"$i":"present","ariaLabel":"Sot"},{"$i":"past-other-month-description","ariaLabel":"Other month"},{"$i":"future-other-month-description","ariaLabel":"Other month"},{"$i":"icon-calendar-alarm","ariaLabel":"Ka alarm"},{"$i":"calendars","ariaLabel":"Kalendare"},{"$i":"multi-day-new-event-link","ariaLabel":"Shtoni veprimtari"},{"$i":"title","ariaLabel":"Titull"},{"$i":"location","ariaLabel":"Vend"},{"$i":"duration","ariaLabel":"Kohëzgjatje"},{"$i":"calendar","ariaLabel":"Kalendar"},{"$i":"alarms","ariaLabel":"Alarme"},{"$i":"description","ariaLabel":"Përshkrim"},{"$i":"start-date","ariaLabel":"Datë fillimi"},{"$i":"start-time","ariaLabel":"Kohë fillimi"},{"$i":"end-date","ariaLabel":"Datë përfundimi"},{"$i":"end-time","ariaLabel":"Kohë përfundimi"},{"$i":"during-progress-loading","ariaValueText":"Po ngarkohet"},{"$i":"all-day","ariaLabel":"Gjithë ditën"},{"$i":"create-event","ariaLabel":"Krijoni ngjarje"},{"$i":"create-all-day-event","ariaLabel":"Krijoni ngjarje për gjithë ditën"},{"$i":"event-one-day-duration","ariaLabel":["Nga ",{"t":"idOrVar","v":"startTime"}," deri më ",{"t":"idOrVar","v":"endTime"}]},{"$i":"week-event-one-day-duration","ariaLabel":[{"t":"idOrVar","v":"startDate"}," nga ",{"t":"idOrVar","v":"startTime"}," deri më ",{"t":"idOrVar","v":"endTime"}]},{"$i":"event-multiple-day-duration","ariaLabel":["Nga ",{"t":"idOrVar","v":"startTime"}," ",{"t":"idOrVar","v":"startDate"}," deri më ",{"t":"idOrVar","v":"endTime"}," ",{"t":"idOrVar","v":"endDate"}]},{"$i":"weekday-0-long","$v":"E diel"},{"$i":"weekday-1-long","$v":"E hënë"},{"$i":"weekday-2-long","$v":"E martë"},{"$i":"weekday-3-long","$v":"E mërkurë"},{"$i":"weekday-4-long","$v":"E enjte"},{"$i":"weekday-5-long","$v":"E premte"},{"$i":"weekday-6-long","$v":"E shtunë"},{"$i":"weekday-0-short","$v":"Die"},{"$i":"weekday-1-short","$v":"Hën"},{"$i":"weekday-2-short","$v":"Mar"},{"$i":"weekday-3-short","$v":"Mër"},{"$i":"weekday-4-short","$v":"Enj"},{"$i":"weekday-5-short","$v":"Pre"},{"$i":"weekday-6-short","$v":"Sht"},{"$i":"month-0-long","$v":"Janar"},{"$i":"month-1-long","$v":"Shkurt"},{"$i":"month-2-long","$v":"Mars"},{"$i":"month-3-long","$v":"Prill"},{"$i":"month-4-long","$v":"Maj"},{"$i":"month-5-long","$v":"Qershor"},{"$i":"month-6-long","$v":"Korrik"},{"$i":"month-7-long","$v":"Gusht"},{"$i":"month-8-long","$v":"Shtator"},{"$i":"month-9-long","$v":"Tetor"},{"$i":"month-10-long","$v":"Nëntor"},{"$i":"month-11-long","$v":"Dhjetor"},{"$i":"month-0-genitive","$v":"të Janarit"},{"$i":"month-1-genitive","$v":"të Shkurtit"},{"$i":"month-2-genitive","$v":"të Marsit"},{"$i":"month-3-genitive","$v":"të Prillit"},{"$i":"month-4-genitive","$v":"të Majit"},{"$i":"month-5-genitive","$v":"të Qershorit"},{"$i":"month-6-genitive","$v":"të Korrikut"},{"$i":"month-7-genitive","$v":"të Gushtit"},{"$i":"month-8-genitive","$v":"të Shtatorit"},{"$i":"month-9-genitive","$v":"të Tetorit"},{"$i":"month-10-genitive","$v":"të Nëntorit"},{"$i":"month-11-genitive","$v":"të Dhjetorit"},{"$i":"month-0-short","$v":"Jan"},{"$i":"month-1-short","$v":"Shk"},{"$i":"month-2-short","$v":"Mar"},{"$i":"month-3-short","$v":"Pri"},{"$i":"month-4-short","$v":"Maj"},{"$i":"month-5-short","$v":"Qer"},{"$i":"month-6-short","$v":"Kor"},{"$i":"month-7-short","$v":"Gus"},{"$i":"month-8-short","$v":"Sht"},{"$i":"month-9-short","$v":"Tet"},{"$i":"month-10-short","$v":"Nën"},{"$i":"month-11-short","$v":"Dhj"},{"$i":"minutes-ago-long","$v":{"zero":"mu tani","one":"një minutë më parë","two":[{"t":"idOrVar","v":"value"}," minuta më parë"],"few":[{"t":"idOrVar","v":"value"}," minuta më parë"],"many":[{"t":"idOrVar","v":"value"}," minuta më parë"],"other":[{"t":"idOrVar","v":"value"}," minuta më parë"]},"$x":[{"t":"idOrVar","v":"plural"},"value"]},{"$i":"hours-ago-long","$v":{"zero":"mu tani","one":"një orë më parë","two":[{"t":"idOrVar","v":"value"}," orë më parë"],"few":[{"t":"idOrVar","v":"value"}," orë më parë"],"many":[{"t":"idOrVar","v":"value"}," orë më parë"],"other":[{"t":"idOrVar","v":"value"}," orë më parë"]},"$x":[{"t":"idOrVar","v":"plural"},"value"]},{"$i":"days-ago-long","$v":{"zero":"sot","one":"dje","two":[{"t":"idOrVar","v":"value"}," ditë më parë"],"few":[{"t":"idOrVar","v":"value"}," ditë më parë"],"many":[{"t":"idOrVar","v":"value"}," ditë më parë"],"other":[{"t":"idOrVar","v":"value"}," ditë më parë"]},"$x":[{"t":"idOrVar","v":"plural"},"value"]},{"$i":"weeks-ago-long","$v":{"zero":"këtë javë","one":"javën e kaluar","two":[{"t":"idOrVar","v":"value"}," javë më parë"],"few":[{"t":"idOrVar","v":"value"}," javë më parë"],"many":[{"t":"idOrVar","v":"value"}," javë më parë"],"other":[{"t":"idOrVar","v":"value"}," javë më parë"]},"$x":[{"t":"idOrVar","v":"plural"},"value"]},{"$i":"months-ago-long","$v":{"zero":"këtë muaj","one":"muajin e kaluar","two":[{"t":"idOrVar","v":"value"}," muaj më parë"],"few":[{"t":"idOrVar","v":"value"}," muaj më parë"],"many":[{"t":"idOrVar","v":"value"}," muaj më parë"],"other":[{"t":"idOrVar","v":"value"}," muaj më parë"]},"$x":[{"t":"idOrVar","v":"plural"},"value"]},{"$i":"years-ago-long","$v":{"zero":"këtë vit","one":"vitin e kaluar","two":[{"t":"idOrVar","v":"value"}," vite më parë"],"few":[{"t":"idOrVar","v":"value"}," vite më parë"],"many":[{"t":"idOrVar","v":"value"}," vite më parë"],"other":[{"t":"idOrVar","v":"value"}," vite më parë"]},"$x":[{"t":"idOrVar","v":"plural"},"value"]},{"$i":"minutes-until-long","$v":{"zero":"tani","one":"për një minutë","two":["për ",{"t":"idOrVar","v":"value"}," minuta"],"few":["për ",{"t":"idOrVar","v":"value"}," minuta"],"many":["për ",{"t":"idOrVar","v":"value"}," minuta"],"other":["për ",{"t":"idOrVar","v":"value"}," minuta"]},"$x":[{"t":"idOrVar","v":"plural"},"value"]},{"$i":"hours-until-long","$v":{"zero":"tani","one":"për një orë","two":["për ",{"t":"idOrVar","v":"value"}," orë"],"few":["për ",{"t":"idOrVar","v":"value"}," orë"],"many":["për ",{"t":"idOrVar","v":"value"}," orë"],"other":["për ",{"t":"idOrVar","v":"value"}," orë"]},"$x":[{"t":"idOrVar","v":"plural"},"value"]},{"$i":"days-until-long","$v":{"zero":"sot","one":"nesër","two":["për ",{"t":"idOrVar","v":"value"}," ditë"],"few":["për ",{"t":"idOrVar","v":"value"}," ditë"],"many":["për ",{"t":"idOrVar","v":"value"}," ditë"],"other":["për ",{"t":"idOrVar","v":"value"}," ditë"]},"$x":[{"t":"idOrVar","v":"plural"},"value"]},{"$i":"weeks-until-long","$v":{"zero":"këtë javë","one":"javën pasuese","two":["për ",{"t":"idOrVar","v":"value"}," javë"],"few":["për ",{"t":"idOrVar","v":"value"}," javë"],"many":["për ",{"t":"idOrVar","v":"value"}," javë"],"other":["për ",{"t":"idOrVar","v":"value"}," javë"]},"$x":[{"t":"idOrVar","v":"plural"},"value"]},{"$i":"months-until-long","$v":{"zero":"këtë muaj","one":"muajin pasues","two":["për ",{"t":"idOrVar","v":"value"}," muaj"],"few":["për ",{"t":"idOrVar","v":"value"}," muaj"],"many":["për ",{"t":"idOrVar","v":"value"}," muaj"],"other":["për ",{"t":"idOrVar","v":"value"}," muaj"]},"$x":[{"t":"idOrVar","v":"plural"},"value"]},{"$i":"years-until-long","$v":{"zero":"këtë vit","one":"vitin pasues","two":["për ",{"t":"idOrVar","v":"value"}," vjet"],"few":["për ",{"t":"idOrVar","v":"value"}," vjet"],"many":["për ",{"t":"idOrVar","v":"value"}," vjet"],"other":["për ",{"t":"idOrVar","v":"value"}," vjet"]},"$x":[{"t":"idOrVar","v":"plural"},"value"]},{"$i":"minutes-ago-short","$v":{"zero":"mu tani","other":[{"t":"idOrVar","v":"value"},"m më parë"]},"$x":[{"t":"idOrVar","v":"plural"},"value"]},{"$i":"hours-ago-short","$v":{"zero":"mu tani","other":[{"t":"idOrVar","v":"value"},"h më parë"]},"$x":[{"t":"idOrVar","v":"plural"},"value"]},{"$i":"days-ago-short","$v":{"zero":"sot","other":[{"t":"idOrVar","v":"value"},"d më parë"]},"$x":[{"t":"idOrVar","v":"plural"},"value"]},{"$i":"minutes-until-short","$v":{"zero":"tani","other":["për ",{"t":"idOrVar","v":"value"},"m"]},"$x":[{"t":"idOrVar","v":"plural"},"value"]},{"$i":"hours-until-short","$v":{"zero":"tani","other":["për ",{"t":"idOrVar","v":"value"},"h"]},"$x":[{"t":"idOrVar","v":"plural"},"value"]},{"$i":"days-until-short","$v":{"zero":"sot","other":["për ",{"t":"idOrVar","v":"value"},"d"]},"$x":[{"t":"idOrVar","v":"plural"},"value"]},{"$i":"incorrectDate","$v":"(datë e pasaktë)"},{"$i":"dateTimeFormat_%c","$v":"%a %e %b %Y %I:%M:%S %p"},{"$i":"dateTimeFormat_%x","$v":"%m/%d/%Y"},{"$i":"dateTimeFormat_%X","$v":"%I:%M:%S %p"},{"$i":"shortTimeFormat","$v":"%I:%M %p"},{"$i":"shortTimeFormat12","$v":"%I:%M %p"},{"$i":"shortTimeFormat24","$v":"%H:%M"},{"$i":"shortDateTimeFormat","$v":"%x %I:%M %p"},{"$i":"weekStartsOnMonday","$v":"0"},{"$i":"firstDayOfTheWeek","$v":"0"},{"$i":"time_am","$v":"AM"},{"$i":"time_pm","$v":"PM"}]