[{"$i":"back","$v":"Назад"},{"$i":"save","$v":"Сними"},{"$i":"hide","$v":"Сакриј"},{"$i":"cancel","$v":"Откажи"},{"$i":"confirm","$v":"Потврди"},{"$i":"done","$v":"Завршено"},{"$i":"events","$v":"Догађаји"},{"$i":"edit","$v":"Измени"},{"$i":"allday-events","$v":"Целодневни догађаји"},{"$i":"no-events","$v":"Нема догађаја"},{"$i":"show-today","$v":"Данас"},{"$i":"show-month-view","$v":"Месец"},{"$i":"show-week-view","$v":"Недеља"},{"$i":"show-day-view","$v":"Дан"},{"$i":"settings-show","$v":"Поставке"},{"$i":"settings-hide","$v":"Сакриј поставке"},{"$i":"add-account","$v":"Додај налог"},{"$i":"new-event","$v":"Додај догађај"},{"$i":"view-event-header","$v":"Догађај"},{"$i":"new-event-header","$v":"Додај догађај"},{"$i":"edit-event-header","$v":"Уреди догађај"},{"$i":"account-header","$v":"Налог"},{"$i":"account-list-header","$v":"Налози"},{"$i":"advanced-settings-short-icon-button","ariaLabel":"Поставке"},{"$i":"advanced-settings-header","$v":"Поставке"},{"$i":"advanced-settings-personalization","$v":"Персонализација"},{"$i":"advanced-settings-reminders","$v":"Подсетници"},{"$i":"advanced-settings-add-account","$v":"Додај налог"},{"$i":"field-user","placeholder":"Корисничко име"},{"$i":"field-password","placeholder":"Лозинка"},{"$i":"field-full-url","placeholder":"URL"},{"$i":"modify-account-setting-up","$v":"Молим Вас сачекајте док се Ваш налог подешава"},{"$i":"modify-account-unable-to-sync","$v":"Немогуће је синхронизовати"},{"$i":"modify-account-sign-in","$v":"Пријави се"},{"$i":"preset-caldav","$v":"CalDav"},{"$i":"preset-yahoo","$v":"Yahoo!"},{"$i":"preset-google","$v":"Google"},{"$i":"preset-local","$v":"Календар ван мреже"},{"$i":"preset-mozilla","$v":"Mozilla Zimbra"},{"$i":"calendar-local","$v":"Календар ван мреже"},{"$i":"event-title","placeholder":"Наслов"},{"$i":"event-location","placeholder":"Где?"},{"$i":"event-description","placeholder":"Белешке"},{"$i":"event-is-allday","$v":"Целодневни догађај?"},{"$i":"event-start-date","placeholder":"Датум почетка"},{"$i":"event-end-date","placeholder":"Датум завршетка"},{"$i":"event-start-time","placeholder":"Време почетка"},{"$i":"event-end-time","placeholder":"Време завршетка"},{"$i":"event-delete","$v":"Обриши догађај"},{"$i":"remove-account-data","$v":"Уклони локалне податке"},{"$i":"remove-account-dialog","$v":"Уклони налог"},{"$i":"remove-account-dialog-details","$v":"Уклањањем овог налога ћете такође уклонити локалну копију повезаних календара и догађаја."},{"$i":"drawer-sync-icon-button","ariaLabel":"Sync"},{"$i":"sync-progress-syncing","ariaValueText":"Синхронизујем"},{"$i":"sync-progress-complete","ariaValueText":"Синхронизација је завршена"},{"$i":"sync-frequency","$v":"Синхронизуј календар"},{"$i":"sync-frequency-15min","$v":"15 мин"},{"$i":"sync-frequency-30min","$v":"30 мин"},{"$i":"sync-frequency-manual","$v":"Ручно"},{"$i":"one-day-duration","$v":[{"t":"idOrVar","v":"startDate"},"<br>од ",{"t":"idOrVar","v":"startTime"}," до ",{"t":"idOrVar","v":"endTime"}]},{"$i":"multiple-day-duration","$v":["Од ",{"t":"idOrVar","v":"startTime"}," ",{"t":"idOrVar","v":"startDate"},"<br>до ",{"t":"idOrVar","v":"endTime"}," ",{"t":"idOrVar","v":"endDate"}]},{"$i":"one-all-day-duration","$v":["Цео дан<br>",{"t":"idOrVar","v":"startDate"}]},{"$i":"multiple-all-day-duration","$v":["Цео дан од ",{"t":"idOrVar","v":"startDate"},"<br>до ",{"t":"idOrVar","v":"endDate"}]},{"$i":"none","$v":"Ниједан"},{"$i":"reminder","$v":"Подсетник:"},{"$i":"remind-me","$v":"Подсети ме"},{"$i":"alarm-at-event-standard","$v":"За време догађаја"},{"$i":"alarm-at-event-allday","$v":"На дан догађаја"},{"$i":"alarm-start-notice","$v":[{"t":"idOrVar","v":"title"}," почиње за ",{"t":"idOrVar","v":"distance"}]},{"$i":"alarm-started-notice","$v":[{"t":"idOrVar","v":"title"}," је почео ",{"t":"idOrVar","v":"distance"}]},{"$i":"minutes-before","$v":{"zero":"0 минута пре","one":"1 минут пре","two":[{"t":"idOrVar","v":"value"}," минута пре"],"few":[{"t":"idOrVar","v":"value"}," минута пре"],"many":[{"t":"idOrVar","v":"value"}," минута пре"],"other":[{"t":"idOrVar","v":"value"}," минута пре"]},"$x":[{"t":"idOrVar","v":"plural"},"value"]},{"$i":"hours-before","$v":{"zero":"0 сати пре","one":"1 сат пре","two":[{"t":"idOrVar","v":"value"}," сата пре"],"few":[{"t":"idOrVar","v":"value"}," сати пре"],"many":[{"t":"idOrVar","v":"value"}," сати пре"],"other":[{"t":"idOrVar","v":"value"}," сати пре"]},"$x":[{"t":"idOrVar","v":"plural"},"value"]},{"$i":"days-before","$v":{"zero":"0 дана пре","one":"1 дан пре","two":[{"t":"idOrVar","v":"value"}," дана пре"],"few":[{"t":"idOrVar","v":"value"}," дана пре"],"many":[{"t":"idOrVar","v":"value"}," дана пре"],"other":[{"t":"idOrVar","v":"value"}," дана пре"]},"$x":[{"t":"idOrVar","v":"plural"},"value"]},{"$i":"weeks-before","$v":{"zero":"0 недеља пре","one":"1 недељу пре","two":[{"t":"idOrVar","v":"value"}," недеље пре"],"few":[{"t":"idOrVar","v":"value"}," недеља пре"],"many":[{"t":"idOrVar","v":"value"}," недеља пре"],"other":[{"t":"idOrVar","v":"value"}," недеља пре"]},"$x":[{"t":"idOrVar","v":"plural"},"value"]},{"$i":"months-before","$v":{"zero":"0 месеци пре","one":"1 месец пре","two":[{"t":"idOrVar","v":"value"}," месеца пре"],"few":[{"t":"idOrVar","v":"value"}," месеци пре"],"many":[{"t":"idOrVar","v":"value"}," месеци пре"],"other":[{"t":"idOrVar","v":"value"}," месеци пре"]},"$x":[{"t":"idOrVar","v":"plural"},"value"]},{"$i":"years-before","$v":{"zero":"0 година пре","one":"1 годину пре","two":[{"t":"idOrVar","v":"value"}," године пре"],"few":[{"t":"idOrVar","v":"value"}," година пре"],"many":[{"t":"idOrVar","v":"value"}," година пре"],"other":[{"t":"idOrVar","v":"value"}," година пре"]},"$x":[{"t":"idOrVar","v":"plural"},"value"]},{"$i":"minutes-after","$v":{"zero":"0 минута после","one":"1 минут после","two":[{"t":"idOrVar","v":"value"}," минута после"],"few":[{"t":"idOrVar","v":"value"}," минута после"],"many":[{"t":"idOrVar","v":"value"}," минута после"],"other":[{"t":"idOrVar","v":"value"}," минута после"]},"$x":[{"t":"idOrVar","v":"plural"},"value"]},{"$i":"hours-after","$v":{"zero":"0 сати после","one":"1 сат после","two":[{"t":"idOrVar","v":"value"}," сата после"],"few":[{"t":"idOrVar","v":"value"}," сати после"],"many":[{"t":"idOrVar","v":"value"}," сати после"],"other":[{"t":"idOrVar","v":"value"}," сати после"]},"$x":[{"t":"idOrVar","v":"plural"},"value"]},{"$i":"days-after","$v":{"zero":"0 дана после","one":"1 дан после","two":[{"t":"idOrVar","v":"value"}," дана после"],"few":[{"t":"idOrVar","v":"value"}," дана после"],"many":[{"t":"idOrVar","v":"value"}," дана после"],"other":[{"t":"idOrVar","v":"value"}," дана после"]},"$x":[{"t":"idOrVar","v":"plural"},"value"]},{"$i":"weeks-after","$v":{"zero":"0 недеља после","one":"1 недељу после","two":[{"t":"idOrVar","v":"value"}," недеље после"],"few":[{"t":"idOrVar","v":"value"}," недеља после"],"many":[{"t":"idOrVar","v":"value"}," недеља после"],"other":[{"t":"idOrVar","v":"value"}," недеља после"]},"$x":[{"t":"idOrVar","v":"plural"},"value"]},{"$i":"months-after","$v":{"zero":"0 месеци после","one":"1 месец после","two":[{"t":"idOrVar","v":"value"}," месеца после"],"few":[{"t":"idOrVar","v":"value"}," месеци после"],"many":[{"t":"idOrVar","v":"value"}," месеци после"],"other":[{"t":"idOrVar","v":"value"}," месеци после"]},"$x":[{"t":"idOrVar","v":"plural"},"value"]},{"$i":"years-after","$v":{"zero":"0 година после","one":"1 годину после","two":[{"t":"idOrVar","v":"value"}," године после"],"few":[{"t":"idOrVar","v":"value"}," година после"],"many":[{"t":"idOrVar","v":"value"}," година после"],"other":[{"t":"idOrVar","v":"value"}," година после"]},"$x":[{"t":"idOrVar","v":"plural"},"value"]},{"$i":"hour-format12","$v":"%I %p"},{"$i":"hour-format24","$v":"%H"},{"$i":"week-hour-format12","$v":"%I %p"},{"$i":"week-hour-format24","$v":"%H"},{"$i":"hour-allday","$v":"Цео дан"},{"$i":"week-day","$v":"%a %e"},{"$i":"current-time12","$v":"%I:%M"},{"$i":"current-time24","$v":"%H:%M"},{"$i":"multi-month-view-header-format","$v":"%b %Y"},{"$i":"day-view-header-format","$v":"%a, %e %B "},{"$i":"months-day-view-header-format","$v":"%a, %b %e"},{"$i":"longDateFormat","$v":"%a, %b %d, %Y"},{"$i":"error-start-date-after-end-date","$v":"Догађај не може да се заврши пре његовог датума почетка"},{"$i":"error-start-time-after-end-time","$v":"Догађај не може да се заврши пре његовог времена почетка"},{"$i":"error-unauthenticated","$v":"Погрешно корисничко име и/или лозинка"},{"$i":"error-internal-server-error","$v":"Грешка на серверу. Проверите податке за пријављивање и покушајте поново."},{"$i":"error-default","$v":"Нешто није у реду. Покушајте мало касније."},{"$i":"error-offline","$v":"Нема везе. Проверите конфигурацију Ваше мреже и покушајте поново."},{"$i":"error-account-exist","$v":"Овај налог већ постоји."},{"$i":"notification-error-sync-title","$v":"Грешка при синхронизацији календара"},{"$i":"notification-error-sync-description","$v":"Притисните за више информација"},{"$i":"weekday-0-single-char","$v":"Н","ariaLabel":"Недеља"},{"$i":"weekday-1-single-char","$v":"П","ariaLabel":"Понедељак"},{"$i":"weekday-2-single-char","$v":"У","ariaLabel":"Уторак"},{"$i":"weekday-3-single-char","$v":"С","ariaLabel":"Среда"},{"$i":"weekday-4-single-char","$v":"Ч","ariaLabel":"Четвртак"},{"$i":"weekday-5-single-char","$v":"П","ariaLabel":"Петак"},{"$i":"weekday-6-single-char","$v":"С","ariaLabel":"Субота"},{"$i":"busy","$v":{"one":[{"t":"idOrVar","v":"n"}," догађај"],"two":[{"t":"idOrVar","v":"n"}," догађаја"],"few":[{"t":"idOrVar","v":"n"}," догађаја"],"many":[{"t":"idOrVar","v":"n"}," догађаја"],"other":[{"t":"idOrVar","v":"n"}," догађаја"]},"$x":[{"t":"idOrVar","v":"plural"},"n"]},{"$i":"present","ariaLabel":"Данас"},{"$i":"past-other-month-description","ariaLabel":"Other month"},{"$i":"future-other-month-description","ariaLabel":"Other month"},{"$i":"icon-calendar-alarm","ariaLabel":"Има подсетник"},{"$i":"calendars","ariaLabel":"Календари"},{"$i":"multi-day-new-event-link","ariaLabel":"Додај догађај"},{"$i":"title","ariaLabel":"Наслов"},{"$i":"location","ariaLabel":"Локација"},{"$i":"duration","ariaLabel":"Трајање"},{"$i":"calendar","ariaLabel":"Календар"},{"$i":"alarms","ariaLabel":"Подсетници"},{"$i":"description","ariaLabel":"Опис"},{"$i":"start-date","ariaLabel":"Датум почетка"},{"$i":"start-time","ariaLabel":"Време почетка"},{"$i":"end-date","ariaLabel":"Датум краја"},{"$i":"end-time","ariaLabel":"Време краја"},{"$i":"during-progress-loading","ariaValueText":"Учитавање"},{"$i":"all-day","ariaLabel":"Цео дан"},{"$i":"create-event","ariaLabel":"Направи догађај"},{"$i":"create-all-day-event","ariaLabel":"Направи целодневни догађај"},{"$i":"event-one-day-duration","ariaLabel":["Од ",{"t":"idOrVar","v":"startTime"}," до ",{"t":"idOrVar","v":"endTime"}]},{"$i":"week-event-one-day-duration","ariaLabel":[{"t":"idOrVar","v":"startDate"}," од ",{"t":"idOrVar","v":"startTime"}," до ",{"t":"idOrVar","v":"endTime"}]},{"$i":"event-multiple-day-duration","ariaLabel":["Од ",{"t":"idOrVar","v":"startTime"}," ",{"t":"idOrVar","v":"startDate"}," до ",{"t":"idOrVar","v":"endTime"}," ",{"t":"idOrVar","v":"endDate"}]},{"$i":"weekday-0-long","$v":"Недеља"},{"$i":"weekday-1-long","$v":"Понедељак"},{"$i":"weekday-2-long","$v":"Уторак"},{"$i":"weekday-3-long","$v":"Среда"},{"$i":"weekday-4-long","$v":"Четвртак"},{"$i":"weekday-5-long","$v":"Петак"},{"$i":"weekday-6-long","$v":"Субота"},{"$i":"weekday-0-short","$v":"Нед"},{"$i":"weekday-1-short","$v":"Пон"},{"$i":"weekday-2-short","$v":"Уто"},{"$i":"weekday-3-short","$v":"Сре"},{"$i":"weekday-4-short","$v":"Чет"},{"$i":"weekday-5-short","$v":"Пет"},{"$i":"weekday-6-short","$v":"Суб"},{"$i":"month-0-long","$v":"јануар"},{"$i":"month-1-long","$v":"фебруар"},{"$i":"month-2-long","$v":"март"},{"$i":"month-3-long","$v":"април"},{"$i":"month-4-long","$v":"мај"},{"$i":"month-5-long","$v":"јун"},{"$i":"month-6-long","$v":"јул"},{"$i":"month-7-long","$v":"август"},{"$i":"month-8-long","$v":"септембар"},{"$i":"month-9-long","$v":"октобар"},{"$i":"month-10-long","$v":"новембар"},{"$i":"month-11-long","$v":"децембар"},{"$i":"month-0-genitive","$v":"јануара"},{"$i":"month-1-genitive","$v":"фебруара"},{"$i":"month-2-genitive","$v":"марта"},{"$i":"month-3-genitive","$v":"априла"},{"$i":"month-4-genitive","$v":"маја"},{"$i":"month-5-genitive","$v":"јуна"},{"$i":"month-6-genitive","$v":"јула"},{"$i":"month-7-genitive","$v":"августа"},{"$i":"month-8-genitive","$v":"септембра"},{"$i":"month-9-genitive","$v":"октобра"},{"$i":"month-10-genitive","$v":"новембра"},{"$i":"month-11-genitive","$v":"децембра"},{"$i":"month-0-short","$v":"јан"},{"$i":"month-1-short","$v":"феб"},{"$i":"month-2-short","$v":"мар"},{"$i":"month-3-short","$v":"апр"},{"$i":"month-4-short","$v":"мај"},{"$i":"month-5-short","$v":"јун"},{"$i":"month-6-short","$v":"јул"},{"$i":"month-7-short","$v":"авг"},{"$i":"month-8-short","$v":"сеп"},{"$i":"month-9-short","$v":"окт"},{"$i":"month-10-short","$v":"нов"},{"$i":"month-11-short","$v":"дец"},{"$i":"minutes-ago-long","$v":{"zero":"управо","one":"пре минут","two":["пре ",{"t":"idOrVar","v":"value"}," минута"],"few":["пре ",{"t":"idOrVar","v":"value"}," минута"],"many":["пре ",{"t":"idOrVar","v":"value"}," минута"],"other":["пре ",{"t":"idOrVar","v":"value"}," минута"]},"$x":[{"t":"idOrVar","v":"plural"},"value"]},{"$i":"hours-ago-long","$v":{"zero":"управо","one":"пре сат времена","two":["пре ",{"t":"idOrVar","v":"value"}," сата"],"few":["пре ",{"t":"idOrVar","v":"value"}," сати"],"many":["пре ",{"t":"idOrVar","v":"value"}," сати"],"other":["пре ",{"t":"idOrVar","v":"value"}," сати"]},"$x":[{"t":"idOrVar","v":"plural"},"value"]},{"$i":"days-ago-long","$v":{"zero":"данас","one":"јуче","two":["пре ",{"t":"idOrVar","v":"value"}," дана"],"few":["пре ",{"t":"idOrVar","v":"value"}," дана"],"many":["пре ",{"t":"idOrVar","v":"value"}," дана"],"other":["пре ",{"t":"idOrVar","v":"value"}," дана"]},"$x":[{"t":"idOrVar","v":"plural"},"value"]},{"$i":"weeks-ago-long","$v":{"zero":"ове недеље","one":"прошле недеље","two":["пре ",{"t":"idOrVar","v":"value"}," недеље"],"few":["пре ",{"t":"idOrVar","v":"value"}," недеља"],"many":["пре ",{"t":"idOrVar","v":"value"}," недеља"],"other":["пре ",{"t":"idOrVar","v":"value"}," недеља"]},"$x":[{"t":"idOrVar","v":"plural"},"value"]},{"$i":"months-ago-long","$v":{"zero":"овог месеца","one":"прошлог месеца","two":["пре ",{"t":"idOrVar","v":"value"}," месеца"],"few":["пре ",{"t":"idOrVar","v":"value"}," месеци"],"many":["пре ",{"t":"idOrVar","v":"value"}," месеци"],"other":["пре ",{"t":"idOrVar","v":"value"}," месеци"]},"$x":[{"t":"idOrVar","v":"plural"},"value"]},{"$i":"years-ago-long","$v":{"zero":"ове године","one":"прошле године","two":["пре ",{"t":"idOrVar","v":"value"}," године"],"few":["пре ",{"t":"idOrVar","v":"value"}," година"],"many":["пре ",{"t":"idOrVar","v":"value"}," година"],"other":["пре ",{"t":"idOrVar","v":"value"}," година"]},"$x":[{"t":"idOrVar","v":"plural"},"value"]},{"$i":"minutes-until-long","$v":{"zero":"управо","one":"за један минут","two":["за ",{"t":"idOrVar","v":"value"}," минута"],"few":["за ",{"t":"idOrVar","v":"value"}," минута"],"many":["за ",{"t":"idOrVar","v":"value"}," минута"],"other":["за ",{"t":"idOrVar","v":"value"}," минута"]},"$x":[{"t":"idOrVar","v":"plural"},"value"]},{"$i":"hours-until-long","$v":{"zero":"управо","one":"за сат времена","two":["за ",{"t":"idOrVar","v":"value"}," сата"],"few":["за ",{"t":"idOrVar","v":"value"}," сати"],"many":["за ",{"t":"idOrVar","v":"value"}," сати"],"other":["за ",{"t":"idOrVar","v":"value"}," сати"]},"$x":[{"t":"idOrVar","v":"plural"},"value"]},{"$i":"days-until-long","$v":{"zero":"данас","one":"сутра","two":["за ",{"t":"idOrVar","v":"value"}," дана"],"few":["за ",{"t":"idOrVar","v":"value"}," дана"],"many":["за ",{"t":"idOrVar","v":"value"}," дана"],"other":["за ",{"t":"idOrVar","v":"value"}," дана"]},"$x":[{"t":"idOrVar","v":"plural"},"value"]},{"$i":"weeks-until-long","$v":{"zero":"ове недеље","one":"следеће недеље","two":["за ",{"t":"idOrVar","v":"value"}," недеље"],"few":["за ",{"t":"idOrVar","v":"value"}," недеља"],"many":["за ",{"t":"idOrVar","v":"value"}," недеља"],"other":["за ",{"t":"idOrVar","v":"value"}," недеља"]},"$x":[{"t":"idOrVar","v":"plural"},"value"]},{"$i":"months-until-long","$v":{"zero":"овог месеца","one":"следећег месеца","two":["за ",{"t":"idOrVar","v":"value"}," месеца"],"few":["за ",{"t":"idOrVar","v":"value"}," месеци"],"many":["за ",{"t":"idOrVar","v":"value"}," месеци"],"other":["за ",{"t":"idOrVar","v":"value"}," месеци"]},"$x":[{"t":"idOrVar","v":"plural"},"value"]},{"$i":"years-until-long","$v":{"zero":"ове године","one":"следеће године","two":["за ",{"t":"idOrVar","v":"value"}," године"],"few":["за ",{"t":"idOrVar","v":"value"}," година"],"many":["за ",{"t":"idOrVar","v":"value"}," година"],"other":["за ",{"t":"idOrVar","v":"value"}," година"]},"$x":[{"t":"idOrVar","v":"plural"},"value"]},{"$i":"minutes-ago-short","$v":{"zero":"управо","other":["пре ",{"t":"idOrVar","v":"value"},"м"]},"$x":[{"t":"idOrVar","v":"plural"},"value"]},{"$i":"hours-ago-short","$v":{"zero":"управо","other":["пре ",{"t":"idOrVar","v":"value"},"с"]},"$x":[{"t":"idOrVar","v":"plural"},"value"]},{"$i":"days-ago-short","$v":{"zero":"данас","other":["пре ",{"t":"idOrVar","v":"value"},"д"]},"$x":[{"t":"idOrVar","v":"plural"},"value"]},{"$i":"minutes-until-short","$v":{"zero":"управо","other":["за ",{"t":"idOrVar","v":"value"},"м"]},"$x":[{"t":"idOrVar","v":"plural"},"value"]},{"$i":"hours-until-short","$v":{"zero":"управо","other":["за ",{"t":"idOrVar","v":"value"},"с"]},"$x":[{"t":"idOrVar","v":"plural"},"value"]},{"$i":"days-until-short","$v":{"zero":"данас","other":["за ",{"t":"idOrVar","v":"value"},"д"]},"$x":[{"t":"idOrVar","v":"plural"},"value"]},{"$i":"incorrectDate","$v":"(нетачан датум)"},{"$i":"dateTimeFormat_%c","$v":"%a %e %b %Y %H:%M:%S"},{"$i":"dateTimeFormat_%x","$v":"%d.%m.%Y"},{"$i":"dateTimeFormat_%X","$v":"%H:%M:%S"},{"$i":"shortTimeFormat","$v":"%H:%M"},{"$i":"shortTimeFormat12","$v":"%I:%M %p"},{"$i":"shortTimeFormat24","$v":"%H:%M"},{"$i":"shortDateTimeFormat","$v":"%x %H:%M"},{"$i":"weekStartsOnMonday","$v":"1"},{"$i":"firstDayOfTheWeek","$v":"1"},{"$i":"time_am","$v":"AM"},{"$i":"time_pm","$v":"PM"}]