[{"$i":"back","$v":"Nazad"},{"$i":"save","$v":"Snimi"},{"$i":"hide","$v":"Sakrij"},{"$i":"cancel","$v":"Otkaži"},{"$i":"confirm","$v":"Potvrdi"},{"$i":"done","$v":"Završeno"},{"$i":"events","$v":"Događaji"},{"$i":"edit","$v":"Izmeni"},{"$i":"allday-events","$v":"Celodnevni događaji"},{"$i":"no-events","$v":"Nema događaja"},{"$i":"show-today","$v":"Danas"},{"$i":"show-month-view","$v":"Mesec"},{"$i":"show-week-view","$v":"Nedelja"},{"$i":"show-day-view","$v":"Dan"},{"$i":"settings-show","$v":"Postavke"},{"$i":"settings-hide","$v":"Sakrij postavke"},{"$i":"add-account","$v":"Dodaj nalog"},{"$i":"new-event","$v":"Dodaj događaj"},{"$i":"view-event-header","$v":"Događaj"},{"$i":"new-event-header","$v":"Dodaj događaj"},{"$i":"edit-event-header","$v":"Uredi događaj"},{"$i":"account-header","$v":"Nalog"},{"$i":"account-list-header","$v":"Nalozi"},{"$i":"advanced-settings-short-icon-button","ariaLabel":"Postavke"},{"$i":"advanced-settings-header","$v":"Postavke"},{"$i":"advanced-settings-personalization","$v":"Personalizacija"},{"$i":"advanced-settings-reminders","$v":"Podsetnici"},{"$i":"advanced-settings-add-account","$v":"Dodaj nalog"},{"$i":"field-user","placeholder":"Korisničko ime"},{"$i":"field-password","placeholder":"Lozinka"},{"$i":"field-full-url","placeholder":"URL"},{"$i":"modify-account-setting-up","$v":"Molim Vas sačekajte dok se Vaš nalog podešava"},{"$i":"modify-account-unable-to-sync","$v":"Nemoguće je sinhronizovati"},{"$i":"modify-account-sign-in","$v":"Prijavi se"},{"$i":"preset-caldav","$v":"CalDav"},{"$i":"preset-yahoo","$v":"Yahoo!"},{"$i":"preset-google","$v":"Google"},{"$i":"preset-local","$v":"Kalendar van mreže"},{"$i":"preset-mozilla","$v":"Mozilla Zimbra"},{"$i":"calendar-local","$v":"Kalendar van mreže"},{"$i":"event-title","placeholder":"Naslov"},{"$i":"event-location","placeholder":"Gde?"},{"$i":"event-description","placeholder":"Beleške"},{"$i":"event-is-allday","$v":"Celodnevni događaj?"},{"$i":"event-start-date","placeholder":"Datum početka"},{"$i":"event-end-date","placeholder":"Datum završetka"},{"$i":"event-start-time","placeholder":"Vreme početka"},{"$i":"event-end-time","placeholder":"Vreme završetka"},{"$i":"event-delete","$v":"Obriši događaj"},{"$i":"remove-account-data","$v":"Ukloni lokalne podatke"},{"$i":"remove-account-dialog","$v":"Ukloni nalog"},{"$i":"remove-account-dialog-details","$v":"Uklanjanjem ovog naloga ćete takođe ukloniti lokalnu kopiju povezanih kalendara i događaja."},{"$i":"drawer-sync-icon-button","ariaLabel":"Sync"},{"$i":"sync-progress-syncing","ariaValueText":"Sinhronizujem"},{"$i":"sync-progress-complete","ariaValueText":"Sinhronizacija je završena"},{"$i":"sync-frequency","$v":"Sinhronizuj kalendar"},{"$i":"sync-frequency-15min","$v":"15 min"},{"$i":"sync-frequency-30min","$v":"30 min"},{"$i":"sync-frequency-manual","$v":"Ručno"},{"$i":"one-day-duration","$v":[{"t":"idOrVar","v":"startDate"},"<br>od ",{"t":"idOrVar","v":"startTime"}," do ",{"t":"idOrVar","v":"endTime"}]},{"$i":"multiple-day-duration","$v":["Od ",{"t":"idOrVar","v":"startTime"}," ",{"t":"idOrVar","v":"startDate"},"<br>do ",{"t":"idOrVar","v":"endTime"}," ",{"t":"idOrVar","v":"endDate"}]},{"$i":"one-all-day-duration","$v":["Ceo dan<br>",{"t":"idOrVar","v":"startDate"}]},{"$i":"multiple-all-day-duration","$v":["Ceo dan od ",{"t":"idOrVar","v":"startDate"},"<br>do ",{"t":"idOrVar","v":"endDate"}]},{"$i":"none","$v":"Nijedan"},{"$i":"reminder","$v":"Podsetnik:"},{"$i":"remind-me","$v":"Podseti me"},{"$i":"alarm-at-event-standard","$v":"Za vreme događaja"},{"$i":"alarm-at-event-allday","$v":"Na dan događaja"},{"$i":"alarm-start-notice","$v":[{"t":"idOrVar","v":"title"}," počinje za ",{"t":"idOrVar","v":"distance"}]},{"$i":"alarm-started-notice","$v":[{"t":"idOrVar","v":"title"}," je počeo ",{"t":"idOrVar","v":"distance"}]},{"$i":"minutes-before","$v":{"zero":"0 minuta pre","one":"1 minut pre","two":[{"t":"idOrVar","v":"value"}," minuta pre"],"few":[{"t":"idOrVar","v":"value"}," minuta pre"],"many":[{"t":"idOrVar","v":"value"}," minuta pre"],"other":[{"t":"idOrVar","v":"value"}," minuta pre"]},"$x":[{"t":"idOrVar","v":"plural"},"value"]},{"$i":"hours-before","$v":{"zero":"0 sati pre","one":"1 sat pre","two":[{"t":"idOrVar","v":"value"}," sata pre"],"few":[{"t":"idOrVar","v":"value"}," sati pre"],"many":[{"t":"idOrVar","v":"value"}," sati pre"],"other":[{"t":"idOrVar","v":"value"}," sati pre"]},"$x":[{"t":"idOrVar","v":"plural"},"value"]},{"$i":"days-before","$v":{"zero":"0 dana pre","one":"1 dan pre","two":[{"t":"idOrVar","v":"value"}," dana pre"],"few":[{"t":"idOrVar","v":"value"}," dana pre"],"many":[{"t":"idOrVar","v":"value"}," dana pre"],"other":[{"t":"idOrVar","v":"value"}," dana pre"]},"$x":[{"t":"idOrVar","v":"plural"},"value"]},{"$i":"weeks-before","$v":{"zero":"0 nedelja pre","one":"1 nedelju pre","two":[{"t":"idOrVar","v":"value"}," nedelje pre"],"few":[{"t":"idOrVar","v":"value"}," nedelja pre"],"many":[{"t":"idOrVar","v":"value"}," nedelja pre"],"other":[{"t":"idOrVar","v":"value"}," nedelja pre"]},"$x":[{"t":"idOrVar","v":"plural"},"value"]},{"$i":"months-before","$v":{"zero":"0 meseci pre","one":"1 mesec pre","two":[{"t":"idOrVar","v":"value"}," meseca pre"],"few":[{"t":"idOrVar","v":"value"}," meseci pre"],"many":[{"t":"idOrVar","v":"value"}," meseci pre"],"other":[{"t":"idOrVar","v":"value"}," meseci pre"]},"$x":[{"t":"idOrVar","v":"plural"},"value"]},{"$i":"years-before","$v":{"zero":"0 godina pre","one":"1 godinu pre","two":[{"t":"idOrVar","v":"value"}," godine pre"],"few":[{"t":"idOrVar","v":"value"}," godina pre"],"many":[{"t":"idOrVar","v":"value"}," godina pre"],"other":[{"t":"idOrVar","v":"value"}," godina pre"]},"$x":[{"t":"idOrVar","v":"plural"},"value"]},{"$i":"minutes-after","$v":{"zero":"0 minuta posle","one":"1 minut posle","two":[{"t":"idOrVar","v":"value"}," minuta posle"],"few":[{"t":"idOrVar","v":"value"}," minuta posle"],"many":[{"t":"idOrVar","v":"value"}," minuta posle"],"other":[{"t":"idOrVar","v":"value"}," minuta posle"]},"$x":[{"t":"idOrVar","v":"plural"},"value"]},{"$i":"hours-after","$v":{"zero":"0 sati posle","one":"1 sat posle","two":[{"t":"idOrVar","v":"value"}," sata posle"],"few":[{"t":"idOrVar","v":"value"}," sati posle"],"many":[{"t":"idOrVar","v":"value"}," sati posle"],"other":[{"t":"idOrVar","v":"value"}," sati posle"]},"$x":[{"t":"idOrVar","v":"plural"},"value"]},{"$i":"days-after","$v":{"zero":"0 dana posle","one":"1 dan posle","two":[{"t":"idOrVar","v":"value"}," dana posle"],"few":[{"t":"idOrVar","v":"value"}," dana posle"],"many":[{"t":"idOrVar","v":"value"}," dana posle"],"other":[{"t":"idOrVar","v":"value"}," dana posle"]},"$x":[{"t":"idOrVar","v":"plural"},"value"]},{"$i":"weeks-after","$v":{"zero":"0 nedelja posle","one":"1 nedelju posle","two":[{"t":"idOrVar","v":"value"}," nedelje posle"],"few":[{"t":"idOrVar","v":"value"}," nedelja posle"],"many":[{"t":"idOrVar","v":"value"}," nedelja posle"],"other":[{"t":"idOrVar","v":"value"}," nedelja posle"]},"$x":[{"t":"idOrVar","v":"plural"},"value"]},{"$i":"months-after","$v":{"zero":"0 meseci posle","one":"1 mesec posle","two":[{"t":"idOrVar","v":"value"}," meseca posle"],"few":[{"t":"idOrVar","v":"value"}," meseci posle"],"many":[{"t":"idOrVar","v":"value"}," meseci posle"],"other":[{"t":"idOrVar","v":"value"}," meseci posle"]},"$x":[{"t":"idOrVar","v":"plural"},"value"]},{"$i":"years-after","$v":{"zero":"0 godina posle","one":"1 godinu posle","two":[{"t":"idOrVar","v":"value"}," godine posle"],"few":[{"t":"idOrVar","v":"value"}," godina posle"],"many":[{"t":"idOrVar","v":"value"}," godina posle"],"other":[{"t":"idOrVar","v":"value"}," godina posle"]},"$x":[{"t":"idOrVar","v":"plural"},"value"]},{"$i":"hour-format12","$v":"%I %p"},{"$i":"hour-format24","$v":"%H"},{"$i":"week-hour-format12","$v":"%I %p"},{"$i":"week-hour-format24","$v":"%H"},{"$i":"hour-allday","$v":"Ceo dan"},{"$i":"week-day","$v":"%a %e"},{"$i":"current-time12","$v":"%I:%M"},{"$i":"current-time24","$v":"%H:%M"},{"$i":"multi-month-view-header-format","$v":"%b %Y"},{"$i":"day-view-header-format","$v":"%a, %e %B "},{"$i":"months-day-view-header-format","$v":"%a, %b %e"},{"$i":"longDateFormat","$v":"%a, %b %d, %Y"},{"$i":"error-start-date-after-end-date","$v":"Događaj ne može da se završi pre njegovog datuma početka"},{"$i":"error-start-time-after-end-time","$v":"Događaj ne može da se završi pre njegovog vremena početka"},{"$i":"error-unauthenticated","$v":"Pogrešno korisničko ime i/ili lozinka"},{"$i":"error-internal-server-error","$v":"Greška na serveru. Proverite podatke za prijavljivanje i pokušajte ponovo."},{"$i":"error-default","$v":"Nešto nije u redu. Pokušajte malo kasnije."},{"$i":"error-offline","$v":"Nema veze. Proverite konfiguraciju Vaše mreže i pokušajte ponovo."},{"$i":"error-account-exist","$v":"Ovaj nalog već postoji."},{"$i":"notification-error-sync-title","$v":"Greška pri sinhronizaciji kalendara"},{"$i":"notification-error-sync-description","$v":"Pritisnite za više informacija"},{"$i":"weekday-0-single-char","$v":"N","ariaLabel":"Nedelja"},{"$i":"weekday-1-single-char","$v":"P","ariaLabel":"Ponedeljak"},{"$i":"weekday-2-single-char","$v":"U","ariaLabel":"Utorak"},{"$i":"weekday-3-single-char","$v":"S","ariaLabel":"Sreda"},{"$i":"weekday-4-single-char","$v":"Č","ariaLabel":"Četvrtak"},{"$i":"weekday-5-single-char","$v":"P","ariaLabel":"Petak"},{"$i":"weekday-6-single-char","$v":"S","ariaLabel":"Subota"},{"$i":"busy","$v":{"one":[{"t":"idOrVar","v":"n"}," događaj"],"two":[{"t":"idOrVar","v":"n"}," događaja"],"few":[{"t":"idOrVar","v":"n"}," događaja"],"many":[{"t":"idOrVar","v":"n"}," događaja"],"other":[{"t":"idOrVar","v":"n"}," događaja"]},"$x":[{"t":"idOrVar","v":"plural"},"n"]},{"$i":"present","ariaLabel":"Danas"},{"$i":"past-other-month-description","ariaLabel":"Other month"},{"$i":"future-other-month-description","ariaLabel":"Other month"},{"$i":"icon-calendar-alarm","ariaLabel":"Ima podsetnik"},{"$i":"calendars","ariaLabel":"Kalendari"},{"$i":"multi-day-new-event-link","ariaLabel":"Dodaj događaj"},{"$i":"title","ariaLabel":"Naslov"},{"$i":"location","ariaLabel":"Lokacija"},{"$i":"duration","ariaLabel":"Trajanje"},{"$i":"calendar","ariaLabel":"Kalendar"},{"$i":"alarms","ariaLabel":"Podsetnici"},{"$i":"description","ariaLabel":"Opis"},{"$i":"start-date","ariaLabel":"Datum početka"},{"$i":"start-time","ariaLabel":"Vreme početka"},{"$i":"end-date","ariaLabel":"Datum kraja"},{"$i":"end-time","ariaLabel":"Vreme kraja"},{"$i":"during-progress-loading","ariaValueText":"Učitavanje"},{"$i":"all-day","ariaLabel":"Ceo dan"},{"$i":"create-event","ariaLabel":"Napravi događaj"},{"$i":"create-all-day-event","ariaLabel":"Napravi celodnevni događaj"},{"$i":"event-one-day-duration","ariaLabel":["Od ",{"t":"idOrVar","v":"startTime"}," do ",{"t":"idOrVar","v":"endTime"}]},{"$i":"week-event-one-day-duration","ariaLabel":[{"t":"idOrVar","v":"startDate"}," od ",{"t":"idOrVar","v":"startTime"}," do ",{"t":"idOrVar","v":"endTime"}]},{"$i":"event-multiple-day-duration","ariaLabel":["Od ",{"t":"idOrVar","v":"startTime"}," ",{"t":"idOrVar","v":"startDate"}," do ",{"t":"idOrVar","v":"endTime"}," ",{"t":"idOrVar","v":"endDate"}]},{"$i":"weekday-0-long","$v":"Nedelja"},{"$i":"weekday-1-long","$v":"Ponedeljak"},{"$i":"weekday-2-long","$v":"Utorak"},{"$i":"weekday-3-long","$v":"Sreda"},{"$i":"weekday-4-long","$v":"Četvrtak"},{"$i":"weekday-5-long","$v":"Petak"},{"$i":"weekday-6-long","$v":"Subota"},{"$i":"weekday-0-short","$v":"Ned"},{"$i":"weekday-1-short","$v":"Pon"},{"$i":"weekday-2-short","$v":"Uto"},{"$i":"weekday-3-short","$v":"Sre"},{"$i":"weekday-4-short","$v":"Čet"},{"$i":"weekday-5-short","$v":"Pet"},{"$i":"weekday-6-short","$v":"Sub"},{"$i":"month-0-long","$v":"januar"},{"$i":"month-1-long","$v":"februar"},{"$i":"month-2-long","$v":"mart"},{"$i":"month-3-long","$v":"april"},{"$i":"month-4-long","$v":"maj"},{"$i":"month-5-long","$v":"jun"},{"$i":"month-6-long","$v":"jul"},{"$i":"month-7-long","$v":"avgust"},{"$i":"month-8-long","$v":"septembar"},{"$i":"month-9-long","$v":"oktobar"},{"$i":"month-10-long","$v":"novembar"},{"$i":"month-11-long","$v":"decembar"},{"$i":"month-0-genitive","$v":"januara"},{"$i":"month-1-genitive","$v":"februara"},{"$i":"month-2-genitive","$v":"marta"},{"$i":"month-3-genitive","$v":"aprila"},{"$i":"month-4-genitive","$v":"maja"},{"$i":"month-5-genitive","$v":"juna"},{"$i":"month-6-genitive","$v":"jula"},{"$i":"month-7-genitive","$v":"avgusta"},{"$i":"month-8-genitive","$v":"septembra"},{"$i":"month-9-genitive","$v":"oktobra"},{"$i":"month-10-genitive","$v":"novembra"},{"$i":"month-11-genitive","$v":"decembra"},{"$i":"month-0-short","$v":"jan"},{"$i":"month-1-short","$v":"feb"},{"$i":"month-2-short","$v":"mar"},{"$i":"month-3-short","$v":"apr"},{"$i":"month-4-short","$v":"maj"},{"$i":"month-5-short","$v":"jun"},{"$i":"month-6-short","$v":"jul"},{"$i":"month-7-short","$v":"avg"},{"$i":"month-8-short","$v":"sep"},{"$i":"month-9-short","$v":"okt"},{"$i":"month-10-short","$v":"nov"},{"$i":"month-11-short","$v":"dec"},{"$i":"minutes-ago-long","$v":{"zero":"upravo","one":"pre minut","two":["pre ",{"t":"idOrVar","v":"value"}," minuta"],"few":["pre ",{"t":"idOrVar","v":"value"}," minuta"],"many":["pre ",{"t":"idOrVar","v":"value"}," minuta"],"other":["pre ",{"t":"idOrVar","v":"value"}," minuta"]},"$x":[{"t":"idOrVar","v":"plural"},"value"]},{"$i":"hours-ago-long","$v":{"zero":"upravo","one":"pre sat vremena","two":["pre ",{"t":"idOrVar","v":"value"}," sata"],"few":["pre ",{"t":"idOrVar","v":"value"}," sati"],"many":["pre ",{"t":"idOrVar","v":"value"}," sati"],"other":["pre ",{"t":"idOrVar","v":"value"}," sati"]},"$x":[{"t":"idOrVar","v":"plural"},"value"]},{"$i":"days-ago-long","$v":{"zero":"danas","one":"juče","two":["pre ",{"t":"idOrVar","v":"value"}," dana"],"few":["pre ",{"t":"idOrVar","v":"value"}," dana"],"many":["pre ",{"t":"idOrVar","v":"value"}," dana"],"other":["pre ",{"t":"idOrVar","v":"value"}," dana"]},"$x":[{"t":"idOrVar","v":"plural"},"value"]},{"$i":"weeks-ago-long","$v":{"zero":"ove nedelje","one":"prošle nedelje","two":["pre ",{"t":"idOrVar","v":"value"}," nedelje"],"few":["pre ",{"t":"idOrVar","v":"value"}," nedelja"],"many":["pre ",{"t":"idOrVar","v":"value"}," nedelja"],"other":["pre ",{"t":"idOrVar","v":"value"}," nedelja"]},"$x":[{"t":"idOrVar","v":"plural"},"value"]},{"$i":"months-ago-long","$v":{"zero":"ovog meseca","one":"prošlog meseca","two":["pre ",{"t":"idOrVar","v":"value"}," meseca"],"few":["pre ",{"t":"idOrVar","v":"value"}," meseci"],"many":["pre ",{"t":"idOrVar","v":"value"}," meseci"],"other":["pre ",{"t":"idOrVar","v":"value"}," meseci"]},"$x":[{"t":"idOrVar","v":"plural"},"value"]},{"$i":"years-ago-long","$v":{"zero":"ove godine","one":"prošle godine","two":["pre ",{"t":"idOrVar","v":"value"}," godine"],"few":["pre ",{"t":"idOrVar","v":"value"}," godina"],"many":["pre ",{"t":"idOrVar","v":"value"}," godina"],"other":["pre ",{"t":"idOrVar","v":"value"}," godina"]},"$x":[{"t":"idOrVar","v":"plural"},"value"]},{"$i":"minutes-until-long","$v":{"zero":"upravo","one":"za jedan minut","two":["za ",{"t":"idOrVar","v":"value"}," minuta"],"few":["za ",{"t":"idOrVar","v":"value"}," minuta"],"many":["za ",{"t":"idOrVar","v":"value"}," minuta"],"other":["za ",{"t":"idOrVar","v":"value"}," minuta"]},"$x":[{"t":"idOrVar","v":"plural"},"value"]},{"$i":"hours-until-long","$v":{"zero":"upravo","one":"za sat vremena","two":["za ",{"t":"idOrVar","v":"value"}," sata"],"few":["za ",{"t":"idOrVar","v":"value"}," sati"],"many":["za ",{"t":"idOrVar","v":"value"}," sati"],"other":["za ",{"t":"idOrVar","v":"value"}," sati"]},"$x":[{"t":"idOrVar","v":"plural"},"value"]},{"$i":"days-until-long","$v":{"zero":"danas","one":"sutra","two":["za ",{"t":"idOrVar","v":"value"}," dana"],"few":["za ",{"t":"idOrVar","v":"value"}," dana"],"many":["za ",{"t":"idOrVar","v":"value"}," dana"],"other":["za ",{"t":"idOrVar","v":"value"}," dana"]},"$x":[{"t":"idOrVar","v":"plural"},"value"]},{"$i":"weeks-until-long","$v":{"zero":"ove nedelje","one":"sledeće nedelje","two":["za ",{"t":"idOrVar","v":"value"}," nedelje"],"few":["za ",{"t":"idOrVar","v":"value"}," nedelja"],"many":["za ",{"t":"idOrVar","v":"value"}," nedelja"],"other":["za ",{"t":"idOrVar","v":"value"}," nedelja"]},"$x":[{"t":"idOrVar","v":"plural"},"value"]},{"$i":"months-until-long","$v":{"zero":"ovog meseca","one":"sledećeg meseca","two":["za ",{"t":"idOrVar","v":"value"}," meseca"],"few":["za ",{"t":"idOrVar","v":"value"}," meseci"],"many":["za ",{"t":"idOrVar","v":"value"}," meseci"],"other":["za ",{"t":"idOrVar","v":"value"}," meseci"]},"$x":[{"t":"idOrVar","v":"plural"},"value"]},{"$i":"years-until-long","$v":{"zero":"ove godine","one":"sledeće godine","two":["za ",{"t":"idOrVar","v":"value"}," godine"],"few":["za ",{"t":"idOrVar","v":"value"}," godina"],"many":["za ",{"t":"idOrVar","v":"value"}," godina"],"other":["za ",{"t":"idOrVar","v":"value"}," godina"]},"$x":[{"t":"idOrVar","v":"plural"},"value"]},{"$i":"minutes-ago-short","$v":{"zero":"upravo","other":["pre ",{"t":"idOrVar","v":"value"},"m"]},"$x":[{"t":"idOrVar","v":"plural"},"value"]},{"$i":"hours-ago-short","$v":{"zero":"upravo","other":["pre ",{"t":"idOrVar","v":"value"},"s"]},"$x":[{"t":"idOrVar","v":"plural"},"value"]},{"$i":"days-ago-short","$v":{"zero":"danas","other":["pre ",{"t":"idOrVar","v":"value"},"d"]},"$x":[{"t":"idOrVar","v":"plural"},"value"]},{"$i":"minutes-until-short","$v":{"zero":"upravo","other":["za ",{"t":"idOrVar","v":"value"},"m"]},"$x":[{"t":"idOrVar","v":"plural"},"value"]},{"$i":"hours-until-short","$v":{"zero":"upravo","other":["za ",{"t":"idOrVar","v":"value"},"s"]},"$x":[{"t":"idOrVar","v":"plural"},"value"]},{"$i":"days-until-short","$v":{"zero":"danas","other":["za ",{"t":"idOrVar","v":"value"},"d"]},"$x":[{"t":"idOrVar","v":"plural"},"value"]},{"$i":"incorrectDate","$v":"(netačan datum)"},{"$i":"dateTimeFormat_%c","$v":"%a %e %b %Y %H:%M:%S"},{"$i":"dateTimeFormat_%x","$v":"%d.%m.%Y"},{"$i":"dateTimeFormat_%X","$v":"%H:%M:%S"},{"$i":"shortTimeFormat","$v":"%H:%M"},{"$i":"shortTimeFormat12","$v":"%I:%M %p"},{"$i":"shortTimeFormat24","$v":"%H:%M"},{"$i":"shortDateTimeFormat","$v":"%x %H:%M"},{"$i":"weekStartsOnMonday","$v":"1"},{"$i":"firstDayOfTheWeek","$v":"1"},{"$i":"time_am","$v":"AM"},{"$i":"time_pm","$v":"PM"}]