[{"$i":"back","$v":"Tillbaka"},{"$i":"save","$v":"Spara"},{"$i":"hide","$v":"Dölj"},{"$i":"cancel","$v":"Avbryt"},{"$i":"confirm","$v":"Bekräfta"},{"$i":"done","$v":"Klar"},{"$i":"events","$v":"Händelser"},{"$i":"edit","$v":"Redigera"},{"$i":"allday-events","$v":"Heldagshändelser"},{"$i":"no-events","$v":"Inga händelser"},{"$i":"show-today","$v":"Idag"},{"$i":"show-month-view","$v":"Månad"},{"$i":"show-week-view","$v":"Vecka"},{"$i":"show-day-view","$v":"Dag"},{"$i":"settings-show","$v":"Inställningar"},{"$i":"settings-hide","$v":"Dölj inställningar"},{"$i":"add-account","$v":"Lägg till ett konto"},{"$i":"new-event","$v":"Lägg till händelse"},{"$i":"view-event-header","$v":"Händelse"},{"$i":"new-event-header","$v":"Lägg till händelse"},{"$i":"edit-event-header","$v":"Redigera händelse"},{"$i":"account-header","$v":"Konto"},{"$i":"account-list-header","$v":"Konton"},{"$i":"advanced-settings-short-icon-button","ariaLabel":"Inställningar"},{"$i":"advanced-settings-header","$v":"Kalenderinställningar"},{"$i":"advanced-settings-personalization","$v":"Anpassning"},{"$i":"advanced-settings-reminders","$v":"Påminnelser"},{"$i":"advanced-settings-add-account","$v":"Lägg till konto"},{"$i":"field-user","placeholder":"Användarnamn"},{"$i":"field-password","placeholder":"Lösenord"},{"$i":"field-full-url","placeholder":"URL"},{"$i":"modify-account-setting-up","$v":"Vänta medan ditt konto konfigureras"},{"$i":"modify-account-unable-to-sync","$v":"Kan inte synkronisera"},{"$i":"modify-account-sign-in","$v":"Logga in"},{"$i":"preset-caldav","$v":"CalDav"},{"$i":"preset-yahoo","$v":"Yahoo!"},{"$i":"preset-google","$v":"Google"},{"$i":"preset-local","$v":"Kalender nedkopplad"},{"$i":"preset-mozilla","$v":"Mozilla Zimbra"},{"$i":"calendar-local","$v":"Kalender nedkopplad"},{"$i":"event-title","placeholder":"Titel"},{"$i":"event-location","placeholder":"Var?"},{"$i":"event-description","placeholder":"Anteckningar"},{"$i":"event-is-allday","$v":"Heldagsaktivitet?"},{"$i":"event-start-date","placeholder":"Startdatum"},{"$i":"event-end-date","placeholder":"Slutdatum"},{"$i":"event-start-time","placeholder":"Starttid"},{"$i":"event-end-time","placeholder":"Sluttid"},{"$i":"event-delete","$v":"Ta bort händelse"},{"$i":"remove-account-data","$v":"Ta bort lokal data"},{"$i":"remove-account-dialog","$v":"Ta bort konto"},{"$i":"remove-account-dialog-details","$v":"Borttagning av kontot kommer även ta bort din lokala kopia av tillhörande kalendrar och händelser."},{"$i":"drawer-sync-icon-button","ariaLabel":"Synkronisera"},{"$i":"sync-progress-syncing","ariaValueText":"Synkroniserar"},{"$i":"sync-progress-complete","ariaValueText":"Synkronisering färdig"},{"$i":"sync-frequency","$v":"Synkronisera kalender"},{"$i":"sync-frequency-15min","$v":"15 min"},{"$i":"sync-frequency-30min","$v":"30 min"},{"$i":"sync-frequency-manual","$v":"Manuellt"},{"$i":"one-day-duration","$v":[{"t":"idOrVar","v":"startDate"},"<br>från ",{"t":"idOrVar","v":"startTime"}," till ",{"t":"idOrVar","v":"endTime"}]},{"$i":"multiple-day-duration","$v":["Från ",{"t":"idOrVar","v":"startTime"}," ",{"t":"idOrVar","v":"startDate"},"<br>till ",{"t":"idOrVar","v":"endTime"}," ",{"t":"idOrVar","v":"endDate"}]},{"$i":"one-all-day-duration","$v":["Heldag<br>",{"t":"idOrVar","v":"startDate"}]},{"$i":"multiple-all-day-duration","$v":["Heldag från ",{"t":"idOrVar","v":"startDate"},"<br>till ",{"t":"idOrVar","v":"endDate"}]},{"$i":"none","$v":"Ingen"},{"$i":"reminder","$v":"Påminnelse:"},{"$i":"remind-me","$v":"Påminn mig"},{"$i":"alarm-at-event-standard","$v":"Vid tidpunkten för händelse"},{"$i":"alarm-at-event-allday","$v":"På dagen för händelse"},{"$i":"alarm-start-notice","$v":[{"t":"idOrVar","v":"title"}," startar ",{"t":"idOrVar","v":"distance"}]},{"$i":"alarm-started-notice","$v":[{"t":"idOrVar","v":"title"}," startade ",{"t":"idOrVar","v":"distance"}]},{"$i":"minutes-before","$v":{"zero":"0 minuter före","one":"1 minut före","two":[{"t":"idOrVar","v":"value"}," minuter före"],"few":[{"t":"idOrVar","v":"value"}," minuter före"],"many":[{"t":"idOrVar","v":"value"}," minuter före"],"other":[{"t":"idOrVar","v":"value"}," minuter före"]},"$x":[{"t":"idOrVar","v":"plural"},"value"]},{"$i":"hours-before","$v":{"zero":"0 timmar före","one":"1 timme före","two":[{"t":"idOrVar","v":"value"}," timmar före"],"few":[{"t":"idOrVar","v":"value"}," timmar före"],"many":[{"t":"idOrVar","v":"value"}," timmar före"],"other":[{"t":"idOrVar","v":"value"}," timmar före"]},"$x":[{"t":"idOrVar","v":"plural"},"value"]},{"$i":"days-before","$v":{"zero":"0 dagar före","one":"1 dag före","two":[{"t":"idOrVar","v":"value"}," dagar före"],"few":[{"t":"idOrVar","v":"value"}," dagar före"],"many":[{"t":"idOrVar","v":"value"}," dagar före"],"other":[{"t":"idOrVar","v":"value"}," dagar före"]},"$x":[{"t":"idOrVar","v":"plural"},"value"]},{"$i":"weeks-before","$v":{"zero":"0 veckor före","one":"1 vecka före","two":[{"t":"idOrVar","v":"value"}," veckor före"],"few":[{"t":"idOrVar","v":"value"}," veckor före"],"many":[{"t":"idOrVar","v":"value"}," veckor före"],"other":[{"t":"idOrVar","v":"value"}," veckor före"]},"$x":[{"t":"idOrVar","v":"plural"},"value"]},{"$i":"months-before","$v":{"zero":"0 månader före","one":"1 månad före","two":[{"t":"idOrVar","v":"value"}," månader före"],"few":[{"t":"idOrVar","v":"value"}," månader före"],"many":[{"t":"idOrVar","v":"value"}," månader före"],"other":[{"t":"idOrVar","v":"value"}," månader före"]},"$x":[{"t":"idOrVar","v":"plural"},"value"]},{"$i":"years-before","$v":{"zero":"0 år före","one":"1 år före","two":[{"t":"idOrVar","v":"value"}," år före"],"few":[{"t":"idOrVar","v":"value"}," år före"],"many":[{"t":"idOrVar","v":"value"}," år före"],"other":[{"t":"idOrVar","v":"value"}," år före"]},"$x":[{"t":"idOrVar","v":"plural"},"value"]},{"$i":"minutes-after","$v":{"zero":"0 minuter efter","one":"1 minut efter","two":[{"t":"idOrVar","v":"value"}," minuter efter"],"few":[{"t":"idOrVar","v":"value"}," minuter efter"],"many":[{"t":"idOrVar","v":"value"}," minuter efter"],"other":[{"t":"idOrVar","v":"value"}," minuter efter"]},"$x":[{"t":"idOrVar","v":"plural"},"value"]},{"$i":"hours-after","$v":{"zero":"0 timmar efter","one":"1 timme efter","two":[{"t":"idOrVar","v":"value"}," timmar efter"],"few":[{"t":"idOrVar","v":"value"}," timmar efter"],"many":[{"t":"idOrVar","v":"value"}," timmar efter"],"other":[{"t":"idOrVar","v":"value"}," timmar efter"]},"$x":[{"t":"idOrVar","v":"plural"},"value"]},{"$i":"days-after","$v":{"zero":"0 dagar efter","one":"1 dag efter","two":[{"t":"idOrVar","v":"value"}," dagar efter"],"few":[{"t":"idOrVar","v":"value"}," dagar efter"],"many":[{"t":"idOrVar","v":"value"}," dagar efter"],"other":[{"t":"idOrVar","v":"value"}," dagar efter"]},"$x":[{"t":"idOrVar","v":"plural"},"value"]},{"$i":"weeks-after","$v":{"zero":"0 veckor efter","one":"1 vecka efter","two":[{"t":"idOrVar","v":"value"}," veckor efter"],"few":[{"t":"idOrVar","v":"value"}," veckor efter"],"many":[{"t":"idOrVar","v":"value"}," veckor efter"],"other":[{"t":"idOrVar","v":"value"}," veckor efter"]},"$x":[{"t":"idOrVar","v":"plural"},"value"]},{"$i":"months-after","$v":{"zero":"0 månader efter","one":"1 månad efter","two":[{"t":"idOrVar","v":"value"}," månader efter"],"few":[{"t":"idOrVar","v":"value"}," månader efter"],"many":[{"t":"idOrVar","v":"value"}," månader efter"],"other":[{"t":"idOrVar","v":"value"}," månader efter"]},"$x":[{"t":"idOrVar","v":"plural"},"value"]},{"$i":"years-after","$v":{"zero":"0 år efter","one":"1 år efter","two":[{"t":"idOrVar","v":"value"}," år efter"],"few":[{"t":"idOrVar","v":"value"}," år efter"],"many":[{"t":"idOrVar","v":"value"}," år efter"],"other":[{"t":"idOrVar","v":"value"}," år efter"]},"$x":[{"t":"idOrVar","v":"plural"},"value"]},{"$i":"hour-format12","$v":"%I %p"},{"$i":"hour-format24","$v":"%H"},{"$i":"week-hour-format12","$v":"%I %p"},{"$i":"week-hour-format24","$v":"%H"},{"$i":"hour-allday","$v":"Heldag"},{"$i":"week-day","$v":"%a %e"},{"$i":"current-time12","$v":"%I:%M"},{"$i":"current-time24","$v":"%H:%M"},{"$i":"multi-month-view-header-format","$v":"%b %Y"},{"$i":"day-view-header-format","$v":"%A %e %b"},{"$i":"months-day-view-header-format","$v":"%A %e %b"},{"$i":"longDateFormat","$v":"%A %d %B %Y"},{"$i":"error-start-date-after-end-date","$v":"Händelsen kan inte sluta före startdatum"},{"$i":"error-start-time-after-end-time","$v":"Händelsen kan inte upphöra före sin starttid"},{"$i":"error-unauthenticated","$v":"Fel användarnamn och/eller lösenord"},{"$i":"error-internal-server-error","$v":"Serverfel. Kontrollera din inloggning och försök igen."},{"$i":"error-default","$v":"Något är fel. Försök igen senare."},{"$i":"error-offline","$v":"Ingen anslutning. Kontrollera din nätverkskonfiguration och försök igen."},{"$i":"error-account-exist","$v":"Kontot finns redan."},{"$i":"notification-error-sync-title","$v":"Fel kalendersynk"},{"$i":"notification-error-sync-description","$v":"Peka här för mer information"},{"$i":"weekday-0-single-char","$v":"S","ariaLabel":"Söndag"},{"$i":"weekday-1-single-char","$v":"M","ariaLabel":"Måndag"},{"$i":"weekday-2-single-char","$v":"T","ariaLabel":"Tisdag"},{"$i":"weekday-3-single-char","$v":"O","ariaLabel":"Onsdag"},{"$i":"weekday-4-single-char","$v":"T","ariaLabel":"Torsdag"},{"$i":"weekday-5-single-char","$v":"F","ariaLabel":"Fredag"},{"$i":"weekday-6-single-char","$v":"L","ariaLabel":"Lördag"},{"$i":"busy","$v":{"one":[{"t":"idOrVar","v":"n"}," händelse"],"two":[{"t":"idOrVar","v":"n"}," händelser"],"few":[{"t":"idOrVar","v":"n"}," händelser"],"many":[{"t":"idOrVar","v":"n"}," händelser"],"other":[{"t":"idOrVar","v":"n"}," händelser"]},"$x":[{"t":"idOrVar","v":"plural"},"n"]},{"$i":"present","ariaLabel":"Idag"},{"$i":"past-other-month-description","ariaLabel":"Other month"},{"$i":"future-other-month-description","ariaLabel":"Other month"},{"$i":"icon-calendar-alarm","ariaLabel":"Har alarm"},{"$i":"calendars","ariaLabel":"Kalendrar"},{"$i":"multi-day-new-event-link","ariaLabel":"Lägg till händelse"},{"$i":"title","ariaLabel":"Titel"},{"$i":"location","ariaLabel":"Plats"},{"$i":"duration","ariaLabel":"Varaktighet"},{"$i":"calendar","ariaLabel":"Kalender"},{"$i":"alarms","ariaLabel":"Alarm"},{"$i":"description","ariaLabel":"Beskrivning"},{"$i":"start-date","ariaLabel":"Startdatum"},{"$i":"start-time","ariaLabel":"Starttid"},{"$i":"end-date","ariaLabel":"Slutdatum"},{"$i":"end-time","ariaLabel":"Sluttid"},{"$i":"during-progress-loading","ariaValueText":"Laddar"},{"$i":"all-day","ariaLabel":"Heldag"},{"$i":"create-event","ariaLabel":"Skapa händelse"},{"$i":"create-all-day-event","ariaLabel":"Skapa heldagshändelse"},{"$i":"event-one-day-duration","ariaLabel":["från ",{"t":"idOrVar","v":"startTime"}," till ",{"t":"idOrVar","v":"endTime"}]},{"$i":"week-event-one-day-duration","ariaLabel":[{"t":"idOrVar","v":"startDate"}," från ",{"t":"idOrVar","v":"startTime"}," till ",{"t":"idOrVar","v":"endTime"}]},{"$i":"event-multiple-day-duration","ariaLabel":["Från ",{"t":"idOrVar","v":"startTime"}," ",{"t":"idOrVar","v":"startDate"}," till ",{"t":"idOrVar","v":"endTime"}," ",{"t":"idOrVar","v":"endDate"}]},{"$i":"weekday-0-long","$v":"Söndag"},{"$i":"weekday-1-long","$v":"Måndag"},{"$i":"weekday-2-long","$v":"Tisdag"},{"$i":"weekday-3-long","$v":"Onsdag"},{"$i":"weekday-4-long","$v":"Torsdag"},{"$i":"weekday-5-long","$v":"Fredag"},{"$i":"weekday-6-long","$v":"Lördag"},{"$i":"weekday-0-short","$v":"Sön"},{"$i":"weekday-1-short","$v":"Mån"},{"$i":"weekday-2-short","$v":"Tis"},{"$i":"weekday-3-short","$v":"Ons"},{"$i":"weekday-4-short","$v":"Tor"},{"$i":"weekday-5-short","$v":"Fre"},{"$i":"weekday-6-short","$v":"Lör"},{"$i":"month-0-long","$v":"Januari"},{"$i":"month-1-long","$v":"Februari"},{"$i":"month-2-long","$v":"Mars"},{"$i":"month-3-long","$v":"April"},{"$i":"month-4-long","$v":"Maj"},{"$i":"month-5-long","$v":"Juni"},{"$i":"month-6-long","$v":"Juli"},{"$i":"month-7-long","$v":"Augusti"},{"$i":"month-8-long","$v":"September"},{"$i":"month-9-long","$v":"Oktober"},{"$i":"month-10-long","$v":"November"},{"$i":"month-11-long","$v":"December"},{"$i":"month-0-genitive","$v":"Januari"},{"$i":"month-1-genitive","$v":"Februari"},{"$i":"month-2-genitive","$v":"Mars"},{"$i":"month-3-genitive","$v":"April"},{"$i":"month-4-genitive","$v":"Maj"},{"$i":"month-5-genitive","$v":"Juni"},{"$i":"month-6-genitive","$v":"Juli"},{"$i":"month-7-genitive","$v":"Augusti"},{"$i":"month-8-genitive","$v":"September"},{"$i":"month-9-genitive","$v":"Oktober"},{"$i":"month-10-genitive","$v":"November"},{"$i":"month-11-genitive","$v":"December"},{"$i":"month-0-short","$v":"Jan"},{"$i":"month-1-short","$v":"Feb"},{"$i":"month-2-short","$v":"Mar"},{"$i":"month-3-short","$v":"Apr"},{"$i":"month-4-short","$v":"Maj"},{"$i":"month-5-short","$v":"Jun"},{"$i":"month-6-short","$v":"Jul"},{"$i":"month-7-short","$v":"Aug"},{"$i":"month-8-short","$v":"Sep"},{"$i":"month-9-short","$v":"Okt"},{"$i":"month-10-short","$v":"Nov"},{"$i":"month-11-short","$v":"Dec"},{"$i":"minutes-ago-long","$v":{"zero":"nyss","one":"en minut sen","two":[{"t":"idOrVar","v":"value"}," minuter sen"],"few":[{"t":"idOrVar","v":"value"}," minuter sen"],"many":[{"t":"idOrVar","v":"value"}," minuter sen"],"other":[{"t":"idOrVar","v":"value"}," minuter sen"]},"$x":[{"t":"idOrVar","v":"plural"},"value"]},{"$i":"hours-ago-long","$v":{"zero":"nyss","one":"en timme sen","two":[{"t":"idOrVar","v":"value"}," timmar sen"],"few":[{"t":"idOrVar","v":"value"}," timmar sen"],"many":[{"t":"idOrVar","v":"value"}," timmar sen"],"other":[{"t":"idOrVar","v":"value"}," timmar sen"]},"$x":[{"t":"idOrVar","v":"plural"},"value"]},{"$i":"days-ago-long","$v":{"zero":"idag","one":"igår","two":[{"t":"idOrVar","v":"value"}," dagar sen"],"few":[{"t":"idOrVar","v":"value"}," dagar sen"],"many":[{"t":"idOrVar","v":"value"}," dagar sen"],"other":[{"t":"idOrVar","v":"value"}," dagar sen"]},"$x":[{"t":"idOrVar","v":"plural"},"value"]},{"$i":"weeks-ago-long","$v":{"zero":"denna vecka","one":"förra veckan","two":[{"t":"idOrVar","v":"value"}," veckor sen"],"few":[{"t":"idOrVar","v":"value"}," veckor sen"],"many":[{"t":"idOrVar","v":"value"}," veckor sen"],"other":[{"t":"idOrVar","v":"value"}," veckor sen"]},"$x":[{"t":"idOrVar","v":"plural"},"value"]},{"$i":"months-ago-long","$v":{"zero":"denna månad","one":"förra månaden","two":[{"t":"idOrVar","v":"value"}," månader sen"],"few":[{"t":"idOrVar","v":"value"}," månader sen"],"many":[{"t":"idOrVar","v":"value"}," månader sen"],"other":[{"t":"idOrVar","v":"value"}," månader sen"]},"$x":[{"t":"idOrVar","v":"plural"},"value"]},{"$i":"years-ago-long","$v":{"zero":"detta år","one":"förra året","two":[{"t":"idOrVar","v":"value"}," år sen"],"few":[{"t":"idOrVar","v":"value"}," år sen"],"many":[{"t":"idOrVar","v":"value"}," år sen"],"other":[{"t":"idOrVar","v":"value"}," år sen"]},"$x":[{"t":"idOrVar","v":"plural"},"value"]},{"$i":"minutes-until-long","$v":{"zero":"nu","one":"om en minut","two":["om ",{"t":"idOrVar","v":"value"}," minuter"],"few":["om ",{"t":"idOrVar","v":"value"}," minuter"],"many":["om ",{"t":"idOrVar","v":"value"}," minuter"],"other":["om ",{"t":"idOrVar","v":"value"}," minuter"]},"$x":[{"t":"idOrVar","v":"plural"},"value"]},{"$i":"hours-until-long","$v":{"zero":"nu","one":"om en timme","two":["om ",{"t":"idOrVar","v":"value"}," timmar"],"few":["om ",{"t":"idOrVar","v":"value"}," timmar"],"many":["om ",{"t":"idOrVar","v":"value"}," timmar"],"other":["om ",{"t":"idOrVar","v":"value"}," timmar"]},"$x":[{"t":"idOrVar","v":"plural"},"value"]},{"$i":"days-until-long","$v":{"zero":"idag","one":"imorgon","two":["om ",{"t":"idOrVar","v":"value"}," dagar"],"few":["om ",{"t":"idOrVar","v":"value"}," dagar"],"many":["om ",{"t":"idOrVar","v":"value"}," dagar"],"other":["om ",{"t":"idOrVar","v":"value"}," dagar"]},"$x":[{"t":"idOrVar","v":"plural"},"value"]},{"$i":"weeks-until-long","$v":{"zero":"denna vecka","one":"nästa vecka","two":["om ",{"t":"idOrVar","v":"value"}," veckor"],"few":["om ",{"t":"idOrVar","v":"value"}," veckor"],"many":["om ",{"t":"idOrVar","v":"value"}," veckor"],"other":["om ",{"t":"idOrVar","v":"value"}," veckor"]},"$x":[{"t":"idOrVar","v":"plural"},"value"]},{"$i":"months-until-long","$v":{"zero":"denna månad","one":"nästa månad","two":["om ",{"t":"idOrVar","v":"value"}," månader"],"few":["om ",{"t":"idOrVar","v":"value"}," månader"],"many":["om ",{"t":"idOrVar","v":"value"}," månader"],"other":["om ",{"t":"idOrVar","v":"value"}," månader"]},"$x":[{"t":"idOrVar","v":"plural"},"value"]},{"$i":"years-until-long","$v":{"zero":"detta år","one":"nästa år","two":["om ",{"t":"idOrVar","v":"value"}," år"],"few":["om ",{"t":"idOrVar","v":"value"}," år"],"many":["om ",{"t":"idOrVar","v":"value"}," år"],"other":["om ",{"t":"idOrVar","v":"value"}," år"]},"$x":[{"t":"idOrVar","v":"plural"},"value"]},{"$i":"minutes-ago-short","$v":{"zero":"nyss","other":[{"t":"idOrVar","v":"value"}," min sen"]},"$x":[{"t":"idOrVar","v":"plural"},"value"]},{"$i":"hours-ago-short","$v":{"zero":"nyss","other":[{"t":"idOrVar","v":"value"}," tim. sen"]},"$x":[{"t":"idOrVar","v":"plural"},"value"]},{"$i":"days-ago-short","$v":{"zero":"idag","other":[{"t":"idOrVar","v":"value"}," dygn sen"]},"$x":[{"t":"idOrVar","v":"plural"},"value"]},{"$i":"minutes-until-short","$v":{"zero":"nu","other":["om ",{"t":"idOrVar","v":"value"}," min"]},"$x":[{"t":"idOrVar","v":"plural"},"value"]},{"$i":"hours-until-short","$v":{"zero":"nu","other":["om ",{"t":"idOrVar","v":"value"}," tim."]},"$x":[{"t":"idOrVar","v":"plural"},"value"]},{"$i":"days-until-short","$v":{"zero":"idag","other":["om ",{"t":"idOrVar","v":"value"}," dygn"]},"$x":[{"t":"idOrVar","v":"plural"},"value"]},{"$i":"incorrectDate","$v":"(felaktigt datum)"},{"$i":"dateTimeFormat_%c","$v":"%a %e %b %Y %H:%M:%S"},{"$i":"dateTimeFormat_%x","$v":"%d/%m/%Y"},{"$i":"dateTimeFormat_%X","$v":"%H:%M:%S"},{"$i":"shortTimeFormat","$v":"%H:%M"},{"$i":"shortTimeFormat12","$v":"%I:%M %p"},{"$i":"shortTimeFormat24","$v":"%H:%M"},{"$i":"shortDateTimeFormat","$v":"%x %H:%M"},{"$i":"weekStartsOnMonday","$v":"1"},{"$i":"firstDayOfTheWeek","$v":"1"},{"$i":"time_am","$v":"AM"},{"$i":"time_pm","$v":"PM"}]