[{"$i":"back","$v":"Geri"},{"$i":"save","$v":"Kaydet"},{"$i":"hide","$v":"Gizle"},{"$i":"cancel","$v":"İptal"},{"$i":"confirm","$v":"Onayla"},{"$i":"done","$v":"Bitti"},{"$i":"events","$v":"Etkinlikler"},{"$i":"edit","$v":"Düzenle"},{"$i":"allday-events","$v":"Tam günlük etkinlikler"},{"$i":"no-events","$v":"Etkinlik yok"},{"$i":"show-today","$v":"Bugün"},{"$i":"show-month-view","$v":"Ay"},{"$i":"show-week-view","$v":"Hafta"},{"$i":"show-day-view","$v":"Gün"},{"$i":"settings-show","$v":"Ayarlar"},{"$i":"settings-hide","$v":"Ayarları gizle"},{"$i":"add-account","$v":"Bir hesap ekle"},{"$i":"new-event","$v":"Etkinlik ekle"},{"$i":"view-event-header","$v":"Etkinlik"},{"$i":"new-event-header","$v":"Etkinlik ekle"},{"$i":"edit-event-header","$v":"Etkinliği düzenle"},{"$i":"account-header","$v":"Hesap"},{"$i":"account-list-header","$v":"Hesaplar"},{"$i":"advanced-settings-short-icon-button","ariaLabel":"Settings"},{"$i":"advanced-settings-header","$v":"Takvim Ayarları"},{"$i":"advanced-settings-personalization","$v":"Kişiselleştirme"},{"$i":"advanced-settings-reminders","$v":"Hatırlatıcılar"},{"$i":"advanced-settings-add-account","$v":"Hesap ekle"},{"$i":"field-user","placeholder":"Kullanıcı adı"},{"$i":"field-password","placeholder":"Parola"},{"$i":"field-full-url","placeholder":"URL"},{"$i":"modify-account-setting-up","$v":"Lütfen hesabınız ayarlanırken bekleyin"},{"$i":"modify-account-unable-to-sync","$v":"Eşitlenemedi"},{"$i":"modify-account-sign-in","$v":"Giriş"},{"$i":"preset-caldav","$v":"CalDav"},{"$i":"preset-yahoo","$v":"Yahoo!"},{"$i":"preset-google","$v":"Google"},{"$i":"preset-local","$v":"Çevrimdışı takvim"},{"$i":"preset-mozilla","$v":"Mozilla Zimbra"},{"$i":"calendar-local","$v":"Çevrimdışı takvim"},{"$i":"event-title","placeholder":"Başlık"},{"$i":"event-location","placeholder":"Nerede?"},{"$i":"event-description","placeholder":"Notlar"},{"$i":"event-is-allday","$v":"Tam günlük etkinlik mi?"},{"$i":"event-start-date","placeholder":"Başlangıç tarihi"},{"$i":"event-end-date","placeholder":"Bitiş tarihi"},{"$i":"event-start-time","placeholder":"Başlangıç saati"},{"$i":"event-end-time","placeholder":"Bitiş saati"},{"$i":"event-delete","$v":"Etkinliği sil"},{"$i":"remove-account-data","$v":"Yerel verileri kaldır"},{"$i":"remove-account-dialog","$v":"Hesabı kaldır"},{"$i":"remove-account-dialog-details","$v":"Bu hesabı kaldırmak aynı zamanda ilgili takvim ve etkinliklere ait yerel kopyalarınızı da kaldıracaktır."},{"$i":"drawer-sync-icon-button","ariaLabel":"Sync"},{"$i":"sync-progress-syncing","ariaValueText":"Syncing"},{"$i":"sync-progress-complete","ariaValueText":"Syncing complete"},{"$i":"sync-frequency","$v":"Takvimi eşitle"},{"$i":"sync-frequency-15min","$v":"15 dakika"},{"$i":"sync-frequency-30min","$v":"30 dakika"},{"$i":"sync-frequency-manual","$v":"Elle"},{"$i":"one-day-duration","$v":[{"t":"idOrVar","v":"startDate"},"<br>",{"t":"idOrVar","v":"startTime"}," - ",{"t":"idOrVar","v":"endTime"}]},{"$i":"multiple-day-duration","$v":[{"t":"idOrVar","v":"startTime"}," ",{"t":"idOrVar","v":"startDate"},"<br>- ",{"t":"idOrVar","v":"endTime"}," ",{"t":"idOrVar","v":"endDate"}]},{"$i":"one-all-day-duration","$v":["Tüm gün<br>",{"t":"idOrVar","v":"startDate"}]},{"$i":"multiple-all-day-duration","$v":["Tüm gün ",{"t":"idOrVar","v":"startDate"},"<br> ",{"t":"idOrVar","v":"endDate"}]},{"$i":"none","$v":"Yok"},{"$i":"reminder","$v":"Hatırlatıcı:"},{"$i":"remind-me","$v":"Bana hatırlat"},{"$i":"alarm-at-event-standard","$v":"Etkinlik anında"},{"$i":"alarm-at-event-allday","$v":"Etkinlik gününde"},{"$i":"alarm-start-notice","$v":[{"t":"idOrVar","v":"title"}," ",{"t":"idOrVar","v":"distance"}," içinde başlıyor"]},{"$i":"alarm-started-notice","$v":[{"t":"idOrVar","v":"title"}," ",{"t":"idOrVar","v":"distance"}," başladı"]},{"$i":"minutes-before","$v":{"zero":"0 dakika önce","one":"1 dakika önce","two":[{"t":"idOrVar","v":"value"}," dakika önce"],"few":[{"t":"idOrVar","v":"value"}," dakika önce"],"many":[{"t":"idOrVar","v":"value"}," dakika önce"],"other":[{"t":"idOrVar","v":"value"}," dakika önce"]},"$x":[{"t":"idOrVar","v":"plural"},"value"]},{"$i":"hours-before","$v":{"zero":"0 saat önce","one":"1 saat önce","two":[{"t":"idOrVar","v":"value"}," saat önce"],"few":[{"t":"idOrVar","v":"value"}," saat önce"],"many":[{"t":"idOrVar","v":"value"}," saat önce"],"other":[{"t":"idOrVar","v":"value"}," saat önce"]},"$x":[{"t":"idOrVar","v":"plural"},"value"]},{"$i":"days-before","$v":{"zero":"0 gün önce","one":"1 gün önce","two":[{"t":"idOrVar","v":"value"}," gün önce"],"few":[{"t":"idOrVar","v":"value"}," gün önce"],"many":[{"t":"idOrVar","v":"value"}," gün önce"],"other":[{"t":"idOrVar","v":"value"}," gün önce"]},"$x":[{"t":"idOrVar","v":"plural"},"value"]},{"$i":"weeks-before","$v":{"zero":"0 hafta önce","one":"1 hafta önce","two":[{"t":"idOrVar","v":"value"}," hafta önce"],"few":[{"t":"idOrVar","v":"value"}," hafta önce"],"many":[{"t":"idOrVar","v":"value"}," hafta önce"],"other":[{"t":"idOrVar","v":"value"}," hafta önce"]},"$x":[{"t":"idOrVar","v":"plural"},"value"]},{"$i":"months-before","$v":{"zero":"0 ay önce","one":"1 ay önce","two":[{"t":"idOrVar","v":"value"}," ay önce"],"few":[{"t":"idOrVar","v":"value"}," ay önce"],"many":[{"t":"idOrVar","v":"value"}," ay önce"],"other":[{"t":"idOrVar","v":"value"}," ay önce"]},"$x":[{"t":"idOrVar","v":"plural"},"value"]},{"$i":"years-before","$v":{"zero":"0 yıl önce","one":"1 yıl önce","two":[{"t":"idOrVar","v":"value"}," yıl önce"],"few":[{"t":"idOrVar","v":"value"}," yıl önce"],"many":[{"t":"idOrVar","v":"value"}," yıl önce"],"other":[{"t":"idOrVar","v":"value"}," yıl önce"]},"$x":[{"t":"idOrVar","v":"plural"},"value"]},{"$i":"minutes-after","$v":{"zero":"0 dakika sonra","one":"1 dakika sonra","two":[{"t":"idOrVar","v":"value"}," dakika sonra"],"few":[{"t":"idOrVar","v":"value"}," dakika sonra"],"many":[{"t":"idOrVar","v":"value"}," dakika sonra"],"other":[{"t":"idOrVar","v":"value"}," dakika sonra"]},"$x":[{"t":"idOrVar","v":"plural"},"value"]},{"$i":"hours-after","$v":{"zero":"0 saat sonra","one":"1 saat sonra","two":[{"t":"idOrVar","v":"value"}," saat sonra"],"few":[{"t":"idOrVar","v":"value"}," saat sonra"],"many":[{"t":"idOrVar","v":"value"}," saat sonra"],"other":[{"t":"idOrVar","v":"value"}," saat sonra"]},"$x":[{"t":"idOrVar","v":"plural"},"value"]},{"$i":"days-after","$v":{"zero":"0 gün sonra","one":"1 gün sonra","two":[{"t":"idOrVar","v":"value"}," gün sonra"],"few":[{"t":"idOrVar","v":"value"}," gün sonra"],"many":[{"t":"idOrVar","v":"value"}," gün sonra"],"other":[{"t":"idOrVar","v":"value"}," gün sonra"]},"$x":[{"t":"idOrVar","v":"plural"},"value"]},{"$i":"weeks-after","$v":{"zero":"0 hafta sonra","one":"1 hafta sonra","two":[{"t":"idOrVar","v":"value"}," hafta sonra"],"few":[{"t":"idOrVar","v":"value"}," hafta sonra"],"many":[{"t":"idOrVar","v":"value"}," hafta sonra"],"other":[{"t":"idOrVar","v":"value"}," hafta sonra"]},"$x":[{"t":"idOrVar","v":"plural"},"value"]},{"$i":"months-after","$v":{"zero":"0 ay sonra","one":"1 ay sonra","two":[{"t":"idOrVar","v":"value"}," ay sonra"],"few":[{"t":"idOrVar","v":"value"}," ay sonra"],"many":[{"t":"idOrVar","v":"value"}," ay sonra"],"other":[{"t":"idOrVar","v":"value"}," ay sonra"]},"$x":[{"t":"idOrVar","v":"plural"},"value"]},{"$i":"years-after","$v":{"zero":"0 yıl sonra","one":"1 yıl sonra","two":[{"t":"idOrVar","v":"value"}," yıl sonra"],"few":[{"t":"idOrVar","v":"value"}," yıl sonra"],"many":[{"t":"idOrVar","v":"value"}," yıl sonra"],"other":[{"t":"idOrVar","v":"value"}," yıl sonra"]},"$x":[{"t":"idOrVar","v":"plural"},"value"]},{"$i":"hour-format12","$v":"%I %p"},{"$i":"hour-format24","$v":"%H"},{"$i":"week-hour-format12","$v":"%I %p"},{"$i":"week-hour-format24","$v":"%H"},{"$i":"hour-allday","$v":"Tüm Gün"},{"$i":"week-day","$v":"%a %e"},{"$i":"current-time12","$v":"%I:%M"},{"$i":"current-time24","$v":"%H:%M"},{"$i":"multi-month-view-header-format","$v":"%b %Y"},{"$i":"day-view-header-format","$v":"%e %b %A"},{"$i":"months-day-view-header-format","$v":"%e %b %A"},{"$i":"longDateFormat","$v":"%d %B %Y %A"},{"$i":"error-start-date-after-end-date","$v":"Etkinlik başlangıç tarihinden önce bitemez"},{"$i":"error-start-time-after-end-time","$v":"Etkinlik başlangıç saatinden önce bitemez"},{"$i":"error-unauthenticated","$v":"Yanlış kullanıcı adı ve/veya parola"},{"$i":"error-internal-server-error","$v":"Sunucu hatası. Giriş bilgilerinizi kontrol edip tekrar deneyin."},{"$i":"error-default","$v":"Yanlış giden bir şey var. Daha sonra tekrar deneyin."},{"$i":"error-offline","$v":"Bağlantı yok. Ağ yapılandırmanızı kontrol edin ve tekrar deneyin."},{"$i":"error-account-exist","$v":"Bu hesap zaten var."},{"$i":"notification-error-sync-title","$v":"Takvim eşitleme hatası"},{"$i":"notification-error-sync-description","$v":"Daha fazla bilgi için dokun"},{"$i":"weekday-0-single-char","$v":"P","ariaLabel":"Pazar"},{"$i":"weekday-1-single-char","$v":"P","ariaLabel":"Pazartesi"},{"$i":"weekday-2-single-char","$v":"S","ariaLabel":"Salı"},{"$i":"weekday-3-single-char","$v":"Ç","ariaLabel":"Çarşamba"},{"$i":"weekday-4-single-char","$v":"P","ariaLabel":"Perşembe"},{"$i":"weekday-5-single-char","$v":"C","ariaLabel":"Cuma"},{"$i":"weekday-6-single-char","$v":"C","ariaLabel":"Cumartesi"},{"$i":"busy","$v":{"one":[{"t":"idOrVar","v":"n"}," etkinlik"],"two":[{"t":"idOrVar","v":"n"}," etkinlik"],"few":[{"t":"idOrVar","v":"n"}," etkinlik"],"many":[{"t":"idOrVar","v":"n"}," etkinlik"],"other":[{"t":"idOrVar","v":"n"}," etkinlik"]},"$x":[{"t":"idOrVar","v":"plural"},"n"]},{"$i":"present","ariaLabel":"Bugün"},{"$i":"past-other-month-description","ariaLabel":"Other month"},{"$i":"future-other-month-description","ariaLabel":"Other month"},{"$i":"icon-calendar-alarm","ariaLabel":"Alarmı var"},{"$i":"calendars","ariaLabel":"Takvimler"},{"$i":"multi-day-new-event-link","ariaLabel":"Etkinlik ekle"},{"$i":"title","ariaLabel":"Başlık"},{"$i":"location","ariaLabel":"Konum"},{"$i":"duration","ariaLabel":"Süre"},{"$i":"calendar","ariaLabel":"Takvim"},{"$i":"alarms","ariaLabel":"Alarmlar"},{"$i":"description","ariaLabel":"Açıklama"},{"$i":"start-date","ariaLabel":"Başlangıç tarihi"},{"$i":"start-time","ariaLabel":"Başlangıç saati"},{"$i":"end-date","ariaLabel":"Bitiş tarihi"},{"$i":"end-time","ariaLabel":"Bitiş saati"},{"$i":"during-progress-loading","ariaValueText":"Yükleniyor"},{"$i":"all-day","ariaLabel":"All day"},{"$i":"create-event","ariaLabel":"Create event"},{"$i":"create-all-day-event","ariaLabel":"Create all day event"},{"$i":"event-one-day-duration","ariaLabel":["from ",{"t":"idOrVar","v":"startTime"}," to ",{"t":"idOrVar","v":"endTime"}]},{"$i":"week-event-one-day-duration","ariaLabel":[{"t":"idOrVar","v":"startDate"}," from ",{"t":"idOrVar","v":"startTime"}," to ",{"t":"idOrVar","v":"endTime"}]},{"$i":"event-multiple-day-duration","ariaLabel":["From ",{"t":"idOrVar","v":"startTime"}," ",{"t":"idOrVar","v":"startDate"}," to ",{"t":"idOrVar","v":"endTime"}," ",{"t":"idOrVar","v":"endDate"}]},{"$i":"weekday-0-long","$v":"Pazar"},{"$i":"weekday-1-long","$v":"Pazartesi"},{"$i":"weekday-2-long","$v":"Salı"},{"$i":"weekday-3-long","$v":"Çarşamba"},{"$i":"weekday-4-long","$v":"Perşembe"},{"$i":"weekday-5-long","$v":"Cuma"},{"$i":"weekday-6-long","$v":"Cumartesi"},{"$i":"weekday-0-short","$v":"Pzr"},{"$i":"weekday-1-short","$v":"Pzt"},{"$i":"weekday-2-short","$v":"Sal"},{"$i":"weekday-3-short","$v":"Çar"},{"$i":"weekday-4-short","$v":"Per"},{"$i":"weekday-5-short","$v":"Cum"},{"$i":"weekday-6-short","$v":"Cmt"},{"$i":"month-0-long","$v":"Ocak"},{"$i":"month-1-long","$v":"Şubat"},{"$i":"month-2-long","$v":"Mart"},{"$i":"month-3-long","$v":"Nisan"},{"$i":"month-4-long","$v":"Mayıs"},{"$i":"month-5-long","$v":"Haziran"},{"$i":"month-6-long","$v":"Temmuz"},{"$i":"month-7-long","$v":"Ağustos"},{"$i":"month-8-long","$v":"Eylül"},{"$i":"month-9-long","$v":"Ekim"},{"$i":"month-10-long","$v":"Kasım"},{"$i":"month-11-long","$v":"Aralık"},{"$i":"month-0-genitive","$v":"Ocak"},{"$i":"month-1-genitive","$v":"Şubat"},{"$i":"month-2-genitive","$v":"Mart"},{"$i":"month-3-genitive","$v":"Nisan"},{"$i":"month-4-genitive","$v":"Mayıs"},{"$i":"month-5-genitive","$v":"Haziran"},{"$i":"month-6-genitive","$v":"Temmuz"},{"$i":"month-7-genitive","$v":"Ağustos"},{"$i":"month-8-genitive","$v":"Eylül"},{"$i":"month-9-genitive","$v":"Ekim"},{"$i":"month-10-genitive","$v":"Kasım"},{"$i":"month-11-genitive","$v":"Aralık"},{"$i":"month-0-short","$v":"Oca"},{"$i":"month-1-short","$v":"Şub"},{"$i":"month-2-short","$v":"Mar"},{"$i":"month-3-short","$v":"Nis"},{"$i":"month-4-short","$v":"May"},{"$i":"month-5-short","$v":"Haz"},{"$i":"month-6-short","$v":"Tem"},{"$i":"month-7-short","$v":"Ağu"},{"$i":"month-8-short","$v":"Eyl"},{"$i":"month-9-short","$v":"Eki"},{"$i":"month-10-short","$v":"Kas"},{"$i":"month-11-short","$v":"Ara"},{"$i":"minutes-ago-long","$v":{"zero":"biraz önce","one":"bir dakika önce","two":[{"t":"idOrVar","v":"value"}," dakika önce"],"few":[{"t":"idOrVar","v":"value"}," dakika önce"],"many":[{"t":"idOrVar","v":"value"}," dakika önce"],"other":[{"t":"idOrVar","v":"value"}," dakika önce"]},"$x":[{"t":"idOrVar","v":"plural"},"value"]},{"$i":"hours-ago-long","$v":{"zero":"biraz önce","one":"bir saat önce","two":[{"t":"idOrVar","v":"value"}," saat önce"],"few":[{"t":"idOrVar","v":"value"}," saat önce"],"many":[{"t":"idOrVar","v":"value"}," saat önce"],"other":[{"t":"idOrVar","v":"value"}," saat önce"]},"$x":[{"t":"idOrVar","v":"plural"},"value"]},{"$i":"days-ago-long","$v":{"zero":"bugün","one":"dün","two":[{"t":"idOrVar","v":"value"}," gün önce"],"few":[{"t":"idOrVar","v":"value"}," gün önce"],"many":[{"t":"idOrVar","v":"value"}," gün önce"],"other":[{"t":"idOrVar","v":"value"}," gün önce"]},"$x":[{"t":"idOrVar","v":"plural"},"value"]},{"$i":"weeks-ago-long","$v":{"zero":"bu hafta","one":"geçen hafta","two":[{"t":"idOrVar","v":"value"}," hafta önce"],"few":[{"t":"idOrVar","v":"value"}," hafta önce"],"many":[{"t":"idOrVar","v":"value"}," hafta önce"],"other":[{"t":"idOrVar","v":"value"}," hafta önce"]},"$x":[{"t":"idOrVar","v":"plural"},"value"]},{"$i":"months-ago-long","$v":{"zero":"bu ay","one":"geçen ay","two":[{"t":"idOrVar","v":"value"}," ay önce"],"few":[{"t":"idOrVar","v":"value"}," ay önce"],"many":[{"t":"idOrVar","v":"value"}," ay önce"],"other":[{"t":"idOrVar","v":"value"}," ay önce"]},"$x":[{"t":"idOrVar","v":"plural"},"value"]},{"$i":"years-ago-long","$v":{"zero":"bu yıl","one":"geçen yıl","two":[{"t":"idOrVar","v":"value"}," yıl önce"],"few":[{"t":"idOrVar","v":"value"}," yıl önce"],"many":[{"t":"idOrVar","v":"value"}," yıl önce"],"other":[{"t":"idOrVar","v":"value"}," yıl önce"]},"$x":[{"t":"idOrVar","v":"plural"},"value"]},{"$i":"minutes-until-long","$v":{"zero":"şimdi","one":"bir dakika önce","two":[{"t":"idOrVar","v":"value"}," dakika içinde"],"few":[{"t":"idOrVar","v":"value"}," dakika içinde"],"many":[{"t":"idOrVar","v":"value"}," dakika içinde"],"other":[{"t":"idOrVar","v":"value"}," dakika içinde"]},"$x":[{"t":"idOrVar","v":"plural"},"value"]},{"$i":"hours-until-long","$v":{"zero":"şimdi","one":"bir saat içinde","two":[{"t":"idOrVar","v":"value"}," saat içinde"],"few":[{"t":"idOrVar","v":"value"}," saat içinde"],"many":[{"t":"idOrVar","v":"value"}," saat içinde"],"other":[{"t":"idOrVar","v":"value"}," saat içinde"]},"$x":[{"t":"idOrVar","v":"plural"},"value"]},{"$i":"days-until-long","$v":{"zero":"bugün","one":"dün","two":[{"t":"idOrVar","v":"value"}," gün içinde"],"few":[{"t":"idOrVar","v":"value"}," gün içinde"],"many":[{"t":"idOrVar","v":"value"}," gün içinde"],"other":[{"t":"idOrVar","v":"value"}," gün içinde"]},"$x":[{"t":"idOrVar","v":"plural"},"value"]},{"$i":"weeks-until-long","$v":{"zero":"bu hafta","one":"gelecek hafta","two":[{"t":"idOrVar","v":"value"}," hafta içinde"],"few":[{"t":"idOrVar","v":"value"}," hafta içinde"],"many":[{"t":"idOrVar","v":"value"}," hafta içinde"],"other":[{"t":"idOrVar","v":"value"}," hafta içinde"]},"$x":[{"t":"idOrVar","v":"plural"},"value"]},{"$i":"months-until-long","$v":{"zero":"bu ay","one":"gelecek ay","two":[{"t":"idOrVar","v":"value"}," ay içinde"],"few":[{"t":"idOrVar","v":"value"}," ay içinde"],"many":[{"t":"idOrVar","v":"value"}," ay içinde"],"other":[{"t":"idOrVar","v":"value"}," ay içinde"]},"$x":[{"t":"idOrVar","v":"plural"},"value"]},{"$i":"years-until-long","$v":{"zero":"bu yıl","one":"gelecek yıl","two":[{"t":"idOrVar","v":"value"}," yıl içinde"],"few":[{"t":"idOrVar","v":"value"}," yıl içinde"],"many":[{"t":"idOrVar","v":"value"}," yıl içinde"],"other":[{"t":"idOrVar","v":"value"}," yıl içinde"]},"$x":[{"t":"idOrVar","v":"plural"},"value"]},{"$i":"minutes-ago-short","$v":{"zero":"biraz önce","other":[{"t":"idOrVar","v":"value"}," dk önce"]},"$x":[{"t":"idOrVar","v":"plural"},"value"]},{"$i":"hours-ago-short","$v":{"zero":"biraz önce","other":[{"t":"idOrVar","v":"value"}," saat önce"]},"$x":[{"t":"idOrVar","v":"plural"},"value"]},{"$i":"days-ago-short","$v":{"zero":"bugün","other":[{"t":"idOrVar","v":"value"}," gün önce"]},"$x":[{"t":"idOrVar","v":"plural"},"value"]},{"$i":"minutes-until-short","$v":{"zero":"şimdi","other":[{"t":"idOrVar","v":"value"}," dk içinde"]},"$x":[{"t":"idOrVar","v":"plural"},"value"]},{"$i":"hours-until-short","$v":{"zero":"şimdi","other":[{"t":"idOrVar","v":"value"}," saat içinde"]},"$x":[{"t":"idOrVar","v":"plural"},"value"]},{"$i":"days-until-short","$v":{"zero":"bugün","other":[{"t":"idOrVar","v":"value"}," gün içinde"]},"$x":[{"t":"idOrVar","v":"plural"},"value"]},{"$i":"incorrectDate","$v":"(geçersiz tarih)"},{"$i":"dateTimeFormat_%c","$v":"%e %b %Y %a %H:%M:%S"},{"$i":"dateTimeFormat_%x","$v":"%d/%m/%Y"},{"$i":"dateTimeFormat_%X","$v":"%H:%M:%S"},{"$i":"shortTimeFormat","$v":"%H:%M"},{"$i":"shortTimeFormat12","$v":"%I:%M %p"},{"$i":"shortTimeFormat24","$v":"%H:%M"},{"$i":"shortDateTimeFormat","$v":"%x %H:%M"},{"$i":"weekStartsOnMonday","$v":"1"},{"$i":"firstDayOfTheWeek","$v":"0"},{"$i":"time_am","$v":"ÖÖ"},{"$i":"time_pm","$v":"ÖS"}]