[{"$i":"back","$v":"后退"},{"$i":"save","$v":"保存"},{"$i":"hide","$v":"隐藏"},{"$i":"cancel","$v":"取消"},{"$i":"confirm","$v":"确认"},{"$i":"done","$v":"完成"},{"$i":"events","$v":"事件"},{"$i":"edit","$v":"编辑"},{"$i":"allday-events","$v":"全天事件"},{"$i":"no-events","$v":"没有事件"},{"$i":"show-today","$v":"今天"},{"$i":"show-month-view","$v":"月"},{"$i":"show-week-view","$v":"周"},{"$i":"show-day-view","$v":"日"},{"$i":"settings-show","$v":"设置"},{"$i":"settings-hide","$v":"隐藏设置"},{"$i":"add-account","$v":"添加账户"},{"$i":"new-event","$v":"新建事件"},{"$i":"view-event-header","$v":"事件"},{"$i":"new-event-header","$v":"新建事件"},{"$i":"edit-event-header","$v":"编辑事件"},{"$i":"account-header","$v":"账户"},{"$i":"account-list-header","$v":"账户"},{"$i":"advanced-settings-short-icon-button","ariaLabel":"Settings"},{"$i":"advanced-settings-header","$v":"日历设置"},{"$i":"advanced-settings-personalization","$v":"个性化"},{"$i":"advanced-settings-reminders","$v":"提醒"},{"$i":"advanced-settings-add-account","$v":"添加账户"},{"$i":"field-user","placeholder":"用户名"},{"$i":"field-password","placeholder":"密码"},{"$i":"field-full-url","placeholder":"URL"},{"$i":"modify-account-setting-up","$v":"请稍候，正在设置您的账户"},{"$i":"modify-account-unable-to-sync","$v":"无法同步"},{"$i":"modify-account-sign-in","$v":"登录"},{"$i":"preset-caldav","$v":"CalDav"},{"$i":"preset-yahoo","$v":"Yahoo!"},{"$i":"preset-google","$v":"Google"},{"$i":"preset-local","$v":"离线日历"},{"$i":"preset-mozilla","$v":"Mozilla Zimbra"},{"$i":"calendar-local","$v":"离线日历"},{"$i":"event-title","placeholder":"标题"},{"$i":"event-location","placeholder":"位置"},{"$i":"event-description","placeholder":"备注"},{"$i":"event-is-allday","$v":"全天事件？"},{"$i":"event-start-date","placeholder":"开始日期"},{"$i":"event-end-date","placeholder":"结束日期"},{"$i":"event-start-time","placeholder":"开始时间"},{"$i":"event-end-time","placeholder":"结束时间"},{"$i":"event-delete","$v":"删除事件"},{"$i":"remove-account-data","$v":"移除本地数据"},{"$i":"remove-account-dialog","$v":"移除账户"},{"$i":"remove-account-dialog-details","$v":"移除此账户也将从本地移除您的与之相关联的日历与事件副本。"},{"$i":"drawer-sync-icon-button","ariaLabel":"Sync"},{"$i":"sync-progress-syncing","ariaValueText":"Syncing"},{"$i":"sync-progress-complete","ariaValueText":"Syncing complete"},{"$i":"sync-frequency","$v":"同步日历"},{"$i":"sync-frequency-15min","$v":"15 分钟"},{"$i":"sync-frequency-30min","$v":"30 分钟"},{"$i":"sync-frequency-manual","$v":"手动"},{"$i":"one-day-duration","$v":[{"t":"idOrVar","v":"startDate"},"<br>自 ",{"t":"idOrVar","v":"startTime"}," 至 ",{"t":"idOrVar","v":"endTime"}]},{"$i":"multiple-day-duration","$v":["自 ",{"t":"idOrVar","v":"startTime"}," ",{"t":"idOrVar","v":"startDate"},"<br>至 ",{"t":"idOrVar","v":"endTime"}," ",{"t":"idOrVar","v":"endDate"}]},{"$i":"one-all-day-duration","$v":["全天<br>",{"t":"idOrVar","v":"startDate"}]},{"$i":"multiple-all-day-duration","$v":["全天，自 ",{"t":"idOrVar","v":"startDate"},"<br>至 ",{"t":"idOrVar","v":"endDate"}]},{"$i":"none","$v":"无"},{"$i":"reminder","$v":"提醒："},{"$i":"remind-me","$v":"提醒我"},{"$i":"alarm-at-event-standard","$v":"事件发生时"},{"$i":"alarm-at-event-allday","$v":"事件发生当日"},{"$i":"alarm-start-notice","$v":[{"t":"idOrVar","v":"title"}," 已开始，",{"t":"idOrVar","v":"distance"}]},{"$i":"alarm-started-notice","$v":["“",{"t":"idOrVar","v":"title"},"”在 ",{"t":"idOrVar","v":"distance"}," 已开始"]},{"$i":"minutes-before","$v":{"zero":"0 分钟前","one":"1 分钟前","two":[{"t":"idOrVar","v":"value"}," 分钟前"],"few":[{"t":"idOrVar","v":"value"}," 分钟前"],"many":[{"t":"idOrVar","v":"value"}," 分钟前"],"other":[{"t":"idOrVar","v":"value"}," 分钟前"]},"$x":[{"t":"idOrVar","v":"plural"},"value"]},{"$i":"hours-before","$v":{"zero":"0 小时前","one":"1 小时前","two":[{"t":"idOrVar","v":"value"}," 小时前"],"few":[{"t":"idOrVar","v":"value"}," 小时前"],"many":[{"t":"idOrVar","v":"value"}," 小时前"],"other":[{"t":"idOrVar","v":"value"}," 小时前"]},"$x":[{"t":"idOrVar","v":"plural"},"value"]},{"$i":"days-before","$v":{"zero":"0 天前","one":"1 天前","two":[{"t":"idOrVar","v":"value"}," 天前"],"few":[{"t":"idOrVar","v":"value"}," 天前"],"many":[{"t":"idOrVar","v":"value"}," 天前"],"other":[{"t":"idOrVar","v":"value"}," 天前"]},"$x":[{"t":"idOrVar","v":"plural"},"value"]},{"$i":"weeks-before","$v":{"zero":"0 周前","one":"1 周之前","two":[{"t":"idOrVar","v":"value"}," 周前"],"few":[{"t":"idOrVar","v":"value"}," 周前"],"many":[{"t":"idOrVar","v":"value"}," 周前"],"other":[{"t":"idOrVar","v":"value"}," 周前"]},"$x":[{"t":"idOrVar","v":"plural"},"value"]},{"$i":"months-before","$v":{"zero":"0 个月前","one":"1 个月前","two":[{"t":"idOrVar","v":"value"}," 个月前"],"few":[{"t":"idOrVar","v":"value"}," 个月前"],"many":[{"t":"idOrVar","v":"value"}," 个月前"],"other":[{"t":"idOrVar","v":"value"}," 个月前"]},"$x":[{"t":"idOrVar","v":"plural"},"value"]},{"$i":"years-before","$v":{"zero":"0 年前","one":"1 年前","two":[{"t":"idOrVar","v":"value"}," 年前"],"few":[{"t":"idOrVar","v":"value"}," 年前"],"many":[{"t":"idOrVar","v":"value"}," 年前"],"other":[{"t":"idOrVar","v":"value"}," 年前"]},"$x":[{"t":"idOrVar","v":"plural"},"value"]},{"$i":"minutes-after","$v":{"zero":"0 分钟后","one":"1 分钟后","two":[{"t":"idOrVar","v":"value"}," 分钟后"],"few":[{"t":"idOrVar","v":"value"},"分钟后"],"many":[{"t":"idOrVar","v":"value"}," 分钟后"],"other":[{"t":"idOrVar","v":"value"}," 分钟后"]},"$x":[{"t":"idOrVar","v":"plural"},"value"]},{"$i":"hours-after","$v":{"zero":"0 小时后","one":"1 小时后","two":[{"t":"idOrVar","v":"value"}," 小时后"],"few":[{"t":"idOrVar","v":"value"}," 小时后"],"many":[{"t":"idOrVar","v":"value"}," 小时后"],"other":[{"t":"idOrVar","v":"value"}," 小时后"]},"$x":[{"t":"idOrVar","v":"plural"},"value"]},{"$i":"days-after","$v":{"zero":"0 天后","one":"1 天后","two":[{"t":"idOrVar","v":"value"}," 天后"],"few":[{"t":"idOrVar","v":"value"}," 天后"],"many":[{"t":"idOrVar","v":"value"}," 天后"],"other":[{"t":"idOrVar","v":"value"}," 天后"]},"$x":[{"t":"idOrVar","v":"plural"},"value"]},{"$i":"weeks-after","$v":{"zero":"0 周后","one":"1 周后","two":[{"t":"idOrVar","v":"value"}," 周后"],"few":[{"t":"idOrVar","v":"value"}," 周后"],"many":[{"t":"idOrVar","v":"value"}," 周后"],"other":[{"t":"idOrVar","v":"value"}," 周后"]},"$x":[{"t":"idOrVar","v":"plural"},"value"]},{"$i":"months-after","$v":{"zero":"0 个月后","one":"1 个月后","two":[{"t":"idOrVar","v":"value"}," 个月后"],"few":[{"t":"idOrVar","v":"value"}," 个月后"],"many":[{"t":"idOrVar","v":"value"}," 个月后"],"other":[{"t":"idOrVar","v":"value"}," 个月后"]},"$x":[{"t":"idOrVar","v":"plural"},"value"]},{"$i":"years-after","$v":{"zero":"0 年后","one":"1 年后","two":[{"t":"idOrVar","v":"value"}," 年后"],"few":[{"t":"idOrVar","v":"value"}," 年后"],"many":[{"t":"idOrVar","v":"value"}," 年后"],"other":[{"t":"idOrVar","v":"value"}," 年后"]},"$x":[{"t":"idOrVar","v":"plural"},"value"]},{"$i":"hour-format12","$v":"%p %I"},{"$i":"hour-format24","$v":"%H"},{"$i":"week-hour-format12","$v":"%p %I"},{"$i":"week-hour-format24","$v":"%H"},{"$i":"hour-allday","$v":"全天"},{"$i":"week-day","$v":"%a %e"},{"$i":"current-time12","$v":"%I:%M"},{"$i":"current-time24","$v":"%H:%M"},{"$i":"multi-month-view-header-format","$v":"%Y 年 %b"},{"$i":"day-view-header-format","$v":"%B %e 日 %A"},{"$i":"months-day-view-header-format","$v":"%m月%e日%A"},{"$i":"longDateFormat","$v":"%Y 年 %B %e 日 %A"},{"$i":"error-start-date-after-end-date","$v":"事件不能再开始日期前结束"},{"$i":"error-start-time-after-end-time","$v":"事件不能在开始时间前结束"},{"$i":"error-unauthenticated","$v":"错误的登录名“和/或”密码"},{"$i":"error-internal-server-error","$v":"服务器错误。请检查您的登录信息后重试。"},{"$i":"error-default","$v":"出问题了，请稍后再试。"},{"$i":"error-offline","$v":"没有连接。检查你的网络设置后再试一次。"},{"$i":"error-account-exist","$v":"此账户已存在。"},{"$i":"notification-error-sync-title","$v":"日历同步错误"},{"$i":"notification-error-sync-description","$v":"点按获知更多信息"},{"$i":"weekday-0-single-char","$v":"S","ariaLabel":"星期天"},{"$i":"weekday-1-single-char","$v":"M","ariaLabel":"星期一"},{"$i":"weekday-2-single-char","$v":"T","ariaLabel":"星期二"},{"$i":"weekday-3-single-char","$v":"W","ariaLabel":"星期三"},{"$i":"weekday-4-single-char","$v":"T","ariaLabel":"星期四"},{"$i":"weekday-5-single-char","$v":"F","ariaLabel":"星期五"},{"$i":"weekday-6-single-char","$v":"S","ariaLabel":"星期六"},{"$i":"busy","$v":{"one":[{"t":"idOrVar","v":"n"}," 个事件"],"two":[{"t":"idOrVar","v":"n"}," 个事件"],"few":[{"t":"idOrVar","v":"n"}," 个事件"],"many":[{"t":"idOrVar","v":"n"}," 个事件"],"other":[{"t":"idOrVar","v":"n"}," 个事件"]},"$x":[{"t":"idOrVar","v":"plural"},"n"]},{"$i":"present","ariaLabel":"今天"},{"$i":"past-other-month-description","ariaLabel":"Other month"},{"$i":"future-other-month-description","ariaLabel":"Other month"},{"$i":"icon-calendar-alarm","ariaLabel":"已提醒"},{"$i":"calendars","ariaLabel":"日历"},{"$i":"multi-day-new-event-link","ariaLabel":"新建事件"},{"$i":"title","ariaLabel":"标题"},{"$i":"location","ariaLabel":"地址"},{"$i":"duration","ariaLabel":"持续"},{"$i":"calendar","ariaLabel":"日历"},{"$i":"alarms","ariaLabel":"提醒"},{"$i":"description","ariaLabel":"描述"},{"$i":"start-date","ariaLabel":"开始日期"},{"$i":"start-time","ariaLabel":"开始时间"},{"$i":"end-date","ariaLabel":"结束日期"},{"$i":"end-time","ariaLabel":"结束时间"},{"$i":"during-progress-loading","ariaValueText":"正在载入"},{"$i":"all-day","ariaLabel":"All day"},{"$i":"create-event","ariaLabel":"Create event"},{"$i":"create-all-day-event","ariaLabel":"Create all day event"},{"$i":"event-one-day-duration","ariaLabel":["from ",{"t":"idOrVar","v":"startTime"}," to ",{"t":"idOrVar","v":"endTime"}]},{"$i":"week-event-one-day-duration","ariaLabel":[{"t":"idOrVar","v":"startDate"}," from ",{"t":"idOrVar","v":"startTime"}," to ",{"t":"idOrVar","v":"endTime"}]},{"$i":"event-multiple-day-duration","ariaLabel":["From ",{"t":"idOrVar","v":"startTime"}," ",{"t":"idOrVar","v":"startDate"}," to ",{"t":"idOrVar","v":"endTime"}," ",{"t":"idOrVar","v":"endDate"}]},{"$i":"weekday-0-long","$v":"星期日"},{"$i":"weekday-1-long","$v":"星期一"},{"$i":"weekday-2-long","$v":"星期二"},{"$i":"weekday-3-long","$v":"星期三"},{"$i":"weekday-4-long","$v":"星期四"},{"$i":"weekday-5-long","$v":"星期五"},{"$i":"weekday-6-long","$v":"星期六"},{"$i":"weekday-0-short","$v":"日"},{"$i":"weekday-1-short","$v":"一"},{"$i":"weekday-2-short","$v":"二"},{"$i":"weekday-3-short","$v":"三"},{"$i":"weekday-4-short","$v":"四"},{"$i":"weekday-5-short","$v":"五"},{"$i":"weekday-6-short","$v":"六"},{"$i":"month-0-long","$v":"1 月"},{"$i":"month-1-long","$v":"2 月"},{"$i":"month-2-long","$v":"3 月"},{"$i":"month-3-long","$v":"4 月"},{"$i":"month-4-long","$v":"5 月"},{"$i":"month-5-long","$v":"6 月"},{"$i":"month-6-long","$v":"7 月"},{"$i":"month-7-long","$v":"8 月"},{"$i":"month-8-long","$v":"9 月"},{"$i":"month-9-long","$v":"10 月"},{"$i":"month-10-long","$v":"11 月"},{"$i":"month-11-long","$v":"12 月"},{"$i":"month-0-genitive","$v":"一月"},{"$i":"month-1-genitive","$v":"二月"},{"$i":"month-2-genitive","$v":"三月"},{"$i":"month-3-genitive","$v":"四月"},{"$i":"month-4-genitive","$v":"五月"},{"$i":"month-5-genitive","$v":"六月"},{"$i":"month-6-genitive","$v":"七月"},{"$i":"month-7-genitive","$v":"八月"},{"$i":"month-8-genitive","$v":"九月"},{"$i":"month-9-genitive","$v":"十月"},{"$i":"month-10-genitive","$v":"十一月"},{"$i":"month-11-genitive","$v":"十二月"},{"$i":"month-0-short","$v":"1 月"},{"$i":"month-1-short","$v":"2 月"},{"$i":"month-2-short","$v":"3 月"},{"$i":"month-3-short","$v":"4 月"},{"$i":"month-4-short","$v":"5 月"},{"$i":"month-5-short","$v":"6 月"},{"$i":"month-6-short","$v":"7 月"},{"$i":"month-7-short","$v":"8 月"},{"$i":"month-8-short","$v":"9 月"},{"$i":"month-9-short","$v":"10 月"},{"$i":"month-10-short","$v":"11 月"},{"$i":"month-11-short","$v":"12 月"},{"$i":"minutes-ago-long","$v":{"zero":"刚才","one":"1 分钟前","two":[{"t":"idOrVar","v":"value"}," 分钟前"],"few":[{"t":"idOrVar","v":"value"}," 分钟前"],"many":[{"t":"idOrVar","v":"value"}," 分钟前"],"other":[{"t":"idOrVar","v":"value"}," 分钟前"]},"$x":[{"t":"idOrVar","v":"plural"},"value"]},{"$i":"hours-ago-long","$v":{"zero":"刚才","one":"1 小时前","two":[{"t":"idOrVar","v":"value"}," 小时前"],"few":[{"t":"idOrVar","v":"value"}," 小时前"],"many":[{"t":"idOrVar","v":"value"}," 小时前"],"other":[{"t":"idOrVar","v":"value"}," 小时前"]},"$x":[{"t":"idOrVar","v":"plural"},"value"]},{"$i":"days-ago-long","$v":{"zero":"今天","one":"昨天","two":[{"t":"idOrVar","v":"value"}," 天前"],"few":[{"t":"idOrVar","v":"value"}," 天前"],"many":[{"t":"idOrVar","v":"value"}," 天前"],"other":[{"t":"idOrVar","v":"value"}," 天前"]},"$x":[{"t":"idOrVar","v":"plural"},"value"]},{"$i":"weeks-ago-long","$v":{"zero":"本周","one":"上周","two":[{"t":"idOrVar","v":"value"}," 周前"],"few":[{"t":"idOrVar","v":"value"}," 周前"],"many":[{"t":"idOrVar","v":"value"}," 周前"],"other":[{"t":"idOrVar","v":"value"}," 周前"]},"$x":[{"t":"idOrVar","v":"plural"},"value"]},{"$i":"months-ago-long","$v":{"zero":"本月","one":"上月","two":[{"t":"idOrVar","v":"value"}," 个月前"],"few":[{"t":"idOrVar","v":"value"}," 个月前"],"many":[{"t":"idOrVar","v":"value"}," 个月前"],"other":[{"t":"idOrVar","v":"value"}," 个月前"]},"$x":[{"t":"idOrVar","v":"plural"},"value"]},{"$i":"years-ago-long","$v":{"zero":"今年","one":"去年","two":[{"t":"idOrVar","v":"value"}," 年前"],"few":[{"t":"idOrVar","v":"value"}," 年前"],"many":[{"t":"idOrVar","v":"value"}," 年前"],"other":[{"t":"idOrVar","v":"value"}," 年前"]},"$x":[{"t":"idOrVar","v":"plural"},"value"]},{"$i":"minutes-until-long","$v":{"zero":"现在","one":"1 分钟内","two":["剩",{"t":"idOrVar","v":"value"},"分钟"],"few":["剩",{"t":"idOrVar","v":"value"},"分钟"],"many":["剩",{"t":"idOrVar","v":"value"},"分钟"],"other":["剩",{"t":"idOrVar","v":"value"},"分钟"]},"$x":[{"t":"idOrVar","v":"plural"},"value"]},{"$i":"hours-until-long","$v":{"zero":"现在","one":"1 小时内","two":["剩",{"t":"idOrVar","v":"value"},"小时"],"few":["剩",{"t":"idOrVar","v":"value"},"小时"],"many":["剩",{"t":"idOrVar","v":"value"},"小时"],"other":["剩",{"t":"idOrVar","v":"value"},"小时"]},"$x":[{"t":"idOrVar","v":"plural"},"value"]},{"$i":"days-until-long","$v":{"zero":"今天","one":"明天","two":["剩",{"t":"idOrVar","v":"value"},"天"],"few":["剩",{"t":"idOrVar","v":"value"},"天"],"many":["剩",{"t":"idOrVar","v":"value"},"天"],"other":["剩",{"t":"idOrVar","v":"value"},"天"]},"$x":[{"t":"idOrVar","v":"plural"},"value"]},{"$i":"weeks-until-long","$v":{"zero":"本周","one":"下周","two":["剩",{"t":"idOrVar","v":"value"},"周"],"few":["剩",{"t":"idOrVar","v":"value"},"周"],"many":["剩",{"t":"idOrVar","v":"value"},"周"],"other":["剩",{"t":"idOrVar","v":"value"},"周"]},"$x":[{"t":"idOrVar","v":"plural"},"value"]},{"$i":"months-until-long","$v":{"zero":"本月","one":"下月","two":["剩",{"t":"idOrVar","v":"value"},"个月"],"few":["剩",{"t":"idOrVar","v":"value"},"个月"],"many":["剩",{"t":"idOrVar","v":"value"},"个月"],"other":["剩",{"t":"idOrVar","v":"value"},"个月"]},"$x":[{"t":"idOrVar","v":"plural"},"value"]},{"$i":"years-until-long","$v":{"zero":"今年","one":"明年","two":["剩",{"t":"idOrVar","v":"value"},"年"],"few":["剩",{"t":"idOrVar","v":"value"},"年"],"many":["剩",{"t":"idOrVar","v":"value"},"年"],"other":["剩",{"t":"idOrVar","v":"value"},"年"]},"$x":[{"t":"idOrVar","v":"plural"},"value"]},{"$i":"minutes-ago-short","$v":{"zero":"刚才","other":[{"t":"idOrVar","v":"value"}," 分钟前"]},"$x":[{"t":"idOrVar","v":"plural"},"value"]},{"$i":"hours-ago-short","$v":{"zero":"刚才","other":[{"t":"idOrVar","v":"value"},"小时前"]},"$x":[{"t":"idOrVar","v":"plural"},"value"]},{"$i":"days-ago-short","$v":{"zero":"今天","other":[{"t":"idOrVar","v":"value"}," 天前"]},"$x":[{"t":"idOrVar","v":"plural"},"value"]},{"$i":"minutes-until-short","$v":{"zero":"现在","other":["剩",{"t":"idOrVar","v":"value"},"分钟"]},"$x":[{"t":"idOrVar","v":"plural"},"value"]},{"$i":"hours-until-short","$v":{"zero":"现在","other":["剩",{"t":"idOrVar","v":"value"},"小时"]},"$x":[{"t":"idOrVar","v":"plural"},"value"]},{"$i":"days-until-short","$v":{"zero":"今天","other":["剩",{"t":"idOrVar","v":"value"},"天"]},"$x":[{"t":"idOrVar","v":"plural"},"value"]},{"$i":"incorrectDate","$v":"（日期不正确）"},{"$i":"dateTimeFormat_%c","$v":"%Y 年 %b %e 日 %a %H:%M:%S"},{"$i":"dateTimeFormat_%x","$v":"%Y/%m/%d"},{"$i":"dateTimeFormat_%X","$v":"%H:%M:%S"},{"$i":"shortTimeFormat","$v":"%H:%M"},{"$i":"shortTimeFormat12","$v":"%p %I:%M"},{"$i":"shortTimeFormat24","$v":"%H:%M"},{"$i":"shortDateTimeFormat","$v":"%x %H:%M"},{"$i":"weekStartsOnMonday","$v":"0"},{"$i":"firstDayOfTheWeek","$v":"0"},{"$i":"time_am","$v":"上午"},{"$i":"time_pm","$v":"下午"}]