[{"$i":"back","$v":"上一頁"},{"$i":"save","$v":"儲存"},{"$i":"hide","$v":"隱藏"},{"$i":"cancel","$v":"取消"},{"$i":"confirm","$v":"確認"},{"$i":"done","$v":"完成"},{"$i":"events","$v":"活動"},{"$i":"edit","$v":"編輯"},{"$i":"allday-events","$v":"全日活動"},{"$i":"no-events","$v":"沒有活動"},{"$i":"show-today","$v":"今天"},{"$i":"show-month-view","$v":"月"},{"$i":"show-week-view","$v":"週"},{"$i":"show-day-view","$v":"日"},{"$i":"settings-show","$v":"設定"},{"$i":"settings-hide","$v":"隱藏選項"},{"$i":"add-account","$v":"新增帳號"},{"$i":"new-event","$v":"新增活動"},{"$i":"view-event-header","$v":"活動"},{"$i":"new-event-header","$v":"新增活動"},{"$i":"edit-event-header","$v":"編輯活動"},{"$i":"account-header","$v":"帳號"},{"$i":"account-list-header","$v":"帳號"},{"$i":"advanced-settings-short-icon-button","ariaLabel":"設定"},{"$i":"advanced-settings-header","$v":"行事曆選項"},{"$i":"advanced-settings-personalization","$v":"個人化"},{"$i":"advanced-settings-reminders","$v":"鬧鈴"},{"$i":"advanced-settings-add-account","$v":"新增帳號"},{"$i":"field-user","placeholder":"使用者名稱"},{"$i":"field-password","placeholder":"密碼"},{"$i":"field-full-url","placeholder":"網址"},{"$i":"modify-account-setting-up","$v":"請稍待您的帳號設定完成"},{"$i":"modify-account-unable-to-sync","$v":"無法同步"},{"$i":"modify-account-sign-in","$v":"登入"},{"$i":"preset-caldav","$v":"CalDav"},{"$i":"preset-yahoo","$v":"Yahoo!"},{"$i":"preset-google","$v":"Google"},{"$i":"preset-local","$v":"離線行事曆"},{"$i":"preset-mozilla","$v":"Mozilla Zimbra"},{"$i":"calendar-local","$v":"離線行事曆"},{"$i":"event-title","placeholder":"標題"},{"$i":"event-location","placeholder":"在哪裡？"},{"$i":"event-description","placeholder":"註解"},{"$i":"event-is-allday","$v":"全日活動？"},{"$i":"event-start-date","placeholder":"開始日期"},{"$i":"event-end-date","placeholder":"結束日期"},{"$i":"event-start-time","placeholder":"開始時間"},{"$i":"event-end-time","placeholder":"結束時間"},{"$i":"event-delete","$v":"刪除活動"},{"$i":"remove-account-data","$v":"移除本機資料"},{"$i":"remove-account-dialog","$v":"移除帳號"},{"$i":"remove-account-dialog-details","$v":"移除此帳號也將會移除您本機上相關的行事曆與活動。"},{"$i":"drawer-sync-icon-button","ariaLabel":"Sync"},{"$i":"sync-progress-syncing","ariaValueText":"同步中"},{"$i":"sync-progress-complete","ariaValueText":"同步完成"},{"$i":"sync-frequency","$v":"同步行事曆"},{"$i":"sync-frequency-15min","$v":"每 15 分鐘"},{"$i":"sync-frequency-30min","$v":"每 30 分鐘"},{"$i":"sync-frequency-manual","$v":"手動"},{"$i":"one-day-duration","$v":[{"t":"idOrVar","v":"startDate"},"<br>從 ",{"t":"idOrVar","v":"startTime"}," 到 ",{"t":"idOrVar","v":"endTime"}]},{"$i":"multiple-day-duration","$v":["從 ",{"t":"idOrVar","v":"startDate"}," ",{"t":"idOrVar","v":"startTime"},"<br>到 ",{"t":"idOrVar","v":"endDate"}," ",{"t":"idOrVar","v":"endTime"}]},{"$i":"one-all-day-duration","$v":[{"t":"idOrVar","v":"startDate"},"<br>全天"]},{"$i":"multiple-all-day-duration","$v":["從 ",{"t":"idOrVar","v":"startDate"}," 到 ",{"t":"idOrVar","v":"endDate"},"<br>全天"]},{"$i":"none","$v":"無"},{"$i":"reminder","$v":"提醒:"},{"$i":"remind-me","$v":"提醒我"},{"$i":"alarm-at-event-standard","$v":"於活動時間"},{"$i":"alarm-at-event-allday","$v":"於活動日"},{"$i":"alarm-start-notice","$v":[{"t":"idOrVar","v":"title"}," 將在 ",{"t":"idOrVar","v":"distance"}," 後開始"]},{"$i":"alarm-started-notice","$v":[{"t":"idOrVar","v":"title"}," 已開始於 ",{"t":"idOrVar","v":"distance"}]},{"$i":"minutes-before","$v":{"zero":"0 分鐘前","one":"1 分鐘前","two":[{"t":"idOrVar","v":"value"}," 分鐘前"],"few":[{"t":"idOrVar","v":"value"}," 分鐘前"],"many":[{"t":"idOrVar","v":"value"}," 分鐘前"],"other":[{"t":"idOrVar","v":"value"}," 分鐘前"]},"$x":[{"t":"idOrVar","v":"plural"},"value"]},{"$i":"hours-before","$v":{"zero":"0 小時前","one":"1 小時前","two":[{"t":"idOrVar","v":"value"}," 小時前"],"few":[{"t":"idOrVar","v":"value"}," 小時前"],"many":[{"t":"idOrVar","v":"value"}," 小時前"],"other":[{"t":"idOrVar","v":"value"}," 小時前"]},"$x":[{"t":"idOrVar","v":"plural"},"value"]},{"$i":"days-before","$v":{"zero":"0 天前","one":"1 天前","two":[{"t":"idOrVar","v":"value"}," 天前"],"few":[{"t":"idOrVar","v":"value"}," 天前"],"many":[{"t":"idOrVar","v":"value"}," 天前"],"other":[{"t":"idOrVar","v":"value"}," 天前"]},"$x":[{"t":"idOrVar","v":"plural"},"value"]},{"$i":"weeks-before","$v":{"zero":"0 週前","one":"1 週前","two":[{"t":"idOrVar","v":"value"}," 週前"],"few":[{"t":"idOrVar","v":"value"}," 週前"],"many":[{"t":"idOrVar","v":"value"}," 週前"],"other":[{"t":"idOrVar","v":"value"}," 週前"]},"$x":[{"t":"idOrVar","v":"plural"},"value"]},{"$i":"months-before","$v":{"zero":"0 個月前","one":"1 個月前","two":[{"t":"idOrVar","v":"value"}," 個月前"],"few":[{"t":"idOrVar","v":"value"}," 個月前"],"many":[{"t":"idOrVar","v":"value"}," 個月前"],"other":[{"t":"idOrVar","v":"value"}," 個月前"]},"$x":[{"t":"idOrVar","v":"plural"},"value"]},{"$i":"years-before","$v":{"zero":"0 年前","one":"1 年前","two":[{"t":"idOrVar","v":"value"}," 年前"],"few":[{"t":"idOrVar","v":"value"}," 年前"],"many":[{"t":"idOrVar","v":"value"}," 年前"],"other":[{"t":"idOrVar","v":"value"}," 年前"]},"$x":[{"t":"idOrVar","v":"plural"},"value"]},{"$i":"minutes-after","$v":{"zero":"0 分鐘後","one":"1 分鐘後","two":[{"t":"idOrVar","v":"value"}," 分鐘後"],"few":[{"t":"idOrVar","v":"value"}," 分鐘後"],"many":[{"t":"idOrVar","v":"value"}," 分鐘後"],"other":[{"t":"idOrVar","v":"value"}," 分鐘後"]},"$x":[{"t":"idOrVar","v":"plural"},"value"]},{"$i":"hours-after","$v":{"zero":"0 小時後","one":"1 小時後","two":[{"t":"idOrVar","v":"value"}," 小時後"],"few":[{"t":"idOrVar","v":"value"}," 小時後"],"many":[{"t":"idOrVar","v":"value"}," 小時後"],"other":[{"t":"idOrVar","v":"value"}," 小時後"]},"$x":[{"t":"idOrVar","v":"plural"},"value"]},{"$i":"days-after","$v":{"zero":"0 天後","one":"1 天後","two":[{"t":"idOrVar","v":"value"}," 天後"],"few":[{"t":"idOrVar","v":"value"}," 天後"],"many":[{"t":"idOrVar","v":"value"}," 天後"],"other":[{"t":"idOrVar","v":"value"}," 天後"]},"$x":[{"t":"idOrVar","v":"plural"},"value"]},{"$i":"weeks-after","$v":{"zero":"0 週後","one":"1 週後","two":[{"t":"idOrVar","v":"value"}," 週後"],"few":[{"t":"idOrVar","v":"value"}," 週後"],"many":[{"t":"idOrVar","v":"value"}," 週後"],"other":[{"t":"idOrVar","v":"value"}," 週後"]},"$x":[{"t":"idOrVar","v":"plural"},"value"]},{"$i":"months-after","$v":{"zero":"0 個月後","one":"1 個月後","two":[{"t":"idOrVar","v":"value"}," 個月後"],"few":[{"t":"idOrVar","v":"value"}," 個月後"],"many":[{"t":"idOrVar","v":"value"}," 個月後"],"other":[{"t":"idOrVar","v":"value"}," 個月後"]},"$x":[{"t":"idOrVar","v":"plural"},"value"]},{"$i":"years-after","$v":{"zero":"0 年後","one":"1 年後","two":[{"t":"idOrVar","v":"value"}," 年後"],"few":[{"t":"idOrVar","v":"value"}," 年後"],"many":[{"t":"idOrVar","v":"value"}," 年後"],"other":[{"t":"idOrVar","v":"value"}," 年後"]},"$x":[{"t":"idOrVar","v":"plural"},"value"]},{"$i":"hour-format12","$v":"%p %I 點"},{"$i":"hour-format24","$v":"%H 點"},{"$i":"week-hour-format12","$v":"%p %I 點"},{"$i":"week-hour-format24","$v":"%H 點"},{"$i":"hour-allday","$v":"全天"},{"$i":"week-day","$v":"%e %a"},{"$i":"current-time12","$v":"%I:%M"},{"$i":"current-time24","$v":"%H:%M"},{"$i":"multi-month-view-header-format","$v":"%Y 年 %b"},{"$i":"day-view-header-format","$v":"%b %e 日 %A"},{"$i":"months-day-view-header-format","$v":"%b %e 日 %A"},{"$i":"longDateFormat","$v":"%Y 年 %b %d 日 %A"},{"$i":"error-start-date-after-end-date","$v":"活動無法於開始日期前結束"},{"$i":"error-start-time-after-end-time","$v":"活動無法於開始時間前結束"},{"$i":"error-unauthenticated","$v":"登入失敗，請檢查帳號密碼"},{"$i":"error-internal-server-error","$v":"伺服器錯誤。請確認帳號密碼是否正確並再試一次。"},{"$i":"error-default","$v":"發生錯誤，請稍後再試一次。"},{"$i":"error-offline","$v":"沒有網路連線。請檢查您的網路設定後再試一次。"},{"$i":"error-account-exist","$v":"此帳號已存在"},{"$i":"notification-error-sync-title","$v":"行事曆同步錯誤"},{"$i":"notification-error-sync-description","$v":"點擊這裡取得更多資訊"},{"$i":"weekday-0-single-char","$v":"日","ariaLabel":"星期日"},{"$i":"weekday-1-single-char","$v":"一","ariaLabel":"星期一"},{"$i":"weekday-2-single-char","$v":"二","ariaLabel":"星期二"},{"$i":"weekday-3-single-char","$v":"三","ariaLabel":"星期三"},{"$i":"weekday-4-single-char","$v":"四","ariaLabel":"星期四"},{"$i":"weekday-5-single-char","$v":"五","ariaLabel":"星期五"},{"$i":"weekday-6-single-char","$v":"六","ariaLabel":"星期六"},{"$i":"busy","$v":{"one":[{"t":"idOrVar","v":"n"}," 場活動"],"two":[{"t":"idOrVar","v":"n"}," 場活動"],"few":[{"t":"idOrVar","v":"n"}," 場活動"],"many":[{"t":"idOrVar","v":"n"}," 場活動"],"other":[{"t":"idOrVar","v":"n"}," 場活動"]},"$x":[{"t":"idOrVar","v":"plural"},"n"]},{"$i":"present","ariaLabel":"今天"},{"$i":"past-other-month-description","ariaLabel":"Other month"},{"$i":"future-other-month-description","ariaLabel":"Other month"},{"$i":"icon-calendar-alarm","ariaLabel":"已設定鬧鐘"},{"$i":"calendars","ariaLabel":"行事曆"},{"$i":"multi-day-new-event-link","ariaLabel":"新增活動"},{"$i":"title","ariaLabel":"標題"},{"$i":"location","ariaLabel":"地點"},{"$i":"duration","ariaLabel":"持續時間"},{"$i":"calendar","ariaLabel":"行事曆"},{"$i":"alarms","ariaLabel":"鬧鐘"},{"$i":"description","ariaLabel":"說明"},{"$i":"start-date","ariaLabel":"開始日期"},{"$i":"start-time","ariaLabel":"開始時間"},{"$i":"end-date","ariaLabel":"結束日期"},{"$i":"end-time","ariaLabel":"結束時間"},{"$i":"during-progress-loading","ariaValueText":"載入中"},{"$i":"all-day","ariaLabel":"全天"},{"$i":"create-event","ariaLabel":"建立活動"},{"$i":"create-all-day-event","ariaLabel":"建立全日活動"},{"$i":"event-one-day-duration","ariaLabel":["從 ",{"t":"idOrVar","v":"startTime"}," 到 ",{"t":"idOrVar","v":"endTime"}]},{"$i":"week-event-one-day-duration","ariaLabel":[{"t":"idOrVar","v":"startDate"}," 從 ",{"t":"idOrVar","v":"startTime"}," 到 ",{"t":"idOrVar","v":"endTime"}]},{"$i":"event-multiple-day-duration","ariaLabel":["從 ",{"t":"idOrVar","v":"startDate"}," ",{"t":"idOrVar","v":"startTime"}," 到 ",{"t":"idOrVar","v":"endDate"}," ",{"t":"idOrVar","v":"endTime"}]},{"$i":"weekday-0-long","$v":"星期日"},{"$i":"weekday-1-long","$v":"星期一"},{"$i":"weekday-2-long","$v":"星期二"},{"$i":"weekday-3-long","$v":"星期三"},{"$i":"weekday-4-long","$v":"星期四"},{"$i":"weekday-5-long","$v":"星期五"},{"$i":"weekday-6-long","$v":"星期六"},{"$i":"weekday-0-short","$v":"日"},{"$i":"weekday-1-short","$v":"一"},{"$i":"weekday-2-short","$v":"二"},{"$i":"weekday-3-short","$v":"三"},{"$i":"weekday-4-short","$v":"四"},{"$i":"weekday-5-short","$v":"五"},{"$i":"weekday-6-short","$v":"六"},{"$i":"month-0-long","$v":"一月"},{"$i":"month-1-long","$v":"二月"},{"$i":"month-2-long","$v":"三月"},{"$i":"month-3-long","$v":"四月"},{"$i":"month-4-long","$v":"五月"},{"$i":"month-5-long","$v":"六月"},{"$i":"month-6-long","$v":"七月"},{"$i":"month-7-long","$v":"八月"},{"$i":"month-8-long","$v":"九月"},{"$i":"month-9-long","$v":"十月"},{"$i":"month-10-long","$v":"十一月"},{"$i":"month-11-long","$v":"十二月"},{"$i":"month-0-genitive","$v":"1 月"},{"$i":"month-1-genitive","$v":"2 月"},{"$i":"month-2-genitive","$v":"3 月"},{"$i":"month-3-genitive","$v":"4 月"},{"$i":"month-4-genitive","$v":"5 月"},{"$i":"month-5-genitive","$v":"6 月"},{"$i":"month-6-genitive","$v":"7 月"},{"$i":"month-7-genitive","$v":"8 月"},{"$i":"month-8-genitive","$v":"9 月"},{"$i":"month-9-genitive","$v":"10 月"},{"$i":"month-10-genitive","$v":"11 月"},{"$i":"month-11-genitive","$v":"12 月"},{"$i":"month-0-short","$v":"1 月"},{"$i":"month-1-short","$v":"2 月"},{"$i":"month-2-short","$v":"3 月"},{"$i":"month-3-short","$v":"4 月"},{"$i":"month-4-short","$v":"5 月"},{"$i":"month-5-short","$v":"6 月"},{"$i":"month-6-short","$v":"7 月"},{"$i":"month-7-short","$v":"8 月"},{"$i":"month-8-short","$v":"9 月"},{"$i":"month-9-short","$v":"10 月"},{"$i":"month-10-short","$v":"11 月"},{"$i":"month-11-short","$v":"12 月"},{"$i":"minutes-ago-long","$v":{"zero":"剛剛","one":"1 分鐘前","two":[{"t":"idOrVar","v":"value"}," 分鐘前"],"few":[{"t":"idOrVar","v":"value"}," 分鐘前"],"many":[{"t":"idOrVar","v":"value"}," 分鐘前"],"other":[{"t":"idOrVar","v":"value"}," 分鐘前"]},"$x":[{"t":"idOrVar","v":"plural"},"value"]},{"$i":"hours-ago-long","$v":{"zero":"剛剛","one":"1 小時前","two":[{"t":"idOrVar","v":"value"}," 小時前"],"few":[{"t":"idOrVar","v":"value"}," 小時前"],"many":[{"t":"idOrVar","v":"value"}," 小時前"],"other":[{"t":"idOrVar","v":"value"}," 小時前"]},"$x":[{"t":"idOrVar","v":"plural"},"value"]},{"$i":"days-ago-long","$v":{"zero":"今天","one":"昨天","two":[{"t":"idOrVar","v":"value"}," 天前"],"few":[{"t":"idOrVar","v":"value"}," 天前"],"many":[{"t":"idOrVar","v":"value"}," 天前"],"other":[{"t":"idOrVar","v":"value"}," 天前"]},"$x":[{"t":"idOrVar","v":"plural"},"value"]},{"$i":"weeks-ago-long","$v":{"zero":"本週","one":"上週","two":[{"t":"idOrVar","v":"value"}," 週前"],"few":[{"t":"idOrVar","v":"value"}," 週前"],"many":[{"t":"idOrVar","v":"value"}," 週前"],"other":[{"t":"idOrVar","v":"value"}," 週前"]},"$x":[{"t":"idOrVar","v":"plural"},"value"]},{"$i":"months-ago-long","$v":{"zero":"本月","one":"上月","two":[{"t":"idOrVar","v":"value"}," 月前"],"few":[{"t":"idOrVar","v":"value"}," 月前"],"many":[{"t":"idOrVar","v":"value"}," 月前"],"other":[{"t":"idOrVar","v":"value"}," 月前"]},"$x":[{"t":"idOrVar","v":"plural"},"value"]},{"$i":"years-ago-long","$v":{"zero":"今年","one":"去年","two":[{"t":"idOrVar","v":"value"}," 年前"],"few":[{"t":"idOrVar","v":"value"}," 年前"],"many":[{"t":"idOrVar","v":"value"}," 年前"],"other":[{"t":"idOrVar","v":"value"}," 年前"]},"$x":[{"t":"idOrVar","v":"plural"},"value"]},{"$i":"minutes-until-long","$v":{"zero":"現在","one":"1 分鐘內","two":[{"t":"idOrVar","v":"value"}," 分鐘內"],"few":[{"t":"idOrVar","v":"value"}," 分鐘內"],"many":[{"t":"idOrVar","v":"value"}," 分鐘內"],"other":[{"t":"idOrVar","v":"value"}," 分鐘內"]},"$x":[{"t":"idOrVar","v":"plural"},"value"]},{"$i":"hours-until-long","$v":{"zero":"現在","one":"1 小時內","two":[{"t":"idOrVar","v":"value"}," 小時前"],"few":[{"t":"idOrVar","v":"value"}," 小時前"],"many":[{"t":"idOrVar","v":"value"}," 小時前"],"other":[{"t":"idOrVar","v":"value"}," 小時前"]},"$x":[{"t":"idOrVar","v":"plural"},"value"]},{"$i":"days-until-long","$v":{"zero":"今天","one":"明天","two":[{"t":"idOrVar","v":"value"}," 天內"],"few":[{"t":"idOrVar","v":"value"}," 天內"],"many":[{"t":"idOrVar","v":"value"}," 天內"],"other":[{"t":"idOrVar","v":"value"}," 天內"]},"$x":[{"t":"idOrVar","v":"plural"},"value"]},{"$i":"weeks-until-long","$v":{"zero":"本週","one":"下週","two":[{"t":"idOrVar","v":"value"}," 週內"],"few":[{"t":"idOrVar","v":"value"}," 週內"],"many":[{"t":"idOrVar","v":"value"}," 週內"],"other":[{"t":"idOrVar","v":"value"}," 週內"]},"$x":[{"t":"idOrVar","v":"plural"},"value"]},{"$i":"months-until-long","$v":{"zero":"本月","one":"下月","two":[{"t":"idOrVar","v":"value"}," 月內"],"few":[{"t":"idOrVar","v":"value"}," 月內"],"many":[{"t":"idOrVar","v":"value"}," 月內"],"other":[{"t":"idOrVar","v":"value"}," 月內"]},"$x":[{"t":"idOrVar","v":"plural"},"value"]},{"$i":"years-until-long","$v":{"zero":"今年","one":"明年","two":[{"t":"idOrVar","v":"value"}," 年內"],"few":[{"t":"idOrVar","v":"value"}," 年內"],"many":[{"t":"idOrVar","v":"value"}," 年內"],"other":[{"t":"idOrVar","v":"value"}," 年內"]},"$x":[{"t":"idOrVar","v":"plural"},"value"]},{"$i":"minutes-ago-short","$v":{"zero":"剛剛","other":[{"t":"idOrVar","v":"value"}," 分鐘前"]},"$x":[{"t":"idOrVar","v":"plural"},"value"]},{"$i":"hours-ago-short","$v":{"zero":"剛剛","other":[{"t":"idOrVar","v":"value"}," 小時前"]},"$x":[{"t":"idOrVar","v":"plural"},"value"]},{"$i":"days-ago-short","$v":{"zero":"今天","other":[{"t":"idOrVar","v":"value"}," 天前"]},"$x":[{"t":"idOrVar","v":"plural"},"value"]},{"$i":"minutes-until-short","$v":{"zero":"現在","other":[{"t":"idOrVar","v":"value"}," 分內"]},"$x":[{"t":"idOrVar","v":"plural"},"value"]},{"$i":"hours-until-short","$v":{"zero":"現在","other":[{"t":"idOrVar","v":"value"}," 時內"]},"$x":[{"t":"idOrVar","v":"plural"},"value"]},{"$i":"days-until-short","$v":{"zero":"今天","other":[{"t":"idOrVar","v":"value"}," 天內"]},"$x":[{"t":"idOrVar","v":"plural"},"value"]},{"$i":"incorrectDate","$v":"（日期不正確）"},{"$i":"dateTimeFormat_%c","$v":"%Y年%b%d日 %a %p %I:%M:%S"},{"$i":"dateTimeFormat_%x","$v":"%Y/%m/%d"},{"$i":"dateTimeFormat_%X","$v":"%p %I:%M:%S"},{"$i":"shortTimeFormat","$v":"%p %I:%M"},{"$i":"shortTimeFormat12","$v":"%p %I:%M"},{"$i":"shortTimeFormat24","$v":"%H:%M"},{"$i":"shortDateTimeFormat","$v":"%x %p %I:%M"},{"$i":"weekStartsOnMonday","$v":"1"},{"$i":"firstDayOfTheWeek","$v":"1"},{"$i":"time_am","$v":"上午"},{"$i":"time_pm","$v":"下午"}]