[{"$i":"label","$v":"التصنيف"},{"$i":"mobile","$v":"المحمول"},{"$i":"home","$v":"البيت"},{"$i":"work","$v":"العمل"},{"$i":"personal","$v":"شخصي"},{"$i":"faxHome","$v":"فاكس البيت"},{"$i":"faxOffice","$v":"فاكس المكتب"},{"$i":"faxOther","$v":"فاكس آخر"},{"$i":"another","$v":"آخر"},{"$i":"other","$v":"آخر"},{"$i":"customTag","placeholder":"تصنيف خاص"},{"$i":"current","$v":"الحالي"},{"$i":"itemWithLabel","$v":[{"t":"idOrVar","v":"label"},", ",{"t":"idOrVar","v":"item"}]},{"$i":"error","$v":"خطأ"},{"$i":"ok","$v":"موافق"},{"$i":"cancel","$v":"ألغِ"},{"$i":"emergency-call-only","$v":"مُكالمة طوارئ فقط"},{"$i":"emergency-call-error","$v":["‏",{"t":"idOrVar","v":"number"}," ليس رقم طوارئ."]},{"$i":"ice-contacts-bar-text","$v":"جهات الاتصال في حالات الطوارئ"},{"$i":"ice-contacts-overlay-title","$v":"جهات الاتصال في حالات الطوارئ"},{"$i":"phoneNumberInput","ariaLabel":"رقم الهاتف"},{"$i":"keypadDelete","ariaLabel":"احذف"},{"$i":"voiceMailKey","ariaLabel":"البريد الصوتي"},{"$i":"asterisk","ariaLabel":"نجمة"},{"$i":"hashSign","ariaLabel":"إشارة المربّع"},{"$i":"loadingSimContacts","$v":"Loading SIM card contacts…"},{"$i":"noContactsWereFound","$v":"No contacts were found"},{"$i":"noContactsFoundDialogOk","$v":"OK"},{"$i":"emergencyNumber","$v":"رقم الطوارئ"},{"$i":"callAirplaneModeMessage","$v":"لإجراء المكالمات عليك إيقاف وضع الطائرة في الإعدادات."},{"$i":"callAirplaneModeBtnOk","$v":"موافق"},{"$i":"callAirplaneModeTitle","$v":"فُعِّل وضع الطائرة"},{"$i":"numberIsBusyTitle","$v":"الرقم مشغول"},{"$i":"numberIsBusyMessage","$v":"الرقم مشغول حاليا. الرجاء المحاولة لاحقا."},{"$i":"fdnIsActiveTitle","$v":"تشغيل FDN"},{"$i":"fdnIsActiveMessage","$v":["فُعّلت ميزة أرقام الاتصال الثابتة (FDN)، والرقم التّالي ليس في قائمتك: ",{"t":"idOrVar","v":"number"}]},{"$i":"emergencyDialogBodyBadNumber","$v":"لإجراء مكالمة، يجب أن يكون الهاتف متصلًا بشبكة."},{"$i":"emergencyDialogBodyDeviceNotAccepted","$v":"مكالمات الطوارئ غير مسموح بها من قبل الشبكة."},{"$i":"emergencyDialogBtnOk","$v":"موافق"},{"$i":"emergencyDialogTitle","$v":"لا يوجد اتصال بالشبكة"},{"$i":"invalidNumberToDialTitle","$v":"رقم الهاتف غير صالح"},{"$i":"invalidNumberToDialMessage","$v":"رقم الهاتف الذي تطلبه غير صالح."},{"$i":"unableToCallTitle","$v":"تعذّر بدء المكالمة الآن"},{"$i":"unableToCallMessage","$v":"تعذّر بدء المكالمة. إن كنت تطلب رقمًا حينئذٍ، فأغلق الطلب أوّلًا."},{"$i":"otherConnectionInUseTitle","$v":"اتصال آخر جارٍ"},{"$i":"otherConnectionInUseMessage","$v":"لديك مكالمة أخرى جارية. لا يمكنك تنفيذ اكثر من اتصال في نفس الوقت."},{"$i":"gaia-menu-cancel","$v":"ألغِ"},{"$i":"gaia-sim-picker-dial-via-with-number","$v":["إتصل بـ ",{"t":"idOrVar","v":"phoneNumber"}," عبر"]},{"$i":"gaia-sim-picker-select-sim","$v":"إختر الشريحة"},{"$i":"gaia-sim-picker-button","$v":["الشريحة ",{"t":"idOrVar","v":"n"}]},{"$i":"gaia-sim-picker-button-default","$v":"(الأساسيّة)"}]