[{"$i":"label","$v":"Етикет"},{"$i":"mobile","$v":"Мобилен"},{"$i":"home","$v":"Домашен"},{"$i":"work","$v":"Работен"},{"$i":"personal","$v":"Личен"},{"$i":"faxHome","$v":"Факс у дома"},{"$i":"faxOffice","$v":"Факс в офиса"},{"$i":"faxOther","$v":"Факс другаде"},{"$i":"another","$v":"Още"},{"$i":"other","$v":"Друго"},{"$i":"customTag","placeholder":"Персонализиран етикет"},{"$i":"current","$v":"Настоящ"},{"$i":"itemWithLabel","$v":[{"t":"idOrVar","v":"label"},", ",{"t":"idOrVar","v":"item"}]},{"$i":"error","$v":"Грешка"},{"$i":"ok","$v":"Добре"},{"$i":"cancel","$v":"Отказ"},{"$i":"emergency-call-only","$v":"Само спешни обаждания"},{"$i":"emergency-call-error","$v":[{"t":"idOrVar","v":"number"}," не е номер за спешни обаждания."]},{"$i":"ice-contacts-bar-text","$v":"Контакти ИС – извънредни ситуации"},{"$i":"ice-contacts-overlay-title","$v":"Контакти ИС"},{"$i":"phoneNumberInput","ariaLabel":"Телефонен номер"},{"$i":"keypadDelete","ariaLabel":"Изтриване"},{"$i":"voiceMailKey","ariaLabel":"Гласова поща"},{"$i":"asterisk","ariaLabel":"Звезда"},{"$i":"hashSign","ariaLabel":"Знак за диез"},{"$i":"loadingSimContacts","$v":"Loading SIM card contacts…"},{"$i":"noContactsWereFound","$v":"No contacts were found"},{"$i":"noContactsFoundDialogOk","$v":"OK"},{"$i":"emergencyNumber","$v":"Номер спешен случай"},{"$i":"callAirplaneModeMessage","$v":"За да се обаждате, трябва да изключите самолетния режим от Настройки."},{"$i":"callAirplaneModeBtnOk","$v":"Добре"},{"$i":"callAirplaneModeTitle","$v":"Самолетният режим е включен"},{"$i":"numberIsBusyTitle","$v":"Номерът е зает"},{"$i":"numberIsBusyMessage","$v":"Номерът в момента е зает. Моля, опитайте по-късно."},{"$i":"fdnIsActiveTitle","$v":"ФН включен"},{"$i":"fdnIsActiveMessage","$v":["FDN (Фиксирани номера за набиране) са активни и следният номер не е в списъка: ",{"t":"idOrVar","v":"number"}]},{"$i":"emergencyDialogBodyBadNumber","$v":"За да се обаждате, телефонът трябва да е свързан към мрежа на мобилен оператор."},{"$i":"emergencyDialogBodyDeviceNotAccepted","$v":"Спешните разговори са забранени от този оператор."},{"$i":"emergencyDialogBtnOk","$v":"Добре"},{"$i":"emergencyDialogTitle","$v":"Няма връзка към мрежа"},{"$i":"invalidNumberToDialTitle","$v":"Невалиден телефонен номер"},{"$i":"invalidNumberToDialMessage","$v":"Телефонният номер, който набирате е невалиден."},{"$i":"unableToCallTitle","$v":"В момента е невъзможно да бъде проведен разговор"},{"$i":"unableToCallMessage","$v":"Невъзможно да бъде проведен разговор. Ако набирате, моля първо затворете."},{"$i":"otherConnectionInUseTitle","$v":"Използва се друга мрежова свързаност"},{"$i":"otherConnectionInUseMessage","$v":"Активно е обаждане в друга мрежова свързаност. В даден момент може да използвате само една мрежова свързаност."},{"$i":"gaia-menu-cancel","$v":"Отказ"},{"$i":"gaia-sim-picker-dial-via-with-number","$v":["Набиране на ",{"t":"idOrVar","v":"phoneNumber"}," през"]},{"$i":"gaia-sim-picker-select-sim","$v":"Избиране на SIM"},{"$i":"gaia-sim-picker-button","$v":["SIM",{"t":"idOrVar","v":"n"}]},{"$i":"gaia-sim-picker-button-default","$v":"(стандартно)"}]