[{"$i":"label","$v":"লেবেল"},{"$i":"mobile","$v":"মোবাইল"},{"$i":"home","$v":"বাড়ি"},{"$i":"work","$v":"কর্মস্থল"},{"$i":"personal","$v":"ব্যক্তিগত"},{"$i":"faxHome","$v":"বাড়ির ফ্যাক্স"},{"$i":"faxOffice","$v":"অফিসের ফ্যাক্স"},{"$i":"faxOther","$v":"অন্যান্য ফ্যাক্স"},{"$i":"another","$v":"আরেকটা"},{"$i":"other","$v":"অন্যান্য"},{"$i":"customTag","placeholder":"স্বনির্ধারিত ট্যাগ"},{"$i":"current","$v":"বর্তমান"},{"$i":"itemWithLabel","$v":[{"t":"idOrVar","v":"label"},", ",{"t":"idOrVar","v":"item"}]},{"$i":"error","$v":"Error"},{"$i":"ok","$v":"OK"},{"$i":"cancel","$v":"বাতিল"},{"$i":"emergency-call-only","$v":"Emergency Call Only"},{"$i":"emergency-call-error","$v":[{"t":"idOrVar","v":"number"}," is not an emergency number."]},{"$i":"ice-contacts-bar-text","$v":"ICE Contacts - In Case of Emergency"},{"$i":"ice-contacts-overlay-title","$v":"ICE Contacts"},{"$i":"phoneNumberInput","ariaLabel":"ফোন নাম্বার"},{"$i":"keypadDelete","ariaLabel":"অপসারণ"},{"$i":"voiceMailKey","ariaLabel":"ভয়েসমেইল"},{"$i":"asterisk","ariaLabel":"তারকা চিহ্ন"},{"$i":"hashSign","ariaLabel":"হ্যাশ চিহ্ন"},{"$i":"loadingSimContacts","$v":"Loading SIM card contacts…"},{"$i":"noContactsWereFound","$v":"No contacts were found"},{"$i":"noContactsFoundDialogOk","$v":"OK"},{"$i":"emergencyNumber","$v":"Emergency number"},{"$i":"callAirplaneModeMessage","$v":"To make a call you need to disable airplane mode in settings."},{"$i":"callAirplaneModeBtnOk","$v":"OK"},{"$i":"callAirplaneModeTitle","$v":"Airplane mode activated"},{"$i":"numberIsBusyTitle","$v":"Number is busy"},{"$i":"numberIsBusyMessage","$v":"The number is currently busy. Please try again later."},{"$i":"fdnIsActiveTitle","$v":"FDN active"},{"$i":"fdnIsActiveMessage","$v":["FDN (Fixed Dialing Numbers) is activated and the following number is not in your FDN list: ",{"t":"idOrVar","v":"number"}]},{"$i":"emergencyDialogBodyBadNumber","$v":"To make a call, the phone must be connected to a network."},{"$i":"emergencyDialogBodyDeviceNotAccepted","$v":"Emergency calls are not allowed by the network."},{"$i":"emergencyDialogBtnOk","$v":"OK"},{"$i":"emergencyDialogTitle","$v":"No network connection"},{"$i":"invalidNumberToDialTitle","$v":"Invalid phone number"},{"$i":"invalidNumberToDialMessage","$v":"The phone number you are calling is not valid."},{"$i":"unableToCallTitle","$v":"Unable to make a phone call now"},{"$i":"unableToCallMessage","$v":"Cannot make a call. If you are already dialing, please hang up first."},{"$i":"otherConnectionInUseTitle","$v":"Other connection in use"},{"$i":"otherConnectionInUseMessage","$v":"You have an active call on another connection. You can only use one connection at a time."},{"$i":"gaia-menu-cancel","$v":"বাতিল"},{"$i":"gaia-sim-picker-dial-via-with-number","$v":["Dial ",{"t":"idOrVar","v":"phoneNumber"}," via"]},{"$i":"gaia-sim-picker-select-sim","$v":"Select SIM"},{"$i":"gaia-sim-picker-button","$v":["SIM",{"t":"idOrVar","v":"n"}]},{"$i":"gaia-sim-picker-button-default","$v":"(default)"}]