[{"$i":"label","$v":"Označení"},{"$i":"mobile","$v":"Mobil"},{"$i":"home","$v":"Domů"},{"$i":"work","$v":"Práce"},{"$i":"personal","$v":"Osobní"},{"$i":"faxHome","$v":"Fax domů"},{"$i":"faxOffice","$v":"Fax práce"},{"$i":"faxOther","$v":"Fax ostatní"},{"$i":"another","$v":"Další"},{"$i":"other","$v":"Ostatní"},{"$i":"customTag","placeholder":"Vlastní značka"},{"$i":"current","$v":"Aktuální"},{"$i":"itemWithLabel","$v":[{"t":"idOrVar","v":"label"},", ",{"t":"idOrVar","v":"item"}]},{"$i":"error","$v":"Chyba"},{"$i":"ok","$v":"OK"},{"$i":"cancel","$v":"Zrušit"},{"$i":"emergency-call-only","$v":"Pouze tísňové volání"},{"$i":"emergency-call-error","$v":["Číslo ",{"t":"idOrVar","v":"number"}," nespadá pod tísňové volání."]},{"$i":"ice-contacts-bar-text","$v":"ICE kontakty - v případě mimořádné okolnosti"},{"$i":"ice-contacts-overlay-title","$v":"ICE kontakty"},{"$i":"phoneNumberInput","ariaLabel":"Telefonní číslo"},{"$i":"keypadDelete","ariaLabel":"Smazat"},{"$i":"voiceMailKey","ariaLabel":"Hlasová schránka"},{"$i":"asterisk","ariaLabel":"Hvězdička"},{"$i":"hashSign","ariaLabel":"Mřížka"},{"$i":"loadingSimContacts","$v":"Loading SIM card contacts…"},{"$i":"noContactsWereFound","$v":"No contacts were found"},{"$i":"noContactsFoundDialogOk","$v":"OK"},{"$i":"emergencyNumber","$v":"Tísňové volání"},{"$i":"callAirplaneModeMessage","$v":"Pro uskutečnění hovoru je třeba v nastavení ukončit režim V letadle."},{"$i":"callAirplaneModeBtnOk","$v":"OK"},{"$i":"callAirplaneModeTitle","$v":"Režim V letadle aktivován"},{"$i":"numberIsBusyTitle","$v":"Číslo je zaneprázdněno"},{"$i":"numberIsBusyMessage","$v":"Číslo je momentálně obsazeno. Zkuste to později."},{"$i":"fdnIsActiveTitle","$v":"FDN aktivní"},{"$i":"fdnIsActiveMessage","$v":["FDN je aktivováno a následující čísla  ",{"t":"idOrVar","v":"number"}," nejsou na Vašem seznamu FDN."]},{"$i":"emergencyDialogBodyBadNumber","$v":"Pro uskutečnění hovoru musí být telefon připojen k mobilní síti."},{"$i":"emergencyDialogBodyDeviceNotAccepted","$v":"Tísňová volání nejsou v této mobilní síti povolena."},{"$i":"emergencyDialogBtnOk","$v":"OK"},{"$i":"emergencyDialogTitle","$v":"Žádné připojení k síti"},{"$i":"invalidNumberToDialTitle","$v":"Chybné telefonní číslo"},{"$i":"invalidNumberToDialMessage","$v":"Telefonní číslo, které se pokoušíte vytočit, není platné."},{"$i":"unableToCallTitle","$v":"Momentálně nelze uskutečnit telefonní hovor."},{"$i":"unableToCallMessage","$v":"Nelze uskutečnit telefonní hovor. Pokud momentálně vytáčíte jiné číslo, tak ho nejdříve ukončete."},{"$i":"otherConnectionInUseTitle","$v":"Používáno jiné připojení"},{"$i":"otherConnectionInUseMessage","$v":"Momentálně uskutečňujete hovor na jiné síti. Lze používat jen jednu síť současně."},{"$i":"gaia-menu-cancel","$v":"Zrušit"},{"$i":"gaia-sim-picker-dial-via-with-number","$v":["Vytočit ",{"t":"idOrVar","v":"phoneNumber"}," pomocí"]},{"$i":"gaia-sim-picker-select-sim","$v":"Zvolit SIM"},{"$i":"gaia-sim-picker-button","$v":["SIM",{"t":"idOrVar","v":"n"}]},{"$i":"gaia-sim-picker-button-default","$v":"(default)"}]