[{"$i":"label","$v":"Etiket"},{"$i":"mobile","$v":"Mobil"},{"$i":"home","$v":"Hjem"},{"$i":"work","$v":"Arbejde"},{"$i":"personal","$v":"Personlig"},{"$i":"faxHome","$v":"Fax, hjem"},{"$i":"faxOffice","$v":"Fax, kontor"},{"$i":"faxOther","$v":"Fax, andet"},{"$i":"another","$v":"Anden"},{"$i":"other","$v":"Andet"},{"$i":"customTag","placeholder":"Brugerdefineret etiket"},{"$i":"current","$v":"Nuværende"},{"$i":"itemWithLabel","$v":[{"t":"idOrVar","v":"label"},", ",{"t":"idOrVar","v":"item"}]},{"$i":"error","$v":"Fejl"},{"$i":"ok","$v":"OK"},{"$i":"cancel","$v":"Annuller"},{"$i":"emergency-call-only","$v":"Kun nødopkald"},{"$i":"emergency-call-error","$v":[{"t":"idOrVar","v":"number"}," er ikke et nødopkaldsnummer."]},{"$i":"ice-contacts-bar-text","$v":"Kontakter til nødsituation"},{"$i":"ice-contacts-overlay-title","$v":"Kontakter til nødsituation"},{"$i":"phoneNumberInput","ariaLabel":"Telefonnummer"},{"$i":"keypadDelete","ariaLabel":"Slet"},{"$i":"voiceMailKey","ariaLabel":"Telefonbesked"},{"$i":"asterisk","ariaLabel":"Stjerne"},{"$i":"hashSign","ariaLabel":"Firkant"},{"$i":"loadingSimContacts","$v":"Loading SIM card contacts…"},{"$i":"noContactsWereFound","$v":"No contacts were found"},{"$i":"noContactsFoundDialogOk","$v":"OK"},{"$i":"emergencyNumber","$v":"Nødopkaldsnummer"},{"$i":"callAirplaneModeMessage","$v":"Du skal deaktivere flytilstand i indstillingerne for at kunne foretage et opkald."},{"$i":"callAirplaneModeBtnOk","$v":"OK"},{"$i":"callAirplaneModeTitle","$v":"Flytilstand er aktiveret"},{"$i":"numberIsBusyTitle","$v":"Nummeret er optaget"},{"$i":"numberIsBusyMessage","$v":"Nummeret er optaget. Prøv igen senere."},{"$i":"fdnIsActiveTitle","$v":"FON er aktiv"},{"$i":"fdnIsActiveMessage","$v":["FON (faste opkaldsnumre) er aktiveret, og det følgende nummer er ikke på din FON-liste: ",{"t":"idOrVar","v":"number"}]},{"$i":"emergencyDialogBodyBadNumber","$v":"Telefonen skal være tilsluttet et netværk, for at du kan foretage opkald."},{"$i":"emergencyDialogBodyDeviceNotAccepted","$v":"Nødopkald tillades ikke af netværket."},{"$i":"emergencyDialogBtnOk","$v":"OK"},{"$i":"emergencyDialogTitle","$v":"Ingen netværksforbindelse"},{"$i":"invalidNumberToDialTitle","$v":"Ugyldigt telefonnummer"},{"$i":"invalidNumberToDialMessage","$v":"Det angivne telefonnummer er ugyldigt."},{"$i":"unableToCallTitle","$v":"Kan ikke foretage opkald i øjeblikket"},{"$i":"unableToCallMessage","$v":"Kan ikke foretage opkald. Hvis du er i færd med at ringe op, så afbryd først."},{"$i":"otherConnectionInUseTitle","$v":"Anden forbindelse er i brug"},{"$i":"otherConnectionInUseMessage","$v":"Du har et aktivt opkald på en anden forbindelse. Du kan kun bruge én forbindelse ad gangen."},{"$i":"gaia-menu-cancel","$v":"Annuller"},{"$i":"gaia-sim-picker-dial-via-with-number","$v":["Ring til ",{"t":"idOrVar","v":"phoneNumber"}," via"]},{"$i":"gaia-sim-picker-select-sim","$v":"Vælg simkort"},{"$i":"gaia-sim-picker-button","$v":["Simkort",{"t":"idOrVar","v":"n"}]},{"$i":"gaia-sim-picker-button-default","$v":"(standard)"}]