[{"$i":"label","$v":"Kategorie"},{"$i":"mobile","$v":"Mobil"},{"$i":"home","$v":"Zuhause"},{"$i":"work","$v":"Dienstlich"},{"$i":"personal","$v":"Privat"},{"$i":"faxHome","$v":"Fax Zuhause"},{"$i":"faxOffice","$v":"Fax Dienstlich"},{"$i":"faxOther","$v":"Anderes Fax"},{"$i":"another","$v":"Weitere"},{"$i":"other","$v":"Sonstiges"},{"$i":"customTag","placeholder":"Eigene Kategorie"},{"$i":"current","$v":"Aktuell"},{"$i":"itemWithLabel","$v":[{"t":"idOrVar","v":"label"},": ",{"t":"idOrVar","v":"item"}]},{"$i":"error","$v":"Fehler"},{"$i":"ok","$v":"OK"},{"$i":"cancel","$v":"Abbrechen"},{"$i":"emergency-call-only","$v":"Nur Notrufe"},{"$i":"emergency-call-error","$v":[{"t":"idOrVar","v":"number"}," ist keine Notrufnummer."]},{"$i":"ice-contacts-bar-text","$v":"Notfallkontakte"},{"$i":"ice-contacts-overlay-title","$v":"Notfallkontakte"},{"$i":"phoneNumberInput","ariaLabel":"Telefonnummer"},{"$i":"keypadDelete","ariaLabel":"Löschen"},{"$i":"voiceMailKey","ariaLabel":"Mailbox"},{"$i":"asterisk","ariaLabel":"Sternsymbol"},{"$i":"hashSign","ariaLabel":"Rautezeichen"},{"$i":"loadingSimContacts","$v":"Loading SIM card contacts…"},{"$i":"noContactsWereFound","$v":"No contacts were found"},{"$i":"noContactsFoundDialogOk","$v":"OK"},{"$i":"emergencyNumber","$v":"Notrufnummer"},{"$i":"callAirplaneModeMessage","$v":"Um einen Anruf zu tätigen, müssen Sie den Flugmodus in den Einstellungen deaktivieren."},{"$i":"callAirplaneModeBtnOk","$v":"OK"},{"$i":"callAirplaneModeTitle","$v":"Flugmodus aktiv"},{"$i":"numberIsBusyTitle","$v":"Nummer ist besetzt"},{"$i":"numberIsBusyMessage","$v":"Die Nummer ist derzeit besetzt. Bitte versuchen Sie es später erneut."},{"$i":"fdnIsActiveTitle","$v":"FDN aktiv"},{"$i":"fdnIsActiveMessage","$v":["Die Einschränkung anrufbarer Nummern ist aktiv und die folgende Nummer befindet sich nicht in Ihrer Freigabe: ",{"t":"idOrVar","v":"number"}]},{"$i":"emergencyDialogBodyBadNumber","$v":"Um einen Anruf tätigen zu können, müssen Sie zunächst eine Netzverbindung aufbauen."},{"$i":"emergencyDialogBodyDeviceNotAccepted","$v":"Notrufe werden von diesem Netz nicht zugelassen."},{"$i":"emergencyDialogBtnOk","$v":"OK"},{"$i":"emergencyDialogTitle","$v":"Keine Netzverbindung"},{"$i":"invalidNumberToDialTitle","$v":"Ungültige Telefonnummer"},{"$i":"invalidNumberToDialMessage","$v":"Die von Ihnen gewählte Nummer ist keine gültige Telefonnummer."},{"$i":"unableToCallTitle","$v":"Derzeit können keine Telefonanrufe getätigt werden."},{"$i":"unableToCallMessage","$v":"Derzeit können keine Telefonanrufe getätigt werden. Falls Sie bereits wählen, so legen Sie bitte vor dem erneuten Wählen erst noch einmal auf."},{"$i":"otherConnectionInUseTitle","$v":"Andere Verbindung wird verwendet"},{"$i":"otherConnectionInUseMessage","$v":"Auf einer anderen Verbindung läuft derzeit ein Gespräch. Es kann maximal eine Verbindung verwendet werden."},{"$i":"gaia-menu-cancel","$v":"Abbrechen"},{"$i":"gaia-sim-picker-dial-via-with-number","$v":[{"t":"idOrVar","v":"phoneNumber"}," anrufen mit"]},{"$i":"gaia-sim-picker-select-sim","$v":"SIM auswählen"},{"$i":"gaia-sim-picker-button","$v":["SIM",{"t":"idOrVar","v":"n"}]},{"$i":"gaia-sim-picker-button-default","$v":"(Standard)"}]