[{"$i":"label","$v":"Ετικέτα"},{"$i":"mobile","$v":"Κινητό"},{"$i":"home","$v":"Σπίτι"},{"$i":"work","$v":"Εργασία"},{"$i":"personal","$v":"Προσωπικό"},{"$i":"faxHome","$v":"Fax σπιτιού"},{"$i":"faxOffice","$v":"Fax γραφείου"},{"$i":"faxOther","$v":"Fax άλλο"},{"$i":"another","$v":"Κάποιο άλλο"},{"$i":"other","$v":"Άλλο"},{"$i":"customTag","placeholder":"Προσαρμοσμένη ετικέτα"},{"$i":"current","$v":"Τρέχουσα"},{"$i":"itemWithLabel","$v":[{"t":"idOrVar","v":"label"},", ",{"t":"idOrVar","v":"item"}]},{"$i":"error","$v":"Σφάλμα"},{"$i":"ok","$v":"ΟΚ"},{"$i":"cancel","$v":"Ακύρωση"},{"$i":"emergency-call-only","$v":"Μόνο κλήσεις έκτακτης ανάγκης"},{"$i":"emergency-call-error","$v":["Ο αριθμός ",{"t":"idOrVar","v":"number"}," δεν είναι αριθμός έκτακτης ανάγκης."]},{"$i":"ice-contacts-bar-text","$v":"Επαφές έκτακτης ανάγκης"},{"$i":"ice-contacts-overlay-title","$v":"Επαφές έκτακτης ανάγκης"},{"$i":"phoneNumberInput","ariaLabel":"Αριθμός τηλεφώνου"},{"$i":"keypadDelete","ariaLabel":"Διαγραφή"},{"$i":"voiceMailKey","ariaLabel":"Τηλεφωνητής"},{"$i":"asterisk","ariaLabel":"Αστερίσκος"},{"$i":"hashSign","ariaLabel":"Δίεση"},{"$i":"loadingSimContacts","$v":"Loading SIM card contacts…"},{"$i":"noContactsWereFound","$v":"No contacts were found"},{"$i":"noContactsFoundDialogOk","$v":"OK"},{"$i":"emergencyNumber","$v":"Emergency number"},{"$i":"callAirplaneModeMessage","$v":"To make a call you need to disable airplane mode in settings."},{"$i":"callAirplaneModeBtnOk","$v":"OK"},{"$i":"callAirplaneModeTitle","$v":"Airplane mode activated"},{"$i":"numberIsBusyTitle","$v":"Number is busy"},{"$i":"numberIsBusyMessage","$v":"The number is currently busy. Please try again later."},{"$i":"fdnIsActiveTitle","$v":"FDN active"},{"$i":"fdnIsActiveMessage","$v":["FDN (Fixed Dialing Numbers) is activated and the following number is not in your FDN list: ",{"t":"idOrVar","v":"number"}]},{"$i":"emergencyDialogBodyBadNumber","$v":"To make a call, the phone must be connected to a network."},{"$i":"emergencyDialogBodyDeviceNotAccepted","$v":"Emergency calls are not allowed by the network."},{"$i":"emergencyDialogBtnOk","$v":"OK"},{"$i":"emergencyDialogTitle","$v":"No network connection"},{"$i":"invalidNumberToDialTitle","$v":"Invalid phone number"},{"$i":"invalidNumberToDialMessage","$v":"The phone number you are calling is not valid."},{"$i":"unableToCallTitle","$v":"Unable to make a phone call now"},{"$i":"unableToCallMessage","$v":"Cannot make a call. If you are already dialing, please hang up first."},{"$i":"otherConnectionInUseTitle","$v":"Other connection in use"},{"$i":"otherConnectionInUseMessage","$v":"You have an active call on another connection. You can only use one connection at a time."},{"$i":"gaia-menu-cancel","$v":"Ακύρωση"},{"$i":"gaia-sim-picker-dial-via-with-number","$v":["Dial ",{"t":"idOrVar","v":"phoneNumber"}," via"]},{"$i":"gaia-sim-picker-select-sim","$v":"Select SIM"},{"$i":"gaia-sim-picker-button","$v":["SIM",{"t":"idOrVar","v":"n"}]},{"$i":"gaia-sim-picker-button-default","$v":"(default)"}]