[{"$i":"label","$v":"Etiqueta"},{"$i":"mobile","$v":"Móvil"},{"$i":"home","$v":"Casa"},{"$i":"work","$v":"Trabajo"},{"$i":"personal","$v":"Personal"},{"$i":"faxHome","$v":"Fax casa"},{"$i":"faxOffice","$v":"Fax oficina"},{"$i":"faxOther","$v":"Fax otros"},{"$i":"another","$v":"Otro"},{"$i":"other","$v":"Otros"},{"$i":"customTag","placeholder":"Etiqueta personalizada"},{"$i":"current","$v":"Actual"},{"$i":"itemWithLabel","$v":[{"t":"idOrVar","v":"label"},", ",{"t":"idOrVar","v":"item"}]},{"$i":"error","$v":"Error"},{"$i":"ok","$v":"Aceptar"},{"$i":"cancel","$v":"Cancelar"},{"$i":"emergency-call-only","$v":"Sólo llamada de emergencia"},{"$i":"emergency-call-error","$v":[{"t":"idOrVar","v":"number"}," no es un número de emergencia."]},{"$i":"ice-contacts-bar-text","$v":"Contactos ICE: En caso de emergencia"},{"$i":"ice-contacts-overlay-title","$v":"Contactos ICE"},{"$i":"phoneNumberInput","ariaLabel":"Núm. de teléfono"},{"$i":"keypadDelete","ariaLabel":"Borrar"},{"$i":"voiceMailKey","ariaLabel":"Mensaje de voz"},{"$i":"asterisk","ariaLabel":"Asterisco"},{"$i":"hashSign","ariaLabel":"Símbolo #"},{"$i":"loadingSimContacts","$v":"Loading SIM card contacts…"},{"$i":"noContactsWereFound","$v":"No contacts were found"},{"$i":"noContactsFoundDialogOk","$v":"OK"},{"$i":"emergencyNumber","$v":"Número de emergencia"},{"$i":"callAirplaneModeMessage","$v":"Para hacer una llamada, es necesario desactivar el modo avión en ajustes."},{"$i":"callAirplaneModeBtnOk","$v":"Aceptar"},{"$i":"callAirplaneModeTitle","$v":"Modo avión activado"},{"$i":"numberIsBusyTitle","$v":"El número está ocupado"},{"$i":"numberIsBusyMessage","$v":"El número está ocupado en este momento. Inténtelo más tarde."},{"$i":"fdnIsActiveTitle","$v":"NMF activo"},{"$i":"fdnIsActiveMessage","$v":["NMF (números de marcación fija) está activado y el siguiente número no está en la lista: ",{"t":"idOrVar","v":"number"}]},{"$i":"emergencyDialogBodyBadNumber","$v":"Para hacer una llamada, el teléfono debe estar conectado a una red."},{"$i":"emergencyDialogBodyDeviceNotAccepted","$v":"La red no permite llamadas de emergencia."},{"$i":"emergencyDialogBtnOk","$v":"Aceptar"},{"$i":"emergencyDialogTitle","$v":"Sin conexión de red"},{"$i":"invalidNumberToDialTitle","$v":"Núm. de teléfono no válido"},{"$i":"invalidNumberToDialMessage","$v":"El número al que llama no es válido."},{"$i":"unableToCallTitle","$v":"Imposible hacer una llamada ahora"},{"$i":"unableToCallMessage","$v":"No puede hacerse ninguna llamada. Si está marcando un número, cuelgue primero."},{"$i":"otherConnectionInUseTitle","$v":"Otra conexión en uso"},{"$i":"otherConnectionInUseMessage","$v":"Tiene una llamada activa en otra conexión. Sólo puede usarse una conexión a la vez."},{"$i":"gaia-menu-cancel","$v":"Cancelar"},{"$i":"gaia-sim-picker-dial-via-with-number","$v":["Marcar ",{"t":"idOrVar","v":"phoneNumber"}," vía"]},{"$i":"gaia-sim-picker-select-sim","$v":"Seleccionar SIM"},{"$i":"gaia-sim-picker-button","$v":["SIM",{"t":"idOrVar","v":"n"}]},{"$i":"gaia-sim-picker-button-default","$v":"(predet.)"}]