[{"$i":"label","$v":"Etiketa"},{"$i":"mobile","$v":"Mugikorra"},{"$i":"home","$v":"Etxea"},{"$i":"work","$v":"Lana"},{"$i":"personal","$v":"Pertsonala"},{"$i":"faxHome","$v":"Etxeko faxa"},{"$i":"faxOffice","$v":"Bulegoko faxa"},{"$i":"faxOther","$v":"Beste fax bat"},{"$i":"another","$v":"Beste bat"},{"$i":"other","$v":"Beste bat"},{"$i":"customTag","placeholder":"Etiketa pertsonalizatua"},{"$i":"current","$v":"Unekoa"},{"$i":"itemWithLabel","$v":[{"t":"idOrVar","v":"label"},", ",{"t":"idOrVar","v":"item"}]},{"$i":"error","$v":"Errorea"},{"$i":"ok","$v":"Ados"},{"$i":"cancel","$v":"Utzi"},{"$i":"emergency-call-only","$v":"Larrialdi-deia soilik"},{"$i":"emergency-call-error","$v":[{"t":"idOrVar","v":"number"}," ez da larrialdi-zenbakia."]},{"$i":"ice-contacts-bar-text","$v":"Larrialdi-kontaktuak"},{"$i":"ice-contacts-overlay-title","$v":"Larrialdi-kontaktuak "},{"$i":"phoneNumberInput","ariaLabel":"Telefono-zenbakia"},{"$i":"keypadDelete","ariaLabel":"Ezabatu"},{"$i":"voiceMailKey","ariaLabel":"Ahots-posta"},{"$i":"asterisk","ariaLabel":"Izartxoa"},{"$i":"hashSign","ariaLabel":"Traola"},{"$i":"loadingSimContacts","$v":"Loading SIM card contacts…"},{"$i":"noContactsWereFound","$v":"No contacts were found"},{"$i":"noContactsFoundDialogOk","$v":"OK"},{"$i":"emergencyNumber","$v":"Larrialdi-zenbakia"},{"$i":"callAirplaneModeMessage","$v":"Dei bat egiteko, hegazkin modua desgaitu behar duzu ezarpenetan."},{"$i":"callAirplaneModeBtnOk","$v":"Ados"},{"$i":"callAirplaneModeTitle","$v":"Hegazkin modua aktibatuta"},{"$i":"numberIsBusyTitle","$v":"Zenbakia okupatuta dago"},{"$i":"numberIsBusyMessage","$v":"Zenbakia okupatuta dago. Saiatu berriro geroago."},{"$i":"fdnIsActiveTitle","$v":"FDN aktibo"},{"$i":"fdnIsActiveMessage","$v":["FDN (markatze-zenbaki finkoak) aktibatuta dago eta honako zenbakia ez dago zure FDN zerrendan: ",{"t":"idOrVar","v":"number"}]},{"$i":"emergencyDialogBodyBadNumber","$v":"Dei bat egiteko, telefonoak sare batekin konektatuta egon behar du."},{"$i":"emergencyDialogBodyDeviceNotAccepted","$v":"Sareak ez ditu larrialdi-deiak onartzen."},{"$i":"emergencyDialogBtnOk","$v":"Ados"},{"$i":"emergencyDialogTitle","$v":"Ez dago sareko konexiorik"},{"$i":"invalidNumberToDialTitle","$v":"Telefono-zenbaki baliogabea"},{"$i":"invalidNumberToDialMessage","$v":"Deitzen ari zaren telefono-zenbakia baliogabea da."},{"$i":"unableToCallTitle","$v":"Ezin da telefono-deirik egin orain"},{"$i":"unableToCallMessage","$v":"Ezin da deirik egin. Markatzen ari bazara, eseki lehenengo."},{"$i":"otherConnectionInUseTitle","$v":"Beste konexio bat erabiltzen ari da"},{"$i":"otherConnectionInUseMessage","$v":"Dei aktibo bat duzu beste konexio batean. Konexio bakarra erabil dezakezu aldi berean."},{"$i":"gaia-menu-cancel","$v":"Utzi"},{"$i":"gaia-sim-picker-dial-via-with-number","$v":["Markatu ",{"t":"idOrVar","v":"phoneNumber"}," honen bidez:"]},{"$i":"gaia-sim-picker-select-sim","$v":"Hautatu SIMa"},{"$i":"gaia-sim-picker-button","$v":[{"t":"idOrVar","v":"n"},". SIMa"]},{"$i":"gaia-sim-picker-button-default","$v":"(lehenetsia)"}]