[{"$i":"label","$v":"Etiqueta"},{"$i":"mobile","$v":"Mobile"},{"$i":"home","$v":"Casa"},{"$i":"work","$v":"Traballo"},{"$i":"personal","$v":"Persoal"},{"$i":"faxHome","$v":"Fax casa"},{"$i":"faxOffice","$v":"Fax oficina"},{"$i":"faxOther","$v":"Outro fax"},{"$i":"another","$v":"Outro"},{"$i":"other","$v":"Outros"},{"$i":"customTag","placeholder":"Personalizar etiqueta"},{"$i":"current","$v":"Actual"},{"$i":"itemWithLabel","$v":[{"t":"idOrVar","v":"label"},", ",{"t":"idOrVar","v":"item"}]},{"$i":"error","$v":"Erro"},{"$i":"ok","$v":"Aceptar"},{"$i":"cancel","$v":"Cancelar"},{"$i":"emergency-call-only","$v":"Só chamadas de emerxencia"},{"$i":"emergency-call-error","$v":[{"t":"idOrVar","v":"number"}," non é un número de emerxencia."]},{"$i":"ice-contacts-bar-text","$v":"Contactos ICE - En caso de emerxencia"},{"$i":"ice-contacts-overlay-title","$v":"Contactos ICE"},{"$i":"phoneNumberInput","ariaLabel":"Número de teléfono"},{"$i":"keypadDelete","ariaLabel":"Eliminar"},{"$i":"voiceMailKey","ariaLabel":"Mensaxes de voz"},{"$i":"asterisk","ariaLabel":"Asterisco"},{"$i":"hashSign","ariaLabel":"Símbolo #"},{"$i":"loadingSimContacts","$v":"Loading SIM card contacts…"},{"$i":"noContactsWereFound","$v":"No contacts were found"},{"$i":"noContactsFoundDialogOk","$v":"OK"},{"$i":"emergencyNumber","$v":"Número de emerxencia"},{"$i":"callAirplaneModeMessage","$v":"Para facer unha chamada ten que desactivar o modo avión nos axustes."},{"$i":"callAirplaneModeBtnOk","$v":"Aceptar"},{"$i":"callAirplaneModeTitle","$v":"Activouse o modo avión"},{"$i":"numberIsBusyTitle","$v":"O número está ocupado"},{"$i":"numberIsBusyMessage","$v":"Neste momento o número está ocupado. Tente de novo máis tarde."},{"$i":"fdnIsActiveTitle","$v":"FDN activo"},{"$i":"fdnIsActiveMessage","$v":["FDN (Numeración fixa) está activado e o seguinte número non está na súa lista FDN: ",{"t":"idOrVar","v":"number"}]},{"$i":"emergencyDialogBodyBadNumber","$v":"Para facer unha chamada, o teléfono ten que ter rede."},{"$i":"emergencyDialogBodyDeviceNotAccepted","$v":"A rede non permite chamadas de emerxencia."},{"$i":"emergencyDialogBtnOk","$v":"Aceptar"},{"$i":"emergencyDialogTitle","$v":"Sen conexión de rede"},{"$i":"invalidNumberToDialTitle","$v":"Número de teléfono incorrecto"},{"$i":"invalidNumberToDialMessage","$v":"O número de teléfono ao que está chamando é incorrecto."},{"$i":"unableToCallTitle","$v":"Non é posíbel facer chamadas agora"},{"$i":"unableToCallMessage","$v":"Non é posíbel facer unha chamada. Se xa está marcando, primeiro colgue."},{"$i":"otherConnectionInUseTitle","$v":"Outras conexións en uso"},{"$i":"otherConnectionInUseMessage","$v":"Ten unha chamada activa noutra conexión. Só pode usar unha conexión ao mesmo tempo."},{"$i":"gaia-menu-cancel","$v":"Cancelar"},{"$i":"gaia-sim-picker-dial-via-with-number","$v":["Marcar ",{"t":"idOrVar","v":"phoneNumber"}," con"]},{"$i":"gaia-sim-picker-select-sim","$v":"Seleccionar SIM"},{"$i":"gaia-sim-picker-button","$v":["SIM",{"t":"idOrVar","v":"n"}]},{"$i":"gaia-sim-picker-button-default","$v":"(predeterminado)"}]