[{"$i":"label","$v":"Etichetta"},{"$i":"mobile","$v":"Cellulare"},{"$i":"home","$v":"Casa"},{"$i":"work","$v":"Lavoro"},{"$i":"personal","$v":"Personale"},{"$i":"faxHome","$v":"Fax casa"},{"$i":"faxOffice","$v":"Fax ufficio"},{"$i":"faxOther","$v":"Altro fax"},{"$i":"another","$v":"Altro"},{"$i":"other","$v":"Altro"},{"$i":"customTag","placeholder":"Personalizzato"},{"$i":"current","$v":"Corrente"},{"$i":"itemWithLabel","$v":[{"t":"idOrVar","v":"label"},": ",{"t":"idOrVar","v":"item"}]},{"$i":"error","$v":"Errore"},{"$i":"ok","$v":"OK"},{"$i":"cancel","$v":"Annulla"},{"$i":"emergency-call-only","$v":"Solo chiamate d’emergenza"},{"$i":"emergency-call-error","$v":[{"t":"idOrVar","v":"number"}," non è un numero di emergenza."]},{"$i":"ice-contacts-bar-text","$v":"Contatti ICE - In caso di emergenza"},{"$i":"ice-contacts-overlay-title","$v":"Contatti ICE"},{"$i":"phoneNumberInput","ariaLabel":"Numero di telefono"},{"$i":"keypadDelete","ariaLabel":"Elimina"},{"$i":"voiceMailKey","ariaLabel":"Segreteria"},{"$i":"asterisk","ariaLabel":"Asterisco"},{"$i":"hashSign","ariaLabel":"Cancelletto"},{"$i":"loadingSimContacts","$v":"Caricamento contatti SIM…"},{"$i":"noContactsWereFound","$v":"Nessun contatto trovato"},{"$i":"noContactsFoundDialogOk","$v":"OK"},{"$i":"emergencyNumber","$v":"Numero di emergenza"},{"$i":"callAirplaneModeMessage","$v":"Per chiamare disattivare la modalità aereo nelle impostazioni."},{"$i":"callAirplaneModeBtnOk","$v":"OK"},{"$i":"callAirplaneModeTitle","$v":"Modalità aereo attiva"},{"$i":"numberIsBusyTitle","$v":"Il numero è occupato"},{"$i":"numberIsBusyMessage","$v":"Il numero è occupato. Riprovare più tardi."},{"$i":"fdnIsActiveTitle","$v":"FDN attivo"},{"$i":"fdnIsActiveMessage","$v":["FDN (Numeri selezione fissa) è attivo e il seguente numero non è incluso nell’elenco FDN: ",{"t":"idOrVar","v":"number"}]},{"$i":"emergencyDialogBodyBadNumber","$v":"Per chiamare è necessario essere collegati a una rete."},{"$i":"emergencyDialogBodyDeviceNotAccepted","$v":"Le chiamate d’emergenza non sono consentite dalla rete."},{"$i":"emergencyDialogBtnOk","$v":"OK"},{"$i":"emergencyDialogTitle","$v":"Nessuna connessione di rete"},{"$i":"invalidNumberToDialTitle","$v":"Numero di telefono non valido"},{"$i":"invalidNumberToDialMessage","$v":"Il numero che si sta cercando di chiamare non è valido."},{"$i":"unableToCallTitle","$v":"Impossibile effettuare una chiamata in questo momento"},{"$i":"unableToCallMessage","$v":"Impossibile effettuare una chiamata. Se è già in corso una chiamata, interromperla e riprovare."},{"$i":"otherConnectionInUseTitle","$v":"Connessione già in uso"},{"$i":"otherConnectionInUseMessage","$v":"È in corso una chiamata su un’altra connessione. Non è possibile utilizzare più connessioni contemporaneamente."},{"$i":"gaia-menu-cancel","$v":"Annulla"},{"$i":"gaia-sim-picker-dial-via-with-number","$v":["Componi ",{"t":"idOrVar","v":"phoneNumber"}," con"]},{"$i":"gaia-sim-picker-select-sim","$v":"Seleziona SIM"},{"$i":"gaia-sim-picker-button","$v":["SIM ",{"t":"idOrVar","v":"n"}]},{"$i":"gaia-sim-picker-button-default","$v":"(predefinita)"}]