[{"$i":"label","$v":"ラベル"},{"$i":"mobile","$v":"携帯"},{"$i":"home","$v":"自宅"},{"$i":"work","$v":"勤務先"},{"$i":"personal","$v":"個人"},{"$i":"faxHome","$v":"自宅の Fax"},{"$i":"faxOffice","$v":"勤務先 Fax"},{"$i":"faxOther","$v":"その他 Fax"},{"$i":"another","$v":"別の連絡先"},{"$i":"other","$v":"その他"},{"$i":"customTag","placeholder":"カスタムタグ"},{"$i":"current","$v":"現住所"},{"$i":"itemWithLabel","$v":[{"t":"idOrVar","v":"label"},", ",{"t":"idOrVar","v":"item"}]},{"$i":"error","$v":"エラー"},{"$i":"ok","$v":"OK"},{"$i":"cancel","$v":"キャンセル"},{"$i":"emergency-call-only","$v":"緊急通報のみ"},{"$i":"emergency-call-error","$v":[{"t":"idOrVar","v":"number"}," は緊急通報用の電話番号ではありません。"]},{"$i":"ice-contacts-bar-text","$v":"ICE 連絡先 - 緊急時"},{"$i":"ice-contacts-overlay-title","$v":"ICE 連絡先"},{"$i":"phoneNumberInput","ariaLabel":"電話番号"},{"$i":"keypadDelete","ariaLabel":"削除"},{"$i":"voiceMailKey","ariaLabel":"ボイスメール"},{"$i":"asterisk","ariaLabel":"アスタリスク"},{"$i":"hashSign","ariaLabel":"ハッシュ記号"},{"$i":"loadingSimContacts","$v":"Loading SIM card contacts…"},{"$i":"noContactsWereFound","$v":"No contacts were found"},{"$i":"noContactsFoundDialogOk","$v":"OK"},{"$i":"emergencyNumber","$v":"緊急通報用電話番号"},{"$i":"callAirplaneModeMessage","$v":"発信するには環境設定で機内モードを OFF にする必要があります。"},{"$i":"callAirplaneModeBtnOk","$v":"OK"},{"$i":"callAirplaneModeTitle","$v":"機内モードが ON です"},{"$i":"numberIsBusyTitle","$v":"発信先が話し中です"},{"$i":"numberIsBusyMessage","$v":"電話番号の相手が現在話し中です。後でおかけ直しください。"},{"$i":"fdnIsActiveTitle","$v":"FDN モードが ON です"},{"$i":"fdnIsActiveMessage","$v":["FDN (固定ダイヤル番号) モードが ON です。次の番号は FDN リストにありません: ",{"t":"idOrVar","v":"number"}]},{"$i":"emergencyDialogBodyBadNumber","$v":"発信するにはネットワーク設定を行う必要があります。"},{"$i":"emergencyDialogBodyDeviceNotAccepted","$v":"緊急通報はネットワークにより許可されていません。"},{"$i":"emergencyDialogBtnOk","$v":"OK"},{"$i":"emergencyDialogTitle","$v":"ネットワーク未接続"},{"$i":"invalidNumberToDialTitle","$v":"電話番号が正しくありません"},{"$i":"invalidNumberToDialMessage","$v":"おかけになった電話番号は正しくありません。"},{"$i":"unableToCallTitle","$v":"電話の発信ができません"},{"$i":"unableToCallMessage","$v":"発信できません。ダイヤル中の場合は先に発信ボタンを押してください。"},{"$i":"otherConnectionInUseTitle","$v":"他の回線が使用中です"},{"$i":"otherConnectionInUseMessage","$v":"別の回線で通話中です。同時に使用できる回線は1本までです。"},{"$i":"gaia-menu-cancel","$v":"キャンセル"},{"$i":"gaia-sim-picker-dial-via-with-number","$v":["ダイヤル先 ",{"t":"idOrVar","v":"phoneNumber"}," への使用回線"]},{"$i":"gaia-sim-picker-select-sim","$v":"SIM カードを選択してください"},{"$i":"gaia-sim-picker-button","$v":["SIM",{"t":"idOrVar","v":"n"}]},{"$i":"gaia-sim-picker-button-default","$v":"(既定)"}]