[{"$i":"label","$v":"ស្លាក"},{"$i":"mobile","$v":"ចល័ត"},{"$i":"home","$v":"ផ្ទះ"},{"$i":"work","$v":"កន្លែង​ធ្វើការ"},{"$i":"personal","$v":"ផ្ទាល់​ខ្លួន"},{"$i":"faxHome","$v":"ទូរសារ​​នៅ​ផ្ទះ"},{"$i":"faxOffice","$v":"ទូរសារ​នៅ​ការិយាល័យ"},{"$i":"faxOther","$v":"ទូរសារ​ផ្សេង​ទៀត"},{"$i":"another","$v":"ផ្សេង"},{"$i":"other","$v":"ផ្សេង​ទៀត"},{"$i":"customTag","placeholder":"ស្លាក​ផ្ទាល់ខ្លួន"},{"$i":"current","$v":"បច្ចុប្បន្ន"},{"$i":"itemWithLabel","$v":[{"t":"idOrVar","v":"label"},", ",{"t":"idOrVar","v":"item"}]},{"$i":"error","$v":"កំហុស"},{"$i":"ok","$v":"យល់ព្រម"},{"$i":"cancel","$v":"បោះបង់"},{"$i":"emergency-call-only","$v":"តែ​ការ​ហៅ​ពេល​មាន​អាសន្ន​ប៉ុណ្ណោះ"},{"$i":"emergency-call-error","$v":[{"t":"idOrVar","v":"number"}," មិនមែន​ជា​លេខ​ពេល​មាន​អាសន្ន។"]},{"$i":"ice-contacts-bar-text","$v":"ICE Contacts - In Case of Emergency"},{"$i":"ice-contacts-overlay-title","$v":"ICE Contacts"},{"$i":"phoneNumberInput","ariaLabel":"លេខ​ទូរស័ព្ទ"},{"$i":"keypadDelete","ariaLabel":"​លុប​"},{"$i":"voiceMailKey","ariaLabel":"សារ​ជា​សំឡេង"},{"$i":"asterisk","ariaLabel":"Asterisk"},{"$i":"hashSign","ariaLabel":"សញ្ញា #"},{"$i":"loadingSimContacts","$v":"Loading SIM card contacts…"},{"$i":"noContactsWereFound","$v":"No contacts were found"},{"$i":"noContactsFoundDialogOk","$v":"OK"},{"$i":"emergencyNumber","$v":"Emergency number"},{"$i":"callAirplaneModeMessage","$v":"To make a call you need to disable airplane mode in settings."},{"$i":"callAirplaneModeBtnOk","$v":"OK"},{"$i":"callAirplaneModeTitle","$v":"Airplane mode activated"},{"$i":"numberIsBusyTitle","$v":"Number is busy"},{"$i":"numberIsBusyMessage","$v":"The number is currently busy. Please try again later."},{"$i":"fdnIsActiveTitle","$v":"FDN active"},{"$i":"fdnIsActiveMessage","$v":["FDN (Fixed Dialing Numbers) is activated and the following number is not in your FDN list: ",{"t":"idOrVar","v":"number"}]},{"$i":"emergencyDialogBodyBadNumber","$v":"To make a call, the phone must be connected to a network."},{"$i":"emergencyDialogBodyDeviceNotAccepted","$v":"Emergency calls are not allowed by the network."},{"$i":"emergencyDialogBtnOk","$v":"OK"},{"$i":"emergencyDialogTitle","$v":"No network connection"},{"$i":"invalidNumberToDialTitle","$v":"Invalid phone number"},{"$i":"invalidNumberToDialMessage","$v":"The phone number you are calling is not valid."},{"$i":"unableToCallTitle","$v":"Unable to make a phone call now"},{"$i":"unableToCallMessage","$v":"Cannot make a call. If you are already dialing, please hang up first."},{"$i":"otherConnectionInUseTitle","$v":"Other connection in use"},{"$i":"otherConnectionInUseMessage","$v":"You have an active call on another connection. You can only use one connection at a time."},{"$i":"gaia-menu-cancel","$v":"បោះបង់"},{"$i":"gaia-sim-picker-dial-via-with-number","$v":["Dial ",{"t":"idOrVar","v":"phoneNumber"}," via"]},{"$i":"gaia-sim-picker-select-sim","$v":"Select SIM"},{"$i":"gaia-sim-picker-button","$v":["SIM",{"t":"idOrVar","v":"n"}]},{"$i":"gaia-sim-picker-button-default","$v":"(default)"}]