[{"$i":"label","$v":"라벨"},{"$i":"mobile","$v":"모바일"},{"$i":"home","$v":"자택"},{"$i":"work","$v":"직장"},{"$i":"personal","$v":"개인"},{"$i":"faxHome","$v":"자택 팩스"},{"$i":"faxOffice","$v":"사무실 팩스"},{"$i":"faxOther","$v":"기타 팩스"},{"$i":"another","$v":"기타"},{"$i":"other","$v":"기타"},{"$i":"customTag","placeholder":"사용자 정의 태그"},{"$i":"current","$v":"현주소"},{"$i":"itemWithLabel","$v":[{"t":"idOrVar","v":"label"},", ",{"t":"idOrVar","v":"item"}]},{"$i":"error","$v":"오류"},{"$i":"ok","$v":"확인"},{"$i":"cancel","$v":"취소"},{"$i":"emergency-call-only","$v":"긴급 전화만 가능"},{"$i":"emergency-call-error","$v":[{"t":"idOrVar","v":"number"}," 번호는 긴급 전화 번호가 아닙니다."]},{"$i":"ice-contacts-bar-text","$v":"ICE 연락처 - 긴급 상황"},{"$i":"ice-contacts-overlay-title","$v":"ICE 연락처"},{"$i":"phoneNumberInput","ariaLabel":"전화번호"},{"$i":"keypadDelete","ariaLabel":"삭제"},{"$i":"voiceMailKey","ariaLabel":"음성사서함"},{"$i":"asterisk","ariaLabel":"별표"},{"$i":"hashSign","ariaLabel":"해시 기호"},{"$i":"loadingSimContacts","$v":"Loading SIM card contacts…"},{"$i":"noContactsWereFound","$v":"No contacts were found"},{"$i":"noContactsFoundDialogOk","$v":"OK"},{"$i":"emergencyNumber","$v":"Emergency number"},{"$i":"callAirplaneModeMessage","$v":"To make a call you need to disable airplane mode in settings."},{"$i":"callAirplaneModeBtnOk","$v":"OK"},{"$i":"callAirplaneModeTitle","$v":"Airplane mode activated"},{"$i":"numberIsBusyTitle","$v":"Number is busy"},{"$i":"numberIsBusyMessage","$v":"The number is currently busy. Please try again later."},{"$i":"fdnIsActiveTitle","$v":"FDN active"},{"$i":"fdnIsActiveMessage","$v":["FDN (Fixed Dialing Numbers) is activated and the following number is not in your FDN list: ",{"t":"idOrVar","v":"number"}]},{"$i":"emergencyDialogBodyBadNumber","$v":"To make a call, the phone must be connected to a network."},{"$i":"emergencyDialogBodyDeviceNotAccepted","$v":"Emergency calls are not allowed by the network."},{"$i":"emergencyDialogBtnOk","$v":"OK"},{"$i":"emergencyDialogTitle","$v":"No network connection"},{"$i":"invalidNumberToDialTitle","$v":"Invalid phone number"},{"$i":"invalidNumberToDialMessage","$v":"The phone number you are calling is not valid."},{"$i":"unableToCallTitle","$v":"Unable to make a phone call now"},{"$i":"unableToCallMessage","$v":"Cannot make a call. If you are already dialing, please hang up first."},{"$i":"otherConnectionInUseTitle","$v":"Other connection in use"},{"$i":"otherConnectionInUseMessage","$v":"You have an active call on another connection. You can only use one connection at a time."},{"$i":"gaia-menu-cancel","$v":"취소"},{"$i":"gaia-sim-picker-dial-via-with-number","$v":["Dial ",{"t":"idOrVar","v":"phoneNumber"}," via"]},{"$i":"gaia-sim-picker-select-sim","$v":"Select SIM"},{"$i":"gaia-sim-picker-button","$v":["SIM",{"t":"idOrVar","v":"n"}]},{"$i":"gaia-sim-picker-button-default","$v":"(default)"}]