[{"$i":"label","$v":"Tipas"},{"$i":"mobile","$v":"Mobilusis"},{"$i":"home","$v":"Namų"},{"$i":"work","$v":"Darbo"},{"$i":"personal","$v":"Asmeninis"},{"$i":"faxHome","$v":"Namų faksas"},{"$i":"faxOffice","$v":"Darbo faksas"},{"$i":"faxOther","$v":"Kitas faksas"},{"$i":"another","$v":"Kitas"},{"$i":"other","$v":"Kitas"},{"$i":"customTag","placeholder":"Kitoks tipas"},{"$i":"current","$v":"Dabartinis adr."},{"$i":"itemWithLabel","$v":[{"t":"idOrVar","v":"label"},", ",{"t":"idOrVar","v":"item"}]},{"$i":"error","$v":"Klaida"},{"$i":"ok","$v":"Gerai"},{"$i":"cancel","$v":"Atsisakyti"},{"$i":"emergency-call-only","$v":"Tik pagalbos skambutis"},{"$i":"emergency-call-error","$v":[{"t":"idOrVar","v":"number"}," nėra pagalbos numeris."]},{"$i":"ice-contacts-bar-text","$v":"SOS adresatai – nelaimės atvejui"},{"$i":"ice-contacts-overlay-title","$v":"SOS adresatai"},{"$i":"phoneNumberInput","ariaLabel":"Telefono numeris"},{"$i":"keypadDelete","ariaLabel":"Naikinti"},{"$i":"voiceMailKey","ariaLabel":"Balso paštas"},{"$i":"asterisk","ariaLabel":"Žvaigždutė"},{"$i":"hashSign","ariaLabel":"Grotelės"},{"$i":"loadingSimContacts","$v":"Loading SIM card contacts…"},{"$i":"noContactsWereFound","$v":"No contacts were found"},{"$i":"noContactsFoundDialogOk","$v":"OK"},{"$i":"emergencyNumber","$v":"Emergency number"},{"$i":"callAirplaneModeMessage","$v":"To make a call you need to disable airplane mode in settings."},{"$i":"callAirplaneModeBtnOk","$v":"OK"},{"$i":"callAirplaneModeTitle","$v":"Airplane mode activated"},{"$i":"numberIsBusyTitle","$v":"Number is busy"},{"$i":"numberIsBusyMessage","$v":"The number is currently busy. Please try again later."},{"$i":"fdnIsActiveTitle","$v":"FDN active"},{"$i":"fdnIsActiveMessage","$v":["FDN (Fixed Dialing Numbers) is activated and the following number is not in your FDN list: ",{"t":"idOrVar","v":"number"}]},{"$i":"emergencyDialogBodyBadNumber","$v":"To make a call, the phone must be connected to a network."},{"$i":"emergencyDialogBodyDeviceNotAccepted","$v":"Emergency calls are not allowed by the network."},{"$i":"emergencyDialogBtnOk","$v":"OK"},{"$i":"emergencyDialogTitle","$v":"No network connection"},{"$i":"invalidNumberToDialTitle","$v":"Invalid phone number"},{"$i":"invalidNumberToDialMessage","$v":"The phone number you are calling is not valid."},{"$i":"unableToCallTitle","$v":"Unable to make a phone call now"},{"$i":"unableToCallMessage","$v":"Cannot make a call. If you are already dialing, please hang up first."},{"$i":"otherConnectionInUseTitle","$v":"Other connection in use"},{"$i":"otherConnectionInUseMessage","$v":"You have an active call on another connection. You can only use one connection at a time."},{"$i":"gaia-menu-cancel","$v":"Atsisakyti"},{"$i":"gaia-sim-picker-dial-via-with-number","$v":["Dial ",{"t":"idOrVar","v":"phoneNumber"}," via"]},{"$i":"gaia-sim-picker-select-sim","$v":"Select SIM"},{"$i":"gaia-sim-picker-button","$v":["SIM",{"t":"idOrVar","v":"n"}]},{"$i":"gaia-sim-picker-button-default","$v":"(default)"}]