[{"$i":"label","$v":"Label"},{"$i":"mobile","$v":"Mudah Alih"},{"$i":"home","$v":"Laman Utama"},{"$i":"work","$v":"Kerja"},{"$i":"personal","$v":"Peribadi"},{"$i":"faxHome","$v":"Faks rumah"},{"$i":"faxOffice","$v":"Faks pejabat"},{"$i":"faxOther","$v":"Faks lain"},{"$i":"another","$v":"Lain lagi"},{"$i":"other","$v":"Lain-lain"},{"$i":"customTag","placeholder":"Tag suaian"},{"$i":"current","$v":"Semasa"},{"$i":"itemWithLabel","$v":[{"t":"idOrVar","v":"label"},", ",{"t":"idOrVar","v":"item"}]},{"$i":"error","$v":"Ralat"},{"$i":"ok","$v":"OK"},{"$i":"cancel","$v":"Batal"},{"$i":"emergency-call-only","$v":"Panggilan Kecemasan Sahaja"},{"$i":"emergency-call-error","$v":[{"t":"idOrVar","v":"number"}," bukanlah nombor kecemasan."]},{"$i":"ice-contacts-bar-text","$v":"Kenalan ICE - Jika Berlaku Kecemasan"},{"$i":"ice-contacts-overlay-title","$v":"Kenalan ICE"},{"$i":"phoneNumberInput","ariaLabel":"Nombor telefon"},{"$i":"keypadDelete","ariaLabel":"Hapus"},{"$i":"voiceMailKey","ariaLabel":"Mel suara"},{"$i":"asterisk","ariaLabel":"Asterisk"},{"$i":"hashSign","ariaLabel":"Tanda cincang"},{"$i":"loadingSimContacts","$v":"Loading SIM card contacts…"},{"$i":"noContactsWereFound","$v":"No contacts were found"},{"$i":"noContactsFoundDialogOk","$v":"OK"},{"$i":"emergencyNumber","$v":"Emergency number"},{"$i":"callAirplaneModeMessage","$v":"To make a call you need to disable airplane mode in settings."},{"$i":"callAirplaneModeBtnOk","$v":"OK"},{"$i":"callAirplaneModeTitle","$v":"Airplane mode activated"},{"$i":"numberIsBusyTitle","$v":"Number is busy"},{"$i":"numberIsBusyMessage","$v":"The number is currently busy. Please try again later."},{"$i":"fdnIsActiveTitle","$v":"FDN active"},{"$i":"fdnIsActiveMessage","$v":["FDN (Fixed Dialing Numbers) is activated and the following number is not in your FDN list: ",{"t":"idOrVar","v":"number"}]},{"$i":"emergencyDialogBodyBadNumber","$v":"To make a call, the phone must be connected to a network."},{"$i":"emergencyDialogBodyDeviceNotAccepted","$v":"Emergency calls are not allowed by the network."},{"$i":"emergencyDialogBtnOk","$v":"OK"},{"$i":"emergencyDialogTitle","$v":"No network connection"},{"$i":"invalidNumberToDialTitle","$v":"Invalid phone number"},{"$i":"invalidNumberToDialMessage","$v":"The phone number you are calling is not valid."},{"$i":"unableToCallTitle","$v":"Unable to make a phone call now"},{"$i":"unableToCallMessage","$v":"Cannot make a call. If you are already dialing, please hang up first."},{"$i":"otherConnectionInUseTitle","$v":"Other connection in use"},{"$i":"otherConnectionInUseMessage","$v":"You have an active call on another connection. You can only use one connection at a time."},{"$i":"gaia-menu-cancel","$v":"Batal"},{"$i":"gaia-sim-picker-dial-via-with-number","$v":["Dial ",{"t":"idOrVar","v":"phoneNumber"}," via"]},{"$i":"gaia-sim-picker-select-sim","$v":"Select SIM"},{"$i":"gaia-sim-picker-button","$v":["SIM",{"t":"idOrVar","v":"n"}]},{"$i":"gaia-sim-picker-button-default","$v":"(default)"}]