[{"$i":"label","$v":"Label"},{"$i":"mobile","$v":"Mobiel"},{"$i":"home","$v":"Thuis"},{"$i":"work","$v":"Werk"},{"$i":"personal","$v":"Privé"},{"$i":"faxHome","$v":"Fax thuis"},{"$i":"faxOffice","$v":"Fax kantoor"},{"$i":"faxOther","$v":"Fax overig"},{"$i":"another","$v":"Anders"},{"$i":"other","$v":"Anders"},{"$i":"customTag","placeholder":"Aangepast label"},{"$i":"current","$v":"Huidig"},{"$i":"itemWithLabel","$v":[{"t":"idOrVar","v":"label"},", ",{"t":"idOrVar","v":"item"}]},{"$i":"error","$v":"Fout"},{"$i":"ok","$v":"OK"},{"$i":"cancel","$v":"Annuleren"},{"$i":"emergency-call-only","$v":"Alleen noodoproep"},{"$i":"emergency-call-error","$v":[{"t":"idOrVar","v":"number"}," is geen noodnummer."]},{"$i":"ice-contacts-bar-text","$v":"ICE-contacten - In Case of Emergency"},{"$i":"ice-contacts-overlay-title","$v":"ICE-contacten"},{"$i":"phoneNumberInput","ariaLabel":"Telefoonnummer"},{"$i":"keypadDelete","ariaLabel":"Verwijderen"},{"$i":"voiceMailKey","ariaLabel":"Voicemail"},{"$i":"asterisk","ariaLabel":"Sterretje"},{"$i":"hashSign","ariaLabel":"Hashteken"},{"$i":"loadingSimContacts","$v":"Loading SIM card contacts…"},{"$i":"noContactsWereFound","$v":"No contacts were found"},{"$i":"noContactsFoundDialogOk","$v":"OK"},{"$i":"emergencyNumber","$v":"Noodnummer"},{"$i":"callAirplaneModeMessage","$v":"Om te bellen dient u de vliegtuigmodus uit te schakelen in Instellingen."},{"$i":"callAirplaneModeBtnOk","$v":"OK"},{"$i":"callAirplaneModeTitle","$v":"Vliegtuigmodus geactiveerd"},{"$i":"numberIsBusyTitle","$v":"Nummer in gesprek"},{"$i":"numberIsBusyMessage","$v":"Het nummer is momenteel in gesprek. Probeer het later nog eens."},{"$i":"fdnIsActiveTitle","$v":"FDN actief"},{"$i":"fdnIsActiveMessage","$v":["FDN (Fixed Dialing Numbers) is geactiveerd en het volgende nummer staat niet in uw FDN-lijst: ",{"t":"idOrVar","v":"number"}]},{"$i":"emergencyDialogBodyBadNumber","$v":"Om te bellen moet de telefoon met een netwerk zijn verbonden."},{"$i":"emergencyDialogBodyDeviceNotAccepted","$v":"Noodoproepen zijn niet toegestaan door het netwerk."},{"$i":"emergencyDialogBtnOk","$v":"OK"},{"$i":"emergencyDialogTitle","$v":"Geen netwerkverbinding"},{"$i":"invalidNumberToDialTitle","$v":"Ongeldig telefoonnummer"},{"$i":"invalidNumberToDialMessage","$v":"Het telefoonnummer dat u belt is niet geldig."},{"$i":"unableToCallTitle","$v":"Kan nu niet bellen"},{"$i":"unableToCallMessage","$v":"Kan niet bellen. Als u al bezig bent met kiezen, hang dan eerst op."},{"$i":"otherConnectionInUseTitle","$v":"Andere verbinding in gebruik"},{"$i":"otherConnectionInUseMessage","$v":"U hebt een actief gesprek op een andere verbinding. U kunt maar één verbinding tegelijk gebruiken."},{"$i":"gaia-menu-cancel","$v":"Annuleren"},{"$i":"gaia-sim-picker-dial-via-with-number","$v":[{"t":"idOrVar","v":"phoneNumber"}," kiezen via"]},{"$i":"gaia-sim-picker-select-sim","$v":"Simkaart selecteren"},{"$i":"gaia-sim-picker-button","$v":["Simkaart",{"t":"idOrVar","v":"n"}]},{"$i":"gaia-sim-picker-button-default","$v":"(standaard)"}]