[{"$i":"label","$v":"ਲੇਬਲ"},{"$i":"mobile","$v":"ਮੋਬਾਇਲ"},{"$i":"home","$v":"ਘਰ"},{"$i":"work","$v":"ਕੰਮ"},{"$i":"personal","$v":"ਨਿੱਜੀ"},{"$i":"faxHome","$v":"ਫੈਕਸ ਘਰ"},{"$i":"faxOffice","$v":"ਫੈਕਸ ਦਫ਼ਤਰ"},{"$i":"faxOther","$v":"ਫੈਕਸ ਹੋਰ"},{"$i":"another","$v":"ਹੋਰ"},{"$i":"other","$v":"ਹੋਰ"},{"$i":"customTag","placeholder":"ਪਸੰਦੀਦਾ ਟੈਗ"},{"$i":"current","$v":"ਮੌਜੂਦਾ"},{"$i":"itemWithLabel","$v":[{"t":"idOrVar","v":"label"},", ",{"t":"idOrVar","v":"item"}]},{"$i":"error","$v":"ਗਲਤੀ"},{"$i":"ok","$v":"ਠੀਕ ਹੈ"},{"$i":"cancel","$v":"ਰੱਦ ਕਰੋ"},{"$i":"emergency-call-only","$v":"ਕੇਵਲ ਐਮਰਜੈਂਸੀ ਕਾਲ ਹੀ"},{"$i":"emergency-call-error","$v":[{"t":"idOrVar","v":"number"}," ਐਮਰਜੈਂਸੀ ਨੰਬਰ ਨਹੀਂ ਹੈ।"]},{"$i":"ice-contacts-bar-text","$v":"ICE ਸੰਪਰਕ - ਐਮਰਜੈਂਸੀ ਦੇ ਕੇਸ ਵਿੱਚ"},{"$i":"ice-contacts-overlay-title","$v":"ICE ਸੰਪਰਕ"},{"$i":"phoneNumberInput","ariaLabel":"ਫੋਨ ਨੰਬਰ"},{"$i":"keypadDelete","ariaLabel":"ਹਟਾਓ"},{"$i":"voiceMailKey","ariaLabel":"ਵੋਆਇਸਮੇਲ"},{"$i":"asterisk","ariaLabel":"ਤਾਰਾ"},{"$i":"hashSign","ariaLabel":"ਹੈਸ਼"},{"$i":"loadingSimContacts","$v":"Loading SIM card contacts…"},{"$i":"noContactsWereFound","$v":"No contacts were found"},{"$i":"noContactsFoundDialogOk","$v":"OK"},{"$i":"emergencyNumber","$v":"Emergency number"},{"$i":"callAirplaneModeMessage","$v":"To make a call you need to disable airplane mode in settings."},{"$i":"callAirplaneModeBtnOk","$v":"OK"},{"$i":"callAirplaneModeTitle","$v":"Airplane mode activated"},{"$i":"numberIsBusyTitle","$v":"Number is busy"},{"$i":"numberIsBusyMessage","$v":"The number is currently busy. Please try again later."},{"$i":"fdnIsActiveTitle","$v":"FDN active"},{"$i":"fdnIsActiveMessage","$v":["FDN (Fixed Dialing Numbers) is activated and the following number is not in your FDN list: ",{"t":"idOrVar","v":"number"}]},{"$i":"emergencyDialogBodyBadNumber","$v":"To make a call, the phone must be connected to a network."},{"$i":"emergencyDialogBodyDeviceNotAccepted","$v":"Emergency calls are not allowed by the network."},{"$i":"emergencyDialogBtnOk","$v":"OK"},{"$i":"emergencyDialogTitle","$v":"No network connection"},{"$i":"invalidNumberToDialTitle","$v":"Invalid phone number"},{"$i":"invalidNumberToDialMessage","$v":"The phone number you are calling is not valid."},{"$i":"unableToCallTitle","$v":"Unable to make a phone call now"},{"$i":"unableToCallMessage","$v":"Cannot make a call. If you are already dialing, please hang up first."},{"$i":"otherConnectionInUseTitle","$v":"Other connection in use"},{"$i":"otherConnectionInUseMessage","$v":"You have an active call on another connection. You can only use one connection at a time."},{"$i":"gaia-menu-cancel","$v":"ਰੱਦ ਕਰੋ"},{"$i":"gaia-sim-picker-dial-via-with-number","$v":["Dial ",{"t":"idOrVar","v":"phoneNumber"}," via"]},{"$i":"gaia-sim-picker-select-sim","$v":"Select SIM"},{"$i":"gaia-sim-picker-button","$v":["SIM",{"t":"idOrVar","v":"n"}]},{"$i":"gaia-sim-picker-button-default","$v":"(default)"}]