[{"$i":"label","$v":"Etykieta"},{"$i":"mobile","$v":"Komórka"},{"$i":"home","$v":"Dom"},{"$i":"work","$v":"Praca"},{"$i":"personal","$v":"Prywatny"},{"$i":"faxHome","$v":"Domowy faks"},{"$i":"faxOffice","$v":"Służbowy faks"},{"$i":"faxOther","$v":"Inny faks"},{"$i":"another","$v":"Inna etykieta"},{"$i":"other","$v":"Inny"},{"$i":"customTag","placeholder":"Własna etykieta"},{"$i":"current","$v":"Obecny"},{"$i":"itemWithLabel","$v":[{"t":"idOrVar","v":"item"}," (",{"t":"idOrVar","v":"label"},")"]},{"$i":"error","$v":"Błąd"},{"$i":"ok","$v":"OK"},{"$i":"cancel","$v":"Anuluj"},{"$i":"emergency-call-only","$v":"Tylko połączenia alarmowe"},{"$i":"emergency-call-error","$v":[{"t":"idOrVar","v":"number"}," nie jest numerem alaromowym."]},{"$i":"ice-contacts-bar-text","$v":"Kontakty alarmowe (ICE)"},{"$i":"ice-contacts-overlay-title","$v":"Kontakty alarmowe (ICE)"},{"$i":"phoneNumberInput","ariaLabel":"Numer telefonu"},{"$i":"keypadDelete","ariaLabel":"Usuń"},{"$i":"voiceMailKey","ariaLabel":"Poczta głosowa"},{"$i":"asterisk","ariaLabel":"Asterysk"},{"$i":"hashSign","ariaLabel":"Symbol kratki"},{"$i":"loadingSimContacts","$v":"Loading SIM card contacts…"},{"$i":"noContactsWereFound","$v":"No contacts were found"},{"$i":"noContactsFoundDialogOk","$v":"OK"},{"$i":"emergencyNumber","$v":"Numer alarmowy"},{"$i":"callAirplaneModeMessage","$v":"Aby wykonać połączenie, należy wyłączyć tryb lotu w ustawieniach."},{"$i":"callAirplaneModeBtnOk","$v":"OK"},{"$i":"callAirplaneModeTitle","$v":"Aktywny tryb lotu"},{"$i":"numberIsBusyTitle","$v":"Numer zajęty"},{"$i":"numberIsBusyMessage","$v":"Numer jest aktualnie zajęty. Proszę spróbować później."},{"$i":"fdnIsActiveTitle","$v":"Wybieranie ustalone aktywne"},{"$i":"fdnIsActiveMessage","$v":["Wybieranie ustalone jest włączone, a następujący numer ",{"t":"idOrVar","v":"number"}," nie znajduje się na liście dozwolonych"]},{"$i":"emergencyDialogBodyBadNumber","$v":"Aby wykonać połączenie, telefon musi być połączony z siecią."},{"$i":"emergencyDialogBodyDeviceNotAccepted","$v":"Sieć nie umożliwia wykonywania połączeń alarmowych."},{"$i":"emergencyDialogBtnOk","$v":"OK"},{"$i":"emergencyDialogTitle","$v":"Brak połączenia z siecią"},{"$i":"invalidNumberToDialTitle","$v":"Nieprawidłowy numer"},{"$i":"invalidNumberToDialMessage","$v":"Wybrany numer telefonu jest nieprawidłowy."},{"$i":"unableToCallTitle","$v":"Nie można wykonać połączenia"},{"$i":"unableToCallMessage","$v":"Wykonanie połączenia jest niemożliwe. Jeśli już dzwonisz, zakończ najpierw istniejące połączenie."},{"$i":"otherConnectionInUseTitle","$v":"Aktywne inne połączenie"},{"$i":"otherConnectionInUseMessage","$v":"Inne połączenie jest aktywne. Można używać tylko jednego połączenia na raz."},{"$i":"gaia-menu-cancel","$v":"Anuluj"},{"$i":"gaia-sim-picker-dial-via-with-number","$v":["Zadzwoń na numer ",{"t":"idOrVar","v":"phoneNumber"}," używając karty"]},{"$i":"gaia-sim-picker-select-sim","$v":"Wybierz kartę SIM"},{"$i":"gaia-sim-picker-button","$v":["SIM ",{"t":"idOrVar","v":"n"}]},{"$i":"gaia-sim-picker-button-default","$v":"(domyślna)"}]