[{"$i":"label","$v":"Etiqueta"},{"$i":"mobile","$v":"Celular"},{"$i":"home","$v":"Início"},{"$i":"work","$v":"Trabalho"},{"$i":"personal","$v":"Pessoal"},{"$i":"faxHome","$v":"Fax Casa"},{"$i":"faxOffice","$v":"Fax Escritório"},{"$i":"faxOther","$v":"Fax Outro"},{"$i":"another","$v":"Outro"},{"$i":"other","$v":"Outro"},{"$i":"customTag","placeholder":"Tag personalizada"},{"$i":"current","$v":"Atual"},{"$i":"itemWithLabel","$v":[{"t":"idOrVar","v":"label"},", ",{"t":"idOrVar","v":"item"}]},{"$i":"error","$v":"Erro"},{"$i":"ok","$v":"OK"},{"$i":"cancel","$v":"Cancelar"},{"$i":"emergency-call-only","$v":"Apenas Chamadas de Emergência"},{"$i":"emergency-call-error","$v":[{"t":"idOrVar","v":"number"}," não é um número de emergência."]},{"$i":"ice-contacts-bar-text","$v":"Contatos ECE - Em Caso de Emergência"},{"$i":"ice-contacts-overlay-title","$v":"Contatos ECE"},{"$i":"phoneNumberInput","ariaLabel":"Número de telefone"},{"$i":"keypadDelete","ariaLabel":"Excluir"},{"$i":"voiceMailKey","ariaLabel":"Correio de voz"},{"$i":"asterisk","ariaLabel":"Asterisco"},{"$i":"hashSign","ariaLabel":"Cerquilha"},{"$i":"loadingSimContacts","$v":"Loading SIM card contacts…"},{"$i":"noContactsWereFound","$v":"No contacts were found"},{"$i":"noContactsFoundDialogOk","$v":"OK"},{"$i":"emergencyNumber","$v":"Número de emergência"},{"$i":"callAirplaneModeMessage","$v":"Para fazer uma ligação é necessário desativar o modo avião nas configurações."},{"$i":"callAirplaneModeBtnOk","$v":"OK"},{"$i":"callAirplaneModeTitle","$v":"Modo avião ativado"},{"$i":"numberIsBusyTitle","$v":"O número está ocupado"},{"$i":"numberIsBusyMessage","$v":"O número está ocupado. Tente novamente mais tarde."},{"$i":"fdnIsActiveTitle","$v":"NDF ativo"},{"$i":"fdnIsActiveMessage","$v":["NDF (Números de discagem fixa) está ativo e o seguinte número não está na sua lista NDF: ",{"t":"idOrVar","v":"number"}]},{"$i":"emergencyDialogBodyBadNumber","$v":"Para fazer uma chamada, o telefone deve estar conectado a uma rede."},{"$i":"emergencyDialogBodyDeviceNotAccepted","$v":"Chamadas de emergência não são permitidas pela rede."},{"$i":"emergencyDialogBtnOk","$v":"OK"},{"$i":"emergencyDialogTitle","$v":"Nenhuma conexão de rede"},{"$i":"invalidNumberToDialTitle","$v":"Número de telefone inválido"},{"$i":"invalidNumberToDialMessage","$v":"O número de telefone para o qual você está ligando é inválido."},{"$i":"unableToCallTitle","$v":"Impossível realizar uma chamada agora"},{"$i":"unableToCallMessage","$v":"Não é possível realizar a chamada. Se você já está ligando, por favor desligue primeiro."},{"$i":"otherConnectionInUseTitle","$v":"Outra conexão está em uso"},{"$i":"otherConnectionInUseMessage","$v":"Você tem uma chamada ativa em outra linha. Você só pode usar uma linha por vez."},{"$i":"gaia-menu-cancel","$v":"Cancelar"},{"$i":"gaia-sim-picker-dial-via-with-number","$v":["Discar ",{"t":"idOrVar","v":"phoneNumber"}," via"]},{"$i":"gaia-sim-picker-select-sim","$v":"Selecionar SIM"},{"$i":"gaia-sim-picker-button","$v":["SIM",{"t":"idOrVar","v":"n"}]},{"$i":"gaia-sim-picker-button-default","$v":"(padrão)"}]