[{"$i":"label","$v":"Метка"},{"$i":"mobile","$v":"Мобильный"},{"$i":"home","$v":"Домашний"},{"$i":"work","$v":"Рабочий"},{"$i":"personal","$v":"Личный"},{"$i":"faxHome","$v":"Домашний факс"},{"$i":"faxOffice","$v":"Офисный факс"},{"$i":"faxOther","$v":"Другой факс"},{"$i":"another","$v":"Другой"},{"$i":"other","$v":"Прочий"},{"$i":"customTag","placeholder":"Другая метка"},{"$i":"current","$v":"Текущий"},{"$i":"itemWithLabel","$v":[{"t":"idOrVar","v":"label"},", ",{"t":"idOrVar","v":"item"}]},{"$i":"error","$v":"Ошибка"},{"$i":"ok","$v":"OK"},{"$i":"cancel","$v":"Отмена"},{"$i":"emergency-call-only","$v":"Только экстренный вызов"},{"$i":"emergency-call-error","$v":[{"t":"idOrVar","v":"number"}," не является экстренным номером."]},{"$i":"ice-contacts-bar-text","$v":"ICE-контакты - В экстренном случае"},{"$i":"ice-contacts-overlay-title","$v":"ICE-контакты"},{"$i":"phoneNumberInput","ariaLabel":"Телефонный номер"},{"$i":"keypadDelete","ariaLabel":"Удалить"},{"$i":"voiceMailKey","ariaLabel":"Голосовая почта"},{"$i":"asterisk","ariaLabel":"Звёздочка"},{"$i":"hashSign","ariaLabel":"Знак решетки"},{"$i":"loadingSimContacts","$v":"Loading SIM card contacts…"},{"$i":"noContactsWereFound","$v":"No contacts were found"},{"$i":"noContactsFoundDialogOk","$v":"OK"},{"$i":"emergencyNumber","$v":"Экстренный номер"},{"$i":"callAirplaneModeMessage","$v":"Чтобы сделать звонок, вам нужно через настройки отключить Режим Полёта."},{"$i":"callAirplaneModeBtnOk","$v":"OK"},{"$i":"callAirplaneModeTitle","$v":"Включён Режим Полёта"},{"$i":"numberIsBusyTitle","$v":"Номер занят"},{"$i":"numberIsBusyMessage","$v":"Этот номер сейчас занят. Пожалуйста, попробуйте позже."},{"$i":"fdnIsActiveTitle","$v":"FDN активирован"},{"$i":"fdnIsActiveMessage","$v":["FDN (Список номеров) активирован и следующего номера нет в вашем FDN-списке: ",{"t":"idOrVar","v":"number"}]},{"$i":"emergencyDialogBodyBadNumber","$v":"Чтобы сделать звонок, телефон должен быть подключён к сети."},{"$i":"emergencyDialogBodyDeviceNotAccepted","$v":"В этой сети запрещены экстренные вызовы."},{"$i":"emergencyDialogBtnOk","$v":"OK"},{"$i":"emergencyDialogTitle","$v":"Нет подключения к сети"},{"$i":"invalidNumberToDialTitle","$v":"Некорректный номер телефона"},{"$i":"invalidNumberToDialMessage","$v":"Вызываемый вами номер телефона является некорректным."},{"$i":"unableToCallTitle","$v":"Не могу сейчас сделать телефонный звонок"},{"$i":"unableToCallMessage","$v":"Не могу произвести вызов. Если вы уже набираете, сначала повесьте трубку."},{"$i":"otherConnectionInUseTitle","$v":"Используется другое соединение"},{"$i":"otherConnectionInUseMessage","$v":"У вас выполняется активный вызов на другом соединении. Вы можете использовать одновременно только одно соединение."},{"$i":"gaia-menu-cancel","$v":"Отмена"},{"$i":"gaia-sim-picker-dial-via-with-number","$v":["Набрать ",{"t":"idOrVar","v":"phoneNumber"}," через"]},{"$i":"gaia-sim-picker-select-sim","$v":"Выбрать SIM"},{"$i":"gaia-sim-picker-button","$v":["SIM",{"t":"idOrVar","v":"n"}]},{"$i":"gaia-sim-picker-button-default","$v":"(по умолчанию)"}]