[{"$i":"label","$v":"Označenie"},{"$i":"mobile","$v":"Mobil"},{"$i":"home","$v":"Domov"},{"$i":"work","$v":"Práca"},{"$i":"personal","$v":"Osobné"},{"$i":"faxHome","$v":"Fax domov"},{"$i":"faxOffice","$v":"Fax kancelária"},{"$i":"faxOther","$v":"Fax ostatné"},{"$i":"another","$v":"Ďalšie"},{"$i":"other","$v":"Iné"},{"$i":"customTag","placeholder":"Vlastná značka"},{"$i":"current","$v":"Aktuálna"},{"$i":"itemWithLabel","$v":[{"t":"idOrVar","v":"label"},", ",{"t":"idOrVar","v":"item"}]},{"$i":"error","$v":"Chyba"},{"$i":"ok","$v":"OK"},{"$i":"cancel","$v":"Zrušiť"},{"$i":"emergency-call-only","$v":"Len tiesňové volania"},{"$i":"emergency-call-error","$v":[{"t":"idOrVar","v":"number"}," nie je tiesňové číslo."]},{"$i":"ice-contacts-bar-text","$v":"Kontakty ICE - V prípade núdze"},{"$i":"ice-contacts-overlay-title","$v":"Kontakty ICE"},{"$i":"phoneNumberInput","ariaLabel":"Telefónne číslo"},{"$i":"keypadDelete","ariaLabel":"Odstrániť"},{"$i":"voiceMailKey","ariaLabel":"Hlasová schránka"},{"$i":"asterisk","ariaLabel":"Hviezdička"},{"$i":"hashSign","ariaLabel":"Znak mriežka"},{"$i":"loadingSimContacts","$v":"Loading SIM card contacts…"},{"$i":"noContactsWereFound","$v":"No contacts were found"},{"$i":"noContactsFoundDialogOk","$v":"OK"},{"$i":"emergencyNumber","$v":"Tiesňové číslo"},{"$i":"callAirplaneModeMessage","$v":"Ak chcete uskutočniť hovor, musíte vypnúť režim V lietadle."},{"$i":"callAirplaneModeBtnOk","$v":"OK"},{"$i":"callAirplaneModeTitle","$v":"Aktivovaný režim V lietadle"},{"$i":"numberIsBusyTitle","$v":"Číslo je zaneprázdnené"},{"$i":"numberIsBusyMessage","$v":"Číslo je momentálne zaneprázdnené. Skúste to neskôr."},{"$i":"fdnIsActiveTitle","$v":"FDN je aktívne"},{"$i":"fdnIsActiveMessage","$v":["Pevný zoznam príjemcov (FDN) je aktivovaný a nasledovné číslo sa nenachádza vo vašom zozname povolených čísiel: ",{"t":"idOrVar","v":"number"}]},{"$i":"emergencyDialogBodyBadNumber","$v":"Ak chcete uskutočniť hovor, telefón musí byť pripojený do siete."},{"$i":"emergencyDialogBodyDeviceNotAccepted","$v":"Tiesňové volania nie sú v tejto sieti podporované."},{"$i":"emergencyDialogBtnOk","$v":"OK"},{"$i":"emergencyDialogTitle","$v":"Bez pripojenia k sieti"},{"$i":"invalidNumberToDialTitle","$v":"Neplatné telefónne číslo"},{"$i":"invalidNumberToDialMessage","$v":"Volané číslo nie je platné."},{"$i":"unableToCallTitle","$v":"Momentálne nie je možné uskutočniť hovor"},{"$i":"unableToCallMessage","$v":"Nie je možné uskutočniť hovor. Ak už vytáčate číslo, prosím, najskôr zaveste."},{"$i":"otherConnectionInUseTitle","$v":"Práve sa používa iné spojenie"},{"$i":"otherConnectionInUseMessage","$v":"Práve prebieha hovor v ďalšom vašom spojení. Naraz je možné využívať len jedno spojenie."},{"$i":"gaia-menu-cancel","$v":"Zrušiť"},{"$i":"gaia-sim-picker-dial-via-with-number","$v":["Volať ",{"t":"idOrVar","v":"phoneNumber"}," cez"]},{"$i":"gaia-sim-picker-select-sim","$v":"Zvoľte kartu SIM"},{"$i":"gaia-sim-picker-button","$v":["SIM",{"t":"idOrVar","v":"n"}]},{"$i":"gaia-sim-picker-button-default","$v":"(predvolená)"}]