[{"$i":"label","$v":"Etiketë"},{"$i":"mobile","$v":"Celular"},{"$i":"home","$v":"Shtëpie"},{"$i":"work","$v":"Pune"},{"$i":"personal","$v":"Personal"},{"$i":"faxHome","$v":"Faks shtëpie"},{"$i":"faxOffice","$v":"Faks pune"},{"$i":"faxOther","$v":"Faks tjetër"},{"$i":"another","$v":"Një tjetër"},{"$i":"other","$v":"Tjetër"},{"$i":"customTag","placeholder":"Etiketë vetjake"},{"$i":"current","$v":"E tanishmja"},{"$i":"itemWithLabel","$v":[{"t":"idOrVar","v":"label"},", ",{"t":"idOrVar","v":"item"}]},{"$i":"error","$v":"Gabim"},{"$i":"ok","$v":"OK"},{"$i":"cancel","$v":"Anuloje"},{"$i":"emergency-call-only","$v":"Vetëm Thirrje Urgjencash"},{"$i":"emergency-call-error","$v":[{"t":"idOrVar","v":"number"}," nuk është numër urgjence."]},{"$i":"ice-contacts-bar-text","$v":"Kontakte NRU (ICE) - Në Rast Urgjence"},{"$i":"ice-contacts-overlay-title","$v":"Kontakte NRU (ICE)"},{"$i":"phoneNumberInput","ariaLabel":"Numër telefoni"},{"$i":"keypadDelete","ariaLabel":"Delete"},{"$i":"voiceMailKey","ariaLabel":"Mesazh zanor"},{"$i":"asterisk","ariaLabel":"Yllth"},{"$i":"hashSign","ariaLabel":"Shenja dieziz"},{"$i":"loadingSimContacts","$v":"Loading SIM card contacts…"},{"$i":"noContactsWereFound","$v":"No contacts were found"},{"$i":"noContactsFoundDialogOk","$v":"OK"},{"$i":"emergencyNumber","$v":"Numër urgjence"},{"$i":"callAirplaneModeMessage","$v":"Që të bëni një thirrje lypset të çaktivizoni mënyrën aeroplan te rregullimet."},{"$i":"callAirplaneModeBtnOk","$v":"OK"},{"$i":"callAirplaneModeTitle","$v":"Mënyra aeroplan është aktive"},{"$i":"numberIsBusyTitle","$v":"Numri është i zënë"},{"$i":"numberIsBusyMessage","$v":"Numri hëpërhë është i zënë. Ju lutemi, riprovoni më vonë."},{"$i":"fdnIsActiveTitle","$v":"NFTh aktive"},{"$i":"fdnIsActiveMessage","$v":["NFTh (Numra Fiks Thirrjesh) është i aktivizuar dhe numri vijues nuk gjendet te lista juaj NFTh: ",{"t":"idOrVar","v":"number"}]},{"$i":"emergencyDialogBodyBadNumber","$v":"Që të bëni një thirrje, telefoni duhet të jetë i lidhur në një rrjet."},{"$i":"emergencyDialogBodyDeviceNotAccepted","$v":"Thirrjet e urgjencës nuk janë të lejuara nga rrjeti."},{"$i":"emergencyDialogBtnOk","$v":"OK"},{"$i":"emergencyDialogTitle","$v":"Pa lidhje në rrjet"},{"$i":"invalidNumberToDialTitle","$v":"Numër telefoni i pavlefshëm"},{"$i":"invalidNumberToDialMessage","$v":"Numri i telefonit që po thërrisni nuk është i vlefshëm."},{"$i":"unableToCallTitle","$v":"Nuk është në gjendje të bëjë thirrje telefonike tani"},{"$i":"unableToCallMessage","$v":"Nuk bën dot thirrje. Nëse jeni duke i rënë numrit, ju lutemi, fillimisht mbylleni."},{"$i":"otherConnectionInUseTitle","$v":"Tjetër lidhje në përdorim"},{"$i":"otherConnectionInUseMessage","$v":"Keni një thirrje aktive në një tjetër lidhje. Mund të përdorni vetëm një lidhje në herë."},{"$i":"gaia-menu-cancel","$v":"Anuloje"},{"$i":"gaia-sim-picker-dial-via-with-number","$v":["Bjeri ",{"t":"idOrVar","v":"phoneNumber"}," përmes"]},{"$i":"gaia-sim-picker-select-sim","$v":"Përzgjidhni SIM"},{"$i":"gaia-sim-picker-button","$v":["SIM",{"t":"idOrVar","v":"n"}]},{"$i":"gaia-sim-picker-button-default","$v":"(parazgjedhje)"}]