[{"$i":"label","$v":"Наслов"},{"$i":"mobile","$v":"Мобилни"},{"$i":"home","$v":"Кућни"},{"$i":"work","$v":"Пословни"},{"$i":"personal","$v":"Лични"},{"$i":"faxHome","$v":"Кућни факс"},{"$i":"faxOffice","$v":"Факс у канцеларији"},{"$i":"faxOther","$v":"Други факсови"},{"$i":"another","$v":"Друго"},{"$i":"other","$v":"Остало"},{"$i":"customTag","placeholder":"Посебна ознака"},{"$i":"current","$v":"Тренутна"},{"$i":"itemWithLabel","$v":[{"t":"idOrVar","v":"label"},", ",{"t":"idOrVar","v":"item"}]},{"$i":"error","$v":"Грешка"},{"$i":"ok","$v":"У реду"},{"$i":"cancel","$v":"Откажи"},{"$i":"emergency-call-only","$v":"Позив само за хитне случајеве"},{"$i":"emergency-call-error","$v":[{"t":"idOrVar","v":"number"}," није број за хитне случајеве."]},{"$i":"ice-contacts-bar-text","$v":"ICE контакти - За хитне случајеве"},{"$i":"ice-contacts-overlay-title","$v":"ICE контакти"},{"$i":"phoneNumberInput","ariaLabel":"Број телефона"},{"$i":"keypadDelete","ariaLabel":"Обриши"},{"$i":"voiceMailKey","ariaLabel":"Говорна пошта"},{"$i":"asterisk","ariaLabel":"Звездица"},{"$i":"hashSign","ariaLabel":"Тараба"},{"$i":"loadingSimContacts","$v":"Loading SIM card contacts…"},{"$i":"noContactsWereFound","$v":"No contacts were found"},{"$i":"noContactsFoundDialogOk","$v":"OK"},{"$i":"emergencyNumber","$v":"Број за хитне случајеве"},{"$i":"callAirplaneModeMessage","$v":"Да бисте успоставили позив морате онемогућити режим у авиону."},{"$i":"callAirplaneModeBtnOk","$v":"У реду"},{"$i":"callAirplaneModeTitle","$v":"Режим у авиону је активиран"},{"$i":"numberIsBusyTitle","$v":"Број је заузет"},{"$i":"numberIsBusyMessage","$v":"Број је тренутно заузет. Молимо Вас покушајте касније."},{"$i":"fdnIsActiveTitle","$v":"FDN је активан"},{"$i":"fdnIsActiveMessage","$v":["FDN (Fixed Dialing Numbers) је активиран и следећи број није у Вашој FDN листи: ",{"t":"idOrVar","v":"number"}]},{"$i":"emergencyDialogBodyBadNumber","$v":"Да бисте успоставили позив, телефон мора бити повезан на мрежу."},{"$i":"emergencyDialogBodyDeviceNotAccepted","$v":"Хитни позиви ниси омогућени у овој мрежи."},{"$i":"emergencyDialogBtnOk","$v":"У реду"},{"$i":"emergencyDialogTitle","$v":"Нема мрежне везе"},{"$i":"invalidNumberToDialTitle","$v":"Неисправан број телефона"},{"$i":"invalidNumberToDialMessage","$v":"Број телефона који позивате није валидан."},{"$i":"unableToCallTitle","$v":"Не могу да успоставим позив"},{"$i":"unableToCallMessage","$v":"Не могу да успоставим позив. Ако већ позивате, молимо Вас да прво прекинете."},{"$i":"otherConnectionInUseTitle","$v":"Друга веза се користи"},{"$i":"otherConnectionInUseMessage","$v":"Имате активан позив на другој вези. Можете да користите само једну везу истовремено."},{"$i":"gaia-menu-cancel","$v":"Откажи"},{"$i":"gaia-sim-picker-dial-via-with-number","$v":["Позови ",{"t":"idOrVar","v":"phoneNumber"}," преко"]},{"$i":"gaia-sim-picker-select-sim","$v":"Изабери SIM"},{"$i":"gaia-sim-picker-button","$v":["SIM",{"t":"idOrVar","v":"n"}]},{"$i":"gaia-sim-picker-button-default","$v":"(подразумеван)"}]