[{"$i":"label","$v":"Namn"},{"$i":"mobile","$v":"Mobil"},{"$i":"home","$v":"Hem"},{"$i":"work","$v":"Arbete"},{"$i":"personal","$v":"Privat"},{"$i":"faxHome","$v":"Fax hem"},{"$i":"faxOffice","$v":"Fax kontor"},{"$i":"faxOther","$v":"Fax övrig"},{"$i":"another","$v":"Ytterligare"},{"$i":"other","$v":"Övrigt"},{"$i":"customTag","placeholder":"Anpassad"},{"$i":"current","$v":"Aktuell"},{"$i":"itemWithLabel","$v":[{"t":"idOrVar","v":"label"},", ",{"t":"idOrVar","v":"item"}]},{"$i":"error","$v":"Fel"},{"$i":"ok","$v":"OK"},{"$i":"cancel","$v":"Avbryt"},{"$i":"emergency-call-only","$v":"Endast nödsamtal"},{"$i":"emergency-call-error","$v":[{"t":"idOrVar","v":"number"}," är inte ett nödsamtalsnummer."]},{"$i":"ice-contacts-bar-text","$v":"ICE kontakter - I en nödsituation"},{"$i":"ice-contacts-overlay-title","$v":"ICE kontakter"},{"$i":"phoneNumberInput","ariaLabel":"Telefonnummer"},{"$i":"keypadDelete","ariaLabel":"Ta bort"},{"$i":"voiceMailKey","ariaLabel":"Röstbrevlåda"},{"$i":"asterisk","ariaLabel":"Asterisk"},{"$i":"hashSign","ariaLabel":"Hash-tecken"},{"$i":"loadingSimContacts","$v":"Loading SIM card contacts…"},{"$i":"noContactsWereFound","$v":"No contacts were found"},{"$i":"noContactsFoundDialogOk","$v":"OK"},{"$i":"emergencyNumber","$v":"Nödnummer"},{"$i":"callAirplaneModeMessage","$v":"För att ringa ett samtal måste du inaktivera flygplansläge i inställningar."},{"$i":"callAirplaneModeBtnOk","$v":"OK"},{"$i":"callAirplaneModeTitle","$v":"Flygplansläge aktiverat"},{"$i":"numberIsBusyTitle","$v":"Numret är upptaget"},{"$i":"numberIsBusyMessage","$v":"Numret är upptaget. Försök igen senare."},{"$i":"fdnIsActiveTitle","$v":"FDN aktiv"},{"$i":"fdnIsActiveMessage","$v":["FDN (Fasta nummer) är aktiverad och följande nummer finns inte i din FDN lista: ",{"t":"idOrVar","v":"number"}]},{"$i":"emergencyDialogBodyBadNumber","$v":"För att ringa ett samtal, måste telefonen vara ansluten till ett mobilnät."},{"$i":"emergencyDialogBodyDeviceNotAccepted","$v":"Nödsamtal är inte tillåtna i nätet."},{"$i":"emergencyDialogBtnOk","$v":"OK"},{"$i":"emergencyDialogTitle","$v":"Ingen nätverksanslutning"},{"$i":"invalidNumberToDialTitle","$v":"Ogiltigt telefonnummer"},{"$i":"invalidNumberToDialMessage","$v":"Telefonnumret du ringer är inte giltigt."},{"$i":"unableToCallTitle","$v":"Kan inte ringa ett samtal nu"},{"$i":"unableToCallMessage","$v":"Det går inte att ringa. Om du redan ringer, vänligen lägg på först."},{"$i":"otherConnectionInUseTitle","$v":"Annan anslutning används"},{"$i":"otherConnectionInUseMessage","$v":"Du har ett pågående samtal på en annan anslutning. Du kan bara använda en anslutning i taget."},{"$i":"gaia-menu-cancel","$v":"Avbryt"},{"$i":"gaia-sim-picker-dial-via-with-number","$v":["Ring ",{"t":"idOrVar","v":"phoneNumber"}," via"]},{"$i":"gaia-sim-picker-select-sim","$v":"Välj SIM"},{"$i":"gaia-sim-picker-button","$v":["SIM",{"t":"idOrVar","v":"n"}]},{"$i":"gaia-sim-picker-button-default","$v":"(standard)"}]