[{"$i":"label","$v":"Etiket"},{"$i":"mobile","$v":"Cep"},{"$i":"home","$v":"Ev"},{"$i":"work","$v":"İş"},{"$i":"personal","$v":"Kişisel"},{"$i":"faxHome","$v":"Faks ev"},{"$i":"faxOffice","$v":"Faks iş"},{"$i":"faxOther","$v":"Faks diğer"},{"$i":"another","$v":"Diğer"},{"$i":"other","$v":"Diğer"},{"$i":"customTag","placeholder":"Özel etiket"},{"$i":"current","$v":"Adres"},{"$i":"itemWithLabel","$v":[{"t":"idOrVar","v":"label"},", ",{"t":"idOrVar","v":"item"}]},{"$i":"error","$v":"Hata"},{"$i":"ok","$v":"Tamam"},{"$i":"cancel","$v":"İptal"},{"$i":"emergency-call-only","$v":"Yalnızca acil arama"},{"$i":"emergency-call-error","$v":[{"t":"idOrVar","v":"number"}," bir acil durum numarası değil."]},{"$i":"ice-contacts-bar-text","$v":"ICE kişileri - Acil durumda ulaşılacak"},{"$i":"ice-contacts-overlay-title","$v":"ICE kişileri"},{"$i":"phoneNumberInput","ariaLabel":"Telefon numarası"},{"$i":"keypadDelete","ariaLabel":"Sil"},{"$i":"voiceMailKey","ariaLabel":"Telesekreter"},{"$i":"asterisk","ariaLabel":"Yıldız"},{"$i":"hashSign","ariaLabel":"Kare işareti"},{"$i":"loadingSimContacts","$v":"Loading SIM card contacts…"},{"$i":"noContactsWereFound","$v":"No contacts were found"},{"$i":"noContactsFoundDialogOk","$v":"OK"},{"$i":"emergencyNumber","$v":"Acil durum numarası"},{"$i":"callAirplaneModeMessage","$v":"Arama yapmak için ayarlardan uçak modunu kapatmalısınız."},{"$i":"callAirplaneModeBtnOk","$v":"Tamam"},{"$i":"callAirplaneModeTitle","$v":"Uçak modu etkin"},{"$i":"numberIsBusyTitle","$v":"Numara meşgul"},{"$i":"numberIsBusyMessage","$v":"Numara şu anda meşgul. Lütfen daha sonra yeniden deneyin."},{"$i":"fdnIsActiveTitle","$v":"FDN etkin"},{"$i":"fdnIsActiveMessage","$v":["FDN (Sabit Arama Numaraları) etkinleştirilmiş ve bu numara FDN listenizde yer almıyor: ",{"t":"idOrVar","v":"number"}]},{"$i":"emergencyDialogBodyBadNumber","$v":"Arama yapmak için telefon bir şebekeye bağlı olmalıdır."},{"$i":"emergencyDialogBodyDeviceNotAccepted","$v":"Şebeke, acil durum aramalarına izin vermiyor."},{"$i":"emergencyDialogBtnOk","$v":"Tamam"},{"$i":"emergencyDialogTitle","$v":"Şebeke bağlantısı yok"},{"$i":"invalidNumberToDialTitle","$v":"Geçersiz telefon numarası"},{"$i":"invalidNumberToDialMessage","$v":"Aradığınız telefon numarası geçerli değil."},{"$i":"unableToCallTitle","$v":"Şu anda telefon araması yapılamıyor"},{"$i":"unableToCallMessage","$v":"Arama yapılamıyor. Zaten konuşuyorsanız önce telefonu kapatın."},{"$i":"otherConnectionInUseTitle","$v":"Diğer bağlantı kullanımda"},{"$i":"otherConnectionInUseMessage","$v":"Diğer bağlantıda etkin bir aramanız var. Bir seferde tek bir bağlantıyı kullanabilirsiniz."},{"$i":"gaia-menu-cancel","$v":"İptal"},{"$i":"gaia-sim-picker-dial-via-with-number","$v":[{"t":"idOrVar","v":"phoneNumber"}," numarasını şununla ara"]},{"$i":"gaia-sim-picker-select-sim","$v":"SIM seçin"},{"$i":"gaia-sim-picker-button","$v":["SIM",{"t":"idOrVar","v":"n"}]},{"$i":"gaia-sim-picker-button-default","$v":"(varsayılan)"}]