[{"$i":"label","$v":"标签"},{"$i":"mobile","$v":"移动"},{"$i":"home","$v":"住宅"},{"$i":"work","$v":"工作"},{"$i":"personal","$v":"个人"},{"$i":"faxHome","$v":"住宅传真"},{"$i":"faxOffice","$v":"单位传真"},{"$i":"faxOther","$v":"其他传真"},{"$i":"another","$v":"其他"},{"$i":"other","$v":"其他"},{"$i":"customTag","placeholder":"自定义标签"},{"$i":"current","$v":"当前"},{"$i":"itemWithLabel","$v":[{"t":"idOrVar","v":"label"},", ",{"t":"idOrVar","v":"item"}]},{"$i":"error","$v":"错误"},{"$i":"ok","$v":"确定"},{"$i":"cancel","$v":"取消"},{"$i":"emergency-call-only","$v":"仅限紧急呼叫"},{"$i":"emergency-call-error","$v":[{"t":"idOrVar","v":"number"}," 不是一个紧急号码。"]},{"$i":"ice-contacts-bar-text","$v":"紧急联系人 - 用于紧急情况"},{"$i":"ice-contacts-overlay-title","$v":"紧急联系人"},{"$i":"phoneNumberInput","ariaLabel":"电话号码"},{"$i":"keypadDelete","ariaLabel":"删除"},{"$i":"voiceMailKey","ariaLabel":"语音信箱"},{"$i":"asterisk","ariaLabel":"星号"},{"$i":"hashSign","ariaLabel":"井号"},{"$i":"loadingSimContacts","$v":"Loading SIM card contacts…"},{"$i":"noContactsWereFound","$v":"No contacts were found"},{"$i":"noContactsFoundDialogOk","$v":"OK"},{"$i":"emergencyNumber","$v":"紧急号码"},{"$i":"callAirplaneModeMessage","$v":"要打电话，您必须在设置中禁用飞行模式。"},{"$i":"callAirplaneModeBtnOk","$v":"确定"},{"$i":"callAirplaneModeTitle","$v":"飞行模式已开启"},{"$i":"numberIsBusyTitle","$v":"号码正忙"},{"$i":"numberIsBusyMessage","$v":"您拨打的电话正忙。请稍后再拨。"},{"$i":"fdnIsActiveTitle","$v":"固定拨号已启用"},{"$i":"fdnIsActiveMessage","$v":["FDN（固定拨号）已激活，下面的号码不在您的 FDN 列表中：",{"t":"idOrVar","v":"number"}]},{"$i":"emergencyDialogBodyBadNumber","$v":"要打电话，本手机必须已连接到网络。"},{"$i":"emergencyDialogBodyDeviceNotAccepted","$v":"当前网络不允许紧急呼叫。"},{"$i":"emergencyDialogBtnOk","$v":"确定"},{"$i":"emergencyDialogTitle","$v":"没有网络连接"},{"$i":"invalidNumberToDialTitle","$v":"无效的电话号码"},{"$i":"invalidNumberToDialMessage","$v":"您所呼叫的电话号码无效。"},{"$i":"unableToCallTitle","$v":"现在无法拨叫电话"},{"$i":"unableToCallMessage","$v":"无法呼叫电话。如果您已经在拨号，请先挂断。"},{"$i":"otherConnectionInUseTitle","$v":"其他正在使用的连接"},{"$i":"otherConnectionInUseMessage","$v":"您的另一个连接正在进行通话。您在同一时间只能使用一个连接。"},{"$i":"gaia-menu-cancel","$v":"取消"},{"$i":"gaia-sim-picker-dial-via-with-number","$v":["拨叫 ",{"t":"idOrVar","v":"phoneNumber"}," 通过"]},{"$i":"gaia-sim-picker-select-sim","$v":"选择 SIM 卡"},{"$i":"gaia-sim-picker-button","$v":["SIM",{"t":"idOrVar","v":"n"}]},{"$i":"gaia-sim-picker-button-default","$v":"（默认）"}]