[{"$i":"label","$v":"標籤"},{"$i":"mobile","$v":"行動電話"},{"$i":"home","$v":"住家"},{"$i":"work","$v":"商務"},{"$i":"personal","$v":"私人"},{"$i":"faxHome","$v":"家用傳真"},{"$i":"faxOffice","$v":"公司傳真"},{"$i":"faxOther","$v":"其他傳真"},{"$i":"another","$v":"另一個"},{"$i":"other","$v":"其他"},{"$i":"customTag","placeholder":"自訂標籤"},{"$i":"current","$v":"目前"},{"$i":"itemWithLabel","$v":[{"t":"idOrVar","v":"label"},": ",{"t":"idOrVar","v":"item"}]},{"$i":"error","$v":"錯誤"},{"$i":"ok","$v":"確定"},{"$i":"cancel","$v":"取消"},{"$i":"emergency-call-only","$v":"僅能撥打緊急號碼"},{"$i":"emergency-call-error","$v":[{"t":"idOrVar","v":"number"}," 不是緊急號碼。"]},{"$i":"ice-contacts-bar-text","$v":"緊急聯絡人"},{"$i":"ice-contacts-overlay-title","$v":"緊急聯絡人"},{"$i":"phoneNumberInput","ariaLabel":"電話號碼"},{"$i":"keypadDelete","ariaLabel":"刪除"},{"$i":"voiceMailKey","ariaLabel":"語音信箱"},{"$i":"asterisk","ariaLabel":"星號"},{"$i":"hashSign","ariaLabel":"井號"},{"$i":"loadingSimContacts","$v":"Loading SIM card contacts…"},{"$i":"noContactsWereFound","$v":"No contacts were found"},{"$i":"noContactsFoundDialogOk","$v":"OK"},{"$i":"emergencyNumber","$v":"緊急號碼"},{"$i":"callAirplaneModeMessage","$v":"若要撥打電話，您需要在設定畫面停用飛航模式。"},{"$i":"callAirplaneModeBtnOk","$v":"確定"},{"$i":"callAirplaneModeTitle","$v":"已啟用飛航模式"},{"$i":"numberIsBusyTitle","$v":"號碼忙線中"},{"$i":"numberIsBusyMessage","$v":"您所撥的號碼忙線中，請稍候再撥。"},{"$i":"fdnIsActiveTitle","$v":"固定撥號已啟用"},{"$i":"fdnIsActiveMessage","$v":["已啟用 FDN（固定撥號），下列號碼不在您的固定撥號清單中: ",{"t":"idOrVar","v":"number"}]},{"$i":"emergencyDialogBodyBadNumber","$v":"手機必須連線到通訊網路才能撥打電話。"},{"$i":"emergencyDialogBodyDeviceNotAccepted","$v":"通訊網路不允許撥打緊急電話。"},{"$i":"emergencyDialogBtnOk","$v":"確定"},{"$i":"emergencyDialogTitle","$v":"無網路連線"},{"$i":"invalidNumberToDialTitle","$v":"無效的電話號碼"},{"$i":"invalidNumberToDialMessage","$v":"您撥打的電話號碼無效。"},{"$i":"unableToCallTitle","$v":"目前無法撥號"},{"$i":"unableToCallMessage","$v":"無法撥號，若您正在撥號請先掛斷。"},{"$i":"otherConnectionInUseTitle","$v":"其他使用中的連線"},{"$i":"otherConnectionInUseMessage","$v":"您還有通話進行中，您同時只能使用一個連線。"},{"$i":"gaia-menu-cancel","$v":"取消"},{"$i":"gaia-sim-picker-dial-via-with-number","$v":["撥打 ",{"t":"idOrVar","v":"phoneNumber"}," 經由"]},{"$i":"gaia-sim-picker-select-sim","$v":"選擇 SIM"},{"$i":"gaia-sim-picker-button","$v":["SIM",{"t":"idOrVar","v":"n"}]},{"$i":"gaia-sim-picker-button-default","$v":"(預設)"}]