[{"$i":"back-button","ariaLabel":"خلف"},{"$i":"close-button","ariaLabel":"أغلق"},{"$i":"setup-app-name-header","$v":"البريد"},{"$i":"setup-empty-account-message","$v":"You are not set up to send or receive email. Set up an account to complete the action."},{"$i":"setup-pick-service","$v":"لإرسال واستقبال البريد الإلكتروني، تحتاج لإعداد حساب."},{"$i":"setup-account-header3","$v":"حساب جديد"},{"$i":"setup-account-enter-password","$v":"أدخل كلمة المرور إلى:"},{"$i":"setup-info-name","placeholder":"اسمك"},{"$i":"setup-info-email","placeholder":"someone@example.com"},{"$i":"setup-info-password","placeholder":"كلمة المرور"},{"$i":"setup-info-next","$v":"التالي"},{"$i":"setup-progress-wait-msg","$v":"جاري إعداد الحساب"},{"$i":"setup-completed-header","$v":"إعداد حساب البريد"},{"$i":"setup-completed-label","$v":"تم!"},{"$i":"setup-add-another-account","$v":"أضِف حساب آخر"},{"$i":"setup-show-mail","$v":"اذهب إلى البريد"},{"$i":"setup-error-offline","$v":"الجهاز غير متصل حاليًّا. اتصل بشبكة وحاول مرة أخرى."},{"$i":"setup-error-bad-user-or-pass2","$v":"اسم المستخدم وكلمة السِّر غير معرّفة"},{"$i":"setup-error-bad-address","$v":"عنوان البريد الإلكتروني غير صحيح. تحقق من الأخطاء المطبعية."},{"$i":"setup-error-not-authorized","$v":"غير مصرح لك بإنشاء حساب"},{"$i":"setup-error-pop-server-not-great","$v":"الخادم غير معتمد. خادم POP3 لا تنفذ الميزات المطلوبة."},{"$i":"setup-error-unknown2","$v":"حدث خطأ غير معروف. تحقق من اتصال الشبكة أو حاول باستخدام خيار الاعداد اليدوي."},{"$i":"setup-error-needs-app-pass","$v":"يتوجب عليك استخدام كلمة السّر الخاصة بالتطبيق لحسابات two-factor الخاصة بالجيميل"},{"$i":"setup-error-imap-disabled","$v":"يجب عليك تفعيل ال‍IMAP في حساب الجيميل الخاص بك"},{"$i":"setup-error-pop3-disabled","$v":"يجب عليك تفعيل ال‍POP3 في حساب الجيميل الخاص بك"},{"$i":"setup-error-bad-security","$v":["غير قادر على تأسيس اتصال آمن مع \"",{"t":"idOrVar","v":"server"},"\". قد تكون هناك مشكلة مع الشبكة أو الخادم."]},{"$i":"setup-error-unresponsive-server","$v":["غير قادر على تأسيس اتصال مع \"",{"t":"idOrVar","v":"server"},"\".  قد تكون هناك مشكلة مع الشبكة.."]},{"$i":"setup-error-server-problem","$v":["يوجد مشكلة مع الخادم \"",{"t":"idOrVar","v":"server"},"\". حاول مرة اخرى لاحقا."]},{"$i":"setup-error-no-config-info","$v":"غير قادر على إعداد حسابك تلقائيا. صحح بريدك الالكتروني أو حاول باستخدام خيار الاعداد اليدوي."},{"$i":"setup-error-server-maintenance","$v":["الخادم \"",{"t":"idOrVar","v":"server"},"\" غير متصل للصيانة. حاول مرة اخرى لاحقا."]},{"$i":"setup-error-account-already-exists","$v":"هذا الحساب معد مسبقا."},{"$i":"setup-manual-config2","$v":"إعداد يدوي"},{"$i":"setup-manual-config-header","$v":"إعداد يدوي"},{"$i":"setup-manual-account-type","$v":"نوع الحساب"},{"$i":"setup-manual-account-type-select","ariaLabel":"نوع الحِساب"},{"$i":"setup-manual-imap-header","$v":"إعدادات IMAP"},{"$i":"setup-manual-pop3-header","$v":"إعدادات خادم POP3"},{"$i":"setup-manual-smtp-header","$v":"إعدادات SMTP"},{"$i":"setup-manual-activesync-header","$v":"إعدادات ActiveSync"},{"$i":"setup-manual-next","$v":"التالي"},{"$i":"setup-manual-socket","$v":"نوع المقبس"},{"$i":"setup-manual-socket-ssl","$v":"SSL"},{"$i":"setup-manual-socket-starttls","$v":"STARTTLS"},{"$i":"setup-manual-socket-select","ariaLabel":"أمان الاتّصال "},{"$i":"setup-manual-socket-plain","$v":"غير مشفر (غير آمن)"},{"$i":"setup-manual-hostname","placeholder":"اسم المضيف"},{"$i":"setup-manual-port","placeholder":"رقم المنفذ"},{"$i":"setup-manual-username","placeholder":"اسم المستخدم"},{"$i":"setup-manual-activesync-username","placeholder":"Domain\\Username"},{"$i":"setup-bad-password-header","$v":"كلمة سرّ خاطئة"},{"$i":"setup-bad-password","$v":"لا يمكننا تسجيل الدخول إلى الخادم. قد تكون كلمة السِّر خاطئة؟"},{"$i":"setup-new-password","placeholder":"كلمة سِر جديدة"},{"$i":"setup-fix-password","$v":"حاول بكلمة سرّ جديدة"},{"$i":"setup-gmail-twofactor-header","$v":"تم تفعيل Two-Factor"},{"$i":"setup-gmail-twofactor-message","$v":"أدخل كلمة السّر الخاصة بالتطبيق أدناه"},{"$i":"setup-gmail-twofactor-fix","$v":"استخدم كلمة السّر الخاصة بالتطبيق"},{"$i":"setup-gmail-imap-header","$v":"IMAP معطّل"},{"$i":"setup-gmail-imap-message","$v":"يجب تفعيل IMAP في حساب الجيميل الخاص بك "},{"$i":"setup-gmail-imap-retry","$v":"محاولة مرة أخرى"},{"$i":"setup-gmail-pop3-header","$v":"POP3 غير مُفعّل"},{"$i":"setup-gmail-pop3-message","$v":"يجب تفعيل POP3 في حساب الجيميل الخاص بك "},{"$i":"setup-gmail-pop3-retry","$v":"أعد المحاولة"},{"$i":"setup-fix-oauth2-header","$v":"إعادة تفويض البريد الإلكتروني"},{"$i":"setup-fix-oauth2-description","$v":"يحتاج البريد الإلكتروني إلى إعادة تفويض ليتمكّن من الوصول إلى الحسابات التّالية:"},{"$i":"setup-fix-oauth2-reauthorize","$v":"إعادة التفويض"},{"$i":"settings-main-header","$v":"إعدادات البريد"},{"$i":"settings-sub-header-account","$v":"الحساب"},{"$i":"settings-account-group","ariaLabel":"الحساب"},{"$i":"settings-account-name","$v":"اسمك"},{"$i":"settings-account-display-notifications","$v":"عرض إشعارات عند وجود رسائل جديدة"},{"$i":"settings-account-play-sound-onsend","$v":"سوف يتم تشغيل المقطع الصوتي بعد إرسال الرسالة"},{"$i":"settings-empty-signature-label","$v":"أنقر للتعديل"},{"$i":"settings-account-signature-label","$v":"التوقيع"},{"$i":"settings-account-signature-textbox","ariaLabel":"التوقيع"},{"$i":"signature-save","$v":"حفظ التوقيع"},{"$i":"signature-discard-confirm","$v":"تجاهل"},{"$i":"settings-sub-header-data","$v":"بيانات"},{"$i":"settings-data-group","ariaLabel":"بيانات"},{"$i":"settings-account-check-mail","$v":"التحقق من وجود رسائل جديدة"},{"$i":"settings-account-check-mail-select","ariaLabel":"التحقق من وجود رسائل جديدة"},{"$i":"settings-sub-header-server","$v":"إعدادات الخادم"},{"$i":"settings-server-group","ariaLabel":"إعدادات الخادم"},{"$i":"settings-account-userpass","$v":"إسم المستخدم وكلمة المرور"},{"$i":"settings-account-useroauth2","$v":"إسم المستخدم"},{"$i":"settings-default-signature-2","$v":"أُرسلت من خلال فَيَرفُكس أو إس"},{"$i":"settings-done","$v":"تم"},{"$i":"settings-account-section","$v":"الحِسابات"},{"$i":"settings-account-listbox","ariaLabel":"الحِسابات"},{"$i":"settings-account-add","$v":"أضف حسابا"},{"$i":"settings-account-delete","$v":"حذف حساب"},{"$i":"settings-account-delete-prompt","$v":["هل أنت متأكد من حذف حساب البريد الخاص بك ",{"t":"idOrVar","v":"account"},"؟ يتوجب عليك إعادة تنزيل بريدك اذا تم إعادة إنشاءه مرة أخرى."]},{"$i":"settings-account-delete-cancel","$v":"ألغِ"},{"$i":"settings-account-delete-confirm","$v":"حذف"},{"$i":"settings-account-clarify-imap","$v":[{"t":"idOrVar","v":"account-name"}," (IMAP)"]},{"$i":"settings-account-clarify-pop3","$v":[{"t":"idOrVar","v":"account-name"}," (POP3)"]},{"$i":"settings-account-clarify-smtp","$v":[{"t":"idOrVar","v":"account-name"}," (SMTP)"]},{"$i":"settings-general-section","$v":"إعدادات عامة"},{"$i":"settings-show-images","$v":"إعرض الصور دائما"},{"$i":"settings-download-attachments","$v":"تنزيل المرفقات"},{"$i":"settings-check-every-5min","$v":"كل 5 دقائق"},{"$i":"settings-check-every-10min","$v":"كل 10 دقائق"},{"$i":"settings-check-every-15min","$v":"كل 15 دقيقة"},{"$i":"settings-check-every-30min","$v":"كل 30 دقيقة"},{"$i":"settings-check-every-60min","$v":"كل ساعة"},{"$i":"settings-check-every-manual","$v":"يدوياُ"},{"$i":"settings-check-dynamic","$v":{"zero":"مُعطّل","one":[{"t":"idOrVar","v":"n"}," ثانية"],"two":"ثانيتان","few":[{"t":"idOrVar","v":"n"}," ثواني"],"many":[{"t":"idOrVar","v":"n"}," ثانية"],"other":[{"t":"idOrVar","v":"n"}," ثانية"]},"$x":[{"t":"idOrVar","v":"plural"},"n"]},{"$i":"settings-default-account","$v":"تعيينه كبريد إلكتروني إفتراضي"},{"$i":"settings-account-type","$v":"نوع الحساب"},{"$i":"settings-account-credentials","$v":"بيانات الاعتماد"},{"$i":"settings-activesync-label","$v":"إعدادات ActiveSync "},{"$i":"settings-imap-label","$v":"إعدادات IMAP "},{"$i":"settings-pop3-label","$v":"إعدادات خادم POP3"},{"$i":"settings-smtp-label","$v":"إعدادات SMTP "},{"$i":"settings-hostname","$v":"اسم المضيف"},{"$i":"settings-port","$v":"المنفذ"},{"$i":"settings-username","$v":"اسم المستخدم"},{"$i":"settings-password","$v":"كلمة السِّر"},{"$i":"settings-save","$v":"حفظ"},{"$i":"settings-password-empty","$v":"لا يجب أن تكون كلمة السِّر فارغة"},{"$i":"settings-reauth","$v":"إعادة تفويض"},{"$i":"settings-account-synchronize-window","$v":"عدد الأيام بين عمليات المزامنة"},{"$i":"settings-account-synchronize-window-select","ariaLabel":"عدد الأيام بين عمليات المزامنة"},{"$i":"settings-synchronize-auto","$v":"تلقائي"},{"$i":"settings-synchronize-one-day","$v":"يوم واحد"},{"$i":"settings-synchronize-three-days","$v":"3 أيام"},{"$i":"settings-synchronize-one-week","$v":"أسبوع واحد"},{"$i":"settings-synchronize-two-weeks","$v":"أسبوعان"},{"$i":"settings-synchronize-one-month","$v":"شهر واحد"},{"$i":"settings-synchronize-all","$v":"كل الرسائل"},{"$i":"envelope-from","$v":"من"},{"$i":"envelope-to","$v":"إلى"},{"$i":"envelope-cc","$v":"cc"},{"$i":"envelope-bcc","$v":"Bcc"},{"$i":"message-header-state-sending","ariaLabel":"جاري الإرسال"},{"$i":"message-header-state-error","ariaLabel":"خطأ في الإرسال"},{"$i":"message-header-unread","ariaLabel":"غير مقروء"},{"$i":"message-header-starred","ariaLabel":"مُعلَّم بنجمة"},{"$i":"message-header-attachments","ariaLabel":"يحتوي على مرفقات"},{"$i":"message-body-container","ariaLabel":"نص الرسالة"},{"$i":"message-body-container-progress","ariaValueText":"جاري التحميل"},{"$i":"subject","ariaLabel":"الموضوع"},{"$i":"message-delete-button","ariaLabel":"حذف"},{"$i":"message-star-button","ariaLabel":"أضف نجمة"},{"$i":"message-unstar-button","ariaLabel":"إزاله نجمه"},{"$i":"message-mark-read-button","ariaLabel":"تحديد الرسالة كمقروءة"},{"$i":"message-mark-unread-button","ariaLabel":"تحديد الرسالة كغير مقروءة"},{"$i":"message-move-button","ariaLabel":"نقل"},{"$i":"message-reply-forward-button","ariaLabel":"الرد أو إعادة توجيه"},{"$i":"download-button","ariaLabel":"تنزيل"},{"$i":"downloading-progress","ariaValueText":"جاري التنزيل"},{"$i":"view-button","ariaLabel":"عرض"},{"$i":"attachments-container","ariaLabel":"مرفقات"},{"$i":"from-group","ariaLabel":"من"},{"$i":"to-group","ariaLabel":"إلى"},{"$i":"cc-group","ariaLabel":"cc"},{"$i":"bcc-group","ariaLabel":"bcc"},{"$i":"compose-header","$v":"إنشاء رسالة"},{"$i":"compose-header-short","$v":"إنشاء"},{"$i":"compose-send","$v":"إرسال"},{"$i":"compose-send-button","ariaLabel":"إرسال"},{"$i":"compose-to","$v":"إلى"},{"$i":"compose-cc","$v":"cc"},{"$i":"compose-bcc","$v":"bcc"},{"$i":"compose-contact-add","ariaLabel":"إضافة جهة إتصال"},{"$i":"compose-attachments-container","ariaLabel":{"$x":[{"t":"idOrVar","v":"plural"},"kilobytes"],"$v":{"zero":"مرففات","one":["المرفقات: ",{"t":"idOrVar","v":"kilobytes"},"ك.ب"],"two":["المرفقات: ",{"t":"idOrVar","v":"kilobytes"}," ك.ب"],"few":["المرفقات: ",{"t":"idOrVar","v":"kilobytes"}," ك.ب"],"many":["المرفقات: ",{"t":"idOrVar","v":"kilobytes"}," ك.ب"],"other":["المرفقات: ",{"t":"idOrVar","v":"kilobytes"}," ك.ب"]}}},{"$i":"compose-attachment-remove","ariaLabel":"حذف"},{"$i":"compose-attachment-button","ariaLabel":"أرفق"},{"$i":"compose-attachments","$v":{"zero":"مرفقات","one":[{"t":"idOrVar","v":"n"}," مرفق"],"two":[{"t":"idOrVar","v":"n"}," مرفق"],"few":[{"t":"idOrVar","v":"n"}," مرفق"],"many":[{"t":"idOrVar","v":"n"}," مرفق"],"other":[{"t":"idOrVar","v":"n"}," مرفق"]},"$x":[{"t":"idOrVar","v":"plural"},"n"]},{"$i":"compose-text","ariaLabel":"تحرير"},{"$i":"compose-attachment-still-working","$v":"لحظة واحدة، لا نزال نعمل على المرفق السابق ..."},{"$i":"compose-subject","$v":"الموضوع"},{"$i":"compose-draft-save","$v":"حفظ في المسودات"},{"$i":"compose-discard-confirm","$v":"تجاهل"},{"$i":"compose-send-message-failed","$v":"تعذر إرسال البريد الالكتروني"},{"$i":"composer-attachment-large","$v":"الملف المرفق كبير جدا"},{"$i":"composer-attachments-large","$v":"الملفات المرفقة كبيرة جداً"},{"$i":"compose-attchment-size-exceeded","$v":"الملف المرفق أكبر من أن يتم إرساله مع هذه الرسالة"},{"$i":"compose-attchments-size-exceeded","$v":"الملفات المرفقة كبيرة جدا ليتم إرسالها مع هذه الرسالة. حاول إرفاق ملفات أقل."},{"$i":"dialog-button-ok","$v":"موافق"},{"$i":"default-attachment-filename","$v":["المرفق ",{"t":"idOrVar","v":"n"}]},{"$i":"attachment-size-kib","$v":[{"t":"idOrVar","v":"kilobytes"},"K"]},{"$i":"message-attachment-view","$v":"عرض"},{"$i":"message-attachment-did-not-open-label","$v":"Unable to open"},{"$i":"message-attachment-did-not-open-body","$v":"The device does not have an app that can open the attachment."},{"$i":"message-attachment-too-large","$v":"هذا الملف حجمه كبير للتحميل."},{"$i":"message-no-subject","$v":"(بلا موضوع)"},{"$i":"message-edit-menu-edit","$v":"تحرير"},{"$i":"message-edit-menu-delete","$v":"حذف"},{"$i":"message-edit-delete-confirm","$v":"حذف الرسالة؟"},{"$i":"message-send-attachment-disabled-confirm","$v":"لا يمكن إعادة إرسال الملف المرفق"},{"$i":"message-multiedit-header","$v":{"zero":"تحرير","one":[{"t":"idOrVar","v":"n"}," مُختارة"],"two":[{"t":"idOrVar","v":"n"}," مُختارة"],"few":[{"t":"idOrVar","v":"n"}," مُختارة"],"many":[{"t":"idOrVar","v":"n"}," مُختارة"],"other":[{"t":"idOrVar","v":"n"}," مُختارة"]},"$x":[{"t":"idOrVar","v":"plural"},"n"]},{"$i":"browse-to-url-prompt","$v":["تصفَّح إلى العنوان؟: ",{"t":"idOrVar","v":"url"}]},{"$i":"message-download-images-tap","$v":{"one":"تحتوي هذه الرّسالة صورة واحدة. انقر لتحميلها.","two":["تحتوي هذه الرسالة ",{"t":"idOrVar","v":"n"}," صُور. انقر لتحميلها."],"few":["تحتوي هذه الرسالة ",{"t":"idOrVar","v":"n"}," صُور. انقر لتحميلها. "],"many":["تحتوي هذه الرسالة ",{"t":"idOrVar","v":"n"}," صُور. انقر لتحميلها. "],"other":["تحتوي هذه الرسالة ",{"t":"idOrVar","v":"n"}," صُور. انقر لتحميلها. "]},"$x":[{"t":"idOrVar","v":"plural"},"n"]},{"$i":"message-show-external-images","$v":"عرض الصور الخارجية"},{"$i":"message-multiedit-cancel","$v":"إلغاء"},{"$i":"message-multiedit-delete-confirm","$v":{"one":"هل تريد حذف هذه الرسالة؟","two":["هل تريد حذف ",{"t":"idOrVar","v":"n"}," من الرسائل؟"],"few":["هل تريد حذف ",{"t":"idOrVar","v":"n"}," رسالة؟"],"many":["حذف  ",{"t":"idOrVar","v":"n"}," رسائل؟"],"other":["حذف  ",{"t":"idOrVar","v":"n"}," رسالة؟"]},"$x":[{"t":"idOrVar","v":"plural"},"n"]},{"$i":"message-large-message-cancel","$v":"ألغِ"},{"$i":"message-large-message-ok","$v":"المتابعة"},{"$i":"message-large-message-confirm","$v":"هذه الرسالة هي كبيرة وربما تستغرق بعض الوقت للتحميل."},{"$i":"message-search-from","$v":"من"},{"$i":"message-search-to","$v":"إلى"},{"$i":"message-search-subject","$v":"الموضوع"},{"$i":"message-search-body","$v":"الرسالة"},{"$i":"message-search-all","$v":"الكل"},{"$i":"message-search-input","placeholder":"إبجث في البريد"},{"$i":"message-search-cancel","$v":"ألغِ"},{"$i":"messages-syncing","$v":"جارِ تحميل الرسائل"},{"$i":"messages-load-more","$v":"حمّل المزيد من الرسائل"},{"$i":"messages-folder-empty","$v":"لا توجد رسائل في هذا المجلد"},{"$i":"messages-search-empty","$v":"لم يتم العثور على نتائج في الرسائل المخزنة محليا"},{"$i":"messages-folder-select","$v":"اختر مجلد"},{"$i":"messages-folder-unread-max","$v":"999+"},{"$i":"message-contact-menu-create","$v":"حفظ جهة اتصال جديدة"},{"$i":"message-contact-menu-add-existing","$v":"إضافة إلى جهة اتصال موجوده"},{"$i":"message-contact-menu-view","$v":"عرض الإسم"},{"$i":"message-contact-menu-reply","$v":"رد"},{"$i":"message-contact-menu-new","$v":"أرسل بريد جديد"},{"$i":"message-reply-menu-reply","$v":"رُد"},{"$i":"message-reply-menu-reply-all","$v":"الرد على الكل"},{"$i":"message-reply-menu-forward","$v":"إعادة توجيه"},{"$i":"message-reply-menu-cancel","$v":"ألغِ"},{"$i":"reply-quoting-wrote","$v":"كتب {name} "},{"$i":"forward-original-message","$v":"الرسالة الأصلية"},{"$i":"forward-header-subject","$v":"الموضوع"},{"$i":"forward-header-date","$v":"تاريخ"},{"$i":"forward-header-from","$v":"من"},{"$i":"forward-header-reply-to","$v":"رد على"},{"$i":"forward-header-to","$v":"إلى"},{"$i":"forward-header-cc","$v":"CC"},{"$i":"folder-inbox","$v":"الوارد"},{"$i":"folder-sent","$v":"المرسل"},{"$i":"folder-drafts","$v":"المسودات"},{"$i":"folder-trash","$v":"المهملات"},{"$i":"folder-queue","$v":"غير مُرسَل"},{"$i":"folder-junk","$v":"غير مرغوب به"},{"$i":"folder-archives","$v":"الأرشيف"},{"$i":"folder-localdrafts","$v":"المسودات المحلية"},{"$i":"folder-outbox","$v":"صندوق الصّادر"},{"$i":"drawer-back","$v":"خلف"},{"$i":"drawer-accounts-header","$v":"الحِسابات"},{"$i":"drawer-settings-link","$v":"الإعدادات"},{"$i":"folder-last-synced-label","$v":"آخر تزامن:"},{"$i":"messages-refresh-button","ariaLabel":"تحديث"},{"$i":"messages-refresh-progress","ariaValueText":"جاري إعادة التحديث"},{"$i":"edit-button","ariaLabel":"تحرير"},{"$i":"message-list-top-action","$v":"أعلى"},{"$i":"message-list-menu","ariaLabel":"المجلدات و الإعدادات"},{"$i":"message-list-compose","ariaLabel":"Compose"},{"$i":"toaster-undo","$v":"تراجع"},{"$i":"toaster-message-star","$v":{"one":"وضع علامة على رسالة واحدة","two":"تم تعليم رسالتين","few":["تم تعليم ",{"t":"idOrVar","v":"n"}," رسائل"],"many":["تم تعليم ",{"t":"idOrVar","v":"n"}," رسالة"],"other":["تم تعليم ",{"t":"idOrVar","v":"n"}," رسالة"]},"$x":[{"t":"idOrVar","v":"plural"},"n"]},{"$i":"toaster-message-unstar","$v":{"one":"حذف العلامة من رسالة واحدة","two":"حُذِفت علامتين","few":["تم حذف ",{"t":"idOrVar","v":"n"}," علامات"],"many":["تم حذف ",{"t":"idOrVar","v":"n"}," علامة"],"other":["تم حذف ",{"t":"idOrVar","v":"n"}," علامة"]},"$x":[{"t":"idOrVar","v":"plural"},"n"]},{"$i":"toaster-message-read","$v":{"one":"رسالة واحدة مُعلّمة كمقروءة","two":["تم تحديد ",{"t":"idOrVar","v":"n"}," كرسالة كمقروءة"],"few":["تم تعليم ",{"t":"idOrVar","v":"n"}," رسالة كمقروءة"],"many":["تم تعليم ",{"t":"idOrVar","v":"n"}," رسالة كمقروءة"],"other":[{"t":"idOrVar","v":"n"}," رسالة مُعلّمة كمقروءة"]},"$x":[{"t":"idOrVar","v":"plural"},"n"]},{"$i":"toaster-message-unread","$v":{"one":"رسالة واحدة مُعلّمة كغيرمقروءة","two":["تم تعليم ",{"t":"idOrVar","v":"n"}," رسالة كغير مقروءة"],"few":["تم تعليم ",{"t":"idOrVar","v":"n"}," رسالة كغير مقروءة"],"many":["تم تعليم ",{"t":"idOrVar","v":"n"}," رسالة كغير مقروءة"],"other":[{"t":"idOrVar","v":"n"}," رسالة مُعلّمة كغير مقروءة"]},"$x":[{"t":"idOrVar","v":"plural"},"n"]},{"$i":"toaster-message-move","$v":{"one":"رسالة واحدة منقولة","two":["تم نقل ",{"t":"idOrVar","v":"n"}," رسالة"],"few":["تم نقل ",{"t":"idOrVar","v":"n"}," رسالة"],"many":["تم نقل ",{"t":"idOrVar","v":"n"}," رسالة"],"other":[{"t":"idOrVar","v":"n"}," رسالة منقولة"]},"$x":[{"t":"idOrVar","v":"plural"},"n"]},{"$i":"toaster-message-delete","$v":{"one":"رسالة واحدة محذوفة","two":["تم حذف ",{"t":"idOrVar","v":"n"}," رسالة"],"few":["تم حذف ",{"t":"idOrVar","v":"n"}," رسالة"],"many":["تم حذف ",{"t":"idOrVar","v":"n"}," رسالة"],"other":[{"t":"idOrVar","v":"n"}," رسالة محذوفة"]},"$x":[{"t":"idOrVar","v":"plural"},"n"]},{"$i":"toaster-retryable-syncfailed","$v":"فشل الإتصال مع الخادم"},{"$i":"compose-invalid-addresses-title","$v":"عناوين غير صحيحة"},{"$i":"compose-invalid-addresses-description","$v":"رسالتك تحتوي على الأقل على عنوان بريد إلكتروني غير صحيح. صحّح ما يحتاج إلى تصحيح قبل إرسالها."},{"$i":"background-send-pending","$v":"الشبكة غير متاحة. تمّ حفظ الرّسالة في صندوق الصادر."},{"$i":"background-send-sending","$v":"إرسال البريد جارٍ..."},{"$i":"background-send-success","$v":"أُرسِلت الرّسالة."},{"$i":"background-send-error","$v":"حدث خطأ. تمّ حفظ الرّسالة في مُجلّد البريد الصاّدر."},{"$i":"background-send-error-recipients","$v":"خطأ في المُستقبِل. تمّ حفظ الرّسالة في مُجلّد البريد الصاّدر."},{"$i":"background-send-error-title","$v":"فشل في إرسال الرّسالة"},{"$i":"send-failure-recipients","$v":"تحقّق من صحّة العناوين أعلاه. يُشير خادوم البريد إلى وجود خطأ واحدٍ على الأقل في هذه العناوين."},{"$i":"send-failure-unknown","$v":"تعذَّر إرسال الرسالة."},{"$i":"form-clear-input","$v":"إحذف النص"},{"$i":"confirm-dialog-title","$v":"تأكيد"},{"$i":"senders-separation-sign","$v":" ,"},{"$i":"new-messages","$v":{"one":"رسالة جديدة","two":[{"t":"idOrVar","v":"n"}," رسائل جديدة"],"few":[{"t":"idOrVar","v":"n"}," رسائل جديدة"],"many":[{"t":"idOrVar","v":"n"}," رسائل جديدة"],"other":[{"t":"idOrVar","v":"n"}," رسائل جديدة"]},"$x":[{"t":"idOrVar","v":"plural"},"n"]},{"$i":"notification-no-subject","$v":"(no subject)"},{"$i":"new-emails-notify-one-account","$v":{"one":"رسالة واحدة جديدة","two":"رسالتان إلكترونيتان جديدتان","few":[{"t":"idOrVar","v":"n"}," رسائل إلكترونية جديدة"],"many":[{"t":"idOrVar","v":"n"}," رسالة إلكترونية جديدة"],"other":[{"t":"idOrVar","v":"n"}," رسالة إلكترونية جديدة"]},"$x":[{"t":"idOrVar","v":"plural"},"n"]},{"$i":"new-emails-notify-multiple-accounts","$v":{"one":["بريد إلكتروني جديد (",{"t":"idOrVar","v":"accountName"},")"],"two":["بريدين إلكترونيين جديدين (",{"t":"idOrVar","v":"accountName"},")"],"few":[{"t":"idOrVar","v":"n"}," رسائل إلكترونية جديدة (",{"t":"idOrVar","v":"accountName"},")"],"many":[{"t":"idOrVar","v":"n"}," بريد إلكتروني جديد (",{"t":"idOrVar","v":"accountName"},")"],"other":[{"t":"idOrVar","v":"n"}," بريد إلكتروني جديد (",{"t":"idOrVar","v":"accountName"},")"]},"$x":[{"t":"idOrVar","v":"plural"},"n"]},{"$i":"new-emails-notify-multiple-accounts-body","$v":[{"t":"idOrVar","v":"from"}," “",{"t":"idOrVar","v":"subject"},"”"]},{"$i":"tng-plain-socket-warning-title","$v":"هل أنت متأكد؟"},{"$i":"tng-plain-socket-warning-message","$v":"أشخاص آخرون قد يكونون قادرين على رؤية كلمات السر ورسائل البريد الإلكتروني الخاصة بك أو السيطرة على حسابك."},{"$i":"tng-plain-socket-warning-message-options","$v":"هنالك العديد من مزودي خدمة البريد الألكتروني يقدمون خدمات امنه ومشفره اكثر من غيرها."},{"$i":"tng-plain-socket-learn-more","$v":"معرفة المزيد"},{"$i":"tng-plain-socket-warning-ok","$v":"فهمت"},{"$i":"message-reader-next-button","ariaLabel":"التالي"},{"$i":"message-reader-previous-button","ariaLabel":"السابق"},{"$i":"message-reader-date-received","ariaLabel":"تم الاستلام"},{"$i":"weekday-0-long","$v":"الأحد"},{"$i":"weekday-1-long","$v":"الإثنين"},{"$i":"weekday-2-long","$v":"الثلاثاء"},{"$i":"weekday-3-long","$v":"الأربعاء"},{"$i":"weekday-4-long","$v":"الخميس"},{"$i":"weekday-5-long","$v":"الجمعة"},{"$i":"weekday-6-long","$v":"السبت"},{"$i":"weekday-0-short","$v":"أحد"},{"$i":"weekday-1-short","$v":"إثنين"},{"$i":"weekday-2-short","$v":"ثلاثاء"},{"$i":"weekday-3-short","$v":"أربعاء"},{"$i":"weekday-4-short","$v":"خميس"},{"$i":"weekday-5-short","$v":"جمعة"},{"$i":"weekday-6-short","$v":"سبت"},{"$i":"month-0-long","$v":"يناير"},{"$i":"month-1-long","$v":"فبراير"},{"$i":"month-2-long","$v":"مارس"},{"$i":"month-3-long","$v":"أبريل"},{"$i":"month-4-long","$v":"مايو"},{"$i":"month-5-long","$v":"يونيو"},{"$i":"month-6-long","$v":"يوليو"},{"$i":"month-7-long","$v":"أغسطس"},{"$i":"month-8-long","$v":"سبتمبر"},{"$i":"month-9-long","$v":"أكتوبر"},{"$i":"month-10-long","$v":"نوفمبر"},{"$i":"month-11-long","$v":"ديسمبر"},{"$i":"month-0-genitive","$v":"يناير"},{"$i":"month-1-genitive","$v":"فبراير"},{"$i":"month-2-genitive","$v":"مارس"},{"$i":"month-3-genitive","$v":"أبريل"},{"$i":"month-4-genitive","$v":"مايو"},{"$i":"month-5-genitive","$v":"يونيو"},{"$i":"month-6-genitive","$v":"يوليو"},{"$i":"month-7-genitive","$v":"أغسطس"},{"$i":"month-8-genitive","$v":"سبتمبر"},{"$i":"month-9-genitive","$v":"أكتوبر"},{"$i":"month-10-genitive","$v":"نوفمبر"},{"$i":"month-11-genitive","$v":"ديسمبر"},{"$i":"month-0-short","$v":"يناير"},{"$i":"month-1-short","$v":"فبراير"},{"$i":"month-2-short","$v":"مارس"},{"$i":"month-3-short","$v":"ابريل"},{"$i":"month-4-short","$v":"مايو"},{"$i":"month-5-short","$v":"يونيو"},{"$i":"month-6-short","$v":"يوليو"},{"$i":"month-7-short","$v":"أغسطس"},{"$i":"month-8-short","$v":"سبتمبر"},{"$i":"month-9-short","$v":"أكتوبر"},{"$i":"month-10-short","$v":"نوفمبر"},{"$i":"month-11-short","$v":"ديسمبر"},{"$i":"minutes-ago-long","$v":{"zero":"الآن","one":"منذ دقيقة","two":"منذ دقيقتين","few":["منذ ",{"t":"idOrVar","v":"value"}," دقائق"],"many":["منذ ",{"t":"idOrVar","v":"value"}," دقيقة"],"other":["منذ ",{"t":"idOrVar","v":"value"}," دقيقة"]},"$x":[{"t":"idOrVar","v":"plural"},"value"]},{"$i":"hours-ago-long","$v":{"zero":"الآن","one":"منذ ساعة","two":"منذ ساعتين","few":["قبل ",{"t":"idOrVar","v":"value"}," ساعات"],"many":["قبل ",{"t":"idOrVar","v":"value"}," ساعة"],"other":["قبل ",{"t":"idOrVar","v":"value"}," ساعة"]},"$x":[{"t":"idOrVar","v":"plural"},"value"]},{"$i":"days-ago-long","$v":{"zero":"اليوم","one":"أمس","two":"منذ يومين","few":["منذ ",{"t":"idOrVar","v":"value"}," أيام"],"many":["منذ ",{"t":"idOrVar","v":"value"}," يوم"],"other":["منذ ",{"t":"idOrVar","v":"value"}," يوم"]},"$x":[{"t":"idOrVar","v":"plural"},"value"]},{"$i":"weeks-ago-long","$v":{"zero":"هذا الأسبوع","one":"الأسبوع الماضي","two":"منذ أسبوعين","few":["منذ ",{"t":"idOrVar","v":"value"}," أسابيع"],"many":["منذ ",{"t":"idOrVar","v":"value"}," أسبوع"],"other":["منذ ",{"t":"idOrVar","v":"value"}," أسبوع"]},"$x":[{"t":"idOrVar","v":"plural"},"value"]},{"$i":"months-ago-long","$v":{"zero":"هذا الشهر","one":"الشهر الماضي","two":"منذ شهرين","few":["منذ ",{"t":"idOrVar","v":"value"}," أشهر"],"many":["منذ ",{"t":"idOrVar","v":"value"}," شهر"],"other":["منذ ",{"t":"idOrVar","v":"value"}," شهر"]},"$x":[{"t":"idOrVar","v":"plural"},"value"]},{"$i":"years-ago-long","$v":{"zero":"هذه السنة","one":"السنة الماضية","two":"منذ سنتين","few":["منذ ",{"t":"idOrVar","v":"value"}," سنوات"],"many":["منذ ",{"t":"idOrVar","v":"value"}," سنة"],"other":["منذ ",{"t":"idOrVar","v":"value"}," سنة"]},"$x":[{"t":"idOrVar","v":"plural"},"value"]},{"$i":"minutes-until-long","$v":{"zero":"الآن","one":"خلال دقيقة","two":"خلال دقيقتين","few":["خلال ",{"t":"idOrVar","v":"value"}," دقائق"],"many":["خلال ",{"t":"idOrVar","v":"value"}," دقيقة"],"other":["خلال ",{"t":"idOrVar","v":"value"}," دقيقة"]},"$x":[{"t":"idOrVar","v":"plural"},"value"]},{"$i":"hours-until-long","$v":{"zero":"الآن","one":"خلال ساعة","two":"خلال ساعتين","few":["خلال ",{"t":"idOrVar","v":"value"}," ساعات"],"many":["خلال ",{"t":"idOrVar","v":"value"}," ساعة"],"other":["خلال ",{"t":"idOrVar","v":"value"}," ساعة"]},"$x":[{"t":"idOrVar","v":"plural"},"value"]},{"$i":"days-until-long","$v":{"zero":"اليوم","one":"غداً","two":"خلال يومين","few":["خلال ",{"t":"idOrVar","v":"value"}," أيام"],"many":["خلال ",{"t":"idOrVar","v":"value"}," يوم"],"other":["خلال ",{"t":"idOrVar","v":"value"}," يوم"]},"$x":[{"t":"idOrVar","v":"plural"},"value"]},{"$i":"weeks-until-long","$v":{"zero":"هذا الأسبوع","one":"الأسبوع القادم","two":"خلال أسبوعين","few":["خلال ",{"t":"idOrVar","v":"value"}," أسابيع"],"many":["خلال ",{"t":"idOrVar","v":"value"}," أسبوع"],"other":["خلال ",{"t":"idOrVar","v":"value"}," أسبوع"]},"$x":[{"t":"idOrVar","v":"plural"},"value"]},{"$i":"months-until-long","$v":{"zero":"هذا الشهر","one":"الشهر القادم","two":"خلال شهرين","few":["خلال ",{"t":"idOrVar","v":"value"}," أشهر"],"many":["خلال ",{"t":"idOrVar","v":"value"}," شهر"],"other":["خلال ",{"t":"idOrVar","v":"value"}," شهر"]},"$x":[{"t":"idOrVar","v":"plural"},"value"]},{"$i":"years-until-long","$v":{"zero":"هذه السنة","one":"السنة القادمة","two":"خلال سنتين","few":["خلال ",{"t":"idOrVar","v":"value"}," سنوات"],"many":["خلال ",{"t":"idOrVar","v":"value"}," سنة"],"other":["خلال ",{"t":"idOrVar","v":"value"}," سنة"]},"$x":[{"t":"idOrVar","v":"plural"},"value"]},{"$i":"minutes-ago-short","$v":{"zero":"الآن","other":["منذ ",{"t":"idOrVar","v":"value"}," دقيقة"]},"$x":[{"t":"idOrVar","v":"plural"},"value"]},{"$i":"hours-ago-short","$v":{"zero":"الآن","other":["منذ ",{"t":"idOrVar","v":"value"}," س"]},"$x":[{"t":"idOrVar","v":"plural"},"value"]},{"$i":"days-ago-short","$v":{"zero":"اليوم","other":["منذ ",{"t":"idOrVar","v":"value"}," ي"]},"$x":[{"t":"idOrVar","v":"plural"},"value"]},{"$i":"minutes-until-short","$v":{"zero":"الآن","other":["خلال ",{"t":"idOrVar","v":"value"}," د"]},"$x":[{"t":"idOrVar","v":"plural"},"value"]},{"$i":"hours-until-short","$v":{"zero":"الآن","other":["خلال ",{"t":"idOrVar","v":"value"}," س"]},"$x":[{"t":"idOrVar","v":"plural"},"value"]},{"$i":"days-until-short","$v":{"zero":"اليوم","other":["خلال ",{"t":"idOrVar","v":"value"}," ي"]},"$x":[{"t":"idOrVar","v":"plural"},"value"]},{"$i":"incorrectDate","$v":"(تاريخ غير صحيح)"},{"$i":"dateTimeFormat_%c","$v":"%a %e %b %Y %I:%M:%S %p"},{"$i":"dateTimeFormat_%x","$v":"%d/%m/%Y"},{"$i":"dateTimeFormat_%X","$v":"%I:%M:%S %p"},{"$i":"shortTimeFormat","$v":"%I:%M %p"},{"$i":"shortTimeFormat12","$v":"%I:%M %p"},{"$i":"shortTimeFormat24","$v":"%H:%M"},{"$i":"shortDateTimeFormat","$v":"%x %I:%M %p"},{"$i":"weekStartsOnMonday","$v":"0 "},{"$i":"firstDayOfTheWeek","$v":"0"},{"$i":"time_am","$v":"ص"},{"$i":"time_pm","$v":"م"}]