[{"$i":"back-button","ariaLabel":"Обратно"},{"$i":"close-button","ariaLabel":"Затваряне"},{"$i":"setup-app-name-header","$v":"Ел. поща"},{"$i":"setup-empty-account-message","$v":"You are not set up to send or receive email. Set up an account to complete the action."},{"$i":"setup-pick-service","$v":"За да получавате и изпращате поща, трябва да изберете регистрация."},{"$i":"setup-account-header3","$v":"Нова регистрация"},{"$i":"setup-account-enter-password","$v":"Въведете паролата на:"},{"$i":"setup-info-name","placeholder":"Име"},{"$i":"setup-info-email","placeholder":"someone@example.com"},{"$i":"setup-info-password","placeholder":"Парола"},{"$i":"setup-info-next","$v":"Напред"},{"$i":"setup-progress-wait-msg","$v":"Настройка на регистрация"},{"$i":"setup-completed-header","$v":"Настройка на ел. поща"},{"$i":"setup-completed-label","$v":"Всичко е готово!"},{"$i":"setup-add-another-account","$v":"Добавяне на регистрация"},{"$i":"setup-show-mail","$v":"Продължаване към Ел. поща"},{"$i":"setup-error-offline","$v":"Устройството е извън мрежа. Свържете се с мрежа и опитайте отново."},{"$i":"setup-error-bad-user-or-pass2","$v":"Грешно потребителско име или парола. Проверете за грешки."},{"$i":"setup-error-bad-address","$v":"Невалиден адрес на ел. поща. Проверете за грешки."},{"$i":"setup-error-not-authorized","$v":"Сървърът каза, че не сте оторизиран да създадете регистрация"},{"$i":"setup-error-pop-server-not-great","$v":"Този сървър не се поддържа. POP3 сървърът не поддържа нужните функционалности."},{"$i":"setup-error-unknown2","$v":"Непозната грешка. Проверете мрежовата свързаност или опитайте да настроите ръчно."},{"$i":"setup-error-needs-app-pass","$v":"За двуфакторни Gmail профили трябва да използвате отделна парола за това приложение"},{"$i":"setup-error-imap-disabled","$v":"Трябва да включите IMAP във вашия Gmail профил"},{"$i":"setup-error-pop3-disabled","$v":"Трябва да включите POP3 във вашия Gmail профил"},{"$i":"setup-error-bad-security","$v":["Неуспешно сигурно свързване с „",{"t":"idOrVar","v":"server"},"“. Възможен е проблем с Вашате мрежа или със сървъра."]},{"$i":"setup-error-unresponsive-server","$v":["Неуспешно свързване с „",{"t":"idOrVar","v":"server"},"“. Възможен е проблем с мрежата."]},{"$i":"setup-error-server-problem","$v":["Има проблем с „",{"t":"idOrVar","v":"server"},"“. Опитайте по-късно."]},{"$i":"setup-error-no-config-info","$v":"Неуспешна автоматична настройка. Поправете адреса на ел. поща или опитайте с ръчни настройки."},{"$i":"setup-error-server-maintenance","$v":["Сървърът „",{"t":"idOrVar","v":"server"},"“ е изключен за поддръжка. Опитайте по-късно."]},{"$i":"setup-error-account-already-exists","$v":"Тази регистрация вече е добавена."},{"$i":"setup-manual-config2","$v":"Ръчна настройка"},{"$i":"setup-manual-config-header","$v":"Ръчна настройка"},{"$i":"setup-manual-account-type","$v":"Вид профил"},{"$i":"setup-manual-account-type-select","ariaLabel":"Вид профил"},{"$i":"setup-manual-imap-header","$v":"IMAP настройки"},{"$i":"setup-manual-pop3-header","$v":"POP3 настройки"},{"$i":"setup-manual-smtp-header","$v":"SMTP настройки"},{"$i":"setup-manual-activesync-header","$v":"ActiveSync настройки"},{"$i":"setup-manual-next","$v":"Напред"},{"$i":"setup-manual-socket","$v":"Тип сокет"},{"$i":"setup-manual-socket-ssl","$v":"SSL"},{"$i":"setup-manual-socket-starttls","$v":"STARTTLS"},{"$i":"setup-manual-socket-select","ariaLabel":"Защита на свързаността"},{"$i":"setup-manual-socket-plain","$v":"Без криптиране (несигурно)"},{"$i":"setup-manual-hostname","placeholder":"Хост"},{"$i":"setup-manual-port","placeholder":"Номер на порт"},{"$i":"setup-manual-username","placeholder":"Потребителско име"},{"$i":"setup-manual-activesync-username","placeholder":"Domain\\Username"},{"$i":"setup-bad-password-header","$v":"Грешна парола!"},{"$i":"setup-bad-password","$v":"Неуспешно вписване на сървъра. Грешна парола?"},{"$i":"setup-new-password","placeholder":"Нова парола"},{"$i":"setup-fix-password","$v":"Опитайте отново с нова парола"},{"$i":"setup-gmail-twofactor-header","$v":"Включена е двуфакторна проверка"},{"$i":"setup-gmail-twofactor-message","$v":"Трябва да въведете специфична парола за приложението."},{"$i":"setup-gmail-twofactor-fix","$v":"Използвайте парола за приложението"},{"$i":"setup-gmail-imap-header","$v":"IMAP изключен"},{"$i":"setup-gmail-imap-message","$v":"Трябва да включите IMAP в своя Gmail профил"},{"$i":"setup-gmail-imap-retry","$v":"Отново"},{"$i":"setup-gmail-pop3-header","$v":"POP3 изключен"},{"$i":"setup-gmail-pop3-message","$v":"Трябва да включите POP3 в своя Gmail профил"},{"$i":"setup-gmail-pop3-retry","$v":"Отново"},{"$i":"setup-fix-oauth2-header","$v":"Удостоверяване наново"},{"$i":"setup-fix-oauth2-description","$v":"Ел. поща се нуждае от ново удостоверяване за следната регистрация:"},{"$i":"setup-fix-oauth2-reauthorize","$v":"Удостоверяване наново"},{"$i":"settings-main-header","$v":"Настройки на Ел.поща"},{"$i":"settings-sub-header-account","$v":"Регистрация"},{"$i":"settings-account-group","ariaLabel":"Регистрация"},{"$i":"settings-account-name","$v":"Вашето име"},{"$i":"settings-account-display-notifications","$v":"Известие за нови писма"},{"$i":"settings-account-play-sound-onsend","$v":"Звук след изпращане на писмо"},{"$i":"settings-empty-signature-label","$v":"Докоснете за промяна"},{"$i":"settings-account-signature-label","$v":"Подпис"},{"$i":"settings-account-signature-textbox","ariaLabel":"Подпис"},{"$i":"signature-save","$v":"Запис на подпис"},{"$i":"signature-discard-confirm","$v":"Отхвърляне"},{"$i":"settings-sub-header-data","$v":"Данни"},{"$i":"settings-data-group","ariaLabel":"Данни"},{"$i":"settings-account-check-mail","$v":"Проверка за нови писма"},{"$i":"settings-account-check-mail-select","ariaLabel":"Проверка за нови писма"},{"$i":"settings-sub-header-server","$v":"Сървърни настройки"},{"$i":"settings-server-group","ariaLabel":"Сървърни настройки"},{"$i":"settings-account-userpass","$v":"Потребител и парола"},{"$i":"settings-account-useroauth2","$v":"Потребителско име"},{"$i":"settings-default-signature-2","$v":"Изпратено от Firefox OS"},{"$i":"settings-done","$v":"Готово"},{"$i":"settings-account-section","$v":"Регистрации"},{"$i":"settings-account-listbox","ariaLabel":"Регистрации"},{"$i":"settings-account-add","$v":"Добавяне на регистрация"},{"$i":"settings-account-delete","$v":"Изтриване на регистрация"},{"$i":"settings-account-delete-prompt","$v":["Сигурни ли сте, че искате да изтриете своята ",{"t":"idOrVar","v":"account"}," регистрация? Ще трябва да изтеглите отново пощата си, ако я създадете пак."]},{"$i":"settings-account-delete-cancel","$v":"Отказ"},{"$i":"settings-account-delete-confirm","$v":"Изтриване"},{"$i":"settings-account-clarify-imap","$v":[{"t":"idOrVar","v":"account-name"}," (IMAP)"]},{"$i":"settings-account-clarify-pop3","$v":[{"t":"idOrVar","v":"account-name"}," (POP3)"]},{"$i":"settings-account-clarify-smtp","$v":[{"t":"idOrVar","v":"account-name"}," (SMTP)"]},{"$i":"settings-general-section","$v":"Общи настройки"},{"$i":"settings-show-images","$v":"Изображ. да се показват винаги"},{"$i":"settings-download-attachments","$v":"Сваляне на притурки"},{"$i":"settings-check-every-5min","$v":"5 минути"},{"$i":"settings-check-every-10min","$v":"10 минути"},{"$i":"settings-check-every-15min","$v":"15 минути"},{"$i":"settings-check-every-30min","$v":"30 минути"},{"$i":"settings-check-every-60min","$v":"60 минути"},{"$i":"settings-check-every-manual","$v":"Ръчно"},{"$i":"settings-check-dynamic","$v":{"zero":"секунди","one":[{"t":"idOrVar","v":"n"}," секунда"],"two":[{"t":"idOrVar","v":"n"}," секунди"],"few":[{"t":"idOrVar","v":"n"}," секунди"],"many":[{"t":"idOrVar","v":"n"}," секунди"],"other":[{"t":"idOrVar","v":"n"}," секунди"]},"$x":[{"t":"idOrVar","v":"plural"},"n"]},{"$i":"settings-default-account","$v":"Регистрация по подразбиране"},{"$i":"settings-account-type","$v":"Вид регистрация"},{"$i":"settings-account-credentials","$v":"Удостоверяване"},{"$i":"settings-activesync-label","$v":"ActiveSync настройки"},{"$i":"settings-imap-label","$v":"IMAP настройки"},{"$i":"settings-pop3-label","$v":"POP3 настройки"},{"$i":"settings-smtp-label","$v":"SMTP настройки"},{"$i":"settings-hostname","$v":"Хост"},{"$i":"settings-port","$v":"Порт"},{"$i":"settings-username","$v":"Потребителско име"},{"$i":"settings-password","$v":"Парола"},{"$i":"settings-save","$v":"Запазване"},{"$i":"settings-password-empty","$v":"Полето за парола не трябва да е празно"},{"$i":"settings-reauth","$v":"Удостоверяване наново"},{"$i":"settings-account-synchronize-window","$v":"Дни за синхронизация"},{"$i":"settings-account-synchronize-window-select","ariaLabel":"Дни за синхронизация"},{"$i":"settings-synchronize-auto","$v":"Автоматично"},{"$i":"settings-synchronize-one-day","$v":"1 ден"},{"$i":"settings-synchronize-three-days","$v":"3 дни"},{"$i":"settings-synchronize-one-week","$v":"1 седмица"},{"$i":"settings-synchronize-two-weeks","$v":"2 седмици"},{"$i":"settings-synchronize-one-month","$v":"1 месец"},{"$i":"settings-synchronize-all","$v":"Всички съобщения"},{"$i":"envelope-from","$v":"От"},{"$i":"envelope-to","$v":"До"},{"$i":"envelope-cc","$v":"Копие"},{"$i":"envelope-bcc","$v":"Скрито"},{"$i":"message-header-state-sending","ariaLabel":"Изпращане"},{"$i":"message-header-state-error","ariaLabel":"Грешка при изпращане"},{"$i":"message-header-unread","ariaLabel":"Непрочетени"},{"$i":"message-header-starred","ariaLabel":"Със звезда"},{"$i":"message-header-attachments","ariaLabel":"Има прикачени файлове"},{"$i":"message-body-container","ariaLabel":"Тяло на съобщението"},{"$i":"message-body-container-progress","ariaValueText":"Зареждане"},{"$i":"subject","ariaLabel":"Тема"},{"$i":"message-delete-button","ariaLabel":"Изтриване"},{"$i":"message-star-button","ariaLabel":"Добавяне на звезда"},{"$i":"message-unstar-button","ariaLabel":"Премахване на звезда"},{"$i":"message-mark-read-button","ariaLabel":"Отбелязване като прочетено"},{"$i":"message-mark-unread-button","ariaLabel":"Отбелязване като непрочетено"},{"$i":"message-move-button","ariaLabel":"Преместване"},{"$i":"message-reply-forward-button","ariaLabel":"Отговор или препращане"},{"$i":"download-button","ariaLabel":"Изтегляне"},{"$i":"downloading-progress","ariaValueText":"В момента се изтегля"},{"$i":"view-button","ariaLabel":"Преглед"},{"$i":"attachments-container","ariaLabel":"Прикачени файлове"},{"$i":"from-group","ariaLabel":"От"},{"$i":"to-group","ariaLabel":"До"},{"$i":"cc-group","ariaLabel":"копие до"},{"$i":"bcc-group","ariaLabel":"скрито копие"},{"$i":"compose-header","$v":"Създаване на съобщение"},{"$i":"compose-header-short","$v":"Създаване"},{"$i":"compose-send","$v":"Изпращане"},{"$i":"compose-send-button","ariaLabel":"Изпращане"},{"$i":"compose-to","$v":"До"},{"$i":"compose-cc","$v":"копие"},{"$i":"compose-bcc","$v":"скрито"},{"$i":"compose-contact-add","ariaLabel":"Добавяне на контакт"},{"$i":"compose-attachments-container","ariaLabel":{"$x":[{"t":"idOrVar","v":"plural"},"kilobytes"],"$v":{"zero":"Прикачени файлове","one":["Прикачени файлове: ",{"t":"idOrVar","v":"kilobytes"},"K"],"two":["Прикачени файлове: ",{"t":"idOrVar","v":"kilobytes"},"K"],"few":["Прикачени файлове: ",{"t":"idOrVar","v":"kilobytes"},"K"],"many":["Прикачени файлове: ",{"t":"idOrVar","v":"kilobytes"},"K"],"other":["Прикачени файлове: ",{"t":"idOrVar","v":"kilobytes"},"K"]}}},{"$i":"compose-attachment-remove","ariaLabel":"Премахване"},{"$i":"compose-attachment-button","ariaLabel":"Прикачване"},{"$i":"compose-attachments","$v":{"zero":"Притурки","one":[{"t":"idOrVar","v":"n"}," притурка"],"two":[{"t":"idOrVar","v":"n"}," притурки"],"few":[{"t":"idOrVar","v":"n"}," притурки"],"many":[{"t":"idOrVar","v":"n"}," притурки"],"other":[{"t":"idOrVar","v":"n"}," притурки"]},"$x":[{"t":"idOrVar","v":"plural"},"n"]},{"$i":"compose-text","ariaLabel":"Редактиране"},{"$i":"compose-attachment-still-working","$v":"Един момент, все още се работи над предишната притурка..."},{"$i":"compose-subject","$v":"Тема"},{"$i":"compose-draft-save","$v":"Запазване в Чернови"},{"$i":"compose-discard-confirm","$v":"Отхвърляне"},{"$i":"compose-send-message-failed","$v":"Неуспешно изпращане на ел. поща"},{"$i":"composer-attachment-large","$v":"Притурката е твърде голяма"},{"$i":"composer-attachments-large","$v":"Притурките са твърде големи"},{"$i":"compose-attchment-size-exceeded","$v":"Избраната притурка е твърде голяма, за да бъде изпратена с това съобщение."},{"$i":"compose-attchments-size-exceeded","$v":"Избраните притурки са твърде големи, за да бъдат изпратени с това съобщение. Опитайте да изберете по-малко файлове."},{"$i":"dialog-button-ok","$v":"Добре"},{"$i":"default-attachment-filename","$v":["attachment",{"t":"idOrVar","v":"n"}]},{"$i":"attachment-size-kib","$v":[{"t":"idOrVar","v":"kilobytes"},"K"]},{"$i":"message-attachment-view","$v":"Преглед"},{"$i":"message-attachment-did-not-open-label","$v":"Unable to open"},{"$i":"message-attachment-did-not-open-body","$v":"The device does not have an app that can open the attachment."},{"$i":"message-attachment-too-large","$v":"Този файл е твърде голям за изтегляне."},{"$i":"message-no-subject","$v":"(без тема)"},{"$i":"message-edit-menu-edit","$v":"Редактиране"},{"$i":"message-edit-menu-delete","$v":"Изтриване"},{"$i":"message-edit-delete-confirm","$v":"Изтриване на съобщението?"},{"$i":"message-send-attachment-disabled-confirm","$v":"Притурки не могат да бъдат препращани."},{"$i":"message-multiedit-header","$v":{"zero":"Редактиране","one":[{"t":"idOrVar","v":"n"}," избрано"],"two":[{"t":"idOrVar","v":"n"}," избрани"],"few":[{"t":"idOrVar","v":"n"}," избрани"],"many":[{"t":"idOrVar","v":"n"}," избрани"],"other":[{"t":"idOrVar","v":"n"}," избрани"]},"$x":[{"t":"idOrVar","v":"plural"},"n"]},{"$i":"browse-to-url-prompt","$v":["Отиване на URL?: ",{"t":"idOrVar","v":"url"}]},{"$i":"message-download-images-tap","$v":{"one":"Това писмо съдържа изображение. Докоснете за изтегляне.","two":["Това писмо съдържа ",{"t":"idOrVar","v":"n"}," изображения. Докоснете за изтегляне."],"few":["Това писмо съдържа ",{"t":"idOrVar","v":"n"}," изображения. Докоснете за изтегляне."],"many":["Това писмо съдържа ",{"t":"idOrVar","v":"n"}," изображения. Докоснете за изтегляне."],"other":["Това писмо съдържа ",{"t":"idOrVar","v":"n"}," изображения. Докоснете за изтегляне."]},"$x":[{"t":"idOrVar","v":"plural"},"n"]},{"$i":"message-show-external-images","$v":"Показване на външни изображения"},{"$i":"message-multiedit-cancel","$v":"Отказ"},{"$i":"message-multiedit-delete-confirm","$v":{"one":"Изтриване на това писмо?","two":["Изтриване на ",{"t":"idOrVar","v":"n"}," писма?"],"few":["Изтриване на ",{"t":"idOrVar","v":"n"}," писма?"],"many":["Изтриване на ",{"t":"idOrVar","v":"n"}," писма?"],"other":["Изтриване на ",{"t":"idOrVar","v":"n"}," писма?"]},"$x":[{"t":"idOrVar","v":"plural"},"n"]},{"$i":"message-large-message-cancel","$v":"Отказ"},{"$i":"message-large-message-ok","$v":"Продължаване"},{"$i":"message-large-message-confirm","$v":"Писмото е голямо и може да отнеме време, за да бъде изтеглено."},{"$i":"message-search-from","$v":"От"},{"$i":"message-search-to","$v":"До"},{"$i":"message-search-subject","$v":"Тема"},{"$i":"message-search-body","$v":"Текст"},{"$i":"message-search-all","$v":"Всички"},{"$i":"message-search-input","placeholder":"Търсене на поща"},{"$i":"message-search-cancel","$v":"Отказ"},{"$i":"messages-syncing","$v":"Зареждане на писма"},{"$i":"messages-load-more","$v":"Зареждане на още писма"},{"$i":"messages-folder-empty","$v":"В тази папка няма писма"},{"$i":"messages-search-empty","$v":"Няма съответствия в местно запазените писма"},{"$i":"messages-folder-select","$v":"Избиране на папка"},{"$i":"messages-folder-unread-max","$v":"999+"},{"$i":"message-contact-menu-create","$v":"Запазване на нов контакт"},{"$i":"message-contact-menu-add-existing","$v":"Добавяне към съществуващ контакт"},{"$i":"message-contact-menu-view","$v":"Преглед на контакт"},{"$i":"message-contact-menu-reply","$v":"Отговор"},{"$i":"message-contact-menu-new","$v":"Изпращане на ново писмо"},{"$i":"message-reply-menu-reply","$v":"Отговор"},{"$i":"message-reply-menu-reply-all","$v":"Отговор до всички"},{"$i":"message-reply-menu-forward","$v":"Препращане"},{"$i":"message-reply-menu-cancel","$v":"Отказ"},{"$i":"reply-quoting-wrote","$v":"{name} написа"},{"$i":"forward-original-message","$v":"Оригинално писмо"},{"$i":"forward-header-subject","$v":"Тема"},{"$i":"forward-header-date","$v":"Дата"},{"$i":"forward-header-from","$v":"От"},{"$i":"forward-header-reply-to","$v":"Отговор до"},{"$i":"forward-header-to","$v":"До"},{"$i":"forward-header-cc","$v":"Копие"},{"$i":"folder-inbox","$v":"Пощенска кутия"},{"$i":"folder-sent","$v":"Изпратени писма"},{"$i":"folder-drafts","$v":"Чернови"},{"$i":"folder-trash","$v":"Кошче"},{"$i":"folder-queue","$v":"Неизпратени"},{"$i":"folder-junk","$v":"Нежелана поща"},{"$i":"folder-archives","$v":"Архиви"},{"$i":"folder-localdrafts","$v":"Местни чернови"},{"$i":"folder-outbox","$v":"Изходяща кутия"},{"$i":"drawer-back","$v":"Обратно"},{"$i":"drawer-accounts-header","$v":"Регистрации"},{"$i":"drawer-settings-link","$v":"Настройки"},{"$i":"folder-last-synced-label","$v":"Актуално от:"},{"$i":"messages-refresh-button","ariaLabel":"Обновяване"},{"$i":"messages-refresh-progress","ariaValueText":"В момента се обновява"},{"$i":"edit-button","ariaLabel":"Редактиране"},{"$i":"message-list-top-action","$v":"Нагоре"},{"$i":"message-list-menu","ariaLabel":"Папки и настройки"},{"$i":"message-list-compose","ariaLabel":"Compose"},{"$i":"toaster-undo","$v":"Отмяна"},{"$i":"toaster-message-star","$v":{"one":"1 зададен флаг","two":[{"t":"idOrVar","v":"n"}," зададени флага"],"few":[{"t":"idOrVar","v":"n"}," зададени флага"],"many":[{"t":"idOrVar","v":"n"}," зададени флага"],"other":[{"t":"idOrVar","v":"n"}," зададени флага"]},"$x":[{"t":"idOrVar","v":"plural"},"n"]},{"$i":"toaster-message-unstar","$v":{"one":"1 премахнат флаг","two":[{"t":"idOrVar","v":"n"}," премахнати флага"],"few":[{"t":"idOrVar","v":"n"}," премахнати флага"],"many":[{"t":"idOrVar","v":"n"}," премахнати флага"],"other":[{"t":"idOrVar","v":"n"}," премахнати флага"]},"$x":[{"t":"idOrVar","v":"plural"},"n"]},{"$i":"toaster-message-read","$v":{"one":"1 писмо отбелязано като прочетено","two":[{"t":"idOrVar","v":"n"}," писма отбелязани като прочетени"],"few":[{"t":"idOrVar","v":"n"}," писма отбелязани като прочетени"],"many":[{"t":"idOrVar","v":"n"}," писма отбелязани като прочетени"],"other":[{"t":"idOrVar","v":"n"}," писма отбелязани като прочетени"]},"$x":[{"t":"idOrVar","v":"plural"},"n"]},{"$i":"toaster-message-unread","$v":{"one":"1 писмо отбелязано като непрочетено","two":[{"t":"idOrVar","v":"n"}," писма отбелязани като непрочетени"],"few":[{"t":"idOrVar","v":"n"}," писма отбелязани като непрочетени"],"many":[{"t":"idOrVar","v":"n"}," писма отбелязани като непрочетени"],"other":[{"t":"idOrVar","v":"n"}," писма отбелязани като непрочетени"]},"$x":[{"t":"idOrVar","v":"plural"},"n"]},{"$i":"toaster-message-move","$v":{"one":"1 преместено писмо","two":[{"t":"idOrVar","v":"n"}," преместени писма"],"few":[{"t":"idOrVar","v":"n"}," преместени писма"],"many":[{"t":"idOrVar","v":"n"}," преместени писма"],"other":[{"t":"idOrVar","v":"n"}," преместени писма"]},"$x":[{"t":"idOrVar","v":"plural"},"n"]},{"$i":"toaster-message-delete","$v":{"one":"1 изтрито писмо","two":[{"t":"idOrVar","v":"n"}," изтрити писма"],"few":[{"t":"idOrVar","v":"n"}," изтрити писма"],"many":[{"t":"idOrVar","v":"n"}," изтрити писма"],"other":[{"t":"idOrVar","v":"n"}," изтрити писма"]},"$x":[{"t":"idOrVar","v":"plural"},"n"]},{"$i":"toaster-retryable-syncfailed","$v":"Грешка при свързване със сървъра"},{"$i":"compose-invalid-addresses-title","$v":"Невалидни адреси"},{"$i":"compose-invalid-addresses-description","$v":"Вашето писмо съдържа един или няколко невалидни адреса на ел. поща. Моля, поправете ги преди изпращане."},{"$i":"background-send-pending","$v":"Мрежата е недостъпна. Пощата е запазена в изходящата кутия."},{"$i":"background-send-sending","$v":"Изпращане на поща…"},{"$i":"background-send-success","$v":"Пощата е изпратена."},{"$i":"background-send-error","$v":"Получи се грешка. Пощата е запазена в изходящата кутия."},{"$i":"background-send-error-recipients","$v":"Грешка при получателя. Пощата е запазена в изходящата кутия."},{"$i":"background-send-error-title","$v":"Неуспешно изпращане на поща"},{"$i":"send-failure-recipients","$v":"Проверете правописа на адресите по-горе. Вашият пощенски сървър посочи, че един или няколко от адресите са неправилни."},{"$i":"send-failure-unknown","$v":"Писмото не може да бъде изпратено."},{"$i":"form-clear-input","$v":"Премахване на текст"},{"$i":"confirm-dialog-title","$v":"Потвърждение"},{"$i":"senders-separation-sign","$v":", "},{"$i":"new-messages","$v":{"one":"1 ново писмо","two":[{"t":"idOrVar","v":"n"}," нови писма"],"few":[{"t":"idOrVar","v":"n"}," нови писма"],"many":[{"t":"idOrVar","v":"n"}," нови писма"],"other":[{"t":"idOrVar","v":"n"}," нови писма"]},"$x":[{"t":"idOrVar","v":"plural"},"n"]},{"$i":"notification-no-subject","$v":"(no subject)"},{"$i":"new-emails-notify-one-account","$v":{"one":"1 ново писмо","two":[{"t":"idOrVar","v":"n"}," нови писма"],"few":[{"t":"idOrVar","v":"n"}," нови писма"],"many":[{"t":"idOrVar","v":"n"}," нови писма"],"other":[{"t":"idOrVar","v":"n"}," нови писма"]},"$x":[{"t":"idOrVar","v":"plural"},"n"]},{"$i":"new-emails-notify-multiple-accounts","$v":{"one":["1 ново писмо (",{"t":"idOrVar","v":"accountName"},")"],"two":[{"t":"idOrVar","v":"n"}," нови писма (",{"t":"idOrVar","v":"accountName"},")"],"few":[{"t":"idOrVar","v":"n"}," нови писма (",{"t":"idOrVar","v":"accountName"},")"],"many":[{"t":"idOrVar","v":"n"}," нови писма (",{"t":"idOrVar","v":"accountName"},")"],"other":[{"t":"idOrVar","v":"n"}," нови писма (",{"t":"idOrVar","v":"accountName"},")"]},"$x":[{"t":"idOrVar","v":"plural"},"n"]},{"$i":"new-emails-notify-multiple-accounts-body","$v":[{"t":"idOrVar","v":"from"}," „",{"t":"idOrVar","v":"subject"},"“"]},{"$i":"tng-plain-socket-warning-title","$v":"Сигурни ли сте?"},{"$i":"tng-plain-socket-warning-message","$v":"Други хора може да видят вашата парола, кореспонденция или да се възползват от регистрацията ви."},{"$i":"tng-plain-socket-warning-message-options","$v":"Има много безплатни доставчици на ел. поща, които предлагат сигурна, криптирана връзка."},{"$i":"tng-plain-socket-learn-more","$v":"Научете повече"},{"$i":"tng-plain-socket-warning-ok","$v":"Аз разбрах"},{"$i":"message-reader-next-button","ariaLabel":"Следващо писмо"},{"$i":"message-reader-previous-button","ariaLabel":"Предишна"},{"$i":"message-reader-date-received","ariaLabel":"Получено"},{"$i":"weekday-0-long","$v":"неделя"},{"$i":"weekday-1-long","$v":"понеделник"},{"$i":"weekday-2-long","$v":"вторник"},{"$i":"weekday-3-long","$v":"сряда"},{"$i":"weekday-4-long","$v":"четвъртък"},{"$i":"weekday-5-long","$v":"петък"},{"$i":"weekday-6-long","$v":"събота"},{"$i":"weekday-0-short","$v":"нед"},{"$i":"weekday-1-short","$v":"пон"},{"$i":"weekday-2-short","$v":"вто"},{"$i":"weekday-3-short","$v":"сря"},{"$i":"weekday-4-short","$v":"чет"},{"$i":"weekday-5-short","$v":"пет"},{"$i":"weekday-6-short","$v":"съб"},{"$i":"month-0-long","$v":"януари"},{"$i":"month-1-long","$v":"февруари"},{"$i":"month-2-long","$v":"мaрт"},{"$i":"month-3-long","$v":"април"},{"$i":"month-4-long","$v":"май"},{"$i":"month-5-long","$v":"юни"},{"$i":"month-6-long","$v":"юли"},{"$i":"month-7-long","$v":"август"},{"$i":"month-8-long","$v":"септември"},{"$i":"month-9-long","$v":"октомври"},{"$i":"month-10-long","$v":"ноември"},{"$i":"month-11-long","$v":"декември"},{"$i":"month-0-genitive","$v":"януари"},{"$i":"month-1-genitive","$v":"февруари"},{"$i":"month-2-genitive","$v":"мaрт"},{"$i":"month-3-genitive","$v":"април"},{"$i":"month-4-genitive","$v":"май"},{"$i":"month-5-genitive","$v":"юни"},{"$i":"month-6-genitive","$v":"юли"},{"$i":"month-7-genitive","$v":"август"},{"$i":"month-8-genitive","$v":"септември"},{"$i":"month-9-genitive","$v":"октомври"},{"$i":"month-10-genitive","$v":"ноември"},{"$i":"month-11-genitive","$v":"декември"},{"$i":"month-0-short","$v":"яну"},{"$i":"month-1-short","$v":"фев"},{"$i":"month-2-short","$v":"мар"},{"$i":"month-3-short","$v":"апр"},{"$i":"month-4-short","$v":"май"},{"$i":"month-5-short","$v":"юни"},{"$i":"month-6-short","$v":"юли"},{"$i":"month-7-short","$v":"авг"},{"$i":"month-8-short","$v":"сеп"},{"$i":"month-9-short","$v":"окт"},{"$i":"month-10-short","$v":"ное"},{"$i":"month-11-short","$v":"дек"},{"$i":"minutes-ago-long","$v":{"zero":"току-що","one":"преди минута","two":["преди ",{"t":"idOrVar","v":"value"}," минути"],"few":["преди ",{"t":"idOrVar","v":"value"}," минути"],"many":["преди ",{"t":"idOrVar","v":"value"}," минути"],"other":["преди ",{"t":"idOrVar","v":"value"}," минути"]},"$x":[{"t":"idOrVar","v":"plural"},"value"]},{"$i":"hours-ago-long","$v":{"zero":"току-що","one":"преди час","two":["преди ",{"t":"idOrVar","v":"value"}," часа"],"few":["преди ",{"t":"idOrVar","v":"value"}," часа"],"many":["преди ",{"t":"idOrVar","v":"value"}," часа"],"other":["преди ",{"t":"idOrVar","v":"value"}," часа"]},"$x":[{"t":"idOrVar","v":"plural"},"value"]},{"$i":"days-ago-long","$v":{"zero":"днес","one":"вчера","two":["преди ",{"t":"idOrVar","v":"value"}," дена"],"few":["преди ",{"t":"idOrVar","v":"value"}," дена"],"many":["преди ",{"t":"idOrVar","v":"value"}," дена"],"other":["преди ",{"t":"idOrVar","v":"value"}," дена"]},"$x":[{"t":"idOrVar","v":"plural"},"value"]},{"$i":"weeks-ago-long","$v":{"zero":"тази седмица","one":"миналата седмица","two":["преди ",{"t":"idOrVar","v":"value"}," седмици"],"few":["преди ",{"t":"idOrVar","v":"value"}," седмици"],"many":["преди ",{"t":"idOrVar","v":"value"}," седмици"],"other":["преди ",{"t":"idOrVar","v":"value"}," седмици"]},"$x":[{"t":"idOrVar","v":"plural"},"value"]},{"$i":"months-ago-long","$v":{"zero":"този месец","one":"миналия месец","two":["преди ",{"t":"idOrVar","v":"value"}," месеца"],"few":["преди ",{"t":"idOrVar","v":"value"}," месеца"],"many":["преди ",{"t":"idOrVar","v":"value"}," месеца"],"other":["преди ",{"t":"idOrVar","v":"value"}," месеца"]},"$x":[{"t":"idOrVar","v":"plural"},"value"]},{"$i":"years-ago-long","$v":{"zero":"тази година","one":"миналата година","two":["преди ",{"t":"idOrVar","v":"value"}," години"],"few":["преди ",{"t":"idOrVar","v":"value"}," години"],"many":["преди ",{"t":"idOrVar","v":"value"}," години"],"other":["преди ",{"t":"idOrVar","v":"value"}," години"]},"$x":[{"t":"idOrVar","v":"plural"},"value"]},{"$i":"minutes-until-long","$v":{"zero":"сега","one":"до една минута","two":["след ",{"t":"idOrVar","v":"value"}," минути"],"few":["след ",{"t":"idOrVar","v":"value"}," минути"],"many":["след ",{"t":"idOrVar","v":"value"}," минути"],"other":["след ",{"t":"idOrVar","v":"value"}," минути"]},"$x":[{"t":"idOrVar","v":"plural"},"value"]},{"$i":"hours-until-long","$v":{"zero":"сега","one":"до един час","two":["след ",{"t":"idOrVar","v":"value"}," часа"],"few":["след ",{"t":"idOrVar","v":"value"}," часа"],"many":["след ",{"t":"idOrVar","v":"value"}," часа"],"other":["след ",{"t":"idOrVar","v":"value"}," часа"]},"$x":[{"t":"idOrVar","v":"plural"},"value"]},{"$i":"days-until-long","$v":{"zero":"днес","one":"утре","two":["след ",{"t":"idOrVar","v":"value"}," дена"],"few":["след ",{"t":"idOrVar","v":"value"}," дена"],"many":["след ",{"t":"idOrVar","v":"value"}," дена"],"other":["след ",{"t":"idOrVar","v":"value"}," дена"]},"$x":[{"t":"idOrVar","v":"plural"},"value"]},{"$i":"weeks-until-long","$v":{"zero":"тази седмица","one":"другата седмица","two":["след ",{"t":"idOrVar","v":"value"}," седмици"],"few":["след ",{"t":"idOrVar","v":"value"}," седмици"],"many":["след ",{"t":"idOrVar","v":"value"}," седмици"],"other":["след ",{"t":"idOrVar","v":"value"}," седмици"]},"$x":[{"t":"idOrVar","v":"plural"},"value"]},{"$i":"months-until-long","$v":{"zero":"този месец","one":"другия месец","two":["след ",{"t":"idOrVar","v":"value"}," месеца"],"few":["след ",{"t":"idOrVar","v":"value"}," месеца"],"many":["след ",{"t":"idOrVar","v":"value"}," месеца"],"other":["след ",{"t":"idOrVar","v":"value"}," месеца"]},"$x":[{"t":"idOrVar","v":"plural"},"value"]},{"$i":"years-until-long","$v":{"zero":"тази година","one":"следващата година","two":["след ",{"t":"idOrVar","v":"value"}," години"],"few":["след ",{"t":"idOrVar","v":"value"}," години"],"many":["след ",{"t":"idOrVar","v":"value"}," години"],"other":["след ",{"t":"idOrVar","v":"value"}," години"]},"$x":[{"t":"idOrVar","v":"plural"},"value"]},{"$i":"minutes-ago-short","$v":{"zero":"току-що","other":["преди ",{"t":"idOrVar","v":"value"},"м"]},"$x":[{"t":"idOrVar","v":"plural"},"value"]},{"$i":"hours-ago-short","$v":{"zero":"току-що","other":["преди ",{"t":"idOrVar","v":"value"},"ч"]},"$x":[{"t":"idOrVar","v":"plural"},"value"]},{"$i":"days-ago-short","$v":{"zero":"днес","other":["преди ",{"t":"idOrVar","v":"value"},"д"]},"$x":[{"t":"idOrVar","v":"plural"},"value"]},{"$i":"minutes-until-short","$v":{"zero":"сега","other":["след ",{"t":"idOrVar","v":"value"},"м"]},"$x":[{"t":"idOrVar","v":"plural"},"value"]},{"$i":"hours-until-short","$v":{"zero":"сега","other":["след ",{"t":"idOrVar","v":"value"},"ч"]},"$x":[{"t":"idOrVar","v":"plural"},"value"]},{"$i":"days-until-short","$v":{"zero":"днес","other":["след ",{"t":"idOrVar","v":"value"},"д"]},"$x":[{"t":"idOrVar","v":"plural"},"value"]},{"$i":"incorrectDate","$v":"(невалидна дата)"},{"$i":"dateTimeFormat_%c","$v":"%a, %e %b %Y %H:%M:%S"},{"$i":"dateTimeFormat_%x","$v":"%d.%m.%Y"},{"$i":"dateTimeFormat_%X","$v":"%H:%M:%S"},{"$i":"shortTimeFormat","$v":"%I:%M %p"},{"$i":"shortTimeFormat12","$v":"%I:%M %p"},{"$i":"shortTimeFormat24","$v":"%H:%M"},{"$i":"shortDateTimeFormat","$v":"%x %H:%M"},{"$i":"weekStartsOnMonday","$v":"1"},{"$i":"firstDayOfTheWeek","$v":"1"},{"$i":"time_am","$v":"пр.об."},{"$i":"time_pm","$v":"сл.об."}]