[{"$i":"back-button","ariaLabel":"Zpět"},{"$i":"close-button","ariaLabel":"Close"},{"$i":"setup-app-name-header","$v":"Pošta"},{"$i":"setup-empty-account-message","$v":"You are not set up to send or receive email. Set up an account to complete the action."},{"$i":"setup-pick-service","$v":"Pro přijímání a odesílání e-mailů potřebujete nastavit poštovní účet."},{"$i":"setup-account-header3","$v":"Nový účet"},{"$i":"setup-account-enter-password","$v":"Zadat heslo pro:"},{"$i":"setup-info-name","placeholder":"Vaše jméno"},{"$i":"setup-info-email","placeholder":"vase@adresa.cz"},{"$i":"setup-info-password","placeholder":"Heslo"},{"$i":"setup-info-next","$v":"Další"},{"$i":"setup-progress-wait-msg","$v":"Nastavování účtu"},{"$i":"setup-completed-header","$v":"Nastavení účtu"},{"$i":"setup-completed-label","$v":"Vše hotovo!"},{"$i":"setup-add-another-account","$v":"Přidat další účet"},{"$i":"setup-show-mail","$v":"Přejít do pošty"},{"$i":"setup-error-offline","$v":"Toto zařízení je aktuálně offline. Připojte ho k síti a zkuste to znovu."},{"$i":"setup-error-bad-user-or-pass2","$v":"Neplatné uživatelské jméno nebo heslo"},{"$i":"setup-error-bad-address","$v":"Neplatná e-mailová adresa. Proveďte kontrolu na překlepy."},{"$i":"setup-error-not-authorized","$v":"Dle odpovědi serveru nejste autorizováni vytvořit účet"},{"$i":"setup-error-pop-server-not-great","$v":"Server není podporován. POP3 server neimplementuje požadované funkce."},{"$i":"setup-error-unknown2","$v":"Nastala neznámá chyba. Zkontrolujte připojení k síti a nebo zkuste manuální nastavení. "},{"$i":"setup-error-needs-app-pass","$v":"Pro účet Gmail s dvoufázovým ověřením je nutné použít aplikační heslo"},{"$i":"setup-error-imap-disabled","$v":"V účtu Gmail je potřeba povolit IMAP"},{"$i":"setup-error-pop3-disabled","$v":"U svého účtu Gmail musíte povolit POP3."},{"$i":"setup-error-bad-security","$v":["Nepodařilo se navázat spojení s „",{"t":"idOrVar","v":"server"},"“. Pravděpodobně se jedná o problémy sítě nebo serveru."]},{"$i":"setup-error-unresponsive-server","$v":["Nepodařilo se navázat spojení s „",{"t":"idOrVar","v":"server"},"“. Pravděpodobně se jedná o problémy sítě."]},{"$i":"setup-error-server-problem","$v":["Vyskytl se problém s „",{"t":"idOrVar","v":"server"},"“. Zkuste to znovu později."]},{"$i":"setup-error-no-config-info","$v":"Váš účet se nepodařilo automaticky nastavit. Opravte svoji e-mailovou adresu nebo použijte manuální nastavení."},{"$i":"setup-error-server-maintenance","$v":["Server „",{"t":"idOrVar","v":"server"},"“ je offline z důvodů údržby. Zkuste to znovu později."]},{"$i":"setup-error-account-already-exists","$v":"Tento účet je již nakonfigurován."},{"$i":"setup-manual-config2","$v":"Manuální nastavení"},{"$i":"setup-manual-config-header","$v":"Manuální nastavení"},{"$i":"setup-manual-account-type","$v":"Typ účtu"},{"$i":"setup-manual-account-type-select","ariaLabel":"Typ účtu"},{"$i":"setup-manual-imap-header","$v":"Nastavení IMAP"},{"$i":"setup-manual-pop3-header","$v":"Nastavení POP3"},{"$i":"setup-manual-smtp-header","$v":"Nastavení SMTP"},{"$i":"setup-manual-activesync-header","$v":"Nastavení ActiveSync"},{"$i":"setup-manual-next","$v":"Další"},{"$i":"setup-manual-socket","$v":"Typ soketu"},{"$i":"setup-manual-socket-ssl","$v":"SSL"},{"$i":"setup-manual-socket-starttls","$v":"STARTTLS"},{"$i":"setup-manual-socket-select","ariaLabel":"Zabezpečení připojení"},{"$i":"setup-manual-socket-plain","$v":"Unencrypted (insecure)"},{"$i":"setup-manual-hostname","placeholder":"Server"},{"$i":"setup-manual-port","placeholder":"Číslo portu"},{"$i":"setup-manual-username","placeholder":"Uživatelské jméno"},{"$i":"setup-manual-activesync-username","placeholder":"Doména\\Uživatelské jméno"},{"$i":"setup-bad-password-header","$v":"Chybné heslo!"},{"$i":"setup-bad-password","$v":"Přihlášení k serveru se nezdařilo. Možná je chybné heslo?"},{"$i":"setup-new-password","placeholder":"Nové heslo"},{"$i":"setup-fix-password","$v":"Opakujte s novým heslem"},{"$i":"setup-gmail-twofactor-header","$v":"Povolen two-factor"},{"$i":"setup-gmail-twofactor-message","$v":"Je nutné vložit aplikační heslo."},{"$i":"setup-gmail-twofactor-fix","$v":"Použít aplikační heslo"},{"$i":"setup-gmail-imap-header","$v":"IMAP zakázán"},{"$i":"setup-gmail-imap-message","$v":"V účtu Gmail je nutné povolit IMAP"},{"$i":"setup-gmail-imap-retry","$v":"Opakovat"},{"$i":"setup-gmail-pop3-header","$v":"POP3 zakázáno"},{"$i":"setup-gmail-pop3-message","$v":"V účtu Gmail je nutné povolit POP3"},{"$i":"setup-gmail-pop3-retry","$v":"Opakovat"},{"$i":"setup-fix-oauth2-header","$v":"Opětovně autorizovat"},{"$i":"setup-fix-oauth2-description","$v":"Pro přístup k následujícímu účtu musí být opětovně provedena autorizace:"},{"$i":"setup-fix-oauth2-reauthorize","$v":"Opětovně autorizovat"},{"$i":"settings-main-header","$v":"Nastavení pošty"},{"$i":"settings-sub-header-account","$v":"Účet"},{"$i":"settings-account-group","ariaLabel":"Account"},{"$i":"settings-account-name","$v":"Vaše jméno"},{"$i":"settings-account-display-notifications","$v":"Zobrazovat upozornění na nové zprávy"},{"$i":"settings-account-play-sound-onsend","$v":"Přehrát zvuk po odeslání zprávy"},{"$i":"settings-empty-signature-label","$v":"Klepněte pro úpravu podpisu"},{"$i":"settings-account-signature-label","$v":"Podpis"},{"$i":"settings-account-signature-textbox","ariaLabel":"Signature"},{"$i":"signature-save","$v":"Uložit podpis"},{"$i":"signature-discard-confirm","$v":"Zahodit"},{"$i":"settings-sub-header-data","$v":"Data"},{"$i":"settings-data-group","ariaLabel":"Data"},{"$i":"settings-account-check-mail","$v":"Kontrola nových zpráv"},{"$i":"settings-account-check-mail-select","ariaLabel":"Check for new messages"},{"$i":"settings-sub-header-server","$v":"Nastavení serveru"},{"$i":"settings-server-group","ariaLabel":"Server settings"},{"$i":"settings-account-userpass","$v":"Uživatelské jméno a heslo"},{"$i":"settings-account-useroauth2","$v":"Uživatelské jméno"},{"$i":"settings-default-signature-2","$v":"Odesláno z Firefox OS"},{"$i":"settings-done","$v":"Hotovo"},{"$i":"settings-account-section","$v":"Účty"},{"$i":"settings-account-listbox","ariaLabel":"Accounts"},{"$i":"settings-account-add","$v":"Přidat účet"},{"$i":"settings-account-delete","$v":"Smazat účet"},{"$i":"settings-account-delete-prompt","$v":["Opravdu chcete smazat poštovní účet ",{"t":"idOrVar","v":"account"},"? Při opětovném vytvoření účtu budete muset znovu stáhnout poštu."]},{"$i":"settings-account-delete-cancel","$v":"Zrušit"},{"$i":"settings-account-delete-confirm","$v":"Smazat"},{"$i":"settings-account-clarify-imap","$v":"{account-name}} (IMAP)"},{"$i":"settings-account-clarify-pop3","$v":[{"t":"idOrVar","v":"account-name"}," (POP3)"]},{"$i":"settings-account-clarify-smtp","$v":[{"t":"idOrVar","v":"account-name"}," (SMTP)"]},{"$i":"settings-general-section","$v":"Obecné nastavení"},{"$i":"settings-show-images","$v":"Vždy zobrazit obrázky"},{"$i":"settings-download-attachments","$v":"Stahovat přílohy"},{"$i":"settings-check-every-5min","$v":"Každých 5 minut"},{"$i":"settings-check-every-10min","$v":"Každých 10 minut"},{"$i":"settings-check-every-15min","$v":"Každých 15 minut"},{"$i":"settings-check-every-30min","$v":"Každých 30 minut"},{"$i":"settings-check-every-60min","$v":"Každou hodinu"},{"$i":"settings-check-every-manual","$v":"Ručně"},{"$i":"settings-check-dynamic","$v":{"zero":"sekund","one":[{"t":"idOrVar","v":"n"}," sekunda"],"two":[{"t":"idOrVar","v":"n"}," sekundy"],"few":[{"t":"idOrVar","v":"n"}," sekundy"],"many":[{"t":"idOrVar","v":"n"}," sekund"],"other":[{"t":"idOrVar","v":"n"}," sekund"]},"$x":[{"t":"idOrVar","v":"plural"},"n"]},{"$i":"settings-default-account","$v":"Výchozí účet"},{"$i":"settings-account-type","$v":"Typ účtu"},{"$i":"settings-account-credentials","$v":"Přihlašovací údaje"},{"$i":"settings-activesync-label","$v":"Nastavení ActiveSync"},{"$i":"settings-imap-label","$v":"Nastavení IMAP"},{"$i":"settings-pop3-label","$v":"Nastavení POP3"},{"$i":"settings-smtp-label","$v":"Nastavení SMTP"},{"$i":"settings-hostname","$v":"Server"},{"$i":"settings-port","$v":"Port"},{"$i":"settings-username","$v":"Uživatelské jméno"},{"$i":"settings-password","$v":"Heslo"},{"$i":"settings-save","$v":"Uložit"},{"$i":"settings-password-empty","$v":"Heslo nesmí být prázdné"},{"$i":"settings-reauth","$v":"Opětovně autorizovat"},{"$i":"settings-account-synchronize-window","$v":"Dny pro synchronizaci"},{"$i":"settings-account-synchronize-window-select","ariaLabel":"Days to sync"},{"$i":"settings-synchronize-auto","$v":"Automaticky"},{"$i":"settings-synchronize-one-day","$v":"1 den"},{"$i":"settings-synchronize-three-days","$v":"3 dny"},{"$i":"settings-synchronize-one-week","$v":"1 týden"},{"$i":"settings-synchronize-two-weeks","$v":"2 týden"},{"$i":"settings-synchronize-one-month","$v":"1 měsíc"},{"$i":"settings-synchronize-all","$v":"Všechny zprávy"},{"$i":"envelope-from","$v":"Od"},{"$i":"envelope-to","$v":"Komu"},{"$i":"envelope-cc","$v":"Kopie"},{"$i":"envelope-bcc","$v":"Skrytá kopie"},{"$i":"message-header-state-sending","ariaLabel":"Sending"},{"$i":"message-header-state-error","ariaLabel":"Error sending"},{"$i":"message-header-unread","ariaLabel":"Unread"},{"$i":"message-header-starred","ariaLabel":"Has star"},{"$i":"message-header-attachments","ariaLabel":"Has attachments"},{"$i":"message-body-container","ariaLabel":"Message body"},{"$i":"message-body-container-progress","ariaValueText":"Loading"},{"$i":"subject","ariaLabel":"Subject"},{"$i":"message-delete-button","ariaLabel":"Delete"},{"$i":"message-star-button","ariaLabel":"Add star"},{"$i":"message-unstar-button","ariaLabel":"Remove star"},{"$i":"message-mark-read-button","ariaLabel":"Mark read"},{"$i":"message-mark-unread-button","ariaLabel":"Mark unread"},{"$i":"message-move-button","ariaLabel":"Move"},{"$i":"message-reply-forward-button","ariaLabel":"Reply or forward"},{"$i":"download-button","ariaLabel":"Download"},{"$i":"downloading-progress","ariaValueText":"Downloading"},{"$i":"view-button","ariaLabel":"View"},{"$i":"attachments-container","ariaLabel":"Attachments"},{"$i":"from-group","ariaLabel":"From"},{"$i":"to-group","ariaLabel":"To"},{"$i":"cc-group","ariaLabel":"cc"},{"$i":"bcc-group","ariaLabel":"bcc"},{"$i":"compose-header","$v":"Vytvořit zprávu"},{"$i":"compose-header-short","$v":"Vytvoření"},{"$i":"compose-send","$v":"Poslat"},{"$i":"compose-send-button","ariaLabel":"Send"},{"$i":"compose-to","$v":"Komu"},{"$i":"compose-cc","$v":"Kopie"},{"$i":"compose-bcc","$v":"Skrytá kopie"},{"$i":"compose-contact-add","ariaLabel":"Add contact"},{"$i":"compose-attachments-container","ariaLabel":{"$x":[{"t":"idOrVar","v":"plural"},"kilobytes"],"$v":{"zero":"Attachments","one":["Attachments: ",{"t":"idOrVar","v":"kilobytes"},"K"],"two":["Attachments: ",{"t":"idOrVar","v":"kilobytes"},"K"],"few":["Attachments: ",{"t":"idOrVar","v":"kilobytes"},"K"],"many":["Attachments: ",{"t":"idOrVar","v":"kilobytes"},"K"],"other":["Attachments: ",{"t":"idOrVar","v":"kilobytes"},"K"]}}},{"$i":"compose-attachment-remove","ariaLabel":"Remove"},{"$i":"compose-attachment-button","ariaLabel":"Attach"},{"$i":"compose-attachments","$v":{"zero":"Přílohy","one":[{"t":"idOrVar","v":"n"}," příloha"],"two":[{"t":"idOrVar","v":"n"}," přílohy"],"few":[{"t":"idOrVar","v":"n"}," přílohy"],"many":[{"t":"idOrVar","v":"n"}," příloh"],"other":[{"t":"idOrVar","v":"n"}," příloh"]},"$x":[{"t":"idOrVar","v":"plural"},"n"]},{"$i":"compose-text","ariaLabel":"Edit"},{"$i":"compose-attachment-still-working","$v":"Chvilku strpení, předchozí příloha se stále zpracovává..."},{"$i":"compose-subject","$v":"Předmět"},{"$i":"compose-draft-save","$v":"Uložit do Místní koncepty"},{"$i":"compose-discard-confirm","$v":"Zahodit"},{"$i":"compose-send-message-failed","$v":"Odeslání e-mailu skočilo chybou"},{"$i":"composer-attachment-large","$v":"Příloha je příliš velká"},{"$i":"composer-attachments-large","$v":"Přílohy jsou příliš velké"},{"$i":"compose-attchment-size-exceeded","$v":"Zvolená příloha je příliš velká na to, aby byla odeslána s touto zprávou."},{"$i":"compose-attchments-size-exceeded","$v":"Zvolené přílohy jsou příliš velké na to, aby byly odeslány s touto zprávou. Zvolte menší počet souborů."},{"$i":"dialog-button-ok","$v":"OK"},{"$i":"default-attachment-filename","$v":["attachment",{"t":"idOrVar","v":"n"}]},{"$i":"attachment-size-kib","$v":[{"t":"idOrVar","v":"kilobytes"},"K"]},{"$i":"message-attachment-view","$v":"Zobrazit"},{"$i":"message-attachment-did-not-open-label","$v":"Unable to open"},{"$i":"message-attachment-did-not-open-body","$v":"The device does not have an app that can open the attachment."},{"$i":"message-attachment-too-large","$v":"Tato příloha je pro stažení příliš velká."},{"$i":"message-no-subject","$v":"(bez předmětu)"},{"$i":"message-edit-menu-edit","$v":"Upravit"},{"$i":"message-edit-menu-delete","$v":"Smazat"},{"$i":"message-edit-delete-confirm","$v":"Smazat e-mailovou zprávu?"},{"$i":"message-send-attachment-disabled-confirm","$v":"Přílohy nemohou být přeposlány."},{"$i":"message-multiedit-header","$v":{"zero":"Úprava","one":"Jedna vybrána","two":"Dvě vybrány","few":[{"t":"idOrVar","v":"n"}," vybrány"],"many":[{"t":"idOrVar","v":"n"}," vybráno"],"other":[{"t":"idOrVar","v":"n"}," vybráno"]},"$x":[{"t":"idOrVar","v":"plural"},"n"]},{"$i":"browse-to-url-prompt","$v":["Přejít na adresu?: ",{"t":"idOrVar","v":"url"}]},{"$i":"message-download-images-tap","$v":{"one":"Tento e-mail obsahuje obrázek. Klepněte pro stažení.","two":"Tento e-mail obsahuje dva obrázky. Klepněte pro stažení.","few":["Tento e-mail obsahuje ",{"t":"idOrVar","v":"n"}," obrázky. Klepněte pro stažení."],"many":["Tento e-mail obsahuje ",{"t":"idOrVar","v":"n"}," obrázků. Klepněte pro stažení."],"other":["Tento e-mail obsahuje ",{"t":"idOrVar","v":"n"}," obrázků. Klepněte pro stažení."]},"$x":[{"t":"idOrVar","v":"plural"},"n"]},{"$i":"message-show-external-images","$v":"Zobrazit externí obrázky"},{"$i":"message-multiedit-cancel","$v":"Zrušit"},{"$i":"message-multiedit-delete-confirm","$v":{"one":"Smazat tuto e-mailovou zprávu?","two":"Smazat dvě e-mailové zprávy?","few":["Smazat ",{"t":"idOrVar","v":"n"}," e-mailové zprávy?"],"many":["Smazat ",{"t":"idOrVar","v":"n"}," e-mailových zpráv?"],"other":["Smazat ",{"t":"idOrVar","v":"n"}," e-mailových zpráv?"]},"$x":[{"t":"idOrVar","v":"plural"},"n"]},{"$i":"message-large-message-cancel","$v":"Zrušit"},{"$i":"message-large-message-ok","$v":"Pokračovat"},{"$i":"message-large-message-confirm","$v":"Tato zpráva je velká a její stažení může trvat nějaký čas."},{"$i":"message-search-from","$v":"Od"},{"$i":"message-search-to","$v":"Komu"},{"$i":"message-search-subject","$v":"Předmět"},{"$i":"message-search-body","$v":"Tělo"},{"$i":"message-search-all","$v":"Vše"},{"$i":"message-search-input","placeholder":"Hledat poštu"},{"$i":"message-search-cancel","$v":"Zrušit hledání"},{"$i":"messages-syncing","$v":"Nahrávání zpráv"},{"$i":"messages-load-more","$v":"Načíst více zpráv"},{"$i":"messages-folder-empty","$v":"Ve složce není žádná zpráva"},{"$i":"messages-search-empty","$v":"Ve zprávách z mezipaměti nebyla nalezena shoda"},{"$i":"messages-folder-select","$v":"Vybrat složku"},{"$i":"messages-folder-unread-max","$v":"999+"},{"$i":"message-contact-menu-create","$v":"Uložit nový kontakt"},{"$i":"message-contact-menu-add-existing","$v":"Přidat k existujícímu kontaktu"},{"$i":"message-contact-menu-view","$v":"Zobrazit kontakt"},{"$i":"message-contact-menu-reply","$v":"Odpovědět"},{"$i":"message-contact-menu-new","$v":"Odeslat nový e-mail"},{"$i":"message-reply-menu-reply","$v":"Odpovědět"},{"$i":"message-reply-menu-reply-all","$v":"Odpovědět všem"},{"$i":"message-reply-menu-forward","$v":"Přeposlat"},{"$i":"message-reply-menu-cancel","$v":"Zrušit"},{"$i":"reply-quoting-wrote","$v":"{name} napsal/a"},{"$i":"forward-original-message","$v":"Původní zpráva"},{"$i":"forward-header-subject","$v":"Předmět"},{"$i":"forward-header-date","$v":"Datum"},{"$i":"forward-header-from","$v":"Od"},{"$i":"forward-header-reply-to","$v":"Odpovědět"},{"$i":"forward-header-to","$v":"Komu"},{"$i":"forward-header-cc","$v":"Kopie"},{"$i":"folder-inbox","$v":"Doručená"},{"$i":"folder-sent","$v":"Odeslaná"},{"$i":"folder-drafts","$v":"Koncepty"},{"$i":"folder-trash","$v":"Koš"},{"$i":"folder-queue","$v":"Neodeslaná"},{"$i":"folder-junk","$v":"Nevyžádaná"},{"$i":"folder-archives","$v":"Archiv"},{"$i":"folder-localdrafts","$v":"Místní koncepty"},{"$i":"folder-outbox","$v":"K odeslání"},{"$i":"drawer-back","$v":"Zpět"},{"$i":"drawer-accounts-header","$v":"Účty"},{"$i":"drawer-settings-link","$v":"Nastavení"},{"$i":"folder-last-synced-label","$v":"Poslední synchronizace:"},{"$i":"messages-refresh-button","ariaLabel":"Refresh"},{"$i":"messages-refresh-progress","ariaValueText":"Refreshing"},{"$i":"edit-button","ariaLabel":"Edit"},{"$i":"message-list-top-action","$v":"Nahoru"},{"$i":"message-list-menu","ariaLabel":"Folders and settings"},{"$i":"message-list-compose","ariaLabel":"Compose"},{"$i":"toaster-undo","$v":"Zpět"},{"$i":"toaster-message-star","$v":{"one":"U zprávy přidána hvězdička","two":"U dvou zpráv přidána hvězdička","few":["U ",{"t":"idOrVar","v":"n"}," zpráv přidána hvězdička"],"many":["U ",{"t":"idOrVar","v":"n"}," zpráv přidána hvězdička"],"other":["U ",{"t":"idOrVar","v":"n"}," zpráv přidána hvězdička"]},"$x":[{"t":"idOrVar","v":"plural"},"n"]},{"$i":"toaster-message-unstar","$v":{"one":"U zprávy odebrána hvězdička","two":"U dvou zpráv odebrána hvězdička","few":["U ",{"t":"idOrVar","v":"n"}," zpráv odebrána hvězdička"],"many":["U ",{"t":"idOrVar","v":"n"}," zpráv odebrána hvězdička"],"other":["U ",{"t":"idOrVar","v":"n"}," zpráv odebrána hvězdička"]},"$x":[{"t":"idOrVar","v":"plural"},"n"]},{"$i":"toaster-message-read","$v":{"one":"Zpráva označena jako přečtená","two":"Dvě zprávy označeny jako přečtené","few":[{"t":"idOrVar","v":"n"}," zprávy označeny jako přečtené"],"many":[{"t":"idOrVar","v":"n"}," zpráv označeno jako přečtené"],"other":[{"t":"idOrVar","v":"n"}," zpráv označeno jako přečtené"]},"$x":[{"t":"idOrVar","v":"plural"},"n"]},{"$i":"toaster-message-unread","$v":{"one":"Zpráva označena jako nepřečtená","two":"Dvě zprávy označeny jako nepřečtené","few":[{"t":"idOrVar","v":"n"}," zprávy označeny jako nepřečtené"],"many":[{"t":"idOrVar","v":"n"}," zpráv označeno jako nepřečtené"],"other":[{"t":"idOrVar","v":"n"}," zpráv označeno jako nepřečtené"]},"$x":[{"t":"idOrVar","v":"plural"},"n"]},{"$i":"toaster-message-move","$v":{"one":"Zpráva přesunuta","two":"Dvě zprávy přesunuty","few":[{"t":"idOrVar","v":"n"}," zprávy přesunuty"],"many":[{"t":"idOrVar","v":"n"}," zpráv přesunuto"],"other":[{"t":"idOrVar","v":"n"}," zpráv přesunuto"]},"$x":[{"t":"idOrVar","v":"plural"},"n"]},{"$i":"toaster-message-delete","$v":{"one":"Zpráva smazána","two":"Dvě zprávy smazány","few":[{"t":"idOrVar","v":"n"}," zprávy smazány"],"many":[{"t":"idOrVar","v":"n"}," zpráv smazáno"],"other":[{"t":"idOrVar","v":"n"}," zpráv smazáno"]},"$x":[{"t":"idOrVar","v":"plural"},"n"]},{"$i":"toaster-retryable-syncfailed","$v":"Nepodařilo se připojit k serveru"},{"$i":"compose-invalid-addresses-title","$v":"Neplatné adresy"},{"$i":"compose-invalid-addresses-description","$v":"Vaše zpráva obsahuje jednu nebo více neplatných e-mailových adres. Před odesláním je prosím opravte."},{"$i":"background-send-pending","$v":"Síť není dostupná. E-mail uložen k pozdějšímu odeslání."},{"$i":"background-send-sending","$v":"Probíhá odesílání e-mailu…"},{"$i":"background-send-success","$v":"E-mail odeslán."},{"$i":"background-send-error","$v":"Nastala chyba. E-mail byl uložen k pozdějšímu odeslání."},{"$i":"background-send-error-recipients","$v":"Chybný příjemce. E-mail uložen k pozdějšímu odeslání. "},{"$i":"background-send-error-title","$v":"Odeslání e-mailu selhalo"},{"$i":"send-failure-recipients","$v":"Zkontrolujte správnost adres výše. Váš poštovní server si myslí, že jedna či více adres uvedených výše není platná."},{"$i":"send-failure-unknown","$v":"Zpráva nemohla být odeslána."},{"$i":"form-clear-input","$v":"Odebrat text"},{"$i":"confirm-dialog-title","$v":"Potvrzení"},{"$i":"senders-separation-sign","$v":", "},{"$i":"new-messages","$v":{"one":"1 nový e-mail","two":[{"t":"idOrVar","v":"n"}," nové e-maily"],"few":[{"t":"idOrVar","v":"n"}," nové e-maily"],"many":[{"t":"idOrVar","v":"n"}," nových e-mailů"],"other":[{"t":"idOrVar","v":"n"}," nových e-mailů"]},"$x":[{"t":"idOrVar","v":"plural"},"n"]},{"$i":"notification-no-subject","$v":"(no subject)"},{"$i":"new-emails-notify-one-account","$v":{"one":"1 nový e-mail","two":[{"t":"idOrVar","v":"n"}," nové e-maily"],"few":[{"t":"idOrVar","v":"n"}," nové e-maily"],"many":[{"t":"idOrVar","v":"n"}," nových e-mailů"],"other":[{"t":"idOrVar","v":"n"}," nových e-mailů"]},"$x":[{"t":"idOrVar","v":"plural"},"n"]},{"$i":"new-emails-notify-multiple-accounts","$v":{"one":["1 nový e-mail (",{"t":"idOrVar","v":"accountName"},")"],"two":[{"t":"idOrVar","v":"n"}," nové e-maily (",{"t":"idOrVar","v":"accountName"},")"],"few":[{"t":"idOrVar","v":"n"}," nové e-maily (",{"t":"idOrVar","v":"accountName"},")"],"many":[{"t":"idOrVar","v":"n"}," nových e-mailů (",{"t":"idOrVar","v":"accountName"},")"],"other":[{"t":"idOrVar","v":"n"}," nových e-mailů (",{"t":"idOrVar","v":"accountName"},")"]},"$x":[{"t":"idOrVar","v":"plural"},"n"]},{"$i":"new-emails-notify-multiple-accounts-body","$v":[{"t":"idOrVar","v":"from"}," “",{"t":"idOrVar","v":"subject"},"”"]},{"$i":"tng-plain-socket-warning-title","$v":"Are you sure?"},{"$i":"tng-plain-socket-warning-message","$v":"Other people may be able to see your passwords and emails or control your account."},{"$i":"tng-plain-socket-warning-message-options","$v":"There are multiple, free email providers that offer more secure, encrypted connections."},{"$i":"tng-plain-socket-learn-more","$v":"Learn more"},{"$i":"tng-plain-socket-warning-ok","$v":"I understand"},{"$i":"message-reader-next-button","ariaLabel":"Next"},{"$i":"message-reader-previous-button","ariaLabel":"Previous"},{"$i":"message-reader-date-received","ariaLabel":"Received"},{"$i":"weekday-0-long","$v":"Neděle"},{"$i":"weekday-1-long","$v":"Pondělí"},{"$i":"weekday-2-long","$v":"Úterý"},{"$i":"weekday-3-long","$v":"Středa"},{"$i":"weekday-4-long","$v":"Čtvrtek"},{"$i":"weekday-5-long","$v":"Pátek"},{"$i":"weekday-6-long","$v":"Sobota"},{"$i":"weekday-0-short","$v":"Ne"},{"$i":"weekday-1-short","$v":"Po"},{"$i":"weekday-2-short","$v":"Út"},{"$i":"weekday-3-short","$v":"St"},{"$i":"weekday-4-short","$v":"Čt"},{"$i":"weekday-5-short","$v":"Pá"},{"$i":"weekday-6-short","$v":"So"},{"$i":"month-0-long","$v":"Leden"},{"$i":"month-1-long","$v":"Únor"},{"$i":"month-2-long","$v":"Březen"},{"$i":"month-3-long","$v":"Duben"},{"$i":"month-4-long","$v":"Květen"},{"$i":"month-5-long","$v":"Červen"},{"$i":"month-6-long","$v":"Červenec"},{"$i":"month-7-long","$v":"Srpen"},{"$i":"month-8-long","$v":"Září"},{"$i":"month-9-long","$v":"Říjen"},{"$i":"month-10-long","$v":"Listopad"},{"$i":"month-11-long","$v":"Prosinec"},{"$i":"month-0-genitive","$v":"Leden"},{"$i":"month-1-genitive","$v":"Únor"},{"$i":"month-2-genitive","$v":"Březen"},{"$i":"month-3-genitive","$v":"Duben"},{"$i":"month-4-genitive","$v":"Květen"},{"$i":"month-5-genitive","$v":"Červen"},{"$i":"month-6-genitive","$v":"Červenec"},{"$i":"month-7-genitive","$v":"Srpen"},{"$i":"month-8-genitive","$v":"Září"},{"$i":"month-9-genitive","$v":"Říjen"},{"$i":"month-10-genitive","$v":"Listopad"},{"$i":"month-11-genitive","$v":"Prosinec"},{"$i":"month-0-short","$v":"leden"},{"$i":"month-1-short","$v":"únor"},{"$i":"month-2-short","$v":"březen"},{"$i":"month-3-short","$v":"duben"},{"$i":"month-4-short","$v":"květen"},{"$i":"month-5-short","$v":"červen"},{"$i":"month-6-short","$v":"červenec"},{"$i":"month-7-short","$v":"srpen"},{"$i":"month-8-short","$v":"září"},{"$i":"month-9-short","$v":"říjen"},{"$i":"month-10-short","$v":"listopad"},{"$i":"month-11-short","$v":"prosinec"},{"$i":"minutes-ago-long","$v":{"zero":"právě teď","one":"před minutou","two":"před 2 minutami","few":["před ",{"t":"idOrVar","v":"value"}," minutami"],"many":["před ",{"t":"idOrVar","v":"value"}," minutami"],"other":["před ",{"t":"idOrVar","v":"value"}," minutami"]},"$x":[{"t":"idOrVar","v":"plural"},"value"]},{"$i":"hours-ago-long","$v":{"zero":"právě teď","one":"před hodinou","two":"před 2 hodinami","few":["před ",{"t":"idOrVar","v":"value"}," hodinami"],"many":["před ",{"t":"idOrVar","v":"value"}," hodinami"],"other":["před ",{"t":"idOrVar","v":"value"}," hodinami"]},"$x":[{"t":"idOrVar","v":"plural"},"value"]},{"$i":"days-ago-long","$v":{"zero":"dnes","one":"včera","two":"předevčírem","few":["před ",{"t":"idOrVar","v":"value"}," dny"],"many":["před ",{"t":"idOrVar","v":"value"}," dny"],"other":["před ",{"t":"idOrVar","v":"value"}," dny"]},"$x":[{"t":"idOrVar","v":"plural"},"value"]},{"$i":"weeks-ago-long","$v":{"zero":"tento týden","one":"minutý týden","two":["před ",{"t":"idOrVar","v":"value"}," týdny"],"few":["před ",{"t":"idOrVar","v":"value"}," týdny"],"many":["před ",{"t":"idOrVar","v":"value"}," týdny"],"other":["před ",{"t":"idOrVar","v":"value"}," týdny"]},"$x":[{"t":"idOrVar","v":"plural"},"value"]},{"$i":"months-ago-long","$v":{"zero":"tento měsíc","one":"minulý měsíc","two":["před ",{"t":"idOrVar","v":"value"}," měsíci"],"few":["před ",{"t":"idOrVar","v":"value"}," měsíci"],"many":["před ",{"t":"idOrVar","v":"value"}," měsíci"],"other":["před ",{"t":"idOrVar","v":"value"}," měsíci"]},"$x":[{"t":"idOrVar","v":"plural"},"value"]},{"$i":"years-ago-long","$v":{"zero":"tento rok","one":"minulý rok","two":["před ",{"t":"idOrVar","v":"value"}," roky"],"few":["před ",{"t":"idOrVar","v":"value"}," roky"],"many":["před ",{"t":"idOrVar","v":"value"}," roky"],"other":["před ",{"t":"idOrVar","v":"value"}," roky"]},"$x":[{"t":"idOrVar","v":"plural"},"value"]},{"$i":"minutes-until-long","$v":{"zero":"nyní","one":"za minutu","two":"za 2 minuty","few":["za ",{"t":"idOrVar","v":"value"}," minuty"],"many":["za ",{"t":"idOrVar","v":"value"}," minut"],"other":["za ",{"t":"idOrVar","v":"value"}," minut"]},"$x":[{"t":"idOrVar","v":"plural"},"value"]},{"$i":"hours-until-long","$v":{"zero":"nyní","one":"za hodinu","two":"za 2 hodiny","few":["za ",{"t":"idOrVar","v":"value"}," hodiny"],"many":["za ",{"t":"idOrVar","v":"value"}," hodin"],"other":["za ",{"t":"idOrVar","v":"value"}," hodin"]},"$x":[{"t":"idOrVar","v":"plural"},"value"]},{"$i":"days-until-long","$v":{"zero":"dnes","one":"zítra","two":"pozítří","few":["za ",{"t":"idOrVar","v":"value"}," dny"],"many":["za ",{"t":"idOrVar","v":"value"}," dnů"],"other":["za ",{"t":"idOrVar","v":"value"}," dnů"]},"$x":[{"t":"idOrVar","v":"plural"},"value"]},{"$i":"weeks-until-long","$v":{"zero":"tento týden","one":"příští týden","two":["za ",{"t":"idOrVar","v":"value"}," týdny"],"few":["za ",{"t":"idOrVar","v":"value"}," týdny"],"many":["za ",{"t":"idOrVar","v":"value"}," týdnů"],"other":["za ",{"t":"idOrVar","v":"value"}," týdnů"]},"$x":[{"t":"idOrVar","v":"plural"},"value"]},{"$i":"months-until-long","$v":{"zero":"tento měsíc","one":"příští měsíc","two":["za ",{"t":"idOrVar","v":"value"}," měsíce"],"few":["za ",{"t":"idOrVar","v":"value"}," měsíce"],"many":["za ",{"t":"idOrVar","v":"value"}," měsíců"],"other":["za ",{"t":"idOrVar","v":"value"}," měsíců"]},"$x":[{"t":"idOrVar","v":"plural"},"value"]},{"$i":"years-until-long","$v":{"zero":"tento rok","one":"příští rok","two":["za ",{"t":"idOrVar","v":"value"}," roky"],"few":["za ",{"t":"idOrVar","v":"value"}," roky"],"many":["za ",{"t":"idOrVar","v":"value"}," roků"],"other":["za ",{"t":"idOrVar","v":"value"}," roků"]},"$x":[{"t":"idOrVar","v":"plural"},"value"]},{"$i":"minutes-ago-short","$v":{"zero":"právě teď","other":["před ",{"t":"idOrVar","v":"value"}," min"]},"$x":[{"t":"idOrVar","v":"plural"},"value"]},{"$i":"hours-ago-short","$v":{"zero":"právě teď","other":["před ",{"t":"idOrVar","v":"value"}," hod"]},"$x":[{"t":"idOrVar","v":"plural"},"value"]},{"$i":"days-ago-short","$v":{"zero":"dnes","other":["před ",{"t":"idOrVar","v":"value"}," dny"]},"$x":[{"t":"idOrVar","v":"plural"},"value"]},{"$i":"minutes-until-short","$v":{"zero":"nyní","other":["za ",{"t":"idOrVar","v":"value"}," min"]},"$x":[{"t":"idOrVar","v":"plural"},"value"]},{"$i":"hours-until-short","$v":{"zero":"nyní","other":["za ",{"t":"idOrVar","v":"value"}," hod"]},"$x":[{"t":"idOrVar","v":"plural"},"value"]},{"$i":"days-until-short","$v":{"zero":"dnes","other":["za ",{"t":"idOrVar","v":"value"}," dny"]},"$x":[{"t":"idOrVar","v":"plural"},"value"]},{"$i":"incorrectDate","$v":"(neplatné datum)"},{"$i":"dateTimeFormat_%c","$v":"%a %e. %b %Y %H:%M:%S"},{"$i":"dateTimeFormat_%x","$v":"%e. %m. %Y"},{"$i":"dateTimeFormat_%X","$v":"%H:%M:%S"},{"$i":"shortTimeFormat","$v":"%H:%M"},{"$i":"shortTimeFormat12","$v":"%I:%M"},{"$i":"shortTimeFormat24","$v":"%H:%M"},{"$i":"shortDateTimeFormat","$v":"%x %H:%M"},{"$i":"weekStartsOnMonday","$v":"1"},{"$i":"firstDayOfTheWeek","$v":"0"},{"$i":"time_am","$v":"AM"},{"$i":"time_pm","$v":"PM"}]