[{"$i":"back-button","ariaLabel":"Tilbage"},{"$i":"close-button","ariaLabel":"Luk"},{"$i":"setup-app-name-header","$v":"Mail"},{"$i":"setup-empty-account-message","$v":"You are not set up to send or receive email. Set up an account to complete the action."},{"$i":"setup-pick-service","$v":"Du skal opsætte en konto for at kunne sende og modtage mail."},{"$i":"setup-account-header3","$v":"Ny konto"},{"$i":"setup-account-enter-password","$v":"Indtast adgangskode til:"},{"$i":"setup-info-name","placeholder":"Dit navn"},{"$i":"setup-info-email","placeholder":"mail@eksempel.dk"},{"$i":"setup-info-password","placeholder":"Adgangskode"},{"$i":"setup-info-next","$v":"Næste"},{"$i":"setup-progress-wait-msg","$v":"Opsætter konto"},{"$i":"setup-completed-header","$v":"Opret mailkonto"},{"$i":"setup-completed-label","$v":"Færdig!"},{"$i":"setup-add-another-account","$v":"Tilføj en konto"},{"$i":"setup-show-mail","$v":"Fortsæt til Mail"},{"$i":"setup-error-offline","$v":"Enheden er offline. Opret forbindelse til nettet og prøv igen."},{"$i":"setup-error-bad-user-or-pass2","$v":"Ugyldigt brugernavn eller adgangskode. Kontroller for tastefejl."},{"$i":"setup-error-bad-address","$v":"Ugyldig mailadresse. Kontroller for tastefejl."},{"$i":"setup-error-not-authorized","$v":"Serveren oplyser, at du ikke har tilladelse til at oprette en konto"},{"$i":"setup-error-pop-server-not-great","$v":"Serveren er ikke understøttet. POP3-serveren gennemfører ikke de nødvendige funktioner."},{"$i":"setup-error-unknown2","$v":"En ukendt fejl opstod. Kontroller din forbindelse til nettet, eller benyt manuel opsætning."},{"$i":"setup-error-needs-app-pass","$v":"Du skal bruge en program-specifik adgangskode til Gmail-konti med totrinsbekræftelse"},{"$i":"setup-error-imap-disabled","$v":"Du skal aktivere IMAP på din Gmail-konto"},{"$i":"setup-error-pop3-disabled","$v":"Du skal aktivere POP3 på din Gmail-konto"},{"$i":"setup-error-bad-security","$v":["Kunne ikke oprette en sikker forbindelse til \"",{"t":"idOrVar","v":"server"},"\". Der kan være problemer med din netforbindelse eller med serveren."]},{"$i":"setup-error-unresponsive-server","$v":["Kunne ikke oprette forbindelse til \"",{"t":"idOrVar","v":"server"},"\". Der kan være problemer med din netforbindelse."]},{"$i":"setup-error-server-problem","$v":["Der opstod et problem med serveren \"",{"t":"idOrVar","v":"server"},"\". Prøv igen senere."]},{"$i":"setup-error-no-config-info","$v":"Kunne ikke opsætte din konto automatisk. Ret din mailadresse, eller benyt manuel opsætning."},{"$i":"setup-error-server-maintenance","$v":["Serveren \"",{"t":"idOrVar","v":"server"},"\" er offline pga. vedligeholdelse. Prøv igen senere."]},{"$i":"setup-error-account-already-exists","$v":"Denne konto er allerede oprettet."},{"$i":"setup-manual-config2","$v":"Manuel opsætning"},{"$i":"setup-manual-config-header","$v":"Manuel opsætning"},{"$i":"setup-manual-account-type","$v":"Kontotype"},{"$i":"setup-manual-account-type-select","ariaLabel":"Kontotype"},{"$i":"setup-manual-imap-header","$v":"IMAP-indstillinger"},{"$i":"setup-manual-pop3-header","$v":"POP3-indstillinger"},{"$i":"setup-manual-smtp-header","$v":"SMTP-indstillinger"},{"$i":"setup-manual-activesync-header","$v":"ActiveSync-indstillinger"},{"$i":"setup-manual-next","$v":"Næste"},{"$i":"setup-manual-socket","$v":"Socket-type"},{"$i":"setup-manual-socket-ssl","$v":"SSL"},{"$i":"setup-manual-socket-starttls","$v":"STARTTLS"},{"$i":"setup-manual-socket-select","ariaLabel":"Forbindelsessikkerhed"},{"$i":"setup-manual-socket-plain","$v":"Ikke krypteret (usikker forbindelse)"},{"$i":"setup-manual-hostname","placeholder":"Værtsnavn"},{"$i":"setup-manual-port","placeholder":"Portnummer"},{"$i":"setup-manual-username","placeholder":"Brugernavn"},{"$i":"setup-manual-activesync-username","placeholder":"Domæne\\Brugernavn"},{"$i":"setup-bad-password-header","$v":"Ugyldig adgangskode!"},{"$i":"setup-bad-password","$v":"Vi kunne ikke logge ind på serveren. Måske er din adgangskode forkert??"},{"$i":"setup-new-password","placeholder":"Ny adgangskode"},{"$i":"setup-fix-password","$v":"Prøv med en ny adgangskode"},{"$i":"setup-gmail-twofactor-header","$v":"Totrinsbekræftelse aktiveret"},{"$i":"setup-gmail-twofactor-message","$v":"Du skal indtaste en program-specifik adgangskode nedenfor."},{"$i":"setup-gmail-twofactor-fix","$v":"Brug program-specifik adgangskode"},{"$i":"setup-gmail-imap-header","$v":"IMAP deaktiveret"},{"$i":"setup-gmail-imap-message","$v":"Du skal aktivere IMAP på din Gmail-konto"},{"$i":"setup-gmail-imap-retry","$v":"Prøv igen"},{"$i":"setup-gmail-pop3-header","$v":"POP3 deaktiveret"},{"$i":"setup-gmail-pop3-message","$v":"Du skal aktivere POP3 på din Gmail-konto"},{"$i":"setup-gmail-pop3-retry","$v":"Prøv igen"},{"$i":"setup-fix-oauth2-header","$v":"Godkend mail-app'en igen"},{"$i":"setup-fix-oauth2-description","$v":"Du skal godkende mail igen for at få adgang til kontoen:"},{"$i":"setup-fix-oauth2-reauthorize","$v":"Godkend igen"},{"$i":"settings-main-header","$v":"Mailindstillinger"},{"$i":"settings-sub-header-account","$v":"Konto"},{"$i":"settings-account-group","ariaLabel":"Konto"},{"$i":"settings-account-name","$v":"Dit navn"},{"$i":"settings-account-display-notifications","$v":"Giv besked ved nye meddelelser"},{"$i":"settings-account-play-sound-onsend","$v":"Afspil lyd, når meddelelsen er sendt"},{"$i":"settings-empty-signature-label","$v":"Tryk for at redigere"},{"$i":"settings-account-signature-label","$v":"Signatur"},{"$i":"settings-account-signature-textbox","ariaLabel":"Signatur"},{"$i":"signature-save","$v":"Gem signatur"},{"$i":"signature-discard-confirm","$v":"Slet"},{"$i":"settings-sub-header-data","$v":"Data"},{"$i":"settings-data-group","ariaLabel":"Data"},{"$i":"settings-account-check-mail","$v":"Kontroller for nye meddelelser"},{"$i":"settings-account-check-mail-select","ariaLabel":"Kontroller for nye meddelelser"},{"$i":"settings-sub-header-server","$v":"Serverindstillinger"},{"$i":"settings-server-group","ariaLabel":"Serverindstillinger"},{"$i":"settings-account-userpass","$v":"Brugernavn og adgangskode"},{"$i":"settings-account-useroauth2","$v":"Brugernavn"},{"$i":"settings-default-signature-2","$v":"Sendt fra min Firefox OS-enhed"},{"$i":"settings-done","$v":"Færdig"},{"$i":"settings-account-section","$v":"Konti"},{"$i":"settings-account-listbox","ariaLabel":"Konti"},{"$i":"settings-account-add","$v":"Tilføj konto"},{"$i":"settings-account-delete","$v":"Slet konto"},{"$i":"settings-account-delete-prompt","$v":["Er du sikker på, at du vil slette kontoen ",{"t":"idOrVar","v":"account"},"? Du skal hente dine mails igen, hvis du senere genopretter kontoen."]},{"$i":"settings-account-delete-cancel","$v":"Annuller"},{"$i":"settings-account-delete-confirm","$v":"Slet"},{"$i":"settings-account-clarify-imap","$v":[{"t":"idOrVar","v":"account-name"}," (IMAP)"]},{"$i":"settings-account-clarify-pop3","$v":[{"t":"idOrVar","v":"account-name"}," (POP3)"]},{"$i":"settings-account-clarify-smtp","$v":[{"t":"idOrVar","v":"account-name"}," (SMTP)"]},{"$i":"settings-general-section","$v":"Generelle indstillinger"},{"$i":"settings-show-images","$v":"Vis altid billeder"},{"$i":"settings-download-attachments","$v":"Hent vedhæftede filer"},{"$i":"settings-check-every-5min","$v":"Hvert 5. minut"},{"$i":"settings-check-every-10min","$v":"Hvert 10. minut"},{"$i":"settings-check-every-15min","$v":"Hvert 15. minut"},{"$i":"settings-check-every-30min","$v":"Hvert 30. minut"},{"$i":"settings-check-every-60min","$v":"Hver time"},{"$i":"settings-check-every-manual","$v":"Manuelt"},{"$i":"settings-check-dynamic","$v":{"zero":"deaktiveret","one":[{"t":"idOrVar","v":"n"}," sekund"],"two":[{"t":"idOrVar","v":"n"}," sekunder"],"few":[{"t":"idOrVar","v":"n"}," sekunder"],"many":[{"t":"idOrVar","v":"n"}," sekunder"],"other":[{"t":"idOrVar","v":"n"}," sekunder"]},"$x":[{"t":"idOrVar","v":"plural"},"n"]},{"$i":"settings-default-account","$v":"Brug som standard til mail"},{"$i":"settings-account-type","$v":"Kontotype"},{"$i":"settings-account-credentials","$v":"Login-oplysninger"},{"$i":"settings-activesync-label","$v":"ActiveSync-indstillinger"},{"$i":"settings-imap-label","$v":"IMAP-indstillinger"},{"$i":"settings-pop3-label","$v":"POP3-indstillinger"},{"$i":"settings-smtp-label","$v":"SMTP-indstillinger"},{"$i":"settings-hostname","$v":"Værtsnavn"},{"$i":"settings-port","$v":"Port"},{"$i":"settings-username","$v":"Brugernavn"},{"$i":"settings-password","$v":"Adgangskode"},{"$i":"settings-save","$v":"Gem"},{"$i":"settings-password-empty","$v":"Adgangskodefeltet må ikke være tomt"},{"$i":"settings-reauth","$v":"Godkend igen"},{"$i":"settings-account-synchronize-window","$v":"Dage til synkronisering"},{"$i":"settings-account-synchronize-window-select","ariaLabel":"Dage til synkronisering"},{"$i":"settings-synchronize-auto","$v":"Automatisk"},{"$i":"settings-synchronize-one-day","$v":"1 dag"},{"$i":"settings-synchronize-three-days","$v":"3 dage"},{"$i":"settings-synchronize-one-week","$v":"1 uge"},{"$i":"settings-synchronize-two-weeks","$v":"2 uger"},{"$i":"settings-synchronize-one-month","$v":"1 måned"},{"$i":"settings-synchronize-all","$v":"Alle mails"},{"$i":"envelope-from","$v":"Fra"},{"$i":"envelope-to","$v":"Til"},{"$i":"envelope-cc","$v":"Cc"},{"$i":"envelope-bcc","$v":"Bcc"},{"$i":"message-header-state-sending","ariaLabel":"Sender"},{"$i":"message-header-state-error","ariaLabel":"Der opstod en fejl ved afsendelse"},{"$i":"message-header-unread","ariaLabel":"Ulæst"},{"$i":"message-header-starred","ariaLabel":"Stjernemarkeret"},{"$i":"message-header-attachments","ariaLabel":"Vedhæftede filer"},{"$i":"message-body-container","ariaLabel":"Meddelelsens indhold"},{"$i":"message-body-container-progress","ariaValueText":"Indlæser"},{"$i":"subject","ariaLabel":"Emne"},{"$i":"message-delete-button","ariaLabel":"Slet"},{"$i":"message-star-button","ariaLabel":"Marker med stjerne"},{"$i":"message-unstar-button","ariaLabel":"Fjern stjerne"},{"$i":"message-mark-read-button","ariaLabel":"Marker som læst"},{"$i":"message-mark-unread-button","ariaLabel":"Marker som ulæst"},{"$i":"message-move-button","ariaLabel":"Flyt"},{"$i":"message-reply-forward-button","ariaLabel":"Besvar eller videresend"},{"$i":"download-button","ariaLabel":"Hent"},{"$i":"downloading-progress","ariaValueText":"Henter"},{"$i":"view-button","ariaLabel":"Vis"},{"$i":"attachments-container","ariaLabel":"Vedhæftede filer"},{"$i":"from-group","ariaLabel":"Fra"},{"$i":"to-group","ariaLabel":"Til"},{"$i":"cc-group","ariaLabel":"cc"},{"$i":"bcc-group","ariaLabel":"bcc"},{"$i":"compose-header","$v":"Skriv mail"},{"$i":"compose-header-short","$v":"Skriv"},{"$i":"compose-send","$v":"Send"},{"$i":"compose-send-button","ariaLabel":"Send"},{"$i":"compose-to","$v":"Til"},{"$i":"compose-cc","$v":"cc"},{"$i":"compose-bcc","$v":"bcc"},{"$i":"compose-contact-add","ariaLabel":"Tilføj kontakt"},{"$i":"compose-attachments-container","ariaLabel":{"$x":[{"t":"idOrVar","v":"plural"},"kilobytes"],"$v":{"zero":"Vedhæftede filer","one":["Vedhæftet fil: ",{"t":"idOrVar","v":"kilobytes"}," K"],"two":["Vedhæftede filer: ",{"t":"idOrVar","v":"kilobytes"}," K"],"few":["Vedhæftede filer: ",{"t":"idOrVar","v":"kilobytes"}," K"],"many":["Vedhæftede filer: ",{"t":"idOrVar","v":"kilobytes"}," K"],"other":["Vedhæftede filer: ",{"t":"idOrVar","v":"kilobytes"}," K"]}}},{"$i":"compose-attachment-remove","ariaLabel":"Fjern"},{"$i":"compose-attachment-button","ariaLabel":"Vedhæft"},{"$i":"compose-attachments","$v":{"zero":"Vedhæftede filer","one":[{"t":"idOrVar","v":"n"}," vedhæftet fil"],"two":[{"t":"idOrVar","v":"n"}," vedhæftede filer"],"few":[{"t":"idOrVar","v":"n"}," vedhæftede filer"],"many":[{"t":"idOrVar","v":"n"}," vedhæftede filer"],"other":[{"t":"idOrVar","v":"n"}," vedhæftede filer"]},"$x":[{"t":"idOrVar","v":"plural"},"n"]},{"$i":"compose-text","ariaLabel":"Rediger"},{"$i":"compose-attachment-still-working","$v":"Øjeblik, arbejder stadig med den forrige vedhæftning…"},{"$i":"compose-subject","$v":"Emne"},{"$i":"compose-draft-save","$v":"Gem som lokal kladde"},{"$i":"compose-discard-confirm","$v":"Slet"},{"$i":"compose-send-message-failed","$v":"Afsendelse af mail mislykkedes"},{"$i":"composer-attachment-large","$v":"Den vedhæftede fil er for stor"},{"$i":"composer-attachments-large","$v":"De vedhæftede filer er for store"},{"$i":"compose-attchment-size-exceeded","$v":"Den markerede vedhæftede fil er for stor til at kunne sendes med denne mail."},{"$i":"compose-attchments-size-exceeded","$v":"De markerede vedhæftede filer er for store til at kunne sendes med denne mail. Prøv med færre filer."},{"$i":"dialog-button-ok","$v":"OK"},{"$i":"default-attachment-filename","$v":["vedhæftning",{"t":"idOrVar","v":"n"}]},{"$i":"attachment-size-kib","$v":[{"t":"idOrVar","v":"kilobytes"},"K"]},{"$i":"message-attachment-view","$v":"Vis"},{"$i":"message-attachment-did-not-open-label","$v":"Unable to open"},{"$i":"message-attachment-did-not-open-body","$v":"The device does not have an app that can open the attachment."},{"$i":"message-attachment-too-large","$v":"Denne fil er for stor til at hente."},{"$i":"message-no-subject","$v":"(intet emne)"},{"$i":"message-edit-menu-edit","$v":"Rediger"},{"$i":"message-edit-menu-delete","$v":"Slet"},{"$i":"message-edit-delete-confirm","$v":"Slet mail?"},{"$i":"message-send-attachment-disabled-confirm","$v":"Vedhæftede filer kan ikke videresendes."},{"$i":"message-multiedit-header","$v":{"zero":"Rediger","one":[{"t":"idOrVar","v":"n"}," valgt"],"two":[{"t":"idOrVar","v":"n"}," valgt"],"few":[{"t":"idOrVar","v":"n"}," valgt"],"many":[{"t":"idOrVar","v":"n"}," valgt"],"other":[{"t":"idOrVar","v":"n"}," valgt"]},"$x":[{"t":"idOrVar","v":"plural"},"n"]},{"$i":"browse-to-url-prompt","$v":["Åbn websted: ",{"t":"idOrVar","v":"url"}]},{"$i":"message-download-images-tap","$v":{"one":"Denne mail indeholder et billede. Tryk for at hente.","two":["Denne mail indeholder ",{"t":"idOrVar","v":"n"}," billeder. Tryk for at hente."],"few":["Denne mail indeholder ",{"t":"idOrVar","v":"n"}," billeder. Tryk for at hente."],"many":["Denne mail indeholder ",{"t":"idOrVar","v":"n"}," billeder. Tryk for at hente."],"other":["Denne mail indeholder ",{"t":"idOrVar","v":"n"}," billeder. Tryk for at hente."]},"$x":[{"t":"idOrVar","v":"plural"},"n"]},{"$i":"message-show-external-images","$v":"Vis eksterne billeder"},{"$i":"message-multiedit-cancel","$v":"Annuller"},{"$i":"message-multiedit-delete-confirm","$v":{"one":"Slet denne mail?","two":["Slet ",{"t":"idOrVar","v":"n"}," mails?"],"few":["Slet ",{"t":"idOrVar","v":"n"}," mails?"],"many":["Slet ",{"t":"idOrVar","v":"n"}," mails?"],"other":["Slet ",{"t":"idOrVar","v":"n"}," mails?"]},"$x":[{"t":"idOrVar","v":"plural"},"n"]},{"$i":"message-large-message-cancel","$v":"Annuller"},{"$i":"message-large-message-ok","$v":"Fortsæt"},{"$i":"message-large-message-confirm","$v":"Denne mail er stor og kan tage lidt tid at hente."},{"$i":"message-search-from","$v":"Fra"},{"$i":"message-search-to","$v":"Til"},{"$i":"message-search-subject","$v":"Emne"},{"$i":"message-search-body","$v":"Indhold"},{"$i":"message-search-all","$v":"Alt"},{"$i":"message-search-input","placeholder":"Søg efter mail"},{"$i":"message-search-cancel","$v":"Annuller"},{"$i":"messages-syncing","$v":"Indlæser mails"},{"$i":"messages-load-more","$v":"Hent flere meddelelser"},{"$i":"messages-folder-empty","$v":"Ingen mail i denne mappe"},{"$i":"messages-search-empty","$v":"Ingen forekomster i lokalt gemte mails"},{"$i":"messages-folder-select","$v":"Vælg mappe"},{"$i":"messages-folder-unread-max","$v":"999+"},{"$i":"message-contact-menu-create","$v":"Gem ny kontakt"},{"$i":"message-contact-menu-add-existing","$v":"Føj til eksisterende kontakt"},{"$i":"message-contact-menu-view","$v":"Vis kontakt"},{"$i":"message-contact-menu-reply","$v":"Svar"},{"$i":"message-contact-menu-new","$v":"Send ny mail"},{"$i":"message-reply-menu-reply","$v":"Svar"},{"$i":"message-reply-menu-reply-all","$v":"Svar alle"},{"$i":"message-reply-menu-forward","$v":"Videresend"},{"$i":"message-reply-menu-cancel","$v":"Annuller"},{"$i":"reply-quoting-wrote","$v":"{name} skrev"},{"$i":"forward-original-message","$v":"Oprindelig mail"},{"$i":"forward-header-subject","$v":"Subject"},{"$i":"forward-header-date","$v":"Date"},{"$i":"forward-header-from","$v":"From"},{"$i":"forward-header-reply-to","$v":"Reply-To"},{"$i":"forward-header-to","$v":"To"},{"$i":"forward-header-cc","$v":"Cc"},{"$i":"folder-inbox","$v":"Indbakke"},{"$i":"folder-sent","$v":"Sendt"},{"$i":"folder-drafts","$v":"Kladder"},{"$i":"folder-trash","$v":"Papirkurv"},{"$i":"folder-queue","$v":"Ikke-sendte"},{"$i":"folder-junk","$v":"Spam"},{"$i":"folder-archives","$v":"Arkiv"},{"$i":"folder-localdrafts","$v":"Lokale kladder"},{"$i":"folder-outbox","$v":"Udbakke"},{"$i":"drawer-back","$v":"Tilbage"},{"$i":"drawer-accounts-header","$v":"Konti"},{"$i":"drawer-settings-link","$v":"Indstillinger"},{"$i":"folder-last-synced-label","$v":"Senest synkroniseret:"},{"$i":"messages-refresh-button","ariaLabel":"Genopfrisk"},{"$i":"messages-refresh-progress","ariaValueText":"Genopfrisker"},{"$i":"edit-button","ariaLabel":"Rediger"},{"$i":"message-list-top-action","$v":"Top"},{"$i":"message-list-menu","ariaLabel":"Mapper og indstillinger"},{"$i":"message-list-compose","ariaLabel":"Compose"},{"$i":"toaster-undo","$v":"Fortryd"},{"$i":"toaster-message-star","$v":{"one":"1 meddelelsesflag sat","two":[{"t":"idOrVar","v":"n"}," meddelelsesflag sat"],"few":[{"t":"idOrVar","v":"n"}," meddelelsesflag sat"],"many":[{"t":"idOrVar","v":"n"}," meddelelsesflag sat"],"other":[{"t":"idOrVar","v":"n"}," meddelelsesflag sat"]},"$x":[{"t":"idOrVar","v":"plural"},"n"]},{"$i":"toaster-message-unstar","$v":{"one":"1 meddelelsesflag fjernet","two":[{"t":"idOrVar","v":"n"}," meddelelsesflag fjernet"],"few":[{"t":"idOrVar","v":"n"}," meddelelsesflag fjernet"],"many":[{"t":"idOrVar","v":"n"}," meddelelsesflag fjernet"],"other":[{"t":"idOrVar","v":"n"}," meddelelsesflag fjernet"]},"$x":[{"t":"idOrVar","v":"plural"},"n"]},{"$i":"toaster-message-read","$v":{"one":"1 mail markeret som læst","two":[{"t":"idOrVar","v":"n"}," mails markeret som læst"],"few":[{"t":"idOrVar","v":"n"}," mails markeret som læst"],"many":[{"t":"idOrVar","v":"n"}," mails markeret som læst"],"other":[{"t":"idOrVar","v":"n"}," mails markeret som læst"]},"$x":[{"t":"idOrVar","v":"plural"},"n"]},{"$i":"toaster-message-unread","$v":{"one":"1 mail markeret som ulæst","two":[{"t":"idOrVar","v":"n"}," mails markeret som ulæst"],"few":[{"t":"idOrVar","v":"n"}," mails markeret som ulæst"],"many":[{"t":"idOrVar","v":"n"}," mails markeret som ulæst"],"other":[{"t":"idOrVar","v":"n"}," mails markeret som ulæst"]},"$x":[{"t":"idOrVar","v":"plural"},"n"]},{"$i":"toaster-message-move","$v":{"one":"1 mail flyttet","two":[{"t":"idOrVar","v":"n"}," mails flyttet"],"few":[{"t":"idOrVar","v":"n"}," mails flyttet"],"many":[{"t":"idOrVar","v":"n"}," mails flyttet"],"other":[{"t":"idOrVar","v":"n"}," mails flyttet"]},"$x":[{"t":"idOrVar","v":"plural"},"n"]},{"$i":"toaster-message-delete","$v":{"one":"1 mail slettet","two":[{"t":"idOrVar","v":"n"}," mails slettet"],"few":[{"t":"idOrVar","v":"n"}," mails slettet"],"many":[{"t":"idOrVar","v":"n"}," mails slettet"],"other":[{"t":"idOrVar","v":"n"}," mails slettet"]},"$x":[{"t":"idOrVar","v":"plural"},"n"]},{"$i":"toaster-retryable-syncfailed","$v":"Kan ikke oprette forbindelse"},{"$i":"compose-invalid-addresses-title","$v":"Ugyldig adresse"},{"$i":"compose-invalid-addresses-description","$v":"Din meddelelse indeholder en eller flere ugyldige mailadresser. Ret dem, før du sender."},{"$i":"background-send-pending","$v":"Netværk ikke tilgængeligt. Meddelelsen er gemt i Udbakke."},{"$i":"background-send-sending","$v":"Sender meddelelse…"},{"$i":"background-send-success","$v":"Meddelelsen er sendt."},{"$i":"background-send-error","$v":"Der opstod en fejl, meddelelsen er gemt i Udbakke."},{"$i":"background-send-error-recipients","$v":"Modtagerfejl. Meddelelsen er gemt i Udbakke."},{"$i":"background-send-error-title","$v":"Meddelelsen kunne ikke sendes"},{"$i":"send-failure-recipients","$v":"Kontroller de ovenstående mailadresser. Mailserveren indikerer, at en eller flere af adresserne er ugyldige."},{"$i":"send-failure-unknown","$v":"Meddelelsen kunne ikke sendes."},{"$i":"form-clear-input","$v":"Fjern tekst"},{"$i":"confirm-dialog-title","$v":"Bekræft"},{"$i":"senders-separation-sign","$v":", "},{"$i":"new-messages","$v":{"one":"1 ny meddelelse","two":[{"t":"idOrVar","v":"n"}," nye meddelelser"],"few":[{"t":"idOrVar","v":"n"}," nye meddelelser"],"many":[{"t":"idOrVar","v":"n"}," nye meddelelser"],"other":[{"t":"idOrVar","v":"n"}," nye meddelelser"]},"$x":[{"t":"idOrVar","v":"plural"},"n"]},{"$i":"notification-no-subject","$v":"(no subject)"},{"$i":"new-emails-notify-one-account","$v":{"one":"1 ny mail","two":[{"t":"idOrVar","v":"n"}," nye mails"],"few":[{"t":"idOrVar","v":"n"}," nye mails"],"many":[{"t":"idOrVar","v":"n"}," nye mails"],"other":[{"t":"idOrVar","v":"n"}," nye mails"]},"$x":[{"t":"idOrVar","v":"plural"},"n"]},{"$i":"new-emails-notify-multiple-accounts","$v":{"one":["1 ny mail, (",{"t":"idOrVar","v":"accountName"},")"],"two":[{"t":"idOrVar","v":"n"}," nye mails, (",{"t":"idOrVar","v":"accountName"},")"],"few":[{"t":"idOrVar","v":"n"}," nye mails, (",{"t":"idOrVar","v":"accountName"},")"],"many":[{"t":"idOrVar","v":"n"}," nye mails, (",{"t":"idOrVar","v":"accountName"},")"],"other":[{"t":"idOrVar","v":"n"}," nye mails, (",{"t":"idOrVar","v":"accountName"},")"]},"$x":[{"t":"idOrVar","v":"plural"},"n"]},{"$i":"new-emails-notify-multiple-accounts-body","$v":[{"t":"idOrVar","v":"from"}," “",{"t":"idOrVar","v":"subject"},"”"]},{"$i":"tng-plain-socket-warning-title","$v":"Er du sikker?"},{"$i":"tng-plain-socket-warning-message","$v":"Andre kan måske se dine adgangskoder og mails eller overtage din konto."},{"$i":"tng-plain-socket-warning-message-options","$v":"Der er mange gratis mailtjenester, der tilbyder mere sikre konti med krypterede forbindelser."},{"$i":"tng-plain-socket-learn-more","$v":"Læs mere"},{"$i":"tng-plain-socket-warning-ok","$v":"Jeg accepterer risikoen"},{"$i":"message-reader-next-button","ariaLabel":"Næste"},{"$i":"message-reader-previous-button","ariaLabel":"Forrige"},{"$i":"message-reader-date-received","ariaLabel":"Modtaget"},{"$i":"weekday-0-long","$v":"Søndag"},{"$i":"weekday-1-long","$v":"Mandag"},{"$i":"weekday-2-long","$v":"Tirsdag"},{"$i":"weekday-3-long","$v":"Onsdag"},{"$i":"weekday-4-long","$v":"Torsdag"},{"$i":"weekday-5-long","$v":"Fredag"},{"$i":"weekday-6-long","$v":"Lørdag"},{"$i":"weekday-0-short","$v":"Søn"},{"$i":"weekday-1-short","$v":"Man"},{"$i":"weekday-2-short","$v":"Tir"},{"$i":"weekday-3-short","$v":"Ons"},{"$i":"weekday-4-short","$v":"Tor"},{"$i":"weekday-5-short","$v":"Fre"},{"$i":"weekday-6-short","$v":"Lør"},{"$i":"month-0-long","$v":"Januar"},{"$i":"month-1-long","$v":"Februar"},{"$i":"month-2-long","$v":"Marts"},{"$i":"month-3-long","$v":"April"},{"$i":"month-4-long","$v":"Maj"},{"$i":"month-5-long","$v":"Juni"},{"$i":"month-6-long","$v":"Juli"},{"$i":"month-7-long","$v":"August"},{"$i":"month-8-long","$v":"September"},{"$i":"month-9-long","$v":"Oktober"},{"$i":"month-10-long","$v":"November"},{"$i":"month-11-long","$v":"December"},{"$i":"month-0-genitive","$v":"januar"},{"$i":"month-1-genitive","$v":"februar"},{"$i":"month-2-genitive","$v":"marts"},{"$i":"month-3-genitive","$v":"april"},{"$i":"month-4-genitive","$v":"maj"},{"$i":"month-5-genitive","$v":"juni"},{"$i":"month-6-genitive","$v":"juli"},{"$i":"month-7-genitive","$v":"august"},{"$i":"month-8-genitive","$v":"september"},{"$i":"month-9-genitive","$v":"oktober"},{"$i":"month-10-genitive","$v":"november"},{"$i":"month-11-genitive","$v":"december"},{"$i":"month-0-short","$v":"Jan"},{"$i":"month-1-short","$v":"Feb"},{"$i":"month-2-short","$v":"Mar"},{"$i":"month-3-short","$v":"Apr"},{"$i":"month-4-short","$v":"Maj"},{"$i":"month-5-short","$v":"Jun"},{"$i":"month-6-short","$v":"Jul"},{"$i":"month-7-short","$v":"Aug"},{"$i":"month-8-short","$v":"Sep"},{"$i":"month-9-short","$v":"Okt"},{"$i":"month-10-short","$v":"Nov"},{"$i":"month-11-short","$v":"Dec"},{"$i":"minutes-ago-long","$v":{"zero":"nu","one":"for et minut siden","two":["for ",{"t":"idOrVar","v":"value"}," minutter siden"],"few":["for ",{"t":"idOrVar","v":"value"}," minutter siden"],"many":["for ",{"t":"idOrVar","v":"value"}," minutter siden"],"other":["for ",{"t":"idOrVar","v":"value"}," minutter siden"]},"$x":[{"t":"idOrVar","v":"plural"},"value"]},{"$i":"hours-ago-long","$v":{"zero":"nu","one":"for en time siden","two":["for ",{"t":"idOrVar","v":"value"}," timer siden"],"few":["for ",{"t":"idOrVar","v":"value"}," timer siden"],"many":["for ",{"t":"idOrVar","v":"value"}," timer siden"],"other":["for ",{"t":"idOrVar","v":"value"}," timer siden"]},"$x":[{"t":"idOrVar","v":"plural"},"value"]},{"$i":"days-ago-long","$v":{"zero":"i dag","one":"i går","two":["for ",{"t":"idOrVar","v":"value"}," dage siden"],"few":["for ",{"t":"idOrVar","v":"value"}," dage siden"],"many":["for ",{"t":"idOrVar","v":"value"}," dage siden"],"other":["for ",{"t":"idOrVar","v":"value"}," dage siden"]},"$x":[{"t":"idOrVar","v":"plural"},"value"]},{"$i":"weeks-ago-long","$v":{"zero":"denne uge","one":"sidste uge","two":["for ",{"t":"idOrVar","v":"value"}," uger siden"],"few":["for ",{"t":"idOrVar","v":"value"}," uger siden"],"many":["for ",{"t":"idOrVar","v":"value"}," uger siden"],"other":["for ",{"t":"idOrVar","v":"value"}," uger siden"]},"$x":[{"t":"idOrVar","v":"plural"},"value"]},{"$i":"months-ago-long","$v":{"zero":"denne måned","one":"sidste måned","two":["for ",{"t":"idOrVar","v":"value"}," måneder siden"],"few":["for ",{"t":"idOrVar","v":"value"}," måneder siden"],"many":["for ",{"t":"idOrVar","v":"value"}," måneder siden"],"other":["for ",{"t":"idOrVar","v":"value"}," måneder siden"]},"$x":[{"t":"idOrVar","v":"plural"},"value"]},{"$i":"years-ago-long","$v":{"zero":"dette år","one":"sidste år","two":["for ",{"t":"idOrVar","v":"value"}," år siden"],"few":["for ",{"t":"idOrVar","v":"value"}," år siden"],"many":["for ",{"t":"idOrVar","v":"value"}," år siden"],"other":["for ",{"t":"idOrVar","v":"value"}," år siden"]},"$x":[{"t":"idOrVar","v":"plural"},"value"]},{"$i":"minutes-until-long","$v":{"zero":"nu","one":"om et minut","two":["om ",{"t":"idOrVar","v":"value"}," minutter"],"few":["om ",{"t":"idOrVar","v":"value"}," minutter"],"many":["om ",{"t":"idOrVar","v":"value"}," minutter"],"other":["om ",{"t":"idOrVar","v":"value"}," minutter"]},"$x":[{"t":"idOrVar","v":"plural"},"value"]},{"$i":"hours-until-long","$v":{"zero":"nu","one":"om en time","two":["om ",{"t":"idOrVar","v":"value"}," timer"],"few":["om ",{"t":"idOrVar","v":"value"}," timer"],"many":["om ",{"t":"idOrVar","v":"value"}," timer"],"other":["om ",{"t":"idOrVar","v":"value"}," timer"]},"$x":[{"t":"idOrVar","v":"plural"},"value"]},{"$i":"days-until-long","$v":{"zero":"i dag","one":"i morgen","two":["om ",{"t":"idOrVar","v":"value"}," dage"],"few":["om ",{"t":"idOrVar","v":"value"}," dage"],"many":["om ",{"t":"idOrVar","v":"value"}," dage"],"other":["om ",{"t":"idOrVar","v":"value"}," dage"]},"$x":[{"t":"idOrVar","v":"plural"},"value"]},{"$i":"weeks-until-long","$v":{"zero":"denne uge","one":"næste uge","two":["om ",{"t":"idOrVar","v":"value"}," uger"],"few":["om ",{"t":"idOrVar","v":"value"}," uger"],"many":["om ",{"t":"idOrVar","v":"value"}," uger"],"other":["om ",{"t":"idOrVar","v":"value"}," uger"]},"$x":[{"t":"idOrVar","v":"plural"},"value"]},{"$i":"months-until-long","$v":{"zero":"denne måned","one":"næste måned","two":["om ",{"t":"idOrVar","v":"value"}," måneder"],"few":["om ",{"t":"idOrVar","v":"value"}," måneder"],"many":["om ",{"t":"idOrVar","v":"value"}," måneder"],"other":["om ",{"t":"idOrVar","v":"value"}," måneder"]},"$x":[{"t":"idOrVar","v":"plural"},"value"]},{"$i":"years-until-long","$v":{"zero":"i år","one":"næste år","two":["om ",{"t":"idOrVar","v":"value"}," år"],"few":["om ",{"t":"idOrVar","v":"value"}," år"],"many":["om ",{"t":"idOrVar","v":"value"}," år"],"other":["om ",{"t":"idOrVar","v":"value"}," år"]},"$x":[{"t":"idOrVar","v":"plural"},"value"]},{"$i":"minutes-ago-short","$v":{"zero":"nu","other":[{"t":"idOrVar","v":"value"}," m. siden"]},"$x":[{"t":"idOrVar","v":"plural"},"value"]},{"$i":"hours-ago-short","$v":{"zero":"nu","other":[{"t":"idOrVar","v":"value"}," t. siden"]},"$x":[{"t":"idOrVar","v":"plural"},"value"]},{"$i":"days-ago-short","$v":{"zero":"i dag","other":[{"t":"idOrVar","v":"value"}," d. siden"]},"$x":[{"t":"idOrVar","v":"plural"},"value"]},{"$i":"minutes-until-short","$v":{"zero":"nu","other":["om ",{"t":"idOrVar","v":"value"}," m."]},"$x":[{"t":"idOrVar","v":"plural"},"value"]},{"$i":"hours-until-short","$v":{"zero":"nu","other":["om ",{"t":"idOrVar","v":"value"}," t."]},"$x":[{"t":"idOrVar","v":"plural"},"value"]},{"$i":"days-until-short","$v":{"zero":"i dag","other":["om ",{"t":"idOrVar","v":"value"}," d."]},"$x":[{"t":"idOrVar","v":"plural"},"value"]},{"$i":"incorrectDate","$v":"(forkert dato)"},{"$i":"dateTimeFormat_%c","$v":"%a d. %e. %b %Y %H:%M:%S"},{"$i":"dateTimeFormat_%x","$v":"%d-%m-%Y"},{"$i":"dateTimeFormat_%X","$v":"%H:%M:%S"},{"$i":"shortTimeFormat","$v":"%H:%M"},{"$i":"shortTimeFormat12","$v":"%I:%M %p"},{"$i":"shortTimeFormat24","$v":"%H:%M"},{"$i":"shortDateTimeFormat","$v":"%x %H:%M"},{"$i":"weekStartsOnMonday","$v":"1"},{"$i":"firstDayOfTheWeek","$v":"1"},{"$i":"time_am","$v":"AM"},{"$i":"time_pm","$v":"PM"}]