[{"$i":"back-button","ariaLabel":"Zurück"},{"$i":"close-button","ariaLabel":"Schließen"},{"$i":"setup-app-name-header","$v":"E-Mail"},{"$i":"setup-empty-account-message","$v":"You are not set up to send or receive email. Set up an account to complete the action."},{"$i":"setup-pick-service","$v":"Um Nachrichten senden und empfangen zu können, müssen Sie ein Konto einrichten."},{"$i":"setup-account-header3","$v":"Neues Konto"},{"$i":"setup-account-enter-password","$v":"Passwort eingeben für:"},{"$i":"setup-info-name","placeholder":"Ihr Name"},{"$i":"setup-info-email","placeholder":"jemand@beispiel.example"},{"$i":"setup-info-password","placeholder":"Passwort"},{"$i":"setup-info-next","$v":"Weiter"},{"$i":"setup-progress-wait-msg","$v":"Bitte warten Sie, Ihr Konto wird eingerichtet…"},{"$i":"setup-completed-header","$v":"E-Mail-Konto einrichten"},{"$i":"setup-completed-label","$v":"Kontoeinrichtung abgeschlossen"},{"$i":"setup-add-another-account","$v":"Weiteres Konto hinzufügen"},{"$i":"setup-show-mail","$v":"Weiter zu den Nachrichten"},{"$i":"setup-error-offline","$v":"Das Gerät ist derzeit offline. Stellen Sie eine Internetverbindung her und versuchen Sie es erneut."},{"$i":"setup-error-bad-user-or-pass2","$v":"Benutzername oder Passwort sind ungültig. Bitte überprüfen Sie die Angaben auf Tippfehler."},{"$i":"setup-error-bad-address","$v":"Ungültige E-Mail-Adresse. Bitte auf Tippfehler überprüfen."},{"$i":"setup-error-not-authorized","$v":"Laut Server verfügen Sie nicht über die Berechtigung, ein Konto anzulegen."},{"$i":"setup-error-pop-server-not-great","$v":"Dieser POP3-Server wird nicht unterstützt, da er nicht alle benötigten Funktionen bereitstellt."},{"$i":"setup-error-unknown2","$v":"Ein unbekannter Fehler trat auf. Überprüfen Sie die Internetverbindung oder versuchen Sie die manuelle Einrichtung."},{"$i":"setup-error-needs-app-pass","$v":"Sie müssen ein anwendungsspezifisches Passwort für Gmail-Konten mit Zwei-Faktor-Autorisierung verwenden."},{"$i":"setup-error-imap-disabled","$v":"Sie müssen IMAP für Ihr Gmail-Konto aktivieren."},{"$i":"setup-error-pop3-disabled","$v":"Sie müssen POP3 für Ihr Gmail-Konto aktivieren."},{"$i":"setup-error-bad-security","$v":["Es konnte keine sichere Verbindung mit \"",{"t":"idOrVar","v":"server"},"\" hergestellt werden. Eventuell gibt es ein Problem mit dem Netzwerk oder dem Server."]},{"$i":"setup-error-unresponsive-server","$v":["Es konnte keine Verbindung mit \"",{"t":"idOrVar","v":"server"},"\" hergestellt werden. Eventuell gibt es ein Problem mit dem Netzwerk."]},{"$i":"setup-error-server-problem","$v":["Es tritt ein Problem mit dem Server \"",{"t":"idOrVar","v":"server"},"\" auf. Versuchen Sie es später erneut."]},{"$i":"setup-error-no-config-info","$v":"Das Konto konnte nicht automatisch eingerichtet werden. Korrigieren Sie die E-Mail-Adresse oder versuchen Sie die manuelle Einrichtung."},{"$i":"setup-error-server-maintenance","$v":["Der Server \"",{"t":"idOrVar","v":"server"},"\" ist wegen Wartungsarbeiten offline. Versuchen Sie es später erneut."]},{"$i":"setup-error-account-already-exists","$v":"Dieses Konto wurde bereits eingerichtet."},{"$i":"setup-manual-config2","$v":"Manuelle Einrichtung"},{"$i":"setup-manual-config-header","$v":"Einrichtung"},{"$i":"setup-manual-account-type","$v":"Kontotyp"},{"$i":"setup-manual-account-type-select","ariaLabel":"Kontotyp"},{"$i":"setup-manual-imap-header","$v":"IMAP-Einstellungen"},{"$i":"setup-manual-pop3-header","$v":"POP3-Einstellungen"},{"$i":"setup-manual-smtp-header","$v":"SMTP-Einstellungen"},{"$i":"setup-manual-activesync-header","$v":"ActiveSync-Einstellungen"},{"$i":"setup-manual-next","$v":"Weiter"},{"$i":"setup-manual-socket","$v":"Socket-Typ"},{"$i":"setup-manual-socket-ssl","$v":"SSL"},{"$i":"setup-manual-socket-starttls","$v":"STARTTLS"},{"$i":"setup-manual-socket-select","ariaLabel":"Verbindungssicherheit"},{"$i":"setup-manual-socket-plain","$v":"Unverschlüsselt (unsicher)"},{"$i":"setup-manual-hostname","placeholder":"Hostname"},{"$i":"setup-manual-port","placeholder":"Port"},{"$i":"setup-manual-username","placeholder":"Benutzername"},{"$i":"setup-manual-activesync-username","placeholder":"Domäne\\Benutzername"},{"$i":"setup-bad-password-header","$v":"Falsches Passwort!"},{"$i":"setup-bad-password","$v":"Die Anmeldung am Server ist fehlgeschlagen. Vielleicht ist Ihr Passwort falsch?"},{"$i":"setup-new-password","placeholder":"Neues Passwort"},{"$i":"setup-fix-password","$v":"Nochmal mit anderem Passwort versuchen"},{"$i":"setup-gmail-twofactor-header","$v":"Bestätigung in zwei Schritten aktiviert"},{"$i":"setup-gmail-twofactor-message","$v":"Geben Sie unten ein anwendungsspezifisches Passwort ein."},{"$i":"setup-gmail-twofactor-fix","$v":"Anwendungspasswort verwenden"},{"$i":"setup-gmail-imap-header","$v":"IMAP deaktiviert"},{"$i":"setup-gmail-imap-message","$v":"Sie müssen IMAP in Ihrem Gmail-Konto aktivieren"},{"$i":"setup-gmail-imap-retry","$v":"Erneut versuchen"},{"$i":"setup-gmail-pop3-header","$v":"POP3 deaktiviert"},{"$i":"setup-gmail-pop3-message","$v":"Sie müssen POP3 in Ihrem Gmail-Konto aktivieren"},{"$i":"setup-gmail-pop3-retry","$v":"Erneut versuchen"},{"$i":"setup-fix-oauth2-header","$v":"\"E-Mail\" erneut autorisieren"},{"$i":"setup-fix-oauth2-description","$v":"Die App \"E-Mail\" muss erneut autorisiert werden, um auf das folgende Konto zugreifen zu können:"},{"$i":"setup-fix-oauth2-reauthorize","$v":"Erneut autorisieren"},{"$i":"settings-main-header","$v":"Einstellungen"},{"$i":"settings-sub-header-account","$v":"Konto"},{"$i":"settings-account-group","ariaLabel":"Konto"},{"$i":"settings-account-name","$v":"Ihr Name"},{"$i":"settings-account-display-notifications","$v":"Benachrichtigung über neue Nachrichten"},{"$i":"settings-account-play-sound-onsend","$v":"Nach Senden einer Nachricht Ton abspielen"},{"$i":"settings-empty-signature-label","$v":"Zum Bearbeiten antippen"},{"$i":"settings-account-signature-label","$v":"Signatur"},{"$i":"settings-account-signature-textbox","ariaLabel":"Signatur"},{"$i":"signature-save","$v":"Signatur speichern"},{"$i":"signature-discard-confirm","$v":"Änderungen verwerfen"},{"$i":"settings-sub-header-data","$v":"Daten"},{"$i":"settings-data-group","ariaLabel":"Daten"},{"$i":"settings-account-check-mail","$v":"Auf neue Nachrichten überprüfen"},{"$i":"settings-account-check-mail-select","ariaLabel":"Auf neue Nachrichten überprüfen"},{"$i":"settings-sub-header-server","$v":"Server-Einstellungen"},{"$i":"settings-server-group","ariaLabel":"Server-Einstellungen"},{"$i":"settings-account-userpass","$v":"Benutzername und Passwort"},{"$i":"settings-account-useroauth2","$v":"Benutzername"},{"$i":"settings-default-signature-2","$v":"Gesendet mit Firefox OS"},{"$i":"settings-done","$v":"Fertig"},{"$i":"settings-account-section","$v":"Konten"},{"$i":"settings-account-listbox","ariaLabel":"Konten"},{"$i":"settings-account-add","$v":"Konto hinzufügen"},{"$i":"settings-account-delete","$v":"Konto löschen"},{"$i":"settings-account-delete-prompt","$v":["Soll das E-Mail-Konto ",{"t":"idOrVar","v":"account"}," wirklich gelöscht werden? Die Nachrichten müssen erneut heruntergeladen werden, falls es wieder angelegt wird."]},{"$i":"settings-account-delete-cancel","$v":"Abbrechen"},{"$i":"settings-account-delete-confirm","$v":"Löschen"},{"$i":"settings-account-clarify-imap","$v":[{"t":"idOrVar","v":"account-name"}," (IMAP)"]},{"$i":"settings-account-clarify-pop3","$v":[{"t":"idOrVar","v":"account-name"}," (POP3)"]},{"$i":"settings-account-clarify-smtp","$v":[{"t":"idOrVar","v":"account-name"}," (SMTP)"]},{"$i":"settings-general-section","$v":"Allgemeine Einstellungen"},{"$i":"settings-show-images","$v":"Grafiken immer anzeigen"},{"$i":"settings-download-attachments","$v":"Anhänge herunterladen"},{"$i":"settings-check-every-5min","$v":"Alle 5 Minuten"},{"$i":"settings-check-every-10min","$v":"Alle 10 Minuten"},{"$i":"settings-check-every-15min","$v":"Alle 15 Minuten"},{"$i":"settings-check-every-30min","$v":"Alle 30 Minuten"},{"$i":"settings-check-every-60min","$v":"Stündlich"},{"$i":"settings-check-every-manual","$v":"Manuell"},{"$i":"settings-check-dynamic","$v":{"zero":"Sekunden","one":"Jede Sekunde","two":["Alle ",{"t":"idOrVar","v":"n"}," Sekunden"],"few":["Alle ",{"t":"idOrVar","v":"n"}," Sekunden"],"many":["Alle ",{"t":"idOrVar","v":"n"}," Sekunden"],"other":["Alle ",{"t":"idOrVar","v":"n"}," Sekunden"]},"$x":[{"t":"idOrVar","v":"plural"},"n"]},{"$i":"settings-default-account","$v":"Standardkonto"},{"$i":"settings-account-type","$v":"Kontotyp"},{"$i":"settings-account-credentials","$v":"Zugangsdaten"},{"$i":"settings-activesync-label","$v":"ActiveSync-Einstellungen"},{"$i":"settings-imap-label","$v":"IMAP-Einstellungen"},{"$i":"settings-pop3-label","$v":"POP3-Einstellungen"},{"$i":"settings-smtp-label","$v":"SMTP-Einstellungen"},{"$i":"settings-hostname","$v":"Serveradresse"},{"$i":"settings-port","$v":"Port"},{"$i":"settings-username","$v":"Benutzername"},{"$i":"settings-password","$v":"Passwort"},{"$i":"settings-save","$v":"Speichern"},{"$i":"settings-password-empty","$v":"Das Passwort sollte nicht leer bleiben!"},{"$i":"settings-reauth","$v":"Erneut autorisieren"},{"$i":"settings-account-synchronize-window","$v":"Zu synchronisierende Tage"},{"$i":"settings-account-synchronize-window-select","ariaLabel":"Anzahl zu synchronisierender Tage"},{"$i":"settings-synchronize-auto","$v":"Automatisch"},{"$i":"settings-synchronize-one-day","$v":"1 Tag"},{"$i":"settings-synchronize-three-days","$v":"3 Tage"},{"$i":"settings-synchronize-one-week","$v":"1 Woche"},{"$i":"settings-synchronize-two-weeks","$v":"2 Wochen"},{"$i":"settings-synchronize-one-month","$v":"1 Monat"},{"$i":"settings-synchronize-all","$v":"Alle Nachrichten"},{"$i":"envelope-from","$v":"Von"},{"$i":"envelope-to","$v":"An"},{"$i":"envelope-cc","$v":"CC"},{"$i":"envelope-bcc","$v":"BCC"},{"$i":"message-header-state-sending","ariaLabel":"Wird gesendet"},{"$i":"message-header-state-error","ariaLabel":"Fehler beim Senden"},{"$i":"message-header-unread","ariaLabel":"Ungelesen"},{"$i":"message-header-starred","ariaLabel":"Mit Kennzeichnung"},{"$i":"message-header-attachments","ariaLabel":"Enthält Anhänge"},{"$i":"message-body-container","ariaLabel":"Nachrichteninhalt"},{"$i":"message-body-container-progress","ariaValueText":"Wird geladen"},{"$i":"subject","ariaLabel":"Betreff"},{"$i":"message-delete-button","ariaLabel":"Löschen"},{"$i":"message-star-button","ariaLabel":"Kennzeichnung hinzufügen"},{"$i":"message-unstar-button","ariaLabel":"Kennzeichnung entfernen"},{"$i":"message-mark-read-button","ariaLabel":"Gelesen markieren"},{"$i":"message-mark-unread-button","ariaLabel":"Ungelesen markieren"},{"$i":"message-move-button","ariaLabel":"Verschieben"},{"$i":"message-reply-forward-button","ariaLabel":"Antworten oder weiterleiten"},{"$i":"download-button","ariaLabel":"Herunterladen"},{"$i":"downloading-progress","ariaValueText":"Wird heruntergeladen"},{"$i":"view-button","ariaLabel":"Öffnen"},{"$i":"attachments-container","ariaLabel":"Anhänge"},{"$i":"from-group","ariaLabel":"Von"},{"$i":"to-group","ariaLabel":"An"},{"$i":"cc-group","ariaLabel":"Kopie"},{"$i":"bcc-group","ariaLabel":"Blindkopie"},{"$i":"compose-header","$v":"Nachricht schreiben"},{"$i":"compose-header-short","$v":"Verfassen"},{"$i":"compose-send","$v":"Senden"},{"$i":"compose-send-button","ariaLabel":"Senden"},{"$i":"compose-to","$v":"An"},{"$i":"compose-cc","$v":"CC"},{"$i":"compose-bcc","$v":"BCC"},{"$i":"compose-contact-add","ariaLabel":"Kontakt hinzufügen"},{"$i":"compose-attachments-container","ariaLabel":{"$x":[{"t":"idOrVar","v":"plural"},"kilobytes"],"$v":{"zero":"Anhänge","one":["Anhänge: ",{"t":"idOrVar","v":"kilobytes"}," K"],"two":["Anhänge: ",{"t":"idOrVar","v":"kilobytes"}," K"],"few":["Anhänge: ",{"t":"idOrVar","v":"kilobytes"}," K"],"many":["Anhänge: ",{"t":"idOrVar","v":"kilobytes"}," K"],"other":["Anhänge: ",{"t":"idOrVar","v":"kilobytes"}," K"]}}},{"$i":"compose-attachment-remove","ariaLabel":"Anhang entfernen"},{"$i":"compose-attachment-button","ariaLabel":"Anhang hinzufügen"},{"$i":"compose-attachments","$v":{"zero":"Anhang","one":[{"t":"idOrVar","v":"n"}," Anhang"],"two":[{"t":"idOrVar","v":"n"}," Anhänge"],"few":[{"t":"idOrVar","v":"n"}," Anhänge"],"many":[{"t":"idOrVar","v":"n"}," Anhänge"],"other":[{"t":"idOrVar","v":"n"}," Anhänge"]},"$x":[{"t":"idOrVar","v":"plural"},"n"]},{"$i":"compose-text","ariaLabel":"Bearbeiten"},{"$i":"compose-attachment-still-working","$v":"Bitte warten, vorheriger Anhang wird noch bearbeitet…"},{"$i":"compose-subject","$v":"Betreff"},{"$i":"compose-draft-save","$v":"In Lokale Entwürfe speichern"},{"$i":"compose-discard-confirm","$v":"Verwerfen"},{"$i":"compose-send-message-failed","$v":"Senden der Nachricht fehlgeschlagen"},{"$i":"composer-attachment-large","$v":"Anhang zu groß"},{"$i":"composer-attachments-large","$v":"Anhänge zu groß"},{"$i":"compose-attchment-size-exceeded","$v":"Der gewählte Anhang ist zu groß, um mit dieser Nachricht gesendet zu werden."},{"$i":"compose-attchments-size-exceeded","$v":"Die gewählten Anhänge sind zu groß, um mit dieser Nachricht gesendet zu werden. Versuchen Sie, weniger Anhänge zu senden."},{"$i":"dialog-button-ok","$v":"OK"},{"$i":"default-attachment-filename","$v":["Anhang",{"t":"idOrVar","v":"n"}]},{"$i":"attachment-size-kib","$v":[{"t":"idOrVar","v":"kilobytes"},"K"]},{"$i":"message-attachment-view","$v":"Anzeigen"},{"$i":"message-attachment-did-not-open-label","$v":"Unable to open"},{"$i":"message-attachment-did-not-open-body","$v":"The device does not have an app that can open the attachment."},{"$i":"message-attachment-too-large","$v":"Diese Datei ist zu groß zum Herunterladen."},{"$i":"message-no-subject","$v":"(Kein Betreff)"},{"$i":"message-edit-menu-edit","$v":"Bearbeiten"},{"$i":"message-edit-menu-delete","$v":"Löschen"},{"$i":"message-edit-delete-confirm","$v":"Nachricht löschen?"},{"$i":"message-send-attachment-disabled-confirm","$v":"Anhänge können nicht weitergeleitet werden."},{"$i":"message-multiedit-header","$v":{"zero":"Bearbeiten","one":[{"t":"idOrVar","v":"n"}," ausgewählt"],"two":[{"t":"idOrVar","v":"n"}," ausgewählt"],"few":[{"t":"idOrVar","v":"n"}," ausgewählt"],"many":[{"t":"idOrVar","v":"n"}," ausgewählt"],"other":[{"t":"idOrVar","v":"n"}," ausgewählt"]},"$x":[{"t":"idOrVar","v":"plural"},"n"]},{"$i":"browse-to-url-prompt","$v":["Diese Adresse öffnen? ",{"t":"idOrVar","v":"url"}]},{"$i":"message-download-images-tap","$v":{"one":"Diese Nachricht enthält eine Grafik. Zum Herunterladen antippen.","two":["Diese Nachricht enthält ",{"t":"idOrVar","v":"n"}," Grafiken. Zum Herunterladen antippen."],"few":["Diese Nachricht enthält ",{"t":"idOrVar","v":"n"}," Grafiken. Zum Herunterladen antippen."],"many":["Diese Nachricht enthält ",{"t":"idOrVar","v":"n"}," Grafiken. Zum Herunterladen antippen."],"other":["Diese Nachricht enthält ",{"t":"idOrVar","v":"n"}," Grafiken. Zum Herunterladen antippen."]},"$x":[{"t":"idOrVar","v":"plural"},"n"]},{"$i":"message-show-external-images","$v":"Externe Grafiken anzeigen"},{"$i":"message-multiedit-cancel","$v":"Abbrechen"},{"$i":"message-multiedit-delete-confirm","$v":{"one":"Diese Nachricht löschen?","two":[{"t":"idOrVar","v":"n"}," Nachrichten löschen?"],"few":[{"t":"idOrVar","v":"n"}," Nachrichten löschen?"],"many":[{"t":"idOrVar","v":"n"}," Nachrichten löschen?"],"other":[{"t":"idOrVar","v":"n"}," Nachrichten löschen?"]},"$x":[{"t":"idOrVar","v":"plural"},"n"]},{"$i":"message-large-message-cancel","$v":"Abbrechen"},{"$i":"message-large-message-ok","$v":"Fortsetzen"},{"$i":"message-large-message-confirm","$v":"Diese Nachricht ist sehr groß. Der Download kann einige Zeit in Anspruch nehmen."},{"$i":"message-search-from","$v":"Von"},{"$i":"message-search-to","$v":"An"},{"$i":"message-search-subject","$v":"Betreff"},{"$i":"message-search-body","$v":"Inhalt"},{"$i":"message-search-all","$v":"Alles"},{"$i":"message-search-input","placeholder":"E-Mails suchen"},{"$i":"message-search-cancel","$v":"Abbrechen"},{"$i":"messages-syncing","$v":"Nachrichten laden…"},{"$i":"messages-load-more","$v":"Weitere Nachrichten laden"},{"$i":"messages-folder-empty","$v":"Keine Nachrichten in diesem Ordner"},{"$i":"messages-search-empty","$v":"Keine Übereinstimmungen mit lokal zwischengespeicherten Nachrichten"},{"$i":"messages-folder-select","$v":"Ordner auswählen"},{"$i":"messages-folder-unread-max","$v":"999+"},{"$i":"message-contact-menu-create","$v":"Als neuen Kontakt speichern"},{"$i":"message-contact-menu-add-existing","$v":"Zu bestehendem Kontakt hinzufügen"},{"$i":"message-contact-menu-view","$v":"Kontaktdaten anzeigen"},{"$i":"message-contact-menu-reply","$v":"Antworten"},{"$i":"message-contact-menu-new","$v":"Neue E-Mail schreiben"},{"$i":"message-reply-menu-reply","$v":"Antworten"},{"$i":"message-reply-menu-reply-all","$v":"Allen antworten"},{"$i":"message-reply-menu-forward","$v":"Weiterleiten"},{"$i":"message-reply-menu-cancel","$v":"Abbrechen"},{"$i":"reply-quoting-wrote","$v":"{name} schrieb"},{"$i":"forward-original-message","$v":"Ursprüngliche Nachricht"},{"$i":"forward-header-subject","$v":"Betreff"},{"$i":"forward-header-date","$v":"Datum"},{"$i":"forward-header-from","$v":"Von"},{"$i":"forward-header-reply-to","$v":"Antwort an"},{"$i":"forward-header-to","$v":"An"},{"$i":"forward-header-cc","$v":"CC"},{"$i":"folder-inbox","$v":"Posteingang"},{"$i":"folder-sent","$v":"Gesendet"},{"$i":"folder-drafts","$v":"Entwürfe"},{"$i":"folder-trash","$v":"Papierkorb"},{"$i":"folder-queue","$v":"Postausgang"},{"$i":"folder-junk","$v":"Junk"},{"$i":"folder-archives","$v":"Archiv"},{"$i":"folder-localdrafts","$v":"Lokale Entwürfe"},{"$i":"folder-outbox","$v":"Postausgang"},{"$i":"drawer-back","$v":"Zurück"},{"$i":"drawer-accounts-header","$v":"Konten"},{"$i":"drawer-settings-link","$v":"Einstellungen"},{"$i":"folder-last-synced-label","$v":"Letzte Synchronisierung:"},{"$i":"messages-refresh-button","ariaLabel":"Nachrichten abrufen"},{"$i":"messages-refresh-progress","ariaValueText":"Nachrichten werden abgerufen"},{"$i":"edit-button","ariaLabel":"Bearbeiten"},{"$i":"message-list-top-action","$v":"Anfang"},{"$i":"message-list-menu","ariaLabel":"Ordner und Einstellungen"},{"$i":"message-list-compose","ariaLabel":"Compose"},{"$i":"toaster-undo","$v":"Rückgängig"},{"$i":"toaster-message-star","$v":{"one":"1 Nachricht gekennzeichnet","two":[{"t":"idOrVar","v":"n"}," Nachrichten gekennzeichnet"],"few":[{"t":"idOrVar","v":"n"}," Nachrichten gekennzeichnet"],"many":[{"t":"idOrVar","v":"n"}," Nachrichten gekennzeichnet"],"other":[{"t":"idOrVar","v":"n"}," Nachrichten gekennzeichnet"]},"$x":[{"t":"idOrVar","v":"plural"},"n"]},{"$i":"toaster-message-unstar","$v":{"one":"Kennzeichnung für 1 Nachricht entfernt","two":["Kennzeichnung für ",{"t":"idOrVar","v":"n"}," Nachrichten entfernt"],"few":["Kennzeichnung für ",{"t":"idOrVar","v":"n"}," Nachrichten entfernt"],"many":["Kennzeichnung für ",{"t":"idOrVar","v":"n"}," Nachrichten entfernt"],"other":["Kennzeichnung für ",{"t":"idOrVar","v":"n"}," Nachrichten entfernt"]},"$x":[{"t":"idOrVar","v":"plural"},"n"]},{"$i":"toaster-message-read","$v":{"one":"1 Nachricht als gelesen markiert","two":[{"t":"idOrVar","v":"n"}," Nachrichten als gelesen markiert"],"few":[{"t":"idOrVar","v":"n"}," Nachrichten als gelesen markiert"],"many":[{"t":"idOrVar","v":"n"}," Nachrichten als gelesen markiert"],"other":[{"t":"idOrVar","v":"n"}," Nachrichten als gelesen markiert"]},"$x":[{"t":"idOrVar","v":"plural"},"n"]},{"$i":"toaster-message-unread","$v":{"one":"1 Nachricht als ungelesen markiert","two":[{"t":"idOrVar","v":"n"}," Nachrichten als ungelesen markiert"],"few":[{"t":"idOrVar","v":"n"}," Nachrichten als ungelesen markiert"],"many":[{"t":"idOrVar","v":"n"}," Nachrichten als ungelesen markiert"],"other":[{"t":"idOrVar","v":"n"}," Nachrichten als ungelesen markiert"]},"$x":[{"t":"idOrVar","v":"plural"},"n"]},{"$i":"toaster-message-move","$v":{"one":"1 Nachricht verschoben","two":[{"t":"idOrVar","v":"n"}," Nachrichten verschoben"],"few":[{"t":"idOrVar","v":"n"}," Nachrichten verschoben"],"many":[{"t":"idOrVar","v":"n"}," Nachrichten verschoben"],"other":[{"t":"idOrVar","v":"n"}," Nachrichten verschoben"]},"$x":[{"t":"idOrVar","v":"plural"},"n"]},{"$i":"toaster-message-delete","$v":{"one":"1 Nachricht gelöscht","two":[{"t":"idOrVar","v":"n"}," Nachrichten gelöscht"],"few":[{"t":"idOrVar","v":"n"}," Nachrichten gelöscht"],"many":[{"t":"idOrVar","v":"n"}," Nachrichten gelöscht"],"other":[{"t":"idOrVar","v":"n"}," Nachrichten gelöscht"]},"$x":[{"t":"idOrVar","v":"plural"},"n"]},{"$i":"toaster-retryable-syncfailed","$v":"Fehler beim Verbinden mit Server"},{"$i":"compose-invalid-addresses-title","$v":"Ungültige Adresse"},{"$i":"compose-invalid-addresses-description","$v":"Die Nachricht enthält mindestens eine ungültige E-Mail-Adresse. Bitte korrigieren Sie diese vor dem Senden."},{"$i":"background-send-pending","$v":"Netzwerk nicht verfügbar. E-Mail wurde im Postausgang gespeichert."},{"$i":"background-send-sending","$v":"E-Mail wird gesendet…"},{"$i":"background-send-success","$v":"E-Mail gesendet"},{"$i":"background-send-error","$v":"Ein Fehler ist aufgetreten. E-Mail wurde im Postausgang gespeichert."},{"$i":"background-send-error-recipients","$v":"E-Mail-Versand fehlgeschlagen, da mindestens eine Empfängeradresse vom Server abgelehnt wurde. E-Mail wurde im Postausgang gespeichert."},{"$i":"background-send-error-title","$v":"Fehler beim Senden der E-Mail"},{"$i":"send-failure-recipients","$v":"Bitte überprüfen Sie die Schreibweise der E-Mail-Adressen weiter oben. Ihr E-Mail-Server teilte mit, dass mindestens eine der oben genannten Adressen falsch ist."},{"$i":"send-failure-unknown","$v":"Die Nachricht konnte nicht gesendet werden."},{"$i":"form-clear-input","$v":"Text löschen"},{"$i":"confirm-dialog-title","$v":"Bestätigung"},{"$i":"senders-separation-sign","$v":", "},{"$i":"new-messages","$v":{"one":"1 neue Nachricht","two":[{"t":"idOrVar","v":"n"}," neue Nachrichten"],"few":[{"t":"idOrVar","v":"n"}," neue Nachrichten"],"many":[{"t":"idOrVar","v":"n"}," neue Nachrichten"],"other":[{"t":"idOrVar","v":"n"}," neue Nachrichten"]},"$x":[{"t":"idOrVar","v":"plural"},"n"]},{"$i":"notification-no-subject","$v":"(no subject)"},{"$i":"new-emails-notify-one-account","$v":{"one":"1 neue Nachricht","two":[{"t":"idOrVar","v":"n"}," neue Nachrichten"],"few":[{"t":"idOrVar","v":"n"}," neue Nachrichten"],"many":[{"t":"idOrVar","v":"n"}," neue Nachrichten"],"other":[{"t":"idOrVar","v":"n"}," neue Nachrichten"]},"$x":[{"t":"idOrVar","v":"plural"},"n"]},{"$i":"new-emails-notify-multiple-accounts","$v":{"one":["1 neue Nachricht (",{"t":"idOrVar","v":"accountName"},")"],"two":[{"t":"idOrVar","v":"n"}," neue Nachrichten (",{"t":"idOrVar","v":"accountName"},")"],"few":[{"t":"idOrVar","v":"n"}," neue Nachrichten (",{"t":"idOrVar","v":"accountName"},")"],"many":[{"t":"idOrVar","v":"n"}," neue Nachrichten (",{"t":"idOrVar","v":"accountName"},")"],"other":[{"t":"idOrVar","v":"n"}," neue Nachrichten (",{"t":"idOrVar","v":"accountName"},")"]},"$x":[{"t":"idOrVar","v":"plural"},"n"]},{"$i":"new-emails-notify-multiple-accounts-body","$v":[{"t":"idOrVar","v":"from"}," “",{"t":"idOrVar","v":"subject"},"”"]},{"$i":"tng-plain-socket-warning-title","$v":"Sind Sie sicher?"},{"$i":"tng-plain-socket-warning-message","$v":"Andere Personen könnten Ihre Passwörter sehen und auf Ihre E-Mails zugreifen sowie die Kontrolle über Ihr E-Mail-Konto übernehmen."},{"$i":"tng-plain-socket-warning-message-options","$v":"Es gibt verschiedene, kostenlose E-Mail-Anbieter, die sichere, verschlüsselte Verbindungen anbieten."},{"$i":"tng-plain-socket-learn-more","$v":"Weitere Informationen"},{"$i":"tng-plain-socket-warning-ok","$v":"Verstanden"},{"$i":"message-reader-next-button","ariaLabel":"Weiter"},{"$i":"message-reader-previous-button","ariaLabel":"Zurück"},{"$i":"message-reader-date-received","ariaLabel":"Empfangen"},{"$i":"weekday-0-long","$v":"Sonntag"},{"$i":"weekday-1-long","$v":"Montag"},{"$i":"weekday-2-long","$v":"Dienstag"},{"$i":"weekday-3-long","$v":"Mittwoch"},{"$i":"weekday-4-long","$v":"Donnerstag"},{"$i":"weekday-5-long","$v":"Freitag"},{"$i":"weekday-6-long","$v":"Samstag"},{"$i":"weekday-0-short","$v":"So"},{"$i":"weekday-1-short","$v":"Mo"},{"$i":"weekday-2-short","$v":"Di"},{"$i":"weekday-3-short","$v":"Mi"},{"$i":"weekday-4-short","$v":"Do"},{"$i":"weekday-5-short","$v":"Fr"},{"$i":"weekday-6-short","$v":"Sa"},{"$i":"month-0-long","$v":"Januar"},{"$i":"month-1-long","$v":"Februar"},{"$i":"month-2-long","$v":"März"},{"$i":"month-3-long","$v":"April"},{"$i":"month-4-long","$v":"Mai"},{"$i":"month-5-long","$v":"Juni"},{"$i":"month-6-long","$v":"Juli"},{"$i":"month-7-long","$v":"August"},{"$i":"month-8-long","$v":"September"},{"$i":"month-9-long","$v":"Oktober"},{"$i":"month-10-long","$v":"November"},{"$i":"month-11-long","$v":"Dezember"},{"$i":"month-0-genitive","$v":"Januar"},{"$i":"month-1-genitive","$v":"Februar"},{"$i":"month-2-genitive","$v":"März"},{"$i":"month-3-genitive","$v":"April"},{"$i":"month-4-genitive","$v":"Mai"},{"$i":"month-5-genitive","$v":"Juni"},{"$i":"month-6-genitive","$v":"Juli"},{"$i":"month-7-genitive","$v":"August"},{"$i":"month-8-genitive","$v":"September"},{"$i":"month-9-genitive","$v":"Oktober"},{"$i":"month-10-genitive","$v":"November"},{"$i":"month-11-genitive","$v":"Dezember"},{"$i":"month-0-short","$v":"Jan"},{"$i":"month-1-short","$v":"Feb"},{"$i":"month-2-short","$v":"Mär"},{"$i":"month-3-short","$v":"Apr"},{"$i":"month-4-short","$v":"Mai"},{"$i":"month-5-short","$v":"Jun"},{"$i":"month-6-short","$v":"Jul"},{"$i":"month-7-short","$v":"Aug"},{"$i":"month-8-short","$v":"Sep"},{"$i":"month-9-short","$v":"Okt"},{"$i":"month-10-short","$v":"Nov"},{"$i":"month-11-short","$v":"Dez"},{"$i":"minutes-ago-long","$v":{"zero":"gerade eben","one":"vor 1 Minute","two":["vor ",{"t":"idOrVar","v":"value"}," Minuten"],"few":["vor ",{"t":"idOrVar","v":"value"}," Minuten"],"many":["vor ",{"t":"idOrVar","v":"value"}," Minuten"],"other":["vor ",{"t":"idOrVar","v":"value"}," Minuten"]},"$x":[{"t":"idOrVar","v":"plural"},"value"]},{"$i":"hours-ago-long","$v":{"zero":"gerade eben","one":"vor 1 Stunde","two":["vor ",{"t":"idOrVar","v":"value"}," Stunden"],"few":["vor ",{"t":"idOrVar","v":"value"}," Stunden"],"many":["vor ",{"t":"idOrVar","v":"value"}," Stunden"],"other":["vor ",{"t":"idOrVar","v":"value"}," Stunden"]},"$x":[{"t":"idOrVar","v":"plural"},"value"]},{"$i":"days-ago-long","$v":{"zero":"heute","one":"gestern","two":["vor ",{"t":"idOrVar","v":"value"}," Tagen"],"few":["vor ",{"t":"idOrVar","v":"value"}," Tagen"],"many":["vor ",{"t":"idOrVar","v":"value"}," Tagen"],"other":["vor ",{"t":"idOrVar","v":"value"}," Tagen"]},"$x":[{"t":"idOrVar","v":"plural"},"value"]},{"$i":"weeks-ago-long","$v":{"zero":"diese Woche","one":"letzte Woche","two":["vor ",{"t":"idOrVar","v":"value"}," Wochen"],"few":["vor ",{"t":"idOrVar","v":"value"}," Wochen"],"many":["vor ",{"t":"idOrVar","v":"value"}," Wochen"],"other":["vor ",{"t":"idOrVar","v":"value"}," Wochen"]},"$x":[{"t":"idOrVar","v":"plural"},"value"]},{"$i":"months-ago-long","$v":{"zero":"diesen Monat","one":"letzten Monat","two":["vor ",{"t":"idOrVar","v":"value"}," Monaten"],"few":["vor ",{"t":"idOrVar","v":"value"}," Monaten"],"many":["vor ",{"t":"idOrVar","v":"value"}," Monaten"],"other":["vor ",{"t":"idOrVar","v":"value"}," Monaten"]},"$x":[{"t":"idOrVar","v":"plural"},"value"]},{"$i":"years-ago-long","$v":{"zero":"dieses Jahr","one":"letztes Jahr","two":["vor ",{"t":"idOrVar","v":"value"}," Jahren"],"few":["vor ",{"t":"idOrVar","v":"value"}," Jahren"],"many":["vor ",{"t":"idOrVar","v":"value"}," Jahren"],"other":["vor ",{"t":"idOrVar","v":"value"}," Jahren"]},"$x":[{"t":"idOrVar","v":"plural"},"value"]},{"$i":"minutes-until-long","$v":{"zero":"jetzt","one":"in 1 Minute","two":["in ",{"t":"idOrVar","v":"value"}," Minuten"],"few":["in ",{"t":"idOrVar","v":"value"}," Minuten"],"many":["in ",{"t":"idOrVar","v":"value"}," Minuten"],"other":["in ",{"t":"idOrVar","v":"value"}," Minuten"]},"$x":[{"t":"idOrVar","v":"plural"},"value"]},{"$i":"hours-until-long","$v":{"zero":"jetzt","one":"in einer Stunde","two":["in ",{"t":"idOrVar","v":"value"}," Stunden"],"few":["in ",{"t":"idOrVar","v":"value"}," Stunden"],"many":["in ",{"t":"idOrVar","v":"value"}," Stunden"],"other":["in ",{"t":"idOrVar","v":"value"}," Stunden"]},"$x":[{"t":"idOrVar","v":"plural"},"value"]},{"$i":"days-until-long","$v":{"zero":"heute","one":"morgen","two":["in ",{"t":"idOrVar","v":"value"}," Tagen"],"few":["in ",{"t":"idOrVar","v":"value"}," Tagen"],"many":["in ",{"t":"idOrVar","v":"value"}," Tagen"],"other":["in ",{"t":"idOrVar","v":"value"}," Tagen"]},"$x":[{"t":"idOrVar","v":"plural"},"value"]},{"$i":"weeks-until-long","$v":{"zero":"diese Woche","one":"nächste Woche","two":["in ",{"t":"idOrVar","v":"value"}," Wochen"],"few":["in ",{"t":"idOrVar","v":"value"}," Wochen"],"many":["in ",{"t":"idOrVar","v":"value"}," Wochen"],"other":["in ",{"t":"idOrVar","v":"value"}," Wochen"]},"$x":[{"t":"idOrVar","v":"plural"},"value"]},{"$i":"months-until-long","$v":{"zero":"diesen Monat","one":"nächsten Monat","two":["in ",{"t":"idOrVar","v":"value"}," Monaten"],"few":["in ",{"t":"idOrVar","v":"value"}," Monaten"],"many":["in ",{"t":"idOrVar","v":"value"}," Monaten"],"other":["in ",{"t":"idOrVar","v":"value"}," Monaten"]},"$x":[{"t":"idOrVar","v":"plural"},"value"]},{"$i":"years-until-long","$v":{"zero":"dieses Jahr","one":"nächstes Jahr","two":["in ",{"t":"idOrVar","v":"value"}," Jahren"],"few":["in ",{"t":"idOrVar","v":"value"}," Jahren"],"many":["in ",{"t":"idOrVar","v":"value"}," Jahren"],"other":["in ",{"t":"idOrVar","v":"value"}," Jahren"]},"$x":[{"t":"idOrVar","v":"plural"},"value"]},{"$i":"minutes-ago-short","$v":{"zero":"jetzt","other":["vor ",{"t":"idOrVar","v":"value"}," m"]},"$x":[{"t":"idOrVar","v":"plural"},"value"]},{"$i":"hours-ago-short","$v":{"zero":"jetzt","other":["vor ",{"t":"idOrVar","v":"value"}," h"]},"$x":[{"t":"idOrVar","v":"plural"},"value"]},{"$i":"days-ago-short","$v":{"zero":"heute","other":["vor ",{"t":"idOrVar","v":"value"}," d"]},"$x":[{"t":"idOrVar","v":"plural"},"value"]},{"$i":"minutes-until-short","$v":{"zero":"jetzt","other":["in ",{"t":"idOrVar","v":"value"}," m"]},"$x":[{"t":"idOrVar","v":"plural"},"value"]},{"$i":"hours-until-short","$v":{"zero":"jetzt","other":["in ",{"t":"idOrVar","v":"value"}," h"]},"$x":[{"t":"idOrVar","v":"plural"},"value"]},{"$i":"days-until-short","$v":{"zero":"heute","other":["in ",{"t":"idOrVar","v":"value"}," d"]},"$x":[{"t":"idOrVar","v":"plural"},"value"]},{"$i":"incorrectDate","$v":"(ungültiges Datum)"},{"$i":"dateTimeFormat_%c","$v":"%a, %e. %b %Y %H:%M:%S"},{"$i":"dateTimeFormat_%x","$v":"%d.%m.%Y"},{"$i":"dateTimeFormat_%X","$v":"%H:%M:%S"},{"$i":"shortTimeFormat","$v":"%H:%M"},{"$i":"shortTimeFormat12","$v":"%I:%M %p"},{"$i":"shortTimeFormat24","$v":"%H:%M"},{"$i":"shortDateTimeFormat","$v":"%x %H:%M"},{"$i":"weekStartsOnMonday","$v":"1"},{"$i":"firstDayOfTheWeek","$v":"1"},{"$i":"time_am","$v":"AM"},{"$i":"time_pm","$v":"PM"}]