[{"$i":"back-button","ariaLabel":"Atzera"},{"$i":"close-button","ariaLabel":"Itxi"},{"$i":"setup-app-name-header","$v":"Posta"},{"$i":"setup-empty-account-message","$v":"You are not set up to send or receive email. Set up an account to complete the action."},{"$i":"setup-pick-service","$v":"Posta bidali eta jasotzeko kontu bat konfiguratu beharko duzu."},{"$i":"setup-account-header3","$v":"Kontu berria"},{"$i":"setup-account-enter-password","$v":"Sartu honen pasahitza:"},{"$i":"setup-info-name","placeholder":"Zure izena"},{"$i":"setup-info-email","placeholder":"norbait@adibidea.com"},{"$i":"setup-info-password","placeholder":"Pasahitza"},{"$i":"setup-info-next","$v":"Hurrengoa"},{"$i":"setup-progress-wait-msg","$v":"Kontua konfiguratzen"},{"$i":"setup-completed-header","$v":"Kontuaren konfigurazioa"},{"$i":"setup-completed-label","$v":"Dena eginda!"},{"$i":"setup-add-another-account","$v":"Gehitu beste kontu bat"},{"$i":"setup-show-mail","$v":"Jarraitu postara"},{"$i":"setup-error-offline","$v":"Une honetan gailua lineaz kanpo dago. Konektatu sare batera eta saiatu berriro."},{"$i":"setup-error-bad-user-or-pass2","$v":"Erabiltzaile-izen edo pasahitz baliogabea. Egiaztatu ondo idatzi duzula."},{"$i":"setup-error-bad-address","$v":"Helbide elektroniko baliogabea. Egiaztatu ondo idatzi duzula."},{"$i":"setup-error-not-authorized","$v":"Zerbitzariak dio ez daukazula kontu bat sortzeko baimenik"},{"$i":"setup-error-pop-server-not-great","$v":"Ez da zerbitzaria onartzen. POP3 zerbitzariak ez ditu beharrezko eginbideak inplementatzen."},{"$i":"setup-error-unknown2","$v":"Errore ezezaguna gertatu da. Egiaztatu sareko konexioa edo saiatu eskuzko konfigurazioaren aukera."},{"$i":"setup-error-needs-app-pass","$v":"Aplikazioarentzat espezifikoa den pasahitza erabili behar duzu bi faktoreko autentifikaziodun Gmail kontuetarako"},{"$i":"setup-error-imap-disabled","$v":"IMAP gaitu behar duzu zure Gmail kontuarentzako"},{"$i":"setup-error-pop3-disabled","$v":"POP3 gaitu behar duzu zure Gmail kontuarentzako"},{"$i":"setup-error-bad-security","$v":["Ezin da konexio segurua ezarri \"",{"t":"idOrVar","v":"server"},"\" zerbitzariarekin. Sarearekin edo zerbitzariarekin arazoak egon daitezke."]},{"$i":"setup-error-unresponsive-server","$v":["Ezin da konexio segurua ezarri \"",{"t":"idOrVar","v":"server"},"\" zerbitzariarekin. Sarearekin arazoak egon daitezke."]},{"$i":"setup-error-server-problem","$v":["Arazo bat dago \"",{"t":"idOrVar","v":"server"},"\" zerbitzariarekin. Saiatu berriro geroago."]},{"$i":"setup-error-no-config-info","$v":"Ezin da zure kontua automatikoki konfiguratu. Zuzendu helbide elektronikoa edo saiatu eskuzko konfigurazioaren aukera."},{"$i":"setup-error-server-maintenance","$v":["\"",{"t":"idOrVar","v":"server"},"\" zerbitzaria lineaz kanpo dago mantenu-lanengatik. Saiatu berriro geroago."]},{"$i":"setup-error-account-already-exists","$v":"Kontu hau konfiguratuta dago dagoeneko."},{"$i":"setup-manual-config2","$v":"Eskuzko konfigurazioa"},{"$i":"setup-manual-config-header","$v":"Konfigurazioa"},{"$i":"setup-manual-account-type","$v":"Kontu mota"},{"$i":"setup-manual-account-type-select","ariaLabel":"Kontu mota"},{"$i":"setup-manual-imap-header","$v":"IMAP ezarpenak"},{"$i":"setup-manual-pop3-header","$v":"POP3 ezarpenak"},{"$i":"setup-manual-smtp-header","$v":"SMTP ezarpenak"},{"$i":"setup-manual-activesync-header","$v":"ActiveSync ezarpenak"},{"$i":"setup-manual-next","$v":"Hurrengoa"},{"$i":"setup-manual-socket","$v":"Socket mota"},{"$i":"setup-manual-socket-ssl","$v":"SSL"},{"$i":"setup-manual-socket-starttls","$v":"STARTTLS"},{"$i":"setup-manual-socket-select","ariaLabel":"Konexio-segurtasuna"},{"$i":"setup-manual-socket-plain","$v":"Zifratu gabea (ez segurua)"},{"$i":"setup-manual-hostname","placeholder":"Ostalari-izena"},{"$i":"setup-manual-port","placeholder":"Ataka zenbakia"},{"$i":"setup-manual-username","placeholder":"Erabiltzaile-izena"},{"$i":"setup-manual-activesync-username","placeholder":"Domeinua\\Erabiltzaile-izena"},{"$i":"setup-bad-password-header","$v":"Pasahitz okerra!"},{"$i":"setup-bad-password","$v":"Ezin izan da zerbitzarian saioa hasi. Zure pasahitza okerra da?"},{"$i":"setup-new-password","placeholder":"Pasahitz berria"},{"$i":"setup-fix-password","$v":"Saiatu berriro pasahitz berriarekin"},{"$i":"setup-gmail-twofactor-header","$v":"Bi faktoreko autentifikazioa gaituta"},{"$i":"setup-gmail-twofactor-message","$v":"Aplikazioarentzat espezifikoa den pasahitza idatzi behar duzu azpian."},{"$i":"setup-gmail-twofactor-fix","$v":"Erabili aplikazio-pasahitza"},{"$i":"setup-gmail-imap-header","$v":"IMAP desgaituta"},{"$i":"setup-gmail-imap-message","$v":"IMAP gaitu behar duzu zure Gmail kontuan"},{"$i":"setup-gmail-imap-retry","$v":"Saiatu berriro"},{"$i":"setup-gmail-pop3-header","$v":"POP3 desgaituta"},{"$i":"setup-gmail-pop3-message","$v":"POP3 gaitu behar duzu zure Gmail kontuan"},{"$i":"setup-gmail-pop3-retry","$v":"Saiatu berriro"},{"$i":"setup-fix-oauth2-header","$v":"Birbaimendu posta"},{"$i":"setup-fix-oauth2-description","$v":"Posta birbaimendu behar da honako kontua atzitzeko:"},{"$i":"setup-fix-oauth2-reauthorize","$v":"Birbaimendu"},{"$i":"settings-main-header","$v":"Posta-ezarpenak"},{"$i":"settings-sub-header-account","$v":"Kontua"},{"$i":"settings-account-group","ariaLabel":"Kontua"},{"$i":"settings-account-name","$v":"Zure izena"},{"$i":"settings-account-display-notifications","$v":"Bistaratu mezu berrien jakinarazpenak"},{"$i":"settings-account-play-sound-onsend","$v":"Erreproduzitu soinua mezua bidali ondoren"},{"$i":"settings-empty-signature-label","$v":"Sakatu editatzeko"},{"$i":"settings-account-signature-label","$v":"Sinadura"},{"$i":"settings-account-signature-textbox","ariaLabel":"Sinadura"},{"$i":"signature-save","$v":"Gorde sinadura"},{"$i":"signature-discard-confirm","$v":"Baztertu"},{"$i":"settings-sub-header-data","$v":"Datuak"},{"$i":"settings-data-group","ariaLabel":"Datuak"},{"$i":"settings-account-check-mail","$v":"Begiratu mezu berririk dagoen"},{"$i":"settings-account-check-mail-select","ariaLabel":"Begiratu mezu berririk dagoen"},{"$i":"settings-sub-header-server","$v":"Zerbitzariaren ezarpenak"},{"$i":"settings-server-group","ariaLabel":"Zerbitzariaren ezarpenak"},{"$i":"settings-account-userpass","$v":"Erabiltzaile-izena eta pasahitza"},{"$i":"settings-account-useroauth2","$v":"Erabiltzaile-izena"},{"$i":"settings-default-signature-2","$v":"Firefox OS erabiliz bidalia"},{"$i":"settings-done","$v":"Eginda"},{"$i":"settings-account-section","$v":"Kontuak"},{"$i":"settings-account-listbox","ariaLabel":"Kontuak"},{"$i":"settings-account-add","$v":"Gehitu kontua"},{"$i":"settings-account-delete","$v":"Ezabatu kontua"},{"$i":"settings-account-delete-prompt","$v":["Ziur zaude zure ",{"t":"idOrVar","v":"account"}," posta-kontua ezabatu nahi duzula? Posta berriro deskargatu beharko duzu kontua berriro sortuz gero."]},{"$i":"settings-account-delete-cancel","$v":"Utzi"},{"$i":"settings-account-delete-confirm","$v":"Ezabatu"},{"$i":"settings-account-clarify-imap","$v":[{"t":"idOrVar","v":"account-name"}," (IMAP)"]},{"$i":"settings-account-clarify-pop3","$v":[{"t":"idOrVar","v":"account-name"}," (POP3)"]},{"$i":"settings-account-clarify-smtp","$v":[{"t":"idOrVar","v":"account-name"}," (SMTP)"]},{"$i":"settings-general-section","$v":"Ezarpen orokorrak"},{"$i":"settings-show-images","$v":"Erakutsi beti irudiak"},{"$i":"settings-download-attachments","$v":"Deskargatu eranskinak"},{"$i":"settings-check-every-5min","$v":"5 minutuan behin"},{"$i":"settings-check-every-10min","$v":"10 minutuan behin"},{"$i":"settings-check-every-15min","$v":"15 minutuan behin"},{"$i":"settings-check-every-30min","$v":"30 minutuan behin"},{"$i":"settings-check-every-60min","$v":"Orduro"},{"$i":"settings-check-every-manual","$v":"Eskuz"},{"$i":"settings-check-dynamic","$v":{"zero":"desgaituta","one":[{"t":"idOrVar","v":"n"}," segundo"],"two":[{"t":"idOrVar","v":"n"}," segundo"],"few":[{"t":"idOrVar","v":"n"}," segundo"],"many":[{"t":"idOrVar","v":"n"}," segundo"],"other":[{"t":"idOrVar","v":"n"}," segundo"]},"$x":[{"t":"idOrVar","v":"plural"},"n"]},{"$i":"settings-default-account","$v":"Kontu lehenetsia"},{"$i":"settings-account-type","$v":"Kontu mota"},{"$i":"settings-account-credentials","$v":"Kredentzialak"},{"$i":"settings-activesync-label","$v":"ActiveSync ezarpenak"},{"$i":"settings-imap-label","$v":"IMAP ezarpenak"},{"$i":"settings-pop3-label","$v":"POP3 ezarpenak"},{"$i":"settings-smtp-label","$v":"SMTP ezarpenak"},{"$i":"settings-hostname","$v":"Ostalari-izena"},{"$i":"settings-port","$v":"Ataka"},{"$i":"settings-username","$v":"Erabiltzaile-izena"},{"$i":"settings-password","$v":"Pasahitza"},{"$i":"settings-save","$v":"Gorde"},{"$i":"settings-password-empty","$v":"Pasahitzaren eremuak ezin du hutsik egon"},{"$i":"settings-reauth","$v":"Birbaimendu"},{"$i":"settings-account-synchronize-window","$v":"Sinkronizatzeko egunak"},{"$i":"settings-account-synchronize-window-select","ariaLabel":"Sinkronizatzeko egunak"},{"$i":"settings-synchronize-auto","$v":"Automatikoa"},{"$i":"settings-synchronize-one-day","$v":"egun bat"},{"$i":"settings-synchronize-three-days","$v":"3 egun"},{"$i":"settings-synchronize-one-week","$v":"astebete"},{"$i":"settings-synchronize-two-weeks","$v":"bi aste"},{"$i":"settings-synchronize-one-month","$v":"hilabete"},{"$i":"settings-synchronize-all","$v":"Mezu guztiak"},{"$i":"envelope-from","$v":"Nork"},{"$i":"envelope-to","$v":"Nori"},{"$i":"envelope-cc","$v":"Cc"},{"$i":"envelope-bcc","$v":"Bcc"},{"$i":"message-header-state-sending","ariaLabel":"Bidaltzen"},{"$i":"message-header-state-error","ariaLabel":"Errorea bidaltzean"},{"$i":"message-header-unread","ariaLabel":"Irakurri gabe"},{"$i":"message-header-starred","ariaLabel":"Izarra du"},{"$i":"message-header-attachments","ariaLabel":"Eranskinak ditu"},{"$i":"message-body-container","ariaLabel":"Mezuaren gorputza"},{"$i":"message-body-container-progress","ariaValueText":"Kargatzen"},{"$i":"subject","ariaLabel":"Gaia"},{"$i":"message-delete-button","ariaLabel":"Ezabatu"},{"$i":"message-star-button","ariaLabel":"Gehitu izarra"},{"$i":"message-unstar-button","ariaLabel":"Kendu izarra"},{"$i":"message-mark-read-button","ariaLabel":"Markatu irakurrita gisa"},{"$i":"message-mark-unread-button","ariaLabel":"Markatu irakurri gabe gisa"},{"$i":"message-move-button","ariaLabel":"Lekuz aldatu"},{"$i":"message-reply-forward-button","ariaLabel":"Erantzun edo birbidali"},{"$i":"download-button","ariaLabel":"Deskargatu"},{"$i":"downloading-progress","ariaValueText":"Deskargatzen"},{"$i":"view-button","ariaLabel":"Ikusi"},{"$i":"attachments-container","ariaLabel":"Eranskinak"},{"$i":"from-group","ariaLabel":"Nork"},{"$i":"to-group","ariaLabel":"Nori"},{"$i":"cc-group","ariaLabel":"cc"},{"$i":"bcc-group","ariaLabel":"bcc"},{"$i":"compose-header","$v":"Idatzi mezua"},{"$i":"compose-header-short","$v":"Idatzi"},{"$i":"compose-send","$v":"Bidali"},{"$i":"compose-send-button","ariaLabel":"Bidali"},{"$i":"compose-to","$v":"Nori"},{"$i":"compose-cc","$v":"cc"},{"$i":"compose-bcc","$v":"bcc"},{"$i":"compose-contact-add","ariaLabel":"Gehitu kontaktua"},{"$i":"compose-attachments-container","ariaLabel":{"$x":[{"t":"idOrVar","v":"plural"},"kilobytes"],"$v":{"zero":"Eranskinak","one":["Eranskinak: ",{"t":"idOrVar","v":"kilobytes"},"K"],"two":["Eranskinak: ",{"t":"idOrVar","v":"kilobytes"},"K"],"few":["Eranskinak: ",{"t":"idOrVar","v":"kilobytes"},"K"],"many":["Eranskinak: ",{"t":"idOrVar","v":"kilobytes"},"K"],"other":["Eranskinak: ",{"t":"idOrVar","v":"kilobytes"},"K"]}}},{"$i":"compose-attachment-remove","ariaLabel":"Kendu"},{"$i":"compose-attachment-button","ariaLabel":"Erantsi"},{"$i":"compose-attachments","$v":{"zero":"Eranskinak","one":"Eranskin bat","two":[{"t":"idOrVar","v":"n"}," eranskin"],"few":[{"t":"idOrVar","v":"n"}," eranskin"],"many":[{"t":"idOrVar","v":"n"}," eranskin"],"other":[{"t":"idOrVar","v":"n"}," eranskin"]},"$x":[{"t":"idOrVar","v":"plural"},"n"]},{"$i":"compose-text","ariaLabel":"Editatu"},{"$i":"compose-attachment-still-working","$v":"Momentu bat, aurreko eranskinarekin ari gara lanean oraindik..."},{"$i":"compose-subject","$v":"Gaia"},{"$i":"compose-draft-save","$v":"Gorde zirriborro lokaletan"},{"$i":"compose-discard-confirm","$v":"Baztertu"},{"$i":"compose-send-message-failed","$v":"Huts egin du mezua bidaltzean"},{"$i":"composer-attachment-large","$v":"Eranskina handiegia da"},{"$i":"composer-attachments-large","$v":"Eranskinak handiegiak dira"},{"$i":"compose-attchment-size-exceeded","$v":"Hautatutako eranskina handiegia da mezu honekin bidaltzeko."},{"$i":"compose-attchments-size-exceeded","$v":"Hautatutako eranskinak handiegiak dira mezu honekin bidaltzeko. Saiatu fitxategi gutxiago hautatzen."},{"$i":"dialog-button-ok","$v":"Ados"},{"$i":"default-attachment-filename","$v":[{"t":"idOrVar","v":"n"},". eranskina"]},{"$i":"attachment-size-kib","$v":[{"t":"idOrVar","v":"kilobytes"},"K"]},{"$i":"message-attachment-view","$v":"Ikusi"},{"$i":"message-attachment-did-not-open-label","$v":"Unable to open"},{"$i":"message-attachment-did-not-open-body","$v":"The device does not have an app that can open the attachment."},{"$i":"message-attachment-too-large","$v":"Fitxategi hau handiegia da deskargatzeko."},{"$i":"message-no-subject","$v":"(gairik ez)"},{"$i":"message-edit-menu-edit","$v":"Editatu"},{"$i":"message-edit-menu-delete","$v":"Ezabatu"},{"$i":"message-edit-delete-confirm","$v":"Ezabatu mezua?"},{"$i":"message-send-attachment-disabled-confirm","$v":"Eranskinak ezin dira birbidali."},{"$i":"message-multiedit-header","$v":{"zero":"Editatu","one":[{"t":"idOrVar","v":"n"}," hautatuta"],"two":[{"t":"idOrVar","v":"n"}," hautatuta"],"few":[{"t":"idOrVar","v":"n"}," hautatuta"],"many":[{"t":"idOrVar","v":"n"}," hautatuta"],"other":[{"t":"idOrVar","v":"n"}," hautatuta"]},"$x":[{"t":"idOrVar","v":"plural"},"n"]},{"$i":"browse-to-url-prompt","$v":["Nabigatu URLra?: ",{"t":"idOrVar","v":"url"}]},{"$i":"message-download-images-tap","$v":{"one":"Mezu honek irudi bat dauka. Sakatu deskargatzeko.","two":["Mezu honek ",{"t":"idOrVar","v":"n"}," irudi dauzka. Sakatu deskargatzeko."],"few":["Mezu honek ",{"t":"idOrVar","v":"n"}," irudi dauzka. Sakatu deskargatzeko."],"many":["Mezu honek ",{"t":"idOrVar","v":"n"}," irudi dauzka. Sakatu deskargatzeko."],"other":["Mezu honek ",{"t":"idOrVar","v":"n"}," irudi dauzka. Sakatu deskargatzeko."]},"$x":[{"t":"idOrVar","v":"plural"},"n"]},{"$i":"message-show-external-images","$v":"Erakutsi kanpoko irudiak"},{"$i":"message-multiedit-cancel","$v":"Utzi"},{"$i":"message-multiedit-delete-confirm","$v":{"one":"Ezabatu mezu hau?","two":["Ezabatu ",{"t":"idOrVar","v":"n"}," mezu?"],"few":["Ezabatu ",{"t":"idOrVar","v":"n"}," mezu?"],"many":["Ezabatu ",{"t":"idOrVar","v":"n"}," mezu?"],"other":["Ezabatu ",{"t":"idOrVar","v":"n"}," mezu?"]},"$x":[{"t":"idOrVar","v":"plural"},"n"]},{"$i":"message-large-message-cancel","$v":"Utzi"},{"$i":"message-large-message-ok","$v":"Jarraitu"},{"$i":"message-large-message-confirm","$v":"Mezu hau handia da eta denbora pixka bat har lezake deskargatzeko."},{"$i":"message-search-from","$v":"Nork"},{"$i":"message-search-to","$v":"Nori"},{"$i":"message-search-subject","$v":"Gaia"},{"$i":"message-search-body","$v":"Gorp."},{"$i":"message-search-all","$v":"Denak"},{"$i":"message-search-input","placeholder":"Bilatu mezuak"},{"$i":"message-search-cancel","$v":"Utzi"},{"$i":"messages-syncing","$v":"Mezuak kargatzen"},{"$i":"messages-load-more","$v":"Kargatu mezu gehiago"},{"$i":"messages-folder-empty","$v":"Mezurik ez karpeta honetan"},{"$i":"messages-search-empty","$v":"Bat datorrenik ez cache lokaleko mezuetan"},{"$i":"messages-folder-select","$v":"Hautatu karpeta"},{"$i":"messages-folder-unread-max","$v":"999+"},{"$i":"message-contact-menu-create","$v":"Gorde kontaktu berria"},{"$i":"message-contact-menu-add-existing","$v":"Gehitu badagoen kontaktuari"},{"$i":"message-contact-menu-view","$v":"Ikusi kontaktua"},{"$i":"message-contact-menu-reply","$v":"Erantzun"},{"$i":"message-contact-menu-new","$v":"Bidali mezu berria"},{"$i":"message-reply-menu-reply","$v":"Erantzun"},{"$i":"message-reply-menu-reply-all","$v":"Erantzun denei"},{"$i":"message-reply-menu-forward","$v":"Birbidali"},{"$i":"message-reply-menu-cancel","$v":"Utzi"},{"$i":"reply-quoting-wrote","$v":"{name} igorleak idatzi zuen"},{"$i":"forward-original-message","$v":"Jatorrizko mezua"},{"$i":"forward-header-subject","$v":"Gaia"},{"$i":"forward-header-date","$v":"Data"},{"$i":"forward-header-from","$v":"Nork"},{"$i":"forward-header-reply-to","$v":"Erantzun honi"},{"$i":"forward-header-to","$v":"Nori"},{"$i":"forward-header-cc","$v":"Cc"},{"$i":"folder-inbox","$v":"Sarrera-ontzia"},{"$i":"folder-sent","$v":"Bidalitakoak"},{"$i":"folder-drafts","$v":"Zirriborroak"},{"$i":"folder-trash","$v":"Zakarrontzia"},{"$i":"folder-queue","$v":"Bidali gabekoak"},{"$i":"folder-junk","$v":"Spama"},{"$i":"folder-archives","$v":"Artxiboak"},{"$i":"folder-localdrafts","$v":"Zirriborro lokalak"},{"$i":"folder-outbox","$v":"Irteerako ontzia"},{"$i":"drawer-back","$v":"Atzera"},{"$i":"drawer-accounts-header","$v":"Kontuak"},{"$i":"drawer-settings-link","$v":"Ezarpenak"},{"$i":"folder-last-synced-label","$v":"Azken sinkronizazioa:"},{"$i":"messages-refresh-button","ariaLabel":"Freskatu"},{"$i":"messages-refresh-progress","ariaValueText":"Freskatzen"},{"$i":"edit-button","ariaLabel":"Editatu"},{"$i":"message-list-top-action","$v":"Goian"},{"$i":"message-list-menu","ariaLabel":"Karpetak eta ezarpenak"},{"$i":"message-list-compose","ariaLabel":"Compose"},{"$i":"toaster-undo","$v":"Desegin"},{"$i":"toaster-message-star","$v":{"one":"Mezu-marka bat ezarrita","two":[{"t":"idOrVar","v":"n"}," mezu-marka ezarrita"],"few":[{"t":"idOrVar","v":"n"}," mezu-marka ezarrita"],"many":[{"t":"idOrVar","v":"n"}," mezu-marka ezarrita"],"other":[{"t":"idOrVar","v":"n"}," mezu-marka ezarrita"]},"$x":[{"t":"idOrVar","v":"plural"},"n"]},{"$i":"toaster-message-unstar","$v":{"one":"Mezu-marka bat kenduta","two":[{"t":"idOrVar","v":"n"}," mezu-marka kenduta"],"few":[{"t":"idOrVar","v":"n"}," mezu-marka kenduta"],"many":[{"t":"idOrVar","v":"n"}," mezu-marka kenduta"],"other":[{"t":"idOrVar","v":"n"}," mezu-marka kenduta"]},"$x":[{"t":"idOrVar","v":"plural"},"n"]},{"$i":"toaster-message-read","$v":{"one":"Mezu bat irakurritako gisa markatuta","two":[{"t":"idOrVar","v":"n"}," mezu irakurritako gisa markatuta"],"few":[{"t":"idOrVar","v":"n"}," mezu irakurritako gisa markatuta"],"many":[{"t":"idOrVar","v":"n"}," mezu irakurritako gisa markatuta"],"other":[{"t":"idOrVar","v":"n"}," mezu irakurritako gisa markatuta"]},"$x":[{"t":"idOrVar","v":"plural"},"n"]},{"$i":"toaster-message-unread","$v":{"one":"Mezu bat irakurri gabeko gisa markatuta","two":[{"t":"idOrVar","v":"n"}," mezu irakurri gabeko gisa markatuta"],"few":[{"t":"idOrVar","v":"n"}," mezu irakurri gabeko gisa markatuta"],"many":[{"t":"idOrVar","v":"n"}," mezu irakurri gabeko gisa markatuta"],"other":[{"t":"idOrVar","v":"n"}," mezu irakurri gabeko gisa markatuta"]},"$x":[{"t":"idOrVar","v":"plural"},"n"]},{"$i":"toaster-message-move","$v":{"one":"Mezu bat lekuz aldatuta","two":[{"t":"idOrVar","v":"n"}," mezu lekuz aldatuta"],"few":[{"t":"idOrVar","v":"n"}," mezu lekuz aldatuta"],"many":[{"t":"idOrVar","v":"n"}," mezu lekuz aldatuta"],"other":[{"t":"idOrVar","v":"n"}," mezu lekuz aldatuta"]},"$x":[{"t":"idOrVar","v":"plural"},"n"]},{"$i":"toaster-message-delete","$v":{"one":"Mezu bat ezabatuta","two":[{"t":"idOrVar","v":"n"}," mezu ezabatuta"],"few":[{"t":"idOrVar","v":"n"}," mezu ezabatuta"],"many":[{"t":"idOrVar","v":"n"}," mezu ezabatuta"],"other":[{"t":"idOrVar","v":"n"}," mezu ezabatuta"]},"$x":[{"t":"idOrVar","v":"plural"},"n"]},{"$i":"toaster-retryable-syncfailed","$v":"Ezin da zerbitzariarekin konektatu"},{"$i":"compose-invalid-addresses-title","$v":"Helbide baliogabeak"},{"$i":"compose-invalid-addresses-description","$v":"Mezuak helbide elektroniko baliogabe bat edo gehiago ditu. Zuzen itzazu bidali aurretik."},{"$i":"background-send-pending","$v":"Sarea ez dago erabilgarri. Mezua irteera-ontzian gorde da."},{"$i":"background-send-sending","$v":"Mezuak bidaltzen..."},{"$i":"background-send-success","$v":"Mezua bidali da."},{"$i":"background-send-error","$v":"Errore bat gertatu da. Mezua irteera-ontzian gorde da."},{"$i":"background-send-error-recipients","$v":"Hartzaileen errorea. Mezua irteera-ontzian gorde da."},{"$i":"background-send-error-title","$v":"Huts egin du mezua bidaltzeak"},{"$i":"send-failure-recipients","$v":"Egiaztatu goiko helbideak ondo idatzita daudela. Posta-zerbitzariak helbide bat edo gehiago okerrak direla ohartarazi du."},{"$i":"send-failure-unknown","$v":"Mezua ezin izan da bidali."},{"$i":"form-clear-input","$v":"Kendu testua"},{"$i":"confirm-dialog-title","$v":"Berrespena"},{"$i":"senders-separation-sign","$v":", "},{"$i":"new-messages","$v":{"one":"Mezu berria","two":[{"t":"idOrVar","v":"n"}," mezu berri"],"few":[{"t":"idOrVar","v":"n"}," mezu berri"],"many":[{"t":"idOrVar","v":"n"}," mezu berri"],"other":[{"t":"idOrVar","v":"n"}," mezu berri"]},"$x":[{"t":"idOrVar","v":"plural"},"n"]},{"$i":"notification-no-subject","$v":"(no subject)"},{"$i":"new-emails-notify-one-account","$v":{"one":"Mezu berria","two":[{"t":"idOrVar","v":"n"}," mezu berri"],"few":[{"t":"idOrVar","v":"n"}," mezu berri"],"many":[{"t":"idOrVar","v":"n"}," mezu berri"],"other":[{"t":"idOrVar","v":"n"}," mezu berri"]},"$x":[{"t":"idOrVar","v":"plural"},"n"]},{"$i":"new-emails-notify-multiple-accounts","$v":{"one":["Mezu berri bat (",{"t":"idOrVar","v":"accountName"},")"],"two":[{"t":"idOrVar","v":"n"}," mezu berri (",{"t":"idOrVar","v":"accountName"},")"],"few":[{"t":"idOrVar","v":"n"}," mezu berri (",{"t":"idOrVar","v":"accountName"},")"],"many":[{"t":"idOrVar","v":"n"}," mezu berri (",{"t":"idOrVar","v":"accountName"},")"],"other":[{"t":"idOrVar","v":"n"}," mezu berri (",{"t":"idOrVar","v":"accountName"},")"]},"$x":[{"t":"idOrVar","v":"plural"},"n"]},{"$i":"new-emails-notify-multiple-accounts-body","$v":[{"t":"idOrVar","v":"from"}," “",{"t":"idOrVar","v":"subject"},"”"]},{"$i":"tng-plain-socket-warning-title","$v":"Ziur zaude?"},{"$i":"tng-plain-socket-warning-message","$v":"Jendeak zure pasahitzak eta postak ikus ditzake, edo zure kontua kontrola dezake."},{"$i":"tng-plain-socket-warning-message-options","$v":"Badaude posta elektronikoko hornitzaile gehiago ere, konexio seguru eta zifratuak eskaintzen dituztenak."},{"$i":"tng-plain-socket-learn-more","$v":"Ikasi gehiago"},{"$i":"tng-plain-socket-warning-ok","$v":"Ulertzen dut"},{"$i":"message-reader-next-button","ariaLabel":"Hurrengoa"},{"$i":"message-reader-previous-button","ariaLabel":"Aurrekoa"},{"$i":"message-reader-date-received","ariaLabel":"Jasota"},{"$i":"weekday-0-long","$v":"Igandea"},{"$i":"weekday-1-long","$v":"Astelehena"},{"$i":"weekday-2-long","$v":"Asteartea"},{"$i":"weekday-3-long","$v":"Asteazkena"},{"$i":"weekday-4-long","$v":"Osteguna"},{"$i":"weekday-5-long","$v":"Ostirala"},{"$i":"weekday-6-long","$v":"Larunbata"},{"$i":"weekday-0-short","$v":"Ig."},{"$i":"weekday-1-short","$v":"Al."},{"$i":"weekday-2-short","$v":"Ar."},{"$i":"weekday-3-short","$v":"Az."},{"$i":"weekday-4-short","$v":"Og."},{"$i":"weekday-5-short","$v":"Or."},{"$i":"weekday-6-short","$v":"Lr."},{"$i":"month-0-long","$v":"Urtarrila"},{"$i":"month-1-long","$v":"Otsaila"},{"$i":"month-2-long","$v":"Martxoa"},{"$i":"month-3-long","$v":"Apirila"},{"$i":"month-4-long","$v":"Maiatza"},{"$i":"month-5-long","$v":"Ekaina"},{"$i":"month-6-long","$v":"Uztaila"},{"$i":"month-7-long","$v":"Abuztua"},{"$i":"month-8-long","$v":"Iraila"},{"$i":"month-9-long","$v":"Urria"},{"$i":"month-10-long","$v":"Azaroa"},{"$i":"month-11-long","$v":"Abendua"},{"$i":"month-0-genitive","$v":"Urtarrilaren"},{"$i":"month-1-genitive","$v":"Otsailaren"},{"$i":"month-2-genitive","$v":"Martxoaren"},{"$i":"month-3-genitive","$v":"Apirilaren"},{"$i":"month-4-genitive","$v":"Maiatzaren"},{"$i":"month-5-genitive","$v":"Ekainaren"},{"$i":"month-6-genitive","$v":"Uztailaren"},{"$i":"month-7-genitive","$v":"Abuztuaren"},{"$i":"month-8-genitive","$v":"Irailaren"},{"$i":"month-9-genitive","$v":"Urriaren"},{"$i":"month-10-genitive","$v":"Azaroaren"},{"$i":"month-11-genitive","$v":"Abenduaren"},{"$i":"month-0-short","$v":"urt."},{"$i":"month-1-short","$v":"ots."},{"$i":"month-2-short","$v":"mar."},{"$i":"month-3-short","$v":"api."},{"$i":"month-4-short","$v":"mai."},{"$i":"month-5-short","$v":"eka."},{"$i":"month-6-short","$v":"uzt."},{"$i":"month-7-short","$v":"abu."},{"$i":"month-8-short","$v":"ira."},{"$i":"month-9-short","$v":"urr."},{"$i":"month-10-short","$v":"aza."},{"$i":"month-11-short","$v":"abe."},{"$i":"minutes-ago-long","$v":{"zero":"orain","one":"duela minutu bat","two":["duela ",{"t":"idOrVar","v":"value"}," minutu"],"few":["duela ",{"t":"idOrVar","v":"value"}," minutu"],"many":["duela ",{"t":"idOrVar","v":"value"}," minutu"],"other":["duela ",{"t":"idOrVar","v":"value"}," minutu"]},"$x":[{"t":"idOrVar","v":"plural"},"value"]},{"$i":"hours-ago-long","$v":{"zero":"orain","one":"duela ordubete","two":["duela ",{"t":"idOrVar","v":"value"}," ordu"],"few":["duela ",{"t":"idOrVar","v":"value"}," ordu"],"many":["duela ",{"t":"idOrVar","v":"value"}," ordu"],"other":["duela ",{"t":"idOrVar","v":"value"}," ordu"]},"$x":[{"t":"idOrVar","v":"plural"},"value"]},{"$i":"days-ago-long","$v":{"zero":"gaur","one":"atzo","two":"herenegun","few":["duela ",{"t":"idOrVar","v":"value"}," egun"],"many":["duela ",{"t":"idOrVar","v":"value"}," egun"],"other":["duela ",{"t":"idOrVar","v":"value"}," egun"]},"$x":[{"t":"idOrVar","v":"plural"},"value"]},{"$i":"weeks-ago-long","$v":{"zero":"aste honetan","one":"azken astean","two":["duela ",{"t":"idOrVar","v":"value"}," aste"],"few":["duela ",{"t":"idOrVar","v":"value"}," aste"],"many":["duela ",{"t":"idOrVar","v":"value"}," aste"],"other":["duela ",{"t":"idOrVar","v":"value"}," aste"]},"$x":[{"t":"idOrVar","v":"plural"},"value"]},{"$i":"months-ago-long","$v":{"zero":"hilabete honetan","one":"azken hilabetean","two":["duela ",{"t":"idOrVar","v":"value"}," hilabete"],"few":["duela ",{"t":"idOrVar","v":"value"}," hilabete"],"many":["duela ",{"t":"idOrVar","v":"value"}," hilabete"],"other":["duela ",{"t":"idOrVar","v":"value"}," hilabete"]},"$x":[{"t":"idOrVar","v":"plural"},"value"]},{"$i":"years-ago-long","$v":{"zero":"aurten","one":"iaz","two":["duela ",{"t":"idOrVar","v":"value"}," urte"],"few":["duela ",{"t":"idOrVar","v":"value"}," urte"],"many":["duela ",{"t":"idOrVar","v":"value"}," urte"],"other":["duela ",{"t":"idOrVar","v":"value"}," urte"]},"$x":[{"t":"idOrVar","v":"plural"},"value"]},{"$i":"minutes-until-long","$v":{"zero":"orain","one":"minutu barru","two":[{"t":"idOrVar","v":"value"}," minutu barru"],"few":[{"t":"idOrVar","v":"value"}," minutu barru"],"many":[{"t":"idOrVar","v":"value"}," minutu barru"],"other":[{"t":"idOrVar","v":"value"}," minutu barru"]},"$x":[{"t":"idOrVar","v":"plural"},"value"]},{"$i":"hours-until-long","$v":{"zero":"orain","one":"ordubete barru","two":[{"t":"idOrVar","v":"value"}," ordu barru"],"few":[{"t":"idOrVar","v":"value"}," ordu barru"],"many":[{"t":"idOrVar","v":"value"}," ordu barru"],"other":[{"t":"idOrVar","v":"value"}," ordu barru"]},"$x":[{"t":"idOrVar","v":"plural"},"value"]},{"$i":"days-until-long","$v":{"zero":"gaur","one":"bihar","two":"etzi","few":[{"t":"idOrVar","v":"value"}," egun barru"],"many":[{"t":"idOrVar","v":"value"}," egun barru"],"other":[{"t":"idOrVar","v":"value"}," egun barru"]},"$x":[{"t":"idOrVar","v":"plural"},"value"]},{"$i":"weeks-until-long","$v":{"zero":"aste honetan","one":"hurrengo astean","two":[{"t":"idOrVar","v":"value"}," aste barru"],"few":[{"t":"idOrVar","v":"value"}," aste barru"],"many":[{"t":"idOrVar","v":"value"}," aste barru"],"other":[{"t":"idOrVar","v":"value"}," aste barru"]},"$x":[{"t":"idOrVar","v":"plural"},"value"]},{"$i":"months-until-long","$v":{"zero":"hil honetan","one":"hurrengo hilean","two":[{"t":"idOrVar","v":"value"}," hilabete barru"],"few":[{"t":"idOrVar","v":"value"}," hilabete barru"],"many":[{"t":"idOrVar","v":"value"}," hilabete barru"],"other":[{"t":"idOrVar","v":"value"}," hilabete barru"]},"$x":[{"t":"idOrVar","v":"plural"},"value"]},{"$i":"years-until-long","$v":{"zero":"aurten","one":"hurrengo urtean","two":[{"t":"idOrVar","v":"value"}," urte barru"],"few":[{"t":"idOrVar","v":"value"}," urte barru"],"many":[{"t":"idOrVar","v":"value"}," urte barru"],"other":[{"t":"idOrVar","v":"value"}," urte barru"]},"$x":[{"t":"idOrVar","v":"plural"},"value"]},{"$i":"minutes-ago-short","$v":{"zero":"orain","other":["duela ",{"t":"idOrVar","v":"value"},"m"]},"$x":[{"t":"idOrVar","v":"plural"},"value"]},{"$i":"hours-ago-short","$v":{"zero":"orain","other":["duela ",{"t":"idOrVar","v":"value"},"h"]},"$x":[{"t":"idOrVar","v":"plural"},"value"]},{"$i":"days-ago-short","$v":{"zero":"gaur","other":["duela ",{"t":"idOrVar","v":"value"},"eg."]},"$x":[{"t":"idOrVar","v":"plural"},"value"]},{"$i":"minutes-until-short","$v":{"zero":"orain","other":[{"t":"idOrVar","v":"value"},"m barru"]},"$x":[{"t":"idOrVar","v":"plural"},"value"]},{"$i":"hours-until-short","$v":{"zero":"orain","other":[{"t":"idOrVar","v":"value"},"h barru"]},"$x":[{"t":"idOrVar","v":"plural"},"value"]},{"$i":"days-until-short","$v":{"zero":"gaur","other":[{"t":"idOrVar","v":"value"},"eg. barru"]},"$x":[{"t":"idOrVar","v":"plural"},"value"]},{"$i":"incorrectDate","$v":"(data okerra)"},{"$i":"dateTimeFormat_%c","$v":"%a, %Y.eko %Bren %ea %H:%M:%S"},{"$i":"dateTimeFormat_%x","$v":"%Y/%m/%d"},{"$i":"dateTimeFormat_%X","$v":"%H:%M:%S"},{"$i":"shortTimeFormat","$v":"%I:%M %p"},{"$i":"shortTimeFormat12","$v":"%I:%M %p"},{"$i":"shortTimeFormat24","$v":"%H:%M"},{"$i":"shortDateTimeFormat","$v":"%x %H:%M"},{"$i":"weekStartsOnMonday","$v":"1"},{"$i":"firstDayOfTheWeek","$v":"1"},{"$i":"time_am","$v":"AM"},{"$i":"time_pm","$v":"PM"}]