[{"$i":"back-button","ariaLabel":"Atrás"},{"$i":"close-button","ariaLabel":"Close"},{"$i":"setup-app-name-header","$v":"Correo"},{"$i":"setup-empty-account-message","$v":"You are not set up to send or receive email. Set up an account to complete the action."},{"$i":"setup-pick-service","$v":"Para enviar e recibir correos, necesitará configurar unha conta."},{"$i":"setup-account-header3","$v":"Nova conta"},{"$i":"setup-account-enter-password","$v":"Escriba un contrasinal para:"},{"$i":"setup-info-name","placeholder":"O seu nome"},{"$i":"setup-info-email","placeholder":"vostede@exemplo.com"},{"$i":"setup-info-password","placeholder":"Contrasinal"},{"$i":"setup-info-next","$v":"Seguinte"},{"$i":"setup-progress-wait-msg","$v":"Configurando conta"},{"$i":"setup-completed-header","$v":"Configuración da conta"},{"$i":"setup-completed-label","$v":"Todo feito!"},{"$i":"setup-add-another-account","$v":"Engadir outra conta"},{"$i":"setup-show-mail","$v":"Ver o correo"},{"$i":"setup-error-offline","$v":"Este dispositivo está desconectado. Conéctese a unha rede e tente de novo."},{"$i":"setup-error-bad-user-or-pass2","$v":"Usuario ou contrasinal incorrecto. Compróbeos."},{"$i":"setup-error-bad-address","$v":"Enderezo de correo incorrecto. Compróbeo."},{"$i":"setup-error-not-authorized","$v":"O servidor responde que non está autorizado para crear unha conta"},{"$i":"setup-error-pop-server-not-great","$v":"Servidor incompatíbel. O servidor POP3 non ten as funcionalidades requiridas."},{"$i":"setup-error-unknown2","$v":"Produciuse un erro descoñecido. Comprobe a conexión de rede ou tente coa configuración manual."},{"$i":"setup-error-needs-app-pass","$v":"Debe usar un contrasinal específico do aplicativo para a comprobación de dous pasos das contas de Gmail"},{"$i":"setup-error-imap-disabled","$v":"Debe activar IMAP na súa conta de Gmail"},{"$i":"setup-error-pop3-disabled","$v":"Debe activar POP3 na súa conta de Gmail"},{"$i":"setup-error-bad-security","$v":["Non é posíbel estabelecer unha conexión segura con \"",{"t":"idOrVar","v":"server"},"\". Pode haber un problema coa súa rede ou co servidor."]},{"$i":"setup-error-unresponsive-server","$v":["Non é posíbel estabelecer unha conexión con \"",{"t":"idOrVar","v":"server"},"\". Pode haber un problema coa rede."]},{"$i":"setup-error-server-problem","$v":["Hai un problema co servidor \"",{"t":"idOrVar","v":"server"},"\". Tente de novo máis tarde."]},{"$i":"setup-error-no-config-info","$v":"Foi imposíbel configurar automaticamente a súa conta. Corrixa o seu enderezo de correo ou tente coa configuración manual."},{"$i":"setup-error-server-maintenance","$v":["O servidor \"",{"t":"idOrVar","v":"server"},"\" non está dispoñíbel por mantemento. Tente de novo máis tarde."]},{"$i":"setup-error-account-already-exists","$v":"Esta conta xa está configurada."},{"$i":"setup-manual-config2","$v":"Configuración manual"},{"$i":"setup-manual-config-header","$v":"Config. manual"},{"$i":"setup-manual-account-type","$v":"Tipo de conta"},{"$i":"setup-manual-account-type-select","ariaLabel":"Tipo de conta"},{"$i":"setup-manual-imap-header","$v":"Axustes IMAP"},{"$i":"setup-manual-pop3-header","$v":"Axustes POP3"},{"$i":"setup-manual-smtp-header","$v":"Axustes SMTP"},{"$i":"setup-manual-activesync-header","$v":"Axustes ActiveSync"},{"$i":"setup-manual-next","$v":"Seguinte"},{"$i":"setup-manual-socket","$v":"Tipo de sócket"},{"$i":"setup-manual-socket-ssl","$v":"SSL"},{"$i":"setup-manual-socket-starttls","$v":"STARTTLS"},{"$i":"setup-manual-socket-select","ariaLabel":"Seguranza da conexión"},{"$i":"setup-manual-socket-plain","$v":"Unencrypted (insecure)"},{"$i":"setup-manual-hostname","placeholder":"Nome do servidor"},{"$i":"setup-manual-port","placeholder":"Número de porto"},{"$i":"setup-manual-username","placeholder":"Nome de usuario"},{"$i":"setup-manual-activesync-username","placeholder":"Dominio\\Nome de usuario"},{"$i":"setup-bad-password-header","$v":"Contrasinal incorrecto!"},{"$i":"setup-bad-password","$v":"Non foi posíbel identificarse no servidor. Quizais o contrasinal non é correcto?"},{"$i":"setup-new-password","placeholder":"Novo contrasinal"},{"$i":"setup-fix-password","$v":"Probe con outro contrasinal"},{"$i":"setup-gmail-twofactor-header","$v":"Comprobación en dous pasos activada"},{"$i":"setup-gmail-twofactor-message","$v":"Precisa escribir un contrasinal específico do aplicativo a continuación."},{"$i":"setup-gmail-twofactor-fix","$v":"Usar o contrasinal do aplicativo"},{"$i":"setup-gmail-imap-header","$v":"IMAP desactivado"},{"$i":"setup-gmail-imap-message","$v":"Debe activar IMAP na súa conta de Gmail"},{"$i":"setup-gmail-imap-retry","$v":"Tentar de novo"},{"$i":"setup-gmail-pop3-header","$v":"POP3 desactivado"},{"$i":"setup-gmail-pop3-message","$v":"Debe activar POP3 na súa conta de Gmail"},{"$i":"setup-gmail-pop3-retry","$v":"Tentar de novo"},{"$i":"setup-fix-oauth2-header","$v":"Re-autorización de correo"},{"$i":"setup-fix-oauth2-description","$v":"Precisar volver a autorizar o correo para ter acceso á seguinte conta:"},{"$i":"setup-fix-oauth2-reauthorize","$v":"Re-autorizar"},{"$i":"settings-main-header","$v":"Axustes correo"},{"$i":"settings-sub-header-account","$v":"Conta"},{"$i":"settings-account-group","ariaLabel":"Account"},{"$i":"settings-account-name","$v":"O seu nome"},{"$i":"settings-account-display-notifications","$v":"Amosar notificacións de novas mensaxes"},{"$i":"settings-account-play-sound-onsend","$v":"Reproducir un son despois de enviar a mensaxe"},{"$i":"settings-empty-signature-label","$v":"Toque para editar"},{"$i":"settings-account-signature-label","$v":"Sinatura"},{"$i":"settings-account-signature-textbox","ariaLabel":"Signature"},{"$i":"signature-save","$v":"Gardar sinatura"},{"$i":"signature-discard-confirm","$v":"Descartar"},{"$i":"settings-sub-header-data","$v":"Datos"},{"$i":"settings-data-group","ariaLabel":"Data"},{"$i":"settings-account-check-mail","$v":"Comprobar se hai novas mensaxes"},{"$i":"settings-account-check-mail-select","ariaLabel":"Check for new messages"},{"$i":"settings-sub-header-server","$v":"Axustes do servidor"},{"$i":"settings-server-group","ariaLabel":"Server settings"},{"$i":"settings-account-userpass","$v":"Nome de usuario e contrasinal"},{"$i":"settings-account-useroauth2","$v":"Nome de usuario"},{"$i":"settings-default-signature-2","$v":"Enviado desde Firefox OS"},{"$i":"settings-done","$v":"Feito"},{"$i":"settings-account-section","$v":"Contas"},{"$i":"settings-account-listbox","ariaLabel":"Accounts"},{"$i":"settings-account-add","$v":"Engadir conta"},{"$i":"settings-account-delete","$v":"Eliminar conta"},{"$i":"settings-account-delete-prompt","$v":["Confirma que quere eliminar a súa conta de correo ",{"t":"idOrVar","v":"account"},"? Se volve crear a conta terá que volver descargar o seu correo."]},{"$i":"settings-account-delete-cancel","$v":"Cancelar"},{"$i":"settings-account-delete-confirm","$v":"Eliminar"},{"$i":"settings-account-clarify-imap","$v":[{"t":"idOrVar","v":"account-name"}," (IMAP)"]},{"$i":"settings-account-clarify-pop3","$v":[{"t":"idOrVar","v":"account-name"}," (POP3)"]},{"$i":"settings-account-clarify-smtp","$v":[{"t":"idOrVar","v":"account-name"}," (SMTP)"]},{"$i":"settings-general-section","$v":"Axustes xerais"},{"$i":"settings-show-images","$v":"Amosar sempre as imaxes"},{"$i":"settings-download-attachments","$v":"Descargar os anexos"},{"$i":"settings-check-every-5min","$v":"Cada 5 minutos"},{"$i":"settings-check-every-10min","$v":"Cada 10 minutos"},{"$i":"settings-check-every-15min","$v":"Cada 15 minutos"},{"$i":"settings-check-every-30min","$v":"Cada 30 minutos"},{"$i":"settings-check-every-60min","$v":"Cada ora"},{"$i":"settings-check-every-manual","$v":"Manualmente"},{"$i":"settings-check-dynamic","$v":{"zero":"desactivado","one":[{"t":"idOrVar","v":"n"}," segundo"],"two":[{"t":"idOrVar","v":"n"}," segundos"],"few":[{"t":"idOrVar","v":"n"}," segundos"],"many":[{"t":"idOrVar","v":"n"}," segundos"],"other":[{"t":"idOrVar","v":"n"}," segundos"]},"$x":[{"t":"idOrVar","v":"plural"},"n"]},{"$i":"settings-default-account","$v":"Estabelecer como predeterminado"},{"$i":"settings-account-type","$v":"Tipo de conta"},{"$i":"settings-account-credentials","$v":"Credenciais"},{"$i":"settings-activesync-label","$v":"Axustes ActiveSync"},{"$i":"settings-imap-label","$v":"Axustes IMAP"},{"$i":"settings-pop3-label","$v":"Axustes POP3"},{"$i":"settings-smtp-label","$v":"Axustes SMTP"},{"$i":"settings-hostname","$v":"Nome do servidor"},{"$i":"settings-port","$v":"Porto"},{"$i":"settings-username","$v":"Nome de usuario"},{"$i":"settings-password","$v":"Contrasinal"},{"$i":"settings-save","$v":"Gardar"},{"$i":"settings-password-empty","$v":"O campo do contrasinal non pode estar baleiro"},{"$i":"settings-reauth","$v":"Re-autorizar"},{"$i":"settings-account-synchronize-window","$v":"Días para sincronizar"},{"$i":"settings-account-synchronize-window-select","ariaLabel":"Days to sync"},{"$i":"settings-synchronize-auto","$v":"Automático"},{"$i":"settings-synchronize-one-day","$v":"1 día"},{"$i":"settings-synchronize-three-days","$v":"3 días"},{"$i":"settings-synchronize-one-week","$v":"1 semana"},{"$i":"settings-synchronize-two-weeks","$v":"2 semanas"},{"$i":"settings-synchronize-one-month","$v":"1 mes"},{"$i":"settings-synchronize-all","$v":"Todas as mensaxes"},{"$i":"envelope-from","$v":"De"},{"$i":"envelope-to","$v":"Para"},{"$i":"envelope-cc","$v":"CC"},{"$i":"envelope-bcc","$v":"Cco"},{"$i":"message-header-state-sending","ariaLabel":"Sending"},{"$i":"message-header-state-error","ariaLabel":"Error sending"},{"$i":"message-header-unread","ariaLabel":"Unread"},{"$i":"message-header-starred","ariaLabel":"Has star"},{"$i":"message-header-attachments","ariaLabel":"Has attachments"},{"$i":"message-body-container","ariaLabel":"Message body"},{"$i":"message-body-container-progress","ariaValueText":"Loading"},{"$i":"subject","ariaLabel":"Subject"},{"$i":"message-delete-button","ariaLabel":"Delete"},{"$i":"message-star-button","ariaLabel":"Add star"},{"$i":"message-unstar-button","ariaLabel":"Remove star"},{"$i":"message-mark-read-button","ariaLabel":"Mark read"},{"$i":"message-mark-unread-button","ariaLabel":"Mark unread"},{"$i":"message-move-button","ariaLabel":"Move"},{"$i":"message-reply-forward-button","ariaLabel":"Reply or forward"},{"$i":"download-button","ariaLabel":"Download"},{"$i":"downloading-progress","ariaValueText":"Downloading"},{"$i":"view-button","ariaLabel":"View"},{"$i":"attachments-container","ariaLabel":"Attachments"},{"$i":"from-group","ariaLabel":"From"},{"$i":"to-group","ariaLabel":"To"},{"$i":"cc-group","ariaLabel":"cc"},{"$i":"bcc-group","ariaLabel":"bcc"},{"$i":"compose-header","$v":"Redactar"},{"$i":"compose-header-short","$v":"Redactar"},{"$i":"compose-send","$v":"Enviar"},{"$i":"compose-send-button","ariaLabel":"Send"},{"$i":"compose-to","$v":"Para"},{"$i":"compose-cc","$v":"Cc"},{"$i":"compose-bcc","$v":"Cco"},{"$i":"compose-contact-add","ariaLabel":"Add contact"},{"$i":"compose-attachments-container","ariaLabel":{"$x":[{"t":"idOrVar","v":"plural"},"kilobytes"],"$v":{"zero":"Attachments","one":["Attachments: ",{"t":"idOrVar","v":"kilobytes"},"K"],"two":["Attachments: ",{"t":"idOrVar","v":"kilobytes"},"K"],"few":["Attachments: ",{"t":"idOrVar","v":"kilobytes"},"K"],"many":["Attachments: ",{"t":"idOrVar","v":"kilobytes"},"K"],"other":["Attachments: ",{"t":"idOrVar","v":"kilobytes"},"K"]}}},{"$i":"compose-attachment-remove","ariaLabel":"Remove"},{"$i":"compose-attachment-button","ariaLabel":"Attach"},{"$i":"compose-attachments","$v":{"zero":"Anexos","one":[{"t":"idOrVar","v":"n"}," anexo"],"two":[{"t":"idOrVar","v":"n"}," anexos"],"few":[{"t":"idOrVar","v":"n"}," anexos"],"many":[{"t":"idOrVar","v":"n"}," anexos"],"other":[{"t":"idOrVar","v":"n"}," anexos"]},"$x":[{"t":"idOrVar","v":"plural"},"n"]},{"$i":"compose-text","ariaLabel":"Edit"},{"$i":"compose-attachment-still-working","$v":"Agarde, aínda se está engadindo o anexo anterior..."},{"$i":"compose-subject","$v":"Asunto"},{"$i":"compose-draft-save","$v":"Gardar en borradores locais"},{"$i":"compose-discard-confirm","$v":"Descartar"},{"$i":"compose-send-message-failed","$v":"Fallou o envío do correo"},{"$i":"composer-attachment-large","$v":"Anexo demasiado grande"},{"$i":"composer-attachments-large","$v":"Anexos demasiado grandes"},{"$i":"compose-attchment-size-exceeded","$v":"O anexo seleccionado é demasiado grande para envialo con esta mensaxe."},{"$i":"compose-attchments-size-exceeded","$v":"Os anexos seleccionados son demasiado grandes para envialos con esta mensaxe. Tente con menos ficheiros."},{"$i":"dialog-button-ok","$v":"Aceptar"},{"$i":"default-attachment-filename","$v":["anexo",{"t":"idOrVar","v":"n"}]},{"$i":"attachment-size-kib","$v":[{"t":"idOrVar","v":"kilobytes"},"K"]},{"$i":"message-attachment-view","$v":"Ver"},{"$i":"message-attachment-did-not-open-label","$v":"Unable to open"},{"$i":"message-attachment-did-not-open-body","$v":"The device does not have an app that can open the attachment."},{"$i":"message-attachment-too-large","$v":"Este ficheiro é demasiado grande para descargarse."},{"$i":"message-no-subject","$v":"(sen asunto)"},{"$i":"message-edit-menu-edit","$v":"Editar"},{"$i":"message-edit-menu-delete","$v":"Eliminar"},{"$i":"message-edit-delete-confirm","$v":"Eliminar a mensaxe de correo?"},{"$i":"message-send-attachment-disabled-confirm","$v":"Non é posíbel reenviar os anexos."},{"$i":"message-multiedit-header","$v":{"zero":"Editar","one":[{"t":"idOrVar","v":"n"}," seleccionada"],"two":[{"t":"idOrVar","v":"n"}," seleccionadas"],"few":[{"t":"idOrVar","v":"n"}," seleccionadas"],"many":[{"t":"idOrVar","v":"n"}," seleccionadas"],"other":[{"t":"idOrVar","v":"n"}," seleccionadas"]},"$x":[{"t":"idOrVar","v":"plural"},"n"]},{"$i":"browse-to-url-prompt","$v":["Examinar o URL?: ",{"t":"idOrVar","v":"url"}]},{"$i":"message-download-images-tap","$v":{"one":"Este correo contén unha imaxe. Toque para descargala.","two":["Este correo contén ",{"t":"idOrVar","v":"n"}," imaxes. Toque para descargalas."],"few":["Este correo contén ",{"t":"idOrVar","v":"n"}," imaxes. Toque para descargalas."],"many":["Este correo contén ",{"t":"idOrVar","v":"n"}," imaxes. Toque para descargalas."],"other":["Este correo contén ",{"t":"idOrVar","v":"n"}," imaxes. Toque para descargalas."]},"$x":[{"t":"idOrVar","v":"plural"},"n"]},{"$i":"message-show-external-images","$v":"Amosar imaxes externas"},{"$i":"message-multiedit-cancel","$v":"Cancelar"},{"$i":"message-multiedit-delete-confirm","$v":{"one":"Eliminar esta mensaxe de correo?","two":["Eliminar ",{"t":"idOrVar","v":"n"}," mensaxes de correo?"],"few":["Eliminar ",{"t":"idOrVar","v":"n"}," mensaxes de correo?"],"many":["Eliminar ",{"t":"idOrVar","v":"n"}," mensaxes de correo?"],"other":["Eliminar ",{"t":"idOrVar","v":"n"}," mensaxes de correo?"]},"$x":[{"t":"idOrVar","v":"plural"},"n"]},{"$i":"message-large-message-cancel","$v":"Cancelar"},{"$i":"message-large-message-ok","$v":"Continuar"},{"$i":"message-large-message-confirm","$v":"Esta mensaxe é grande e pode levarlle algún tempo a descarga."},{"$i":"message-search-from","$v":"De"},{"$i":"message-search-to","$v":"Para"},{"$i":"message-search-subject","$v":"Asunto"},{"$i":"message-search-body","$v":"Corpo"},{"$i":"message-search-all","$v":"Todas"},{"$i":"message-search-input","placeholder":"Buscar correo"},{"$i":"message-search-cancel","$v":"Cancelar"},{"$i":"messages-syncing","$v":"Cargando as mensaxes"},{"$i":"messages-load-more","$v":"Cargar máis mensaxes"},{"$i":"messages-folder-empty","$v":"Ningún correo neste cartafol"},{"$i":"messages-search-empty","$v":"Non hai coincidencias nas mensaxes locais na caché"},{"$i":"messages-folder-select","$v":"Seleccionar cartafol"},{"$i":"messages-folder-unread-max","$v":"+ de 999"},{"$i":"message-contact-menu-create","$v":"Gardar novo contacto"},{"$i":"message-contact-menu-add-existing","$v":"Engadir a un contacto existente"},{"$i":"message-contact-menu-view","$v":"Ver contacto"},{"$i":"message-contact-menu-reply","$v":"Responder"},{"$i":"message-contact-menu-new","$v":"Enviar un correo novo"},{"$i":"message-reply-menu-reply","$v":"Responder"},{"$i":"message-reply-menu-reply-all","$v":"Responder a todos"},{"$i":"message-reply-menu-forward","$v":"Reenviar"},{"$i":"message-reply-menu-cancel","$v":"Cancelar"},{"$i":"reply-quoting-wrote","$v":"{name} escribiu"},{"$i":"forward-original-message","$v":"Mensaxe orixinal"},{"$i":"forward-header-subject","$v":"Asunto"},{"$i":"forward-header-date","$v":"Data"},{"$i":"forward-header-from","$v":"De"},{"$i":"forward-header-reply-to","$v":"Responder a"},{"$i":"forward-header-to","$v":"Para"},{"$i":"forward-header-cc","$v":"CC"},{"$i":"folder-inbox","$v":"Caixa de entrada"},{"$i":"folder-sent","$v":"Enviados"},{"$i":"folder-drafts","$v":"Borradores"},{"$i":"folder-trash","$v":"Papeleira"},{"$i":"folder-queue","$v":"Non enviadas"},{"$i":"folder-junk","$v":"Correo lixo"},{"$i":"folder-archives","$v":"Arquivos"},{"$i":"folder-localdrafts","$v":"Borradores locais"},{"$i":"folder-outbox","$v":"Caixa de saída"},{"$i":"drawer-back","$v":"Atrás"},{"$i":"drawer-accounts-header","$v":"Contas"},{"$i":"drawer-settings-link","$v":"Axustes"},{"$i":"folder-last-synced-label","$v":"Última sinc.:"},{"$i":"messages-refresh-button","ariaLabel":"Refresh"},{"$i":"messages-refresh-progress","ariaValueText":"Refreshing"},{"$i":"edit-button","ariaLabel":"Edit"},{"$i":"message-list-top-action","$v":"Superior"},{"$i":"message-list-menu","ariaLabel":"Folders and settings"},{"$i":"message-list-compose","ariaLabel":"Compose"},{"$i":"toaster-undo","$v":"Desfacer"},{"$i":"toaster-message-star","$v":{"one":"1 mensaxe marcada como seguida","two":[{"t":"idOrVar","v":"n"}," mensaxes marcadas como seguidas"],"few":[{"t":"idOrVar","v":"n"}," mensaxes marcadas como seguidas"],"many":[{"t":"idOrVar","v":"n"}," mensaxes marcadas como seguidas"],"other":[{"t":"idOrVar","v":"n"}," mensaxes marcadas como seguidas"]},"$x":[{"t":"idOrVar","v":"plural"},"n"]},{"$i":"toaster-message-unstar","$v":{"one":"1 mensaxe marcada como non seguida","two":[{"t":"idOrVar","v":"n"}," mensaxes marcadas como non seguidas"],"few":[{"t":"idOrVar","v":"n"}," mensaxes marcadas como non seguidas"],"many":[{"t":"idOrVar","v":"n"}," mensaxes marcadas como non seguidas"],"other":[{"t":"idOrVar","v":"n"}," mensaxes marcadas como non seguidas"]},"$x":[{"t":"idOrVar","v":"plural"},"n"]},{"$i":"toaster-message-read","$v":{"one":"1 mensaxe marcada como lida","two":[{"t":"idOrVar","v":"n"}," mensaxes marcadas como lidas"],"few":[{"t":"idOrVar","v":"n"}," mensaxes marcadas como lidas"],"many":[{"t":"idOrVar","v":"n"}," mensaxes marcadas como lidas"],"other":[{"t":"idOrVar","v":"n"}," mensaxes marcadas como lidas"]},"$x":[{"t":"idOrVar","v":"plural"},"n"]},{"$i":"toaster-message-unread","$v":{"one":"1 mensaxe marcada como non lida","two":[{"t":"idOrVar","v":"n"}," mensaxes marcadas como non lidas"],"few":[{"t":"idOrVar","v":"n"}," mensaxes marcadas como non lidas"],"many":[{"t":"idOrVar","v":"n"}," mensaxes marcadas como non lidas"],"other":[{"t":"idOrVar","v":"n"}," mensaxes marcadas como non lidas"]},"$x":[{"t":"idOrVar","v":"plural"},"n"]},{"$i":"toaster-message-move","$v":{"one":"moveuse 1 mensaxe","two":["movéronse ",{"t":"idOrVar","v":"n"}," mensaxes"],"few":["movéronse ",{"t":"idOrVar","v":"n"}," mensaxes"],"many":["movéronse ",{"t":"idOrVar","v":"n"}," mensaxes"],"other":["movéronse ",{"t":"idOrVar","v":"n"}," mensaxes"]},"$x":[{"t":"idOrVar","v":"plural"},"n"]},{"$i":"toaster-message-delete","$v":{"one":"eliminouse 1 mensaxe","two":["elimináronse ",{"t":"idOrVar","v":"n"}," mensaxes"],"few":["elimináronse ",{"t":"idOrVar","v":"n"}," mensaxes"],"many":["elimináronse ",{"t":"idOrVar","v":"n"}," mensaxes"],"other":["elimináronse ",{"t":"idOrVar","v":"n"}," mensaxes"]},"$x":[{"t":"idOrVar","v":"plural"},"n"]},{"$i":"toaster-retryable-syncfailed","$v":"Foi imposíbel conectar co servidor"},{"$i":"compose-invalid-addresses-title","$v":"Enderezos incorrectos"},{"$i":"compose-invalid-addresses-description","$v":"A súa mensaxe contén un ou máis enderezos de correo incorrectos. Corríxeos antes de envíala."},{"$i":"background-send-pending","$v":"Rede non dispoñíbel. Gardouse o correo no cartafol de saída."},{"$i":"background-send-sending","$v":"Enviando correo…"},{"$i":"background-send-success","$v":"Correo enviado."},{"$i":"background-send-error","$v":"Produciuse un erro. Gardouse o correo no cartafol de saída."},{"$i":"background-send-error-recipients","$v":"Erro de destinatario. Gardouse o correo no cartafol de saída."},{"$i":"background-send-error-title","$v":"Fallo ao enviar o correo"},{"$i":"send-failure-recipients","$v":"Comprobe que os enderezos son correctos. O servidor de correo indicou que un ou máis dos enderezos de arriba son incorrectos."},{"$i":"send-failure-unknown","$v":"Non foi posíbel enviar a mensaxe."},{"$i":"form-clear-input","$v":"Retirar texto"},{"$i":"confirm-dialog-title","$v":"Confirmación"},{"$i":"senders-separation-sign","$v":", "},{"$i":"new-messages","$v":{"one":"1 nova mensaxe","two":[{"t":"idOrVar","v":"n"}," novas mensaxes"],"few":[{"t":"idOrVar","v":"n"}," novas mensaxes"],"many":[{"t":"idOrVar","v":"n"}," novas mensaxes"],"other":[{"t":"idOrVar","v":"n"}," novas mensaxes"]},"$x":[{"t":"idOrVar","v":"plural"},"n"]},{"$i":"notification-no-subject","$v":"(no subject)"},{"$i":"new-emails-notify-one-account","$v":{"one":"1 nova mensaxe ","two":[{"t":"idOrVar","v":"n"}," novas mensaxes"],"few":[{"t":"idOrVar","v":"n"}," novas mensaxes"],"many":[{"t":"idOrVar","v":"n"}," novas mensaxes"],"other":[{"t":"idOrVar","v":"n"}," novas mensaxes"]},"$x":[{"t":"idOrVar","v":"plural"},"n"]},{"$i":"new-emails-notify-multiple-accounts","$v":{"one":["1 nova mensaxe (",{"t":"idOrVar","v":"accountName"},")"],"two":[{"t":"idOrVar","v":"n"}," novas mensaxes (",{"t":"idOrVar","v":"accountName"},")"],"few":[{"t":"idOrVar","v":"n"}," novas mensaxes (",{"t":"idOrVar","v":"accountName"},")"],"many":[{"t":"idOrVar","v":"n"}," novas mensaxes (",{"t":"idOrVar","v":"accountName"},")"],"other":[{"t":"idOrVar","v":"n"}," novas mensaxes (",{"t":"idOrVar","v":"accountName"},")"]},"$x":[{"t":"idOrVar","v":"plural"},"n"]},{"$i":"new-emails-notify-multiple-accounts-body","$v":[{"t":"idOrVar","v":"from"}," “",{"t":"idOrVar","v":"subject"},"”"]},{"$i":"tng-plain-socket-warning-title","$v":"Are you sure?"},{"$i":"tng-plain-socket-warning-message","$v":"Other people may be able to see your passwords and emails or control your account."},{"$i":"tng-plain-socket-warning-message-options","$v":"There are multiple, free email providers that offer more secure, encrypted connections."},{"$i":"tng-plain-socket-learn-more","$v":"Learn more"},{"$i":"tng-plain-socket-warning-ok","$v":"I understand"},{"$i":"message-reader-next-button","ariaLabel":"Next"},{"$i":"message-reader-previous-button","ariaLabel":"Previous"},{"$i":"message-reader-date-received","ariaLabel":"Received"},{"$i":"weekday-0-long","$v":"Domingo"},{"$i":"weekday-1-long","$v":"Luns"},{"$i":"weekday-2-long","$v":"Martes"},{"$i":"weekday-3-long","$v":"Mércores"},{"$i":"weekday-4-long","$v":"Xoves"},{"$i":"weekday-5-long","$v":"Venres"},{"$i":"weekday-6-long","$v":"Sábado"},{"$i":"weekday-0-short","$v":"Dom"},{"$i":"weekday-1-short","$v":"Lun"},{"$i":"weekday-2-short","$v":"Mar"},{"$i":"weekday-3-short","$v":"Mer"},{"$i":"weekday-4-short","$v":"Xov"},{"$i":"weekday-5-short","$v":"Ven"},{"$i":"weekday-6-short","$v":"Sab"},{"$i":"month-0-long","$v":"Xaneiro"},{"$i":"month-1-long","$v":"Febreiro"},{"$i":"month-2-long","$v":"Marzo"},{"$i":"month-3-long","$v":"Abril"},{"$i":"month-4-long","$v":"Maio"},{"$i":"month-5-long","$v":"Xuño"},{"$i":"month-6-long","$v":"Xullo"},{"$i":"month-7-long","$v":"Agosto"},{"$i":"month-8-long","$v":"Setembro"},{"$i":"month-9-long","$v":"Outubro"},{"$i":"month-10-long","$v":"Novembro"},{"$i":"month-11-long","$v":"Decembro"},{"$i":"month-0-genitive","$v":"Xaneiro"},{"$i":"month-1-genitive","$v":"Febreiro"},{"$i":"month-2-genitive","$v":"Marzo"},{"$i":"month-3-genitive","$v":"Abril"},{"$i":"month-4-genitive","$v":"Maio"},{"$i":"month-5-genitive","$v":"Xuño"},{"$i":"month-6-genitive","$v":"Xullo"},{"$i":"month-7-genitive","$v":"Agosto"},{"$i":"month-8-genitive","$v":"Setembro"},{"$i":"month-9-genitive","$v":"Outubro"},{"$i":"month-10-genitive","$v":"Novembro"},{"$i":"month-11-genitive","$v":"Decembro"},{"$i":"month-0-short","$v":"Xan"},{"$i":"month-1-short","$v":"Feb"},{"$i":"month-2-short","$v":"Mar"},{"$i":"month-3-short","$v":"Abr"},{"$i":"month-4-short","$v":"Maio"},{"$i":"month-5-short","$v":"Xun"},{"$i":"month-6-short","$v":"Xul"},{"$i":"month-7-short","$v":"Ago"},{"$i":"month-8-short","$v":"Set"},{"$i":"month-9-short","$v":"Out"},{"$i":"month-10-short","$v":"Nov"},{"$i":"month-11-short","$v":"Dec"},{"$i":"minutes-ago-long","$v":{"zero":"xusto agora","one":"hai un minuto","two":["hai ",{"t":"idOrVar","v":"value"}," minutos"],"few":["hai ",{"t":"idOrVar","v":"value"}," minutos"],"many":["hai ",{"t":"idOrVar","v":"value"}," minutos"],"other":["hai ",{"t":"idOrVar","v":"value"}," minutos"]},"$x":[{"t":"idOrVar","v":"plural"},"value"]},{"$i":"hours-ago-long","$v":{"zero":"xusto agora","one":"hai unha hora","two":["hai ",{"t":"idOrVar","v":"value"}," horas"],"few":["hai ",{"t":"idOrVar","v":"value"}," horas"],"many":["hai ",{"t":"idOrVar","v":"value"}," horas"],"other":["hai ",{"t":"idOrVar","v":"value"}," horas"]},"$x":[{"t":"idOrVar","v":"plural"},"value"]},{"$i":"days-ago-long","$v":{"zero":"hoxe","one":"onte","two":["hai ",{"t":"idOrVar","v":"value"}," días"],"few":["hai ",{"t":"idOrVar","v":"value"}," días"],"many":["hai ",{"t":"idOrVar","v":"value"}," días"],"other":["hai ",{"t":"idOrVar","v":"value"}," días"]},"$x":[{"t":"idOrVar","v":"plural"},"value"]},{"$i":"weeks-ago-long","$v":{"zero":"esta semana","one":"a semana pasada","two":["hai ",{"t":"idOrVar","v":"value"}," semanas"],"few":["hai ",{"t":"idOrVar","v":"value"}," semanas"],"many":["hai ",{"t":"idOrVar","v":"value"}," semanas"],"other":["hai ",{"t":"idOrVar","v":"value"}," semanas"]},"$x":[{"t":"idOrVar","v":"plural"},"value"]},{"$i":"months-ago-long","$v":{"zero":"Este mes","one":"o mes pasado","two":["hai ",{"t":"idOrVar","v":"value"}," meses"],"few":["hai ",{"t":"idOrVar","v":"value"}," meses"],"many":["hai ",{"t":"idOrVar","v":"value"}," meses"],"other":["hai ",{"t":"idOrVar","v":"value"}," meses"]},"$x":[{"t":"idOrVar","v":"plural"},"value"]},{"$i":"years-ago-long","$v":{"zero":"este ano","one":"o ano pasado","two":["hai ",{"t":"idOrVar","v":"value"}," anos"],"few":["hai ",{"t":"idOrVar","v":"value"}," anos"],"many":["hai ",{"t":"idOrVar","v":"value"}," anos"],"other":["hai ",{"t":"idOrVar","v":"value"}," anos"]},"$x":[{"t":"idOrVar","v":"plural"},"value"]},{"$i":"minutes-until-long","$v":{"zero":"agora","one":"nun minuto","two":["en ",{"t":"idOrVar","v":"value"}," minutos"],"few":["en ",{"t":"idOrVar","v":"value"}," minutos"],"many":["en ",{"t":"idOrVar","v":"value"}," minutos"],"other":["en ",{"t":"idOrVar","v":"value"}," minutos"]},"$x":[{"t":"idOrVar","v":"plural"},"value"]},{"$i":"hours-until-long","$v":{"zero":"agora","one":"nunha hora","two":["en ",{"t":"idOrVar","v":"value"}," horas"],"few":["en ",{"t":"idOrVar","v":"value"}," horas"],"many":["en ",{"t":"idOrVar","v":"value"}," horas"],"other":["en ",{"t":"idOrVar","v":"value"}," horas"]},"$x":[{"t":"idOrVar","v":"plural"},"value"]},{"$i":"days-until-long","$v":{"zero":"hoxe","one":"mañá","two":["en ",{"t":"idOrVar","v":"value"}," días"],"few":["en ",{"t":"idOrVar","v":"value"}," días"],"many":["en ",{"t":"idOrVar","v":"value"}," días"],"other":["en ",{"t":"idOrVar","v":"value"}," días"]},"$x":[{"t":"idOrVar","v":"plural"},"value"]},{"$i":"weeks-until-long","$v":{"zero":"esta semana","one":"a semana que ven","two":["en ",{"t":"idOrVar","v":"value"}," semanas"],"few":["en ",{"t":"idOrVar","v":"value"}," semanas"],"many":["en ",{"t":"idOrVar","v":"value"}," semanas"],"other":["en ",{"t":"idOrVar","v":"value"}," semanas"]},"$x":[{"t":"idOrVar","v":"plural"},"value"]},{"$i":"months-until-long","$v":{"zero":"Este mes","one":"o mes que ven","two":["en ",{"t":"idOrVar","v":"value"}," meses"],"few":["en ",{"t":"idOrVar","v":"value"}," meses"],"many":["en ",{"t":"idOrVar","v":"value"}," meses"],"other":["en ",{"t":"idOrVar","v":"value"}," meses"]},"$x":[{"t":"idOrVar","v":"plural"},"value"]},{"$i":"years-until-long","$v":{"zero":"este ano","one":"o ano que ven","two":["en ",{"t":"idOrVar","v":"value"}," anos"],"few":["en ",{"t":"idOrVar","v":"value"}," anos"],"many":["en ",{"t":"idOrVar","v":"value"}," anos"],"other":["en ",{"t":"idOrVar","v":"value"}," anos"]},"$x":[{"t":"idOrVar","v":"plural"},"value"]},{"$i":"minutes-ago-short","$v":{"zero":"xusto agora","other":["hai ",{"t":"idOrVar","v":"value"},"min"]},"$x":[{"t":"idOrVar","v":"plural"},"value"]},{"$i":"hours-ago-short","$v":{"zero":"xusto agora","other":["hai ",{"t":"idOrVar","v":"value"},"h"]},"$x":[{"t":"idOrVar","v":"plural"},"value"]},{"$i":"days-ago-short","$v":{"zero":"hoxe","other":["hai ",{"t":"idOrVar","v":"value"},"d"]},"$x":[{"t":"idOrVar","v":"plural"},"value"]},{"$i":"minutes-until-short","$v":{"zero":"agora","other":["en ",{"t":"idOrVar","v":"value"},"min"]},"$x":[{"t":"idOrVar","v":"plural"},"value"]},{"$i":"hours-until-short","$v":{"zero":"agora","other":["en ",{"t":"idOrVar","v":"value"},"h"]},"$x":[{"t":"idOrVar","v":"plural"},"value"]},{"$i":"days-until-short","$v":{"zero":"hoxe","other":["en ",{"t":"idOrVar","v":"value"},"d"]},"$x":[{"t":"idOrVar","v":"plural"},"value"]},{"$i":"incorrectDate","$v":"(data incorrecta)"},{"$i":"dateTimeFormat_%c","$v":"%a, %e de %b, %Y %H:%M:%S"},{"$i":"dateTimeFormat_%x","$v":"%d/%m/%Y"},{"$i":"dateTimeFormat_%X","$v":"%H:%M:%S"},{"$i":"shortTimeFormat","$v":"%H:%M"},{"$i":"shortTimeFormat12","$v":"%H:%M"},{"$i":"shortTimeFormat24","$v":"%H:%M"},{"$i":"shortDateTimeFormat","$v":"%x %H:%M %p"},{"$i":"weekStartsOnMonday","$v":"1"},{"$i":"firstDayOfTheWeek","$v":"0"},{"$i":"time_am","$v":"AM"},{"$i":"time_pm","$v":"PM"}]