[{"$i":"back-button","ariaLabel":"Natrag"},{"$i":"close-button","ariaLabel":"Close"},{"$i":"setup-app-name-header","$v":"E-pošta"},{"$i":"setup-empty-account-message","$v":"You are not set up to send or receive email. Set up an account to complete the action."},{"$i":"setup-pick-service","$v":"Da biste mogli slati i primati e-poštu, trebate podesiti račun."},{"$i":"setup-account-header3","$v":"Novi račun"},{"$i":"setup-account-enter-password","$v":"Unesite lozinku za:"},{"$i":"setup-info-name","placeholder":"Vaše ime"},{"$i":"setup-info-email","placeholder":"korisnik@domena.com"},{"$i":"setup-info-password","placeholder":"Lozinka"},{"$i":"setup-info-next","$v":"Naprijed"},{"$i":"setup-progress-wait-msg","$v":"Podešavanje računa"},{"$i":"setup-completed-header","$v":"Podešavanje e-pošte"},{"$i":"setup-completed-label","$v":"Gotovo!"},{"$i":"setup-add-another-account","$v":"Dodaj novi račun"},{"$i":"setup-show-mail","$v":"Pokreni E-poštu"},{"$i":"setup-error-offline","$v":"Ovaj uređaj trenutno nije umrežen. Spojite se na mrežu i pokušajte ponovno."},{"$i":"setup-error-bad-user-or-pass2","$v":"Netočno korisničko ime ili lozinka. Provjerite jeste točno upisali podatke."},{"$i":"setup-error-bad-address","$v":"Neispravna adresa e-pošte. Provjerite unos."},{"$i":"setup-error-not-authorized","$v":"Poslužitelj je odgovorio da niste autorizirani otvoriti račun"},{"$i":"setup-error-pop-server-not-great","$v":"Poslužitelj nije podržan. POP3 poslužitelj ne podržava traženo."},{"$i":"setup-error-unknown2","$v":"Došlo je do nepoznate greške. Provjerite svoju mrežnu vezu ili pokušajte ručno podešavanje."},{"$i":"setup-error-needs-app-pass","$v":"Za Gmail račune s dvostrukom metodom prijave trebate koristiti posebne lozinke za aplikacije"},{"$i":"setup-error-imap-disabled","$v":"Morate omogućiti IMAP za svoj Gmail račun"},{"$i":"setup-error-pop3-disabled","$v":"Morate omogućiti POP3 za svoj Gmail račun"},{"$i":"setup-error-bad-security","$v":["Nije moguće uspostaviti sigurnu vezu sa \"",{"t":"idOrVar","v":"server"},"\". Možda postoji problem s vašom mrežom ili poslužiteljem."]},{"$i":"setup-error-unresponsive-server","$v":["Nije moguće uspostaviti vezu sa \"",{"t":"idOrVar","v":"server"},"\". Možda postoji problem s mrežom."]},{"$i":"setup-error-server-problem","$v":["Postoji problem s poslužiteljem \"",{"t":"idOrVar","v":"server"},"\". Pokušajte ponovno kasnije."]},{"$i":"setup-error-no-config-info","$v":"Automatsko podešavanje računa nije moguće. Ispravite svoju adresu e-pošte ili pokušajte ručnu konfiguraciju."},{"$i":"setup-error-server-maintenance","$v":["U tijeku je održavanje poslužitelja \"",{"t":"idOrVar","v":"server"},"\". Pokušajte ponovno kasnije."]},{"$i":"setup-error-account-already-exists","$v":"Ovaj korisnički račun je već postavljen."},{"$i":"setup-manual-config2","$v":"Ručno podešavanje"},{"$i":"setup-manual-config-header","$v":"Podešavanje"},{"$i":"setup-manual-account-type","$v":"Vrsta računa"},{"$i":"setup-manual-account-type-select","ariaLabel":"Vrsta računa"},{"$i":"setup-manual-imap-header","$v":"IMAP postavke"},{"$i":"setup-manual-pop3-header","$v":"POP3 postavke"},{"$i":"setup-manual-smtp-header","$v":"SMTP postavke"},{"$i":"setup-manual-activesync-header","$v":"ActiveSync postavke"},{"$i":"setup-manual-next","$v":"Naprijed"},{"$i":"setup-manual-socket","$v":"Vrsta priključka"},{"$i":"setup-manual-socket-ssl","$v":"SSL"},{"$i":"setup-manual-socket-starttls","$v":"STARTTLS"},{"$i":"setup-manual-socket-select","ariaLabel":"Sigurnost veze"},{"$i":"setup-manual-socket-plain","$v":"Unencrypted (insecure)"},{"$i":"setup-manual-hostname","placeholder":"Adresa poslužitelja"},{"$i":"setup-manual-port","placeholder":"Port"},{"$i":"setup-manual-username","placeholder":"Korisničko ime"},{"$i":"setup-manual-activesync-username","placeholder":"Domena\\Korisničko ime"},{"$i":"setup-bad-password-header","$v":"Kriva lozinka!"},{"$i":"setup-bad-password","$v":"Prijava na poslužitelj nije uspjela. Možda ste upisali krivu lozinku?"},{"$i":"setup-new-password","placeholder":"Nova lozinka"},{"$i":"setup-fix-password","$v":"Pokušaj ponovno s novom lozinkom"},{"$i":"setup-gmail-twofactor-header","$v":"Dvostruka metoda prijave uključena"},{"$i":"setup-gmail-twofactor-message","$v":"Ispod trebate upisati lozinku izdanu za ovu aplikaciju."},{"$i":"setup-gmail-twofactor-fix","$v":"Koristi posebnu lozinku za ovu aplikaciju"},{"$i":"setup-gmail-imap-header","$v":"IMAP onemogućen"},{"$i":"setup-gmail-imap-message","$v":"Morate uključiti IMAP za svoj Gmail račun"},{"$i":"setup-gmail-imap-retry","$v":"Pokušaj ponovno"},{"$i":"setup-gmail-pop3-header","$v":"POP3 onemogućen"},{"$i":"setup-gmail-pop3-message","$v":"Morate uključiti POP3 za svoj Gmail račun"},{"$i":"setup-gmail-pop3-retry","$v":"Pokušaj ponovno"},{"$i":"setup-fix-oauth2-header","$v":"Ponovno odobrite e-poštu"},{"$i":"setup-fix-oauth2-description","$v":"E-pošta treba biti ponovno odobrena kako biste pristupali sljedećem računu:"},{"$i":"setup-fix-oauth2-reauthorize","$v":"Ponovno odobri"},{"$i":"settings-main-header","$v":"Postavke e-pošte"},{"$i":"settings-sub-header-account","$v":"Račun"},{"$i":"settings-account-group","ariaLabel":"Account"},{"$i":"settings-account-name","$v":"Vaše ime"},{"$i":"settings-account-display-notifications","$v":"Prikazuj obavijesti za nove poruke"},{"$i":"settings-account-play-sound-onsend","$v":"Sviraj zvuk nakon što je pošta poslana"},{"$i":"settings-empty-signature-label","$v":"Pritisnite za uređivanje"},{"$i":"settings-account-signature-label","$v":"Potpis"},{"$i":"settings-account-signature-textbox","ariaLabel":"Signature"},{"$i":"signature-save","$v":"Spremi potpis"},{"$i":"signature-discard-confirm","$v":"Odbaci"},{"$i":"settings-sub-header-data","$v":"Podaci"},{"$i":"settings-data-group","ariaLabel":"Data"},{"$i":"settings-account-check-mail","$v":"Provjeri za nove poruke"},{"$i":"settings-account-check-mail-select","ariaLabel":"Check for new messages"},{"$i":"settings-sub-header-server","$v":"Postavke poslužitelja"},{"$i":"settings-server-group","ariaLabel":"Server settings"},{"$i":"settings-account-userpass","$v":"Korisničko ime i lozinka"},{"$i":"settings-account-useroauth2","$v":"Korisničko ime"},{"$i":"settings-default-signature-2","$v":"Poslano koristeći Firefox OS"},{"$i":"settings-done","$v":"Gotovo"},{"$i":"settings-account-section","$v":"Računi"},{"$i":"settings-account-listbox","ariaLabel":"Accounts"},{"$i":"settings-account-add","$v":"Dodaj račun"},{"$i":"settings-account-delete","$v":"Obriši račun"},{"$i":"settings-account-delete-prompt","$v":["Jeste li sigurni da želite obrisati ",{"t":"idOrVar","v":"account"}," račun e-pošte? Ako ponovno stvorite isti račun, trebat ćete ponovno preuzeti sve poruke."]},{"$i":"settings-account-delete-cancel","$v":"Otkaži"},{"$i":"settings-account-delete-confirm","$v":"Obriši"},{"$i":"settings-account-clarify-imap","$v":[{"t":"idOrVar","v":"account-name"}," (IMAP)"]},{"$i":"settings-account-clarify-pop3","$v":[{"t":"idOrVar","v":"account-name"}," (POP3)"]},{"$i":"settings-account-clarify-smtp","$v":[{"t":"idOrVar","v":"account-name"}," (SMTP)"]},{"$i":"settings-general-section","$v":"Opće postavke"},{"$i":"settings-show-images","$v":"Uvijek prikaži slike"},{"$i":"settings-download-attachments","$v":"Preuzmi privitke"},{"$i":"settings-check-every-5min","$v":"Svakih 5 minuta"},{"$i":"settings-check-every-10min","$v":"Svakih 10 minuta"},{"$i":"settings-check-every-15min","$v":"Svakih 15 minuta"},{"$i":"settings-check-every-30min","$v":"Svakih 30 minuta"},{"$i":"settings-check-every-60min","$v":"Svaki sat"},{"$i":"settings-check-every-manual","$v":"Ručno"},{"$i":"settings-check-dynamic","$v":{"zero":"onemogućeno","one":[{"t":"idOrVar","v":"n"}," sekunda"],"two":[{"t":"idOrVar","v":"n"}," sekunde"],"few":[{"t":"idOrVar","v":"n"}," sekunde"],"many":[{"t":"idOrVar","v":"n"}," sekundi"],"other":[{"t":"idOrVar","v":"n"}," sekundi"]},"$x":[{"t":"idOrVar","v":"plural"},"n"]},{"$i":"settings-default-account","$v":"Zadani račun"},{"$i":"settings-account-type","$v":"Vrsta računa"},{"$i":"settings-account-credentials","$v":"Pristupni podaci"},{"$i":"settings-activesync-label","$v":"ActiveSync postavke"},{"$i":"settings-imap-label","$v":"IMAP postavke"},{"$i":"settings-pop3-label","$v":"POP3 postavke"},{"$i":"settings-smtp-label","$v":"SMTP postavke"},{"$i":"settings-hostname","$v":"Adresa poslužitelja"},{"$i":"settings-port","$v":"Port"},{"$i":"settings-username","$v":"Korisničko ime"},{"$i":"settings-password","$v":"Lozinka"},{"$i":"settings-save","$v":"Spremi"},{"$i":"settings-password-empty","$v":"Polje lozinke ne bi smijelo biti prazno"},{"$i":"settings-reauth","$v":"Ponovno odobri"},{"$i":"settings-account-synchronize-window","$v":"Sinkronizacija prema danima"},{"$i":"settings-account-synchronize-window-select","ariaLabel":"Days to sync"},{"$i":"settings-synchronize-auto","$v":"Automatski"},{"$i":"settings-synchronize-one-day","$v":"1 dan"},{"$i":"settings-synchronize-three-days","$v":"3 dana"},{"$i":"settings-synchronize-one-week","$v":"1 tjedan"},{"$i":"settings-synchronize-two-weeks","$v":"2 tjedna"},{"$i":"settings-synchronize-one-month","$v":"1 mjesec"},{"$i":"settings-synchronize-all","$v":"Sve poruke"},{"$i":"envelope-from","$v":"Šalje"},{"$i":"envelope-to","$v":"Prima"},{"$i":"envelope-cc","$v":"Cc"},{"$i":"envelope-bcc","$v":"Bcc"},{"$i":"message-header-state-sending","ariaLabel":"Sending"},{"$i":"message-header-state-error","ariaLabel":"Error sending"},{"$i":"message-header-unread","ariaLabel":"Unread"},{"$i":"message-header-starred","ariaLabel":"Has star"},{"$i":"message-header-attachments","ariaLabel":"Has attachments"},{"$i":"message-body-container","ariaLabel":"Message body"},{"$i":"message-body-container-progress","ariaValueText":"Loading"},{"$i":"subject","ariaLabel":"Subject"},{"$i":"message-delete-button","ariaLabel":"Delete"},{"$i":"message-star-button","ariaLabel":"Add star"},{"$i":"message-unstar-button","ariaLabel":"Remove star"},{"$i":"message-mark-read-button","ariaLabel":"Mark read"},{"$i":"message-mark-unread-button","ariaLabel":"Mark unread"},{"$i":"message-move-button","ariaLabel":"Move"},{"$i":"message-reply-forward-button","ariaLabel":"Reply or forward"},{"$i":"download-button","ariaLabel":"Download"},{"$i":"downloading-progress","ariaValueText":"Downloading"},{"$i":"view-button","ariaLabel":"View"},{"$i":"attachments-container","ariaLabel":"Attachments"},{"$i":"from-group","ariaLabel":"From"},{"$i":"to-group","ariaLabel":"To"},{"$i":"cc-group","ariaLabel":"cc"},{"$i":"bcc-group","ariaLabel":"bcc"},{"$i":"compose-header","$v":"Sastavi poruku"},{"$i":"compose-header-short","$v":"Sastavi"},{"$i":"compose-send","$v":"Pošalji"},{"$i":"compose-send-button","ariaLabel":"Send"},{"$i":"compose-to","$v":"Prima"},{"$i":"compose-cc","$v":"cc"},{"$i":"compose-bcc","$v":"bcc"},{"$i":"compose-contact-add","ariaLabel":"Add contact"},{"$i":"compose-attachments-container","ariaLabel":{"$x":[{"t":"idOrVar","v":"plural"},"kilobytes"],"$v":{"zero":"Attachments","one":["Attachments: ",{"t":"idOrVar","v":"kilobytes"},"K"],"two":["Attachments: ",{"t":"idOrVar","v":"kilobytes"},"K"],"few":["Attachments: ",{"t":"idOrVar","v":"kilobytes"},"K"],"many":["Attachments: ",{"t":"idOrVar","v":"kilobytes"},"K"],"other":["Attachments: ",{"t":"idOrVar","v":"kilobytes"},"K"]}}},{"$i":"compose-attachment-remove","ariaLabel":"Remove"},{"$i":"compose-attachment-button","ariaLabel":"Attach"},{"$i":"compose-attachments","$v":{"zero":"Privitaka","one":[{"t":"idOrVar","v":"n"}," privitak"],"two":[{"t":"idOrVar","v":"n"}," privitka"],"few":[{"t":"idOrVar","v":"n"}," privitka"],"many":[{"t":"idOrVar","v":"n"}," privitaka"],"other":[{"t":"idOrVar","v":"n"}," privitaka"]},"$x":[{"t":"idOrVar","v":"plural"},"n"]},{"$i":"compose-text","ariaLabel":"Edit"},{"$i":"compose-attachment-still-working","$v":"Trenutak, još se radi na prethodnom dodatku..."},{"$i":"compose-subject","$v":"Naslov"},{"$i":"compose-draft-save","$v":"Spremi u Lokalne skice"},{"$i":"compose-discard-confirm","$v":"Odbaci"},{"$i":"compose-send-message-failed","$v":"Slanje e-pošte nije uspjelo"},{"$i":"composer-attachment-large","$v":"Priložena datoteka je prevelika"},{"$i":"composer-attachments-large","$v":"Priložene datoteke su prevelike"},{"$i":"compose-attchment-size-exceeded","$v":"Odabrani priložak je prevelik za slanje pomoću ove poruke."},{"$i":"compose-attchments-size-exceeded","$v":"Odabrani prilošci su preveliki za slanje pomoću ove poruke. Pokušaj odabrati manje datoteka."},{"$i":"dialog-button-ok","$v":"OK"},{"$i":"default-attachment-filename","$v":["attachment",{"t":"idOrVar","v":"n"}]},{"$i":"attachment-size-kib","$v":[{"t":"idOrVar","v":"kilobytes"},"K"]},{"$i":"message-attachment-view","$v":"Prikaži"},{"$i":"message-attachment-did-not-open-label","$v":"Unable to open"},{"$i":"message-attachment-did-not-open-body","$v":"The device does not have an app that can open the attachment."},{"$i":"message-attachment-too-large","$v":"Datoteka je prevelika za preuzimanje."},{"$i":"message-no-subject","$v":"(bez naslova)"},{"$i":"message-edit-menu-edit","$v":"Uredi"},{"$i":"message-edit-menu-delete","$v":"Obriši"},{"$i":"message-edit-delete-confirm","$v":"Obrisati poruku?"},{"$i":"message-send-attachment-disabled-confirm","$v":"Priložak ne može biti prosljeđen."},{"$i":"message-multiedit-header","$v":{"zero":"Uredi","one":[{"t":"idOrVar","v":"n"}," odabranu"],"two":[{"t":"idOrVar","v":"n"}," odabrane"],"few":[{"t":"idOrVar","v":"n"}," odabrane"],"many":[{"t":"idOrVar","v":"n"}," odabranih"],"other":[{"t":"idOrVar","v":"n"}," odabranih"]},"$x":[{"t":"idOrVar","v":"plural"},"n"]},{"$i":"browse-to-url-prompt","$v":["Posjetiti adresu?: ",{"t":"idOrVar","v":"url"}]},{"$i":"message-download-images-tap","$v":{"one":["Ova poruka sadrži ",{"t":"idOrVar","v":"n"}," sliku. Pritisnite za preuzimanje."],"two":["Ova poruka sadrži ",{"t":"idOrVar","v":"n"}," slike. Pritisnite za preuzimanje."],"few":["Ova poruka sadrži ",{"t":"idOrVar","v":"n"}," slike. Pritisnite za preuzimanje."],"many":["Ova poruka sadrži ",{"t":"idOrVar","v":"n"}," slika. Pritisnite za preuzimanje."],"other":["Ova poruka sadrži ",{"t":"idOrVar","v":"n"}," slika. Pritisnite za preuzimanje."]},"$x":[{"t":"idOrVar","v":"plural"},"n"]},{"$i":"message-show-external-images","$v":"Prikaži vanjske slike"},{"$i":"message-multiedit-cancel","$v":"Otkaži"},{"$i":"message-multiedit-delete-confirm","$v":{"one":["Obrisati ",{"t":"idOrVar","v":"n"}," poruku?"],"two":["Obrisati ",{"t":"idOrVar","v":"n"}," poruke?"],"few":["Obrisati ",{"t":"idOrVar","v":"n"}," poruke?"],"many":["Obrisati ",{"t":"idOrVar","v":"n"}," poruka?"],"other":["Obrisati ",{"t":"idOrVar","v":"n"}," poruka?"]},"$x":[{"t":"idOrVar","v":"plural"},"n"]},{"$i":"message-large-message-cancel","$v":"Otkaži"},{"$i":"message-large-message-ok","$v":"Nastavi"},{"$i":"message-large-message-confirm","$v":"Ova poruka je velika i možda će se preuzimati duže vrijeme."},{"$i":"message-search-from","$v":"Šalje"},{"$i":"message-search-to","$v":"Prima"},{"$i":"message-search-subject","$v":"Naslov"},{"$i":"message-search-body","$v":"Tekst"},{"$i":"message-search-all","$v":"Sve"},{"$i":"message-search-input","placeholder":"Pretraži poruke"},{"$i":"message-search-cancel","$v":"Odustani"},{"$i":"messages-syncing","$v":"Učitavanje poruka"},{"$i":"messages-load-more","$v":"Učitaj više poruka"},{"$i":"messages-folder-empty","$v":"Nema poruka u ovoj mapi"},{"$i":"messages-search-empty","$v":"Nema rezultata u lokalno spremljenim porukama"},{"$i":"messages-folder-select","$v":"Odaberi mapu"},{"$i":"messages-folder-unread-max","$v":"999+"},{"$i":"message-contact-menu-create","$v":"Spremi novi kontakt"},{"$i":"message-contact-menu-add-existing","$v":"Dodaj postojećem kontaktu"},{"$i":"message-contact-menu-view","$v":"Prikaži kontakt"},{"$i":"message-contact-menu-reply","$v":"Odgovori"},{"$i":"message-contact-menu-new","$v":"Pošalji novu e-poštu"},{"$i":"message-reply-menu-reply","$v":"Odgovori"},{"$i":"message-reply-menu-reply-all","$v":"Odgovori svima"},{"$i":"message-reply-menu-forward","$v":"Proslijedi"},{"$i":"message-reply-menu-cancel","$v":"Otkaži"},{"$i":"reply-quoting-wrote","$v":"{name} je napisao/la"},{"$i":"forward-original-message","$v":"Izvorna poruka"},{"$i":"forward-header-subject","$v":"Subject"},{"$i":"forward-header-date","$v":"Date"},{"$i":"forward-header-from","$v":"From"},{"$i":"forward-header-reply-to","$v":"Reply-To"},{"$i":"forward-header-to","$v":"To"},{"$i":"forward-header-cc","$v":"Cc"},{"$i":"folder-inbox","$v":"Primljena pošta"},{"$i":"folder-sent","$v":"Poslana pošta"},{"$i":"folder-drafts","$v":"Skice"},{"$i":"folder-trash","$v":"Smeće"},{"$i":"folder-queue","$v":"Odlazna pošta"},{"$i":"folder-junk","$v":"Neželjena pošta"},{"$i":"folder-archives","$v":"Arhiva"},{"$i":"folder-localdrafts","$v":"Lokalne skice"},{"$i":"folder-outbox","$v":"Odlazna pošta"},{"$i":"drawer-back","$v":"Natrag"},{"$i":"drawer-accounts-header","$v":"Računi"},{"$i":"drawer-settings-link","$v":"Postavke"},{"$i":"folder-last-synced-label","$v":"Zadnja sinkronizacija:"},{"$i":"messages-refresh-button","ariaLabel":"Refresh"},{"$i":"messages-refresh-progress","ariaValueText":"Refreshing"},{"$i":"edit-button","ariaLabel":"Edit"},{"$i":"message-list-top-action","$v":"Vrh"},{"$i":"message-list-menu","ariaLabel":"Folders and settings"},{"$i":"message-list-compose","ariaLabel":"Compose"},{"$i":"toaster-undo","$v":"Vrati"},{"$i":"toaster-message-star","$v":{"one":["Postavljena ",{"t":"idOrVar","v":"n"}," oznaka poruke"],"two":["Postavljene ",{"t":"idOrVar","v":"n"}," oznake poruka"],"few":["Postavljene ",{"t":"idOrVar","v":"n"}," oznake poruka"],"many":["Postavljeno ",{"t":"idOrVar","v":"n"}," oznaka poruka"],"other":["Postavljeno ",{"t":"idOrVar","v":"n"}," oznaka poruka"]},"$x":[{"t":"idOrVar","v":"plural"},"n"]},{"$i":"toaster-message-unstar","$v":{"one":["Uklonjena ",{"t":"idOrVar","v":"n"}," oznaka poruke"],"two":["Uklonjene ",{"t":"idOrVar","v":"n"}," oznake poruka"],"few":["Uklonjene ",{"t":"idOrVar","v":"n"}," oznake poruka"],"many":["Uklonjeno ",{"t":"idOrVar","v":"n"}," oznaka poruka"],"other":["Uklonjeno ",{"t":"idOrVar","v":"n"}," oznaka poruka"]},"$x":[{"t":"idOrVar","v":"plural"},"n"]},{"$i":"toaster-message-read","$v":{"one":[{"t":"idOrVar","v":"n"}," poruka označena kao pročitana"],"two":[{"t":"idOrVar","v":"n"}," poruke označene kao pročitane"],"few":[{"t":"idOrVar","v":"n"}," poruke označene kao pročitane"],"many":[{"t":"idOrVar","v":"n"}," poruka označeno kao pročitano"],"other":[{"t":"idOrVar","v":"n"}," poruka označeno kao pročitano"]},"$x":[{"t":"idOrVar","v":"plural"},"n"]},{"$i":"toaster-message-unread","$v":{"one":[{"t":"idOrVar","v":"n"}," poruka označena kao nepročitana"],"two":[{"t":"idOrVar","v":"n"}," poruke označene kao nepročitane"],"few":[{"t":"idOrVar","v":"n"}," poruke označene kao nepročitane"],"many":[{"t":"idOrVar","v":"n"}," poruka označeno kao nepročitano"],"other":[{"t":"idOrVar","v":"n"}," poruka označeno kao nepročitano"]},"$x":[{"t":"idOrVar","v":"plural"},"n"]},{"$i":"toaster-message-move","$v":{"one":["Premještena ",{"t":"idOrVar","v":"n"}," poruka"],"two":["Premještene ",{"t":"idOrVar","v":"n"}," poruke"],"few":["Premještene ",{"t":"idOrVar","v":"n"}," poruke"],"many":["Premješteno ",{"t":"idOrVar","v":"n"}," poruka"],"other":["Premješteno ",{"t":"idOrVar","v":"n"}," poruka"]},"$x":[{"t":"idOrVar","v":"plural"},"n"]},{"$i":"toaster-message-delete","$v":{"one":["Obrisana ",{"t":"idOrVar","v":"n"}," poruka"],"two":["Obrisane ",{"t":"idOrVar","v":"n"}," poruke"],"few":["Obrisane ",{"t":"idOrVar","v":"n"}," poruke"],"many":["Obrisano ",{"t":"idOrVar","v":"n"}," poruka"],"other":["Obrisano ",{"t":"idOrVar","v":"n"}," poruka"]},"$x":[{"t":"idOrVar","v":"plural"},"n"]},{"$i":"toaster-retryable-syncfailed","$v":"Povezivanje na poslužitelj nije uspjelo"},{"$i":"compose-invalid-addresses-title","$v":"Neispravne adrese"},{"$i":"compose-invalid-addresses-description","$v":"Vaša poruka sadrži jednu ili više neispravnih adresa e-pošte. Ispravite ih prije slanja."},{"$i":"background-send-pending","$v":"Mreža nedostupna. Poruka je spremljena u odlaznu poštu."},{"$i":"background-send-sending","$v":"Slanje e-pošte…"},{"$i":"background-send-success","$v":"E-pošta poslana."},{"$i":"background-send-error","$v":"Došlo je do greške. Poruka je spremljena u odlaznu poštu."},{"$i":"background-send-error-recipients","$v":"Greška primatelja. Poruka je spremljena u odlaznu poštu."},{"$i":"background-send-error-title","$v":"Poruka nije poslana"},{"$i":"send-failure-recipients","$v":"Provjerite ispravnost gore navedenih adresa. Vaš poslužitelj e-pošte je naznačio da jedna ili više adresa nisu ispravne."},{"$i":"send-failure-unknown","$v":"Poruka nije mogla biti poslana."},{"$i":"form-clear-input","$v":"Ukloni tekst"},{"$i":"confirm-dialog-title","$v":"Potvrda"},{"$i":"senders-separation-sign","$v":", "},{"$i":"new-messages","$v":{"one":[{"t":"idOrVar","v":"n"}," nova poruka"],"two":[{"t":"idOrVar","v":"n"}," nove poruke"],"few":[{"t":"idOrVar","v":"n"}," nove poruke"],"many":[{"t":"idOrVar","v":"n"}," novih poruka"],"other":[{"t":"idOrVar","v":"n"}," novih poruka"]},"$x":[{"t":"idOrVar","v":"plural"},"n"]},{"$i":"notification-no-subject","$v":"(no subject)"},{"$i":"new-emails-notify-one-account","$v":{"one":[{"t":"idOrVar","v":"n"}," nova e-pošta"],"two":[{"t":"idOrVar","v":"n"}," nove e-pošte"],"few":[{"t":"idOrVar","v":"n"}," nove e-pošte"],"many":[{"t":"idOrVar","v":"n"}," novih e-pošta"],"other":[{"t":"idOrVar","v":"n"}," novih e-pošta"]},"$x":[{"t":"idOrVar","v":"plural"},"n"]},{"$i":"new-emails-notify-multiple-accounts","$v":{"one":[{"t":"idOrVar","v":"n"}," nova e-pošta (",{"t":"idOrVar","v":"accountName"},")"],"two":[{"t":"idOrVar","v":"n"}," nove e-pošte (",{"t":"idOrVar","v":"accountName"},")"],"few":[{"t":"idOrVar","v":"n"}," nove e-pošte (",{"t":"idOrVar","v":"accountName"},")"],"many":[{"t":"idOrVar","v":"n"}," novih e-pošta (",{"t":"idOrVar","v":"accountName"},")"],"other":[{"t":"idOrVar","v":"n"}," novih e-pošta (",{"t":"idOrVar","v":"accountName"},")"]},"$x":[{"t":"idOrVar","v":"plural"},"n"]},{"$i":"new-emails-notify-multiple-accounts-body","$v":[{"t":"idOrVar","v":"from"}," “",{"t":"idOrVar","v":"subject"},"”"]},{"$i":"tng-plain-socket-warning-title","$v":"Are you sure?"},{"$i":"tng-plain-socket-warning-message","$v":"Other people may be able to see your passwords and emails or control your account."},{"$i":"tng-plain-socket-warning-message-options","$v":"There are multiple, free email providers that offer more secure, encrypted connections."},{"$i":"tng-plain-socket-learn-more","$v":"Learn more"},{"$i":"tng-plain-socket-warning-ok","$v":"I understand"},{"$i":"message-reader-next-button","ariaLabel":"Next"},{"$i":"message-reader-previous-button","ariaLabel":"Previous"},{"$i":"message-reader-date-received","ariaLabel":"Received"},{"$i":"weekday-0-long","$v":"Nedjelja"},{"$i":"weekday-1-long","$v":"Ponedjeljak"},{"$i":"weekday-2-long","$v":"Utorak"},{"$i":"weekday-3-long","$v":"Srijeda"},{"$i":"weekday-4-long","$v":"Četvrtak"},{"$i":"weekday-5-long","$v":"Petak"},{"$i":"weekday-6-long","$v":"Subota"},{"$i":"weekday-0-short","$v":"Ned"},{"$i":"weekday-1-short","$v":"Pon"},{"$i":"weekday-2-short","$v":"Uto"},{"$i":"weekday-3-short","$v":"Sri"},{"$i":"weekday-4-short","$v":"Čet"},{"$i":"weekday-5-short","$v":"Pet"},{"$i":"weekday-6-short","$v":"Sub"},{"$i":"month-0-long","$v":"Siječanj"},{"$i":"month-1-long","$v":"Veljača"},{"$i":"month-2-long","$v":"Ožujak"},{"$i":"month-3-long","$v":"Travanj"},{"$i":"month-4-long","$v":"Svibanj"},{"$i":"month-5-long","$v":"Lipanj"},{"$i":"month-6-long","$v":"Srpanj"},{"$i":"month-7-long","$v":"Kolovoz"},{"$i":"month-8-long","$v":"Rujan"},{"$i":"month-9-long","$v":"Listopad"},{"$i":"month-10-long","$v":"Studeni"},{"$i":"month-11-long","$v":"Prosinac"},{"$i":"month-0-genitive","$v":"Siječnja"},{"$i":"month-1-genitive","$v":"Veljače"},{"$i":"month-2-genitive","$v":"Ožujka"},{"$i":"month-3-genitive","$v":"Travnja"},{"$i":"month-4-genitive","$v":"Svibnja"},{"$i":"month-5-genitive","$v":"Lipnja"},{"$i":"month-6-genitive","$v":"Srpnja"},{"$i":"month-7-genitive","$v":"Kolovoza"},{"$i":"month-8-genitive","$v":"Rujna"},{"$i":"month-9-genitive","$v":"Listopada"},{"$i":"month-10-genitive","$v":"Studenoga"},{"$i":"month-11-genitive","$v":"Prosinca"},{"$i":"month-0-short","$v":"Sij"},{"$i":"month-1-short","$v":"Velj"},{"$i":"month-2-short","$v":"Ožu"},{"$i":"month-3-short","$v":"Tra"},{"$i":"month-4-short","$v":"Svi"},{"$i":"month-5-short","$v":"Lip"},{"$i":"month-6-short","$v":"Srp"},{"$i":"month-7-short","$v":"Kol"},{"$i":"month-8-short","$v":"Ruj"},{"$i":"month-9-short","$v":"Lis"},{"$i":"month-10-short","$v":"Stu"},{"$i":"month-11-short","$v":"Pro"},{"$i":"minutes-ago-long","$v":{"zero":"upravo","one":"prije minutu","two":["prije ",{"t":"idOrVar","v":"value"}," minute"],"few":["prije ",{"t":"idOrVar","v":"value"}," minutes"],"many":["prije ",{"t":"idOrVar","v":"value"}," minuta"],"other":["prije ",{"t":"idOrVar","v":"value"}," minuta"]},"$x":[{"t":"idOrVar","v":"plural"},"value"]},{"$i":"hours-ago-long","$v":{"zero":"upravo","one":"prije sat vremena","two":["prije ",{"t":"idOrVar","v":"value"}," sata"],"few":["prije ",{"t":"idOrVar","v":"value"}," sati"],"many":["prije ",{"t":"idOrVar","v":"value"}," sati"],"other":["prije ",{"t":"idOrVar","v":"value"}," sati"]},"$x":[{"t":"idOrVar","v":"plural"},"value"]},{"$i":"days-ago-long","$v":{"zero":"danas","one":"jučer","two":["prije ",{"t":"idOrVar","v":"value"}," dana"],"few":["prije ",{"t":"idOrVar","v":"value"}," dana"],"many":["prije ",{"t":"idOrVar","v":"value"}," dana"],"other":["prije ",{"t":"idOrVar","v":"value"}," dana"]},"$x":[{"t":"idOrVar","v":"plural"},"value"]},{"$i":"weeks-ago-long","$v":{"zero":"ovaj tjedan","one":"prošli tjedan","two":["prije ",{"t":"idOrVar","v":"value"}," tjedna"],"few":["prije ",{"t":"idOrVar","v":"value"}," tjedana"],"many":["prije ",{"t":"idOrVar","v":"value"}," tjedana"],"other":["prije ",{"t":"idOrVar","v":"value"}," tjedana"]},"$x":[{"t":"idOrVar","v":"plural"},"value"]},{"$i":"months-ago-long","$v":{"zero":"ovaj mjesec","one":"prošli mjesec","two":["prije ",{"t":"idOrVar","v":"value"}," mjeseca"],"few":["prije ",{"t":"idOrVar","v":"value"}," mjeseci"],"many":["prije ",{"t":"idOrVar","v":"value"}," mjeseci"],"other":["prije ",{"t":"idOrVar","v":"value"}," mjeseci"]},"$x":[{"t":"idOrVar","v":"plural"},"value"]},{"$i":"years-ago-long","$v":{"zero":"ove godine","one":"prošle godine","two":["prije ",{"t":"idOrVar","v":"value"}," godine"],"few":["prije ",{"t":"idOrVar","v":"value"}," godina"],"many":["prije ",{"t":"idOrVar","v":"value"}," godina"],"other":["prije ",{"t":"idOrVar","v":"value"}," godina"]},"$x":[{"t":"idOrVar","v":"plural"},"value"]},{"$i":"minutes-until-long","$v":{"zero":"upravo","one":"za minutu","two":["za ",{"t":"idOrVar","v":"value"}," minute"],"few":["za ",{"t":"idOrVar","v":"value"}," minuta"],"many":["za ",{"t":"idOrVar","v":"value"}," minuta"],"other":["za ",{"t":"idOrVar","v":"value"}," minuta"]},"$x":[{"t":"idOrVar","v":"plural"},"value"]},{"$i":"hours-until-long","$v":{"zero":"upravo","one":"za sat vremena","two":["za ",{"t":"idOrVar","v":"value"}," sata"],"few":["za ",{"t":"idOrVar","v":"value"}," sati"],"many":["za ",{"t":"idOrVar","v":"value"}," sati"],"other":["za ",{"t":"idOrVar","v":"value"}," sati"]},"$x":[{"t":"idOrVar","v":"plural"},"value"]},{"$i":"days-until-long","$v":{"zero":"danas","one":"sutra","two":["za ",{"t":"idOrVar","v":"value"}," dana"],"few":["za ",{"t":"idOrVar","v":"value"}," dana"],"many":["za ",{"t":"idOrVar","v":"value"}," dana"],"other":["za ",{"t":"idOrVar","v":"value"}," dana"]},"$x":[{"t":"idOrVar","v":"plural"},"value"]},{"$i":"weeks-until-long","$v":{"zero":"ovaj tjedan","one":"idući tjedan","two":["za ",{"t":"idOrVar","v":"value"}," tjedna"],"few":["za ",{"t":"idOrVar","v":"value"}," tjedana"],"many":["za ",{"t":"idOrVar","v":"value"}," tjedana"],"other":["za ",{"t":"idOrVar","v":"value"}," tjedana"]},"$x":[{"t":"idOrVar","v":"plural"},"value"]},{"$i":"months-until-long","$v":{"zero":"ovaj mjesec","one":"idući mjesec","two":["za ",{"t":"idOrVar","v":"value"}," mjeseca"],"few":["za ",{"t":"idOrVar","v":"value"}," mjeseci"],"many":["za ",{"t":"idOrVar","v":"value"}," mjeseci"],"other":["za ",{"t":"idOrVar","v":"value"}," mjeseci"]},"$x":[{"t":"idOrVar","v":"plural"},"value"]},{"$i":"years-until-long","$v":{"zero":"ove godine","one":"iduće godine","two":["za ",{"t":"idOrVar","v":"value"}," godine"],"few":["za ",{"t":"idOrVar","v":"value"}," godina"],"many":["za ",{"t":"idOrVar","v":"value"}," godina"],"other":["za ",{"t":"idOrVar","v":"value"}," godina"]},"$x":[{"t":"idOrVar","v":"plural"},"value"]},{"$i":"minutes-ago-short","$v":{"zero":"upravo","other":["prije ",{"t":"idOrVar","v":"value"},"m"]},"$x":[{"t":"idOrVar","v":"plural"},"value"]},{"$i":"hours-ago-short","$v":{"zero":"upravo","other":["prije ",{"t":"idOrVar","v":"value"},"s"]},"$x":[{"t":"idOrVar","v":"plural"},"value"]},{"$i":"days-ago-short","$v":{"zero":"danas","other":["prije ",{"t":"idOrVar","v":"value"},"d"]},"$x":[{"t":"idOrVar","v":"plural"},"value"]},{"$i":"minutes-until-short","$v":{"zero":"sada","other":["za ",{"t":"idOrVar","v":"value"},"m"]},"$x":[{"t":"idOrVar","v":"plural"},"value"]},{"$i":"hours-until-short","$v":{"zero":"sada","other":["za ",{"t":"idOrVar","v":"value"},"s"]},"$x":[{"t":"idOrVar","v":"plural"},"value"]},{"$i":"days-until-short","$v":{"zero":"danas","other":["za ",{"t":"idOrVar","v":"value"},"d"]},"$x":[{"t":"idOrVar","v":"plural"},"value"]},{"$i":"incorrectDate","$v":"(netočan datum)"},{"$i":"dateTimeFormat_%c","$v":"%a %e %b %Y %H:%M:%S"},{"$i":"dateTimeFormat_%x","$v":"%d.%m.%Y"},{"$i":"dateTimeFormat_%X","$v":"%H:%M:%S"},{"$i":"shortTimeFormat","$v":"%I:%M %p"},{"$i":"shortTimeFormat12","$v":"%I:%M %p"},{"$i":"shortTimeFormat24","$v":"%H:%M"},{"$i":"shortDateTimeFormat","$v":"%x %H:%M"},{"$i":"weekStartsOnMonday","$v":"1"},{"$i":"firstDayOfTheWeek","$v":"0"},{"$i":"time_am","$v":"AM"},{"$i":"time_pm","$v":"PM"}]