[{"$i":"back-button","ariaLabel":"Back"},{"$i":"close-button","ariaLabel":"Close"},{"$i":"setup-app-name-header","$v":"Levelező"},{"$i":"setup-empty-account-message","$v":"You are not set up to send or receive email. Set up an account to complete the action."},{"$i":"setup-pick-service","$v":"Az e-mailek küldéséhez és fogadásához be kell állítania egy fiókot."},{"$i":"setup-account-header3","$v":"Új postafiók"},{"$i":"setup-account-enter-password","$v":"Adja meg a jelszót:"},{"$i":"setup-info-name","placeholder":"Az Ön neve"},{"$i":"setup-info-email","placeholder":"valaki@példa.hu"},{"$i":"setup-info-password","placeholder":"Jelszó"},{"$i":"setup-info-next","$v":"Tovább"},{"$i":"setup-progress-wait-msg","$v":"Kis türelmet, amíg a fiók beállítása megtörténik"},{"$i":"setup-completed-header","$v":"Postafiók beállítása"},{"$i":"setup-completed-label","$v":"Elkészült!"},{"$i":"setup-add-another-account","$v":"Másik fiók hozzáadása"},{"$i":"setup-show-mail","$v":"Tovább a Levelezőbe"},{"$i":"setup-error-offline","$v":"Az eszköz nincs kapcsolódva. Csatlakozzon egy hálózathoz, és próbálja újra."},{"$i":"setup-error-bad-user-or-pass2","$v":"Érvénytelen felhasználónév vagy jelszó, ellenőrizze."},{"$i":"setup-error-bad-address","$v":"Érvénytelen e-mail cím, ellenőrizze."},{"$i":"setup-error-not-authorized","$v":"A kiszolgáló szerint Ön nem hozhat létre fiókot"},{"$i":"setup-error-pop-server-not-great","$v":"A kiszolgáló nem támogatott. A POP3 kiszolgáló nem valósít meg szükséges funkciókat."},{"$i":"setup-error-unknown2","$v":"Ismeretlen hiba történt. Ellenőrizze a hálózati kapcsolatot, vagy próbálja meg a kézi beállítási lehetőséget."},{"$i":"setup-error-needs-app-pass","$v":"Az alkalmazáshoz tartozó jelszót kell megadnia a kétfaktorú Gmail fiókokhoz"},{"$i":"setup-error-imap-disabled","$v":"Engedélyeznie kell az IMAP protokollt a Gmail fiók használatához"},{"$i":"setup-error-pop3-disabled","$v":"Engedélyeznie kell a POP3 protokollt a Gmail fiók használatához"},{"$i":"setup-error-bad-security","$v":["Nem hozható létre biztonságos kapcsolat ehhez: „",{"t":"idOrVar","v":"server"},"”. Probléma lehet a hálózattal vagy a kiszolgálóval."]},{"$i":"setup-error-unresponsive-server","$v":["Nem hozható létre kapcsolat ehhez: „",{"t":"idOrVar","v":"server"},"”. Probléma lehet a kiszolgálóval."]},{"$i":"setup-error-server-problem","$v":["Probléma van ezzel a kiszolgálóval: „",{"t":"idOrVar","v":"server"},"”. Próbálja újra később."]},{"$i":"setup-error-no-config-info","$v":"Nem lehet automatikusan beállítani a fiókját. Javítsa e-mail címét, vagy próbálja a kézi beállítási lehetőséget."},{"$i":"setup-error-server-maintenance","$v":["A(z) „",{"t":"idOrVar","v":"server"},"” karbantartás miatt nem érhető el. Próbálja újra később."]},{"$i":"setup-error-account-already-exists","$v":"A fiók már be van állítva."},{"$i":"setup-manual-config2","$v":"Kézi beállítás"},{"$i":"setup-manual-config-header","$v":"Kézi beállítás"},{"$i":"setup-manual-account-type","$v":"Fióktípus"},{"$i":"setup-manual-account-type-select","ariaLabel":"Account type"},{"$i":"setup-manual-imap-header","$v":"IMAP-beállítások"},{"$i":"setup-manual-pop3-header","$v":"POP3-beállítások"},{"$i":"setup-manual-smtp-header","$v":"SMTP-beállítások"},{"$i":"setup-manual-activesync-header","$v":"ActiveSync beállítások"},{"$i":"setup-manual-next","$v":"Tovább"},{"$i":"setup-manual-socket","$v":"Foglalattípus"},{"$i":"setup-manual-socket-ssl","$v":"SSL"},{"$i":"setup-manual-socket-starttls","$v":"STARTTLS"},{"$i":"setup-manual-socket-select","ariaLabel":"Connection security"},{"$i":"setup-manual-socket-plain","$v":"Unencrypted (insecure)"},{"$i":"setup-manual-hostname","placeholder":"Gép neve"},{"$i":"setup-manual-port","placeholder":"Portszám"},{"$i":"setup-manual-username","placeholder":"Felhasználónév"},{"$i":"setup-manual-activesync-username","placeholder":"Tartomány\\Felhasználónév"},{"$i":"setup-bad-password-header","$v":"Hibás jelszó!"},{"$i":"setup-bad-password","$v":"Nem sikerült bejelentkezni a kiszolgálóra. Nem lehet, hogy hibás a jelszó?"},{"$i":"setup-new-password","placeholder":"Új jelszó"},{"$i":"setup-fix-password","$v":"Újra másik jelszóval"},{"$i":"setup-gmail-twofactor-header","$v":"Kétfaktorú hitelesítés engedélyezve"},{"$i":"setup-gmail-twofactor-message","$v":"Az alkalmazáshoz tartozó jelszót kell megadnia."},{"$i":"setup-gmail-twofactor-fix","$v":"Használja az alkalmazás jelszavát"},{"$i":"setup-gmail-imap-header","$v":"IMAP letiltva"},{"$i":"setup-gmail-imap-message","$v":"Engedélyezze az IMAP-ot a Gmail fiókjához"},{"$i":"setup-gmail-imap-retry","$v":"Újra"},{"$i":"setup-gmail-pop3-header","$v":"POP3 letiltva"},{"$i":"setup-gmail-pop3-message","$v":"Engedélyezze a POP3-at a Gmail fiókjához"},{"$i":"setup-gmail-pop3-retry","$v":"Próbálja újra"},{"$i":"setup-fix-oauth2-header","$v":"E-mail felhatalmazása újra"},{"$i":"setup-fix-oauth2-description","$v":"Az E-mailnek újra kell engedélyezni a következő fiók elérését:"},{"$i":"setup-fix-oauth2-reauthorize","$v":"Újraengedélyezés"},{"$i":"settings-main-header","$v":"Levelezés"},{"$i":"settings-sub-header-account","$v":"Fiók"},{"$i":"settings-account-group","ariaLabel":"Account"},{"$i":"settings-account-name","$v":"Az Ön neve"},{"$i":"settings-account-display-notifications","$v":"Figyelmeztetés új üzenet érkezésekor"},{"$i":"settings-account-play-sound-onsend","$v":"Hang lejátszása az üzenet elküldése után"},{"$i":"settings-empty-signature-label","$v":"Koppintson a szerkesztéshez"},{"$i":"settings-account-signature-label","$v":"Aláírás"},{"$i":"settings-account-signature-textbox","ariaLabel":"Signature"},{"$i":"signature-save","$v":"Aláírás mentése"},{"$i":"signature-discard-confirm","$v":"Eldobás"},{"$i":"settings-sub-header-data","$v":"Adatok"},{"$i":"settings-data-group","ariaLabel":"Data"},{"$i":"settings-account-check-mail","$v":"Új üzenet keresése"},{"$i":"settings-account-check-mail-select","ariaLabel":"Check for new messages"},{"$i":"settings-sub-header-server","$v":"Beállítások"},{"$i":"settings-server-group","ariaLabel":"Server settings"},{"$i":"settings-account-userpass","$v":"Felhasználónév és jelszó"},{"$i":"settings-account-useroauth2","$v":"Felhasználónév"},{"$i":"settings-default-signature-2","$v":"Firefox OS-ről küldve"},{"$i":"settings-done","$v":"Kész"},{"$i":"settings-account-section","$v":"Fiókok"},{"$i":"settings-account-listbox","ariaLabel":"Accounts"},{"$i":"settings-account-add","$v":"Fiók hozzáadása"},{"$i":"settings-account-delete","$v":"Fiók törlése"},{"$i":"settings-account-delete-prompt","$v":["Biztos benne, hogy törli a következő fiókot: ",{"t":"idOrVar","v":"account"},"? Ha újra létrehozza a fiókot az összes levelet ismét le kell majd töltenie."]},{"$i":"settings-account-delete-cancel","$v":"Mégse"},{"$i":"settings-account-delete-confirm","$v":"Törlés"},{"$i":"settings-account-clarify-imap","$v":[{"t":"idOrVar","v":"account-name"}," (IMAP)"]},{"$i":"settings-account-clarify-pop3","$v":[{"t":"idOrVar","v":"account-name"}," (POP3)"]},{"$i":"settings-account-clarify-smtp","$v":[{"t":"idOrVar","v":"account-name"}," (SMTP)"]},{"$i":"settings-general-section","$v":"Általános beállítások"},{"$i":"settings-show-images","$v":"Képek megjelenítése mindig"},{"$i":"settings-download-attachments","$v":"Mellékletek letöltése"},{"$i":"settings-check-every-5min","$v":"5 percenként"},{"$i":"settings-check-every-10min","$v":"10 percenként"},{"$i":"settings-check-every-15min","$v":"15 percenként"},{"$i":"settings-check-every-30min","$v":"30 percenként"},{"$i":"settings-check-every-60min","$v":"Óránként"},{"$i":"settings-check-every-manual","$v":"Kézzel"},{"$i":"settings-check-dynamic","$v":{"zero":"másodperc","one":[{"t":"idOrVar","v":"n"}," másodperc"],"two":[{"t":"idOrVar","v":"n"}," másodperc"],"few":[{"t":"idOrVar","v":"n"}," másodperc"],"many":[{"t":"idOrVar","v":"n"}," másodperc"],"other":[{"t":"idOrVar","v":"n"}," másodperc"]},"$x":[{"t":"idOrVar","v":"plural"},"n"]},{"$i":"settings-default-account","$v":"Alapértelmezett fiók"},{"$i":"settings-account-type","$v":"Fióktípus"},{"$i":"settings-account-credentials","$v":"Hitelesítési adatok"},{"$i":"settings-activesync-label","$v":"ActiveSync beállítások"},{"$i":"settings-imap-label","$v":"IMAP-beállítások"},{"$i":"settings-pop3-label","$v":"POP3-beállítások"},{"$i":"settings-smtp-label","$v":"SMTP-beállítások"},{"$i":"settings-hostname","$v":"Gép neve"},{"$i":"settings-port","$v":"Port"},{"$i":"settings-username","$v":"Felhasználónév"},{"$i":"settings-password","$v":"Jelszó"},{"$i":"settings-save","$v":"Mentés"},{"$i":"settings-password-empty","$v":"A jelszó nem lehet üres!"},{"$i":"settings-reauth","$v":"Újraengedélyezés"},{"$i":"settings-account-synchronize-window","$v":"Szinkronizálandó napok száma"},{"$i":"settings-account-synchronize-window-select","ariaLabel":"Days to sync"},{"$i":"settings-synchronize-auto","$v":"Automatikus"},{"$i":"settings-synchronize-one-day","$v":"1 nap"},{"$i":"settings-synchronize-three-days","$v":"3 nap"},{"$i":"settings-synchronize-one-week","$v":"1 hét"},{"$i":"settings-synchronize-two-weeks","$v":"2 hét"},{"$i":"settings-synchronize-one-month","$v":"1 hónap"},{"$i":"settings-synchronize-all","$v":"Minden üzenet"},{"$i":"envelope-from","$v":"Feladó"},{"$i":"envelope-to","$v":"Címzett"},{"$i":"envelope-cc","$v":"Másolat"},{"$i":"envelope-bcc","$v":"Rejtett másolat"},{"$i":"message-header-state-sending","ariaLabel":"Sending"},{"$i":"message-header-state-error","ariaLabel":"Error sending"},{"$i":"message-header-unread","ariaLabel":"Unread"},{"$i":"message-header-starred","ariaLabel":"Has star"},{"$i":"message-header-attachments","ariaLabel":"Has attachments"},{"$i":"message-body-container","ariaLabel":"Message body"},{"$i":"message-body-container-progress","ariaValueText":"Loading"},{"$i":"subject","ariaLabel":"Subject"},{"$i":"message-delete-button","ariaLabel":"Delete"},{"$i":"message-star-button","ariaLabel":"Add star"},{"$i":"message-unstar-button","ariaLabel":"Remove star"},{"$i":"message-mark-read-button","ariaLabel":"Mark read"},{"$i":"message-mark-unread-button","ariaLabel":"Mark unread"},{"$i":"message-move-button","ariaLabel":"Move"},{"$i":"message-reply-forward-button","ariaLabel":"Reply or forward"},{"$i":"download-button","ariaLabel":"Download"},{"$i":"downloading-progress","ariaValueText":"Downloading"},{"$i":"view-button","ariaLabel":"View"},{"$i":"attachments-container","ariaLabel":"Attachments"},{"$i":"from-group","ariaLabel":"From"},{"$i":"to-group","ariaLabel":"To"},{"$i":"cc-group","ariaLabel":"cc"},{"$i":"bcc-group","ariaLabel":"bcc"},{"$i":"compose-header","$v":"Üzenet írása"},{"$i":"compose-header-short","$v":"Írás"},{"$i":"compose-send","$v":"Küldés"},{"$i":"compose-send-button","ariaLabel":"Send"},{"$i":"compose-to","$v":"Címzett"},{"$i":"compose-cc","$v":"Másolat"},{"$i":"compose-bcc","$v":"Rejtett másolat"},{"$i":"compose-contact-add","ariaLabel":"Add contact"},{"$i":"compose-attachments-container","ariaLabel":{"$x":[{"t":"idOrVar","v":"plural"},"kilobytes"],"$v":{"zero":"Attachments","one":["Attachments: ",{"t":"idOrVar","v":"kilobytes"},"K"],"two":["Attachments: ",{"t":"idOrVar","v":"kilobytes"},"K"],"few":["Attachments: ",{"t":"idOrVar","v":"kilobytes"},"K"],"many":["Attachments: ",{"t":"idOrVar","v":"kilobytes"},"K"],"other":["Attachments: ",{"t":"idOrVar","v":"kilobytes"},"K"]}}},{"$i":"compose-attachment-remove","ariaLabel":"Remove"},{"$i":"compose-attachment-button","ariaLabel":"Attach"},{"$i":"compose-attachments","$v":{"zero":"Mellékletek","one":[{"t":"idOrVar","v":"n"}," melléklet"],"two":[{"t":"idOrVar","v":"n"}," melléklet"],"few":[{"t":"idOrVar","v":"n"}," melléklet"],"many":[{"t":"idOrVar","v":"n"}," melléklet"],"other":[{"t":"idOrVar","v":"n"}," melléklet"]},"$x":[{"t":"idOrVar","v":"plural"},"n"]},{"$i":"compose-text","ariaLabel":"Edit"},{"$i":"compose-attachment-still-working","$v":"Pillanat, várakozás az előző mellékletre…"},{"$i":"compose-subject","$v":"Tárgy"},{"$i":"compose-draft-save","$v":"Mentés helyi piszkozatként"},{"$i":"compose-discard-confirm","$v":"Eldobás"},{"$i":"compose-send-message-failed","$v":"A levélküldés meghiúsult"},{"$i":"composer-attachment-large","$v":"A melléklet túl nagy"},{"$i":"composer-attachments-large","$v":"A mellékletek túl nagyok"},{"$i":"compose-attchment-size-exceeded","$v":"A kiválasztott melléklet túl nagy ahhoz, hogy ehhez az üzenethez csatolni lehessen."},{"$i":"compose-attchments-size-exceeded","$v":"A kiválasztott mellékletek túl nagyok ehhez az üzenethez. Érdemes megpróbálni kevesebb fájllal."},{"$i":"dialog-button-ok","$v":"OK"},{"$i":"default-attachment-filename","$v":["melleklet",{"t":"idOrVar","v":"n"}]},{"$i":"attachment-size-kib","$v":[{"t":"idOrVar","v":"kilobytes"},"K"]},{"$i":"message-attachment-view","$v":"Megjelenítés"},{"$i":"message-attachment-did-not-open-label","$v":"Unable to open"},{"$i":"message-attachment-did-not-open-body","$v":"The device does not have an app that can open the attachment."},{"$i":"message-attachment-too-large","$v":"A fájl túl nagy a letöltéshez."},{"$i":"message-no-subject","$v":"(nincs tárgy)"},{"$i":"message-edit-menu-edit","$v":"Szerkesztés"},{"$i":"message-edit-menu-delete","$v":"Törlés"},{"$i":"message-edit-delete-confirm","$v":"Törli az e-mailt?"},{"$i":"message-send-attachment-disabled-confirm","$v":"A mellékletek nem továbbíthatók."},{"$i":"message-multiedit-header","$v":{"zero":"Szerkesztés","one":[{"t":"idOrVar","v":"n"}," kijelölve"],"two":[{"t":"idOrVar","v":"n"}," kijelölve"],"few":[{"t":"idOrVar","v":"n"}," kijelölve"],"many":[{"t":"idOrVar","v":"n"}," kijelölve"],"other":[{"t":"idOrVar","v":"n"}," kijelölve"]},"$x":[{"t":"idOrVar","v":"plural"},"n"]},{"$i":"browse-to-url-prompt","$v":["Megnyitja az URL-t: ",{"t":"idOrVar","v":"url"},"?"]},{"$i":"message-download-images-tap","$v":{"one":"Ez az e-mail egy képet tartalmaz. Koppintson a letöltéshez.","two":["Ez az e-mail ",{"t":"idOrVar","v":"n"}," képet tartalmaz. Koppintson a letöltéshez."],"few":["Ez az e-mail ",{"t":"idOrVar","v":"n"}," képet tartalmaz. Koppintson a letöltéshez."],"many":["Ez az e-mail ",{"t":"idOrVar","v":"n"}," képet tartalmaz. Koppintson a letöltéshez."],"other":["Ez az e-mail ",{"t":"idOrVar","v":"n"}," képet tartalmaz. Koppintson a letöltéshez."]},"$x":[{"t":"idOrVar","v":"plural"},"n"]},{"$i":"message-show-external-images","$v":"Külső képek megjelenítése"},{"$i":"message-multiedit-cancel","$v":"Mégse"},{"$i":"message-multiedit-delete-confirm","$v":{"one":"Törli ezt az e-mailt?","two":["Töröl ",{"t":"idOrVar","v":"n"}," e-mailt?"],"few":["Töröl ",{"t":"idOrVar","v":"n"}," e-mailt?"],"many":["Töröl ",{"t":"idOrVar","v":"n"}," e-mailt?"],"other":["Töröl ",{"t":"idOrVar","v":"n"}," e-mailt?"]},"$x":[{"t":"idOrVar","v":"plural"},"n"]},{"$i":"message-large-message-cancel","$v":"Mégse"},{"$i":"message-large-message-ok","$v":"Folytatás"},{"$i":"message-large-message-confirm","$v":"Ez az üzenet nagy, és letöltése sokáig tarthat."},{"$i":"message-search-from","$v":"Feladó"},{"$i":"message-search-to","$v":"Cím"},{"$i":"message-search-subject","$v":"Tárgy"},{"$i":"message-search-body","$v":"Szöveg"},{"$i":"message-search-all","$v":"Mind"},{"$i":"message-search-input","placeholder":"Levelek keresése"},{"$i":"message-search-cancel","$v":"Mégse"},{"$i":"messages-syncing","$v":"Üzenetek betöltése"},{"$i":"messages-load-more","$v":"További üzenetek betöltése"},{"$i":"messages-folder-empty","$v":"Nincsenek levelek ebben a mappában"},{"$i":"messages-search-empty","$v":"Nincs találat a helyileg tárolt üzenetekben"},{"$i":"messages-folder-select","$v":"Válasszon mappát"},{"$i":"messages-folder-unread-max","$v":"999+"},{"$i":"message-contact-menu-create","$v":"Új névjegy mentése"},{"$i":"message-contact-menu-add-existing","$v":"Hozzáadás meglévő névjegyhez"},{"$i":"message-contact-menu-view","$v":"Névjegy megtekintése"},{"$i":"message-contact-menu-reply","$v":"Válasz"},{"$i":"message-contact-menu-new","$v":"Új levél küldése"},{"$i":"message-reply-menu-reply","$v":"Válasz"},{"$i":"message-reply-menu-reply-all","$v":"Válasz mindenkinek"},{"$i":"message-reply-menu-forward","$v":"Továbbítás"},{"$i":"message-reply-menu-cancel","$v":"Mégse"},{"$i":"reply-quoting-wrote","$v":"{name} írta"},{"$i":"forward-original-message","$v":"Eredeti üzenet"},{"$i":"forward-header-subject","$v":"Tárgy"},{"$i":"forward-header-date","$v":"Dátum"},{"$i":"forward-header-from","$v":"Feladó"},{"$i":"forward-header-reply-to","$v":"Válaszcím"},{"$i":"forward-header-to","$v":"Címzett"},{"$i":"forward-header-cc","$v":"CC"},{"$i":"folder-inbox","$v":"Beérkezett"},{"$i":"folder-sent","$v":"Elküldött"},{"$i":"folder-drafts","$v":"Piszkozatok"},{"$i":"folder-trash","$v":"Törölt elemek"},{"$i":"folder-queue","$v":"Postázandó"},{"$i":"folder-junk","$v":"Szemét"},{"$i":"folder-archives","$v":"Archívum"},{"$i":"folder-localdrafts","$v":"Helyi piszkozatok"},{"$i":"folder-outbox","$v":"Kimenő"},{"$i":"drawer-back","$v":"Vissza"},{"$i":"drawer-accounts-header","$v":"Fiókok"},{"$i":"drawer-settings-link","$v":"Beállítások"},{"$i":"folder-last-synced-label","$v":"Utolsó szinkronizálás"},{"$i":"messages-refresh-button","ariaLabel":"Refresh"},{"$i":"messages-refresh-progress","ariaValueText":"Refreshing"},{"$i":"edit-button","ariaLabel":"Edit"},{"$i":"message-list-top-action","$v":"Fel"},{"$i":"message-list-menu","ariaLabel":"Folders and settings"},{"$i":"message-list-compose","ariaLabel":"Compose"},{"$i":"toaster-undo","$v":"Visszavonás"},{"$i":"toaster-message-star","$v":{"one":"1 üzenetjelző beállítva","two":[{"t":"idOrVar","v":"n"}," üzenetjelző beállítva"],"few":[{"t":"idOrVar","v":"n"}," üzenetjelző beállítva"],"many":[{"t":"idOrVar","v":"n"}," üzenetjelző beállítva"],"other":[{"t":"idOrVar","v":"n"}," üzenetjelző beállítva"]},"$x":[{"t":"idOrVar","v":"plural"},"n"]},{"$i":"toaster-message-unstar","$v":{"one":"1 üzenetjelző eltávolítva","two":[{"t":"idOrVar","v":"n"}," üzenetjelző eltávolítva"],"few":[{"t":"idOrVar","v":"n"}," üzenetjelző eltávolítva"],"many":[{"t":"idOrVar","v":"n"}," üzenetjelző eltávolítva"],"other":[{"t":"idOrVar","v":"n"}," üzenetjelző eltávolítva"]},"$x":[{"t":"idOrVar","v":"plural"},"n"]},{"$i":"toaster-message-read","$v":{"one":"1 üzenet megjelölve olvasottként","two":[{"t":"idOrVar","v":"n"}," üzenet megjelölve olvasottként"],"few":[{"t":"idOrVar","v":"n"}," üzenet megjelölve olvasottként"],"many":[{"t":"idOrVar","v":"n"}," üzenet megjelölve olvasottként"],"other":[{"t":"idOrVar","v":"n"}," üzenet megjelölve olvasottként"]},"$x":[{"t":"idOrVar","v":"plural"},"n"]},{"$i":"toaster-message-unread","$v":{"one":"1 üzenet megjelölve olvasatlanként","two":[{"t":"idOrVar","v":"n"}," üzenet megjelölve olvasatlanként"],"few":[{"t":"idOrVar","v":"n"}," üzenet megjelölve olvasatlanként"],"many":[{"t":"idOrVar","v":"n"}," üzenet megjelölve olvasatlanként"],"other":[{"t":"idOrVar","v":"n"}," üzenet megjelölve olvasatlanként"]},"$x":[{"t":"idOrVar","v":"plural"},"n"]},{"$i":"toaster-message-move","$v":{"one":"1 üzenet áthelyezve","two":[{"t":"idOrVar","v":"n"}," üzenet áthelyezve"],"few":[{"t":"idOrVar","v":"n"}," üzenet áthelyezve"],"many":[{"t":"idOrVar","v":"n"}," üzenet áthelyezve"],"other":[{"t":"idOrVar","v":"n"}," üzenet áthelyezve"]},"$x":[{"t":"idOrVar","v":"plural"},"n"]},{"$i":"toaster-message-delete","$v":{"one":"1 üzenet törölve","two":[{"t":"idOrVar","v":"n"}," üzenet törölve"],"few":[{"t":"idOrVar","v":"n"}," üzenet törölve"],"many":[{"t":"idOrVar","v":"n"}," üzenet törölve"],"other":[{"t":"idOrVar","v":"n"}," üzenet törölve"]},"$x":[{"t":"idOrVar","v":"plural"},"n"]},{"$i":"toaster-retryable-syncfailed","$v":"Nem lehet csatlakozni a kiszolgálóhoz"},{"$i":"compose-invalid-addresses-title","$v":"Érvénytelen cím"},{"$i":"compose-invalid-addresses-description","$v":"Az üzenet legalább egy érvénytelen címet tartalmaz. Küldés előtt javítsa ezeket."},{"$i":"background-send-pending","$v":"Hálózat nem érhető el. Levél elmentve a kimenő mappába."},{"$i":"background-send-sending","$v":"Levél küldése..."},{"$i":"background-send-success","$v":"Levél elküldve."},{"$i":"background-send-error","$v":"Hiba lépett fel. Levél elmentve a kimenő mappába."},{"$i":"background-send-error-recipients","$v":"Hiba a címzettnél. Levél elmentve a kimenő mappába."},{"$i":"background-send-error-title","$v":"A levél elküldése meghiúsult"},{"$i":"send-failure-recipients","$v":"Ellenőrizze a fenti címek helyességét. Az e-mail szolgáltatója visszajelzése alapján a fenti címek közül egy vagy több helytelen."},{"$i":"send-failure-unknown","$v":"Az üzenet nem küldhető el."},{"$i":"form-clear-input","$v":"Szöveg eltávolítása"},{"$i":"confirm-dialog-title","$v":"Megerősítés"},{"$i":"senders-separation-sign","$v":", "},{"$i":"new-messages","$v":{"one":"1 új üzenet","two":[{"t":"idOrVar","v":"n"}," új üzenet"],"few":[{"t":"idOrVar","v":"n"}," új üzenet"],"many":[{"t":"idOrVar","v":"n"}," új üzenet"],"other":[{"t":"idOrVar","v":"n"}," új üzenet"]},"$x":[{"t":"idOrVar","v":"plural"},"n"]},{"$i":"notification-no-subject","$v":"(no subject)"},{"$i":"new-emails-notify-one-account","$v":{"one":"1 új e-mail","two":[{"t":"idOrVar","v":"n"}," új e-mail"],"few":[{"t":"idOrVar","v":"n"}," új e-mail"],"many":[{"t":"idOrVar","v":"n"}," új e-mail"],"other":[{"t":"idOrVar","v":"n"}," új e-mail"]},"$x":[{"t":"idOrVar","v":"plural"},"n"]},{"$i":"new-emails-notify-multiple-accounts","$v":{"one":["1 új üzenet (",{"t":"idOrVar","v":"accountName"},")"],"two":[{"t":"idOrVar","v":"n"}," új üzenet (",{"t":"idOrVar","v":"accountName"},")"],"few":[{"t":"idOrVar","v":"n"}," új üzenet (",{"t":"idOrVar","v":"accountName"},")"],"many":[{"t":"idOrVar","v":"n"}," új üzenet (",{"t":"idOrVar","v":"accountName"},")"],"other":[{"t":"idOrVar","v":"n"}," új üzenet (",{"t":"idOrVar","v":"accountName"},")"]},"$x":[{"t":"idOrVar","v":"plural"},"n"]},{"$i":"new-emails-notify-multiple-accounts-body","$v":[{"t":"idOrVar","v":"from"}," „",{"t":"idOrVar","v":"subject"},"”"]},{"$i":"tng-plain-socket-warning-title","$v":"Are you sure?"},{"$i":"tng-plain-socket-warning-message","$v":"Other people may be able to see your passwords and emails or control your account."},{"$i":"tng-plain-socket-warning-message-options","$v":"There are multiple, free email providers that offer more secure, encrypted connections."},{"$i":"tng-plain-socket-learn-more","$v":"Learn more"},{"$i":"tng-plain-socket-warning-ok","$v":"I understand"},{"$i":"message-reader-next-button","ariaLabel":"Next"},{"$i":"message-reader-previous-button","ariaLabel":"Previous"},{"$i":"message-reader-date-received","ariaLabel":"Received"},{"$i":"weekday-0-long","$v":"Vasárnap"},{"$i":"weekday-1-long","$v":"Hétfő"},{"$i":"weekday-2-long","$v":"Kedd"},{"$i":"weekday-3-long","$v":"Szerda"},{"$i":"weekday-4-long","$v":"Csütörtök"},{"$i":"weekday-5-long","$v":"Péntek"},{"$i":"weekday-6-long","$v":"Szombat"},{"$i":"weekday-0-short","$v":"Va."},{"$i":"weekday-1-short","$v":"Hé."},{"$i":"weekday-2-short","$v":"Ke."},{"$i":"weekday-3-short","$v":"Sze."},{"$i":"weekday-4-short","$v":"Csü."},{"$i":"weekday-5-short","$v":"Pé."},{"$i":"weekday-6-short","$v":"Szo."},{"$i":"month-0-long","$v":"Január"},{"$i":"month-1-long","$v":"Február"},{"$i":"month-2-long","$v":"Március"},{"$i":"month-3-long","$v":"Április"},{"$i":"month-4-long","$v":"Május"},{"$i":"month-5-long","$v":"Június"},{"$i":"month-6-long","$v":"Július"},{"$i":"month-7-long","$v":"Augusztus"},{"$i":"month-8-long","$v":"Szeptember"},{"$i":"month-9-long","$v":"Október"},{"$i":"month-10-long","$v":"November"},{"$i":"month-11-long","$v":"December"},{"$i":"month-0-genitive","$v":"Január"},{"$i":"month-1-genitive","$v":"Február"},{"$i":"month-2-genitive","$v":"Március"},{"$i":"month-3-genitive","$v":"Április"},{"$i":"month-4-genitive","$v":"Május"},{"$i":"month-5-genitive","$v":"Június"},{"$i":"month-6-genitive","$v":"Július"},{"$i":"month-7-genitive","$v":"Augusztus"},{"$i":"month-8-genitive","$v":"Szeptember"},{"$i":"month-9-genitive","$v":"Október"},{"$i":"month-10-genitive","$v":"November"},{"$i":"month-11-genitive","$v":"December"},{"$i":"month-0-short","$v":"Jan"},{"$i":"month-1-short","$v":"Feb"},{"$i":"month-2-short","$v":"Már"},{"$i":"month-3-short","$v":"Ápr"},{"$i":"month-4-short","$v":"Máj"},{"$i":"month-5-short","$v":"Jún"},{"$i":"month-6-short","$v":"Júl"},{"$i":"month-7-short","$v":"Aug"},{"$i":"month-8-short","$v":"Szep"},{"$i":"month-9-short","$v":"Okt"},{"$i":"month-10-short","$v":"Nov"},{"$i":"month-11-short","$v":"Dec"},{"$i":"minutes-ago-long","$v":{"zero":"épp most","one":"egy perccel ezelőtt","two":[{"t":"idOrVar","v":"value"}," perccel ezelőtt"],"few":[{"t":"idOrVar","v":"value"}," perccel ezelőtt"],"many":[{"t":"idOrVar","v":"value"}," perccel ezelőtt"],"other":[{"t":"idOrVar","v":"value"}," perccel ezelőtt"]},"$x":[{"t":"idOrVar","v":"plural"},"value"]},{"$i":"hours-ago-long","$v":{"zero":"épp most","one":"egy órája","two":[{"t":"idOrVar","v":"value"}," órával ezelőtt"],"few":[{"t":"idOrVar","v":"value"}," órával ezelőtt"],"many":[{"t":"idOrVar","v":"value"}," órával ezelőtt"],"other":[{"t":"idOrVar","v":"value"}," órával ezelőtt"]},"$x":[{"t":"idOrVar","v":"plural"},"value"]},{"$i":"days-ago-long","$v":{"zero":"ma","one":"tegnap","two":[{"t":"idOrVar","v":"value"}," nappal ezelőtt"],"few":[{"t":"idOrVar","v":"value"}," nappal ezelőtt"],"many":[{"t":"idOrVar","v":"value"}," nappal ezelőtt"],"other":[{"t":"idOrVar","v":"value"}," nappal ezelőtt"]},"$x":[{"t":"idOrVar","v":"plural"},"value"]},{"$i":"weeks-ago-long","$v":{"zero":"ez a hét","one":"múlt hét","two":[{"t":"idOrVar","v":"value"}," héttel ezelőtt"],"few":[{"t":"idOrVar","v":"value"}," héttel ezelőtt"],"many":[{"t":"idOrVar","v":"value"}," héttel ezelőtt"],"other":[{"t":"idOrVar","v":"value"}," héttel ezelőtt"]},"$x":[{"t":"idOrVar","v":"plural"},"value"]},{"$i":"months-ago-long","$v":{"zero":"ez a hónap","one":"előző hónap","two":[{"t":"idOrVar","v":"value"}," hónappal ezelőtt"],"few":[{"t":"idOrVar","v":"value"}," hónappal ezelőtt"],"many":[{"t":"idOrVar","v":"value"}," hónappal ezelőtt"],"other":[{"t":"idOrVar","v":"value"}," hónappal ezelőtt"]},"$x":[{"t":"idOrVar","v":"plural"},"value"]},{"$i":"years-ago-long","$v":{"zero":"ez az év","one":"tavaly","two":[{"t":"idOrVar","v":"value"}," évvel ezelőtt"],"few":[{"t":"idOrVar","v":"value"}," évvel ezelőtt"],"many":[{"t":"idOrVar","v":"value"}," évvel ezelőtt"],"other":[{"t":"idOrVar","v":"value"}," évvel ezelőtt"]},"$x":[{"t":"idOrVar","v":"plural"},"value"]},{"$i":"minutes-until-long","$v":{"zero":"most","one":"egy percen belül","two":[{"t":"idOrVar","v":"value"}," percen belül"],"few":[{"t":"idOrVar","v":"value"}," percen belül"],"many":[{"t":"idOrVar","v":"value"}," percen belül"],"other":[{"t":"idOrVar","v":"value"}," percen belül"]},"$x":[{"t":"idOrVar","v":"plural"},"value"]},{"$i":"hours-until-long","$v":{"zero":"most","one":"egy órán belül","two":[{"t":"idOrVar","v":"value"}," órán belül"],"few":[{"t":"idOrVar","v":"value"}," órán belül"],"many":[{"t":"idOrVar","v":"value"}," órán belül"],"other":[{"t":"idOrVar","v":"value"}," órán belül"]},"$x":[{"t":"idOrVar","v":"plural"},"value"]},{"$i":"days-until-long","$v":{"zero":"ma","one":"holnap","two":[{"t":"idOrVar","v":"value"}," napon belül"],"few":[{"t":"idOrVar","v":"value"}," napon belül"],"many":[{"t":"idOrVar","v":"value"}," napon belül"],"other":[{"t":"idOrVar","v":"value"}," napon belül"]},"$x":[{"t":"idOrVar","v":"plural"},"value"]},{"$i":"weeks-until-long","$v":{"zero":"ez a hét","one":"következő hét","two":[{"t":"idOrVar","v":"value"}," héten belül"],"few":[{"t":"idOrVar","v":"value"}," héten belül"],"many":[{"t":"idOrVar","v":"value"}," héten belül"],"other":[{"t":"idOrVar","v":"value"}," héten belül"]},"$x":[{"t":"idOrVar","v":"plural"},"value"]},{"$i":"months-until-long","$v":{"zero":"ez a hónap","one":"következő hónap","two":[{"t":"idOrVar","v":"value"}," héten belül"],"few":[{"t":"idOrVar","v":"value"}," héten belül"],"many":[{"t":"idOrVar","v":"value"}," héten belül"],"other":[{"t":"idOrVar","v":"value"}," héten belül"]},"$x":[{"t":"idOrVar","v":"plural"},"value"]},{"$i":"years-until-long","$v":{"zero":"ez az év","one":"következő év","two":[{"t":"idOrVar","v":"value"}," éven belül"],"few":[{"t":"idOrVar","v":"value"}," éven belül"],"many":[{"t":"idOrVar","v":"value"}," éven belül"],"other":[{"t":"idOrVar","v":"value"}," éven belül"]},"$x":[{"t":"idOrVar","v":"plural"},"value"]},{"$i":"minutes-ago-short","$v":{"zero":"épp most","other":[{"t":"idOrVar","v":"value"},"p ezelőtt"]},"$x":[{"t":"idOrVar","v":"plural"},"value"]},{"$i":"hours-ago-short","$v":{"zero":"épp most","other":[{"t":"idOrVar","v":"value"},"ó ezelőtt"]},"$x":[{"t":"idOrVar","v":"plural"},"value"]},{"$i":"days-ago-short","$v":{"zero":"ma","other":[{"t":"idOrVar","v":"value"},"n ezelőtt"]},"$x":[{"t":"idOrVar","v":"plural"},"value"]},{"$i":"minutes-until-short","$v":{"zero":"most","other":[{"t":"idOrVar","v":"value"}," percen belül"]},"$x":[{"t":"idOrVar","v":"plural"},"value"]},{"$i":"hours-until-short","$v":{"zero":"most","other":[{"t":"idOrVar","v":"value"}," órán belül"]},"$x":[{"t":"idOrVar","v":"plural"},"value"]},{"$i":"days-until-short","$v":{"zero":"ma","other":[{"t":"idOrVar","v":"value"}," napon belül"]},"$x":[{"t":"idOrVar","v":"plural"},"value"]},{"$i":"incorrectDate","$v":"(helytelen dátum)"},{"$i":"dateTimeFormat_%c","$v":"%Y. %b %d %a %H:%M:%S"},{"$i":"dateTimeFormat_%x","$v":"%Y. %m. %d."},{"$i":"dateTimeFormat_%X","$v":"%H:%M:%S"},{"$i":"shortTimeFormat","$v":"%I:%M %p"},{"$i":"shortTimeFormat12","$v":"%I:%M %p"},{"$i":"shortTimeFormat24","$v":"%H:%M"},{"$i":"shortDateTimeFormat","$v":"%x %H:%M"},{"$i":"weekStartsOnMonday","$v":"1"},{"$i":"firstDayOfTheWeek","$v":"0"},{"$i":"time_am","$v":"DE"},{"$i":"time_pm","$v":"DU"}]