[{"$i":"back-button","ariaLabel":"Indietro"},{"$i":"close-button","ariaLabel":"Chiudi"},{"$i":"setup-app-name-header","$v":"Posta"},{"$i":"setup-empty-account-message","$v":"You are not set up to send or receive email. Set up an account to complete the action."},{"$i":"setup-pick-service","$v":"Per inviare e ricevere email è necessario configurare un account."},{"$i":"setup-account-header3","$v":"Nuovo account"},{"$i":"setup-account-enter-password","$v":"Inserire la password per:"},{"$i":"setup-info-name","placeholder":"Nome"},{"$i":"setup-info-email","placeholder":"nome@example.com"},{"$i":"setup-info-password","placeholder":"Password"},{"$i":"setup-info-next","$v":"Avanti"},{"$i":"setup-progress-wait-msg","$v":"Configurazione account"},{"$i":"setup-completed-header","$v":"Config. account"},{"$i":"setup-completed-label","$v":"Completato."},{"$i":"setup-add-another-account","$v":"Aggiungi un altro account"},{"$i":"setup-show-mail","$v":"Entra in Posta"},{"$i":"setup-error-offline","$v":"Il dispositivo è attualmente non in linea. Connetterlo a una rete e riprovare."},{"$i":"setup-error-bad-user-or-pass2","$v":"Nome utente o password non corretti. Verificare eventuali errori."},{"$i":"setup-error-bad-address","$v":"Indirizzo email non corretto. Verificare eventuali errori."},{"$i":"setup-error-not-authorized","$v":"Risposta del server: non si possiedono i permessi per creare un account"},{"$i":"setup-error-pop-server-not-great","$v":"Server non supportato. Il server POP3 non implementa le caratteristiche richieste."},{"$i":"setup-error-unknown2","$v":"Si è verificato un errore sconosciuto. Controllare la connessione di rete o riprovare con la configurazione manuale."},{"$i":"setup-error-needs-app-pass","$v":"È necessario indicare una password specifica per l’applicazione per account Gmail con verifica in due passaggi"},{"$i":"setup-error-imap-disabled","$v":"È necessario attivare IMAP nell’account Gmail"},{"$i":"setup-error-pop3-disabled","$v":"È necessario attivare POP3 nell’account Gmail"},{"$i":"setup-error-bad-security","$v":["Impossibile stabilire una connessione sicura con “",{"t":"idOrVar","v":"server"},"”. Potrebbe trattarsi di un problema della rete oppure del server."]},{"$i":"setup-error-unresponsive-server","$v":["Impossibile stabilire una connessione con “",{"t":"idOrVar","v":"server"},"”. Potrebbe trattarsi di un problema della rete."]},{"$i":"setup-error-server-problem","$v":["Si è verificato un problema con il server “",{"t":"idOrVar","v":"server"},"”. Riprovare più tardi."]},{"$i":"setup-error-no-config-info","$v":"Impossibile configurare automaticamente l’account. Verificare l’indirizzo email o riprovare con la configurazione manuale."},{"$i":"setup-error-server-maintenance","$v":["Il server “",{"t":"idOrVar","v":"server"},"” non è disponibile per manutenzione. Riprovare più tardi."]},{"$i":"setup-error-account-already-exists","$v":"Questo account è già configurato."},{"$i":"setup-manual-config2","$v":"Configurazione manuale"},{"$i":"setup-manual-config-header","$v":"Configurazione manuale"},{"$i":"setup-manual-account-type","$v":"Tipo account"},{"$i":"setup-manual-account-type-select","ariaLabel":"Tipo di account"},{"$i":"setup-manual-imap-header","$v":"Impostazioni IMAP"},{"$i":"setup-manual-pop3-header","$v":"Impostazioni POP3"},{"$i":"setup-manual-smtp-header","$v":"Impostazioni SMTP"},{"$i":"setup-manual-activesync-header","$v":"Impostazioni ActiveSync"},{"$i":"setup-manual-next","$v":"Avanti"},{"$i":"setup-manual-socket","$v":"Tipo socket"},{"$i":"setup-manual-socket-ssl","$v":"SSL"},{"$i":"setup-manual-socket-starttls","$v":"STARTTLS"},{"$i":"setup-manual-socket-select","ariaLabel":"Sicurezza della connessione"},{"$i":"setup-manual-socket-plain","$v":"Non cifrata (insicura)"},{"$i":"setup-manual-hostname","placeholder":"Server"},{"$i":"setup-manual-port","placeholder":"Numero porta"},{"$i":"setup-manual-username","placeholder":"Nome utente"},{"$i":"setup-manual-activesync-username","placeholder":"Dominio\\Nome utente"},{"$i":"setup-bad-password-header","$v":"Password errata."},{"$i":"setup-bad-password","$v":"Impossibile connettersi al server. Probabilmente la password è errata."},{"$i":"setup-new-password","placeholder":"Nuova password"},{"$i":"setup-fix-password","$v":"Riprova con una nuova password"},{"$i":"setup-gmail-twofactor-header","$v":"Autenticazione in due passaggi attivata"},{"$i":"setup-gmail-twofactor-message","$v":"Indicare di seguito una password specifica per l’applicazione."},{"$i":"setup-gmail-twofactor-fix","$v":"Utilizza password applicazione"},{"$i":"setup-gmail-imap-header","$v":"IMAP disattivato"},{"$i":"setup-gmail-imap-message","$v":"È necessario attivare IMAP nell’account Gmail"},{"$i":"setup-gmail-imap-retry","$v":"Riprova"},{"$i":"setup-gmail-pop3-header","$v":"POP3 disattivato"},{"$i":"setup-gmail-pop3-message","$v":"È necessario attivare POP3 nell’account Gmail"},{"$i":"setup-gmail-pop3-retry","$v":"Riprova"},{"$i":"setup-fix-oauth2-header","$v":"Autorizza nuovamente email"},{"$i":"setup-fix-oauth2-description","$v":"L’email deve essere autorizzata nuovamente per accedere al seguente account:"},{"$i":"setup-fix-oauth2-reauthorize","$v":"Autorizza nuovamente"},{"$i":"settings-main-header","$v":"Impostazioni email"},{"$i":"settings-sub-header-account","$v":"Account"},{"$i":"settings-account-group","ariaLabel":"Account"},{"$i":"settings-account-name","$v":"Nome"},{"$i":"settings-account-display-notifications","$v":"Visualizza notifiche per nuovi messaggi"},{"$i":"settings-account-play-sound-onsend","$v":"Riproduci un suono dopo l’invio di un messaggio"},{"$i":"settings-empty-signature-label","$v":"Tocca per modificare"},{"$i":"settings-account-signature-label","$v":"Firma"},{"$i":"settings-account-signature-textbox","ariaLabel":"Firma"},{"$i":"signature-save","$v":"Salva firma"},{"$i":"signature-discard-confirm","$v":"Ignora modifiche"},{"$i":"settings-sub-header-data","$v":"Dati"},{"$i":"settings-data-group","ariaLabel":"Dati"},{"$i":"settings-account-check-mail","$v":"Controlla nuovi messaggi"},{"$i":"settings-account-check-mail-select","ariaLabel":"Controlla nuovi messaggi"},{"$i":"settings-sub-header-server","$v":"Impostazioni server"},{"$i":"settings-server-group","ariaLabel":"Impostazioni server"},{"$i":"settings-account-userpass","$v":"Nome utente e password"},{"$i":"settings-account-useroauth2","$v":"Nome utente"},{"$i":"settings-default-signature-2","$v":"Inviato da Firefox OS"},{"$i":"settings-done","$v":"Fine"},{"$i":"settings-account-section","$v":"Account"},{"$i":"settings-account-listbox","ariaLabel":"Account"},{"$i":"settings-account-add","$v":"Aggiungi account"},{"$i":"settings-account-delete","$v":"Elimina account"},{"$i":"settings-account-delete-prompt","$v":["Eliminare l’account email ",{"t":"idOrVar","v":"account"},"? Sarà necessario riscaricare i messaggi se si crea nuovamente l’account."]},{"$i":"settings-account-delete-cancel","$v":"Annulla"},{"$i":"settings-account-delete-confirm","$v":"Elimina"},{"$i":"settings-account-clarify-imap","$v":[{"t":"idOrVar","v":"account-name"}," (IMAP)"]},{"$i":"settings-account-clarify-pop3","$v":[{"t":"idOrVar","v":"account-name"}," (POP3)"]},{"$i":"settings-account-clarify-smtp","$v":[{"t":"idOrVar","v":"account-name"}," (SMTP)"]},{"$i":"settings-general-section","$v":"Impostazioni generali"},{"$i":"settings-show-images","$v":"Visualizza sempre le immagini"},{"$i":"settings-download-attachments","$v":"Scarica allegati"},{"$i":"settings-check-every-5min","$v":"Ogni 5 minuti"},{"$i":"settings-check-every-10min","$v":"Ogni 10 minuti"},{"$i":"settings-check-every-15min","$v":"Ogni 15 minuti"},{"$i":"settings-check-every-30min","$v":"Ogni 30 minuti"},{"$i":"settings-check-every-60min","$v":"Ogni ora"},{"$i":"settings-check-every-manual","$v":"Manualmente"},{"$i":"settings-check-dynamic","$v":{"zero":"disattivato","one":[{"t":"idOrVar","v":"n"}," secondo"],"two":[{"t":"idOrVar","v":"n"}," secondi"],"few":[{"t":"idOrVar","v":"n"}," secondi"],"many":[{"t":"idOrVar","v":"n"}," secondi"],"other":[{"t":"idOrVar","v":"n"}," secondi"]},"$x":[{"t":"idOrVar","v":"plural"},"n"]},{"$i":"settings-default-account","$v":"Imposta come predefinito"},{"$i":"settings-account-type","$v":"Tipo account"},{"$i":"settings-account-credentials","$v":"Credenziali"},{"$i":"settings-activesync-label","$v":"Impostazioni ActiveSync"},{"$i":"settings-imap-label","$v":"Impostazioni IMAP"},{"$i":"settings-pop3-label","$v":"Impostazioni POP3"},{"$i":"settings-smtp-label","$v":"Impostazioni SMTP"},{"$i":"settings-hostname","$v":"Server"},{"$i":"settings-port","$v":"Porta"},{"$i":"settings-username","$v":"Nome utente"},{"$i":"settings-password","$v":"Password"},{"$i":"settings-save","$v":"Salva"},{"$i":"settings-password-empty","$v":"È necessario inserire una password"},{"$i":"settings-reauth","$v":"Autorizza nuovamente"},{"$i":"settings-account-synchronize-window","$v":"Giorni da sincronizzare"},{"$i":"settings-account-synchronize-window-select","ariaLabel":"Giorni da sincronizzare"},{"$i":"settings-synchronize-auto","$v":"Automatico"},{"$i":"settings-synchronize-one-day","$v":"1 giorno"},{"$i":"settings-synchronize-three-days","$v":"3 giorni"},{"$i":"settings-synchronize-one-week","$v":"1 settimana"},{"$i":"settings-synchronize-two-weeks","$v":"2 settimane"},{"$i":"settings-synchronize-one-month","$v":"1 mese"},{"$i":"settings-synchronize-all","$v":"Tutti i messaggi"},{"$i":"envelope-from","$v":"Da"},{"$i":"envelope-to","$v":"A"},{"$i":"envelope-cc","$v":"Cc"},{"$i":"envelope-bcc","$v":"Ccn"},{"$i":"message-header-state-sending","ariaLabel":"Invio in corso"},{"$i":"message-header-state-error","ariaLabel":"Errore durante l’invio"},{"$i":"message-header-unread","ariaLabel":"Non letto"},{"$i":"message-header-starred","ariaLabel":"Ha una stella"},{"$i":"message-header-attachments","ariaLabel":"Ha allegati"},{"$i":"message-body-container","ariaLabel":"Corpo del messaggio"},{"$i":"message-body-container-progress","ariaValueText":"Caricamento"},{"$i":"subject","ariaLabel":"Oggetto"},{"$i":"message-delete-button","ariaLabel":"Elimina"},{"$i":"message-star-button","ariaLabel":"Aggiungi stella"},{"$i":"message-unstar-button","ariaLabel":"Rimuovi stella"},{"$i":"message-mark-read-button","ariaLabel":"Segna come letto"},{"$i":"message-mark-unread-button","ariaLabel":"Segna come non letto"},{"$i":"message-move-button","ariaLabel":"Sposta"},{"$i":"message-reply-forward-button","ariaLabel":"Rispondi o inoltra"},{"$i":"download-button","ariaLabel":"Scarica"},{"$i":"downloading-progress","ariaValueText":"Download in corso"},{"$i":"view-button","ariaLabel":"Visualizza"},{"$i":"attachments-container","ariaLabel":"Allegati"},{"$i":"from-group","ariaLabel":"Da"},{"$i":"to-group","ariaLabel":"A"},{"$i":"cc-group","ariaLabel":"Cc"},{"$i":"bcc-group","ariaLabel":"Ccn"},{"$i":"compose-header","$v":"Scrivi messaggio"},{"$i":"compose-header-short","$v":"Componi"},{"$i":"compose-send","$v":"Invia"},{"$i":"compose-send-button","ariaLabel":"Invia"},{"$i":"compose-to","$v":"A"},{"$i":"compose-cc","$v":"Cc"},{"$i":"compose-bcc","$v":"Ccn"},{"$i":"compose-contact-add","ariaLabel":"Aggiungi contatto"},{"$i":"compose-attachments-container","ariaLabel":{"$x":[{"t":"idOrVar","v":"plural"},"kilobytes"],"$v":{"zero":"Allegati","one":["Allegati: ",{"t":"idOrVar","v":"kilobytes"}," kB"],"two":["Allegati: ",{"t":"idOrVar","v":"kilobytes"}," kB"],"few":["Allegati: ",{"t":"idOrVar","v":"kilobytes"}," kB"],"many":["Allegati: ",{"t":"idOrVar","v":"kilobytes"}," kB"],"other":["Allegati: ",{"t":"idOrVar","v":"kilobytes"}," kB"]}}},{"$i":"compose-attachment-remove","ariaLabel":"Elimina"},{"$i":"compose-attachment-button","ariaLabel":"Allega"},{"$i":"compose-attachments","$v":{"zero":"Allegati","one":[{"t":"idOrVar","v":"n"}," allegato"],"two":[{"t":"idOrVar","v":"n"}," allegati"],"few":[{"t":"idOrVar","v":"n"}," allegati"],"many":[{"t":"idOrVar","v":"n"}," allegati"],"other":[{"t":"idOrVar","v":"n"}," allegati"]},"$x":[{"t":"idOrVar","v":"plural"},"n"]},{"$i":"compose-text","ariaLabel":"Modifica"},{"$i":"compose-attachment-still-working","$v":"Attendere, elaborazione del precedente allegato ancora in corso…"},{"$i":"compose-subject","$v":"Oggetto"},{"$i":"compose-draft-save","$v":"Salva in bozze locali"},{"$i":"compose-discard-confirm","$v":"Rimuovi"},{"$i":"compose-send-message-failed","$v":"Invio email non riuscito"},{"$i":"composer-attachment-large","$v":"Dimensione allegato eccessiva"},{"$i":"composer-attachments-large","$v":"Dimensione allegati eccessiva"},{"$i":"compose-attchment-size-exceeded","$v":"La dimensione dell’allegato selezionato è eccessiva per l’invio in questo messaggio."},{"$i":"compose-attchments-size-exceeded","$v":"La dimensione degli allegati selezionati è eccessiva per l’invio in questo messaggio. Provare a selezionare meno file."},{"$i":"dialog-button-ok","$v":"OK"},{"$i":"default-attachment-filename","$v":["allegato",{"t":"idOrVar","v":"n"}]},{"$i":"attachment-size-kib","$v":[{"t":"idOrVar","v":"kilobytes"},"K"]},{"$i":"message-attachment-view","$v":"Apri"},{"$i":"message-attachment-did-not-open-label","$v":"Unable to open"},{"$i":"message-attachment-did-not-open-body","$v":"The device does not have an app that can open the attachment."},{"$i":"message-attachment-too-large","$v":"File troppo grande per essere scaricato."},{"$i":"message-no-subject","$v":"(nessun oggetto)"},{"$i":"message-edit-menu-edit","$v":"Modifica"},{"$i":"message-edit-menu-delete","$v":"Elimina"},{"$i":"message-edit-delete-confirm","$v":"Eliminare il messaggio?"},{"$i":"message-send-attachment-disabled-confirm","$v":"Impossibile inoltrare gli allegati."},{"$i":"message-multiedit-header","$v":{"zero":"Modifica","one":[{"t":"idOrVar","v":"n"}," selezionato"],"two":[{"t":"idOrVar","v":"n"}," selezionati"],"few":[{"t":"idOrVar","v":"n"}," selezionati"],"many":[{"t":"idOrVar","v":"n"}," selezionati"],"other":[{"t":"idOrVar","v":"n"}," selezionati"]},"$x":[{"t":"idOrVar","v":"plural"},"n"]},{"$i":"browse-to-url-prompt","$v":["Aprire URL?: ",{"t":"idOrVar","v":"url"}]},{"$i":"message-download-images-tap","$v":{"one":"Questa email contiene un’immagine. Tocca per scaricarla.","two":["Questa email contiene ",{"t":"idOrVar","v":"n"}," immagini. Tocca per scaricarle."],"few":["Questa email contiene ",{"t":"idOrVar","v":"n"}," immagini. Tocca per scaricarle."],"many":["Questa email contiene ",{"t":"idOrVar","v":"n"}," immagini. Tocca per scaricarle."],"other":["Questa email contiene ",{"t":"idOrVar","v":"n"}," immagini. Tocca per scaricarle."]},"$x":[{"t":"idOrVar","v":"plural"},"n"]},{"$i":"message-show-external-images","$v":"Mostra immagini esterne"},{"$i":"message-multiedit-cancel","$v":"Annulla"},{"$i":"message-multiedit-delete-confirm","$v":{"one":"Eliminare questo messaggio?","two":["Eliminare ",{"t":"idOrVar","v":"n"}," messaggi?"],"few":["Eliminare ",{"t":"idOrVar","v":"n"}," messaggi?"],"many":["Eliminare ",{"t":"idOrVar","v":"n"}," messaggi?"],"other":["Eliminare ",{"t":"idOrVar","v":"n"}," messaggi?"]},"$x":[{"t":"idOrVar","v":"plural"},"n"]},{"$i":"message-large-message-cancel","$v":"Annulla"},{"$i":"message-large-message-ok","$v":"Continua"},{"$i":"message-large-message-confirm","$v":"A causa delle dimensioni il download di questo messaggio potrebbe richiedere tempo."},{"$i":"message-search-from","$v":"Da"},{"$i":"message-search-to","$v":"A"},{"$i":"message-search-subject","$v":"Ogg."},{"$i":"message-search-body","$v":"Corpo"},{"$i":"message-search-all","$v":"Tutto"},{"$i":"message-search-input","placeholder":"Cerca messaggio"},{"$i":"message-search-cancel","$v":"Annulla"},{"$i":"messages-syncing","$v":"Caricamento messaggi"},{"$i":"messages-load-more","$v":"Carica altri messaggi"},{"$i":"messages-folder-empty","$v":"Nessun messaggio in questa cartella"},{"$i":"messages-search-empty","$v":"Nessuna corrispondenza nei messaggi salvati sul dispositivo"},{"$i":"messages-folder-select","$v":"Seleziona cartella"},{"$i":"messages-folder-unread-max","$v":"999+"},{"$i":"message-contact-menu-create","$v":"Salva nuovo contatto"},{"$i":"message-contact-menu-add-existing","$v":"Aggiungi a contatto esistente"},{"$i":"message-contact-menu-view","$v":"Visualizza contatto"},{"$i":"message-contact-menu-reply","$v":"Rispondi"},{"$i":"message-contact-menu-new","$v":"Invia nuova email"},{"$i":"message-reply-menu-reply","$v":"Rispondi"},{"$i":"message-reply-menu-reply-all","$v":"Rispondi a tutti"},{"$i":"message-reply-menu-forward","$v":"Inoltra"},{"$i":"message-reply-menu-cancel","$v":"Annulla"},{"$i":"reply-quoting-wrote","$v":"{name} ha scritto"},{"$i":"forward-original-message","$v":"Messaggio originale"},{"$i":"forward-header-subject","$v":"Oggetto"},{"$i":"forward-header-date","$v":"Data"},{"$i":"forward-header-from","$v":"Da"},{"$i":"forward-header-reply-to","$v":"Rispondi a"},{"$i":"forward-header-to","$v":"A"},{"$i":"forward-header-cc","$v":"Cc"},{"$i":"folder-inbox","$v":"Posta in arrivo"},{"$i":"folder-sent","$v":"Posta inviata"},{"$i":"folder-drafts","$v":"Bozze"},{"$i":"folder-trash","$v":"Cestino"},{"$i":"folder-queue","$v":"Posta in uscita"},{"$i":"folder-junk","$v":"Spam"},{"$i":"folder-archives","$v":"Archivio"},{"$i":"folder-localdrafts","$v":"Bozze locali"},{"$i":"folder-outbox","$v":"Posta in uscita"},{"$i":"drawer-back","$v":"Indietro"},{"$i":"drawer-accounts-header","$v":"Account"},{"$i":"drawer-settings-link","$v":"Impostazioni"},{"$i":"folder-last-synced-label","$v":"Ultima sinc.:"},{"$i":"messages-refresh-button","ariaLabel":"Aggiorna"},{"$i":"messages-refresh-progress","ariaValueText":"Aggiornamento"},{"$i":"edit-button","ariaLabel":"Modifica"},{"$i":"message-list-top-action","$v":"Torna in alto"},{"$i":"message-list-menu","ariaLabel":"Cartelle e impostazioni"},{"$i":"message-list-compose","ariaLabel":"Componi"},{"$i":"toaster-undo","$v":"Annulla"},{"$i":"toaster-message-star","$v":{"one":"1 contrassegno impostato","two":[{"t":"idOrVar","v":"n"}," contrassegni impostati"],"few":[{"t":"idOrVar","v":"n"}," contrassegni impostati"],"many":[{"t":"idOrVar","v":"n"}," contrassegni impostati"],"other":[{"t":"idOrVar","v":"n"}," contrassegni impostati"]},"$x":[{"t":"idOrVar","v":"plural"},"n"]},{"$i":"toaster-message-unstar","$v":{"one":[{"t":"idOrVar","v":"n"}," contrassegno eliminato"],"two":[{"t":"idOrVar","v":"n"}," contrassegni eliminati"],"few":[{"t":"idOrVar","v":"n"}," contrassegni eliminati"],"many":[{"t":"idOrVar","v":"n"}," contrassegni eliminati"],"other":[{"t":"idOrVar","v":"n"}," contrassegni eliminati"]},"$x":[{"t":"idOrVar","v":"plural"},"n"]},{"$i":"toaster-message-read","$v":{"one":"1 messaggio segnato come letto","two":[{"t":"idOrVar","v":"n"}," messaggi segnati come letti"],"few":[{"t":"idOrVar","v":"n"}," messaggi segnati come letti"],"many":[{"t":"idOrVar","v":"n"}," messaggi segnati come letti"],"other":[{"t":"idOrVar","v":"n"}," messaggi segnati come letti"]},"$x":[{"t":"idOrVar","v":"plural"},"n"]},{"$i":"toaster-message-unread","$v":{"one":"1 messaggio segnato come non letto","two":[{"t":"idOrVar","v":"n"}," messaggi segnati come non letti"],"few":[{"t":"idOrVar","v":"n"}," messaggi segnati come non letti"],"many":[{"t":"idOrVar","v":"n"}," messaggi segnati come non letti"],"other":[{"t":"idOrVar","v":"n"}," messaggi segnati come non letti"]},"$x":[{"t":"idOrVar","v":"plural"},"n"]},{"$i":"toaster-message-move","$v":{"one":"Eliminato 1 messaggio","two":[{"t":"idOrVar","v":"n"}," messaggi spostati"],"few":[{"t":"idOrVar","v":"n"}," messaggi spostati"],"many":[{"t":"idOrVar","v":"n"}," messaggi spostati"],"other":["Eliminati ",{"t":"idOrVar","v":"n"}," messaggi"]},"$x":[{"t":"idOrVar","v":"plural"},"n"]},{"$i":"toaster-message-delete","$v":{"one":"Eliminato 1 messaggio","two":[{"t":"idOrVar","v":"n"}," messaggi eliminati"],"few":[{"t":"idOrVar","v":"n"}," messaggi eliminati"],"many":[{"t":"idOrVar","v":"n"}," messaggi eliminati"],"other":["Eliminati ",{"t":"idOrVar","v":"n"}," messaggi"]},"$x":[{"t":"idOrVar","v":"plural"},"n"]},{"$i":"toaster-retryable-syncfailed","$v":"Impossibile contattare il server"},{"$i":"compose-invalid-addresses-title","$v":"Indirizzi non corretti"},{"$i":"compose-invalid-addresses-description","$v":"Il messaggio include uno o più indirizzi non corretti. Verificarli prima di inviare il messaggio."},{"$i":"background-send-pending","$v":"Rete non disponibile. Email salvata in posta in uscita."},{"$i":"background-send-sending","$v":"Invio email…"},{"$i":"background-send-success","$v":"Email inviata."},{"$i":"background-send-error","$v":"Si è verificato un errore. Email salvata in posta in uscita."},{"$i":"background-send-error-recipients","$v":"Errore destinatario. Email salvata in posta in uscita."},{"$i":"background-send-error-title","$v":"Errore invio email"},{"$i":"send-failure-recipients","$v":"Verificare gli indirizzi inseriti. Il server di posta segnala che uno o più indirizzi non sono corretti."},{"$i":"send-failure-unknown","$v":"Non è stato possibile inviare il messaggio"},{"$i":"form-clear-input","$v":"Rimuovi testo"},{"$i":"confirm-dialog-title","$v":"Conferma"},{"$i":"senders-separation-sign","$v":", "},{"$i":"new-messages","$v":{"one":"1 nuovo messaggio","two":[{"t":"idOrVar","v":"n"}," nuovi messaggi"],"few":[{"t":"idOrVar","v":"n"}," nuovi messaggi"],"many":[{"t":"idOrVar","v":"n"}," nuovi messaggi"],"other":[{"t":"idOrVar","v":"n"}," nuovi messaggi"]},"$x":[{"t":"idOrVar","v":"plural"},"n"]},{"$i":"notification-no-subject","$v":"(no subject)"},{"$i":"new-emails-notify-one-account","$v":{"one":"1 nuova email","two":[{"t":"idOrVar","v":"n"}," nuove email"],"few":[{"t":"idOrVar","v":"n"}," nuove email"],"many":[{"t":"idOrVar","v":"n"}," nuove email"],"other":[{"t":"idOrVar","v":"n"}," nuove email"]},"$x":[{"t":"idOrVar","v":"plural"},"n"]},{"$i":"new-emails-notify-multiple-accounts","$v":{"one":["1 nuova email (",{"t":"idOrVar","v":"accountName"},")"],"two":[{"t":"idOrVar","v":"n"}," nuove email (",{"t":"idOrVar","v":"accountName"},")"],"few":[{"t":"idOrVar","v":"n"}," nuove email (",{"t":"idOrVar","v":"accountName"},")"],"many":[{"t":"idOrVar","v":"n"}," nuove email (",{"t":"idOrVar","v":"accountName"},")"],"other":[{"t":"idOrVar","v":"n"}," nuove email (",{"t":"idOrVar","v":"accountName"},")"]},"$x":[{"t":"idOrVar","v":"plural"},"n"]},{"$i":"new-emails-notify-multiple-accounts-body","$v":[{"t":"idOrVar","v":"from"}," “",{"t":"idOrVar","v":"subject"},"”"]},{"$i":"tng-plain-socket-warning-title","$v":"Proseguire con la configurazione?"},{"$i":"tng-plain-socket-warning-message","$v":"Altre persone potrebbero essere in grado di visualizzare password ed email o controllare l’account."},{"$i":"tng-plain-socket-warning-message-options","$v":"Sono disponibili diversi fornitori di email gratuiti che offrono connessioni cifrate e sicure."},{"$i":"tng-plain-socket-learn-more","$v":"Ulteriori informazioni"},{"$i":"tng-plain-socket-warning-ok","$v":"Comprendo i rischi"},{"$i":"message-reader-next-button","ariaLabel":"Successivo"},{"$i":"message-reader-previous-button","ariaLabel":"Precedente"},{"$i":"message-reader-date-received","ariaLabel":"Ricevuto"},{"$i":"weekday-0-long","$v":"domenica"},{"$i":"weekday-1-long","$v":"lunedì"},{"$i":"weekday-2-long","$v":"martedì"},{"$i":"weekday-3-long","$v":"mercoledì"},{"$i":"weekday-4-long","$v":"giovedì"},{"$i":"weekday-5-long","$v":"venerdì"},{"$i":"weekday-6-long","$v":"sabato"},{"$i":"weekday-0-short","$v":"dom"},{"$i":"weekday-1-short","$v":"lun"},{"$i":"weekday-2-short","$v":"mar"},{"$i":"weekday-3-short","$v":"mer"},{"$i":"weekday-4-short","$v":"gio"},{"$i":"weekday-5-short","$v":"ven"},{"$i":"weekday-6-short","$v":"sab"},{"$i":"month-0-long","$v":"gennaio"},{"$i":"month-1-long","$v":"febbraio"},{"$i":"month-2-long","$v":"marzo"},{"$i":"month-3-long","$v":"aprile"},{"$i":"month-4-long","$v":"maggio"},{"$i":"month-5-long","$v":"giugno"},{"$i":"month-6-long","$v":"luglio"},{"$i":"month-7-long","$v":"agosto"},{"$i":"month-8-long","$v":"settembre"},{"$i":"month-9-long","$v":"ottobre"},{"$i":"month-10-long","$v":"novembre"},{"$i":"month-11-long","$v":"dicembre"},{"$i":"month-0-genitive","$v":"gennaio"},{"$i":"month-1-genitive","$v":"febbraio"},{"$i":"month-2-genitive","$v":"marzo"},{"$i":"month-3-genitive","$v":"aprile"},{"$i":"month-4-genitive","$v":"maggio"},{"$i":"month-5-genitive","$v":"giugno"},{"$i":"month-6-genitive","$v":"luglio"},{"$i":"month-7-genitive","$v":"agosto"},{"$i":"month-8-genitive","$v":"settembre"},{"$i":"month-9-genitive","$v":"ottobre"},{"$i":"month-10-genitive","$v":"novembre"},{"$i":"month-11-genitive","$v":"dicembre"},{"$i":"month-0-short","$v":"gen"},{"$i":"month-1-short","$v":"feb"},{"$i":"month-2-short","$v":"mar"},{"$i":"month-3-short","$v":"apr"},{"$i":"month-4-short","$v":"mag"},{"$i":"month-5-short","$v":"giu"},{"$i":"month-6-short","$v":"lug"},{"$i":"month-7-short","$v":"ago"},{"$i":"month-8-short","$v":"set"},{"$i":"month-9-short","$v":"ott"},{"$i":"month-10-short","$v":"nov"},{"$i":"month-11-short","$v":"dic"},{"$i":"minutes-ago-long","$v":{"zero":"adesso","one":"un minuto fa","two":[{"t":"idOrVar","v":"value"}," minuti fa"],"few":[{"t":"idOrVar","v":"value"}," minuti fa"],"many":[{"t":"idOrVar","v":"value"}," minuti fa"],"other":[{"t":"idOrVar","v":"value"}," minuti fa"]},"$x":[{"t":"idOrVar","v":"plural"},"value"]},{"$i":"hours-ago-long","$v":{"zero":"adesso","one":"un’ora fa","two":[{"t":"idOrVar","v":"value"}," ore fa"],"few":[{"t":"idOrVar","v":"value"}," ore fa"],"many":[{"t":"idOrVar","v":"value"}," ore fa"],"other":[{"t":"idOrVar","v":"value"}," ore fa"]},"$x":[{"t":"idOrVar","v":"plural"},"value"]},{"$i":"days-ago-long","$v":{"zero":"oggi","one":"ieri","two":[{"t":"idOrVar","v":"value"}," giorni fa"],"few":[{"t":"idOrVar","v":"value"}," giorni fa"],"many":[{"t":"idOrVar","v":"value"}," giorni fa"],"other":[{"t":"idOrVar","v":"value"}," giorni fa"]},"$x":[{"t":"idOrVar","v":"plural"},"value"]},{"$i":"weeks-ago-long","$v":{"zero":"questa settimana","one":"settimana scorsa","two":[{"t":"idOrVar","v":"value"}," settimane fa"],"few":[{"t":"idOrVar","v":"value"}," settimane fa"],"many":[{"t":"idOrVar","v":"value"}," settimane fa"],"other":[{"t":"idOrVar","v":"value"}," settimane fa"]},"$x":[{"t":"idOrVar","v":"plural"},"value"]},{"$i":"months-ago-long","$v":{"zero":"questo mese","one":"mese scorso","two":[{"t":"idOrVar","v":"value"}," mesi fa"],"few":[{"t":"idOrVar","v":"value"}," mesi fa"],"many":[{"t":"idOrVar","v":"value"}," mesi fa"],"other":[{"t":"idOrVar","v":"value"}," mesi fa"]},"$x":[{"t":"idOrVar","v":"plural"},"value"]},{"$i":"years-ago-long","$v":{"zero":"quest’anno","one":"anno scorso","two":[{"t":"idOrVar","v":"value"}," anni fa"],"few":[{"t":"idOrVar","v":"value"}," anni fa"],"many":[{"t":"idOrVar","v":"value"}," anni fa"],"other":[{"t":"idOrVar","v":"value"}," anni fa"]},"$x":[{"t":"idOrVar","v":"plural"},"value"]},{"$i":"minutes-until-long","$v":{"zero":"adesso","one":"tra un minuto","two":["tra ",{"t":"idOrVar","v":"value"}," minuti"],"few":["tra ",{"t":"idOrVar","v":"value"}," minuti"],"many":["tra ",{"t":"idOrVar","v":"value"}," minuti"],"other":["tra ",{"t":"idOrVar","v":"value"}," minuti"]},"$x":[{"t":"idOrVar","v":"plural"},"value"]},{"$i":"hours-until-long","$v":{"zero":"adesso","one":"tra un’ora","two":["tra ",{"t":"idOrVar","v":"value"}," ore"],"few":["tra ",{"t":"idOrVar","v":"value"}," ore"],"many":["tra ",{"t":"idOrVar","v":"value"}," ore"],"other":["tra ",{"t":"idOrVar","v":"value"}," ore"]},"$x":[{"t":"idOrVar","v":"plural"},"value"]},{"$i":"days-until-long","$v":{"zero":"oggi","one":"domani","two":["tra ",{"t":"idOrVar","v":"value"}," giorni"],"few":["tra ",{"t":"idOrVar","v":"value"}," giorni"],"many":["tra ",{"t":"idOrVar","v":"value"}," giorni"],"other":["tra ",{"t":"idOrVar","v":"value"}," giorni"]},"$x":[{"t":"idOrVar","v":"plural"},"value"]},{"$i":"weeks-until-long","$v":{"zero":"questa settimana","one":"prossima settimana","two":["tra ",{"t":"idOrVar","v":"value"}," settimane"],"few":["tra ",{"t":"idOrVar","v":"value"}," settimane"],"many":["tra ",{"t":"idOrVar","v":"value"}," settimane"],"other":["tra ",{"t":"idOrVar","v":"value"}," settimane"]},"$x":[{"t":"idOrVar","v":"plural"},"value"]},{"$i":"months-until-long","$v":{"zero":"questo mese","one":"prossimo mese","two":["in ",{"t":"idOrVar","v":"value"}," mesi"],"few":["tra ",{"t":"idOrVar","v":"value"}," mesi"],"many":["tra ",{"t":"idOrVar","v":"value"}," mesi"],"other":["in ",{"t":"idOrVar","v":"value"}," mesi"]},"$x":[{"t":"idOrVar","v":"plural"},"value"]},{"$i":"years-until-long","$v":{"zero":"quest’anno","one":"prossimo anno","two":["tra ",{"t":"idOrVar","v":"value"}," anni"],"few":["tra ",{"t":"idOrVar","v":"value"}," anni"],"many":["tra ",{"t":"idOrVar","v":"value"}," anni"],"other":["tra ",{"t":"idOrVar","v":"value"}," anni"]},"$x":[{"t":"idOrVar","v":"plural"},"value"]},{"$i":"minutes-ago-short","$v":{"zero":"adesso","other":[{"t":"idOrVar","v":"value"},"m fa"]},"$x":[{"t":"idOrVar","v":"plural"},"value"]},{"$i":"hours-ago-short","$v":{"zero":"adesso","other":[{"t":"idOrVar","v":"value"},"h fa"]},"$x":[{"t":"idOrVar","v":"plural"},"value"]},{"$i":"days-ago-short","$v":{"zero":"oggi","other":[{"t":"idOrVar","v":"value"},"g fa"]},"$x":[{"t":"idOrVar","v":"plural"},"value"]},{"$i":"minutes-until-short","$v":{"zero":"adesso","other":["tra ",{"t":"idOrVar","v":"value"},"m"]},"$x":[{"t":"idOrVar","v":"plural"},"value"]},{"$i":"hours-until-short","$v":{"zero":"adesso","other":["tra ",{"t":"idOrVar","v":"value"},"h"]},"$x":[{"t":"idOrVar","v":"plural"},"value"]},{"$i":"days-until-short","$v":{"zero":"oggi","other":["tra ",{"t":"idOrVar","v":"value"},"g"]},"$x":[{"t":"idOrVar","v":"plural"},"value"]},{"$i":"incorrectDate","$v":"(data errata)"},{"$i":"dateTimeFormat_%c","$v":"%a %e %b %Y %H:%M:%S"},{"$i":"dateTimeFormat_%x","$v":"%d/%m/%Y"},{"$i":"dateTimeFormat_%X","$v":"%H:%M:%S"},{"$i":"shortTimeFormat","$v":"%H:%M"},{"$i":"shortTimeFormat12","$v":"%I:%M %p"},{"$i":"shortTimeFormat24","$v":"%H:%M"},{"$i":"shortDateTimeFormat","$v":"%x %H:%M"},{"$i":"weekStartsOnMonday","$v":"1"},{"$i":"firstDayOfTheWeek","$v":"1"},{"$i":"time_am","$v":"AM"},{"$i":"time_pm","$v":"PM"}]