[{"$i":"back-button","ariaLabel":"戻る"},{"$i":"close-button","ariaLabel":"Close"},{"$i":"setup-app-name-header","$v":"メール"},{"$i":"setup-empty-account-message","$v":"You are not set up to send or receive email. Set up an account to complete the action."},{"$i":"setup-pick-service","$v":"メールを送受信するにはアカウントを設定する必要があります"},{"$i":"setup-account-header3","$v":"新規アカウント"},{"$i":"setup-account-enter-password","$v":"パスワード入力:"},{"$i":"setup-info-name","placeholder":"お名前"},{"$i":"setup-info-email","placeholder":"someone@example.jp"},{"$i":"setup-info-password","placeholder":"パスワード"},{"$i":"setup-info-next","$v":"次へ"},{"$i":"setup-progress-wait-msg","$v":"アカウントを設定中です"},{"$i":"setup-completed-header","$v":"メールアカウントの設定"},{"$i":"setup-completed-label","$v":"設定完了しました"},{"$i":"setup-add-another-account","$v":"他のアカウントを追加"},{"$i":"setup-show-mail","$v":"メールを受信する"},{"$i":"setup-error-offline","$v":"この端末は現在オフラインです。ネットワークに接続して再度試してください。"},{"$i":"setup-error-bad-user-or-pass2","$v":"ユーザ名またはパスワードが違います。入力を確認してください。"},{"$i":"setup-error-bad-address","$v":"メールアドレスが正しくありません。入力を確認してください。"},{"$i":"setup-error-not-authorized","$v":"アカウントを作成する権限がありません。"},{"$i":"setup-error-pop-server-not-great","$v":"サーバがサポートされていません。POP3 サーバが必要な機能を実装していません。"},{"$i":"setup-error-unknown2","$v":"原因不明のエラーが発生しました。ネットワーク接続を確認するか手動で設定してください。"},{"$i":"setup-error-needs-app-pass","$v":"2 段階認証の Gmail アカウントにはアプリ固有のパスワードを使用してください。"},{"$i":"setup-error-imap-disabled","$v":"Gmail のアカウント設定で IMAP を有効にしてください。"},{"$i":"setup-error-pop3-disabled","$v":"Gmail のアカウント設定で POP3 を有効にしてください。"},{"$i":"setup-error-bad-security","$v":["\"",{"t":"idOrVar","v":"server"},"\" サーバとの安全な接続を確立できません。ネットワークまたはサーバに問題がある可能性があります。"]},{"$i":"setup-error-unresponsive-server","$v":["\"",{"t":"idOrVar","v":"server"},"\" サーバとの安全な接続を確立できません。ネットワークに問題がある可能性があります。"]},{"$i":"setup-error-server-problem","$v":["\"",{"t":"idOrVar","v":"server"},"\" サーバに問題があります。後で再度試してください。"]},{"$i":"setup-error-no-config-info","$v":"アカウントの自動設定ができません。メールアドレスを正しく入力するか手動で設定してください。"},{"$i":"setup-error-server-maintenance","$v":["\"",{"t":"idOrVar","v":"server"},"\" サーバがメンテナンス中のためオフラインです。後で再度試してください。"]},{"$i":"setup-error-account-already-exists","$v":"このアカウントは既に設定されています。"},{"$i":"setup-manual-config2","$v":"手動設定"},{"$i":"setup-manual-config-header","$v":"手動設定"},{"$i":"setup-manual-account-type","$v":"アカウントの種類"},{"$i":"setup-manual-account-type-select","ariaLabel":"アカウントの種類"},{"$i":"setup-manual-imap-header","$v":"IMAP 設定"},{"$i":"setup-manual-pop3-header","$v":"POP3 設定"},{"$i":"setup-manual-smtp-header","$v":"SMTP 設定"},{"$i":"setup-manual-activesync-header","$v":"ActiveSync 設定"},{"$i":"setup-manual-next","$v":"次へ"},{"$i":"setup-manual-socket","$v":"ソケットの種類"},{"$i":"setup-manual-socket-ssl","$v":"SSL"},{"$i":"setup-manual-socket-starttls","$v":"STARTTLS"},{"$i":"setup-manual-socket-select","ariaLabel":"接続の保護"},{"$i":"setup-manual-socket-plain","$v":"Unencrypted (insecure)"},{"$i":"setup-manual-hostname","placeholder":"ホスト名"},{"$i":"setup-manual-port","placeholder":"ポート番号"},{"$i":"setup-manual-username","placeholder":"ユーザ名"},{"$i":"setup-manual-activesync-username","placeholder":"ドメイン\\ユーザ名"},{"$i":"setup-bad-password-header","$v":"パスワードが違います"},{"$i":"setup-bad-password","$v":"サーバにサインインできません。パスワードが間違っていませんか？"},{"$i":"setup-new-password","placeholder":"新しいパスワード"},{"$i":"setup-fix-password","$v":"新しいパスワードを入力してください"},{"$i":"setup-gmail-twofactor-header","$v":"2 段階認証が有効です"},{"$i":"setup-gmail-twofactor-message","$v":"以下にアプリ固有のパスワードを入力する必要があります。"},{"$i":"setup-gmail-twofactor-fix","$v":"アプリのパスワードを使用"},{"$i":"setup-gmail-imap-header","$v":"IMAP が無効です"},{"$i":"setup-gmail-imap-message","$v":"Gmail のアカウント設定で IMAP を有効にしてください。"},{"$i":"setup-gmail-imap-retry","$v":"再試行"},{"$i":"setup-gmail-pop3-header","$v":"POP3 が無効です"},{"$i":"setup-gmail-pop3-message","$v":"Gmail のアカウント設定で POP3 を有効にしてください。"},{"$i":"setup-gmail-pop3-retry","$v":"再試行"},{"$i":"setup-fix-oauth2-header","$v":"アカウントの再認証"},{"$i":"setup-fix-oauth2-description","$v":"次のアカウントにアクセスするため、メールアドレスを再認証する必要があります:"},{"$i":"setup-fix-oauth2-reauthorize","$v":"再認証"},{"$i":"settings-main-header","$v":"メール設定"},{"$i":"settings-sub-header-account","$v":"アカウント"},{"$i":"settings-account-group","ariaLabel":"Account"},{"$i":"settings-account-name","$v":"お名前"},{"$i":"settings-account-display-notifications","$v":"新着メッセージの通知を表示する"},{"$i":"settings-account-play-sound-onsend","$v":"メッセージ送信後に音を鳴らす"},{"$i":"settings-empty-signature-label","$v":"タップして編集"},{"$i":"settings-account-signature-label","$v":"署名"},{"$i":"settings-account-signature-textbox","ariaLabel":"Signature"},{"$i":"signature-save","$v":"署名を保存"},{"$i":"signature-discard-confirm","$v":"破棄"},{"$i":"settings-sub-header-data","$v":"データ通信"},{"$i":"settings-data-group","ariaLabel":"Data"},{"$i":"settings-account-check-mail","$v":"新着メッセージの確認"},{"$i":"settings-account-check-mail-select","ariaLabel":"Check for new messages"},{"$i":"settings-sub-header-server","$v":"サーバ設定"},{"$i":"settings-server-group","ariaLabel":"Server settings"},{"$i":"settings-account-userpass","$v":"ユーザ名とパスワード"},{"$i":"settings-account-useroauth2","$v":"ユーザ名"},{"$i":"settings-default-signature-2","$v":"Firefox OS から送信"},{"$i":"settings-done","$v":"完了"},{"$i":"settings-account-section","$v":"アカウント"},{"$i":"settings-account-listbox","ariaLabel":"Accounts"},{"$i":"settings-account-add","$v":"アカウントを追加"},{"$i":"settings-account-delete","$v":"アカウントを削除"},{"$i":"settings-account-delete-prompt","$v":["本当に ",{"t":"idOrVar","v":"account"}," のアカウントを削除してもよろしいですか？ アカウントを再作成した場合はメールをダウンロードし直す必要があります。"]},{"$i":"settings-account-delete-cancel","$v":"キャンセル"},{"$i":"settings-account-delete-confirm","$v":"削除"},{"$i":"settings-account-clarify-imap","$v":[{"t":"idOrVar","v":"account-name"}," (IMAP)"]},{"$i":"settings-account-clarify-pop3","$v":[{"t":"idOrVar","v":"account-name"}," (POP3)"]},{"$i":"settings-account-clarify-smtp","$v":[{"t":"idOrVar","v":"account-name"}," (SMTP)"]},{"$i":"settings-general-section","$v":"全般設定"},{"$i":"settings-show-images","$v":"常に画像を表示する"},{"$i":"settings-download-attachments","$v":"添付ファイルのダウンロード"},{"$i":"settings-check-every-5min","$v":"5分ごと"},{"$i":"settings-check-every-10min","$v":"10分ごと"},{"$i":"settings-check-every-15min","$v":"15分ごと"},{"$i":"settings-check-every-30min","$v":"30分ごと"},{"$i":"settings-check-every-60min","$v":"1時間ごと"},{"$i":"settings-check-every-manual","$v":"手動設定"},{"$i":"settings-check-dynamic","$v":{"zero":"無効","one":[{"t":"idOrVar","v":"n"},"秒"],"two":[{"t":"idOrVar","v":"n"},"秒"],"few":[{"t":"idOrVar","v":"n"},"秒"],"many":[{"t":"idOrVar","v":"n"},"秒"],"other":[{"t":"idOrVar","v":"n"},"秒"]},"$x":[{"t":"idOrVar","v":"plural"},"n"]},{"$i":"settings-default-account","$v":"既定のアカウントに設定"},{"$i":"settings-account-type","$v":"アカウント種別"},{"$i":"settings-account-credentials","$v":"証明書"},{"$i":"settings-activesync-label","$v":"ActiveSync 設定"},{"$i":"settings-imap-label","$v":"IMAP 設定"},{"$i":"settings-pop3-label","$v":"POP3 設定"},{"$i":"settings-smtp-label","$v":"SMTP 設定"},{"$i":"settings-hostname","$v":"ホスト名"},{"$i":"settings-port","$v":"ポート番号"},{"$i":"settings-username","$v":"ユーザ名"},{"$i":"settings-password","$v":"パスワード"},{"$i":"settings-save","$v":"保存"},{"$i":"settings-password-empty","$v":"パスワードを空にすることはできません"},{"$i":"settings-reauth","$v":"再認証"},{"$i":"settings-account-synchronize-window","$v":"同期する日数"},{"$i":"settings-account-synchronize-window-select","ariaLabel":"Days to sync"},{"$i":"settings-synchronize-auto","$v":"自動"},{"$i":"settings-synchronize-one-day","$v":"1日分"},{"$i":"settings-synchronize-three-days","$v":"3日分"},{"$i":"settings-synchronize-one-week","$v":"1週間分"},{"$i":"settings-synchronize-two-weeks","$v":"2週間分"},{"$i":"settings-synchronize-one-month","$v":"1か月分"},{"$i":"settings-synchronize-all","$v":"すべてのメッセージ"},{"$i":"envelope-from","$v":"差出人"},{"$i":"envelope-to","$v":"宛先"},{"$i":"envelope-cc","$v":"Cc"},{"$i":"envelope-bcc","$v":"Bcc"},{"$i":"message-header-state-sending","ariaLabel":"Sending"},{"$i":"message-header-state-error","ariaLabel":"Error sending"},{"$i":"message-header-unread","ariaLabel":"Unread"},{"$i":"message-header-starred","ariaLabel":"Has star"},{"$i":"message-header-attachments","ariaLabel":"Has attachments"},{"$i":"message-body-container","ariaLabel":"Message body"},{"$i":"message-body-container-progress","ariaValueText":"Loading"},{"$i":"subject","ariaLabel":"Subject"},{"$i":"message-delete-button","ariaLabel":"Delete"},{"$i":"message-star-button","ariaLabel":"Add star"},{"$i":"message-unstar-button","ariaLabel":"Remove star"},{"$i":"message-mark-read-button","ariaLabel":"Mark read"},{"$i":"message-mark-unread-button","ariaLabel":"Mark unread"},{"$i":"message-move-button","ariaLabel":"Move"},{"$i":"message-reply-forward-button","ariaLabel":"Reply or forward"},{"$i":"download-button","ariaLabel":"Download"},{"$i":"downloading-progress","ariaValueText":"Downloading"},{"$i":"view-button","ariaLabel":"View"},{"$i":"attachments-container","ariaLabel":"Attachments"},{"$i":"from-group","ariaLabel":"From"},{"$i":"to-group","ariaLabel":"To"},{"$i":"cc-group","ariaLabel":"cc"},{"$i":"bcc-group","ariaLabel":"bcc"},{"$i":"compose-header","$v":"メッセージ作成"},{"$i":"compose-header-short","$v":"作成"},{"$i":"compose-send","$v":"送信"},{"$i":"compose-send-button","ariaLabel":"Send"},{"$i":"compose-to","$v":"宛先"},{"$i":"compose-cc","$v":"Cc"},{"$i":"compose-bcc","$v":"Bcc"},{"$i":"compose-contact-add","ariaLabel":"Add contact"},{"$i":"compose-attachments-container","ariaLabel":{"$x":[{"t":"idOrVar","v":"plural"},"kilobytes"],"$v":{"zero":"Attachments","one":["Attachments: ",{"t":"idOrVar","v":"kilobytes"},"K"],"two":["Attachments: ",{"t":"idOrVar","v":"kilobytes"},"K"],"few":["Attachments: ",{"t":"idOrVar","v":"kilobytes"},"K"],"many":["Attachments: ",{"t":"idOrVar","v":"kilobytes"},"K"],"other":["Attachments: ",{"t":"idOrVar","v":"kilobytes"},"K"]}}},{"$i":"compose-attachment-remove","ariaLabel":"Remove"},{"$i":"compose-attachment-button","ariaLabel":"Attach"},{"$i":"compose-attachments","$v":{"zero":"添付なし","one":["添付",{"t":"idOrVar","v":"n"},"個"],"two":["添付",{"t":"idOrVar","v":"n"},"個"],"few":["添付",{"t":"idOrVar","v":"n"},"個"],"many":["添付",{"t":"idOrVar","v":"n"},"個"],"other":["添付",{"t":"idOrVar","v":"n"},"個"]},"$x":[{"t":"idOrVar","v":"plural"},"n"]},{"$i":"compose-text","ariaLabel":"Edit"},{"$i":"compose-attachment-still-working","$v":"少しお待ちください。添付ファイルを順に処理しています..."},{"$i":"compose-subject","$v":"件名"},{"$i":"compose-draft-save","$v":"ローカルの下書きに保存"},{"$i":"compose-discard-confirm","$v":"破棄"},{"$i":"compose-send-message-failed","$v":"メールの送信に失敗しました"},{"$i":"composer-attachment-large","$v":"添付ファイルのサイズが大きすぎます"},{"$i":"composer-attachments-large","$v":"添付ファイルのサイズが大きすぎます"},{"$i":"compose-attchment-size-exceeded","$v":"選択された添付ファイルのサイズが大きすぎるため、このメッセージは送信できません。"},{"$i":"compose-attchments-size-exceeded","$v":"選択された添付ファイルのサイズが大きすぎるため、このメッセージは送信できません。ファイルの数を減らしてみてください。"},{"$i":"dialog-button-ok","$v":"OK"},{"$i":"default-attachment-filename","$v":["attachment",{"t":"idOrVar","v":"n"}]},{"$i":"attachment-size-kib","$v":[{"t":"idOrVar","v":"kilobytes"},"K"]},{"$i":"message-attachment-view","$v":"表示"},{"$i":"message-attachment-did-not-open-label","$v":"Unable to open"},{"$i":"message-attachment-did-not-open-body","$v":"The device does not have an app that can open the attachment."},{"$i":"message-attachment-too-large","$v":"このファイルをダウンロードするにはサイズが大きすぎます。"},{"$i":"message-no-subject","$v":"(件名なし)"},{"$i":"message-edit-menu-edit","$v":"編集"},{"$i":"message-edit-menu-delete","$v":"削除"},{"$i":"message-edit-delete-confirm","$v":"メッセージを削除してもよろしいですか？"},{"$i":"message-send-attachment-disabled-confirm","$v":"添付ファイルは転送されません。"},{"$i":"message-multiedit-header","$v":{"zero":"編集","one":[{"t":"idOrVar","v":"n"},"件選択"],"two":[{"t":"idOrVar","v":"n"},"件選択"],"few":[{"t":"idOrVar","v":"n"},"件選択"],"many":[{"t":"idOrVar","v":"n"},"件選択"],"other":[{"t":"idOrVar","v":"n"},"件選択"]},"$x":[{"t":"idOrVar","v":"plural"},"n"]},{"$i":"browse-to-url-prompt","$v":["URL をブラウザで開きますか？: ",{"t":"idOrVar","v":"url"}]},{"$i":"message-download-images-tap","$v":{"one":"このメールには画像が含まれています。タップでダウンロードを開始します。","two":["このメールには",{"t":"idOrVar","v":"n"},"枚の画像が含まれています。タップでダウンロードを開始します。"],"few":["このメールには",{"t":"idOrVar","v":"n"},"枚の画像が含まれています。タップでダウンロードを開始します。"],"many":["このメールには",{"t":"idOrVar","v":"n"},"枚の画像が含まれています。タップでダウンロードを開始します。"],"other":["このメールには",{"t":"idOrVar","v":"n"},"枚の画像が含まれています。タップでダウンロードを開始します。"]},"$x":[{"t":"idOrVar","v":"plural"},"n"]},{"$i":"message-show-external-images","$v":"SD カードから写真を表示"},{"$i":"message-multiedit-cancel","$v":"キャンセル"},{"$i":"message-multiedit-delete-confirm","$v":{"one":"このメッセージを削除しますか？","two":[{"t":"idOrVar","v":"n"},"件のメッセージを削除しますか？"],"few":[{"t":"idOrVar","v":"n"},"件のメッセージを削除しますか？"],"many":[{"t":"idOrVar","v":"n"},"件のメッセージを削除しますか？"],"other":[{"t":"idOrVar","v":"n"},"件のメッセージを削除しますか？"]},"$x":[{"t":"idOrVar","v":"plural"},"n"]},{"$i":"message-large-message-cancel","$v":"キャンセル"},{"$i":"message-large-message-ok","$v":"続行"},{"$i":"message-large-message-confirm","$v":"メッセージのサイズが大きいためダウンロードに時間がかかります。"},{"$i":"message-search-from","$v":"差出人"},{"$i":"message-search-to","$v":"宛先"},{"$i":"message-search-subject","$v":"件名"},{"$i":"message-search-body","$v":"本文"},{"$i":"message-search-all","$v":"すべて"},{"$i":"message-search-input","placeholder":"メールを検索"},{"$i":"message-search-cancel","$v":"キャンセル"},{"$i":"messages-syncing","$v":"メッセージ読み込み中"},{"$i":"messages-load-more","$v":"メッセージをさらに読み込む"},{"$i":"messages-folder-empty","$v":"このフォルダにメールはありません"},{"$i":"messages-search-empty","$v":"ローカルにキャッシュされたメッセージに一致するものはありません"},{"$i":"messages-folder-select","$v":"フォルダを選択してください"},{"$i":"messages-folder-unread-max","$v":"999+"},{"$i":"message-contact-menu-create","$v":"連絡先を保存"},{"$i":"message-contact-menu-add-existing","$v":"既存の連絡先に追加"},{"$i":"message-contact-menu-view","$v":"連絡先の詳細"},{"$i":"message-contact-menu-reply","$v":"返信"},{"$i":"message-contact-menu-new","$v":"メッセージを作成"},{"$i":"message-reply-menu-reply","$v":"返信"},{"$i":"message-reply-menu-reply-all","$v":"全員に返信"},{"$i":"message-reply-menu-forward","$v":"転送"},{"$i":"message-reply-menu-cancel","$v":"キャンセル"},{"$i":"reply-quoting-wrote","$v":"{name} wrote"},{"$i":"forward-original-message","$v":"Original message"},{"$i":"forward-header-subject","$v":"Subject"},{"$i":"forward-header-date","$v":"Date"},{"$i":"forward-header-from","$v":"From"},{"$i":"forward-header-reply-to","$v":"Reply-To"},{"$i":"forward-header-to","$v":"To"},{"$i":"forward-header-cc","$v":"Cc"},{"$i":"folder-inbox","$v":"受信トレイ"},{"$i":"folder-sent","$v":"送信済みトレイ"},{"$i":"folder-drafts","$v":"下書き"},{"$i":"folder-trash","$v":"ごみ箱"},{"$i":"folder-queue","$v":"未送信トレイ"},{"$i":"folder-junk","$v":"迷惑メール"},{"$i":"folder-archives","$v":"アーカイブ"},{"$i":"folder-localdrafts","$v":"下書き(ローカル)"},{"$i":"folder-outbox","$v":"送信トレイ"},{"$i":"drawer-back","$v":"戻る"},{"$i":"drawer-accounts-header","$v":"アカウント"},{"$i":"drawer-settings-link","$v":"設定"},{"$i":"folder-last-synced-label","$v":"最終同期:"},{"$i":"messages-refresh-button","ariaLabel":"Refresh"},{"$i":"messages-refresh-progress","ariaValueText":"Refreshing"},{"$i":"edit-button","ariaLabel":"Edit"},{"$i":"message-list-top-action","$v":"最上部へ戻る"},{"$i":"message-list-menu","ariaLabel":"Folders and settings"},{"$i":"message-list-compose","ariaLabel":"Compose"},{"$i":"toaster-undo","$v":"元に戻す"},{"$i":"toaster-message-star","$v":{"one":"メッセージにスターを付けました","two":[{"t":"idOrVar","v":"n"},"件のメッセージにスターを付けました"],"few":[{"t":"idOrVar","v":"n"},"件のメッセージにスターを付けました"],"many":[{"t":"idOrVar","v":"n"},"件のメッセージにスターを付けました"],"other":[{"t":"idOrVar","v":"n"},"件のメッセージにスターを付けました"]},"$x":[{"t":"idOrVar","v":"plural"},"n"]},{"$i":"toaster-message-unstar","$v":{"one":"メッセージからスターを外しました","two":[{"t":"idOrVar","v":"n"},"件のメッセージからスターを外しました"],"few":[{"t":"idOrVar","v":"n"},"件のメッセージからスターを外しました"],"many":[{"t":"idOrVar","v":"n"},"件のメッセージからスターを外しました"],"other":[{"t":"idOrVar","v":"n"},"件のメッセージからスターを外しました"]},"$x":[{"t":"idOrVar","v":"plural"},"n"]},{"$i":"toaster-message-read","$v":{"one":"メッセージを既読にしました","two":[{"t":"idOrVar","v":"n"},"件のメッセージを既読にしました"],"few":[{"t":"idOrVar","v":"n"},"件のメッセージを既読にしました"],"many":[{"t":"idOrVar","v":"n"},"件のメッセージを既読にしました"],"other":[{"t":"idOrVar","v":"n"},"件のメッセージを既読にしました"]},"$x":[{"t":"idOrVar","v":"plural"},"n"]},{"$i":"toaster-message-unread","$v":{"one":"メッセージを未読にしました","two":[{"t":"idOrVar","v":"n"},"件のメッセージを未読にしました"],"few":[{"t":"idOrVar","v":"n"},"件のメッセージを未読にしました"],"many":[{"t":"idOrVar","v":"n"},"件のメッセージを未読にしました"],"other":[{"t":"idOrVar","v":"n"},"件のメッセージを未読にしました"]},"$x":[{"t":"idOrVar","v":"plural"},"n"]},{"$i":"toaster-message-move","$v":{"one":"メッセージを移動しました","two":[{"t":"idOrVar","v":"n"},"件のメッセージを移動しました"],"few":[{"t":"idOrVar","v":"n"},"件のメッセージを移動しました"],"many":[{"t":"idOrVar","v":"n"},"件のメッセージを移動しました"],"other":[{"t":"idOrVar","v":"n"},"件のメッセージを移動しました"]},"$x":[{"t":"idOrVar","v":"plural"},"n"]},{"$i":"toaster-message-delete","$v":{"one":"メッセージを削除しました","two":[{"t":"idOrVar","v":"n"},"件のメッセージを削除しました"],"few":[{"t":"idOrVar","v":"n"},"件のメッセージを削除しました"],"many":[{"t":"idOrVar","v":"n"},"件のメッセージを削除しました"],"other":[{"t":"idOrVar","v":"n"},"件のメッセージを削除しました"]},"$x":[{"t":"idOrVar","v":"plural"},"n"]},{"$i":"toaster-retryable-syncfailed","$v":"サーバに接続できません"},{"$i":"compose-invalid-addresses-title","$v":"不正なアドレス"},{"$i":"compose-invalid-addresses-description","$v":"メッセージに不正なメールアドレスが含まれています。送信する前にアドレスを訂正してください。"},{"$i":"background-send-pending","$v":"ネットワークが利用できません。メールを送信トレイに保存します。"},{"$i":"background-send-sending","$v":"メール送信中…"},{"$i":"background-send-success","$v":"メールを送信しました。"},{"$i":"background-send-error","$v":"エラーが発生しました。メールを送信トレイに保存します。"},{"$i":"background-send-error-recipients","$v":"受取人エラー。メールを送信トレイに保存します。"},{"$i":"background-send-error-title","$v":"メールの送信に失敗しました"},{"$i":"send-failure-recipients","$v":"メールアドレスのつづりを確認してください。メールサーバによると上記のアドレスのいずれかが正しくありません。"},{"$i":"send-failure-unknown","$v":"メッセージを送信できませんでした。"},{"$i":"form-clear-input","$v":"テキストを削除"},{"$i":"confirm-dialog-title","$v":"確認"},{"$i":"senders-separation-sign","$v":", "},{"$i":"new-messages","$v":{"one":"新着メッセージ 1 件","two":["新着メッセージ ",{"t":"idOrVar","v":"n"}," 件"],"few":["新着メッセージ ",{"t":"idOrVar","v":"n"}," 件"],"many":["新着メッセージ ",{"t":"idOrVar","v":"n"}," 件"],"other":["新着メッセージ ",{"t":"idOrVar","v":"n"}," 件"]},"$x":[{"t":"idOrVar","v":"plural"},"n"]},{"$i":"notification-no-subject","$v":"(no subject)"},{"$i":"new-emails-notify-one-account","$v":{"one":"新着メール 1 件","two":["新着メール ",{"t":"idOrVar","v":"n"}," 件"],"few":["新着メール ",{"t":"idOrVar","v":"n"}," 件"],"many":["新着メール ",{"t":"idOrVar","v":"n"}," 件"],"other":["新着メール ",{"t":"idOrVar","v":"n"}," 件"]},"$x":[{"t":"idOrVar","v":"plural"},"n"]},{"$i":"new-emails-notify-multiple-accounts","$v":{"one":["新着メール 1 件 (",{"t":"idOrVar","v":"accountName"},")"],"two":["新着メール ",{"t":"idOrVar","v":"n"}," 件 (",{"t":"idOrVar","v":"accountName"},")"],"few":["新着メール ",{"t":"idOrVar","v":"n"}," 件 (",{"t":"idOrVar","v":"accountName"},")"],"many":["新着メール ",{"t":"idOrVar","v":"n"}," 件 (",{"t":"idOrVar","v":"accountName"},")"],"other":["新着メール ",{"t":"idOrVar","v":"n"}," 件 (",{"t":"idOrVar","v":"accountName"},")"]},"$x":[{"t":"idOrVar","v":"plural"},"n"]},{"$i":"new-emails-notify-multiple-accounts-body","$v":[{"t":"idOrVar","v":"from"}," “",{"t":"idOrVar","v":"subject"},"”"]},{"$i":"tng-plain-socket-warning-title","$v":"Are you sure?"},{"$i":"tng-plain-socket-warning-message","$v":"Other people may be able to see your passwords and emails or control your account."},{"$i":"tng-plain-socket-warning-message-options","$v":"There are multiple, free email providers that offer more secure, encrypted connections."},{"$i":"tng-plain-socket-learn-more","$v":"Learn more"},{"$i":"tng-plain-socket-warning-ok","$v":"I understand"},{"$i":"message-reader-next-button","ariaLabel":"Next"},{"$i":"message-reader-previous-button","ariaLabel":"Previous"},{"$i":"message-reader-date-received","ariaLabel":"Received"},{"$i":"weekday-0-long","$v":"日曜日"},{"$i":"weekday-1-long","$v":"月曜日"},{"$i":"weekday-2-long","$v":"火曜日"},{"$i":"weekday-3-long","$v":"水曜日"},{"$i":"weekday-4-long","$v":"木曜日"},{"$i":"weekday-5-long","$v":"金曜日"},{"$i":"weekday-6-long","$v":"土曜日"},{"$i":"weekday-0-short","$v":"日"},{"$i":"weekday-1-short","$v":"月"},{"$i":"weekday-2-short","$v":"火"},{"$i":"weekday-3-short","$v":"水"},{"$i":"weekday-4-short","$v":"木"},{"$i":"weekday-5-short","$v":"金"},{"$i":"weekday-6-short","$v":"土"},{"$i":"month-0-long","$v":"1月"},{"$i":"month-1-long","$v":"2月"},{"$i":"month-2-long","$v":"3月"},{"$i":"month-3-long","$v":"4月"},{"$i":"month-4-long","$v":"5月"},{"$i":"month-5-long","$v":"6月"},{"$i":"month-6-long","$v":"7月"},{"$i":"month-7-long","$v":"8月"},{"$i":"month-8-long","$v":"9月"},{"$i":"month-9-long","$v":"10月"},{"$i":"month-10-long","$v":"11月"},{"$i":"month-11-long","$v":"12月"},{"$i":"month-0-genitive","$v":"1月"},{"$i":"month-1-genitive","$v":"2月"},{"$i":"month-2-genitive","$v":"3月"},{"$i":"month-3-genitive","$v":"4月"},{"$i":"month-4-genitive","$v":"5月"},{"$i":"month-5-genitive","$v":"6月"},{"$i":"month-6-genitive","$v":"7月"},{"$i":"month-7-genitive","$v":"8月"},{"$i":"month-8-genitive","$v":"9月"},{"$i":"month-9-genitive","$v":"10月"},{"$i":"month-10-genitive","$v":"11月"},{"$i":"month-11-genitive","$v":"12月"},{"$i":"month-0-short","$v":"1月"},{"$i":"month-1-short","$v":"2月"},{"$i":"month-2-short","$v":"3月"},{"$i":"month-3-short","$v":"4月"},{"$i":"month-4-short","$v":"5月"},{"$i":"month-5-short","$v":"6月"},{"$i":"month-6-short","$v":"7月"},{"$i":"month-7-short","$v":"8月"},{"$i":"month-8-short","$v":"9月"},{"$i":"month-9-short","$v":"10月"},{"$i":"month-10-short","$v":"11月"},{"$i":"month-11-short","$v":"12月"},{"$i":"minutes-ago-long","$v":{"zero":"1分以内","one":"1分前","two":[{"t":"idOrVar","v":"value"},"分前"],"few":[{"t":"idOrVar","v":"value"},"分前"],"many":[{"t":"idOrVar","v":"value"},"分前"],"other":[{"t":"idOrVar","v":"value"},"分前"]},"$x":[{"t":"idOrVar","v":"plural"},"value"]},{"$i":"hours-ago-long","$v":{"zero":"1時間以内","one":"1時間前","two":[{"t":"idOrVar","v":"value"},"時間前"],"few":[{"t":"idOrVar","v":"value"},"時間前"],"many":[{"t":"idOrVar","v":"value"},"時間前"],"other":[{"t":"idOrVar","v":"value"},"時間前"]},"$x":[{"t":"idOrVar","v":"plural"},"value"]},{"$i":"days-ago-long","$v":{"zero":"今日","one":"昨日","two":[{"t":"idOrVar","v":"value"},"日前"],"few":[{"t":"idOrVar","v":"value"},"日前"],"many":[{"t":"idOrVar","v":"value"},"日前"],"other":[{"t":"idOrVar","v":"value"},"日前"]},"$x":[{"t":"idOrVar","v":"plural"},"value"]},{"$i":"weeks-ago-long","$v":{"zero":"今週","one":"先週","two":[{"t":"idOrVar","v":"value"},"週間前"],"few":[{"t":"idOrVar","v":"value"},"週間前"],"many":[{"t":"idOrVar","v":"value"},"週間前"],"other":[{"t":"idOrVar","v":"value"},"週間前"]},"$x":[{"t":"idOrVar","v":"plural"},"value"]},{"$i":"months-ago-long","$v":{"zero":"今月","one":"先月","two":[{"t":"idOrVar","v":"value"},"か月前"],"few":[{"t":"idOrVar","v":"value"},"か月前"],"many":[{"t":"idOrVar","v":"value"},"か月前"],"other":[{"t":"idOrVar","v":"value"},"か月前"]},"$x":[{"t":"idOrVar","v":"plural"},"value"]},{"$i":"years-ago-long","$v":{"zero":"今年","one":"昨年","two":[{"t":"idOrVar","v":"value"},"年前"],"few":[{"t":"idOrVar","v":"value"},"年前"],"many":[{"t":"idOrVar","v":"value"},"年前"],"other":[{"t":"idOrVar","v":"value"},"年前"]},"$x":[{"t":"idOrVar","v":"plural"},"value"]},{"$i":"minutes-until-long","$v":{"zero":"1分以内","one":"1分後","two":[{"t":"idOrVar","v":"value"},"分後"],"few":[{"t":"idOrVar","v":"value"},"分後"],"many":[{"t":"idOrVar","v":"value"},"分後"],"other":[{"t":"idOrVar","v":"value"},"分後"]},"$x":[{"t":"idOrVar","v":"plural"},"value"]},{"$i":"hours-until-long","$v":{"zero":"1時間以内","one":"1時間後","two":[{"t":"idOrVar","v":"value"},"時間後"],"few":[{"t":"idOrVar","v":"value"},"時間後"],"many":[{"t":"idOrVar","v":"value"},"時間後"],"other":[{"t":"idOrVar","v":"value"},"時間後"]},"$x":[{"t":"idOrVar","v":"plural"},"value"]},{"$i":"days-until-long","$v":{"zero":"今日","one":"明日","two":[{"t":"idOrVar","v":"value"},"日後"],"few":[{"t":"idOrVar","v":"value"},"日後"],"many":[{"t":"idOrVar","v":"value"},"日後"],"other":[{"t":"idOrVar","v":"value"},"日後"]},"$x":[{"t":"idOrVar","v":"plural"},"value"]},{"$i":"weeks-until-long","$v":{"zero":"今週","one":"来週","two":[{"t":"idOrVar","v":"value"},"週間後"],"few":[{"t":"idOrVar","v":"value"},"週間後"],"many":[{"t":"idOrVar","v":"value"},"週間後"],"other":[{"t":"idOrVar","v":"value"},"週間後"]},"$x":[{"t":"idOrVar","v":"plural"},"value"]},{"$i":"months-until-long","$v":{"zero":"今月","one":"来月","two":[{"t":"idOrVar","v":"value"},"か月後"],"few":[{"t":"idOrVar","v":"value"},"か月後"],"many":[{"t":"idOrVar","v":"value"},"か月後"],"other":[{"t":"idOrVar","v":"value"},"か月後"]},"$x":[{"t":"idOrVar","v":"plural"},"value"]},{"$i":"years-until-long","$v":{"zero":"今年","one":"来年","two":[{"t":"idOrVar","v":"value"},"年後"],"few":[{"t":"idOrVar","v":"value"},"年後"],"many":[{"t":"idOrVar","v":"value"},"年後"],"other":[{"t":"idOrVar","v":"value"},"年後"]},"$x":[{"t":"idOrVar","v":"plural"},"value"]},{"$i":"minutes-ago-short","$v":{"zero":"直前","other":[{"t":"idOrVar","v":"value"},"分前"]},"$x":[{"t":"idOrVar","v":"plural"},"value"]},{"$i":"hours-ago-short","$v":{"zero":"数分前","other":[{"t":"idOrVar","v":"value"},"時間前"]},"$x":[{"t":"idOrVar","v":"plural"},"value"]},{"$i":"days-ago-short","$v":{"zero":"今日","other":[{"t":"idOrVar","v":"value"},"日前"]},"$x":[{"t":"idOrVar","v":"plural"},"value"]},{"$i":"minutes-until-short","$v":{"zero":"直後","other":[{"t":"idOrVar","v":"value"},"分後"]},"$x":[{"t":"idOrVar","v":"plural"},"value"]},{"$i":"hours-until-short","$v":{"zero":"数分後","other":[{"t":"idOrVar","v":"value"},"時間後"]},"$x":[{"t":"idOrVar","v":"plural"},"value"]},{"$i":"days-until-short","$v":{"zero":"今日","other":[{"t":"idOrVar","v":"value"},"日後"]},"$x":[{"t":"idOrVar","v":"plural"},"value"]},{"$i":"incorrectDate","$v":"(日付が不正です)"},{"$i":"dateTimeFormat_%c","$v":"%Y年%b%e日(%a) %p%I:%M:%S"},{"$i":"dateTimeFormat_%x","$v":"%Y/%m/%d"},{"$i":"dateTimeFormat_%X","$v":"%p%I:%M:%S"},{"$i":"shortTimeFormat","$v":"%p%I:%M"},{"$i":"shortTimeFormat12","$v":"%p%I:%M"},{"$i":"shortTimeFormat24","$v":"%H:%M"},{"$i":"shortDateTimeFormat","$v":"%x %p%I:%M"},{"$i":"weekStartsOnMonday","$v":"0"},{"$i":"firstDayOfTheWeek","$v":"0"},{"$i":"time_am","$v":"午前"},{"$i":"time_pm","$v":"午後"}]