[{"$i":"back-button","ariaLabel":"ថយក្រោយ"},{"$i":"close-button","ariaLabel":"បិទ"},{"$i":"setup-app-name-header","$v":"សំបុត្រ"},{"$i":"setup-empty-account-message","$v":"You are not set up to send or receive email. Set up an account to complete the action."},{"$i":"setup-pick-service","$v":"ដើម្បី​ផ្ញើ និង​ទទួល​អ៊ីមែល អ្នក​​ត្រូវ​បង្កើត​គណនី​មួយ។"},{"$i":"setup-account-header3","$v":"គណនី​ថ្មី"},{"$i":"setup-account-enter-password","$v":"បញ្ចូល​ពាក្យ​សម្ងាត់​សម្រាប់៖"},{"$i":"setup-info-name","placeholder":"ឈ្មោះ​របស់​អ្នក"},{"$i":"setup-info-email","placeholder":"someone@example.com"},{"$i":"setup-info-password","placeholder":"ពាក្យ​សម្ងាត់"},{"$i":"setup-info-next","$v":"បន្ទាប់"},{"$i":"setup-progress-wait-msg","$v":"បង្កើត​គណនី"},{"$i":"setup-completed-header","$v":"ការ​បង្កើត​គណនី​អ៊ីមែល"},{"$i":"setup-completed-label","$v":"ធ្វើ​រួច​ទាំងអស់!"},{"$i":"setup-add-another-account","$v":"បន្ថែម​គណនី​ផ្សេង"},{"$i":"setup-show-mail","$v":"បន្ត​​ទៅ​​អ៊ីមែល"},{"$i":"setup-error-offline","$v":"ឥឡូវ​ឧបករណ៍​នេះ​មិន​ភ្ជាប់​អ៊ីនធឺណិត។ ភ្ជាប់​ទៅ​អ៊ីនធឺណិត និង​ព្យាយាម​ម្ដង​ទៀត។"},{"$i":"setup-error-bad-user-or-pass2","$v":"ឈ្មោះ​អ្នក​ប្រើ និង​ពាក្យ​សម្ងាត់​មិន​ត្រឹមត្រូវ។ ពិនិត្យ​ការ​វាយ។"},{"$i":"setup-error-bad-address","$v":"អាសយដ្ឋាន​អ៊ីមែល​មិន​ត្រឹមត្រូវ។ ពិនិត្យ​អក្ខរាវិរុទ្ធ។"},{"$i":"setup-error-not-authorized","$v":"ម៉ាស៊ីន​មេ​​បង្ហាញ​​​ថា​អ្នក​មិន​ត្រូវ​បាន​​អនុញ្ញាត​ឲ្យ​បង្កើត​គណនី​ឡើយ"},{"$i":"setup-error-pop-server-not-great","$v":"ម៉ាស៊ីន​មេ​មិន​គាំទ្រ។ ម៉ាស៊ីនមេ POP3 មិន​អនុវត្ត​លក្ខណៈ​ដែល​បាន​ទាមទារ។"},{"$i":"setup-error-unknown2","$v":"កំហុស​មិន​ស្គាល់​​បាន​កើត​ឡើង។ ពិនិត្យ​ការ​ភ្ជាប់​បណ្ដាញ​របស់​អ្នក ឬ​ព្យាយាម​ជម្រើស​​ការ​កំណត់​រចនាសម្ព័ន្ធ​ដោយ​ដៃ"},{"$i":"setup-error-needs-app-pass","$v":"អ្នក​ត្រូវតែ​ប្រើ​ពាក្យ​សម្ងាត់​តាម​កម្មវិធី​ជាក់​លាក់​សម្រាប់​គណនី Gmail ដែល​មាន​ពីរ​កត្តា"},{"$i":"setup-error-imap-disabled","$v":"អ្នក​ត្រូវតែ​បើក IMAP សម្រាប់​គណនី Gmail របស់​អ្នក"},{"$i":"setup-error-pop3-disabled","$v":"អ្នក​ត្រូវតែ​បើក POP3 សម្រាប់​គណនី Gmail របស់​អ្នក"},{"$i":"setup-error-bad-security","$v":["មិន​អាច​បង្កើត​ការ​តភ្ជាប់​សុវត្ថិភាព​ជាមួយ \"",{"t":"idOrVar","v":"server"},"\"។ ប្រហែល​មាន​បញ្ហា​ជាមួយ​បណ្ដាញ ឬ​ម៉ាស៊ីន​មេ​របស់​អ្នក។"]},{"$i":"setup-error-unresponsive-server","$v":["មិន​អាច​បង្កើត​ការ​តភ្ជាប់​​ជាមួយ \"",{"t":"idOrVar","v":"server"},"\"។ ប្រហែល​មាន​បញ្ហា​ជាមួយ​បណ្ដាញ។"]},{"$i":"setup-error-server-problem","$v":["មាន​បញ្ហា​ជាមួយ​ម៉ាស៊ីន​មេ \"",{"t":"idOrVar","v":"server"},"\"។ ព្យាយាម​ម្ដង​ទៀត​ពេល​ក្រោយ។"]},{"$i":"setup-error-no-config-info","$v":"មិន​អាច​កំណត់​រចនាសម្ព័ន្ធ​​គណនី​របស់​អ្នក​ស្វ័យប្រវត្តិ​ទេ។ កែ​អាសយដ្ឋាន​អ៊ីមែល​របស់​អ្នក ឬ​ព្យាយាម​ជម្រើស​កំណត់​រចនាសម្ព័ន្ធ​​ដោយ​ដៃ។"},{"$i":"setup-error-server-maintenance","$v":["ម៉ាស៊ីនមេ \"",{"t":"idOrVar","v":"server"},"\" គឺ​នៅ​ក្រៅ​បណ្ដាញ​សម្រាប់​ការថែទាំ។ ព្យាយាម​ម្ដង​ទៀត​ពេល​ក្រោយ។"]},{"$i":"setup-error-account-already-exists","$v":"គណនី​នេះ​បាន​កំណត់​រចនាសម្ព័ន្ធ​រួចហើយ។"},{"$i":"setup-manual-config2","$v":"រៀបចំ​ដោយ​ដៃ"},{"$i":"setup-manual-config-header","$v":"រៀបចំ​ដោយ​ដៃ"},{"$i":"setup-manual-account-type","$v":"ប្រភេទ​គណនី"},{"$i":"setup-manual-account-type-select","ariaLabel":"ប្រភេទ​គណនី"},{"$i":"setup-manual-imap-header","$v":"ការ​កំណត់ IMAP"},{"$i":"setup-manual-pop3-header","$v":"ការ​កំណត់ POP3"},{"$i":"setup-manual-smtp-header","$v":"ការកំណត់​ SMTP"},{"$i":"setup-manual-activesync-header","$v":"ការ​កំណត់​ ActiveSync"},{"$i":"setup-manual-next","$v":"បន្ទាប់"},{"$i":"setup-manual-socket","$v":"ប្រភេទ​រន្ធ"},{"$i":"setup-manual-socket-ssl","$v":"SSL"},{"$i":"setup-manual-socket-starttls","$v":"STARTTLS"},{"$i":"setup-manual-socket-select","ariaLabel":"សុវត្ថិភាព​ការ​តភ្ជាប់"},{"$i":"setup-manual-socket-plain","$v":"មិន​បាន​ដាក់​លេខ​កូដ (គ្មាន​សុវត្ថិភាព)"},{"$i":"setup-manual-hostname","placeholder":"ឈ្មោះ​ម៉ាស៊ីន​បង្ហោះ"},{"$i":"setup-manual-port","placeholder":"លេខ​ច្រក"},{"$i":"setup-manual-username","placeholder":"ឈ្មោះ​អ្នក​ប្រើ"},{"$i":"setup-manual-activesync-username","placeholder":"ដែន\\ឈ្មោះ​អ្នក​ប្រើ"},{"$i":"setup-bad-password-header","$v":"ពាក្យ​សម្ងាត់​មិន​ល្អ!"},{"$i":"setup-bad-password","$v":"យើង​មិន​អាច​ចូល​ទៅ​កាន់​ម៉ាស៊ីន​មេ​បាន​ទេ។ ប្រហែល​ពាក្យ​សម្ងាត់​របស់​អ្នក​មិន​ត្រឹមត្រូវ?"},{"$i":"setup-new-password","placeholder":"ពាក្យ​សម្ងាត់​ថ្មី"},{"$i":"setup-fix-password","$v":"ព្យាយាម​ឡើងវិញ​ជាមួយ​ពាក្យ​សម្ងាត់​ថ្មី"},{"$i":"setup-gmail-twofactor-header","$v":"បាន​បើក​ពីរ​កត្តា"},{"$i":"setup-gmail-twofactor-message","$v":"អ្នក​ត្រូវ​បញ្ចូល​ពាក្យ​សម្ងាត់​តាម​កម្មវិធី​ជាក់លាក់​ខាង​ក្រោម។"},{"$i":"setup-gmail-twofactor-fix","$v":"ប្រើ​ពាក្យ​សម្ងាត់​តាម​កម្មវិធី"},{"$i":"setup-gmail-imap-header","$v":"បាន​បិទ IMAP"},{"$i":"setup-gmail-imap-message","$v":"អ្នក​ត្រូវតែ​បើក IMAP លើ​គណនី Gmail របស់​អ្នក"},{"$i":"setup-gmail-imap-retry","$v":"ព្យាយាម​ម្តង​ទៀត"},{"$i":"setup-gmail-pop3-header","$v":"បាន​បិទ POP3"},{"$i":"setup-gmail-pop3-message","$v":"អ្នក​ត្រូវតែ​បើក POP3 លើ​គណនី Gmail របស់​អ្នក"},{"$i":"setup-gmail-pop3-retry","$v":"ព្យាយាម​ម្តង​ទៀត"},{"$i":"setup-fix-oauth2-header","$v":"អនុញ្ញាត​អ៊ីមែល​ឡើងវិញ"},{"$i":"setup-fix-oauth2-description","$v":"ចាំបាច់​ត្រូវ​អនុញ្ញាត​អ៊ីមែល​ឡើងវិញ​ដើម្បី​ចូល​ដំណើរការ​គណនី​ខាងក្រោម៖"},{"$i":"setup-fix-oauth2-reauthorize","$v":"អនុញ្ញាត​ឡើងវិញ"},{"$i":"settings-main-header","$v":"ការ​កំណត់​សំបុត្រ"},{"$i":"settings-sub-header-account","$v":"គណនី"},{"$i":"settings-account-group","ariaLabel":"Account"},{"$i":"settings-account-name","$v":"ឈ្មោះ​របស់​អ្នក"},{"$i":"settings-account-display-notifications","$v":"បង្ហាញ​ការ​ជូន​ដំណឹង​សម្រាប់​សារ​ថ្មី"},{"$i":"settings-account-play-sound-onsend","$v":"ចាក់​សំឡេង​បន្ទាប់​ពី​បាន​ផ្ញើ​សារ"},{"$i":"settings-empty-signature-label","$v":"Tap to Edit"},{"$i":"settings-account-signature-label","$v":"Signature"},{"$i":"settings-account-signature-textbox","ariaLabel":"Signature"},{"$i":"signature-save","$v":"រក្សាទុក​ហត្ថលេខា"},{"$i":"signature-discard-confirm","$v":"បោះបង់"},{"$i":"settings-sub-header-data","$v":"Data"},{"$i":"settings-data-group","ariaLabel":"Data"},{"$i":"settings-account-check-mail","$v":"Check for new messages"},{"$i":"settings-account-check-mail-select","ariaLabel":"Check for new messages"},{"$i":"settings-sub-header-server","$v":"Server settings"},{"$i":"settings-server-group","ariaLabel":"ការ​កំណត់​ម៉ាស៊ីន​មេ"},{"$i":"settings-account-userpass","$v":"ឈ្មោះ​អ្នកប្រើ និង​ពាក្យ​សម្ងាត់​"},{"$i":"settings-account-useroauth2","$v":"ឈ្មោះ​អ្នកប្រើ"},{"$i":"settings-default-signature-2","$v":"បាន​ផ្ញើ​ដោយ​ប្រើ Firefox OS"},{"$i":"settings-done","$v":"ធ្វើ​រួច"},{"$i":"settings-account-section","$v":"គណនី"},{"$i":"settings-account-listbox","ariaLabel":"គណនី"},{"$i":"settings-account-add","$v":"បន្ថែម​គណនី"},{"$i":"settings-account-delete","$v":"លុប​គណនី"},{"$i":"settings-account-delete-prompt","$v":["តើ​អ្នក​ប្រាកដ​ចង់​លុប​គណនី​អ៊ីមែល ",{"t":"idOrVar","v":"account"}," របស់​អ្នក​ឬ? អ្នក​នឹង​ត្រូវ​ទាញយក​សារ​ឡើងវិញ បើ​អ្នក​​បង្កើត​គណនី​ឡើង​វិញ។"]},{"$i":"settings-account-delete-cancel","$v":"បោះបង់"},{"$i":"settings-account-delete-confirm","$v":"លុប"},{"$i":"settings-account-clarify-imap","$v":[{"t":"idOrVar","v":"account-name"}," (IMAP)"]},{"$i":"settings-account-clarify-pop3","$v":[{"t":"idOrVar","v":"account-name"}," (POP3)"]},{"$i":"settings-account-clarify-smtp","$v":[{"t":"idOrVar","v":"account-name"}," (SMTP)"]},{"$i":"settings-general-section","$v":"ការ​កំណត់​ទូទៅ"},{"$i":"settings-show-images","$v":"បង្ហាញ​រូបភាព​ជានិច្ច"},{"$i":"settings-download-attachments","$v":"ទាញយក​ឯកសារ​ភ្ជាប់"},{"$i":"settings-check-every-5min","$v":"រៀងរាល់ 5 នាទី"},{"$i":"settings-check-every-10min","$v":"រៀងរាល់ 10 ​នាទី"},{"$i":"settings-check-every-15min","$v":"រៀងរាល់ 15 នាទី"},{"$i":"settings-check-every-30min","$v":"រៀងរាល់ 30 ​នាទី"},{"$i":"settings-check-every-60min","$v":"រាល់ម៉ោង"},{"$i":"settings-check-every-manual","$v":"ដោយ​ដៃ"},{"$i":"settings-check-dynamic","$v":{"zero":"បាន​បិទ","one":[{"t":"idOrVar","v":"n"}," វិនាទី"],"two":[{"t":"idOrVar","v":"n"}," វិនាទី"],"few":[{"t":"idOrVar","v":"n"}," វិនាទី"],"many":[{"t":"idOrVar","v":"n"}," វិនាទី"],"other":[{"t":"idOrVar","v":"n"}," វិនាទី"]},"$x":[{"t":"idOrVar","v":"plural"},"n"]},{"$i":"settings-default-account","$v":"កំណត់​ជា​អ៊ីមែល​លំនាំដើម"},{"$i":"settings-account-type","$v":"ប្រភេទ​គណនី"},{"$i":"settings-account-credentials","$v":"លិខិត​សម្គាល់"},{"$i":"settings-activesync-label","$v":"ការ​កំណត់​សមកាល​សកម្ម"},{"$i":"settings-imap-label","$v":"ការ​កំណត់ IMAP"},{"$i":"settings-pop3-label","$v":"ការ​កំណត់ POP3"},{"$i":"settings-smtp-label","$v":"ការកំណត់​ SMTP"},{"$i":"settings-hostname","$v":"ឈ្មោះ​ម៉ាស៊ីន​បង្ហោះ"},{"$i":"settings-port","$v":"ច្រក"},{"$i":"settings-username","$v":"ឈ្មោះ​អ្នក​ប្រើ"},{"$i":"settings-password","$v":"ពាក្យ​សម្ងាត់"},{"$i":"settings-save","$v":"រក្សា​​ទុក"},{"$i":"settings-password-empty","$v":"ប្រឡោះ​ពាក្យ​សម្ងាត់​មិន​គួរ​ទុក​ឲ្យ​ទទេ"},{"$i":"settings-reauth","$v":"អនុញ្ញាត​ឡើងវិញ"},{"$i":"settings-account-synchronize-window","$v":"ថ្ងៃ​ត្រូវ​ធ្វើ​សមកាលកម្ម"},{"$i":"settings-account-synchronize-window-select","ariaLabel":"ថ្ងៃ​ត្រូវ​ធ្វើ​សមកាលកម្ម"},{"$i":"settings-synchronize-auto","$v":"ស្វ័យ​ប្រវត្តិ"},{"$i":"settings-synchronize-one-day","$v":"1 ថ្ងៃ"},{"$i":"settings-synchronize-three-days","$v":"3 ថ្ងៃ"},{"$i":"settings-synchronize-one-week","$v":"1 សប្ដាហ៍"},{"$i":"settings-synchronize-two-weeks","$v":"2 សប្ដាហ៍"},{"$i":"settings-synchronize-one-month","$v":"1 ខែ"},{"$i":"settings-synchronize-all","$v":"សារ​ទាំងអស់"},{"$i":"envelope-from","$v":"ពី"},{"$i":"envelope-to","$v":"ជូន​ចំពោះ"},{"$i":"envelope-cc","$v":"ចម្លង​ជូន"},{"$i":"envelope-bcc","$v":"ចម្លង​ជាសម្ងាត់​ជូន"},{"$i":"message-header-state-sending","ariaLabel":"ការ​ផ្ញើ"},{"$i":"message-header-state-error","ariaLabel":"Error sending"},{"$i":"message-header-unread","ariaLabel":"Unread"},{"$i":"message-header-starred","ariaLabel":"Has star"},{"$i":"message-header-attachments","ariaLabel":"Has attachments"},{"$i":"message-body-container","ariaLabel":"Message body"},{"$i":"message-body-container-progress","ariaValueText":"Loading"},{"$i":"subject","ariaLabel":"Subject"},{"$i":"message-delete-button","ariaLabel":"Delete"},{"$i":"message-star-button","ariaLabel":"Add star"},{"$i":"message-unstar-button","ariaLabel":"យក​ផ្កាយ​ចេញ"},{"$i":"message-mark-read-button","ariaLabel":"សម្គាល់​ថា​អាន​រួច"},{"$i":"message-mark-unread-button","ariaLabel":"សម្គាល់​ថា​មិន​ទាន់​អាន"},{"$i":"message-move-button","ariaLabel":"ផ្លាស់ទី"},{"$i":"message-reply-forward-button","ariaLabel":"ឆ្លើយតប ឬ​បញ្ជូន​បន្ត"},{"$i":"download-button","ariaLabel":"ទាញ​យក"},{"$i":"downloading-progress","ariaValueText":"ការ​ទាញ​យក"},{"$i":"view-button","ariaLabel":"មើល"},{"$i":"attachments-container","ariaLabel":"ឯកសារ​ភ្ជាប់"},{"$i":"from-group","ariaLabel":"ពី"},{"$i":"to-group","ariaLabel":"To"},{"$i":"cc-group","ariaLabel":"cc"},{"$i":"bcc-group","ariaLabel":"bcc"},{"$i":"compose-header","$v":"តែង​សារ"},{"$i":"compose-header-short","$v":"តែង"},{"$i":"compose-send","$v":"Send"},{"$i":"compose-send-button","ariaLabel":"Send"},{"$i":"compose-to","$v":"ជូន​ចំពោះ"},{"$i":"compose-cc","$v":"cc"},{"$i":"compose-bcc","$v":"bcc"},{"$i":"compose-contact-add","ariaLabel":"Add contact"},{"$i":"compose-attachments-container","ariaLabel":{"zero":"ឯកសារ​ភ្ជាប់"}},{"$i":"compose-attachment-remove","ariaLabel":"យកចេញ"},{"$i":"compose-attachment-button","ariaLabel":"ភ្ជាប់​ជាមួយ​"},{"$i":"compose-attachments","$v":{"zero":"ឯកសារ​ភ្ជាប់","one":[{"t":"idOrVar","v":"n"}," ឯកសារ​ភ្ជាប់"],"two":[{"t":"idOrVar","v":"n"}," ឯកសារ​ភ្ជាប់"],"few":[{"t":"idOrVar","v":"n"}," ឯកសារ​ភ្ជាប់"],"many":[{"t":"idOrVar","v":"n"}," ឯកសារ​ភ្ជាប់"],"other":[{"t":"idOrVar","v":"n"}," ឯកសារ​ភ្ជាប់"]},"$x":[{"t":"idOrVar","v":"plural"},"n"]},{"$i":"compose-text","ariaLabel":"Edit"},{"$i":"compose-attachment-still-working","$v":"នៅ​ពេល​នេះ, នៅ​តែ​កំពុង​ដំណើរការ​លើ​ឯកសារ​ភ្ជាប់​ពី​មុន..."},{"$i":"compose-subject","$v":"ប្រធានបទ"},{"$i":"compose-draft-save","$v":"រក្សាទុក​ទៅ​សេចក្ដី​ព្រាង​មូលដ្ឋាន"},{"$i":"compose-discard-confirm","$v":"បោះបង់"},{"$i":"compose-send-message-failed","$v":"បាន​បរាជ័យ​​ផ្ញើ​អ៊ីមែល"},{"$i":"composer-attachment-large","$v":"ឯកសារ​ភ្ជាប់​ធំ​ពេក"},{"$i":"composer-attachments-large","$v":"ឯកសារ​ភ្ជាប់​ធំ​ពេក"},{"$i":"compose-attchment-size-exceeded","$v":"ឯកសារ​ភ្ជាប់​ដែល​បាន​ជ្រើស​ដើម្បី​ផ្ញើ​ជាមួយ​សារ​នេះ​គឺ​ធំ​ពេក។"},{"$i":"compose-attchments-size-exceeded","$v":"ឯកសារ​ភ្ជាប់​ដែល​បាន​ជ្រើស​ដើម្បី​ផ្ញើ​ជាមួយ​សារ​នេះ​គឺ​ធំ​ពេក។ សាកល្បង​ជ្រើស​ឯកសារ​តិច​ជាង​នេះ។"},{"$i":"dialog-button-ok","$v":"យល់​ព្រម"},{"$i":"default-attachment-filename","$v":["attachment",{"t":"idOrVar","v":"n"}]},{"$i":"attachment-size-kib","$v":[{"t":"idOrVar","v":"kilobytes"},"K"]},{"$i":"message-attachment-view","$v":"View"},{"$i":"message-attachment-did-not-open-label","$v":"Unable to open"},{"$i":"message-attachment-did-not-open-body","$v":"The device does not have an app that can open the attachment."},{"$i":"message-attachment-too-large","$v":"ឯកសារ​ធំ​ពេក​ត្រូវ​ទាញយក។"},{"$i":"message-no-subject","$v":"(គ្មាន​ប្រធានបទ)"},{"$i":"message-edit-menu-edit","$v":"កែសម្រួល"},{"$i":"message-edit-menu-delete","$v":"លុប"},{"$i":"message-edit-delete-confirm","$v":"លុប​​សារ​អ៊ីមែល​ឬ?"},{"$i":"message-send-attachment-disabled-confirm","$v":"ឯកសារ​ភ្ជាប់​មិន​អាច​បញ្ជូន​បន្ត​បាន​ទេ។"},{"$i":"message-multiedit-header","$v":{"zero":"កែសម្រួល","one":["បាន​ជ្រើស ",{"t":"idOrVar","v":"n"}],"two":["បាន​ជ្រើស ",{"t":"idOrVar","v":"n"}],"few":["បាន​ជ្រើស ",{"t":"idOrVar","v":"n"}],"many":["បាន​ជ្រើស ",{"t":"idOrVar","v":"n"}],"other":["បាន​ជ្រើស ",{"t":"idOrVar","v":"n"}]},"$x":[{"t":"idOrVar","v":"plural"},"n"]},{"$i":"browse-to-url-prompt","$v":["រុករក​ទៅ​កាន់ URL?: ",{"t":"idOrVar","v":"url"}]},{"$i":"message-download-images-tap","$v":{"one":"អ៊ីមែល​នេះ​មាន​រូបភាព​មួយ។ ប៉ះ​ដើម្បី​ទាញ​យក។","two":["អ៊ីមែល​នេះ​មាន​រូបភាព​ ",{"t":"idOrVar","v":"n"}," ។ ប៉ះ​ដើម្បី​ទាញ​យក។"],"few":["អ៊ីមែល​នេះ​មាន​រូបភាព​ ",{"t":"idOrVar","v":"n"}," ។ ប៉ះ​ដើម្បី​ទាញ​យក។"],"many":["អ៊ីមែល​នេះ​មាន​រូបភាព​ ",{"t":"idOrVar","v":"n"}," ។ ប៉ះ​ដើម្បី​ទាញ​យក។"],"other":["អ៊ីមែល​នេះ​មាន​រូបភាព​ ",{"t":"idOrVar","v":"n"}," ។ ប៉ះ​ដើម្បី​ទាញ​យក។"]},"$x":[{"t":"idOrVar","v":"plural"},"n"]},{"$i":"message-show-external-images","$v":"បង្ហាញ​រូបភាព​ខាង​ក្រៅ"},{"$i":"message-multiedit-cancel","$v":"បោះបង់"},{"$i":"message-multiedit-delete-confirm","$v":{"one":"លុប​សារ​អ៊ីមែល​នេះ​ឬ?","two":["លុប​សារ​អ៊ីមែល ",{"t":"idOrVar","v":"n"}," ឬ?"],"few":["លុប​សារ​អ៊ីមែល ",{"t":"idOrVar","v":"n"}," ឬ?"],"many":["លុប​សារ​អ៊ីមែល ",{"t":"idOrVar","v":"n"}," ឬ?"],"other":["លុប​សារ​អ៊ីមែល ",{"t":"idOrVar","v":"n"}," ឬ?"]},"$x":[{"t":"idOrVar","v":"plural"},"n"]},{"$i":"message-large-message-cancel","$v":"បោះបង់"},{"$i":"message-large-message-ok","$v":"បន្ត"},{"$i":"message-large-message-confirm","$v":"សារ​នេះ​ធំពេក និង​អាច​ចំណាយ​ពេល​ខ្លះ​ដើម្បី​ទាញយក។"},{"$i":"message-search-from","$v":"ពី"},{"$i":"message-search-to","$v":"ជូន​ចំពោះ"},{"$i":"message-search-subject","$v":"ប្រធានបទ"},{"$i":"message-search-body","$v":"តួសេចក្ដី"},{"$i":"message-search-all","$v":"ទាំងអស់"},{"$i":"message-search-input","placeholder":"ស្វែងរក​សារ"},{"$i":"message-search-cancel","$v":"បោះបង់"},{"$i":"messages-syncing","$v":"ផ្ទុក​សារ"},{"$i":"messages-load-more","$v":"ផ្ទុក​សារ​ច្រើន​ទៀត"},{"$i":"messages-folder-empty","$v":"គ្មាន​សារ​​នៅ​ក្នុង​ថត​នេះ"},{"$i":"messages-search-empty","$v":"គ្មាន​សារ​ត្រូវគ្នា​ក្នុង​ឃ្លាំង​​​សារ​​ដែល​បាន​លាក់​ខាង​ក្នុង"},{"$i":"messages-folder-select","$v":"ជ្រើស​ថត"},{"$i":"messages-folder-unread-max","$v":"999+"},{"$i":"message-contact-menu-create","$v":"រក្សាទុក​ទំនាក់ទំនង​ថ្មី"},{"$i":"message-contact-menu-add-existing","$v":"បន្ថែម​ទៅ​ទំនាក់ទំនង​ដែល​មាន​ស្រាប់"},{"$i":"message-contact-menu-view","$v":"មើល​ទំនាក់ទំនង"},{"$i":"message-contact-menu-reply","$v":"ឆ្លើយតប"},{"$i":"message-contact-menu-new","$v":"ផ្ញើ​សារ​ថ្មី"},{"$i":"message-reply-menu-reply","$v":"ឆ្លើយតប"},{"$i":"message-reply-menu-reply-all","$v":"ឆ្លើយតបទៅទាំងអស់គ្នា"},{"$i":"message-reply-menu-forward","$v":"បញ្ជូន​បន្ត"},{"$i":"message-reply-menu-cancel","$v":"បោះបង់"},{"$i":"reply-quoting-wrote","$v":"{name} បាន​សរសេរ"},{"$i":"forward-original-message","$v":"សារ​ដើម"},{"$i":"forward-header-subject","$v":"ប្រធាន​បទ"},{"$i":"forward-header-date","$v":"កាល​បរិច្ឆេទ"},{"$i":"forward-header-from","$v":"ពី"},{"$i":"forward-header-reply-to","$v":"ឆ្លើយ​តប​ទៅ"},{"$i":"forward-header-to","$v":"ជូន​ចំពោះ"},{"$i":"forward-header-cc","$v":"ចម្លង​ជូន"},{"$i":"folder-inbox","$v":"ប្រអប់​ទទួល"},{"$i":"folder-sent","$v":"បាន​ផ្ញើ"},{"$i":"folder-drafts","$v":"សេចក្ដី​ព្រាង"},{"$i":"folder-trash","$v":"ធុងសំរាម"},{"$i":"folder-queue","$v":"មិន​បាន​ផ្ញើ"},{"$i":"folder-junk","$v":"ឥត​បាន​ការ"},{"$i":"folder-archives","$v":"ប័ណ្ណសារ"},{"$i":"folder-localdrafts","$v":"សេចក្ដី​ព្រាង​មូលដ្ឋាន"},{"$i":"folder-outbox","$v":"ប្រអប់​ចេញ"},{"$i":"drawer-back","$v":"Back"},{"$i":"drawer-accounts-header","$v":"គណនី"},{"$i":"drawer-settings-link","$v":"ការ​កំណត់"},{"$i":"folder-last-synced-label","$v":"សមកាល​ចុង​ក្រោយ៖"},{"$i":"messages-refresh-button","ariaLabel":"Refresh"},{"$i":"messages-refresh-progress","ariaValueText":"Refreshing"},{"$i":"edit-button","ariaLabel":"Edit"},{"$i":"message-list-top-action","$v":"ពេញ​និយម"},{"$i":"message-list-menu","ariaLabel":"Folders and settings"},{"$i":"message-list-compose","ariaLabel":"Compose"},{"$i":"toaster-undo","$v":"មិនធ្វើ​វិញ"},{"$i":"toaster-message-star","$v":{"one":"បាន​កំណត់​ទង់​​ឲ្យ​សារ​ 1","two":[{"t":"idOrVar","v":"n"}," កំណត់ទង់សារ"],"few":[{"t":"idOrVar","v":"n"}," កំណត់​ទង់សារ"],"many":[{"t":"idOrVar","v":"n"}," កំណត់​ទង់សារ"],"other":[{"t":"idOrVar","v":"n"}," កំណត់ទង់សារ"]},"$x":[{"t":"idOrVar","v":"plural"},"n"]},{"$i":"toaster-message-unstar","$v":{"one":"បាន​យក​ទង់​ចេញ​​​​ពី​សារ 1","two":[{"t":"idOrVar","v":"n"}," បាន​ដកទង់សារ​​ចេញ"],"few":[{"t":"idOrVar","v":"n"}," បាន​ដក​ទង់​សារ​ចេញ"],"many":[{"t":"idOrVar","v":"n"}," បាន​ដកទង់សារ​ចេញ"],"other":[{"t":"idOrVar","v":"n"}," បាន​ដក​ទង់សារ​ចេញ"]},"$x":[{"t":"idOrVar","v":"plural"},"n"]},{"$i":"toaster-message-read","$v":{"one":"បាន​សម្គាល់​សារ 1 ថា​អាន​រួច","two":["បាន​សម្គាល់​សារ ",{"t":"idOrVar","v":"n"}," ថា​អាន​រួច"],"few":["បាន​សម្គាល់​សារ ",{"t":"idOrVar","v":"n"}," ថា​អាន​រួច"],"many":["បាន​សម្គាល់​សារ ",{"t":"idOrVar","v":"n"}," ថា​អាន​រួច"],"other":["បាន​សម្គាល់​សារ ",{"t":"idOrVar","v":"n"}," ថា​អាន​រួច"]},"$x":[{"t":"idOrVar","v":"plural"},"n"]},{"$i":"toaster-message-unread","$v":{"one":"បាន​សម្គាល់​សារ 1 ថា​​មិន​ទាន់​អាន","two":["បាន​សម្គាល់​សារ ",{"t":"idOrVar","v":"n"}," ថា​​មិន​ទាន់​អាន"],"few":["បាន​សម្គាល់​សារ ",{"t":"idOrVar","v":"n"}," ថា​​មិន​ទាន់​អាន"],"many":["បាន​សម្គាល់​សារ ",{"t":"idOrVar","v":"n"}," ថា​​មិន​ទាន់​អាន"],"other":["បាន​សម្គាល់​សារ ",{"t":"idOrVar","v":"n"}," ថា​​មិន​ទាន់​អាន"]},"$x":[{"t":"idOrVar","v":"plural"},"n"]},{"$i":"toaster-message-move","$v":{"one":"បាន​ផ្លាស់ទី​សារ 1","two":["បាន​ផ្លាស់ទី​សារ ",{"t":"idOrVar","v":"n"}],"few":["បាន​ផ្លាស់ទី​សារ ",{"t":"idOrVar","v":"n"}],"many":["បាន​ផ្លាស់ទី​សារ ",{"t":"idOrVar","v":"n"}],"other":["បាន​ផ្លាស់ទី​សារ ",{"t":"idOrVar","v":"n"}]},"$x":[{"t":"idOrVar","v":"plural"},"n"]},{"$i":"toaster-message-delete","$v":{"one":"បាន​លុប​សារ 1","two":["បាន​លុប​សារ ",{"t":"idOrVar","v":"n"}],"few":["បាន​លុប​សារ ",{"t":"idOrVar","v":"n"}],"many":["បាន​លុប​សារ ",{"t":"idOrVar","v":"n"}],"other":["បាន​លុប​សារ ",{"t":"idOrVar","v":"n"}]},"$x":[{"t":"idOrVar","v":"plural"},"n"]},{"$i":"toaster-retryable-syncfailed","$v":"មិន​អាច​ភ្ជាប់​ទៅ​កាន់​ម៉ាស៊ីន​មេ"},{"$i":"compose-invalid-addresses-title","$v":"អាសយដ្ឋាន​មិន​ត្រឹមត្រូវ"},{"$i":"compose-invalid-addresses-description","$v":"សារ​របស់​អ្នក​មាន​អាសយដ្ឋាន​មិន​ត្រឹមត្រូវ​មួយ ឬ​ច្រើន។ សូម​បញ្ចូល​វា​មុន​ពេល​ផ្ញើ។"},{"$i":"background-send-pending","$v":"បណ្ដាញ​មិន​អាច​ប្រើ​បាន។ អ៊ីមែល​បាន​រក្សាទុក​ទៅ​ប្រអប់​ចេញ។"},{"$i":"background-send-sending","$v":"កំពុង​ផ្ញើ​មែល…"},{"$i":"background-send-success","$v":"អ៊ីមែល​បាន​ផ្ញើ។"},{"$i":"background-send-error","$v":"កំហុស​បាន​កើត​ឡើង។ អ៊ីមែល​បាន​រក្សាទុក​ទៅ​ប្រអប់​ចេញ។"},{"$i":"background-send-error-recipients","$v":"កំហុស​អ្នក​ទទួល។ អ៊ីមែល​បាន​រក្សាទុក​ទៅ​ប្រអប់​ចេញ។"},{"$i":"background-send-error-title","$v":"មែល​បាន​បរាជ័យ​ក្នុង​ការ​ផ្ញើ"},{"$i":"send-failure-recipients","$v":"ពិនិត្យមើល​អក្ខរាវិរុទ្ធ​អាសយដ្ឋាន​ខាងលើ។ ម៉ាស៊ីន​មេ​មែល​របស់​អ្នក​បាន​បង្ហាញ​អាសយដ្ឋាន​មួយ ឬ​ច្រើន​នៅ​ខាង​លើ​គឺ​មិន​ត្រឹមត្រូវ។"},{"$i":"send-failure-unknown","$v":"សារ​មិន​អាច​ត្រូវ​បាន​ផ្ញើ។"},{"$i":"form-clear-input","$v":"យក​អត្ថបទ​ចេញ"},{"$i":"confirm-dialog-title","$v":"ការ​បញ្ជាក់"},{"$i":"senders-separation-sign","$v":", "},{"$i":"new-messages","$v":{"one":"1 New Message","two":[{"t":"idOrVar","v":"n"}," New Messages"],"few":[{"t":"idOrVar","v":"n"}," New Messages"],"many":[{"t":"idOrVar","v":"n"}," New Messages"],"other":[{"t":"idOrVar","v":"n"}," New Messages"]},"$x":[{"t":"idOrVar","v":"plural"},"n"]},{"$i":"notification-no-subject","$v":"(no subject)"},{"$i":"new-emails-notify-one-account","$v":{"one":"អ៊ីមែល​ថ្មី ១","two":["មាន​អ៊ីមែល​ថ្មី ",{"t":"idOrVar","v":"n"}],"few":["មាន​អ៊ីមែល​ថ្មី ",{"t":"idOrVar","v":"n"}],"many":["មាន​អ៊ីមែល​ថ្មី ",{"t":"idOrVar","v":"n"}],"other":["អ៊ីមែល​ថ្មី ",{"t":"idOrVar","v":"n"}]},"$x":[{"t":"idOrVar","v":"plural"},"n"]},{"$i":"new-emails-notify-multiple-accounts","$v":{"one":["អ៊ីមែលថ្មី 1 (",{"t":"idOrVar","v":"accountName"},")"],"two":["អ៊ីមែល​ថ្មី ",{"t":"idOrVar","v":"n"}," (",{"t":"idOrVar","v":"accountName"},")"],"few":["អ៊ីមែល​ថ្មី ",{"t":"idOrVar","v":"n"}," (",{"t":"idOrVar","v":"accountName"},")"],"many":[{"t":"idOrVar","v":"n"}," អ៊ីមែល​ថ្មី (",{"t":"idOrVar","v":"accountName"},")"],"other":[{"t":"idOrVar","v":"n"}," អ៊ីមែល​ថ្មី (",{"t":"idOrVar","v":"accountName"},")"]},"$x":[{"t":"idOrVar","v":"plural"},"n"]},{"$i":"new-emails-notify-multiple-accounts-body","$v":[{"t":"idOrVar","v":"from"}," “",{"t":"idOrVar","v":"subject"},"”"]},{"$i":"tng-plain-socket-warning-title","$v":"តើ​អ្នក​ប្រាកដ​ហើយ​ឬ?"},{"$i":"tng-plain-socket-warning-message","$v":"Other people may be able to see your passwords and emails or control your account."},{"$i":"tng-plain-socket-warning-message-options","$v":"There are multiple, free email providers that offer more secure, encrypted connections."},{"$i":"tng-plain-socket-learn-more","$v":"Learn more"},{"$i":"tng-plain-socket-warning-ok","$v":"I understand"},{"$i":"message-reader-next-button","ariaLabel":"Next"},{"$i":"message-reader-previous-button","ariaLabel":"Previous"},{"$i":"message-reader-date-received","ariaLabel":"Received"},{"$i":"weekday-0-long","$v":"អាទិត្យ"},{"$i":"weekday-1-long","$v":"ច័ន្ទ"},{"$i":"weekday-2-long","$v":"អង្គារ"},{"$i":"weekday-3-long","$v":"ពុធ"},{"$i":"weekday-4-long","$v":"ព្រហស្បតិ៍"},{"$i":"weekday-5-long","$v":"សុក្រ"},{"$i":"weekday-6-long","$v":"សៅរ៍"},{"$i":"weekday-0-short","$v":"អាទិត្យ"},{"$i":"weekday-1-short","$v":"ច័ន្ទ"},{"$i":"weekday-2-short","$v":"អង្គារ"},{"$i":"weekday-3-short","$v":"ពុធ"},{"$i":"weekday-4-short","$v":"ព្រហស្បតិ៍"},{"$i":"weekday-5-short","$v":"សុក្រ"},{"$i":"weekday-6-short","$v":"សៅរ៍"},{"$i":"month-0-long","$v":"មករា"},{"$i":"month-1-long","$v":"កុម្ភៈ"},{"$i":"month-2-long","$v":"មីនា"},{"$i":"month-3-long","$v":"មេសា"},{"$i":"month-4-long","$v":"ឧសភា"},{"$i":"month-5-long","$v":"មិថុនា"},{"$i":"month-6-long","$v":"កក្កដា"},{"$i":"month-7-long","$v":"សីហា"},{"$i":"month-8-long","$v":"កញ្ញា"},{"$i":"month-9-long","$v":"តុលា"},{"$i":"month-10-long","$v":"វិច្ឆិកា"},{"$i":"month-11-long","$v":"ធ្នូ"},{"$i":"month-0-genitive","$v":"មករា"},{"$i":"month-1-genitive","$v":"កុម្ភៈ"},{"$i":"month-2-genitive","$v":"មីនា"},{"$i":"month-3-genitive","$v":"មេសា"},{"$i":"month-4-genitive","$v":"ឧសភា"},{"$i":"month-5-genitive","$v":"មិថុនា"},{"$i":"month-6-genitive","$v":"កក្កដា"},{"$i":"month-7-genitive","$v":"សីហា"},{"$i":"month-8-genitive","$v":"កញ្ញា"},{"$i":"month-9-genitive","$v":"តុលា"},{"$i":"month-10-genitive","$v":"វិច្ឆិកា"},{"$i":"month-11-genitive","$v":"ធ្នូ"},{"$i":"month-0-short","$v":"មករា"},{"$i":"month-1-short","$v":"កុម្ភៈ"},{"$i":"month-2-short","$v":"មីនា"},{"$i":"month-3-short","$v":"មេសា"},{"$i":"month-4-short","$v":"ឧសភា"},{"$i":"month-5-short","$v":"មិថុនា"},{"$i":"month-6-short","$v":"កក្កដា"},{"$i":"month-7-short","$v":"សីហា"},{"$i":"month-8-short","$v":"កញ្ញា"},{"$i":"month-9-short","$v":"តុលា"},{"$i":"month-10-short","$v":"វិច្ឆិកា"},{"$i":"month-11-short","$v":"ធ្នូ"},{"$i":"minutes-ago-long","$v":{"zero":"អម្បាញ់មិញនេះ","one":"មួយ​នាទី​មុន","two":[{"t":"idOrVar","v":"value"}," នាទី​មុន"],"few":[{"t":"idOrVar","v":"value"}," នាទី​មុន"],"many":[{"t":"idOrVar","v":"value"}," នាទី​មុន"],"other":[{"t":"idOrVar","v":"value"}," នាទី​មុន"]},"$x":[{"t":"idOrVar","v":"plural"},"value"]},{"$i":"hours-ago-long","$v":{"zero":"អម្បាញ់មិញនេះ","one":"មួយ​ម៉ោង​មុន","two":[{"t":"idOrVar","v":"value"}," ម៉ោង​មុន"],"few":[{"t":"idOrVar","v":"value"}," ម៉ោង​មុន"],"many":[{"t":"idOrVar","v":"value"}," ម៉ោង​មុន"],"other":[{"t":"idOrVar","v":"value"}," ម៉ោង​មុន"]},"$x":[{"t":"idOrVar","v":"plural"},"value"]},{"$i":"days-ago-long","$v":{"zero":"ថ្ងៃ​នេះ","one":"ម្សិលមិញ","two":[{"t":"idOrVar","v":"value"}," ថ្ងៃ​មុន"],"few":[{"t":"idOrVar","v":"value"}," ថ្ងៃ​មុន"],"many":[{"t":"idOrVar","v":"value"}," ថ្ងៃ​មុន"],"other":[{"t":"idOrVar","v":"value"}," ថ្ងៃ​មុន"]},"$x":[{"t":"idOrVar","v":"plural"},"value"]},{"$i":"weeks-ago-long","$v":{"zero":"សប្ដាហ៍​នេះ","one":"សប្ដាហ៍​មុន","two":[{"t":"idOrVar","v":"value"}," សប្ដាហ៍​មុន"],"few":[{"t":"idOrVar","v":"value"}," សប្ដាហ៍​មុន"],"many":[{"t":"idOrVar","v":"value"}," សប្ដាហ៍​មុន"],"other":[{"t":"idOrVar","v":"value"}," សប្ដាហ៍​មុន"]},"$x":[{"t":"idOrVar","v":"plural"},"value"]},{"$i":"months-ago-long","$v":{"zero":"ខែ​នេះ","one":"ខែ​មុន","two":[{"t":"idOrVar","v":"value"}," ខែ​មុន"],"few":[{"t":"idOrVar","v":"value"}," ខែ​មុន"],"many":[{"t":"idOrVar","v":"value"}," ខែ​មុន"],"other":[{"t":"idOrVar","v":"value"}," ខែ​មុន"]},"$x":[{"t":"idOrVar","v":"plural"},"value"]},{"$i":"years-ago-long","$v":{"zero":"ឆ្នាំនេះ","one":"ឆ្នាំ​មុន","two":[{"t":"idOrVar","v":"value"}," ឆ្នាំ​មុន"],"few":[{"t":"idOrVar","v":"value"}," ឆ្នាំ​មុន"],"many":[{"t":"idOrVar","v":"value"}," ឆ្នាំ​មុន"],"other":[{"t":"idOrVar","v":"value"}," ឆ្នាំ​មុន"]},"$x":[{"t":"idOrVar","v":"plural"},"value"]},{"$i":"minutes-until-long","$v":{"zero":"ឥឡូវ","one":"ក្នុង​ពេល​មួយ​នាទី","two":["ក្នុង​ពេល ",{"t":"idOrVar","v":"value"}," នាទី"],"few":["ក្នុង​ពេល ",{"t":"idOrVar","v":"value"}," នាទី"],"many":["ក្នុង​ពេល​ ",{"t":"idOrVar","v":"value"}," នាទី​"],"other":["ក្នុង​ពេល ",{"t":"idOrVar","v":"value"}," នាទី"]},"$x":[{"t":"idOrVar","v":"plural"},"value"]},{"$i":"hours-until-long","$v":{"zero":"ឥឡូវ","one":"ក្នុង​រយៈពេល​១​ម៉ោង","two":["ក្នុង​ពេល​​ ",{"t":"idOrVar","v":"value"}," ម៉ោង"],"few":["ក្នុង​ពេល​​ ",{"t":"idOrVar","v":"value"}," ម៉ោង"],"many":["ក្នុង​ពេល​​ ",{"t":"idOrVar","v":"value"}," ម៉ោង"],"other":["ក្នុង​ពេល​​ ",{"t":"idOrVar","v":"value"}," ម៉ោង"]},"$x":[{"t":"idOrVar","v":"plural"},"value"]},{"$i":"days-until-long","$v":{"zero":"ថ្ងៃ​នេះ","one":"ថ្ងៃស្អែក","two":["ក្នុង​ពេល​​ ",{"t":"idOrVar","v":"value"}," ថ្ងៃ"],"few":["ក្នុង​ពេល​​ ",{"t":"idOrVar","v":"value"}," ថ្ងៃ"],"many":["ក្នុង​ពេល​​ ",{"t":"idOrVar","v":"value"}," ថ្ងៃ"],"other":["ក្នុង​ពេល​​ ",{"t":"idOrVar","v":"value"}," ថ្ងៃ"]},"$x":[{"t":"idOrVar","v":"plural"},"value"]},{"$i":"weeks-until-long","$v":{"zero":"សប្ដាហ៍​នេះ","one":"សប្ដាហ៍​ក្រោយ","two":["ក្នុង​ពេល ",{"t":"idOrVar","v":"value"}," សប្ដាហ៍"],"few":["ក្នុង​ពេល ",{"t":"idOrVar","v":"value"}," សប្ដាហ៍"],"many":["ក្នុង​ពេល ",{"t":"idOrVar","v":"value"}," សប្ដាហ៍"],"other":["ក្នុង​ពេល ",{"t":"idOrVar","v":"value"}," សប្ដាហ៍"]},"$x":[{"t":"idOrVar","v":"plural"},"value"]},{"$i":"months-until-long","$v":{"zero":"ខែ​នេះ","one":"ខែ​ក្រោយ","two":["ក្នុង​ពេល ",{"t":"idOrVar","v":"value"}," ខែ"],"few":["ក្នុង​ពេល ",{"t":"idOrVar","v":"value"}," ខែ"],"many":["ក្នុង​ពេល ",{"t":"idOrVar","v":"value"}," ខែ"],"other":["ក្នុង​ពេល ",{"t":"idOrVar","v":"value"}," ខែ"]},"$x":[{"t":"idOrVar","v":"plural"},"value"]},{"$i":"years-until-long","$v":{"zero":"ឆ្នាំនេះ","one":"ឆ្នាំ​ក្រោយ","two":["ក្នុង​ពេល ",{"t":"idOrVar","v":"value"}," ឆ្នាំ"],"few":["ក្នុង​ពេល ",{"t":"idOrVar","v":"value"}," ឆ្នាំ"],"many":["ក្នុង​ពេល ",{"t":"idOrVar","v":"value"}," ឆ្នាំ"],"other":["ក្នុង​ពេល ",{"t":"idOrVar","v":"value"}," ឆ្នាំ"]},"$x":[{"t":"idOrVar","v":"plural"},"value"]},{"$i":"minutes-ago-short","$v":{"zero":"អម្បាញ់មិញនេះ","other":[{"t":"idOrVar","v":"value"},"នាទី​មុន"]},"$x":[{"t":"idOrVar","v":"plural"},"value"]},{"$i":"hours-ago-short","$v":{"zero":"អម្បាញ់មិញនេះ","other":[{"t":"idOrVar","v":"value"},"ម៉ោង​មុន"]},"$x":[{"t":"idOrVar","v":"plural"},"value"]},{"$i":"days-ago-short","$v":{"zero":"ថ្ងៃ​នេះ","other":[{"t":"idOrVar","v":"value"},"ថ្ងៃ​មុន"]},"$x":[{"t":"idOrVar","v":"plural"},"value"]},{"$i":"minutes-until-short","$v":{"zero":"ឥឡូវ","other":["ក្នុង​ពេល ",{"t":"idOrVar","v":"value"},"នាទី"]},"$x":[{"t":"idOrVar","v":"plural"},"value"]},{"$i":"hours-until-short","$v":{"zero":"ឥឡូវ","other":["ក្នុង​ពេល ",{"t":"idOrVar","v":"value"},"ម៉ោង"]},"$x":[{"t":"idOrVar","v":"plural"},"value"]},{"$i":"days-until-short","$v":{"zero":"ថ្ងៃ​នេះ","other":["ក្នុង​ពេល ",{"t":"idOrVar","v":"value"},"ថ្ងៃ"]},"$x":[{"t":"idOrVar","v":"plural"},"value"]},{"$i":"incorrectDate","$v":"(កាលបរិច្ឆេទ​មិន​ត្រឹមត្រូវ)"},{"$i":"dateTimeFormat_%c","$v":"%a %b %e %Y %I:%M:%S %p"},{"$i":"dateTimeFormat_%x","$v":"%m/%d/%Y"},{"$i":"dateTimeFormat_%X","$v":"%I:%M:%S %p"},{"$i":"shortTimeFormat","$v":"%I:%M %p"},{"$i":"shortTimeFormat12","$v":"%I:%M %p"},{"$i":"shortTimeFormat24","$v":"%H:%M"},{"$i":"shortDateTimeFormat","$v":"%x %I:%M %p"},{"$i":"weekStartsOnMonday","$v":"0"},{"$i":"firstDayOfTheWeek","$v":"0"},{"$i":"time_am","$v":"ព្រឹក"},{"$i":"time_pm","$v":"PM"}]