[{"$i":"back-button","ariaLabel":"Back"},{"$i":"close-button","ariaLabel":"Close"},{"$i":"setup-app-name-header","$v":"메일"},{"$i":"setup-empty-account-message","$v":"You are not set up to send or receive email. Set up an account to complete the action."},{"$i":"setup-pick-service","$v":"계정을 설정하면 이메일을 보내고 받을 수 있습니다."},{"$i":"setup-account-header3","$v":"신규 설정"},{"$i":"setup-account-enter-password","$v":"비밀번호 입력:"},{"$i":"setup-info-name","placeholder":"이름"},{"$i":"setup-info-email","placeholder":"someone@example.com"},{"$i":"setup-info-password","placeholder":"암호"},{"$i":"setup-info-next","$v":"다음"},{"$i":"setup-progress-wait-msg","$v":"계정 설정 중..."},{"$i":"setup-completed-header","$v":"계정 설정 완료"},{"$i":"setup-completed-label","$v":"모두 완료!"},{"$i":"setup-add-another-account","$v":"다른 계정 추가"},{"$i":"setup-show-mail","$v":"메일 보기"},{"$i":"setup-error-offline","$v":"이 기기는 현재 오프라인입니다. 네트워크에 연결하고 다시 시도해 주십시오."},{"$i":"setup-error-bad-user-or-pass2","$v":"사용자명이나 암호가 유효하지 않습니다. 오타가 있는지 확인해 보십시오."},{"$i":"setup-error-bad-address","$v":"유효하지 않는 메일 주소입니다. 오자가 없는지 확인해 주십시오."},{"$i":"setup-error-not-authorized","$v":"사용자가 계정을 만들 허가를 받지 않았다고 서버에서 응답함"},{"$i":"setup-error-pop-server-not-great","$v":"지원하지 않는 서버입니다. POP3 서버로서 요구 기능을 가지고 있지 않습니다."},{"$i":"setup-error-unknown2","$v":"알 수 없는 오류가 발생했습니다. 네트워크 연결을 확인해보시거나 수동으로 설정해 보십시오."},{"$i":"setup-error-needs-app-pass","$v":"Gmail 계정에서 기기 인증 암호를 넣어야 함"},{"$i":"setup-error-imap-disabled","$v":"Gmail 계정에 IMAP 기능을 사용해야 함"},{"$i":"setup-error-pop3-disabled","$v":"Gmail 계정에 POP3 기능을 사용해야 함"},{"$i":"setup-error-bad-security","$v":["\"",{"t":"idOrVar","v":"server"},"\"와 보안 연결을 할 수 없습니다. 네트워크나 서버의 문제일 수 있습니다."]},{"$i":"setup-error-unresponsive-server","$v":["\"",{"t":"idOrVar","v":"server"},"\"와 연결을 할 수 없습니다. 네트워크나 서버의 문제일 수 있습니다."]},{"$i":"setup-error-server-problem","$v":["\"",{"t":"idOrVar","v":"server"},"\"와 연결하는 데 문제가 있습니다. 나중에 다시 시도해 보십시오."]},{"$i":"setup-error-no-config-info","$v":"계정을 자동으로 설정할 수 없습니다. 이메일 주소를 올바르게 고치거나 수동으로 설정해 보십시오."},{"$i":"setup-error-server-maintenance","$v":["\"",{"t":"idOrVar","v":"server"},"\" 서버가 점검을 위해 오프라인입니다. 나중에 다시 시도해 보십시오."]},{"$i":"setup-error-account-already-exists","$v":"이 계정은 이미 설정되어있는 계정입니다."},{"$i":"setup-manual-config2","$v":"수동으로 설정"},{"$i":"setup-manual-config-header","$v":"수동 설정"},{"$i":"setup-manual-account-type","$v":"계정 종류"},{"$i":"setup-manual-account-type-select","ariaLabel":"Account type"},{"$i":"setup-manual-imap-header","$v":"IMAP 설정"},{"$i":"setup-manual-pop3-header","$v":"POP3 설정"},{"$i":"setup-manual-smtp-header","$v":"SMTP 설정"},{"$i":"setup-manual-activesync-header","$v":"ActiveSync 설정"},{"$i":"setup-manual-next","$v":"다음"},{"$i":"setup-manual-socket","$v":"소켓 형식"},{"$i":"setup-manual-socket-ssl","$v":"SSL"},{"$i":"setup-manual-socket-starttls","$v":"STARTTLS"},{"$i":"setup-manual-socket-select","ariaLabel":"Connection security"},{"$i":"setup-manual-socket-plain","$v":"Unencrypted (insecure)"},{"$i":"setup-manual-hostname","placeholder":"호스트명"},{"$i":"setup-manual-port","placeholder":"포트 번호"},{"$i":"setup-manual-username","placeholder":"사용자명"},{"$i":"setup-manual-activesync-username","placeholder":"도메인\\사용자명"},{"$i":"setup-bad-password-header","$v":"잘못된 암호!"},{"$i":"setup-bad-password","$v":"서버에 로그인을 하지 못했습니다. 올바른 암호입니까?"},{"$i":"setup-new-password","placeholder":"새 암호"},{"$i":"setup-fix-password","$v":"새 암호로 재시도"},{"$i":"setup-gmail-twofactor-header","$v":"기기 인증 설정"},{"$i":"setup-gmail-twofactor-message","$v":"애플리케이션 특정 암호를 아래에 입력하십시오."},{"$i":"setup-gmail-twofactor-fix","$v":"애플리케이션 특정 암호 사용"},{"$i":"setup-gmail-imap-header","$v":"IMAP 꺼짐"},{"$i":"setup-gmail-imap-message","$v":"Gmail 계정에서 IMAP을 켜야 합니다."},{"$i":"setup-gmail-imap-retry","$v":"다시 시도"},{"$i":"setup-gmail-pop3-header","$v":"POP3 꺼짐"},{"$i":"setup-gmail-pop3-message","$v":"Gmail 계정에서 POP3를 켜야 합니다."},{"$i":"setup-gmail-pop3-retry","$v":"다시 시도"},{"$i":"setup-fix-oauth2-header","$v":"이메일 재승인"},{"$i":"setup-fix-oauth2-description","$v":"다음 계정에 접근하기 위해서 이메일 재승인 필요:"},{"$i":"setup-fix-oauth2-reauthorize","$v":"재승인"},{"$i":"settings-main-header","$v":"메일 설정"},{"$i":"settings-sub-header-account","$v":"계정"},{"$i":"settings-account-group","ariaLabel":"Account"},{"$i":"settings-account-name","$v":"이름"},{"$i":"settings-account-display-notifications","$v":"새 메일 알림 표시"},{"$i":"settings-account-play-sound-onsend","$v":"메시지 전송 후 소리 재생"},{"$i":"settings-empty-signature-label","$v":"탭해서 나가기"},{"$i":"settings-account-signature-label","$v":"서명"},{"$i":"settings-account-signature-textbox","ariaLabel":"Signature"},{"$i":"signature-save","$v":"서명 저장"},{"$i":"signature-discard-confirm","$v":"취소"},{"$i":"settings-sub-header-data","$v":"데이터"},{"$i":"settings-data-group","ariaLabel":"Data"},{"$i":"settings-account-check-mail","$v":"새 메일 확인"},{"$i":"settings-account-check-mail-select","ariaLabel":"Check for new messages"},{"$i":"settings-sub-header-server","$v":"서버 설정"},{"$i":"settings-server-group","ariaLabel":"Server settings"},{"$i":"settings-account-userpass","$v":"사용자 계정과 암호"},{"$i":"settings-account-useroauth2","$v":"사용자이름"},{"$i":"settings-default-signature-2","$v":"Firefox OS에서 보냄"},{"$i":"settings-done","$v":"완료"},{"$i":"settings-account-section","$v":"계정"},{"$i":"settings-account-listbox","ariaLabel":"Accounts"},{"$i":"settings-account-add","$v":"계정 추가"},{"$i":"settings-account-delete","$v":"계정 삭제"},{"$i":"settings-account-delete-prompt","$v":["정말 ",{"t":"idOrVar","v":"account"}," 메일 계정을 삭제하시겠습니까? 계정을 다시 만들면 메일을 모두 다시 다운로드 해야 합니다."]},{"$i":"settings-account-delete-cancel","$v":"취소"},{"$i":"settings-account-delete-confirm","$v":"삭제"},{"$i":"settings-account-clarify-imap","$v":[{"t":"idOrVar","v":"account-name"}," (IMAP)"]},{"$i":"settings-account-clarify-pop3","$v":[{"t":"idOrVar","v":"account-name"}," (POP3)"]},{"$i":"settings-account-clarify-smtp","$v":[{"t":"idOrVar","v":"account-name"}," (SMTP)"]},{"$i":"settings-general-section","$v":"일반 설정"},{"$i":"settings-show-images","$v":"이미지 항상 보기"},{"$i":"settings-download-attachments","$v":"첨부 파일 다운로드"},{"$i":"settings-check-every-5min","$v":"5분마다"},{"$i":"settings-check-every-10min","$v":"10분마다"},{"$i":"settings-check-every-15min","$v":"15분마다"},{"$i":"settings-check-every-30min","$v":"30분마다"},{"$i":"settings-check-every-60min","$v":"60분마다"},{"$i":"settings-check-every-manual","$v":"수동으로"},{"$i":"settings-check-dynamic","$v":{"zero":"초","one":[{"t":"idOrVar","v":"n"},"초"],"two":[{"t":"idOrVar","v":"n"},"초"],"few":[{"t":"idOrVar","v":"n"},"초"],"many":[{"t":"idOrVar","v":"n"},"초"],"other":[{"t":"idOrVar","v":"n"},"초"]},"$x":[{"t":"idOrVar","v":"plural"},"n"]},{"$i":"settings-default-account","$v":"기본 계정"},{"$i":"settings-account-type","$v":"계정 형식"},{"$i":"settings-account-credentials","$v":"보증서"},{"$i":"settings-activesync-label","$v":"ActiveSync 설정"},{"$i":"settings-imap-label","$v":"IMAP 설정"},{"$i":"settings-pop3-label","$v":"POP3 설정"},{"$i":"settings-smtp-label","$v":"SMTP 설정"},{"$i":"settings-hostname","$v":"호스트명"},{"$i":"settings-port","$v":"포트"},{"$i":"settings-username","$v":"사용자명"},{"$i":"settings-password","$v":"암호"},{"$i":"settings-save","$v":"저장"},{"$i":"settings-password-empty","$v":"암호 비어있음"},{"$i":"settings-reauth","$v":"재승인"},{"$i":"settings-account-synchronize-window","$v":"동기화 주기"},{"$i":"settings-account-synchronize-window-select","ariaLabel":"Days to sync"},{"$i":"settings-synchronize-auto","$v":"자동"},{"$i":"settings-synchronize-one-day","$v":"매일"},{"$i":"settings-synchronize-three-days","$v":"삼일"},{"$i":"settings-synchronize-one-week","$v":"한 주"},{"$i":"settings-synchronize-two-weeks","$v":"두 주"},{"$i":"settings-synchronize-one-month","$v":"한 달"},{"$i":"settings-synchronize-all","$v":"메시지 전체"},{"$i":"envelope-from","$v":"보낸 사람"},{"$i":"envelope-to","$v":"받는 사람"},{"$i":"envelope-cc","$v":"참조"},{"$i":"envelope-bcc","$v":"숨은 참조"},{"$i":"message-header-state-sending","ariaLabel":"Sending"},{"$i":"message-header-state-error","ariaLabel":"Error sending"},{"$i":"message-header-unread","ariaLabel":"Unread"},{"$i":"message-header-starred","ariaLabel":"Has star"},{"$i":"message-header-attachments","ariaLabel":"Has attachments"},{"$i":"message-body-container","ariaLabel":"Message body"},{"$i":"message-body-container-progress","ariaValueText":"Loading"},{"$i":"subject","ariaLabel":"Subject"},{"$i":"message-delete-button","ariaLabel":"Delete"},{"$i":"message-star-button","ariaLabel":"Add star"},{"$i":"message-unstar-button","ariaLabel":"Remove star"},{"$i":"message-mark-read-button","ariaLabel":"Mark read"},{"$i":"message-mark-unread-button","ariaLabel":"Mark unread"},{"$i":"message-move-button","ariaLabel":"Move"},{"$i":"message-reply-forward-button","ariaLabel":"Reply or forward"},{"$i":"download-button","ariaLabel":"Download"},{"$i":"downloading-progress","ariaValueText":"Downloading"},{"$i":"view-button","ariaLabel":"View"},{"$i":"attachments-container","ariaLabel":"Attachments"},{"$i":"from-group","ariaLabel":"From"},{"$i":"to-group","ariaLabel":"To"},{"$i":"cc-group","ariaLabel":"cc"},{"$i":"bcc-group","ariaLabel":"bcc"},{"$i":"compose-header","$v":"메시지 쓰기"},{"$i":"compose-header-short","$v":"쓰기"},{"$i":"compose-send","$v":"보내기"},{"$i":"compose-send-button","ariaLabel":"Send"},{"$i":"compose-to","$v":"받는 사람"},{"$i":"compose-cc","$v":"참조"},{"$i":"compose-bcc","$v":"숨은 참조"},{"$i":"compose-contact-add","ariaLabel":"Add contact"},{"$i":"compose-attachments-container","ariaLabel":{"$x":[{"t":"idOrVar","v":"plural"},"kilobytes"],"$v":{"zero":"Attachments","one":["Attachments: ",{"t":"idOrVar","v":"kilobytes"},"K"],"two":["Attachments: ",{"t":"idOrVar","v":"kilobytes"},"K"],"few":["Attachments: ",{"t":"idOrVar","v":"kilobytes"},"K"],"many":["Attachments: ",{"t":"idOrVar","v":"kilobytes"},"K"],"other":["Attachments: ",{"t":"idOrVar","v":"kilobytes"},"K"]}}},{"$i":"compose-attachment-remove","ariaLabel":"Remove"},{"$i":"compose-attachment-button","ariaLabel":"Attach"},{"$i":"compose-attachments","$v":{"zero":"첨부","one":[{"t":"idOrVar","v":"n"},"개 첨부됨"],"two":[{"t":"idOrVar","v":"n"},"개 첨부됨"],"few":[{"t":"idOrVar","v":"n"},"개 첨부됨"],"many":[{"t":"idOrVar","v":"n"},"개 첨부됨"],"other":[{"t":"idOrVar","v":"n"},"개 첨부됨"]},"$x":[{"t":"idOrVar","v":"plural"},"n"]},{"$i":"compose-text","ariaLabel":"Edit"},{"$i":"compose-attachment-still-working","$v":"이전 첨부파일을 처리중입니다. 잠시만 기다려주세요..."},{"$i":"compose-subject","$v":"제목"},{"$i":"compose-draft-save","$v":"임시 저장"},{"$i":"compose-discard-confirm","$v":"취소"},{"$i":"compose-send-message-failed","$v":"이메일 보내기 실패"},{"$i":"composer-attachment-large","$v":"첨부 파일 너무 큼"},{"$i":"composer-attachments-large","$v":"첨부 파일 너무 큼"},{"$i":"compose-attchment-size-exceeded","$v":"선택한 첨부 파일이 너무 커서 이메일을 보낼 수 없습니다."},{"$i":"compose-attchments-size-exceeded","$v":"선택한 첨부 파일이 너무 커서 이메일을 보낼 수 없습니다. 파일 개수를 줄여 보세요."},{"$i":"dialog-button-ok","$v":"예"},{"$i":"default-attachment-filename","$v":["첨부파일-",{"t":"idOrVar","v":"n"}]},{"$i":"attachment-size-kib","$v":[{"t":"idOrVar","v":"kilobytes"},"K"]},{"$i":"message-attachment-view","$v":"보기"},{"$i":"message-attachment-did-not-open-label","$v":"Unable to open"},{"$i":"message-attachment-did-not-open-body","$v":"The device does not have an app that can open the attachment."},{"$i":"message-attachment-too-large","$v":"파일이 너무 커서 다운로드 할 수 없습니다."},{"$i":"message-no-subject","$v":"(제목 없음)"},{"$i":"message-edit-menu-edit","$v":"수정"},{"$i":"message-edit-menu-delete","$v":"삭제"},{"$i":"message-edit-delete-confirm","$v":"이메일 메시지를 삭제하시겠습니까?"},{"$i":"message-send-attachment-disabled-confirm","$v":"첨부 파일을 전달 할 수 없습니다."},{"$i":"message-multiedit-header","$v":{"zero":"편집","one":[{"t":"idOrVar","v":"n"},"개 선택됨"],"two":[{"t":"idOrVar","v":"n"},"개 선택됨"],"few":[{"t":"idOrVar","v":"n"},"개 선택됨"],"many":[{"t":"idOrVar","v":"n"},"개 선택됨"],"other":[{"t":"idOrVar","v":"n"},"개 선택됨"]},"$x":[{"t":"idOrVar","v":"plural"},"n"]},{"$i":"browse-to-url-prompt","$v":["다음 URL을 브라우저로 여시겠습니까?: ",{"t":"idOrVar","v":"url"}]},{"$i":"message-download-images-tap","$v":{"one":"이메일에는 이미지가 한 장 있습니다. 탭하면 다운로드됩니다.","two":["이메일에는 이미지가 ",{"t":"idOrVar","v":"n"},"장 있습니다. 탭하면 다운로드됩니다."],"few":["이메일에는 이미지가 ",{"t":"idOrVar","v":"n"},"장 있습니다. 탭하면 다운로드됩니다."],"many":["이메일에는 이미지가 ",{"t":"idOrVar","v":"n"},"장 있습니다. 탭하면 다운로드됩니다."],"other":["이메일에는 이미지가 ",{"t":"idOrVar","v":"n"},"장 있습니다. 탭하면 다운로드됩니다."]},"$x":[{"t":"idOrVar","v":"plural"},"n"]},{"$i":"message-show-external-images","$v":"외부 이미지 보이기"},{"$i":"message-multiedit-cancel","$v":"취소"},{"$i":"message-multiedit-delete-confirm","$v":{"one":"이메일 메시지를 삭제하시겠습니까?","two":"이메일 메시지 두 개를 삭제하시겠습니까?","few":["이메일 메시지 ",{"t":"idOrVar","v":"n"},"개를 삭제하시겠습니까?"],"many":["이메일 메시지 ",{"t":"idOrVar","v":"n"},"개를 삭제하시겠습니까?"],"other":["이메일 메시지 ",{"t":"idOrVar","v":"n"},"개를 삭제하시겠습니까?"]},"$x":[{"t":"idOrVar","v":"plural"},"n"]},{"$i":"message-large-message-cancel","$v":"취소"},{"$i":"message-large-message-ok","$v":"계속"},{"$i":"message-large-message-confirm","$v":"현재 메시지는 너무 커서 다운로드하는데 시간이 걸립니다."},{"$i":"message-search-from","$v":"보냄"},{"$i":"message-search-to","$v":"받음"},{"$i":"message-search-subject","$v":"제목"},{"$i":"message-search-body","$v":"본문"},{"$i":"message-search-all","$v":"모두"},{"$i":"message-search-input","placeholder":"메일 검색"},{"$i":"message-search-cancel","$v":"취소"},{"$i":"messages-syncing","$v":"메시지를 읽어오는 중"},{"$i":"messages-load-more","$v":"메시지 더 가져오기"},{"$i":"messages-folder-empty","$v":"메일이 없는 폴더"},{"$i":"messages-search-empty","$v":"로컬에 캐쉬된 메시지 가운데 일치하는 것 없음"},{"$i":"messages-folder-select","$v":"폴더 선택"},{"$i":"messages-folder-unread-max","$v":"999+"},{"$i":"message-contact-menu-create","$v":"새 연락처 저장"},{"$i":"message-contact-menu-add-existing","$v":"기존 연락처에 추가"},{"$i":"message-contact-menu-view","$v":"연락처 보기"},{"$i":"message-contact-menu-reply","$v":"회신"},{"$i":"message-contact-menu-new","$v":"새 메일 보내기"},{"$i":"message-reply-menu-reply","$v":"답장"},{"$i":"message-reply-menu-reply-all","$v":"모두에게 답장"},{"$i":"message-reply-menu-forward","$v":"전달"},{"$i":"message-reply-menu-cancel","$v":"취소"},{"$i":"reply-quoting-wrote","$v":"{name} 씀"},{"$i":"forward-original-message","$v":"원본 메시지"},{"$i":"forward-header-subject","$v":"제목"},{"$i":"forward-header-date","$v":"날짜"},{"$i":"forward-header-from","$v":"보낸 사람"},{"$i":"forward-header-reply-to","$v":"회신 주소"},{"$i":"forward-header-to","$v":"받는 사람"},{"$i":"forward-header-cc","$v":"참조"},{"$i":"folder-inbox","$v":"Inbox"},{"$i":"folder-sent","$v":"Sent"},{"$i":"folder-drafts","$v":"Drafts"},{"$i":"folder-trash","$v":"Trash"},{"$i":"folder-queue","$v":"Unsent"},{"$i":"folder-junk","$v":"Junk"},{"$i":"folder-archives","$v":"Archives"},{"$i":"folder-localdrafts","$v":"Local Drafts"},{"$i":"folder-outbox","$v":"Outbox"},{"$i":"drawer-back","$v":"뒤로"},{"$i":"drawer-accounts-header","$v":"계정"},{"$i":"drawer-settings-link","$v":"설정"},{"$i":"folder-last-synced-label","$v":"최종 동기화:"},{"$i":"messages-refresh-button","ariaLabel":"Refresh"},{"$i":"messages-refresh-progress","ariaValueText":"Refreshing"},{"$i":"edit-button","ariaLabel":"Edit"},{"$i":"message-list-top-action","$v":"위로"},{"$i":"message-list-menu","ariaLabel":"Folders and settings"},{"$i":"message-list-compose","ariaLabel":"Compose"},{"$i":"toaster-undo","$v":"실행 취소"},{"$i":"toaster-message-star","$v":{"one":"메시지 한 개를 표시함","two":["메시지 ",{"t":"idOrVar","v":"n"},"개를 표시함"],"few":["메시지 ",{"t":"idOrVar","v":"n"},"개를 표시함"],"many":["메시지 ",{"t":"idOrVar","v":"n"},"개를 표시함"],"other":["메시지 ",{"t":"idOrVar","v":"n"},"개를 표시함"]},"$x":[{"t":"idOrVar","v":"plural"},"n"]},{"$i":"toaster-message-unstar","$v":{"one":"메시지 한 개의 표시를 삭제함","two":["메시지 ",{"t":"idOrVar","v":"n"},"개의 표시를 삭제함"],"few":["메시지 ",{"t":"idOrVar","v":"n"},"개의 표시를 삭제함"],"many":["메시지 ",{"t":"idOrVar","v":"n"},"개의 표시를 삭제함"],"other":["메시지 ",{"t":"idOrVar","v":"n"},"개의 표시를 삭제함"]},"$x":[{"t":"idOrVar","v":"plural"},"n"]},{"$i":"toaster-message-read","$v":{"one":"메시지 한 개를 읽은 것으로 표시함","two":["메시지 ",{"t":"idOrVar","v":"n"},"개를 읽은 것으로 표시함"],"few":["메시지 ",{"t":"idOrVar","v":"n"},"개를 읽은 것으로 표시함"],"many":["메시지 ",{"t":"idOrVar","v":"n"},"개를 읽은 것으로 표시함"],"other":["메시지 ",{"t":"idOrVar","v":"n"},"개를 읽은 것으로 표시함"]},"$x":[{"t":"idOrVar","v":"plural"},"n"]},{"$i":"toaster-message-unread","$v":{"one":"메시지 한 개를 읽지 않은 것으로 표시함","two":["메시지 ",{"t":"idOrVar","v":"n"},"개를 읽지 않은 것으로 표시함"],"few":["메시지 ",{"t":"idOrVar","v":"n"},"개를 읽지 않은 것으로 표시함"],"many":["메시지 ",{"t":"idOrVar","v":"n"},"개를 읽지 않은 것으로 표시함"],"other":["메시지 ",{"t":"idOrVar","v":"n"},"개를 읽지 않은 것으로 표시함"]},"$x":[{"t":"idOrVar","v":"plural"},"n"]},{"$i":"toaster-message-move","$v":{"one":"메시지 한 개 옮김","two":["메시지 ",{"t":"idOrVar","v":"n"},"개 옮김"],"few":["메시지 ",{"t":"idOrVar","v":"n"},"개 옮김"],"many":["메시지 ",{"t":"idOrVar","v":"n"},"개 옮김"],"other":["메시지 ",{"t":"idOrVar","v":"n"},"개 옮김"]},"$x":[{"t":"idOrVar","v":"plural"},"n"]},{"$i":"toaster-message-delete","$v":{"one":"메시지 한 개 삭제함","two":["메시지 ",{"t":"idOrVar","v":"n"},"개 삭제함"],"few":["메시지 ",{"t":"idOrVar","v":"n"},"개 삭제함"],"many":["메시지 ",{"t":"idOrVar","v":"n"},"개 삭제함"],"other":["메시지 ",{"t":"idOrVar","v":"n"},"개 삭제함"]},"$x":[{"t":"idOrVar","v":"plural"},"n"]},{"$i":"toaster-retryable-syncfailed","$v":"서버에 연결할 수 없음"},{"$i":"compose-invalid-addresses-title","$v":"잘못된 주소"},{"$i":"compose-invalid-addresses-description","$v":"메시지에 한개 이상의 잘못된 이메일 주소가 있습니다. 이를 수정한 후에 보내주세요."},{"$i":"background-send-pending","$v":"네트워크가 끊겼습니다. 이메일은 보낸 편지함에 저장되었습니다."},{"$i":"background-send-sending","$v":"이메일 전송중…"},{"$i":"background-send-success","$v":"이메일이 전송되었습니다."},{"$i":"background-send-error","$v":"오류가 발생하였습니다. 이메일은 보낸 편지함에 저장되었습니다."},{"$i":"background-send-error-recipients","$v":"수신 오류가 발생하였습니다. 이메일은 보낸 편지함에 저장되었습니다."},{"$i":"background-send-error-title","$v":"메일 전송 실패"},{"$i":"send-failure-recipients","$v":"위에 있는 주소의 철자를 확인해 보세요. 이메일 서버가 위에 있는 주소중 한개 이상이 잘못되었다고 표시하였습니다."},{"$i":"send-failure-unknown","$v":"메시지를 보낼 수 없습니다."},{"$i":"form-clear-input","$v":"글 지우기"},{"$i":"confirm-dialog-title","$v":"확인"},{"$i":"senders-separation-sign","$v":", "},{"$i":"new-messages","$v":{"one":"새 메시지 1개","two":["새 메시지 ",{"t":"idOrVar","v":"n"},"개"],"few":["새 메시지 ",{"t":"idOrVar","v":"n"},"개"],"many":["새 메시지 ",{"t":"idOrVar","v":"n"},"개"],"other":["새 메시지 ",{"t":"idOrVar","v":"n"},"개"]},"$x":[{"t":"idOrVar","v":"plural"},"n"]},{"$i":"notification-no-subject","$v":"(no subject)"},{"$i":"new-emails-notify-one-account","$v":{"one":"새 메일 한개 ","two":["새 메일 ",{"t":"idOrVar","v":"n"},"개"],"few":["새 메일 ",{"t":"idOrVar","v":"n"},"개"],"many":["새 메일 ",{"t":"idOrVar","v":"n"},"개"],"other":["새 메일 ",{"t":"idOrVar","v":"n"},"개"]},"$x":[{"t":"idOrVar","v":"plural"},"n"]},{"$i":"new-emails-notify-multiple-accounts","$v":{"one":["새 메일 한 개(",{"t":"idOrVar","v":"accountName"},")"],"two":["새 메일 ",{"t":"idOrVar","v":"n"},"개 (",{"t":"idOrVar","v":"accountName"},")"],"few":["새 메일 ",{"t":"idOrVar","v":"n"},"개 (",{"t":"idOrVar","v":"accountName"},")"],"many":["새 메일 ",{"t":"idOrVar","v":"n"},"개 (",{"t":"idOrVar","v":"accountName"},")"],"other":["새 메일 ",{"t":"idOrVar","v":"n"},"개 (",{"t":"idOrVar","v":"accountName"},")"]},"$x":[{"t":"idOrVar","v":"plural"},"n"]},{"$i":"new-emails-notify-multiple-accounts-body","$v":[{"t":"idOrVar","v":"from"}," “",{"t":"idOrVar","v":"subject"},"”"]},{"$i":"tng-plain-socket-warning-title","$v":"Are you sure?"},{"$i":"tng-plain-socket-warning-message","$v":"Other people may be able to see your passwords and emails or control your account."},{"$i":"tng-plain-socket-warning-message-options","$v":"There are multiple, free email providers that offer more secure, encrypted connections."},{"$i":"tng-plain-socket-learn-more","$v":"Learn more"},{"$i":"tng-plain-socket-warning-ok","$v":"I understand"},{"$i":"message-reader-next-button","ariaLabel":"Next"},{"$i":"message-reader-previous-button","ariaLabel":"Previous"},{"$i":"message-reader-date-received","ariaLabel":"Received"},{"$i":"weekday-0-long","$v":"일요일"},{"$i":"weekday-1-long","$v":"월요일"},{"$i":"weekday-2-long","$v":"화요일"},{"$i":"weekday-3-long","$v":"수요일"},{"$i":"weekday-4-long","$v":"목요일"},{"$i":"weekday-5-long","$v":"금요일"},{"$i":"weekday-6-long","$v":"토요일"},{"$i":"weekday-0-short","$v":"일"},{"$i":"weekday-1-short","$v":"월"},{"$i":"weekday-2-short","$v":"화"},{"$i":"weekday-3-short","$v":"수"},{"$i":"weekday-4-short","$v":"목"},{"$i":"weekday-5-short","$v":"금"},{"$i":"weekday-6-short","$v":"토"},{"$i":"month-0-long","$v":"1월"},{"$i":"month-1-long","$v":"2월"},{"$i":"month-2-long","$v":"3월"},{"$i":"month-3-long","$v":"4월"},{"$i":"month-4-long","$v":"5월"},{"$i":"month-5-long","$v":"6월"},{"$i":"month-6-long","$v":"7월"},{"$i":"month-7-long","$v":"8월"},{"$i":"month-8-long","$v":"9월"},{"$i":"month-9-long","$v":"10월"},{"$i":"month-10-long","$v":"11월"},{"$i":"month-11-long","$v":"12월"},{"$i":"month-0-genitive","$v":"1월"},{"$i":"month-1-genitive","$v":"2월"},{"$i":"month-2-genitive","$v":"3월"},{"$i":"month-3-genitive","$v":"4월"},{"$i":"month-4-genitive","$v":"5월"},{"$i":"month-5-genitive","$v":"6월"},{"$i":"month-6-genitive","$v":"7월"},{"$i":"month-7-genitive","$v":"8월"},{"$i":"month-8-genitive","$v":"9월"},{"$i":"month-9-genitive","$v":"10월"},{"$i":"month-10-genitive","$v":"11월"},{"$i":"month-11-genitive","$v":"12월"},{"$i":"month-0-short","$v":"1월"},{"$i":"month-1-short","$v":"2월"},{"$i":"month-2-short","$v":"3월"},{"$i":"month-3-short","$v":"4월"},{"$i":"month-4-short","$v":"5월"},{"$i":"month-5-short","$v":"6월"},{"$i":"month-6-short","$v":"7월"},{"$i":"month-7-short","$v":"8월"},{"$i":"month-8-short","$v":"9월"},{"$i":"month-9-short","$v":"10월"},{"$i":"month-10-short","$v":"11월"},{"$i":"month-11-short","$v":"12월"},{"$i":"minutes-ago-long","$v":{"zero":"지금","one":"1분 전","two":[{"t":"idOrVar","v":"value"},"분 전"],"few":[{"t":"idOrVar","v":"value"},"분 전"],"many":[{"t":"idOrVar","v":"value"},"분 전"],"other":[{"t":"idOrVar","v":"value"},"분 전"]},"$x":[{"t":"idOrVar","v":"plural"},"value"]},{"$i":"hours-ago-long","$v":{"zero":"지금","one":"1시간 전","two":[{"t":"idOrVar","v":"value"},"시간 전"],"few":[{"t":"idOrVar","v":"value"},"시간 전"],"many":[{"t":"idOrVar","v":"value"},"시간 전"],"other":[{"t":"idOrVar","v":"value"},"시간 전"]},"$x":[{"t":"idOrVar","v":"plural"},"value"]},{"$i":"days-ago-long","$v":{"zero":"오늘","one":"어제","two":[{"t":"idOrVar","v":"value"},"일 전"],"few":[{"t":"idOrVar","v":"value"},"일 전"],"many":[{"t":"idOrVar","v":"value"},"일 전"],"other":[{"t":"idOrVar","v":"value"},"일 전"]},"$x":[{"t":"idOrVar","v":"plural"},"value"]},{"$i":"weeks-ago-long","$v":{"zero":"이번 주","one":"지난 주","two":[{"t":"idOrVar","v":"value"},"주 전"],"few":[{"t":"idOrVar","v":"value"},"주 전"],"many":[{"t":"idOrVar","v":"value"},"주 전"],"other":[{"t":"idOrVar","v":"value"},"주 전"]},"$x":[{"t":"idOrVar","v":"plural"},"value"]},{"$i":"months-ago-long","$v":{"zero":"이번 달","one":"지난 달","two":[{"t":"idOrVar","v":"value"},"개월 전"],"few":[{"t":"idOrVar","v":"value"},"개월 전"],"many":[{"t":"idOrVar","v":"value"},"개월 전"],"other":[{"t":"idOrVar","v":"value"},"개월 전"]},"$x":[{"t":"idOrVar","v":"plural"},"value"]},{"$i":"years-ago-long","$v":{"zero":"올해","one":"작년","two":[{"t":"idOrVar","v":"value"},"년 전"],"few":[{"t":"idOrVar","v":"value"},"년 전"],"many":[{"t":"idOrVar","v":"value"},"년 전"],"other":[{"t":"idOrVar","v":"value"},"년 전"]},"$x":[{"t":"idOrVar","v":"plural"},"value"]},{"$i":"minutes-until-long","$v":{"zero":"지금","one":"1분 후","two":[{"t":"idOrVar","v":"value"},"분 후"],"few":[{"t":"idOrVar","v":"value"},"분 후"],"many":[{"t":"idOrVar","v":"value"},"분 후"],"other":[{"t":"idOrVar","v":"value"},"분 후"]},"$x":[{"t":"idOrVar","v":"plural"},"value"]},{"$i":"hours-until-long","$v":{"zero":"지금","one":"한 시간 후","two":[{"t":"idOrVar","v":"value"},"시간 후"],"few":[{"t":"idOrVar","v":"value"},"시간 후"],"many":[{"t":"idOrVar","v":"value"},"시간 후"],"other":[{"t":"idOrVar","v":"value"},"시간 후"]},"$x":[{"t":"idOrVar","v":"plural"},"value"]},{"$i":"days-until-long","$v":{"zero":"오늘","one":"내일","two":[{"t":"idOrVar","v":"value"},"일 후"],"few":[{"t":"idOrVar","v":"value"},"일 후"],"many":[{"t":"idOrVar","v":"value"},"일 후"],"other":[{"t":"idOrVar","v":"value"},"일 후"]},"$x":[{"t":"idOrVar","v":"plural"},"value"]},{"$i":"weeks-until-long","$v":{"zero":"이번 주","one":"다음 주","two":[{"t":"idOrVar","v":"value"},"주 후"],"few":[{"t":"idOrVar","v":"value"},"주 후"],"many":[{"t":"idOrVar","v":"value"},"주 후"],"other":[{"t":"idOrVar","v":"value"},"주 후"]},"$x":[{"t":"idOrVar","v":"plural"},"value"]},{"$i":"months-until-long","$v":{"zero":"이번 달","one":"다음 달","two":[{"t":"idOrVar","v":"value"},"개월 후"],"few":[{"t":"idOrVar","v":"value"},"개월 후"],"many":[{"t":"idOrVar","v":"value"},"개월 후"],"other":[{"t":"idOrVar","v":"value"},"개월 후"]},"$x":[{"t":"idOrVar","v":"plural"},"value"]},{"$i":"years-until-long","$v":{"zero":"올해","one":"내년","two":[{"t":"idOrVar","v":"value"},"년 후"],"few":[{"t":"idOrVar","v":"value"},"년 후"],"many":[{"t":"idOrVar","v":"value"},"년 후"],"other":[{"t":"idOrVar","v":"value"},"년 후"]},"$x":[{"t":"idOrVar","v":"plural"},"value"]},{"$i":"minutes-ago-short","$v":{"zero":"지금","other":[{"t":"idOrVar","v":"value"},"분 전"]},"$x":[{"t":"idOrVar","v":"plural"},"value"]},{"$i":"hours-ago-short","$v":{"zero":"지금","other":[{"t":"idOrVar","v":"value"},"시간 전"]},"$x":[{"t":"idOrVar","v":"plural"},"value"]},{"$i":"days-ago-short","$v":{"zero":"오늘","other":[{"t":"idOrVar","v":"value"},"일 전"]},"$x":[{"t":"idOrVar","v":"plural"},"value"]},{"$i":"minutes-until-short","$v":{"zero":"지금","other":[{"t":"idOrVar","v":"value"},"분 후"]},"$x":[{"t":"idOrVar","v":"plural"},"value"]},{"$i":"hours-until-short","$v":{"zero":"지금","other":[{"t":"idOrVar","v":"value"},"시간 후"]},"$x":[{"t":"idOrVar","v":"plural"},"value"]},{"$i":"days-until-short","$v":{"zero":"오늘","other":[{"t":"idOrVar","v":"value"},"일 후"]},"$x":[{"t":"idOrVar","v":"plural"},"value"]},{"$i":"incorrectDate","$v":"(잘못된 날짜)"},{"$i":"dateTimeFormat_%c","$v":"%Y년 %B %e일 %a %I:%M:%S %p"},{"$i":"dateTimeFormat_%x","$v":"%Y/%m/%d"},{"$i":"dateTimeFormat_%X","$v":"%I:%M:%S %p"},{"$i":"shortTimeFormat","$v":"%I:%M %p"},{"$i":"shortTimeFormat12","$v":"%I:%M %p"},{"$i":"shortTimeFormat24","$v":"%H:%M"},{"$i":"shortDateTimeFormat","$v":"%x %I:%M %p"},{"$i":"weekStartsOnMonday","$v":"0"},{"$i":"firstDayOfTheWeek","$v":"0"},{"$i":"time_am","$v":"오전"},{"$i":"time_pm","$v":"오후"}]