[{"$i":"back-button","ariaLabel":"Back"},{"$i":"close-button","ariaLabel":"Close"},{"$i":"setup-app-name-header","$v":"El. paštas"},{"$i":"setup-empty-account-message","$v":"You are not set up to send or receive email. Set up an account to complete the action."},{"$i":"setup-pick-service","$v":"Norėdami siųsti ir gauti elektroninį paštą, turite užregistruoti paskyrą."},{"$i":"setup-account-header3","$v":"Nauja paskyra"},{"$i":"setup-account-enter-password","$v":"Įveskite slaptažodį:"},{"$i":"setup-info-name","placeholder":"Jūsų vardas"},{"$i":"setup-info-email","placeholder":"v.pavarde@pvz.lt"},{"$i":"setup-info-password","placeholder":"Slaptažodis"},{"$i":"setup-info-next","$v":"Toliau"},{"$i":"setup-progress-wait-msg","$v":"Paskyra kuriama"},{"$i":"setup-completed-header","$v":"Pašto paskyros kūrimas"},{"$i":"setup-completed-label","$v":"Atlikta!"},{"$i":"setup-add-another-account","$v":"Kurti naują paskyrą"},{"$i":"setup-show-mail","$v":"Eiti į gautųjų aplanką"},{"$i":"setup-error-offline","$v":"Šiuo metu neprisijungta prie interneto. Prisijunkite ir bandykite dar kartą."},{"$i":"setup-error-bad-user-or-pass2","$v":"Neteisingas abonento vardas arba slaptažodis. Patikslinkite ir bandykite dar kartą."},{"$i":"setup-error-bad-address","$v":"Neteisingas el. pašto adresas. Patikrinkite, ar jame nėra klaidų."},{"$i":"setup-error-not-authorized","$v":"Serveris informavo, jog jums neleista kurti paskyros"},{"$i":"setup-error-pop-server-not-great","$v":"Šis POP3 serveris nepalaikomas, nes jame nėra realizuotos visos reikalaujamos funkcijos."},{"$i":"setup-error-unknown2","$v":"Įvyko nežinoma klaida. Patikrinkite ryšį su internetu arba bandykite paskyrą suderinti rankiniu būdu."},{"$i":"setup-error-needs-app-pass","$v":"Su „Gmail“ paskyromis, reikalaujančiomis dviejų faktorių tapatybės tikrinimo, būtina naudoti specifinį programos slaptažodį"},{"$i":"setup-error-imap-disabled","$v":"Jūsų „Gmail“ paskyrai reikia įjungti IMAP palaikymą"},{"$i":"setup-error-pop3-disabled","$v":"Jūsų „Gmail“ paskyrai reikia įjungti POP3 palaikymą"},{"$i":"setup-error-bad-security","$v":["Su serveriu ",{"t":"idOrVar","v":"server"}," nepavyko užmegzti šifruoto ryšio. Gali būti, jog tai – jūsų tinklo arba serverio problema."]},{"$i":"setup-error-unresponsive-server","$v":["Su serveriu ",{"t":"idOrVar","v":"server"}," nepavyko užmegzti ryšio. Gali būti, jog tai – jūsų tinklo problema."]},{"$i":"setup-error-server-problem","$v":["Užmezgant ryšį su serveriu ",{"t":"idOrVar","v":"server"},", iškilo problema. Bandykite jungtis vėliau."]},{"$i":"setup-error-no-config-info","$v":"Jūsų paskyos automatiškai sukonfigūruoti nepavyko. Patikslinkite savo el. pašto adresą arba bandykite paskyrą suderinti rankiniu būdu."},{"$i":"setup-error-server-maintenance","$v":["Serveris ",{"t":"idOrVar","v":"server"}," šiuo metu atjungtas nuo tinklo ir tvarkomas. Bandykite jungtis vėliau."]},{"$i":"setup-error-account-already-exists","$v":"Ši paskyra jau sukonfigūruota."},{"$i":"setup-manual-config2","$v":"Rankinis derinimas"},{"$i":"setup-manual-config-header","$v":"Rankinis derinimas"},{"$i":"setup-manual-account-type","$v":"Paskyros tipas"},{"$i":"setup-manual-account-type-select","ariaLabel":"Account type"},{"$i":"setup-manual-imap-header","$v":"IMAP nuostatos"},{"$i":"setup-manual-pop3-header","$v":"POP3 nuostatos"},{"$i":"setup-manual-smtp-header","$v":"SMTP nuostatos"},{"$i":"setup-manual-activesync-header","$v":"„ActiveSync“ nuostatos"},{"$i":"setup-manual-next","$v":"Toliau"},{"$i":"setup-manual-socket","$v":"Prievado tipas"},{"$i":"setup-manual-socket-ssl","$v":"SSL"},{"$i":"setup-manual-socket-starttls","$v":"STARTTLS"},{"$i":"setup-manual-socket-select","ariaLabel":"Connection security"},{"$i":"setup-manual-socket-plain","$v":"Unencrypted (insecure)"},{"$i":"setup-manual-hostname","placeholder":"Serverio vardas"},{"$i":"setup-manual-port","placeholder":"Prievado numeris"},{"$i":"setup-manual-username","placeholder":"Abonento vardas"},{"$i":"setup-manual-activesync-username","placeholder":"Domenas\\Abonento vardas"},{"$i":"setup-bad-password-header","$v":"Blogas slaptažodis!"},{"$i":"setup-bad-password","$v":"Prie serverio prisijungti nepavyko. Galbūt įvedėte blogą slaptažodį?"},{"$i":"setup-new-password","placeholder":"Naujas slaptažodis"},{"$i":"setup-fix-password","$v":"Bandyti su nauju slaptažodžiu"},{"$i":"setup-gmail-twofactor-header","$v":"Įgalintas dviejų faktorių tapatybės tikrinimas"},{"$i":"setup-gmail-twofactor-message","$v":"Žemiau privalote įvesti specifinį šios programos slaptažodį."},{"$i":"setup-gmail-twofactor-fix","$v":"Naudoti programos slaptažodį"},{"$i":"setup-gmail-imap-header","$v":"IMAP neįjungtas"},{"$i":"setup-gmail-imap-message","$v":"Savo „Gmail“ paskyroje privalote įjungti IMAP protokolo palaikymą"},{"$i":"setup-gmail-imap-retry","$v":"Bandyti vėl"},{"$i":"setup-gmail-pop3-header","$v":"POP3 neįjungtas"},{"$i":"setup-gmail-pop3-message","$v":"Savo „Gmail“ paskyroje privalote įjungti POP3 protokolo palaikymą"},{"$i":"setup-gmail-pop3-retry","$v":"Bandyti vėl"},{"$i":"setup-fix-oauth2-header","$v":"Prieigos suteikimas"},{"$i":"setup-fix-oauth2-description","$v":"El. pašto programai reikia pakartotinai suteikti prieigą prie šios paskyros:"},{"$i":"setup-fix-oauth2-reauthorize","$v":"Suteikti prieigą"},{"$i":"settings-main-header","$v":"Pašto nuostatos"},{"$i":"settings-sub-header-account","$v":"Paskyra"},{"$i":"settings-account-group","ariaLabel":"Account"},{"$i":"settings-account-name","$v":"Jūsų vardas"},{"$i":"settings-account-display-notifications","$v":"Pranešti apie naujus laiškus"},{"$i":"settings-account-play-sound-onsend","$v":"Išsiuntus laišką, pranešti garsu"},{"$i":"settings-empty-signature-label","$v":"Bakstelėkite taisymui"},{"$i":"settings-account-signature-label","$v":"Parašas"},{"$i":"settings-account-signature-textbox","ariaLabel":"Signature"},{"$i":"signature-save","$v":"Įrašyti parašą"},{"$i":"signature-discard-confirm","$v":"Išmesti"},{"$i":"settings-sub-header-data","$v":"Duomenų perdavimas"},{"$i":"settings-data-group","ariaLabel":"Data"},{"$i":"settings-account-check-mail","$v":"Tikrinti, ar yra naujų laiškų"},{"$i":"settings-account-check-mail-select","ariaLabel":"Check for new messages"},{"$i":"settings-sub-header-server","$v":"Serverio nuostatos"},{"$i":"settings-server-group","ariaLabel":"Server settings"},{"$i":"settings-account-userpass","$v":"Abonento vardas ir slaptažodis"},{"$i":"settings-account-useroauth2","$v":"Abonento vardas"},{"$i":"settings-default-signature-2","$v":"Išsiųsta naudojantis „Firefox OS“"},{"$i":"settings-done","$v":"Baigta"},{"$i":"settings-account-section","$v":"Paskyros"},{"$i":"settings-account-listbox","ariaLabel":"Accounts"},{"$i":"settings-account-add","$v":"Kurti paskyrą"},{"$i":"settings-account-delete","$v":"Šalinti paskyrą"},{"$i":"settings-account-delete-prompt","$v":["Ar tikrai norite pašalinti ",{"t":"idOrVar","v":"account"}," el. pašto paskyrą? Jeigu ją sukursite iš naujo, laiškus turėsite atsisiųsti pakartotinai."]},{"$i":"settings-account-delete-cancel","$v":"Atsisakyti"},{"$i":"settings-account-delete-confirm","$v":"Šalinti"},{"$i":"settings-account-clarify-imap","$v":[{"t":"idOrVar","v":"account-name"}," (IMAP)"]},{"$i":"settings-account-clarify-pop3","$v":[{"t":"idOrVar","v":"account-name"}," (POP3)"]},{"$i":"settings-account-clarify-smtp","$v":[{"t":"idOrVar","v":"account-name"}," (SMTP)"]},{"$i":"settings-general-section","$v":"Bendrosios nuostatos"},{"$i":"settings-show-images","$v":"Visada rodyti paveikslus"},{"$i":"settings-download-attachments","$v":"Parsiųsti priedus"},{"$i":"settings-check-every-5min","$v":"Kas 5 minutes"},{"$i":"settings-check-every-10min","$v":"Kas 10 minučių"},{"$i":"settings-check-every-15min","$v":"Kas 15 minučių"},{"$i":"settings-check-every-30min","$v":"Kas 30 minučių"},{"$i":"settings-check-every-60min","$v":"Kas valandą"},{"$i":"settings-check-every-manual","$v":"Rankiniu būdu"},{"$i":"settings-check-dynamic","$v":{"zero":"Sekundės","one":["Kas ",{"t":"idOrVar","v":"n"}," sekundę"],"two":["Kas ",{"t":"idOrVar","v":"n"}," sekundes"],"few":["Kas ",{"t":"idOrVar","v":"n"}," sekundes"],"many":["Kas ",{"t":"idOrVar","v":"n"}," sekundžių"],"other":["Kas ",{"t":"idOrVar","v":"n"}," sekundžių"]},"$x":[{"t":"idOrVar","v":"plural"},"n"]},{"$i":"settings-default-account","$v":"Skirti numatytąja el. pašto paskyra"},{"$i":"settings-account-type","$v":"Paskyros tipas"},{"$i":"settings-account-credentials","$v":"Kredencialai"},{"$i":"settings-activesync-label","$v":"„ActiveSync“ nuostatos"},{"$i":"settings-imap-label","$v":"IMAP nuostatos"},{"$i":"settings-pop3-label","$v":"POP3 nuostatos"},{"$i":"settings-smtp-label","$v":"SMTP nuostatos"},{"$i":"settings-hostname","$v":"Serverio vardas"},{"$i":"settings-port","$v":"Prievadas"},{"$i":"settings-username","$v":"Abonento vardas"},{"$i":"settings-password","$v":"Slaptažodis"},{"$i":"settings-save","$v":"Įrašyti"},{"$i":"settings-password-empty","$v":"Slaptažodžio laukas negali būti tuščias"},{"$i":"settings-reauth","$v":"Pakartotinai suteikti prieigą"},{"$i":"settings-account-synchronize-window","$v":"Sinchronizuojamas laikotarpis"},{"$i":"settings-account-synchronize-window-select","ariaLabel":"Days to sync"},{"$i":"settings-synchronize-auto","$v":"Parinkti automatiškai"},{"$i":"settings-synchronize-one-day","$v":"1 diena"},{"$i":"settings-synchronize-three-days","$v":"3 dienos"},{"$i":"settings-synchronize-one-week","$v":"1 savaitė"},{"$i":"settings-synchronize-two-weeks","$v":"2 savaitės"},{"$i":"settings-synchronize-one-month","$v":"1 mėnuo"},{"$i":"settings-synchronize-all","$v":"Visi laiškai"},{"$i":"envelope-from","$v":"Nuo"},{"$i":"envelope-to","$v":"Kam"},{"$i":"envelope-cc","$v":"Kopija"},{"$i":"envelope-bcc","$v":"Slapta kopija"},{"$i":"message-header-state-sending","ariaLabel":"Sending"},{"$i":"message-header-state-error","ariaLabel":"Error sending"},{"$i":"message-header-unread","ariaLabel":"Unread"},{"$i":"message-header-starred","ariaLabel":"Has star"},{"$i":"message-header-attachments","ariaLabel":"Has attachments"},{"$i":"message-body-container","ariaLabel":"Message body"},{"$i":"message-body-container-progress","ariaValueText":"Loading"},{"$i":"subject","ariaLabel":"Subject"},{"$i":"message-delete-button","ariaLabel":"Delete"},{"$i":"message-star-button","ariaLabel":"Add star"},{"$i":"message-unstar-button","ariaLabel":"Remove star"},{"$i":"message-mark-read-button","ariaLabel":"Mark read"},{"$i":"message-mark-unread-button","ariaLabel":"Mark unread"},{"$i":"message-move-button","ariaLabel":"Move"},{"$i":"message-reply-forward-button","ariaLabel":"Reply or forward"},{"$i":"download-button","ariaLabel":"Download"},{"$i":"downloading-progress","ariaValueText":"Downloading"},{"$i":"view-button","ariaLabel":"View"},{"$i":"attachments-container","ariaLabel":"Attachments"},{"$i":"from-group","ariaLabel":"From"},{"$i":"to-group","ariaLabel":"To"},{"$i":"cc-group","ariaLabel":"cc"},{"$i":"bcc-group","ariaLabel":"bcc"},{"$i":"compose-header","$v":"Rašomas laiškas"},{"$i":"compose-header-short","$v":"Rašomas"},{"$i":"compose-send","$v":"Siųsti"},{"$i":"compose-send-button","ariaLabel":"Send"},{"$i":"compose-to","$v":"Kam"},{"$i":"compose-cc","$v":"Kopija"},{"$i":"compose-bcc","$v":"Slaptai"},{"$i":"compose-contact-add","ariaLabel":"Add contact"},{"$i":"compose-attachments-container","ariaLabel":{"$x":[{"t":"idOrVar","v":"plural"},"kilobytes"],"$v":{"zero":"Attachments","one":["Attachments: ",{"t":"idOrVar","v":"kilobytes"},"K"],"two":["Attachments: ",{"t":"idOrVar","v":"kilobytes"},"K"],"few":["Attachments: ",{"t":"idOrVar","v":"kilobytes"},"K"],"many":["Attachments: ",{"t":"idOrVar","v":"kilobytes"},"K"],"other":["Attachments: ",{"t":"idOrVar","v":"kilobytes"},"K"]}}},{"$i":"compose-attachment-remove","ariaLabel":"Remove"},{"$i":"compose-attachment-button","ariaLabel":"Attach"},{"$i":"compose-attachments","$v":{"zero":"Priedai","one":[{"t":"idOrVar","v":"n"}," priedas"],"two":[{"t":"idOrVar","v":"n"}," priedai"],"few":[{"t":"idOrVar","v":"n"}," priedai"],"many":[{"t":"idOrVar","v":"n"}," priedų"],"other":[{"t":"idOrVar","v":"n"}," priedų"]},"$x":[{"t":"idOrVar","v":"plural"},"n"]},{"$i":"compose-text","ariaLabel":"Edit"},{"$i":"compose-attachment-still-working","$v":"Luktelėkite, dar nebaigtas apdoroti ankstesnis priedas…"},{"$i":"compose-subject","$v":"Tema"},{"$i":"compose-draft-save","$v":"Įrašyti kaip vietinį juodraštį"},{"$i":"compose-discard-confirm","$v":"Išmesti"},{"$i":"compose-send-message-failed","$v":"Laiško išsiųsti nepavyko"},{"$i":"composer-attachment-large","$v":"Priedas per didelis"},{"$i":"composer-attachments-large","$v":"Priedai per dideli"},{"$i":"compose-attchment-size-exceeded","$v":"Pasirinktasis priedas yra per didelis siuntimui su šiuo laišku."},{"$i":"compose-attchments-size-exceeded","$v":"Pasirinktieji priedai yra per dideli siuntimui su šiuo laišku. Pabandykite pasirinkti mažiau failų."},{"$i":"dialog-button-ok","$v":"Gerai"},{"$i":"default-attachment-filename","$v":["priedas",{"t":"idOrVar","v":"n"}]},{"$i":"attachment-size-kib","$v":[{"t":"idOrVar","v":"kilobytes"}," KB"]},{"$i":"message-attachment-view","$v":"Rodyti"},{"$i":"message-attachment-did-not-open-label","$v":"Unable to open"},{"$i":"message-attachment-did-not-open-body","$v":"The device does not have an app that can open the attachment."},{"$i":"message-attachment-too-large","$v":"Šis failas siuntimui per didelis."},{"$i":"message-no-subject","$v":"(be temos)"},{"$i":"message-edit-menu-edit","$v":"Taisyti"},{"$i":"message-edit-menu-delete","$v":"Šalinti"},{"$i":"message-edit-delete-confirm","$v":"Pašalinti laišką?"},{"$i":"message-send-attachment-disabled-confirm","$v":"Priedai nebus persiųsti."},{"$i":"message-multiedit-header","$v":{"zero":"Pažymėkite laišką","one":[{"t":"idOrVar","v":"n"}," pažymėtas laiškas"],"two":[{"t":"idOrVar","v":"n"}," pažymėti laiškai"],"few":[{"t":"idOrVar","v":"n"}," pažymėti laiškai"],"many":[{"t":"idOrVar","v":"n"}," pažymėtų laiškų"],"other":[{"t":"idOrVar","v":"n"}," pažymėtų laiškų"]},"$x":[{"t":"idOrVar","v":"plural"},"n"]},{"$i":"browse-to-url-prompt","$v":["Atverti URL?: ",{"t":"idOrVar","v":"url"}]},{"$i":"message-download-images-tap","$v":{"one":["Prie šio laiško pridėtas ",{"t":"idOrVar","v":"n"}," paveikslas. Bakstelėkite parsiųsti."],"two":["Prie šio laiško pridėti ",{"t":"idOrVar","v":"n"}," paveikslai. Bakstelėkite jiems parsiųsti."],"few":["Prie šio laiško pridėti ",{"t":"idOrVar","v":"n"}," paveikslai. Bakstelėkite jiems parsiųsti."],"many":["Prie šio laiško pridėta ",{"t":"idOrVar","v":"n"}," paveikslų. Bakstelėkite jiems parsiųsti."],"other":["Prie šio laiško pridėta ",{"t":"idOrVar","v":"n"}," paveikslų. Bakstelėkite jiems parsiųsti."]},"$x":[{"t":"idOrVar","v":"plural"},"n"]},{"$i":"message-show-external-images","$v":"Rodyti paveikslus iš interneto"},{"$i":"message-multiedit-cancel","$v":"Atsisakyti"},{"$i":"message-multiedit-delete-confirm","$v":{"one":["Pašalinti ",{"t":"idOrVar","v":"n"}," laišką?"],"two":["Pašalinti ",{"t":"idOrVar","v":"n"}," laiškus?"],"few":["Pašalinti ",{"t":"idOrVar","v":"n"}," laiškus?"],"many":["Pašalinti ",{"t":"idOrVar","v":"n"}," laiškų?"],"other":["Pašalinti ",{"t":"idOrVar","v":"n"}," laiškų?"]},"$x":[{"t":"idOrVar","v":"plural"},"n"]},{"$i":"message-large-message-cancel","$v":"Atsisakyti"},{"$i":"message-large-message-ok","$v":"Tęsti"},{"$i":"message-large-message-confirm","$v":"Šis laiškas yra gan didelis, jo parsiuntimas gali kiek užtrukti."},{"$i":"message-search-from","$v":"Nuo"},{"$i":"message-search-to","$v":"Kam"},{"$i":"message-search-subject","$v":"Tema"},{"$i":"message-search-body","$v":"Tekstas"},{"$i":"message-search-all","$v":"Visur"},{"$i":"message-search-input","placeholder":"Ieškoti laiškų"},{"$i":"message-search-cancel","$v":"Atsisakyti"},{"$i":"messages-syncing","$v":"Laiškai įkeliami"},{"$i":"messages-load-more","$v":"Įkelti daugiau laiškų"},{"$i":"messages-folder-empty","$v":"Šiame aplanke laiškų nėra"},{"$i":"messages-search-empty","$v":"Atitikmenų tarp laiškų, esančių vietiniame podėlyje, neaptikta"},{"$i":"messages-folder-select","$v":"Pasirinkite aplanką"},{"$i":"messages-folder-unread-max","$v":"999+"},{"$i":"message-contact-menu-create","$v":"Kurti naują adresatą"},{"$i":"message-contact-menu-add-existing","$v":"Papildyti esamą adresatą"},{"$i":"message-contact-menu-view","$v":"Rodyti adresatą"},{"$i":"message-contact-menu-reply","$v":"Atsakyti"},{"$i":"message-contact-menu-new","$v":"Rašyti naują laišką"},{"$i":"message-reply-menu-reply","$v":"Atsakyti"},{"$i":"message-reply-menu-reply-all","$v":"Atsakyti visiems"},{"$i":"message-reply-menu-forward","$v":"Persiųsti"},{"$i":"message-reply-menu-cancel","$v":"Atsisakyti"},{"$i":"reply-quoting-wrote","$v":"{name} rašė"},{"$i":"forward-original-message","$v":"Persiųstas laiškas"},{"$i":"forward-header-subject","$v":"Tema"},{"$i":"forward-header-date","$v":"Data"},{"$i":"forward-header-from","$v":"Autorius"},{"$i":"forward-header-reply-to","$v":"Atgalinis adresas"},{"$i":"forward-header-to","$v":"Kam"},{"$i":"forward-header-cc","$v":"Kopija"},{"$i":"folder-inbox","$v":"Gautieji"},{"$i":"folder-sent","$v":"Išsiųstieji"},{"$i":"folder-drafts","$v":"Juodraščiai"},{"$i":"folder-trash","$v":"Šiukšlinė"},{"$i":"folder-queue","$v":"Neišsiųsti"},{"$i":"folder-junk","$v":"Brukalas"},{"$i":"folder-archives","$v":"Archyvas"},{"$i":"folder-localdrafts","$v":"Vietiniai juodraščiai"},{"$i":"folder-outbox","$v":"Siunčiamieji"},{"$i":"drawer-back","$v":"Atgal"},{"$i":"drawer-accounts-header","$v":"Paskyros"},{"$i":"drawer-settings-link","$v":"Nuostatos"},{"$i":"folder-last-synced-label","$v":"Paskiausiai sinchronizuota:"},{"$i":"messages-refresh-button","ariaLabel":"Refresh"},{"$i":"messages-refresh-progress","ariaValueText":"Refreshing"},{"$i":"edit-button","ariaLabel":"Edit"},{"$i":"message-list-top-action","$v":"Į viršų"},{"$i":"message-list-menu","ariaLabel":"Folders and settings"},{"$i":"message-list-compose","ariaLabel":"Compose"},{"$i":"toaster-undo","$v":"Atšaukti"},{"$i":"toaster-message-star","$v":{"one":[{"t":"idOrVar","v":"n"}," laiškas pažymėtas žvaigždute"],"two":[{"t":"idOrVar","v":"n"}," laiškai pažymėti žvaigždute"],"few":[{"t":"idOrVar","v":"n"}," laiškai pažymėti žvaigždute"],"many":[{"t":"idOrVar","v":"n"}," laiškų pažymėta žvaigždute"],"other":[{"t":"idOrVar","v":"n"}," laiškų pažymėta žvaigždute"]},"$x":[{"t":"idOrVar","v":"plural"},"n"]},{"$i":"toaster-message-unstar","$v":{"one":["Nuo ",{"t":"idOrVar","v":"n"}," laiško pašalinta žvaigždutė"],"two":["Nuo ",{"t":"idOrVar","v":"n"}," laiškų pašalintos žvaigždutės"],"few":["Nuo ",{"t":"idOrVar","v":"n"}," laiškų pašalintis žvaigždutės"],"many":["Nuo ",{"t":"idOrVar","v":"n"}," laiškų pašalintos žvaigždutės"],"other":["Nuo ",{"t":"idOrVar","v":"n"}," laiškų pašalintos žvaigždutės"]},"$x":[{"t":"idOrVar","v":"plural"},"n"]},{"$i":"toaster-message-read","$v":{"one":[{"t":"idOrVar","v":"n"}," laiškas pažymėtas kaip skaitytas"],"two":[{"t":"idOrVar","v":"n"}," laiškai pažymėti kaip skaityti"],"few":[{"t":"idOrVar","v":"n"}," laiškai pažymėti kaip skaityti"],"many":[{"t":"idOrVar","v":"n"}," laiškų pažymėti kaip skaityti"],"other":[{"t":"idOrVar","v":"n"}," laiškų pažymėti kaip skaityti"]},"$x":[{"t":"idOrVar","v":"plural"},"n"]},{"$i":"toaster-message-unread","$v":{"one":[{"t":"idOrVar","v":"n"}," laiškas pažymėtas kaip neskaitytas"],"two":[{"t":"idOrVar","v":"n"}," laiškai pažymėti kaip neskaityti"],"few":[{"t":"idOrVar","v":"n"}," laiškai pažymėti kaip neskaityti"],"many":[{"t":"idOrVar","v":"n"}," laiškų pažymėti kaip neskaityti"],"other":[{"t":"idOrVar","v":"n"}," laiškų pažymėti kaip neskaityti"]},"$x":[{"t":"idOrVar","v":"plural"},"n"]},{"$i":"toaster-message-move","$v":{"one":[{"t":"idOrVar","v":"n"}," laiškas perkeltas"],"two":[{"t":"idOrVar","v":"n"}," laiškai perkelti"],"few":[{"t":"idOrVar","v":"n"}," laiškai perkelti"],"many":[{"t":"idOrVar","v":"n"}," laiškų perkelti"],"other":[{"t":"idOrVar","v":"n"}," laiškų perkelti"]},"$x":[{"t":"idOrVar","v":"plural"},"n"]},{"$i":"toaster-message-delete","$v":{"one":[{"t":"idOrVar","v":"n"}," laiškas pašalintas"],"two":[{"t":"idOrVar","v":"n"}," laiškai pašalinti"],"few":[{"t":"idOrVar","v":"n"}," laiškai pašalinti"],"many":[{"t":"idOrVar","v":"n"}," laiškų pašalinti"],"other":[{"t":"idOrVar","v":"n"}," laiškų pašalinti"]},"$x":[{"t":"idOrVar","v":"plural"},"n"]},{"$i":"toaster-retryable-syncfailed","$v":"Nepavyko prisijungti prie serverio"},{"$i":"compose-invalid-addresses-title","$v":"Negalimi adresai"},{"$i":"compose-invalid-addresses-description","$v":"Kai kurių nurodytų laiško gavėjų adresai yra negalimi (netaisyklingi). Pataisykite juos prieš išsiųsdami laišką."},{"$i":"background-send-pending","$v":"Tinklo ryšys nepatikimas. Laiškas įrašytas į siunčiamųjų aplanką."},{"$i":"background-send-sending","$v":"Laiškas siunčiamas…"},{"$i":"background-send-success","$v":"Laiškas išsiųstas."},{"$i":"background-send-error","$v":"Įvyko klaida. Laiškas įrašytas į siunčiamųjų aplanką."},{"$i":"background-send-error-recipients","$v":"Gavėjo klaida. Laiškas įrašytas į siunčiamųjų aplanką."},{"$i":"background-send-error-title","$v":"Laiško išsiųsti nepavyko"},{"$i":"send-failure-recipients","$v":"Patikrinkite, ar teisingai įvedėte aukščiau išvardintus adresus. Jūsų el. pašto serveris atsakė, kad bent vienas jų yra neteisingas."},{"$i":"send-failure-unknown","$v":"Laiško išsiųsti nepavyko."},{"$i":"form-clear-input","$v":"Pašalinti tekstą"},{"$i":"confirm-dialog-title","$v":"Patvirtinkite"},{"$i":"senders-separation-sign","$v":", "},{"$i":"new-messages","$v":{"one":[{"t":"idOrVar","v":"n"}," naujas laiškas"],"two":[{"t":"idOrVar","v":"n"}," nauji laiškai"],"few":[{"t":"idOrVar","v":"n"}," nauji laiškai"],"many":[{"t":"idOrVar","v":"n"}," naujų laiškų"],"other":[{"t":"idOrVar","v":"n"}," naujų laiškų"]},"$x":[{"t":"idOrVar","v":"plural"},"n"]},{"$i":"notification-no-subject","$v":"(no subject)"},{"$i":"new-emails-notify-one-account","$v":{"one":[{"t":"idOrVar","v":"n"}," naujas laiškas"],"two":[{"t":"idOrVar","v":"n"}," nauji laiškai"],"few":[{"t":"idOrVar","v":"n"}," nauji laiškai"],"many":[{"t":"idOrVar","v":"n"}," naujų laiškų"],"other":[{"t":"idOrVar","v":"n"}," naujų laiškų"]},"$x":[{"t":"idOrVar","v":"plural"},"n"]},{"$i":"new-emails-notify-multiple-accounts","$v":{"one":[{"t":"idOrVar","v":"n"}," naujas laiškas (",{"t":"idOrVar","v":"accountName"},")"],"two":[{"t":"idOrVar","v":"n"}," nauji laiškai (",{"t":"idOrVar","v":"accountName"},")"],"few":[{"t":"idOrVar","v":"n"}," nauji laiškai (",{"t":"idOrVar","v":"accountName"},")"],"many":[{"t":"idOrVar","v":"n"}," naujų laiškų (",{"t":"idOrVar","v":"accountName"},")"],"other":[{"t":"idOrVar","v":"n"}," naujų laiškų (",{"t":"idOrVar","v":"accountName"},")"]},"$x":[{"t":"idOrVar","v":"plural"},"n"]},{"$i":"new-emails-notify-multiple-accounts-body","$v":[{"t":"idOrVar","v":"from"},": „",{"t":"idOrVar","v":"subject"},"“"]},{"$i":"tng-plain-socket-warning-title","$v":"Are you sure?"},{"$i":"tng-plain-socket-warning-message","$v":"Other people may be able to see your passwords and emails or control your account."},{"$i":"tng-plain-socket-warning-message-options","$v":"There are multiple, free email providers that offer more secure, encrypted connections."},{"$i":"tng-plain-socket-learn-more","$v":"Learn more"},{"$i":"tng-plain-socket-warning-ok","$v":"I understand"},{"$i":"message-reader-next-button","ariaLabel":"Next"},{"$i":"message-reader-previous-button","ariaLabel":"Previous"},{"$i":"message-reader-date-received","ariaLabel":"Received"},{"$i":"weekday-0-long","$v":"Sekmadienis"},{"$i":"weekday-1-long","$v":"Pirmadienis"},{"$i":"weekday-2-long","$v":"Antradienis"},{"$i":"weekday-3-long","$v":"Trečiadienis"},{"$i":"weekday-4-long","$v":"Ketvirtadienis"},{"$i":"weekday-5-long","$v":"Penktadienis"},{"$i":"weekday-6-long","$v":"Šeštadienis"},{"$i":"weekday-0-short","$v":"Sk"},{"$i":"weekday-1-short","$v":"Pr"},{"$i":"weekday-2-short","$v":"An"},{"$i":"weekday-3-short","$v":"Tr"},{"$i":"weekday-4-short","$v":"Kt"},{"$i":"weekday-5-short","$v":"Pn"},{"$i":"weekday-6-short","$v":"Št"},{"$i":"month-0-long","$v":"sausis"},{"$i":"month-1-long","$v":"vasaris"},{"$i":"month-2-long","$v":"kovas"},{"$i":"month-3-long","$v":"balandis"},{"$i":"month-4-long","$v":"gegužė"},{"$i":"month-5-long","$v":"birželis"},{"$i":"month-6-long","$v":"liepa"},{"$i":"month-7-long","$v":"rugpjūtis"},{"$i":"month-8-long","$v":"rugsėjis"},{"$i":"month-9-long","$v":"spalis"},{"$i":"month-10-long","$v":"lapkritis"},{"$i":"month-11-long","$v":"gruodis"},{"$i":"month-0-genitive","$v":"sausio"},{"$i":"month-1-genitive","$v":"vasario"},{"$i":"month-2-genitive","$v":"kovo"},{"$i":"month-3-genitive","$v":"balandžio"},{"$i":"month-4-genitive","$v":"gegužės"},{"$i":"month-5-genitive","$v":"birželio"},{"$i":"month-6-genitive","$v":"liepos"},{"$i":"month-7-genitive","$v":"rugpjūčio"},{"$i":"month-8-genitive","$v":"rugsėjo"},{"$i":"month-9-genitive","$v":"spalio"},{"$i":"month-10-genitive","$v":"lapkričio"},{"$i":"month-11-genitive","$v":"gruodžio"},{"$i":"month-0-short","$v":"Sau"},{"$i":"month-1-short","$v":"Vas"},{"$i":"month-2-short","$v":"Kov"},{"$i":"month-3-short","$v":"Bal"},{"$i":"month-4-short","$v":"Geg"},{"$i":"month-5-short","$v":"Bir"},{"$i":"month-6-short","$v":"Lie"},{"$i":"month-7-short","$v":"Rgp"},{"$i":"month-8-short","$v":"Rgs"},{"$i":"month-9-short","$v":"Spa"},{"$i":"month-10-short","$v":"Lap"},{"$i":"month-11-short","$v":"Grd"},{"$i":"minutes-ago-long","$v":{"zero":"ką tik","one":["prieš ",{"t":"idOrVar","v":"value"}," minutę"],"two":["prieš ",{"t":"idOrVar","v":"value"}," minutes"],"few":["prieš ",{"t":"idOrVar","v":"value"}," minutes"],"many":["prieš ",{"t":"idOrVar","v":"value"}," minučių"],"other":["prieš ",{"t":"idOrVar","v":"value"}," minučių"]},"$x":[{"t":"idOrVar","v":"plural"},"value"]},{"$i":"hours-ago-long","$v":{"zero":"ką tik","one":["prieš ",{"t":"idOrVar","v":"value"}," valandą"],"two":["prieš ",{"t":"idOrVar","v":"value"}," valandas"],"few":["prieš ",{"t":"idOrVar","v":"value"}," valandas"],"many":["prieš ",{"t":"idOrVar","v":"value"}," valandų"],"other":["prieš ",{"t":"idOrVar","v":"value"}," valandų"]},"$x":[{"t":"idOrVar","v":"plural"},"value"]},{"$i":"days-ago-long","$v":{"zero":"šiandien","one":"vakar","two":["prieš ",{"t":"idOrVar","v":"value"}," dienas"],"few":["prieš ",{"t":"idOrVar","v":"value"}," dienas"],"many":["prieš ",{"t":"idOrVar","v":"value"}," dienų"],"other":["prieš ",{"t":"idOrVar","v":"value"}," dienų"]},"$x":[{"t":"idOrVar","v":"plural"},"value"]},{"$i":"weeks-ago-long","$v":{"zero":"šią savaitę","one":"praėjusią savaitę","two":["prieš ",{"t":"idOrVar","v":"value"}," savaites"],"few":["prieš ",{"t":"idOrVar","v":"value"}," savaites"],"many":["prieš ",{"t":"idOrVar","v":"value"}," savaičių"],"other":["prieš ",{"t":"idOrVar","v":"value"}," savaičių"]},"$x":[{"t":"idOrVar","v":"plural"},"value"]},{"$i":"months-ago-long","$v":{"zero":"šį mėnesį","one":"praėjusį mėnesį","two":["prieš ",{"t":"idOrVar","v":"value"}," mėnesius"],"few":["prieš ",{"t":"idOrVar","v":"value"}," mėnesius"],"many":["prieš ",{"t":"idOrVar","v":"value"}," mėnesių"],"other":["prieš ",{"t":"idOrVar","v":"value"}," mėnesių"]},"$x":[{"t":"idOrVar","v":"plural"},"value"]},{"$i":"years-ago-long","$v":{"zero":"šiemet","one":["prieš ",{"t":"idOrVar","v":"value"}," metus"],"two":["prieš ",{"t":"idOrVar","v":"value"}," metus"],"few":["prieš ",{"t":"idOrVar","v":"value"}," metus"],"many":["prieš ",{"t":"idOrVar","v":"value"}," metų"],"other":["prieš ",{"t":"idOrVar","v":"value"}," metų"]},"$x":[{"t":"idOrVar","v":"plural"},"value"]},{"$i":"minutes-until-long","$v":{"zero":"dabar","one":["už ",{"t":"idOrVar","v":"value"}," minutės"],"two":["už ",{"t":"idOrVar","v":"value"}," minučių"],"few":["už ",{"t":"idOrVar","v":"value"}," minučių"],"many":["už ",{"t":"idOrVar","v":"value"}," minučių"],"other":["už ",{"t":"idOrVar","v":"value"}," minučių"]},"$x":[{"t":"idOrVar","v":"plural"},"value"]},{"$i":"hours-until-long","$v":{"zero":"dabar","one":["už ",{"t":"idOrVar","v":"value"}," valandos"],"two":["už ",{"t":"idOrVar","v":"value"}," valandų"],"few":["už ",{"t":"idOrVar","v":"value"}," valandų"],"many":["už ",{"t":"idOrVar","v":"value"}," valandų"],"other":["už ",{"t":"idOrVar","v":"value"}," valandų"]},"$x":[{"t":"idOrVar","v":"plural"},"value"]},{"$i":"days-until-long","$v":{"zero":"šiandien","one":"rytoj","two":["už ",{"t":"idOrVar","v":"value"}," dienų"],"few":["už ",{"t":"idOrVar","v":"value"}," dienų"],"many":["už ",{"t":"idOrVar","v":"value"}," dienų"],"other":["už ",{"t":"idOrVar","v":"value"}," dienų"]},"$x":[{"t":"idOrVar","v":"plural"},"value"]},{"$i":"weeks-until-long","$v":{"zero":"šią savaitę","one":"kitą savaitę","two":["už ",{"t":"idOrVar","v":"value"}," savaičių"],"few":["už ",{"t":"idOrVar","v":"value"}," savaičių"],"many":["už ",{"t":"idOrVar","v":"value"}," savaičių"],"other":["už ",{"t":"idOrVar","v":"value"}," savaičių"]},"$x":[{"t":"idOrVar","v":"plural"},"value"]},{"$i":"months-until-long","$v":{"zero":"šį mėnesį","one":"kitą mėnesį","two":["už ",{"t":"idOrVar","v":"value"}," mėnesių"],"few":["už ",{"t":"idOrVar","v":"value"}," mėnesių"],"many":["už ",{"t":"idOrVar","v":"value"}," mėnesių"],"other":["už ",{"t":"idOrVar","v":"value"}," mėnesių"]},"$x":[{"t":"idOrVar","v":"plural"},"value"]},{"$i":"years-until-long","$v":{"zero":"šiemet","one":"kitais metais","two":["už ",{"t":"idOrVar","v":"value"}," metų"],"few":["už ",{"t":"idOrVar","v":"value"}," metų"],"many":["už ",{"t":"idOrVar","v":"value"}," metų"],"other":["už ",{"t":"idOrVar","v":"value"}," metų"]},"$x":[{"t":"idOrVar","v":"plural"},"value"]},{"$i":"minutes-ago-short","$v":{"zero":"ką tik","other":["prieš ",{"t":"idOrVar","v":"value"}," min."]},"$x":[{"t":"idOrVar","v":"plural"},"value"]},{"$i":"hours-ago-short","$v":{"zero":"ką tik","other":["prieš ",{"t":"idOrVar","v":"value"}," val."]},"$x":[{"t":"idOrVar","v":"plural"},"value"]},{"$i":"days-ago-short","$v":{"zero":"šiandien","other":["prieš ",{"t":"idOrVar","v":"value"}," d."]},"$x":[{"t":"idOrVar","v":"plural"},"value"]},{"$i":"minutes-until-short","$v":{"zero":"dabar","other":["už ",{"t":"idOrVar","v":"value"}," min."]},"$x":[{"t":"idOrVar","v":"plural"},"value"]},{"$i":"hours-until-short","$v":{"zero":"dabar","other":["už ",{"t":"idOrVar","v":"value"}," val."]},"$x":[{"t":"idOrVar","v":"plural"},"value"]},{"$i":"days-until-short","$v":{"zero":"šiandien","other":["už ",{"t":"idOrVar","v":"value"}," d."]},"$x":[{"t":"idOrVar","v":"plural"},"value"]},{"$i":"incorrectDate","$v":"(negalima data)"},{"$i":"dateTimeFormat_%c","$v":"%Y m. %Eb %e d. %H:%M:%S"},{"$i":"dateTimeFormat_%x","$v":"%Y-%m-%d"},{"$i":"dateTimeFormat_%X","$v":"%H:%M:%S"},{"$i":"shortTimeFormat","$v":"%H:%M"},{"$i":"shortTimeFormat12","$v":"%I:%M %p"},{"$i":"shortTimeFormat24","$v":"%H:%M"},{"$i":"shortDateTimeFormat","$v":"%x %H:%M"},{"$i":"weekStartsOnMonday","$v":"1"},{"$i":"firstDayOfTheWeek","$v":"0"},{"$i":"time_am","$v":"AM"},{"$i":"time_pm","$v":"PM"}]