[{"$i":"back-button","ariaLabel":"Back"},{"$i":"close-button","ariaLabel":"Close"},{"$i":"setup-app-name-header","$v":"Пошта"},{"$i":"setup-empty-account-message","$v":"You are not set up to send or receive email. Set up an account to complete the action."},{"$i":"setup-pick-service","$v":"За да праќате и примате пошта, треба да поставите сметка."},{"$i":"setup-account-header3","$v":"Нова сметка"},{"$i":"setup-account-enter-password","$v":"Enter Password For:"},{"$i":"setup-info-name","placeholder":"Вашето име"},{"$i":"setup-info-email","placeholder":"someone@example.com"},{"$i":"setup-info-password","placeholder":"Лозинка"},{"$i":"setup-info-next","$v":"Следно"},{"$i":"setup-progress-wait-msg","$v":"Поставување на сметка"},{"$i":"setup-completed-header","$v":"Поставување на сметка"},{"$i":"setup-completed-label","$v":"Готово!"},{"$i":"setup-add-another-account","$v":"Додај друга сметка"},{"$i":"setup-show-mail","$v":"Продолжи кон поштата"},{"$i":"setup-error-offline","$v":"Овој уред моментално нема пристап на интернет. Поврзете се на мрежа и обидете се повторно."},{"$i":"setup-error-bad-user-or-pass2","$v":"Погрешно корисничко име или лозинка. Проверете за грешки."},{"$i":"setup-error-bad-address","$v":"Непостои оваа адреса за е-пошта. Проверете за печатни грешки."},{"$i":"setup-error-not-authorized","$v":"Серверот вели дека немате дозвола да создадете сметка"},{"$i":"setup-error-pop-server-not-great","$v":"Неподржан сервер. POP3 серверот не ги има имплементирано потребните можности."},{"$i":"setup-error-unknown2","$v":"Настана непозната грешка. Проверете ја мрежната врска или обидете се со рачна конфигурација."},{"$i":"setup-error-needs-app-pass","$v":"За сметките на Gmail со двојна проверка мора да користите посебна лозинка за оваа апликација"},{"$i":"setup-error-imap-disabled","$v":"За активната сметка на Gmail мора да овозможите IMAP"},{"$i":"setup-error-pop3-disabled","$v":"POP3 мора да биде овозможено на вашата Gmail сметка"},{"$i":"setup-error-bad-security","$v":["Со \"",{"t":"idOrVar","v":"server"},"\" не може да се воспостави безбедна врска. Можеби има проблем со серверот или со мрежата."]},{"$i":"setup-error-unresponsive-server","$v":["Со \"",{"t":"idOrVar","v":"server"},"\" не може да се воспостави врска. Можеби има проблем со мрежата."]},{"$i":"setup-error-server-problem","$v":["Има проблем со серверот \"",{"t":"idOrVar","v":"server"},"\". Подоцна обидете се повторно."]},{"$i":"setup-error-no-config-info","$v":"Вашата сметка не може автоматски да се конфигурира. Поправета ја Вашата адреса за е-пошта и обидете се повторно."},{"$i":"setup-error-server-maintenance","$v":["Серверот \"",{"t":"idOrVar","v":"server"},"\" е недостапен заради одржување. Подоцна обидете се повторно."]},{"$i":"setup-error-account-already-exists","$v":"Оваа сметка веќе е конфигурирана."},{"$i":"setup-manual-config2","$v":"Рачно поставување"},{"$i":"setup-manual-config-header","$v":"Рачно поставување"},{"$i":"setup-manual-account-type","$v":"Тип на сметка"},{"$i":"setup-manual-account-type-select","ariaLabel":"Account type"},{"$i":"setup-manual-imap-header","$v":"Поставки за IMAP"},{"$i":"setup-manual-pop3-header","$v":"POP3 поставки"},{"$i":"setup-manual-smtp-header","$v":"Поставки за SMTP"},{"$i":"setup-manual-activesync-header","$v":"Поставки за ActiveSync"},{"$i":"setup-manual-next","$v":"Следно"},{"$i":"setup-manual-socket","$v":"Тип на сокет"},{"$i":"setup-manual-socket-ssl","$v":"SSL"},{"$i":"setup-manual-socket-starttls","$v":"STARTTLS"},{"$i":"setup-manual-socket-select","ariaLabel":"Connection security"},{"$i":"setup-manual-socket-plain","$v":"Unencrypted (insecure)"},{"$i":"setup-manual-hostname","placeholder":"Име на домаќин"},{"$i":"setup-manual-port","placeholder":"Број на порта"},{"$i":"setup-manual-username","placeholder":"Корисничко име"},{"$i":"setup-manual-activesync-username","placeholder":"Domain\\Username"},{"$i":"setup-bad-password-header","$v":"Погрешна лозинка!"},{"$i":"setup-bad-password","$v":"Не можеме да се пријавиме на серверот. Можеби внесовте погрешна лозинка?"},{"$i":"setup-new-password","placeholder":"Нова лозинка"},{"$i":"setup-fix-password","$v":"Обиди се со новата лозинка"},{"$i":"setup-gmail-twofactor-header","$v":"Овозможена е двојна проверка"},{"$i":"setup-gmail-twofactor-message","$v":"Треба да внесете посебна лозинка за оваа апликација."},{"$i":"setup-gmail-twofactor-fix","$v":"Користи лозинка за апликација"},{"$i":"setup-gmail-imap-header","$v":"IMAP е оневмозжен"},{"$i":"setup-gmail-imap-message","$v":"Мора да овозможите IMAP на Вашата Gmail сметка "},{"$i":"setup-gmail-imap-retry","$v":"Обиди се повторно"},{"$i":"setup-gmail-pop3-header","$v":"Исклучен POP3"},{"$i":"setup-gmail-pop3-message","$v":"Мора да овозоможите POP3 на вашата Gmail сметка"},{"$i":"setup-gmail-pop3-retry","$v":"Повторно"},{"$i":"setup-fix-oauth2-header","$v":"Reauthorize Email"},{"$i":"setup-fix-oauth2-description","$v":"Email needs to be reauthorized to access the following account:"},{"$i":"setup-fix-oauth2-reauthorize","$v":"Reauthorize"},{"$i":"settings-main-header","$v":"Поставки за пошта"},{"$i":"settings-sub-header-account","$v":"Сметка"},{"$i":"settings-account-group","ariaLabel":"Account"},{"$i":"settings-account-name","$v":"Вашето име"},{"$i":"settings-account-display-notifications","$v":"Прикажи известувања за нови пораки"},{"$i":"settings-account-play-sound-onsend","$v":"Play sound after message is sent"},{"$i":"settings-empty-signature-label","$v":"Tap to Edit"},{"$i":"settings-account-signature-label","$v":"Signature"},{"$i":"settings-account-signature-textbox","ariaLabel":"Signature"},{"$i":"signature-save","$v":"Save Signature"},{"$i":"signature-discard-confirm","$v":"Discard"},{"$i":"settings-sub-header-data","$v":"Податоци"},{"$i":"settings-data-group","ariaLabel":"Data"},{"$i":"settings-account-check-mail","$v":"Провери за нови пораки"},{"$i":"settings-account-check-mail-select","ariaLabel":"Check for new messages"},{"$i":"settings-sub-header-server","$v":"Серверски поставки"},{"$i":"settings-server-group","ariaLabel":"Server settings"},{"$i":"settings-account-userpass","$v":"Корисничко име и лозинка"},{"$i":"settings-account-useroauth2","$v":"Username"},{"$i":"settings-default-signature-2","$v":"Sent Using Firefox OS"},{"$i":"settings-done","$v":"Заврши"},{"$i":"settings-account-section","$v":"Сметки"},{"$i":"settings-account-listbox","ariaLabel":"Accounts"},{"$i":"settings-account-add","$v":"Додај сметка"},{"$i":"settings-account-delete","$v":"Избриши сметка"},{"$i":"settings-account-delete-prompt","$v":["Сигурно сакате да ја избришете Вашата сметка за пошта на ",{"t":"idOrVar","v":"account"},"? Ако истата ја креирате повторно, ќе треба одново да ја симнувате целата пошта."]},{"$i":"settings-account-delete-cancel","$v":"Откажи"},{"$i":"settings-account-delete-confirm","$v":"Избриши"},{"$i":"settings-account-clarify-imap","$v":[{"t":"idOrVar","v":"account-name"}," (IMAP)"]},{"$i":"settings-account-clarify-pop3","$v":[{"t":"idOrVar","v":"account-name"}," (POP3)"]},{"$i":"settings-account-clarify-smtp","$v":[{"t":"idOrVar","v":"account-name"}," (SMTP)"]},{"$i":"settings-general-section","$v":"Општи поставки"},{"$i":"settings-show-images","$v":"Секогаш прикажувај слики"},{"$i":"settings-download-attachments","$v":"Преземи прилози"},{"$i":"settings-check-every-5min","$v":"Секои 5 минути"},{"$i":"settings-check-every-10min","$v":"Секои 10 минути"},{"$i":"settings-check-every-15min","$v":"Секои 15 минути"},{"$i":"settings-check-every-30min","$v":"Секои 30 минути"},{"$i":"settings-check-every-60min","$v":"Секој час"},{"$i":"settings-check-every-manual","$v":"На барање"},{"$i":"settings-check-dynamic","$v":{"few":[{"t":"idOrVar","v":"n"}," секунди"],"many":[{"t":"idOrVar","v":"n"}," секунди"],"one":[{"t":"idOrVar","v":"n"}," секунди"],"other":[{"t":"idOrVar","v":"n"}," секунди"],"two":[{"t":"idOrVar","v":"n"}," секунди"],"zero":"секунди"},"$x":[{"t":"idOrVar","v":"plural"},"n"]},{"$i":"settings-default-account","$v":"Основна сметка"},{"$i":"settings-account-type","$v":"Тип на сметка"},{"$i":"settings-account-credentials","$v":"Генералии"},{"$i":"settings-activesync-label","$v":"Поставки за ActiveSync"},{"$i":"settings-imap-label","$v":"Поставки за IMAP"},{"$i":"settings-pop3-label","$v":"POP3 поставки"},{"$i":"settings-smtp-label","$v":"Поставки за SMTP"},{"$i":"settings-hostname","$v":"Име на домаќин"},{"$i":"settings-port","$v":"Порта"},{"$i":"settings-username","$v":"Корисичко име"},{"$i":"settings-password","$v":"Лозинка"},{"$i":"settings-save","$v":"Сними"},{"$i":"settings-password-empty","$v":"Полето за лозинка не треба да бире празно"},{"$i":"settings-reauth","$v":"Reauthorize"},{"$i":"settings-account-synchronize-window","$v":"Ажурирани денови"},{"$i":"settings-account-synchronize-window-select","ariaLabel":"Days to sync"},{"$i":"settings-synchronize-auto","$v":"Автоматски"},{"$i":"settings-synchronize-one-day","$v":"1 ден"},{"$i":"settings-synchronize-three-days","$v":"3 дена"},{"$i":"settings-synchronize-one-week","$v":"1 недела"},{"$i":"settings-synchronize-two-weeks","$v":"2 недели"},{"$i":"settings-synchronize-one-month","$v":"1 месец"},{"$i":"settings-synchronize-all","$v":"Сите пораки"},{"$i":"envelope-from","$v":"Од"},{"$i":"envelope-to","$v":"До"},{"$i":"envelope-cc","$v":"Копија"},{"$i":"envelope-bcc","$v":"Слепа копија"},{"$i":"message-header-state-sending","ariaLabel":"Sending"},{"$i":"message-header-state-error","ariaLabel":"Error sending"},{"$i":"message-header-unread","ariaLabel":"Unread"},{"$i":"message-header-starred","ariaLabel":"Has star"},{"$i":"message-header-attachments","ariaLabel":"Has attachments"},{"$i":"message-body-container","ariaLabel":"Message body"},{"$i":"message-body-container-progress","ariaValueText":"Loading"},{"$i":"subject","ariaLabel":"Subject"},{"$i":"message-delete-button","ariaLabel":"Delete"},{"$i":"message-star-button","ariaLabel":"Add star"},{"$i":"message-unstar-button","ariaLabel":"Remove star"},{"$i":"message-mark-read-button","ariaLabel":"Mark read"},{"$i":"message-mark-unread-button","ariaLabel":"Mark unread"},{"$i":"message-move-button","ariaLabel":"Move"},{"$i":"message-reply-forward-button","ariaLabel":"Reply or forward"},{"$i":"download-button","ariaLabel":"Download"},{"$i":"downloading-progress","ariaValueText":"Downloading"},{"$i":"view-button","ariaLabel":"View"},{"$i":"attachments-container","ariaLabel":"Attachments"},{"$i":"from-group","ariaLabel":"From"},{"$i":"to-group","ariaLabel":"To"},{"$i":"cc-group","ariaLabel":"cc"},{"$i":"bcc-group","ariaLabel":"bcc"},{"$i":"compose-header","$v":"Состави порака"},{"$i":"compose-header-short","$v":"Состави"},{"$i":"compose-send","$v":"Испрати"},{"$i":"compose-send-button","ariaLabel":"Send"},{"$i":"compose-to","$v":"До"},{"$i":"compose-cc","$v":"Копија"},{"$i":"compose-bcc","$v":"Слепа копија"},{"$i":"compose-contact-add","ariaLabel":"Add contact"},{"$i":"compose-attachments-container","ariaLabel":{"$x":[{"t":"idOrVar","v":"plural"},"kilobytes"],"$v":{"zero":"Attachments","one":["Attachments: ",{"t":"idOrVar","v":"kilobytes"},"K"],"two":["Attachments: ",{"t":"idOrVar","v":"kilobytes"},"K"],"few":["Attachments: ",{"t":"idOrVar","v":"kilobytes"},"K"],"many":["Attachments: ",{"t":"idOrVar","v":"kilobytes"},"K"],"other":["Attachments: ",{"t":"idOrVar","v":"kilobytes"},"K"]}}},{"$i":"compose-attachment-remove","ariaLabel":"Remove"},{"$i":"compose-attachment-button","ariaLabel":"Attach"},{"$i":"compose-attachments","$v":{"zero":"Прилози","one":[{"t":"idOrVar","v":"n"}," Прилог"],"two":[{"t":"idOrVar","v":"n"}," Прилози"],"few":[{"t":"idOrVar","v":"n"}," Прилози"],"many":[{"t":"idOrVar","v":"n"}," Прилози"],"other":[{"t":"idOrVar","v":"n"}," Прилози"]},"$x":[{"t":"idOrVar","v":"plural"},"n"]},{"$i":"compose-text","ariaLabel":"Edit"},{"$i":"compose-attachment-still-working","$v":"One moment, still working on the previous attachment..."},{"$i":"compose-subject","$v":"Предмет"},{"$i":"compose-draft-save","$v":"Сними го локалните скици"},{"$i":"compose-discard-confirm","$v":"Заборави"},{"$i":"compose-send-message-failed","$v":"Испраќањето не успеа"},{"$i":"composer-attachment-large","$v":"Прилогот е премногу голем"},{"$i":"composer-attachments-large","$v":"Прилозите се премногу големи"},{"$i":"compose-attchment-size-exceeded","$v":"Избраниот прилог е премногу голем за да се испрати со оваа порака."},{"$i":"compose-attchments-size-exceeded","$v":"Избраните прилози се премногу големи за да се испрати со оваа порака. Изберете помалку датотеки."},{"$i":"dialog-button-ok","$v":"Во ред"},{"$i":"default-attachment-filename","$v":["приврзок",{"t":"idOrVar","v":"n"}]},{"$i":"attachment-size-kib","$v":[{"t":"idOrVar","v":"kilobytes"},"K"]},{"$i":"message-attachment-view","$v":"View"},{"$i":"message-attachment-did-not-open-label","$v":"Unable to open"},{"$i":"message-attachment-did-not-open-body","$v":"The device does not have an app that can open the attachment."},{"$i":"message-attachment-too-large","$v":"This file is too large to download."},{"$i":"message-no-subject","$v":"(no subject)"},{"$i":"message-edit-menu-edit","$v":"Edit"},{"$i":"message-edit-menu-delete","$v":"Избриши"},{"$i":"message-edit-delete-confirm","$v":"Избриши ја пораката?"},{"$i":"message-send-attachment-disabled-confirm","$v":"Прилозите не може да се препраќаат."},{"$i":"message-multiedit-header","$v":{"zero":"Уреди","one":[{"t":"idOrVar","v":"n"}," избран"],"two":[{"t":"idOrVar","v":"n"}," избрани"],"few":[{"t":"idOrVar","v":"n"}," избрани"],"many":[{"t":"idOrVar","v":"n"}," избрани"],"other":[{"t":"idOrVar","v":"n"}," избрани"]},"$x":[{"t":"idOrVar","v":"plural"},"n"]},{"$i":"browse-to-url-prompt","$v":["Сурфај на URL?: ",{"t":"idOrVar","v":"url"}]},{"$i":"message-download-images-tap","$v":{"one":"This email contains one image. Tap to download.","two":["This email contains ",{"t":"idOrVar","v":"n"}," images. Tap to download."],"few":["This email contains ",{"t":"idOrVar","v":"n"}," images. Tap to download."],"many":["This email contains ",{"t":"idOrVar","v":"n"}," images. Tap to download."],"other":["This email contains ",{"t":"idOrVar","v":"n"}," images. Tap to download."]},"$x":[{"t":"idOrVar","v":"plural"},"n"]},{"$i":"message-show-external-images","$v":"Прикажи надворешни слики"},{"$i":"message-multiedit-cancel","$v":"Откажи"},{"$i":"message-multiedit-delete-confirm","$v":{"one":"Избриши ја оваа порака?","two":["Избриши ",{"t":"idOrVar","v":"n"}," пораки?"],"few":["Избриши ",{"t":"idOrVar","v":"n"}," пораки?"],"many":["Избриши ",{"t":"idOrVar","v":"n"}," пораки?"],"other":["Избриши ",{"t":"idOrVar","v":"n"}," пораки?"]},"$x":[{"t":"idOrVar","v":"plural"},"n"]},{"$i":"message-large-message-cancel","$v":"Откажи"},{"$i":"message-large-message-ok","$v":"Продолжи"},{"$i":"message-large-message-confirm","$v":"Ова порака е голема и може да треба повеќе време за преземање"},{"$i":"message-search-from","$v":"Од"},{"$i":"message-search-to","$v":"До"},{"$i":"message-search-subject","$v":"Предмет"},{"$i":"message-search-body","$v":"Тело"},{"$i":"message-search-all","$v":"Сѐ"},{"$i":"message-search-input","placeholder":"Барај пошта"},{"$i":"message-search-cancel","$v":"Cancel"},{"$i":"messages-syncing","$v":"Вчитување на пораки"},{"$i":"messages-load-more","$v":"Load More Messages"},{"$i":"messages-folder-empty","$v":"Во оваа папка нема пошта"},{"$i":"messages-search-empty","$v":"Ништо пронајдено во пораките складирани локално"},{"$i":"messages-folder-select","$v":"Избери папка"},{"$i":"messages-folder-unread-max","$v":"999+"},{"$i":"message-contact-menu-create","$v":"Сними нов контакт"},{"$i":"message-contact-menu-add-existing","$v":"Додај во постоечки контакт"},{"$i":"message-contact-menu-view","$v":"Прикажи контакт"},{"$i":"message-contact-menu-reply","$v":"Одовори"},{"$i":"message-contact-menu-new","$v":"Испрати нова пошта"},{"$i":"message-reply-menu-reply","$v":"Одговори"},{"$i":"message-reply-menu-reply-all","$v":"Одговори на сите"},{"$i":"message-reply-menu-forward","$v":"Препрати"},{"$i":"message-reply-menu-cancel","$v":"Откажи"},{"$i":"reply-quoting-wrote","$v":"{name} напиша"},{"$i":"forward-original-message","$v":"Оригинална порака"},{"$i":"forward-header-subject","$v":"Subject"},{"$i":"forward-header-date","$v":"Date"},{"$i":"forward-header-from","$v":"From"},{"$i":"forward-header-reply-to","$v":"Reply-To"},{"$i":"forward-header-to","$v":"To"},{"$i":"forward-header-cc","$v":"Cc"},{"$i":"folder-inbox","$v":"Сандаче"},{"$i":"folder-sent","$v":"Испратени"},{"$i":"folder-drafts","$v":"Скици"},{"$i":"folder-trash","$v":"Ѓубре"},{"$i":"folder-queue","$v":"Непратени"},{"$i":"folder-junk","$v":"Отпад"},{"$i":"folder-archives","$v":"Архиви"},{"$i":"folder-localdrafts","$v":"Локални скици"},{"$i":"folder-outbox","$v":"Outbox"},{"$i":"drawer-back","$v":"Back"},{"$i":"drawer-accounts-header","$v":"Accounts"},{"$i":"drawer-settings-link","$v":"Settings"},{"$i":"folder-last-synced-label","$v":"Last sync:"},{"$i":"messages-refresh-button","ariaLabel":"Refresh"},{"$i":"messages-refresh-progress","ariaValueText":"Refreshing"},{"$i":"edit-button","ariaLabel":"Edit"},{"$i":"message-list-top-action","$v":"Top"},{"$i":"message-list-menu","ariaLabel":"Folders and settings"},{"$i":"message-list-compose","ariaLabel":"Compose"},{"$i":"toaster-undo","$v":"Врати"},{"$i":"toaster-message-star","$v":{"one":"1 порака означена","two":[{"t":"idOrVar","v":"n"}," пораки означени"],"few":[{"t":"idOrVar","v":"n"}," пораки означени"],"many":[{"t":"idOrVar","v":"n"}," пораки означени"],"other":[{"t":"idOrVar","v":"n"}," пораки означени"]},"$x":[{"t":"idOrVar","v":"plural"},"n"]},{"$i":"toaster-message-unstar","$v":{"one":"1 порака без ознака","two":[{"t":"idOrVar","v":"n"}," пораки без ознака"],"few":[{"t":"idOrVar","v":"n"}," пораки без ознака"],"many":[{"t":"idOrVar","v":"n"}," пораки без ознака"],"other":[{"t":"idOrVar","v":"n"}," пораки без ознака"]},"$x":[{"t":"idOrVar","v":"plural"},"n"]},{"$i":"toaster-message-read","$v":{"one":"1 порака означена како прочитана","two":[{"t":"idOrVar","v":"n"}," пораки означени како прочитани"],"few":[{"t":"idOrVar","v":"n"}," пораки означени како прочитани"],"many":[{"t":"idOrVar","v":"n"}," пораки означени како прочитани"],"other":[{"t":"idOrVar","v":"n"}," пораки означени како прочитани"]},"$x":[{"t":"idOrVar","v":"plural"},"n"]},{"$i":"toaster-message-unread","$v":{"one":"1 порака означена како непрочитана","two":[{"t":"idOrVar","v":"n"}," пораки означени како непрочитани"],"few":[{"t":"idOrVar","v":"n"}," пораки означени како непрочитани"],"many":[{"t":"idOrVar","v":"n"}," пораки означени како непрочитани"],"other":[{"t":"idOrVar","v":"n"}," пораки означени како непрочитани"]},"$x":[{"t":"idOrVar","v":"plural"},"n"]},{"$i":"toaster-message-move","$v":{"one":"1 преместена порака","two":[{"t":"idOrVar","v":"n"}," преместени пораки"],"few":[{"t":"idOrVar","v":"n"}," преместени пораки"],"many":[{"t":"idOrVar","v":"n"}," преместени пораки"],"other":[{"t":"idOrVar","v":"n"}," преместени пораки"]},"$x":[{"t":"idOrVar","v":"plural"},"n"]},{"$i":"toaster-message-delete","$v":{"one":"1 избришана порака","two":[{"t":"idOrVar","v":"n"}," избришани пораки"],"few":[{"t":"idOrVar","v":"n"}," избришани пораки"],"many":[{"t":"idOrVar","v":"n"}," избришани пораки"],"other":[{"t":"idOrVar","v":"n"}," избришани пораки"]},"$x":[{"t":"idOrVar","v":"plural"},"n"]},{"$i":"toaster-retryable-syncfailed","$v":"Не можам да се поврзам со серверот"},{"$i":"compose-invalid-addresses-title","$v":"Invalid Addresses"},{"$i":"compose-invalid-addresses-description","$v":"Your message contains one or more invalid email addresses. Please correct them before sending."},{"$i":"background-send-pending","$v":"Network unavailable. Email saved to outbox."},{"$i":"background-send-sending","$v":"Sending mail…"},{"$i":"background-send-success","$v":"Email sent."},{"$i":"background-send-error","$v":"Error occurred. Email saved to outbox."},{"$i":"background-send-error-recipients","$v":"Recipient error. Email saved to outbox."},{"$i":"background-send-error-title","$v":"Mail failed to send"},{"$i":"send-failure-recipients","$v":"Check the spelling of the addresses above. Your mail server indicated one or more of the addresses above are incorrect."},{"$i":"send-failure-unknown","$v":"The message could not be sent."},{"$i":"form-clear-input","$v":"Отстрани текст"},{"$i":"confirm-dialog-title","$v":"Потврда"},{"$i":"senders-separation-sign","$v":", "},{"$i":"new-messages","$v":{"one":"1 New Message","two":[{"t":"idOrVar","v":"n"}," New Messages"],"few":[{"t":"idOrVar","v":"n"}," New Messages"],"many":[{"t":"idOrVar","v":"n"}," New Messages"],"other":[{"t":"idOrVar","v":"n"}," New Messages"]},"$x":[{"t":"idOrVar","v":"plural"},"n"]},{"$i":"notification-no-subject","$v":"(no subject)"},{"$i":"new-emails-notify-one-account","$v":{"few":[{"t":"idOrVar","v":"n"}," нови пораки"],"many":[{"t":"idOrVar","v":"n"}," нови пораки"],"one":"1 нова порака","other":[{"t":"idOrVar","v":"n"}," нови пораки"],"two":[{"t":"idOrVar","v":"n"}," нови пораки"]},"$x":[{"t":"idOrVar","v":"plural"},"n"]},{"$i":"new-emails-notify-multiple-accounts","$v":{"few":[{"t":"idOrVar","v":"n"}," нови пораки (",{"t":"idOrVar","v":"accountName"},")"],"many":[{"t":"idOrVar","v":"n"}," нови пораки (",{"t":"idOrVar","v":"accountName"},")"],"one":["1 нова порака (",{"t":"idOrVar","v":"accountName"},")"],"other":[{"t":"idOrVar","v":"n"}," нови пораки (",{"t":"idOrVar","v":"accountName"},")"],"two":[{"t":"idOrVar","v":"n"}," нови пораки (",{"t":"idOrVar","v":"accountName"},")"]},"$x":[{"t":"idOrVar","v":"plural"},"n"]},{"$i":"new-emails-notify-multiple-accounts-body","$v":[{"t":"idOrVar","v":"from"}," “",{"t":"idOrVar","v":"subject"},"”"]},{"$i":"tng-plain-socket-warning-title","$v":"Are you sure?"},{"$i":"tng-plain-socket-warning-message","$v":"Other people may be able to see your passwords and emails or control your account."},{"$i":"tng-plain-socket-warning-message-options","$v":"There are multiple, free email providers that offer more secure, encrypted connections."},{"$i":"tng-plain-socket-learn-more","$v":"Learn more"},{"$i":"tng-plain-socket-warning-ok","$v":"I understand"},{"$i":"message-reader-next-button","ariaLabel":"Next"},{"$i":"message-reader-previous-button","ariaLabel":"Previous"},{"$i":"message-reader-date-received","ariaLabel":"Received"},{"$i":"weekday-0-long","$v":"Недела"},{"$i":"weekday-1-long","$v":"Понеделник"},{"$i":"weekday-2-long","$v":"Вторник"},{"$i":"weekday-3-long","$v":"Среда"},{"$i":"weekday-4-long","$v":"Четврток"},{"$i":"weekday-5-long","$v":"Петок"},{"$i":"weekday-6-long","$v":"Сабота"},{"$i":"weekday-0-short","$v":"Нед"},{"$i":"weekday-1-short","$v":"Пон"},{"$i":"weekday-2-short","$v":"Вто"},{"$i":"weekday-3-short","$v":"Сре"},{"$i":"weekday-4-short","$v":"Чет"},{"$i":"weekday-5-short","$v":"Пет"},{"$i":"weekday-6-short","$v":"Саб"},{"$i":"month-0-long","$v":"јануари"},{"$i":"month-1-long","$v":"февруари"},{"$i":"month-2-long","$v":"март"},{"$i":"month-3-long","$v":"април"},{"$i":"month-4-long","$v":"мај"},{"$i":"month-5-long","$v":"јуни"},{"$i":"month-6-long","$v":"јули"},{"$i":"month-7-long","$v":"август"},{"$i":"month-8-long","$v":"септември"},{"$i":"month-9-long","$v":"октомври"},{"$i":"month-10-long","$v":"ноември"},{"$i":"month-11-long","$v":"декември"},{"$i":"month-0-genitive","$v":"јануари"},{"$i":"month-1-genitive","$v":"февруари"},{"$i":"month-2-genitive","$v":"март"},{"$i":"month-3-genitive","$v":"април"},{"$i":"month-4-genitive","$v":"мај"},{"$i":"month-5-genitive","$v":"јуни"},{"$i":"month-6-genitive","$v":"јули"},{"$i":"month-7-genitive","$v":"август"},{"$i":"month-8-genitive","$v":"септември"},{"$i":"month-9-genitive","$v":"октомври"},{"$i":"month-10-genitive","$v":"ноември"},{"$i":"month-11-genitive","$v":"декември"},{"$i":"month-0-short","$v":"јан"},{"$i":"month-1-short","$v":"фев"},{"$i":"month-2-short","$v":"мар"},{"$i":"month-3-short","$v":"апр"},{"$i":"month-4-short","$v":"мај"},{"$i":"month-5-short","$v":"јун"},{"$i":"month-6-short","$v":"јул"},{"$i":"month-7-short","$v":"авг"},{"$i":"month-8-short","$v":"сеп"},{"$i":"month-9-short","$v":"окт"},{"$i":"month-10-short","$v":"ное"},{"$i":"month-11-short","$v":"дек"},{"$i":"minutes-ago-long","$v":{"zero":"сега","one":"пред една минута","two":["пред ",{"t":"idOrVar","v":"value"}," минути"],"few":["пред ",{"t":"idOrVar","v":"value"}," минути"],"many":["пред ",{"t":"idOrVar","v":"value"}," минути"],"other":["пред ",{"t":"idOrVar","v":"value"}," минути"]},"$x":[{"t":"idOrVar","v":"plural"},"value"]},{"$i":"hours-ago-long","$v":{"zero":"сега","one":"пред еден час","two":["пред ",{"t":"idOrVar","v":"value"}," часа"],"few":["пред ",{"t":"idOrVar","v":"value"}," часа"],"many":["пред ",{"t":"idOrVar","v":"value"}," часови"],"other":["пред ",{"t":"idOrVar","v":"value"}," часови"]},"$x":[{"t":"idOrVar","v":"plural"},"value"]},{"$i":"days-ago-long","$v":{"zero":"денес","one":"вчера","two":["пред ",{"t":"idOrVar","v":"value"}," дена"],"few":["пред ",{"t":"idOrVar","v":"value"}," дена"],"many":["пред ",{"t":"idOrVar","v":"value"}," денови"],"other":["пред ",{"t":"idOrVar","v":"value"}," денови"]},"$x":[{"t":"idOrVar","v":"plural"},"value"]},{"$i":"weeks-ago-long","$v":{"zero":"оваа недела","one":"минатата недела","two":["пред ",{"t":"idOrVar","v":"value"}," недели"],"few":["пред ",{"t":"idOrVar","v":"value"}," недели"],"many":["пред ",{"t":"idOrVar","v":"value"}," недели"],"other":["пред ",{"t":"idOrVar","v":"value"}," недели"]},"$x":[{"t":"idOrVar","v":"plural"},"value"]},{"$i":"months-ago-long","$v":{"zero":"овој месец","one":"минатиот месец","two":["пред ",{"t":"idOrVar","v":"value"}," месеци"],"few":["пред ",{"t":"idOrVar","v":"value"}," месеци"],"many":["пред ",{"t":"idOrVar","v":"value"}," месеци"],"other":["пред ",{"t":"idOrVar","v":"value"}," месеци"]},"$x":[{"t":"idOrVar","v":"plural"},"value"]},{"$i":"years-ago-long","$v":{"zero":"оваа година","one":"минатата година","two":["пред ",{"t":"idOrVar","v":"value"}," години"],"few":["пред ",{"t":"idOrVar","v":"value"}," години"],"many":["пред ",{"t":"idOrVar","v":"value"}," години"],"other":["пред ",{"t":"idOrVar","v":"value"}," години"]},"$x":[{"t":"idOrVar","v":"plural"},"value"]},{"$i":"minutes-until-long","$v":{"zero":"сега","one":"за една минута","two":["за ",{"t":"idOrVar","v":"value"}," минути"],"few":["за ",{"t":"idOrVar","v":"value"}," минути"],"many":["за ",{"t":"idOrVar","v":"value"}," минути"],"other":["за ",{"t":"idOrVar","v":"value"}," минути"]},"$x":[{"t":"idOrVar","v":"plural"},"value"]},{"$i":"hours-until-long","$v":{"zero":"сега","one":"за еден час","two":["за ",{"t":"idOrVar","v":"value"}," часа"],"few":["за ",{"t":"idOrVar","v":"value"}," часа"],"many":["за ",{"t":"idOrVar","v":"value"}," часови"],"other":["за ",{"t":"idOrVar","v":"value"}," часови"]},"$x":[{"t":"idOrVar","v":"plural"},"value"]},{"$i":"days-until-long","$v":{"zero":"денес","one":"утре","two":["за ",{"t":"idOrVar","v":"value"}," дена"],"few":["за ",{"t":"idOrVar","v":"value"}," дена"],"many":["за ",{"t":"idOrVar","v":"value"}," денови"],"other":["за ",{"t":"idOrVar","v":"value"}," денови"]},"$x":[{"t":"idOrVar","v":"plural"},"value"]},{"$i":"weeks-until-long","$v":{"zero":"оваа седмица","one":"следната седмица","two":["за ",{"t":"idOrVar","v":"value"}," седмици"],"few":["за ",{"t":"idOrVar","v":"value"}," седмици"],"many":["за ",{"t":"idOrVar","v":"value"}," седмици"],"other":["за ",{"t":"idOrVar","v":"value"}," седмици"]},"$x":[{"t":"idOrVar","v":"plural"},"value"]},{"$i":"months-until-long","$v":{"zero":"овој месец","one":"следниот месец","two":["за ",{"t":"idOrVar","v":"value"}," месеци"],"few":["за ",{"t":"idOrVar","v":"value"}," месеци"],"many":["за ",{"t":"idOrVar","v":"value"}," месеци"],"other":["за ",{"t":"idOrVar","v":"value"}," месеци"]},"$x":[{"t":"idOrVar","v":"plural"},"value"]},{"$i":"years-until-long","$v":{"zero":"оваа година","one":"следната година","two":["за ",{"t":"idOrVar","v":"value"}," години"],"few":["за ",{"t":"idOrVar","v":"value"}," години"],"many":["за ",{"t":"idOrVar","v":"value"}," години"],"other":["за ",{"t":"idOrVar","v":"value"}," години"]},"$x":[{"t":"idOrVar","v":"plural"},"value"]},{"$i":"minutes-ago-short","$v":{"zero":"сега","other":["пред ",{"t":"idOrVar","v":"value"},"m"]},"$x":[{"t":"idOrVar","v":"plural"},"value"]},{"$i":"hours-ago-short","$v":{"zero":"сега","other":["пред ",{"t":"idOrVar","v":"value"},"h"]},"$x":[{"t":"idOrVar","v":"plural"},"value"]},{"$i":"days-ago-short","$v":{"zero":"денес","other":["пред ",{"t":"idOrVar","v":"value"},"d"]},"$x":[{"t":"idOrVar","v":"plural"},"value"]},{"$i":"minutes-until-short","$v":{"zero":"сега","other":["за ",{"t":"idOrVar","v":"value"},"m"]},"$x":[{"t":"idOrVar","v":"plural"},"value"]},{"$i":"hours-until-short","$v":{"zero":"сега","other":["за ",{"t":"idOrVar","v":"value"},"h"]},"$x":[{"t":"idOrVar","v":"plural"},"value"]},{"$i":"days-until-short","$v":{"zero":"денес","other":["за ",{"t":"idOrVar","v":"value"},"d"]},"$x":[{"t":"idOrVar","v":"plural"},"value"]},{"$i":"incorrectDate","$v":"(неточен датум)"},{"$i":"dateTimeFormat_%c","$v":"%a %b %e %Y %H:%M:%S"},{"$i":"dateTimeFormat_%x","$v":"%d/%m/%Y"},{"$i":"dateTimeFormat_%X","$v":"%H:%M:%S"},{"$i":"shortTimeFormat","$v":"%H:%M"},{"$i":"shortTimeFormat12","$v":"%I:%M %p"},{"$i":"shortTimeFormat24","$v":"%H:%M"},{"$i":"shortDateTimeFormat","$v":"%x %H:%M"},{"$i":"weekStartsOnMonday","$v":"1"},{"$i":"firstDayOfTheWeek","$v":"0"},{"$i":"time_am","$v":"AM"},{"$i":"time_pm","$v":"PM"}]