[{"$i":"back-button","ariaLabel":"Back"},{"$i":"close-button","ariaLabel":"Close"},{"$i":"setup-app-name-header","$v":"Mel"},{"$i":"setup-empty-account-message","$v":"You are not set up to send or receive email. Set up an account to complete the action."},{"$i":"setup-pick-service","$v":"Untuk menghantar dan menerima emel, anda perlu menyediakan satu akaun."},{"$i":"setup-account-header3","$v":"Akaun Baru"},{"$i":"setup-account-enter-password","$v":"Enter Password For:"},{"$i":"setup-info-name","placeholder":"Nama Anda"},{"$i":"setup-info-email","placeholder":"seseorang@contoh.com"},{"$i":"setup-info-password","placeholder":"Kata laluan"},{"$i":"setup-info-next","$v":"Maju"},{"$i":"setup-progress-wait-msg","$v":"Menetapkan akaun"},{"$i":"setup-completed-header","$v":"Penyediaan akaun mel"},{"$i":"setup-completed-label","$v":"Semua selesai!"},{"$i":"setup-add-another-account","$v":"Tambah akaun lain"},{"$i":"setup-show-mail","$v":"Teruskan ke Mel"},{"$i":"setup-error-offline","$v":"Peranti ini berada di luar talian. Sila sambungkan ke rangkaian dan cuba lagi."},{"$i":"setup-error-bad-user-or-pass2","$v":"Nama pengguna atau kata laluan tidak sah. Periksa kesilapan ejaan."},{"$i":"setup-error-bad-address","$v":"Alamat emel tidak sah. Sila semak ejaan."},{"$i":"setup-error-not-authorized","$v":"Menurut server, anda tidak mempunyai kebenaran untuk membuat akaun "},{"$i":"setup-error-pop-server-not-great","$v":"Pelayan tidak disokong. Pelayan POP3 tidak mengimplemen ciri yang diperlukan."},{"$i":"setup-error-unknown2","$v":"Kesilapan yang tidak diketahui telah berlaku. Sila periksa sambungan talian anda atau cuba pilih konfigurasi manual."},{"$i":"setup-error-needs-app-pass","$v":"Anda mesti gunakan pengaplikasian kata laluan spesifik untuk akaun Gmail dua fakor"},{"$i":"setup-error-imap-disabled","$v":"Anda mesti bolehkan IMAP pada akaun Gmail anda"},{"$i":"setup-error-pop3-disabled","$v":"Anda mesti bolehkan POP3 pada akaun Gmail anda"},{"$i":"setup-error-bad-security","$v":["Tidak dapat menubuhkan sambungan selamat ke \"",{"t":"idOrVar","v":"server"},"\". Mungkin terdapat masalah pada rangkaian atau pelayan anda."]},{"$i":"setup-error-unresponsive-server","$v":["Tidak dapat menubuhkan sambungan ke \"",{"t":"idOrVar","v":"server"},"\". Mungkin terdapat masalah pada rangkaian atau pelayan anda."]},{"$i":"setup-error-server-problem","$v":["Terdapat masalah dengan pelayan \"",{"t":"idOrVar","v":"server"},"\". Cuba lagi nanti."]},{"$i":"setup-error-no-config-info","$v":"Tidak dapat mengkonfigur akaun anda secara automatik. Betulkan alamat email atau cuba pilih konfigurasi manual."},{"$i":"setup-error-server-maintenance","$v":["Pelayan \"",{"t":"idOrVar","v":"server"},"\" diluar talian kerana penyelenggaraan. Cuba lagi nanti."]},{"$i":"setup-error-account-already-exists","$v":"Akaun ini telah pun dikonfigur."},{"$i":"setup-manual-config2","$v":"Penetapan manual"},{"$i":"setup-manual-config-header","$v":"Penetapan Manual"},{"$i":"setup-manual-account-type","$v":"Jenis akaun"},{"$i":"setup-manual-account-type-select","ariaLabel":"Account type"},{"$i":"setup-manual-imap-header","$v":"Tetapan IMAP"},{"$i":"setup-manual-pop3-header","$v":"Tetapan POP3"},{"$i":"setup-manual-smtp-header","$v":"Tetapan SMTP"},{"$i":"setup-manual-activesync-header","$v":"Tetapan ActiveSync"},{"$i":"setup-manual-next","$v":"Maju"},{"$i":"setup-manual-socket","$v":"Jenis Soket"},{"$i":"setup-manual-socket-ssl","$v":"SSL"},{"$i":"setup-manual-socket-starttls","$v":"STARTTLS"},{"$i":"setup-manual-socket-select","ariaLabel":"Connection security"},{"$i":"setup-manual-socket-plain","$v":"Unencrypted (insecure)"},{"$i":"setup-manual-hostname","placeholder":"Nama hos"},{"$i":"setup-manual-port","placeholder":"Nombor Port"},{"$i":"setup-manual-username","placeholder":"Nama pengguna"},{"$i":"setup-manual-activesync-username","placeholder":"Domain\\Nama pengguna"},{"$i":"setup-bad-password-header","$v":"Kata laluan buruk!"},{"$i":"setup-bad-password","$v":"Kami tidak dapat log masuk anda ke pelayan. Mungkin kata laluan anda salah?"},{"$i":"setup-new-password","placeholder":"Kata laluan baru"},{"$i":"setup-fix-password","$v":"Cuba semua dengan kata laluan baru"},{"$i":"setup-gmail-twofactor-header","$v":"Dua-Faktor Dibolehkan"},{"$i":"setup-gmail-twofactor-message","$v":"Anda perlu memasukkan katalaluan spesifik-aplikasi di bawah."},{"$i":"setup-gmail-twofactor-fix","$v":"Gunakan katalaluan aplikasi"},{"$i":"setup-gmail-imap-header","$v":"IMAP Dilumpuhkan"},{"$i":"setup-gmail-imap-message","$v":"Anda mesti bolehkan IMAP pada akaun Gmail anda"},{"$i":"setup-gmail-imap-retry","$v":"Cuba lagi"},{"$i":"setup-gmail-pop3-header","$v":"POP3 Dilumpuhkan"},{"$i":"setup-gmail-pop3-message","$v":"Anda mesti bolehkan POP3 pada akaun Gmail anda"},{"$i":"setup-gmail-pop3-retry","$v":"Cuba lagi"},{"$i":"setup-fix-oauth2-header","$v":"Reauthorize Email"},{"$i":"setup-fix-oauth2-description","$v":"Email needs to be reauthorized to access the following account:"},{"$i":"setup-fix-oauth2-reauthorize","$v":"Reauthorize"},{"$i":"settings-main-header","$v":"Tetapan Mel"},{"$i":"settings-sub-header-account","$v":"Akaun"},{"$i":"settings-account-group","ariaLabel":"Account"},{"$i":"settings-account-name","$v":"Nama Anda"},{"$i":"settings-account-display-notifications","$v":"Paparkan nitifikasi untuk mesej baru"},{"$i":"settings-account-play-sound-onsend","$v":"Mainkan bunyi selepas mesej dihantar"},{"$i":"settings-empty-signature-label","$v":"Ketik untuk Edit"},{"$i":"settings-account-signature-label","$v":"Tandatangan"},{"$i":"settings-account-signature-textbox","ariaLabel":"Signature"},{"$i":"signature-save","$v":"Simpan Tandatangan"},{"$i":"signature-discard-confirm","$v":"Buang"},{"$i":"settings-sub-header-data","$v":"Data"},{"$i":"settings-data-group","ariaLabel":"Data"},{"$i":"settings-account-check-mail","$v":"Periksa mesej baru"},{"$i":"settings-account-check-mail-select","ariaLabel":"Check for new messages"},{"$i":"settings-sub-header-server","$v":"Tetapan pelayan"},{"$i":"settings-server-group","ariaLabel":"Server settings"},{"$i":"settings-account-userpass","$v":"Nama pengguna dan kata laluan"},{"$i":"settings-account-useroauth2","$v":"Username"},{"$i":"settings-default-signature-2","$v":"Hantar Menggunakan Firefox OS"},{"$i":"settings-done","$v":"Selesai"},{"$i":"settings-account-section","$v":"Akaun"},{"$i":"settings-account-listbox","ariaLabel":"Accounts"},{"$i":"settings-account-add","$v":"Tambah akaun"},{"$i":"settings-account-delete","$v":"Hapus akaun"},{"$i":"settings-account-delete-prompt","$v":["Anda pasti untuk menghapus akaun mail ",{"t":"idOrVar","v":"account"}," anda? Anda perlu memuat turun semula mel anda jika anda mencipta semula akaun."]},{"$i":"settings-account-delete-cancel","$v":"Batal"},{"$i":"settings-account-delete-confirm","$v":"Hapus"},{"$i":"settings-account-clarify-imap","$v":[{"t":"idOrVar","v":"account-name"}," (IMAP)"]},{"$i":"settings-account-clarify-pop3","$v":[{"t":"idOrVar","v":"account-name"}," (POP3)"]},{"$i":"settings-account-clarify-smtp","$v":[{"t":"idOrVar","v":"account-name"}," (SMTP)"]},{"$i":"settings-general-section","$v":"Tetapan Umum"},{"$i":"settings-show-images","$v":"Sentiasa tunjuk imej"},{"$i":"settings-download-attachments","$v":"Muat turun kepilan"},{"$i":"settings-check-every-5min","$v":"Setiap 5 minit"},{"$i":"settings-check-every-10min","$v":"Setiap 10 minit"},{"$i":"settings-check-every-15min","$v":"Setiap 15 minit"},{"$i":"settings-check-every-30min","$v":"Setiap 30 minit"},{"$i":"settings-check-every-60min","$v":"Setiap jam"},{"$i":"settings-check-every-manual","$v":"Secara Manual"},{"$i":"settings-check-dynamic","$v":{"zero":"saat","one":[{"t":"idOrVar","v":"n"}," saat"],"two":[{"t":"idOrVar","v":"n"}," saat"],"few":[{"t":"idOrVar","v":"n"}," saat"],"many":[{"t":"idOrVar","v":"n"}," saat"],"other":[{"t":"idOrVar","v":"n"}," saat"]},"$x":[{"t":"idOrVar","v":"plural"},"n"]},{"$i":"settings-default-account","$v":"Tetapkan sebagai email lalai"},{"$i":"settings-account-type","$v":"Jenis akaun"},{"$i":"settings-account-credentials","$v":"Tauliah"},{"$i":"settings-activesync-label","$v":"Tetapan ActiveSync"},{"$i":"settings-imap-label","$v":"Tetapan IMAP"},{"$i":"settings-pop3-label","$v":"Tetapan POP3"},{"$i":"settings-smtp-label","$v":"Tetapan SMTP"},{"$i":"settings-hostname","$v":"Nama hos"},{"$i":"settings-port","$v":"Port"},{"$i":"settings-username","$v":"Nama pengguna"},{"$i":"settings-password","$v":"Kata laluan"},{"$i":"settings-save","$v":"Simpan"},{"$i":"settings-password-empty","$v":"Medan kata laluan tidak boleh kosong"},{"$i":"settings-reauth","$v":"Reauthorize"},{"$i":"settings-account-synchronize-window","$v":"Hari untuk sync"},{"$i":"settings-account-synchronize-window-select","ariaLabel":"Days to sync"},{"$i":"settings-synchronize-auto","$v":"Automatik"},{"$i":"settings-synchronize-one-day","$v":"1 hari"},{"$i":"settings-synchronize-three-days","$v":"3 hari"},{"$i":"settings-synchronize-one-week","$v":"1 minggu"},{"$i":"settings-synchronize-two-weeks","$v":"2 minggu"},{"$i":"settings-synchronize-one-month","$v":"1 bulan"},{"$i":"settings-synchronize-all","$v":"Semua mesej"},{"$i":"envelope-from","$v":"Daripada"},{"$i":"envelope-to","$v":"Kepada"},{"$i":"envelope-cc","$v":"Cc"},{"$i":"envelope-bcc","$v":"Bcc"},{"$i":"message-header-state-sending","ariaLabel":"Sending"},{"$i":"message-header-state-error","ariaLabel":"Error sending"},{"$i":"message-header-unread","ariaLabel":"Unread"},{"$i":"message-header-starred","ariaLabel":"Has star"},{"$i":"message-header-attachments","ariaLabel":"Has attachments"},{"$i":"message-body-container","ariaLabel":"Message body"},{"$i":"message-body-container-progress","ariaValueText":"Loading"},{"$i":"subject","ariaLabel":"Subject"},{"$i":"message-delete-button","ariaLabel":"Delete"},{"$i":"message-star-button","ariaLabel":"Add star"},{"$i":"message-unstar-button","ariaLabel":"Remove star"},{"$i":"message-mark-read-button","ariaLabel":"Mark read"},{"$i":"message-mark-unread-button","ariaLabel":"Mark unread"},{"$i":"message-move-button","ariaLabel":"Move"},{"$i":"message-reply-forward-button","ariaLabel":"Reply or forward"},{"$i":"download-button","ariaLabel":"Download"},{"$i":"downloading-progress","ariaValueText":"Downloading"},{"$i":"view-button","ariaLabel":"View"},{"$i":"attachments-container","ariaLabel":"Attachments"},{"$i":"from-group","ariaLabel":"From"},{"$i":"to-group","ariaLabel":"To"},{"$i":"cc-group","ariaLabel":"cc"},{"$i":"bcc-group","ariaLabel":"bcc"},{"$i":"compose-header","$v":"Karang mesej"},{"$i":"compose-header-short","$v":"Karang"},{"$i":"compose-send","$v":"Hantar"},{"$i":"compose-send-button","ariaLabel":"Send"},{"$i":"compose-to","$v":"Kepada"},{"$i":"compose-cc","$v":"cc"},{"$i":"compose-bcc","$v":"bcc"},{"$i":"compose-contact-add","ariaLabel":"Add contact"},{"$i":"compose-attachments-container","ariaLabel":{"$x":[{"t":"idOrVar","v":"plural"},"kilobytes"],"$v":{"zero":"Attachments","one":["Attachments: ",{"t":"idOrVar","v":"kilobytes"},"K"],"two":["Attachments: ",{"t":"idOrVar","v":"kilobytes"},"K"],"few":["Attachments: ",{"t":"idOrVar","v":"kilobytes"},"K"],"many":["Attachments: ",{"t":"idOrVar","v":"kilobytes"},"K"],"other":["Attachments: ",{"t":"idOrVar","v":"kilobytes"},"K"]}}},{"$i":"compose-attachment-remove","ariaLabel":"Remove"},{"$i":"compose-attachment-button","ariaLabel":"Attach"},{"$i":"compose-attachments","$v":{"zero":"Kepilan","one":[{"t":"idOrVar","v":"n"}," kepilan"],"two":[{"t":"idOrVar","v":"n"}," kepilan"],"few":[{"t":"idOrVar","v":"n"}," kepilan"],"many":[{"t":"idOrVar","v":"n"}," kepilan"],"other":[{"t":"idOrVar","v":"n"}," kepilan"]},"$x":[{"t":"idOrVar","v":"plural"},"n"]},{"$i":"compose-text","ariaLabel":"Edit"},{"$i":"compose-attachment-still-working","$v":"Tunggu sebentar, masih menguruskan di lampiran yang sebelumnya..."},{"$i":"compose-subject","$v":"Subjek"},{"$i":"compose-draft-save","$v":"Simpan pada Draf Lokal"},{"$i":"compose-discard-confirm","$v":"Buang"},{"$i":"compose-send-message-failed","$v":"Menghantar email gagal"},{"$i":"composer-attachment-large","$v":"Kepilan terlalu besar"},{"$i":"composer-attachments-large","$v":"Kepilan terlalu besar"},{"$i":"compose-attchment-size-exceeded","$v":"Kepilan dipilih terlalu besar untuk dihantar dengan mesej ini."},{"$i":"compose-attchments-size-exceeded","$v":"Kepilan dipilih terlalu besar untuk dihantar dengan mesej ini. Cuba pilihan yang kurang baris."},{"$i":"dialog-button-ok","$v":"OK"},{"$i":"default-attachment-filename","$v":["kepilan",{"t":"idOrVar","v":"n"}]},{"$i":"attachment-size-kib","$v":[{"t":"idOrVar","v":"kilobytes"},"K"]},{"$i":"message-attachment-view","$v":"Lihat"},{"$i":"message-attachment-did-not-open-label","$v":"Unable to open"},{"$i":"message-attachment-did-not-open-body","$v":"The device does not have an app that can open the attachment."},{"$i":"message-attachment-too-large","$v":"Fail ini terlalu besar untuk dimuat turun."},{"$i":"message-no-subject","$v":"(tiada subjek)"},{"$i":"message-edit-menu-edit","$v":"Sunting"},{"$i":"message-edit-menu-delete","$v":"Hapus"},{"$i":"message-edit-delete-confirm","$v":"Hapus mesej email?"},{"$i":"message-send-attachment-disabled-confirm","$v":"Kepilan tidak dapat dimajukan."},{"$i":"message-multiedit-header","$v":{"zero":"Sunting","one":[{"t":"idOrVar","v":"n"}," dipilih"],"two":[{"t":"idOrVar","v":"n"}," dipilih"],"few":[{"t":"idOrVar","v":"n"}," dipilih"],"many":[{"t":"idOrVar","v":"n"}," dipilih"],"other":[{"t":"idOrVar","v":"n"}," dipilih"]},"$x":[{"t":"idOrVar","v":"plural"},"n"]},{"$i":"browse-to-url-prompt","$v":["Layari URL?: ",{"t":"idOrVar","v":"url"}]},{"$i":"message-download-images-tap","$v":{"one":"E-mel ini mengandungi satu imej. Ketik untuk muat turun.","two":["E-mel ini mengandungi ",{"t":"idOrVar","v":"n"}," imej. Ketik untuk muat turun."],"few":["E-mel ini mengandungi ",{"t":"idOrVar","v":"n"}," imej. Ketik untuk muat turun."],"many":["E-mel ini mengandungi ",{"t":"idOrVar","v":"n"}," imej. Ketik untuk muat turun."],"other":["E-mel ini mengandungi ",{"t":"idOrVar","v":"n"}," imej. Ketik untuk muat turun."]},"$x":[{"t":"idOrVar","v":"plural"},"n"]},{"$i":"message-show-external-images","$v":"Tunjuk imej luaran"},{"$i":"message-multiedit-cancel","$v":"Batal"},{"$i":"message-multiedit-delete-confirm","$v":{"one":"Hapus mesej email ini?","two":["Hapus ",{"t":"idOrVar","v":"n"}," mesej email?"],"few":["Hapus ",{"t":"idOrVar","v":"n"}," mesej email?"],"many":["Hapus ",{"t":"idOrVar","v":"n"}," mesej email?"],"other":["Hapus ",{"t":"idOrVar","v":"n"}," mesej email?"]},"$x":[{"t":"idOrVar","v":"plural"},"n"]},{"$i":"message-large-message-cancel","$v":"Batal"},{"$i":"message-large-message-ok","$v":"Teruskan"},{"$i":"message-large-message-confirm","$v":"Mesej ini besar dan akan mengambil sedikit masa untuk dimuat turun."},{"$i":"message-search-from","$v":"Daripada"},{"$i":"message-search-to","$v":"Kepada"},{"$i":"message-search-subject","$v":"Subjek"},{"$i":"message-search-body","$v":"Badan"},{"$i":"message-search-all","$v":"Semua"},{"$i":"message-search-input","placeholder":"Carian Mel"},{"$i":"message-search-cancel","$v":"Batal"},{"$i":"messages-syncing","$v":"Memuat Mesej"},{"$i":"messages-load-more","$v":"Muatkan Lagi Mesej"},{"$i":"messages-folder-empty","$v":"Tiada mel dalam Folder ini"},{"$i":"messages-search-empty","$v":"Tiada padanan dalam mesej yang dicached lokal"},{"$i":"messages-folder-select","$v":"Pilih folder"},{"$i":"messages-folder-unread-max","$v":"999+"},{"$i":"message-contact-menu-create","$v":"Simpan kenalan baru"},{"$i":"message-contact-menu-add-existing","$v":"Tambah kepada kenalan sedia ada"},{"$i":"message-contact-menu-view","$v":"Lihat kenalan"},{"$i":"message-contact-menu-reply","$v":"Balas"},{"$i":"message-contact-menu-new","$v":"Hantar mel baru"},{"$i":"message-reply-menu-reply","$v":"Balas"},{"$i":"message-reply-menu-reply-all","$v":"Balas Semua"},{"$i":"message-reply-menu-forward","$v":"Majukan"},{"$i":"message-reply-menu-cancel","$v":"Batal"},{"$i":"reply-quoting-wrote","$v":"{name} menulis"},{"$i":"forward-original-message","$v":"Mesej asal"},{"$i":"forward-header-subject","$v":"Subjek"},{"$i":"forward-header-date","$v":"Tarikh"},{"$i":"forward-header-from","$v":"Daripada"},{"$i":"forward-header-reply-to","$v":"Balasan Kepada"},{"$i":"forward-header-to","$v":"Kepada"},{"$i":"forward-header-cc","$v":"Cc"},{"$i":"folder-inbox","$v":"Inbox"},{"$i":"folder-sent","$v":"Hantar"},{"$i":"folder-drafts","$v":"Draf"},{"$i":"folder-trash","$v":"Tong"},{"$i":"folder-queue","$v":"Belum hantar"},{"$i":"folder-junk","$v":"Sampah"},{"$i":"folder-archives","$v":"Arkib"},{"$i":"folder-localdrafts","$v":"Draf Lokal"},{"$i":"folder-outbox","$v":"Peti keluar"},{"$i":"drawer-back","$v":"Kembali"},{"$i":"drawer-accounts-header","$v":"Akaun"},{"$i":"drawer-settings-link","$v":"Tetapan"},{"$i":"folder-last-synced-label","$v":"Sync terakhir:"},{"$i":"messages-refresh-button","ariaLabel":"Refresh"},{"$i":"messages-refresh-progress","ariaValueText":"Refreshing"},{"$i":"edit-button","ariaLabel":"Edit"},{"$i":"message-list-top-action","$v":"Atas"},{"$i":"message-list-menu","ariaLabel":"Folders and settings"},{"$i":"message-list-compose","ariaLabel":"Compose"},{"$i":"toaster-undo","$v":"Buat asal"},{"$i":"toaster-message-star","$v":{"one":"1 mesej dibendera","two":[{"t":"idOrVar","v":"n"}," mesej dibendera"],"few":[{"t":"idOrVar","v":"n"}," mesej dibendera"],"many":[{"t":"idOrVar","v":"n"}," mesej dibendera"],"other":[{"t":"idOrVar","v":"n"}," mesej dibendera"]},"$x":[{"t":"idOrVar","v":"plural"},"n"]},{"$i":"toaster-message-unstar","$v":{"one":"1 mesej bendera disingkir","two":[{"t":"idOrVar","v":"n"}," mesej bendera disingkir"],"few":[{"t":"idOrVar","v":"n"}," mesej bendera disingkir"],"many":[{"t":"idOrVar","v":"n"}," mesej bendera disingkir"],"other":[{"t":"idOrVar","v":"n"}," mesej bendera disingkir"]},"$x":[{"t":"idOrVar","v":"plural"},"n"]},{"$i":"toaster-message-read","$v":{"one":"1 mesej ditanda sebagai baca","two":[{"t":"idOrVar","v":"n"}," mesej ditanda sebagai baca"],"few":[{"t":"idOrVar","v":"n"}," mesej ditanda sebagai baca"],"many":[{"t":"idOrVar","v":"n"}," mesej ditanda sebagai baca"],"other":[{"t":"idOrVar","v":"n"}," mesej ditanda sebagai baca"]},"$x":[{"t":"idOrVar","v":"plural"},"n"]},{"$i":"toaster-message-unread","$v":{"one":"1 mesej ditanda sebagai belum baca","two":[{"t":"idOrVar","v":"n"}," mesej ditanda sebagai belum baca"],"few":[{"t":"idOrVar","v":"n"}," mesej ditanda sebagai belum baca"],"many":[{"t":"idOrVar","v":"n"}," mesej ditanda sebagai belum baca"],"other":[{"t":"idOrVar","v":"n"}," mesej ditanda sebagai belum baca"]},"$x":[{"t":"idOrVar","v":"plural"},"n"]},{"$i":"toaster-message-move","$v":{"one":"1 mesej dipindah","two":[{"t":"idOrVar","v":"n"}," mesej dipindah"],"few":[{"t":"idOrVar","v":"n"}," mesej dipindah"],"many":[{"t":"idOrVar","v":"n"}," mesej dipindah"],"other":[{"t":"idOrVar","v":"n"}," mesej dipindah"]},"$x":[{"t":"idOrVar","v":"plural"},"n"]},{"$i":"toaster-message-delete","$v":{"one":"1 mesej diphapus","two":[{"t":"idOrVar","v":"n"}," mesej dihapus"],"few":[{"t":"idOrVar","v":"n"}," mesej dihapus"],"many":[{"t":"idOrVar","v":"n"}," mesej dihapus"],"other":[{"t":"idOrVar","v":"n"}," mesej dihapus"]},"$x":[{"t":"idOrVar","v":"plural"},"n"]},{"$i":"toaster-retryable-syncfailed","$v":"Tidak dapat menyambung ke pelayan"},{"$i":"compose-invalid-addresses-title","$v":"Alamat Tidak Sah"},{"$i":"compose-invalid-addresses-description","$v":"Mesej anda mengandungi satu atau lebih alamat e-mel yang tidak sah. Sila betulkan sebelum menghantar."},{"$i":"background-send-pending","$v":"Rangkaian tidak didapati. Emel disimpan ke peti keluar."},{"$i":"background-send-sending","$v":"Menghantar email…"},{"$i":"background-send-success","$v":"Mel dihantar."},{"$i":"background-send-error","$v":"Ralat berlaku. Emel disimpan ke peti keluar."},{"$i":"background-send-error-recipients","$v":"Ralat penerima. Emel disimpan ke peti keluar."},{"$i":"background-send-error-title","$v":"Mel gagal dihantar"},{"$i":"send-failure-recipients","$v":"Semak ejaan alamat di atas. Pelayan mel anda menunjukkan satu atau lebih daripada alamat di atas adalah salah."},{"$i":"send-failure-unknown","$v":"Mesej tidak dapat dihantar."},{"$i":"form-clear-input","$v":"Singkir teks"},{"$i":"confirm-dialog-title","$v":"Pengesahan"},{"$i":"senders-separation-sign","$v":", "},{"$i":"new-messages","$v":{"one":"1 Mesej Baru","two":[{"t":"idOrVar","v":"n"}," Mesej Baru"],"few":[{"t":"idOrVar","v":"n"}," Mesej Baru"],"many":[{"t":"idOrVar","v":"n"}," Mesej Baru"],"other":[{"t":"idOrVar","v":"n"}," Mesej Baru"]},"$x":[{"t":"idOrVar","v":"plural"},"n"]},{"$i":"notification-no-subject","$v":"(no subject)"},{"$i":"new-emails-notify-one-account","$v":{"one":"1 Emel Baru","two":[{"t":"idOrVar","v":"n"}," Emel Baru"],"few":[{"t":"idOrVar","v":"n"}," Emel Baru"],"many":[{"t":"idOrVar","v":"n"}," Emel Baru"],"other":[{"t":"idOrVar","v":"n"}," Emel Baru"]},"$x":[{"t":"idOrVar","v":"plural"},"n"]},{"$i":"new-emails-notify-multiple-accounts","$v":{"one":["1 Emel Baru (",{"t":"idOrVar","v":"accountName"},")"],"two":[{"t":"idOrVar","v":"n"}," Emel Baru (",{"t":"idOrVar","v":"accountName"},")"],"few":[{"t":"idOrVar","v":"n"}," Emel Baru (",{"t":"idOrVar","v":"accountName"},")"],"many":[{"t":"idOrVar","v":"n"}," Emel Baru (",{"t":"idOrVar","v":"accountName"},")"],"other":[{"t":"idOrVar","v":"n"}," Emel Baru (",{"t":"idOrVar","v":"accountName"},")"]},"$x":[{"t":"idOrVar","v":"plural"},"n"]},{"$i":"new-emails-notify-multiple-accounts-body","$v":[{"t":"idOrVar","v":"from"}," “",{"t":"idOrVar","v":"subject"},"”"]},{"$i":"tng-plain-socket-warning-title","$v":"Are you sure?"},{"$i":"tng-plain-socket-warning-message","$v":"Other people may be able to see your passwords and emails or control your account."},{"$i":"tng-plain-socket-warning-message-options","$v":"There are multiple, free email providers that offer more secure, encrypted connections."},{"$i":"tng-plain-socket-learn-more","$v":"Learn more"},{"$i":"tng-plain-socket-warning-ok","$v":"I understand"},{"$i":"message-reader-next-button","ariaLabel":"Next"},{"$i":"message-reader-previous-button","ariaLabel":"Previous"},{"$i":"message-reader-date-received","ariaLabel":"Received"},{"$i":"weekday-0-long","$v":"Ahad"},{"$i":"weekday-1-long","$v":"Isnin"},{"$i":"weekday-2-long","$v":"Selasa"},{"$i":"weekday-3-long","$v":"Rabu"},{"$i":"weekday-4-long","$v":"Khamis"},{"$i":"weekday-5-long","$v":"Jumaat"},{"$i":"weekday-6-long","$v":"Sabtu"},{"$i":"weekday-0-short","$v":"Ahad"},{"$i":"weekday-1-short","$v":"Isnin"},{"$i":"weekday-2-short","$v":"Selasa"},{"$i":"weekday-3-short","$v":"Rabu"},{"$i":"weekday-4-short","$v":"Khamis"},{"$i":"weekday-5-short","$v":"Jumaat"},{"$i":"weekday-6-short","$v":"Sabtu"},{"$i":"month-0-long","$v":"Januari"},{"$i":"month-1-long","$v":"Februari"},{"$i":"month-2-long","$v":"Mac"},{"$i":"month-3-long","$v":"April"},{"$i":"month-4-long","$v":"Mei"},{"$i":"month-5-long","$v":"Jun"},{"$i":"month-6-long","$v":"Julai"},{"$i":"month-7-long","$v":"Ogos"},{"$i":"month-8-long","$v":"September"},{"$i":"month-9-long","$v":"Oktober"},{"$i":"month-10-long","$v":"November"},{"$i":"month-11-long","$v":"Disember"},{"$i":"month-0-genitive","$v":"Januari"},{"$i":"month-1-genitive","$v":"Februari"},{"$i":"month-2-genitive","$v":"Mac"},{"$i":"month-3-genitive","$v":"April"},{"$i":"month-4-genitive","$v":"Mei"},{"$i":"month-5-genitive","$v":"Jun"},{"$i":"month-6-genitive","$v":"Julai"},{"$i":"month-7-genitive","$v":"Ogos"},{"$i":"month-8-genitive","$v":"September"},{"$i":"month-9-genitive","$v":"Oktober"},{"$i":"month-10-genitive","$v":"November"},{"$i":"month-11-genitive","$v":"Disember"},{"$i":"month-0-short","$v":"Jan"},{"$i":"month-1-short","$v":"Feb"},{"$i":"month-2-short","$v":"Mac"},{"$i":"month-3-short","$v":"Apr"},{"$i":"month-4-short","$v":"Mei"},{"$i":"month-5-short","$v":"Jun"},{"$i":"month-6-short","$v":"Jul"},{"$i":"month-7-short","$v":"Ogos"},{"$i":"month-8-short","$v":"Sep"},{"$i":"month-9-short","$v":"Okt"},{"$i":"month-10-short","$v":"Nov"},{"$i":"month-11-short","$v":"Dis"},{"$i":"minutes-ago-long","$v":{"zero":"sebentar tadi","one":"satu minit lalu","two":[{"t":"idOrVar","v":"value"}," minit lalu"],"few":[{"t":"idOrVar","v":"value"}," minit lalu"],"many":[{"t":"idOrVar","v":"value"}," minit lalu"],"other":[{"t":"idOrVar","v":"value"}," minit lalu"]},"$x":[{"t":"idOrVar","v":"plural"},"value"]},{"$i":"hours-ago-long","$v":{"zero":"sebentar tadi","one":"sejam yang lalu","two":[{"t":"idOrVar","v":"value"}," jam lalu"],"few":[{"t":"idOrVar","v":"value"}," jam lalu"],"many":[{"t":"idOrVar","v":"value"}," jam lalu"],"other":[{"t":"idOrVar","v":"value"}," jam lalu"]},"$x":[{"t":"idOrVar","v":"plural"},"value"]},{"$i":"days-ago-long","$v":{"zero":"hari ini","one":"semalam","two":[{"t":"idOrVar","v":"value"}," hari lalu"],"few":[{"t":"idOrVar","v":"value"}," hari lalu"],"many":[{"t":"idOrVar","v":"value"}," hari lalu"],"other":[{"t":"idOrVar","v":"value"}," hari lalu"]},"$x":[{"t":"idOrVar","v":"plural"},"value"]},{"$i":"weeks-ago-long","$v":{"zero":"minggu ini","one":"minggu lalu","two":[{"t":"idOrVar","v":"value"}," minggu lalu"],"few":[{"t":"idOrVar","v":"value"}," minggu lalu"],"many":[{"t":"idOrVar","v":"value"}," minggu lalu"],"other":[{"t":"idOrVar","v":"value"}," minggu lalu"]},"$x":[{"t":"idOrVar","v":"plural"},"value"]},{"$i":"months-ago-long","$v":{"zero":"bulan ini","one":"bulan lalu","two":[{"t":"idOrVar","v":"value"}," bulan lalu"],"few":[{"t":"idOrVar","v":"value"}," bulan lalu"],"many":[{"t":"idOrVar","v":"value"}," minit lalu"],"other":[{"t":"idOrVar","v":"value"}," minit lalu"]},"$x":[{"t":"idOrVar","v":"plural"},"value"]},{"$i":"years-ago-long","$v":{"zero":"tahun ini","one":"tahun lalu","two":[{"t":"idOrVar","v":"value"}," tahun lalu"],"few":[{"t":"idOrVar","v":"value"}," tahun lalu"],"many":[{"t":"idOrVar","v":"value"}," tahun lalu"],"other":[{"t":"idOrVar","v":"value"}," tahun lalu"]},"$x":[{"t":"idOrVar","v":"plural"},"value"]},{"$i":"minutes-until-long","$v":{"zero":"sekarang","one":"dalam satu minit","two":["dalam ",{"t":"idOrVar","v":"value"}," minit"],"few":["dalam ",{"t":"idOrVar","v":"value"}," minit"],"many":["dalam ",{"t":"idOrVar","v":"value"}," minit"],"other":["dalam ",{"t":"idOrVar","v":"value"}," minit"]},"$x":[{"t":"idOrVar","v":"plural"},"value"]},{"$i":"hours-until-long","$v":{"zero":"sekarang","one":"dalam satu jam","two":["dalam ",{"t":"idOrVar","v":"value"}," jam"],"few":["dalam ",{"t":"idOrVar","v":"value"}," jam"],"many":["dalam ",{"t":"idOrVar","v":"value"}," jam"],"other":["dalam ",{"t":"idOrVar","v":"value"}," jam"]},"$x":[{"t":"idOrVar","v":"plural"},"value"]},{"$i":"days-until-long","$v":{"zero":"hari ini","one":"esok","two":["dalam ",{"t":"idOrVar","v":"value"}," hari"],"few":["dalam ",{"t":"idOrVar","v":"value"}," hari"],"many":["dalam ",{"t":"idOrVar","v":"value"}," hari"],"other":["dalam ",{"t":"idOrVar","v":"value"}," hari"]},"$x":[{"t":"idOrVar","v":"plural"},"value"]},{"$i":"weeks-until-long","$v":{"zero":"minggu ini","one":"minggu depan","two":["dalam ",{"t":"idOrVar","v":"value"}," minggu"],"few":["dalam ",{"t":"idOrVar","v":"value"}," minggu"],"many":["dalam ",{"t":"idOrVar","v":"value"}," minggu"],"other":["dalam ",{"t":"idOrVar","v":"value"}," minggu"]},"$x":[{"t":"idOrVar","v":"plural"},"value"]},{"$i":"months-until-long","$v":{"zero":"bulan ini","one":"bulan depan","two":["dalam ",{"t":"idOrVar","v":"value"}," bulan"],"few":["dalam ",{"t":"idOrVar","v":"value"}," bulan"],"many":["dalam ",{"t":"idOrVar","v":"value"}," bulan"],"other":["dalam ",{"t":"idOrVar","v":"value"}," bulan"]},"$x":[{"t":"idOrVar","v":"plural"},"value"]},{"$i":"years-until-long","$v":{"zero":"tahun ini","one":"tahun depan","two":["dalam ",{"t":"idOrVar","v":"value"}," tahun"],"few":["dalam ",{"t":"idOrVar","v":"value"}," tahun"],"many":["dalam ",{"t":"idOrVar","v":"value"}," tahun"],"other":["dalam ",{"t":"idOrVar","v":"value"}," tahun"]},"$x":[{"t":"idOrVar","v":"plural"},"value"]},{"$i":"minutes-ago-short","$v":{"zero":"sebentar tadi","other":[{"t":"idOrVar","v":"value"}," minit lalu"]},"$x":[{"t":"idOrVar","v":"plural"},"value"]},{"$i":"hours-ago-short","$v":{"zero":"sebentar tadi","other":[{"t":"idOrVar","v":"value"}," jam lalu"]},"$x":[{"t":"idOrVar","v":"plural"},"value"]},{"$i":"days-ago-short","$v":{"zero":"hari ini","other":[{"t":"idOrVar","v":"value"}," hari lalu"]},"$x":[{"t":"idOrVar","v":"plural"},"value"]},{"$i":"minutes-until-short","$v":{"zero":"sekarang","other":["dalam ",{"t":"idOrVar","v":"value"}," minit"]},"$x":[{"t":"idOrVar","v":"plural"},"value"]},{"$i":"hours-until-short","$v":{"zero":"sekarang","other":["dalam ",{"t":"idOrVar","v":"value"}," jam"]},"$x":[{"t":"idOrVar","v":"plural"},"value"]},{"$i":"days-until-short","$v":{"zero":"hari ini","other":["dalam ",{"t":"idOrVar","v":"value"}," hari"]},"$x":[{"t":"idOrVar","v":"plural"},"value"]},{"$i":"incorrectDate","$v":"(tarikh tidak betul)"},{"$i":"dateTimeFormat_%c","$v":"%a %b %e %Y %I:%M:%S %p"},{"$i":"dateTimeFormat_%x","$v":"%m/%d/%Y"},{"$i":"dateTimeFormat_%X","$v":"%I:%M:%S %p"},{"$i":"shortTimeFormat","$v":"%I:%M %p"},{"$i":"shortTimeFormat12","$v":"%I:%M %p"},{"$i":"shortTimeFormat24","$v":"%H:%M"},{"$i":"shortDateTimeFormat","$v":"%x %I:%M %p"},{"$i":"weekStartsOnMonday","$v":"0"},{"$i":"firstDayOfTheWeek","$v":"0"},{"$i":"time_am","$v":"PG"},{"$i":"time_pm","$v":"PTG"}]