[{"$i":"back-button","ariaLabel":"पछाडि"},{"$i":"close-button","ariaLabel":"Close"},{"$i":"setup-app-name-header","$v":"पत्र"},{"$i":"setup-empty-account-message","$v":"You are not set up to send or receive email. Set up an account to complete the action."},{"$i":"setup-pick-service","$v":"इमेल पठाउन र पाउनका लागि तपाईले एउटा खाताको स्थापना गर्नु पर्छ।"},{"$i":"setup-account-header3","$v":"नयाँ खाता"},{"$i":"setup-account-enter-password","$v":"निम्न कार्यका लागि पासवर्ड प्रविष्ट गर्नुहोस्:"},{"$i":"setup-info-name","placeholder":"तपाईंको नाम"},{"$i":"setup-info-email","placeholder":"someone@example.com"},{"$i":"setup-info-password","placeholder":"पासवर्ड"},{"$i":"setup-info-next","$v":"पछिल्लो"},{"$i":"setup-progress-wait-msg","$v":"खाता स्थापना गर्दै"},{"$i":"setup-completed-header","$v":"मेल खाता स्थापना"},{"$i":"setup-completed-label","$v":"सबै गरियो !"},{"$i":"setup-add-another-account","$v":"अर्को खाता थप्नुहोस्"},{"$i":"setup-show-mail","$v":"Continue to Mail"},{"$i":"setup-error-offline","$v":"यो यन्त्र अहिले अफलाइन छ।कुनै सञ्जालमा जडान गरी पुन प्रयास गर्नुहोस्।"},{"$i":"setup-error-bad-user-or-pass2","$v":"अमान्य प्रयोगकर्ता नाम वा पासवर्ड | त्रुटीहरु जाँच्नुहोस् |"},{"$i":"setup-error-bad-address","$v":"अवैध इमेल ठेगाना। टाईपसको लागि जाँच गर्नुहोस्।"},{"$i":"setup-error-not-authorized","$v":"सर्भरले तपाईसँग खाता सृजना गर्नका लागि अधिकार छैन भनेर भन्यो"},{"$i":"setup-error-pop-server-not-great","$v":"सर्भर असमर्थित। यस POP3 सर्भरले आवश्यक सुविधाहरु लागू गर्दैन।"},{"$i":"setup-error-unknown2","$v":"अज्ञात त्रुटि आउन पुग्यो | तपाईको सञ्जाल जडान जाँच्नुहोस् वा आफैँले सञ्जाल जडान  मिलाउन कोसिस गर्नुहोस् |"},{"$i":"setup-error-needs-app-pass","$v":"You must use an application specific password for two-factor Gmail accounts"},{"$i":"setup-error-imap-disabled","$v":"तपाईँको जीमेल खाताका लागि तपाईँले IMAP सक्षम पार्नुपर्दछ"},{"$i":"setup-error-pop3-disabled","$v":"तपाईँको जीमेल खाताका लागि तपाईँले POP3 सक्षम पार्नुपर्दछ"},{"$i":"setup-error-bad-security","$v":["\"",{"t":"idOrVar","v":"server"},"\"सँग सुरक्षित जडान गर्न असफल | तपाईको सञ्जाल वा सर्भरमा समस्या हुन सक्छ |"]},{"$i":"setup-error-unresponsive-server","$v":["\"",{"t":"idOrVar","v":"server"},"\"सँग जडान गर्न असफल | तपाईको सञ्जालमा समस्या हुन सक्छ |"]},{"$i":"setup-error-server-problem","$v":["\"",{"t":"idOrVar","v":"server"},"\"मा समस्या छ | पुन प्रयास गर्नुहोस् |"]},{"$i":"setup-error-no-config-info","$v":"तपाईको खाता स्वतह मिलाउन असक्षम | तपाईको आफ्नो ईमेल ठेगाना मिलाउनुस् वा आफै वैकलकिप मिलाउन कोसिस गर्नुहोस् |"},{"$i":"setup-error-server-maintenance","$v":["यस सरभर \"",{"t":"idOrVar","v":"server"},"\" सुधार्नका लागि अफलाइन छ | पछि पुन प्रयास गर्नुहोस् |"]},{"$i":"setup-error-account-already-exists","$v":"यो खाता पाहिले नै कन्फिगर छ।"},{"$i":"setup-manual-config2","$v":"हाते स्थापना"},{"$i":"setup-manual-config-header","$v":"हाते स्थापना"},{"$i":"setup-manual-account-type","$v":"खाताको प्रकार"},{"$i":"setup-manual-account-type-select","ariaLabel":"खाताको प्रकार"},{"$i":"setup-manual-imap-header","$v":"IMAP सेटिङहरू"},{"$i":"setup-manual-pop3-header","$v":"POP3 सेटिङहरू"},{"$i":"setup-manual-smtp-header","$v":"SMTP सेटिङहरू"},{"$i":"setup-manual-activesync-header","$v":"ActiveSync सेटिङहरू"},{"$i":"setup-manual-next","$v":"अर्को"},{"$i":"setup-manual-socket","$v":"सकेटको प्रकार"},{"$i":"setup-manual-socket-ssl","$v":"SSL"},{"$i":"setup-manual-socket-starttls","$v":"STARTTLS"},{"$i":"setup-manual-socket-select","ariaLabel":"जडान सुरक्षा"},{"$i":"setup-manual-socket-plain","$v":"Unencrypted (insecure)"},{"$i":"setup-manual-hostname","placeholder":"होस्टनाम"},{"$i":"setup-manual-port","placeholder":"पोर्ट नम्बर"},{"$i":"setup-manual-username","placeholder":"प्रयोगकर्ताको नाम"},{"$i":"setup-manual-activesync-username","placeholder":"डोमेन \\ प्रयोगकर्ता नाम"},{"$i":"setup-bad-password-header","$v":"खराब पासवर्ड!"},{"$i":"setup-bad-password","$v":"हामीले सर्भरमा साइन-इन गर्न सकेनौ। शायद तपाईको पासवर्ड गलत छ कि?"},{"$i":"setup-new-password","placeholder":"नयाँ पासवर्ड"},{"$i":"setup-fix-password","$v":"नँया पासवर्डले पुन: प्रयास गर्नुहोस्"},{"$i":"setup-gmail-twofactor-header","$v":"दुई-फ्याक्टर सक्षम पारियो"},{"$i":"setup-gmail-twofactor-message","$v":"तपाईले तल एप्लिकेसन-विशेष पासवर्ड प्रविष्ट गर्नुपर्दछ।"},{"$i":"setup-gmail-twofactor-fix","$v":"एप्लिकेसन पासवर्ड प्रयोग गर्नुहोस्"},{"$i":"setup-gmail-imap-header","$v":"IMAP अक्षम पारिएको"},{"$i":"setup-gmail-imap-message","$v":"तपाईंको आफ्नो जीमेल खातामा तपाईंले IMAP सक्षम पार्नुपर्दछ"},{"$i":"setup-gmail-imap-retry","$v":"पुन: प्रयास गर्नुहोस्"},{"$i":"setup-gmail-pop3-header","$v":"POP3 अक्षम पारियो"},{"$i":"setup-gmail-pop3-message","$v":"तपाईंले आफ्नो जीमेल खातामा POP3 सक्षम पार्नुपर्छ"},{"$i":"setup-gmail-pop3-retry","$v":"पुन: प्रयास गर्नुहोस्"},{"$i":"setup-fix-oauth2-header","$v":"इमेल पुन: प्रमाणित गर्नुहोस्"},{"$i":"setup-fix-oauth2-description","$v":"निम्न खाता पहुँच गर्न, ईमेल पुन: प्रमाणित गर्न आवश्यक छ:"},{"$i":"setup-fix-oauth2-reauthorize","$v":"पुन: प्रमाणित"},{"$i":"settings-main-header","$v":"मेल सेटिङहरू"},{"$i":"settings-sub-header-account","$v":"खाता"},{"$i":"settings-account-group","ariaLabel":"Account"},{"$i":"settings-account-name","$v":"तपाईंको नाम"},{"$i":"settings-account-display-notifications","$v":"नयाँ सन्देशहारुको लागि सूचनाहरु प्रदर्शन गर्नुहोस्"},{"$i":"settings-account-play-sound-onsend","$v":"सन्देश गइसकेपछी ध्वनि प्ले"},{"$i":"settings-empty-signature-label","$v":"सम्पादन गर्नलाई ट्याप"},{"$i":"settings-account-signature-label","$v":"हस्ताक्षर"},{"$i":"settings-account-signature-textbox","ariaLabel":"Signature"},{"$i":"signature-save","$v":"हस्ताक्षर बचत गर्नुहोस्"},{"$i":"signature-discard-confirm","$v":"छाड्नुहोस्"},{"$i":"settings-sub-header-data","$v":"डेटा"},{"$i":"settings-data-group","ariaLabel":"Data"},{"$i":"settings-account-check-mail","$v":"नयाँ सन्देशहरुको लागि जाँच्नुहोस्"},{"$i":"settings-account-check-mail-select","ariaLabel":"Check for new messages"},{"$i":"settings-sub-header-server","$v":"सर्भर सेटिङहरू"},{"$i":"settings-server-group","ariaLabel":"Server settings"},{"$i":"settings-account-userpass","$v":"प्रयोगकर्ताको नाम र पासवर्ड"},{"$i":"settings-account-useroauth2","$v":"प्रयोगकर्ताको नाम"},{"$i":"settings-default-signature-2","$v":"फायरफक्स ओएस प्रयोग गरेर पठाउनुहोस"},{"$i":"settings-done","$v":"गरियो"},{"$i":"settings-account-section","$v":"खाताहरू"},{"$i":"settings-account-listbox","ariaLabel":"Accounts"},{"$i":"settings-account-add","$v":"खाता थप्नुहोस्"},{"$i":"settings-account-delete","$v":"खाता मेटाउनेहोस्"},{"$i":"settings-account-delete-prompt","$v":["के तपाई अाफ्नो ",{"t":"idOrVar","v":"account"}," मेल खाता मेटाउने बारे निश्चित हुनुहुन्छ? यदि तपाईले खातालाई पुन: सृजना गर्नुभयो भने तपाईले आफ्नो मेल पुन: डाउनलोड गर्नुपर्नेछ।"]},{"$i":"settings-account-delete-cancel","$v":"रद्द गर्नुहोस्"},{"$i":"settings-account-delete-confirm","$v":"मेट्नुहोस्"},{"$i":"settings-account-clarify-imap","$v":["{{खातावालको नाम}} (IMAP)"]},{"$i":"settings-account-clarify-pop3","$v":["{{खातावालको नाम}} (POP3)"]},{"$i":"settings-account-clarify-smtp","$v":[{"t":"idOrVar","v":"account-name"}," (SMTP)"]},{"$i":"settings-general-section","$v":"साधारण सेटिङ्गहरु"},{"$i":"settings-show-images","$v":"सधै छविहरु देखाउनुहोस्"},{"$i":"settings-download-attachments","$v":"संलगितहरु डाउनलोड गर्नुहोस्"},{"$i":"settings-check-every-5min","$v":"प्रत्येक ५ मिनेटमा"},{"$i":"settings-check-every-10min","$v":"प्रत्येक १० मिनेटमा"},{"$i":"settings-check-every-15min","$v":"प्रत्येक १५ मिनेटमा"},{"$i":"settings-check-every-30min","$v":"प्रत्येक ३० मिनेटमा"},{"$i":"settings-check-every-60min","$v":"प्रत्येक घण्टा"},{"$i":"settings-check-every-manual","$v":"म्यानुअल तरिकाले"},{"$i":"settings-check-dynamic","$v":{"zero":"अक्षम पारिएको","one":[{"t":"idOrVar","v":"n"}," सेकेण्ड"],"two":[{"t":"idOrVar","v":"n"}," सेकेण्ड"],"few":[{"t":"idOrVar","v":"n"}," सेकेण्ड"],"many":[{"t":"idOrVar","v":"n"}," सेकेण्ड"],"other":[{"t":"idOrVar","v":"n"}," सेकेन्ड्स्"]},"$x":[{"t":"idOrVar","v":"plural"},"n"]},{"$i":"settings-default-account","$v":"पूर्वनिर्धारित इमेलको रूपमा सेट गर्नुहोस्"},{"$i":"settings-account-type","$v":"खाता प्रकार"},{"$i":"settings-account-credentials","$v":"कागजात"},{"$i":"settings-activesync-label","$v":"ActiveSync सेटिङहरू"},{"$i":"settings-imap-label","$v":"IMAP सेटिङहरू"},{"$i":"settings-pop3-label","$v":"POP3 सेटिङहरू"},{"$i":"settings-smtp-label","$v":"SMTP सेटिङहरू"},{"$i":"settings-hostname","$v":"होस्टनाम"},{"$i":"settings-port","$v":"पोर्ट"},{"$i":"settings-username","$v":"प्रयोगकर्ता नाम"},{"$i":"settings-password","$v":"पासवर्ड"},{"$i":"settings-save","$v":"बचत गर्नुहोस्"},{"$i":"settings-password-empty","$v":"पासवर्ड फाँट खाली हुनु हुँदैनन"},{"$i":"settings-reauth","$v":"पुन: प्रमाणित"},{"$i":"settings-account-synchronize-window","$v":"समक्रमण गर्न दिनहरु"},{"$i":"settings-account-synchronize-window-select","ariaLabel":"Days to sync"},{"$i":"settings-synchronize-auto","$v":"स्वचालित"},{"$i":"settings-synchronize-one-day","$v":"१ दिन"},{"$i":"settings-synchronize-three-days","$v":"३ दिनहरू"},{"$i":"settings-synchronize-one-week","$v":"१ हप्ता"},{"$i":"settings-synchronize-two-weeks","$v":"२ हप्ता"},{"$i":"settings-synchronize-one-month","$v":"१ महिना"},{"$i":"settings-synchronize-all","$v":"सबै सन्देशहरू"},{"$i":"envelope-from","$v":"बाट"},{"$i":"envelope-to","$v":"लाई"},{"$i":"envelope-cc","$v":"बोधार्थ"},{"$i":"envelope-bcc","$v":"गुप्त बोधार्थ"},{"$i":"message-header-state-sending","ariaLabel":"Sending"},{"$i":"message-header-state-error","ariaLabel":"Error sending"},{"$i":"message-header-unread","ariaLabel":"Unread"},{"$i":"message-header-starred","ariaLabel":"Has star"},{"$i":"message-header-attachments","ariaLabel":"Has attachments"},{"$i":"message-body-container","ariaLabel":"Message body"},{"$i":"message-body-container-progress","ariaValueText":"Loading"},{"$i":"subject","ariaLabel":"Subject"},{"$i":"message-delete-button","ariaLabel":"Delete"},{"$i":"message-star-button","ariaLabel":"Add star"},{"$i":"message-unstar-button","ariaLabel":"Remove star"},{"$i":"message-mark-read-button","ariaLabel":"Mark read"},{"$i":"message-mark-unread-button","ariaLabel":"Mark unread"},{"$i":"message-move-button","ariaLabel":"Move"},{"$i":"message-reply-forward-button","ariaLabel":"Reply or forward"},{"$i":"download-button","ariaLabel":"Download"},{"$i":"downloading-progress","ariaValueText":"Downloading"},{"$i":"view-button","ariaLabel":"View"},{"$i":"attachments-container","ariaLabel":"Attachments"},{"$i":"from-group","ariaLabel":"From"},{"$i":"to-group","ariaLabel":"To"},{"$i":"cc-group","ariaLabel":"cc"},{"$i":"bcc-group","ariaLabel":"bcc"},{"$i":"compose-header","$v":"सन्देश रचना गर्नुहोस्"},{"$i":"compose-header-short","$v":"रचना गर्नुहोस्"},{"$i":"compose-send","$v":"पठाउँनुहोस्"},{"$i":"compose-send-button","ariaLabel":"Send"},{"$i":"compose-to","$v":"लाई"},{"$i":"compose-cc","$v":"बोधार्थ"},{"$i":"compose-bcc","$v":"bcc"},{"$i":"compose-contact-add","ariaLabel":"Add contact"},{"$i":"compose-attachments-container","ariaLabel":{"$x":[{"t":"idOrVar","v":"plural"},"kilobytes"],"$v":{"zero":"Attachments","one":["Attachments: ",{"t":"idOrVar","v":"kilobytes"},"K"],"two":["Attachments: ",{"t":"idOrVar","v":"kilobytes"},"K"],"few":["Attachments: ",{"t":"idOrVar","v":"kilobytes"},"K"],"many":["Attachments: ",{"t":"idOrVar","v":"kilobytes"},"K"],"other":["Attachments: ",{"t":"idOrVar","v":"kilobytes"},"K"]}}},{"$i":"compose-attachment-remove","ariaLabel":"Remove"},{"$i":"compose-attachment-button","ariaLabel":"Attach"},{"$i":"compose-attachments","$v":{"zero":"संलग्न फाइलहरू","one":[{"t":"idOrVar","v":"n"}," संलग्न फाइलहरू"],"two":[{"t":"idOrVar","v":"n"}," संलग्न फाइलहरू"],"few":[{"t":"idOrVar","v":"n"}," संलग्न फाइलहरू"],"many":[{"t":"idOrVar","v":"n"}," संलग्न फाइलहरू"],"other":[{"t":"idOrVar","v":"n"}," संलग्न फाइलहरू"]},"$x":[{"t":"idOrVar","v":"plural"},"n"]},{"$i":"compose-text","ariaLabel":"Edit"},{"$i":"compose-attachment-still-working","$v":"एक क्षण, अझै पनि अघिल्लो लगाव मा काम ..."},{"$i":"compose-subject","$v":"विषय"},{"$i":"compose-draft-save","$v":"स्थानीय ड्राफ्टसमा बचत गर्नुहोस"},{"$i":"compose-discard-confirm","$v":"छाड्नुहोस्"},{"$i":"compose-send-message-failed","$v":"इमेल पठाउन असफल भयो"},{"$i":"composer-attachment-large","$v":"संलग्न धेरै ठुलो भयो"},{"$i":"composer-attachments-large","$v":"संलग्नहरु धेरै ठूला भए"},{"$i":"compose-attchment-size-exceeded","$v":"चयन गरिएको संलग्न यस सन्देशमा पठाउन धेरै ठूलो छ।"},{"$i":"compose-attchments-size-exceeded","$v":"चयन गरिएका संलग्नहरु यस सन्देशमा पठाउन धेरै ठूला छन्। कम फाइलहरु चयन गर्न खोज्नुहोस्।"},{"$i":"dialog-button-ok","$v":"ठीक छ"},{"$i":"default-attachment-filename","$v":["बधीएको",{"t":"idOrVar","v":"n"}]},{"$i":"attachment-size-kib","$v":[{"t":"idOrVar","v":"kilobytes"},"K"]},{"$i":"message-attachment-view","$v":"दृश्य गर्नुहोस्"},{"$i":"message-attachment-did-not-open-label","$v":"Unable to open"},{"$i":"message-attachment-did-not-open-body","$v":"The device does not have an app that can open the attachment."},{"$i":"message-attachment-too-large","$v":"यो फाइल डाउनलोड गर्न पनि ठूलो छ।"},{"$i":"message-no-subject","$v":"(विषय नभएको)"},{"$i":"message-edit-menu-edit","$v":"सम्पादन गर्नुहोस्"},{"$i":"message-edit-menu-delete","$v":"मेट्नुहोस्"},{"$i":"message-edit-delete-confirm","$v":"इमेल सन्देश मेट्नुहुन्छ?"},{"$i":"message-send-attachment-disabled-confirm","$v":"संलग्नहरु फरवार्ड गर्न साकिदैन।"},{"$i":"message-multiedit-header","$v":{"zero":"सम्पादन गर्नुहोस्","one":[{"t":"idOrVar","v":"n"}," वटा चयन गरिएको"],"two":[{"t":"idOrVar","v":"n"}," वटा चयन गरिएको"],"few":[{"t":"idOrVar","v":"n"}," वटा चयन गरिएको"],"many":[{"t":"idOrVar","v":"n"}," वटा चयन गरिएको"],"other":[{"t":"idOrVar","v":"n"}," वटा चयन गरिएको"]},"$x":[{"t":"idOrVar","v":"plural"},"n"]},{"$i":"browse-to-url-prompt","$v":["यो URL ब्राउज गर्ने?: ",{"t":"idOrVar","v":"url"}]},{"$i":"message-download-images-tap","$v":{"one":"यो इमेल मा एउटा तस्बिर सामेल छ। डाउनलोड गर्न ट्याप गर्नुहोस् ।","two":["यो इमेलमा ",{"t":"idOrVar","v":"n"}," वटा तस्बिरहरु शामिल छन्। डाउनलोड गर्न क्लिक गर्नुहोस् ।"],"few":["यो इमेलमा ",{"t":"idOrVar","v":"n"}," वटा तस्बिरहरु सामेल छन्। डाउनलोड गर्न ट्याप गर्नुहोस् ।"],"many":["यो इमेलमा ",{"t":"idOrVar","v":"n"}," वटा चित्रहरु शामिल छन्। डाउनलोड गर्न ट्याप गर्नुहोस्।"],"other":["यो इमेलमा ",{"t":"idOrVar","v":"n"}," वटा चित्रहरु शामिल छन्। डाउनलोड गर्न ट्याप गर्नुहोस्।"]},"$x":[{"t":"idOrVar","v":"plural"},"n"]},{"$i":"message-show-external-images","$v":"बाह्य तस्वीरहरु देखाउनुहोस्"},{"$i":"message-multiedit-cancel","$v":"रद्द गर्नुहोस्"},{"$i":"message-multiedit-delete-confirm","$v":{"one":"यो इमेल सन्देश मेटाउने?","two":[{"t":"idOrVar","v":"n"}," वटा इमेल सन्देशहरु मेटाउने?"],"few":[{"t":"idOrVar","v":"n"}," वटा इमेल सन्देशहरु मेटाउने?"],"many":[{"t":"idOrVar","v":"n"}," वटा इमेल सन्देशहरु मेटाउने?"],"other":[{"t":"idOrVar","v":"n"}," वटा इमेल सन्देशहरु मेटाउने?"]},"$x":[{"t":"idOrVar","v":"plural"},"n"]},{"$i":"message-large-message-cancel","$v":"रद्द गर्नुहोस्"},{"$i":"message-large-message-ok","$v":"जारी राख्नुहोस्"},{"$i":"message-large-message-confirm","$v":"यो सन्देश ठूलो छ र डाउनलोड हुन केहि समय लाग्नसक्छ।"},{"$i":"message-search-from","$v":"बाट"},{"$i":"message-search-to","$v":"लागि"},{"$i":"message-search-subject","$v":"विषय"},{"$i":"message-search-body","$v":"मुख्य भाग"},{"$i":"message-search-all","$v":"सबै"},{"$i":"message-search-input","placeholder":"मेल खोजी गर्नुहोस्"},{"$i":"message-search-cancel","$v":"रद्द गर्नुहोस्"},{"$i":"messages-syncing","$v":"सन्देशहरु लोड हुँदैछ"},{"$i":"messages-load-more","$v":"थप सन्देशहरू लोड गर्नुहोस्"},{"$i":"messages-folder-empty","$v":"यस फोल्डरमा मेल छैन"},{"$i":"messages-search-empty","$v":"स्थानीय क्याचे गरिएका सन्देशहरुमा जोडा फेला परेन"},{"$i":"messages-folder-select","$v":"फोल्डर चयन गर्नुहोस्"},{"$i":"messages-folder-unread-max","$v":"999+"},{"$i":"message-contact-menu-create","$v":"नयाँ सम्पर्क बचत गर्नुहोस्"},{"$i":"message-contact-menu-add-existing","$v":"अवस्थित सम्पर्कमा थप्नुहोस्"},{"$i":"message-contact-menu-view","$v":"सम्पर्क हेर्नुहोस्"},{"$i":"message-contact-menu-reply","$v":"जवाफ पठाउनुहोस्"},{"$i":"message-contact-menu-new","$v":"नयाँ पत्र पठाउनुहोस्"},{"$i":"message-reply-menu-reply","$v":"जवाफ पठाउनुहोस्"},{"$i":"message-reply-menu-reply-all","$v":"सबैलाई जवाफ दिनुहोस्"},{"$i":"message-reply-menu-forward","$v":"अगाडि"},{"$i":"message-reply-menu-cancel","$v":"रद्द गर्नुहोस्"},{"$i":"reply-quoting-wrote","$v":"{name}ले लेख्यो"},{"$i":"forward-original-message","$v":"मौलिक सन्देश"},{"$i":"forward-header-subject","$v":"विषय"},{"$i":"forward-header-date","$v":"मिति"},{"$i":"forward-header-from","$v":"बाट"},{"$i":"forward-header-reply-to","$v":"लाई-जवाफ"},{"$i":"forward-header-to","$v":"लाई"},{"$i":"forward-header-cc","$v":"बोधार्थ"},{"$i":"folder-inbox","$v":"प्राप्तिमञ्जूषा"},{"$i":"folder-sent","$v":"पठाइयो"},{"$i":"folder-drafts","$v":"ड्राफ्टहरू"},{"$i":"folder-trash","$v":"रद्दीटोकरी"},{"$i":"folder-queue","$v":"नपठाइएको"},{"$i":"folder-junk","$v":"जङ्क"},{"$i":"folder-archives","$v":"सङ्ग्रह"},{"$i":"folder-localdrafts","$v":"स्थानीय ड्राफ्टस"},{"$i":"folder-outbox","$v":"प्रेषणमञ्‍‌जुषा"},{"$i":"drawer-back","$v":"पछाडि"},{"$i":"drawer-accounts-header","$v":"खाताहरू"},{"$i":"drawer-settings-link","$v":"सेटिङहरू"},{"$i":"folder-last-synced-label","$v":"अन्तिम सिङ्क:"},{"$i":"messages-refresh-button","ariaLabel":"Refresh"},{"$i":"messages-refresh-progress","ariaValueText":"Refreshing"},{"$i":"edit-button","ariaLabel":"Edit"},{"$i":"message-list-top-action","$v":"माथि"},{"$i":"message-list-menu","ariaLabel":"Folders and settings"},{"$i":"message-list-compose","ariaLabel":"Compose"},{"$i":"toaster-undo","$v":"पूर्वस्थितिमा फर्काउनुहोस्"},{"$i":"toaster-message-star","$v":{"one":"१ सन्देश ध्वजा स्थापित","two":[{"t":"idOrVar","v":"n"}," सन्देश ध्वजाहरु स्थापित"],"few":[{"t":"idOrVar","v":"n"}," सन्देश ध्वजाहरु स्थापित"],"many":[{"t":"idOrVar","v":"n"}," सन्देश ध्वजाहरु स्थापित"],"other":[{"t":"idOrVar","v":"n"}," सन्देश ध्वजाहरु स्थापित"]},"$x":[{"t":"idOrVar","v":"plural"},"n"]},{"$i":"toaster-message-unstar","$v":{"one":"१ सन्देश ध्वजा हटाइयो","two":[{"t":"idOrVar","v":"n"}," सन्देशहरुबाट ध्वजा हटाइयो"],"few":[{"t":"idOrVar","v":"n"}," सन्देशहरुबाट ध्वजा हटाइयो"],"many":[{"t":"idOrVar","v":"n"}," सन्देशहरुबाट ध्वजा हटाइयो"],"other":[{"t":"idOrVar","v":"n"}," सन्देशहरुबाट ध्वजा हटाइयो"]},"$x":[{"t":"idOrVar","v":"plural"},"n"]},{"$i":"toaster-message-read","$v":{"one":"1 message marked as read","two":[{"t":"idOrVar","v":"n"}," messages marked as read"],"few":[{"t":"idOrVar","v":"n"}," messages marked as read"],"many":[{"t":"idOrVar","v":"n"}," messages marked as read"],"other":[{"t":"idOrVar","v":"n"}," messages marked as read"]},"$x":[{"t":"idOrVar","v":"plural"},"n"]},{"$i":"toaster-message-unread","$v":{"one":"१ सन्देश पढिएको रुपमा चिन्ह लगाइयो","two":[{"t":"idOrVar","v":"n"}," सन्देशहरू नपढिएको रुपमा चिन्ह लगाइयो"],"few":[{"t":"idOrVar","v":"n"}," सन्देशहरू नपढिएको रुपमा चिन्ह लगाइयो"],"many":[{"t":"idOrVar","v":"n"}," सन्देशहरू नपढिएको रुपमा चिन्ह लगाइयो"],"other":[{"t":"idOrVar","v":"n"}," सन्देशहरू नपढिएको रुपमा चिन्ह लगाइयो"]},"$x":[{"t":"idOrVar","v":"plural"},"n"]},{"$i":"toaster-message-move","$v":{"one":"१ सन्देश सारियो","two":[{"t":"idOrVar","v":"n"}," सन्देशहरू सारिए"],"few":[{"t":"idOrVar","v":"n"}," सन्देशहरू सारिए"],"many":[{"t":"idOrVar","v":"n"}," सन्देशहरू सारियो"],"other":[{"t":"idOrVar","v":"n"}," सन्देशहरू सारियो"]},"$x":[{"t":"idOrVar","v":"plural"},"n"]},{"$i":"toaster-message-delete","$v":{"one":"१ सन्देश मेटाइयो","two":[{"t":"idOrVar","v":"n"}," सन्देशहरू मेटाइयो"],"few":[{"t":"idOrVar","v":"n"}," सन्देशहरू मेटाइए"],"many":[{"t":"idOrVar","v":"n"}," सन्देशहरू मेटाइयो"],"other":[{"t":"idOrVar","v":"n"}," सन्देशहरू मेटाइयो"]},"$x":[{"t":"idOrVar","v":"plural"},"n"]},{"$i":"toaster-retryable-syncfailed","$v":"सर्भरमा जडान गर्न अक्षम भयो"},{"$i":"compose-invalid-addresses-title","$v":"अवैध ठेगाना"},{"$i":"compose-invalid-addresses-description","$v":"तपाईंको सन्देश एक वा बढी अवैध इमेल ठेगाना समावेश गर्दछ। पठाउनु अघि तिनीहरूलाई सुधार गर्नुहोस्।"},{"$i":"background-send-pending","$v":"नेटवर्क उपलब्ध छैन। इमेल प्रेशितमा सुरक्षित।"},{"$i":"background-send-sending","$v":"मेल पठाउँदै…"},{"$i":"background-send-success","$v":"इमेल पठाइयो।"},{"$i":"background-send-error","$v":"त्रुटि देखापर्यो। इमेल आउटबक्समा सेभ गरियो।"},{"$i":"background-send-error-recipients","$v":"प्रापक त्रुटि। इमेल आउटबक्समा सेभ गरियो।"},{"$i":"background-send-error-title","$v":"मेल पठाउन असफल"},{"$i":"send-failure-recipients","$v":"माथिको ठेगाना को हिज्जे जाँच गर्नुहोस्। तपाईंको मेल सर्भरले माथिको एक वा बढी ठेगाना गलत हो भनेर संकेत गरिरहेको छ ।"},{"$i":"send-failure-unknown","$v":"यो सूचना पठाउन सकिदैन ।"},{"$i":"form-clear-input","$v":"पाठ हटाउनुहोस्"},{"$i":"confirm-dialog-title","$v":"पुष्टि गर्नुहोस्"},{"$i":"senders-separation-sign","$v":", "},{"$i":"new-messages","$v":{"one":"1 नयाँ सन्देश","two":[{"t":"idOrVar","v":"n"}," नयाँ सन्देशहरु"],"few":[{"t":"idOrVar","v":"n"}," नयाँ सन्देशहरु"],"many":[{"t":"idOrVar","v":"n"}," नयाँ सन्देशहरु"],"other":[{"t":"idOrVar","v":"n"}," नयाँ सन्देशहरु"]},"$x":[{"t":"idOrVar","v":"plural"},"n"]},{"$i":"notification-no-subject","$v":"(no subject)"},{"$i":"new-emails-notify-one-account","$v":{"one":"1 नयाँ इमेल","two":[{"t":"idOrVar","v":"n"}," नयाँ इमेलहरु"],"few":[{"t":"idOrVar","v":"n"}," नयाँ इमेलहरु"],"many":[{"t":"idOrVar","v":"n"}," नयाँ इमेलहरु"],"other":[{"t":"idOrVar","v":"n"}," नयाँ इमेलहरु"]},"$x":[{"t":"idOrVar","v":"plural"},"n"]},{"$i":"new-emails-notify-multiple-accounts","$v":{"one":["१ नँया इमेल (",{"t":"idOrVar","v":"accountName"},")"],"two":[{"t":"idOrVar","v":"n"}," नँया इमेलहरु (",{"t":"idOrVar","v":"accountName"},")"],"few":[{"t":"idOrVar","v":"n"}," नँया इमेलहरु (",{"t":"idOrVar","v":"accountName"},")"],"many":[{"t":"idOrVar","v":"n"}," नँया इमेलहरु (",{"t":"idOrVar","v":"accountName"},")"],"other":[{"t":"idOrVar","v":"n"}," नँया इमेलहरु (",{"t":"idOrVar","v":"accountName"},")"]},"$x":[{"t":"idOrVar","v":"plural"},"n"]},{"$i":"new-emails-notify-multiple-accounts-body","$v":[{"t":"idOrVar","v":"from"}," “",{"t":"idOrVar","v":"subject"},"”"]},{"$i":"tng-plain-socket-warning-title","$v":"Are you sure?"},{"$i":"tng-plain-socket-warning-message","$v":"Other people may be able to see your passwords and emails or control your account."},{"$i":"tng-plain-socket-warning-message-options","$v":"There are multiple, free email providers that offer more secure, encrypted connections."},{"$i":"tng-plain-socket-learn-more","$v":"Learn more"},{"$i":"tng-plain-socket-warning-ok","$v":"I understand"},{"$i":"message-reader-next-button","ariaLabel":"Next"},{"$i":"message-reader-previous-button","ariaLabel":"Previous"},{"$i":"message-reader-date-received","ariaLabel":"Received"},{"$i":"weekday-0-long","$v":"आइतबार"},{"$i":"weekday-1-long","$v":"सोमबार"},{"$i":"weekday-2-long","$v":"मंगलबार"},{"$i":"weekday-3-long","$v":"बुधबार"},{"$i":"weekday-4-long","$v":"बिहिबार"},{"$i":"weekday-5-long","$v":"शुक्रबार"},{"$i":"weekday-6-long","$v":"शनिबार"},{"$i":"weekday-0-short","$v":"आइत"},{"$i":"weekday-1-short","$v":"सोम"},{"$i":"weekday-2-short","$v":"मङ्गल"},{"$i":"weekday-3-short","$v":"बुध"},{"$i":"weekday-4-short","$v":"बिहि"},{"$i":"weekday-5-short","$v":"शुक्र"},{"$i":"weekday-6-short","$v":"शनि"},{"$i":"month-0-long","$v":"जनवरी"},{"$i":"month-1-long","$v":"फेब्रुअरी"},{"$i":"month-2-long","$v":"ंमार्च"},{"$i":"month-3-long","$v":"अप्रिल"},{"$i":"month-4-long","$v":"मे"},{"$i":"month-5-long","$v":"जुन"},{"$i":"month-6-long","$v":"जुलाई"},{"$i":"month-7-long","$v":"अगस्ट"},{"$i":"month-8-long","$v":"सेप्टेम्बर"},{"$i":"month-9-long","$v":"अक्टोबर"},{"$i":"month-10-long","$v":"नोभेम्बर"},{"$i":"month-11-long","$v":"डिसेम्बर"},{"$i":"month-0-genitive","$v":"जनवरी"},{"$i":"month-1-genitive","$v":"फेब्रुअरी"},{"$i":"month-2-genitive","$v":"ंमार्च"},{"$i":"month-3-genitive","$v":"अप्रिल"},{"$i":"month-4-genitive","$v":"मे"},{"$i":"month-5-genitive","$v":"जुन"},{"$i":"month-6-genitive","$v":"जुलाई"},{"$i":"month-7-genitive","$v":"अगस्ट"},{"$i":"month-8-genitive","$v":"सेप्टेम्बर"},{"$i":"month-9-genitive","$v":"अक्टोबर"},{"$i":"month-10-genitive","$v":"नोभेम्बर"},{"$i":"month-11-genitive","$v":"डिसेम्बर"},{"$i":"month-0-short","$v":"जन"},{"$i":"month-1-short","$v":"फेब"},{"$i":"month-2-short","$v":"मार्च"},{"$i":"month-3-short","$v":"अप्रिल"},{"$i":"month-4-short","$v":"मे"},{"$i":"month-5-short","$v":"जुन"},{"$i":"month-6-short","$v":"जुलाई"},{"$i":"month-7-short","$v":"अगस्ट"},{"$i":"month-8-short","$v":"सेप्टेम्वर"},{"$i":"month-9-short","$v":"अक्टुवर"},{"$i":"month-10-short","$v":"नोभेम्वर"},{"$i":"month-11-short","$v":"डिसेम्वर"},{"$i":"minutes-ago-long","$v":{"zero":"भर्खरै","one":"एक मिनेट अगाडि","two":[{"t":"idOrVar","v":"value"}," मिनेट अगाडि"],"few":[{"t":"idOrVar","v":"value"}," मिनेट अगाडि"],"many":[{"t":"idOrVar","v":"value"}," मिनेट अगाडि"],"other":[{"t":"idOrVar","v":"value"}," मिनेट अगाडि"]},"$x":[{"t":"idOrVar","v":"plural"},"value"]},{"$i":"hours-ago-long","$v":{"zero":"भर्खरै","one":"एक घन्टा अगाडि","two":[{"t":"idOrVar","v":"value"}," घण्टा अगाडि"],"few":[{"t":"idOrVar","v":"value"}," घण्टा अगाडि"],"many":[{"t":"idOrVar","v":"value"}," घण्टा अगाडि"],"other":[{"t":"idOrVar","v":"value"}," घण्टा अगाडि"]},"$x":[{"t":"idOrVar","v":"plural"},"value"]},{"$i":"days-ago-long","$v":{"zero":"आज","one":"हिजो","two":[{"t":"idOrVar","v":"value"}," दिन अगाडि"],"few":[{"t":"idOrVar","v":"value"}," दिन अगाडि"],"many":[{"t":"idOrVar","v":"value"}," दिन अगाडि"],"other":[{"t":"idOrVar","v":"value"}," दिन अगाडि"]},"$x":[{"t":"idOrVar","v":"plural"},"value"]},{"$i":"weeks-ago-long","$v":{"zero":"यो हप्ता","one":"गएको हप्ता","two":[{"t":"idOrVar","v":"value"}," हप्ता अगाडि"],"few":[{"t":"idOrVar","v":"value"}," हप्ता अगाडि"],"many":[{"t":"idOrVar","v":"value"}," हप्ता अगाडि"],"other":[{"t":"idOrVar","v":"value"}," हप्ता अगाडि"]},"$x":[{"t":"idOrVar","v":"plural"},"value"]},{"$i":"months-ago-long","$v":{"zero":"यो महिना","one":"गएको महिना","two":[{"t":"idOrVar","v":"value"}," महिना अगाडि"],"few":[{"t":"idOrVar","v":"value"}," महिना अगाडि"],"many":[{"t":"idOrVar","v":"value"}," महिना अगाडि"],"other":[{"t":"idOrVar","v":"value"}," महिना अगाडि"]},"$x":[{"t":"idOrVar","v":"plural"},"value"]},{"$i":"years-ago-long","$v":{"zero":"यो वर्ष","one":"अघिल्लो वर्ष","two":[{"t":"idOrVar","v":"value"}," वर्ष अगाडि"],"few":[{"t":"idOrVar","v":"value"}," वर्ष अगाडि"],"many":[{"t":"idOrVar","v":"value"}," वर्ष अगाडि"],"other":[{"t":"idOrVar","v":"value"}," वर्ष अगाडि"]},"$x":[{"t":"idOrVar","v":"plural"},"value"]},{"$i":"minutes-until-long","$v":{"zero":"अहिले","one":"एक मिनेटमा","two":[{"t":"idOrVar","v":"value"}," मिनेटमा"],"few":[{"t":"idOrVar","v":"value"}," मिनेटमा"],"many":[{"t":"idOrVar","v":"value"}," मिनेटमा"],"other":[{"t":"idOrVar","v":"value"}," मिनेटमा"]},"$x":[{"t":"idOrVar","v":"plural"},"value"]},{"$i":"hours-until-long","$v":{"zero":"अहिले","one":"एक घण्टामा","two":[{"t":"idOrVar","v":"value"}," घण्टामा"],"few":[{"t":"idOrVar","v":"value"}," घण्टामा"],"many":[{"t":"idOrVar","v":"value"}," घण्टामा"],"other":[{"t":"idOrVar","v":"value"}," घण्टामा"]},"$x":[{"t":"idOrVar","v":"plural"},"value"]},{"$i":"days-until-long","$v":{"zero":"आज","one":"भोलि","two":[{"t":"idOrVar","v":"value"}," दिनमा"],"few":[{"t":"idOrVar","v":"value"}," दिनमा"],"many":[{"t":"idOrVar","v":"value"}," दिनमा"],"other":[{"t":"idOrVar","v":"value"}," दिनमा"]},"$x":[{"t":"idOrVar","v":"plural"},"value"]},{"$i":"weeks-until-long","$v":{"zero":"यो हप्ता","one":"पछिल्लो हप्ता","two":[{"t":"idOrVar","v":"value"}," हप्तामा"],"few":[{"t":"idOrVar","v":"value"}," हप्तामा"],"many":[{"t":"idOrVar","v":"value"}," हप्तामा"],"other":[{"t":"idOrVar","v":"value"}," हप्तामा"]},"$x":[{"t":"idOrVar","v":"plural"},"value"]},{"$i":"months-until-long","$v":{"zero":"यस महिना","one":"पछिल्लो महिना","two":[{"t":"idOrVar","v":"value"}," महिनामा"],"few":[{"t":"idOrVar","v":"value"}," महिनामा"],"many":[{"t":"idOrVar","v":"value"}," महिनामा"],"other":[{"t":"idOrVar","v":"value"}," महिनामा"]},"$x":[{"t":"idOrVar","v":"plural"},"value"]},{"$i":"years-until-long","$v":{"zero":"यस बर्ष","one":"आर्को बर्ष","two":[{"t":"idOrVar","v":"value"}," बर्षमा"],"few":[{"t":"idOrVar","v":"value"}," बर्षमा"],"many":[{"t":"idOrVar","v":"value"}," वर्षमा"],"other":[{"t":"idOrVar","v":"value"}," वर्षमा"]},"$x":[{"t":"idOrVar","v":"plural"},"value"]},{"$i":"minutes-ago-short","$v":{"zero":"भर्खरै","other":[{"t":"idOrVar","v":"value"},"मिनेट अघि"]},"$x":[{"t":"idOrVar","v":"plural"},"value"]},{"$i":"hours-ago-short","$v":{"zero":"भर्खरै","other":[{"t":"idOrVar","v":"value"},"घण्टा अघि"]},"$x":[{"t":"idOrVar","v":"plural"},"value"]},{"$i":"days-ago-short","$v":{"zero":"आज","other":[{"t":"idOrVar","v":"value"},"दिन अघि"]},"$x":[{"t":"idOrVar","v":"plural"},"value"]},{"$i":"minutes-until-short","$v":{"zero":"अहिले","other":[{"t":"idOrVar","v":"value"},"मिनेटमा"]},"$x":[{"t":"idOrVar","v":"plural"},"value"]},{"$i":"hours-until-short","$v":{"zero":"अहिले","other":[{"t":"idOrVar","v":"value"},"घण्टामा"]},"$x":[{"t":"idOrVar","v":"plural"},"value"]},{"$i":"days-until-short","$v":{"zero":"आज","other":[{"t":"idOrVar","v":"value"},"दिनमा"]},"$x":[{"t":"idOrVar","v":"plural"},"value"]},{"$i":"incorrectDate","$v":"(गलत मिति)"},{"$i":"dateTimeFormat_%c","$v":"%a %b %e %Y %I:%M:%S %p"},{"$i":"dateTimeFormat_%x","$v":"%m/%d/%Y"},{"$i":"dateTimeFormat_%X","$v":"%I:%M:%S %p"},{"$i":"shortTimeFormat","$v":"%I:%M %p"},{"$i":"shortTimeFormat12","$v":"%I:%M %p"},{"$i":"shortTimeFormat24","$v":"%H:%M"},{"$i":"shortDateTimeFormat","$v":"%x %I:%M %p"},{"$i":"weekStartsOnMonday","$v":"0"},{"$i":"firstDayOfTheWeek","$v":"0"},{"$i":"time_am","$v":"ए एम"},{"$i":"time_pm","$v":"पी एम"}]