[{"$i":"back-button","ariaLabel":"Terug"},{"$i":"close-button","ariaLabel":"Sluiten"},{"$i":"setup-app-name-header","$v":"E-mail"},{"$i":"setup-empty-account-message","$v":"You are not set up to send or receive email. Set up an account to complete the action."},{"$i":"setup-pick-service","$v":"Om e-mail te verzenden en te ontvangen dient u een account in te stellen."},{"$i":"setup-account-header3","$v":"Nieuwe account"},{"$i":"setup-account-enter-password","$v":"Voer wachtwoord in voor:"},{"$i":"setup-info-name","placeholder":"Uw naam"},{"$i":"setup-info-email","placeholder":"iemand@voorbeeld.com"},{"$i":"setup-info-password","placeholder":"Wachtwoord"},{"$i":"setup-info-next","$v":"Volgende"},{"$i":"setup-progress-wait-msg","$v":"Account wordt ingesteld"},{"$i":"setup-completed-header","$v":"E-mailaccount instellen"},{"$i":"setup-completed-label","$v":"Alles gereed!"},{"$i":"setup-add-another-account","$v":"Nog een account toevoegen"},{"$i":"setup-show-mail","$v":"Doorgaan naar E-mail"},{"$i":"setup-error-offline","$v":"Dit apparaat is momenteel offline. Maak verbinding met een netwerk en probeer het nogmaals."},{"$i":"setup-error-bad-user-or-pass2","$v":"Ongeldige gebruikersnaam of wachtwoord. Controleer op typefouten."},{"$i":"setup-error-bad-address","$v":"Ongeldig e-mailadres. Controleer op typefouten."},{"$i":"setup-error-not-authorized","$v":"De server meldde dat u niet gemachtigd bent om een account aan te maken"},{"$i":"setup-error-pop-server-not-great","$v":"Server niet ondersteund. De POP3-server implementeert vereiste functies niet."},{"$i":"setup-error-unknown2","$v":"Er is een onbekende fout opgetreden. Controleer uw netwerkverbinding of probeer de optie voor handmatige configuratie."},{"$i":"setup-error-needs-app-pass","$v":"U moet een applicatiespecifiek wachtwoord gebruiken voor twee-factor-Gmail-accounts"},{"$i":"setup-error-imap-disabled","$v":"U moet IMAP inschakelen voor uw Gmail-account"},{"$i":"setup-error-pop3-disabled","$v":"U moet POP3 inschakelen voor uw Gmail-account"},{"$i":"setup-error-bad-security","$v":["Kan geen beveiligde verbinding met “",{"t":"idOrVar","v":"server"},"” opzetten. Er is mogelijk een probleem met uw netwerk of de server."]},{"$i":"setup-error-unresponsive-server","$v":["Kan geen verbinding met “",{"t":"idOrVar","v":"server"},"” opzetten. Er is mogelijk een probleem met het netwerk."]},{"$i":"setup-error-server-problem","$v":["Er is een probleem met de server “",{"t":"idOrVar","v":"server"},"”. Probeer het later nog eens."]},{"$i":"setup-error-no-config-info","$v":"Kan uw account niet automatisch configureren. Corrigeer uw e-mailadres of probeer de optie voor handmatige configuratie."},{"$i":"setup-error-server-maintenance","$v":["De server “",{"t":"idOrVar","v":"server"},"” is offline voor onderhoud. Probeer het later nog eens."]},{"$i":"setup-error-account-already-exists","$v":"Deze account is al geconfigureerd."},{"$i":"setup-manual-config2","$v":"Handmatig instellen"},{"$i":"setup-manual-config-header","$v":"Instellen"},{"$i":"setup-manual-account-type","$v":"Accounttype"},{"$i":"setup-manual-account-type-select","ariaLabel":"Accounttype"},{"$i":"setup-manual-imap-header","$v":"IMAP-instellingen"},{"$i":"setup-manual-pop3-header","$v":"POP3-instellingen"},{"$i":"setup-manual-smtp-header","$v":"SMTP-instellingen"},{"$i":"setup-manual-activesync-header","$v":"ActiveSync-instellingen"},{"$i":"setup-manual-next","$v":"Volgende"},{"$i":"setup-manual-socket","$v":"Sockettype"},{"$i":"setup-manual-socket-ssl","$v":"SSL"},{"$i":"setup-manual-socket-starttls","$v":"STARTTLS"},{"$i":"setup-manual-socket-select","ariaLabel":"Verbindingsbeveiliging"},{"$i":"setup-manual-socket-plain","$v":"Niet versleuteld (onveilig)"},{"$i":"setup-manual-hostname","placeholder":"Hostnaam"},{"$i":"setup-manual-port","placeholder":"Poortnummer"},{"$i":"setup-manual-username","placeholder":"Gebruikersnaam"},{"$i":"setup-manual-activesync-username","placeholder":"Domein\\Gebruikersnaam"},{"$i":"setup-bad-password-header","$v":"Onjuist wachtwoord!"},{"$i":"setup-bad-password","$v":"Aanmelden bij de server is niet gelukt. Misschien is uw wachtwoord onjuist?"},{"$i":"setup-new-password","placeholder":"Nieuw wachtwoord"},{"$i":"setup-fix-password","$v":"Opnieuw proberen met nieuw wachtwoord"},{"$i":"setup-gmail-twofactor-header","$v":"Twee-factor ingeschakeld"},{"$i":"setup-gmail-twofactor-message","$v":"U dient hieronder een applicatiespecifiek wachtwoord in te voeren."},{"$i":"setup-gmail-twofactor-fix","$v":"Applicatiewachtwoord gebruiken"},{"$i":"setup-gmail-imap-header","$v":"IMAP uitgeschakeld"},{"$i":"setup-gmail-imap-message","$v":"U moet IMAP inschakelen bij uw Gmail-account "},{"$i":"setup-gmail-imap-retry","$v":"Opnieuw proberen"},{"$i":"setup-gmail-pop3-header","$v":"POP3 uitgeschakeld"},{"$i":"setup-gmail-pop3-message","$v":"U moet POP3 inschakelen bij uw Gmail-account"},{"$i":"setup-gmail-pop3-retry","$v":"Opnieuw proberen"},{"$i":"setup-fix-oauth2-header","$v":"E-mailadres herautoriseren"},{"$i":"setup-fix-oauth2-description","$v":"E-mailadres dient opnieuw te worden geautoriseerd voor toegang tot de volgende account:"},{"$i":"setup-fix-oauth2-reauthorize","$v":"Herautoriseren"},{"$i":"settings-main-header","$v":"E-mailinstellingen"},{"$i":"settings-sub-header-account","$v":"Account"},{"$i":"settings-account-group","ariaLabel":"Account"},{"$i":"settings-account-name","$v":"Uw naam"},{"$i":"settings-account-display-notifications","$v":"Meldingen voor nieuwe berichten weergeven"},{"$i":"settings-account-play-sound-onsend","$v":"Geluid afspelen nadat bericht is verzonden"},{"$i":"settings-empty-signature-label","$v":"Tik om te bewerken"},{"$i":"settings-account-signature-label","$v":"Ondertekening"},{"$i":"settings-account-signature-textbox","ariaLabel":"Ondertekening"},{"$i":"signature-save","$v":"Ondertekening opslaan"},{"$i":"signature-discard-confirm","$v":"Verwerpen"},{"$i":"settings-sub-header-data","$v":"Gegevens"},{"$i":"settings-data-group","ariaLabel":"Gegevens"},{"$i":"settings-account-check-mail","$v":"Controleren op nieuwe berichten"},{"$i":"settings-account-check-mail-select","ariaLabel":"Controleren op nieuwe berichten"},{"$i":"settings-sub-header-server","$v":"Serverinstellingen"},{"$i":"settings-server-group","ariaLabel":"Serverinstellingen"},{"$i":"settings-account-userpass","$v":"Gebruikersnaam en wachtwoord"},{"$i":"settings-account-useroauth2","$v":"Gebruikersnaam"},{"$i":"settings-default-signature-2","$v":"Verzonden via Firefox OS"},{"$i":"settings-done","$v":"Gereed"},{"$i":"settings-account-section","$v":"Accounts"},{"$i":"settings-account-listbox","ariaLabel":"Accounts"},{"$i":"settings-account-add","$v":"Account toevoegen"},{"$i":"settings-account-delete","$v":"Account verwijderen"},{"$i":"settings-account-delete-prompt","$v":["Weet u zeker dat u uw ",{"t":"idOrVar","v":"account"},"-mailaccount wilt verwijderen? U zult uw mail opnieuw moeten downloaden als u de account opnieuw aanmaakt."]},{"$i":"settings-account-delete-cancel","$v":"Annuleren"},{"$i":"settings-account-delete-confirm","$v":"Verwijderen"},{"$i":"settings-account-clarify-imap","$v":[{"t":"idOrVar","v":"account-name"}," (IMAP)"]},{"$i":"settings-account-clarify-pop3","$v":[{"t":"idOrVar","v":"account-name"}," (POP3)"]},{"$i":"settings-account-clarify-smtp","$v":[{"t":"idOrVar","v":"account-name"}," (SMTP)"]},{"$i":"settings-general-section","$v":"Algemene instellingen"},{"$i":"settings-show-images","$v":"Afbeeldingen altijd tonen"},{"$i":"settings-download-attachments","$v":"Bijlagen downloaden"},{"$i":"settings-check-every-5min","$v":"Elke 5 minuten"},{"$i":"settings-check-every-10min","$v":"Elke 10 minuten"},{"$i":"settings-check-every-15min","$v":"Elke 15 minuten"},{"$i":"settings-check-every-30min","$v":"Elke 30 minuten"},{"$i":"settings-check-every-60min","$v":"Elk uur"},{"$i":"settings-check-every-manual","$v":"Handmatig"},{"$i":"settings-check-dynamic","$v":{"zero":"uitgeschakeld","one":[{"t":"idOrVar","v":"n"}," seconde"],"two":[{"t":"idOrVar","v":"n"}," seconden"],"few":[{"t":"idOrVar","v":"n"}," seconden"],"many":[{"t":"idOrVar","v":"n"}," seconden"],"other":[{"t":"idOrVar","v":"n"}," seconden"]},"$x":[{"t":"idOrVar","v":"plural"},"n"]},{"$i":"settings-default-account","$v":"Instellen als standaard"},{"$i":"settings-account-type","$v":"Accounttype"},{"$i":"settings-account-credentials","$v":"Verificatiegegevens"},{"$i":"settings-activesync-label","$v":"ActiveSync-instellingen"},{"$i":"settings-imap-label","$v":"IMAP-instellingen"},{"$i":"settings-pop3-label","$v":"POP3-instellingen"},{"$i":"settings-smtp-label","$v":"SMTP-instellingen"},{"$i":"settings-hostname","$v":"Hostnaam"},{"$i":"settings-port","$v":"Poort"},{"$i":"settings-username","$v":"Gebruikersnaam"},{"$i":"settings-password","$v":"Wachtwoord"},{"$i":"settings-save","$v":"Opslaan"},{"$i":"settings-password-empty","$v":"Wachtwoordveld mag niet leeg zijn"},{"$i":"settings-reauth","$v":"Herautoriseren"},{"$i":"settings-account-synchronize-window","$v":"Te synchroniseren dagen"},{"$i":"settings-account-synchronize-window-select","ariaLabel":"Te synchroniseren dagen"},{"$i":"settings-synchronize-auto","$v":"Automatisch"},{"$i":"settings-synchronize-one-day","$v":"1 dag"},{"$i":"settings-synchronize-three-days","$v":"3 dagen"},{"$i":"settings-synchronize-one-week","$v":"1 week"},{"$i":"settings-synchronize-two-weeks","$v":"2 weken"},{"$i":"settings-synchronize-one-month","$v":"1 maand"},{"$i":"settings-synchronize-all","$v":"Alle berichten"},{"$i":"envelope-from","$v":"Van"},{"$i":"envelope-to","$v":"Aan"},{"$i":"envelope-cc","$v":"Cc"},{"$i":"envelope-bcc","$v":"Bcc"},{"$i":"message-header-state-sending","ariaLabel":"Verzenden"},{"$i":"message-header-state-error","ariaLabel":"Fout bij verzenden"},{"$i":"message-header-unread","ariaLabel":"Ongelezen"},{"$i":"message-header-starred","ariaLabel":"Heeft ster"},{"$i":"message-header-attachments","ariaLabel":"Heeft bijlagen"},{"$i":"message-body-container","ariaLabel":"Berichttekst"},{"$i":"message-body-container-progress","ariaValueText":"Laden"},{"$i":"subject","ariaLabel":"Onderwerp"},{"$i":"message-delete-button","ariaLabel":"Verwijderen"},{"$i":"message-star-button","ariaLabel":"Ster toevoegen"},{"$i":"message-unstar-button","ariaLabel":"Ster verwijderen"},{"$i":"message-mark-read-button","ariaLabel":"Markeren als gelezen"},{"$i":"message-mark-unread-button","ariaLabel":"Markeren als ongelezen"},{"$i":"message-move-button","ariaLabel":"Verplaatsen"},{"$i":"message-reply-forward-button","ariaLabel":"Antwoorden of doorsturen"},{"$i":"download-button","ariaLabel":"Downloaden"},{"$i":"downloading-progress","ariaValueText":"Downloaden"},{"$i":"view-button","ariaLabel":"Weergeven"},{"$i":"attachments-container","ariaLabel":"Bijlagen"},{"$i":"from-group","ariaLabel":"Van"},{"$i":"to-group","ariaLabel":"Aan"},{"$i":"cc-group","ariaLabel":"cc"},{"$i":"bcc-group","ariaLabel":"bcc"},{"$i":"compose-header","$v":"Bericht opstellen"},{"$i":"compose-header-short","$v":"Opstellen"},{"$i":"compose-send","$v":"Verzenden"},{"$i":"compose-send-button","ariaLabel":"Verzenden"},{"$i":"compose-to","$v":"Aan"},{"$i":"compose-cc","$v":"cc"},{"$i":"compose-bcc","$v":"bcc"},{"$i":"compose-contact-add","ariaLabel":"Contact toevoegen"},{"$i":"compose-attachments-container","ariaLabel":{"$x":[{"t":"idOrVar","v":"plural"},"kilobytes"],"$v":{"zero":"Bijlagen","one":["Bijlagen: ",{"t":"idOrVar","v":"kilobytes"},"K"],"two":["Bijlagen: ",{"t":"idOrVar","v":"kilobytes"},"K"],"few":["Bijlagen: ",{"t":"idOrVar","v":"kilobytes"},"K"],"many":["Bijlagen: ",{"t":"idOrVar","v":"kilobytes"},"K"],"other":["Bijlagen: ",{"t":"idOrVar","v":"kilobytes"},"K"]}}},{"$i":"compose-attachment-remove","ariaLabel":"Verwijderen"},{"$i":"compose-attachment-button","ariaLabel":"Koppelen"},{"$i":"compose-attachments","$v":{"zero":"Bijlagen","one":[{"t":"idOrVar","v":"n"}," bijlage"],"two":[{"t":"idOrVar","v":"n"}," bijlagen"],"few":[{"t":"idOrVar","v":"n"}," bijlagen"],"many":[{"t":"idOrVar","v":"n"}," bijlagen"],"other":[{"t":"idOrVar","v":"n"}," bijlagen"]},"$x":[{"t":"idOrVar","v":"plural"},"n"]},{"$i":"compose-text","ariaLabel":"Bewerken"},{"$i":"compose-attachment-still-working","$v":"Een moment, nog bezig met de vorige bijlage…"},{"$i":"compose-subject","$v":"Onderwerp"},{"$i":"compose-draft-save","$v":"Opslaan in Lokale concepten"},{"$i":"compose-discard-confirm","$v":"Verwijderen"},{"$i":"compose-send-message-failed","$v":"Verzenden van e-mail is mislukt"},{"$i":"composer-attachment-large","$v":"Bijlage te groot"},{"$i":"composer-attachments-large","$v":"Bijlagen te groot"},{"$i":"compose-attchment-size-exceeded","$v":"De geselecteerde bijlage is te groot om met dit bericht te verzenden."},{"$i":"compose-attchments-size-exceeded","$v":"De geselecteerde bijlagen zijn te groot om met dit bericht te verzenden. Probeer minder bestanden te selecteren."},{"$i":"dialog-button-ok","$v":"OK"},{"$i":"default-attachment-filename","$v":["bijlage",{"t":"idOrVar","v":"n"}]},{"$i":"attachment-size-kib","$v":[{"t":"idOrVar","v":"kilobytes"},"K"]},{"$i":"message-attachment-view","$v":"Bekijken"},{"$i":"message-attachment-did-not-open-label","$v":"Unable to open"},{"$i":"message-attachment-did-not-open-body","$v":"The device does not have an app that can open the attachment."},{"$i":"message-attachment-too-large","$v":"Dit bestand is te groot om te downloaden."},{"$i":"message-no-subject","$v":"(geen onderwerp)"},{"$i":"message-edit-menu-edit","$v":"Bewerken"},{"$i":"message-edit-menu-delete","$v":"Verwijderen"},{"$i":"message-edit-delete-confirm","$v":"E-mailbericht verwijderen?"},{"$i":"message-send-attachment-disabled-confirm","$v":"Bijlagen kunnen niet worden doorgestuurd."},{"$i":"message-multiedit-header","$v":{"zero":"Bewerken","one":[{"t":"idOrVar","v":"n"}," geselecteerd"],"two":[{"t":"idOrVar","v":"n"}," geselecteerd"],"few":[{"t":"idOrVar","v":"n"}," geselecteerd"],"many":[{"t":"idOrVar","v":"n"}," geselecteerd"],"other":[{"t":"idOrVar","v":"n"}," geselecteerd"]},"$x":[{"t":"idOrVar","v":"plural"},"n"]},{"$i":"browse-to-url-prompt","$v":["Bladeren naar URL?: ",{"t":"idOrVar","v":"url"}]},{"$i":"message-download-images-tap","$v":{"one":"Deze e-mail bevat één afbeelding. Tik om deze te downloaden.","two":["Deze e-mail bevat ",{"t":"idOrVar","v":"n"}," afbeeldingen. Tik om deze te downloaden."],"few":["Deze e-mail bevat ",{"t":"idOrVar","v":"n"}," afbeeldingen. Tik om deze te downloaden."],"many":["Deze e-mail bevat ",{"t":"idOrVar","v":"n"}," afbeeldingen. Tik om deze te downloaden."],"other":["Deze e-mail bevat ",{"t":"idOrVar","v":"n"}," afbeeldingen. Tik om deze te downloaden."]},"$x":[{"t":"idOrVar","v":"plural"},"n"]},{"$i":"message-show-external-images","$v":"Externe afbeeldingen tonen"},{"$i":"message-multiedit-cancel","$v":"Annuleren"},{"$i":"message-multiedit-delete-confirm","$v":{"one":"Dit e-mailbericht verwijderen?","two":[{"t":"idOrVar","v":"n"}," e-mailberichten verwijderen?"],"few":[{"t":"idOrVar","v":"n"}," e-mailberichten verwijderen?"],"many":[{"t":"idOrVar","v":"n"}," e-mailberichten verwijderen?"],"other":[{"t":"idOrVar","v":"n"}," e-mailberichten verwijderen?"]},"$x":[{"t":"idOrVar","v":"plural"},"n"]},{"$i":"message-large-message-cancel","$v":"Annuleren"},{"$i":"message-large-message-ok","$v":"Doorgaan"},{"$i":"message-large-message-confirm","$v":"Dit bericht is groot en het downloaden ervan kan even duren."},{"$i":"message-search-from","$v":"Van"},{"$i":"message-search-to","$v":"Aan"},{"$i":"message-search-subject","$v":"Ond."},{"$i":"message-search-body","$v":"Tekst"},{"$i":"message-search-all","$v":"Alles"},{"$i":"message-search-input","placeholder":"E-mail doorzoeken"},{"$i":"message-search-cancel","$v":"Annuleren"},{"$i":"messages-syncing","$v":"Berichten laden"},{"$i":"messages-load-more","$v":"Meer berichten laden"},{"$i":"messages-folder-empty","$v":"Geen e-mail in deze map"},{"$i":"messages-search-empty","$v":"Geen overeenkomsten in lokaal gebufferde berichten"},{"$i":"messages-folder-select","$v":"Map selecteren"},{"$i":"messages-folder-unread-max","$v":"999+"},{"$i":"message-contact-menu-create","$v":"Nieuw contact opslaan"},{"$i":"message-contact-menu-add-existing","$v":"Toevoegen aan bestaand contact"},{"$i":"message-contact-menu-view","$v":"Contact bekijken"},{"$i":"message-contact-menu-reply","$v":"Antwoorden"},{"$i":"message-contact-menu-new","$v":"Nieuwe e-mail verzenden"},{"$i":"message-reply-menu-reply","$v":"Beantwoorden"},{"$i":"message-reply-menu-reply-all","$v":"Allen beantwoorden"},{"$i":"message-reply-menu-forward","$v":"Doorsturen"},{"$i":"message-reply-menu-cancel","$v":"Annuleren"},{"$i":"reply-quoting-wrote","$v":"{name} schreef"},{"$i":"forward-original-message","$v":"Originele bericht"},{"$i":"forward-header-subject","$v":"Onderwerp"},{"$i":"forward-header-date","$v":"Datum"},{"$i":"forward-header-from","$v":"Van"},{"$i":"forward-header-reply-to","$v":"Antwoord-naar"},{"$i":"forward-header-to","$v":"Aan"},{"$i":"forward-header-cc","$v":"Cc"},{"$i":"folder-inbox","$v":"Postvak IN"},{"$i":"folder-sent","$v":"Verzonden"},{"$i":"folder-drafts","$v":"Concepten"},{"$i":"folder-trash","$v":"Prullenbak"},{"$i":"folder-queue","$v":"Niet verzonden"},{"$i":"folder-junk","$v":"Ongewenst"},{"$i":"folder-archives","$v":"Archieven"},{"$i":"folder-localdrafts","$v":"Lokale concepten"},{"$i":"folder-outbox","$v":"Postvak UIT"},{"$i":"drawer-back","$v":"Terug"},{"$i":"drawer-accounts-header","$v":"Accounts"},{"$i":"drawer-settings-link","$v":"Instellingen"},{"$i":"folder-last-synced-label","$v":"Laatste synchr.:"},{"$i":"messages-refresh-button","ariaLabel":"Vernieuwen"},{"$i":"messages-refresh-progress","ariaValueText":"Vernieuwen"},{"$i":"edit-button","ariaLabel":"Bewerken"},{"$i":"message-list-top-action","$v":"Bovenkant"},{"$i":"message-list-menu","ariaLabel":"Mappen en instellingen"},{"$i":"message-list-compose","ariaLabel":"Compose"},{"$i":"toaster-undo","$v":"Ongedaan maken"},{"$i":"toaster-message-star","$v":{"one":"1 berichtvlag ingesteld","two":[{"t":"idOrVar","v":"n"}," berichtvlaggen ingesteld"],"few":[{"t":"idOrVar","v":"n"}," berichtvlaggen ingesteld"],"many":[{"t":"idOrVar","v":"n"}," berichtvlaggen ingesteld"],"other":[{"t":"idOrVar","v":"n"}," berichtvlaggen ingesteld"]},"$x":[{"t":"idOrVar","v":"plural"},"n"]},{"$i":"toaster-message-unstar","$v":{"one":"1 berichtvlag verwijderd","two":[{"t":"idOrVar","v":"n"}," berichtvlaggen verwijderd"],"few":[{"t":"idOrVar","v":"n"}," berichtvlaggen verwijderd"],"many":[{"t":"idOrVar","v":"n"}," berichtvlaggen verwijderd"],"other":[{"t":"idOrVar","v":"n"}," berichtvlaggen verwijderd"]},"$x":[{"t":"idOrVar","v":"plural"},"n"]},{"$i":"toaster-message-read","$v":{"one":"1 bericht gemarkeerd als gelezen","two":[{"t":"idOrVar","v":"n"}," berichten gemarkeerd als gelezen"],"few":[{"t":"idOrVar","v":"n"}," berichten gemarkeerd als gelezen"],"many":[{"t":"idOrVar","v":"n"}," berichten gemarkeerd als gelezen"],"other":[{"t":"idOrVar","v":"n"}," berichten gemarkeerd als gelezen"]},"$x":[{"t":"idOrVar","v":"plural"},"n"]},{"$i":"toaster-message-unread","$v":{"one":"1 bericht gemarkeerd als ongelezen","two":[{"t":"idOrVar","v":"n"}," berichten gemarkeerd als ongelezen"],"few":[{"t":"idOrVar","v":"n"}," berichten gemarkeerd als ongelezen"],"many":[{"t":"idOrVar","v":"n"}," berichten gemarkeerd als ongelezen"],"other":[{"t":"idOrVar","v":"n"}," berichten gemarkeerd als ongelezen"]},"$x":[{"t":"idOrVar","v":"plural"},"n"]},{"$i":"toaster-message-move","$v":{"one":"1 bericht verplaatst","two":[{"t":"idOrVar","v":"n"}," berichten verplaatst"],"few":[{"t":"idOrVar","v":"n"}," berichten verplaatst"],"many":[{"t":"idOrVar","v":"n"}," berichten verplaatst"],"other":[{"t":"idOrVar","v":"n"}," berichten verplaatst"]},"$x":[{"t":"idOrVar","v":"plural"},"n"]},{"$i":"toaster-message-delete","$v":{"one":"1 bericht verwijderd","two":[{"t":"idOrVar","v":"n"}," berichten verwijderd"],"few":[{"t":"idOrVar","v":"n"}," berichten verwijderd"],"many":[{"t":"idOrVar","v":"n"}," berichten verwijderd"],"other":[{"t":"idOrVar","v":"n"}," berichten verwijderd"]},"$x":[{"t":"idOrVar","v":"plural"},"n"]},{"$i":"toaster-retryable-syncfailed","$v":"Kan geen verbinding maken met server"},{"$i":"compose-invalid-addresses-title","$v":"Ongeldige adressen"},{"$i":"compose-invalid-addresses-description","$v":"Uw bericht bevat een of meer ongeldige e-mailadressen. Corrigeer deze voor het verzenden."},{"$i":"background-send-pending","$v":"Netwerk niet beschikbaar. E-mail opgeslagen in Postvak UIT."},{"$i":"background-send-sending","$v":"E-mail verzenden…"},{"$i":"background-send-success","$v":"E-mail verzonden."},{"$i":"background-send-error","$v":"Fout opgetreden. E-mail opgeslagen in Postvak UIT."},{"$i":"background-send-error-recipients","$v":"Ontvangerfout. E-mail opgeslagen in Postvak UIT."},{"$i":"background-send-error-title","$v":"Verzenden van e-mail is mislukt"},{"$i":"send-failure-recipients","$v":"Controleer de spelling van de bovenstaande adressen. Uw mailserver gaf aan dat een of meer bovenstaande adressen onjuist zijn."},{"$i":"send-failure-unknown","$v":"Het bericht kon niet worden verzonden."},{"$i":"form-clear-input","$v":"Tekst verwijderen"},{"$i":"confirm-dialog-title","$v":"Bevestiging"},{"$i":"senders-separation-sign","$v":", "},{"$i":"new-messages","$v":{"one":"1 nieuw bericht","two":[{"t":"idOrVar","v":"n"}," nieuwe berichten"],"few":[{"t":"idOrVar","v":"n"}," nieuwe berichten"],"many":[{"t":"idOrVar","v":"n"}," nieuwe berichten"],"other":[{"t":"idOrVar","v":"n"}," nieuwe berichten"]},"$x":[{"t":"idOrVar","v":"plural"},"n"]},{"$i":"notification-no-subject","$v":"(no subject)"},{"$i":"new-emails-notify-one-account","$v":{"one":"1 nieuwe e-mail","two":[{"t":"idOrVar","v":"n"}," nieuwe e-mails"],"few":[{"t":"idOrVar","v":"n"}," nieuwe e-mails"],"many":[{"t":"idOrVar","v":"n"}," nieuwe e-mails"],"other":[{"t":"idOrVar","v":"n"}," nieuwe e-mails"]},"$x":[{"t":"idOrVar","v":"plural"},"n"]},{"$i":"new-emails-notify-multiple-accounts","$v":{"one":["1 nieuwe e-mail (",{"t":"idOrVar","v":"accountName"},")"],"two":[{"t":"idOrVar","v":"n"}," nieuwe e-mails (",{"t":"idOrVar","v":"accountName"},")"],"few":[{"t":"idOrVar","v":"n"}," nieuwe e-mails (",{"t":"idOrVar","v":"accountName"},")"],"many":[{"t":"idOrVar","v":"n"}," nieuwe e-mails (",{"t":"idOrVar","v":"accountName"},")"],"other":[{"t":"idOrVar","v":"n"}," nieuwe e-mails (",{"t":"idOrVar","v":"accountName"},")"]},"$x":[{"t":"idOrVar","v":"plural"},"n"]},{"$i":"new-emails-notify-multiple-accounts-body","$v":[{"t":"idOrVar","v":"from"}," “",{"t":"idOrVar","v":"subject"},"”"]},{"$i":"tng-plain-socket-warning-title","$v":"Weet u het zeker?"},{"$i":"tng-plain-socket-warning-message","$v":"Mogelijk kunnen andere personen uw wachtwoorden en e-mails zien of uw account beheren."},{"$i":"tng-plain-socket-warning-message-options","$v":"Er zijn meerdere gratis e-mailproviders die veiligere, versleutelde verbindingen aanbieden."},{"$i":"tng-plain-socket-learn-more","$v":"Meer info"},{"$i":"tng-plain-socket-warning-ok","$v":"Ik begrijp het"},{"$i":"message-reader-next-button","ariaLabel":"Volgende"},{"$i":"message-reader-previous-button","ariaLabel":"Vorige"},{"$i":"message-reader-date-received","ariaLabel":"Ontvangen"},{"$i":"weekday-0-long","$v":"zondag"},{"$i":"weekday-1-long","$v":"maandag"},{"$i":"weekday-2-long","$v":"dinsdag"},{"$i":"weekday-3-long","$v":"woensdag"},{"$i":"weekday-4-long","$v":"donderdag"},{"$i":"weekday-5-long","$v":"vrijdag"},{"$i":"weekday-6-long","$v":"zaterdag"},{"$i":"weekday-0-short","$v":"zon"},{"$i":"weekday-1-short","$v":"maa"},{"$i":"weekday-2-short","$v":"din"},{"$i":"weekday-3-short","$v":"woe"},{"$i":"weekday-4-short","$v":"don"},{"$i":"weekday-5-short","$v":"vrij"},{"$i":"weekday-6-short","$v":"zat"},{"$i":"month-0-long","$v":"januari"},{"$i":"month-1-long","$v":"februari"},{"$i":"month-2-long","$v":"maart"},{"$i":"month-3-long","$v":"april"},{"$i":"month-4-long","$v":"mei"},{"$i":"month-5-long","$v":"juni"},{"$i":"month-6-long","$v":"juli"},{"$i":"month-7-long","$v":"augustus"},{"$i":"month-8-long","$v":"september"},{"$i":"month-9-long","$v":"oktober"},{"$i":"month-10-long","$v":"november"},{"$i":"month-11-long","$v":"december"},{"$i":"month-0-genitive","$v":"januari"},{"$i":"month-1-genitive","$v":"februari"},{"$i":"month-2-genitive","$v":"maart"},{"$i":"month-3-genitive","$v":"april"},{"$i":"month-4-genitive","$v":"mei"},{"$i":"month-5-genitive","$v":"juni"},{"$i":"month-6-genitive","$v":"juli"},{"$i":"month-7-genitive","$v":"augustus"},{"$i":"month-8-genitive","$v":"september"},{"$i":"month-9-genitive","$v":"oktober"},{"$i":"month-10-genitive","$v":"november"},{"$i":"month-11-genitive","$v":"december"},{"$i":"month-0-short","$v":"jan"},{"$i":"month-1-short","$v":"feb"},{"$i":"month-2-short","$v":"mrt"},{"$i":"month-3-short","$v":"apr"},{"$i":"month-4-short","$v":"mei"},{"$i":"month-5-short","$v":"jun"},{"$i":"month-6-short","$v":"jul"},{"$i":"month-7-short","$v":"aug"},{"$i":"month-8-short","$v":"sep"},{"$i":"month-9-short","$v":"okt"},{"$i":"month-10-short","$v":"nov"},{"$i":"month-11-short","$v":"dec"},{"$i":"minutes-ago-long","$v":{"zero":"zojuist","one":"een minuut geleden","two":[{"t":"idOrVar","v":"value"}," minuten geleden"],"few":[{"t":"idOrVar","v":"value"}," minuten geleden"],"many":[{"t":"idOrVar","v":"value"}," minuten geleden"],"other":[{"t":"idOrVar","v":"value"}," minuten geleden"]},"$x":[{"t":"idOrVar","v":"plural"},"value"]},{"$i":"hours-ago-long","$v":{"zero":"zojuist","one":"een uur geleden","two":[{"t":"idOrVar","v":"value"}," uur geleden"],"few":[{"t":"idOrVar","v":"value"}," uur geleden"],"many":[{"t":"idOrVar","v":"value"}," uur geleden"],"other":[{"t":"idOrVar","v":"value"}," uur geleden"]},"$x":[{"t":"idOrVar","v":"plural"},"value"]},{"$i":"days-ago-long","$v":{"zero":"vandaag","one":"gisteren","two":[{"t":"idOrVar","v":"value"}," dagen geleden"],"few":[{"t":"idOrVar","v":"value"}," dagen geleden"],"many":[{"t":"idOrVar","v":"value"}," dagen geleden"],"other":[{"t":"idOrVar","v":"value"}," dagen geleden"]},"$x":[{"t":"idOrVar","v":"plural"},"value"]},{"$i":"weeks-ago-long","$v":{"zero":"deze week","one":"vorige week","two":[{"t":"idOrVar","v":"value"}," weken geleden"],"few":[{"t":"idOrVar","v":"value"}," weken geleden"],"many":[{"t":"idOrVar","v":"value"}," weken geleden"],"other":[{"t":"idOrVar","v":"value"}," weken geleden"]},"$x":[{"t":"idOrVar","v":"plural"},"value"]},{"$i":"months-ago-long","$v":{"zero":"deze maand","one":"vorige maand","two":[{"t":"idOrVar","v":"value"}," maanden geleden"],"few":[{"t":"idOrVar","v":"value"}," maanden geleden"],"many":[{"t":"idOrVar","v":"value"}," maanden geleden"],"other":[{"t":"idOrVar","v":"value"}," maanden geleden"]},"$x":[{"t":"idOrVar","v":"plural"},"value"]},{"$i":"years-ago-long","$v":{"zero":"dit jaar","one":"vorig jaar","two":[{"t":"idOrVar","v":"value"}," jaar geleden"],"few":[{"t":"idOrVar","v":"value"}," jaar geleden"],"many":[{"t":"idOrVar","v":"value"}," jaar geleden"],"other":[{"t":"idOrVar","v":"value"}," jaar geleden"]},"$x":[{"t":"idOrVar","v":"plural"},"value"]},{"$i":"minutes-until-long","$v":{"zero":"nu","one":"zo meteen","two":["over ",{"t":"idOrVar","v":"value"}," minuten"],"few":["over ",{"t":"idOrVar","v":"value"}," minuten"],"many":["over ",{"t":"idOrVar","v":"value"}," minuten"],"other":["over ",{"t":"idOrVar","v":"value"}," minuten"]},"$x":[{"t":"idOrVar","v":"plural"},"value"]},{"$i":"hours-until-long","$v":{"zero":"nu","one":"over een uur","two":["over ",{"t":"idOrVar","v":"value"}," uur"],"few":["over ",{"t":"idOrVar","v":"value"}," uur"],"many":["over ",{"t":"idOrVar","v":"value"}," uur"],"other":["over ",{"t":"idOrVar","v":"value"}," uur"]},"$x":[{"t":"idOrVar","v":"plural"},"value"]},{"$i":"days-until-long","$v":{"zero":"vandaag","one":"morgen","two":["over ",{"t":"idOrVar","v":"value"}," dagen"],"few":["over ",{"t":"idOrVar","v":"value"}," dagen"],"many":["over ",{"t":"idOrVar","v":"value"}," dagen"],"other":["over ",{"t":"idOrVar","v":"value"}," dagen"]},"$x":[{"t":"idOrVar","v":"plural"},"value"]},{"$i":"weeks-until-long","$v":{"zero":"deze week","one":"volgende week","two":["over ",{"t":"idOrVar","v":"value"}," weken"],"few":["over ",{"t":"idOrVar","v":"value"}," weken"],"many":["over ",{"t":"idOrVar","v":"value"}," weken"],"other":["over ",{"t":"idOrVar","v":"value"}," weken"]},"$x":[{"t":"idOrVar","v":"plural"},"value"]},{"$i":"months-until-long","$v":{"zero":"deze maand","one":"volgende maand","two":["over ",{"t":"idOrVar","v":"value"}," maanden"],"few":["over ",{"t":"idOrVar","v":"value"}," maanden"],"many":["over ",{"t":"idOrVar","v":"value"}," maanden"],"other":["over ",{"t":"idOrVar","v":"value"}," maanden"]},"$x":[{"t":"idOrVar","v":"plural"},"value"]},{"$i":"years-until-long","$v":{"zero":"dit jaar","one":"volgend jaar","two":["over ",{"t":"idOrVar","v":"value"}," jaar"],"few":["over ",{"t":"idOrVar","v":"value"}," jaar"],"many":["over ",{"t":"idOrVar","v":"value"}," jaar"],"other":["over ",{"t":"idOrVar","v":"value"}," jaar"]},"$x":[{"t":"idOrVar","v":"plural"},"value"]},{"$i":"minutes-ago-short","$v":{"zero":"zojuist","other":[{"t":"idOrVar","v":"value"},"m geleden"]},"$x":[{"t":"idOrVar","v":"plural"},"value"]},{"$i":"hours-ago-short","$v":{"zero":"zojuist","other":[{"t":"idOrVar","v":"value"},"u geleden"]},"$x":[{"t":"idOrVar","v":"plural"},"value"]},{"$i":"days-ago-short","$v":{"zero":"vandaag","other":[{"t":"idOrVar","v":"value"},"d geleden"]},"$x":[{"t":"idOrVar","v":"plural"},"value"]},{"$i":"minutes-until-short","$v":{"zero":"nu","other":["over ",{"t":"idOrVar","v":"value"},"m"]},"$x":[{"t":"idOrVar","v":"plural"},"value"]},{"$i":"hours-until-short","$v":{"zero":"nu","other":["over ",{"t":"idOrVar","v":"value"},"h"]},"$x":[{"t":"idOrVar","v":"plural"},"value"]},{"$i":"days-until-short","$v":{"zero":"vandaag","other":["over ",{"t":"idOrVar","v":"value"},"d"]},"$x":[{"t":"idOrVar","v":"plural"},"value"]},{"$i":"incorrectDate","$v":"(onjuiste datum)"},{"$i":"dateTimeFormat_%c","$v":"%a %e %b %Y %H:%M:%S"},{"$i":"dateTimeFormat_%x","$v":"%d-%m-%Y"},{"$i":"dateTimeFormat_%X","$v":"%H:%M:%S"},{"$i":"shortTimeFormat","$v":"%H:%M"},{"$i":"shortTimeFormat12","$v":"%I:%M %p"},{"$i":"shortTimeFormat24","$v":"%H:%M"},{"$i":"shortDateTimeFormat","$v":"%x %H:%M"},{"$i":"weekStartsOnMonday","$v":"1"},{"$i":"firstDayOfTheWeek","$v":"1"},{"$i":"time_am","$v":"AM"},{"$i":"time_pm","$v":"PM"}]