[{"$i":"back-button","ariaLabel":"Back"},{"$i":"close-button","ariaLabel":"Close"},{"$i":"setup-app-name-header","$v":"ਮੇਲ"},{"$i":"setup-empty-account-message","$v":"You are not set up to send or receive email. Set up an account to complete the action."},{"$i":"setup-pick-service","$v":"To send and receive email, you will need to set up an account."},{"$i":"setup-account-header3","$v":"ਨਵਾਂ ਖਾਤਾ"},{"$i":"setup-account-enter-password","$v":"Enter Password For:"},{"$i":"setup-info-name","placeholder":"Your name"},{"$i":"setup-info-email","placeholder":"someone@example.com"},{"$i":"setup-info-password","placeholder":"ਪਾਸਵਰਡ"},{"$i":"setup-info-next","$v":"ਅੱਗੇ"},{"$i":"setup-progress-wait-msg","$v":"Setting up account"},{"$i":"setup-completed-header","$v":"Mail account setup"},{"$i":"setup-completed-label","$v":"All done!"},{"$i":"setup-add-another-account","$v":"Add another account"},{"$i":"setup-show-mail","$v":"Continue to Mail"},{"$i":"setup-error-offline","$v":"This device is currently offline. Connect to a network and try again."},{"$i":"setup-error-bad-user-or-pass2","$v":"Invalid username or password. Check for typos."},{"$i":"setup-error-bad-address","$v":"Invalid e-mail address. Check for typos."},{"$i":"setup-error-not-authorized","$v":"The server said you’re not authorized to create an account"},{"$i":"setup-error-pop-server-not-great","$v":"Server unsupported. The POP3 server does not implement required features."},{"$i":"setup-error-unknown2","$v":"An unknown error occurred. Check your network connection or try the manual configuration option."},{"$i":"setup-error-needs-app-pass","$v":"You must use an application specific password for two-factor Gmail accounts"},{"$i":"setup-error-imap-disabled","$v":"You must enable IMAP for your Gmail account"},{"$i":"setup-error-pop3-disabled","$v":"You must enable POP3 for your Gmail account"},{"$i":"setup-error-bad-security","$v":["Unable to establish a secure connection with \"",{"t":"idOrVar","v":"server"},"\". There may be a problem with your network or the server."]},{"$i":"setup-error-unresponsive-server","$v":["Unable to establish a connection with \"",{"t":"idOrVar","v":"server"},"\". There may be a problem with the network."]},{"$i":"setup-error-server-problem","$v":["There is a problem with the server \"",{"t":"idOrVar","v":"server"},"\". Try again later."]},{"$i":"setup-error-no-config-info","$v":"Unable to automatically configure your account. Correct your e-mail address or try the manual configuration option."},{"$i":"setup-error-server-maintenance","$v":["The server \"",{"t":"idOrVar","v":"server"},"\" is offline for maintenance. Try again later."]},{"$i":"setup-error-account-already-exists","$v":"This account is already configured."},{"$i":"setup-manual-config2","$v":"Manual setup"},{"$i":"setup-manual-config-header","$v":"Manual Setup"},{"$i":"setup-manual-account-type","$v":"Account type"},{"$i":"setup-manual-account-type-select","ariaLabel":"Account type"},{"$i":"setup-manual-imap-header","$v":"IMAP settings"},{"$i":"setup-manual-pop3-header","$v":"POP3 settings"},{"$i":"setup-manual-smtp-header","$v":"SMTP settings"},{"$i":"setup-manual-activesync-header","$v":"ActiveSync settings"},{"$i":"setup-manual-next","$v":"Next"},{"$i":"setup-manual-socket","$v":"Socket Type"},{"$i":"setup-manual-socket-ssl","$v":"SSL"},{"$i":"setup-manual-socket-starttls","$v":"STARTTLS"},{"$i":"setup-manual-socket-select","ariaLabel":"Connection security"},{"$i":"setup-manual-socket-plain","$v":"Unencrypted (insecure)"},{"$i":"setup-manual-hostname","placeholder":"Hostname"},{"$i":"setup-manual-port","placeholder":"Port Number"},{"$i":"setup-manual-username","placeholder":"Username"},{"$i":"setup-manual-activesync-username","placeholder":"Domain\\Username"},{"$i":"setup-bad-password-header","$v":"Bad password!"},{"$i":"setup-bad-password","$v":"We could not sign in to the server. Maybe your password is wrong?"},{"$i":"setup-new-password","placeholder":"New password"},{"$i":"setup-fix-password","$v":"Retry with new password"},{"$i":"setup-gmail-twofactor-header","$v":"Two-Factor Enabled"},{"$i":"setup-gmail-twofactor-message","$v":"You need to enter an application-specific password below."},{"$i":"setup-gmail-twofactor-fix","$v":"Use application password"},{"$i":"setup-gmail-imap-header","$v":"IMAP Disabled"},{"$i":"setup-gmail-imap-message","$v":"You must enable IMAP on your Gmail account"},{"$i":"setup-gmail-imap-retry","$v":"Retry"},{"$i":"setup-gmail-pop3-header","$v":"POP3 Disabled"},{"$i":"setup-gmail-pop3-message","$v":"You must enable POP3 on your Gmail account"},{"$i":"setup-gmail-pop3-retry","$v":"Retry"},{"$i":"setup-fix-oauth2-header","$v":"Reauthorize Email"},{"$i":"setup-fix-oauth2-description","$v":"Email needs to be reauthorized to access the following account:"},{"$i":"setup-fix-oauth2-reauthorize","$v":"Reauthorize"},{"$i":"settings-main-header","$v":"Mail Settings"},{"$i":"settings-sub-header-account","$v":"Account"},{"$i":"settings-account-group","ariaLabel":"Account"},{"$i":"settings-account-name","$v":"Your name"},{"$i":"settings-account-display-notifications","$v":"Display notifications for new messages"},{"$i":"settings-account-play-sound-onsend","$v":"Play sound after message is sent"},{"$i":"settings-empty-signature-label","$v":"Tap to Edit"},{"$i":"settings-account-signature-label","$v":"Signature"},{"$i":"settings-account-signature-textbox","ariaLabel":"Signature"},{"$i":"signature-save","$v":"Save Signature"},{"$i":"signature-discard-confirm","$v":"Discard"},{"$i":"settings-sub-header-data","$v":"Data"},{"$i":"settings-data-group","ariaLabel":"Data"},{"$i":"settings-account-check-mail","$v":"Check for new messages"},{"$i":"settings-account-check-mail-select","ariaLabel":"Check for new messages"},{"$i":"settings-sub-header-server","$v":"Server settings"},{"$i":"settings-server-group","ariaLabel":"Server settings"},{"$i":"settings-account-userpass","$v":"Username and password"},{"$i":"settings-account-useroauth2","$v":"Username"},{"$i":"settings-default-signature-2","$v":"Sent Using Firefox OS"},{"$i":"settings-done","$v":"Done"},{"$i":"settings-account-section","$v":"Accounts"},{"$i":"settings-account-listbox","ariaLabel":"Accounts"},{"$i":"settings-account-add","$v":"Add Account"},{"$i":"settings-account-delete","$v":"Delete account"},{"$i":"settings-account-delete-prompt","$v":["Are you sure you want to delete your ",{"t":"idOrVar","v":"account"}," mail account? You will have to re-download your mail if you re-create the account."]},{"$i":"settings-account-delete-cancel","$v":"Cancel"},{"$i":"settings-account-delete-confirm","$v":"Delete"},{"$i":"settings-account-clarify-imap","$v":[{"t":"idOrVar","v":"account-name"}," (IMAP)"]},{"$i":"settings-account-clarify-pop3","$v":[{"t":"idOrVar","v":"account-name"}," (POP3)"]},{"$i":"settings-account-clarify-smtp","$v":[{"t":"idOrVar","v":"account-name"}," (SMTP)"]},{"$i":"settings-general-section","$v":"General settings"},{"$i":"settings-show-images","$v":"Always show images"},{"$i":"settings-download-attachments","$v":"Download attachments"},{"$i":"settings-check-every-5min","$v":"Every 5 minutes"},{"$i":"settings-check-every-10min","$v":"Every 10 minutes"},{"$i":"settings-check-every-15min","$v":"Every 15 minutes"},{"$i":"settings-check-every-30min","$v":"Every 30 minutes"},{"$i":"settings-check-every-60min","$v":"Every hour"},{"$i":"settings-check-every-manual","$v":"Manually"},{"$i":"settings-check-dynamic","$v":{"zero":"seconds","one":[{"t":"idOrVar","v":"n"}," seconds"],"two":[{"t":"idOrVar","v":"n"}," seconds"],"few":[{"t":"idOrVar","v":"n"}," seconds"],"many":[{"t":"idOrVar","v":"n"}," seconds"],"other":[{"t":"idOrVar","v":"n"}," seconds"]},"$x":[{"t":"idOrVar","v":"plural"},"n"]},{"$i":"settings-default-account","$v":"Set as default email"},{"$i":"settings-account-type","$v":"Account type"},{"$i":"settings-account-credentials","$v":"Credentials"},{"$i":"settings-activesync-label","$v":"ActiveSync settings"},{"$i":"settings-imap-label","$v":"IMAP settings"},{"$i":"settings-pop3-label","$v":"POP3 settings"},{"$i":"settings-smtp-label","$v":"SMTP settings"},{"$i":"settings-hostname","$v":"Hostname"},{"$i":"settings-port","$v":"Port"},{"$i":"settings-username","$v":"Username"},{"$i":"settings-password","$v":"Password"},{"$i":"settings-save","$v":"Save"},{"$i":"settings-password-empty","$v":"Password field should not be empty"},{"$i":"settings-reauth","$v":"Reauthorize"},{"$i":"settings-account-synchronize-window","$v":"Days to sync"},{"$i":"settings-account-synchronize-window-select","ariaLabel":"Days to sync"},{"$i":"settings-synchronize-auto","$v":"Automatic"},{"$i":"settings-synchronize-one-day","$v":"1 day"},{"$i":"settings-synchronize-three-days","$v":"3 days"},{"$i":"settings-synchronize-one-week","$v":"1 week"},{"$i":"settings-synchronize-two-weeks","$v":"2 weeks"},{"$i":"settings-synchronize-one-month","$v":"1 month"},{"$i":"settings-synchronize-all","$v":"All messages"},{"$i":"envelope-from","$v":"From"},{"$i":"envelope-to","$v":"To"},{"$i":"envelope-cc","$v":"Cc"},{"$i":"envelope-bcc","$v":"Bcc"},{"$i":"message-header-state-sending","ariaLabel":"Sending"},{"$i":"message-header-state-error","ariaLabel":"Error sending"},{"$i":"message-header-unread","ariaLabel":"Unread"},{"$i":"message-header-starred","ariaLabel":"Has star"},{"$i":"message-header-attachments","ariaLabel":"Has attachments"},{"$i":"message-body-container","ariaLabel":"Message body"},{"$i":"message-body-container-progress","ariaValueText":"Loading"},{"$i":"subject","ariaLabel":"Subject"},{"$i":"message-delete-button","ariaLabel":"Delete"},{"$i":"message-star-button","ariaLabel":"Add star"},{"$i":"message-unstar-button","ariaLabel":"Remove star"},{"$i":"message-mark-read-button","ariaLabel":"Mark read"},{"$i":"message-mark-unread-button","ariaLabel":"Mark unread"},{"$i":"message-move-button","ariaLabel":"Move"},{"$i":"message-reply-forward-button","ariaLabel":"Reply or forward"},{"$i":"download-button","ariaLabel":"Download"},{"$i":"downloading-progress","ariaValueText":"Downloading"},{"$i":"view-button","ariaLabel":"View"},{"$i":"attachments-container","ariaLabel":"Attachments"},{"$i":"from-group","ariaLabel":"From"},{"$i":"to-group","ariaLabel":"To"},{"$i":"cc-group","ariaLabel":"cc"},{"$i":"bcc-group","ariaLabel":"bcc"},{"$i":"compose-header","$v":"Compose message"},{"$i":"compose-header-short","$v":"Compose"},{"$i":"compose-send","$v":"Send"},{"$i":"compose-send-button","ariaLabel":"Send"},{"$i":"compose-to","$v":"To"},{"$i":"compose-cc","$v":"cc"},{"$i":"compose-bcc","$v":"bcc"},{"$i":"compose-contact-add","ariaLabel":"Add contact"},{"$i":"compose-attachments-container","ariaLabel":{"$x":[{"t":"idOrVar","v":"plural"},"kilobytes"],"$v":{"zero":"Attachments","one":["Attachments: ",{"t":"idOrVar","v":"kilobytes"},"K"],"two":["Attachments: ",{"t":"idOrVar","v":"kilobytes"},"K"],"few":["Attachments: ",{"t":"idOrVar","v":"kilobytes"},"K"],"many":["Attachments: ",{"t":"idOrVar","v":"kilobytes"},"K"],"other":["Attachments: ",{"t":"idOrVar","v":"kilobytes"},"K"]}}},{"$i":"compose-attachment-remove","ariaLabel":"Remove"},{"$i":"compose-attachment-button","ariaLabel":"Attach"},{"$i":"compose-attachments","$v":{"zero":"Attachments","one":[{"t":"idOrVar","v":"n"}," attachment"],"two":[{"t":"idOrVar","v":"n"}," attachments"],"few":[{"t":"idOrVar","v":"n"}," attachments"],"many":[{"t":"idOrVar","v":"n"}," attachments"],"other":[{"t":"idOrVar","v":"n"}," attachments"]},"$x":[{"t":"idOrVar","v":"plural"},"n"]},{"$i":"compose-text","ariaLabel":"Edit"},{"$i":"compose-attachment-still-working","$v":"One moment, still working on the previous attachment..."},{"$i":"compose-subject","$v":"Subject"},{"$i":"compose-draft-save","$v":"Save to Local Drafts"},{"$i":"compose-discard-confirm","$v":"Discard"},{"$i":"compose-send-message-failed","$v":"Sending email failed"},{"$i":"composer-attachment-large","$v":"Attachment too large"},{"$i":"composer-attachments-large","$v":"Attachments too large"},{"$i":"compose-attchment-size-exceeded","$v":"The selected attachment is too large to send with this message."},{"$i":"compose-attchments-size-exceeded","$v":"The selected attachments are too large to send with this message. Try selecting fewer files."},{"$i":"dialog-button-ok","$v":"OK"},{"$i":"default-attachment-filename","$v":["attachment",{"t":"idOrVar","v":"n"}]},{"$i":"attachment-size-kib","$v":[{"t":"idOrVar","v":"kilobytes"},"K"]},{"$i":"message-attachment-view","$v":"View"},{"$i":"message-attachment-did-not-open-label","$v":"Unable to open"},{"$i":"message-attachment-did-not-open-body","$v":"The device does not have an app that can open the attachment."},{"$i":"message-attachment-too-large","$v":"This file is too large to download."},{"$i":"message-no-subject","$v":"(no subject)"},{"$i":"message-edit-menu-edit","$v":"Edit"},{"$i":"message-edit-menu-delete","$v":"Delete"},{"$i":"message-edit-delete-confirm","$v":"Delete email message?"},{"$i":"message-send-attachment-disabled-confirm","$v":"Attachments can not be forwarded."},{"$i":"message-multiedit-header","$v":{"zero":"Edit","one":[{"t":"idOrVar","v":"n"}," selected"],"two":[{"t":"idOrVar","v":"n"}," selected"],"few":[{"t":"idOrVar","v":"n"}," selected"],"many":[{"t":"idOrVar","v":"n"}," selected"],"other":[{"t":"idOrVar","v":"n"}," selected"]},"$x":[{"t":"idOrVar","v":"plural"},"n"]},{"$i":"browse-to-url-prompt","$v":["Browse to URL?: ",{"t":"idOrVar","v":"url"}]},{"$i":"message-download-images-tap","$v":{"one":"This email contains one image. Tap to download.","two":["This email contains ",{"t":"idOrVar","v":"n"}," images. Tap to download."],"few":["This email contains ",{"t":"idOrVar","v":"n"}," images. Tap to download."],"many":["This email contains ",{"t":"idOrVar","v":"n"}," images. Tap to download."],"other":["This email contains ",{"t":"idOrVar","v":"n"}," images. Tap to download."]},"$x":[{"t":"idOrVar","v":"plural"},"n"]},{"$i":"message-show-external-images","$v":"Show external images"},{"$i":"message-multiedit-cancel","$v":"Cancel"},{"$i":"message-multiedit-delete-confirm","$v":{"one":"Delete this email message?","two":["Delete ",{"t":"idOrVar","v":"n"}," email messages?"],"few":["Delete ",{"t":"idOrVar","v":"n"}," email messages?"],"many":["Delete ",{"t":"idOrVar","v":"n"}," email messages?"],"other":["Delete ",{"t":"idOrVar","v":"n"}," email messages?"]},"$x":[{"t":"idOrVar","v":"plural"},"n"]},{"$i":"message-large-message-cancel","$v":"Cancel"},{"$i":"message-large-message-ok","$v":"Continue"},{"$i":"message-large-message-confirm","$v":"This message is large and may take some time to download."},{"$i":"message-search-from","$v":"From"},{"$i":"message-search-to","$v":"To"},{"$i":"message-search-subject","$v":"Subject"},{"$i":"message-search-body","$v":"Body"},{"$i":"message-search-all","$v":"All"},{"$i":"message-search-input","placeholder":"Search Mail"},{"$i":"message-search-cancel","$v":"Cancel"},{"$i":"messages-syncing","$v":"Loading Messages"},{"$i":"messages-load-more","$v":"Load More Messages"},{"$i":"messages-folder-empty","$v":"No mail in this Folder"},{"$i":"messages-search-empty","$v":"No matches in locally cached messages"},{"$i":"messages-folder-select","$v":"Select folder"},{"$i":"messages-folder-unread-max","$v":"999+"},{"$i":"message-contact-menu-create","$v":"Save new contact"},{"$i":"message-contact-menu-add-existing","$v":"Add to existing contact"},{"$i":"message-contact-menu-view","$v":"View contact"},{"$i":"message-contact-menu-reply","$v":"Reply"},{"$i":"message-contact-menu-new","$v":"Send new mail"},{"$i":"message-reply-menu-reply","$v":"Reply"},{"$i":"message-reply-menu-reply-all","$v":"Reply All"},{"$i":"message-reply-menu-forward","$v":"Forward"},{"$i":"message-reply-menu-cancel","$v":"Cancel"},{"$i":"reply-quoting-wrote","$v":"{name} wrote"},{"$i":"forward-original-message","$v":"Original message"},{"$i":"forward-header-subject","$v":"Subject"},{"$i":"forward-header-date","$v":"Date"},{"$i":"forward-header-from","$v":"From"},{"$i":"forward-header-reply-to","$v":"Reply-To"},{"$i":"forward-header-to","$v":"To"},{"$i":"forward-header-cc","$v":"Cc"},{"$i":"folder-inbox","$v":"Inbox"},{"$i":"folder-sent","$v":"Sent"},{"$i":"folder-drafts","$v":"Drafts"},{"$i":"folder-trash","$v":"Trash"},{"$i":"folder-queue","$v":"Unsent"},{"$i":"folder-junk","$v":"Junk"},{"$i":"folder-archives","$v":"Archives"},{"$i":"folder-localdrafts","$v":"Local Drafts"},{"$i":"folder-outbox","$v":"Outbox"},{"$i":"drawer-back","$v":"Back"},{"$i":"drawer-accounts-header","$v":"Accounts"},{"$i":"drawer-settings-link","$v":"Settings"},{"$i":"folder-last-synced-label","$v":"Last sync:"},{"$i":"messages-refresh-button","ariaLabel":"Refresh"},{"$i":"messages-refresh-progress","ariaValueText":"Refreshing"},{"$i":"edit-button","ariaLabel":"Edit"},{"$i":"message-list-top-action","$v":"Top"},{"$i":"message-list-menu","ariaLabel":"Folders and settings"},{"$i":"message-list-compose","ariaLabel":"Compose"},{"$i":"toaster-undo","$v":"Undo"},{"$i":"toaster-message-star","$v":{"one":"1 message flag set","two":[{"t":"idOrVar","v":"n"}," message flags set"],"few":[{"t":"idOrVar","v":"n"}," message flags set"],"many":[{"t":"idOrVar","v":"n"}," message flags set"],"other":[{"t":"idOrVar","v":"n"}," message flags set"]},"$x":[{"t":"idOrVar","v":"plural"},"n"]},{"$i":"toaster-message-unstar","$v":{"one":"1 message flag removed","two":[{"t":"idOrVar","v":"n"}," message flags removed"],"few":[{"t":"idOrVar","v":"n"}," message flags removed"],"many":[{"t":"idOrVar","v":"n"}," message flags removed"],"other":[{"t":"idOrVar","v":"n"}," message flags removed"]},"$x":[{"t":"idOrVar","v":"plural"},"n"]},{"$i":"toaster-message-read","$v":{"one":"1 message marked as read","two":[{"t":"idOrVar","v":"n"}," messages marked as read"],"few":[{"t":"idOrVar","v":"n"}," messages marked as read"],"many":[{"t":"idOrVar","v":"n"}," messages marked as read"],"other":[{"t":"idOrVar","v":"n"}," messages marked as read"]},"$x":[{"t":"idOrVar","v":"plural"},"n"]},{"$i":"toaster-message-unread","$v":{"one":"1 message marked as unread","two":[{"t":"idOrVar","v":"n"}," messages marked as unread"],"few":[{"t":"idOrVar","v":"n"}," messages marked as unread"],"many":[{"t":"idOrVar","v":"n"}," messages marked as unread"],"other":[{"t":"idOrVar","v":"n"}," messages marked as unread"]},"$x":[{"t":"idOrVar","v":"plural"},"n"]},{"$i":"toaster-message-move","$v":{"one":"1 message moved","two":[{"t":"idOrVar","v":"n"}," messages moved"],"few":[{"t":"idOrVar","v":"n"}," messages moved"],"many":[{"t":"idOrVar","v":"n"}," messages moved"],"other":[{"t":"idOrVar","v":"n"}," messages moved"]},"$x":[{"t":"idOrVar","v":"plural"},"n"]},{"$i":"toaster-message-delete","$v":{"one":"1 message deleted","two":[{"t":"idOrVar","v":"n"}," messages deleted"],"few":[{"t":"idOrVar","v":"n"}," messages deleted"],"many":[{"t":"idOrVar","v":"n"}," messages deleted"],"other":[{"t":"idOrVar","v":"n"}," messages deleted"]},"$x":[{"t":"idOrVar","v":"plural"},"n"]},{"$i":"toaster-retryable-syncfailed","$v":"Unable to connect to server"},{"$i":"compose-invalid-addresses-title","$v":"Invalid Addresses"},{"$i":"compose-invalid-addresses-description","$v":"Your message contains one or more invalid email addresses. Please correct them before sending."},{"$i":"background-send-pending","$v":"Network unavailable. Email saved to outbox."},{"$i":"background-send-sending","$v":"Sending mail…"},{"$i":"background-send-success","$v":"Email sent."},{"$i":"background-send-error","$v":"Error occurred. Email saved to outbox."},{"$i":"background-send-error-recipients","$v":"Recipient error. Email saved to outbox."},{"$i":"background-send-error-title","$v":"Mail failed to send"},{"$i":"send-failure-recipients","$v":"Check the spelling of the addresses above. Your mail server indicated one or more of the addresses above are incorrect."},{"$i":"send-failure-unknown","$v":"The message could not be sent."},{"$i":"form-clear-input","$v":"Remove text"},{"$i":"confirm-dialog-title","$v":"Confirmation"},{"$i":"senders-separation-sign","$v":", "},{"$i":"new-messages","$v":{"one":"1 New Message","two":[{"t":"idOrVar","v":"n"}," New Messages"],"few":[{"t":"idOrVar","v":"n"}," New Messages"],"many":[{"t":"idOrVar","v":"n"}," New Messages"],"other":[{"t":"idOrVar","v":"n"}," New Messages"]},"$x":[{"t":"idOrVar","v":"plural"},"n"]},{"$i":"notification-no-subject","$v":"(no subject)"},{"$i":"new-emails-notify-one-account","$v":{"one":"1 New Email","two":[{"t":"idOrVar","v":"n"}," New Emails"],"few":[{"t":"idOrVar","v":"n"}," New Emails"],"many":[{"t":"idOrVar","v":"n"}," New Emails"],"other":[{"t":"idOrVar","v":"n"}," New Emails"]},"$x":[{"t":"idOrVar","v":"plural"},"n"]},{"$i":"new-emails-notify-multiple-accounts","$v":{"one":["1 New Email (",{"t":"idOrVar","v":"accountName"},")"],"two":[{"t":"idOrVar","v":"n"}," New Emails (",{"t":"idOrVar","v":"accountName"},")"],"few":[{"t":"idOrVar","v":"n"}," New Emails (",{"t":"idOrVar","v":"accountName"},")"],"many":[{"t":"idOrVar","v":"n"}," New Emails (",{"t":"idOrVar","v":"accountName"},")"],"other":[{"t":"idOrVar","v":"n"}," New Emails (",{"t":"idOrVar","v":"accountName"},")"]},"$x":[{"t":"idOrVar","v":"plural"},"n"]},{"$i":"new-emails-notify-multiple-accounts-body","$v":[{"t":"idOrVar","v":"from"}," “",{"t":"idOrVar","v":"subject"},"”"]},{"$i":"tng-plain-socket-warning-title","$v":"Are you sure?"},{"$i":"tng-plain-socket-warning-message","$v":"Other people may be able to see your passwords and emails or control your account."},{"$i":"tng-plain-socket-warning-message-options","$v":"There are multiple, free email providers that offer more secure, encrypted connections."},{"$i":"tng-plain-socket-learn-more","$v":"Learn more"},{"$i":"tng-plain-socket-warning-ok","$v":"I understand"},{"$i":"message-reader-next-button","ariaLabel":"Next"},{"$i":"message-reader-previous-button","ariaLabel":"Previous"},{"$i":"message-reader-date-received","ariaLabel":"Received"},{"$i":"weekday-0-long","$v":"ਐਤਵਾਰ"},{"$i":"weekday-1-long","$v":"ਸੋਮਵਾਰ"},{"$i":"weekday-2-long","$v":"ਮੰਗਲਵਾਰ"},{"$i":"weekday-3-long","$v":"ਬੁੱਧਵਾਰ"},{"$i":"weekday-4-long","$v":"ਵੀਰਵਾਰ"},{"$i":"weekday-5-long","$v":"ਸ਼ੁੱਕਰਵਾਰ"},{"$i":"weekday-6-long","$v":"ਸ਼ਨਿੱਚਰਵਾਰ"},{"$i":"weekday-0-short","$v":"ਐਤ"},{"$i":"weekday-1-short","$v":"ਸੋਮ"},{"$i":"weekday-2-short","$v":"ਮੰਗਲ"},{"$i":"weekday-3-short","$v":"ਬੁੱਧ"},{"$i":"weekday-4-short","$v":"ਵੀਰ"},{"$i":"weekday-5-short","$v":"ਸ਼ੁੱਕਰ"},{"$i":"weekday-6-short","$v":"ਸ਼ਨਿੱ"},{"$i":"month-0-long","$v":"ਜਨਵਰੀ"},{"$i":"month-1-long","$v":"ਫਰਵਰੀ"},{"$i":"month-2-long","$v":"ਮਾਰਚ"},{"$i":"month-3-long","$v":"ਅਪਰੈਲ"},{"$i":"month-4-long","$v":"ਮਈ"},{"$i":"month-5-long","$v":"ਜੂਨ"},{"$i":"month-6-long","$v":"ਜੁਲਾਈ"},{"$i":"month-7-long","$v":"ਅਗਸਤ"},{"$i":"month-8-long","$v":"ਸਤੰਬਰ"},{"$i":"month-9-long","$v":"ਅਕਤੂਬਰ"},{"$i":"month-10-long","$v":"ਨਵੰਬਰ"},{"$i":"month-11-long","$v":"ਦਸੰਬਰ"},{"$i":"month-0-genitive","$v":"ਜਨਵਰੀ"},{"$i":"month-1-genitive","$v":"ਫਰਵਰੀ"},{"$i":"month-2-genitive","$v":"ਮਾਰਚ"},{"$i":"month-3-genitive","$v":"ਅਪਰੈਲ"},{"$i":"month-4-genitive","$v":"ਮਈ"},{"$i":"month-5-genitive","$v":"ਜੂਨ"},{"$i":"month-6-genitive","$v":"ਜੁਲਾਈ"},{"$i":"month-7-genitive","$v":"ਅਗਸਤ"},{"$i":"month-8-genitive","$v":"ਸਤੰਬਰ"},{"$i":"month-9-genitive","$v":"ਅਕਤੂਬਰ"},{"$i":"month-10-genitive","$v":"ਨਵੰਬਰ"},{"$i":"month-11-genitive","$v":"ਦਸੰਬਰ"},{"$i":"month-0-short","$v":"ਜਨ"},{"$i":"month-1-short","$v":"ਫਰ"},{"$i":"month-2-short","$v":"ਮਾਰ"},{"$i":"month-3-short","$v":"ਅਪ"},{"$i":"month-4-short","$v":"ਮਈ"},{"$i":"month-5-short","$v":"ਜੂਨ"},{"$i":"month-6-short","$v":"ਜੁਲਾ"},{"$i":"month-7-short","$v":"ਅਗ"},{"$i":"month-8-short","$v":"ਸਤੰ"},{"$i":"month-9-short","$v":"ਅਕਤੂ"},{"$i":"month-10-short","$v":"ਨਵੰ"},{"$i":"month-11-short","$v":"ਦਸੰ"},{"$i":"minutes-ago-long","$v":{"zero":"ਹੁਣੇ ਹੀਂ","one":"ਮਿੰਟ ਕੁ ਪਹਿਲਾਂ","two":[{"t":"idOrVar","v":"value"}," ਮਿੰਟ ਪਹਿਲਾਂ"],"few":[{"t":"idOrVar","v":"value"}," ਮਿੰਟ ਪਹਿਲਾਂ"],"many":[{"t":"idOrVar","v":"value"}," ਮਿੰਟ ਪਹਿਲਾਂ"],"other":[{"t":"idOrVar","v":"value"},"  ਮਿੰਟ ਪਹਿਲਾਂ"]},"$x":[{"t":"idOrVar","v":"plural"},"value"]},{"$i":"hours-ago-long","$v":{"zero":"ਹੁਣੇ ਹੀ","one":"ਘੰਟਾ ਪਹਿਲਾਂ","two":[{"t":"idOrVar","v":"value"}," ਘੰਟੇ ਪਹਿਲਾਂ"],"few":[{"t":"idOrVar","v":"value"}," ਘੰਟੇ ਪਹਿਲਾਂ"],"many":[{"t":"idOrVar","v":"value"}," ਘੰਟੇ ਪਹਿਲਾਂ"],"other":[{"t":"idOrVar","v":"value"}," ਘੰਟੇ ਪਹਿਲਾਂ"]},"$x":[{"t":"idOrVar","v":"plural"},"value"]},{"$i":"days-ago-long","$v":{"zero":"ਅੱਜ","one":"ਕੱਲ੍ਹ","two":[{"t":"idOrVar","v":"value"}," ਦਿਨ ਪਹਿਲਾਂ"],"few":[{"t":"idOrVar","v":"value"}," ਦਿਨ ਪਹਿਲਾਂ"],"many":[{"t":"idOrVar","v":"value"}," ਦਿਨ ਪਹਿਲਾਂ"],"other":[{"t":"idOrVar","v":"value"}," ਦਿਨ ਪਹਿਲਾਂ"]},"$x":[{"t":"idOrVar","v":"plural"},"value"]},{"$i":"weeks-ago-long","$v":{"zero":"ਇਹ ਹਫ਼ਤੇ","one":"ਪਿਛਲੇ ਹਫ਼ਤੇ","two":[{"t":"idOrVar","v":"value"}," ਹਫ਼ਤੇ ਪਹਿਲਾਂ"],"few":[{"t":"idOrVar","v":"value"}," ਹਫ਼ਤੇ ਪਹਿਲਾਂ"],"many":[{"t":"idOrVar","v":"value"}," ਹਫ਼ਤੇ ਪਹਿਲਾਂ"],"other":[{"t":"idOrVar","v":"value"}," ਹਫ਼ਤੇ ਪਹਿਲਾਂ"]},"$x":[{"t":"idOrVar","v":"plural"},"value"]},{"$i":"months-ago-long","$v":{"zero":"ਇਹ ਮਹੀਨੇ","one":"ਪਿਛਲੇ ਮਹੀਨੇ","two":[{"t":"idOrVar","v":"value"}," ਮਹੀਨੇ ਪਹਿਲਾਂ"],"few":[{"t":"idOrVar","v":"value"}," ਮਹੀਨੇ ਪਹਿਲਾਂ"],"many":[{"t":"idOrVar","v":"value"}," ਮਹੀਨੇ ਪਹਿਲਾਂ"],"other":[{"t":"idOrVar","v":"value"}," ਮਹੀਨੇ ਪਹਿਲਾਂ"]},"$x":[{"t":"idOrVar","v":"plural"},"value"]},{"$i":"years-ago-long","$v":{"zero":"ਇਹ ਸਾਲ","one":"ਪਿਛਲੇ ਸਾਲ","two":[{"t":"idOrVar","v":"value"}," ਸਾਲ ਪਹਿਲਾਂ"],"few":[{"t":"idOrVar","v":"value"}," ਸਾਲ ਪਹਿਲਾਂ"],"many":[{"t":"idOrVar","v":"value"}," ਸਾਲ ਪਹਿਲਾਂ"],"other":[{"t":"idOrVar","v":"value"}," ਸਾਲ ਪਹਿਲਾਂ"]},"$x":[{"t":"idOrVar","v":"plural"},"value"]},{"$i":"minutes-until-long","$v":{"zero":"ਹੁਣ","one":"ਮਿੰਟ ਵਿੱਚ","two":[{"t":"idOrVar","v":"value"}," ਮਿੰਟਾਂ ਵਿੱਚ"],"few":[{"t":"idOrVar","v":"value"}," ਮਿੰਟਾਂ ਵਿੱਚ"],"many":[{"t":"idOrVar","v":"value"}," ਮਿੰਟਾਂ ਵਿੱਚ"],"other":[{"t":"idOrVar","v":"value"}," ਮਿੰਟਾਂ ਵਿੱਚ"]},"$x":[{"t":"idOrVar","v":"plural"},"value"]},{"$i":"hours-until-long","$v":{"zero":"ਹੁਣ","one":"ਇੱਕ ਘੰਟੇ ਵਿੱਚ","two":[{"t":"idOrVar","v":"value"}," ਘੰਟਿਆਂ ਵਿੱਚ"],"few":[{"t":"idOrVar","v":"value"}," ਘੰਟਿਆਂ ਵਿੱਚ"],"many":[{"t":"idOrVar","v":"value"}," ਘੰਟਿਆਂ ਵਿੱਚ"],"other":[{"t":"idOrVar","v":"value"}," ਘੰਟਿਆਂ ਵਿੱਚ"]},"$x":[{"t":"idOrVar","v":"plural"},"value"]},{"$i":"days-until-long","$v":{"zero":"ਅੱਜ","one":"ਭਲਕੇ","two":[{"t":"idOrVar","v":"value"}," ਦਿਨਾਂ ਵਿੱਚ"],"few":[{"t":"idOrVar","v":"value"}," ਦਿਨਾਂ ਵਿੱਚ"],"many":[{"t":"idOrVar","v":"value"}," ਦਿਨਾਂ ਵਿੱਚ"],"other":[{"t":"idOrVar","v":"value"}," ਦਿਨਾਂ ਵਿੱਚ"]},"$x":[{"t":"idOrVar","v":"plural"},"value"]},{"$i":"weeks-until-long","$v":{"zero":"ਇਸ ਹਫ਼ਤੇ","one":"ਅਗਲੇ ਹਫ਼ਤੇ","two":[{"t":"idOrVar","v":"value"}," ਹਫ਼ਤਿਆਂ ਵਿੱਚ"],"few":[{"t":"idOrVar","v":"value"}," ਹਫ਼ਤਿਆਂ ਵਿੱਚ"],"many":[{"t":"idOrVar","v":"value"}," ਹਫ਼ਤਿਆਂ ਵਿੱਚ"],"other":[{"t":"idOrVar","v":"value"}," ਹਫ਼ਤਿਆਂ ਵਿੱਚ"]},"$x":[{"t":"idOrVar","v":"plural"},"value"]},{"$i":"months-until-long","$v":{"zero":"ਇਸ ਮਹੀਨੇ","one":"ਅਗਲੇ ਮਹੀਨੇ","two":[{"t":"idOrVar","v":"value"}," ਮਹੀਨਿਆਂ ਵਿੱਚ"],"few":[{"t":"idOrVar","v":"value"}," ਮਹੀਨਿਆਂ ਵਿੱਚ"],"many":[{"t":"idOrVar","v":"value"}," ਮਹੀਨਿਆਂ ਵਿੱਚ"],"other":[{"t":"idOrVar","v":"value"}," ਮਹੀਨਿਆਂ ਵਿੱਚ"]},"$x":[{"t":"idOrVar","v":"plural"},"value"]},{"$i":"years-until-long","$v":{"zero":"ਇਸ ਸਾਲ","one":"ਅਗਲੇ ਸਾਲ","two":[{"t":"idOrVar","v":"value"}," ਸਾਲਾਂ ਵਿੱਚ"],"few":[{"t":"idOrVar","v":"value"}," ਸਾਲਾਂ ਵਿੱਚ"],"many":[{"t":"idOrVar","v":"value"}," ਸਾਲਾਂ ਵਿੱਚ"],"other":[{"t":"idOrVar","v":"value"}," ਸਾਲਾਂ ਵਿੱਚ"]},"$x":[{"t":"idOrVar","v":"plural"},"value"]},{"$i":"minutes-ago-short","$v":{"zero":"ਹੁਣੇ ਹੀ","other":[{"t":"idOrVar","v":"value"},"ਮਿੰ ਪਹਿਲਾਂ"]},"$x":[{"t":"idOrVar","v":"plural"},"value"]},{"$i":"hours-ago-short","$v":{"zero":"ਹੁਣੇ ਹੀਂ","other":[{"t":"idOrVar","v":"value"},"ਘੰ ਪਹਿਲਾਂ"]},"$x":[{"t":"idOrVar","v":"plural"},"value"]},{"$i":"days-ago-short","$v":{"zero":"ਅੱਜ","other":[{"t":"idOrVar","v":"value"},"ਦਿ ਪਹਿਲਾਂ"]},"$x":[{"t":"idOrVar","v":"plural"},"value"]},{"$i":"minutes-until-short","$v":{"zero":"ਹੁਣ","other":[{"t":"idOrVar","v":"value"},"ਮਿੰ ਵਿੱਚ"]},"$x":[{"t":"idOrVar","v":"plural"},"value"]},{"$i":"hours-until-short","$v":{"zero":"ਹੁਣ","other":[{"t":"idOrVar","v":"value"},"ਘੰ ਵਿੱਚ"]},"$x":[{"t":"idOrVar","v":"plural"},"value"]},{"$i":"days-until-short","$v":{"zero":"ਅੱਜ","other":[{"t":"idOrVar","v":"value"},"ਦਿ ਵਿੱਚ"]},"$x":[{"t":"idOrVar","v":"plural"},"value"]},{"$i":"incorrectDate","$v":"(ਗਲਤ ਮਿਤੀ)"},{"$i":"dateTimeFormat_%c","$v":"%a %e %b  %Y %I:%M:%S %p"},{"$i":"dateTimeFormat_%x","$v":"%d/%m/%Y"},{"$i":"dateTimeFormat_%X","$v":"%I:%M:%S %p"},{"$i":"shortTimeFormat","$v":"%I:%M %p"},{"$i":"shortTimeFormat12","$v":"%I:%M %p"},{"$i":"shortTimeFormat24","$v":"%H:%M"},{"$i":"shortDateTimeFormat","$v":"%x %I:%M %p"},{"$i":"weekStartsOnMonday","$v":"1"},{"$i":"firstDayOfTheWeek","$v":"0"},{"$i":"time_am","$v":"ਸਵੇਰੇ"},{"$i":"time_pm","$v":"ਸ਼ਾਮ"}]