[{"$i":"back-button","ariaLabel":"Wstecz"},{"$i":"close-button","ariaLabel":"Zamknij"},{"$i":"setup-app-name-header","$v":"Poczta"},{"$i":"setup-empty-account-message","$v":"You are not set up to send or receive email. Set up an account to complete the action."},{"$i":"setup-pick-service","$v":"Aby wysyłać i odbierać wiadomości e-mail, należy skonfigurować konto."},{"$i":"setup-account-header3","$v":"Nowe konto"},{"$i":"setup-account-enter-password","$v":"Wprowadź hasło dla:"},{"$i":"setup-info-name","placeholder":"Imię Nazwisko / pseudonim"},{"$i":"setup-info-email","placeholder":"inazwisko@jakasdomena.pl"},{"$i":"setup-info-password","placeholder":"Hasło"},{"$i":"setup-info-next","$v":"Dalej"},{"$i":"setup-progress-wait-msg","$v":"Konfigurowanie konta…"},{"$i":"setup-completed-header","$v":"Konfiguracja konta"},{"$i":"setup-completed-label","$v":"Wszystko przygotowane!"},{"$i":"setup-add-another-account","$v":"Dodaj kolejne konto"},{"$i":"setup-show-mail","$v":"Przejdź do poczty"},{"$i":"setup-error-offline","$v":"Urządzenie nie ma połączenia z Internetem. Połącz się z siecią i spróbuj ponownie."},{"$i":"setup-error-bad-user-or-pass2","$v":"Nieprawidłowa nazwa użytkownika lub hasło - może wkradła się literówka?"},{"$i":"setup-error-bad-address","$v":"Nieprawidłowy adres e-mail, sprawdź go pod kątem literówek."},{"$i":"setup-error-not-authorized","$v":"Serwer twierdzi, że nie masz uprawnień do tworzenia kont pocztowych"},{"$i":"setup-error-pop-server-not-great","$v":"Nieobsługiwany typ serwera. Serwer POP3 nie udostępnia wymaganych funkcji."},{"$i":"setup-error-unknown2","$v":"Wystąpił nieznany błąd. Sprawdź połączenie z siecią lub skorzystaj z ręcznej konfiguracji."},{"$i":"setup-error-needs-app-pass","$v":"Należy użyć hasła specyficznego dla danego programu dla kont Gmail z weryfikacją dwuetapową"},{"$i":"setup-error-imap-disabled","$v":"Należy włączyć IMAP w ustawieniach konta Gmail"},{"$i":"setup-error-pop3-disabled","$v":"Należy włączyć POP3 w ustawieniach konta Gmail"},{"$i":"setup-error-bad-security","$v":["Nie udało się nawiązać bezpiecznego połączenia z serwerem „",{"t":"idOrVar","v":"server"},"”. Może to być winą połączenia sieciowego lub serwera."]},{"$i":"setup-error-unresponsive-server","$v":["Nie udało się nawiązać połączenia z serwerem „",{"t":"idOrVar","v":"server"},"”. Może to być winą połączenia sieciowego."]},{"$i":"setup-error-server-problem","$v":["Serwer „",{"t":"idOrVar","v":"server"},"” ma problemy. Spróbuj ponownie później."]},{"$i":"setup-error-no-config-info","$v":"Nie udało się automatycznie skonfigurować konta. Popraw adres e-mail lub skorzystaj z ręcznej konfiguracji."},{"$i":"setup-error-server-maintenance","$v":["Serwer „",{"t":"idOrVar","v":"server"},"” jest niedostępny z powodu konserwacji. Spróbuj ponownie później."]},{"$i":"setup-error-account-already-exists","$v":"To konto już zostało dodane."},{"$i":"setup-manual-config2","$v":"Ręczna konfiguracja"},{"$i":"setup-manual-config-header","$v":"Zaawansowane"},{"$i":"setup-manual-account-type","$v":"Typ konta"},{"$i":"setup-manual-account-type-select","ariaLabel":"Typ konta"},{"$i":"setup-manual-imap-header","$v":"Ustawienia IMAP"},{"$i":"setup-manual-pop3-header","$v":"Ustawienia POP3"},{"$i":"setup-manual-smtp-header","$v":"Ustawienia SMTP"},{"$i":"setup-manual-activesync-header","$v":"Ustawienia ActiveSync"},{"$i":"setup-manual-next","$v":"Dalej"},{"$i":"setup-manual-socket","$v":"Typ połączenia"},{"$i":"setup-manual-socket-ssl","$v":"SSL"},{"$i":"setup-manual-socket-starttls","$v":"STARTTLS"},{"$i":"setup-manual-socket-select","ariaLabel":"Bezpieczeństwo połączenia"},{"$i":"setup-manual-socket-plain","$v":"Nieszyfrowane (niebezpieczne)"},{"$i":"setup-manual-hostname","placeholder":"Adres serwera"},{"$i":"setup-manual-port","placeholder":"Numer portu"},{"$i":"setup-manual-username","placeholder":"Nazwa użytkownika"},{"$i":"setup-manual-activesync-username","placeholder":"Domena\\Nazwa użytkownika"},{"$i":"setup-bad-password-header","$v":"Nieprawidłowe hasło!"},{"$i":"setup-bad-password","$v":"Nie można było zalogować się na serwerze - może hasło jest nieprawidłowe?"},{"$i":"setup-new-password","placeholder":"Nowe hasło"},{"$i":"setup-fix-password","$v":"Spróbuj z nowym hasłem"},{"$i":"setup-gmail-twofactor-header","$v":"Włączona weryfikacja dwuetapowa"},{"$i":"setup-gmail-twofactor-message","$v":"Poniżej należy wprowadzić hasło specyficzne dla aplikacji."},{"$i":"setup-gmail-twofactor-fix","$v":"Użyj hasła aplikacji"},{"$i":"setup-gmail-imap-header","$v":"Wyłączony protokół IMAP"},{"$i":"setup-gmail-imap-message","$v":"Należy włączyć IMAP w ustawieniach konta Gmail"},{"$i":"setup-gmail-imap-retry","$v":"Ponów"},{"$i":"setup-gmail-pop3-header","$v":"Wyłączony protokół POP3"},{"$i":"setup-gmail-pop3-message","$v":"Należy włączyć POP3 w ustawieniach konta Gmail"},{"$i":"setup-gmail-pop3-retry","$v":"Ponów"},{"$i":"setup-fix-oauth2-header","$v":"Ponowna autoryzacja"},{"$i":"setup-fix-oauth2-description","$v":"Wymagana jest ponowna autoryzacja adresu e-mail dla konta:"},{"$i":"setup-fix-oauth2-reauthorize","$v":"Autoryzuj"},{"$i":"settings-main-header","$v":"Ustawienia"},{"$i":"settings-sub-header-account","$v":"Konto"},{"$i":"settings-account-group","ariaLabel":"Konto"},{"$i":"settings-account-name","$v":"Nazwa nadawcy"},{"$i":"settings-account-display-notifications","$v":"Powiadomienia o nowych wiadomościach"},{"$i":"settings-account-play-sound-onsend","$v":"Dźwięk po wysłaniu wiadomości"},{"$i":"settings-empty-signature-label","$v":"Stuknij, by edytować"},{"$i":"settings-account-signature-label","$v":"Sygnatura"},{"$i":"settings-account-signature-textbox","ariaLabel":"Sygnatura"},{"$i":"signature-save","$v":"Zapisz sygnaturę"},{"$i":"signature-discard-confirm","$v":"Odrzuć"},{"$i":"settings-sub-header-data","$v":"Dane"},{"$i":"settings-data-group","ariaLabel":"Dane"},{"$i":"settings-account-check-mail","$v":"Sprawdzaj nową pocztę"},{"$i":"settings-account-check-mail-select","ariaLabel":"Sprawdzaj nową pocztę"},{"$i":"settings-sub-header-server","$v":"Ustawienia serwera"},{"$i":"settings-server-group","ariaLabel":"Ustawienia serwera"},{"$i":"settings-account-userpass","$v":"Nazwa użytkownika i hasło"},{"$i":"settings-account-useroauth2","$v":"Nazwa użytkownika"},{"$i":"settings-default-signature-2","$v":"Wysłane z Firefox OS"},{"$i":"settings-done","$v":"Gotowe"},{"$i":"settings-account-section","$v":"Konta"},{"$i":"settings-account-listbox","ariaLabel":"Konta"},{"$i":"settings-account-add","$v":"Dodaj konto"},{"$i":"settings-account-delete","$v":"Usuń konto"},{"$i":"settings-account-delete-prompt","$v":["Czy na pewno usunąć konto pocztowe „",{"t":"idOrVar","v":"account"},"”? Wszystkie wiadomości trzeba będzie pobrać ponownie w przypadku jego ponownej konfiguracji."]},{"$i":"settings-account-delete-cancel","$v":"Anuluj"},{"$i":"settings-account-delete-confirm","$v":"Usuń"},{"$i":"settings-account-clarify-imap","$v":[{"t":"idOrVar","v":"account-name"}," (IMAP)"]},{"$i":"settings-account-clarify-pop3","$v":[{"t":"idOrVar","v":"account-name"}," (POP3)"]},{"$i":"settings-account-clarify-smtp","$v":[{"t":"idOrVar","v":"account-name"}," (SMTP)"]},{"$i":"settings-general-section","$v":"Ogólne ustawienia"},{"$i":"settings-show-images","$v":"Wyświetlaj obrazki"},{"$i":"settings-download-attachments","$v":"Pobieraj załączniki"},{"$i":"settings-check-every-5min","$v":"Co 5 minut"},{"$i":"settings-check-every-10min","$v":"Co 10 minut"},{"$i":"settings-check-every-15min","$v":"Co 15 minut"},{"$i":"settings-check-every-30min","$v":"Co 30 minut"},{"$i":"settings-check-every-60min","$v":"Co godzinę"},{"$i":"settings-check-every-manual","$v":"Ręcznie"},{"$i":"settings-check-dynamic","$v":{"zero":"","one":[{"t":"idOrVar","v":"n"}," sekunda"],"two":[{"t":"idOrVar","v":"n"}," sekundy"],"few":[{"t":"idOrVar","v":"n"}," sekundy"],"many":[{"t":"idOrVar","v":"n"}," sekund"],"other":""},"$x":[{"t":"idOrVar","v":"plural"},"n"]},{"$i":"settings-default-account","$v":"Domyślne konto"},{"$i":"settings-account-type","$v":"Typ konta"},{"$i":"settings-account-credentials","$v":"Dane konta"},{"$i":"settings-activesync-label","$v":"Ustawienia ActiveSync"},{"$i":"settings-imap-label","$v":"Ustawienia IMAP"},{"$i":"settings-pop3-label","$v":"Ustawienia POP3"},{"$i":"settings-smtp-label","$v":"Ustawienia SMTP"},{"$i":"settings-hostname","$v":"Nazwa hosta"},{"$i":"settings-port","$v":"Port"},{"$i":"settings-username","$v":"Nazwa użytkownika"},{"$i":"settings-password","$v":"Hasło"},{"$i":"settings-save","$v":"Zapisz"},{"$i":"settings-password-empty","$v":"Pole hasła nie powinno być puste!"},{"$i":"settings-reauth","$v":"Autoryzuj ponownie"},{"$i":"settings-account-synchronize-window","$v":"Dni do synchronizacji"},{"$i":"settings-account-synchronize-window-select","ariaLabel":"Dni do synchronizacji"},{"$i":"settings-synchronize-auto","$v":"automatycznie"},{"$i":"settings-synchronize-one-day","$v":"ostatni dzień"},{"$i":"settings-synchronize-three-days","$v":"ostatnie 3 dni"},{"$i":"settings-synchronize-one-week","$v":"ostatni tydzień"},{"$i":"settings-synchronize-two-weeks","$v":"ostatnie 2 tygodnie"},{"$i":"settings-synchronize-one-month","$v":"ostatni miesiąc"},{"$i":"settings-synchronize-all","$v":"wszystkie wiadomości"},{"$i":"envelope-from","$v":"Od"},{"$i":"envelope-to","$v":"Do"},{"$i":"envelope-cc","$v":"Kopia"},{"$i":"envelope-bcc","$v":"Ukryta kopia"},{"$i":"message-header-state-sending","ariaLabel":"Wysyłanie"},{"$i":"message-header-state-error","ariaLabel":"Błąd wysyłania"},{"$i":"message-header-unread","ariaLabel":"Nieprzeczytana"},{"$i":"message-header-starred","ariaLabel":"Została oznaczona"},{"$i":"message-header-attachments","ariaLabel":"Posiada załączniki"},{"$i":"message-body-container","ariaLabel":"Treść wiadomości"},{"$i":"message-body-container-progress","ariaValueText":"Wczytywanie"},{"$i":"subject","ariaLabel":"Temat"},{"$i":"message-delete-button","ariaLabel":"Usuń"},{"$i":"message-star-button","ariaLabel":"Dodaj flagę"},{"$i":"message-unstar-button","ariaLabel":"Usuń flagę"},{"$i":"message-mark-read-button","ariaLabel":"Oznacz jako przeczytaną"},{"$i":"message-mark-unread-button","ariaLabel":"Oznacz jako nieprzeczytaną"},{"$i":"message-move-button","ariaLabel":"Przenieś"},{"$i":"message-reply-forward-button","ariaLabel":"Odpowiedz lub przekaż"},{"$i":"download-button","ariaLabel":"Pobierz"},{"$i":"downloading-progress","ariaValueText":"Pobieranie"},{"$i":"view-button","ariaLabel":"Wyświetl"},{"$i":"attachments-container","ariaLabel":"Załączniki"},{"$i":"from-group","ariaLabel":"Od"},{"$i":"to-group","ariaLabel":"Do"},{"$i":"cc-group","ariaLabel":"Kopia"},{"$i":"bcc-group","ariaLabel":"Ukryta kopia"},{"$i":"compose-header","$v":"Utwórz wiadomość"},{"$i":"compose-header-short","$v":"Utwórz"},{"$i":"compose-send","$v":"Wyślij"},{"$i":"compose-send-button","ariaLabel":"Wyślij"},{"$i":"compose-to","$v":"Do"},{"$i":"compose-cc","$v":"Kopia"},{"$i":"compose-bcc","$v":"Ukryta kopia"},{"$i":"compose-contact-add","ariaLabel":"Dodaj kontakt"},{"$i":"compose-attachments-container","ariaLabel":{"$x":[{"t":"idOrVar","v":"plural"},"kilobytes"],"$v":{"zero":"","one":["Załącznik (",{"t":"idOrVar","v":"kilobytes"}," KB)"],"two":["Załączniki (",{"t":"idOrVar","v":"kilobytes"}," KB)"],"few":["Załączniki (",{"t":"idOrVar","v":"kilobytes"}," KB)"],"many":["Załączniki (",{"t":"idOrVar","v":"kilobytes"}," KB)"],"other":""}}},{"$i":"compose-attachment-remove","ariaLabel":"Usuń"},{"$i":"compose-attachment-button","ariaLabel":"Załącz"},{"$i":"compose-attachments","$v":{"zero":"","one":[{"t":"idOrVar","v":"n"}," załącznik"],"two":[{"t":"idOrVar","v":"n"}," załączniki"],"few":[{"t":"idOrVar","v":"n"}," załączniki"],"many":[{"t":"idOrVar","v":"n"}," załączników"],"other":""},"$x":[{"t":"idOrVar","v":"plural"},"n"]},{"$i":"compose-text","ariaLabel":"Edycja"},{"$i":"compose-attachment-still-working","$v":"Jedną chwilę, poprzedni załącznik jest nadal przetwarzany…"},{"$i":"compose-subject","$v":"Temat"},{"$i":"compose-draft-save","$v":"Zapisz w Szkice lokalne"},{"$i":"compose-discard-confirm","$v":"Porzuć"},{"$i":"compose-send-message-failed","$v":"Wysyłanie wiadomości nie powiodło się"},{"$i":"composer-attachment-large","$v":"Za duży załącznik"},{"$i":"composer-attachments-large","$v":"Za duże załączniki"},{"$i":"compose-attchment-size-exceeded","$v":"Wybrany załącznik jest zbyt duży, aby wysłać go z tą wiadomością."},{"$i":"compose-attchments-size-exceeded","$v":"Wybrane załączniki są zbyt duże, aby wysłać je z tą wiadomością. Spróbuj zaznaczyć mniej plików."},{"$i":"dialog-button-ok","$v":"OK"},{"$i":"default-attachment-filename","$v":["plik",{"t":"idOrVar","v":"n"}]},{"$i":"attachment-size-kib","$v":[{"t":"idOrVar","v":"kilobytes"},"KB"]},{"$i":"message-attachment-view","$v":"Wyświetl"},{"$i":"message-attachment-did-not-open-label","$v":"Unable to open"},{"$i":"message-attachment-did-not-open-body","$v":"The device does not have an app that can open the attachment."},{"$i":"message-attachment-too-large","$v":"Plik jest zbyt duży, aby go pobrać."},{"$i":"message-no-subject","$v":"(brak tematu)"},{"$i":"message-edit-menu-edit","$v":"Edytuj"},{"$i":"message-edit-menu-delete","$v":"Usuń"},{"$i":"message-edit-delete-confirm","$v":"Usunąć wiadomość?"},{"$i":"message-send-attachment-disabled-confirm","$v":"Załączniki nie mogą być przekazywane."},{"$i":"message-multiedit-header","$v":{"zero":"Edytuj","one":[{"t":"idOrVar","v":"n"}," zaznaczona"],"two":[{"t":"idOrVar","v":"n"}," zaznaczone"],"few":[{"t":"idOrVar","v":"n"}," zaznaczone"],"many":[{"t":"idOrVar","v":"n"}," zaznaczonych"],"other":""},"$x":[{"t":"idOrVar","v":"plural"},"n"]},{"$i":"browse-to-url-prompt","$v":["Przejść do adresu: ",{"t":"idOrVar","v":"url"},"?"]},{"$i":"message-download-images-tap","$v":{"one":"Ta wiadomość zawiera jeden obrazek. Pobierz","two":"Ta wiadomość zawiera dwa obrazki. Pobierz","few":["Ta wiadomość zawiera ",{"t":"idOrVar","v":"n"}," obrazki. Pobierz"],"many":["Ta wiadomość zawiera ",{"t":"idOrVar","v":"n"}," obrazków. Pobierz"],"other":""},"$x":[{"t":"idOrVar","v":"plural"},"n"]},{"$i":"message-show-external-images","$v":"Wyświetl zewnętrzne obrazki"},{"$i":"message-multiedit-cancel","$v":"Anuluj"},{"$i":"message-multiedit-delete-confirm","$v":{"one":"Usunąć tę wiadomość?","two":["Usunąć ",{"t":"idOrVar","v":"n"}," wiadomości?"],"few":["Usunąć ",{"t":"idOrVar","v":"n"}," wiadomości?"],"many":["Usunąć ",{"t":"idOrVar","v":"n"}," wiadomości?"],"other":""},"$x":[{"t":"idOrVar","v":"plural"},"n"]},{"$i":"message-large-message-cancel","$v":"Anuluj"},{"$i":"message-large-message-ok","$v":"Kontynuuj"},{"$i":"message-large-message-confirm","$v":"Wiadomość jest duża i pobranie jej może chwilę zająć."},{"$i":"message-search-from","$v":"Od"},{"$i":"message-search-to","$v":"Do"},{"$i":"message-search-subject","$v":"Temat"},{"$i":"message-search-body","$v":"Treść"},{"$i":"message-search-all","$v":"Całość"},{"$i":"message-search-input","placeholder":"Wyszukaj wiadomości"},{"$i":"message-search-cancel","$v":"Anuluj"},{"$i":"messages-syncing","$v":"Wczytywanie wiadomości"},{"$i":"messages-load-more","$v":"Wczytaj więcej wiadomości"},{"$i":"messages-folder-empty","$v":"Brak wiadomości w tym folderze"},{"$i":"messages-search-empty","$v":"Brak pasujących lokalnie pobranych wiadomości"},{"$i":"messages-folder-select","$v":"Wybierz folder"},{"$i":"messages-folder-unread-max","$v":"999+"},{"$i":"message-contact-menu-create","$v":"Utwórz nowy kontakt"},{"$i":"message-contact-menu-add-existing","$v":"Dodaj do istniejącego kontaktu"},{"$i":"message-contact-menu-view","$v":"Wyświetl kontakt"},{"$i":"message-contact-menu-reply","$v":"Odpowiedz"},{"$i":"message-contact-menu-new","$v":"Wyślij nową wiadomość"},{"$i":"message-reply-menu-reply","$v":"Odpowiedz"},{"$i":"message-reply-menu-reply-all","$v":"Odp. wszystkim"},{"$i":"message-reply-menu-forward","$v":"Przekaż"},{"$i":"message-reply-menu-cancel","$v":"Anuluj"},{"$i":"reply-quoting-wrote","$v":"{name} pisze"},{"$i":"forward-original-message","$v":"Oryginalna wiadomość"},{"$i":"forward-header-subject","$v":"Temat"},{"$i":"forward-header-date","$v":"Data"},{"$i":"forward-header-from","$v":"Od"},{"$i":"forward-header-reply-to","$v":"Odpowiedź-do"},{"$i":"forward-header-to","$v":"Do"},{"$i":"forward-header-cc","$v":"Kopia"},{"$i":"folder-inbox","$v":"Odebrane"},{"$i":"folder-sent","$v":"Wysłane"},{"$i":"folder-drafts","$v":"Szkice"},{"$i":"folder-trash","$v":"Kosz"},{"$i":"folder-queue","$v":"Niewysłane"},{"$i":"folder-junk","$v":"Niechciane"},{"$i":"folder-archives","$v":"Archiwum"},{"$i":"folder-localdrafts","$v":"Szkice lokalne"},{"$i":"folder-outbox","$v":"Wychodzące"},{"$i":"drawer-back","$v":"Wstecz"},{"$i":"drawer-accounts-header","$v":"Konta"},{"$i":"drawer-settings-link","$v":"Ustawienia"},{"$i":"folder-last-synced-label","$v":"Ostatnia synchronizacja:"},{"$i":"messages-refresh-button","ariaLabel":"Odśwież"},{"$i":"messages-refresh-progress","ariaValueText":"Odświeżanie"},{"$i":"edit-button","ariaLabel":"Edytuj"},{"$i":"message-list-top-action","$v":"Powróć na początek listy"},{"$i":"message-list-menu","ariaLabel":"Foldery i ustawienia"},{"$i":"message-list-compose","ariaLabel":"Compose"},{"$i":"toaster-undo","$v":"Cofnij"},{"$i":"toaster-message-star","$v":{"one":"Ustawiono flagę wiadomości","two":["Ustawiono ",{"t":"idOrVar","v":"n"}," flagi wiadomości"],"few":["Ustawiono ",{"t":"idOrVar","v":"n"}," flagi wiadomości"],"many":["Ustawiono ",{"t":"idOrVar","v":"n"}," flag wiadomości"],"other":""},"$x":[{"t":"idOrVar","v":"plural"},"n"]},{"$i":"toaster-message-unstar","$v":{"one":"Usunięto flagę wiadomości","two":["Usunięto ",{"t":"idOrVar","v":"n"}," flagi wiadomości"],"few":["Usunięto ",{"t":"idOrVar","v":"n"}," flagi wiadomości"],"many":["Usunięto ",{"t":"idOrVar","v":"n"}," flag wiadomości"],"other":""},"$x":[{"t":"idOrVar","v":"plural"},"n"]},{"$i":"toaster-message-read","$v":{"one":"Wiadomość oznaczona jako przeczytana","two":[{"t":"idOrVar","v":"n"}," wiadomości oznaczone jako przeczytane"],"few":[{"t":"idOrVar","v":"n"}," wiadomości oznaczone jako przeczytane"],"many":[{"t":"idOrVar","v":"n"}," wiadomości oznaczonych jako przeczytane"],"other":""},"$x":[{"t":"idOrVar","v":"plural"},"n"]},{"$i":"toaster-message-unread","$v":{"one":"Wiadomość oznaczona jako nieprzeczytana","two":[{"t":"idOrVar","v":"n"}," wiadomości oznaczone jako nieprzeczytane"],"few":[{"t":"idOrVar","v":"n"}," wiadomości oznaczone jako nieprzeczytane"],"many":[{"t":"idOrVar","v":"n"}," wiadomości oznaczonych jako nieprzeczytane"],"other":""},"$x":[{"t":"idOrVar","v":"plural"},"n"]},{"$i":"toaster-message-move","$v":{"one":"Przeniesiono wiadomość","two":["Przeniesiono ",{"t":"idOrVar","v":"n"}," wiadomości"],"few":["Przeniesiono ",{"t":"idOrVar","v":"n"}," wiadomości"],"many":["Przeniesiono ",{"t":"idOrVar","v":"n"}," wiadomości"],"other":""},"$x":[{"t":"idOrVar","v":"plural"},"n"]},{"$i":"toaster-message-delete","$v":{"one":"Usunięto wiadomość","two":["Usunięto ",{"t":"idOrVar","v":"n"}," wiadomości"],"few":["Usunięto ",{"t":"idOrVar","v":"n"}," wiadomości"],"many":["Usunięto ",{"t":"idOrVar","v":"n"}," wiadomości"],"other":""},"$x":[{"t":"idOrVar","v":"plural"},"n"]},{"$i":"toaster-retryable-syncfailed","$v":"Nie można było połączyć się z serwerem"},{"$i":"compose-invalid-addresses-title","$v":"Nieprawidłowe adresy"},{"$i":"compose-invalid-addresses-description","$v":"Wiadomość zawiera conajmniej jeden nieprawiłowy adres - proszę je poprawić przed próbą ponownego wysłania."},{"$i":"background-send-pending","$v":"Sieć niedostępna. Wiadomość zachowana w „Wychodzące”."},{"$i":"background-send-sending","$v":"Wysyłanie poczty…"},{"$i":"background-send-success","$v":"Wiadomość wysłana."},{"$i":"background-send-error","$v":"Wystąpił błąd. Wiadomość zachowana w „Wychodzące”."},{"$i":"background-send-error-recipients","$v":"Błąd adresta. Wiadomość zachowana w „Wychodzące”."},{"$i":"background-send-error-title","$v":"Nie udało się wysłać wiadomości"},{"$i":"send-failure-recipients","$v":"Sprawdź pisownię adresów powyżej. Twój serwer pocztowy określił conajmniej jeden adres jako nieprawidłowy."},{"$i":"send-failure-unknown","$v":"Wiadomość nie mogła zostać wysłana."},{"$i":"form-clear-input","$v":"Wyczyść tekst"},{"$i":"confirm-dialog-title","$v":"Potwierdzenie"},{"$i":"senders-separation-sign","$v":", "},{"$i":"new-messages","$v":{"one":"Nowa wiadomość","two":"Dwie nowe wiadomości","few":[{"t":"idOrVar","v":"n"}," nowe wiadomości"],"many":[{"t":"idOrVar","v":"n"}," nowych wiadomości"],"other":""},"$x":[{"t":"idOrVar","v":"plural"},"n"]},{"$i":"notification-no-subject","$v":"(brak tematu)"},{"$i":"new-emails-notify-one-account","$v":{"one":"Nowa wiadomość","two":[{"t":"idOrVar","v":"n"}," nowe wiadomości"],"few":[{"t":"idOrVar","v":"n"}," nowe wiadomości"],"many":[{"t":"idOrVar","v":"n"}," nowych wiadomości"],"other":""},"$x":[{"t":"idOrVar","v":"plural"},"n"]},{"$i":"new-emails-notify-multiple-accounts","$v":{"one":["Nowa wiadomość - ",{"t":"idOrVar","v":"accountName"}],"two":[{"t":"idOrVar","v":"n"}," nowe wiadomości - ",{"t":"idOrVar","v":"accountName"}],"few":[{"t":"idOrVar","v":"n"}," nowe wiadomości - ",{"t":"idOrVar","v":"accountName"}],"many":[{"t":"idOrVar","v":"n"}," nowych wiadomości - ",{"t":"idOrVar","v":"accountName"}],"other":""},"$x":[{"t":"idOrVar","v":"plural"},"n"]},{"$i":"new-emails-notify-multiple-accounts-body","$v":[{"t":"idOrVar","v":"from"}," „",{"t":"idOrVar","v":"subject"},"”"]},{"$i":"tng-plain-socket-warning-title","$v":"Ostrzeżenie dotyczące bezpieczeństwa"},{"$i":"tng-plain-socket-warning-message","$v":"Inne osoby mogą być w stanie zobaczyć hasła i wiadomości lub kontrolować Twoje konto."},{"$i":"tng-plain-socket-warning-message-options","$v":"Istnieje wielu dostawców nieodpłatnych usług pocztowych, oferujących szyfrowane połączenia."},{"$i":"tng-plain-socket-learn-more","$v":"Więcej informacji"},{"$i":"tng-plain-socket-warning-ok","$v":"Rozumiem"},{"$i":"message-reader-next-button","ariaLabel":"Następna"},{"$i":"message-reader-previous-button","ariaLabel":"Poprzednia"},{"$i":"message-reader-date-received","ariaLabel":"Otrzymano"},{"$i":"weekday-0-long","$v":"Niedziela"},{"$i":"weekday-1-long","$v":"Poniedziałek"},{"$i":"weekday-2-long","$v":"Wtorek"},{"$i":"weekday-3-long","$v":"Środa"},{"$i":"weekday-4-long","$v":"Czwartek"},{"$i":"weekday-5-long","$v":"Piątek"},{"$i":"weekday-6-long","$v":"Sobota"},{"$i":"weekday-0-short","$v":"Nd"},{"$i":"weekday-1-short","$v":"Pn"},{"$i":"weekday-2-short","$v":"Wt"},{"$i":"weekday-3-short","$v":"Śr"},{"$i":"weekday-4-short","$v":"Cz"},{"$i":"weekday-5-short","$v":"Pt"},{"$i":"weekday-6-short","$v":"Sb"},{"$i":"month-0-long","$v":"Styczeń"},{"$i":"month-1-long","$v":"Luty"},{"$i":"month-2-long","$v":"Marzec"},{"$i":"month-3-long","$v":"Kwiecień"},{"$i":"month-4-long","$v":"Maj"},{"$i":"month-5-long","$v":"Czerwiec"},{"$i":"month-6-long","$v":"Lipiec"},{"$i":"month-7-long","$v":"Sierpień"},{"$i":"month-8-long","$v":"Wrzesień"},{"$i":"month-9-long","$v":"Październik"},{"$i":"month-10-long","$v":"Listopad"},{"$i":"month-11-long","$v":"Grudzień"},{"$i":"month-0-genitive","$v":"stycznia"},{"$i":"month-1-genitive","$v":"lutego"},{"$i":"month-2-genitive","$v":"marca"},{"$i":"month-3-genitive","$v":"kwietnia"},{"$i":"month-4-genitive","$v":"maja"},{"$i":"month-5-genitive","$v":"czerwca"},{"$i":"month-6-genitive","$v":"lipca"},{"$i":"month-7-genitive","$v":"sierpnia"},{"$i":"month-8-genitive","$v":"września"},{"$i":"month-9-genitive","$v":"października"},{"$i":"month-10-genitive","$v":"listopada"},{"$i":"month-11-genitive","$v":"grudnia"},{"$i":"month-0-short","$v":"sty"},{"$i":"month-1-short","$v":"lut"},{"$i":"month-2-short","$v":"mar"},{"$i":"month-3-short","$v":"kwi"},{"$i":"month-4-short","$v":"maj"},{"$i":"month-5-short","$v":"cze"},{"$i":"month-6-short","$v":"lip"},{"$i":"month-7-short","$v":"sie"},{"$i":"month-8-short","$v":"wrz"},{"$i":"month-9-short","$v":"paź"},{"$i":"month-10-short","$v":"lis"},{"$i":"month-11-short","$v":"gru"},{"$i":"minutes-ago-long","$v":{"zero":"w tym momencie","one":"przed minutą","two":"dwie minuty temu","few":[{"t":"idOrVar","v":"value"}," minuty temu"],"many":[{"t":"idOrVar","v":"value"}," minut temu"],"other":""},"$x":[{"t":"idOrVar","v":"plural"},"value"]},{"$i":"hours-ago-long","$v":{"zero":"w tej godzinie","one":"godzinę temu","two":"dwie godziny temu","few":[{"t":"idOrVar","v":"value"}," godziny temu"],"many":[{"t":"idOrVar","v":"value"}," godzin temu"],"other":""},"$x":[{"t":"idOrVar","v":"plural"},"value"]},{"$i":"days-ago-long","$v":{"zero":"dzisiaj","one":"wczoraj","two":"przedwczoraj","few":[{"t":"idOrVar","v":"value"}," dni temu"],"many":[{"t":"idOrVar","v":"value"}," dni temu"],"other":""},"$x":[{"t":"idOrVar","v":"plural"},"value"]},{"$i":"weeks-ago-long","$v":{"zero":"w tym tygodniu","one":"w zeszłym tygodniu","two":"dwa tygodnie temu","few":[{"t":"idOrVar","v":"value"}," tygodnie temu"],"many":[{"t":"idOrVar","v":"value"}," tygodni temu"],"other":""},"$x":[{"t":"idOrVar","v":"plural"},"value"]},{"$i":"months-ago-long","$v":{"zero":"w tym miesiącu","one":"w zeszłym miesiącu","two":"dwa miesiące temu","few":[{"t":"idOrVar","v":"value"}," miesiące temu"],"many":[{"t":"idOrVar","v":"value"}," miesięcy temu"],"other":""},"$x":[{"t":"idOrVar","v":"plural"},"value"]},{"$i":"years-ago-long","$v":{"zero":"w tym roku","one":"w zeszłym roku","two":"dwa lata temu","few":[{"t":"idOrVar","v":"value"}," lata temu"],"many":[{"t":"idOrVar","v":"value"}," lat temu"],"other":""},"$x":[{"t":"idOrVar","v":"plural"},"value"]},{"$i":"minutes-until-long","$v":{"zero":"teraz","one":"za minutę","two":"za dwie minuty","few":["za ",{"t":"idOrVar","v":"value"}," minuty"],"many":["za ",{"t":"idOrVar","v":"value"}," minut"],"other":""},"$x":[{"t":"idOrVar","v":"plural"},"value"]},{"$i":"hours-until-long","$v":{"zero":"teraz","one":"za godzinę","two":"za dwie godziny","few":["za ",{"t":"idOrVar","v":"value"}," godziny"],"many":["za ",{"t":"idOrVar","v":"value"}," godzin"],"other":""},"$x":[{"t":"idOrVar","v":"plural"},"value"]},{"$i":"days-until-long","$v":{"zero":"dzisiaj","one":"jutro","two":"za dwa dni","few":["za ",{"t":"idOrVar","v":"value"}," dni"],"many":["za ",{"t":"idOrVar","v":"value"}," dni"],"other":""},"$x":[{"t":"idOrVar","v":"plural"},"value"]},{"$i":"weeks-until-long","$v":{"zero":"w tym tygodniu","one":"w przyszłym tygodniu","two":"za dwa tygodnie","few":["za ",{"t":"idOrVar","v":"value"}," tygodnie"],"many":["za ",{"t":"idOrVar","v":"value"}," tygodni"],"other":""},"$x":[{"t":"idOrVar","v":"plural"},"value"]},{"$i":"months-until-long","$v":{"zero":"w tym miesiącu","one":"w przyszłym miesiącu","two":"za dwa miesiące","few":["za ",{"t":"idOrVar","v":"value"}," miesiące"],"many":["za ",{"t":"idOrVar","v":"value"}," miesięcy"],"other":""},"$x":[{"t":"idOrVar","v":"plural"},"value"]},{"$i":"years-until-long","$v":{"zero":"w tym roku","one":"w przyszłym roku","two":"za dwa lata","few":["za ",{"t":"idOrVar","v":"value"}," lata"],"many":["za ",{"t":"idOrVar","v":"value"}," lat"],"other":""},"$x":[{"t":"idOrVar","v":"plural"},"value"]},{"$i":"minutes-ago-short","$v":{"zero":"teraz","other":[{"t":"idOrVar","v":"value"}," min temu"]},"$x":[{"t":"idOrVar","v":"plural"},"value"]},{"$i":"hours-ago-short","$v":{"zero":"teraz","other":[{"t":"idOrVar","v":"value"}," godz. temu"]},"$x":[{"t":"idOrVar","v":"plural"},"value"]},{"$i":"days-ago-short","$v":{"zero":"dzisiaj","other":[{"t":"idOrVar","v":"value"}," dni temu"]},"$x":[{"t":"idOrVar","v":"plural"},"value"]},{"$i":"minutes-until-short","$v":{"zero":"teraz","other":["za ",{"t":"idOrVar","v":"value"}," min"]},"$x":[{"t":"idOrVar","v":"plural"},"value"]},{"$i":"hours-until-short","$v":{"zero":"teraz","other":["za ",{"t":"idOrVar","v":"value"}," godz."]},"$x":[{"t":"idOrVar","v":"plural"},"value"]},{"$i":"days-until-short","$v":{"zero":"dzisiaj","other":["za ",{"t":"idOrVar","v":"value"}," dni"]},"$x":[{"t":"idOrVar","v":"plural"},"value"]},{"$i":"incorrectDate","$v":"(nieprawidłowa data)"},{"$i":"dateTimeFormat_%c","$v":"%a, %e %b %Y, %H:%M:%S"},{"$i":"dateTimeFormat_%x","$v":"%e.%m.%Y"},{"$i":"dateTimeFormat_%X","$v":"%H:%M:%S"},{"$i":"shortTimeFormat","$v":"%H:%M"},{"$i":"shortTimeFormat12","$v":"%I:%M a.m."},{"$i":"shortTimeFormat24","$v":"%H:%M"},{"$i":"shortDateTimeFormat","$v":"%x %H:%M"},{"$i":"weekStartsOnMonday","$v":"1"},{"$i":"firstDayOfTheWeek","$v":"1"},{"$i":"time_am","$v":"a.m."},{"$i":"time_pm","$v":"p.m."}]