[{"$i":"back-button","ariaLabel":"Voltar"},{"$i":"close-button","ariaLabel":"Close"},{"$i":"setup-app-name-header","$v":"E-mail"},{"$i":"setup-empty-account-message","$v":"You are not set up to send or receive email. Set up an account to complete the action."},{"$i":"setup-pick-service","$v":"Para enviar e receber e-mails, você precisa configurar uma conta."},{"$i":"setup-account-header3","$v":"Nova conta"},{"$i":"setup-account-enter-password","$v":"Digite a senha para:"},{"$i":"setup-info-name","placeholder":"Seu nome"},{"$i":"setup-info-email","placeholder":"e-mail@exemplo.com"},{"$i":"setup-info-password","placeholder":"Senha"},{"$i":"setup-info-next","$v":"Avançar"},{"$i":"setup-progress-wait-msg","$v":"Configurando sua conta"},{"$i":"setup-completed-header","$v":"Configuração de e-mail"},{"$i":"setup-completed-label","$v":"Tudo pronto!"},{"$i":"setup-add-another-account","$v":"Adicionar outra conta"},{"$i":"setup-show-mail","$v":"Ver minhas mensagens"},{"$i":"setup-error-offline","$v":"Este aparelho está desconectado. Conecte-se a uma rede e tente novamente."},{"$i":"setup-error-bad-user-or-pass2","$v":"Nome de usuário ou senha inválido."},{"$i":"setup-error-bad-address","$v":"Endereço de e-mail inválido. Confira erros de digitação."},{"$i":"setup-error-not-authorized","$v":"O servidor informou que você não está autorizado a criar uma conta"},{"$i":"setup-error-pop-server-not-great","$v":"Servidor não suportado. O servidor POP3 não possui as funções necessárias."},{"$i":"setup-error-unknown2","$v":"Ocorreu um erro desconhecido. Verifique sua conexão de rede ou tente a configuração manual."},{"$i":"setup-error-needs-app-pass","$v":"Você deve usar uma senha específica para aplicativos em contas Gmail com verificação dupla"},{"$i":"setup-error-imap-disabled","$v":"Você deve ativar o protocolo IMAP da sua conta Gmail"},{"$i":"setup-error-pop3-disabled","$v":"Você deve ativar o protocolo POP3 da sua conta Gmail"},{"$i":"setup-error-bad-security","$v":["Não foi possível estabelecer uma conexão segura com \"",{"t":"idOrVar","v":"server"},"\". Pode haver um problema na sua rede ou no servidor."]},{"$i":"setup-error-unresponsive-server","$v":["Não foi possível estabelecer uma conexão com \"",{"t":"idOrVar","v":"server"},"\". Pode haver um problema na sua rede."]},{"$i":"setup-error-server-problem","$v":["Há um problema no servidor \"",{"t":"idOrVar","v":"server"},"\". Tente novamente mais tarde."]},{"$i":"setup-error-no-config-info","$v":"Não foi possível configurar automaticamente sua conta. Corrija seu endereço de e-mail ou tente a configuração manual."},{"$i":"setup-error-server-maintenance","$v":["O servidor \"",{"t":"idOrVar","v":"server"},"\" está em manutenção. Tente novamente mais tarde."]},{"$i":"setup-error-account-already-exists","$v":"Esta conta já está configurada."},{"$i":"setup-manual-config2","$v":"Configuração manual"},{"$i":"setup-manual-config-header","$v":"Configuração manual"},{"$i":"setup-manual-account-type","$v":"Tipo de conta"},{"$i":"setup-manual-account-type-select","ariaLabel":"Tipo de conta"},{"$i":"setup-manual-imap-header","$v":"Configurações IMAP"},{"$i":"setup-manual-pop3-header","$v":"Configurações POP3"},{"$i":"setup-manual-smtp-header","$v":"Configurações SMTP"},{"$i":"setup-manual-activesync-header","$v":"Configurações ActiveSync"},{"$i":"setup-manual-next","$v":"Avançar"},{"$i":"setup-manual-socket","$v":"Tipo de socket"},{"$i":"setup-manual-socket-ssl","$v":"SSL"},{"$i":"setup-manual-socket-starttls","$v":"STARTTLS"},{"$i":"setup-manual-socket-select","ariaLabel":"Conexão segura"},{"$i":"setup-manual-socket-plain","$v":"Unencrypted (insecure)"},{"$i":"setup-manual-hostname","placeholder":"Endereço"},{"$i":"setup-manual-port","placeholder":"Número da porta"},{"$i":"setup-manual-username","placeholder":"Nome de usuário"},{"$i":"setup-manual-activesync-username","placeholder":"Domínio\\Usuário"},{"$i":"setup-bad-password-header","$v":"Senha incorreta!"},{"$i":"setup-bad-password","$v":"Não foi possível acessar seu servidor. Você digitou a senha correta?"},{"$i":"setup-new-password","placeholder":"Nova senha"},{"$i":"setup-fix-password","$v":"Tentar com nova senha"},{"$i":"setup-gmail-twofactor-header","$v":"Verificação dupla ativada"},{"$i":"setup-gmail-twofactor-message","$v":"Você deve inserir uma senha específica para os aplicativos abaixo."},{"$i":"setup-gmail-twofactor-fix","$v":"Usar senha de aplicativos"},{"$i":"setup-gmail-imap-header","$v":"IMAP desativado"},{"$i":"setup-gmail-imap-message","$v":"Você deve ativar o protocolo IMAP da sua conta Gmail"},{"$i":"setup-gmail-imap-retry","$v":"Tentar novamente"},{"$i":"setup-gmail-pop3-header","$v":"POP3 desativado"},{"$i":"setup-gmail-pop3-message","$v":"Você deve ativar o protocolo POP3 da sua conta Gmail"},{"$i":"setup-gmail-pop3-retry","$v":"Tentar novamente"},{"$i":"setup-fix-oauth2-header","$v":"Reaunteticação de E-mail"},{"$i":"setup-fix-oauth2-description","$v":"Reautenticação de e-mail necessária para acessar a seguinte conta:"},{"$i":"setup-fix-oauth2-reauthorize","$v":"Reautenticar"},{"$i":"settings-main-header","$v":"Configurações"},{"$i":"settings-sub-header-account","$v":"Conta"},{"$i":"settings-account-group","ariaLabel":"Account"},{"$i":"settings-account-name","$v":"Seu nome"},{"$i":"settings-account-display-notifications","$v":"Mostrar notificações para novas mensagens"},{"$i":"settings-account-play-sound-onsend","$v":"Tocar um som após enviar uma mensagem"},{"$i":"settings-empty-signature-label","$v":"Toque para Editar"},{"$i":"settings-account-signature-label","$v":"Assinatura"},{"$i":"settings-account-signature-textbox","ariaLabel":"Signature"},{"$i":"signature-save","$v":"Salvar Assinatura"},{"$i":"signature-discard-confirm","$v":"Descartar"},{"$i":"settings-sub-header-data","$v":"Dados"},{"$i":"settings-data-group","ariaLabel":"Data"},{"$i":"settings-account-check-mail","$v":"Checar atualizações"},{"$i":"settings-account-check-mail-select","ariaLabel":"Check for new messages"},{"$i":"settings-sub-header-server","$v":"Configurações do servidor"},{"$i":"settings-server-group","ariaLabel":"Server settings"},{"$i":"settings-account-userpass","$v":"Usuário e senha"},{"$i":"settings-account-useroauth2","$v":"Nome de usuário"},{"$i":"settings-default-signature-2","$v":"Enviado pelo Firefox OS"},{"$i":"settings-done","$v":"Concluído"},{"$i":"settings-account-section","$v":"Contas"},{"$i":"settings-account-listbox","ariaLabel":"Accounts"},{"$i":"settings-account-add","$v":"Adicionar conta"},{"$i":"settings-account-delete","$v":"Apagar conta"},{"$i":"settings-account-delete-prompt","$v":["Tem certeza de que deseja apagar sua conta ",{"t":"idOrVar","v":"account"},"? Você terá que baixar suas mensagens novamente caso queira reconfigurá-la."]},{"$i":"settings-account-delete-cancel","$v":"Cancelar"},{"$i":"settings-account-delete-confirm","$v":"Apagar"},{"$i":"settings-account-clarify-imap","$v":[{"t":"idOrVar","v":"account-name"}," (IMAP)"]},{"$i":"settings-account-clarify-pop3","$v":[{"t":"idOrVar","v":"account-name"}," (POP3)"]},{"$i":"settings-account-clarify-smtp","$v":[{"t":"idOrVar","v":"account-name"}," (SMTP)"]},{"$i":"settings-general-section","$v":"Configurações gerais"},{"$i":"settings-show-images","$v":"Sempre exibir imagens"},{"$i":"settings-download-attachments","$v":"Baixar anexos"},{"$i":"settings-check-every-5min","$v":"A cada 5 minutos"},{"$i":"settings-check-every-10min","$v":"A cada 10 minutos"},{"$i":"settings-check-every-15min","$v":"A cada 15 minutos"},{"$i":"settings-check-every-30min","$v":"A cada 30 minutos"},{"$i":"settings-check-every-60min","$v":"A cada hora"},{"$i":"settings-check-every-manual","$v":"Manualmente"},{"$i":"settings-check-dynamic","$v":{"zero":"desabilitado","one":[{"t":"idOrVar","v":"n"}," segundo"],"two":[{"t":"idOrVar","v":"n"}," segundos"],"few":[{"t":"idOrVar","v":"n"}," segundos"],"many":[{"t":"idOrVar","v":"n"}," segundos"],"other":[{"t":"idOrVar","v":"n"}," segundos"]},"$x":[{"t":"idOrVar","v":"plural"},"n"]},{"$i":"settings-default-account","$v":"Conta padrão"},{"$i":"settings-account-type","$v":"Tipo de conta"},{"$i":"settings-account-credentials","$v":"Dados de acesso"},{"$i":"settings-activesync-label","$v":"Configurações ActiveSync"},{"$i":"settings-imap-label","$v":"Configurações IMAP"},{"$i":"settings-pop3-label","$v":"Configurações POP3"},{"$i":"settings-smtp-label","$v":"Configurações SMTP"},{"$i":"settings-hostname","$v":"Endereço"},{"$i":"settings-port","$v":"Porta"},{"$i":"settings-username","$v":"Nome de usuário"},{"$i":"settings-password","$v":"Senha"},{"$i":"settings-save","$v":"Salvar"},{"$i":"settings-password-empty","$v":"A senha não deve ficar em branco"},{"$i":"settings-reauth","$v":"Reautenticar"},{"$i":"settings-account-synchronize-window","$v":"Número de dias sincronizados"},{"$i":"settings-account-synchronize-window-select","ariaLabel":"Days to sync"},{"$i":"settings-synchronize-auto","$v":"Automática"},{"$i":"settings-synchronize-one-day","$v":"1 dia"},{"$i":"settings-synchronize-three-days","$v":"3 dias"},{"$i":"settings-synchronize-one-week","$v":"1 semana"},{"$i":"settings-synchronize-two-weeks","$v":"2 semanas"},{"$i":"settings-synchronize-one-month","$v":"1 mês"},{"$i":"settings-synchronize-all","$v":"Todas as mensagens"},{"$i":"envelope-from","$v":"De"},{"$i":"envelope-to","$v":"Para"},{"$i":"envelope-cc","$v":"Cc"},{"$i":"envelope-bcc","$v":"Cco"},{"$i":"message-header-state-sending","ariaLabel":"Sending"},{"$i":"message-header-state-error","ariaLabel":"Error sending"},{"$i":"message-header-unread","ariaLabel":"Unread"},{"$i":"message-header-starred","ariaLabel":"Has star"},{"$i":"message-header-attachments","ariaLabel":"Has attachments"},{"$i":"message-body-container","ariaLabel":"Message body"},{"$i":"message-body-container-progress","ariaValueText":"Loading"},{"$i":"subject","ariaLabel":"Subject"},{"$i":"message-delete-button","ariaLabel":"Delete"},{"$i":"message-star-button","ariaLabel":"Add star"},{"$i":"message-unstar-button","ariaLabel":"Remove star"},{"$i":"message-mark-read-button","ariaLabel":"Mark read"},{"$i":"message-mark-unread-button","ariaLabel":"Mark unread"},{"$i":"message-move-button","ariaLabel":"Move"},{"$i":"message-reply-forward-button","ariaLabel":"Reply or forward"},{"$i":"download-button","ariaLabel":"Download"},{"$i":"downloading-progress","ariaValueText":"Downloading"},{"$i":"view-button","ariaLabel":"View"},{"$i":"attachments-container","ariaLabel":"Attachments"},{"$i":"from-group","ariaLabel":"From"},{"$i":"to-group","ariaLabel":"To"},{"$i":"cc-group","ariaLabel":"cc"},{"$i":"bcc-group","ariaLabel":"bcc"},{"$i":"compose-header","$v":"Nova mensagem"},{"$i":"compose-header-short","$v":"Escrever"},{"$i":"compose-send","$v":"Enviar"},{"$i":"compose-send-button","ariaLabel":"Send"},{"$i":"compose-to","$v":"Para"},{"$i":"compose-cc","$v":"Cc"},{"$i":"compose-bcc","$v":"Cco"},{"$i":"compose-contact-add","ariaLabel":"Add contact"},{"$i":"compose-attachments-container","ariaLabel":{"$x":[{"t":"idOrVar","v":"plural"},"kilobytes"],"$v":{"zero":"Attachments","one":["Attachments: ",{"t":"idOrVar","v":"kilobytes"},"K"],"two":["Attachments: ",{"t":"idOrVar","v":"kilobytes"},"K"],"few":["Attachments: ",{"t":"idOrVar","v":"kilobytes"},"K"],"many":["Attachments: ",{"t":"idOrVar","v":"kilobytes"},"K"],"other":["Attachments: ",{"t":"idOrVar","v":"kilobytes"},"K"]}}},{"$i":"compose-attachment-remove","ariaLabel":"Remove"},{"$i":"compose-attachment-button","ariaLabel":"Attach"},{"$i":"compose-attachments","$v":{"zero":"Anexos","one":[{"t":"idOrVar","v":"n"}," anexo"],"two":[{"t":"idOrVar","v":"n"}," anexos"],"few":[{"t":"idOrVar","v":"n"}," anexos"],"many":[{"t":"idOrVar","v":"n"}," anexos"],"other":[{"t":"idOrVar","v":"n"}," anexos"]},"$x":[{"t":"idOrVar","v":"plural"},"n"]},{"$i":"compose-text","ariaLabel":"Edit"},{"$i":"compose-attachment-still-working","$v":"Um momento, terminando de anexar o arquivo anterior…"},{"$i":"compose-subject","$v":"Assunto"},{"$i":"compose-draft-save","$v":"Salvar nos rascunhos"},{"$i":"compose-discard-confirm","$v":"Descartar"},{"$i":"compose-send-message-failed","$v":"Falha ao enviar mensagem"},{"$i":"composer-attachment-large","$v":"Anexo muito grande"},{"$i":"composer-attachments-large","$v":"Anexos muito grandes"},{"$i":"compose-attchment-size-exceeded","$v":"O anexo selecionado é muito grande para ser enviado com essa mensagem."},{"$i":"compose-attchments-size-exceeded","$v":"Os anexos selecionados são muito grandes para serem enviados com essa mensagem. Tente selecionar menos arquivos."},{"$i":"dialog-button-ok","$v":"OK"},{"$i":"default-attachment-filename","$v":["anexo",{"t":"idOrVar","v":"n"}]},{"$i":"attachment-size-kib","$v":[{"t":"idOrVar","v":"kilobytes"}," kB"]},{"$i":"message-attachment-view","$v":"Visualizar"},{"$i":"message-attachment-did-not-open-label","$v":"Unable to open"},{"$i":"message-attachment-did-not-open-body","$v":"The device does not have an app that can open the attachment."},{"$i":"message-attachment-too-large","$v":"Esse arquivo é muito grande para ser baixado."},{"$i":"message-no-subject","$v":"(sem assunto)"},{"$i":"message-edit-menu-edit","$v":"Editar"},{"$i":"message-edit-menu-delete","$v":"Apagar"},{"$i":"message-edit-delete-confirm","$v":"Apagar mensagem?"},{"$i":"message-send-attachment-disabled-confirm","$v":"Anexos não podem ser encaminhados."},{"$i":"message-multiedit-header","$v":{"zero":"Editar","one":[{"t":"idOrVar","v":"n"}," selecionada"],"two":[{"t":"idOrVar","v":"n"}," selecionadas"],"few":[{"t":"idOrVar","v":"n"}," selecionadas"],"many":[{"t":"idOrVar","v":"n"}," selecionadas"],"other":[{"t":"idOrVar","v":"n"}," selecionadas"]},"$x":[{"t":"idOrVar","v":"plural"},"n"]},{"$i":"browse-to-url-prompt","$v":["Visitar a URL ",{"t":"idOrVar","v":"url"},"?"]},{"$i":"message-download-images-tap","$v":{"one":"Esse e-mail contém uma imagem. Toque para baixar.","two":["Esse e-mail contém ",{"t":"idOrVar","v":"n"}," imagens. Toque para baixar."],"few":["Esse e-mail contém ",{"t":"idOrVar","v":"n"}," imagens. Toque para baixar."],"many":["Esse e-mail contém ",{"t":"idOrVar","v":"n"}," imagens. Toque para baixar."],"other":["Esse e-mail contém ",{"t":"idOrVar","v":"n"}," imagens. Toque para baixar."]},"$x":[{"t":"idOrVar","v":"plural"},"n"]},{"$i":"message-show-external-images","$v":"Exibir imagens externas"},{"$i":"message-multiedit-cancel","$v":"Cancelar"},{"$i":"message-multiedit-delete-confirm","$v":{"one":"Apagar esta mensagem?","two":["Apagar as ",{"t":"idOrVar","v":"n"}," mensagens?"],"few":["Apagar as ",{"t":"idOrVar","v":"n"}," mensagens?"],"many":["Apagar as ",{"t":"idOrVar","v":"n"}," mensagens?"],"other":["Apagar as ",{"t":"idOrVar","v":"n"}," mensagens?"]},"$x":[{"t":"idOrVar","v":"plural"},"n"]},{"$i":"message-large-message-cancel","$v":"Cancelar"},{"$i":"message-large-message-ok","$v":"Continuar"},{"$i":"message-large-message-confirm","$v":"Essa mensagem é grande e pode demorar para ser carregada."},{"$i":"message-search-from","$v":"De"},{"$i":"message-search-to","$v":"Para"},{"$i":"message-search-subject","$v":"Assunto"},{"$i":"message-search-body","$v":"Corpo"},{"$i":"message-search-all","$v":"Tudo"},{"$i":"message-search-input","placeholder":"Pesquisar mensagens"},{"$i":"message-search-cancel","$v":"Cancelar"},{"$i":"messages-syncing","$v":"Carregando mensagens"},{"$i":"messages-load-more","$v":"Carregar Mais Mensagens"},{"$i":"messages-folder-empty","$v":"Nenhuma mensagem nesta pasta"},{"$i":"messages-search-empty","$v":"Nenhum resultado nas mensagens locais"},{"$i":"messages-folder-select","$v":"Selecionar pasta"},{"$i":"messages-folder-unread-max","$v":"999+"},{"$i":"message-contact-menu-create","$v":"Criar novo contato"},{"$i":"message-contact-menu-add-existing","$v":"Adicionar a um contato"},{"$i":"message-contact-menu-view","$v":"Ver contato"},{"$i":"message-contact-menu-reply","$v":"Responder"},{"$i":"message-contact-menu-new","$v":"Enviar nova mensagem"},{"$i":"message-reply-menu-reply","$v":"Responder"},{"$i":"message-reply-menu-reply-all","$v":"Responder para todos"},{"$i":"message-reply-menu-forward","$v":"Encaminhar"},{"$i":"message-reply-menu-cancel","$v":"Cancelar"},{"$i":"reply-quoting-wrote","$v":"{name} escreveu"},{"$i":"forward-original-message","$v":"Mensagem original"},{"$i":"forward-header-subject","$v":"Assunto"},{"$i":"forward-header-date","$v":"Data"},{"$i":"forward-header-from","$v":"De"},{"$i":"forward-header-reply-to","$v":"Responder a"},{"$i":"forward-header-to","$v":"Para"},{"$i":"forward-header-cc","$v":"Cc"},{"$i":"folder-inbox","$v":"Entrada"},{"$i":"folder-sent","$v":"Enviadas"},{"$i":"folder-drafts","$v":"Rascunhos"},{"$i":"folder-trash","$v":"Lixeira"},{"$i":"folder-queue","$v":"Saída"},{"$i":"folder-junk","$v":"Spam"},{"$i":"folder-archives","$v":"Arquivos"},{"$i":"folder-localdrafts","$v":"Rascunhos"},{"$i":"folder-outbox","$v":"Caixa de saída"},{"$i":"drawer-back","$v":"Voltar"},{"$i":"drawer-accounts-header","$v":"Contas"},{"$i":"drawer-settings-link","$v":"Configurações"},{"$i":"folder-last-synced-label","$v":"Últ. sincronização:"},{"$i":"messages-refresh-button","ariaLabel":"Refresh"},{"$i":"messages-refresh-progress","ariaValueText":"Refreshing"},{"$i":"edit-button","ariaLabel":"Edit"},{"$i":"message-list-top-action","$v":"Topo"},{"$i":"message-list-menu","ariaLabel":"Folders and settings"},{"$i":"message-list-compose","ariaLabel":"Compose"},{"$i":"toaster-undo","$v":"Desfazer"},{"$i":"toaster-message-star","$v":{"one":"1 mensagem marcada com estrela","two":[{"t":"idOrVar","v":"n"}," mensagens marcadas com estrela"],"few":[{"t":"idOrVar","v":"n"}," mensagens marcadas com estrela"],"many":[{"t":"idOrVar","v":"n"}," mensagens marcadas com estrela"],"other":[{"t":"idOrVar","v":"n"}," mensagens marcadas com estrela"]},"$x":[{"t":"idOrVar","v":"plural"},"n"]},{"$i":"toaster-message-unstar","$v":{"one":"1 mensagem desmarcada com estrela","two":[{"t":"idOrVar","v":"n"}," mensagens desmarcadas com estrela"],"few":[{"t":"idOrVar","v":"n"}," mensagens desmarcadas com estrela"],"many":[{"t":"idOrVar","v":"n"}," mensagens desmarcadas com estrela"],"other":[{"t":"idOrVar","v":"n"}," mensagens desmarcadas com estrela"]},"$x":[{"t":"idOrVar","v":"plural"},"n"]},{"$i":"toaster-message-read","$v":{"one":"1 mensagem marcada como lida","two":[{"t":"idOrVar","v":"n"}," mensagens marcadas como lidas"],"few":[{"t":"idOrVar","v":"n"}," mensagens marcadas como lidas"],"many":[{"t":"idOrVar","v":"n"}," mensagens marcadas como lidas"],"other":[{"t":"idOrVar","v":"n"}," mensagens marcadas como lidas"]},"$x":[{"t":"idOrVar","v":"plural"},"n"]},{"$i":"toaster-message-unread","$v":{"one":"1 mensagem marcada como não lida","two":[{"t":"idOrVar","v":"n"}," mensagens marcadas como não lidas"],"few":[{"t":"idOrVar","v":"n"}," mensagens marcadas como não lidas"],"many":[{"t":"idOrVar","v":"n"}," mensagens marcadas como não lidas"],"other":[{"t":"idOrVar","v":"n"}," mensagens marcadas como não lidas"]},"$x":[{"t":"idOrVar","v":"plural"},"n"]},{"$i":"toaster-message-move","$v":{"one":"1 mensagem movida","two":[{"t":"idOrVar","v":"n"}," mensagens movidas"],"few":[{"t":"idOrVar","v":"n"}," mensagens movidas"],"many":[{"t":"idOrVar","v":"n"}," mensagens movidas"],"other":[{"t":"idOrVar","v":"n"}," mensagens movidas"]},"$x":[{"t":"idOrVar","v":"plural"},"n"]},{"$i":"toaster-message-delete","$v":{"one":"1 mensagem apagada","two":[{"t":"idOrVar","v":"n"}," mensagens apagadas"],"few":[{"t":"idOrVar","v":"n"}," mensagens apagadas"],"many":[{"t":"idOrVar","v":"n"}," mensagens apagadas"],"other":[{"t":"idOrVar","v":"n"}," mensagens apagadas"]},"$x":[{"t":"idOrVar","v":"plural"},"n"]},{"$i":"toaster-retryable-syncfailed","$v":"Não foi possível conectar-se ao servidor"},{"$i":"compose-invalid-addresses-title","$v":"Endereço Inválido"},{"$i":"compose-invalid-addresses-description","$v":"Sua mensagem contém um ou mais endereços de e-mail inválidos. Por favor, corrija-os antes de enviar."},{"$i":"background-send-pending","$v":"Rede indisponível. Seu e-mail foi salvo na caixa de saída. "},{"$i":"background-send-sending","$v":"Enviando e-mail..."},{"$i":"background-send-success","$v":"E-mail enviado."},{"$i":"background-send-error","$v":"Ocorreu um erro. Seu e-mail foi salvo na caixa de saída."},{"$i":"background-send-error-recipients","$v":"Erro de destinatário. Seu e-mail foi salvo na caixa de saída."},{"$i":"background-send-error-title","$v":"Falha ao enviar e-mail"},{"$i":"send-failure-recipients","$v":"Verifique os endereços acima. Seu servidor de email indicou que um ou mais endereços acima estão incorretos."},{"$i":"send-failure-unknown","$v":"A mensagem não pôde ser enviada."},{"$i":"form-clear-input","$v":"Limpar texto"},{"$i":"confirm-dialog-title","$v":"Confirmação"},{"$i":"senders-separation-sign","$v":", "},{"$i":"new-messages","$v":{"one":"1 Nova Mensagem","two":[{"t":"idOrVar","v":"n"}," Novas Mensagens"],"few":[{"t":"idOrVar","v":"n"}," Novas Mensagens"],"many":[{"t":"idOrVar","v":"n"}," Novas Mensagens"],"other":[{"t":"idOrVar","v":"n"}," Novas Mensagens"]},"$x":[{"t":"idOrVar","v":"plural"},"n"]},{"$i":"notification-no-subject","$v":"(no subject)"},{"$i":"new-emails-notify-one-account","$v":{"one":"1 novo e-mail","two":[{"t":"idOrVar","v":"n"}," novos emails"],"few":[{"t":"idOrVar","v":"n"}," novos emails"],"many":[{"t":"idOrVar","v":"n"}," novos emails"],"other":[{"t":"idOrVar","v":"n"}," novos emails"]},"$x":[{"t":"idOrVar","v":"plural"},"n"]},{"$i":"new-emails-notify-multiple-accounts","$v":{"one":["1 novo email (",{"t":"idOrVar","v":"accountName"},")"],"two":[{"t":"idOrVar","v":"n"}," novos emails (",{"t":"idOrVar","v":"accountName"},")"],"few":[{"t":"idOrVar","v":"n"}," novos emails (",{"t":"idOrVar","v":"accountName"},")"],"many":[{"t":"idOrVar","v":"n"}," novos emails (",{"t":"idOrVar","v":"accountName"},")"],"other":[{"t":"idOrVar","v":"n"}," novos emails (",{"t":"idOrVar","v":"accountName"},")"]},"$x":[{"t":"idOrVar","v":"plural"},"n"]},{"$i":"new-emails-notify-multiple-accounts-body","$v":[{"t":"idOrVar","v":"from"}," “",{"t":"idOrVar","v":"subject"},"”"]},{"$i":"tng-plain-socket-warning-title","$v":"Are you sure?"},{"$i":"tng-plain-socket-warning-message","$v":"Other people may be able to see your passwords and emails or control your account."},{"$i":"tng-plain-socket-warning-message-options","$v":"There are multiple, free email providers that offer more secure, encrypted connections."},{"$i":"tng-plain-socket-learn-more","$v":"Learn more"},{"$i":"tng-plain-socket-warning-ok","$v":"I understand"},{"$i":"message-reader-next-button","ariaLabel":"Next"},{"$i":"message-reader-previous-button","ariaLabel":"Previous"},{"$i":"message-reader-date-received","ariaLabel":"Received"},{"$i":"weekday-0-long","$v":"Domingo"},{"$i":"weekday-1-long","$v":"Segunda-feira"},{"$i":"weekday-2-long","$v":"Terça-feira"},{"$i":"weekday-3-long","$v":"Quarta-feira"},{"$i":"weekday-4-long","$v":"Quinta-feira"},{"$i":"weekday-5-long","$v":"Sexta-feira"},{"$i":"weekday-6-long","$v":"Sábado"},{"$i":"weekday-0-short","$v":"Dom"},{"$i":"weekday-1-short","$v":"Seg"},{"$i":"weekday-2-short","$v":"Ter"},{"$i":"weekday-3-short","$v":"Qua"},{"$i":"weekday-4-short","$v":"Qui"},{"$i":"weekday-5-short","$v":"Sex"},{"$i":"weekday-6-short","$v":"Sáb"},{"$i":"month-0-long","$v":"Janeiro"},{"$i":"month-1-long","$v":"Fevereiro"},{"$i":"month-2-long","$v":"Março"},{"$i":"month-3-long","$v":"Abril"},{"$i":"month-4-long","$v":"Maio"},{"$i":"month-5-long","$v":"Junho"},{"$i":"month-6-long","$v":"Julho"},{"$i":"month-7-long","$v":"Agosto"},{"$i":"month-8-long","$v":"Setembro"},{"$i":"month-9-long","$v":"Outubro"},{"$i":"month-10-long","$v":"Novembro"},{"$i":"month-11-long","$v":"Dezembro"},{"$i":"month-0-genitive","$v":"Janeiro"},{"$i":"month-1-genitive","$v":"Fevereiro"},{"$i":"month-2-genitive","$v":"Março"},{"$i":"month-3-genitive","$v":"Abril"},{"$i":"month-4-genitive","$v":"Maio"},{"$i":"month-5-genitive","$v":"Junho"},{"$i":"month-6-genitive","$v":"Julho"},{"$i":"month-7-genitive","$v":"Agosto"},{"$i":"month-8-genitive","$v":"Setembro"},{"$i":"month-9-genitive","$v":"Outubro"},{"$i":"month-10-genitive","$v":"Novembro"},{"$i":"month-11-genitive","$v":"Dezembro"},{"$i":"month-0-short","$v":"Jan"},{"$i":"month-1-short","$v":"Fev"},{"$i":"month-2-short","$v":"Mar"},{"$i":"month-3-short","$v":"Abr"},{"$i":"month-4-short","$v":"Mai"},{"$i":"month-5-short","$v":"Jun"},{"$i":"month-6-short","$v":"Jul"},{"$i":"month-7-short","$v":"Ago"},{"$i":"month-8-short","$v":"Set"},{"$i":"month-9-short","$v":"Out"},{"$i":"month-10-short","$v":"Nov"},{"$i":"month-11-short","$v":"Dez"},{"$i":"minutes-ago-long","$v":{"zero":"há pouco","one":"um minuto atrás","two":[{"t":"idOrVar","v":"value"}," minutos atrás"],"few":[{"t":"idOrVar","v":"value"}," minutos atrás"],"many":[{"t":"idOrVar","v":"value"}," minutos atrás"],"other":[{"t":"idOrVar","v":"value"}," minutos atrás"]},"$x":[{"t":"idOrVar","v":"plural"},"value"]},{"$i":"hours-ago-long","$v":{"zero":"há pouco","one":"uma hora atrás","two":[{"t":"idOrVar","v":"value"}," horas atrás"],"few":[{"t":"idOrVar","v":"value"}," horas atrás"],"many":[{"t":"idOrVar","v":"value"}," horas atrás"],"other":[{"t":"idOrVar","v":"value"}," horas atrás"]},"$x":[{"t":"idOrVar","v":"plural"},"value"]},{"$i":"days-ago-long","$v":{"zero":"hoje","one":"ontem","two":[{"t":"idOrVar","v":"value"}," dias atrás"],"few":[{"t":"idOrVar","v":"value"}," dias atrás"],"many":[{"t":"idOrVar","v":"value"}," dias atrás"],"other":[{"t":"idOrVar","v":"value"}," dias atrás"]},"$x":[{"t":"idOrVar","v":"plural"},"value"]},{"$i":"weeks-ago-long","$v":{"zero":"esta semana","one":"semana passada","two":[{"t":"idOrVar","v":"value"}," semanas atrás"],"few":[{"t":"idOrVar","v":"value"}," semanas atrás"],"many":[{"t":"idOrVar","v":"value"}," semanas atrás"],"other":[{"t":"idOrVar","v":"value"}," semanas atrás"]},"$x":[{"t":"idOrVar","v":"plural"},"value"]},{"$i":"months-ago-long","$v":{"zero":"este mês","one":"mês passado","two":[{"t":"idOrVar","v":"value"}," meses atrás"],"few":[{"t":"idOrVar","v":"value"}," meses atrás"],"many":[{"t":"idOrVar","v":"value"}," meses atrás"],"other":[{"t":"idOrVar","v":"value"}," meses atrás"]},"$x":[{"t":"idOrVar","v":"plural"},"value"]},{"$i":"years-ago-long","$v":{"zero":"este ano","one":"ano passado","two":[{"t":"idOrVar","v":"value"}," anos atrás"],"few":[{"t":"idOrVar","v":"value"}," anos atrás"],"many":[{"t":"idOrVar","v":"value"}," anos atrás"],"other":[{"t":"idOrVar","v":"value"}," anos atrás"]},"$x":[{"t":"idOrVar","v":"plural"},"value"]},{"$i":"minutes-until-long","$v":{"zero":"agora","one":"em um minuto","two":["em ",{"t":"idOrVar","v":"value"}," minutos"],"few":["em ",{"t":"idOrVar","v":"value"}," minutos"],"many":["em ",{"t":"idOrVar","v":"value"}," minutos"],"other":["em ",{"t":"idOrVar","v":"value"}," minutos"]},"$x":[{"t":"idOrVar","v":"plural"},"value"]},{"$i":"hours-until-long","$v":{"zero":"agora","one":"em uma hora","two":["em ",{"t":"idOrVar","v":"value"}," horas"],"few":["em ",{"t":"idOrVar","v":"value"}," horas"],"many":["em ",{"t":"idOrVar","v":"value"}," horas"],"other":["em ",{"t":"idOrVar","v":"value"}," horas"]},"$x":[{"t":"idOrVar","v":"plural"},"value"]},{"$i":"days-until-long","$v":{"zero":"hoje","one":"amanhã","two":["em ",{"t":"idOrVar","v":"value"}," dias"],"few":["em ",{"t":"idOrVar","v":"value"}," dias"],"many":["em ",{"t":"idOrVar","v":"value"}," dias"],"other":["em ",{"t":"idOrVar","v":"value"}," dias"]},"$x":[{"t":"idOrVar","v":"plural"},"value"]},{"$i":"weeks-until-long","$v":{"zero":"esta semana","one":"semana que vem","two":["em ",{"t":"idOrVar","v":"value"}," semanas"],"few":["em ",{"t":"idOrVar","v":"value"}," semanas"],"many":["em ",{"t":"idOrVar","v":"value"}," semanas"],"other":["em ",{"t":"idOrVar","v":"value"}," semanas"]},"$x":[{"t":"idOrVar","v":"plural"},"value"]},{"$i":"months-until-long","$v":{"zero":"este mês","one":"mês que vem","two":["em ",{"t":"idOrVar","v":"value"}," meses"],"few":["em ",{"t":"idOrVar","v":"value"}," meses"],"many":["em ",{"t":"idOrVar","v":"value"}," meses"],"other":["em ",{"t":"idOrVar","v":"value"}," meses"]},"$x":[{"t":"idOrVar","v":"plural"},"value"]},{"$i":"years-until-long","$v":{"zero":"este ano","one":"ano que vem","two":["em ",{"t":"idOrVar","v":"value"}," anos"],"few":["em ",{"t":"idOrVar","v":"value"}," anos"],"many":["em ",{"t":"idOrVar","v":"value"}," anos"],"other":["em ",{"t":"idOrVar","v":"value"}," anos"]},"$x":[{"t":"idOrVar","v":"plural"},"value"]},{"$i":"minutes-ago-short","$v":{"zero":"há pouco","other":[{"t":"idOrVar","v":"value"},"min atrás"]},"$x":[{"t":"idOrVar","v":"plural"},"value"]},{"$i":"hours-ago-short","$v":{"zero":"há pouco","other":[{"t":"idOrVar","v":"value"},"h atrás"]},"$x":[{"t":"idOrVar","v":"plural"},"value"]},{"$i":"days-ago-short","$v":{"zero":"hoje","other":[{"t":"idOrVar","v":"value"},"d atrás"]},"$x":[{"t":"idOrVar","v":"plural"},"value"]},{"$i":"minutes-until-short","$v":{"zero":"agora","other":["em ",{"t":"idOrVar","v":"value"},"min"]},"$x":[{"t":"idOrVar","v":"plural"},"value"]},{"$i":"hours-until-short","$v":{"zero":"agora","other":["em ",{"t":"idOrVar","v":"value"},"h"]},"$x":[{"t":"idOrVar","v":"plural"},"value"]},{"$i":"days-until-short","$v":{"zero":"hoje","other":["em ",{"t":"idOrVar","v":"value"},"d"]},"$x":[{"t":"idOrVar","v":"plural"},"value"]},{"$i":"incorrectDate","$v":"(data incorreta)"},{"$i":"dateTimeFormat_%c","$v":"%A, %e de %B de %Y %H h %M min %S s"},{"$i":"dateTimeFormat_%x","$v":"%d/%m/%Y"},{"$i":"dateTimeFormat_%X","$v":"%H h %M min %S s"},{"$i":"shortTimeFormat","$v":"%H:%M"},{"$i":"shortTimeFormat12","$v":"%I:%M %p"},{"$i":"shortTimeFormat24","$v":"%H:%M"},{"$i":"shortDateTimeFormat","$v":"%x %H:%M"},{"$i":"weekStartsOnMonday","$v":"0"},{"$i":"firstDayOfTheWeek","$v":"0"},{"$i":"time_am","$v":"AM"},{"$i":"time_pm","$v":"PM"}]