[{"$i":"back-button","ariaLabel":"Back"},{"$i":"close-button","ariaLabel":"Close"},{"$i":"setup-app-name-header","$v":"Mail"},{"$i":"setup-empty-account-message","$v":"You are not set up to send or receive email. Set up an account to complete the action."},{"$i":"setup-pick-service","$v":"Pentru a trimite și a primi e-mailuri, va trebui să configurezi un cont."},{"$i":"setup-account-header3","$v":"Cont nou"},{"$i":"setup-account-enter-password","$v":"Introdu parola pentru:"},{"$i":"setup-info-name","placeholder":"Numele tău"},{"$i":"setup-info-email","placeholder":"cineva@exemplu.ro"},{"$i":"setup-info-password","placeholder":"Parolă"},{"$i":"setup-info-next","$v":"Înainte"},{"$i":"setup-progress-wait-msg","$v":"Te rugăm să aștepți cât timp contul este configurat"},{"$i":"setup-completed-header","$v":"Configurarea contului"},{"$i":"setup-completed-label","$v":"Totul a fost finalizat!"},{"$i":"setup-add-another-account","$v":"Adaugă alt cont"},{"$i":"setup-show-mail","$v":"Continuă pe mail"},{"$i":"setup-error-offline","$v":"Acest dispozitiv este în prezent offline. Conectează-te la o rețea și reîncearcă."},{"$i":"setup-error-bad-user-or-pass2","$v":"Nume de utilizator sau parolă invalide. Verifică greșelile."},{"$i":"setup-error-bad-address","$v":"Adresă de e-mail invalidă. Verifică greșelile."},{"$i":"setup-error-not-authorized","$v":"Serverul a spus că nu ești autorizat să îți creezi un cont"},{"$i":"setup-error-pop-server-not-great","$v":"Server nesuportat. Serverul POP3 nu implementează funcțiile necesare."},{"$i":"setup-error-unknown2","$v":"S-a produs o eroare necunoscută. Verifică conexiunea la rețea sau încearcă opțiunea de configurare manuală."},{"$i":"setup-error-needs-app-pass","$v":"Trebuie să folosești o parolă specifică aplicației pe două niveluri pentru conturile Gmail"},{"$i":"setup-error-imap-disabled","$v":"Trebuie să activezi IMAP pentru contul tău de Gmail"},{"$i":"setup-error-pop3-disabled","$v":"Trebuie să activezi POP3 pentru contul tău de Gmail"},{"$i":"setup-error-bad-security","$v":["Nu s-a putut stabili o conexiune securizată cu „",{"t":"idOrVar","v":"server"},"”. S-ar putea să fie o problemă cu rețeaua ta sau serverul."]},{"$i":"setup-error-unresponsive-server","$v":["Nu s-a putut stabili o conexiune cu „",{"t":"idOrVar","v":"server"},"”. S-ar putea să fie o problemă cu rețeaua."]},{"$i":"setup-error-server-problem","$v":["Este o problemă cu serverul „",{"t":"idOrVar","v":"server"},"”. Reîncearcă mai târziu."]},{"$i":"setup-error-no-config-info","$v":"Nu s-a putut configura în mod automat contul tău. Corectează adresa de e-mail sau încearcă opțiunea de configurare manuală."},{"$i":"setup-error-server-maintenance","$v":["Serverul „",{"t":"idOrVar","v":"server"},"” este offline pentru mentenanță. Reîncearcă mai târziu."]},{"$i":"setup-error-account-already-exists","$v":"Acest cont este deja configurat."},{"$i":"setup-manual-config2","$v":"Setare manuală"},{"$i":"setup-manual-config-header","$v":"Setare manuală"},{"$i":"setup-manual-account-type","$v":"Tip de cont"},{"$i":"setup-manual-account-type-select","ariaLabel":"Account type"},{"$i":"setup-manual-imap-header","$v":"Setări IMAP"},{"$i":"setup-manual-pop3-header","$v":"Setări POP3"},{"$i":"setup-manual-smtp-header","$v":"Setări SMTP"},{"$i":"setup-manual-activesync-header","$v":"Setări ActiveSync"},{"$i":"setup-manual-next","$v":"Înainte"},{"$i":"setup-manual-socket","$v":"Tipul socketului"},{"$i":"setup-manual-socket-ssl","$v":"SSL"},{"$i":"setup-manual-socket-starttls","$v":"STARTTLS"},{"$i":"setup-manual-socket-select","ariaLabel":"Connection security"},{"$i":"setup-manual-socket-plain","$v":"Unencrypted (insecure)"},{"$i":"setup-manual-hostname","placeholder":"Nume gazdă"},{"$i":"setup-manual-port","placeholder":"Numărul de port"},{"$i":"setup-manual-username","placeholder":"Utilizator"},{"$i":"setup-manual-activesync-username","placeholder":"Domeniu\\Nume de utilizator"},{"$i":"setup-bad-password-header","$v":"Parolă greșită!"},{"$i":"setup-bad-password","$v":"Nu ne-am putut autentifica pe server. Posibil ca parola să fie greșită?"},{"$i":"setup-new-password","placeholder":"Parolă nouă"},{"$i":"setup-fix-password","$v":"Reîncearcă cu parola nouă"},{"$i":"setup-gmail-twofactor-header","$v":"Autentificarea pe două niveluri activată"},{"$i":"setup-gmail-twofactor-message","$v":"Trebuie să introduci o parolă specifică aplicației mai jos."},{"$i":"setup-gmail-twofactor-fix","$v":"Folosește parola aplicației"},{"$i":"setup-gmail-imap-header","$v":"IMAP dezactivat"},{"$i":"setup-gmail-imap-message","$v":"Trebuie să activezi IMAP pe contul tău de Gmail"},{"$i":"setup-gmail-imap-retry","$v":"Reîncearcă"},{"$i":"setup-gmail-pop3-header","$v":"POP3 dezactivat"},{"$i":"setup-gmail-pop3-message","$v":"Trebuie să activezi POP3 pe contul tău de Gmail"},{"$i":"setup-gmail-pop3-retry","$v":"Reîncearcă"},{"$i":"setup-fix-oauth2-header","$v":"Reautorizează e-mailul"},{"$i":"setup-fix-oauth2-description","$v":"E-mailul trebuie să fie reautorizat pentru a accesa contul următor:"},{"$i":"setup-fix-oauth2-reauthorize","$v":"Reautorizează"},{"$i":"settings-main-header","$v":"Setări de mail"},{"$i":"settings-sub-header-account","$v":"Account"},{"$i":"settings-account-group","ariaLabel":"Account"},{"$i":"settings-account-name","$v":"Numele tău"},{"$i":"settings-account-display-notifications","$v":"Afișează notificări pentru mesaje noi"},{"$i":"settings-account-play-sound-onsend","$v":"Play sound after message is sent"},{"$i":"settings-empty-signature-label","$v":"Tap to Edit"},{"$i":"settings-account-signature-label","$v":"Signature"},{"$i":"settings-account-signature-textbox","ariaLabel":"Signature"},{"$i":"signature-save","$v":"Save Signature"},{"$i":"signature-discard-confirm","$v":"Discard"},{"$i":"settings-sub-header-data","$v":"Data"},{"$i":"settings-data-group","ariaLabel":"Data"},{"$i":"settings-account-check-mail","$v":"Check for new messages"},{"$i":"settings-account-check-mail-select","ariaLabel":"Check for new messages"},{"$i":"settings-sub-header-server","$v":"Server settings"},{"$i":"settings-server-group","ariaLabel":"Server settings"},{"$i":"settings-account-userpass","$v":"Utilizator și parolă"},{"$i":"settings-account-useroauth2","$v":"Username"},{"$i":"settings-default-signature-2","$v":"Trimis folosind Firefox OS"},{"$i":"settings-done","$v":"Gata"},{"$i":"settings-account-section","$v":"Accounts"},{"$i":"settings-account-listbox","ariaLabel":"Accounts"},{"$i":"settings-account-add","$v":"Adaugă cont"},{"$i":"settings-account-delete","$v":"Șterge contul"},{"$i":"settings-account-delete-prompt","$v":["Sigur dorești să stergi contul de mail ",{"t":"idOrVar","v":"account"},"? Va trebui să redescarci mailul dacă recreezi contul."]},{"$i":"settings-account-delete-cancel","$v":"Renunță"},{"$i":"settings-account-delete-confirm","$v":"Șterge"},{"$i":"settings-account-clarify-imap","$v":[{"t":"idOrVar","v":"account-name"}," (IMAP)"]},{"$i":"settings-account-clarify-pop3","$v":[{"t":"idOrVar","v":"account-name"}," (POP3)"]},{"$i":"settings-account-clarify-smtp","$v":[{"t":"idOrVar","v":"account-name"}," (SMTP)"]},{"$i":"settings-general-section","$v":"Setări generale"},{"$i":"settings-show-images","$v":"Arată mereu imaginile"},{"$i":"settings-download-attachments","$v":"Descarcă atașamentele"},{"$i":"settings-check-every-5min","$v":"La fiecare 5 minute"},{"$i":"settings-check-every-10min","$v":"La fiecare 10 minute"},{"$i":"settings-check-every-15min","$v":"La fiecare 15 minute"},{"$i":"settings-check-every-30min","$v":"La fiecare 30 de minute"},{"$i":"settings-check-every-60min","$v":"În fiecare oră"},{"$i":"settings-check-every-manual","$v":"Manual"},{"$i":"settings-check-dynamic","$v":{"two":[{"t":"idOrVar","v":"n"}," secunde"],"few":[{"t":"idOrVar","v":"n"}," secunde"],"many":[{"t":"idOrVar","v":"n"}," secunde"],"other":[{"t":"idOrVar","v":"n"}," secunde"]},"$x":[{"t":"idOrVar","v":"plural"},"n"]},{"$i":"settings-default-account","$v":"Setează ca e-mail implicit"},{"$i":"settings-account-type","$v":"Tip de cont"},{"$i":"settings-account-credentials","$v":"Acreditări"},{"$i":"settings-activesync-label","$v":"Setări ActiveSync"},{"$i":"settings-imap-label","$v":"Setări IMAP"},{"$i":"settings-pop3-label","$v":"Setări POP3"},{"$i":"settings-smtp-label","$v":"Setări SMTP"},{"$i":"settings-hostname","$v":"Nume gazdă"},{"$i":"settings-port","$v":"Port"},{"$i":"settings-username","$v":"Utilizator"},{"$i":"settings-password","$v":"Parolă"},{"$i":"settings-save","$v":"Salvează"},{"$i":"settings-password-empty","$v":"Câmpul destinat parolei nu ar trebui să fie gol"},{"$i":"settings-reauth","$v":"Reautorizează"},{"$i":"settings-account-synchronize-window","$v":"Days to sync"},{"$i":"settings-account-synchronize-window-select","ariaLabel":"Days to sync"},{"$i":"settings-synchronize-auto","$v":"Automat"},{"$i":"settings-synchronize-one-day","$v":"1 zi"},{"$i":"settings-synchronize-three-days","$v":"3 zile"},{"$i":"settings-synchronize-one-week","$v":"1 săptămână"},{"$i":"settings-synchronize-two-weeks","$v":"2 săptămâni"},{"$i":"settings-synchronize-one-month","$v":"1 lună"},{"$i":"settings-synchronize-all","$v":"Toate mesajele"},{"$i":"envelope-from","$v":"De la"},{"$i":"envelope-to","$v":"Către"},{"$i":"envelope-cc","$v":"CC"},{"$i":"envelope-bcc","$v":"Bcc"},{"$i":"message-header-state-sending","ariaLabel":"Sending"},{"$i":"message-header-state-error","ariaLabel":"Error sending"},{"$i":"message-header-unread","ariaLabel":"Unread"},{"$i":"message-header-starred","ariaLabel":"Has star"},{"$i":"message-header-attachments","ariaLabel":"Has attachments"},{"$i":"message-body-container","ariaLabel":"Message body"},{"$i":"message-body-container-progress","ariaValueText":"Loading"},{"$i":"subject","ariaLabel":"Subject"},{"$i":"message-delete-button","ariaLabel":"Șterge"},{"$i":"message-star-button","ariaLabel":"Add star"},{"$i":"message-unstar-button","ariaLabel":"Remove star"},{"$i":"message-mark-read-button","ariaLabel":"Mark read"},{"$i":"message-mark-unread-button","ariaLabel":"Mark unread"},{"$i":"message-move-button","ariaLabel":"Mută"},{"$i":"message-reply-forward-button","ariaLabel":"Reply or forward"},{"$i":"download-button","ariaLabel":"Download"},{"$i":"downloading-progress","ariaValueText":"Downloading"},{"$i":"view-button","ariaLabel":"View"},{"$i":"attachments-container","ariaLabel":"Attachments"},{"$i":"from-group","ariaLabel":"From"},{"$i":"to-group","ariaLabel":"To"},{"$i":"cc-group","ariaLabel":"cc"},{"$i":"bcc-group","ariaLabel":"bcc"},{"$i":"compose-header","$v":"Compune mesajul"},{"$i":"compose-header-short","$v":"Compose"},{"$i":"compose-send","$v":"Send"},{"$i":"compose-send-button","ariaLabel":"Send"},{"$i":"compose-to","$v":"Către"},{"$i":"compose-cc","$v":"cc"},{"$i":"compose-bcc","$v":"bcc"},{"$i":"compose-contact-add","ariaLabel":"Add contact"},{"$i":"compose-attachments-container","ariaLabel":{"$x":[{"t":"idOrVar","v":"plural"},"kilobytes"],"$v":{"zero":"Attachments","one":["Attachments: ",{"t":"idOrVar","v":"kilobytes"},"K"],"two":["Attachments: ",{"t":"idOrVar","v":"kilobytes"},"K"],"few":["Attachments: ",{"t":"idOrVar","v":"kilobytes"},"K"],"many":["Attachments: ",{"t":"idOrVar","v":"kilobytes"},"K"],"other":["Attachments: ",{"t":"idOrVar","v":"kilobytes"},"K"]}}},{"$i":"compose-attachment-remove","ariaLabel":"Remove"},{"$i":"compose-attachment-button","ariaLabel":"Attach"},{"$i":"compose-attachments","$v":{"one":[{"t":"idOrVar","v":"n"}," atașament"],"two":[{"t":"idOrVar","v":"n"}," atașamente"],"few":[{"t":"idOrVar","v":"n"}," atașamente"],"many":[{"t":"idOrVar","v":"n"}," atașamente"],"other":[{"t":"idOrVar","v":"n"}," atașamente"]},"$x":[{"t":"idOrVar","v":"plural"},"n"]},{"$i":"compose-text","ariaLabel":"Editează"},{"$i":"compose-attachment-still-working","$v":"Un moment, încă se lucrează la atașamentul anterior..."},{"$i":"compose-subject","$v":"Subiect"},{"$i":"compose-draft-save","$v":"Salvează în mesaje nefinalizate local"},{"$i":"compose-discard-confirm","$v":"Discard"},{"$i":"compose-send-message-failed","$v":"Trimiterea e-mailului a eșuat"},{"$i":"composer-attachment-large","$v":"Atașament prea mare"},{"$i":"composer-attachments-large","$v":"Atașamente prea mari"},{"$i":"compose-attchment-size-exceeded","$v":"Atașamentul selectat este prea mare pentru a fi trimis cu acest mesaj."},{"$i":"compose-attchments-size-exceeded","$v":"Atașamentele selectate sunt prea mari pentru a fi trimise cu acest mesaj. Încearcă să selectezi mai puține fișiere."},{"$i":"dialog-button-ok","$v":"Ok"},{"$i":"default-attachment-filename","$v":["atașament",{"t":"idOrVar","v":"n"}]},{"$i":"attachment-size-kib","$v":[{"t":"idOrVar","v":"kilobytes"},"K"]},{"$i":"message-attachment-view","$v":"View"},{"$i":"message-attachment-did-not-open-label","$v":"Unable to open"},{"$i":"message-attachment-did-not-open-body","$v":"The device does not have an app that can open the attachment."},{"$i":"message-attachment-too-large","$v":"Fişierul e prea mare pt. descărcare."},{"$i":"message-no-subject","$v":"(fără subiect)"},{"$i":"message-edit-menu-edit","$v":"Editează"},{"$i":"message-edit-menu-delete","$v":"Șterge"},{"$i":"message-edit-delete-confirm","$v":"Ștergi e-mailul?"},{"$i":"message-send-attachment-disabled-confirm","$v":"Atașamentele nu pot fi redirecționate."},{"$i":"message-multiedit-header","$v":{"zero":"Editează","one":[{"t":"idOrVar","v":"n"}," selectate"],"two":[{"t":"idOrVar","v":"n"}," selectate"],"few":[{"t":"idOrVar","v":"n"}," selectate"],"many":[{"t":"idOrVar","v":"n"}," selectate"],"other":[{"t":"idOrVar","v":"n"}," selectate"]},"$x":[{"t":"idOrVar","v":"plural"},"n"]},{"$i":"browse-to-url-prompt","$v":["Navighezi la adresa web?: ",{"t":"idOrVar","v":"url"}]},{"$i":"message-download-images-tap","$v":{"one":"Acest e-mail conține o imagine. Apasă pentru a descărca.","two":["Acest e-mail conține ",{"t":"idOrVar","v":"n"}," imagini. Apasă pentru a descărca."],"few":["Acest e-mail conține ",{"t":"idOrVar","v":"n"}," imagini. Apasă pentru a descărca."],"many":["Acest e-mail conține ",{"t":"idOrVar","v":"n"}," imagini. Apasă pentru a descărca."],"other":["Acest e-mail conține ",{"t":"idOrVar","v":"n"}," imagini. Apasă pentru a descărca."]},"$x":[{"t":"idOrVar","v":"plural"},"n"]},{"$i":"message-show-external-images","$v":"Arată imaginile externe"},{"$i":"message-multiedit-cancel","$v":"Renunță"},{"$i":"message-multiedit-delete-confirm","$v":{"one":"Ștergi acest e-mail?","two":["Ștergi cele ",{"t":"idOrVar","v":"n"}," e-mailuri?"],"few":["Ștergi cele ",{"t":"idOrVar","v":"n"}," e-mailuri?"],"many":["Ștergi cele ",{"t":"idOrVar","v":"n"}," e-mailuri?"],"other":["Ștergi cele ",{"t":"idOrVar","v":"n"}," e-mailuri?"]},"$x":[{"t":"idOrVar","v":"plural"},"n"]},{"$i":"message-large-message-cancel","$v":"Renunță"},{"$i":"message-large-message-ok","$v":"Continuă"},{"$i":"message-large-message-confirm","$v":"Acest mesaj este mare și poate lua ceva timp pentru a-l descărca."},{"$i":"message-search-from","$v":"De la"},{"$i":"message-search-to","$v":"Către"},{"$i":"message-search-subject","$v":"Subiect"},{"$i":"message-search-body","$v":"Corp"},{"$i":"message-search-all","$v":"Toate"},{"$i":"message-search-input","placeholder":"Caută mail"},{"$i":"message-search-cancel","$v":"Renunță"},{"$i":"messages-syncing","$v":"Se încarcă mesajele"},{"$i":"messages-load-more","$v":"Load More Messages"},{"$i":"messages-folder-empty","$v":"Niciun mail în acest dosar"},{"$i":"messages-search-empty","$v":"Nicio potrivire în mesajele stocate local"},{"$i":"messages-folder-select","$v":"Selectează dosarul"},{"$i":"messages-folder-unread-max","$v":"999+"},{"$i":"message-contact-menu-create","$v":"Salvează contactul nou"},{"$i":"message-contact-menu-add-existing","$v":"Adaugă la contactul existent"},{"$i":"message-contact-menu-view","$v":"Vezi contactul"},{"$i":"message-contact-menu-reply","$v":"Răspunde"},{"$i":"message-contact-menu-new","$v":"Trimite un e-mail nou"},{"$i":"message-reply-menu-reply","$v":"Răspunde"},{"$i":"message-reply-menu-reply-all","$v":"Răspunde la toate"},{"$i":"message-reply-menu-forward","$v":"Redirecționare"},{"$i":"message-reply-menu-cancel","$v":"Renunță"},{"$i":"reply-quoting-wrote","$v":"{name} a scris"},{"$i":"forward-original-message","$v":"Mesaj original"},{"$i":"forward-header-subject","$v":"Subiect"},{"$i":"forward-header-date","$v":"Dată"},{"$i":"forward-header-from","$v":"De la"},{"$i":"forward-header-reply-to","$v":"Răspuns către"},{"$i":"forward-header-to","$v":"Către"},{"$i":"forward-header-cc","$v":"CC"},{"$i":"folder-inbox","$v":"Mesaje primite"},{"$i":"folder-sent","$v":"Mesaje trimise"},{"$i":"folder-drafts","$v":"Mesaje nefinalizate"},{"$i":"folder-trash","$v":"Coș de gunoi"},{"$i":"folder-queue","$v":"Mesaje netrimise"},{"$i":"folder-junk","$v":"Mesaje nesolicitate"},{"$i":"folder-archives","$v":"Arhive"},{"$i":"folder-localdrafts","$v":"Nefinalizate local"},{"$i":"folder-outbox","$v":"Outbox"},{"$i":"drawer-back","$v":"Back"},{"$i":"drawer-accounts-header","$v":"Accounts"},{"$i":"drawer-settings-link","$v":"Settings"},{"$i":"folder-last-synced-label","$v":"Last sync:"},{"$i":"messages-refresh-button","ariaLabel":"Refresh"},{"$i":"messages-refresh-progress","ariaValueText":"Refreshing"},{"$i":"edit-button","ariaLabel":"Editează"},{"$i":"message-list-top-action","$v":"Top"},{"$i":"message-list-menu","ariaLabel":"Folders and settings"},{"$i":"message-list-compose","ariaLabel":"Compose"},{"$i":"toaster-undo","$v":"Revocă acțiunea"},{"$i":"toaster-message-star","$v":{"one":"Marcaj stabilit pentru 1 mesaj","two":["Marcaj stabilit pentru ",{"t":"idOrVar","v":"n"}," mesaje"],"few":["Marcaj stabilit pentru ",{"t":"idOrVar","v":"n"}," mesaje"],"many":["Marcaj stabilit pentru ",{"t":"idOrVar","v":"n"}," mesaje"],"other":["Marcaj stabilit pentru ",{"t":"idOrVar","v":"n"}," mesaje"]},"$x":[{"t":"idOrVar","v":"plural"},"n"]},{"$i":"toaster-message-unstar","$v":{"one":"Marcaj eliminat pentru 1 mesaj"},"$x":[{"t":"idOrVar","v":"plural"},"n"]},{"$i":"toaster-message-read","$v":{"one":"1 mesaj marcat ca citit","two":[{"t":"idOrVar","v":"n"}," mesaje marcate ca citite"],"few":[{"t":"idOrVar","v":"n"}," mesaje marcate ca citite"],"many":[{"t":"idOrVar","v":"n"}," mesaje marcate ca citite"],"other":[{"t":"idOrVar","v":"n"}," mesaje marcate ca citite"]},"$x":[{"t":"idOrVar","v":"plural"},"n"]},{"$i":"toaster-message-unread","$v":{"one":"1 mesaj marcat ca necitit","two":[{"t":"idOrVar","v":"n"}," mesaje marcate ca necitite"],"few":[{"t":"idOrVar","v":"n"}," mesaje marcate ca necitite"],"many":[{"t":"idOrVar","v":"n"}," mesaje marcate ca necitite"],"other":[{"t":"idOrVar","v":"n"}," mesaje marcate ca necitite"]},"$x":[{"t":"idOrVar","v":"plural"},"n"]},{"$i":"toaster-message-move","$v":{"one":"1 mesaj mutat","two":[{"t":"idOrVar","v":"n"}," mesaje mutate"],"few":[{"t":"idOrVar","v":"n"}," mesaje mutate"],"many":[{"t":"idOrVar","v":"n"}," mesaje mutate"],"other":[{"t":"idOrVar","v":"n"}," mesaje mutate"]},"$x":[{"t":"idOrVar","v":"plural"},"n"]},{"$i":"toaster-message-delete","$v":{"one":"1 mesaj șters","two":[{"t":"idOrVar","v":"n"}," mesaje șterse"],"few":[{"t":"idOrVar","v":"n"}," mesaje șterse"],"many":[{"t":"idOrVar","v":"n"}," mesaje șterse"],"other":[{"t":"idOrVar","v":"n"}," mesaje șterse"]},"$x":[{"t":"idOrVar","v":"plural"},"n"]},{"$i":"toaster-retryable-syncfailed","$v":"Nu se poate conecta la server"},{"$i":"compose-invalid-addresses-title","$v":"Adresă invalidă"},{"$i":"compose-invalid-addresses-description","$v":"Mesajul conține una sau mai multe adrese de e-mail invalide. Te rugăm corectează-le înainte de trimitere."},{"$i":"background-send-pending","$v":"Rețea indisponibilă. E-mail salvat în outbox."},{"$i":"background-send-sending","$v":"Se trimite e-mailul…"},{"$i":"background-send-success","$v":"E-mail trimis."},{"$i":"background-send-error","$v":"Eroare apărută. E-mail salvat în outbox."},{"$i":"background-send-error-recipients","$v":"Eroare destinatar. E-mail salvat în outbox. "},{"$i":"background-send-error-title","$v":"Mail failed to send"},{"$i":"send-failure-recipients","$v":"Check the spelling of the addresses above. Your mail server indicated one or more of the addresses above are incorrect."},{"$i":"send-failure-unknown","$v":"The message could not be sent."},{"$i":"form-clear-input","$v":"Elimină textul"},{"$i":"confirm-dialog-title","$v":"Confirmare"},{"$i":"senders-separation-sign","$v":", "},{"$i":"new-messages","$v":{"one":"1 New Message","two":[{"t":"idOrVar","v":"n"}," New Messages"],"few":[{"t":"idOrVar","v":"n"}," New Messages"],"many":[{"t":"idOrVar","v":"n"}," New Messages"],"other":[{"t":"idOrVar","v":"n"}," New Messages"]},"$x":[{"t":"idOrVar","v":"plural"},"n"]},{"$i":"notification-no-subject","$v":"(no subject)"},{"$i":"new-emails-notify-one-account","$v":{"one":"1 e-mail nou","two":[{"t":"idOrVar","v":"n"}," e-mailuri noi"],"few":[{"t":"idOrVar","v":"n"}," e-mailuri noi"],"many":[{"t":"idOrVar","v":"n"}," e-mailuri noi"],"other":[{"t":"idOrVar","v":"n"}," e-mailuri noi"]},"$x":[{"t":"idOrVar","v":"plural"},"n"]},{"$i":"new-emails-notify-multiple-accounts","$v":{"one":["1 e-mail nou (",{"t":"idOrVar","v":"accountName"},")"],"two":[{"t":"idOrVar","v":"n"}," e-mailuri noi (",{"t":"idOrVar","v":"accountName"},")"],"few":[{"t":"idOrVar","v":"n"}," e-mailuri noi (",{"t":"idOrVar","v":"accountName"},")"],"many":[{"t":"idOrVar","v":"n"}," e-mailuri noi (",{"t":"idOrVar","v":"accountName"},")"],"other":[{"t":"idOrVar","v":"n"}," e-mailuri noi (",{"t":"idOrVar","v":"accountName"},")"]},"$x":[{"t":"idOrVar","v":"plural"},"n"]},{"$i":"new-emails-notify-multiple-accounts-body","$v":[{"t":"idOrVar","v":"from"}," „",{"t":"idOrVar","v":"subject"},"”"]},{"$i":"tng-plain-socket-warning-title","$v":"Are you sure?"},{"$i":"tng-plain-socket-warning-message","$v":"Other people may be able to see your passwords and emails or control your account."},{"$i":"tng-plain-socket-warning-message-options","$v":"There are multiple, free email providers that offer more secure, encrypted connections."},{"$i":"tng-plain-socket-learn-more","$v":"Learn more"},{"$i":"tng-plain-socket-warning-ok","$v":"I understand"},{"$i":"message-reader-next-button","ariaLabel":"Next"},{"$i":"message-reader-previous-button","ariaLabel":"Previous"},{"$i":"message-reader-date-received","ariaLabel":"Received"},{"$i":"weekday-0-long","$v":"duminică"},{"$i":"weekday-1-long","$v":"luni"},{"$i":"weekday-2-long","$v":"marți"},{"$i":"weekday-3-long","$v":"miercuri"},{"$i":"weekday-4-long","$v":"joi"},{"$i":"weekday-5-long","$v":"vineri"},{"$i":"weekday-6-long","$v":"sâmbătă"},{"$i":"weekday-0-short","$v":"dum"},{"$i":"weekday-1-short","$v":"lun"},{"$i":"weekday-2-short","$v":"mar"},{"$i":"weekday-3-short","$v":"mie"},{"$i":"weekday-4-short","$v":"joi"},{"$i":"weekday-5-short","$v":"vin"},{"$i":"weekday-6-short","$v":"sâm"},{"$i":"month-0-long","$v":"ianuarie"},{"$i":"month-1-long","$v":"februarie"},{"$i":"month-2-long","$v":"martie"},{"$i":"month-3-long","$v":"aprilie"},{"$i":"month-4-long","$v":"mai"},{"$i":"month-5-long","$v":"iunie"},{"$i":"month-6-long","$v":"iulie"},{"$i":"month-7-long","$v":"august"},{"$i":"month-8-long","$v":"septembrie"},{"$i":"month-9-long","$v":"octombrie"},{"$i":"month-10-long","$v":"noiembrie"},{"$i":"month-11-long","$v":"decembrie"},{"$i":"month-0-genitive","$v":"ianuarie"},{"$i":"month-1-genitive","$v":"februarie"},{"$i":"month-2-genitive","$v":"martie"},{"$i":"month-3-genitive","$v":"aprilie"},{"$i":"month-4-genitive","$v":"mai"},{"$i":"month-5-genitive","$v":"iunie"},{"$i":"month-6-genitive","$v":"iulie"},{"$i":"month-7-genitive","$v":"august"},{"$i":"month-8-genitive","$v":"septembrie"},{"$i":"month-9-genitive","$v":"octombrie"},{"$i":"month-10-genitive","$v":"noiembrie"},{"$i":"month-11-genitive","$v":"decembrie"},{"$i":"month-0-short","$v":"ian"},{"$i":"month-1-short","$v":"feb"},{"$i":"month-2-short","$v":"mar"},{"$i":"month-3-short","$v":"apr"},{"$i":"month-4-short","$v":"mai"},{"$i":"month-5-short","$v":"iun"},{"$i":"month-6-short","$v":"iul"},{"$i":"month-7-short","$v":"aug"},{"$i":"month-8-short","$v":"sep"},{"$i":"month-9-short","$v":"oct"},{"$i":"month-10-short","$v":"noi"},{"$i":"month-11-short","$v":"dec"},{"$i":"minutes-ago-long","$v":{"zero":"chiar acum","one":"acum un minut","two":["acum ",{"t":"idOrVar","v":"value"}," minute"],"few":["acum ",{"t":"idOrVar","v":"value"}," minute"],"many":["acum ",{"t":"idOrVar","v":"value"}," minute"],"other":["acum ",{"t":"idOrVar","v":"value"}," minute"]},"$x":[{"t":"idOrVar","v":"plural"},"value"]},{"$i":"hours-ago-long","$v":{"zero":"chiar acum","one":"acum cu o oră","two":["acum ",{"t":"idOrVar","v":"value"}," ore"],"few":["acum ",{"t":"idOrVar","v":"value"}," ore"],"many":["acum ",{"t":"idOrVar","v":"value"}," ore"],"other":["acum ",{"t":"idOrVar","v":"value"}," ore"]},"$x":[{"t":"idOrVar","v":"plural"},"value"]},{"$i":"days-ago-long","$v":{"zero":"astăzi","one":"ieri","two":["acum ",{"t":"idOrVar","v":"value"}," zile"],"few":["acum ",{"t":"idOrVar","v":"value"}," zile"],"many":["acum ",{"t":"idOrVar","v":"value"}," zile"],"other":["acum ",{"t":"idOrVar","v":"value"}," zile"]},"$x":[{"t":"idOrVar","v":"plural"},"value"]},{"$i":"weeks-ago-long","$v":{"zero":"săptămâna aceasta","one":"săptămâna trecută","two":["acum ",{"t":"idOrVar","v":"value"}," săptămâni"],"few":["acum ",{"t":"idOrVar","v":"value"}," săptămâni"],"many":["acum ",{"t":"idOrVar","v":"value"}," săptămâni"],"other":["acum ",{"t":"idOrVar","v":"value"}," săptămâni"]},"$x":[{"t":"idOrVar","v":"plural"},"value"]},{"$i":"months-ago-long","$v":{"zero":"luna aceasta","one":"luna trecută","two":["acum ",{"t":"idOrVar","v":"value"}," luni"],"few":["acum ",{"t":"idOrVar","v":"value"}," luni"],"many":["acum ",{"t":"idOrVar","v":"value"}," luni"],"other":["acum ",{"t":"idOrVar","v":"value"}," luni"]},"$x":[{"t":"idOrVar","v":"plural"},"value"]},{"$i":"years-ago-long","$v":{"zero":"anul acesta","one":"anul trecut","two":["acum ",{"t":"idOrVar","v":"value"}," ani"],"few":["acum ",{"t":"idOrVar","v":"value"}," ani"],"many":["acum ",{"t":"idOrVar","v":"value"}," ani"],"other":["acum ",{"t":"idOrVar","v":"value"}," ani"]},"$x":[{"t":"idOrVar","v":"plural"},"value"]},{"$i":"minutes-until-long","$v":{"zero":"acum","one":"într-un minut","two":["în ",{"t":"idOrVar","v":"value"}," minute"],"few":["în ",{"t":"idOrVar","v":"value"}," minute"],"many":["în ",{"t":"idOrVar","v":"value"}," minute"],"other":["în ",{"t":"idOrVar","v":"value"}," minute"]},"$x":[{"t":"idOrVar","v":"plural"},"value"]},{"$i":"hours-until-long","$v":{"zero":"acum","one":"într-o oră","two":["în ",{"t":"idOrVar","v":"value"}," ore"],"few":["în ",{"t":"idOrVar","v":"value"}," ore"],"many":["în ",{"t":"idOrVar","v":"value"}," ore"],"other":["în ",{"t":"idOrVar","v":"value"}," ore"]},"$x":[{"t":"idOrVar","v":"plural"},"value"]},{"$i":"days-until-long","$v":{"zero":"astăzi","one":"mâine","two":["în ",{"t":"idOrVar","v":"value"}," zile"],"few":["în ",{"t":"idOrVar","v":"value"}," zile"],"many":["în ",{"t":"idOrVar","v":"value"}," zile"],"other":["în ",{"t":"idOrVar","v":"value"}," zile"]},"$x":[{"t":"idOrVar","v":"plural"},"value"]},{"$i":"weeks-until-long","$v":{"zero":"săptămâna aceasta","one":"săptămâna următoare","two":["în ",{"t":"idOrVar","v":"value"}," săptămâni"],"few":["în ",{"t":"idOrVar","v":"value"}," săptămâni"],"many":["în ",{"t":"idOrVar","v":"value"}," săptămâni"],"other":["în ",{"t":"idOrVar","v":"value"}," săptămâni"]},"$x":[{"t":"idOrVar","v":"plural"},"value"]},{"$i":"months-until-long","$v":{"zero":"luna aceasta","one":"luna următoare","two":["în ",{"t":"idOrVar","v":"value"}," luni"],"few":["în ",{"t":"idOrVar","v":"value"}," luni"],"many":["în ",{"t":"idOrVar","v":"value"}," luni"],"other":["în ",{"t":"idOrVar","v":"value"}," luni"]},"$x":[{"t":"idOrVar","v":"plural"},"value"]},{"$i":"years-until-long","$v":{"zero":"anul acesta","one":"anul următor","two":["în ",{"t":"idOrVar","v":"value"}," ani"],"few":["în ",{"t":"idOrVar","v":"value"}," ani"],"many":["în ",{"t":"idOrVar","v":"value"}," ani"],"other":["în ",{"t":"idOrVar","v":"value"}," ani"]},"$x":[{"t":"idOrVar","v":"plural"},"value"]},{"$i":"minutes-ago-short","$v":{"zero":"chiar acum","other":["acum ",{"t":"idOrVar","v":"value"}," min."]},"$x":[{"t":"idOrVar","v":"plural"},"value"]},{"$i":"hours-ago-short","$v":{"zero":"chiar acum","other":["acum ",{"t":"idOrVar","v":"value"},"h"]},"$x":[{"t":"idOrVar","v":"plural"},"value"]},{"$i":"days-ago-short","$v":{"zero":"astăzi","other":["acum ",{"t":"idOrVar","v":"value"},"z"]},"$x":[{"t":"idOrVar","v":"plural"},"value"]},{"$i":"minutes-until-short","$v":{"zero":"acum","other":["în ",{"t":"idOrVar","v":"value"},"m"]},"$x":[{"t":"idOrVar","v":"plural"},"value"]},{"$i":"hours-until-short","$v":{"zero":"acum","other":["în ",{"t":"idOrVar","v":"value"},"h"]},"$x":[{"t":"idOrVar","v":"plural"},"value"]},{"$i":"days-until-short","$v":{"zero":"astăzi","other":["în ",{"t":"idOrVar","v":"value"},"z"]},"$x":[{"t":"idOrVar","v":"plural"},"value"]},{"$i":"incorrectDate","$v":"(dată incorectă)"},{"$i":"dateTimeFormat_%c","$v":"%a, %e %b %Y %H:%M:%S"},{"$i":"dateTimeFormat_%x","$v":"%d/%m/%Y"},{"$i":"dateTimeFormat_%X","$v":"%H:%M:%S"},{"$i":"shortTimeFormat","$v":"%H:%M"},{"$i":"shortTimeFormat12","$v":"%H:%M"},{"$i":"shortTimeFormat24","$v":"%H:%M"},{"$i":"shortDateTimeFormat","$v":"%x %H:%M"},{"$i":"weekStartsOnMonday","$v":"0"},{"$i":"firstDayOfTheWeek","$v":"0"},{"$i":"time_am","$v":"AM"},{"$i":"time_pm","$v":"PM"}]