[{"$i":"back-button","ariaLabel":"Назад"},{"$i":"close-button","ariaLabel":"Закрыть"},{"$i":"setup-app-name-header","$v":"Почта"},{"$i":"setup-empty-account-message","$v":"You are not set up to send or receive email. Set up an account to complete the action."},{"$i":"setup-pick-service","$v":"Для отправки и получения почты вам необходимо настроить учётную запись."},{"$i":"setup-account-header3","$v":"Учётная запись"},{"$i":"setup-account-enter-password","$v":"Введите пароль для:"},{"$i":"setup-info-name","placeholder":"Ваше имя"},{"$i":"setup-info-email","placeholder":"someone@example.ru"},{"$i":"setup-info-password","placeholder":"Пароль"},{"$i":"setup-info-next","$v":"Далее"},{"$i":"setup-progress-wait-msg","$v":"Настройка уч. записи"},{"$i":"setup-completed-header","$v":"Настройка уч. записи"},{"$i":"setup-completed-label","$v":"Всё готово!"},{"$i":"setup-add-another-account","$v":"Добавить другую учётную запись"},{"$i":"setup-show-mail","$v":"Перейти в Почту"},{"$i":"setup-error-offline","$v":"Это устройство сейчас не подключено к сети. Подключитесь к сети и попробуйте снова."},{"$i":"setup-error-bad-user-or-pass2","$v":"Неверное имя пользователя или пароль. Проверьте, нет ли опечаток."},{"$i":"setup-error-bad-address","$v":"Некорректный адрес эл. почты. Проверьте на опечатки."},{"$i":"setup-error-not-authorized","$v":"Сервер сообщил, что вам не разрешено создавать учётную запись"},{"$i":"setup-error-pop-server-not-great","$v":"Сервер не поддерживается. Сервер POP3 не поддерживает необходимые функции."},{"$i":"setup-error-unknown2","$v":"Произошла неизвестная ошибка. Проверьте подключение к сети или попробуйте настроить вручную."},{"$i":"setup-error-needs-app-pass","$v":"Вы должны использовать пароль, специфичный для приложения, для учётных записей Gmail использующих двухэтапную аутентификацию"},{"$i":"setup-error-imap-disabled","$v":"Вы должны включить IMAP для вашей учётной записи Gmail"},{"$i":"setup-error-pop3-disabled","$v":"Вы должны включить POP3 для вашей учётной записи Gmail"},{"$i":"setup-error-bad-security","$v":["Не удалось установить защищённое соединение с \"",{"t":"idOrVar","v":"server"},"\". Возможно, возникла проблема с вашей сетью или с сервером."]},{"$i":"setup-error-unresponsive-server","$v":["Не удалось установить соединение с \"",{"t":"idOrVar","v":"server"},"\". Возможно, возникла проблема с сетью."]},{"$i":"setup-error-server-problem","$v":["Возникла проблема с сервером \"",{"t":"idOrVar","v":"server"},"\". Повторите попытку позже."]},{"$i":"setup-error-no-config-info","$v":"Не удалось автоматически настроить вашу учётную запись. Исправьте ваш адрес эл. почты или попробуйте настроить вручную."},{"$i":"setup-error-server-maintenance","$v":["Сервер \"",{"t":"idOrVar","v":"server"},"\" отключён для проведения технического обслуживания. Повторите попытку позже."]},{"$i":"setup-error-account-already-exists","$v":"Эта учетная запись уже настроена."},{"$i":"setup-manual-config2","$v":"Вручную"},{"$i":"setup-manual-config-header","$v":"Вручную"},{"$i":"setup-manual-account-type","$v":"Тип учётной записи"},{"$i":"setup-manual-account-type-select","ariaLabel":"Тип учётной записи"},{"$i":"setup-manual-imap-header","$v":"Параметры IMAP"},{"$i":"setup-manual-pop3-header","$v":"Параметры POP3"},{"$i":"setup-manual-smtp-header","$v":"Параметры SMTP"},{"$i":"setup-manual-activesync-header","$v":"Параметры ActiveSync"},{"$i":"setup-manual-next","$v":"Далее"},{"$i":"setup-manual-socket","$v":"Защита соединения"},{"$i":"setup-manual-socket-ssl","$v":"SSL"},{"$i":"setup-manual-socket-starttls","$v":"STARTTLS"},{"$i":"setup-manual-socket-select","ariaLabel":"Защита соединения"},{"$i":"setup-manual-socket-plain","$v":"Незашифровано (незащищено)"},{"$i":"setup-manual-hostname","placeholder":"Имя сервера"},{"$i":"setup-manual-port","placeholder":"Номер порта"},{"$i":"setup-manual-username","placeholder":"Имя пользователя"},{"$i":"setup-manual-activesync-username","placeholder":"Домен\\Имя пользователя"},{"$i":"setup-bad-password-header","$v":"Неверный пароль!"},{"$i":"setup-bad-password","$v":"Не удалось войти на сервер. Может быть, вы ввели неверный пароль?"},{"$i":"setup-new-password","placeholder":"Новый пароль"},{"$i":"setup-fix-password","$v":"Попробуйте с новым паролем"},{"$i":"setup-gmail-twofactor-header","$v":"Включена двухэтапная аутентификация"},{"$i":"setup-gmail-twofactor-message","$v":"Вам нужно ввести ниже пароль, специфичный для приложения."},{"$i":"setup-gmail-twofactor-fix","$v":"Используйте пароль приложения"},{"$i":"setup-gmail-imap-header","$v":"IMAP отключён"},{"$i":"setup-gmail-imap-message","$v":"Вы должны включить IMAP в вашей учётной записи Gmail"},{"$i":"setup-gmail-imap-retry","$v":"Повторить"},{"$i":"setup-gmail-pop3-header","$v":"POP3 отключён"},{"$i":"setup-gmail-pop3-message","$v":"Вы должны включить POP3 для вашей учётной записи Gmail"},{"$i":"setup-gmail-pop3-retry","$v":"Повторить"},{"$i":"setup-fix-oauth2-header","$v":"Повтор авторизации эл. почты"},{"$i":"setup-fix-oauth2-description","$v":"Для доступа к следующей учётной записи эл. почты требуется повторная авторизация:"},{"$i":"setup-fix-oauth2-reauthorize","$v":"Повтор авторизации"},{"$i":"settings-main-header","$v":"Параметры"},{"$i":"settings-sub-header-account","$v":"Уч. запись"},{"$i":"settings-account-group","ariaLabel":"Учётная запись"},{"$i":"settings-account-name","$v":"Ваше имя"},{"$i":"settings-account-display-notifications","$v":"Отображать уведомления для новых сообщений"},{"$i":"settings-account-play-sound-onsend","$v":"Проигрывать звук после отправки сообщения"},{"$i":"settings-empty-signature-label","$v":"Нажмите для изменения"},{"$i":"settings-account-signature-label","$v":"Подпись"},{"$i":"settings-account-signature-textbox","ariaLabel":"Подпись"},{"$i":"signature-save","$v":"Сохранить подпись"},{"$i":"signature-discard-confirm","$v":"Отбросить"},{"$i":"settings-sub-header-data","$v":"Данные"},{"$i":"settings-data-group","ariaLabel":"Данные"},{"$i":"settings-account-check-mail","$v":"Проверка новых сообщений"},{"$i":"settings-account-check-mail-select","ariaLabel":"Проверка новых сообщений"},{"$i":"settings-sub-header-server","$v":"Параметры сервера"},{"$i":"settings-server-group","ariaLabel":"Параметры сервера"},{"$i":"settings-account-userpass","$v":"Имя пользователя и пароль"},{"$i":"settings-account-useroauth2","$v":"Имя пользователя"},{"$i":"settings-default-signature-2","$v":"Отправлено с помощью Firefox OS"},{"$i":"settings-done","$v":"Готово"},{"$i":"settings-account-section","$v":"Учётные записи"},{"$i":"settings-account-listbox","ariaLabel":"Учётные записи"},{"$i":"settings-account-add","$v":"Добавить учётную запись"},{"$i":"settings-account-delete","$v":"Удалить учётную запись"},{"$i":"settings-account-delete-prompt","$v":["Вы уверены, что хотите удалить вашу учётную запись эл. почты ",{"t":"idOrVar","v":"account"},"? Если вы снова создадите эту учётную запись, вам придётся повторно загрузить вашу почту."]},{"$i":"settings-account-delete-cancel","$v":"Отмена"},{"$i":"settings-account-delete-confirm","$v":"Удалить"},{"$i":"settings-account-clarify-imap","$v":[{"t":"idOrVar","v":"account-name"}," (IMAP)"]},{"$i":"settings-account-clarify-pop3","$v":[{"t":"idOrVar","v":"account-name"}," (POP3)"]},{"$i":"settings-account-clarify-smtp","$v":[{"t":"idOrVar","v":"account-name"}," (SMTP)"]},{"$i":"settings-general-section","$v":"Основные параметры"},{"$i":"settings-show-images","$v":"Всегда показывать изображения"},{"$i":"settings-download-attachments","$v":"Загружать вложения"},{"$i":"settings-check-every-5min","$v":"Каждые 5 минут"},{"$i":"settings-check-every-10min","$v":"Каждые 10 минут"},{"$i":"settings-check-every-15min","$v":"Каждые 15 минут"},{"$i":"settings-check-every-30min","$v":"Каждые 30 минут"},{"$i":"settings-check-every-60min","$v":"Каждый час"},{"$i":"settings-check-every-manual","$v":"Вручную"},{"$i":"settings-check-dynamic","$v":{"zero":"отключено","one":[{"t":"idOrVar","v":"n"}," секунда"],"two":[{"t":"idOrVar","v":"n"}," секунды"],"few":[{"t":"idOrVar","v":"n"}," секунды"],"many":[{"t":"idOrVar","v":"n"}," секунд"],"other":[{"t":"idOrVar","v":"n"}," секунд"]},"$x":[{"t":"idOrVar","v":"plural"},"n"]},{"$i":"settings-default-account","$v":"Уч. запись по умолчанию"},{"$i":"settings-account-type","$v":"Тип учётной записи"},{"$i":"settings-account-credentials","$v":"Учётные данные"},{"$i":"settings-activesync-label","$v":"Параметры ActiveSync"},{"$i":"settings-imap-label","$v":"Параметры IMAP"},{"$i":"settings-pop3-label","$v":"Параметры POP3"},{"$i":"settings-smtp-label","$v":"Параметры SMTP"},{"$i":"settings-hostname","$v":"Имя сервера:"},{"$i":"settings-port","$v":"Порт"},{"$i":"settings-username","$v":"Имя пользователя"},{"$i":"settings-password","$v":"Пароль"},{"$i":"settings-save","$v":"Сохранить"},{"$i":"settings-password-empty","$v":"Пароль не должен быть пустым"},{"$i":"settings-reauth","$v":"Повтор авторизации"},{"$i":"settings-account-synchronize-window","$v":"Синхронизировать почту"},{"$i":"settings-account-synchronize-window-select","ariaLabel":"Синхронизировать почту"},{"$i":"settings-synchronize-auto","$v":"Автоматически"},{"$i":"settings-synchronize-one-day","$v":"за 1 день"},{"$i":"settings-synchronize-three-days","$v":"за 3 дня"},{"$i":"settings-synchronize-one-week","$v":"за 1 неделю"},{"$i":"settings-synchronize-two-weeks","$v":"за 2 недели"},{"$i":"settings-synchronize-one-month","$v":"за 1 месяц"},{"$i":"settings-synchronize-all","$v":"Все сообщения"},{"$i":"envelope-from","$v":"От"},{"$i":"envelope-to","$v":"Кому"},{"$i":"envelope-cc","$v":"Копия"},{"$i":"envelope-bcc","$v":"Скрытая копия"},{"$i":"message-header-state-sending","ariaLabel":"Отправка"},{"$i":"message-header-state-error","ariaLabel":"Ошибка отправки"},{"$i":"message-header-unread","ariaLabel":"Непрочитанные"},{"$i":"message-header-starred","ariaLabel":"Со звёздочкой"},{"$i":"message-header-attachments","ariaLabel":"С вложениями"},{"$i":"message-body-container","ariaLabel":"Тело сообщения"},{"$i":"message-body-container-progress","ariaValueText":"Загрузка"},{"$i":"subject","ariaLabel":"Тема"},{"$i":"message-delete-button","ariaLabel":"Удалить"},{"$i":"message-star-button","ariaLabel":"Отметить звёздочкой"},{"$i":"message-unstar-button","ariaLabel":"Удалить звёздочку"},{"$i":"message-mark-read-button","ariaLabel":"Отметить как прочтённое"},{"$i":"message-mark-unread-button","ariaLabel":"Отметить как непрочтённое"},{"$i":"message-move-button","ariaLabel":"Переместить"},{"$i":"message-reply-forward-button","ariaLabel":"Ответить или переслать"},{"$i":"download-button","ariaLabel":"Загрузить"},{"$i":"downloading-progress","ariaValueText":"Загрузка"},{"$i":"view-button","ariaLabel":"Вид"},{"$i":"attachments-container","ariaLabel":"Вложения"},{"$i":"from-group","ariaLabel":"От"},{"$i":"to-group","ariaLabel":"Кому"},{"$i":"cc-group","ariaLabel":"Копия"},{"$i":"bcc-group","ariaLabel":"Скрытая копия"},{"$i":"compose-header","$v":"Составить сообщение"},{"$i":"compose-header-short","$v":"Составить"},{"$i":"compose-send","$v":"Послать"},{"$i":"compose-send-button","ariaLabel":"Отправить"},{"$i":"compose-to","$v":"Кому"},{"$i":"compose-cc","$v":"Копия"},{"$i":"compose-bcc","$v":"Скрытая копия"},{"$i":"compose-contact-add","ariaLabel":"Добавить контакт"},{"$i":"compose-attachments-container","ariaLabel":{"$x":[{"t":"idOrVar","v":"plural"},"kilobytes"],"$v":{"zero":"Вложения","one":["Вложения: ",{"t":"idOrVar","v":"kilobytes"},"K"],"two":["Вложения: ",{"t":"idOrVar","v":"kilobytes"},"K"],"few":["Вложения: ",{"t":"idOrVar","v":"kilobytes"},"K"],"many":["Вложения: ",{"t":"idOrVar","v":"kilobytes"},"K"],"other":["Вложения: ",{"t":"idOrVar","v":"kilobytes"},"K"]}}},{"$i":"compose-attachment-remove","ariaLabel":"Удалить"},{"$i":"compose-attachment-button","ariaLabel":"Вложить"},{"$i":"compose-attachments","$v":{"zero":"Вложения","one":[{"t":"idOrVar","v":"n"}," вложение"],"two":[{"t":"idOrVar","v":"n"}," вложения"],"few":[{"t":"idOrVar","v":"n"}," вложения"],"many":[{"t":"idOrVar","v":"n"}," вложений"],"other":[{"t":"idOrVar","v":"n"}," вложений"]},"$x":[{"t":"idOrVar","v":"plural"},"n"]},{"$i":"compose-text","ariaLabel":"Правка"},{"$i":"compose-attachment-still-working","$v":"Один момент, всё ещё работаю над предыдущим вложением…"},{"$i":"compose-subject","$v":"Тема"},{"$i":"compose-draft-save","$v":"Сохранить в Локальные Черновики"},{"$i":"compose-discard-confirm","$v":"Выбросить черновик"},{"$i":"compose-send-message-failed","$v":"Отправка почты не удалась"},{"$i":"composer-attachment-large","$v":"Слишком большое вложение"},{"$i":"composer-attachments-large","$v":"Слишком большие вложения"},{"$i":"compose-attchment-size-exceeded","$v":"Выбранное вложение слишком велико для отправки с этим сообщением."},{"$i":"compose-attchments-size-exceeded","$v":"Выбранные вложения слишком велики для отправки с этим сообщением. Попробуйте выбрать меньше файлов."},{"$i":"dialog-button-ok","$v":"OK"},{"$i":"default-attachment-filename","$v":["вложение",{"t":"idOrVar","v":"n"}]},{"$i":"attachment-size-kib","$v":[{"t":"idOrVar","v":"kilobytes"},"K"]},{"$i":"message-attachment-view","$v":"Просмотр"},{"$i":"message-attachment-did-not-open-label","$v":"Unable to open"},{"$i":"message-attachment-did-not-open-body","$v":"The device does not have an app that can open the attachment."},{"$i":"message-attachment-too-large","$v":"Этот файл слишком велик для загрузки."},{"$i":"message-no-subject","$v":"(без темы)"},{"$i":"message-edit-menu-edit","$v":"Правка"},{"$i":"message-edit-menu-delete","$v":"Удалить"},{"$i":"message-edit-delete-confirm","$v":"Удалить сообщение эл. почты?"},{"$i":"message-send-attachment-disabled-confirm","$v":"Вложения не могут быть пересланы."},{"$i":"message-multiedit-header","$v":{"zero":"Изменить","one":[{"t":"idOrVar","v":"n"}," выделен"],"two":[{"t":"idOrVar","v":"n"}," выделено"],"few":[{"t":"idOrVar","v":"n"}," выделено"],"many":[{"t":"idOrVar","v":"n"}," выделено"],"other":[{"t":"idOrVar","v":"n"}," выделено"]},"$x":[{"t":"idOrVar","v":"plural"},"n"]},{"$i":"browse-to-url-prompt","$v":["Перейти к URL?: ",{"t":"idOrVar","v":"url"}]},{"$i":"message-download-images-tap","$v":{"one":["Это письмо содержит ",{"t":"idOrVar","v":"n"}," изображение. Нажмите для загрузки."],"two":["Это письмо содержит ",{"t":"idOrVar","v":"n"}," изображения. Нажмите для загрузки."],"few":["Это письмо содержит ",{"t":"idOrVar","v":"n"}," изображения. Нажмите для загрузки."],"many":["Это письмо содержит ",{"t":"idOrVar","v":"n"}," изображений. Нажмите для загрузки."],"other":["Это письмо содержит ",{"t":"idOrVar","v":"n"}," изображений. Нажмите для загрузки."]},"$x":[{"t":"idOrVar","v":"plural"},"n"]},{"$i":"message-show-external-images","$v":"Показать внешние изображения"},{"$i":"message-multiedit-cancel","$v":"Отмена"},{"$i":"message-multiedit-delete-confirm","$v":{"one":["Удалить ",{"t":"idOrVar","v":"n"}," сообщение эл. почты?"],"two":["Удалить ",{"t":"idOrVar","v":"n"}," сообщения эл. почты?"],"few":["Удалить ",{"t":"idOrVar","v":"n"}," сообщения эл. почты?"],"many":["Удалить ",{"t":"idOrVar","v":"n"}," сообщений эл. почты?"],"other":["Удалить ",{"t":"idOrVar","v":"n"}," сообщений эл. почты?"]},"$x":[{"t":"idOrVar","v":"plural"},"n"]},{"$i":"message-large-message-cancel","$v":"Отмена"},{"$i":"message-large-message-ok","$v":"Продолжить"},{"$i":"message-large-message-confirm","$v":"Это сообщение довольно большое и его загрузка может занять некоторое время."},{"$i":"message-search-from","$v":"От"},{"$i":"message-search-to","$v":"Кому"},{"$i":"message-search-subject","$v":"Тема"},{"$i":"message-search-body","$v":"Тело"},{"$i":"message-search-all","$v":"Всё"},{"$i":"message-search-input","placeholder":"Поиск в почте"},{"$i":"message-search-cancel","$v":"Отмена"},{"$i":"messages-syncing","$v":"Загрузка сообщений"},{"$i":"messages-load-more","$v":"Загрузить ещё сообщения"},{"$i":"messages-folder-empty","$v":"В папке нет почты"},{"$i":"messages-search-empty","$v":"Нет совпадений в локально закэшированных сообщениях"},{"$i":"messages-folder-select","$v":"Выбрать папку"},{"$i":"messages-folder-unread-max","$v":"999+"},{"$i":"message-contact-menu-create","$v":"Сохранить новый контакт"},{"$i":"message-contact-menu-add-existing","$v":"Добавить в имеющийся контакт"},{"$i":"message-contact-menu-view","$v":"Просмотр контакта"},{"$i":"message-contact-menu-reply","$v":"Ответить"},{"$i":"message-contact-menu-new","$v":"Послать новое сообщение"},{"$i":"message-reply-menu-reply","$v":"Ответить"},{"$i":"message-reply-menu-reply-all","$v":"Ответить всем"},{"$i":"message-reply-menu-forward","$v":"Переслать"},{"$i":"message-reply-menu-cancel","$v":"Отмена"},{"$i":"reply-quoting-wrote","$v":"{name} написал"},{"$i":"forward-original-message","$v":"Исходное сообщение"},{"$i":"forward-header-subject","$v":"Тема"},{"$i":"forward-header-date","$v":"Дата"},{"$i":"forward-header-from","$v":"От"},{"$i":"forward-header-reply-to","$v":"Обратный адрес"},{"$i":"forward-header-to","$v":"Кому"},{"$i":"forward-header-cc","$v":"Копия"},{"$i":"folder-inbox","$v":"Входящие"},{"$i":"folder-sent","$v":"Отправленные"},{"$i":"folder-drafts","$v":"Черновики"},{"$i":"folder-trash","$v":"Удалённые"},{"$i":"folder-queue","$v":"Неотправленные"},{"$i":"folder-junk","$v":"Спам"},{"$i":"folder-archives","$v":"Архивы"},{"$i":"folder-localdrafts","$v":"Локальные Черновики"},{"$i":"folder-outbox","$v":"Исходящие"},{"$i":"drawer-back","$v":"Назад"},{"$i":"drawer-accounts-header","$v":"Учётные записи"},{"$i":"drawer-settings-link","$v":"Параметры"},{"$i":"folder-last-synced-label","$v":"Посл. синхронизация:"},{"$i":"messages-refresh-button","ariaLabel":"Обновить"},{"$i":"messages-refresh-progress","ariaValueText":"Обновление"},{"$i":"edit-button","ariaLabel":"Правка"},{"$i":"message-list-top-action","$v":"Сверху"},{"$i":"message-list-menu","ariaLabel":"Папки и параметры"},{"$i":"message-list-compose","ariaLabel":"Compose"},{"$i":"toaster-undo","$v":"Отменить"},{"$i":"toaster-message-star","$v":{"one":["Установлены флаги для ",{"t":"idOrVar","v":"n"}," сообщения"],"two":["Установлены флаги для ",{"t":"idOrVar","v":"n"}," сообщений"],"few":["Установлены флаги для ",{"t":"idOrVar","v":"n"}," сообщений"],"many":["Установлены флаги для ",{"t":"idOrVar","v":"n"}," сообщений"],"other":["Установлены флаги для ",{"t":"idOrVar","v":"n"}," сообщений"]},"$x":[{"t":"idOrVar","v":"plural"},"n"]},{"$i":"toaster-message-unstar","$v":{"one":["Удалены флаги для ",{"t":"idOrVar","v":"n"}," сообщения"],"two":["Удалены флаги для ",{"t":"idOrVar","v":"n"}," сообщений"],"few":["Удалены флаги для ",{"t":"idOrVar","v":"n"}," сообщений"],"many":["Удалены флаги для ",{"t":"idOrVar","v":"n"}," сообщений"],"other":["Удалены флаги для ",{"t":"idOrVar","v":"n"}," сообщений"]},"$x":[{"t":"idOrVar","v":"plural"},"n"]},{"$i":"toaster-message-read","$v":{"one":[{"t":"idOrVar","v":"n"}," сообщение отмечено как прочитанное"],"two":[{"t":"idOrVar","v":"n"}," сообщения отмечено как прочитанные"],"few":[{"t":"idOrVar","v":"n"}," сообщения отмечено как прочитанные"],"many":[{"t":"idOrVar","v":"n"}," сообщений отмечены как прочитанные"],"other":[{"t":"idOrVar","v":"n"}," сообщений отмечены как прочитанные"]},"$x":[{"t":"idOrVar","v":"plural"},"n"]},{"$i":"toaster-message-unread","$v":{"one":[{"t":"idOrVar","v":"n"}," сообщение отмечено как непрочитанное"],"two":[{"t":"idOrVar","v":"n"}," сообщения отмечено как непрочитанные"],"few":[{"t":"idOrVar","v":"n"}," сообщения отмечено как непрочитанные"],"many":[{"t":"idOrVar","v":"n"}," сообщений отмечены как непрочитанные"],"other":[{"t":"idOrVar","v":"n"}," сообщений отмечены как непрочитанные"]},"$x":[{"t":"idOrVar","v":"plural"},"n"]},{"$i":"toaster-message-move","$v":{"one":[{"t":"idOrVar","v":"n"}," сообщение перемещено"],"two":[{"t":"idOrVar","v":"n"}," сообщения перемещено"],"few":[{"t":"idOrVar","v":"n"}," сообщения перемещено"],"many":[{"t":"idOrVar","v":"n"}," сообщений перемещены"],"other":[{"t":"idOrVar","v":"n"}," сообщений перемещены"]},"$x":[{"t":"idOrVar","v":"plural"},"n"]},{"$i":"toaster-message-delete","$v":{"one":[{"t":"idOrVar","v":"n"}," сообщение удалено"],"two":[{"t":"idOrVar","v":"n"}," сообщения удалено"],"few":[{"t":"idOrVar","v":"n"}," сообщения удалено"],"many":[{"t":"idOrVar","v":"n"}," сообщений удалены"],"other":[{"t":"idOrVar","v":"n"}," сообщений удалены"]},"$x":[{"t":"idOrVar","v":"plural"},"n"]},{"$i":"toaster-retryable-syncfailed","$v":"Не удалось соединиться с сервером"},{"$i":"compose-invalid-addresses-title","$v":"Недопустимые адреса"},{"$i":"compose-invalid-addresses-description","$v":"Ваше сообщение содержит один или несколько недопустимых адресов электронной почты. Пожалуйста, исправьте их перед отправкой."},{"$i":"background-send-pending","$v":"Сеть недоступна. Сообщение сохранено в исходящие."},{"$i":"background-send-sending","$v":"Отправка почты…"},{"$i":"background-send-success","$v":"Сообщение отправлено."},{"$i":"background-send-error","$v":"Произошла ошибка. Сообщение сохранено в исходящие."},{"$i":"background-send-error-recipients","$v":"Ошибка получателя. Сообщение сохранено в исходящие."},{"$i":"background-send-error-title","$v":"Не удалось отправить почту"},{"$i":"send-failure-recipients","$v":"Проверьте правильность написания указанных выше адресов. Почтовый сервер указал, что один или более из адресов выше некорректны."},{"$i":"send-failure-unknown","$v":"Не удалось отправить сообщение."},{"$i":"form-clear-input","$v":"Удалить текст"},{"$i":"confirm-dialog-title","$v":"Подтверждение"},{"$i":"senders-separation-sign","$v":", "},{"$i":"new-messages","$v":{"one":[{"t":"idOrVar","v":"n"}," новое сообщение"],"two":[{"t":"idOrVar","v":"n"}," новых сообщения"],"few":[{"t":"idOrVar","v":"n"}," новых сообщения"],"many":[{"t":"idOrVar","v":"n"}," новых сообщений"],"other":[{"t":"idOrVar","v":"n"}," новых сообщений"]},"$x":[{"t":"idOrVar","v":"plural"},"n"]},{"$i":"notification-no-subject","$v":"(no subject)"},{"$i":"new-emails-notify-one-account","$v":{"one":[{"t":"idOrVar","v":"n"}," новое письмо"],"two":[{"t":"idOrVar","v":"n"}," новых письма"],"few":[{"t":"idOrVar","v":"n"}," новых письма"],"many":[{"t":"idOrVar","v":"n"}," новых писем"],"other":[{"t":"idOrVar","v":"n"}," новых писем"]},"$x":[{"t":"idOrVar","v":"plural"},"n"]},{"$i":"new-emails-notify-multiple-accounts","$v":{"one":[{"t":"idOrVar","v":"n"}," новое письмо (",{"t":"idOrVar","v":"accountName"},")"],"two":[{"t":"idOrVar","v":"n"}," новых письма (",{"t":"idOrVar","v":"accountName"},")"],"few":[{"t":"idOrVar","v":"n"}," новых письма (",{"t":"idOrVar","v":"accountName"},")"],"many":[{"t":"idOrVar","v":"n"}," новых писем (",{"t":"idOrVar","v":"accountName"},")"],"other":[{"t":"idOrVar","v":"n"}," новых писем (",{"t":"idOrVar","v":"accountName"},")"]},"$x":[{"t":"idOrVar","v":"plural"},"n"]},{"$i":"new-emails-notify-multiple-accounts-body","$v":[{"t":"idOrVar","v":"from"}," “",{"t":"idOrVar","v":"subject"},"”"]},{"$i":"tng-plain-socket-warning-title","$v":"Вы уверены?"},{"$i":"tng-plain-socket-warning-message","$v":"Посторонние люди смогут увидеть ваши пароли и электронную почту, или управлять вашей учётной записью."},{"$i":"tng-plain-socket-warning-message-options","$v":"Есть множество бесплатных провайдеров услуг электронной почты, которые предлагают более безопасные, зашифрованные соединения."},{"$i":"tng-plain-socket-learn-more","$v":"Подробнее"},{"$i":"tng-plain-socket-warning-ok","$v":"Я понимаю"},{"$i":"message-reader-next-button","ariaLabel":"Следующее"},{"$i":"message-reader-previous-button","ariaLabel":"Предыдущее"},{"$i":"message-reader-date-received","ariaLabel":"Полученные"},{"$i":"weekday-0-long","$v":"Воскресенье"},{"$i":"weekday-1-long","$v":"Понедельник"},{"$i":"weekday-2-long","$v":"Вторник"},{"$i":"weekday-3-long","$v":"Среда"},{"$i":"weekday-4-long","$v":"Четверг"},{"$i":"weekday-5-long","$v":"Пятница"},{"$i":"weekday-6-long","$v":"Суббота"},{"$i":"weekday-0-short","$v":"Вс"},{"$i":"weekday-1-short","$v":"Пн"},{"$i":"weekday-2-short","$v":"Вт"},{"$i":"weekday-3-short","$v":"Ср"},{"$i":"weekday-4-short","$v":"Чт"},{"$i":"weekday-5-short","$v":"Пт"},{"$i":"weekday-6-short","$v":"Сб"},{"$i":"month-0-long","$v":"Январь"},{"$i":"month-1-long","$v":"Февраль"},{"$i":"month-2-long","$v":"Март"},{"$i":"month-3-long","$v":"Апрель"},{"$i":"month-4-long","$v":"Май"},{"$i":"month-5-long","$v":"Июнь"},{"$i":"month-6-long","$v":"Июль"},{"$i":"month-7-long","$v":"Август"},{"$i":"month-8-long","$v":"Сентябрь"},{"$i":"month-9-long","$v":"Октябрь"},{"$i":"month-10-long","$v":"Ноябрь"},{"$i":"month-11-long","$v":"Декабрь"},{"$i":"month-0-genitive","$v":"января"},{"$i":"month-1-genitive","$v":"февраля"},{"$i":"month-2-genitive","$v":"марта"},{"$i":"month-3-genitive","$v":"апреля"},{"$i":"month-4-genitive","$v":"мая"},{"$i":"month-5-genitive","$v":"июня"},{"$i":"month-6-genitive","$v":"июля"},{"$i":"month-7-genitive","$v":"августа"},{"$i":"month-8-genitive","$v":"сентября"},{"$i":"month-9-genitive","$v":"октября"},{"$i":"month-10-genitive","$v":"ноября"},{"$i":"month-11-genitive","$v":"декабря"},{"$i":"month-0-short","$v":"Январь"},{"$i":"month-1-short","$v":"Февраль"},{"$i":"month-2-short","$v":"Март"},{"$i":"month-3-short","$v":"Апрель"},{"$i":"month-4-short","$v":"Май"},{"$i":"month-5-short","$v":"Июнь"},{"$i":"month-6-short","$v":"Июль"},{"$i":"month-7-short","$v":"Август"},{"$i":"month-8-short","$v":"Сентябрь"},{"$i":"month-9-short","$v":"Октябрь"},{"$i":"month-10-short","$v":"Ноябрь"},{"$i":"month-11-short","$v":"Декабрь"},{"$i":"minutes-ago-long","$v":{"zero":"прямо сейчас","one":[{"t":"idOrVar","v":"value"}," минуту назад"],"two":[{"t":"idOrVar","v":"value"}," минуты назад"],"few":[{"t":"idOrVar","v":"value"}," минуты назад"],"many":[{"t":"idOrVar","v":"value"}," минут назад"],"other":[{"t":"idOrVar","v":"value"}," минут назад"]},"$x":[{"t":"idOrVar","v":"plural"},"value"]},{"$i":"hours-ago-long","$v":{"zero":"прямо сейчас","one":[{"t":"idOrVar","v":"value"}," час назад"],"two":[{"t":"idOrVar","v":"value"}," часа назад"],"few":[{"t":"idOrVar","v":"value"}," часа назад"],"many":[{"t":"idOrVar","v":"value"}," часов назад"],"other":[{"t":"idOrVar","v":"value"}," часов назад"]},"$x":[{"t":"idOrVar","v":"plural"},"value"]},{"$i":"days-ago-long","$v":{"zero":"сегодня","one":[{"t":"idOrVar","v":"value"}," день назад"],"two":[{"t":"idOrVar","v":"value"}," дня назад"],"few":[{"t":"idOrVar","v":"value"}," дня назад"],"many":[{"t":"idOrVar","v":"value"}," дней назад"],"other":[{"t":"idOrVar","v":"value"}," дней назад"]},"$x":[{"t":"idOrVar","v":"plural"},"value"]},{"$i":"weeks-ago-long","$v":{"zero":"эта неделя","one":[{"t":"idOrVar","v":"value"}," неделя назад"],"two":[{"t":"idOrVar","v":"value"}," недели назад"],"few":[{"t":"idOrVar","v":"value"}," недели назад"],"many":[{"t":"idOrVar","v":"value"}," недель назад"],"other":[{"t":"idOrVar","v":"value"}," недель назад"]},"$x":[{"t":"idOrVar","v":"plural"},"value"]},{"$i":"months-ago-long","$v":{"zero":"этот месяц","one":[{"t":"idOrVar","v":"value"}," месяц назад"],"two":[{"t":"idOrVar","v":"value"}," месяца назад"],"few":[{"t":"idOrVar","v":"value"}," месяца назад"],"many":[{"t":"idOrVar","v":"value"}," месяцев назад"],"other":[{"t":"idOrVar","v":"value"}," месяцев назад"]},"$x":[{"t":"idOrVar","v":"plural"},"value"]},{"$i":"years-ago-long","$v":{"zero":"этот год","one":[{"t":"idOrVar","v":"value"}," год назад"],"two":[{"t":"idOrVar","v":"value"}," года назад"],"few":[{"t":"idOrVar","v":"value"}," года назад"],"many":[{"t":"idOrVar","v":"value"}," лет назад"],"other":[{"t":"idOrVar","v":"value"}," лет назад"]},"$x":[{"t":"idOrVar","v":"plural"},"value"]},{"$i":"minutes-until-long","$v":{"zero":"сейчас","one":["через ",{"t":"idOrVar","v":"value"}," минуту"],"two":["через ",{"t":"idOrVar","v":"value"}," минуты"],"few":["через ",{"t":"idOrVar","v":"value"}," минуты"],"many":["через ",{"t":"idOrVar","v":"value"}," минут"],"other":["через ",{"t":"idOrVar","v":"value"}," минут"]},"$x":[{"t":"idOrVar","v":"plural"},"value"]},{"$i":"hours-until-long","$v":{"zero":"сейчас","one":["через ",{"t":"idOrVar","v":"value"}," час"],"two":["через ",{"t":"idOrVar","v":"value"}," часа"],"few":["через ",{"t":"idOrVar","v":"value"}," часа"],"many":["через ",{"t":"idOrVar","v":"value"}," часов"],"other":["через ",{"t":"idOrVar","v":"value"}," часов"]},"$x":[{"t":"idOrVar","v":"plural"},"value"]},{"$i":"days-until-long","$v":{"zero":"сегодня","one":["через ",{"t":"idOrVar","v":"value"}," день"],"two":["через ",{"t":"idOrVar","v":"value"}," дня"],"few":["через ",{"t":"idOrVar","v":"value"}," дня"],"many":["через ",{"t":"idOrVar","v":"value"}," дней"],"other":["через ",{"t":"idOrVar","v":"value"}," дней"]},"$x":[{"t":"idOrVar","v":"plural"},"value"]},{"$i":"weeks-until-long","$v":{"zero":"эта неделя","one":["через ",{"t":"idOrVar","v":"value"}," неделю"],"two":["через ",{"t":"idOrVar","v":"value"}," недели"],"few":["через ",{"t":"idOrVar","v":"value"}," недели"],"many":["через ",{"t":"idOrVar","v":"value"}," недель"],"other":["через ",{"t":"idOrVar","v":"value"}," недель"]},"$x":[{"t":"idOrVar","v":"plural"},"value"]},{"$i":"months-until-long","$v":{"zero":"этот месяц","one":["через ",{"t":"idOrVar","v":"value"}," месяц"],"two":["через ",{"t":"idOrVar","v":"value"}," месяца"],"few":["через ",{"t":"idOrVar","v":"value"}," месяца"],"many":["через ",{"t":"idOrVar","v":"value"}," месяцев"],"other":["через ",{"t":"idOrVar","v":"value"}," месяцев"]},"$x":[{"t":"idOrVar","v":"plural"},"value"]},{"$i":"years-until-long","$v":{"zero":"этот год","one":["через ",{"t":"idOrVar","v":"value"}," год"],"two":["через ",{"t":"idOrVar","v":"value"}," года"],"few":["через ",{"t":"idOrVar","v":"value"}," года"],"many":["через ",{"t":"idOrVar","v":"value"}," лет"],"other":["через ",{"t":"idOrVar","v":"value"}," лет"]},"$x":[{"t":"idOrVar","v":"plural"},"value"]},{"$i":"minutes-ago-short","$v":{"zero":"сейчас","other":[{"t":"idOrVar","v":"value"},"м назад"]},"$x":[{"t":"idOrVar","v":"plural"},"value"]},{"$i":"hours-ago-short","$v":{"zero":"сейчас","other":[{"t":"idOrVar","v":"value"},"ч назад"]},"$x":[{"t":"idOrVar","v":"plural"},"value"]},{"$i":"days-ago-short","$v":{"zero":"сегодня","other":[{"t":"idOrVar","v":"value"},"д назад"]},"$x":[{"t":"idOrVar","v":"plural"},"value"]},{"$i":"minutes-until-short","$v":{"zero":"сейчас","other":["через ",{"t":"idOrVar","v":"value"},"м"]},"$x":[{"t":"idOrVar","v":"plural"},"value"]},{"$i":"hours-until-short","$v":{"zero":"сейчас","other":["через ",{"t":"idOrVar","v":"value"},"ч"]},"$x":[{"t":"idOrVar","v":"plural"},"value"]},{"$i":"days-until-short","$v":{"zero":"сегодня","other":["через ",{"t":"idOrVar","v":"value"},"д"]},"$x":[{"t":"idOrVar","v":"plural"},"value"]},{"$i":"incorrectDate","$v":"(некорректная дата)"},{"$i":"dateTimeFormat_%c","$v":"%a, %e %Eb %Y, %H:%M:%S"},{"$i":"dateTimeFormat_%x","$v":"%d.%m.%Y"},{"$i":"dateTimeFormat_%X","$v":"%H:%M:%S"},{"$i":"shortTimeFormat","$v":"%H:%M"},{"$i":"shortTimeFormat12","$v":"%I:%M %p"},{"$i":"shortTimeFormat24","$v":"%H:%M"},{"$i":"shortDateTimeFormat","$v":"%x %H:%M"},{"$i":"weekStartsOnMonday","$v":"1"},{"$i":"firstDayOfTheWeek","$v":"1"},{"$i":"time_am","$v":"AM"},{"$i":"time_pm","$v":"PM"}]