[{"$i":"back-button","ariaLabel":"Naspäť"},{"$i":"close-button","ariaLabel":"Zavrieť"},{"$i":"setup-app-name-header","$v":"Pošta"},{"$i":"setup-empty-account-message","$v":"You are not set up to send or receive email. Set up an account to complete the action."},{"$i":"setup-pick-service","$v":"Ak chcete odosielať a prijímať správy, musíte mať nastavený svoj účet."},{"$i":"setup-account-header3","$v":"Nový účet"},{"$i":"setup-account-enter-password","$v":"Zadajte heslo pre:"},{"$i":"setup-info-name","placeholder":"Vaše meno"},{"$i":"setup-info-email","placeholder":"priklad@priklad.sk"},{"$i":"setup-info-password","placeholder":"Heslo"},{"$i":"setup-info-next","$v":"Ďalej"},{"$i":"setup-progress-wait-msg","$v":"Účet sa nastavuje"},{"$i":"setup-completed-header","$v":"Poštový účet"},{"$i":"setup-completed-label","$v":"Hotovo"},{"$i":"setup-add-another-account","$v":"Pridať ďalší účet"},{"$i":"setup-show-mail","$v":"Prejsť na Poštu"},{"$i":"setup-error-offline","$v":"Zariadenie pracuje v režime offline. Pripojte sa k sieti a skúste to znova."},{"$i":"setup-error-bad-user-or-pass2","$v":"Neplatné používateľské meno alebo heslo. Overte ich platnosť."},{"$i":"setup-error-bad-address","$v":"Neplatná e-mailová adresa. Skontrolujte možné preklepy."},{"$i":"setup-error-not-authorized","$v":"Nemáte dostatočné práva na vytvorenie účtu"},{"$i":"setup-error-pop-server-not-great","$v":"Server nie je podporovaný. Server POP3 nemá implementované požadované funkcie."},{"$i":"setup-error-unknown2","$v":"Vyskytla sa neznáma chyba. Skontrolujte pripojenie k sieti alebo skúste účet nastaviť manuálne."},{"$i":"setup-error-needs-app-pass","$v":"Na prihlásenie pomocou verifikácie v dvoch krokoch na účte služby Gmail musíte zadať heslo aplikácie"},{"$i":"setup-error-imap-disabled","$v":"Na svojom účte služby Gmail musíte povoliť IMAP"},{"$i":"setup-error-pop3-disabled","$v":"Na svojom účte služby Gmail musíte povoliť POP3"},{"$i":"setup-error-bad-security","$v":["Nie je možné vytvoriť zabezpečené spojenie so serverom \"",{"t":"idOrVar","v":"server"},"\". Problém môže byť na strane servera alebo v sieti."]},{"$i":"setup-error-unresponsive-server","$v":["Nie je možné vytvoriť spojenie so serverom \"",{"t":"idOrVar","v":"server"},"\". Skontrolujte pripojenie k sieti."]},{"$i":"setup-error-server-problem","$v":["Pri komunikácii so serverom \"",{"t":"idOrVar","v":"server"},"\" sa vyskytla chyba. Skúste to neskôr."]},{"$i":"setup-error-no-config-info","$v":"Automatické nastavenie účtu zlyhalo. Skontrolujte správnosť zadanej e-mailovej adresy alebo skúste účet nastaviť manuálne."},{"$i":"setup-error-server-maintenance","$v":["Práve prebieha údržba servera \"",{"t":"idOrVar","v":"server"},"\". Skúste to neskôr."]},{"$i":"setup-error-account-already-exists","$v":"Tento účet je už nastavený."},{"$i":"setup-manual-config2","$v":"Manuálne nastavenie"},{"$i":"setup-manual-config-header","$v":"Zadajte údaje"},{"$i":"setup-manual-account-type","$v":"Typ účtu"},{"$i":"setup-manual-account-type-select","ariaLabel":"Typ účtu"},{"$i":"setup-manual-imap-header","$v":"Nastavenia IMAP"},{"$i":"setup-manual-pop3-header","$v":"Nastavenia POP3"},{"$i":"setup-manual-smtp-header","$v":"Nastavenia SMTP"},{"$i":"setup-manual-activesync-header","$v":"Nastavenia ActiveSync"},{"$i":"setup-manual-next","$v":"Ďalej"},{"$i":"setup-manual-socket","$v":"Typ socketu"},{"$i":"setup-manual-socket-ssl","$v":"SSL"},{"$i":"setup-manual-socket-starttls","$v":"STARTTLS"},{"$i":"setup-manual-socket-select","ariaLabel":"Zabezpečenie pripojenia"},{"$i":"setup-manual-socket-plain","$v":"Nezašifrované (nebezpečné)"},{"$i":"setup-manual-hostname","placeholder":"Server"},{"$i":"setup-manual-port","placeholder":"Číslo portu"},{"$i":"setup-manual-username","placeholder":"Používateľské meno"},{"$i":"setup-manual-activesync-username","placeholder":"Doména\\Používateľské meno"},{"$i":"setup-bad-password-header","$v":"Neplatné heslo"},{"$i":"setup-bad-password","$v":"Prihlásenie na server zlyhalo. Použili ste správne heslo?"},{"$i":"setup-new-password","placeholder":"Nové heslo"},{"$i":"setup-fix-password","$v":"Skúsiť znova s novým heslom"},{"$i":"setup-gmail-twofactor-header","$v":"Prihlásenie pomocou verifikácie v dvoch krokoch zapnuté"},{"$i":"setup-gmail-twofactor-message","$v":"Musíte zadať heslo aplikácie."},{"$i":"setup-gmail-twofactor-fix","$v":"Použiť heslo aplikácie"},{"$i":"setup-gmail-imap-header","$v":"IMAP nie je povolený"},{"$i":"setup-gmail-imap-message","$v":"Na svojom účte služby Gmail musíte povoliť IMAP "},{"$i":"setup-gmail-imap-retry","$v":"Znova"},{"$i":"setup-gmail-pop3-header","$v":"POP3 je vypnuté"},{"$i":"setup-gmail-pop3-message","$v":"Na svojom účte služby Gmail musíte povoliť POP3"},{"$i":"setup-gmail-pop3-retry","$v":"Znova"},{"$i":"setup-fix-oauth2-header","$v":"Opätovné overenie e-mailu"},{"$i":"setup-fix-oauth2-description","$v":"Váš e-mail je potrebné opätovne overiť, aby ste mohli pristupovať k nasledovnému účtu:"},{"$i":"setup-fix-oauth2-reauthorize","$v":"Opäť overiť"},{"$i":"settings-main-header","$v":"Nastavenie pošty"},{"$i":"settings-sub-header-account","$v":"Účet"},{"$i":"settings-account-group","ariaLabel":"Účet"},{"$i":"settings-account-name","$v":"Vaše meno"},{"$i":"settings-account-display-notifications","$v":"Zobrazovať upozornenia na nové správy"},{"$i":"settings-account-play-sound-onsend","$v":"Prehrať zvuk po odoslaní správy"},{"$i":"settings-empty-signature-label","$v":"Ťuknutím ho upravíte"},{"$i":"settings-account-signature-label","$v":"Podpis"},{"$i":"settings-account-signature-textbox","ariaLabel":"Podpis"},{"$i":"signature-save","$v":"Uložiť podpis"},{"$i":"signature-discard-confirm","$v":"Zrušiť"},{"$i":"settings-sub-header-data","$v":"Údaje"},{"$i":"settings-data-group","ariaLabel":"Údaje"},{"$i":"settings-account-check-mail","$v":"Vyhľadávať nové správy"},{"$i":"settings-account-check-mail-select","ariaLabel":"Vyhľadávať nové správy"},{"$i":"settings-sub-header-server","$v":"Nastavenia servera"},{"$i":"settings-server-group","ariaLabel":"Nastavenia servera"},{"$i":"settings-account-userpass","$v":"Používateľské meno a heslo"},{"$i":"settings-account-useroauth2","$v":"Používateľské meno"},{"$i":"settings-default-signature-2","$v":"Odoslané z môjho Firefox OS"},{"$i":"settings-done","$v":"Hotovo"},{"$i":"settings-account-section","$v":"Účty"},{"$i":"settings-account-listbox","ariaLabel":"Účty"},{"$i":"settings-account-add","$v":"Pridať účet"},{"$i":"settings-account-delete","$v":"Odstrániť účet"},{"$i":"settings-account-delete-prompt","$v":["Naozaj chcete odstrániť poštový účet ",{"t":"idOrVar","v":"account"},"? Ak následne účet znova vytvoríte, budete musieť opätovne prevziať všetky e-mailové správy."]},{"$i":"settings-account-delete-cancel","$v":"Zrušiť"},{"$i":"settings-account-delete-confirm","$v":"Odstrániť"},{"$i":"settings-account-clarify-imap","$v":[{"t":"idOrVar","v":"account-name"}," (IMAP)"]},{"$i":"settings-account-clarify-pop3","$v":[{"t":"idOrVar","v":"account-name"}," (POP3)"]},{"$i":"settings-account-clarify-smtp","$v":[{"t":"idOrVar","v":"account-name"}," (SMTP)"]},{"$i":"settings-general-section","$v":"Všeobecné nastavenia"},{"$i":"settings-show-images","$v":"Vždy zobrazovať obrázky"},{"$i":"settings-download-attachments","$v":"Prevziať prílohy"},{"$i":"settings-check-every-5min","$v":"každých 5 minút"},{"$i":"settings-check-every-10min","$v":"každých 10 minút"},{"$i":"settings-check-every-15min","$v":"každých 15 minút"},{"$i":"settings-check-every-30min","$v":"každých 30 minút"},{"$i":"settings-check-every-60min","$v":"každú hodinu"},{"$i":"settings-check-every-manual","$v":"manuálne"},{"$i":"settings-check-dynamic","$v":{"zero":"sekúnd","one":[{"t":"idOrVar","v":"n"}," sekundu"],"two":[{"t":"idOrVar","v":"n"}," sekundy"],"few":[{"t":"idOrVar","v":"n"}," sekundy"],"many":[{"t":"idOrVar","v":"n"}," sekúnd"],"other":[{"t":"idOrVar","v":"n"}," sekúnd"]},"$x":[{"t":"idOrVar","v":"plural"},"n"]},{"$i":"settings-default-account","$v":"Nastaviť ako predvolený účet"},{"$i":"settings-account-type","$v":"Typ účtu"},{"$i":"settings-account-credentials","$v":"Prihlasovacie údaje"},{"$i":"settings-activesync-label","$v":"Nastavenia ActiveSync"},{"$i":"settings-imap-label","$v":"Nastavenia IMAP"},{"$i":"settings-pop3-label","$v":"Nastavenia POP3"},{"$i":"settings-smtp-label","$v":"Nastavenia SMTP"},{"$i":"settings-hostname","$v":"Server"},{"$i":"settings-port","$v":"Port"},{"$i":"settings-username","$v":"Používateľské meno"},{"$i":"settings-password","$v":"Heslo"},{"$i":"settings-save","$v":"Uložiť"},{"$i":"settings-password-empty","$v":"Pole s heslom nesmie byť prázdne"},{"$i":"settings-reauth","$v":"Opäť overiť"},{"$i":"settings-account-synchronize-window","$v":"Obdobie na synchronizáciu"},{"$i":"settings-account-synchronize-window-select","ariaLabel":"Obdobie na synchronizáciu"},{"$i":"settings-synchronize-auto","$v":"Automaticky"},{"$i":"settings-synchronize-one-day","$v":"1 deň"},{"$i":"settings-synchronize-three-days","$v":"3 dni"},{"$i":"settings-synchronize-one-week","$v":"1 týždeň"},{"$i":"settings-synchronize-two-weeks","$v":"2 týždne"},{"$i":"settings-synchronize-one-month","$v":"1 mesiac"},{"$i":"settings-synchronize-all","$v":"Všetky správy"},{"$i":"envelope-from","$v":"Od"},{"$i":"envelope-to","$v":"Komu"},{"$i":"envelope-cc","$v":"Kópia"},{"$i":"envelope-bcc","$v":"Skrytá kópia"},{"$i":"message-header-state-sending","ariaLabel":"Odosiela sa"},{"$i":"message-header-state-error","ariaLabel":"Chyba pri odosielaní"},{"$i":"message-header-unread","ariaLabel":"Neprečítaná"},{"$i":"message-header-starred","ariaLabel":"Označená hviezdičkou"},{"$i":"message-header-attachments","ariaLabel":"Má prílohy"},{"$i":"message-body-container","ariaLabel":"Telo správy"},{"$i":"message-body-container-progress","ariaValueText":"Načítava sa"},{"$i":"subject","ariaLabel":"Predmet"},{"$i":"message-delete-button","ariaLabel":"Odstrániť"},{"$i":"message-star-button","ariaLabel":"Označiť hviezdičkou"},{"$i":"message-unstar-button","ariaLabel":"Odstrániť hviezdičku"},{"$i":"message-mark-read-button","ariaLabel":"Označiť ako prečítané"},{"$i":"message-mark-unread-button","ariaLabel":"Označiť ako neprečítané"},{"$i":"message-move-button","ariaLabel":"Presunúť"},{"$i":"message-reply-forward-button","ariaLabel":"Odpovedať alebo poslať ďalej"},{"$i":"download-button","ariaLabel":"Prevziať"},{"$i":"downloading-progress","ariaValueText":"Preberá sa"},{"$i":"view-button","ariaLabel":"Zobraziť"},{"$i":"attachments-container","ariaLabel":"Prílohy"},{"$i":"from-group","ariaLabel":"Od"},{"$i":"to-group","ariaLabel":"Komu"},{"$i":"cc-group","ariaLabel":"kópia"},{"$i":"bcc-group","ariaLabel":"skrytá kópia"},{"$i":"compose-header","$v":"Vytvorenie správy"},{"$i":"compose-header-short","$v":"Nová správa"},{"$i":"compose-send","$v":"Odoslať"},{"$i":"compose-send-button","ariaLabel":"Odoslať"},{"$i":"compose-to","$v":"Komu"},{"$i":"compose-cc","$v":"Kópia"},{"$i":"compose-bcc","$v":"Skrytá kópia"},{"$i":"compose-contact-add","ariaLabel":"Pridať kontakt"},{"$i":"compose-attachments-container","ariaLabel":{"$x":[{"t":"idOrVar","v":"plural"},"kilobytes"],"$v":{"zero":"Prílohy","one":["Prílohy: ",{"t":"idOrVar","v":"kilobytes"}," kB"],"two":["Prílohy: ",{"t":"idOrVar","v":"kilobytes"}," kB"],"few":["Prílohy: ",{"t":"idOrVar","v":"kilobytes"}," kB"],"many":["Prílohy: ",{"t":"idOrVar","v":"kilobytes"}," kB"],"other":["Prílohy: ",{"t":"idOrVar","v":"kilobytes"}," kB"]}}},{"$i":"compose-attachment-remove","ariaLabel":"Odstrániť"},{"$i":"compose-attachment-button","ariaLabel":"Pripojiť"},{"$i":"compose-attachments","$v":{"zero":"Prílohy","one":[{"t":"idOrVar","v":"n"}," príloha"],"two":[{"t":"idOrVar","v":"n"}," prílohy"],"few":[{"t":"idOrVar","v":"n"}," prílohy"],"many":[{"t":"idOrVar","v":"n"}," príloh"],"other":[{"t":"idOrVar","v":"n"}," príloh"]},"$x":[{"t":"idOrVar","v":"plural"},"n"]},{"$i":"compose-text","ariaLabel":"Upraviť"},{"$i":"compose-attachment-still-working","$v":"Chvíľku strpenia, spracováva sa predchádzajúca príloha..."},{"$i":"compose-subject","$v":"Predmet"},{"$i":"compose-draft-save","$v":"Uložiť medzi Lokálne návrhy"},{"$i":"compose-discard-confirm","$v":"Zahodiť"},{"$i":"compose-send-message-failed","$v":"Odoslania správy zlyhalo"},{"$i":"composer-attachment-large","$v":"Príloha je príliš veľká"},{"$i":"composer-attachments-large","$v":"Prílohy sú príliš veľké"},{"$i":"compose-attchment-size-exceeded","$v":"Zvolená príloha je príliš veľká, aby mohla byť odoslaná v tejto správe."},{"$i":"compose-attchments-size-exceeded","$v":"Zvolené prílohy sú príliš veľké, aby mohli byť odoslané v tejto správe. Skúste priložiť menej súborov."},{"$i":"dialog-button-ok","$v":"OK"},{"$i":"default-attachment-filename","$v":["attachment",{"t":"idOrVar","v":"n"}]},{"$i":"attachment-size-kib","$v":[{"t":"idOrVar","v":"kilobytes"}," kB"]},{"$i":"message-attachment-view","$v":"Zobraziť"},{"$i":"message-attachment-did-not-open-label","$v":"Unable to open"},{"$i":"message-attachment-did-not-open-body","$v":"The device does not have an app that can open the attachment."},{"$i":"message-attachment-too-large","$v":"Nie je možné prevziať súbor, pretože je príliš veľký."},{"$i":"message-no-subject","$v":"(bez predmetu)"},{"$i":"message-edit-menu-edit","$v":"Upraviť"},{"$i":"message-edit-menu-delete","$v":"Odstrániť"},{"$i":"message-edit-delete-confirm","$v":"Odstrániť e-mailovú správu?"},{"$i":"message-send-attachment-disabled-confirm","$v":"Prílohy nie je možné odoslať ďalej."},{"$i":"message-multiedit-header","$v":{"zero":"Upraviť","one":[{"t":"idOrVar","v":"n"}," označená"],"two":[{"t":"idOrVar","v":"n"}," označené"],"few":[{"t":"idOrVar","v":"n"}," označené"],"many":[{"t":"idOrVar","v":"n"}," označených"],"other":[{"t":"idOrVar","v":"n"}," označených"]},"$x":[{"t":"idOrVar","v":"plural"},"n"]},{"$i":"browse-to-url-prompt","$v":["Prejsť na adresu: ",{"t":"idOrVar","v":"url"}]},{"$i":"message-download-images-tap","$v":{"one":"Táto správa obsahuje jeden obrázok. Ťuknutím sem ho prevezmete.","two":["Táto správa obsahuje ",{"t":"idOrVar","v":"n"}," obrázky. Ťuknutím sem ich prevezmete."],"few":["Táto správa obsahuje ",{"t":"idOrVar","v":"n"}," obrázky. Ťuknutím sem ich prevezmete."],"many":["Táto správa obsahuje ",{"t":"idOrVar","v":"n"}," obrázkov. Ťuknutím sem ich prevezmete."],"other":["Táto správa obsahuje ",{"t":"idOrVar","v":"n"}," obrázkov. Ťuknutím sem ich prevezmete."]},"$x":[{"t":"idOrVar","v":"plural"},"n"]},{"$i":"message-show-external-images","$v":"Zobraziť externé obrázky"},{"$i":"message-multiedit-cancel","$v":"Zrušiť"},{"$i":"message-multiedit-delete-confirm","$v":{"one":"Naozaj chcete odstrániť túto e-mailovú správu?","two":["Naozaj chcete odstrániť ",{"t":"idOrVar","v":"n"}," e-mailové správy?"],"few":["Naozaj chcete odstrániť ",{"t":"idOrVar","v":"n"}," e-mailové správy?"],"many":["Naozaj chcete odstrániť ",{"t":"idOrVar","v":"n"}," e-mailových správ?"],"other":["Naozaj chcete odstrániť ",{"t":"idOrVar","v":"n"}," e-mailových správ?"]},"$x":[{"t":"idOrVar","v":"plural"},"n"]},{"$i":"message-large-message-cancel","$v":"Zrušiť"},{"$i":"message-large-message-ok","$v":"Pokračovať"},{"$i":"message-large-message-confirm","$v":"Táto správa je veľká a jej prevzatie môže trvať dlhšie."},{"$i":"message-search-from","$v":"Od"},{"$i":"message-search-to","$v":"Komu"},{"$i":"message-search-subject","$v":"Predmet"},{"$i":"message-search-body","$v":"Telo"},{"$i":"message-search-all","$v":"Všetko"},{"$i":"message-search-input","placeholder":"Prehľadávať správy"},{"$i":"message-search-cancel","$v":"Zrušiť"},{"$i":"messages-syncing","$v":"Načítavajú sa správy"},{"$i":"messages-load-more","$v":"Načítať ďalšie správy"},{"$i":"messages-folder-empty","$v":"V tomto priečinku sa nenachádza žiadna správa"},{"$i":"messages-search-empty","$v":"Žiadne zhodné správy v lokálnej vyrovnávacej pamäti"},{"$i":"messages-folder-select","$v":"Zvoliť priečinok"},{"$i":"messages-folder-unread-max","$v":"999+"},{"$i":"message-contact-menu-create","$v":"Uložiť nový kontakt"},{"$i":"message-contact-menu-add-existing","$v":"Pridať k existujúcemu kontaktu"},{"$i":"message-contact-menu-view","$v":"Zobraziť kontakt"},{"$i":"message-contact-menu-reply","$v":"Odpovedať"},{"$i":"message-contact-menu-new","$v":"Odoslať novú správu"},{"$i":"message-reply-menu-reply","$v":"Odpovedať"},{"$i":"message-reply-menu-reply-all","$v":"Odpovedať všetkým"},{"$i":"message-reply-menu-forward","$v":"Poslať ďalej"},{"$i":"message-reply-menu-cancel","$v":"Zrušiť"},{"$i":"reply-quoting-wrote","$v":"{name} napísal"},{"$i":"forward-original-message","$v":"Pôvodná správa"},{"$i":"forward-header-subject","$v":"Predmet"},{"$i":"forward-header-date","$v":"Dátum"},{"$i":"forward-header-from","$v":"Od"},{"$i":"forward-header-reply-to","$v":"Odpoveď na"},{"$i":"forward-header-to","$v":"Komu"},{"$i":"forward-header-cc","$v":"Kópia"},{"$i":"folder-inbox","$v":"Doručená pošta"},{"$i":"folder-sent","$v":"Odoslaná pošta"},{"$i":"folder-drafts","$v":"Návrhy"},{"$i":"folder-trash","$v":"Odpadkový kôš"},{"$i":"folder-queue","$v":"Neodoslané"},{"$i":"folder-junk","$v":"Spam"},{"$i":"folder-archives","$v":"Archívy"},{"$i":"folder-localdrafts","$v":"Lokálne návrhy"},{"$i":"folder-outbox","$v":"Pošta na odoslanie"},{"$i":"drawer-back","$v":"Naspäť"},{"$i":"drawer-accounts-header","$v":"Účty"},{"$i":"drawer-settings-link","$v":"Nastavenia"},{"$i":"folder-last-synced-label","$v":"Synchronizované:"},{"$i":"messages-refresh-button","ariaLabel":"Obnoviť"},{"$i":"messages-refresh-progress","ariaValueText":"Obnovuje sa"},{"$i":"edit-button","ariaLabel":"Upraviť"},{"$i":"message-list-top-action","$v":"Hore"},{"$i":"message-list-menu","ariaLabel":"Priečinky a nastavenia"},{"$i":"message-list-compose","ariaLabel":"Compose"},{"$i":"toaster-undo","$v":"Späť"},{"$i":"toaster-message-star","$v":{"one":"1 správa bola označená hviezdou","two":[{"t":"idOrVar","v":"n"}," správy boli označené hviezdou"],"few":[{"t":"idOrVar","v":"n"}," správy boli označené hviezdou"],"many":[{"t":"idOrVar","v":"n"}," správ bolo označených hviezdou"],"other":[{"t":"idOrVar","v":"n"}," správ bolo označených hviezdou"]},"$x":[{"t":"idOrVar","v":"plural"},"n"]},{"$i":"toaster-message-unstar","$v":{"one":"Označenie hviezdou bolo odstránené pre 1 správu","two":["Označenie hviezdou bolo odstránené pre ",{"t":"idOrVar","v":"n"}," správy"],"few":["Označenie hviezdou bolo odstránené pre ",{"t":"idOrVar","v":"n"}," správy"],"many":["Označenie hviezdou bolo odstránené pre ",{"t":"idOrVar","v":"n"}," správ"],"other":["Označenie hviezdou bolo odstránené pre ",{"t":"idOrVar","v":"n"}," správ"]},"$x":[{"t":"idOrVar","v":"plural"},"n"]},{"$i":"toaster-message-read","$v":{"one":"1 správa bola označená ako prečítaná","two":[{"t":"idOrVar","v":"n"}," správy boli označené ako prečítané"],"few":[{"t":"idOrVar","v":"n"}," správy boli označené ako prečítané"],"many":[{"t":"idOrVar","v":"n"}," správ bolo označených ako prečítané"],"other":[{"t":"idOrVar","v":"n"}," správ bolo označených ako prečítané"]},"$x":[{"t":"idOrVar","v":"plural"},"n"]},{"$i":"toaster-message-unread","$v":{"one":"1 správa bola označená ako neprečítaná","two":[{"t":"idOrVar","v":"n"}," správy boli označené ako neprečítané"],"few":[{"t":"idOrVar","v":"n"}," správy boli označené ako neprečítané"],"many":[{"t":"idOrVar","v":"n"}," správ bolo označených ako neprečítané"],"other":[{"t":"idOrVar","v":"n"}," správ bolo označených ako neprečítané"]},"$x":[{"t":"idOrVar","v":"plural"},"n"]},{"$i":"toaster-message-move","$v":{"one":"1 správa bola presunutá","two":[{"t":"idOrVar","v":"n"}," správy boli presunuté"],"few":[{"t":"idOrVar","v":"n"}," správy boli presunuté"],"many":[{"t":"idOrVar","v":"n"}," správ bolo presunutých"],"other":[{"t":"idOrVar","v":"n"}," správ bolo presunutých"]},"$x":[{"t":"idOrVar","v":"plural"},"n"]},{"$i":"toaster-message-delete","$v":{"one":"1 správa bola odstránená","two":[{"t":"idOrVar","v":"n"}," správy boli odstránené"],"few":[{"t":"idOrVar","v":"n"}," správy boli odstránené"],"many":[{"t":"idOrVar","v":"n"}," správ bolo odstránených"],"other":[{"t":"idOrVar","v":"n"}," správ bolo odstránených"]},"$x":[{"t":"idOrVar","v":"plural"},"n"]},{"$i":"toaster-retryable-syncfailed","$v":"Pripojenie k serveru zlyhalo"},{"$i":"compose-invalid-addresses-title","$v":"Neplatné adresy"},{"$i":"compose-invalid-addresses-description","$v":"Vaša správa obsahuje jednu alebo viac neplatných e-mailových adries. Pred odoslaním ich opravte."},{"$i":"background-send-pending","$v":"Sieť nie je dostupná. Správa bola uložená do priečinka Pošta na odoslanie."},{"$i":"background-send-sending","$v":"Správa sa odosiela…"},{"$i":"background-send-success","$v":"Správa odoslaná."},{"$i":"background-send-error","$v":"Vyskytla sa chyba. Správa bola uložená do priečinka Pošta na odoslanie."},{"$i":"background-send-error-recipients","$v":"Chyba príjemcu. Správa bola uložená do priečinka Pošta na odoslanie."},{"$i":"background-send-error-title","$v":"Odoslanie správy zlyhalo"},{"$i":"send-failure-recipients","$v":"Skontrolujte vyššie zadané adresy. Váš poštový server uvádza, že jedna alebo viac adries nie je platných."},{"$i":"send-failure-unknown","$v":"Správu nebolo možné odoslať."},{"$i":"form-clear-input","$v":"Odstrániť text"},{"$i":"confirm-dialog-title","$v":"Potvrdenie"},{"$i":"senders-separation-sign","$v":", "},{"$i":"new-messages","$v":{"one":"1 nová správa","two":[{"t":"idOrVar","v":"n"}," nové správy"],"few":[{"t":"idOrVar","v":"n"}," nové správy"],"many":[{"t":"idOrVar","v":"n"}," nových správ"],"other":[{"t":"idOrVar","v":"n"}," nových správ"]},"$x":[{"t":"idOrVar","v":"plural"},"n"]},{"$i":"notification-no-subject","$v":"(no subject)"},{"$i":"new-emails-notify-one-account","$v":{"one":"1 nová e-mailová správa","two":[{"t":"idOrVar","v":"n"}," nové e-mailové správy"],"few":[{"t":"idOrVar","v":"n"}," nové e-mailové správy"],"many":[{"t":"idOrVar","v":"n"}," nových e-mailových správ"],"other":[{"t":"idOrVar","v":"n"}," nových e-mailových správ"]},"$x":[{"t":"idOrVar","v":"plural"},"n"]},{"$i":"new-emails-notify-multiple-accounts","$v":{"one":["1 nová e-mailová správa (",{"t":"idOrVar","v":"accountName"},")"],"two":[{"t":"idOrVar","v":"n"}," nové e-mailové správy (",{"t":"idOrVar","v":"accountName"},")"],"few":[{"t":"idOrVar","v":"n"}," nové e-mailové správy (",{"t":"idOrVar","v":"accountName"},")"],"many":[{"t":"idOrVar","v":"n"}," nových e-mailových správ (",{"t":"idOrVar","v":"accountName"},")"],"other":[{"t":"idOrVar","v":"n"}," nových e-mailových správ (",{"t":"idOrVar","v":"accountName"},")"]},"$x":[{"t":"idOrVar","v":"plural"},"n"]},{"$i":"new-emails-notify-multiple-accounts-body","$v":[{"t":"idOrVar","v":"from"}," “",{"t":"idOrVar","v":"subject"},"”"]},{"$i":"tng-plain-socket-warning-title","$v":"Naozaj?"},{"$i":"tng-plain-socket-warning-message","$v":"Iní ľudia môžu odchytiť vaše heslo či e-mailové správy, prípadne ovládať váš účet."},{"$i":"tng-plain-socket-warning-message-options","$v":"Existuje viacero e-mailových poskytovateľov, ktorý zadarmo ponúkajú bezpečnejšie spojenie."},{"$i":"tng-plain-socket-learn-more","$v":"Ďalšie informácie"},{"$i":"tng-plain-socket-warning-ok","$v":"Rozumiem"},{"$i":"message-reader-next-button","ariaLabel":"Nasledujúca"},{"$i":"message-reader-previous-button","ariaLabel":"Predchádzajúca"},{"$i":"message-reader-date-received","ariaLabel":"Prijatá"},{"$i":"weekday-0-long","$v":"Nedeľa"},{"$i":"weekday-1-long","$v":"Pondelok"},{"$i":"weekday-2-long","$v":"Utorok"},{"$i":"weekday-3-long","$v":"Streda"},{"$i":"weekday-4-long","$v":"Štvrtok"},{"$i":"weekday-5-long","$v":"Piatok"},{"$i":"weekday-6-long","$v":"Sobota"},{"$i":"weekday-0-short","$v":"Ne"},{"$i":"weekday-1-short","$v":"Po"},{"$i":"weekday-2-short","$v":"Ut"},{"$i":"weekday-3-short","$v":"St"},{"$i":"weekday-4-short","$v":"Št"},{"$i":"weekday-5-short","$v":"Pi"},{"$i":"weekday-6-short","$v":"So"},{"$i":"month-0-long","$v":"Január"},{"$i":"month-1-long","$v":"Február"},{"$i":"month-2-long","$v":"Marec"},{"$i":"month-3-long","$v":"Apríl"},{"$i":"month-4-long","$v":"Máj"},{"$i":"month-5-long","$v":"Jún"},{"$i":"month-6-long","$v":"Júl"},{"$i":"month-7-long","$v":"August"},{"$i":"month-8-long","$v":"September"},{"$i":"month-9-long","$v":"Október"},{"$i":"month-10-long","$v":"November"},{"$i":"month-11-long","$v":"December"},{"$i":"month-0-genitive","$v":"januára"},{"$i":"month-1-genitive","$v":"februára"},{"$i":"month-2-genitive","$v":"marca"},{"$i":"month-3-genitive","$v":"apríla"},{"$i":"month-4-genitive","$v":"mája"},{"$i":"month-5-genitive","$v":"júna"},{"$i":"month-6-genitive","$v":"júla"},{"$i":"month-7-genitive","$v":"augusta"},{"$i":"month-8-genitive","$v":"septembra"},{"$i":"month-9-genitive","$v":"októbra"},{"$i":"month-10-genitive","$v":"novembra"},{"$i":"month-11-genitive","$v":"decembra"},{"$i":"month-0-short","$v":"jan"},{"$i":"month-1-short","$v":"feb"},{"$i":"month-2-short","$v":"mar"},{"$i":"month-3-short","$v":"apr"},{"$i":"month-4-short","$v":"máj"},{"$i":"month-5-short","$v":"jún"},{"$i":"month-6-short","$v":"júl"},{"$i":"month-7-short","$v":"aug"},{"$i":"month-8-short","$v":"sep"},{"$i":"month-9-short","$v":"okt"},{"$i":"month-10-short","$v":"nov"},{"$i":"month-11-short","$v":"dec"},{"$i":"minutes-ago-long","$v":{"zero":"teraz","one":"pred minútou","two":["pred ",{"t":"idOrVar","v":"value"}," minútami"],"few":["pred ",{"t":"idOrVar","v":"value"}," minútami"],"many":["pred ",{"t":"idOrVar","v":"value"}," minútami"],"other":["pred ",{"t":"idOrVar","v":"value"}," minútami"]},"$x":[{"t":"idOrVar","v":"plural"},"value"]},{"$i":"hours-ago-long","$v":{"zero":"teraz","one":"pred hodinou","two":["pred ",{"t":"idOrVar","v":"value"}," hodinami"],"few":["pred ",{"t":"idOrVar","v":"value"}," hodinami"],"many":["pred ",{"t":"idOrVar","v":"value"}," hodinami"],"other":["pred ",{"t":"idOrVar","v":"value"}," hodinami"]},"$x":[{"t":"idOrVar","v":"plural"},"value"]},{"$i":"days-ago-long","$v":{"zero":"dnes","one":"včera","two":["pred ",{"t":"idOrVar","v":"value"}," dňami"],"few":["pred ",{"t":"idOrVar","v":"value"}," dňami"],"many":["pred ",{"t":"idOrVar","v":"value"}," dňami"],"other":["pred ",{"t":"idOrVar","v":"value"}," dňami"]},"$x":[{"t":"idOrVar","v":"plural"},"value"]},{"$i":"weeks-ago-long","$v":{"zero":"tento týždeň","one":"minulý týždeň","two":["pred ",{"t":"idOrVar","v":"value"}," týždňami"],"few":["pred ",{"t":"idOrVar","v":"value"}," týždňami"],"many":["pred ",{"t":"idOrVar","v":"value"}," týždňami"],"other":["pred ",{"t":"idOrVar","v":"value"}," týždňami"]},"$x":[{"t":"idOrVar","v":"plural"},"value"]},{"$i":"months-ago-long","$v":{"zero":"tento mesiac","one":"minulý mesiac","two":["pred ",{"t":"idOrVar","v":"value"}," mesiacmi"],"few":["pred ",{"t":"idOrVar","v":"value"}," mesiacmi"],"many":["pred ",{"t":"idOrVar","v":"value"}," mesiacmi"],"other":["pred ",{"t":"idOrVar","v":"value"}," mesiacmi"]},"$x":[{"t":"idOrVar","v":"plural"},"value"]},{"$i":"years-ago-long","$v":{"zero":"tento rok","one":"minulý rok","two":["pred ",{"t":"idOrVar","v":"value"}," rokmi"],"few":["pred ",{"t":"idOrVar","v":"value"}," rokmi"],"many":["pred ",{"t":"idOrVar","v":"value"}," rokmi"],"other":["pred ",{"t":"idOrVar","v":"value"}," rokmi"]},"$x":[{"t":"idOrVar","v":"plural"},"value"]},{"$i":"minutes-until-long","$v":{"zero":"teraz","one":"o minútu","two":["o ",{"t":"idOrVar","v":"value"}," minúty"],"few":["o ",{"t":"idOrVar","v":"value"}," minúty"],"many":["o ",{"t":"idOrVar","v":"value"}," minút"],"other":["o ",{"t":"idOrVar","v":"value"}," minút"]},"$x":[{"t":"idOrVar","v":"plural"},"value"]},{"$i":"hours-until-long","$v":{"zero":"teraz","one":"o hodinu","two":["o ",{"t":"idOrVar","v":"value"}," hodiny"],"few":["o ",{"t":"idOrVar","v":"value"}," hodiny"],"many":["o ",{"t":"idOrVar","v":"value"}," hodín"],"other":["o ",{"t":"idOrVar","v":"value"}," hodín"]},"$x":[{"t":"idOrVar","v":"plural"},"value"]},{"$i":"days-until-long","$v":{"zero":"dnes","one":"zajtra","two":["o ",{"t":"idOrVar","v":"value"}," dni"],"few":["o ",{"t":"idOrVar","v":"value"}," dni"],"many":["o ",{"t":"idOrVar","v":"value"}," dní"],"other":["o ",{"t":"idOrVar","v":"value"}," dní"]},"$x":[{"t":"idOrVar","v":"plural"},"value"]},{"$i":"weeks-until-long","$v":{"zero":"tento týždeň","one":"budúci týždeň","two":["o ",{"t":"idOrVar","v":"value"}," týždne"],"few":["o ",{"t":"idOrVar","v":"value"}," týždne"],"many":["o ",{"t":"idOrVar","v":"value"}," týždňov"],"other":["o ",{"t":"idOrVar","v":"value"}," týždňov"]},"$x":[{"t":"idOrVar","v":"plural"},"value"]},{"$i":"months-until-long","$v":{"zero":"tento mesiac","one":"budúci mesiac","two":["o ",{"t":"idOrVar","v":"value"}," mesiace"],"few":["o ",{"t":"idOrVar","v":"value"}," mesiace"],"many":["o ",{"t":"idOrVar","v":"value"}," mesiacov"],"other":["o ",{"t":"idOrVar","v":"value"}," mesiacov"]},"$x":[{"t":"idOrVar","v":"plural"},"value"]},{"$i":"years-until-long","$v":{"zero":"tento rok","one":"budúci rok","two":["o ",{"t":"idOrVar","v":"value"}," roky"],"few":["o ",{"t":"idOrVar","v":"value"}," roky"],"many":["o ",{"t":"idOrVar","v":"value"}," rokov"],"other":["o ",{"t":"idOrVar","v":"value"}," rokov"]},"$x":[{"t":"idOrVar","v":"plural"},"value"]},{"$i":"minutes-ago-short","$v":{"zero":"teraz","other":["pred ",{"t":"idOrVar","v":"value"},"m"]},"$x":[{"t":"idOrVar","v":"plural"},"value"]},{"$i":"hours-ago-short","$v":{"zero":"teraz","other":["pred ",{"t":"idOrVar","v":"value"},"h"]},"$x":[{"t":"idOrVar","v":"plural"},"value"]},{"$i":"days-ago-short","$v":{"zero":"dnes","other":["pred ",{"t":"idOrVar","v":"value"},"d"]},"$x":[{"t":"idOrVar","v":"plural"},"value"]},{"$i":"minutes-until-short","$v":{"zero":"teraz","other":["o ",{"t":"idOrVar","v":"value"},"m"]},"$x":[{"t":"idOrVar","v":"plural"},"value"]},{"$i":"hours-until-short","$v":{"zero":"teraz","other":["o ",{"t":"idOrVar","v":"value"},"h"]},"$x":[{"t":"idOrVar","v":"plural"},"value"]},{"$i":"days-until-short","$v":{"zero":"dnes","other":["o ",{"t":"idOrVar","v":"value"},"d"]},"$x":[{"t":"idOrVar","v":"plural"},"value"]},{"$i":"incorrectDate","$v":"(neplatný dátum)"},{"$i":"dateTimeFormat_%c","$v":"%a, %e. %b %Y %H:%M:%S"},{"$i":"dateTimeFormat_%x","$v":"%d.%m.%Y"},{"$i":"dateTimeFormat_%X","$v":"%H:%M:%S"},{"$i":"shortTimeFormat","$v":"%H:%M"},{"$i":"shortTimeFormat12","$v":"%I:%M %p"},{"$i":"shortTimeFormat24","$v":"%H:%M"},{"$i":"shortDateTimeFormat","$v":"%x %H:%M"},{"$i":"weekStartsOnMonday","$v":"1"},{"$i":"firstDayOfTheWeek","$v":"1"},{"$i":"time_am","$v":"AM"},{"$i":"time_pm","$v":"PM"}]