[{"$i":"back-button","ariaLabel":"Mbrapsht"},{"$i":"close-button","ariaLabel":"Mbylle"},{"$i":"setup-app-name-header","$v":"Posta"},{"$i":"setup-empty-account-message","$v":"You are not set up to send or receive email. Set up an account to complete the action."},{"$i":"setup-pick-service","$v":"Që të dërgoni dhe merrni email, do t’ju duhet të rregulloni një llogari."},{"$i":"setup-account-header3","$v":"Llogari e Re"},{"$i":"setup-account-enter-password","$v":"Jepni Fjalëkalimin Për:"},{"$i":"setup-info-name","placeholder":"Emri juaj"},{"$i":"setup-info-email","placeholder":"dikush@shembull.com"},{"$i":"setup-info-password","placeholder":"Fjalëkalim"},{"$i":"setup-info-next","$v":"Pasuesi"},{"$i":"setup-progress-wait-msg","$v":"Po rregullohet llogaria"},{"$i":"setup-completed-header","$v":"Rregullim llogarie poste"},{"$i":"setup-completed-label","$v":"Kaq qe!"},{"$i":"setup-add-another-account","$v":"Shtoni një llogari tjetër"},{"$i":"setup-show-mail","$v":"Vazhdoni te Posta"},{"$i":"setup-error-offline","$v":"Kjo pajisje tani është e palidhur. Lidhuni te një rrjet dhe riprovoni."},{"$i":"setup-error-bad-user-or-pass2","$v":"Emër përdoruesi ose fjalëkalim i pavlefshëm. Kontrollojini për gabime shkrimi."},{"$i":"setup-error-bad-address","$v":"Adresë e-mail e pavlefshme. Kontrollojeni për gabime."},{"$i":"setup-error-not-authorized","$v":"Shërbyesi u përgjigj se nuk jeni të autorizuar të krijoni llogari"},{"$i":"setup-error-pop-server-not-great","$v":"Shërbyes që nuk mbulohet. Shërbyesi POP3 nuk i ka të sendërtuara veçoritë e kërkuara."},{"$i":"setup-error-unknown2","$v":"Ndodhi një gabim i panjohur. Kontrolloni lidhjen tuaj në rrjet ose provoni mundësinë e formësimit dorazi."},{"$i":"setup-error-needs-app-pass","$v":"Për llogari Gmail two-factor duhet të përdorni një fjalëkalim specifik për aplikacionin"},{"$i":"setup-error-imap-disabled","$v":"Për llogarinë tuaj Gmail duhet të aktivizoni IMAP-in"},{"$i":"setup-error-pop3-disabled","$v":"Për llogarinë tuaj Gmail duhet të aktivizoni POP3-shin"},{"$i":"setup-error-bad-security","$v":["Nuk arrin të vendosë një lidhje të sigurt me \"",{"t":"idOrVar","v":"server"},"\". Mund të ketë ndonjë problem me rrjetin ose shërbyesin tuaj."]},{"$i":"setup-error-unresponsive-server","$v":["Nuk arrin të vendosë një lidhje me \"",{"t":"idOrVar","v":"server"},"\". Mund të ketë ndonjë problem me rrjetin."]},{"$i":"setup-error-server-problem","$v":["Ka një problem me shërbyesin \"",{"t":"idOrVar","v":"server"},"\". Riprovoni më vonë."]},{"$i":"setup-error-no-config-info","$v":"Nuk arrin të formësojë vetvetiu llogarinë tuaj. Saktësoni adresën tuaj e-mail ose provoni mundësinë e formësimit dorazi."},{"$i":"setup-error-server-maintenance","$v":["Shërbyesi \"",{"t":"idOrVar","v":"server"},"\" është jashtë funksionimi, për mirëmbajtje. Riprovoni më vonë."]},{"$i":"setup-error-account-already-exists","$v":"Kjo llogari është e formësuar tashmë."},{"$i":"setup-manual-config2","$v":"Rregullim dorazi"},{"$i":"setup-manual-config-header","$v":"Rregullim Dorazi"},{"$i":"setup-manual-account-type","$v":"Lloj llogarie"},{"$i":"setup-manual-account-type-select","ariaLabel":"Lloj llogarie"},{"$i":"setup-manual-imap-header","$v":"Rregullime IMAP-i"},{"$i":"setup-manual-pop3-header","$v":"Rregullime POP3-shi"},{"$i":"setup-manual-smtp-header","$v":"Rregullime SMTP-je"},{"$i":"setup-manual-activesync-header","$v":"Rregullime ActiveSync-u"},{"$i":"setup-manual-next","$v":"Pasuesi"},{"$i":"setup-manual-socket","$v":"Lloj Socket-i"},{"$i":"setup-manual-socket-ssl","$v":"SSL"},{"$i":"setup-manual-socket-starttls","$v":"STARTTLS"},{"$i":"setup-manual-socket-select","ariaLabel":"Siguri lidhjeje"},{"$i":"setup-manual-socket-plain","$v":"E pafshehtëzuar (e pasigurt)"},{"$i":"setup-manual-hostname","placeholder":"Strehëemër"},{"$i":"setup-manual-port","placeholder":"Numër Porte"},{"$i":"setup-manual-username","placeholder":"Emër përdoruesi"},{"$i":"setup-manual-activesync-username","placeholder":"Përkatësi\\Emër përdoruesi"},{"$i":"setup-bad-password-header","$v":"Fjalëkalim i gabuar!"},{"$i":"setup-bad-password","$v":"Nuk hymë dot te shërbyesi.  Mos ndoshta fjalëkalimi juaj është gabim?"},{"$i":"setup-new-password","placeholder":"Fjalëkalim i ri"},{"$i":"setup-fix-password","$v":"Riprovoni me fjalëkalimin e ri"},{"$i":"setup-gmail-twofactor-header","$v":"Two-Factor Aktiv"},{"$i":"setup-gmail-twofactor-message","$v":"Lypset të jepni më poshtë një fjalëkalim specifik për aplikacionin."},{"$i":"setup-gmail-twofactor-fix","$v":"Përdor fjalëkalim aplikacioni"},{"$i":"setup-gmail-imap-header","$v":"IMAP i Çaktivizuar"},{"$i":"setup-gmail-imap-message","$v":"Duhet të aktivizoni IMAP-in te llogaria juaj Gmail "},{"$i":"setup-gmail-imap-retry","$v":"Riprovoni"},{"$i":"setup-gmail-pop3-header","$v":"POP3 i Çaktivizuar"},{"$i":"setup-gmail-pop3-message","$v":"Duhet të aktivizoni POP3-shin te llogaria juaj Gmail"},{"$i":"setup-gmail-pop3-retry","$v":"Riprovoni"},{"$i":"setup-fix-oauth2-header","$v":"Riautorizojeni Email-n"},{"$i":"setup-fix-oauth2-description","$v":"Email-i lyp të riautorizohet për hyrje në llogarinë vijuese:"},{"$i":"setup-fix-oauth2-reauthorize","$v":"Riautorizoje"},{"$i":"settings-main-header","$v":"Rregullime Poste"},{"$i":"settings-sub-header-account","$v":"Llogari"},{"$i":"settings-account-group","ariaLabel":"Llogari"},{"$i":"settings-account-name","$v":"Emri juaj"},{"$i":"settings-account-display-notifications","$v":"Shfaq njoftime për mesazhe të reja"},{"$i":"settings-account-play-sound-onsend","$v":"Pasi mesazhi të jetë dërguar, luaj një tingull"},{"$i":"settings-empty-signature-label","$v":"Prekeni Që ta Përpunoni"},{"$i":"settings-account-signature-label","$v":"Nënshkrim"},{"$i":"settings-account-signature-textbox","ariaLabel":"Nënshkrim"},{"$i":"signature-save","$v":"Ruaje Nënshkrimin"},{"$i":"signature-discard-confirm","$v":"Hidhe Tej"},{"$i":"settings-sub-header-data","$v":"Të dhëna"},{"$i":"settings-data-group","ariaLabel":"Të dhëna"},{"$i":"settings-account-check-mail","$v":"Kontrollo për mesazhe të reja"},{"$i":"settings-account-check-mail-select","ariaLabel":"Kontrollo për mesazhe të reja"},{"$i":"settings-sub-header-server","$v":"Rregullime shërbyesi"},{"$i":"settings-server-group","ariaLabel":"Rregullime shërbyesi"},{"$i":"settings-account-userpass","$v":"Emër përdoruesi dhe fjalëkalim"},{"$i":"settings-account-useroauth2","$v":"Emër përdoruesi"},{"$i":"settings-default-signature-2","$v":"Dërguar Duke Përdorur Firefox OS-in"},{"$i":"settings-done","$v":"U bë"},{"$i":"settings-account-section","$v":"Llogari"},{"$i":"settings-account-listbox","ariaLabel":"Llogari"},{"$i":"settings-account-add","$v":"Shtoni Llogari"},{"$i":"settings-account-delete","$v":"Fshini llogari"},{"$i":"settings-account-delete-prompt","$v":["Jeni i sigurt se doni të fshihet llogaria juaj e postës ",{"t":"idOrVar","v":"account"},"? Nëse e rikrijoni llogarinë, do t’ju duhet të rishkarkoni postën tuaj."]},{"$i":"settings-account-delete-cancel","$v":"Anuloje"},{"$i":"settings-account-delete-confirm","$v":"Fshije"},{"$i":"settings-account-clarify-imap","$v":[{"t":"idOrVar","v":"account-name"}," (IMAP)"]},{"$i":"settings-account-clarify-pop3","$v":[{"t":"idOrVar","v":"account-name"}," (POP3)"]},{"$i":"settings-account-clarify-smtp","$v":[{"t":"idOrVar","v":"account-name"}," (SMTP)"]},{"$i":"settings-general-section","$v":"Rregullime të përgjithshme"},{"$i":"settings-show-images","$v":"Figurat shfaqi përherë"},{"$i":"settings-download-attachments","$v":"Bashkëngjitjet shkarkoji"},{"$i":"settings-check-every-5min","$v":"Çdo 5 minuta"},{"$i":"settings-check-every-10min","$v":"Çdo 10 minuta"},{"$i":"settings-check-every-15min","$v":"Çdo 15 minuta"},{"$i":"settings-check-every-30min","$v":"Çdo 30 minuta"},{"$i":"settings-check-every-60min","$v":"Çdo orë"},{"$i":"settings-check-every-manual","$v":"Dorazi"},{"$i":"settings-check-dynamic","$v":{"zero":"sekonda","one":[{"t":"idOrVar","v":"n"}," sekondë"],"two":[{"t":"idOrVar","v":"n"}," sekonda"],"few":[{"t":"idOrVar","v":"n"}," sekonda"],"many":[{"t":"idOrVar","v":"n"}," sekonda"],"other":[{"t":"idOrVar","v":"n"}," sekonda"]},"$x":[{"t":"idOrVar","v":"plural"},"n"]},{"$i":"settings-default-account","$v":"Caktoje si email parazgjedhje"},{"$i":"settings-account-type","$v":"Lloj llogarie"},{"$i":"settings-account-credentials","$v":"Kredenciale"},{"$i":"settings-activesync-label","$v":"Rregullime ActiveSync-u"},{"$i":"settings-imap-label","$v":"Rregullime IMAP-i"},{"$i":"settings-pop3-label","$v":"Rregullime POP3-shi"},{"$i":"settings-smtp-label","$v":"Rregullime SMTP-je"},{"$i":"settings-hostname","$v":"Strehëemër"},{"$i":"settings-port","$v":"Portë"},{"$i":"settings-username","$v":"Emër përdoruesi"},{"$i":"settings-password","$v":"Fjalëkalim"},{"$i":"settings-save","$v":"Ruaje"},{"$i":"settings-password-empty","$v":"Fjalëkalimi nuk duhet lënë i zbrazët"},{"$i":"settings-reauth","$v":"Riautorizoje"},{"$i":"settings-account-synchronize-window","$v":"Ditë për njëkohësim"},{"$i":"settings-account-synchronize-window-select","ariaLabel":"Ditë për njëkohësim"},{"$i":"settings-synchronize-auto","$v":"Vetvetiu"},{"$i":"settings-synchronize-one-day","$v":"1 ditë"},{"$i":"settings-synchronize-three-days","$v":"3 ditë"},{"$i":"settings-synchronize-one-week","$v":"1 javë"},{"$i":"settings-synchronize-two-weeks","$v":"2 javë"},{"$i":"settings-synchronize-one-month","$v":"1 muaj"},{"$i":"settings-synchronize-all","$v":"Krejt mesazhet"},{"$i":"envelope-from","$v":"Nga"},{"$i":"envelope-to","$v":"Për"},{"$i":"envelope-cc","$v":"Cc"},{"$i":"envelope-bcc","$v":"Bcc"},{"$i":"message-header-state-sending","ariaLabel":"Po dërgohet"},{"$i":"message-header-state-error","ariaLabel":"Gabim gjatë dërgimit"},{"$i":"message-header-unread","ariaLabel":"I palexuar"},{"$i":"message-header-starred","ariaLabel":"Ka yll"},{"$i":"message-header-attachments","ariaLabel":"Ka bashkëngjitje"},{"$i":"message-body-container","ariaLabel":"Lënda e mesazhit"},{"$i":"message-body-container-progress","ariaValueText":"Po ngarkohet"},{"$i":"subject","ariaLabel":"Subjekt"},{"$i":"message-delete-button","ariaLabel":"Fshije"},{"$i":"message-star-button","ariaLabel":"Shtojini yll"},{"$i":"message-unstar-button","ariaLabel":"Hiqjani yllin"},{"$i":"message-mark-read-button","ariaLabel":"Shënoje si të lexuar"},{"$i":"message-mark-unread-button","ariaLabel":"Shënoje si të palexuar"},{"$i":"message-move-button","ariaLabel":"Lëvize"},{"$i":"message-reply-forward-button","ariaLabel":"Përgjigjiuni ose përcilleni"},{"$i":"download-button","ariaLabel":"Shkarkoje"},{"$i":"downloading-progress","ariaValueText":"Po shkarkohet"},{"$i":"view-button","ariaLabel":"Shiheni"},{"$i":"attachments-container","ariaLabel":"Bashkëngjitje"},{"$i":"from-group","ariaLabel":"Nga"},{"$i":"to-group","ariaLabel":"Për"},{"$i":"cc-group","ariaLabel":"cc"},{"$i":"bcc-group","ariaLabel":"bcc"},{"$i":"compose-header","$v":"Hartoni mesazh"},{"$i":"compose-header-short","$v":"Hartoni"},{"$i":"compose-send","$v":"Dërgoje"},{"$i":"compose-send-button","ariaLabel":"Dërgoje"},{"$i":"compose-to","$v":"Për"},{"$i":"compose-cc","$v":"cc"},{"$i":"compose-bcc","$v":"bcc"},{"$i":"compose-contact-add","ariaLabel":"Shtoni kontakt"},{"$i":"compose-attachments-container","ariaLabel":{"$x":[{"t":"idOrVar","v":"plural"},"kilobytes"],"$v":{"zero":"Bashkëngjitje","one":["Bashkëngjitje: ",{"t":"idOrVar","v":"kilobytes"},"K"],"two":["Bashkëngjitje: ",{"t":"idOrVar","v":"kilobytes"},"K"],"few":["Bashkëngjitje: ",{"t":"idOrVar","v":"kilobytes"},"K"],"many":["Bashkëngjitje: ",{"t":"idOrVar","v":"kilobytes"},"K"],"other":["Bashkëngjitje: ",{"t":"idOrVar","v":"kilobytes"},"K"]}}},{"$i":"compose-attachment-remove","ariaLabel":"Hiqe"},{"$i":"compose-attachment-button","ariaLabel":"Bashkëngjite"},{"$i":"compose-attachments","$v":{"zero":"Bashkëngjite","one":[{"t":"idOrVar","v":"n"}," bashkëngjite"],"two":[{"t":"idOrVar","v":"n"}," bashkëngjite"],"few":[{"t":"idOrVar","v":"n"}," bashkëngjite"],"many":[{"t":"idOrVar","v":"n"}," bashkëngjite"],"other":[{"t":"idOrVar","v":"n"}," bashkëngjite"]},"$x":[{"t":"idOrVar","v":"plural"},"n"]},{"$i":"compose-text","ariaLabel":"Përpunojeni"},{"$i":"compose-attachment-still-working","$v":"Një sekondë, po punohet ende mbi bashkëngjitjen e mëparshme..."},{"$i":"compose-subject","$v":"Subjekt"},{"$i":"compose-draft-save","$v":"Ruaje te Skicat Vendore"},{"$i":"compose-discard-confirm","$v":"Hidhe tej"},{"$i":"compose-send-message-failed","$v":"Dërgimi i email-it dështoi"},{"$i":"composer-attachment-large","$v":"Bashkëngjitje shumë e madhe"},{"$i":"composer-attachments-large","$v":"Bashkëngjitje shumë të mëdha"},{"$i":"compose-attchment-size-exceeded","$v":"Bashkëngjitja e përzgjedhur është shumë e madhe për dërgim me këtë mesazh."},{"$i":"compose-attchments-size-exceeded","$v":"Bashkëngjitjet e përzgjedhura janë shumë të mëdha për dërgim me këtë mesazh. Provoni të përzgjidhni më pak kartela."},{"$i":"dialog-button-ok","$v":"OK"},{"$i":"default-attachment-filename","$v":["bashkëngjitje",{"t":"idOrVar","v":"n"}]},{"$i":"attachment-size-kib","$v":[{"t":"idOrVar","v":"kilobytes"},"K"]},{"$i":"message-attachment-view","$v":"Shiheni"},{"$i":"message-attachment-did-not-open-label","$v":"Unable to open"},{"$i":"message-attachment-did-not-open-body","$v":"The device does not have an app that can open the attachment."},{"$i":"message-attachment-too-large","$v":"Kjo kartelë është shumë e madhe për shkarkim."},{"$i":"message-no-subject","$v":"(pa subjekt)"},{"$i":"message-edit-menu-edit","$v":"Përpunojeni"},{"$i":"message-edit-menu-delete","$v":"Fshije"},{"$i":"message-edit-delete-confirm","$v":"Të fshihet mesazhi email?"},{"$i":"message-send-attachment-disabled-confirm","$v":"Bashkëngjitjet nuk mund të përcillen."},{"$i":"message-multiedit-header","$v":{"zero":"Përpuno","one":[{"t":"idOrVar","v":"n"}," i përzgjedhur"],"two":[{"t":"idOrVar","v":"n"}," të përzgjedhur"],"few":[{"t":"idOrVar","v":"n"}," të përzgjedhur"],"many":[{"t":"idOrVar","v":"n"}," të përzgjedhur"],"other":[{"t":"idOrVar","v":"n"}," të përzgjedhur"]},"$x":[{"t":"idOrVar","v":"plural"},"n"]},{"$i":"browse-to-url-prompt","$v":["Të shfletohet te URL-ja?: ",{"t":"idOrVar","v":"url"}]},{"$i":"message-download-images-tap","$v":{"one":"Ky email përmban një figurë. Prekeni që të shkarkohet.","two":["Ky email përmban ",{"t":"idOrVar","v":"n"}," figura. Prekeni që të shkarkohen."],"few":["Ky email përmban ",{"t":"idOrVar","v":"n"}," figura. Prekeni që të shkarkohen."],"many":["Ky email përmban ",{"t":"idOrVar","v":"n"}," figura. Prekeni që të shkarkohen."],"other":["Ky email përmban ",{"t":"idOrVar","v":"n"}," figura. Prekeni që të shkarkohen."]},"$x":[{"t":"idOrVar","v":"plural"},"n"]},{"$i":"message-show-external-images","$v":"Shfaq figura të jashtme"},{"$i":"message-multiedit-cancel","$v":"Anuloje"},{"$i":"message-multiedit-delete-confirm","$v":{"one":"Të fshihet ky mesazh email?","two":["Të fshihen ",{"t":"idOrVar","v":"n"}," mesazhet email?"],"few":["Të fshihen ",{"t":"idOrVar","v":"n"}," mesazhet email?"],"many":["Të fshihen ",{"t":"idOrVar","v":"n"}," mesazhet email?"],"other":["Të fshihen ",{"t":"idOrVar","v":"n"}," mesazhet email?"]},"$x":[{"t":"idOrVar","v":"plural"},"n"]},{"$i":"message-large-message-cancel","$v":"Anuloje"},{"$i":"message-large-message-ok","$v":"Vazhdo"},{"$i":"message-large-message-confirm","$v":"Ky mesazh është i madh dhe mund të dojë ca kohë të shkarkohet."},{"$i":"message-search-from","$v":"Nga"},{"$i":"message-search-to","$v":"Për"},{"$i":"message-search-subject","$v":"Subjekti"},{"$i":"message-search-body","$v":"Lënda"},{"$i":"message-search-all","$v":"Krejt"},{"$i":"message-search-input","placeholder":"Kërkoni te Posta"},{"$i":"message-search-cancel","$v":"Anuloje"},{"$i":"messages-syncing","$v":"Po Ngarkohen Mesazhet"},{"$i":"messages-load-more","$v":"Ngarko Më Tepër Mesazhe"},{"$i":"messages-folder-empty","$v":"Nuk ka postë në këtë Dosje"},{"$i":"messages-search-empty","$v":"Pa përputhje te mesazhe të ruajtur në fshehtinë vendore"},{"$i":"messages-folder-select","$v":"Përzgjidhni dosje"},{"$i":"messages-folder-unread-max","$v":"999+"},{"$i":"message-contact-menu-create","$v":"Ruaje kontaktin e ri"},{"$i":"message-contact-menu-add-existing","$v":"Shtoje te kontakt ekzistues"},{"$i":"message-contact-menu-view","$v":"Shihni kontaktin"},{"$i":"message-contact-menu-reply","$v":"Përgjigjjuni"},{"$i":"message-contact-menu-new","$v":"Dërgoni postë të re"},{"$i":"message-reply-menu-reply","$v":"Përgjigjiuni"},{"$i":"message-reply-menu-reply-all","$v":"Përgjigjiuni të Tërëve"},{"$i":"message-reply-menu-forward","$v":"Përcille"},{"$i":"message-reply-menu-cancel","$v":"Anuloje"},{"$i":"reply-quoting-wrote","$v":"{name} shkroi"},{"$i":"forward-original-message","$v":"Mesazhi origjinal"},{"$i":"forward-header-subject","$v":"Subjekt"},{"$i":"forward-header-date","$v":"Datë"},{"$i":"forward-header-from","$v":"Nga"},{"$i":"forward-header-reply-to","$v":"Përgjigjuni-Te"},{"$i":"forward-header-to","$v":"Për"},{"$i":"forward-header-cc","$v":"Cc"},{"$i":"folder-inbox","$v":"Të marra"},{"$i":"folder-sent","$v":"Të dërguara"},{"$i":"folder-drafts","$v":"Skica"},{"$i":"folder-trash","$v":"Hedhurina"},{"$i":"folder-queue","$v":"Të padërguara"},{"$i":"folder-junk","$v":"Të pavlera"},{"$i":"folder-archives","$v":"Arkiva"},{"$i":"folder-localdrafts","$v":"Skica Vendore"},{"$i":"folder-outbox","$v":"Për Dërgim"},{"$i":"drawer-back","$v":"Mbrapsht"},{"$i":"drawer-accounts-header","$v":"Llogari"},{"$i":"drawer-settings-link","$v":"Rregullime"},{"$i":"folder-last-synced-label","$v":"Së fundi më:"},{"$i":"messages-refresh-button","ariaLabel":"Rifreskoje"},{"$i":"messages-refresh-progress","ariaValueText":"Po rifreskohet"},{"$i":"edit-button","ariaLabel":"Përpunoni"},{"$i":"message-list-top-action","$v":"Në Krye"},{"$i":"message-list-menu","ariaLabel":"Dosje dhe rregullime"},{"$i":"message-list-compose","ariaLabel":"Compose"},{"$i":"toaster-undo","$v":"Zhbëje"},{"$i":"toaster-message-star","$v":{"one":"Iu vu shenjë 1 mesazhi","two":["Iu vu shenjë ",{"t":"idOrVar","v":"n"}," mesazheve"],"few":["Iu vu shenjë ",{"t":"idOrVar","v":"n"}," mesazheve"],"many":["Iu vu shenjë ",{"t":"idOrVar","v":"n"}," mesazheve"],"other":["Iu vu shenjë ",{"t":"idOrVar","v":"n"}," mesazheve"]},"$x":[{"t":"idOrVar","v":"plural"},"n"]},{"$i":"toaster-message-unstar","$v":{"one":"Iu hoq shenja 1 mesazhi","two":["Iu hoq shenja ",{"t":"idOrVar","v":"n"}," mesazheve"],"few":["Iu hoq shenja ",{"t":"idOrVar","v":"n"}," mesazheve"],"many":["Iu hoq shenja ",{"t":"idOrVar","v":"n"}," mesazheve"],"other":["Iu hoq shenja ",{"t":"idOrVar","v":"n"}," mesazheve"]},"$x":[{"t":"idOrVar","v":"plural"},"n"]},{"$i":"toaster-message-read","$v":{"one":"U shënua si i lexuar 1 mesazh","two":["U shënuan si të lexuar ",{"t":"idOrVar","v":"n"}," mesazhe"],"few":["U shënuan si të lexuar ",{"t":"idOrVar","v":"n"}," mesazhe"],"many":["U shënuan si të lexuar ",{"t":"idOrVar","v":"n"}," mesazhe"],"other":["U shënuan si të lexuar ",{"t":"idOrVar","v":"n"}," mesazhe"]},"$x":[{"t":"idOrVar","v":"plural"},"n"]},{"$i":"toaster-message-unread","$v":{"one":"U shënua si i palexuar 1 mesazh","two":["U shënuan si të palexuar ",{"t":"idOrVar","v":"n"}," mesazhe"],"few":["U shënuan si të palexuar ",{"t":"idOrVar","v":"n"}," mesazhe"],"many":["U shënuan si të palexuar ",{"t":"idOrVar","v":"n"}," mesazhe"],"other":["U shënuan si të palexuar ",{"t":"idOrVar","v":"n"}," mesazhe"]},"$x":[{"t":"idOrVar","v":"plural"},"n"]},{"$i":"toaster-message-move","$v":{"one":"U hoq 1 mesazh","two":["U hoqën ",{"t":"idOrVar","v":"n"}," mesazhe"],"few":["U hoqën ",{"t":"idOrVar","v":"n"}," mesazhe"],"many":["U hoqën ",{"t":"idOrVar","v":"n"}," mesazhe"],"other":["U hoqën ",{"t":"idOrVar","v":"n"}," mesazhe"]},"$x":[{"t":"idOrVar","v":"plural"},"n"]},{"$i":"toaster-message-delete","$v":{"one":"U fshi 1 mesazh","two":["U fshinë ",{"t":"idOrVar","v":"n"}," mesazhe"],"few":["U fshinë ",{"t":"idOrVar","v":"n"}," mesazhe"],"many":["U fshinë ",{"t":"idOrVar","v":"n"}," mesazhe"],"other":["U fshinë ",{"t":"idOrVar","v":"n"}," mesazhe"]},"$x":[{"t":"idOrVar","v":"plural"},"n"]},{"$i":"toaster-retryable-syncfailed","$v":"Nuk arrin të lidhet me shërbyesin"},{"$i":"compose-invalid-addresses-title","$v":"Adresa të Pavlefshme"},{"$i":"compose-invalid-addresses-description","$v":"Mesazhi juaj përmban një ose disa adresa email të pavlefshme. Ju lutemi, ndreqini, përpara se ta dërgoni."},{"$i":"background-send-pending","$v":"Pa rrjet gati për përdorim. Email-i u ruajt te të dërguarat."},{"$i":"background-send-sending","$v":"Po dërgohet postë…"},{"$i":"background-send-success","$v":"Email-i u dërgua."},{"$i":"background-send-error","$v":"Ndodhi një gabim. Email-i u ruajt te të dërguarat."},{"$i":"background-send-error-recipients","$v":"Gabim marrësi. Email-i u ruajt te të dërguarat."},{"$i":"background-send-error-title","$v":"Dërgimi i postës dështoi"},{"$i":"send-failure-recipients","$v":"Kontrolloni drejtshkrimin e adresave më sipër. Shërbyesi juaj i postës sinjalizoi se një ose më tepër nga adresat më sipër janë të pasakta."},{"$i":"send-failure-unknown","$v":"Mesazhi nuk u dërgua dot."},{"$i":"form-clear-input","$v":"Hiqe tekstin"},{"$i":"confirm-dialog-title","$v":"Ripohim"},{"$i":"senders-separation-sign","$v":", "},{"$i":"new-messages","$v":{"one":"1 Mesazh i Ri","two":[{"t":"idOrVar","v":"n"}," Mesazhe të Rinj"],"few":[{"t":"idOrVar","v":"n"}," Mesazhe të Rinj"],"many":[{"t":"idOrVar","v":"n"}," Mesazhe të Rinj"],"other":[{"t":"idOrVar","v":"n"}," Mesazhe të Rinj"]},"$x":[{"t":"idOrVar","v":"plural"},"n"]},{"$i":"notification-no-subject","$v":"(no subject)"},{"$i":"new-emails-notify-one-account","$v":{"one":"1 Email i Ri","two":[{"t":"idOrVar","v":"n"}," Email-e të Rinj"],"few":[{"t":"idOrVar","v":"n"}," Email-e të Rinj"],"many":[{"t":"idOrVar","v":"n"}," Email-e të Rinj"],"other":[{"t":"idOrVar","v":"n"}," Email-e të Rinj"]},"$x":[{"t":"idOrVar","v":"plural"},"n"]},{"$i":"new-emails-notify-multiple-accounts","$v":{"one":["1 Email i Ri te (",{"t":"idOrVar","v":"accountName"},")"],"two":[{"t":"idOrVar","v":"n"}," Email-e të Rinj (",{"t":"idOrVar","v":"accountName"},")"],"few":[{"t":"idOrVar","v":"n"}," Email-e të Rinj (",{"t":"idOrVar","v":"accountName"},")"],"many":[{"t":"idOrVar","v":"n"}," Email-e të Rinj (",{"t":"idOrVar","v":"accountName"},")"],"other":[{"t":"idOrVar","v":"n"}," Email-e të Rinj (",{"t":"idOrVar","v":"accountName"},")"]},"$x":[{"t":"idOrVar","v":"plural"},"n"]},{"$i":"new-emails-notify-multiple-accounts-body","$v":[{"t":"idOrVar","v":"from"}," “",{"t":"idOrVar","v":"subject"},"”"]},{"$i":"tng-plain-socket-warning-title","$v":"Jeni i sigurt?"},{"$i":"tng-plain-socket-warning-message","$v":"Persona të tjerë mund të jenë në gjendje të shohin fjalëkalimet ose email-et tuaj, ose të kontrollojnë llogarinë tuaj."},{"$i":"tng-plain-socket-warning-message-options","$v":"Ka plot ofrues email-i falas, që ofrojnë lidhje më të sigurta, të fshehtëzuara."},{"$i":"tng-plain-socket-learn-more","$v":"Mësoni më tepër"},{"$i":"tng-plain-socket-warning-ok","$v":"E kuptoj"},{"$i":"message-reader-next-button","ariaLabel":"Pasuesi"},{"$i":"message-reader-previous-button","ariaLabel":"I mëparshmi"},{"$i":"message-reader-date-received","ariaLabel":"Marrë më"},{"$i":"weekday-0-long","$v":"E diel"},{"$i":"weekday-1-long","$v":"E hënë"},{"$i":"weekday-2-long","$v":"E martë"},{"$i":"weekday-3-long","$v":"E mërkurë"},{"$i":"weekday-4-long","$v":"E enjte"},{"$i":"weekday-5-long","$v":"E premte"},{"$i":"weekday-6-long","$v":"E shtunë"},{"$i":"weekday-0-short","$v":"Die"},{"$i":"weekday-1-short","$v":"Hën"},{"$i":"weekday-2-short","$v":"Mar"},{"$i":"weekday-3-short","$v":"Mër"},{"$i":"weekday-4-short","$v":"Enj"},{"$i":"weekday-5-short","$v":"Pre"},{"$i":"weekday-6-short","$v":"Sht"},{"$i":"month-0-long","$v":"Janar"},{"$i":"month-1-long","$v":"Shkurt"},{"$i":"month-2-long","$v":"Mars"},{"$i":"month-3-long","$v":"Prill"},{"$i":"month-4-long","$v":"Maj"},{"$i":"month-5-long","$v":"Qershor"},{"$i":"month-6-long","$v":"Korrik"},{"$i":"month-7-long","$v":"Gusht"},{"$i":"month-8-long","$v":"Shtator"},{"$i":"month-9-long","$v":"Tetor"},{"$i":"month-10-long","$v":"Nëntor"},{"$i":"month-11-long","$v":"Dhjetor"},{"$i":"month-0-genitive","$v":"të Janarit"},{"$i":"month-1-genitive","$v":"të Shkurtit"},{"$i":"month-2-genitive","$v":"të Marsit"},{"$i":"month-3-genitive","$v":"të Prillit"},{"$i":"month-4-genitive","$v":"të Majit"},{"$i":"month-5-genitive","$v":"të Qershorit"},{"$i":"month-6-genitive","$v":"të Korrikut"},{"$i":"month-7-genitive","$v":"të Gushtit"},{"$i":"month-8-genitive","$v":"të Shtatorit"},{"$i":"month-9-genitive","$v":"të Tetorit"},{"$i":"month-10-genitive","$v":"të Nëntorit"},{"$i":"month-11-genitive","$v":"të Dhjetorit"},{"$i":"month-0-short","$v":"Jan"},{"$i":"month-1-short","$v":"Shk"},{"$i":"month-2-short","$v":"Mar"},{"$i":"month-3-short","$v":"Pri"},{"$i":"month-4-short","$v":"Maj"},{"$i":"month-5-short","$v":"Qer"},{"$i":"month-6-short","$v":"Kor"},{"$i":"month-7-short","$v":"Gus"},{"$i":"month-8-short","$v":"Sht"},{"$i":"month-9-short","$v":"Tet"},{"$i":"month-10-short","$v":"Nën"},{"$i":"month-11-short","$v":"Dhj"},{"$i":"minutes-ago-long","$v":{"zero":"mu tani","one":"një minutë më parë","two":[{"t":"idOrVar","v":"value"}," minuta më parë"],"few":[{"t":"idOrVar","v":"value"}," minuta më parë"],"many":[{"t":"idOrVar","v":"value"}," minuta më parë"],"other":[{"t":"idOrVar","v":"value"}," minuta më parë"]},"$x":[{"t":"idOrVar","v":"plural"},"value"]},{"$i":"hours-ago-long","$v":{"zero":"mu tani","one":"një orë më parë","two":[{"t":"idOrVar","v":"value"}," orë më parë"],"few":[{"t":"idOrVar","v":"value"}," orë më parë"],"many":[{"t":"idOrVar","v":"value"}," orë më parë"],"other":[{"t":"idOrVar","v":"value"}," orë më parë"]},"$x":[{"t":"idOrVar","v":"plural"},"value"]},{"$i":"days-ago-long","$v":{"zero":"sot","one":"dje","two":[{"t":"idOrVar","v":"value"}," ditë më parë"],"few":[{"t":"idOrVar","v":"value"}," ditë më parë"],"many":[{"t":"idOrVar","v":"value"}," ditë më parë"],"other":[{"t":"idOrVar","v":"value"}," ditë më parë"]},"$x":[{"t":"idOrVar","v":"plural"},"value"]},{"$i":"weeks-ago-long","$v":{"zero":"këtë javë","one":"javën e kaluar","two":[{"t":"idOrVar","v":"value"}," javë më parë"],"few":[{"t":"idOrVar","v":"value"}," javë më parë"],"many":[{"t":"idOrVar","v":"value"}," javë më parë"],"other":[{"t":"idOrVar","v":"value"}," javë më parë"]},"$x":[{"t":"idOrVar","v":"plural"},"value"]},{"$i":"months-ago-long","$v":{"zero":"këtë muaj","one":"muajin e kaluar","two":[{"t":"idOrVar","v":"value"}," muaj më parë"],"few":[{"t":"idOrVar","v":"value"}," muaj më parë"],"many":[{"t":"idOrVar","v":"value"}," muaj më parë"],"other":[{"t":"idOrVar","v":"value"}," muaj më parë"]},"$x":[{"t":"idOrVar","v":"plural"},"value"]},{"$i":"years-ago-long","$v":{"zero":"këtë vit","one":"vitin e kaluar","two":[{"t":"idOrVar","v":"value"}," vite më parë"],"few":[{"t":"idOrVar","v":"value"}," vite më parë"],"many":[{"t":"idOrVar","v":"value"}," vite më parë"],"other":[{"t":"idOrVar","v":"value"}," vite më parë"]},"$x":[{"t":"idOrVar","v":"plural"},"value"]},{"$i":"minutes-until-long","$v":{"zero":"tani","one":"për një minutë","two":["për ",{"t":"idOrVar","v":"value"}," minuta"],"few":["për ",{"t":"idOrVar","v":"value"}," minuta"],"many":["për ",{"t":"idOrVar","v":"value"}," minuta"],"other":["për ",{"t":"idOrVar","v":"value"}," minuta"]},"$x":[{"t":"idOrVar","v":"plural"},"value"]},{"$i":"hours-until-long","$v":{"zero":"tani","one":"për një orë","two":["për ",{"t":"idOrVar","v":"value"}," orë"],"few":["për ",{"t":"idOrVar","v":"value"}," orë"],"many":["për ",{"t":"idOrVar","v":"value"}," orë"],"other":["për ",{"t":"idOrVar","v":"value"}," orë"]},"$x":[{"t":"idOrVar","v":"plural"},"value"]},{"$i":"days-until-long","$v":{"zero":"sot","one":"nesër","two":["për ",{"t":"idOrVar","v":"value"}," ditë"],"few":["për ",{"t":"idOrVar","v":"value"}," ditë"],"many":["për ",{"t":"idOrVar","v":"value"}," ditë"],"other":["për ",{"t":"idOrVar","v":"value"}," ditë"]},"$x":[{"t":"idOrVar","v":"plural"},"value"]},{"$i":"weeks-until-long","$v":{"zero":"këtë javë","one":"javën pasuese","two":["për ",{"t":"idOrVar","v":"value"}," javë"],"few":["për ",{"t":"idOrVar","v":"value"}," javë"],"many":["për ",{"t":"idOrVar","v":"value"}," javë"],"other":["për ",{"t":"idOrVar","v":"value"}," javë"]},"$x":[{"t":"idOrVar","v":"plural"},"value"]},{"$i":"months-until-long","$v":{"zero":"këtë muaj","one":"muajin pasues","two":["për ",{"t":"idOrVar","v":"value"}," muaj"],"few":["për ",{"t":"idOrVar","v":"value"}," muaj"],"many":["për ",{"t":"idOrVar","v":"value"}," muaj"],"other":["për ",{"t":"idOrVar","v":"value"}," muaj"]},"$x":[{"t":"idOrVar","v":"plural"},"value"]},{"$i":"years-until-long","$v":{"zero":"këtë vit","one":"vitin pasues","two":["për ",{"t":"idOrVar","v":"value"}," vjet"],"few":["për ",{"t":"idOrVar","v":"value"}," vjet"],"many":["për ",{"t":"idOrVar","v":"value"}," vjet"],"other":["për ",{"t":"idOrVar","v":"value"}," vjet"]},"$x":[{"t":"idOrVar","v":"plural"},"value"]},{"$i":"minutes-ago-short","$v":{"zero":"mu tani","other":[{"t":"idOrVar","v":"value"},"m më parë"]},"$x":[{"t":"idOrVar","v":"plural"},"value"]},{"$i":"hours-ago-short","$v":{"zero":"mu tani","other":[{"t":"idOrVar","v":"value"},"h më parë"]},"$x":[{"t":"idOrVar","v":"plural"},"value"]},{"$i":"days-ago-short","$v":{"zero":"sot","other":[{"t":"idOrVar","v":"value"},"d më parë"]},"$x":[{"t":"idOrVar","v":"plural"},"value"]},{"$i":"minutes-until-short","$v":{"zero":"tani","other":["për ",{"t":"idOrVar","v":"value"},"m"]},"$x":[{"t":"idOrVar","v":"plural"},"value"]},{"$i":"hours-until-short","$v":{"zero":"tani","other":["për ",{"t":"idOrVar","v":"value"},"h"]},"$x":[{"t":"idOrVar","v":"plural"},"value"]},{"$i":"days-until-short","$v":{"zero":"sot","other":["për ",{"t":"idOrVar","v":"value"},"d"]},"$x":[{"t":"idOrVar","v":"plural"},"value"]},{"$i":"incorrectDate","$v":"(datë e pasaktë)"},{"$i":"dateTimeFormat_%c","$v":"%a %e %b %Y %I:%M:%S %p"},{"$i":"dateTimeFormat_%x","$v":"%m/%d/%Y"},{"$i":"dateTimeFormat_%X","$v":"%I:%M:%S %p"},{"$i":"shortTimeFormat","$v":"%I:%M %p"},{"$i":"shortTimeFormat12","$v":"%I:%M %p"},{"$i":"shortTimeFormat24","$v":"%H:%M"},{"$i":"shortDateTimeFormat","$v":"%x %I:%M %p"},{"$i":"weekStartsOnMonday","$v":"0"},{"$i":"firstDayOfTheWeek","$v":"0"},{"$i":"time_am","$v":"AM"},{"$i":"time_pm","$v":"PM"}]