[{"$i":"back-button","ariaLabel":"Назад"},{"$i":"close-button","ariaLabel":"Затвори"},{"$i":"setup-app-name-header","$v":"Е-пошта"},{"$i":"setup-empty-account-message","$v":"You are not set up to send or receive email. Set up an account to complete the action."},{"$i":"setup-pick-service","$v":"Да бисте слали и примали e-пошту, требате подесити налог."},{"$i":"setup-account-header3","$v":"Нов налог"},{"$i":"setup-account-enter-password","$v":"Унесите лозинку за:"},{"$i":"setup-info-name","placeholder":"Ваше име"},{"$i":"setup-info-email","placeholder":"korisnik@domen.com"},{"$i":"setup-info-password","placeholder":"Лозинка"},{"$i":"setup-info-next","$v":"Следеће"},{"$i":"setup-progress-wait-msg","$v":"Подешавање налога"},{"$i":"setup-completed-header","$v":"Подешавање налога"},{"$i":"setup-completed-label","$v":"Готово!"},{"$i":"setup-add-another-account","$v":"Додај нови налог"},{"$i":"setup-show-mail","$v":"Настави на е-пошту"},{"$i":"setup-error-offline","$v":"Овај уређај је тренутно ван мреже. Прикључите се на мрежу и покушајте поново."},{"$i":"setup-error-bad-user-or-pass2","$v":"Неисправно корисничко име или лозинка. Проверите има ли грешака у писању."},{"$i":"setup-error-bad-address","$v":"Неисправна е-пошта. Проверите има ли грешака у писању."},{"$i":"setup-error-not-authorized","$v":"Сервер јавља да нисте овлашћени за прављење налога"},{"$i":"setup-error-pop-server-not-great","$v":"Сервер није подржан. POP3 сервер не садржи захтеване могућности."},{"$i":"setup-error-unknown2","$v":"Десила се непозната грешка. Проверите своју мрежну везу или покушајте ручно подешавање."},{"$i":"setup-error-needs-app-pass","$v":"Морате користити посебну лозинку за апликације код Gmail налога."},{"$i":"setup-error-imap-disabled","$v":"Морате омогућити IMAP протокол за Ваш Gmail налог"},{"$i":"setup-error-pop3-disabled","$v":"Морате омогућити POP3 за Ваш Gmail налог"},{"$i":"setup-error-bad-security","$v":["Није могуће успоставити безбедну везу са „",{"t":"idOrVar","v":"server"},"“. Можда имате потешкоћа са мрежом или сервером."]},{"$i":"setup-error-unresponsive-server","$v":["Неуспешно успостављање везе са „",{"t":"idOrVar","v":"server"},"“. Можда постоји проблем са мрежом."]},{"$i":"setup-error-server-problem","$v":["Сервер „",{"t":"idOrVar","v":"server"},"“ има потешкоће. Покушајте поново касније."]},{"$i":"setup-error-no-config-info","$v":"Аутоматско подешавање Вашег налога није успело. Исправите адресу е-поште или покушајте са могућношћу ручног подешавања."},{"$i":"setup-error-server-maintenance","$v":["Сервер „",{"t":"idOrVar","v":"server"},"“ је ван мреже због одржавања. Покушајте поново касније."]},{"$i":"setup-error-account-already-exists","$v":"Овај налог је већ подешен."},{"$i":"setup-manual-config2","$v":"Ручно подешавање"},{"$i":"setup-manual-config-header","$v":"Подешавање"},{"$i":"setup-manual-account-type","$v":"Врста налога"},{"$i":"setup-manual-account-type-select","ariaLabel":"Врста налога"},{"$i":"setup-manual-imap-header","$v":"IMAP поставке"},{"$i":"setup-manual-pop3-header","$v":"POP3 поставке"},{"$i":"setup-manual-smtp-header","$v":"SMTP поставке"},{"$i":"setup-manual-activesync-header","$v":"ActiveSync поставке"},{"$i":"setup-manual-next","$v":"Даље"},{"$i":"setup-manual-socket","$v":"Врста прикључка"},{"$i":"setup-manual-socket-ssl","$v":"SSL"},{"$i":"setup-manual-socket-starttls","$v":"STARTTLS"},{"$i":"setup-manual-socket-select","ariaLabel":"Безбедност везе"},{"$i":"setup-manual-socket-plain","$v":"Нешифрована (несигурна)"},{"$i":"setup-manual-hostname","placeholder":"Назив host-а"},{"$i":"setup-manual-port","placeholder":"Порт"},{"$i":"setup-manual-username","placeholder":"Корисничко име"},{"$i":"setup-manual-activesync-username","placeholder":"Домен\\Корисничко име"},{"$i":"setup-bad-password-header","$v":"Неисправна лозинка!"},{"$i":"setup-bad-password","$v":"Пријава на сервер није успела. Да ли је лозинка исправна?"},{"$i":"setup-new-password","placeholder":"Нова лозинка"},{"$i":"setup-fix-password","$v":"Покушајте поново са новом лозинком"},{"$i":"setup-gmail-twofactor-header","$v":"Two-Factor омогућен"},{"$i":"setup-gmail-twofactor-message","$v":"Испод треба унети лозинку издану за ову апликацију."},{"$i":"setup-gmail-twofactor-fix","$v":"Употребите лозинку апликације"},{"$i":"setup-gmail-imap-header","$v":"IMAP је онемогућен"},{"$i":"setup-gmail-imap-message","$v":"Морате омогућити IMAP на Вашем Gmail налогу"},{"$i":"setup-gmail-imap-retry","$v":"Покушај"},{"$i":"setup-gmail-pop3-header","$v":"POP3 онемогућен"},{"$i":"setup-gmail-pop3-message","$v":"Морате омогућити POP3 на Вашем Gmail налогу"},{"$i":"setup-gmail-pop3-retry","$v":"Покушај"},{"$i":"setup-fix-oauth2-header","$v":"Поново овласти е-пошту"},{"$i":"setup-fix-oauth2-description","$v":"Е-пошта мора поново да се овласти за приступ следећим налозима:"},{"$i":"setup-fix-oauth2-reauthorize","$v":"Поново овласти"},{"$i":"settings-main-header","$v":"Поставке"},{"$i":"settings-sub-header-account","$v":"Налог"},{"$i":"settings-account-group","ariaLabel":"Налог"},{"$i":"settings-account-name","$v":"Ваше име"},{"$i":"settings-account-display-notifications","$v":"Прикажи обавештења за нове поруке"},{"$i":"settings-account-play-sound-onsend","$v":"Пусти звук након што је порука послата"},{"$i":"settings-empty-signature-label","$v":"Притисните да уредите"},{"$i":"settings-account-signature-label","$v":"Потпис"},{"$i":"settings-account-signature-textbox","ariaLabel":"Потпис"},{"$i":"signature-save","$v":"Сачувај потпис"},{"$i":"signature-discard-confirm","$v":"Одбаци"},{"$i":"settings-sub-header-data","$v":"Подаци"},{"$i":"settings-data-group","ariaLabel":"Подаци"},{"$i":"settings-account-check-mail","$v":"Провери нове поруке"},{"$i":"settings-account-check-mail-select","ariaLabel":"Провери нове поруке"},{"$i":"settings-sub-header-server","$v":"Поставке сервера"},{"$i":"settings-server-group","ariaLabel":"Поставке сервера"},{"$i":"settings-account-userpass","$v":"Корисничко име и лозинка"},{"$i":"settings-account-useroauth2","$v":"Корисничко име"},{"$i":"settings-default-signature-2","$v":"Послато преко Firefox OS"},{"$i":"settings-done","$v":"Завршено"},{"$i":"settings-account-section","$v":"Налози"},{"$i":"settings-account-listbox","ariaLabel":"Налози"},{"$i":"settings-account-add","$v":"Додај налог"},{"$i":"settings-account-delete","$v":"Обриши налог"},{"$i":"settings-account-delete-prompt","$v":["Да ли сте сигурни да желите обрисати ",{"t":"idOrVar","v":"account"}," налог e-поште? Мораћете опет преузети све поруке ако поново правите налог."]},{"$i":"settings-account-delete-cancel","$v":"Откажи"},{"$i":"settings-account-delete-confirm","$v":"Обриши"},{"$i":"settings-account-clarify-imap","$v":[{"t":"idOrVar","v":"account-name"}," (IMAP)"]},{"$i":"settings-account-clarify-pop3","$v":[{"t":"idOrVar","v":"account-name"}," (POP3)"]},{"$i":"settings-account-clarify-smtp","$v":[{"t":"idOrVar","v":"account-name"}," (SMTP)"]},{"$i":"settings-general-section","$v":"Опште поставке"},{"$i":"settings-show-images","$v":"Увек приказуј слике"},{"$i":"settings-download-attachments","$v":"Преузимај прилоге"},{"$i":"settings-check-every-5min","$v":"Сваких 5 минута"},{"$i":"settings-check-every-10min","$v":"Сваких 10 минута"},{"$i":"settings-check-every-15min","$v":"Сваких 15 минута"},{"$i":"settings-check-every-30min","$v":"Сваких 30 минута"},{"$i":"settings-check-every-60min","$v":"Сваки сат"},{"$i":"settings-check-every-manual","$v":"Ручно"},{"$i":"settings-check-dynamic","$v":{"zero":"онемогућено","one":[{"t":"idOrVar","v":"n"}," секунда"],"two":[{"t":"idOrVar","v":"n"}," секунде"],"few":[{"t":"idOrVar","v":"n"}," секунди"],"many":[{"t":"idOrVar","v":"n"}," секунди"],"other":[{"t":"idOrVar","v":"n"}," секунди"]},"$x":[{"t":"idOrVar","v":"plural"},"n"]},{"$i":"settings-default-account","$v":"Подразумевани налог"},{"$i":"settings-account-type","$v":"Врста налога"},{"$i":"settings-account-credentials","$v":"Акредитиви"},{"$i":"settings-activesync-label","$v":"АctiveSync поставке"},{"$i":"settings-imap-label","$v":"IMAP поставке"},{"$i":"settings-pop3-label","$v":"POP3 поставке"},{"$i":"settings-smtp-label","$v":"SMTP поставке"},{"$i":"settings-hostname","$v":"Назив host-а"},{"$i":"settings-port","$v":"Порт"},{"$i":"settings-username","$v":"Корисничко име"},{"$i":"settings-password","$v":"Лозинка"},{"$i":"settings-save","$v":"Сачувај"},{"$i":"settings-password-empty","$v":"Поља за унос лозинке не смеју бити празна"},{"$i":"settings-reauth","$v":"Поново овласти"},{"$i":"settings-account-synchronize-window","$v":"Дани за синхронизацију"},{"$i":"settings-account-synchronize-window-select","ariaLabel":"Дани за синхронизацију"},{"$i":"settings-synchronize-auto","$v":"Аутоматски"},{"$i":"settings-synchronize-one-day","$v":"1 дан"},{"$i":"settings-synchronize-three-days","$v":"3 дана"},{"$i":"settings-synchronize-one-week","$v":"1 недеља"},{"$i":"settings-synchronize-two-weeks","$v":"2 недеље"},{"$i":"settings-synchronize-one-month","$v":"1 месец"},{"$i":"settings-synchronize-all","$v":"Све поруке"},{"$i":"envelope-from","$v":"Од"},{"$i":"envelope-to","$v":"За"},{"$i":"envelope-cc","$v":"Cc"},{"$i":"envelope-bcc","$v":"Bcc"},{"$i":"message-header-state-sending","ariaLabel":"Шаљем"},{"$i":"message-header-state-error","ariaLabel":"Грешка при слању"},{"$i":"message-header-unread","ariaLabel":"Непрочитано"},{"$i":"message-header-starred","ariaLabel":"Има звездицу"},{"$i":"message-header-attachments","ariaLabel":"Има прилоге"},{"$i":"message-body-container","ariaLabel":"Тело поруке"},{"$i":"message-body-container-progress","ariaValueText":"Учитавам"},{"$i":"subject","ariaLabel":"Тема"},{"$i":"message-delete-button","ariaLabel":"Избриши"},{"$i":"message-star-button","ariaLabel":"Додај звездицу"},{"$i":"message-unstar-button","ariaLabel":"Уклони звездицу"},{"$i":"message-mark-read-button","ariaLabel":"Обележи као прочитано"},{"$i":"message-mark-unread-button","ariaLabel":"Обележи као непрочитано"},{"$i":"message-move-button","ariaLabel":"Премести"},{"$i":"message-reply-forward-button","ariaLabel":"Одговори или проследи"},{"$i":"download-button","ariaLabel":"Преузми"},{"$i":"downloading-progress","ariaValueText":"Преузимам"},{"$i":"view-button","ariaLabel":"Прикажи"},{"$i":"attachments-container","ariaLabel":"Прилози"},{"$i":"from-group","ariaLabel":"Од"},{"$i":"to-group","ariaLabel":"За"},{"$i":"cc-group","ariaLabel":"cc"},{"$i":"bcc-group","ariaLabel":"bcc"},{"$i":"compose-header","$v":"Састави поруку"},{"$i":"compose-header-short","$v":"Састави"},{"$i":"compose-send","$v":"Пошаљи"},{"$i":"compose-send-button","ariaLabel":"Пошаљи"},{"$i":"compose-to","$v":"За"},{"$i":"compose-cc","$v":"cc"},{"$i":"compose-bcc","$v":"bcc"},{"$i":"compose-contact-add","ariaLabel":"Додај контакт"},{"$i":"compose-attachments-container","ariaLabel":{"$x":[{"t":"idOrVar","v":"plural"},"kilobytes"],"$v":{"zero":"Прилози","one":["Прилози: ",{"t":"idOrVar","v":"kilobytes"},"K"],"two":["Прилози: ",{"t":"idOrVar","v":"kilobytes"},"K"],"few":["Прилози: ",{"t":"idOrVar","v":"kilobytes"},"K"],"many":["Прилози: ",{"t":"idOrVar","v":"kilobytes"},"K"],"other":["Прилози: ",{"t":"idOrVar","v":"kilobytes"},"K"]}}},{"$i":"compose-attachment-remove","ariaLabel":"Уклони"},{"$i":"compose-attachment-button","ariaLabel":"Прикачи"},{"$i":"compose-attachments","$v":{"zero":"Прилога","one":[{"t":"idOrVar","v":"n"}," прилог"],"two":[{"t":"idOrVar","v":"n"}," прилога"],"few":[{"t":"idOrVar","v":"n"}," прилога"],"many":[{"t":"idOrVar","v":"n"}," прилога"],"other":[{"t":"idOrVar","v":"n"}," прилога"]},"$x":[{"t":"idOrVar","v":"plural"},"n"]},{"$i":"compose-text","ariaLabel":"Уреди"},{"$i":"compose-attachment-still-working","$v":"Молим сачекајте, још увек радим на претходном прилогу…"},{"$i":"compose-subject","$v":"Тема"},{"$i":"compose-draft-save","$v":"Сними у фасцикли Недовршене"},{"$i":"compose-discard-confirm","$v":"Обриши"},{"$i":"compose-send-message-failed","$v":"Слање е-поште није успело"},{"$i":"composer-attachment-large","$v":"Прилог је превелик"},{"$i":"composer-attachments-large","$v":"Прилози су превелики"},{"$i":"compose-attchment-size-exceeded","$v":"Одабрани прилог је превелик за поруку."},{"$i":"compose-attchments-size-exceeded","$v":"Одабрани прилози су превелики за ову поруку. Одаберите мање датотека."},{"$i":"dialog-button-ok","$v":"У реду"},{"$i":"default-attachment-filename","$v":["прилог",{"t":"idOrVar","v":"n"}]},{"$i":"attachment-size-kib","$v":[{"t":"idOrVar","v":"kilobytes"},"K"]},{"$i":"message-attachment-view","$v":"Прикажи"},{"$i":"message-attachment-did-not-open-label","$v":"Unable to open"},{"$i":"message-attachment-did-not-open-body","$v":"The device does not have an app that can open the attachment."},{"$i":"message-attachment-too-large","$v":"Датотека је превелика да би се преузела."},{"$i":"message-no-subject","$v":"(без теме)"},{"$i":"message-edit-menu-edit","$v":"Уреди"},{"$i":"message-edit-menu-delete","$v":"Обриши"},{"$i":"message-edit-delete-confirm","$v":"Обрисати поруку?"},{"$i":"message-send-attachment-disabled-confirm","$v":"Прилози не могу бити прослеђени."},{"$i":"message-multiedit-header","$v":{"zero":"Уреди","one":[{"t":"idOrVar","v":"n"}," одабрану"],"two":[{"t":"idOrVar","v":"n"}," одабране"],"few":[{"t":"idOrVar","v":"n"}," одабраних"],"many":[{"t":"idOrVar","v":"n"}," одабраних"],"other":[{"t":"idOrVar","v":"n"}," одабраних"]},"$x":[{"t":"idOrVar","v":"plural"},"n"]},{"$i":"browse-to-url-prompt","$v":["Посетити адресу?: ",{"t":"idOrVar","v":"url"}]},{"$i":"message-download-images-tap","$v":{"one":"Ова порука садржи једну слику. Притисните за преузимање.","two":["Ова порука садржи ",{"t":"idOrVar","v":"n"}," слике. Притисните за преузимање."],"few":["Ова порука садржи ",{"t":"idOrVar","v":"n"}," слика. Притисните за преузимање."],"many":["Ова порука садржи ",{"t":"idOrVar","v":"n"}," слика. Притисните за преузимање."],"other":["Ова порука садржи ",{"t":"idOrVar","v":"n"}," слика. Притисните за преузимање."]},"$x":[{"t":"idOrVar","v":"plural"},"n"]},{"$i":"message-show-external-images","$v":"Приказуј спољне слике"},{"$i":"message-multiedit-cancel","$v":"Откажи"},{"$i":"message-multiedit-delete-confirm","$v":{"one":"Обрисати ову поруку?","two":["Обрисати ",{"t":"idOrVar","v":"n"}," поруке?"],"few":["Обрисати ",{"t":"idOrVar","v":"n"}," порука?"],"many":["Обрисати ",{"t":"idOrVar","v":"n"}," порука?"],"other":["Обрисати ",{"t":"idOrVar","v":"n"}," порука?"]},"$x":[{"t":"idOrVar","v":"plural"},"n"]},{"$i":"message-large-message-cancel","$v":"Откажи"},{"$i":"message-large-message-ok","$v":"Настави"},{"$i":"message-large-message-confirm","$v":"Ова порука је велика и може потрајати док се не преузме."},{"$i":"message-search-from","$v":"Од"},{"$i":"message-search-to","$v":"За"},{"$i":"message-search-subject","$v":"Тема"},{"$i":"message-search-body","$v":"Текст"},{"$i":"message-search-all","$v":"Све"},{"$i":"message-search-input","placeholder":"Претражи поруке"},{"$i":"message-search-cancel","$v":"Откажи"},{"$i":"messages-syncing","$v":"Учитавање порука"},{"$i":"messages-load-more","$v":"Учитај још порука"},{"$i":"messages-folder-empty","$v":"Нема порука у овој фасцикли"},{"$i":"messages-search-empty","$v":"Нема поклапања у локално кешираним порукама"},{"$i":"messages-folder-select","$v":"Изабери фасциклу"},{"$i":"messages-folder-unread-max","$v":"999+"},{"$i":"message-contact-menu-create","$v":"Запамти нови контакт"},{"$i":"message-contact-menu-add-existing","$v":"Додај у постојећи контакт"},{"$i":"message-contact-menu-view","$v":"Погледај контакт"},{"$i":"message-contact-menu-reply","$v":"Одговори"},{"$i":"message-contact-menu-new","$v":"Пошаљи нову е-пошту"},{"$i":"message-reply-menu-reply","$v":"Одговори"},{"$i":"message-reply-menu-reply-all","$v":"Одговори свима"},{"$i":"message-reply-menu-forward","$v":"Проследи"},{"$i":"message-reply-menu-cancel","$v":"Откажи"},{"$i":"reply-quoting-wrote","$v":"{name} пише"},{"$i":"forward-original-message","$v":"Изворна порука"},{"$i":"forward-header-subject","$v":"Тема"},{"$i":"forward-header-date","$v":"Датум"},{"$i":"forward-header-from","$v":"Од"},{"$i":"forward-header-reply-to","$v":"Одговорити"},{"$i":"forward-header-to","$v":"За"},{"$i":"forward-header-cc","$v":"Cc"},{"$i":"folder-inbox","$v":"Пријемно сандуче"},{"$i":"folder-sent","$v":"Послато"},{"$i":"folder-drafts","$v":"Недовршене"},{"$i":"folder-trash","$v":"Смеће"},{"$i":"folder-queue","$v":"Непослато"},{"$i":"folder-junk","$v":"Отпад"},{"$i":"folder-archives","$v":"Складиште"},{"$i":"folder-localdrafts","$v":"Недовршене"},{"$i":"folder-outbox","$v":"За слање"},{"$i":"drawer-back","$v":"Назад"},{"$i":"drawer-accounts-header","$v":"Налози"},{"$i":"drawer-settings-link","$v":"Поставке"},{"$i":"folder-last-synced-label","$v":"Последња синхронизација:"},{"$i":"messages-refresh-button","ariaLabel":"Освежи"},{"$i":"messages-refresh-progress","ariaValueText":"Освежавам"},{"$i":"edit-button","ariaLabel":"Уреди"},{"$i":"message-list-top-action","$v":"На врх"},{"$i":"message-list-menu","ariaLabel":"Фасцикле и поставке"},{"$i":"message-list-compose","ariaLabel":"Compose"},{"$i":"toaster-undo","$v":"Поништи"},{"$i":"toaster-message-star","$v":{"one":"1 порука са постављеном ознаком","two":[{"t":"idOrVar","v":"n"}," поруке са постављеном ознаком"],"few":[{"t":"idOrVar","v":"n"}," порука са постављеном ознаком"],"many":[{"t":"idOrVar","v":"n"}," порука са постављеном ознаком"],"other":[{"t":"idOrVar","v":"n"}," порука са постављеном ознаком"]},"$x":[{"t":"idOrVar","v":"plural"},"n"]},{"$i":"toaster-message-unstar","$v":{"one":"Уклоњена 1 ознака поруке","two":["Уклоњене ",{"t":"idOrVar","v":"n"}," ознаке поруке"],"few":["Уклоњено ",{"t":"idOrVar","v":"n"}," ознака поруке"],"many":["Уклоњено ",{"t":"idOrVar","v":"n"}," ознака поруке"],"other":["Уклоњено ",{"t":"idOrVar","v":"n"}," ознака поруке"]},"$x":[{"t":"idOrVar","v":"plural"},"n"]},{"$i":"toaster-message-read","$v":{"one":"1 порука је означена као прочитана","two":[{"t":"idOrVar","v":"n"}," поруке су означене као прочитане"],"few":[{"t":"idOrVar","v":"n"}," порукa је означенo као прочитано"],"many":[{"t":"idOrVar","v":"n"}," порука је означено као прочитано"],"other":[{"t":"idOrVar","v":"n"}," порука је означено као прочитано"]},"$x":[{"t":"idOrVar","v":"plural"},"n"]},{"$i":"toaster-message-unread","$v":{"one":"1 порука је означена као непрочитана","two":[{"t":"idOrVar","v":"n"}," поруке су означене као непрочитане"],"few":[{"t":"idOrVar","v":"n"}," порукa је означено као непрочитанo"],"many":[{"t":"idOrVar","v":"n"}," порука је означено као непрочитанo"],"other":[{"t":"idOrVar","v":"n"}," порука је означено као непрочитанo"]},"$x":[{"t":"idOrVar","v":"plural"},"n"]},{"$i":"toaster-message-move","$v":{"one":"1 порука је премештена","two":[{"t":"idOrVar","v":"n"}," поруке су премештене"],"few":[{"t":"idOrVar","v":"n"}," порукa је премештено"],"many":[{"t":"idOrVar","v":"n"}," порука је премештено"],"other":[{"t":"idOrVar","v":"n"}," порука је премештено"]},"$x":[{"t":"idOrVar","v":"plural"},"n"]},{"$i":"toaster-message-delete","$v":{"one":"1 порука је обрисана","two":[{"t":"idOrVar","v":"n"}," поруке су обрисане"],"few":[{"t":"idOrVar","v":"n"}," порукa је обрисано"],"many":[{"t":"idOrVar","v":"n"}," порука је обрисано"],"other":[{"t":"idOrVar","v":"n"}," порука је обрисано"]},"$x":[{"t":"idOrVar","v":"plural"},"n"]},{"$i":"toaster-retryable-syncfailed","$v":"Неуспешно повезивање са сервером"},{"$i":"compose-invalid-addresses-title","$v":"Неважеће адресе"},{"$i":"compose-invalid-addresses-description","$v":"Ваша порука садржи једну или више неважећих адреса е-поште. Исправите их пре слања."},{"$i":"background-send-pending","$v":"Мрежа недоступна. Е-пошта је сачувана у За слање."},{"$i":"background-send-sending","$v":"Шаљем е-пошту…"},{"$i":"background-send-success","$v":"Е-пошта послата."},{"$i":"background-send-error","$v":"Дошло је до грешке. Е-пошта је сачувана у За слање."},{"$i":"background-send-error-recipients","$v":"Грешка прималаца. Е-пошта је сачувана у За слање."},{"$i":"background-send-error-title","$v":"Пошта није послата"},{"$i":"send-failure-recipients","$v":"Проверите правопис горе наведених адреса. Ваш сервер е-поште је назначио да је барем једна од наведених адреса нетачна."},{"$i":"send-failure-unknown","$v":"Ова порука нија могла бити послата."},{"$i":"form-clear-input","$v":"Уклони текст"},{"$i":"confirm-dialog-title","$v":"Потврда"},{"$i":"senders-separation-sign","$v":", "},{"$i":"new-messages","$v":{"one":"1 нова порука","two":[{"t":"idOrVar","v":"n"}," нове поруке"],"few":[{"t":"idOrVar","v":"n"}," нових порука"],"many":[{"t":"idOrVar","v":"n"}," нових порука"],"other":[{"t":"idOrVar","v":"n"}," нових порука"]},"$x":[{"t":"idOrVar","v":"plural"},"n"]},{"$i":"notification-no-subject","$v":"(no subject)"},{"$i":"new-emails-notify-one-account","$v":{"one":"1 нова е-пошта","two":[{"t":"idOrVar","v":"n"}," нове е-поште"],"few":[{"t":"idOrVar","v":"n"}," нових е-пошти"],"many":[{"t":"idOrVar","v":"n"}," нових е-пошти"],"other":[{"t":"idOrVar","v":"n"}," нових е-пошти"]},"$x":[{"t":"idOrVar","v":"plural"},"n"]},{"$i":"new-emails-notify-multiple-accounts","$v":{"one":["1 нова е-пошта за (",{"t":"idOrVar","v":"accountName"},")"],"two":[{"t":"idOrVar","v":"n"}," нове е-поште за (",{"t":"idOrVar","v":"accountName"},")"],"few":[{"t":"idOrVar","v":"n"}," нових е-пошти за (",{"t":"idOrVar","v":"accountName"},")"],"many":[{"t":"idOrVar","v":"n"}," нових е-пошти за (",{"t":"idOrVar","v":"accountName"},")"],"other":[{"t":"idOrVar","v":"n"}," нових е-пошти за (",{"t":"idOrVar","v":"accountName"},")"]},"$x":[{"t":"idOrVar","v":"plural"},"n"]},{"$i":"new-emails-notify-multiple-accounts-body","$v":[{"t":"idOrVar","v":"from"}," “",{"t":"idOrVar","v":"subject"},"”"]},{"$i":"tng-plain-socket-warning-title","$v":"Да ли сте сигурни?"},{"$i":"tng-plain-socket-warning-message","$v":"Други људи можда могу да виде Ваше лозинке и е-поште или да контролишу Ваш налог."},{"$i":"tng-plain-socket-warning-message-options","$v":"Постоји више провајдера бесплатне е-поште који нуде сигурније и шифроване везе."},{"$i":"tng-plain-socket-learn-more","$v":"Сазнајте више"},{"$i":"tng-plain-socket-warning-ok","$v":"Разумем"},{"$i":"message-reader-next-button","ariaLabel":"Следеће"},{"$i":"message-reader-previous-button","ariaLabel":"Претходно"},{"$i":"message-reader-date-received","ariaLabel":"Примљено"},{"$i":"weekday-0-long","$v":"Недеља"},{"$i":"weekday-1-long","$v":"Понедељак"},{"$i":"weekday-2-long","$v":"Уторак"},{"$i":"weekday-3-long","$v":"Среда"},{"$i":"weekday-4-long","$v":"Четвртак"},{"$i":"weekday-5-long","$v":"Петак"},{"$i":"weekday-6-long","$v":"Субота"},{"$i":"weekday-0-short","$v":"Нед"},{"$i":"weekday-1-short","$v":"Пон"},{"$i":"weekday-2-short","$v":"Уто"},{"$i":"weekday-3-short","$v":"Сре"},{"$i":"weekday-4-short","$v":"Чет"},{"$i":"weekday-5-short","$v":"Пет"},{"$i":"weekday-6-short","$v":"Суб"},{"$i":"month-0-long","$v":"јануар"},{"$i":"month-1-long","$v":"фебруар"},{"$i":"month-2-long","$v":"март"},{"$i":"month-3-long","$v":"април"},{"$i":"month-4-long","$v":"мај"},{"$i":"month-5-long","$v":"јун"},{"$i":"month-6-long","$v":"јул"},{"$i":"month-7-long","$v":"август"},{"$i":"month-8-long","$v":"септембар"},{"$i":"month-9-long","$v":"октобар"},{"$i":"month-10-long","$v":"новембар"},{"$i":"month-11-long","$v":"децембар"},{"$i":"month-0-genitive","$v":"јануара"},{"$i":"month-1-genitive","$v":"фебруара"},{"$i":"month-2-genitive","$v":"марта"},{"$i":"month-3-genitive","$v":"априла"},{"$i":"month-4-genitive","$v":"маја"},{"$i":"month-5-genitive","$v":"јуна"},{"$i":"month-6-genitive","$v":"јула"},{"$i":"month-7-genitive","$v":"августа"},{"$i":"month-8-genitive","$v":"септембра"},{"$i":"month-9-genitive","$v":"октобра"},{"$i":"month-10-genitive","$v":"новембра"},{"$i":"month-11-genitive","$v":"децембра"},{"$i":"month-0-short","$v":"јан"},{"$i":"month-1-short","$v":"феб"},{"$i":"month-2-short","$v":"мар"},{"$i":"month-3-short","$v":"апр"},{"$i":"month-4-short","$v":"мај"},{"$i":"month-5-short","$v":"јун"},{"$i":"month-6-short","$v":"јул"},{"$i":"month-7-short","$v":"авг"},{"$i":"month-8-short","$v":"сеп"},{"$i":"month-9-short","$v":"окт"},{"$i":"month-10-short","$v":"нов"},{"$i":"month-11-short","$v":"дец"},{"$i":"minutes-ago-long","$v":{"zero":"управо","one":"пре минут","two":["пре ",{"t":"idOrVar","v":"value"}," минута"],"few":["пре ",{"t":"idOrVar","v":"value"}," минута"],"many":["пре ",{"t":"idOrVar","v":"value"}," минута"],"other":["пре ",{"t":"idOrVar","v":"value"}," минута"]},"$x":[{"t":"idOrVar","v":"plural"},"value"]},{"$i":"hours-ago-long","$v":{"zero":"управо","one":"пре сат времена","two":["пре ",{"t":"idOrVar","v":"value"}," сата"],"few":["пре ",{"t":"idOrVar","v":"value"}," сати"],"many":["пре ",{"t":"idOrVar","v":"value"}," сати"],"other":["пре ",{"t":"idOrVar","v":"value"}," сати"]},"$x":[{"t":"idOrVar","v":"plural"},"value"]},{"$i":"days-ago-long","$v":{"zero":"данас","one":"јуче","two":["пре ",{"t":"idOrVar","v":"value"}," дана"],"few":["пре ",{"t":"idOrVar","v":"value"}," дана"],"many":["пре ",{"t":"idOrVar","v":"value"}," дана"],"other":["пре ",{"t":"idOrVar","v":"value"}," дана"]},"$x":[{"t":"idOrVar","v":"plural"},"value"]},{"$i":"weeks-ago-long","$v":{"zero":"ове недеље","one":"прошле недеље","two":["пре ",{"t":"idOrVar","v":"value"}," недеље"],"few":["пре ",{"t":"idOrVar","v":"value"}," недеља"],"many":["пре ",{"t":"idOrVar","v":"value"}," недеља"],"other":["пре ",{"t":"idOrVar","v":"value"}," недеља"]},"$x":[{"t":"idOrVar","v":"plural"},"value"]},{"$i":"months-ago-long","$v":{"zero":"овог месеца","one":"прошлог месеца","two":["пре ",{"t":"idOrVar","v":"value"}," месеца"],"few":["пре ",{"t":"idOrVar","v":"value"}," месеци"],"many":["пре ",{"t":"idOrVar","v":"value"}," месеци"],"other":["пре ",{"t":"idOrVar","v":"value"}," месеци"]},"$x":[{"t":"idOrVar","v":"plural"},"value"]},{"$i":"years-ago-long","$v":{"zero":"ове године","one":"прошле године","two":["пре ",{"t":"idOrVar","v":"value"}," године"],"few":["пре ",{"t":"idOrVar","v":"value"}," година"],"many":["пре ",{"t":"idOrVar","v":"value"}," година"],"other":["пре ",{"t":"idOrVar","v":"value"}," година"]},"$x":[{"t":"idOrVar","v":"plural"},"value"]},{"$i":"minutes-until-long","$v":{"zero":"управо","one":"за један минут","two":["за ",{"t":"idOrVar","v":"value"}," минута"],"few":["за ",{"t":"idOrVar","v":"value"}," минута"],"many":["за ",{"t":"idOrVar","v":"value"}," минута"],"other":["за ",{"t":"idOrVar","v":"value"}," минута"]},"$x":[{"t":"idOrVar","v":"plural"},"value"]},{"$i":"hours-until-long","$v":{"zero":"управо","one":"за сат времена","two":["за ",{"t":"idOrVar","v":"value"}," сата"],"few":["за ",{"t":"idOrVar","v":"value"}," сати"],"many":["за ",{"t":"idOrVar","v":"value"}," сати"],"other":["за ",{"t":"idOrVar","v":"value"}," сати"]},"$x":[{"t":"idOrVar","v":"plural"},"value"]},{"$i":"days-until-long","$v":{"zero":"данас","one":"сутра","two":["за ",{"t":"idOrVar","v":"value"}," дана"],"few":["за ",{"t":"idOrVar","v":"value"}," дана"],"many":["за ",{"t":"idOrVar","v":"value"}," дана"],"other":["за ",{"t":"idOrVar","v":"value"}," дана"]},"$x":[{"t":"idOrVar","v":"plural"},"value"]},{"$i":"weeks-until-long","$v":{"zero":"ове недеље","one":"следеће недеље","two":["за ",{"t":"idOrVar","v":"value"}," недеље"],"few":["за ",{"t":"idOrVar","v":"value"}," недеља"],"many":["за ",{"t":"idOrVar","v":"value"}," недеља"],"other":["за ",{"t":"idOrVar","v":"value"}," недеља"]},"$x":[{"t":"idOrVar","v":"plural"},"value"]},{"$i":"months-until-long","$v":{"zero":"овог месеца","one":"следећег месеца","two":["за ",{"t":"idOrVar","v":"value"}," месеца"],"few":["за ",{"t":"idOrVar","v":"value"}," месеци"],"many":["за ",{"t":"idOrVar","v":"value"}," месеци"],"other":["за ",{"t":"idOrVar","v":"value"}," месеци"]},"$x":[{"t":"idOrVar","v":"plural"},"value"]},{"$i":"years-until-long","$v":{"zero":"ове године","one":"следеће године","two":["за ",{"t":"idOrVar","v":"value"}," године"],"few":["за ",{"t":"idOrVar","v":"value"}," година"],"many":["за ",{"t":"idOrVar","v":"value"}," година"],"other":["за ",{"t":"idOrVar","v":"value"}," година"]},"$x":[{"t":"idOrVar","v":"plural"},"value"]},{"$i":"minutes-ago-short","$v":{"zero":"управо","other":["пре ",{"t":"idOrVar","v":"value"},"м"]},"$x":[{"t":"idOrVar","v":"plural"},"value"]},{"$i":"hours-ago-short","$v":{"zero":"управо","other":["пре ",{"t":"idOrVar","v":"value"},"с"]},"$x":[{"t":"idOrVar","v":"plural"},"value"]},{"$i":"days-ago-short","$v":{"zero":"данас","other":["пре ",{"t":"idOrVar","v":"value"},"д"]},"$x":[{"t":"idOrVar","v":"plural"},"value"]},{"$i":"minutes-until-short","$v":{"zero":"управо","other":["за ",{"t":"idOrVar","v":"value"},"м"]},"$x":[{"t":"idOrVar","v":"plural"},"value"]},{"$i":"hours-until-short","$v":{"zero":"управо","other":["за ",{"t":"idOrVar","v":"value"},"с"]},"$x":[{"t":"idOrVar","v":"plural"},"value"]},{"$i":"days-until-short","$v":{"zero":"данас","other":["за ",{"t":"idOrVar","v":"value"},"д"]},"$x":[{"t":"idOrVar","v":"plural"},"value"]},{"$i":"incorrectDate","$v":"(нетачан датум)"},{"$i":"dateTimeFormat_%c","$v":"%a %e %b %Y %H:%M:%S"},{"$i":"dateTimeFormat_%x","$v":"%d.%m.%Y"},{"$i":"dateTimeFormat_%X","$v":"%H:%M:%S"},{"$i":"shortTimeFormat","$v":"%H:%M"},{"$i":"shortTimeFormat12","$v":"%I:%M %p"},{"$i":"shortTimeFormat24","$v":"%H:%M"},{"$i":"shortDateTimeFormat","$v":"%x %H:%M"},{"$i":"weekStartsOnMonday","$v":"1"},{"$i":"firstDayOfTheWeek","$v":"1"},{"$i":"time_am","$v":"AM"},{"$i":"time_pm","$v":"PM"}]