[{"$i":"back-button","ariaLabel":"Tillbaka"},{"$i":"close-button","ariaLabel":"Stäng"},{"$i":"setup-app-name-header","$v":"E-post"},{"$i":"setup-empty-account-message","$v":"You are not set up to send or receive email. Set up an account to complete the action."},{"$i":"setup-pick-service","$v":"För att skicka och ta emot e-post, måste du skapa ett konto."},{"$i":"setup-account-header3","$v":"Nytt konto"},{"$i":"setup-account-enter-password","$v":"Ange lösenord för:"},{"$i":"setup-info-name","placeholder":"Ditt namn"},{"$i":"setup-info-email","placeholder":"someone@example.com"},{"$i":"setup-info-password","placeholder":"Lösenord"},{"$i":"setup-info-next","$v":"Nästa"},{"$i":"setup-progress-wait-msg","$v":"Konfigurerar konto"},{"$i":"setup-completed-header","$v":"Kontoinställningar e-post"},{"$i":"setup-completed-label","$v":"Allt klart!"},{"$i":"setup-add-another-account","$v":"Lägg till ett annat konto"},{"$i":"setup-show-mail","$v":"Fortsätt till e-post"},{"$i":"setup-error-offline","$v":"Denna enhet är för närvarande nedkopplad. Anslut till internet och försök igen."},{"$i":"setup-error-bad-user-or-pass2","$v":"Ogiltigt användarnamn eller lösenord. Kontrollera skrivfel."},{"$i":"setup-error-bad-address","$v":"Ogiltig e-postadress. Kontrollera skrivfel."},{"$i":"setup-error-not-authorized","$v":"Servern sa att du inte har behörighet att skapa ett konto"},{"$i":"setup-error-pop-server-not-great","$v":"Servern stöds ej. POP3-servern tillämpar inte nödvändiga funktioner."},{"$i":"setup-error-unknown2","$v":"Ett okänt fel uppstod. Kontrollera din nätverksanslutning eller prova alternativet manuell konfiguration."},{"$i":"setup-error-needs-app-pass","$v":"Du måste använda ett programspecifikt lösenord för att tvåstegsverifiera Gmail-konto"},{"$i":"setup-error-imap-disabled","$v":"Du måste aktivera IMAP för ditt Gmail-konto"},{"$i":"setup-error-pop3-disabled","$v":"Du måste aktivera POP3 för ditt Gmail-konto"},{"$i":"setup-error-bad-security","$v":["Det gick inte att upprätta en säker anslutning med \"",{"t":"idOrVar","v":"server"},"\". Det kan vara problem med nätverket eller servern."]},{"$i":"setup-error-unresponsive-server","$v":["Det gick inte att upprätta en anslutning med \"",{"t":"idOrVar","v":"server"},"\". Det kan finnas ett problem med nätverket."]},{"$i":"setup-error-server-problem","$v":["Det finns ett problem med servern \"",{"t":"idOrVar","v":"server"},"\". Försök igen senare."]},{"$i":"setup-error-no-config-info","$v":"Det gick inte att automatiskt konfigurera ditt konto. Rätta till din e-postadress eller prova alternativet manuell konfiguration."},{"$i":"setup-error-server-maintenance","$v":["Servern \"",{"t":"idOrVar","v":"server"},"\" är nedkopplad för underhåll. Försök igen senare."]},{"$i":"setup-error-account-already-exists","$v":"Kontot är redan konfigurerat."},{"$i":"setup-manual-config2","$v":"Manuell konfiguration"},{"$i":"setup-manual-config-header","$v":"Manuell konfiguration"},{"$i":"setup-manual-account-type","$v":"Kontotyp"},{"$i":"setup-manual-account-type-select","ariaLabel":"Kontotyp"},{"$i":"setup-manual-imap-header","$v":"IMAP inställningar"},{"$i":"setup-manual-pop3-header","$v":"POP3 inställningar"},{"$i":"setup-manual-smtp-header","$v":"SMTP inställningar"},{"$i":"setup-manual-activesync-header","$v":"ActiveSync inställningar"},{"$i":"setup-manual-next","$v":"Nästa"},{"$i":"setup-manual-socket","$v":"Socket typ"},{"$i":"setup-manual-socket-ssl","$v":"SSL"},{"$i":"setup-manual-socket-starttls","$v":"STARTTLS"},{"$i":"setup-manual-socket-select","ariaLabel":"Anslutningssäkerhet"},{"$i":"setup-manual-socket-plain","$v":"Okrypterad (osäker)"},{"$i":"setup-manual-hostname","placeholder":"Värdnamn"},{"$i":"setup-manual-port","placeholder":"Portnummer"},{"$i":"setup-manual-username","placeholder":"Användarnamn"},{"$i":"setup-manual-activesync-username","placeholder":"Domän\\Användarnamn"},{"$i":"setup-bad-password-header","$v":"Felaktigt lösenord!"},{"$i":"setup-bad-password","$v":"Vi kunde inte logga in på servern. Kanske är ditt lösenord fel?"},{"$i":"setup-new-password","placeholder":"Nytt lösenord"},{"$i":"setup-fix-password","$v":"Försök igen med nytt lösenord"},{"$i":"setup-gmail-twofactor-header","$v":"Tvåvägsverifiering aktiverad"},{"$i":"setup-gmail-twofactor-message","$v":"Du måste ange ett programspecifikt lösenord nedan."},{"$i":"setup-gmail-twofactor-fix","$v":"Använd programspecifikt lösenord"},{"$i":"setup-gmail-imap-header","$v":"IMAP inaktiverat"},{"$i":"setup-gmail-imap-message","$v":"Du måste aktivera IMAP på ditt Gmail-konto"},{"$i":"setup-gmail-imap-retry","$v":"Försök igen"},{"$i":"setup-gmail-pop3-header","$v":"POP3 inaktiverad"},{"$i":"setup-gmail-pop3-message","$v":"Du måste aktivera POP3 på ditt Gmail-konto"},{"$i":"setup-gmail-pop3-retry","$v":"Försök igen"},{"$i":"setup-fix-oauth2-header","$v":"Autentisera e-post"},{"$i":"setup-fix-oauth2-description","$v":"E-post måste autentiseras för att komma åt följande konto:"},{"$i":"setup-fix-oauth2-reauthorize","$v":"Autentisera"},{"$i":"settings-main-header","$v":"E-postinställningar"},{"$i":"settings-sub-header-account","$v":"Konto"},{"$i":"settings-account-group","ariaLabel":"Konto"},{"$i":"settings-account-name","$v":"Ditt namn"},{"$i":"settings-account-display-notifications","$v":"Visa aviseringar om nya meddelanden"},{"$i":"settings-account-play-sound-onsend","$v":"Spela ljud efter meddelande skickas"},{"$i":"settings-empty-signature-label","$v":"Peka här för att redigera"},{"$i":"settings-account-signature-label","$v":"Signatur"},{"$i":"settings-account-signature-textbox","ariaLabel":"Signatur"},{"$i":"signature-save","$v":"Spara signatur"},{"$i":"signature-discard-confirm","$v":"Ignorera"},{"$i":"settings-sub-header-data","$v":"Data"},{"$i":"settings-data-group","ariaLabel":"Data"},{"$i":"settings-account-check-mail","$v":"Hämta nya meddelanden"},{"$i":"settings-account-check-mail-select","ariaLabel":"Hämta nya meddelanden"},{"$i":"settings-sub-header-server","$v":"Serverinställningar"},{"$i":"settings-server-group","ariaLabel":"Serverinställningar"},{"$i":"settings-account-userpass","$v":"Användarnamn och lösenord"},{"$i":"settings-account-useroauth2","$v":"Användarnamn"},{"$i":"settings-default-signature-2","$v":"Skickat med Firefox OS"},{"$i":"settings-done","$v":"Klar"},{"$i":"settings-account-section","$v":"Konton"},{"$i":"settings-account-listbox","ariaLabel":"Konton"},{"$i":"settings-account-add","$v":"Lägg till konto"},{"$i":"settings-account-delete","$v":"Ta bort konto"},{"$i":"settings-account-delete-prompt","$v":["Är du säker på att du vill ta bort ditt e-postkonto ",{"t":"idOrVar","v":"account"},"? Du måste hämta din e-post igen om du återskapar kontot. "]},{"$i":"settings-account-delete-cancel","$v":"Avbryt"},{"$i":"settings-account-delete-confirm","$v":"Ta bort"},{"$i":"settings-account-clarify-imap","$v":[{"t":"idOrVar","v":"account-name"}," (IMAP)"]},{"$i":"settings-account-clarify-pop3","$v":[{"t":"idOrVar","v":"account-name"}," (POP3)"]},{"$i":"settings-account-clarify-smtp","$v":[{"t":"idOrVar","v":"account-name"}," (SMTP)"]},{"$i":"settings-general-section","$v":"Allmänna inställningar"},{"$i":"settings-show-images","$v":"Visa alltid bilder"},{"$i":"settings-download-attachments","$v":"Ladda ner bilagor"},{"$i":"settings-check-every-5min","$v":"Var 5:e minut"},{"$i":"settings-check-every-10min","$v":"Var 10:e minut"},{"$i":"settings-check-every-15min","$v":"Var 15:e minut"},{"$i":"settings-check-every-30min","$v":"Var 30:e minut"},{"$i":"settings-check-every-60min","$v":"Varje timme"},{"$i":"settings-check-every-manual","$v":"Manuellt"},{"$i":"settings-check-dynamic","$v":{"zero":"sekunder","one":[{"t":"idOrVar","v":"n"}," sekunder"],"two":[{"t":"idOrVar","v":"n"}," sekunder"],"few":[{"t":"idOrVar","v":"n"}," sekunder"],"many":[{"t":"idOrVar","v":"n"}," sekunder"],"other":[{"t":"idOrVar","v":"n"}," sekunder"]},"$x":[{"t":"idOrVar","v":"plural"},"n"]},{"$i":"settings-default-account","$v":"Standardkonto"},{"$i":"settings-account-type","$v":"Kontotyp"},{"$i":"settings-account-credentials","$v":"Inloggningsuppgifter"},{"$i":"settings-activesync-label","$v":"ActiveSync inställningar"},{"$i":"settings-imap-label","$v":"IMAP inställningar"},{"$i":"settings-pop3-label","$v":"POP3 inställningar"},{"$i":"settings-smtp-label","$v":"SMTP inställningar"},{"$i":"settings-hostname","$v":"Värdnamn"},{"$i":"settings-port","$v":"Port"},{"$i":"settings-username","$v":"Användarnamn"},{"$i":"settings-password","$v":"Lösenord"},{"$i":"settings-save","$v":"Spara"},{"$i":"settings-password-empty","$v":"Lösenordet bör inte vara tomt"},{"$i":"settings-reauth","$v":"Autentisera"},{"$i":"settings-account-synchronize-window","$v":"Dagar att synkronisera"},{"$i":"settings-account-synchronize-window-select","ariaLabel":"Dagar att synkronisera"},{"$i":"settings-synchronize-auto","$v":"Automatisk"},{"$i":"settings-synchronize-one-day","$v":"1 dag"},{"$i":"settings-synchronize-three-days","$v":"3 dagar"},{"$i":"settings-synchronize-one-week","$v":"1 vecka"},{"$i":"settings-synchronize-two-weeks","$v":"2 veckor"},{"$i":"settings-synchronize-one-month","$v":"1 månad"},{"$i":"settings-synchronize-all","$v":"Alla meddelanden"},{"$i":"envelope-from","$v":"Från"},{"$i":"envelope-to","$v":"Till"},{"$i":"envelope-cc","$v":"Kopia"},{"$i":"envelope-bcc","$v":"Dold kopia"},{"$i":"message-header-state-sending","ariaLabel":"Skickar"},{"$i":"message-header-state-error","ariaLabel":"Sändningsfel"},{"$i":"message-header-unread","ariaLabel":"Oläst"},{"$i":"message-header-starred","ariaLabel":"Har märkning"},{"$i":"message-header-attachments","ariaLabel":"Har bilagor"},{"$i":"message-body-container","ariaLabel":"Meddelandetext"},{"$i":"message-body-container-progress","ariaValueText":"Laddar"},{"$i":"subject","ariaLabel":"Ämne"},{"$i":"message-delete-button","ariaLabel":"Ta bort"},{"$i":"message-star-button","ariaLabel":"Lägg till märkning"},{"$i":"message-unstar-button","ariaLabel":"Ta bort märkning"},{"$i":"message-mark-read-button","ariaLabel":"Markera läst"},{"$i":"message-mark-unread-button","ariaLabel":"Markera oläst"},{"$i":"message-move-button","ariaLabel":"Flytta"},{"$i":"message-reply-forward-button","ariaLabel":"Svara eller vidarebefordra"},{"$i":"download-button","ariaLabel":"Hämta"},{"$i":"downloading-progress","ariaValueText":"Hämtar"},{"$i":"view-button","ariaLabel":"Visa"},{"$i":"attachments-container","ariaLabel":"Bilagor"},{"$i":"from-group","ariaLabel":"Från"},{"$i":"to-group","ariaLabel":"Till"},{"$i":"cc-group","ariaLabel":"Kopia"},{"$i":"bcc-group","ariaLabel":"Dold kopia"},{"$i":"compose-header","$v":"Skapa meddelande"},{"$i":"compose-header-short","$v":"Skriv"},{"$i":"compose-send","$v":"Skicka"},{"$i":"compose-send-button","ariaLabel":"Skicka"},{"$i":"compose-to","$v":"Till"},{"$i":"compose-cc","$v":"kopia"},{"$i":"compose-bcc","$v":"dold kopia"},{"$i":"compose-contact-add","ariaLabel":"Lägg till kontakt"},{"$i":"compose-attachments-container","ariaLabel":{"$x":[{"t":"idOrVar","v":"plural"},"kilobytes"],"$v":{"zero":"Bilagor","one":["Bilaga: ",{"t":"idOrVar","v":"kilobytes"},"kB"],"two":["Bilagor: ",{"t":"idOrVar","v":"kilobytes"},"kB"],"few":["Bilagor: ",{"t":"idOrVar","v":"kilobytes"},"kB"],"many":["Bilagor: ",{"t":"idOrVar","v":"kilobytes"},"kB"],"other":["Bilagor: ",{"t":"idOrVar","v":"kilobytes"},"kB"]}}},{"$i":"compose-attachment-remove","ariaLabel":"Ta bort"},{"$i":"compose-attachment-button","ariaLabel":"Bifoga"},{"$i":"compose-attachments","$v":{"zero":"Bilagor","one":[{"t":"idOrVar","v":"n"}," bilaga"],"two":[{"t":"idOrVar","v":"n"}," bilagor"],"few":[{"t":"idOrVar","v":"n"}," bilagor"],"many":[{"t":"idOrVar","v":"n"}," bilagor"],"other":[{"t":"idOrVar","v":"n"}," bilagor"]},"$x":[{"t":"idOrVar","v":"plural"},"n"]},{"$i":"compose-text","ariaLabel":"Redigera"},{"$i":"compose-attachment-still-working","$v":"Ett ögonblick, arbetar fortfarande med föregående bilaga..."},{"$i":"compose-subject","$v":"Ämne"},{"$i":"compose-draft-save","$v":"Spara till lokala utkast"},{"$i":"compose-discard-confirm","$v":"Släng"},{"$i":"compose-send-message-failed","$v":"Skicka e-post misslyckades"},{"$i":"composer-attachment-large","$v":"Bilagan är för stor"},{"$i":"composer-attachments-large","$v":"Bilagorna är för stora"},{"$i":"compose-attchment-size-exceeded","$v":"Vald bilaga är för stor för att skicka med meddelandet."},{"$i":"compose-attchments-size-exceeded","$v":"Valda bilagor är för stora att skicka med meddelandet. Prova att välja färre filer."},{"$i":"dialog-button-ok","$v":"OK"},{"$i":"default-attachment-filename","$v":["bilaga",{"t":"idOrVar","v":"n"}]},{"$i":"attachment-size-kib","$v":[{"t":"idOrVar","v":"kilobytes"},"kB"]},{"$i":"message-attachment-view","$v":"Visa"},{"$i":"message-attachment-did-not-open-label","$v":"Unable to open"},{"$i":"message-attachment-did-not-open-body","$v":"The device does not have an app that can open the attachment."},{"$i":"message-attachment-too-large","$v":"Filen är för stor för att ladda ner."},{"$i":"message-no-subject","$v":"(inget ämne)"},{"$i":"message-edit-menu-edit","$v":"Redigera"},{"$i":"message-edit-menu-delete","$v":"Ta bort"},{"$i":"message-edit-delete-confirm","$v":"Ta bort e-postmeddelande?"},{"$i":"message-send-attachment-disabled-confirm","$v":"Bilagor kan inte vidarebefordras."},{"$i":"message-multiedit-header","$v":{"zero":"Redigera","one":[{"t":"idOrVar","v":"n"}," markerad"],"two":[{"t":"idOrVar","v":"n"}," markerade"],"few":[{"t":"idOrVar","v":"n"}," markerade"],"many":[{"t":"idOrVar","v":"n"}," markerade"],"other":[{"t":"idOrVar","v":"n"}," markerade"]},"$x":[{"t":"idOrVar","v":"plural"},"n"]},{"$i":"browse-to-url-prompt","$v":["Surfa till URL?: ",{"t":"idOrVar","v":"url"}]},{"$i":"message-download-images-tap","$v":{"one":"E-postmeddelandet innehåller en bild. Tryck här för att hämta.","two":["E-postmeddelandet innehåller ",{"t":"idOrVar","v":"n"}," bilder. Tryck här för att hämta."],"few":["E-postmeddelandet innehåller ",{"t":"idOrVar","v":"n"}," bilder. Tryck här för att hämta."],"many":["E-postmeddelandet innehåller ",{"t":"idOrVar","v":"n"}," bilder. Tryck här för att hämta."],"other":["E-postmeddelandet innehåller ",{"t":"idOrVar","v":"n"}," bilder. Tryck här för att hämta."]},"$x":[{"t":"idOrVar","v":"plural"},"n"]},{"$i":"message-show-external-images","$v":"Visa externa bilder"},{"$i":"message-multiedit-cancel","$v":"Avbryt"},{"$i":"message-multiedit-delete-confirm","$v":{"one":"Ta bort e-postmeddelandet?","two":["Ta bort ",{"t":"idOrVar","v":"n"}," e-postmeddelanden?"],"few":["Ta bort ",{"t":"idOrVar","v":"n"}," e-postmeddelanden?"],"many":["Ta bort ",{"t":"idOrVar","v":"n"}," e-postmeddelanden?"],"other":["Ta bort ",{"t":"idOrVar","v":"n"}," e-postmeddelanden?"]},"$x":[{"t":"idOrVar","v":"plural"},"n"]},{"$i":"message-large-message-cancel","$v":"Avbryt"},{"$i":"message-large-message-ok","$v":"Fortsätt"},{"$i":"message-large-message-confirm","$v":"Meddelandet är stort och kan ta lite tid att hämta."},{"$i":"message-search-from","$v":"Från"},{"$i":"message-search-to","$v":"Till"},{"$i":"message-search-subject","$v":"Ämne"},{"$i":"message-search-body","$v":"Meddelandetext"},{"$i":"message-search-all","$v":"Alla"},{"$i":"message-search-input","placeholder":"Sök e-post"},{"$i":"message-search-cancel","$v":"Avbryt"},{"$i":"messages-syncing","$v":"Hämtar meddelanden"},{"$i":"messages-load-more","$v":"Hämta fler meddelanden"},{"$i":"messages-folder-empty","$v":"Inga e-post i mappen"},{"$i":"messages-search-empty","$v":"Ingen träff i lokalt lagrade meddelanden"},{"$i":"messages-folder-select","$v":"Välj mapp"},{"$i":"messages-folder-unread-max","$v":"999+"},{"$i":"message-contact-menu-create","$v":"Spara ny kontakt"},{"$i":"message-contact-menu-add-existing","$v":"Lägg till i befintlig kontakt"},{"$i":"message-contact-menu-view","$v":"Visa kontakt"},{"$i":"message-contact-menu-reply","$v":"Svara"},{"$i":"message-contact-menu-new","$v":"Skicka ny e-post"},{"$i":"message-reply-menu-reply","$v":"Svara"},{"$i":"message-reply-menu-reply-all","$v":"Svara alla"},{"$i":"message-reply-menu-forward","$v":"Vidarebefordra"},{"$i":"message-reply-menu-cancel","$v":"Avbryt"},{"$i":"reply-quoting-wrote","$v":"{name} skrev"},{"$i":"forward-original-message","$v":"Ursprungligt meddelande"},{"$i":"forward-header-subject","$v":"Ämne"},{"$i":"forward-header-date","$v":"Datum"},{"$i":"forward-header-from","$v":"Från"},{"$i":"forward-header-reply-to","$v":"Svar-till"},{"$i":"forward-header-to","$v":"Till"},{"$i":"forward-header-cc","$v":"Kopia"},{"$i":"folder-inbox","$v":"Inkorgen"},{"$i":"folder-sent","$v":"Skickat"},{"$i":"folder-drafts","$v":"Utkast"},{"$i":"folder-trash","$v":"Papperskorgen"},{"$i":"folder-queue","$v":"Ej skickat"},{"$i":"folder-junk","$v":"Skräp"},{"$i":"folder-archives","$v":"Arkiv"},{"$i":"folder-localdrafts","$v":"Lokala utkast"},{"$i":"folder-outbox","$v":"Utkorgen"},{"$i":"drawer-back","$v":"Tillbaka"},{"$i":"drawer-accounts-header","$v":"Konton"},{"$i":"drawer-settings-link","$v":"Inställningar"},{"$i":"folder-last-synced-label","$v":"Senaste synk:"},{"$i":"messages-refresh-button","ariaLabel":"Uppdatera"},{"$i":"messages-refresh-progress","ariaValueText":"Uppdaterar"},{"$i":"edit-button","ariaLabel":"Redigera"},{"$i":"message-list-top-action","$v":"Överst"},{"$i":"message-list-menu","ariaLabel":"Mappar och inställningar"},{"$i":"message-list-compose","ariaLabel":"Compose"},{"$i":"toaster-undo","$v":"Ångra"},{"$i":"toaster-message-star","$v":{"one":"1 meddelande märkt","two":[{"t":"idOrVar","v":"n"}," meddelanden märkt"],"few":[{"t":"idOrVar","v":"n"}," meddelanden märkt"],"many":[{"t":"idOrVar","v":"n"}," meddelanden märkt"],"other":[{"t":"idOrVar","v":"n"}," meddelanden märkt"]},"$x":[{"t":"idOrVar","v":"plural"},"n"]},{"$i":"toaster-message-unstar","$v":{"one":"1 meddelande ej märkt","two":[{"t":"idOrVar","v":"n"}," meddelanden ej märkta"],"few":[{"t":"idOrVar","v":"n"}," meddelanden ej märkta"],"many":[{"t":"idOrVar","v":"n"}," meddelanden ej märkta"],"other":[{"t":"idOrVar","v":"n"}," meddelanden ej märkta"]},"$x":[{"t":"idOrVar","v":"plural"},"n"]},{"$i":"toaster-message-read","$v":{"one":"1 meddelande markerat som läst","two":[{"t":"idOrVar","v":"n"}," meddelanden markerade som lästa"],"few":[{"t":"idOrVar","v":"n"}," meddelanden markerade som lästa"],"many":[{"t":"idOrVar","v":"n"}," meddelanden markerade som lästa"],"other":[{"t":"idOrVar","v":"n"}," meddelanden markerade som lästa"]},"$x":[{"t":"idOrVar","v":"plural"},"n"]},{"$i":"toaster-message-unread","$v":{"one":"1 meddelande markerat som oläst","two":[{"t":"idOrVar","v":"n"}," meddelanden markerade som olästa"],"few":[{"t":"idOrVar","v":"n"}," meddelanden markerade som olästa"],"many":[{"t":"idOrVar","v":"n"}," meddelanden markerade som olästa"],"other":[{"t":"idOrVar","v":"n"}," meddelanden markerade som olästa"]},"$x":[{"t":"idOrVar","v":"plural"},"n"]},{"$i":"toaster-message-move","$v":{"one":"1 meddelande flyttat","two":[{"t":"idOrVar","v":"n"}," meddelanden flyttade"],"few":[{"t":"idOrVar","v":"n"}," meddelanden flyttade"],"many":[{"t":"idOrVar","v":"n"}," meddelanden flyttade"],"other":[{"t":"idOrVar","v":"n"}," meddelanden flyttade"]},"$x":[{"t":"idOrVar","v":"plural"},"n"]},{"$i":"toaster-message-delete","$v":{"one":"1 meddelande raderat","two":[{"t":"idOrVar","v":"n"}," meddelanden raderade"],"few":[{"t":"idOrVar","v":"n"}," meddelanden raderade"],"many":[{"t":"idOrVar","v":"n"}," meddelanden raderade"],"other":[{"t":"idOrVar","v":"n"}," meddelanden raderade"]},"$x":[{"t":"idOrVar","v":"plural"},"n"]},{"$i":"toaster-retryable-syncfailed","$v":"Kan inte ansluta till servern"},{"$i":"compose-invalid-addresses-title","$v":"Ogiltiga adresser"},{"$i":"compose-invalid-addresses-description","$v":"Ditt meddelande innehåller en eller flera ogiltiga e-postadresser. Vänligen rätta till dem innan du skickar."},{"$i":"background-send-pending","$v":"Inget närverk. E-post sparas i utkorgen."},{"$i":"background-send-sending","$v":"Skickar e-post…"},{"$i":"background-send-success","$v":"E-post skickad."},{"$i":"background-send-error","$v":"Fel uppstod. E-post sparas i utkorgen."},{"$i":"background-send-error-recipients","$v":"Mottagarfel. E-post sparas i utkorgen."},{"$i":"background-send-error-title","$v":"Meddelandet kunde inte skickas."},{"$i":"send-failure-recipients","$v":"Kontrollera stavningen av adresserna ovan. Din e-postserver indikerar att en elle flera e-postadresser ovan är felaktiga."},{"$i":"send-failure-unknown","$v":"Meddelandet kunde inte skickas."},{"$i":"form-clear-input","$v":"Ta bort text"},{"$i":"confirm-dialog-title","$v":"Bekräftelse"},{"$i":"senders-separation-sign","$v":", "},{"$i":"new-messages","$v":{"one":"1 nytt meddelande","two":[{"t":"idOrVar","v":"n"}," nya meddelanden"],"few":[{"t":"idOrVar","v":"n"}," nya meddelanden"],"many":[{"t":"idOrVar","v":"n"}," nya meddelanden"],"other":[{"t":"idOrVar","v":"n"}," nya meddelanden"]},"$x":[{"t":"idOrVar","v":"plural"},"n"]},{"$i":"notification-no-subject","$v":"(no subject)"},{"$i":"new-emails-notify-one-account","$v":{"one":"1 nytt e-postmeddelande","two":[{"t":"idOrVar","v":"n"}," nya e-postmeddelanden"],"few":[{"t":"idOrVar","v":"n"}," nya e-postmeddelanden"],"many":[{"t":"idOrVar","v":"n"}," nya e-postmeddelanden"],"other":[{"t":"idOrVar","v":"n"}," nya e-postmeddelanden"]},"$x":[{"t":"idOrVar","v":"plural"},"n"]},{"$i":"new-emails-notify-multiple-accounts","$v":{"one":["1 nytt e-postmeddelande (",{"t":"idOrVar","v":"accountName"},")"],"two":[{"t":"idOrVar","v":"n"}," nya e-postmeddelanden (",{"t":"idOrVar","v":"accountName"},")"],"few":[{"t":"idOrVar","v":"n"}," nya e-postmeddelanden (",{"t":"idOrVar","v":"accountName"},")"],"many":[{"t":"idOrVar","v":"n"}," nya e-postmeddelanden (",{"t":"idOrVar","v":"accountName"},")"],"other":[{"t":"idOrVar","v":"n"}," nya e-postmeddelanden (",{"t":"idOrVar","v":"accountName"},")"]},"$x":[{"t":"idOrVar","v":"plural"},"n"]},{"$i":"new-emails-notify-multiple-accounts-body","$v":[{"t":"idOrVar","v":"from"}," “",{"t":"idOrVar","v":"subject"},"”"]},{"$i":"tng-plain-socket-warning-title","$v":"Är du säker?"},{"$i":"tng-plain-socket-warning-message","$v":"Andra människor kanske kan se dina lösenord och e-post eller kontrollera ditt konto."},{"$i":"tng-plain-socket-warning-message-options","$v":"Det finns flera e-postleverantörer som är gratis och som erbjuder säkrare, krypterade anslutningar."},{"$i":"tng-plain-socket-learn-more","$v":"Läs mer"},{"$i":"tng-plain-socket-warning-ok","$v":"Jag förstår"},{"$i":"message-reader-next-button","ariaLabel":"Nästa"},{"$i":"message-reader-previous-button","ariaLabel":"Föregående"},{"$i":"message-reader-date-received","ariaLabel":"Mottaget"},{"$i":"weekday-0-long","$v":"Söndag"},{"$i":"weekday-1-long","$v":"Måndag"},{"$i":"weekday-2-long","$v":"Tisdag"},{"$i":"weekday-3-long","$v":"Onsdag"},{"$i":"weekday-4-long","$v":"Torsdag"},{"$i":"weekday-5-long","$v":"Fredag"},{"$i":"weekday-6-long","$v":"Lördag"},{"$i":"weekday-0-short","$v":"Sön"},{"$i":"weekday-1-short","$v":"Mån"},{"$i":"weekday-2-short","$v":"Tis"},{"$i":"weekday-3-short","$v":"Ons"},{"$i":"weekday-4-short","$v":"Tor"},{"$i":"weekday-5-short","$v":"Fre"},{"$i":"weekday-6-short","$v":"Lör"},{"$i":"month-0-long","$v":"Januari"},{"$i":"month-1-long","$v":"Februari"},{"$i":"month-2-long","$v":"Mars"},{"$i":"month-3-long","$v":"April"},{"$i":"month-4-long","$v":"Maj"},{"$i":"month-5-long","$v":"Juni"},{"$i":"month-6-long","$v":"Juli"},{"$i":"month-7-long","$v":"Augusti"},{"$i":"month-8-long","$v":"September"},{"$i":"month-9-long","$v":"Oktober"},{"$i":"month-10-long","$v":"November"},{"$i":"month-11-long","$v":"December"},{"$i":"month-0-genitive","$v":"Januari"},{"$i":"month-1-genitive","$v":"Februari"},{"$i":"month-2-genitive","$v":"Mars"},{"$i":"month-3-genitive","$v":"April"},{"$i":"month-4-genitive","$v":"Maj"},{"$i":"month-5-genitive","$v":"Juni"},{"$i":"month-6-genitive","$v":"Juli"},{"$i":"month-7-genitive","$v":"Augusti"},{"$i":"month-8-genitive","$v":"September"},{"$i":"month-9-genitive","$v":"Oktober"},{"$i":"month-10-genitive","$v":"November"},{"$i":"month-11-genitive","$v":"December"},{"$i":"month-0-short","$v":"Jan"},{"$i":"month-1-short","$v":"Feb"},{"$i":"month-2-short","$v":"Mar"},{"$i":"month-3-short","$v":"Apr"},{"$i":"month-4-short","$v":"Maj"},{"$i":"month-5-short","$v":"Jun"},{"$i":"month-6-short","$v":"Jul"},{"$i":"month-7-short","$v":"Aug"},{"$i":"month-8-short","$v":"Sep"},{"$i":"month-9-short","$v":"Okt"},{"$i":"month-10-short","$v":"Nov"},{"$i":"month-11-short","$v":"Dec"},{"$i":"minutes-ago-long","$v":{"zero":"nyss","one":"en minut sen","two":[{"t":"idOrVar","v":"value"}," minuter sen"],"few":[{"t":"idOrVar","v":"value"}," minuter sen"],"many":[{"t":"idOrVar","v":"value"}," minuter sen"],"other":[{"t":"idOrVar","v":"value"}," minuter sen"]},"$x":[{"t":"idOrVar","v":"plural"},"value"]},{"$i":"hours-ago-long","$v":{"zero":"nyss","one":"en timme sen","two":[{"t":"idOrVar","v":"value"}," timmar sen"],"few":[{"t":"idOrVar","v":"value"}," timmar sen"],"many":[{"t":"idOrVar","v":"value"}," timmar sen"],"other":[{"t":"idOrVar","v":"value"}," timmar sen"]},"$x":[{"t":"idOrVar","v":"plural"},"value"]},{"$i":"days-ago-long","$v":{"zero":"idag","one":"igår","two":[{"t":"idOrVar","v":"value"}," dagar sen"],"few":[{"t":"idOrVar","v":"value"}," dagar sen"],"many":[{"t":"idOrVar","v":"value"}," dagar sen"],"other":[{"t":"idOrVar","v":"value"}," dagar sen"]},"$x":[{"t":"idOrVar","v":"plural"},"value"]},{"$i":"weeks-ago-long","$v":{"zero":"denna vecka","one":"förra veckan","two":[{"t":"idOrVar","v":"value"}," veckor sen"],"few":[{"t":"idOrVar","v":"value"}," veckor sen"],"many":[{"t":"idOrVar","v":"value"}," veckor sen"],"other":[{"t":"idOrVar","v":"value"}," veckor sen"]},"$x":[{"t":"idOrVar","v":"plural"},"value"]},{"$i":"months-ago-long","$v":{"zero":"denna månad","one":"förra månaden","two":[{"t":"idOrVar","v":"value"}," månader sen"],"few":[{"t":"idOrVar","v":"value"}," månader sen"],"many":[{"t":"idOrVar","v":"value"}," månader sen"],"other":[{"t":"idOrVar","v":"value"}," månader sen"]},"$x":[{"t":"idOrVar","v":"plural"},"value"]},{"$i":"years-ago-long","$v":{"zero":"detta år","one":"förra året","two":[{"t":"idOrVar","v":"value"}," år sen"],"few":[{"t":"idOrVar","v":"value"}," år sen"],"many":[{"t":"idOrVar","v":"value"}," år sen"],"other":[{"t":"idOrVar","v":"value"}," år sen"]},"$x":[{"t":"idOrVar","v":"plural"},"value"]},{"$i":"minutes-until-long","$v":{"zero":"nu","one":"om en minut","two":["om ",{"t":"idOrVar","v":"value"}," minuter"],"few":["om ",{"t":"idOrVar","v":"value"}," minuter"],"many":["om ",{"t":"idOrVar","v":"value"}," minuter"],"other":["om ",{"t":"idOrVar","v":"value"}," minuter"]},"$x":[{"t":"idOrVar","v":"plural"},"value"]},{"$i":"hours-until-long","$v":{"zero":"nu","one":"om en timme","two":["om ",{"t":"idOrVar","v":"value"}," timmar"],"few":["om ",{"t":"idOrVar","v":"value"}," timmar"],"many":["om ",{"t":"idOrVar","v":"value"}," timmar"],"other":["om ",{"t":"idOrVar","v":"value"}," timmar"]},"$x":[{"t":"idOrVar","v":"plural"},"value"]},{"$i":"days-until-long","$v":{"zero":"idag","one":"imorgon","two":["om ",{"t":"idOrVar","v":"value"}," dagar"],"few":["om ",{"t":"idOrVar","v":"value"}," dagar"],"many":["om ",{"t":"idOrVar","v":"value"}," dagar"],"other":["om ",{"t":"idOrVar","v":"value"}," dagar"]},"$x":[{"t":"idOrVar","v":"plural"},"value"]},{"$i":"weeks-until-long","$v":{"zero":"denna vecka","one":"nästa vecka","two":["om ",{"t":"idOrVar","v":"value"}," veckor"],"few":["om ",{"t":"idOrVar","v":"value"}," veckor"],"many":["om ",{"t":"idOrVar","v":"value"}," veckor"],"other":["om ",{"t":"idOrVar","v":"value"}," veckor"]},"$x":[{"t":"idOrVar","v":"plural"},"value"]},{"$i":"months-until-long","$v":{"zero":"denna månad","one":"nästa månad","two":["om ",{"t":"idOrVar","v":"value"}," månader"],"few":["om ",{"t":"idOrVar","v":"value"}," månader"],"many":["om ",{"t":"idOrVar","v":"value"}," månader"],"other":["om ",{"t":"idOrVar","v":"value"}," månader"]},"$x":[{"t":"idOrVar","v":"plural"},"value"]},{"$i":"years-until-long","$v":{"zero":"detta år","one":"nästa år","two":["om ",{"t":"idOrVar","v":"value"}," år"],"few":["om ",{"t":"idOrVar","v":"value"}," år"],"many":["om ",{"t":"idOrVar","v":"value"}," år"],"other":["om ",{"t":"idOrVar","v":"value"}," år"]},"$x":[{"t":"idOrVar","v":"plural"},"value"]},{"$i":"minutes-ago-short","$v":{"zero":"nyss","other":[{"t":"idOrVar","v":"value"}," min sen"]},"$x":[{"t":"idOrVar","v":"plural"},"value"]},{"$i":"hours-ago-short","$v":{"zero":"nyss","other":[{"t":"idOrVar","v":"value"}," tim. sen"]},"$x":[{"t":"idOrVar","v":"plural"},"value"]},{"$i":"days-ago-short","$v":{"zero":"idag","other":[{"t":"idOrVar","v":"value"}," dygn sen"]},"$x":[{"t":"idOrVar","v":"plural"},"value"]},{"$i":"minutes-until-short","$v":{"zero":"nu","other":["om ",{"t":"idOrVar","v":"value"}," min"]},"$x":[{"t":"idOrVar","v":"plural"},"value"]},{"$i":"hours-until-short","$v":{"zero":"nu","other":["om ",{"t":"idOrVar","v":"value"}," tim."]},"$x":[{"t":"idOrVar","v":"plural"},"value"]},{"$i":"days-until-short","$v":{"zero":"idag","other":["om ",{"t":"idOrVar","v":"value"}," dygn"]},"$x":[{"t":"idOrVar","v":"plural"},"value"]},{"$i":"incorrectDate","$v":"(felaktigt datum)"},{"$i":"dateTimeFormat_%c","$v":"%a %e %b %Y %H:%M:%S"},{"$i":"dateTimeFormat_%x","$v":"%d/%m/%Y"},{"$i":"dateTimeFormat_%X","$v":"%H:%M:%S"},{"$i":"shortTimeFormat","$v":"%H:%M"},{"$i":"shortTimeFormat12","$v":"%I:%M %p"},{"$i":"shortTimeFormat24","$v":"%H:%M"},{"$i":"shortDateTimeFormat","$v":"%x %H:%M"},{"$i":"weekStartsOnMonday","$v":"1"},{"$i":"firstDayOfTheWeek","$v":"1"},{"$i":"time_am","$v":"AM"},{"$i":"time_pm","$v":"PM"}]