[{"$i":"back-button","ariaLabel":"Geri"},{"$i":"close-button","ariaLabel":"Close"},{"$i":"setup-app-name-header","$v":"Posta"},{"$i":"setup-empty-account-message","$v":"You are not set up to send or receive email. Set up an account to complete the action."},{"$i":"setup-pick-service","$v":"E-posta göndermek ve almak için bir hesap kurmanız gerekir."},{"$i":"setup-account-header3","$v":"Yeni hesap"},{"$i":"setup-account-enter-password","$v":"Parolayı girin:"},{"$i":"setup-info-name","placeholder":"Adınız"},{"$i":"setup-info-email","placeholder":"birisi@ornek.com"},{"$i":"setup-info-password","placeholder":"Parola"},{"$i":"setup-info-next","$v":"İleri"},{"$i":"setup-progress-wait-msg","$v":"Hesap kuruluyor"},{"$i":"setup-completed-header","$v":"Posta hesabı kurulumu"},{"$i":"setup-completed-label","$v":"İşlem tamam!"},{"$i":"setup-add-another-account","$v":"Başka bir hesap ekle"},{"$i":"setup-show-mail","$v":"E-posta'ya devam et"},{"$i":"setup-error-offline","$v":"Bu aygıt şu anda çevrimdışı. Bir ağa bağlanıp tekrar deneyin."},{"$i":"setup-error-bad-user-or-pass2","$v":"Geçersiz kullanıcı adı veya parola. Yazım hatalarını denetleyin."},{"$i":"setup-error-bad-address","$v":"Geçersiz e-posta adresi. Yazım hatalarını kontrol edin."},{"$i":"setup-error-not-authorized","$v":"Sunucu bir hesap oluşturmaya izniniz olmadığını bildirdi"},{"$i":"setup-error-pop-server-not-great","$v":"Sunucu desteklenmiyor. POP3 sunucusu gerekli özelliklere sahip değil."},{"$i":"setup-error-unknown2","$v":"Bilinmeyen bir hata oluştu. Ağ bağlantınızı denetleyin veya elle yapılandırma seçeneğini deneyin."},{"$i":"setup-error-needs-app-pass","$v":"İki faktörlü Gmail hesapları için uygulamaya özel bir parola kullanmalısınız"},{"$i":"setup-error-imap-disabled","$v":"Gmail hesabınız için IMAP'i etkinleştirmelisiniz"},{"$i":"setup-error-pop3-disabled","$v":"Gmail hesabınız için POP3'ü etkinleştirmelisiniz"},{"$i":"setup-error-bad-security","$v":["\"",{"t":"idOrVar","v":"server"},"\" ile güvenli bir bağlantı kurulamadı. Ağınızla veya sunucunuzla ilgili bir sorun olabilir."]},{"$i":"setup-error-unresponsive-server","$v":["\"",{"t":"idOrVar","v":"server"},"\" ile güvenli bir bağlantı kurulamadı. Ağ ile ilgili bir sorun olabilir."]},{"$i":"setup-error-server-problem","$v":["\"",{"t":"idOrVar","v":"server"},"\" sunucusuyla ilgili bir sorun var. Daha sonra tekrar deneyin."]},{"$i":"setup-error-no-config-info","$v":"Hesabınız otomatik olarak yapılandırılamadı. E-posta adresinizi düzeltin veya elle yapılandırma seçeneğini deneyin."},{"$i":"setup-error-server-maintenance","$v":["\"",{"t":"idOrVar","v":"server"},"\" sunucusu bakım nedeniyle çevrimdışı. Daha sonra tekrar deneyin."]},{"$i":"setup-error-account-already-exists","$v":"Bu hesap zaten yapılandırılmış."},{"$i":"setup-manual-config2","$v":"Elle kurulum"},{"$i":"setup-manual-config-header","$v":"Elle Kurulum"},{"$i":"setup-manual-account-type","$v":"Hesap türü"},{"$i":"setup-manual-account-type-select","ariaLabel":"Hesap türü"},{"$i":"setup-manual-imap-header","$v":"IMAP ayarları"},{"$i":"setup-manual-pop3-header","$v":"POP3 ayarları"},{"$i":"setup-manual-smtp-header","$v":"SMTP ayarları"},{"$i":"setup-manual-activesync-header","$v":"ActiveSync ayarları"},{"$i":"setup-manual-next","$v":"İleri"},{"$i":"setup-manual-socket","$v":"Soket Türü"},{"$i":"setup-manual-socket-ssl","$v":"SSL"},{"$i":"setup-manual-socket-starttls","$v":"STARTTLS"},{"$i":"setup-manual-socket-select","ariaLabel":"Bağlantı güvenliği"},{"$i":"setup-manual-socket-plain","$v":"Unencrypted (insecure)"},{"$i":"setup-manual-hostname","placeholder":"Sunucu adı"},{"$i":"setup-manual-port","placeholder":"Port Numarası"},{"$i":"setup-manual-username","placeholder":"Kullanıcı adı"},{"$i":"setup-manual-activesync-username","placeholder":"EtkiAlanı\\KullanıcıAdı"},{"$i":"setup-bad-password-header","$v":"Yanlış parola!"},{"$i":"setup-bad-password","$v":"Sunucuya giriş yapamadık. Parolanız yanlış olabilir mi?"},{"$i":"setup-new-password","placeholder":"Yeni parola"},{"$i":"setup-fix-password","$v":"Yeni parola ile tekrar dene"},{"$i":"setup-gmail-twofactor-header","$v":"İki Faktör Etkin"},{"$i":"setup-gmail-twofactor-message","$v":"Aşağıya uygulamaya özel bir parola girmeniz gerekiyor."},{"$i":"setup-gmail-twofactor-fix","$v":"Uygulama parolası kullan"},{"$i":"setup-gmail-imap-header","$v":"IMAP devre dışı"},{"$i":"setup-gmail-imap-message","$v":"Gmail hesabınızda IMAP'i etkinleştirmelisiniz "},{"$i":"setup-gmail-imap-retry","$v":"Tekrar dene"},{"$i":"setup-gmail-pop3-header","$v":"POP3 devre dışı"},{"$i":"setup-gmail-pop3-message","$v":"Gmail hesabınızda POP3'ü etkinleştirmelisiniz"},{"$i":"setup-gmail-pop3-retry","$v":"Yeniden dene"},{"$i":"setup-fix-oauth2-header","$v":"E-postayı yeniden doğrula"},{"$i":"setup-fix-oauth2-description","$v":"Aşağıdaki hesaba erişmek için e-postanın yeniden doğrulanması gerekiyor:"},{"$i":"setup-fix-oauth2-reauthorize","$v":"Yeniden doğrula"},{"$i":"settings-main-header","$v":"Posta Ayarları"},{"$i":"settings-sub-header-account","$v":"Hesap"},{"$i":"settings-account-group","ariaLabel":"Account"},{"$i":"settings-account-name","$v":"Adınız"},{"$i":"settings-account-display-notifications","$v":"Yeni ileti alındığında bildirim göster"},{"$i":"settings-account-play-sound-onsend","$v":"İleti gönderildikten sonra ses çal"},{"$i":"settings-empty-signature-label","$v":"Düzenlemek için dokun"},{"$i":"settings-account-signature-label","$v":"İmza"},{"$i":"settings-account-signature-textbox","ariaLabel":"Signature"},{"$i":"signature-save","$v":"İmzayı kaydet"},{"$i":"signature-discard-confirm","$v":"İptal"},{"$i":"settings-sub-header-data","$v":"Veri"},{"$i":"settings-data-group","ariaLabel":"Data"},{"$i":"settings-account-check-mail","$v":"Yeni iletileri denetle"},{"$i":"settings-account-check-mail-select","ariaLabel":"Check for new messages"},{"$i":"settings-sub-header-server","$v":"Sunucu ayarları"},{"$i":"settings-server-group","ariaLabel":"Server settings"},{"$i":"settings-account-userpass","$v":"Kullanıcı adı ve parola"},{"$i":"settings-account-useroauth2","$v":"Kullanıcı adı"},{"$i":"settings-default-signature-2","$v":"Firefox OS ile gönderildi"},{"$i":"settings-done","$v":"Bitti"},{"$i":"settings-account-section","$v":"Hesaplar"},{"$i":"settings-account-listbox","ariaLabel":"Accounts"},{"$i":"settings-account-add","$v":"Hesap ekle"},{"$i":"settings-account-delete","$v":"Hesabı sil"},{"$i":"settings-account-delete-prompt","$v":[{"t":"idOrVar","v":"account"}," e-posta hesabınızı silmek istediğinizden emin misiniz? Eğer hesabı tekrar oluşturursanız postalarınızı yeniden indirmek zorunda kalacaksınız."]},{"$i":"settings-account-delete-cancel","$v":"İptal"},{"$i":"settings-account-delete-confirm","$v":"Sil"},{"$i":"settings-account-clarify-imap","$v":[{"t":"idOrVar","v":"account-name"}," (IMAP)"]},{"$i":"settings-account-clarify-pop3","$v":[{"t":"idOrVar","v":"account-name"}," (POP3)"]},{"$i":"settings-account-clarify-smtp","$v":[{"t":"idOrVar","v":"account-name"}," (SMTP)"]},{"$i":"settings-general-section","$v":"Genel ayarlar"},{"$i":"settings-show-images","$v":"Resimleri her zaman göster"},{"$i":"settings-download-attachments","$v":"Ekleri indir"},{"$i":"settings-check-every-5min","$v":"5 dakikada bir"},{"$i":"settings-check-every-10min","$v":"10 dakikada bir"},{"$i":"settings-check-every-15min","$v":"15 dakikada bir"},{"$i":"settings-check-every-30min","$v":"30 dakikada bir"},{"$i":"settings-check-every-60min","$v":"Saatte bir"},{"$i":"settings-check-every-manual","$v":"Elle"},{"$i":"settings-check-dynamic","$v":{"zero":"devre dışı","one":[{"t":"idOrVar","v":"n"}," saniye"],"two":[{"t":"idOrVar","v":"n"}," saniye"],"few":[{"t":"idOrVar","v":"n"}," saniye"],"many":[{"t":"idOrVar","v":"n"}," saniye"],"other":[{"t":"idOrVar","v":"n"}," saniye"]},"$x":[{"t":"idOrVar","v":"plural"},"n"]},{"$i":"settings-default-account","$v":"Varsayılan e-posta olarak ata"},{"$i":"settings-account-type","$v":"Hesap türü"},{"$i":"settings-account-credentials","$v":"Kimlik bilgileri"},{"$i":"settings-activesync-label","$v":"ActiveSync ayarları"},{"$i":"settings-imap-label","$v":"IMAP ayarları"},{"$i":"settings-pop3-label","$v":"POP3 ayarları"},{"$i":"settings-smtp-label","$v":"SMTP ayarları"},{"$i":"settings-hostname","$v":"Sunucu adı"},{"$i":"settings-port","$v":"Port"},{"$i":"settings-username","$v":"Kullanıcı adı"},{"$i":"settings-password","$v":"Parola"},{"$i":"settings-save","$v":"Kaydet"},{"$i":"settings-password-empty","$v":"Parola alanı boş olamaz"},{"$i":"settings-reauth","$v":"Yeniden doğrula"},{"$i":"settings-account-synchronize-window","$v":"Eşitlenecek gün sayısı"},{"$i":"settings-account-synchronize-window-select","ariaLabel":"Days to sync"},{"$i":"settings-synchronize-auto","$v":"Otomatik"},{"$i":"settings-synchronize-one-day","$v":"1 gün"},{"$i":"settings-synchronize-three-days","$v":"3 gün"},{"$i":"settings-synchronize-one-week","$v":"1 hafta"},{"$i":"settings-synchronize-two-weeks","$v":"2 hafta"},{"$i":"settings-synchronize-one-month","$v":"1 ay"},{"$i":"settings-synchronize-all","$v":"Tüm iletiler"},{"$i":"envelope-from","$v":"Kimden"},{"$i":"envelope-to","$v":"Kime"},{"$i":"envelope-cc","$v":"Cc"},{"$i":"envelope-bcc","$v":"Bcc"},{"$i":"message-header-state-sending","ariaLabel":"Sending"},{"$i":"message-header-state-error","ariaLabel":"Error sending"},{"$i":"message-header-unread","ariaLabel":"Unread"},{"$i":"message-header-starred","ariaLabel":"Has star"},{"$i":"message-header-attachments","ariaLabel":"Has attachments"},{"$i":"message-body-container","ariaLabel":"Message body"},{"$i":"message-body-container-progress","ariaValueText":"Loading"},{"$i":"subject","ariaLabel":"Subject"},{"$i":"message-delete-button","ariaLabel":"Delete"},{"$i":"message-star-button","ariaLabel":"Add star"},{"$i":"message-unstar-button","ariaLabel":"Remove star"},{"$i":"message-mark-read-button","ariaLabel":"Mark read"},{"$i":"message-mark-unread-button","ariaLabel":"Mark unread"},{"$i":"message-move-button","ariaLabel":"Move"},{"$i":"message-reply-forward-button","ariaLabel":"Reply or forward"},{"$i":"download-button","ariaLabel":"Download"},{"$i":"downloading-progress","ariaValueText":"Downloading"},{"$i":"view-button","ariaLabel":"View"},{"$i":"attachments-container","ariaLabel":"Attachments"},{"$i":"from-group","ariaLabel":"From"},{"$i":"to-group","ariaLabel":"To"},{"$i":"cc-group","ariaLabel":"cc"},{"$i":"bcc-group","ariaLabel":"bcc"},{"$i":"compose-header","$v":"Yeni ileti yaz"},{"$i":"compose-header-short","$v":"Yaz"},{"$i":"compose-send","$v":"Gönder"},{"$i":"compose-send-button","ariaLabel":"Send"},{"$i":"compose-to","$v":"Kime"},{"$i":"compose-cc","$v":"cc"},{"$i":"compose-bcc","$v":"bcc"},{"$i":"compose-contact-add","ariaLabel":"Add contact"},{"$i":"compose-attachments-container","ariaLabel":{"$x":[{"t":"idOrVar","v":"plural"},"kilobytes"],"$v":{"zero":"Attachments","one":["Attachments: ",{"t":"idOrVar","v":"kilobytes"},"K"],"two":["Attachments: ",{"t":"idOrVar","v":"kilobytes"},"K"],"few":["Attachments: ",{"t":"idOrVar","v":"kilobytes"},"K"],"many":["Attachments: ",{"t":"idOrVar","v":"kilobytes"},"K"],"other":["Attachments: ",{"t":"idOrVar","v":"kilobytes"},"K"]}}},{"$i":"compose-attachment-remove","ariaLabel":"Remove"},{"$i":"compose-attachment-button","ariaLabel":"Attach"},{"$i":"compose-attachments","$v":{"zero":"Ekler","one":[{"t":"idOrVar","v":"n"}," ek"],"two":[{"t":"idOrVar","v":"n"}," ek"],"few":[{"t":"idOrVar","v":"n"}," ek"],"many":[{"t":"idOrVar","v":"n"}," ek"],"other":[{"t":"idOrVar","v":"n"}," ek"]},"$x":[{"t":"idOrVar","v":"plural"},"n"]},{"$i":"compose-text","ariaLabel":"Edit"},{"$i":"compose-attachment-still-working","$v":"Bekleyin, hâlâ önceki ek üzerinde çalışıyoruz..."},{"$i":"compose-subject","$v":"Konu"},{"$i":"compose-draft-save","$v":"Yerel Taslaklar'a kaydet"},{"$i":"compose-discard-confirm","$v":"İptal"},{"$i":"compose-send-message-failed","$v":"E-posta gönderimi başarısız"},{"$i":"composer-attachment-large","$v":"Ek çok büyük"},{"$i":"composer-attachments-large","$v":"Ekler çok büyük"},{"$i":"compose-attchment-size-exceeded","$v":"Seçilen ek, bu mesajla gönderilemeyecek kadar büyük."},{"$i":"compose-attchments-size-exceeded","$v":"Seçilen ekler bu mesajla gönderilemeyecek kadar büyük. Daha az dosya seçmeyi deneyin."},{"$i":"dialog-button-ok","$v":"Tamam"},{"$i":"default-attachment-filename","$v":["ek",{"t":"idOrVar","v":"n"}]},{"$i":"attachment-size-kib","$v":[{"t":"idOrVar","v":"kilobytes"}," K"]},{"$i":"message-attachment-view","$v":"Bak"},{"$i":"message-attachment-did-not-open-label","$v":"Unable to open"},{"$i":"message-attachment-did-not-open-body","$v":"The device does not have an app that can open the attachment."},{"$i":"message-attachment-too-large","$v":"Dosya, indirmek için çok büyük."},{"$i":"message-no-subject","$v":"(konu yok)"},{"$i":"message-edit-menu-edit","$v":"Düzenle"},{"$i":"message-edit-menu-delete","$v":"Sil"},{"$i":"message-edit-delete-confirm","$v":"E-posta iletisi silinsin mi?"},{"$i":"message-send-attachment-disabled-confirm","$v":"Ekler iletilemiyor."},{"$i":"message-multiedit-header","$v":{"zero":"Düzenle","one":[{"t":"idOrVar","v":"n"}," seçildi"],"two":[{"t":"idOrVar","v":"n"}," seçildi"],"few":[{"t":"idOrVar","v":"n"}," seçildi"],"many":[{"t":"idOrVar","v":"n"}," seçildi"],"other":[{"t":"idOrVar","v":"n"}," seçildi"]},"$x":[{"t":"idOrVar","v":"plural"},"n"]},{"$i":"browse-to-url-prompt","$v":["Adrese git?: ",{"t":"idOrVar","v":"url"}]},{"$i":"message-download-images-tap","$v":{"one":"Bu e-posta bir resim içeriyor. İndirmek için dokunun.","two":["Bu e-posta ",{"t":"idOrVar","v":"n"}," resim içeriyor. İndirmek için dokunun."],"few":["Bu e-posta ",{"t":"idOrVar","v":"n"}," resim içeriyor. İndirmek için dokunun."],"many":["Bu e-posta ",{"t":"idOrVar","v":"n"}," resim içeriyor. İndirmek için dokunun."],"other":["Bu e-posta ",{"t":"idOrVar","v":"n"}," resim içeriyor. İndirmek için dokunun."]},"$x":[{"t":"idOrVar","v":"plural"},"n"]},{"$i":"message-show-external-images","$v":"Harici resimleri göster"},{"$i":"message-multiedit-cancel","$v":"İptal"},{"$i":"message-multiedit-delete-confirm","$v":{"one":"Bu e-posta iletisi silinsin mi?","two":[{"t":"idOrVar","v":"n"}," e-posta iletisi silinsin mi?"],"few":[{"t":"idOrVar","v":"n"}," e-posta iletisi silinsin mi?"],"many":[{"t":"idOrVar","v":"n"}," e-posta iletisi silinsin mi?"],"other":[{"t":"idOrVar","v":"n"}," e-posta iletisi silinsin mi?"]},"$x":[{"t":"idOrVar","v":"plural"},"n"]},{"$i":"message-large-message-cancel","$v":"İptal"},{"$i":"message-large-message-ok","$v":"Devam et"},{"$i":"message-large-message-confirm","$v":"Bu mesaj büyük olduğu için indirilmesi biraz zaman alabilir."},{"$i":"message-search-from","$v":"Kimden"},{"$i":"message-search-to","$v":"Kime"},{"$i":"message-search-subject","$v":"Konu"},{"$i":"message-search-body","$v":"Gövde"},{"$i":"message-search-all","$v":"Tümü"},{"$i":"message-search-input","placeholder":"E-posta ara"},{"$i":"message-search-cancel","$v":"İptal"},{"$i":"messages-syncing","$v":"İletiler yükleniyor"},{"$i":"messages-load-more","$v":"Daha fazla ileti yükle"},{"$i":"messages-folder-empty","$v":"Bu klasörde posta yok"},{"$i":"messages-search-empty","$v":"Yerel önbellekteki iletilerde eşleşme bulunamadı"},{"$i":"messages-folder-select","$v":"Klasör seçin"},{"$i":"messages-folder-unread-max","$v":"999+"},{"$i":"message-contact-menu-create","$v":"Yeni kişi kaydet"},{"$i":"message-contact-menu-add-existing","$v":"Mevcut kişiye ekle"},{"$i":"message-contact-menu-view","$v":"Kişiyi gör"},{"$i":"message-contact-menu-reply","$v":"Yanıtla"},{"$i":"message-contact-menu-new","$v":"Yeni posta gönder"},{"$i":"message-reply-menu-reply","$v":"Yanıtla"},{"$i":"message-reply-menu-reply-all","$v":"Tümüne yanıtla"},{"$i":"message-reply-menu-forward","$v":"İlet"},{"$i":"message-reply-menu-cancel","$v":"İptal"},{"$i":"reply-quoting-wrote","$v":"{name} şunu yazdı"},{"$i":"forward-original-message","$v":"Özgün ileti"},{"$i":"forward-header-subject","$v":"Konu"},{"$i":"forward-header-date","$v":"Tarih"},{"$i":"forward-header-from","$v":"Kimden"},{"$i":"forward-header-reply-to","$v":"Reply-To"},{"$i":"forward-header-to","$v":"Kime"},{"$i":"forward-header-cc","$v":"Cc"},{"$i":"folder-inbox","$v":"Gelen Kutusu"},{"$i":"folder-sent","$v":"Gönderilen"},{"$i":"folder-drafts","$v":"Taslaklar"},{"$i":"folder-trash","$v":"Çöp Kutusu"},{"$i":"folder-queue","$v":"Gönderilmemiş"},{"$i":"folder-junk","$v":"Önemsiz"},{"$i":"folder-archives","$v":"Arşiv"},{"$i":"folder-localdrafts","$v":"Yerel Taslaklar"},{"$i":"folder-outbox","$v":"Giden kutusu"},{"$i":"drawer-back","$v":"Geri"},{"$i":"drawer-accounts-header","$v":"Hesaplar"},{"$i":"drawer-settings-link","$v":"Ayarlar"},{"$i":"folder-last-synced-label","$v":"Son eşitleme:"},{"$i":"messages-refresh-button","ariaLabel":"Refresh"},{"$i":"messages-refresh-progress","ariaValueText":"Refreshing"},{"$i":"edit-button","ariaLabel":"Edit"},{"$i":"message-list-top-action","$v":"Başa dön"},{"$i":"message-list-menu","ariaLabel":"Folders and settings"},{"$i":"message-list-compose","ariaLabel":"Compose"},{"$i":"toaster-undo","$v":"Geri al"},{"$i":"toaster-message-star","$v":{"one":"1 ileti işaretlendi","two":[{"t":"idOrVar","v":"n"}," ileti işaretlendi"],"few":[{"t":"idOrVar","v":"n"}," ileti işaretlendi"],"many":[{"t":"idOrVar","v":"n"}," ileti işaretlendi"],"other":[{"t":"idOrVar","v":"n"}," ileti işaretlendi"]},"$x":[{"t":"idOrVar","v":"plural"},"n"]},{"$i":"toaster-message-unstar","$v":{"one":"1 iletinin işareti kaldırıldı","two":[{"t":"idOrVar","v":"n"}," iletinin işareti kaldırıldı"],"few":[{"t":"idOrVar","v":"n"}," iletinin işareti kaldırıldı"],"many":[{"t":"idOrVar","v":"n"}," iletinin işareti kaldırıldı"],"other":[{"t":"idOrVar","v":"n"}," iletinin işareti kaldırıldı"]},"$x":[{"t":"idOrVar","v":"plural"},"n"]},{"$i":"toaster-message-read","$v":{"one":"1 ileti okundu olarak işaretlendi","two":[{"t":"idOrVar","v":"n"}," ileti okundu olarak işaretlendi"],"few":[{"t":"idOrVar","v":"n"}," ileti okundu olarak işaretlendi"],"many":[{"t":"idOrVar","v":"n"}," ileti okundu olarak işaretlendi"],"other":[{"t":"idOrVar","v":"n"}," ileti okundu olarak işaretlendi"]},"$x":[{"t":"idOrVar","v":"plural"},"n"]},{"$i":"toaster-message-unread","$v":{"one":"1 ileti okunmadı olarak işaretlendi","two":[{"t":"idOrVar","v":"n"}," ileti okunmadı olarak işaretlendi"],"few":[{"t":"idOrVar","v":"n"}," ileti okunmadı olarak işaretlendi"],"many":[{"t":"idOrVar","v":"n"}," ileti okunmadı olarak işaretlendi"],"other":[{"t":"idOrVar","v":"n"}," ileti okunmadı olarak işaretlendi"]},"$x":[{"t":"idOrVar","v":"plural"},"n"]},{"$i":"toaster-message-move","$v":{"one":"1 ileti taşındı","two":[{"t":"idOrVar","v":"n"}," ileti taşındı"],"few":[{"t":"idOrVar","v":"n"}," ileti taşındı"],"many":[{"t":"idOrVar","v":"n"}," ileti taşındı"],"other":[{"t":"idOrVar","v":"n"}," ileti taşındı"]},"$x":[{"t":"idOrVar","v":"plural"},"n"]},{"$i":"toaster-message-delete","$v":{"one":"1 ileti silindi","two":[{"t":"idOrVar","v":"n"}," ileti silindi"],"few":[{"t":"idOrVar","v":"n"}," ileti silindi"],"many":[{"t":"idOrVar","v":"n"}," ileti silindi"],"other":[{"t":"idOrVar","v":"n"}," ileti silindi"]},"$x":[{"t":"idOrVar","v":"plural"},"n"]},{"$i":"toaster-retryable-syncfailed","$v":"Sunucuya bağlanılamadı"},{"$i":"compose-invalid-addresses-title","$v":"Geçersiz adresler"},{"$i":"compose-invalid-addresses-description","$v":"İletiniz bir veya daha fazla geçersiz adres içeriyor. Lütfen iletiyi göndermeden önce onları düzeltin."},{"$i":"background-send-pending","$v":"Ağ kullanılamıyor. E-posta giden kutusuna kaydedildi."},{"$i":"background-send-sending","$v":"E-posta gönderiliyor…"},{"$i":"background-send-success","$v":"E-posta gönderildi."},{"$i":"background-send-error","$v":"Hata oluştu. E-posta giden kutusuna kaydedildi."},{"$i":"background-send-error-recipients","$v":"Alıcı hatası. E-posta giden kutusuna kaydedildi."},{"$i":"background-send-error-title","$v":"E-posta gönderimi başarısız oldu"},{"$i":"send-failure-recipients","$v":"Yukarıdaki adreslerin yazımını kontrol edin. E-posta sunucunuz yukarıdaki adreslerden birinin veya birkaçının hatalı olduğunu bildirdi."},{"$i":"send-failure-unknown","$v":"İleti gönderilemedi."},{"$i":"form-clear-input","$v":"Metni kaldır"},{"$i":"confirm-dialog-title","$v":"Onay"},{"$i":"senders-separation-sign","$v":", "},{"$i":"new-messages","$v":{"one":"%1 yeni ileti","two":[{"t":"idOrVar","v":"n"}," yeni ileti"],"few":[{"t":"idOrVar","v":"n"}," yeni ileti"],"many":[{"t":"idOrVar","v":"n"}," yeni ileti"],"other":[{"t":"idOrVar","v":"n"}," yeni ileti"]},"$x":[{"t":"idOrVar","v":"plural"},"n"]},{"$i":"notification-no-subject","$v":"(no subject)"},{"$i":"new-emails-notify-one-account","$v":{"one":"1 yeni e-posta","two":[{"t":"idOrVar","v":"n"}," yeni e-posta"],"few":[{"t":"idOrVar","v":"n"}," yeni e-posta"],"many":[{"t":"idOrVar","v":"n"}," yeni e-posta"],"other":[{"t":"idOrVar","v":"n"}," yeni e-posta"]},"$x":[{"t":"idOrVar","v":"plural"},"n"]},{"$i":"new-emails-notify-multiple-accounts","$v":{"one":["1 yeni e-posta (",{"t":"idOrVar","v":"accountName"},")"],"two":[{"t":"idOrVar","v":"n"}," yeni e-posta (",{"t":"idOrVar","v":"accountName"},")"],"few":[{"t":"idOrVar","v":"n"}," yeni e-posta (",{"t":"idOrVar","v":"accountName"},")"],"many":[{"t":"idOrVar","v":"n"}," yeni e-posta (",{"t":"idOrVar","v":"accountName"},")"],"other":[{"t":"idOrVar","v":"n"}," yeni e-posta (",{"t":"idOrVar","v":"accountName"},")"]},"$x":[{"t":"idOrVar","v":"plural"},"n"]},{"$i":"new-emails-notify-multiple-accounts-body","$v":[{"t":"idOrVar","v":"from"}," “",{"t":"idOrVar","v":"subject"},"”"]},{"$i":"tng-plain-socket-warning-title","$v":"Are you sure?"},{"$i":"tng-plain-socket-warning-message","$v":"Other people may be able to see your passwords and emails or control your account."},{"$i":"tng-plain-socket-warning-message-options","$v":"There are multiple, free email providers that offer more secure, encrypted connections."},{"$i":"tng-plain-socket-learn-more","$v":"Learn more"},{"$i":"tng-plain-socket-warning-ok","$v":"I understand"},{"$i":"message-reader-next-button","ariaLabel":"Next"},{"$i":"message-reader-previous-button","ariaLabel":"Previous"},{"$i":"message-reader-date-received","ariaLabel":"Received"},{"$i":"weekday-0-long","$v":"Pazar"},{"$i":"weekday-1-long","$v":"Pazartesi"},{"$i":"weekday-2-long","$v":"Salı"},{"$i":"weekday-3-long","$v":"Çarşamba"},{"$i":"weekday-4-long","$v":"Perşembe"},{"$i":"weekday-5-long","$v":"Cuma"},{"$i":"weekday-6-long","$v":"Cumartesi"},{"$i":"weekday-0-short","$v":"Pzr"},{"$i":"weekday-1-short","$v":"Pzt"},{"$i":"weekday-2-short","$v":"Sal"},{"$i":"weekday-3-short","$v":"Çar"},{"$i":"weekday-4-short","$v":"Per"},{"$i":"weekday-5-short","$v":"Cum"},{"$i":"weekday-6-short","$v":"Cmt"},{"$i":"month-0-long","$v":"Ocak"},{"$i":"month-1-long","$v":"Şubat"},{"$i":"month-2-long","$v":"Mart"},{"$i":"month-3-long","$v":"Nisan"},{"$i":"month-4-long","$v":"Mayıs"},{"$i":"month-5-long","$v":"Haziran"},{"$i":"month-6-long","$v":"Temmuz"},{"$i":"month-7-long","$v":"Ağustos"},{"$i":"month-8-long","$v":"Eylül"},{"$i":"month-9-long","$v":"Ekim"},{"$i":"month-10-long","$v":"Kasım"},{"$i":"month-11-long","$v":"Aralık"},{"$i":"month-0-genitive","$v":"Ocak"},{"$i":"month-1-genitive","$v":"Şubat"},{"$i":"month-2-genitive","$v":"Mart"},{"$i":"month-3-genitive","$v":"Nisan"},{"$i":"month-4-genitive","$v":"Mayıs"},{"$i":"month-5-genitive","$v":"Haziran"},{"$i":"month-6-genitive","$v":"Temmuz"},{"$i":"month-7-genitive","$v":"Ağustos"},{"$i":"month-8-genitive","$v":"Eylül"},{"$i":"month-9-genitive","$v":"Ekim"},{"$i":"month-10-genitive","$v":"Kasım"},{"$i":"month-11-genitive","$v":"Aralık"},{"$i":"month-0-short","$v":"Oca"},{"$i":"month-1-short","$v":"Şub"},{"$i":"month-2-short","$v":"Mar"},{"$i":"month-3-short","$v":"Nis"},{"$i":"month-4-short","$v":"May"},{"$i":"month-5-short","$v":"Haz"},{"$i":"month-6-short","$v":"Tem"},{"$i":"month-7-short","$v":"Ağu"},{"$i":"month-8-short","$v":"Eyl"},{"$i":"month-9-short","$v":"Eki"},{"$i":"month-10-short","$v":"Kas"},{"$i":"month-11-short","$v":"Ara"},{"$i":"minutes-ago-long","$v":{"zero":"biraz önce","one":"bir dakika önce","two":[{"t":"idOrVar","v":"value"}," dakika önce"],"few":[{"t":"idOrVar","v":"value"}," dakika önce"],"many":[{"t":"idOrVar","v":"value"}," dakika önce"],"other":[{"t":"idOrVar","v":"value"}," dakika önce"]},"$x":[{"t":"idOrVar","v":"plural"},"value"]},{"$i":"hours-ago-long","$v":{"zero":"biraz önce","one":"bir saat önce","two":[{"t":"idOrVar","v":"value"}," saat önce"],"few":[{"t":"idOrVar","v":"value"}," saat önce"],"many":[{"t":"idOrVar","v":"value"}," saat önce"],"other":[{"t":"idOrVar","v":"value"}," saat önce"]},"$x":[{"t":"idOrVar","v":"plural"},"value"]},{"$i":"days-ago-long","$v":{"zero":"bugün","one":"dün","two":[{"t":"idOrVar","v":"value"}," gün önce"],"few":[{"t":"idOrVar","v":"value"}," gün önce"],"many":[{"t":"idOrVar","v":"value"}," gün önce"],"other":[{"t":"idOrVar","v":"value"}," gün önce"]},"$x":[{"t":"idOrVar","v":"plural"},"value"]},{"$i":"weeks-ago-long","$v":{"zero":"bu hafta","one":"geçen hafta","two":[{"t":"idOrVar","v":"value"}," hafta önce"],"few":[{"t":"idOrVar","v":"value"}," hafta önce"],"many":[{"t":"idOrVar","v":"value"}," hafta önce"],"other":[{"t":"idOrVar","v":"value"}," hafta önce"]},"$x":[{"t":"idOrVar","v":"plural"},"value"]},{"$i":"months-ago-long","$v":{"zero":"bu ay","one":"geçen ay","two":[{"t":"idOrVar","v":"value"}," ay önce"],"few":[{"t":"idOrVar","v":"value"}," ay önce"],"many":[{"t":"idOrVar","v":"value"}," ay önce"],"other":[{"t":"idOrVar","v":"value"}," ay önce"]},"$x":[{"t":"idOrVar","v":"plural"},"value"]},{"$i":"years-ago-long","$v":{"zero":"bu yıl","one":"geçen yıl","two":[{"t":"idOrVar","v":"value"}," yıl önce"],"few":[{"t":"idOrVar","v":"value"}," yıl önce"],"many":[{"t":"idOrVar","v":"value"}," yıl önce"],"other":[{"t":"idOrVar","v":"value"}," yıl önce"]},"$x":[{"t":"idOrVar","v":"plural"},"value"]},{"$i":"minutes-until-long","$v":{"zero":"şimdi","one":"bir dakika önce","two":[{"t":"idOrVar","v":"value"}," dakika içinde"],"few":[{"t":"idOrVar","v":"value"}," dakika içinde"],"many":[{"t":"idOrVar","v":"value"}," dakika içinde"],"other":[{"t":"idOrVar","v":"value"}," dakika içinde"]},"$x":[{"t":"idOrVar","v":"plural"},"value"]},{"$i":"hours-until-long","$v":{"zero":"şimdi","one":"bir saat içinde","two":[{"t":"idOrVar","v":"value"}," saat içinde"],"few":[{"t":"idOrVar","v":"value"}," saat içinde"],"many":[{"t":"idOrVar","v":"value"}," saat içinde"],"other":[{"t":"idOrVar","v":"value"}," saat içinde"]},"$x":[{"t":"idOrVar","v":"plural"},"value"]},{"$i":"days-until-long","$v":{"zero":"bugün","one":"dün","two":[{"t":"idOrVar","v":"value"}," gün içinde"],"few":[{"t":"idOrVar","v":"value"}," gün içinde"],"many":[{"t":"idOrVar","v":"value"}," gün içinde"],"other":[{"t":"idOrVar","v":"value"}," gün içinde"]},"$x":[{"t":"idOrVar","v":"plural"},"value"]},{"$i":"weeks-until-long","$v":{"zero":"bu hafta","one":"gelecek hafta","two":[{"t":"idOrVar","v":"value"}," hafta içinde"],"few":[{"t":"idOrVar","v":"value"}," hafta içinde"],"many":[{"t":"idOrVar","v":"value"}," hafta içinde"],"other":[{"t":"idOrVar","v":"value"}," hafta içinde"]},"$x":[{"t":"idOrVar","v":"plural"},"value"]},{"$i":"months-until-long","$v":{"zero":"bu ay","one":"gelecek ay","two":[{"t":"idOrVar","v":"value"}," ay içinde"],"few":[{"t":"idOrVar","v":"value"}," ay içinde"],"many":[{"t":"idOrVar","v":"value"}," ay içinde"],"other":[{"t":"idOrVar","v":"value"}," ay içinde"]},"$x":[{"t":"idOrVar","v":"plural"},"value"]},{"$i":"years-until-long","$v":{"zero":"bu yıl","one":"gelecek yıl","two":[{"t":"idOrVar","v":"value"}," yıl içinde"],"few":[{"t":"idOrVar","v":"value"}," yıl içinde"],"many":[{"t":"idOrVar","v":"value"}," yıl içinde"],"other":[{"t":"idOrVar","v":"value"}," yıl içinde"]},"$x":[{"t":"idOrVar","v":"plural"},"value"]},{"$i":"minutes-ago-short","$v":{"zero":"biraz önce","other":[{"t":"idOrVar","v":"value"}," dk önce"]},"$x":[{"t":"idOrVar","v":"plural"},"value"]},{"$i":"hours-ago-short","$v":{"zero":"biraz önce","other":[{"t":"idOrVar","v":"value"}," saat önce"]},"$x":[{"t":"idOrVar","v":"plural"},"value"]},{"$i":"days-ago-short","$v":{"zero":"bugün","other":[{"t":"idOrVar","v":"value"}," gün önce"]},"$x":[{"t":"idOrVar","v":"plural"},"value"]},{"$i":"minutes-until-short","$v":{"zero":"şimdi","other":[{"t":"idOrVar","v":"value"}," dk içinde"]},"$x":[{"t":"idOrVar","v":"plural"},"value"]},{"$i":"hours-until-short","$v":{"zero":"şimdi","other":[{"t":"idOrVar","v":"value"}," saat içinde"]},"$x":[{"t":"idOrVar","v":"plural"},"value"]},{"$i":"days-until-short","$v":{"zero":"bugün","other":[{"t":"idOrVar","v":"value"}," gün içinde"]},"$x":[{"t":"idOrVar","v":"plural"},"value"]},{"$i":"incorrectDate","$v":"(geçersiz tarih)"},{"$i":"dateTimeFormat_%c","$v":"%e %b %Y %a %H:%M:%S"},{"$i":"dateTimeFormat_%x","$v":"%d/%m/%Y"},{"$i":"dateTimeFormat_%X","$v":"%H:%M:%S"},{"$i":"shortTimeFormat","$v":"%H:%M"},{"$i":"shortTimeFormat12","$v":"%I:%M %p"},{"$i":"shortTimeFormat24","$v":"%H:%M"},{"$i":"shortDateTimeFormat","$v":"%x %H:%M"},{"$i":"weekStartsOnMonday","$v":"1"},{"$i":"firstDayOfTheWeek","$v":"0"},{"$i":"time_am","$v":"ÖÖ"},{"$i":"time_pm","$v":"ÖS"}]