[{"$i":"back-button","ariaLabel":"Back"},{"$i":"close-button","ariaLabel":"Close"},{"$i":"setup-app-name-header","$v":"邮件"},{"$i":"setup-empty-account-message","$v":"You are not set up to send or receive email. Set up an account to complete the action."},{"$i":"setup-pick-service","$v":"要发送与接收电子邮件，您需要设置一个账户。"},{"$i":"setup-account-header3","$v":"新建账户"},{"$i":"setup-account-enter-password","$v":"请输入此账户的密码："},{"$i":"setup-info-name","placeholder":"您的名称（作为发件人名称）"},{"$i":"setup-info-email","placeholder":"someone@example.com"},{"$i":"setup-info-password","placeholder":"密码"},{"$i":"setup-info-next","$v":"下一步"},{"$i":"setup-progress-wait-msg","$v":"正在设置账户"},{"$i":"setup-completed-header","$v":"邮件账户设置"},{"$i":"setup-completed-label","$v":"完成！"},{"$i":"setup-add-another-account","$v":"添加其他账户"},{"$i":"setup-show-mail","$v":"进入收件箱"},{"$i":"setup-error-offline","$v":"此装置目前处于离线状态。连接到网络然后重试。"},{"$i":"setup-error-bad-user-or-pass2","$v":"无效的用户名或密码。请检查是否输入有误。"},{"$i":"setup-error-bad-address","$v":"无效的电子邮件地址。请检查是否输入有误。"},{"$i":"setup-error-not-authorized","$v":"服务器说您没有权限创建账户"},{"$i":"setup-error-pop-server-not-great","$v":"服务器不支持。POP3 服务器没有实现所需的功能特性。"},{"$i":"setup-error-unknown2","$v":"发生未知错误。请检查您的网络连接，或尝试手动配置选项。"},{"$i":"setup-error-needs-app-pass","$v":"您必须为两步验证的 Gmail 账户使用特定于应用程序的密码"},{"$i":"setup-error-imap-disabled","$v":"您必须为您的 Gmail 账户启用 IMAP"},{"$i":"setup-error-pop3-disabled","$v":"你必须在你的 Gmail 账户中启用 POP3"},{"$i":"setup-error-bad-security","$v":["无法与“",{"t":"idOrVar","v":"server"},"”建立安全连接。这可能是您的网络，或者该服务器的问题。"]},{"$i":"setup-error-unresponsive-server","$v":["无法与“",{"t":"idOrVar","v":"server"},"”建立连接。这可能是网络问题。"]},{"$i":"setup-error-server-problem","$v":["与服务器“",{"t":"idOrVar","v":"server"},"”有一个问题。请稍后重试。"]},{"$i":"setup-error-no-config-info","$v":"无法自动配置您的账户。请更正您的电子邮件地址，或尝试手动配置选项。"},{"$i":"setup-error-server-maintenance","$v":["服务器“",{"t":"idOrVar","v":"server"},"”处于离线状态以便维护。请稍后重试。"]},{"$i":"setup-error-account-already-exists","$v":"此账户已经配置。"},{"$i":"setup-manual-config2","$v":"手动设置"},{"$i":"setup-manual-config-header","$v":"手动设置"},{"$i":"setup-manual-account-type","$v":"账户类型"},{"$i":"setup-manual-account-type-select","ariaLabel":"Account type"},{"$i":"setup-manual-imap-header","$v":"IMAP 设置"},{"$i":"setup-manual-pop3-header","$v":"POP3 设置"},{"$i":"setup-manual-smtp-header","$v":"SMTP 设置"},{"$i":"setup-manual-activesync-header","$v":"ActiveSync 设置"},{"$i":"setup-manual-next","$v":"下一步"},{"$i":"setup-manual-socket","$v":"套接字类型"},{"$i":"setup-manual-socket-ssl","$v":"SSL"},{"$i":"setup-manual-socket-starttls","$v":"STARTTLS"},{"$i":"setup-manual-socket-select","ariaLabel":"Connection security"},{"$i":"setup-manual-socket-plain","$v":"Unencrypted (insecure)"},{"$i":"setup-manual-hostname","placeholder":"主机名"},{"$i":"setup-manual-port","placeholder":"端口号"},{"$i":"setup-manual-username","placeholder":"用户名"},{"$i":"setup-manual-activesync-username","placeholder":"域\\用户名"},{"$i":"setup-bad-password-header","$v":"密码错误！"},{"$i":"setup-bad-password","$v":"未能登录到服务器，是您的密码错误吗？"},{"$i":"setup-new-password","placeholder":"新密码"},{"$i":"setup-fix-password","$v":"使用新密码尝试"},{"$i":"setup-gmail-twofactor-header","$v":"启用两步验证"},{"$i":"setup-gmail-twofactor-message","$v":"您需要在下面输入一组特定于应用程序的密码。"},{"$i":"setup-gmail-twofactor-fix","$v":"使用应用程序密码"},{"$i":"setup-gmail-imap-header","$v":"停用 IMAP"},{"$i":"setup-gmail-imap-message","$v":"您必须在您的 Gmail 账户中启用 IMAP"},{"$i":"setup-gmail-imap-retry","$v":"重试"},{"$i":"setup-gmail-pop3-header","$v":"POP3 已禁用"},{"$i":"setup-gmail-pop3-message","$v":"你必须在你的 Gmail 账户中启用 POP3"},{"$i":"setup-gmail-pop3-retry","$v":"重试"},{"$i":"setup-fix-oauth2-header","$v":"重新验证邮箱"},{"$i":"setup-fix-oauth2-description","$v":"电子邮件必须经过验证才能访问下列账户："},{"$i":"setup-fix-oauth2-reauthorize","$v":"重新验证"},{"$i":"settings-main-header","$v":"邮件设置"},{"$i":"settings-sub-header-account","$v":"账户"},{"$i":"settings-account-group","ariaLabel":"Account"},{"$i":"settings-account-name","$v":"您的名称（作为发件人名称）"},{"$i":"settings-account-display-notifications","$v":"收到新消息时显示通知"},{"$i":"settings-account-play-sound-onsend","$v":"消息发送后播放音效"},{"$i":"settings-empty-signature-label","$v":"点按进行编辑"},{"$i":"settings-account-signature-label","$v":"签名"},{"$i":"settings-account-signature-textbox","ariaLabel":"Signature"},{"$i":"signature-save","$v":"保存签名"},{"$i":"signature-discard-confirm","$v":"丢弃"},{"$i":"settings-sub-header-data","$v":"数据"},{"$i":"settings-data-group","ariaLabel":"Data"},{"$i":"settings-account-check-mail","$v":"检查新消息"},{"$i":"settings-account-check-mail-select","ariaLabel":"Check for new messages"},{"$i":"settings-sub-header-server","$v":"服务器设置"},{"$i":"settings-server-group","ariaLabel":"Server settings"},{"$i":"settings-account-userpass","$v":"用户名和密码"},{"$i":"settings-account-useroauth2","$v":"用户名"},{"$i":"settings-default-signature-2","$v":"使用 Firefox OS 发送"},{"$i":"settings-done","$v":"完成"},{"$i":"settings-account-section","$v":"账户"},{"$i":"settings-account-listbox","ariaLabel":"Accounts"},{"$i":"settings-account-add","$v":"添加账户"},{"$i":"settings-account-delete","$v":"删除账户"},{"$i":"settings-account-delete-prompt","$v":["确定要删除您的“",{"t":"idOrVar","v":"account"},"”邮件账户吗？如果您重新创建此账户，您将不得不重新下载您的邮件。"]},{"$i":"settings-account-delete-cancel","$v":"取消"},{"$i":"settings-account-delete-confirm","$v":"删除"},{"$i":"settings-account-clarify-imap","$v":[{"t":"idOrVar","v":"account-name"}," (IMAP)"]},{"$i":"settings-account-clarify-pop3","$v":[{"t":"idOrVar","v":"account-name"}," (POP3)"]},{"$i":"settings-account-clarify-smtp","$v":[{"t":"idOrVar","v":"account-name"}," (SMTP)"]},{"$i":"settings-general-section","$v":"通用设置"},{"$i":"settings-show-images","$v":"始终显示图像"},{"$i":"settings-download-attachments","$v":"下载附件"},{"$i":"settings-check-every-5min","$v":"每 5 分钟"},{"$i":"settings-check-every-10min","$v":"每 10 分钟"},{"$i":"settings-check-every-15min","$v":"每 15 分钟"},{"$i":"settings-check-every-30min","$v":"每 30 分钟"},{"$i":"settings-check-every-60min","$v":"每小时"},{"$i":"settings-check-every-manual","$v":"手动"},{"$i":"settings-check-dynamic","$v":{"zero":"秒","one":[{"t":"idOrVar","v":"n"}," 秒"],"two":[{"t":"idOrVar","v":"n"}," 秒"],"few":[{"t":"idOrVar","v":"n"}," 秒"],"many":[{"t":"idOrVar","v":"n"}," 秒"],"other":[{"t":"idOrVar","v":"n"}," 秒"]},"$x":[{"t":"idOrVar","v":"plural"},"n"]},{"$i":"settings-default-account","$v":"设为默认账户"},{"$i":"settings-account-type","$v":"账户类型"},{"$i":"settings-account-credentials","$v":"登录凭据"},{"$i":"settings-activesync-label","$v":"ActiveSync 设置"},{"$i":"settings-imap-label","$v":"IMAP 设置"},{"$i":"settings-pop3-label","$v":"POP3 设置"},{"$i":"settings-smtp-label","$v":"SMTP 设置"},{"$i":"settings-hostname","$v":"主机名"},{"$i":"settings-port","$v":"端口"},{"$i":"settings-username","$v":"用户名"},{"$i":"settings-password","$v":"密码"},{"$i":"settings-save","$v":"保存"},{"$i":"settings-password-empty","$v":"密码不能为空！"},{"$i":"settings-reauth","$v":"重新验证"},{"$i":"settings-account-synchronize-window","$v":"要同步的天数"},{"$i":"settings-account-synchronize-window-select","ariaLabel":"Days to sync"},{"$i":"settings-synchronize-auto","$v":"自动"},{"$i":"settings-synchronize-one-day","$v":"1 天"},{"$i":"settings-synchronize-three-days","$v":"3 天"},{"$i":"settings-synchronize-one-week","$v":"1 周"},{"$i":"settings-synchronize-two-weeks","$v":"2 周"},{"$i":"settings-synchronize-one-month","$v":"1 个月"},{"$i":"settings-synchronize-all","$v":"所有邮件"},{"$i":"envelope-from","$v":"发件人"},{"$i":"envelope-to","$v":"收件人"},{"$i":"envelope-cc","$v":"抄送"},{"$i":"envelope-bcc","$v":"密送"},{"$i":"message-header-state-sending","ariaLabel":"Sending"},{"$i":"message-header-state-error","ariaLabel":"Error sending"},{"$i":"message-header-unread","ariaLabel":"Unread"},{"$i":"message-header-starred","ariaLabel":"Has star"},{"$i":"message-header-attachments","ariaLabel":"Has attachments"},{"$i":"message-body-container","ariaLabel":"Message body"},{"$i":"message-body-container-progress","ariaValueText":"Loading"},{"$i":"subject","ariaLabel":"Subject"},{"$i":"message-delete-button","ariaLabel":"Delete"},{"$i":"message-star-button","ariaLabel":"Add star"},{"$i":"message-unstar-button","ariaLabel":"Remove star"},{"$i":"message-mark-read-button","ariaLabel":"Mark read"},{"$i":"message-mark-unread-button","ariaLabel":"Mark unread"},{"$i":"message-move-button","ariaLabel":"Move"},{"$i":"message-reply-forward-button","ariaLabel":"Reply or forward"},{"$i":"download-button","ariaLabel":"Download"},{"$i":"downloading-progress","ariaValueText":"Downloading"},{"$i":"view-button","ariaLabel":"View"},{"$i":"attachments-container","ariaLabel":"Attachments"},{"$i":"from-group","ariaLabel":"From"},{"$i":"to-group","ariaLabel":"To"},{"$i":"cc-group","ariaLabel":"cc"},{"$i":"bcc-group","ariaLabel":"bcc"},{"$i":"compose-header","$v":"撰写邮件"},{"$i":"compose-header-short","$v":"编写"},{"$i":"compose-send","$v":"发送"},{"$i":"compose-send-button","ariaLabel":"Send"},{"$i":"compose-to","$v":"收件人"},{"$i":"compose-cc","$v":"抄送"},{"$i":"compose-bcc","$v":"密送"},{"$i":"compose-contact-add","ariaLabel":"Add contact"},{"$i":"compose-attachments-container","ariaLabel":{"$x":[{"t":"idOrVar","v":"plural"},"kilobytes"],"$v":{"zero":"Attachments","one":["Attachments: ",{"t":"idOrVar","v":"kilobytes"},"K"],"two":["Attachments: ",{"t":"idOrVar","v":"kilobytes"},"K"],"few":["Attachments: ",{"t":"idOrVar","v":"kilobytes"},"K"],"many":["Attachments: ",{"t":"idOrVar","v":"kilobytes"},"K"],"other":["Attachments: ",{"t":"idOrVar","v":"kilobytes"},"K"]}}},{"$i":"compose-attachment-remove","ariaLabel":"Remove"},{"$i":"compose-attachment-button","ariaLabel":"Attach"},{"$i":"compose-attachments","$v":{"zero":"附件","one":[{"t":"idOrVar","v":"n"}," 附件"],"two":[{"t":"idOrVar","v":"n"}," 附件"],"few":[{"t":"idOrVar","v":"n"}," 附件"],"many":[{"t":"idOrVar","v":"n"}," 附件"],"other":[{"t":"idOrVar","v":"n"}," 附件"]},"$x":[{"t":"idOrVar","v":"plural"},"n"]},{"$i":"compose-text","ariaLabel":"Edit"},{"$i":"compose-attachment-still-working","$v":"稍等，仍在处理此前的附件..."},{"$i":"compose-subject","$v":"主题"},{"$i":"compose-draft-save","$v":"保存到本地草稿箱"},{"$i":"compose-discard-confirm","$v":"丢弃"},{"$i":"compose-send-message-failed","$v":"发送邮件失败"},{"$i":"composer-attachment-large","$v":"附件太大"},{"$i":"composer-attachments-large","$v":"附件太大"},{"$i":"compose-attchment-size-exceeded","$v":"为此消息选择发送的附件太大。"},{"$i":"compose-attchments-size-exceeded","$v":"为此消息选择发送的附件太大。请选择小一些的文件。"},{"$i":"dialog-button-ok","$v":"确定"},{"$i":"default-attachment-filename","$v":["附件",{"t":"idOrVar","v":"n"}]},{"$i":"attachment-size-kib","$v":[{"t":"idOrVar","v":"kilobytes"},"K"]},{"$i":"message-attachment-view","$v":"查看"},{"$i":"message-attachment-did-not-open-label","$v":"Unable to open"},{"$i":"message-attachment-did-not-open-body","$v":"The device does not have an app that can open the attachment."},{"$i":"message-attachment-too-large","$v":"这个文件太大而无法下载。"},{"$i":"message-no-subject","$v":"（无主题）"},{"$i":"message-edit-menu-edit","$v":"编辑"},{"$i":"message-edit-menu-delete","$v":"删除"},{"$i":"message-edit-delete-confirm","$v":"要删除邮件吗？"},{"$i":"message-send-attachment-disabled-confirm","$v":"附件不能被转发。"},{"$i":"message-multiedit-header","$v":{"zero":"编辑","one":["已选择 ",{"t":"idOrVar","v":"n"}," 封"],"two":["已选择 ",{"t":"idOrVar","v":"n"}," 封"],"few":["已选择 ",{"t":"idOrVar","v":"n"}," 封"],"many":["已选择 ",{"t":"idOrVar","v":"n"}," 封"],"other":["已选择 ",{"t":"idOrVar","v":"n"}," 封"]},"$x":[{"t":"idOrVar","v":"plural"},"n"]},{"$i":"browse-to-url-prompt","$v":["浏览网址？：",{"t":"idOrVar","v":"url"}]},{"$i":"message-download-images-tap","$v":{"one":"这封邮件包含图像，点按以下载。","two":["这封邮件包含",{"t":"idOrVar","v":"n"},"个图像，点按以下载。"],"few":["这封邮件包含",{"t":"idOrVar","v":"n"},"个图像，点按以下载。"],"many":["这封邮件包含",{"t":"idOrVar","v":"n"},"个图像，点按以下载。"],"other":["这封邮件包含",{"t":"idOrVar","v":"n"},"个图像，点按以下载。"]},"$x":[{"t":"idOrVar","v":"plural"},"n"]},{"$i":"message-show-external-images","$v":"显示外部图像"},{"$i":"message-multiedit-cancel","$v":"取消"},{"$i":"message-multiedit-delete-confirm","$v":{"one":"要删除此封邮件吗？","two":["要删除所选的 ",{"t":"idOrVar","v":"n"}," 封邮件吗？"],"few":["要删除所选的 ",{"t":"idOrVar","v":"n"}," 封邮件吗？"],"many":["要删除所选的 ",{"t":"idOrVar","v":"n"}," 封邮件吗？"],"other":["要删除所选的 ",{"t":"idOrVar","v":"n"}," 封邮件吗？"]},"$x":[{"t":"idOrVar","v":"plural"},"n"]},{"$i":"message-large-message-cancel","$v":"取消"},{"$i":"message-large-message-ok","$v":"继续"},{"$i":"message-large-message-confirm","$v":"此消息很大，可能需要一些时间才能下载。"},{"$i":"message-search-from","$v":"发件人"},{"$i":"message-search-to","$v":"收件人"},{"$i":"message-search-subject","$v":"主题"},{"$i":"message-search-body","$v":"正文"},{"$i":"message-search-all","$v":"全部"},{"$i":"message-search-input","placeholder":"搜索邮件"},{"$i":"message-search-cancel","$v":"取消"},{"$i":"messages-syncing","$v":"正在载入邮件"},{"$i":"messages-load-more","$v":"载入更多信息"},{"$i":"messages-folder-empty","$v":"此文件夹中没有邮件"},{"$i":"messages-search-empty","$v":"本地缓存信息中没有匹配的内容"},{"$i":"messages-folder-select","$v":"选择文件夹"},{"$i":"messages-folder-unread-max","$v":"999+"},{"$i":"message-contact-menu-create","$v":"保存新联系人"},{"$i":"message-contact-menu-add-existing","$v":"添加到现有联系人"},{"$i":"message-contact-menu-view","$v":"查看联系人"},{"$i":"message-contact-menu-reply","$v":"回复"},{"$i":"message-contact-menu-new","$v":"发送新邮件"},{"$i":"message-reply-menu-reply","$v":"回复"},{"$i":"message-reply-menu-reply-all","$v":"全部回复"},{"$i":"message-reply-menu-forward","$v":"转发"},{"$i":"message-reply-menu-cancel","$v":"取消"},{"$i":"reply-quoting-wrote","$v":"“{name}”写道"},{"$i":"forward-original-message","$v":"原始邮件"},{"$i":"forward-header-subject","$v":"主题"},{"$i":"forward-header-date","$v":"日期"},{"$i":"forward-header-from","$v":"发件人"},{"$i":"forward-header-reply-to","$v":"回复地址"},{"$i":"forward-header-to","$v":"收件人"},{"$i":"forward-header-cc","$v":"抄送"},{"$i":"folder-inbox","$v":"收件箱"},{"$i":"folder-sent","$v":"发送"},{"$i":"folder-drafts","$v":"草稿"},{"$i":"folder-trash","$v":"废件箱"},{"$i":"folder-queue","$v":"未发送"},{"$i":"folder-junk","$v":"垃圾"},{"$i":"folder-archives","$v":"归档"},{"$i":"folder-localdrafts","$v":"本地草稿箱"},{"$i":"folder-outbox","$v":"发件箱"},{"$i":"drawer-back","$v":"后退"},{"$i":"drawer-accounts-header","$v":"账户"},{"$i":"drawer-settings-link","$v":"设置"},{"$i":"folder-last-synced-label","$v":"最近同步："},{"$i":"messages-refresh-button","ariaLabel":"Refresh"},{"$i":"messages-refresh-progress","ariaValueText":"Refreshing"},{"$i":"edit-button","ariaLabel":"Edit"},{"$i":"message-list-top-action","$v":"顶部"},{"$i":"message-list-menu","ariaLabel":"Folders and settings"},{"$i":"message-list-compose","ariaLabel":"Compose"},{"$i":"toaster-undo","$v":"撤销"},{"$i":"toaster-message-star","$v":{"one":"已为 1 封邮件添加旗标","two":["已为 ",{"t":"idOrVar","v":"n"}," 封邮件添加旗标"],"few":["已为 ",{"t":"idOrVar","v":"n"}," 封邮件添加旗标"],"many":["已为 ",{"t":"idOrVar","v":"n"}," 封邮件添加旗标"],"other":["已为 ",{"t":"idOrVar","v":"n"}," 封邮件添加旗标"]},"$x":[{"t":"idOrVar","v":"plural"},"n"]},{"$i":"toaster-message-unstar","$v":{"one":"已移除 1 封邮件的旗标","two":["已移除 ",{"t":"idOrVar","v":"n"}," 封邮件的旗标"],"few":["已移除 ",{"t":"idOrVar","v":"n"}," 封邮件的旗标"],"many":["已移除 ",{"t":"idOrVar","v":"n"}," 封邮件的旗标"],"other":["已移除 ",{"t":"idOrVar","v":"n"}," 封邮件的旗标"]},"$x":[{"t":"idOrVar","v":"plural"},"n"]},{"$i":"toaster-message-read","$v":{"one":"已标记 1 封邮件为已读","two":["已标记 ",{"t":"idOrVar","v":"n"}," 封邮件为已读"],"few":["已标记 ",{"t":"idOrVar","v":"n"}," 封邮件为已读"],"many":["已标记 ",{"t":"idOrVar","v":"n"}," 封邮件为已读"],"other":["已标记 ",{"t":"idOrVar","v":"n"}," 封邮件为已读"]},"$x":[{"t":"idOrVar","v":"plural"},"n"]},{"$i":"toaster-message-unread","$v":{"one":"已标记 1 封邮件为未读","two":["已标记 ",{"t":"idOrVar","v":"n"}," 封邮件为未读"],"few":["已标记 ",{"t":"idOrVar","v":"n"}," 封邮件为未读"],"many":["已标记 ",{"t":"idOrVar","v":"n"}," 封邮件为未读"],"other":["已标记 ",{"t":"idOrVar","v":"n"}," 封邮件为未读"]},"$x":[{"t":"idOrVar","v":"plural"},"n"]},{"$i":"toaster-message-move","$v":{"one":"已移动 1 封邮件","two":["已移动 ",{"t":"idOrVar","v":"n"}," 封邮件"],"few":["已移动 ",{"t":"idOrVar","v":"n"}," 封邮件"],"many":["已移动 ",{"t":"idOrVar","v":"n"}," 封邮件"],"other":["已移动 ",{"t":"idOrVar","v":"n"}," 封邮件"]},"$x":[{"t":"idOrVar","v":"plural"},"n"]},{"$i":"toaster-message-delete","$v":{"one":"已删除 1 封邮件","two":["已删除 ",{"t":"idOrVar","v":"n"}," 封邮件"],"few":["已删除 ",{"t":"idOrVar","v":"n"}," 封邮件"],"many":["已删除 ",{"t":"idOrVar","v":"n"}," 封邮件"],"other":["已删除 ",{"t":"idOrVar","v":"n"}," 封邮件"]},"$x":[{"t":"idOrVar","v":"plural"},"n"]},{"$i":"toaster-retryable-syncfailed","$v":"无法连接服务器"},{"$i":"compose-invalid-addresses-title","$v":"无效的地址"},{"$i":"compose-invalid-addresses-description","$v":"您的消息中包含一个或多个无效的电子邮件地址。请在发送前更正。"},{"$i":"background-send-pending","$v":"网络不可用。邮件已保存到发件箱。"},{"$i":"background-send-sending","$v":"邮件发送中…"},{"$i":"background-send-success","$v":"邮件已发送。"},{"$i":"background-send-error","$v":"发生错误。邮件已保存到发件箱。"},{"$i":"background-send-error-recipients","$v":"收件人错误。邮件已保存到发件箱。"},{"$i":"background-send-error-title","$v":"邮件发送失败"},{"$i":"send-failure-recipients","$v":"请检查上述地址的拼写。您的邮件服务器指出，上述一个或多个地址不正确。"},{"$i":"send-failure-unknown","$v":"该邮件无法发送。"},{"$i":"form-clear-input","$v":"删除文本"},{"$i":"confirm-dialog-title","$v":"确认"},{"$i":"senders-separation-sign","$v":","},{"$i":"new-messages","$v":{"one":"1 封新邮件","two":[{"t":"idOrVar","v":"n"}," 封新邮件"],"few":[{"t":"idOrVar","v":"n"}," 封新邮件"],"many":[{"t":"idOrVar","v":"n"}," 封新邮件"],"other":[{"t":"idOrVar","v":"n"}," 封新邮件"]},"$x":[{"t":"idOrVar","v":"plural"},"n"]},{"$i":"notification-no-subject","$v":"(no subject)"},{"$i":"new-emails-notify-one-account","$v":{"one":"1 封新邮件","two":[{"t":"idOrVar","v":"n"}," 封新邮件"],"few":[{"t":"idOrVar","v":"n"}," 封新邮件"],"many":[{"t":"idOrVar","v":"n"}," 封新邮件"],"other":[{"t":"idOrVar","v":"n"}," 封新邮件"]},"$x":[{"t":"idOrVar","v":"plural"},"n"]},{"$i":"new-emails-notify-multiple-accounts","$v":{"one":["1 封新邮件 (",{"t":"idOrVar","v":"accountName"},")"],"two":[{"t":"idOrVar","v":"n"}," 封新邮件 (",{"t":"idOrVar","v":"accountName"},")"],"few":[{"t":"idOrVar","v":"n"}," 封新邮件 (",{"t":"idOrVar","v":"accountName"},")"],"many":[{"t":"idOrVar","v":"n"}," 封新邮件 (",{"t":"idOrVar","v":"accountName"},")"],"other":[{"t":"idOrVar","v":"n"}," 封新邮件 (",{"t":"idOrVar","v":"accountName"},")"]},"$x":[{"t":"idOrVar","v":"plural"},"n"]},{"$i":"new-emails-notify-multiple-accounts-body","$v":[{"t":"idOrVar","v":"from"}," “",{"t":"idOrVar","v":"subject"},"”"]},{"$i":"tng-plain-socket-warning-title","$v":"Are you sure?"},{"$i":"tng-plain-socket-warning-message","$v":"Other people may be able to see your passwords and emails or control your account."},{"$i":"tng-plain-socket-warning-message-options","$v":"There are multiple, free email providers that offer more secure, encrypted connections."},{"$i":"tng-plain-socket-learn-more","$v":"Learn more"},{"$i":"tng-plain-socket-warning-ok","$v":"I understand"},{"$i":"message-reader-next-button","ariaLabel":"Next"},{"$i":"message-reader-previous-button","ariaLabel":"Previous"},{"$i":"message-reader-date-received","ariaLabel":"Received"},{"$i":"weekday-0-long","$v":"星期日"},{"$i":"weekday-1-long","$v":"星期一"},{"$i":"weekday-2-long","$v":"星期二"},{"$i":"weekday-3-long","$v":"星期三"},{"$i":"weekday-4-long","$v":"星期四"},{"$i":"weekday-5-long","$v":"星期五"},{"$i":"weekday-6-long","$v":"星期六"},{"$i":"weekday-0-short","$v":"日"},{"$i":"weekday-1-short","$v":"一"},{"$i":"weekday-2-short","$v":"二"},{"$i":"weekday-3-short","$v":"三"},{"$i":"weekday-4-short","$v":"四"},{"$i":"weekday-5-short","$v":"五"},{"$i":"weekday-6-short","$v":"六"},{"$i":"month-0-long","$v":"1 月"},{"$i":"month-1-long","$v":"2 月"},{"$i":"month-2-long","$v":"3 月"},{"$i":"month-3-long","$v":"4 月"},{"$i":"month-4-long","$v":"5 月"},{"$i":"month-5-long","$v":"6 月"},{"$i":"month-6-long","$v":"7 月"},{"$i":"month-7-long","$v":"8 月"},{"$i":"month-8-long","$v":"9 月"},{"$i":"month-9-long","$v":"10 月"},{"$i":"month-10-long","$v":"11 月"},{"$i":"month-11-long","$v":"12 月"},{"$i":"month-0-genitive","$v":"一月"},{"$i":"month-1-genitive","$v":"二月"},{"$i":"month-2-genitive","$v":"三月"},{"$i":"month-3-genitive","$v":"四月"},{"$i":"month-4-genitive","$v":"五月"},{"$i":"month-5-genitive","$v":"六月"},{"$i":"month-6-genitive","$v":"七月"},{"$i":"month-7-genitive","$v":"八月"},{"$i":"month-8-genitive","$v":"九月"},{"$i":"month-9-genitive","$v":"十月"},{"$i":"month-10-genitive","$v":"十一月"},{"$i":"month-11-genitive","$v":"十二月"},{"$i":"month-0-short","$v":"1 月"},{"$i":"month-1-short","$v":"2 月"},{"$i":"month-2-short","$v":"3 月"},{"$i":"month-3-short","$v":"4 月"},{"$i":"month-4-short","$v":"5 月"},{"$i":"month-5-short","$v":"6 月"},{"$i":"month-6-short","$v":"7 月"},{"$i":"month-7-short","$v":"8 月"},{"$i":"month-8-short","$v":"9 月"},{"$i":"month-9-short","$v":"10 月"},{"$i":"month-10-short","$v":"11 月"},{"$i":"month-11-short","$v":"12 月"},{"$i":"minutes-ago-long","$v":{"zero":"刚才","one":"1 分钟前","two":[{"t":"idOrVar","v":"value"}," 分钟前"],"few":[{"t":"idOrVar","v":"value"}," 分钟前"],"many":[{"t":"idOrVar","v":"value"}," 分钟前"],"other":[{"t":"idOrVar","v":"value"}," 分钟前"]},"$x":[{"t":"idOrVar","v":"plural"},"value"]},{"$i":"hours-ago-long","$v":{"zero":"刚才","one":"1 小时前","two":[{"t":"idOrVar","v":"value"}," 小时前"],"few":[{"t":"idOrVar","v":"value"}," 小时前"],"many":[{"t":"idOrVar","v":"value"}," 小时前"],"other":[{"t":"idOrVar","v":"value"}," 小时前"]},"$x":[{"t":"idOrVar","v":"plural"},"value"]},{"$i":"days-ago-long","$v":{"zero":"今天","one":"昨天","two":[{"t":"idOrVar","v":"value"}," 天前"],"few":[{"t":"idOrVar","v":"value"}," 天前"],"many":[{"t":"idOrVar","v":"value"}," 天前"],"other":[{"t":"idOrVar","v":"value"}," 天前"]},"$x":[{"t":"idOrVar","v":"plural"},"value"]},{"$i":"weeks-ago-long","$v":{"zero":"本周","one":"上周","two":[{"t":"idOrVar","v":"value"}," 周前"],"few":[{"t":"idOrVar","v":"value"}," 周前"],"many":[{"t":"idOrVar","v":"value"}," 周前"],"other":[{"t":"idOrVar","v":"value"}," 周前"]},"$x":[{"t":"idOrVar","v":"plural"},"value"]},{"$i":"months-ago-long","$v":{"zero":"本月","one":"上月","two":[{"t":"idOrVar","v":"value"}," 个月前"],"few":[{"t":"idOrVar","v":"value"}," 个月前"],"many":[{"t":"idOrVar","v":"value"}," 个月前"],"other":[{"t":"idOrVar","v":"value"}," 个月前"]},"$x":[{"t":"idOrVar","v":"plural"},"value"]},{"$i":"years-ago-long","$v":{"zero":"今年","one":"去年","two":[{"t":"idOrVar","v":"value"}," 年前"],"few":[{"t":"idOrVar","v":"value"}," 年前"],"many":[{"t":"idOrVar","v":"value"}," 年前"],"other":[{"t":"idOrVar","v":"value"}," 年前"]},"$x":[{"t":"idOrVar","v":"plural"},"value"]},{"$i":"minutes-until-long","$v":{"zero":"现在","one":"1 分钟内","two":["剩",{"t":"idOrVar","v":"value"},"分钟"],"few":["剩",{"t":"idOrVar","v":"value"},"分钟"],"many":["剩",{"t":"idOrVar","v":"value"},"分钟"],"other":["剩",{"t":"idOrVar","v":"value"},"分钟"]},"$x":[{"t":"idOrVar","v":"plural"},"value"]},{"$i":"hours-until-long","$v":{"zero":"现在","one":"1 小时内","two":["剩",{"t":"idOrVar","v":"value"},"小时"],"few":["剩",{"t":"idOrVar","v":"value"},"小时"],"many":["剩",{"t":"idOrVar","v":"value"},"小时"],"other":["剩",{"t":"idOrVar","v":"value"},"小时"]},"$x":[{"t":"idOrVar","v":"plural"},"value"]},{"$i":"days-until-long","$v":{"zero":"今天","one":"明天","two":["剩",{"t":"idOrVar","v":"value"},"天"],"few":["剩",{"t":"idOrVar","v":"value"},"天"],"many":["剩",{"t":"idOrVar","v":"value"},"天"],"other":["剩",{"t":"idOrVar","v":"value"},"天"]},"$x":[{"t":"idOrVar","v":"plural"},"value"]},{"$i":"weeks-until-long","$v":{"zero":"本周","one":"下周","two":["剩",{"t":"idOrVar","v":"value"},"周"],"few":["剩",{"t":"idOrVar","v":"value"},"周"],"many":["剩",{"t":"idOrVar","v":"value"},"周"],"other":["剩",{"t":"idOrVar","v":"value"},"周"]},"$x":[{"t":"idOrVar","v":"plural"},"value"]},{"$i":"months-until-long","$v":{"zero":"本月","one":"下月","two":["剩",{"t":"idOrVar","v":"value"},"个月"],"few":["剩",{"t":"idOrVar","v":"value"},"个月"],"many":["剩",{"t":"idOrVar","v":"value"},"个月"],"other":["剩",{"t":"idOrVar","v":"value"},"个月"]},"$x":[{"t":"idOrVar","v":"plural"},"value"]},{"$i":"years-until-long","$v":{"zero":"今年","one":"明年","two":["剩",{"t":"idOrVar","v":"value"},"年"],"few":["剩",{"t":"idOrVar","v":"value"},"年"],"many":["剩",{"t":"idOrVar","v":"value"},"年"],"other":["剩",{"t":"idOrVar","v":"value"},"年"]},"$x":[{"t":"idOrVar","v":"plural"},"value"]},{"$i":"minutes-ago-short","$v":{"zero":"刚才","other":[{"t":"idOrVar","v":"value"}," 分钟前"]},"$x":[{"t":"idOrVar","v":"plural"},"value"]},{"$i":"hours-ago-short","$v":{"zero":"刚才","other":[{"t":"idOrVar","v":"value"},"小时前"]},"$x":[{"t":"idOrVar","v":"plural"},"value"]},{"$i":"days-ago-short","$v":{"zero":"今天","other":[{"t":"idOrVar","v":"value"}," 天前"]},"$x":[{"t":"idOrVar","v":"plural"},"value"]},{"$i":"minutes-until-short","$v":{"zero":"现在","other":["剩",{"t":"idOrVar","v":"value"},"分钟"]},"$x":[{"t":"idOrVar","v":"plural"},"value"]},{"$i":"hours-until-short","$v":{"zero":"现在","other":["剩",{"t":"idOrVar","v":"value"},"小时"]},"$x":[{"t":"idOrVar","v":"plural"},"value"]},{"$i":"days-until-short","$v":{"zero":"今天","other":["剩",{"t":"idOrVar","v":"value"},"天"]},"$x":[{"t":"idOrVar","v":"plural"},"value"]},{"$i":"incorrectDate","$v":"（日期不正确）"},{"$i":"dateTimeFormat_%c","$v":"%Y 年 %b %e 日 %a %H:%M:%S"},{"$i":"dateTimeFormat_%x","$v":"%Y/%m/%d"},{"$i":"dateTimeFormat_%X","$v":"%H:%M:%S"},{"$i":"shortTimeFormat","$v":"%H:%M"},{"$i":"shortTimeFormat12","$v":"%p %I:%M"},{"$i":"shortTimeFormat24","$v":"%H:%M"},{"$i":"shortDateTimeFormat","$v":"%x %H:%M"},{"$i":"weekStartsOnMonday","$v":"0"},{"$i":"firstDayOfTheWeek","$v":"0"},{"$i":"time_am","$v":"上午"},{"$i":"time_pm","$v":"下午"}]