[{"$i":"install-marketplace-title","$v":["ثبّت ",{"t":"idOrVar","v":"title"}]},{"$i":"history","$v":"التأريخ"},{"$i":"top-sites","$v":"أفضل المواقع"},{"$i":"suggestions","ariaLabel":"المُقترحات"},{"$i":"contacts","ariaLabel":"جهات الاتصال"},{"$i":"places","ariaLabel":"الأماكن"},{"$i":"apps","ariaLabel":"التطبيقات"},{"$i":"suggestions-settings-notice","innerHTML":"Search suggestions are enabled. The characters you type when entering a search are being sent to the search engine. You can disable search suggestions in the device <span id=\"settings-link\">Settings</span>."},{"$i":"ok","$v":"موافق"},{"$i":"add-to-home-screen","label":"أضِف إلى الشاشة الرئيسية"},{"$i":"offline-message","$v":"لا يوجد إتصال باﻹنترنت"},{"$i":"future","$v":"المستقبل"},{"$i":"today","$v":"اليوم"},{"$i":"yesterday","$v":"الأمس"},{"$i":"last-7-days","$v":"آخر 7 أيام"},{"$i":"this-month","$v":"هذا الشّهر"},{"$i":"last-6-months","$v":"آخر 6 أشهر"},{"$i":"older-than-6-months","$v":"أقدم من 6 أشهر"},{"$i":"month-0","$v":"يناير"},{"$i":"month-1","$v":"فبراير"},{"$i":"month-2","$v":"مارس"},{"$i":"month-3","$v":"أبريل"},{"$i":"month-4","$v":"مايو"},{"$i":"month-5","$v":"يونيو"},{"$i":"month-6","$v":"يوليو"},{"$i":"month-7","$v":"أغسطس"},{"$i":"month-8","$v":"سبتمبر"},{"$i":"month-9","$v":"أكتوبر"},{"$i":"month-10","$v":"نوفمبر"},{"$i":"month-11","$v":"ديسمبر"},{"$i":"search-header","$v":[{"t":"idOrVar","v":"provider"}," SEARCH"]},{"$i":"private-window","$v":"Private Window"},{"$i":"gaia-grid-stop-download-title","$v":["إيقاف ",{"t":"idOrVar","v":"name"}]},{"$i":"gaia-grid-stop-download-body","$v":"هل تريد إيقاف التنزيل الجاري؟"},{"$i":"gaia-grid-stop-download-action","$v":"أوقِف"},{"$i":"gaia-grid-resume-download-title","$v":"أعِد التنزيل"},{"$i":"gaia-grid-resume-download-body","$v":["هل تريد تنزيل ",{"t":"idOrVar","v":"name"},"؟"]},{"$i":"gaia-grid-resume-download-action","$v":"نزِّل"},{"$i":"gaia-grid-cancel","$v":"ألغِ"},{"$i":"gaia-grid-toggle-collapsed","ariaLabel":"Expand group"},{"$i":"gaia-grid-toggle-expanded","ariaLabel":"Collapse group"},{"$i":"gaia-grid-enter-group-name","$v":"أدخل اسم مجموعة"}]