[{"$i":"install-marketplace-title","$v":["Инсталиране на ",{"t":"idOrVar","v":"title"}]},{"$i":"history","$v":"ИСТОРИЯ"},{"$i":"top-sites","$v":"НАЙ-ПОСЕЩАВАНИ"},{"$i":"suggestions","ariaLabel":"Предложения"},{"$i":"contacts","ariaLabel":"Контакти"},{"$i":"places","ariaLabel":"Места"},{"$i":"apps","ariaLabel":"Приложения"},{"$i":"suggestions-settings-notice","innerHTML":"Подсказките при търсене са включени. Символите, които въвеждате при търсене бъдат пращани към търсачката. Може да изключите подсказките при търсене от <span id=\"settings-link\">Настройки</span>."},{"$i":"ok","$v":"Добре"},{"$i":"add-to-home-screen","label":"Добавяне към началния екран"},{"$i":"offline-message","$v":"Няма връзка с Интернет"},{"$i":"future","$v":"БЪДЕЩЕ"},{"$i":"today","$v":"ДНЕС"},{"$i":"yesterday","$v":"ВЧЕРА"},{"$i":"last-7-days","$v":"ПОСЛЕДНИТЕ 7 ДЕНА"},{"$i":"this-month","$v":"ТОЗИ МЕСЕЦ"},{"$i":"last-6-months","$v":"ПОСЛЕДНИТЕ 6 МЕСЕЦА"},{"$i":"older-than-6-months","$v":"ПО-СТАРИ ОТ 6 МЕСЕЦА"},{"$i":"month-0","$v":"ЯНУАРИ"},{"$i":"month-1","$v":"ФЕВРУАРИ"},{"$i":"month-2","$v":"МАРТ"},{"$i":"month-3","$v":"АПРИЛ"},{"$i":"month-4","$v":"МАЙ"},{"$i":"month-5","$v":"ЮНИ"},{"$i":"month-6","$v":"ЮЛИ"},{"$i":"month-7","$v":"АВГУСТ"},{"$i":"month-8","$v":"СЕПТЕМВРИ"},{"$i":"month-9","$v":"ОКТОМВРИ"},{"$i":"month-10","$v":"НОЕМВРИ"},{"$i":"month-11","$v":"ДЕКЕМВРИ"},{"$i":"search-header","$v":[{"t":"idOrVar","v":"provider"}," ТЪРСЕНЕ"]},{"$i":"private-window","$v":"Поверителен прозорец"},{"$i":"gaia-grid-stop-download-title","$v":["Спиране на ",{"t":"idOrVar","v":"name"}]},{"$i":"gaia-grid-stop-download-body","$v":"Искате ли да спрете протичащото изтегляне?"},{"$i":"gaia-grid-stop-download-action","$v":"Спиране"},{"$i":"gaia-grid-resume-download-title","$v":"Рестартиране на изтеглянето"},{"$i":"gaia-grid-resume-download-body","$v":["Искате ли да изтеглите ",{"t":"idOrVar","v":"name"},"?"]},{"$i":"gaia-grid-resume-download-action","$v":"Изтегляне"},{"$i":"gaia-grid-cancel","$v":"Отказ"},{"$i":"gaia-grid-toggle-collapsed","ariaLabel":"Expand group"},{"$i":"gaia-grid-toggle-expanded","ariaLabel":"Collapse group"},{"$i":"gaia-grid-enter-group-name","$v":"Въведете име на група"}]