[{"$i":"install-marketplace-title","$v":[{"t":"idOrVar","v":"title"}," ইনস্টল করুন"]},{"$i":"history","$v":"ইতিহাস"},{"$i":"top-sites","$v":"শীর্ষ সাইট"},{"$i":"suggestions","ariaLabel":"প্রস্তাবনা"},{"$i":"contacts","ariaLabel":"পরিচিতি"},{"$i":"places","ariaLabel":"স্থান"},{"$i":"apps","ariaLabel":"অ্যাপ"},{"$i":"suggestions-settings-notice","innerHTML":"Search suggestions are enabled. The characters you type when entering a search are being sent to the search engine. You can disable search suggestions in the device <span id=\"settings-link\">Settings</span>."},{"$i":"ok","$v":"ঠিক আছে"},{"$i":"add-to-home-screen","label":"Add to Home Screen"},{"$i":"offline-message","$v":"No internet connection"},{"$i":"future","$v":"FUTURE"},{"$i":"today","$v":"TODAY"},{"$i":"yesterday","$v":"YESTERDAY"},{"$i":"last-7-days","$v":"LAST 7 DAYS"},{"$i":"this-month","$v":"THIS MONTH"},{"$i":"last-6-months","$v":"LAST 6 MONTHS"},{"$i":"older-than-6-months","$v":"OLDER THAN 6 MONTHS"},{"$i":"month-0","$v":"JANUARY"},{"$i":"month-1","$v":"FEBRUARY"},{"$i":"month-2","$v":"MARCH"},{"$i":"month-3","$v":"APRIL"},{"$i":"month-4","$v":"MAY"},{"$i":"month-5","$v":"JUNE"},{"$i":"month-6","$v":"JULY"},{"$i":"month-7","$v":"AUGUST"},{"$i":"month-8","$v":"SEPTEMBER"},{"$i":"month-9","$v":"OCTOBER"},{"$i":"month-10","$v":"NOVEMBER"},{"$i":"month-11","$v":"DECEMBER"},{"$i":"search-header","$v":[{"t":"idOrVar","v":"provider"}," SEARCH"]},{"$i":"private-window","$v":"Private Window"},{"$i":"gaia-grid-stop-download-title","$v":[{"t":"idOrVar","v":"name"}," বন্ধ করুন"]},{"$i":"gaia-grid-stop-download-body","$v":"আপনি কি আপনার ডাউনলোড থামাতে চান?"},{"$i":"gaia-grid-stop-download-action","$v":"থামুন"},{"$i":"gaia-grid-resume-download-title","$v":"নতুন করে ডাউনলোড করুন"},{"$i":"gaia-grid-resume-download-body","$v":["আপনি কি ",{"t":"idOrVar","v":"name"}," ডাউনলোড করতে চান?"]},{"$i":"gaia-grid-resume-download-action","$v":"ডাউনলোড"},{"$i":"gaia-grid-cancel","$v":"বাতিল করুন"},{"$i":"gaia-grid-toggle-collapsed","ariaLabel":"Expand group"},{"$i":"gaia-grid-toggle-expanded","ariaLabel":"Collapse group"},{"$i":"gaia-grid-enter-group-name","$v":"Enter a group name"}]