[{"$i":"install-marketplace-title","$v":["Instal·la: ",{"t":"idOrVar","v":"title"}]},{"$i":"history","$v":"HISTORIAL"},{"$i":"top-sites","$v":"DESTACATS"},{"$i":"suggestions","ariaLabel":"Suggeriments"},{"$i":"contacts","ariaLabel":"Contactes"},{"$i":"places","ariaLabel":"Llocs"},{"$i":"apps","ariaLabel":"Aplicacions"},{"$i":"suggestions-settings-notice","innerHTML":"Search suggestions are enabled. The characters you type when entering a search are being sent to the search engine. You can disable search suggestions in the device <span id=\"settings-link\">Settings</span>."},{"$i":"ok","$v":"D'acord"},{"$i":"add-to-home-screen","label":"Afegeix a la pantalla d'inici"},{"$i":"offline-message","$v":"No hi ha connexió a Internet"},{"$i":"future","$v":"FUTUR"},{"$i":"today","$v":"AVUI"},{"$i":"yesterday","$v":"AHIR"},{"$i":"last-7-days","$v":"DARRERS 7 DIES"},{"$i":"this-month","$v":"AQUEST MES"},{"$i":"last-6-months","$v":"DARRERS 6 MESOS"},{"$i":"older-than-6-months","$v":"FA MÉS DE 6 MESOS"},{"$i":"month-0","$v":"GENER"},{"$i":"month-1","$v":"FEBRER"},{"$i":"month-2","$v":"MARÇ"},{"$i":"month-3","$v":"ABRIL"},{"$i":"month-4","$v":"MAIG"},{"$i":"month-5","$v":"JUNY"},{"$i":"month-6","$v":"JULIOL"},{"$i":"month-7","$v":"AGOST"},{"$i":"month-8","$v":"SETEMBRE"},{"$i":"month-9","$v":"OCTUBRE"},{"$i":"month-10","$v":"NOVEMBRE"},{"$i":"month-11","$v":"DESEMBRE"},{"$i":"search-header","$v":[{"t":"idOrVar","v":"provider"}," SEARCH"]},{"$i":"private-window","$v":"Private Window"},{"$i":"gaia-grid-stop-download-title","$v":["Atura ",{"t":"idOrVar","v":"name"}]},{"$i":"gaia-grid-stop-download-body","$v":"Voleu aturar la baixada en curs?"},{"$i":"gaia-grid-stop-download-action","$v":"Atura"},{"$i":"gaia-grid-resume-download-title","$v":"Reinicia la baixada"},{"$i":"gaia-grid-resume-download-body","$v":["Voleu baixar ",{"t":"idOrVar","v":"name"},"?"]},{"$i":"gaia-grid-resume-download-action","$v":"Baixa"},{"$i":"gaia-grid-cancel","$v":"Cancel·la"},{"$i":"gaia-grid-toggle-collapsed","ariaLabel":"Expand group"},{"$i":"gaia-grid-toggle-expanded","ariaLabel":"Collapse group"},{"$i":"gaia-grid-enter-group-name","$v":"Escriviu un nom del grup"}]