[{"$i":"install-marketplace-title","$v":["Nainstalovat ",{"t":"idOrVar","v":"title"}]},{"$i":"history","$v":"HISTORIE"},{"$i":"top-sites","$v":"TOP STRÁNKY"},{"$i":"suggestions","ariaLabel":"Návrhy"},{"$i":"contacts","ariaLabel":"Kontakty"},{"$i":"places","ariaLabel":"Místa"},{"$i":"apps","ariaLabel":"Aplikace"},{"$i":"suggestions-settings-notice","innerHTML":"Search suggestions are enabled. The characters you type when entering a search are being sent to the search engine. You can disable search suggestions in the device <span id=\"settings-link\">Settings</span>."},{"$i":"ok","$v":"OK"},{"$i":"add-to-home-screen","label":"Přidat na domovskou obrazovku    "},{"$i":"offline-message","$v":"Žádné připojení k Internetu    "},{"$i":"future","$v":"BUDOUCNOST"},{"$i":"today","$v":"DNES"},{"$i":"yesterday","$v":"VČERA"},{"$i":"last-7-days","$v":"POSLEDNÍCH 7 DNÍ"},{"$i":"this-month","$v":"TENTO MĚSÍC"},{"$i":"last-6-months","$v":"POSLEDNÍCH 6 MĚSÍCŮ"},{"$i":"older-than-6-months","$v":"STARŠÍ NEŽ 6 MĚSÍCŮ"},{"$i":"month-0","$v":"LEDEN"},{"$i":"month-1","$v":"ÚNOR"},{"$i":"month-2","$v":"BŘEZEN"},{"$i":"month-3","$v":"DUBEN"},{"$i":"month-4","$v":"KVĚTEN"},{"$i":"month-5","$v":"ČERVEN"},{"$i":"month-6","$v":"ČERVENEC"},{"$i":"month-7","$v":"SRPEN"},{"$i":"month-8","$v":"ZÁŘÍ"},{"$i":"month-9","$v":"ŘÍJEN"},{"$i":"month-10","$v":"LISTOPAD"},{"$i":"month-11","$v":"PROSINEC"},{"$i":"search-header","$v":[{"t":"idOrVar","v":"provider"}," SEARCH"]},{"$i":"private-window","$v":"Private Window"},{"$i":"gaia-grid-stop-download-title","$v":["Ukončení ",{"t":"idOrVar","v":"name"}]},{"$i":"gaia-grid-stop-download-body","$v":"Chcete ukončit probíhající stahování?"},{"$i":"gaia-grid-stop-download-action","$v":"Ukončit"},{"$i":"gaia-grid-resume-download-title","$v":"Obnovení stahování"},{"$i":"gaia-grid-resume-download-body","$v":["Chcete stáhnout aplikaci ",{"t":"idOrVar","v":"name"},"?"]},{"$i":"gaia-grid-resume-download-action","$v":"Stáhnout"},{"$i":"gaia-grid-cancel","$v":"Zrušit"},{"$i":"gaia-grid-toggle-collapsed","ariaLabel":"Expand group"},{"$i":"gaia-grid-toggle-expanded","ariaLabel":"Collapse group"},{"$i":"gaia-grid-enter-group-name","$v":"Zadejte jméno skupiny"}]