[{"$i":"install-marketplace-title","$v":["Installer ",{"t":"idOrVar","v":"title"}]},{"$i":"history","$v":"Historik"},{"$i":"top-sites","$v":"Topsider"},{"$i":"suggestions","ariaLabel":"Forslag"},{"$i":"contacts","ariaLabel":"Kontakter"},{"$i":"places","ariaLabel":"Steder"},{"$i":"apps","ariaLabel":"Apps"},{"$i":"suggestions-settings-notice","innerHTML":"Søgeforslag er aktiveret. Når du indtaster tegn, sendes de dynamisk til søgetjenesten. Du kan deaktivere søgeforslag i enhedens <span id=\"settings-link\">Indstillinger</span>."},{"$i":"ok","$v":"OK"},{"$i":"add-to-home-screen","label":"Føj til startskærm"},{"$i":"offline-message","$v":"Ingen forbindelse til internettet"},{"$i":"future","$v":"SENERE"},{"$i":"today","$v":"I DAG"},{"$i":"yesterday","$v":"I GÅR"},{"$i":"last-7-days","$v":"SENESTE 7 DAGE"},{"$i":"this-month","$v":"DENNE MÅNED"},{"$i":"last-6-months","$v":"SENESTE 6 MÅNEDER"},{"$i":"older-than-6-months","$v":"ÆLDRE END 6 MÅNEDER"},{"$i":"month-0","$v":"JANUAR"},{"$i":"month-1","$v":"FEBRUAR"},{"$i":"month-2","$v":"MARTS"},{"$i":"month-3","$v":"APRIL"},{"$i":"month-4","$v":"MAJ"},{"$i":"month-5","$v":"JUNI"},{"$i":"month-6","$v":"JULI"},{"$i":"month-7","$v":"AUGUST"},{"$i":"month-8","$v":"SEPTEMBER"},{"$i":"month-9","$v":"OKTOBER"},{"$i":"month-10","$v":"NOVEMBER"},{"$i":"month-11","$v":"DECEMBER"},{"$i":"search-header","$v":[{"t":"idOrVar","v":"provider"},"-søgning"]},{"$i":"private-window","$v":"Privat vindue"},{"$i":"gaia-grid-stop-download-title","$v":["Stop ",{"t":"idOrVar","v":"name"}]},{"$i":"gaia-grid-stop-download-body","$v":"Vil du stoppe den igangværende filhentning?"},{"$i":"gaia-grid-stop-download-action","$v":"Stop"},{"$i":"gaia-grid-resume-download-title","$v":"Genstart filhentning"},{"$i":"gaia-grid-resume-download-body","$v":["Vil du hente ",{"t":"idOrVar","v":"name"},"?"]},{"$i":"gaia-grid-resume-download-action","$v":"Hent"},{"$i":"gaia-grid-cancel","$v":"Annuller"},{"$i":"gaia-grid-toggle-collapsed","ariaLabel":"Udvid gruppe"},{"$i":"gaia-grid-toggle-expanded","ariaLabel":"Sammenfold gruppe"},{"$i":"gaia-grid-enter-group-name","$v":"Angiv et gruppenavn"}]