[{"$i":"install-marketplace-title","$v":[{"t":"idOrVar","v":"title"}," installieren"]},{"$i":"history","$v":"Chronik"},{"$i":"top-sites","$v":"Meistbesuchte Seiten"},{"$i":"suggestions","ariaLabel":"Vorschläge"},{"$i":"contacts","ariaLabel":"Kontakte"},{"$i":"places","ariaLabel":"Orte"},{"$i":"apps","ariaLabel":"Apps"},{"$i":"suggestions-settings-notice","innerHTML":"Suchvorschläge sind aktiviert. Die von Ihnen eingegebenen Zeichen werden während der Eingabe des Suchbegriff an die Suchmaschine gesendet. Sie können die Suchvorschläge in den <span id=\"settings-link\">Einstellungen</span> des Geräts ändern."},{"$i":"ok","$v":"OK"},{"$i":"add-to-home-screen","label":"Zum Startbildschirm hinzufügen"},{"$i":"offline-message","$v":"Keine Internetverbindung"},{"$i":"future","$v":"ZUKUNFT"},{"$i":"today","$v":"HEUTE"},{"$i":"yesterday","$v":"GESTERN"},{"$i":"last-7-days","$v":"LETZTE 7 TAGE"},{"$i":"this-month","$v":"DIESER MONAT"},{"$i":"last-6-months","$v":"LETZTE 6 MONATE"},{"$i":"older-than-6-months","$v":"ÄLTER ALS 6 MONATE"},{"$i":"month-0","$v":"JANUAR"},{"$i":"month-1","$v":"FEBRUAR"},{"$i":"month-2","$v":"MÄRZ"},{"$i":"month-3","$v":"APRIL"},{"$i":"month-4","$v":"MAI"},{"$i":"month-5","$v":"JUNI"},{"$i":"month-6","$v":"JULI"},{"$i":"month-7","$v":"AUGUST"},{"$i":"month-8","$v":"SEPTEMBER"},{"$i":"month-9","$v":"OKTOBER"},{"$i":"month-10","$v":"NOVEMBER"},{"$i":"month-11","$v":"DEZEMBER"},{"$i":"search-header","$v":[{"t":"idOrVar","v":"provider"},"-SUCHE"]},{"$i":"private-window","$v":"Privates Fenster"},{"$i":"gaia-grid-stop-download-title","$v":[{"t":"idOrVar","v":"name"}," anhalten"]},{"$i":"gaia-grid-stop-download-body","$v":"Soll der laufende Download angehalten werden?"},{"$i":"gaia-grid-stop-download-action","$v":"Anhalten"},{"$i":"gaia-grid-resume-download-title","$v":"Download neu starten"},{"$i":"gaia-grid-resume-download-body","$v":["Soll ",{"t":"idOrVar","v":"name"}," heruntergeladen werden?"]},{"$i":"gaia-grid-resume-download-action","$v":"Herunterladen"},{"$i":"gaia-grid-cancel","$v":"Abbrechen"},{"$i":"gaia-grid-toggle-collapsed","ariaLabel":"Expand group"},{"$i":"gaia-grid-toggle-expanded","ariaLabel":"Collapse group"},{"$i":"gaia-grid-enter-group-name","$v":"Gruppennamen eingeben"}]