[{"$i":"install-marketplace-title","$v":["Εγκατάσταση: ",{"t":"idOrVar","v":"title"}]},{"$i":"history","$v":"ΙΣΤΟΡΙΚΟ"},{"$i":"top-sites","$v":"ΚΟΡΥΦΑΙΕΣ ΙΣΤΟΣΕΛΙΔΕΣ"},{"$i":"suggestions","ariaLabel":"Προτάσεις"},{"$i":"contacts","ariaLabel":"Επαφές"},{"$i":"places","ariaLabel":"Τοποθεσίες"},{"$i":"apps","ariaLabel":"Εφαρμογές"},{"$i":"suggestions-settings-notice","innerHTML":"Search suggestions are enabled. The characters you type when entering a search are being sent to the search engine. You can disable search suggestions in the device <span id=\"settings-link\">Settings</span>."},{"$i":"ok","$v":"ΟΚ"},{"$i":"add-to-home-screen","label":"Προσθήκη στην αρχική οθόνη"},{"$i":"offline-message","$v":"Δεν υπάρχει σύνδεση στο διαδίκτυο"},{"$i":"future","$v":"ΜΕΛΛΟΝ"},{"$i":"today","$v":"ΣΗΜΕΡΑ"},{"$i":"yesterday","$v":"ΧΘΕΣ"},{"$i":"last-7-days","$v":"ΤΙΣ ΤΕΛΕΥΤΑΙΕΣ 7 HΜΕΡΕΣ"},{"$i":"this-month","$v":"ΑΥΤΟΝ ΤΟ ΜΗΝΑ"},{"$i":"last-6-months","$v":"ΤΟΥΣ ΤΕΛΕΥΤΑΙΟΥΣ 6 ΜΗΝΕΣ"},{"$i":"older-than-6-months","$v":"ΠΑΛΑΙΟΤΕΡΟ ΤΩΝ 6 ΜΗΝΩΝ"},{"$i":"month-0","$v":"ΙΑΝΟΥΑΡΙΟΣ"},{"$i":"month-1","$v":"ΦΕΒΡΟΥΑΡΙΟΣ"},{"$i":"month-2","$v":"ΜΑΡΤΙΟΣ"},{"$i":"month-3","$v":"ΑΠΡΙΛΙΟΣ"},{"$i":"month-4","$v":"ΜΑΙΟΣ"},{"$i":"month-5","$v":"ΙΟΥΝΙΟΣ"},{"$i":"month-6","$v":"ΙΟΥΛΙΟΣ"},{"$i":"month-7","$v":"ΑΥΓΟΥΣΤΟΣ"},{"$i":"month-8","$v":"ΣΕΠΤΕΜΒΡΙΟΣ"},{"$i":"month-9","$v":"ΟΚΤΩΒΡΙΟΣ"},{"$i":"month-10","$v":"ΝΟΕΜΒΡΙΟΣ"},{"$i":"month-11","$v":"ΔΕΚΕΜΒΡΙΟΣ"},{"$i":"search-header","$v":[{"t":"idOrVar","v":"provider"}," SEARCH"]},{"$i":"private-window","$v":"Private Window"},{"$i":"gaia-grid-stop-download-title","$v":["Διακοπή ",{"t":"idOrVar","v":"name"}]},{"$i":"gaia-grid-stop-download-body","$v":"Θέλετε να διακόψετε τη τρέχουσα λήψη;"},{"$i":"gaia-grid-stop-download-action","$v":"Διακοπή"},{"$i":"gaia-grid-resume-download-title","$v":"Επανεκκίνηση λήψης"},{"$i":"gaia-grid-resume-download-body","$v":["Θέλετε να γίνει λήψη του ",{"t":"idOrVar","v":"name"},"?"]},{"$i":"gaia-grid-resume-download-action","$v":"Λήψη"},{"$i":"gaia-grid-cancel","$v":"Ακύρωση"},{"$i":"gaia-grid-toggle-collapsed","ariaLabel":"Expand group"},{"$i":"gaia-grid-toggle-expanded","ariaLabel":"Collapse group"},{"$i":"gaia-grid-enter-group-name","$v":"Enter a group name"}]