[{"$i":"install-marketplace-title","$v":["Instalar ",{"t":"idOrVar","v":"title"}]},{"$i":"history","$v":"HISTORIAL"},{"$i":"top-sites","$v":"SITIOS DESTACADOS"},{"$i":"suggestions","ariaLabel":"Sugerencias"},{"$i":"contacts","ariaLabel":"Contactos"},{"$i":"places","ariaLabel":"Lugares"},{"$i":"apps","ariaLabel":"Apps"},{"$i":"suggestions-settings-notice","innerHTML":"Las sugerencias de búsqueda están activadas. Los caracteres que escriba al especificar una búsqueda se envían al buscador. Puede desactivar las sugerencias de búsqueda en los <span id=\"settings-link\">Ajustes</span> del dispositivo."},{"$i":"ok","$v":"Aceptar"},{"$i":"add-to-home-screen","label":"Añadir a pantalla de inicio"},{"$i":"offline-message","$v":"Sin conexión a internet"},{"$i":"future","$v":"FUTURO"},{"$i":"today","$v":"HOY"},{"$i":"yesterday","$v":"AYER"},{"$i":"last-7-days","$v":"ÚLTIMOS 7 DÍAS"},{"$i":"this-month","$v":"ESTE MES"},{"$i":"last-6-months","$v":"ÚLTIMOS 6 MESES"},{"$i":"older-than-6-months","$v":"ANTERIOR A 6 MESES"},{"$i":"month-0","$v":"ENERO"},{"$i":"month-1","$v":"FEBRERO"},{"$i":"month-2","$v":"MARZO"},{"$i":"month-3","$v":"ABRIL"},{"$i":"month-4","$v":"MAYO"},{"$i":"month-5","$v":"JUNIO"},{"$i":"month-6","$v":"JULIO"},{"$i":"month-7","$v":"AGOSTO"},{"$i":"month-8","$v":"SEPTIEMBRE"},{"$i":"month-9","$v":"OCTUBRE"},{"$i":"month-10","$v":"NOVIEMBRE"},{"$i":"month-11","$v":"DICIEMBRE"},{"$i":"search-header","$v":["BÚSQUEDA EN ",{"t":"idOrVar","v":"provider"}]},{"$i":"private-window","$v":"Ventana privada"},{"$i":"gaia-grid-stop-download-title","$v":["Parar ",{"t":"idOrVar","v":"name"}]},{"$i":"gaia-grid-stop-download-body","$v":"¿Desea parar la descarga en curso?"},{"$i":"gaia-grid-stop-download-action","$v":"Parar"},{"$i":"gaia-grid-resume-download-title","$v":"Reiniciar descarga"},{"$i":"gaia-grid-resume-download-body","$v":["¿Desea descargar ",{"t":"idOrVar","v":"name"},"?"]},{"$i":"gaia-grid-resume-download-action","$v":"Descargar"},{"$i":"gaia-grid-cancel","$v":"Cancelar"},{"$i":"gaia-grid-toggle-collapsed","ariaLabel":"Expand group"},{"$i":"gaia-grid-toggle-expanded","ariaLabel":"Collapse group"},{"$i":"gaia-grid-enter-group-name","$v":"Escriba nombre de grupo"}]