[{"$i":"install-marketplace-title","$v":["Instalatu ",{"t":"idOrVar","v":"title"}]},{"$i":"history","$v":"HISTORIA"},{"$i":"top-sites","$v":"GUNE ERABILIENAK"},{"$i":"suggestions","ariaLabel":"Gomendioak"},{"$i":"contacts","ariaLabel":"Kontaktuak"},{"$i":"places","ariaLabel":"Lekuak"},{"$i":"apps","ariaLabel":"Aplikazioak"},{"$i":"suggestions-settings-notice","innerHTML":"Bilaketa-iradokizunak gaituta daude. Bilaketa bat sartzean idazten dituzun karaktereak bilaketa-motorrari bidaltzen zaizkio. Bilaketa-iradokizunak desgai ditzakezu gailuaren <span id=\"settings-link\">Ezarpenak</span> atalean."},{"$i":"ok","$v":"Ados"},{"$i":"add-to-home-screen","label":"Gehitu hasierako pantailari"},{"$i":"offline-message","$v":"Ez dago interneteko konexiorik"},{"$i":"future","$v":"ETORKIZUNEAN"},{"$i":"today","$v":"GAUR"},{"$i":"yesterday","$v":"ATZO"},{"$i":"last-7-days","$v":"AZKEN 7 EGUNETAN"},{"$i":"this-month","$v":"HIL HONETAN"},{"$i":"last-6-months","$v":"AZKEN 6 HILETAN"},{"$i":"older-than-6-months","$v":"6 HIL BAINO ZAHARRAGOA"},{"$i":"month-0","$v":"URTARRILA"},{"$i":"month-1","$v":"OTSAILA"},{"$i":"month-2","$v":"MARTXOA"},{"$i":"month-3","$v":"APIRILA"},{"$i":"month-4","$v":"MAIATZA"},{"$i":"month-5","$v":"EKAINA"},{"$i":"month-6","$v":"UZTAILA"},{"$i":"month-7","$v":"ABUZTUA"},{"$i":"month-8","$v":"IRAILA"},{"$i":"month-9","$v":"URRIA"},{"$i":"month-10","$v":"AZAROA"},{"$i":"month-11","$v":"ABENDUA"},{"$i":"search-header","$v":[{"t":"idOrVar","v":"provider"}," BILAKETA"]},{"$i":"private-window","$v":"Leiho pribatua"},{"$i":"gaia-grid-stop-download-title","$v":["Gelditu ",{"t":"idOrVar","v":"name"}]},{"$i":"gaia-grid-stop-download-body","$v":"Uneko deskarga gelditu nahi duzu?"},{"$i":"gaia-grid-stop-download-action","$v":"Gelditu"},{"$i":"gaia-grid-resume-download-title","$v":"Berrabiarazi deskarga"},{"$i":"gaia-grid-resume-download-body","$v":[{"t":"idOrVar","v":"name"}," deskargatu nahi duzu?"]},{"$i":"gaia-grid-resume-download-action","$v":"Deskargatu"},{"$i":"gaia-grid-cancel","$v":"Utzi"},{"$i":"gaia-grid-toggle-collapsed","ariaLabel":"Expand group"},{"$i":"gaia-grid-toggle-expanded","ariaLabel":"Collapse group"},{"$i":"gaia-grid-enter-group-name","$v":"Sartu taldearen izena"}]