[{"$i":"install-marketplace-title","$v":["Installer ",{"t":"idOrVar","v":"title"}]},{"$i":"history","$v":"HISTORIQUE"},{"$i":"top-sites","$v":"LES PLUS VISITÉS"},{"$i":"suggestions","ariaLabel":"Suggestions"},{"$i":"contacts","ariaLabel":"Contacts"},{"$i":"places","ariaLabel":"Lieux"},{"$i":"apps","ariaLabel":"Applications"},{"$i":"suggestions-settings-notice","innerHTML":"Les suggestions de recherche sont activées. Les caractères que vous saisissez lorsque vous lancez une recherche sont envoyés au moteur de recherche. Vous pouvez désactiver les suggestions de recherche depuis l’application <span id=\"settings-link\">Paramètres</span> de l’appareil."},{"$i":"ok","$v":"OK"},{"$i":"add-to-home-screen","label":"Ajouter à l’écran d’accueil"},{"$i":"offline-message","$v":"Aucune connexion Internet"},{"$i":"future","$v":"FUTUR"},{"$i":"today","$v":"AUJOURD’HUI"},{"$i":"yesterday","$v":"HIER"},{"$i":"last-7-days","$v":"LES 7 DERNIERS JOURS"},{"$i":"this-month","$v":"CE MOIS-CI"},{"$i":"last-6-months","$v":"LES 6 DERNIERS MOIS"},{"$i":"older-than-6-months","$v":"IL Y A PLUS DE 6 MOIS"},{"$i":"month-0","$v":"JANVIER"},{"$i":"month-1","$v":"FÉVRIER"},{"$i":"month-2","$v":"MARS"},{"$i":"month-3","$v":"AVRIL"},{"$i":"month-4","$v":"MAI"},{"$i":"month-5","$v":"JUIN"},{"$i":"month-6","$v":"JUILLET"},{"$i":"month-7","$v":"AOÛT"},{"$i":"month-8","$v":"SEPTEMBRE"},{"$i":"month-9","$v":"OCTOBRE"},{"$i":"month-10","$v":"NOVEMBRE"},{"$i":"month-11","$v":"DÉCEMBRE"},{"$i":"search-header","$v":["RECHERCHES ",{"t":"idOrVar","v":"provider"}]},{"$i":"private-window","$v":"Navigation privée"},{"$i":"gaia-grid-stop-download-title","$v":["Arrêter ",{"t":"idOrVar","v":"name"}]},{"$i":"gaia-grid-stop-download-body","$v":"Voulez-vous arrêter le téléchargement en cours ?"},{"$i":"gaia-grid-stop-download-action","$v":"Arrêter"},{"$i":"gaia-grid-resume-download-title","$v":"Redémarrer le téléchargement"},{"$i":"gaia-grid-resume-download-body","$v":["Voulez-vous télécharger ",{"t":"idOrVar","v":"name"}," ?"]},{"$i":"gaia-grid-resume-download-action","$v":"Télécharger"},{"$i":"gaia-grid-cancel","$v":"Annuler"},{"$i":"gaia-grid-toggle-collapsed","ariaLabel":"Développer le groupe"},{"$i":"gaia-grid-toggle-expanded","ariaLabel":"Réduire le groupe"},{"$i":"gaia-grid-enter-group-name","$v":"Saisir un nom de groupe"}]