[{"$i":"install-marketplace-title","$v":["Instalar ",{"t":"idOrVar","v":"title"}]},{"$i":"history","$v":"HISTORIAL"},{"$i":"top-sites","$v":"SITIOS FAVORITOS"},{"$i":"suggestions","ariaLabel":"Suxestións"},{"$i":"contacts","ariaLabel":"Contactos"},{"$i":"places","ariaLabel":"Lugares"},{"$i":"apps","ariaLabel":"Aplicativos"},{"$i":"suggestions-settings-notice","innerHTML":"Search suggestions are enabled. The characters you type when entering a search are being sent to the search engine. You can disable search suggestions in the device <span id=\"settings-link\">Settings</span>."},{"$i":"ok","$v":"Aceptar"},{"$i":"add-to-home-screen","label":"Engadir á pantalla inicial"},{"$i":"offline-message","$v":"Sen conexión á Internet"},{"$i":"future","$v":"FUTURO"},{"$i":"today","$v":"HOXE"},{"$i":"yesterday","$v":"ONTE"},{"$i":"last-7-days","$v":"ÚLTIMOS 7 DÍAS"},{"$i":"this-month","$v":"ESTE MES"},{"$i":"last-6-months","$v":"ÚLTIMOS 6 MESES"},{"$i":"older-than-6-months","$v":"HAI MÁIS DE 6 MESES"},{"$i":"month-0","$v":"XANEIRO"},{"$i":"month-1","$v":"FEBREIRO"},{"$i":"month-2","$v":"MARZO"},{"$i":"month-3","$v":"ABRIL"},{"$i":"month-4","$v":"MAIO"},{"$i":"month-5","$v":"XUÑO"},{"$i":"month-6","$v":"XULLO"},{"$i":"month-7","$v":"AGOSTO"},{"$i":"month-8","$v":"SETEMBRO"},{"$i":"month-9","$v":"OUTUBRO"},{"$i":"month-10","$v":"NOVEMBRO"},{"$i":"month-11","$v":"DECEMBRO"},{"$i":"search-header","$v":[{"t":"idOrVar","v":"provider"}," SEARCH"]},{"$i":"private-window","$v":"Private Window"},{"$i":"gaia-grid-stop-download-title","$v":["Deter ",{"t":"idOrVar","v":"name"}]},{"$i":"gaia-grid-stop-download-body","$v":"Quere deter a descarga en progreso?"},{"$i":"gaia-grid-stop-download-action","$v":"Deter"},{"$i":"gaia-grid-resume-download-title","$v":"Reiniciar a descarga"},{"$i":"gaia-grid-resume-download-body","$v":["Quere descargar ",{"t":"idOrVar","v":"name"},"?"]},{"$i":"gaia-grid-resume-download-action","$v":"Descargar"},{"$i":"gaia-grid-cancel","$v":"Cancelar"},{"$i":"gaia-grid-toggle-collapsed","ariaLabel":"Expand group"},{"$i":"gaia-grid-toggle-expanded","ariaLabel":"Collapse group"},{"$i":"gaia-grid-enter-group-name","$v":"Escriba un nome de grupo"}]