[{"$i":"install-marketplace-title","$v":[{"t":"idOrVar","v":"title"}," telepítése"]},{"$i":"history","$v":"ELŐZMÉNYEK"},{"$i":"top-sites","$v":"KIEMELT OLDALAK"},{"$i":"suggestions","ariaLabel":"Javaslatok"},{"$i":"contacts","ariaLabel":"Névjegyek"},{"$i":"places","ariaLabel":"Helyek"},{"$i":"apps","ariaLabel":"Alkalmazások"},{"$i":"suggestions-settings-notice","innerHTML":"Search suggestions are enabled. The characters you type when entering a search are being sent to the search engine. You can disable search suggestions in the device <span id=\"settings-link\">Settings</span>."},{"$i":"ok","$v":"OK"},{"$i":"add-to-home-screen","label":"Kezdőképernyőre"},{"$i":"offline-message","$v":"Nincs internetkapcsolat"},{"$i":"future","$v":"A JÖVŐBEN"},{"$i":"today","$v":"MA"},{"$i":"yesterday","$v":"TEGNAP"},{"$i":"last-7-days","$v":"AZ ELMÚLT 7 NAPBAN"},{"$i":"this-month","$v":"EBBEN A HÓNAPBAN"},{"$i":"last-6-months","$v":"AZ ELMÚLT 6 HÓNAPBAN"},{"$i":"older-than-6-months","$v":"6 HÓNAPNÁL RÉGEBBI"},{"$i":"month-0","$v":"JANUÁR"},{"$i":"month-1","$v":"FEBRUÁR"},{"$i":"month-2","$v":"MÁRCIUS"},{"$i":"month-3","$v":"ÁPRILIS"},{"$i":"month-4","$v":"MÁJUS"},{"$i":"month-5","$v":"JÚNIUS"},{"$i":"month-6","$v":"JÚLIUS"},{"$i":"month-7","$v":"AUGUSZTUS"},{"$i":"month-8","$v":"SZEPTEMBER"},{"$i":"month-9","$v":"OKTÓBER"},{"$i":"month-10","$v":"NOVEMBER"},{"$i":"month-11","$v":"DECEMBER"},{"$i":"search-header","$v":[{"t":"idOrVar","v":"provider"}," SEARCH"]},{"$i":"private-window","$v":"Private Window"},{"$i":"gaia-grid-stop-download-title","$v":[{"t":"idOrVar","v":"name"}," leállítása"]},{"$i":"gaia-grid-stop-download-body","$v":"Le szeretné állítani a folyamatban lévő letöltést?"},{"$i":"gaia-grid-stop-download-action","$v":"Leállítás"},{"$i":"gaia-grid-resume-download-title","$v":"Letöltés újraindítása"},{"$i":"gaia-grid-resume-download-body","$v":["Szeretné letölteni ezt: ",{"t":"idOrVar","v":"name"},"?"]},{"$i":"gaia-grid-resume-download-action","$v":"Letöltés"},{"$i":"gaia-grid-cancel","$v":"Mégse"},{"$i":"gaia-grid-toggle-collapsed","ariaLabel":"Expand group"},{"$i":"gaia-grid-toggle-expanded","ariaLabel":"Collapse group"},{"$i":"gaia-grid-enter-group-name","$v":"Enter a group name"}]