[{"$i":"install-marketplace-title","$v":["Installa ",{"t":"idOrVar","v":"title"}]},{"$i":"history","$v":"CRONOLOGIA"},{"$i":"top-sites","$v":"SITI PRINCIPALI"},{"$i":"suggestions","ariaLabel":"Suggerimenti"},{"$i":"contacts","ariaLabel":"Contatti"},{"$i":"places","ariaLabel":"Luoghi"},{"$i":"apps","ariaLabel":"App"},{"$i":"suggestions-settings-notice","innerHTML":"I caratteri digitati vengono inviati al motore di ricerca per generare dei suggerimenti. È possibile disattivare questa caratteristica nelle <span id=\"settings-link\">Impostazioni</span> del dispositivo."},{"$i":"ok","$v":"OK"},{"$i":"add-to-home-screen","label":"Aggiungi alla schermata principale"},{"$i":"offline-message","$v":"Nessuna connessione a Internet"},{"$i":"future","$v":"FUTURO"},{"$i":"today","$v":"OGGI"},{"$i":"yesterday","$v":"IERI"},{"$i":"last-7-days","$v":"ULTIMI 7 GIORNI"},{"$i":"this-month","$v":"QUESTO MESE"},{"$i":"last-6-months","$v":"ULTIMI 6 MESI"},{"$i":"older-than-6-months","$v":"OLTRE 6 MESI"},{"$i":"month-0","$v":"GENNAIO"},{"$i":"month-1","$v":"FEBBRAIO"},{"$i":"month-2","$v":"MARZO"},{"$i":"month-3","$v":"APRILE"},{"$i":"month-4","$v":"MAGGIO"},{"$i":"month-5","$v":"GIUGNO"},{"$i":"month-6","$v":"LUGLIO"},{"$i":"month-7","$v":"AGOSTO"},{"$i":"month-8","$v":"SETTEMBRE"},{"$i":"month-9","$v":"OTTOBRE"},{"$i":"month-10","$v":"NOVEMBRE"},{"$i":"month-11","$v":"DICEMBRE"},{"$i":"search-header","$v":["RICERCA ",{"t":"idOrVar","v":"provider"}]},{"$i":"private-window","$v":"Finestra anonima"},{"$i":"gaia-grid-stop-download-title","$v":["Interrompi ",{"t":"idOrVar","v":"name"}]},{"$i":"gaia-grid-stop-download-body","$v":"Interrompere il download in corso?"},{"$i":"gaia-grid-stop-download-action","$v":"Interrompi"},{"$i":"gaia-grid-resume-download-title","$v":"Riavvio download"},{"$i":"gaia-grid-resume-download-body","$v":["Procedere con il download di ",{"t":"idOrVar","v":"name"},"?"]},{"$i":"gaia-grid-resume-download-action","$v":"Scarica"},{"$i":"gaia-grid-cancel","$v":"Annulla"},{"$i":"gaia-grid-toggle-collapsed","ariaLabel":"Espandi gruppo"},{"$i":"gaia-grid-toggle-expanded","ariaLabel":"Contrai gruppo"},{"$i":"gaia-grid-enter-group-name","$v":"Inserire un nome per il gruppo"}]