[{"$i":"install-marketplace-title","$v":[{"t":"idOrVar","v":"title"}," をインストールします"]},{"$i":"history","$v":"履歴"},{"$i":"top-sites","$v":"トップサイト"},{"$i":"suggestions","ariaLabel":"検索候補"},{"$i":"contacts","ariaLabel":"連絡先"},{"$i":"places","ariaLabel":"場所"},{"$i":"apps","ariaLabel":"アプリ"},{"$i":"suggestions-settings-notice","innerHTML":"Search suggestions are enabled. The characters you type when entering a search are being sent to the search engine. You can disable search suggestions in the device <span id=\"settings-link\">Settings</span>."},{"$i":"ok","$v":"OK"},{"$i":"add-to-home-screen","label":"ホーム画面に追加"},{"$i":"offline-message","$v":"インターネットに接続されていません"},{"$i":"future","$v":"未来"},{"$i":"today","$v":"今日"},{"$i":"yesterday","$v":"昨日"},{"$i":"last-7-days","$v":"7日以内"},{"$i":"this-month","$v":"今月"},{"$i":"last-6-months","$v":"6か月以内"},{"$i":"older-than-6-months","$v":"6か月以前"},{"$i":"month-0","$v":"1月"},{"$i":"month-1","$v":"2月"},{"$i":"month-2","$v":"3月"},{"$i":"month-3","$v":"4月"},{"$i":"month-4","$v":"5月"},{"$i":"month-5","$v":"6月"},{"$i":"month-6","$v":"7月"},{"$i":"month-7","$v":"8月"},{"$i":"month-8","$v":"9月"},{"$i":"month-9","$v":"10月"},{"$i":"month-10","$v":"11月"},{"$i":"month-11","$v":"12月"},{"$i":"search-header","$v":[{"t":"idOrVar","v":"provider"}," SEARCH"]},{"$i":"private-window","$v":"Private Window"},{"$i":"gaia-grid-stop-download-title","$v":[{"t":"idOrVar","v":"name"}," を中止"]},{"$i":"gaia-grid-stop-download-body","$v":"ダウンロードを中止してもよろしいですか？"},{"$i":"gaia-grid-stop-download-action","$v":"中止"},{"$i":"gaia-grid-resume-download-title","$v":"ダウンロード再開"},{"$i":"gaia-grid-resume-download-body","$v":[{"t":"idOrVar","v":"name"}," のダウンロードを再開しますか？"]},{"$i":"gaia-grid-resume-download-action","$v":"ダウンロード"},{"$i":"gaia-grid-cancel","$v":"キャンセル"},{"$i":"gaia-grid-toggle-collapsed","ariaLabel":"Expand group"},{"$i":"gaia-grid-toggle-expanded","ariaLabel":"Collapse group"},{"$i":"gaia-grid-enter-group-name","$v":"グループ名を入力してください"}]