[{"$i":"install-marketplace-title","$v":["Install ",{"t":"idOrVar","v":"title"}]},{"$i":"history","$v":"ប្រវត្តិ"},{"$i":"top-sites","$v":"តំបន់​បណ្ដាញ​កំពូល"},{"$i":"suggestions","ariaLabel":"សំណើ"},{"$i":"contacts","ariaLabel":"ទំនាក់ទំនង"},{"$i":"places","ariaLabel":"ទីតាំង"},{"$i":"apps","ariaLabel":"កម្មវិធី"},{"$i":"suggestions-settings-notice","innerHTML":"Search suggestions are enabled. The characters you type when entering a search are being sent to the search engine. You can disable search suggestions in the device <span id=\"settings-link\">Settings</span>."},{"$i":"ok","$v":"យល់ព្រម"},{"$i":"add-to-home-screen","label":"បន្ថែម​ទៅ​អេក្រង់​ដើម"},{"$i":"offline-message","$v":"No internet connection"},{"$i":"future","$v":"FUTURE"},{"$i":"today","$v":"TODAY"},{"$i":"yesterday","$v":"YESTERDAY"},{"$i":"last-7-days","$v":"LAST 7 DAYS"},{"$i":"this-month","$v":"THIS MONTH"},{"$i":"last-6-months","$v":"LAST 6 MONTHS"},{"$i":"older-than-6-months","$v":"OLDER THAN 6 MONTHS"},{"$i":"month-0","$v":"JANUARY"},{"$i":"month-1","$v":"FEBRUARY"},{"$i":"month-2","$v":"MARCH"},{"$i":"month-3","$v":"APRIL"},{"$i":"month-4","$v":"MAY"},{"$i":"month-5","$v":"JUNE"},{"$i":"month-6","$v":"JULY"},{"$i":"month-7","$v":"AUGUST"},{"$i":"month-8","$v":"SEPTEMBER"},{"$i":"month-9","$v":"OCTOBER"},{"$i":"month-10","$v":"NOVEMBER"},{"$i":"month-11","$v":"DECEMBER"},{"$i":"search-header","$v":[{"t":"idOrVar","v":"provider"}," SEARCH"]},{"$i":"private-window","$v":"Private Window"},{"$i":"gaia-grid-stop-download-title","$v":["បញ្ឈប់ ",{"t":"idOrVar","v":"name"}]},{"$i":"gaia-grid-stop-download-body","$v":"តើ​អ្នក​ចង់​បញ្ឈប់​កា​រ​ទាញយក​​ដែល​កំពុង​ដំណើរការ?"},{"$i":"gaia-grid-stop-download-action","$v":"បញ្ឈប់"},{"$i":"gaia-grid-resume-download-title","$v":"ចាប់ផ្ដើម​ទាញ​យក​​ឡើងវិញ"},{"$i":"gaia-grid-resume-download-body","$v":["តើ​អ្នក​ចង់​ទាញយក ",{"t":"idOrVar","v":"name"},"?"]},{"$i":"gaia-grid-resume-download-action","$v":"ទាញយក"},{"$i":"gaia-grid-cancel","$v":"បោះបង់"},{"$i":"gaia-grid-toggle-collapsed","ariaLabel":"Expand group"},{"$i":"gaia-grid-toggle-expanded","ariaLabel":"Collapse group"},{"$i":"gaia-grid-enter-group-name","$v":"Enter a group name"}]