[{"$i":"install-marketplace-title","$v":[{"t":"idOrVar","v":"title"}," 설치"]},{"$i":"history","$v":"이전 기록"},{"$i":"top-sites","$v":"상위 사이트"},{"$i":"suggestions","ariaLabel":"추천"},{"$i":"contacts","ariaLabel":"연락처"},{"$i":"places","ariaLabel":"장소"},{"$i":"apps","ariaLabel":"앱"},{"$i":"suggestions-settings-notice","innerHTML":"Search suggestions are enabled. The characters you type when entering a search are being sent to the search engine. You can disable search suggestions in the device <span id=\"settings-link\">Settings</span>."},{"$i":"ok","$v":"확인"},{"$i":"add-to-home-screen","label":"홈스크린에 추가"},{"$i":"offline-message","$v":"인터넷 연결 없음"},{"$i":"future","$v":"미래"},{"$i":"today","$v":"오늘"},{"$i":"yesterday","$v":"어제"},{"$i":"last-7-days","$v":"지난 7일"},{"$i":"this-month","$v":"이번 달"},{"$i":"last-6-months","$v":"지난 6개월"},{"$i":"older-than-6-months","$v":"6개월 이상"},{"$i":"month-0","$v":"1월"},{"$i":"month-1","$v":"2월"},{"$i":"month-2","$v":"3월"},{"$i":"month-3","$v":"4월"},{"$i":"month-4","$v":"5월"},{"$i":"month-5","$v":"6월"},{"$i":"month-6","$v":"7월"},{"$i":"month-7","$v":"8월"},{"$i":"month-8","$v":"9월"},{"$i":"month-9","$v":"10월"},{"$i":"month-10","$v":"11월"},{"$i":"month-11","$v":"12월"},{"$i":"search-header","$v":[{"t":"idOrVar","v":"provider"}," SEARCH"]},{"$i":"private-window","$v":"Private Window"},{"$i":"gaia-grid-stop-download-title","$v":[{"t":"idOrVar","v":"name"}," 중지"]},{"$i":"gaia-grid-stop-download-body","$v":"진행중인 다운로드를 취소하시겠습니까?"},{"$i":"gaia-grid-stop-download-action","$v":"중지"},{"$i":"gaia-grid-resume-download-title","$v":"다운로드 재시작"},{"$i":"gaia-grid-resume-download-body","$v":[{"t":"idOrVar","v":"name"}," 항목을 다운로드 하시겠습니까?"]},{"$i":"gaia-grid-resume-download-action","$v":"다운로드"},{"$i":"gaia-grid-cancel","$v":"취소"},{"$i":"gaia-grid-toggle-collapsed","ariaLabel":"Expand group"},{"$i":"gaia-grid-toggle-expanded","ariaLabel":"Collapse group"},{"$i":"gaia-grid-enter-group-name","$v":"Enter a group name"}]