[{"$i":"install-marketplace-title","$v":["Įdiegti „",{"t":"idOrVar","v":"title"},"“"]},{"$i":"history","$v":"ŽURNALAS"},{"$i":"top-sites","$v":"LANKOMIAUSIOS SVETAINĖS"},{"$i":"suggestions","ariaLabel":"Paieškos siūlymai"},{"$i":"contacts","ariaLabel":"Adresatai"},{"$i":"places","ariaLabel":"Vietos"},{"$i":"apps","ariaLabel":"Programos"},{"$i":"suggestions-settings-notice","innerHTML":"Search suggestions are enabled. The characters you type when entering a search are being sent to the search engine. You can disable search suggestions in the device <span id=\"settings-link\">Settings</span>."},{"$i":"ok","$v":"Gerai"},{"$i":"add-to-home-screen","label":"Įtraukti į Pradžios ekraną"},{"$i":"offline-message","$v":"Nėra ryšio su internetu"},{"$i":"future","$v":"ATEITIS"},{"$i":"today","$v":"ŠIANDIENA"},{"$i":"yesterday","$v":"VAKARDIENA"},{"$i":"last-7-days","$v":"PASTAROSIOS 7 DIENOS"},{"$i":"this-month","$v":"ŠIS MĖNUO"},{"$i":"last-6-months","$v":"PASTARIEJI 6 MĖNESIAI"},{"$i":"older-than-6-months","$v":"ANKSČIAU NEI PRIEŠ 6 MĖN."},{"$i":"month-0","$v":"SAUSIS"},{"$i":"month-1","$v":"VASARIS"},{"$i":"month-2","$v":"KOVAS"},{"$i":"month-3","$v":"BALANDIS"},{"$i":"month-4","$v":"GEGUŽĖ"},{"$i":"month-5","$v":"BIRŽELIS"},{"$i":"month-6","$v":"LIEPA"},{"$i":"month-7","$v":"RUGPJŪTIS"},{"$i":"month-8","$v":"RUGSĖJIS"},{"$i":"month-9","$v":"SPALIS"},{"$i":"month-10","$v":"LAPKRITIS"},{"$i":"month-11","$v":"GRUODIS"},{"$i":"search-header","$v":[{"t":"idOrVar","v":"provider"}," SEARCH"]},{"$i":"private-window","$v":"Private Window"},{"$i":"gaia-grid-stop-download-title","$v":["Parsiuntimo „",{"t":"idOrVar","v":"name"},"“ nutraukimas"]},{"$i":"gaia-grid-stop-download-body","$v":"Ar norite nutraukti vykstantį parsiuntimą?ss?"},{"$i":"gaia-grid-stop-download-action","$v":"Nutraukti"},{"$i":"gaia-grid-resume-download-title","$v":"Parsiuntimo kartojimas"},{"$i":"gaia-grid-resume-download-body","$v":["Ar norite parsiųsti „",{"t":"idOrVar","v":"name"},"“?"]},{"$i":"gaia-grid-resume-download-action","$v":"Parsiųsti"},{"$i":"gaia-grid-cancel","$v":"Atsisakyti"},{"$i":"gaia-grid-toggle-collapsed","ariaLabel":"Expand group"},{"$i":"gaia-grid-toggle-expanded","ariaLabel":"Collapse group"},{"$i":"gaia-grid-enter-group-name","$v":"Enter a group name"}]