[{"$i":"install-marketplace-title","$v":["Pasang ",{"t":"idOrVar","v":"title"}]},{"$i":"history","$v":"HISTORY"},{"$i":"top-sites","$v":"TOP SITES"},{"$i":"suggestions","ariaLabel":"Cadangan"},{"$i":"contacts","ariaLabel":"Kenalan"},{"$i":"places","ariaLabel":"Tempat"},{"$i":"apps","ariaLabel":"Aplikasi"},{"$i":"suggestions-settings-notice","innerHTML":"Search suggestions are enabled. The characters you type when entering a search are being sent to the search engine. You can disable search suggestions in the device <span id=\"settings-link\">Settings</span>."},{"$i":"ok","$v":"OK"},{"$i":"add-to-home-screen","label":"Tambah ke Skrin Utama"},{"$i":"offline-message","$v":"Tiada Sambungan Internet"},{"$i":"future","$v":"KELAK"},{"$i":"today","$v":"HARI INI"},{"$i":"yesterday","$v":"KELMARIN"},{"$i":"last-7-days","$v":"7 HARI TERAKHIR"},{"$i":"this-month","$v":"BULAN INI"},{"$i":"last-6-months","$v":"6 BULAN TERAKHIR"},{"$i":"older-than-6-months","$v":"LEWAT DARI 6 BULAN"},{"$i":"month-0","$v":"JANUARI"},{"$i":"month-1","$v":"FEBRUARI"},{"$i":"month-2","$v":"MAC"},{"$i":"month-3","$v":"APRIL"},{"$i":"month-4","$v":"MEI"},{"$i":"month-5","$v":"JUN"},{"$i":"month-6","$v":"JULAI"},{"$i":"month-7","$v":"OGOS"},{"$i":"month-8","$v":"SEPTEMBER"},{"$i":"month-9","$v":"OKTOBER"},{"$i":"month-10","$v":"NOVEMBER"},{"$i":"month-11","$v":"DISEMBER"},{"$i":"search-header","$v":[{"t":"idOrVar","v":"provider"}," SEARCH"]},{"$i":"private-window","$v":"Private Window"},{"$i":"gaia-grid-stop-download-title","$v":["Henti ",{"t":"idOrVar","v":"name"}]},{"$i":"gaia-grid-stop-download-body","$v":"Adakah anda ingin menghentikan muat turun yang sedang berlangsung?"},{"$i":"gaia-grid-stop-download-action","$v":"Henti"},{"$i":"gaia-grid-resume-download-title","$v":"Mula semula Muat turun"},{"$i":"gaia-grid-resume-download-body","$v":["Adakah anda ingin memuat turun ",{"t":"idOrVar","v":"name"},"?"]},{"$i":"gaia-grid-resume-download-action","$v":"Muat Turun"},{"$i":"gaia-grid-cancel","$v":"Batal"},{"$i":"gaia-grid-toggle-collapsed","ariaLabel":"Expand group"},{"$i":"gaia-grid-toggle-expanded","ariaLabel":"Collapse group"},{"$i":"gaia-grid-enter-group-name","$v":"Enter a group name"}]