[{"$i":"install-marketplace-title","$v":[{"t":"idOrVar","v":"title"}," स्थापना गर्नुहोस्"]},{"$i":"history","$v":"इतिहास"},{"$i":"top-sites","$v":"शीर्ष साइटहरु"},{"$i":"suggestions","ariaLabel":"सुझावहरू"},{"$i":"contacts","ariaLabel":"सम्पर्कहरू"},{"$i":"places","ariaLabel":"स्थानहरू"},{"$i":"apps","ariaLabel":"एप्स"},{"$i":"suggestions-settings-notice","innerHTML":"Search suggestions are enabled. The characters you type when entering a search are being sent to the search engine. You can disable search suggestions in the device <span id=\"settings-link\">Settings</span>."},{"$i":"ok","$v":"ठीक छ"},{"$i":"add-to-home-screen","label":"गृह पर्दामा थप्नुहोस"},{"$i":"offline-message","$v":"No internet connection"},{"$i":"future","$v":"भविष्य"},{"$i":"today","$v":"आज"},{"$i":"yesterday","$v":"हिजो"},{"$i":"last-7-days","$v":"बितेको सात दिनमा"},{"$i":"this-month","$v":"यो महिना"},{"$i":"last-6-months","$v":"बितेको छ महिनामा"},{"$i":"older-than-6-months","$v":"छ महिना पुरानो"},{"$i":"month-0","$v":"जनवरी"},{"$i":"month-1","$v":"फेब्रुअरी"},{"$i":"month-2","$v":"मार्च"},{"$i":"month-3","$v":"अप्रिल"},{"$i":"month-4","$v":"मे"},{"$i":"month-5","$v":"जून"},{"$i":"month-6","$v":"जुलाई"},{"$i":"month-7","$v":"अगस्ट"},{"$i":"month-8","$v":"सेप्टेम्बर"},{"$i":"month-9","$v":"अक्टोबर"},{"$i":"month-10","$v":"नोभेम्बर"},{"$i":"month-11","$v":"डीसेम्बर"},{"$i":"search-header","$v":[{"t":"idOrVar","v":"provider"}," SEARCH"]},{"$i":"private-window","$v":"Private Window"},{"$i":"gaia-grid-stop-download-title","$v":["बन्द",{"t":"idOrVar","v":"name"}]},{"$i":"gaia-grid-stop-download-body","$v":"तपाई यो डाउनलोडको प्रगतिलाई रोक्न चाहनुहुन्छ? "},{"$i":"gaia-grid-stop-download-action","$v":"बन्द"},{"$i":"gaia-grid-resume-download-title","$v":"डाउनलोड फेरी सुरु गर्नुहोस्"},{"$i":"gaia-grid-resume-download-body","$v":["के तपाई ",{"t":"idOrVar","v":"name"}," डाउनलोड गर्न चाहनुहुन्छ?"]},{"$i":"gaia-grid-resume-download-action","$v":"डाउनलोड"},{"$i":"gaia-grid-cancel","$v":"रद्द गर्नुहोस्"},{"$i":"gaia-grid-toggle-collapsed","ariaLabel":"Expand group"},{"$i":"gaia-grid-toggle-expanded","ariaLabel":"Collapse group"},{"$i":"gaia-grid-enter-group-name","$v":"Enter a group name"}]