[{"$i":"install-marketplace-title","$v":[{"t":"idOrVar","v":"title"}," installeren"]},{"$i":"history","$v":"GESCHIEDENIS"},{"$i":"top-sites","$v":"TOPWEBSITES"},{"$i":"suggestions","ariaLabel":"Suggesties"},{"$i":"contacts","ariaLabel":"Contacten"},{"$i":"places","ariaLabel":"Plaatsen"},{"$i":"apps","ariaLabel":"Apps"},{"$i":"suggestions-settings-notice","innerHTML":"Zoeksuggesties zijn ingeschakeld. De tekens die u typt bij het invoeren van een zoekopdracht worden naar de zoekmachine verzonden. U kunt zoeksuggesties uitschakelen in de <span id=\"settings-link\">Instellingen</span> van het apparaat."},{"$i":"ok","$v":"OK"},{"$i":"add-to-home-screen","label":"Toevoegen aan startscherm"},{"$i":"offline-message","$v":"Geen internetverbinding"},{"$i":"future","$v":"TOEKOMST"},{"$i":"today","$v":"VANDAAG"},{"$i":"yesterday","$v":"GISTEREN"},{"$i":"last-7-days","$v":"AFGELOPEN 7 DAGEN"},{"$i":"this-month","$v":"DEZE MAAND"},{"$i":"last-6-months","$v":"AFGELOPEN 6 MAANDEN"},{"$i":"older-than-6-months","$v":"OUDER DAN 6 MAANDEN"},{"$i":"month-0","$v":"JANUARI"},{"$i":"month-1","$v":"FEBRUARI"},{"$i":"month-2","$v":"MAART"},{"$i":"month-3","$v":"APRIL"},{"$i":"month-4","$v":"MEI"},{"$i":"month-5","$v":"JUNI"},{"$i":"month-6","$v":"JULI"},{"$i":"month-7","$v":"AUGUSTUS"},{"$i":"month-8","$v":"SEPTEMBER"},{"$i":"month-9","$v":"OKTOBER"},{"$i":"month-10","$v":"NOVEMBER"},{"$i":"month-11","$v":"DECEMBER"},{"$i":"search-header","$v":[{"t":"idOrVar","v":"provider"}," ZOEKEN"]},{"$i":"private-window","$v":"Privévenster"},{"$i":"gaia-grid-stop-download-title","$v":[{"t":"idOrVar","v":"name"}," stoppen"]},{"$i":"gaia-grid-stop-download-body","$v":"Wilt u de actieve download stoppen?"},{"$i":"gaia-grid-stop-download-action","$v":"Stoppen"},{"$i":"gaia-grid-resume-download-title","$v":"Download herstarten"},{"$i":"gaia-grid-resume-download-body","$v":["Wilt u ",{"t":"idOrVar","v":"name"}," downloaden?"]},{"$i":"gaia-grid-resume-download-action","$v":"Downloaden"},{"$i":"gaia-grid-cancel","$v":"Annuleren"},{"$i":"gaia-grid-toggle-collapsed","ariaLabel":"Groep uitvouwen"},{"$i":"gaia-grid-toggle-expanded","ariaLabel":"Groep samenvouwen"},{"$i":"gaia-grid-enter-group-name","$v":"Voer een groepsnaam in"}]