[{"$i":"install-marketplace-title","$v":[{"t":"idOrVar","v":"title"}," ਇੰਸਟਾਲ ਕਰੋ"]},{"$i":"history","$v":"ਅਤੀਤ"},{"$i":"top-sites","$v":"ਚੋਟੀ ਦੀਆਂ ਸਾਈਟਾਂ"},{"$i":"suggestions","ariaLabel":"ਸੁਜਾਅ"},{"$i":"contacts","ariaLabel":"ਸੰਪਰਕ"},{"$i":"places","ariaLabel":"ਥਾਵਾਂ"},{"$i":"apps","ariaLabel":"ਐਪਸ"},{"$i":"suggestions-settings-notice","innerHTML":"Search suggestions are enabled. The characters you type when entering a search are being sent to the search engine. You can disable search suggestions in the device <span id=\"settings-link\">Settings</span>."},{"$i":"ok","$v":"ਠੀਕ ਹੈ"},{"$i":"add-to-home-screen","label":"ਮੁੱਖ ਸਕਰੀਨ ਉੱਤੇ ਜੋੜੋ"},{"$i":"offline-message","$v":"ਕੋਈ ਇੰਟਰਨੈੱਟ ਕਨੈਕਸ਼ਨ ਨਹੀਂ"},{"$i":"future","$v":"ਭਵਿੱਖ"},{"$i":"today","$v":"ਅੱਜ"},{"$i":"yesterday","$v":"ਕੱਲ੍ਹ"},{"$i":"last-7-days","$v":"ਪਿਛਲੇ 7 ਦਿਨ"},{"$i":"this-month","$v":"ਇਹ ਮਹੀਨੇ"},{"$i":"last-6-months","$v":"LAST 6 MONTHS"},{"$i":"older-than-6-months","$v":"OLDER THAN 6 MONTHS"},{"$i":"month-0","$v":"ਜਨਵਰੀ"},{"$i":"month-1","$v":"ਫਰਵਰੀ"},{"$i":"month-2","$v":"ਮਾਰਚ"},{"$i":"month-3","$v":"ਅਪਰੈਲ"},{"$i":"month-4","$v":"ਮਈ"},{"$i":"month-5","$v":"ਜੂਨ"},{"$i":"month-6","$v":"ਜੁਲਾਈ"},{"$i":"month-7","$v":"ਅਗਸਤ"},{"$i":"month-8","$v":"ਸਤੰਬਰ"},{"$i":"month-9","$v":"ਅਕਤੂਬਰ"},{"$i":"month-10","$v":"ਨਵੰਬਰ"},{"$i":"month-11","$v":"ਦਸੰਬਰ"},{"$i":"search-header","$v":[{"t":"idOrVar","v":"provider"}," SEARCH"]},{"$i":"private-window","$v":"Private Window"},{"$i":"gaia-grid-stop-download-title","$v":[{"t":"idOrVar","v":"name"}," ਰੋਕੋ"]},{"$i":"gaia-grid-stop-download-body","$v":"ਕੀ ਤੁਸੀਂ ਚੱਲ ਰਹੇ ਡਾਊਨਲੋਡ ਨੂੰ ਰੋਕਣਾ ਚਾਹੁੰਦੇ ਹੋ?"},{"$i":"gaia-grid-stop-download-action","$v":"ਰੋਕੋ"},{"$i":"gaia-grid-resume-download-title","$v":"ਡਾਊਨਲੋਡ ਮੁੜ-ਸ਼ੁਰੂ ਕਰੋ"},{"$i":"gaia-grid-resume-download-body","$v":["ਕੀ ਤੁਸੀਂ ",{"t":"idOrVar","v":"name"}," ਨੂੰ ਡਾਊਨਲੋਡ ਕਰਨਾ ਚਾਹੁੰਦੇ ਹੋ?"]},{"$i":"gaia-grid-resume-download-action","$v":"ਡਾਊਨਲੋਡ"},{"$i":"gaia-grid-cancel","$v":"ਰੱਦ ਕਰੋ"},{"$i":"gaia-grid-toggle-collapsed","ariaLabel":"Expand group"},{"$i":"gaia-grid-toggle-expanded","ariaLabel":"Collapse group"},{"$i":"gaia-grid-enter-group-name","$v":"Enter a group name"}]