[{"$i":"install-marketplace-title","$v":["Zainstaluj „",{"t":"idOrVar","v":"title"},"”"]},{"$i":"history","$v":"Historia"},{"$i":"top-sites","$v":"Popularne"},{"$i":"suggestions","ariaLabel":"Podpowiedzi"},{"$i":"contacts","ariaLabel":"Kontakty"},{"$i":"places","ariaLabel":"Miejsca"},{"$i":"apps","ariaLabel":"Aplikacje"},{"$i":"suggestions-settings-notice","innerHTML":"Podpowiedzi wyszukiwania są włączone i będą wyświetlane na podstawie wprowadzanych znaków wysyłanych do wyszukiwarek. Można je wyłączyć w <span id=\"settings-link\">ustawieniach</span>."},{"$i":"ok","$v":"OK"},{"$i":"add-to-home-screen","label":"Dodaj do ekranu głównego"},{"$i":"offline-message","$v":"Brak połączenia z Internetem"},{"$i":"future","$v":"Przyszłość"},{"$i":"today","$v":"Dziś"},{"$i":"yesterday","$v":"Wczoraj"},{"$i":"last-7-days","$v":"Ostatnie 7 dni"},{"$i":"this-month","$v":"Ten miesiąc"},{"$i":"last-6-months","$v":"Ostatnie 6 miesięcy"},{"$i":"older-than-6-months","$v":"Starsze niż 6 miesięcy"},{"$i":"month-0","$v":"Styczeń"},{"$i":"month-1","$v":"Luty"},{"$i":"month-2","$v":"Marzec"},{"$i":"month-3","$v":"Kwiecień"},{"$i":"month-4","$v":"Maj"},{"$i":"month-5","$v":"Czerwiec"},{"$i":"month-6","$v":"Lipiec"},{"$i":"month-7","$v":"Sierpień"},{"$i":"month-8","$v":"Wrzesień"},{"$i":"month-9","$v":"Październik"},{"$i":"month-10","$v":"Listopad"},{"$i":"month-11","$v":"Grudzień"},{"$i":"search-header","$v":["Wyszukiwanie ",{"t":"idOrVar","v":"provider"}]},{"$i":"private-window","$v":"Okno prywatne"},{"$i":"gaia-grid-stop-download-title","$v":["Zatrzymywanie pobierania „",{"t":"idOrVar","v":"name"},"”"]},{"$i":"gaia-grid-stop-download-body","$v":"Zatrzymać aktywne pobieranie aplikacji?"},{"$i":"gaia-grid-stop-download-action","$v":"Zatrzymaj"},{"$i":"gaia-grid-resume-download-title","$v":"Wznawianie pobierania"},{"$i":"gaia-grid-resume-download-body","$v":["Pobrać aplikację „",{"t":"idOrVar","v":"name"},"”?"]},{"$i":"gaia-grid-resume-download-action","$v":"Pobierz"},{"$i":"gaia-grid-cancel","$v":"Anuluj"},{"$i":"gaia-grid-toggle-collapsed","ariaLabel":"Rozwiń grupę"},{"$i":"gaia-grid-toggle-expanded","ariaLabel":"Zwiń grupę"},{"$i":"gaia-grid-enter-group-name","$v":"Wprowadź nazwę grupy"}]