[{"$i":"install-marketplace-title","$v":["Instalar ",{"t":"idOrVar","v":"title"}]},{"$i":"history","$v":"HISTÓRICO"},{"$i":"top-sites","$v":"MELHORES SITES"},{"$i":"suggestions","ariaLabel":"Sugestões"},{"$i":"contacts","ariaLabel":"Contatos"},{"$i":"places","ariaLabel":"Locais"},{"$i":"apps","ariaLabel":"Aplicativos"},{"$i":"suggestions-settings-notice","innerHTML":"Search suggestions are enabled. The characters you type when entering a search are being sent to the search engine. You can disable search suggestions in the device <span id=\"settings-link\">Settings</span>."},{"$i":"ok","$v":"OK"},{"$i":"add-to-home-screen","label":"Adicionar a Tela Inicial"},{"$i":"offline-message","$v":"Sem conexão à internet"},{"$i":"future","$v":"FUTURO"},{"$i":"today","$v":"HOJE"},{"$i":"yesterday","$v":"ONTEM"},{"$i":"last-7-days","$v":"ÚLTIMOS 7 DIAS"},{"$i":"this-month","$v":"ESSE MÊS"},{"$i":"last-6-months","$v":"ÚLTIMOS 6 MESES"},{"$i":"older-than-6-months","$v":"MAIS VELHO QUE 6 MESES"},{"$i":"month-0","$v":"JANEIRO"},{"$i":"month-1","$v":"FEVEREIRO"},{"$i":"month-2","$v":"MARÇO"},{"$i":"month-3","$v":"ABRIL"},{"$i":"month-4","$v":"MAIO"},{"$i":"month-5","$v":"JUNHO"},{"$i":"month-6","$v":"JULHO"},{"$i":"month-7","$v":"AGOSTO"},{"$i":"month-8","$v":"SETEMBRO"},{"$i":"month-9","$v":"OUTUBRO"},{"$i":"month-10","$v":"NOVEMBRO"},{"$i":"month-11","$v":"DEZEMBRO"},{"$i":"search-header","$v":[{"t":"idOrVar","v":"provider"}," SEARCH"]},{"$i":"private-window","$v":"Private Window"},{"$i":"gaia-grid-stop-download-title","$v":["Parar ",{"t":"idOrVar","v":"name"}]},{"$i":"gaia-grid-stop-download-body","$v":"Voce deseja interromper o download em progresso?"},{"$i":"gaia-grid-stop-download-action","$v":"Parar"},{"$i":"gaia-grid-resume-download-title","$v":"Reiniciar Download"},{"$i":"gaia-grid-resume-download-body","$v":["Você deseja transferir ",{"t":"idOrVar","v":"name"},"?"]},{"$i":"gaia-grid-resume-download-action","$v":"Download"},{"$i":"gaia-grid-cancel","$v":"Cancelar"},{"$i":"gaia-grid-toggle-collapsed","ariaLabel":"Expand group"},{"$i":"gaia-grid-toggle-expanded","ariaLabel":"Collapse group"},{"$i":"gaia-grid-enter-group-name","$v":"Digite o nome do grupo"}]