[{"$i":"install-marketplace-title","$v":["Установить ",{"t":"idOrVar","v":"title"}]},{"$i":"history","$v":"ИСТОРИЯ"},{"$i":"top-sites","$v":"ТОП САЙТОВ"},{"$i":"suggestions","ariaLabel":"Предложения"},{"$i":"contacts","ariaLabel":"Контакты"},{"$i":"places","ariaLabel":"Места"},{"$i":"apps","ariaLabel":"Приложения"},{"$i":"suggestions-settings-notice","innerHTML":"Поисковые предложения включены. Символы, набираемые вами при поисковом запросе, отправляются в поисковую систему. Вы можете отключить поисковые предложения в <span id=\"settings-link\">Параметрах</span> устройства."},{"$i":"ok","$v":"OK"},{"$i":"add-to-home-screen","label":"Добавить на домашний экран"},{"$i":"offline-message","$v":"Нет соединения с Интернетом"},{"$i":"future","$v":"БУДУЩЕЕ"},{"$i":"today","$v":"СЕГОДНЯ"},{"$i":"yesterday","$v":"ВЧЕРА"},{"$i":"last-7-days","$v":"ПОСЛЕДНИЕ 7 ДНЕЙ"},{"$i":"this-month","$v":"ЭТОТ МЕСЯЦ"},{"$i":"last-6-months","$v":"ПОСЛЕДНИЕ 6 МЕСЯЦЕВ"},{"$i":"older-than-6-months","$v":"СТАРШЕ 6 МЕСЯЦЕВ"},{"$i":"month-0","$v":"ЯНВАРЬ"},{"$i":"month-1","$v":"ФЕВРАЛЬ"},{"$i":"month-2","$v":"МАРТ"},{"$i":"month-3","$v":"АПРЕЛЬ"},{"$i":"month-4","$v":"МАЙ"},{"$i":"month-5","$v":"ИЮНЬ"},{"$i":"month-6","$v":"ИЮЛЬ"},{"$i":"month-7","$v":"АВГУСТ"},{"$i":"month-8","$v":"СЕНТЯБРЬ"},{"$i":"month-9","$v":"ОКТЯБРЬ"},{"$i":"month-10","$v":"НОЯБРЬ"},{"$i":"month-11","$v":"ДЕКАБРЬ"},{"$i":"search-header","$v":["ИСКАТЬ В ",{"t":"idOrVar","v":"provider"}]},{"$i":"private-window","$v":"Приватное окно"},{"$i":"gaia-grid-stop-download-title","$v":["Остановка ",{"t":"idOrVar","v":"name"}]},{"$i":"gaia-grid-stop-download-body","$v":"Вы хотите остановить процесс загрузки?"},{"$i":"gaia-grid-stop-download-action","$v":"Остановить"},{"$i":"gaia-grid-resume-download-title","$v":"Перезапуск загрузки"},{"$i":"gaia-grid-resume-download-body","$v":["Вы хотите загрузить ",{"t":"idOrVar","v":"name"},"?"]},{"$i":"gaia-grid-resume-download-action","$v":"Загрузить"},{"$i":"gaia-grid-cancel","$v":"Отмена"},{"$i":"gaia-grid-toggle-collapsed","ariaLabel":"Expand group"},{"$i":"gaia-grid-toggle-expanded","ariaLabel":"Collapse group"},{"$i":"gaia-grid-enter-group-name","$v":"Введите имя группы"}]