[{"$i":"install-marketplace-title","$v":["Nainštalovať ",{"t":"idOrVar","v":"title"}]},{"$i":"history","$v":"HISTÓRIA"},{"$i":"top-sites","$v":"TOP STRÁNKY"},{"$i":"suggestions","ariaLabel":"Návrhy"},{"$i":"contacts","ariaLabel":"Kontakty"},{"$i":"places","ariaLabel":"Miesta"},{"$i":"apps","ariaLabel":"Aplikácie"},{"$i":"suggestions-settings-notice","innerHTML":"Návrhy vyhľadávania sú povolené. Znaky zadané do vyhľadávania sú okamžite odosielané vyhľadávaciemu modulu. Funkciu návrhov vyhľadávania môžete vypnúť v <span id=\"settings-link\">Nastaveniach</span> zariadenia."},{"$i":"ok","$v":"OK"},{"$i":"add-to-home-screen","label":"Pridať na Úvodnú stránku"},{"$i":"offline-message","$v":"Žiadne pripojenie k sieti internet"},{"$i":"future","$v":"BUDÚCNOSŤ"},{"$i":"today","$v":"DNES"},{"$i":"yesterday","$v":"VČERA"},{"$i":"last-7-days","$v":"POSLEDNÝCH 7 DNÍ"},{"$i":"this-month","$v":"TENTO MESIAC"},{"$i":"last-6-months","$v":"POSLEDNÝCH 6 MESIACOV"},{"$i":"older-than-6-months","$v":"STARŠIE AKO 6 MESIACOV"},{"$i":"month-0","$v":"JANUÁR"},{"$i":"month-1","$v":"FEBRUÁR"},{"$i":"month-2","$v":"MAREC"},{"$i":"month-3","$v":"APRÍL"},{"$i":"month-4","$v":"MÁJ"},{"$i":"month-5","$v":"JÚN"},{"$i":"month-6","$v":"JÚL"},{"$i":"month-7","$v":"AUGUST"},{"$i":"month-8","$v":"SEPTEMBER"},{"$i":"month-9","$v":"OKTÓBER"},{"$i":"month-10","$v":"NOVEMBER"},{"$i":"month-11","$v":"DECEMBER"},{"$i":"search-header","$v":["VYHĽADÁVANIE ",{"t":"idOrVar","v":"provider"}]},{"$i":"private-window","$v":"Súkromné okno"},{"$i":"gaia-grid-stop-download-title","$v":["Zastaviť ",{"t":"idOrVar","v":"name"}]},{"$i":"gaia-grid-stop-download-body","$v":"Naozaj chcete zastaviť prebiehajúce preberanie?"},{"$i":"gaia-grid-stop-download-action","$v":"Zastaviť"},{"$i":"gaia-grid-resume-download-title","$v":"Reštartovanie preberania"},{"$i":"gaia-grid-resume-download-body","$v":["Chcete prevziať ",{"t":"idOrVar","v":"name"},"?"]},{"$i":"gaia-grid-resume-download-action","$v":"Prevziať"},{"$i":"gaia-grid-cancel","$v":"Zrušiť"},{"$i":"gaia-grid-toggle-collapsed","ariaLabel":"Rozbaliť skupinu"},{"$i":"gaia-grid-toggle-expanded","ariaLabel":"Zbaliť skupinu"},{"$i":"gaia-grid-enter-group-name","$v":"Zadajte názov skupiny"}]