[{"$i":"install-marketplace-title","$v":["Instaloni ",{"t":"idOrVar","v":"title"}]},{"$i":"history","$v":"HISTORIK"},{"$i":"top-sites","$v":"SAJTE KRYESUES"},{"$i":"suggestions","ariaLabel":"Sugjerime"},{"$i":"contacts","ariaLabel":"Kontakte"},{"$i":"places","ariaLabel":"Vende"},{"$i":"apps","ariaLabel":"Aplikacione"},{"$i":"suggestions-settings-notice","innerHTML":"Sugjerimet për kërkime janë të aktivizuara. Shenjat që shtypni kur jepni një term kërkimi, i dërgohen motorit të kërkimeve. Sugjerimet për kërkimet mund t’i çaktivizoni te <span id=\"settings-link\">Rregullimet</span> e pajisjes."},{"$i":"ok","$v":"OK"},{"$i":"add-to-home-screen","label":"Shtoje te Kreu"},{"$i":"offline-message","$v":"Pa Lidhje Internet"},{"$i":"future","$v":"NË TË ARDHMEN"},{"$i":"today","$v":"SOT"},{"$i":"yesterday","$v":"DJE"},{"$i":"last-7-days","$v":"7 DITËT E FUNDIT"},{"$i":"this-month","$v":"KËTË MUAJ"},{"$i":"last-6-months","$v":"6 MUAJT E FUNDIT"},{"$i":"older-than-6-months","$v":"MË HERËT SE 6 MUAJ"},{"$i":"month-0","$v":"JANAR"},{"$i":"month-1","$v":"SHKURT"},{"$i":"month-2","$v":"MARS"},{"$i":"month-3","$v":"PRILL"},{"$i":"month-4","$v":"MAJ"},{"$i":"month-5","$v":"QERSHOR"},{"$i":"month-6","$v":"KORRIK"},{"$i":"month-7","$v":"GUSHT"},{"$i":"month-8","$v":"SHTATOR"},{"$i":"month-9","$v":"TETOR"},{"$i":"month-10","$v":"NËNTOR"},{"$i":"month-11","$v":"DHJETOR"},{"$i":"search-header","$v":["KËRKIM ME ",{"t":"idOrVar","v":"provider"}]},{"$i":"private-window","$v":"Dritare Private"},{"$i":"gaia-grid-stop-download-title","$v":["Ndaleni ",{"t":"idOrVar","v":"name"}]},{"$i":"gaia-grid-stop-download-body","$v":"Doni të ndalet shkarkimi që po kryhet?"},{"$i":"gaia-grid-stop-download-action","$v":"Ndale"},{"$i":"gaia-grid-resume-download-title","$v":"Rinisni Shkarkimin"},{"$i":"gaia-grid-resume-download-body","$v":["Doni të shkarkohet ",{"t":"idOrVar","v":"name"},"?"]},{"$i":"gaia-grid-resume-download-action","$v":"Shkarkoje"},{"$i":"gaia-grid-cancel","$v":"Anuloje"},{"$i":"gaia-grid-toggle-collapsed","ariaLabel":"Expand group"},{"$i":"gaia-grid-toggle-expanded","ariaLabel":"Collapse group"},{"$i":"gaia-grid-enter-group-name","$v":"Jepni emër grupi"}]