[{"$i":"install-marketplace-title","$v":["Инсталирај ",{"t":"idOrVar","v":"title"}]},{"$i":"history","$v":"ИСТОРИЈА"},{"$i":"top-sites","$v":"ПОПУЛАРНИ САЈТОВИ"},{"$i":"suggestions","ariaLabel":"Предлози"},{"$i":"contacts","ariaLabel":"Контакти"},{"$i":"places","ariaLabel":"Места"},{"$i":"apps","ariaLabel":"Апликације"},{"$i":"suggestions-settings-notice","innerHTML":"Предлози претраге су омогућени. Карактери које куцате се шаљу претраживачима. Можете онемогућити предлоге претраге у <span id=\"settings-link\">Поставкама</span> уређаја."},{"$i":"ok","$v":"У реду"},{"$i":"add-to-home-screen","label":"Додај на почетни екран"},{"$i":"offline-message","$v":"Нема интернет конекције"},{"$i":"future","$v":"БУДУЋНОСТ"},{"$i":"today","$v":"ДАНАС"},{"$i":"yesterday","$v":"ЈУЧЕ"},{"$i":"last-7-days","$v":"ПОСЛЕДЊИХ 7 ДАНА"},{"$i":"this-month","$v":"ОВАЈ МЕСЕЦ"},{"$i":"last-6-months","$v":"ПОСЛЕДЊИХ 6 МЕСЕЦИ"},{"$i":"older-than-6-months","$v":"СТАРИЈЕ ОД 6 МЕСЕЦА"},{"$i":"month-0","$v":"ЈАНУАР"},{"$i":"month-1","$v":"ФЕБРУАР"},{"$i":"month-2","$v":"МАРТ"},{"$i":"month-3","$v":"АПРИЛ"},{"$i":"month-4","$v":"МАЈ"},{"$i":"month-5","$v":"ЈУН"},{"$i":"month-6","$v":"ЈУЛ"},{"$i":"month-7","$v":"АВГУСТ"},{"$i":"month-8","$v":"СЕПТЕМБАР"},{"$i":"month-9","$v":"ОКТОБАР"},{"$i":"month-10","$v":"НОВЕМБАР"},{"$i":"month-11","$v":"ДЕЦЕМБАР"},{"$i":"search-header","$v":[{"t":"idOrVar","v":"provider"}," ПРЕТРАГА"]},{"$i":"private-window","$v":"Приватни прозор"},{"$i":"gaia-grid-stop-download-title","$v":["Заустави ",{"t":"idOrVar","v":"name"}]},{"$i":"gaia-grid-stop-download-body","$v":"Да ли желите да зауставите преузимање?"},{"$i":"gaia-grid-stop-download-action","$v":"Заустави"},{"$i":"gaia-grid-resume-download-title","$v":"Рестартуј преузимање"},{"$i":"gaia-grid-resume-download-body","$v":["Да ли желите да преузмете ",{"t":"idOrVar","v":"name"},"?"]},{"$i":"gaia-grid-resume-download-action","$v":"Преузми"},{"$i":"gaia-grid-cancel","$v":"Откажи"},{"$i":"gaia-grid-toggle-collapsed","ariaLabel":"Expand group"},{"$i":"gaia-grid-toggle-expanded","ariaLabel":"Collapse group"},{"$i":"gaia-grid-enter-group-name","$v":"Унесите име групе"}]