[{"$i":"install-marketplace-title","$v":["Instaliraj ",{"t":"idOrVar","v":"title"}]},{"$i":"history","$v":"ISTORIJA"},{"$i":"top-sites","$v":"POPULARNI SAJTOVI"},{"$i":"suggestions","ariaLabel":"Predlozi"},{"$i":"contacts","ariaLabel":"Kontakti"},{"$i":"places","ariaLabel":"Mesta"},{"$i":"apps","ariaLabel":"Aplikacije"},{"$i":"suggestions-settings-notice","innerHTML":"Predlozi pretrage su omogućeni. Karakteri koje kucate se šalju pretraživačima. Možete onemogućiti predloge pretrage u <span id=\"settings-link\">Postavkama</span> uređaja."},{"$i":"ok","$v":"U redu"},{"$i":"add-to-home-screen","label":"Dodaj na početni ekran"},{"$i":"offline-message","$v":"Nema internet konekcije"},{"$i":"future","$v":"BUDUĆNOST"},{"$i":"today","$v":"DANAS"},{"$i":"yesterday","$v":"JUČE"},{"$i":"last-7-days","$v":"POSLEDNJIH 7 DANA"},{"$i":"this-month","$v":"OVAJ MESEC"},{"$i":"last-6-months","$v":"POSLEDNJIH 6 MESECI"},{"$i":"older-than-6-months","$v":"STARIJE OD 6 MESECA"},{"$i":"month-0","$v":"JANUAR"},{"$i":"month-1","$v":"FEBRUAR"},{"$i":"month-2","$v":"MART"},{"$i":"month-3","$v":"APRIL"},{"$i":"month-4","$v":"MAJ"},{"$i":"month-5","$v":"JUN"},{"$i":"month-6","$v":"JUL"},{"$i":"month-7","$v":"AVGUST"},{"$i":"month-8","$v":"SEPTEMBAR"},{"$i":"month-9","$v":"OKTOBAR"},{"$i":"month-10","$v":"NOVEMBAR"},{"$i":"month-11","$v":"DECEMBAR"},{"$i":"search-header","$v":[{"t":"idOrVar","v":"provider"}," PRETRAGA"]},{"$i":"private-window","$v":"Privatni prozor"},{"$i":"gaia-grid-stop-download-title","$v":["Zaustavi ",{"t":"idOrVar","v":"name"}]},{"$i":"gaia-grid-stop-download-body","$v":"Da li želite da zaustavite preuzimanje?"},{"$i":"gaia-grid-stop-download-action","$v":"Zaustavi"},{"$i":"gaia-grid-resume-download-title","$v":"Restartuj preuzimanje"},{"$i":"gaia-grid-resume-download-body","$v":["Da li želite da preuzmete ",{"t":"idOrVar","v":"name"},"?"]},{"$i":"gaia-grid-resume-download-action","$v":"Preuzmi"},{"$i":"gaia-grid-cancel","$v":"Otkaži"},{"$i":"gaia-grid-toggle-collapsed","ariaLabel":"Expand group"},{"$i":"gaia-grid-toggle-expanded","ariaLabel":"Collapse group"},{"$i":"gaia-grid-enter-group-name","$v":"Unesite ime grupe"}]