[{"$i":"install-marketplace-title","$v":["Installera ",{"t":"idOrVar","v":"title"}]},{"$i":"history","$v":"HISTORIK"},{"$i":"top-sites","$v":"POPULÄRA WEBBPLATSER"},{"$i":"suggestions","ariaLabel":"Förslag"},{"$i":"contacts","ariaLabel":"Kontakter"},{"$i":"places","ariaLabel":"Platser"},{"$i":"apps","ariaLabel":"Appar"},{"$i":"suggestions-settings-notice","innerHTML":"Sökförslag är aktiverade. De tecken du skriver i en sökning skickas till sökmotorn. Du kan inaktivera sökförslag i <span id=\"settings-link\">enhetsinställningarna</span>."},{"$i":"ok","$v":"OK"},{"$i":"add-to-home-screen","label":"Lägg till på hemskärmen"},{"$i":"offline-message","$v":"Ingen internetanslutning"},{"$i":"future","$v":"FRAMTIDEN"},{"$i":"today","$v":"IDAG"},{"$i":"yesterday","$v":"IGÅR"},{"$i":"last-7-days","$v":"SENASTE 7 DAGARNA"},{"$i":"this-month","$v":"DENNA MÅNAD"},{"$i":"last-6-months","$v":"SENASTE 6 MÅNADERNA"},{"$i":"older-than-6-months","$v":"ÄLDRE ÄN 6 MÅNADER"},{"$i":"month-0","$v":"JANUARI"},{"$i":"month-1","$v":"FEBRUARI"},{"$i":"month-2","$v":"MARS"},{"$i":"month-3","$v":"APRIL"},{"$i":"month-4","$v":"MAJ"},{"$i":"month-5","$v":"JUNI"},{"$i":"month-6","$v":"JULI"},{"$i":"month-7","$v":"AUGUSTI"},{"$i":"month-8","$v":"SEPTEMBER"},{"$i":"month-9","$v":"OKTOBER"},{"$i":"month-10","$v":"NOVEMBER"},{"$i":"month-11","$v":"DECEMBER"},{"$i":"search-header","$v":[{"t":"idOrVar","v":"provider"}," SÖK"]},{"$i":"private-window","$v":"Privat fönster"},{"$i":"gaia-grid-stop-download-title","$v":["Avbryt ",{"t":"idOrVar","v":"name"}]},{"$i":"gaia-grid-stop-download-body","$v":"Vill du avbryta pågående nedladdning??"},{"$i":"gaia-grid-stop-download-action","$v":"Avbryt"},{"$i":"gaia-grid-resume-download-title","$v":"Återuppta nedladdning"},{"$i":"gaia-grid-resume-download-body","$v":["Vill du hämta ",{"t":"idOrVar","v":"name"},"?"]},{"$i":"gaia-grid-resume-download-action","$v":"Hämta"},{"$i":"gaia-grid-cancel","$v":"Avbryt"},{"$i":"gaia-grid-toggle-collapsed","ariaLabel":"Expand group"},{"$i":"gaia-grid-toggle-expanded","ariaLabel":"Collapse group"},{"$i":"gaia-grid-enter-group-name","$v":"Ange ett gruppnamn"}]