[{"$i":"install-marketplace-title","$v":[{"t":"idOrVar","v":"title"}," uygulamasını yükle"]},{"$i":"history","$v":"GEÇMİŞ"},{"$i":"top-sites","$v":"EN İYİ SİTELER"},{"$i":"suggestions","ariaLabel":"Öneriler"},{"$i":"contacts","ariaLabel":"Kişiler"},{"$i":"places","ariaLabel":"Yerler"},{"$i":"apps","ariaLabel":"Uygulamalar"},{"$i":"suggestions-settings-notice","innerHTML":"Search suggestions are enabled. The characters you type when entering a search are being sent to the search engine. You can disable search suggestions in the device <span id=\"settings-link\">Settings</span>."},{"$i":"ok","$v":"Tamam"},{"$i":"add-to-home-screen","label":"Ana ekrana ekle"},{"$i":"offline-message","$v":"İnternet bağlantısı yok"},{"$i":"future","$v":"GELECEK"},{"$i":"today","$v":"BUGÜN"},{"$i":"yesterday","$v":"DÜN"},{"$i":"last-7-days","$v":"SON 7 GÜN"},{"$i":"this-month","$v":"BU AY"},{"$i":"last-6-months","$v":"SON 6 AY"},{"$i":"older-than-6-months","$v":"6 AYDAN ESKİ"},{"$i":"month-0","$v":"OCAK"},{"$i":"month-1","$v":"ŞUBAT"},{"$i":"month-2","$v":"MART"},{"$i":"month-3","$v":"NİSAN"},{"$i":"month-4","$v":"MAYIS"},{"$i":"month-5","$v":"HAZİRAN"},{"$i":"month-6","$v":"TEMMUZ"},{"$i":"month-7","$v":"AĞUSTOS"},{"$i":"month-8","$v":"EYLÜL"},{"$i":"month-9","$v":"EKİM"},{"$i":"month-10","$v":"KASIM"},{"$i":"month-11","$v":"ARALIK"},{"$i":"search-header","$v":[{"t":"idOrVar","v":"provider"}," SEARCH"]},{"$i":"private-window","$v":"Private Window"},{"$i":"gaia-grid-stop-download-title","$v":[{"t":"idOrVar","v":"name"}," indirmesini durdur"]},{"$i":"gaia-grid-stop-download-body","$v":"Devam eden indirmeyi durdurmak istiyor musunuz?"},{"$i":"gaia-grid-stop-download-action","$v":"Durdur"},{"$i":"gaia-grid-resume-download-title","$v":"İndirmeyi yeniden başlat"},{"$i":"gaia-grid-resume-download-body","$v":[{"t":"idOrVar","v":"name"}," indirilsin mi?"]},{"$i":"gaia-grid-resume-download-action","$v":"İndir"},{"$i":"gaia-grid-cancel","$v":"İptal"},{"$i":"gaia-grid-toggle-collapsed","ariaLabel":"Expand group"},{"$i":"gaia-grid-toggle-expanded","ariaLabel":"Collapse group"},{"$i":"gaia-grid-enter-group-name","$v":"Bir grup adı girin"}]