[{"$i":"install-marketplace-title","$v":["安装 ",{"t":"idOrVar","v":"title"}]},{"$i":"history","$v":"历史"},{"$i":"top-sites","$v":"热门站点"},{"$i":"suggestions","ariaLabel":"建议"},{"$i":"contacts","ariaLabel":"联系人"},{"$i":"places","ariaLabel":"足迹"},{"$i":"apps","ariaLabel":"应用"},{"$i":"suggestions-settings-notice","innerHTML":"Search suggestions are enabled. The characters you type when entering a search are being sent to the search engine. You can disable search suggestions in the device <span id=\"settings-link\">Settings</span>."},{"$i":"ok","$v":"确定"},{"$i":"add-to-home-screen","label":"添加到主屏幕"},{"$i":"offline-message","$v":"没有互联网连接"},{"$i":"future","$v":"未来"},{"$i":"today","$v":"今天"},{"$i":"yesterday","$v":"昨天"},{"$i":"last-7-days","$v":"最近 7 天"},{"$i":"this-month","$v":"本月"},{"$i":"last-6-months","$v":"最近 6 个月"},{"$i":"older-than-6-months","$v":"早于 6 个月"},{"$i":"month-0","$v":"一月"},{"$i":"month-1","$v":"二月"},{"$i":"month-2","$v":"三月"},{"$i":"month-3","$v":"四月"},{"$i":"month-4","$v":"五月"},{"$i":"month-5","$v":"六月"},{"$i":"month-6","$v":"七月"},{"$i":"month-7","$v":"八月"},{"$i":"month-8","$v":"九月"},{"$i":"month-9","$v":"十月"},{"$i":"month-10","$v":"十一月"},{"$i":"month-11","$v":"十二月"},{"$i":"search-header","$v":[{"t":"idOrVar","v":"provider"}," SEARCH"]},{"$i":"private-window","$v":"Private Window"},{"$i":"gaia-grid-stop-download-title","$v":["停止 ",{"t":"idOrVar","v":"name"}]},{"$i":"gaia-grid-stop-download-body","$v":"您确定要停止正在进行的下载吗？"},{"$i":"gaia-grid-stop-download-action","$v":"停止"},{"$i":"gaia-grid-resume-download-title","$v":"重新开始下载"},{"$i":"gaia-grid-resume-download-body","$v":["你是否想下载 ",{"t":"idOrVar","v":"name"}," ？"]},{"$i":"gaia-grid-resume-download-action","$v":"下载"},{"$i":"gaia-grid-cancel","$v":"取消"},{"$i":"gaia-grid-toggle-collapsed","ariaLabel":"Expand group"},{"$i":"gaia-grid-toggle-expanded","ariaLabel":"Collapse group"},{"$i":"gaia-grid-enter-group-name","$v":"请输入一个分组名称"}]