[{"$i":"install-marketplace-title","$v":["安裝 ",{"t":"idOrVar","v":"title"}]},{"$i":"history","$v":"歷史"},{"$i":"top-sites","$v":"最常瀏覽"},{"$i":"suggestions","ariaLabel":"建議"},{"$i":"contacts","ariaLabel":"聯絡人"},{"$i":"places","ariaLabel":"位置"},{"$i":"apps","ariaLabel":"應用程式"},{"$i":"suggestions-settings-notice","innerHTML":"已開啟搜尋建議功能。您搜尋時輸入的文字將被傳送至搜尋引擎，您可以到裝置 <span id=\"settings-link\">設定</span> 關閉此功能。"},{"$i":"ok","$v":"確定"},{"$i":"add-to-home-screen","label":"新增至裝置主畫面"},{"$i":"offline-message","$v":"沒有網路連線"},{"$i":"future","$v":"未來"},{"$i":"today","$v":"今天"},{"$i":"yesterday","$v":"昨天"},{"$i":"last-7-days","$v":"最近 7 天"},{"$i":"this-month","$v":"這個月"},{"$i":"last-6-months","$v":"最近 6 個月"},{"$i":"older-than-6-months","$v":"超過 6 個月前"},{"$i":"month-0","$v":"一月"},{"$i":"month-1","$v":"二月"},{"$i":"month-2","$v":"三月"},{"$i":"month-3","$v":"四月"},{"$i":"month-4","$v":"五月"},{"$i":"month-5","$v":"六月"},{"$i":"month-6","$v":"七月"},{"$i":"month-7","$v":"八月"},{"$i":"month-8","$v":"九月"},{"$i":"month-9","$v":"十月"},{"$i":"month-10","$v":"十一月"},{"$i":"month-11","$v":"十二月"},{"$i":"search-header","$v":[{"t":"idOrVar","v":"provider"}," 搜尋"]},{"$i":"private-window","$v":"隱私視窗"},{"$i":"gaia-grid-stop-download-title","$v":["停止 ",{"t":"idOrVar","v":"name"}]},{"$i":"gaia-grid-stop-download-body","$v":"您想要停止正在進行中的下載嗎？"},{"$i":"gaia-grid-stop-download-action","$v":"停止"},{"$i":"gaia-grid-resume-download-title","$v":"重新開始下載"},{"$i":"gaia-grid-resume-download-body","$v":["想要下載 ",{"t":"idOrVar","v":"name"}," 嗎？"]},{"$i":"gaia-grid-resume-download-action","$v":"下載"},{"$i":"gaia-grid-cancel","$v":"取消"},{"$i":"gaia-grid-toggle-collapsed","ariaLabel":"展開群組"},{"$i":"gaia-grid-toggle-expanded","ariaLabel":"摺疊群組"},{"$i":"gaia-grid-enter-group-name","$v":"輸入群組名稱"}]