[{"$i":"topup-confirmation-title2","$v":"Трафик"},{"$i":"topup-confirmation-message","$v":"Потвърдено презареждане"},{"$i":"topup-incorrectcode-title2","$v":"Трафик"},{"$i":"topup-incorrectcode-message3","$v":"Грешен код за презареждане."},{"$i":"updating","$v":"Обновяване"},{"$i":"updating-ellipsis","$v":"Обновяване…"},{"$i":"yesterday","$v":"Вчера"},{"$i":"today","$v":"Днес"},{"$i":"never","$v":"Никога"},{"$i":"magnitude","$v":[{"t":"idOrVar","v":"value"}," ",{"t":"idOrVar","v":"unit"}]},{"$i":"currency","$v":[{"t":"idOrVar","v":"currency"},{"t":"idOrVar","v":"value"}]},{"$i":"widget","$v":"Джаджа за трафик"},{"$i":"widget-authed-sim-heading","$v":["Сложена е нова SIM карта от ",{"t":"idOrVar","v":"provider"}]},{"$i":"widget-authed-sim-meta","$v":"Докоснете, за преглед на трафика на Интернет и телефония."},{"$i":"widget-nonauthed-sim-heading","$v":"Сложена е нова SIM карта"},{"$i":"widget-nonauthed-sim-meta","$v":"Докоснете за преглед на Интернет трафика."},{"$i":"widget-airplane-mode-heading","$v":"Самолетен режим"},{"$i":"widget-airplane-mode-meta","$v":"Трафик работи при изключен самолетен режим."},{"$i":"widget-no-sim2-heading","$v":"Липсва SIM карта"},{"$i":"widget-no-sim2-meta","$v":"Поставете SIM карта, за да включите Трафик."},{"$i":"widget-sim-locked-heading","$v":"Заключена SIM карта"},{"$i":"widget-sim-locked-meta","$v":"Отключете я, за да включите Трафик."},{"$i":"widget-unknown-heading","$v":"Грешка"},{"$i":"widget-unknown-meta","$v":"Моля, убедете се че самолетния режим е изключен."},{"$i":"fte","$v":"Първи стъпки в Трафик"},{"$i":"fte-authed-sim","$v":"Спестете пари, като следите потреблението на телефон и Интернет трафик."},{"$i":"fte-nonauthed-sim","$v":"Спестете пари, като следите потреблението на Интернет трафик."},{"$i":"fte-no-sim","$v":"Получете ясна информация, за това колко трафик използвате."},{"$i":"fte-sim-info2","$v":"Информацията показана в Трафик идва директно от устройството. Свържете се с вашия мобилен оператор за подробна информация."},{"$i":"fte-plantype-title","$v":"Тип договор"},{"$i":"fte-plantype-hint","$v":"Изберете типа договор, който имате с мобилния оператор."},{"$i":"fte-prepaid2-title","$v":"Предупреждение за нисък баланс"},{"$i":"fte-prepaid2-hint","$v":"Настройте известие, за да избегнете изчерпването на сметката."},{"$i":"fte-prepaid3-title","$v":"Отчет за данни и предупреждение"},{"$i":"fte-prepaid3-hint","$v":"Получавайте отчет за използването на Интернет и задайте предупреждение, за да избегнете прекалено използване."},{"$i":"fte-postpaid2-title","$v":"Телефон и отчет за данни"},{"$i":"fte-postpaid2-hint","$v":"Получавайте отчети за използването своя телефон и Интернет."},{"$i":"fte-postpaid3-title","$v":"Използване на данни"},{"$i":"fte-postpaid3-hint","$v":"Настройте известие, за да избегнете използването на прекалено много данни."},{"$i":"fte-onlydata2-title","$v":"Отчет за данни"},{"$i":"fte-onlydata2-hint","$v":"Получавайте отчет за своето Интернет потребление."},{"$i":"fte-onlydata3-title","$v":"Предупреждение"},{"$i":"fte-onlydata3-hint","$v":"Настройте известие, за да избегнете използването на прекалено много данни."},{"$i":"phone-activity","$v":"Телефонна активност"},{"$i":"balance","$v":"Баланс"},{"$i":"on-roaming-message2","$v":"Роуминг: липсва автоматично обновление на баланса. Може да бъдете таксуван, за ръчно обновление."},{"$i":"balance-error-message2","$v":"Балансът не беше обновен правилно. Опитайте ръчно обновление."},{"$i":"airplane-mode-error-message2","$v":"Изключете самолетния режим, за да обновите своя баланс или да презаредите."},{"$i":"disable-airplane-mode","$v":"Искате ли да изключите самолетния режим, за да обновите своя баланс или да презаредите?"},{"$i":"no-coverage-error-message2","$v":"Имате нужда от обхват, за да обновите своя баланс или да презаредите."},{"$i":"top-up","$v":"Презареждане"},{"$i":"enter-top-up-code","$v":"Въведете кода за презареждане"},{"$i":"top-up-code-explanation2","$v":"Намерете го на скреч картата или върху касовата бележка."},{"$i":"wait-for-confirmation","$v":"Ще получите потвърждение"},{"$i":"incorrect-code2","$v":"Проверете кода и опитайте отново."},{"$i":"topup-error2","$v":"Възникна проблем при изпращането на кода. Моля, опитайте отново."},{"$i":"application-error-title","$v":"Услугата е недостъпна"},{"$i":"application-error-message","$v":"Свържете се с оператора"},{"$i":"service-unavailable-title","$v":"Услугата е недостъпна"},{"$i":"service-unavailable-message","$v":"В момента не е възможно обновление или презареждане. Моля, опитайте по-късно."},{"$i":"data-usage","$v":"Използван трафик"},{"$i":"update-button","$v":"Обновление"},{"$i":"topup-button2","$v":"Използване на код за презареждане"},{"$i":"topup-ussd-button2","$v":"Отваряне на меню за презареждане"},{"$i":"ok","$v":"Добре"},{"$i":"top-up-in-progress2","$v":"В момента се осъществява презареждането."},{"$i":"top-up-timed-out2","$v":"Обновете баланса си, за да потвърдите. Ако балансът е непроменен, опитайте да презаредите отново."},{"$i":"on-topup-not-confirmed-title","$v":"Презареждането не е потвърдено"},{"$i":"on-topup-not-confirmed-message","$v":"Опитайте да обновите баланса си или повторете презареждането."},{"$i":"send","$v":"изпращане"},{"$i":"plantype-setup-title","$v":"Моят абонамент за телефона е"},{"$i":"prepaid","$v":"Предплатен"},{"$i":"postpaid","$v":"С договор"},{"$i":"phoneactivity","$v":"Телефонна активност"},{"$i":"short-date-format","$v":"%e %b"},{"$i":"long-date-format","$v":"%e %B %Y г."},{"$i":"sms-sent","$v":"Изпратени SMS-и"},{"$i":"call-made","$v":"Направени обаждания"},{"$i":"settings","$v":"Настройки"},{"$i":"low-balance-alert","$v":"Предупреждение за нисък баланс"},{"$i":"low-balance-explanation2","$v":"Когато балансът е под"},{"$i":"phone-and-internet-data-report","$v":"Телефонен и Интернет отчет за данни"},{"$i":"internet-data-report","$v":"Отчет мобилни данни"},{"$i":"starting-on","$v":"Започва на"},{"$i":"cancel","$v":"Отказ"},{"$i":"monthly","$v":"Месечно"},{"$i":"weekly","$v":"Седмично"},{"$i":"monday","$v":"Понеделник"},{"$i":"tuesday","$v":"Вторник"},{"$i":"wednesday","$v":"Сряда"},{"$i":"thursday","$v":"Четвъртък"},{"$i":"friday","$v":"Петък"},{"$i":"saturday","$v":"Събота"},{"$i":"sunday","$v":"Неделя"},{"$i":"billing-cycle-ends","$v":"Периодът на таксуване приключва"},{"$i":"tracking-will-reset","$v":"Следенето ще се нулира на тази дата"},{"$i":"yes","$v":"Да"},{"$i":"done","$v":"Готово"},{"$i":"confirmation","$v":"Потвърждение"},{"$i":"reset-wifi-confirmation-warning","$v":["Текущият ви Wi-Fi трафик е ",{"t":"idOrVar","v":"wifiData"},". Изчистване?"]},{"$i":"reset-mobile-confirmation-warning","$v":["Текущият ви мобилен трафик е ",{"t":"idOrVar","v":"mobileData"},". Изчистване?"]},{"$i":"reset-all-confirmation-warning","$v":["Текущият ви трафик е ",{"t":"idOrVar","v":"mobileData"}," мобилен и ",{"t":"idOrVar","v":"wifiData"}," Wi-Fi. Изчистване?"]},{"$i":"reset-telephony-confirmation-warning","$v":"Настоящите данни ще бъдат изтрити. Сигурни ли сте, че искате да нулирате?"},{"$i":"reset","$v":"Нулиране"},{"$i":"reset-wifi","$v":"Нулиране на Wi-Fi потребление"},{"$i":"reset-mobile","$v":"Нулиране на мобилни данни"},{"$i":"reset-all","$v":"Нулиране на мобилни и Wi-Fi данни"},{"$i":"not-set","$v":"Не е зададено"},{"$i":"used","$v":"Използвани"},{"$i":"limit-passed","$v":"Ограничение достигнато"},{"$i":"limit","$v":"Ограничение"},{"$i":"data-limit-header","$v":"Ограничаване"},{"$i":"data-limit-alert","$v":"Известие"},{"$i":"data-limit-value2","$v":"При използване над"},{"$i":"data-limit-dialog-title2","$v":"Изберете ограничение на мобилни данни"},{"$i":"data-limit-dialog-explanation2","$v":"Скоростта на трансфер намалява при достигане на ограничението. Проверете при оператор какво е то, за да е зададено правилно."},{"$i":"data-limit-input-label","ariaLabel":"Ограничение за данни"},{"$i":"wifi-usage","$v":"Wi-Fi трафик"},{"$i":"mobile-usage","$v":"Мобилен"},{"$i":"wifi-usage-settings","$v":"Wi-Fi трафик"},{"$i":"mobile-usage-settings","$v":"Мобилен"},{"$i":"im-prepaid","$v":"Предплатен"},{"$i":"im-postpaid","$v":"Договор"},{"$i":"reset-data-usage","$v":"Нулиране на потреблението на данни"},{"$i":"reset-report","$v":"Нулиране на отчет"},{"$i":"next","$v":"Напред"},{"$i":"back","$v":"Назад"},{"$i":"lets-go","$v":"Напред!"},{"$i":"alert","$v":"Предупреждение"},{"$i":"alert-limit","$v":"Предупреждение за ограничение"},{"$i":"fte-welcome-title","$v":"Добре дошли"},{"$i":"data-limit-notification-title2","$v":[{"t":"idOrVar","v":"limit"}," използвани данни"]},{"$i":"data-limit-notification-text2","$v":"Достигнахте ограничението"},{"$i":"low-balance-notification-title","$v":"Нисък баланс"},{"$i":"low-balance-notification-text","$v":[{"t":"idOrVar","v":"remaining"}," оставащ кредит"]},{"$i":"zero-balance-message","$v":"Балансът достигна нула, няма повече кредит."},{"$i":"not-available","$v":"Не е наличен"},{"$i":"usage","$v":"Трафик"},{"$i":"internet","$v":"Интернет"},{"$i":"phone","$v":"Телефон"},{"$i":"loading-interface-data","$v":"Зареждане на интерфейсни данни. Моля опитайте пак по-късно."},{"$i":"data-limit","$v":["Ограничение на данни (",{"t":"idOrVar","v":"value"},")"]},{"$i":"data-available2","$v":{"zero":["оставащи ",{"t":"idOrVar","v":"value"}," ",{"t":"idOrVar","v":"unit"}],"one":["оставащ ",{"t":"idOrVar","v":"value"}," ",{"t":"idOrVar","v":"unit"}],"two":["оставащи ",{"t":"idOrVar","v":"value"}," ",{"t":"idOrVar","v":"unit"}],"few":["оставащи ",{"t":"idOrVar","v":"value"}," ",{"t":"idOrVar","v":"unit"}],"many":["оставащи ",{"t":"idOrVar","v":"value"}," ",{"t":"idOrVar","v":"unit"}],"other":["оставащи ",{"t":"idOrVar","v":"value"}," ",{"t":"idOrVar","v":"unit"}]},"$x":[{"t":"idOrVar","v":"plural"},"value"]},{"$i":"over-limit","$v":{"one":[{"t":"idOrVar","v":"value"}," ",{"t":"idOrVar","v":"unit"}," над ограничението"],"two":[{"t":"idOrVar","v":"value"}," ",{"t":"idOrVar","v":"unit"}," над ограничението"],"few":[{"t":"idOrVar","v":"value"}," ",{"t":"idOrVar","v":"unit"}," над ограничението"],"many":[{"t":"idOrVar","v":"value"}," ",{"t":"idOrVar","v":"unit"}," над ограничението"],"other":[{"t":"idOrVar","v":"value"}," ",{"t":"idOrVar","v":"unit"}," над ограничението"]},"$x":[{"t":"idOrVar","v":"plural"},"value"]},{"$i":"verbose-chart-date-format","$v":[{"t":"idOrVar","v":"em-month"}," ",{"t":"idOrVar","v":"monthday-number"}]},{"$i":"day-hour-format","$v":[{"t":"idOrVar","v":"day"},", ",{"t":"idOrVar","v":"time"}]},{"$i":"B","$v":"B"},{"$i":"KB","$v":"KB"},{"$i":"MB","$v":"МБ"},{"$i":"GB","$v":"ГБ"},{"$i":"unit-MB","ariaLabel":"МБ"},{"$i":"unit-GB","ariaLabel":"ГБ"},{"$i":"app-usage-list-header","$v":"Трафик от приложения"},{"$i":"app-usage-no-data","$v":"Все още не сте използвали мобилни данни. Трафикът на всяко приложение ще се показва тук."},{"$i":"data-used-since","$v":[{"t":"idOrVar","v":"amount"}," данни използвани от ",{"t":"idOrVar","v":"start-date"}]},{"$i":"data-used-this-week","$v":[{"t":"idOrVar","v":"amount"}," данни използвани тази седмица"]},{"$i":"data-used-this-month","$v":[{"t":"idOrVar","v":"amount"}," данни използвани този месец"]},{"$i":"data-usage-other-apps","$v":"Други"},{"$i":"data-usage-browser-app","$v":"Browser"},{"$i":"limit-layer-MB","ariaLabel":["Ограничение от ",{"t":"idOrVar","v":"value"}," МБ"]},{"$i":"limit-layer-GB","ariaLabel":["Ограничение от ",{"t":"idOrVar","v":"value"}," ГБ"]},{"$i":"warning-layer","ariaLabel":["оставащи ",{"t":"idOrVar","v":"value"}]},{"$i":"limit-exceeded-layer","ariaLabel":["Надхвърлено с ",{"t":"idOrVar","v":"value"}]},{"$i":"today-layer","ariaLabel":["Днес ",{"t":"idOrVar","v":"value"}]},{"$i":"axis-layer","ariaLabel":["От ",{"t":"idOrVar","v":"from"}," до ",{"t":"idOrVar","v":"to"}]},{"$i":"weekday-0-long","$v":"неделя"},{"$i":"weekday-1-long","$v":"понеделник"},{"$i":"weekday-2-long","$v":"вторник"},{"$i":"weekday-3-long","$v":"сряда"},{"$i":"weekday-4-long","$v":"четвъртък"},{"$i":"weekday-5-long","$v":"петък"},{"$i":"weekday-6-long","$v":"събота"},{"$i":"weekday-0-short","$v":"нед"},{"$i":"weekday-1-short","$v":"пон"},{"$i":"weekday-2-short","$v":"вто"},{"$i":"weekday-3-short","$v":"сря"},{"$i":"weekday-4-short","$v":"чет"},{"$i":"weekday-5-short","$v":"пет"},{"$i":"weekday-6-short","$v":"съб"},{"$i":"month-0-long","$v":"януари"},{"$i":"month-1-long","$v":"февруари"},{"$i":"month-2-long","$v":"мaрт"},{"$i":"month-3-long","$v":"април"},{"$i":"month-4-long","$v":"май"},{"$i":"month-5-long","$v":"юни"},{"$i":"month-6-long","$v":"юли"},{"$i":"month-7-long","$v":"август"},{"$i":"month-8-long","$v":"септември"},{"$i":"month-9-long","$v":"октомври"},{"$i":"month-10-long","$v":"ноември"},{"$i":"month-11-long","$v":"декември"},{"$i":"month-0-genitive","$v":"януари"},{"$i":"month-1-genitive","$v":"февруари"},{"$i":"month-2-genitive","$v":"мaрт"},{"$i":"month-3-genitive","$v":"април"},{"$i":"month-4-genitive","$v":"май"},{"$i":"month-5-genitive","$v":"юни"},{"$i":"month-6-genitive","$v":"юли"},{"$i":"month-7-genitive","$v":"август"},{"$i":"month-8-genitive","$v":"септември"},{"$i":"month-9-genitive","$v":"октомври"},{"$i":"month-10-genitive","$v":"ноември"},{"$i":"month-11-genitive","$v":"декември"},{"$i":"month-0-short","$v":"яну"},{"$i":"month-1-short","$v":"фев"},{"$i":"month-2-short","$v":"мар"},{"$i":"month-3-short","$v":"апр"},{"$i":"month-4-short","$v":"май"},{"$i":"month-5-short","$v":"юни"},{"$i":"month-6-short","$v":"юли"},{"$i":"month-7-short","$v":"авг"},{"$i":"month-8-short","$v":"сеп"},{"$i":"month-9-short","$v":"окт"},{"$i":"month-10-short","$v":"ное"},{"$i":"month-11-short","$v":"дек"},{"$i":"minutes-ago-long","$v":{"zero":"току-що","one":"преди минута","two":["преди ",{"t":"idOrVar","v":"value"}," минути"],"few":["преди ",{"t":"idOrVar","v":"value"}," минути"],"many":["преди ",{"t":"idOrVar","v":"value"}," минути"],"other":["преди ",{"t":"idOrVar","v":"value"}," минути"]},"$x":[{"t":"idOrVar","v":"plural"},"value"]},{"$i":"hours-ago-long","$v":{"zero":"току-що","one":"преди час","two":["преди ",{"t":"idOrVar","v":"value"}," часа"],"few":["преди ",{"t":"idOrVar","v":"value"}," часа"],"many":["преди ",{"t":"idOrVar","v":"value"}," часа"],"other":["преди ",{"t":"idOrVar","v":"value"}," часа"]},"$x":[{"t":"idOrVar","v":"plural"},"value"]},{"$i":"days-ago-long","$v":{"zero":"днес","one":"вчера","two":["преди ",{"t":"idOrVar","v":"value"}," дена"],"few":["преди ",{"t":"idOrVar","v":"value"}," дена"],"many":["преди ",{"t":"idOrVar","v":"value"}," дена"],"other":["преди ",{"t":"idOrVar","v":"value"}," дена"]},"$x":[{"t":"idOrVar","v":"plural"},"value"]},{"$i":"weeks-ago-long","$v":{"zero":"тази седмица","one":"миналата седмица","two":["преди ",{"t":"idOrVar","v":"value"}," седмици"],"few":["преди ",{"t":"idOrVar","v":"value"}," седмици"],"many":["преди ",{"t":"idOrVar","v":"value"}," седмици"],"other":["преди ",{"t":"idOrVar","v":"value"}," седмици"]},"$x":[{"t":"idOrVar","v":"plural"},"value"]},{"$i":"months-ago-long","$v":{"zero":"този месец","one":"миналия месец","two":["преди ",{"t":"idOrVar","v":"value"}," месеца"],"few":["преди ",{"t":"idOrVar","v":"value"}," месеца"],"many":["преди ",{"t":"idOrVar","v":"value"}," месеца"],"other":["преди ",{"t":"idOrVar","v":"value"}," месеца"]},"$x":[{"t":"idOrVar","v":"plural"},"value"]},{"$i":"years-ago-long","$v":{"zero":"тази година","one":"миналата година","two":["преди ",{"t":"idOrVar","v":"value"}," години"],"few":["преди ",{"t":"idOrVar","v":"value"}," години"],"many":["преди ",{"t":"idOrVar","v":"value"}," години"],"other":["преди ",{"t":"idOrVar","v":"value"}," години"]},"$x":[{"t":"idOrVar","v":"plural"},"value"]},{"$i":"minutes-until-long","$v":{"zero":"сега","one":"до една минута","two":["след ",{"t":"idOrVar","v":"value"}," минути"],"few":["след ",{"t":"idOrVar","v":"value"}," минути"],"many":["след ",{"t":"idOrVar","v":"value"}," минути"],"other":["след ",{"t":"idOrVar","v":"value"}," минути"]},"$x":[{"t":"idOrVar","v":"plural"},"value"]},{"$i":"hours-until-long","$v":{"zero":"сега","one":"до един час","two":["след ",{"t":"idOrVar","v":"value"}," часа"],"few":["след ",{"t":"idOrVar","v":"value"}," часа"],"many":["след ",{"t":"idOrVar","v":"value"}," часа"],"other":["след ",{"t":"idOrVar","v":"value"}," часа"]},"$x":[{"t":"idOrVar","v":"plural"},"value"]},{"$i":"days-until-long","$v":{"zero":"днес","one":"утре","two":["след ",{"t":"idOrVar","v":"value"}," дена"],"few":["след ",{"t":"idOrVar","v":"value"}," дена"],"many":["след ",{"t":"idOrVar","v":"value"}," дена"],"other":["след ",{"t":"idOrVar","v":"value"}," дена"]},"$x":[{"t":"idOrVar","v":"plural"},"value"]},{"$i":"weeks-until-long","$v":{"zero":"тази седмица","one":"другата седмица","two":["след ",{"t":"idOrVar","v":"value"}," седмици"],"few":["след ",{"t":"idOrVar","v":"value"}," седмици"],"many":["след ",{"t":"idOrVar","v":"value"}," седмици"],"other":["след ",{"t":"idOrVar","v":"value"}," седмици"]},"$x":[{"t":"idOrVar","v":"plural"},"value"]},{"$i":"months-until-long","$v":{"zero":"този месец","one":"другия месец","two":["след ",{"t":"idOrVar","v":"value"}," месеца"],"few":["след ",{"t":"idOrVar","v":"value"}," месеца"],"many":["след ",{"t":"idOrVar","v":"value"}," месеца"],"other":["след ",{"t":"idOrVar","v":"value"}," месеца"]},"$x":[{"t":"idOrVar","v":"plural"},"value"]},{"$i":"years-until-long","$v":{"zero":"тази година","one":"следващата година","two":["след ",{"t":"idOrVar","v":"value"}," години"],"few":["след ",{"t":"idOrVar","v":"value"}," години"],"many":["след ",{"t":"idOrVar","v":"value"}," години"],"other":["след ",{"t":"idOrVar","v":"value"}," години"]},"$x":[{"t":"idOrVar","v":"plural"},"value"]},{"$i":"minutes-ago-short","$v":{"zero":"току-що","other":["преди ",{"t":"idOrVar","v":"value"},"м"]},"$x":[{"t":"idOrVar","v":"plural"},"value"]},{"$i":"hours-ago-short","$v":{"zero":"току-що","other":["преди ",{"t":"idOrVar","v":"value"},"ч"]},"$x":[{"t":"idOrVar","v":"plural"},"value"]},{"$i":"days-ago-short","$v":{"zero":"днес","other":["преди ",{"t":"idOrVar","v":"value"},"д"]},"$x":[{"t":"idOrVar","v":"plural"},"value"]},{"$i":"minutes-until-short","$v":{"zero":"сега","other":["след ",{"t":"idOrVar","v":"value"},"м"]},"$x":[{"t":"idOrVar","v":"plural"},"value"]},{"$i":"hours-until-short","$v":{"zero":"сега","other":["след ",{"t":"idOrVar","v":"value"},"ч"]},"$x":[{"t":"idOrVar","v":"plural"},"value"]},{"$i":"days-until-short","$v":{"zero":"днес","other":["след ",{"t":"idOrVar","v":"value"},"д"]},"$x":[{"t":"idOrVar","v":"plural"},"value"]},{"$i":"incorrectDate","$v":"(невалидна дата)"},{"$i":"dateTimeFormat_%c","$v":"%a, %e %b %Y %H:%M:%S"},{"$i":"dateTimeFormat_%x","$v":"%d.%m.%Y"},{"$i":"dateTimeFormat_%X","$v":"%H:%M:%S"},{"$i":"shortTimeFormat","$v":"%I:%M %p"},{"$i":"shortTimeFormat12","$v":"%I:%M %p"},{"$i":"shortTimeFormat24","$v":"%H:%M"},{"$i":"shortDateTimeFormat","$v":"%x %H:%M"},{"$i":"weekStartsOnMonday","$v":"1"},{"$i":"firstDayOfTheWeek","$v":"1"},{"$i":"time_am","$v":"пр.об."},{"$i":"time_pm","$v":"сл.об."}]