[{"$i":"topup-confirmation-title2","$v":"ব্যবহার"},{"$i":"topup-confirmation-message","$v":"রিচার্জ নিশ্চিৎ"},{"$i":"topup-incorrectcode-title2","$v":"ব্যবহার"},{"$i":"topup-incorrectcode-message3","$v":"ভুল টপ-আপ কোড দেওয়া হয়েছে।"},{"$i":"updating","$v":"হালনাগাদ করা হচ্ছে"},{"$i":"updating-ellipsis","$v":"হালনাগাদ করা হচ্ছে..."},{"$i":"yesterday","$v":"গতকাল"},{"$i":"today","$v":"আজ"},{"$i":"never","$v":"কখনো নয়"},{"$i":"magnitude","$v":[{"t":"idOrVar","v":"value"}," ",{"t":"idOrVar","v":"unit"}]},{"$i":"currency","$v":[{"t":"idOrVar","v":"currency"},{"t":"idOrVar","v":"value"}]},{"$i":"widget","$v":"ব্যবহার প্রদর্শনকারী উইজেট"},{"$i":"widget-authed-sim-heading","$v":[{"t":"idOrVar","v":"provider"}," সিম প্রবেশ করান হয়েছে"]},{"$i":"widget-authed-sim-meta","$v":"আপনার ফোন এবং ইন্টারনেট ব্যবহার ট্র্যাক করতে ট্যাপ করুন।"},{"$i":"widget-nonauthed-sim-heading","$v":"নতুন SIM প্রবেশ করানো হয়েছে"},{"$i":"widget-nonauthed-sim-meta","$v":"ইন্টারনেট ব্যবহার ট্র্যাক করতে ট্যাপ করুন।"},{"$i":"widget-airplane-mode-heading","$v":"এরোপ্লেন মোড"},{"$i":"widget-airplane-mode-meta","$v":"ব্যবহার সক্রিয় করতে দয়া করে এরোপ্লেন মোড বন্ধ করুন।"},{"$i":"widget-no-sim2-heading","$v":"কোন সিম ব্যবহার করা হয়নি"},{"$i":"widget-no-sim2-meta","$v":"ব্যবহার সক্রিয় করতে একটি সিম প্রবেশ করান।"},{"$i":"widget-sim-locked-heading","$v":"লকড সিম কার্ড"},{"$i":"widget-sim-locked-meta","$v":"ব্যবহার সক্রিয় করতে আপনার সিম আনলক করুন।"},{"$i":"widget-unknown-heading","$v":"Error"},{"$i":"widget-unknown-meta","$v":"Please, make sure airplane mode is off."},{"$i":"fte","$v":"প্রথম ব্যবহারের অভিজ্ঞতা"},{"$i":"fte-authed-sim","$v":"আপনার ফোন এবং ইন্টারনেট ব্যবহারের উপর নজর রেখে টাকা বাঁচান।"},{"$i":"fte-nonauthed-sim","$v":"আপনার ইন্টারনেট ব্যবহারের উপর নজর রেখে টাকা বাঁচান।"},{"$i":"fte-no-sim","$v":"আপনি কি পরিমাণ ইন্টারনেট ব্যবহার করছেন তার স্পষ্ট তথ্য লাভ করুন।"},{"$i":"fte-sim-info2","$v":"ফোন এবং ইন্টারনেট ব্যবহারের তথ্যগুলো এই ফোন থেকে নেওয়া হয়। অ্যাকাউন্টের বিস্তারিত তথ্যের জন্য মোবাইল অপারেটরের সাথে যোগাযোগ করুন।"},{"$i":"fte-plantype-title","$v":"চুক্তির ধরন"},{"$i":"fte-plantype-hint","$v":"মোবাইল সার্ভিস প্রোভাইডার এর সাথে আপনার চুক্তির ধরন নির্বাচন করুন।"},{"$i":"fte-prepaid2-title","$v":"নিম্ন ব্যালেন্স সতর্কতা"},{"$i":"fte-prepaid2-hint","$v":"ক্রেডিট হারানো এড়াতে একটি সতর্কতা সেট করুন।"},{"$i":"fte-prepaid3-title","$v":"ডাটা প্রতিবেদন ও সতর্কতা"},{"$i":"fte-prepaid3-hint","$v":"ইন্টারনেট ব্যবহার সম্পর্কিত প্রতিবেদন দেখুন এবং অত্যাধিক ব্যবহার এড়াতে একটি সতর্কতা সেট করুন।"},{"$i":"fte-postpaid2-title","$v":"ফোন ও ডাটা প্রতিবেদন"},{"$i":"fte-postpaid2-hint","$v":"আপনার ফোন ও ইন্টারনেট ব্যবহারের প্রতিবেদন গ্রহন করুন।"},{"$i":"fte-postpaid3-title","$v":"ডাটা সতর্কতা"},{"$i":"fte-postpaid3-hint","$v":"অত্যাধিক ডাটা ব্যবহার এড়াতে একটি সতর্কতা সেট করুন।"},{"$i":"fte-onlydata2-title","$v":"ডাটা প্রতিবেদন"},{"$i":"fte-onlydata2-hint","$v":"আপনার ইন্টারনেট ব্যবহারের প্রতিবেদন দেখুন।"},{"$i":"fte-onlydata3-title","$v":"ডাটা সতর্কতা"},{"$i":"fte-onlydata3-hint","$v":"অত্যাধিক ডাটা ব্যবহার এড়াতে একটি সতর্কতা সেট করুন।"},{"$i":"phone-activity","$v":"ফোন কার্যকারিতা"},{"$i":"balance","$v":"ব্যালেন্স"},{"$i":"on-roaming-message2","$v":"রোমিং: স্বয়ংক্রিয় ব্যালেন্স হালনাগাদ নাই। হাতে হালনাগাদ করার কারনে আপনাকে চার্জ করা হতে পারে।"},{"$i":"balance-error-message2","$v":"ব্যালেন্স সঠিকভাবে হালনাগাদ হয়নি। নিজহাতে হালনাগাদের চেষ্টা করুন।"},{"$i":"airplane-mode-error-message2","$v":"আপনার ব্যালেন্স বা টপ-আপ হালনাগাদ করতে এরোপ্লেন মোড বন্ধ করুন।"},{"$i":"disable-airplane-mode","$v":"হালনাগাদ বা টপ-আপ করতে আপনি কি এরোপ্লেন মোড নিস্ক্রিয় করতে চান?"},{"$i":"no-coverage-error-message2","$v":"আপনার ব্যালেন্স অথবা টপ আপ আপডেট করতে ফোনের কাভারেজ প্রয়োজন।"},{"$i":"top-up","$v":"টপ আপ"},{"$i":"enter-top-up-code","$v":"টপ-আপ কোড প্রবেশ করান"},{"$i":"top-up-code-explanation2","$v":"আপনার স্ক্র্যাচ কার্ড বা সরাসরি রসিদ থেকে এটি খুঁজে বের করুন।"},{"$i":"wait-for-confirmation","$v":"আপনি একটি নিশ্চিতকরণ বার্তা পাবেন"},{"$i":"incorrect-code2","$v":"সঠিক কোড নিশ্চিত করুন এবং পুনরায় চেষ্টা করুন।"},{"$i":"topup-error2","$v":"কোড প্রেরণে একটি সমস্যা হয়েছে। অনুগ্রহ করে, পুনরায় চেষ্টা করুন।"},{"$i":"application-error-title","$v":"সার্ভিস বিদ্যমান নয়"},{"$i":"application-error-message","$v":"আপনার কোম্পানির প্রতিনিধির সাথে যোগাযোগ করুন"},{"$i":"service-unavailable-title","$v":"সার্ভিস বিদ্যমান নয়"},{"$i":"service-unavailable-message","$v":"আপডেট বা টপ-আপ কোনটি এই মূহুর্তে সম্ভব নয়। অনুগ্রহ করে পরে চেষ্টা করুন।"},{"$i":"data-usage","$v":"ব্যবহৃত ডাটা"},{"$i":"update-button","$v":"হালনাগাদ"},{"$i":"topup-button2","$v":"টপ আপ কোড ব্যবহার করুন"},{"$i":"topup-ussd-button2","$v":"টপ আপ মেনু খুলুন"},{"$i":"ok","$v":"ঠিক আছে"},{"$i":"top-up-in-progress2","$v":"আপনার টপ আপ প্রক্রিয়াধীন আছে।"},{"$i":"top-up-timed-out2","$v":"নিশ্চিত হতে আপনার ব্যালেন্স হালনাগাদ করুন। যদি ব্যালেন্স অপরিবর্তিত থাকে, পুনরায় টপ-আপ করার চেষ্টা করুন।"},{"$i":"on-topup-not-confirmed-title","$v":"টপ-আপ নিশ্চিত হয়নি"},{"$i":"on-topup-not-confirmed-message","$v":"আপনার ব্যালেন্স হালনাগাদ করার চেষ্টা করুন অথবা আবার টপ-আপ করার চেষ্টা করুন।"},{"$i":"send","$v":"প্রেরণ করুন"},{"$i":"plantype-setup-title","$v":"আমার ফোন এবং ইন্টারনেট ব্যবহার পরিকল্পনা"},{"$i":"prepaid","$v":"প্রি-পেইড"},{"$i":"postpaid","$v":"পোস্ট-পেইড"},{"$i":"phoneactivity","$v":"ফোন কার্যকারিতা"},{"$i":"short-date-format","$v":"%b, %d"},{"$i":"long-date-format","$v":"%B %d, %Y"},{"$i":"sms-sent","$v":"বার্তা প্রেরণ"},{"$i":"call-made","$v":"কল করা হয়েছে"},{"$i":"settings","$v":"সেটিং"},{"$i":"low-balance-alert","$v":"নিম্ন ব্যালেন্স সতর্কতা"},{"$i":"low-balance-explanation2","$v":"যখন ব্যালেন্স স্বল্প"},{"$i":"phone-and-internet-data-report","$v":"ফোন ও ইন্টারনেট ডাটার প্রতিবেদন"},{"$i":"internet-data-report","$v":"ইন্টারনেট তথ্য প্রতিবেদন"},{"$i":"starting-on","$v":"শুরু হচ্ছে"},{"$i":"cancel","$v":"বাতিল"},{"$i":"monthly","$v":"মাসিক"},{"$i":"weekly","$v":"সাপ্তাহিক"},{"$i":"monday","$v":"সোমবার"},{"$i":"tuesday","$v":"মঙ্গলবার"},{"$i":"wednesday","$v":"বুধবার"},{"$i":"thursday","$v":"বুধবার"},{"$i":"friday","$v":"শুক্রবার"},{"$i":"saturday","$v":"শনিবার"},{"$i":"sunday","$v":"রবিবার"},{"$i":"billing-cycle-ends","$v":"বিলিং চক্র শেষ"},{"$i":"tracking-will-reset","$v":"ট্র্যাকিং এই তারিখে রিসেট হবে"},{"$i":"yes","$v":"হ্যাঁ"},{"$i":"done","$v":"সম্পন্ন"},{"$i":"confirmation","$v":"নিশ্চিতকরণ"},{"$i":"reset-wifi-confirmation-warning","$v":["Your current Wi-Fi data usage is ",{"t":"idOrVar","v":"wifiData"},". Clear it all?"]},{"$i":"reset-mobile-confirmation-warning","$v":["Your current mobile data usage is ",{"t":"idOrVar","v":"mobileData"},". Clear it all?"]},{"$i":"reset-all-confirmation-warning","$v":["Your current data usages are ",{"t":"idOrVar","v":"mobileData"}," on mobile, ",{"t":"idOrVar","v":"wifiData"}," on Wi-Fi. Clear it all?"]},{"$i":"reset-telephony-confirmation-warning","$v":"All current data will be deleted. Are you sure you want to reset?"},{"$i":"reset","$v":"রিসেট"},{"$i":"reset-wifi","$v":"ওয়াই ফাই ব্যবহার পুনরায় সেট করুন"},{"$i":"reset-mobile","$v":"মোবাইল ব্যবহার পুনরায় সেট করুন"},{"$i":"reset-all","$v":"Reset mobile & Wi-Fi data"},{"$i":"not-set","$v":"নির্ধারিত হয়নি"},{"$i":"used","$v":"ব্যবহৃত"},{"$i":"limit-passed","$v":"সীমা অতিক্রান্ত হয়েছে"},{"$i":"limit","$v":"সীমা"},{"$i":"data-limit-header","$v":"তথ্য ব্যবহারের সীমা"},{"$i":"data-limit-alert","$v":"ডাটা ব্যবহারের সতর্কতা"},{"$i":"data-limit-value2","$v":"ব্যবহারসীমা পার হলে"},{"$i":"data-limit-dialog-title2","$v":"সতর্ক করতে মোবাইল ডাটা সীমা দিন"},{"$i":"data-limit-dialog-explanation2","$v":"সীমাতে পৌঁছানোর পরে সংযোগ গতি কমে যায়। একটি উপযুক্ত সতর্কতা স্তর নির্ধারণ করতে আপনার ডাটা প্রদানকারীর সাথে যোগাযোগ করুন।"},{"$i":"data-limit-input-label","ariaLabel":"Data limit"},{"$i":"wifi-usage","$v":"ওয়াই-ফাই ব্যবহার"},{"$i":"mobile-usage","$v":"মোবাইলে ব্যবহার"},{"$i":"wifi-usage-settings","$v":"ওয়াই-ফাই ব্যবহার"},{"$i":"mobile-usage-settings","$v":"মোবাইল ব্যবহার"},{"$i":"im-prepaid","$v":"আমি প্রিপেইড"},{"$i":"im-postpaid","$v":"আমি পোস্টপেইড"},{"$i":"reset-data-usage","$v":"ডাটা ব্যবহার পুনরায় সেট করুন"},{"$i":"reset-report","$v":"প্রতিবেদন রিসেট করুন"},{"$i":"next","$v":"পরবর্তী"},{"$i":"back","$v":"পিছনে"},{"$i":"lets-go","$v":"চলুন তাহলে!"},{"$i":"alert","$v":"সতর্ক"},{"$i":"alert-limit","$v":"সতর্কতা সীমা"},{"$i":"fte-welcome-title","$v":"স্বাগতম"},{"$i":"data-limit-notification-title2","$v":[{"t":"idOrVar","v":"limit"}," ডাটা ব্যবহৃত হয়েছে"]},{"$i":"data-limit-notification-text2","$v":"আপনি নিজের নির্বাচিত সীমায় পৌঁছে গেছেন"},{"$i":"low-balance-notification-title","$v":"স্বল্প ব্যালেন্স"},{"$i":"low-balance-notification-text","$v":["ফোনে ",{"t":"idOrVar","v":"remaining"}," ক্রেডিট বাকি আছে"]},{"$i":"zero-balance-message","$v":"ব্যলেন্স শুন্য, ফোনে কোনো ক্রেডিট নেই।"},{"$i":"not-available","$v":"বিদ্যমান নেই"},{"$i":"usage","$v":"ব্যবহার"},{"$i":"internet","$v":"ইন্টারনেট"},{"$i":"phone","$v":"ফোন"},{"$i":"loading-interface-data","$v":"ইনটারফেস ডাটা লোড হচ্ছে। কিছুক্ষণ পর পুনরায় চেষ্টা করুন।"},{"$i":"data-limit","$v":["Data Limit (",{"t":"idOrVar","v":"value"},")"]},{"$i":"data-available2","$v":{"zero":[{"t":"idOrVar","v":"value"}," ",{"t":"idOrVar","v":"unit"}," available"],"one":[{"t":"idOrVar","v":"value"}," ",{"t":"idOrVar","v":"unit"}," available"],"two":[{"t":"idOrVar","v":"value"}," ",{"t":"idOrVar","v":"unit"}," available"],"few":[{"t":"idOrVar","v":"value"}," ",{"t":"idOrVar","v":"unit"}," available"],"many":[{"t":"idOrVar","v":"value"}," ",{"t":"idOrVar","v":"unit"}," available"],"other":[{"t":"idOrVar","v":"value"}," ",{"t":"idOrVar","v":"unit"}," available"]},"$x":[{"t":"idOrVar","v":"plural"},"value"]},{"$i":"over-limit","$v":{"one":[{"t":"idOrVar","v":"value"}," ",{"t":"idOrVar","v":"unit"}," over limit"],"two":[{"t":"idOrVar","v":"value"}," ",{"t":"idOrVar","v":"unit"}," over limit"],"few":[{"t":"idOrVar","v":"value"}," ",{"t":"idOrVar","v":"unit"}," over limit"],"many":[{"t":"idOrVar","v":"value"}," ",{"t":"idOrVar","v":"unit"}," over limit"],"other":[{"t":"idOrVar","v":"value"}," ",{"t":"idOrVar","v":"unit"}," over limit"]},"$x":[{"t":"idOrVar","v":"plural"},"value"]},{"$i":"verbose-chart-date-format","$v":[{"t":"idOrVar","v":"em-month"}," ",{"t":"idOrVar","v":"monthday-number"}]},{"$i":"day-hour-format","$v":[{"t":"idOrVar","v":"day"},", ",{"t":"idOrVar","v":"time"}]},{"$i":"B","$v":"B"},{"$i":"KB","$v":"KB"},{"$i":"MB","$v":"MB"},{"$i":"GB","$v":"GB"},{"$i":"unit-MB","ariaLabel":"MB"},{"$i":"unit-GB","ariaLabel":"GB"},{"$i":"app-usage-list-header","$v":"Mobile usage per app"},{"$i":"app-usage-no-data","$v":"You have not used any mobile data yet. Usage for each application will show up here when you do."},{"$i":"data-used-since","$v":[{"t":"idOrVar","v":"amount"}," of data used since ",{"t":"idOrVar","v":"start-date"}]},{"$i":"data-used-this-week","$v":[{"t":"idOrVar","v":"amount"}," of data used this week"]},{"$i":"data-used-this-month","$v":[{"t":"idOrVar","v":"amount"}," of data used this month"]},{"$i":"data-usage-other-apps","$v":"Others"},{"$i":"data-usage-browser-app","$v":"Browser"},{"$i":"limit-layer-MB","ariaLabel":["Limit of ",{"t":"idOrVar","v":"value"}," MB"]},{"$i":"limit-layer-GB","ariaLabel":["Limit of ",{"t":"idOrVar","v":"value"}," GB"]},{"$i":"warning-layer","ariaLabel":[{"t":"idOrVar","v":"value"}," left"]},{"$i":"limit-exceeded-layer","ariaLabel":["Exceeded by ",{"t":"idOrVar","v":"value"}]},{"$i":"today-layer","ariaLabel":["Today is ",{"t":"idOrVar","v":"today"}]},{"$i":"axis-layer","ariaLabel":["From ",{"t":"idOrVar","v":"from"}," to ",{"t":"idOrVar","v":"to"}]},{"$i":"weekday-0-long","$v":"রবিবার"},{"$i":"weekday-1-long","$v":"সোমবার"},{"$i":"weekday-2-long","$v":"মঙ্গলবার"},{"$i":"weekday-3-long","$v":"বুধবার"},{"$i":"weekday-4-long","$v":"বৃহস্পতিবার"},{"$i":"weekday-5-long","$v":"শুক্রবার"},{"$i":"weekday-6-long","$v":"শনিবার"},{"$i":"weekday-0-short","$v":"রবি"},{"$i":"weekday-1-short","$v":"সোম"},{"$i":"weekday-2-short","$v":"মঙ্গল"},{"$i":"weekday-3-short","$v":"বুধ"},{"$i":"weekday-4-short","$v":"বৃহঃ"},{"$i":"weekday-5-short","$v":"শুক্র"},{"$i":"weekday-6-short","$v":"শনি"},{"$i":"month-0-long","$v":"জানুয়ারি"},{"$i":"month-1-long","$v":"ফেব্রুয়ারি"},{"$i":"month-2-long","$v":"মার্চ"},{"$i":"month-3-long","$v":"এপ্রিল"},{"$i":"month-4-long","$v":"মে"},{"$i":"month-5-long","$v":"জুন"},{"$i":"month-6-long","$v":"জুলাই"},{"$i":"month-7-long","$v":"আগস্ট"},{"$i":"month-8-long","$v":"সেপ্টেম্বর"},{"$i":"month-9-long","$v":"অক্টোবর"},{"$i":"month-10-long","$v":"নভেম্বর"},{"$i":"month-11-long","$v":"ডিসেম্বর"},{"$i":"month-0-genitive","$v":"জানুয়ারি"},{"$i":"month-1-genitive","$v":"ফেব্রুয়ারি"},{"$i":"month-2-genitive","$v":"মার্চ"},{"$i":"month-3-genitive","$v":"এপ্রিল"},{"$i":"month-4-genitive","$v":"মে"},{"$i":"month-5-genitive","$v":"জুন"},{"$i":"month-6-genitive","$v":"জুলাই"},{"$i":"month-7-genitive","$v":"আগস্ট"},{"$i":"month-8-genitive","$v":"সেপ্টেম্বর"},{"$i":"month-9-genitive","$v":"অক্টোবর"},{"$i":"month-10-genitive","$v":"নভেম্বর"},{"$i":"month-11-genitive","$v":"ডিসেম্বর"},{"$i":"month-0-short","$v":"জানু"},{"$i":"month-1-short","$v":"ফেব্রু"},{"$i":"month-2-short","$v":"মার্চ"},{"$i":"month-3-short","$v":"এপ্রিল"},{"$i":"month-4-short","$v":"মে"},{"$i":"month-5-short","$v":"জুন"},{"$i":"month-6-short","$v":"জুলাই"},{"$i":"month-7-short","$v":"আগস্ট"},{"$i":"month-8-short","$v":"সেপ্ট"},{"$i":"month-9-short","$v":"অক্টো"},{"$i":"month-10-short","$v":"নভে"},{"$i":"month-11-short","$v":"ডিসে"},{"$i":"minutes-ago-long","$v":{"zero":"এইমাত্র","one":"১ মিনিট পূর্বে","two":[{"t":"idOrVar","v":"value"}," মিনিট পূর্বে"],"few":[{"t":"idOrVar","v":"value"}," মিনিট পূর্বে"],"many":[{"t":"idOrVar","v":"value"}," মিনিট পূর্বে"],"other":[{"t":"idOrVar","v":"value"}," মিনিট পূর্বে"]},"$x":[{"t":"idOrVar","v":"plural"},"value"]},{"$i":"hours-ago-long","$v":{"zero":"এইমাত্র","one":"১ ঘন্টা পূর্বে","two":[{"t":"idOrVar","v":"value"}," ঘন্টা পূর্বে"],"few":[{"t":"idOrVar","v":"value"}," ঘন্টা পূর্বে"],"many":[{"t":"idOrVar","v":"value"}," ঘন্টা পূর্বে"],"other":[{"t":"idOrVar","v":"value"}," ঘন্টা পূর্বে"]},"$x":[{"t":"idOrVar","v":"plural"},"value"]},{"$i":"days-ago-long","$v":{"zero":"আজ","one":"গতকাল","two":[{"t":"idOrVar","v":"value"}," দিন পূর্বে"],"few":[{"t":"idOrVar","v":"value"}," দিন পূর্বে"],"many":[{"t":"idOrVar","v":"value"}," দিন পূর্বে"],"other":[{"t":"idOrVar","v":"value"}," দিন পূর্বে"]},"$x":[{"t":"idOrVar","v":"plural"},"value"]},{"$i":"weeks-ago-long","$v":{"zero":"এই সপ্তাহে","one":"গত সপ্তাহ","two":[{"t":"idOrVar","v":"value"}," সপ্তাহ পূর্বে"],"few":[{"t":"idOrVar","v":"value"}," সপ্তাহ পূর্বে"],"many":[{"t":"idOrVar","v":"value"}," সপ্তাহ পূর্বে"],"other":[{"t":"idOrVar","v":"value"}," সপ্তাহ পূর্বে"]},"$x":[{"t":"idOrVar","v":"plural"},"value"]},{"$i":"months-ago-long","$v":{"zero":"চলতি মাস","one":"গত মাস","two":[{"t":"idOrVar","v":"value"}," মাস পূর্বে"],"few":[{"t":"idOrVar","v":"value"}," মাস পূর্বে"],"many":[{"t":"idOrVar","v":"value"}," মাস পূর্বে"],"other":[{"t":"idOrVar","v":"value"}," মাস পূর্বে"]},"$x":[{"t":"idOrVar","v":"plural"},"value"]},{"$i":"years-ago-long","$v":{"zero":"এই বছর","one":"গত বছর","two":[{"t":"idOrVar","v":"value"}," বছর আগে"],"few":[{"t":"idOrVar","v":"value"}," বছর পূর্বে"],"many":[{"t":"idOrVar","v":"value"}," বছর পূর্বে"],"other":[{"t":"idOrVar","v":"value"}," বছর পূর্বে"]},"$x":[{"t":"idOrVar","v":"plural"},"value"]},{"$i":"minutes-until-long","$v":{"zero":"এখন","one":"এক মিনিটের মধ্যে","two":[{"t":"idOrVar","v":"value"}," মিনিটের মধ্যে"],"few":[{"t":"idOrVar","v":"value"}," মিনিটের মধ্যে"],"many":[{"t":"idOrVar","v":"value"}," মিনিটের মধ্যে"],"other":[{"t":"idOrVar","v":"value"}," মিনিটের মধ্যে"]},"$x":[{"t":"idOrVar","v":"plural"},"value"]},{"$i":"hours-until-long","$v":{"zero":"এখন","one":"এক ঘন্টার মধ্যে","two":[{"t":"idOrVar","v":"value"}," ঘন্টার মধ্যে"],"few":[{"t":"idOrVar","v":"value"}," ঘন্টার মধ্যে"],"many":[{"t":"idOrVar","v":"value"}," ঘন্টার মধ্যে"],"other":[{"t":"idOrVar","v":"value"}," ঘন্টার মধ্যে"]},"$x":[{"t":"idOrVar","v":"plural"},"value"]},{"$i":"days-until-long","$v":{"zero":"আজ","one":"আগামীকাল","two":[{"t":"idOrVar","v":"value"}," দিনের মধ্যে"],"few":[{"t":"idOrVar","v":"value"}," দিনের মধ্যে"],"many":[{"t":"idOrVar","v":"value"}," দিনের মধ্যে"],"other":[{"t":"idOrVar","v":"value"}," দিনের মধ্যে"]},"$x":[{"t":"idOrVar","v":"plural"},"value"]},{"$i":"weeks-until-long","$v":{"zero":"এই সপ্তাহ","one":"পরবর্তী সপ্তাহ","two":[{"t":"idOrVar","v":"value"}," সপ্তাহের মধ্যে"],"few":[{"t":"idOrVar","v":"value"}," সপ্তাহের মধ্যে"],"many":[{"t":"idOrVar","v":"value"}," সপ্তাহের মধ্যে"],"other":[{"t":"idOrVar","v":"value"}," সপ্তাহের মধ্যে"]},"$x":[{"t":"idOrVar","v":"plural"},"value"]},{"$i":"months-until-long","$v":{"zero":"এই মাস","one":"পরবর্তী মাস","two":[{"t":"idOrVar","v":"value"}," মাসের মধ্যে"],"few":[{"t":"idOrVar","v":"value"}," মাসের মধ্যে"],"many":[{"t":"idOrVar","v":"value"}," মাসের মধ্যে"],"other":[{"t":"idOrVar","v":"value"}," মাসের মধ্যে"]},"$x":[{"t":"idOrVar","v":"plural"},"value"]},{"$i":"years-until-long","$v":{"zero":"এই বছর","one":"আগামী বছর","two":[{"t":"idOrVar","v":"value"}," বছরের মধ্যে"],"few":[{"t":"idOrVar","v":"value"}," বছরের মধ্যে"],"many":[{"t":"idOrVar","v":"value"}," বছরের মধ্যে"],"other":[{"t":"idOrVar","v":"value"}," বছরের মধ্যে"]},"$x":[{"t":"idOrVar","v":"plural"},"value"]},{"$i":"minutes-ago-short","$v":{"zero":"এইমাত্র","other":[{"t":"idOrVar","v":"value"},"মি. পূর্বে"]},"$x":[{"t":"idOrVar","v":"plural"},"value"]},{"$i":"hours-ago-short","$v":{"zero":"এইমাত্র","other":[{"t":"idOrVar","v":"value"},"ঘন্টা পূর্বে"]},"$x":[{"t":"idOrVar","v":"plural"},"value"]},{"$i":"days-ago-short","$v":{"zero":"আজ","other":[{"t":"idOrVar","v":"value"},"দিন পূর্বে"]},"$x":[{"t":"idOrVar","v":"plural"},"value"]},{"$i":"minutes-until-short","$v":{"zero":"এখন","other":[{"t":"idOrVar","v":"value"}," মিনিটের মধ্যে"]},"$x":[{"t":"idOrVar","v":"plural"},"value"]},{"$i":"hours-until-short","$v":{"zero":"এখন","other":[{"t":"idOrVar","v":"value"},"ঘন্টার মধ্যে"]},"$x":[{"t":"idOrVar","v":"plural"},"value"]},{"$i":"days-until-short","$v":{"zero":"আজ","other":[{"t":"idOrVar","v":"value"},"দিনের মধ্যে"]},"$x":[{"t":"idOrVar","v":"plural"},"value"]},{"$i":"incorrectDate","$v":"(ভুল তারিখ)"},{"$i":"dateTimeFormat_%c","$v":"%a %b %e %Y %I:%M:%S %p"},{"$i":"dateTimeFormat_%x","$v":"%m/%d/%Y"},{"$i":"dateTimeFormat_%X","$v":"%I:%M:%S %p"},{"$i":"shortTimeFormat","$v":"%I:%M %p"},{"$i":"shortTimeFormat12","$v":"%I:%M %p"},{"$i":"shortTimeFormat24","$v":"%H:%M"},{"$i":"shortDateTimeFormat","$v":"%x %I:%M %p"},{"$i":"weekStartsOnMonday","$v":"0"},{"$i":"firstDayOfTheWeek","$v":"0"},{"$i":"time_am","$v":"AM"},{"$i":"time_pm","$v":"PM"}]