[{"$i":"topup-confirmation-title2","$v":"Consum"},{"$i":"topup-confirmation-message","$v":"Recàrrega confirmada"},{"$i":"topup-incorrectcode-title2","$v":"Consum"},{"$i":"topup-incorrectcode-message3","$v":"S'ha introduït un codi de recàrrega incorrecte."},{"$i":"updating","$v":"S'està actualitzant"},{"$i":"updating-ellipsis","$v":"S'està actualitzant…"},{"$i":"yesterday","$v":"Ahir"},{"$i":"today","$v":"Avui"},{"$i":"never","$v":"Mai"},{"$i":"magnitude","$v":[{"t":"idOrVar","v":"value"}," ",{"t":"idOrVar","v":"unit"}]},{"$i":"currency","$v":[{"t":"idOrVar","v":"value"}," ",{"t":"idOrVar","v":"currency"}]},{"$i":"widget","$v":"Giny Consum"},{"$i":"widget-authed-sim-heading","$v":["S'ha inserit una SIM de ",{"t":"idOrVar","v":"provider"}," nova"]},{"$i":"widget-authed-sim-meta","$v":"Controleu el consum del telèfon i Internet"},{"$i":"widget-nonauthed-sim-heading","$v":"S'ha inserit una SIM nova"},{"$i":"widget-nonauthed-sim-meta","$v":"Controleu el consum d'Internet"},{"$i":"widget-airplane-mode-heading","$v":"Mode d'avió"},{"$i":"widget-airplane-mode-meta","$v":"Desactiveu el mode d'avió per veure el consum"},{"$i":"widget-no-sim2-heading","$v":"No s'ha inserit cap SIM"},{"$i":"widget-no-sim2-meta","$v":"Inseriu una SIM per veure el consum"},{"$i":"widget-sim-locked-heading","$v":"Targeta SIM bloquejada"},{"$i":"widget-sim-locked-meta","$v":"Desbloquegeu la SIM per veure el consum"},{"$i":"widget-unknown-heading","$v":"Error"},{"$i":"widget-unknown-meta","$v":"Assegureu-vos que el mode d'avió estigui desactivat."},{"$i":"fte","$v":"Consum: Primer ús"},{"$i":"fte-authed-sim","$v":"Estalvieu controlant el consum del telèfon i d'Internet."},{"$i":"fte-nonauthed-sim","$v":"Estalvieu controlant el consum d'Internet."},{"$i":"fte-no-sim","$v":"Vegeu informació precisa de la quantitat de dades d'Internet que consumiu."},{"$i":"fte-sim-info2","$v":"La informació que es mostra del consum prové directament del dispositiu. Consulteu el vostre proveïdor per obtenir una informació més detallada."},{"$i":"fte-plantype-title","$v":"Tipus de contracte"},{"$i":"fte-plantype-hint","$v":"Trieu el tipus de contracte que teniu amb el proveïdor de servei mòbil."},{"$i":"fte-prepaid2-title","$v":"Alerta de saldo baix"},{"$i":"fte-prepaid2-hint","$v":"Definiu una alerta per evitar quedar-vos sense crèdit."},{"$i":"fte-prepaid3-title","$v":"Informe i alerta de dades"},{"$i":"fte-prepaid3-hint","$v":"Rebeu informes del vostre consum d'Internet i definiu una alerta per evitar un consum excessiu."},{"$i":"fte-postpaid2-title","$v":"Informe del telèfon i de dades"},{"$i":"fte-postpaid2-hint","$v":"Rebeu informes del vostre consum de telèfon i d'Internet."},{"$i":"fte-postpaid3-title","$v":"Alerta de dades"},{"$i":"fte-postpaid3-hint","$v":"Definiu una alerta per evitar un consum excessiu de dades."},{"$i":"fte-onlydata2-title","$v":"Informe de dades"},{"$i":"fte-onlydata2-hint","$v":"Rebeu informes del vostre consum d'Internet."},{"$i":"fte-onlydata3-title","$v":"Alerta de dades"},{"$i":"fte-onlydata3-hint","$v":"Definiu una alerta per evitar un consum excessiu de dades."},{"$i":"phone-activity","$v":"Activitat del telèfon"},{"$i":"balance","$v":"Saldo"},{"$i":"on-roaming-message2","$v":"Itinerància: el saldo no s'actualitza automàticament. Actualitzar-lo manualment pot comportar despeses addicionals."},{"$i":"balance-error-message2","$v":"El saldo no s'ha actualitzat correctament. Proveu d'actualitzar-lo manualment."},{"$i":"airplane-mode-error-message2","$v":"Desactiveu el mode d'avió per actualitzar el saldo o recarregar."},{"$i":"disable-airplane-mode","$v":"Voleu desactivar el mode d'avió per actualitzar o recarregar?"},{"$i":"no-coverage-error-message2","$v":"Cal que tingueu cobertura telefònica per actualitzar el saldo o recarregar."},{"$i":"top-up","$v":"Recàrrega"},{"$i":"enter-top-up-code","$v":"Inseriu el codi de recàrrega"},{"$i":"top-up-code-explanation2","$v":"El trobareu al requadre per rascar o directament a la factura."},{"$i":"wait-for-confirmation","$v":"Rebreu un missatge de confirmació"},{"$i":"incorrect-code2","$v":"Assegureu-vos que el codi és correcte i torneu-ho a provar."},{"$i":"topup-error2","$v":"S'ha produït un problema en enviar el codi. Torneu-ho a provar."},{"$i":"application-error-title","$v":"Servei no disponible"},{"$i":"application-error-message","$v":"Contacteu amb el vostre proveïdor"},{"$i":"service-unavailable-title","$v":"Servei no disponible"},{"$i":"service-unavailable-message","$v":"No és possible cap actualització ni recàrrega en aquest moment. Proveu-ho més tard."},{"$i":"data-usage","$v":"Consum de dades"},{"$i":"update-button","$v":"Actualitza"},{"$i":"topup-button2","$v":"Utilitza el codi de recàrrega"},{"$i":"topup-ussd-button2","$v":"Obre el menú de recàrrega"},{"$i":"ok","$v":"D'acord"},{"$i":"top-up-in-progress2","$v":"S'està processant la recàrrega."},{"$i":"top-up-timed-out2","$v":"Actualitzeu el vostre saldo per confirmar. Si el saldo no canvia, proveu de tornar a recarregar."},{"$i":"on-topup-not-confirmed-title","$v":"No s'ha confirmat la recàrrega"},{"$i":"on-topup-not-confirmed-message","$v":"Proveu d'actualitzar el saldo o de tornar a fer una recàrrega."},{"$i":"send","$v":"envia"},{"$i":"plantype-setup-title","$v":"El meu pla de telèfon i Internet és"},{"$i":"prepaid","$v":"Prepagament"},{"$i":"postpaid","$v":"Contracte"},{"$i":"phoneactivity","$v":"Activitat del telèfon"},{"$i":"short-date-format","$v":"%e %b"},{"$i":"long-date-format","$v":"%d %Eb de %Y"},{"$i":"sms-sent","$v":"SMS enviats"},{"$i":"call-made","$v":"Trucades fetes"},{"$i":"settings","$v":"Paràmetres"},{"$i":"low-balance-alert","$v":"Alerta de saldo baix"},{"$i":"low-balance-explanation2","$v":"Si el saldo és menys de"},{"$i":"phone-and-internet-data-report","$v":"Informe de dades de telèfon i Internet"},{"$i":"internet-data-report","$v":"Informe de dades d'Internet"},{"$i":"starting-on","$v":"A partir del dia"},{"$i":"cancel","$v":"Cancel·la"},{"$i":"monthly","$v":"Mensualment"},{"$i":"weekly","$v":"Setmanalment"},{"$i":"monday","$v":"Dilluns"},{"$i":"tuesday","$v":"Dimarts"},{"$i":"wednesday","$v":"Dimecres"},{"$i":"thursday","$v":"Dijous"},{"$i":"friday","$v":"Divendres"},{"$i":"saturday","$v":"Dissabte"},{"$i":"sunday","$v":"Diumenge"},{"$i":"billing-cycle-ends","$v":"El cicle de facturació finalitza el"},{"$i":"tracking-will-reset","$v":"El seguiment es reiniciarà en aquesta data"},{"$i":"yes","$v":"Sí"},{"$i":"done","$v":"Fet"},{"$i":"confirmation","$v":"Confirmació"},{"$i":"reset-wifi-confirmation-warning","$v":["Your current Wi-Fi data usage is ",{"t":"idOrVar","v":"wifiData"},". Clear it all?"]},{"$i":"reset-mobile-confirmation-warning","$v":["Your current mobile data usage is ",{"t":"idOrVar","v":"mobileData"},". Clear it all?"]},{"$i":"reset-all-confirmation-warning","$v":["Your current data usages are ",{"t":"idOrVar","v":"mobileData"}," on mobile, ",{"t":"idOrVar","v":"wifiData"}," on Wi-Fi. Clear it all?"]},{"$i":"reset-telephony-confirmation-warning","$v":"All current data will be deleted. Are you sure you want to reset?"},{"$i":"reset","$v":"Reinicia"},{"$i":"reset-wifi","$v":"Reinicia l'ús de Wi-Fi"},{"$i":"reset-mobile","$v":"Reinicia l'ús del mòbil"},{"$i":"reset-all","$v":"Reset mobile & Wi-Fi data"},{"$i":"not-set","$v":"No definit"},{"$i":"used","$v":"Consumits"},{"$i":"limit-passed","$v":"Límit excedit"},{"$i":"limit","$v":"Límit"},{"$i":"data-limit-header","$v":"Límit de dades"},{"$i":"data-limit-alert","$v":"Alerta de consum de dades"},{"$i":"data-limit-value2","$v":"Si el consum supera"},{"$i":"data-limit-dialog-title2","$v":"Introduïu una alerta de límit de dades mòbils"},{"$i":"data-limit-dialog-explanation2","$v":"Normalment, la velocitat de la connexió es redueix quan s'arriba al límit. Consulteu amb el proveïdor de dades per definir un nivell d'alerta adequat."},{"$i":"data-limit-input-label","ariaLabel":"Data limit"},{"$i":"wifi-usage","$v":"Ús de Wi-Fi"},{"$i":"mobile-usage","$v":"Ús del mòbil"},{"$i":"wifi-usage-settings","$v":"Ús de Wi-Fi"},{"$i":"mobile-usage-settings","$v":"Ús del mòbil"},{"$i":"im-prepaid","$v":"Sóc de prepagament"},{"$i":"im-postpaid","$v":"Sóc de contracte"},{"$i":"reset-data-usage","$v":"Reinicia el consum de dades"},{"$i":"reset-report","$v":"Reinicia l'informe"},{"$i":"next","$v":"Següent"},{"$i":"back","$v":"Enrere"},{"$i":"lets-go","$v":"Som-hi!"},{"$i":"alert","$v":"Alerta"},{"$i":"alert-limit","$v":"Límit d'alerta"},{"$i":"fte-welcome-title","$v":"Benvingut"},{"$i":"data-limit-notification-title2","$v":[{"t":"idOrVar","v":"limit"}," de consum de dades"]},{"$i":"data-limit-notification-text2","$v":"Heu arribat al límit que vau definir"},{"$i":"low-balance-notification-title","$v":"Saldo baix"},{"$i":"low-balance-notification-text","$v":[{"t":"idOrVar","v":"remaining"}," de crèdit restant al telèfon"]},{"$i":"zero-balance-message","$v":"El saldo és zero; no us queda crèdit al telèfon."},{"$i":"not-available","$v":"No disponible"},{"$i":"usage","$v":"Consum"},{"$i":"internet","$v":"Internet"},{"$i":"phone","$v":"Telèfon"},{"$i":"loading-interface-data","$v":"S'estan carregant les dades de la interfície. Torneu-ho a provar més tard."},{"$i":"data-limit","$v":["Límit de dades (",{"t":"idOrVar","v":"value"},")"]},{"$i":"data-available2","$v":{"zero":[{"t":"idOrVar","v":"value"}," ",{"t":"idOrVar","v":"unit"}," disponibles"],"one":[{"t":"idOrVar","v":"value"}," ",{"t":"idOrVar","v":"unit"}," disponible"],"two":[{"t":"idOrVar","v":"value"}," ",{"t":"idOrVar","v":"unit"}," disponibles"],"few":[{"t":"idOrVar","v":"value"}," ",{"t":"idOrVar","v":"unit"}," disponibles"],"many":[{"t":"idOrVar","v":"value"}," ",{"t":"idOrVar","v":"unit"}," disponibles"],"other":[{"t":"idOrVar","v":"value"}," ",{"t":"idOrVar","v":"unit"}," disponibles"]},"$x":[{"t":"idOrVar","v":"plural"},"value"]},{"$i":"over-limit","$v":{"one":[{"t":"idOrVar","v":"value"}," ",{"t":"idOrVar","v":"unit"}," per sobre del límit"],"two":[{"t":"idOrVar","v":"value"}," ",{"t":"idOrVar","v":"unit"}," per sobre del límit"],"few":[{"t":"idOrVar","v":"value"}," ",{"t":"idOrVar","v":"unit"}," per sobre del límit"],"many":[{"t":"idOrVar","v":"value"}," ",{"t":"idOrVar","v":"unit"}," per sobre del límit"],"other":[{"t":"idOrVar","v":"value"}," ",{"t":"idOrVar","v":"unit"}," per sobre del límit"]},"$x":[{"t":"idOrVar","v":"plural"},"value"]},{"$i":"verbose-chart-date-format","$v":[{"t":"idOrVar","v":"monthday-number"}," ",{"t":"idOrVar","v":"em-month"}]},{"$i":"day-hour-format","$v":[{"t":"idOrVar","v":"day"},", ",{"t":"idOrVar","v":"time"}]},{"$i":"B","$v":"B"},{"$i":"KB","$v":"kB"},{"$i":"MB","$v":"MB"},{"$i":"GB","$v":"GB"},{"$i":"unit-MB","ariaLabel":"MB"},{"$i":"unit-GB","ariaLabel":"GB"},{"$i":"app-usage-list-header","$v":"Mobile usage per app"},{"$i":"app-usage-no-data","$v":"No heu fet servir dades mòbils encara. El consum per cada aplicació es mostrarà aquí quan comenceu a fer-ho."},{"$i":"data-used-since","$v":[{"t":"idOrVar","v":"amount"}," de dades consumides des del ",{"t":"idOrVar","v":"start-date"}]},{"$i":"data-used-this-week","$v":[{"t":"idOrVar","v":"amount"}," de dades consumides aquesta setmana"]},{"$i":"data-used-this-month","$v":[{"t":"idOrVar","v":"amount"}," de dades consumides aquest mes"]},{"$i":"data-usage-other-apps","$v":"Others"},{"$i":"data-usage-browser-app","$v":"Browser"},{"$i":"limit-layer-MB","ariaLabel":["Limit of ",{"t":"idOrVar","v":"value"}," MB"]},{"$i":"limit-layer-GB","ariaLabel":["Limit of ",{"t":"idOrVar","v":"value"}," GB"]},{"$i":"warning-layer","ariaLabel":[{"t":"idOrVar","v":"value"}," left"]},{"$i":"limit-exceeded-layer","ariaLabel":["Exceeded by ",{"t":"idOrVar","v":"value"}]},{"$i":"today-layer","ariaLabel":["Today is ",{"t":"idOrVar","v":"today"}]},{"$i":"axis-layer","ariaLabel":["From ",{"t":"idOrVar","v":"from"}," to ",{"t":"idOrVar","v":"to"}]},{"$i":"weekday-0-long","$v":"diumenge"},{"$i":"weekday-1-long","$v":"dilluns"},{"$i":"weekday-2-long","$v":"dimarts"},{"$i":"weekday-3-long","$v":"dimecres"},{"$i":"weekday-4-long","$v":"dijous"},{"$i":"weekday-5-long","$v":"divendres"},{"$i":"weekday-6-long","$v":"dissabte"},{"$i":"weekday-0-short","$v":"dg"},{"$i":"weekday-1-short","$v":"dl"},{"$i":"weekday-2-short","$v":"dt"},{"$i":"weekday-3-short","$v":"dc"},{"$i":"weekday-4-short","$v":"dj"},{"$i":"weekday-5-short","$v":"dv"},{"$i":"weekday-6-short","$v":"ds"},{"$i":"month-0-long","$v":"gener"},{"$i":"month-1-long","$v":"febrer"},{"$i":"month-2-long","$v":"març"},{"$i":"month-3-long","$v":"abril"},{"$i":"month-4-long","$v":"maig"},{"$i":"month-5-long","$v":"juny"},{"$i":"month-6-long","$v":"juliol"},{"$i":"month-7-long","$v":"agost"},{"$i":"month-8-long","$v":"setembre"},{"$i":"month-9-long","$v":"octubre"},{"$i":"month-10-long","$v":"novembre"},{"$i":"month-11-long","$v":"desembre"},{"$i":"month-0-genitive","$v":"de gener"},{"$i":"month-1-genitive","$v":"de febrer"},{"$i":"month-2-genitive","$v":"de març"},{"$i":"month-3-genitive","$v":"d'abril"},{"$i":"month-4-genitive","$v":"de maig"},{"$i":"month-5-genitive","$v":"de juny"},{"$i":"month-6-genitive","$v":"de juliol"},{"$i":"month-7-genitive","$v":"d'agost"},{"$i":"month-8-genitive","$v":"de setembre"},{"$i":"month-9-genitive","$v":"d'octubre"},{"$i":"month-10-genitive","$v":"de novembre"},{"$i":"month-11-genitive","$v":"de desembre"},{"$i":"month-0-short","$v":"gen"},{"$i":"month-1-short","$v":"febr"},{"$i":"month-2-short","$v":"març"},{"$i":"month-3-short","$v":"abr"},{"$i":"month-4-short","$v":"maig"},{"$i":"month-5-short","$v":"juny"},{"$i":"month-6-short","$v":"jul"},{"$i":"month-7-short","$v":"ag"},{"$i":"month-8-short","$v":"set"},{"$i":"month-9-short","$v":"oct"},{"$i":"month-10-short","$v":"nov"},{"$i":"month-11-short","$v":"des"},{"$i":"minutes-ago-long","$v":{"zero":"ara","one":"fa un minut","two":["fa ",{"t":"idOrVar","v":"value"}," minuts"],"few":["fa ",{"t":"idOrVar","v":"value"}," minuts"],"many":["fa ",{"t":"idOrVar","v":"value"}," minuts"],"other":["fa ",{"t":"idOrVar","v":"value"}," minuts"]},"$x":[{"t":"idOrVar","v":"plural"},"value"]},{"$i":"hours-ago-long","$v":{"zero":"ara","one":"fa una hora","two":["fa ",{"t":"idOrVar","v":"value"}," hores"],"few":["fa ",{"t":"idOrVar","v":"value"}," hores"],"many":["fa ",{"t":"idOrVar","v":"value"}," hores"],"other":["fa ",{"t":"idOrVar","v":"value"}," hores"]},"$x":[{"t":"idOrVar","v":"plural"},"value"]},{"$i":"days-ago-long","$v":{"zero":"avui","one":"ahir","two":["fa ",{"t":"idOrVar","v":"value"}," dies"],"few":["fa ",{"t":"idOrVar","v":"value"}," dies"],"many":["fa ",{"t":"idOrVar","v":"value"}," dies"],"other":["fa ",{"t":"idOrVar","v":"value"}," dies"]},"$x":[{"t":"idOrVar","v":"plural"},"value"]},{"$i":"weeks-ago-long","$v":{"zero":"aquesta setmana","one":"la setmana passada","two":["fa ",{"t":"idOrVar","v":"value"}," setmanes"],"few":["fa ",{"t":"idOrVar","v":"value"}," setmanes"],"many":["fa ",{"t":"idOrVar","v":"value"}," setmanes"],"other":["fa ",{"t":"idOrVar","v":"value"}," setmanes"]},"$x":[{"t":"idOrVar","v":"plural"},"value"]},{"$i":"months-ago-long","$v":{"zero":"aquest mes","one":"el mes passat","two":["fa ",{"t":"idOrVar","v":"value"}," mesos"],"few":["fa ",{"t":"idOrVar","v":"value"}," mesos"],"many":["fa ",{"t":"idOrVar","v":"value"}," mesos"],"other":["fa ",{"t":"idOrVar","v":"value"}," mesos"]},"$x":[{"t":"idOrVar","v":"plural"},"value"]},{"$i":"years-ago-long","$v":{"zero":"enguany","one":"l'any passat","two":["fa ",{"t":"idOrVar","v":"value"}," anys"],"few":["fa ",{"t":"idOrVar","v":"value"}," anys"],"many":["fa ",{"t":"idOrVar","v":"value"}," anys"],"other":["fa ",{"t":"idOrVar","v":"value"}," anys"]},"$x":[{"t":"idOrVar","v":"plural"},"value"]},{"$i":"minutes-until-long","$v":{"zero":"ara","one":"d'aquí un minut","two":["d'aquí ",{"t":"idOrVar","v":"value"}," minuts"],"few":["d'aquí ",{"t":"idOrVar","v":"value"}," minuts"],"many":["d'aquí ",{"t":"idOrVar","v":"value"}," minuts"],"other":["d'aquí ",{"t":"idOrVar","v":"value"}," minuts"]},"$x":[{"t":"idOrVar","v":"plural"},"value"]},{"$i":"hours-until-long","$v":{"zero":"ara","one":"d'aquí una hora","two":["d'aquí ",{"t":"idOrVar","v":"value"}," hores"],"few":["d'aquí ",{"t":"idOrVar","v":"value"}," hores"],"many":["d'aquí ",{"t":"idOrVar","v":"value"}," hores"],"other":["d'aquí ",{"t":"idOrVar","v":"value"}," hores"]},"$x":[{"t":"idOrVar","v":"plural"},"value"]},{"$i":"days-until-long","$v":{"zero":"avui","one":"demà","two":["d'aquí ",{"t":"idOrVar","v":"value"}," dies"],"few":["d'aquí ",{"t":"idOrVar","v":"value"}," dies"],"many":["d'aquí ",{"t":"idOrVar","v":"value"}," dies"],"other":["d'aquí ",{"t":"idOrVar","v":"value"}," dies"]},"$x":[{"t":"idOrVar","v":"plural"},"value"]},{"$i":"weeks-until-long","$v":{"zero":"aquesta setmana","one":"la setmana que ve","two":["d'aquí ",{"t":"idOrVar","v":"value"}," setmanes"],"few":["d'aquí ",{"t":"idOrVar","v":"value"}," setmanes"],"many":["d'aquí ",{"t":"idOrVar","v":"value"}," setmanes"],"other":["d'aquí ",{"t":"idOrVar","v":"value"}," setmanes"]},"$x":[{"t":"idOrVar","v":"plural"},"value"]},{"$i":"months-until-long","$v":{"zero":"aquest mes","one":"el mes que ve","two":["d'aquí ",{"t":"idOrVar","v":"value"}," mesos"],"few":["d'aquí ",{"t":"idOrVar","v":"value"}," mesos"],"many":["d'aquí ",{"t":"idOrVar","v":"value"}," mesos"],"other":["d'aquí ",{"t":"idOrVar","v":"value"}," mesos"]},"$x":[{"t":"idOrVar","v":"plural"},"value"]},{"$i":"years-until-long","$v":{"zero":"enguany","one":"l'any que ve","two":["d'aquí ",{"t":"idOrVar","v":"value"}," anys"],"few":["d'aquí ",{"t":"idOrVar","v":"value"}," anys"],"many":["d'aquí ",{"t":"idOrVar","v":"value"}," anys"],"other":["d'aquí ",{"t":"idOrVar","v":"value"}," anys"]},"$x":[{"t":"idOrVar","v":"plural"},"value"]},{"$i":"minutes-ago-short","$v":{"zero":"ara","other":["fa ",{"t":"idOrVar","v":"value"}," m"]},"$x":[{"t":"idOrVar","v":"plural"},"value"]},{"$i":"hours-ago-short","$v":{"zero":"ara","other":["fa ",{"t":"idOrVar","v":"value"}," h"]},"$x":[{"t":"idOrVar","v":"plural"},"value"]},{"$i":"days-ago-short","$v":{"zero":"avui","other":["fa ",{"t":"idOrVar","v":"value"}," d"]},"$x":[{"t":"idOrVar","v":"plural"},"value"]},{"$i":"minutes-until-short","$v":{"zero":"ara","other":["d'aquí ",{"t":"idOrVar","v":"value"}," m"]},"$x":[{"t":"idOrVar","v":"plural"},"value"]},{"$i":"hours-until-short","$v":{"zero":"ara","other":["d'aquí ",{"t":"idOrVar","v":"value"}," h"]},"$x":[{"t":"idOrVar","v":"plural"},"value"]},{"$i":"days-until-short","$v":{"zero":"avui","other":["d'aquí ",{"t":"idOrVar","v":"value"}," d"]},"$x":[{"t":"idOrVar","v":"plural"},"value"]},{"$i":"incorrectDate","$v":"(data no vàlida)"},{"$i":"dateTimeFormat_%c","$v":"%a %e %Eb, %Y %H:%M:%S"},{"$i":"dateTimeFormat_%x","$v":"%d/%m/%Y"},{"$i":"dateTimeFormat_%X","$v":"%H:%M:%S"},{"$i":"shortTimeFormat","$v":"%H:%M"},{"$i":"shortTimeFormat12","$v":"%I:%M %p"},{"$i":"shortTimeFormat24","$v":"%H:%M"},{"$i":"shortDateTimeFormat","$v":"%x %H:%M"},{"$i":"weekStartsOnMonday","$v":"1"},{"$i":"firstDayOfTheWeek","$v":"0"},{"$i":"time_am","$v":"am"},{"$i":"time_pm","$v":"pm"}]