[{"$i":"topup-confirmation-title2","$v":"Využití"},{"$i":"topup-confirmation-message","$v":"Placená služba potvrzena"},{"$i":"topup-incorrectcode-title2","$v":"Využití"},{"$i":"topup-incorrectcode-message3","$v":"Vložen chybný kód. "},{"$i":"updating","$v":"Aktualizace"},{"$i":"updating-ellipsis","$v":"Probíhá aktualizace…"},{"$i":"yesterday","$v":"Včera"},{"$i":"today","$v":"Dnes"},{"$i":"never","$v":"Nikdy"},{"$i":"magnitude","$v":[{"t":"idOrVar","v":"value"}," ",{"t":"idOrVar","v":"unit"}]},{"$i":"currency","$v":[{"t":"idOrVar","v":"currency"},{"t":"idOrVar","v":"value"}]},{"$i":"widget","$v":"Widget Využití"},{"$i":"widget-authed-sim-heading","$v":["Vložena nová SIM od ",{"t":"idOrVar","v":"provider"}]},{"$i":"widget-authed-sim-meta","$v":"Klepněte pro sledování využití vašeho telefonu a internetu."},{"$i":"widget-nonauthed-sim-heading","$v":"Vložena nová SIM"},{"$i":"widget-nonauthed-sim-meta","$v":"Klepněte pro sledování využití dat."},{"$i":"widget-airplane-mode-heading","$v":"Režim V letadle"},{"$i":"widget-airplane-mode-meta","$v":"Pro povolení aplikace Využití vypněte režim V letadle. "},{"$i":"widget-no-sim2-heading","$v":"Nebyla vložena žádná SIM "},{"$i":"widget-no-sim2-meta","$v":"Pro povolení aplikace Využití vložte SIM."},{"$i":"widget-sim-locked-heading","$v":"SIM karta uzamčena"},{"$i":"widget-sim-locked-meta","$v":"Pro povolení Využití odblokujte SIM."},{"$i":"widget-unknown-heading","$v":"Chyba"},{"$i":"widget-unknown-meta","$v":"Ujistěte se prosím, že je Režim v letadle vypnutý."},{"$i":"fte","$v":"Úvodní nastavení aplikace Využití"},{"$i":"fte-authed-sim","$v":"Šetřete peníze sledováním využití připojení k internetu. "},{"$i":"fte-nonauthed-sim","$v":"Šetřete peníze sledováním využití svého připojení k internetu."},{"$i":"fte-no-sim","$v":"Získejte jasné informace o tom, jak využíváte internet."},{"$i":"fte-sim-info2","$v":"Informace zobrazují přenos dat, který jde přímo z tohoto zařízení. Detailní informace o účtu konzultujte se svým operátorem mobilních služeb. "},{"$i":"fte-plantype-title","$v":"Typ služby"},{"$i":"fte-plantype-hint","$v":"Vyberte typ služby, kterou používáte u svého mobilního operátora."},{"$i":"fte-prepaid2-title","$v":"Upozornění na nízký zůstatek "},{"$i":"fte-prepaid2-hint","$v":"Nastavte upozornění na nízký stav kreditu. "},{"$i":"fte-prepaid3-title","$v":"Hlášení a upozornění o datech"},{"$i":"fte-prepaid3-hint","$v":"Získávání hlášení o vašem internetovém přípojení a nastavení upozornění o tom, že je moc využíváte."},{"$i":"fte-postpaid2-title","$v":"Hlášení o telefonu a datech"},{"$i":"fte-postpaid2-hint","$v":"Získávání hlášení o vašem telefonu a využívání internetu."},{"$i":"fte-postpaid3-title","$v":"Upozornění na data"},{"$i":"fte-postpaid3-hint","$v":"Nastavení na upozornění o přílišném využívání dat."},{"$i":"fte-onlydata2-title","$v":"Hlášení o datech"},{"$i":"fte-onlydata2-hint","$v":"Získávání hlášení o využití internetového připojení."},{"$i":"fte-onlydata3-title","$v":"Upozornění na data"},{"$i":"fte-onlydata3-hint","$v":"Nastavení na upozornění o přílišném využívání dat."},{"$i":"phone-activity","$v":"Aktivita telefonu"},{"$i":"balance","$v":"Zůstatek"},{"$i":"on-roaming-message2","$v":"Roaming: Automatické aktualizace zůstatku jsou vypnuty. Ruční aktualizace mohou být zpoplatněny."},{"$i":"balance-error-message2","$v":"Chyba při aktualizaci zůstatku. Zkuste to znovu ručně. "},{"$i":"airplane-mode-error-message2","$v":"Pro aktualizaci zůstatku vypněte režim V letadle. "},{"$i":"disable-airplane-mode","$v":"Chcete pro aktualizaci nebo předplacené služby zakázat režim V letadle? "},{"$i":"no-coverage-error-message2","$v":"Pro aktualizaci zůstatku potřebujete pokrytí nebo předplacení. "},{"$i":"top-up","$v":"Předplacení"},{"$i":"enter-top-up-code","$v":"Vložte kód pro předplacení"},{"$i":"top-up-code-explanation2","$v":"Obvykle jej naleznete na seškrabávacím místě karty či přímo na účtence."},{"$i":"wait-for-confirmation","$v":"Obdržíte potvrzující zprávu"},{"$i":"incorrect-code2","$v":"Ujistěte se, že váš kód je správný a zkuste to znovu."},{"$i":"topup-error2","$v":"Při odesílání kódu se vyskytl problém. Zkuste to prosím znovu."},{"$i":"application-error-title","$v":"Služba není dostupná"},{"$i":"application-error-message","$v":"Obraťte se na zástupce společnosti"},{"$i":"service-unavailable-title","$v":"Služba není dostupná"},{"$i":"service-unavailable-message","$v":"Žádné aktualizace či přeplacené služby nejsou v současné době dostupné. Zkuste to prosím později. "},{"$i":"data-usage","$v":"Využití dat"},{"$i":"update-button","$v":"Aktualizace"},{"$i":"topup-button2","$v":"Použít předplacený kód"},{"$i":"topup-ussd-button2","$v":"Otevření nabídky předplacených služeb "},{"$i":"ok","$v":"OK"},{"$i":"top-up-in-progress2","$v":"Probíhá předplacená služba."},{"$i":"top-up-timed-out2","$v":"Čas předplacení vypršel. Aktualizujte zůstatek nebo opakujte předplacenou službu. "},{"$i":"on-topup-not-confirmed-title","$v":"Předplacení nepotvrzeno"},{"$i":"on-topup-not-confirmed-message","$v":"Zkuste aktualizovat zůstatek nebo opakujte předplacenou službu."},{"$i":"send","$v":"odeslat"},{"$i":"plantype-setup-title","$v":"Můj telefon a data jsou"},{"$i":"prepaid","$v":"Předplacené"},{"$i":"postpaid","$v":"Vyúčtované"},{"$i":"phoneactivity","$v":"Aktivita telefonu"},{"$i":"short-date-format","$v":"%b, %d"},{"$i":"long-date-format","$v":"%B %d, %Y"},{"$i":"sms-sent","$v":"Poslané SMS"},{"$i":"call-made","$v":"Uskutečněné hovory"},{"$i":"settings","$v":"Nastavení"},{"$i":"low-balance-alert","$v":"Upozornění na nízký zůstatek"},{"$i":"low-balance-explanation2","$v":"Když je zůstatek pod "},{"$i":"phone-and-internet-data-report","$v":"Hlášení o využití telefonu a Internetu"},{"$i":"internet-data-report","$v":"Hlášení o využití Internetu"},{"$i":"starting-on","$v":"Začátek"},{"$i":"cancel","$v":"Zrušit"},{"$i":"monthly","$v":"Měsíčně"},{"$i":"weekly","$v":"Týdně"},{"$i":"monday","$v":"Pondělí"},{"$i":"tuesday","$v":"Úterý"},{"$i":"wednesday","$v":"Středa"},{"$i":"thursday","$v":"Čtvrtek"},{"$i":"friday","$v":"Pátek"},{"$i":"saturday","$v":"Sobota"},{"$i":"sunday","$v":"Neděle"},{"$i":"billing-cycle-ends","$v":"Konec platebního období"},{"$i":"tracking-will-reset","$v":"Sledování bude k tomuto dni vynulováno. "},{"$i":"yes","$v":"Ano"},{"$i":"done","$v":"Hotovo"},{"$i":"confirmation","$v":"Potvrzení"},{"$i":"reset-wifi-confirmation-warning","$v":["Your current Wi-Fi data usage is ",{"t":"idOrVar","v":"wifiData"},". Clear it all?"]},{"$i":"reset-mobile-confirmation-warning","$v":["Your current mobile data usage is ",{"t":"idOrVar","v":"mobileData"},". Clear it all?"]},{"$i":"reset-all-confirmation-warning","$v":["Your current data usages are ",{"t":"idOrVar","v":"mobileData"}," on mobile, ",{"t":"idOrVar","v":"wifiData"}," on Wi-Fi. Clear it all?"]},{"$i":"reset-telephony-confirmation-warning","$v":"All current data will be deleted. Are you sure you want to reset?"},{"$i":"reset","$v":"Obnovit"},{"$i":"reset-wifi","$v":"Obnovit využití Wi-Fi"},{"$i":"reset-mobile","$v":"Obnovit využití mobilních dat"},{"$i":"reset-all","$v":"Reset mobile & Wi-Fi data"},{"$i":"not-set","$v":"Není nastaveno"},{"$i":"used","$v":"Využití"},{"$i":"limit-passed","$v":"Limit vypršel"},{"$i":"limit","$v":"Limit"},{"$i":"data-limit-header","$v":"Datový limit"},{"$i":"data-limit-alert","$v":"Upozornění na přenos dat"},{"$i":"data-limit-value2","$v":"Když je využití nad"},{"$i":"data-limit-dialog-title2","$v":"Vložte limit mobilních dat pro upozornění "},{"$i":"data-limit-dialog-explanation2","$v":"Rychlost připojení je po dosažení limitu snížena. Poraďte se s poskytovatelem dat, jaký vhodný limit nastavit."},{"$i":"data-limit-input-label","ariaLabel":"Data limit"},{"$i":"wifi-usage","$v":"Wi-Fi"},{"$i":"mobile-usage","$v":"Mobilní data"},{"$i":"wifi-usage-settings","$v":"Využití Wi-Fi"},{"$i":"mobile-usage-settings","$v":"Využití mobilních dat"},{"$i":"im-prepaid","$v":"Předplacená"},{"$i":"im-postpaid","$v":"Vyúčtovaná"},{"$i":"reset-data-usage","$v":"Hlášení o datech"},{"$i":"reset-report","$v":"Vynulovat hlášení"},{"$i":"next","$v":"Další"},{"$i":"back","$v":"Zpět"},{"$i":"lets-go","$v":"Začít"},{"$i":"alert","$v":"Upozornění"},{"$i":"alert-limit","$v":"Upozornění na limit"},{"$i":"fte-welcome-title","$v":"Vítejte"},{"$i":"data-limit-notification-title2","$v":["Dosažen datový limit ",{"t":"idOrVar","v":"limit"}]},{"$i":"data-limit-notification-text2","$v":"Dosáhl(a) jste limitu, který jste zvolil(a)"},{"$i":"low-balance-notification-title","$v":"Nízký zůstatek"},{"$i":"low-balance-notification-text","$v":["Zbývající kredit telefonu je ",{"t":"idOrVar","v":"remaining"}]},{"$i":"zero-balance-message","$v":"Zůstatek dosáhl nuly. Již není dostupný žádný kredit.  "},{"$i":"not-available","$v":"Není dostupné"},{"$i":"usage","$v":"Využití"},{"$i":"internet","$v":"Internet"},{"$i":"phone","$v":"Telefon"},{"$i":"loading-interface-data","$v":"Probíhá načítání dat rozhraní. Zkuste to znovu za chvíli. "},{"$i":"data-limit","$v":["Datový limit (",{"t":"idOrVar","v":"value"},")"]},{"$i":"data-available2","$v":{"zero":[{"t":"idOrVar","v":"value"}," ",{"t":"idOrVar","v":"unit"}," volných"],"one":[{"t":"idOrVar","v":"value"}," ",{"t":"idOrVar","v":"unit"}," volný"],"two":[{"t":"idOrVar","v":"value"}," ",{"t":"idOrVar","v":"unit"}," volné"],"few":[{"t":"idOrVar","v":"value"}," ",{"t":"idOrVar","v":"unit"}," volné"],"many":[{"t":"idOrVar","v":"value"}," ",{"t":"idOrVar","v":"unit"}," volných"],"other":[{"t":"idOrVar","v":"value"}," ",{"t":"idOrVar","v":"unit"}," volných"]},"$x":[{"t":"idOrVar","v":"plural"},"value"]},{"$i":"over-limit","$v":{"one":[{"t":"idOrVar","v":"value"}," ",{"t":"idOrVar","v":"unit"}," přes limit"],"two":[{"t":"idOrVar","v":"value"}," ",{"t":"idOrVar","v":"unit"}," přes limit"],"few":[{"t":"idOrVar","v":"value"}," ",{"t":"idOrVar","v":"unit"}," přes limit"],"many":[{"t":"idOrVar","v":"value"}," ",{"t":"idOrVar","v":"unit"}," přes limit"],"other":[{"t":"idOrVar","v":"value"}," ",{"t":"idOrVar","v":"unit"}," přes limit"]},"$x":[{"t":"idOrVar","v":"plural"},"value"]},{"$i":"verbose-chart-date-format","$v":[{"t":"idOrVar","v":"monthday-number"},". ",{"t":"idOrVar","v":"em-month"}]},{"$i":"day-hour-format","$v":[{"t":"idOrVar","v":"day"},", ",{"t":"idOrVar","v":"time"}]},{"$i":"B","$v":"B"},{"$i":"KB","$v":"KB"},{"$i":"MB","$v":"MB"},{"$i":"GB","$v":"GB"},{"$i":"unit-MB","ariaLabel":"MB"},{"$i":"unit-GB","ariaLabel":"GB"},{"$i":"app-usage-list-header","$v":"Mobile usage per app"},{"$i":"app-usage-no-data","$v":"Zatím nebyla využita žádná mobilní data. Využití dat jednotlivými aplikacemi se zobrazí až libovolná aplikace data použije."},{"$i":"data-used-since","$v":["Od ",{"t":"idOrVar","v":"start-date"}," využito ",{"t":"idOrVar","v":"amount"}," dat"]},{"$i":"data-used-this-week","$v":["Tento týden využito ",{"t":"idOrVar","v":"amount"}," dat"]},{"$i":"data-used-this-month","$v":["Tento měsíc využito ",{"t":"idOrVar","v":"amount"}," dat "]},{"$i":"data-usage-other-apps","$v":"Others"},{"$i":"data-usage-browser-app","$v":"Browser"},{"$i":"limit-layer-MB","ariaLabel":["Limit of ",{"t":"idOrVar","v":"value"}," MB"]},{"$i":"limit-layer-GB","ariaLabel":["Limit of ",{"t":"idOrVar","v":"value"}," GB"]},{"$i":"warning-layer","ariaLabel":[{"t":"idOrVar","v":"value"}," left"]},{"$i":"limit-exceeded-layer","ariaLabel":["Exceeded by ",{"t":"idOrVar","v":"value"}]},{"$i":"today-layer","ariaLabel":["Today is ",{"t":"idOrVar","v":"today"}]},{"$i":"axis-layer","ariaLabel":["From ",{"t":"idOrVar","v":"from"}," to ",{"t":"idOrVar","v":"to"}]},{"$i":"weekday-0-long","$v":"Neděle"},{"$i":"weekday-1-long","$v":"Pondělí"},{"$i":"weekday-2-long","$v":"Úterý"},{"$i":"weekday-3-long","$v":"Středa"},{"$i":"weekday-4-long","$v":"Čtvrtek"},{"$i":"weekday-5-long","$v":"Pátek"},{"$i":"weekday-6-long","$v":"Sobota"},{"$i":"weekday-0-short","$v":"Ne"},{"$i":"weekday-1-short","$v":"Po"},{"$i":"weekday-2-short","$v":"Út"},{"$i":"weekday-3-short","$v":"St"},{"$i":"weekday-4-short","$v":"Čt"},{"$i":"weekday-5-short","$v":"Pá"},{"$i":"weekday-6-short","$v":"So"},{"$i":"month-0-long","$v":"Leden"},{"$i":"month-1-long","$v":"Únor"},{"$i":"month-2-long","$v":"Březen"},{"$i":"month-3-long","$v":"Duben"},{"$i":"month-4-long","$v":"Květen"},{"$i":"month-5-long","$v":"Červen"},{"$i":"month-6-long","$v":"Červenec"},{"$i":"month-7-long","$v":"Srpen"},{"$i":"month-8-long","$v":"Září"},{"$i":"month-9-long","$v":"Říjen"},{"$i":"month-10-long","$v":"Listopad"},{"$i":"month-11-long","$v":"Prosinec"},{"$i":"month-0-genitive","$v":"Leden"},{"$i":"month-1-genitive","$v":"Únor"},{"$i":"month-2-genitive","$v":"Březen"},{"$i":"month-3-genitive","$v":"Duben"},{"$i":"month-4-genitive","$v":"Květen"},{"$i":"month-5-genitive","$v":"Červen"},{"$i":"month-6-genitive","$v":"Červenec"},{"$i":"month-7-genitive","$v":"Srpen"},{"$i":"month-8-genitive","$v":"Září"},{"$i":"month-9-genitive","$v":"Říjen"},{"$i":"month-10-genitive","$v":"Listopad"},{"$i":"month-11-genitive","$v":"Prosinec"},{"$i":"month-0-short","$v":"leden"},{"$i":"month-1-short","$v":"únor"},{"$i":"month-2-short","$v":"březen"},{"$i":"month-3-short","$v":"duben"},{"$i":"month-4-short","$v":"květen"},{"$i":"month-5-short","$v":"červen"},{"$i":"month-6-short","$v":"červenec"},{"$i":"month-7-short","$v":"srpen"},{"$i":"month-8-short","$v":"září"},{"$i":"month-9-short","$v":"říjen"},{"$i":"month-10-short","$v":"listopad"},{"$i":"month-11-short","$v":"prosinec"},{"$i":"minutes-ago-long","$v":{"zero":"právě teď","one":"před minutou","two":"před 2 minutami","few":["před ",{"t":"idOrVar","v":"value"}," minutami"],"many":["před ",{"t":"idOrVar","v":"value"}," minutami"],"other":["před ",{"t":"idOrVar","v":"value"}," minutami"]},"$x":[{"t":"idOrVar","v":"plural"},"value"]},{"$i":"hours-ago-long","$v":{"zero":"právě teď","one":"před hodinou","two":"před 2 hodinami","few":["před ",{"t":"idOrVar","v":"value"}," hodinami"],"many":["před ",{"t":"idOrVar","v":"value"}," hodinami"],"other":["před ",{"t":"idOrVar","v":"value"}," hodinami"]},"$x":[{"t":"idOrVar","v":"plural"},"value"]},{"$i":"days-ago-long","$v":{"zero":"dnes","one":"včera","two":"předevčírem","few":["před ",{"t":"idOrVar","v":"value"}," dny"],"many":["před ",{"t":"idOrVar","v":"value"}," dny"],"other":["před ",{"t":"idOrVar","v":"value"}," dny"]},"$x":[{"t":"idOrVar","v":"plural"},"value"]},{"$i":"weeks-ago-long","$v":{"zero":"tento týden","one":"minutý týden","two":["před ",{"t":"idOrVar","v":"value"}," týdny"],"few":["před ",{"t":"idOrVar","v":"value"}," týdny"],"many":["před ",{"t":"idOrVar","v":"value"}," týdny"],"other":["před ",{"t":"idOrVar","v":"value"}," týdny"]},"$x":[{"t":"idOrVar","v":"plural"},"value"]},{"$i":"months-ago-long","$v":{"zero":"tento měsíc","one":"minulý měsíc","two":["před ",{"t":"idOrVar","v":"value"}," měsíci"],"few":["před ",{"t":"idOrVar","v":"value"}," měsíci"],"many":["před ",{"t":"idOrVar","v":"value"}," měsíci"],"other":["před ",{"t":"idOrVar","v":"value"}," měsíci"]},"$x":[{"t":"idOrVar","v":"plural"},"value"]},{"$i":"years-ago-long","$v":{"zero":"tento rok","one":"minulý rok","two":["před ",{"t":"idOrVar","v":"value"}," roky"],"few":["před ",{"t":"idOrVar","v":"value"}," roky"],"many":["před ",{"t":"idOrVar","v":"value"}," roky"],"other":["před ",{"t":"idOrVar","v":"value"}," roky"]},"$x":[{"t":"idOrVar","v":"plural"},"value"]},{"$i":"minutes-until-long","$v":{"zero":"nyní","one":"za minutu","two":"za 2 minuty","few":["za ",{"t":"idOrVar","v":"value"}," minuty"],"many":["za ",{"t":"idOrVar","v":"value"}," minut"],"other":["za ",{"t":"idOrVar","v":"value"}," minut"]},"$x":[{"t":"idOrVar","v":"plural"},"value"]},{"$i":"hours-until-long","$v":{"zero":"nyní","one":"za hodinu","two":"za 2 hodiny","few":["za ",{"t":"idOrVar","v":"value"}," hodiny"],"many":["za ",{"t":"idOrVar","v":"value"}," hodin"],"other":["za ",{"t":"idOrVar","v":"value"}," hodin"]},"$x":[{"t":"idOrVar","v":"plural"},"value"]},{"$i":"days-until-long","$v":{"zero":"dnes","one":"zítra","two":"pozítří","few":["za ",{"t":"idOrVar","v":"value"}," dny"],"many":["za ",{"t":"idOrVar","v":"value"}," dnů"],"other":["za ",{"t":"idOrVar","v":"value"}," dnů"]},"$x":[{"t":"idOrVar","v":"plural"},"value"]},{"$i":"weeks-until-long","$v":{"zero":"tento týden","one":"příští týden","two":["za ",{"t":"idOrVar","v":"value"}," týdny"],"few":["za ",{"t":"idOrVar","v":"value"}," týdny"],"many":["za ",{"t":"idOrVar","v":"value"}," týdnů"],"other":["za ",{"t":"idOrVar","v":"value"}," týdnů"]},"$x":[{"t":"idOrVar","v":"plural"},"value"]},{"$i":"months-until-long","$v":{"zero":"tento měsíc","one":"příští měsíc","two":["za ",{"t":"idOrVar","v":"value"}," měsíce"],"few":["za ",{"t":"idOrVar","v":"value"}," měsíce"],"many":["za ",{"t":"idOrVar","v":"value"}," měsíců"],"other":["za ",{"t":"idOrVar","v":"value"}," měsíců"]},"$x":[{"t":"idOrVar","v":"plural"},"value"]},{"$i":"years-until-long","$v":{"zero":"tento rok","one":"příští rok","two":["za ",{"t":"idOrVar","v":"value"}," roky"],"few":["za ",{"t":"idOrVar","v":"value"}," roky"],"many":["za ",{"t":"idOrVar","v":"value"}," roků"],"other":["za ",{"t":"idOrVar","v":"value"}," roků"]},"$x":[{"t":"idOrVar","v":"plural"},"value"]},{"$i":"minutes-ago-short","$v":{"zero":"právě teď","other":["před ",{"t":"idOrVar","v":"value"}," min"]},"$x":[{"t":"idOrVar","v":"plural"},"value"]},{"$i":"hours-ago-short","$v":{"zero":"právě teď","other":["před ",{"t":"idOrVar","v":"value"}," hod"]},"$x":[{"t":"idOrVar","v":"plural"},"value"]},{"$i":"days-ago-short","$v":{"zero":"dnes","other":["před ",{"t":"idOrVar","v":"value"}," dny"]},"$x":[{"t":"idOrVar","v":"plural"},"value"]},{"$i":"minutes-until-short","$v":{"zero":"nyní","other":["za ",{"t":"idOrVar","v":"value"}," min"]},"$x":[{"t":"idOrVar","v":"plural"},"value"]},{"$i":"hours-until-short","$v":{"zero":"nyní","other":["za ",{"t":"idOrVar","v":"value"}," hod"]},"$x":[{"t":"idOrVar","v":"plural"},"value"]},{"$i":"days-until-short","$v":{"zero":"dnes","other":["za ",{"t":"idOrVar","v":"value"}," dny"]},"$x":[{"t":"idOrVar","v":"plural"},"value"]},{"$i":"incorrectDate","$v":"(neplatné datum)"},{"$i":"dateTimeFormat_%c","$v":"%a %e. %b %Y %H:%M:%S"},{"$i":"dateTimeFormat_%x","$v":"%e. %m. %Y"},{"$i":"dateTimeFormat_%X","$v":"%H:%M:%S"},{"$i":"shortTimeFormat","$v":"%H:%M"},{"$i":"shortTimeFormat12","$v":"%I:%M"},{"$i":"shortTimeFormat24","$v":"%H:%M"},{"$i":"shortDateTimeFormat","$v":"%x %H:%M"},{"$i":"weekStartsOnMonday","$v":"1"},{"$i":"firstDayOfTheWeek","$v":"0"},{"$i":"time_am","$v":"AM"},{"$i":"time_pm","$v":"PM"}]