[{"$i":"topup-confirmation-title2","$v":"Forbrug"},{"$i":"topup-confirmation-message","$v":"Optankning bekræftet"},{"$i":"topup-incorrectcode-title2","$v":"Forbrug"},{"$i":"topup-incorrectcode-message3","$v":"Ugyldig kode til optankning."},{"$i":"updating","$v":"Opdaterer"},{"$i":"updating-ellipsis","$v":"Opdaterer…"},{"$i":"yesterday","$v":"I går"},{"$i":"today","$v":"I dag"},{"$i":"never","$v":"Aldrig"},{"$i":"magnitude","$v":[{"t":"idOrVar","v":"value"}," ",{"t":"idOrVar","v":"unit"}]},{"$i":"currency","$v":[{"t":"idOrVar","v":"currency"},{"t":"idOrVar","v":"value"}]},{"$i":"widget","$v":"Forbrugs-widget"},{"$i":"widget-authed-sim-heading","$v":["Nyt simkort fra ",{"t":"idOrVar","v":"provider"}," er indsat"]},{"$i":"widget-authed-sim-meta","$v":"Tryk for at følge dit telefoni- og dataforbrug."},{"$i":"widget-nonauthed-sim-heading","$v":"Nyt simkort indsat"},{"$i":"widget-nonauthed-sim-meta","$v":"Tryk for at følge dit dataforbrug."},{"$i":"widget-airplane-mode-heading","$v":"Flytilstand"},{"$i":"widget-airplane-mode-meta","$v":"Slå flytilstand fra for at aktivere Forbrug."},{"$i":"widget-no-sim2-heading","$v":"Intet simkort"},{"$i":"widget-no-sim2-meta","$v":"Indsæt et simkort for at aktivere Forbrug."},{"$i":"widget-sim-locked-heading","$v":"Låst simkort"},{"$i":"widget-sim-locked-meta","$v":"Lås dit simkort op for at aktivere Forbrug."},{"$i":"widget-unknown-heading","$v":"Fejl"},{"$i":"widget-unknown-meta","$v":"Kontrollér, at flytilstand er deaktiveret."},{"$i":"fte","$v":"Forbrug - kom godt i gang"},{"$i":"fte-authed-sim","$v":"Spar penge ved at følge dit forbrug af telefoni og internet."},{"$i":"fte-nonauthed-sim","$v":"Spar penge ved at følge dit forbrug af internet."},{"$i":"fte-no-sim","$v":"Få tydelig information om dit dataforbrug."},{"$i":"fte-sim-info2","$v":"Informationen i Forbrug stammer fra denne enhed. Få mere detaljeret information hos din operatør."},{"$i":"fte-plantype-title","$v":"Abonnementstype"},{"$i":"fte-plantype-hint","$v":"Vælg den type abonnement, du har hos din operatør."},{"$i":"fte-prepaid2-title","$v":"Advarsel om kreditgrænse"},{"$i":"fte-prepaid2-hint","$v":"Opsæt en advarsel for at undgå at løbe tør for kredit."},{"$i":"fte-prepaid3-title","$v":"Dataforbrug og advarsel"},{"$i":"fte-prepaid3-hint","$v":"Modtag rapporter om dit dataforbrug, og opsæt en advarsel for at undgå et for stort dataforbrug."},{"$i":"fte-postpaid2-title","$v":"Telefoni- og datarapporter"},{"$i":"fte-postpaid2-hint","$v":"Modtag rapporter om dit telefoni- og dataforbrug."},{"$i":"fte-postpaid3-title","$v":"Dataadvarsel"},{"$i":"fte-postpaid3-hint","$v":"Opsæt en advarsel for at undgå et for stort dataforbrug."},{"$i":"fte-onlydata2-title","$v":"Datarapport"},{"$i":"fte-onlydata2-hint","$v":"Modtag rapporter om dit dataforbrug."},{"$i":"fte-onlydata3-title","$v":"Dataadvarsel"},{"$i":"fte-onlydata3-hint","$v":"Opsæt en advarsel for at undgå et for stort dataforbrug."},{"$i":"phone-activity","$v":"Telefoniaktivitet"},{"$i":"balance","$v":"Saldo"},{"$i":"on-roaming-message2","$v":"Roaming: Ingen automatisk opdatering af saldo. Du kan blive opkrævet for manuel opdatering."},{"$i":"balance-error-message2","$v":"Din saldo blev ikke opdateret korrekt. Prøv at opdatere manuelt."},{"$i":"airplane-mode-error-message2","$v":"Slå flytilstand fra for at opdatere din saldo eller for at tanke op."},{"$i":"disable-airplane-mode","$v":"Vil du slå flytilstand fra for at opdatere eller tanke op?"},{"$i":"no-coverage-error-message2","$v":"Du skal have telefonforbindelse for at kunne opdatere din saldo eller tanke op."},{"$i":"top-up","$v":"Tank op"},{"$i":"enter-top-up-code","$v":"Indtast kode til optankning"},{"$i":"top-up-code-explanation2","$v":"Find koden på dit skrabekort eller din kvittering."},{"$i":"wait-for-confirmation","$v":"Du vil få tilsendt en bekræftelse"},{"$i":"incorrect-code2","$v":"Kontroller, at koden er korrekt, og prøv igen."},{"$i":"topup-error2","$v":"Det lykkedes ikke at sende koden. Prøv igen."},{"$i":"application-error-title","$v":"Tjenesten er ikke tilgængelig"},{"$i":"application-error-message","$v":"Kontakt din operatør"},{"$i":"service-unavailable-title","$v":"Tjenesten er ikke tilgængelig"},{"$i":"service-unavailable-message","$v":"Hverken opdatering eller optankning er muligt i øjeblikket. Prøv igen senere."},{"$i":"data-usage","$v":"Dataforbrug"},{"$i":"update-button","$v":"Opdater"},{"$i":"topup-button2","$v":"Brug kode til optankning"},{"$i":"topup-ussd-button2","$v":"Åbn menuen til optankning"},{"$i":"ok","$v":"OK"},{"$i":"top-up-in-progress2","$v":"Din optankning behandles."},{"$i":"top-up-timed-out2","$v":"Opdatér din saldo for at kontrollere. Hvis saldoen er uændret, så prøv at tanke op igen."},{"$i":"on-topup-not-confirmed-title","$v":"Optankning ikke bekræftet"},{"$i":"on-topup-not-confirmed-message","$v":"Prøv at opdatere din saldo eller prøv at tanke op igen."},{"$i":"send","$v":"send"},{"$i":"plantype-setup-title","$v":"Mit telefoni- og internetabonnement er"},{"$i":"prepaid","$v":"Forudbetalt"},{"$i":"postpaid","$v":"Efterbetalt"},{"$i":"phoneactivity","$v":"Telefoniaktivitet"},{"$i":"short-date-format","$v":"%d. %b"},{"$i":"long-date-format","$v":"%d. %B, %Y"},{"$i":"sms-sent","$v":"Sendte SMS'er"},{"$i":"call-made","$v":"Udgående opkald"},{"$i":"settings","$v":"Indstillinger"},{"$i":"low-balance-alert","$v":"Advarsel ved lav saldo"},{"$i":"low-balance-explanation2","$v":"Når saldo er under"},{"$i":"phone-and-internet-data-report","$v":"Telefoni- og internetrapport"},{"$i":"internet-data-report","$v":"Datarapport for internet"},{"$i":"starting-on","$v":"Begyndende den"},{"$i":"cancel","$v":"Annuller"},{"$i":"monthly","$v":"Månedligt"},{"$i":"weekly","$v":"Ugentligt"},{"$i":"monday","$v":"Mandag"},{"$i":"tuesday","$v":"Tirsdag"},{"$i":"wednesday","$v":"Onsdag"},{"$i":"thursday","$v":"Torsdag"},{"$i":"friday","$v":"Fredag"},{"$i":"saturday","$v":"Lørdag"},{"$i":"sunday","$v":"Søndag"},{"$i":"billing-cycle-ends","$v":"Regningsperiode slutter"},{"$i":"tracking-will-reset","$v":"Sporing vil blive nulstillet på denne dato"},{"$i":"yes","$v":"Ja"},{"$i":"done","$v":"Færdig"},{"$i":"confirmation","$v":"Bekræft"},{"$i":"reset-wifi-confirmation-warning","$v":["Dit nuværende forbrug af wi-fi er ",{"t":"idOrVar","v":"wifiData"},". Nulstil forbruget?"]},{"$i":"reset-mobile-confirmation-warning","$v":["Dit nuværende forbrug af mobile data er ",{"t":"idOrVar","v":"mobileData"},". Nulstil forbruget?"]},{"$i":"reset-all-confirmation-warning","$v":["Dit nuværende forbrug af data er ",{"t":"idOrVar","v":"mobileData"}," på mobilforbindelse, ",{"t":"idOrVar","v":"wifiData"}," på wi-fi. Nulstil forbruget?"]},{"$i":"reset-telephony-confirmation-warning","$v":"Dit nuværende forbrug vil blive slettet. Er du sikker på, at du vil nulstille?"},{"$i":"reset","$v":"Nulstil"},{"$i":"reset-wifi","$v":"Nulstil wi-fi-forbrug"},{"$i":"reset-mobile","$v":"Nulstil mobil-brug"},{"$i":"reset-all","$v":"Nulstil mobil- og wi-fi-brug"},{"$i":"not-set","$v":"Ikke sat"},{"$i":"used","$v":"Brugt"},{"$i":"limit-passed","$v":"Grænsen passeret"},{"$i":"limit","$v":"Grænse"},{"$i":"data-limit-header","$v":"Dataforbrug"},{"$i":"data-limit-alert","$v":"Advarsel om dataforbrug"},{"$i":"data-limit-value2","$v":"Når der er brugt mere end"},{"$i":"data-limit-dialog-title2","$v":"Indtast en grænse for alarm ved dataforbrug"},{"$i":"data-limit-dialog-explanation2","$v":"Reduceret hastighed når grænsen er overskredet. Kontroller info fra din operatør for at finde en passende grænse."},{"$i":"data-limit-input-label","ariaLabel":"datagrænse"},{"$i":"wifi-usage","$v":"Wi-fi"},{"$i":"mobile-usage","$v":"Mobil"},{"$i":"wifi-usage-settings","$v":"Wi-fi"},{"$i":"mobile-usage-settings","$v":"Mobil"},{"$i":"im-prepaid","$v":"Jeg betaler forud"},{"$i":"im-postpaid","$v":"Jeg betaler bagud"},{"$i":"reset-data-usage","$v":"Nulstil data-brug"},{"$i":"reset-report","$v":"Nulstil rapporter"},{"$i":"next","$v":"Næste"},{"$i":"back","$v":"Tilbage"},{"$i":"lets-go","$v":"Lad os starte!"},{"$i":"alert","$v":"Advarsel"},{"$i":"alert-limit","$v":"Advarsel, grænse"},{"$i":"fte-welcome-title","$v":"Velkommen"},{"$i":"data-limit-notification-title2","$v":["Du har brugt ",{"t":"idOrVar","v":"limit"}," data"]},{"$i":"data-limit-notification-text2","$v":"Du har nået den angivne datagrænse"},{"$i":"low-balance-notification-title","$v":"Lav saldo"},{"$i":"low-balance-notification-text","$v":[{"t":"idOrVar","v":"remaining"}," tilbage til telefoni"]},{"$i":"zero-balance-message","$v":"Din saldo er nul, du har ikke mere tilbage til telefoni."},{"$i":"not-available","$v":"Ikke tilgængelig"},{"$i":"usage","$v":"Forbrug"},{"$i":"internet","$v":"Internet"},{"$i":"phone","$v":"Telefoni"},{"$i":"loading-interface-data","$v":"Indlæser data til brugerfladen. Prøv igen om lidt."},{"$i":"data-limit","$v":["Datagrænse (",{"t":"idOrVar","v":"value"},")"]},{"$i":"data-available2","$v":{"zero":[{"t":"idOrVar","v":"value"}," ",{"t":"idOrVar","v":"unit"}," tilgængelig"],"one":[{"t":"idOrVar","v":"value"}," ",{"t":"idOrVar","v":"unit"}," tilgængelig"],"two":[{"t":"idOrVar","v":"value"}," ",{"t":"idOrVar","v":"unit"}," tilgængelig"],"few":[{"t":"idOrVar","v":"value"}," ",{"t":"idOrVar","v":"unit"}," tilgængelig"],"many":[{"t":"idOrVar","v":"value"}," ",{"t":"idOrVar","v":"unit"}," tilgængelig"],"other":[{"t":"idOrVar","v":"value"}," ",{"t":"idOrVar","v":"unit"}," tilgængelig"]},"$x":[{"t":"idOrVar","v":"plural"},"value"]},{"$i":"over-limit","$v":{"one":[{"t":"idOrVar","v":"value"}," ",{"t":"idOrVar","v":"unit"}," over grænsen"],"two":[{"t":"idOrVar","v":"value"}," ",{"t":"idOrVar","v":"unit"}," over grænsen"],"few":[{"t":"idOrVar","v":"value"}," ",{"t":"idOrVar","v":"unit"}," over grænsen"],"many":[{"t":"idOrVar","v":"value"}," ",{"t":"idOrVar","v":"unit"}," over grænsen"],"other":[{"t":"idOrVar","v":"value"}," ",{"t":"idOrVar","v":"unit"}," over grænsen"]},"$x":[{"t":"idOrVar","v":"plural"},"value"]},{"$i":"verbose-chart-date-format","$v":[{"t":"idOrVar","v":"monthday-number"},". ",{"t":"idOrVar","v":"em-month"}]},{"$i":"day-hour-format","$v":[{"t":"idOrVar","v":"day"},", ",{"t":"idOrVar","v":"time"}]},{"$i":"B","$v":"B"},{"$i":"KB","$v":"KB"},{"$i":"MB","$v":"MB"},{"$i":"GB","$v":"GB"},{"$i":"unit-MB","ariaLabel":"MB"},{"$i":"unit-GB","ariaLabel":"GB"},{"$i":"app-usage-list-header","$v":"Brug af mobile data pr. app"},{"$i":"app-usage-no-data","$v":"Du har endnu ikke brugt mobile data. Når du bruger mobile data, vil du kunne se forbruget for hver app her."},{"$i":"data-used-since","$v":[{"t":"idOrVar","v":"amount"}," data brugt siden ",{"t":"idOrVar","v":"start-date"}]},{"$i":"data-used-this-week","$v":[{"t":"idOrVar","v":"amount"}," data brugt denne uge"]},{"$i":"data-used-this-month","$v":[{"t":"idOrVar","v":"amount"}," data brugt denne måned"]},{"$i":"data-usage-other-apps","$v":"Andres"},{"$i":"data-usage-browser-app","$v":"Browser"},{"$i":"limit-layer-MB","ariaLabel":["Grænse på ",{"t":"idOrVar","v":"value"}," MB"]},{"$i":"limit-layer-GB","ariaLabel":["Grænse på ",{"t":"idOrVar","v":"value"}," GB"]},{"$i":"warning-layer","ariaLabel":[{"t":"idOrVar","v":"value"}," tilbage"]},{"$i":"limit-exceeded-layer","ariaLabel":["Overskredet med ",{"t":"idOrVar","v":"value"}]},{"$i":"today-layer","ariaLabel":["I dag er ",{"t":"idOrVar","v":"today"}]},{"$i":"axis-layer","ariaLabel":["Fra ",{"t":"idOrVar","v":"from"}," til ",{"t":"idOrVar","v":"to"}]},{"$i":"weekday-0-long","$v":"Søndag"},{"$i":"weekday-1-long","$v":"Mandag"},{"$i":"weekday-2-long","$v":"Tirsdag"},{"$i":"weekday-3-long","$v":"Onsdag"},{"$i":"weekday-4-long","$v":"Torsdag"},{"$i":"weekday-5-long","$v":"Fredag"},{"$i":"weekday-6-long","$v":"Lørdag"},{"$i":"weekday-0-short","$v":"Søn"},{"$i":"weekday-1-short","$v":"Man"},{"$i":"weekday-2-short","$v":"Tir"},{"$i":"weekday-3-short","$v":"Ons"},{"$i":"weekday-4-short","$v":"Tor"},{"$i":"weekday-5-short","$v":"Fre"},{"$i":"weekday-6-short","$v":"Lør"},{"$i":"month-0-long","$v":"Januar"},{"$i":"month-1-long","$v":"Februar"},{"$i":"month-2-long","$v":"Marts"},{"$i":"month-3-long","$v":"April"},{"$i":"month-4-long","$v":"Maj"},{"$i":"month-5-long","$v":"Juni"},{"$i":"month-6-long","$v":"Juli"},{"$i":"month-7-long","$v":"August"},{"$i":"month-8-long","$v":"September"},{"$i":"month-9-long","$v":"Oktober"},{"$i":"month-10-long","$v":"November"},{"$i":"month-11-long","$v":"December"},{"$i":"month-0-genitive","$v":"januar"},{"$i":"month-1-genitive","$v":"februar"},{"$i":"month-2-genitive","$v":"marts"},{"$i":"month-3-genitive","$v":"april"},{"$i":"month-4-genitive","$v":"maj"},{"$i":"month-5-genitive","$v":"juni"},{"$i":"month-6-genitive","$v":"juli"},{"$i":"month-7-genitive","$v":"august"},{"$i":"month-8-genitive","$v":"september"},{"$i":"month-9-genitive","$v":"oktober"},{"$i":"month-10-genitive","$v":"november"},{"$i":"month-11-genitive","$v":"december"},{"$i":"month-0-short","$v":"Jan"},{"$i":"month-1-short","$v":"Feb"},{"$i":"month-2-short","$v":"Mar"},{"$i":"month-3-short","$v":"Apr"},{"$i":"month-4-short","$v":"Maj"},{"$i":"month-5-short","$v":"Jun"},{"$i":"month-6-short","$v":"Jul"},{"$i":"month-7-short","$v":"Aug"},{"$i":"month-8-short","$v":"Sep"},{"$i":"month-9-short","$v":"Okt"},{"$i":"month-10-short","$v":"Nov"},{"$i":"month-11-short","$v":"Dec"},{"$i":"minutes-ago-long","$v":{"zero":"nu","one":"for et minut siden","two":["for ",{"t":"idOrVar","v":"value"}," minutter siden"],"few":["for ",{"t":"idOrVar","v":"value"}," minutter siden"],"many":["for ",{"t":"idOrVar","v":"value"}," minutter siden"],"other":["for ",{"t":"idOrVar","v":"value"}," minutter siden"]},"$x":[{"t":"idOrVar","v":"plural"},"value"]},{"$i":"hours-ago-long","$v":{"zero":"nu","one":"for en time siden","two":["for ",{"t":"idOrVar","v":"value"}," timer siden"],"few":["for ",{"t":"idOrVar","v":"value"}," timer siden"],"many":["for ",{"t":"idOrVar","v":"value"}," timer siden"],"other":["for ",{"t":"idOrVar","v":"value"}," timer siden"]},"$x":[{"t":"idOrVar","v":"plural"},"value"]},{"$i":"days-ago-long","$v":{"zero":"i dag","one":"i går","two":["for ",{"t":"idOrVar","v":"value"}," dage siden"],"few":["for ",{"t":"idOrVar","v":"value"}," dage siden"],"many":["for ",{"t":"idOrVar","v":"value"}," dage siden"],"other":["for ",{"t":"idOrVar","v":"value"}," dage siden"]},"$x":[{"t":"idOrVar","v":"plural"},"value"]},{"$i":"weeks-ago-long","$v":{"zero":"denne uge","one":"sidste uge","two":["for ",{"t":"idOrVar","v":"value"}," uger siden"],"few":["for ",{"t":"idOrVar","v":"value"}," uger siden"],"many":["for ",{"t":"idOrVar","v":"value"}," uger siden"],"other":["for ",{"t":"idOrVar","v":"value"}," uger siden"]},"$x":[{"t":"idOrVar","v":"plural"},"value"]},{"$i":"months-ago-long","$v":{"zero":"denne måned","one":"sidste måned","two":["for ",{"t":"idOrVar","v":"value"}," måneder siden"],"few":["for ",{"t":"idOrVar","v":"value"}," måneder siden"],"many":["for ",{"t":"idOrVar","v":"value"}," måneder siden"],"other":["for ",{"t":"idOrVar","v":"value"}," måneder siden"]},"$x":[{"t":"idOrVar","v":"plural"},"value"]},{"$i":"years-ago-long","$v":{"zero":"dette år","one":"sidste år","two":["for ",{"t":"idOrVar","v":"value"}," år siden"],"few":["for ",{"t":"idOrVar","v":"value"}," år siden"],"many":["for ",{"t":"idOrVar","v":"value"}," år siden"],"other":["for ",{"t":"idOrVar","v":"value"}," år siden"]},"$x":[{"t":"idOrVar","v":"plural"},"value"]},{"$i":"minutes-until-long","$v":{"zero":"nu","one":"om et minut","two":["om ",{"t":"idOrVar","v":"value"}," minutter"],"few":["om ",{"t":"idOrVar","v":"value"}," minutter"],"many":["om ",{"t":"idOrVar","v":"value"}," minutter"],"other":["om ",{"t":"idOrVar","v":"value"}," minutter"]},"$x":[{"t":"idOrVar","v":"plural"},"value"]},{"$i":"hours-until-long","$v":{"zero":"nu","one":"om en time","two":["om ",{"t":"idOrVar","v":"value"}," timer"],"few":["om ",{"t":"idOrVar","v":"value"}," timer"],"many":["om ",{"t":"idOrVar","v":"value"}," timer"],"other":["om ",{"t":"idOrVar","v":"value"}," timer"]},"$x":[{"t":"idOrVar","v":"plural"},"value"]},{"$i":"days-until-long","$v":{"zero":"i dag","one":"i morgen","two":["om ",{"t":"idOrVar","v":"value"}," dage"],"few":["om ",{"t":"idOrVar","v":"value"}," dage"],"many":["om ",{"t":"idOrVar","v":"value"}," dage"],"other":["om ",{"t":"idOrVar","v":"value"}," dage"]},"$x":[{"t":"idOrVar","v":"plural"},"value"]},{"$i":"weeks-until-long","$v":{"zero":"denne uge","one":"næste uge","two":["om ",{"t":"idOrVar","v":"value"}," uger"],"few":["om ",{"t":"idOrVar","v":"value"}," uger"],"many":["om ",{"t":"idOrVar","v":"value"}," uger"],"other":["om ",{"t":"idOrVar","v":"value"}," uger"]},"$x":[{"t":"idOrVar","v":"plural"},"value"]},{"$i":"months-until-long","$v":{"zero":"denne måned","one":"næste måned","two":["om ",{"t":"idOrVar","v":"value"}," måneder"],"few":["om ",{"t":"idOrVar","v":"value"}," måneder"],"many":["om ",{"t":"idOrVar","v":"value"}," måneder"],"other":["om ",{"t":"idOrVar","v":"value"}," måneder"]},"$x":[{"t":"idOrVar","v":"plural"},"value"]},{"$i":"years-until-long","$v":{"zero":"i år","one":"næste år","two":["om ",{"t":"idOrVar","v":"value"}," år"],"few":["om ",{"t":"idOrVar","v":"value"}," år"],"many":["om ",{"t":"idOrVar","v":"value"}," år"],"other":["om ",{"t":"idOrVar","v":"value"}," år"]},"$x":[{"t":"idOrVar","v":"plural"},"value"]},{"$i":"minutes-ago-short","$v":{"zero":"nu","other":[{"t":"idOrVar","v":"value"}," m. siden"]},"$x":[{"t":"idOrVar","v":"plural"},"value"]},{"$i":"hours-ago-short","$v":{"zero":"nu","other":[{"t":"idOrVar","v":"value"}," t. siden"]},"$x":[{"t":"idOrVar","v":"plural"},"value"]},{"$i":"days-ago-short","$v":{"zero":"i dag","other":[{"t":"idOrVar","v":"value"}," d. siden"]},"$x":[{"t":"idOrVar","v":"plural"},"value"]},{"$i":"minutes-until-short","$v":{"zero":"nu","other":["om ",{"t":"idOrVar","v":"value"}," m."]},"$x":[{"t":"idOrVar","v":"plural"},"value"]},{"$i":"hours-until-short","$v":{"zero":"nu","other":["om ",{"t":"idOrVar","v":"value"}," t."]},"$x":[{"t":"idOrVar","v":"plural"},"value"]},{"$i":"days-until-short","$v":{"zero":"i dag","other":["om ",{"t":"idOrVar","v":"value"}," d."]},"$x":[{"t":"idOrVar","v":"plural"},"value"]},{"$i":"incorrectDate","$v":"(forkert dato)"},{"$i":"dateTimeFormat_%c","$v":"%a d. %e. %b %Y %H:%M:%S"},{"$i":"dateTimeFormat_%x","$v":"%d-%m-%Y"},{"$i":"dateTimeFormat_%X","$v":"%H:%M:%S"},{"$i":"shortTimeFormat","$v":"%H:%M"},{"$i":"shortTimeFormat12","$v":"%I:%M %p"},{"$i":"shortTimeFormat24","$v":"%H:%M"},{"$i":"shortDateTimeFormat","$v":"%x %H:%M"},{"$i":"weekStartsOnMonday","$v":"1"},{"$i":"firstDayOfTheWeek","$v":"1"},{"$i":"time_am","$v":"AM"},{"$i":"time_pm","$v":"PM"}]