[{"$i":"topup-confirmation-title2","$v":"Χρήση"},{"$i":"topup-confirmation-message","$v":"Η επέκταση επιβεβαιώθηκε"},{"$i":"topup-incorrectcode-title2","$v":"Χρήση"},{"$i":"topup-incorrectcode-message3","$v":"Εισήχθη λανθασμένος κωδικός επέκτασης."},{"$i":"updating","$v":"Ενημέρωση"},{"$i":"updating-ellipsis","$v":"Ενημέρωση…"},{"$i":"yesterday","$v":"Χθες"},{"$i":"today","$v":"Σήμερα"},{"$i":"never","$v":"Ποτέ"},{"$i":"magnitude","$v":[{"t":"idOrVar","v":"value"}," ",{"t":"idOrVar","v":"unit"}]},{"$i":"currency","$v":[{"t":"idOrVar","v":"currency"},{"t":"idOrVar","v":"value"}]},{"$i":"widget","$v":"Γραφικό στοιχείο χρήσης δεδομένων"},{"$i":"widget-authed-sim-heading","$v":["Νέα κάρτα SIM ",{"t":"idOrVar","v":"provider"}]},{"$i":"widget-authed-sim-meta","$v":"Πατήστε εδώ, για καταγραφή χρήσης της."},{"$i":"widget-nonauthed-sim-heading","$v":"Νέα κάρτα SIM"},{"$i":"widget-nonauthed-sim-meta","$v":"Πατήστε εδώ, για καταγραφή χρήσης της."},{"$i":"widget-airplane-mode-heading","$v":"Λειτουργία πτήσης"},{"$i":"widget-airplane-mode-meta","$v":"Παρακαλούμε απενεργοποιήστε τη λειτουργία πτήσης, για καταγραφή χρήσης."},{"$i":"widget-no-sim2-heading","$v":"Δεν έχει εισαχθεί κάρτα SIM"},{"$i":"widget-no-sim2-meta","$v":"Εισάγετε SIM, για καταγραφή χρήσης της."},{"$i":"widget-sim-locked-heading","$v":"Κλειδωμένη κάρτα SIM"},{"$i":"widget-sim-locked-meta","$v":"Ξεκλειδώστε, για καταγραφή χρήσης της."},{"$i":"widget-unknown-heading","$v":"Error"},{"$i":"widget-unknown-meta","$v":"Please, make sure airplane mode is off."},{"$i":"fte","$v":"Πρώτη εμπειρία χρήσης"},{"$i":"fte-authed-sim","$v":"Εξοικονομήστε χρήματα καταγράφοντας τη δραστηριότητα σας στο τηλέφωνο και στο διαδίκτυο."},{"$i":"fte-nonauthed-sim","$v":"Εξοικονομήστε χρήματα καταγράφοντας τη δραστηριότητα σας στο διαδίκτυο."},{"$i":"fte-no-sim","$v":"Λάβετε σαφείς πληροφορίες σχετικά με την ποσότητα της διαδικτυακής σας κίνησης."},{"$i":"fte-sim-info2","$v":"Οι πληροφορίες που εμφανίζονται στη Χρήση προέρχονται απευθείας από αυτή τη συσκευή. Επικοινωνήστε με τον πάροχο σας για λεπτομερείς πληροφορίες σχετικά με το λογαριασμό σας."},{"$i":"fte-plantype-title","$v":"Είδος Συμβολαίου"},{"$i":"fte-plantype-hint","$v":"Επιλέξτε το είδος του συμβολαίου που έχετε συνάψει με τον πάροχο σας."},{"$i":"fte-prepaid2-title","$v":"Ειδοποίηση Χαμηλού Υπολοίπου"},{"$i":"fte-prepaid2-hint","$v":"Ορίστε μια ειδοποίηση για να αποφύγετε να ξεμείνετε από μονάδες."},{"$i":"fte-prepaid3-title","$v":"Αναφορά και Ειδοποίηση Δεδομένων"},{"$i":"fte-prepaid3-hint","$v":"Λάβετε αναφορές για τη χρήση του διαδικτύου και ορίστε μια ειδοποίηση για να αποτρέψετε την υπέρμετρη χρήση του."},{"$i":"fte-postpaid2-title","$v":"Αναφορά Τηλεφώνου και Δεδομένων"},{"$i":"fte-postpaid2-hint","$v":"Λάβετε πληροφορίες για τη χρήση του τηλεφώνου και του διαδικτύου."},{"$i":"fte-postpaid3-title","$v":"Ειδοποίηση Δεδομένων"},{"$i":"fte-postpaid3-hint","$v":"Ορίστε μια ειδοποίηση για να αποφύγετε τη χρήση υπέρμετρου όγκου δεδομένων."},{"$i":"fte-onlydata2-title","$v":"Αναφορά Δεδομένων"},{"$i":"fte-onlydata2-hint","$v":"Λάβετε αναφορές σχετικά με τη χρήση του διαδικτύου."},{"$i":"fte-onlydata3-title","$v":"Ειδοποίηση Δεδομένων"},{"$i":"fte-onlydata3-hint","$v":"Ορίστε μια ειδοποίηση για να αποφύγετε τη χρήση υπέρμετρου όγκου δεδομένων."},{"$i":"phone-activity","$v":"Δραστηριότητα Τηλεφώνου"},{"$i":"balance","$v":"Υπόλοιπο"},{"$i":"on-roaming-message2","$v":"Περιαγωγή: καμία αυτόματη ενημέρωση υπολοίπου. Ενδέχεται να ισχύουν χρεώσεις για χειροκίνητη ενημέρωση."},{"$i":"balance-error-message2","$v":"Το υπόλοιπο δεν ενημερώθηκε σωστά. Δοκιμάστε να ανανεώσετε χειροκίνητα."},{"$i":"airplane-mode-error-message2","$v":"Απενεργοποιήστε τη λειτουργία πτήσης για να κάνετε ενημέρωση ή επέκταση υπολοίπου."},{"$i":"disable-airplane-mode","$v":"Θέλετε να απενεργοποιήσετε τη λειτουργία πτήσης ώστε να ανανεώσετε ή να κάνετε επέκταση υπολοίπου;"},{"$i":"no-coverage-error-message2","$v":"Χρειάζεστε κάλυψη δικτύου για να ενημερώσετε ή να επεκτείνετε το υπόλοιπο σας."},{"$i":"top-up","$v":"Επέκταση"},{"$i":"enter-top-up-code","$v":"Εισάγετε τον κωδικό για την επέκταση υπολοίπου"},{"$i":"top-up-code-explanation2","$v":"Βρείτε το στην κάρτα SIM ή απευθείας στο συμβόλαιο σας."},{"$i":"wait-for-confirmation","$v":"Θα λάβετε ένα μήνυμα επιβεβαίωσης"},{"$i":"incorrect-code2","$v":"Βεβαιωθείτε πως ο κωδικός είναι σωστός και δοκιμάστε ξανά."},{"$i":"topup-error2","$v":"Παρουσιάστηκε κάποιο πρόβλημα κατά την αποστολή του κωδικού. Παρακαλούμε, προσπαθήστε ξανά."},{"$i":"application-error-title","$v":"Η υπηρεσία δεν είναι διαθέσιμη"},{"$i":"application-error-message","$v":"Επικοινωνήστε με εκπρόσωπο της εταιρείας σας."},{"$i":"service-unavailable-title","$v":"Η υπηρεσία δεν είναι διαθέσιμη"},{"$i":"service-unavailable-message","$v":"Δεν είναι δυνατή αυτή τη στιγμή η ενημέρωση ή επέκταση του υπολοίπου σας. Παρακαλούμε δοκιμάστε αργότερα."},{"$i":"data-usage","$v":"Χρήση δεδομένων"},{"$i":"update-button","$v":"Ενημέρωση"},{"$i":"topup-button2","$v":"Χρήση κωδικού επέκτασης"},{"$i":"topup-ussd-button2","$v":"Άνοιγμα καταλόγου επέκτασης"},{"$i":"ok","$v":"ΟΚ"},{"$i":"top-up-in-progress2","$v":"Η επέκταση υπολοίπου σας βρίσκεται σε επεξεργασία."},{"$i":"top-up-timed-out2","$v":"Ενημερώστε το υπόλοιπο σας για επιβεβαίωση. Αν το υπόλοιπο σας δεν έχει μεταβληθεί, δοκιμάστε την επέκταση υπολοίπου ξανά."},{"$i":"on-topup-not-confirmed-title","$v":"Η επέκταση δεν επιβεβαιώθηκε"},{"$i":"on-topup-not-confirmed-message","$v":"Δοκιμάστε να ανανεώσετε το υπόλοιπο σας ή ξαναδοκιμάστε την επέκταση υπολοίπου"},{"$i":"send","$v":"αποστολή"},{"$i":"plantype-setup-title","$v":"Το πρόγραμμα μου για το τηλέφωνο και το διαδίκτυο είναι"},{"$i":"prepaid","$v":"Καρτοκινητής"},{"$i":"postpaid","$v":"Συμβολαίου"},{"$i":"phoneactivity","$v":"Δραστηριότητα τηλεφώνου"},{"$i":"short-date-format","$v":"%b %d"},{"$i":"long-date-format","$v":"%B %d, %Y"},{"$i":"sms-sent","$v":"Το μήνυμα εστάλη"},{"$i":"call-made","$v":"Εξερχόμενες κλήσεις"},{"$i":"settings","$v":"Ρυθμίσεις"},{"$i":"low-balance-alert","$v":"Ειδοποίηση χαμηλού υπολοίπου"},{"$i":"low-balance-explanation2","$v":"Όταν το υπόλοιπο είναι κάτω από"},{"$i":"phone-and-internet-data-report","$v":"Αναφορές δεδομένων τηλεφώνου και διαδικτύου"},{"$i":"internet-data-report","$v":"Αναφορές δεδομένων διαδικτύου"},{"$i":"starting-on","$v":"Έναρξη την"},{"$i":"cancel","$v":"Ακύρωση"},{"$i":"monthly","$v":"Μηνιαία"},{"$i":"weekly","$v":"Εβδομαδιαία"},{"$i":"monday","$v":"Δευτέρα"},{"$i":"tuesday","$v":"Τρίτη"},{"$i":"wednesday","$v":"Τετάρτη"},{"$i":"thursday","$v":"Πέμπτη"},{"$i":"friday","$v":"Παρασκευή"},{"$i":"saturday","$v":"Σάββατο"},{"$i":"sunday","$v":"Κυριακή"},{"$i":"billing-cycle-ends","$v":"Μια περίοδος πληρωμής τελειώνει"},{"$i":"tracking-will-reset","$v":"Θα γίνει επαναφορά της καταγραφής σε αυτή την ημερομηνία"},{"$i":"yes","$v":"Ναι"},{"$i":"done","$v":"ΟΚ"},{"$i":"confirmation","$v":"Επιβεβαίωση"},{"$i":"reset-wifi-confirmation-warning","$v":["Your current Wi-Fi data usage is ",{"t":"idOrVar","v":"wifiData"},". Clear it all?"]},{"$i":"reset-mobile-confirmation-warning","$v":["Your current mobile data usage is ",{"t":"idOrVar","v":"mobileData"},". Clear it all?"]},{"$i":"reset-all-confirmation-warning","$v":["Your current data usages are ",{"t":"idOrVar","v":"mobileData"}," on mobile, ",{"t":"idOrVar","v":"wifiData"}," on Wi-Fi. Clear it all?"]},{"$i":"reset-telephony-confirmation-warning","$v":"All current data will be deleted. Are you sure you want to reset?"},{"$i":"reset","$v":"Επανεκκίνηση"},{"$i":"reset-wifi","$v":"Επαναφορά χρήσης Wi-Fi"},{"$i":"reset-mobile","$v":"Επαναφορά χρήσης κινητής"},{"$i":"reset-all","$v":"Reset mobile & Wi-Fi data"},{"$i":"not-set","$v":"Μη ορισμένο"},{"$i":"used","$v":"Σε χρήση"},{"$i":"limit-passed","$v":"Το όριο παρήλθε"},{"$i":"limit","$v":"Όριο"},{"$i":"data-limit-header","$v":"Όριο χρήσης"},{"$i":"data-limit-alert","$v":"Ειδοποίηση χρήσης"},{"$i":"data-limit-value2","$v":"Για χρήση πάνω από"},{"$i":"data-limit-dialog-title2","$v":"Ενεργοποίηση της ειδοποίησης υπέρβασης ορίου των δεδομένων δικτύου"},{"$i":"data-limit-dialog-explanation2","$v":"Οι ταχύτητες της σύνδεσης μειώνονται μόλις το όριο ξεπεραστεί. Επικοινωνήστε με τον πάροχο σας για να καθορίσετε ένα κατάλληλο επίπεδο ειδοποίησης."},{"$i":"data-limit-input-label","ariaLabel":"Data limit"},{"$i":"wifi-usage","$v":"Χρήση Wi-Fi"},{"$i":"mobile-usage","$v":"Χρήση δεδομένων"},{"$i":"wifi-usage-settings","$v":"Wi-Fi usage"},{"$i":"mobile-usage-settings","$v":"Mobile usage"},{"$i":"im-prepaid","$v":"Είμαι χρήστης καρτοκινητής"},{"$i":"im-postpaid","$v":"Είμαι συνδρομητής συμβολαίου"},{"$i":"reset-data-usage","$v":"Επαναφορά χρήσης δεδομένων"},{"$i":"reset-report","$v":"Επανεκκίνηση αναφοράς"},{"$i":"next","$v":"Επόμενο"},{"$i":"back","$v":"Πίσω"},{"$i":"lets-go","$v":"Έναρξη!"},{"$i":"alert","$v":"Ειδοποίηση"},{"$i":"alert-limit","$v":"Όριο ειδοποίησης"},{"$i":"fte-welcome-title","$v":"Καλώς ήρθατε"},{"$i":"data-limit-notification-title2","$v":[{"t":"idOrVar","v":"limit"}," χρήσης δεδομένων"]},{"$i":"data-limit-notification-text2","$v":"Έχετε φθάσει στο όριο που επιλέξατε"},{"$i":"low-balance-notification-title","$v":"Χαμηλό υπόλοιπο"},{"$i":"low-balance-notification-text","$v":["απομένουν ",{"t":"idOrVar","v":"remaining"}," τηλεφωνικές μονάδες"]},{"$i":"zero-balance-message","$v":"Το υπόλοιπο σας εξαντλήθηκε, δεν υπολείπονται μονάδες"},{"$i":"not-available","$v":"Μη διαθέσιμο"},{"$i":"usage","$v":"Χρήση"},{"$i":"internet","$v":"Διαδίκτυο"},{"$i":"phone","$v":"Τηλέφωνο"},{"$i":"loading-interface-data","$v":"Φόρτωση δεδομένων. Παρακαλώ προσπαθήστε ξανά σε λίγο."},{"$i":"data-limit","$v":["Όριο δεδομένων (",{"t":"idOrVar","v":"value"},")"]},{"$i":"data-available2","$v":{"zero":[{"t":"idOrVar","v":"value"}," ",{"t":"idOrVar","v":"unit"}," διαθέσιμα"],"one":[{"t":"idOrVar","v":"value"}," ",{"t":"idOrVar","v":"unit"}," διαθέσιμα"],"two":[{"t":"idOrVar","v":"value"}," ",{"t":"idOrVar","v":"unit"}," διαθέσιμα"],"few":[{"t":"idOrVar","v":"value"}," ",{"t":"idOrVar","v":"unit"}," διαθέσιμα"],"many":[{"t":"idOrVar","v":"value"}," ",{"t":"idOrVar","v":"unit"}," διαθέσιμα"],"other":[{"t":"idOrVar","v":"value"}," ",{"t":"idOrVar","v":"unit"}," διαθέσιμα"]},"$x":[{"t":"idOrVar","v":"plural"},"value"]},{"$i":"over-limit","$v":{"one":[{"t":"idOrVar","v":"value"}," ",{"t":"idOrVar","v":"unit"}," πάνω από το όριο"],"two":[{"t":"idOrVar","v":"value"}," ",{"t":"idOrVar","v":"unit"}," πάνω από το όριο"],"few":[{"t":"idOrVar","v":"value"}," ",{"t":"idOrVar","v":"unit"}," πάνω από το όριο"],"many":[{"t":"idOrVar","v":"value"}," ",{"t":"idOrVar","v":"unit"}," πάνω από το όριο"],"other":[{"t":"idOrVar","v":"value"}," ",{"t":"idOrVar","v":"unit"}," πάνω από το όριο"]},"$x":[{"t":"idOrVar","v":"plural"},"value"]},{"$i":"verbose-chart-date-format","$v":[{"t":"idOrVar","v":"monthday-number"}," ",{"t":"idOrVar","v":"em-month"}]},{"$i":"day-hour-format","$v":[{"t":"idOrVar","v":"day"},", ",{"t":"idOrVar","v":"time"}]},{"$i":"B","$v":"B"},{"$i":"KB","$v":"KB"},{"$i":"MB","$v":"MB"},{"$i":"GB","$v":"GB"},{"$i":"unit-MB","ariaLabel":"MB"},{"$i":"unit-GB","ariaLabel":"GB"},{"$i":"app-usage-list-header","$v":"Mobile usage per app"},{"$i":"app-usage-no-data","$v":"Δεν έχετε κάνει χρήση δεδομένων ακόμα. Η χρήση δεδομένων για την κάθε εφαρμογή θα εμφανίζεται εδώ."},{"$i":"data-used-since","$v":[{"t":"idOrVar","v":"amount"}," of data used since ",{"t":"idOrVar","v":"start-date"}]},{"$i":"data-used-this-week","$v":[{"t":"idOrVar","v":"amount"}," of data used this week"]},{"$i":"data-used-this-month","$v":[{"t":"idOrVar","v":"amount"}," of data used this month"]},{"$i":"data-usage-other-apps","$v":"Others"},{"$i":"data-usage-browser-app","$v":"Browser"},{"$i":"limit-layer-MB","ariaLabel":["Limit of ",{"t":"idOrVar","v":"value"}," MB"]},{"$i":"limit-layer-GB","ariaLabel":["Limit of ",{"t":"idOrVar","v":"value"}," GB"]},{"$i":"warning-layer","ariaLabel":[{"t":"idOrVar","v":"value"}," left"]},{"$i":"limit-exceeded-layer","ariaLabel":["Exceeded by ",{"t":"idOrVar","v":"value"}]},{"$i":"today-layer","ariaLabel":["Today is ",{"t":"idOrVar","v":"today"}]},{"$i":"axis-layer","ariaLabel":["From ",{"t":"idOrVar","v":"from"}," to ",{"t":"idOrVar","v":"to"}]},{"$i":"weekday-0-long","$v":"Κυριακή"},{"$i":"weekday-1-long","$v":"Δευτέρα"},{"$i":"weekday-2-long","$v":"Τρίτη"},{"$i":"weekday-3-long","$v":"Τετάρτη"},{"$i":"weekday-4-long","$v":"Πέμπτη"},{"$i":"weekday-5-long","$v":"Παρασκευή"},{"$i":"weekday-6-long","$v":"Σάββατο"},{"$i":"weekday-0-short","$v":"Κυρ"},{"$i":"weekday-1-short","$v":"Δευ"},{"$i":"weekday-2-short","$v":"Τρι"},{"$i":"weekday-3-short","$v":"Τετ"},{"$i":"weekday-4-short","$v":"Πεμ"},{"$i":"weekday-5-short","$v":"Παρ"},{"$i":"weekday-6-short","$v":"Σαβ"},{"$i":"month-0-long","$v":"Ιανουάριος"},{"$i":"month-1-long","$v":"Φεβρουάριος"},{"$i":"month-2-long","$v":"Μάρτιος"},{"$i":"month-3-long","$v":"Απρίλιος"},{"$i":"month-4-long","$v":"Μάιος"},{"$i":"month-5-long","$v":"Ιούνιος"},{"$i":"month-6-long","$v":"Ιούλιος"},{"$i":"month-7-long","$v":"Αύγουστος"},{"$i":"month-8-long","$v":"Σεπτέμβριος"},{"$i":"month-9-long","$v":"Οκτώβριος"},{"$i":"month-10-long","$v":"Νοέμβριος"},{"$i":"month-11-long","$v":"Δεκέμβριος"},{"$i":"month-0-genitive","$v":"Ιανουαρίου"},{"$i":"month-1-genitive","$v":"Φεβρουαρίου"},{"$i":"month-2-genitive","$v":"Μαρτίου"},{"$i":"month-3-genitive","$v":"Απριλίου"},{"$i":"month-4-genitive","$v":"Μαΐου"},{"$i":"month-5-genitive","$v":"Ιουνίου"},{"$i":"month-6-genitive","$v":"Ιουλίου"},{"$i":"month-7-genitive","$v":"Αυγούστου"},{"$i":"month-8-genitive","$v":"Σεπτεμβρίου"},{"$i":"month-9-genitive","$v":"Οκτωβρίου"},{"$i":"month-10-genitive","$v":"Νοεμβρίου"},{"$i":"month-11-genitive","$v":"Δεκεμβρίου"},{"$i":"month-0-short","$v":"Ιαν"},{"$i":"month-1-short","$v":"Φεβ"},{"$i":"month-2-short","$v":"Μαρ"},{"$i":"month-3-short","$v":"Απρ"},{"$i":"month-4-short","$v":"Μάι"},{"$i":"month-5-short","$v":"Ιουν"},{"$i":"month-6-short","$v":"Ιουλ"},{"$i":"month-7-short","$v":"Αυγ"},{"$i":"month-8-short","$v":"Σεπ"},{"$i":"month-9-short","$v":"Οκτ"},{"$i":"month-10-short","$v":"Νοε"},{"$i":"month-11-short","$v":"Δεκ"},{"$i":"minutes-ago-long","$v":{"zero":"μόλις τώρα","one":"πριν από ένα λεπτό","two":["πριν από ",{"t":"idOrVar","v":"value"}," λεπτά"],"few":["πριν από ",{"t":"idOrVar","v":"value"}," λεπτά"],"many":["πριν από ",{"t":"idOrVar","v":"value"}," λεπτά"],"other":["πριν από ",{"t":"idOrVar","v":"value"}," λεπτά"]},"$x":[{"t":"idOrVar","v":"plural"},"value"]},{"$i":"hours-ago-long","$v":{"zero":"μόλις τώρα","one":"πριν από μία ώρα","two":["πριν από ",{"t":"idOrVar","v":"value"}," ώρες"],"few":["πριν από ",{"t":"idOrVar","v":"value"}," ώρες"],"many":["πριν από ",{"t":"idOrVar","v":"value"}," ώρες"],"other":["πριν από ",{"t":"idOrVar","v":"value"}," ώρες"]},"$x":[{"t":"idOrVar","v":"plural"},"value"]},{"$i":"days-ago-long","$v":{"zero":"σήμερα","one":"χθες","two":["πριν από ",{"t":"idOrVar","v":"value"}," ημέρες"],"few":["πριν από ",{"t":"idOrVar","v":"value"}," ημέρες"],"many":["πριν από ",{"t":"idOrVar","v":"value"}," ημέρες"],"other":["πριν από ",{"t":"idOrVar","v":"value"}," ημέρες"]},"$x":[{"t":"idOrVar","v":"plural"},"value"]},{"$i":"weeks-ago-long","$v":{"zero":"αυτή την εβδομάδα","one":"την τελευταία εβδομάδα","two":["πριν από ",{"t":"idOrVar","v":"value"}," εβδομάδες"],"few":["πριν από ",{"t":"idOrVar","v":"value"}," εβδομάδες"],"many":["πριν από ",{"t":"idOrVar","v":"value"}," εβδομάδες"],"other":["πριν από ",{"t":"idOrVar","v":"value"}," εβδομάδες"]},"$x":[{"t":"idOrVar","v":"plural"},"value"]},{"$i":"months-ago-long","$v":{"zero":"αυτό τον μήνα","one":"τον τελευταίο μήνα","two":["πριν από ",{"t":"idOrVar","v":"value"}," μήνες"],"few":["πριν από ",{"t":"idOrVar","v":"value"}," μήνες"],"many":["πριν από ",{"t":"idOrVar","v":"value"}," μήνες"],"other":["πριν από ",{"t":"idOrVar","v":"value"}," μήνες"]},"$x":[{"t":"idOrVar","v":"plural"},"value"]},{"$i":"years-ago-long","$v":{"zero":"αυτό το έτος","one":"το περασμένο έτος","two":["πριν από ",{"t":"idOrVar","v":"value"}," χρόνια"],"few":["πριν από ",{"t":"idOrVar","v":"value"}," χρόνια"],"many":["πριν από ",{"t":"idOrVar","v":"value"}," χρόνια"],"other":["πριν από ",{"t":"idOrVar","v":"value"}," χρόνια"]},"$x":[{"t":"idOrVar","v":"plural"},"value"]},{"$i":"minutes-until-long","$v":{"zero":"τώρα","one":"σε ένα λεπτό","two":["σε ",{"t":"idOrVar","v":"value"}," λεπτά"],"few":["σε ",{"t":"idOrVar","v":"value"}," λεπτά"],"many":["σε ",{"t":"idOrVar","v":"value"}," λεπτά"],"other":["σε ",{"t":"idOrVar","v":"value"}," λεπτά"]},"$x":[{"t":"idOrVar","v":"plural"},"value"]},{"$i":"hours-until-long","$v":{"zero":"τώρα","one":"σε μία ώρα","two":["σε ",{"t":"idOrVar","v":"value"}," ώρες"],"few":["σε ",{"t":"idOrVar","v":"value"}," ώρες"],"many":["σε ",{"t":"idOrVar","v":"value"}," ώρες"],"other":["σε ",{"t":"idOrVar","v":"value"}," ώρες"]},"$x":[{"t":"idOrVar","v":"plural"},"value"]},{"$i":"days-until-long","$v":{"zero":"σήμερα","one":"αύριο","two":["σε ",{"t":"idOrVar","v":"value"}," ημέρες"],"few":["σε ",{"t":"idOrVar","v":"value"}," ημέρες"],"many":["σε ",{"t":"idOrVar","v":"value"}," ημέρες"],"other":["σε ",{"t":"idOrVar","v":"value"}," ημέρες"]},"$x":[{"t":"idOrVar","v":"plural"},"value"]},{"$i":"weeks-until-long","$v":{"zero":"αυτή την εβδομάδα","one":"την επόμενη εβδομάδα","two":["σε ",{"t":"idOrVar","v":"value"}," εβδομάδες"],"few":["σε ",{"t":"idOrVar","v":"value"}," εβδομάδες"],"many":["σε ",{"t":"idOrVar","v":"value"}," εβδομάδες"],"other":["σε ",{"t":"idOrVar","v":"value"}," εβδομάδες"]},"$x":[{"t":"idOrVar","v":"plural"},"value"]},{"$i":"months-until-long","$v":{"zero":"αυτό τον μήνα","one":"στον επόμενο μήνα","two":["σε ",{"t":"idOrVar","v":"value"}," μήνες"],"few":["σε ",{"t":"idOrVar","v":"value"}," μήνες"],"many":["σε ",{"t":"idOrVar","v":"value"}," μήνες"],"other":["σε ",{"t":"idOrVar","v":"value"}," μήνες"]},"$x":[{"t":"idOrVar","v":"plural"},"value"]},{"$i":"years-until-long","$v":{"zero":"αυτό το έτος","one":"επόμενο έτος","two":["σε ",{"t":"idOrVar","v":"value"}," έτη"],"few":["σε ",{"t":"idOrVar","v":"value"}," έτη"],"many":["σε ",{"t":"idOrVar","v":"value"}," έτη"],"other":["σε ",{"t":"idOrVar","v":"value"}," έτη"]},"$x":[{"t":"idOrVar","v":"plural"},"value"]},{"$i":"minutes-ago-short","$v":{"zero":"τώρα","other":["πριν ",{"t":"idOrVar","v":"value"},"′"]},"$x":[{"t":"idOrVar","v":"plural"},"value"]},{"$i":"hours-ago-short","$v":{"zero":"τώρα","other":["πριν ",{"t":"idOrVar","v":"value"}," ώρ."]},"$x":[{"t":"idOrVar","v":"plural"},"value"]},{"$i":"days-ago-short","$v":{"zero":"σήμερα","other":["πριν ",{"t":"idOrVar","v":"value"}," ημ."]},"$x":[{"t":"idOrVar","v":"plural"},"value"]},{"$i":"minutes-until-short","$v":{"zero":"τώρα","other":["σε ",{"t":"idOrVar","v":"value"},"′"]},"$x":[{"t":"idOrVar","v":"plural"},"value"]},{"$i":"hours-until-short","$v":{"zero":"τώρα","other":["σε ",{"t":"idOrVar","v":"value"}," ώρ."]},"$x":[{"t":"idOrVar","v":"plural"},"value"]},{"$i":"days-until-short","$v":{"zero":"σήμερα","other":["σε ",{"t":"idOrVar","v":"value"}," ημ."]},"$x":[{"t":"idOrVar","v":"plural"},"value"]},{"$i":"incorrectDate","$v":"(λάθος ημερομηνία)"},{"$i":"dateTimeFormat_%c","$v":"%a, %e %Eb %Y, %H:%M:%S"},{"$i":"dateTimeFormat_%x","$v":"%d/%m/%Y"},{"$i":"dateTimeFormat_%X","$v":"%H:%M:%S"},{"$i":"shortTimeFormat","$v":"%H:%M"},{"$i":"shortTimeFormat12","$v":"%I:%M %p"},{"$i":"shortTimeFormat24","$v":"%H:%M"},{"$i":"shortDateTimeFormat","$v":"%x %H:%M"},{"$i":"weekStartsOnMonday","$v":"0"},{"$i":"firstDayOfTheWeek","$v":"0"},{"$i":"time_am","$v":"πμ"},{"$i":"time_pm","$v":"μμ"}]