[{"$i":"topup-confirmation-title2","$v":"Consumos"},{"$i":"topup-confirmation-message","$v":"Recarga confirmada"},{"$i":"topup-incorrectcode-title2","$v":"Consumos"},{"$i":"topup-incorrectcode-message3","$v":"Código de recarga incorrecto."},{"$i":"updating","$v":"Actualizando"},{"$i":"updating-ellipsis","$v":"Actualizando…"},{"$i":"yesterday","$v":"Ayer"},{"$i":"today","$v":"Hoy"},{"$i":"never","$v":"Nunca"},{"$i":"magnitude","$v":[{"t":"idOrVar","v":"value"}," ",{"t":"idOrVar","v":"unit"}]},{"$i":"currency","$v":[{"t":"idOrVar","v":"currency"},{"t":"idOrVar","v":"value"}]},{"$i":"widget","$v":"Widget Consumos"},{"$i":"widget-authed-sim-heading","$v":["Nueva SIM de ",{"t":"idOrVar","v":"provider"}," insertada"]},{"$i":"widget-authed-sim-meta","$v":"Pulse para monitorizar el consumo del teléfono e Internet."},{"$i":"widget-nonauthed-sim-heading","$v":"Nueva SIM insertada"},{"$i":"widget-nonauthed-sim-meta","$v":"Pulse para ver el consumo de Internet."},{"$i":"widget-airplane-mode-heading","$v":"Modo avión"},{"$i":"widget-airplane-mode-meta","$v":"Desactive el modo avión para activar Consumos."},{"$i":"widget-no-sim2-heading","$v":"Ninguna SIM insertada"},{"$i":"widget-no-sim2-meta","$v":"Inserte SIM para activar Consumos."},{"$i":"widget-sim-locked-heading","$v":"Tarjeta SIM bloqueada"},{"$i":"widget-sim-locked-meta","$v":"Desbloquee la SIM para activar Consumos."},{"$i":"widget-unknown-heading","$v":"Error"},{"$i":"widget-unknown-meta","$v":"Asegúrese de que el modo avión está desactivado."},{"$i":"fte","$v":"Primera experiencia con Consumos"},{"$i":"fte-authed-sim","$v":"Ahorre dinero monitorizando el consumo del teléfono e Internet."},{"$i":"fte-nonauthed-sim","$v":"Ahorre dinero monitorizando el consumo de Internet."},{"$i":"fte-no-sim","$v":"Obtenga información clara sobre cuántos datos está usando."},{"$i":"fte-sim-info2","$v":"La información que se muestra en Consumos procede directamente de este dispositivo. Solicite más información sobre su cuenta a su operador móvil."},{"$i":"fte-plantype-title","$v":"Tipo de contrato"},{"$i":"fte-plantype-hint","$v":"Seleccione el tipo de contrato que tiene con su operador móvil."},{"$i":"fte-prepaid2-title","$v":"Alerta de saldo bajo"},{"$i":"fte-prepaid2-hint","$v":"Configure una alerta para evitar quedarse sin crédito."},{"$i":"fte-prepaid3-title","$v":"Informe de datos y alerta"},{"$i":"fte-prepaid3-hint","$v":"Reciba informes sobre el consumo de Internet y configure una alerta para evitar un uso excesivo."},{"$i":"fte-postpaid2-title","$v":"Informe de datos y teléfono"},{"$i":"fte-postpaid2-hint","$v":"Reciba informes sobre el consumo del teléfono e Internet."},{"$i":"fte-postpaid3-title","$v":"Alerta de datos"},{"$i":"fte-postpaid3-hint","$v":"Configure una alerta para evitar el consumo excesivo de datos."},{"$i":"fte-onlydata2-title","$v":"Informe de datos"},{"$i":"fte-onlydata2-hint","$v":"Reciba informes sobre el consumo de Internet."},{"$i":"fte-onlydata3-title","$v":"Alerta de datos"},{"$i":"fte-onlydata3-hint","$v":"Configure una alerta para evitar el consumo excesivo de datos."},{"$i":"phone-activity","$v":"Actividad del teléfono"},{"$i":"balance","$v":"Saldo"},{"$i":"on-roaming-message2","$v":"Itinerancia: su saldo no se actualiza automáticamente. Puede ser que le cobren por actualizarlo manualmente."},{"$i":"balance-error-message2","$v":"El saldo no se actualizó correctamente. Pruebe a hacerlo manualmente."},{"$i":"airplane-mode-error-message2","$v":"Desactive el modo avión para actualizar su saldo o recargar."},{"$i":"disable-airplane-mode","$v":"¿Desea desactivar el modo avión para actualizar o recargar?"},{"$i":"no-coverage-error-message2","$v":"Necesita tener cobertura para actualizar su saldo o recargar."},{"$i":"top-up","$v":"Recargar"},{"$i":"enter-top-up-code","$v":"Escriba el código de recarga"},{"$i":"top-up-code-explanation2","$v":"Lo verá en el rasca de la tarjeta o directamente en su factura."},{"$i":"wait-for-confirmation","$v":"Recibirá un mensaje de confirmación"},{"$i":"incorrect-code2","$v":"Asegúrese de que el código es correcto y pruebe de nuevo."},{"$i":"topup-error2","$v":"Hubo un problema al enviar el código. Inténtelo de nuevo."},{"$i":"application-error-title","$v":"Servicio no disponible"},{"$i":"application-error-message","$v":"Contacte con el representante de su operador"},{"$i":"service-unavailable-title","$v":"Servicio no disponible"},{"$i":"service-unavailable-message","$v":"En este momento no es posible actualizar ni recargar. Inténtelo más tarde."},{"$i":"data-usage","$v":"Uso de datos"},{"$i":"update-button","$v":"Actualizar"},{"$i":"topup-button2","$v":"Usar código de recarga"},{"$i":"topup-ussd-button2","$v":"Abrir menú de recargas"},{"$i":"ok","$v":"Aceptar"},{"$i":"top-up-in-progress2","$v":"Se está procesando su recarga."},{"$i":"top-up-timed-out2","$v":"Actualice su saldo para confirmar. Si el saldo no varía, pruebe a recargar de nuevo."},{"$i":"on-topup-not-confirmed-title","$v":"Recarga sin confirmar"},{"$i":"on-topup-not-confirmed-message","$v":"Pruebe a actualizar su saldo o a recargar de nuevo."},{"$i":"send","$v":"enviar"},{"$i":"plantype-setup-title","$v":"El plan de mi teléfono e Internet es"},{"$i":"prepaid","$v":"Prepago"},{"$i":"postpaid","$v":"Pospago"},{"$i":"phoneactivity","$v":"Actividad del teléfono"},{"$i":"short-date-format","$v":"%d de %b"},{"$i":"long-date-format","$v":"%d %B %Y"},{"$i":"sms-sent","$v":"SMS enviados"},{"$i":"call-made","$v":"Llamadas realizadas"},{"$i":"settings","$v":"Ajustes"},{"$i":"low-balance-alert","$v":"Alerta de saldo bajo"},{"$i":"low-balance-explanation2","$v":"Cuando el saldo sea inferior a"},{"$i":"phone-and-internet-data-report","$v":"Informe de datos y teléfono"},{"$i":"internet-data-report","$v":"Informe de datos"},{"$i":"starting-on","$v":"A partir del"},{"$i":"cancel","$v":"Cancelar"},{"$i":"monthly","$v":"Mes"},{"$i":"weekly","$v":"Semana"},{"$i":"monday","$v":"Lunes"},{"$i":"tuesday","$v":"Martes"},{"$i":"wednesday","$v":"Miércoles"},{"$i":"thursday","$v":"Jueves"},{"$i":"friday","$v":"Viernes"},{"$i":"saturday","$v":"Sábado"},{"$i":"sunday","$v":"Domingo"},{"$i":"billing-cycle-ends","$v":"El ciclo de facturación termina"},{"$i":"tracking-will-reset","$v":"El seguimiento se restablecerá en esta fecha"},{"$i":"yes","$v":"Sí"},{"$i":"done","$v":"Hecho"},{"$i":"confirmation","$v":"Confirmación"},{"$i":"reset-wifi-confirmation-warning","$v":["Su consumo actual de datos wifi es ",{"t":"idOrVar","v":"wifiData"},". ¿Borrarlo todo?"]},{"$i":"reset-mobile-confirmation-warning","$v":["Su consumo actual de datos móviles es ",{"t":"idOrVar","v":"mobileData"},". ¿Borrarlo todo?"]},{"$i":"reset-all-confirmation-warning","$v":["Sus consumos actuales de datos son ",{"t":"idOrVar","v":"mobileData"}," en móviles, ",{"t":"idOrVar","v":"wifiData"}," en wifi. ¿Borrarlo todo?"]},{"$i":"reset-telephony-confirmation-warning","$v":"Se eliminarán todos los datos actuales. ¿Seguro que desea restablecer?"},{"$i":"reset","$v":"Restablecer"},{"$i":"reset-wifi","$v":"Restablecer consumo wifi"},{"$i":"reset-mobile","$v":"Restablecer consumo móvil"},{"$i":"reset-all","$v":"Restablecer datos wifi y móviles"},{"$i":"not-set","$v":"No establecido"},{"$i":"used","$v":"Utilizado"},{"$i":"limit-passed","$v":"Límite superado"},{"$i":"limit","$v":"Límite"},{"$i":"data-limit-header","$v":"Límite de uso"},{"$i":"data-limit-alert","$v":"Alerta sobre uso de datos"},{"$i":"data-limit-value2","$v":"Cuando el uso sea superior a"},{"$i":"data-limit-dialog-title2","$v":"Límite de alerta de datos móviles"},{"$i":"data-limit-dialog-explanation2","$v":"La velocidad de conexión se suele reducir cuando se llega al límite. Compruebe con su proveedor de datos el nivel de alerta apropiado."},{"$i":"data-limit-input-label","ariaLabel":"Límite de datos"},{"$i":"wifi-usage","$v":"Uso de wifi"},{"$i":"mobile-usage","$v":"Uso móvil"},{"$i":"wifi-usage-settings","$v":"Uso de wifi"},{"$i":"mobile-usage-settings","$v":"Uso móvil"},{"$i":"im-prepaid","$v":"Soy de prepago"},{"$i":"im-postpaid","$v":"Soy de pospago"},{"$i":"reset-data-usage","$v":"Restablecer consumo de datos"},{"$i":"reset-report","$v":"Restablecer informe"},{"$i":"next","$v":"Siguiente"},{"$i":"back","$v":"Atrás"},{"$i":"lets-go","$v":"¡Adelante!"},{"$i":"alert","$v":"Alerta"},{"$i":"alert-limit","$v":"Límite de alerta"},{"$i":"fte-welcome-title","$v":"Bienvenido"},{"$i":"data-limit-notification-title2","$v":[{"t":"idOrVar","v":"limit"}," de datos usados"]},{"$i":"data-limit-notification-text2","$v":"Ha alcanzado el límite establecido"},{"$i":"low-balance-notification-title","$v":"Saldo bajo"},{"$i":"low-balance-notification-text","$v":["Le quedan ",{"t":"idOrVar","v":"remaining"}," de crédito"]},{"$i":"zero-balance-message","$v":"El saldo ha llegado a cero, no le queda crédito."},{"$i":"not-available","$v":"No disponible"},{"$i":"usage","$v":"Consumos"},{"$i":"internet","$v":"Internet"},{"$i":"phone","$v":"Teléfono"},{"$i":"loading-interface-data","$v":"Cargando datos de interfaz. Vuelva a intentarlo pasados unos minutos."},{"$i":"data-limit","$v":["Límite de datos (",{"t":"idOrVar","v":"value"},")"]},{"$i":"data-available2","$v":{"zero":[{"t":"idOrVar","v":"value"}," ",{"t":"idOrVar","v":"unit"}," disponible"],"one":[{"t":"idOrVar","v":"value"}," ",{"t":"idOrVar","v":"unit"}," disponible"],"two":[{"t":"idOrVar","v":"value"}," ",{"t":"idOrVar","v":"unit"}," disponibles"],"few":[{"t":"idOrVar","v":"value"}," ",{"t":"idOrVar","v":"unit"}," disponibles"],"many":[{"t":"idOrVar","v":"value"}," ",{"t":"idOrVar","v":"unit"}," disponibles"],"other":[{"t":"idOrVar","v":"value"}," ",{"t":"idOrVar","v":"unit"}," disponibles"]},"$x":[{"t":"idOrVar","v":"plural"},"value"]},{"$i":"over-limit","$v":{"one":[{"t":"idOrVar","v":"value"}," ",{"t":"idOrVar","v":"unit"}," sobre el límite"],"two":[{"t":"idOrVar","v":"value"}," ",{"t":"idOrVar","v":"unit"}," sobre el límite"],"few":[{"t":"idOrVar","v":"value"}," ",{"t":"idOrVar","v":"unit"}," sobre el límite"],"many":[{"t":"idOrVar","v":"value"}," ",{"t":"idOrVar","v":"unit"}," sobre el límite"],"other":[{"t":"idOrVar","v":"value"}," ",{"t":"idOrVar","v":"unit"}," sobre el límite"]},"$x":[{"t":"idOrVar","v":"plural"},"value"]},{"$i":"verbose-chart-date-format","$v":[{"t":"idOrVar","v":"monthday-number"},"-",{"t":"idOrVar","v":"em-month"}]},{"$i":"day-hour-format","$v":[{"t":"idOrVar","v":"day"},", ",{"t":"idOrVar","v":"time"}]},{"$i":"B","$v":"B"},{"$i":"KB","$v":"Kb"},{"$i":"MB","$v":"Mb"},{"$i":"GB","$v":"Gb"},{"$i":"unit-MB","ariaLabel":"Mb"},{"$i":"unit-GB","ariaLabel":"Gb"},{"$i":"app-usage-list-header","$v":"Consumo móvil por app"},{"$i":"app-usage-no-data","$v":"No ha consumido ningún dato móvil. Cuando lo haga, el consumo de cada aplicación se mostrará aquí."},{"$i":"data-used-since","$v":[{"t":"idOrVar","v":"amount"}," de datos usados desde ",{"t":"idOrVar","v":"start-date"}]},{"$i":"data-used-this-week","$v":[{"t":"idOrVar","v":"amount"}," de datos usados esta semana"]},{"$i":"data-used-this-month","$v":[{"t":"idOrVar","v":"amount"}," de datos usados este mes"]},{"$i":"data-usage-other-apps","$v":"Otros"},{"$i":"data-usage-browser-app","$v":"Browser"},{"$i":"limit-layer-MB","ariaLabel":["Limit of ",{"t":"idOrVar","v":"value"}," MB"]},{"$i":"limit-layer-GB","ariaLabel":["Limit of ",{"t":"idOrVar","v":"value"}," GB"]},{"$i":"warning-layer","ariaLabel":[{"t":"idOrVar","v":"value"}," left"]},{"$i":"limit-exceeded-layer","ariaLabel":["Exceeded by ",{"t":"idOrVar","v":"value"}]},{"$i":"today-layer","ariaLabel":["Today is ",{"t":"idOrVar","v":"today"}]},{"$i":"axis-layer","ariaLabel":["From ",{"t":"idOrVar","v":"from"}," to ",{"t":"idOrVar","v":"to"}]},{"$i":"weekday-0-long","$v":"Domingo"},{"$i":"weekday-1-long","$v":"Lunes"},{"$i":"weekday-2-long","$v":"Martes"},{"$i":"weekday-3-long","$v":"Miércoles"},{"$i":"weekday-4-long","$v":"Jueves"},{"$i":"weekday-5-long","$v":"Viernes"},{"$i":"weekday-6-long","$v":"Sábado"},{"$i":"weekday-0-short","$v":"Dom"},{"$i":"weekday-1-short","$v":"Lun"},{"$i":"weekday-2-short","$v":"Mar"},{"$i":"weekday-3-short","$v":"Mié"},{"$i":"weekday-4-short","$v":"Jue"},{"$i":"weekday-5-short","$v":"Vie"},{"$i":"weekday-6-short","$v":"Sáb"},{"$i":"month-0-long","$v":"enero"},{"$i":"month-1-long","$v":"febrero"},{"$i":"month-2-long","$v":"marzo"},{"$i":"month-3-long","$v":"abril"},{"$i":"month-4-long","$v":"mayo"},{"$i":"month-5-long","$v":"junio"},{"$i":"month-6-long","$v":"julio"},{"$i":"month-7-long","$v":"agosto"},{"$i":"month-8-long","$v":"septiembre"},{"$i":"month-9-long","$v":"octubre"},{"$i":"month-10-long","$v":"noviembre"},{"$i":"month-11-long","$v":"diciembre"},{"$i":"month-0-genitive","$v":"enero"},{"$i":"month-1-genitive","$v":"febrero"},{"$i":"month-2-genitive","$v":"marzo"},{"$i":"month-3-genitive","$v":"abril"},{"$i":"month-4-genitive","$v":"mayo"},{"$i":"month-5-genitive","$v":"junio"},{"$i":"month-6-genitive","$v":"julio"},{"$i":"month-7-genitive","$v":"agosto"},{"$i":"month-8-genitive","$v":"septiembre"},{"$i":"month-9-genitive","$v":"octubre"},{"$i":"month-10-genitive","$v":"noviembre"},{"$i":"month-11-genitive","$v":"diciembre"},{"$i":"month-0-short","$v":"ene"},{"$i":"month-1-short","$v":"feb"},{"$i":"month-2-short","$v":"mar"},{"$i":"month-3-short","$v":"abr"},{"$i":"month-4-short","$v":"may"},{"$i":"month-5-short","$v":"jun"},{"$i":"month-6-short","$v":"jul"},{"$i":"month-7-short","$v":"ago"},{"$i":"month-8-short","$v":"sep"},{"$i":"month-9-short","$v":"oct"},{"$i":"month-10-short","$v":"nov"},{"$i":"month-11-short","$v":"dic"},{"$i":"minutes-ago-long","$v":{"zero":"ahora","one":"hace un minuto","two":["hace ",{"t":"idOrVar","v":"value"}," minutos"],"few":["hace ",{"t":"idOrVar","v":"value"}," minutos"],"many":["hace ",{"t":"idOrVar","v":"value"}," minutos"],"other":["hace ",{"t":"idOrVar","v":"value"}," minutos"]},"$x":[{"t":"idOrVar","v":"plural"},"value"]},{"$i":"hours-ago-long","$v":{"zero":"ahora","one":"hace una hora","two":["hace ",{"t":"idOrVar","v":"value"}," horas"],"few":["hace ",{"t":"idOrVar","v":"value"}," horas"],"many":["hace ",{"t":"idOrVar","v":"value"}," horas"],"other":["hace ",{"t":"idOrVar","v":"value"}," horas"]},"$x":[{"t":"idOrVar","v":"plural"},"value"]},{"$i":"days-ago-long","$v":{"zero":"hoy","one":"ayer","two":["hace ",{"t":"idOrVar","v":"value"}," días"],"few":["hace ",{"t":"idOrVar","v":"value"}," días"],"many":["hace ",{"t":"idOrVar","v":"value"}," días"],"other":["hace ",{"t":"idOrVar","v":"value"}," días"]},"$x":[{"t":"idOrVar","v":"plural"},"value"]},{"$i":"weeks-ago-long","$v":{"zero":"esta semana","one":"la semana pasada","two":["hace ",{"t":"idOrVar","v":"value"}," semanas"],"few":["hace ",{"t":"idOrVar","v":"value"}," semanas"],"many":["hace ",{"t":"idOrVar","v":"value"}," semanas"],"other":["hace ",{"t":"idOrVar","v":"value"}," semanas"]},"$x":[{"t":"idOrVar","v":"plural"},"value"]},{"$i":"months-ago-long","$v":{"zero":"este mes","one":"el último mes","two":["hace ",{"t":"idOrVar","v":"value"}," meses"],"few":["hace ",{"t":"idOrVar","v":"value"}," meses"],"many":["hace ",{"t":"idOrVar","v":"value"}," meses"],"other":["hace ",{"t":"idOrVar","v":"value"}," meses"]},"$x":[{"t":"idOrVar","v":"plural"},"value"]},{"$i":"years-ago-long","$v":{"zero":"este año","one":"último año","two":["hace ",{"t":"idOrVar","v":"value"}," años"],"few":["hace ",{"t":"idOrVar","v":"value"}," años"],"many":["hace ",{"t":"idOrVar","v":"value"}," años"],"other":["hace ",{"t":"idOrVar","v":"value"}," años"]},"$x":[{"t":"idOrVar","v":"plural"},"value"]},{"$i":"minutes-until-long","$v":{"zero":"ahora","one":"en un minuto","two":["en ",{"t":"idOrVar","v":"value"}," minutos"],"few":["en ",{"t":"idOrVar","v":"value"}," minutos"],"many":["en ",{"t":"idOrVar","v":"value"}," minutos"],"other":["en ",{"t":"idOrVar","v":"value"}," minutos"]},"$x":[{"t":"idOrVar","v":"plural"},"value"]},{"$i":"hours-until-long","$v":{"zero":"ahora","one":"en una hora","two":["en ",{"t":"idOrVar","v":"value"}," horas"],"few":["en ",{"t":"idOrVar","v":"value"}," horas"],"many":["en ",{"t":"idOrVar","v":"value"}," horas"],"other":["en ",{"t":"idOrVar","v":"value"}," horas"]},"$x":[{"t":"idOrVar","v":"plural"},"value"]},{"$i":"days-until-long","$v":{"zero":"hoy","one":"mañana","two":["en ",{"t":"idOrVar","v":"value"}," días"],"few":["en ",{"t":"idOrVar","v":"value"}," días"],"many":["en ",{"t":"idOrVar","v":"value"}," días"],"other":["en ",{"t":"idOrVar","v":"value"}," días"]},"$x":[{"t":"idOrVar","v":"plural"},"value"]},{"$i":"weeks-until-long","$v":{"zero":"esta semana","one":"la próxima semana","two":["en ",{"t":"idOrVar","v":"value"}," semanas"],"few":["en ",{"t":"idOrVar","v":"value"}," semanas"],"many":["en ",{"t":"idOrVar","v":"value"}," semanas"],"other":["en ",{"t":"idOrVar","v":"value"}," semanas"]},"$x":[{"t":"idOrVar","v":"plural"},"value"]},{"$i":"months-until-long","$v":{"zero":"este mes","one":"próximo mes","two":["en ",{"t":"idOrVar","v":"value"}," meses"],"few":["en ",{"t":"idOrVar","v":"value"}," meses"],"many":["en ",{"t":"idOrVar","v":"value"}," meses"],"other":["en ",{"t":"idOrVar","v":"value"}," meses"]},"$x":[{"t":"idOrVar","v":"plural"},"value"]},{"$i":"years-until-long","$v":{"zero":"este año","one":"próximo año","two":["en ",{"t":"idOrVar","v":"value"}," años"],"few":["en ",{"t":"idOrVar","v":"value"}," años"],"many":["en ",{"t":"idOrVar","v":"value"}," años"],"other":["en ",{"t":"idOrVar","v":"value"}," años"]},"$x":[{"t":"idOrVar","v":"plural"},"value"]},{"$i":"minutes-ago-short","$v":{"zero":"ahora","other":["hace ",{"t":"idOrVar","v":"value"}," m"]},"$x":[{"t":"idOrVar","v":"plural"},"value"]},{"$i":"hours-ago-short","$v":{"zero":"ahora","other":["hace ",{"t":"idOrVar","v":"value"}," h"]},"$x":[{"t":"idOrVar","v":"plural"},"value"]},{"$i":"days-ago-short","$v":{"zero":"hoy","other":["hace ",{"t":"idOrVar","v":"value"}," d"]},"$x":[{"t":"idOrVar","v":"plural"},"value"]},{"$i":"minutes-until-short","$v":{"zero":"ahora","other":["en ",{"t":"idOrVar","v":"value"}," m"]},"$x":[{"t":"idOrVar","v":"plural"},"value"]},{"$i":"hours-until-short","$v":{"zero":"ahora","other":["en ",{"t":"idOrVar","v":"value"}," h"]},"$x":[{"t":"idOrVar","v":"plural"},"value"]},{"$i":"days-until-short","$v":{"zero":"hoy","other":["en ",{"t":"idOrVar","v":"value"}," d"]},"$x":[{"t":"idOrVar","v":"plural"},"value"]},{"$i":"incorrectDate","$v":"(fecha incorrecta)"},{"$i":"dateTimeFormat_%c","$v":"%a, %e de %b, %Y %H:%M:%S"},{"$i":"dateTimeFormat_%x","$v":"%d/%m/%Y"},{"$i":"dateTimeFormat_%X","$v":"%H:%M:%S"},{"$i":"shortTimeFormat","$v":"%H:%M"},{"$i":"shortTimeFormat12","$v":"%H:%M"},{"$i":"shortTimeFormat24","$v":"%H:%M"},{"$i":"shortDateTimeFormat","$v":"%x %H:%M"},{"$i":"weekStartsOnMonday","$v":"1"},{"$i":"firstDayOfTheWeek","$v":"1"},{"$i":"time_am","$v":"AM"},{"$i":"time_pm","$v":"PM"}]