[{"$i":"topup-confirmation-title2","$v":"Kontsumoa"},{"$i":"topup-confirmation-message","$v":"Karga berretsita"},{"$i":"topup-incorrectcode-title2","$v":"Kontsumoa"},{"$i":"topup-incorrectcode-message3","$v":"Kargatzeko kode okerra sartu da."},{"$i":"updating","$v":"Eguneratzen"},{"$i":"updating-ellipsis","$v":"Eguneratzen…"},{"$i":"yesterday","$v":"Atzo"},{"$i":"today","$v":"Gaur"},{"$i":"never","$v":"Inoiz ez"},{"$i":"magnitude","$v":[{"t":"idOrVar","v":"value"}," ",{"t":"idOrVar","v":"unit"}]},{"$i":"currency","$v":[{"t":"idOrVar","v":"value"},{"t":"idOrVar","v":"currency"}]},{"$i":"widget","$v":"Kontsumoaren widgeta"},{"$i":"widget-authed-sim-heading","$v":[{"t":"idOrVar","v":"provider"}," SIM berria sartuta"]},{"$i":"widget-authed-sim-meta","$v":"Sakatu zure telefono- eta Internet-kontsumoaren jarraipena egiteko."},{"$i":"widget-nonauthed-sim-heading","$v":"SIM berria sartuta"},{"$i":"widget-nonauthed-sim-meta","$v":"Sakatu Internet-kontsumoa neurtzeko."},{"$i":"widget-airplane-mode-heading","$v":"Hegazkin modua"},{"$i":"widget-airplane-mode-meta","$v":"Kontsumoa gaitzeko, itzali hegazkin modua mesedez."},{"$i":"widget-no-sim2-heading","$v":"SIMik ez sartuta"},{"$i":"widget-no-sim2-meta","$v":"Sartu SIMa kontsumoa gaitzeko"},{"$i":"widget-sim-locked-heading","$v":"SIM txartela blokeatuta"},{"$i":"widget-sim-locked-meta","$v":"Desblokeatu SIMa kontsumoa gaitzeko."},{"$i":"widget-unknown-heading","$v":"Errorea"},{"$i":"widget-unknown-meta","$v":"Ziurtatu hegazkin modua itzalita dagoela."},{"$i":"fte","$v":"Kontsumoaren lehen aldiko esperientzia"},{"$i":"fte-authed-sim","$v":"Aurreztu dirua zure telefono- eta Internet-kontsumoaren jarraipena eginez."},{"$i":"fte-nonauthed-sim","$v":"Aurreztu dirua zure Internet-kontsumoaren jarraipena eginez."},{"$i":"fte-no-sim","$v":"Eskuratu erabiltzen duzun Internet datu kopuruaren informazio zehatza."},{"$i":"fte-sim-info2","$v":"Erakutsitako kontsumo-informazioa gailu honetatik dator zuzenean. Kontu-informazio xehetuak eskuratzeko egiaztatu zure mugikorreko zerbitzu-hornitzailearekin."},{"$i":"fte-plantype-title","$v":"Kontratu mota"},{"$i":"fte-plantype-hint","$v":"Hautatu zure mugikorreko zerbitzu-hornitzailearekin daukazun kontratu mota."},{"$i":"fte-prepaid2-title","$v":"Saldo baxuaren alerta"},{"$i":"fte-prepaid2-hint","$v":"Ezarri alerta krediturik gabe geratzea saihesteko."},{"$i":"fte-prepaid3-title","$v":"Datuen txostena eta alerta"},{"$i":"fte-prepaid3-hint","$v":"Jaso zure Internet-kontsumoaren inguruko txostenak eta ezarri alerta datu gehiegi erabiltzea saihesteko."},{"$i":"fte-postpaid2-title","$v":"Telefonoaren eta datuen txostena"},{"$i":"fte-postpaid2-hint","$v":"Jaso zure telefono- eta Internet-kontsumoaren inguruko txostenak."},{"$i":"fte-postpaid3-title","$v":"Datuen alerta"},{"$i":"fte-postpaid3-hint","$v":"Ezarri alerta datu gehiegi erabiltzea saihesteko."},{"$i":"fte-onlydata2-title","$v":"Datuen txostena"},{"$i":"fte-onlydata2-hint","$v":"Jaso zure Internet-kontsumoaren inguruko txostenak."},{"$i":"fte-onlydata3-title","$v":"Datuen alerta"},{"$i":"fte-onlydata3-hint","$v":"Ezarri alerta datu gehiegi erabiltzea saihesteko."},{"$i":"phone-activity","$v":"Telefonoaren jarduera"},{"$i":"balance","$v":"Balantzea"},{"$i":"on-roaming-message2","$v":"Ibiltaritza: balantzearen eguneraketa automatikorik ez. Eskuz eguneratzeagatik kobratuko zaizu agian."},{"$i":"balance-error-message2","$v":"Balantzea ez da ondo eguneratu. Saiatu eskuz eguneratzen."},{"$i":"airplane-mode-error-message2","$v":"Itzali hegazkin modua zure balantzea eguneratzeko edo kargatzeko."},{"$i":"disable-airplane-mode","$v":"Hegazkin modua desgaitu nahi duzu eguneratzeko edo kargatzeko?"},{"$i":"no-coverage-error-message2","$v":"Telefono-estaldura behar duzu zure balantzea eguneratzeko edo kargatzeko."},{"$i":"top-up","$v":"Karga"},{"$i":"enter-top-up-code","$v":"Sartu kargatzeko kodea"},{"$i":"top-up-code-explanation2","$v":"Arraskatzeko txartelean edo ordainagirian aurkituko duzu."},{"$i":"wait-for-confirmation","$v":"Berrespen-mezua jasoko duzu"},{"$i":"incorrect-code2","$v":"Ziurtatu kodea zuzenda dela eta saiatu berriro."},{"$i":"topup-error2","$v":"Arazo bat egon da kodea bidaltzean. Saiatu berriro mesedez."},{"$i":"application-error-title","$v":"Zerbitzua ez dago erabilgarri"},{"$i":"application-error-message","$v":"Jarri harremanetan zure konpainiako arduradunarekin"},{"$i":"service-unavailable-title","$v":"Zerbitzua ez dago erabilgarri"},{"$i":"service-unavailable-message","$v":"Une honetan ezin da eguneraketarik ezta kargarik ere burutu. Saiatu geroago."},{"$i":"data-usage","$v":"Datu-kontsumoa"},{"$i":"update-button","$v":"Eguneratu"},{"$i":"topup-button2","$v":"Erabili kargatzeko kodea"},{"$i":"topup-ussd-button2","$v":"Ireki kargatzeko menua"},{"$i":"ok","$v":"Ados"},{"$i":"top-up-in-progress2","$v":"Zure karga prozesatzen ari da."},{"$i":"top-up-timed-out2","$v":"Berresteko, eguneratu zure balantzea. Balantzea ez bada aldatu, saiatu berriro kargatzen."},{"$i":"on-topup-not-confirmed-title","$v":"Karga berretsi gabe"},{"$i":"on-topup-not-confirmed-message","$v":"Saiatu balantzea eguneratzen edo saiatu berriro kargatzen."},{"$i":"send","$v":"bidali"},{"$i":"plantype-setup-title","$v":"Nire telefono- eta Internet-plana ondorengoa da:"},{"$i":"prepaid","$v":"Aurrez ordaindutakoa"},{"$i":"postpaid","$v":"Kontratua"},{"$i":"phoneactivity","$v":"Telefonoaren jarduera"},{"$i":"short-date-format","$v":"%b, %d"},{"$i":"long-date-format","$v":"%B %d, %Y"},{"$i":"sms-sent","$v":"SMSa bidalita"},{"$i":"call-made","$v":"Egindako deiak"},{"$i":"settings","$v":"Ezarpenak"},{"$i":"low-balance-alert","$v":"Saldo baxuaren alerta"},{"$i":"low-balance-explanation2","$v":"Balantzea honen azpitik dagoenean"},{"$i":"phone-and-internet-data-report","$v":"Telefonoaren eta Internet datuen txostena"},{"$i":"internet-data-report","$v":"Internet datuen txostena"},{"$i":"starting-on","$v":"Hasiera-data"},{"$i":"cancel","$v":"Utzi"},{"$i":"monthly","$v":"Hilero"},{"$i":"weekly","$v":"Astero"},{"$i":"monday","$v":"astelehena"},{"$i":"tuesday","$v":"asteartea"},{"$i":"wednesday","$v":"asteazkena"},{"$i":"thursday","$v":"osteguna"},{"$i":"friday","$v":"ostirala"},{"$i":"saturday","$v":"larunbata"},{"$i":"sunday","$v":"igandea"},{"$i":"billing-cycle-ends","$v":"Fakturazio-zikloa amaitzen da"},{"$i":"tracking-will-reset","$v":"Jarraipena data honetan berrezarriko da"},{"$i":"yes","$v":"Bai"},{"$i":"done","$v":"Eginda"},{"$i":"confirmation","$v":"Berrespena"},{"$i":"reset-wifi-confirmation-warning","$v":["Une honetan zure datu-erabilera ",{"t":"idOrVar","v":"wifiData"}," da Wifi-an. Garbitu?"]},{"$i":"reset-mobile-confirmation-warning","$v":"Une honetan zure datu-erabilera {mobileData}} da mugikorrean. Garbitu?"},{"$i":"reset-all-confirmation-warning","$v":["Une honetan zure datu-erabilera ",{"t":"idOrVar","v":"mobileData"}," da mugikorrean, ",{"t":"idOrVar","v":"wifiData"}," Wifian. Garbitu?"]},{"$i":"reset-telephony-confirmation-warning","$v":"Uneko datu guztiak ezabatu egingo dira. Ziru zaude berrezarri egin nahi duzula?"},{"$i":"reset","$v":"Berrezarri"},{"$i":"reset-wifi","$v":"Berrezarri Wi-Fi kontsumoa"},{"$i":"reset-mobile","$v":"Berrezarri mugikorraren kontsumoa"},{"$i":"reset-all","$v":"Berrezarri mugikorraren eta Wi-Fiaren datuak"},{"$i":"not-set","$v":"Ezarri gabe"},{"$i":"used","$v":"Erabilita"},{"$i":"limit-passed","$v":"Muga gaindituta"},{"$i":"limit","$v":"Muga"},{"$i":"data-limit-header","$v":"Datu-muga"},{"$i":"data-limit-alert","$v":"Datu-alerta"},{"$i":"data-limit-value2","$v":"Kontsumoa honen gainetik dagoenean"},{"$i":"data-limit-dialog-title2","$v":"Sartu mugikorraren datu-mugaren alerta"},{"$i":"data-limit-dialog-explanation2","$v":"Konexio-abiadurak moteldu egiten dira mugara heltzean. Egiaztatu zure datu-hornitzailearekin alerta-maila egokia ezartzeko."},{"$i":"data-limit-input-label","ariaLabel":"Datu-muga"},{"$i":"wifi-usage","$v":"Wi-Fi kontsumoa"},{"$i":"mobile-usage","$v":"Mugik. kontsumoa"},{"$i":"wifi-usage-settings","$v":"Wi-Fi kontsumoa"},{"$i":"mobile-usage-settings","$v":"Mugikorraren kontsumoa"},{"$i":"im-prepaid","$v":"Aurrez ordaindutakoa"},{"$i":"im-postpaid","$v":"Kontratua"},{"$i":"reset-data-usage","$v":"Berrezarri datu-kontsumoa"},{"$i":"reset-report","$v":"Berrezarri txostena"},{"$i":"next","$v":"Hurrengoa"},{"$i":"back","$v":"Atzera"},{"$i":"lets-go","$v":"Goazen!"},{"$i":"alert","$v":"Alerta"},{"$i":"alert-limit","$v":"Alertaren muga"},{"$i":"fte-welcome-title","$v":"Ongi etorri"},{"$i":"data-limit-notification-title2","$v":["datuen ",{"t":"idOrVar","v":"limit"}," erabilita"]},{"$i":"data-limit-notification-text2","$v":"Hautatutako mugara heldu zara"},{"$i":"low-balance-notification-title","$v":"Balantze baxua"},{"$i":"low-balance-notification-text","$v":[{"t":"idOrVar","v":"remaining"}," geratzen da"]},{"$i":"zero-balance-message","$v":"Balantzea zerora heldu da, ez da telefono-krediturik geratzen."},{"$i":"not-available","$v":"Ez dago erabilgarri"},{"$i":"usage","$v":"Kontsumoa"},{"$i":"internet","$v":"Internet"},{"$i":"phone","$v":"Telefonoa"},{"$i":"loading-interface-data","$v":"Interfazearen datuak kargatzen. Saiatu berriro geroago."},{"$i":"data-limit","$v":["Datu-muga (",{"t":"idOrVar","v":"value"},")"]},{"$i":"data-available2","$v":{"zero":[{"t":"idOrVar","v":"value"}," ",{"t":"idOrVar","v":"unit"}," erabilgarri"],"one":[{"t":"idOrVar","v":"value"}," ",{"t":"idOrVar","v":"unit"}," erabilgarri"],"two":[{"t":"idOrVar","v":"value"}," ",{"t":"idOrVar","v":"unit"}," erabilgarri"],"few":[{"t":"idOrVar","v":"value"}," ",{"t":"idOrVar","v":"unit"}," erabilgarri"],"many":[{"t":"idOrVar","v":"value"}," ",{"t":"idOrVar","v":"unit"}," erabilgarri"],"other":[{"t":"idOrVar","v":"value"}," ",{"t":"idOrVar","v":"unit"}," erabilgarri"]},"$x":[{"t":"idOrVar","v":"plural"},"value"]},{"$i":"over-limit","$v":{"one":[{"t":"idOrVar","v":"value"}," ",{"t":"idOrVar","v":"unit"}," mugatik gora"],"two":[{"t":"idOrVar","v":"value"}," ",{"t":"idOrVar","v":"unit"}," mugatik gora"],"few":[{"t":"idOrVar","v":"value"}," ",{"t":"idOrVar","v":"unit"}," mugatik gora"],"many":[{"t":"idOrVar","v":"value"}," ",{"t":"idOrVar","v":"unit"}," mugatik gora"],"other":[{"t":"idOrVar","v":"value"}," ",{"t":"idOrVar","v":"unit"}," mugatik gora"]},"$x":[{"t":"idOrVar","v":"plural"},"value"]},{"$i":"verbose-chart-date-format","$v":[{"t":"idOrVar","v":"em-month"}," ",{"t":"idOrVar","v":"monthday-number"}]},{"$i":"day-hour-format","$v":[{"t":"idOrVar","v":"day"},", ",{"t":"idOrVar","v":"time"}]},{"$i":"B","$v":"B"},{"$i":"KB","$v":"KB"},{"$i":"MB","$v":"MB"},{"$i":"GB","$v":"GB"},{"$i":"unit-MB","ariaLabel":"MB"},{"$i":"unit-GB","ariaLabel":"GB"},{"$i":"app-usage-list-header","$v":"Mugikorraren erabilera aplikazioko"},{"$i":"app-usage-no-data","$v":"Oraindik ez duzu datu mugikorrik erabili. Egiten duzunean, aplikazio bakoitzak erabilitakoa erakutsiko da hemen."},{"$i":"data-used-since","$v":[{"t":"idOrVar","v":"amount"}," datu erabili dira ",{"t":"idOrVar","v":"start-date"}," datatik"]},{"$i":"data-used-this-week","$v":[{"t":"idOrVar","v":"amount"}," datu erabili dira aste honetan"]},{"$i":"data-used-this-month","$v":[{"t":"idOrVar","v":"amount"}," datu erabili dira hilabete honetan"]},{"$i":"data-usage-other-apps","$v":"Beste batzuk"},{"$i":"data-usage-browser-app","$v":"Browser"},{"$i":"limit-layer-MB","ariaLabel":["Limit of ",{"t":"idOrVar","v":"value"}," MB"]},{"$i":"limit-layer-GB","ariaLabel":["Limit of ",{"t":"idOrVar","v":"value"}," GB"]},{"$i":"warning-layer","ariaLabel":[{"t":"idOrVar","v":"value"}," left"]},{"$i":"limit-exceeded-layer","ariaLabel":["Exceeded by ",{"t":"idOrVar","v":"value"}]},{"$i":"today-layer","ariaLabel":["Today is ",{"t":"idOrVar","v":"today"}]},{"$i":"axis-layer","ariaLabel":["From ",{"t":"idOrVar","v":"from"}," to ",{"t":"idOrVar","v":"to"}]},{"$i":"weekday-0-long","$v":"Igandea"},{"$i":"weekday-1-long","$v":"Astelehena"},{"$i":"weekday-2-long","$v":"Asteartea"},{"$i":"weekday-3-long","$v":"Asteazkena"},{"$i":"weekday-4-long","$v":"Osteguna"},{"$i":"weekday-5-long","$v":"Ostirala"},{"$i":"weekday-6-long","$v":"Larunbata"},{"$i":"weekday-0-short","$v":"Ig."},{"$i":"weekday-1-short","$v":"Al."},{"$i":"weekday-2-short","$v":"Ar."},{"$i":"weekday-3-short","$v":"Az."},{"$i":"weekday-4-short","$v":"Og."},{"$i":"weekday-5-short","$v":"Or."},{"$i":"weekday-6-short","$v":"Lr."},{"$i":"month-0-long","$v":"Urtarrila"},{"$i":"month-1-long","$v":"Otsaila"},{"$i":"month-2-long","$v":"Martxoa"},{"$i":"month-3-long","$v":"Apirila"},{"$i":"month-4-long","$v":"Maiatza"},{"$i":"month-5-long","$v":"Ekaina"},{"$i":"month-6-long","$v":"Uztaila"},{"$i":"month-7-long","$v":"Abuztua"},{"$i":"month-8-long","$v":"Iraila"},{"$i":"month-9-long","$v":"Urria"},{"$i":"month-10-long","$v":"Azaroa"},{"$i":"month-11-long","$v":"Abendua"},{"$i":"month-0-genitive","$v":"Urtarrilaren"},{"$i":"month-1-genitive","$v":"Otsailaren"},{"$i":"month-2-genitive","$v":"Martxoaren"},{"$i":"month-3-genitive","$v":"Apirilaren"},{"$i":"month-4-genitive","$v":"Maiatzaren"},{"$i":"month-5-genitive","$v":"Ekainaren"},{"$i":"month-6-genitive","$v":"Uztailaren"},{"$i":"month-7-genitive","$v":"Abuztuaren"},{"$i":"month-8-genitive","$v":"Irailaren"},{"$i":"month-9-genitive","$v":"Urriaren"},{"$i":"month-10-genitive","$v":"Azaroaren"},{"$i":"month-11-genitive","$v":"Abenduaren"},{"$i":"month-0-short","$v":"urt."},{"$i":"month-1-short","$v":"ots."},{"$i":"month-2-short","$v":"mar."},{"$i":"month-3-short","$v":"api."},{"$i":"month-4-short","$v":"mai."},{"$i":"month-5-short","$v":"eka."},{"$i":"month-6-short","$v":"uzt."},{"$i":"month-7-short","$v":"abu."},{"$i":"month-8-short","$v":"ira."},{"$i":"month-9-short","$v":"urr."},{"$i":"month-10-short","$v":"aza."},{"$i":"month-11-short","$v":"abe."},{"$i":"minutes-ago-long","$v":{"zero":"orain","one":"duela minutu bat","two":["duela ",{"t":"idOrVar","v":"value"}," minutu"],"few":["duela ",{"t":"idOrVar","v":"value"}," minutu"],"many":["duela ",{"t":"idOrVar","v":"value"}," minutu"],"other":["duela ",{"t":"idOrVar","v":"value"}," minutu"]},"$x":[{"t":"idOrVar","v":"plural"},"value"]},{"$i":"hours-ago-long","$v":{"zero":"orain","one":"duela ordubete","two":["duela ",{"t":"idOrVar","v":"value"}," ordu"],"few":["duela ",{"t":"idOrVar","v":"value"}," ordu"],"many":["duela ",{"t":"idOrVar","v":"value"}," ordu"],"other":["duela ",{"t":"idOrVar","v":"value"}," ordu"]},"$x":[{"t":"idOrVar","v":"plural"},"value"]},{"$i":"days-ago-long","$v":{"zero":"gaur","one":"atzo","two":"herenegun","few":["duela ",{"t":"idOrVar","v":"value"}," egun"],"many":["duela ",{"t":"idOrVar","v":"value"}," egun"],"other":["duela ",{"t":"idOrVar","v":"value"}," egun"]},"$x":[{"t":"idOrVar","v":"plural"},"value"]},{"$i":"weeks-ago-long","$v":{"zero":"aste honetan","one":"azken astean","two":["duela ",{"t":"idOrVar","v":"value"}," aste"],"few":["duela ",{"t":"idOrVar","v":"value"}," aste"],"many":["duela ",{"t":"idOrVar","v":"value"}," aste"],"other":["duela ",{"t":"idOrVar","v":"value"}," aste"]},"$x":[{"t":"idOrVar","v":"plural"},"value"]},{"$i":"months-ago-long","$v":{"zero":"hilabete honetan","one":"azken hilabetean","two":["duela ",{"t":"idOrVar","v":"value"}," hilabete"],"few":["duela ",{"t":"idOrVar","v":"value"}," hilabete"],"many":["duela ",{"t":"idOrVar","v":"value"}," hilabete"],"other":["duela ",{"t":"idOrVar","v":"value"}," hilabete"]},"$x":[{"t":"idOrVar","v":"plural"},"value"]},{"$i":"years-ago-long","$v":{"zero":"aurten","one":"iaz","two":["duela ",{"t":"idOrVar","v":"value"}," urte"],"few":["duela ",{"t":"idOrVar","v":"value"}," urte"],"many":["duela ",{"t":"idOrVar","v":"value"}," urte"],"other":["duela ",{"t":"idOrVar","v":"value"}," urte"]},"$x":[{"t":"idOrVar","v":"plural"},"value"]},{"$i":"minutes-until-long","$v":{"zero":"orain","one":"minutu barru","two":[{"t":"idOrVar","v":"value"}," minutu barru"],"few":[{"t":"idOrVar","v":"value"}," minutu barru"],"many":[{"t":"idOrVar","v":"value"}," minutu barru"],"other":[{"t":"idOrVar","v":"value"}," minutu barru"]},"$x":[{"t":"idOrVar","v":"plural"},"value"]},{"$i":"hours-until-long","$v":{"zero":"orain","one":"ordubete barru","two":[{"t":"idOrVar","v":"value"}," ordu barru"],"few":[{"t":"idOrVar","v":"value"}," ordu barru"],"many":[{"t":"idOrVar","v":"value"}," ordu barru"],"other":[{"t":"idOrVar","v":"value"}," ordu barru"]},"$x":[{"t":"idOrVar","v":"plural"},"value"]},{"$i":"days-until-long","$v":{"zero":"gaur","one":"bihar","two":"etzi","few":[{"t":"idOrVar","v":"value"}," egun barru"],"many":[{"t":"idOrVar","v":"value"}," egun barru"],"other":[{"t":"idOrVar","v":"value"}," egun barru"]},"$x":[{"t":"idOrVar","v":"plural"},"value"]},{"$i":"weeks-until-long","$v":{"zero":"aste honetan","one":"hurrengo astean","two":[{"t":"idOrVar","v":"value"}," aste barru"],"few":[{"t":"idOrVar","v":"value"}," aste barru"],"many":[{"t":"idOrVar","v":"value"}," aste barru"],"other":[{"t":"idOrVar","v":"value"}," aste barru"]},"$x":[{"t":"idOrVar","v":"plural"},"value"]},{"$i":"months-until-long","$v":{"zero":"hil honetan","one":"hurrengo hilean","two":[{"t":"idOrVar","v":"value"}," hilabete barru"],"few":[{"t":"idOrVar","v":"value"}," hilabete barru"],"many":[{"t":"idOrVar","v":"value"}," hilabete barru"],"other":[{"t":"idOrVar","v":"value"}," hilabete barru"]},"$x":[{"t":"idOrVar","v":"plural"},"value"]},{"$i":"years-until-long","$v":{"zero":"aurten","one":"hurrengo urtean","two":[{"t":"idOrVar","v":"value"}," urte barru"],"few":[{"t":"idOrVar","v":"value"}," urte barru"],"many":[{"t":"idOrVar","v":"value"}," urte barru"],"other":[{"t":"idOrVar","v":"value"}," urte barru"]},"$x":[{"t":"idOrVar","v":"plural"},"value"]},{"$i":"minutes-ago-short","$v":{"zero":"orain","other":["duela ",{"t":"idOrVar","v":"value"},"m"]},"$x":[{"t":"idOrVar","v":"plural"},"value"]},{"$i":"hours-ago-short","$v":{"zero":"orain","other":["duela ",{"t":"idOrVar","v":"value"},"h"]},"$x":[{"t":"idOrVar","v":"plural"},"value"]},{"$i":"days-ago-short","$v":{"zero":"gaur","other":["duela ",{"t":"idOrVar","v":"value"},"eg."]},"$x":[{"t":"idOrVar","v":"plural"},"value"]},{"$i":"minutes-until-short","$v":{"zero":"orain","other":[{"t":"idOrVar","v":"value"},"m barru"]},"$x":[{"t":"idOrVar","v":"plural"},"value"]},{"$i":"hours-until-short","$v":{"zero":"orain","other":[{"t":"idOrVar","v":"value"},"h barru"]},"$x":[{"t":"idOrVar","v":"plural"},"value"]},{"$i":"days-until-short","$v":{"zero":"gaur","other":[{"t":"idOrVar","v":"value"},"eg. barru"]},"$x":[{"t":"idOrVar","v":"plural"},"value"]},{"$i":"incorrectDate","$v":"(data okerra)"},{"$i":"dateTimeFormat_%c","$v":"%a, %Y.eko %Bren %ea %H:%M:%S"},{"$i":"dateTimeFormat_%x","$v":"%Y/%m/%d"},{"$i":"dateTimeFormat_%X","$v":"%H:%M:%S"},{"$i":"shortTimeFormat","$v":"%I:%M %p"},{"$i":"shortTimeFormat12","$v":"%I:%M %p"},{"$i":"shortTimeFormat24","$v":"%H:%M"},{"$i":"shortDateTimeFormat","$v":"%x %H:%M"},{"$i":"weekStartsOnMonday","$v":"1"},{"$i":"firstDayOfTheWeek","$v":"1"},{"$i":"time_am","$v":"AM"},{"$i":"time_pm","$v":"PM"}]