[{"$i":"topup-confirmation-title2","$v":"Suivi conso"},{"$i":"topup-confirmation-message","$v":"Code de recharge confirmé"},{"$i":"topup-incorrectcode-title2","$v":"Suivi conso"},{"$i":"topup-incorrectcode-message3","$v":"Code de recharge saisi incorrect."},{"$i":"updating","$v":"Actualisation"},{"$i":"updating-ellipsis","$v":"Actualisation…"},{"$i":"yesterday","$v":"Hier"},{"$i":"today","$v":"Aujourd’hui"},{"$i":"never","$v":"Jamais"},{"$i":"magnitude","$v":[{"t":"idOrVar","v":"value"}," ",{"t":"idOrVar","v":"unit"}]},{"$i":"currency","$v":[{"t":"idOrVar","v":"value"}," ",{"t":"idOrVar","v":"currency"}]},{"$i":"widget","$v":"Gadget Suivi conso"},{"$i":"widget-authed-sim-heading","$v":["Nouvelle carte SIM ",{"t":"idOrVar","v":"provider"}," insérée"]},{"$i":"widget-authed-sim-meta","$v":"Appuyez pour suivre la conso. tél./Internet."},{"$i":"widget-nonauthed-sim-heading","$v":"Nouvelle carte SIM insérée"},{"$i":"widget-nonauthed-sim-meta","$v":"Appuyez pour suivre la consommation Internet."},{"$i":"widget-airplane-mode-heading","$v":"Mode avion"},{"$i":"widget-airplane-mode-meta","$v":"Désactivez mode avion pour activer Suivi conso."},{"$i":"widget-no-sim2-heading","$v":"Aucune carte SIM insérée"},{"$i":"widget-no-sim2-meta","$v":"Pour suivre la consommation, insérez une SIM."},{"$i":"widget-sim-locked-heading","$v":"Carte SIM verrouillée"},{"$i":"widget-sim-locked-meta","$v":"Déverrouillez SIM pour activer Suivi conso."},{"$i":"widget-unknown-heading","$v":"Erreur"},{"$i":"widget-unknown-meta","$v":"Veuillez désactiver le mode avion."},{"$i":"fte","$v":"Tutoriel Suivi conso"},{"$i":"fte-authed-sim","$v":"Faites des économies en suivant l’évolution de votre consommation téléphone et Internet."},{"$i":"fte-nonauthed-sim","$v":"Faites des économies en suivant l’évolution de votre consommation Internet."},{"$i":"fte-no-sim","$v":"Obtenez des informations détaillées sur votre consommation Internet."},{"$i":"fte-sim-info2","$v":"Les informations affichées dans Suivi conso proviennent directement de cet appareil. Consultez votre opérateur mobile pour obtenir des informations détaillées concernant votre compte."},{"$i":"fte-plantype-title","$v":"Type de contrat"},{"$i":"fte-plantype-hint","$v":"Sélectionnez le type de contrat passé avec votre opérateur."},{"$i":"fte-prepaid2-title","$v":"Alerte solde faible"},{"$i":"fte-prepaid2-hint","$v":"Définissez une alerte pour éviter de vous retrouver à court de crédit."},{"$i":"fte-prepaid3-title","$v":"Alerte/rapport données"},{"$i":"fte-prepaid3-hint","$v":"Recevez des rapports concernant votre consommation Internet et définissez une alerte pour éviter les excès."},{"$i":"fte-postpaid2-title","$v":"Rapport tél. et données"},{"$i":"fte-postpaid2-hint","$v":"Recevez des rapports concernant votre consommation téléphone et Internet."},{"$i":"fte-postpaid3-title","$v":"Alerte données"},{"$i":"fte-postpaid3-hint","$v":"Définissez une alerte pour éviter d’utiliser trop de données."},{"$i":"fte-onlydata2-title","$v":"Rapport données"},{"$i":"fte-onlydata2-hint","$v":"Recevez des rapports concernant votre consommation Internet."},{"$i":"fte-onlydata3-title","$v":"Alerte données"},{"$i":"fte-onlydata3-hint","$v":"Définissez une alerte pour éviter d’utiliser trop de données."},{"$i":"phone-activity","$v":"Appels téléphoniques"},{"$i":"balance","$v":"Solde"},{"$i":"on-roaming-message2","$v":"Itinérance — aucune actualisation automatique du solde. Des frais pourraient s’appliquer si vous actualisez manuellement."},{"$i":"balance-error-message2","$v":"Le solde ne s’est pas actualisé correctement. Essayez d’actualiser manuellement."},{"$i":"airplane-mode-error-message2","$v":"Pour actualiser votre solde ou recharger, désactivez le mode avion."},{"$i":"disable-airplane-mode","$v":"Voulez-vous désactiver le mode avion pour actualiser ou recharger ?"},{"$i":"no-coverage-error-message2","$v":"Vous avez besoin d’une couverture réseau pour actualiser votre solde ou recharger."},{"$i":"top-up","$v":"Code recharge"},{"$i":"enter-top-up-code","$v":"Saisir le code de recharge"},{"$i":"top-up-code-explanation2","$v":"Vous le trouverez sur la carte à gratter ou directement sur votre ticket."},{"$i":"wait-for-confirmation","$v":"Vous allez recevoir un message de confirmation"},{"$i":"incorrect-code2","$v":"Assurez-vous que le code est correct et réessayez."},{"$i":"topup-error2","$v":"Un problème est survenu lors de l’envoi du code. Veuillez réessayer."},{"$i":"application-error-title","$v":"Service inaccessible"},{"$i":"application-error-message","$v":"Prenez contact avec un représentant de la société"},{"$i":"service-unavailable-title","$v":"Service inaccessible"},{"$i":"service-unavailable-message","$v":"Aucune actualisation ni recharge n’est actuellement possible. Veuillez réessayer plus tard."},{"$i":"data-usage","$v":"Consommation des données"},{"$i":"update-button","$v":"Actualiser"},{"$i":"topup-button2","$v":"Utiliser un code de recharge"},{"$i":"topup-ussd-button2","$v":"Menu de rechargement"},{"$i":"ok","$v":"OK"},{"$i":"top-up-in-progress2","$v":"Votre rechargement est en cours de traitement."},{"$i":"top-up-timed-out2","$v":"Actualisez votre solde pour confirmer. Si le solde reste inchangé, essayez de recharger à nouveau."},{"$i":"on-topup-not-confirmed-title","$v":"Rechargement non confirmé"},{"$i":"on-topup-not-confirmed-message","$v":"Essayez d’actualiser votre solde ou de recharger."},{"$i":"send","$v":"envoyer"},{"$i":"plantype-setup-title","$v":"Mon compte Internet/téléphone est de type"},{"$i":"prepaid","$v":"Prépayé"},{"$i":"postpaid","$v":"Paiement selon consommation"},{"$i":"phoneactivity","$v":"Appels téléphoniques"},{"$i":"short-date-format","$v":"%e %b"},{"$i":"long-date-format","$v":"%d %Eb %Y"},{"$i":"sms-sent","$v":"SMS envoyés"},{"$i":"call-made","$v":"Appels passés"},{"$i":"settings","$v":"Paramètres"},{"$i":"low-balance-alert","$v":"Alerte de solde faible"},{"$i":"low-balance-explanation2","$v":"Me prévenir en-dessous de"},{"$i":"phone-and-internet-data-report","$v":"Rapport de consommation Internet/téléphone"},{"$i":"internet-data-report","$v":"Rapport de consommation Internet"},{"$i":"starting-on","$v":"Début de la période"},{"$i":"cancel","$v":"Annuler"},{"$i":"monthly","$v":"Chaque mois"},{"$i":"weekly","$v":"Chaque semaine"},{"$i":"monday","$v":"Lundi"},{"$i":"tuesday","$v":"Mardi"},{"$i":"wednesday","$v":"Mercredi"},{"$i":"thursday","$v":"Jeudi"},{"$i":"friday","$v":"Vendredi"},{"$i":"saturday","$v":"Samedi"},{"$i":"sunday","$v":"Dimanche"},{"$i":"billing-cycle-ends","$v":"Fin de la période de suivi"},{"$i":"tracking-will-reset","$v":"Le suivi sera réinitialisé à cette date"},{"$i":"yes","$v":"Oui"},{"$i":"done","$v":"Terminé"},{"$i":"confirmation","$v":"Confirmation"},{"$i":"reset-wifi-confirmation-warning","$v":["Votre consommation de données Wi-Fi est de ",{"t":"idOrVar","v":"wifiData"},". Voulez-vous l’effacer ?"]},{"$i":"reset-mobile-confirmation-warning","$v":["Votre consommation de données mobiles est de ",{"t":"idOrVar","v":"mobileData"},". Voulez-vous l’effacer ?"]},{"$i":"reset-all-confirmation-warning","$v":["Votre consommation de données est de ",{"t":"idOrVar","v":"mobileData"}," par la connexion de données mobiles et de ",{"t":"idOrVar","v":"wifiData"}," par la connexion Wi-Fi. Voulez-vous l’effacer ?"]},{"$i":"reset-telephony-confirmation-warning","$v":"Toutes les données vont être supprimées. Voulez-vous vraiment tout réinitialiser ?"},{"$i":"reset","$v":"Réinitialiser"},{"$i":"reset-wifi","$v":"Réinitialiser données Wi-Fi"},{"$i":"reset-mobile","$v":"Réinitialiser données mobiles"},{"$i":"reset-all","$v":"Réinitialiser données Wi-Fi et mobiles"},{"$i":"not-set","$v":"Non défini"},{"$i":"used","$v":"Consommé"},{"$i":"limit-passed","$v":"Quota dépassé"},{"$i":"limit","$v":"Quota"},{"$i":"data-limit-header","$v":"Niveau d’alerte"},{"$i":"data-limit-alert","$v":"Alerte de consommation des données"},{"$i":"data-limit-value2","$v":"Me prévenir au-delà de"},{"$i":"data-limit-dialog-title2","$v":"Saisissez un niveau d’alerte pour les données mobiles"},{"$i":"data-limit-dialog-explanation2","$v":"La vitesse de connexion est réduite une fois le quota atteint. Vérifiez auprès de votre opérateur pour définir un niveau d’alerte approprié."},{"$i":"data-limit-input-label","ariaLabel":"Quota de données"},{"$i":"wifi-usage","$v":"Conso. Wi-Fi"},{"$i":"mobile-usage","$v":"Conso. mobile"},{"$i":"wifi-usage-settings","$v":"Consommation Wi-Fi"},{"$i":"mobile-usage-settings","$v":"Consommation mobile"},{"$i":"im-prepaid","$v":"Prépayé"},{"$i":"im-postpaid","$v":"Abonnement"},{"$i":"reset-data-usage","$v":"Réinitialiser les données"},{"$i":"reset-report","$v":"Réinitialiser le rapport"},{"$i":"next","$v":"Suivant"},{"$i":"back","$v":"Retour"},{"$i":"lets-go","$v":"C’est parti !"},{"$i":"alert","$v":"Alerte"},{"$i":"alert-limit","$v":"Niveau d’alerte"},{"$i":"fte-welcome-title","$v":"Bienvenue"},{"$i":"data-limit-notification-title2","$v":[{"t":"idOrVar","v":"limit"}," de données consommées"]},{"$i":"data-limit-notification-text2","$v":"Vous avez atteint le quota fixé"},{"$i":"low-balance-notification-title","$v":"Solde faible"},{"$i":"low-balance-notification-text","$v":[{"t":"idOrVar","v":"remaining"}," de crédit téléphonique restant"]},{"$i":"zero-balance-message","$v":"Solde épuisé, aucun crédit téléphonique restant."},{"$i":"not-available","$v":"Indisponible"},{"$i":"usage","$v":"Consommation"},{"$i":"internet","$v":"Internet"},{"$i":"phone","$v":"Téléphone"},{"$i":"loading-interface-data","$v":"Chargement des données de l’interface. Veuillez réessayer ultérieurement."},{"$i":"data-limit","$v":["Quota de données (",{"t":"idOrVar","v":"value"},")"]},{"$i":"data-available2","$v":{"zero":[{"t":"idOrVar","v":"value"}," ",{"t":"idOrVar","v":"unit"}," disponible"],"one":[{"t":"idOrVar","v":"value"}," ",{"t":"idOrVar","v":"unit"}," disponible"],"two":[{"t":"idOrVar","v":"value"}," ",{"t":"idOrVar","v":"unit"}," disponibles"],"few":[{"t":"idOrVar","v":"value"}," ",{"t":"idOrVar","v":"unit"}," disponibles"],"many":[{"t":"idOrVar","v":"value"}," ",{"t":"idOrVar","v":"unit"}," disponibles"],"other":[{"t":"idOrVar","v":"value"}," ",{"t":"idOrVar","v":"unit"}," disponibles"]},"$x":[{"t":"idOrVar","v":"plural"},"value"]},{"$i":"over-limit","$v":{"one":["Quota dépassé de ",{"t":"idOrVar","v":"value"}," ",{"t":"idOrVar","v":"unit"}],"two":["Quota dépassé de ",{"t":"idOrVar","v":"value"}," ",{"t":"idOrVar","v":"unit"}],"few":["Quota dépassé de ",{"t":"idOrVar","v":"value"}," ",{"t":"idOrVar","v":"unit"}],"many":["Quota dépassé de ",{"t":"idOrVar","v":"value"}," ",{"t":"idOrVar","v":"unit"}],"other":["Quota dépassé de ",{"t":"idOrVar","v":"value"}," ",{"t":"idOrVar","v":"unit"}]},"$x":[{"t":"idOrVar","v":"plural"},"value"]},{"$i":"verbose-chart-date-format","$v":[{"t":"idOrVar","v":"monthday-number"}," ",{"t":"idOrVar","v":"em-month"}]},{"$i":"day-hour-format","$v":[{"t":"idOrVar","v":"day"},", ",{"t":"idOrVar","v":"time"}]},{"$i":"B","$v":"o"},{"$i":"KB","$v":"Ko"},{"$i":"MB","$v":"Mo"},{"$i":"GB","$v":"Go"},{"$i":"unit-MB","ariaLabel":"Mo"},{"$i":"unit-GB","ariaLabel":"Go"},{"$i":"app-usage-list-header","$v":"Consommation mobile par application"},{"$i":"app-usage-no-data","$v":"Vous n’avez pas encore utilisé de données mobiles. La consommation de données pour chaque application s’affichera ici dès que vous commencerez à en utiliser."},{"$i":"data-used-since","$v":[{"t":"idOrVar","v":"amount"}," de données consommés depuis le ",{"t":"idOrVar","v":"start-date"},"."]},{"$i":"data-used-this-week","$v":[{"t":"idOrVar","v":"amount"}," de données consommées cette semaine."]},{"$i":"data-used-this-month","$v":[{"t":"idOrVar","v":"amount"}," de données consommées ce mois-ci."]},{"$i":"data-usage-other-apps","$v":"Autres"},{"$i":"data-usage-browser-app","$v":"Navigateur"},{"$i":"limit-layer-MB","ariaLabel":["Quota de ",{"t":"idOrVar","v":"value"}," Mo"]},{"$i":"limit-layer-GB","ariaLabel":["Quota de ",{"t":"idOrVar","v":"value"}," Go"]},{"$i":"warning-layer","ariaLabel":[{"t":"idOrVar","v":"value"}," restants"]},{"$i":"limit-exceeded-layer","ariaLabel":["Dépassé de ",{"t":"idOrVar","v":"value"}]},{"$i":"today-layer","ariaLabel":["Nous sommes le ",{"t":"idOrVar","v":"today"}]},{"$i":"axis-layer","ariaLabel":["De ",{"t":"idOrVar","v":"from"}," à ",{"t":"idOrVar","v":"to"}]},{"$i":"weekday-0-long","$v":"Dimanche"},{"$i":"weekday-1-long","$v":"Lundi"},{"$i":"weekday-2-long","$v":"Mardi"},{"$i":"weekday-3-long","$v":"Mercredi"},{"$i":"weekday-4-long","$v":"Jeudi"},{"$i":"weekday-5-long","$v":"Vendredi"},{"$i":"weekday-6-long","$v":"Samedi"},{"$i":"weekday-0-short","$v":"dim"},{"$i":"weekday-1-short","$v":"lun"},{"$i":"weekday-2-short","$v":"mar"},{"$i":"weekday-3-short","$v":"mer"},{"$i":"weekday-4-short","$v":"jeu"},{"$i":"weekday-5-short","$v":"ven"},{"$i":"weekday-6-short","$v":"sam"},{"$i":"month-0-long","$v":"Janvier"},{"$i":"month-1-long","$v":"Février"},{"$i":"month-2-long","$v":"Mars"},{"$i":"month-3-long","$v":"Avril"},{"$i":"month-4-long","$v":"Mai"},{"$i":"month-5-long","$v":"Juin"},{"$i":"month-6-long","$v":"Juillet"},{"$i":"month-7-long","$v":"Août"},{"$i":"month-8-long","$v":"Septembre"},{"$i":"month-9-long","$v":"Octobre"},{"$i":"month-10-long","$v":"Novembre"},{"$i":"month-11-long","$v":"Décembre"},{"$i":"month-0-genitive","$v":"janvier"},{"$i":"month-1-genitive","$v":"février"},{"$i":"month-2-genitive","$v":"mars"},{"$i":"month-3-genitive","$v":"avril"},{"$i":"month-4-genitive","$v":"mai"},{"$i":"month-5-genitive","$v":"juin"},{"$i":"month-6-genitive","$v":"juillet"},{"$i":"month-7-genitive","$v":"août"},{"$i":"month-8-genitive","$v":"septembre"},{"$i":"month-9-genitive","$v":"octobre"},{"$i":"month-10-genitive","$v":"novembre"},{"$i":"month-11-genitive","$v":"décembre"},{"$i":"month-0-short","$v":"jan."},{"$i":"month-1-short","$v":"fév."},{"$i":"month-2-short","$v":"mars"},{"$i":"month-3-short","$v":"avr."},{"$i":"month-4-short","$v":"mai"},{"$i":"month-5-short","$v":"juin"},{"$i":"month-6-short","$v":"juil."},{"$i":"month-7-short","$v":"août"},{"$i":"month-8-short","$v":"sep."},{"$i":"month-9-short","$v":"oct."},{"$i":"month-10-short","$v":"nov."},{"$i":"month-11-short","$v":"déc."},{"$i":"minutes-ago-long","$v":{"zero":"à l’instant","one":["il y a ",{"t":"idOrVar","v":"value"}," minute"],"two":["il y a ",{"t":"idOrVar","v":"value"}," minutes"],"few":["il y a ",{"t":"idOrVar","v":"value"}," minutes"],"many":["il y a ",{"t":"idOrVar","v":"value"}," minutes"],"other":["il y a ",{"t":"idOrVar","v":"value"}," minutes"]},"$x":[{"t":"idOrVar","v":"plural"},"value"]},{"$i":"hours-ago-long","$v":{"zero":"à l’instant","one":["il y a ",{"t":"idOrVar","v":"value"}," heure"],"two":["il y a ",{"t":"idOrVar","v":"value"}," heures"],"few":["il y a ",{"t":"idOrVar","v":"value"}," heures"],"many":["il y a ",{"t":"idOrVar","v":"value"}," heures"],"other":["il y a ",{"t":"idOrVar","v":"value"}," heures"]},"$x":[{"t":"idOrVar","v":"plural"},"value"]},{"$i":"days-ago-long","$v":{"zero":"aujourd’hui","one":"hier","two":["il y a ",{"t":"idOrVar","v":"value"}," jours"],"few":["il y a ",{"t":"idOrVar","v":"value"}," jours"],"many":["il y a ",{"t":"idOrVar","v":"value"}," jours"],"other":["il y a ",{"t":"idOrVar","v":"value"}," jours"]},"$x":[{"t":"idOrVar","v":"plural"},"value"]},{"$i":"weeks-ago-long","$v":{"zero":"cette semaine","one":"la semaine dernière","two":["il y a ",{"t":"idOrVar","v":"value"}," semaines"],"few":["il y a ",{"t":"idOrVar","v":"value"}," semaines"],"many":["il y a ",{"t":"idOrVar","v":"value"}," semaines"],"other":["il y a ",{"t":"idOrVar","v":"value"}," semaines"]},"$x":[{"t":"idOrVar","v":"plural"},"value"]},{"$i":"months-ago-long","$v":{"zero":"ce mois-ci","one":"le mois dernier","two":["il y a ",{"t":"idOrVar","v":"value"}," mois"],"few":["il y a ",{"t":"idOrVar","v":"value"}," mois"],"many":["il y a ",{"t":"idOrVar","v":"value"}," mois"],"other":["il y a ",{"t":"idOrVar","v":"value"}," mois"]},"$x":[{"t":"idOrVar","v":"plural"},"value"]},{"$i":"years-ago-long","$v":{"zero":"cette année","one":"l’année dernière","two":["il y a ",{"t":"idOrVar","v":"value"}," ans"],"few":["il y a ",{"t":"idOrVar","v":"value"}," ans"],"many":["il y a ",{"t":"idOrVar","v":"value"}," ans"],"other":["il y a ",{"t":"idOrVar","v":"value"}," ans"]},"$x":[{"t":"idOrVar","v":"plural"},"value"]},{"$i":"minutes-until-long","$v":{"zero":"maintenant","one":["dans ",{"t":"idOrVar","v":"value"}," minute"],"two":["dans ",{"t":"idOrVar","v":"value"}," minutes"],"few":["dans ",{"t":"idOrVar","v":"value"}," minutes"],"many":["dans ",{"t":"idOrVar","v":"value"}," minutes"],"other":["dans ",{"t":"idOrVar","v":"value"}," minutes"]},"$x":[{"t":"idOrVar","v":"plural"},"value"]},{"$i":"hours-until-long","$v":{"zero":"maintenant","one":["dans ",{"t":"idOrVar","v":"value"}," heure"],"two":["dans ",{"t":"idOrVar","v":"value"}," heures"],"few":["dans ",{"t":"idOrVar","v":"value"}," heures"],"many":["dans ",{"t":"idOrVar","v":"value"}," heures"],"other":["dans ",{"t":"idOrVar","v":"value"}," heures"]},"$x":[{"t":"idOrVar","v":"plural"},"value"]},{"$i":"days-until-long","$v":{"zero":"aujourd’hui","one":"demain","two":["dans ",{"t":"idOrVar","v":"value"}," jours"],"few":["dans ",{"t":"idOrVar","v":"value"}," jours"],"many":["dans ",{"t":"idOrVar","v":"value"}," jours"],"other":["dans ",{"t":"idOrVar","v":"value"}," jours"]},"$x":[{"t":"idOrVar","v":"plural"},"value"]},{"$i":"weeks-until-long","$v":{"zero":"cette semaine","one":"la semaine prochaine","two":["dans ",{"t":"idOrVar","v":"value"}," semaines"],"few":["dans ",{"t":"idOrVar","v":"value"}," semaines"],"many":["dans ",{"t":"idOrVar","v":"value"}," semaines"],"other":["dans ",{"t":"idOrVar","v":"value"}," semaines"]},"$x":[{"t":"idOrVar","v":"plural"},"value"]},{"$i":"months-until-long","$v":{"zero":"ce mois-ci","one":"le mois prochain","two":["dans ",{"t":"idOrVar","v":"value"}," mois"],"few":["dans ",{"t":"idOrVar","v":"value"}," mois"],"many":["dans ",{"t":"idOrVar","v":"value"}," mois"],"other":["dans ",{"t":"idOrVar","v":"value"}," mois"]},"$x":[{"t":"idOrVar","v":"plural"},"value"]},{"$i":"years-until-long","$v":{"zero":"cette année","one":"l’année prochaine","two":["dans ",{"t":"idOrVar","v":"value"}," ans"],"few":["dans ",{"t":"idOrVar","v":"value"}," ans"],"many":["dans ",{"t":"idOrVar","v":"value"}," ans"],"other":["dans ",{"t":"idOrVar","v":"value"}," ans"]},"$x":[{"t":"idOrVar","v":"plural"},"value"]},{"$i":"minutes-ago-short","$v":{"zero":"à l’instant","other":["il y a ",{"t":"idOrVar","v":"value"}," min"]},"$x":[{"t":"idOrVar","v":"plural"},"value"]},{"$i":"hours-ago-short","$v":{"zero":"à l’instant","other":["il y a ",{"t":"idOrVar","v":"value"}," h"]},"$x":[{"t":"idOrVar","v":"plural"},"value"]},{"$i":"days-ago-short","$v":{"zero":"aujourd’hui","other":["il y a ",{"t":"idOrVar","v":"value"}," j"]},"$x":[{"t":"idOrVar","v":"plural"},"value"]},{"$i":"minutes-until-short","$v":{"zero":"maintenant","other":["dans ",{"t":"idOrVar","v":"value"}," min"]},"$x":[{"t":"idOrVar","v":"plural"},"value"]},{"$i":"hours-until-short","$v":{"zero":"maintenant","other":["dans ",{"t":"idOrVar","v":"value"}," h"]},"$x":[{"t":"idOrVar","v":"plural"},"value"]},{"$i":"days-until-short","$v":{"zero":"aujourd’hui","other":["dans ",{"t":"idOrVar","v":"value"}," j"]},"$x":[{"t":"idOrVar","v":"plural"},"value"]},{"$i":"incorrectDate","$v":"(date incorrecte)"},{"$i":"dateTimeFormat_%c","$v":"%a %e %b %Y %H:%M:%S"},{"$i":"dateTimeFormat_%x","$v":"%d/%m/%Y"},{"$i":"dateTimeFormat_%X","$v":"%H:%M:%S"},{"$i":"shortTimeFormat","$v":"%H:%M"},{"$i":"shortTimeFormat12","$v":"%I:%M %p"},{"$i":"shortTimeFormat24","$v":"%H:%M"},{"$i":"shortDateTimeFormat","$v":"%x %H:%M"},{"$i":"weekStartsOnMonday","$v":"1"},{"$i":"firstDayOfTheWeek","$v":"1"},{"$i":"time_am","$v":"AM"},{"$i":"time_pm","$v":"PM"}]