[{"$i":"topup-confirmation-title2","$v":"Consumos"},{"$i":"topup-confirmation-message","$v":"Confirmouse a recarga"},{"$i":"topup-incorrectcode-title2","$v":"Consumos"},{"$i":"topup-incorrectcode-message3","$v":"Introduciuse un código de recarga incorrecto."},{"$i":"updating","$v":"Actualizando"},{"$i":"updating-ellipsis","$v":"Actualizando…"},{"$i":"yesterday","$v":"Onte"},{"$i":"today","$v":"Hoxe"},{"$i":"never","$v":"Nunca"},{"$i":"magnitude","$v":[{"t":"idOrVar","v":"value"}," ",{"t":"idOrVar","v":"unit"}]},{"$i":"currency","$v":[{"t":"idOrVar","v":"currency"},{"t":"idOrVar","v":"value"}]},{"$i":"widget","$v":"Trebello de control de custes"},{"$i":"widget-authed-sim-heading","$v":["Inseriuse unha nova SIM de ",{"t":"idOrVar","v":"provider"}]},{"$i":"widget-authed-sim-meta","$v":"Toque para ver o consumo do teléfono e da Internet."},{"$i":"widget-nonauthed-sim-heading","$v":"Inseriuse unha nova SIM"},{"$i":"widget-nonauthed-sim-meta","$v":"Toque para ver o consumo da Internet."},{"$i":"widget-airplane-mode-heading","$v":"Modo avión"},{"$i":"widget-airplane-mode-meta","$v":"Desactive o modo avión para activar Consumos."},{"$i":"widget-no-sim2-heading","$v":"Sen tarxeta SIM"},{"$i":"widget-no-sim2-meta","$v":"Insira unha SIM para activar Consumos."},{"$i":"widget-sim-locked-heading","$v":"Tarxeta SIM bloqueada"},{"$i":"widget-sim-locked-meta","$v":"Desbloquee a SIM para activar Consumos."},{"$i":"widget-unknown-heading","$v":"Erro"},{"$i":"widget-unknown-meta","$v":"Asegúrese de que o modo avión está desactivado."},{"$i":"fte","$v":"Titorial sobre Consumos"},{"$i":"fte-authed-sim","$v":"Aforre controlando o consumo do teléfono e da Internet."},{"$i":"fte-nonauthed-sim","$v":"Aforre controlando o consumo da Internet."},{"$i":"fte-no-sim","$v":"Obteña información detallada sobre o seu uso da Internet."},{"$i":"fte-sim-info2","$v":"A información que se amosa en Consumos provén do seu dispositivo. Consulte ao seu fornecedor para obter unha información máis detallada."},{"$i":"fte-plantype-title","$v":"Tipo de contrato"},{"$i":"fte-plantype-hint","$v":"Seleccione o tipo de contrato que vostede ten co seu fornecedor de servizo móbil."},{"$i":"fte-prepaid2-title","$v":"Alerta de saldo baixo"},{"$i":"fte-prepaid2-hint","$v":"Estabelece unha alerta para evitar quedar sen saldo."},{"$i":"fte-prepaid3-title","$v":"Informe de datos e alerta"},{"$i":"fte-prepaid3-hint","$v":"Recibir informes sobre o consumo dos datos e estabelecer unha alerta para evitar excesos."},{"$i":"fte-postpaid2-title","$v":"Informe do teléfono e dos datos"},{"$i":"fte-postpaid2-hint","$v":"Recibir informes sobre o consumo do teléfono e da Internet."},{"$i":"fte-postpaid3-title","$v":"Alerta dos datos"},{"$i":"fte-postpaid3-hint","$v":"Estabelece unha alerta para evitar consumir datos de máis."},{"$i":"fte-onlydata2-title","$v":"Informe dos datos"},{"$i":"fte-onlydata2-hint","$v":"Recibir informes sobre o consumo da Internet."},{"$i":"fte-onlydata3-title","$v":"Alerta dos datos"},{"$i":"fte-onlydata3-hint","$v":"Estabelece unha alerta para evitar consumir datos de máis."},{"$i":"phone-activity","$v":"Actividade do teléfono"},{"$i":"balance","$v":"Saldo"},{"$i":"on-roaming-message2","$v":"O saldo non se actualiza automaticamente. Actualizalo manualmente pode supor cargos."},{"$i":"balance-error-message2","$v":"O saldo non se actualizou correctamente. Tente facelo manualmente."},{"$i":"airplane-mode-error-message2","$v":"Desactive o modo avión para actualizar o seu saldo ou recargar."},{"$i":"disable-airplane-mode","$v":"Desexa desactivar o modo avión para actualizar ou recargar?"},{"$i":"no-coverage-error-message2","$v":"Precisa ter cobertura para actualizar o seu saldo ou recargar."},{"$i":"top-up","$v":"Estase procesando a recarga"},{"$i":"enter-top-up-code","$v":"Introduza o código da recarga"},{"$i":"top-up-code-explanation2","$v":"Atopase na tarxeta de rascar ou directamente no recibo."},{"$i":"wait-for-confirmation","$v":"Recibirá unha mensaxe de confirmación"},{"$i":"incorrect-code2","$v":"Asegúrese de que o código é correcto e tente de novo."},{"$i":"topup-error2","$v":"Produciuse un problema ao enviar o código. Tente de novo."},{"$i":"application-error-title","$v":"Servizo non dispoñíbel"},{"$i":"application-error-message","$v":"Contacte co seu fornecedor"},{"$i":"service-unavailable-title","$v":"Servizo non dispoñíbel"},{"$i":"service-unavailable-message","$v":"Non é posíbel a actualización ou a recarga neste momento. Tente máis tarde."},{"$i":"data-usage","$v":"Consumo de datos"},{"$i":"update-button","$v":"Actualizar"},{"$i":"topup-button2","$v":"Usar código de recarga"},{"$i":"topup-ussd-button2","$v":"Abrir o menú de recarga"},{"$i":"ok","$v":"Aceptar"},{"$i":"top-up-in-progress2","$v":"Estase procesando a recarga."},{"$i":"top-up-timed-out2","$v":"Actualice o seu saldo para confirmar. Se o saldo non cambiou, tente recargar de novo."},{"$i":"on-topup-not-confirmed-title","$v":"Non se confirmou a recarga"},{"$i":"on-topup-not-confirmed-message","$v":"Tente actualizar o seu saldo ou reintente a recarga."},{"$i":"send","$v":"enviar"},{"$i":"plantype-setup-title","$v":"A miña tarifa de teléfono e Internet é"},{"$i":"prepaid","$v":"Prepago"},{"$i":"postpaid","$v":"Contrato"},{"$i":"phoneactivity","$v":"Actividade do teléfono"},{"$i":"short-date-format","$v":"%d de %b"},{"$i":"long-date-format","$v":"%d %B %Y"},{"$i":"sms-sent","$v":"SMS enviados"},{"$i":"call-made","$v":"Chamadas realizadas"},{"$i":"settings","$v":"Axustes"},{"$i":"low-balance-alert","$v":"Alerta de saldo baixo"},{"$i":"low-balance-explanation2","$v":"Cando o saldo é menor de"},{"$i":"phone-and-internet-data-report","$v":"Informe de datos e teléfono"},{"$i":"internet-data-report","$v":"Informe de datos da Internet"},{"$i":"starting-on","$v":"A partir do"},{"$i":"cancel","$v":"Cancelar"},{"$i":"monthly","$v":"Mensualmente"},{"$i":"weekly","$v":"Semanalmente"},{"$i":"monday","$v":"Luns"},{"$i":"tuesday","$v":"Martes"},{"$i":"wednesday","$v":"Mércores"},{"$i":"thursday","$v":"Xoves"},{"$i":"friday","$v":"Venres"},{"$i":"saturday","$v":"Sábado"},{"$i":"sunday","$v":"Domingo"},{"$i":"billing-cycle-ends","$v":"O ciclo de facturación remata o"},{"$i":"tracking-will-reset","$v":"O seguimento restabelecerase nesta data"},{"$i":"yes","$v":"Si"},{"$i":"done","$v":"Feito"},{"$i":"confirmation","$v":"Confirmación"},{"$i":"reset-wifi-confirmation-warning","$v":["Your current Wi-Fi data usage is ",{"t":"idOrVar","v":"wifiData"},". Clear it all?"]},{"$i":"reset-mobile-confirmation-warning","$v":["Your current mobile data usage is ",{"t":"idOrVar","v":"mobileData"},". Clear it all?"]},{"$i":"reset-all-confirmation-warning","$v":["Your current data usages are ",{"t":"idOrVar","v":"mobileData"}," on mobile, ",{"t":"idOrVar","v":"wifiData"}," on Wi-Fi. Clear it all?"]},{"$i":"reset-telephony-confirmation-warning","$v":"All current data will be deleted. Are you sure you want to reset?"},{"$i":"reset","$v":"Restabelecer"},{"$i":"reset-wifi","$v":"Restabelecer consumo Wi-Fi"},{"$i":"reset-mobile","$v":"Restabelecer consumo móbil"},{"$i":"reset-all","$v":"Reset mobile & Wi-Fi data"},{"$i":"not-set","$v":"Sen estabelecer"},{"$i":"used","$v":"Consumido"},{"$i":"limit-passed","$v":"Pasouse o límite"},{"$i":"limit","$v":"Límite"},{"$i":"data-limit-header","$v":"Límite dos datos"},{"$i":"data-limit-alert","$v":"Alerta para o consumo"},{"$i":"data-limit-value2","$v":"Cando o consumo supere"},{"$i":"data-limit-dialog-title2","$v":"Introduza unha alerta de límite de datos móbiles"},{"$i":"data-limit-dialog-explanation2","$v":"A velocidade de conexión redúcese unha vez alcanzado o límite. Comprobe co seu fornecedor de datos o nivel de alerta apropiado."},{"$i":"data-limit-input-label","ariaLabel":"Data limit"},{"$i":"wifi-usage","$v":"Consumo da Wi-Fi"},{"$i":"mobile-usage","$v":"Consumo do móbil"},{"$i":"wifi-usage-settings","$v":"Consumo da Wi-Fi"},{"$i":"mobile-usage-settings","$v":"Consumo do móbil"},{"$i":"im-prepaid","$v":"Son de prepago"},{"$i":"im-postpaid","$v":"Son de contrato"},{"$i":"reset-data-usage","$v":"Restabelecer consumo datos"},{"$i":"reset-report","$v":"Restabelecer informe"},{"$i":"next","$v":"Seguinte"},{"$i":"back","$v":"Atrás"},{"$i":"lets-go","$v":"Adiante!"},{"$i":"alert","$v":"Alerta"},{"$i":"alert-limit","$v":"Límite da alerta"},{"$i":"fte-welcome-title","$v":"Benvida"},{"$i":"data-limit-notification-title2","$v":[{"t":"idOrVar","v":"limit"}," de consumo de datos"]},{"$i":"data-limit-notification-text2","$v":"Alcanzou o límite estabelecido"},{"$i":"low-balance-notification-title","$v":"Saldo baixo"},{"$i":"low-balance-notification-text","$v":[{"t":"idOrVar","v":"remaining"}," de saldo de teléfono restante"]},{"$i":"zero-balance-message","$v":"O saldo chegou a cero, non lle resta saldo de teléfono. "},{"$i":"not-available","$v":"Non dispoñíbel"},{"$i":"usage","$v":"Consumos"},{"$i":"internet","$v":"Internet"},{"$i":"phone","$v":"Teléfono"},{"$i":"loading-interface-data","$v":"Cargando os datos da interface. Tente de novo máis tarde."},{"$i":"data-limit","$v":["Límite dos datos (",{"t":"idOrVar","v":"value"},")"]},{"$i":"data-available2","$v":{"zero":[{"t":"idOrVar","v":"value"}," ",{"t":"idOrVar","v":"unit"}," dispoñíbeis"],"one":[{"t":"idOrVar","v":"value"}," ",{"t":"idOrVar","v":"unit"}," dispoñíbel"],"two":[{"t":"idOrVar","v":"value"}," ",{"t":"idOrVar","v":"unit"}," dispoñíbeis"],"few":[{"t":"idOrVar","v":"value"}," ",{"t":"idOrVar","v":"unit"}," dispoñíbeis"],"many":[{"t":"idOrVar","v":"value"}," ",{"t":"idOrVar","v":"unit"}," dispoñíbeis"],"other":[{"t":"idOrVar","v":"value"}," ",{"t":"idOrVar","v":"unit"}," dispoñíbeis"]},"$x":[{"t":"idOrVar","v":"plural"},"value"]},{"$i":"over-limit","$v":{"one":["Superou o límite en ",{"t":"idOrVar","v":"value"}," ",{"t":"idOrVar","v":"unit"}],"two":["Superou o límite en ",{"t":"idOrVar","v":"value"}," ",{"t":"idOrVar","v":"unit"}],"few":["Superou o límite en ",{"t":"idOrVar","v":"value"}," ",{"t":"idOrVar","v":"unit"}],"many":["Superou o límite en ",{"t":"idOrVar","v":"value"}," ",{"t":"idOrVar","v":"unit"}],"other":["Superou o límite en ",{"t":"idOrVar","v":"value"}," ",{"t":"idOrVar","v":"unit"}]},"$x":[{"t":"idOrVar","v":"plural"},"value"]},{"$i":"verbose-chart-date-format","$v":[{"t":"idOrVar","v":"monthday-number"}," ",{"t":"idOrVar","v":"em-month"}]},{"$i":"day-hour-format","$v":[{"t":"idOrVar","v":"day"},", ",{"t":"idOrVar","v":"time"}]},{"$i":"B","$v":"B"},{"$i":"KB","$v":"KB"},{"$i":"MB","$v":"MB"},{"$i":"GB","$v":"GB"},{"$i":"unit-MB","ariaLabel":"MB"},{"$i":"unit-GB","ariaLabel":"GB"},{"$i":"app-usage-list-header","$v":"Mobile usage per app"},{"$i":"app-usage-no-data","$v":"Vostede aínda non usou a conexión de datos. Unha vez usada, esta sección amosará o consumo de cada aplicativo."},{"$i":"data-used-since","$v":[{"t":"idOrVar","v":"amount"}," de datos consumidos dende o ",{"t":"idOrVar","v":"start-date"}]},{"$i":"data-used-this-week","$v":[{"t":"idOrVar","v":"amount"}," de datos consumidos esta semana"]},{"$i":"data-used-this-month","$v":[{"t":"idOrVar","v":"amount"}," de datos consumidos este mes"]},{"$i":"data-usage-other-apps","$v":"Others"},{"$i":"data-usage-browser-app","$v":"Browser"},{"$i":"limit-layer-MB","ariaLabel":["Limit of ",{"t":"idOrVar","v":"value"}," MB"]},{"$i":"limit-layer-GB","ariaLabel":["Limit of ",{"t":"idOrVar","v":"value"}," GB"]},{"$i":"warning-layer","ariaLabel":[{"t":"idOrVar","v":"value"}," left"]},{"$i":"limit-exceeded-layer","ariaLabel":["Exceeded by ",{"t":"idOrVar","v":"value"}]},{"$i":"today-layer","ariaLabel":["Today is ",{"t":"idOrVar","v":"today"}]},{"$i":"axis-layer","ariaLabel":["From ",{"t":"idOrVar","v":"from"}," to ",{"t":"idOrVar","v":"to"}]},{"$i":"weekday-0-long","$v":"Domingo"},{"$i":"weekday-1-long","$v":"Luns"},{"$i":"weekday-2-long","$v":"Martes"},{"$i":"weekday-3-long","$v":"Mércores"},{"$i":"weekday-4-long","$v":"Xoves"},{"$i":"weekday-5-long","$v":"Venres"},{"$i":"weekday-6-long","$v":"Sábado"},{"$i":"weekday-0-short","$v":"Dom"},{"$i":"weekday-1-short","$v":"Lun"},{"$i":"weekday-2-short","$v":"Mar"},{"$i":"weekday-3-short","$v":"Mer"},{"$i":"weekday-4-short","$v":"Xov"},{"$i":"weekday-5-short","$v":"Ven"},{"$i":"weekday-6-short","$v":"Sab"},{"$i":"month-0-long","$v":"Xaneiro"},{"$i":"month-1-long","$v":"Febreiro"},{"$i":"month-2-long","$v":"Marzo"},{"$i":"month-3-long","$v":"Abril"},{"$i":"month-4-long","$v":"Maio"},{"$i":"month-5-long","$v":"Xuño"},{"$i":"month-6-long","$v":"Xullo"},{"$i":"month-7-long","$v":"Agosto"},{"$i":"month-8-long","$v":"Setembro"},{"$i":"month-9-long","$v":"Outubro"},{"$i":"month-10-long","$v":"Novembro"},{"$i":"month-11-long","$v":"Decembro"},{"$i":"month-0-genitive","$v":"Xaneiro"},{"$i":"month-1-genitive","$v":"Febreiro"},{"$i":"month-2-genitive","$v":"Marzo"},{"$i":"month-3-genitive","$v":"Abril"},{"$i":"month-4-genitive","$v":"Maio"},{"$i":"month-5-genitive","$v":"Xuño"},{"$i":"month-6-genitive","$v":"Xullo"},{"$i":"month-7-genitive","$v":"Agosto"},{"$i":"month-8-genitive","$v":"Setembro"},{"$i":"month-9-genitive","$v":"Outubro"},{"$i":"month-10-genitive","$v":"Novembro"},{"$i":"month-11-genitive","$v":"Decembro"},{"$i":"month-0-short","$v":"Xan"},{"$i":"month-1-short","$v":"Feb"},{"$i":"month-2-short","$v":"Mar"},{"$i":"month-3-short","$v":"Abr"},{"$i":"month-4-short","$v":"Maio"},{"$i":"month-5-short","$v":"Xun"},{"$i":"month-6-short","$v":"Xul"},{"$i":"month-7-short","$v":"Ago"},{"$i":"month-8-short","$v":"Set"},{"$i":"month-9-short","$v":"Out"},{"$i":"month-10-short","$v":"Nov"},{"$i":"month-11-short","$v":"Dec"},{"$i":"minutes-ago-long","$v":{"zero":"xusto agora","one":"hai un minuto","two":["hai ",{"t":"idOrVar","v":"value"}," minutos"],"few":["hai ",{"t":"idOrVar","v":"value"}," minutos"],"many":["hai ",{"t":"idOrVar","v":"value"}," minutos"],"other":["hai ",{"t":"idOrVar","v":"value"}," minutos"]},"$x":[{"t":"idOrVar","v":"plural"},"value"]},{"$i":"hours-ago-long","$v":{"zero":"xusto agora","one":"hai unha hora","two":["hai ",{"t":"idOrVar","v":"value"}," horas"],"few":["hai ",{"t":"idOrVar","v":"value"}," horas"],"many":["hai ",{"t":"idOrVar","v":"value"}," horas"],"other":["hai ",{"t":"idOrVar","v":"value"}," horas"]},"$x":[{"t":"idOrVar","v":"plural"},"value"]},{"$i":"days-ago-long","$v":{"zero":"hoxe","one":"onte","two":["hai ",{"t":"idOrVar","v":"value"}," días"],"few":["hai ",{"t":"idOrVar","v":"value"}," días"],"many":["hai ",{"t":"idOrVar","v":"value"}," días"],"other":["hai ",{"t":"idOrVar","v":"value"}," días"]},"$x":[{"t":"idOrVar","v":"plural"},"value"]},{"$i":"weeks-ago-long","$v":{"zero":"esta semana","one":"a semana pasada","two":["hai ",{"t":"idOrVar","v":"value"}," semanas"],"few":["hai ",{"t":"idOrVar","v":"value"}," semanas"],"many":["hai ",{"t":"idOrVar","v":"value"}," semanas"],"other":["hai ",{"t":"idOrVar","v":"value"}," semanas"]},"$x":[{"t":"idOrVar","v":"plural"},"value"]},{"$i":"months-ago-long","$v":{"zero":"Este mes","one":"o mes pasado","two":["hai ",{"t":"idOrVar","v":"value"}," meses"],"few":["hai ",{"t":"idOrVar","v":"value"}," meses"],"many":["hai ",{"t":"idOrVar","v":"value"}," meses"],"other":["hai ",{"t":"idOrVar","v":"value"}," meses"]},"$x":[{"t":"idOrVar","v":"plural"},"value"]},{"$i":"years-ago-long","$v":{"zero":"este ano","one":"o ano pasado","two":["hai ",{"t":"idOrVar","v":"value"}," anos"],"few":["hai ",{"t":"idOrVar","v":"value"}," anos"],"many":["hai ",{"t":"idOrVar","v":"value"}," anos"],"other":["hai ",{"t":"idOrVar","v":"value"}," anos"]},"$x":[{"t":"idOrVar","v":"plural"},"value"]},{"$i":"minutes-until-long","$v":{"zero":"agora","one":"nun minuto","two":["en ",{"t":"idOrVar","v":"value"}," minutos"],"few":["en ",{"t":"idOrVar","v":"value"}," minutos"],"many":["en ",{"t":"idOrVar","v":"value"}," minutos"],"other":["en ",{"t":"idOrVar","v":"value"}," minutos"]},"$x":[{"t":"idOrVar","v":"plural"},"value"]},{"$i":"hours-until-long","$v":{"zero":"agora","one":"nunha hora","two":["en ",{"t":"idOrVar","v":"value"}," horas"],"few":["en ",{"t":"idOrVar","v":"value"}," horas"],"many":["en ",{"t":"idOrVar","v":"value"}," horas"],"other":["en ",{"t":"idOrVar","v":"value"}," horas"]},"$x":[{"t":"idOrVar","v":"plural"},"value"]},{"$i":"days-until-long","$v":{"zero":"hoxe","one":"mañá","two":["en ",{"t":"idOrVar","v":"value"}," días"],"few":["en ",{"t":"idOrVar","v":"value"}," días"],"many":["en ",{"t":"idOrVar","v":"value"}," días"],"other":["en ",{"t":"idOrVar","v":"value"}," días"]},"$x":[{"t":"idOrVar","v":"plural"},"value"]},{"$i":"weeks-until-long","$v":{"zero":"esta semana","one":"a semana que ven","two":["en ",{"t":"idOrVar","v":"value"}," semanas"],"few":["en ",{"t":"idOrVar","v":"value"}," semanas"],"many":["en ",{"t":"idOrVar","v":"value"}," semanas"],"other":["en ",{"t":"idOrVar","v":"value"}," semanas"]},"$x":[{"t":"idOrVar","v":"plural"},"value"]},{"$i":"months-until-long","$v":{"zero":"Este mes","one":"o mes que ven","two":["en ",{"t":"idOrVar","v":"value"}," meses"],"few":["en ",{"t":"idOrVar","v":"value"}," meses"],"many":["en ",{"t":"idOrVar","v":"value"}," meses"],"other":["en ",{"t":"idOrVar","v":"value"}," meses"]},"$x":[{"t":"idOrVar","v":"plural"},"value"]},{"$i":"years-until-long","$v":{"zero":"este ano","one":"o ano que ven","two":["en ",{"t":"idOrVar","v":"value"}," anos"],"few":["en ",{"t":"idOrVar","v":"value"}," anos"],"many":["en ",{"t":"idOrVar","v":"value"}," anos"],"other":["en ",{"t":"idOrVar","v":"value"}," anos"]},"$x":[{"t":"idOrVar","v":"plural"},"value"]},{"$i":"minutes-ago-short","$v":{"zero":"xusto agora","other":["hai ",{"t":"idOrVar","v":"value"},"min"]},"$x":[{"t":"idOrVar","v":"plural"},"value"]},{"$i":"hours-ago-short","$v":{"zero":"xusto agora","other":["hai ",{"t":"idOrVar","v":"value"},"h"]},"$x":[{"t":"idOrVar","v":"plural"},"value"]},{"$i":"days-ago-short","$v":{"zero":"hoxe","other":["hai ",{"t":"idOrVar","v":"value"},"d"]},"$x":[{"t":"idOrVar","v":"plural"},"value"]},{"$i":"minutes-until-short","$v":{"zero":"agora","other":["en ",{"t":"idOrVar","v":"value"},"min"]},"$x":[{"t":"idOrVar","v":"plural"},"value"]},{"$i":"hours-until-short","$v":{"zero":"agora","other":["en ",{"t":"idOrVar","v":"value"},"h"]},"$x":[{"t":"idOrVar","v":"plural"},"value"]},{"$i":"days-until-short","$v":{"zero":"hoxe","other":["en ",{"t":"idOrVar","v":"value"},"d"]},"$x":[{"t":"idOrVar","v":"plural"},"value"]},{"$i":"incorrectDate","$v":"(data incorrecta)"},{"$i":"dateTimeFormat_%c","$v":"%a, %e de %b, %Y %H:%M:%S"},{"$i":"dateTimeFormat_%x","$v":"%d/%m/%Y"},{"$i":"dateTimeFormat_%X","$v":"%H:%M:%S"},{"$i":"shortTimeFormat","$v":"%H:%M"},{"$i":"shortTimeFormat12","$v":"%H:%M"},{"$i":"shortTimeFormat24","$v":"%H:%M"},{"$i":"shortDateTimeFormat","$v":"%x %H:%M %p"},{"$i":"weekStartsOnMonday","$v":"1"},{"$i":"firstDayOfTheWeek","$v":"0"},{"$i":"time_am","$v":"AM"},{"$i":"time_pm","$v":"PM"}]