[{"$i":"topup-confirmation-title2","$v":"Potrošnja"},{"$i":"topup-confirmation-message","$v":"Nadoplata potvrđena"},{"$i":"topup-incorrectcode-title2","$v":"Potrošnja"},{"$i":"topup-incorrectcode-message3","$v":"Upisan je neispravan kôd za nadoplatu."},{"$i":"updating","$v":"Ažuriranje"},{"$i":"updating-ellipsis","$v":"Ažuriram…"},{"$i":"yesterday","$v":"Jučer"},{"$i":"today","$v":"Danas"},{"$i":"never","$v":"Nikad"},{"$i":"magnitude","$v":[{"t":"idOrVar","v":"value"}," ",{"t":"idOrVar","v":"unit"}]},{"$i":"currency","$v":[{"t":"idOrVar","v":"currency"},{"t":"idOrVar","v":"value"}]},{"$i":"widget","$v":"Widget potrošnje"},{"$i":"widget-authed-sim-heading","$v":["Umetnuta nova ",{"t":"idOrVar","v":"provider"}," SIM kartica"]},{"$i":"widget-authed-sim-meta","$v":"Pritisnite za pregled korištenja telefona i Interneta."},{"$i":"widget-nonauthed-sim-heading","$v":"New SIM inserted"},{"$i":"widget-nonauthed-sim-meta","$v":"Pritisnite za pregled korištenja Interneta."},{"$i":"widget-airplane-mode-heading","$v":"Airplane Mode"},{"$i":"widget-airplane-mode-meta","$v":"Please, turn off airplane mode to enable Usage."},{"$i":"widget-no-sim2-heading","$v":"SIM kartica nije umetnuta"},{"$i":"widget-no-sim2-meta","$v":"Umetnite SIM karticu za korištenje"},{"$i":"widget-sim-locked-heading","$v":"Zaključana SIM kartica"},{"$i":"widget-sim-locked-meta","$v":"Otključajte SIM za pregled potrošnje"},{"$i":"widget-unknown-heading","$v":"Error"},{"$i":"widget-unknown-meta","$v":"Please, make sure airplane mode is off."},{"$i":"fte","$v":"Prvo iskustvo praćenja potrošnje"},{"$i":"fte-authed-sim","$v":"Štedite novac praćenjem upotrebe telefona i Interneta."},{"$i":"fte-nonauthed-sim","$v":"Štedite novac praćenjem upotrebe Interneta."},{"$i":"fte-no-sim","$v":"Get clear information about how much internet you’re using."},{"$i":"fte-sim-info2","$v":"Prikazane informacije prikupljene su izravno na ovom uređaju. Detaljan pregled potrošnje provjerite s pružateljem usluge."},{"$i":"fte-plantype-title","$v":"Vrsta ugovora"},{"$i":"fte-plantype-hint","$v":"Odaberite vrstu ugovora s vašim mobilnim operaterom."},{"$i":"fte-prepaid2-title","$v":"Upozorenje niskog salda"},{"$i":"fte-prepaid2-hint","$v":"Postavite upozorenje kako ne biste ostali bez sredstava na računu."},{"$i":"fte-prepaid3-title","$v":"Izvještaj o podatkovnom prometu i upozorenje"},{"$i":"fte-prepaid3-hint","$v":"Primajte izvještaje o vašem Internet prometu, te postavite upozorenje kako ne biste potrošili previše prometa."},{"$i":"fte-postpaid2-title","$v":"Telefon i izvještaj o podatkovnom prometu"},{"$i":"fte-postpaid2-hint","$v":"Primajte izvještaje o upotrebi telefona i Interneta."},{"$i":"fte-postpaid3-title","$v":"Upozorenje podatkovnog prometa"},{"$i":"fte-postpaid3-hint","$v":"Postavite upozorenje kako ne biste potrošili previše podatkovnog prometa."},{"$i":"fte-onlydata2-title","$v":"Izvještaj pod. prometa"},{"$i":"fte-onlydata2-hint","$v":"Primajte izvještaj o potrošnji Internet prometa."},{"$i":"fte-onlydata3-title","$v":"Upozor. pod. prometa"},{"$i":"fte-onlydata3-hint","$v":"Postavite upozorenje kako ne biste potrošili previše podatkovnog prometa."},{"$i":"phone-activity","$v":"Aktivnost telefona"},{"$i":"balance","$v":"Stanje računa"},{"$i":"on-roaming-message2","$v":"Roaming: nema automatskog ažuriranja stanja računa. Za ažuriranje stanja se može naplaćivati naknada."},{"$i":"balance-error-message2","$v":"Stanje računa se nije ispravno ažuriralo. Pokušajte ručno ažurirati."},{"$i":"airplane-mode-error-message2","$v":"Isključite zrakoplovni način rada da biste ažurirali stanje računa ili obavili nadoplatu."},{"$i":"disable-airplane-mode","$v":"Želite li isključiti zrakoplovni način rada za ažuriranje ili nadoplatu računa?"},{"$i":"no-coverage-error-message2","$v":"Za ažuriranje stanja ili nadoplatu računa je potreban signal mobilne mreže."},{"$i":"top-up","$v":"Nadoplata"},{"$i":"enter-top-up-code","$v":"Upišite kôd za nadoplatu"},{"$i":"top-up-code-explanation2","$v":"Pronađite ga na bonu ili izravno na računu."},{"$i":"wait-for-confirmation","$v":"Primit ćete poruku potvrde"},{"$i":"incorrect-code2","$v":"Provjerite da je kôd ispravan i pokušajte ponovno."},{"$i":"topup-error2","$v":"Došlo je do problema pri slanju kôda. Molim pokušajte ponovno."},{"$i":"application-error-title","$v":"Usluga nije dostupna"},{"$i":"application-error-message","$v":"Kontaktirajte podršku"},{"$i":"service-unavailable-title","$v":"Usluga nije dostupna"},{"$i":"service-unavailable-message","$v":"Ažuriranje i nadoplata trenutno nisu mogući. Molim pokušajte kasnije."},{"$i":"data-usage","$v":"Potrošnja Internet prometa"},{"$i":"update-button","$v":"Ažuriraj"},{"$i":"topup-button2","$v":"Nadoplati s bonom"},{"$i":"topup-ussd-button2","$v":"Otvori izbornik nadoplate"},{"$i":"ok","$v":"U redu"},{"$i":"top-up-in-progress2","$v":"Nadoplata se obrađuje."},{"$i":"top-up-timed-out2","$v":"Ažurirajte stanje na računu da biste potvrdili. Ako je stanje nepromijenjeno, pokušajte ponovno nadoplatiti."},{"$i":"on-topup-not-confirmed-title","$v":"Nadoplata nije potvrđena"},{"$i":"on-topup-not-confirmed-message","$v":"Pokušajte ažurirati stanje računa ili pokušajte ponovno nadoplatiti."},{"$i":"send","$v":"pošalji"},{"$i":"plantype-setup-title","$v":"Moja mobilna i Internet tarifa je"},{"$i":"prepaid","$v":"Prepaid"},{"$i":"postpaid","$v":"Pretplata"},{"$i":"phoneactivity","$v":"Aktivnost telefona"},{"$i":"short-date-format","$v":"%d. %b"},{"$i":"long-date-format","$v":"%B %d, %Y"},{"$i":"sms-sent","$v":"Poslano SMS-ova"},{"$i":"call-made","$v":"Broj poziva"},{"$i":"settings","$v":"Postavke"},{"$i":"low-balance-alert","$v":"Upozorenje niskog stanja na računu"},{"$i":"low-balance-explanation2","$v":"Kada je stanje ispod"},{"$i":"phone-and-internet-data-report","$v":"Podatkovni izvještaj telefona i Interneta"},{"$i":"internet-data-report","$v":"Internet data report"},{"$i":"starting-on","$v":"Početak"},{"$i":"cancel","$v":"Otkaži"},{"$i":"monthly","$v":"Mjesečno"},{"$i":"weekly","$v":"Tjedno"},{"$i":"monday","$v":"Ponedjeljak"},{"$i":"tuesday","$v":"Utorak"},{"$i":"wednesday","$v":"Srijeda"},{"$i":"thursday","$v":"Četvrtak"},{"$i":"friday","$v":"Petak"},{"$i":"saturday","$v":"Subota"},{"$i":"sunday","$v":"Nedjelja"},{"$i":"billing-cycle-ends","$v":"Razdoblje naplate završava"},{"$i":"tracking-will-reset","$v":"Praćenje će se poništiti na ovaj datum"},{"$i":"yes","$v":"Da"},{"$i":"done","$v":"Gotovo"},{"$i":"confirmation","$v":"Potvrda"},{"$i":"reset-wifi-confirmation-warning","$v":["Your current Wi-Fi data usage is ",{"t":"idOrVar","v":"wifiData"},". Clear it all?"]},{"$i":"reset-mobile-confirmation-warning","$v":["Your current mobile data usage is ",{"t":"idOrVar","v":"mobileData"},". Clear it all?"]},{"$i":"reset-all-confirmation-warning","$v":["Your current data usages are ",{"t":"idOrVar","v":"mobileData"}," on mobile, ",{"t":"idOrVar","v":"wifiData"}," on Wi-Fi. Clear it all?"]},{"$i":"reset-telephony-confirmation-warning","$v":"All current data will be deleted. Are you sure you want to reset?"},{"$i":"reset","$v":"Poništi"},{"$i":"reset-wifi","$v":"Resetiraj Wi-Fi potrošnju"},{"$i":"reset-mobile","$v":"Resetiraj podatkovnu potrošnju"},{"$i":"reset-all","$v":"Reset mobile & Wi-Fi data"},{"$i":"not-set","$v":"Nije postavljeno"},{"$i":"used","$v":"Iskorišteno"},{"$i":"limit-passed","$v":"Ograničenje prekoračen"},{"$i":"limit","$v":"Ograničenje"},{"$i":"data-limit-header","$v":"Ogranič. potr."},{"$i":"data-limit-alert","$v":"Upozorenje Internet potrošnje"},{"$i":"data-limit-value2","$v":"Kada je potrošnja iznad"},{"$i":"data-limit-dialog-title2","$v":"Upišite limit upozorenja za potrošnju Internet prometa"},{"$i":"data-limit-dialog-explanation2","$v":"Brzina veze se smanjuje nakon dosegnutog limita. Provjerite s pružateljem usluge kako biste postavili prikladan limit za upozorenja."},{"$i":"data-limit-input-label","ariaLabel":"Data limit"},{"$i":"wifi-usage","$v":"Wi-Fi usage"},{"$i":"mobile-usage","$v":"Mobile usage"},{"$i":"wifi-usage-settings","$v":"Wi-Fi usage"},{"$i":"mobile-usage-settings","$v":"Mobile usage"},{"$i":"im-prepaid","$v":"Prepaid"},{"$i":"im-postpaid","$v":"Pretplata"},{"$i":"reset-data-usage","$v":"Resetiraj podatkovnu potrošnju"},{"$i":"reset-report","$v":"Poništi izvješće"},{"$i":"next","$v":"Naprijed"},{"$i":"back","$v":"Natrag"},{"$i":"lets-go","$v":"Idemo!"},{"$i":"alert","$v":"Upozorenje"},{"$i":"alert-limit","$v":"Upozorenje ograničenja"},{"$i":"fte-welcome-title","$v":"Dobrodošli"},{"$i":"data-limit-notification-title2","$v":[{"t":"idOrVar","v":"limit"}," potrošenog podatkovnog prometa"]},{"$i":"data-limit-notification-text2","$v":"You’ve reached the limit you selected"},{"$i":"low-balance-notification-title","$v":"Nisko stanje na računu"},{"$i":"low-balance-notification-text","$v":["Preostalo na računu: ",{"t":"idOrVar","v":"remaining"}," "]},{"$i":"zero-balance-message","$v":"Stanje na računu je doseglo nulu."},{"$i":"not-available","$v":"Nije dostupno"},{"$i":"usage","$v":"Potrošnja"},{"$i":"internet","$v":"Internet"},{"$i":"phone","$v":"Telefon"},{"$i":"loading-interface-data","$v":"Učitavam podatke sučelja. Pokušajte kasnije."},{"$i":"data-limit","$v":["Data Limit (",{"t":"idOrVar","v":"value"},")"]},{"$i":"data-available2","$v":{"zero":[{"t":"idOrVar","v":"value"}," ",{"t":"idOrVar","v":"unit"}," available"],"one":[{"t":"idOrVar","v":"value"}," ",{"t":"idOrVar","v":"unit"}," available"],"two":[{"t":"idOrVar","v":"value"}," ",{"t":"idOrVar","v":"unit"}," available"],"few":[{"t":"idOrVar","v":"value"}," ",{"t":"idOrVar","v":"unit"}," available"],"many":[{"t":"idOrVar","v":"value"}," ",{"t":"idOrVar","v":"unit"}," available"],"other":[{"t":"idOrVar","v":"value"}," ",{"t":"idOrVar","v":"unit"}," available"]},"$x":[{"t":"idOrVar","v":"plural"},"value"]},{"$i":"over-limit","$v":{"one":[{"t":"idOrVar","v":"value"}," ",{"t":"idOrVar","v":"unit"}," over limit"],"two":[{"t":"idOrVar","v":"value"}," ",{"t":"idOrVar","v":"unit"}," over limit"],"few":[{"t":"idOrVar","v":"value"}," ",{"t":"idOrVar","v":"unit"}," over limit"],"many":[{"t":"idOrVar","v":"value"}," ",{"t":"idOrVar","v":"unit"}," over limit"],"other":[{"t":"idOrVar","v":"value"}," ",{"t":"idOrVar","v":"unit"}," over limit"]},"$x":[{"t":"idOrVar","v":"plural"},"value"]},{"$i":"verbose-chart-date-format","$v":[{"t":"idOrVar","v":"em-month"}," ",{"t":"idOrVar","v":"monthday-number"}]},{"$i":"day-hour-format","$v":[{"t":"idOrVar","v":"day"},", ",{"t":"idOrVar","v":"time"}]},{"$i":"B","$v":"B"},{"$i":"KB","$v":"KB"},{"$i":"MB","$v":"MB"},{"$i":"GB","$v":"GB"},{"$i":"unit-MB","ariaLabel":"MB"},{"$i":"unit-GB","ariaLabel":"GB"},{"$i":"app-usage-list-header","$v":"Mobile usage per app"},{"$i":"app-usage-no-data","$v":"You have not used any mobile data yet. Usage for each application will show up here when you do."},{"$i":"data-used-since","$v":[{"t":"idOrVar","v":"amount"}," of data used since ",{"t":"idOrVar","v":"start-date"}]},{"$i":"data-used-this-week","$v":[{"t":"idOrVar","v":"amount"}," of data used this week"]},{"$i":"data-used-this-month","$v":[{"t":"idOrVar","v":"amount"}," of data used this month"]},{"$i":"data-usage-other-apps","$v":"Others"},{"$i":"data-usage-browser-app","$v":"Browser"},{"$i":"limit-layer-MB","ariaLabel":["Limit of ",{"t":"idOrVar","v":"value"}," MB"]},{"$i":"limit-layer-GB","ariaLabel":["Limit of ",{"t":"idOrVar","v":"value"}," GB"]},{"$i":"warning-layer","ariaLabel":[{"t":"idOrVar","v":"value"}," left"]},{"$i":"limit-exceeded-layer","ariaLabel":["Exceeded by ",{"t":"idOrVar","v":"value"}]},{"$i":"today-layer","ariaLabel":["Today is ",{"t":"idOrVar","v":"today"}]},{"$i":"axis-layer","ariaLabel":["From ",{"t":"idOrVar","v":"from"}," to ",{"t":"idOrVar","v":"to"}]},{"$i":"weekday-0-long","$v":"Nedjelja"},{"$i":"weekday-1-long","$v":"Ponedjeljak"},{"$i":"weekday-2-long","$v":"Utorak"},{"$i":"weekday-3-long","$v":"Srijeda"},{"$i":"weekday-4-long","$v":"Četvrtak"},{"$i":"weekday-5-long","$v":"Petak"},{"$i":"weekday-6-long","$v":"Subota"},{"$i":"weekday-0-short","$v":"Ned"},{"$i":"weekday-1-short","$v":"Pon"},{"$i":"weekday-2-short","$v":"Uto"},{"$i":"weekday-3-short","$v":"Sri"},{"$i":"weekday-4-short","$v":"Čet"},{"$i":"weekday-5-short","$v":"Pet"},{"$i":"weekday-6-short","$v":"Sub"},{"$i":"month-0-long","$v":"Siječanj"},{"$i":"month-1-long","$v":"Veljača"},{"$i":"month-2-long","$v":"Ožujak"},{"$i":"month-3-long","$v":"Travanj"},{"$i":"month-4-long","$v":"Svibanj"},{"$i":"month-5-long","$v":"Lipanj"},{"$i":"month-6-long","$v":"Srpanj"},{"$i":"month-7-long","$v":"Kolovoz"},{"$i":"month-8-long","$v":"Rujan"},{"$i":"month-9-long","$v":"Listopad"},{"$i":"month-10-long","$v":"Studeni"},{"$i":"month-11-long","$v":"Prosinac"},{"$i":"month-0-genitive","$v":"Siječnja"},{"$i":"month-1-genitive","$v":"Veljače"},{"$i":"month-2-genitive","$v":"Ožujka"},{"$i":"month-3-genitive","$v":"Travnja"},{"$i":"month-4-genitive","$v":"Svibnja"},{"$i":"month-5-genitive","$v":"Lipnja"},{"$i":"month-6-genitive","$v":"Srpnja"},{"$i":"month-7-genitive","$v":"Kolovoza"},{"$i":"month-8-genitive","$v":"Rujna"},{"$i":"month-9-genitive","$v":"Listopada"},{"$i":"month-10-genitive","$v":"Studenoga"},{"$i":"month-11-genitive","$v":"Prosinca"},{"$i":"month-0-short","$v":"Sij"},{"$i":"month-1-short","$v":"Velj"},{"$i":"month-2-short","$v":"Ožu"},{"$i":"month-3-short","$v":"Tra"},{"$i":"month-4-short","$v":"Svi"},{"$i":"month-5-short","$v":"Lip"},{"$i":"month-6-short","$v":"Srp"},{"$i":"month-7-short","$v":"Kol"},{"$i":"month-8-short","$v":"Ruj"},{"$i":"month-9-short","$v":"Lis"},{"$i":"month-10-short","$v":"Stu"},{"$i":"month-11-short","$v":"Pro"},{"$i":"minutes-ago-long","$v":{"zero":"upravo","one":"prije minutu","two":["prije ",{"t":"idOrVar","v":"value"}," minute"],"few":["prije ",{"t":"idOrVar","v":"value"}," minutes"],"many":["prije ",{"t":"idOrVar","v":"value"}," minuta"],"other":["prije ",{"t":"idOrVar","v":"value"}," minuta"]},"$x":[{"t":"idOrVar","v":"plural"},"value"]},{"$i":"hours-ago-long","$v":{"zero":"upravo","one":"prije sat vremena","two":["prije ",{"t":"idOrVar","v":"value"}," sata"],"few":["prije ",{"t":"idOrVar","v":"value"}," sati"],"many":["prije ",{"t":"idOrVar","v":"value"}," sati"],"other":["prije ",{"t":"idOrVar","v":"value"}," sati"]},"$x":[{"t":"idOrVar","v":"plural"},"value"]},{"$i":"days-ago-long","$v":{"zero":"danas","one":"jučer","two":["prije ",{"t":"idOrVar","v":"value"}," dana"],"few":["prije ",{"t":"idOrVar","v":"value"}," dana"],"many":["prije ",{"t":"idOrVar","v":"value"}," dana"],"other":["prije ",{"t":"idOrVar","v":"value"}," dana"]},"$x":[{"t":"idOrVar","v":"plural"},"value"]},{"$i":"weeks-ago-long","$v":{"zero":"ovaj tjedan","one":"prošli tjedan","two":["prije ",{"t":"idOrVar","v":"value"}," tjedna"],"few":["prije ",{"t":"idOrVar","v":"value"}," tjedana"],"many":["prije ",{"t":"idOrVar","v":"value"}," tjedana"],"other":["prije ",{"t":"idOrVar","v":"value"}," tjedana"]},"$x":[{"t":"idOrVar","v":"plural"},"value"]},{"$i":"months-ago-long","$v":{"zero":"ovaj mjesec","one":"prošli mjesec","two":["prije ",{"t":"idOrVar","v":"value"}," mjeseca"],"few":["prije ",{"t":"idOrVar","v":"value"}," mjeseci"],"many":["prije ",{"t":"idOrVar","v":"value"}," mjeseci"],"other":["prije ",{"t":"idOrVar","v":"value"}," mjeseci"]},"$x":[{"t":"idOrVar","v":"plural"},"value"]},{"$i":"years-ago-long","$v":{"zero":"ove godine","one":"prošle godine","two":["prije ",{"t":"idOrVar","v":"value"}," godine"],"few":["prije ",{"t":"idOrVar","v":"value"}," godina"],"many":["prije ",{"t":"idOrVar","v":"value"}," godina"],"other":["prije ",{"t":"idOrVar","v":"value"}," godina"]},"$x":[{"t":"idOrVar","v":"plural"},"value"]},{"$i":"minutes-until-long","$v":{"zero":"upravo","one":"za minutu","two":["za ",{"t":"idOrVar","v":"value"}," minute"],"few":["za ",{"t":"idOrVar","v":"value"}," minuta"],"many":["za ",{"t":"idOrVar","v":"value"}," minuta"],"other":["za ",{"t":"idOrVar","v":"value"}," minuta"]},"$x":[{"t":"idOrVar","v":"plural"},"value"]},{"$i":"hours-until-long","$v":{"zero":"upravo","one":"za sat vremena","two":["za ",{"t":"idOrVar","v":"value"}," sata"],"few":["za ",{"t":"idOrVar","v":"value"}," sati"],"many":["za ",{"t":"idOrVar","v":"value"}," sati"],"other":["za ",{"t":"idOrVar","v":"value"}," sati"]},"$x":[{"t":"idOrVar","v":"plural"},"value"]},{"$i":"days-until-long","$v":{"zero":"danas","one":"sutra","two":["za ",{"t":"idOrVar","v":"value"}," dana"],"few":["za ",{"t":"idOrVar","v":"value"}," dana"],"many":["za ",{"t":"idOrVar","v":"value"}," dana"],"other":["za ",{"t":"idOrVar","v":"value"}," dana"]},"$x":[{"t":"idOrVar","v":"plural"},"value"]},{"$i":"weeks-until-long","$v":{"zero":"ovaj tjedan","one":"idući tjedan","two":["za ",{"t":"idOrVar","v":"value"}," tjedna"],"few":["za ",{"t":"idOrVar","v":"value"}," tjedana"],"many":["za ",{"t":"idOrVar","v":"value"}," tjedana"],"other":["za ",{"t":"idOrVar","v":"value"}," tjedana"]},"$x":[{"t":"idOrVar","v":"plural"},"value"]},{"$i":"months-until-long","$v":{"zero":"ovaj mjesec","one":"idući mjesec","two":["za ",{"t":"idOrVar","v":"value"}," mjeseca"],"few":["za ",{"t":"idOrVar","v":"value"}," mjeseci"],"many":["za ",{"t":"idOrVar","v":"value"}," mjeseci"],"other":["za ",{"t":"idOrVar","v":"value"}," mjeseci"]},"$x":[{"t":"idOrVar","v":"plural"},"value"]},{"$i":"years-until-long","$v":{"zero":"ove godine","one":"iduće godine","two":["za ",{"t":"idOrVar","v":"value"}," godine"],"few":["za ",{"t":"idOrVar","v":"value"}," godina"],"many":["za ",{"t":"idOrVar","v":"value"}," godina"],"other":["za ",{"t":"idOrVar","v":"value"}," godina"]},"$x":[{"t":"idOrVar","v":"plural"},"value"]},{"$i":"minutes-ago-short","$v":{"zero":"upravo","other":["prije ",{"t":"idOrVar","v":"value"},"m"]},"$x":[{"t":"idOrVar","v":"plural"},"value"]},{"$i":"hours-ago-short","$v":{"zero":"upravo","other":["prije ",{"t":"idOrVar","v":"value"},"s"]},"$x":[{"t":"idOrVar","v":"plural"},"value"]},{"$i":"days-ago-short","$v":{"zero":"danas","other":["prije ",{"t":"idOrVar","v":"value"},"d"]},"$x":[{"t":"idOrVar","v":"plural"},"value"]},{"$i":"minutes-until-short","$v":{"zero":"sada","other":["za ",{"t":"idOrVar","v":"value"},"m"]},"$x":[{"t":"idOrVar","v":"plural"},"value"]},{"$i":"hours-until-short","$v":{"zero":"sada","other":["za ",{"t":"idOrVar","v":"value"},"s"]},"$x":[{"t":"idOrVar","v":"plural"},"value"]},{"$i":"days-until-short","$v":{"zero":"danas","other":["za ",{"t":"idOrVar","v":"value"},"d"]},"$x":[{"t":"idOrVar","v":"plural"},"value"]},{"$i":"incorrectDate","$v":"(netočan datum)"},{"$i":"dateTimeFormat_%c","$v":"%a %e %b %Y %H:%M:%S"},{"$i":"dateTimeFormat_%x","$v":"%d.%m.%Y"},{"$i":"dateTimeFormat_%X","$v":"%H:%M:%S"},{"$i":"shortTimeFormat","$v":"%I:%M %p"},{"$i":"shortTimeFormat12","$v":"%I:%M %p"},{"$i":"shortTimeFormat24","$v":"%H:%M"},{"$i":"shortDateTimeFormat","$v":"%x %H:%M"},{"$i":"weekStartsOnMonday","$v":"1"},{"$i":"firstDayOfTheWeek","$v":"0"},{"$i":"time_am","$v":"AM"},{"$i":"time_pm","$v":"PM"}]