[{"$i":"topup-confirmation-title2","$v":"Költségek"},{"$i":"topup-confirmation-message","$v":"Feltöltés megerősítve."},{"$i":"topup-incorrectcode-title2","$v":"Költségek"},{"$i":"topup-incorrectcode-message3","$v":"A megadott feltöltőkód helytelen."},{"$i":"updating","$v":"Frissítés"},{"$i":"updating-ellipsis","$v":"Frissítés…"},{"$i":"yesterday","$v":"Tegnap"},{"$i":"today","$v":"Ma"},{"$i":"never","$v":"Soha"},{"$i":"magnitude","$v":[{"t":"idOrVar","v":"value"}," ",{"t":"idOrVar","v":"unit"}]},{"$i":"currency","$v":[{"t":"idOrVar","v":"value"},{"t":"idOrVar","v":"currency"}]},{"$i":"widget","$v":"Felhasználás elem"},{"$i":"widget-authed-sim-heading","$v":["Új ",{"t":"idOrVar","v":"provider"}," SIM behelyezve"]},{"$i":"widget-authed-sim-meta","$v":"Koppintson a telefonos- és adatforgalom követéséhez."},{"$i":"widget-nonauthed-sim-heading","$v":"Új SIM behelyezve"},{"$i":"widget-nonauthed-sim-meta","$v":"Koppintson az adatforgalom követéséhez."},{"$i":"widget-airplane-mode-heading","$v":"Repülő mód"},{"$i":"widget-airplane-mode-meta","$v":"Kapcsolja ki a repülő módot a Költségek használatához."},{"$i":"widget-no-sim2-heading","$v":"Nincs behelyezve SIM kártya"},{"$i":"widget-no-sim2-meta","$v":"A használati adatokhoz SIM kártya kell."},{"$i":"widget-sim-locked-heading","$v":"SIM kártya zárolva"},{"$i":"widget-sim-locked-meta","$v":"A SIM-et feloldva indítható a Költségek."},{"$i":"widget-unknown-heading","$v":"Error"},{"$i":"widget-unknown-meta","$v":"Please, make sure airplane mode is off."},{"$i":"fte","$v":"Első találkozás a használati adatokkal"},{"$i":"fte-authed-sim","$v":"Spóroljon a telefonos- és adatforgalom követésével."},{"$i":"fte-nonauthed-sim","$v":"Spóroljon az adatforgalom követésével."},{"$i":"fte-no-sim","$v":"Kapjon pontos információkat az internethasználatáról."},{"$i":"fte-sim-info2","$v":"A Költségek által megjelenített információk közvetlenül az eszközről jönnek. Részletes számlainformációkért keresse meg szolgáltatóját."},{"$i":"fte-plantype-title","$v":"Szerződés típusa"},{"$i":"fte-plantype-hint","$v":"Válassza ki a mobilszolgáltatóval fennálló szerződés típusát."},{"$i":"fte-prepaid2-title","$v":"Alacsony egyenleg riasztás"},{"$i":"fte-prepaid2-hint","$v":"Állítson be riasztást az egyenleg elfogyása ellen."},{"$i":"fte-prepaid3-title","$v":"Adatjelentés és riasztás"},{"$i":"fte-prepaid3-hint","$v":"Jelentések az internethasználatról és riasztás beállítása a túlzott használat ellen."},{"$i":"fte-postpaid2-title","$v":"Telefon- és adatjelentés"},{"$i":"fte-postpaid2-hint","$v":"Jelentések a telefon- és internethasználatáról."},{"$i":"fte-postpaid3-title","$v":"Adathasználati riasztás"},{"$i":"fte-postpaid3-hint","$v":"Riasztás beállításával elkerülheti a túlzott adathasználatot."},{"$i":"fte-onlydata2-title","$v":"Adatjelentés"},{"$i":"fte-onlydata2-hint","$v":"Jelentések az internethasználatáról."},{"$i":"fte-onlydata3-title","$v":"Adathasználati riasztás"},{"$i":"fte-onlydata3-hint","$v":"Riasztás beállításával elkerülheti a túlzott adathasználatot."},{"$i":"phone-activity","$v":"Telefon aktivitása"},{"$i":"balance","$v":"Egyenleg"},{"$i":"on-roaming-message2","$v":"Roaming: nincs automatikus egyenlegfrissítés. A kézi frissítést díjak terhelhetik."},{"$i":"balance-error-message2","$v":"Az egyenleg nem frissült megfelelően. Próbálja saját kezűleg frissíteni."},{"$i":"airplane-mode-error-message2","$v":"Kapcsolja ki a repülő módot az egyenlegfrissítéshez vagy feltöltéshez."},{"$i":"disable-airplane-mode","$v":"Kikapcsolja a repülő módot a frissítéshez vagy feltöltéshez?"},{"$i":"no-coverage-error-message2","$v":"Az egyenleg frissítéséhez vagy feltöltéséhez lefedettség szükséges."},{"$i":"top-up","$v":"Feltöltés"},{"$i":"enter-top-up-code","$v":"Adja meg a feltöltőkódot"},{"$i":"top-up-code-explanation2","$v":"Ez a feltöltőkártyán vagy a blokkon található."},{"$i":"wait-for-confirmation","$v":"Kapni fog egy megerősítő üzenetet"},{"$i":"incorrect-code2","$v":"Győződjön meg róla, hogy a kód helyes, és próbálja újra."},{"$i":"topup-error2","$v":"Hiba történt a kód küldésekor. Próbálja újra."},{"$i":"application-error-title","$v":"A szolgáltatás elérhetetlen"},{"$i":"application-error-message","$v":"Keresse meg a cég képviselőjét."},{"$i":"service-unavailable-title","$v":"A szolgáltatás elérhetetlen"},{"$i":"service-unavailable-message","$v":"Jelenleg sem a frissítés, sem a feltöltés nem lehetséges. Próbálja meg újra később."},{"$i":"data-usage","$v":"Adathasználat"},{"$i":"update-button","$v":"Frissítés"},{"$i":"topup-button2","$v":"Feltöltőkód használata"},{"$i":"topup-ussd-button2","$v":"Feltöltés menü megnyitása"},{"$i":"ok","$v":"OK"},{"$i":"top-up-in-progress2","$v":"A feltöltés feldolgozása folyamatban."},{"$i":"top-up-timed-out2","$v":"Frissítse egyenlegét a megerősítéshez. Ha az egyenleg nem változik, töltse fel újra."},{"$i":"on-topup-not-confirmed-title","$v":"A feltöltés nem lett megerősítve."},{"$i":"on-topup-not-confirmed-message","$v":"Próbálja frissíteni egyenlegét, vagy próbálja újra feltölteni."},{"$i":"send","$v":"küldés"},{"$i":"plantype-setup-title","$v":"Telefonos és internetes csomagom"},{"$i":"prepaid","$v":"Előre fizetett"},{"$i":"postpaid","$v":"Utólag fizetett"},{"$i":"phoneactivity","$v":"Telefonos tevékenység"},{"$i":"short-date-format","$v":"%b, %d"},{"$i":"long-date-format","$v":"%B %d, %Y"},{"$i":"sms-sent","$v":"SMS küldés"},{"$i":"call-made","$v":"Hívás"},{"$i":"settings","$v":"Beállítások"},{"$i":"low-balance-alert","$v":"Alacsony egyenleg riasztás"},{"$i":"low-balance-explanation2","$v":"Ha az egyenleg ez alatt:"},{"$i":"phone-and-internet-data-report","$v":"Telefonos és internetes adatjelentés"},{"$i":"internet-data-report","$v":"Internetadat-jelentés"},{"$i":"starting-on","$v":"Kezdve ekkor:"},{"$i":"cancel","$v":"Mégse"},{"$i":"monthly","$v":"Havonta"},{"$i":"weekly","$v":"Hetente"},{"$i":"monday","$v":"Hétfő"},{"$i":"tuesday","$v":"Kedd"},{"$i":"wednesday","$v":"Szerda"},{"$i":"thursday","$v":"Csütörtök"},{"$i":"friday","$v":"Péntek"},{"$i":"saturday","$v":"Szombat"},{"$i":"sunday","$v":"Vasárnap"},{"$i":"billing-cycle-ends","$v":"Számlázási időszak vége"},{"$i":"tracking-will-reset","$v":"A követés ezen a dátumon törlésre kerül"},{"$i":"yes","$v":"Igen"},{"$i":"done","$v":"Kész"},{"$i":"confirmation","$v":"Megerősítés"},{"$i":"reset-wifi-confirmation-warning","$v":["Your current Wi-Fi data usage is ",{"t":"idOrVar","v":"wifiData"},". Clear it all?"]},{"$i":"reset-mobile-confirmation-warning","$v":["Your current mobile data usage is ",{"t":"idOrVar","v":"mobileData"},". Clear it all?"]},{"$i":"reset-all-confirmation-warning","$v":["Your current data usages are ",{"t":"idOrVar","v":"mobileData"}," on mobile, ",{"t":"idOrVar","v":"wifiData"}," on Wi-Fi. Clear it all?"]},{"$i":"reset-telephony-confirmation-warning","$v":"All current data will be deleted. Are you sure you want to reset?"},{"$i":"reset","$v":"Törlés"},{"$i":"reset-wifi","$v":"Wi-Fi használat törlése"},{"$i":"reset-mobile","$v":"Mobilhasználat törlése"},{"$i":"reset-all","$v":"Reset mobile & Wi-Fi data"},{"$i":"not-set","$v":"Nincs beállítva"},{"$i":"used","$v":"Felhasznált"},{"$i":"limit-passed","$v":"Korlát túllépve"},{"$i":"limit","$v":"Korlát"},{"$i":"data-limit-header","$v":"Adatkorlátozás"},{"$i":"data-limit-alert","$v":"Adathasználati riasztás"},{"$i":"data-limit-value2","$v":"Ha a használat elérte:"},{"$i":"data-limit-dialog-title2","$v":"Adja meg az adatkorlát-riasztás szintjét"},{"$i":"data-limit-dialog-explanation2","$v":"A kapcsolat sebessége csökken a szint elérése után. Keresse meg szolgáltatóját a megfelelő riasztási szint beállításához."},{"$i":"data-limit-input-label","ariaLabel":"Data limit"},{"$i":"wifi-usage","$v":"Wi-Fi használat"},{"$i":"mobile-usage","$v":"Mobilhasználat"},{"$i":"wifi-usage-settings","$v":"Wi-Fi használat"},{"$i":"mobile-usage-settings","$v":"Mobilhasználat"},{"$i":"im-prepaid","$v":"Kártyás"},{"$i":"im-postpaid","$v":"Számlás"},{"$i":"reset-data-usage","$v":"Adathasználat törlése"},{"$i":"reset-report","$v":"Jelentés alaphelyzetbe"},{"$i":"next","$v":"Tovább"},{"$i":"back","$v":"Vissza"},{"$i":"lets-go","$v":"Gyerünk!"},{"$i":"alert","$v":"Riasztás"},{"$i":"alert-limit","$v":"Riasztási szint"},{"$i":"fte-welcome-title","$v":"Üdvözöljük"},{"$i":"data-limit-notification-title2","$v":[{"t":"idOrVar","v":"limit"}," adat felhasználva"]},{"$i":"data-limit-notification-text2","$v":"A kiválasztott korlát elérve"},{"$i":"low-balance-notification-title","$v":"Alacsony egyenleg"},{"$i":"low-balance-notification-text","$v":[{"t":"idOrVar","v":"remaining"}," telefonos beszélgetés van hátra"]},{"$i":"zero-balance-message","$v":"Az egyenleg nulla, nincs több telefonos beszélgetés."},{"$i":"not-available","$v":"Nem érhető el"},{"$i":"usage","$v":"Költségek"},{"$i":"internet","$v":"Internet"},{"$i":"phone","$v":"Telefonszám"},{"$i":"loading-interface-data","$v":"Felületadatok betöltése. Próbálja újra később."},{"$i":"data-limit","$v":["Adatkorlát (",{"t":"idOrVar","v":"value"},")"]},{"$i":"data-available2","$v":{"zero":[{"t":"idOrVar","v":"value"}," ",{"t":"idOrVar","v":"unit"}," elérhető"],"one":[{"t":"idOrVar","v":"value"}," ",{"t":"idOrVar","v":"unit"}," elérhető"],"two":[{"t":"idOrVar","v":"value"}," ",{"t":"idOrVar","v":"unit"}," elérhető"],"few":[{"t":"idOrVar","v":"value"}," ",{"t":"idOrVar","v":"unit"}," elérhető"],"many":[{"t":"idOrVar","v":"value"}," ",{"t":"idOrVar","v":"unit"}," elérhető"],"other":[{"t":"idOrVar","v":"value"}," ",{"t":"idOrVar","v":"unit"}," elérhető"]},"$x":[{"t":"idOrVar","v":"plural"},"value"]},{"$i":"over-limit","$v":{"one":[{"t":"idOrVar","v":"value"}," ",{"t":"idOrVar","v":"unit"}," a korláton túl"],"two":[{"t":"idOrVar","v":"value"}," ",{"t":"idOrVar","v":"unit"}," a korláton túl"],"few":[{"t":"idOrVar","v":"value"}," ",{"t":"idOrVar","v":"unit"}," a korláton túl"],"many":[{"t":"idOrVar","v":"value"}," ",{"t":"idOrVar","v":"unit"}," a korláton túl"],"other":[{"t":"idOrVar","v":"value"}," ",{"t":"idOrVar","v":"unit"}," a korláton túl"]},"$x":[{"t":"idOrVar","v":"plural"},"value"]},{"$i":"verbose-chart-date-format","$v":[{"t":"idOrVar","v":"em-month"}," ",{"t":"idOrVar","v":"monthday-number"}]},{"$i":"day-hour-format","$v":[{"t":"idOrVar","v":"day"},", ",{"t":"idOrVar","v":"time"}]},{"$i":"B","$v":"B"},{"$i":"KB","$v":"KB"},{"$i":"MB","$v":"MB"},{"$i":"GB","$v":"GB"},{"$i":"unit-MB","ariaLabel":"MB"},{"$i":"unit-GB","ariaLabel":"GB"},{"$i":"app-usage-list-header","$v":"Mobile usage per app"},{"$i":"app-usage-no-data","$v":"Még nem használta a mobil adatkapcsolatot. Az egyes appok felhasználása itt fog megjelenni."},{"$i":"data-used-since","$v":[{"t":"idOrVar","v":"amount"}," of data used since ",{"t":"idOrVar","v":"start-date"}]},{"$i":"data-used-this-week","$v":[{"t":"idOrVar","v":"amount"}," of data used this week"]},{"$i":"data-used-this-month","$v":[{"t":"idOrVar","v":"amount"}," of data used this month"]},{"$i":"data-usage-other-apps","$v":"Others"},{"$i":"data-usage-browser-app","$v":"Browser"},{"$i":"limit-layer-MB","ariaLabel":["Limit of ",{"t":"idOrVar","v":"value"}," MB"]},{"$i":"limit-layer-GB","ariaLabel":["Limit of ",{"t":"idOrVar","v":"value"}," GB"]},{"$i":"warning-layer","ariaLabel":[{"t":"idOrVar","v":"value"}," left"]},{"$i":"limit-exceeded-layer","ariaLabel":["Exceeded by ",{"t":"idOrVar","v":"value"}]},{"$i":"today-layer","ariaLabel":["Today is ",{"t":"idOrVar","v":"today"}]},{"$i":"axis-layer","ariaLabel":["From ",{"t":"idOrVar","v":"from"}," to ",{"t":"idOrVar","v":"to"}]},{"$i":"weekday-0-long","$v":"Vasárnap"},{"$i":"weekday-1-long","$v":"Hétfő"},{"$i":"weekday-2-long","$v":"Kedd"},{"$i":"weekday-3-long","$v":"Szerda"},{"$i":"weekday-4-long","$v":"Csütörtök"},{"$i":"weekday-5-long","$v":"Péntek"},{"$i":"weekday-6-long","$v":"Szombat"},{"$i":"weekday-0-short","$v":"Va."},{"$i":"weekday-1-short","$v":"Hé."},{"$i":"weekday-2-short","$v":"Ke."},{"$i":"weekday-3-short","$v":"Sze."},{"$i":"weekday-4-short","$v":"Csü."},{"$i":"weekday-5-short","$v":"Pé."},{"$i":"weekday-6-short","$v":"Szo."},{"$i":"month-0-long","$v":"Január"},{"$i":"month-1-long","$v":"Február"},{"$i":"month-2-long","$v":"Március"},{"$i":"month-3-long","$v":"Április"},{"$i":"month-4-long","$v":"Május"},{"$i":"month-5-long","$v":"Június"},{"$i":"month-6-long","$v":"Július"},{"$i":"month-7-long","$v":"Augusztus"},{"$i":"month-8-long","$v":"Szeptember"},{"$i":"month-9-long","$v":"Október"},{"$i":"month-10-long","$v":"November"},{"$i":"month-11-long","$v":"December"},{"$i":"month-0-genitive","$v":"Január"},{"$i":"month-1-genitive","$v":"Február"},{"$i":"month-2-genitive","$v":"Március"},{"$i":"month-3-genitive","$v":"Április"},{"$i":"month-4-genitive","$v":"Május"},{"$i":"month-5-genitive","$v":"Június"},{"$i":"month-6-genitive","$v":"Július"},{"$i":"month-7-genitive","$v":"Augusztus"},{"$i":"month-8-genitive","$v":"Szeptember"},{"$i":"month-9-genitive","$v":"Október"},{"$i":"month-10-genitive","$v":"November"},{"$i":"month-11-genitive","$v":"December"},{"$i":"month-0-short","$v":"Jan"},{"$i":"month-1-short","$v":"Feb"},{"$i":"month-2-short","$v":"Már"},{"$i":"month-3-short","$v":"Ápr"},{"$i":"month-4-short","$v":"Máj"},{"$i":"month-5-short","$v":"Jún"},{"$i":"month-6-short","$v":"Júl"},{"$i":"month-7-short","$v":"Aug"},{"$i":"month-8-short","$v":"Szep"},{"$i":"month-9-short","$v":"Okt"},{"$i":"month-10-short","$v":"Nov"},{"$i":"month-11-short","$v":"Dec"},{"$i":"minutes-ago-long","$v":{"zero":"épp most","one":"egy perccel ezelőtt","two":[{"t":"idOrVar","v":"value"}," perccel ezelőtt"],"few":[{"t":"idOrVar","v":"value"}," perccel ezelőtt"],"many":[{"t":"idOrVar","v":"value"}," perccel ezelőtt"],"other":[{"t":"idOrVar","v":"value"}," perccel ezelőtt"]},"$x":[{"t":"idOrVar","v":"plural"},"value"]},{"$i":"hours-ago-long","$v":{"zero":"épp most","one":"egy órája","two":[{"t":"idOrVar","v":"value"}," órával ezelőtt"],"few":[{"t":"idOrVar","v":"value"}," órával ezelőtt"],"many":[{"t":"idOrVar","v":"value"}," órával ezelőtt"],"other":[{"t":"idOrVar","v":"value"}," órával ezelőtt"]},"$x":[{"t":"idOrVar","v":"plural"},"value"]},{"$i":"days-ago-long","$v":{"zero":"ma","one":"tegnap","two":[{"t":"idOrVar","v":"value"}," nappal ezelőtt"],"few":[{"t":"idOrVar","v":"value"}," nappal ezelőtt"],"many":[{"t":"idOrVar","v":"value"}," nappal ezelőtt"],"other":[{"t":"idOrVar","v":"value"}," nappal ezelőtt"]},"$x":[{"t":"idOrVar","v":"plural"},"value"]},{"$i":"weeks-ago-long","$v":{"zero":"ez a hét","one":"múlt hét","two":[{"t":"idOrVar","v":"value"}," héttel ezelőtt"],"few":[{"t":"idOrVar","v":"value"}," héttel ezelőtt"],"many":[{"t":"idOrVar","v":"value"}," héttel ezelőtt"],"other":[{"t":"idOrVar","v":"value"}," héttel ezelőtt"]},"$x":[{"t":"idOrVar","v":"plural"},"value"]},{"$i":"months-ago-long","$v":{"zero":"ez a hónap","one":"előző hónap","two":[{"t":"idOrVar","v":"value"}," hónappal ezelőtt"],"few":[{"t":"idOrVar","v":"value"}," hónappal ezelőtt"],"many":[{"t":"idOrVar","v":"value"}," hónappal ezelőtt"],"other":[{"t":"idOrVar","v":"value"}," hónappal ezelőtt"]},"$x":[{"t":"idOrVar","v":"plural"},"value"]},{"$i":"years-ago-long","$v":{"zero":"ez az év","one":"tavaly","two":[{"t":"idOrVar","v":"value"}," évvel ezelőtt"],"few":[{"t":"idOrVar","v":"value"}," évvel ezelőtt"],"many":[{"t":"idOrVar","v":"value"}," évvel ezelőtt"],"other":[{"t":"idOrVar","v":"value"}," évvel ezelőtt"]},"$x":[{"t":"idOrVar","v":"plural"},"value"]},{"$i":"minutes-until-long","$v":{"zero":"most","one":"egy percen belül","two":[{"t":"idOrVar","v":"value"}," percen belül"],"few":[{"t":"idOrVar","v":"value"}," percen belül"],"many":[{"t":"idOrVar","v":"value"}," percen belül"],"other":[{"t":"idOrVar","v":"value"}," percen belül"]},"$x":[{"t":"idOrVar","v":"plural"},"value"]},{"$i":"hours-until-long","$v":{"zero":"most","one":"egy órán belül","two":[{"t":"idOrVar","v":"value"}," órán belül"],"few":[{"t":"idOrVar","v":"value"}," órán belül"],"many":[{"t":"idOrVar","v":"value"}," órán belül"],"other":[{"t":"idOrVar","v":"value"}," órán belül"]},"$x":[{"t":"idOrVar","v":"plural"},"value"]},{"$i":"days-until-long","$v":{"zero":"ma","one":"holnap","two":[{"t":"idOrVar","v":"value"}," napon belül"],"few":[{"t":"idOrVar","v":"value"}," napon belül"],"many":[{"t":"idOrVar","v":"value"}," napon belül"],"other":[{"t":"idOrVar","v":"value"}," napon belül"]},"$x":[{"t":"idOrVar","v":"plural"},"value"]},{"$i":"weeks-until-long","$v":{"zero":"ez a hét","one":"következő hét","two":[{"t":"idOrVar","v":"value"}," héten belül"],"few":[{"t":"idOrVar","v":"value"}," héten belül"],"many":[{"t":"idOrVar","v":"value"}," héten belül"],"other":[{"t":"idOrVar","v":"value"}," héten belül"]},"$x":[{"t":"idOrVar","v":"plural"},"value"]},{"$i":"months-until-long","$v":{"zero":"ez a hónap","one":"következő hónap","two":[{"t":"idOrVar","v":"value"}," héten belül"],"few":[{"t":"idOrVar","v":"value"}," héten belül"],"many":[{"t":"idOrVar","v":"value"}," héten belül"],"other":[{"t":"idOrVar","v":"value"}," héten belül"]},"$x":[{"t":"idOrVar","v":"plural"},"value"]},{"$i":"years-until-long","$v":{"zero":"ez az év","one":"következő év","two":[{"t":"idOrVar","v":"value"}," éven belül"],"few":[{"t":"idOrVar","v":"value"}," éven belül"],"many":[{"t":"idOrVar","v":"value"}," éven belül"],"other":[{"t":"idOrVar","v":"value"}," éven belül"]},"$x":[{"t":"idOrVar","v":"plural"},"value"]},{"$i":"minutes-ago-short","$v":{"zero":"épp most","other":[{"t":"idOrVar","v":"value"},"p ezelőtt"]},"$x":[{"t":"idOrVar","v":"plural"},"value"]},{"$i":"hours-ago-short","$v":{"zero":"épp most","other":[{"t":"idOrVar","v":"value"},"ó ezelőtt"]},"$x":[{"t":"idOrVar","v":"plural"},"value"]},{"$i":"days-ago-short","$v":{"zero":"ma","other":[{"t":"idOrVar","v":"value"},"n ezelőtt"]},"$x":[{"t":"idOrVar","v":"plural"},"value"]},{"$i":"minutes-until-short","$v":{"zero":"most","other":[{"t":"idOrVar","v":"value"}," percen belül"]},"$x":[{"t":"idOrVar","v":"plural"},"value"]},{"$i":"hours-until-short","$v":{"zero":"most","other":[{"t":"idOrVar","v":"value"}," órán belül"]},"$x":[{"t":"idOrVar","v":"plural"},"value"]},{"$i":"days-until-short","$v":{"zero":"ma","other":[{"t":"idOrVar","v":"value"}," napon belül"]},"$x":[{"t":"idOrVar","v":"plural"},"value"]},{"$i":"incorrectDate","$v":"(helytelen dátum)"},{"$i":"dateTimeFormat_%c","$v":"%Y. %b %d %a %H:%M:%S"},{"$i":"dateTimeFormat_%x","$v":"%Y. %m. %d."},{"$i":"dateTimeFormat_%X","$v":"%H:%M:%S"},{"$i":"shortTimeFormat","$v":"%I:%M %p"},{"$i":"shortTimeFormat12","$v":"%I:%M %p"},{"$i":"shortTimeFormat24","$v":"%H:%M"},{"$i":"shortDateTimeFormat","$v":"%x %H:%M"},{"$i":"weekStartsOnMonday","$v":"1"},{"$i":"firstDayOfTheWeek","$v":"0"},{"$i":"time_am","$v":"DE"},{"$i":"time_pm","$v":"DU"}]