[{"$i":"topup-confirmation-title2","$v":"ការ​ប្រើប្រាស់"},{"$i":"topup-confirmation-message","$v":"បាន​អះអាង​ពេញ​លេញ"},{"$i":"topup-incorrectcode-title2","$v":"ការ​ប្រើប្រាស់"},{"$i":"topup-incorrectcode-message3","$v":"បាន​បញ្ចូល​លេខ​កូដ​បំពេញ​មិន​ត្រឹមត្រូវ។"},{"$i":"updating","$v":"ធ្វើ​បច្ចុប្បន្នភាព"},{"$i":"updating-ellipsis","$v":"កំពុង​ធ្វើ​បច្ចុប្បន្នភាព..."},{"$i":"yesterday","$v":"ម្សិលមិញ"},{"$i":"today","$v":"ថ្ងៃ​នេះ"},{"$i":"never","$v":"មិនដែល"},{"$i":"magnitude","$v":[{"t":"idOrVar","v":"value"}," ",{"t":"idOrVar","v":"unit"}]},{"$i":"currency","$v":[{"t":"idOrVar","v":"currency"},{"t":"idOrVar","v":"value"}]},{"$i":"widget","$v":"ការ​ប្រើ​ធាតុ​ក្រាហ្វិក"},{"$i":"widget-authed-sim-heading","$v":["បាន​បញ្ចូល SIM ",{"t":"idOrVar","v":"provider"}," ថ្មី"]},{"$i":"widget-authed-sim-meta","$v":"ចុច​ដើម្បី​តាមដាន​ការ​ប្រើ​ទូរស័ព្ទ និង​​​អ៊ីនធឺណិត​របស់​អ្នក។"},{"$i":"widget-nonauthed-sim-heading","$v":"បាន​បញ្ចូល​ SIM ថ្មី"},{"$i":"widget-nonauthed-sim-meta","$v":"ចុច​ដើម្បី​តាមដាន​ការ​ប្រើ​អ៊ីនធឺណិត​របស់​អ្នក។"},{"$i":"widget-airplane-mode-heading","$v":"នៅ​ពេល​ជិះ​យន្ដហោះ"},{"$i":"widget-airplane-mode-meta","$v":"សូម​បិទ​របៀប​ពេល​ជិះយន្តហៅ​ដើម្បីបើក​ការ​ប្រើប្រាស់"},{"$i":"widget-no-sim2-heading","$v":"មិន​បាន​បញ្ចូល SIM"},{"$i":"widget-no-sim2-meta","$v":"បញ្ចូល​ SIM កាត​ដើម្បី​អាច​ប្រើ​បាន។"},{"$i":"widget-sim-locked-heading","$v":"បាន​ចាក់សោ​ SIM"},{"$i":"widget-sim-locked-meta","$v":"ដោះ​សោ​ SIM កាត​របស់​អ្នក​ដើម្បី​អាច​ប្រើ​បាន។"},{"$i":"widget-unknown-heading","$v":"Error"},{"$i":"widget-unknown-meta","$v":"Please, make sure airplane mode is off."},{"$i":"fte","$v":"ប្រើប្រាស់ First Time Experience"},{"$i":"fte-authed-sim","$v":"សន្សំ​ប្រាក់​ដោយ​បន្ត​តាមដាន​ការ​ប្រើប្រាស់​ទូរស័ព្ទ និង​អ៊ីនធឺណិត​របស់​អ្នក។"},{"$i":"fte-nonauthed-sim","$v":"សន្សំ​ប្រាក់​ដោយ​បន្ត​តាមដាន​ការ​ប្រើប្រាស់​អ៊ីនធឺណិត​របស់​អ្នក។"},{"$i":"fte-no-sim","$v":"ទទួល​បាន​ព័ត៌មាន​ច្បាស់​អំពី​ចំនួន​​អ៊ីនធឺណិត​ដែល​អ្នក​កំពុង​ប្រើ។"},{"$i":"fte-sim-info2","$v":"ព័ត៌មាន​​​​​ពី​ការ​ប្រើប្រាស់​ដែល​បាន​បង្ហាញ​​យក​ចេញ​ផ្ទាល់​ពី​ឧបករណ៍​នេះ។ ពិនិត្យ​​ជាមួយ​ក្រុមហ៊ុន​ផ្ដល់​សេវា​ទូរស័ព្ទ​របស់​អ្នក​សម្រាប់​ព័ត៌មាន​លម្អិត​​អំពី​គណនី។"},{"$i":"fte-plantype-title","$v":"ប្រភេទ​នៃ​កិច្ចសន្យា"},{"$i":"fte-plantype-hint","$v":"ជ្រើស​ប្រភេទ​នៃ​កិច្ចសន្យា​ដែល​អ្នក​មាន​ជាមួយ​ក្រុមហ៊ុន​ផ្ដល់​សេវា​ទូរស័ព្ទ​របស់​អ្នក។"},{"$i":"fte-prepaid2-title","$v":"ជូនដំណឹង​ពេល​​សមតុល្យ​កម្រិត"},{"$i":"fte-prepaid2-hint","$v":"ផ្ញើ​ការ​ជូនដំណឹង​ដើម្បី​ជៀសវាង​​​​ពេល​អស់​ប្រាក់។"},{"$i":"fte-prepaid3-title","$v":"របាយការណ៍ និង​ការ​ជូន​ដំណឹង​ទិន្នន័យ"},{"$i":"fte-prepaid3-hint","$v":"ទទួល​បាន​របាយការណ៍​អំពី​ការ​ប្រើប្រាស់​អ៊ីនធឺណិត​របស់​អ្នក និង​កំណត់​ការ​ជូនដំណឹង​ដើម្បី​ជៀសវាង​ការ​ប្រើ​ច្រើន​ពេក។"},{"$i":"fte-postpaid2-title","$v":"របាយការណ៍​ទូរស័ព្ទ និង​ទិន្នន័យ"},{"$i":"fte-postpaid2-hint","$v":"ទទួល​របាយការណ៍​អំពី​ការ​ប្រើប្រាស់​ទូរស័ព្ទ និង​អ៊ីនធឺណិត​របស់​អ្នក។"},{"$i":"fte-postpaid3-title","$v":"ជូនដំណឹង​​អំពី​​ទិន្នន័យ"},{"$i":"fte-postpaid3-hint","$v":"កំណត់​​ការ​ជូនដំណឹង​ដើម្បី​ជៀសវាង​ការ​ប្រើ​ទិន្នន័យ​ច្រើន​ពេក។"},{"$i":"fte-onlydata2-title","$v":"របាយការណ៍​ទិន្នន័យ"},{"$i":"fte-onlydata2-hint","$v":"ទទួល​របាយការណ៍​អំពី​ការ​ប្រើប្រាស់​អ៊ីនធឺណិត​របស់​អ្នក។"},{"$i":"fte-onlydata3-title","$v":"ការ​ជូនដំណឹង​​អំពី​ទិន្នន័យ"},{"$i":"fte-onlydata3-hint","$v":"កំណត់​​ការ​ជូនដំណឹង​ដើម្បី​ជៀសវាង​ការ​ប្រើ​ទិន្នន័យ​ច្រើន​ពេក។"},{"$i":"phone-activity","$v":"សកម្មភាព​ទូរស័ព្ទ"},{"$i":"balance","$v":"សមតុល្យ"},{"$i":"on-roaming-message2","$v":"រ៉ូមីង៖ គ្មាន​បច្ចុប្បន្នភាព​​សមតុល្យ​​​ស្វ័យប្រវត្តិ​ទេ។ អ្នក​អាច​នឹង​ត្រូវ​បាន​ផ្លាស់ប្ដូរ​សម្រាប់​​ការ​ធ្វើ​បច្ចុប្បន្នភាព​ដោយ​ដៃ។"},{"$i":"balance-error-message2","$v":"សមតុល្យ​​មិន​បាន​ធ្វើ​បច្ចុប្បន្នភាព​ត្រឹមត្រូវ។ ព្យាយាម​ធ្វើ​បច្ចុប្បន្នភាព​ដោយ​ដៃ។"},{"$i":"airplane-mode-error-message2","$v":"បិទ​របៀប​​ជិះ​យន្តហោះ​ដើម្បី​ធ្វើ​បច្ចុប្បន្នភាពសមតុល្យ ឬ​ការ​បំពេញ​របស់​អ្នក។"},{"$i":"disable-airplane-mode","$v":"តើ​អ្នក​ចង់​បិទ​របៀប​លើ​យន្តហោះ​ដើម្បី​ធ្វើ​បច្ចុប្បន្នភាព ឬ​បំពេញ​មែនទេ?"},{"$i":"no-coverage-error-message2","$v":"អ្នក​ត្រូវ​មាន​សេវា​ទូរស័ព្ទ​ដើម្បី​ធ្វើ​បច្ចុប្បន្នភាព​សមតុល្យ​ ឬ​ការ​បំពេញ​របស់​អ្នក។"},{"$i":"top-up","$v":"បំពេញ"},{"$i":"enter-top-up-code","$v":"បញ្ចូល​លេខ​កូដ​បំពេញ"},{"$i":"top-up-code-explanation2","$v":"រក​ឃើញ​​វា​​នៅ​​លើ​​កាត​​ឆូត ឬ​​ឃើញ​​ផ្ទាល់​​នៅ​ក្នុង​​​បង្កាន់​ដៃ​របស់​​អ្នក។"},{"$i":"wait-for-confirmation","$v":"អ្នក​នឹង​ទទួល​បាន​សារ​ដើម្បី​បញ្ជាក់"},{"$i":"incorrect-code2","$v":"ប្រាកដ​ថា​លេខ​កូដ​ត្រឹមត្រូវ និង​ព្យាយាម​ម្ដង​ទៀត។"},{"$i":"topup-error2","$v":"មាន​បញ្ហា​ពេល​ផ្ញើ​លេខ​កូដ។ សូម​ព្យាយាម​ម្ដង​ទៀត។"},{"$i":"application-error-title","$v":"មិន​មាន​សេវាកម្ម​ទេ"},{"$i":"application-error-message","$v":"ទាក់ទង​អ្នក​តំណាង​ក្រុមហ៊ុន​របស់​អ្នក"},{"$i":"service-unavailable-title","$v":"មិន​មាន​សេវាកម្ម​ទេ"},{"$i":"service-unavailable-message","$v":"មិន​មាន​បច្ចុប្បន្នភាព ឬ​ការ​បំពេញ​​ដែល​អាច​ធ្វើ​បាន​នៅ​ពេល​នេះ។ សូម​ព្យាយាម​ម្ដង​ទៀ។"},{"$i":"data-usage","$v":"ការ​ប្រើប្រាស់​ទិន្នន័យ"},{"$i":"update-button","$v":"ធ្វើបច្ចុប្បន្នភាព"},{"$i":"topup-button2","$v":"ប្រើ​លេខ​កូដ​បំពេញ"},{"$i":"topup-ussd-button2","$v":"បើក​ម៉ឺនុយ​បំពេញ"},{"$i":"ok","$v":"យល់​ព្រម"},{"$i":"top-up-in-progress2","$v":"ការ​បំពេញ​របស់​អ្នក​កំពុង​ដំណើរការ។"},{"$i":"top-up-timed-out2","$v":"ធ្វើ​បច្ចុប្បន្នភាព​សមតុល្យ​របស់​អ្នក​ដើម្បី​បញ្ជាក់។ ប្រសិន​បើ​សមតុល្យ​មិន​ត្រូវ​បាន​ផ្លាស់ប្ដូរ ព្យាយាម​បញ្ចូល​ទឹកប្រាក់​ម្ដង​ទៀត។"},{"$i":"on-topup-not-confirmed-title","$v":"មិន​បាន​បញ្ជាក់​ការ​បំពេញ"},{"$i":"on-topup-not-confirmed-message","$v":"ព្យាយាម​ធ្វើ​បច្ចុប្បន្នភាព​​សមតុល្យ​​របស់​អ្នក ឬ​ព្យាយាម​បំពេញ​ឡើងវិញ។"},{"$i":"send","$v":"ផ្ញើ"},{"$i":"plantype-setup-title","$v":"ផែនការ​ទូរស័ព្ទ និង​អ៊ីនធឺណិត​របស់​ខ្ញុំ​គឺ"},{"$i":"prepaid","$v":"បង់​មុន"},{"$i":"postpaid","$v":"បង់​ពេល​ក្រោយ"},{"$i":"phoneactivity","$v":"សកម្មភាព​ទូរស័ព្ទ"},{"$i":"short-date-format","$v":"%b, %d"},{"$i":"long-date-format","$v":"%B %d, %Y"},{"$i":"sms-sent","$v":"បាន​ផ្ញើ​​សារ SMS"},{"$i":"call-made","$v":"បាន​ធ្វើ​ការ​ហៅ"},{"$i":"settings","$v":"ការ​កំណត់"},{"$i":"low-balance-alert","$v":"ជូនដំណឹង​​ពេល​សមតុល្យ​​​​មាន​កម្រិត​ទាប"},{"$i":"low-balance-explanation2","$v":"នៅ​ពេល​​សមតុល្យ​នៅ​ក្រោម"},{"$i":"phone-and-internet-data-report","$v":"របាយការណ៍​ទិន្នន័យ​​ទូរស័ព្ទ និង​អ៊ីនធឺណិត"},{"$i":"internet-data-report","$v":"របាយការណ៍​ទិន្នន័យ​អ៊ីនធឺណិត"},{"$i":"starting-on","$v":"ចាប់ផ្ដើមនៅ"},{"$i":"cancel","$v":"បោះបង់"},{"$i":"monthly","$v":"រាល់ខែ"},{"$i":"weekly","$v":"រាល់​សប្ដាហ៍"},{"$i":"monday","$v":"ច័ន្ទ"},{"$i":"tuesday","$v":"អង្គារ"},{"$i":"wednesday","$v":"ពុធ"},{"$i":"thursday","$v":"ព្រហស្បតិ៍"},{"$i":"friday","$v":"សុក្រ"},{"$i":"saturday","$v":"សៅរ៍"},{"$i":"sunday","$v":"អាទិត្យ"},{"$i":"billing-cycle-ends","$v":"Billing cycle ends"},{"$i":"tracking-will-reset","$v":"ការ​តាមដាន​នឹង​កំណត់​​ឡើងវិញ​នៅ​​ថ្ងៃ​នេះ"},{"$i":"yes","$v":"បាទ/ចាស"},{"$i":"done","$v":"ធ្វើ​រួច"},{"$i":"confirmation","$v":"ការ​អះអាង"},{"$i":"reset-wifi-confirmation-warning","$v":["Your current Wi-Fi data usage is ",{"t":"idOrVar","v":"wifiData"},". Clear it all?"]},{"$i":"reset-mobile-confirmation-warning","$v":["Your current mobile data usage is ",{"t":"idOrVar","v":"mobileData"},". Clear it all?"]},{"$i":"reset-all-confirmation-warning","$v":["Your current data usages are ",{"t":"idOrVar","v":"mobileData"}," on mobile, ",{"t":"idOrVar","v":"wifiData"}," on Wi-Fi. Clear it all?"]},{"$i":"reset-telephony-confirmation-warning","$v":"ទិន្នន័យ​បច្ចុប្បន្ន​ទាំងអស់​នឹង​ត្រូវ​បាន​លុប។ តើ​អ្នក​ប្រាកដ​ចង់​កំណត់​ឡើងវិញ​ឬ?"},{"$i":"reset","$v":"កំណត់​ឡើង​វិញ"},{"$i":"reset-wifi","$v":"កំណត់​ការ​ប្រើ​វ៉ាយហ្វាយ​ឡើង​វិញ"},{"$i":"reset-mobile","$v":"កំណត់​ការ​ប្រើ​ទិន្នន័យ​ចល័ត​ឡើងវិញ"},{"$i":"reset-all","$v":"កំណត់​ទិន្នន័យ​ចល័ត & វ៉ាយហ្វាយ​ឡើងវិញ"},{"$i":"not-set","$v":"មិន​កំណត់"},{"$i":"used","$v":"បាន​ប្រើ"},{"$i":"limit-passed","$v":"បាន​ឆ្លង់កាត់​​តាម​កំណត់"},{"$i":"limit","$v":"តាម​កំណត់"},{"$i":"data-limit-header","$v":"ការ​ប្រើ​ទិន្នន័យ​មាន​កំណត់"},{"$i":"data-limit-alert","$v":"ជូន​ដំណឹង​ការ​ប្រើ​ទិន្នន័យ"},{"$i":"data-limit-value2","$v":"នៅ​ពេល​ប្រើ​​នៅ​ខាង​លើ"},{"$i":"data-limit-dialog-title2","$v":"បញ្ចូល​​ទិន្នន័យ​ទូរស័ព្ទ​​ការ​ជូន​ដំណឹង​មាន​កំណត់"},{"$i":"data-limit-dialog-explanation2","$v":"ល្បឿន​ការ​ភ្ជាប់​កាត់បន្ថយ​បន្ទាប់​ពី​​ឈាន​ដល់​កម្រិត​កំណត់។ ពិនិត្យ​ជាមួយ​​អ្នក​ផ្ដល់​ទិន្នន័យ​របស់​អ្នក​ដើម្បី​កំណត់​កម្រិត​ជូនដំណឹង​សមរម្យ​មួយ។"},{"$i":"data-limit-input-label","ariaLabel":"Data limit"},{"$i":"wifi-usage","$v":"ការ​ប្រើ​វ៉ាយហ្វាយ"},{"$i":"mobile-usage","$v":"ការ​ប្រើ​​​​ទូរស័ព្ទ"},{"$i":"wifi-usage-settings","$v":"ការ​ប្រើ​វ៉ាយហ្វាយ"},{"$i":"mobile-usage-settings","$v":"ការ​ប្រើ​​​ទូរស័ព្ទ"},{"$i":"im-prepaid","$v":"ខ្ញុំ​យក​ការ​បង់​មុន"},{"$i":"im-postpaid","$v":"ខ្ញុំ​យក​ការ​បង់​ក្រោយ"},{"$i":"reset-data-usage","$v":"កំណត់​ការ​ប្រើ​ទិន្នន័យ​ឡើងវិញ"},{"$i":"reset-report","$v":"របាយការណ៍​កំណត់​ឡើងវិញ"},{"$i":"next","$v":"បន្ទាប់"},{"$i":"back","$v":"ថយក្រោយ"},{"$i":"lets-go","$v":"តោះ​ទៅ!"},{"$i":"alert","$v":"ជូន​ដំណឹង"},{"$i":"alert-limit","$v":"ជូន​ដំណឹង​តាម​កំណត់"},{"$i":"fte-welcome-title","$v":"សូម​ស្វាគមន៍"},{"$i":"data-limit-notification-title2","$v":["បាន​ប្រើ ",{"t":"idOrVar","v":"limit"}," នៃ​ទិន្នន័យ"]},{"$i":"data-limit-notification-text2","$v":"អ្នក​បាន​ឈាន​ដល់​កំណត់​ដែល​អ្នក​បាន​ជ្រើស"},{"$i":"low-balance-notification-title","$v":"សមតុល្យ​​ទាប"},{"$i":"low-balance-notification-text","$v":["ប្រាក់​ក្នុង​ទូរស័ព្ទ​នៅ​សល់ ",{"t":"idOrVar","v":"remaining"}]},{"$i":"zero-balance-message","$v":"សមតុល្យ​ក្នុង​គណនី​អស់​ហើយ គ្មាន​ទឹកប្រាក់​ក្នុង​ទូរស័ព្ទ​នៅ​សល់​ទេ។"},{"$i":"not-available","$v":"មិន​អាច​ប្រើ​បាន"},{"$i":"usage","$v":"ការ​ប្រើប្រាស់"},{"$i":"internet","$v":"អ៊ីនធឺណិត"},{"$i":"phone","$v":"ទូរស័ព្ទ"},{"$i":"loading-interface-data","$v":"ផ្ទុក​​ទិន្នន័យ​ចំណុច​ប្រទាក់។ សូម​ព្យាយាម​ឡើងវិញ។"},{"$i":"data-limit","$v":["ដែន​កំណត់​​ទិន្នន័យ (",{"t":"idOrVar","v":"value"},")"]},{"$i":"data-available2","$v":{"zero":[{"t":"idOrVar","v":"value"}," ",{"t":"idOrVar","v":"unit"}," available"],"one":[{"t":"idOrVar","v":"value"}," ",{"t":"idOrVar","v":"unit"}," available"],"two":[{"t":"idOrVar","v":"value"}," ",{"t":"idOrVar","v":"unit"}," available"],"few":[{"t":"idOrVar","v":"value"}," ",{"t":"idOrVar","v":"unit"}," available"],"many":[{"t":"idOrVar","v":"value"}," ",{"t":"idOrVar","v":"unit"}," available"],"other":[{"t":"idOrVar","v":"value"}," ",{"t":"idOrVar","v":"unit"}," available"]},"$x":[{"t":"idOrVar","v":"plural"},"value"]},{"$i":"over-limit","$v":{"one":[{"t":"idOrVar","v":"value"}," ",{"t":"idOrVar","v":"unit"}," លើស​កំណត់"],"two":[{"t":"idOrVar","v":"value"}," ",{"t":"idOrVar","v":"unit"}," លើស​កំណត់"],"few":[{"t":"idOrVar","v":"value"}," ",{"t":"idOrVar","v":"unit"}," លើស​ដែន​កំណត់"],"many":[{"t":"idOrVar","v":"value"}," ",{"t":"idOrVar","v":"unit"}," លើស​ដែន​កំណត់"],"other":[{"t":"idOrVar","v":"value"}," ",{"t":"idOrVar","v":"unit"}," លើស​ដែន​កំណត់"]},"$x":[{"t":"idOrVar","v":"plural"},"value"]},{"$i":"verbose-chart-date-format","$v":[{"t":"idOrVar","v":"em-month"}," ",{"t":"idOrVar","v":"monthday-number"}]},{"$i":"day-hour-format","$v":[{"t":"idOrVar","v":"day"},", ",{"t":"idOrVar","v":"time"}]},{"$i":"B","$v":"B"},{"$i":"KB","$v":"KB"},{"$i":"MB","$v":"មេកាបៃ"},{"$i":"GB","$v":"ជីកាបៃ"},{"$i":"unit-MB","ariaLabel":"មេកាបៃ"},{"$i":"unit-GB","ariaLabel":"ជីកាបៃ"},{"$i":"app-usage-list-header","$v":"ការ​ប្រើប្រាស់​ទូរសព្ទ​ក្នុង​មួយ​កម្មវិធី"},{"$i":"app-usage-no-data","$v":"អ្នក​មិន​បាន​ប្រើ​ទិន្នន័យ​ទូរសព្ទ​ណាមួយ​នៅ​ឡើយ​ទេ។ ការប្រើប្រាស់​កម្មវិធី​នីមួយៗ​នឹង​បង្ហាញ​នៅ​ទីនេះ​នៅ​ពេល​អ្នក​​ប្រើ"},{"$i":"data-used-since","$v":[{"t":"idOrVar","v":"amount"}," នៃ​ទិន្នន័យ​ដែល​បាន​ប្រើ​តាំងពី ",{"t":"idOrVar","v":"start-date"}]},{"$i":"data-used-this-week","$v":[{"t":"idOrVar","v":"amount"}," នៃ​ទិន្នន័យ​ដែល​បាន​ប្រើ​ក្នុង​សប្ដាហ៍​នេះ"]},{"$i":"data-used-this-month","$v":[{"t":"idOrVar","v":"amount"}," នៃ​ទិន្នន័យ​ដែល​បាន​ប្រើ​ក្នុង​ខែ​នេះ"]},{"$i":"data-usage-other-apps","$v":"ផ្សេងទៀត"},{"$i":"data-usage-browser-app","$v":"Browser"},{"$i":"limit-layer-MB","ariaLabel":["Limit of ",{"t":"idOrVar","v":"value"}," MB"]},{"$i":"limit-layer-GB","ariaLabel":["Limit of ",{"t":"idOrVar","v":"value"}," GB"]},{"$i":"warning-layer","ariaLabel":[{"t":"idOrVar","v":"value"}," left"]},{"$i":"limit-exceeded-layer","ariaLabel":["Exceeded by ",{"t":"idOrVar","v":"value"}]},{"$i":"today-layer","ariaLabel":["Today is ",{"t":"idOrVar","v":"today"}]},{"$i":"axis-layer","ariaLabel":["From ",{"t":"idOrVar","v":"from"}," to ",{"t":"idOrVar","v":"to"}]},{"$i":"weekday-0-long","$v":"អាទិត្យ"},{"$i":"weekday-1-long","$v":"ច័ន្ទ"},{"$i":"weekday-2-long","$v":"អង្គារ"},{"$i":"weekday-3-long","$v":"ពុធ"},{"$i":"weekday-4-long","$v":"ព្រហស្បតិ៍"},{"$i":"weekday-5-long","$v":"សុក្រ"},{"$i":"weekday-6-long","$v":"សៅរ៍"},{"$i":"weekday-0-short","$v":"អាទិត្យ"},{"$i":"weekday-1-short","$v":"ច័ន្ទ"},{"$i":"weekday-2-short","$v":"អង្គារ"},{"$i":"weekday-3-short","$v":"ពុធ"},{"$i":"weekday-4-short","$v":"ព្រហស្បតិ៍"},{"$i":"weekday-5-short","$v":"សុក្រ"},{"$i":"weekday-6-short","$v":"សៅរ៍"},{"$i":"month-0-long","$v":"មករា"},{"$i":"month-1-long","$v":"កុម្ភៈ"},{"$i":"month-2-long","$v":"មីនា"},{"$i":"month-3-long","$v":"មេសា"},{"$i":"month-4-long","$v":"ឧសភា"},{"$i":"month-5-long","$v":"មិថុនា"},{"$i":"month-6-long","$v":"កក្កដា"},{"$i":"month-7-long","$v":"សីហា"},{"$i":"month-8-long","$v":"កញ្ញា"},{"$i":"month-9-long","$v":"តុលា"},{"$i":"month-10-long","$v":"វិច្ឆិកា"},{"$i":"month-11-long","$v":"ធ្នូ"},{"$i":"month-0-genitive","$v":"មករា"},{"$i":"month-1-genitive","$v":"កុម្ភៈ"},{"$i":"month-2-genitive","$v":"មីនា"},{"$i":"month-3-genitive","$v":"មេសា"},{"$i":"month-4-genitive","$v":"ឧសភា"},{"$i":"month-5-genitive","$v":"មិថុនា"},{"$i":"month-6-genitive","$v":"កក្កដា"},{"$i":"month-7-genitive","$v":"សីហា"},{"$i":"month-8-genitive","$v":"កញ្ញា"},{"$i":"month-9-genitive","$v":"តុលា"},{"$i":"month-10-genitive","$v":"វិច្ឆិកា"},{"$i":"month-11-genitive","$v":"ធ្នូ"},{"$i":"month-0-short","$v":"មករា"},{"$i":"month-1-short","$v":"កុម្ភៈ"},{"$i":"month-2-short","$v":"មីនា"},{"$i":"month-3-short","$v":"មេសា"},{"$i":"month-4-short","$v":"ឧសភា"},{"$i":"month-5-short","$v":"មិថុនា"},{"$i":"month-6-short","$v":"កក្កដា"},{"$i":"month-7-short","$v":"សីហា"},{"$i":"month-8-short","$v":"កញ្ញា"},{"$i":"month-9-short","$v":"តុលា"},{"$i":"month-10-short","$v":"វិច្ឆិកា"},{"$i":"month-11-short","$v":"ធ្នូ"},{"$i":"minutes-ago-long","$v":{"zero":"អម្បាញ់មិញនេះ","one":"មួយ​នាទី​មុន","two":[{"t":"idOrVar","v":"value"}," នាទី​មុន"],"few":[{"t":"idOrVar","v":"value"}," នាទី​មុន"],"many":[{"t":"idOrVar","v":"value"}," នាទី​មុន"],"other":[{"t":"idOrVar","v":"value"}," នាទី​មុន"]},"$x":[{"t":"idOrVar","v":"plural"},"value"]},{"$i":"hours-ago-long","$v":{"zero":"អម្បាញ់មិញនេះ","one":"មួយ​ម៉ោង​មុន","two":[{"t":"idOrVar","v":"value"}," ម៉ោង​មុន"],"few":[{"t":"idOrVar","v":"value"}," ម៉ោង​មុន"],"many":[{"t":"idOrVar","v":"value"}," ម៉ោង​មុន"],"other":[{"t":"idOrVar","v":"value"}," ម៉ោង​មុន"]},"$x":[{"t":"idOrVar","v":"plural"},"value"]},{"$i":"days-ago-long","$v":{"zero":"ថ្ងៃ​នេះ","one":"ម្សិលមិញ","two":[{"t":"idOrVar","v":"value"}," ថ្ងៃ​មុន"],"few":[{"t":"idOrVar","v":"value"}," ថ្ងៃ​មុន"],"many":[{"t":"idOrVar","v":"value"}," ថ្ងៃ​មុន"],"other":[{"t":"idOrVar","v":"value"}," ថ្ងៃ​មុន"]},"$x":[{"t":"idOrVar","v":"plural"},"value"]},{"$i":"weeks-ago-long","$v":{"zero":"សប្ដាហ៍​នេះ","one":"សប្ដាហ៍​មុន","two":[{"t":"idOrVar","v":"value"}," សប្ដាហ៍​មុន"],"few":[{"t":"idOrVar","v":"value"}," សប្ដាហ៍​មុន"],"many":[{"t":"idOrVar","v":"value"}," សប្ដាហ៍​មុន"],"other":[{"t":"idOrVar","v":"value"}," សប្ដាហ៍​មុន"]},"$x":[{"t":"idOrVar","v":"plural"},"value"]},{"$i":"months-ago-long","$v":{"zero":"ខែ​នេះ","one":"ខែ​មុន","two":[{"t":"idOrVar","v":"value"}," ខែ​មុន"],"few":[{"t":"idOrVar","v":"value"}," ខែ​មុន"],"many":[{"t":"idOrVar","v":"value"}," ខែ​មុន"],"other":[{"t":"idOrVar","v":"value"}," ខែ​មុន"]},"$x":[{"t":"idOrVar","v":"plural"},"value"]},{"$i":"years-ago-long","$v":{"zero":"ឆ្នាំនេះ","one":"ឆ្នាំ​មុន","two":[{"t":"idOrVar","v":"value"}," ឆ្នាំ​មុន"],"few":[{"t":"idOrVar","v":"value"}," ឆ្នាំ​មុន"],"many":[{"t":"idOrVar","v":"value"}," ឆ្នាំ​មុន"],"other":[{"t":"idOrVar","v":"value"}," ឆ្នាំ​មុន"]},"$x":[{"t":"idOrVar","v":"plural"},"value"]},{"$i":"minutes-until-long","$v":{"zero":"ឥឡូវ","one":"ក្នុង​ពេល​មួយ​នាទី","two":["ក្នុង​ពេល ",{"t":"idOrVar","v":"value"}," នាទី"],"few":["ក្នុង​ពេល ",{"t":"idOrVar","v":"value"}," នាទី"],"many":["ក្នុង​ពេល​ ",{"t":"idOrVar","v":"value"}," នាទី​"],"other":["ក្នុង​ពេល ",{"t":"idOrVar","v":"value"}," នាទី"]},"$x":[{"t":"idOrVar","v":"plural"},"value"]},{"$i":"hours-until-long","$v":{"zero":"ឥឡូវ","one":"ក្នុង​រយៈពេល​១​ម៉ោង","two":["ក្នុង​ពេល​​ ",{"t":"idOrVar","v":"value"}," ម៉ោង"],"few":["ក្នុង​ពេល​​ ",{"t":"idOrVar","v":"value"}," ម៉ោង"],"many":["ក្នុង​ពេល​​ ",{"t":"idOrVar","v":"value"}," ម៉ោង"],"other":["ក្នុង​ពេល​​ ",{"t":"idOrVar","v":"value"}," ម៉ោង"]},"$x":[{"t":"idOrVar","v":"plural"},"value"]},{"$i":"days-until-long","$v":{"zero":"ថ្ងៃ​នេះ","one":"ថ្ងៃស្អែក","two":["ក្នុង​ពេល​​ ",{"t":"idOrVar","v":"value"}," ថ្ងៃ"],"few":["ក្នុង​ពេល​​ ",{"t":"idOrVar","v":"value"}," ថ្ងៃ"],"many":["ក្នុង​ពេល​​ ",{"t":"idOrVar","v":"value"}," ថ្ងៃ"],"other":["ក្នុង​ពេល​​ ",{"t":"idOrVar","v":"value"}," ថ្ងៃ"]},"$x":[{"t":"idOrVar","v":"plural"},"value"]},{"$i":"weeks-until-long","$v":{"zero":"សប្ដាហ៍​នេះ","one":"សប្ដាហ៍​ក្រោយ","two":["ក្នុង​ពេល ",{"t":"idOrVar","v":"value"}," សប្ដាហ៍"],"few":["ក្នុង​ពេល ",{"t":"idOrVar","v":"value"}," សប្ដាហ៍"],"many":["ក្នុង​ពេល ",{"t":"idOrVar","v":"value"}," សប្ដាហ៍"],"other":["ក្នុង​ពេល ",{"t":"idOrVar","v":"value"}," សប្ដាហ៍"]},"$x":[{"t":"idOrVar","v":"plural"},"value"]},{"$i":"months-until-long","$v":{"zero":"ខែ​នេះ","one":"ខែ​ក្រោយ","two":["ក្នុង​ពេល ",{"t":"idOrVar","v":"value"}," ខែ"],"few":["ក្នុង​ពេល ",{"t":"idOrVar","v":"value"}," ខែ"],"many":["ក្នុង​ពេល ",{"t":"idOrVar","v":"value"}," ខែ"],"other":["ក្នុង​ពេល ",{"t":"idOrVar","v":"value"}," ខែ"]},"$x":[{"t":"idOrVar","v":"plural"},"value"]},{"$i":"years-until-long","$v":{"zero":"ឆ្នាំនេះ","one":"ឆ្នាំ​ក្រោយ","two":["ក្នុង​ពេល ",{"t":"idOrVar","v":"value"}," ឆ្នាំ"],"few":["ក្នុង​ពេល ",{"t":"idOrVar","v":"value"}," ឆ្នាំ"],"many":["ក្នុង​ពេល ",{"t":"idOrVar","v":"value"}," ឆ្នាំ"],"other":["ក្នុង​ពេល ",{"t":"idOrVar","v":"value"}," ឆ្នាំ"]},"$x":[{"t":"idOrVar","v":"plural"},"value"]},{"$i":"minutes-ago-short","$v":{"zero":"អម្បាញ់មិញនេះ","other":[{"t":"idOrVar","v":"value"},"នាទី​មុន"]},"$x":[{"t":"idOrVar","v":"plural"},"value"]},{"$i":"hours-ago-short","$v":{"zero":"អម្បាញ់មិញនេះ","other":[{"t":"idOrVar","v":"value"},"ម៉ោង​មុន"]},"$x":[{"t":"idOrVar","v":"plural"},"value"]},{"$i":"days-ago-short","$v":{"zero":"ថ្ងៃ​នេះ","other":[{"t":"idOrVar","v":"value"},"ថ្ងៃ​មុន"]},"$x":[{"t":"idOrVar","v":"plural"},"value"]},{"$i":"minutes-until-short","$v":{"zero":"ឥឡូវ","other":["ក្នុង​ពេល ",{"t":"idOrVar","v":"value"},"នាទី"]},"$x":[{"t":"idOrVar","v":"plural"},"value"]},{"$i":"hours-until-short","$v":{"zero":"ឥឡូវ","other":["ក្នុង​ពេល ",{"t":"idOrVar","v":"value"},"ម៉ោង"]},"$x":[{"t":"idOrVar","v":"plural"},"value"]},{"$i":"days-until-short","$v":{"zero":"ថ្ងៃ​នេះ","other":["ក្នុង​ពេល ",{"t":"idOrVar","v":"value"},"ថ្ងៃ"]},"$x":[{"t":"idOrVar","v":"plural"},"value"]},{"$i":"incorrectDate","$v":"(កាលបរិច្ឆេទ​មិន​ត្រឹមត្រូវ)"},{"$i":"dateTimeFormat_%c","$v":"%a %b %e %Y %I:%M:%S %p"},{"$i":"dateTimeFormat_%x","$v":"%m/%d/%Y"},{"$i":"dateTimeFormat_%X","$v":"%I:%M:%S %p"},{"$i":"shortTimeFormat","$v":"%I:%M %p"},{"$i":"shortTimeFormat12","$v":"%I:%M %p"},{"$i":"shortTimeFormat24","$v":"%H:%M"},{"$i":"shortDateTimeFormat","$v":"%x %I:%M %p"},{"$i":"weekStartsOnMonday","$v":"0"},{"$i":"firstDayOfTheWeek","$v":"0"},{"$i":"time_am","$v":"ព្រឹក"},{"$i":"time_pm","$v":"PM"}]