[{"$i":"topup-confirmation-title2","$v":"사용량"},{"$i":"topup-confirmation-message","$v":"충전 확인됨"},{"$i":"topup-incorrectcode-title2","$v":"사용량"},{"$i":"topup-incorrectcode-message3","$v":"올바르지 않은 코드입니다."},{"$i":"updating","$v":"업데이트 중"},{"$i":"updating-ellipsis","$v":"업데이트 중…"},{"$i":"yesterday","$v":"어제"},{"$i":"today","$v":"오늘"},{"$i":"never","$v":"설정 안함"},{"$i":"magnitude","$v":[{"t":"idOrVar","v":"value"}," ",{"t":"idOrVar","v":"unit"}]},{"$i":"currency","$v":[{"t":"idOrVar","v":"currency"},{"t":"idOrVar","v":"value"}]},{"$i":"widget","$v":"사용량 위젯"},{"$i":"widget-authed-sim-heading","$v":["새 ",{"t":"idOrVar","v":"provider"}," SIM 넣음"]},{"$i":"widget-authed-sim-meta","$v":"여기를 눌러 전화와 인터넷 사용량을 추적합니다."},{"$i":"widget-nonauthed-sim-heading","$v":"새 SIM 넣음"},{"$i":"widget-nonauthed-sim-meta","$v":"여기를 눌러 인터넷 사용량을 추적합니다."},{"$i":"widget-airplane-mode-heading","$v":"비행 모드"},{"$i":"widget-airplane-mode-meta","$v":"사용하려면 비행 모드를 꺼 주세요."},{"$i":"widget-no-sim2-heading","$v":"SIM 없음"},{"$i":"widget-no-sim2-meta","$v":"사용량을 보려면 SIM을 넣으십시오"},{"$i":"widget-sim-locked-heading","$v":"SIM카드 잠김"},{"$i":"widget-sim-locked-meta","$v":"사용량을 보려면 SIM을 잠금해제 하십시오."},{"$i":"widget-unknown-heading","$v":"Error"},{"$i":"widget-unknown-meta","$v":"Please, make sure airplane mode is off."},{"$i":"fte","$v":"사용량 추적"},{"$i":"fte-authed-sim","$v":"전화와 인터넷 사용량을 추적해서 요금을 절약합니다."},{"$i":"fte-nonauthed-sim","$v":"인터넷 사용량을 추적해서 요금을 절약합니다."},{"$i":"fte-no-sim","$v":"인터넷을 얼마나 사용하는지 살펴 봅니다."},{"$i":"fte-sim-info2","$v":"현재 사용량 정보는 기기에서 측정된 것입니다. 보다 자세한 계정 정보는 모바일 서비스 제공사에 문의해 보십시오."},{"$i":"fte-plantype-title","$v":"요금제 종류"},{"$i":"fte-plantype-hint","$v":"통신사에서 제공하는 요금제를 선택하십시오."},{"$i":"fte-prepaid2-title","$v":"잔액 부족 알림 "},{"$i":"fte-prepaid2-hint","$v":"잔액 부족을 막기 위해 알림을 설정하십시오."},{"$i":"fte-prepaid3-title","$v":"데이터 사용량 보고와 알림"},{"$i":"fte-prepaid3-hint","$v":"인터넷 사용량을 보고받고 너무 많이 사용하지 않도록 알림을 설정하십시오."},{"$i":"fte-postpaid2-title","$v":"전화와 데이터 보고"},{"$i":"fte-postpaid2-hint","$v":"전화와 인터넷 사용량에 대해 보고를 받으시오."},{"$i":"fte-postpaid3-title","$v":"데이터 알림"},{"$i":"fte-postpaid3-hint","$v":"데이터를 너무 많이 사용하지 않도록 알림을 설정하십시오."},{"$i":"fte-onlydata2-title","$v":"데이터 보고"},{"$i":"fte-onlydata2-hint","$v":"인터넷 사용량에 대해 보고를 받으십시오."},{"$i":"fte-onlydata3-title","$v":"데이터 알림"},{"$i":"fte-onlydata3-hint","$v":"데이터를 너무 많이 사용하지 않도록 알림을 설정하십시오."},{"$i":"phone-activity","$v":"전화 사용"},{"$i":"balance","$v":"잔액"},{"$i":"on-roaming-message2","$v":"로밍: 잔액 업데이트를 자동으로 하지 않습니다. 업데이트를 수동으로 진행할 경우 요금이 추가로 부과될 수 있습니다."},{"$i":"balance-error-message2","$v":"잔액을 업데이트하는 중 오류가 발생했습니다. 직접 다시 시도해 보십시오."},{"$i":"airplane-mode-error-message2","$v":"잔액 업데이트와 충전을 위해서 비행기 모드를 꺼 주십시오."},{"$i":"disable-airplane-mode","$v":"비행기 모드를 꺼서 업데이트하거나 충전하시겠습니까?"},{"$i":"no-coverage-error-message2","$v":"잔액 업데이트와 충전을 하기 위해서 수신지역으로 이동해 주십시오."},{"$i":"top-up","$v":"충전"},{"$i":"enter-top-up-code","$v":"충전 코드 입력"},{"$i":"top-up-code-explanation2","$v":"스크래치 카드나 영수증에서 충전 코드를 찾을 수 있습니다."},{"$i":"wait-for-confirmation","$v":"확인 메시지를 받을 것입니다"},{"$i":"incorrect-code2","$v":"코드가 올바르지 않습니다. 다시 시도해 주십시오."},{"$i":"topup-error2","$v":"코드를 보내는데 문제가 있습니다. 다시 시도해 주십시오."},{"$i":"application-error-title","$v":"서비스 이용 불가"},{"$i":"application-error-message","$v":"서비스를 제공하는 회사의 고객센터에 연락해 보십시오."},{"$i":"service-unavailable-title","$v":"서비스 이용 불가"},{"$i":"service-unavailable-message","$v":"업데이트나 충전을 일시적으로 할 수 없습니다. 잠시 후 다시 시도해주십시오."},{"$i":"data-usage","$v":"데이터 사용량"},{"$i":"update-button","$v":"새로 고침"},{"$i":"topup-button2","$v":"코드로 충전"},{"$i":"topup-ussd-button2","$v":"충전 메뉴 열기"},{"$i":"ok","$v":"확인"},{"$i":"top-up-in-progress2","$v":"충전중입니다."},{"$i":"top-up-timed-out2","$v":"충전이 완료되었습니다. 잔액이 변하지 않았다면 다시 한번 충전 해 보십시오."},{"$i":"on-topup-not-confirmed-title","$v":"충전이 확인되지 않았습니다."},{"$i":"on-topup-not-confirmed-message","$v":"잔액을 업데이트한 후 다시 충전해보십시오."},{"$i":"send","$v":"보내기"},{"$i":"plantype-setup-title","$v":"이 전화의 인터넷 요금제:"},{"$i":"prepaid","$v":"선불"},{"$i":"postpaid","$v":"후불"},{"$i":"phoneactivity","$v":"전화 사용"},{"$i":"short-date-format","$v":"%b %d일"},{"$i":"long-date-format","$v":"%B %d, %Y"},{"$i":"sms-sent","$v":"보낸 SMS"},{"$i":"call-made","$v":"전화 걸기"},{"$i":"settings","$v":"설정"},{"$i":"low-balance-alert","$v":"잔액 부족 알림"},{"$i":"low-balance-explanation2","$v":"잔액이 부족할 경우"},{"$i":"phone-and-internet-data-report","$v":"전화와 인터넷 데이터 보고"},{"$i":"internet-data-report","$v":"인터넷 데이타 보고서"},{"$i":"starting-on","$v":"시작"},{"$i":"cancel","$v":"취소"},{"$i":"monthly","$v":"월별"},{"$i":"weekly","$v":"주별"},{"$i":"monday","$v":"월요일"},{"$i":"tuesday","$v":"화요일"},{"$i":"wednesday","$v":"수요일"},{"$i":"thursday","$v":"목요일"},{"$i":"friday","$v":"금요일"},{"$i":"saturday","$v":"토요일"},{"$i":"sunday","$v":"일요일"},{"$i":"billing-cycle-ends","$v":"결제 주기 완료"},{"$i":"tracking-will-reset","$v":"해당 날짜에 추적 정보가 재설정됩니다."},{"$i":"yes","$v":"예"},{"$i":"done","$v":"완료"},{"$i":"confirmation","$v":"확인"},{"$i":"reset-wifi-confirmation-warning","$v":["Your current Wi-Fi data usage is ",{"t":"idOrVar","v":"wifiData"},". Clear it all?"]},{"$i":"reset-mobile-confirmation-warning","$v":["Your current mobile data usage is ",{"t":"idOrVar","v":"mobileData"},". Clear it all?"]},{"$i":"reset-all-confirmation-warning","$v":["Your current data usages are ",{"t":"idOrVar","v":"mobileData"}," on mobile, ",{"t":"idOrVar","v":"wifiData"}," on Wi-Fi. Clear it all?"]},{"$i":"reset-telephony-confirmation-warning","$v":"All current data will be deleted. Are you sure you want to reset?"},{"$i":"reset","$v":"재설정"},{"$i":"reset-wifi","$v":"Wi-Fi 사용량 재설정"},{"$i":"reset-mobile","$v":"모바일 사용량 재설정"},{"$i":"reset-all","$v":"Reset mobile & Wi-Fi data"},{"$i":"not-set","$v":"설정 안됨"},{"$i":"used","$v":"사용량"},{"$i":"limit-passed","$v":"제한 한도 초과"},{"$i":"limit","$v":"제한량"},{"$i":"data-limit-header","$v":"데이터 사용 제한"},{"$i":"data-limit-alert","$v":"데이터 사용 알림"},{"$i":"data-limit-value2","$v":"데이터 사용시 알림"},{"$i":"data-limit-dialog-title2","$v":"모바일 데이터 이용 제한량 입력"},{"$i":"data-limit-dialog-explanation2","$v":"제한량에 도달하면 알림과 함께 연결 속도를 내립니다. 올바른 알림 등급이 설정되어 있는지 데이터 제공자에 확인해 보십시오."},{"$i":"data-limit-input-label","ariaLabel":"Data limit"},{"$i":"wifi-usage","$v":"Wi-Fi 사용량"},{"$i":"mobile-usage","$v":"모바일 사용량"},{"$i":"wifi-usage-settings","$v":"Wi-Fi 사용량"},{"$i":"mobile-usage-settings","$v":"모바일 사용량"},{"$i":"im-prepaid","$v":"선불"},{"$i":"im-postpaid","$v":"선불"},{"$i":"reset-data-usage","$v":"데이터 사용량 초기화"},{"$i":"reset-report","$v":"보고 재설정"},{"$i":"next","$v":"다음"},{"$i":"back","$v":"뒤로"},{"$i":"lets-go","$v":"시작!"},{"$i":"alert","$v":"알림"},{"$i":"alert-limit","$v":"제한 알림"},{"$i":"fte-welcome-title","$v":"환영합니다"},{"$i":"data-limit-notification-title2","$v":[{"t":"idOrVar","v":"limit"}," 데이터 사용"]},{"$i":"data-limit-notification-text2","$v":"설정된 데이터 제한에 도달함"},{"$i":"low-balance-notification-title","$v":"잔액이 얼마 없음"},{"$i":"low-balance-notification-text","$v":["잔액이 ",{"t":"idOrVar","v":"remaining"}," 남음"]},{"$i":"zero-balance-message","$v":"잔액이 없습니다. 전화에 충전할 금액이 남아있지 않습니다."},{"$i":"not-available","$v":"사용할 수 없음"},{"$i":"usage","$v":"사용량"},{"$i":"internet","$v":"인터넷"},{"$i":"phone","$v":"전화"},{"$i":"loading-interface-data","$v":"데이터 인터페이스 가져오는 중. 잠시 후 재시도하십시오."},{"$i":"data-limit","$v":["데이타 제한 (",{"t":"idOrVar","v":"value"},")"]},{"$i":"data-available2","$v":{"zero":[{"t":"idOrVar","v":"value"}," ",{"t":"idOrVar","v":"unit"}," 남았음"],"one":[{"t":"idOrVar","v":"value"}," ",{"t":"idOrVar","v":"unit"}," 남았음"],"two":[{"t":"idOrVar","v":"value"}," ",{"t":"idOrVar","v":"unit"}," 남았음"],"few":[{"t":"idOrVar","v":"value"}," ",{"t":"idOrVar","v":"unit"}," 남았음"],"many":[{"t":"idOrVar","v":"value"}," ",{"t":"idOrVar","v":"unit"}," 남았음"],"other":[{"t":"idOrVar","v":"value"}," ",{"t":"idOrVar","v":"unit"}," 남았음"]},"$x":[{"t":"idOrVar","v":"plural"},"value"]},{"$i":"over-limit","$v":{"one":[{"t":"idOrVar","v":"value"}," ",{"t":"idOrVar","v":"unit"}," 초과됨"],"two":[{"t":"idOrVar","v":"value"}," ",{"t":"idOrVar","v":"unit"}," 초과됨"],"few":[{"t":"idOrVar","v":"value"}," ",{"t":"idOrVar","v":"unit"}," 초과됨"],"many":[{"t":"idOrVar","v":"value"}," ",{"t":"idOrVar","v":"unit"}," 초과됨"],"other":[{"t":"idOrVar","v":"value"}," ",{"t":"idOrVar","v":"unit"}," 초과됨"]},"$x":[{"t":"idOrVar","v":"plural"},"value"]},{"$i":"verbose-chart-date-format","$v":[{"t":"idOrVar","v":"em-month"}," ",{"t":"idOrVar","v":"monthday-number"}]},{"$i":"day-hour-format","$v":[{"t":"idOrVar","v":"day"},", ",{"t":"idOrVar","v":"time"}]},{"$i":"B","$v":"B"},{"$i":"KB","$v":"KB"},{"$i":"MB","$v":"MB"},{"$i":"GB","$v":"GB"},{"$i":"unit-MB","ariaLabel":"MB"},{"$i":"unit-GB","ariaLabel":"GB"},{"$i":"app-usage-list-header","$v":"Mobile usage per app"},{"$i":"app-usage-no-data","$v":"아직 사용한 모바일 데이타가 없습니다. 사용량이 있으면 각 애플리케이션의 사용량이 나타납니다."},{"$i":"data-used-since","$v":[{"t":"idOrVar","v":"amount"}," of data used since ",{"t":"idOrVar","v":"start-date"}]},{"$i":"data-used-this-week","$v":[{"t":"idOrVar","v":"amount"}," of data used this week"]},{"$i":"data-used-this-month","$v":[{"t":"idOrVar","v":"amount"}," of data used this month"]},{"$i":"data-usage-other-apps","$v":"Others"},{"$i":"data-usage-browser-app","$v":"Browser"},{"$i":"limit-layer-MB","ariaLabel":["Limit of ",{"t":"idOrVar","v":"value"}," MB"]},{"$i":"limit-layer-GB","ariaLabel":["Limit of ",{"t":"idOrVar","v":"value"}," GB"]},{"$i":"warning-layer","ariaLabel":[{"t":"idOrVar","v":"value"}," left"]},{"$i":"limit-exceeded-layer","ariaLabel":["Exceeded by ",{"t":"idOrVar","v":"value"}]},{"$i":"today-layer","ariaLabel":["Today is ",{"t":"idOrVar","v":"today"}]},{"$i":"axis-layer","ariaLabel":["From ",{"t":"idOrVar","v":"from"}," to ",{"t":"idOrVar","v":"to"}]},{"$i":"weekday-0-long","$v":"일요일"},{"$i":"weekday-1-long","$v":"월요일"},{"$i":"weekday-2-long","$v":"화요일"},{"$i":"weekday-3-long","$v":"수요일"},{"$i":"weekday-4-long","$v":"목요일"},{"$i":"weekday-5-long","$v":"금요일"},{"$i":"weekday-6-long","$v":"토요일"},{"$i":"weekday-0-short","$v":"일"},{"$i":"weekday-1-short","$v":"월"},{"$i":"weekday-2-short","$v":"화"},{"$i":"weekday-3-short","$v":"수"},{"$i":"weekday-4-short","$v":"목"},{"$i":"weekday-5-short","$v":"금"},{"$i":"weekday-6-short","$v":"토"},{"$i":"month-0-long","$v":"1월"},{"$i":"month-1-long","$v":"2월"},{"$i":"month-2-long","$v":"3월"},{"$i":"month-3-long","$v":"4월"},{"$i":"month-4-long","$v":"5월"},{"$i":"month-5-long","$v":"6월"},{"$i":"month-6-long","$v":"7월"},{"$i":"month-7-long","$v":"8월"},{"$i":"month-8-long","$v":"9월"},{"$i":"month-9-long","$v":"10월"},{"$i":"month-10-long","$v":"11월"},{"$i":"month-11-long","$v":"12월"},{"$i":"month-0-genitive","$v":"1월"},{"$i":"month-1-genitive","$v":"2월"},{"$i":"month-2-genitive","$v":"3월"},{"$i":"month-3-genitive","$v":"4월"},{"$i":"month-4-genitive","$v":"5월"},{"$i":"month-5-genitive","$v":"6월"},{"$i":"month-6-genitive","$v":"7월"},{"$i":"month-7-genitive","$v":"8월"},{"$i":"month-8-genitive","$v":"9월"},{"$i":"month-9-genitive","$v":"10월"},{"$i":"month-10-genitive","$v":"11월"},{"$i":"month-11-genitive","$v":"12월"},{"$i":"month-0-short","$v":"1월"},{"$i":"month-1-short","$v":"2월"},{"$i":"month-2-short","$v":"3월"},{"$i":"month-3-short","$v":"4월"},{"$i":"month-4-short","$v":"5월"},{"$i":"month-5-short","$v":"6월"},{"$i":"month-6-short","$v":"7월"},{"$i":"month-7-short","$v":"8월"},{"$i":"month-8-short","$v":"9월"},{"$i":"month-9-short","$v":"10월"},{"$i":"month-10-short","$v":"11월"},{"$i":"month-11-short","$v":"12월"},{"$i":"minutes-ago-long","$v":{"zero":"지금","one":"1분 전","two":[{"t":"idOrVar","v":"value"},"분 전"],"few":[{"t":"idOrVar","v":"value"},"분 전"],"many":[{"t":"idOrVar","v":"value"},"분 전"],"other":[{"t":"idOrVar","v":"value"},"분 전"]},"$x":[{"t":"idOrVar","v":"plural"},"value"]},{"$i":"hours-ago-long","$v":{"zero":"지금","one":"1시간 전","two":[{"t":"idOrVar","v":"value"},"시간 전"],"few":[{"t":"idOrVar","v":"value"},"시간 전"],"many":[{"t":"idOrVar","v":"value"},"시간 전"],"other":[{"t":"idOrVar","v":"value"},"시간 전"]},"$x":[{"t":"idOrVar","v":"plural"},"value"]},{"$i":"days-ago-long","$v":{"zero":"오늘","one":"어제","two":[{"t":"idOrVar","v":"value"},"일 전"],"few":[{"t":"idOrVar","v":"value"},"일 전"],"many":[{"t":"idOrVar","v":"value"},"일 전"],"other":[{"t":"idOrVar","v":"value"},"일 전"]},"$x":[{"t":"idOrVar","v":"plural"},"value"]},{"$i":"weeks-ago-long","$v":{"zero":"이번 주","one":"지난 주","two":[{"t":"idOrVar","v":"value"},"주 전"],"few":[{"t":"idOrVar","v":"value"},"주 전"],"many":[{"t":"idOrVar","v":"value"},"주 전"],"other":[{"t":"idOrVar","v":"value"},"주 전"]},"$x":[{"t":"idOrVar","v":"plural"},"value"]},{"$i":"months-ago-long","$v":{"zero":"이번 달","one":"지난 달","two":[{"t":"idOrVar","v":"value"},"개월 전"],"few":[{"t":"idOrVar","v":"value"},"개월 전"],"many":[{"t":"idOrVar","v":"value"},"개월 전"],"other":[{"t":"idOrVar","v":"value"},"개월 전"]},"$x":[{"t":"idOrVar","v":"plural"},"value"]},{"$i":"years-ago-long","$v":{"zero":"올해","one":"작년","two":[{"t":"idOrVar","v":"value"},"년 전"],"few":[{"t":"idOrVar","v":"value"},"년 전"],"many":[{"t":"idOrVar","v":"value"},"년 전"],"other":[{"t":"idOrVar","v":"value"},"년 전"]},"$x":[{"t":"idOrVar","v":"plural"},"value"]},{"$i":"minutes-until-long","$v":{"zero":"지금","one":"1분 후","two":[{"t":"idOrVar","v":"value"},"분 후"],"few":[{"t":"idOrVar","v":"value"},"분 후"],"many":[{"t":"idOrVar","v":"value"},"분 후"],"other":[{"t":"idOrVar","v":"value"},"분 후"]},"$x":[{"t":"idOrVar","v":"plural"},"value"]},{"$i":"hours-until-long","$v":{"zero":"지금","one":"한 시간 후","two":[{"t":"idOrVar","v":"value"},"시간 후"],"few":[{"t":"idOrVar","v":"value"},"시간 후"],"many":[{"t":"idOrVar","v":"value"},"시간 후"],"other":[{"t":"idOrVar","v":"value"},"시간 후"]},"$x":[{"t":"idOrVar","v":"plural"},"value"]},{"$i":"days-until-long","$v":{"zero":"오늘","one":"내일","two":[{"t":"idOrVar","v":"value"},"일 후"],"few":[{"t":"idOrVar","v":"value"},"일 후"],"many":[{"t":"idOrVar","v":"value"},"일 후"],"other":[{"t":"idOrVar","v":"value"},"일 후"]},"$x":[{"t":"idOrVar","v":"plural"},"value"]},{"$i":"weeks-until-long","$v":{"zero":"이번 주","one":"다음 주","two":[{"t":"idOrVar","v":"value"},"주 후"],"few":[{"t":"idOrVar","v":"value"},"주 후"],"many":[{"t":"idOrVar","v":"value"},"주 후"],"other":[{"t":"idOrVar","v":"value"},"주 후"]},"$x":[{"t":"idOrVar","v":"plural"},"value"]},{"$i":"months-until-long","$v":{"zero":"이번 달","one":"다음 달","two":[{"t":"idOrVar","v":"value"},"개월 후"],"few":[{"t":"idOrVar","v":"value"},"개월 후"],"many":[{"t":"idOrVar","v":"value"},"개월 후"],"other":[{"t":"idOrVar","v":"value"},"개월 후"]},"$x":[{"t":"idOrVar","v":"plural"},"value"]},{"$i":"years-until-long","$v":{"zero":"올해","one":"내년","two":[{"t":"idOrVar","v":"value"},"년 후"],"few":[{"t":"idOrVar","v":"value"},"년 후"],"many":[{"t":"idOrVar","v":"value"},"년 후"],"other":[{"t":"idOrVar","v":"value"},"년 후"]},"$x":[{"t":"idOrVar","v":"plural"},"value"]},{"$i":"minutes-ago-short","$v":{"zero":"지금","other":[{"t":"idOrVar","v":"value"},"분 전"]},"$x":[{"t":"idOrVar","v":"plural"},"value"]},{"$i":"hours-ago-short","$v":{"zero":"지금","other":[{"t":"idOrVar","v":"value"},"시간 전"]},"$x":[{"t":"idOrVar","v":"plural"},"value"]},{"$i":"days-ago-short","$v":{"zero":"오늘","other":[{"t":"idOrVar","v":"value"},"일 전"]},"$x":[{"t":"idOrVar","v":"plural"},"value"]},{"$i":"minutes-until-short","$v":{"zero":"지금","other":[{"t":"idOrVar","v":"value"},"분 후"]},"$x":[{"t":"idOrVar","v":"plural"},"value"]},{"$i":"hours-until-short","$v":{"zero":"지금","other":[{"t":"idOrVar","v":"value"},"시간 후"]},"$x":[{"t":"idOrVar","v":"plural"},"value"]},{"$i":"days-until-short","$v":{"zero":"오늘","other":[{"t":"idOrVar","v":"value"},"일 후"]},"$x":[{"t":"idOrVar","v":"plural"},"value"]},{"$i":"incorrectDate","$v":"(잘못된 날짜)"},{"$i":"dateTimeFormat_%c","$v":"%Y년 %B %e일 %a %I:%M:%S %p"},{"$i":"dateTimeFormat_%x","$v":"%Y/%m/%d"},{"$i":"dateTimeFormat_%X","$v":"%I:%M:%S %p"},{"$i":"shortTimeFormat","$v":"%I:%M %p"},{"$i":"shortTimeFormat12","$v":"%I:%M %p"},{"$i":"shortTimeFormat24","$v":"%H:%M"},{"$i":"shortDateTimeFormat","$v":"%x %I:%M %p"},{"$i":"weekStartsOnMonday","$v":"0"},{"$i":"firstDayOfTheWeek","$v":"0"},{"$i":"time_am","$v":"오전"},{"$i":"time_pm","$v":"오후"}]