[{"$i":"topup-confirmation-title2","$v":"Skaitikliai"},{"$i":"topup-confirmation-message","$v":"Papildymas patvirtintas"},{"$i":"topup-incorrectcode-title2","$v":"Skaitikliai"},{"$i":"topup-incorrectcode-message3","$v":"Įvestas neteisingas papildymo kodas."},{"$i":"updating","$v":"Atnaujinama"},{"$i":"updating-ellipsis","$v":"Atnaujinama…"},{"$i":"yesterday","$v":"Vakar"},{"$i":"today","$v":"Šiandien"},{"$i":"never","$v":"Niekada"},{"$i":"magnitude","$v":[{"t":"idOrVar","v":"value"}," ",{"t":"idOrVar","v":"unit"}]},{"$i":"currency","$v":[{"t":"idOrVar","v":"currency"}," ",{"t":"idOrVar","v":"value"}]},{"$i":"widget","$v":"Skaitikliai"},{"$i":"widget-authed-sim-heading","$v":["Įdėta nauja „",{"t":"idOrVar","v":"provider"},"“ SIM kortelė"]},{"$i":"widget-authed-sim-meta","$v":"Bakstelėkite naudojimui apskaityti."},{"$i":"widget-nonauthed-sim-heading","$v":"Įdėta nauja SIM kortelė"},{"$i":"widget-nonauthed-sim-meta","$v":"Bakstelėkite duomenims apskaityti."},{"$i":"widget-airplane-mode-heading","$v":"Skrydžio veiksena"},{"$i":"widget-airplane-mode-meta","$v":"Ją išjungę, galėsite apskaityti naudojimą."},{"$i":"widget-no-sim2-heading","$v":"Neįdėta SIM kortelė"},{"$i":"widget-no-sim2-meta","$v":"Įdėję, galėsite apskaityti naudojimą."},{"$i":"widget-sim-locked-heading","$v":"Užrakinta SIM kortelė"},{"$i":"widget-sim-locked-meta","$v":"Atrakinę, galėsite apskaityti naudojimą."},{"$i":"widget-unknown-heading","$v":"Error"},{"$i":"widget-unknown-meta","$v":"Please, make sure airplane mode is off."},{"$i":"fte","$v":"Skaitikliai – pirmoji paleistis"},{"$i":"fte-authed-sim","$v":"Sutaupykite, stebėdami savo pokalbių trukmę ir parsiunčiamų duomenų kiekį."},{"$i":"fte-nonauthed-sim","$v":"Sutaupykite, stebėdami savo parsiunčiamų duomenų kiekį."},{"$i":"fte-no-sim","$v":"Gaukite aiškią informaciją apie savo parsiunčiamų duomenų kiekį."},{"$i":"fte-sim-info2","$v":"Ši programa pateikia šio įrenginio sukauptą informaciją. Išsamesnės naudojimo statistikos teiraukitės savo mobiliojo ryšio operatoriaus."},{"$i":"fte-plantype-title","$v":"Sutarties tipas"},{"$i":"fte-plantype-hint","$v":"Pasirinkite savo mobiliojo ryšio sutarties tipą."},{"$i":"fte-prepaid2-title","$v":"Senkanti sąskaita"},{"$i":"fte-prepaid2-hint","$v":"Užsisakykite įspėjimą, kad išvengtumėte ištuštėjusios sąskaitos."},{"$i":"fte-prepaid3-title","$v":"Duomenų ataskaita"},{"$i":"fte-prepaid3-hint","$v":"Gaukite parsiunčiamų duomenų kiekio ataskaitą ir užsisakykite įspėjimą, kad neparsisiųstumėte per daug."},{"$i":"fte-postpaid2-title","$v":"Pok. ir duom. ataskaitos"},{"$i":"fte-postpaid2-hint","$v":"Gaukite ataskaitas apie prakalbėtą laiką ir parsiųstų duomenų kiekį."},{"$i":"fte-postpaid3-title","$v":"Duomenų kiekis"},{"$i":"fte-postpaid3-hint","$v":"Užsisakykite įspėjimą, kad neparsisiųstumėte per daug duomenų."},{"$i":"fte-onlydata2-title","$v":"Duomenų ataskaita"},{"$i":"fte-onlydata2-hint","$v":"Gaukite ataskaitas apie parsiųstų duomenų kiekį."},{"$i":"fte-onlydata3-title","$v":"Duomenų kiekis"},{"$i":"fte-onlydata3-hint","$v":"Užsisakykite įspėjimą, kad neparsisiųstumėte per daug duomenų."},{"$i":"phone-activity","$v":"Telefono aktyvumas"},{"$i":"balance","$v":"Balansas"},{"$i":"on-roaming-message2","$v":"Naudojamasi tarptinkliniu ryšiu, todėl balansas neatnaujinamas automatiškai. Už balanso atnaujinimo užklausas gali būti imamas papildomas mokestis."},{"$i":"balance-error-message2","$v":"Balanso nepavyko atnaujinti. Pabandykite jį atnaujinti rankiniu būdu."},{"$i":"airplane-mode-error-message2","$v":"Kad galėtumėte atnaujinti balansą ar papildyti sąskaitą, turite išjungti skrydžio veikseną."},{"$i":"disable-airplane-mode","$v":"Ar išjungti skrydžio veikseną, kad galėtumėte papildyti sąskaitą arba atnaujinti balansą?"},{"$i":"no-coverage-error-message2","$v":"Kad galėtumėte atnaujinti balansą ar papildyti sąskaitą, turite būti mobiliojo ryšio signalo zonoje."},{"$i":"top-up","$v":"Papildymas"},{"$i":"enter-top-up-code","$v":"Įveskite papildymo kodą"},{"$i":"top-up-code-explanation2","$v":"Jis paprastai randamas po nutrinamuoju kortelės sluoksniu arba čekyje."},{"$i":"wait-for-confirmation","$v":"Netrukus gausite patvirtinimo žinutę"},{"$i":"incorrect-code2","$v":"Įsitikinkite, jog kodas teisingas, ir bandykite vėl."},{"$i":"topup-error2","$v":"Išsiunčiant kodą, iškilo problema. Pabandykite dar kartą."},{"$i":"application-error-title","$v":"Paslauga negalima"},{"$i":"application-error-message","$v":"Susisiekite su savo mobiliojo ryšio operatoriaus atstovu"},{"$i":"service-unavailable-title","$v":"Paslauga negalima"},{"$i":"service-unavailable-message","$v":"Šiuo metu negalima nei atnaujinti balanso, nei papildyti sąskaitos. Pabandykite tai atlikti vėliau."},{"$i":"data-usage","$v":"Duomenų naudojimas"},{"$i":"update-button","$v":"Atnaujinti"},{"$i":"topup-button2","$v":"Naudoti papildymo kodą"},{"$i":"topup-ussd-button2","$v":"Atverti papildymo meniu"},{"$i":"ok","$v":"Gerai"},{"$i":"top-up-in-progress2","$v":"Jūsų papildymas apdorojamas."},{"$i":"top-up-timed-out2","$v":"Atnaujinkite balansą ir patikrinkite, ar papildymas sėkmingas. Jeigu balansas nepasikeitė, bandykite papildyti dar kartą."},{"$i":"on-topup-not-confirmed-title","$v":"Papildymas nepatvirtintas"},{"$i":"on-topup-not-confirmed-message","$v":"Bandykite tnaujinti savo balansą arba atlikti papildymą dar kartą."},{"$i":"send","$v":"siųsti"},{"$i":"plantype-setup-title","$v":"Mano telefono ir interneto planas yra"},{"$i":"prepaid","$v":"Išankstinio apmokėjimo"},{"$i":"postpaid","$v":"Apmokamas pagal sąskaitą"},{"$i":"phoneactivity","$v":"Telefono aktyvumas"},{"$i":"short-date-format","$v":"%b %e"},{"$i":"long-date-format","$v":"%B %d, %Y"},{"$i":"sms-sent","$v":"Išsiųstos SMS"},{"$i":"call-made","$v":"Atlikti skambučiai"},{"$i":"settings","$v":"Nuostatos"},{"$i":"low-balance-alert","$v":"Senkančios sąskaitos įspėjimas"},{"$i":"low-balance-explanation2","$v":"Kai balansas mažesnis negu"},{"$i":"phone-and-internet-data-report","$v":"Pokalbių ir duomenų kiekio ataskaita"},{"$i":"internet-data-report","$v":"Duomenų kiekio ataskaita"},{"$i":"starting-on","$v":"Periodo pradžia"},{"$i":"cancel","$v":"Atsisakyti"},{"$i":"monthly","$v":"Kas mėnesį"},{"$i":"weekly","$v":"Kas savaitę"},{"$i":"monday","$v":"Pirmadienis"},{"$i":"tuesday","$v":"Antradienis"},{"$i":"wednesday","$v":"Trečiadienis"},{"$i":"thursday","$v":"Ketvirtadienis"},{"$i":"friday","$v":"Penktadienis"},{"$i":"saturday","$v":"Šeštadienis"},{"$i":"sunday","$v":"Sekmadienis"},{"$i":"billing-cycle-ends","$v":"Sąskaitos periodas baigiasi"},{"$i":"tracking-will-reset","$v":"Šią dieną bus pradėta skaičiuoti iš naujo"},{"$i":"yes","$v":"Taip"},{"$i":"done","$v":"Baigta"},{"$i":"confirmation","$v":"Patvirtinkite"},{"$i":"reset-wifi-confirmation-warning","$v":["Your current Wi-Fi data usage is ",{"t":"idOrVar","v":"wifiData"},". Clear it all?"]},{"$i":"reset-mobile-confirmation-warning","$v":["Your current mobile data usage is ",{"t":"idOrVar","v":"mobileData"},". Clear it all?"]},{"$i":"reset-all-confirmation-warning","$v":["Your current data usages are ",{"t":"idOrVar","v":"mobileData"}," on mobile, ",{"t":"idOrVar","v":"wifiData"}," on Wi-Fi. Clear it all?"]},{"$i":"reset-telephony-confirmation-warning","$v":"All current data will be deleted. Are you sure you want to reset?"},{"$i":"reset","$v":"Atstatyti"},{"$i":"reset-wifi","$v":"Nulinti belaidžio tinklo skaitiklį"},{"$i":"reset-mobile","$v":"Nulinti mobiliųjų duomenų skaitiklį"},{"$i":"reset-all","$v":"Reset mobile & Wi-Fi data"},{"$i":"not-set","$v":"Nenurodyta"},{"$i":"used","$v":"Išnaudota"},{"$i":"limit-passed","$v":"Viršyta riba"},{"$i":"limit","$v":"Riba"},{"$i":"data-limit-header","$v":"Duom. kiekio riba"},{"$i":"data-limit-alert","$v":"Duomenų kiekio įspėjimas"},{"$i":"data-limit-value2","$v":"Kai išnaudota daugiau negu"},{"$i":"data-limit-dialog-title2","$v":"Įveskite mobiliųjų duomenų parsiuntimo ribą"},{"$i":"data-limit-dialog-explanation2","$v":"Pasiekus šią ribą, ryšys bus sulėtintas. Dėl tinkamo ribos dydžio pasitarkite su savo mobiliojo ryšio operatoriumi."},{"$i":"data-limit-input-label","ariaLabel":"Data limit"},{"$i":"wifi-usage","$v":"Belaidis tinklas"},{"$i":"mobile-usage","$v":"Mobilieji duomenys"},{"$i":"wifi-usage-settings","$v":"Belaidis tinklas"},{"$i":"mobile-usage-settings","$v":"Mobilieji duomenys"},{"$i":"im-prepaid","$v":"Aš moku iš anksto"},{"$i":"im-postpaid","$v":"Aš moku pagal sąskaitą"},{"$i":"reset-data-usage","$v":"Skaitiklių nulinimas"},{"$i":"reset-report","$v":"Ataskaitos nulinimas"},{"$i":"next","$v":"Toliau"},{"$i":"back","$v":"Grįžti"},{"$i":"lets-go","$v":"Atlikta"},{"$i":"alert","$v":"Įspėjimas"},{"$i":"alert-limit","$v":"Įspėjimo riba"},{"$i":"fte-welcome-title","$v":"Sveiki!"},{"$i":"data-limit-notification-title2","$v":["Išnaudota ",{"t":"idOrVar","v":"limit"}," duomenų"]},{"$i":"data-limit-notification-text2","$v":"Jūs pasiekėte savo pasirinktą ribą"},{"$i":"low-balance-notification-title","$v":"Sąskaita senka"},{"$i":"low-balance-notification-text","$v":["Jūsų telefono sąskaitoje liko ",{"t":"idOrVar","v":"remaining"}]},{"$i":"zero-balance-message","$v":"Jūsų telefono sąskaitoje neliko pinigų."},{"$i":"not-available","$v":"Negalima"},{"$i":"usage","$v":"Skaitikliai"},{"$i":"internet","$v":"Internetas"},{"$i":"phone","$v":"Telefonas"},{"$i":"loading-interface-data","$v":"Įkeliami sąsajos duomenys. Pabandykite truputį vėliau."},{"$i":"data-limit","$v":["Duomenų riba (",{"t":"idOrVar","v":"value"},")"]},{"$i":"data-available2","$v":{"zero":["liko ",{"t":"idOrVar","v":"value"}," ",{"t":"idOrVar","v":"unit"}],"one":["liko ",{"t":"idOrVar","v":"value"}," ",{"t":"idOrVar","v":"unit"}],"two":["liko ",{"t":"idOrVar","v":"value"}," ",{"t":"idOrVar","v":"unit"}],"few":["liko ",{"t":"idOrVar","v":"value"}," ",{"t":"idOrVar","v":"unit"}],"many":["liko ",{"t":"idOrVar","v":"value"}," ",{"t":"idOrVar","v":"unit"}],"other":["liko ",{"t":"idOrVar","v":"value"}," ",{"t":"idOrVar","v":"unit"}]},"$x":[{"t":"idOrVar","v":"plural"},"value"]},{"$i":"over-limit","$v":{"one":["viršyta ",{"t":"idOrVar","v":"value"}," ",{"t":"idOrVar","v":"unit"}],"two":["viršyta ",{"t":"idOrVar","v":"value"}," ",{"t":"idOrVar","v":"unit"}],"few":["viršyta ",{"t":"idOrVar","v":"value"}," ",{"t":"idOrVar","v":"unit"}],"many":["viršyta ",{"t":"idOrVar","v":"value"}," ",{"t":"idOrVar","v":"unit"}],"other":["viršyta ",{"t":"idOrVar","v":"value"}," ",{"t":"idOrVar","v":"unit"}]},"$x":[{"t":"idOrVar","v":"plural"},"value"]},{"$i":"verbose-chart-date-format","$v":[{"t":"idOrVar","v":"em-month"}," ",{"t":"idOrVar","v":"monthday-number"}]},{"$i":"day-hour-format","$v":[{"t":"idOrVar","v":"day"},", ",{"t":"idOrVar","v":"time"}]},{"$i":"B","$v":"B"},{"$i":"KB","$v":"KB"},{"$i":"MB","$v":"MB"},{"$i":"GB","$v":"GB"},{"$i":"unit-MB","ariaLabel":"MB"},{"$i":"unit-GB","ariaLabel":"GB"},{"$i":"app-usage-list-header","$v":"Mobile usage per app"},{"$i":"app-usage-no-data","$v":"Jūs dar nepradėjote naudotis mobiliaisiais duomenimis. Kai pradėsite, čia matysite jų naudojimo statistiką pagal programas."},{"$i":"data-used-since","$v":[{"t":"idOrVar","v":"amount"}," of data used since ",{"t":"idOrVar","v":"start-date"}]},{"$i":"data-used-this-week","$v":[{"t":"idOrVar","v":"amount"}," of data used this week"]},{"$i":"data-used-this-month","$v":[{"t":"idOrVar","v":"amount"}," of data used this month"]},{"$i":"data-usage-other-apps","$v":"Others"},{"$i":"data-usage-browser-app","$v":"Browser"},{"$i":"limit-layer-MB","ariaLabel":["Limit of ",{"t":"idOrVar","v":"value"}," MB"]},{"$i":"limit-layer-GB","ariaLabel":["Limit of ",{"t":"idOrVar","v":"value"}," GB"]},{"$i":"warning-layer","ariaLabel":[{"t":"idOrVar","v":"value"}," left"]},{"$i":"limit-exceeded-layer","ariaLabel":["Exceeded by ",{"t":"idOrVar","v":"value"}]},{"$i":"today-layer","ariaLabel":["Today is ",{"t":"idOrVar","v":"today"}]},{"$i":"axis-layer","ariaLabel":["From ",{"t":"idOrVar","v":"from"}," to ",{"t":"idOrVar","v":"to"}]},{"$i":"weekday-0-long","$v":"Sekmadienis"},{"$i":"weekday-1-long","$v":"Pirmadienis"},{"$i":"weekday-2-long","$v":"Antradienis"},{"$i":"weekday-3-long","$v":"Trečiadienis"},{"$i":"weekday-4-long","$v":"Ketvirtadienis"},{"$i":"weekday-5-long","$v":"Penktadienis"},{"$i":"weekday-6-long","$v":"Šeštadienis"},{"$i":"weekday-0-short","$v":"Sk"},{"$i":"weekday-1-short","$v":"Pr"},{"$i":"weekday-2-short","$v":"An"},{"$i":"weekday-3-short","$v":"Tr"},{"$i":"weekday-4-short","$v":"Kt"},{"$i":"weekday-5-short","$v":"Pn"},{"$i":"weekday-6-short","$v":"Št"},{"$i":"month-0-long","$v":"sausis"},{"$i":"month-1-long","$v":"vasaris"},{"$i":"month-2-long","$v":"kovas"},{"$i":"month-3-long","$v":"balandis"},{"$i":"month-4-long","$v":"gegužė"},{"$i":"month-5-long","$v":"birželis"},{"$i":"month-6-long","$v":"liepa"},{"$i":"month-7-long","$v":"rugpjūtis"},{"$i":"month-8-long","$v":"rugsėjis"},{"$i":"month-9-long","$v":"spalis"},{"$i":"month-10-long","$v":"lapkritis"},{"$i":"month-11-long","$v":"gruodis"},{"$i":"month-0-genitive","$v":"sausio"},{"$i":"month-1-genitive","$v":"vasario"},{"$i":"month-2-genitive","$v":"kovo"},{"$i":"month-3-genitive","$v":"balandžio"},{"$i":"month-4-genitive","$v":"gegužės"},{"$i":"month-5-genitive","$v":"birželio"},{"$i":"month-6-genitive","$v":"liepos"},{"$i":"month-7-genitive","$v":"rugpjūčio"},{"$i":"month-8-genitive","$v":"rugsėjo"},{"$i":"month-9-genitive","$v":"spalio"},{"$i":"month-10-genitive","$v":"lapkričio"},{"$i":"month-11-genitive","$v":"gruodžio"},{"$i":"month-0-short","$v":"Sau"},{"$i":"month-1-short","$v":"Vas"},{"$i":"month-2-short","$v":"Kov"},{"$i":"month-3-short","$v":"Bal"},{"$i":"month-4-short","$v":"Geg"},{"$i":"month-5-short","$v":"Bir"},{"$i":"month-6-short","$v":"Lie"},{"$i":"month-7-short","$v":"Rgp"},{"$i":"month-8-short","$v":"Rgs"},{"$i":"month-9-short","$v":"Spa"},{"$i":"month-10-short","$v":"Lap"},{"$i":"month-11-short","$v":"Grd"},{"$i":"minutes-ago-long","$v":{"zero":"ką tik","one":["prieš ",{"t":"idOrVar","v":"value"}," minutę"],"two":["prieš ",{"t":"idOrVar","v":"value"}," minutes"],"few":["prieš ",{"t":"idOrVar","v":"value"}," minutes"],"many":["prieš ",{"t":"idOrVar","v":"value"}," minučių"],"other":["prieš ",{"t":"idOrVar","v":"value"}," minučių"]},"$x":[{"t":"idOrVar","v":"plural"},"value"]},{"$i":"hours-ago-long","$v":{"zero":"ką tik","one":["prieš ",{"t":"idOrVar","v":"value"}," valandą"],"two":["prieš ",{"t":"idOrVar","v":"value"}," valandas"],"few":["prieš ",{"t":"idOrVar","v":"value"}," valandas"],"many":["prieš ",{"t":"idOrVar","v":"value"}," valandų"],"other":["prieš ",{"t":"idOrVar","v":"value"}," valandų"]},"$x":[{"t":"idOrVar","v":"plural"},"value"]},{"$i":"days-ago-long","$v":{"zero":"šiandien","one":"vakar","two":["prieš ",{"t":"idOrVar","v":"value"}," dienas"],"few":["prieš ",{"t":"idOrVar","v":"value"}," dienas"],"many":["prieš ",{"t":"idOrVar","v":"value"}," dienų"],"other":["prieš ",{"t":"idOrVar","v":"value"}," dienų"]},"$x":[{"t":"idOrVar","v":"plural"},"value"]},{"$i":"weeks-ago-long","$v":{"zero":"šią savaitę","one":"praėjusią savaitę","two":["prieš ",{"t":"idOrVar","v":"value"}," savaites"],"few":["prieš ",{"t":"idOrVar","v":"value"}," savaites"],"many":["prieš ",{"t":"idOrVar","v":"value"}," savaičių"],"other":["prieš ",{"t":"idOrVar","v":"value"}," savaičių"]},"$x":[{"t":"idOrVar","v":"plural"},"value"]},{"$i":"months-ago-long","$v":{"zero":"šį mėnesį","one":"praėjusį mėnesį","two":["prieš ",{"t":"idOrVar","v":"value"}," mėnesius"],"few":["prieš ",{"t":"idOrVar","v":"value"}," mėnesius"],"many":["prieš ",{"t":"idOrVar","v":"value"}," mėnesių"],"other":["prieš ",{"t":"idOrVar","v":"value"}," mėnesių"]},"$x":[{"t":"idOrVar","v":"plural"},"value"]},{"$i":"years-ago-long","$v":{"zero":"šiemet","one":["prieš ",{"t":"idOrVar","v":"value"}," metus"],"two":["prieš ",{"t":"idOrVar","v":"value"}," metus"],"few":["prieš ",{"t":"idOrVar","v":"value"}," metus"],"many":["prieš ",{"t":"idOrVar","v":"value"}," metų"],"other":["prieš ",{"t":"idOrVar","v":"value"}," metų"]},"$x":[{"t":"idOrVar","v":"plural"},"value"]},{"$i":"minutes-until-long","$v":{"zero":"dabar","one":["už ",{"t":"idOrVar","v":"value"}," minutės"],"two":["už ",{"t":"idOrVar","v":"value"}," minučių"],"few":["už ",{"t":"idOrVar","v":"value"}," minučių"],"many":["už ",{"t":"idOrVar","v":"value"}," minučių"],"other":["už ",{"t":"idOrVar","v":"value"}," minučių"]},"$x":[{"t":"idOrVar","v":"plural"},"value"]},{"$i":"hours-until-long","$v":{"zero":"dabar","one":["už ",{"t":"idOrVar","v":"value"}," valandos"],"two":["už ",{"t":"idOrVar","v":"value"}," valandų"],"few":["už ",{"t":"idOrVar","v":"value"}," valandų"],"many":["už ",{"t":"idOrVar","v":"value"}," valandų"],"other":["už ",{"t":"idOrVar","v":"value"}," valandų"]},"$x":[{"t":"idOrVar","v":"plural"},"value"]},{"$i":"days-until-long","$v":{"zero":"šiandien","one":"rytoj","two":["už ",{"t":"idOrVar","v":"value"}," dienų"],"few":["už ",{"t":"idOrVar","v":"value"}," dienų"],"many":["už ",{"t":"idOrVar","v":"value"}," dienų"],"other":["už ",{"t":"idOrVar","v":"value"}," dienų"]},"$x":[{"t":"idOrVar","v":"plural"},"value"]},{"$i":"weeks-until-long","$v":{"zero":"šią savaitę","one":"kitą savaitę","two":["už ",{"t":"idOrVar","v":"value"}," savaičių"],"few":["už ",{"t":"idOrVar","v":"value"}," savaičių"],"many":["už ",{"t":"idOrVar","v":"value"}," savaičių"],"other":["už ",{"t":"idOrVar","v":"value"}," savaičių"]},"$x":[{"t":"idOrVar","v":"plural"},"value"]},{"$i":"months-until-long","$v":{"zero":"šį mėnesį","one":"kitą mėnesį","two":["už ",{"t":"idOrVar","v":"value"}," mėnesių"],"few":["už ",{"t":"idOrVar","v":"value"}," mėnesių"],"many":["už ",{"t":"idOrVar","v":"value"}," mėnesių"],"other":["už ",{"t":"idOrVar","v":"value"}," mėnesių"]},"$x":[{"t":"idOrVar","v":"plural"},"value"]},{"$i":"years-until-long","$v":{"zero":"šiemet","one":"kitais metais","two":["už ",{"t":"idOrVar","v":"value"}," metų"],"few":["už ",{"t":"idOrVar","v":"value"}," metų"],"many":["už ",{"t":"idOrVar","v":"value"}," metų"],"other":["už ",{"t":"idOrVar","v":"value"}," metų"]},"$x":[{"t":"idOrVar","v":"plural"},"value"]},{"$i":"minutes-ago-short","$v":{"zero":"ką tik","other":["prieš ",{"t":"idOrVar","v":"value"}," min."]},"$x":[{"t":"idOrVar","v":"plural"},"value"]},{"$i":"hours-ago-short","$v":{"zero":"ką tik","other":["prieš ",{"t":"idOrVar","v":"value"}," val."]},"$x":[{"t":"idOrVar","v":"plural"},"value"]},{"$i":"days-ago-short","$v":{"zero":"šiandien","other":["prieš ",{"t":"idOrVar","v":"value"}," d."]},"$x":[{"t":"idOrVar","v":"plural"},"value"]},{"$i":"minutes-until-short","$v":{"zero":"dabar","other":["už ",{"t":"idOrVar","v":"value"}," min."]},"$x":[{"t":"idOrVar","v":"plural"},"value"]},{"$i":"hours-until-short","$v":{"zero":"dabar","other":["už ",{"t":"idOrVar","v":"value"}," val."]},"$x":[{"t":"idOrVar","v":"plural"},"value"]},{"$i":"days-until-short","$v":{"zero":"šiandien","other":["už ",{"t":"idOrVar","v":"value"}," d."]},"$x":[{"t":"idOrVar","v":"plural"},"value"]},{"$i":"incorrectDate","$v":"(negalima data)"},{"$i":"dateTimeFormat_%c","$v":"%Y m. %Eb %e d. %H:%M:%S"},{"$i":"dateTimeFormat_%x","$v":"%Y-%m-%d"},{"$i":"dateTimeFormat_%X","$v":"%H:%M:%S"},{"$i":"shortTimeFormat","$v":"%H:%M"},{"$i":"shortTimeFormat12","$v":"%I:%M %p"},{"$i":"shortTimeFormat24","$v":"%H:%M"},{"$i":"shortDateTimeFormat","$v":"%x %H:%M"},{"$i":"weekStartsOnMonday","$v":"1"},{"$i":"firstDayOfTheWeek","$v":"0"},{"$i":"time_am","$v":"AM"},{"$i":"time_pm","$v":"PM"}]