[{"$i":"topup-confirmation-title2","$v":"Потрошено"},{"$i":"topup-confirmation-message","$v":"Дополнување потврдено"},{"$i":"topup-incorrectcode-title2","$v":"Потрошено"},{"$i":"topup-incorrectcode-message3","$v":"Неправилен код за дополнување."},{"$i":"updating","$v":"Ажурирање"},{"$i":"updating-ellipsis","$v":"Ажурирање…"},{"$i":"yesterday","$v":"Вчера"},{"$i":"today","$v":"Денес"},{"$i":"never","$v":"Никогаш"},{"$i":"magnitude","$v":[{"t":"idOrVar","v":"value"}," ",{"t":"idOrVar","v":"unit"}]},{"$i":"currency","$v":[{"t":"idOrVar","v":"currency"},{"t":"idOrVar","v":"value"}]},{"$i":"widget","$v":"Елемент Потрошено"},{"$i":"widget-authed-sim-heading","$v":["Нова ",{"t":"idOrVar","v":"provider"}," SIM внесена"]},{"$i":"widget-authed-sim-meta","$v":"Притиснете да ја следите искористеноста на телефонот и интернет."},{"$i":"widget-nonauthed-sim-heading","$v":"Нова SIM внесена"},{"$i":"widget-nonauthed-sim-meta","$v":"Притиснете да ја следите интернет искористеноста."},{"$i":"widget-airplane-mode-heading","$v":"Airplane Mode"},{"$i":"widget-airplane-mode-meta","$v":"Please, turn off airplane mode to enable Usage."},{"$i":"widget-no-sim2-heading","$v":"Нема внесено SIM"},{"$i":"widget-no-sim2-meta","$v":"Внесете SIM да се овозможи Потрошено."},{"$i":"widget-sim-locked-heading","$v":"Заклучена SIM картичка"},{"$i":"widget-sim-locked-meta","$v":"Отклучете ја вашата SIM да се овозможи Потрошено."},{"$i":"widget-unknown-heading","$v":"Error"},{"$i":"widget-unknown-meta","$v":"Please, make sure airplane mode is off."},{"$i":"fte","$v":"Искуство за прва пат на Потрошено"},{"$i":"fte-authed-sim","$v":"Заштедете пари следејќи ја искористеноста на вашиот телефон и интернет."},{"$i":"fte-nonauthed-sim","$v":"Заштедете пари следејќи ја искористеноста на интернет."},{"$i":"fte-no-sim","$v":"Добијте чиста слика колку интернет трошите."},{"$i":"fte-sim-info2","$v":"Информациите прикажани на Потрошено се директно од овој уред. Проверете кај Вашиот мобилен оператор за детални информации за сметката."},{"$i":"fte-plantype-title","$v":"Тип на договор"},{"$i":"fte-plantype-hint","$v":"Изберете го типот на договорот кој го имате со вашиот мобилен оператор."},{"$i":"fte-prepaid2-title","$v":"Аларм за мал баланс"},{"$i":"fte-prepaid2-hint","$v":"Поставете аларм за да избегнете да Ви се потроши кредитот."},{"$i":"fte-prepaid3-title","$v":"Извештај за податоци и Аларм"},{"$i":"fte-prepaid3-hint","$v":"Примите извештаи за искористеноста на интернет и поставете аларми за да избегнете непланирани трошоци."},{"$i":"fte-postpaid2-title","$v":"Извештај за телефон и податоци"},{"$i":"fte-postpaid2-hint","$v":"Примите извештаи за искористеноста на вашиот телефон и интернет сообраќај."},{"$i":"fte-postpaid3-title","$v":"Аларм за податоци"},{"$i":"fte-postpaid3-hint","$v":"Поставете аларм за да избегнете непланирани трошоци."},{"$i":"fte-onlydata2-title","$v":"Извештај за податоци"},{"$i":"fte-onlydata2-hint","$v":"Примите податоци за искористеноста на вашиот интернет сообраќај."},{"$i":"fte-onlydata3-title","$v":"Аларм за податоци"},{"$i":"fte-onlydata3-hint","$v":"Поставете аларм за да избегнете непланирани трошоци."},{"$i":"phone-activity","$v":"Активност на телефонот"},{"$i":"balance","$v":"Состојба"},{"$i":"on-roaming-message2","$v":"Роаминг: без автоматско ажурирање на состојбата. Може да Ви се наплати при рачно ажурирање."},{"$i":"balance-error-message2","$v":"Состојбата не се ажурираше правилно. Пробајте рачно ажурирање."},{"$i":"airplane-mode-error-message2","$v":"Исклучете го авионскиот режим за да ја ажурирате вашата состојба или дополнување кредит."},{"$i":"disable-airplane-mode","$v":"Дали сакате да го исклучите авионскиот режим за да ажурирате или дополните кредит?"},{"$i":"no-coverage-error-message2","$v":"Потребно е мрежно покривање за да ја ажурирате состојбата или дополнување кредит."},{"$i":"top-up","$v":"Дополнување"},{"$i":"enter-top-up-code","$v":"Внесете го кодот за дополнување"},{"$i":"top-up-code-explanation2","$v":"Најдете го на грепката или на Вашата сметка."},{"$i":"wait-for-confirmation","$v":"Ќе добиете порака за потврда"},{"$i":"incorrect-code2","$v":"Осигурајте се дека кодот е точен и пробајте повторно."},{"$i":"topup-error2","$v":"Имаше проблем при праќање на кодот. Ве молам пробајте повторно."},{"$i":"application-error-title","$v":"Недостапен сервис"},{"$i":"application-error-message","$v":"Контактирајте го преставникот на вашиот оператор."},{"$i":"service-unavailable-title","$v":"Недостапен сервис"},{"$i":"service-unavailable-message","$v":"Ниту ажурирање ниту дополнување не е можно во моментов. Ве молам пробајте повторно."},{"$i":"data-usage","$v":"Искористеност на податоци"},{"$i":"update-button","$v":"Ажурирај"},{"$i":"topup-button2","$v":"Користете код за дополнување"},{"$i":"topup-ussd-button2","$v":"Отворете го мените за дополнување"},{"$i":"ok","$v":"Во ред"},{"$i":"top-up-in-progress2","$v":"Вашето барање за дополнување се процесира."},{"$i":"top-up-timed-out2","$v":"Ажурирајте ја состојбата за да потврдите. Ако состојбата е непроменета, пробајте со дополнување повторно."},{"$i":"on-topup-not-confirmed-title","$v":"Дополнувањето не е потврдено"},{"$i":"on-topup-not-confirmed-message","$v":"Пробајте да ја ажурирате состојбата или повторите го дополнувањето."},{"$i":"send","$v":"прати"},{"$i":"plantype-setup-title","$v":"Мојот телефонски и интернет договор е"},{"$i":"prepaid","$v":"Припејд"},{"$i":"postpaid","$v":"Постпејд"},{"$i":"phoneactivity","$v":"Активност на телефон"},{"$i":"short-date-format","$v":"%b, %d"},{"$i":"long-date-format","$v":"%B %d, %Y"},{"$i":"sms-sent","$v":"SMS пратена"},{"$i":"call-made","$v":"Направени повици"},{"$i":"settings","$v":"Поставки"},{"$i":"low-balance-alert","$v":"Аларм за мала состојба"},{"$i":"low-balance-explanation2","$v":"Кога состојбата е под"},{"$i":"phone-and-internet-data-report","$v":"Извештај за искористеност на телефон и интернет"},{"$i":"internet-data-report","$v":"Internet data report"},{"$i":"starting-on","$v":"Започнување на"},{"$i":"cancel","$v":"Откажи"},{"$i":"monthly","$v":"Месечно"},{"$i":"weekly","$v":"Седмично"},{"$i":"monday","$v":"Понеделник"},{"$i":"tuesday","$v":"Вторник"},{"$i":"wednesday","$v":"Среда"},{"$i":"thursday","$v":"Четврток"},{"$i":"friday","$v":"Петок"},{"$i":"saturday","$v":"Сабота"},{"$i":"sunday","$v":"Недела"},{"$i":"billing-cycle-ends","$v":"Циклусот за фактурирање завршува"},{"$i":"tracking-will-reset","$v":"Следењето ќе се ресетира на овој датум"},{"$i":"yes","$v":"Да"},{"$i":"done","$v":"Готово"},{"$i":"confirmation","$v":"Потврда"},{"$i":"reset-wifi-confirmation-warning","$v":["Your current Wi-Fi data usage is ",{"t":"idOrVar","v":"wifiData"},". Clear it all?"]},{"$i":"reset-mobile-confirmation-warning","$v":["Your current mobile data usage is ",{"t":"idOrVar","v":"mobileData"},". Clear it all?"]},{"$i":"reset-all-confirmation-warning","$v":["Your current data usages are ",{"t":"idOrVar","v":"mobileData"}," on mobile, ",{"t":"idOrVar","v":"wifiData"}," on Wi-Fi. Clear it all?"]},{"$i":"reset-telephony-confirmation-warning","$v":"All current data will be deleted. Are you sure you want to reset?"},{"$i":"reset","$v":"Ресетирај"},{"$i":"reset-wifi","$v":"Ресетирај искористеност на Wi-Fi"},{"$i":"reset-mobile","$v":"Ресетирај искористеност на мобилен"},{"$i":"reset-all","$v":"Reset mobile & Wi-Fi data"},{"$i":"not-set","$v":"Не е поставено"},{"$i":"used","$v":"Искористено"},{"$i":"limit-passed","$v":"Поминат лимит"},{"$i":"limit","$v":"Лимит"},{"$i":"data-limit-header","$v":"Лимит за податоци"},{"$i":"data-limit-alert","$v":"Алерт за податоци"},{"$i":"data-limit-value2","$v":"Кога искористеноста е над"},{"$i":"data-limit-dialog-title2","$v":"Внесете аларм за лимит на мобилен"},{"$i":"data-limit-dialog-explanation2","$v":"Брзината на поврзување се намалува по достигнување на лимитот. Проверете со вашиот оператор за да поставите соодветно ниво за аларм."},{"$i":"data-limit-input-label","ariaLabel":"Data limit"},{"$i":"wifi-usage","$v":"Wi-Fi искористеност"},{"$i":"mobile-usage","$v":"Искористеност на говор"},{"$i":"wifi-usage-settings","$v":"Wi-Fi искористеност"},{"$i":"mobile-usage-settings","$v":"Искористеност на мобилен"},{"$i":"im-prepaid","$v":"Јас сум припејд"},{"$i":"im-postpaid","$v":"Јас сум постпејд"},{"$i":"reset-data-usage","$v":"Ресетирај искористеност на податоци"},{"$i":"reset-report","$v":"Ресетирај извештај"},{"$i":"next","$v":"Следно"},{"$i":"back","$v":"Назад"},{"$i":"lets-go","$v":"Ајде!"},{"$i":"alert","$v":"Аларм"},{"$i":"alert-limit","$v":"Аларм лимит"},{"$i":"fte-welcome-title","$v":"Добредојдовте"},{"$i":"data-limit-notification-title2","$v":[{"t":"idOrVar","v":"limit"}," податоци искористено"]},{"$i":"data-limit-notification-text2","$v":"Го стигнавте лимитот кој го избравте"},{"$i":"low-balance-notification-title","$v":"Низок баланс"},{"$i":"low-balance-notification-text","$v":[{"t":"idOrVar","v":"remaining"}," телефонски кредити остануваат"]},{"$i":"zero-balance-message","$v":"Балансот е на нула, нема останато телефонски кредити."},{"$i":"not-available","$v":"Не е достапно"},{"$i":"usage","$v":"Потрошено"},{"$i":"internet","$v":"Интернет"},{"$i":"phone","$v":"Телефон"},{"$i":"loading-interface-data","$v":"Се вчитува интерфејсот. Ве молам пробајте повторно подоцна."},{"$i":"data-limit","$v":["Data Limit (",{"t":"idOrVar","v":"value"},")"]},{"$i":"data-available2","$v":{"zero":[{"t":"idOrVar","v":"value"}," ",{"t":"idOrVar","v":"unit"}," available"],"one":[{"t":"idOrVar","v":"value"}," ",{"t":"idOrVar","v":"unit"}," available"],"two":[{"t":"idOrVar","v":"value"}," ",{"t":"idOrVar","v":"unit"}," available"],"few":[{"t":"idOrVar","v":"value"}," ",{"t":"idOrVar","v":"unit"}," available"],"many":[{"t":"idOrVar","v":"value"}," ",{"t":"idOrVar","v":"unit"}," available"],"other":[{"t":"idOrVar","v":"value"}," ",{"t":"idOrVar","v":"unit"}," available"]},"$x":[{"t":"idOrVar","v":"plural"},"value"]},{"$i":"over-limit","$v":{"one":[{"t":"idOrVar","v":"value"}," ",{"t":"idOrVar","v":"unit"}," over limit"],"two":[{"t":"idOrVar","v":"value"}," ",{"t":"idOrVar","v":"unit"}," over limit"],"few":[{"t":"idOrVar","v":"value"}," ",{"t":"idOrVar","v":"unit"}," over limit"],"many":[{"t":"idOrVar","v":"value"}," ",{"t":"idOrVar","v":"unit"}," over limit"],"other":[{"t":"idOrVar","v":"value"}," ",{"t":"idOrVar","v":"unit"}," over limit"]},"$x":[{"t":"idOrVar","v":"plural"},"value"]},{"$i":"verbose-chart-date-format","$v":[{"t":"idOrVar","v":"em-month"}," ",{"t":"idOrVar","v":"monthday-number"}]},{"$i":"day-hour-format","$v":[{"t":"idOrVar","v":"day"},", ",{"t":"idOrVar","v":"time"}]},{"$i":"B","$v":"Б"},{"$i":"KB","$v":"КБ"},{"$i":"MB","$v":"МБ"},{"$i":"GB","$v":"ГБ"},{"$i":"unit-MB","ariaLabel":"MB"},{"$i":"unit-GB","ariaLabel":"GB"},{"$i":"app-usage-list-header","$v":"Mobile usage per app"},{"$i":"app-usage-no-data","$v":"You have not used any mobile data yet. Usage for each application will show up here when you do."},{"$i":"data-used-since","$v":[{"t":"idOrVar","v":"amount"}," of data used since ",{"t":"idOrVar","v":"start-date"}]},{"$i":"data-used-this-week","$v":[{"t":"idOrVar","v":"amount"}," of data used this week"]},{"$i":"data-used-this-month","$v":[{"t":"idOrVar","v":"amount"}," of data used this month"]},{"$i":"data-usage-other-apps","$v":"Others"},{"$i":"data-usage-browser-app","$v":"Browser"},{"$i":"limit-layer-MB","ariaLabel":["Limit of ",{"t":"idOrVar","v":"value"}," MB"]},{"$i":"limit-layer-GB","ariaLabel":["Limit of ",{"t":"idOrVar","v":"value"}," GB"]},{"$i":"warning-layer","ariaLabel":[{"t":"idOrVar","v":"value"}," left"]},{"$i":"limit-exceeded-layer","ariaLabel":["Exceeded by ",{"t":"idOrVar","v":"value"}]},{"$i":"today-layer","ariaLabel":["Today is ",{"t":"idOrVar","v":"today"}]},{"$i":"axis-layer","ariaLabel":["From ",{"t":"idOrVar","v":"from"}," to ",{"t":"idOrVar","v":"to"}]},{"$i":"weekday-0-long","$v":"Недела"},{"$i":"weekday-1-long","$v":"Понеделник"},{"$i":"weekday-2-long","$v":"Вторник"},{"$i":"weekday-3-long","$v":"Среда"},{"$i":"weekday-4-long","$v":"Четврток"},{"$i":"weekday-5-long","$v":"Петок"},{"$i":"weekday-6-long","$v":"Сабота"},{"$i":"weekday-0-short","$v":"Нед"},{"$i":"weekday-1-short","$v":"Пон"},{"$i":"weekday-2-short","$v":"Вто"},{"$i":"weekday-3-short","$v":"Сре"},{"$i":"weekday-4-short","$v":"Чет"},{"$i":"weekday-5-short","$v":"Пет"},{"$i":"weekday-6-short","$v":"Саб"},{"$i":"month-0-long","$v":"јануари"},{"$i":"month-1-long","$v":"февруари"},{"$i":"month-2-long","$v":"март"},{"$i":"month-3-long","$v":"април"},{"$i":"month-4-long","$v":"мај"},{"$i":"month-5-long","$v":"јуни"},{"$i":"month-6-long","$v":"јули"},{"$i":"month-7-long","$v":"август"},{"$i":"month-8-long","$v":"септември"},{"$i":"month-9-long","$v":"октомври"},{"$i":"month-10-long","$v":"ноември"},{"$i":"month-11-long","$v":"декември"},{"$i":"month-0-genitive","$v":"јануари"},{"$i":"month-1-genitive","$v":"февруари"},{"$i":"month-2-genitive","$v":"март"},{"$i":"month-3-genitive","$v":"април"},{"$i":"month-4-genitive","$v":"мај"},{"$i":"month-5-genitive","$v":"јуни"},{"$i":"month-6-genitive","$v":"јули"},{"$i":"month-7-genitive","$v":"август"},{"$i":"month-8-genitive","$v":"септември"},{"$i":"month-9-genitive","$v":"октомври"},{"$i":"month-10-genitive","$v":"ноември"},{"$i":"month-11-genitive","$v":"декември"},{"$i":"month-0-short","$v":"јан"},{"$i":"month-1-short","$v":"фев"},{"$i":"month-2-short","$v":"мар"},{"$i":"month-3-short","$v":"апр"},{"$i":"month-4-short","$v":"мај"},{"$i":"month-5-short","$v":"јун"},{"$i":"month-6-short","$v":"јул"},{"$i":"month-7-short","$v":"авг"},{"$i":"month-8-short","$v":"сеп"},{"$i":"month-9-short","$v":"окт"},{"$i":"month-10-short","$v":"ное"},{"$i":"month-11-short","$v":"дек"},{"$i":"minutes-ago-long","$v":{"zero":"сега","one":"пред една минута","two":["пред ",{"t":"idOrVar","v":"value"}," минути"],"few":["пред ",{"t":"idOrVar","v":"value"}," минути"],"many":["пред ",{"t":"idOrVar","v":"value"}," минути"],"other":["пред ",{"t":"idOrVar","v":"value"}," минути"]},"$x":[{"t":"idOrVar","v":"plural"},"value"]},{"$i":"hours-ago-long","$v":{"zero":"сега","one":"пред еден час","two":["пред ",{"t":"idOrVar","v":"value"}," часа"],"few":["пред ",{"t":"idOrVar","v":"value"}," часа"],"many":["пред ",{"t":"idOrVar","v":"value"}," часови"],"other":["пред ",{"t":"idOrVar","v":"value"}," часови"]},"$x":[{"t":"idOrVar","v":"plural"},"value"]},{"$i":"days-ago-long","$v":{"zero":"денес","one":"вчера","two":["пред ",{"t":"idOrVar","v":"value"}," дена"],"few":["пред ",{"t":"idOrVar","v":"value"}," дена"],"many":["пред ",{"t":"idOrVar","v":"value"}," денови"],"other":["пред ",{"t":"idOrVar","v":"value"}," денови"]},"$x":[{"t":"idOrVar","v":"plural"},"value"]},{"$i":"weeks-ago-long","$v":{"zero":"оваа недела","one":"минатата недела","two":["пред ",{"t":"idOrVar","v":"value"}," недели"],"few":["пред ",{"t":"idOrVar","v":"value"}," недели"],"many":["пред ",{"t":"idOrVar","v":"value"}," недели"],"other":["пред ",{"t":"idOrVar","v":"value"}," недели"]},"$x":[{"t":"idOrVar","v":"plural"},"value"]},{"$i":"months-ago-long","$v":{"zero":"овој месец","one":"минатиот месец","two":["пред ",{"t":"idOrVar","v":"value"}," месеци"],"few":["пред ",{"t":"idOrVar","v":"value"}," месеци"],"many":["пред ",{"t":"idOrVar","v":"value"}," месеци"],"other":["пред ",{"t":"idOrVar","v":"value"}," месеци"]},"$x":[{"t":"idOrVar","v":"plural"},"value"]},{"$i":"years-ago-long","$v":{"zero":"оваа година","one":"минатата година","two":["пред ",{"t":"idOrVar","v":"value"}," години"],"few":["пред ",{"t":"idOrVar","v":"value"}," години"],"many":["пред ",{"t":"idOrVar","v":"value"}," години"],"other":["пред ",{"t":"idOrVar","v":"value"}," години"]},"$x":[{"t":"idOrVar","v":"plural"},"value"]},{"$i":"minutes-until-long","$v":{"zero":"сега","one":"за една минута","two":["за ",{"t":"idOrVar","v":"value"}," минути"],"few":["за ",{"t":"idOrVar","v":"value"}," минути"],"many":["за ",{"t":"idOrVar","v":"value"}," минути"],"other":["за ",{"t":"idOrVar","v":"value"}," минути"]},"$x":[{"t":"idOrVar","v":"plural"},"value"]},{"$i":"hours-until-long","$v":{"zero":"сега","one":"за еден час","two":["за ",{"t":"idOrVar","v":"value"}," часа"],"few":["за ",{"t":"idOrVar","v":"value"}," часа"],"many":["за ",{"t":"idOrVar","v":"value"}," часови"],"other":["за ",{"t":"idOrVar","v":"value"}," часови"]},"$x":[{"t":"idOrVar","v":"plural"},"value"]},{"$i":"days-until-long","$v":{"zero":"денес","one":"утре","two":["за ",{"t":"idOrVar","v":"value"}," дена"],"few":["за ",{"t":"idOrVar","v":"value"}," дена"],"many":["за ",{"t":"idOrVar","v":"value"}," денови"],"other":["за ",{"t":"idOrVar","v":"value"}," денови"]},"$x":[{"t":"idOrVar","v":"plural"},"value"]},{"$i":"weeks-until-long","$v":{"zero":"оваа седмица","one":"следната седмица","two":["за ",{"t":"idOrVar","v":"value"}," седмици"],"few":["за ",{"t":"idOrVar","v":"value"}," седмици"],"many":["за ",{"t":"idOrVar","v":"value"}," седмици"],"other":["за ",{"t":"idOrVar","v":"value"}," седмици"]},"$x":[{"t":"idOrVar","v":"plural"},"value"]},{"$i":"months-until-long","$v":{"zero":"овој месец","one":"следниот месец","two":["за ",{"t":"idOrVar","v":"value"}," месеци"],"few":["за ",{"t":"idOrVar","v":"value"}," месеци"],"many":["за ",{"t":"idOrVar","v":"value"}," месеци"],"other":["за ",{"t":"idOrVar","v":"value"}," месеци"]},"$x":[{"t":"idOrVar","v":"plural"},"value"]},{"$i":"years-until-long","$v":{"zero":"оваа година","one":"следната година","two":["за ",{"t":"idOrVar","v":"value"}," години"],"few":["за ",{"t":"idOrVar","v":"value"}," години"],"many":["за ",{"t":"idOrVar","v":"value"}," години"],"other":["за ",{"t":"idOrVar","v":"value"}," години"]},"$x":[{"t":"idOrVar","v":"plural"},"value"]},{"$i":"minutes-ago-short","$v":{"zero":"сега","other":["пред ",{"t":"idOrVar","v":"value"},"m"]},"$x":[{"t":"idOrVar","v":"plural"},"value"]},{"$i":"hours-ago-short","$v":{"zero":"сега","other":["пред ",{"t":"idOrVar","v":"value"},"h"]},"$x":[{"t":"idOrVar","v":"plural"},"value"]},{"$i":"days-ago-short","$v":{"zero":"денес","other":["пред ",{"t":"idOrVar","v":"value"},"d"]},"$x":[{"t":"idOrVar","v":"plural"},"value"]},{"$i":"minutes-until-short","$v":{"zero":"сега","other":["за ",{"t":"idOrVar","v":"value"},"m"]},"$x":[{"t":"idOrVar","v":"plural"},"value"]},{"$i":"hours-until-short","$v":{"zero":"сега","other":["за ",{"t":"idOrVar","v":"value"},"h"]},"$x":[{"t":"idOrVar","v":"plural"},"value"]},{"$i":"days-until-short","$v":{"zero":"денес","other":["за ",{"t":"idOrVar","v":"value"},"d"]},"$x":[{"t":"idOrVar","v":"plural"},"value"]},{"$i":"incorrectDate","$v":"(неточен датум)"},{"$i":"dateTimeFormat_%c","$v":"%a %b %e %Y %H:%M:%S"},{"$i":"dateTimeFormat_%x","$v":"%d/%m/%Y"},{"$i":"dateTimeFormat_%X","$v":"%H:%M:%S"},{"$i":"shortTimeFormat","$v":"%H:%M"},{"$i":"shortTimeFormat12","$v":"%I:%M %p"},{"$i":"shortTimeFormat24","$v":"%H:%M"},{"$i":"shortDateTimeFormat","$v":"%x %H:%M"},{"$i":"weekStartsOnMonday","$v":"1"},{"$i":"firstDayOfTheWeek","$v":"0"},{"$i":"time_am","$v":"AM"},{"$i":"time_pm","$v":"PM"}]