[{"$i":"topup-confirmation-title2","$v":"Penggunaan"},{"$i":"topup-confirmation-message","$v":"Isian semula berjaya"},{"$i":"topup-incorrectcode-title2","$v":"Penggunaan"},{"$i":"topup-incorrectcode-message3","$v":"Kos isian semula yang salah telah dimasukkan."},{"$i":"updating","$v":"Mengemaskini"},{"$i":"updating-ellipsis","$v":"Mengemaskini…"},{"$i":"yesterday","$v":"Semalam"},{"$i":"today","$v":"Hari ini"},{"$i":"never","$v":"Tidak sekali"},{"$i":"magnitude","$v":[{"t":"idOrVar","v":"value"}," ",{"t":"idOrVar","v":"unit"}]},{"$i":"currency","$v":[{"t":"idOrVar","v":"currency"},{"t":"idOrVar","v":"value"}]},{"$i":"widget","$v":"Widget Penggunaan"},{"$i":"widget-authed-sim-heading","$v":["SIM ",{"t":"idOrVar","v":"provider"}," baru telah diamsukkan"]},{"$i":"widget-authed-sim-meta","$v":"Tap untuk menjejak penggunaan telefon dan internet anda."},{"$i":"widget-nonauthed-sim-heading","$v":"SIM baru telah dimasukkan"},{"$i":"widget-nonauthed-sim-meta","$v":"Tap untuk menjejak penggunaan internet anda."},{"$i":"widget-airplane-mode-heading","$v":"Mod Pesawat"},{"$i":"widget-airplane-mode-meta","$v":"Diminta matikan mod pesawat bagi membolehkan Penggunaan."},{"$i":"widget-no-sim2-heading","$v":"Tiada SIM dimasukkan"},{"$i":"widget-no-sim2-meta","$v":"Masukkan SIM dan bolehkan Penggunaan."},{"$i":"widget-sim-locked-heading","$v":"SIM kad dikunci"},{"$i":"widget-sim-locked-meta","$v":"Buka kunci SIM anda untuk bolehkan Penggunaan."},{"$i":"widget-unknown-heading","$v":"Error"},{"$i":"widget-unknown-meta","$v":"Please, make sure airplane mode is off."},{"$i":"fte","$v":"Pengalaman Kali Pertama Penggunaan"},{"$i":"fte-authed-sim","$v":"Jimatkan wang dengan menjejak penggunaan telefon dan internet anda."},{"$i":"fte-nonauthed-sim","$v":"Jimatkan wang dengan menjejak penggunaan internet anda."},{"$i":"fte-no-sim","$v":"Dapatkan maklumat sebenar perihal sebanyak mana anda menggunakan internet."},{"$i":"fte-sim-info2","$v":"Maklumat ditunjukkan pada Penggunaan datang secara terus daripada peranti ini. Periksa penyedia perkhidmatan telefon bimbit anda untuk perincian info akaun."},{"$i":"fte-plantype-title","$v":"Jenis Kontrak"},{"$i":"fte-plantype-hint","$v":"Pilih jenis kontrak yang anda miliki dengan penyedia perkhidmatan selular anda."},{"$i":"fte-prepaid2-title","$v":"Waspada Baki Rendah"},{"$i":"fte-prepaid2-hint","$v":"Hantar waspada bagi mengelakkan kehabisan kredit."},{"$i":"fte-prepaid3-title","$v":"Data Laporan dan Waspada"},{"$i":"fte-prepaid3-hint","$v":"Terima laporan perihal penggunaan Internet anda dan tetapkan waspada bagi mengelakkan penggunaan berlebihan."},{"$i":"fte-postpaid2-title","$v":"Laporan Telefon dan Data"},{"$i":"fte-postpaid2-hint","$v":"Terima lasporan perihal penggunaan telefon dan Internet anda."},{"$i":"fte-postpaid3-title","$v":"Data Waspada"},{"$i":"fte-postpaid3-hint","$v":"Tetapkan waspada bagi mengelakkan penggunaan data yang berlebihan."},{"$i":"fte-onlydata2-title","$v":"Laporan Data"},{"$i":"fte-onlydata2-hint","$v":"Terima laporan perihal penggunaan internet anda."},{"$i":"fte-onlydata3-title","$v":"Data Waspada"},{"$i":"fte-onlydata3-hint","$v":"Tetapkan waspada bagi mengelakkan penggunaan data yang berlebihan."},{"$i":"phone-activity","$v":"Aktiviti Telefon"},{"$i":"balance","$v":"Baki"},{"$i":"on-roaming-message2","$v":"Perantauan: tiada baki automatik dikemaskini. Anda mungkin dikenakan cas untuk mengemaskini secara manual."},{"$i":"balance-error-message2","$v":"Baki tidak dikemaskini dengan betul. Cuba mengemaskini secara manual."},{"$i":"airplane-mode-error-message2","$v":"Matikan mod pesawat untuk mengemaskini baki anda atau isian semula."},{"$i":"disable-airplane-mode","$v":"Adakan anda ingin melumpuhkan mod Pesawat untuk mengemaskini atau isian semula?"},{"$i":"no-coverage-error-message2","$v":"Anda memerlukan liputan telefon untuk mengemaskini baki anda atau isian semula."},{"$i":"top-up","$v":"Isian Semula"},{"$i":"enter-top-up-code","$v":"Masukkan kod isian semula"},{"$i":"top-up-code-explanation2","$v":"Carinya pada kad gores atau secara terus dalam resit anda."},{"$i":"wait-for-confirmation","$v":"Anda akan menerima mesej pengesahan"},{"$i":"incorrect-code2","$v":"Pastikan kod adalah betul dan cuba lagi."},{"$i":"topup-error2","$v":"Terdapat masalah menghantar kod. Sila cuba lagi."},{"$i":"application-error-title","$v":"Tiada perkhidmatan"},{"$i":"application-error-message","$v":"Hubungi wakil syariakt anda"},{"$i":"service-unavailable-title","$v":"Tiada perkhidmatan"},{"$i":"service-unavailable-message","$v":"Tidak dapat mengemaskini atau isian semula pada ketika ini. Sila cuba lagi."},{"$i":"data-usage","$v":"Penggunaan data"},{"$i":"update-button","$v":"Kemaskini"},{"$i":"topup-button2","$v":"Gunakan kod isian semula"},{"$i":"topup-ussd-button2","$v":"Buka menu isian semula"},{"$i":"ok","$v":"OK"},{"$i":"top-up-in-progress2","$v":"Isian semula anda sedang diproses."},{"$i":"top-up-timed-out2","$v":"Kemaskini baki anda untuk kepastian. Jika baki tidak berubah, cuba lagi untuk membuat isian semula."},{"$i":"on-topup-not-confirmed-title","$v":"Isian semula tidak pasti"},{"$i":"on-topup-not-confirmed-message","$v":"Cuba mengemaskini baki anda atau cubaan pengisian semula."},{"$i":"send","$v":"hantar"},{"$i":"plantype-setup-title","$v":"Pelan telefon dan Internet saya adalah "},{"$i":"prepaid","$v":"Pra bayar"},{"$i":"postpaid","$v":"Pasca bayar"},{"$i":"phoneactivity","$v":"Aktiviti Telefon"},{"$i":"short-date-format","$v":"%b, %d"},{"$i":"long-date-format","$v":"%B %d, %Y"},{"$i":"sms-sent","$v":"Hantar SMS"},{"$i":"call-made","$v":"Panggilan dibuat"},{"$i":"settings","$v":"Tetapan"},{"$i":"low-balance-alert","$v":"Waspada baki rendah"},{"$i":"low-balance-explanation2","$v":"Apabila baki di bawah"},{"$i":"phone-and-internet-data-report","$v":"Laporan data telefon dan Internet"},{"$i":"internet-data-report","$v":"Laporan data internet"},{"$i":"starting-on","$v":"Dimulakan pada"},{"$i":"cancel","$v":"Batal"},{"$i":"monthly","$v":"Bulanan"},{"$i":"weekly","$v":"Mingguan"},{"$i":"monday","$v":"Isnin"},{"$i":"tuesday","$v":"Selasa"},{"$i":"wednesday","$v":"Rabu"},{"$i":"thursday","$v":"Khamis"},{"$i":"friday","$v":"Jumaat"},{"$i":"saturday","$v":"Sabtu"},{"$i":"sunday","$v":"Ahad"},{"$i":"billing-cycle-ends","$v":"Kitaran bil berakhir"},{"$i":"tracking-will-reset","$v":"Penjejakan akan diulang tetap pada tarikh ini"},{"$i":"yes","$v":"Ya"},{"$i":"done","$v":"Selesai"},{"$i":"confirmation","$v":"Pengesahan"},{"$i":"reset-wifi-confirmation-warning","$v":["Your current Wi-Fi data usage is ",{"t":"idOrVar","v":"wifiData"},". Clear it all?"]},{"$i":"reset-mobile-confirmation-warning","$v":["Your current mobile data usage is ",{"t":"idOrVar","v":"mobileData"},". Clear it all?"]},{"$i":"reset-all-confirmation-warning","$v":["Your current data usages are ",{"t":"idOrVar","v":"mobileData"}," on mobile, ",{"t":"idOrVar","v":"wifiData"}," on Wi-Fi. Clear it all?"]},{"$i":"reset-telephony-confirmation-warning","$v":"All current data will be deleted. Are you sure you want to reset?"},{"$i":"reset","$v":"Ulang tetap"},{"$i":"reset-wifi","$v":"Ulang tetap penggunaan Wi-Fi"},{"$i":"reset-mobile","$v":"Ulang tetap penggunaan telefon"},{"$i":"reset-all","$v":"Reset mobile & Wi-Fi data"},{"$i":"not-set","$v":"Tidak ditetapkan"},{"$i":"used","$v":"Digunakan"},{"$i":"limit-passed","$v":"Had terlepas"},{"$i":"limit","$v":"Had"},{"$i":"data-limit-header","$v":"Had penggunaan data"},{"$i":"data-limit-alert","$v":"Waspada penggunaan data"},{"$i":"data-limit-value2","$v":"Apabila penggunaan di atas"},{"$i":"data-limit-dialog-title2","$v":"Masukkan waspada had data telefon"},{"$i":"data-limit-dialog-explanation2","$v":"Kelajuan sambungan dikurangkan selepas mencecah had. Periksa dengan penyedia data anda untuk menetapkan paras waspada yang sepatutnya."},{"$i":"data-limit-input-label","ariaLabel":"Data limit"},{"$i":"wifi-usage","$v":"Penggunaan Wi-Fi"},{"$i":"mobile-usage","$v":"Penggunaan telefon"},{"$i":"wifi-usage-settings","$v":"Penggunaan Wi-Fi"},{"$i":"mobile-usage-settings","$v":"Penggunaan telefon"},{"$i":"im-prepaid","$v":"Saya gunakan Pra-bayar"},{"$i":"im-postpaid","$v":"Saya gunakan Pasca-bayar"},{"$i":"reset-data-usage","$v":"Ulang tetap penggunaan data"},{"$i":"reset-report","$v":"Ulang tetap laporan"},{"$i":"next","$v":"Maju"},{"$i":"back","$v":"Undur"},{"$i":"lets-go","$v":"Mari!"},{"$i":"alert","$v":"Waspada"},{"$i":"alert-limit","$v":"Had Waspada"},{"$i":"fte-welcome-title","$v":"Selamat Datang"},{"$i":"data-limit-notification-title2","$v":[{"t":"idOrVar","v":"limit"}," daripada data digunakan"]},{"$i":"data-limit-notification-text2","$v":"Anda teleh mencecah had yang dipilih"},{"$i":"low-balance-notification-title","$v":"Baki rendah"},{"$i":"low-balance-notification-text","$v":[{"t":"idOrVar","v":"remaining"}," kredit telefon yang tinggal"]},{"$i":"zero-balance-message","$v":"Baki mencecah kosong, tiada lagi kredit yang tinggal."},{"$i":"not-available","$v":"Tiada"},{"$i":"usage","$v":"Penggunaan"},{"$i":"internet","$v":"Internet"},{"$i":"phone","$v":"Telefon"},{"$i":"loading-interface-data","$v":"Memuat data antaramuka. Sila cuba seketika nanti."},{"$i":"data-limit","$v":["Data Limit (",{"t":"idOrVar","v":"value"},")"]},{"$i":"data-available2","$v":{"zero":[{"t":"idOrVar","v":"value"}," ",{"t":"idOrVar","v":"unit"}," available"],"one":[{"t":"idOrVar","v":"value"}," ",{"t":"idOrVar","v":"unit"}," available"],"two":[{"t":"idOrVar","v":"value"}," ",{"t":"idOrVar","v":"unit"}," available"],"few":[{"t":"idOrVar","v":"value"}," ",{"t":"idOrVar","v":"unit"}," available"],"many":[{"t":"idOrVar","v":"value"}," ",{"t":"idOrVar","v":"unit"}," available"],"other":[{"t":"idOrVar","v":"value"}," ",{"t":"idOrVar","v":"unit"}," available"]},"$x":[{"t":"idOrVar","v":"plural"},"value"]},{"$i":"over-limit","$v":{"one":[{"t":"idOrVar","v":"value"}," ",{"t":"idOrVar","v":"unit"}," over limit"],"two":[{"t":"idOrVar","v":"value"}," ",{"t":"idOrVar","v":"unit"}," over limit"],"few":[{"t":"idOrVar","v":"value"}," ",{"t":"idOrVar","v":"unit"}," over limit"],"many":[{"t":"idOrVar","v":"value"}," ",{"t":"idOrVar","v":"unit"}," over limit"],"other":[{"t":"idOrVar","v":"value"}," ",{"t":"idOrVar","v":"unit"}," over limit"]},"$x":[{"t":"idOrVar","v":"plural"},"value"]},{"$i":"verbose-chart-date-format","$v":[{"t":"idOrVar","v":"em-month"}," ",{"t":"idOrVar","v":"monthday-number"}]},{"$i":"day-hour-format","$v":[{"t":"idOrVar","v":"day"},", ",{"t":"idOrVar","v":"time"}]},{"$i":"B","$v":"B"},{"$i":"KB","$v":"KB"},{"$i":"MB","$v":"MB"},{"$i":"GB","$v":"GB"},{"$i":"unit-MB","ariaLabel":"MB"},{"$i":"unit-GB","ariaLabel":"GB"},{"$i":"app-usage-list-header","$v":"Mobile usage per app"},{"$i":"app-usage-no-data","$v":"Anda belum lagi menggunakan data mudah alih lagi. Penggunaan untuk setiap apliaksi akan ditunjukkan di sini apabila ada."},{"$i":"data-used-since","$v":[{"t":"idOrVar","v":"amount"}," of data used since ",{"t":"idOrVar","v":"start-date"}]},{"$i":"data-used-this-week","$v":[{"t":"idOrVar","v":"amount"}," of data used this week"]},{"$i":"data-used-this-month","$v":[{"t":"idOrVar","v":"amount"}," of data used this month"]},{"$i":"data-usage-other-apps","$v":"Others"},{"$i":"data-usage-browser-app","$v":"Browser"},{"$i":"limit-layer-MB","ariaLabel":["Limit of ",{"t":"idOrVar","v":"value"}," MB"]},{"$i":"limit-layer-GB","ariaLabel":["Limit of ",{"t":"idOrVar","v":"value"}," GB"]},{"$i":"warning-layer","ariaLabel":[{"t":"idOrVar","v":"value"}," left"]},{"$i":"limit-exceeded-layer","ariaLabel":["Exceeded by ",{"t":"idOrVar","v":"value"}]},{"$i":"today-layer","ariaLabel":["Today is ",{"t":"idOrVar","v":"today"}]},{"$i":"axis-layer","ariaLabel":["From ",{"t":"idOrVar","v":"from"}," to ",{"t":"idOrVar","v":"to"}]},{"$i":"weekday-0-long","$v":"Ahad"},{"$i":"weekday-1-long","$v":"Isnin"},{"$i":"weekday-2-long","$v":"Selasa"},{"$i":"weekday-3-long","$v":"Rabu"},{"$i":"weekday-4-long","$v":"Khamis"},{"$i":"weekday-5-long","$v":"Jumaat"},{"$i":"weekday-6-long","$v":"Sabtu"},{"$i":"weekday-0-short","$v":"Ahad"},{"$i":"weekday-1-short","$v":"Isnin"},{"$i":"weekday-2-short","$v":"Selasa"},{"$i":"weekday-3-short","$v":"Rabu"},{"$i":"weekday-4-short","$v":"Khamis"},{"$i":"weekday-5-short","$v":"Jumaat"},{"$i":"weekday-6-short","$v":"Sabtu"},{"$i":"month-0-long","$v":"Januari"},{"$i":"month-1-long","$v":"Februari"},{"$i":"month-2-long","$v":"Mac"},{"$i":"month-3-long","$v":"April"},{"$i":"month-4-long","$v":"Mei"},{"$i":"month-5-long","$v":"Jun"},{"$i":"month-6-long","$v":"Julai"},{"$i":"month-7-long","$v":"Ogos"},{"$i":"month-8-long","$v":"September"},{"$i":"month-9-long","$v":"Oktober"},{"$i":"month-10-long","$v":"November"},{"$i":"month-11-long","$v":"Disember"},{"$i":"month-0-genitive","$v":"Januari"},{"$i":"month-1-genitive","$v":"Februari"},{"$i":"month-2-genitive","$v":"Mac"},{"$i":"month-3-genitive","$v":"April"},{"$i":"month-4-genitive","$v":"Mei"},{"$i":"month-5-genitive","$v":"Jun"},{"$i":"month-6-genitive","$v":"Julai"},{"$i":"month-7-genitive","$v":"Ogos"},{"$i":"month-8-genitive","$v":"September"},{"$i":"month-9-genitive","$v":"Oktober"},{"$i":"month-10-genitive","$v":"November"},{"$i":"month-11-genitive","$v":"Disember"},{"$i":"month-0-short","$v":"Jan"},{"$i":"month-1-short","$v":"Feb"},{"$i":"month-2-short","$v":"Mac"},{"$i":"month-3-short","$v":"Apr"},{"$i":"month-4-short","$v":"Mei"},{"$i":"month-5-short","$v":"Jun"},{"$i":"month-6-short","$v":"Jul"},{"$i":"month-7-short","$v":"Ogos"},{"$i":"month-8-short","$v":"Sep"},{"$i":"month-9-short","$v":"Okt"},{"$i":"month-10-short","$v":"Nov"},{"$i":"month-11-short","$v":"Dis"},{"$i":"minutes-ago-long","$v":{"zero":"sebentar tadi","one":"satu minit lalu","two":[{"t":"idOrVar","v":"value"}," minit lalu"],"few":[{"t":"idOrVar","v":"value"}," minit lalu"],"many":[{"t":"idOrVar","v":"value"}," minit lalu"],"other":[{"t":"idOrVar","v":"value"}," minit lalu"]},"$x":[{"t":"idOrVar","v":"plural"},"value"]},{"$i":"hours-ago-long","$v":{"zero":"sebentar tadi","one":"sejam yang lalu","two":[{"t":"idOrVar","v":"value"}," jam lalu"],"few":[{"t":"idOrVar","v":"value"}," jam lalu"],"many":[{"t":"idOrVar","v":"value"}," jam lalu"],"other":[{"t":"idOrVar","v":"value"}," jam lalu"]},"$x":[{"t":"idOrVar","v":"plural"},"value"]},{"$i":"days-ago-long","$v":{"zero":"hari ini","one":"semalam","two":[{"t":"idOrVar","v":"value"}," hari lalu"],"few":[{"t":"idOrVar","v":"value"}," hari lalu"],"many":[{"t":"idOrVar","v":"value"}," hari lalu"],"other":[{"t":"idOrVar","v":"value"}," hari lalu"]},"$x":[{"t":"idOrVar","v":"plural"},"value"]},{"$i":"weeks-ago-long","$v":{"zero":"minggu ini","one":"minggu lalu","two":[{"t":"idOrVar","v":"value"}," minggu lalu"],"few":[{"t":"idOrVar","v":"value"}," minggu lalu"],"many":[{"t":"idOrVar","v":"value"}," minggu lalu"],"other":[{"t":"idOrVar","v":"value"}," minggu lalu"]},"$x":[{"t":"idOrVar","v":"plural"},"value"]},{"$i":"months-ago-long","$v":{"zero":"bulan ini","one":"bulan lalu","two":[{"t":"idOrVar","v":"value"}," bulan lalu"],"few":[{"t":"idOrVar","v":"value"}," bulan lalu"],"many":[{"t":"idOrVar","v":"value"}," minit lalu"],"other":[{"t":"idOrVar","v":"value"}," minit lalu"]},"$x":[{"t":"idOrVar","v":"plural"},"value"]},{"$i":"years-ago-long","$v":{"zero":"tahun ini","one":"tahun lalu","two":[{"t":"idOrVar","v":"value"}," tahun lalu"],"few":[{"t":"idOrVar","v":"value"}," tahun lalu"],"many":[{"t":"idOrVar","v":"value"}," tahun lalu"],"other":[{"t":"idOrVar","v":"value"}," tahun lalu"]},"$x":[{"t":"idOrVar","v":"plural"},"value"]},{"$i":"minutes-until-long","$v":{"zero":"sekarang","one":"dalam satu minit","two":["dalam ",{"t":"idOrVar","v":"value"}," minit"],"few":["dalam ",{"t":"idOrVar","v":"value"}," minit"],"many":["dalam ",{"t":"idOrVar","v":"value"}," minit"],"other":["dalam ",{"t":"idOrVar","v":"value"}," minit"]},"$x":[{"t":"idOrVar","v":"plural"},"value"]},{"$i":"hours-until-long","$v":{"zero":"sekarang","one":"dalam satu jam","two":["dalam ",{"t":"idOrVar","v":"value"}," jam"],"few":["dalam ",{"t":"idOrVar","v":"value"}," jam"],"many":["dalam ",{"t":"idOrVar","v":"value"}," jam"],"other":["dalam ",{"t":"idOrVar","v":"value"}," jam"]},"$x":[{"t":"idOrVar","v":"plural"},"value"]},{"$i":"days-until-long","$v":{"zero":"hari ini","one":"esok","two":["dalam ",{"t":"idOrVar","v":"value"}," hari"],"few":["dalam ",{"t":"idOrVar","v":"value"}," hari"],"many":["dalam ",{"t":"idOrVar","v":"value"}," hari"],"other":["dalam ",{"t":"idOrVar","v":"value"}," hari"]},"$x":[{"t":"idOrVar","v":"plural"},"value"]},{"$i":"weeks-until-long","$v":{"zero":"minggu ini","one":"minggu depan","two":["dalam ",{"t":"idOrVar","v":"value"}," minggu"],"few":["dalam ",{"t":"idOrVar","v":"value"}," minggu"],"many":["dalam ",{"t":"idOrVar","v":"value"}," minggu"],"other":["dalam ",{"t":"idOrVar","v":"value"}," minggu"]},"$x":[{"t":"idOrVar","v":"plural"},"value"]},{"$i":"months-until-long","$v":{"zero":"bulan ini","one":"bulan depan","two":["dalam ",{"t":"idOrVar","v":"value"}," bulan"],"few":["dalam ",{"t":"idOrVar","v":"value"}," bulan"],"many":["dalam ",{"t":"idOrVar","v":"value"}," bulan"],"other":["dalam ",{"t":"idOrVar","v":"value"}," bulan"]},"$x":[{"t":"idOrVar","v":"plural"},"value"]},{"$i":"years-until-long","$v":{"zero":"tahun ini","one":"tahun depan","two":["dalam ",{"t":"idOrVar","v":"value"}," tahun"],"few":["dalam ",{"t":"idOrVar","v":"value"}," tahun"],"many":["dalam ",{"t":"idOrVar","v":"value"}," tahun"],"other":["dalam ",{"t":"idOrVar","v":"value"}," tahun"]},"$x":[{"t":"idOrVar","v":"plural"},"value"]},{"$i":"minutes-ago-short","$v":{"zero":"sebentar tadi","other":[{"t":"idOrVar","v":"value"}," minit lalu"]},"$x":[{"t":"idOrVar","v":"plural"},"value"]},{"$i":"hours-ago-short","$v":{"zero":"sebentar tadi","other":[{"t":"idOrVar","v":"value"}," jam lalu"]},"$x":[{"t":"idOrVar","v":"plural"},"value"]},{"$i":"days-ago-short","$v":{"zero":"hari ini","other":[{"t":"idOrVar","v":"value"}," hari lalu"]},"$x":[{"t":"idOrVar","v":"plural"},"value"]},{"$i":"minutes-until-short","$v":{"zero":"sekarang","other":["dalam ",{"t":"idOrVar","v":"value"}," minit"]},"$x":[{"t":"idOrVar","v":"plural"},"value"]},{"$i":"hours-until-short","$v":{"zero":"sekarang","other":["dalam ",{"t":"idOrVar","v":"value"}," jam"]},"$x":[{"t":"idOrVar","v":"plural"},"value"]},{"$i":"days-until-short","$v":{"zero":"hari ini","other":["dalam ",{"t":"idOrVar","v":"value"}," hari"]},"$x":[{"t":"idOrVar","v":"plural"},"value"]},{"$i":"incorrectDate","$v":"(tarikh tidak betul)"},{"$i":"dateTimeFormat_%c","$v":"%a %b %e %Y %I:%M:%S %p"},{"$i":"dateTimeFormat_%x","$v":"%m/%d/%Y"},{"$i":"dateTimeFormat_%X","$v":"%I:%M:%S %p"},{"$i":"shortTimeFormat","$v":"%I:%M %p"},{"$i":"shortTimeFormat12","$v":"%I:%M %p"},{"$i":"shortTimeFormat24","$v":"%H:%M"},{"$i":"shortDateTimeFormat","$v":"%x %I:%M %p"},{"$i":"weekStartsOnMonday","$v":"0"},{"$i":"firstDayOfTheWeek","$v":"0"},{"$i":"time_am","$v":"PG"},{"$i":"time_pm","$v":"PTG"}]