[{"$i":"topup-confirmation-title2","$v":"प्रयोग"},{"$i":"topup-confirmation-message","$v":"Top-up पुष्टि भयो"},{"$i":"topup-incorrectcode-title2","$v":"प्रयोग"},{"$i":"topup-incorrectcode-message3","$v":"गलत top-up कोड प्रविष्ट गर्नुभयो।"},{"$i":"updating","$v":"अद्याबधिक गर्दै"},{"$i":"updating-ellipsis","$v":"अद्यावधिक गर्दै..."},{"$i":"yesterday","$v":"हिजो"},{"$i":"today","$v":"आज"},{"$i":"never","$v":"कहिले पनि होइन"},{"$i":"magnitude","$v":[{"t":"idOrVar","v":"value"}," ",{"t":"idOrVar","v":"unit"}]},{"$i":"currency","$v":[{"t":"idOrVar","v":"currency"},{"t":"idOrVar","v":"value"}]},{"$i":"widget","$v":"प्रयोग विजेट"},{"$i":"widget-authed-sim-heading","$v":["नयाँ ",{"t":"idOrVar","v":"provider"}," SIM घुसाइयो"]},{"$i":"widget-authed-sim-meta","$v":"तपाईको फोन र इन्टरनेट प्रयोग थाहा पाउनका लागि थिच्नुहोस् |"},{"$i":"widget-nonauthed-sim-heading","$v":"नयाँ SIM घुसाइयो"},{"$i":"widget-nonauthed-sim-meta","$v":"तपाईको इन्टरनेट प्रयोग थाहा पाउनका लागि थिच्नुहोस् |"},{"$i":"widget-airplane-mode-heading","$v":"एयरप्लेन मोड"},{"$i":"widget-airplane-mode-meta","$v":"उपयोग सक्षम गर्न, कृपया हवाइजहाज मोड बन्द गर्नुहोस्।"},{"$i":"widget-no-sim2-heading","$v":"कुनै सिम घुसाइएको छैन"},{"$i":"widget-no-sim2-meta","$v":"प्रयोग सक्षम पार्नका लागि SIM घुसाउनुहोस्।"},{"$i":"widget-sim-locked-heading","$v":"सिम कार्ड ताल्चा लगाइयो"},{"$i":"widget-sim-locked-meta","$v":"प्रयोग सक्षम पार्न तपाईँको SIMबाट ताल्चा हटाउनुहोस्।"},{"$i":"widget-unknown-heading","$v":"त्रुटि"},{"$i":"widget-unknown-meta","$v":"कृपया, एयरप्लेन मोड निस्कृय भएको निश्चित गर्नुहोस्।"},{"$i":"fte","$v":"प्रयोगको पहिलो अनुभव"},{"$i":"fte-authed-sim","$v":"तपाईको फोन र इन्टरनेट प्रयोग थाहा पाएर पैसा बचत गर्नुहोस् |"},{"$i":"fte-nonauthed-sim","$v":"तपाईको इन्टरनेट प्रयोग थाहा पाएर पैसा बचत गर्नुहोस् |"},{"$i":"fte-no-sim","$v":"तपाईले कतिको इन्टरनेट प्रयोग गर्नुभाकोछ भन्ने बारेमा स्पष्ट जानकारी पाउनुहोस् |"},{"$i":"fte-sim-info2","$v":"प्रयोगमा देखाइएको सूचनाहरु सिधै यस यन्त्रबाट आउछ | खाताको बिस्तृत जानकारीका लागि तपाईको मोबाइल सेवा प्रदायकसँग जाँच्नुहोस् |"},{"$i":"fte-plantype-title","$v":"समझौताका प्रकार"},{"$i":"fte-plantype-hint","$v":"तपाईको मोबाइल सेवा प्रदायकसंग भएको समझौताको प्रकार चयन गर्नुहोस्।"},{"$i":"fte-prepaid2-title","$v":"कम ब्यालेन्स सतर्कता"},{"$i":"fte-prepaid2-hint","$v":"कम श्रेय हुनबाट बच्न सतर्कता सेट गर्नहोस्।"},{"$i":"fte-prepaid3-title","$v":"डाटा प्रतिवेदन र सतर्कता"},{"$i":"fte-prepaid3-hint","$v":"तपाईको इन्टरनेट प्रयोगबारे प्रतिवेदन पाउनुहोस् र धेरै चलाउनबाट बच्न सतर्कता सेट गर्नहोस्।"},{"$i":"fte-postpaid2-title","$v":"फोन र डाटा प्रतिवेदन"},{"$i":"fte-postpaid2-hint","$v":"तपाईको फोन र इन्टरनेट प्रयोगबारे प्रतिवेदन पाउनुहोस्।"},{"$i":"fte-postpaid3-title","$v":"डाटा सतर्कता"},{"$i":"fte-postpaid3-hint","$v":"धेरै डाटा चलाउनबाट बच्न सतर्कता सेट गर्नहोस्।"},{"$i":"fte-onlydata2-title","$v":"डाटा प्रतिवेदन"},{"$i":"fte-onlydata2-hint","$v":"तपाईको इन्टरनेट प्रयोगबारे प्रतिवेदन पाउनुहोस्।"},{"$i":"fte-onlydata3-title","$v":"डाटा सतर्कता"},{"$i":"fte-onlydata3-hint","$v":"धेरै डाटा चलाउनबाट बच्न सतर्कता सेट गर्नहोस्।"},{"$i":"phone-activity","$v":"फोन क्रियाकलाप"},{"$i":"balance","$v":"सन्तुलन"},{"$i":"on-roaming-message2","$v":"रोमीङ: स्वत: ब्यालेन्स अपडेट उपलब्ध छैन। आफै अपडेट गरेमा तपाईलाई शुल्क लाग्न सक्छ।"},{"$i":"balance-error-message2","$v":"ब्यालेन्स ठिक तवरले अपडेट हुन सकेन। आफै अपडेट गर्न कोसिस गर्नुहोस्।"},{"$i":"airplane-mode-error-message2","$v":"तपाईको ब्यालेन्स वा टप अप अद्यावधिक गर्न उडान शैली बन्द गर्नुहोस्।"},{"$i":"disable-airplane-mode","$v":"के तपाई अपडेट वा टप-अप गर्न उडान शैली अक्षम पार्न चाहनुहुन्छ?"},{"$i":"no-coverage-error-message2","$v":"तपाईको ब्यालेन्स वा टप अप अपडेट गर्न फोनले बेहोरेको हुनुपर्छ।"},{"$i":"top-up","$v":"टप अप"},{"$i":"enter-top-up-code","$v":"कृपया टप-अप कोड प्रविष्ट गर्नुहोस्"},{"$i":"top-up-code-explanation2","$v":"तपाईको स्क्र्याच कार्ड वा सिधै रसिदमा खोज्नुहोस्।"},{"$i":"wait-for-confirmation","$v":"तपाईले एउटा पुष्टिकरण सन्देश प्राप्त गर्नुहुनेछ"},{"$i":"incorrect-code2","$v":"कोड सहि छ भन्नेमा निश्चित गर्नुहोस् र फेरि प्रयास गर्नुहोस् ।"},{"$i":"topup-error2","$v":"कोड पठाँउदा एउटा समस्या आयो।कृपया फेरि प्रयास गर्नुहोस्।"},{"$i":"application-error-title","$v":"सेवा अनुपलब्ध"},{"$i":"application-error-message","$v":"तपाईको कम्पनीको प्रतिनिधिलाई सम्पर्क गर्नुहोस्"},{"$i":"service-unavailable-title","$v":"सेवा उपलब्ध छैन"},{"$i":"service-unavailable-message","$v":"अपडेट र टप-अप दुबै यस क्षणमा सम्भव छैन। कृपया केहि क्षण पछि पुन: प्रयास गर्नुहोस्।"},{"$i":"data-usage","$v":"डाटा प्रयोग"},{"$i":"update-button","$v":"अद्यावधिक गर्नुहोस्"},{"$i":"topup-button2","$v":"टप-अप कोड पर्योग गर्नुहोस्"},{"$i":"topup-ussd-button2","$v":"टप-अप मेनु खोल्नुहोस्"},{"$i":"ok","$v":"ठीक छ"},{"$i":"top-up-in-progress2","$v":"तपईको टप-अप मेनु प्रशोधन हुदैछ।"},{"$i":"top-up-timed-out2","$v":"तपाईको ब्यालेन्स अद्यावधिक गर्न पुष्टि गर्नुहोस्। ब्यालेन्स अपरिवर्तित भए, फेरि टप अप गर्न  प्रयास गर्नुहोस्।"},{"$i":"on-topup-not-confirmed-title","$v":"टप-अप पुष्टि हुन सकेन"},{"$i":"on-topup-not-confirmed-message","$v":"ब्यालेन्स रिचार्ज गर्ने प्रयास गर्नुहोस्।"},{"$i":"send","$v":"पठाउनुहोस्"},{"$i":"plantype-setup-title","$v":"मेरो फोन र इन्टरनेट योजना"},{"$i":"prepaid","$v":"प्रिपेड"},{"$i":"postpaid","$v":"पोष्टपेड"},{"$i":"phoneactivity","$v":"फोन क्रियाकलाप"},{"$i":"short-date-format","$v":"%b %d"},{"$i":"long-date-format","$v":"%B %d, %Y"},{"$i":"sms-sent","$v":"SMS पठाइयो"},{"$i":"call-made","$v":"गरिएका कलहरु"},{"$i":"settings","$v":"सेटिङहरू"},{"$i":"low-balance-alert","$v":"कम ब्यालेन्स चेतावनी"},{"$i":"low-balance-explanation2","$v":"जब ब्यालेन्स कम हुन्छ"},{"$i":"phone-and-internet-data-report","$v":"फोन र इन्टरनेट डाटा प्रतिवेदन"},{"$i":"internet-data-report","$v":"इन्टरनेट डाटा प्रतिवेदन"},{"$i":"starting-on","$v":"सुरु गर्दै"},{"$i":"cancel","$v":"रद्द गर्नुहोस्"},{"$i":"monthly","$v":"मासिक"},{"$i":"weekly","$v":"साप्ताहिक"},{"$i":"monday","$v":"सोमबार"},{"$i":"tuesday","$v":"मंगलबार"},{"$i":"wednesday","$v":"बुधबार"},{"$i":"thursday","$v":"बिहिबार"},{"$i":"friday","$v":"शुक्रबार"},{"$i":"saturday","$v":"शनीबार"},{"$i":"sunday","$v":"आइतबार"},{"$i":"billing-cycle-ends","$v":"बिलिङ्ग चक्र समाप्त"},{"$i":"tracking-will-reset","$v":"Tracking will reset on this date"},{"$i":"yes","$v":"ठीक"},{"$i":"done","$v":"भयो"},{"$i":"confirmation","$v":"यकिन गर्नुहोस्"},{"$i":"reset-wifi-confirmation-warning","$v":["Your current Wi-Fi data usage is ",{"t":"idOrVar","v":"wifiData"},". Clear it all?"]},{"$i":"reset-mobile-confirmation-warning","$v":["Your current mobile data usage is ",{"t":"idOrVar","v":"mobileData"},". Clear it all?"]},{"$i":"reset-all-confirmation-warning","$v":["Your current data usages are ",{"t":"idOrVar","v":"mobileData"}," on mobile, ",{"t":"idOrVar","v":"wifiData"}," on Wi-Fi. Clear it all?"]},{"$i":"reset-telephony-confirmation-warning","$v":"All current data will be deleted. Are you sure you want to reset?"},{"$i":"reset","$v":"रिसेट गर्नुहोस्"},{"$i":"reset-wifi","$v":"वाई-फाई प्रयोग रिसेट गर्नुहोस्"},{"$i":"reset-mobile","$v":"मोबाइल प्रयोग रिसेट गर्नुहोस्"},{"$i":"reset-all","$v":"Reset mobile & Wi-Fi data"},{"$i":"not-set","$v":"सेट गरिएको छैन"},{"$i":"used","$v":"प्रयोग गरिएको"},{"$i":"limit-passed","$v":"सीमा कट्यो"},{"$i":"limit","$v":"सीमा"},{"$i":"data-limit-header","$v":"डाटा प्रयोग सीमा"},{"$i":"data-limit-alert","$v":"डाटा प्रयोग चेतावनी"},{"$i":"data-limit-value2","$v":"जब प्रयोग माथि छ"},{"$i":"data-limit-dialog-title2","$v":"सिमित मोबाइल डाटा प्रविष्ट सचेत गर्नुहोस्"},{"$i":"data-limit-dialog-explanation2","$v":"जडान गति सिमित पुगेपछी घट्नेछ । उचित सिमित बनाउन आफ्नो डाटा प्रदातासंग जांच गर्नुहोस । "},{"$i":"data-limit-input-label","ariaLabel":"Data limit"},{"$i":"wifi-usage","$v":"वाई-फाई प्रयोग"},{"$i":"mobile-usage","$v":"मोबाइल प्रयोग"},{"$i":"wifi-usage-settings","$v":"वाई-फाई प्रयोग"},{"$i":"mobile-usage-settings","$v":"मोबाइल प्रयोग"},{"$i":"im-prepaid","$v":"मेरो प्रि-पेड"},{"$i":"im-postpaid","$v":"मेरो पोस्ट-पेड"},{"$i":"reset-data-usage","$v":"डाटा प्रयोग रिसेट गर्नुहोस्"},{"$i":"reset-report","$v":"रेसेट प्रतिवेदन"},{"$i":"next","$v":"अर्को"},{"$i":"back","$v":"पछाडि"},{"$i":"lets-go","$v":"जाऊँ!"},{"$i":"alert","$v":"सावधानी"},{"$i":"alert-limit","$v":"सावधानी सीमा"},{"$i":"fte-welcome-title","$v":"स्वागतम"},{"$i":"data-limit-notification-title2","$v":[{"t":"idOrVar","v":"limit"},"को डाटा प्रयोग गरियो"]},{"$i":"data-limit-notification-text2","$v":"तपाईँ आफूले चयन गर्नुभएको सीमा पुग्नुभएको छ"},{"$i":"low-balance-notification-title","$v":"ब्यालेन्स कम"},{"$i":"low-balance-notification-text","$v":[{"t":"idOrVar","v":"remaining"}," बाँकी फोन उधारो"]},{"$i":"zero-balance-message","$v":"ब्यालेन्स शून्यमा पुग्यो, फोने उधारो बाकि छैन।"},{"$i":"not-available","$v":"उपलब्ध छैन"},{"$i":"usage","$v":"प्रयोग"},{"$i":"internet","$v":"इन्टरनेट"},{"$i":"phone","$v":"फोन"},{"$i":"loading-interface-data","$v":"इन्टरफेस डाटा लोड हुँदैछ। कृपया केहि क्षणपछि पुन:प्रयास गर्नुहोस्।"},{"$i":"data-limit","$v":["डेटा सीमा (",{"t":"idOrVar","v":"value"},")"]},{"$i":"data-available2","$v":{"zero":["उपलब्ध ",{"t":"idOrVar","v":"value"}," ",{"t":"idOrVar","v":"unit"}],"one":["उपलब्ध ",{"t":"idOrVar","v":"value"}," ",{"t":"idOrVar","v":"unit"}],"two":["उपलब्ध ",{"t":"idOrVar","v":"value"}," ",{"t":"idOrVar","v":"unit"}],"few":["उपलब्ध ",{"t":"idOrVar","v":"value"}," ",{"t":"idOrVar","v":"unit"}],"many":["उपलब्ध ",{"t":"idOrVar","v":"value"}," ",{"t":"idOrVar","v":"unit"}],"other":["उपलब्ध ",{"t":"idOrVar","v":"value"}," ",{"t":"idOrVar","v":"unit"}]},"$x":[{"t":"idOrVar","v":"plural"},"value"]},{"$i":"over-limit","$v":{"one":["सीमा भन्दा बढी ",{"t":"idOrVar","v":"value"}," ",{"t":"idOrVar","v":"unit"}],"two":["सीमा भन्दा बढी ",{"t":"idOrVar","v":"value"}," ",{"t":"idOrVar","v":"unit"}],"few":["सीमा भन्दा बढी ",{"t":"idOrVar","v":"value"}," ",{"t":"idOrVar","v":"unit"}],"many":["सीमा भन्दा बढी ",{"t":"idOrVar","v":"value"}," ",{"t":"idOrVar","v":"unit"}],"other":["सीमा भन्दा बढी ",{"t":"idOrVar","v":"value"}," ",{"t":"idOrVar","v":"unit"}]},"$x":[{"t":"idOrVar","v":"plural"},"value"]},{"$i":"verbose-chart-date-format","$v":[{"t":"idOrVar","v":"em-month"}," ",{"t":"idOrVar","v":"monthday-number"}]},{"$i":"day-hour-format","$v":[{"t":"idOrVar","v":"day"},", ",{"t":"idOrVar","v":"time"}]},{"$i":"B","$v":"B"},{"$i":"KB","$v":"किलो बाइट"},{"$i":"MB","$v":"मेगाबाइट"},{"$i":"GB","$v":"गिगाबाइट"},{"$i":"unit-MB","ariaLabel":"MB"},{"$i":"unit-GB","ariaLabel":"GB"},{"$i":"app-usage-list-header","$v":"Mobile usage per app"},{"$i":"app-usage-no-data","$v":"तपाईंँले अहिले सम्म कुनै पनि मोबाइल डेटा प्रयोग गर्नुभएको छैन।जब तपाईँ प्रयोग गर्नुहुन्छ, हरेक एप्लिकेशनको डेटा प्रयोग यहाँ देखाइनेछ।"},{"$i":"data-used-since","$v":[{"t":"idOrVar","v":"amount"}," of data used since ",{"t":"idOrVar","v":"start-date"}]},{"$i":"data-used-this-week","$v":[{"t":"idOrVar","v":"amount"}," of data used this week"]},{"$i":"data-used-this-month","$v":[{"t":"idOrVar","v":"amount"}," यो महिना प्रयोग गरिएको डेटा"]},{"$i":"data-usage-other-apps","$v":"Others"},{"$i":"data-usage-browser-app","$v":"Browser"},{"$i":"limit-layer-MB","ariaLabel":["Limit of ",{"t":"idOrVar","v":"value"}," MB"]},{"$i":"limit-layer-GB","ariaLabel":["Limit of ",{"t":"idOrVar","v":"value"}," GB"]},{"$i":"warning-layer","ariaLabel":[{"t":"idOrVar","v":"value"}," left"]},{"$i":"limit-exceeded-layer","ariaLabel":["Exceeded by ",{"t":"idOrVar","v":"value"}]},{"$i":"today-layer","ariaLabel":["Today is ",{"t":"idOrVar","v":"today"}]},{"$i":"axis-layer","ariaLabel":["From ",{"t":"idOrVar","v":"from"}," to ",{"t":"idOrVar","v":"to"}]},{"$i":"weekday-0-long","$v":"आइतबार"},{"$i":"weekday-1-long","$v":"सोमबार"},{"$i":"weekday-2-long","$v":"मंगलबार"},{"$i":"weekday-3-long","$v":"बुधबार"},{"$i":"weekday-4-long","$v":"बिहिबार"},{"$i":"weekday-5-long","$v":"शुक्रबार"},{"$i":"weekday-6-long","$v":"शनिबार"},{"$i":"weekday-0-short","$v":"आइत"},{"$i":"weekday-1-short","$v":"सोम"},{"$i":"weekday-2-short","$v":"मङ्गल"},{"$i":"weekday-3-short","$v":"बुध"},{"$i":"weekday-4-short","$v":"बिहि"},{"$i":"weekday-5-short","$v":"शुक्र"},{"$i":"weekday-6-short","$v":"शनि"},{"$i":"month-0-long","$v":"जनवरी"},{"$i":"month-1-long","$v":"फेब्रुअरी"},{"$i":"month-2-long","$v":"ंमार्च"},{"$i":"month-3-long","$v":"अप्रिल"},{"$i":"month-4-long","$v":"मे"},{"$i":"month-5-long","$v":"जुन"},{"$i":"month-6-long","$v":"जुलाई"},{"$i":"month-7-long","$v":"अगस्ट"},{"$i":"month-8-long","$v":"सेप्टेम्बर"},{"$i":"month-9-long","$v":"अक्टोबर"},{"$i":"month-10-long","$v":"नोभेम्बर"},{"$i":"month-11-long","$v":"डिसेम्बर"},{"$i":"month-0-genitive","$v":"जनवरी"},{"$i":"month-1-genitive","$v":"फेब्रुअरी"},{"$i":"month-2-genitive","$v":"ंमार्च"},{"$i":"month-3-genitive","$v":"अप्रिल"},{"$i":"month-4-genitive","$v":"मे"},{"$i":"month-5-genitive","$v":"जुन"},{"$i":"month-6-genitive","$v":"जुलाई"},{"$i":"month-7-genitive","$v":"अगस्ट"},{"$i":"month-8-genitive","$v":"सेप्टेम्बर"},{"$i":"month-9-genitive","$v":"अक्टोबर"},{"$i":"month-10-genitive","$v":"नोभेम्बर"},{"$i":"month-11-genitive","$v":"डिसेम्बर"},{"$i":"month-0-short","$v":"जन"},{"$i":"month-1-short","$v":"फेब"},{"$i":"month-2-short","$v":"मार्च"},{"$i":"month-3-short","$v":"अप्रिल"},{"$i":"month-4-short","$v":"मे"},{"$i":"month-5-short","$v":"जुन"},{"$i":"month-6-short","$v":"जुलाई"},{"$i":"month-7-short","$v":"अगस्ट"},{"$i":"month-8-short","$v":"सेप्टेम्वर"},{"$i":"month-9-short","$v":"अक्टुवर"},{"$i":"month-10-short","$v":"नोभेम्वर"},{"$i":"month-11-short","$v":"डिसेम्वर"},{"$i":"minutes-ago-long","$v":{"zero":"भर्खरै","one":"एक मिनेट अगाडि","two":[{"t":"idOrVar","v":"value"}," मिनेट अगाडि"],"few":[{"t":"idOrVar","v":"value"}," मिनेट अगाडि"],"many":[{"t":"idOrVar","v":"value"}," मिनेट अगाडि"],"other":[{"t":"idOrVar","v":"value"}," मिनेट अगाडि"]},"$x":[{"t":"idOrVar","v":"plural"},"value"]},{"$i":"hours-ago-long","$v":{"zero":"भर्खरै","one":"एक घन्टा अगाडि","two":[{"t":"idOrVar","v":"value"}," घण्टा अगाडि"],"few":[{"t":"idOrVar","v":"value"}," घण्टा अगाडि"],"many":[{"t":"idOrVar","v":"value"}," घण्टा अगाडि"],"other":[{"t":"idOrVar","v":"value"}," घण्टा अगाडि"]},"$x":[{"t":"idOrVar","v":"plural"},"value"]},{"$i":"days-ago-long","$v":{"zero":"आज","one":"हिजो","two":[{"t":"idOrVar","v":"value"}," दिन अगाडि"],"few":[{"t":"idOrVar","v":"value"}," दिन अगाडि"],"many":[{"t":"idOrVar","v":"value"}," दिन अगाडि"],"other":[{"t":"idOrVar","v":"value"}," दिन अगाडि"]},"$x":[{"t":"idOrVar","v":"plural"},"value"]},{"$i":"weeks-ago-long","$v":{"zero":"यो हप्ता","one":"गएको हप्ता","two":[{"t":"idOrVar","v":"value"}," हप्ता अगाडि"],"few":[{"t":"idOrVar","v":"value"}," हप्ता अगाडि"],"many":[{"t":"idOrVar","v":"value"}," हप्ता अगाडि"],"other":[{"t":"idOrVar","v":"value"}," हप्ता अगाडि"]},"$x":[{"t":"idOrVar","v":"plural"},"value"]},{"$i":"months-ago-long","$v":{"zero":"यो महिना","one":"गएको महिना","two":[{"t":"idOrVar","v":"value"}," महिना अगाडि"],"few":[{"t":"idOrVar","v":"value"}," महिना अगाडि"],"many":[{"t":"idOrVar","v":"value"}," महिना अगाडि"],"other":[{"t":"idOrVar","v":"value"}," महिना अगाडि"]},"$x":[{"t":"idOrVar","v":"plural"},"value"]},{"$i":"years-ago-long","$v":{"zero":"यो वर्ष","one":"अघिल्लो वर्ष","two":[{"t":"idOrVar","v":"value"}," वर्ष अगाडि"],"few":[{"t":"idOrVar","v":"value"}," वर्ष अगाडि"],"many":[{"t":"idOrVar","v":"value"}," वर्ष अगाडि"],"other":[{"t":"idOrVar","v":"value"}," वर्ष अगाडि"]},"$x":[{"t":"idOrVar","v":"plural"},"value"]},{"$i":"minutes-until-long","$v":{"zero":"अहिले","one":"एक मिनेटमा","two":[{"t":"idOrVar","v":"value"}," मिनेटमा"],"few":[{"t":"idOrVar","v":"value"}," मिनेटमा"],"many":[{"t":"idOrVar","v":"value"}," मिनेटमा"],"other":[{"t":"idOrVar","v":"value"}," मिनेटमा"]},"$x":[{"t":"idOrVar","v":"plural"},"value"]},{"$i":"hours-until-long","$v":{"zero":"अहिले","one":"एक घण्टामा","two":[{"t":"idOrVar","v":"value"}," घण्टामा"],"few":[{"t":"idOrVar","v":"value"}," घण्टामा"],"many":[{"t":"idOrVar","v":"value"}," घण्टामा"],"other":[{"t":"idOrVar","v":"value"}," घण्टामा"]},"$x":[{"t":"idOrVar","v":"plural"},"value"]},{"$i":"days-until-long","$v":{"zero":"आज","one":"भोलि","two":[{"t":"idOrVar","v":"value"}," दिनमा"],"few":[{"t":"idOrVar","v":"value"}," दिनमा"],"many":[{"t":"idOrVar","v":"value"}," दिनमा"],"other":[{"t":"idOrVar","v":"value"}," दिनमा"]},"$x":[{"t":"idOrVar","v":"plural"},"value"]},{"$i":"weeks-until-long","$v":{"zero":"यो हप्ता","one":"पछिल्लो हप्ता","two":[{"t":"idOrVar","v":"value"}," हप्तामा"],"few":[{"t":"idOrVar","v":"value"}," हप्तामा"],"many":[{"t":"idOrVar","v":"value"}," हप्तामा"],"other":[{"t":"idOrVar","v":"value"}," हप्तामा"]},"$x":[{"t":"idOrVar","v":"plural"},"value"]},{"$i":"months-until-long","$v":{"zero":"यस महिना","one":"पछिल्लो महिना","two":[{"t":"idOrVar","v":"value"}," महिनामा"],"few":[{"t":"idOrVar","v":"value"}," महिनामा"],"many":[{"t":"idOrVar","v":"value"}," महिनामा"],"other":[{"t":"idOrVar","v":"value"}," महिनामा"]},"$x":[{"t":"idOrVar","v":"plural"},"value"]},{"$i":"years-until-long","$v":{"zero":"यस बर्ष","one":"आर्को बर्ष","two":[{"t":"idOrVar","v":"value"}," बर्षमा"],"few":[{"t":"idOrVar","v":"value"}," बर्षमा"],"many":[{"t":"idOrVar","v":"value"}," वर्षमा"],"other":[{"t":"idOrVar","v":"value"}," वर्षमा"]},"$x":[{"t":"idOrVar","v":"plural"},"value"]},{"$i":"minutes-ago-short","$v":{"zero":"भर्खरै","other":[{"t":"idOrVar","v":"value"},"मिनेट अघि"]},"$x":[{"t":"idOrVar","v":"plural"},"value"]},{"$i":"hours-ago-short","$v":{"zero":"भर्खरै","other":[{"t":"idOrVar","v":"value"},"घण्टा अघि"]},"$x":[{"t":"idOrVar","v":"plural"},"value"]},{"$i":"days-ago-short","$v":{"zero":"आज","other":[{"t":"idOrVar","v":"value"},"दिन अघि"]},"$x":[{"t":"idOrVar","v":"plural"},"value"]},{"$i":"minutes-until-short","$v":{"zero":"अहिले","other":[{"t":"idOrVar","v":"value"},"मिनेटमा"]},"$x":[{"t":"idOrVar","v":"plural"},"value"]},{"$i":"hours-until-short","$v":{"zero":"अहिले","other":[{"t":"idOrVar","v":"value"},"घण्टामा"]},"$x":[{"t":"idOrVar","v":"plural"},"value"]},{"$i":"days-until-short","$v":{"zero":"आज","other":[{"t":"idOrVar","v":"value"},"दिनमा"]},"$x":[{"t":"idOrVar","v":"plural"},"value"]},{"$i":"incorrectDate","$v":"(गलत मिति)"},{"$i":"dateTimeFormat_%c","$v":"%a %b %e %Y %I:%M:%S %p"},{"$i":"dateTimeFormat_%x","$v":"%m/%d/%Y"},{"$i":"dateTimeFormat_%X","$v":"%I:%M:%S %p"},{"$i":"shortTimeFormat","$v":"%I:%M %p"},{"$i":"shortTimeFormat12","$v":"%I:%M %p"},{"$i":"shortTimeFormat24","$v":"%H:%M"},{"$i":"shortDateTimeFormat","$v":"%x %I:%M %p"},{"$i":"weekStartsOnMonday","$v":"0"},{"$i":"firstDayOfTheWeek","$v":"0"},{"$i":"time_am","$v":"ए एम"},{"$i":"time_pm","$v":"पी एम"}]