[{"$i":"topup-confirmation-title2","$v":"Gebruik"},{"$i":"topup-confirmation-message","$v":"Opwaarderen bevestigd"},{"$i":"topup-incorrectcode-title2","$v":"Gebruik"},{"$i":"topup-incorrectcode-message3","$v":"Onjuiste opwaardeercode ingevoerd."},{"$i":"updating","$v":"Bijwerken"},{"$i":"updating-ellipsis","$v":"Bijwerken…"},{"$i":"yesterday","$v":"Gisteren"},{"$i":"today","$v":"Vandaag"},{"$i":"never","$v":"Nooit"},{"$i":"magnitude","$v":[{"t":"idOrVar","v":"value"}," ",{"t":"idOrVar","v":"unit"}]},{"$i":"currency","$v":[{"t":"idOrVar","v":"currency"},{"t":"idOrVar","v":"value"}]},{"$i":"widget","$v":"Gebruikswidget"},{"$i":"widget-authed-sim-heading","$v":["Nieuwe ",{"t":"idOrVar","v":"provider"},"-simkaart geplaatst"]},{"$i":"widget-authed-sim-meta","$v":"Tik om uw telefoon- en internetgebruik bij te houden."},{"$i":"widget-nonauthed-sim-heading","$v":"Nieuwe simkaart geplaatst"},{"$i":"widget-nonauthed-sim-meta","$v":"Tik om uw internetgebruik bij te houden."},{"$i":"widget-airplane-mode-heading","$v":"Vliegtuigmodus"},{"$i":"widget-airplane-mode-meta","$v":"Zet de vliegtuigmodus uit om Gebruik in te schakelen."},{"$i":"widget-no-sim2-heading","$v":"Geen simkaart geplaatst"},{"$i":"widget-no-sim2-meta","$v":"Plaats een simkaart om Gebruik in te schakelen."},{"$i":"widget-sim-locked-heading","$v":"Vergrendelde simkaart"},{"$i":"widget-sim-locked-meta","$v":"Ontgrendel uw simkaart om Gebruik in te schakelen."},{"$i":"widget-unknown-heading","$v":"Fout"},{"$i":"widget-unknown-meta","$v":"Zorg ervoor dat de vliegtuigmodus uit staat."},{"$i":"fte","$v":"Gebruik: eerste gebruikerservaring"},{"$i":"fte-authed-sim","$v":"Bespaar geld door uw telefoon- en internetgebruik bij te houden."},{"$i":"fte-nonauthed-sim","$v":"Bespaar geld door uw internetgebruik bij te houden."},{"$i":"fte-no-sim","$v":"Ontvang duidelijke informatie over uw internetgebruik."},{"$i":"fte-sim-info2","$v":"Getoonde gegevens bij Gebruik komen rechtstreeks van dit apparaat. Controleer gedetailleerde accountgegevens bij uw mobiele provider."},{"$i":"fte-plantype-title","$v":"Contracttype"},{"$i":"fte-plantype-hint","$v":"Selecteer het type contract dat u hebt bij uw mobiele provider."},{"$i":"fte-prepaid2-title","$v":"Laag-saldomelding "},{"$i":"fte-prepaid2-hint","$v":"Stel een melding in om te voorkomen dat uw saldo opraakt."},{"$i":"fte-prepaid3-title","$v":"Gegevensrapport en -melding"},{"$i":"fte-prepaid3-hint","$v":"Ontvang rapporten over uw internetgebruik en stel een melding in om te voorkomen dat u te veel gebruikt."},{"$i":"fte-postpaid2-title","$v":"Telefoon- en gegevensrapport"},{"$i":"fte-postpaid2-hint","$v":"Ontvang rapporten over uw telefoon- en internetgebruik."},{"$i":"fte-postpaid3-title","$v":"Gegevensmelding"},{"$i":"fte-postpaid3-hint","$v":"Stel een melding in om te voorkomen dat u te veel gegevens gebruikt."},{"$i":"fte-onlydata2-title","$v":"Gegevensrapport"},{"$i":"fte-onlydata2-hint","$v":"Ontvang rapporten over uw internetgebruik."},{"$i":"fte-onlydata3-title","$v":"Gegevensmelding"},{"$i":"fte-onlydata3-hint","$v":"Stel een melding in om te voorkomen dat u te veel gegevens gebruikt."},{"$i":"phone-activity","$v":"Telefoonactiviteit"},{"$i":"balance","$v":"Saldo"},{"$i":"on-roaming-message2","$v":"Roaming: niet automatisch saldo bijwerken. Voor handmatig bijwerken kunnen extra kosten gelden."},{"$i":"balance-error-message2","$v":"Saldo is niet goed bijgewerkt. Probeer handmatig bij te werken."},{"$i":"airplane-mode-error-message2","$v":"Zet de vliegtuigmodus uit om uw saldo bij te werken of op te waarderen."},{"$i":"disable-airplane-mode","$v":"Wilt u de vliegtuigmodus uitschakelen om saldo bij te werken of op te waarderen?"},{"$i":"no-coverage-error-message2","$v":"U hebt netwerkdekking nodig om uw saldo bij te werken of op te waarderen."},{"$i":"top-up","$v":"Opwaarderen"},{"$i":"enter-top-up-code","$v":"Voer de opwaardeercode in"},{"$i":"top-up-code-explanation2","$v":"Deze vindt u op de kraskaart of direct op uw kassabon."},{"$i":"wait-for-confirmation","$v":"U ontvangt daarna een bevestigingsbericht"},{"$i":"incorrect-code2","$v":"Controleer of de code juist is en probeer het nogmaals."},{"$i":"topup-error2","$v":"Er was een probleem bij het verzenden van de code. Probeer het nogmaals."},{"$i":"application-error-title","$v":"Service niet beschikbaar"},{"$i":"application-error-message","$v":"Neem contact op met de vertegenwoordiger van uw bedrijf"},{"$i":"service-unavailable-title","$v":"Service niet beschikbaar"},{"$i":"service-unavailable-message","$v":"Noch bijwerken noch opwaarderen is op dit moment mogelijk. Probeer het later."},{"$i":"data-usage","$v":"Gegevensgebruik"},{"$i":"update-button","$v":"Bijwerken"},{"$i":"topup-button2","$v":"Opwaardeercode gebruiken"},{"$i":"topup-ussd-button2","$v":"Opwaardeermenu openen"},{"$i":"ok","$v":"OK"},{"$i":"top-up-in-progress2","$v":"Het opwaarderen wordt uitgevoerd."},{"$i":"top-up-timed-out2","$v":"Werk uw saldo bij om te bevestigen. Als het saldo niet is gewijzigd, probeer dan nogmaals op te waarderen."},{"$i":"on-topup-not-confirmed-title","$v":"Opwaarderen niet bevestigd"},{"$i":"on-topup-not-confirmed-message","$v":"Probeer uw saldo bij te werken of nogmaals op te waarderen."},{"$i":"send","$v":"verzenden"},{"$i":"plantype-setup-title","$v":"Mijn telefoon- en internetabonnement is"},{"$i":"prepaid","$v":"Prepaid"},{"$i":"postpaid","$v":"Postpaid"},{"$i":"phoneactivity","$v":"Telefoonactiviteit"},{"$i":"short-date-format","$v":"%d %b"},{"$i":"long-date-format","$v":"%d %B %Y"},{"$i":"sms-sent","$v":"Verzonden sms"},{"$i":"call-made","$v":"Gemaakte oproepen"},{"$i":"settings","$v":"Instellingen"},{"$i":"low-balance-alert","$v":"Laag-saldomelding"},{"$i":"low-balance-explanation2","$v":"Als saldo lager is dan"},{"$i":"phone-and-internet-data-report","$v":"Telefoon- en internetgegevensrapport"},{"$i":"internet-data-report","$v":"Internetgegevensrapport"},{"$i":"starting-on","$v":"Begint op"},{"$i":"cancel","$v":"Annuleren"},{"$i":"monthly","$v":"Maandelijks"},{"$i":"weekly","$v":"Wekelijks"},{"$i":"monday","$v":"maandag"},{"$i":"tuesday","$v":"dinsdag"},{"$i":"wednesday","$v":"woensdag"},{"$i":"thursday","$v":"donderdag"},{"$i":"friday","$v":"vrijdag"},{"$i":"saturday","$v":"zaterdag"},{"$i":"sunday","$v":"zondag"},{"$i":"billing-cycle-ends","$v":"Facturatieperiode eindigt"},{"$i":"tracking-will-reset","$v":"Bijhouden wordt op deze datum geherinitialiseerd"},{"$i":"yes","$v":"Ja"},{"$i":"done","$v":"Gereed"},{"$i":"confirmation","$v":"Bevestiging"},{"$i":"reset-wifi-confirmation-warning","$v":["Uw huidige wifi-gegevensgebruik is ",{"t":"idOrVar","v":"wifiData"},". Alles wissen?"]},{"$i":"reset-mobile-confirmation-warning","$v":["Uw huidige mobielegegevensgebruik is ",{"t":"idOrVar","v":"mobileData"},". Alles wissen?"]},{"$i":"reset-all-confirmation-warning","$v":["Uw huidige gegevensgebruik is ",{"t":"idOrVar","v":"mobileData"}," op mobiel, ",{"t":"idOrVar","v":"wifiData"}," op wifi. Alles wissen?"]},{"$i":"reset-telephony-confirmation-warning","$v":"Alle huidige gegevens worden verwijderd. Weet u zeker dat u wilt herinitialiseren?"},{"$i":"reset","$v":"Herinitialiseren"},{"$i":"reset-wifi","$v":"Wifi-gebruik herinitialiseren"},{"$i":"reset-mobile","$v":"Mobiel gebruik herinitialiseren"},{"$i":"reset-all","$v":"Mobiele en wifi-gegevens herinitialiseren"},{"$i":"not-set","$v":"Niet ingesteld"},{"$i":"used","$v":"Gebruikt"},{"$i":"limit-passed","$v":"Limiet overschreden"},{"$i":"limit","$v":"Limiet"},{"$i":"data-limit-header","$v":"Limiet voor gegevensgebruik"},{"$i":"data-limit-alert","$v":"Melding voor gegevensgebruik"},{"$i":"data-limit-value2","$v":"Als gebruik meer is dan"},{"$i":"data-limit-dialog-title2","$v":"Voer een melding voor mobielegegevenslimiet in"},{"$i":"data-limit-dialog-explanation2","$v":"Verbindingssnelheden gaan omlaag nadat de limiet is bereikt. Controleer deze bij uw gegevensprovider om een passend meldingsniveau in te stellen."},{"$i":"data-limit-input-label","ariaLabel":"Gegevenslimiet"},{"$i":"wifi-usage","$v":"Wifi-gebruik"},{"$i":"mobile-usage","$v":"Mobiel gebruik"},{"$i":"wifi-usage-settings","$v":"Wifi-gebruik"},{"$i":"mobile-usage-settings","$v":"Mobiel gebruik"},{"$i":"im-prepaid","$v":"Ik ben prepaid"},{"$i":"im-postpaid","$v":"Ik ben postpaid"},{"$i":"reset-data-usage","$v":"Gegevensgebruik herinitialiseren"},{"$i":"reset-report","$v":"Rapport herinitialiseren"},{"$i":"next","$v":"Volgende"},{"$i":"back","$v":"Terug"},{"$i":"lets-go","$v":"Beginnen!"},{"$i":"alert","$v":"Melding"},{"$i":"alert-limit","$v":"Meldingslimiet"},{"$i":"fte-welcome-title","$v":"Welkom"},{"$i":"data-limit-notification-title2","$v":[{"t":"idOrVar","v":"limit"}," aan gegevens gebruikt"]},{"$i":"data-limit-notification-text2","$v":"U hebt uw geselecteerde limiet bereikt"},{"$i":"low-balance-notification-title","$v":"Laag saldo"},{"$i":"low-balance-notification-text","$v":[{"t":"idOrVar","v":"remaining"}," telefoontegoed resterend"]},{"$i":"zero-balance-message","$v":"Saldo heeft nul bereikt, geen telefoontegoed resterend."},{"$i":"not-available","$v":"Niet beschikbaar"},{"$i":"usage","$v":"Gebruik"},{"$i":"internet","$v":"Internet"},{"$i":"phone","$v":"Telefoon"},{"$i":"loading-interface-data","$v":"Interfacegegevens worden geladen. Probeer het later nog eens."},{"$i":"data-limit","$v":["Gegevenslimiet (",{"t":"idOrVar","v":"value"},")"]},{"$i":"data-available2","$v":{"zero":[{"t":"idOrVar","v":"value"}," ",{"t":"idOrVar","v":"unit"}," beschikbaar"],"one":[{"t":"idOrVar","v":"value"}," ",{"t":"idOrVar","v":"unit"}," beschikbaar"],"two":[{"t":"idOrVar","v":"value"}," ",{"t":"idOrVar","v":"unit"}," beschikbaar"],"few":[{"t":"idOrVar","v":"value"}," ",{"t":"idOrVar","v":"unit"}," beschikbaar"],"many":[{"t":"idOrVar","v":"value"}," ",{"t":"idOrVar","v":"unit"}," beschikbaar"],"other":[{"t":"idOrVar","v":"value"}," ",{"t":"idOrVar","v":"unit"}," beschikbaar"]},"$x":[{"t":"idOrVar","v":"plural"},"value"]},{"$i":"over-limit","$v":{"one":[{"t":"idOrVar","v":"value"}," ",{"t":"idOrVar","v":"unit"}," boven limiet"],"two":[{"t":"idOrVar","v":"value"}," ",{"t":"idOrVar","v":"unit"}," boven limiet"],"few":[{"t":"idOrVar","v":"value"}," ",{"t":"idOrVar","v":"unit"}," boven limiet"],"many":[{"t":"idOrVar","v":"value"}," ",{"t":"idOrVar","v":"unit"}," boven limiet"],"other":[{"t":"idOrVar","v":"value"}," ",{"t":"idOrVar","v":"unit"}," boven limiet"]},"$x":[{"t":"idOrVar","v":"plural"},"value"]},{"$i":"verbose-chart-date-format","$v":[{"t":"idOrVar","v":"monthday-number"}," ",{"t":"idOrVar","v":"em-month"}]},{"$i":"day-hour-format","$v":[{"t":"idOrVar","v":"day"},", ",{"t":"idOrVar","v":"time"}]},{"$i":"B","$v":"B"},{"$i":"KB","$v":"KB"},{"$i":"MB","$v":"MB"},{"$i":"GB","$v":"GB"},{"$i":"unit-MB","ariaLabel":"MB"},{"$i":"unit-GB","ariaLabel":"GB"},{"$i":"app-usage-list-header","$v":"Mobiel gebruik per app"},{"$i":"app-usage-no-data","$v":"U hebt nog geen mobiele gegevens gebruikt. Gebruik voor elke applicatie verschijnt hier als u dat doet."},{"$i":"data-used-since","$v":[{"t":"idOrVar","v":"amount"}," aan gegevens gebruikt sinds ",{"t":"idOrVar","v":"start-date"}]},{"$i":"data-used-this-week","$v":[{"t":"idOrVar","v":"amount"}," aan gegevens gebruikt deze week"]},{"$i":"data-used-this-month","$v":[{"t":"idOrVar","v":"amount"}," aan gegevens gebruikt deze maand"]},{"$i":"data-usage-other-apps","$v":"Overige"},{"$i":"data-usage-browser-app","$v":"Browser"},{"$i":"limit-layer-MB","ariaLabel":["Limiet van ",{"t":"idOrVar","v":"value"}," MB"]},{"$i":"limit-layer-GB","ariaLabel":["Limiet van ",{"t":"idOrVar","v":"value"}," GB"]},{"$i":"warning-layer","ariaLabel":[{"t":"idOrVar","v":"value"}," resterend"]},{"$i":"limit-exceeded-layer","ariaLabel":["Overschreden met ",{"t":"idOrVar","v":"value"}]},{"$i":"today-layer","ariaLabel":["Vandaag is het ",{"t":"idOrVar","v":"today"}]},{"$i":"axis-layer","ariaLabel":["Van ",{"t":"idOrVar","v":"from"}," tot ",{"t":"idOrVar","v":"to"}]},{"$i":"weekday-0-long","$v":"zondag"},{"$i":"weekday-1-long","$v":"maandag"},{"$i":"weekday-2-long","$v":"dinsdag"},{"$i":"weekday-3-long","$v":"woensdag"},{"$i":"weekday-4-long","$v":"donderdag"},{"$i":"weekday-5-long","$v":"vrijdag"},{"$i":"weekday-6-long","$v":"zaterdag"},{"$i":"weekday-0-short","$v":"zon"},{"$i":"weekday-1-short","$v":"maa"},{"$i":"weekday-2-short","$v":"din"},{"$i":"weekday-3-short","$v":"woe"},{"$i":"weekday-4-short","$v":"don"},{"$i":"weekday-5-short","$v":"vrij"},{"$i":"weekday-6-short","$v":"zat"},{"$i":"month-0-long","$v":"januari"},{"$i":"month-1-long","$v":"februari"},{"$i":"month-2-long","$v":"maart"},{"$i":"month-3-long","$v":"april"},{"$i":"month-4-long","$v":"mei"},{"$i":"month-5-long","$v":"juni"},{"$i":"month-6-long","$v":"juli"},{"$i":"month-7-long","$v":"augustus"},{"$i":"month-8-long","$v":"september"},{"$i":"month-9-long","$v":"oktober"},{"$i":"month-10-long","$v":"november"},{"$i":"month-11-long","$v":"december"},{"$i":"month-0-genitive","$v":"januari"},{"$i":"month-1-genitive","$v":"februari"},{"$i":"month-2-genitive","$v":"maart"},{"$i":"month-3-genitive","$v":"april"},{"$i":"month-4-genitive","$v":"mei"},{"$i":"month-5-genitive","$v":"juni"},{"$i":"month-6-genitive","$v":"juli"},{"$i":"month-7-genitive","$v":"augustus"},{"$i":"month-8-genitive","$v":"september"},{"$i":"month-9-genitive","$v":"oktober"},{"$i":"month-10-genitive","$v":"november"},{"$i":"month-11-genitive","$v":"december"},{"$i":"month-0-short","$v":"jan"},{"$i":"month-1-short","$v":"feb"},{"$i":"month-2-short","$v":"mrt"},{"$i":"month-3-short","$v":"apr"},{"$i":"month-4-short","$v":"mei"},{"$i":"month-5-short","$v":"jun"},{"$i":"month-6-short","$v":"jul"},{"$i":"month-7-short","$v":"aug"},{"$i":"month-8-short","$v":"sep"},{"$i":"month-9-short","$v":"okt"},{"$i":"month-10-short","$v":"nov"},{"$i":"month-11-short","$v":"dec"},{"$i":"minutes-ago-long","$v":{"zero":"zojuist","one":"een minuut geleden","two":[{"t":"idOrVar","v":"value"}," minuten geleden"],"few":[{"t":"idOrVar","v":"value"}," minuten geleden"],"many":[{"t":"idOrVar","v":"value"}," minuten geleden"],"other":[{"t":"idOrVar","v":"value"}," minuten geleden"]},"$x":[{"t":"idOrVar","v":"plural"},"value"]},{"$i":"hours-ago-long","$v":{"zero":"zojuist","one":"een uur geleden","two":[{"t":"idOrVar","v":"value"}," uur geleden"],"few":[{"t":"idOrVar","v":"value"}," uur geleden"],"many":[{"t":"idOrVar","v":"value"}," uur geleden"],"other":[{"t":"idOrVar","v":"value"}," uur geleden"]},"$x":[{"t":"idOrVar","v":"plural"},"value"]},{"$i":"days-ago-long","$v":{"zero":"vandaag","one":"gisteren","two":[{"t":"idOrVar","v":"value"}," dagen geleden"],"few":[{"t":"idOrVar","v":"value"}," dagen geleden"],"many":[{"t":"idOrVar","v":"value"}," dagen geleden"],"other":[{"t":"idOrVar","v":"value"}," dagen geleden"]},"$x":[{"t":"idOrVar","v":"plural"},"value"]},{"$i":"weeks-ago-long","$v":{"zero":"deze week","one":"vorige week","two":[{"t":"idOrVar","v":"value"}," weken geleden"],"few":[{"t":"idOrVar","v":"value"}," weken geleden"],"many":[{"t":"idOrVar","v":"value"}," weken geleden"],"other":[{"t":"idOrVar","v":"value"}," weken geleden"]},"$x":[{"t":"idOrVar","v":"plural"},"value"]},{"$i":"months-ago-long","$v":{"zero":"deze maand","one":"vorige maand","two":[{"t":"idOrVar","v":"value"}," maanden geleden"],"few":[{"t":"idOrVar","v":"value"}," maanden geleden"],"many":[{"t":"idOrVar","v":"value"}," maanden geleden"],"other":[{"t":"idOrVar","v":"value"}," maanden geleden"]},"$x":[{"t":"idOrVar","v":"plural"},"value"]},{"$i":"years-ago-long","$v":{"zero":"dit jaar","one":"vorig jaar","two":[{"t":"idOrVar","v":"value"}," jaar geleden"],"few":[{"t":"idOrVar","v":"value"}," jaar geleden"],"many":[{"t":"idOrVar","v":"value"}," jaar geleden"],"other":[{"t":"idOrVar","v":"value"}," jaar geleden"]},"$x":[{"t":"idOrVar","v":"plural"},"value"]},{"$i":"minutes-until-long","$v":{"zero":"nu","one":"zo meteen","two":["over ",{"t":"idOrVar","v":"value"}," minuten"],"few":["over ",{"t":"idOrVar","v":"value"}," minuten"],"many":["over ",{"t":"idOrVar","v":"value"}," minuten"],"other":["over ",{"t":"idOrVar","v":"value"}," minuten"]},"$x":[{"t":"idOrVar","v":"plural"},"value"]},{"$i":"hours-until-long","$v":{"zero":"nu","one":"over een uur","two":["over ",{"t":"idOrVar","v":"value"}," uur"],"few":["over ",{"t":"idOrVar","v":"value"}," uur"],"many":["over ",{"t":"idOrVar","v":"value"}," uur"],"other":["over ",{"t":"idOrVar","v":"value"}," uur"]},"$x":[{"t":"idOrVar","v":"plural"},"value"]},{"$i":"days-until-long","$v":{"zero":"vandaag","one":"morgen","two":["over ",{"t":"idOrVar","v":"value"}," dagen"],"few":["over ",{"t":"idOrVar","v":"value"}," dagen"],"many":["over ",{"t":"idOrVar","v":"value"}," dagen"],"other":["over ",{"t":"idOrVar","v":"value"}," dagen"]},"$x":[{"t":"idOrVar","v":"plural"},"value"]},{"$i":"weeks-until-long","$v":{"zero":"deze week","one":"volgende week","two":["over ",{"t":"idOrVar","v":"value"}," weken"],"few":["over ",{"t":"idOrVar","v":"value"}," weken"],"many":["over ",{"t":"idOrVar","v":"value"}," weken"],"other":["over ",{"t":"idOrVar","v":"value"}," weken"]},"$x":[{"t":"idOrVar","v":"plural"},"value"]},{"$i":"months-until-long","$v":{"zero":"deze maand","one":"volgende maand","two":["over ",{"t":"idOrVar","v":"value"}," maanden"],"few":["over ",{"t":"idOrVar","v":"value"}," maanden"],"many":["over ",{"t":"idOrVar","v":"value"}," maanden"],"other":["over ",{"t":"idOrVar","v":"value"}," maanden"]},"$x":[{"t":"idOrVar","v":"plural"},"value"]},{"$i":"years-until-long","$v":{"zero":"dit jaar","one":"volgend jaar","two":["over ",{"t":"idOrVar","v":"value"}," jaar"],"few":["over ",{"t":"idOrVar","v":"value"}," jaar"],"many":["over ",{"t":"idOrVar","v":"value"}," jaar"],"other":["over ",{"t":"idOrVar","v":"value"}," jaar"]},"$x":[{"t":"idOrVar","v":"plural"},"value"]},{"$i":"minutes-ago-short","$v":{"zero":"zojuist","other":[{"t":"idOrVar","v":"value"},"m geleden"]},"$x":[{"t":"idOrVar","v":"plural"},"value"]},{"$i":"hours-ago-short","$v":{"zero":"zojuist","other":[{"t":"idOrVar","v":"value"},"u geleden"]},"$x":[{"t":"idOrVar","v":"plural"},"value"]},{"$i":"days-ago-short","$v":{"zero":"vandaag","other":[{"t":"idOrVar","v":"value"},"d geleden"]},"$x":[{"t":"idOrVar","v":"plural"},"value"]},{"$i":"minutes-until-short","$v":{"zero":"nu","other":["over ",{"t":"idOrVar","v":"value"},"m"]},"$x":[{"t":"idOrVar","v":"plural"},"value"]},{"$i":"hours-until-short","$v":{"zero":"nu","other":["over ",{"t":"idOrVar","v":"value"},"h"]},"$x":[{"t":"idOrVar","v":"plural"},"value"]},{"$i":"days-until-short","$v":{"zero":"vandaag","other":["over ",{"t":"idOrVar","v":"value"},"d"]},"$x":[{"t":"idOrVar","v":"plural"},"value"]},{"$i":"incorrectDate","$v":"(onjuiste datum)"},{"$i":"dateTimeFormat_%c","$v":"%a %e %b %Y %H:%M:%S"},{"$i":"dateTimeFormat_%x","$v":"%d-%m-%Y"},{"$i":"dateTimeFormat_%X","$v":"%H:%M:%S"},{"$i":"shortTimeFormat","$v":"%H:%M"},{"$i":"shortTimeFormat12","$v":"%I:%M %p"},{"$i":"shortTimeFormat24","$v":"%H:%M"},{"$i":"shortDateTimeFormat","$v":"%x %H:%M"},{"$i":"weekStartsOnMonday","$v":"1"},{"$i":"firstDayOfTheWeek","$v":"1"},{"$i":"time_am","$v":"AM"},{"$i":"time_pm","$v":"PM"}]