[{"$i":"topup-confirmation-title2","$v":"ਵਰਤੋਂ"},{"$i":"topup-confirmation-message","$v":"ਟਾਪ-ਅੱਪ ਪੁਸ਼ਟੀ ਕੀਤੀ"},{"$i":"topup-incorrectcode-title2","$v":"ਵਰਤੋਂ"},{"$i":"topup-incorrectcode-message3","$v":"ਗਲਤ ਟਾਪ-ਅੱਪ ਕੋਡ ਦਿੱਤਾ"},{"$i":"updating","$v":"ਅੱਪਡੇਟ ਜਾਰੀ"},{"$i":"updating-ellipsis","$v":"…ਅੱਪਡੇਟ ਕੀਤਾ ਜਾ ਰਿਹਾ ਹੈ"},{"$i":"yesterday","$v":"ਕੱਲ੍ਹ"},{"$i":"today","$v":"ਅੱਜ"},{"$i":"never","$v":"ਕਦੇ ਨਹੀਂ"},{"$i":"magnitude","$v":[{"t":"idOrVar","v":"value"}," ",{"t":"idOrVar","v":"unit"}]},{"$i":"currency","$v":[{"t":"idOrVar","v":"currency"},{"t":"idOrVar","v":"value"}]},{"$i":"widget","$v":"ਵਰਤੋਂ ਵਿਦਜੈਟ"},{"$i":"widget-authed-sim-heading","$v":["ਨਵਾਂ ",{"t":"idOrVar","v":"provider"}," ਸਿਮ ਪਾਇਆ"]},{"$i":"widget-authed-sim-meta","$v":"ਆਪਣੇ ਫੋਨ ਅਤੇ ਇੰਟਰਨੈੱਟ ਵਰਤੋਂ ਬਾਰੇ ਧਿਆਨ ਰੱਖਣ ਲਈ ਛੂਹੋ"},{"$i":"widget-nonauthed-sim-heading","$v":"ਨਵਾਂ ਸਿਮ ਪਾਇਆ"},{"$i":"widget-nonauthed-sim-meta","$v":"ਆਪਣੇ ਇੰਟਰਨੈੱਟ ਦੀ ਵਰਤੋਂ ਦਾ ਧਿਆਨ ਰੱਖਣ ਲਈ ਛੂਹੋ"},{"$i":"widget-airplane-mode-heading","$v":"ਏਅਰਪਲੇਨ ਮੋਡ"},{"$i":"widget-airplane-mode-meta","$v":"ਵਰਤੋਂ ਚਾਲੂ ਕਰਨ ਲਈ ਏਅਰਪਲੇਨ ਢੰਗ ਬੰਦ ਕਰੋ।"},{"$i":"widget-no-sim2-heading","$v":"ਕੋਈ ਸਿਮ ਨਹੀਂ ਪਾਇਆ"},{"$i":"widget-no-sim2-meta","$v":"ਵਰਤੋਂ ਸ਼ੁਰੂ ਕਰਨ ਲਈ ਸਿਮ ਪਾਉ ਜੀ।"},{"$i":"widget-sim-locked-heading","$v":"ਲਾਕ ਕੀਤਾ ਸਿਮ ਕਾਰਡ"},{"$i":"widget-sim-locked-meta","$v":"ਵਰਤੋਂ ਕਰਨ ਲਈ ਆਪਣਾ ਸਿਮ ਅਣ-ਲਾਕ ਕਰੋ।"},{"$i":"widget-unknown-heading","$v":"Error"},{"$i":"widget-unknown-meta","$v":"Please, make sure airplane mode is off."},{"$i":"fte","$v":"ਪਹਿਲੀ ਵਾਰ ਤਜਰਬਾ ਵਰਤੋਂ"},{"$i":"fte-authed-sim","$v":"ਆਪਣੇ ਫੋਨ ਅਤੇ ਆਪਣੀ ਇੰਟਰਨੈੱਟ ਵਰਤੋਂ ਦੇ ਬਾਰੇ ਜਾਣਕਾਰੀ ਰੱਖ ਕੇ ਆਪਣੇ ਪੈਸੇ ਬਚਾਉ।"},{"$i":"fte-nonauthed-sim","$v":"ਆਪਣੀ ਇੰਟਰਨੈੱਟ ਵਰਤੋਂ ਦੇ ਬਾਰੇ ਜਾਣਕਾਰੀ ਰੱਖ ਕੇ ਆਪਣੇ ਪੈਸੇ ਬਚਾਉ।"},{"$i":"fte-no-sim","$v":"ਸਪਸ਼ਟ ਜਾਣਕਾਰੀ ਲਵੋ ਕਿ ਤੁਸੀਂ ਕਿੰਨਾ ਇੰਟਰਨੈੱਟ ਵਰਤ ਰਹੇ ਹੋ।"},{"$i":"fte-sim-info2","$v":"ਵਰਤੋਂ ਦੇ ਬਾਰੇ ਵਿਖਾਈ ਗਈ ਜਾਣਕਾਰੀ ਸਿੱਧੀ ਇਸ ਯੰਤਰ ਤੋਂ ਆਉਂਦੀ ਹੈ। ਵੇਰਵੇ ਸਮੇਤ ਖਾਤਾ ਜਾਣਕਾਰੀ ਲਈ ਆਪਣੇ ਮੋਬਾਇਲ ਸੇਵਾ ਦੇਣ ਵਾਲੇ ਨਾਲ ਸੰਪਰਕ ਕਰੋ।"},{"$i":"fte-plantype-title","$v":"ਇਕਰਾਰ ਦੀ ਕਿਸਮ"},{"$i":"fte-plantype-hint","$v":"ਇਕਰਾਰ ਦੀ ਕਿਸਮ ਚੁਣੋ, ਜੋ ਕਿ ਤੁਸੀਂ ਆਪਣੇ ਮੋਬਾਇਲ ਸੇਵਾ ਦੇਣ ਵਾਲੇ ਨਾਲ ਕੀਤਾ ਹੈ।"},{"$i":"fte-prepaid2-title","$v":"ਘੱਟ ਬੈਲਨਸ ਚੇਤਾਵਨੀ"},{"$i":"fte-prepaid2-hint","$v":"ਕਰੈਡਿਟ ਖਤਮ ਹੋਣ ਤੋਂ ਬਚਣ ਲਈ ਚੇਤਾਵਨੀ ਤਹਿ ਕਰੋ।"},{"$i":"fte-prepaid3-title","$v":"ਡਾਟਾ ਰਿਪੋਰਟ ਅਤੇ ਚੇਤਾਵਨੀ"},{"$i":"fte-prepaid3-hint","$v":"ਆਪਣੀ ਇੰਟਰਨੈੱਟ ਵਰਤੋਂ ਬਾਰੇ ਰਿਪੋਰਟਾਂ ਪ੍ਰਾਪਤ ਕਰੋ ਅਤੇ ਬਹੁਤ ਵੱਧ ਵਰਤੋਂ ਤੋਂ ਬਚਣ ਲਈ ਚੇਤਾਵਨੀ ਤਹਿ ਕਰੋ।"},{"$i":"fte-postpaid2-title","$v":"ਫੋਨ ਤੇ ਡਾਟਾ ਰਿਪੋਰਟ"},{"$i":"fte-postpaid2-hint","$v":"ਆਪਣੇ ਫੋਨ ਅਤੇ ਇੰਟਰਨੈੱਟ ਵਰਤੋਂ ਬਾਰੇ ਰਿਪੋਰਟਾਂ ਪ੍ਰਾਪਤ ਕਰੋ"},{"$i":"fte-postpaid3-title","$v":"ਡਾਟਾ ਚੇਤਾਵਨੀ"},{"$i":"fte-postpaid3-hint","$v":"ਬਹੁਤ ਵੱਧ ਡਾਟਾ ਵਰਤਣ ਤੋਂ ਬਚਣ ਲਈ ਚੇਤਾਵਨੀ ਤਹਿ ਕਰੋ"},{"$i":"fte-onlydata2-title","$v":"ਡਾਟਾ ਰਿਪੋਰਟ"},{"$i":"fte-onlydata2-hint","$v":"ਆਪਣੀ ਇੰਟਰਨੈੱਟ ਵਰਤੋਂ ਬਾਰੇ ਰਿਪੋਰਟਾਂ ਪ੍ਰਾਪਤ ਕਰੋ"},{"$i":"fte-onlydata3-title","$v":"ਡਾਟਾ ਚੇਤਾਵਨੀ"},{"$i":"fte-onlydata3-hint","$v":"ਬਹੁਤ ਵੱਧ ਡਾਟਾ ਵਰਤਣ ਤੋਂ ਬਚਣ ਲਈ ਚੇਤਾਵਨੀ ਤਹਿ ਕਰੋ"},{"$i":"phone-activity","$v":"ਫੋਨ ਸਰਗਰਮੀ"},{"$i":"balance","$v":"ਬੈਲਨਸ"},{"$i":"on-roaming-message2","$v":"ਰੋਮਿੰਗ: ਆਪਣੇ-ਆਪ ਬੈਨਲਸ ਅੱਪਡੇਟ ਨਹੀਂ। ਤੁਹਾਨੂੰ ਦਸਤੀ ਅੱਪਡੇਟ ਕਰਨ ਲਈ ਚਾਰਜ ਕਰਨਾ ਪਵੇਗਾ।"},{"$i":"balance-error-message2","$v":"ਬੈਲਨਸ ਠੀਕ ਤਰ੍ਹਾਂ ਅੱਪਡੇਟ ਨਹੀਂ ਹੋਇਆ। ਖੁਦ ਅੱਪਡੇਟ ਕਰਨ ਦੀ ਕੋਸ਼ਿਸ਼ ਕਰੋ।"},{"$i":"airplane-mode-error-message2","$v":"ਆਪਣੇ ਬੈਲਨਸ ਜਾਂ ਟਾਪ ਅੱਪ ਨੂੰ ਅੱਪਡੇਟ ਕਰਨ ਲਈ ਤੁਹਾਨੂੰ ਏਅਰਪਲੇਨ ਢੰਗ ਬੰਦ ਕਰਨਾ ਕਰਨਾ ਪਵੇਗਾ।"},{"$i":"disable-airplane-mode","$v":"ਕੀ ਅੱਪਡੇਟ ਜਾਂ ਟਾਪ ਅੱਪ ਲਈ ਏਅਰਪਲੇਨ ਢੰਗ ਨੂੰ ਬੰਦ ਕਰਨਾ ਚਾਹੁੰਦੇ ਹੋ?"},{"$i":"no-coverage-error-message2","$v":"ਆਪਣੇ ਬੈਲਨਸ ਜਾਂ ਟਾਪ ਅੱਪ ਨੂੰ ਅੱਪਡੇਟ ਕਰਨ ਲਈ ਤੁਹਾਨੂੰ ਫੋਨ ਖੇਤਰ ਵਿੱਚ ਹੋਣ ਦੀ ਲੋੜ ਹੈ।"},{"$i":"top-up","$v":"ਟਾਪ ਅੱਪ"},{"$i":"enter-top-up-code","$v":"ਟਾਪ-ਅੱਪ ਕੋਡ ਦਿਉ"},{"$i":"top-up-code-explanation2","$v":"ਇਸ ਨੂੰ ਆਪਣੇ ਸਕਰੈਚ ਕਾਰਡ ਉੱਤੇ ਲੱਭੋ ਜਾਂ ਆਪਣੀ ਰਸੀਦ ਤੋਂ ਸਿੱਧਾ ਲਵੋ"},{"$i":"wait-for-confirmation","$v":"ਤੁਹਾਨੂੰ ਪੁਸ਼ਟੀ ਸੁਨੇਹਾ ਪ੍ਰਾਪਤ ਹੋਵੇਗਾ"},{"$i":"incorrect-code2","$v":"ਪੱਕਾ ਕਰੋ ਕਿ ਕੋਡ ਠੀਕ ਹੈ ਅਤੇ ਫੇਰ ਕੋਸ਼ਿਸ ਕਰੋ।"},{"$i":"topup-error2","$v":"ਕੋਡ ਭੇਜਣ ਵਿੱਚ ਸਮੱਸਿਆ ਹੈ। ਬਾਅਦ ਵਿੱਚ ਕੋਸ਼ਿਸ਼ ਕਰੋ।"},{"$i":"application-error-title","$v":"ਸੇਵਾ ਉਪਲੱਬਧ ਨਹੀਂ ਹੈ"},{"$i":"application-error-message","$v":"ਆਪਣੀ ਕੰਪਨੀ ਦੇ ਪ੍ਰਤੀਨਿਧ ਨਾਲ ਸੰਪਰਕ ਕਰੋ"},{"$i":"service-unavailable-title","$v":"ਸੇਵਾ ਨਾ-ਉਪਲੱਬਧ"},{"$i":"service-unavailable-message","$v":"ਇਸ ਸਮੇਂ ਨਾ ਅੱਪਡੇਟ ਜਾਂ ਟਾਪ-ਅੱਪ ਸੰਭਵ ਹੈ। ਬਾਅਦ ਵਿੱਚ ਕੋਸ਼ਿਸ਼ ਕਰੋ।"},{"$i":"data-usage","$v":"ਡਾਟਾ ਵਰਤੋਂ"},{"$i":"update-button","$v":"ਅੱਪਡੇਟ"},{"$i":"topup-button2","$v":"ਟਾਪ-ਅੱਪ ਕੋਡ ਵਰਤੋਂ"},{"$i":"topup-ussd-button2","$v":"ਟਾਪ-ਅੱਪ ਮੇਨੂ ਖੋਲ੍ਹੋ"},{"$i":"ok","$v":"ਠੀਕ ਹੈ"},{"$i":"top-up-in-progress2","$v":"ਤੁਹਾਡੇ ਟਾਪ-ਅੱਪ ਉੱਤੇ ਕਾਰਵਾਈ ਜਾਰੀ"},{"$i":"top-up-timed-out2","$v":"ਪੁਸ਼ਟੀ ਕਰਨ ਲਈ ਆਪਣੇ ਬੈਲਨਸ ਨੂੰ ਅੱਪਡੇਟ ਕਰੋ। ਜੇ ਬੈਲਨਸ ਨਹੀਂ ਬਦਲਦਾ ਤਾਂ ਟਾਪ-ਅੱਪ ਕਰਨ ਦੀ ਫੇਰ ਕੋਸ਼ਿਸ਼ ਕਰੋ।"},{"$i":"on-topup-not-confirmed-title","$v":"ਟਾਪ-ਅੱਪ ਦੀ ਪੁਸ਼ਟੀ ਨਹੀਂ"},{"$i":"on-topup-not-confirmed-message","$v":"ਆਪਣੇ ਬੈਲਨਸ ਨੂੰ ਅੱਪਡੇਟ ਕਰਕੇ ਕੋਸ਼ਿਸ਼ ਕਰੋ ਜਾਂ ਟਾਪ-ਅੱਪ ਕਰਨ ਦੀ ਮੁੜ-ਕੋਸ਼ਿਸ਼ ਕਰੋ।"},{"$i":"send","$v":"ਭੇਜੋ"},{"$i":"plantype-setup-title","$v":"ਮੇਰਾ ਫੋਨ ਅਤੇ ਇੰਟਰਨੈੱਟ ਸਕੀਮ ਹੈ"},{"$i":"prepaid","$v":"ਪ੍ਰੀਪੇਡ"},{"$i":"postpaid","$v":"ਪੋਸਟਪੇਡ"},{"$i":"phoneactivity","$v":"ਫੋਨ ਸਰਗਰਮੀ"},{"$i":"short-date-format","$v":"%d %b"},{"$i":"long-date-format","$v":"%B %d, %Y"},{"$i":"sms-sent","$v":"ਭੇਜੇ SMS"},{"$i":"call-made","$v":"ਕੀਤੀਆ ਕਾਲਾਂ"},{"$i":"settings","$v":"ਸੈਟਿੰਗ"},{"$i":"low-balance-alert","$v":"ਘੱਟ ਬੈਲਨਸ ਚੇਤਾਵਨੀ"},{"$i":"low-balance-explanation2","$v":"ਜਦੋਂ ਬੈਲਨਸ ਇਸ ਤੋਂ ਘੱਟ ਹੋਵੇ"},{"$i":"phone-and-internet-data-report","$v":"ਫੋਨ ਤੇ ਇੰਟਰਨੈੱਟ ਡਾਟਾ ਰਿਪੋਰਟ"},{"$i":"internet-data-report","$v":"ਇੰਟਰਨੈੱਟ ਡਾਟਾ ਰਿਪੋਰਟ"},{"$i":"starting-on","$v":"ਸ਼ੁਰੂ ਹੁੰਦਾ ਹੈ"},{"$i":"cancel","$v":"ਰੱਦ ਕਰੋ"},{"$i":"monthly","$v":"ਮਹੀਨੇਵਾਰ"},{"$i":"weekly","$v":"ਹਫ਼ਤੇਵਾਰ"},{"$i":"monday","$v":"ਸੋਮਵਾਰ"},{"$i":"tuesday","$v":"ਮੰਗਲਵਾਰ"},{"$i":"wednesday","$v":"ਬੁੱਧਵਰ"},{"$i":"thursday","$v":"ਵੀਰਵਾਰ"},{"$i":"friday","$v":"ਸ਼ੁੱਕਰਵਾਰ"},{"$i":"saturday","$v":"ਸ਼ਨਿੱਚਰਵਾਰ"},{"$i":"sunday","$v":"ਐਤਵਾਰ"},{"$i":"billing-cycle-ends","$v":"ਬਿੱਲ ਸਾਈਕਲ ਖਤਮ ਹੁੰਦਾ ਹੈ"},{"$i":"tracking-will-reset","$v":"ਇਸ ਮਿਤੀ ਨੂੰ ਟਰੈਕਿੰਗ ਮੁੜ-ਸੈੱਟ ਹੋਵੇਗੀ।"},{"$i":"yes","$v":"ਹਾਂ"},{"$i":"done","$v":"ਮੁਕੰਮਲ"},{"$i":"confirmation","$v":"ਪੁਸ਼ਟੀ"},{"$i":"reset-wifi-confirmation-warning","$v":["Your current Wi-Fi data usage is ",{"t":"idOrVar","v":"wifiData"},". Clear it all?"]},{"$i":"reset-mobile-confirmation-warning","$v":["Your current mobile data usage is ",{"t":"idOrVar","v":"mobileData"},". Clear it all?"]},{"$i":"reset-all-confirmation-warning","$v":["Your current data usages are ",{"t":"idOrVar","v":"mobileData"}," on mobile, ",{"t":"idOrVar","v":"wifiData"}," on Wi-Fi. Clear it all?"]},{"$i":"reset-telephony-confirmation-warning","$v":"All current data will be deleted. Are you sure you want to reset?"},{"$i":"reset","$v":"ਮੁੜ-ਸੈੱਟ"},{"$i":"reset-wifi","$v":"ਵਾਈ-ਫਾਈ ਵਰਤੋਂ ਮੁੜ-ਸੈੱਟ"},{"$i":"reset-mobile","$v":"ਮੋਬਾਇਲ ਵਰਤੋਂ ਮੁੜ-ਸੈੱਟ"},{"$i":"reset-all","$v":"Reset mobile & Wi-Fi data"},{"$i":"not-set","$v":"ਤਹਿ ਨਹੀਂ"},{"$i":"used","$v":"ਵਰਤਿਆ"},{"$i":"limit-passed","$v":"ਹੱਦ ਲੰਘੀ"},{"$i":"limit","$v":"ਹੱਦ"},{"$i":"data-limit-header","$v":"ਡਾਟਾ ਵਰਤੋਂ ਹੱਦ"},{"$i":"data-limit-alert","$v":"ਡਾਟਾ ਵਰਤੋਂ ਚੇਤਾਵਨੀ"},{"$i":"data-limit-value2","$v":"ਜਦੋਂ ਵਰਤੋਂ ਵੱਧ ਜਾਵੇ"},{"$i":"data-limit-dialog-title2","$v":"ਮੋਬਾਇਲ ਡਾਟਾ ਹੱਦ ਚੇਤਾਵਨੀ ਤਹਿ ਕਰੋ"},{"$i":"data-limit-dialog-explanation2","$v":"ਹੱਦ ਤੱਕ ਅੱਪੜਨ ਦੇ ਬਾਅਦ ਸਪੀਡ ਘੱਟਦੀ ਹੈ। ਢੁੱਕਵਾਂ ਸਾਵਧਾਨ ਕਰਨ ਪੱਧਰ ਤਹਿ ਕਰਨ ਵਾਸਤੇ ਤੁਹਾਨੂੰ ਆਪਣੇ ਡਾਟਾ ਉਪਲੱਬਧ ਕਰਵਾਉਣ ਵਾਲੇ ਨਾਲ ਗੱਲ ਕਰਨੀ ਚਾਹੀਦੀ ਹੈ।"},{"$i":"data-limit-input-label","ariaLabel":"Data limit"},{"$i":"wifi-usage","$v":"ਵਾਈ-ਫਾਈ ਵਰਤੋਂ"},{"$i":"mobile-usage","$v":"ਮੋਬਾਇਲ ਵਰਤੋਂ"},{"$i":"wifi-usage-settings","$v":"ਵਾਈ-ਫਾਈ ਵਰਤੋਂ"},{"$i":"mobile-usage-settings","$v":"ਮੋਬਾਇਲ ਵਰਤੋਂ"},{"$i":"im-prepaid","$v":"ਮੈਂ ਪ੍ਰੀ-ਪੇਡ ਹਾਂ"},{"$i":"im-postpaid","$v":"ਮੈਂ ਪੋਸਟ-ਪੇਡ ਹਾਂ"},{"$i":"reset-data-usage","$v":"ਡਾਟਾ ਵਰਤੋਂ ਮੁੜ-ਸੈੱਟ"},{"$i":"reset-report","$v":"ਰਿਪੋਰਟ ਮੁੜ-ਸੈੱਟ"},{"$i":"next","$v":"ਅੱਗੇ"},{"$i":"back","$v":"ਪਿੱਛੇ"},{"$i":"lets-go","$v":"ਆਓ ਚੱਲੀਏ!"},{"$i":"alert","$v":"ਚੇਤਾਵਨੀ"},{"$i":"alert-limit","$v":"ਚੇਤਾਵਨੀ ਹੱਦ"},{"$i":"fte-welcome-title","$v":"ਜੀ ਆਇਆਂ ਨੂੰ"},{"$i":"data-limit-notification-title2","$v":[{"t":"idOrVar","v":"limit"}," ਡਾਟਾ ਵਰਤਿਆ"]},{"$i":"data-limit-notification-text2","$v":"ਤੁਸੀਂ ਆਪਣੀ ਚੁਣੀ ਹੱਦ ਤੱਕ ਪਹੁੰਚ ਗਏ ਹੋ"},{"$i":"low-balance-notification-title","$v":"ਘੱਟ ਬੈਲਨਸ"},{"$i":"low-balance-notification-text","$v":[{"t":"idOrVar","v":"remaining"}," ਫੋਨ ਕਰੈਡਿਟ ਬਾਕੀ ਹੈ"]},{"$i":"zero-balance-message","$v":"ਬੈਲਨਸ ਸਿਫ਼ਰ ਹੋ ਗਿਆ ਹੈ, ਕੋਈ ਫੋਨ ਕਰੈਡਿਟ ਬਾਕੀ ਨਹੀਂ ਬਚਿਆ।"},{"$i":"not-available","$v":"ਮੌਜੂਦ ਨਹੀਂ"},{"$i":"usage","$v":"ਵਰਤੋਂ"},{"$i":"internet","$v":"ਇੰਟਰਨੈੱਟ"},{"$i":"phone","$v":"ਫੋਨ"},{"$i":"loading-interface-data","$v":"ਇੰਟਰਫੇਸ ਲੋਡ ਕੀਤਾ ਜਾ ਰਿਹਾ ਹੈ। ਕੁਝ ਕੁ ਪਲਾਂ ਵਿੱਚ ਫੇਰ ਕੋਸ਼ਿਸ਼ ਕਰੋ ਜੀ।"},{"$i":"data-limit","$v":["ਡਾਟਾ ਹੱਦ (",{"t":"idOrVar","v":"value"},")"]},{"$i":"data-available2","$v":{"zero":[{"t":"idOrVar","v":"value"}," ",{"t":"idOrVar","v":"unit"}," ਮੌਜੂਦ"],"one":[{"t":"idOrVar","v":"value"}," ",{"t":"idOrVar","v":"unit"}," ਮੌਜੂਦ"],"two":[{"t":"idOrVar","v":"value"}," ",{"t":"idOrVar","v":"unit"}," ਮੌਜੂਦ"],"few":[{"t":"idOrVar","v":"value"}," ",{"t":"idOrVar","v":"unit"}," ਮੌਜੂਦ"],"many":[{"t":"idOrVar","v":"value"}," ",{"t":"idOrVar","v":"unit"}," ਮੌਜੂਦ"],"other":[{"t":"idOrVar","v":"value"}," ",{"t":"idOrVar","v":"unit"}," ਮੌਜੂਦ"]},"$x":[{"t":"idOrVar","v":"plural"},"value"]},{"$i":"over-limit","$v":{"one":[{"t":"idOrVar","v":"value"}," ",{"t":"idOrVar","v":"unit"}," over limit"],"two":[{"t":"idOrVar","v":"value"}," ",{"t":"idOrVar","v":"unit"}," over limit"],"few":[{"t":"idOrVar","v":"value"}," ",{"t":"idOrVar","v":"unit"}," over limit"],"many":[{"t":"idOrVar","v":"value"}," ",{"t":"idOrVar","v":"unit"}," over limit"],"other":[{"t":"idOrVar","v":"value"}," ",{"t":"idOrVar","v":"unit"}," over limit"]},"$x":[{"t":"idOrVar","v":"plural"},"value"]},{"$i":"verbose-chart-date-format","$v":[{"t":"idOrVar","v":"em-month"}," ",{"t":"idOrVar","v":"monthday-number"}]},{"$i":"day-hour-format","$v":[{"t":"idOrVar","v":"day"},", ",{"t":"idOrVar","v":"time"}]},{"$i":"B","$v":"B"},{"$i":"KB","$v":"KB"},{"$i":"MB","$v":"MB"},{"$i":"GB","$v":"GB"},{"$i":"unit-MB","ariaLabel":"MB"},{"$i":"unit-GB","ariaLabel":"GB"},{"$i":"app-usage-list-header","$v":"Mobile usage per app"},{"$i":"app-usage-no-data","$v":"You have not used any mobile data yet. Usage for each application will show up here when you do."},{"$i":"data-used-since","$v":[{"t":"idOrVar","v":"amount"}," of data used since ",{"t":"idOrVar","v":"start-date"}]},{"$i":"data-used-this-week","$v":[{"t":"idOrVar","v":"amount"}," of data used this week"]},{"$i":"data-used-this-month","$v":[{"t":"idOrVar","v":"amount"}," of data used this month"]},{"$i":"data-usage-other-apps","$v":"Others"},{"$i":"data-usage-browser-app","$v":"Browser"},{"$i":"limit-layer-MB","ariaLabel":["Limit of ",{"t":"idOrVar","v":"value"}," MB"]},{"$i":"limit-layer-GB","ariaLabel":["Limit of ",{"t":"idOrVar","v":"value"}," GB"]},{"$i":"warning-layer","ariaLabel":[{"t":"idOrVar","v":"value"}," left"]},{"$i":"limit-exceeded-layer","ariaLabel":["Exceeded by ",{"t":"idOrVar","v":"value"}]},{"$i":"today-layer","ariaLabel":["Today is ",{"t":"idOrVar","v":"today"}]},{"$i":"axis-layer","ariaLabel":["From ",{"t":"idOrVar","v":"from"}," to ",{"t":"idOrVar","v":"to"}]},{"$i":"weekday-0-long","$v":"ਐਤਵਾਰ"},{"$i":"weekday-1-long","$v":"ਸੋਮਵਾਰ"},{"$i":"weekday-2-long","$v":"ਮੰਗਲਵਾਰ"},{"$i":"weekday-3-long","$v":"ਬੁੱਧਵਾਰ"},{"$i":"weekday-4-long","$v":"ਵੀਰਵਾਰ"},{"$i":"weekday-5-long","$v":"ਸ਼ੁੱਕਰਵਾਰ"},{"$i":"weekday-6-long","$v":"ਸ਼ਨਿੱਚਰਵਾਰ"},{"$i":"weekday-0-short","$v":"ਐਤ"},{"$i":"weekday-1-short","$v":"ਸੋਮ"},{"$i":"weekday-2-short","$v":"ਮੰਗਲ"},{"$i":"weekday-3-short","$v":"ਬੁੱਧ"},{"$i":"weekday-4-short","$v":"ਵੀਰ"},{"$i":"weekday-5-short","$v":"ਸ਼ੁੱਕਰ"},{"$i":"weekday-6-short","$v":"ਸ਼ਨਿੱ"},{"$i":"month-0-long","$v":"ਜਨਵਰੀ"},{"$i":"month-1-long","$v":"ਫਰਵਰੀ"},{"$i":"month-2-long","$v":"ਮਾਰਚ"},{"$i":"month-3-long","$v":"ਅਪਰੈਲ"},{"$i":"month-4-long","$v":"ਮਈ"},{"$i":"month-5-long","$v":"ਜੂਨ"},{"$i":"month-6-long","$v":"ਜੁਲਾਈ"},{"$i":"month-7-long","$v":"ਅਗਸਤ"},{"$i":"month-8-long","$v":"ਸਤੰਬਰ"},{"$i":"month-9-long","$v":"ਅਕਤੂਬਰ"},{"$i":"month-10-long","$v":"ਨਵੰਬਰ"},{"$i":"month-11-long","$v":"ਦਸੰਬਰ"},{"$i":"month-0-genitive","$v":"ਜਨਵਰੀ"},{"$i":"month-1-genitive","$v":"ਫਰਵਰੀ"},{"$i":"month-2-genitive","$v":"ਮਾਰਚ"},{"$i":"month-3-genitive","$v":"ਅਪਰੈਲ"},{"$i":"month-4-genitive","$v":"ਮਈ"},{"$i":"month-5-genitive","$v":"ਜੂਨ"},{"$i":"month-6-genitive","$v":"ਜੁਲਾਈ"},{"$i":"month-7-genitive","$v":"ਅਗਸਤ"},{"$i":"month-8-genitive","$v":"ਸਤੰਬਰ"},{"$i":"month-9-genitive","$v":"ਅਕਤੂਬਰ"},{"$i":"month-10-genitive","$v":"ਨਵੰਬਰ"},{"$i":"month-11-genitive","$v":"ਦਸੰਬਰ"},{"$i":"month-0-short","$v":"ਜਨ"},{"$i":"month-1-short","$v":"ਫਰ"},{"$i":"month-2-short","$v":"ਮਾਰ"},{"$i":"month-3-short","$v":"ਅਪ"},{"$i":"month-4-short","$v":"ਮਈ"},{"$i":"month-5-short","$v":"ਜੂਨ"},{"$i":"month-6-short","$v":"ਜੁਲਾ"},{"$i":"month-7-short","$v":"ਅਗ"},{"$i":"month-8-short","$v":"ਸਤੰ"},{"$i":"month-9-short","$v":"ਅਕਤੂ"},{"$i":"month-10-short","$v":"ਨਵੰ"},{"$i":"month-11-short","$v":"ਦਸੰ"},{"$i":"minutes-ago-long","$v":{"zero":"ਹੁਣੇ ਹੀਂ","one":"ਮਿੰਟ ਕੁ ਪਹਿਲਾਂ","two":[{"t":"idOrVar","v":"value"}," ਮਿੰਟ ਪਹਿਲਾਂ"],"few":[{"t":"idOrVar","v":"value"}," ਮਿੰਟ ਪਹਿਲਾਂ"],"many":[{"t":"idOrVar","v":"value"}," ਮਿੰਟ ਪਹਿਲਾਂ"],"other":[{"t":"idOrVar","v":"value"},"  ਮਿੰਟ ਪਹਿਲਾਂ"]},"$x":[{"t":"idOrVar","v":"plural"},"value"]},{"$i":"hours-ago-long","$v":{"zero":"ਹੁਣੇ ਹੀ","one":"ਘੰਟਾ ਪਹਿਲਾਂ","two":[{"t":"idOrVar","v":"value"}," ਘੰਟੇ ਪਹਿਲਾਂ"],"few":[{"t":"idOrVar","v":"value"}," ਘੰਟੇ ਪਹਿਲਾਂ"],"many":[{"t":"idOrVar","v":"value"}," ਘੰਟੇ ਪਹਿਲਾਂ"],"other":[{"t":"idOrVar","v":"value"}," ਘੰਟੇ ਪਹਿਲਾਂ"]},"$x":[{"t":"idOrVar","v":"plural"},"value"]},{"$i":"days-ago-long","$v":{"zero":"ਅੱਜ","one":"ਕੱਲ੍ਹ","two":[{"t":"idOrVar","v":"value"}," ਦਿਨ ਪਹਿਲਾਂ"],"few":[{"t":"idOrVar","v":"value"}," ਦਿਨ ਪਹਿਲਾਂ"],"many":[{"t":"idOrVar","v":"value"}," ਦਿਨ ਪਹਿਲਾਂ"],"other":[{"t":"idOrVar","v":"value"}," ਦਿਨ ਪਹਿਲਾਂ"]},"$x":[{"t":"idOrVar","v":"plural"},"value"]},{"$i":"weeks-ago-long","$v":{"zero":"ਇਹ ਹਫ਼ਤੇ","one":"ਪਿਛਲੇ ਹਫ਼ਤੇ","two":[{"t":"idOrVar","v":"value"}," ਹਫ਼ਤੇ ਪਹਿਲਾਂ"],"few":[{"t":"idOrVar","v":"value"}," ਹਫ਼ਤੇ ਪਹਿਲਾਂ"],"many":[{"t":"idOrVar","v":"value"}," ਹਫ਼ਤੇ ਪਹਿਲਾਂ"],"other":[{"t":"idOrVar","v":"value"}," ਹਫ਼ਤੇ ਪਹਿਲਾਂ"]},"$x":[{"t":"idOrVar","v":"plural"},"value"]},{"$i":"months-ago-long","$v":{"zero":"ਇਹ ਮਹੀਨੇ","one":"ਪਿਛਲੇ ਮਹੀਨੇ","two":[{"t":"idOrVar","v":"value"}," ਮਹੀਨੇ ਪਹਿਲਾਂ"],"few":[{"t":"idOrVar","v":"value"}," ਮਹੀਨੇ ਪਹਿਲਾਂ"],"many":[{"t":"idOrVar","v":"value"}," ਮਹੀਨੇ ਪਹਿਲਾਂ"],"other":[{"t":"idOrVar","v":"value"}," ਮਹੀਨੇ ਪਹਿਲਾਂ"]},"$x":[{"t":"idOrVar","v":"plural"},"value"]},{"$i":"years-ago-long","$v":{"zero":"ਇਹ ਸਾਲ","one":"ਪਿਛਲੇ ਸਾਲ","two":[{"t":"idOrVar","v":"value"}," ਸਾਲ ਪਹਿਲਾਂ"],"few":[{"t":"idOrVar","v":"value"}," ਸਾਲ ਪਹਿਲਾਂ"],"many":[{"t":"idOrVar","v":"value"}," ਸਾਲ ਪਹਿਲਾਂ"],"other":[{"t":"idOrVar","v":"value"}," ਸਾਲ ਪਹਿਲਾਂ"]},"$x":[{"t":"idOrVar","v":"plural"},"value"]},{"$i":"minutes-until-long","$v":{"zero":"ਹੁਣ","one":"ਮਿੰਟ ਵਿੱਚ","two":[{"t":"idOrVar","v":"value"}," ਮਿੰਟਾਂ ਵਿੱਚ"],"few":[{"t":"idOrVar","v":"value"}," ਮਿੰਟਾਂ ਵਿੱਚ"],"many":[{"t":"idOrVar","v":"value"}," ਮਿੰਟਾਂ ਵਿੱਚ"],"other":[{"t":"idOrVar","v":"value"}," ਮਿੰਟਾਂ ਵਿੱਚ"]},"$x":[{"t":"idOrVar","v":"plural"},"value"]},{"$i":"hours-until-long","$v":{"zero":"ਹੁਣ","one":"ਇੱਕ ਘੰਟੇ ਵਿੱਚ","two":[{"t":"idOrVar","v":"value"}," ਘੰਟਿਆਂ ਵਿੱਚ"],"few":[{"t":"idOrVar","v":"value"}," ਘੰਟਿਆਂ ਵਿੱਚ"],"many":[{"t":"idOrVar","v":"value"}," ਘੰਟਿਆਂ ਵਿੱਚ"],"other":[{"t":"idOrVar","v":"value"}," ਘੰਟਿਆਂ ਵਿੱਚ"]},"$x":[{"t":"idOrVar","v":"plural"},"value"]},{"$i":"days-until-long","$v":{"zero":"ਅੱਜ","one":"ਭਲਕੇ","two":[{"t":"idOrVar","v":"value"}," ਦਿਨਾਂ ਵਿੱਚ"],"few":[{"t":"idOrVar","v":"value"}," ਦਿਨਾਂ ਵਿੱਚ"],"many":[{"t":"idOrVar","v":"value"}," ਦਿਨਾਂ ਵਿੱਚ"],"other":[{"t":"idOrVar","v":"value"}," ਦਿਨਾਂ ਵਿੱਚ"]},"$x":[{"t":"idOrVar","v":"plural"},"value"]},{"$i":"weeks-until-long","$v":{"zero":"ਇਸ ਹਫ਼ਤੇ","one":"ਅਗਲੇ ਹਫ਼ਤੇ","two":[{"t":"idOrVar","v":"value"}," ਹਫ਼ਤਿਆਂ ਵਿੱਚ"],"few":[{"t":"idOrVar","v":"value"}," ਹਫ਼ਤਿਆਂ ਵਿੱਚ"],"many":[{"t":"idOrVar","v":"value"}," ਹਫ਼ਤਿਆਂ ਵਿੱਚ"],"other":[{"t":"idOrVar","v":"value"}," ਹਫ਼ਤਿਆਂ ਵਿੱਚ"]},"$x":[{"t":"idOrVar","v":"plural"},"value"]},{"$i":"months-until-long","$v":{"zero":"ਇਸ ਮਹੀਨੇ","one":"ਅਗਲੇ ਮਹੀਨੇ","two":[{"t":"idOrVar","v":"value"}," ਮਹੀਨਿਆਂ ਵਿੱਚ"],"few":[{"t":"idOrVar","v":"value"}," ਮਹੀਨਿਆਂ ਵਿੱਚ"],"many":[{"t":"idOrVar","v":"value"}," ਮਹੀਨਿਆਂ ਵਿੱਚ"],"other":[{"t":"idOrVar","v":"value"}," ਮਹੀਨਿਆਂ ਵਿੱਚ"]},"$x":[{"t":"idOrVar","v":"plural"},"value"]},{"$i":"years-until-long","$v":{"zero":"ਇਸ ਸਾਲ","one":"ਅਗਲੇ ਸਾਲ","two":[{"t":"idOrVar","v":"value"}," ਸਾਲਾਂ ਵਿੱਚ"],"few":[{"t":"idOrVar","v":"value"}," ਸਾਲਾਂ ਵਿੱਚ"],"many":[{"t":"idOrVar","v":"value"}," ਸਾਲਾਂ ਵਿੱਚ"],"other":[{"t":"idOrVar","v":"value"}," ਸਾਲਾਂ ਵਿੱਚ"]},"$x":[{"t":"idOrVar","v":"plural"},"value"]},{"$i":"minutes-ago-short","$v":{"zero":"ਹੁਣੇ ਹੀ","other":[{"t":"idOrVar","v":"value"},"ਮਿੰ ਪਹਿਲਾਂ"]},"$x":[{"t":"idOrVar","v":"plural"},"value"]},{"$i":"hours-ago-short","$v":{"zero":"ਹੁਣੇ ਹੀਂ","other":[{"t":"idOrVar","v":"value"},"ਘੰ ਪਹਿਲਾਂ"]},"$x":[{"t":"idOrVar","v":"plural"},"value"]},{"$i":"days-ago-short","$v":{"zero":"ਅੱਜ","other":[{"t":"idOrVar","v":"value"},"ਦਿ ਪਹਿਲਾਂ"]},"$x":[{"t":"idOrVar","v":"plural"},"value"]},{"$i":"minutes-until-short","$v":{"zero":"ਹੁਣ","other":[{"t":"idOrVar","v":"value"},"ਮਿੰ ਵਿੱਚ"]},"$x":[{"t":"idOrVar","v":"plural"},"value"]},{"$i":"hours-until-short","$v":{"zero":"ਹੁਣ","other":[{"t":"idOrVar","v":"value"},"ਘੰ ਵਿੱਚ"]},"$x":[{"t":"idOrVar","v":"plural"},"value"]},{"$i":"days-until-short","$v":{"zero":"ਅੱਜ","other":[{"t":"idOrVar","v":"value"},"ਦਿ ਵਿੱਚ"]},"$x":[{"t":"idOrVar","v":"plural"},"value"]},{"$i":"incorrectDate","$v":"(ਗਲਤ ਮਿਤੀ)"},{"$i":"dateTimeFormat_%c","$v":"%a %e %b  %Y %I:%M:%S %p"},{"$i":"dateTimeFormat_%x","$v":"%d/%m/%Y"},{"$i":"dateTimeFormat_%X","$v":"%I:%M:%S %p"},{"$i":"shortTimeFormat","$v":"%I:%M %p"},{"$i":"shortTimeFormat12","$v":"%I:%M %p"},{"$i":"shortTimeFormat24","$v":"%H:%M"},{"$i":"shortDateTimeFormat","$v":"%x %I:%M %p"},{"$i":"weekStartsOnMonday","$v":"1"},{"$i":"firstDayOfTheWeek","$v":"0"},{"$i":"time_am","$v":"ਸਵੇਰੇ"},{"$i":"time_pm","$v":"ਸ਼ਾਮ"}]