[{"$i":"topup-confirmation-title2","$v":"Koszty"},{"$i":"topup-confirmation-message","$v":"Doładowanie potwierdzone."},{"$i":"topup-incorrectcode-title2","$v":"Koszty"},{"$i":"topup-incorrectcode-message3","$v":"Wprowadzono nieprawidłowy kod doładowania."},{"$i":"updating","$v":"Aktualizowanie"},{"$i":"updating-ellipsis","$v":"Aktualizowanie…"},{"$i":"yesterday","$v":"Wczoraj"},{"$i":"today","$v":"Dzisiaj"},{"$i":"never","$v":"Nigdy"},{"$i":"magnitude","$v":[{"t":"idOrVar","v":"value"}," ",{"t":"idOrVar","v":"unit"}]},{"$i":"currency","$v":[{"t":"idOrVar","v":"value"}," ",{"t":"idOrVar","v":"currency"}]},{"$i":"widget","$v":"Koszty"},{"$i":"widget-authed-sim-heading","$v":["Wykryto nową kartę SIM powiązaną z operatorem ",{"t":"idOrVar","v":"provider"}]},{"$i":"widget-authed-sim-meta","$v":"Włącz śledzenie ilości połączeń i przesyłanych danych"},{"$i":"widget-nonauthed-sim-heading","$v":"Wykryto nową kartę SIM"},{"$i":"widget-nonauthed-sim-meta","$v":"Włącz śledzenie ilości przesyłanych danych"},{"$i":"widget-airplane-mode-heading","$v":"Tryb lotu"},{"$i":"widget-airplane-mode-meta","$v":"Wyłącz tryb lotu, by monitorować koszty."},{"$i":"widget-no-sim2-heading","$v":"Brak karty SIM"},{"$i":"widget-no-sim2-meta","$v":"Włóż kartę SIM, by monitorować koszty"},{"$i":"widget-sim-locked-heading","$v":"Zablokowana karta SIM"},{"$i":"widget-sim-locked-meta","$v":"Odblokuj kartę SIM, by monitorować koszty"},{"$i":"widget-unknown-heading","$v":"Błąd"},{"$i":"widget-unknown-meta","$v":"Upewnij się, że tryb lotu jest wyłączony."},{"$i":"fte","$v":"Asystent wstępnej konfiguracji kosztów"},{"$i":"fte-authed-sim","$v":"Oszczędzaj pieniądze, monitorując użycie połączeń telefonicznych oraz ilość przesyłanych danych."},{"$i":"fte-nonauthed-sim","$v":"Oszczędzaj pieniądze, monitorując ilość przesyłanych danych."},{"$i":"fte-no-sim","$v":"Uzyskaj jasne informacje o tym, jak dużo przesyłasz danych."},{"$i":"fte-sim-info2","$v":"Informacje wyświetlane w Kosztach pochodzą bezpośrednio z tego urządzenia. Dokładniejsze informacje mogą być dostępne u operatora usług."},{"$i":"fte-plantype-title","$v":"Typ umowy"},{"$i":"fte-plantype-hint","$v":"Wybierz typ umowy zawartej z operatorem sieci komórkowej."},{"$i":"fte-prepaid2-title","$v":"Alarm niskiego stanu konta"},{"$i":"fte-prepaid2-hint","$v":"Ustaw powiadomienie, aby uniknąć wykorzystania wszystkich dostępnych środków."},{"$i":"fte-prepaid3-title","$v":"Alarm i raport danych"},{"$i":"fte-prepaid3-hint","$v":"Monitoruj ilość przesyłanych danych i ustaw powiadomienie, aby uniknąć przesyłania zbyt dużej ich ilości."},{"$i":"fte-postpaid2-title","$v":"Raport połączeń i danych"},{"$i":"fte-postpaid2-hint","$v":"Monitorowanie wykorzystania telefonu i przesyłanych danych."},{"$i":"fte-postpaid3-title","$v":"Alarm danych"},{"$i":"fte-postpaid3-hint","$v":"Ustaw powiadomienie, aby uniknąć przesyłania zbyt dużej ilości danych."},{"$i":"fte-onlydata2-title","$v":"Raport danych"},{"$i":"fte-onlydata2-hint","$v":"Monitorowanie ilości przesyłanych danych."},{"$i":"fte-onlydata3-title","$v":"Alarm danych"},{"$i":"fte-onlydata3-hint","$v":"Ustaw powiadomienie, aby uniknąć przesyłania zbyt dużej ilości danych."},{"$i":"phone-activity","$v":"Aktywność telefonu"},{"$i":"balance","$v":"Saldo"},{"$i":"on-roaming-message2","$v":"Automatyczne uaktualnienia stanu konta zostały wyłączone z powodu roamingu. Ręczna aktualizacja może skutkować dodatkowymi opłatami."},{"$i":"balance-error-message2","$v":"Wystąpił błąd podczas uaktualniania stanu konta. Spróbuj ponownie."},{"$i":"airplane-mode-error-message2","$v":"Wyłącz tryb lotu, aby uaktualnić stan konta lub doładować."},{"$i":"disable-airplane-mode","$v":"Wyłączyć tryb lotu, aby uaktualnić lub doładować?"},{"$i":"no-coverage-error-message2","$v":"Telefon musi być w zasięgu sieci, aby uaktualnić stan konta lub doładować."},{"$i":"top-up","$v":"Doładowanie"},{"$i":"enter-top-up-code","$v":"Wprowadź kod doładowania"},{"$i":"top-up-code-explanation2","$v":"Kod doładowania znajduje się na karcie zdrapce lub bezpośrednio na paragonie."},{"$i":"wait-for-confirmation","$v":"Otrzymasz wiadomość z potwierdzeniem"},{"$i":"incorrect-code2","$v":"Upewnij się, że kod jest prawidłowy i spróbuj ponownie."},{"$i":"topup-error2","$v":"Wystąpił problem podczas doładowywania. Spróbuj ponownie."},{"$i":"application-error-title","$v":"Usługa niedostępna"},{"$i":"application-error-message","$v":"Skontaktuj się z operatorem."},{"$i":"service-unavailable-title","$v":"Usługa niedostępna"},{"$i":"service-unavailable-message","$v":"Nie można uaktualnić ani doładować w tym momencie. Proszę spróbować później."},{"$i":"data-usage","$v":"Przesłane dane"},{"$i":"update-button","$v":"Uaktualnij"},{"$i":"topup-button2","$v":"Doładuj kodem"},{"$i":"topup-ussd-button2","$v":"Otwórz menu doładowywania"},{"$i":"ok","$v":"OK"},{"$i":"top-up-in-progress2","$v":"Doładowywanie jest przetwarzane."},{"$i":"top-up-timed-out2","$v":"Uaktualnij stan konta, aby potwierdzić. Jeśli stan konta nie zmienił się, spróbuj doładować ponownie."},{"$i":"on-topup-not-confirmed-title","$v":"Doładowanie nie zostało potwierdzone"},{"$i":"on-topup-not-confirmed-message","$v":"Spróbuj uaktualnić stan konta lub doładować ponownie."},{"$i":"send","$v":"Wyślij"},{"$i":"plantype-setup-title","$v":"Telefon i plan internetowy jest"},{"$i":"prepaid","$v":"przedpłacony"},{"$i":"postpaid","$v":"opłacany w ramach abonamentu"},{"$i":"phoneactivity","$v":"Aktywność telefonu"},{"$i":"short-date-format","$v":"%e %b"},{"$i":"long-date-format","$v":"%e %Eb, %Y"},{"$i":"sms-sent","$v":"Wysłane SMSy"},{"$i":"call-made","$v":"Wykonane połączenia"},{"$i":"settings","$v":"Ustawienia"},{"$i":"low-balance-alert","$v":"Alarm niskiego stanu konta"},{"$i":"low-balance-explanation2","$v":"Gdy stan konta spadnie poniżej"},{"$i":"phone-and-internet-data-report","$v":"Raport połączeń i danych"},{"$i":"internet-data-report","$v":"Raport przesyłania danych"},{"$i":"starting-on","$v":"Rozpoczynaj od"},{"$i":"cancel","$v":"Anuluj"},{"$i":"monthly","$v":"Co miesiąc"},{"$i":"weekly","$v":"Co tydzień"},{"$i":"monday","$v":"Poniedziałek"},{"$i":"tuesday","$v":"Wtorek"},{"$i":"wednesday","$v":"Środa"},{"$i":"thursday","$v":"Czwartek"},{"$i":"friday","$v":"Piątek"},{"$i":"saturday","$v":"Sobota"},{"$i":"sunday","$v":"Niedziela"},{"$i":"billing-cycle-ends","$v":"Koniec okresu rozliczeniowego"},{"$i":"tracking-will-reset","$v":"Monitorowanie zostanie wyzerowane tego dnia"},{"$i":"yes","$v":"Tak"},{"$i":"done","$v":"Gotowe"},{"$i":"confirmation","$v":"Potwierdzenie"},{"$i":"reset-wifi-confirmation-warning","$v":["Aktualne użycie sieci Wi-Fi to ",{"t":"idOrVar","v":"wifiData"},". Wyczyścić?"]},{"$i":"reset-mobile-confirmation-warning","$v":["Aktualne użycie sieci komórkowej to ",{"t":"idOrVar","v":"mobileData"},". Wyczyścić?"]},{"$i":"reset-all-confirmation-warning","$v":["Aktualne użycie to ",{"t":"idOrVar","v":"mobileData"}," dla sieci komórkowej i ",{"t":"idOrVar","v":"wifiData"}," dla sieci Wi-Fi. Wyczyścić?"]},{"$i":"reset-telephony-confirmation-warning","$v":"Wszystkie zebrane data zostaną usunięte. Czy na pewno wyczyścić?"},{"$i":"reset","$v":"Wyczyść"},{"$i":"reset-wifi","$v":"Wyczyść użycie Wi-Fi"},{"$i":"reset-mobile","$v":"Wyczyść użycie sieci komórkowej"},{"$i":"reset-all","$v":"Wyczyść użycie danych"},{"$i":"not-set","$v":"Nie ustawiono"},{"$i":"used","$v":"Użyto"},{"$i":"limit-passed","$v":"Przekroczono limit"},{"$i":"limit","$v":"Limit"},{"$i":"data-limit-header","$v":"Limit danych"},{"$i":"data-limit-alert","$v":"Alarm wykorzystania danych"},{"$i":"data-limit-value2","$v":"Po przekroczeniu"},{"$i":"data-limit-dialog-title2","$v":"Określ limit wykorzystania danych"},{"$i":"data-limit-dialog-explanation2","$v":"Przepustowość połączeń może zostać zmniejszona po osiągnięciu limitu. Informację o rzeczywistym limicie można uzyskać od operatora."},{"$i":"data-limit-input-label","ariaLabel":"Limit danych"},{"$i":"wifi-usage","$v":"Sieć Wi-Fi"},{"$i":"mobile-usage","$v":"Sieć komórkowa"},{"$i":"wifi-usage-settings","$v":"Sieć Wi-Fi"},{"$i":"mobile-usage-settings","$v":"Sieć komórkowa"},{"$i":"im-prepaid","$v":"przedpłacony"},{"$i":"im-postpaid","$v":"opłacany w ramach abonamentu"},{"$i":"reset-data-usage","$v":"Wyczyść użycie danych"},{"$i":"reset-report","$v":"Wyczyść raport"},{"$i":"next","$v":"Dalej"},{"$i":"back","$v":"Wstecz"},{"$i":"lets-go","$v":"Gotowe!"},{"$i":"alert","$v":"Alarm"},{"$i":"alert-limit","$v":"Alarm limitu"},{"$i":"fte-welcome-title","$v":"Monitorowanie kosztów"},{"$i":"data-limit-notification-title2","$v":["Przesłano ",{"t":"idOrVar","v":"limit"}," danych"]},{"$i":"data-limit-notification-text2","$v":"Osiągnięto ustawiony poziom ilości przesłanych danych"},{"$i":"low-balance-notification-title","$v":"Niski stan konta"},{"$i":"low-balance-notification-text","$v":["Pozostałe środki: ",{"t":"idOrVar","v":"remaining"}]},{"$i":"zero-balance-message","$v":"Brak dostępnych do wykorzystania środków na koncie."},{"$i":"not-available","$v":"Niedostępny"},{"$i":"usage","$v":"Użycie"},{"$i":"internet","$v":"Internet"},{"$i":"phone","$v":"Połączenia"},{"$i":"loading-interface-data","$v":"Wczytywanie danych. Proszę spróbować za chwilę."},{"$i":"data-limit","$v":["Limit danych: (",{"t":"idOrVar","v":"value"},")"]},{"$i":"data-available2","$v":{"zero":["Dostępne: ",{"t":"idOrVar","v":"value"}," ",{"t":"idOrVar","v":"unit"}],"one":["Dostępne: ",{"t":"idOrVar","v":"value"}," ",{"t":"idOrVar","v":"unit"}],"two":["Dostępne: ",{"t":"idOrVar","v":"value"}," ",{"t":"idOrVar","v":"unit"}],"few":["Dostępne: ",{"t":"idOrVar","v":"value"}," ",{"t":"idOrVar","v":"unit"}],"many":["Dostępne: ",{"t":"idOrVar","v":"value"}," ",{"t":"idOrVar","v":"unit"}],"other":["Dostępne: ",{"t":"idOrVar","v":"value"}," ",{"t":"idOrVar","v":"unit"}]},"$x":[{"t":"idOrVar","v":"plural"},"value"]},{"$i":"over-limit","$v":{"one":[{"t":"idOrVar","v":"value"}," ",{"t":"idOrVar","v":"unit"}," ponad limit!"],"two":[{"t":"idOrVar","v":"value"}," ",{"t":"idOrVar","v":"unit"}," ponad limit!"],"few":[{"t":"idOrVar","v":"value"}," ",{"t":"idOrVar","v":"unit"}," ponad limit!"],"many":[{"t":"idOrVar","v":"value"}," ",{"t":"idOrVar","v":"unit"}," ponad limit!"],"other":[{"t":"idOrVar","v":"value"}," ",{"t":"idOrVar","v":"unit"}," ponad limit!"]},"$x":[{"t":"idOrVar","v":"plural"},"value"]},{"$i":"verbose-chart-date-format","$v":[{"t":"idOrVar","v":"monthday-number"}," ",{"t":"idOrVar","v":"em-month"}]},{"$i":"day-hour-format","$v":[{"t":"idOrVar","v":"day"},", ",{"t":"idOrVar","v":"time"}]},{"$i":"B","$v":"B"},{"$i":"KB","$v":"KB"},{"$i":"MB","$v":"MB"},{"$i":"GB","$v":"GB"},{"$i":"unit-MB","ariaLabel":"MB"},{"$i":"unit-GB","ariaLabel":"GB"},{"$i":"app-usage-list-header","$v":"Aplikacje używające sieci komórkowej"},{"$i":"app-usage-no-data","$v":"Jeszcze nie przesyłano danych przez sieć komórkową. Kiedy się to zmieni, użycie dla każdej aplikacji zostanie wyświetlone w tym miejscu."},{"$i":"data-used-since","$v":["Od ",{"t":"idOrVar","v":"start-date"}," przesłano ",{"t":"idOrVar","v":"amount"},"."]},{"$i":"data-used-this-week","$v":["W tym tygodniu przesłano ",{"t":"idOrVar","v":"amount"},"."]},{"$i":"data-used-this-month","$v":["W tym miesiącu przesłano ",{"t":"idOrVar","v":"amount"},"."]},{"$i":"data-usage-other-apps","$v":"System"},{"$i":"data-usage-browser-app","$v":"Przeglądarka"},{"$i":"limit-layer-MB","ariaLabel":["Limit to ",{"t":"idOrVar","v":"value"}," MB"]},{"$i":"limit-layer-GB","ariaLabel":["Limit to ",{"t":"idOrVar","v":"value"}," GB"]},{"$i":"warning-layer","ariaLabel":["Pozostało ",{"t":"idOrVar","v":"value"}]},{"$i":"limit-exceeded-layer","ariaLabel":["Przekroczono o ",{"t":"idOrVar","v":"value"}]},{"$i":"today-layer","ariaLabel":["Dzisiaj jest ",{"t":"idOrVar","v":"today"}]},{"$i":"axis-layer","ariaLabel":["Od ",{"t":"idOrVar","v":"from"}," do ",{"t":"idOrVar","v":"to"}]},{"$i":"weekday-0-long","$v":"Niedziela"},{"$i":"weekday-1-long","$v":"Poniedziałek"},{"$i":"weekday-2-long","$v":"Wtorek"},{"$i":"weekday-3-long","$v":"Środa"},{"$i":"weekday-4-long","$v":"Czwartek"},{"$i":"weekday-5-long","$v":"Piątek"},{"$i":"weekday-6-long","$v":"Sobota"},{"$i":"weekday-0-short","$v":"Nd"},{"$i":"weekday-1-short","$v":"Pn"},{"$i":"weekday-2-short","$v":"Wt"},{"$i":"weekday-3-short","$v":"Śr"},{"$i":"weekday-4-short","$v":"Cz"},{"$i":"weekday-5-short","$v":"Pt"},{"$i":"weekday-6-short","$v":"Sb"},{"$i":"month-0-long","$v":"Styczeń"},{"$i":"month-1-long","$v":"Luty"},{"$i":"month-2-long","$v":"Marzec"},{"$i":"month-3-long","$v":"Kwiecień"},{"$i":"month-4-long","$v":"Maj"},{"$i":"month-5-long","$v":"Czerwiec"},{"$i":"month-6-long","$v":"Lipiec"},{"$i":"month-7-long","$v":"Sierpień"},{"$i":"month-8-long","$v":"Wrzesień"},{"$i":"month-9-long","$v":"Październik"},{"$i":"month-10-long","$v":"Listopad"},{"$i":"month-11-long","$v":"Grudzień"},{"$i":"month-0-genitive","$v":"stycznia"},{"$i":"month-1-genitive","$v":"lutego"},{"$i":"month-2-genitive","$v":"marca"},{"$i":"month-3-genitive","$v":"kwietnia"},{"$i":"month-4-genitive","$v":"maja"},{"$i":"month-5-genitive","$v":"czerwca"},{"$i":"month-6-genitive","$v":"lipca"},{"$i":"month-7-genitive","$v":"sierpnia"},{"$i":"month-8-genitive","$v":"września"},{"$i":"month-9-genitive","$v":"października"},{"$i":"month-10-genitive","$v":"listopada"},{"$i":"month-11-genitive","$v":"grudnia"},{"$i":"month-0-short","$v":"sty"},{"$i":"month-1-short","$v":"lut"},{"$i":"month-2-short","$v":"mar"},{"$i":"month-3-short","$v":"kwi"},{"$i":"month-4-short","$v":"maj"},{"$i":"month-5-short","$v":"cze"},{"$i":"month-6-short","$v":"lip"},{"$i":"month-7-short","$v":"sie"},{"$i":"month-8-short","$v":"wrz"},{"$i":"month-9-short","$v":"paź"},{"$i":"month-10-short","$v":"lis"},{"$i":"month-11-short","$v":"gru"},{"$i":"minutes-ago-long","$v":{"zero":"w tym momencie","one":"przed minutą","two":"dwie minuty temu","few":[{"t":"idOrVar","v":"value"}," minuty temu"],"many":[{"t":"idOrVar","v":"value"}," minut temu"],"other":""},"$x":[{"t":"idOrVar","v":"plural"},"value"]},{"$i":"hours-ago-long","$v":{"zero":"w tej godzinie","one":"godzinę temu","two":"dwie godziny temu","few":[{"t":"idOrVar","v":"value"}," godziny temu"],"many":[{"t":"idOrVar","v":"value"}," godzin temu"],"other":""},"$x":[{"t":"idOrVar","v":"plural"},"value"]},{"$i":"days-ago-long","$v":{"zero":"dzisiaj","one":"wczoraj","two":"przedwczoraj","few":[{"t":"idOrVar","v":"value"}," dni temu"],"many":[{"t":"idOrVar","v":"value"}," dni temu"],"other":""},"$x":[{"t":"idOrVar","v":"plural"},"value"]},{"$i":"weeks-ago-long","$v":{"zero":"w tym tygodniu","one":"w zeszłym tygodniu","two":"dwa tygodnie temu","few":[{"t":"idOrVar","v":"value"}," tygodnie temu"],"many":[{"t":"idOrVar","v":"value"}," tygodni temu"],"other":""},"$x":[{"t":"idOrVar","v":"plural"},"value"]},{"$i":"months-ago-long","$v":{"zero":"w tym miesiącu","one":"w zeszłym miesiącu","two":"dwa miesiące temu","few":[{"t":"idOrVar","v":"value"}," miesiące temu"],"many":[{"t":"idOrVar","v":"value"}," miesięcy temu"],"other":""},"$x":[{"t":"idOrVar","v":"plural"},"value"]},{"$i":"years-ago-long","$v":{"zero":"w tym roku","one":"w zeszłym roku","two":"dwa lata temu","few":[{"t":"idOrVar","v":"value"}," lata temu"],"many":[{"t":"idOrVar","v":"value"}," lat temu"],"other":""},"$x":[{"t":"idOrVar","v":"plural"},"value"]},{"$i":"minutes-until-long","$v":{"zero":"teraz","one":"za minutę","two":"za dwie minuty","few":["za ",{"t":"idOrVar","v":"value"}," minuty"],"many":["za ",{"t":"idOrVar","v":"value"}," minut"],"other":""},"$x":[{"t":"idOrVar","v":"plural"},"value"]},{"$i":"hours-until-long","$v":{"zero":"teraz","one":"za godzinę","two":"za dwie godziny","few":["za ",{"t":"idOrVar","v":"value"}," godziny"],"many":["za ",{"t":"idOrVar","v":"value"}," godzin"],"other":""},"$x":[{"t":"idOrVar","v":"plural"},"value"]},{"$i":"days-until-long","$v":{"zero":"dzisiaj","one":"jutro","two":"za dwa dni","few":["za ",{"t":"idOrVar","v":"value"}," dni"],"many":["za ",{"t":"idOrVar","v":"value"}," dni"],"other":""},"$x":[{"t":"idOrVar","v":"plural"},"value"]},{"$i":"weeks-until-long","$v":{"zero":"w tym tygodniu","one":"w przyszłym tygodniu","two":"za dwa tygodnie","few":["za ",{"t":"idOrVar","v":"value"}," tygodnie"],"many":["za ",{"t":"idOrVar","v":"value"}," tygodni"],"other":""},"$x":[{"t":"idOrVar","v":"plural"},"value"]},{"$i":"months-until-long","$v":{"zero":"w tym miesiącu","one":"w przyszłym miesiącu","two":"za dwa miesiące","few":["za ",{"t":"idOrVar","v":"value"}," miesiące"],"many":["za ",{"t":"idOrVar","v":"value"}," miesięcy"],"other":""},"$x":[{"t":"idOrVar","v":"plural"},"value"]},{"$i":"years-until-long","$v":{"zero":"w tym roku","one":"w przyszłym roku","two":"za dwa lata","few":["za ",{"t":"idOrVar","v":"value"}," lata"],"many":["za ",{"t":"idOrVar","v":"value"}," lat"],"other":""},"$x":[{"t":"idOrVar","v":"plural"},"value"]},{"$i":"minutes-ago-short","$v":{"zero":"teraz","other":[{"t":"idOrVar","v":"value"}," min temu"]},"$x":[{"t":"idOrVar","v":"plural"},"value"]},{"$i":"hours-ago-short","$v":{"zero":"teraz","other":[{"t":"idOrVar","v":"value"}," godz. temu"]},"$x":[{"t":"idOrVar","v":"plural"},"value"]},{"$i":"days-ago-short","$v":{"zero":"dzisiaj","other":[{"t":"idOrVar","v":"value"}," dni temu"]},"$x":[{"t":"idOrVar","v":"plural"},"value"]},{"$i":"minutes-until-short","$v":{"zero":"teraz","other":["za ",{"t":"idOrVar","v":"value"}," min"]},"$x":[{"t":"idOrVar","v":"plural"},"value"]},{"$i":"hours-until-short","$v":{"zero":"teraz","other":["za ",{"t":"idOrVar","v":"value"}," godz."]},"$x":[{"t":"idOrVar","v":"plural"},"value"]},{"$i":"days-until-short","$v":{"zero":"dzisiaj","other":["za ",{"t":"idOrVar","v":"value"}," dni"]},"$x":[{"t":"idOrVar","v":"plural"},"value"]},{"$i":"incorrectDate","$v":"(nieprawidłowa data)"},{"$i":"dateTimeFormat_%c","$v":"%a, %e %b %Y, %H:%M:%S"},{"$i":"dateTimeFormat_%x","$v":"%e.%m.%Y"},{"$i":"dateTimeFormat_%X","$v":"%H:%M:%S"},{"$i":"shortTimeFormat","$v":"%H:%M"},{"$i":"shortTimeFormat12","$v":"%I:%M a.m."},{"$i":"shortTimeFormat24","$v":"%H:%M"},{"$i":"shortDateTimeFormat","$v":"%x %H:%M"},{"$i":"weekStartsOnMonday","$v":"1"},{"$i":"firstDayOfTheWeek","$v":"1"},{"$i":"time_am","$v":"a.m."},{"$i":"time_pm","$v":"p.m."}]