[{"$i":"topup-confirmation-title2","$v":"Uso de Saldo"},{"$i":"topup-confirmation-message","$v":"Recarga confirmada."},{"$i":"topup-incorrectcode-title2","$v":"Uso de Saldo"},{"$i":"topup-incorrectcode-message3","$v":"Código incorreto inserido."},{"$i":"updating","$v":"Atualizando"},{"$i":"updating-ellipsis","$v":"Atualizando…"},{"$i":"yesterday","$v":"Ontem"},{"$i":"today","$v":"Hoje"},{"$i":"never","$v":"Nunca"},{"$i":"magnitude","$v":[{"t":"idOrVar","v":"value"}," ",{"t":"idOrVar","v":"unit"}]},{"$i":"currency","$v":[{"t":"idOrVar","v":"currency"},{"t":"idOrVar","v":"value"}]},{"$i":"widget","$v":"Uso de Saldo"},{"$i":"widget-authed-sim-heading","$v":["Novo SIM ",{"t":"idOrVar","v":"provider"}," inserido"]},{"$i":"widget-authed-sim-meta","$v":"Monitore suas chamadas e Internet"},{"$i":"widget-nonauthed-sim-heading","$v":"Novo SIM inserido"},{"$i":"widget-nonauthed-sim-meta","$v":"Monitore seu uso de Internet"},{"$i":"widget-airplane-mode-heading","$v":"Modo Avião"},{"$i":"widget-airplane-mode-meta","$v":"Desligue o modo avião para habilitar o Monitoramento."},{"$i":"widget-no-sim2-heading","$v":"Nenhum SIM inserido"},{"$i":"widget-no-sim2-meta","$v":"Insira um SIM e monitore seu uso"},{"$i":"widget-sim-locked-heading","$v":"Chip SIM bloqueado"},{"$i":"widget-sim-locked-meta","$v":"Desbloqueie o SIM para ver estatísticas."},{"$i":"widget-unknown-heading","$v":"Erro"},{"$i":"widget-unknown-meta","$v":"Por favor, garanta que o modo de avião está desligado."},{"$i":"fte","$v":"Uso de Saldo"},{"$i":"fte-authed-sim","$v":"Economize dinheiro monitorando suas chamadas e uso de Internet."},{"$i":"fte-nonauthed-sim","$v":"Economize dinheiro monitorando seu uso de Internet."},{"$i":"fte-no-sim","$v":"Tenha informações claras sobre seu uso de Internet."},{"$i":"fte-sim-info2","$v":"A informação de Uso exibida vem diretamente deste aparelho. Confira com seu provedor de serviços para informações detalhadas da conta."},{"$i":"fte-plantype-title","$v":"Tipo de contrato"},{"$i":"fte-plantype-hint","$v":"Selecione o tipo de contrato que você tem com sua operadora."},{"$i":"fte-prepaid2-title","$v":"Alerta de saldo"},{"$i":"fte-prepaid2-hint","$v":"Configure um alerta para evitar ficar sem créditos."},{"$i":"fte-prepaid3-title","$v":"Relatório e alerta de dados"},{"$i":"fte-prepaid3-hint","$v":"Receba relatórios do seu uso de Internet e configure um alarme."},{"$i":"fte-postpaid2-title","$v":"Relatório de chamadas e dados"},{"$i":"fte-postpaid2-hint","$v":"Receba relatórios do seu uso de Internet e chamadas."},{"$i":"fte-postpaid3-title","$v":"Alerta de dados"},{"$i":"fte-postpaid3-hint","$v":"Configure um alarme de uso da Internet."},{"$i":"fte-onlydata2-title","$v":"Relatório de dados"},{"$i":"fte-onlydata2-hint","$v":"Receba relatórios do seu uso de Internet."},{"$i":"fte-onlydata3-title","$v":"Alerta de dados"},{"$i":"fte-onlydata3-hint","$v":"Configure um alarme de uso da Internet."},{"$i":"phone-activity","$v":"Atividade do aparelho"},{"$i":"balance","$v":"Saldo"},{"$i":"on-roaming-message2","$v":"Roaming: atualização automática do saldo desativada. Você pode ser cobrado ao atualizar manualmente."},{"$i":"balance-error-message2","$v":"Seu saldo não foi atualizado corretamente; tente novamente manualmente."},{"$i":"airplane-mode-error-message2","$v":"Desative o modo avião para atualizar seu saldo."},{"$i":"disable-airplane-mode","$v":"Deseja desativar o modo avião para atualizar seu saldo ou realizar uma recarga?"},{"$i":"no-coverage-error-message2","$v":"Você precisa estar em uma área com cobertura (sinal) para atualizar seu saldo ou realizar uma recarga."},{"$i":"top-up","$v":"Recarga"},{"$i":"enter-top-up-code","$v":"Insira o código de recarga"},{"$i":"top-up-code-explanation2","$v":"Encontre-o no cartão de raspar ou diretamente no seu recibo."},{"$i":"wait-for-confirmation","$v":"Você receberá uma mensagem de confirmação"},{"$i":"incorrect-code2","$v":"Certifique-se de que o código está correto e tente novamente."},{"$i":"topup-error2","$v":"Houve um problema ao enviar o código. Por favor, tente novamente."},{"$i":"application-error-title","$v":"Serviço indisponível"},{"$i":"application-error-message","$v":"Entre em contato com o representante da sua empresa."},{"$i":"service-unavailable-title","$v":"Serviço indisponível"},{"$i":"service-unavailable-message","$v":"Não é possível atualizar seu saldo ou efetuar sua recarga nesse momento. Por favor, tente mais tarde."},{"$i":"data-usage","$v":"Uso de dados"},{"$i":"update-button","$v":"Atualizar"},{"$i":"topup-button2","$v":"Usar código de recarga"},{"$i":"topup-ussd-button2","$v":"Abrir menu de recarga"},{"$i":"ok","$v":"OK"},{"$i":"top-up-in-progress2","$v":"Sua recarga está sendo processada."},{"$i":"top-up-timed-out2","$v":"Atualize seu saldo para confirmar. Se seu saldo não tiver sido alterado, tente efetuar a recarga novamente."},{"$i":"on-topup-not-confirmed-title","$v":"Recarga não confirmada."},{"$i":"on-topup-not-confirmed-message","$v":"Tente atualizar seu saldo ou tente novamente."},{"$i":"send","$v":"enviar"},{"$i":"plantype-setup-title","$v":"O meu plano de voz e dados é"},{"$i":"prepaid","$v":"Pré-pago"},{"$i":"postpaid","$v":"Pós-pago"},{"$i":"phoneactivity","$v":"Atividade do telefone"},{"$i":"short-date-format","$v":"%e de %b"},{"$i":"long-date-format","$v":"%d de %B de %Y"},{"$i":"sms-sent","$v":"Mensagem enviada"},{"$i":"call-made","$v":"Chamadas efetuadas"},{"$i":"settings","$v":"Configurações"},{"$i":"low-balance-alert","$v":"Alerta de saldo baixo"},{"$i":"low-balance-explanation2","$v":"Abaixo de"},{"$i":"phone-and-internet-data-report","$v":"Relatório de voz e dados"},{"$i":"internet-data-report","$v":"Relatório de uso de internet"},{"$i":"starting-on","$v":"Começando em"},{"$i":"cancel","$v":"Cancelar"},{"$i":"monthly","$v":"Mês"},{"$i":"weekly","$v":"Semana"},{"$i":"monday","$v":"Segunda"},{"$i":"tuesday","$v":"Terça"},{"$i":"wednesday","$v":"Quarta"},{"$i":"thursday","$v":"Quinta"},{"$i":"friday","$v":"Sexta"},{"$i":"saturday","$v":"Sábado"},{"$i":"sunday","$v":"Domingo"},{"$i":"billing-cycle-ends","$v":"O ciclo de faturamento termina em"},{"$i":"tracking-will-reset","$v":"O contador será reiniciado nessa data"},{"$i":"yes","$v":"Sim"},{"$i":"done","$v":"Concluído"},{"$i":"confirmation","$v":"Confirmação"},{"$i":"reset-wifi-confirmation-warning","$v":["Your current Wi-Fi data usage is ",{"t":"idOrVar","v":"wifiData"},". Clear it all?"]},{"$i":"reset-mobile-confirmation-warning","$v":["Your current mobile data usage is ",{"t":"idOrVar","v":"mobileData"},". Clear it all?"]},{"$i":"reset-all-confirmation-warning","$v":["Your current data usages are ",{"t":"idOrVar","v":"mobileData"}," on mobile, ",{"t":"idOrVar","v":"wifiData"}," on Wi-Fi. Clear it all?"]},{"$i":"reset-telephony-confirmation-warning","$v":"All current data will be deleted. Are you sure you want to reset?"},{"$i":"reset","$v":"Reiniciar"},{"$i":"reset-wifi","$v":"Reiniciar uso de Wi-Fi"},{"$i":"reset-mobile","$v":"Reiniciar uso de conexões de dados"},{"$i":"reset-all","$v":"Reset mobile & Wi-Fi data"},{"$i":"not-set","$v":"Não definido"},{"$i":"used","$v":"Usados"},{"$i":"limit-passed","$v":"Limite ultrapassado"},{"$i":"limit","$v":"Limite"},{"$i":"data-limit-header","$v":"Limite de uso"},{"$i":"data-limit-alert","$v":"Uso de dados"},{"$i":"data-limit-value2","$v":"Acima de"},{"$i":"data-limit-dialog-title2","$v":"Alerta de limite de uso de dados móveis"},{"$i":"data-limit-dialog-explanation2","$v":"As velocidades são reduzidas quando o limite é atingido. Verifique com sua operadora para ajustar um nível adequado."},{"$i":"data-limit-input-label","ariaLabel":"Data limit"},{"$i":"wifi-usage","$v":"Uso do Wi-Fi"},{"$i":"mobile-usage","$v":"Uso do telefone"},{"$i":"wifi-usage-settings","$v":"Uso de Wi-Fi"},{"$i":"mobile-usage-settings","$v":"Uso de conexões de dados"},{"$i":"im-prepaid","$v":"Pré-pago"},{"$i":"im-postpaid","$v":"Pós-pago"},{"$i":"reset-data-usage","$v":"Reiniciar uso de dados"},{"$i":"reset-report","$v":"Relatórios a cada"},{"$i":"next","$v":"Avançar"},{"$i":"back","$v":"Voltar"},{"$i":"lets-go","$v":"Vamos lá!"},{"$i":"alert","$v":"Alerta"},{"$i":"alert-limit","$v":"Limite do alerta"},{"$i":"fte-welcome-title","$v":"Bem-vindo"},{"$i":"data-limit-notification-title2","$v":[{"t":"idOrVar","v":"limit"}," de uso de dados"]},{"$i":"data-limit-notification-text2","$v":"Você alcançou o limite definido por você"},{"$i":"low-balance-notification-title","$v":"Saldo baixo"},{"$i":"low-balance-notification-text","$v":[{"t":"idOrVar","v":"remaining"}," de créditos restantes"]},{"$i":"zero-balance-message","$v":"Seu saldo chegou a zero, não há créditos restantes."},{"$i":"not-available","$v":"Não disponível"},{"$i":"usage","$v":"Uso"},{"$i":"internet","$v":"Internet"},{"$i":"phone","$v":"Aparelho"},{"$i":"loading-interface-data","$v":"Carregando dados da interface. Tente novamente mais tarde."},{"$i":"data-limit","$v":["Data limite (",{"t":"idOrVar","v":"value"},")"]},{"$i":"data-available2","$v":{"zero":[{"t":"idOrVar","v":"value"}," ",{"t":"idOrVar","v":"unit"}," disponível"],"one":[{"t":"idOrVar","v":"value"}," ",{"t":"idOrVar","v":"unit"}," disponível"],"two":[{"t":"idOrVar","v":"value"}," ",{"t":"idOrVar","v":"unit"}," disponível"],"few":[{"t":"idOrVar","v":"value"}," ",{"t":"idOrVar","v":"unit"}," disponível"],"many":[{"t":"idOrVar","v":"value"}," ",{"t":"idOrVar","v":"unit"}," disponível"],"other":[{"t":"idOrVar","v":"value"}," ",{"t":"idOrVar","v":"unit"}," disponível"]},"$x":[{"t":"idOrVar","v":"plural"},"value"]},{"$i":"over-limit","$v":{"one":[{"t":"idOrVar","v":"value"}," ",{"t":"idOrVar","v":"unit"}," acima do limite"],"two":[{"t":"idOrVar","v":"value"}," ",{"t":"idOrVar","v":"unit"}," acima do limite"],"few":[{"t":"idOrVar","v":"value"}," ",{"t":"idOrVar","v":"unit"}," acima do limite"],"many":[{"t":"idOrVar","v":"value"}," ",{"t":"idOrVar","v":"unit"}," acima do limite"],"other":[{"t":"idOrVar","v":"value"}," ",{"t":"idOrVar","v":"unit"}," acima do limite"]},"$x":[{"t":"idOrVar","v":"plural"},"value"]},{"$i":"verbose-chart-date-format","$v":[{"t":"idOrVar","v":"monthday-number"}," de ",{"t":"idOrVar","v":"em-month"}]},{"$i":"day-hour-format","$v":[{"t":"idOrVar","v":"day"},", ",{"t":"idOrVar","v":"time"}]},{"$i":"B","$v":"B"},{"$i":"KB","$v":"KB"},{"$i":"MB","$v":"MB"},{"$i":"GB","$v":"GB"},{"$i":"unit-MB","ariaLabel":"MB"},{"$i":"unit-GB","ariaLabel":"GB"},{"$i":"app-usage-list-header","$v":"Mobile usage per app"},{"$i":"app-usage-no-data","$v":"Você ainda não utilizou dados móveis. O consumo de cada aplicativo será exibido aqui quando você o fizer."},{"$i":"data-used-since","$v":[{"t":"idOrVar","v":"amount"}," de dados usados desde ",{"t":"idOrVar","v":"start-date"}]},{"$i":"data-used-this-week","$v":[{"t":"idOrVar","v":"amount"}," de dados usados nesta semana"]},{"$i":"data-used-this-month","$v":[{"t":"idOrVar","v":"amount"}," de dados usados esse mês"]},{"$i":"data-usage-other-apps","$v":"Others"},{"$i":"data-usage-browser-app","$v":"Browser"},{"$i":"limit-layer-MB","ariaLabel":["Limit of ",{"t":"idOrVar","v":"value"}," MB"]},{"$i":"limit-layer-GB","ariaLabel":["Limit of ",{"t":"idOrVar","v":"value"}," GB"]},{"$i":"warning-layer","ariaLabel":[{"t":"idOrVar","v":"value"}," left"]},{"$i":"limit-exceeded-layer","ariaLabel":["Exceeded by ",{"t":"idOrVar","v":"value"}]},{"$i":"today-layer","ariaLabel":["Today is ",{"t":"idOrVar","v":"today"}]},{"$i":"axis-layer","ariaLabel":["From ",{"t":"idOrVar","v":"from"}," to ",{"t":"idOrVar","v":"to"}]},{"$i":"weekday-0-long","$v":"Domingo"},{"$i":"weekday-1-long","$v":"Segunda-feira"},{"$i":"weekday-2-long","$v":"Terça-feira"},{"$i":"weekday-3-long","$v":"Quarta-feira"},{"$i":"weekday-4-long","$v":"Quinta-feira"},{"$i":"weekday-5-long","$v":"Sexta-feira"},{"$i":"weekday-6-long","$v":"Sábado"},{"$i":"weekday-0-short","$v":"Dom"},{"$i":"weekday-1-short","$v":"Seg"},{"$i":"weekday-2-short","$v":"Ter"},{"$i":"weekday-3-short","$v":"Qua"},{"$i":"weekday-4-short","$v":"Qui"},{"$i":"weekday-5-short","$v":"Sex"},{"$i":"weekday-6-short","$v":"Sáb"},{"$i":"month-0-long","$v":"Janeiro"},{"$i":"month-1-long","$v":"Fevereiro"},{"$i":"month-2-long","$v":"Março"},{"$i":"month-3-long","$v":"Abril"},{"$i":"month-4-long","$v":"Maio"},{"$i":"month-5-long","$v":"Junho"},{"$i":"month-6-long","$v":"Julho"},{"$i":"month-7-long","$v":"Agosto"},{"$i":"month-8-long","$v":"Setembro"},{"$i":"month-9-long","$v":"Outubro"},{"$i":"month-10-long","$v":"Novembro"},{"$i":"month-11-long","$v":"Dezembro"},{"$i":"month-0-genitive","$v":"Janeiro"},{"$i":"month-1-genitive","$v":"Fevereiro"},{"$i":"month-2-genitive","$v":"Março"},{"$i":"month-3-genitive","$v":"Abril"},{"$i":"month-4-genitive","$v":"Maio"},{"$i":"month-5-genitive","$v":"Junho"},{"$i":"month-6-genitive","$v":"Julho"},{"$i":"month-7-genitive","$v":"Agosto"},{"$i":"month-8-genitive","$v":"Setembro"},{"$i":"month-9-genitive","$v":"Outubro"},{"$i":"month-10-genitive","$v":"Novembro"},{"$i":"month-11-genitive","$v":"Dezembro"},{"$i":"month-0-short","$v":"Jan"},{"$i":"month-1-short","$v":"Fev"},{"$i":"month-2-short","$v":"Mar"},{"$i":"month-3-short","$v":"Abr"},{"$i":"month-4-short","$v":"Mai"},{"$i":"month-5-short","$v":"Jun"},{"$i":"month-6-short","$v":"Jul"},{"$i":"month-7-short","$v":"Ago"},{"$i":"month-8-short","$v":"Set"},{"$i":"month-9-short","$v":"Out"},{"$i":"month-10-short","$v":"Nov"},{"$i":"month-11-short","$v":"Dez"},{"$i":"minutes-ago-long","$v":{"zero":"há pouco","one":"um minuto atrás","two":[{"t":"idOrVar","v":"value"}," minutos atrás"],"few":[{"t":"idOrVar","v":"value"}," minutos atrás"],"many":[{"t":"idOrVar","v":"value"}," minutos atrás"],"other":[{"t":"idOrVar","v":"value"}," minutos atrás"]},"$x":[{"t":"idOrVar","v":"plural"},"value"]},{"$i":"hours-ago-long","$v":{"zero":"há pouco","one":"uma hora atrás","two":[{"t":"idOrVar","v":"value"}," horas atrás"],"few":[{"t":"idOrVar","v":"value"}," horas atrás"],"many":[{"t":"idOrVar","v":"value"}," horas atrás"],"other":[{"t":"idOrVar","v":"value"}," horas atrás"]},"$x":[{"t":"idOrVar","v":"plural"},"value"]},{"$i":"days-ago-long","$v":{"zero":"hoje","one":"ontem","two":[{"t":"idOrVar","v":"value"}," dias atrás"],"few":[{"t":"idOrVar","v":"value"}," dias atrás"],"many":[{"t":"idOrVar","v":"value"}," dias atrás"],"other":[{"t":"idOrVar","v":"value"}," dias atrás"]},"$x":[{"t":"idOrVar","v":"plural"},"value"]},{"$i":"weeks-ago-long","$v":{"zero":"esta semana","one":"semana passada","two":[{"t":"idOrVar","v":"value"}," semanas atrás"],"few":[{"t":"idOrVar","v":"value"}," semanas atrás"],"many":[{"t":"idOrVar","v":"value"}," semanas atrás"],"other":[{"t":"idOrVar","v":"value"}," semanas atrás"]},"$x":[{"t":"idOrVar","v":"plural"},"value"]},{"$i":"months-ago-long","$v":{"zero":"este mês","one":"mês passado","two":[{"t":"idOrVar","v":"value"}," meses atrás"],"few":[{"t":"idOrVar","v":"value"}," meses atrás"],"many":[{"t":"idOrVar","v":"value"}," meses atrás"],"other":[{"t":"idOrVar","v":"value"}," meses atrás"]},"$x":[{"t":"idOrVar","v":"plural"},"value"]},{"$i":"years-ago-long","$v":{"zero":"este ano","one":"ano passado","two":[{"t":"idOrVar","v":"value"}," anos atrás"],"few":[{"t":"idOrVar","v":"value"}," anos atrás"],"many":[{"t":"idOrVar","v":"value"}," anos atrás"],"other":[{"t":"idOrVar","v":"value"}," anos atrás"]},"$x":[{"t":"idOrVar","v":"plural"},"value"]},{"$i":"minutes-until-long","$v":{"zero":"agora","one":"em um minuto","two":["em ",{"t":"idOrVar","v":"value"}," minutos"],"few":["em ",{"t":"idOrVar","v":"value"}," minutos"],"many":["em ",{"t":"idOrVar","v":"value"}," minutos"],"other":["em ",{"t":"idOrVar","v":"value"}," minutos"]},"$x":[{"t":"idOrVar","v":"plural"},"value"]},{"$i":"hours-until-long","$v":{"zero":"agora","one":"em uma hora","two":["em ",{"t":"idOrVar","v":"value"}," horas"],"few":["em ",{"t":"idOrVar","v":"value"}," horas"],"many":["em ",{"t":"idOrVar","v":"value"}," horas"],"other":["em ",{"t":"idOrVar","v":"value"}," horas"]},"$x":[{"t":"idOrVar","v":"plural"},"value"]},{"$i":"days-until-long","$v":{"zero":"hoje","one":"amanhã","two":["em ",{"t":"idOrVar","v":"value"}," dias"],"few":["em ",{"t":"idOrVar","v":"value"}," dias"],"many":["em ",{"t":"idOrVar","v":"value"}," dias"],"other":["em ",{"t":"idOrVar","v":"value"}," dias"]},"$x":[{"t":"idOrVar","v":"plural"},"value"]},{"$i":"weeks-until-long","$v":{"zero":"esta semana","one":"semana que vem","two":["em ",{"t":"idOrVar","v":"value"}," semanas"],"few":["em ",{"t":"idOrVar","v":"value"}," semanas"],"many":["em ",{"t":"idOrVar","v":"value"}," semanas"],"other":["em ",{"t":"idOrVar","v":"value"}," semanas"]},"$x":[{"t":"idOrVar","v":"plural"},"value"]},{"$i":"months-until-long","$v":{"zero":"este mês","one":"mês que vem","two":["em ",{"t":"idOrVar","v":"value"}," meses"],"few":["em ",{"t":"idOrVar","v":"value"}," meses"],"many":["em ",{"t":"idOrVar","v":"value"}," meses"],"other":["em ",{"t":"idOrVar","v":"value"}," meses"]},"$x":[{"t":"idOrVar","v":"plural"},"value"]},{"$i":"years-until-long","$v":{"zero":"este ano","one":"ano que vem","two":["em ",{"t":"idOrVar","v":"value"}," anos"],"few":["em ",{"t":"idOrVar","v":"value"}," anos"],"many":["em ",{"t":"idOrVar","v":"value"}," anos"],"other":["em ",{"t":"idOrVar","v":"value"}," anos"]},"$x":[{"t":"idOrVar","v":"plural"},"value"]},{"$i":"minutes-ago-short","$v":{"zero":"há pouco","other":[{"t":"idOrVar","v":"value"},"min atrás"]},"$x":[{"t":"idOrVar","v":"plural"},"value"]},{"$i":"hours-ago-short","$v":{"zero":"há pouco","other":[{"t":"idOrVar","v":"value"},"h atrás"]},"$x":[{"t":"idOrVar","v":"plural"},"value"]},{"$i":"days-ago-short","$v":{"zero":"hoje","other":[{"t":"idOrVar","v":"value"},"d atrás"]},"$x":[{"t":"idOrVar","v":"plural"},"value"]},{"$i":"minutes-until-short","$v":{"zero":"agora","other":["em ",{"t":"idOrVar","v":"value"},"min"]},"$x":[{"t":"idOrVar","v":"plural"},"value"]},{"$i":"hours-until-short","$v":{"zero":"agora","other":["em ",{"t":"idOrVar","v":"value"},"h"]},"$x":[{"t":"idOrVar","v":"plural"},"value"]},{"$i":"days-until-short","$v":{"zero":"hoje","other":["em ",{"t":"idOrVar","v":"value"},"d"]},"$x":[{"t":"idOrVar","v":"plural"},"value"]},{"$i":"incorrectDate","$v":"(data incorreta)"},{"$i":"dateTimeFormat_%c","$v":"%A, %e de %B de %Y %H h %M min %S s"},{"$i":"dateTimeFormat_%x","$v":"%d/%m/%Y"},{"$i":"dateTimeFormat_%X","$v":"%H h %M min %S s"},{"$i":"shortTimeFormat","$v":"%H:%M"},{"$i":"shortTimeFormat12","$v":"%I:%M %p"},{"$i":"shortTimeFormat24","$v":"%H:%M"},{"$i":"shortDateTimeFormat","$v":"%x %H:%M"},{"$i":"weekStartsOnMonday","$v":"0"},{"$i":"firstDayOfTheWeek","$v":"0"},{"$i":"time_am","$v":"AM"},{"$i":"time_pm","$v":"PM"}]