[{"$i":"topup-confirmation-title2","$v":"Utilizare"},{"$i":"topup-confirmation-message","$v":"Reîncărcarea cartelei confirmată."},{"$i":"topup-incorrectcode-title2","$v":"Utilizare"},{"$i":"topup-incorrectcode-message3","$v":"Codul introdus de reîncărcare al cartelei este incorect."},{"$i":"updating","$v":"Se actualizează"},{"$i":"updating-ellipsis","$v":"Se actualizează…"},{"$i":"yesterday","$v":"Ieri"},{"$i":"today","$v":"Astăzi"},{"$i":"never","$v":"Niciodată"},{"$i":"magnitude","$v":[{"t":"idOrVar","v":"value"}," ",{"t":"idOrVar","v":"unit"}]},{"$i":"currency","$v":[{"t":"idOrVar","v":"currency"},{"t":"idOrVar","v":"value"}]},{"$i":"widget","$v":"Widgeturi de utilizare"},{"$i":"widget-authed-sim-heading","$v":["Cartelă SIM nouă ",{"t":"idOrVar","v":"provider"}," inserată"]},{"$i":"widget-authed-sim-meta","$v":"Apasă pt. a monitoriza utilizarea de net și telefon."},{"$i":"widget-nonauthed-sim-heading","$v":"Cartelă SIM nouă inserată"},{"$i":"widget-nonauthed-sim-meta","$v":"Apasă pt. a monitoriza utilizarea de net."},{"$i":"widget-airplane-mode-heading","$v":"Airplane Mode"},{"$i":"widget-airplane-mode-meta","$v":"Please, turn off airplane mode to enable Usage."},{"$i":"widget-no-sim2-heading","$v":"Nicio cartelă SIM inserată"},{"$i":"widget-no-sim2-meta","$v":"Inserează o cartelă pt. a activa Utilizare."},{"$i":"widget-sim-locked-heading","$v":"Cartelă SIM blocată"},{"$i":"widget-sim-locked-meta","$v":"Deblochează SIM pt. a activa Utilizare."},{"$i":"widget-unknown-heading","$v":"Error"},{"$i":"widget-unknown-meta","$v":"Please, make sure airplane mode is off."},{"$i":"fte","$v":"Utilizarea primei experiențe"},{"$i":"fte-authed-sim","$v":"Economisește bani prin monitorizarea utilizării netului și telefonului."},{"$i":"fte-nonauthed-sim","$v":"Economisește bani prin monitorizarea utilizării de net."},{"$i":"fte-no-sim","$v":"Obține informații clare despre cât de mult net utilizezi."},{"$i":"fte-sim-info2","$v":"Informațiile afișate în Utilizare provin direct de la acest dispozitiv. Consultă furnizorul de servicii mobile pentru informații detaliate ale contului."},{"$i":"fte-plantype-title","$v":"Tipul contractului"},{"$i":"fte-plantype-hint","$v":"Selectează tipul contractului pe care îl ai cu furnizorul de servicii mobile."},{"$i":"fte-prepaid2-title","$v":"Alertă de sold scăzut"},{"$i":"fte-prepaid2-hint","$v":"Setează o alertă pentru a evita epuizarea creditului."},{"$i":"fte-prepaid3-title","$v":"Alertă și raport de date"},{"$i":"fte-prepaid3-hint","$v":"Recepționează raporturi despre utilizarea de net și setează o alertă pentru a evita utilizarea prea ridicată."},{"$i":"fte-postpaid2-title","$v":"Raport de date și telefon"},{"$i":"fte-postpaid2-hint","$v":"Recepționează raporturi privind utilizarea de net și telefon."},{"$i":"fte-postpaid3-title","$v":"Alertă de date"},{"$i":"fte-postpaid3-hint","$v":"Setează o alertă pentru a evita folosirea de prea mult trafic."},{"$i":"fte-onlydata2-title","$v":"Raport de date"},{"$i":"fte-onlydata2-hint","$v":"Recepționează raporturi despre utilizarea de net."},{"$i":"fte-onlydata3-title","$v":"Alertă de date"},{"$i":"fte-onlydata3-hint","$v":"Setează o alertă pentru a evita folosirea de prea mult trafic."},{"$i":"phone-activity","$v":"Activitate pe telefon"},{"$i":"balance","$v":"Sold"},{"$i":"on-roaming-message2","$v":"Roaming: fără actualizarea automată a soldului. Ai putea fi taxat pentru actualizarea manuală."},{"$i":"balance-error-message2","$v":"Soldul nu s-a actualizat corect. Încearcă actualizarea manuală."},{"$i":"airplane-mode-error-message2","$v":"Oprește modul avion pentru a actualiza soldul sau a reîncărca cartela."},{"$i":"disable-airplane-mode","$v":"Dorești să dezactivezi modul avion pentru a actualiza sau a reîncărca cartela?"},{"$i":"no-coverage-error-message2","$v":"Ai nevoie de acoperire la telefon pentru a actualiza soldul sau a reîncărca cartela."},{"$i":"top-up","$v":"Reîncarcă cartela"},{"$i":"enter-top-up-code","$v":"Introdu codul de reîncărcare"},{"$i":"top-up-code-explanation2","$v":"Găsește-l pe cartela de reîncărcare sau direct pe chitanță."},{"$i":"wait-for-confirmation","$v":"Vei primi un mesaj de confirmare"},{"$i":"incorrect-code2","$v":"Asigură-te că codul este corect și reîncearcă."},{"$i":"topup-error2","$v":"A apărut o problemă la trimiterea codului. Te rugăm încearcă mai târziu."},{"$i":"application-error-title","$v":"Serviciu indisponibil"},{"$i":"application-error-message","$v":"Contactează reprezentatul companiei."},{"$i":"service-unavailable-title","$v":"Serviciu indisponibil"},{"$i":"service-unavailable-message","$v":"Nici actualizarea, nici reîncărcarea cartelei nu este posibilă în acest moment. Te rugăm încearcă mai târziu."},{"$i":"data-usage","$v":"Utilizare de date"},{"$i":"update-button","$v":"Actualizează"},{"$i":"topup-button2","$v":"Folosește codul de reîncărcare"},{"$i":"topup-ussd-button2","$v":"Deschide meniul de reîncărcare"},{"$i":"ok","$v":"Ok"},{"$i":"top-up-in-progress2","$v":"Reîncărcarea cartelei e procesată."},{"$i":"top-up-timed-out2","$v":"Actualizează soldul pentru a confirma. Dacă soldul este neschimbat, încearcă reîncărcarea din nou."},{"$i":"on-topup-not-confirmed-title","$v":"Reîncărcarea cartelei neconfirmată"},{"$i":"on-topup-not-confirmed-message","$v":"Încearcă actualizarea soldului sau încearcă din nou reîncărcarea cartelei."},{"$i":"send","$v":"trimite"},{"$i":"plantype-setup-title","$v":"Telefonul meu și planul de internet este"},{"$i":"prepaid","$v":"Preplătită"},{"$i":"postpaid","$v":"Postplătită"},{"$i":"phoneactivity","$v":"Activitate pe telefon"},{"$i":"short-date-format","$v":"%b, %d"},{"$i":"long-date-format","$v":"%B %d, %Y"},{"$i":"sms-sent","$v":"SMS trimis"},{"$i":"call-made","$v":"Apeluri efectuate"},{"$i":"settings","$v":"Setări"},{"$i":"low-balance-alert","$v":"Alertă de sold scăzut"},{"$i":"low-balance-explanation2","$v":"Când soldul este sub"},{"$i":"phone-and-internet-data-report","$v":"Raport de trafic de date și telefon"},{"$i":"internet-data-report","$v":"Internet data report"},{"$i":"starting-on","$v":"Începând din"},{"$i":"cancel","$v":"Renunță"},{"$i":"monthly","$v":"Lunar"},{"$i":"weekly","$v":"Săptămânal"},{"$i":"monday","$v":"luni"},{"$i":"tuesday","$v":"marți"},{"$i":"wednesday","$v":"miercuri"},{"$i":"thursday","$v":"joi"},{"$i":"friday","$v":"vineri"},{"$i":"saturday","$v":"sâmbătă"},{"$i":"sunday","$v":"duminică"},{"$i":"billing-cycle-ends","$v":"Cliclul de facturare se încheie"},{"$i":"tracking-will-reset","$v":"Monitorizarea se va reseta la această dată"},{"$i":"yes","$v":"Da"},{"$i":"done","$v":"Gata"},{"$i":"confirmation","$v":"Confirmare"},{"$i":"reset-wifi-confirmation-warning","$v":["Your current Wi-Fi data usage is ",{"t":"idOrVar","v":"wifiData"},". Clear it all?"]},{"$i":"reset-mobile-confirmation-warning","$v":["Your current mobile data usage is ",{"t":"idOrVar","v":"mobileData"},". Clear it all?"]},{"$i":"reset-all-confirmation-warning","$v":["Your current data usages are ",{"t":"idOrVar","v":"mobileData"}," on mobile, ",{"t":"idOrVar","v":"wifiData"}," on Wi-Fi. Clear it all?"]},{"$i":"reset-telephony-confirmation-warning","$v":"Toate datele actuale vor fi șterse. Sigur dorești să resetezi?"},{"$i":"reset","$v":"Resetează"},{"$i":"reset-wifi","$v":"Resetează utilizarea Wi-Fi"},{"$i":"reset-mobile","$v":"Resetează utilizarea de date mobile"},{"$i":"reset-all","$v":"Resetează datele mobile și Wi-Fi"},{"$i":"not-set","$v":"Nesetat"},{"$i":"used","$v":"Folosit"},{"$i":"limit-passed","$v":"Limită depășită"},{"$i":"limit","$v":"Limită"},{"$i":"data-limit-header","$v":"Limita de utilizare a datelor"},{"$i":"data-limit-alert","$v":"Alertă de trafic de date"},{"$i":"data-limit-value2","$v":"Când traficul este peste"},{"$i":"data-limit-dialog-title2","$v":"Introdu o alertă de limită pentru datele mobile"},{"$i":"data-limit-dialog-explanation2","$v":"Viteza conexiunii este redusă după ce limita s-a atins. Adresează-te furnizorului de date pentru a seta un nivel de alertă potrivit."},{"$i":"data-limit-input-label","ariaLabel":"Data limit"},{"$i":"wifi-usage","$v":"Utilizare Wi-Fi"},{"$i":"mobile-usage","$v":"Util. de date mobile"},{"$i":"wifi-usage-settings","$v":"Utilizare Wi-Fi"},{"$i":"mobile-usage-settings","$v":"Utilizare mobilă"},{"$i":"im-prepaid","$v":"Am cartelă preplătită"},{"$i":"im-postpaid","$v":"Am cartelă postplătită"},{"$i":"reset-data-usage","$v":"Resetează utilizarea de date"},{"$i":"reset-report","$v":"Resetează raportul"},{"$i":"next","$v":"Înainte"},{"$i":"back","$v":"Înapoi"},{"$i":"lets-go","$v":"Să începem!"},{"$i":"alert","$v":"Alertă"},{"$i":"alert-limit","$v":"Limită de alertă"},{"$i":"fte-welcome-title","$v":"Bun venit"},{"$i":"data-limit-notification-title2","$v":[{"t":"idOrVar","v":"limit"}," de date folosite"]},{"$i":"data-limit-notification-text2","$v":"Ai atins limita selectată"},{"$i":"low-balance-notification-title","$v":"Sold scăzut"},{"$i":"low-balance-notification-text","$v":[{"t":"idOrVar","v":"remaining"}," credit rămas pe telefon"]},{"$i":"zero-balance-message","$v":"Soldul a ajuns la zero, nu mai ai credit pe telefon."},{"$i":"not-available","$v":"Indisponibil"},{"$i":"usage","$v":"Utilizare"},{"$i":"internet","$v":"Internet"},{"$i":"phone","$v":"Telefon"},{"$i":"loading-interface-data","$v":"Se încarcă datele din interfață. Te rugăm reîncearcă în scurt timp."},{"$i":"data-limit","$v":["Data Limit (",{"t":"idOrVar","v":"value"},")"]},{"$i":"data-available2","$v":{"zero":[{"t":"idOrVar","v":"value"}," ",{"t":"idOrVar","v":"unit"}," available"],"one":[{"t":"idOrVar","v":"value"}," ",{"t":"idOrVar","v":"unit"}," available"],"two":[{"t":"idOrVar","v":"value"}," ",{"t":"idOrVar","v":"unit"}," available"],"few":[{"t":"idOrVar","v":"value"}," ",{"t":"idOrVar","v":"unit"}," available"],"many":[{"t":"idOrVar","v":"value"}," ",{"t":"idOrVar","v":"unit"}," available"],"other":[{"t":"idOrVar","v":"value"}," ",{"t":"idOrVar","v":"unit"}," available"]},"$x":[{"t":"idOrVar","v":"plural"},"value"]},{"$i":"over-limit","$v":{"one":[{"t":"idOrVar","v":"value"}," ",{"t":"idOrVar","v":"unit"}," over limit"],"two":[{"t":"idOrVar","v":"value"}," ",{"t":"idOrVar","v":"unit"}," over limit"],"few":[{"t":"idOrVar","v":"value"}," ",{"t":"idOrVar","v":"unit"}," over limit"],"many":[{"t":"idOrVar","v":"value"}," ",{"t":"idOrVar","v":"unit"}," over limit"],"other":[{"t":"idOrVar","v":"value"}," ",{"t":"idOrVar","v":"unit"}," over limit"]},"$x":[{"t":"idOrVar","v":"plural"},"value"]},{"$i":"verbose-chart-date-format","$v":[{"t":"idOrVar","v":"em-month"}," ",{"t":"idOrVar","v":"monthday-number"}]},{"$i":"day-hour-format","$v":[{"t":"idOrVar","v":"day"},", ",{"t":"idOrVar","v":"time"}]},{"$i":"B","$v":"B"},{"$i":"KB","$v":"KB"},{"$i":"MB","$v":"MB"},{"$i":"GB","$v":"GB"},{"$i":"unit-MB","ariaLabel":"MB"},{"$i":"unit-GB","ariaLabel":"GB"},{"$i":"app-usage-list-header","$v":"Utilizare mobilă per aplicație"},{"$i":"app-usage-no-data","$v":"You have not used any mobile data yet. Usage for each application will show up here when you do."},{"$i":"data-used-since","$v":[{"t":"idOrVar","v":"amount"}," of data used since ",{"t":"idOrVar","v":"start-date"}]},{"$i":"data-used-this-week","$v":[{"t":"idOrVar","v":"amount"}," of data used this week"]},{"$i":"data-used-this-month","$v":[{"t":"idOrVar","v":"amount"}," of data used this month"]},{"$i":"data-usage-other-apps","$v":"Others"},{"$i":"data-usage-browser-app","$v":"Browser"},{"$i":"limit-layer-MB","ariaLabel":["Limit of ",{"t":"idOrVar","v":"value"}," MB"]},{"$i":"limit-layer-GB","ariaLabel":["Limit of ",{"t":"idOrVar","v":"value"}," GB"]},{"$i":"warning-layer","ariaLabel":[{"t":"idOrVar","v":"value"}," left"]},{"$i":"limit-exceeded-layer","ariaLabel":["Exceeded by ",{"t":"idOrVar","v":"value"}]},{"$i":"today-layer","ariaLabel":["Today is ",{"t":"idOrVar","v":"today"}]},{"$i":"axis-layer","ariaLabel":["From ",{"t":"idOrVar","v":"from"}," to ",{"t":"idOrVar","v":"to"}]},{"$i":"weekday-0-long","$v":"duminică"},{"$i":"weekday-1-long","$v":"luni"},{"$i":"weekday-2-long","$v":"marți"},{"$i":"weekday-3-long","$v":"miercuri"},{"$i":"weekday-4-long","$v":"joi"},{"$i":"weekday-5-long","$v":"vineri"},{"$i":"weekday-6-long","$v":"sâmbătă"},{"$i":"weekday-0-short","$v":"dum"},{"$i":"weekday-1-short","$v":"lun"},{"$i":"weekday-2-short","$v":"mar"},{"$i":"weekday-3-short","$v":"mie"},{"$i":"weekday-4-short","$v":"joi"},{"$i":"weekday-5-short","$v":"vin"},{"$i":"weekday-6-short","$v":"sâm"},{"$i":"month-0-long","$v":"ianuarie"},{"$i":"month-1-long","$v":"februarie"},{"$i":"month-2-long","$v":"martie"},{"$i":"month-3-long","$v":"aprilie"},{"$i":"month-4-long","$v":"mai"},{"$i":"month-5-long","$v":"iunie"},{"$i":"month-6-long","$v":"iulie"},{"$i":"month-7-long","$v":"august"},{"$i":"month-8-long","$v":"septembrie"},{"$i":"month-9-long","$v":"octombrie"},{"$i":"month-10-long","$v":"noiembrie"},{"$i":"month-11-long","$v":"decembrie"},{"$i":"month-0-genitive","$v":"ianuarie"},{"$i":"month-1-genitive","$v":"februarie"},{"$i":"month-2-genitive","$v":"martie"},{"$i":"month-3-genitive","$v":"aprilie"},{"$i":"month-4-genitive","$v":"mai"},{"$i":"month-5-genitive","$v":"iunie"},{"$i":"month-6-genitive","$v":"iulie"},{"$i":"month-7-genitive","$v":"august"},{"$i":"month-8-genitive","$v":"septembrie"},{"$i":"month-9-genitive","$v":"octombrie"},{"$i":"month-10-genitive","$v":"noiembrie"},{"$i":"month-11-genitive","$v":"decembrie"},{"$i":"month-0-short","$v":"ian"},{"$i":"month-1-short","$v":"feb"},{"$i":"month-2-short","$v":"mar"},{"$i":"month-3-short","$v":"apr"},{"$i":"month-4-short","$v":"mai"},{"$i":"month-5-short","$v":"iun"},{"$i":"month-6-short","$v":"iul"},{"$i":"month-7-short","$v":"aug"},{"$i":"month-8-short","$v":"sep"},{"$i":"month-9-short","$v":"oct"},{"$i":"month-10-short","$v":"noi"},{"$i":"month-11-short","$v":"dec"},{"$i":"minutes-ago-long","$v":{"zero":"chiar acum","one":"acum un minut","two":["acum ",{"t":"idOrVar","v":"value"}," minute"],"few":["acum ",{"t":"idOrVar","v":"value"}," minute"],"many":["acum ",{"t":"idOrVar","v":"value"}," minute"],"other":["acum ",{"t":"idOrVar","v":"value"}," minute"]},"$x":[{"t":"idOrVar","v":"plural"},"value"]},{"$i":"hours-ago-long","$v":{"zero":"chiar acum","one":"acum cu o oră","two":["acum ",{"t":"idOrVar","v":"value"}," ore"],"few":["acum ",{"t":"idOrVar","v":"value"}," ore"],"many":["acum ",{"t":"idOrVar","v":"value"}," ore"],"other":["acum ",{"t":"idOrVar","v":"value"}," ore"]},"$x":[{"t":"idOrVar","v":"plural"},"value"]},{"$i":"days-ago-long","$v":{"zero":"astăzi","one":"ieri","two":["acum ",{"t":"idOrVar","v":"value"}," zile"],"few":["acum ",{"t":"idOrVar","v":"value"}," zile"],"many":["acum ",{"t":"idOrVar","v":"value"}," zile"],"other":["acum ",{"t":"idOrVar","v":"value"}," zile"]},"$x":[{"t":"idOrVar","v":"plural"},"value"]},{"$i":"weeks-ago-long","$v":{"zero":"săptămâna aceasta","one":"săptămâna trecută","two":["acum ",{"t":"idOrVar","v":"value"}," săptămâni"],"few":["acum ",{"t":"idOrVar","v":"value"}," săptămâni"],"many":["acum ",{"t":"idOrVar","v":"value"}," săptămâni"],"other":["acum ",{"t":"idOrVar","v":"value"}," săptămâni"]},"$x":[{"t":"idOrVar","v":"plural"},"value"]},{"$i":"months-ago-long","$v":{"zero":"luna aceasta","one":"luna trecută","two":["acum ",{"t":"idOrVar","v":"value"}," luni"],"few":["acum ",{"t":"idOrVar","v":"value"}," luni"],"many":["acum ",{"t":"idOrVar","v":"value"}," luni"],"other":["acum ",{"t":"idOrVar","v":"value"}," luni"]},"$x":[{"t":"idOrVar","v":"plural"},"value"]},{"$i":"years-ago-long","$v":{"zero":"anul acesta","one":"anul trecut","two":["acum ",{"t":"idOrVar","v":"value"}," ani"],"few":["acum ",{"t":"idOrVar","v":"value"}," ani"],"many":["acum ",{"t":"idOrVar","v":"value"}," ani"],"other":["acum ",{"t":"idOrVar","v":"value"}," ani"]},"$x":[{"t":"idOrVar","v":"plural"},"value"]},{"$i":"minutes-until-long","$v":{"zero":"acum","one":"într-un minut","two":["în ",{"t":"idOrVar","v":"value"}," minute"],"few":["în ",{"t":"idOrVar","v":"value"}," minute"],"many":["în ",{"t":"idOrVar","v":"value"}," minute"],"other":["în ",{"t":"idOrVar","v":"value"}," minute"]},"$x":[{"t":"idOrVar","v":"plural"},"value"]},{"$i":"hours-until-long","$v":{"zero":"acum","one":"într-o oră","two":["în ",{"t":"idOrVar","v":"value"}," ore"],"few":["în ",{"t":"idOrVar","v":"value"}," ore"],"many":["în ",{"t":"idOrVar","v":"value"}," ore"],"other":["în ",{"t":"idOrVar","v":"value"}," ore"]},"$x":[{"t":"idOrVar","v":"plural"},"value"]},{"$i":"days-until-long","$v":{"zero":"astăzi","one":"mâine","two":["în ",{"t":"idOrVar","v":"value"}," zile"],"few":["în ",{"t":"idOrVar","v":"value"}," zile"],"many":["în ",{"t":"idOrVar","v":"value"}," zile"],"other":["în ",{"t":"idOrVar","v":"value"}," zile"]},"$x":[{"t":"idOrVar","v":"plural"},"value"]},{"$i":"weeks-until-long","$v":{"zero":"săptămâna aceasta","one":"săptămâna următoare","two":["în ",{"t":"idOrVar","v":"value"}," săptămâni"],"few":["în ",{"t":"idOrVar","v":"value"}," săptămâni"],"many":["în ",{"t":"idOrVar","v":"value"}," săptămâni"],"other":["în ",{"t":"idOrVar","v":"value"}," săptămâni"]},"$x":[{"t":"idOrVar","v":"plural"},"value"]},{"$i":"months-until-long","$v":{"zero":"luna aceasta","one":"luna următoare","two":["în ",{"t":"idOrVar","v":"value"}," luni"],"few":["în ",{"t":"idOrVar","v":"value"}," luni"],"many":["în ",{"t":"idOrVar","v":"value"}," luni"],"other":["în ",{"t":"idOrVar","v":"value"}," luni"]},"$x":[{"t":"idOrVar","v":"plural"},"value"]},{"$i":"years-until-long","$v":{"zero":"anul acesta","one":"anul următor","two":["în ",{"t":"idOrVar","v":"value"}," ani"],"few":["în ",{"t":"idOrVar","v":"value"}," ani"],"many":["în ",{"t":"idOrVar","v":"value"}," ani"],"other":["în ",{"t":"idOrVar","v":"value"}," ani"]},"$x":[{"t":"idOrVar","v":"plural"},"value"]},{"$i":"minutes-ago-short","$v":{"zero":"chiar acum","other":["acum ",{"t":"idOrVar","v":"value"}," min."]},"$x":[{"t":"idOrVar","v":"plural"},"value"]},{"$i":"hours-ago-short","$v":{"zero":"chiar acum","other":["acum ",{"t":"idOrVar","v":"value"},"h"]},"$x":[{"t":"idOrVar","v":"plural"},"value"]},{"$i":"days-ago-short","$v":{"zero":"astăzi","other":["acum ",{"t":"idOrVar","v":"value"},"z"]},"$x":[{"t":"idOrVar","v":"plural"},"value"]},{"$i":"minutes-until-short","$v":{"zero":"acum","other":["în ",{"t":"idOrVar","v":"value"},"m"]},"$x":[{"t":"idOrVar","v":"plural"},"value"]},{"$i":"hours-until-short","$v":{"zero":"acum","other":["în ",{"t":"idOrVar","v":"value"},"h"]},"$x":[{"t":"idOrVar","v":"plural"},"value"]},{"$i":"days-until-short","$v":{"zero":"astăzi","other":["în ",{"t":"idOrVar","v":"value"},"z"]},"$x":[{"t":"idOrVar","v":"plural"},"value"]},{"$i":"incorrectDate","$v":"(dată incorectă)"},{"$i":"dateTimeFormat_%c","$v":"%a, %e %b %Y %H:%M:%S"},{"$i":"dateTimeFormat_%x","$v":"%d/%m/%Y"},{"$i":"dateTimeFormat_%X","$v":"%H:%M:%S"},{"$i":"shortTimeFormat","$v":"%H:%M"},{"$i":"shortTimeFormat12","$v":"%H:%M"},{"$i":"shortTimeFormat24","$v":"%H:%M"},{"$i":"shortDateTimeFormat","$v":"%x %H:%M"},{"$i":"weekStartsOnMonday","$v":"0"},{"$i":"firstDayOfTheWeek","$v":"0"},{"$i":"time_am","$v":"AM"},{"$i":"time_pm","$v":"PM"}]