[{"$i":"topup-confirmation-title2","$v":"Трафик"},{"$i":"topup-confirmation-message","$v":"Пополнение подтверждено"},{"$i":"topup-incorrectcode-title2","$v":"Трафик"},{"$i":"topup-incorrectcode-message3","$v":"Введён некорректный код пополнения."},{"$i":"updating","$v":"Обновление"},{"$i":"updating-ellipsis","$v":"Обновление…"},{"$i":"yesterday","$v":"Вчера"},{"$i":"today","$v":"Сегодня"},{"$i":"never","$v":"Никогда"},{"$i":"magnitude","$v":[{"t":"idOrVar","v":"value"}," ",{"t":"idOrVar","v":"unit"}]},{"$i":"currency","$v":[{"t":"idOrVar","v":"currency"},{"t":"idOrVar","v":"value"}]},{"$i":"widget","$v":"Виджет \"Трафик\""},{"$i":"widget-authed-sim-heading","$v":["Вставлена новая SIM-карта ",{"t":"idOrVar","v":"provider"}]},{"$i":"widget-authed-sim-meta","$v":"Нажмите для учёта звонков и сети."},{"$i":"widget-nonauthed-sim-heading","$v":"Вставлена новая SIM-карта"},{"$i":"widget-nonauthed-sim-meta","$v":"Нажмите для учёта расхода интернета."},{"$i":"widget-airplane-mode-heading","$v":"Режим Полёта"},{"$i":"widget-airplane-mode-meta","$v":"Пожалуйста, отключите Режим Полёта, чтобы включить Трафик."},{"$i":"widget-no-sim2-heading","$v":"Не вставлена SIM-карта"},{"$i":"widget-no-sim2-meta","$v":"Вставьте SIM, чтобы включить Трафик."},{"$i":"widget-sim-locked-heading","$v":"SIM-карта залочена"},{"$i":"widget-sim-locked-meta","$v":"Разблокируйте для включения Трафика."},{"$i":"widget-unknown-heading","$v":"Ошибка"},{"$i":"widget-unknown-meta","$v":"Пожалуйста, убедитесь, что Режим полёта отключён."},{"$i":"fte","$v":"Знакомство с приложением \"Трафик\""},{"$i":"fte-authed-sim","$v":"Экономьте деньги, ведя учёт использования вами телефона и Интернета."},{"$i":"fte-nonauthed-sim","$v":"Экономьте деньги, ведя учёт использования вами Интернета."},{"$i":"fte-no-sim","$v":"Получайте чёткую информацию о том, сколько интернета вы используете."},{"$i":"fte-sim-info2","$v":"Информация, отображаемая в \"Трафике\", поступает напрямую с этого устройства. Для получения подробной информации о счетё свяжитесь с вашим оператором мобильной связи."},{"$i":"fte-plantype-title","$v":"Тип контракта"},{"$i":"fte-plantype-hint","$v":"Выберите тип контракта, который вы заключили с вашим оператором мобильной связи."},{"$i":"fte-prepaid2-title","$v":"Низкий баланс"},{"$i":"fte-prepaid2-hint","$v":"Установить предупреждение о низком балансе."},{"$i":"fte-prepaid3-title","$v":"Уведомление и отчёт"},{"$i":"fte-prepaid3-hint","$v":"Получать отчёты об использовании вами Интернета, и установить предупреждение, чтобы избежать перерасхода."},{"$i":"fte-postpaid2-title","$v":"Отчёт(звонки/трафик)"},{"$i":"fte-postpaid2-hint","$v":"Получать отчёты об использовании вами телефона и Интернета."},{"$i":"fte-postpaid3-title","$v":"Перерасход трафика"},{"$i":"fte-postpaid3-hint","$v":"Установить предупреждение, чтобы избежать перерасхода трафика."},{"$i":"fte-onlydata2-title","$v":"Отчёт(трафик)"},{"$i":"fte-onlydata2-hint","$v":"Получать отчёты об использовании вами Интернета."},{"$i":"fte-onlydata3-title","$v":"Перерасход трафика"},{"$i":"fte-onlydata3-hint","$v":"Установить предупреждение, чтобы избежать перерасхода трафика."},{"$i":"phone-activity","$v":"Активность телефона"},{"$i":"balance","$v":"Баланс"},{"$i":"on-roaming-message2","$v":"Роуминг: нет автоматического обновления баланса. С вас могут взять плату за обновление вручную."},{"$i":"balance-error-message2","$v":"Баланс не обновился корректно. Попробуйте обновить вручную."},{"$i":"airplane-mode-error-message2","$v":"Отключите режим полета, чтобы обновить или пополнить баланс."},{"$i":"disable-airplane-mode","$v":"Вы хотите отключить Режим Полёта, чтобы обновить баланс или пополнить счёт?"},{"$i":"no-coverage-error-message2","$v":"Вам нужно быть в зоне покрытия, чтобы обновить или пополнить баланс."},{"$i":"top-up","$v":"Пополнение"},{"$i":"enter-top-up-code","$v":"Введите код пополнения"},{"$i":"top-up-code-explanation2","$v":"Вы можете найти его на скретч-карте или прямо в вашем чеке."},{"$i":"wait-for-confirmation","$v":"Вы получите сообщение подтверждения"},{"$i":"incorrect-code2","$v":"Убедитесь, что код верен и попробуйте снова."},{"$i":"topup-error2","$v":"При отправке кода возникла проблема. Пожалуйста, попробуйте снова."},{"$i":"application-error-title","$v":"Сервис недоступен"},{"$i":"application-error-message","$v":"Свяжитесь с представителем вашей компании"},{"$i":"service-unavailable-title","$v":"Сервис недоступен"},{"$i":"service-unavailable-message","$v":"В данный момент недоступны ни обновление, ни пополнение. Попробуйте позже."},{"$i":"data-usage","$v":"Загружено данных"},{"$i":"update-button","$v":"Обновить"},{"$i":"topup-button2","$v":"Использовать код пополнения"},{"$i":"topup-ussd-button2","$v":"Открыть меню пополнения"},{"$i":"ok","$v":"OK"},{"$i":"top-up-in-progress2","$v":"Идёт обработка вашего пополнения."},{"$i":"top-up-timed-out2","$v":"Обновите ваш баланс для подтверждения. Если баланс не изменился, попробуйте пополнить снова."},{"$i":"on-topup-not-confirmed-title","$v":"Пополнение не подтверждено."},{"$i":"on-topup-not-confirmed-message","$v":"Попробуйте обновить свой баланс или повторить пополнение."},{"$i":"send","$v":"послать"},{"$i":"plantype-setup-title","$v":"Мой тариф на телефон и интернет -"},{"$i":"prepaid","$v":"Предоплаченный"},{"$i":"postpaid","$v":"В кредит (Postpaid)"},{"$i":"phoneactivity","$v":"Активность телефона"},{"$i":"short-date-format","$v":"%d %Eb"},{"$i":"long-date-format","$v":"%e %Eb %Y"},{"$i":"sms-sent","$v":"Отправлен SMS"},{"$i":"call-made","$v":"Сделан звонок"},{"$i":"settings","$v":"Параметры"},{"$i":"low-balance-alert","$v":"Предупреждение о низком балансе"},{"$i":"low-balance-explanation2","$v":"Когда баланс ниже"},{"$i":"phone-and-internet-data-report","$v":"Отчёт об использовании телефона и Интернета"},{"$i":"internet-data-report","$v":"Отчёт об использовании Интернета"},{"$i":"starting-on","$v":"Начало периода"},{"$i":"cancel","$v":"Отмена"},{"$i":"monthly","$v":"Ежемесячно"},{"$i":"weekly","$v":"Еженедельно"},{"$i":"monday","$v":"Понедельник"},{"$i":"tuesday","$v":"Вторник"},{"$i":"wednesday","$v":"Среда"},{"$i":"thursday","$v":"Четверг"},{"$i":"friday","$v":"Пятница"},{"$i":"saturday","$v":"Суббота"},{"$i":"sunday","$v":"Воскресенье"},{"$i":"billing-cycle-ends","$v":"Цикл биллинга заканчивается"},{"$i":"tracking-will-reset","$v":"В этот день отслеживание будет сброшено"},{"$i":"yes","$v":"Да"},{"$i":"done","$v":"Готово"},{"$i":"confirmation","$v":"Подтверждение"},{"$i":"reset-wifi-confirmation-warning","$v":["Ваш текущий Wi-Fi трафик — ",{"t":"idOrVar","v":"wifiData"},". Сбросить его?"]},{"$i":"reset-mobile-confirmation-warning","$v":["Ваш текущий мобильный трафик — ",{"t":"idOrVar","v":"mobileData"},". Сбросить его?"]},{"$i":"reset-all-confirmation-warning","$v":["Ваши текущие трафики — ",{"t":"idOrVar","v":"mobileData"}," на мобильной сети, ",{"t":"idOrVar","v":"wifiData"}," на Wi-Fi. Сбросить их?"]},{"$i":"reset-telephony-confirmation-warning","$v":"Все текущие данные будут удалены. Вы уверены, что хотите произвести сброс?"},{"$i":"reset","$v":"Сбросить"},{"$i":"reset-wifi","$v":"Сбросить трафик Wi-Fi"},{"$i":"reset-mobile","$v":"Сбросить мобильный трафик"},{"$i":"reset-all","$v":"Сбросить мобильный и Wi-Fi трафик"},{"$i":"not-set","$v":"Не установлен"},{"$i":"used","$v":"Использовано"},{"$i":"limit-passed","$v":"Лимит превышен"},{"$i":"limit","$v":"Лимит"},{"$i":"data-limit-header","$v":"Лимит трафика"},{"$i":"data-limit-alert","$v":"Предупреждение о расходе трафика"},{"$i":"data-limit-value2","$v":"Если расход выше"},{"$i":"data-limit-dialog-title2","$v":"Введите предупреждение о лимите мобильного трафика"},{"$i":"data-limit-dialog-explanation2","$v":"После превышения лимита скорость уменьшается. Для установки подходящего уровня предупреждения свяжитесь с вашим провайдером."},{"$i":"data-limit-input-label","ariaLabel":"Лимит трафика"},{"$i":"wifi-usage","$v":"по Wi-Fi"},{"$i":"mobile-usage","$v":"по сотовой сети"},{"$i":"wifi-usage-settings","$v":"Трафик Wi-Fi"},{"$i":"mobile-usage-settings","$v":"Трафик сотовой сети"},{"$i":"im-prepaid","$v":"Я на предоплате"},{"$i":"im-postpaid","$v":"Я на кредитном плане"},{"$i":"reset-data-usage","$v":"Сбросить расход трафика"},{"$i":"reset-report","$v":"Сброс отчёта"},{"$i":"next","$v":"Далее"},{"$i":"back","$v":"Назад"},{"$i":"lets-go","$v":"Вперёд!"},{"$i":"alert","$v":"Предупреждение"},{"$i":"alert-limit","$v":"Предупреждение о лимите"},{"$i":"fte-welcome-title","$v":"Добро пожаловать"},{"$i":"data-limit-notification-title2","$v":["Израсходовано ",{"t":"idOrVar","v":"limit"}," трафика"]},{"$i":"data-limit-notification-text2","$v":"Вы достигли выбранного вами лимита"},{"$i":"low-balance-notification-title","$v":"Низкий баланс"},{"$i":"low-balance-notification-text","$v":["осталось ",{"t":"idOrVar","v":"remaining"}," кредита на телефоне"]},{"$i":"zero-balance-message","$v":"Баланс достиг нуля, кредита на телефоне не осталось."},{"$i":"not-available","$v":"Недоступно"},{"$i":"usage","$v":"Трафик"},{"$i":"internet","$v":"Интернет"},{"$i":"phone","$v":"Телефон"},{"$i":"loading-interface-data","$v":"Загрузка данных интерфейса. Повторите попытку через некоторое время."},{"$i":"data-limit","$v":["Лимит трафика (",{"t":"idOrVar","v":"value"},")"]},{"$i":"data-available2","$v":{"zero":["доступно ",{"t":"idOrVar","v":"value"}," ",{"t":"idOrVar","v":"unit"}],"one":["доступно ",{"t":"idOrVar","v":"value"}," ",{"t":"idOrVar","v":"unit"}],"two":["доступно ",{"t":"idOrVar","v":"value"}," ",{"t":"idOrVar","v":"unit"}],"few":["доступно ",{"t":"idOrVar","v":"value"}," ",{"t":"idOrVar","v":"unit"}],"many":["доступно ",{"t":"idOrVar","v":"value"}," ",{"t":"idOrVar","v":"unit"}],"other":["доступно ",{"t":"idOrVar","v":"value"}," ",{"t":"idOrVar","v":"unit"}]},"$x":[{"t":"idOrVar","v":"plural"},"value"]},{"$i":"over-limit","$v":{"one":["Лимит превышен на ",{"t":"idOrVar","v":"value"}," ",{"t":"idOrVar","v":"unit"}],"two":["Лимит превышен на ",{"t":"idOrVar","v":"value"}," ",{"t":"idOrVar","v":"unit"}],"few":["Лимит превышен на ",{"t":"idOrVar","v":"value"}," ",{"t":"idOrVar","v":"unit"}],"many":["Лимит превышен на ",{"t":"idOrVar","v":"value"}," ",{"t":"idOrVar","v":"unit"}],"other":["Лимит превышен на ",{"t":"idOrVar","v":"value"}," ",{"t":"idOrVar","v":"unit"}]},"$x":[{"t":"idOrVar","v":"plural"},"value"]},{"$i":"verbose-chart-date-format","$v":[{"t":"idOrVar","v":"monthday-number"}," ",{"t":"idOrVar","v":"em-month"}]},{"$i":"day-hour-format","$v":[{"t":"idOrVar","v":"day"},", ",{"t":"idOrVar","v":"time"}]},{"$i":"B","$v":"байт"},{"$i":"KB","$v":"КБ"},{"$i":"MB","$v":"МБ"},{"$i":"GB","$v":"ГБ"},{"$i":"unit-MB","ariaLabel":"МБ"},{"$i":"unit-GB","ariaLabel":"ГБ"},{"$i":"app-usage-list-header","$v":"Мобильный трафик по приложениям"},{"$i":"app-usage-no-data","$v":"Вы пока не обменивались мобильными данными. Трафик для каждого приложения появится здесь, когда вы это сделаете."},{"$i":"data-used-since","$v":["С ",{"t":"idOrVar","v":"start-date"}," израсходовано ",{"t":"idOrVar","v":"amount"}," трафика"]},{"$i":"data-used-this-week","$v":["На этой неделе израсходовано ",{"t":"idOrVar","v":"amount"}," трафика"]},{"$i":"data-used-this-month","$v":["В этом месяце израсходовано ",{"t":"idOrVar","v":"amount"}," трафика"]},{"$i":"data-usage-other-apps","$v":"Другие"},{"$i":"data-usage-browser-app","$v":"Browser"},{"$i":"limit-layer-MB","ariaLabel":["Limit of ",{"t":"idOrVar","v":"value"}," MB"]},{"$i":"limit-layer-GB","ariaLabel":["Limit of ",{"t":"idOrVar","v":"value"}," GB"]},{"$i":"warning-layer","ariaLabel":[{"t":"idOrVar","v":"value"}," left"]},{"$i":"limit-exceeded-layer","ariaLabel":["Exceeded by ",{"t":"idOrVar","v":"value"}]},{"$i":"today-layer","ariaLabel":["Today is ",{"t":"idOrVar","v":"today"}]},{"$i":"axis-layer","ariaLabel":["From ",{"t":"idOrVar","v":"from"}," to ",{"t":"idOrVar","v":"to"}]},{"$i":"weekday-0-long","$v":"Воскресенье"},{"$i":"weekday-1-long","$v":"Понедельник"},{"$i":"weekday-2-long","$v":"Вторник"},{"$i":"weekday-3-long","$v":"Среда"},{"$i":"weekday-4-long","$v":"Четверг"},{"$i":"weekday-5-long","$v":"Пятница"},{"$i":"weekday-6-long","$v":"Суббота"},{"$i":"weekday-0-short","$v":"Вс"},{"$i":"weekday-1-short","$v":"Пн"},{"$i":"weekday-2-short","$v":"Вт"},{"$i":"weekday-3-short","$v":"Ср"},{"$i":"weekday-4-short","$v":"Чт"},{"$i":"weekday-5-short","$v":"Пт"},{"$i":"weekday-6-short","$v":"Сб"},{"$i":"month-0-long","$v":"Январь"},{"$i":"month-1-long","$v":"Февраль"},{"$i":"month-2-long","$v":"Март"},{"$i":"month-3-long","$v":"Апрель"},{"$i":"month-4-long","$v":"Май"},{"$i":"month-5-long","$v":"Июнь"},{"$i":"month-6-long","$v":"Июль"},{"$i":"month-7-long","$v":"Август"},{"$i":"month-8-long","$v":"Сентябрь"},{"$i":"month-9-long","$v":"Октябрь"},{"$i":"month-10-long","$v":"Ноябрь"},{"$i":"month-11-long","$v":"Декабрь"},{"$i":"month-0-genitive","$v":"января"},{"$i":"month-1-genitive","$v":"февраля"},{"$i":"month-2-genitive","$v":"марта"},{"$i":"month-3-genitive","$v":"апреля"},{"$i":"month-4-genitive","$v":"мая"},{"$i":"month-5-genitive","$v":"июня"},{"$i":"month-6-genitive","$v":"июля"},{"$i":"month-7-genitive","$v":"августа"},{"$i":"month-8-genitive","$v":"сентября"},{"$i":"month-9-genitive","$v":"октября"},{"$i":"month-10-genitive","$v":"ноября"},{"$i":"month-11-genitive","$v":"декабря"},{"$i":"month-0-short","$v":"Январь"},{"$i":"month-1-short","$v":"Февраль"},{"$i":"month-2-short","$v":"Март"},{"$i":"month-3-short","$v":"Апрель"},{"$i":"month-4-short","$v":"Май"},{"$i":"month-5-short","$v":"Июнь"},{"$i":"month-6-short","$v":"Июль"},{"$i":"month-7-short","$v":"Август"},{"$i":"month-8-short","$v":"Сентябрь"},{"$i":"month-9-short","$v":"Октябрь"},{"$i":"month-10-short","$v":"Ноябрь"},{"$i":"month-11-short","$v":"Декабрь"},{"$i":"minutes-ago-long","$v":{"zero":"прямо сейчас","one":[{"t":"idOrVar","v":"value"}," минуту назад"],"two":[{"t":"idOrVar","v":"value"}," минуты назад"],"few":[{"t":"idOrVar","v":"value"}," минуты назад"],"many":[{"t":"idOrVar","v":"value"}," минут назад"],"other":[{"t":"idOrVar","v":"value"}," минут назад"]},"$x":[{"t":"idOrVar","v":"plural"},"value"]},{"$i":"hours-ago-long","$v":{"zero":"прямо сейчас","one":[{"t":"idOrVar","v":"value"}," час назад"],"two":[{"t":"idOrVar","v":"value"}," часа назад"],"few":[{"t":"idOrVar","v":"value"}," часа назад"],"many":[{"t":"idOrVar","v":"value"}," часов назад"],"other":[{"t":"idOrVar","v":"value"}," часов назад"]},"$x":[{"t":"idOrVar","v":"plural"},"value"]},{"$i":"days-ago-long","$v":{"zero":"сегодня","one":[{"t":"idOrVar","v":"value"}," день назад"],"two":[{"t":"idOrVar","v":"value"}," дня назад"],"few":[{"t":"idOrVar","v":"value"}," дня назад"],"many":[{"t":"idOrVar","v":"value"}," дней назад"],"other":[{"t":"idOrVar","v":"value"}," дней назад"]},"$x":[{"t":"idOrVar","v":"plural"},"value"]},{"$i":"weeks-ago-long","$v":{"zero":"эта неделя","one":[{"t":"idOrVar","v":"value"}," неделя назад"],"two":[{"t":"idOrVar","v":"value"}," недели назад"],"few":[{"t":"idOrVar","v":"value"}," недели назад"],"many":[{"t":"idOrVar","v":"value"}," недель назад"],"other":[{"t":"idOrVar","v":"value"}," недель назад"]},"$x":[{"t":"idOrVar","v":"plural"},"value"]},{"$i":"months-ago-long","$v":{"zero":"этот месяц","one":[{"t":"idOrVar","v":"value"}," месяц назад"],"two":[{"t":"idOrVar","v":"value"}," месяца назад"],"few":[{"t":"idOrVar","v":"value"}," месяца назад"],"many":[{"t":"idOrVar","v":"value"}," месяцев назад"],"other":[{"t":"idOrVar","v":"value"}," месяцев назад"]},"$x":[{"t":"idOrVar","v":"plural"},"value"]},{"$i":"years-ago-long","$v":{"zero":"этот год","one":[{"t":"idOrVar","v":"value"}," год назад"],"two":[{"t":"idOrVar","v":"value"}," года назад"],"few":[{"t":"idOrVar","v":"value"}," года назад"],"many":[{"t":"idOrVar","v":"value"}," лет назад"],"other":[{"t":"idOrVar","v":"value"}," лет назад"]},"$x":[{"t":"idOrVar","v":"plural"},"value"]},{"$i":"minutes-until-long","$v":{"zero":"сейчас","one":["через ",{"t":"idOrVar","v":"value"}," минуту"],"two":["через ",{"t":"idOrVar","v":"value"}," минуты"],"few":["через ",{"t":"idOrVar","v":"value"}," минуты"],"many":["через ",{"t":"idOrVar","v":"value"}," минут"],"other":["через ",{"t":"idOrVar","v":"value"}," минут"]},"$x":[{"t":"idOrVar","v":"plural"},"value"]},{"$i":"hours-until-long","$v":{"zero":"сейчас","one":["через ",{"t":"idOrVar","v":"value"}," час"],"two":["через ",{"t":"idOrVar","v":"value"}," часа"],"few":["через ",{"t":"idOrVar","v":"value"}," часа"],"many":["через ",{"t":"idOrVar","v":"value"}," часов"],"other":["через ",{"t":"idOrVar","v":"value"}," часов"]},"$x":[{"t":"idOrVar","v":"plural"},"value"]},{"$i":"days-until-long","$v":{"zero":"сегодня","one":["через ",{"t":"idOrVar","v":"value"}," день"],"two":["через ",{"t":"idOrVar","v":"value"}," дня"],"few":["через ",{"t":"idOrVar","v":"value"}," дня"],"many":["через ",{"t":"idOrVar","v":"value"}," дней"],"other":["через ",{"t":"idOrVar","v":"value"}," дней"]},"$x":[{"t":"idOrVar","v":"plural"},"value"]},{"$i":"weeks-until-long","$v":{"zero":"эта неделя","one":["через ",{"t":"idOrVar","v":"value"}," неделю"],"two":["через ",{"t":"idOrVar","v":"value"}," недели"],"few":["через ",{"t":"idOrVar","v":"value"}," недели"],"many":["через ",{"t":"idOrVar","v":"value"}," недель"],"other":["через ",{"t":"idOrVar","v":"value"}," недель"]},"$x":[{"t":"idOrVar","v":"plural"},"value"]},{"$i":"months-until-long","$v":{"zero":"этот месяц","one":["через ",{"t":"idOrVar","v":"value"}," месяц"],"two":["через ",{"t":"idOrVar","v":"value"}," месяца"],"few":["через ",{"t":"idOrVar","v":"value"}," месяца"],"many":["через ",{"t":"idOrVar","v":"value"}," месяцев"],"other":["через ",{"t":"idOrVar","v":"value"}," месяцев"]},"$x":[{"t":"idOrVar","v":"plural"},"value"]},{"$i":"years-until-long","$v":{"zero":"этот год","one":["через ",{"t":"idOrVar","v":"value"}," год"],"two":["через ",{"t":"idOrVar","v":"value"}," года"],"few":["через ",{"t":"idOrVar","v":"value"}," года"],"many":["через ",{"t":"idOrVar","v":"value"}," лет"],"other":["через ",{"t":"idOrVar","v":"value"}," лет"]},"$x":[{"t":"idOrVar","v":"plural"},"value"]},{"$i":"minutes-ago-short","$v":{"zero":"сейчас","other":[{"t":"idOrVar","v":"value"},"м назад"]},"$x":[{"t":"idOrVar","v":"plural"},"value"]},{"$i":"hours-ago-short","$v":{"zero":"сейчас","other":[{"t":"idOrVar","v":"value"},"ч назад"]},"$x":[{"t":"idOrVar","v":"plural"},"value"]},{"$i":"days-ago-short","$v":{"zero":"сегодня","other":[{"t":"idOrVar","v":"value"},"д назад"]},"$x":[{"t":"idOrVar","v":"plural"},"value"]},{"$i":"minutes-until-short","$v":{"zero":"сейчас","other":["через ",{"t":"idOrVar","v":"value"},"м"]},"$x":[{"t":"idOrVar","v":"plural"},"value"]},{"$i":"hours-until-short","$v":{"zero":"сейчас","other":["через ",{"t":"idOrVar","v":"value"},"ч"]},"$x":[{"t":"idOrVar","v":"plural"},"value"]},{"$i":"days-until-short","$v":{"zero":"сегодня","other":["через ",{"t":"idOrVar","v":"value"},"д"]},"$x":[{"t":"idOrVar","v":"plural"},"value"]},{"$i":"incorrectDate","$v":"(некорректная дата)"},{"$i":"dateTimeFormat_%c","$v":"%a, %e %Eb %Y, %H:%M:%S"},{"$i":"dateTimeFormat_%x","$v":"%d.%m.%Y"},{"$i":"dateTimeFormat_%X","$v":"%H:%M:%S"},{"$i":"shortTimeFormat","$v":"%H:%M"},{"$i":"shortTimeFormat12","$v":"%I:%M %p"},{"$i":"shortTimeFormat24","$v":"%H:%M"},{"$i":"shortDateTimeFormat","$v":"%x %H:%M"},{"$i":"weekStartsOnMonday","$v":"1"},{"$i":"firstDayOfTheWeek","$v":"1"},{"$i":"time_am","$v":"AM"},{"$i":"time_pm","$v":"PM"}]