[{"$i":"topup-confirmation-title2","$v":"Využitie"},{"$i":"topup-confirmation-message","$v":"Platená služba potvrdená"},{"$i":"topup-incorrectcode-title2","$v":"Využitie"},{"$i":"topup-incorrectcode-message3","$v":"Zadaný chybný kód platenej služby. "},{"$i":"updating","$v":"Aktualizácia"},{"$i":"updating-ellipsis","$v":"Aktualizuje sa…"},{"$i":"yesterday","$v":"včera"},{"$i":"today","$v":"dnes"},{"$i":"never","$v":"Nikdy"},{"$i":"magnitude","$v":[{"t":"idOrVar","v":"value"}," ",{"t":"idOrVar","v":"unit"}]},{"$i":"currency","$v":[{"t":"idOrVar","v":"value"}," ",{"t":"idOrVar","v":"currency"}]},{"$i":"widget","$v":"Využitie služieb"},{"$i":"widget-authed-sim-heading","$v":["Vložená nová karta SIM od ",{"t":"idOrVar","v":"provider"}]},{"$i":"widget-authed-sim-meta","$v":"Ťuknite a môžete sledovať svoju spotrebu"},{"$i":"widget-nonauthed-sim-heading","$v":"Vložená nová karta SIM"},{"$i":"widget-nonauthed-sim-meta","$v":"Ťuknite a môžete sledovať svoju spotrebu"},{"$i":"widget-airplane-mode-heading","$v":"Režim V lietadle"},{"$i":"widget-airplane-mode-meta","$v":"Aplikácia Využitie vyžaduje vypnutie režimu V lietadle."},{"$i":"widget-no-sim2-heading","$v":"Nebola vložená žiadna karta SIM"},{"$i":"widget-no-sim2-meta","$v":"Vložte kartu SIM a sledujte svoju spotrebu"},{"$i":"widget-sim-locked-heading","$v":"Uzamknutá karta SIM"},{"$i":"widget-sim-locked-meta","$v":"Odblokujte kartu a sledujte svoju spotrebu"},{"$i":"widget-unknown-heading","$v":"Chyba"},{"$i":"widget-unknown-meta","$v":"Uistite sa, že režim V lietadla je vypnutý."},{"$i":"fte","$v":"Úvodné nastavenie aplikácie Využitie služieb"},{"$i":"fte-authed-sim","$v":"Šetrite peniaze sledovaním využitia pripojenia k internetu. "},{"$i":"fte-nonauthed-sim","$v":"Šetrite peniaze sledovaním využitia svojho pripojenia k internetu."},{"$i":"fte-no-sim","$v":"Získajte jasné informácie o tom, ako využívate internet. "},{"$i":"fte-sim-info2","$v":"Informácie zobrazujú dátové prenosy zaznamenané týmto zariadením. Detailnejšie informácie o stave účtu si overte u vášho operátora mobilných služieb. "},{"$i":"fte-plantype-title","$v":"Typ služby"},{"$i":"fte-plantype-hint","$v":"Vyberte typ služby, ktorú používate u svojho mobilného operátora."},{"$i":"fte-prepaid2-title","$v":"Upozornenie na nízky zostatok "},{"$i":"fte-prepaid2-hint","$v":"Nastavte upozornenie na nízky stav kreditu. "},{"$i":"fte-prepaid3-title","$v":"Hlásenia a upozornenia o dátach"},{"$i":"fte-prepaid3-hint","$v":"Získava údaje o vašom internetovom pripojení a upozorní, ak ho využívate príliš."},{"$i":"fte-postpaid2-title","$v":"Hlásenia o telefóne a dátach"},{"$i":"fte-postpaid2-hint","$v":"Získava údaje o vašom telefóne a využívaní internetového pripojenia."},{"$i":"fte-postpaid3-title","$v":"Upozornenie na dáta"},{"$i":"fte-postpaid3-hint","$v":"Upozorní na zvýšené využívanie dát."},{"$i":"fte-onlydata2-title","$v":"Hlásenia o dátach"},{"$i":"fte-onlydata2-hint","$v":"Získava údaje o využívaní internetového pripojenia."},{"$i":"fte-onlydata3-title","$v":"Upozornenie na dáta"},{"$i":"fte-onlydata3-hint","$v":"Upozorní na zvýšené využívanie dát."},{"$i":"phone-activity","$v":"Aktivita telefónu"},{"$i":"balance","$v":"Zostatok"},{"$i":"on-roaming-message2","$v":"Roaming: automatické aktualizácie zostatku sú vypnuté. Manuálne aktualizácie môžu byť spoplatnené."},{"$i":"balance-error-message2","$v":"Zostatok nebol korektne aktualizovaný. Skúste to znova ručne. "},{"$i":"airplane-mode-error-message2","$v":"Ak chcete aktualizovať zostatok alebo dobiť kredit, vypnite režim V lietadle."},{"$i":"disable-airplane-mode","$v":"Chcete kvôli aktualizácii zostatku alebo dobitiu kreditu vypnúť režim V lietadle? "},{"$i":"no-coverage-error-message2","$v":"Ak chcete aktualizovať zostatok alebo dobiť kredit, musíte sa nachádzať v pokrytí sieťou. "},{"$i":"top-up","$v":"Dobitie kreditu"},{"$i":"enter-top-up-code","$v":"Zadajte kód pre dobitie kreditu"},{"$i":"top-up-code-explanation2","$v":"Nájdete ho na stieracom mieste karty alebo priamo na doklade o platbe."},{"$i":"wait-for-confirmation","$v":"Obdržíte potvrdzujúcu správu"},{"$i":"incorrect-code2","$v":"Zadajte správny kód a skúste to znova."},{"$i":"topup-error2","$v":"Pri odosielaní kódu sa vyskytla chyba. Skúste to znova neskôr."},{"$i":"application-error-title","$v":"Služba nie je dostupná"},{"$i":"application-error-message","$v":"Kontaktujte zástupcu spoločnosti"},{"$i":"service-unavailable-title","$v":"Služba nie je dostupná"},{"$i":"service-unavailable-message","$v":"Žiadne aktualizácie ani predplatené služby nie sú momentálne dostupné. Skúste to neskôr. "},{"$i":"data-usage","$v":"Využitie dát"},{"$i":"update-button","$v":"Aktualizácie"},{"$i":"topup-button2","$v":"Použiť kód dobitia"},{"$i":"topup-ussd-button2","$v":"Otvoriť ponuku dobitia "},{"$i":"ok","$v":"OK"},{"$i":"top-up-in-progress2","$v":"Vaše dobitie sa práve spracováva."},{"$i":"top-up-timed-out2","$v":"Na potvrdenie dobitia si aktualizujte zostatok. Ak sa nezmenil, skúste dobitie zopakovať."},{"$i":"on-topup-not-confirmed-title","$v":"Dobitie kreditu nepotvrdené"},{"$i":"on-topup-not-confirmed-message","$v":"Skúste aktualizovať zostatok, alebo opakujte dobíjanie."},{"$i":"send","$v":"odoslať"},{"$i":"plantype-setup-title","$v":"Môj telefón a dáta sú"},{"$i":"prepaid","$v":"predplatené"},{"$i":"postpaid","$v":"účtované"},{"$i":"phoneactivity","$v":"Aktivita telefónu"},{"$i":"short-date-format","$v":"%d. %b"},{"$i":"long-date-format","$v":"e. %Eb %Y"},{"$i":"sms-sent","$v":"Odoslané SMS"},{"$i":"call-made","$v":"Uskutočnené hovory"},{"$i":"settings","$v":"Nastavenia"},{"$i":"low-balance-alert","$v":"Upozornenie na nízky zostatok"},{"$i":"low-balance-explanation2","$v":"Ak je zostatok pod"},{"$i":"phone-and-internet-data-report","$v":"Správa o využívaní telefónu a internetového pripojenia"},{"$i":"internet-data-report","$v":"Správa o využívaní internetového pripojenia"},{"$i":"starting-on","$v":"Začiatok"},{"$i":"cancel","$v":"Zrušiť"},{"$i":"monthly","$v":"Raz mesačne"},{"$i":"weekly","$v":"Raz týždenne"},{"$i":"monday","$v":"Pondelok"},{"$i":"tuesday","$v":"Utorok"},{"$i":"wednesday","$v":"Streda"},{"$i":"thursday","$v":"Štvrtok"},{"$i":"friday","$v":"Piatok"},{"$i":"saturday","$v":"Sobota"},{"$i":"sunday","$v":"Nedeľa"},{"$i":"billing-cycle-ends","$v":"Koniec platobného obdobia"},{"$i":"tracking-will-reset","$v":"Sledovanie bude k tomuto dňu vynulované. "},{"$i":"yes","$v":"Áno"},{"$i":"done","$v":"Hotovo"},{"$i":"confirmation","$v":"Potvrdenie"},{"$i":"reset-wifi-confirmation-warning","$v":["Aktuálne využitie dát cez Wi-Fi je ",{"t":"idOrVar","v":"wifiData"},". Chcete ich vynulovať?"]},{"$i":"reset-mobile-confirmation-warning","$v":["Aktuálne využitie mobilných dát je ",{"t":"idOrVar","v":"mobileData"},". Chcete ich vynulovať?"]},{"$i":"reset-all-confirmation-warning","$v":["Aktuálne využitie mobilných dát je ",{"t":"idOrVar","v":"mobileData"}," a dát cez Wi-Fi ",{"t":"idOrVar","v":"wifiData"},". Chcete ich vynulovať?"]},{"$i":"reset-telephony-confirmation-warning","$v":"Všetky aktuálne údaje budú odstránené. Naozaj chcete pokračovať? "},{"$i":"reset","$v":"Vynulovať"},{"$i":"reset-wifi","$v":"Vynulovať Wi-Fi"},{"$i":"reset-mobile","$v":"Vynulovať mobilné dáta"},{"$i":"reset-all","$v":"Vynulovať mobilné dáta a Wi-Fi"},{"$i":"not-set","$v":"Nie je nastavené"},{"$i":"used","$v":"Využité"},{"$i":"limit-passed","$v":"Limit vypršal"},{"$i":"limit","$v":"Limit"},{"$i":"data-limit-header","$v":"Dátový limit"},{"$i":"data-limit-alert","$v":"Upozorniť na prenosy dát"},{"$i":"data-limit-value2","$v":"Ak je využitie nad"},{"$i":"data-limit-dialog-title2","$v":"Zadajte váš limit pre mobilné dáta "},{"$i":"data-limit-dialog-explanation2","$v":"Rýchlosť pripojenia je zvyčajne po presiahnutí limitu znížená. Ak neviete, aký limit je pre vás najvhodnejší, poraďte sa s vašim poskytovateľom dát."},{"$i":"data-limit-input-label","ariaLabel":"Dátový limit"},{"$i":"wifi-usage","$v":"Wi-Fi"},{"$i":"mobile-usage","$v":"Mobilné dáta"},{"$i":"wifi-usage-settings","$v":"Využívanie Wi-Fi"},{"$i":"mobile-usage-settings","$v":"Využívanie mobilných dát"},{"$i":"im-prepaid","$v":"Predplatená"},{"$i":"im-postpaid","$v":"Účtovaná"},{"$i":"reset-data-usage","$v":"Vynulovanie počítadla dát"},{"$i":"reset-report","$v":"Vynulovať hlásenia"},{"$i":"next","$v":"Ďalej"},{"$i":"back","$v":"Naspäť"},{"$i":"lets-go","$v":"Začať"},{"$i":"alert","$v":"Upozornenie"},{"$i":"alert-limit","$v":"Upozornenie na limit"},{"$i":"fte-welcome-title","$v":"Vitajte"},{"$i":"data-limit-notification-title2","$v":["Dosiahnutý limit ",{"t":"idOrVar","v":"limit"}]},{"$i":"data-limit-notification-text2","$v":"Dosiahli ste vami nastavený dátový limit"},{"$i":"low-balance-notification-title","$v":"Nízky zostatok"},{"$i":"low-balance-notification-text","$v":["Zostávajúci kredit telefónu je ",{"t":"idOrVar","v":"remaining"}]},{"$i":"zero-balance-message","$v":"Zostatok klesol na nulu. Už nemáte dostupný žiadny kredit.  "},{"$i":"not-available","$v":"Nie je dostupné"},{"$i":"usage","$v":"Využitie"},{"$i":"internet","$v":"Internet"},{"$i":"phone","$v":"Telefón"},{"$i":"loading-interface-data","$v":"Načítavajú sa údaje rozhrania. Skúste to znova o chvíľu."},{"$i":"data-limit","$v":["Dátový limit (",{"t":"idOrVar","v":"value"},")"]},{"$i":"data-available2","$v":{"zero":["Dostupné: ",{"t":"idOrVar","v":"value"}," ",{"t":"idOrVar","v":"unit"}],"one":["Dostupné: ",{"t":"idOrVar","v":"value"}," ",{"t":"idOrVar","v":"unit"}],"two":["Dostupné: ",{"t":"idOrVar","v":"value"}," ",{"t":"idOrVar","v":"unit"}],"few":["Dostupné: ",{"t":"idOrVar","v":"value"}," ",{"t":"idOrVar","v":"unit"}],"many":["Dostupné: ",{"t":"idOrVar","v":"value"}," ",{"t":"idOrVar","v":"unit"}],"other":["Dostupné: ",{"t":"idOrVar","v":"value"}," ",{"t":"idOrVar","v":"unit"}]},"$x":[{"t":"idOrVar","v":"plural"},"value"]},{"$i":"over-limit","$v":{"one":[{"t":"idOrVar","v":"value"}," ",{"t":"idOrVar","v":"unit"}," nad limit"],"two":[{"t":"idOrVar","v":"value"}," ",{"t":"idOrVar","v":"unit"}," nad limit"],"few":[{"t":"idOrVar","v":"value"}," ",{"t":"idOrVar","v":"unit"}," nad limit"],"many":[{"t":"idOrVar","v":"value"}," ",{"t":"idOrVar","v":"unit"}," nad limit"],"other":[{"t":"idOrVar","v":"value"}," ",{"t":"idOrVar","v":"unit"}," nad limit"]},"$x":[{"t":"idOrVar","v":"plural"},"value"]},{"$i":"verbose-chart-date-format","$v":[{"t":"idOrVar","v":"monthday-number"},".",{"t":"idOrVar","v":"em-month"}," "]},{"$i":"day-hour-format","$v":[{"t":"idOrVar","v":"day"},", ",{"t":"idOrVar","v":"time"}]},{"$i":"B","$v":"b"},{"$i":"KB","$v":"kB"},{"$i":"MB","$v":"MB"},{"$i":"GB","$v":"GB"},{"$i":"unit-MB","ariaLabel":"MB"},{"$i":"unit-GB","ariaLabel":"GB"},{"$i":"app-usage-list-header","$v":"Využitie dát podľa aplikácií"},{"$i":"app-usage-no-data","$v":"Zatiaľ ste nevyužili žiadne mobilné dáta. Tu sa zobrazí ich využívanie pre každú aplikáciu."},{"$i":"data-used-since","$v":[{"t":"idOrVar","v":"amount"}," dát využitých od ",{"t":"idOrVar","v":"start-date"}]},{"$i":"data-used-this-week","$v":[{"t":"idOrVar","v":"amount"}," dát využitých tento týždeň"]},{"$i":"data-used-this-month","$v":[{"t":"idOrVar","v":"amount"}," dát využitých tento mesiac"]},{"$i":"data-usage-other-apps","$v":"Iné"},{"$i":"data-usage-browser-app","$v":"Prehliadač"},{"$i":"limit-layer-MB","ariaLabel":["Limit ",{"t":"idOrVar","v":"value"}," MB"]},{"$i":"limit-layer-GB","ariaLabel":["Limit ",{"t":"idOrVar","v":"value"}," GB"]},{"$i":"warning-layer","ariaLabel":["Zostáva ",{"t":"idOrVar","v":"value"}]},{"$i":"limit-exceeded-layer","ariaLabel":["Prekročené o ",{"t":"idOrVar","v":"value"}]},{"$i":"today-layer","ariaLabel":["Dnes je ",{"t":"idOrVar","v":"today"}]},{"$i":"axis-layer","ariaLabel":["Od ",{"t":"idOrVar","v":"from"}," do ",{"t":"idOrVar","v":"to"}]},{"$i":"weekday-0-long","$v":"Nedeľa"},{"$i":"weekday-1-long","$v":"Pondelok"},{"$i":"weekday-2-long","$v":"Utorok"},{"$i":"weekday-3-long","$v":"Streda"},{"$i":"weekday-4-long","$v":"Štvrtok"},{"$i":"weekday-5-long","$v":"Piatok"},{"$i":"weekday-6-long","$v":"Sobota"},{"$i":"weekday-0-short","$v":"Ne"},{"$i":"weekday-1-short","$v":"Po"},{"$i":"weekday-2-short","$v":"Ut"},{"$i":"weekday-3-short","$v":"St"},{"$i":"weekday-4-short","$v":"Št"},{"$i":"weekday-5-short","$v":"Pi"},{"$i":"weekday-6-short","$v":"So"},{"$i":"month-0-long","$v":"Január"},{"$i":"month-1-long","$v":"Február"},{"$i":"month-2-long","$v":"Marec"},{"$i":"month-3-long","$v":"Apríl"},{"$i":"month-4-long","$v":"Máj"},{"$i":"month-5-long","$v":"Jún"},{"$i":"month-6-long","$v":"Júl"},{"$i":"month-7-long","$v":"August"},{"$i":"month-8-long","$v":"September"},{"$i":"month-9-long","$v":"Október"},{"$i":"month-10-long","$v":"November"},{"$i":"month-11-long","$v":"December"},{"$i":"month-0-genitive","$v":"januára"},{"$i":"month-1-genitive","$v":"februára"},{"$i":"month-2-genitive","$v":"marca"},{"$i":"month-3-genitive","$v":"apríla"},{"$i":"month-4-genitive","$v":"mája"},{"$i":"month-5-genitive","$v":"júna"},{"$i":"month-6-genitive","$v":"júla"},{"$i":"month-7-genitive","$v":"augusta"},{"$i":"month-8-genitive","$v":"septembra"},{"$i":"month-9-genitive","$v":"októbra"},{"$i":"month-10-genitive","$v":"novembra"},{"$i":"month-11-genitive","$v":"decembra"},{"$i":"month-0-short","$v":"jan"},{"$i":"month-1-short","$v":"feb"},{"$i":"month-2-short","$v":"mar"},{"$i":"month-3-short","$v":"apr"},{"$i":"month-4-short","$v":"máj"},{"$i":"month-5-short","$v":"jún"},{"$i":"month-6-short","$v":"júl"},{"$i":"month-7-short","$v":"aug"},{"$i":"month-8-short","$v":"sep"},{"$i":"month-9-short","$v":"okt"},{"$i":"month-10-short","$v":"nov"},{"$i":"month-11-short","$v":"dec"},{"$i":"minutes-ago-long","$v":{"zero":"teraz","one":"pred minútou","two":["pred ",{"t":"idOrVar","v":"value"}," minútami"],"few":["pred ",{"t":"idOrVar","v":"value"}," minútami"],"many":["pred ",{"t":"idOrVar","v":"value"}," minútami"],"other":["pred ",{"t":"idOrVar","v":"value"}," minútami"]},"$x":[{"t":"idOrVar","v":"plural"},"value"]},{"$i":"hours-ago-long","$v":{"zero":"teraz","one":"pred hodinou","two":["pred ",{"t":"idOrVar","v":"value"}," hodinami"],"few":["pred ",{"t":"idOrVar","v":"value"}," hodinami"],"many":["pred ",{"t":"idOrVar","v":"value"}," hodinami"],"other":["pred ",{"t":"idOrVar","v":"value"}," hodinami"]},"$x":[{"t":"idOrVar","v":"plural"},"value"]},{"$i":"days-ago-long","$v":{"zero":"dnes","one":"včera","two":["pred ",{"t":"idOrVar","v":"value"}," dňami"],"few":["pred ",{"t":"idOrVar","v":"value"}," dňami"],"many":["pred ",{"t":"idOrVar","v":"value"}," dňami"],"other":["pred ",{"t":"idOrVar","v":"value"}," dňami"]},"$x":[{"t":"idOrVar","v":"plural"},"value"]},{"$i":"weeks-ago-long","$v":{"zero":"tento týždeň","one":"minulý týždeň","two":["pred ",{"t":"idOrVar","v":"value"}," týždňami"],"few":["pred ",{"t":"idOrVar","v":"value"}," týždňami"],"many":["pred ",{"t":"idOrVar","v":"value"}," týždňami"],"other":["pred ",{"t":"idOrVar","v":"value"}," týždňami"]},"$x":[{"t":"idOrVar","v":"plural"},"value"]},{"$i":"months-ago-long","$v":{"zero":"tento mesiac","one":"minulý mesiac","two":["pred ",{"t":"idOrVar","v":"value"}," mesiacmi"],"few":["pred ",{"t":"idOrVar","v":"value"}," mesiacmi"],"many":["pred ",{"t":"idOrVar","v":"value"}," mesiacmi"],"other":["pred ",{"t":"idOrVar","v":"value"}," mesiacmi"]},"$x":[{"t":"idOrVar","v":"plural"},"value"]},{"$i":"years-ago-long","$v":{"zero":"tento rok","one":"minulý rok","two":["pred ",{"t":"idOrVar","v":"value"}," rokmi"],"few":["pred ",{"t":"idOrVar","v":"value"}," rokmi"],"many":["pred ",{"t":"idOrVar","v":"value"}," rokmi"],"other":["pred ",{"t":"idOrVar","v":"value"}," rokmi"]},"$x":[{"t":"idOrVar","v":"plural"},"value"]},{"$i":"minutes-until-long","$v":{"zero":"teraz","one":"o minútu","two":["o ",{"t":"idOrVar","v":"value"}," minúty"],"few":["o ",{"t":"idOrVar","v":"value"}," minúty"],"many":["o ",{"t":"idOrVar","v":"value"}," minút"],"other":["o ",{"t":"idOrVar","v":"value"}," minút"]},"$x":[{"t":"idOrVar","v":"plural"},"value"]},{"$i":"hours-until-long","$v":{"zero":"teraz","one":"o hodinu","two":["o ",{"t":"idOrVar","v":"value"}," hodiny"],"few":["o ",{"t":"idOrVar","v":"value"}," hodiny"],"many":["o ",{"t":"idOrVar","v":"value"}," hodín"],"other":["o ",{"t":"idOrVar","v":"value"}," hodín"]},"$x":[{"t":"idOrVar","v":"plural"},"value"]},{"$i":"days-until-long","$v":{"zero":"dnes","one":"zajtra","two":["o ",{"t":"idOrVar","v":"value"}," dni"],"few":["o ",{"t":"idOrVar","v":"value"}," dni"],"many":["o ",{"t":"idOrVar","v":"value"}," dní"],"other":["o ",{"t":"idOrVar","v":"value"}," dní"]},"$x":[{"t":"idOrVar","v":"plural"},"value"]},{"$i":"weeks-until-long","$v":{"zero":"tento týždeň","one":"budúci týždeň","two":["o ",{"t":"idOrVar","v":"value"}," týždne"],"few":["o ",{"t":"idOrVar","v":"value"}," týždne"],"many":["o ",{"t":"idOrVar","v":"value"}," týždňov"],"other":["o ",{"t":"idOrVar","v":"value"}," týždňov"]},"$x":[{"t":"idOrVar","v":"plural"},"value"]},{"$i":"months-until-long","$v":{"zero":"tento mesiac","one":"budúci mesiac","two":["o ",{"t":"idOrVar","v":"value"}," mesiace"],"few":["o ",{"t":"idOrVar","v":"value"}," mesiace"],"many":["o ",{"t":"idOrVar","v":"value"}," mesiacov"],"other":["o ",{"t":"idOrVar","v":"value"}," mesiacov"]},"$x":[{"t":"idOrVar","v":"plural"},"value"]},{"$i":"years-until-long","$v":{"zero":"tento rok","one":"budúci rok","two":["o ",{"t":"idOrVar","v":"value"}," roky"],"few":["o ",{"t":"idOrVar","v":"value"}," roky"],"many":["o ",{"t":"idOrVar","v":"value"}," rokov"],"other":["o ",{"t":"idOrVar","v":"value"}," rokov"]},"$x":[{"t":"idOrVar","v":"plural"},"value"]},{"$i":"minutes-ago-short","$v":{"zero":"teraz","other":["pred ",{"t":"idOrVar","v":"value"},"m"]},"$x":[{"t":"idOrVar","v":"plural"},"value"]},{"$i":"hours-ago-short","$v":{"zero":"teraz","other":["pred ",{"t":"idOrVar","v":"value"},"h"]},"$x":[{"t":"idOrVar","v":"plural"},"value"]},{"$i":"days-ago-short","$v":{"zero":"dnes","other":["pred ",{"t":"idOrVar","v":"value"},"d"]},"$x":[{"t":"idOrVar","v":"plural"},"value"]},{"$i":"minutes-until-short","$v":{"zero":"teraz","other":["o ",{"t":"idOrVar","v":"value"},"m"]},"$x":[{"t":"idOrVar","v":"plural"},"value"]},{"$i":"hours-until-short","$v":{"zero":"teraz","other":["o ",{"t":"idOrVar","v":"value"},"h"]},"$x":[{"t":"idOrVar","v":"plural"},"value"]},{"$i":"days-until-short","$v":{"zero":"dnes","other":["o ",{"t":"idOrVar","v":"value"},"d"]},"$x":[{"t":"idOrVar","v":"plural"},"value"]},{"$i":"incorrectDate","$v":"(neplatný dátum)"},{"$i":"dateTimeFormat_%c","$v":"%a, %e. %b %Y %H:%M:%S"},{"$i":"dateTimeFormat_%x","$v":"%d.%m.%Y"},{"$i":"dateTimeFormat_%X","$v":"%H:%M:%S"},{"$i":"shortTimeFormat","$v":"%H:%M"},{"$i":"shortTimeFormat12","$v":"%I:%M %p"},{"$i":"shortTimeFormat24","$v":"%H:%M"},{"$i":"shortDateTimeFormat","$v":"%x %H:%M"},{"$i":"weekStartsOnMonday","$v":"1"},{"$i":"firstDayOfTheWeek","$v":"1"},{"$i":"time_am","$v":"AM"},{"$i":"time_pm","$v":"PM"}]