[{"$i":"topup-confirmation-title2","$v":"Përdorim"},{"$i":"topup-confirmation-message","$v":"Rimbushja u konfirmua"},{"$i":"topup-incorrectcode-title2","$v":"Përdorim"},{"$i":"topup-incorrectcode-message3","$v":"U dha kod i pasaktë rimbushjeje."},{"$i":"updating","$v":"Përditësim"},{"$i":"updating-ellipsis","$v":"Përditësim…"},{"$i":"yesterday","$v":"Dje"},{"$i":"today","$v":"Sot"},{"$i":"never","$v":"Kurrë"},{"$i":"magnitude","$v":[{"t":"idOrVar","v":"value"}," ",{"t":"idOrVar","v":"unit"}]},{"$i":"currency","$v":[{"t":"idOrVar","v":"value"},{"t":"idOrVar","v":"currency"}]},{"$i":"widget","$v":"Widget Përdorimi"},{"$i":"widget-authed-sim-heading","$v":["U fut kartë SIM ",{"t":"idOrVar","v":"provider"}," e re "]},{"$i":"widget-authed-sim-meta","$v":"Ndiqni përdorim telefoni dhe interneti."},{"$i":"widget-nonauthed-sim-heading","$v":"U fut SIM e re"},{"$i":"widget-nonauthed-sim-meta","$v":"Ndiqni përdorim interneti."},{"$i":"widget-airplane-mode-heading","$v":"Mënyra Aeroplan"},{"$i":"widget-airplane-mode-meta","$v":"Ju lutemi, që të aktivizoni Përdorimin, çaktivizoni mënyrën aeroplan."},{"$i":"widget-no-sim2-heading","$v":"Nuk u fut SIM"},{"$i":"widget-no-sim2-meta","$v":"Futni një SIM që të aktivizohet Përdorimi."},{"$i":"widget-sim-locked-heading","$v":"Kartë SIM e kyçur"},{"$i":"widget-sim-locked-meta","$v":"Çkyçni SIM-in që të aktivizohet Përdorimi."},{"$i":"widget-unknown-heading","$v":"Gabim"},{"$i":"widget-unknown-meta","$v":"Ju lutemi, sigurohoni që mënyra aeroplan është e çaktivizuar."},{"$i":"fte","$v":"Përdorimi Për Herë të Parë"},{"$i":"fte-authed-sim","$v":"Kurseni para duke ndjekur përdorimin tuaj të telefonit dhe internetit."},{"$i":"fte-nonauthed-sim","$v":"Kurseni para duke ndjekur përdorimin tuaj të internetit."},{"$i":"fte-no-sim","$v":"Merrni të dhëna të qarta se sa internet përdorni."},{"$i":"fte-sim-info2","$v":"Të dhënat e treguara te Përdorimin vijnë drejt e nga kjo pajisje. Për të dhëna të hollësishme llogarie, sqarohuni me operatorin e shërbimit tuaj celular."},{"$i":"fte-plantype-title","$v":"Lloj Kontrate"},{"$i":"fte-plantype-hint","$v":"Përzgjidhni llojin e kontratës që keni me mundësuesin e shërbimit tuaj celular."},{"$i":"fte-prepaid2-title","$v":"Sinjalizim Bilanci të Ulët"},{"$i":"fte-prepaid2-hint","$v":"Caktoni një sinjalizim që të shmangni mbetjen pa kredit."},{"$i":"fte-prepaid3-title","$v":"Njoftim të Dhënash dhe Sinjalizim"},{"$i":"fte-prepaid3-hint","$v":"Merrni njoftime mbi përdorimin tuaj të Internetit dhe caktoni një sinjalizim për të shmangur përdorimin e shumtë."},{"$i":"fte-postpaid2-title","$v":"Njoftim të Dhënash dhe Telefoni"},{"$i":"fte-postpaid2-hint","$v":"Merrni njoftime mbi përdorimin tuaj të Internetit dhe telefonit."},{"$i":"fte-postpaid3-title","$v":"Sinjalizim të Dhënash"},{"$i":"fte-postpaid3-hint","$v":"Caktoni një sinjalizim që të shmangni përdorimin e shumtë të të dhënave."},{"$i":"fte-onlydata2-title","$v":"Njoftim të Dhënash"},{"$i":"fte-onlydata2-hint","$v":"Merrni njoftime mbi përdorimin tuaj të telefonit."},{"$i":"fte-onlydata3-title","$v":"Sinjalizim të Dhënash"},{"$i":"fte-onlydata3-hint","$v":"Caktoni një sinjalizim që të shmangni përdorimin e shumtë të të dhënave."},{"$i":"phone-activity","$v":"Veprimtari Telefoni"},{"$i":"balance","$v":"Balance"},{"$i":"on-roaming-message2","$v":"Roaming: pa përditësim të vetvetishëm të bilancit. Përditësimi dorazi mund të jetë me pagesë."},{"$i":"balance-error-message2","$v":"Bilanci nuk u përditësua saktë. Provoni ta përditësoni dorazi."},{"$i":"airplane-mode-error-message2","$v":"Çaktivizoni mënyrën aeroplan që të përditësoni bilancin ose të bëni rimbushje."},{"$i":"disable-airplane-mode","$v":"Dëshironi të çaktivizohet mënyra aeroplan që të përditësoni ose të bëni rimbushje?"},{"$i":"no-coverage-error-message2","$v":"Lypset mbulim telefonik i zonës që të përditësoni bilancin tuaj ose të bëni rimbushje."},{"$i":"top-up","$v":"Rimbusheni"},{"$i":"enter-top-up-code","$v":"Jepni kod rimbushjeje"},{"$i":"top-up-code-explanation2","$v":"Gjendet te karta e rimbushjes ose drejt e te fatura juaj."},{"$i":"wait-for-confirmation","$v":"Do të merrni një mesazh ripohimi"},{"$i":"incorrect-code2","$v":"Sigurohuni që kodi është i saktë dhe riprovoni."},{"$i":"topup-error2","$v":"Pati një problem me dërgimin e kodit. Ju lutemi, riprovoni."},{"$i":"application-error-title","$v":"Shërbim i pakapshëm"},{"$i":"application-error-message","$v":"Lidhuni me përfaqësuesin e kompanisë"},{"$i":"service-unavailable-title","$v":"Shërbim i pakapshëm"},{"$i":"service-unavailable-message","$v":"Këtë çast nuk është i mundur as përditësimi, as rimbushja. Ju lutemi, riprovoni më vonë."},{"$i":"data-usage","$v":"Përdorim të dhënash"},{"$i":"update-button","$v":"Përditësojeni"},{"$i":"topup-button2","$v":"Përdor kod rimbushjeje"},{"$i":"topup-ussd-button2","$v":"Hap menu rimbushjeje"},{"$i":"ok","$v":"OK"},{"$i":"top-up-in-progress2","$v":"Rimbushja juaj po kryhet."},{"$i":"top-up-timed-out2","$v":"Përditësoni bilancin që ta konfirmoni. Nëse bilanci është i pandryshuar, provoni rimbushjen."},{"$i":"on-topup-not-confirmed-title","$v":"Rimbushja nuk u konfirmua."},{"$i":"on-topup-not-confirmed-message","$v":"Provoni të përditësoni kreditin ose riprovoni rimbushjen."},{"$i":"send","$v":"dërgoje"},{"$i":"plantype-setup-title","$v":"Paketa ime për telefon dhe Internet është"},{"$i":"prepaid","$v":"E parapaguar"},{"$i":"postpaid","$v":"E paguar me postë"},{"$i":"phoneactivity","$v":"Veprimtari telefoni"},{"$i":"short-date-format","$v":"%d, %b"},{"$i":"long-date-format","$v":"%d %B, %Y"},{"$i":"sms-sent","$v":"SMS të dërguara"},{"$i":"call-made","$v":"Thirrje të kryera"},{"$i":"settings","$v":"Rregullime"},{"$i":"low-balance-alert","$v":"Sinjalizim bilanci të ulët"},{"$i":"low-balance-explanation2","$v":"Kur bilanci është më poshtë se"},{"$i":"phone-and-internet-data-report","$v":"Njoftim të dhënash telefoni dhe Interneti"},{"$i":"internet-data-report","$v":"Raportim harxhimi Interneti"},{"$i":"starting-on","$v":"Duke filluar nga"},{"$i":"cancel","$v":"Anuloje"},{"$i":"monthly","$v":"I përmuajshëm"},{"$i":"weekly","$v":"I përjavshëm"},{"$i":"monday","$v":"E hënë"},{"$i":"tuesday","$v":"E martë"},{"$i":"wednesday","$v":"E mërkurë"},{"$i":"thursday","$v":"E enjte"},{"$i":"friday","$v":"E premte"},{"$i":"saturday","$v":"E shtunë"},{"$i":"sunday","$v":"E diel"},{"$i":"billing-cycle-ends","$v":"Cikli i pagesës përfundon"},{"$i":"tracking-will-reset","$v":"Ndjekja do të rifillojë në këtë datë"},{"$i":"yes","$v":"Po"},{"$i":"done","$v":"U bë"},{"$i":"confirmation","$v":"Ripohim"},{"$i":"reset-wifi-confirmation-warning","$v":["Përdorimi juaj i deritanishëm i Wi-Fi-it është ",{"t":"idOrVar","v":"wifiData"},". Të fshihet krejt?"]},{"$i":"reset-mobile-confirmation-warning","$v":["Përdorimi juaj i deritanishëm i celularit është ",{"t":"idOrVar","v":"mobileData"},". Të fshihet krejt?"]},{"$i":"reset-all-confirmation-warning","$v":["Përdorimi juaj i deritanishëm është ",{"t":"idOrVar","v":"mobileData"}," në celular, ",{"t":"idOrVar","v":"wifiData"}," në Wi-Fi. Të fshihen krejt?"]},{"$i":"reset-telephony-confirmation-warning","$v":"Krejt të dhënat e deritanishme do të fshihen. Jeni i sigurt se doni të ndiqen nga e para?"},{"$i":"reset","$v":"Rifilloje"},{"$i":"reset-wifi","$v":"Ndiq nga e para përdorimin e Wi-Fi-it"},{"$i":"reset-mobile","$v":"Ndiq nga e para përdorimin e celularit"},{"$i":"reset-all","$v":"Ndiq nga e para të dhëna celulari & Wi-Fi-je"},{"$i":"not-set","$v":"E pacaktuar"},{"$i":"used","$v":"E përdorur"},{"$i":"limit-passed","$v":"U tejkalua kufiri"},{"$i":"limit","$v":"Kufi"},{"$i":"data-limit-header","$v":"Kufi përdorimi"},{"$i":"data-limit-alert","$v":"Sinjalizim përdorimi të dhënash"},{"$i":"data-limit-value2","$v":"Kur përdorimi është mbi"},{"$i":"data-limit-dialog-title2","$v":"Jepni sinjalizim për kufi të dhënash në celular"},{"$i":"data-limit-dialog-explanation2","$v":"Shpejtësia e lidhjeve zvogëlohet, pasi arrihet kufiri. Lidhuni me mundësuesin tuaj të të dhënave që të caktoni një nivel sinjalizimi të përshtatshëm."},{"$i":"data-limit-input-label","ariaLabel":"Kufi të dhënash"},{"$i":"wifi-usage","$v":"Përdorim Wi-Fi-je"},{"$i":"mobile-usage","$v":"Përdorim celulari"},{"$i":"wifi-usage-settings","$v":"Përdorim Wi-Fi-je"},{"$i":"mobile-usage-settings","$v":"Përdorim celulari"},{"$i":"im-prepaid","$v":"Me parapagesë"},{"$i":"im-postpaid","$v":"Me paspagesë"},{"$i":"reset-data-usage","$v":"Ndiq nga e para përdorim të dhënash"},{"$i":"reset-report","$v":"Rifilloje njoftimin nga e para"},{"$i":"next","$v":"Pasuesi"},{"$i":"back","$v":"Mbrapsht"},{"$i":"lets-go","$v":"Shkojmë!"},{"$i":"alert","$v":"Sinjalizim"},{"$i":"alert-limit","$v":"Kufi Sinjalizimi"},{"$i":"fte-welcome-title","$v":"Mirë se vini"},{"$i":"data-limit-notification-title2","$v":["Janë përdorur ",{"t":"idOrVar","v":"limit"}," e të dhënave"]},{"$i":"data-limit-notification-text2","$v":"Keni kapur kufirin që përzgjodhët"},{"$i":"low-balance-notification-title","$v":"Bilanc i ulët"},{"$i":"low-balance-notification-text","$v":["Ju mbetet ende ",{"t":"idOrVar","v":"remaining"}," kredit telefoni"]},{"$i":"zero-balance-message","$v":"Bilanci mbërriti në zero, nuk ka më kredit."},{"$i":"not-available","$v":"Jo të passhme"},{"$i":"usage","$v":"Përdorim"},{"$i":"internet","$v":"Internet"},{"$i":"phone","$v":"Telefon"},{"$i":"loading-interface-data","$v":"Po ngarkohen të dhëna ndërfaqeje. Ju lutemi, riprovoni pas pak."},{"$i":"data-limit","$v":["Kufi të Dhënash (",{"t":"idOrVar","v":"value"},")"]},{"$i":"data-available2","$v":{"zero":[{"t":"idOrVar","v":"value"}," ",{"t":"idOrVar","v":"unit"}," të lira"],"one":[{"t":"idOrVar","v":"value"}," ",{"t":"idOrVar","v":"unit"}," i lirë"],"two":[{"t":"idOrVar","v":"value"}," ",{"t":"idOrVar","v":"unit"}," të lira"],"few":[{"t":"idOrVar","v":"value"}," ",{"t":"idOrVar","v":"unit"}," të lira"],"many":[{"t":"idOrVar","v":"value"}," ",{"t":"idOrVar","v":"unit"}," të lira"],"other":[{"t":"idOrVar","v":"value"}," ",{"t":"idOrVar","v":"unit"}," të lira"]},"$x":[{"t":"idOrVar","v":"plural"},"value"]},{"$i":"over-limit","$v":{"one":[{"t":"idOrVar","v":"value"}," ",{"t":"idOrVar","v":"unit"}," tej kufirit"],"two":[{"t":"idOrVar","v":"value"}," ",{"t":"idOrVar","v":"unit"}," tej kufirit"],"few":[{"t":"idOrVar","v":"value"}," ",{"t":"idOrVar","v":"unit"}," tej kufirit"],"many":[{"t":"idOrVar","v":"value"}," ",{"t":"idOrVar","v":"unit"}," tej kufirit"],"other":[{"t":"idOrVar","v":"value"}," ",{"t":"idOrVar","v":"unit"}," tej kufirit"]},"$x":[{"t":"idOrVar","v":"plural"},"value"]},{"$i":"verbose-chart-date-format","$v":[{"t":"idOrVar","v":"em-month"}," ",{"t":"idOrVar","v":"monthday-number"}]},{"$i":"day-hour-format","$v":[{"t":"idOrVar","v":"day"},", ",{"t":"idOrVar","v":"time"}]},{"$i":"B","$v":"B"},{"$i":"KB","$v":"KB"},{"$i":"MB","$v":"MB"},{"$i":"GB","$v":"GB"},{"$i":"unit-MB","ariaLabel":"MB"},{"$i":"unit-GB","ariaLabel":"GB"},{"$i":"app-usage-list-header","$v":"Përdorim celulari sipas aplikacionesh"},{"$i":"app-usage-no-data","$v":"Nuk keni përdorur ende të dhëna celulari të paketës suaj. Përdorimi për çdo aplikacion do të duket këtu, kur të ketë."},{"$i":"data-used-since","$v":[{"t":"idOrVar","v":"amount"}," të dhëna të përdorura që prej ",{"t":"idOrVar","v":"start-date"}]},{"$i":"data-used-this-week","$v":[{"t":"idOrVar","v":"amount"}," të dhëna të përdorura këtë javë"]},{"$i":"data-used-this-month","$v":[{"t":"idOrVar","v":"amount"}," të dhëna të përdorura këtë muaj"]},{"$i":"data-usage-other-apps","$v":"Tjetër"},{"$i":"data-usage-browser-app","$v":"Browser"},{"$i":"limit-layer-MB","ariaLabel":["Limit of ",{"t":"idOrVar","v":"value"}," MB"]},{"$i":"limit-layer-GB","ariaLabel":["Limit of ",{"t":"idOrVar","v":"value"}," GB"]},{"$i":"warning-layer","ariaLabel":[{"t":"idOrVar","v":"value"}," left"]},{"$i":"limit-exceeded-layer","ariaLabel":["Exceeded by ",{"t":"idOrVar","v":"value"}]},{"$i":"today-layer","ariaLabel":["Today is ",{"t":"idOrVar","v":"today"}]},{"$i":"axis-layer","ariaLabel":["From ",{"t":"idOrVar","v":"from"}," to ",{"t":"idOrVar","v":"to"}]},{"$i":"weekday-0-long","$v":"E diel"},{"$i":"weekday-1-long","$v":"E hënë"},{"$i":"weekday-2-long","$v":"E martë"},{"$i":"weekday-3-long","$v":"E mërkurë"},{"$i":"weekday-4-long","$v":"E enjte"},{"$i":"weekday-5-long","$v":"E premte"},{"$i":"weekday-6-long","$v":"E shtunë"},{"$i":"weekday-0-short","$v":"Die"},{"$i":"weekday-1-short","$v":"Hën"},{"$i":"weekday-2-short","$v":"Mar"},{"$i":"weekday-3-short","$v":"Mër"},{"$i":"weekday-4-short","$v":"Enj"},{"$i":"weekday-5-short","$v":"Pre"},{"$i":"weekday-6-short","$v":"Sht"},{"$i":"month-0-long","$v":"Janar"},{"$i":"month-1-long","$v":"Shkurt"},{"$i":"month-2-long","$v":"Mars"},{"$i":"month-3-long","$v":"Prill"},{"$i":"month-4-long","$v":"Maj"},{"$i":"month-5-long","$v":"Qershor"},{"$i":"month-6-long","$v":"Korrik"},{"$i":"month-7-long","$v":"Gusht"},{"$i":"month-8-long","$v":"Shtator"},{"$i":"month-9-long","$v":"Tetor"},{"$i":"month-10-long","$v":"Nëntor"},{"$i":"month-11-long","$v":"Dhjetor"},{"$i":"month-0-genitive","$v":"të Janarit"},{"$i":"month-1-genitive","$v":"të Shkurtit"},{"$i":"month-2-genitive","$v":"të Marsit"},{"$i":"month-3-genitive","$v":"të Prillit"},{"$i":"month-4-genitive","$v":"të Majit"},{"$i":"month-5-genitive","$v":"të Qershorit"},{"$i":"month-6-genitive","$v":"të Korrikut"},{"$i":"month-7-genitive","$v":"të Gushtit"},{"$i":"month-8-genitive","$v":"të Shtatorit"},{"$i":"month-9-genitive","$v":"të Tetorit"},{"$i":"month-10-genitive","$v":"të Nëntorit"},{"$i":"month-11-genitive","$v":"të Dhjetorit"},{"$i":"month-0-short","$v":"Jan"},{"$i":"month-1-short","$v":"Shk"},{"$i":"month-2-short","$v":"Mar"},{"$i":"month-3-short","$v":"Pri"},{"$i":"month-4-short","$v":"Maj"},{"$i":"month-5-short","$v":"Qer"},{"$i":"month-6-short","$v":"Kor"},{"$i":"month-7-short","$v":"Gus"},{"$i":"month-8-short","$v":"Sht"},{"$i":"month-9-short","$v":"Tet"},{"$i":"month-10-short","$v":"Nën"},{"$i":"month-11-short","$v":"Dhj"},{"$i":"minutes-ago-long","$v":{"zero":"mu tani","one":"një minutë më parë","two":[{"t":"idOrVar","v":"value"}," minuta më parë"],"few":[{"t":"idOrVar","v":"value"}," minuta më parë"],"many":[{"t":"idOrVar","v":"value"}," minuta më parë"],"other":[{"t":"idOrVar","v":"value"}," minuta më parë"]},"$x":[{"t":"idOrVar","v":"plural"},"value"]},{"$i":"hours-ago-long","$v":{"zero":"mu tani","one":"një orë më parë","two":[{"t":"idOrVar","v":"value"}," orë më parë"],"few":[{"t":"idOrVar","v":"value"}," orë më parë"],"many":[{"t":"idOrVar","v":"value"}," orë më parë"],"other":[{"t":"idOrVar","v":"value"}," orë më parë"]},"$x":[{"t":"idOrVar","v":"plural"},"value"]},{"$i":"days-ago-long","$v":{"zero":"sot","one":"dje","two":[{"t":"idOrVar","v":"value"}," ditë më parë"],"few":[{"t":"idOrVar","v":"value"}," ditë më parë"],"many":[{"t":"idOrVar","v":"value"}," ditë më parë"],"other":[{"t":"idOrVar","v":"value"}," ditë më parë"]},"$x":[{"t":"idOrVar","v":"plural"},"value"]},{"$i":"weeks-ago-long","$v":{"zero":"këtë javë","one":"javën e kaluar","two":[{"t":"idOrVar","v":"value"}," javë më parë"],"few":[{"t":"idOrVar","v":"value"}," javë më parë"],"many":[{"t":"idOrVar","v":"value"}," javë më parë"],"other":[{"t":"idOrVar","v":"value"}," javë më parë"]},"$x":[{"t":"idOrVar","v":"plural"},"value"]},{"$i":"months-ago-long","$v":{"zero":"këtë muaj","one":"muajin e kaluar","two":[{"t":"idOrVar","v":"value"}," muaj më parë"],"few":[{"t":"idOrVar","v":"value"}," muaj më parë"],"many":[{"t":"idOrVar","v":"value"}," muaj më parë"],"other":[{"t":"idOrVar","v":"value"}," muaj më parë"]},"$x":[{"t":"idOrVar","v":"plural"},"value"]},{"$i":"years-ago-long","$v":{"zero":"këtë vit","one":"vitin e kaluar","two":[{"t":"idOrVar","v":"value"}," vite më parë"],"few":[{"t":"idOrVar","v":"value"}," vite më parë"],"many":[{"t":"idOrVar","v":"value"}," vite më parë"],"other":[{"t":"idOrVar","v":"value"}," vite më parë"]},"$x":[{"t":"idOrVar","v":"plural"},"value"]},{"$i":"minutes-until-long","$v":{"zero":"tani","one":"për një minutë","two":["për ",{"t":"idOrVar","v":"value"}," minuta"],"few":["për ",{"t":"idOrVar","v":"value"}," minuta"],"many":["për ",{"t":"idOrVar","v":"value"}," minuta"],"other":["për ",{"t":"idOrVar","v":"value"}," minuta"]},"$x":[{"t":"idOrVar","v":"plural"},"value"]},{"$i":"hours-until-long","$v":{"zero":"tani","one":"për një orë","two":["për ",{"t":"idOrVar","v":"value"}," orë"],"few":["për ",{"t":"idOrVar","v":"value"}," orë"],"many":["për ",{"t":"idOrVar","v":"value"}," orë"],"other":["për ",{"t":"idOrVar","v":"value"}," orë"]},"$x":[{"t":"idOrVar","v":"plural"},"value"]},{"$i":"days-until-long","$v":{"zero":"sot","one":"nesër","two":["për ",{"t":"idOrVar","v":"value"}," ditë"],"few":["për ",{"t":"idOrVar","v":"value"}," ditë"],"many":["për ",{"t":"idOrVar","v":"value"}," ditë"],"other":["për ",{"t":"idOrVar","v":"value"}," ditë"]},"$x":[{"t":"idOrVar","v":"plural"},"value"]},{"$i":"weeks-until-long","$v":{"zero":"këtë javë","one":"javën pasuese","two":["për ",{"t":"idOrVar","v":"value"}," javë"],"few":["për ",{"t":"idOrVar","v":"value"}," javë"],"many":["për ",{"t":"idOrVar","v":"value"}," javë"],"other":["për ",{"t":"idOrVar","v":"value"}," javë"]},"$x":[{"t":"idOrVar","v":"plural"},"value"]},{"$i":"months-until-long","$v":{"zero":"këtë muaj","one":"muajin pasues","two":["për ",{"t":"idOrVar","v":"value"}," muaj"],"few":["për ",{"t":"idOrVar","v":"value"}," muaj"],"many":["për ",{"t":"idOrVar","v":"value"}," muaj"],"other":["për ",{"t":"idOrVar","v":"value"}," muaj"]},"$x":[{"t":"idOrVar","v":"plural"},"value"]},{"$i":"years-until-long","$v":{"zero":"këtë vit","one":"vitin pasues","two":["për ",{"t":"idOrVar","v":"value"}," vjet"],"few":["për ",{"t":"idOrVar","v":"value"}," vjet"],"many":["për ",{"t":"idOrVar","v":"value"}," vjet"],"other":["për ",{"t":"idOrVar","v":"value"}," vjet"]},"$x":[{"t":"idOrVar","v":"plural"},"value"]},{"$i":"minutes-ago-short","$v":{"zero":"mu tani","other":[{"t":"idOrVar","v":"value"},"m më parë"]},"$x":[{"t":"idOrVar","v":"plural"},"value"]},{"$i":"hours-ago-short","$v":{"zero":"mu tani","other":[{"t":"idOrVar","v":"value"},"h më parë"]},"$x":[{"t":"idOrVar","v":"plural"},"value"]},{"$i":"days-ago-short","$v":{"zero":"sot","other":[{"t":"idOrVar","v":"value"},"d më parë"]},"$x":[{"t":"idOrVar","v":"plural"},"value"]},{"$i":"minutes-until-short","$v":{"zero":"tani","other":["për ",{"t":"idOrVar","v":"value"},"m"]},"$x":[{"t":"idOrVar","v":"plural"},"value"]},{"$i":"hours-until-short","$v":{"zero":"tani","other":["për ",{"t":"idOrVar","v":"value"},"h"]},"$x":[{"t":"idOrVar","v":"plural"},"value"]},{"$i":"days-until-short","$v":{"zero":"sot","other":["për ",{"t":"idOrVar","v":"value"},"d"]},"$x":[{"t":"idOrVar","v":"plural"},"value"]},{"$i":"incorrectDate","$v":"(datë e pasaktë)"},{"$i":"dateTimeFormat_%c","$v":"%a %e %b %Y %I:%M:%S %p"},{"$i":"dateTimeFormat_%x","$v":"%m/%d/%Y"},{"$i":"dateTimeFormat_%X","$v":"%I:%M:%S %p"},{"$i":"shortTimeFormat","$v":"%I:%M %p"},{"$i":"shortTimeFormat12","$v":"%I:%M %p"},{"$i":"shortTimeFormat24","$v":"%H:%M"},{"$i":"shortDateTimeFormat","$v":"%x %I:%M %p"},{"$i":"weekStartsOnMonday","$v":"0"},{"$i":"firstDayOfTheWeek","$v":"0"},{"$i":"time_am","$v":"AM"},{"$i":"time_pm","$v":"PM"}]