[{"$i":"topup-confirmation-title2","$v":"Контрола трошкова"},{"$i":"topup-confirmation-message","$v":"Допуна кодом потврђена"},{"$i":"topup-incorrectcode-title2","$v":"Контрола трошкова"},{"$i":"topup-incorrectcode-message3","$v":"Унели сте неисправан код за допуну"},{"$i":"updating","$v":"Ажурирање"},{"$i":"updating-ellipsis","$v":"Ажурирам…"},{"$i":"yesterday","$v":"Јуче"},{"$i":"today","$v":"Данас"},{"$i":"never","$v":"Никад"},{"$i":"magnitude","$v":[{"t":"idOrVar","v":"value"}," ",{"t":"idOrVar","v":"unit"}]},{"$i":"currency","$v":[{"t":"idOrVar","v":"value"}," ",{"t":"idOrVar","v":"currency"}]},{"$i":"widget","$v":"Widget контроле трошкова"},{"$i":"widget-authed-sim-heading","$v":["Нова ",{"t":"idOrVar","v":"provider"}," SIM картица је убачена"]},{"$i":"widget-authed-sim-meta","$v":"Отпочни праћење телефона и пренос података на интернету."},{"$i":"widget-nonauthed-sim-heading","$v":"Нова SIM картица је убачена"},{"$i":"widget-nonauthed-sim-meta","$v":"Почни праћење преноса података."},{"$i":"widget-airplane-mode-heading","$v":"Режим у авиону"},{"$i":"widget-airplane-mode-meta","$v":"Молимо Вас, искључите режим рада у авиону да бисте користили контролу трошкова."},{"$i":"widget-no-sim2-heading","$v":"Нема SIM картице"},{"$i":"widget-no-sim2-meta","$v":"Убаците SIM картицу."},{"$i":"widget-sim-locked-heading","$v":"Закључана SIM картица"},{"$i":"widget-sim-locked-meta","$v":"Откључајте SIM картицу."},{"$i":"widget-unknown-heading","$v":"Грешка"},{"$i":"widget-unknown-meta","$v":"Молим Вас, проверите да ли је режим у авиону искључен"},{"$i":"fte","$v":"Први утисци о апликацији"},{"$i":"fte-authed-sim","$v":"Уштедите новац пратећи коришћење телефона и интернета."},{"$i":"fte-nonauthed-sim","$v":"Уштедите новац пратећи коришћење интернета."},{"$i":"fte-no-sim","$v":"Сазнајте колико тачно користите интернет."},{"$i":"fte-sim-info2","$v":"Информације приказане у контроли трошкова долазе директно са уређаја који користите. За детаљније информације контактирајте свог мрежног оператера."},{"$i":"fte-plantype-title","$v":"Врста уговора"},{"$i":"fte-plantype-hint","$v":"Изаберите врсту уговора са Вашим мрежним оператером."},{"$i":"fte-prepaid2-title","$v":"Упозорење о стању на рачуну"},{"$i":"fte-prepaid2-hint","$v":"Поставите упозорење како не бисте остали без средстава на рачуну."},{"$i":"fte-prepaid3-title","$v":"Извештаји и упозорења о размени података"},{"$i":"fte-prepaid3-hint","$v":"Примајте извештаје о употреби интернета и поставите упозорења за избегавање прекомерне употребе."},{"$i":"fte-postpaid2-title","$v":"Извештај о употреби телефона и података"},{"$i":"fte-postpaid2-hint","$v":"Примај извештаје о употреби телефона и интернета."},{"$i":"fte-postpaid3-title","$v":"Упозорење размене података"},{"$i":"fte-postpaid3-hint","$v":"Поставите упозорење да бисте избегли прекомерну размену података."},{"$i":"fte-onlydata2-title","$v":"Извештај података"},{"$i":"fte-onlydata2-hint","$v":"Примајте извештаје о употреби интернета."},{"$i":"fte-onlydata3-title","$v":"Упозорење података"},{"$i":"fte-onlydata3-hint","$v":"Поставите упозорење да бисте избегли прекомерну размену података."},{"$i":"phone-activity","$v":"Активност телефона"},{"$i":"balance","$v":"Стање рачуна"},{"$i":"on-roaming-message2","$v":"Роминг: нема аутоматске провере стања на рачуну. Постоји могућност да ће доћи до наплате уколико проверите ручно."},{"$i":"balance-error-message2","$v":"Стање на рачуну није успешно утврђено. Покушајте ручно."},{"$i":"airplane-mode-error-message2","$v":"Искључите режим рада у авиону да бисте проверили стање или допунили кредит."},{"$i":"disable-airplane-mode","$v":"Да ли желите да онемогућите режим рада у авиону како бисте проверили стање или допунили рачун?"},{"$i":"no-coverage-error-message2","$v":"Потребна је мобилна мрежа да бисте проверили или допунили кредит."},{"$i":"top-up","$v":"Допуна кредитом"},{"$i":"enter-top-up-code","$v":"Унесите код за допуну"},{"$i":"top-up-code-explanation2","$v":"Пронађите га на греб-греб картици или на рачуну који сте добили."},{"$i":"wait-for-confirmation","$v":"Добићете поруку као потврду"},{"$i":"incorrect-code2","$v":"Проверите исправност кода и покушајте поново."},{"$i":"topup-error2","$v":"Дошло је до грешке приликом слања кода. Молим Вас да покушате поново."},{"$i":"application-error-title","$v":"Услуга није доступна"},{"$i":"application-error-message","$v":"Контактирајте подршку"},{"$i":"service-unavailable-title","$v":"Услуга није доступна"},{"$i":"service-unavailable-message","$v":"Ажурирање и допуна кодом тренутно нису могући. Молим Вас покушајте касније."},{"$i":"data-usage","$v":"Количина преузетих података"},{"$i":"update-button","$v":"Ажурирај"},{"$i":"topup-button2","$v":"Користите код за допуну"},{"$i":"topup-ussd-button2","$v":"Отворите мени за допуну"},{"$i":"ok","$v":"У реду"},{"$i":"top-up-in-progress2","$v":"Ваша допуна се процесира."},{"$i":"top-up-timed-out2","$v":"Допуните кредит како бисте потврдили. Уколико немате кредита, покушајте га поново допунити."},{"$i":"on-topup-not-confirmed-title","$v":"Допуна није потврђена"},{"$i":"on-topup-not-confirmed-message","$v":"Покушајте да ажурирате Ваше стање, или поново допуните Ваш телефон."},{"$i":"send","$v":"пошаљи"},{"$i":"plantype-setup-title","$v":"Мој телефон и интернет пакет је"},{"$i":"prepaid","$v":"Припејд"},{"$i":"postpaid","$v":"Постпејд"},{"$i":"phoneactivity","$v":"Активност телефона"},{"$i":"short-date-format","$v":"%d %b "},{"$i":"long-date-format","$v":"%d %B %Y"},{"$i":"sms-sent","$v":"Послата SMS порука"},{"$i":"call-made","$v":"Обављени позиви"},{"$i":"settings","$v":"Поставке"},{"$i":"low-balance-alert","$v":"Упозорење о кредиту"},{"$i":"low-balance-explanation2","$v":"Када је стање на рачуну испод"},{"$i":"phone-and-internet-data-report","$v":"Извештај о употреби телефона и интернета"},{"$i":"internet-data-report","$v":"Извештај о употреби интернета"},{"$i":"starting-on","$v":"Почетак"},{"$i":"cancel","$v":"Откажи"},{"$i":"monthly","$v":"Месечно"},{"$i":"weekly","$v":"Недељно"},{"$i":"monday","$v":"Понедељак"},{"$i":"tuesday","$v":"Уторак"},{"$i":"wednesday","$v":"Среда"},{"$i":"thursday","$v":"Четвртак"},{"$i":"friday","$v":"Петак"},{"$i":"saturday","$v":"Субота"},{"$i":"sunday","$v":"Недеља"},{"$i":"billing-cycle-ends","$v":"Наплата се завршава"},{"$i":"tracking-will-reset","$v":"Праћење се обнавља овог датума"},{"$i":"yes","$v":"Да"},{"$i":"done","$v":"Завршено"},{"$i":"confirmation","$v":"Потврда"},{"$i":"reset-wifi-confirmation-warning","$v":["Вашa тренутна Wi-Fi потрошња је ",{"t":"idOrVar","v":"wifiData"},". Избрисати све?"]},{"$i":"reset-mobile-confirmation-warning","$v":["Вашa тренутна потрошња мобилних података је ",{"t":"idOrVar","v":"mobileData"},". Избрисати све?"]},{"$i":"reset-all-confirmation-warning","$v":["Ваша тренутна потрошња на мобилном је ",{"t":"idOrVar","v":"mobileData"},", а на Wi-Fi ",{"t":"idOrVar","v":"wifiData"},". Избрисати све?"]},{"$i":"reset-telephony-confirmation-warning","$v":"Сви тренутни подаци ће бити избрисани. Да ли сте сигурни да желите да ресетујете?"},{"$i":"reset","$v":"Ресетуј"},{"$i":"reset-wifi","$v":"Ресетуј Wi-Fi потрошњу"},{"$i":"reset-mobile","$v":"Ресетуј потрошњу мобилних података"},{"$i":"reset-all","$v":"Ресетуј моб. и Wi-Fi податке"},{"$i":"not-set","$v":"Није подешено"},{"$i":"used","$v":"Искоришћено"},{"$i":"limit-passed","$v":"Ограничење је прекорачено"},{"$i":"limit","$v":"Ограничење"},{"$i":"data-limit-header","$v":"Ограничење"},{"$i":"data-limit-alert","$v":"Упозорење употребе"},{"$i":"data-limit-value2","$v":"Када прекорачим"},{"$i":"data-limit-dialog-title2","$v":"Унесите ограничење мобилних података за упозорење"},{"$i":"data-limit-dialog-explanation2","$v":"Брзина везе се смањује после досезања ограничења. Проверите са оператером како да наместите ниво узбуне."},{"$i":"data-limit-input-label","ariaLabel":"Ограничење података"},{"$i":"wifi-usage","$v":"Wi-Fi"},{"$i":"mobile-usage","$v":"Мобилне мреже"},{"$i":"wifi-usage-settings","$v":"Wi-Fi"},{"$i":"mobile-usage-settings","$v":"Мобилне мреже"},{"$i":"im-prepaid","$v":"Припејд"},{"$i":"im-postpaid","$v":"Постпејд "},{"$i":"reset-data-usage","$v":"Ресетуј праћење"},{"$i":"reset-report","$v":"Ресетуј извештај"},{"$i":"next","$v":"Следеће"},{"$i":"back","$v":"Прeтходно"},{"$i":"lets-go","$v":"Идемо!"},{"$i":"alert","$v":"Упозорење"},{"$i":"alert-limit","$v":"Упозорење ограничења"},{"$i":"fte-welcome-title","$v":"Добродошли"},{"$i":"data-limit-notification-title2","$v":[{"t":"idOrVar","v":"limit"}," података искоришћено"]},{"$i":"data-limit-notification-text2","$v":"Достигли сте ограничење"},{"$i":"low-balance-notification-title","$v":"Понестаје Вам кредита"},{"$i":"low-balance-notification-text","$v":[{"t":"idOrVar","v":"remaining"}," кредита је преостало"]},{"$i":"zero-balance-message","$v":"Немате више кредита."},{"$i":"not-available","$v":"Није доступно"},{"$i":"usage","$v":"Контрола трошкова"},{"$i":"internet","$v":"Интернет"},{"$i":"phone","$v":"Телефон"},{"$i":"loading-interface-data","$v":"Учитавам податке интерфејса. Молим Вас покушајте касније."},{"$i":"data-limit","$v":["Ограничење података (",{"t":"idOrVar","v":"value"},")"]},{"$i":"data-available2","$v":{"zero":[{"t":"idOrVar","v":"value"}," ",{"t":"idOrVar","v":"unit"}," је доступно"],"one":[{"t":"idOrVar","v":"value"}," ",{"t":"idOrVar","v":"unit"}," је доступан"],"two":[{"t":"idOrVar","v":"value"}," ",{"t":"idOrVar","v":"unit"}," су доступна"],"few":[{"t":"idOrVar","v":"value"}," ",{"t":"idOrVar","v":"unit"}," је доступно"],"many":[{"t":"idOrVar","v":"value"}," ",{"t":"idOrVar","v":"unit"}," је доступно"],"other":[{"t":"idOrVar","v":"value"}," ",{"t":"idOrVar","v":"unit"}," је доступно"]},"$x":[{"t":"idOrVar","v":"plural"},"value"]},{"$i":"over-limit","$v":{"one":[{"t":"idOrVar","v":"value"}," ",{"t":"idOrVar","v":"unit"}," прекорачења"],"two":[{"t":"idOrVar","v":"value"}," ",{"t":"idOrVar","v":"unit"}," прекорачења"],"few":[{"t":"idOrVar","v":"value"}," ",{"t":"idOrVar","v":"unit"}," прекорачења"],"many":[{"t":"idOrVar","v":"value"}," ",{"t":"idOrVar","v":"unit"}," прекорачења"],"other":[{"t":"idOrVar","v":"value"}," ",{"t":"idOrVar","v":"unit"}," прекорачења"]},"$x":[{"t":"idOrVar","v":"plural"},"value"]},{"$i":"verbose-chart-date-format","$v":[{"t":"idOrVar","v":"em-month"}," ",{"t":"idOrVar","v":"monthday-number"}," "]},{"$i":"day-hour-format","$v":[{"t":"idOrVar","v":"day"},", ",{"t":"idOrVar","v":"time"}]},{"$i":"B","$v":"B"},{"$i":"KB","$v":"KB"},{"$i":"MB","$v":"MB"},{"$i":"GB","$v":"GB"},{"$i":"unit-MB","ariaLabel":"MB"},{"$i":"unit-GB","ariaLabel":"GB"},{"$i":"app-usage-list-header","$v":"Коришћење мобилне апл."},{"$i":"app-usage-no-data","$v":"Нисте користили мобилне податке. Коришћење сваке апликације ће се појавити овде када је будете користили."},{"$i":"data-used-since","$v":[{"t":"idOrVar","v":"amount"}," података је искоришћено од ",{"t":"idOrVar","v":"start-date"}]},{"$i":"data-used-this-week","$v":[{"t":"idOrVar","v":"amount"}," података је искоришћено ове недеље"]},{"$i":"data-used-this-month","$v":[{"t":"idOrVar","v":"amount"}," података је искоришћено овог месеца"]},{"$i":"data-usage-other-apps","$v":"Остало"},{"$i":"data-usage-browser-app","$v":"Browser"},{"$i":"limit-layer-MB","ariaLabel":["Limit of ",{"t":"idOrVar","v":"value"}," MB"]},{"$i":"limit-layer-GB","ariaLabel":["Limit of ",{"t":"idOrVar","v":"value"}," GB"]},{"$i":"warning-layer","ariaLabel":[{"t":"idOrVar","v":"value"}," left"]},{"$i":"limit-exceeded-layer","ariaLabel":["Exceeded by ",{"t":"idOrVar","v":"value"}]},{"$i":"today-layer","ariaLabel":["Today is ",{"t":"idOrVar","v":"today"}]},{"$i":"axis-layer","ariaLabel":["From ",{"t":"idOrVar","v":"from"}," to ",{"t":"idOrVar","v":"to"}]},{"$i":"weekday-0-long","$v":"Недеља"},{"$i":"weekday-1-long","$v":"Понедељак"},{"$i":"weekday-2-long","$v":"Уторак"},{"$i":"weekday-3-long","$v":"Среда"},{"$i":"weekday-4-long","$v":"Четвртак"},{"$i":"weekday-5-long","$v":"Петак"},{"$i":"weekday-6-long","$v":"Субота"},{"$i":"weekday-0-short","$v":"Нед"},{"$i":"weekday-1-short","$v":"Пон"},{"$i":"weekday-2-short","$v":"Уто"},{"$i":"weekday-3-short","$v":"Сре"},{"$i":"weekday-4-short","$v":"Чет"},{"$i":"weekday-5-short","$v":"Пет"},{"$i":"weekday-6-short","$v":"Суб"},{"$i":"month-0-long","$v":"јануар"},{"$i":"month-1-long","$v":"фебруар"},{"$i":"month-2-long","$v":"март"},{"$i":"month-3-long","$v":"април"},{"$i":"month-4-long","$v":"мај"},{"$i":"month-5-long","$v":"јун"},{"$i":"month-6-long","$v":"јул"},{"$i":"month-7-long","$v":"август"},{"$i":"month-8-long","$v":"септембар"},{"$i":"month-9-long","$v":"октобар"},{"$i":"month-10-long","$v":"новембар"},{"$i":"month-11-long","$v":"децембар"},{"$i":"month-0-genitive","$v":"јануара"},{"$i":"month-1-genitive","$v":"фебруара"},{"$i":"month-2-genitive","$v":"марта"},{"$i":"month-3-genitive","$v":"априла"},{"$i":"month-4-genitive","$v":"маја"},{"$i":"month-5-genitive","$v":"јуна"},{"$i":"month-6-genitive","$v":"јула"},{"$i":"month-7-genitive","$v":"августа"},{"$i":"month-8-genitive","$v":"септембра"},{"$i":"month-9-genitive","$v":"октобра"},{"$i":"month-10-genitive","$v":"новембра"},{"$i":"month-11-genitive","$v":"децембра"},{"$i":"month-0-short","$v":"јан"},{"$i":"month-1-short","$v":"феб"},{"$i":"month-2-short","$v":"мар"},{"$i":"month-3-short","$v":"апр"},{"$i":"month-4-short","$v":"мај"},{"$i":"month-5-short","$v":"јун"},{"$i":"month-6-short","$v":"јул"},{"$i":"month-7-short","$v":"авг"},{"$i":"month-8-short","$v":"сеп"},{"$i":"month-9-short","$v":"окт"},{"$i":"month-10-short","$v":"нов"},{"$i":"month-11-short","$v":"дец"},{"$i":"minutes-ago-long","$v":{"zero":"управо","one":"пре минут","two":["пре ",{"t":"idOrVar","v":"value"}," минута"],"few":["пре ",{"t":"idOrVar","v":"value"}," минута"],"many":["пре ",{"t":"idOrVar","v":"value"}," минута"],"other":["пре ",{"t":"idOrVar","v":"value"}," минута"]},"$x":[{"t":"idOrVar","v":"plural"},"value"]},{"$i":"hours-ago-long","$v":{"zero":"управо","one":"пре сат времена","two":["пре ",{"t":"idOrVar","v":"value"}," сата"],"few":["пре ",{"t":"idOrVar","v":"value"}," сати"],"many":["пре ",{"t":"idOrVar","v":"value"}," сати"],"other":["пре ",{"t":"idOrVar","v":"value"}," сати"]},"$x":[{"t":"idOrVar","v":"plural"},"value"]},{"$i":"days-ago-long","$v":{"zero":"данас","one":"јуче","two":["пре ",{"t":"idOrVar","v":"value"}," дана"],"few":["пре ",{"t":"idOrVar","v":"value"}," дана"],"many":["пре ",{"t":"idOrVar","v":"value"}," дана"],"other":["пре ",{"t":"idOrVar","v":"value"}," дана"]},"$x":[{"t":"idOrVar","v":"plural"},"value"]},{"$i":"weeks-ago-long","$v":{"zero":"ове недеље","one":"прошле недеље","two":["пре ",{"t":"idOrVar","v":"value"}," недеље"],"few":["пре ",{"t":"idOrVar","v":"value"}," недеља"],"many":["пре ",{"t":"idOrVar","v":"value"}," недеља"],"other":["пре ",{"t":"idOrVar","v":"value"}," недеља"]},"$x":[{"t":"idOrVar","v":"plural"},"value"]},{"$i":"months-ago-long","$v":{"zero":"овог месеца","one":"прошлог месеца","two":["пре ",{"t":"idOrVar","v":"value"}," месеца"],"few":["пре ",{"t":"idOrVar","v":"value"}," месеци"],"many":["пре ",{"t":"idOrVar","v":"value"}," месеци"],"other":["пре ",{"t":"idOrVar","v":"value"}," месеци"]},"$x":[{"t":"idOrVar","v":"plural"},"value"]},{"$i":"years-ago-long","$v":{"zero":"ове године","one":"прошле године","two":["пре ",{"t":"idOrVar","v":"value"}," године"],"few":["пре ",{"t":"idOrVar","v":"value"}," година"],"many":["пре ",{"t":"idOrVar","v":"value"}," година"],"other":["пре ",{"t":"idOrVar","v":"value"}," година"]},"$x":[{"t":"idOrVar","v":"plural"},"value"]},{"$i":"minutes-until-long","$v":{"zero":"управо","one":"за један минут","two":["за ",{"t":"idOrVar","v":"value"}," минута"],"few":["за ",{"t":"idOrVar","v":"value"}," минута"],"many":["за ",{"t":"idOrVar","v":"value"}," минута"],"other":["за ",{"t":"idOrVar","v":"value"}," минута"]},"$x":[{"t":"idOrVar","v":"plural"},"value"]},{"$i":"hours-until-long","$v":{"zero":"управо","one":"за сат времена","two":["за ",{"t":"idOrVar","v":"value"}," сата"],"few":["за ",{"t":"idOrVar","v":"value"}," сати"],"many":["за ",{"t":"idOrVar","v":"value"}," сати"],"other":["за ",{"t":"idOrVar","v":"value"}," сати"]},"$x":[{"t":"idOrVar","v":"plural"},"value"]},{"$i":"days-until-long","$v":{"zero":"данас","one":"сутра","two":["за ",{"t":"idOrVar","v":"value"}," дана"],"few":["за ",{"t":"idOrVar","v":"value"}," дана"],"many":["за ",{"t":"idOrVar","v":"value"}," дана"],"other":["за ",{"t":"idOrVar","v":"value"}," дана"]},"$x":[{"t":"idOrVar","v":"plural"},"value"]},{"$i":"weeks-until-long","$v":{"zero":"ове недеље","one":"следеће недеље","two":["за ",{"t":"idOrVar","v":"value"}," недеље"],"few":["за ",{"t":"idOrVar","v":"value"}," недеља"],"many":["за ",{"t":"idOrVar","v":"value"}," недеља"],"other":["за ",{"t":"idOrVar","v":"value"}," недеља"]},"$x":[{"t":"idOrVar","v":"plural"},"value"]},{"$i":"months-until-long","$v":{"zero":"овог месеца","one":"следећег месеца","two":["за ",{"t":"idOrVar","v":"value"}," месеца"],"few":["за ",{"t":"idOrVar","v":"value"}," месеци"],"many":["за ",{"t":"idOrVar","v":"value"}," месеци"],"other":["за ",{"t":"idOrVar","v":"value"}," месеци"]},"$x":[{"t":"idOrVar","v":"plural"},"value"]},{"$i":"years-until-long","$v":{"zero":"ове године","one":"следеће године","two":["за ",{"t":"idOrVar","v":"value"}," године"],"few":["за ",{"t":"idOrVar","v":"value"}," година"],"many":["за ",{"t":"idOrVar","v":"value"}," година"],"other":["за ",{"t":"idOrVar","v":"value"}," година"]},"$x":[{"t":"idOrVar","v":"plural"},"value"]},{"$i":"minutes-ago-short","$v":{"zero":"управо","other":["пре ",{"t":"idOrVar","v":"value"},"м"]},"$x":[{"t":"idOrVar","v":"plural"},"value"]},{"$i":"hours-ago-short","$v":{"zero":"управо","other":["пре ",{"t":"idOrVar","v":"value"},"с"]},"$x":[{"t":"idOrVar","v":"plural"},"value"]},{"$i":"days-ago-short","$v":{"zero":"данас","other":["пре ",{"t":"idOrVar","v":"value"},"д"]},"$x":[{"t":"idOrVar","v":"plural"},"value"]},{"$i":"minutes-until-short","$v":{"zero":"управо","other":["за ",{"t":"idOrVar","v":"value"},"м"]},"$x":[{"t":"idOrVar","v":"plural"},"value"]},{"$i":"hours-until-short","$v":{"zero":"управо","other":["за ",{"t":"idOrVar","v":"value"},"с"]},"$x":[{"t":"idOrVar","v":"plural"},"value"]},{"$i":"days-until-short","$v":{"zero":"данас","other":["за ",{"t":"idOrVar","v":"value"},"д"]},"$x":[{"t":"idOrVar","v":"plural"},"value"]},{"$i":"incorrectDate","$v":"(нетачан датум)"},{"$i":"dateTimeFormat_%c","$v":"%a %e %b %Y %H:%M:%S"},{"$i":"dateTimeFormat_%x","$v":"%d.%m.%Y"},{"$i":"dateTimeFormat_%X","$v":"%H:%M:%S"},{"$i":"shortTimeFormat","$v":"%H:%M"},{"$i":"shortTimeFormat12","$v":"%I:%M %p"},{"$i":"shortTimeFormat24","$v":"%H:%M"},{"$i":"shortDateTimeFormat","$v":"%x %H:%M"},{"$i":"weekStartsOnMonday","$v":"1"},{"$i":"firstDayOfTheWeek","$v":"1"},{"$i":"time_am","$v":"AM"},{"$i":"time_pm","$v":"PM"}]