[{"$i":"topup-confirmation-title2","$v":"Kontrola troškova"},{"$i":"topup-confirmation-message","$v":"Dopuna kodom potvrđena"},{"$i":"topup-incorrectcode-title2","$v":"Kontrola troškova"},{"$i":"topup-incorrectcode-message3","$v":"Uneli ste neispravan kod za dopunu"},{"$i":"updating","$v":"Ažuriranje"},{"$i":"updating-ellipsis","$v":"Ažuriram…"},{"$i":"yesterday","$v":"Juče"},{"$i":"today","$v":"Danas"},{"$i":"never","$v":"Nikad"},{"$i":"magnitude","$v":[{"t":"idOrVar","v":"value"}," ",{"t":"idOrVar","v":"unit"}]},{"$i":"currency","$v":[{"t":"idOrVar","v":"value"}," ",{"t":"idOrVar","v":"currency"}]},{"$i":"widget","$v":"Widget kontrole troškova"},{"$i":"widget-authed-sim-heading","$v":["Nova ",{"t":"idOrVar","v":"provider"}," SIM kartica je ubačena"]},{"$i":"widget-authed-sim-meta","$v":"Otpočni praćenje telefona i prenos podataka na internetu."},{"$i":"widget-nonauthed-sim-heading","$v":"Nova SIM kartica je ubačena"},{"$i":"widget-nonauthed-sim-meta","$v":"Počni praćenje prenosa podataka."},{"$i":"widget-airplane-mode-heading","$v":"Režim u avionu"},{"$i":"widget-airplane-mode-meta","$v":"Molimo Vas, isključite režim rada u avionu da biste koristili kontrolu troškova."},{"$i":"widget-no-sim2-heading","$v":"Nema SIM kartice"},{"$i":"widget-no-sim2-meta","$v":"Ubacite SIM karticu."},{"$i":"widget-sim-locked-heading","$v":"Zaključana SIM kartica"},{"$i":"widget-sim-locked-meta","$v":"Otključajte SIM karticu."},{"$i":"widget-unknown-heading","$v":"Greška"},{"$i":"widget-unknown-meta","$v":"Molim Vas, proverite da li je režim u avionu isključen"},{"$i":"fte","$v":"Prvi utisci o aplikaciji"},{"$i":"fte-authed-sim","$v":"Uštedite novac prateći korišćenje telefona i interneta."},{"$i":"fte-nonauthed-sim","$v":"Uštedite novac prateći korišćenje interneta."},{"$i":"fte-no-sim","$v":"Saznajte koliko tačno koristite internet."},{"$i":"fte-sim-info2","$v":"Informacije prikazane u kontroli troškova dolaze direktno sa uređaja koji koristite. Za detaljnije informacije kontaktirajte svog mrežnog operatera."},{"$i":"fte-plantype-title","$v":"Vrsta ugovora"},{"$i":"fte-plantype-hint","$v":"Izaberite vrstu ugovora sa Vašim mrežnim operaterom."},{"$i":"fte-prepaid2-title","$v":"Upozorenje o stanju na računu"},{"$i":"fte-prepaid2-hint","$v":"Postavite upozorenje kako ne biste ostali bez sredstava na računu."},{"$i":"fte-prepaid3-title","$v":"Izveštaji i upozorenja o razmeni podataka"},{"$i":"fte-prepaid3-hint","$v":"Primajte izveštaje o upotrebi interneta i postavite upozorenja za izbegavanje prekomerne upotrebe."},{"$i":"fte-postpaid2-title","$v":"Izveštaj o upotrebi telefona i podataka"},{"$i":"fte-postpaid2-hint","$v":"Primaj izveštaje o upotrebi telefona i interneta."},{"$i":"fte-postpaid3-title","$v":"Upozorenje razmene podataka"},{"$i":"fte-postpaid3-hint","$v":"Postavite upozorenje da biste izbegli prekomernu razmenu podataka."},{"$i":"fte-onlydata2-title","$v":"Izveštaj podataka"},{"$i":"fte-onlydata2-hint","$v":"Primajte izveštaje o upotrebi interneta."},{"$i":"fte-onlydata3-title","$v":"Upozorenje podataka"},{"$i":"fte-onlydata3-hint","$v":"Postavite upozorenje da biste izbegli prekomernu razmenu podataka."},{"$i":"phone-activity","$v":"Aktivnost telefona"},{"$i":"balance","$v":"Stanje računa"},{"$i":"on-roaming-message2","$v":"Roming: nema automatske provere stanja na računu. Postoji mogućnost da će doći do naplate ukoliko proverite ručno."},{"$i":"balance-error-message2","$v":"Stanje na računu nije uspešno utvrđeno. Pokušajte ručno."},{"$i":"airplane-mode-error-message2","$v":"Isključite režim rada u avionu da biste proverili stanje ili dopunili kredit."},{"$i":"disable-airplane-mode","$v":"Da li želite da onemogućite režim rada u avionu kako biste proverili stanje ili dopunili račun?"},{"$i":"no-coverage-error-message2","$v":"Potrebna je mobilna mreža da biste proverili ili dopunili kredit."},{"$i":"top-up","$v":"Dopuna kreditom"},{"$i":"enter-top-up-code","$v":"Unesite kod za dopunu"},{"$i":"top-up-code-explanation2","$v":"Pronađite ga na greb-greb kartici ili na računu koji ste dobili."},{"$i":"wait-for-confirmation","$v":"Dobićete poruku kao potvrdu"},{"$i":"incorrect-code2","$v":"Proverite ispravnost koda i pokušajte ponovo."},{"$i":"topup-error2","$v":"Došlo je do greške prilikom slanja koda. Molim Vas da pokušate ponovo."},{"$i":"application-error-title","$v":"Usluga nije dostupna"},{"$i":"application-error-message","$v":"Kontaktirajte podršku"},{"$i":"service-unavailable-title","$v":"Usluga nije dostupna"},{"$i":"service-unavailable-message","$v":"Ažuriranje i dopuna kodom trenutno nisu mogući. Molim Vas pokušajte kasnije."},{"$i":"data-usage","$v":"Količina preuzetih podataka"},{"$i":"update-button","$v":"Ažuriraj"},{"$i":"topup-button2","$v":"Koristite kod za dopunu"},{"$i":"topup-ussd-button2","$v":"Otvorite meni za dopunu"},{"$i":"ok","$v":"U redu"},{"$i":"top-up-in-progress2","$v":"Vaša dopuna se procesira."},{"$i":"top-up-timed-out2","$v":"Dopunite kredit kako biste potvrdili. Ukoliko nemate kredita, pokušajte ga ponovo dopuniti."},{"$i":"on-topup-not-confirmed-title","$v":"Dopuna nije potvrđena"},{"$i":"on-topup-not-confirmed-message","$v":"Pokušajte da ažurirate Vaše stanje, ili ponovo dopunite Vaš telefon."},{"$i":"send","$v":"pošalji"},{"$i":"plantype-setup-title","$v":"Moj telefon i internet paket je"},{"$i":"prepaid","$v":"Pripejd"},{"$i":"postpaid","$v":"Postpejd"},{"$i":"phoneactivity","$v":"Aktivnost telefona"},{"$i":"short-date-format","$v":"%d %b "},{"$i":"long-date-format","$v":"%d %B %Y"},{"$i":"sms-sent","$v":"Poslata SMS poruka"},{"$i":"call-made","$v":"Obavljeni pozivi"},{"$i":"settings","$v":"Postavke"},{"$i":"low-balance-alert","$v":"Upozorenje o kreditu"},{"$i":"low-balance-explanation2","$v":"Kada je stanje na računu ispod"},{"$i":"phone-and-internet-data-report","$v":"Izveštaj o upotrebi telefona i interneta"},{"$i":"internet-data-report","$v":"Izveštaj o upotrebi interneta"},{"$i":"starting-on","$v":"Početak"},{"$i":"cancel","$v":"Otkaži"},{"$i":"monthly","$v":"Mesečno"},{"$i":"weekly","$v":"Nedeljno"},{"$i":"monday","$v":"Ponedeljak"},{"$i":"tuesday","$v":"Utorak"},{"$i":"wednesday","$v":"Sreda"},{"$i":"thursday","$v":"Četvrtak"},{"$i":"friday","$v":"Petak"},{"$i":"saturday","$v":"Subota"},{"$i":"sunday","$v":"Nedelja"},{"$i":"billing-cycle-ends","$v":"Naplata se završava"},{"$i":"tracking-will-reset","$v":"Praćenje se obnavlja ovog datuma"},{"$i":"yes","$v":"Da"},{"$i":"done","$v":"Završeno"},{"$i":"confirmation","$v":"Potvrda"},{"$i":"reset-wifi-confirmation-warning","$v":["Vaša trenutna Wi-Fi potrošnja je ",{"t":"idOrVar","v":"wifiData"},". Izbrisati sve?"]},{"$i":"reset-mobile-confirmation-warning","$v":["Vaša trenutna potrošnja mobilnih podataka je ",{"t":"idOrVar","v":"mobileData"},". Izbrisati sve?"]},{"$i":"reset-all-confirmation-warning","$v":["Vaša trenutna potrošnja na mobilnom je ",{"t":"idOrVar","v":"mobileData"},", a na Wi-Fi ",{"t":"idOrVar","v":"wifiData"},". Izbrisati sve?"]},{"$i":"reset-telephony-confirmation-warning","$v":"Svi trenutni podaci će biti izbrisani. Da li ste sigurni da želite da resetujete?"},{"$i":"reset","$v":"Resetuj"},{"$i":"reset-wifi","$v":"Resetuj Wi-Fi potrošnju"},{"$i":"reset-mobile","$v":"Resetuj potrošnju mobilnih podataka"},{"$i":"reset-all","$v":"Resetuj mob. i Wi-Fi podatke"},{"$i":"not-set","$v":"Nije podešeno"},{"$i":"used","$v":"Iskorišćeno"},{"$i":"limit-passed","$v":"Ograničenje je prekoračeno"},{"$i":"limit","$v":"Ograničenje"},{"$i":"data-limit-header","$v":"Ograničenje"},{"$i":"data-limit-alert","$v":"Upozorenje upotrebe"},{"$i":"data-limit-value2","$v":"Kada prekoračim"},{"$i":"data-limit-dialog-title2","$v":"Unesite ograničenje mobilnih podataka za upozorenje"},{"$i":"data-limit-dialog-explanation2","$v":"Brzina veze se smanjuje posle dosezanja ograničenja. Proverite sa operaterom kako da namestite nivo uzbune."},{"$i":"data-limit-input-label","ariaLabel":"Ograničenje podataka"},{"$i":"wifi-usage","$v":"Wi-Fi"},{"$i":"mobile-usage","$v":"Mobilne mreže"},{"$i":"wifi-usage-settings","$v":"Wi-Fi"},{"$i":"mobile-usage-settings","$v":"Mobilne mreže"},{"$i":"im-prepaid","$v":"Pripejd"},{"$i":"im-postpaid","$v":"Postpejd "},{"$i":"reset-data-usage","$v":"Resetuj praćenje"},{"$i":"reset-report","$v":"Resetuj izveštaj"},{"$i":"next","$v":"Sledeće"},{"$i":"back","$v":"Prethodno"},{"$i":"lets-go","$v":"Idemo!"},{"$i":"alert","$v":"Upozorenje"},{"$i":"alert-limit","$v":"Upozorenje ograničenja"},{"$i":"fte-welcome-title","$v":"Dobrodošli"},{"$i":"data-limit-notification-title2","$v":[{"t":"idOrVar","v":"limit"}," podataka iskorišćeno"]},{"$i":"data-limit-notification-text2","$v":"Dostigli ste ograničenje"},{"$i":"low-balance-notification-title","$v":"Ponestaje Vam kredita"},{"$i":"low-balance-notification-text","$v":[{"t":"idOrVar","v":"remaining"}," kredita je preostalo"]},{"$i":"zero-balance-message","$v":"Nemate više kredita."},{"$i":"not-available","$v":"Nije dostupno"},{"$i":"usage","$v":"Kontrola troškova"},{"$i":"internet","$v":"Internet"},{"$i":"phone","$v":"Telefon"},{"$i":"loading-interface-data","$v":"Učitavam podatke interfejsa. Molim Vas pokušajte kasnije."},{"$i":"data-limit","$v":["Ograničenje podataka (",{"t":"idOrVar","v":"value"},")"]},{"$i":"data-available2","$v":{"zero":[{"t":"idOrVar","v":"value"}," ",{"t":"idOrVar","v":"unit"}," je dostupno"],"one":[{"t":"idOrVar","v":"value"}," ",{"t":"idOrVar","v":"unit"}," je dostupan"],"two":[{"t":"idOrVar","v":"value"}," ",{"t":"idOrVar","v":"unit"}," su dostupna"],"few":[{"t":"idOrVar","v":"value"}," ",{"t":"idOrVar","v":"unit"}," je dostupno"],"many":[{"t":"idOrVar","v":"value"}," ",{"t":"idOrVar","v":"unit"}," je dostupno"],"other":[{"t":"idOrVar","v":"value"}," ",{"t":"idOrVar","v":"unit"}," je dostupno"]},"$x":[{"t":"idOrVar","v":"plural"},"value"]},{"$i":"over-limit","$v":{"one":[{"t":"idOrVar","v":"value"}," ",{"t":"idOrVar","v":"unit"}," prekoračenja"],"two":[{"t":"idOrVar","v":"value"}," ",{"t":"idOrVar","v":"unit"}," prekoračenja"],"few":[{"t":"idOrVar","v":"value"}," ",{"t":"idOrVar","v":"unit"}," prekoračenja"],"many":[{"t":"idOrVar","v":"value"}," ",{"t":"idOrVar","v":"unit"}," prekoračenja"],"other":[{"t":"idOrVar","v":"value"}," ",{"t":"idOrVar","v":"unit"}," prekoračenja"]},"$x":[{"t":"idOrVar","v":"plural"},"value"]},{"$i":"verbose-chart-date-format","$v":[{"t":"idOrVar","v":"em-month"}," ",{"t":"idOrVar","v":"monthday-number"}," "]},{"$i":"day-hour-format","$v":[{"t":"idOrVar","v":"day"},", ",{"t":"idOrVar","v":"time"}]},{"$i":"B","$v":"B"},{"$i":"KB","$v":"KB"},{"$i":"MB","$v":"MB"},{"$i":"GB","$v":"GB"},{"$i":"unit-MB","ariaLabel":"MB"},{"$i":"unit-GB","ariaLabel":"GB"},{"$i":"app-usage-list-header","$v":"Korišćenje mobilne apl."},{"$i":"app-usage-no-data","$v":"Niste koristili mobilne podatke. Korišćenje svake aplikacije će se pojaviti ovde kada je budete koristili."},{"$i":"data-used-since","$v":[{"t":"idOrVar","v":"amount"}," podataka je iskorišćeno od ",{"t":"idOrVar","v":"start-date"}]},{"$i":"data-used-this-week","$v":[{"t":"idOrVar","v":"amount"}," podataka je iskorišćeno ove nedelje"]},{"$i":"data-used-this-month","$v":[{"t":"idOrVar","v":"amount"}," podataka je iskorišćeno ovog meseca"]},{"$i":"data-usage-other-apps","$v":"Ostalo"},{"$i":"data-usage-browser-app","$v":"Browser"},{"$i":"limit-layer-MB","ariaLabel":["Limit of ",{"t":"idOrVar","v":"value"}," MB"]},{"$i":"limit-layer-GB","ariaLabel":["Limit of ",{"t":"idOrVar","v":"value"}," GB"]},{"$i":"warning-layer","ariaLabel":[{"t":"idOrVar","v":"value"}," left"]},{"$i":"limit-exceeded-layer","ariaLabel":["Exceeded by ",{"t":"idOrVar","v":"value"}]},{"$i":"today-layer","ariaLabel":["Today is ",{"t":"idOrVar","v":"today"}]},{"$i":"axis-layer","ariaLabel":["From ",{"t":"idOrVar","v":"from"}," to ",{"t":"idOrVar","v":"to"}]},{"$i":"weekday-0-long","$v":"Nedelja"},{"$i":"weekday-1-long","$v":"Ponedeljak"},{"$i":"weekday-2-long","$v":"Utorak"},{"$i":"weekday-3-long","$v":"Sreda"},{"$i":"weekday-4-long","$v":"Četvrtak"},{"$i":"weekday-5-long","$v":"Petak"},{"$i":"weekday-6-long","$v":"Subota"},{"$i":"weekday-0-short","$v":"Ned"},{"$i":"weekday-1-short","$v":"Pon"},{"$i":"weekday-2-short","$v":"Uto"},{"$i":"weekday-3-short","$v":"Sre"},{"$i":"weekday-4-short","$v":"Čet"},{"$i":"weekday-5-short","$v":"Pet"},{"$i":"weekday-6-short","$v":"Sub"},{"$i":"month-0-long","$v":"januar"},{"$i":"month-1-long","$v":"februar"},{"$i":"month-2-long","$v":"mart"},{"$i":"month-3-long","$v":"april"},{"$i":"month-4-long","$v":"maj"},{"$i":"month-5-long","$v":"jun"},{"$i":"month-6-long","$v":"jul"},{"$i":"month-7-long","$v":"avgust"},{"$i":"month-8-long","$v":"septembar"},{"$i":"month-9-long","$v":"oktobar"},{"$i":"month-10-long","$v":"novembar"},{"$i":"month-11-long","$v":"decembar"},{"$i":"month-0-genitive","$v":"januara"},{"$i":"month-1-genitive","$v":"februara"},{"$i":"month-2-genitive","$v":"marta"},{"$i":"month-3-genitive","$v":"aprila"},{"$i":"month-4-genitive","$v":"maja"},{"$i":"month-5-genitive","$v":"juna"},{"$i":"month-6-genitive","$v":"jula"},{"$i":"month-7-genitive","$v":"avgusta"},{"$i":"month-8-genitive","$v":"septembra"},{"$i":"month-9-genitive","$v":"oktobra"},{"$i":"month-10-genitive","$v":"novembra"},{"$i":"month-11-genitive","$v":"decembra"},{"$i":"month-0-short","$v":"jan"},{"$i":"month-1-short","$v":"feb"},{"$i":"month-2-short","$v":"mar"},{"$i":"month-3-short","$v":"apr"},{"$i":"month-4-short","$v":"maj"},{"$i":"month-5-short","$v":"jun"},{"$i":"month-6-short","$v":"jul"},{"$i":"month-7-short","$v":"avg"},{"$i":"month-8-short","$v":"sep"},{"$i":"month-9-short","$v":"okt"},{"$i":"month-10-short","$v":"nov"},{"$i":"month-11-short","$v":"dec"},{"$i":"minutes-ago-long","$v":{"zero":"upravo","one":"pre minut","two":["pre ",{"t":"idOrVar","v":"value"}," minuta"],"few":["pre ",{"t":"idOrVar","v":"value"}," minuta"],"many":["pre ",{"t":"idOrVar","v":"value"}," minuta"],"other":["pre ",{"t":"idOrVar","v":"value"}," minuta"]},"$x":[{"t":"idOrVar","v":"plural"},"value"]},{"$i":"hours-ago-long","$v":{"zero":"upravo","one":"pre sat vremena","two":["pre ",{"t":"idOrVar","v":"value"}," sata"],"few":["pre ",{"t":"idOrVar","v":"value"}," sati"],"many":["pre ",{"t":"idOrVar","v":"value"}," sati"],"other":["pre ",{"t":"idOrVar","v":"value"}," sati"]},"$x":[{"t":"idOrVar","v":"plural"},"value"]},{"$i":"days-ago-long","$v":{"zero":"danas","one":"juče","two":["pre ",{"t":"idOrVar","v":"value"}," dana"],"few":["pre ",{"t":"idOrVar","v":"value"}," dana"],"many":["pre ",{"t":"idOrVar","v":"value"}," dana"],"other":["pre ",{"t":"idOrVar","v":"value"}," dana"]},"$x":[{"t":"idOrVar","v":"plural"},"value"]},{"$i":"weeks-ago-long","$v":{"zero":"ove nedelje","one":"prošle nedelje","two":["pre ",{"t":"idOrVar","v":"value"}," nedelje"],"few":["pre ",{"t":"idOrVar","v":"value"}," nedelja"],"many":["pre ",{"t":"idOrVar","v":"value"}," nedelja"],"other":["pre ",{"t":"idOrVar","v":"value"}," nedelja"]},"$x":[{"t":"idOrVar","v":"plural"},"value"]},{"$i":"months-ago-long","$v":{"zero":"ovog meseca","one":"prošlog meseca","two":["pre ",{"t":"idOrVar","v":"value"}," meseca"],"few":["pre ",{"t":"idOrVar","v":"value"}," meseci"],"many":["pre ",{"t":"idOrVar","v":"value"}," meseci"],"other":["pre ",{"t":"idOrVar","v":"value"}," meseci"]},"$x":[{"t":"idOrVar","v":"plural"},"value"]},{"$i":"years-ago-long","$v":{"zero":"ove godine","one":"prošle godine","two":["pre ",{"t":"idOrVar","v":"value"}," godine"],"few":["pre ",{"t":"idOrVar","v":"value"}," godina"],"many":["pre ",{"t":"idOrVar","v":"value"}," godina"],"other":["pre ",{"t":"idOrVar","v":"value"}," godina"]},"$x":[{"t":"idOrVar","v":"plural"},"value"]},{"$i":"minutes-until-long","$v":{"zero":"upravo","one":"za jedan minut","two":["za ",{"t":"idOrVar","v":"value"}," minuta"],"few":["za ",{"t":"idOrVar","v":"value"}," minuta"],"many":["za ",{"t":"idOrVar","v":"value"}," minuta"],"other":["za ",{"t":"idOrVar","v":"value"}," minuta"]},"$x":[{"t":"idOrVar","v":"plural"},"value"]},{"$i":"hours-until-long","$v":{"zero":"upravo","one":"za sat vremena","two":["za ",{"t":"idOrVar","v":"value"}," sata"],"few":["za ",{"t":"idOrVar","v":"value"}," sati"],"many":["za ",{"t":"idOrVar","v":"value"}," sati"],"other":["za ",{"t":"idOrVar","v":"value"}," sati"]},"$x":[{"t":"idOrVar","v":"plural"},"value"]},{"$i":"days-until-long","$v":{"zero":"danas","one":"sutra","two":["za ",{"t":"idOrVar","v":"value"}," dana"],"few":["za ",{"t":"idOrVar","v":"value"}," dana"],"many":["za ",{"t":"idOrVar","v":"value"}," dana"],"other":["za ",{"t":"idOrVar","v":"value"}," dana"]},"$x":[{"t":"idOrVar","v":"plural"},"value"]},{"$i":"weeks-until-long","$v":{"zero":"ove nedelje","one":"sledeće nedelje","two":["za ",{"t":"idOrVar","v":"value"}," nedelje"],"few":["za ",{"t":"idOrVar","v":"value"}," nedelja"],"many":["za ",{"t":"idOrVar","v":"value"}," nedelja"],"other":["za ",{"t":"idOrVar","v":"value"}," nedelja"]},"$x":[{"t":"idOrVar","v":"plural"},"value"]},{"$i":"months-until-long","$v":{"zero":"ovog meseca","one":"sledećeg meseca","two":["za ",{"t":"idOrVar","v":"value"}," meseca"],"few":["za ",{"t":"idOrVar","v":"value"}," meseci"],"many":["za ",{"t":"idOrVar","v":"value"}," meseci"],"other":["za ",{"t":"idOrVar","v":"value"}," meseci"]},"$x":[{"t":"idOrVar","v":"plural"},"value"]},{"$i":"years-until-long","$v":{"zero":"ove godine","one":"sledeće godine","two":["za ",{"t":"idOrVar","v":"value"}," godine"],"few":["za ",{"t":"idOrVar","v":"value"}," godina"],"many":["za ",{"t":"idOrVar","v":"value"}," godina"],"other":["za ",{"t":"idOrVar","v":"value"}," godina"]},"$x":[{"t":"idOrVar","v":"plural"},"value"]},{"$i":"minutes-ago-short","$v":{"zero":"upravo","other":["pre ",{"t":"idOrVar","v":"value"},"m"]},"$x":[{"t":"idOrVar","v":"plural"},"value"]},{"$i":"hours-ago-short","$v":{"zero":"upravo","other":["pre ",{"t":"idOrVar","v":"value"},"s"]},"$x":[{"t":"idOrVar","v":"plural"},"value"]},{"$i":"days-ago-short","$v":{"zero":"danas","other":["pre ",{"t":"idOrVar","v":"value"},"d"]},"$x":[{"t":"idOrVar","v":"plural"},"value"]},{"$i":"minutes-until-short","$v":{"zero":"upravo","other":["za ",{"t":"idOrVar","v":"value"},"m"]},"$x":[{"t":"idOrVar","v":"plural"},"value"]},{"$i":"hours-until-short","$v":{"zero":"upravo","other":["za ",{"t":"idOrVar","v":"value"},"s"]},"$x":[{"t":"idOrVar","v":"plural"},"value"]},{"$i":"days-until-short","$v":{"zero":"danas","other":["za ",{"t":"idOrVar","v":"value"},"d"]},"$x":[{"t":"idOrVar","v":"plural"},"value"]},{"$i":"incorrectDate","$v":"(netačan datum)"},{"$i":"dateTimeFormat_%c","$v":"%a %e %b %Y %H:%M:%S"},{"$i":"dateTimeFormat_%x","$v":"%d.%m.%Y"},{"$i":"dateTimeFormat_%X","$v":"%H:%M:%S"},{"$i":"shortTimeFormat","$v":"%H:%M"},{"$i":"shortTimeFormat12","$v":"%I:%M %p"},{"$i":"shortTimeFormat24","$v":"%H:%M"},{"$i":"shortDateTimeFormat","$v":"%x %H:%M"},{"$i":"weekStartsOnMonday","$v":"1"},{"$i":"firstDayOfTheWeek","$v":"1"},{"$i":"time_am","$v":"AM"},{"$i":"time_pm","$v":"PM"}]