[{"$i":"topup-confirmation-title2","$v":"Förbrukning"},{"$i":"topup-confirmation-message","$v":"Påfyllning bekräftad"},{"$i":"topup-incorrectcode-title2","$v":"Förbrukning"},{"$i":"topup-incorrectcode-message3","$v":"Felaktig påfyllnadskod angiven."},{"$i":"updating","$v":"Uppdaterar"},{"$i":"updating-ellipsis","$v":"Uppdaterar…"},{"$i":"yesterday","$v":"Igår"},{"$i":"today","$v":"Idag"},{"$i":"never","$v":"Aldrig"},{"$i":"magnitude","$v":[{"t":"idOrVar","v":"value"}," ",{"t":"idOrVar","v":"unit"}]},{"$i":"currency","$v":[{"t":"idOrVar","v":"currency"},{"t":"idOrVar","v":"value"}]},{"$i":"widget","$v":"Förbruknings widget"},{"$i":"widget-authed-sim-heading","$v":["Nytt SIM-kort från ",{"t":"idOrVar","v":"provider"}," isatt"]},{"$i":"widget-authed-sim-meta","$v":"Peka här för att följa din telefon- och internetanvändning"},{"$i":"widget-nonauthed-sim-heading","$v":"Nytt SIM-kort isatt"},{"$i":"widget-nonauthed-sim-meta","$v":"Peka här för att följa din internetanvändning."},{"$i":"widget-airplane-mode-heading","$v":"Flygplansläge "},{"$i":"widget-airplane-mode-meta","$v":"Stäng av flygplansläge för att aktivera Förbrukning."},{"$i":"widget-no-sim2-heading","$v":"Inget SIM-kort isatt."},{"$i":"widget-no-sim2-meta","$v":"Sätt i SIM för att aktivera appen Förbrukning"},{"$i":"widget-sim-locked-heading","$v":"Låst SIM-kort"},{"$i":"widget-sim-locked-meta","$v":"Lås upp SIM för att aktivera appen Förbrukning"},{"$i":"widget-unknown-heading","$v":"Fel"},{"$i":"widget-unknown-meta","$v":"Se till att flygplansläget är avstängt."},{"$i":"fte","$v":"Förbrukning: första gången erfarenhet"},{"$i":"fte-authed-sim","$v":"Spara pengar genom att hålla koll på telefon- och internetanvändning."},{"$i":"fte-nonauthed-sim","$v":"Spara pengar genom att hålla koll på din internetanvändning."},{"$i":"fte-no-sim","$v":"Få tydlig information om hur mycket internet du använder."},{"$i":"fte-sim-info2","$v":"Information som visas i Förbrukning kommer direkt från enheten. Kontrollera med din mobiloperatör för detaljerad kontoinformation."},{"$i":"fte-plantype-title","$v":"Typ av avtal"},{"$i":"fte-plantype-hint","$v":"Välj den typ av avtal du har med din mobiloperatör."},{"$i":"fte-prepaid2-title","$v":"Varning lågt saldo"},{"$i":"fte-prepaid2-hint","$v":"Ställ in en varning för att undvika att få slut på pengar."},{"$i":"fte-prepaid3-title","$v":"Datarapport och varning"},{"$i":"fte-prepaid3-hint","$v":"Ta emot rapporter om din internetanvändning och ställ in en varning för att undvika hög dataförbrukning."},{"$i":"fte-postpaid2-title","$v":"Samtal och datarapport"},{"$i":"fte-postpaid2-hint","$v":"Ta emot rapporter om telefon- och internetanvändning."},{"$i":"fte-postpaid3-title","$v":"Varning data"},{"$i":"fte-postpaid3-hint","$v":"Ställ in en varning för att undvika hög dataförbrukning."},{"$i":"fte-onlydata2-title","$v":"Datarapport"},{"$i":"fte-onlydata2-hint","$v":"Ta emot rapporter om din internetanvändning."},{"$i":"fte-onlydata3-title","$v":"Varning data"},{"$i":"fte-onlydata3-hint","$v":"Ställ in en varning för att undvika hög dataförbrukning."},{"$i":"phone-activity","$v":"Telefonaktivitet"},{"$i":"balance","$v":"Saldo"},{"$i":"on-roaming-message2","$v":"Roaming: ingen automatisk saldouppdatering. Du kan debiteras för att uppdatera manuellt."},{"$i":"balance-error-message2","$v":"Saldo uppdaterades inte korrekt. Prova att uppdatera manuellt."},{"$i":"airplane-mode-error-message2","$v":"Inaktivera flygplansläge för att uppdatera ditt saldo eller fylla på."},{"$i":"disable-airplane-mode","$v":"Vill du inaktivera flygplansläge för att uppdatera eller fylla på?"},{"$i":"no-coverage-error-message2","$v":"Telefonen behöver täckning för att uppdatera ditt saldo eller fylla på."},{"$i":"top-up","$v":"Påfyllning"},{"$i":"enter-top-up-code","$v":"Ange påfyllnadskoden"},{"$i":"top-up-code-explanation2","$v":"Hitta den på värdebeviset eller direkt i kvittot."},{"$i":"wait-for-confirmation","$v":"Du får ett bekräftelsemeddelande"},{"$i":"incorrect-code2","$v":"Kontrollera att koden är korrekt och försök igen."},{"$i":"topup-error2","$v":"Det gick inte att skicka koden. Vänligen, försök igen."},{"$i":"application-error-title","$v":"Tjänsten otillgänglig"},{"$i":"application-error-message","$v":"Kontakta din företagsrepresentant"},{"$i":"service-unavailable-title","$v":"Tjänsten otillgänglig"},{"$i":"service-unavailable-message","$v":"Varken uppdatering eller påfyllning är möjlig för tillfället. Försök igen senare."},{"$i":"data-usage","$v":"Dataanvändning"},{"$i":"update-button","$v":"Uppdatera"},{"$i":"topup-button2","$v":"Använd påfyllnadskod"},{"$i":"topup-ussd-button2","$v":"Öppna meny för påfyllning"},{"$i":"ok","$v":"OK"},{"$i":"top-up-in-progress2","$v":"Din påfyllning behandlas."},{"$i":"top-up-timed-out2","$v":"Uppdatera ditt saldo för att bekräfta. Om saldot är oförändrat, försök fylla på igen."},{"$i":"on-topup-not-confirmed-title","$v":"Påfyllning inte bekräftad"},{"$i":"on-topup-not-confirmed-message","$v":"Prova att uppdatera ditt saldo eller försök med påfyllning."},{"$i":"send","$v":"skicka"},{"$i":"plantype-setup-title","$v":"Min telefon och internetbetalning är"},{"$i":"prepaid","$v":"Kontantkort"},{"$i":"postpaid","$v":"Abonnemang"},{"$i":"phoneactivity","$v":"Telefonaktivitet"},{"$i":"short-date-format","$v":"%d, %b"},{"$i":"long-date-format","$v":"%d %B %Y"},{"$i":"sms-sent","$v":"SMS skickade"},{"$i":"call-made","$v":"Samtal ringda"},{"$i":"settings","$v":"Inställningar"},{"$i":"low-balance-alert","$v":"Varning lågt saldo"},{"$i":"low-balance-explanation2","$v":"När saldo är under"},{"$i":"phone-and-internet-data-report","$v":"Datarapport telefon och internet"},{"$i":"internet-data-report","$v":"Datarapport internet"},{"$i":"starting-on","$v":"Börjar den"},{"$i":"cancel","$v":"Avbryt"},{"$i":"monthly","$v":"Månadsvis"},{"$i":"weekly","$v":"Veckovis"},{"$i":"monday","$v":"Måndag"},{"$i":"tuesday","$v":"Tisdag"},{"$i":"wednesday","$v":"Onsdag"},{"$i":"thursday","$v":"Torsdag"},{"$i":"friday","$v":"Fredag"},{"$i":"saturday","$v":"Lördag"},{"$i":"sunday","$v":"Söndag"},{"$i":"billing-cycle-ends","$v":"Faktureringsperiod slutar"},{"$i":"tracking-will-reset","$v":"Spårning återställs denna dag"},{"$i":"yes","$v":"Ja"},{"$i":"done","$v":"Klar"},{"$i":"confirmation","$v":"Bekräftelse"},{"$i":"reset-wifi-confirmation-warning","$v":["Din aktuella Wi-Fi dataanvändning är ",{"t":"idOrVar","v":"wifiData"},". Rensa allt?"]},{"$i":"reset-mobile-confirmation-warning","$v":["Din aktuella mobila dataanvändning är ",{"t":"idOrVar","v":"mobileData"},". Rensa allt?"]},{"$i":"reset-all-confirmation-warning","$v":["Din aktuella dataanvändning är ",{"t":"idOrVar","v":"mobileData"}," för mobilen och ",{"t":"idOrVar","v":"wifiData"}," för Wi-Fi. Rensa allt?"]},{"$i":"reset-telephony-confirmation-warning","$v":"All aktuell data raderas. Är du säker på att du vill återställa?"},{"$i":"reset","$v":"Återställ"},{"$i":"reset-wifi","$v":"Återställ Wi-Fi"},{"$i":"reset-mobile","$v":"Återställ mobil"},{"$i":"reset-all","$v":"Återställ mobil & Wi-Fi data"},{"$i":"not-set","$v":"Inte satt"},{"$i":"used","$v":"Använt"},{"$i":"limit-passed","$v":"Gräns passerad"},{"$i":"limit","$v":"Gräns"},{"$i":"data-limit-header","$v":"Gräns dataanvändning"},{"$i":"data-limit-alert","$v":"Varning dataanvändning"},{"$i":"data-limit-value2","$v":"När använd data är över"},{"$i":"data-limit-dialog-title2","$v":"Ange en varningsnivå för mobil data"},{"$i":"data-limit-dialog-explanation2","$v":"Uppkopplingshastigheter minskar när gränsen är nådd. Kontrollera med din dataleverantör för att fastställa en lämplig varningsnivå."},{"$i":"data-limit-input-label","ariaLabel":"Datagräns"},{"$i":"wifi-usage","$v":"Wi-Fi förbrukning"},{"$i":"mobile-usage","$v":"Mobil förbrukning"},{"$i":"wifi-usage-settings","$v":"Wi-Fi förbrukning"},{"$i":"mobile-usage-settings","$v":"Mobil förbrukning"},{"$i":"im-prepaid","$v":"Jag har kontantkort"},{"$i":"im-postpaid","$v":"Jag har abonnemang"},{"$i":"reset-data-usage","$v":"Återställ dataanvändning"},{"$i":"reset-report","$v":"Återställ rapport"},{"$i":"next","$v":"Nästa"},{"$i":"back","$v":"Tillbaka"},{"$i":"lets-go","$v":"Låt oss börja!"},{"$i":"alert","$v":"Varning"},{"$i":"alert-limit","$v":"Varningsnivå"},{"$i":"fte-welcome-title","$v":"Välkommen"},{"$i":"data-limit-notification-title2","$v":[{"t":"idOrVar","v":"limit"}," av data som använts"]},{"$i":"data-limit-notification-text2","$v":"Du har nått den gräns du valde"},{"$i":"low-balance-notification-title","$v":"Lågt saldo"},{"$i":"low-balance-notification-text","$v":[{"t":"idOrVar","v":"remaining"}," återstående kredit"]},{"$i":"zero-balance-message","$v":"Saldot har nått noll, ingen kredit kvar."},{"$i":"not-available","$v":"Ej tillgänglig"},{"$i":"usage","$v":"Förbrukning"},{"$i":"internet","$v":"Internet"},{"$i":"phone","$v":"Telefon"},{"$i":"loading-interface-data","$v":"Laddar gränssnittsdata. Försök igen om en stund."},{"$i":"data-limit","$v":["Datagräns (",{"t":"idOrVar","v":"value"},")"]},{"$i":"data-available2","$v":{"zero":[{"t":"idOrVar","v":"value"}," ",{"t":"idOrVar","v":"unit"}," tillgängligt"],"one":[{"t":"idOrVar","v":"value"}," ",{"t":"idOrVar","v":"unit"}," tillgängligt"],"two":[{"t":"idOrVar","v":"value"}," ",{"t":"idOrVar","v":"unit"}," tillgängligt"],"few":[{"t":"idOrVar","v":"value"}," ",{"t":"idOrVar","v":"unit"}," tillgängligt"],"many":[{"t":"idOrVar","v":"value"}," ",{"t":"idOrVar","v":"unit"}," tillgängligt"],"other":[{"t":"idOrVar","v":"value"}," ",{"t":"idOrVar","v":"unit"}," tillgängligt"]},"$x":[{"t":"idOrVar","v":"plural"},"value"]},{"$i":"over-limit","$v":{"one":[{"t":"idOrVar","v":"value"}," ",{"t":"idOrVar","v":"unit"}," över gräns"],"two":[{"t":"idOrVar","v":"value"}," ",{"t":"idOrVar","v":"unit"}," över gräns"],"few":[{"t":"idOrVar","v":"value"}," ",{"t":"idOrVar","v":"unit"}," över gräns"],"many":[{"t":"idOrVar","v":"value"}," ",{"t":"idOrVar","v":"unit"}," över gräns"],"other":[{"t":"idOrVar","v":"value"}," ",{"t":"idOrVar","v":"unit"}," över gräns"]},"$x":[{"t":"idOrVar","v":"plural"},"value"]},{"$i":"verbose-chart-date-format","$v":[{"t":"idOrVar","v":"em-month"}," ",{"t":"idOrVar","v":"monthday-number"}]},{"$i":"day-hour-format","$v":[{"t":"idOrVar","v":"day"},", ",{"t":"idOrVar","v":"time"}]},{"$i":"B","$v":"B"},{"$i":"KB","$v":"kB"},{"$i":"MB","$v":"MB"},{"$i":"GB","$v":"GB"},{"$i":"unit-MB","ariaLabel":"MB"},{"$i":"unit-GB","ariaLabel":"GB"},{"$i":"app-usage-list-header","$v":"Mobil användning per app"},{"$i":"app-usage-no-data","$v":"Du har inte använt någon mobil data än. Förbrukning för varje applikation kommer att visas här om du gör det."},{"$i":"data-used-since","$v":[{"t":"idOrVar","v":"amount"}," data har använts sedan ",{"t":"idOrVar","v":"start-date"}]},{"$i":"data-used-this-week","$v":[{"t":"idOrVar","v":"amount"}," data har använts denna vecka"]},{"$i":"data-used-this-month","$v":[{"t":"idOrVar","v":"amount"}," data har använts denna månad"]},{"$i":"data-usage-other-apps","$v":"Övriga"},{"$i":"data-usage-browser-app","$v":"Browser"},{"$i":"limit-layer-MB","ariaLabel":["Limit of ",{"t":"idOrVar","v":"value"}," MB"]},{"$i":"limit-layer-GB","ariaLabel":["Limit of ",{"t":"idOrVar","v":"value"}," GB"]},{"$i":"warning-layer","ariaLabel":[{"t":"idOrVar","v":"value"}," left"]},{"$i":"limit-exceeded-layer","ariaLabel":["Exceeded by ",{"t":"idOrVar","v":"value"}]},{"$i":"today-layer","ariaLabel":["Today is ",{"t":"idOrVar","v":"today"}]},{"$i":"axis-layer","ariaLabel":["From ",{"t":"idOrVar","v":"from"}," to ",{"t":"idOrVar","v":"to"}]},{"$i":"weekday-0-long","$v":"Söndag"},{"$i":"weekday-1-long","$v":"Måndag"},{"$i":"weekday-2-long","$v":"Tisdag"},{"$i":"weekday-3-long","$v":"Onsdag"},{"$i":"weekday-4-long","$v":"Torsdag"},{"$i":"weekday-5-long","$v":"Fredag"},{"$i":"weekday-6-long","$v":"Lördag"},{"$i":"weekday-0-short","$v":"Sön"},{"$i":"weekday-1-short","$v":"Mån"},{"$i":"weekday-2-short","$v":"Tis"},{"$i":"weekday-3-short","$v":"Ons"},{"$i":"weekday-4-short","$v":"Tor"},{"$i":"weekday-5-short","$v":"Fre"},{"$i":"weekday-6-short","$v":"Lör"},{"$i":"month-0-long","$v":"Januari"},{"$i":"month-1-long","$v":"Februari"},{"$i":"month-2-long","$v":"Mars"},{"$i":"month-3-long","$v":"April"},{"$i":"month-4-long","$v":"Maj"},{"$i":"month-5-long","$v":"Juni"},{"$i":"month-6-long","$v":"Juli"},{"$i":"month-7-long","$v":"Augusti"},{"$i":"month-8-long","$v":"September"},{"$i":"month-9-long","$v":"Oktober"},{"$i":"month-10-long","$v":"November"},{"$i":"month-11-long","$v":"December"},{"$i":"month-0-genitive","$v":"Januari"},{"$i":"month-1-genitive","$v":"Februari"},{"$i":"month-2-genitive","$v":"Mars"},{"$i":"month-3-genitive","$v":"April"},{"$i":"month-4-genitive","$v":"Maj"},{"$i":"month-5-genitive","$v":"Juni"},{"$i":"month-6-genitive","$v":"Juli"},{"$i":"month-7-genitive","$v":"Augusti"},{"$i":"month-8-genitive","$v":"September"},{"$i":"month-9-genitive","$v":"Oktober"},{"$i":"month-10-genitive","$v":"November"},{"$i":"month-11-genitive","$v":"December"},{"$i":"month-0-short","$v":"Jan"},{"$i":"month-1-short","$v":"Feb"},{"$i":"month-2-short","$v":"Mar"},{"$i":"month-3-short","$v":"Apr"},{"$i":"month-4-short","$v":"Maj"},{"$i":"month-5-short","$v":"Jun"},{"$i":"month-6-short","$v":"Jul"},{"$i":"month-7-short","$v":"Aug"},{"$i":"month-8-short","$v":"Sep"},{"$i":"month-9-short","$v":"Okt"},{"$i":"month-10-short","$v":"Nov"},{"$i":"month-11-short","$v":"Dec"},{"$i":"minutes-ago-long","$v":{"zero":"nyss","one":"en minut sen","two":[{"t":"idOrVar","v":"value"}," minuter sen"],"few":[{"t":"idOrVar","v":"value"}," minuter sen"],"many":[{"t":"idOrVar","v":"value"}," minuter sen"],"other":[{"t":"idOrVar","v":"value"}," minuter sen"]},"$x":[{"t":"idOrVar","v":"plural"},"value"]},{"$i":"hours-ago-long","$v":{"zero":"nyss","one":"en timme sen","two":[{"t":"idOrVar","v":"value"}," timmar sen"],"few":[{"t":"idOrVar","v":"value"}," timmar sen"],"many":[{"t":"idOrVar","v":"value"}," timmar sen"],"other":[{"t":"idOrVar","v":"value"}," timmar sen"]},"$x":[{"t":"idOrVar","v":"plural"},"value"]},{"$i":"days-ago-long","$v":{"zero":"idag","one":"igår","two":[{"t":"idOrVar","v":"value"}," dagar sen"],"few":[{"t":"idOrVar","v":"value"}," dagar sen"],"many":[{"t":"idOrVar","v":"value"}," dagar sen"],"other":[{"t":"idOrVar","v":"value"}," dagar sen"]},"$x":[{"t":"idOrVar","v":"plural"},"value"]},{"$i":"weeks-ago-long","$v":{"zero":"denna vecka","one":"förra veckan","two":[{"t":"idOrVar","v":"value"}," veckor sen"],"few":[{"t":"idOrVar","v":"value"}," veckor sen"],"many":[{"t":"idOrVar","v":"value"}," veckor sen"],"other":[{"t":"idOrVar","v":"value"}," veckor sen"]},"$x":[{"t":"idOrVar","v":"plural"},"value"]},{"$i":"months-ago-long","$v":{"zero":"denna månad","one":"förra månaden","two":[{"t":"idOrVar","v":"value"}," månader sen"],"few":[{"t":"idOrVar","v":"value"}," månader sen"],"many":[{"t":"idOrVar","v":"value"}," månader sen"],"other":[{"t":"idOrVar","v":"value"}," månader sen"]},"$x":[{"t":"idOrVar","v":"plural"},"value"]},{"$i":"years-ago-long","$v":{"zero":"detta år","one":"förra året","two":[{"t":"idOrVar","v":"value"}," år sen"],"few":[{"t":"idOrVar","v":"value"}," år sen"],"many":[{"t":"idOrVar","v":"value"}," år sen"],"other":[{"t":"idOrVar","v":"value"}," år sen"]},"$x":[{"t":"idOrVar","v":"plural"},"value"]},{"$i":"minutes-until-long","$v":{"zero":"nu","one":"om en minut","two":["om ",{"t":"idOrVar","v":"value"}," minuter"],"few":["om ",{"t":"idOrVar","v":"value"}," minuter"],"many":["om ",{"t":"idOrVar","v":"value"}," minuter"],"other":["om ",{"t":"idOrVar","v":"value"}," minuter"]},"$x":[{"t":"idOrVar","v":"plural"},"value"]},{"$i":"hours-until-long","$v":{"zero":"nu","one":"om en timme","two":["om ",{"t":"idOrVar","v":"value"}," timmar"],"few":["om ",{"t":"idOrVar","v":"value"}," timmar"],"many":["om ",{"t":"idOrVar","v":"value"}," timmar"],"other":["om ",{"t":"idOrVar","v":"value"}," timmar"]},"$x":[{"t":"idOrVar","v":"plural"},"value"]},{"$i":"days-until-long","$v":{"zero":"idag","one":"imorgon","two":["om ",{"t":"idOrVar","v":"value"}," dagar"],"few":["om ",{"t":"idOrVar","v":"value"}," dagar"],"many":["om ",{"t":"idOrVar","v":"value"}," dagar"],"other":["om ",{"t":"idOrVar","v":"value"}," dagar"]},"$x":[{"t":"idOrVar","v":"plural"},"value"]},{"$i":"weeks-until-long","$v":{"zero":"denna vecka","one":"nästa vecka","two":["om ",{"t":"idOrVar","v":"value"}," veckor"],"few":["om ",{"t":"idOrVar","v":"value"}," veckor"],"many":["om ",{"t":"idOrVar","v":"value"}," veckor"],"other":["om ",{"t":"idOrVar","v":"value"}," veckor"]},"$x":[{"t":"idOrVar","v":"plural"},"value"]},{"$i":"months-until-long","$v":{"zero":"denna månad","one":"nästa månad","two":["om ",{"t":"idOrVar","v":"value"}," månader"],"few":["om ",{"t":"idOrVar","v":"value"}," månader"],"many":["om ",{"t":"idOrVar","v":"value"}," månader"],"other":["om ",{"t":"idOrVar","v":"value"}," månader"]},"$x":[{"t":"idOrVar","v":"plural"},"value"]},{"$i":"years-until-long","$v":{"zero":"detta år","one":"nästa år","two":["om ",{"t":"idOrVar","v":"value"}," år"],"few":["om ",{"t":"idOrVar","v":"value"}," år"],"many":["om ",{"t":"idOrVar","v":"value"}," år"],"other":["om ",{"t":"idOrVar","v":"value"}," år"]},"$x":[{"t":"idOrVar","v":"plural"},"value"]},{"$i":"minutes-ago-short","$v":{"zero":"nyss","other":[{"t":"idOrVar","v":"value"}," min sen"]},"$x":[{"t":"idOrVar","v":"plural"},"value"]},{"$i":"hours-ago-short","$v":{"zero":"nyss","other":[{"t":"idOrVar","v":"value"}," tim. sen"]},"$x":[{"t":"idOrVar","v":"plural"},"value"]},{"$i":"days-ago-short","$v":{"zero":"idag","other":[{"t":"idOrVar","v":"value"}," dygn sen"]},"$x":[{"t":"idOrVar","v":"plural"},"value"]},{"$i":"minutes-until-short","$v":{"zero":"nu","other":["om ",{"t":"idOrVar","v":"value"}," min"]},"$x":[{"t":"idOrVar","v":"plural"},"value"]},{"$i":"hours-until-short","$v":{"zero":"nu","other":["om ",{"t":"idOrVar","v":"value"}," tim."]},"$x":[{"t":"idOrVar","v":"plural"},"value"]},{"$i":"days-until-short","$v":{"zero":"idag","other":["om ",{"t":"idOrVar","v":"value"}," dygn"]},"$x":[{"t":"idOrVar","v":"plural"},"value"]},{"$i":"incorrectDate","$v":"(felaktigt datum)"},{"$i":"dateTimeFormat_%c","$v":"%a %e %b %Y %H:%M:%S"},{"$i":"dateTimeFormat_%x","$v":"%d/%m/%Y"},{"$i":"dateTimeFormat_%X","$v":"%H:%M:%S"},{"$i":"shortTimeFormat","$v":"%H:%M"},{"$i":"shortTimeFormat12","$v":"%I:%M %p"},{"$i":"shortTimeFormat24","$v":"%H:%M"},{"$i":"shortDateTimeFormat","$v":"%x %H:%M"},{"$i":"weekStartsOnMonday","$v":"1"},{"$i":"firstDayOfTheWeek","$v":"1"},{"$i":"time_am","$v":"AM"},{"$i":"time_pm","$v":"PM"}]