[{"$i":"topup-confirmation-title2","$v":"Kullanım"},{"$i":"topup-confirmation-message","$v":"Kontör yükleme onaylandı"},{"$i":"topup-incorrectcode-title2","$v":"Kullanım"},{"$i":"topup-incorrectcode-message3","$v":"Yanlış kontör kodu girildi."},{"$i":"updating","$v":"Güncelliyor"},{"$i":"updating-ellipsis","$v":"Güncelleniyor..."},{"$i":"yesterday","$v":"Dün"},{"$i":"today","$v":"Bugün"},{"$i":"never","$v":"Hiçbir zaman"},{"$i":"magnitude","$v":[{"t":"idOrVar","v":"value"}," ",{"t":"idOrVar","v":"unit"}]},{"$i":"currency","$v":[{"t":"idOrVar","v":"currency"}," ",{"t":"idOrVar","v":"value"}]},{"$i":"widget","$v":"Kullanım Aracı"},{"$i":"widget-authed-sim-heading","$v":["Yeni ",{"t":"idOrVar","v":"provider"}," SIM'i takıldı"]},{"$i":"widget-authed-sim-meta","$v":"Telefon ve internet kullanımınızı izlemek için dokunun."},{"$i":"widget-nonauthed-sim-heading","$v":"Yeni SIM takıldı"},{"$i":"widget-nonauthed-sim-meta","$v":"İnternet kullanımını izlemek için dokunun."},{"$i":"widget-airplane-mode-heading","$v":"Uçak modu"},{"$i":"widget-airplane-mode-meta","$v":"Kullanım'ı etkinleştirmek için uçak modunu kapatın."},{"$i":"widget-no-sim2-heading","$v":"SIM takılı değil"},{"$i":"widget-no-sim2-meta","$v":"Kullanım'ı etkinleştirmek için bir SIM takın."},{"$i":"widget-sim-locked-heading","$v":"Kilitli SIM kart"},{"$i":"widget-sim-locked-meta","$v":"Kullanım'ı etkinleştirmek için kilidi açın."},{"$i":"widget-unknown-heading","$v":"Hata"},{"$i":"widget-unknown-meta","$v":"Lütfen uçak modunu kapattığınızdan emin olun."},{"$i":"fte","$v":"Kullanım İlk Deneyimi"},{"$i":"fte-authed-sim","$v":"Telefon ve internet kullanımınızı izleyerek para tasarrufu yapın."},{"$i":"fte-nonauthed-sim","$v":"İnternet kullanımınızı izleyerek para tasarrufu yapın."},{"$i":"fte-no-sim","$v":"Ne kadar internet kullandığınız hakkında net bilgi alın."},{"$i":"fte-sim-info2","$v":"Kullanım'da görünen bilgiler doğrudan bu aygıttan alınır. Daha ayrıntılı hesap bilgileriniz için mobil servis sağlayıcınıza başvurun."},{"$i":"fte-plantype-title","$v":"Sözleşme Türü"},{"$i":"fte-plantype-hint","$v":"Mobil servis sağlayıcınızla aranızdaki sözleşme türünü seçin."},{"$i":"fte-prepaid2-title","$v":"Düşük Bakiye Uyarısı"},{"$i":"fte-prepaid2-hint","$v":"Bakiyesiz kalmamak için bir uyarı ayarlayın."},{"$i":"fte-prepaid3-title","$v":"Veri Raporu ve Uyarısı"},{"$i":"fte-prepaid3-hint","$v":"İnternet kullanımınız hakkında raporlar alın ve aşırı kullanımı engelleyin."},{"$i":"fte-postpaid2-title","$v":"Telefon ve Veri Raporu"},{"$i":"fte-postpaid2-hint","$v":"Telefon ve internet kullanımınız hakkında raporlar alın."},{"$i":"fte-postpaid3-title","$v":"Veri Uyarısı"},{"$i":"fte-postpaid3-hint","$v":"Aşırı veri kullanımını engellemek için bir uyarı ayarlayın."},{"$i":"fte-onlydata2-title","$v":"Veri Raporu"},{"$i":"fte-onlydata2-hint","$v":"İnternet kullanımınız hakkında raporlar alın."},{"$i":"fte-onlydata3-title","$v":"Veri Uyarısı"},{"$i":"fte-onlydata3-hint","$v":"Aşırı veri kullanımını engellemek için bir uyarı ayarlayın."},{"$i":"phone-activity","$v":"Telefon Etkinliği"},{"$i":"balance","$v":"Bakiye"},{"$i":"on-roaming-message2","$v":"Dolaşım: Bakiye otomatik güncellenmez. Elle güncelleme için ücret ödemeniz gerekebilir."},{"$i":"balance-error-message2","$v":"Bakiye doğru şekilde güncellenemedi. Elle güncellemeyi deneyin."},{"$i":"airplane-mode-error-message2","$v":"Bakiyenizi güncellemek veya kontör yüklemek için uçak modunu kapatın."},{"$i":"disable-airplane-mode","$v":"Güncellemek veya kontör yüklemek için Uçak modunu devre dışı bırakmak ister misiniz?"},{"$i":"no-coverage-error-message2","$v":"Bakiyenizi güncellemek veya kontör yüklemek için telefonunuz kapsama alanı içinde olmalıdır."},{"$i":"top-up","$v":"Kontör yükle"},{"$i":"enter-top-up-code","$v":"Yükleme kodunu girin"},{"$i":"top-up-code-explanation2","$v":"Genellikle kazınabilir bir kartta veya fişinizin üzerinde bulunur."},{"$i":"wait-for-confirmation","$v":"Bir onay mesajı alacaksınız"},{"$i":"incorrect-code2","$v":"Kodun doğru olduğundan emin olun ve tekrar deneyin."},{"$i":"topup-error2","$v":"Kodu gönderirken bir hata oluştu. Lütfen tekrar deneyin."},{"$i":"application-error-title","$v":"Hizmet kullanılamıyor"},{"$i":"application-error-message","$v":"Müşteri temsilcinizle iletişim kurun"},{"$i":"service-unavailable-title","$v":"Hizmet kullanılamıyor"},{"$i":"service-unavailable-message","$v":"Güncelleme ve kontör yükleme şu anda kullanılamıyor. Lütfen daha sonra tekrar deneyin."},{"$i":"data-usage","$v":"Veri kullanımı"},{"$i":"update-button","$v":"Güncelle"},{"$i":"topup-button2","$v":"Kontör kodu kullan"},{"$i":"topup-ussd-button2","$v":"Kontör yükleme menüsünü aç"},{"$i":"ok","$v":"Tamam"},{"$i":"top-up-in-progress2","$v":"Kontör yüklemeniz işleniyor."},{"$i":"top-up-timed-out2","$v":"Doğrulamak için bakiyenizi güncelleyin. Bakiye değişmemişse yeniden yüklemeyi deneyin."},{"$i":"on-topup-not-confirmed-title","$v":"Kontör yükleme onaylanmadı"},{"$i":"on-topup-not-confirmed-message","$v":"Bakiyenizi güncelleyin veya kontör yüklemeyi tekrar deneyin."},{"$i":"send","$v":"gönder"},{"$i":"plantype-setup-title","$v":"Telefon ve internet paketim"},{"$i":"prepaid","$v":"Ön ödemeli"},{"$i":"postpaid","$v":"Faturalı"},{"$i":"phoneactivity","$v":"Telefon etkinliği"},{"$i":"short-date-format","$v":"%d %b"},{"$i":"long-date-format","$v":"%d %B %Y"},{"$i":"sms-sent","$v":"Gönderilen SMS'ler"},{"$i":"call-made","$v":"Yapılan aramalar"},{"$i":"settings","$v":"Ayarlar"},{"$i":"low-balance-alert","$v":"Düşük bakiye uyarısı"},{"$i":"low-balance-explanation2","$v":"Bakiye alt limiti"},{"$i":"phone-and-internet-data-report","$v":"Telefon ve internet verisi raporu"},{"$i":"internet-data-report","$v":"İnternet veri raporu"},{"$i":"starting-on","$v":"Başlangıç"},{"$i":"cancel","$v":"İptal"},{"$i":"monthly","$v":"Her ay"},{"$i":"weekly","$v":"Her hafta"},{"$i":"monday","$v":"Pazartesi"},{"$i":"tuesday","$v":"Salı"},{"$i":"wednesday","$v":"Çarşamba"},{"$i":"thursday","$v":"Perşembe"},{"$i":"friday","$v":"Cuma"},{"$i":"saturday","$v":"Cumartesi"},{"$i":"sunday","$v":"Pazar"},{"$i":"billing-cycle-ends","$v":"Fatura dönemi bitişi"},{"$i":"tracking-will-reset","$v":"İzleme bu tarihte sıfırlanacaktır"},{"$i":"yes","$v":"Evet"},{"$i":"done","$v":"Bitti"},{"$i":"confirmation","$v":"Onay"},{"$i":"reset-wifi-confirmation-warning","$v":["Your current Wi-Fi data usage is ",{"t":"idOrVar","v":"wifiData"},". Clear it all?"]},{"$i":"reset-mobile-confirmation-warning","$v":["Your current mobile data usage is ",{"t":"idOrVar","v":"mobileData"},". Clear it all?"]},{"$i":"reset-all-confirmation-warning","$v":["Your current data usages are ",{"t":"idOrVar","v":"mobileData"}," on mobile, ",{"t":"idOrVar","v":"wifiData"}," on Wi-Fi. Clear it all?"]},{"$i":"reset-telephony-confirmation-warning","$v":"All current data will be deleted. Are you sure you want to reset?"},{"$i":"reset","$v":"Sıfırla"},{"$i":"reset-wifi","$v":"Wi-Fi kullanımını sıfırla"},{"$i":"reset-mobile","$v":"Mobil kullanımı sıfırla"},{"$i":"reset-all","$v":"Reset mobile & Wi-Fi data"},{"$i":"not-set","$v":"Ayarlanmadı"},{"$i":"used","$v":"Kullanılan"},{"$i":"limit-passed","$v":"Aşılan sınır"},{"$i":"limit","$v":"Sınır"},{"$i":"data-limit-header","$v":"Veri kullanım sınırı"},{"$i":"data-limit-alert","$v":"Veri kullanım uyarısı"},{"$i":"data-limit-value2","$v":"Kullanım üst limiti"},{"$i":"data-limit-dialog-title2","$v":"Bir mobil veri sınırı girin"},{"$i":"data-limit-dialog-explanation2","$v":"Sınır aşıldığında bağlantı hızları düşer. Uygun bir uyarı seviyesi ayarlamak için servis sağlayıcınızdan bilgi alın."},{"$i":"data-limit-input-label","ariaLabel":"Data limit"},{"$i":"wifi-usage","$v":"Wi-Fi kullanımı"},{"$i":"mobile-usage","$v":"Mobil kullanımı"},{"$i":"wifi-usage-settings","$v":"Wi-Fi kullanımı"},{"$i":"mobile-usage-settings","$v":"Mobil kullanımı"},{"$i":"im-prepaid","$v":"Ön ödemeliyim"},{"$i":"im-postpaid","$v":"Faturalıyım"},{"$i":"reset-data-usage","$v":"Veri kullanımını sıfırla"},{"$i":"reset-report","$v":"Raporu sıfırla"},{"$i":"next","$v":"İleri"},{"$i":"back","$v":"Geri"},{"$i":"lets-go","$v":"Başlayalım!"},{"$i":"alert","$v":"Uyarı"},{"$i":"alert-limit","$v":"Uyarı Sınırı"},{"$i":"fte-welcome-title","$v":"Hoş geldiniz"},{"$i":"data-limit-notification-title2","$v":[{"t":"idOrVar","v":"limit"}," veri kullanıldı"]},{"$i":"data-limit-notification-text2","$v":"Belirlediğiniz limiti aştınız"},{"$i":"low-balance-notification-title","$v":"Düşük bakiye"},{"$i":"low-balance-notification-text","$v":[{"t":"idOrVar","v":"remaining"}," telefon kredisi kaldı"]},{"$i":"zero-balance-message","$v":"Bakiye sıfıra düştü, hiç telefon kredisi kalmadı."},{"$i":"not-available","$v":"Kullanılamaz"},{"$i":"usage","$v":"Kullanım"},{"$i":"internet","$v":"İnternet"},{"$i":"phone","$v":"Telefon"},{"$i":"loading-interface-data","$v":"Arayüz verileri yükleniyor. Lütfen birazdan tekrar deneyin."},{"$i":"data-limit","$v":["Veri sınırı (",{"t":"idOrVar","v":"value"},")"]},{"$i":"data-available2","$v":{"zero":[{"t":"idOrVar","v":"value"}," ",{"t":"idOrVar","v":"unit"}," kaldı"],"one":[{"t":"idOrVar","v":"value"}," ",{"t":"idOrVar","v":"unit"}," kaldı"],"two":[{"t":"idOrVar","v":"value"}," ",{"t":"idOrVar","v":"unit"}," kaldı"],"few":[{"t":"idOrVar","v":"value"}," ",{"t":"idOrVar","v":"unit"}," kaldı"],"many":[{"t":"idOrVar","v":"value"}," ",{"t":"idOrVar","v":"unit"}," kaldı"],"other":[{"t":"idOrVar","v":"value"}," ",{"t":"idOrVar","v":"unit"}," kaldı"]},"$x":[{"t":"idOrVar","v":"plural"},"value"]},{"$i":"over-limit","$v":{"one":["Sınır ",{"t":"idOrVar","v":"value"}," ",{"t":"idOrVar","v":"unit"}," aşıldı"],"two":["Sınır ",{"t":"idOrVar","v":"value"}," ",{"t":"idOrVar","v":"unit"}," aşıldı"],"few":["Sınır ",{"t":"idOrVar","v":"value"}," ",{"t":"idOrVar","v":"unit"}," aşıldı"],"many":["Sınır ",{"t":"idOrVar","v":"value"}," ",{"t":"idOrVar","v":"unit"}," aşıldı"],"other":["Sınır ",{"t":"idOrVar","v":"value"}," ",{"t":"idOrVar","v":"unit"}," aşıldı"]},"$x":[{"t":"idOrVar","v":"plural"},"value"]},{"$i":"verbose-chart-date-format","$v":[{"t":"idOrVar","v":"monthday-number"}," ",{"t":"idOrVar","v":"em-month"}]},{"$i":"day-hour-format","$v":[{"t":"idOrVar","v":"day"},", ",{"t":"idOrVar","v":"time"}]},{"$i":"B","$v":"B"},{"$i":"KB","$v":"KB"},{"$i":"MB","$v":"MB"},{"$i":"GB","$v":"GB"},{"$i":"unit-MB","ariaLabel":"MB"},{"$i":"unit-GB","ariaLabel":"GB"},{"$i":"app-usage-list-header","$v":"Mobile usage per app"},{"$i":"app-usage-no-data","$v":"Henüz hiç mobil veri kullanmadınız. Kullandığınızda her uygulamanın kullanımı burada görünecektir."},{"$i":"data-used-since","$v":[{"t":"idOrVar","v":"start-date"}," tarihinden beri ",{"t":"idOrVar","v":"amount"}," veri kullanıldı"]},{"$i":"data-used-this-week","$v":["Bu hafta ",{"t":"idOrVar","v":"amount"}," veri kullanıldı"]},{"$i":"data-used-this-month","$v":["Bu ay ",{"t":"idOrVar","v":"amount"}," veri kullanıldı"]},{"$i":"data-usage-other-apps","$v":"Others"},{"$i":"data-usage-browser-app","$v":"Browser"},{"$i":"limit-layer-MB","ariaLabel":["Limit of ",{"t":"idOrVar","v":"value"}," MB"]},{"$i":"limit-layer-GB","ariaLabel":["Limit of ",{"t":"idOrVar","v":"value"}," GB"]},{"$i":"warning-layer","ariaLabel":[{"t":"idOrVar","v":"value"}," left"]},{"$i":"limit-exceeded-layer","ariaLabel":["Exceeded by ",{"t":"idOrVar","v":"value"}]},{"$i":"today-layer","ariaLabel":["Today is ",{"t":"idOrVar","v":"today"}]},{"$i":"axis-layer","ariaLabel":["From ",{"t":"idOrVar","v":"from"}," to ",{"t":"idOrVar","v":"to"}]},{"$i":"weekday-0-long","$v":"Pazar"},{"$i":"weekday-1-long","$v":"Pazartesi"},{"$i":"weekday-2-long","$v":"Salı"},{"$i":"weekday-3-long","$v":"Çarşamba"},{"$i":"weekday-4-long","$v":"Perşembe"},{"$i":"weekday-5-long","$v":"Cuma"},{"$i":"weekday-6-long","$v":"Cumartesi"},{"$i":"weekday-0-short","$v":"Pzr"},{"$i":"weekday-1-short","$v":"Pzt"},{"$i":"weekday-2-short","$v":"Sal"},{"$i":"weekday-3-short","$v":"Çar"},{"$i":"weekday-4-short","$v":"Per"},{"$i":"weekday-5-short","$v":"Cum"},{"$i":"weekday-6-short","$v":"Cmt"},{"$i":"month-0-long","$v":"Ocak"},{"$i":"month-1-long","$v":"Şubat"},{"$i":"month-2-long","$v":"Mart"},{"$i":"month-3-long","$v":"Nisan"},{"$i":"month-4-long","$v":"Mayıs"},{"$i":"month-5-long","$v":"Haziran"},{"$i":"month-6-long","$v":"Temmuz"},{"$i":"month-7-long","$v":"Ağustos"},{"$i":"month-8-long","$v":"Eylül"},{"$i":"month-9-long","$v":"Ekim"},{"$i":"month-10-long","$v":"Kasım"},{"$i":"month-11-long","$v":"Aralık"},{"$i":"month-0-genitive","$v":"Ocak"},{"$i":"month-1-genitive","$v":"Şubat"},{"$i":"month-2-genitive","$v":"Mart"},{"$i":"month-3-genitive","$v":"Nisan"},{"$i":"month-4-genitive","$v":"Mayıs"},{"$i":"month-5-genitive","$v":"Haziran"},{"$i":"month-6-genitive","$v":"Temmuz"},{"$i":"month-7-genitive","$v":"Ağustos"},{"$i":"month-8-genitive","$v":"Eylül"},{"$i":"month-9-genitive","$v":"Ekim"},{"$i":"month-10-genitive","$v":"Kasım"},{"$i":"month-11-genitive","$v":"Aralık"},{"$i":"month-0-short","$v":"Oca"},{"$i":"month-1-short","$v":"Şub"},{"$i":"month-2-short","$v":"Mar"},{"$i":"month-3-short","$v":"Nis"},{"$i":"month-4-short","$v":"May"},{"$i":"month-5-short","$v":"Haz"},{"$i":"month-6-short","$v":"Tem"},{"$i":"month-7-short","$v":"Ağu"},{"$i":"month-8-short","$v":"Eyl"},{"$i":"month-9-short","$v":"Eki"},{"$i":"month-10-short","$v":"Kas"},{"$i":"month-11-short","$v":"Ara"},{"$i":"minutes-ago-long","$v":{"zero":"biraz önce","one":"bir dakika önce","two":[{"t":"idOrVar","v":"value"}," dakika önce"],"few":[{"t":"idOrVar","v":"value"}," dakika önce"],"many":[{"t":"idOrVar","v":"value"}," dakika önce"],"other":[{"t":"idOrVar","v":"value"}," dakika önce"]},"$x":[{"t":"idOrVar","v":"plural"},"value"]},{"$i":"hours-ago-long","$v":{"zero":"biraz önce","one":"bir saat önce","two":[{"t":"idOrVar","v":"value"}," saat önce"],"few":[{"t":"idOrVar","v":"value"}," saat önce"],"many":[{"t":"idOrVar","v":"value"}," saat önce"],"other":[{"t":"idOrVar","v":"value"}," saat önce"]},"$x":[{"t":"idOrVar","v":"plural"},"value"]},{"$i":"days-ago-long","$v":{"zero":"bugün","one":"dün","two":[{"t":"idOrVar","v":"value"}," gün önce"],"few":[{"t":"idOrVar","v":"value"}," gün önce"],"many":[{"t":"idOrVar","v":"value"}," gün önce"],"other":[{"t":"idOrVar","v":"value"}," gün önce"]},"$x":[{"t":"idOrVar","v":"plural"},"value"]},{"$i":"weeks-ago-long","$v":{"zero":"bu hafta","one":"geçen hafta","two":[{"t":"idOrVar","v":"value"}," hafta önce"],"few":[{"t":"idOrVar","v":"value"}," hafta önce"],"many":[{"t":"idOrVar","v":"value"}," hafta önce"],"other":[{"t":"idOrVar","v":"value"}," hafta önce"]},"$x":[{"t":"idOrVar","v":"plural"},"value"]},{"$i":"months-ago-long","$v":{"zero":"bu ay","one":"geçen ay","two":[{"t":"idOrVar","v":"value"}," ay önce"],"few":[{"t":"idOrVar","v":"value"}," ay önce"],"many":[{"t":"idOrVar","v":"value"}," ay önce"],"other":[{"t":"idOrVar","v":"value"}," ay önce"]},"$x":[{"t":"idOrVar","v":"plural"},"value"]},{"$i":"years-ago-long","$v":{"zero":"bu yıl","one":"geçen yıl","two":[{"t":"idOrVar","v":"value"}," yıl önce"],"few":[{"t":"idOrVar","v":"value"}," yıl önce"],"many":[{"t":"idOrVar","v":"value"}," yıl önce"],"other":[{"t":"idOrVar","v":"value"}," yıl önce"]},"$x":[{"t":"idOrVar","v":"plural"},"value"]},{"$i":"minutes-until-long","$v":{"zero":"şimdi","one":"bir dakika önce","two":[{"t":"idOrVar","v":"value"}," dakika içinde"],"few":[{"t":"idOrVar","v":"value"}," dakika içinde"],"many":[{"t":"idOrVar","v":"value"}," dakika içinde"],"other":[{"t":"idOrVar","v":"value"}," dakika içinde"]},"$x":[{"t":"idOrVar","v":"plural"},"value"]},{"$i":"hours-until-long","$v":{"zero":"şimdi","one":"bir saat içinde","two":[{"t":"idOrVar","v":"value"}," saat içinde"],"few":[{"t":"idOrVar","v":"value"}," saat içinde"],"many":[{"t":"idOrVar","v":"value"}," saat içinde"],"other":[{"t":"idOrVar","v":"value"}," saat içinde"]},"$x":[{"t":"idOrVar","v":"plural"},"value"]},{"$i":"days-until-long","$v":{"zero":"bugün","one":"dün","two":[{"t":"idOrVar","v":"value"}," gün içinde"],"few":[{"t":"idOrVar","v":"value"}," gün içinde"],"many":[{"t":"idOrVar","v":"value"}," gün içinde"],"other":[{"t":"idOrVar","v":"value"}," gün içinde"]},"$x":[{"t":"idOrVar","v":"plural"},"value"]},{"$i":"weeks-until-long","$v":{"zero":"bu hafta","one":"gelecek hafta","two":[{"t":"idOrVar","v":"value"}," hafta içinde"],"few":[{"t":"idOrVar","v":"value"}," hafta içinde"],"many":[{"t":"idOrVar","v":"value"}," hafta içinde"],"other":[{"t":"idOrVar","v":"value"}," hafta içinde"]},"$x":[{"t":"idOrVar","v":"plural"},"value"]},{"$i":"months-until-long","$v":{"zero":"bu ay","one":"gelecek ay","two":[{"t":"idOrVar","v":"value"}," ay içinde"],"few":[{"t":"idOrVar","v":"value"}," ay içinde"],"many":[{"t":"idOrVar","v":"value"}," ay içinde"],"other":[{"t":"idOrVar","v":"value"}," ay içinde"]},"$x":[{"t":"idOrVar","v":"plural"},"value"]},{"$i":"years-until-long","$v":{"zero":"bu yıl","one":"gelecek yıl","two":[{"t":"idOrVar","v":"value"}," yıl içinde"],"few":[{"t":"idOrVar","v":"value"}," yıl içinde"],"many":[{"t":"idOrVar","v":"value"}," yıl içinde"],"other":[{"t":"idOrVar","v":"value"}," yıl içinde"]},"$x":[{"t":"idOrVar","v":"plural"},"value"]},{"$i":"minutes-ago-short","$v":{"zero":"biraz önce","other":[{"t":"idOrVar","v":"value"}," dk önce"]},"$x":[{"t":"idOrVar","v":"plural"},"value"]},{"$i":"hours-ago-short","$v":{"zero":"biraz önce","other":[{"t":"idOrVar","v":"value"}," saat önce"]},"$x":[{"t":"idOrVar","v":"plural"},"value"]},{"$i":"days-ago-short","$v":{"zero":"bugün","other":[{"t":"idOrVar","v":"value"}," gün önce"]},"$x":[{"t":"idOrVar","v":"plural"},"value"]},{"$i":"minutes-until-short","$v":{"zero":"şimdi","other":[{"t":"idOrVar","v":"value"}," dk içinde"]},"$x":[{"t":"idOrVar","v":"plural"},"value"]},{"$i":"hours-until-short","$v":{"zero":"şimdi","other":[{"t":"idOrVar","v":"value"}," saat içinde"]},"$x":[{"t":"idOrVar","v":"plural"},"value"]},{"$i":"days-until-short","$v":{"zero":"bugün","other":[{"t":"idOrVar","v":"value"}," gün içinde"]},"$x":[{"t":"idOrVar","v":"plural"},"value"]},{"$i":"incorrectDate","$v":"(geçersiz tarih)"},{"$i":"dateTimeFormat_%c","$v":"%e %b %Y %a %H:%M:%S"},{"$i":"dateTimeFormat_%x","$v":"%d/%m/%Y"},{"$i":"dateTimeFormat_%X","$v":"%H:%M:%S"},{"$i":"shortTimeFormat","$v":"%H:%M"},{"$i":"shortTimeFormat12","$v":"%I:%M %p"},{"$i":"shortTimeFormat24","$v":"%H:%M"},{"$i":"shortDateTimeFormat","$v":"%x %H:%M"},{"$i":"weekStartsOnMonday","$v":"1"},{"$i":"firstDayOfTheWeek","$v":"0"},{"$i":"time_am","$v":"ÖÖ"},{"$i":"time_pm","$v":"ÖS"}]