[{"$i":"topup-confirmation-title2","$v":"使用情况"},{"$i":"topup-confirmation-message","$v":"充值已确认。"},{"$i":"topup-incorrectcode-title2","$v":"使用情况"},{"$i":"topup-incorrectcode-message3","$v":"输入的充值码不正确。"},{"$i":"updating","$v":"正在更新"},{"$i":"updating-ellipsis","$v":"正在更新…"},{"$i":"yesterday","$v":"昨天"},{"$i":"today","$v":"今天"},{"$i":"never","$v":"从未"},{"$i":"magnitude","$v":[{"t":"idOrVar","v":"value"}," ",{"t":"idOrVar","v":"unit"}]},{"$i":"currency","$v":[{"t":"idOrVar","v":"currency"},{"t":"idOrVar","v":"value"}]},{"$i":"widget","$v":"使用量工具"},{"$i":"widget-authed-sim-heading","$v":["插入了新的 ",{"t":"idOrVar","v":"provider"}," SIM 卡"]},{"$i":"widget-authed-sim-meta","$v":"点按以跟踪你的通话和网络使用量。"},{"$i":"widget-nonauthed-sim-heading","$v":"已插入新 SIM 卡"},{"$i":"widget-nonauthed-sim-meta","$v":"点按以跟踪你的网络使用量。"},{"$i":"widget-airplane-mode-heading","$v":"飞行模式"},{"$i":"widget-airplane-mode-meta","$v":"请关闭飞行模式以便开启使用量统计。"},{"$i":"widget-no-sim2-heading","$v":"无 SIM 卡"},{"$i":"widget-no-sim2-meta","$v":"插入一张 SIM 卡启用用量统计"},{"$i":"widget-sim-locked-heading","$v":"已锁定的 SIM 卡"},{"$i":"widget-sim-locked-meta","$v":"解锁您的 SIM 卡使其恢复。"},{"$i":"widget-unknown-heading","$v":"Error"},{"$i":"widget-unknown-meta","$v":"Please, make sure airplane mode is off."},{"$i":"fte","$v":"首次访问使用量工具"},{"$i":"fte-authed-sim","$v":"持续跟踪你的通话和网络使用量以节约支出。"},{"$i":"fte-nonauthed-sim","$v":"持续跟踪你的网络使用量以节约支出。"},{"$i":"fte-no-sim","$v":"清晰呈现你的网络流量。"},{"$i":"fte-sim-info2","$v":"使用量界面显示的信息来自这台设备自身，如果要获取账户相关的详细信息，请联系你的移动服务提供商。"},{"$i":"fte-plantype-title","$v":"联系人类别"},{"$i":"fte-plantype-hint","$v":"请选择您与移动服务提供商所签订的合约类型。"},{"$i":"fte-prepaid2-title","$v":"余额不足警告"},{"$i":"fte-prepaid2-hint","$v":"设置预警以避免额度用尽。"},{"$i":"fte-prepaid3-title","$v":"数据报告和警报"},{"$i":"fte-prepaid3-hint","$v":"收集您的互联网使用情况报告，并设置提醒，避免使用过多流量。"},{"$i":"fte-postpaid2-title","$v":"电话和数据报告"},{"$i":"fte-postpaid2-hint","$v":"收集有关您的手机和互联网的使用情况的报告。"},{"$i":"fte-postpaid3-title","$v":"数据警告"},{"$i":"fte-postpaid3-hint","$v":"设置一项警报以避免使用过多数据流量。"},{"$i":"fte-onlydata2-title","$v":"数据报告"},{"$i":"fte-onlydata2-hint","$v":"接收有关您互联网使用量的报告。"},{"$i":"fte-onlydata3-title","$v":"数据警告"},{"$i":"fte-onlydata3-hint","$v":"设置一项警报以避免使用过多数据流量。"},{"$i":"phone-activity","$v":"通话活动"},{"$i":"balance","$v":"余额"},{"$i":"on-roaming-message2","$v":"漫游时：不会自动更新余额，充值后请手动更新。"},{"$i":"balance-error-message2","$v":"余额未能正确更新，试试手动更新。"},{"$i":"airplane-mode-error-message2","$v":"关闭飞行模式以便更新余额或充值。"},{"$i":"disable-airplane-mode","$v":"是否希望停用飞行模式以更新或充值？"},{"$i":"no-coverage-error-message2","$v":"需要有手机信号覆盖才能更新余额或充值。"},{"$i":"top-up","$v":"充值"},{"$i":"enter-top-up-code","$v":"输入充值代码"},{"$i":"top-up-code-explanation2","$v":"在充值卡上或者直接在收据里可以找到他。"},{"$i":"wait-for-confirmation","$v":"您会收到一条确认短信"},{"$i":"incorrect-code2","$v":"请确认您输入的充值代码是否正确，然后再尝试一次。"},{"$i":"topup-error2","$v":"发送充值码的过程中出现了点问题。请再试一次。"},{"$i":"application-error-title","$v":"服务不可用"},{"$i":"application-error-message","$v":"联系您的公司代表。"},{"$i":"service-unavailable-title","$v":"服务不可用"},{"$i":"service-unavailable-message","$v":"现在即不能更新也不能充值。请稍后再试。"},{"$i":"data-usage","$v":"数据用量"},{"$i":"update-button","$v":"更新"},{"$i":"topup-button2","$v":"使用充值代码"},{"$i":"topup-ussd-button2","$v":"打开充值代码菜单"},{"$i":"ok","$v":"确定"},{"$i":"top-up-in-progress2","$v":"正在充值中。"},{"$i":"top-up-timed-out2","$v":"请刷新您的余额以确认。如果您的余额显示并没有改变，请尝试再次充值。"},{"$i":"on-topup-not-confirmed-title","$v":"充值未确认。"},{"$i":"on-topup-not-confirmed-message","$v":"尝试更新您的余额或者重试一次充值。"},{"$i":"send","$v":"发送"},{"$i":"plantype-setup-title","$v":"我的通话与互联网套餐是"},{"$i":"prepaid","$v":"预付费"},{"$i":"postpaid","$v":"后付费"},{"$i":"phoneactivity","$v":"通话活动"},{"$i":"short-date-format","$v":"%b %e 日"},{"$i":"long-date-format","$v":"%Y 年 %B %e 日"},{"$i":"sms-sent","$v":"发送短信"},{"$i":"call-made","$v":"已拨打的电话"},{"$i":"settings","$v":"设置"},{"$i":"low-balance-alert","$v":"余额不足警告"},{"$i":"low-balance-explanation2","$v":"当余额低于"},{"$i":"phone-and-internet-data-report","$v":"通话和互联网数据报告"},{"$i":"internet-data-report","$v":"互联网数据报告"},{"$i":"starting-on","$v":"开始"},{"$i":"cancel","$v":"取消"},{"$i":"monthly","$v":"每月"},{"$i":"weekly","$v":"每周"},{"$i":"monday","$v":"星期一"},{"$i":"tuesday","$v":"星期二"},{"$i":"wednesday","$v":"星期三"},{"$i":"thursday","$v":"星期四"},{"$i":"friday","$v":"星期五"},{"$i":"saturday","$v":"星期六"},{"$i":"sunday","$v":"星期日"},{"$i":"billing-cycle-ends","$v":"账单周期结束"},{"$i":"tracking-will-reset","$v":"跟踪将会在此日期重置"},{"$i":"yes","$v":"是"},{"$i":"done","$v":"完成"},{"$i":"confirmation","$v":"确认"},{"$i":"reset-wifi-confirmation-warning","$v":["Your current Wi-Fi data usage is ",{"t":"idOrVar","v":"wifiData"},". Clear it all?"]},{"$i":"reset-mobile-confirmation-warning","$v":["Your current mobile data usage is ",{"t":"idOrVar","v":"mobileData"},". Clear it all?"]},{"$i":"reset-all-confirmation-warning","$v":["Your current data usages are ",{"t":"idOrVar","v":"mobileData"}," on mobile, ",{"t":"idOrVar","v":"wifiData"}," on Wi-Fi. Clear it all?"]},{"$i":"reset-telephony-confirmation-warning","$v":"All current data will be deleted. Are you sure you want to reset?"},{"$i":"reset","$v":"重置"},{"$i":"reset-wifi","$v":"重置 Wi-Fi 使用情况"},{"$i":"reset-mobile","$v":"重置移动网络使用情况"},{"$i":"reset-all","$v":"Reset mobile & Wi-Fi data"},{"$i":"not-set","$v":"未设置"},{"$i":"used","$v":"已使用"},{"$i":"limit-passed","$v":"允许的限额"},{"$i":"limit","$v":"限制"},{"$i":"data-limit-header","$v":"数据使用限额"},{"$i":"data-limit-alert","$v":"数据使用警告"},{"$i":"data-limit-value2","$v":"当使用超过"},{"$i":"data-limit-dialog-title2","$v":"输入一个移动数据限额警示"},{"$i":"data-limit-dialog-explanation2","$v":"达到限额后连接速率将会降低，查询你的数据服务以设置一个合适的警示级别。"},{"$i":"data-limit-input-label","ariaLabel":"Data limit"},{"$i":"wifi-usage","$v":"Wi-Fi 用量"},{"$i":"mobile-usage","$v":"手机使用"},{"$i":"wifi-usage-settings","$v":"Wi-Fi 用量"},{"$i":"mobile-usage-settings","$v":"手机使用"},{"$i":"im-prepaid","$v":"我是预付费用户"},{"$i":"im-postpaid","$v":"我是后付费用户"},{"$i":"reset-data-usage","$v":"重置数据流量使用情况"},{"$i":"reset-report","$v":"重置报告"},{"$i":"next","$v":"下一步"},{"$i":"back","$v":"上一步"},{"$i":"lets-go","$v":"出发！"},{"$i":"alert","$v":"警告"},{"$i":"alert-limit","$v":"警告限制"},{"$i":"fte-welcome-title","$v":"欢迎"},{"$i":"data-limit-notification-title2","$v":["已使用 ",{"t":"idOrVar","v":"limit"}," 的数据流量"]},{"$i":"data-limit-notification-text2","$v":"您已达到了您选择的限制"},{"$i":"low-balance-notification-title","$v":"低余额"},{"$i":"low-balance-notification-text","$v":["剩余通话余额 ",{"t":"idOrVar","v":"remaining"}]},{"$i":"zero-balance-message","$v":"余额已尽，手机没有通话余额了。"},{"$i":"not-available","$v":"不可用"},{"$i":"usage","$v":"使用情况"},{"$i":"internet","$v":"互联网"},{"$i":"phone","$v":"通话"},{"$i":"loading-interface-data","$v":"正在载入接口数据。请稍等一会。"},{"$i":"data-limit","$v":["数据限量 (",{"t":"idOrVar","v":"value"},")"]},{"$i":"data-available2","$v":{"zero":[{"t":"idOrVar","v":"value"}," ",{"t":"idOrVar","v":"unit"}," 可用"],"one":[{"t":"idOrVar","v":"value"}," ",{"t":"idOrVar","v":"unit"}," 可用"],"two":[{"t":"idOrVar","v":"value"}," ",{"t":"idOrVar","v":"unit"}," 可用"],"few":[{"t":"idOrVar","v":"value"}," ",{"t":"idOrVar","v":"unit"}," 可用"],"many":[{"t":"idOrVar","v":"value"}," ",{"t":"idOrVar","v":"unit"}," 可用"],"other":[{"t":"idOrVar","v":"value"}," ",{"t":"idOrVar","v":"unit"}," 可用"]},"$x":[{"t":"idOrVar","v":"plural"},"value"]},{"$i":"over-limit","$v":{"one":[{"t":"idOrVar","v":"value"}," ",{"t":"idOrVar","v":"unit"}," 超限"],"two":[{"t":"idOrVar","v":"value"}," ",{"t":"idOrVar","v":"unit"}," 超限"],"few":[{"t":"idOrVar","v":"value"}," ",{"t":"idOrVar","v":"unit"}," 超限"],"many":[{"t":"idOrVar","v":"value"}," ",{"t":"idOrVar","v":"unit"}," 超限"],"other":[{"t":"idOrVar","v":"value"}," ",{"t":"idOrVar","v":"unit"}," 超限"]},"$x":[{"t":"idOrVar","v":"plural"},"value"]},{"$i":"verbose-chart-date-format","$v":[{"t":"idOrVar","v":"em-month"}," ",{"t":"idOrVar","v":"monthday-number"}]},{"$i":"day-hour-format","$v":[{"t":"idOrVar","v":"day"},", ",{"t":"idOrVar","v":"time"}]},{"$i":"B","$v":"B"},{"$i":"KB","$v":"kB"},{"$i":"MB","$v":"MB"},{"$i":"GB","$v":"GB"},{"$i":"unit-MB","ariaLabel":"MB"},{"$i":"unit-GB","ariaLabel":"GB"},{"$i":"app-usage-list-header","$v":"Mobile usage per app"},{"$i":"app-usage-no-data","$v":"您没有使用过任何移动数据呢。每个应用程序的使用量将您能使用后显示在这里。"},{"$i":"data-used-since","$v":[{"t":"idOrVar","v":"start-date"}," 起已经使用 ",{"t":"idOrVar","v":"amount"}," 数据"]},{"$i":"data-used-this-week","$v":["本周已使用 ",{"t":"idOrVar","v":"amount"}," 数据"]},{"$i":"data-used-this-month","$v":["本月已使用 ",{"t":"idOrVar","v":"amount"}," 数据"]},{"$i":"data-usage-other-apps","$v":"Others"},{"$i":"data-usage-browser-app","$v":"Browser"},{"$i":"limit-layer-MB","ariaLabel":["Limit of ",{"t":"idOrVar","v":"value"}," MB"]},{"$i":"limit-layer-GB","ariaLabel":["Limit of ",{"t":"idOrVar","v":"value"}," GB"]},{"$i":"warning-layer","ariaLabel":[{"t":"idOrVar","v":"value"}," left"]},{"$i":"limit-exceeded-layer","ariaLabel":["Exceeded by ",{"t":"idOrVar","v":"value"}]},{"$i":"today-layer","ariaLabel":["Today is ",{"t":"idOrVar","v":"today"}]},{"$i":"axis-layer","ariaLabel":["From ",{"t":"idOrVar","v":"from"}," to ",{"t":"idOrVar","v":"to"}]},{"$i":"weekday-0-long","$v":"星期日"},{"$i":"weekday-1-long","$v":"星期一"},{"$i":"weekday-2-long","$v":"星期二"},{"$i":"weekday-3-long","$v":"星期三"},{"$i":"weekday-4-long","$v":"星期四"},{"$i":"weekday-5-long","$v":"星期五"},{"$i":"weekday-6-long","$v":"星期六"},{"$i":"weekday-0-short","$v":"日"},{"$i":"weekday-1-short","$v":"一"},{"$i":"weekday-2-short","$v":"二"},{"$i":"weekday-3-short","$v":"三"},{"$i":"weekday-4-short","$v":"四"},{"$i":"weekday-5-short","$v":"五"},{"$i":"weekday-6-short","$v":"六"},{"$i":"month-0-long","$v":"1 月"},{"$i":"month-1-long","$v":"2 月"},{"$i":"month-2-long","$v":"3 月"},{"$i":"month-3-long","$v":"4 月"},{"$i":"month-4-long","$v":"5 月"},{"$i":"month-5-long","$v":"6 月"},{"$i":"month-6-long","$v":"7 月"},{"$i":"month-7-long","$v":"8 月"},{"$i":"month-8-long","$v":"9 月"},{"$i":"month-9-long","$v":"10 月"},{"$i":"month-10-long","$v":"11 月"},{"$i":"month-11-long","$v":"12 月"},{"$i":"month-0-genitive","$v":"一月"},{"$i":"month-1-genitive","$v":"二月"},{"$i":"month-2-genitive","$v":"三月"},{"$i":"month-3-genitive","$v":"四月"},{"$i":"month-4-genitive","$v":"五月"},{"$i":"month-5-genitive","$v":"六月"},{"$i":"month-6-genitive","$v":"七月"},{"$i":"month-7-genitive","$v":"八月"},{"$i":"month-8-genitive","$v":"九月"},{"$i":"month-9-genitive","$v":"十月"},{"$i":"month-10-genitive","$v":"十一月"},{"$i":"month-11-genitive","$v":"十二月"},{"$i":"month-0-short","$v":"1 月"},{"$i":"month-1-short","$v":"2 月"},{"$i":"month-2-short","$v":"3 月"},{"$i":"month-3-short","$v":"4 月"},{"$i":"month-4-short","$v":"5 月"},{"$i":"month-5-short","$v":"6 月"},{"$i":"month-6-short","$v":"7 月"},{"$i":"month-7-short","$v":"8 月"},{"$i":"month-8-short","$v":"9 月"},{"$i":"month-9-short","$v":"10 月"},{"$i":"month-10-short","$v":"11 月"},{"$i":"month-11-short","$v":"12 月"},{"$i":"minutes-ago-long","$v":{"zero":"刚才","one":"1 分钟前","two":[{"t":"idOrVar","v":"value"}," 分钟前"],"few":[{"t":"idOrVar","v":"value"}," 分钟前"],"many":[{"t":"idOrVar","v":"value"}," 分钟前"],"other":[{"t":"idOrVar","v":"value"}," 分钟前"]},"$x":[{"t":"idOrVar","v":"plural"},"value"]},{"$i":"hours-ago-long","$v":{"zero":"刚才","one":"1 小时前","two":[{"t":"idOrVar","v":"value"}," 小时前"],"few":[{"t":"idOrVar","v":"value"}," 小时前"],"many":[{"t":"idOrVar","v":"value"}," 小时前"],"other":[{"t":"idOrVar","v":"value"}," 小时前"]},"$x":[{"t":"idOrVar","v":"plural"},"value"]},{"$i":"days-ago-long","$v":{"zero":"今天","one":"昨天","two":[{"t":"idOrVar","v":"value"}," 天前"],"few":[{"t":"idOrVar","v":"value"}," 天前"],"many":[{"t":"idOrVar","v":"value"}," 天前"],"other":[{"t":"idOrVar","v":"value"}," 天前"]},"$x":[{"t":"idOrVar","v":"plural"},"value"]},{"$i":"weeks-ago-long","$v":{"zero":"本周","one":"上周","two":[{"t":"idOrVar","v":"value"}," 周前"],"few":[{"t":"idOrVar","v":"value"}," 周前"],"many":[{"t":"idOrVar","v":"value"}," 周前"],"other":[{"t":"idOrVar","v":"value"}," 周前"]},"$x":[{"t":"idOrVar","v":"plural"},"value"]},{"$i":"months-ago-long","$v":{"zero":"本月","one":"上月","two":[{"t":"idOrVar","v":"value"}," 个月前"],"few":[{"t":"idOrVar","v":"value"}," 个月前"],"many":[{"t":"idOrVar","v":"value"}," 个月前"],"other":[{"t":"idOrVar","v":"value"}," 个月前"]},"$x":[{"t":"idOrVar","v":"plural"},"value"]},{"$i":"years-ago-long","$v":{"zero":"今年","one":"去年","two":[{"t":"idOrVar","v":"value"}," 年前"],"few":[{"t":"idOrVar","v":"value"}," 年前"],"many":[{"t":"idOrVar","v":"value"}," 年前"],"other":[{"t":"idOrVar","v":"value"}," 年前"]},"$x":[{"t":"idOrVar","v":"plural"},"value"]},{"$i":"minutes-until-long","$v":{"zero":"现在","one":"1 分钟内","two":["剩",{"t":"idOrVar","v":"value"},"分钟"],"few":["剩",{"t":"idOrVar","v":"value"},"分钟"],"many":["剩",{"t":"idOrVar","v":"value"},"分钟"],"other":["剩",{"t":"idOrVar","v":"value"},"分钟"]},"$x":[{"t":"idOrVar","v":"plural"},"value"]},{"$i":"hours-until-long","$v":{"zero":"现在","one":"1 小时内","two":["剩",{"t":"idOrVar","v":"value"},"小时"],"few":["剩",{"t":"idOrVar","v":"value"},"小时"],"many":["剩",{"t":"idOrVar","v":"value"},"小时"],"other":["剩",{"t":"idOrVar","v":"value"},"小时"]},"$x":[{"t":"idOrVar","v":"plural"},"value"]},{"$i":"days-until-long","$v":{"zero":"今天","one":"明天","two":["剩",{"t":"idOrVar","v":"value"},"天"],"few":["剩",{"t":"idOrVar","v":"value"},"天"],"many":["剩",{"t":"idOrVar","v":"value"},"天"],"other":["剩",{"t":"idOrVar","v":"value"},"天"]},"$x":[{"t":"idOrVar","v":"plural"},"value"]},{"$i":"weeks-until-long","$v":{"zero":"本周","one":"下周","two":["剩",{"t":"idOrVar","v":"value"},"周"],"few":["剩",{"t":"idOrVar","v":"value"},"周"],"many":["剩",{"t":"idOrVar","v":"value"},"周"],"other":["剩",{"t":"idOrVar","v":"value"},"周"]},"$x":[{"t":"idOrVar","v":"plural"},"value"]},{"$i":"months-until-long","$v":{"zero":"本月","one":"下月","two":["剩",{"t":"idOrVar","v":"value"},"个月"],"few":["剩",{"t":"idOrVar","v":"value"},"个月"],"many":["剩",{"t":"idOrVar","v":"value"},"个月"],"other":["剩",{"t":"idOrVar","v":"value"},"个月"]},"$x":[{"t":"idOrVar","v":"plural"},"value"]},{"$i":"years-until-long","$v":{"zero":"今年","one":"明年","two":["剩",{"t":"idOrVar","v":"value"},"年"],"few":["剩",{"t":"idOrVar","v":"value"},"年"],"many":["剩",{"t":"idOrVar","v":"value"},"年"],"other":["剩",{"t":"idOrVar","v":"value"},"年"]},"$x":[{"t":"idOrVar","v":"plural"},"value"]},{"$i":"minutes-ago-short","$v":{"zero":"刚才","other":[{"t":"idOrVar","v":"value"}," 分钟前"]},"$x":[{"t":"idOrVar","v":"plural"},"value"]},{"$i":"hours-ago-short","$v":{"zero":"刚才","other":[{"t":"idOrVar","v":"value"},"小时前"]},"$x":[{"t":"idOrVar","v":"plural"},"value"]},{"$i":"days-ago-short","$v":{"zero":"今天","other":[{"t":"idOrVar","v":"value"}," 天前"]},"$x":[{"t":"idOrVar","v":"plural"},"value"]},{"$i":"minutes-until-short","$v":{"zero":"现在","other":["剩",{"t":"idOrVar","v":"value"},"分钟"]},"$x":[{"t":"idOrVar","v":"plural"},"value"]},{"$i":"hours-until-short","$v":{"zero":"现在","other":["剩",{"t":"idOrVar","v":"value"},"小时"]},"$x":[{"t":"idOrVar","v":"plural"},"value"]},{"$i":"days-until-short","$v":{"zero":"今天","other":["剩",{"t":"idOrVar","v":"value"},"天"]},"$x":[{"t":"idOrVar","v":"plural"},"value"]},{"$i":"incorrectDate","$v":"（日期不正确）"},{"$i":"dateTimeFormat_%c","$v":"%Y 年 %b %e 日 %a %H:%M:%S"},{"$i":"dateTimeFormat_%x","$v":"%Y/%m/%d"},{"$i":"dateTimeFormat_%X","$v":"%H:%M:%S"},{"$i":"shortTimeFormat","$v":"%H:%M"},{"$i":"shortTimeFormat12","$v":"%p %I:%M"},{"$i":"shortTimeFormat24","$v":"%H:%M"},{"$i":"shortDateTimeFormat","$v":"%x %H:%M"},{"$i":"weekStartsOnMonday","$v":"0"},{"$i":"firstDayOfTheWeek","$v":"0"},{"$i":"time_am","$v":"上午"},{"$i":"time_pm","$v":"下午"}]