[{"$i":"topup-confirmation-title2","$v":"用量"},{"$i":"topup-confirmation-message","$v":"儲值成功。"},{"$i":"topup-incorrectcode-title2","$v":"使用量"},{"$i":"topup-incorrectcode-message3","$v":"輸入了錯誤的儲值碼。"},{"$i":"updating","$v":"更新中"},{"$i":"updating-ellipsis","$v":"更新中…"},{"$i":"yesterday","$v":"昨天"},{"$i":"today","$v":"今天"},{"$i":"never","$v":"永不"},{"$i":"magnitude","$v":[{"t":"idOrVar","v":"value"}," ",{"t":"idOrVar","v":"unit"}]},{"$i":"currency","$v":[{"t":"idOrVar","v":"currency"},{"t":"idOrVar","v":"value"}]},{"$i":"widget","$v":"用量小工具"},{"$i":"widget-authed-sim-heading","$v":["插入了 ",{"t":"idOrVar","v":"provider"}," 的新 SIM 卡"]},{"$i":"widget-authed-sim-meta","$v":"點擊此處追蹤您的通話與網路使用量。"},{"$i":"widget-nonauthed-sim-heading","$v":"已插入新的 SIM 卡"},{"$i":"widget-nonauthed-sim-meta","$v":"點擊此處追蹤您的網路使用量。"},{"$i":"widget-airplane-mode-heading","$v":"飛航模式"},{"$i":"widget-airplane-mode-meta","$v":"請關閉飛航模式以啟用使用量程式。"},{"$i":"widget-no-sim2-heading","$v":"未插入 SIM 卡"},{"$i":"widget-no-sim2-meta","$v":"插入 SIM 卡以啟用用量統計。"},{"$i":"widget-sim-locked-heading","$v":"SIM 卡已鎖定"},{"$i":"widget-sim-locked-meta","$v":"解鎖您的 SIM 卡以啟用用量統計。"},{"$i":"widget-unknown-heading","$v":"錯誤"},{"$i":"widget-unknown-meta","$v":"請確定已關閉飛航模式。"},{"$i":"fte","$v":"用量首次體驗"},{"$i":"fte-authed-sim","$v":"透過追蹤您的通話與網路使用量來節省費用支出。"},{"$i":"fte-nonauthed-sim","$v":"透過追蹤您的網路使用量來節省費用支出。"},{"$i":"fte-no-sim","$v":"取得您使用了多少網際網路流量的詳細資訊。"},{"$i":"fte-sim-info2","$v":"用量應用程式中顯示的資訊直接取自於此裝置所記錄的資料，請聯絡您的電信業者以取得詳細的使用資訊。"},{"$i":"fte-plantype-title","$v":"合約類型"},{"$i":"fte-plantype-hint","$v":"選擇您與電信業者所簽署的合約類型。"},{"$i":"fte-prepaid2-title","$v":"餘額不足警示"},{"$i":"fte-prepaid2-hint","$v":"在通話額度不足時傳送警示。"},{"$i":"fte-prepaid3-title","$v":"流量報告與警示"},{"$i":"fte-prepaid3-hint","$v":"接收您的網際網路用量報告，並設定警示以避免超過流量門檻。"},{"$i":"fte-postpaid2-title","$v":"通話與數據用量報告"},{"$i":"fte-postpaid2-hint","$v":"接收您的通話與網路用量報告。"},{"$i":"fte-postpaid3-title","$v":"數據用量警示"},{"$i":"fte-postpaid3-hint","$v":"顯示警告以避免使用太多流量。"},{"$i":"fte-onlydata2-title","$v":"數據流量報告"},{"$i":"fte-onlydata2-hint","$v":"取得您的網路使用量報告"},{"$i":"fte-onlydata3-title","$v":"數據用量警示"},{"$i":"fte-onlydata3-hint","$v":"顯示警告以避免使用太多流量。"},{"$i":"phone-activity","$v":"手機活動"},{"$i":"balance","$v":"餘額"},{"$i":"on-roaming-message2","$v":"漫遊中: 將不會自動更新餘額，您手動更新時可能會被收費。"},{"$i":"balance-error-message2","$v":"餘額未正確更新，請嘗試手動更新。"},{"$i":"airplane-mode-error-message2","$v":"關閉飛航模式以更新您的餘額或儲值。"},{"$i":"disable-airplane-mode","$v":"您是否想要停用飛航模式以更新或儲值餘額？"},{"$i":"no-coverage-error-message2","$v":"您需要在訊號範圍內才能更新餘額或儲值。"},{"$i":"top-up","$v":"儲值"},{"$i":"enter-top-up-code","$v":"輸入儲值代碼"},{"$i":"top-up-code-explanation2","$v":"您可以在刮刮卡或儲值明細上找到。"},{"$i":"wait-for-confirmation","$v":"您將會收到一封確認訊息"},{"$i":"incorrect-code2","$v":"請確定您的代碼正確並再試一次。"},{"$i":"topup-error2","$v":"傳送代碼時發生錯誤，請再試一次。"},{"$i":"application-error-title","$v":"無法使用服務"},{"$i":"application-error-message","$v":"請聯絡您的公司客服人員"},{"$i":"service-unavailable-title","$v":"無法使用服務"},{"$i":"service-unavailable-message","$v":"目前無法儲值也無法更新餘額資訊，請稍候並再試一次。"},{"$i":"data-usage","$v":"數據使用量"},{"$i":"update-button","$v":"更新"},{"$i":"topup-button2","$v":"使用儲值代碼"},{"$i":"topup-ussd-button2","$v":"開啟儲值選單"},{"$i":"ok","$v":"確定"},{"$i":"top-up-in-progress2","$v":"正在處理您的儲值。"},{"$i":"top-up-timed-out2","$v":"請更新您的餘額已確定儲值是否成功。若餘額未變動，請嘗試再次儲值。"},{"$i":"on-topup-not-confirmed-title","$v":"儲值未確認"},{"$i":"on-topup-not-confirmed-message","$v":"請更新您的餘額資訊，或再儲值一次。"},{"$i":"send","$v":"傳送"},{"$i":"plantype-setup-title","$v":"我的通話與網際網路費率為"},{"$i":"prepaid","$v":"預付"},{"$i":"postpaid","$v":"後付"},{"$i":"phoneactivity","$v":"手機活動"},{"$i":"short-date-format","$v":"%b %d 日"},{"$i":"long-date-format","$v":"%Y 年 %b %d 日"},{"$i":"sms-sent","$v":"已傳送的簡訊"},{"$i":"call-made","$v":"已撥打的電話"},{"$i":"settings","$v":"設定"},{"$i":"low-balance-alert","$v":"餘額不足警示"},{"$i":"low-balance-explanation2","$v":"當餘額少於"},{"$i":"phone-and-internet-data-report","$v":"通話與網路數據報告"},{"$i":"internet-data-report","$v":"網際網路數據用量報告"},{"$i":"starting-on","$v":"帳單週期開始於"},{"$i":"cancel","$v":"取消"},{"$i":"monthly","$v":"每個月"},{"$i":"weekly","$v":"每星期"},{"$i":"monday","$v":"星期一"},{"$i":"tuesday","$v":"星期二"},{"$i":"wednesday","$v":"星期三"},{"$i":"thursday","$v":"星期四"},{"$i":"friday","$v":"星期五"},{"$i":"saturday","$v":"星期六"},{"$i":"sunday","$v":"星期日"},{"$i":"billing-cycle-ends","$v":"帳務週期結束於"},{"$i":"tracking-will-reset","$v":"將於此日期重設追蹤"},{"$i":"yes","$v":"是"},{"$i":"done","$v":"完成"},{"$i":"confirmation","$v":"確認"},{"$i":"reset-wifi-confirmation-warning","$v":["您目前的 Wi-Fi 數據使用量是 ",{"t":"idOrVar","v":"wifiData"},"，要清除嗎？"]},{"$i":"reset-mobile-confirmation-warning","$v":["您目前的行動數據使用量是 ",{"t":"idOrVar","v":"mobileData"},"，要清除嗎？"]},{"$i":"reset-all-confirmation-warning","$v":["您目前的數據使用量是行動 ",{"t":"idOrVar","v":"mobileData"},"、Wi-Fi ",{"t":"idOrVar","v":"wifiData"},"，要清除嗎？"]},{"$i":"reset-telephony-confirmation-warning","$v":"所有目前的資料將會被刪除，您確定要重設嗎？"},{"$i":"reset","$v":"重設"},{"$i":"reset-wifi","$v":"重設 Wi-Fi 使用量"},{"$i":"reset-mobile","$v":"重設行動數據使用量"},{"$i":"reset-all","$v":"重設行動數據及 Wi-Fi 使用量"},{"$i":"not-set","$v":"未設定"},{"$i":"used","$v":"已用"},{"$i":"limit-passed","$v":"已超過限制"},{"$i":"limit","$v":"限制"},{"$i":"data-limit-header","$v":"數據用量限制"},{"$i":"data-limit-alert","$v":"數據連線使用警示"},{"$i":"data-limit-value2","$v":"當使用量大於"},{"$i":"data-limit-dialog-title2","$v":"輸入行動數據限制警示"},{"$i":"data-limit-dialog-explanation2","$v":"網路使用量超過限制後連線速度將會下降。請洽詢您的電信業者以設定合適的警示標準。"},{"$i":"data-limit-input-label","ariaLabel":"數據限制"},{"$i":"wifi-usage","$v":"Wi-Fi 用量"},{"$i":"mobile-usage","$v":"行動用量"},{"$i":"wifi-usage-settings","$v":"Wi-Fi 用量"},{"$i":"mobile-usage-settings","$v":"行動用量"},{"$i":"im-prepaid","$v":"我是預付"},{"$i":"im-postpaid","$v":"我是後付"},{"$i":"reset-data-usage","$v":"重設數據使用量"},{"$i":"reset-report","$v":"重設報告"},{"$i":"next","$v":"下一頁"},{"$i":"back","$v":"上一頁"},{"$i":"lets-go","$v":"出發！"},{"$i":"alert","$v":"警示"},{"$i":"alert-limit","$v":"警示限制"},{"$i":"fte-welcome-title","$v":"歡迎"},{"$i":"data-limit-notification-title2","$v":["使用了 ",{"t":"idOrVar","v":"limit"}," 的數據傳輸量"]},{"$i":"data-limit-notification-text2","$v":"已超過了您設定的限制大小"},{"$i":"low-balance-notification-title","$v":"餘額低"},{"$i":"low-balance-notification-text","$v":["剩餘 ",{"t":"idOrVar","v":"remaining"}," 通話額度"]},{"$i":"zero-balance-message","$v":"餘額已歸零，無剩餘通話額度。"},{"$i":"not-available","$v":"無法使用"},{"$i":"usage","$v":"使用量"},{"$i":"internet","$v":"網際網路"},{"$i":"phone","$v":"電話"},{"$i":"loading-interface-data","$v":"正在載入介面資料，請稍等一陣子再試一次。"},{"$i":"data-limit","$v":["數據流量限制 (",{"t":"idOrVar","v":"value"},")"]},{"$i":"data-available2","$v":{"zero":["還能使用 ",{"t":"idOrVar","v":"value"}," ",{"t":"idOrVar","v":"unit"}],"one":["還能使用 ",{"t":"idOrVar","v":"value"}," ",{"t":"idOrVar","v":"unit"}],"two":["還能使用 ",{"t":"idOrVar","v":"value"}," ",{"t":"idOrVar","v":"unit"}],"few":["還能使用 ",{"t":"idOrVar","v":"value"}," ",{"t":"idOrVar","v":"unit"}],"many":["還能使用 ",{"t":"idOrVar","v":"value"}," ",{"t":"idOrVar","v":"unit"}],"other":["還能使用 ",{"t":"idOrVar","v":"value"}," ",{"t":"idOrVar","v":"unit"}]},"$x":[{"t":"idOrVar","v":"plural"},"value"]},{"$i":"over-limit","$v":{"one":["流量已超過限制 ",{"t":"idOrVar","v":"value"}," ",{"t":"idOrVar","v":"unit"}],"two":["流量已超過限制 ",{"t":"idOrVar","v":"value"}," ",{"t":"idOrVar","v":"unit"}],"few":["流量已超過限制 ",{"t":"idOrVar","v":"value"}," ",{"t":"idOrVar","v":"unit"}],"many":["流量已超過限制 ",{"t":"idOrVar","v":"value"}," ",{"t":"idOrVar","v":"unit"}],"other":["流量已超過限制 ",{"t":"idOrVar","v":"value"}," ",{"t":"idOrVar","v":"unit"}]},"$x":[{"t":"idOrVar","v":"plural"},"value"]},{"$i":"verbose-chart-date-format","$v":[{"t":"idOrVar","v":"em-month"}," ",{"t":"idOrVar","v":"monthday-number"}," 日"]},{"$i":"day-hour-format","$v":[{"t":"idOrVar","v":"day"},", ",{"t":"idOrVar","v":"time"}]},{"$i":"B","$v":"B"},{"$i":"KB","$v":"KB"},{"$i":"MB","$v":"MB"},{"$i":"GB","$v":"GB"},{"$i":"unit-MB","ariaLabel":"MB"},{"$i":"unit-GB","ariaLabel":"GB"},{"$i":"app-usage-list-header","$v":"各程式的行動數據用量"},{"$i":"app-usage-no-data","$v":"您尚未使用任何行動數據流量，用到的時候將在此顯示每個應用程式使用的流量。"},{"$i":"data-used-since","$v":[{"t":"idOrVar","v":"start-date"}," 至今使用了 ",{"t":"idOrVar","v":"amount"}," 數據流量"]},{"$i":"data-used-this-week","$v":["本週使用了 ",{"t":"idOrVar","v":"amount"}," 數據流量"]},{"$i":"data-used-this-month","$v":["本月使用了 ",{"t":"idOrVar","v":"amount"}," 數據流量"]},{"$i":"data-usage-other-apps","$v":"其他"},{"$i":"data-usage-browser-app","$v":"瀏覽器"},{"$i":"limit-layer-MB","ariaLabel":[{"t":"idOrVar","v":"value"}," MB 限制"]},{"$i":"limit-layer-GB","ariaLabel":[{"t":"idOrVar","v":"value"}," GB 限制"]},{"$i":"warning-layer","ariaLabel":["剩下 ",{"t":"idOrVar","v":"value"}]},{"$i":"limit-exceeded-layer","ariaLabel":["超過 ",{"t":"idOrVar","v":"value"}]},{"$i":"today-layer","ariaLabel":["今天是 ",{"t":"idOrVar","v":"today"}]},{"$i":"axis-layer","ariaLabel":["從 ",{"t":"idOrVar","v":"from"}," 到 ",{"t":"idOrVar","v":"to"}]},{"$i":"weekday-0-long","$v":"星期日"},{"$i":"weekday-1-long","$v":"星期一"},{"$i":"weekday-2-long","$v":"星期二"},{"$i":"weekday-3-long","$v":"星期三"},{"$i":"weekday-4-long","$v":"星期四"},{"$i":"weekday-5-long","$v":"星期五"},{"$i":"weekday-6-long","$v":"星期六"},{"$i":"weekday-0-short","$v":"日"},{"$i":"weekday-1-short","$v":"一"},{"$i":"weekday-2-short","$v":"二"},{"$i":"weekday-3-short","$v":"三"},{"$i":"weekday-4-short","$v":"四"},{"$i":"weekday-5-short","$v":"五"},{"$i":"weekday-6-short","$v":"六"},{"$i":"month-0-long","$v":"一月"},{"$i":"month-1-long","$v":"二月"},{"$i":"month-2-long","$v":"三月"},{"$i":"month-3-long","$v":"四月"},{"$i":"month-4-long","$v":"五月"},{"$i":"month-5-long","$v":"六月"},{"$i":"month-6-long","$v":"七月"},{"$i":"month-7-long","$v":"八月"},{"$i":"month-8-long","$v":"九月"},{"$i":"month-9-long","$v":"十月"},{"$i":"month-10-long","$v":"十一月"},{"$i":"month-11-long","$v":"十二月"},{"$i":"month-0-genitive","$v":"1 月"},{"$i":"month-1-genitive","$v":"2 月"},{"$i":"month-2-genitive","$v":"3 月"},{"$i":"month-3-genitive","$v":"4 月"},{"$i":"month-4-genitive","$v":"5 月"},{"$i":"month-5-genitive","$v":"6 月"},{"$i":"month-6-genitive","$v":"7 月"},{"$i":"month-7-genitive","$v":"8 月"},{"$i":"month-8-genitive","$v":"9 月"},{"$i":"month-9-genitive","$v":"10 月"},{"$i":"month-10-genitive","$v":"11 月"},{"$i":"month-11-genitive","$v":"12 月"},{"$i":"month-0-short","$v":"1 月"},{"$i":"month-1-short","$v":"2 月"},{"$i":"month-2-short","$v":"3 月"},{"$i":"month-3-short","$v":"4 月"},{"$i":"month-4-short","$v":"5 月"},{"$i":"month-5-short","$v":"6 月"},{"$i":"month-6-short","$v":"7 月"},{"$i":"month-7-short","$v":"8 月"},{"$i":"month-8-short","$v":"9 月"},{"$i":"month-9-short","$v":"10 月"},{"$i":"month-10-short","$v":"11 月"},{"$i":"month-11-short","$v":"12 月"},{"$i":"minutes-ago-long","$v":{"zero":"剛剛","one":"1 分鐘前","two":[{"t":"idOrVar","v":"value"}," 分鐘前"],"few":[{"t":"idOrVar","v":"value"}," 分鐘前"],"many":[{"t":"idOrVar","v":"value"}," 分鐘前"],"other":[{"t":"idOrVar","v":"value"}," 分鐘前"]},"$x":[{"t":"idOrVar","v":"plural"},"value"]},{"$i":"hours-ago-long","$v":{"zero":"剛剛","one":"1 小時前","two":[{"t":"idOrVar","v":"value"}," 小時前"],"few":[{"t":"idOrVar","v":"value"}," 小時前"],"many":[{"t":"idOrVar","v":"value"}," 小時前"],"other":[{"t":"idOrVar","v":"value"}," 小時前"]},"$x":[{"t":"idOrVar","v":"plural"},"value"]},{"$i":"days-ago-long","$v":{"zero":"今天","one":"昨天","two":[{"t":"idOrVar","v":"value"}," 天前"],"few":[{"t":"idOrVar","v":"value"}," 天前"],"many":[{"t":"idOrVar","v":"value"}," 天前"],"other":[{"t":"idOrVar","v":"value"}," 天前"]},"$x":[{"t":"idOrVar","v":"plural"},"value"]},{"$i":"weeks-ago-long","$v":{"zero":"本週","one":"上週","two":[{"t":"idOrVar","v":"value"}," 週前"],"few":[{"t":"idOrVar","v":"value"}," 週前"],"many":[{"t":"idOrVar","v":"value"}," 週前"],"other":[{"t":"idOrVar","v":"value"}," 週前"]},"$x":[{"t":"idOrVar","v":"plural"},"value"]},{"$i":"months-ago-long","$v":{"zero":"本月","one":"上月","two":[{"t":"idOrVar","v":"value"}," 月前"],"few":[{"t":"idOrVar","v":"value"}," 月前"],"many":[{"t":"idOrVar","v":"value"}," 月前"],"other":[{"t":"idOrVar","v":"value"}," 月前"]},"$x":[{"t":"idOrVar","v":"plural"},"value"]},{"$i":"years-ago-long","$v":{"zero":"今年","one":"去年","two":[{"t":"idOrVar","v":"value"}," 年前"],"few":[{"t":"idOrVar","v":"value"}," 年前"],"many":[{"t":"idOrVar","v":"value"}," 年前"],"other":[{"t":"idOrVar","v":"value"}," 年前"]},"$x":[{"t":"idOrVar","v":"plural"},"value"]},{"$i":"minutes-until-long","$v":{"zero":"現在","one":"1 分鐘內","two":[{"t":"idOrVar","v":"value"}," 分鐘內"],"few":[{"t":"idOrVar","v":"value"}," 分鐘內"],"many":[{"t":"idOrVar","v":"value"}," 分鐘內"],"other":[{"t":"idOrVar","v":"value"}," 分鐘內"]},"$x":[{"t":"idOrVar","v":"plural"},"value"]},{"$i":"hours-until-long","$v":{"zero":"現在","one":"1 小時內","two":[{"t":"idOrVar","v":"value"}," 小時前"],"few":[{"t":"idOrVar","v":"value"}," 小時前"],"many":[{"t":"idOrVar","v":"value"}," 小時前"],"other":[{"t":"idOrVar","v":"value"}," 小時前"]},"$x":[{"t":"idOrVar","v":"plural"},"value"]},{"$i":"days-until-long","$v":{"zero":"今天","one":"明天","two":[{"t":"idOrVar","v":"value"}," 天內"],"few":[{"t":"idOrVar","v":"value"}," 天內"],"many":[{"t":"idOrVar","v":"value"}," 天內"],"other":[{"t":"idOrVar","v":"value"}," 天內"]},"$x":[{"t":"idOrVar","v":"plural"},"value"]},{"$i":"weeks-until-long","$v":{"zero":"本週","one":"下週","two":[{"t":"idOrVar","v":"value"}," 週內"],"few":[{"t":"idOrVar","v":"value"}," 週內"],"many":[{"t":"idOrVar","v":"value"}," 週內"],"other":[{"t":"idOrVar","v":"value"}," 週內"]},"$x":[{"t":"idOrVar","v":"plural"},"value"]},{"$i":"months-until-long","$v":{"zero":"本月","one":"下月","two":[{"t":"idOrVar","v":"value"}," 月內"],"few":[{"t":"idOrVar","v":"value"}," 月內"],"many":[{"t":"idOrVar","v":"value"}," 月內"],"other":[{"t":"idOrVar","v":"value"}," 月內"]},"$x":[{"t":"idOrVar","v":"plural"},"value"]},{"$i":"years-until-long","$v":{"zero":"今年","one":"明年","two":[{"t":"idOrVar","v":"value"}," 年內"],"few":[{"t":"idOrVar","v":"value"}," 年內"],"many":[{"t":"idOrVar","v":"value"}," 年內"],"other":[{"t":"idOrVar","v":"value"}," 年內"]},"$x":[{"t":"idOrVar","v":"plural"},"value"]},{"$i":"minutes-ago-short","$v":{"zero":"剛剛","other":[{"t":"idOrVar","v":"value"}," 分鐘前"]},"$x":[{"t":"idOrVar","v":"plural"},"value"]},{"$i":"hours-ago-short","$v":{"zero":"剛剛","other":[{"t":"idOrVar","v":"value"}," 小時前"]},"$x":[{"t":"idOrVar","v":"plural"},"value"]},{"$i":"days-ago-short","$v":{"zero":"今天","other":[{"t":"idOrVar","v":"value"}," 天前"]},"$x":[{"t":"idOrVar","v":"plural"},"value"]},{"$i":"minutes-until-short","$v":{"zero":"現在","other":[{"t":"idOrVar","v":"value"}," 分內"]},"$x":[{"t":"idOrVar","v":"plural"},"value"]},{"$i":"hours-until-short","$v":{"zero":"現在","other":[{"t":"idOrVar","v":"value"}," 時內"]},"$x":[{"t":"idOrVar","v":"plural"},"value"]},{"$i":"days-until-short","$v":{"zero":"今天","other":[{"t":"idOrVar","v":"value"}," 天內"]},"$x":[{"t":"idOrVar","v":"plural"},"value"]},{"$i":"incorrectDate","$v":"（日期不正確）"},{"$i":"dateTimeFormat_%c","$v":"%Y年%b%d日 %a %p %I:%M:%S"},{"$i":"dateTimeFormat_%x","$v":"%Y/%m/%d"},{"$i":"dateTimeFormat_%X","$v":"%p %I:%M:%S"},{"$i":"shortTimeFormat","$v":"%p %I:%M"},{"$i":"shortTimeFormat12","$v":"%p %I:%M"},{"$i":"shortTimeFormat24","$v":"%H:%M"},{"$i":"shortDateTimeFormat","$v":"%x %p %I:%M"},{"$i":"weekStartsOnMonday","$v":"1"},{"$i":"firstDayOfTheWeek","$v":"1"},{"$i":"time_am","$v":"上午"},{"$i":"time_pm","$v":"下午"}]