[{"$i":"search-or-enter-address","placeholder":"ابحث أو أدخل عنوانا"},{"$i":"delete-title","$v":["حذف ",{"t":"idOrVar","v":"name"}]},{"$i":"delete-body","$v":["سيتم حذف ",{"t":"idOrVar","v":"name"}," وجميع المعلومات الخاصة به."]},{"$i":"delete","$v":"حذف"},{"$i":"cancel","$v":"ألغِ"},{"$i":"homescreen-settings","$v":"إعدادات الشاشة الرئيسية"},{"$i":"change-wallpaper","$v":"تغيير صورة الخلفية"},{"$i":"add-smart-collections","$v":"إضافة مجموعات ذكية"},{"$i":"edit-mode","$v":"حرّر"},{"$i":"edit-done","$v":"تم"},{"$i":"stop-download-title","$v":["توقف ",{"t":"idOrVar","v":"name"}]},{"$i":"stop-download-body","$v":"هل تريد إيقاف التحميل؟"},{"$i":"stop-download-action","$v":"أوقف"},{"$i":"resume-download-title","$v":"إعادة تشغيل التنزيل"},{"$i":"resume-download-body","$v":["هل تريد تنزيل ",{"t":"idOrVar","v":"name"},"؟"]},{"$i":"resume-download-action","$v":"تنزيل"},{"$i":"edit-group-header","$v":"عدّل المجموعة"},{"$i":"collection-categoryId-22","$v":"كُتب"},{"$i":"collection-categoryId-142","$v":"موسيقى"},{"$i":"collection-categoryId-181","$v":"أفلام"},{"$i":"collection-categoryId-194","$v":"إنترنت"},{"$i":"collection-categoryId-207","$v":"ألعاب"},{"$i":"collection-categoryId-211","$v":"ڤيديو"},{"$i":"collection-categoryId-213","$v":"التلفاز"},{"$i":"collection-categoryId-220","$v":"مطاعم"},{"$i":"collection-categoryId-225","$v":"مشاهير"},{"$i":"collection-categoryId-238","$v":"تسوق"},{"$i":"collection-categoryId-242","$v":"صور"},{"$i":"collection-categoryId-244","$v":"تكنولوجيا"},{"$i":"collection-categoryId-245","$v":"أخبار"},{"$i":"collection-categoryId-248","$v":"البريد الإلكتروني"},{"$i":"collection-categoryId-249","$v":"الطقس"},{"$i":"collection-categoryId-256","$v":"ثقافات"},{"$i":"collection-categoryId-260","$v":"رياضات"},{"$i":"collection-categoryId-270","$v":"وصفات"},{"$i":"collection-categoryId-271","$v":"مراجع"},{"$i":"collection-categoryId-272","$v":"أدلّة السّفر"},{"$i":"collection-categoryId-274","$v":"وظائف"},{"$i":"collection-categoryId-275","$v":"طبّ"},{"$i":"collection-categoryId-277","$v":"مُضحك"},{"$i":"collection-categoryId-279","$v":"تربية وتعليم"},{"$i":"collection-categoryId-282","$v":"موضة"},{"$i":"collection-categoryId-286","$v":"إلكترونيات"},{"$i":"collection-categoryId-288","$v":"سيّارات"},{"$i":"collection-categoryId-289","$v":"اجتماعي"},{"$i":"collection-categoryId-291","$v":"ألعاب ڤيديو"},{"$i":"collection-categoryId-292","$v":"عروض يومية"},{"$i":"collection-categoryId-294","$v":"تواصل شخصي"},{"$i":"collection-categoryId-296","$v":"أشياء مِن حولي"},{"$i":"collection-categoryId-297","$v":"فلك"},{"$i":"collection-categoryId-302","$v":"أطفال"},{"$i":"collection-categoryId-303","$v":"خدمات ماليّة"},{"$i":"collection-categoryId-306","$v":"سفر"},{"$i":"collection-categoryId-316","$v":"فنادق"},{"$i":"collection-categoryId-320","$v":"مُواعدة"},{"$i":"collection-categoryId-321","$v":"أخبار اقتصاديّة"},{"$i":"collection-categoryId-325","$v":"كرة القاعدة"},{"$i":"collection-categoryId-338","$v":"إعلانات مبوّبة"},{"$i":"collection-categoryId-347","$v":"أطفال"},{"$i":"collection-categoryId-349","$v":"تصوير"},{"$i":"collection-categoryId-356","$v":"جَمال"},{"$i":"collection-categoryId-357","$v":"مرافق"},{"$i":"collection-categoryId-360","$v":"إنتاجيّة"},{"$i":"collection-categoryId-365","$v":"رسوم هزليّة"},{"$i":"collection-categoryId-366","$v":"نمط الحياة"},{"$i":"collection-categoryId-368","$v":"تخصيص"},{"$i":"collection-categoryId-372","$v":"سفريّات"},{"$i":"collection-categoryId-373","$v":"اتصالات"},{"$i":"collection-categoryId-376","$v":"ترفيه"},{"$i":"collection-categoryId-377","$v":"كرة القدم"},{"$i":"collection-categoryId-381","$v":"دينيّ"},{"$i":"collection-categoryId-382","$v":"لياقة"},{"$i":"collection-categoryId-387","$v":"نشاطات خارج المنزل"},{"$i":"collection-categoryId-399","$v":"اصنعها بيدك"},{"$i":"collection-categoryId-449","$v":"أشعر بالملل"},{"$i":"collection-categoryId-462","$v":"مسلسلات دراما"},{"$i":"collection-categoryId-463","$v":"سياسة"},{"$i":"collection-categoryId-473","$v":"كريكت"},{"$i":"collection-categoryId-491","$v":"كأس العالم"},{"$i":"collection-categoryId-501","$v":"تطبيقات برازيلية"},{"$i":"collection-categoryId-504","$v":"بوليوود"},{"$i":"collection-categoryId-505","$v":"طعام وشراب"},{"$i":"collection-categoryId-507","$v":"سفر ومحليّات"},{"$i":"collection-categoryId-510","$v":"علوم وتقنيّة"},{"$i":"collection-categoryId-511","$v":"إعلام وڤيديو"},{"$i":"collection-categoryId-512","$v":"صحة ورشاقة"},{"$i":"collection-categoryId-513","$v":"عمل"},{"$i":"collection-categoryId-520","$v":"دراجات هوائيّة"},{"$i":"collection-categoryId-521","$v":"ركوب الأمواج"},{"$i":"gaia-grid-stop-download-title","$v":["إيقاف ",{"t":"idOrVar","v":"name"}]},{"$i":"gaia-grid-stop-download-body","$v":"هل تريد إيقاف التنزيل الجاري؟"},{"$i":"gaia-grid-stop-download-action","$v":"أوقِف"},{"$i":"gaia-grid-resume-download-title","$v":"أعِد التنزيل"},{"$i":"gaia-grid-resume-download-body","$v":["هل تريد تنزيل ",{"t":"idOrVar","v":"name"},"؟"]},{"$i":"gaia-grid-resume-download-action","$v":"نزِّل"},{"$i":"gaia-grid-cancel","$v":"ألغِ"},{"$i":"gaia-grid-toggle-collapsed","ariaLabel":"Expand group"},{"$i":"gaia-grid-toggle-expanded","ariaLabel":"Collapse group"},{"$i":"gaia-grid-enter-group-name","$v":"أدخل اسم مجموعة"},{"$i":"gaia-menu-cancel","$v":"ألغِ"}]