[{"$i":"search-or-enter-address","placeholder":"Търсене или въвеждане адрес"},{"$i":"delete-title","$v":["Изтриване на ",{"t":"idOrVar","v":"name"}]},{"$i":"delete-body","$v":[{"t":"idOrVar","v":"name"}," и всички негови данни ще бъдат изтрити."]},{"$i":"delete","$v":"Изтриване"},{"$i":"cancel","$v":"Отказ"},{"$i":"homescreen-settings","$v":"Настройки на началния екран"},{"$i":"change-wallpaper","$v":"Смяна на тапет"},{"$i":"add-smart-collections","$v":"Добавяне на умни колекции"},{"$i":"edit-mode","$v":"Редактиране"},{"$i":"edit-done","$v":"Готово"},{"$i":"stop-download-title","$v":["Спиране на ",{"t":"idOrVar","v":"name"}]},{"$i":"stop-download-body","$v":"Искате ли да спрете протичащото изтегляне?"},{"$i":"stop-download-action","$v":"Спиране"},{"$i":"resume-download-title","$v":"Рестартиране на изтеглянето"},{"$i":"resume-download-body","$v":["Искате ли да изтеглите ",{"t":"idOrVar","v":"name"},"?"]},{"$i":"resume-download-action","$v":"Изтегляне"},{"$i":"edit-group-header","$v":"Редактиране на група"},{"$i":"collection-categoryId-22","$v":"Книги"},{"$i":"collection-categoryId-142","$v":"Музика"},{"$i":"collection-categoryId-181","$v":"Филми"},{"$i":"collection-categoryId-194","$v":"Интернет"},{"$i":"collection-categoryId-207","$v":"Игри"},{"$i":"collection-categoryId-211","$v":"Видео"},{"$i":"collection-categoryId-213","$v":"TV"},{"$i":"collection-categoryId-220","$v":"Ресторанти"},{"$i":"collection-categoryId-225","$v":"Знаменитости"},{"$i":"collection-categoryId-238","$v":"Пазаруване"},{"$i":"collection-categoryId-242","$v":"Изображения"},{"$i":"collection-categoryId-244","$v":"Технологии"},{"$i":"collection-categoryId-245","$v":"Новини"},{"$i":"collection-categoryId-248","$v":"Ел. поща"},{"$i":"collection-categoryId-249","$v":"Време"},{"$i":"collection-categoryId-256","$v":"Култура"},{"$i":"collection-categoryId-260","$v":"Спорт"},{"$i":"collection-categoryId-270","$v":"Рецепти"},{"$i":"collection-categoryId-271","$v":"Референции"},{"$i":"collection-categoryId-272","$v":"Туризъм"},{"$i":"collection-categoryId-274","$v":"Работа"},{"$i":"collection-categoryId-275","$v":"Медицина"},{"$i":"collection-categoryId-277","$v":"Забавно"},{"$i":"collection-categoryId-279","$v":"Обучение"},{"$i":"collection-categoryId-282","$v":"Мода"},{"$i":"collection-categoryId-286","$v":"Електроника"},{"$i":"collection-categoryId-288","$v":"Автомобили"},{"$i":"collection-categoryId-289","$v":"Социални"},{"$i":"collection-categoryId-291","$v":"Видеоигри"},{"$i":"collection-categoryId-292","$v":"Изгодни сделки"},{"$i":"collection-categoryId-294","$v":"Лична комуникация"},{"$i":"collection-categoryId-296","$v":"Около мен"},{"$i":"collection-categoryId-297","$v":"Астрология"},{"$i":"collection-categoryId-302","$v":"Деца"},{"$i":"collection-categoryId-303","$v":"Финансови услуги"},{"$i":"collection-categoryId-306","$v":"Пътуване"},{"$i":"collection-categoryId-316","$v":"Хотели"},{"$i":"collection-categoryId-320","$v":"Срещи"},{"$i":"collection-categoryId-321","$v":"Финансови новини"},{"$i":"collection-categoryId-325","$v":"Бейзбол"},{"$i":"collection-categoryId-338","$v":"Класифийдс"},{"$i":"collection-categoryId-347","$v":"Бебета"},{"$i":"collection-categoryId-349","$v":"Фотография"},{"$i":"collection-categoryId-356","$v":"Красота"},{"$i":"collection-categoryId-357","$v":"Инструменти"},{"$i":"collection-categoryId-360","$v":"Производителност"},{"$i":"collection-categoryId-365","$v":"Комикси"},{"$i":"collection-categoryId-366","$v":"Лайфстайл"},{"$i":"collection-categoryId-368","$v":"Персонализация"},{"$i":"collection-categoryId-372","$v":"Транспорт"},{"$i":"collection-categoryId-373","$v":"Телекомуникация"},{"$i":"collection-categoryId-376","$v":"Забавление"},{"$i":"collection-categoryId-377","$v":"Футбол"},{"$i":"collection-categoryId-381","$v":"Религия"},{"$i":"collection-categoryId-382","$v":"Фитнес"},{"$i":"collection-categoryId-387","$v":"Дейности навън"},{"$i":"collection-categoryId-399","$v":"Направи си сам"},{"$i":"collection-categoryId-449","$v":"Отегчен(а) съм"},{"$i":"collection-categoryId-462","$v":"Теленовели"},{"$i":"collection-categoryId-463","$v":"Политика"},{"$i":"collection-categoryId-473","$v":"Крикет"},{"$i":"collection-categoryId-491","$v":"Световно първенство"},{"$i":"collection-categoryId-501","$v":"Бразилски приложения"},{"$i":"collection-categoryId-504","$v":"Боливуд"},{"$i":"collection-categoryId-505","$v":"Храна и напитки"},{"$i":"collection-categoryId-507","$v":"Пътуване и заведения"},{"$i":"collection-categoryId-510","$v":"Технологии и наука"},{"$i":"collection-categoryId-511","$v":"Медиа и видео"},{"$i":"collection-categoryId-512","$v":"Здраве и фитнес"},{"$i":"collection-categoryId-513","$v":"Бизнес"},{"$i":"collection-categoryId-520","$v":"Колела"},{"$i":"collection-categoryId-521","$v":"Сърф"},{"$i":"gaia-grid-stop-download-title","$v":["Спиране на ",{"t":"idOrVar","v":"name"}]},{"$i":"gaia-grid-stop-download-body","$v":"Искате ли да спрете протичащото изтегляне?"},{"$i":"gaia-grid-stop-download-action","$v":"Спиране"},{"$i":"gaia-grid-resume-download-title","$v":"Рестартиране на изтеглянето"},{"$i":"gaia-grid-resume-download-body","$v":["Искате ли да изтеглите ",{"t":"idOrVar","v":"name"},"?"]},{"$i":"gaia-grid-resume-download-action","$v":"Изтегляне"},{"$i":"gaia-grid-cancel","$v":"Отказ"},{"$i":"gaia-grid-toggle-collapsed","ariaLabel":"Expand group"},{"$i":"gaia-grid-toggle-expanded","ariaLabel":"Collapse group"},{"$i":"gaia-grid-enter-group-name","$v":"Въведете име на група"},{"$i":"gaia-menu-cancel","$v":"Отказ"}]