[{"$i":"search-or-enter-address","placeholder":"ঠিকানা দিন অথবা অনুসন্ধান করুন"},{"$i":"delete-title","$v":[{"t":"idOrVar","v":"name"}," অপসারণ"]},{"$i":"delete-body","$v":[{"t":"idOrVar","v":"name"}," ও এর সব তথ্য অপসারিত হবে।"]},{"$i":"delete","$v":"অপসারণ"},{"$i":"cancel","$v":"বাতিল"},{"$i":"homescreen-settings","$v":"হোমস্ক্রিন সেটিং"},{"$i":"change-wallpaper","$v":"ওয়ালপেপার পরিবর্তন"},{"$i":"add-smart-collections","$v":"স্মার্ট সংগ্রহ হিসেবে যোগ করুন"},{"$i":"edit-mode","$v":"সম্পাদনা"},{"$i":"edit-done","$v":"সম্পন্ন"},{"$i":"stop-download-title","$v":[{"t":"idOrVar","v":"name"}," থামান"]},{"$i":"stop-download-body","$v":"চলতে থাকা ডাউনলোডটি কে কি থামাতে চান?"},{"$i":"stop-download-action","$v":"থামুন"},{"$i":"resume-download-title","$v":"পুনরায় ডাউনলোড শুরু করুন"},{"$i":"resume-download-body","$v":["আপনি কি ",{"t":"idOrVar","v":"name"}," ডাউনলোড করবেন?"]},{"$i":"resume-download-action","$v":"ডাউনলোড"},{"$i":"edit-group-header","$v":"Edit group"},{"$i":"collection-categoryId-22","$v":"বই"},{"$i":"collection-categoryId-142","$v":"সংগীত"},{"$i":"collection-categoryId-181","$v":"মুভি"},{"$i":"collection-categoryId-194","$v":"ইন্টারনেট"},{"$i":"collection-categoryId-207","$v":"গেমস"},{"$i":"collection-categoryId-211","$v":"ভিডিও"},{"$i":"collection-categoryId-213","$v":"টিভি"},{"$i":"collection-categoryId-220","$v":"রেস্টুরেন্ট"},{"$i":"collection-categoryId-225","$v":"তারকা"},{"$i":"collection-categoryId-238","$v":"কেনাকাটা"},{"$i":"collection-categoryId-242","$v":"ছবি"},{"$i":"collection-categoryId-244","$v":"টেক"},{"$i":"collection-categoryId-245","$v":"সংবাদ"},{"$i":"collection-categoryId-248","$v":"ইমেইল"},{"$i":"collection-categoryId-249","$v":"আবহাওয়া"},{"$i":"collection-categoryId-256","$v":"সংস্কৃতি"},{"$i":"collection-categoryId-260","$v":"খেলাধুলা"},{"$i":"collection-categoryId-270","$v":"রন্ধন প্রণালী"},{"$i":"collection-categoryId-271","$v":"রেফারেন্স"},{"$i":"collection-categoryId-272","$v":"ভ্রমণ সহায়িকা"},{"$i":"collection-categoryId-274","$v":"কাজ"},{"$i":"collection-categoryId-275","$v":"চিকিৎসা"},{"$i":"collection-categoryId-277","$v":"মজার"},{"$i":"collection-categoryId-279","$v":"শেখা এবং শিক্ষা"},{"$i":"collection-categoryId-282","$v":"ফ্যাশন"},{"$i":"collection-categoryId-286","$v":"ইলেকট্রনিক্স"},{"$i":"collection-categoryId-288","$v":"স্বয়ংক্রিয়"},{"$i":"collection-categoryId-289","$v":"সামাজিক"},{"$i":"collection-categoryId-291","$v":"ভিডিও গেমস"},{"$i":"collection-categoryId-292","$v":"প্রতিদিনের কাজ"},{"$i":"collection-categoryId-294","$v":"ব্যক্তিগত যোগাযোগ"},{"$i":"collection-categoryId-296","$v":"আমার চারপাশ"},{"$i":"collection-categoryId-297","$v":"জ্যোতির্বিদ্যা"},{"$i":"collection-categoryId-302","$v":"বাচ্চারা"},{"$i":"collection-categoryId-303","$v":"আর্থিক সেবা"},{"$i":"collection-categoryId-306","$v":"ভ্রমণ"},{"$i":"collection-categoryId-316","$v":"হোটেল"},{"$i":"collection-categoryId-320","$v":"ডেটিং"},{"$i":"collection-categoryId-321","$v":"ব্যবসায়িক সংবাদ"},{"$i":"collection-categoryId-325","$v":"বেসবল"},{"$i":"collection-categoryId-338","$v":"শ্রেণীবদ্ধ"},{"$i":"collection-categoryId-347","$v":"বাচ্চা"},{"$i":"collection-categoryId-349","$v":"ফটোগ্রাফি"},{"$i":"collection-categoryId-356","$v":"বিউটি"},{"$i":"collection-categoryId-357","$v":"কার্যকারিতা"},{"$i":"collection-categoryId-360","$v":"উত্পাদনশীলতা"},{"$i":"collection-categoryId-365","$v":"কমিক্স"},{"$i":"collection-categoryId-366","$v":"জীবনশৈলী"},{"$i":"collection-categoryId-368","$v":"ব্যক্তিগতকরন"},{"$i":"collection-categoryId-372","$v":"পরিবহণ"},{"$i":"collection-categoryId-373","$v":"টেলিযোগাযোগ"},{"$i":"collection-categoryId-376","$v":"বিনোদন"},{"$i":"collection-categoryId-377","$v":"ফুটবল"},{"$i":"collection-categoryId-381","$v":"ধর্ম"},{"$i":"collection-categoryId-382","$v":"ফিটনেস"},{"$i":"collection-categoryId-387","$v":"বাহিরের কার্যকলাপ"},{"$i":"collection-categoryId-399","$v":"DIY"},{"$i":"collection-categoryId-449","$v":"আমি খুব বিরক্ত হয়ে গেছি"},{"$i":"collection-categoryId-462","$v":"ধারাবাহিক"},{"$i":"collection-categoryId-463","$v":"রাজনীতি"},{"$i":"collection-categoryId-473","$v":"ক্রিকেট"},{"$i":"collection-categoryId-491","$v":"বিশ্বকাপ"},{"$i":"collection-categoryId-501","$v":"ব্রাজিলিয়ান অ্যাপ"},{"$i":"collection-categoryId-504","$v":"বলিউড"},{"$i":"collection-categoryId-505","$v":"খাদ্য ও পানীয়"},{"$i":"collection-categoryId-507","$v":"ভ্রমণ ও স্থানীয়"},{"$i":"collection-categoryId-510","$v":"প্রযুক্তি ও বিজ্ঞান"},{"$i":"collection-categoryId-511","$v":"মিডিয়া ও ভিডিও"},{"$i":"collection-categoryId-512","$v":"স্বাস্থ্য এবং ফিটনেস"},{"$i":"collection-categoryId-513","$v":"ব্যবসা"},{"$i":"collection-categoryId-520","$v":"সাইক্লিং"},{"$i":"collection-categoryId-521","$v":"সার্ফ"},{"$i":"gaia-grid-stop-download-title","$v":[{"t":"idOrVar","v":"name"}," বন্ধ করুন"]},{"$i":"gaia-grid-stop-download-body","$v":"আপনি কি আপনার ডাউনলোড থামাতে চান?"},{"$i":"gaia-grid-stop-download-action","$v":"থামুন"},{"$i":"gaia-grid-resume-download-title","$v":"নতুন করে ডাউনলোড করুন"},{"$i":"gaia-grid-resume-download-body","$v":["আপনি কি ",{"t":"idOrVar","v":"name"}," ডাউনলোড করতে চান?"]},{"$i":"gaia-grid-resume-download-action","$v":"ডাউনলোড"},{"$i":"gaia-grid-cancel","$v":"বাতিল করুন"},{"$i":"gaia-grid-toggle-collapsed","ariaLabel":"Expand group"},{"$i":"gaia-grid-toggle-expanded","ariaLabel":"Collapse group"},{"$i":"gaia-grid-enter-group-name","$v":"Enter a group name"},{"$i":"gaia-menu-cancel","$v":"বাতিল"}]