[{"$i":"search-or-enter-address","placeholder":"Escriviu una cerca o adreça"},{"$i":"delete-title","$v":["Elimina ",{"t":"idOrVar","v":"name"}]},{"$i":"delete-body","$v":["S'eliminarà «",{"t":"idOrVar","v":"name"},"» i totes les seves dades."]},{"$i":"delete","$v":"Elimina"},{"$i":"cancel","$v":"Cancel·la"},{"$i":"homescreen-settings","$v":"Paràmetres de la pantalla d'inici"},{"$i":"change-wallpaper","$v":"Canvia el fons de pantalla"},{"$i":"add-smart-collections","$v":"Afegeix col·leccions intel·ligents"},{"$i":"edit-mode","$v":"Edita"},{"$i":"edit-done","$v":"Fet"},{"$i":"stop-download-title","$v":["Atura ",{"t":"idOrVar","v":"name"}]},{"$i":"stop-download-body","$v":"Voleu aturar la baixada en curs?"},{"$i":"stop-download-action","$v":"Atura"},{"$i":"resume-download-title","$v":"Reinicia la baixada"},{"$i":"resume-download-body","$v":["Voleu baixar ",{"t":"idOrVar","v":"name"},"?"]},{"$i":"resume-download-action","$v":"Baixa"},{"$i":"edit-group-header","$v":"Edita el grup"},{"$i":"collection-categoryId-22","$v":"Llibres"},{"$i":"collection-categoryId-142","$v":"Música"},{"$i":"collection-categoryId-181","$v":"Pel·lícules"},{"$i":"collection-categoryId-194","$v":"Internet"},{"$i":"collection-categoryId-207","$v":"Jocs"},{"$i":"collection-categoryId-211","$v":"Vídeo"},{"$i":"collection-categoryId-213","$v":"TV"},{"$i":"collection-categoryId-220","$v":"Restaurants"},{"$i":"collection-categoryId-225","$v":"Famosos"},{"$i":"collection-categoryId-238","$v":"Compres"},{"$i":"collection-categoryId-242","$v":"Imatges"},{"$i":"collection-categoryId-244","$v":"Tecnologia"},{"$i":"collection-categoryId-245","$v":"Notícies"},{"$i":"collection-categoryId-248","$v":"Correu"},{"$i":"collection-categoryId-249","$v":"Temps"},{"$i":"collection-categoryId-256","$v":"Cultura"},{"$i":"collection-categoryId-260","$v":"Esports"},{"$i":"collection-categoryId-270","$v":"Receptes"},{"$i":"collection-categoryId-271","$v":"Referència"},{"$i":"collection-categoryId-272","$v":"Guies de viatge"},{"$i":"collection-categoryId-274","$v":"Feina"},{"$i":"collection-categoryId-275","$v":"Medicina"},{"$i":"collection-categoryId-277","$v":"Divertit"},{"$i":"collection-categoryId-279","$v":"Aprenentatge i educació"},{"$i":"collection-categoryId-282","$v":"Moda"},{"$i":"collection-categoryId-286","$v":"Electrònica"},{"$i":"collection-categoryId-288","$v":"Cotxes"},{"$i":"collection-categoryId-289","$v":"Social"},{"$i":"collection-categoryId-291","$v":"Videojocs"},{"$i":"collection-categoryId-292","$v":"Ofertes"},{"$i":"collection-categoryId-294","$v":"Comunicació personal"},{"$i":"collection-categoryId-296","$v":"Al meu voltant"},{"$i":"collection-categoryId-297","$v":"Astrologia"},{"$i":"collection-categoryId-302","$v":"Mainada"},{"$i":"collection-categoryId-303","$v":"Serveis financers"},{"$i":"collection-categoryId-306","$v":"Viatges"},{"$i":"collection-categoryId-316","$v":"Hotels"},{"$i":"collection-categoryId-320","$v":"Cites"},{"$i":"collection-categoryId-321","$v":"Notícies financeres"},{"$i":"collection-categoryId-325","$v":"Beisbol"},{"$i":"collection-categoryId-338","$v":"Classificats"},{"$i":"collection-categoryId-347","$v":"Nadons"},{"$i":"collection-categoryId-349","$v":"Fotografia"},{"$i":"collection-categoryId-356","$v":"Bellesa"},{"$i":"collection-categoryId-357","$v":"Utilitats"},{"$i":"collection-categoryId-360","$v":"Productivitat"},{"$i":"collection-categoryId-365","$v":"Còmics"},{"$i":"collection-categoryId-366","$v":"Estil de vida"},{"$i":"collection-categoryId-368","$v":"Personalització"},{"$i":"collection-categoryId-372","$v":"Transport"},{"$i":"collection-categoryId-373","$v":"Telecomunicacions"},{"$i":"collection-categoryId-376","$v":"Entreteniment"},{"$i":"collection-categoryId-377","$v":"Futbol"},{"$i":"collection-categoryId-381","$v":"Religió"},{"$i":"collection-categoryId-382","$v":"Benestar"},{"$i":"collection-categoryId-387","$v":"Activitats de lleure"},{"$i":"collection-categoryId-399","$v":"Bricolatge"},{"$i":"collection-categoryId-449","$v":"Estic avorrit"},{"$i":"collection-categoryId-462","$v":"Telenovel·les"},{"$i":"collection-categoryId-463","$v":"Política"},{"$i":"collection-categoryId-473","$v":"Criquet "},{"$i":"collection-categoryId-491","$v":"Copa del món"},{"$i":"collection-categoryId-501","$v":"Aplicacions brasileres"},{"$i":"collection-categoryId-504","$v":"Bollywood"},{"$i":"collection-categoryId-505","$v":"Queviures"},{"$i":"collection-categoryId-507","$v":"Viatges i local"},{"$i":"collection-categoryId-510","$v":"Ciència i tecnologia"},{"$i":"collection-categoryId-511","$v":"Mitjans i vídeo"},{"$i":"collection-categoryId-512","$v":"Salut i benestar"},{"$i":"collection-categoryId-513","$v":"Negocis"},{"$i":"collection-categoryId-520","$v":"Ciclisme"},{"$i":"collection-categoryId-521","$v":"Surf"},{"$i":"gaia-grid-stop-download-title","$v":["Atura ",{"t":"idOrVar","v":"name"}]},{"$i":"gaia-grid-stop-download-body","$v":"Voleu aturar la baixada en curs?"},{"$i":"gaia-grid-stop-download-action","$v":"Atura"},{"$i":"gaia-grid-resume-download-title","$v":"Reinicia la baixada"},{"$i":"gaia-grid-resume-download-body","$v":["Voleu baixar ",{"t":"idOrVar","v":"name"},"?"]},{"$i":"gaia-grid-resume-download-action","$v":"Baixa"},{"$i":"gaia-grid-cancel","$v":"Cancel·la"},{"$i":"gaia-grid-toggle-collapsed","ariaLabel":"Expand group"},{"$i":"gaia-grid-toggle-expanded","ariaLabel":"Collapse group"},{"$i":"gaia-grid-enter-group-name","$v":"Escriviu un nom del grup"},{"$i":"gaia-menu-cancel","$v":"Cancel·la"}]