[{"$i":"search-or-enter-address","placeholder":"Διεύθυνση ή αναζήτηση"},{"$i":"delete-title","$v":"Διαγράφη εφαρμογής"},{"$i":"delete-body","$v":["Η εφαρμογή ",{"t":"idOrVar","v":"name"}," και όλα της τα δεδομένα θα διαγραφούν."]},{"$i":"delete","$v":"Διαγραφή"},{"$i":"cancel","$v":"Ακύρωση"},{"$i":"homescreen-settings","$v":"Ρυθμίσεις αρχικής οθόνης"},{"$i":"change-wallpaper","$v":"Αλλαγή ταπετσαρίας"},{"$i":"add-smart-collections","$v":"Προσθήκη έξυπνων συλλογών"},{"$i":"edit-mode","$v":"Επεξεργασία"},{"$i":"edit-done","$v":"ΟΚ"},{"$i":"stop-download-title","$v":["Διακοπή ",{"t":"idOrVar","v":"name"}]},{"$i":"stop-download-body","$v":"Θέλετε να διακόψετε τη τρέχουσα λήψη;"},{"$i":"stop-download-action","$v":"Διακοπή"},{"$i":"resume-download-title","$v":"Επανεκκίνηση λήψης"},{"$i":"resume-download-body","$v":["Θέλετε να γίνει λήψη του ",{"t":"idOrVar","v":"name"},"?"]},{"$i":"resume-download-action","$v":"Λήψη"},{"$i":"edit-group-header","$v":"Edit group"},{"$i":"collection-categoryId-22","$v":"Βιβλία"},{"$i":"collection-categoryId-142","$v":"Μουσική"},{"$i":"collection-categoryId-181","$v":"Ταινίες"},{"$i":"collection-categoryId-194","$v":"Διαδίκτυο"},{"$i":"collection-categoryId-207","$v":"Παιχνίδια"},{"$i":"collection-categoryId-211","$v":"Βίντεο"},{"$i":"collection-categoryId-213","$v":"Τηλεόραση"},{"$i":"collection-categoryId-220","$v":"Εστιατόρια"},{"$i":"collection-categoryId-225","$v":"Διάσημοι"},{"$i":"collection-categoryId-238","$v":"Αγορές"},{"$i":"collection-categoryId-242","$v":"Εικόνες"},{"$i":"collection-categoryId-244","$v":"Τεχνολογία"},{"$i":"collection-categoryId-245","$v":"Ειδήσεις"},{"$i":"collection-categoryId-248","$v":"Email"},{"$i":"collection-categoryId-249","$v":"Καιρός"},{"$i":"collection-categoryId-256","$v":"Πολιτισμός"},{"$i":"collection-categoryId-260","$v":"Αθλητικά"},{"$i":"collection-categoryId-270","$v":"Συνταγές"},{"$i":"collection-categoryId-271","$v":"Πληροφόρηση"},{"$i":"collection-categoryId-272","$v":"Ταξιδιωτικοί Οδηγοί"},{"$i":"collection-categoryId-274","$v":"Εργασία"},{"$i":"collection-categoryId-275","$v":"Ιατρικά"},{"$i":"collection-categoryId-277","$v":"Αστεία"},{"$i":"collection-categoryId-279","$v":"Εκμάθηση και Εκπαίδευση"},{"$i":"collection-categoryId-282","$v":"Μόδα"},{"$i":"collection-categoryId-286","$v":"Ηλεκτρονικά"},{"$i":"collection-categoryId-288","$v":"Αυτοκίνητα"},{"$i":"collection-categoryId-289","$v":"Κοινωνικά"},{"$i":"collection-categoryId-291","$v":"Ηλεκτρονικά παιχνίδια"},{"$i":"collection-categoryId-292","$v":"Ημερήσιες προσφορές"},{"$i":"collection-categoryId-294","$v":"Προσωπική επικοινωνία"},{"$i":"collection-categoryId-296","$v":"Κοντά μου"},{"$i":"collection-categoryId-297","$v":"Αστρολογία"},{"$i":"collection-categoryId-302","$v":"Παιδιά"},{"$i":"collection-categoryId-303","$v":"Οικονομικές υπηρεσίες"},{"$i":"collection-categoryId-306","$v":"Ταξίδια"},{"$i":"collection-categoryId-316","$v":"Ξενοδοχεία"},{"$i":"collection-categoryId-320","$v":"Γνωριμίες"},{"$i":"collection-categoryId-321","$v":"Οικονομικά νέα"},{"$i":"collection-categoryId-325","$v":"Μπέιζμπολ"},{"$i":"collection-categoryId-338","$v":"Αγγελίες"},{"$i":"collection-categoryId-347","$v":"Μωρά"},{"$i":"collection-categoryId-349","$v":"Φωτογραφία"},{"$i":"collection-categoryId-356","$v":"Ομορφιά"},{"$i":"collection-categoryId-357","$v":"Εργαλεία"},{"$i":"collection-categoryId-360","$v":"Παραγωγικότητα"},{"$i":"collection-categoryId-365","$v":"Κόμικ"},{"$i":"collection-categoryId-366","$v":"Lifestyle"},{"$i":"collection-categoryId-368","$v":"Εξατομίκευση"},{"$i":"collection-categoryId-372","$v":"Μεταφορές"},{"$i":"collection-categoryId-373","$v":"Επικοινωνία"},{"$i":"collection-categoryId-376","$v":"Διασκέδαση"},{"$i":"collection-categoryId-377","$v":"Ποδόσφαιρο"},{"$i":"collection-categoryId-381","$v":"Θρησκεία"},{"$i":"collection-categoryId-382","$v":"Φυσική κατάσταση"},{"$i":"collection-categoryId-387","$v":"Δραστηριότητες"},{"$i":"collection-categoryId-399","$v":"DIY"},{"$i":"collection-categoryId-449","$v":"Βαριέμαι"},{"$i":"collection-categoryId-462","$v":"Σαπουνόπερες"},{"$i":"collection-categoryId-463","$v":"Πολιτικά"},{"$i":"collection-categoryId-473","$v":"Κρίκετ"},{"$i":"collection-categoryId-491","$v":"Παγκόσμιο Κύπελλο"},{"$i":"collection-categoryId-501","$v":"Βραζιλιάνικες εφαρμογές"},{"$i":"collection-categoryId-504","$v":"Bollywood"},{"$i":"collection-categoryId-505","$v":"Φαγητά και ποτά"},{"$i":"collection-categoryId-507","$v":"Ταξίδια και τοπικές πληροφορίες"},{"$i":"collection-categoryId-510","$v":"Τεχνολογία και επιστήμη"},{"$i":"collection-categoryId-511","$v":"Πολυμέσα και βίντεο"},{"$i":"collection-categoryId-512","$v":"Υγεία και φυσική κατάσταση"},{"$i":"collection-categoryId-513","$v":"Επιχειρήσεις"},{"$i":"collection-categoryId-520","$v":"Ποδήλατο"},{"$i":"collection-categoryId-521","$v":"Σερφ"},{"$i":"gaia-grid-stop-download-title","$v":["Διακοπή ",{"t":"idOrVar","v":"name"}]},{"$i":"gaia-grid-stop-download-body","$v":"Θέλετε να διακόψετε τη τρέχουσα λήψη;"},{"$i":"gaia-grid-stop-download-action","$v":"Διακοπή"},{"$i":"gaia-grid-resume-download-title","$v":"Επανεκκίνηση λήψης"},{"$i":"gaia-grid-resume-download-body","$v":["Θέλετε να γίνει λήψη του ",{"t":"idOrVar","v":"name"},"?"]},{"$i":"gaia-grid-resume-download-action","$v":"Λήψη"},{"$i":"gaia-grid-cancel","$v":"Ακύρωση"},{"$i":"gaia-grid-toggle-collapsed","ariaLabel":"Expand group"},{"$i":"gaia-grid-toggle-expanded","ariaLabel":"Collapse group"},{"$i":"gaia-grid-enter-group-name","$v":"Enter a group name"},{"$i":"gaia-menu-cancel","$v":"Ακύρωση"}]