[{"$i":"search-or-enter-address","placeholder":"Busque o escriba dirección"},{"$i":"delete-title","$v":["Borrar ",{"t":"idOrVar","v":"name"}]},{"$i":"delete-body","$v":[{"t":"idOrVar","v":"name"}," y todos sus datos serán borrados."]},{"$i":"delete","$v":"Borrar"},{"$i":"cancel","$v":"Cancelar"},{"$i":"homescreen-settings","$v":"Ajustes pantalla de inicio"},{"$i":"change-wallpaper","$v":"Cambiar fondo de pantalla"},{"$i":"add-smart-collections","$v":"Añadir colecciones inteligentes"},{"$i":"edit-mode","$v":"Editar"},{"$i":"edit-done","$v":"Hecho"},{"$i":"stop-download-title","$v":["Parar ",{"t":"idOrVar","v":"name"}]},{"$i":"stop-download-body","$v":"¿Desea parar la descarga en curso?"},{"$i":"stop-download-action","$v":"Parar"},{"$i":"resume-download-title","$v":"Reiniciar descarga"},{"$i":"resume-download-body","$v":["¿Quiere descargar ",{"t":"idOrVar","v":"name"},"?"]},{"$i":"resume-download-action","$v":"Descargar"},{"$i":"edit-group-header","$v":"Editar grupo"},{"$i":"collection-categoryId-22","$v":"Libros"},{"$i":"collection-categoryId-142","$v":"Música"},{"$i":"collection-categoryId-181","$v":"Películas"},{"$i":"collection-categoryId-194","$v":"Internet"},{"$i":"collection-categoryId-207","$v":"Juegos"},{"$i":"collection-categoryId-211","$v":"Vídeo"},{"$i":"collection-categoryId-213","$v":"TV"},{"$i":"collection-categoryId-220","$v":"Restaurantes"},{"$i":"collection-categoryId-225","$v":"Famosos"},{"$i":"collection-categoryId-238","$v":"Compras"},{"$i":"collection-categoryId-242","$v":"Imágenes"},{"$i":"collection-categoryId-244","$v":"Tecnología"},{"$i":"collection-categoryId-245","$v":"Noticias"},{"$i":"collection-categoryId-248","$v":"Correo"},{"$i":"collection-categoryId-249","$v":"Tiempo"},{"$i":"collection-categoryId-256","$v":"Cultura"},{"$i":"collection-categoryId-260","$v":"Deportes"},{"$i":"collection-categoryId-270","$v":"Recetas"},{"$i":"collection-categoryId-271","$v":"Referencia"},{"$i":"collection-categoryId-272","$v":"Guías de viaje"},{"$i":"collection-categoryId-274","$v":"Trabajos"},{"$i":"collection-categoryId-275","$v":"Médico"},{"$i":"collection-categoryId-277","$v":"Diversión"},{"$i":"collection-categoryId-279","$v":"Aprender y educar"},{"$i":"collection-categoryId-282","$v":"Moda"},{"$i":"collection-categoryId-286","$v":"Electrónica"},{"$i":"collection-categoryId-288","$v":"Coches"},{"$i":"collection-categoryId-289","$v":"Social"},{"$i":"collection-categoryId-291","$v":"Videojuegos"},{"$i":"collection-categoryId-292","$v":"Ofertas"},{"$i":"collection-categoryId-294","$v":"Comunicación personal"},{"$i":"collection-categoryId-296","$v":"Cerca de mi"},{"$i":"collection-categoryId-297","$v":"Astrología"},{"$i":"collection-categoryId-302","$v":"Niños"},{"$i":"collection-categoryId-303","$v":"Servicios financieros"},{"$i":"collection-categoryId-306","$v":"Viajes"},{"$i":"collection-categoryId-316","$v":"Hoteles"},{"$i":"collection-categoryId-320","$v":"Amistad"},{"$i":"collection-categoryId-321","$v":"Noticias financieras"},{"$i":"collection-categoryId-325","$v":"Béisbol"},{"$i":"collection-categoryId-338","$v":"Clasificados"},{"$i":"collection-categoryId-347","$v":"Bebés"},{"$i":"collection-categoryId-349","$v":"Fotografía"},{"$i":"collection-categoryId-356","$v":"Belleza"},{"$i":"collection-categoryId-357","$v":"Utilidades"},{"$i":"collection-categoryId-360","$v":"Productividad"},{"$i":"collection-categoryId-365","$v":"Cómics"},{"$i":"collection-categoryId-366","$v":"Estilo de vida"},{"$i":"collection-categoryId-368","$v":"Personalización"},{"$i":"collection-categoryId-372","$v":"Transporte"},{"$i":"collection-categoryId-373","$v":"Telecomunicaciones"},{"$i":"collection-categoryId-376","$v":"Entretenimiento"},{"$i":"collection-categoryId-377","$v":"Fútbol"},{"$i":"collection-categoryId-381","$v":"Religión"},{"$i":"collection-categoryId-382","$v":"Fitness"},{"$i":"collection-categoryId-387","$v":"Actividades al aire libre"},{"$i":"collection-categoryId-399","$v":"DIY"},{"$i":"collection-categoryId-449","$v":"Me aburro"},{"$i":"collection-categoryId-462","$v":"Telenovelas"},{"$i":"collection-categoryId-463","$v":"Política"},{"$i":"collection-categoryId-473","$v":"Cricket"},{"$i":"collection-categoryId-491","$v":"Mundial"},{"$i":"collection-categoryId-501","$v":"Apps de Brasil"},{"$i":"collection-categoryId-504","$v":"Bollywood"},{"$i":"collection-categoryId-505","$v":"Comida y bebida"},{"$i":"collection-categoryId-507","$v":"Viajes y local"},{"$i":"collection-categoryId-510","$v":"Tecnología y ciencia"},{"$i":"collection-categoryId-511","$v":"Audiovisual"},{"$i":"collection-categoryId-512","$v":"Salud y bienestar"},{"$i":"collection-categoryId-513","$v":"Empresas"},{"$i":"collection-categoryId-520","$v":"Ciclismo"},{"$i":"collection-categoryId-521","$v":"Surf"},{"$i":"gaia-grid-stop-download-title","$v":["Parar ",{"t":"idOrVar","v":"name"}]},{"$i":"gaia-grid-stop-download-body","$v":"¿Desea parar la descarga en curso?"},{"$i":"gaia-grid-stop-download-action","$v":"Parar"},{"$i":"gaia-grid-resume-download-title","$v":"Reiniciar descarga"},{"$i":"gaia-grid-resume-download-body","$v":["¿Desea descargar ",{"t":"idOrVar","v":"name"},"?"]},{"$i":"gaia-grid-resume-download-action","$v":"Descargar"},{"$i":"gaia-grid-cancel","$v":"Cancelar"},{"$i":"gaia-grid-toggle-collapsed","ariaLabel":"Expand group"},{"$i":"gaia-grid-toggle-expanded","ariaLabel":"Collapse group"},{"$i":"gaia-grid-enter-group-name","$v":"Escriba nombre de grupo"},{"$i":"gaia-menu-cancel","$v":"Cancelar"}]