[{"$i":"search-or-enter-address","placeholder":"Recherche ou adresse"},{"$i":"delete-title","$v":["Supprimer ",{"t":"idOrVar","v":"name"}]},{"$i":"delete-body","$v":[{"t":"idOrVar","v":"name"}," et toutes ses données seront supprimés."]},{"$i":"delete","$v":"Supprimer"},{"$i":"cancel","$v":"Annuler"},{"$i":"homescreen-settings","$v":"Paramètres de l’écran d’accueil"},{"$i":"change-wallpaper","$v":"Changer le fond d’écran"},{"$i":"add-smart-collections","$v":"Ajouter des collections intelligentes"},{"$i":"edit-mode","$v":"Mode édition"},{"$i":"edit-done","$v":"Terminé"},{"$i":"stop-download-title","$v":["Arrêter ",{"t":"idOrVar","v":"name"}]},{"$i":"stop-download-body","$v":"Voulez-vous arrêter le téléchargement en cours ?"},{"$i":"stop-download-action","$v":"Arrêter"},{"$i":"resume-download-title","$v":"Redémarrer le téléchargement"},{"$i":"resume-download-body","$v":["Voulez-vous télécharger ",{"t":"idOrVar","v":"name"}," ?"]},{"$i":"resume-download-action","$v":"Télécharger"},{"$i":"edit-group-header","$v":"Modifier le groupe"},{"$i":"collection-categoryId-22","$v":"Livres"},{"$i":"collection-categoryId-142","$v":"Musique"},{"$i":"collection-categoryId-181","$v":"Films"},{"$i":"collection-categoryId-194","$v":"Internet"},{"$i":"collection-categoryId-207","$v":"Jeux"},{"$i":"collection-categoryId-211","$v":"Vidéo"},{"$i":"collection-categoryId-213","$v":"TV"},{"$i":"collection-categoryId-220","$v":"Restaurants"},{"$i":"collection-categoryId-225","$v":"Célébrités"},{"$i":"collection-categoryId-238","$v":"Shopping"},{"$i":"collection-categoryId-242","$v":"Images"},{"$i":"collection-categoryId-244","$v":"Technologie"},{"$i":"collection-categoryId-245","$v":"Actualité"},{"$i":"collection-categoryId-248","$v":"Courriels"},{"$i":"collection-categoryId-249","$v":"Météo"},{"$i":"collection-categoryId-256","$v":"Culture"},{"$i":"collection-categoryId-260","$v":"Sport"},{"$i":"collection-categoryId-270","$v":"Recettes"},{"$i":"collection-categoryId-271","$v":"Référence"},{"$i":"collection-categoryId-272","$v":"Guides touristiques"},{"$i":"collection-categoryId-274","$v":"Emploi"},{"$i":"collection-categoryId-275","$v":"Santé"},{"$i":"collection-categoryId-277","$v":"Humour"},{"$i":"collection-categoryId-279","$v":"Enseignement"},{"$i":"collection-categoryId-282","$v":"Mode"},{"$i":"collection-categoryId-286","$v":"Électronique"},{"$i":"collection-categoryId-288","$v":"Automobile"},{"$i":"collection-categoryId-289","$v":"Social"},{"$i":"collection-categoryId-291","$v":"Jeux vidéo"},{"$i":"collection-categoryId-292","$v":"Bons plans"},{"$i":"collection-categoryId-294","$v":"Communication personnelle"},{"$i":"collection-categoryId-296","$v":"Autour de moi"},{"$i":"collection-categoryId-297","$v":"Astrologie"},{"$i":"collection-categoryId-302","$v":"Enfants"},{"$i":"collection-categoryId-303","$v":"Services financiers"},{"$i":"collection-categoryId-306","$v":"Voyages"},{"$i":"collection-categoryId-316","$v":"Hôtels"},{"$i":"collection-categoryId-320","$v":"Rencontres"},{"$i":"collection-categoryId-321","$v":"Finance"},{"$i":"collection-categoryId-325","$v":"Baseball"},{"$i":"collection-categoryId-338","$v":"Petites annonces"},{"$i":"collection-categoryId-347","$v":"Bébé"},{"$i":"collection-categoryId-349","$v":"Photographie"},{"$i":"collection-categoryId-356","$v":"Beauté"},{"$i":"collection-categoryId-357","$v":"Utilitaires"},{"$i":"collection-categoryId-360","$v":"Productivité"},{"$i":"collection-categoryId-365","$v":"Dessins humoristiques"},{"$i":"collection-categoryId-366","$v":"Mode de vie"},{"$i":"collection-categoryId-368","$v":"Personnalisation"},{"$i":"collection-categoryId-372","$v":"Transports"},{"$i":"collection-categoryId-373","$v":"Télécommunications"},{"$i":"collection-categoryId-376","$v":"Divertissement"},{"$i":"collection-categoryId-377","$v":"Football"},{"$i":"collection-categoryId-381","$v":"Religion"},{"$i":"collection-categoryId-382","$v":"Fitness"},{"$i":"collection-categoryId-387","$v":"Activités de plein air"},{"$i":"collection-categoryId-399","$v":"Bricolage"},{"$i":"collection-categoryId-449","$v":"Je m’ennuie"},{"$i":"collection-categoryId-462","$v":"Telenovelas"},{"$i":"collection-categoryId-463","$v":"Politique"},{"$i":"collection-categoryId-473","$v":"Cricket"},{"$i":"collection-categoryId-491","$v":"Coupe du monde"},{"$i":"collection-categoryId-501","$v":"Applications Brésiliennes"},{"$i":"collection-categoryId-504","$v":"Bollywood"},{"$i":"collection-categoryId-505","$v":"Nourriture et boissons"},{"$i":"collection-categoryId-507","$v":"Voyages"},{"$i":"collection-categoryId-510","$v":"Science et technologie"},{"$i":"collection-categoryId-511","$v":"Média et vidéo"},{"$i":"collection-categoryId-512","$v":"Remise en forme"},{"$i":"collection-categoryId-513","$v":"Commerce"},{"$i":"collection-categoryId-520","$v":"Cyclisme"},{"$i":"collection-categoryId-521","$v":"Surf"},{"$i":"gaia-grid-stop-download-title","$v":["Arrêter ",{"t":"idOrVar","v":"name"}]},{"$i":"gaia-grid-stop-download-body","$v":"Voulez-vous arrêter le téléchargement en cours ?"},{"$i":"gaia-grid-stop-download-action","$v":"Arrêter"},{"$i":"gaia-grid-resume-download-title","$v":"Redémarrer le téléchargement"},{"$i":"gaia-grid-resume-download-body","$v":["Voulez-vous télécharger ",{"t":"idOrVar","v":"name"}," ?"]},{"$i":"gaia-grid-resume-download-action","$v":"Télécharger"},{"$i":"gaia-grid-cancel","$v":"Annuler"},{"$i":"gaia-grid-toggle-collapsed","ariaLabel":"Développer le groupe"},{"$i":"gaia-grid-toggle-expanded","ariaLabel":"Réduire le groupe"},{"$i":"gaia-grid-enter-group-name","$v":"Saisir un nom de groupe"},{"$i":"gaia-menu-cancel","$v":"Annuler"}]