[{"$i":"search-or-enter-address","placeholder":"Cerca o scrivi un indirizzo"},{"$i":"delete-title","$v":["Elimina ",{"t":"idOrVar","v":"name"}]},{"$i":"delete-body","$v":[{"t":"idOrVar","v":"name"}," e tutti i relativi dati verranno eliminati."]},{"$i":"delete","$v":"Elimina"},{"$i":"cancel","$v":"Annulla"},{"$i":"homescreen-settings","$v":"Impostazioni schermata"},{"$i":"change-wallpaper","$v":"Cambia sfondo"},{"$i":"add-smart-collections","$v":"Aggiungi Raccolte smart"},{"$i":"edit-mode","$v":"Modifica"},{"$i":"edit-done","$v":"Fine"},{"$i":"stop-download-title","$v":["Interrompi ",{"t":"idOrVar","v":"name"}]},{"$i":"stop-download-body","$v":"Interrompere il download in corso?"},{"$i":"stop-download-action","$v":"Interrompi"},{"$i":"resume-download-title","$v":"Riavvio download"},{"$i":"resume-download-body","$v":["Procedere con il download di ",{"t":"idOrVar","v":"name"},"?"]},{"$i":"resume-download-action","$v":"Scarica"},{"$i":"edit-group-header","$v":"Modifica gruppo"},{"$i":"collection-categoryId-22","$v":"Libri"},{"$i":"collection-categoryId-142","$v":"Musica"},{"$i":"collection-categoryId-181","$v":"Film"},{"$i":"collection-categoryId-194","$v":"Internet"},{"$i":"collection-categoryId-207","$v":"Giochi"},{"$i":"collection-categoryId-211","$v":"Video"},{"$i":"collection-categoryId-213","$v":"TV"},{"$i":"collection-categoryId-220","$v":"Ristoranti"},{"$i":"collection-categoryId-225","$v":"Celebrità"},{"$i":"collection-categoryId-238","$v":"Shopping"},{"$i":"collection-categoryId-242","$v":"Immagini"},{"$i":"collection-categoryId-244","$v":"Tecnologia"},{"$i":"collection-categoryId-245","$v":"Notizie"},{"$i":"collection-categoryId-248","$v":"Email"},{"$i":"collection-categoryId-249","$v":"Meteo"},{"$i":"collection-categoryId-256","$v":"Cultura"},{"$i":"collection-categoryId-260","$v":"Sport"},{"$i":"collection-categoryId-270","$v":"Ricette"},{"$i":"collection-categoryId-271","$v":"Guide"},{"$i":"collection-categoryId-272","$v":"Guide turistiche"},{"$i":"collection-categoryId-274","$v":"Lavoro"},{"$i":"collection-categoryId-275","$v":"Medicina"},{"$i":"collection-categoryId-277","$v":"Divertenti"},{"$i":"collection-categoryId-279","$v":"Cultura ed educazione"},{"$i":"collection-categoryId-282","$v":"Moda"},{"$i":"collection-categoryId-286","$v":"Elettronica"},{"$i":"collection-categoryId-288","$v":"Auto"},{"$i":"collection-categoryId-289","$v":"Social"},{"$i":"collection-categoryId-291","$v":"Videogiochi"},{"$i":"collection-categoryId-292","$v":"Occasioni"},{"$i":"collection-categoryId-294","$v":"Comunicazione"},{"$i":"collection-categoryId-296","$v":"Vicino a me"},{"$i":"collection-categoryId-297","$v":"Astrologia"},{"$i":"collection-categoryId-302","$v":"Bambini"},{"$i":"collection-categoryId-303","$v":"Servizi finanziari"},{"$i":"collection-categoryId-306","$v":"Viaggi"},{"$i":"collection-categoryId-316","$v":"Hotel"},{"$i":"collection-categoryId-320","$v":"Appuntamenti"},{"$i":"collection-categoryId-321","$v":"Notizie finanziarie"},{"$i":"collection-categoryId-325","$v":"Baseball"},{"$i":"collection-categoryId-338","$v":"Annunci"},{"$i":"collection-categoryId-347","$v":"Bambino"},{"$i":"collection-categoryId-349","$v":"Fotografia"},{"$i":"collection-categoryId-356","$v":"Bellezza"},{"$i":"collection-categoryId-357","$v":"Strumenti utili"},{"$i":"collection-categoryId-360","$v":"Produttività"},{"$i":"collection-categoryId-365","$v":"Fumetti"},{"$i":"collection-categoryId-366","$v":"Stile di vita"},{"$i":"collection-categoryId-368","$v":"Personalizzazione"},{"$i":"collection-categoryId-372","$v":"Trasporti"},{"$i":"collection-categoryId-373","$v":"Telecomunicazioni"},{"$i":"collection-categoryId-376","$v":"Intrattenimento"},{"$i":"collection-categoryId-377","$v":"Calcio"},{"$i":"collection-categoryId-381","$v":"Religione"},{"$i":"collection-categoryId-382","$v":"Fitness"},{"$i":"collection-categoryId-387","$v":"Attività all’aperto"},{"$i":"collection-categoryId-399","$v":"Fai da te"},{"$i":"collection-categoryId-449","$v":"Mi sto annoiando"},{"$i":"collection-categoryId-462","$v":"Telenovela"},{"$i":"collection-categoryId-463","$v":"Politica"},{"$i":"collection-categoryId-473","$v":"Cricket"},{"$i":"collection-categoryId-491","$v":"Coppa del mondo"},{"$i":"collection-categoryId-501","$v":"App brasiliane"},{"$i":"collection-categoryId-504","$v":"Bollywood"},{"$i":"collection-categoryId-505","$v":"Cibo e vini"},{"$i":"collection-categoryId-507","$v":"Viaggi e luoghi"},{"$i":"collection-categoryId-510","$v":"Tecnologia e scienza"},{"$i":"collection-categoryId-511","$v":"Media e video"},{"$i":"collection-categoryId-512","$v":"Salute e bellezza"},{"$i":"collection-categoryId-513","$v":"Business"},{"$i":"collection-categoryId-520","$v":"Ciclismo"},{"$i":"collection-categoryId-521","$v":"Surf"},{"$i":"gaia-grid-stop-download-title","$v":["Interrompi ",{"t":"idOrVar","v":"name"}]},{"$i":"gaia-grid-stop-download-body","$v":"Interrompere il download in corso?"},{"$i":"gaia-grid-stop-download-action","$v":"Interrompi"},{"$i":"gaia-grid-resume-download-title","$v":"Riavvio download"},{"$i":"gaia-grid-resume-download-body","$v":["Procedere con il download di ",{"t":"idOrVar","v":"name"},"?"]},{"$i":"gaia-grid-resume-download-action","$v":"Scarica"},{"$i":"gaia-grid-cancel","$v":"Annulla"},{"$i":"gaia-grid-toggle-collapsed","ariaLabel":"Espandi gruppo"},{"$i":"gaia-grid-toggle-expanded","ariaLabel":"Contrai gruppo"},{"$i":"gaia-grid-enter-group-name","$v":"Inserire un nome per il gruppo"},{"$i":"gaia-menu-cancel","$v":"Annulla"}]