[{"$i":"search-or-enter-address","placeholder":"Search or enter address"},{"$i":"delete-title","$v":[{"t":"idOrVar","v":"name"}," मेट"]},{"$i":"delete-body","$v":[{"t":"idOrVar","v":"name"}," र यसका सम्पूर्ण डाटाहरु मेटाइनेछ।"]},{"$i":"delete","$v":"मेट्नुहोस्"},{"$i":"cancel","$v":"Cancel"},{"$i":"homescreen-settings","$v":"Homescreen Settings"},{"$i":"change-wallpaper","$v":"वालपपेर बदल्नुहोस"},{"$i":"add-smart-collections","$v":"छरितो संङ्कलनहरु थप्नुहोस्"},{"$i":"edit-mode","$v":"सम्पादन गर्नुहोस्"},{"$i":"edit-done","$v":"पूरा भयो"},{"$i":"stop-download-title","$v":["Stop ",{"t":"idOrVar","v":"name"}]},{"$i":"stop-download-body","$v":"Do you want to stop the download in progress?"},{"$i":"stop-download-action","$v":"Stop"},{"$i":"resume-download-title","$v":"डाउनलोड पुन: सुरु गर्नुहोस"},{"$i":"resume-download-body","$v":["के तपाई ",{"t":"idOrVar","v":"name"}," डाउनलोड गर्न चाहनुहुन्छ?"]},{"$i":"resume-download-action","$v":"Download"},{"$i":"edit-group-header","$v":"Edit group"},{"$i":"collection-categoryId-22","$v":"पुस्तकहरु"},{"$i":"collection-categoryId-142","$v":"सङ्गीत"},{"$i":"collection-categoryId-181","$v":"फिल्महरु"},{"$i":"collection-categoryId-194","$v":"इन्टरनेट"},{"$i":"collection-categoryId-207","$v":"खेलहरू"},{"$i":"collection-categoryId-211","$v":"भिडियो"},{"$i":"collection-categoryId-213","$v":"TV"},{"$i":"collection-categoryId-220","$v":"रेस्टुरेन्टहरु"},{"$i":"collection-categoryId-225","$v":"अभिनेता"},{"$i":"collection-categoryId-238","$v":"किनमेल"},{"$i":"collection-categoryId-242","$v":"फोटोहरु"},{"$i":"collection-categoryId-244","$v":"टेक"},{"$i":"collection-categoryId-245","$v":"समाचार"},{"$i":"collection-categoryId-248","$v":"ई-मेल"},{"$i":"collection-categoryId-249","$v":"मौसम"},{"$i":"collection-categoryId-256","$v":"संस्कृति"},{"$i":"collection-categoryId-260","$v":"Sports"},{"$i":"collection-categoryId-270","$v":"Recipes"},{"$i":"collection-categoryId-271","$v":"Reference"},{"$i":"collection-categoryId-272","$v":"Travel Guides"},{"$i":"collection-categoryId-274","$v":"Jobs"},{"$i":"collection-categoryId-275","$v":"Medical"},{"$i":"collection-categoryId-277","$v":"Funny"},{"$i":"collection-categoryId-279","$v":"Learning & Education"},{"$i":"collection-categoryId-282","$v":"Fashion"},{"$i":"collection-categoryId-286","$v":"Electronics"},{"$i":"collection-categoryId-288","$v":"कारहरु"},{"$i":"collection-categoryId-289","$v":"सामाजिक"},{"$i":"collection-categoryId-291","$v":"भिडियो खेलहरु"},{"$i":"collection-categoryId-292","$v":"दैनिक सम्झौता"},{"$i":"collection-categoryId-294","$v":"व्यक्तिगत सञ्चार"},{"$i":"collection-categoryId-296","$v":"मेरो वरिपरी"},{"$i":"collection-categoryId-297","$v":"ज्योतिष बिज्ञान"},{"$i":"collection-categoryId-302","$v":"केटाकेटीहरु"},{"$i":"collection-categoryId-303","$v":"आर्थिक सेवाहरू"},{"$i":"collection-categoryId-306","$v":"Travel"},{"$i":"collection-categoryId-316","$v":"Hotels"},{"$i":"collection-categoryId-320","$v":"Dating"},{"$i":"collection-categoryId-321","$v":"Financial News"},{"$i":"collection-categoryId-325","$v":"Baseball"},{"$i":"collection-categoryId-338","$v":"Classifieds"},{"$i":"collection-categoryId-347","$v":"Baby"},{"$i":"collection-categoryId-349","$v":"Photography"},{"$i":"collection-categoryId-356","$v":"Beauty"},{"$i":"collection-categoryId-357","$v":"युटिलिटीज"},{"$i":"collection-categoryId-360","$v":"उत्पादकता"},{"$i":"collection-categoryId-365","$v":"कमिक्स"},{"$i":"collection-categoryId-366","$v":"जिवनशैली"},{"$i":"collection-categoryId-368","$v":"व्यक्तिगत"},{"$i":"collection-categoryId-372","$v":"यातायात"},{"$i":"collection-categoryId-373","$v":"दूरसञ्चार"},{"$i":"collection-categoryId-376","$v":"मनोरञ्जन"},{"$i":"collection-categoryId-377","$v":"सकर"},{"$i":"collection-categoryId-381","$v":"Religion"},{"$i":"collection-categoryId-382","$v":"Fitness"},{"$i":"collection-categoryId-387","$v":"Outdoor Activities"},{"$i":"collection-categoryId-399","$v":"DIY"},{"$i":"collection-categoryId-449","$v":"I'm So Bored"},{"$i":"collection-categoryId-462","$v":"Telenovelas"},{"$i":"collection-categoryId-463","$v":"Politics"},{"$i":"collection-categoryId-473","$v":"Cricket"},{"$i":"collection-categoryId-491","$v":"World Cup"},{"$i":"collection-categoryId-501","$v":"ब्राजिलियन एप्स"},{"$i":"collection-categoryId-504","$v":"बलिउड"},{"$i":"collection-categoryId-505","$v":"खाना र पेय पदार्थहरु"},{"$i":"collection-categoryId-507","$v":"यात्रा र स्थानीय"},{"$i":"collection-categoryId-510","$v":"टेक र बिज्ञान"},{"$i":"collection-categoryId-511","$v":"मिडिया र भिडियो"},{"$i":"collection-categoryId-512","$v":"स्वास्थ्य तथा तन्दुरुस्ती"},{"$i":"collection-categoryId-513","$v":"ब्यापार"},{"$i":"collection-categoryId-520","$v":"साइक्लिंग"},{"$i":"collection-categoryId-521","$v":"Surf"},{"$i":"gaia-grid-stop-download-title","$v":["बन्द",{"t":"idOrVar","v":"name"}]},{"$i":"gaia-grid-stop-download-body","$v":"तपाई यो डाउनलोडको प्रगतिलाई रोक्न चाहनुहुन्छ? "},{"$i":"gaia-grid-stop-download-action","$v":"बन्द"},{"$i":"gaia-grid-resume-download-title","$v":"डाउनलोड फेरी सुरु गर्नुहोस्"},{"$i":"gaia-grid-resume-download-body","$v":["के तपाई ",{"t":"idOrVar","v":"name"}," डाउनलोड गर्न चाहनुहुन्छ?"]},{"$i":"gaia-grid-resume-download-action","$v":"डाउनलोड"},{"$i":"gaia-grid-cancel","$v":"रद्द गर्नुहोस्"},{"$i":"gaia-grid-toggle-collapsed","ariaLabel":"Expand group"},{"$i":"gaia-grid-toggle-expanded","ariaLabel":"Collapse group"},{"$i":"gaia-grid-enter-group-name","$v":"Enter a group name"},{"$i":"gaia-menu-cancel","$v":"रद्द गर्नुहोस्"}]