[{"$i":"search-or-enter-address","placeholder":"ਖੋਜੋ ਜਾਂ ਸਿਰਨਾਵਾਂ ਦਿਓ"},{"$i":"delete-title","$v":[{"t":"idOrVar","v":"name"}," ਹਟਾਓ"]},{"$i":"delete-body","$v":[{"t":"idOrVar","v":"name"}," ਤੇ ਇਸ ਦਾ ਸਾਰਾ ਡਾਟਾ ਹਟਾਇਆ ਜਾਵੇਗਾ।"]},{"$i":"delete","$v":"ਹਟਾਓ"},{"$i":"cancel","$v":"ਰੱਦ ਕਰੋ"},{"$i":"homescreen-settings","$v":"ਮੁੱਖ ਸਕਰੀਨ ਸੈਟਿੰਗ"},{"$i":"change-wallpaper","$v":"ਵਾਲਪੇਪਰ ਬਦਲੋ"},{"$i":"add-smart-collections","$v":"ਚੁਸਤ ਭੰਡਾਰ ਵਿੱਚ ਜੋੜੋ"},{"$i":"edit-mode","$v":"ਸੋਧ"},{"$i":"edit-done","$v":"ਮੁਕੰਮਲ"},{"$i":"stop-download-title","$v":[{"t":"idOrVar","v":"name"}," ਰੋਕੋ"]},{"$i":"stop-download-body","$v":"ਕੀ ਤੁਸੀਂ ਜਾਰੀ ਡਾਊਨਲੋਡ ਨੂੰ ਰੋਕਣਾ ਚਾਹੁੰਦੇ ਹੋ?"},{"$i":"stop-download-action","$v":"ਰੋਕੋ"},{"$i":"resume-download-title","$v":"ਡਾਊਨਲੋਡ ਮੁੜ-ਚਾਲੂ"},{"$i":"resume-download-body","$v":["ਕੀ ਤੁਸੀਂ ",{"t":"idOrVar","v":"name"}," ਡਾਊਨਲੋਡ ਕਰਨਾ ਚਾਹੁੰਦੇ ਹੋ?"]},{"$i":"resume-download-action","$v":"ਡਾਊਨਲੋਡ"},{"$i":"edit-group-header","$v":"Edit group"},{"$i":"collection-categoryId-22","$v":"ਕਿਤਾਬਾਂ"},{"$i":"collection-categoryId-142","$v":"ਸੰਗੀਤ"},{"$i":"collection-categoryId-181","$v":"ਫਿਲਮਾਂ"},{"$i":"collection-categoryId-194","$v":"ਇੰਟਰਨੈੱਟ"},{"$i":"collection-categoryId-207","$v":"ਖੇਡਾਂ"},{"$i":"collection-categoryId-211","$v":"ਵੀਡੀਓ"},{"$i":"collection-categoryId-213","$v":"ਟੀਵੀ"},{"$i":"collection-categoryId-220","$v":"ਰੈਸਟੋਰੈਂਟ"},{"$i":"collection-categoryId-225","$v":"ਨਾਮਵਰ ਹਸਤੀਆਂ"},{"$i":"collection-categoryId-238","$v":"ਖਰੀਦਦਾਰੀ"},{"$i":"collection-categoryId-242","$v":"ਚਿੱਤਰ"},{"$i":"collection-categoryId-244","$v":"ਤਕਨੀਕੀ"},{"$i":"collection-categoryId-245","$v":"ਖ਼ਬਰਾਂ"},{"$i":"collection-categoryId-248","$v":"ਈਮੇਲ"},{"$i":"collection-categoryId-249","$v":"ਮੌਸਮ"},{"$i":"collection-categoryId-256","$v":"ਸਭਿਆਚਾਰ"},{"$i":"collection-categoryId-260","$v":"ਖ਼ੇਡਾਂ"},{"$i":"collection-categoryId-270","$v":"ਭੋਜਨ ਬਣਾਉਣ ਗੁਰ"},{"$i":"collection-categoryId-271","$v":"ਹਵਾਲੇ"},{"$i":"collection-categoryId-272","$v":"ਯਾਤਰਾ ਗਾਈਡ"},{"$i":"collection-categoryId-274","$v":"ਜਾਬ"},{"$i":"collection-categoryId-275","$v":"ਮੈਡੀਕਲ"},{"$i":"collection-categoryId-277","$v":"ਮਜ਼ਾਕ"},{"$i":"collection-categoryId-279","$v":"ਸਿੱਖਣਾ ਅਤੇ ਸਿੱਖਿਆ"},{"$i":"collection-categoryId-282","$v":"ਫੈਸ਼ਨ"},{"$i":"collection-categoryId-286","$v":"ਇਲੈਕਟ੍ਰੋਨਿਕ"},{"$i":"collection-categoryId-288","$v":"ਆਟੋ"},{"$i":"collection-categoryId-289","$v":"ਸਮਾਜਿਕ"},{"$i":"collection-categoryId-291","$v":"ਵੀਡੀਓ ਖੇਡਾਂ"},{"$i":"collection-categoryId-292","$v":"ਰੋਜ਼ਾਨਾ ਸੌਦੇ"},{"$i":"collection-categoryId-294","$v":"ਨਿੱਜੀ ਗੱਲਬਾਤ"},{"$i":"collection-categoryId-296","$v":"ਮੇਰੇ ਦੁਆਲੇ"},{"$i":"collection-categoryId-297","$v":"ਜੋਤਿਸ਼"},{"$i":"collection-categoryId-302","$v":"ਬੱਚੇ"},{"$i":"collection-categoryId-303","$v":"ਵਿੱਤੀ ਸੇਵਾਵਾਂ"},{"$i":"collection-categoryId-306","$v":"ਯਾਤਰਾ"},{"$i":"collection-categoryId-316","$v":"ਹੋਟਲ"},{"$i":"collection-categoryId-320","$v":"ਡੇਟਿੰਗ"},{"$i":"collection-categoryId-321","$v":"ਵਿੱਤੀ ਖ਼ਬਰਾਂ"},{"$i":"collection-categoryId-325","$v":"ਬੇਸਬਾਲ"},{"$i":"collection-categoryId-338","$v":"ਇਸ਼ਤਿਹਾਰ"},{"$i":"collection-categoryId-347","$v":"ਛੋਟੇ ਬੱਚੇ"},{"$i":"collection-categoryId-349","$v":"ਫੋਟੋਗਰਾਫ਼ੀ"},{"$i":"collection-categoryId-356","$v":"ਖੂਬਸੂਰਤ"},{"$i":"collection-categoryId-357","$v":"ਸਹੂਲਤਾਂ"},{"$i":"collection-categoryId-360","$v":"ਉਤਪਾਦਕਤਾ"},{"$i":"collection-categoryId-365","$v":"ਕਾਮਿਕਸ"},{"$i":"collection-categoryId-366","$v":"ਜੀਵਨ-ਸ਼ੈਲੀ"},{"$i":"collection-categoryId-368","$v":"ਨਿੱਜੀ"},{"$i":"collection-categoryId-372","$v":"ਆਵਾਜਾਈ"},{"$i":"collection-categoryId-373","$v":"ਟੈਲੀਕਮਿਊਨੀਕੇਸ਼ਨ"},{"$i":"collection-categoryId-376","$v":"ਮਨੋਰੰਜਨ"},{"$i":"collection-categoryId-377","$v":"ਫੁੱਟਬਾਲ"},{"$i":"collection-categoryId-381","$v":"ਧਰਮ"},{"$i":"collection-categoryId-382","$v":"ਤੰਦਰੁਸਤੀ"},{"$i":"collection-categoryId-387","$v":"ਬਾਹਰੀ ਸਰਗਰਮੀਆਂ"},{"$i":"collection-categoryId-399","$v":"ਡੀਆਈਵਾਈ"},{"$i":"collection-categoryId-449","$v":"ਮੈਂ ਬਹੁਤ ਬੋਰ ਹਾਂ"},{"$i":"collection-categoryId-462","$v":"ਟੈਲੀਨੋਵਲਿਸ"},{"$i":"collection-categoryId-463","$v":"ਰਾਜਨੀਤੀ"},{"$i":"collection-categoryId-473","$v":"ਕ੍ਰਿਕਟ"},{"$i":"collection-categoryId-491","$v":"ਵਰਲਡ ਕੱਪ"},{"$i":"collection-categoryId-501","$v":"ਬਰਾਜ਼ੀਲ ਐਪਸ"},{"$i":"collection-categoryId-504","$v":"ਬਾਲੀਵੁੱਡ"},{"$i":"collection-categoryId-505","$v":"ਭੋਜਨ"},{"$i":"collection-categoryId-507","$v":"ਯਾਤਰਾ ਤੇ ਲੋਕਲ"},{"$i":"collection-categoryId-510","$v":"ਤਕਨੀਕ ਤੇ ਵਿਗਿਆ"},{"$i":"collection-categoryId-511","$v":"ਮੀਡਿਆ ਤੇ ਵੀਡੀਓ"},{"$i":"collection-categoryId-512","$v":"ਸਿਹਤ ਤੇ ਤੰਦਰੁਸਤੀ"},{"$i":"collection-categoryId-513","$v":"ਕਾਰੋਬਾਰ"},{"$i":"collection-categoryId-520","$v":"ਸਾਈਕਲ ਚਲਾਉਣਾ"},{"$i":"collection-categoryId-521","$v":"ਸਰਫ਼ ਕਰਨਾ"},{"$i":"gaia-grid-stop-download-title","$v":[{"t":"idOrVar","v":"name"}," ਰੋਕੋ"]},{"$i":"gaia-grid-stop-download-body","$v":"ਕੀ ਤੁਸੀਂ ਚੱਲ ਰਹੇ ਡਾਊਨਲੋਡ ਨੂੰ ਰੋਕਣਾ ਚਾਹੁੰਦੇ ਹੋ?"},{"$i":"gaia-grid-stop-download-action","$v":"ਰੋਕੋ"},{"$i":"gaia-grid-resume-download-title","$v":"ਡਾਊਨਲੋਡ ਮੁੜ-ਸ਼ੁਰੂ ਕਰੋ"},{"$i":"gaia-grid-resume-download-body","$v":["ਕੀ ਤੁਸੀਂ ",{"t":"idOrVar","v":"name"}," ਨੂੰ ਡਾਊਨਲੋਡ ਕਰਨਾ ਚਾਹੁੰਦੇ ਹੋ?"]},{"$i":"gaia-grid-resume-download-action","$v":"ਡਾਊਨਲੋਡ"},{"$i":"gaia-grid-cancel","$v":"ਰੱਦ ਕਰੋ"},{"$i":"gaia-grid-toggle-collapsed","ariaLabel":"Expand group"},{"$i":"gaia-grid-toggle-expanded","ariaLabel":"Collapse group"},{"$i":"gaia-grid-enter-group-name","$v":"Enter a group name"},{"$i":"gaia-menu-cancel","$v":"ਰੱਦ ਕਰੋ"}]