[{"$i":"search-or-enter-address","placeholder":"Podaj adres lub szukaj"},{"$i":"delete-title","$v":["Usuwanie „",{"t":"idOrVar","v":"name"},"”"]},{"$i":"delete-body","$v":["Aplikacja „",{"t":"idOrVar","v":"name"},"” i wszystkie powiązane z nią dane zostaną usunięte."]},{"$i":"delete","$v":"Usuń"},{"$i":"cancel","$v":"Anuluj"},{"$i":"homescreen-settings","$v":"Ustawienia ekranu głównego"},{"$i":"change-wallpaper","$v":"Zmień tło ekranu"},{"$i":"add-smart-collections","$v":"Dodaj folder wyszukiwania"},{"$i":"edit-mode","$v":"Edycja"},{"$i":"edit-done","$v":"Gotowe"},{"$i":"stop-download-title","$v":["Zatrzymywanie pobierania „",{"t":"idOrVar","v":"name"},"”"]},{"$i":"stop-download-body","$v":"Zatrzymać aktywne pobieranie aplikacji?"},{"$i":"stop-download-action","$v":"Zatrzymaj"},{"$i":"resume-download-title","$v":"Wznawianie pobierania"},{"$i":"resume-download-body","$v":["Pobrać aplikację „",{"t":"idOrVar","v":"name"},"”?"]},{"$i":"resume-download-action","$v":"Pobierz"},{"$i":"edit-group-header","$v":"Edycja grupy"},{"$i":"collection-categoryId-22","$v":"Książki"},{"$i":"collection-categoryId-142","$v":"Muzyka"},{"$i":"collection-categoryId-181","$v":"Filmy"},{"$i":"collection-categoryId-194","$v":"Internet"},{"$i":"collection-categoryId-207","$v":"Gry"},{"$i":"collection-categoryId-211","$v":"Wideo"},{"$i":"collection-categoryId-213","$v":"TV"},{"$i":"collection-categoryId-220","$v":"Restauracje"},{"$i":"collection-categoryId-225","$v":"Gwiazdy"},{"$i":"collection-categoryId-238","$v":"Zakupy"},{"$i":"collection-categoryId-242","$v":"Obrazy"},{"$i":"collection-categoryId-244","$v":"Tech"},{"$i":"collection-categoryId-245","$v":"Wiadomości"},{"$i":"collection-categoryId-248","$v":"E-mail"},{"$i":"collection-categoryId-249","$v":"Pogoda"},{"$i":"collection-categoryId-256","$v":"Kultura"},{"$i":"collection-categoryId-260","$v":"Sport"},{"$i":"collection-categoryId-270","$v":"Przepisy"},{"$i":"collection-categoryId-271","$v":"Reference"},{"$i":"collection-categoryId-272","$v":"Przewodniki"},{"$i":"collection-categoryId-274","$v":"Praca"},{"$i":"collection-categoryId-275","$v":"Medyczne"},{"$i":"collection-categoryId-277","$v":"Śmieszne"},{"$i":"collection-categoryId-279","$v":"Nauka i edukacja"},{"$i":"collection-categoryId-282","$v":"Moda"},{"$i":"collection-categoryId-286","$v":"Elektronika"},{"$i":"collection-categoryId-288","$v":"Samochody"},{"$i":"collection-categoryId-289","$v":"Sieci społecznościowe"},{"$i":"collection-categoryId-291","$v":"Gry wideo"},{"$i":"collection-categoryId-292","$v":"Promocje dnia"},{"$i":"collection-categoryId-294","$v":"Komunikacja"},{"$i":"collection-categoryId-296","$v":"Wokół mnie"},{"$i":"collection-categoryId-297","$v":"Astrologia"},{"$i":"collection-categoryId-302","$v":"Dzieci"},{"$i":"collection-categoryId-303","$v":"Usługi finansowe"},{"$i":"collection-categoryId-306","$v":"Podróże"},{"$i":"collection-categoryId-316","$v":"Hotele"},{"$i":"collection-categoryId-320","$v":"Randki"},{"$i":"collection-categoryId-321","$v":"Wiadomości finansowe"},{"$i":"collection-categoryId-325","$v":"Baseball"},{"$i":"collection-categoryId-338","$v":"Klasyfikacje"},{"$i":"collection-categoryId-347","$v":"Dzieci"},{"$i":"collection-categoryId-349","$v":"Fotografia"},{"$i":"collection-categoryId-356","$v":"Uroda"},{"$i":"collection-categoryId-357","$v":"Narzędzia"},{"$i":"collection-categoryId-360","$v":"Produktywność"},{"$i":"collection-categoryId-365","$v":"Komiksy"},{"$i":"collection-categoryId-366","$v":"Styl życia"},{"$i":"collection-categoryId-368","$v":"Dostosowywanie"},{"$i":"collection-categoryId-372","$v":"Transport"},{"$i":"collection-categoryId-373","$v":"Telekomunkacja"},{"$i":"collection-categoryId-376","$v":"Rozrywka"},{"$i":"collection-categoryId-377","$v":"Piłka nożna"},{"$i":"collection-categoryId-381","$v":"Religia"},{"$i":"collection-categoryId-382","$v":"Fitness"},{"$i":"collection-categoryId-387","$v":"Outdoor"},{"$i":"collection-categoryId-399","$v":"DIY"},{"$i":"collection-categoryId-449","$v":"Nudzi mi się"},{"$i":"collection-categoryId-462","$v":"Telenowele"},{"$i":"collection-categoryId-463","$v":"Polityka"},{"$i":"collection-categoryId-473","$v":"Krykiet"},{"$i":"collection-categoryId-491","$v":"Mistrzostwa świata"},{"$i":"collection-categoryId-501","$v":"Aplikacje z Brazilii"},{"$i":"collection-categoryId-504","$v":"Bollywood"},{"$i":"collection-categoryId-505","$v":"Jedzenie i napoje"},{"$i":"collection-categoryId-507","$v":"Podróżne i lokalne"},{"$i":"collection-categoryId-510","$v":"Nauka i technologie"},{"$i":"collection-categoryId-511","$v":"Media i wideo"},{"$i":"collection-categoryId-512","$v":"Zdrowie i fitness"},{"$i":"collection-categoryId-513","$v":"Biznes"},{"$i":"collection-categoryId-520","$v":"Rowery"},{"$i":"collection-categoryId-521","$v":"Surfing"},{"$i":"gaia-grid-stop-download-title","$v":["Zatrzymywanie pobierania „",{"t":"idOrVar","v":"name"},"”"]},{"$i":"gaia-grid-stop-download-body","$v":"Zatrzymać aktywne pobieranie aplikacji?"},{"$i":"gaia-grid-stop-download-action","$v":"Zatrzymaj"},{"$i":"gaia-grid-resume-download-title","$v":"Wznawianie pobierania"},{"$i":"gaia-grid-resume-download-body","$v":["Pobrać aplikację „",{"t":"idOrVar","v":"name"},"”?"]},{"$i":"gaia-grid-resume-download-action","$v":"Pobierz"},{"$i":"gaia-grid-cancel","$v":"Anuluj"},{"$i":"gaia-grid-toggle-collapsed","ariaLabel":"Rozwiń grupę"},{"$i":"gaia-grid-toggle-expanded","ariaLabel":"Zwiń grupę"},{"$i":"gaia-grid-enter-group-name","$v":"Wprowadź nazwę grupy"},{"$i":"gaia-menu-cancel","$v":"Anuluj"}]