[{"$i":"search-or-enter-address","placeholder":"Поиск или адрес"},{"$i":"delete-title","$v":["Удаление ",{"t":"idOrVar","v":"name"}]},{"$i":"delete-body","$v":[{"t":"idOrVar","v":"name"}," и все его данные будут удалены."]},{"$i":"delete","$v":"Удалить"},{"$i":"cancel","$v":"Отмена"},{"$i":"homescreen-settings","$v":"Параметры Домашнего экрана"},{"$i":"change-wallpaper","$v":"Сменить обои"},{"$i":"add-smart-collections","$v":"Добавить Умные подборки"},{"$i":"edit-mode","$v":"Изменить"},{"$i":"edit-done","$v":"Готово"},{"$i":"stop-download-title","$v":["Остановка ",{"t":"idOrVar","v":"name"}]},{"$i":"stop-download-body","$v":"Вы хотите остановить процесс загрузки?"},{"$i":"stop-download-action","$v":"Остановить"},{"$i":"resume-download-title","$v":"Перезапуск загрузки"},{"$i":"resume-download-body","$v":["Вы хотите загрузить ",{"t":"idOrVar","v":"name"},"?"]},{"$i":"resume-download-action","$v":"Загрузить"},{"$i":"edit-group-header","$v":"Изменить группу"},{"$i":"collection-categoryId-22","$v":"Книги"},{"$i":"collection-categoryId-142","$v":"Музыка"},{"$i":"collection-categoryId-181","$v":"Кино"},{"$i":"collection-categoryId-194","$v":"Интернет"},{"$i":"collection-categoryId-207","$v":"Игры"},{"$i":"collection-categoryId-211","$v":"Видео"},{"$i":"collection-categoryId-213","$v":"ТВ"},{"$i":"collection-categoryId-220","$v":"Рестораны"},{"$i":"collection-categoryId-225","$v":"Знаменитости"},{"$i":"collection-categoryId-238","$v":"Шоппинг"},{"$i":"collection-categoryId-242","$v":"Изображения"},{"$i":"collection-categoryId-244","$v":"Технологии"},{"$i":"collection-categoryId-245","$v":"Новости"},{"$i":"collection-categoryId-248","$v":"Эл. почта"},{"$i":"collection-categoryId-249","$v":"Погода"},{"$i":"collection-categoryId-256","$v":"Культура"},{"$i":"collection-categoryId-260","$v":"Спорт"},{"$i":"collection-categoryId-270","$v":"Рецепты"},{"$i":"collection-categoryId-271","$v":"Ссылки"},{"$i":"collection-categoryId-272","$v":"Путеводители"},{"$i":"collection-categoryId-274","$v":"Работа"},{"$i":"collection-categoryId-275","$v":"Медицина"},{"$i":"collection-categoryId-277","$v":"Юмор"},{"$i":"collection-categoryId-279","$v":"Образование и Обучение"},{"$i":"collection-categoryId-282","$v":"Мода"},{"$i":"collection-categoryId-286","$v":"Электроника"},{"$i":"collection-categoryId-288","$v":"Авто"},{"$i":"collection-categoryId-289","$v":"Общение"},{"$i":"collection-categoryId-291","$v":"Видеоигры"},{"$i":"collection-categoryId-292","$v":"Ежедневные предложения"},{"$i":"collection-categoryId-294","$v":"Персональная связь"},{"$i":"collection-categoryId-296","$v":"Вокруг меня"},{"$i":"collection-categoryId-297","$v":"Астрология"},{"$i":"collection-categoryId-302","$v":"Дети"},{"$i":"collection-categoryId-303","$v":"Финансовые услуги"},{"$i":"collection-categoryId-306","$v":"Путешествия"},{"$i":"collection-categoryId-316","$v":"Отели"},{"$i":"collection-categoryId-320","$v":"Знакомства"},{"$i":"collection-categoryId-321","$v":"Финансовые новости"},{"$i":"collection-categoryId-325","$v":"Бейсбол"},{"$i":"collection-categoryId-338","$v":"Объявления"},{"$i":"collection-categoryId-347","$v":"Малыши"},{"$i":"collection-categoryId-349","$v":"Фотография"},{"$i":"collection-categoryId-356","$v":"Красота"},{"$i":"collection-categoryId-357","$v":"Утилиты"},{"$i":"collection-categoryId-360","$v":"Продуктивность"},{"$i":"collection-categoryId-365","$v":"Комиксы"},{"$i":"collection-categoryId-366","$v":"Стиль жизни"},{"$i":"collection-categoryId-368","$v":"Персонализация"},{"$i":"collection-categoryId-372","$v":"Транспорт"},{"$i":"collection-categoryId-373","$v":"Телекоммуникация"},{"$i":"collection-categoryId-376","$v":"Развлечения"},{"$i":"collection-categoryId-377","$v":"Футбол"},{"$i":"collection-categoryId-381","$v":"Религия"},{"$i":"collection-categoryId-382","$v":"Фитнесс"},{"$i":"collection-categoryId-387","$v":"Активный отдых"},{"$i":"collection-categoryId-399","$v":"Сделай сам"},{"$i":"collection-categoryId-449","$v":"Мне так скучно"},{"$i":"collection-categoryId-462","$v":"Теленовеллы"},{"$i":"collection-categoryId-463","$v":"Политика"},{"$i":"collection-categoryId-473","$v":"Крикет"},{"$i":"collection-categoryId-491","$v":"Кубок мира"},{"$i":"collection-categoryId-501","$v":"Бразильские приложения"},{"$i":"collection-categoryId-504","$v":"Болливуд"},{"$i":"collection-categoryId-505","$v":"Еда и Напитки"},{"$i":"collection-categoryId-507","$v":"Путешествия и Места"},{"$i":"collection-categoryId-510","$v":"Наука и Техника"},{"$i":"collection-categoryId-511","$v":"Медиа и Видео"},{"$i":"collection-categoryId-512","$v":"Здоровье и Фитнесс"},{"$i":"collection-categoryId-513","$v":"Бизнес"},{"$i":"collection-categoryId-520","$v":"Велосипедный спорт"},{"$i":"collection-categoryId-521","$v":"Сёрфинг"},{"$i":"gaia-grid-stop-download-title","$v":["Остановка ",{"t":"idOrVar","v":"name"}]},{"$i":"gaia-grid-stop-download-body","$v":"Вы хотите остановить процесс загрузки?"},{"$i":"gaia-grid-stop-download-action","$v":"Остановить"},{"$i":"gaia-grid-resume-download-title","$v":"Перезапуск загрузки"},{"$i":"gaia-grid-resume-download-body","$v":["Вы хотите загрузить ",{"t":"idOrVar","v":"name"},"?"]},{"$i":"gaia-grid-resume-download-action","$v":"Загрузить"},{"$i":"gaia-grid-cancel","$v":"Отмена"},{"$i":"gaia-grid-toggle-collapsed","ariaLabel":"Expand group"},{"$i":"gaia-grid-toggle-expanded","ariaLabel":"Collapse group"},{"$i":"gaia-grid-enter-group-name","$v":"Введите имя группы"},{"$i":"gaia-menu-cancel","$v":"Отмена"}]