[{"$i":"search-or-enter-address","placeholder":"Zadajte adresu/vyhľadávanie"},{"$i":"delete-title","$v":["Odstrániť ",{"t":"idOrVar","v":"name"}]},{"$i":"delete-body","$v":[{"t":"idOrVar","v":"name"}," a všetky jej údaje budú odstránené."]},{"$i":"delete","$v":"Odstrániť"},{"$i":"cancel","$v":"Zrušiť"},{"$i":"homescreen-settings","$v":"Nastavenia Úvodnej obrazovky"},{"$i":"change-wallpaper","$v":"Zmeniť tapetu"},{"$i":"add-smart-collections","$v":"Pridať kolekcie"},{"$i":"edit-mode","$v":"Upraviť"},{"$i":"edit-done","$v":"Hotovo"},{"$i":"stop-download-title","$v":["Zastaviť ",{"t":"idOrVar","v":"name"}]},{"$i":"stop-download-body","$v":"Naozaj chcete zastaviť prebiehajúce preberanie súboru?"},{"$i":"stop-download-action","$v":"Zastaviť"},{"$i":"resume-download-title","$v":"Reštartovať preberanie"},{"$i":"resume-download-body","$v":["Chcete prevziať ",{"t":"idOrVar","v":"name"},"?"]},{"$i":"resume-download-action","$v":"Prevziať"},{"$i":"edit-group-header","$v":"Úprava skupiny"},{"$i":"collection-categoryId-22","$v":"Knihy"},{"$i":"collection-categoryId-142","$v":"Hudba"},{"$i":"collection-categoryId-181","$v":"Filmy"},{"$i":"collection-categoryId-194","$v":"Internet"},{"$i":"collection-categoryId-207","$v":"Hry"},{"$i":"collection-categoryId-211","$v":"Video"},{"$i":"collection-categoryId-213","$v":"Televízia"},{"$i":"collection-categoryId-220","$v":"Reštaurácie"},{"$i":"collection-categoryId-225","$v":"Celebrity"},{"$i":"collection-categoryId-238","$v":"Nakupovanie"},{"$i":"collection-categoryId-242","$v":"Obrázky"},{"$i":"collection-categoryId-244","$v":"Technika"},{"$i":"collection-categoryId-245","$v":"Správy"},{"$i":"collection-categoryId-248","$v":"E-mail"},{"$i":"collection-categoryId-249","$v":"Počasie"},{"$i":"collection-categoryId-256","$v":"Kultúra"},{"$i":"collection-categoryId-260","$v":"Šport"},{"$i":"collection-categoryId-270","$v":"Recepty"},{"$i":"collection-categoryId-271","$v":"Referencie"},{"$i":"collection-categoryId-272","$v":"Cestovanie"},{"$i":"collection-categoryId-274","$v":"Práca"},{"$i":"collection-categoryId-275","$v":"Zdravie"},{"$i":"collection-categoryId-277","$v":"Zábavné"},{"$i":"collection-categoryId-279","$v":"Vzdelanie"},{"$i":"collection-categoryId-282","$v":"Móda"},{"$i":"collection-categoryId-286","$v":"Elektronika"},{"$i":"collection-categoryId-288","$v":"Autá"},{"$i":"collection-categoryId-289","$v":"Sociálne"},{"$i":"collection-categoryId-291","$v":"Videohry"},{"$i":"collection-categoryId-292","$v":"Každodenné úlohy"},{"$i":"collection-categoryId-294","$v":"Osobná komunikácia"},{"$i":"collection-categoryId-296","$v":"Okolo mňa"},{"$i":"collection-categoryId-297","$v":"Astrológia"},{"$i":"collection-categoryId-302","$v":"Malé deti"},{"$i":"collection-categoryId-303","$v":"Finančné služby"},{"$i":"collection-categoryId-306","$v":"Cestovanie"},{"$i":"collection-categoryId-316","$v":"Hotely"},{"$i":"collection-categoryId-320","$v":"Randenie"},{"$i":"collection-categoryId-321","$v":"Finančné správy"},{"$i":"collection-categoryId-325","$v":"Bejzbal"},{"$i":"collection-categoryId-338","$v":"Klasifikované"},{"$i":"collection-categoryId-347","$v":"Dieťatko"},{"$i":"collection-categoryId-349","$v":"Fotografie"},{"$i":"collection-categoryId-356","$v":"Krása"},{"$i":"collection-categoryId-357","$v":"Nástroje"},{"$i":"collection-categoryId-360","$v":"Produktivita"},{"$i":"collection-categoryId-365","$v":"Komiksy"},{"$i":"collection-categoryId-366","$v":"Životný štýl"},{"$i":"collection-categoryId-368","$v":"Prispôsobenie"},{"$i":"collection-categoryId-372","$v":"Doprava"},{"$i":"collection-categoryId-373","$v":"Telekomunikácie"},{"$i":"collection-categoryId-376","$v":"Zábava"},{"$i":"collection-categoryId-377","$v":"Futbal"},{"$i":"collection-categoryId-381","$v":"Náboženstvo"},{"$i":"collection-categoryId-382","$v":"Fitnes"},{"$i":"collection-categoryId-387","$v":"Vonkajšie aktivity"},{"$i":"collection-categoryId-399","$v":"Urob si sám"},{"$i":"collection-categoryId-449","$v":"Nudím sa"},{"$i":"collection-categoryId-462","$v":"Telenovely"},{"$i":"collection-categoryId-463","$v":"Politika"},{"$i":"collection-categoryId-473","$v":"Kriket"},{"$i":"collection-categoryId-491","$v":"Svetový pohár"},{"$i":"collection-categoryId-501","$v":"Brazílske aplikácie"},{"$i":"collection-categoryId-504","$v":"Bollywood"},{"$i":"collection-categoryId-505","$v":"Jedlo a nápoje"},{"$i":"collection-categoryId-507","$v":"Cestovanie a lokálne"},{"$i":"collection-categoryId-510","$v":"Veda a technika"},{"$i":"collection-categoryId-511","$v":"Médiá a video"},{"$i":"collection-categoryId-512","$v":"Zdravie a fitnes"},{"$i":"collection-categoryId-513","$v":"Obchodovanie"},{"$i":"collection-categoryId-520","$v":"Cyklistika"},{"$i":"collection-categoryId-521","$v":"Surfovanie"},{"$i":"gaia-grid-stop-download-title","$v":["Zastaviť ",{"t":"idOrVar","v":"name"}]},{"$i":"gaia-grid-stop-download-body","$v":"Naozaj chcete zastaviť prebiehajúce preberanie?"},{"$i":"gaia-grid-stop-download-action","$v":"Zastaviť"},{"$i":"gaia-grid-resume-download-title","$v":"Reštartovanie preberania"},{"$i":"gaia-grid-resume-download-body","$v":["Chcete prevziať ",{"t":"idOrVar","v":"name"},"?"]},{"$i":"gaia-grid-resume-download-action","$v":"Prevziať"},{"$i":"gaia-grid-cancel","$v":"Zrušiť"},{"$i":"gaia-grid-toggle-collapsed","ariaLabel":"Rozbaliť skupinu"},{"$i":"gaia-grid-toggle-expanded","ariaLabel":"Zbaliť skupinu"},{"$i":"gaia-grid-enter-group-name","$v":"Zadajte názov skupiny"},{"$i":"gaia-menu-cancel","$v":"Zrušiť"}]