[{"$i":"search-or-enter-address","placeholder":"Kërkoni ose jepni një adresë"},{"$i":"delete-title","$v":["Fshijeni ",{"t":"idOrVar","v":"name"}]},{"$i":"delete-body","$v":[{"t":"idOrVar","v":"name"}," dhe krejt të dhënat për të do të fshihen."]},{"$i":"delete","$v":"Fshije"},{"$i":"cancel","$v":"Anuloje"},{"$i":"homescreen-settings","$v":"Rregullime Skene Kreu"},{"$i":"change-wallpaper","$v":"Ndërroni Sfondin"},{"$i":"add-smart-collections","$v":"Shtoni Koleksione të Mençur"},{"$i":"edit-mode","$v":"Përpunim"},{"$i":"edit-done","$v":"U bë"},{"$i":"stop-download-title","$v":["Ndaleni ",{"t":"idOrVar","v":"name"}]},{"$i":"stop-download-body","$v":"Doni të ndalet shkarkimi i tanishëm?"},{"$i":"stop-download-action","$v":"Ndale"},{"$i":"resume-download-title","$v":"Riniseni Shkarkimin"},{"$i":"resume-download-body","$v":["Doni të shkarkohet ",{"t":"idOrVar","v":"name"},"?"]},{"$i":"resume-download-action","$v":"Shkarkoje"},{"$i":"edit-group-header","$v":"Përpunoni grupin"},{"$i":"collection-categoryId-22","$v":"Libra"},{"$i":"collection-categoryId-142","$v":"Muzikë"},{"$i":"collection-categoryId-181","$v":"Filma"},{"$i":"collection-categoryId-194","$v":"Internet"},{"$i":"collection-categoryId-207","$v":"Lojëra"},{"$i":"collection-categoryId-211","$v":"Video"},{"$i":"collection-categoryId-213","$v":"TV"},{"$i":"collection-categoryId-220","$v":"Restorante"},{"$i":"collection-categoryId-225","$v":"Të famshëm"},{"$i":"collection-categoryId-238","$v":"Blerje"},{"$i":"collection-categoryId-242","$v":"Figura"},{"$i":"collection-categoryId-244","$v":"Teknologji"},{"$i":"collection-categoryId-245","$v":"Lajme"},{"$i":"collection-categoryId-248","$v":"Email"},{"$i":"collection-categoryId-249","$v":"Moti"},{"$i":"collection-categoryId-256","$v":"Kulturë"},{"$i":"collection-categoryId-260","$v":"Sport"},{"$i":"collection-categoryId-270","$v":"Receta Gatimi"},{"$i":"collection-categoryId-271","$v":"Referenca"},{"$i":"collection-categoryId-272","$v":"Udhërrëfyes"},{"$i":"collection-categoryId-274","$v":"Punësim"},{"$i":"collection-categoryId-275","$v":"Mjeksore"},{"$i":"collection-categoryId-277","$v":"Zbavitje"},{"$i":"collection-categoryId-279","$v":"Arsim & Edukim"},{"$i":"collection-categoryId-282","$v":"Moda"},{"$i":"collection-categoryId-286","$v":"Elektronike"},{"$i":"collection-categoryId-288","$v":"Auto"},{"$i":"collection-categoryId-289","$v":"Sociale"},{"$i":"collection-categoryId-291","$v":"Lojëra Video"},{"$i":"collection-categoryId-292","$v":"Oferta të Ditës"},{"$i":"collection-categoryId-294","$v":"Komunikim Personal"},{"$i":"collection-categoryId-296","$v":"Rreth Meje"},{"$i":"collection-categoryId-297","$v":"Astrologji"},{"$i":"collection-categoryId-302","$v":"Për Fëmijë"},{"$i":"collection-categoryId-303","$v":"Shërbime Financiare"},{"$i":"collection-categoryId-306","$v":"Udhëtime"},{"$i":"collection-categoryId-316","$v":"Hotele"},{"$i":"collection-categoryId-320","$v":"Takime"},{"$i":"collection-categoryId-321","$v":"Lajme Financiare"},{"$i":"collection-categoryId-325","$v":"Bejzboll"},{"$i":"collection-categoryId-338","$v":"Lajmërime"},{"$i":"collection-categoryId-347","$v":"Foshnja"},{"$i":"collection-categoryId-349","$v":"Fotografi"},{"$i":"collection-categoryId-356","$v":"Bukuri"},{"$i":"collection-categoryId-357","$v":"Të dobishme"},{"$i":"collection-categoryId-360","$v":"Prodhimshmëri"},{"$i":"collection-categoryId-365","$v":"Karikatura"},{"$i":"collection-categoryId-366","$v":"Lifestyle"},{"$i":"collection-categoryId-368","$v":"Personalizim"},{"$i":"collection-categoryId-372","$v":"Transport"},{"$i":"collection-categoryId-373","$v":"Telekomunikacion"},{"$i":"collection-categoryId-376","$v":"Spektakël"},{"$i":"collection-categoryId-377","$v":"Futboll"},{"$i":"collection-categoryId-381","$v":"Fe"},{"$i":"collection-categoryId-382","$v":"Fitnes"},{"$i":"collection-categoryId-387","$v":"Veprimtari Në Natyrë"},{"$i":"collection-categoryId-399","$v":"DIY"},{"$i":"collection-categoryId-449","$v":"I’m So Bored"},{"$i":"collection-categoryId-462","$v":"Telenovela"},{"$i":"collection-categoryId-463","$v":"Politikë"},{"$i":"collection-categoryId-473","$v":"Kriket"},{"$i":"collection-categoryId-491","$v":"Botërori"},{"$i":"collection-categoryId-501","$v":"Zbatime Braziliane"},{"$i":"collection-categoryId-504","$v":"Bollywood"},{"$i":"collection-categoryId-505","$v":"Ushqim & Pije"},{"$i":"collection-categoryId-507","$v":"Udhëtim & Vendore"},{"$i":"collection-categoryId-510","$v":"Shkencë & Teknikë"},{"$i":"collection-categoryId-511","$v":"Media & Video"},{"$i":"collection-categoryId-512","$v":"Shëdet & Fitnes"},{"$i":"collection-categoryId-513","$v":"Biznes"},{"$i":"collection-categoryId-520","$v":"Çiklizëm"},{"$i":"collection-categoryId-521","$v":"Surf"},{"$i":"gaia-grid-stop-download-title","$v":["Ndaleni ",{"t":"idOrVar","v":"name"}]},{"$i":"gaia-grid-stop-download-body","$v":"Doni të ndalet shkarkimi që po kryhet?"},{"$i":"gaia-grid-stop-download-action","$v":"Ndale"},{"$i":"gaia-grid-resume-download-title","$v":"Rinisni Shkarkimin"},{"$i":"gaia-grid-resume-download-body","$v":["Doni të shkarkohet ",{"t":"idOrVar","v":"name"},"?"]},{"$i":"gaia-grid-resume-download-action","$v":"Shkarkoje"},{"$i":"gaia-grid-cancel","$v":"Anuloje"},{"$i":"gaia-grid-toggle-collapsed","ariaLabel":"Expand group"},{"$i":"gaia-grid-toggle-expanded","ariaLabel":"Collapse group"},{"$i":"gaia-grid-enter-group-name","$v":"Jepni emër grupi"},{"$i":"gaia-menu-cancel","$v":"Anuloje"}]