[{"$i":"search-or-enter-address","placeholder":"Појам или адреса"},{"$i":"delete-title","$v":["Обриши ",{"t":"idOrVar","v":"name"}]},{"$i":"delete-body","$v":[{"t":"idOrVar","v":"name"}," и сви његови подаци ће бити обрисани."]},{"$i":"delete","$v":"Обриши"},{"$i":"cancel","$v":"Откажи"},{"$i":"homescreen-settings","$v":"Поставке почетног екрана"},{"$i":"change-wallpaper","$v":"Промени позадинску слику"},{"$i":"add-smart-collections","$v":"Додај колекције"},{"$i":"edit-mode","$v":"Уређивање"},{"$i":"edit-done","$v":"Готово"},{"$i":"stop-download-title","$v":["Заустави ",{"t":"idOrVar","v":"name"}]},{"$i":"stop-download-body","$v":"Да ли желите да зауставите преузимање?"},{"$i":"stop-download-action","$v":"Заустави"},{"$i":"resume-download-title","$v":"Рестартуј преузимање"},{"$i":"resume-download-body","$v":["Да ли желите да преузмете ",{"t":"idOrVar","v":"name"},"?"]},{"$i":"resume-download-action","$v":"Преузми"},{"$i":"edit-group-header","$v":"Уреди групу"},{"$i":"collection-categoryId-22","$v":"Књиге"},{"$i":"collection-categoryId-142","$v":"Музика"},{"$i":"collection-categoryId-181","$v":"Филмови"},{"$i":"collection-categoryId-194","$v":"Интернет"},{"$i":"collection-categoryId-207","$v":"Игрице"},{"$i":"collection-categoryId-211","$v":"Видео"},{"$i":"collection-categoryId-213","$v":"ТВ"},{"$i":"collection-categoryId-220","$v":"Ресторани"},{"$i":"collection-categoryId-225","$v":"Славни"},{"$i":"collection-categoryId-238","$v":"Шопинг"},{"$i":"collection-categoryId-242","$v":"Слике"},{"$i":"collection-categoryId-244","$v":"Технологија"},{"$i":"collection-categoryId-245","$v":"Вести"},{"$i":"collection-categoryId-248","$v":"Е-пошта"},{"$i":"collection-categoryId-249","$v":"Временска прогноза"},{"$i":"collection-categoryId-256","$v":"Култура"},{"$i":"collection-categoryId-260","$v":"Спорт"},{"$i":"collection-categoryId-270","$v":"Рецепти"},{"$i":"collection-categoryId-271","$v":"Упутства"},{"$i":"collection-categoryId-272","$v":"Водичи за путовања"},{"$i":"collection-categoryId-274","$v":"Послови"},{"$i":"collection-categoryId-275","$v":"Медицина"},{"$i":"collection-categoryId-277","$v":"Смешно"},{"$i":"collection-categoryId-279","$v":"Учење и едукација"},{"$i":"collection-categoryId-282","$v":"Мода"},{"$i":"collection-categoryId-286","$v":"Електроника"},{"$i":"collection-categoryId-288","$v":"Аутомобили"},{"$i":"collection-categoryId-289","$v":"Друштвене"},{"$i":"collection-categoryId-291","$v":"Видео игрице"},{"$i":"collection-categoryId-292","$v":"Дневне понуде"},{"$i":"collection-categoryId-294","$v":"Лична комуникација"},{"$i":"collection-categoryId-296","$v":"Око мене"},{"$i":"collection-categoryId-297","$v":"Астрологија"},{"$i":"collection-categoryId-302","$v":"Деца"},{"$i":"collection-categoryId-303","$v":"Сервиси за финансије"},{"$i":"collection-categoryId-306","$v":"Путовања"},{"$i":"collection-categoryId-316","$v":"Хотели"},{"$i":"collection-categoryId-320","$v":"Забављање"},{"$i":"collection-categoryId-321","$v":"Финансијске вести"},{"$i":"collection-categoryId-325","$v":"Бејзбол"},{"$i":"collection-categoryId-338","$v":"Огласи"},{"$i":"collection-categoryId-347","$v":"Бебе"},{"$i":"collection-categoryId-349","$v":"Фотографије"},{"$i":"collection-categoryId-356","$v":"Лепота"},{"$i":"collection-categoryId-357","$v":"Услужне апликације"},{"$i":"collection-categoryId-360","$v":"Продуктивност"},{"$i":"collection-categoryId-365","$v":"Стрипови"},{"$i":"collection-categoryId-366","$v":"Животни стил"},{"$i":"collection-categoryId-368","$v":"Персонализација"},{"$i":"collection-categoryId-372","$v":"Саобраћај"},{"$i":"collection-categoryId-373","$v":"Телекомуникације"},{"$i":"collection-categoryId-376","$v":"Забава"},{"$i":"collection-categoryId-377","$v":"Фудбал"},{"$i":"collection-categoryId-381","$v":"Религија"},{"$i":"collection-categoryId-382","$v":"Фитнес"},{"$i":"collection-categoryId-387","$v":"Активности на отвореном"},{"$i":"collection-categoryId-399","$v":"Уради сам"},{"$i":"collection-categoryId-449","$v":"Досадно ми је"},{"$i":"collection-categoryId-462","$v":"Теленовеле"},{"$i":"collection-categoryId-463","$v":"Политика"},{"$i":"collection-categoryId-473","$v":"Крикет"},{"$i":"collection-categoryId-491","$v":"Светско првенство"},{"$i":"collection-categoryId-501","$v":"Бразилске апликације"},{"$i":"collection-categoryId-504","$v":"Bollywood"},{"$i":"collection-categoryId-505","$v":"Храна и пића"},{"$i":"collection-categoryId-507","$v":"Путовања и локалне"},{"$i":"collection-categoryId-510","$v":"Технологија и наука"},{"$i":"collection-categoryId-511","$v":"Медија и видео"},{"$i":"collection-categoryId-512","$v":"Здравље и фитнес"},{"$i":"collection-categoryId-513","$v":"Бизнис"},{"$i":"collection-categoryId-520","$v":"Вожња бициклом"},{"$i":"collection-categoryId-521","$v":"Сурфовање"},{"$i":"gaia-grid-stop-download-title","$v":["Заустави ",{"t":"idOrVar","v":"name"}]},{"$i":"gaia-grid-stop-download-body","$v":"Да ли желите да зауставите преузимање?"},{"$i":"gaia-grid-stop-download-action","$v":"Заустави"},{"$i":"gaia-grid-resume-download-title","$v":"Рестартуј преузимање"},{"$i":"gaia-grid-resume-download-body","$v":["Да ли желите да преузмете ",{"t":"idOrVar","v":"name"},"?"]},{"$i":"gaia-grid-resume-download-action","$v":"Преузми"},{"$i":"gaia-grid-cancel","$v":"Откажи"},{"$i":"gaia-grid-toggle-collapsed","ariaLabel":"Expand group"},{"$i":"gaia-grid-toggle-expanded","ariaLabel":"Collapse group"},{"$i":"gaia-grid-enter-group-name","$v":"Унесите име групе"},{"$i":"gaia-menu-cancel","$v":"Откажи"}]