[{"$i":"search-or-enter-address","placeholder":"Pojam ili adresa"},{"$i":"delete-title","$v":["Obriši ",{"t":"idOrVar","v":"name"}]},{"$i":"delete-body","$v":[{"t":"idOrVar","v":"name"}," i svi njegovi podaci će biti obrisani."]},{"$i":"delete","$v":"Obriši"},{"$i":"cancel","$v":"Otkaži"},{"$i":"homescreen-settings","$v":"Postavke početnog ekrana"},{"$i":"change-wallpaper","$v":"Promeni pozadinsku sliku"},{"$i":"add-smart-collections","$v":"Dodaj kolekcije"},{"$i":"edit-mode","$v":"Uređivanje"},{"$i":"edit-done","$v":"Gotovo"},{"$i":"stop-download-title","$v":["Zaustavi ",{"t":"idOrVar","v":"name"}]},{"$i":"stop-download-body","$v":"Da li želite da zaustavite preuzimanje?"},{"$i":"stop-download-action","$v":"Zaustavi"},{"$i":"resume-download-title","$v":"Restartuj preuzimanje"},{"$i":"resume-download-body","$v":["Da li želite da preuzmete ",{"t":"idOrVar","v":"name"},"?"]},{"$i":"resume-download-action","$v":"Preuzmi"},{"$i":"edit-group-header","$v":"Uredi grupu"},{"$i":"collection-categoryId-22","$v":"Knjige"},{"$i":"collection-categoryId-142","$v":"Muzika"},{"$i":"collection-categoryId-181","$v":"Filmovi"},{"$i":"collection-categoryId-194","$v":"Internet"},{"$i":"collection-categoryId-207","$v":"Igrice"},{"$i":"collection-categoryId-211","$v":"Video"},{"$i":"collection-categoryId-213","$v":"TV"},{"$i":"collection-categoryId-220","$v":"Restorani"},{"$i":"collection-categoryId-225","$v":"Slavni"},{"$i":"collection-categoryId-238","$v":"Šoping"},{"$i":"collection-categoryId-242","$v":"Slike"},{"$i":"collection-categoryId-244","$v":"Tehnologija"},{"$i":"collection-categoryId-245","$v":"Vesti"},{"$i":"collection-categoryId-248","$v":"E-pošta"},{"$i":"collection-categoryId-249","$v":"Vremenska prognoza"},{"$i":"collection-categoryId-256","$v":"Kultura"},{"$i":"collection-categoryId-260","$v":"Sport"},{"$i":"collection-categoryId-270","$v":"Recepti"},{"$i":"collection-categoryId-271","$v":"Uputstva"},{"$i":"collection-categoryId-272","$v":"Vodiči za putovanja"},{"$i":"collection-categoryId-274","$v":"Poslovi"},{"$i":"collection-categoryId-275","$v":"Medicina"},{"$i":"collection-categoryId-277","$v":"Smešno"},{"$i":"collection-categoryId-279","$v":"Učenje i edukacija"},{"$i":"collection-categoryId-282","$v":"Moda"},{"$i":"collection-categoryId-286","$v":"Elektronika"},{"$i":"collection-categoryId-288","$v":"Automobili"},{"$i":"collection-categoryId-289","$v":"Društvene"},{"$i":"collection-categoryId-291","$v":"Video igrice"},{"$i":"collection-categoryId-292","$v":"Dnevne ponude"},{"$i":"collection-categoryId-294","$v":"Lična komunikacija"},{"$i":"collection-categoryId-296","$v":"Oko mene"},{"$i":"collection-categoryId-297","$v":"Astrologija"},{"$i":"collection-categoryId-302","$v":"Deca"},{"$i":"collection-categoryId-303","$v":"Servisi za finansije"},{"$i":"collection-categoryId-306","$v":"Putovanja"},{"$i":"collection-categoryId-316","$v":"Hoteli"},{"$i":"collection-categoryId-320","$v":"Zabavljanje"},{"$i":"collection-categoryId-321","$v":"Finansijske vesti"},{"$i":"collection-categoryId-325","$v":"Bejzbol"},{"$i":"collection-categoryId-338","$v":"Oglasi"},{"$i":"collection-categoryId-347","$v":"Bebe"},{"$i":"collection-categoryId-349","$v":"Fotografije"},{"$i":"collection-categoryId-356","$v":"Lepota"},{"$i":"collection-categoryId-357","$v":"Uslužne aplikacije"},{"$i":"collection-categoryId-360","$v":"Produktivnost"},{"$i":"collection-categoryId-365","$v":"Stripovi"},{"$i":"collection-categoryId-366","$v":"Životni stil"},{"$i":"collection-categoryId-368","$v":"Personalizacija"},{"$i":"collection-categoryId-372","$v":"Saobraćaj"},{"$i":"collection-categoryId-373","$v":"Telekomunikacije"},{"$i":"collection-categoryId-376","$v":"Zabava"},{"$i":"collection-categoryId-377","$v":"Fudbal"},{"$i":"collection-categoryId-381","$v":"Religija"},{"$i":"collection-categoryId-382","$v":"Fitnes"},{"$i":"collection-categoryId-387","$v":"Aktivnosti na otvorenom"},{"$i":"collection-categoryId-399","$v":"Uradi sam"},{"$i":"collection-categoryId-449","$v":"Dosadno mi je"},{"$i":"collection-categoryId-462","$v":"Telenovele"},{"$i":"collection-categoryId-463","$v":"Politika"},{"$i":"collection-categoryId-473","$v":"Kriket"},{"$i":"collection-categoryId-491","$v":"Svetsko prvenstvo"},{"$i":"collection-categoryId-501","$v":"Brazilske aplikacije"},{"$i":"collection-categoryId-504","$v":"Bollywood"},{"$i":"collection-categoryId-505","$v":"Hrana i pića"},{"$i":"collection-categoryId-507","$v":"Putovanja i lokalne"},{"$i":"collection-categoryId-510","$v":"Tehnologija i nauka"},{"$i":"collection-categoryId-511","$v":"Medija i video"},{"$i":"collection-categoryId-512","$v":"Zdravlje i fitnes"},{"$i":"collection-categoryId-513","$v":"Biznis"},{"$i":"collection-categoryId-520","$v":"Vožnja biciklom"},{"$i":"collection-categoryId-521","$v":"Surfovanje"},{"$i":"gaia-grid-stop-download-title","$v":["Zaustavi ",{"t":"idOrVar","v":"name"}]},{"$i":"gaia-grid-stop-download-body","$v":"Da li želite da zaustavite preuzimanje?"},{"$i":"gaia-grid-stop-download-action","$v":"Zaustavi"},{"$i":"gaia-grid-resume-download-title","$v":"Restartuj preuzimanje"},{"$i":"gaia-grid-resume-download-body","$v":["Da li želite da preuzmete ",{"t":"idOrVar","v":"name"},"?"]},{"$i":"gaia-grid-resume-download-action","$v":"Preuzmi"},{"$i":"gaia-grid-cancel","$v":"Otkaži"},{"$i":"gaia-grid-toggle-collapsed","ariaLabel":"Expand group"},{"$i":"gaia-grid-toggle-expanded","ariaLabel":"Collapse group"},{"$i":"gaia-grid-enter-group-name","$v":"Unesite ime grupe"},{"$i":"gaia-menu-cancel","$v":"Otkaži"}]