[{"$i":"search-or-enter-address","placeholder":"Sök eller ange adress"},{"$i":"delete-title","$v":["Ta bort ",{"t":"idOrVar","v":"name"}]},{"$i":"delete-body","$v":[{"t":"idOrVar","v":"name"}," och all dess data kommer att tas bort."]},{"$i":"delete","$v":"Ta bort"},{"$i":"cancel","$v":"Avbryt"},{"$i":"homescreen-settings","$v":"Inställningar hemskärm"},{"$i":"change-wallpaper","$v":"Ändra bakgrundsbild"},{"$i":"add-smart-collections","$v":"Lägg till smarta samlingar"},{"$i":"edit-mode","$v":"Redigera"},{"$i":"edit-done","$v":"Klar"},{"$i":"stop-download-title","$v":["Avbryt ",{"t":"idOrVar","v":"name"}]},{"$i":"stop-download-body","$v":"Vill du avbryta pågående nedladdning?"},{"$i":"stop-download-action","$v":"Avbryt"},{"$i":"resume-download-title","$v":"Återuppta nedladdning"},{"$i":"resume-download-body","$v":["Vill du hämta ",{"t":"idOrVar","v":"name"},"?"]},{"$i":"resume-download-action","$v":"Hämta"},{"$i":"edit-group-header","$v":"Redigera grupp"},{"$i":"collection-categoryId-22","$v":"Böcker"},{"$i":"collection-categoryId-142","$v":"Musik"},{"$i":"collection-categoryId-181","$v":"Filmer"},{"$i":"collection-categoryId-194","$v":"Internet"},{"$i":"collection-categoryId-207","$v":"Spel"},{"$i":"collection-categoryId-211","$v":"Video"},{"$i":"collection-categoryId-213","$v":"TV"},{"$i":"collection-categoryId-220","$v":"Restauranger"},{"$i":"collection-categoryId-225","$v":"Kändisar"},{"$i":"collection-categoryId-238","$v":"Shopping"},{"$i":"collection-categoryId-242","$v":"Bilder"},{"$i":"collection-categoryId-244","$v":"Teknik"},{"$i":"collection-categoryId-245","$v":"Nyheter"},{"$i":"collection-categoryId-248","$v":"E-post"},{"$i":"collection-categoryId-249","$v":"Väder"},{"$i":"collection-categoryId-256","$v":"Kultur"},{"$i":"collection-categoryId-260","$v":"Sport"},{"$i":"collection-categoryId-270","$v":"Recept"},{"$i":"collection-categoryId-271","$v":"Referens"},{"$i":"collection-categoryId-272","$v":"Reseguider"},{"$i":"collection-categoryId-274","$v":"Jobb"},{"$i":"collection-categoryId-275","$v":"Sjukvård"},{"$i":"collection-categoryId-277","$v":"Skoj"},{"$i":"collection-categoryId-279","$v":"Utbildning"},{"$i":"collection-categoryId-282","$v":"Mode"},{"$i":"collection-categoryId-286","$v":"Elektronik"},{"$i":"collection-categoryId-288","$v":"Bilar"},{"$i":"collection-categoryId-289","$v":"Socialt"},{"$i":"collection-categoryId-291","$v":"Videospel"},{"$i":"collection-categoryId-292","$v":"Dagliga erbjudanden"},{"$i":"collection-categoryId-294","$v":"Personlig kommunikation"},{"$i":"collection-categoryId-296","$v":"Omkring mig"},{"$i":"collection-categoryId-297","$v":"Astrologi"},{"$i":"collection-categoryId-302","$v":"Barn"},{"$i":"collection-categoryId-303","$v":"Finansiella tjänster"},{"$i":"collection-categoryId-306","$v":"Resa"},{"$i":"collection-categoryId-316","$v":"Hotell"},{"$i":"collection-categoryId-320","$v":"Dejting"},{"$i":"collection-categoryId-321","$v":"Ekonomi"},{"$i":"collection-categoryId-325","$v":"Baseball"},{"$i":"collection-categoryId-338","$v":"Annonser"},{"$i":"collection-categoryId-347","$v":"Spädbarn"},{"$i":"collection-categoryId-349","$v":"Fotografi"},{"$i":"collection-categoryId-356","$v":"Skönhet"},{"$i":"collection-categoryId-357","$v":"Verktyg"},{"$i":"collection-categoryId-360","$v":"Produktivitet"},{"$i":"collection-categoryId-365","$v":"Serietidningar"},{"$i":"collection-categoryId-366","$v":"Livsstil"},{"$i":"collection-categoryId-368","$v":"Anpassning"},{"$i":"collection-categoryId-372","$v":"Transportmedel"},{"$i":"collection-categoryId-373","$v":"Telekommunikation"},{"$i":"collection-categoryId-376","$v":"Underhållning"},{"$i":"collection-categoryId-377","$v":"Fotboll"},{"$i":"collection-categoryId-381","$v":"Religion"},{"$i":"collection-categoryId-382","$v":"Fitness"},{"$i":"collection-categoryId-387","$v":"Friluftsliv"},{"$i":"collection-categoryId-399","$v":"Gör det själv"},{"$i":"collection-categoryId-449","$v":"Jag är så uttråkad"},{"$i":"collection-categoryId-462","$v":"TV-serier"},{"$i":"collection-categoryId-463","$v":"Politik"},{"$i":"collection-categoryId-473","$v":"Cricket"},{"$i":"collection-categoryId-491","$v":"Världscupen"},{"$i":"collection-categoryId-501","$v":"Brasilianska appar"},{"$i":"collection-categoryId-504","$v":"Bollywood"},{"$i":"collection-categoryId-505","$v":"Mat & Drinkar"},{"$i":"collection-categoryId-507","$v":"Resa & Lokalt"},{"$i":"collection-categoryId-510","$v":"Teknik & Vetenskap"},{"$i":"collection-categoryId-511","$v":"Media & Video"},{"$i":"collection-categoryId-512","$v":"Hälsa & Fitness"},{"$i":"collection-categoryId-513","$v":"Företag"},{"$i":"collection-categoryId-520","$v":"Cykling"},{"$i":"collection-categoryId-521","$v":"Surfning"},{"$i":"gaia-grid-stop-download-title","$v":["Avbryt ",{"t":"idOrVar","v":"name"}]},{"$i":"gaia-grid-stop-download-body","$v":"Vill du avbryta pågående nedladdning??"},{"$i":"gaia-grid-stop-download-action","$v":"Avbryt"},{"$i":"gaia-grid-resume-download-title","$v":"Återuppta nedladdning"},{"$i":"gaia-grid-resume-download-body","$v":["Vill du hämta ",{"t":"idOrVar","v":"name"},"?"]},{"$i":"gaia-grid-resume-download-action","$v":"Hämta"},{"$i":"gaia-grid-cancel","$v":"Avbryt"},{"$i":"gaia-grid-toggle-collapsed","ariaLabel":"Expand group"},{"$i":"gaia-grid-toggle-expanded","ariaLabel":"Collapse group"},{"$i":"gaia-grid-enter-group-name","$v":"Ange ett gruppnamn"},{"$i":"gaia-menu-cancel","$v":"Avbryt"}]