[{"$i":"search-or-enter-address","placeholder":"Arama yap veya adres gir"},{"$i":"delete-title","$v":[{"t":"idOrVar","v":"name"}," uygulamasını sil"]},{"$i":"delete-body","$v":[{"t":"idOrVar","v":"name"}," ve tüm verileri silinecek."]},{"$i":"delete","$v":"Sil"},{"$i":"cancel","$v":"İptal"},{"$i":"homescreen-settings","$v":"Ana ekran ayarları"},{"$i":"change-wallpaper","$v":"Duvar kâğıdını değiştir"},{"$i":"add-smart-collections","$v":"Akıllı koleksiyon ekle"},{"$i":"edit-mode","$v":"Düzenle"},{"$i":"edit-done","$v":"Bitti"},{"$i":"stop-download-title","$v":[{"t":"idOrVar","v":"name"}," indirmesini durdur"]},{"$i":"stop-download-body","$v":"Devam eden indirmeyi durdurmak istiyor musunuz?"},{"$i":"stop-download-action","$v":"Durdur"},{"$i":"resume-download-title","$v":"İndirmeyi yeniden başlat"},{"$i":"resume-download-body","$v":[{"t":"idOrVar","v":"name"}," uygulamasını indirmek istiyor musunuz?"]},{"$i":"resume-download-action","$v":"İndir"},{"$i":"edit-group-header","$v":"Grubu düzenle"},{"$i":"collection-categoryId-22","$v":"Kitaplar"},{"$i":"collection-categoryId-142","$v":"Müzik"},{"$i":"collection-categoryId-181","$v":"Filmler"},{"$i":"collection-categoryId-194","$v":"İnternet"},{"$i":"collection-categoryId-207","$v":"Oyunlar"},{"$i":"collection-categoryId-211","$v":"Video"},{"$i":"collection-categoryId-213","$v":"TV"},{"$i":"collection-categoryId-220","$v":"Restoranlar"},{"$i":"collection-categoryId-225","$v":"Ünlüler"},{"$i":"collection-categoryId-238","$v":"Alışveriş"},{"$i":"collection-categoryId-242","$v":"Resimler"},{"$i":"collection-categoryId-244","$v":"Teknoloji"},{"$i":"collection-categoryId-245","$v":"Haberler"},{"$i":"collection-categoryId-248","$v":"E-posta"},{"$i":"collection-categoryId-249","$v":"Hava Durumu"},{"$i":"collection-categoryId-256","$v":"Kültür"},{"$i":"collection-categoryId-260","$v":"Spor"},{"$i":"collection-categoryId-270","$v":"Tarifler"},{"$i":"collection-categoryId-271","$v":"Kaynak"},{"$i":"collection-categoryId-272","$v":"Seyahat Rehberleri"},{"$i":"collection-categoryId-274","$v":"İşler"},{"$i":"collection-categoryId-275","$v":"Sağlık"},{"$i":"collection-categoryId-277","$v":"Komik"},{"$i":"collection-categoryId-279","$v":"Eğitim"},{"$i":"collection-categoryId-282","$v":"Moda"},{"$i":"collection-categoryId-286","$v":"Elektronik"},{"$i":"collection-categoryId-288","$v":"Otomobil"},{"$i":"collection-categoryId-289","$v":"Sosyal"},{"$i":"collection-categoryId-291","$v":"Video Oyunları"},{"$i":"collection-categoryId-292","$v":"Günlük Fırsatlar"},{"$i":"collection-categoryId-294","$v":"Kişisel İletişim"},{"$i":"collection-categoryId-296","$v":"Yakınımdakiler"},{"$i":"collection-categoryId-297","$v":"Astroloji"},{"$i":"collection-categoryId-302","$v":"Çocuklar"},{"$i":"collection-categoryId-303","$v":"Finansal Hizmetler"},{"$i":"collection-categoryId-306","$v":"Seyahat"},{"$i":"collection-categoryId-316","$v":"Oteller"},{"$i":"collection-categoryId-320","$v":"Tanışma"},{"$i":"collection-categoryId-321","$v":"Finans Haberleri"},{"$i":"collection-categoryId-325","$v":"Beyzbol"},{"$i":"collection-categoryId-338","$v":"İlanlar"},{"$i":"collection-categoryId-347","$v":"Bebek"},{"$i":"collection-categoryId-349","$v":"Fotoğrafçılık"},{"$i":"collection-categoryId-356","$v":"Güzellik"},{"$i":"collection-categoryId-357","$v":"Araçlar"},{"$i":"collection-categoryId-360","$v":"Üretkenlik"},{"$i":"collection-categoryId-365","$v":"Çizgi Romanlar"},{"$i":"collection-categoryId-366","$v":"Yaşam Tarzı"},{"$i":"collection-categoryId-368","$v":"Kişiselleştirme"},{"$i":"collection-categoryId-372","$v":"Ulaşım"},{"$i":"collection-categoryId-373","$v":"İletişim"},{"$i":"collection-categoryId-376","$v":"Eğlence"},{"$i":"collection-categoryId-377","$v":"Futbol"},{"$i":"collection-categoryId-381","$v":"Din"},{"$i":"collection-categoryId-382","$v":"Zindelik"},{"$i":"collection-categoryId-387","$v":"Açık Hava Etkinlikleri"},{"$i":"collection-categoryId-399","$v":"Kendin Yap"},{"$i":"collection-categoryId-449","$v":"Sıkıldım"},{"$i":"collection-categoryId-462","$v":"Kısa Diziler"},{"$i":"collection-categoryId-463","$v":"Politika"},{"$i":"collection-categoryId-473","$v":"Kriket"},{"$i":"collection-categoryId-491","$v":"Dünya Kupası"},{"$i":"collection-categoryId-501","$v":"Brezilya Uygulamaları"},{"$i":"collection-categoryId-504","$v":"Bollywood"},{"$i":"collection-categoryId-505","$v":"Yiyecek ve İçecekler"},{"$i":"collection-categoryId-507","$v":"Seyahat ve Yerel"},{"$i":"collection-categoryId-510","$v":"Teknoloji ve Bilim"},{"$i":"collection-categoryId-511","$v":"Medya ve Video"},{"$i":"collection-categoryId-512","$v":"Sağlık ve Zindelik"},{"$i":"collection-categoryId-513","$v":"İş"},{"$i":"collection-categoryId-520","$v":"Bisiklet"},{"$i":"collection-categoryId-521","$v":"Sörf"},{"$i":"gaia-grid-stop-download-title","$v":[{"t":"idOrVar","v":"name"}," indirmesini durdur"]},{"$i":"gaia-grid-stop-download-body","$v":"Devam eden indirmeyi durdurmak istiyor musunuz?"},{"$i":"gaia-grid-stop-download-action","$v":"Durdur"},{"$i":"gaia-grid-resume-download-title","$v":"İndirmeyi yeniden başlat"},{"$i":"gaia-grid-resume-download-body","$v":[{"t":"idOrVar","v":"name"}," indirilsin mi?"]},{"$i":"gaia-grid-resume-download-action","$v":"İndir"},{"$i":"gaia-grid-cancel","$v":"İptal"},{"$i":"gaia-grid-toggle-collapsed","ariaLabel":"Expand group"},{"$i":"gaia-grid-toggle-expanded","ariaLabel":"Collapse group"},{"$i":"gaia-grid-enter-group-name","$v":"Bir grup adı girin"},{"$i":"gaia-menu-cancel","$v":"İptal"}]