[{"$i":"search-or-enter-address","placeholder":"搜索或输入网址"},{"$i":"delete-title","$v":["删除“",{"t":"idOrVar","v":"name"},"”"]},{"$i":"delete-body","$v":["“",{"t":"idOrVar","v":"name"},"”及其所有数据将被删除。"]},{"$i":"delete","$v":"删除"},{"$i":"cancel","$v":"取消"},{"$i":"homescreen-settings","$v":"主屏幕设置"},{"$i":"change-wallpaper","$v":"更改壁纸"},{"$i":"add-smart-collections","$v":"添加智能收藏集"},{"$i":"edit-mode","$v":"编辑"},{"$i":"edit-done","$v":"完成"},{"$i":"stop-download-title","$v":["停止 ",{"t":"idOrVar","v":"name"}]},{"$i":"stop-download-body","$v":"您确定要停止正在进行的下载吗？"},{"$i":"stop-download-action","$v":"停止"},{"$i":"resume-download-title","$v":"重新开始下载"},{"$i":"resume-download-body","$v":["你是否想下载 ",{"t":"idOrVar","v":"name"},"？"]},{"$i":"resume-download-action","$v":"下载"},{"$i":"edit-group-header","$v":"编辑分组"},{"$i":"collection-categoryId-22","$v":"书籍"},{"$i":"collection-categoryId-142","$v":"音乐"},{"$i":"collection-categoryId-181","$v":"电影"},{"$i":"collection-categoryId-194","$v":"互联网"},{"$i":"collection-categoryId-207","$v":"游戏"},{"$i":"collection-categoryId-211","$v":"视频"},{"$i":"collection-categoryId-213","$v":"电视"},{"$i":"collection-categoryId-220","$v":"餐饮"},{"$i":"collection-categoryId-225","$v":"名人"},{"$i":"collection-categoryId-238","$v":"购物"},{"$i":"collection-categoryId-242","$v":"图片"},{"$i":"collection-categoryId-244","$v":"科技"},{"$i":"collection-categoryId-245","$v":"新闻"},{"$i":"collection-categoryId-248","$v":"电邮"},{"$i":"collection-categoryId-249","$v":"天气"},{"$i":"collection-categoryId-256","$v":"文化"},{"$i":"collection-categoryId-260","$v":"体育"},{"$i":"collection-categoryId-270","$v":"烹饪"},{"$i":"collection-categoryId-271","$v":"参考"},{"$i":"collection-categoryId-272","$v":"旅行指南"},{"$i":"collection-categoryId-274","$v":"工作"},{"$i":"collection-categoryId-275","$v":"医药"},{"$i":"collection-categoryId-277","$v":"搞笑"},{"$i":"collection-categoryId-279","$v":"学习和教育"},{"$i":"collection-categoryId-282","$v":"时尚"},{"$i":"collection-categoryId-286","$v":"电子"},{"$i":"collection-categoryId-288","$v":"汽车"},{"$i":"collection-categoryId-289","$v":"社交"},{"$i":"collection-categoryId-291","$v":"视频游戏"},{"$i":"collection-categoryId-292","$v":"优惠"},{"$i":"collection-categoryId-294","$v":"个人沟通"},{"$i":"collection-categoryId-296","$v":"周围"},{"$i":"collection-categoryId-297","$v":"星座"},{"$i":"collection-categoryId-302","$v":"儿童"},{"$i":"collection-categoryId-303","$v":"金融服务"},{"$i":"collection-categoryId-306","$v":"旅游"},{"$i":"collection-categoryId-316","$v":"宾馆"},{"$i":"collection-categoryId-320","$v":"约会"},{"$i":"collection-categoryId-321","$v":"经济新闻"},{"$i":"collection-categoryId-325","$v":"垒球"},{"$i":"collection-categoryId-338","$v":"分类广告"},{"$i":"collection-categoryId-347","$v":"婴儿"},{"$i":"collection-categoryId-349","$v":"摄影"},{"$i":"collection-categoryId-356","$v":"佳人"},{"$i":"collection-categoryId-357","$v":"公用事业"},{"$i":"collection-categoryId-360","$v":"生产力"},{"$i":"collection-categoryId-365","$v":"漫画"},{"$i":"collection-categoryId-366","$v":"生活"},{"$i":"collection-categoryId-368","$v":"个性化"},{"$i":"collection-categoryId-372","$v":"交通"},{"$i":"collection-categoryId-373","$v":"电信"},{"$i":"collection-categoryId-376","$v":"娱乐"},{"$i":"collection-categoryId-377","$v":"足球"},{"$i":"collection-categoryId-381","$v":"宗教"},{"$i":"collection-categoryId-382","$v":"健身"},{"$i":"collection-categoryId-387","$v":"户外"},{"$i":"collection-categoryId-399","$v":"DIY"},{"$i":"collection-categoryId-449","$v":"好无聊"},{"$i":"collection-categoryId-462","$v":"电视剧"},{"$i":"collection-categoryId-463","$v":"政治"},{"$i":"collection-categoryId-473","$v":"板球"},{"$i":"collection-categoryId-491","$v":"世界杯"},{"$i":"collection-categoryId-501","$v":"巴西人 App"},{"$i":"collection-categoryId-504","$v":"宝莱坞"},{"$i":"collection-categoryId-505","$v":"吃喝"},{"$i":"collection-categoryId-507","$v":"旅行和本地"},{"$i":"collection-categoryId-510","$v":"科技"},{"$i":"collection-categoryId-511","$v":"媒体和视频"},{"$i":"collection-categoryId-512","$v":"健康和健身"},{"$i":"collection-categoryId-513","$v":"商务"},{"$i":"collection-categoryId-520","$v":"骑行"},{"$i":"collection-categoryId-521","$v":"冲浪"},{"$i":"gaia-grid-stop-download-title","$v":["停止 ",{"t":"idOrVar","v":"name"}]},{"$i":"gaia-grid-stop-download-body","$v":"您确定要停止正在进行的下载吗？"},{"$i":"gaia-grid-stop-download-action","$v":"停止"},{"$i":"gaia-grid-resume-download-title","$v":"重新开始下载"},{"$i":"gaia-grid-resume-download-body","$v":["你是否想下载 ",{"t":"idOrVar","v":"name"}," ？"]},{"$i":"gaia-grid-resume-download-action","$v":"下载"},{"$i":"gaia-grid-cancel","$v":"取消"},{"$i":"gaia-grid-toggle-collapsed","ariaLabel":"Expand group"},{"$i":"gaia-grid-toggle-expanded","ariaLabel":"Collapse group"},{"$i":"gaia-grid-enter-group-name","$v":"请输入一个分组名称"},{"$i":"gaia-menu-cancel","$v":"取消"}]