[{"$i":"weekday-0-long","$v":"الأحد"},{"$i":"weekday-1-long","$v":"الإثنين"},{"$i":"weekday-2-long","$v":"الثلاثاء"},{"$i":"weekday-3-long","$v":"الأربعاء"},{"$i":"weekday-4-long","$v":"الخميس"},{"$i":"weekday-5-long","$v":"الجمعة"},{"$i":"weekday-6-long","$v":"السبت"},{"$i":"weekday-0-short","$v":"أحد"},{"$i":"weekday-1-short","$v":"إثنين"},{"$i":"weekday-2-short","$v":"ثلاثاء"},{"$i":"weekday-3-short","$v":"أربعاء"},{"$i":"weekday-4-short","$v":"خميس"},{"$i":"weekday-5-short","$v":"جمعة"},{"$i":"weekday-6-short","$v":"سبت"},{"$i":"month-0-long","$v":"يناير"},{"$i":"month-1-long","$v":"فبراير"},{"$i":"month-2-long","$v":"مارس"},{"$i":"month-3-long","$v":"أبريل"},{"$i":"month-4-long","$v":"مايو"},{"$i":"month-5-long","$v":"يونيو"},{"$i":"month-6-long","$v":"يوليو"},{"$i":"month-7-long","$v":"أغسطس"},{"$i":"month-8-long","$v":"سبتمبر"},{"$i":"month-9-long","$v":"أكتوبر"},{"$i":"month-10-long","$v":"نوفمبر"},{"$i":"month-11-long","$v":"ديسمبر"},{"$i":"month-0-genitive","$v":"يناير"},{"$i":"month-1-genitive","$v":"فبراير"},{"$i":"month-2-genitive","$v":"مارس"},{"$i":"month-3-genitive","$v":"أبريل"},{"$i":"month-4-genitive","$v":"مايو"},{"$i":"month-5-genitive","$v":"يونيو"},{"$i":"month-6-genitive","$v":"يوليو"},{"$i":"month-7-genitive","$v":"أغسطس"},{"$i":"month-8-genitive","$v":"سبتمبر"},{"$i":"month-9-genitive","$v":"أكتوبر"},{"$i":"month-10-genitive","$v":"نوفمبر"},{"$i":"month-11-genitive","$v":"ديسمبر"},{"$i":"month-0-short","$v":"يناير"},{"$i":"month-1-short","$v":"فبراير"},{"$i":"month-2-short","$v":"مارس"},{"$i":"month-3-short","$v":"ابريل"},{"$i":"month-4-short","$v":"مايو"},{"$i":"month-5-short","$v":"يونيو"},{"$i":"month-6-short","$v":"يوليو"},{"$i":"month-7-short","$v":"أغسطس"},{"$i":"month-8-short","$v":"سبتمبر"},{"$i":"month-9-short","$v":"أكتوبر"},{"$i":"month-10-short","$v":"نوفمبر"},{"$i":"month-11-short","$v":"ديسمبر"},{"$i":"minutes-ago-long","$v":{"zero":"الآن","one":"منذ دقيقة","two":"منذ دقيقتين","few":["منذ ",{"t":"idOrVar","v":"value"}," دقائق"],"many":["منذ ",{"t":"idOrVar","v":"value"}," دقيقة"],"other":["منذ ",{"t":"idOrVar","v":"value"}," دقيقة"]},"$x":[{"t":"idOrVar","v":"plural"},"value"]},{"$i":"hours-ago-long","$v":{"zero":"الآن","one":"منذ ساعة","two":"منذ ساعتين","few":["قبل ",{"t":"idOrVar","v":"value"}," ساعات"],"many":["قبل ",{"t":"idOrVar","v":"value"}," ساعة"],"other":["قبل ",{"t":"idOrVar","v":"value"}," ساعة"]},"$x":[{"t":"idOrVar","v":"plural"},"value"]},{"$i":"days-ago-long","$v":{"zero":"اليوم","one":"أمس","two":"منذ يومين","few":["منذ ",{"t":"idOrVar","v":"value"}," أيام"],"many":["منذ ",{"t":"idOrVar","v":"value"}," يوم"],"other":["منذ ",{"t":"idOrVar","v":"value"}," يوم"]},"$x":[{"t":"idOrVar","v":"plural"},"value"]},{"$i":"weeks-ago-long","$v":{"zero":"هذا الأسبوع","one":"الأسبوع الماضي","two":"منذ أسبوعين","few":["منذ ",{"t":"idOrVar","v":"value"}," أسابيع"],"many":["منذ ",{"t":"idOrVar","v":"value"}," أسبوع"],"other":["منذ ",{"t":"idOrVar","v":"value"}," أسبوع"]},"$x":[{"t":"idOrVar","v":"plural"},"value"]},{"$i":"months-ago-long","$v":{"zero":"هذا الشهر","one":"الشهر الماضي","two":"منذ شهرين","few":["منذ ",{"t":"idOrVar","v":"value"}," أشهر"],"many":["منذ ",{"t":"idOrVar","v":"value"}," شهر"],"other":["منذ ",{"t":"idOrVar","v":"value"}," شهر"]},"$x":[{"t":"idOrVar","v":"plural"},"value"]},{"$i":"years-ago-long","$v":{"zero":"هذه السنة","one":"السنة الماضية","two":"منذ سنتين","few":["منذ ",{"t":"idOrVar","v":"value"}," سنوات"],"many":["منذ ",{"t":"idOrVar","v":"value"}," سنة"],"other":["منذ ",{"t":"idOrVar","v":"value"}," سنة"]},"$x":[{"t":"idOrVar","v":"plural"},"value"]},{"$i":"minutes-until-long","$v":{"zero":"الآن","one":"خلال دقيقة","two":"خلال دقيقتين","few":["خلال ",{"t":"idOrVar","v":"value"}," دقائق"],"many":["خلال ",{"t":"idOrVar","v":"value"}," دقيقة"],"other":["خلال ",{"t":"idOrVar","v":"value"}," دقيقة"]},"$x":[{"t":"idOrVar","v":"plural"},"value"]},{"$i":"hours-until-long","$v":{"zero":"الآن","one":"خلال ساعة","two":"خلال ساعتين","few":["خلال ",{"t":"idOrVar","v":"value"}," ساعات"],"many":["خلال ",{"t":"idOrVar","v":"value"}," ساعة"],"other":["خلال ",{"t":"idOrVar","v":"value"}," ساعة"]},"$x":[{"t":"idOrVar","v":"plural"},"value"]},{"$i":"days-until-long","$v":{"zero":"اليوم","one":"غداً","two":"خلال يومين","few":["خلال ",{"t":"idOrVar","v":"value"}," أيام"],"many":["خلال ",{"t":"idOrVar","v":"value"}," يوم"],"other":["خلال ",{"t":"idOrVar","v":"value"}," يوم"]},"$x":[{"t":"idOrVar","v":"plural"},"value"]},{"$i":"weeks-until-long","$v":{"zero":"هذا الأسبوع","one":"الأسبوع القادم","two":"خلال أسبوعين","few":["خلال ",{"t":"idOrVar","v":"value"}," أسابيع"],"many":["خلال ",{"t":"idOrVar","v":"value"}," أسبوع"],"other":["خلال ",{"t":"idOrVar","v":"value"}," أسبوع"]},"$x":[{"t":"idOrVar","v":"plural"},"value"]},{"$i":"months-until-long","$v":{"zero":"هذا الشهر","one":"الشهر القادم","two":"خلال شهرين","few":["خلال ",{"t":"idOrVar","v":"value"}," أشهر"],"many":["خلال ",{"t":"idOrVar","v":"value"}," شهر"],"other":["خلال ",{"t":"idOrVar","v":"value"}," شهر"]},"$x":[{"t":"idOrVar","v":"plural"},"value"]},{"$i":"years-until-long","$v":{"zero":"هذه السنة","one":"السنة القادمة","two":"خلال سنتين","few":["خلال ",{"t":"idOrVar","v":"value"}," سنوات"],"many":["خلال ",{"t":"idOrVar","v":"value"}," سنة"],"other":["خلال ",{"t":"idOrVar","v":"value"}," سنة"]},"$x":[{"t":"idOrVar","v":"plural"},"value"]},{"$i":"minutes-ago-short","$v":{"zero":"الآن","other":["منذ ",{"t":"idOrVar","v":"value"}," دقيقة"]},"$x":[{"t":"idOrVar","v":"plural"},"value"]},{"$i":"hours-ago-short","$v":{"zero":"الآن","other":["منذ ",{"t":"idOrVar","v":"value"}," س"]},"$x":[{"t":"idOrVar","v":"plural"},"value"]},{"$i":"days-ago-short","$v":{"zero":"اليوم","other":["منذ ",{"t":"idOrVar","v":"value"}," ي"]},"$x":[{"t":"idOrVar","v":"plural"},"value"]},{"$i":"minutes-until-short","$v":{"zero":"الآن","other":["خلال ",{"t":"idOrVar","v":"value"}," د"]},"$x":[{"t":"idOrVar","v":"plural"},"value"]},{"$i":"hours-until-short","$v":{"zero":"الآن","other":["خلال ",{"t":"idOrVar","v":"value"}," س"]},"$x":[{"t":"idOrVar","v":"plural"},"value"]},{"$i":"days-until-short","$v":{"zero":"اليوم","other":["خلال ",{"t":"idOrVar","v":"value"}," ي"]},"$x":[{"t":"idOrVar","v":"plural"},"value"]},{"$i":"incorrectDate","$v":"(تاريخ غير صحيح)"},{"$i":"dateTimeFormat_%c","$v":"%a %e %b %Y %I:%M:%S %p"},{"$i":"dateTimeFormat_%x","$v":"%d/%m/%Y"},{"$i":"dateTimeFormat_%X","$v":"%I:%M:%S %p"},{"$i":"shortTimeFormat","$v":"%I:%M %p"},{"$i":"shortTimeFormat12","$v":"%I:%M %p"},{"$i":"shortTimeFormat24","$v":"%H:%M"},{"$i":"shortDateTimeFormat","$v":"%x %I:%M %p"},{"$i":"weekStartsOnMonday","$v":"0 "},{"$i":"firstDayOfTheWeek","$v":"0"},{"$i":"time_am","$v":"ص"},{"$i":"time_pm","$v":"م"},{"$i":"stopped_download_title","$v":"لقد توقف التنزيل"},{"$i":"stopped_download_message","$v":"لقد توقف التنزيل, حاول مرة اخرى ؟"},{"$i":"stopped_download_left_button","$v":"ألغِ"},{"$i":"stopped_download_right_button","$v":"أعِد المحاولة"},{"$i":"failed_download_title","$v":"فشل التنزيل"},{"$i":"failed_download_message","$v":["فشل تنزيل ",{"t":"idOrVar","v":"name"},". هل تريد إعادة المحاولة مرة أخرى؟"]},{"$i":"failed_download_left_button","$v":"ألغِ"},{"$i":"failed_download_right_button","$v":"أعِد المحاولة"},{"$i":"stop_download_title","$v":"أوقف التنزيل"},{"$i":"stop_download_message","$v":"هل أنت متأكد أنك تريد إيقاف التنزيل؟"},{"$i":"stop_download_left_button","$v":"لا"},{"$i":"stop_download_right_button","$v":"نعم"},{"$i":"delete_download_title","$v":"احذف"},{"$i":"delete_download_message","$v":["حذف ",{"t":"idOrVar","v":"name"},"؟"]},{"$i":"delete_download_left_button","$v":"ألغِ"},{"$i":"delete_download_right_button","$v":"حذف"},{"$i":"delete_all_download_title","$v":"احذف"},{"$i":"delete_all_download_left_button","$v":"ألغِ"},{"$i":"delete_all_download_right_button","$v":"احذف"},{"$i":"delete_all_download_message","$v":{"zero":"حذف أي ملفات؟","one":"حذف ملف واحد؟","two":"حذف ملفين؟","few":["حذف ",{"t":"idOrVar","v":"number"}," ملفات؟"],"many":["حذف ",{"t":"idOrVar","v":"number"}," ملف؟"],"other":["حذف ",{"t":"idOrVar","v":"number"}," ملف؟"]},"$x":[{"t":"idOrVar","v":"plural"},"number"]},{"$i":"unsupported_file_type_download_title","$v":"تعذر فتح"},{"$i":"unsupported_file_type_download_message","$v":["لا يوجد برنامج يمكنه فتح ",{"t":"idOrVar","v":"name"},". هل تريد حفظ الملف أم حذفه؟"]},{"$i":"unsupported_file_type_download_left_button","$v":"إبقاء الملف"},{"$i":"unsupported_file_type_download_right_button","$v":"احذف"},{"$i":"file_not_found_download_title","$v":"الملف غير موجود"},{"$i":"file_not_found_download_message","$v":"الملف غير موجود على الجهاز"},{"$i":"file_not_found_download_right_button","$v":"موافق"},{"$i":"unmounted_sdcard_2_download_title","$v":"بطاقة الذاكرة مستخدمة"},{"$i":"unmounted_sdcard_2_download_message","$v":"قم بفصل الهاتف"},{"$i":"unmounted_sdcard_2_download_right_button","$v":"موافق"},{"$i":"no_provider_download_title","$v":"غير قادر على مشاركة"},{"$i":"no_provider_download_message","$v":"لم يتم العثور على مزود"},{"$i":"no_provider_download_right_button","$v":"موافق"},{"$i":"no_memory_download_title","$v":"بطاقة الذاكرة ممتلئة"},{"$i":"no_memory_download_message","$v":"لايوجد مساحة كافية على بطاقة الذاكرة لحفظ التحميل. الرجاء حذف بعض الملفات قبل إعادة التحميل."},{"$i":"no_memory_download_right_button","$v":"موافق"},{"$i":"no_sdcard_found_2_download_title","$v":"بطاقة الذاكرة غير موجودة"},{"$i":"no_sdcard_found_2_download_message","$v":"ادخل بطاقة الذاكرة أو حدد موقع الوسائط الافتراضي في الإعدادات"},{"$i":"no_sdcard_found_2_download_right_button","$v":"موافق"},{"$i":"file_open_error_download_title","$v":"غير قابل للفتح"},{"$i":"file_open_error_download_message","$v":["هناك مشكلة في فتح ",{"t":"idOrVar","v":"name"},". هل تريد حفظ الملف أم حذفه؟"]},{"$i":"file_open_error_download_left_button","$v":"الإحتفاظ بالملف"},{"$i":"file_open_error_download_right_button","$v":"احذف"},{"$i":"restart_download_error","$v":"حدث خطأ عند إعادة بدأ التنزيل. من فضلك أعد التنزيل مرة أخرى."},{"$i":"no-downloads","$v":"لا يوجد تنزيلات"},{"$i":"byteUnit-B","$v":"بايت"},{"$i":"byteUnit-KB","$v":"كيلوبايت"},{"$i":"byteUnit-MB","$v":"ميجابايت"},{"$i":"byteUnit-GB","$v":"جيجابايت"},{"$i":"byteUnit-TB","$v":"تيرابايت"},{"$i":"fileSize","$v":[{"t":"idOrVar","v":"size"}," ",{"t":"idOrVar","v":"unit"}]},{"$i":"percentage","$v":[{"t":"idOrVar","v":"percentage"}," %"]},{"$i":"partialResult","$v":[{"t":"idOrVar","v":"partial"}," من ",{"t":"idOrVar","v":"total"}]},{"$i":"summary","$v":[{"t":"idOrVar","v":"date"}," - ",{"t":"idOrVar","v":"status"}]},{"$i":"download-stopped","$v":"متوقف"},{"$i":"download-failed","$v":"فشل التنزيل"},{"$i":"open_downloaded_file","$v":"افتح"},{"$i":"share_downloaded_file","$v":"مُشاركة"},{"$i":"wallpaper_downloaded_file","$v":"تعيين كخلفية"},{"$i":"ringtone_downloaded_file","$v":"تعيين كنغمة رنين"},{"$i":"cancel_downloaded_file","$v":"ألغِ"},{"$i":"select-download","$v":"حدّد التنزيل"}]