[{"$i":"weekday-0-long","$v":"неделя"},{"$i":"weekday-1-long","$v":"понеделник"},{"$i":"weekday-2-long","$v":"вторник"},{"$i":"weekday-3-long","$v":"сряда"},{"$i":"weekday-4-long","$v":"четвъртък"},{"$i":"weekday-5-long","$v":"петък"},{"$i":"weekday-6-long","$v":"събота"},{"$i":"weekday-0-short","$v":"нед"},{"$i":"weekday-1-short","$v":"пон"},{"$i":"weekday-2-short","$v":"вто"},{"$i":"weekday-3-short","$v":"сря"},{"$i":"weekday-4-short","$v":"чет"},{"$i":"weekday-5-short","$v":"пет"},{"$i":"weekday-6-short","$v":"съб"},{"$i":"month-0-long","$v":"януари"},{"$i":"month-1-long","$v":"февруари"},{"$i":"month-2-long","$v":"мaрт"},{"$i":"month-3-long","$v":"април"},{"$i":"month-4-long","$v":"май"},{"$i":"month-5-long","$v":"юни"},{"$i":"month-6-long","$v":"юли"},{"$i":"month-7-long","$v":"август"},{"$i":"month-8-long","$v":"септември"},{"$i":"month-9-long","$v":"октомври"},{"$i":"month-10-long","$v":"ноември"},{"$i":"month-11-long","$v":"декември"},{"$i":"month-0-genitive","$v":"януари"},{"$i":"month-1-genitive","$v":"февруари"},{"$i":"month-2-genitive","$v":"мaрт"},{"$i":"month-3-genitive","$v":"април"},{"$i":"month-4-genitive","$v":"май"},{"$i":"month-5-genitive","$v":"юни"},{"$i":"month-6-genitive","$v":"юли"},{"$i":"month-7-genitive","$v":"август"},{"$i":"month-8-genitive","$v":"септември"},{"$i":"month-9-genitive","$v":"октомври"},{"$i":"month-10-genitive","$v":"ноември"},{"$i":"month-11-genitive","$v":"декември"},{"$i":"month-0-short","$v":"яну"},{"$i":"month-1-short","$v":"фев"},{"$i":"month-2-short","$v":"мар"},{"$i":"month-3-short","$v":"апр"},{"$i":"month-4-short","$v":"май"},{"$i":"month-5-short","$v":"юни"},{"$i":"month-6-short","$v":"юли"},{"$i":"month-7-short","$v":"авг"},{"$i":"month-8-short","$v":"сеп"},{"$i":"month-9-short","$v":"окт"},{"$i":"month-10-short","$v":"ное"},{"$i":"month-11-short","$v":"дек"},{"$i":"minutes-ago-long","$v":{"zero":"току-що","one":"преди минута","two":["преди ",{"t":"idOrVar","v":"value"}," минути"],"few":["преди ",{"t":"idOrVar","v":"value"}," минути"],"many":["преди ",{"t":"idOrVar","v":"value"}," минути"],"other":["преди ",{"t":"idOrVar","v":"value"}," минути"]},"$x":[{"t":"idOrVar","v":"plural"},"value"]},{"$i":"hours-ago-long","$v":{"zero":"току-що","one":"преди час","two":["преди ",{"t":"idOrVar","v":"value"}," часа"],"few":["преди ",{"t":"idOrVar","v":"value"}," часа"],"many":["преди ",{"t":"idOrVar","v":"value"}," часа"],"other":["преди ",{"t":"idOrVar","v":"value"}," часа"]},"$x":[{"t":"idOrVar","v":"plural"},"value"]},{"$i":"days-ago-long","$v":{"zero":"днес","one":"вчера","two":["преди ",{"t":"idOrVar","v":"value"}," дена"],"few":["преди ",{"t":"idOrVar","v":"value"}," дена"],"many":["преди ",{"t":"idOrVar","v":"value"}," дена"],"other":["преди ",{"t":"idOrVar","v":"value"}," дена"]},"$x":[{"t":"idOrVar","v":"plural"},"value"]},{"$i":"weeks-ago-long","$v":{"zero":"тази седмица","one":"миналата седмица","two":["преди ",{"t":"idOrVar","v":"value"}," седмици"],"few":["преди ",{"t":"idOrVar","v":"value"}," седмици"],"many":["преди ",{"t":"idOrVar","v":"value"}," седмици"],"other":["преди ",{"t":"idOrVar","v":"value"}," седмици"]},"$x":[{"t":"idOrVar","v":"plural"},"value"]},{"$i":"months-ago-long","$v":{"zero":"този месец","one":"миналия месец","two":["преди ",{"t":"idOrVar","v":"value"}," месеца"],"few":["преди ",{"t":"idOrVar","v":"value"}," месеца"],"many":["преди ",{"t":"idOrVar","v":"value"}," месеца"],"other":["преди ",{"t":"idOrVar","v":"value"}," месеца"]},"$x":[{"t":"idOrVar","v":"plural"},"value"]},{"$i":"years-ago-long","$v":{"zero":"тази година","one":"миналата година","two":["преди ",{"t":"idOrVar","v":"value"}," години"],"few":["преди ",{"t":"idOrVar","v":"value"}," години"],"many":["преди ",{"t":"idOrVar","v":"value"}," години"],"other":["преди ",{"t":"idOrVar","v":"value"}," години"]},"$x":[{"t":"idOrVar","v":"plural"},"value"]},{"$i":"minutes-until-long","$v":{"zero":"сега","one":"до една минута","two":["след ",{"t":"idOrVar","v":"value"}," минути"],"few":["след ",{"t":"idOrVar","v":"value"}," минути"],"many":["след ",{"t":"idOrVar","v":"value"}," минути"],"other":["след ",{"t":"idOrVar","v":"value"}," минути"]},"$x":[{"t":"idOrVar","v":"plural"},"value"]},{"$i":"hours-until-long","$v":{"zero":"сега","one":"до един час","two":["след ",{"t":"idOrVar","v":"value"}," часа"],"few":["след ",{"t":"idOrVar","v":"value"}," часа"],"many":["след ",{"t":"idOrVar","v":"value"}," часа"],"other":["след ",{"t":"idOrVar","v":"value"}," часа"]},"$x":[{"t":"idOrVar","v":"plural"},"value"]},{"$i":"days-until-long","$v":{"zero":"днес","one":"утре","two":["след ",{"t":"idOrVar","v":"value"}," дена"],"few":["след ",{"t":"idOrVar","v":"value"}," дена"],"many":["след ",{"t":"idOrVar","v":"value"}," дена"],"other":["след ",{"t":"idOrVar","v":"value"}," дена"]},"$x":[{"t":"idOrVar","v":"plural"},"value"]},{"$i":"weeks-until-long","$v":{"zero":"тази седмица","one":"другата седмица","two":["след ",{"t":"idOrVar","v":"value"}," седмици"],"few":["след ",{"t":"idOrVar","v":"value"}," седмици"],"many":["след ",{"t":"idOrVar","v":"value"}," седмици"],"other":["след ",{"t":"idOrVar","v":"value"}," седмици"]},"$x":[{"t":"idOrVar","v":"plural"},"value"]},{"$i":"months-until-long","$v":{"zero":"този месец","one":"другия месец","two":["след ",{"t":"idOrVar","v":"value"}," месеца"],"few":["след ",{"t":"idOrVar","v":"value"}," месеца"],"many":["след ",{"t":"idOrVar","v":"value"}," месеца"],"other":["след ",{"t":"idOrVar","v":"value"}," месеца"]},"$x":[{"t":"idOrVar","v":"plural"},"value"]},{"$i":"years-until-long","$v":{"zero":"тази година","one":"следващата година","two":["след ",{"t":"idOrVar","v":"value"}," години"],"few":["след ",{"t":"idOrVar","v":"value"}," години"],"many":["след ",{"t":"idOrVar","v":"value"}," години"],"other":["след ",{"t":"idOrVar","v":"value"}," години"]},"$x":[{"t":"idOrVar","v":"plural"},"value"]},{"$i":"minutes-ago-short","$v":{"zero":"току-що","other":["преди ",{"t":"idOrVar","v":"value"},"м"]},"$x":[{"t":"idOrVar","v":"plural"},"value"]},{"$i":"hours-ago-short","$v":{"zero":"току-що","other":["преди ",{"t":"idOrVar","v":"value"},"ч"]},"$x":[{"t":"idOrVar","v":"plural"},"value"]},{"$i":"days-ago-short","$v":{"zero":"днес","other":["преди ",{"t":"idOrVar","v":"value"},"д"]},"$x":[{"t":"idOrVar","v":"plural"},"value"]},{"$i":"minutes-until-short","$v":{"zero":"сега","other":["след ",{"t":"idOrVar","v":"value"},"м"]},"$x":[{"t":"idOrVar","v":"plural"},"value"]},{"$i":"hours-until-short","$v":{"zero":"сега","other":["след ",{"t":"idOrVar","v":"value"},"ч"]},"$x":[{"t":"idOrVar","v":"plural"},"value"]},{"$i":"days-until-short","$v":{"zero":"днес","other":["след ",{"t":"idOrVar","v":"value"},"д"]},"$x":[{"t":"idOrVar","v":"plural"},"value"]},{"$i":"incorrectDate","$v":"(невалидна дата)"},{"$i":"dateTimeFormat_%c","$v":"%a, %e %b %Y %H:%M:%S"},{"$i":"dateTimeFormat_%x","$v":"%d.%m.%Y"},{"$i":"dateTimeFormat_%X","$v":"%H:%M:%S"},{"$i":"shortTimeFormat","$v":"%I:%M %p"},{"$i":"shortTimeFormat12","$v":"%I:%M %p"},{"$i":"shortTimeFormat24","$v":"%H:%M"},{"$i":"shortDateTimeFormat","$v":"%x %H:%M"},{"$i":"weekStartsOnMonday","$v":"1"},{"$i":"firstDayOfTheWeek","$v":"1"},{"$i":"time_am","$v":"пр.об."},{"$i":"time_pm","$v":"сл.об."},{"$i":"stopped_download_title","$v":"Изтеглянето спря"},{"$i":"stopped_download_message","$v":"Изтеглянето спря. Искате ли нов опит?"},{"$i":"stopped_download_left_button","$v":"Отказ"},{"$i":"stopped_download_right_button","$v":"Нов опит"},{"$i":"failed_download_title","$v":"Неуспешно изтегляне"},{"$i":"failed_download_message","$v":["Изтеглянето на ",{"t":"idOrVar","v":"name"}," неуспешно. Искате ли нов опит?"]},{"$i":"failed_download_left_button","$v":"Отказ"},{"$i":"failed_download_right_button","$v":"Нов опит"},{"$i":"stop_download_title","$v":"Спиране на изтеглянето"},{"$i":"stop_download_message","$v":"Сигурни ли сте, че искате да спрете изтеглянето?"},{"$i":"stop_download_left_button","$v":"Не"},{"$i":"stop_download_right_button","$v":"Да"},{"$i":"delete_download_title","$v":"Изтриване"},{"$i":"delete_download_message","$v":["Изтриване на ",{"t":"idOrVar","v":"name"},"?"]},{"$i":"delete_download_left_button","$v":"Отказ"},{"$i":"delete_download_right_button","$v":"Изтриване"},{"$i":"delete_all_download_title","$v":"Изтриване"},{"$i":"delete_all_download_left_button","$v":"Отказ"},{"$i":"delete_all_download_right_button","$v":"Изтриване"},{"$i":"delete_all_download_message","$v":{"zero":"Изтриване на 0 файла?","one":"Изтриване на един файл?","two":["Изтриване на ",{"t":"idOrVar","v":"number"}," файла?"],"few":["Изтриване на ",{"t":"idOrVar","v":"number"}," файла?"],"many":["Изтриване на ",{"t":"idOrVar","v":"number"}," файла?"],"other":["Изтриване на ",{"t":"idOrVar","v":"number"}," файла?"]},"$x":[{"t":"idOrVar","v":"plural"},"number"]},{"$i":"unsupported_file_type_download_title","$v":"Не може да се отвори"},{"$i":"unsupported_file_type_download_message","$v":["Няма приложение, което да отвори ",{"t":"idOrVar","v":"name"},". Искате ли да запишете файла, или той да се изтрие?"]},{"$i":"unsupported_file_type_download_left_button","$v":"Запис"},{"$i":"unsupported_file_type_download_right_button","$v":"Изтриване"},{"$i":"file_not_found_download_title","$v":"Файлът не е намерен"},{"$i":"file_not_found_download_message","$v":"Файлът не е намерен в устройството"},{"$i":"file_not_found_download_right_button","$v":"Добре"},{"$i":"unmounted_sdcard_2_download_title","$v":"Използване на карта за памет"},{"$i":"unmounted_sdcard_2_download_message","$v":"Изкарване на кабела на телефона"},{"$i":"unmounted_sdcard_2_download_right_button","$v":"Добре"},{"$i":"no_provider_download_title","$v":"Не може да се сподели"},{"$i":"no_provider_download_message","$v":"Не е намерен доставчик"},{"$i":"no_provider_download_right_button","$v":"Добре"},{"$i":"no_memory_download_title","$v":"Картата за памет е пълна"},{"$i":"no_memory_download_message","$v":"Няма място на вашата карта за памет, за да се запише изтегленото. Моля, изтрийте файлове преди да рестартирате изтеглянето."},{"$i":"no_memory_download_right_button","$v":"Добре"},{"$i":"no_sdcard_found_2_download_title","$v":"Не е намерена карта за памет"},{"$i":"no_sdcard_found_2_download_message","$v":"Поставете карта за памет или сменете стандартното място за медия в Настройки"},{"$i":"no_sdcard_found_2_download_right_button","$v":"Добре"},{"$i":"file_open_error_download_title","$v":"Не може да се отвори"},{"$i":"file_open_error_download_message","$v":["Има проблем с отварянето на ",{"t":"idOrVar","v":"name"},". Искате ли да запишете файла, или да го изтриете?"]},{"$i":"file_open_error_download_left_button","$v":"Запис"},{"$i":"file_open_error_download_right_button","$v":"Изтриване"},{"$i":"restart_download_error","$v":"Получи се грешка при рестартиране на изтеглянето. Моля, опитайте отново изтеглянето."},{"$i":"no-downloads","$v":"Няма изтегляния"},{"$i":"byteUnit-B","$v":"B"},{"$i":"byteUnit-KB","$v":"KB"},{"$i":"byteUnit-MB","$v":"MB"},{"$i":"byteUnit-GB","$v":"GB"},{"$i":"byteUnit-TB","$v":"TB"},{"$i":"fileSize","$v":[{"t":"idOrVar","v":"size"}," ",{"t":"idOrVar","v":"unit"}]},{"$i":"percentage","$v":[{"t":"idOrVar","v":"percentage"},"%"]},{"$i":"partialResult","$v":[{"t":"idOrVar","v":"partial"}," от общо ",{"t":"idOrVar","v":"total"}]},{"$i":"summary","$v":[{"t":"idOrVar","v":"date"}," – ",{"t":"idOrVar","v":"status"}]},{"$i":"download-stopped","$v":"Спрян"},{"$i":"download-failed","$v":"Грешка при изтегляне"},{"$i":"open_downloaded_file","$v":"Отваряне"},{"$i":"share_downloaded_file","$v":"Споделяне"},{"$i":"wallpaper_downloaded_file","$v":"Поставяне като тапет"},{"$i":"ringtone_downloaded_file","$v":"Задаване като звук за звънене"},{"$i":"cancel_downloaded_file","$v":"Отказ"},{"$i":"select-download","$v":"Избиране на изтегляне"}]