[{"$i":"weekday-0-long","$v":"রবিবার"},{"$i":"weekday-1-long","$v":"সোমবার"},{"$i":"weekday-2-long","$v":"মঙ্গলবার"},{"$i":"weekday-3-long","$v":"বুধবার"},{"$i":"weekday-4-long","$v":"বৃহস্পতিবার"},{"$i":"weekday-5-long","$v":"শুক্রবার"},{"$i":"weekday-6-long","$v":"শনিবার"},{"$i":"weekday-0-short","$v":"রবি"},{"$i":"weekday-1-short","$v":"সোম"},{"$i":"weekday-2-short","$v":"মঙ্গল"},{"$i":"weekday-3-short","$v":"বুধ"},{"$i":"weekday-4-short","$v":"বৃহঃ"},{"$i":"weekday-5-short","$v":"শুক্র"},{"$i":"weekday-6-short","$v":"শনি"},{"$i":"month-0-long","$v":"জানুয়ারি"},{"$i":"month-1-long","$v":"ফেব্রুয়ারি"},{"$i":"month-2-long","$v":"মার্চ"},{"$i":"month-3-long","$v":"এপ্রিল"},{"$i":"month-4-long","$v":"মে"},{"$i":"month-5-long","$v":"জুন"},{"$i":"month-6-long","$v":"জুলাই"},{"$i":"month-7-long","$v":"আগস্ট"},{"$i":"month-8-long","$v":"সেপ্টেম্বর"},{"$i":"month-9-long","$v":"অক্টোবর"},{"$i":"month-10-long","$v":"নভেম্বর"},{"$i":"month-11-long","$v":"ডিসেম্বর"},{"$i":"month-0-genitive","$v":"জানুয়ারি"},{"$i":"month-1-genitive","$v":"ফেব্রুয়ারি"},{"$i":"month-2-genitive","$v":"মার্চ"},{"$i":"month-3-genitive","$v":"এপ্রিল"},{"$i":"month-4-genitive","$v":"মে"},{"$i":"month-5-genitive","$v":"জুন"},{"$i":"month-6-genitive","$v":"জুলাই"},{"$i":"month-7-genitive","$v":"আগস্ট"},{"$i":"month-8-genitive","$v":"সেপ্টেম্বর"},{"$i":"month-9-genitive","$v":"অক্টোবর"},{"$i":"month-10-genitive","$v":"নভেম্বর"},{"$i":"month-11-genitive","$v":"ডিসেম্বর"},{"$i":"month-0-short","$v":"জানু"},{"$i":"month-1-short","$v":"ফেব্রু"},{"$i":"month-2-short","$v":"মার্চ"},{"$i":"month-3-short","$v":"এপ্রিল"},{"$i":"month-4-short","$v":"মে"},{"$i":"month-5-short","$v":"জুন"},{"$i":"month-6-short","$v":"জুলাই"},{"$i":"month-7-short","$v":"আগস্ট"},{"$i":"month-8-short","$v":"সেপ্ট"},{"$i":"month-9-short","$v":"অক্টো"},{"$i":"month-10-short","$v":"নভে"},{"$i":"month-11-short","$v":"ডিসে"},{"$i":"minutes-ago-long","$v":{"zero":"এইমাত্র","one":"১ মিনিট পূর্বে","two":[{"t":"idOrVar","v":"value"}," মিনিট পূর্বে"],"few":[{"t":"idOrVar","v":"value"}," মিনিট পূর্বে"],"many":[{"t":"idOrVar","v":"value"}," মিনিট পূর্বে"],"other":[{"t":"idOrVar","v":"value"}," মিনিট পূর্বে"]},"$x":[{"t":"idOrVar","v":"plural"},"value"]},{"$i":"hours-ago-long","$v":{"zero":"এইমাত্র","one":"১ ঘন্টা পূর্বে","two":[{"t":"idOrVar","v":"value"}," ঘন্টা পূর্বে"],"few":[{"t":"idOrVar","v":"value"}," ঘন্টা পূর্বে"],"many":[{"t":"idOrVar","v":"value"}," ঘন্টা পূর্বে"],"other":[{"t":"idOrVar","v":"value"}," ঘন্টা পূর্বে"]},"$x":[{"t":"idOrVar","v":"plural"},"value"]},{"$i":"days-ago-long","$v":{"zero":"আজ","one":"গতকাল","two":[{"t":"idOrVar","v":"value"}," দিন পূর্বে"],"few":[{"t":"idOrVar","v":"value"}," দিন পূর্বে"],"many":[{"t":"idOrVar","v":"value"}," দিন পূর্বে"],"other":[{"t":"idOrVar","v":"value"}," দিন পূর্বে"]},"$x":[{"t":"idOrVar","v":"plural"},"value"]},{"$i":"weeks-ago-long","$v":{"zero":"এই সপ্তাহে","one":"গত সপ্তাহ","two":[{"t":"idOrVar","v":"value"}," সপ্তাহ পূর্বে"],"few":[{"t":"idOrVar","v":"value"}," সপ্তাহ পূর্বে"],"many":[{"t":"idOrVar","v":"value"}," সপ্তাহ পূর্বে"],"other":[{"t":"idOrVar","v":"value"}," সপ্তাহ পূর্বে"]},"$x":[{"t":"idOrVar","v":"plural"},"value"]},{"$i":"months-ago-long","$v":{"zero":"চলতি মাস","one":"গত মাস","two":[{"t":"idOrVar","v":"value"}," মাস পূর্বে"],"few":[{"t":"idOrVar","v":"value"}," মাস পূর্বে"],"many":[{"t":"idOrVar","v":"value"}," মাস পূর্বে"],"other":[{"t":"idOrVar","v":"value"}," মাস পূর্বে"]},"$x":[{"t":"idOrVar","v":"plural"},"value"]},{"$i":"years-ago-long","$v":{"zero":"এই বছর","one":"গত বছর","two":[{"t":"idOrVar","v":"value"}," বছর আগে"],"few":[{"t":"idOrVar","v":"value"}," বছর পূর্বে"],"many":[{"t":"idOrVar","v":"value"}," বছর পূর্বে"],"other":[{"t":"idOrVar","v":"value"}," বছর পূর্বে"]},"$x":[{"t":"idOrVar","v":"plural"},"value"]},{"$i":"minutes-until-long","$v":{"zero":"এখন","one":"এক মিনিটের মধ্যে","two":[{"t":"idOrVar","v":"value"}," মিনিটের মধ্যে"],"few":[{"t":"idOrVar","v":"value"}," মিনিটের মধ্যে"],"many":[{"t":"idOrVar","v":"value"}," মিনিটের মধ্যে"],"other":[{"t":"idOrVar","v":"value"}," মিনিটের মধ্যে"]},"$x":[{"t":"idOrVar","v":"plural"},"value"]},{"$i":"hours-until-long","$v":{"zero":"এখন","one":"এক ঘন্টার মধ্যে","two":[{"t":"idOrVar","v":"value"}," ঘন্টার মধ্যে"],"few":[{"t":"idOrVar","v":"value"}," ঘন্টার মধ্যে"],"many":[{"t":"idOrVar","v":"value"}," ঘন্টার মধ্যে"],"other":[{"t":"idOrVar","v":"value"}," ঘন্টার মধ্যে"]},"$x":[{"t":"idOrVar","v":"plural"},"value"]},{"$i":"days-until-long","$v":{"zero":"আজ","one":"আগামীকাল","two":[{"t":"idOrVar","v":"value"}," দিনের মধ্যে"],"few":[{"t":"idOrVar","v":"value"}," দিনের মধ্যে"],"many":[{"t":"idOrVar","v":"value"}," দিনের মধ্যে"],"other":[{"t":"idOrVar","v":"value"}," দিনের মধ্যে"]},"$x":[{"t":"idOrVar","v":"plural"},"value"]},{"$i":"weeks-until-long","$v":{"zero":"এই সপ্তাহ","one":"পরবর্তী সপ্তাহ","two":[{"t":"idOrVar","v":"value"}," সপ্তাহের মধ্যে"],"few":[{"t":"idOrVar","v":"value"}," সপ্তাহের মধ্যে"],"many":[{"t":"idOrVar","v":"value"}," সপ্তাহের মধ্যে"],"other":[{"t":"idOrVar","v":"value"}," সপ্তাহের মধ্যে"]},"$x":[{"t":"idOrVar","v":"plural"},"value"]},{"$i":"months-until-long","$v":{"zero":"এই মাস","one":"পরবর্তী মাস","two":[{"t":"idOrVar","v":"value"}," মাসের মধ্যে"],"few":[{"t":"idOrVar","v":"value"}," মাসের মধ্যে"],"many":[{"t":"idOrVar","v":"value"}," মাসের মধ্যে"],"other":[{"t":"idOrVar","v":"value"}," মাসের মধ্যে"]},"$x":[{"t":"idOrVar","v":"plural"},"value"]},{"$i":"years-until-long","$v":{"zero":"এই বছর","one":"আগামী বছর","two":[{"t":"idOrVar","v":"value"}," বছরের মধ্যে"],"few":[{"t":"idOrVar","v":"value"}," বছরের মধ্যে"],"many":[{"t":"idOrVar","v":"value"}," বছরের মধ্যে"],"other":[{"t":"idOrVar","v":"value"}," বছরের মধ্যে"]},"$x":[{"t":"idOrVar","v":"plural"},"value"]},{"$i":"minutes-ago-short","$v":{"zero":"এইমাত্র","other":[{"t":"idOrVar","v":"value"},"মি. পূর্বে"]},"$x":[{"t":"idOrVar","v":"plural"},"value"]},{"$i":"hours-ago-short","$v":{"zero":"এইমাত্র","other":[{"t":"idOrVar","v":"value"},"ঘন্টা পূর্বে"]},"$x":[{"t":"idOrVar","v":"plural"},"value"]},{"$i":"days-ago-short","$v":{"zero":"আজ","other":[{"t":"idOrVar","v":"value"},"দিন পূর্বে"]},"$x":[{"t":"idOrVar","v":"plural"},"value"]},{"$i":"minutes-until-short","$v":{"zero":"এখন","other":[{"t":"idOrVar","v":"value"}," মিনিটের মধ্যে"]},"$x":[{"t":"idOrVar","v":"plural"},"value"]},{"$i":"hours-until-short","$v":{"zero":"এখন","other":[{"t":"idOrVar","v":"value"},"ঘন্টার মধ্যে"]},"$x":[{"t":"idOrVar","v":"plural"},"value"]},{"$i":"days-until-short","$v":{"zero":"আজ","other":[{"t":"idOrVar","v":"value"},"দিনের মধ্যে"]},"$x":[{"t":"idOrVar","v":"plural"},"value"]},{"$i":"incorrectDate","$v":"(ভুল তারিখ)"},{"$i":"dateTimeFormat_%c","$v":"%a %b %e %Y %I:%M:%S %p"},{"$i":"dateTimeFormat_%x","$v":"%m/%d/%Y"},{"$i":"dateTimeFormat_%X","$v":"%I:%M:%S %p"},{"$i":"shortTimeFormat","$v":"%I:%M %p"},{"$i":"shortTimeFormat12","$v":"%I:%M %p"},{"$i":"shortTimeFormat24","$v":"%H:%M"},{"$i":"shortDateTimeFormat","$v":"%x %I:%M %p"},{"$i":"weekStartsOnMonday","$v":"0"},{"$i":"firstDayOfTheWeek","$v":"0"},{"$i":"time_am","$v":"AM"},{"$i":"time_pm","$v":"PM"},{"$i":"stopped_download_title","$v":"ডাউনলোড শেষ হয়েছে"},{"$i":"stopped_download_message","$v":"ডাউনলোড বন্ধ হয়েছে। পুনরায় ডাউনলোড করার জন্য চেষ্টা করবেন?"},{"$i":"stopped_download_left_button","$v":"বাতিল"},{"$i":"stopped_download_right_button","$v":"পুনরায় চেষ্টা করুন"},{"$i":"failed_download_title","$v":"ডাউনলোড ব্যর্থ হয়েছে"},{"$i":"failed_download_message","$v":[{"t":"idOrVar","v":"name"}," ডাউনলোড ব্যর্থ হয়েছে। আবার চেষ্টা করবেন?"]},{"$i":"failed_download_left_button","$v":"বাতিল"},{"$i":"failed_download_right_button","$v":"পুনরায় চেষ্টা করুন"},{"$i":"stop_download_title","$v":"ডাউনলোড বন্ধ করুন"},{"$i":"stop_download_message","$v":"আপনি কি নিশ্চিত যে আপনি ডাউনলোড বন্ধ করতে চান?"},{"$i":"stop_download_left_button","$v":"না"},{"$i":"stop_download_right_button","$v":"হ্যাঁ"},{"$i":"delete_download_title","$v":"অপসারণ"},{"$i":"delete_download_message","$v":[{"t":"idOrVar","v":"name"}," অপসারণ করবেন?"]},{"$i":"delete_download_left_button","$v":"বাতিল"},{"$i":"delete_download_right_button","$v":"অপসারণ"},{"$i":"delete_all_download_title","$v":"অপসারণ"},{"$i":"delete_all_download_left_button","$v":"বাতিল"},{"$i":"delete_all_download_right_button","$v":"অপসারণ"},{"$i":"delete_all_download_message","$v":{"zero":"কোনো ফাইল অপসারণ হবে না?","one":"একটি ফাইল অপসারণ করবেন?","two":[{"t":"idOrVar","v":"number"}," টি ফাইল অপসারণ করবেন?"],"few":[{"t":"idOrVar","v":"number"}," টি ফাইল অপসারণ করবেন?"],"many":[{"t":"idOrVar","v":"number"}," টি ফাইল অপসারণ করবেন?"],"other":[{"t":"idOrVar","v":"number"}," টি ফাইল অপসারণ করবেন?"]},"$x":[{"t":"idOrVar","v":"plural"},"number"]},{"$i":"unsupported_file_type_download_title","$v":"খুলতে ব্যর্থ"},{"$i":"unsupported_file_type_download_message","$v":[{"t":"idOrVar","v":"name"}," অ্যাপটি চালু করা যাবে না। আপনি কি ফাইলটি সংরক্ষণ করতে চান, অথবা অপসারণ করবেন?"]},{"$i":"unsupported_file_type_download_left_button","$v":"ফাইলটি রাখুন"},{"$i":"unsupported_file_type_download_right_button","$v":"অপসারণ"},{"$i":"file_not_found_download_title","$v":"ফাইলটি খুঁজে পাওয়া যায়নি"},{"$i":"file_not_found_download_message","$v":"ফাইলটি এই ডিভাইসে খুঁজে পাওয়া যায়নি"},{"$i":"file_not_found_download_right_button","$v":"ঠিক আছে"},{"$i":"unmounted_sdcard_2_download_title","$v":"মেমরি কার্ড ব্যবহার করা হচ্ছে"},{"$i":"unmounted_sdcard_2_download_message","$v":"মোবাইল আনপ্লাগ করুন"},{"$i":"unmounted_sdcard_2_download_right_button","$v":"ঠিক আছে"},{"$i":"no_provider_download_title","$v":"শেয়ার করতে ব্যর্থ"},{"$i":"no_provider_download_message","$v":"সরবরাহকারী পাওয়া যায় নি"},{"$i":"no_provider_download_right_button","$v":"ঠিক আছে"},{"$i":"no_memory_download_title","$v":"এসডি কার্ড পূর্ণ"},{"$i":"no_memory_download_message","$v":"আপনার ডাউনলোড সংরক্ষণ করার জন্য এসডি কার্ডে জায়গা নেই। ডাউনলোড পুনরায় চালু করার অনুগ্রহ করে কিছু ফাইল অপসারণ করুন।"},{"$i":"no_memory_download_right_button","$v":"ঠিক আছে"},{"$i":"no_sdcard_found_2_download_title","$v":"কোন মেমরি কার্ড পাওয়া যায় নি"},{"$i":"no_sdcard_found_2_download_message","$v":"মেমরি কার্ড প্রবেশ করান অথবা সেটিংস থেকে কোনো বিকল্প মাধ্যমের জন্য স্থান নির্বাচন করুন"},{"$i":"no_sdcard_found_2_download_right_button","$v":"ঠিক আছে"},{"$i":"file_open_error_download_title","$v":"খুলতে ব্যর্থ"},{"$i":"file_open_error_download_message","$v":[{"t":"idOrVar","v":"name"}," খুলতে সমস্যা হচ্ছে। আপনি কি সংরক্ষণ করতে চান, অথবা অপসারণ করবেন?"]},{"$i":"file_open_error_download_left_button","$v":"ফাইলটি রাখুন"},{"$i":"file_open_error_download_right_button","$v":"অপসারণ"},{"$i":"restart_download_error","$v":"পুনরায় ডাউনলোড করতে গিয়ে ত্রুটি পাওয়া গিয়েছে। অনুগ্রহ করে আবার ডাউনলোড করুন।"},{"$i":"no-downloads","$v":"কোন ডাউনলোড নেই"},{"$i":"byteUnit-B","$v":"বাইট"},{"$i":"byteUnit-KB","$v":"কেবি"},{"$i":"byteUnit-MB","$v":"এমবি"},{"$i":"byteUnit-GB","$v":"জিবি"},{"$i":"byteUnit-TB","$v":"টিবি"},{"$i":"fileSize","$v":[{"t":"idOrVar","v":"size"}," ",{"t":"idOrVar","v":"unit"}]},{"$i":"percentage","$v":[{"t":"idOrVar","v":"percentage"}," %"]},{"$i":"partialResult","$v":[{"t":"idOrVar","v":"total"}," এর ",{"t":"idOrVar","v":"partial"}]},{"$i":"summary","$v":[{"t":"idOrVar","v":"date"}," - ",{"t":"idOrVar","v":"status"}]},{"$i":"download-stopped","$v":"বন্ধ হয়ে গেছে"},{"$i":"download-failed","$v":"ডাউনলোড ব্যর্থ হয়েছে"},{"$i":"open_downloaded_file","$v":"খুলুন"},{"$i":"share_downloaded_file","$v":"শেয়ার"},{"$i":"wallpaper_downloaded_file","$v":"ওয়ালপেপার হিসেবে নির্বাচন করুন"},{"$i":"ringtone_downloaded_file","$v":"রিংটোন হিসাবে নির্বাচন করুন"},{"$i":"cancel_downloaded_file","$v":"বাতিল"},{"$i":"select-download","$v":"Select download"}]