[{"$i":"weekday-0-long","$v":"diumenge"},{"$i":"weekday-1-long","$v":"dilluns"},{"$i":"weekday-2-long","$v":"dimarts"},{"$i":"weekday-3-long","$v":"dimecres"},{"$i":"weekday-4-long","$v":"dijous"},{"$i":"weekday-5-long","$v":"divendres"},{"$i":"weekday-6-long","$v":"dissabte"},{"$i":"weekday-0-short","$v":"dg"},{"$i":"weekday-1-short","$v":"dl"},{"$i":"weekday-2-short","$v":"dt"},{"$i":"weekday-3-short","$v":"dc"},{"$i":"weekday-4-short","$v":"dj"},{"$i":"weekday-5-short","$v":"dv"},{"$i":"weekday-6-short","$v":"ds"},{"$i":"month-0-long","$v":"gener"},{"$i":"month-1-long","$v":"febrer"},{"$i":"month-2-long","$v":"març"},{"$i":"month-3-long","$v":"abril"},{"$i":"month-4-long","$v":"maig"},{"$i":"month-5-long","$v":"juny"},{"$i":"month-6-long","$v":"juliol"},{"$i":"month-7-long","$v":"agost"},{"$i":"month-8-long","$v":"setembre"},{"$i":"month-9-long","$v":"octubre"},{"$i":"month-10-long","$v":"novembre"},{"$i":"month-11-long","$v":"desembre"},{"$i":"month-0-genitive","$v":"de gener"},{"$i":"month-1-genitive","$v":"de febrer"},{"$i":"month-2-genitive","$v":"de març"},{"$i":"month-3-genitive","$v":"d'abril"},{"$i":"month-4-genitive","$v":"de maig"},{"$i":"month-5-genitive","$v":"de juny"},{"$i":"month-6-genitive","$v":"de juliol"},{"$i":"month-7-genitive","$v":"d'agost"},{"$i":"month-8-genitive","$v":"de setembre"},{"$i":"month-9-genitive","$v":"d'octubre"},{"$i":"month-10-genitive","$v":"de novembre"},{"$i":"month-11-genitive","$v":"de desembre"},{"$i":"month-0-short","$v":"gen"},{"$i":"month-1-short","$v":"febr"},{"$i":"month-2-short","$v":"març"},{"$i":"month-3-short","$v":"abr"},{"$i":"month-4-short","$v":"maig"},{"$i":"month-5-short","$v":"juny"},{"$i":"month-6-short","$v":"jul"},{"$i":"month-7-short","$v":"ag"},{"$i":"month-8-short","$v":"set"},{"$i":"month-9-short","$v":"oct"},{"$i":"month-10-short","$v":"nov"},{"$i":"month-11-short","$v":"des"},{"$i":"minutes-ago-long","$v":{"zero":"ara","one":"fa un minut","two":["fa ",{"t":"idOrVar","v":"value"}," minuts"],"few":["fa ",{"t":"idOrVar","v":"value"}," minuts"],"many":["fa ",{"t":"idOrVar","v":"value"}," minuts"],"other":["fa ",{"t":"idOrVar","v":"value"}," minuts"]},"$x":[{"t":"idOrVar","v":"plural"},"value"]},{"$i":"hours-ago-long","$v":{"zero":"ara","one":"fa una hora","two":["fa ",{"t":"idOrVar","v":"value"}," hores"],"few":["fa ",{"t":"idOrVar","v":"value"}," hores"],"many":["fa ",{"t":"idOrVar","v":"value"}," hores"],"other":["fa ",{"t":"idOrVar","v":"value"}," hores"]},"$x":[{"t":"idOrVar","v":"plural"},"value"]},{"$i":"days-ago-long","$v":{"zero":"avui","one":"ahir","two":["fa ",{"t":"idOrVar","v":"value"}," dies"],"few":["fa ",{"t":"idOrVar","v":"value"}," dies"],"many":["fa ",{"t":"idOrVar","v":"value"}," dies"],"other":["fa ",{"t":"idOrVar","v":"value"}," dies"]},"$x":[{"t":"idOrVar","v":"plural"},"value"]},{"$i":"weeks-ago-long","$v":{"zero":"aquesta setmana","one":"la setmana passada","two":["fa ",{"t":"idOrVar","v":"value"}," setmanes"],"few":["fa ",{"t":"idOrVar","v":"value"}," setmanes"],"many":["fa ",{"t":"idOrVar","v":"value"}," setmanes"],"other":["fa ",{"t":"idOrVar","v":"value"}," setmanes"]},"$x":[{"t":"idOrVar","v":"plural"},"value"]},{"$i":"months-ago-long","$v":{"zero":"aquest mes","one":"el mes passat","two":["fa ",{"t":"idOrVar","v":"value"}," mesos"],"few":["fa ",{"t":"idOrVar","v":"value"}," mesos"],"many":["fa ",{"t":"idOrVar","v":"value"}," mesos"],"other":["fa ",{"t":"idOrVar","v":"value"}," mesos"]},"$x":[{"t":"idOrVar","v":"plural"},"value"]},{"$i":"years-ago-long","$v":{"zero":"enguany","one":"l'any passat","two":["fa ",{"t":"idOrVar","v":"value"}," anys"],"few":["fa ",{"t":"idOrVar","v":"value"}," anys"],"many":["fa ",{"t":"idOrVar","v":"value"}," anys"],"other":["fa ",{"t":"idOrVar","v":"value"}," anys"]},"$x":[{"t":"idOrVar","v":"plural"},"value"]},{"$i":"minutes-until-long","$v":{"zero":"ara","one":"d'aquí un minut","two":["d'aquí ",{"t":"idOrVar","v":"value"}," minuts"],"few":["d'aquí ",{"t":"idOrVar","v":"value"}," minuts"],"many":["d'aquí ",{"t":"idOrVar","v":"value"}," minuts"],"other":["d'aquí ",{"t":"idOrVar","v":"value"}," minuts"]},"$x":[{"t":"idOrVar","v":"plural"},"value"]},{"$i":"hours-until-long","$v":{"zero":"ara","one":"d'aquí una hora","two":["d'aquí ",{"t":"idOrVar","v":"value"}," hores"],"few":["d'aquí ",{"t":"idOrVar","v":"value"}," hores"],"many":["d'aquí ",{"t":"idOrVar","v":"value"}," hores"],"other":["d'aquí ",{"t":"idOrVar","v":"value"}," hores"]},"$x":[{"t":"idOrVar","v":"plural"},"value"]},{"$i":"days-until-long","$v":{"zero":"avui","one":"demà","two":["d'aquí ",{"t":"idOrVar","v":"value"}," dies"],"few":["d'aquí ",{"t":"idOrVar","v":"value"}," dies"],"many":["d'aquí ",{"t":"idOrVar","v":"value"}," dies"],"other":["d'aquí ",{"t":"idOrVar","v":"value"}," dies"]},"$x":[{"t":"idOrVar","v":"plural"},"value"]},{"$i":"weeks-until-long","$v":{"zero":"aquesta setmana","one":"la setmana que ve","two":["d'aquí ",{"t":"idOrVar","v":"value"}," setmanes"],"few":["d'aquí ",{"t":"idOrVar","v":"value"}," setmanes"],"many":["d'aquí ",{"t":"idOrVar","v":"value"}," setmanes"],"other":["d'aquí ",{"t":"idOrVar","v":"value"}," setmanes"]},"$x":[{"t":"idOrVar","v":"plural"},"value"]},{"$i":"months-until-long","$v":{"zero":"aquest mes","one":"el mes que ve","two":["d'aquí ",{"t":"idOrVar","v":"value"}," mesos"],"few":["d'aquí ",{"t":"idOrVar","v":"value"}," mesos"],"many":["d'aquí ",{"t":"idOrVar","v":"value"}," mesos"],"other":["d'aquí ",{"t":"idOrVar","v":"value"}," mesos"]},"$x":[{"t":"idOrVar","v":"plural"},"value"]},{"$i":"years-until-long","$v":{"zero":"enguany","one":"l'any que ve","two":["d'aquí ",{"t":"idOrVar","v":"value"}," anys"],"few":["d'aquí ",{"t":"idOrVar","v":"value"}," anys"],"many":["d'aquí ",{"t":"idOrVar","v":"value"}," anys"],"other":["d'aquí ",{"t":"idOrVar","v":"value"}," anys"]},"$x":[{"t":"idOrVar","v":"plural"},"value"]},{"$i":"minutes-ago-short","$v":{"zero":"ara","other":["fa ",{"t":"idOrVar","v":"value"}," m"]},"$x":[{"t":"idOrVar","v":"plural"},"value"]},{"$i":"hours-ago-short","$v":{"zero":"ara","other":["fa ",{"t":"idOrVar","v":"value"}," h"]},"$x":[{"t":"idOrVar","v":"plural"},"value"]},{"$i":"days-ago-short","$v":{"zero":"avui","other":["fa ",{"t":"idOrVar","v":"value"}," d"]},"$x":[{"t":"idOrVar","v":"plural"},"value"]},{"$i":"minutes-until-short","$v":{"zero":"ara","other":["d'aquí ",{"t":"idOrVar","v":"value"}," m"]},"$x":[{"t":"idOrVar","v":"plural"},"value"]},{"$i":"hours-until-short","$v":{"zero":"ara","other":["d'aquí ",{"t":"idOrVar","v":"value"}," h"]},"$x":[{"t":"idOrVar","v":"plural"},"value"]},{"$i":"days-until-short","$v":{"zero":"avui","other":["d'aquí ",{"t":"idOrVar","v":"value"}," d"]},"$x":[{"t":"idOrVar","v":"plural"},"value"]},{"$i":"incorrectDate","$v":"(data no vàlida)"},{"$i":"dateTimeFormat_%c","$v":"%a %e %Eb, %Y %H:%M:%S"},{"$i":"dateTimeFormat_%x","$v":"%d/%m/%Y"},{"$i":"dateTimeFormat_%X","$v":"%H:%M:%S"},{"$i":"shortTimeFormat","$v":"%H:%M"},{"$i":"shortTimeFormat12","$v":"%I:%M %p"},{"$i":"shortTimeFormat24","$v":"%H:%M"},{"$i":"shortDateTimeFormat","$v":"%x %H:%M"},{"$i":"weekStartsOnMonday","$v":"1"},{"$i":"firstDayOfTheWeek","$v":"0"},{"$i":"time_am","$v":"am"},{"$i":"time_pm","$v":"pm"},{"$i":"stopped_download_title","$v":"Baixada aturada"},{"$i":"stopped_download_message","$v":"La baixada s'ha aturat. Voleu tornar-ho a provar?"},{"$i":"stopped_download_left_button","$v":"Cancel·la"},{"$i":"stopped_download_right_button","$v":"Reintenta"},{"$i":"failed_download_title","$v":"Ha fallat la baixada"},{"$i":"failed_download_message","$v":["Ha fallat la baixada de ",{"t":"idOrVar","v":"name"},". Voleu tornar-ho a provar?"]},{"$i":"failed_download_left_button","$v":"Cancel·la"},{"$i":"failed_download_right_button","$v":"Reintenta"},{"$i":"stop_download_title","$v":"Atura la baixada"},{"$i":"stop_download_message","$v":"Segur que voleu aturar la baixada?"},{"$i":"stop_download_left_button","$v":"No"},{"$i":"stop_download_right_button","$v":"Sí"},{"$i":"delete_download_title","$v":"Elimina"},{"$i":"delete_download_message","$v":["Voleu eliminar ",{"t":"idOrVar","v":"name"},"?"]},{"$i":"delete_download_left_button","$v":"Cancel·la"},{"$i":"delete_download_right_button","$v":"Elimina"},{"$i":"delete_all_download_title","$v":"Elimina"},{"$i":"delete_all_download_left_button","$v":"Cancel·la"},{"$i":"delete_all_download_right_button","$v":"Elimina"},{"$i":"delete_all_download_message","$v":{"zero":"No voleu eliminar cap fitxer?","one":"Voleu eliminar un fitxer?","two":["Voleu eliminar ",{"t":"idOrVar","v":"number"}," fitxers?"],"few":["Voleu eliminar ",{"t":"idOrVar","v":"number"}," fitxers?"],"many":["Voleu eliminar ",{"t":"idOrVar","v":"number"}," fitxers?"],"other":["Voleu eliminar ",{"t":"idOrVar","v":"number"}," fitxers?"]},"$x":[{"t":"idOrVar","v":"plural"},"number"]},{"$i":"unsupported_file_type_download_title","$v":"No es pot obrir"},{"$i":"unsupported_file_type_download_message","$v":["No hi ha cap aplicació que pugui obrir ",{"t":"idOrVar","v":"name"},". Voleu desar el fitxer o eliminar-lo?"]},{"$i":"unsupported_file_type_download_left_button","$v":"Desa el fitxer"},{"$i":"unsupported_file_type_download_right_button","$v":"Elimina"},{"$i":"file_not_found_download_title","$v":"No s'ha trobat el fitxer"},{"$i":"file_not_found_download_message","$v":"No s'ha trobat el fitxer en el dispositiu"},{"$i":"file_not_found_download_right_button","$v":"D'acord"},{"$i":"unmounted_sdcard_2_download_title","$v":"La targeta de memòria és en ús"},{"$i":"unmounted_sdcard_2_download_message","$v":"Desconnecteu el telèfon"},{"$i":"unmounted_sdcard_2_download_right_button","$v":"D'acord"},{"$i":"no_provider_download_title","$v":"No es pot compartir"},{"$i":"no_provider_download_message","$v":"No s'ha trobat cap proveïdor"},{"$i":"no_provider_download_right_button","$v":"D'acord"},{"$i":"no_memory_download_title","$v":"La targeta SD és plena"},{"$i":"no_memory_download_message","$v":"No hi ha prou espai a la targeta SD per desar la baixada. Elimineu alguns fitxers abans de reiniciar la baixada."},{"$i":"no_memory_download_right_button","$v":"D'acord"},{"$i":"no_sdcard_found_2_download_title","$v":"No s'ha trobat cap targeta de memòria"},{"$i":"no_sdcard_found_2_download_message","$v":"Inseriu una targeta de memòria o trieu una ubicació alternativa per defecte als paràmetres"},{"$i":"no_sdcard_found_2_download_right_button","$v":"D'acord"},{"$i":"file_open_error_download_title","$v":"No es pot obrir"},{"$i":"file_open_error_download_message","$v":["Hi ha un problema per obrir ",{"t":"idOrVar","v":"name"},". Voleu desar el fitxer o eliminar-lo?"]},{"$i":"file_open_error_download_left_button","$v":"Desa el fitxer"},{"$i":"file_open_error_download_right_button","$v":"Elimina"},{"$i":"restart_download_error","$v":"S'ha produït un error en reiniciar la baixada. Torneu-ho a intentar."},{"$i":"no-downloads","$v":"Cap baixada"},{"$i":"byteUnit-B","$v":"B"},{"$i":"byteUnit-KB","$v":"kB"},{"$i":"byteUnit-MB","$v":"MB"},{"$i":"byteUnit-GB","$v":"GB"},{"$i":"byteUnit-TB","$v":"TB"},{"$i":"fileSize","$v":[{"t":"idOrVar","v":"size"}," ",{"t":"idOrVar","v":"unit"}]},{"$i":"percentage","$v":[{"t":"idOrVar","v":"percentage"}," %"]},{"$i":"partialResult","$v":[{"t":"idOrVar","v":"partial"}," de ",{"t":"idOrVar","v":"total"}]},{"$i":"summary","$v":[{"t":"idOrVar","v":"date"}," - ",{"t":"idOrVar","v":"status"}]},{"$i":"download-stopped","$v":"Aturada"},{"$i":"download-failed","$v":"Ha fallat la baixada"},{"$i":"open_downloaded_file","$v":"Obre"},{"$i":"share_downloaded_file","$v":"Comparteix"},{"$i":"wallpaper_downloaded_file","$v":"Defineix com a fons"},{"$i":"ringtone_downloaded_file","$v":"Desa com a to de trucada"},{"$i":"cancel_downloaded_file","$v":"Cancel·la"},{"$i":"select-download","$v":"Tria la baixada"}]