[{"$i":"weekday-0-long","$v":"Κυριακή"},{"$i":"weekday-1-long","$v":"Δευτέρα"},{"$i":"weekday-2-long","$v":"Τρίτη"},{"$i":"weekday-3-long","$v":"Τετάρτη"},{"$i":"weekday-4-long","$v":"Πέμπτη"},{"$i":"weekday-5-long","$v":"Παρασκευή"},{"$i":"weekday-6-long","$v":"Σάββατο"},{"$i":"weekday-0-short","$v":"Κυρ"},{"$i":"weekday-1-short","$v":"Δευ"},{"$i":"weekday-2-short","$v":"Τρι"},{"$i":"weekday-3-short","$v":"Τετ"},{"$i":"weekday-4-short","$v":"Πεμ"},{"$i":"weekday-5-short","$v":"Παρ"},{"$i":"weekday-6-short","$v":"Σαβ"},{"$i":"month-0-long","$v":"Ιανουάριος"},{"$i":"month-1-long","$v":"Φεβρουάριος"},{"$i":"month-2-long","$v":"Μάρτιος"},{"$i":"month-3-long","$v":"Απρίλιος"},{"$i":"month-4-long","$v":"Μάιος"},{"$i":"month-5-long","$v":"Ιούνιος"},{"$i":"month-6-long","$v":"Ιούλιος"},{"$i":"month-7-long","$v":"Αύγουστος"},{"$i":"month-8-long","$v":"Σεπτέμβριος"},{"$i":"month-9-long","$v":"Οκτώβριος"},{"$i":"month-10-long","$v":"Νοέμβριος"},{"$i":"month-11-long","$v":"Δεκέμβριος"},{"$i":"month-0-genitive","$v":"Ιανουαρίου"},{"$i":"month-1-genitive","$v":"Φεβρουαρίου"},{"$i":"month-2-genitive","$v":"Μαρτίου"},{"$i":"month-3-genitive","$v":"Απριλίου"},{"$i":"month-4-genitive","$v":"Μαΐου"},{"$i":"month-5-genitive","$v":"Ιουνίου"},{"$i":"month-6-genitive","$v":"Ιουλίου"},{"$i":"month-7-genitive","$v":"Αυγούστου"},{"$i":"month-8-genitive","$v":"Σεπτεμβρίου"},{"$i":"month-9-genitive","$v":"Οκτωβρίου"},{"$i":"month-10-genitive","$v":"Νοεμβρίου"},{"$i":"month-11-genitive","$v":"Δεκεμβρίου"},{"$i":"month-0-short","$v":"Ιαν"},{"$i":"month-1-short","$v":"Φεβ"},{"$i":"month-2-short","$v":"Μαρ"},{"$i":"month-3-short","$v":"Απρ"},{"$i":"month-4-short","$v":"Μάι"},{"$i":"month-5-short","$v":"Ιουν"},{"$i":"month-6-short","$v":"Ιουλ"},{"$i":"month-7-short","$v":"Αυγ"},{"$i":"month-8-short","$v":"Σεπ"},{"$i":"month-9-short","$v":"Οκτ"},{"$i":"month-10-short","$v":"Νοε"},{"$i":"month-11-short","$v":"Δεκ"},{"$i":"minutes-ago-long","$v":{"zero":"μόλις τώρα","one":"πριν από ένα λεπτό","two":["πριν από ",{"t":"idOrVar","v":"value"}," λεπτά"],"few":["πριν από ",{"t":"idOrVar","v":"value"}," λεπτά"],"many":["πριν από ",{"t":"idOrVar","v":"value"}," λεπτά"],"other":["πριν από ",{"t":"idOrVar","v":"value"}," λεπτά"]},"$x":[{"t":"idOrVar","v":"plural"},"value"]},{"$i":"hours-ago-long","$v":{"zero":"μόλις τώρα","one":"πριν από μία ώρα","two":["πριν από ",{"t":"idOrVar","v":"value"}," ώρες"],"few":["πριν από ",{"t":"idOrVar","v":"value"}," ώρες"],"many":["πριν από ",{"t":"idOrVar","v":"value"}," ώρες"],"other":["πριν από ",{"t":"idOrVar","v":"value"}," ώρες"]},"$x":[{"t":"idOrVar","v":"plural"},"value"]},{"$i":"days-ago-long","$v":{"zero":"σήμερα","one":"χθες","two":["πριν από ",{"t":"idOrVar","v":"value"}," ημέρες"],"few":["πριν από ",{"t":"idOrVar","v":"value"}," ημέρες"],"many":["πριν από ",{"t":"idOrVar","v":"value"}," ημέρες"],"other":["πριν από ",{"t":"idOrVar","v":"value"}," ημέρες"]},"$x":[{"t":"idOrVar","v":"plural"},"value"]},{"$i":"weeks-ago-long","$v":{"zero":"αυτή την εβδομάδα","one":"την τελευταία εβδομάδα","two":["πριν από ",{"t":"idOrVar","v":"value"}," εβδομάδες"],"few":["πριν από ",{"t":"idOrVar","v":"value"}," εβδομάδες"],"many":["πριν από ",{"t":"idOrVar","v":"value"}," εβδομάδες"],"other":["πριν από ",{"t":"idOrVar","v":"value"}," εβδομάδες"]},"$x":[{"t":"idOrVar","v":"plural"},"value"]},{"$i":"months-ago-long","$v":{"zero":"αυτό τον μήνα","one":"τον τελευταίο μήνα","two":["πριν από ",{"t":"idOrVar","v":"value"}," μήνες"],"few":["πριν από ",{"t":"idOrVar","v":"value"}," μήνες"],"many":["πριν από ",{"t":"idOrVar","v":"value"}," μήνες"],"other":["πριν από ",{"t":"idOrVar","v":"value"}," μήνες"]},"$x":[{"t":"idOrVar","v":"plural"},"value"]},{"$i":"years-ago-long","$v":{"zero":"αυτό το έτος","one":"το περασμένο έτος","two":["πριν από ",{"t":"idOrVar","v":"value"}," χρόνια"],"few":["πριν από ",{"t":"idOrVar","v":"value"}," χρόνια"],"many":["πριν από ",{"t":"idOrVar","v":"value"}," χρόνια"],"other":["πριν από ",{"t":"idOrVar","v":"value"}," χρόνια"]},"$x":[{"t":"idOrVar","v":"plural"},"value"]},{"$i":"minutes-until-long","$v":{"zero":"τώρα","one":"σε ένα λεπτό","two":["σε ",{"t":"idOrVar","v":"value"}," λεπτά"],"few":["σε ",{"t":"idOrVar","v":"value"}," λεπτά"],"many":["σε ",{"t":"idOrVar","v":"value"}," λεπτά"],"other":["σε ",{"t":"idOrVar","v":"value"}," λεπτά"]},"$x":[{"t":"idOrVar","v":"plural"},"value"]},{"$i":"hours-until-long","$v":{"zero":"τώρα","one":"σε μία ώρα","two":["σε ",{"t":"idOrVar","v":"value"}," ώρες"],"few":["σε ",{"t":"idOrVar","v":"value"}," ώρες"],"many":["σε ",{"t":"idOrVar","v":"value"}," ώρες"],"other":["σε ",{"t":"idOrVar","v":"value"}," ώρες"]},"$x":[{"t":"idOrVar","v":"plural"},"value"]},{"$i":"days-until-long","$v":{"zero":"σήμερα","one":"αύριο","two":["σε ",{"t":"idOrVar","v":"value"}," ημέρες"],"few":["σε ",{"t":"idOrVar","v":"value"}," ημέρες"],"many":["σε ",{"t":"idOrVar","v":"value"}," ημέρες"],"other":["σε ",{"t":"idOrVar","v":"value"}," ημέρες"]},"$x":[{"t":"idOrVar","v":"plural"},"value"]},{"$i":"weeks-until-long","$v":{"zero":"αυτή την εβδομάδα","one":"την επόμενη εβδομάδα","two":["σε ",{"t":"idOrVar","v":"value"}," εβδομάδες"],"few":["σε ",{"t":"idOrVar","v":"value"}," εβδομάδες"],"many":["σε ",{"t":"idOrVar","v":"value"}," εβδομάδες"],"other":["σε ",{"t":"idOrVar","v":"value"}," εβδομάδες"]},"$x":[{"t":"idOrVar","v":"plural"},"value"]},{"$i":"months-until-long","$v":{"zero":"αυτό τον μήνα","one":"στον επόμενο μήνα","two":["σε ",{"t":"idOrVar","v":"value"}," μήνες"],"few":["σε ",{"t":"idOrVar","v":"value"}," μήνες"],"many":["σε ",{"t":"idOrVar","v":"value"}," μήνες"],"other":["σε ",{"t":"idOrVar","v":"value"}," μήνες"]},"$x":[{"t":"idOrVar","v":"plural"},"value"]},{"$i":"years-until-long","$v":{"zero":"αυτό το έτος","one":"επόμενο έτος","two":["σε ",{"t":"idOrVar","v":"value"}," έτη"],"few":["σε ",{"t":"idOrVar","v":"value"}," έτη"],"many":["σε ",{"t":"idOrVar","v":"value"}," έτη"],"other":["σε ",{"t":"idOrVar","v":"value"}," έτη"]},"$x":[{"t":"idOrVar","v":"plural"},"value"]},{"$i":"minutes-ago-short","$v":{"zero":"τώρα","other":["πριν ",{"t":"idOrVar","v":"value"},"′"]},"$x":[{"t":"idOrVar","v":"plural"},"value"]},{"$i":"hours-ago-short","$v":{"zero":"τώρα","other":["πριν ",{"t":"idOrVar","v":"value"}," ώρ."]},"$x":[{"t":"idOrVar","v":"plural"},"value"]},{"$i":"days-ago-short","$v":{"zero":"σήμερα","other":["πριν ",{"t":"idOrVar","v":"value"}," ημ."]},"$x":[{"t":"idOrVar","v":"plural"},"value"]},{"$i":"minutes-until-short","$v":{"zero":"τώρα","other":["σε ",{"t":"idOrVar","v":"value"},"′"]},"$x":[{"t":"idOrVar","v":"plural"},"value"]},{"$i":"hours-until-short","$v":{"zero":"τώρα","other":["σε ",{"t":"idOrVar","v":"value"}," ώρ."]},"$x":[{"t":"idOrVar","v":"plural"},"value"]},{"$i":"days-until-short","$v":{"zero":"σήμερα","other":["σε ",{"t":"idOrVar","v":"value"}," ημ."]},"$x":[{"t":"idOrVar","v":"plural"},"value"]},{"$i":"incorrectDate","$v":"(λάθος ημερομηνία)"},{"$i":"dateTimeFormat_%c","$v":"%a, %e %Eb %Y, %H:%M:%S"},{"$i":"dateTimeFormat_%x","$v":"%d/%m/%Y"},{"$i":"dateTimeFormat_%X","$v":"%H:%M:%S"},{"$i":"shortTimeFormat","$v":"%H:%M"},{"$i":"shortTimeFormat12","$v":"%I:%M %p"},{"$i":"shortTimeFormat24","$v":"%H:%M"},{"$i":"shortDateTimeFormat","$v":"%x %H:%M"},{"$i":"weekStartsOnMonday","$v":"0"},{"$i":"firstDayOfTheWeek","$v":"0"},{"$i":"time_am","$v":"πμ"},{"$i":"time_pm","$v":"μμ"},{"$i":"stopped_download_title","$v":"Η λήψη διακόπηκε"},{"$i":"stopped_download_message","$v":"Η λήψη διακόπηκε. Θέλετε να προσπαθήσετε ξανά;"},{"$i":"stopped_download_left_button","$v":"Ακύρωση"},{"$i":"stopped_download_right_button","$v":"Λήψη ξανά"},{"$i":"failed_download_title","$v":"Η λήψη απέτυχε"},{"$i":"failed_download_message","$v":[{"t":"idOrVar","v":"name"},": η λήψη απέτυχε. Θέλετε να προσπαθήσετε ξανά;"]},{"$i":"failed_download_left_button","$v":"Ακύρωση"},{"$i":"failed_download_right_button","$v":"Λήψη ξανά"},{"$i":"stop_download_title","$v":"Διακοπή λήψης"},{"$i":"stop_download_message","$v":"Θέλετε σίγουρα να διακόψετε την λήψη;"},{"$i":"stop_download_left_button","$v":"Όχι"},{"$i":"stop_download_right_button","$v":"Ναι"},{"$i":"delete_download_title","$v":"Διαγραφή"},{"$i":"delete_download_message","$v":[{"t":"idOrVar","v":"name"},": Να διαγραφεί?"]},{"$i":"delete_download_left_button","$v":"Ακύρωση"},{"$i":"delete_download_right_button","$v":"Διαγραφή"},{"$i":"delete_all_download_title","$v":"Διαγραφή"},{"$i":"delete_all_download_left_button","$v":"Ακύρωση"},{"$i":"delete_all_download_right_button","$v":"Διαγραφή"},{"$i":"delete_all_download_message","$v":{"zero":"Διαγραφή κανενός αρχείου;","one":"Διαγραφή ενός αρχείου;","two":["Διαγραφή ",{"t":"idOrVar","v":"number"}," αρχείων;"],"few":["Διαγραφή ",{"t":"idOrVar","v":"number"}," αρχείων;"],"many":["Διαγραφή ",{"t":"idOrVar","v":"number"}," αρχείων;"],"other":["Διαγραφή ",{"t":"idOrVar","v":"number"}," αρχείων;"]},"$x":[{"t":"idOrVar","v":"plural"},"number"]},{"$i":"unsupported_file_type_download_title","$v":"Αδυναμία ανοίγματος"},{"$i":"unsupported_file_type_download_message","$v":["Δεν υπάρχει εφαρμογή για να ανοίξει το αρχείο ",{"t":"idOrVar","v":"name"},". Θέλετε να το αποθηκεύσετε ή να το διαγράψετε;"]},{"$i":"unsupported_file_type_download_left_button","$v":"Αποθήκευση"},{"$i":"unsupported_file_type_download_right_button","$v":"Διαγραφή"},{"$i":"file_not_found_download_title","$v":"Δεν βρέθηκε το αρχείο"},{"$i":"file_not_found_download_message","$v":"Το αρχείο δεν βρέθηκε στην συσκευή"},{"$i":"file_not_found_download_right_button","$v":"ΟΚ"},{"$i":"unmounted_sdcard_2_download_title","$v":"Η κάρτα μνήμης χρησιμοποιείται"},{"$i":"unmounted_sdcard_2_download_message","$v":"Αποσυνδέστε το τηλέφωνο"},{"$i":"unmounted_sdcard_2_download_right_button","$v":"ΟΚ"},{"$i":"no_provider_download_title","$v":"Αδυναμία διαμοιρασμουύ"},{"$i":"no_provider_download_message","$v":"Δεν βρέθηκε πάροχος"},{"$i":"no_provider_download_right_button","$v":"ΟΚ"},{"$i":"no_memory_download_title","$v":"Η κάρτα SD είναι γεμάτη"},{"$i":"no_memory_download_message","$v":"Δεν υπάρχει διαθέσιμος χώρος στην κάρτα SD για να αποθηκέυσετε την λήψη σας. Παρακαλούμε διαγράψτε κάποια αρχεία πριν επανεκκινήσετε την λήψη."},{"$i":"no_memory_download_right_button","$v":"ΟΚ"},{"$i":"no_sdcard_found_2_download_title","$v":"Δεν βρέθηκε κάρτα μνήμης"},{"$i":"no_sdcard_found_2_download_message","$v":"Εισάγετε μία κάρτα μνήμηςa ή  ή επιλέξτε μια άλλη τοποθεσία πολυμέσων στις ρυθμίσεις."},{"$i":"no_sdcard_found_2_download_right_button","$v":"ΟΚ"},{"$i":"file_open_error_download_title","$v":"Αδυναμία ανοίγματος"},{"$i":"file_open_error_download_message","$v":["Παρουσιάστηκε σφάλμα στο άνοιγμα του αρχείου ",{"t":"idOrVar","v":"name"},". Θέλετε να το αποθηκεύσετε ή να το διαγράψετε;"]},{"$i":"file_open_error_download_left_button","$v":"Αποθήκευση"},{"$i":"file_open_error_download_right_button","$v":"Διαγραφή"},{"$i":"restart_download_error","$v":"Παρουσιάστηκε σφάλμα κατά την επανεκκίνηση της λήψης. Παρακαλούμε δοκιμάστε ξανά αργότερα."},{"$i":"no-downloads","$v":"Καμία λήψη"},{"$i":"byteUnit-B","$v":"B"},{"$i":"byteUnit-KB","$v":"KB"},{"$i":"byteUnit-MB","$v":"MB"},{"$i":"byteUnit-GB","$v":"GB"},{"$i":"byteUnit-TB","$v":"TB"},{"$i":"fileSize","$v":[{"t":"idOrVar","v":"size"}," ",{"t":"idOrVar","v":"unit"}]},{"$i":"percentage","$v":[{"t":"idOrVar","v":"percentage"}," %"]},{"$i":"partialResult","$v":[{"t":"idOrVar","v":"partial"}," από ",{"t":"idOrVar","v":"total"}]},{"$i":"summary","$v":[{"t":"idOrVar","v":"date"}," - ",{"t":"idOrVar","v":"status"}]},{"$i":"download-stopped","$v":"Διακόπηκε"},{"$i":"download-failed","$v":"Απέτυχε η λήψη"},{"$i":"open_downloaded_file","$v":"Άνοιγμα"},{"$i":"share_downloaded_file","$v":"Διαμοιρασμός"},{"$i":"wallpaper_downloaded_file","$v":"Ορισμός ως ταπετσαρία"},{"$i":"ringtone_downloaded_file","$v":"Ορισμός ως ήχος κλήσης"},{"$i":"cancel_downloaded_file","$v":"Ακύρωση"},{"$i":"select-download","$v":"Select download"}]