[{"$i":"weekday-0-long","$v":"Domingo"},{"$i":"weekday-1-long","$v":"Lunes"},{"$i":"weekday-2-long","$v":"Martes"},{"$i":"weekday-3-long","$v":"Miércoles"},{"$i":"weekday-4-long","$v":"Jueves"},{"$i":"weekday-5-long","$v":"Viernes"},{"$i":"weekday-6-long","$v":"Sábado"},{"$i":"weekday-0-short","$v":"Dom"},{"$i":"weekday-1-short","$v":"Lun"},{"$i":"weekday-2-short","$v":"Mar"},{"$i":"weekday-3-short","$v":"Mié"},{"$i":"weekday-4-short","$v":"Jue"},{"$i":"weekday-5-short","$v":"Vie"},{"$i":"weekday-6-short","$v":"Sáb"},{"$i":"month-0-long","$v":"enero"},{"$i":"month-1-long","$v":"febrero"},{"$i":"month-2-long","$v":"marzo"},{"$i":"month-3-long","$v":"abril"},{"$i":"month-4-long","$v":"mayo"},{"$i":"month-5-long","$v":"junio"},{"$i":"month-6-long","$v":"julio"},{"$i":"month-7-long","$v":"agosto"},{"$i":"month-8-long","$v":"septiembre"},{"$i":"month-9-long","$v":"octubre"},{"$i":"month-10-long","$v":"noviembre"},{"$i":"month-11-long","$v":"diciembre"},{"$i":"month-0-genitive","$v":"enero"},{"$i":"month-1-genitive","$v":"febrero"},{"$i":"month-2-genitive","$v":"marzo"},{"$i":"month-3-genitive","$v":"abril"},{"$i":"month-4-genitive","$v":"mayo"},{"$i":"month-5-genitive","$v":"junio"},{"$i":"month-6-genitive","$v":"julio"},{"$i":"month-7-genitive","$v":"agosto"},{"$i":"month-8-genitive","$v":"septiembre"},{"$i":"month-9-genitive","$v":"octubre"},{"$i":"month-10-genitive","$v":"noviembre"},{"$i":"month-11-genitive","$v":"diciembre"},{"$i":"month-0-short","$v":"ene"},{"$i":"month-1-short","$v":"feb"},{"$i":"month-2-short","$v":"mar"},{"$i":"month-3-short","$v":"abr"},{"$i":"month-4-short","$v":"may"},{"$i":"month-5-short","$v":"jun"},{"$i":"month-6-short","$v":"jul"},{"$i":"month-7-short","$v":"ago"},{"$i":"month-8-short","$v":"sep"},{"$i":"month-9-short","$v":"oct"},{"$i":"month-10-short","$v":"nov"},{"$i":"month-11-short","$v":"dic"},{"$i":"minutes-ago-long","$v":{"zero":"ahora","one":"hace un minuto","two":["hace ",{"t":"idOrVar","v":"value"}," minutos"],"few":["hace ",{"t":"idOrVar","v":"value"}," minutos"],"many":["hace ",{"t":"idOrVar","v":"value"}," minutos"],"other":["hace ",{"t":"idOrVar","v":"value"}," minutos"]},"$x":[{"t":"idOrVar","v":"plural"},"value"]},{"$i":"hours-ago-long","$v":{"zero":"ahora","one":"hace una hora","two":["hace ",{"t":"idOrVar","v":"value"}," horas"],"few":["hace ",{"t":"idOrVar","v":"value"}," horas"],"many":["hace ",{"t":"idOrVar","v":"value"}," horas"],"other":["hace ",{"t":"idOrVar","v":"value"}," horas"]},"$x":[{"t":"idOrVar","v":"plural"},"value"]},{"$i":"days-ago-long","$v":{"zero":"hoy","one":"ayer","two":["hace ",{"t":"idOrVar","v":"value"}," días"],"few":["hace ",{"t":"idOrVar","v":"value"}," días"],"many":["hace ",{"t":"idOrVar","v":"value"}," días"],"other":["hace ",{"t":"idOrVar","v":"value"}," días"]},"$x":[{"t":"idOrVar","v":"plural"},"value"]},{"$i":"weeks-ago-long","$v":{"zero":"esta semana","one":"la semana pasada","two":["hace ",{"t":"idOrVar","v":"value"}," semanas"],"few":["hace ",{"t":"idOrVar","v":"value"}," semanas"],"many":["hace ",{"t":"idOrVar","v":"value"}," semanas"],"other":["hace ",{"t":"idOrVar","v":"value"}," semanas"]},"$x":[{"t":"idOrVar","v":"plural"},"value"]},{"$i":"months-ago-long","$v":{"zero":"este mes","one":"el último mes","two":["hace ",{"t":"idOrVar","v":"value"}," meses"],"few":["hace ",{"t":"idOrVar","v":"value"}," meses"],"many":["hace ",{"t":"idOrVar","v":"value"}," meses"],"other":["hace ",{"t":"idOrVar","v":"value"}," meses"]},"$x":[{"t":"idOrVar","v":"plural"},"value"]},{"$i":"years-ago-long","$v":{"zero":"este año","one":"último año","two":["hace ",{"t":"idOrVar","v":"value"}," años"],"few":["hace ",{"t":"idOrVar","v":"value"}," años"],"many":["hace ",{"t":"idOrVar","v":"value"}," años"],"other":["hace ",{"t":"idOrVar","v":"value"}," años"]},"$x":[{"t":"idOrVar","v":"plural"},"value"]},{"$i":"minutes-until-long","$v":{"zero":"ahora","one":"en un minuto","two":["en ",{"t":"idOrVar","v":"value"}," minutos"],"few":["en ",{"t":"idOrVar","v":"value"}," minutos"],"many":["en ",{"t":"idOrVar","v":"value"}," minutos"],"other":["en ",{"t":"idOrVar","v":"value"}," minutos"]},"$x":[{"t":"idOrVar","v":"plural"},"value"]},{"$i":"hours-until-long","$v":{"zero":"ahora","one":"en una hora","two":["en ",{"t":"idOrVar","v":"value"}," horas"],"few":["en ",{"t":"idOrVar","v":"value"}," horas"],"many":["en ",{"t":"idOrVar","v":"value"}," horas"],"other":["en ",{"t":"idOrVar","v":"value"}," horas"]},"$x":[{"t":"idOrVar","v":"plural"},"value"]},{"$i":"days-until-long","$v":{"zero":"hoy","one":"mañana","two":["en ",{"t":"idOrVar","v":"value"}," días"],"few":["en ",{"t":"idOrVar","v":"value"}," días"],"many":["en ",{"t":"idOrVar","v":"value"}," días"],"other":["en ",{"t":"idOrVar","v":"value"}," días"]},"$x":[{"t":"idOrVar","v":"plural"},"value"]},{"$i":"weeks-until-long","$v":{"zero":"esta semana","one":"la próxima semana","two":["en ",{"t":"idOrVar","v":"value"}," semanas"],"few":["en ",{"t":"idOrVar","v":"value"}," semanas"],"many":["en ",{"t":"idOrVar","v":"value"}," semanas"],"other":["en ",{"t":"idOrVar","v":"value"}," semanas"]},"$x":[{"t":"idOrVar","v":"plural"},"value"]},{"$i":"months-until-long","$v":{"zero":"este mes","one":"próximo mes","two":["en ",{"t":"idOrVar","v":"value"}," meses"],"few":["en ",{"t":"idOrVar","v":"value"}," meses"],"many":["en ",{"t":"idOrVar","v":"value"}," meses"],"other":["en ",{"t":"idOrVar","v":"value"}," meses"]},"$x":[{"t":"idOrVar","v":"plural"},"value"]},{"$i":"years-until-long","$v":{"zero":"este año","one":"próximo año","two":["en ",{"t":"idOrVar","v":"value"}," años"],"few":["en ",{"t":"idOrVar","v":"value"}," años"],"many":["en ",{"t":"idOrVar","v":"value"}," años"],"other":["en ",{"t":"idOrVar","v":"value"}," años"]},"$x":[{"t":"idOrVar","v":"plural"},"value"]},{"$i":"minutes-ago-short","$v":{"zero":"ahora","other":["hace ",{"t":"idOrVar","v":"value"}," m"]},"$x":[{"t":"idOrVar","v":"plural"},"value"]},{"$i":"hours-ago-short","$v":{"zero":"ahora","other":["hace ",{"t":"idOrVar","v":"value"}," h"]},"$x":[{"t":"idOrVar","v":"plural"},"value"]},{"$i":"days-ago-short","$v":{"zero":"hoy","other":["hace ",{"t":"idOrVar","v":"value"}," d"]},"$x":[{"t":"idOrVar","v":"plural"},"value"]},{"$i":"minutes-until-short","$v":{"zero":"ahora","other":["en ",{"t":"idOrVar","v":"value"}," m"]},"$x":[{"t":"idOrVar","v":"plural"},"value"]},{"$i":"hours-until-short","$v":{"zero":"ahora","other":["en ",{"t":"idOrVar","v":"value"}," h"]},"$x":[{"t":"idOrVar","v":"plural"},"value"]},{"$i":"days-until-short","$v":{"zero":"hoy","other":["en ",{"t":"idOrVar","v":"value"}," d"]},"$x":[{"t":"idOrVar","v":"plural"},"value"]},{"$i":"incorrectDate","$v":"(fecha incorrecta)"},{"$i":"dateTimeFormat_%c","$v":"%a, %e de %b, %Y %H:%M:%S"},{"$i":"dateTimeFormat_%x","$v":"%d/%m/%Y"},{"$i":"dateTimeFormat_%X","$v":"%H:%M:%S"},{"$i":"shortTimeFormat","$v":"%H:%M"},{"$i":"shortTimeFormat12","$v":"%H:%M"},{"$i":"shortTimeFormat24","$v":"%H:%M"},{"$i":"shortDateTimeFormat","$v":"%x %H:%M"},{"$i":"weekStartsOnMonday","$v":"1"},{"$i":"firstDayOfTheWeek","$v":"1"},{"$i":"time_am","$v":"AM"},{"$i":"time_pm","$v":"PM"},{"$i":"stopped_download_title","$v":"Descarga parada"},{"$i":"stopped_download_message","$v":"Se detuvo la descarga. ¿Intentar descargar de nuevo?"},{"$i":"stopped_download_left_button","$v":"Cancelar"},{"$i":"stopped_download_right_button","$v":"Intentar"},{"$i":"failed_download_title","$v":"Falló la descarga"},{"$i":"failed_download_message","$v":[{"t":"idOrVar","v":"name"}," interrumpió la descarga. ¿Intentar descargar de nuevo?"]},{"$i":"failed_download_left_button","$v":"Cancelar"},{"$i":"failed_download_right_button","$v":"Intentar"},{"$i":"stop_download_title","$v":"Parar descarga"},{"$i":"stop_download_message","$v":"¿Seguro que desea parar la descarga?"},{"$i":"stop_download_left_button","$v":"No"},{"$i":"stop_download_right_button","$v":"Sí"},{"$i":"delete_download_title","$v":"Borrar"},{"$i":"delete_download_message","$v":["¿Borrar ",{"t":"idOrVar","v":"name"},"?"]},{"$i":"delete_download_left_button","$v":"Cancelar"},{"$i":"delete_download_right_button","$v":"Borrar"},{"$i":"delete_all_download_title","$v":"Borrar"},{"$i":"delete_all_download_left_button","$v":"Cancelar"},{"$i":"delete_all_download_right_button","$v":"Borrar"},{"$i":"delete_all_download_message","$v":{"zero":"¿No borrar ficheros?","one":"¿Borrar un fichero?","two":["¿Borrar ",{"t":"idOrVar","v":"number"}," ficheros?"],"few":["¿Borrar ",{"t":"idOrVar","v":"number"}," ficheros?"],"many":["¿Borrar ",{"t":"idOrVar","v":"number"}," ficheros?"],"other":["¿Borrar ",{"t":"idOrVar","v":"number"}," ficheros?"]},"$x":[{"t":"idOrVar","v":"plural"},"number"]},{"$i":"unsupported_file_type_download_title","$v":"Imposible abrir"},{"$i":"unsupported_file_type_download_message","$v":["No hay ninguna aplicación que pueda abrir ",{"t":"idOrVar","v":"name"},". ¿Desea guardar el archivo o borrarlo?"]},{"$i":"unsupported_file_type_download_left_button","$v":"Guardar archivo"},{"$i":"unsupported_file_type_download_right_button","$v":"Borrar"},{"$i":"file_not_found_download_title","$v":"Archivo no encontrado"},{"$i":"file_not_found_download_message","$v":"No se encontró el archivo en el dispositivo"},{"$i":"file_not_found_download_right_button","$v":"Aceptar"},{"$i":"unmounted_sdcard_2_download_title","$v":"Tarjeta de memoria en uso"},{"$i":"unmounted_sdcard_2_download_message","$v":"Desconecte el teléfono"},{"$i":"unmounted_sdcard_2_download_right_button","$v":"Aceptar"},{"$i":"no_provider_download_title","$v":"Imposible compartir"},{"$i":"no_provider_download_message","$v":"No se encuentra operador"},{"$i":"no_provider_download_right_button","$v":"Aceptar"},{"$i":"no_memory_download_title","$v":"La tarjeta SD está llena"},{"$i":"no_memory_download_message","$v":"No hay más espacio en la tarjeta SD para guardar la descarga. Elimine algunos archivos antes de reiniciarla."},{"$i":"no_memory_download_right_button","$v":"Aceptar"},{"$i":"no_sdcard_found_2_download_title","$v":"No se encuentra tarjeta de memoria"},{"$i":"no_sdcard_found_2_download_message","$v":"Inserte una tarjeta de memoria o seleccione en Ajustes una ubicación predeterminada alternativa para los archivos multimedia"},{"$i":"no_sdcard_found_2_download_right_button","$v":"Aceptar"},{"$i":"file_open_error_download_title","$v":"Imposible abrir"},{"$i":"file_open_error_download_message","$v":["Hubo un problema al abrir ",{"t":"idOrVar","v":"name"},". ¿Desea guardar el archivo o borrarlo?"]},{"$i":"file_open_error_download_left_button","$v":"Guardar archivo"},{"$i":"file_open_error_download_right_button","$v":"Borrar"},{"$i":"restart_download_error","$v":"Hubo un error al reiniciar la descarga. Intente descargar de nuevo."},{"$i":"no-downloads","$v":"Sin descargas"},{"$i":"byteUnit-B","$v":"B"},{"$i":"byteUnit-KB","$v":"Kb"},{"$i":"byteUnit-MB","$v":"Mb"},{"$i":"byteUnit-GB","$v":"Gb"},{"$i":"byteUnit-TB","$v":"Tb"},{"$i":"fileSize","$v":[{"t":"idOrVar","v":"size"}," ",{"t":"idOrVar","v":"unit"}]},{"$i":"percentage","$v":[{"t":"idOrVar","v":"percentage"}," %"]},{"$i":"partialResult","$v":[{"t":"idOrVar","v":"partial"}," de ",{"t":"idOrVar","v":"total"}]},{"$i":"summary","$v":[{"t":"idOrVar","v":"date"}," - ",{"t":"idOrVar","v":"status"}]},{"$i":"download-stopped","$v":"Parada"},{"$i":"download-failed","$v":"Descarga fallida"},{"$i":"open_downloaded_file","$v":"Abrir"},{"$i":"share_downloaded_file","$v":"Compartir"},{"$i":"wallpaper_downloaded_file","$v":"Usar como fondo de pantalla"},{"$i":"ringtone_downloaded_file","$v":"Usar como tono de llamada"},{"$i":"cancel_downloaded_file","$v":"Cancelar"},{"$i":"select-download","$v":"Seleccionar descarga"}]