[{"$i":"weekday-0-long","$v":"Igandea"},{"$i":"weekday-1-long","$v":"Astelehena"},{"$i":"weekday-2-long","$v":"Asteartea"},{"$i":"weekday-3-long","$v":"Asteazkena"},{"$i":"weekday-4-long","$v":"Osteguna"},{"$i":"weekday-5-long","$v":"Ostirala"},{"$i":"weekday-6-long","$v":"Larunbata"},{"$i":"weekday-0-short","$v":"Ig."},{"$i":"weekday-1-short","$v":"Al."},{"$i":"weekday-2-short","$v":"Ar."},{"$i":"weekday-3-short","$v":"Az."},{"$i":"weekday-4-short","$v":"Og."},{"$i":"weekday-5-short","$v":"Or."},{"$i":"weekday-6-short","$v":"Lr."},{"$i":"month-0-long","$v":"Urtarrila"},{"$i":"month-1-long","$v":"Otsaila"},{"$i":"month-2-long","$v":"Martxoa"},{"$i":"month-3-long","$v":"Apirila"},{"$i":"month-4-long","$v":"Maiatza"},{"$i":"month-5-long","$v":"Ekaina"},{"$i":"month-6-long","$v":"Uztaila"},{"$i":"month-7-long","$v":"Abuztua"},{"$i":"month-8-long","$v":"Iraila"},{"$i":"month-9-long","$v":"Urria"},{"$i":"month-10-long","$v":"Azaroa"},{"$i":"month-11-long","$v":"Abendua"},{"$i":"month-0-genitive","$v":"Urtarrilaren"},{"$i":"month-1-genitive","$v":"Otsailaren"},{"$i":"month-2-genitive","$v":"Martxoaren"},{"$i":"month-3-genitive","$v":"Apirilaren"},{"$i":"month-4-genitive","$v":"Maiatzaren"},{"$i":"month-5-genitive","$v":"Ekainaren"},{"$i":"month-6-genitive","$v":"Uztailaren"},{"$i":"month-7-genitive","$v":"Abuztuaren"},{"$i":"month-8-genitive","$v":"Irailaren"},{"$i":"month-9-genitive","$v":"Urriaren"},{"$i":"month-10-genitive","$v":"Azaroaren"},{"$i":"month-11-genitive","$v":"Abenduaren"},{"$i":"month-0-short","$v":"urt."},{"$i":"month-1-short","$v":"ots."},{"$i":"month-2-short","$v":"mar."},{"$i":"month-3-short","$v":"api."},{"$i":"month-4-short","$v":"mai."},{"$i":"month-5-short","$v":"eka."},{"$i":"month-6-short","$v":"uzt."},{"$i":"month-7-short","$v":"abu."},{"$i":"month-8-short","$v":"ira."},{"$i":"month-9-short","$v":"urr."},{"$i":"month-10-short","$v":"aza."},{"$i":"month-11-short","$v":"abe."},{"$i":"minutes-ago-long","$v":{"zero":"orain","one":"duela minutu bat","two":["duela ",{"t":"idOrVar","v":"value"}," minutu"],"few":["duela ",{"t":"idOrVar","v":"value"}," minutu"],"many":["duela ",{"t":"idOrVar","v":"value"}," minutu"],"other":["duela ",{"t":"idOrVar","v":"value"}," minutu"]},"$x":[{"t":"idOrVar","v":"plural"},"value"]},{"$i":"hours-ago-long","$v":{"zero":"orain","one":"duela ordubete","two":["duela ",{"t":"idOrVar","v":"value"}," ordu"],"few":["duela ",{"t":"idOrVar","v":"value"}," ordu"],"many":["duela ",{"t":"idOrVar","v":"value"}," ordu"],"other":["duela ",{"t":"idOrVar","v":"value"}," ordu"]},"$x":[{"t":"idOrVar","v":"plural"},"value"]},{"$i":"days-ago-long","$v":{"zero":"gaur","one":"atzo","two":"herenegun","few":["duela ",{"t":"idOrVar","v":"value"}," egun"],"many":["duela ",{"t":"idOrVar","v":"value"}," egun"],"other":["duela ",{"t":"idOrVar","v":"value"}," egun"]},"$x":[{"t":"idOrVar","v":"plural"},"value"]},{"$i":"weeks-ago-long","$v":{"zero":"aste honetan","one":"azken astean","two":["duela ",{"t":"idOrVar","v":"value"}," aste"],"few":["duela ",{"t":"idOrVar","v":"value"}," aste"],"many":["duela ",{"t":"idOrVar","v":"value"}," aste"],"other":["duela ",{"t":"idOrVar","v":"value"}," aste"]},"$x":[{"t":"idOrVar","v":"plural"},"value"]},{"$i":"months-ago-long","$v":{"zero":"hilabete honetan","one":"azken hilabetean","two":["duela ",{"t":"idOrVar","v":"value"}," hilabete"],"few":["duela ",{"t":"idOrVar","v":"value"}," hilabete"],"many":["duela ",{"t":"idOrVar","v":"value"}," hilabete"],"other":["duela ",{"t":"idOrVar","v":"value"}," hilabete"]},"$x":[{"t":"idOrVar","v":"plural"},"value"]},{"$i":"years-ago-long","$v":{"zero":"aurten","one":"iaz","two":["duela ",{"t":"idOrVar","v":"value"}," urte"],"few":["duela ",{"t":"idOrVar","v":"value"}," urte"],"many":["duela ",{"t":"idOrVar","v":"value"}," urte"],"other":["duela ",{"t":"idOrVar","v":"value"}," urte"]},"$x":[{"t":"idOrVar","v":"plural"},"value"]},{"$i":"minutes-until-long","$v":{"zero":"orain","one":"minutu barru","two":[{"t":"idOrVar","v":"value"}," minutu barru"],"few":[{"t":"idOrVar","v":"value"}," minutu barru"],"many":[{"t":"idOrVar","v":"value"}," minutu barru"],"other":[{"t":"idOrVar","v":"value"}," minutu barru"]},"$x":[{"t":"idOrVar","v":"plural"},"value"]},{"$i":"hours-until-long","$v":{"zero":"orain","one":"ordubete barru","two":[{"t":"idOrVar","v":"value"}," ordu barru"],"few":[{"t":"idOrVar","v":"value"}," ordu barru"],"many":[{"t":"idOrVar","v":"value"}," ordu barru"],"other":[{"t":"idOrVar","v":"value"}," ordu barru"]},"$x":[{"t":"idOrVar","v":"plural"},"value"]},{"$i":"days-until-long","$v":{"zero":"gaur","one":"bihar","two":"etzi","few":[{"t":"idOrVar","v":"value"}," egun barru"],"many":[{"t":"idOrVar","v":"value"}," egun barru"],"other":[{"t":"idOrVar","v":"value"}," egun barru"]},"$x":[{"t":"idOrVar","v":"plural"},"value"]},{"$i":"weeks-until-long","$v":{"zero":"aste honetan","one":"hurrengo astean","two":[{"t":"idOrVar","v":"value"}," aste barru"],"few":[{"t":"idOrVar","v":"value"}," aste barru"],"many":[{"t":"idOrVar","v":"value"}," aste barru"],"other":[{"t":"idOrVar","v":"value"}," aste barru"]},"$x":[{"t":"idOrVar","v":"plural"},"value"]},{"$i":"months-until-long","$v":{"zero":"hil honetan","one":"hurrengo hilean","two":[{"t":"idOrVar","v":"value"}," hilabete barru"],"few":[{"t":"idOrVar","v":"value"}," hilabete barru"],"many":[{"t":"idOrVar","v":"value"}," hilabete barru"],"other":[{"t":"idOrVar","v":"value"}," hilabete barru"]},"$x":[{"t":"idOrVar","v":"plural"},"value"]},{"$i":"years-until-long","$v":{"zero":"aurten","one":"hurrengo urtean","two":[{"t":"idOrVar","v":"value"}," urte barru"],"few":[{"t":"idOrVar","v":"value"}," urte barru"],"many":[{"t":"idOrVar","v":"value"}," urte barru"],"other":[{"t":"idOrVar","v":"value"}," urte barru"]},"$x":[{"t":"idOrVar","v":"plural"},"value"]},{"$i":"minutes-ago-short","$v":{"zero":"orain","other":["duela ",{"t":"idOrVar","v":"value"},"m"]},"$x":[{"t":"idOrVar","v":"plural"},"value"]},{"$i":"hours-ago-short","$v":{"zero":"orain","other":["duela ",{"t":"idOrVar","v":"value"},"h"]},"$x":[{"t":"idOrVar","v":"plural"},"value"]},{"$i":"days-ago-short","$v":{"zero":"gaur","other":["duela ",{"t":"idOrVar","v":"value"},"eg."]},"$x":[{"t":"idOrVar","v":"plural"},"value"]},{"$i":"minutes-until-short","$v":{"zero":"orain","other":[{"t":"idOrVar","v":"value"},"m barru"]},"$x":[{"t":"idOrVar","v":"plural"},"value"]},{"$i":"hours-until-short","$v":{"zero":"orain","other":[{"t":"idOrVar","v":"value"},"h barru"]},"$x":[{"t":"idOrVar","v":"plural"},"value"]},{"$i":"days-until-short","$v":{"zero":"gaur","other":[{"t":"idOrVar","v":"value"},"eg. barru"]},"$x":[{"t":"idOrVar","v":"plural"},"value"]},{"$i":"incorrectDate","$v":"(data okerra)"},{"$i":"dateTimeFormat_%c","$v":"%a, %Y.eko %Bren %ea %H:%M:%S"},{"$i":"dateTimeFormat_%x","$v":"%Y/%m/%d"},{"$i":"dateTimeFormat_%X","$v":"%H:%M:%S"},{"$i":"shortTimeFormat","$v":"%I:%M %p"},{"$i":"shortTimeFormat12","$v":"%I:%M %p"},{"$i":"shortTimeFormat24","$v":"%H:%M"},{"$i":"shortDateTimeFormat","$v":"%x %H:%M"},{"$i":"weekStartsOnMonday","$v":"1"},{"$i":"firstDayOfTheWeek","$v":"1"},{"$i":"time_am","$v":"AM"},{"$i":"time_pm","$v":"PM"},{"$i":"stopped_download_title","$v":"Deskarga geldituta"},{"$i":"stopped_download_message","$v":"Deskarga gelditu egin da. Saiatu berriro deskargatzen?"},{"$i":"stopped_download_left_button","$v":"Utzi"},{"$i":"stopped_download_right_button","$v":"Saiatu berriro"},{"$i":"failed_download_title","$v":"Deskargak huts egin du"},{"$i":"failed_download_message","$v":[{"t":"idOrVar","v":"name"}," deskargak huts egin du. Saiatu berriro deskargatzen?"]},{"$i":"failed_download_left_button","$v":"Utzi"},{"$i":"failed_download_right_button","$v":"Saiatu berriro"},{"$i":"stop_download_title","$v":"Gelditu deskarga"},{"$i":"stop_download_message","$v":"Ziur zaude deskarga utzi nahi dituzula?"},{"$i":"stop_download_left_button","$v":"Ez"},{"$i":"stop_download_right_button","$v":"Bai"},{"$i":"delete_download_title","$v":"Ezabatu"},{"$i":"delete_download_message","$v":["Ezabatu ",{"t":"idOrVar","v":"name"},"?"]},{"$i":"delete_download_left_button","$v":"Utzi"},{"$i":"delete_download_right_button","$v":"Ezabatu"},{"$i":"delete_all_download_title","$v":"Ezabatu"},{"$i":"delete_all_download_left_button","$v":"Utzi"},{"$i":"delete_all_download_right_button","$v":"Ezabatu"},{"$i":"delete_all_download_message","$v":{"zero":"Ez ezabatu fitxategirik?","one":"Ezabatu fitxategi bat?","two":["Ezabatu ",{"t":"idOrVar","v":"number"}," fitxategi?"],"few":["Ezabatu ",{"t":"idOrVar","v":"number"}," fitxategi?"],"many":["Ezabatu ",{"t":"idOrVar","v":"number"}," fitxategi?"],"other":["Ezabatu ",{"t":"idOrVar","v":"number"}," fitxategi?"]},"$x":[{"t":"idOrVar","v":"plural"},"number"]},{"$i":"unsupported_file_type_download_title","$v":"Ezin da ireki"},{"$i":"unsupported_file_type_download_message","$v":["Ez dago ",{"t":"idOrVar","v":"name"}," ireki dezakeen aplikaziorik. Fitxategia gorde ala ezabatu egin nahi duzu?"]},{"$i":"unsupported_file_type_download_left_button","$v":"Mantendu"},{"$i":"unsupported_file_type_download_right_button","$v":"Ezabatu"},{"$i":"file_not_found_download_title","$v":"Ez da fitxategia aurkitu"},{"$i":"file_not_found_download_message","$v":"Ez da fitxategia aurkitu gailuan"},{"$i":"file_not_found_download_right_button","$v":"Ados"},{"$i":"unmounted_sdcard_2_download_title","$v":"Memoria-txartela erabiltzen ari da"},{"$i":"unmounted_sdcard_2_download_message","$v":"Desentxufatu telefonoa"},{"$i":"unmounted_sdcard_2_download_right_button","$v":"Ados"},{"$i":"no_provider_download_title","$v":"Ezin da partekatu"},{"$i":"no_provider_download_message","$v":"Ez da hornitzailerik aurkitu"},{"$i":"no_provider_download_right_button","$v":"Ados"},{"$i":"no_memory_download_title","$v":"SD txartela beteta dago"},{"$i":"no_memory_download_message","$v":"Ez dago toki libre gehiago zure SD txartelean deskarga gordetzeko. Kendu fitxategi batzuk deskarga berrekin aurretik."},{"$i":"no_memory_download_right_button","$v":"Ados"},{"$i":"no_sdcard_found_2_download_title","$v":"Ez da memoria-txartelik aurkitu"},{"$i":"no_sdcard_found_2_download_message","$v":"Sartu memoria-txartela edo hautatu bestelako multimedia-kokapen lehenetsia ezarpenetan"},{"$i":"no_sdcard_found_2_download_right_button","$v":"Ados"},{"$i":"file_open_error_download_title","$v":"Ezin da ireki"},{"$i":"file_open_error_download_message","$v":["Arazo bat dago ",{"t":"idOrVar","v":"name"}," irekitzen. Fitxategia gorde ala ezabatu egin nahi duzu?"]},{"$i":"file_open_error_download_left_button","$v":"Mantendu"},{"$i":"file_open_error_download_right_button","$v":"Ezabatu"},{"$i":"restart_download_error","$v":"Errorea gertatu da deskarga berriro hastean. Saiatu berriro deskargatzen."},{"$i":"no-downloads","$v":"Deskargarik ez"},{"$i":"byteUnit-B","$v":"B"},{"$i":"byteUnit-KB","$v":"KB"},{"$i":"byteUnit-MB","$v":"MB"},{"$i":"byteUnit-GB","$v":"GB"},{"$i":"byteUnit-TB","$v":"TB"},{"$i":"fileSize","$v":[{"t":"idOrVar","v":"size"}," ",{"t":"idOrVar","v":"unit"}]},{"$i":"percentage","$v":["% ",{"t":"idOrVar","v":"percentage"}]},{"$i":"partialResult","$v":[{"t":"idOrVar","v":"total"}," / ",{"t":"idOrVar","v":"partial"}]},{"$i":"summary","$v":[{"t":"idOrVar","v":"date"}," - ",{"t":"idOrVar","v":"status"}]},{"$i":"download-stopped","$v":"Geldituta"},{"$i":"download-failed","$v":"Deskargak huts egin du"},{"$i":"open_downloaded_file","$v":"Irekia"},{"$i":"share_downloaded_file","$v":"Partekatu"},{"$i":"wallpaper_downloaded_file","$v":"Ezarri horma-paper gisa"},{"$i":"ringtone_downloaded_file","$v":"Ezarri txirrin-tonu gisa"},{"$i":"cancel_downloaded_file","$v":"Utzi"},{"$i":"select-download","$v":"Hautatu deskarga"}]