[{"$i":"weekday-0-long","$v":"domenica"},{"$i":"weekday-1-long","$v":"lunedì"},{"$i":"weekday-2-long","$v":"martedì"},{"$i":"weekday-3-long","$v":"mercoledì"},{"$i":"weekday-4-long","$v":"giovedì"},{"$i":"weekday-5-long","$v":"venerdì"},{"$i":"weekday-6-long","$v":"sabato"},{"$i":"weekday-0-short","$v":"dom"},{"$i":"weekday-1-short","$v":"lun"},{"$i":"weekday-2-short","$v":"mar"},{"$i":"weekday-3-short","$v":"mer"},{"$i":"weekday-4-short","$v":"gio"},{"$i":"weekday-5-short","$v":"ven"},{"$i":"weekday-6-short","$v":"sab"},{"$i":"month-0-long","$v":"gennaio"},{"$i":"month-1-long","$v":"febbraio"},{"$i":"month-2-long","$v":"marzo"},{"$i":"month-3-long","$v":"aprile"},{"$i":"month-4-long","$v":"maggio"},{"$i":"month-5-long","$v":"giugno"},{"$i":"month-6-long","$v":"luglio"},{"$i":"month-7-long","$v":"agosto"},{"$i":"month-8-long","$v":"settembre"},{"$i":"month-9-long","$v":"ottobre"},{"$i":"month-10-long","$v":"novembre"},{"$i":"month-11-long","$v":"dicembre"},{"$i":"month-0-genitive","$v":"gennaio"},{"$i":"month-1-genitive","$v":"febbraio"},{"$i":"month-2-genitive","$v":"marzo"},{"$i":"month-3-genitive","$v":"aprile"},{"$i":"month-4-genitive","$v":"maggio"},{"$i":"month-5-genitive","$v":"giugno"},{"$i":"month-6-genitive","$v":"luglio"},{"$i":"month-7-genitive","$v":"agosto"},{"$i":"month-8-genitive","$v":"settembre"},{"$i":"month-9-genitive","$v":"ottobre"},{"$i":"month-10-genitive","$v":"novembre"},{"$i":"month-11-genitive","$v":"dicembre"},{"$i":"month-0-short","$v":"gen"},{"$i":"month-1-short","$v":"feb"},{"$i":"month-2-short","$v":"mar"},{"$i":"month-3-short","$v":"apr"},{"$i":"month-4-short","$v":"mag"},{"$i":"month-5-short","$v":"giu"},{"$i":"month-6-short","$v":"lug"},{"$i":"month-7-short","$v":"ago"},{"$i":"month-8-short","$v":"set"},{"$i":"month-9-short","$v":"ott"},{"$i":"month-10-short","$v":"nov"},{"$i":"month-11-short","$v":"dic"},{"$i":"minutes-ago-long","$v":{"zero":"adesso","one":"un minuto fa","two":[{"t":"idOrVar","v":"value"}," minuti fa"],"few":[{"t":"idOrVar","v":"value"}," minuti fa"],"many":[{"t":"idOrVar","v":"value"}," minuti fa"],"other":[{"t":"idOrVar","v":"value"}," minuti fa"]},"$x":[{"t":"idOrVar","v":"plural"},"value"]},{"$i":"hours-ago-long","$v":{"zero":"adesso","one":"un’ora fa","two":[{"t":"idOrVar","v":"value"}," ore fa"],"few":[{"t":"idOrVar","v":"value"}," ore fa"],"many":[{"t":"idOrVar","v":"value"}," ore fa"],"other":[{"t":"idOrVar","v":"value"}," ore fa"]},"$x":[{"t":"idOrVar","v":"plural"},"value"]},{"$i":"days-ago-long","$v":{"zero":"oggi","one":"ieri","two":[{"t":"idOrVar","v":"value"}," giorni fa"],"few":[{"t":"idOrVar","v":"value"}," giorni fa"],"many":[{"t":"idOrVar","v":"value"}," giorni fa"],"other":[{"t":"idOrVar","v":"value"}," giorni fa"]},"$x":[{"t":"idOrVar","v":"plural"},"value"]},{"$i":"weeks-ago-long","$v":{"zero":"questa settimana","one":"settimana scorsa","two":[{"t":"idOrVar","v":"value"}," settimane fa"],"few":[{"t":"idOrVar","v":"value"}," settimane fa"],"many":[{"t":"idOrVar","v":"value"}," settimane fa"],"other":[{"t":"idOrVar","v":"value"}," settimane fa"]},"$x":[{"t":"idOrVar","v":"plural"},"value"]},{"$i":"months-ago-long","$v":{"zero":"questo mese","one":"mese scorso","two":[{"t":"idOrVar","v":"value"}," mesi fa"],"few":[{"t":"idOrVar","v":"value"}," mesi fa"],"many":[{"t":"idOrVar","v":"value"}," mesi fa"],"other":[{"t":"idOrVar","v":"value"}," mesi fa"]},"$x":[{"t":"idOrVar","v":"plural"},"value"]},{"$i":"years-ago-long","$v":{"zero":"quest’anno","one":"anno scorso","two":[{"t":"idOrVar","v":"value"}," anni fa"],"few":[{"t":"idOrVar","v":"value"}," anni fa"],"many":[{"t":"idOrVar","v":"value"}," anni fa"],"other":[{"t":"idOrVar","v":"value"}," anni fa"]},"$x":[{"t":"idOrVar","v":"plural"},"value"]},{"$i":"minutes-until-long","$v":{"zero":"adesso","one":"tra un minuto","two":["tra ",{"t":"idOrVar","v":"value"}," minuti"],"few":["tra ",{"t":"idOrVar","v":"value"}," minuti"],"many":["tra ",{"t":"idOrVar","v":"value"}," minuti"],"other":["tra ",{"t":"idOrVar","v":"value"}," minuti"]},"$x":[{"t":"idOrVar","v":"plural"},"value"]},{"$i":"hours-until-long","$v":{"zero":"adesso","one":"tra un’ora","two":["tra ",{"t":"idOrVar","v":"value"}," ore"],"few":["tra ",{"t":"idOrVar","v":"value"}," ore"],"many":["tra ",{"t":"idOrVar","v":"value"}," ore"],"other":["tra ",{"t":"idOrVar","v":"value"}," ore"]},"$x":[{"t":"idOrVar","v":"plural"},"value"]},{"$i":"days-until-long","$v":{"zero":"oggi","one":"domani","two":["tra ",{"t":"idOrVar","v":"value"}," giorni"],"few":["tra ",{"t":"idOrVar","v":"value"}," giorni"],"many":["tra ",{"t":"idOrVar","v":"value"}," giorni"],"other":["tra ",{"t":"idOrVar","v":"value"}," giorni"]},"$x":[{"t":"idOrVar","v":"plural"},"value"]},{"$i":"weeks-until-long","$v":{"zero":"questa settimana","one":"prossima settimana","two":["tra ",{"t":"idOrVar","v":"value"}," settimane"],"few":["tra ",{"t":"idOrVar","v":"value"}," settimane"],"many":["tra ",{"t":"idOrVar","v":"value"}," settimane"],"other":["tra ",{"t":"idOrVar","v":"value"}," settimane"]},"$x":[{"t":"idOrVar","v":"plural"},"value"]},{"$i":"months-until-long","$v":{"zero":"questo mese","one":"prossimo mese","two":["in ",{"t":"idOrVar","v":"value"}," mesi"],"few":["tra ",{"t":"idOrVar","v":"value"}," mesi"],"many":["tra ",{"t":"idOrVar","v":"value"}," mesi"],"other":["in ",{"t":"idOrVar","v":"value"}," mesi"]},"$x":[{"t":"idOrVar","v":"plural"},"value"]},{"$i":"years-until-long","$v":{"zero":"quest’anno","one":"prossimo anno","two":["tra ",{"t":"idOrVar","v":"value"}," anni"],"few":["tra ",{"t":"idOrVar","v":"value"}," anni"],"many":["tra ",{"t":"idOrVar","v":"value"}," anni"],"other":["tra ",{"t":"idOrVar","v":"value"}," anni"]},"$x":[{"t":"idOrVar","v":"plural"},"value"]},{"$i":"minutes-ago-short","$v":{"zero":"adesso","other":[{"t":"idOrVar","v":"value"},"m fa"]},"$x":[{"t":"idOrVar","v":"plural"},"value"]},{"$i":"hours-ago-short","$v":{"zero":"adesso","other":[{"t":"idOrVar","v":"value"},"h fa"]},"$x":[{"t":"idOrVar","v":"plural"},"value"]},{"$i":"days-ago-short","$v":{"zero":"oggi","other":[{"t":"idOrVar","v":"value"},"g fa"]},"$x":[{"t":"idOrVar","v":"plural"},"value"]},{"$i":"minutes-until-short","$v":{"zero":"adesso","other":["tra ",{"t":"idOrVar","v":"value"},"m"]},"$x":[{"t":"idOrVar","v":"plural"},"value"]},{"$i":"hours-until-short","$v":{"zero":"adesso","other":["tra ",{"t":"idOrVar","v":"value"},"h"]},"$x":[{"t":"idOrVar","v":"plural"},"value"]},{"$i":"days-until-short","$v":{"zero":"oggi","other":["tra ",{"t":"idOrVar","v":"value"},"g"]},"$x":[{"t":"idOrVar","v":"plural"},"value"]},{"$i":"incorrectDate","$v":"(data errata)"},{"$i":"dateTimeFormat_%c","$v":"%a %e %b %Y %H:%M:%S"},{"$i":"dateTimeFormat_%x","$v":"%d/%m/%Y"},{"$i":"dateTimeFormat_%X","$v":"%H:%M:%S"},{"$i":"shortTimeFormat","$v":"%H:%M"},{"$i":"shortTimeFormat12","$v":"%I:%M %p"},{"$i":"shortTimeFormat24","$v":"%H:%M"},{"$i":"shortDateTimeFormat","$v":"%x %H:%M"},{"$i":"weekStartsOnMonday","$v":"1"},{"$i":"firstDayOfTheWeek","$v":"1"},{"$i":"time_am","$v":"AM"},{"$i":"time_pm","$v":"PM"},{"$i":"stopped_download_title","$v":"Download interrotto"},{"$i":"stopped_download_message","$v":"Download interrotto. Riprovare?"},{"$i":"stopped_download_left_button","$v":"Annulla"},{"$i":"stopped_download_right_button","$v":"Riprova"},{"$i":"failed_download_title","$v":"Download non riuscito"},{"$i":"failed_download_message","$v":["Impossibile scaricare ",{"t":"idOrVar","v":"name"},". Riprovare?"]},{"$i":"failed_download_left_button","$v":"Annulla"},{"$i":"failed_download_right_button","$v":"Riprova"},{"$i":"stop_download_title","$v":"Interrompi download"},{"$i":"stop_download_message","$v":"interrompere il download?"},{"$i":"stop_download_left_button","$v":"No"},{"$i":"stop_download_right_button","$v":"Sì"},{"$i":"delete_download_title","$v":"Elimina"},{"$i":"delete_download_message","$v":["Eliminare ",{"t":"idOrVar","v":"name"},"?"]},{"$i":"delete_download_left_button","$v":"Annulla"},{"$i":"delete_download_right_button","$v":"Elimina"},{"$i":"delete_all_download_title","$v":"Elimina"},{"$i":"delete_all_download_left_button","$v":"Annulla"},{"$i":"delete_all_download_right_button","$v":"Elimina"},{"$i":"delete_all_download_message","$v":{"zero":"Eliminare i file?","one":"Eliminare un file?","two":["Eliminare ",{"t":"idOrVar","v":"number"}," file?"],"few":["Eliminare ",{"t":"idOrVar","v":"number"}," file?"],"many":["Eliminare ",{"t":"idOrVar","v":"number"}," file?"],"other":["Eliminare ",{"t":"idOrVar","v":"number"}," file?"]},"$x":[{"t":"idOrVar","v":"plural"},"number"]},{"$i":"unsupported_file_type_download_title","$v":"Errore apertura"},{"$i":"unsupported_file_type_download_message","$v":["Non esiste un’app per aprire ",{"t":"idOrVar","v":"name"},". Salvare il file o eliminarlo?"]},{"$i":"unsupported_file_type_download_left_button","$v":"Mantieni file"},{"$i":"unsupported_file_type_download_right_button","$v":"Elimina"},{"$i":"file_not_found_download_title","$v":"File non trovato"},{"$i":"file_not_found_download_message","$v":"File non trovato sul dispositivo"},{"$i":"file_not_found_download_right_button","$v":"OK"},{"$i":"unmounted_sdcard_2_download_title","$v":"Scheda di memoria in uso"},{"$i":"unmounted_sdcard_2_download_message","$v":"Disconnettere il telefono"},{"$i":"unmounted_sdcard_2_download_right_button","$v":"OK"},{"$i":"no_provider_download_title","$v":"Errore condivisione"},{"$i":"no_provider_download_message","$v":"Nessun fornitore disponibile"},{"$i":"no_provider_download_right_button","$v":"OK"},{"$i":"no_memory_download_title","$v":"Spazio insufficiente"},{"$i":"no_memory_download_message","$v":"Spazio disponibile sulla scheda di memoria insufficiente per salvare il download. Rimuovere dei file prima di riprovare l’operazione."},{"$i":"no_memory_download_right_button","$v":"OK"},{"$i":"no_sdcard_found_2_download_title","$v":"Scheda di memoria non disponibile"},{"$i":"no_sdcard_found_2_download_message","$v":"Inserire una scheda di memoria o selezionare un diverso percorso predefinito di archiviazione nelle impostazioni."},{"$i":"no_sdcard_found_2_download_right_button","$v":"OK"},{"$i":"file_open_error_download_title","$v":"Errore apertura"},{"$i":"file_open_error_download_message","$v":["Si è verificato un problema durante l’apertura di ",{"t":"idOrVar","v":"name"},". Salvare il file o eliminarlo?"]},{"$i":"file_open_error_download_left_button","$v":"Mantieni file"},{"$i":"file_open_error_download_right_button","$v":"Elimina"},{"$i":"restart_download_error","$v":"Si è verificato un errore durante il riavvio del download. Riprovare nuovamente il download."},{"$i":"no-downloads","$v":"Nessun download"},{"$i":"byteUnit-B","$v":"B"},{"$i":"byteUnit-KB","$v":"kB"},{"$i":"byteUnit-MB","$v":"MB"},{"$i":"byteUnit-GB","$v":"GB"},{"$i":"byteUnit-TB","$v":"TB"},{"$i":"fileSize","$v":[{"t":"idOrVar","v":"size"}," ",{"t":"idOrVar","v":"unit"}]},{"$i":"percentage","$v":[{"t":"idOrVar","v":"percentage"}," %"]},{"$i":"partialResult","$v":[{"t":"idOrVar","v":"partial"}," di ",{"t":"idOrVar","v":"total"}]},{"$i":"summary","$v":[{"t":"idOrVar","v":"date"}," - ",{"t":"idOrVar","v":"status"}]},{"$i":"download-stopped","$v":"Interrotto"},{"$i":"download-failed","$v":"Download non riuscito"},{"$i":"open_downloaded_file","$v":"Apri"},{"$i":"share_downloaded_file","$v":"Condividi"},{"$i":"wallpaper_downloaded_file","$v":"Usa come sfondo"},{"$i":"ringtone_downloaded_file","$v":"Usa come suoneria"},{"$i":"cancel_downloaded_file","$v":"Annulla"},{"$i":"select-download","$v":"Seleziona download"}]