[{"$i":"weekday-0-long","$v":"អាទិត្យ"},{"$i":"weekday-1-long","$v":"ច័ន្ទ"},{"$i":"weekday-2-long","$v":"អង្គារ"},{"$i":"weekday-3-long","$v":"ពុធ"},{"$i":"weekday-4-long","$v":"ព្រហស្បតិ៍"},{"$i":"weekday-5-long","$v":"សុក្រ"},{"$i":"weekday-6-long","$v":"សៅរ៍"},{"$i":"weekday-0-short","$v":"អាទិត្យ"},{"$i":"weekday-1-short","$v":"ច័ន្ទ"},{"$i":"weekday-2-short","$v":"អង្គារ"},{"$i":"weekday-3-short","$v":"ពុធ"},{"$i":"weekday-4-short","$v":"ព្រហស្បតិ៍"},{"$i":"weekday-5-short","$v":"សុក្រ"},{"$i":"weekday-6-short","$v":"សៅរ៍"},{"$i":"month-0-long","$v":"មករា"},{"$i":"month-1-long","$v":"កុម្ភៈ"},{"$i":"month-2-long","$v":"មីនា"},{"$i":"month-3-long","$v":"មេសា"},{"$i":"month-4-long","$v":"ឧសភា"},{"$i":"month-5-long","$v":"មិថុនា"},{"$i":"month-6-long","$v":"កក្កដា"},{"$i":"month-7-long","$v":"សីហា"},{"$i":"month-8-long","$v":"កញ្ញា"},{"$i":"month-9-long","$v":"តុលា"},{"$i":"month-10-long","$v":"វិច្ឆិកា"},{"$i":"month-11-long","$v":"ធ្នូ"},{"$i":"month-0-genitive","$v":"មករា"},{"$i":"month-1-genitive","$v":"កុម្ភៈ"},{"$i":"month-2-genitive","$v":"មីនា"},{"$i":"month-3-genitive","$v":"មេសា"},{"$i":"month-4-genitive","$v":"ឧសភា"},{"$i":"month-5-genitive","$v":"មិថុនា"},{"$i":"month-6-genitive","$v":"កក្កដា"},{"$i":"month-7-genitive","$v":"សីហា"},{"$i":"month-8-genitive","$v":"កញ្ញា"},{"$i":"month-9-genitive","$v":"តុលា"},{"$i":"month-10-genitive","$v":"វិច្ឆិកា"},{"$i":"month-11-genitive","$v":"ធ្នូ"},{"$i":"month-0-short","$v":"មករា"},{"$i":"month-1-short","$v":"កុម្ភៈ"},{"$i":"month-2-short","$v":"មីនា"},{"$i":"month-3-short","$v":"មេសា"},{"$i":"month-4-short","$v":"ឧសភា"},{"$i":"month-5-short","$v":"មិថុនា"},{"$i":"month-6-short","$v":"កក្កដា"},{"$i":"month-7-short","$v":"សីហា"},{"$i":"month-8-short","$v":"កញ្ញា"},{"$i":"month-9-short","$v":"តុលា"},{"$i":"month-10-short","$v":"វិច្ឆិកា"},{"$i":"month-11-short","$v":"ធ្នូ"},{"$i":"minutes-ago-long","$v":{"zero":"អម្បាញ់មិញនេះ","one":"មួយ​នាទី​មុន","two":[{"t":"idOrVar","v":"value"}," នាទី​មុន"],"few":[{"t":"idOrVar","v":"value"}," នាទី​មុន"],"many":[{"t":"idOrVar","v":"value"}," នាទី​មុន"],"other":[{"t":"idOrVar","v":"value"}," នាទី​មុន"]},"$x":[{"t":"idOrVar","v":"plural"},"value"]},{"$i":"hours-ago-long","$v":{"zero":"អម្បាញ់មិញនេះ","one":"មួយ​ម៉ោង​មុន","two":[{"t":"idOrVar","v":"value"}," ម៉ោង​មុន"],"few":[{"t":"idOrVar","v":"value"}," ម៉ោង​មុន"],"many":[{"t":"idOrVar","v":"value"}," ម៉ោង​មុន"],"other":[{"t":"idOrVar","v":"value"}," ម៉ោង​មុន"]},"$x":[{"t":"idOrVar","v":"plural"},"value"]},{"$i":"days-ago-long","$v":{"zero":"ថ្ងៃ​នេះ","one":"ម្សិលមិញ","two":[{"t":"idOrVar","v":"value"}," ថ្ងៃ​មុន"],"few":[{"t":"idOrVar","v":"value"}," ថ្ងៃ​មុន"],"many":[{"t":"idOrVar","v":"value"}," ថ្ងៃ​មុន"],"other":[{"t":"idOrVar","v":"value"}," ថ្ងៃ​មុន"]},"$x":[{"t":"idOrVar","v":"plural"},"value"]},{"$i":"weeks-ago-long","$v":{"zero":"សប្ដាហ៍​នេះ","one":"សប្ដាហ៍​មុន","two":[{"t":"idOrVar","v":"value"}," សប្ដាហ៍​មុន"],"few":[{"t":"idOrVar","v":"value"}," សប្ដាហ៍​មុន"],"many":[{"t":"idOrVar","v":"value"}," សប្ដាហ៍​មុន"],"other":[{"t":"idOrVar","v":"value"}," សប្ដាហ៍​មុន"]},"$x":[{"t":"idOrVar","v":"plural"},"value"]},{"$i":"months-ago-long","$v":{"zero":"ខែ​នេះ","one":"ខែ​មុន","two":[{"t":"idOrVar","v":"value"}," ខែ​មុន"],"few":[{"t":"idOrVar","v":"value"}," ខែ​មុន"],"many":[{"t":"idOrVar","v":"value"}," ខែ​មុន"],"other":[{"t":"idOrVar","v":"value"}," ខែ​មុន"]},"$x":[{"t":"idOrVar","v":"plural"},"value"]},{"$i":"years-ago-long","$v":{"zero":"ឆ្នាំនេះ","one":"ឆ្នាំ​មុន","two":[{"t":"idOrVar","v":"value"}," ឆ្នាំ​មុន"],"few":[{"t":"idOrVar","v":"value"}," ឆ្នាំ​មុន"],"many":[{"t":"idOrVar","v":"value"}," ឆ្នាំ​មុន"],"other":[{"t":"idOrVar","v":"value"}," ឆ្នាំ​មុន"]},"$x":[{"t":"idOrVar","v":"plural"},"value"]},{"$i":"minutes-until-long","$v":{"zero":"ឥឡូវ","one":"ក្នុង​ពេល​មួយ​នាទី","two":["ក្នុង​ពេល ",{"t":"idOrVar","v":"value"}," នាទី"],"few":["ក្នុង​ពេល ",{"t":"idOrVar","v":"value"}," នាទី"],"many":["ក្នុង​ពេល​ ",{"t":"idOrVar","v":"value"}," នាទី​"],"other":["ក្នុង​ពេល ",{"t":"idOrVar","v":"value"}," នាទី"]},"$x":[{"t":"idOrVar","v":"plural"},"value"]},{"$i":"hours-until-long","$v":{"zero":"ឥឡូវ","one":"ក្នុង​រយៈពេល​១​ម៉ោង","two":["ក្នុង​ពេល​​ ",{"t":"idOrVar","v":"value"}," ម៉ោង"],"few":["ក្នុង​ពេល​​ ",{"t":"idOrVar","v":"value"}," ម៉ោង"],"many":["ក្នុង​ពេល​​ ",{"t":"idOrVar","v":"value"}," ម៉ោង"],"other":["ក្នុង​ពេល​​ ",{"t":"idOrVar","v":"value"}," ម៉ោង"]},"$x":[{"t":"idOrVar","v":"plural"},"value"]},{"$i":"days-until-long","$v":{"zero":"ថ្ងៃ​នេះ","one":"ថ្ងៃស្អែក","two":["ក្នុង​ពេល​​ ",{"t":"idOrVar","v":"value"}," ថ្ងៃ"],"few":["ក្នុង​ពេល​​ ",{"t":"idOrVar","v":"value"}," ថ្ងៃ"],"many":["ក្នុង​ពេល​​ ",{"t":"idOrVar","v":"value"}," ថ្ងៃ"],"other":["ក្នុង​ពេល​​ ",{"t":"idOrVar","v":"value"}," ថ្ងៃ"]},"$x":[{"t":"idOrVar","v":"plural"},"value"]},{"$i":"weeks-until-long","$v":{"zero":"សប្ដាហ៍​នេះ","one":"សប្ដាហ៍​ក្រោយ","two":["ក្នុង​ពេល ",{"t":"idOrVar","v":"value"}," សប្ដាហ៍"],"few":["ក្នុង​ពេល ",{"t":"idOrVar","v":"value"}," សប្ដាហ៍"],"many":["ក្នុង​ពេល ",{"t":"idOrVar","v":"value"}," សប្ដាហ៍"],"other":["ក្នុង​ពេល ",{"t":"idOrVar","v":"value"}," សប្ដាហ៍"]},"$x":[{"t":"idOrVar","v":"plural"},"value"]},{"$i":"months-until-long","$v":{"zero":"ខែ​នេះ","one":"ខែ​ក្រោយ","two":["ក្នុង​ពេល ",{"t":"idOrVar","v":"value"}," ខែ"],"few":["ក្នុង​ពេល ",{"t":"idOrVar","v":"value"}," ខែ"],"many":["ក្នុង​ពេល ",{"t":"idOrVar","v":"value"}," ខែ"],"other":["ក្នុង​ពេល ",{"t":"idOrVar","v":"value"}," ខែ"]},"$x":[{"t":"idOrVar","v":"plural"},"value"]},{"$i":"years-until-long","$v":{"zero":"ឆ្នាំនេះ","one":"ឆ្នាំ​ក្រោយ","two":["ក្នុង​ពេល ",{"t":"idOrVar","v":"value"}," ឆ្នាំ"],"few":["ក្នុង​ពេល ",{"t":"idOrVar","v":"value"}," ឆ្នាំ"],"many":["ក្នុង​ពេល ",{"t":"idOrVar","v":"value"}," ឆ្នាំ"],"other":["ក្នុង​ពេល ",{"t":"idOrVar","v":"value"}," ឆ្នាំ"]},"$x":[{"t":"idOrVar","v":"plural"},"value"]},{"$i":"minutes-ago-short","$v":{"zero":"អម្បាញ់មិញនេះ","other":[{"t":"idOrVar","v":"value"},"នាទី​មុន"]},"$x":[{"t":"idOrVar","v":"plural"},"value"]},{"$i":"hours-ago-short","$v":{"zero":"អម្បាញ់មិញនេះ","other":[{"t":"idOrVar","v":"value"},"ម៉ោង​មុន"]},"$x":[{"t":"idOrVar","v":"plural"},"value"]},{"$i":"days-ago-short","$v":{"zero":"ថ្ងៃ​នេះ","other":[{"t":"idOrVar","v":"value"},"ថ្ងៃ​មុន"]},"$x":[{"t":"idOrVar","v":"plural"},"value"]},{"$i":"minutes-until-short","$v":{"zero":"ឥឡូវ","other":["ក្នុង​ពេល ",{"t":"idOrVar","v":"value"},"នាទី"]},"$x":[{"t":"idOrVar","v":"plural"},"value"]},{"$i":"hours-until-short","$v":{"zero":"ឥឡូវ","other":["ក្នុង​ពេល ",{"t":"idOrVar","v":"value"},"ម៉ោង"]},"$x":[{"t":"idOrVar","v":"plural"},"value"]},{"$i":"days-until-short","$v":{"zero":"ថ្ងៃ​នេះ","other":["ក្នុង​ពេល ",{"t":"idOrVar","v":"value"},"ថ្ងៃ"]},"$x":[{"t":"idOrVar","v":"plural"},"value"]},{"$i":"incorrectDate","$v":"(កាលបរិច្ឆេទ​មិន​ត្រឹមត្រូវ)"},{"$i":"dateTimeFormat_%c","$v":"%a %b %e %Y %I:%M:%S %p"},{"$i":"dateTimeFormat_%x","$v":"%m/%d/%Y"},{"$i":"dateTimeFormat_%X","$v":"%I:%M:%S %p"},{"$i":"shortTimeFormat","$v":"%I:%M %p"},{"$i":"shortTimeFormat12","$v":"%I:%M %p"},{"$i":"shortTimeFormat24","$v":"%H:%M"},{"$i":"shortDateTimeFormat","$v":"%x %I:%M %p"},{"$i":"weekStartsOnMonday","$v":"0"},{"$i":"firstDayOfTheWeek","$v":"0"},{"$i":"time_am","$v":"ព្រឹក"},{"$i":"time_pm","$v":"PM"},{"$i":"stopped_download_title","$v":"បាន​បឈ្ឈប់​ការ​ទាញ​យក"},{"$i":"stopped_download_message","$v":"ការទាញ​យក​ត្រូវ​បាន​បញ្ឈប់។ ព្យាយាម​ទាញយក​ម្ដង​ទៀត?"},{"$i":"stopped_download_left_button","$v":"បោះបង់"},{"$i":"stopped_download_right_button","$v":"ព្យាយាម​ម្ដង​ទៀត"},{"$i":"failed_download_title","$v":"ការ​ទាញយក​បាន​បរាជ័យ"},{"$i":"failed_download_message","$v":["ការ​ទាញ​យក ",{"t":"idOrVar","v":"name"}," បាន​បរាជ័យ។ ព្យាយាម​​ទាញ​យក​ម្ដង​ទៀត?"]},{"$i":"failed_download_left_button","$v":"បោះបង់"},{"$i":"failed_download_right_button","$v":"ព្យាយាម​ម្ដង​ទៀត"},{"$i":"stop_download_title","$v":"បញ្ឈប់​ការ​ទាញ​យក"},{"$i":"stop_download_message","$v":"តើ​អ្នក​ប្រាកដ​ជា​ចង់​បញ្ឈប់​ការ​ទាញ​យ​ក?"},{"$i":"stop_download_left_button","$v":"ទេ"},{"$i":"stop_download_right_button","$v":"បាទ/ចាស"},{"$i":"delete_download_title","$v":"លុប"},{"$i":"delete_download_message","$v":["លុប ",{"t":"idOrVar","v":"name"},"?"]},{"$i":"delete_download_left_button","$v":"បោះបង់"},{"$i":"delete_download_right_button","$v":"​លុប​"},{"$i":"delete_all_download_title","$v":"លុប"},{"$i":"delete_all_download_left_button","$v":"បោះបង់"},{"$i":"delete_all_download_right_button","$v":"លុប"},{"$i":"delete_all_download_message","$v":{"zero":"គ្មាន​ឯកសារ​លុប?","one":"គ្មាន​ឯកសារ​លុប?","two":["លុប​ឯកសារ ",{"t":"idOrVar","v":"number"}," ?"],"few":["លុប​ឯកសារ ",{"t":"idOrVar","v":"number"}," ?"],"many":["លុប​ឯកសារ ",{"t":"idOrVar","v":"number"}," ?"],"other":["លុប​ឯកសារ ",{"t":"idOrVar","v":"number"}," ?"]},"$x":[{"t":"idOrVar","v":"plural"},"number"]},{"$i":"unsupported_file_type_download_title","$v":"មិន​អាច​បើក"},{"$i":"unsupported_file_type_download_message","$v":["មិន​មាន​កម្មវិធី​ដែល​អាច​បើក ",{"t":"idOrVar","v":"name"}," ។ តើ​អ្នក​​ចង់​រក្សាទុក​ឯកសារ ឬ​លុប​វា?"]},{"$i":"unsupported_file_type_download_left_button","$v":"រក្សាទុក​ឯកសារ"},{"$i":"unsupported_file_type_download_right_button","$v":"​លុប​"},{"$i":"file_not_found_download_title","$v":"រក​មិន​ឃើញ​ឯកសារ"},{"$i":"file_not_found_download_message","$v":"រក​មិន​ឃើញ​ឯកសារ​លើ​ឧបករណ៍"},{"$i":"file_not_found_download_right_button","$v":"យល់ព្រម"},{"$i":"unmounted_sdcard_2_download_title","$v":"កាត​អង្គ​ចងចាំ​កំពុង​ប្រើ"},{"$i":"unmounted_sdcard_2_download_message","$v":"ដក​ទូរស័ព្ទ"},{"$i":"unmounted_sdcard_2_download_right_button","$v":"យល់ព្រម"},{"$i":"no_provider_download_title","$v":"មិន​អាច​ចែករំលែក"},{"$i":"no_provider_download_message","$v":"រកមិន​ឃើញ​ក្រុមហ៊ុន​ផ្ដល់"},{"$i":"no_provider_download_right_button","$v":"យល់ព្រម"},{"$i":"no_memory_download_title","$v":"SD កាត​​ពេញ"},{"$i":"no_memory_download_message","$v":"មិន​មាន​បន្ទប់​ច្រើន​នៅ​លើ​ SD កាត​​របស់​អ្នក​ដើម្បី​រក្សាទុក​ការ​ទាញ​យក​របស់​អ្នក​ឡើយ។ សូម​លុប​ឯកសារ​មួយ​ចំនួន​ចេញ​មុន​ពេល​ចាប់ផ្ដើម​ទាញ​យក។"},{"$i":"no_memory_download_right_button","$v":"យល់ព្រម"},{"$i":"no_sdcard_found_2_download_title","$v":"រក​មិន​ឃើញ​កាត​អង្គ​ចងចាំ"},{"$i":"no_sdcard_found_2_download_message","$v":"បញ្ចូល​កាត​ទូរស័ព្ទ ឬ​ជ្រើស​មេឌៀ​លំនាំដើម​ជំនួស​ទីតាំង​ក្នុង​ការ​កំណត់"},{"$i":"no_sdcard_found_2_download_right_button","$v":"យល់ព្រម"},{"$i":"file_open_error_download_title","$v":"មិនអាច​បើក"},{"$i":"file_open_error_download_message","$v":["មាន​បញ្ហា​ក្នុង​ការ​បើក ",{"t":"idOrVar","v":"name"}," ។ តើ​អ្នក​ចង់​រក្សាទុក​ឯកសារ ឬ​លុប​វា?"]},{"$i":"file_open_error_download_left_button","$v":"រក្សាទុក​ឯកសារ"},{"$i":"file_open_error_download_right_button","$v":"​លុប​"},{"$i":"restart_download_error","$v":"មាន​កំហុស​ខណៈ​ដែល​ចាប់ផ្ដើម​ការ​ទាញយក​ឡើងវិញ។ សូម​ព្យាយាម​ទាញយក​ម្ដង​ទៀត។"},{"$i":"no-downloads","$v":"គ្មាន​ការ​ទាញ​យក​"},{"$i":"byteUnit-B","$v":"B"},{"$i":"byteUnit-KB","$v":"KB"},{"$i":"byteUnit-MB","$v":"MB"},{"$i":"byteUnit-GB","$v":"GB"},{"$i":"byteUnit-TB","$v":"TB"},{"$i":"fileSize","$v":[{"t":"idOrVar","v":"size"}," ",{"t":"idOrVar","v":"unit"}]},{"$i":"percentage","$v":[{"t":"idOrVar","v":"percentage"}," %"]},{"$i":"partialResult","$v":[{"t":"idOrVar","v":"partial"}," នៃ ",{"t":"idOrVar","v":"total"}]},{"$i":"summary","$v":[{"t":"idOrVar","v":"date"}," - ",{"t":"idOrVar","v":"status"}]},{"$i":"download-stopped","$v":"បាន​បញ្ឈប់"},{"$i":"download-failed","$v":"ការ​ទាញ​យក​បាន​បរាជ័យ"},{"$i":"open_downloaded_file","$v":"បើក​"},{"$i":"share_downloaded_file","$v":"ចែក​រំលែក"},{"$i":"wallpaper_downloaded_file","$v":"កំណត់​ជា​ផ្ទាំង​រូបភាព"},{"$i":"ringtone_downloaded_file","$v":"កំណត់​ជា​សំឡេង​រោទ៍"},{"$i":"cancel_downloaded_file","$v":"បោះបង់"},{"$i":"select-download","$v":"Select download"}]