[{"$i":"weekday-0-long","$v":"일요일"},{"$i":"weekday-1-long","$v":"월요일"},{"$i":"weekday-2-long","$v":"화요일"},{"$i":"weekday-3-long","$v":"수요일"},{"$i":"weekday-4-long","$v":"목요일"},{"$i":"weekday-5-long","$v":"금요일"},{"$i":"weekday-6-long","$v":"토요일"},{"$i":"weekday-0-short","$v":"일"},{"$i":"weekday-1-short","$v":"월"},{"$i":"weekday-2-short","$v":"화"},{"$i":"weekday-3-short","$v":"수"},{"$i":"weekday-4-short","$v":"목"},{"$i":"weekday-5-short","$v":"금"},{"$i":"weekday-6-short","$v":"토"},{"$i":"month-0-long","$v":"1월"},{"$i":"month-1-long","$v":"2월"},{"$i":"month-2-long","$v":"3월"},{"$i":"month-3-long","$v":"4월"},{"$i":"month-4-long","$v":"5월"},{"$i":"month-5-long","$v":"6월"},{"$i":"month-6-long","$v":"7월"},{"$i":"month-7-long","$v":"8월"},{"$i":"month-8-long","$v":"9월"},{"$i":"month-9-long","$v":"10월"},{"$i":"month-10-long","$v":"11월"},{"$i":"month-11-long","$v":"12월"},{"$i":"month-0-genitive","$v":"1월"},{"$i":"month-1-genitive","$v":"2월"},{"$i":"month-2-genitive","$v":"3월"},{"$i":"month-3-genitive","$v":"4월"},{"$i":"month-4-genitive","$v":"5월"},{"$i":"month-5-genitive","$v":"6월"},{"$i":"month-6-genitive","$v":"7월"},{"$i":"month-7-genitive","$v":"8월"},{"$i":"month-8-genitive","$v":"9월"},{"$i":"month-9-genitive","$v":"10월"},{"$i":"month-10-genitive","$v":"11월"},{"$i":"month-11-genitive","$v":"12월"},{"$i":"month-0-short","$v":"1월"},{"$i":"month-1-short","$v":"2월"},{"$i":"month-2-short","$v":"3월"},{"$i":"month-3-short","$v":"4월"},{"$i":"month-4-short","$v":"5월"},{"$i":"month-5-short","$v":"6월"},{"$i":"month-6-short","$v":"7월"},{"$i":"month-7-short","$v":"8월"},{"$i":"month-8-short","$v":"9월"},{"$i":"month-9-short","$v":"10월"},{"$i":"month-10-short","$v":"11월"},{"$i":"month-11-short","$v":"12월"},{"$i":"minutes-ago-long","$v":{"zero":"지금","one":"1분 전","two":[{"t":"idOrVar","v":"value"},"분 전"],"few":[{"t":"idOrVar","v":"value"},"분 전"],"many":[{"t":"idOrVar","v":"value"},"분 전"],"other":[{"t":"idOrVar","v":"value"},"분 전"]},"$x":[{"t":"idOrVar","v":"plural"},"value"]},{"$i":"hours-ago-long","$v":{"zero":"지금","one":"1시간 전","two":[{"t":"idOrVar","v":"value"},"시간 전"],"few":[{"t":"idOrVar","v":"value"},"시간 전"],"many":[{"t":"idOrVar","v":"value"},"시간 전"],"other":[{"t":"idOrVar","v":"value"},"시간 전"]},"$x":[{"t":"idOrVar","v":"plural"},"value"]},{"$i":"days-ago-long","$v":{"zero":"오늘","one":"어제","two":[{"t":"idOrVar","v":"value"},"일 전"],"few":[{"t":"idOrVar","v":"value"},"일 전"],"many":[{"t":"idOrVar","v":"value"},"일 전"],"other":[{"t":"idOrVar","v":"value"},"일 전"]},"$x":[{"t":"idOrVar","v":"plural"},"value"]},{"$i":"weeks-ago-long","$v":{"zero":"이번 주","one":"지난 주","two":[{"t":"idOrVar","v":"value"},"주 전"],"few":[{"t":"idOrVar","v":"value"},"주 전"],"many":[{"t":"idOrVar","v":"value"},"주 전"],"other":[{"t":"idOrVar","v":"value"},"주 전"]},"$x":[{"t":"idOrVar","v":"plural"},"value"]},{"$i":"months-ago-long","$v":{"zero":"이번 달","one":"지난 달","two":[{"t":"idOrVar","v":"value"},"개월 전"],"few":[{"t":"idOrVar","v":"value"},"개월 전"],"many":[{"t":"idOrVar","v":"value"},"개월 전"],"other":[{"t":"idOrVar","v":"value"},"개월 전"]},"$x":[{"t":"idOrVar","v":"plural"},"value"]},{"$i":"years-ago-long","$v":{"zero":"올해","one":"작년","two":[{"t":"idOrVar","v":"value"},"년 전"],"few":[{"t":"idOrVar","v":"value"},"년 전"],"many":[{"t":"idOrVar","v":"value"},"년 전"],"other":[{"t":"idOrVar","v":"value"},"년 전"]},"$x":[{"t":"idOrVar","v":"plural"},"value"]},{"$i":"minutes-until-long","$v":{"zero":"지금","one":"1분 후","two":[{"t":"idOrVar","v":"value"},"분 후"],"few":[{"t":"idOrVar","v":"value"},"분 후"],"many":[{"t":"idOrVar","v":"value"},"분 후"],"other":[{"t":"idOrVar","v":"value"},"분 후"]},"$x":[{"t":"idOrVar","v":"plural"},"value"]},{"$i":"hours-until-long","$v":{"zero":"지금","one":"한 시간 후","two":[{"t":"idOrVar","v":"value"},"시간 후"],"few":[{"t":"idOrVar","v":"value"},"시간 후"],"many":[{"t":"idOrVar","v":"value"},"시간 후"],"other":[{"t":"idOrVar","v":"value"},"시간 후"]},"$x":[{"t":"idOrVar","v":"plural"},"value"]},{"$i":"days-until-long","$v":{"zero":"오늘","one":"내일","two":[{"t":"idOrVar","v":"value"},"일 후"],"few":[{"t":"idOrVar","v":"value"},"일 후"],"many":[{"t":"idOrVar","v":"value"},"일 후"],"other":[{"t":"idOrVar","v":"value"},"일 후"]},"$x":[{"t":"idOrVar","v":"plural"},"value"]},{"$i":"weeks-until-long","$v":{"zero":"이번 주","one":"다음 주","two":[{"t":"idOrVar","v":"value"},"주 후"],"few":[{"t":"idOrVar","v":"value"},"주 후"],"many":[{"t":"idOrVar","v":"value"},"주 후"],"other":[{"t":"idOrVar","v":"value"},"주 후"]},"$x":[{"t":"idOrVar","v":"plural"},"value"]},{"$i":"months-until-long","$v":{"zero":"이번 달","one":"다음 달","two":[{"t":"idOrVar","v":"value"},"개월 후"],"few":[{"t":"idOrVar","v":"value"},"개월 후"],"many":[{"t":"idOrVar","v":"value"},"개월 후"],"other":[{"t":"idOrVar","v":"value"},"개월 후"]},"$x":[{"t":"idOrVar","v":"plural"},"value"]},{"$i":"years-until-long","$v":{"zero":"올해","one":"내년","two":[{"t":"idOrVar","v":"value"},"년 후"],"few":[{"t":"idOrVar","v":"value"},"년 후"],"many":[{"t":"idOrVar","v":"value"},"년 후"],"other":[{"t":"idOrVar","v":"value"},"년 후"]},"$x":[{"t":"idOrVar","v":"plural"},"value"]},{"$i":"minutes-ago-short","$v":{"zero":"지금","other":[{"t":"idOrVar","v":"value"},"분 전"]},"$x":[{"t":"idOrVar","v":"plural"},"value"]},{"$i":"hours-ago-short","$v":{"zero":"지금","other":[{"t":"idOrVar","v":"value"},"시간 전"]},"$x":[{"t":"idOrVar","v":"plural"},"value"]},{"$i":"days-ago-short","$v":{"zero":"오늘","other":[{"t":"idOrVar","v":"value"},"일 전"]},"$x":[{"t":"idOrVar","v":"plural"},"value"]},{"$i":"minutes-until-short","$v":{"zero":"지금","other":[{"t":"idOrVar","v":"value"},"분 후"]},"$x":[{"t":"idOrVar","v":"plural"},"value"]},{"$i":"hours-until-short","$v":{"zero":"지금","other":[{"t":"idOrVar","v":"value"},"시간 후"]},"$x":[{"t":"idOrVar","v":"plural"},"value"]},{"$i":"days-until-short","$v":{"zero":"오늘","other":[{"t":"idOrVar","v":"value"},"일 후"]},"$x":[{"t":"idOrVar","v":"plural"},"value"]},{"$i":"incorrectDate","$v":"(잘못된 날짜)"},{"$i":"dateTimeFormat_%c","$v":"%Y년 %B %e일 %a %I:%M:%S %p"},{"$i":"dateTimeFormat_%x","$v":"%Y/%m/%d"},{"$i":"dateTimeFormat_%X","$v":"%I:%M:%S %p"},{"$i":"shortTimeFormat","$v":"%I:%M %p"},{"$i":"shortTimeFormat12","$v":"%I:%M %p"},{"$i":"shortTimeFormat24","$v":"%H:%M"},{"$i":"shortDateTimeFormat","$v":"%x %I:%M %p"},{"$i":"weekStartsOnMonday","$v":"0"},{"$i":"firstDayOfTheWeek","$v":"0"},{"$i":"time_am","$v":"오전"},{"$i":"time_pm","$v":"오후"},{"$i":"stopped_download_title","$v":"다운로드 중지"},{"$i":"stopped_download_message","$v":"다운로드가 중지되었습니다. 다시 시작하시겠습니까?"},{"$i":"stopped_download_left_button","$v":"취소"},{"$i":"stopped_download_right_button","$v":"다시 시도"},{"$i":"failed_download_title","$v":"다운로드 실패"},{"$i":"failed_download_message","$v":[{"t":"idOrVar","v":"name"}," 다운로드에 실패했습니다. 다시 시작하시겠습니까?"]},{"$i":"failed_download_left_button","$v":"취소"},{"$i":"failed_download_right_button","$v":"다시 시도"},{"$i":"stop_download_title","$v":"다운로드 중지"},{"$i":"stop_download_message","$v":"정말로 다운로드를 중단하시겠습니까?"},{"$i":"stop_download_left_button","$v":"아니요"},{"$i":"stop_download_right_button","$v":"예"},{"$i":"delete_download_title","$v":"삭제"},{"$i":"delete_download_message","$v":[{"t":"idOrVar","v":"name"},"을 삭제하시겠습니까?"]},{"$i":"delete_download_left_button","$v":"취소"},{"$i":"delete_download_right_button","$v":"삭제"},{"$i":"delete_all_download_title","$v":"삭제"},{"$i":"delete_all_download_left_button","$v":"취소"},{"$i":"delete_all_download_right_button","$v":"삭제"},{"$i":"delete_all_download_message","$v":{"zero":"파일을 삭제하지 않습니다","one":"한 개의 파일을 삭제하시겠습니까?","two":[{"t":"idOrVar","v":"number"},"개의 파일을 삭제하시겠습니까?"],"few":[{"t":"idOrVar","v":"number"},"개의 파일을 삭제하시겠습니까?"],"many":[{"t":"idOrVar","v":"number"},"개의 파일을 삭제하시겠습니까?"],"other":[{"t":"idOrVar","v":"number"},"개의 파일을 삭제하시겠습니까?"]},"$x":[{"t":"idOrVar","v":"plural"},"number"]},{"$i":"unsupported_file_type_download_title","$v":"데이터가 열리지 않음"},{"$i":"unsupported_file_type_download_message","$v":[{"t":"idOrVar","v":"name"},"를 취급하는 앱이 없습니다. 파일을 저장 또는 삭제해 주십시오."]},{"$i":"unsupported_file_type_download_left_button","$v":"파일 저장"},{"$i":"unsupported_file_type_download_right_button","$v":"삭제"},{"$i":"file_not_found_download_title","$v":"파일이 없음"},{"$i":"file_not_found_download_message","$v":"기기에 파일을 찾을 수 없습니다."},{"$i":"file_not_found_download_right_button","$v":"확인"},{"$i":"unmounted_sdcard_2_download_title","$v":"메모리 카드 사용 중"},{"$i":"unmounted_sdcard_2_download_message","$v":"USB 케이블을 뽑아 주십시오."},{"$i":"unmounted_sdcard_2_download_right_button","$v":"확인"},{"$i":"no_provider_download_title","$v":"공유 제공사 없음"},{"$i":"no_provider_download_message","$v":"공유 기능 제공사를 찾을 수 없습니다."},{"$i":"no_provider_download_right_button","$v":"확인"},{"$i":"no_memory_download_title","$v":"SD카드 용량 부족"},{"$i":"no_memory_download_message","$v":"SD카드에 다운로드한 파일을 저장하기 위한 용량이 부족합니다. 다운로드를 재개하기 전에 불필요한 파일을 삭제해 주십시오."},{"$i":"no_memory_download_right_button","$v":"확인"},{"$i":"no_sdcard_found_2_download_title","$v":"메모리 카드 없음"},{"$i":"no_sdcard_found_2_download_message","$v":"메모리 카드를 삽입하거나, 환경 설정에서 기존 미디어 위치를 선택하십시오."},{"$i":"no_sdcard_found_2_download_right_button","$v":"확인"},{"$i":"file_open_error_download_title","$v":"데이터를 열 수 없음"},{"$i":"file_open_error_download_message","$v":[{"t":"idOrVar","v":"name"},"를 열때에 문제가 발생했습니다. 이를 파일에 저장 또는 삭제해 주십시오."]},{"$i":"file_open_error_download_left_button","$v":"파일에 저장"},{"$i":"file_open_error_download_right_button","$v":"삭제"},{"$i":"restart_download_error","$v":"다운로드 재시작 중에 오류가 발생했습니다. 다운로드를 다시 시도해 주십시오."},{"$i":"no-downloads","$v":"다운로드 안함"},{"$i":"byteUnit-B","$v":"B"},{"$i":"byteUnit-KB","$v":"KB"},{"$i":"byteUnit-MB","$v":"MB"},{"$i":"byteUnit-GB","$v":"GB"},{"$i":"byteUnit-TB","$v":"TB"},{"$i":"fileSize","$v":[{"t":"idOrVar","v":"size"},{"t":"idOrVar","v":"unit"}]},{"$i":"percentage","$v":[{"t":"idOrVar","v":"percentage"},"%"]},{"$i":"partialResult","$v":[{"t":"idOrVar","v":"partial"},"/",{"t":"idOrVar","v":"total"}]},{"$i":"summary","$v":[{"t":"idOrVar","v":"date"},"-",{"t":"idOrVar","v":"status"}]},{"$i":"download-stopped","$v":"다운로드 중지"},{"$i":"download-failed","$v":"다운로드 실패"},{"$i":"open_downloaded_file","$v":"열기"},{"$i":"share_downloaded_file","$v":"공유하기"},{"$i":"wallpaper_downloaded_file","$v":"배경 화면 설정"},{"$i":"ringtone_downloaded_file","$v":"벨소리 설정"},{"$i":"cancel_downloaded_file","$v":"취소"},{"$i":"select-download","$v":"Select download"}]