[{"$i":"weekday-0-long","$v":"Sekmadienis"},{"$i":"weekday-1-long","$v":"Pirmadienis"},{"$i":"weekday-2-long","$v":"Antradienis"},{"$i":"weekday-3-long","$v":"Trečiadienis"},{"$i":"weekday-4-long","$v":"Ketvirtadienis"},{"$i":"weekday-5-long","$v":"Penktadienis"},{"$i":"weekday-6-long","$v":"Šeštadienis"},{"$i":"weekday-0-short","$v":"Sk"},{"$i":"weekday-1-short","$v":"Pr"},{"$i":"weekday-2-short","$v":"An"},{"$i":"weekday-3-short","$v":"Tr"},{"$i":"weekday-4-short","$v":"Kt"},{"$i":"weekday-5-short","$v":"Pn"},{"$i":"weekday-6-short","$v":"Št"},{"$i":"month-0-long","$v":"sausis"},{"$i":"month-1-long","$v":"vasaris"},{"$i":"month-2-long","$v":"kovas"},{"$i":"month-3-long","$v":"balandis"},{"$i":"month-4-long","$v":"gegužė"},{"$i":"month-5-long","$v":"birželis"},{"$i":"month-6-long","$v":"liepa"},{"$i":"month-7-long","$v":"rugpjūtis"},{"$i":"month-8-long","$v":"rugsėjis"},{"$i":"month-9-long","$v":"spalis"},{"$i":"month-10-long","$v":"lapkritis"},{"$i":"month-11-long","$v":"gruodis"},{"$i":"month-0-genitive","$v":"sausio"},{"$i":"month-1-genitive","$v":"vasario"},{"$i":"month-2-genitive","$v":"kovo"},{"$i":"month-3-genitive","$v":"balandžio"},{"$i":"month-4-genitive","$v":"gegužės"},{"$i":"month-5-genitive","$v":"birželio"},{"$i":"month-6-genitive","$v":"liepos"},{"$i":"month-7-genitive","$v":"rugpjūčio"},{"$i":"month-8-genitive","$v":"rugsėjo"},{"$i":"month-9-genitive","$v":"spalio"},{"$i":"month-10-genitive","$v":"lapkričio"},{"$i":"month-11-genitive","$v":"gruodžio"},{"$i":"month-0-short","$v":"Sau"},{"$i":"month-1-short","$v":"Vas"},{"$i":"month-2-short","$v":"Kov"},{"$i":"month-3-short","$v":"Bal"},{"$i":"month-4-short","$v":"Geg"},{"$i":"month-5-short","$v":"Bir"},{"$i":"month-6-short","$v":"Lie"},{"$i":"month-7-short","$v":"Rgp"},{"$i":"month-8-short","$v":"Rgs"},{"$i":"month-9-short","$v":"Spa"},{"$i":"month-10-short","$v":"Lap"},{"$i":"month-11-short","$v":"Grd"},{"$i":"minutes-ago-long","$v":{"zero":"ką tik","one":["prieš ",{"t":"idOrVar","v":"value"}," minutę"],"two":["prieš ",{"t":"idOrVar","v":"value"}," minutes"],"few":["prieš ",{"t":"idOrVar","v":"value"}," minutes"],"many":["prieš ",{"t":"idOrVar","v":"value"}," minučių"],"other":["prieš ",{"t":"idOrVar","v":"value"}," minučių"]},"$x":[{"t":"idOrVar","v":"plural"},"value"]},{"$i":"hours-ago-long","$v":{"zero":"ką tik","one":["prieš ",{"t":"idOrVar","v":"value"}," valandą"],"two":["prieš ",{"t":"idOrVar","v":"value"}," valandas"],"few":["prieš ",{"t":"idOrVar","v":"value"}," valandas"],"many":["prieš ",{"t":"idOrVar","v":"value"}," valandų"],"other":["prieš ",{"t":"idOrVar","v":"value"}," valandų"]},"$x":[{"t":"idOrVar","v":"plural"},"value"]},{"$i":"days-ago-long","$v":{"zero":"šiandien","one":"vakar","two":["prieš ",{"t":"idOrVar","v":"value"}," dienas"],"few":["prieš ",{"t":"idOrVar","v":"value"}," dienas"],"many":["prieš ",{"t":"idOrVar","v":"value"}," dienų"],"other":["prieš ",{"t":"idOrVar","v":"value"}," dienų"]},"$x":[{"t":"idOrVar","v":"plural"},"value"]},{"$i":"weeks-ago-long","$v":{"zero":"šią savaitę","one":"praėjusią savaitę","two":["prieš ",{"t":"idOrVar","v":"value"}," savaites"],"few":["prieš ",{"t":"idOrVar","v":"value"}," savaites"],"many":["prieš ",{"t":"idOrVar","v":"value"}," savaičių"],"other":["prieš ",{"t":"idOrVar","v":"value"}," savaičių"]},"$x":[{"t":"idOrVar","v":"plural"},"value"]},{"$i":"months-ago-long","$v":{"zero":"šį mėnesį","one":"praėjusį mėnesį","two":["prieš ",{"t":"idOrVar","v":"value"}," mėnesius"],"few":["prieš ",{"t":"idOrVar","v":"value"}," mėnesius"],"many":["prieš ",{"t":"idOrVar","v":"value"}," mėnesių"],"other":["prieš ",{"t":"idOrVar","v":"value"}," mėnesių"]},"$x":[{"t":"idOrVar","v":"plural"},"value"]},{"$i":"years-ago-long","$v":{"zero":"šiemet","one":["prieš ",{"t":"idOrVar","v":"value"}," metus"],"two":["prieš ",{"t":"idOrVar","v":"value"}," metus"],"few":["prieš ",{"t":"idOrVar","v":"value"}," metus"],"many":["prieš ",{"t":"idOrVar","v":"value"}," metų"],"other":["prieš ",{"t":"idOrVar","v":"value"}," metų"]},"$x":[{"t":"idOrVar","v":"plural"},"value"]},{"$i":"minutes-until-long","$v":{"zero":"dabar","one":["už ",{"t":"idOrVar","v":"value"}," minutės"],"two":["už ",{"t":"idOrVar","v":"value"}," minučių"],"few":["už ",{"t":"idOrVar","v":"value"}," minučių"],"many":["už ",{"t":"idOrVar","v":"value"}," minučių"],"other":["už ",{"t":"idOrVar","v":"value"}," minučių"]},"$x":[{"t":"idOrVar","v":"plural"},"value"]},{"$i":"hours-until-long","$v":{"zero":"dabar","one":["už ",{"t":"idOrVar","v":"value"}," valandos"],"two":["už ",{"t":"idOrVar","v":"value"}," valandų"],"few":["už ",{"t":"idOrVar","v":"value"}," valandų"],"many":["už ",{"t":"idOrVar","v":"value"}," valandų"],"other":["už ",{"t":"idOrVar","v":"value"}," valandų"]},"$x":[{"t":"idOrVar","v":"plural"},"value"]},{"$i":"days-until-long","$v":{"zero":"šiandien","one":"rytoj","two":["už ",{"t":"idOrVar","v":"value"}," dienų"],"few":["už ",{"t":"idOrVar","v":"value"}," dienų"],"many":["už ",{"t":"idOrVar","v":"value"}," dienų"],"other":["už ",{"t":"idOrVar","v":"value"}," dienų"]},"$x":[{"t":"idOrVar","v":"plural"},"value"]},{"$i":"weeks-until-long","$v":{"zero":"šią savaitę","one":"kitą savaitę","two":["už ",{"t":"idOrVar","v":"value"}," savaičių"],"few":["už ",{"t":"idOrVar","v":"value"}," savaičių"],"many":["už ",{"t":"idOrVar","v":"value"}," savaičių"],"other":["už ",{"t":"idOrVar","v":"value"}," savaičių"]},"$x":[{"t":"idOrVar","v":"plural"},"value"]},{"$i":"months-until-long","$v":{"zero":"šį mėnesį","one":"kitą mėnesį","two":["už ",{"t":"idOrVar","v":"value"}," mėnesių"],"few":["už ",{"t":"idOrVar","v":"value"}," mėnesių"],"many":["už ",{"t":"idOrVar","v":"value"}," mėnesių"],"other":["už ",{"t":"idOrVar","v":"value"}," mėnesių"]},"$x":[{"t":"idOrVar","v":"plural"},"value"]},{"$i":"years-until-long","$v":{"zero":"šiemet","one":"kitais metais","two":["už ",{"t":"idOrVar","v":"value"}," metų"],"few":["už ",{"t":"idOrVar","v":"value"}," metų"],"many":["už ",{"t":"idOrVar","v":"value"}," metų"],"other":["už ",{"t":"idOrVar","v":"value"}," metų"]},"$x":[{"t":"idOrVar","v":"plural"},"value"]},{"$i":"minutes-ago-short","$v":{"zero":"ką tik","other":["prieš ",{"t":"idOrVar","v":"value"}," min."]},"$x":[{"t":"idOrVar","v":"plural"},"value"]},{"$i":"hours-ago-short","$v":{"zero":"ką tik","other":["prieš ",{"t":"idOrVar","v":"value"}," val."]},"$x":[{"t":"idOrVar","v":"plural"},"value"]},{"$i":"days-ago-short","$v":{"zero":"šiandien","other":["prieš ",{"t":"idOrVar","v":"value"}," d."]},"$x":[{"t":"idOrVar","v":"plural"},"value"]},{"$i":"minutes-until-short","$v":{"zero":"dabar","other":["už ",{"t":"idOrVar","v":"value"}," min."]},"$x":[{"t":"idOrVar","v":"plural"},"value"]},{"$i":"hours-until-short","$v":{"zero":"dabar","other":["už ",{"t":"idOrVar","v":"value"}," val."]},"$x":[{"t":"idOrVar","v":"plural"},"value"]},{"$i":"days-until-short","$v":{"zero":"šiandien","other":["už ",{"t":"idOrVar","v":"value"}," d."]},"$x":[{"t":"idOrVar","v":"plural"},"value"]},{"$i":"incorrectDate","$v":"(negalima data)"},{"$i":"dateTimeFormat_%c","$v":"%Y m. %Eb %e d. %H:%M:%S"},{"$i":"dateTimeFormat_%x","$v":"%Y-%m-%d"},{"$i":"dateTimeFormat_%X","$v":"%H:%M:%S"},{"$i":"shortTimeFormat","$v":"%H:%M"},{"$i":"shortTimeFormat12","$v":"%I:%M %p"},{"$i":"shortTimeFormat24","$v":"%H:%M"},{"$i":"shortDateTimeFormat","$v":"%x %H:%M"},{"$i":"weekStartsOnMonday","$v":"1"},{"$i":"firstDayOfTheWeek","$v":"0"},{"$i":"time_am","$v":"AM"},{"$i":"time_pm","$v":"PM"},{"$i":"stopped_download_title","$v":"Parsiuntimas sustabdytas"},{"$i":"stopped_download_message","$v":"Parsiuntimas sustabdytas. Ar bandyti siųsti iš naujo?"},{"$i":"stopped_download_left_button","$v":"Atsisakyti"},{"$i":"stopped_download_right_button","$v":"Bandyti iš naujo"},{"$i":"failed_download_title","$v":"Parsiuntimas nepavyko"},{"$i":"failed_download_message","$v":["Failo „",{"t":"idOrVar","v":"name"},"“ parsiųsti nepavyko. Ar bandyti siųsti iš naujo?"]},{"$i":"failed_download_left_button","$v":"Atsisakyti"},{"$i":"failed_download_right_button","$v":"Bandyti iš naujo"},{"$i":"stop_download_title","$v":"Parsiuntimo stabdymas"},{"$i":"stop_download_message","$v":"Ar tikrai norite stabdyti šį parsiuntimą?"},{"$i":"stop_download_left_button","$v":"Ne"},{"$i":"stop_download_right_button","$v":"Taip"},{"$i":"delete_download_title","$v":"Šalinimas"},{"$i":"delete_download_message","$v":["Pašalinti „",{"t":"idOrVar","v":"name"},"“?"]},{"$i":"delete_download_left_button","$v":"Atsisakyti"},{"$i":"delete_download_right_button","$v":"Šalinti"},{"$i":"delete_all_download_title","$v":"Šalinimas"},{"$i":"delete_all_download_left_button","$v":"Atsisakyti"},{"$i":"delete_all_download_right_button","$v":"Šalinti"},{"$i":"delete_all_download_message","$v":{"zero":"Šalinti nulį failų?","one":["Pašalinti ",{"t":"idOrVar","v":"number"}," failą?"],"two":["Pašalinti ",{"t":"idOrVar","v":"number"}," failus?"],"few":["Pašalinti ",{"t":"idOrVar","v":"number"}," failus?"],"many":["Pašalinti ",{"t":"idOrVar","v":"number"}," failų?"],"other":["Pašalinti ",{"t":"idOrVar","v":"number"}," failų?"]},"$x":[{"t":"idOrVar","v":"plural"},"number"]},{"$i":"unsupported_file_type_download_title","$v":"Failo nepavyko atverti"},{"$i":"unsupported_file_type_download_message","$v":["Nerasta programa, galinti atverti failą „",{"t":"idOrVar","v":"name"},"“. Ar norite įrašyti šį failą, ar pašalinti jį?"]},{"$i":"unsupported_file_type_download_left_button","$v":"Įrašyti"},{"$i":"unsupported_file_type_download_right_button","$v":"Šalinti"},{"$i":"file_not_found_download_title","$v":"Failas nerastas"},{"$i":"file_not_found_download_message","$v":"Failas šiame įrenginyje nerastas"},{"$i":"file_not_found_download_right_button","$v":"Gerai"},{"$i":"unmounted_sdcard_2_download_title","$v":"Atminties kortelė naudojama"},{"$i":"unmounted_sdcard_2_download_message","$v":"Atjunkite telefoną nuo kito įrenginio"},{"$i":"unmounted_sdcard_2_download_right_button","$v":"Gerai"},{"$i":"no_provider_download_title","$v":"Pasidalinti nepavyko"},{"$i":"no_provider_download_message","$v":"Neaptikta dalijimosi būdų"},{"$i":"no_provider_download_right_button","$v":"Gerai"},{"$i":"no_memory_download_title","$v":"Atminties kortelė pilna"},{"$i":"no_memory_download_message","$v":"Įdėtoje atminties kortelėje nebėra laisvos vietos šiam siuntiniui įrašyti. Pašalinkite dalį failų iš kortelės, tada bandykite siųstis iš naujo."},{"$i":"no_memory_download_right_button","$v":"Gerai"},{"$i":"no_sdcard_found_2_download_title","$v":"Neaptikta atminties kortelė"},{"$i":"no_sdcard_found_2_download_message","$v":"Įdėkite atminties kortelę arba nuostatose pasirinkite kitą atmintinę kaip pagrindinę medijai."},{"$i":"no_sdcard_found_2_download_right_button","$v":"Gerai"},{"$i":"file_open_error_download_title","$v":"Nepavyko atverti"},{"$i":"file_open_error_download_message","$v":["Iškilo problema, bandant atverti failą „",{"t":"idOrVar","v":"name"},"“. Ar norite įrašyti šį failą, ar pašalinti jį?"]},{"$i":"file_open_error_download_left_button","$v":"Įrašyti"},{"$i":"file_open_error_download_right_button","$v":"Šalinti"},{"$i":"restart_download_error","$v":"Bandant iš naujo pradėti parsiuntimą, įvyko klaida. Bandykite failą parsiųsti iš naujo."},{"$i":"no-downloads","$v":"Parsiuntimų nėra"},{"$i":"byteUnit-B","$v":"B"},{"$i":"byteUnit-KB","$v":"KB"},{"$i":"byteUnit-MB","$v":"MB"},{"$i":"byteUnit-GB","$v":"GB"},{"$i":"byteUnit-TB","$v":"TB"},{"$i":"fileSize","$v":[{"t":"idOrVar","v":"size"}," ",{"t":"idOrVar","v":"unit"}]},{"$i":"percentage","$v":[{"t":"idOrVar","v":"percentage"}," %"]},{"$i":"partialResult","$v":[{"t":"idOrVar","v":"partial"}," iš ",{"t":"idOrVar","v":"total"}]},{"$i":"summary","$v":[{"t":"idOrVar","v":"date"}," – ",{"t":"idOrVar","v":"status"}]},{"$i":"download-stopped","$v":"Sustabdytas"},{"$i":"download-failed","$v":"Nepavyko parsiųsti"},{"$i":"open_downloaded_file","$v":"Atverti"},{"$i":"share_downloaded_file","$v":"Dalintis"},{"$i":"wallpaper_downloaded_file","$v":"Naudoti kaip ekrano foną"},{"$i":"ringtone_downloaded_file","$v":"Naudoti kaip skambėjimo garsą"},{"$i":"cancel_downloaded_file","$v":"Atsisakyti"},{"$i":"select-download","$v":"Select download"}]