[{"$i":"weekday-0-long","$v":"Недела"},{"$i":"weekday-1-long","$v":"Понеделник"},{"$i":"weekday-2-long","$v":"Вторник"},{"$i":"weekday-3-long","$v":"Среда"},{"$i":"weekday-4-long","$v":"Четврток"},{"$i":"weekday-5-long","$v":"Петок"},{"$i":"weekday-6-long","$v":"Сабота"},{"$i":"weekday-0-short","$v":"Нед"},{"$i":"weekday-1-short","$v":"Пон"},{"$i":"weekday-2-short","$v":"Вто"},{"$i":"weekday-3-short","$v":"Сре"},{"$i":"weekday-4-short","$v":"Чет"},{"$i":"weekday-5-short","$v":"Пет"},{"$i":"weekday-6-short","$v":"Саб"},{"$i":"month-0-long","$v":"јануари"},{"$i":"month-1-long","$v":"февруари"},{"$i":"month-2-long","$v":"март"},{"$i":"month-3-long","$v":"април"},{"$i":"month-4-long","$v":"мај"},{"$i":"month-5-long","$v":"јуни"},{"$i":"month-6-long","$v":"јули"},{"$i":"month-7-long","$v":"август"},{"$i":"month-8-long","$v":"септември"},{"$i":"month-9-long","$v":"октомври"},{"$i":"month-10-long","$v":"ноември"},{"$i":"month-11-long","$v":"декември"},{"$i":"month-0-genitive","$v":"јануари"},{"$i":"month-1-genitive","$v":"февруари"},{"$i":"month-2-genitive","$v":"март"},{"$i":"month-3-genitive","$v":"април"},{"$i":"month-4-genitive","$v":"мај"},{"$i":"month-5-genitive","$v":"јуни"},{"$i":"month-6-genitive","$v":"јули"},{"$i":"month-7-genitive","$v":"август"},{"$i":"month-8-genitive","$v":"септември"},{"$i":"month-9-genitive","$v":"октомври"},{"$i":"month-10-genitive","$v":"ноември"},{"$i":"month-11-genitive","$v":"декември"},{"$i":"month-0-short","$v":"јан"},{"$i":"month-1-short","$v":"фев"},{"$i":"month-2-short","$v":"мар"},{"$i":"month-3-short","$v":"апр"},{"$i":"month-4-short","$v":"мај"},{"$i":"month-5-short","$v":"јун"},{"$i":"month-6-short","$v":"јул"},{"$i":"month-7-short","$v":"авг"},{"$i":"month-8-short","$v":"сеп"},{"$i":"month-9-short","$v":"окт"},{"$i":"month-10-short","$v":"ное"},{"$i":"month-11-short","$v":"дек"},{"$i":"minutes-ago-long","$v":{"zero":"сега","one":"пред една минута","two":["пред ",{"t":"idOrVar","v":"value"}," минути"],"few":["пред ",{"t":"idOrVar","v":"value"}," минути"],"many":["пред ",{"t":"idOrVar","v":"value"}," минути"],"other":["пред ",{"t":"idOrVar","v":"value"}," минути"]},"$x":[{"t":"idOrVar","v":"plural"},"value"]},{"$i":"hours-ago-long","$v":{"zero":"сега","one":"пред еден час","two":["пред ",{"t":"idOrVar","v":"value"}," часа"],"few":["пред ",{"t":"idOrVar","v":"value"}," часа"],"many":["пред ",{"t":"idOrVar","v":"value"}," часови"],"other":["пред ",{"t":"idOrVar","v":"value"}," часови"]},"$x":[{"t":"idOrVar","v":"plural"},"value"]},{"$i":"days-ago-long","$v":{"zero":"денес","one":"вчера","two":["пред ",{"t":"idOrVar","v":"value"}," дена"],"few":["пред ",{"t":"idOrVar","v":"value"}," дена"],"many":["пред ",{"t":"idOrVar","v":"value"}," денови"],"other":["пред ",{"t":"idOrVar","v":"value"}," денови"]},"$x":[{"t":"idOrVar","v":"plural"},"value"]},{"$i":"weeks-ago-long","$v":{"zero":"оваа недела","one":"минатата недела","two":["пред ",{"t":"idOrVar","v":"value"}," недели"],"few":["пред ",{"t":"idOrVar","v":"value"}," недели"],"many":["пред ",{"t":"idOrVar","v":"value"}," недели"],"other":["пред ",{"t":"idOrVar","v":"value"}," недели"]},"$x":[{"t":"idOrVar","v":"plural"},"value"]},{"$i":"months-ago-long","$v":{"zero":"овој месец","one":"минатиот месец","two":["пред ",{"t":"idOrVar","v":"value"}," месеци"],"few":["пред ",{"t":"idOrVar","v":"value"}," месеци"],"many":["пред ",{"t":"idOrVar","v":"value"}," месеци"],"other":["пред ",{"t":"idOrVar","v":"value"}," месеци"]},"$x":[{"t":"idOrVar","v":"plural"},"value"]},{"$i":"years-ago-long","$v":{"zero":"оваа година","one":"минатата година","two":["пред ",{"t":"idOrVar","v":"value"}," години"],"few":["пред ",{"t":"idOrVar","v":"value"}," години"],"many":["пред ",{"t":"idOrVar","v":"value"}," години"],"other":["пред ",{"t":"idOrVar","v":"value"}," години"]},"$x":[{"t":"idOrVar","v":"plural"},"value"]},{"$i":"minutes-until-long","$v":{"zero":"сега","one":"за една минута","two":["за ",{"t":"idOrVar","v":"value"}," минути"],"few":["за ",{"t":"idOrVar","v":"value"}," минути"],"many":["за ",{"t":"idOrVar","v":"value"}," минути"],"other":["за ",{"t":"idOrVar","v":"value"}," минути"]},"$x":[{"t":"idOrVar","v":"plural"},"value"]},{"$i":"hours-until-long","$v":{"zero":"сега","one":"за еден час","two":["за ",{"t":"idOrVar","v":"value"}," часа"],"few":["за ",{"t":"idOrVar","v":"value"}," часа"],"many":["за ",{"t":"idOrVar","v":"value"}," часови"],"other":["за ",{"t":"idOrVar","v":"value"}," часови"]},"$x":[{"t":"idOrVar","v":"plural"},"value"]},{"$i":"days-until-long","$v":{"zero":"денес","one":"утре","two":["за ",{"t":"idOrVar","v":"value"}," дена"],"few":["за ",{"t":"idOrVar","v":"value"}," дена"],"many":["за ",{"t":"idOrVar","v":"value"}," денови"],"other":["за ",{"t":"idOrVar","v":"value"}," денови"]},"$x":[{"t":"idOrVar","v":"plural"},"value"]},{"$i":"weeks-until-long","$v":{"zero":"оваа седмица","one":"следната седмица","two":["за ",{"t":"idOrVar","v":"value"}," седмици"],"few":["за ",{"t":"idOrVar","v":"value"}," седмици"],"many":["за ",{"t":"idOrVar","v":"value"}," седмици"],"other":["за ",{"t":"idOrVar","v":"value"}," седмици"]},"$x":[{"t":"idOrVar","v":"plural"},"value"]},{"$i":"months-until-long","$v":{"zero":"овој месец","one":"следниот месец","two":["за ",{"t":"idOrVar","v":"value"}," месеци"],"few":["за ",{"t":"idOrVar","v":"value"}," месеци"],"many":["за ",{"t":"idOrVar","v":"value"}," месеци"],"other":["за ",{"t":"idOrVar","v":"value"}," месеци"]},"$x":[{"t":"idOrVar","v":"plural"},"value"]},{"$i":"years-until-long","$v":{"zero":"оваа година","one":"следната година","two":["за ",{"t":"idOrVar","v":"value"}," години"],"few":["за ",{"t":"idOrVar","v":"value"}," години"],"many":["за ",{"t":"idOrVar","v":"value"}," години"],"other":["за ",{"t":"idOrVar","v":"value"}," години"]},"$x":[{"t":"idOrVar","v":"plural"},"value"]},{"$i":"minutes-ago-short","$v":{"zero":"сега","other":["пред ",{"t":"idOrVar","v":"value"},"m"]},"$x":[{"t":"idOrVar","v":"plural"},"value"]},{"$i":"hours-ago-short","$v":{"zero":"сега","other":["пред ",{"t":"idOrVar","v":"value"},"h"]},"$x":[{"t":"idOrVar","v":"plural"},"value"]},{"$i":"days-ago-short","$v":{"zero":"денес","other":["пред ",{"t":"idOrVar","v":"value"},"d"]},"$x":[{"t":"idOrVar","v":"plural"},"value"]},{"$i":"minutes-until-short","$v":{"zero":"сега","other":["за ",{"t":"idOrVar","v":"value"},"m"]},"$x":[{"t":"idOrVar","v":"plural"},"value"]},{"$i":"hours-until-short","$v":{"zero":"сега","other":["за ",{"t":"idOrVar","v":"value"},"h"]},"$x":[{"t":"idOrVar","v":"plural"},"value"]},{"$i":"days-until-short","$v":{"zero":"денес","other":["за ",{"t":"idOrVar","v":"value"},"d"]},"$x":[{"t":"idOrVar","v":"plural"},"value"]},{"$i":"incorrectDate","$v":"(неточен датум)"},{"$i":"dateTimeFormat_%c","$v":"%a %b %e %Y %H:%M:%S"},{"$i":"dateTimeFormat_%x","$v":"%d/%m/%Y"},{"$i":"dateTimeFormat_%X","$v":"%H:%M:%S"},{"$i":"shortTimeFormat","$v":"%H:%M"},{"$i":"shortTimeFormat12","$v":"%I:%M %p"},{"$i":"shortTimeFormat24","$v":"%H:%M"},{"$i":"shortDateTimeFormat","$v":"%x %H:%M"},{"$i":"weekStartsOnMonday","$v":"1"},{"$i":"firstDayOfTheWeek","$v":"0"},{"$i":"time_am","$v":"AM"},{"$i":"time_pm","$v":"PM"},{"$i":"stopped_download_title","$v":"Преземањето се прекина"},{"$i":"stopped_download_message","$v":"Преземањето беше прекинато. Да се обидам повторно?"},{"$i":"stopped_download_left_button","$v":"Откажи"},{"$i":"stopped_download_right_button","$v":"Повторно"},{"$i":"failed_download_title","$v":"Преземањето не успеа"},{"$i":"failed_download_message","$v":["Преземањето на ",{"t":"idOrVar","v":"name"}," не успеа. Да се обидам повторно?"]},{"$i":"failed_download_left_button","$v":"Откажи"},{"$i":"failed_download_right_button","$v":"Повторно"},{"$i":"stop_download_title","$v":"Запри преземање"},{"$i":"stop_download_message","$v":"Сигурни сте дека сакате да го стопирам преземањето?"},{"$i":"stop_download_left_button","$v":"Не"},{"$i":"stop_download_right_button","$v":"Да"},{"$i":"delete_download_title","$v":"Избриши"},{"$i":"delete_download_message","$v":["Избриши ",{"t":"idOrVar","v":"name"},"?"]},{"$i":"delete_download_left_button","$v":"Откажи"},{"$i":"delete_download_right_button","$v":"Избриши"},{"$i":"delete_all_download_title","$v":"Избриши"},{"$i":"delete_all_download_left_button","$v":"Откажи"},{"$i":"delete_all_download_right_button","$v":"Избриши"},{"$i":"delete_all_download_message","$v":{"zero":"Без бришење на датотеки?","one":"Избриши една датотека?","two":["Избриши ",{"t":"idOrVar","v":"number"}," датотеки?"],"few":["Избриши ",{"t":"idOrVar","v":"number"}," датотеки?"],"many":["Избриши ",{"t":"idOrVar","v":"number"}," датотеки?"],"other":["Избриши ",{"t":"idOrVar","v":"number"}," датотеки?"]},"$x":[{"t":"idOrVar","v":"plural"},"number"]},{"$i":"unsupported_file_type_download_title","$v":"Не е можно да се отвори"},{"$i":"unsupported_file_type_download_message","$v":["Не постои апликација за отворање на ",{"t":"idOrVar","v":"name"},". Сакате да ја зачувате датотеката или да ја избришете?"]},{"$i":"unsupported_file_type_download_left_button","$v":"Зачувај"},{"$i":"unsupported_file_type_download_right_button","$v":"Избриши"},{"$i":"file_not_found_download_title","$v":"Датотеката не постои"},{"$i":"file_not_found_download_message","$v":"Датотеката не постои на овој уред"},{"$i":"file_not_found_download_right_button","$v":"Во ред"},{"$i":"unmounted_sdcard_2_download_title","$v":"Мемориската картичка е во употреба"},{"$i":"unmounted_sdcard_2_download_message","$v":"Исклучете го кабел од телефонот"},{"$i":"unmounted_sdcard_2_download_right_button","$v":"Во ред"},{"$i":"no_provider_download_title","$v":"Не може да се сподели"},{"$i":"no_provider_download_message","$v":"Нема опслужувач"},{"$i":"no_provider_download_right_button","$v":"Во ред"},{"$i":"no_memory_download_title","$v":"Картичката е полна"},{"$i":"no_memory_download_message","$v":"На вашата картичка нема повеќе простор за да се сними преземањето. Избришете некои датотеки пред да преземате повторно."},{"$i":"no_memory_download_right_button","$v":"Во ред"},{"$i":"no_sdcard_found_2_download_title","$v":"Нема мемориска картичка"},{"$i":"no_sdcard_found_2_download_message","$v":"Внесете мемориска картичка или изберете алтернативно складиште за медии во Поставувања"},{"$i":"no_sdcard_found_2_download_right_button","$v":"Во ред"},{"$i":"file_open_error_download_title","$v":"Не може да се отвори"},{"$i":"file_open_error_download_message","$v":["Има проблем при отворањето на ",{"t":"idOrVar","v":"name"},". Сакате да ја зачувате или да ја избришете датотеката?"]},{"$i":"file_open_error_download_left_button","$v":"Зачувај"},{"$i":"file_open_error_download_right_button","$v":"Избриши"},{"$i":"restart_download_error","$v":"Се случи грешка при рестартирањето на преземањето. Ве молам, обидете се повторно."},{"$i":"no-downloads","$v":"Нема преземања"},{"$i":"byteUnit-B","$v":"B"},{"$i":"byteUnit-KB","$v":"KB"},{"$i":"byteUnit-MB","$v":"MB"},{"$i":"byteUnit-GB","$v":"GB"},{"$i":"byteUnit-TB","$v":"TB"},{"$i":"fileSize","$v":[{"t":"idOrVar","v":"size"}," ",{"t":"idOrVar","v":"unit"}]},{"$i":"percentage","$v":[{"t":"idOrVar","v":"percentage"}," %"]},{"$i":"partialResult","$v":[{"t":"idOrVar","v":"partial"}," од ",{"t":"idOrVar","v":"total"}]},{"$i":"summary","$v":[{"t":"idOrVar","v":"date"}," - ",{"t":"idOrVar","v":"status"}]},{"$i":"download-stopped","$v":"Стопирано"},{"$i":"download-failed","$v":"Преземањето не успеа"},{"$i":"open_downloaded_file","$v":"Отвори"},{"$i":"share_downloaded_file","$v":"Сподели"},{"$i":"wallpaper_downloaded_file","$v":"Постави како тапет"},{"$i":"ringtone_downloaded_file","$v":"Постави како мелодија"},{"$i":"cancel_downloaded_file","$v":"Откажи"},{"$i":"select-download","$v":"Select download"}]