[{"$i":"weekday-0-long","$v":"Ahad"},{"$i":"weekday-1-long","$v":"Isnin"},{"$i":"weekday-2-long","$v":"Selasa"},{"$i":"weekday-3-long","$v":"Rabu"},{"$i":"weekday-4-long","$v":"Khamis"},{"$i":"weekday-5-long","$v":"Jumaat"},{"$i":"weekday-6-long","$v":"Sabtu"},{"$i":"weekday-0-short","$v":"Ahad"},{"$i":"weekday-1-short","$v":"Isnin"},{"$i":"weekday-2-short","$v":"Selasa"},{"$i":"weekday-3-short","$v":"Rabu"},{"$i":"weekday-4-short","$v":"Khamis"},{"$i":"weekday-5-short","$v":"Jumaat"},{"$i":"weekday-6-short","$v":"Sabtu"},{"$i":"month-0-long","$v":"Januari"},{"$i":"month-1-long","$v":"Februari"},{"$i":"month-2-long","$v":"Mac"},{"$i":"month-3-long","$v":"April"},{"$i":"month-4-long","$v":"Mei"},{"$i":"month-5-long","$v":"Jun"},{"$i":"month-6-long","$v":"Julai"},{"$i":"month-7-long","$v":"Ogos"},{"$i":"month-8-long","$v":"September"},{"$i":"month-9-long","$v":"Oktober"},{"$i":"month-10-long","$v":"November"},{"$i":"month-11-long","$v":"Disember"},{"$i":"month-0-genitive","$v":"Januari"},{"$i":"month-1-genitive","$v":"Februari"},{"$i":"month-2-genitive","$v":"Mac"},{"$i":"month-3-genitive","$v":"April"},{"$i":"month-4-genitive","$v":"Mei"},{"$i":"month-5-genitive","$v":"Jun"},{"$i":"month-6-genitive","$v":"Julai"},{"$i":"month-7-genitive","$v":"Ogos"},{"$i":"month-8-genitive","$v":"September"},{"$i":"month-9-genitive","$v":"Oktober"},{"$i":"month-10-genitive","$v":"November"},{"$i":"month-11-genitive","$v":"Disember"},{"$i":"month-0-short","$v":"Jan"},{"$i":"month-1-short","$v":"Feb"},{"$i":"month-2-short","$v":"Mac"},{"$i":"month-3-short","$v":"Apr"},{"$i":"month-4-short","$v":"Mei"},{"$i":"month-5-short","$v":"Jun"},{"$i":"month-6-short","$v":"Jul"},{"$i":"month-7-short","$v":"Ogos"},{"$i":"month-8-short","$v":"Sep"},{"$i":"month-9-short","$v":"Okt"},{"$i":"month-10-short","$v":"Nov"},{"$i":"month-11-short","$v":"Dis"},{"$i":"minutes-ago-long","$v":{"zero":"sebentar tadi","one":"satu minit lalu","two":[{"t":"idOrVar","v":"value"}," minit lalu"],"few":[{"t":"idOrVar","v":"value"}," minit lalu"],"many":[{"t":"idOrVar","v":"value"}," minit lalu"],"other":[{"t":"idOrVar","v":"value"}," minit lalu"]},"$x":[{"t":"idOrVar","v":"plural"},"value"]},{"$i":"hours-ago-long","$v":{"zero":"sebentar tadi","one":"sejam yang lalu","two":[{"t":"idOrVar","v":"value"}," jam lalu"],"few":[{"t":"idOrVar","v":"value"}," jam lalu"],"many":[{"t":"idOrVar","v":"value"}," jam lalu"],"other":[{"t":"idOrVar","v":"value"}," jam lalu"]},"$x":[{"t":"idOrVar","v":"plural"},"value"]},{"$i":"days-ago-long","$v":{"zero":"hari ini","one":"semalam","two":[{"t":"idOrVar","v":"value"}," hari lalu"],"few":[{"t":"idOrVar","v":"value"}," hari lalu"],"many":[{"t":"idOrVar","v":"value"}," hari lalu"],"other":[{"t":"idOrVar","v":"value"}," hari lalu"]},"$x":[{"t":"idOrVar","v":"plural"},"value"]},{"$i":"weeks-ago-long","$v":{"zero":"minggu ini","one":"minggu lalu","two":[{"t":"idOrVar","v":"value"}," minggu lalu"],"few":[{"t":"idOrVar","v":"value"}," minggu lalu"],"many":[{"t":"idOrVar","v":"value"}," minggu lalu"],"other":[{"t":"idOrVar","v":"value"}," minggu lalu"]},"$x":[{"t":"idOrVar","v":"plural"},"value"]},{"$i":"months-ago-long","$v":{"zero":"bulan ini","one":"bulan lalu","two":[{"t":"idOrVar","v":"value"}," bulan lalu"],"few":[{"t":"idOrVar","v":"value"}," bulan lalu"],"many":[{"t":"idOrVar","v":"value"}," minit lalu"],"other":[{"t":"idOrVar","v":"value"}," minit lalu"]},"$x":[{"t":"idOrVar","v":"plural"},"value"]},{"$i":"years-ago-long","$v":{"zero":"tahun ini","one":"tahun lalu","two":[{"t":"idOrVar","v":"value"}," tahun lalu"],"few":[{"t":"idOrVar","v":"value"}," tahun lalu"],"many":[{"t":"idOrVar","v":"value"}," tahun lalu"],"other":[{"t":"idOrVar","v":"value"}," tahun lalu"]},"$x":[{"t":"idOrVar","v":"plural"},"value"]},{"$i":"minutes-until-long","$v":{"zero":"sekarang","one":"dalam satu minit","two":["dalam ",{"t":"idOrVar","v":"value"}," minit"],"few":["dalam ",{"t":"idOrVar","v":"value"}," minit"],"many":["dalam ",{"t":"idOrVar","v":"value"}," minit"],"other":["dalam ",{"t":"idOrVar","v":"value"}," minit"]},"$x":[{"t":"idOrVar","v":"plural"},"value"]},{"$i":"hours-until-long","$v":{"zero":"sekarang","one":"dalam satu jam","two":["dalam ",{"t":"idOrVar","v":"value"}," jam"],"few":["dalam ",{"t":"idOrVar","v":"value"}," jam"],"many":["dalam ",{"t":"idOrVar","v":"value"}," jam"],"other":["dalam ",{"t":"idOrVar","v":"value"}," jam"]},"$x":[{"t":"idOrVar","v":"plural"},"value"]},{"$i":"days-until-long","$v":{"zero":"hari ini","one":"esok","two":["dalam ",{"t":"idOrVar","v":"value"}," hari"],"few":["dalam ",{"t":"idOrVar","v":"value"}," hari"],"many":["dalam ",{"t":"idOrVar","v":"value"}," hari"],"other":["dalam ",{"t":"idOrVar","v":"value"}," hari"]},"$x":[{"t":"idOrVar","v":"plural"},"value"]},{"$i":"weeks-until-long","$v":{"zero":"minggu ini","one":"minggu depan","two":["dalam ",{"t":"idOrVar","v":"value"}," minggu"],"few":["dalam ",{"t":"idOrVar","v":"value"}," minggu"],"many":["dalam ",{"t":"idOrVar","v":"value"}," minggu"],"other":["dalam ",{"t":"idOrVar","v":"value"}," minggu"]},"$x":[{"t":"idOrVar","v":"plural"},"value"]},{"$i":"months-until-long","$v":{"zero":"bulan ini","one":"bulan depan","two":["dalam ",{"t":"idOrVar","v":"value"}," bulan"],"few":["dalam ",{"t":"idOrVar","v":"value"}," bulan"],"many":["dalam ",{"t":"idOrVar","v":"value"}," bulan"],"other":["dalam ",{"t":"idOrVar","v":"value"}," bulan"]},"$x":[{"t":"idOrVar","v":"plural"},"value"]},{"$i":"years-until-long","$v":{"zero":"tahun ini","one":"tahun depan","two":["dalam ",{"t":"idOrVar","v":"value"}," tahun"],"few":["dalam ",{"t":"idOrVar","v":"value"}," tahun"],"many":["dalam ",{"t":"idOrVar","v":"value"}," tahun"],"other":["dalam ",{"t":"idOrVar","v":"value"}," tahun"]},"$x":[{"t":"idOrVar","v":"plural"},"value"]},{"$i":"minutes-ago-short","$v":{"zero":"sebentar tadi","other":[{"t":"idOrVar","v":"value"}," minit lalu"]},"$x":[{"t":"idOrVar","v":"plural"},"value"]},{"$i":"hours-ago-short","$v":{"zero":"sebentar tadi","other":[{"t":"idOrVar","v":"value"}," jam lalu"]},"$x":[{"t":"idOrVar","v":"plural"},"value"]},{"$i":"days-ago-short","$v":{"zero":"hari ini","other":[{"t":"idOrVar","v":"value"}," hari lalu"]},"$x":[{"t":"idOrVar","v":"plural"},"value"]},{"$i":"minutes-until-short","$v":{"zero":"sekarang","other":["dalam ",{"t":"idOrVar","v":"value"}," minit"]},"$x":[{"t":"idOrVar","v":"plural"},"value"]},{"$i":"hours-until-short","$v":{"zero":"sekarang","other":["dalam ",{"t":"idOrVar","v":"value"}," jam"]},"$x":[{"t":"idOrVar","v":"plural"},"value"]},{"$i":"days-until-short","$v":{"zero":"hari ini","other":["dalam ",{"t":"idOrVar","v":"value"}," hari"]},"$x":[{"t":"idOrVar","v":"plural"},"value"]},{"$i":"incorrectDate","$v":"(tarikh tidak betul)"},{"$i":"dateTimeFormat_%c","$v":"%a %b %e %Y %I:%M:%S %p"},{"$i":"dateTimeFormat_%x","$v":"%m/%d/%Y"},{"$i":"dateTimeFormat_%X","$v":"%I:%M:%S %p"},{"$i":"shortTimeFormat","$v":"%I:%M %p"},{"$i":"shortTimeFormat12","$v":"%I:%M %p"},{"$i":"shortTimeFormat24","$v":"%H:%M"},{"$i":"shortDateTimeFormat","$v":"%x %I:%M %p"},{"$i":"weekStartsOnMonday","$v":"0"},{"$i":"firstDayOfTheWeek","$v":"0"},{"$i":"time_am","$v":"PG"},{"$i":"time_pm","$v":"PTG"},{"$i":"stopped_download_title","$v":"Muat turun terhenti"},{"$i":"stopped_download_message","$v":"Muat turun terhenti. Cuba muat turun semula?"},{"$i":"stopped_download_left_button","$v":"Batal"},{"$i":"stopped_download_right_button","$v":"Cuba lagi"},{"$i":"failed_download_title","$v":"Muat turun gagal"},{"$i":"failed_download_message","$v":[{"t":"idOrVar","v":"name"}," gagal memuat turun. Cuba muat turun semula?"]},{"$i":"failed_download_left_button","$v":"Batal"},{"$i":"failed_download_right_button","$v":"Cuba lagi"},{"$i":"stop_download_title","$v":"Henti muat turun"},{"$i":"stop_download_message","$v":"Pastikah anda untuk menghentikan muat turun?"},{"$i":"stop_download_left_button","$v":"Tidak"},{"$i":"stop_download_right_button","$v":"Ya"},{"$i":"delete_download_title","$v":"Hapus"},{"$i":"delete_download_message","$v":["Hapus ",{"t":"idOrVar","v":"name"},"?"]},{"$i":"delete_download_left_button","$v":"Batal"},{"$i":"delete_download_right_button","$v":"Hapus"},{"$i":"delete_all_download_title","$v":"Hapus"},{"$i":"delete_all_download_left_button","$v":"Batal"},{"$i":"delete_all_download_right_button","$v":"Hapus"},{"$i":"delete_all_download_message","$v":{"zero":"Tiada fail dihapus?","one":"Hapus satu fail?","two":["Hapus ",{"t":"idOrVar","v":"number"}," fail?"],"few":["Hapus ",{"t":"idOrVar","v":"number"}," fail?"],"many":["Hapus ",{"t":"idOrVar","v":"number"}," fail?"],"other":["Hapus ",{"t":"idOrVar","v":"number"}," fail?"]},"$x":[{"t":"idOrVar","v":"plural"},"number"]},{"$i":"unsupported_file_type_download_title","$v":"Tidak dapat membuka"},{"$i":"unsupported_file_type_download_message","$v":["Tidak terdapat app yang dapat membuka ",{"t":"idOrVar","v":"name"},". Mahukan anda meyimpan fail ini atau menghapuskannya?"]},{"$i":"unsupported_file_type_download_left_button","$v":"Kekalkan Fail"},{"$i":"unsupported_file_type_download_right_button","$v":"Hapus"},{"$i":"file_not_found_download_title","$v":"Fail tidak ditemui"},{"$i":"file_not_found_download_message","$v":"Fail ini tidak ditemui pada peranti"},{"$i":"file_not_found_download_right_button","$v":"OK"},{"$i":"unmounted_sdcard_2_download_title","$v":"Kad memori sedang diguna"},{"$i":"unmounted_sdcard_2_download_message","$v":"Cabut palam telefon"},{"$i":"unmounted_sdcard_2_download_right_button","$v":"OK"},{"$i":"no_provider_download_title","$v":"Tidak dapat berkongsi"},{"$i":"no_provider_download_message","$v":"Tiada pembekal ditemui"},{"$i":"no_provider_download_right_button","$v":"OK"},{"$i":"no_memory_download_title","$v":"Kad SD penuh"},{"$i":"no_memory_download_message","$v":"Tiada ruang lagi pada kad SD anda untuk menyimpan muat turun anda. Sila singkirkan beberapa fail sebelum mengulang mula muat turun."},{"$i":"no_memory_download_right_button","$v":"OK"},{"$i":"no_sdcard_found_2_download_title","$v":"Tiada kad memori ditemui"},{"$i":"no_sdcard_found_2_download_message","$v":"Masukkan kad memori atau pilih lokasi media lalai alternatif pada tetapan"},{"$i":"no_sdcard_found_2_download_right_button","$v":"OK"},{"$i":"file_open_error_download_title","$v":"Tidak dapat membuka"},{"$i":"file_open_error_download_message","$v":["Terdapat masalah membuka ",{"t":"idOrVar","v":"name"},". Mahukah anda menyimpannya atau menghapuskannya?"]},{"$i":"file_open_error_download_left_button","$v":"Kekalkan Fail"},{"$i":"file_open_error_download_right_button","$v":"Hapus"},{"$i":"restart_download_error","$v":"Terdapat rakat ketika mengulang mula muat turun. Sila cuba muat turun semula."},{"$i":"no-downloads","$v":"Tiada muat turun"},{"$i":"byteUnit-B","$v":"B"},{"$i":"byteUnit-KB","$v":"KB"},{"$i":"byteUnit-MB","$v":"MB"},{"$i":"byteUnit-GB","$v":"GB"},{"$i":"byteUnit-TB","$v":"TB"},{"$i":"fileSize","$v":[{"t":"idOrVar","v":"size"}," ",{"t":"idOrVar","v":"unit"}]},{"$i":"percentage","$v":[{"t":"idOrVar","v":"percentage"}," %"]},{"$i":"partialResult","$v":[{"t":"idOrVar","v":"partial"}," daripada ",{"t":"idOrVar","v":"total"}]},{"$i":"summary","$v":[{"t":"idOrVar","v":"date"}," - ",{"t":"idOrVar","v":"status"}]},{"$i":"download-stopped","$v":"Terhenti"},{"$i":"download-failed","$v":"Muat turun gagal"},{"$i":"open_downloaded_file","$v":"Buka"},{"$i":"share_downloaded_file","$v":"Kongsi"},{"$i":"wallpaper_downloaded_file","$v":"Setkan sebagai wallpaper"},{"$i":"ringtone_downloaded_file","$v":"Setkan sebagai nada dering"},{"$i":"cancel_downloaded_file","$v":"Batal"},{"$i":"select-download","$v":"Select download"}]