[{"$i":"weekday-0-long","$v":"आइतबार"},{"$i":"weekday-1-long","$v":"सोमबार"},{"$i":"weekday-2-long","$v":"मंगलबार"},{"$i":"weekday-3-long","$v":"बुधबार"},{"$i":"weekday-4-long","$v":"बिहिबार"},{"$i":"weekday-5-long","$v":"शुक्रबार"},{"$i":"weekday-6-long","$v":"शनिबार"},{"$i":"weekday-0-short","$v":"आइत"},{"$i":"weekday-1-short","$v":"सोम"},{"$i":"weekday-2-short","$v":"मङ्गल"},{"$i":"weekday-3-short","$v":"बुध"},{"$i":"weekday-4-short","$v":"बिहि"},{"$i":"weekday-5-short","$v":"शुक्र"},{"$i":"weekday-6-short","$v":"शनि"},{"$i":"month-0-long","$v":"जनवरी"},{"$i":"month-1-long","$v":"फेब्रुअरी"},{"$i":"month-2-long","$v":"ंमार्च"},{"$i":"month-3-long","$v":"अप्रिल"},{"$i":"month-4-long","$v":"मे"},{"$i":"month-5-long","$v":"जुन"},{"$i":"month-6-long","$v":"जुलाई"},{"$i":"month-7-long","$v":"अगस्ट"},{"$i":"month-8-long","$v":"सेप्टेम्बर"},{"$i":"month-9-long","$v":"अक्टोबर"},{"$i":"month-10-long","$v":"नोभेम्बर"},{"$i":"month-11-long","$v":"डिसेम्बर"},{"$i":"month-0-genitive","$v":"जनवरी"},{"$i":"month-1-genitive","$v":"फेब्रुअरी"},{"$i":"month-2-genitive","$v":"ंमार्च"},{"$i":"month-3-genitive","$v":"अप्रिल"},{"$i":"month-4-genitive","$v":"मे"},{"$i":"month-5-genitive","$v":"जुन"},{"$i":"month-6-genitive","$v":"जुलाई"},{"$i":"month-7-genitive","$v":"अगस्ट"},{"$i":"month-8-genitive","$v":"सेप्टेम्बर"},{"$i":"month-9-genitive","$v":"अक्टोबर"},{"$i":"month-10-genitive","$v":"नोभेम्बर"},{"$i":"month-11-genitive","$v":"डिसेम्बर"},{"$i":"month-0-short","$v":"जन"},{"$i":"month-1-short","$v":"फेब"},{"$i":"month-2-short","$v":"मार्च"},{"$i":"month-3-short","$v":"अप्रिल"},{"$i":"month-4-short","$v":"मे"},{"$i":"month-5-short","$v":"जुन"},{"$i":"month-6-short","$v":"जुलाई"},{"$i":"month-7-short","$v":"अगस्ट"},{"$i":"month-8-short","$v":"सेप्टेम्वर"},{"$i":"month-9-short","$v":"अक्टुवर"},{"$i":"month-10-short","$v":"नोभेम्वर"},{"$i":"month-11-short","$v":"डिसेम्वर"},{"$i":"minutes-ago-long","$v":{"zero":"भर्खरै","one":"एक मिनेट अगाडि","two":[{"t":"idOrVar","v":"value"}," मिनेट अगाडि"],"few":[{"t":"idOrVar","v":"value"}," मिनेट अगाडि"],"many":[{"t":"idOrVar","v":"value"}," मिनेट अगाडि"],"other":[{"t":"idOrVar","v":"value"}," मिनेट अगाडि"]},"$x":[{"t":"idOrVar","v":"plural"},"value"]},{"$i":"hours-ago-long","$v":{"zero":"भर्खरै","one":"एक घन्टा अगाडि","two":[{"t":"idOrVar","v":"value"}," घण्टा अगाडि"],"few":[{"t":"idOrVar","v":"value"}," घण्टा अगाडि"],"many":[{"t":"idOrVar","v":"value"}," घण्टा अगाडि"],"other":[{"t":"idOrVar","v":"value"}," घण्टा अगाडि"]},"$x":[{"t":"idOrVar","v":"plural"},"value"]},{"$i":"days-ago-long","$v":{"zero":"आज","one":"हिजो","two":[{"t":"idOrVar","v":"value"}," दिन अगाडि"],"few":[{"t":"idOrVar","v":"value"}," दिन अगाडि"],"many":[{"t":"idOrVar","v":"value"}," दिन अगाडि"],"other":[{"t":"idOrVar","v":"value"}," दिन अगाडि"]},"$x":[{"t":"idOrVar","v":"plural"},"value"]},{"$i":"weeks-ago-long","$v":{"zero":"यो हप्ता","one":"गएको हप्ता","two":[{"t":"idOrVar","v":"value"}," हप्ता अगाडि"],"few":[{"t":"idOrVar","v":"value"}," हप्ता अगाडि"],"many":[{"t":"idOrVar","v":"value"}," हप्ता अगाडि"],"other":[{"t":"idOrVar","v":"value"}," हप्ता अगाडि"]},"$x":[{"t":"idOrVar","v":"plural"},"value"]},{"$i":"months-ago-long","$v":{"zero":"यो महिना","one":"गएको महिना","two":[{"t":"idOrVar","v":"value"}," महिना अगाडि"],"few":[{"t":"idOrVar","v":"value"}," महिना अगाडि"],"many":[{"t":"idOrVar","v":"value"}," महिना अगाडि"],"other":[{"t":"idOrVar","v":"value"}," महिना अगाडि"]},"$x":[{"t":"idOrVar","v":"plural"},"value"]},{"$i":"years-ago-long","$v":{"zero":"यो वर्ष","one":"अघिल्लो वर्ष","two":[{"t":"idOrVar","v":"value"}," वर्ष अगाडि"],"few":[{"t":"idOrVar","v":"value"}," वर्ष अगाडि"],"many":[{"t":"idOrVar","v":"value"}," वर्ष अगाडि"],"other":[{"t":"idOrVar","v":"value"}," वर्ष अगाडि"]},"$x":[{"t":"idOrVar","v":"plural"},"value"]},{"$i":"minutes-until-long","$v":{"zero":"अहिले","one":"एक मिनेटमा","two":[{"t":"idOrVar","v":"value"}," मिनेटमा"],"few":[{"t":"idOrVar","v":"value"}," मिनेटमा"],"many":[{"t":"idOrVar","v":"value"}," मिनेटमा"],"other":[{"t":"idOrVar","v":"value"}," मिनेटमा"]},"$x":[{"t":"idOrVar","v":"plural"},"value"]},{"$i":"hours-until-long","$v":{"zero":"अहिले","one":"एक घण्टामा","two":[{"t":"idOrVar","v":"value"}," घण्टामा"],"few":[{"t":"idOrVar","v":"value"}," घण्टामा"],"many":[{"t":"idOrVar","v":"value"}," घण्टामा"],"other":[{"t":"idOrVar","v":"value"}," घण्टामा"]},"$x":[{"t":"idOrVar","v":"plural"},"value"]},{"$i":"days-until-long","$v":{"zero":"आज","one":"भोलि","two":[{"t":"idOrVar","v":"value"}," दिनमा"],"few":[{"t":"idOrVar","v":"value"}," दिनमा"],"many":[{"t":"idOrVar","v":"value"}," दिनमा"],"other":[{"t":"idOrVar","v":"value"}," दिनमा"]},"$x":[{"t":"idOrVar","v":"plural"},"value"]},{"$i":"weeks-until-long","$v":{"zero":"यो हप्ता","one":"पछिल्लो हप्ता","two":[{"t":"idOrVar","v":"value"}," हप्तामा"],"few":[{"t":"idOrVar","v":"value"}," हप्तामा"],"many":[{"t":"idOrVar","v":"value"}," हप्तामा"],"other":[{"t":"idOrVar","v":"value"}," हप्तामा"]},"$x":[{"t":"idOrVar","v":"plural"},"value"]},{"$i":"months-until-long","$v":{"zero":"यस महिना","one":"पछिल्लो महिना","two":[{"t":"idOrVar","v":"value"}," महिनामा"],"few":[{"t":"idOrVar","v":"value"}," महिनामा"],"many":[{"t":"idOrVar","v":"value"}," महिनामा"],"other":[{"t":"idOrVar","v":"value"}," महिनामा"]},"$x":[{"t":"idOrVar","v":"plural"},"value"]},{"$i":"years-until-long","$v":{"zero":"यस बर्ष","one":"आर्को बर्ष","two":[{"t":"idOrVar","v":"value"}," बर्षमा"],"few":[{"t":"idOrVar","v":"value"}," बर्षमा"],"many":[{"t":"idOrVar","v":"value"}," वर्षमा"],"other":[{"t":"idOrVar","v":"value"}," वर्षमा"]},"$x":[{"t":"idOrVar","v":"plural"},"value"]},{"$i":"minutes-ago-short","$v":{"zero":"भर्खरै","other":[{"t":"idOrVar","v":"value"},"मिनेट अघि"]},"$x":[{"t":"idOrVar","v":"plural"},"value"]},{"$i":"hours-ago-short","$v":{"zero":"भर्खरै","other":[{"t":"idOrVar","v":"value"},"घण्टा अघि"]},"$x":[{"t":"idOrVar","v":"plural"},"value"]},{"$i":"days-ago-short","$v":{"zero":"आज","other":[{"t":"idOrVar","v":"value"},"दिन अघि"]},"$x":[{"t":"idOrVar","v":"plural"},"value"]},{"$i":"minutes-until-short","$v":{"zero":"अहिले","other":[{"t":"idOrVar","v":"value"},"मिनेटमा"]},"$x":[{"t":"idOrVar","v":"plural"},"value"]},{"$i":"hours-until-short","$v":{"zero":"अहिले","other":[{"t":"idOrVar","v":"value"},"घण्टामा"]},"$x":[{"t":"idOrVar","v":"plural"},"value"]},{"$i":"days-until-short","$v":{"zero":"आज","other":[{"t":"idOrVar","v":"value"},"दिनमा"]},"$x":[{"t":"idOrVar","v":"plural"},"value"]},{"$i":"incorrectDate","$v":"(गलत मिति)"},{"$i":"dateTimeFormat_%c","$v":"%a %b %e %Y %I:%M:%S %p"},{"$i":"dateTimeFormat_%x","$v":"%m/%d/%Y"},{"$i":"dateTimeFormat_%X","$v":"%I:%M:%S %p"},{"$i":"shortTimeFormat","$v":"%I:%M %p"},{"$i":"shortTimeFormat12","$v":"%I:%M %p"},{"$i":"shortTimeFormat24","$v":"%H:%M"},{"$i":"shortDateTimeFormat","$v":"%x %I:%M %p"},{"$i":"weekStartsOnMonday","$v":"0"},{"$i":"firstDayOfTheWeek","$v":"0"},{"$i":"time_am","$v":"ए एम"},{"$i":"time_pm","$v":"पी एम"},{"$i":"stopped_download_title","$v":"डाउनलोड रोकिएको"},{"$i":"stopped_download_message","$v":"डाउनलोड रोकिएको थियो । पुन: डाउनलोड गर्ने प्रयास गर्न चाहनु हुन्छ ?"},{"$i":"stopped_download_left_button","$v":"रद्द गर्नुहोस्"},{"$i":"stopped_download_right_button","$v":"फेरि प्रयास गर्नुहोस्"},{"$i":"failed_download_title","$v":"डाउनलोड असफल भयो"},{"$i":"failed_download_message","$v":[{"t":"idOrVar","v":"name"}," डाउनलोड गर्न असफल भयो । पुन: डाउनलोड गर्न चाहनुहुन्छ ?"]},{"$i":"failed_download_left_button","$v":"रद्द गर्नुहोस्"},{"$i":"failed_download_right_button","$v":"पुन: प्रयास गर्नुहोस्"},{"$i":"stop_download_title","$v":"डाउनलोड रोक"},{"$i":"stop_download_message","$v":"के तपाईँ डाउनलोड विराम गर्न चाहानुमा निश्चित हुनुहुन्छ ?"},{"$i":"stop_download_left_button","$v":"हुन्न"},{"$i":"stop_download_right_button","$v":"हो"},{"$i":"delete_download_title","$v":"मेटाउनुहोस्"},{"$i":"delete_download_message","$v":[{"t":"idOrVar","v":"name"}," मेटाउने?"]},{"$i":"delete_download_left_button","$v":"रद्द गर्नुहोस्"},{"$i":"delete_download_right_button","$v":"मेटाउनुहोस्"},{"$i":"delete_all_download_title","$v":"मेटाउनुहोस्"},{"$i":"delete_all_download_left_button","$v":"रद्द गर्नुहोस्"},{"$i":"delete_all_download_right_button","$v":"मेटाउनुहोस्"},{"$i":"delete_all_download_message","$v":{"zero":"कुनै फाइल मेटाउन चाहनु हुन्न ?","one":"एउटा फाइल मेटाउन चाहनु हुन्छ ?","two":[{"t":"idOrVar","v":"number"}," फाइलहरु मेटाउनुहुन्छ ?"],"few":[{"t":"idOrVar","v":"number"}," फाइलहरु मेटाउनुहुन्छ ?"],"many":[{"t":"idOrVar","v":"number"}," फाइलहरु मेटाउनुहुन्छ ?"],"other":[{"t":"idOrVar","v":"number"}," फाइलहरु मेटाउनुहुन्छ ?"]},"$x":[{"t":"idOrVar","v":"plural"},"number"]},{"$i":"unsupported_file_type_download_title","$v":"खोल्न असक्षम"},{"$i":"unsupported_file_type_download_message","$v":[{"t":"idOrVar","v":"name"}," खोल्नमा समस्या भयो। बचत गर्न चाहनु हुन्छ कि मेटाउन चाहनु हुन्छ?"]},{"$i":"unsupported_file_type_download_left_button","$v":"फाइल राख्नुहोस्"},{"$i":"unsupported_file_type_download_right_button","$v":"मेट्नुहोस्"},{"$i":"file_not_found_download_title","$v":"फाइल फेला परेन"},{"$i":"file_not_found_download_message","$v":"डिभाइसमा फाइल फेला परेन"},{"$i":"file_not_found_download_right_button","$v":"ठिक छ"},{"$i":"unmounted_sdcard_2_download_title","$v":"मेमोरी कार्ड प्रयोगमा छ"},{"$i":"unmounted_sdcard_2_download_message","$v":"फोन निकाल्नुहोस्"},{"$i":"unmounted_sdcard_2_download_right_button","$v":"ठीक छ"},{"$i":"no_provider_download_title","$v":"सेयर गर्न असक्षम छ"},{"$i":"no_provider_download_message","$v":"कुनै पार्श्वचित्र पाइएन ।"},{"$i":"no_provider_download_right_button","$v":"ठीक छ"},{"$i":"no_memory_download_title","$v":"SD कार्ड भरियो"},{"$i":"no_memory_download_message","$v":"एसडी कार्डमा डाउनलोड बचत गर्न ठाउँ छैन । कृपया डाउनलोड सुरु गर्नु अघि केहि फाइलहरु हटाउनु होस् ।"},{"$i":"no_memory_download_right_button","$v":"ठीक छ"},{"$i":"no_sdcard_found_2_download_title","$v":"मेमोरी कार्ड भेटिएन"},{"$i":"no_sdcard_found_2_download_message","$v":"मेमोरी कार्ड घुसाउनुहोस् अथवा सेटिंगमा अन्य बैकल्पिक मिडिया स्थान चयन गर्नु होस् "},{"$i":"no_sdcard_found_2_download_right_button","$v":"ठीक छ"},{"$i":"file_open_error_download_title","$v":"खोल्न असक्षम"},{"$i":"file_open_error_download_message","$v":[{"t":"idOrVar","v":"name"}," खोल्नमा समस्या भयो । बचत गर्न चाहनु हुन्छ कि मेटाउन ?"]},{"$i":"file_open_error_download_left_button","$v":"फाइल राख्नुहोस्"},{"$i":"file_open_error_download_right_button","$v":"मेटाउनुहोस्"},{"$i":"restart_download_error","$v":"डाउनलोड पुन सुचारु गर्न समस्या भयो । कृपया पुन प्रयास गर्नु होस् ।"},{"$i":"no-downloads","$v":"डाउनलोड हुन्न"},{"$i":"byteUnit-B","$v":"बाईट"},{"$i":"byteUnit-KB","$v":"किलोबाइट"},{"$i":"byteUnit-MB","$v":"मेगाबाइट"},{"$i":"byteUnit-GB","$v":"गिगाबाइट"},{"$i":"byteUnit-TB","$v":"टि बि"},{"$i":"fileSize","$v":[{"t":"idOrVar","v":"size"}," ",{"t":"idOrVar","v":"unit"}]},{"$i":"percentage","$v":[{"t":"idOrVar","v":"percentage"},"%"]},{"$i":"partialResult","$v":[{"t":"idOrVar","v":"total"}," को ",{"t":"idOrVar","v":"partial"}]},{"$i":"summary","$v":[{"t":"idOrVar","v":"date"},"-",{"t":"idOrVar","v":"status"}]},{"$i":"download-stopped","$v":"रोकियो"},{"$i":"download-failed","$v":"डाउनलोड असफल भयो"},{"$i":"open_downloaded_file","$v":"खोल्नुहोस्"},{"$i":"share_downloaded_file","$v":"साझेदारी गर्नुहोस्"},{"$i":"wallpaper_downloaded_file","$v":"वालपेपरको रुपमा सेट गर्नुहोस्"},{"$i":"ringtone_downloaded_file","$v":"रिङ्गटोनको रुपमा सेट गर्नुहोस् "},{"$i":"cancel_downloaded_file","$v":"रद्द गर्नुहोस्"},{"$i":"select-download","$v":"डाउनलोड चयन गर्नुहोस्"}]