[{"$i":"weekday-0-long","$v":"Воскресенье"},{"$i":"weekday-1-long","$v":"Понедельник"},{"$i":"weekday-2-long","$v":"Вторник"},{"$i":"weekday-3-long","$v":"Среда"},{"$i":"weekday-4-long","$v":"Четверг"},{"$i":"weekday-5-long","$v":"Пятница"},{"$i":"weekday-6-long","$v":"Суббота"},{"$i":"weekday-0-short","$v":"Вс"},{"$i":"weekday-1-short","$v":"Пн"},{"$i":"weekday-2-short","$v":"Вт"},{"$i":"weekday-3-short","$v":"Ср"},{"$i":"weekday-4-short","$v":"Чт"},{"$i":"weekday-5-short","$v":"Пт"},{"$i":"weekday-6-short","$v":"Сб"},{"$i":"month-0-long","$v":"Январь"},{"$i":"month-1-long","$v":"Февраль"},{"$i":"month-2-long","$v":"Март"},{"$i":"month-3-long","$v":"Апрель"},{"$i":"month-4-long","$v":"Май"},{"$i":"month-5-long","$v":"Июнь"},{"$i":"month-6-long","$v":"Июль"},{"$i":"month-7-long","$v":"Август"},{"$i":"month-8-long","$v":"Сентябрь"},{"$i":"month-9-long","$v":"Октябрь"},{"$i":"month-10-long","$v":"Ноябрь"},{"$i":"month-11-long","$v":"Декабрь"},{"$i":"month-0-genitive","$v":"января"},{"$i":"month-1-genitive","$v":"февраля"},{"$i":"month-2-genitive","$v":"марта"},{"$i":"month-3-genitive","$v":"апреля"},{"$i":"month-4-genitive","$v":"мая"},{"$i":"month-5-genitive","$v":"июня"},{"$i":"month-6-genitive","$v":"июля"},{"$i":"month-7-genitive","$v":"августа"},{"$i":"month-8-genitive","$v":"сентября"},{"$i":"month-9-genitive","$v":"октября"},{"$i":"month-10-genitive","$v":"ноября"},{"$i":"month-11-genitive","$v":"декабря"},{"$i":"month-0-short","$v":"Январь"},{"$i":"month-1-short","$v":"Февраль"},{"$i":"month-2-short","$v":"Март"},{"$i":"month-3-short","$v":"Апрель"},{"$i":"month-4-short","$v":"Май"},{"$i":"month-5-short","$v":"Июнь"},{"$i":"month-6-short","$v":"Июль"},{"$i":"month-7-short","$v":"Август"},{"$i":"month-8-short","$v":"Сентябрь"},{"$i":"month-9-short","$v":"Октябрь"},{"$i":"month-10-short","$v":"Ноябрь"},{"$i":"month-11-short","$v":"Декабрь"},{"$i":"minutes-ago-long","$v":{"zero":"прямо сейчас","one":[{"t":"idOrVar","v":"value"}," минуту назад"],"two":[{"t":"idOrVar","v":"value"}," минуты назад"],"few":[{"t":"idOrVar","v":"value"}," минуты назад"],"many":[{"t":"idOrVar","v":"value"}," минут назад"],"other":[{"t":"idOrVar","v":"value"}," минут назад"]},"$x":[{"t":"idOrVar","v":"plural"},"value"]},{"$i":"hours-ago-long","$v":{"zero":"прямо сейчас","one":[{"t":"idOrVar","v":"value"}," час назад"],"two":[{"t":"idOrVar","v":"value"}," часа назад"],"few":[{"t":"idOrVar","v":"value"}," часа назад"],"many":[{"t":"idOrVar","v":"value"}," часов назад"],"other":[{"t":"idOrVar","v":"value"}," часов назад"]},"$x":[{"t":"idOrVar","v":"plural"},"value"]},{"$i":"days-ago-long","$v":{"zero":"сегодня","one":[{"t":"idOrVar","v":"value"}," день назад"],"two":[{"t":"idOrVar","v":"value"}," дня назад"],"few":[{"t":"idOrVar","v":"value"}," дня назад"],"many":[{"t":"idOrVar","v":"value"}," дней назад"],"other":[{"t":"idOrVar","v":"value"}," дней назад"]},"$x":[{"t":"idOrVar","v":"plural"},"value"]},{"$i":"weeks-ago-long","$v":{"zero":"эта неделя","one":[{"t":"idOrVar","v":"value"}," неделя назад"],"two":[{"t":"idOrVar","v":"value"}," недели назад"],"few":[{"t":"idOrVar","v":"value"}," недели назад"],"many":[{"t":"idOrVar","v":"value"}," недель назад"],"other":[{"t":"idOrVar","v":"value"}," недель назад"]},"$x":[{"t":"idOrVar","v":"plural"},"value"]},{"$i":"months-ago-long","$v":{"zero":"этот месяц","one":[{"t":"idOrVar","v":"value"}," месяц назад"],"two":[{"t":"idOrVar","v":"value"}," месяца назад"],"few":[{"t":"idOrVar","v":"value"}," месяца назад"],"many":[{"t":"idOrVar","v":"value"}," месяцев назад"],"other":[{"t":"idOrVar","v":"value"}," месяцев назад"]},"$x":[{"t":"idOrVar","v":"plural"},"value"]},{"$i":"years-ago-long","$v":{"zero":"этот год","one":[{"t":"idOrVar","v":"value"}," год назад"],"two":[{"t":"idOrVar","v":"value"}," года назад"],"few":[{"t":"idOrVar","v":"value"}," года назад"],"many":[{"t":"idOrVar","v":"value"}," лет назад"],"other":[{"t":"idOrVar","v":"value"}," лет назад"]},"$x":[{"t":"idOrVar","v":"plural"},"value"]},{"$i":"minutes-until-long","$v":{"zero":"сейчас","one":["через ",{"t":"idOrVar","v":"value"}," минуту"],"two":["через ",{"t":"idOrVar","v":"value"}," минуты"],"few":["через ",{"t":"idOrVar","v":"value"}," минуты"],"many":["через ",{"t":"idOrVar","v":"value"}," минут"],"other":["через ",{"t":"idOrVar","v":"value"}," минут"]},"$x":[{"t":"idOrVar","v":"plural"},"value"]},{"$i":"hours-until-long","$v":{"zero":"сейчас","one":["через ",{"t":"idOrVar","v":"value"}," час"],"two":["через ",{"t":"idOrVar","v":"value"}," часа"],"few":["через ",{"t":"idOrVar","v":"value"}," часа"],"many":["через ",{"t":"idOrVar","v":"value"}," часов"],"other":["через ",{"t":"idOrVar","v":"value"}," часов"]},"$x":[{"t":"idOrVar","v":"plural"},"value"]},{"$i":"days-until-long","$v":{"zero":"сегодня","one":["через ",{"t":"idOrVar","v":"value"}," день"],"two":["через ",{"t":"idOrVar","v":"value"}," дня"],"few":["через ",{"t":"idOrVar","v":"value"}," дня"],"many":["через ",{"t":"idOrVar","v":"value"}," дней"],"other":["через ",{"t":"idOrVar","v":"value"}," дней"]},"$x":[{"t":"idOrVar","v":"plural"},"value"]},{"$i":"weeks-until-long","$v":{"zero":"эта неделя","one":["через ",{"t":"idOrVar","v":"value"}," неделю"],"two":["через ",{"t":"idOrVar","v":"value"}," недели"],"few":["через ",{"t":"idOrVar","v":"value"}," недели"],"many":["через ",{"t":"idOrVar","v":"value"}," недель"],"other":["через ",{"t":"idOrVar","v":"value"}," недель"]},"$x":[{"t":"idOrVar","v":"plural"},"value"]},{"$i":"months-until-long","$v":{"zero":"этот месяц","one":["через ",{"t":"idOrVar","v":"value"}," месяц"],"two":["через ",{"t":"idOrVar","v":"value"}," месяца"],"few":["через ",{"t":"idOrVar","v":"value"}," месяца"],"many":["через ",{"t":"idOrVar","v":"value"}," месяцев"],"other":["через ",{"t":"idOrVar","v":"value"}," месяцев"]},"$x":[{"t":"idOrVar","v":"plural"},"value"]},{"$i":"years-until-long","$v":{"zero":"этот год","one":["через ",{"t":"idOrVar","v":"value"}," год"],"two":["через ",{"t":"idOrVar","v":"value"}," года"],"few":["через ",{"t":"idOrVar","v":"value"}," года"],"many":["через ",{"t":"idOrVar","v":"value"}," лет"],"other":["через ",{"t":"idOrVar","v":"value"}," лет"]},"$x":[{"t":"idOrVar","v":"plural"},"value"]},{"$i":"minutes-ago-short","$v":{"zero":"сейчас","other":[{"t":"idOrVar","v":"value"},"м назад"]},"$x":[{"t":"idOrVar","v":"plural"},"value"]},{"$i":"hours-ago-short","$v":{"zero":"сейчас","other":[{"t":"idOrVar","v":"value"},"ч назад"]},"$x":[{"t":"idOrVar","v":"plural"},"value"]},{"$i":"days-ago-short","$v":{"zero":"сегодня","other":[{"t":"idOrVar","v":"value"},"д назад"]},"$x":[{"t":"idOrVar","v":"plural"},"value"]},{"$i":"minutes-until-short","$v":{"zero":"сейчас","other":["через ",{"t":"idOrVar","v":"value"},"м"]},"$x":[{"t":"idOrVar","v":"plural"},"value"]},{"$i":"hours-until-short","$v":{"zero":"сейчас","other":["через ",{"t":"idOrVar","v":"value"},"ч"]},"$x":[{"t":"idOrVar","v":"plural"},"value"]},{"$i":"days-until-short","$v":{"zero":"сегодня","other":["через ",{"t":"idOrVar","v":"value"},"д"]},"$x":[{"t":"idOrVar","v":"plural"},"value"]},{"$i":"incorrectDate","$v":"(некорректная дата)"},{"$i":"dateTimeFormat_%c","$v":"%a, %e %Eb %Y, %H:%M:%S"},{"$i":"dateTimeFormat_%x","$v":"%d.%m.%Y"},{"$i":"dateTimeFormat_%X","$v":"%H:%M:%S"},{"$i":"shortTimeFormat","$v":"%H:%M"},{"$i":"shortTimeFormat12","$v":"%I:%M %p"},{"$i":"shortTimeFormat24","$v":"%H:%M"},{"$i":"shortDateTimeFormat","$v":"%x %H:%M"},{"$i":"weekStartsOnMonday","$v":"1"},{"$i":"firstDayOfTheWeek","$v":"1"},{"$i":"time_am","$v":"AM"},{"$i":"time_pm","$v":"PM"},{"$i":"stopped_download_title","$v":"Загрузка остановлена"},{"$i":"stopped_download_message","$v":"Загрузка остановлена. Повторить попытку загрузки?"},{"$i":"stopped_download_left_button","$v":"Отмена"},{"$i":"stopped_download_right_button","$v":"Повторить"},{"$i":"failed_download_title","$v":"Загрузка не удалась"},{"$i":"failed_download_message","$v":["Не удалось загрузить ",{"t":"idOrVar","v":"name"},". Повторить попытку загрузки?"]},{"$i":"failed_download_left_button","$v":"Отмена"},{"$i":"failed_download_right_button","$v":"Повторить"},{"$i":"stop_download_title","$v":"Остановить загрузку"},{"$i":"stop_download_message","$v":"Вы уверены, что хотите остановить загрузку?"},{"$i":"stop_download_left_button","$v":"Нет"},{"$i":"stop_download_right_button","$v":"Да"},{"$i":"delete_download_title","$v":"Удалить"},{"$i":"delete_download_message","$v":["Удалить ",{"t":"idOrVar","v":"name"},"?"]},{"$i":"delete_download_left_button","$v":"Отмена"},{"$i":"delete_download_right_button","$v":"Удалить"},{"$i":"delete_all_download_title","$v":"Удалить"},{"$i":"delete_all_download_left_button","$v":"Отмена"},{"$i":"delete_all_download_right_button","$v":"Удалить"},{"$i":"delete_all_download_message","$v":{"zero":"Не удалять файлы?","one":"Удалить один файл?","two":["Удалить ",{"t":"idOrVar","v":"number"}," файла?"],"few":["Удалить ",{"t":"idOrVar","v":"number"}," файла?"],"many":["Удалить ",{"t":"idOrVar","v":"number"}," файлов?"],"other":["Удалить ",{"t":"idOrVar","v":"number"}," файлов?"]},"$x":[{"t":"idOrVar","v":"plural"},"number"]},{"$i":"unsupported_file_type_download_title","$v":"Невозможно открыть"},{"$i":"unsupported_file_type_download_message","$v":["Нет приложения, которое могло бы открыть ",{"t":"idOrVar","v":"name"},". Вы хотите сохранить файл или удалить его?"]},{"$i":"unsupported_file_type_download_left_button","$v":"Сохранить файл"},{"$i":"unsupported_file_type_download_right_button","$v":"Удалить"},{"$i":"file_not_found_download_title","$v":"Файл не найден"},{"$i":"file_not_found_download_message","$v":"Файл не найден на устройстве"},{"$i":"file_not_found_download_right_button","$v":"OK"},{"$i":"unmounted_sdcard_2_download_title","$v":"Карта памяти сейчас используется"},{"$i":"unmounted_sdcard_2_download_message","$v":"Отсоединить телефон"},{"$i":"unmounted_sdcard_2_download_right_button","$v":"OK"},{"$i":"no_provider_download_title","$v":"Не удалось поделиться"},{"$i":"no_provider_download_message","$v":"Не найден провайдер"},{"$i":"no_provider_download_right_button","$v":"OK"},{"$i":"no_memory_download_title","$v":"На SD-карте больше нет места"},{"$i":"no_memory_download_message","$v":"На вашей SD-карте больше нет места для сохранения загрузки. Пожалуйста, удалите несколько файлов перед перезапуском загрузки."},{"$i":"no_memory_download_right_button","$v":"OK"},{"$i":"no_sdcard_found_2_download_title","$v":"Не найдена карта памяти"},{"$i":"no_sdcard_found_2_download_message","$v":"Вставьте карту памяти или выберите в параметрах другое расположение медиа по умолчанию"},{"$i":"no_sdcard_found_2_download_right_button","$v":"OK"},{"$i":"file_open_error_download_title","$v":"Не удалось открыть"},{"$i":"file_open_error_download_message","$v":["При открытии ",{"t":"idOrVar","v":"name"}," возникла проблема. Вы хотите сохранить файл или удалить его?"]},{"$i":"file_open_error_download_left_button","$v":"Сохранить файл"},{"$i":"file_open_error_download_right_button","$v":"Удалить"},{"$i":"restart_download_error","$v":"При перезапуске загрузки произошла ошибка. Пожалуйста, попробуйте загрузить снова."},{"$i":"no-downloads","$v":"Нет загрузок"},{"$i":"byteUnit-B","$v":"байт"},{"$i":"byteUnit-KB","$v":"КБ"},{"$i":"byteUnit-MB","$v":"МБ"},{"$i":"byteUnit-GB","$v":"ГБ"},{"$i":"byteUnit-TB","$v":"ТБ"},{"$i":"fileSize","$v":[{"t":"idOrVar","v":"size"}," ",{"t":"idOrVar","v":"unit"}]},{"$i":"percentage","$v":[{"t":"idOrVar","v":"percentage"}," %"]},{"$i":"partialResult","$v":[{"t":"idOrVar","v":"partial"}," из ",{"t":"idOrVar","v":"total"}]},{"$i":"summary","$v":[{"t":"idOrVar","v":"date"}," - ",{"t":"idOrVar","v":"status"}]},{"$i":"download-stopped","$v":"Остановлена"},{"$i":"download-failed","$v":"Загрузка не удалась"},{"$i":"open_downloaded_file","$v":"Открыть"},{"$i":"share_downloaded_file","$v":"Поделиться"},{"$i":"wallpaper_downloaded_file","$v":"Установить как обои"},{"$i":"ringtone_downloaded_file","$v":"Установить как мелодию"},{"$i":"cancel_downloaded_file","$v":"Отмена"},{"$i":"select-download","$v":"Выберите загрузку"}]