[{"$i":"weekday-0-long","$v":"Недеља"},{"$i":"weekday-1-long","$v":"Понедељак"},{"$i":"weekday-2-long","$v":"Уторак"},{"$i":"weekday-3-long","$v":"Среда"},{"$i":"weekday-4-long","$v":"Четвртак"},{"$i":"weekday-5-long","$v":"Петак"},{"$i":"weekday-6-long","$v":"Субота"},{"$i":"weekday-0-short","$v":"Нед"},{"$i":"weekday-1-short","$v":"Пон"},{"$i":"weekday-2-short","$v":"Уто"},{"$i":"weekday-3-short","$v":"Сре"},{"$i":"weekday-4-short","$v":"Чет"},{"$i":"weekday-5-short","$v":"Пет"},{"$i":"weekday-6-short","$v":"Суб"},{"$i":"month-0-long","$v":"јануар"},{"$i":"month-1-long","$v":"фебруар"},{"$i":"month-2-long","$v":"март"},{"$i":"month-3-long","$v":"април"},{"$i":"month-4-long","$v":"мај"},{"$i":"month-5-long","$v":"јун"},{"$i":"month-6-long","$v":"јул"},{"$i":"month-7-long","$v":"август"},{"$i":"month-8-long","$v":"септембар"},{"$i":"month-9-long","$v":"октобар"},{"$i":"month-10-long","$v":"новембар"},{"$i":"month-11-long","$v":"децембар"},{"$i":"month-0-genitive","$v":"јануара"},{"$i":"month-1-genitive","$v":"фебруара"},{"$i":"month-2-genitive","$v":"марта"},{"$i":"month-3-genitive","$v":"априла"},{"$i":"month-4-genitive","$v":"маја"},{"$i":"month-5-genitive","$v":"јуна"},{"$i":"month-6-genitive","$v":"јула"},{"$i":"month-7-genitive","$v":"августа"},{"$i":"month-8-genitive","$v":"септембра"},{"$i":"month-9-genitive","$v":"октобра"},{"$i":"month-10-genitive","$v":"новембра"},{"$i":"month-11-genitive","$v":"децембра"},{"$i":"month-0-short","$v":"јан"},{"$i":"month-1-short","$v":"феб"},{"$i":"month-2-short","$v":"мар"},{"$i":"month-3-short","$v":"апр"},{"$i":"month-4-short","$v":"мај"},{"$i":"month-5-short","$v":"јун"},{"$i":"month-6-short","$v":"јул"},{"$i":"month-7-short","$v":"авг"},{"$i":"month-8-short","$v":"сеп"},{"$i":"month-9-short","$v":"окт"},{"$i":"month-10-short","$v":"нов"},{"$i":"month-11-short","$v":"дец"},{"$i":"minutes-ago-long","$v":{"zero":"управо","one":"пре минут","two":["пре ",{"t":"idOrVar","v":"value"}," минута"],"few":["пре ",{"t":"idOrVar","v":"value"}," минута"],"many":["пре ",{"t":"idOrVar","v":"value"}," минута"],"other":["пре ",{"t":"idOrVar","v":"value"}," минута"]},"$x":[{"t":"idOrVar","v":"plural"},"value"]},{"$i":"hours-ago-long","$v":{"zero":"управо","one":"пре сат времена","two":["пре ",{"t":"idOrVar","v":"value"}," сата"],"few":["пре ",{"t":"idOrVar","v":"value"}," сати"],"many":["пре ",{"t":"idOrVar","v":"value"}," сати"],"other":["пре ",{"t":"idOrVar","v":"value"}," сати"]},"$x":[{"t":"idOrVar","v":"plural"},"value"]},{"$i":"days-ago-long","$v":{"zero":"данас","one":"јуче","two":["пре ",{"t":"idOrVar","v":"value"}," дана"],"few":["пре ",{"t":"idOrVar","v":"value"}," дана"],"many":["пре ",{"t":"idOrVar","v":"value"}," дана"],"other":["пре ",{"t":"idOrVar","v":"value"}," дана"]},"$x":[{"t":"idOrVar","v":"plural"},"value"]},{"$i":"weeks-ago-long","$v":{"zero":"ове недеље","one":"прошле недеље","two":["пре ",{"t":"idOrVar","v":"value"}," недеље"],"few":["пре ",{"t":"idOrVar","v":"value"}," недеља"],"many":["пре ",{"t":"idOrVar","v":"value"}," недеља"],"other":["пре ",{"t":"idOrVar","v":"value"}," недеља"]},"$x":[{"t":"idOrVar","v":"plural"},"value"]},{"$i":"months-ago-long","$v":{"zero":"овог месеца","one":"прошлог месеца","two":["пре ",{"t":"idOrVar","v":"value"}," месеца"],"few":["пре ",{"t":"idOrVar","v":"value"}," месеци"],"many":["пре ",{"t":"idOrVar","v":"value"}," месеци"],"other":["пре ",{"t":"idOrVar","v":"value"}," месеци"]},"$x":[{"t":"idOrVar","v":"plural"},"value"]},{"$i":"years-ago-long","$v":{"zero":"ове године","one":"прошле године","two":["пре ",{"t":"idOrVar","v":"value"}," године"],"few":["пре ",{"t":"idOrVar","v":"value"}," година"],"many":["пре ",{"t":"idOrVar","v":"value"}," година"],"other":["пре ",{"t":"idOrVar","v":"value"}," година"]},"$x":[{"t":"idOrVar","v":"plural"},"value"]},{"$i":"minutes-until-long","$v":{"zero":"управо","one":"за један минут","two":["за ",{"t":"idOrVar","v":"value"}," минута"],"few":["за ",{"t":"idOrVar","v":"value"}," минута"],"many":["за ",{"t":"idOrVar","v":"value"}," минута"],"other":["за ",{"t":"idOrVar","v":"value"}," минута"]},"$x":[{"t":"idOrVar","v":"plural"},"value"]},{"$i":"hours-until-long","$v":{"zero":"управо","one":"за сат времена","two":["за ",{"t":"idOrVar","v":"value"}," сата"],"few":["за ",{"t":"idOrVar","v":"value"}," сати"],"many":["за ",{"t":"idOrVar","v":"value"}," сати"],"other":["за ",{"t":"idOrVar","v":"value"}," сати"]},"$x":[{"t":"idOrVar","v":"plural"},"value"]},{"$i":"days-until-long","$v":{"zero":"данас","one":"сутра","two":["за ",{"t":"idOrVar","v":"value"}," дана"],"few":["за ",{"t":"idOrVar","v":"value"}," дана"],"many":["за ",{"t":"idOrVar","v":"value"}," дана"],"other":["за ",{"t":"idOrVar","v":"value"}," дана"]},"$x":[{"t":"idOrVar","v":"plural"},"value"]},{"$i":"weeks-until-long","$v":{"zero":"ове недеље","one":"следеће недеље","two":["за ",{"t":"idOrVar","v":"value"}," недеље"],"few":["за ",{"t":"idOrVar","v":"value"}," недеља"],"many":["за ",{"t":"idOrVar","v":"value"}," недеља"],"other":["за ",{"t":"idOrVar","v":"value"}," недеља"]},"$x":[{"t":"idOrVar","v":"plural"},"value"]},{"$i":"months-until-long","$v":{"zero":"овог месеца","one":"следећег месеца","two":["за ",{"t":"idOrVar","v":"value"}," месеца"],"few":["за ",{"t":"idOrVar","v":"value"}," месеци"],"many":["за ",{"t":"idOrVar","v":"value"}," месеци"],"other":["за ",{"t":"idOrVar","v":"value"}," месеци"]},"$x":[{"t":"idOrVar","v":"plural"},"value"]},{"$i":"years-until-long","$v":{"zero":"ове године","one":"следеће године","two":["за ",{"t":"idOrVar","v":"value"}," године"],"few":["за ",{"t":"idOrVar","v":"value"}," година"],"many":["за ",{"t":"idOrVar","v":"value"}," година"],"other":["за ",{"t":"idOrVar","v":"value"}," година"]},"$x":[{"t":"idOrVar","v":"plural"},"value"]},{"$i":"minutes-ago-short","$v":{"zero":"управо","other":["пре ",{"t":"idOrVar","v":"value"},"м"]},"$x":[{"t":"idOrVar","v":"plural"},"value"]},{"$i":"hours-ago-short","$v":{"zero":"управо","other":["пре ",{"t":"idOrVar","v":"value"},"с"]},"$x":[{"t":"idOrVar","v":"plural"},"value"]},{"$i":"days-ago-short","$v":{"zero":"данас","other":["пре ",{"t":"idOrVar","v":"value"},"д"]},"$x":[{"t":"idOrVar","v":"plural"},"value"]},{"$i":"minutes-until-short","$v":{"zero":"управо","other":["за ",{"t":"idOrVar","v":"value"},"м"]},"$x":[{"t":"idOrVar","v":"plural"},"value"]},{"$i":"hours-until-short","$v":{"zero":"управо","other":["за ",{"t":"idOrVar","v":"value"},"с"]},"$x":[{"t":"idOrVar","v":"plural"},"value"]},{"$i":"days-until-short","$v":{"zero":"данас","other":["за ",{"t":"idOrVar","v":"value"},"д"]},"$x":[{"t":"idOrVar","v":"plural"},"value"]},{"$i":"incorrectDate","$v":"(нетачан датум)"},{"$i":"dateTimeFormat_%c","$v":"%a %e %b %Y %H:%M:%S"},{"$i":"dateTimeFormat_%x","$v":"%d.%m.%Y"},{"$i":"dateTimeFormat_%X","$v":"%H:%M:%S"},{"$i":"shortTimeFormat","$v":"%H:%M"},{"$i":"shortTimeFormat12","$v":"%I:%M %p"},{"$i":"shortTimeFormat24","$v":"%H:%M"},{"$i":"shortDateTimeFormat","$v":"%x %H:%M"},{"$i":"weekStartsOnMonday","$v":"1"},{"$i":"firstDayOfTheWeek","$v":"1"},{"$i":"time_am","$v":"AM"},{"$i":"time_pm","$v":"PM"},{"$i":"stopped_download_title","$v":"Преузимање заустављено"},{"$i":"stopped_download_message","$v":"Преузимање је заустављено. Покушати поново преузети?"},{"$i":"stopped_download_left_button","$v":"Откажи"},{"$i":"stopped_download_right_button","$v":"Покушај"},{"$i":"failed_download_title","$v":"Преузимање неуспешно"},{"$i":"failed_download_message","$v":[{"t":"idOrVar","v":"name"}," није преузет. Покушати поново преузети?"]},{"$i":"failed_download_left_button","$v":"Откажи"},{"$i":"failed_download_right_button","$v":"Покушај"},{"$i":"stop_download_title","$v":"Заустави преузимање"},{"$i":"stop_download_message","$v":"Да ли сте сигурни да желите зауставити преузимање?"},{"$i":"stop_download_left_button","$v":"Не"},{"$i":"stop_download_right_button","$v":"Да"},{"$i":"delete_download_title","$v":"Избриши"},{"$i":"delete_download_message","$v":["Избриши ",{"t":"idOrVar","v":"name"},"?"]},{"$i":"delete_download_left_button","$v":"Откажи"},{"$i":"delete_download_right_button","$v":"Избриши"},{"$i":"delete_all_download_title","$v":"Избриши"},{"$i":"delete_all_download_left_button","$v":"Откажи"},{"$i":"delete_all_download_right_button","$v":"Избриши"},{"$i":"delete_all_download_message","$v":{"zero":"Немој избрисати датотеке?","one":"Избрисати једну датотеку?","two":["Избрисати ",{"t":"idOrVar","v":"number"}," датотеке?"],"few":["Избрисати ",{"t":"idOrVar","v":"number"}," датотека?"],"many":["Избрисати ",{"t":"idOrVar","v":"number"}," датотека?"],"other":["Избрисати ",{"t":"idOrVar","v":"number"}," датотека?"]},"$x":[{"t":"idOrVar","v":"plural"},"number"]},{"$i":"unsupported_file_type_download_title","$v":"Не могу отворити"},{"$i":"unsupported_file_type_download_message","$v":["Не постоји апликација са којом можете отворити ",{"t":"idOrVar","v":"name"},". Да ли желите да сачувате датотеку или да је избришете?"]},{"$i":"unsupported_file_type_download_left_button","$v":"Сачувај"},{"$i":"unsupported_file_type_download_right_button","$v":"Избриши"},{"$i":"file_not_found_download_title","$v":"Датотека није пронађена"},{"$i":"file_not_found_download_message","$v":"Датотека није пронађена на уређају"},{"$i":"file_not_found_download_right_button","$v":"У реду"},{"$i":"unmounted_sdcard_2_download_title","$v":"Меморијска картица је у употреби"},{"$i":"unmounted_sdcard_2_download_message","$v":"Искључите кабел из телефона"},{"$i":"unmounted_sdcard_2_download_right_button","$v":"У реду"},{"$i":"no_provider_download_title","$v":"Не могу делити"},{"$i":"no_provider_download_message","$v":"Није пронађен провајдер"},{"$i":"no_provider_download_right_button","$v":"У реду"},{"$i":"no_memory_download_title","$v":"SD картица је пуна"},{"$i":"no_memory_download_message","$v":"Нема више места на Вашој SD картици за чувавање преузимања. Молимо Вас избришите неке датотеке пре него што поново покушате преузети датотеке."},{"$i":"no_memory_download_right_button","$v":"У реду"},{"$i":"no_sdcard_found_2_download_title","$v":"Није пронађена меморијска картица"},{"$i":"no_sdcard_found_2_download_message","$v":"Убаците меморијску картицу или одаберите друго подразумевано место за чување медија у поставкама"},{"$i":"no_sdcard_found_2_download_right_button","$v":"У реду"},{"$i":"file_open_error_download_title","$v":"Не могу отворити"},{"$i":"file_open_error_download_message","$v":["Не могу отворити датотеку ",{"t":"idOrVar","v":"name"},". Да ли желите да је сачувате или избришете?"]},{"$i":"file_open_error_download_left_button","$v":"Сачувај"},{"$i":"file_open_error_download_right_button","$v":"Избриши"},{"$i":"restart_download_error","$v":"Дошло је до грешке приликом поновног покушаја преузимања. Молимо Вас покушајте да поново преузмете."},{"$i":"no-downloads","$v":"Нема преузимања"},{"$i":"byteUnit-B","$v":"B"},{"$i":"byteUnit-KB","$v":"KB"},{"$i":"byteUnit-MB","$v":"MB"},{"$i":"byteUnit-GB","$v":"GB"},{"$i":"byteUnit-TB","$v":"TB"},{"$i":"fileSize","$v":[{"t":"idOrVar","v":"size"}," ",{"t":"idOrVar","v":"unit"}]},{"$i":"percentage","$v":[{"t":"idOrVar","v":"percentage"}," %"]},{"$i":"partialResult","$v":[{"t":"idOrVar","v":"partial"}," од ",{"t":"idOrVar","v":"total"}]},{"$i":"summary","$v":[{"t":"idOrVar","v":"date"}," - ",{"t":"idOrVar","v":"status"}]},{"$i":"download-stopped","$v":"Заустављено"},{"$i":"download-failed","$v":"Преузимање неуспешно"},{"$i":"open_downloaded_file","$v":"Отвори"},{"$i":"share_downloaded_file","$v":"Подели"},{"$i":"wallpaper_downloaded_file","$v":"Постави као позадину"},{"$i":"ringtone_downloaded_file","$v":"Постави као мелодију"},{"$i":"cancel_downloaded_file","$v":"Откажи"},{"$i":"select-download","$v":"Изаберите преузимање"}]