[{"$i":"weekday-0-long","$v":"Söndag"},{"$i":"weekday-1-long","$v":"Måndag"},{"$i":"weekday-2-long","$v":"Tisdag"},{"$i":"weekday-3-long","$v":"Onsdag"},{"$i":"weekday-4-long","$v":"Torsdag"},{"$i":"weekday-5-long","$v":"Fredag"},{"$i":"weekday-6-long","$v":"Lördag"},{"$i":"weekday-0-short","$v":"Sön"},{"$i":"weekday-1-short","$v":"Mån"},{"$i":"weekday-2-short","$v":"Tis"},{"$i":"weekday-3-short","$v":"Ons"},{"$i":"weekday-4-short","$v":"Tor"},{"$i":"weekday-5-short","$v":"Fre"},{"$i":"weekday-6-short","$v":"Lör"},{"$i":"month-0-long","$v":"Januari"},{"$i":"month-1-long","$v":"Februari"},{"$i":"month-2-long","$v":"Mars"},{"$i":"month-3-long","$v":"April"},{"$i":"month-4-long","$v":"Maj"},{"$i":"month-5-long","$v":"Juni"},{"$i":"month-6-long","$v":"Juli"},{"$i":"month-7-long","$v":"Augusti"},{"$i":"month-8-long","$v":"September"},{"$i":"month-9-long","$v":"Oktober"},{"$i":"month-10-long","$v":"November"},{"$i":"month-11-long","$v":"December"},{"$i":"month-0-genitive","$v":"Januari"},{"$i":"month-1-genitive","$v":"Februari"},{"$i":"month-2-genitive","$v":"Mars"},{"$i":"month-3-genitive","$v":"April"},{"$i":"month-4-genitive","$v":"Maj"},{"$i":"month-5-genitive","$v":"Juni"},{"$i":"month-6-genitive","$v":"Juli"},{"$i":"month-7-genitive","$v":"Augusti"},{"$i":"month-8-genitive","$v":"September"},{"$i":"month-9-genitive","$v":"Oktober"},{"$i":"month-10-genitive","$v":"November"},{"$i":"month-11-genitive","$v":"December"},{"$i":"month-0-short","$v":"Jan"},{"$i":"month-1-short","$v":"Feb"},{"$i":"month-2-short","$v":"Mar"},{"$i":"month-3-short","$v":"Apr"},{"$i":"month-4-short","$v":"Maj"},{"$i":"month-5-short","$v":"Jun"},{"$i":"month-6-short","$v":"Jul"},{"$i":"month-7-short","$v":"Aug"},{"$i":"month-8-short","$v":"Sep"},{"$i":"month-9-short","$v":"Okt"},{"$i":"month-10-short","$v":"Nov"},{"$i":"month-11-short","$v":"Dec"},{"$i":"minutes-ago-long","$v":{"zero":"nyss","one":"en minut sen","two":[{"t":"idOrVar","v":"value"}," minuter sen"],"few":[{"t":"idOrVar","v":"value"}," minuter sen"],"many":[{"t":"idOrVar","v":"value"}," minuter sen"],"other":[{"t":"idOrVar","v":"value"}," minuter sen"]},"$x":[{"t":"idOrVar","v":"plural"},"value"]},{"$i":"hours-ago-long","$v":{"zero":"nyss","one":"en timme sen","two":[{"t":"idOrVar","v":"value"}," timmar sen"],"few":[{"t":"idOrVar","v":"value"}," timmar sen"],"many":[{"t":"idOrVar","v":"value"}," timmar sen"],"other":[{"t":"idOrVar","v":"value"}," timmar sen"]},"$x":[{"t":"idOrVar","v":"plural"},"value"]},{"$i":"days-ago-long","$v":{"zero":"idag","one":"igår","two":[{"t":"idOrVar","v":"value"}," dagar sen"],"few":[{"t":"idOrVar","v":"value"}," dagar sen"],"many":[{"t":"idOrVar","v":"value"}," dagar sen"],"other":[{"t":"idOrVar","v":"value"}," dagar sen"]},"$x":[{"t":"idOrVar","v":"plural"},"value"]},{"$i":"weeks-ago-long","$v":{"zero":"denna vecka","one":"förra veckan","two":[{"t":"idOrVar","v":"value"}," veckor sen"],"few":[{"t":"idOrVar","v":"value"}," veckor sen"],"many":[{"t":"idOrVar","v":"value"}," veckor sen"],"other":[{"t":"idOrVar","v":"value"}," veckor sen"]},"$x":[{"t":"idOrVar","v":"plural"},"value"]},{"$i":"months-ago-long","$v":{"zero":"denna månad","one":"förra månaden","two":[{"t":"idOrVar","v":"value"}," månader sen"],"few":[{"t":"idOrVar","v":"value"}," månader sen"],"many":[{"t":"idOrVar","v":"value"}," månader sen"],"other":[{"t":"idOrVar","v":"value"}," månader sen"]},"$x":[{"t":"idOrVar","v":"plural"},"value"]},{"$i":"years-ago-long","$v":{"zero":"detta år","one":"förra året","two":[{"t":"idOrVar","v":"value"}," år sen"],"few":[{"t":"idOrVar","v":"value"}," år sen"],"many":[{"t":"idOrVar","v":"value"}," år sen"],"other":[{"t":"idOrVar","v":"value"}," år sen"]},"$x":[{"t":"idOrVar","v":"plural"},"value"]},{"$i":"minutes-until-long","$v":{"zero":"nu","one":"om en minut","two":["om ",{"t":"idOrVar","v":"value"}," minuter"],"few":["om ",{"t":"idOrVar","v":"value"}," minuter"],"many":["om ",{"t":"idOrVar","v":"value"}," minuter"],"other":["om ",{"t":"idOrVar","v":"value"}," minuter"]},"$x":[{"t":"idOrVar","v":"plural"},"value"]},{"$i":"hours-until-long","$v":{"zero":"nu","one":"om en timme","two":["om ",{"t":"idOrVar","v":"value"}," timmar"],"few":["om ",{"t":"idOrVar","v":"value"}," timmar"],"many":["om ",{"t":"idOrVar","v":"value"}," timmar"],"other":["om ",{"t":"idOrVar","v":"value"}," timmar"]},"$x":[{"t":"idOrVar","v":"plural"},"value"]},{"$i":"days-until-long","$v":{"zero":"idag","one":"imorgon","two":["om ",{"t":"idOrVar","v":"value"}," dagar"],"few":["om ",{"t":"idOrVar","v":"value"}," dagar"],"many":["om ",{"t":"idOrVar","v":"value"}," dagar"],"other":["om ",{"t":"idOrVar","v":"value"}," dagar"]},"$x":[{"t":"idOrVar","v":"plural"},"value"]},{"$i":"weeks-until-long","$v":{"zero":"denna vecka","one":"nästa vecka","two":["om ",{"t":"idOrVar","v":"value"}," veckor"],"few":["om ",{"t":"idOrVar","v":"value"}," veckor"],"many":["om ",{"t":"idOrVar","v":"value"}," veckor"],"other":["om ",{"t":"idOrVar","v":"value"}," veckor"]},"$x":[{"t":"idOrVar","v":"plural"},"value"]},{"$i":"months-until-long","$v":{"zero":"denna månad","one":"nästa månad","two":["om ",{"t":"idOrVar","v":"value"}," månader"],"few":["om ",{"t":"idOrVar","v":"value"}," månader"],"many":["om ",{"t":"idOrVar","v":"value"}," månader"],"other":["om ",{"t":"idOrVar","v":"value"}," månader"]},"$x":[{"t":"idOrVar","v":"plural"},"value"]},{"$i":"years-until-long","$v":{"zero":"detta år","one":"nästa år","two":["om ",{"t":"idOrVar","v":"value"}," år"],"few":["om ",{"t":"idOrVar","v":"value"}," år"],"many":["om ",{"t":"idOrVar","v":"value"}," år"],"other":["om ",{"t":"idOrVar","v":"value"}," år"]},"$x":[{"t":"idOrVar","v":"plural"},"value"]},{"$i":"minutes-ago-short","$v":{"zero":"nyss","other":[{"t":"idOrVar","v":"value"}," min sen"]},"$x":[{"t":"idOrVar","v":"plural"},"value"]},{"$i":"hours-ago-short","$v":{"zero":"nyss","other":[{"t":"idOrVar","v":"value"}," tim. sen"]},"$x":[{"t":"idOrVar","v":"plural"},"value"]},{"$i":"days-ago-short","$v":{"zero":"idag","other":[{"t":"idOrVar","v":"value"}," dygn sen"]},"$x":[{"t":"idOrVar","v":"plural"},"value"]},{"$i":"minutes-until-short","$v":{"zero":"nu","other":["om ",{"t":"idOrVar","v":"value"}," min"]},"$x":[{"t":"idOrVar","v":"plural"},"value"]},{"$i":"hours-until-short","$v":{"zero":"nu","other":["om ",{"t":"idOrVar","v":"value"}," tim."]},"$x":[{"t":"idOrVar","v":"plural"},"value"]},{"$i":"days-until-short","$v":{"zero":"idag","other":["om ",{"t":"idOrVar","v":"value"}," dygn"]},"$x":[{"t":"idOrVar","v":"plural"},"value"]},{"$i":"incorrectDate","$v":"(felaktigt datum)"},{"$i":"dateTimeFormat_%c","$v":"%a %e %b %Y %H:%M:%S"},{"$i":"dateTimeFormat_%x","$v":"%d/%m/%Y"},{"$i":"dateTimeFormat_%X","$v":"%H:%M:%S"},{"$i":"shortTimeFormat","$v":"%H:%M"},{"$i":"shortTimeFormat12","$v":"%I:%M %p"},{"$i":"shortTimeFormat24","$v":"%H:%M"},{"$i":"shortDateTimeFormat","$v":"%x %H:%M"},{"$i":"weekStartsOnMonday","$v":"1"},{"$i":"firstDayOfTheWeek","$v":"1"},{"$i":"time_am","$v":"AM"},{"$i":"time_pm","$v":"PM"},{"$i":"stopped_download_title","$v":"Nedladdning stoppad"},{"$i":"stopped_download_message","$v":"Nedladdning stoppades. Försök att ladda ner igen?"},{"$i":"stopped_download_left_button","$v":"Avbryt"},{"$i":"stopped_download_right_button","$v":"Försök igen"},{"$i":"failed_download_title","$v":"Nerladdning misslyckades"},{"$i":"failed_download_message","$v":[{"t":"idOrVar","v":"name"}," misslyckades att laddas ner. Försök att ladda ner igen?"]},{"$i":"failed_download_left_button","$v":"Avbryt"},{"$i":"failed_download_right_button","$v":"Försök igen"},{"$i":"stop_download_title","$v":"Avbryt nedladdning"},{"$i":"stop_download_message","$v":"Är du säker på att du vill avbryta nedladdning?"},{"$i":"stop_download_left_button","$v":"Nej"},{"$i":"stop_download_right_button","$v":"Ja"},{"$i":"delete_download_title","$v":"Ta bort"},{"$i":"delete_download_message","$v":["Ta bort ",{"t":"idOrVar","v":"name"},"?"]},{"$i":"delete_download_left_button","$v":"Avbryt"},{"$i":"delete_download_right_button","$v":"Ta bort"},{"$i":"delete_all_download_title","$v":"Ta bort"},{"$i":"delete_all_download_left_button","$v":"Avbryt"},{"$i":"delete_all_download_right_button","$v":"Ta bort"},{"$i":"delete_all_download_message","$v":{"zero":"Ta bort inga filer?","one":"Ta bort en fil?","two":["Ta bort ",{"t":"idOrVar","v":"number"}," filer?"],"few":["Ta bort ",{"t":"idOrVar","v":"number"}," filer?"],"many":["Ta bort ",{"t":"idOrVar","v":"number"}," filer?"],"other":["Ta bort ",{"t":"idOrVar","v":"number"}," filer?"]},"$x":[{"t":"idOrVar","v":"plural"},"number"]},{"$i":"unsupported_file_type_download_title","$v":"Kan inte öppna"},{"$i":"unsupported_file_type_download_message","$v":["Det finns ingen app som kan öppna ",{"t":"idOrVar","v":"name"},". Vill du spara eller ta bort den?"]},{"$i":"unsupported_file_type_download_left_button","$v":"Behåll fil"},{"$i":"unsupported_file_type_download_right_button","$v":"Ta bort"},{"$i":"file_not_found_download_title","$v":"Filen hittades inte"},{"$i":"file_not_found_download_message","$v":"Filen hittades inte på enheten"},{"$i":"file_not_found_download_right_button","$v":"OK"},{"$i":"unmounted_sdcard_2_download_title","$v":"Minneskortet används"},{"$i":"unmounted_sdcard_2_download_message","$v":"Koppla ur telefonen"},{"$i":"unmounted_sdcard_2_download_right_button","$v":"OK"},{"$i":"no_provider_download_title","$v":"Kan inte dela"},{"$i":"no_provider_download_message","$v":"Ingen leverantör hittades"},{"$i":"no_provider_download_right_button","$v":"OK"},{"$i":"no_memory_download_title","$v":"Minneskortet är fullt"},{"$i":"no_memory_download_message","$v":"Det finns ingen mer plats på minneskortet för att spara din nedladdning. Ta bort några filer innan du startar om nedladdningen."},{"$i":"no_memory_download_right_button","$v":"OK"},{"$i":"no_sdcard_found_2_download_title","$v":"Inget minneskort hittades"},{"$i":"no_sdcard_found_2_download_message","$v":"Sätt i ett minneskort eller välj en annan standardplats för media i inställningar"},{"$i":"no_sdcard_found_2_download_right_button","$v":"OK"},{"$i":"file_open_error_download_title","$v":"Kan inte öppna"},{"$i":"file_open_error_download_message","$v":["Det uppstod ett problem med att öppna ",{"t":"idOrVar","v":"name"},". Vill du spara filen eller ta bort den?"]},{"$i":"file_open_error_download_left_button","$v":"Behåll fil"},{"$i":"file_open_error_download_right_button","$v":"Ta bort"},{"$i":"restart_download_error","$v":"Det uppstod ett fel när du startade om nedladdningen. Försök att ladda ner igen."},{"$i":"no-downloads","$v":"Inga nedladdningar"},{"$i":"byteUnit-B","$v":"B"},{"$i":"byteUnit-KB","$v":"kB"},{"$i":"byteUnit-MB","$v":"MB"},{"$i":"byteUnit-GB","$v":"GB"},{"$i":"byteUnit-TB","$v":"TB"},{"$i":"fileSize","$v":[{"t":"idOrVar","v":"size"}," ",{"t":"idOrVar","v":"unit"}]},{"$i":"percentage","$v":[{"t":"idOrVar","v":"percentage"}," %"]},{"$i":"partialResult","$v":[{"t":"idOrVar","v":"partial"}," av ",{"t":"idOrVar","v":"total"}]},{"$i":"summary","$v":[{"t":"idOrVar","v":"date"}," - ",{"t":"idOrVar","v":"status"}]},{"$i":"download-stopped","$v":"Stoppad"},{"$i":"download-failed","$v":"Nedladdning misslyckades"},{"$i":"open_downloaded_file","$v":"Öppna"},{"$i":"share_downloaded_file","$v":"Dela"},{"$i":"wallpaper_downloaded_file","$v":"Sätt som bakgrundsbild"},{"$i":"ringtone_downloaded_file","$v":"Sätt som ringsignal"},{"$i":"cancel_downloaded_file","$v":"Avbryt"},{"$i":"select-download","$v":"Välj nedladdning"}]