[{"$i":"weekday-0-long","$v":"Pazar"},{"$i":"weekday-1-long","$v":"Pazartesi"},{"$i":"weekday-2-long","$v":"Salı"},{"$i":"weekday-3-long","$v":"Çarşamba"},{"$i":"weekday-4-long","$v":"Perşembe"},{"$i":"weekday-5-long","$v":"Cuma"},{"$i":"weekday-6-long","$v":"Cumartesi"},{"$i":"weekday-0-short","$v":"Pzr"},{"$i":"weekday-1-short","$v":"Pzt"},{"$i":"weekday-2-short","$v":"Sal"},{"$i":"weekday-3-short","$v":"Çar"},{"$i":"weekday-4-short","$v":"Per"},{"$i":"weekday-5-short","$v":"Cum"},{"$i":"weekday-6-short","$v":"Cmt"},{"$i":"month-0-long","$v":"Ocak"},{"$i":"month-1-long","$v":"Şubat"},{"$i":"month-2-long","$v":"Mart"},{"$i":"month-3-long","$v":"Nisan"},{"$i":"month-4-long","$v":"Mayıs"},{"$i":"month-5-long","$v":"Haziran"},{"$i":"month-6-long","$v":"Temmuz"},{"$i":"month-7-long","$v":"Ağustos"},{"$i":"month-8-long","$v":"Eylül"},{"$i":"month-9-long","$v":"Ekim"},{"$i":"month-10-long","$v":"Kasım"},{"$i":"month-11-long","$v":"Aralık"},{"$i":"month-0-genitive","$v":"Ocak"},{"$i":"month-1-genitive","$v":"Şubat"},{"$i":"month-2-genitive","$v":"Mart"},{"$i":"month-3-genitive","$v":"Nisan"},{"$i":"month-4-genitive","$v":"Mayıs"},{"$i":"month-5-genitive","$v":"Haziran"},{"$i":"month-6-genitive","$v":"Temmuz"},{"$i":"month-7-genitive","$v":"Ağustos"},{"$i":"month-8-genitive","$v":"Eylül"},{"$i":"month-9-genitive","$v":"Ekim"},{"$i":"month-10-genitive","$v":"Kasım"},{"$i":"month-11-genitive","$v":"Aralık"},{"$i":"month-0-short","$v":"Oca"},{"$i":"month-1-short","$v":"Şub"},{"$i":"month-2-short","$v":"Mar"},{"$i":"month-3-short","$v":"Nis"},{"$i":"month-4-short","$v":"May"},{"$i":"month-5-short","$v":"Haz"},{"$i":"month-6-short","$v":"Tem"},{"$i":"month-7-short","$v":"Ağu"},{"$i":"month-8-short","$v":"Eyl"},{"$i":"month-9-short","$v":"Eki"},{"$i":"month-10-short","$v":"Kas"},{"$i":"month-11-short","$v":"Ara"},{"$i":"minutes-ago-long","$v":{"zero":"biraz önce","one":"bir dakika önce","two":[{"t":"idOrVar","v":"value"}," dakika önce"],"few":[{"t":"idOrVar","v":"value"}," dakika önce"],"many":[{"t":"idOrVar","v":"value"}," dakika önce"],"other":[{"t":"idOrVar","v":"value"}," dakika önce"]},"$x":[{"t":"idOrVar","v":"plural"},"value"]},{"$i":"hours-ago-long","$v":{"zero":"biraz önce","one":"bir saat önce","two":[{"t":"idOrVar","v":"value"}," saat önce"],"few":[{"t":"idOrVar","v":"value"}," saat önce"],"many":[{"t":"idOrVar","v":"value"}," saat önce"],"other":[{"t":"idOrVar","v":"value"}," saat önce"]},"$x":[{"t":"idOrVar","v":"plural"},"value"]},{"$i":"days-ago-long","$v":{"zero":"bugün","one":"dün","two":[{"t":"idOrVar","v":"value"}," gün önce"],"few":[{"t":"idOrVar","v":"value"}," gün önce"],"many":[{"t":"idOrVar","v":"value"}," gün önce"],"other":[{"t":"idOrVar","v":"value"}," gün önce"]},"$x":[{"t":"idOrVar","v":"plural"},"value"]},{"$i":"weeks-ago-long","$v":{"zero":"bu hafta","one":"geçen hafta","two":[{"t":"idOrVar","v":"value"}," hafta önce"],"few":[{"t":"idOrVar","v":"value"}," hafta önce"],"many":[{"t":"idOrVar","v":"value"}," hafta önce"],"other":[{"t":"idOrVar","v":"value"}," hafta önce"]},"$x":[{"t":"idOrVar","v":"plural"},"value"]},{"$i":"months-ago-long","$v":{"zero":"bu ay","one":"geçen ay","two":[{"t":"idOrVar","v":"value"}," ay önce"],"few":[{"t":"idOrVar","v":"value"}," ay önce"],"many":[{"t":"idOrVar","v":"value"}," ay önce"],"other":[{"t":"idOrVar","v":"value"}," ay önce"]},"$x":[{"t":"idOrVar","v":"plural"},"value"]},{"$i":"years-ago-long","$v":{"zero":"bu yıl","one":"geçen yıl","two":[{"t":"idOrVar","v":"value"}," yıl önce"],"few":[{"t":"idOrVar","v":"value"}," yıl önce"],"many":[{"t":"idOrVar","v":"value"}," yıl önce"],"other":[{"t":"idOrVar","v":"value"}," yıl önce"]},"$x":[{"t":"idOrVar","v":"plural"},"value"]},{"$i":"minutes-until-long","$v":{"zero":"şimdi","one":"bir dakika önce","two":[{"t":"idOrVar","v":"value"}," dakika içinde"],"few":[{"t":"idOrVar","v":"value"}," dakika içinde"],"many":[{"t":"idOrVar","v":"value"}," dakika içinde"],"other":[{"t":"idOrVar","v":"value"}," dakika içinde"]},"$x":[{"t":"idOrVar","v":"plural"},"value"]},{"$i":"hours-until-long","$v":{"zero":"şimdi","one":"bir saat içinde","two":[{"t":"idOrVar","v":"value"}," saat içinde"],"few":[{"t":"idOrVar","v":"value"}," saat içinde"],"many":[{"t":"idOrVar","v":"value"}," saat içinde"],"other":[{"t":"idOrVar","v":"value"}," saat içinde"]},"$x":[{"t":"idOrVar","v":"plural"},"value"]},{"$i":"days-until-long","$v":{"zero":"bugün","one":"dün","two":[{"t":"idOrVar","v":"value"}," gün içinde"],"few":[{"t":"idOrVar","v":"value"}," gün içinde"],"many":[{"t":"idOrVar","v":"value"}," gün içinde"],"other":[{"t":"idOrVar","v":"value"}," gün içinde"]},"$x":[{"t":"idOrVar","v":"plural"},"value"]},{"$i":"weeks-until-long","$v":{"zero":"bu hafta","one":"gelecek hafta","two":[{"t":"idOrVar","v":"value"}," hafta içinde"],"few":[{"t":"idOrVar","v":"value"}," hafta içinde"],"many":[{"t":"idOrVar","v":"value"}," hafta içinde"],"other":[{"t":"idOrVar","v":"value"}," hafta içinde"]},"$x":[{"t":"idOrVar","v":"plural"},"value"]},{"$i":"months-until-long","$v":{"zero":"bu ay","one":"gelecek ay","two":[{"t":"idOrVar","v":"value"}," ay içinde"],"few":[{"t":"idOrVar","v":"value"}," ay içinde"],"many":[{"t":"idOrVar","v":"value"}," ay içinde"],"other":[{"t":"idOrVar","v":"value"}," ay içinde"]},"$x":[{"t":"idOrVar","v":"plural"},"value"]},{"$i":"years-until-long","$v":{"zero":"bu yıl","one":"gelecek yıl","two":[{"t":"idOrVar","v":"value"}," yıl içinde"],"few":[{"t":"idOrVar","v":"value"}," yıl içinde"],"many":[{"t":"idOrVar","v":"value"}," yıl içinde"],"other":[{"t":"idOrVar","v":"value"}," yıl içinde"]},"$x":[{"t":"idOrVar","v":"plural"},"value"]},{"$i":"minutes-ago-short","$v":{"zero":"biraz önce","other":[{"t":"idOrVar","v":"value"}," dk önce"]},"$x":[{"t":"idOrVar","v":"plural"},"value"]},{"$i":"hours-ago-short","$v":{"zero":"biraz önce","other":[{"t":"idOrVar","v":"value"}," saat önce"]},"$x":[{"t":"idOrVar","v":"plural"},"value"]},{"$i":"days-ago-short","$v":{"zero":"bugün","other":[{"t":"idOrVar","v":"value"}," gün önce"]},"$x":[{"t":"idOrVar","v":"plural"},"value"]},{"$i":"minutes-until-short","$v":{"zero":"şimdi","other":[{"t":"idOrVar","v":"value"}," dk içinde"]},"$x":[{"t":"idOrVar","v":"plural"},"value"]},{"$i":"hours-until-short","$v":{"zero":"şimdi","other":[{"t":"idOrVar","v":"value"}," saat içinde"]},"$x":[{"t":"idOrVar","v":"plural"},"value"]},{"$i":"days-until-short","$v":{"zero":"bugün","other":[{"t":"idOrVar","v":"value"}," gün içinde"]},"$x":[{"t":"idOrVar","v":"plural"},"value"]},{"$i":"incorrectDate","$v":"(geçersiz tarih)"},{"$i":"dateTimeFormat_%c","$v":"%e %b %Y %a %H:%M:%S"},{"$i":"dateTimeFormat_%x","$v":"%d/%m/%Y"},{"$i":"dateTimeFormat_%X","$v":"%H:%M:%S"},{"$i":"shortTimeFormat","$v":"%H:%M"},{"$i":"shortTimeFormat12","$v":"%I:%M %p"},{"$i":"shortTimeFormat24","$v":"%H:%M"},{"$i":"shortDateTimeFormat","$v":"%x %H:%M"},{"$i":"weekStartsOnMonday","$v":"1"},{"$i":"firstDayOfTheWeek","$v":"0"},{"$i":"time_am","$v":"ÖÖ"},{"$i":"time_pm","$v":"ÖS"},{"$i":"stopped_download_title","$v":"İndirme durduruldu"},{"$i":"stopped_download_message","$v":"İndirme durduruldu. Tekrar denensin mi?"},{"$i":"stopped_download_left_button","$v":"İptal"},{"$i":"stopped_download_right_button","$v":"Tekrar dene"},{"$i":"failed_download_title","$v":"İndirme başarısız"},{"$i":"failed_download_message","$v":[{"t":"idOrVar","v":"name"}," indirmesi başarısız oldu. Tekrar denensin mi?"]},{"$i":"failed_download_left_button","$v":"İptal"},{"$i":"failed_download_right_button","$v":"Tekrar dene"},{"$i":"stop_download_title","$v":"İndirmeyi durdur"},{"$i":"stop_download_message","$v":"İndirmeyi durdurmak istediğinizden emin misiniz?"},{"$i":"stop_download_left_button","$v":"Hayır"},{"$i":"stop_download_right_button","$v":"Evet"},{"$i":"delete_download_title","$v":"Sil"},{"$i":"delete_download_message","$v":[{"t":"idOrVar","v":"name"}," silinsin mi?"]},{"$i":"delete_download_left_button","$v":"İptal"},{"$i":"delete_download_right_button","$v":"Sil"},{"$i":"delete_all_download_title","$v":"Sil"},{"$i":"delete_all_download_left_button","$v":"İptal"},{"$i":"delete_all_download_right_button","$v":"Sil"},{"$i":"delete_all_download_message","$v":{"zero":"Hiçbir dosya silinmesin mi?","one":"Bir dosya silinsin mi?","two":[{"t":"idOrVar","v":"number"}," dosya silinsin mi?"],"few":[{"t":"idOrVar","v":"number"}," dosya silinsin mi?"],"many":[{"t":"idOrVar","v":"number"}," dosya silinsin mi?"],"other":[{"t":"idOrVar","v":"number"}," dosya silinsin mi?"]},"$x":[{"t":"idOrVar","v":"plural"},"number"]},{"$i":"unsupported_file_type_download_title","$v":"Açılamadı"},{"$i":"unsupported_file_type_download_message","$v":[{"t":"idOrVar","v":"name"}," dosyasını açabilen bir uygulama yok. Dosyayı kaydetmek mi yoksa silmek mi istersiniz?"]},{"$i":"unsupported_file_type_download_left_button","$v":"Dosyayı tut"},{"$i":"unsupported_file_type_download_right_button","$v":"Sil"},{"$i":"file_not_found_download_title","$v":"Dosya bulunamadı"},{"$i":"file_not_found_download_message","$v":"Dosya cihazda bulunamadı"},{"$i":"file_not_found_download_right_button","$v":"Tamam"},{"$i":"unmounted_sdcard_2_download_title","$v":"Bellek kartı kullanımda"},{"$i":"unmounted_sdcard_2_download_message","$v":"Telefonun bağlantısını kesin"},{"$i":"unmounted_sdcard_2_download_right_button","$v":"Tamam"},{"$i":"no_provider_download_title","$v":"Paylaşılamadı"},{"$i":"no_provider_download_message","$v":"Sağlayıcı bulunamadı"},{"$i":"no_provider_download_right_button","$v":"Tamam"},{"$i":"no_memory_download_title","$v":"SD kart dolu"},{"$i":"no_memory_download_message","$v":"İndirdiğiniz dosyayı kaydetmek için SD kartınızda yer kalmadı. İndirmeyi yeniden başlatmadan önce lütfen bazı dosyaları silin."},{"$i":"no_memory_download_right_button","$v":"Tamam"},{"$i":"no_sdcard_found_2_download_title","$v":"Bellek kartı bulunamadı"},{"$i":"no_sdcard_found_2_download_message","$v":"Bellek kartı takın veya ayarlardan alternatif bir varsayılan medya konumu seçin"},{"$i":"no_sdcard_found_2_download_right_button","$v":"Tamam"},{"$i":"file_open_error_download_title","$v":"Açılamıyor"},{"$i":"file_open_error_download_message","$v":[{"t":"idOrVar","v":"name"}," açılırken bir sorun oluştu. Dosyayı kaydetmek mi yoksa silmek mi istersiniz?"]},{"$i":"file_open_error_download_left_button","$v":"Dosyayı tut"},{"$i":"file_open_error_download_right_button","$v":"Sil"},{"$i":"restart_download_error","$v":"İndirme yeniden başlatılırken bir hata oluştu. Lütfen tekrar indirmeyi deneyin."},{"$i":"no-downloads","$v":"İndirme yok"},{"$i":"byteUnit-B","$v":"B"},{"$i":"byteUnit-KB","$v":"KB"},{"$i":"byteUnit-MB","$v":"MB"},{"$i":"byteUnit-GB","$v":"GB"},{"$i":"byteUnit-TB","$v":"TB"},{"$i":"fileSize","$v":[{"t":"idOrVar","v":"size"}," ",{"t":"idOrVar","v":"unit"}]},{"$i":"percentage","$v":["% ",{"t":"idOrVar","v":"percentage"}]},{"$i":"partialResult","$v":[{"t":"idOrVar","v":"partial"}," / ",{"t":"idOrVar","v":"total"}]},{"$i":"summary","$v":[{"t":"idOrVar","v":"date"}," - ",{"t":"idOrVar","v":"status"}]},{"$i":"download-stopped","$v":"Durduruldu"},{"$i":"download-failed","$v":"İndirme başarısız"},{"$i":"open_downloaded_file","$v":"Aç"},{"$i":"share_downloaded_file","$v":"Paylaş"},{"$i":"wallpaper_downloaded_file","$v":"Duvar kâğıdı yap"},{"$i":"ringtone_downloaded_file","$v":"Zil sesi yap"},{"$i":"cancel_downloaded_file","$v":"İptal"},{"$i":"select-download","$v":"İndirmeyi seç"}]