[{"$i":"reset","$v":"إعادة ضبط"},{"$i":"start","$v":"بدء"},{"$i":"stop","$v":"إيقاف"},{"$i":"cancel","$v":"إلغاء"},{"$i":"hour","$v":"ساعة"},{"$i":"hours","$v":"ساعات"},{"$i":"minute","$v":"دقيقة"},{"$i":"minutes","$v":"دقائق"},{"$i":"alarm","$v":"المنبه"},{"$i":"timer","$v":"مُؤقِّت"},{"$i":"stopwatch","$v":"ساعة التوقيف"},{"$i":"alarmName","placeholder":"إسم المنبه"},{"$i":"newAlarm","$v":"إضافة منبه جديد"},{"$i":"editAlarm","$v":"تعديل منبه"},{"$i":"pause","$v":"إيقاف مؤقت"},{"$i":"resume","$v":"استمرار"},{"$i":"lap","$v":"دورة"},{"$i":"lap-number","$v":["دورة ",{"t":"idOrVar","v":"n"}]},{"$i":"delete","$v":"حذف"},{"$i":"time","$v":"الوقت"},{"$i":"snooze-label","$v":"غفوة"},{"$i":"snooze-button","$v":"غفوة"},{"$i":"repeat","$v":"تكرار"},{"$i":"vibrate","$v":"إهتزاز"},{"$i":"close","$v":"اغلق"},{"$i":"save","$v":"حِفظ"},{"$i":"done","$v":"تم"},{"$i":"closeButton","ariaLabel":"اغلق"},{"$i":"newAlarmButton","ariaLabel":"منبّه جديد"},{"$i":"alarm-volume-label","$v":"صوت منبه النظام"},{"$i":"sound","$v":"الصوت"},{"$i":"noSound","$v":"بلا صوت"},{"$i":"everyday","$v":"كل يوم"},{"$i":"weekdays","$v":"أيام الأسبوع"},{"$i":"weekends","$v":"عطلة نهاية الأسبوع"},{"$i":"never","$v":"أبداً"},{"$i":"vibrateOn","$v":"فعَال"},{"$i":"vibrateOff","$v":"معطّل"},{"$i":"plusMinute","$v":"+1 دقيقة"},{"$i":"dateFormat","$v":"%A, %B %e"},{"$i":"countdown-lessThanAnHour","$v":["تم ضبط المنبه خلال <strong>",{"t":"idOrVar","v":"minutes"},"</strong> من الآن ."]},{"$i":"countdown-moreThanAnHour","$v":["تم ضبط المنبه خلال ",{"t":"idOrVar","v":"hours"}," ",{"t":"idOrVar","v":"minutes"}," من الآن ."]},{"$i":"countdown-moreThanADay","$v":["تم ضبط المنبه خلال ",{"t":"idOrVar","v":"hours"}," ",{"t":"idOrVar","v":"days"}," من الآن ."]},{"$i":"nMinutes","$v":{"zero":"أقل من دقيقة","one":"دقيقة واحدة","two":"دقيقتان","few":[{"t":"idOrVar","v":"n"}," دقائق ."],"many":[{"t":"idOrVar","v":"n"}," دقيقة."],"other":[{"t":"idOrVar","v":"n"}," دقيقة."]},"$x":[{"t":"idOrVar","v":"plural"},"n"]},{"$i":"nHours","$v":{"zero":"اقل من ساعة","one":["<strong>",{"t":"idOrVar","v":"n"}," ساعة</strong>"],"two":["<strong>",{"t":"idOrVar","v":"n"}," ساعتين</strong>"],"few":["<strong>",{"t":"idOrVar","v":"n"}," ساعات</strong>"],"many":["<strong>",{"t":"idOrVar","v":"n"}," ساعات</strong>"],"other":["<strong>",{"t":"idOrVar","v":"n"}," ساعات</strong>"]},"$x":[{"t":"idOrVar","v":"plural"},"n"]},{"$i":"nAndRemainHours","$v":{"zero":"ساعة مُتبقية","one":["و <strong>",{"t":"idOrVar","v":"n"}," ساعة</strong>"],"two":["و <strong>",{"t":"idOrVar","v":"n"}," ساعات</strong>"],"few":["و <strong>",{"t":"idOrVar","v":"n"}," ساعات</strong>"],"many":["و <strong>",{"t":"idOrVar","v":"n"}," ساعات</strong>"],"other":["و <strong>",{"t":"idOrVar","v":"n"}," ساعات</strong>"]},"$x":[{"t":"idOrVar","v":"plural"},"n"]},{"$i":"nRemainDays","$v":{"zero":"يوم مُتبقي","one":["<strong>",{"t":"idOrVar","v":"n"}," ايام</strong>"],"two":["<strong>",{"t":"idOrVar","v":"n"}," أيام</strong>"],"few":["<strong>",{"t":"idOrVar","v":"n"}," أيام</strong>"],"many":["<strong>",{"t":"idOrVar","v":"n"}," يوم</strong>"],"other":["<strong>",{"t":"idOrVar","v":"n"}," يوم</strong>"]},"$x":[{"t":"idOrVar","v":"plural"},"n"]},{"$i":"nRemainMinutes","$v":{"zero":"دقيقة مُتبقية","one":["و <strong>",{"t":"idOrVar","v":"n"}," دقيقة</strong>"],"two":["و <strong>",{"t":"idOrVar","v":"n"}," دقائق</strong>"],"few":["و <strong>",{"t":"idOrVar","v":"n"}," دقائق</strong>"],"many":["و <strong>",{"t":"idOrVar","v":"n"}," دقائق</strong>"],"other":["و <strong>",{"t":"idOrVar","v":"n"}," دقائق</strong>"]},"$x":[{"t":"idOrVar","v":"plural"},"n"]},{"$i":"nSpinnerSeconds","$v":{"zero":"صفر ثانية","one":"ثانية","two":"ثانيتين","few":[{"t":"idOrVar","v":"n"}," ثوان"],"many":[{"t":"idOrVar","v":"n"}," ثواني"],"other":[{"t":"idOrVar","v":"n"},"ثواني"]},"$x":[{"t":"idOrVar","v":"plural"},"n"]},{"$i":"nSpinnerMinutes","$v":{"zero":"صفر دقيقة","one":"دقيقة واحدة","two":[{"t":"idOrVar","v":"n"}," دقيقتين."],"few":[{"t":"idOrVar","v":"n"}," دقائق"],"many":[{"t":"idOrVar","v":"n"}," دقيقة"],"other":[{"t":"idOrVar","v":"n"}," دقيقة"]},"$x":[{"t":"idOrVar","v":"plural"},"n"]},{"$i":"nSpinnerHours","$v":{"zero":"صفر ساعة","one":"ساعة","two":"ساعتين","few":[{"t":"idOrVar","v":"n"}," ساعات"],"many":[{"t":"idOrVar","v":"n"}," ساعة"],"other":[{"t":"idOrVar","v":"n"}," ساعة"]},"$x":[{"t":"idOrVar","v":"plural"},"n"]},{"$i":"ac_awake_opus","$v":"مُستيقظ"},{"$i":"ac_crystalize_opus","$v":"بلورة"},{"$i":"ac_cycle_opus","$v":"دورة"},{"$i":"ac_digicloud_opus","$v":"السّحابة الرقمية"},{"$i":"ac_humming_waves_opus","$v":"هدير الأمواج"},{"$i":"ac_into_the_void_opus","$v":"في الفراغ"},{"$i":"ac_lightly_opus","$v":"برفق"},{"$i":"ac_mobile_opus","$v":"هاتف"},{"$i":"ac_pinger_opus","$v":"رنّان"},{"$i":"ac_skip_opus","$v":"تخطّ"},{"$i":"ac_tri_opus","$v":"ثلاثي"},{"$i":"ac_universal_opus","$v":"عالمي"},{"$i":"weekday-0-long","$v":"الأحد"},{"$i":"weekday-1-long","$v":"الإثنين"},{"$i":"weekday-2-long","$v":"الثلاثاء"},{"$i":"weekday-3-long","$v":"الأربعاء"},{"$i":"weekday-4-long","$v":"الخميس"},{"$i":"weekday-5-long","$v":"الجمعة"},{"$i":"weekday-6-long","$v":"السبت"},{"$i":"weekday-0-short","$v":"أحد"},{"$i":"weekday-1-short","$v":"إثنين"},{"$i":"weekday-2-short","$v":"ثلاثاء"},{"$i":"weekday-3-short","$v":"أربعاء"},{"$i":"weekday-4-short","$v":"خميس"},{"$i":"weekday-5-short","$v":"جمعة"},{"$i":"weekday-6-short","$v":"سبت"},{"$i":"month-0-long","$v":"يناير"},{"$i":"month-1-long","$v":"فبراير"},{"$i":"month-2-long","$v":"مارس"},{"$i":"month-3-long","$v":"أبريل"},{"$i":"month-4-long","$v":"مايو"},{"$i":"month-5-long","$v":"يونيو"},{"$i":"month-6-long","$v":"يوليو"},{"$i":"month-7-long","$v":"أغسطس"},{"$i":"month-8-long","$v":"سبتمبر"},{"$i":"month-9-long","$v":"أكتوبر"},{"$i":"month-10-long","$v":"نوفمبر"},{"$i":"month-11-long","$v":"ديسمبر"},{"$i":"month-0-genitive","$v":"يناير"},{"$i":"month-1-genitive","$v":"فبراير"},{"$i":"month-2-genitive","$v":"مارس"},{"$i":"month-3-genitive","$v":"أبريل"},{"$i":"month-4-genitive","$v":"مايو"},{"$i":"month-5-genitive","$v":"يونيو"},{"$i":"month-6-genitive","$v":"يوليو"},{"$i":"month-7-genitive","$v":"أغسطس"},{"$i":"month-8-genitive","$v":"سبتمبر"},{"$i":"month-9-genitive","$v":"أكتوبر"},{"$i":"month-10-genitive","$v":"نوفمبر"},{"$i":"month-11-genitive","$v":"ديسمبر"},{"$i":"month-0-short","$v":"يناير"},{"$i":"month-1-short","$v":"فبراير"},{"$i":"month-2-short","$v":"مارس"},{"$i":"month-3-short","$v":"ابريل"},{"$i":"month-4-short","$v":"مايو"},{"$i":"month-5-short","$v":"يونيو"},{"$i":"month-6-short","$v":"يوليو"},{"$i":"month-7-short","$v":"أغسطس"},{"$i":"month-8-short","$v":"سبتمبر"},{"$i":"month-9-short","$v":"أكتوبر"},{"$i":"month-10-short","$v":"نوفمبر"},{"$i":"month-11-short","$v":"ديسمبر"},{"$i":"minutes-ago-long","$v":{"zero":"الآن","one":"منذ دقيقة","two":"منذ دقيقتين","few":["منذ ",{"t":"idOrVar","v":"value"}," دقائق"],"many":["منذ ",{"t":"idOrVar","v":"value"}," دقيقة"],"other":["منذ ",{"t":"idOrVar","v":"value"}," دقيقة"]},"$x":[{"t":"idOrVar","v":"plural"},"value"]},{"$i":"hours-ago-long","$v":{"zero":"الآن","one":"منذ ساعة","two":"منذ ساعتين","few":["قبل ",{"t":"idOrVar","v":"value"}," ساعات"],"many":["قبل ",{"t":"idOrVar","v":"value"}," ساعة"],"other":["قبل ",{"t":"idOrVar","v":"value"}," ساعة"]},"$x":[{"t":"idOrVar","v":"plural"},"value"]},{"$i":"days-ago-long","$v":{"zero":"اليوم","one":"أمس","two":"منذ يومين","few":["منذ ",{"t":"idOrVar","v":"value"}," أيام"],"many":["منذ ",{"t":"idOrVar","v":"value"}," يوم"],"other":["منذ ",{"t":"idOrVar","v":"value"}," يوم"]},"$x":[{"t":"idOrVar","v":"plural"},"value"]},{"$i":"weeks-ago-long","$v":{"zero":"هذا الأسبوع","one":"الأسبوع الماضي","two":"منذ أسبوعين","few":["منذ ",{"t":"idOrVar","v":"value"}," أسابيع"],"many":["منذ ",{"t":"idOrVar","v":"value"}," أسبوع"],"other":["منذ ",{"t":"idOrVar","v":"value"}," أسبوع"]},"$x":[{"t":"idOrVar","v":"plural"},"value"]},{"$i":"months-ago-long","$v":{"zero":"هذا الشهر","one":"الشهر الماضي","two":"منذ شهرين","few":["منذ ",{"t":"idOrVar","v":"value"}," أشهر"],"many":["منذ ",{"t":"idOrVar","v":"value"}," شهر"],"other":["منذ ",{"t":"idOrVar","v":"value"}," شهر"]},"$x":[{"t":"idOrVar","v":"plural"},"value"]},{"$i":"years-ago-long","$v":{"zero":"هذه السنة","one":"السنة الماضية","two":"منذ سنتين","few":["منذ ",{"t":"idOrVar","v":"value"}," سنوات"],"many":["منذ ",{"t":"idOrVar","v":"value"}," سنة"],"other":["منذ ",{"t":"idOrVar","v":"value"}," سنة"]},"$x":[{"t":"idOrVar","v":"plural"},"value"]},{"$i":"minutes-until-long","$v":{"zero":"الآن","one":"خلال دقيقة","two":"خلال دقيقتين","few":["خلال ",{"t":"idOrVar","v":"value"}," دقائق"],"many":["خلال ",{"t":"idOrVar","v":"value"}," دقيقة"],"other":["خلال ",{"t":"idOrVar","v":"value"}," دقيقة"]},"$x":[{"t":"idOrVar","v":"plural"},"value"]},{"$i":"hours-until-long","$v":{"zero":"الآن","one":"خلال ساعة","two":"خلال ساعتين","few":["خلال ",{"t":"idOrVar","v":"value"}," ساعات"],"many":["خلال ",{"t":"idOrVar","v":"value"}," ساعة"],"other":["خلال ",{"t":"idOrVar","v":"value"}," ساعة"]},"$x":[{"t":"idOrVar","v":"plural"},"value"]},{"$i":"days-until-long","$v":{"zero":"اليوم","one":"غداً","two":"خلال يومين","few":["خلال ",{"t":"idOrVar","v":"value"}," أيام"],"many":["خلال ",{"t":"idOrVar","v":"value"}," يوم"],"other":["خلال ",{"t":"idOrVar","v":"value"}," يوم"]},"$x":[{"t":"idOrVar","v":"plural"},"value"]},{"$i":"weeks-until-long","$v":{"zero":"هذا الأسبوع","one":"الأسبوع القادم","two":"خلال أسبوعين","few":["خلال ",{"t":"idOrVar","v":"value"}," أسابيع"],"many":["خلال ",{"t":"idOrVar","v":"value"}," أسبوع"],"other":["خلال ",{"t":"idOrVar","v":"value"}," أسبوع"]},"$x":[{"t":"idOrVar","v":"plural"},"value"]},{"$i":"months-until-long","$v":{"zero":"هذا الشهر","one":"الشهر القادم","two":"خلال شهرين","few":["خلال ",{"t":"idOrVar","v":"value"}," أشهر"],"many":["خلال ",{"t":"idOrVar","v":"value"}," شهر"],"other":["خلال ",{"t":"idOrVar","v":"value"}," شهر"]},"$x":[{"t":"idOrVar","v":"plural"},"value"]},{"$i":"years-until-long","$v":{"zero":"هذه السنة","one":"السنة القادمة","two":"خلال سنتين","few":["خلال ",{"t":"idOrVar","v":"value"}," سنوات"],"many":["خلال ",{"t":"idOrVar","v":"value"}," سنة"],"other":["خلال ",{"t":"idOrVar","v":"value"}," سنة"]},"$x":[{"t":"idOrVar","v":"plural"},"value"]},{"$i":"minutes-ago-short","$v":{"zero":"الآن","other":["منذ ",{"t":"idOrVar","v":"value"}," دقيقة"]},"$x":[{"t":"idOrVar","v":"plural"},"value"]},{"$i":"hours-ago-short","$v":{"zero":"الآن","other":["منذ ",{"t":"idOrVar","v":"value"}," س"]},"$x":[{"t":"idOrVar","v":"plural"},"value"]},{"$i":"days-ago-short","$v":{"zero":"اليوم","other":["منذ ",{"t":"idOrVar","v":"value"}," ي"]},"$x":[{"t":"idOrVar","v":"plural"},"value"]},{"$i":"minutes-until-short","$v":{"zero":"الآن","other":["خلال ",{"t":"idOrVar","v":"value"}," د"]},"$x":[{"t":"idOrVar","v":"plural"},"value"]},{"$i":"hours-until-short","$v":{"zero":"الآن","other":["خلال ",{"t":"idOrVar","v":"value"}," س"]},"$x":[{"t":"idOrVar","v":"plural"},"value"]},{"$i":"days-until-short","$v":{"zero":"اليوم","other":["خلال ",{"t":"idOrVar","v":"value"}," ي"]},"$x":[{"t":"idOrVar","v":"plural"},"value"]},{"$i":"incorrectDate","$v":"(تاريخ غير صحيح)"},{"$i":"dateTimeFormat_%c","$v":"%a %e %b %Y %I:%M:%S %p"},{"$i":"dateTimeFormat_%x","$v":"%d/%m/%Y"},{"$i":"dateTimeFormat_%X","$v":"%I:%M:%S %p"},{"$i":"shortTimeFormat","$v":"%I:%M %p"},{"$i":"shortTimeFormat12","$v":"%I:%M %p"},{"$i":"shortTimeFormat24","$v":"%H:%M"},{"$i":"shortDateTimeFormat","$v":"%x %I:%M %p"},{"$i":"weekStartsOnMonday","$v":"0 "},{"$i":"firstDayOfTheWeek","$v":"0"},{"$i":"time_am","$v":"ص"},{"$i":"time_pm","$v":"م"}]