[{"$i":"reset","$v":"Нулиране"},{"$i":"start","$v":"Старт"},{"$i":"stop","$v":"Стоп"},{"$i":"cancel","$v":"Отказ"},{"$i":"hour","$v":"Час"},{"$i":"hours","$v":"Часове"},{"$i":"minute","$v":"Минута"},{"$i":"minutes","$v":"Минути"},{"$i":"alarm","$v":"Аларма"},{"$i":"timer","$v":"Таймер"},{"$i":"stopwatch","$v":"Хронометър"},{"$i":"alarmName","placeholder":"Име на алармата"},{"$i":"newAlarm","$v":"Нова аларма"},{"$i":"editAlarm","$v":"Промяна"},{"$i":"pause","$v":"Пауза"},{"$i":"resume","$v":"Продължение"},{"$i":"lap","$v":"Обиколка"},{"$i":"lap-number","$v":["Обиколка ",{"t":"idOrVar","v":"n"}]},{"$i":"delete","$v":"Изтриване"},{"$i":"time","$v":"Време"},{"$i":"snooze-label","$v":"Заглушаване"},{"$i":"snooze-button","$v":"Заглушаване"},{"$i":"repeat","$v":"Повтаряне"},{"$i":"vibrate","$v":"Вибрация"},{"$i":"close","$v":"Затваряне"},{"$i":"save","$v":"Запазване"},{"$i":"done","$v":"Готово"},{"$i":"closeButton","ariaLabel":"Затваряне"},{"$i":"newAlarmButton","ariaLabel":"Нова аларма"},{"$i":"alarm-volume-label","$v":"Сила на звука на алармата"},{"$i":"sound","$v":"Звук"},{"$i":"noSound","$v":"Без звук"},{"$i":"everyday","$v":"Всеки ден"},{"$i":"weekdays","$v":"Делници"},{"$i":"weekends","$v":"Събота и неделя"},{"$i":"never","$v":"Никога"},{"$i":"vibrateOn","$v":"Включена"},{"$i":"vibrateOff","$v":"Изключена"},{"$i":"plusMinute","$v":"+1 минута"},{"$i":"dateFormat","$v":"%e %B, %a"},{"$i":"countdown-lessThanAnHour","$v":["Алармата е настроена за след <strong>",{"t":"idOrVar","v":"minutes"},"</strong>."]},{"$i":"countdown-moreThanAnHour","$v":["Алармата е настроена за след ",{"t":"idOrVar","v":"hours"}," ",{"t":"idOrVar","v":"minutes"},"."]},{"$i":"countdown-moreThanADay","$v":["Алармата е настроена за след ",{"t":"idOrVar","v":"days"}," ",{"t":"idOrVar","v":"hours"},"."]},{"$i":"nMinutes","$v":{"zero":"по-малко от минута","one":"една минута","two":[{"t":"idOrVar","v":"n"}," минути"],"few":[{"t":"idOrVar","v":"n"}," минути"],"many":[{"t":"idOrVar","v":"n"}," минути"],"other":[{"t":"idOrVar","v":"n"}," минути"]},"$x":[{"t":"idOrVar","v":"plural"},"n"]},{"$i":"nHours","$v":{"zero":"","one":["<strong>",{"t":"idOrVar","v":"n"}," час</strong>"],"two":["<strong>",{"t":"idOrVar","v":"n"}," часа</strong>"],"few":["<strong>",{"t":"idOrVar","v":"n"}," часа</strong>"],"many":["<strong>",{"t":"idOrVar","v":"n"}," часа</strong>"],"other":["<strong>",{"t":"idOrVar","v":"n"}," часа</strong>"]},"$x":[{"t":"idOrVar","v":"plural"},"n"]},{"$i":"nAndRemainHours","$v":{"zero":"","one":["и <strong>",{"t":"idOrVar","v":"n"}," час</strong>"],"two":["и <strong>",{"t":"idOrVar","v":"n"}," часа</strong>"],"few":["и <strong>",{"t":"idOrVar","v":"n"}," часа</strong>"],"many":["и <strong>",{"t":"idOrVar","v":"n"}," часа</strong>"],"other":["и <strong>",{"t":"idOrVar","v":"n"}," часа</strong>"]},"$x":[{"t":"idOrVar","v":"plural"},"n"]},{"$i":"nRemainDays","$v":{"zero":"","one":["<strong>",{"t":"idOrVar","v":"n"}," ден</strong>"],"two":["<strong>",{"t":"idOrVar","v":"n"}," дена</strong>"],"few":["<strong>",{"t":"idOrVar","v":"n"}," дена</strong>"],"many":["<strong>",{"t":"idOrVar","v":"n"}," дена</strong>"],"other":["<strong>",{"t":"idOrVar","v":"n"}," дена</strong>"]},"$x":[{"t":"idOrVar","v":"plural"},"n"]},{"$i":"nRemainMinutes","$v":{"zero":"","one":["и <strong>",{"t":"idOrVar","v":"n"}," минута</strong>"],"two":["и <strong>",{"t":"idOrVar","v":"n"}," минути</strong>"],"few":["и <strong>",{"t":"idOrVar","v":"n"}," минути</strong>"],"many":["и <strong>",{"t":"idOrVar","v":"n"}," минути</strong>"],"other":["и <strong>",{"t":"idOrVar","v":"n"}," минути</strong>"]},"$x":[{"t":"idOrVar","v":"plural"},"n"]},{"$i":"nSpinnerSeconds","$v":{"zero":"нула секунди","one":"една секунда","two":[{"t":"idOrVar","v":"n"}," секунди"],"few":[{"t":"idOrVar","v":"n"}," секунди"],"many":[{"t":"idOrVar","v":"n"}," секунди"],"other":[{"t":"idOrVar","v":"n"}," секунди"]},"$x":[{"t":"idOrVar","v":"plural"},"n"]},{"$i":"nSpinnerMinutes","$v":{"zero":"нула минути","one":"една минута","two":[{"t":"idOrVar","v":"n"}," минути"],"few":[{"t":"idOrVar","v":"n"}," минути"],"many":[{"t":"idOrVar","v":"n"}," минути"],"other":[{"t":"idOrVar","v":"n"}," минути"]},"$x":[{"t":"idOrVar","v":"plural"},"n"]},{"$i":"nSpinnerHours","$v":{"zero":"нула часа","one":[{"t":"idOrVar","v":"n"}," час"],"two":[{"t":"idOrVar","v":"n"}," часа"],"few":[{"t":"idOrVar","v":"n"}," часа"],"many":[{"t":"idOrVar","v":"n"}," часа"],"other":[{"t":"idOrVar","v":"n"}," часа"]},"$x":[{"t":"idOrVar","v":"plural"},"n"]},{"$i":"ac_awake_opus","$v":"Събуждане"},{"$i":"ac_crystalize_opus","$v":"Кристализиране"},{"$i":"ac_cycle_opus","$v":"Цикъл"},{"$i":"ac_digicloud_opus","$v":"Цифров облак"},{"$i":"ac_humming_waves_opus","$v":"Бучащи вълни"},{"$i":"ac_into_the_void_opus","$v":"В бездната"},{"$i":"ac_lightly_opus","$v":"Леко"},{"$i":"ac_mobile_opus","$v":"Мобилно"},{"$i":"ac_pinger_opus","$v":"Жужене"},{"$i":"ac_skip_opus","$v":"Подскачащо"},{"$i":"ac_tri_opus","$v":"Три"},{"$i":"ac_universal_opus","$v":"Универсално"},{"$i":"weekday-0-long","$v":"неделя"},{"$i":"weekday-1-long","$v":"понеделник"},{"$i":"weekday-2-long","$v":"вторник"},{"$i":"weekday-3-long","$v":"сряда"},{"$i":"weekday-4-long","$v":"четвъртък"},{"$i":"weekday-5-long","$v":"петък"},{"$i":"weekday-6-long","$v":"събота"},{"$i":"weekday-0-short","$v":"нед"},{"$i":"weekday-1-short","$v":"пон"},{"$i":"weekday-2-short","$v":"вто"},{"$i":"weekday-3-short","$v":"сря"},{"$i":"weekday-4-short","$v":"чет"},{"$i":"weekday-5-short","$v":"пет"},{"$i":"weekday-6-short","$v":"съб"},{"$i":"month-0-long","$v":"януари"},{"$i":"month-1-long","$v":"февруари"},{"$i":"month-2-long","$v":"мaрт"},{"$i":"month-3-long","$v":"април"},{"$i":"month-4-long","$v":"май"},{"$i":"month-5-long","$v":"юни"},{"$i":"month-6-long","$v":"юли"},{"$i":"month-7-long","$v":"август"},{"$i":"month-8-long","$v":"септември"},{"$i":"month-9-long","$v":"октомври"},{"$i":"month-10-long","$v":"ноември"},{"$i":"month-11-long","$v":"декември"},{"$i":"month-0-genitive","$v":"януари"},{"$i":"month-1-genitive","$v":"февруари"},{"$i":"month-2-genitive","$v":"мaрт"},{"$i":"month-3-genitive","$v":"април"},{"$i":"month-4-genitive","$v":"май"},{"$i":"month-5-genitive","$v":"юни"},{"$i":"month-6-genitive","$v":"юли"},{"$i":"month-7-genitive","$v":"август"},{"$i":"month-8-genitive","$v":"септември"},{"$i":"month-9-genitive","$v":"октомври"},{"$i":"month-10-genitive","$v":"ноември"},{"$i":"month-11-genitive","$v":"декември"},{"$i":"month-0-short","$v":"яну"},{"$i":"month-1-short","$v":"фев"},{"$i":"month-2-short","$v":"мар"},{"$i":"month-3-short","$v":"апр"},{"$i":"month-4-short","$v":"май"},{"$i":"month-5-short","$v":"юни"},{"$i":"month-6-short","$v":"юли"},{"$i":"month-7-short","$v":"авг"},{"$i":"month-8-short","$v":"сеп"},{"$i":"month-9-short","$v":"окт"},{"$i":"month-10-short","$v":"ное"},{"$i":"month-11-short","$v":"дек"},{"$i":"minutes-ago-long","$v":{"zero":"току-що","one":"преди минута","two":["преди ",{"t":"idOrVar","v":"value"}," минути"],"few":["преди ",{"t":"idOrVar","v":"value"}," минути"],"many":["преди ",{"t":"idOrVar","v":"value"}," минути"],"other":["преди ",{"t":"idOrVar","v":"value"}," минути"]},"$x":[{"t":"idOrVar","v":"plural"},"value"]},{"$i":"hours-ago-long","$v":{"zero":"току-що","one":"преди час","two":["преди ",{"t":"idOrVar","v":"value"}," часа"],"few":["преди ",{"t":"idOrVar","v":"value"}," часа"],"many":["преди ",{"t":"idOrVar","v":"value"}," часа"],"other":["преди ",{"t":"idOrVar","v":"value"}," часа"]},"$x":[{"t":"idOrVar","v":"plural"},"value"]},{"$i":"days-ago-long","$v":{"zero":"днес","one":"вчера","two":["преди ",{"t":"idOrVar","v":"value"}," дена"],"few":["преди ",{"t":"idOrVar","v":"value"}," дена"],"many":["преди ",{"t":"idOrVar","v":"value"}," дена"],"other":["преди ",{"t":"idOrVar","v":"value"}," дена"]},"$x":[{"t":"idOrVar","v":"plural"},"value"]},{"$i":"weeks-ago-long","$v":{"zero":"тази седмица","one":"миналата седмица","two":["преди ",{"t":"idOrVar","v":"value"}," седмици"],"few":["преди ",{"t":"idOrVar","v":"value"}," седмици"],"many":["преди ",{"t":"idOrVar","v":"value"}," седмици"],"other":["преди ",{"t":"idOrVar","v":"value"}," седмици"]},"$x":[{"t":"idOrVar","v":"plural"},"value"]},{"$i":"months-ago-long","$v":{"zero":"този месец","one":"миналия месец","two":["преди ",{"t":"idOrVar","v":"value"}," месеца"],"few":["преди ",{"t":"idOrVar","v":"value"}," месеца"],"many":["преди ",{"t":"idOrVar","v":"value"}," месеца"],"other":["преди ",{"t":"idOrVar","v":"value"}," месеца"]},"$x":[{"t":"idOrVar","v":"plural"},"value"]},{"$i":"years-ago-long","$v":{"zero":"тази година","one":"миналата година","two":["преди ",{"t":"idOrVar","v":"value"}," години"],"few":["преди ",{"t":"idOrVar","v":"value"}," години"],"many":["преди ",{"t":"idOrVar","v":"value"}," години"],"other":["преди ",{"t":"idOrVar","v":"value"}," години"]},"$x":[{"t":"idOrVar","v":"plural"},"value"]},{"$i":"minutes-until-long","$v":{"zero":"сега","one":"до една минута","two":["след ",{"t":"idOrVar","v":"value"}," минути"],"few":["след ",{"t":"idOrVar","v":"value"}," минути"],"many":["след ",{"t":"idOrVar","v":"value"}," минути"],"other":["след ",{"t":"idOrVar","v":"value"}," минути"]},"$x":[{"t":"idOrVar","v":"plural"},"value"]},{"$i":"hours-until-long","$v":{"zero":"сега","one":"до един час","two":["след ",{"t":"idOrVar","v":"value"}," часа"],"few":["след ",{"t":"idOrVar","v":"value"}," часа"],"many":["след ",{"t":"idOrVar","v":"value"}," часа"],"other":["след ",{"t":"idOrVar","v":"value"}," часа"]},"$x":[{"t":"idOrVar","v":"plural"},"value"]},{"$i":"days-until-long","$v":{"zero":"днес","one":"утре","two":["след ",{"t":"idOrVar","v":"value"}," дена"],"few":["след ",{"t":"idOrVar","v":"value"}," дена"],"many":["след ",{"t":"idOrVar","v":"value"}," дена"],"other":["след ",{"t":"idOrVar","v":"value"}," дена"]},"$x":[{"t":"idOrVar","v":"plural"},"value"]},{"$i":"weeks-until-long","$v":{"zero":"тази седмица","one":"другата седмица","two":["след ",{"t":"idOrVar","v":"value"}," седмици"],"few":["след ",{"t":"idOrVar","v":"value"}," седмици"],"many":["след ",{"t":"idOrVar","v":"value"}," седмици"],"other":["след ",{"t":"idOrVar","v":"value"}," седмици"]},"$x":[{"t":"idOrVar","v":"plural"},"value"]},{"$i":"months-until-long","$v":{"zero":"този месец","one":"другия месец","two":["след ",{"t":"idOrVar","v":"value"}," месеца"],"few":["след ",{"t":"idOrVar","v":"value"}," месеца"],"many":["след ",{"t":"idOrVar","v":"value"}," месеца"],"other":["след ",{"t":"idOrVar","v":"value"}," месеца"]},"$x":[{"t":"idOrVar","v":"plural"},"value"]},{"$i":"years-until-long","$v":{"zero":"тази година","one":"следващата година","two":["след ",{"t":"idOrVar","v":"value"}," години"],"few":["след ",{"t":"idOrVar","v":"value"}," години"],"many":["след ",{"t":"idOrVar","v":"value"}," години"],"other":["след ",{"t":"idOrVar","v":"value"}," години"]},"$x":[{"t":"idOrVar","v":"plural"},"value"]},{"$i":"minutes-ago-short","$v":{"zero":"току-що","other":["преди ",{"t":"idOrVar","v":"value"},"м"]},"$x":[{"t":"idOrVar","v":"plural"},"value"]},{"$i":"hours-ago-short","$v":{"zero":"току-що","other":["преди ",{"t":"idOrVar","v":"value"},"ч"]},"$x":[{"t":"idOrVar","v":"plural"},"value"]},{"$i":"days-ago-short","$v":{"zero":"днес","other":["преди ",{"t":"idOrVar","v":"value"},"д"]},"$x":[{"t":"idOrVar","v":"plural"},"value"]},{"$i":"minutes-until-short","$v":{"zero":"сега","other":["след ",{"t":"idOrVar","v":"value"},"м"]},"$x":[{"t":"idOrVar","v":"plural"},"value"]},{"$i":"hours-until-short","$v":{"zero":"сега","other":["след ",{"t":"idOrVar","v":"value"},"ч"]},"$x":[{"t":"idOrVar","v":"plural"},"value"]},{"$i":"days-until-short","$v":{"zero":"днес","other":["след ",{"t":"idOrVar","v":"value"},"д"]},"$x":[{"t":"idOrVar","v":"plural"},"value"]},{"$i":"incorrectDate","$v":"(невалидна дата)"},{"$i":"dateTimeFormat_%c","$v":"%a, %e %b %Y %H:%M:%S"},{"$i":"dateTimeFormat_%x","$v":"%d.%m.%Y"},{"$i":"dateTimeFormat_%X","$v":"%H:%M:%S"},{"$i":"shortTimeFormat","$v":"%I:%M %p"},{"$i":"shortTimeFormat12","$v":"%I:%M %p"},{"$i":"shortTimeFormat24","$v":"%H:%M"},{"$i":"shortDateTimeFormat","$v":"%x %H:%M"},{"$i":"weekStartsOnMonday","$v":"1"},{"$i":"firstDayOfTheWeek","$v":"1"},{"$i":"time_am","$v":"пр.об."},{"$i":"time_pm","$v":"сл.об."}]