[{"$i":"reset","$v":"রিসেট"},{"$i":"start","$v":"শুরু"},{"$i":"stop","$v":"থামুন"},{"$i":"cancel","$v":"বাতিল"},{"$i":"hour","$v":"ঘন্টা"},{"$i":"hours","$v":"ঘন্টা"},{"$i":"minute","$v":"মিনিট"},{"$i":"minutes","$v":"মিনিট"},{"$i":"alarm","$v":"অ্যালার্ম"},{"$i":"timer","$v":"টাইমার"},{"$i":"stopwatch","$v":"স্টপওয়াচ"},{"$i":"alarmName","placeholder":"অ্যালার্মের নাম"},{"$i":"newAlarm","$v":"নতুন অ্যালার্ম"},{"$i":"editAlarm","$v":"অ্যালার্ম সম্পাদনা"},{"$i":"pause","$v":"বিরতি"},{"$i":"resume","$v":"পুনরায় আরম্ভ"},{"$i":"lap","$v":"ল্যাপ"},{"$i":"lap-number","$v":["ল্যাপ ",{"t":"idOrVar","v":"n"}]},{"$i":"delete","$v":"অপসারণ"},{"$i":"time","$v":"সময়"},{"$i":"snooze-label","$v":"তন্দ্রাচ্ছন্ন"},{"$i":"snooze-button","$v":"তন্দ্রাচ্ছন্ন"},{"$i":"repeat","$v":"পুনরাবৃত্তি"},{"$i":"vibrate","$v":"ভাইব্রেট"},{"$i":"close","$v":"বন্ধ"},{"$i":"save","$v":"সংরক্ষণ"},{"$i":"done","$v":"সম্পন্ন"},{"$i":"closeButton","ariaLabel":"বন্ধ"},{"$i":"newAlarmButton","ariaLabel":"নতুন অ্যালার্ম"},{"$i":"alarm-volume-label","$v":"সিস্টেম অ্যালার্ম ভলিউম "},{"$i":"sound","$v":"শব্দ"},{"$i":"noSound","$v":"নিঃশব্দ"},{"$i":"everyday","$v":"প্রতিদিন"},{"$i":"weekdays","$v":"কর্মদিবস"},{"$i":"weekends","$v":"ছুটির দিন"},{"$i":"never","$v":"কখনও না"},{"$i":"vibrateOn","$v":"চালু"},{"$i":"vibrateOff","$v":"বন্ধ"},{"$i":"plusMinute","$v":"+1 মিনিট"},{"$i":"dateFormat","$v":"%A, %B %e"},{"$i":"countdown-lessThanAnHour","$v":["এই অ্যালার্মটি এখন থেকে <strong>",{"t":"idOrVar","v":"minutes"},"</strong> মিনিট পর বেজে উঠবে।"]},{"$i":"countdown-moreThanAnHour","$v":["এই অ্যালার্মটি এখন থেকে ",{"t":"idOrVar","v":"hours"}," ",{"t":"idOrVar","v":"minutes"}," পর বেজে উঠবে।"]},{"$i":"countdown-moreThanADay","$v":["অ্যালার্ম এখন থেকে ",{"t":"idOrVar","v":"days"}," ",{"t":"idOrVar","v":"hours"}," পর বেজে উঠবে।"]},{"$i":"nMinutes","$v":{"zero":"এক মিনিটেরও কম","one":"এক মিনিট","two":[{"t":"idOrVar","v":"n"}," মিনিট"],"few":[{"t":"idOrVar","v":"n"}," মিনিট"],"many":[{"t":"idOrVar","v":"n"}," মিনিট"],"other":[{"t":"idOrVar","v":"n"}," মিনিট"]},"$x":[{"t":"idOrVar","v":"plural"},"n"]},{"$i":"nHours","$v":{"zero":"","one":["<strong>",{"t":"idOrVar","v":"n"}," ঘন্টা</strong>"],"two":["<strong>",{"t":"idOrVar","v":"n"}," ঘণ্টা</strong>"],"few":["<strong>",{"t":"idOrVar","v":"n"}," ঘণ্টা</strong>"],"many":["<strong>",{"t":"idOrVar","v":"n"}," ঘণ্টা</strong>"],"other":["<strong>",{"t":"idOrVar","v":"n"}," ঘণ্টা</strong>"]},"$x":[{"t":"idOrVar","v":"plural"},"n"]},{"$i":"nAndRemainHours","$v":{"zero":"","one":["এবং <strong>",{"t":"idOrVar","v":"n"}," ঘন্টা</strong>"],"two":["এবং <strong>",{"t":"idOrVar","v":"n"}," ঘন্টা</strong>"],"few":["এবং <strong>",{"t":"idOrVar","v":"n"}," ঘন্টা</strong>"],"many":["এবং <strong>",{"t":"idOrVar","v":"n"}," ঘন্টা</strong>"],"other":["এবং <strong>",{"t":"idOrVar","v":"n"}," ঘন্টা</strong>"]},"$x":[{"t":"idOrVar","v":"plural"},"n"]},{"$i":"nRemainDays","$v":{"zero":"","one":["<strong>",{"t":"idOrVar","v":"n"}," দিন</strong>"],"two":["<strong>",{"t":"idOrVar","v":"n"}," দিন</strong>"],"few":["<strong>",{"t":"idOrVar","v":"n"}," দিন</strong>"],"many":["<strong>",{"t":"idOrVar","v":"n"}," দিন</strong>"],"other":["<strong>",{"t":"idOrVar","v":"n"}," দিন</strong>"]},"$x":[{"t":"idOrVar","v":"plural"},"n"]},{"$i":"nRemainMinutes","$v":{"zero":"","one":["এবং <strong>",{"t":"idOrVar","v":"n"}," মিনিট</strong>"],"two":["এবং <strong>",{"t":"idOrVar","v":"n"}," মিনিট</strong>"],"few":["এবং <strong>",{"t":"idOrVar","v":"n"}," মিনিট</strong>"],"many":["এবং <strong>",{"t":"idOrVar","v":"n"}," মিনিট</strong>"],"other":["এবং <strong>",{"t":"idOrVar","v":"n"}," মিনিট</strong>"]},"$x":[{"t":"idOrVar","v":"plural"},"n"]},{"$i":"nSpinnerSeconds","$v":{"zero":"শূন্য সেকেন্ড","one":"এক সেকেন্ড","two":[{"t":"idOrVar","v":"n"}," সেকেন্ড"],"few":[{"t":"idOrVar","v":"n"}," সেকেন্ড"],"many":[{"t":"idOrVar","v":"n"}," সেকেন্ড"],"other":[{"t":"idOrVar","v":"n"}," সেকেন্ড"]},"$x":[{"t":"idOrVar","v":"plural"},"n"]},{"$i":"nSpinnerMinutes","$v":{"zero":"শুন্য মিনিট","one":"এক মিনিট","two":[{"t":"idOrVar","v":"n"}," মিনিট"],"few":[{"t":"idOrVar","v":"n"}," মিনিট"],"many":[{"t":"idOrVar","v":"n"}," মিনিট"],"other":[{"t":"idOrVar","v":"n"}," মিনিট"]},"$x":[{"t":"idOrVar","v":"plural"},"n"]},{"$i":"nSpinnerHours","$v":{"zero":"শুন্য ঘণ্টা","one":[{"t":"idOrVar","v":"n"}," ঘণ্টা"],"two":[{"t":"idOrVar","v":"n"}," ঘণ্টা"],"few":[{"t":"idOrVar","v":"n"}," ঘন্টা"],"many":[{"t":"idOrVar","v":"n"}," ঘন্টা"],"other":[{"t":"idOrVar","v":"n"}," ঘন্টা"]},"$x":[{"t":"idOrVar","v":"plural"},"n"]},{"$i":"ac_awake_opus","$v":"Awake"},{"$i":"ac_crystalize_opus","$v":"Crystalize"},{"$i":"ac_cycle_opus","$v":"Cycle"},{"$i":"ac_digicloud_opus","$v":"Digicloud"},{"$i":"ac_humming_waves_opus","$v":"Humming Waves"},{"$i":"ac_into_the_void_opus","$v":"ইনটু দ্যা ভয়েড"},{"$i":"ac_lightly_opus","$v":"Lightly"},{"$i":"ac_mobile_opus","$v":"Mobile"},{"$i":"ac_pinger_opus","$v":"Pinger"},{"$i":"ac_skip_opus","$v":"Skip"},{"$i":"ac_tri_opus","$v":"Tri"},{"$i":"ac_universal_opus","$v":"Universal"},{"$i":"weekday-0-long","$v":"রবিবার"},{"$i":"weekday-1-long","$v":"সোমবার"},{"$i":"weekday-2-long","$v":"মঙ্গলবার"},{"$i":"weekday-3-long","$v":"বুধবার"},{"$i":"weekday-4-long","$v":"বৃহস্পতিবার"},{"$i":"weekday-5-long","$v":"শুক্রবার"},{"$i":"weekday-6-long","$v":"শনিবার"},{"$i":"weekday-0-short","$v":"রবি"},{"$i":"weekday-1-short","$v":"সোম"},{"$i":"weekday-2-short","$v":"মঙ্গল"},{"$i":"weekday-3-short","$v":"বুধ"},{"$i":"weekday-4-short","$v":"বৃহঃ"},{"$i":"weekday-5-short","$v":"শুক্র"},{"$i":"weekday-6-short","$v":"শনি"},{"$i":"month-0-long","$v":"জানুয়ারি"},{"$i":"month-1-long","$v":"ফেব্রুয়ারি"},{"$i":"month-2-long","$v":"মার্চ"},{"$i":"month-3-long","$v":"এপ্রিল"},{"$i":"month-4-long","$v":"মে"},{"$i":"month-5-long","$v":"জুন"},{"$i":"month-6-long","$v":"জুলাই"},{"$i":"month-7-long","$v":"আগস্ট"},{"$i":"month-8-long","$v":"সেপ্টেম্বর"},{"$i":"month-9-long","$v":"অক্টোবর"},{"$i":"month-10-long","$v":"নভেম্বর"},{"$i":"month-11-long","$v":"ডিসেম্বর"},{"$i":"month-0-genitive","$v":"জানুয়ারি"},{"$i":"month-1-genitive","$v":"ফেব্রুয়ারি"},{"$i":"month-2-genitive","$v":"মার্চ"},{"$i":"month-3-genitive","$v":"এপ্রিল"},{"$i":"month-4-genitive","$v":"মে"},{"$i":"month-5-genitive","$v":"জুন"},{"$i":"month-6-genitive","$v":"জুলাই"},{"$i":"month-7-genitive","$v":"আগস্ট"},{"$i":"month-8-genitive","$v":"সেপ্টেম্বর"},{"$i":"month-9-genitive","$v":"অক্টোবর"},{"$i":"month-10-genitive","$v":"নভেম্বর"},{"$i":"month-11-genitive","$v":"ডিসেম্বর"},{"$i":"month-0-short","$v":"জানু"},{"$i":"month-1-short","$v":"ফেব্রু"},{"$i":"month-2-short","$v":"মার্চ"},{"$i":"month-3-short","$v":"এপ্রিল"},{"$i":"month-4-short","$v":"মে"},{"$i":"month-5-short","$v":"জুন"},{"$i":"month-6-short","$v":"জুলাই"},{"$i":"month-7-short","$v":"আগস্ট"},{"$i":"month-8-short","$v":"সেপ্ট"},{"$i":"month-9-short","$v":"অক্টো"},{"$i":"month-10-short","$v":"নভে"},{"$i":"month-11-short","$v":"ডিসে"},{"$i":"minutes-ago-long","$v":{"zero":"এইমাত্র","one":"১ মিনিট পূর্বে","two":[{"t":"idOrVar","v":"value"}," মিনিট পূর্বে"],"few":[{"t":"idOrVar","v":"value"}," মিনিট পূর্বে"],"many":[{"t":"idOrVar","v":"value"}," মিনিট পূর্বে"],"other":[{"t":"idOrVar","v":"value"}," মিনিট পূর্বে"]},"$x":[{"t":"idOrVar","v":"plural"},"value"]},{"$i":"hours-ago-long","$v":{"zero":"এইমাত্র","one":"১ ঘন্টা পূর্বে","two":[{"t":"idOrVar","v":"value"}," ঘন্টা পূর্বে"],"few":[{"t":"idOrVar","v":"value"}," ঘন্টা পূর্বে"],"many":[{"t":"idOrVar","v":"value"}," ঘন্টা পূর্বে"],"other":[{"t":"idOrVar","v":"value"}," ঘন্টা পূর্বে"]},"$x":[{"t":"idOrVar","v":"plural"},"value"]},{"$i":"days-ago-long","$v":{"zero":"আজ","one":"গতকাল","two":[{"t":"idOrVar","v":"value"}," দিন পূর্বে"],"few":[{"t":"idOrVar","v":"value"}," দিন পূর্বে"],"many":[{"t":"idOrVar","v":"value"}," দিন পূর্বে"],"other":[{"t":"idOrVar","v":"value"}," দিন পূর্বে"]},"$x":[{"t":"idOrVar","v":"plural"},"value"]},{"$i":"weeks-ago-long","$v":{"zero":"এই সপ্তাহে","one":"গত সপ্তাহ","two":[{"t":"idOrVar","v":"value"}," সপ্তাহ পূর্বে"],"few":[{"t":"idOrVar","v":"value"}," সপ্তাহ পূর্বে"],"many":[{"t":"idOrVar","v":"value"}," সপ্তাহ পূর্বে"],"other":[{"t":"idOrVar","v":"value"}," সপ্তাহ পূর্বে"]},"$x":[{"t":"idOrVar","v":"plural"},"value"]},{"$i":"months-ago-long","$v":{"zero":"চলতি মাস","one":"গত মাস","two":[{"t":"idOrVar","v":"value"}," মাস পূর্বে"],"few":[{"t":"idOrVar","v":"value"}," মাস পূর্বে"],"many":[{"t":"idOrVar","v":"value"}," মাস পূর্বে"],"other":[{"t":"idOrVar","v":"value"}," মাস পূর্বে"]},"$x":[{"t":"idOrVar","v":"plural"},"value"]},{"$i":"years-ago-long","$v":{"zero":"এই বছর","one":"গত বছর","two":[{"t":"idOrVar","v":"value"}," বছর আগে"],"few":[{"t":"idOrVar","v":"value"}," বছর পূর্বে"],"many":[{"t":"idOrVar","v":"value"}," বছর পূর্বে"],"other":[{"t":"idOrVar","v":"value"}," বছর পূর্বে"]},"$x":[{"t":"idOrVar","v":"plural"},"value"]},{"$i":"minutes-until-long","$v":{"zero":"এখন","one":"এক মিনিটের মধ্যে","two":[{"t":"idOrVar","v":"value"}," মিনিটের মধ্যে"],"few":[{"t":"idOrVar","v":"value"}," মিনিটের মধ্যে"],"many":[{"t":"idOrVar","v":"value"}," মিনিটের মধ্যে"],"other":[{"t":"idOrVar","v":"value"}," মিনিটের মধ্যে"]},"$x":[{"t":"idOrVar","v":"plural"},"value"]},{"$i":"hours-until-long","$v":{"zero":"এখন","one":"এক ঘন্টার মধ্যে","two":[{"t":"idOrVar","v":"value"}," ঘন্টার মধ্যে"],"few":[{"t":"idOrVar","v":"value"}," ঘন্টার মধ্যে"],"many":[{"t":"idOrVar","v":"value"}," ঘন্টার মধ্যে"],"other":[{"t":"idOrVar","v":"value"}," ঘন্টার মধ্যে"]},"$x":[{"t":"idOrVar","v":"plural"},"value"]},{"$i":"days-until-long","$v":{"zero":"আজ","one":"আগামীকাল","two":[{"t":"idOrVar","v":"value"}," দিনের মধ্যে"],"few":[{"t":"idOrVar","v":"value"}," দিনের মধ্যে"],"many":[{"t":"idOrVar","v":"value"}," দিনের মধ্যে"],"other":[{"t":"idOrVar","v":"value"}," দিনের মধ্যে"]},"$x":[{"t":"idOrVar","v":"plural"},"value"]},{"$i":"weeks-until-long","$v":{"zero":"এই সপ্তাহ","one":"পরবর্তী সপ্তাহ","two":[{"t":"idOrVar","v":"value"}," সপ্তাহের মধ্যে"],"few":[{"t":"idOrVar","v":"value"}," সপ্তাহের মধ্যে"],"many":[{"t":"idOrVar","v":"value"}," সপ্তাহের মধ্যে"],"other":[{"t":"idOrVar","v":"value"}," সপ্তাহের মধ্যে"]},"$x":[{"t":"idOrVar","v":"plural"},"value"]},{"$i":"months-until-long","$v":{"zero":"এই মাস","one":"পরবর্তী মাস","two":[{"t":"idOrVar","v":"value"}," মাসের মধ্যে"],"few":[{"t":"idOrVar","v":"value"}," মাসের মধ্যে"],"many":[{"t":"idOrVar","v":"value"}," মাসের মধ্যে"],"other":[{"t":"idOrVar","v":"value"}," মাসের মধ্যে"]},"$x":[{"t":"idOrVar","v":"plural"},"value"]},{"$i":"years-until-long","$v":{"zero":"এই বছর","one":"আগামী বছর","two":[{"t":"idOrVar","v":"value"}," বছরের মধ্যে"],"few":[{"t":"idOrVar","v":"value"}," বছরের মধ্যে"],"many":[{"t":"idOrVar","v":"value"}," বছরের মধ্যে"],"other":[{"t":"idOrVar","v":"value"}," বছরের মধ্যে"]},"$x":[{"t":"idOrVar","v":"plural"},"value"]},{"$i":"minutes-ago-short","$v":{"zero":"এইমাত্র","other":[{"t":"idOrVar","v":"value"},"মি. পূর্বে"]},"$x":[{"t":"idOrVar","v":"plural"},"value"]},{"$i":"hours-ago-short","$v":{"zero":"এইমাত্র","other":[{"t":"idOrVar","v":"value"},"ঘন্টা পূর্বে"]},"$x":[{"t":"idOrVar","v":"plural"},"value"]},{"$i":"days-ago-short","$v":{"zero":"আজ","other":[{"t":"idOrVar","v":"value"},"দিন পূর্বে"]},"$x":[{"t":"idOrVar","v":"plural"},"value"]},{"$i":"minutes-until-short","$v":{"zero":"এখন","other":[{"t":"idOrVar","v":"value"}," মিনিটের মধ্যে"]},"$x":[{"t":"idOrVar","v":"plural"},"value"]},{"$i":"hours-until-short","$v":{"zero":"এখন","other":[{"t":"idOrVar","v":"value"},"ঘন্টার মধ্যে"]},"$x":[{"t":"idOrVar","v":"plural"},"value"]},{"$i":"days-until-short","$v":{"zero":"আজ","other":[{"t":"idOrVar","v":"value"},"দিনের মধ্যে"]},"$x":[{"t":"idOrVar","v":"plural"},"value"]},{"$i":"incorrectDate","$v":"(ভুল তারিখ)"},{"$i":"dateTimeFormat_%c","$v":"%a %b %e %Y %I:%M:%S %p"},{"$i":"dateTimeFormat_%x","$v":"%m/%d/%Y"},{"$i":"dateTimeFormat_%X","$v":"%I:%M:%S %p"},{"$i":"shortTimeFormat","$v":"%I:%M %p"},{"$i":"shortTimeFormat12","$v":"%I:%M %p"},{"$i":"shortTimeFormat24","$v":"%H:%M"},{"$i":"shortDateTimeFormat","$v":"%x %I:%M %p"},{"$i":"weekStartsOnMonday","$v":"0"},{"$i":"firstDayOfTheWeek","$v":"0"},{"$i":"time_am","$v":"AM"},{"$i":"time_pm","$v":"PM"}]