[{"$i":"reset","$v":"Reinicia"},{"$i":"start","$v":"Inicia"},{"$i":"stop","$v":"Atura"},{"$i":"cancel","$v":"Cancel·la"},{"$i":"hour","$v":"Hora"},{"$i":"hours","$v":"Hores"},{"$i":"minute","$v":"Minut"},{"$i":"minutes","$v":"Minuts"},{"$i":"alarm","$v":"Alarma"},{"$i":"timer","$v":"Temporitzador"},{"$i":"stopwatch","$v":"Cronòmetre"},{"$i":"alarmName","placeholder":"Nom de l'alarma"},{"$i":"newAlarm","$v":"Alarma nova"},{"$i":"editAlarm","$v":"Edita l'alarma"},{"$i":"pause","$v":"Pausa"},{"$i":"resume","$v":"Reprèn"},{"$i":"lap","$v":"Volta"},{"$i":"lap-number","$v":["Volta ",{"t":"idOrVar","v":"n"}]},{"$i":"delete","$v":"Elimina"},{"$i":"time","$v":"Hora"},{"$i":"snooze-label","$v":"Ajorna"},{"$i":"snooze-button","$v":"Ajorna"},{"$i":"repeat","$v":"Repeteix"},{"$i":"vibrate","$v":"Vibració"},{"$i":"close","$v":"Tanca"},{"$i":"save","$v":"Desa"},{"$i":"done","$v":"Fet"},{"$i":"closeButton","ariaLabel":"Tanca"},{"$i":"newAlarmButton","ariaLabel":"Alarma nova"},{"$i":"alarm-volume-label","$v":"Volum de l'alarma del sistema"},{"$i":"sound","$v":"So"},{"$i":"noSound","$v":"Sense so"},{"$i":"everyday","$v":"Cada dia"},{"$i":"weekdays","$v":"Feiners"},{"$i":"weekends","$v":"Caps de setmana"},{"$i":"never","$v":"Mai"},{"$i":"vibrateOn","$v":"Activada"},{"$i":"vibrateOff","$v":"Desactivada"},{"$i":"plusMinute","$v":"+1 min."},{"$i":"dateFormat","$v":"%A %e %Eb"},{"$i":"countdown-lessThanAnHour","$v":["L'alarma sonarà d'aquí <strong>",{"t":"idOrVar","v":"minutes"},"</strong>."]},{"$i":"countdown-moreThanAnHour","$v":["L'alarma sonarà d'aquí ",{"t":"idOrVar","v":"hours"}," ",{"t":"idOrVar","v":"minutes"},"."]},{"$i":"countdown-moreThanADay","$v":["L'alarma sonarà d'aquí ",{"t":"idOrVar","v":"days"}," ",{"t":"idOrVar","v":"hours"},"."]},{"$i":"nMinutes","$v":{"zero":"menys d'un minut","one":"un minut","two":[{"t":"idOrVar","v":"n"}," minuts"],"few":[{"t":"idOrVar","v":"n"}," minuts"],"many":[{"t":"idOrVar","v":"n"}," minuts"],"other":[{"t":"idOrVar","v":"n"}," minuts"]},"$x":[{"t":"idOrVar","v":"plural"},"n"]},{"$i":"nHours","$v":{"zero":"","one":["<strong>",{"t":"idOrVar","v":"n"}," hora</strong>"],"two":["<strong>",{"t":"idOrVar","v":"n"}," hores</strong>"],"few":["<strong>",{"t":"idOrVar","v":"n"}," hores</strong>"],"many":["<strong>",{"t":"idOrVar","v":"n"}," hores</strong>"],"other":["<strong>",{"t":"idOrVar","v":"n"}," hores</strong>"]},"$x":[{"t":"idOrVar","v":"plural"},"n"]},{"$i":"nAndRemainHours","$v":{"zero":"","one":["i <strong>",{"t":"idOrVar","v":"n"}," hora</strong>"],"two":["i <strong>",{"t":"idOrVar","v":"n"}," hores</strong>"],"few":["i <strong>",{"t":"idOrVar","v":"n"}," hores</strong>"],"many":["i <strong>",{"t":"idOrVar","v":"n"}," hores</strong>"],"other":["i <strong>",{"t":"idOrVar","v":"n"}," hores</strong>"]},"$x":[{"t":"idOrVar","v":"plural"},"n"]},{"$i":"nRemainDays","$v":{"zero":"","one":["<strong>",{"t":"idOrVar","v":"n"}," dia</strong>"],"two":["<strong>",{"t":"idOrVar","v":"n"}," dies</strong>"],"few":["<strong>",{"t":"idOrVar","v":"n"}," dies</strong>"],"many":["<strong>",{"t":"idOrVar","v":"n"}," dies</strong>"],"other":["<strong>",{"t":"idOrVar","v":"n"}," dies</strong>"]},"$x":[{"t":"idOrVar","v":"plural"},"n"]},{"$i":"nRemainMinutes","$v":{"zero":"","one":["i <strong>",{"t":"idOrVar","v":"n"}," minut</strong>"],"two":["i <strong>",{"t":"idOrVar","v":"n"}," minuts</strong>"],"few":["i <strong>",{"t":"idOrVar","v":"n"}," minuts</strong>"],"many":["i <strong>",{"t":"idOrVar","v":"n"}," minuts</strong>"],"other":["i <strong>",{"t":"idOrVar","v":"n"}," minuts</strong>"]},"$x":[{"t":"idOrVar","v":"plural"},"n"]},{"$i":"nSpinnerSeconds","$v":{"zero":"zero segons","one":"un segon","two":[{"t":"idOrVar","v":"n"}," segons"],"few":[{"t":"idOrVar","v":"n"}," segons"],"many":[{"t":"idOrVar","v":"n"}," segons"],"other":[{"t":"idOrVar","v":"n"}," segons"]},"$x":[{"t":"idOrVar","v":"plural"},"n"]},{"$i":"nSpinnerMinutes","$v":{"zero":"zero minuts","one":"un minut","two":[{"t":"idOrVar","v":"n"}," minuts"],"few":[{"t":"idOrVar","v":"n"}," minuts"],"many":[{"t":"idOrVar","v":"n"}," minuts"],"other":[{"t":"idOrVar","v":"n"}," minuts"]},"$x":[{"t":"idOrVar","v":"plural"},"n"]},{"$i":"nSpinnerHours","$v":{"zero":"zero hores","one":[{"t":"idOrVar","v":"n"}," hora"],"two":[{"t":"idOrVar","v":"n"}," hores"],"few":[{"t":"idOrVar","v":"n"}," hores"],"many":[{"t":"idOrVar","v":"n"}," hores"],"other":[{"t":"idOrVar","v":"n"}," hores"]},"$x":[{"t":"idOrVar","v":"plural"},"n"]},{"$i":"ac_awake_opus","$v":"Despert"},{"$i":"ac_crystalize_opus","$v":"Cristal·lització"},{"$i":"ac_cycle_opus","$v":"Cicle"},{"$i":"ac_digicloud_opus","$v":"Núvol digital"},{"$i":"ac_humming_waves_opus","$v":"Brunzit d'onades"},{"$i":"ac_into_the_void_opus","$v":"En el buit"},{"$i":"ac_lightly_opus","$v":"Lleuger"},{"$i":"ac_mobile_opus","$v":"Mòbil"},{"$i":"ac_pinger_opus","$v":"Sonar"},{"$i":"ac_skip_opus","$v":"Salt"},{"$i":"ac_tri_opus","$v":"Tri"},{"$i":"ac_universal_opus","$v":"Universal"},{"$i":"weekday-0-long","$v":"diumenge"},{"$i":"weekday-1-long","$v":"dilluns"},{"$i":"weekday-2-long","$v":"dimarts"},{"$i":"weekday-3-long","$v":"dimecres"},{"$i":"weekday-4-long","$v":"dijous"},{"$i":"weekday-5-long","$v":"divendres"},{"$i":"weekday-6-long","$v":"dissabte"},{"$i":"weekday-0-short","$v":"dg"},{"$i":"weekday-1-short","$v":"dl"},{"$i":"weekday-2-short","$v":"dt"},{"$i":"weekday-3-short","$v":"dc"},{"$i":"weekday-4-short","$v":"dj"},{"$i":"weekday-5-short","$v":"dv"},{"$i":"weekday-6-short","$v":"ds"},{"$i":"month-0-long","$v":"gener"},{"$i":"month-1-long","$v":"febrer"},{"$i":"month-2-long","$v":"març"},{"$i":"month-3-long","$v":"abril"},{"$i":"month-4-long","$v":"maig"},{"$i":"month-5-long","$v":"juny"},{"$i":"month-6-long","$v":"juliol"},{"$i":"month-7-long","$v":"agost"},{"$i":"month-8-long","$v":"setembre"},{"$i":"month-9-long","$v":"octubre"},{"$i":"month-10-long","$v":"novembre"},{"$i":"month-11-long","$v":"desembre"},{"$i":"month-0-genitive","$v":"de gener"},{"$i":"month-1-genitive","$v":"de febrer"},{"$i":"month-2-genitive","$v":"de març"},{"$i":"month-3-genitive","$v":"d'abril"},{"$i":"month-4-genitive","$v":"de maig"},{"$i":"month-5-genitive","$v":"de juny"},{"$i":"month-6-genitive","$v":"de juliol"},{"$i":"month-7-genitive","$v":"d'agost"},{"$i":"month-8-genitive","$v":"de setembre"},{"$i":"month-9-genitive","$v":"d'octubre"},{"$i":"month-10-genitive","$v":"de novembre"},{"$i":"month-11-genitive","$v":"de desembre"},{"$i":"month-0-short","$v":"gen"},{"$i":"month-1-short","$v":"febr"},{"$i":"month-2-short","$v":"març"},{"$i":"month-3-short","$v":"abr"},{"$i":"month-4-short","$v":"maig"},{"$i":"month-5-short","$v":"juny"},{"$i":"month-6-short","$v":"jul"},{"$i":"month-7-short","$v":"ag"},{"$i":"month-8-short","$v":"set"},{"$i":"month-9-short","$v":"oct"},{"$i":"month-10-short","$v":"nov"},{"$i":"month-11-short","$v":"des"},{"$i":"minutes-ago-long","$v":{"zero":"ara","one":"fa un minut","two":["fa ",{"t":"idOrVar","v":"value"}," minuts"],"few":["fa ",{"t":"idOrVar","v":"value"}," minuts"],"many":["fa ",{"t":"idOrVar","v":"value"}," minuts"],"other":["fa ",{"t":"idOrVar","v":"value"}," minuts"]},"$x":[{"t":"idOrVar","v":"plural"},"value"]},{"$i":"hours-ago-long","$v":{"zero":"ara","one":"fa una hora","two":["fa ",{"t":"idOrVar","v":"value"}," hores"],"few":["fa ",{"t":"idOrVar","v":"value"}," hores"],"many":["fa ",{"t":"idOrVar","v":"value"}," hores"],"other":["fa ",{"t":"idOrVar","v":"value"}," hores"]},"$x":[{"t":"idOrVar","v":"plural"},"value"]},{"$i":"days-ago-long","$v":{"zero":"avui","one":"ahir","two":["fa ",{"t":"idOrVar","v":"value"}," dies"],"few":["fa ",{"t":"idOrVar","v":"value"}," dies"],"many":["fa ",{"t":"idOrVar","v":"value"}," dies"],"other":["fa ",{"t":"idOrVar","v":"value"}," dies"]},"$x":[{"t":"idOrVar","v":"plural"},"value"]},{"$i":"weeks-ago-long","$v":{"zero":"aquesta setmana","one":"la setmana passada","two":["fa ",{"t":"idOrVar","v":"value"}," setmanes"],"few":["fa ",{"t":"idOrVar","v":"value"}," setmanes"],"many":["fa ",{"t":"idOrVar","v":"value"}," setmanes"],"other":["fa ",{"t":"idOrVar","v":"value"}," setmanes"]},"$x":[{"t":"idOrVar","v":"plural"},"value"]},{"$i":"months-ago-long","$v":{"zero":"aquest mes","one":"el mes passat","two":["fa ",{"t":"idOrVar","v":"value"}," mesos"],"few":["fa ",{"t":"idOrVar","v":"value"}," mesos"],"many":["fa ",{"t":"idOrVar","v":"value"}," mesos"],"other":["fa ",{"t":"idOrVar","v":"value"}," mesos"]},"$x":[{"t":"idOrVar","v":"plural"},"value"]},{"$i":"years-ago-long","$v":{"zero":"enguany","one":"l'any passat","two":["fa ",{"t":"idOrVar","v":"value"}," anys"],"few":["fa ",{"t":"idOrVar","v":"value"}," anys"],"many":["fa ",{"t":"idOrVar","v":"value"}," anys"],"other":["fa ",{"t":"idOrVar","v":"value"}," anys"]},"$x":[{"t":"idOrVar","v":"plural"},"value"]},{"$i":"minutes-until-long","$v":{"zero":"ara","one":"d'aquí un minut","two":["d'aquí ",{"t":"idOrVar","v":"value"}," minuts"],"few":["d'aquí ",{"t":"idOrVar","v":"value"}," minuts"],"many":["d'aquí ",{"t":"idOrVar","v":"value"}," minuts"],"other":["d'aquí ",{"t":"idOrVar","v":"value"}," minuts"]},"$x":[{"t":"idOrVar","v":"plural"},"value"]},{"$i":"hours-until-long","$v":{"zero":"ara","one":"d'aquí una hora","two":["d'aquí ",{"t":"idOrVar","v":"value"}," hores"],"few":["d'aquí ",{"t":"idOrVar","v":"value"}," hores"],"many":["d'aquí ",{"t":"idOrVar","v":"value"}," hores"],"other":["d'aquí ",{"t":"idOrVar","v":"value"}," hores"]},"$x":[{"t":"idOrVar","v":"plural"},"value"]},{"$i":"days-until-long","$v":{"zero":"avui","one":"demà","two":["d'aquí ",{"t":"idOrVar","v":"value"}," dies"],"few":["d'aquí ",{"t":"idOrVar","v":"value"}," dies"],"many":["d'aquí ",{"t":"idOrVar","v":"value"}," dies"],"other":["d'aquí ",{"t":"idOrVar","v":"value"}," dies"]},"$x":[{"t":"idOrVar","v":"plural"},"value"]},{"$i":"weeks-until-long","$v":{"zero":"aquesta setmana","one":"la setmana que ve","two":["d'aquí ",{"t":"idOrVar","v":"value"}," setmanes"],"few":["d'aquí ",{"t":"idOrVar","v":"value"}," setmanes"],"many":["d'aquí ",{"t":"idOrVar","v":"value"}," setmanes"],"other":["d'aquí ",{"t":"idOrVar","v":"value"}," setmanes"]},"$x":[{"t":"idOrVar","v":"plural"},"value"]},{"$i":"months-until-long","$v":{"zero":"aquest mes","one":"el mes que ve","two":["d'aquí ",{"t":"idOrVar","v":"value"}," mesos"],"few":["d'aquí ",{"t":"idOrVar","v":"value"}," mesos"],"many":["d'aquí ",{"t":"idOrVar","v":"value"}," mesos"],"other":["d'aquí ",{"t":"idOrVar","v":"value"}," mesos"]},"$x":[{"t":"idOrVar","v":"plural"},"value"]},{"$i":"years-until-long","$v":{"zero":"enguany","one":"l'any que ve","two":["d'aquí ",{"t":"idOrVar","v":"value"}," anys"],"few":["d'aquí ",{"t":"idOrVar","v":"value"}," anys"],"many":["d'aquí ",{"t":"idOrVar","v":"value"}," anys"],"other":["d'aquí ",{"t":"idOrVar","v":"value"}," anys"]},"$x":[{"t":"idOrVar","v":"plural"},"value"]},{"$i":"minutes-ago-short","$v":{"zero":"ara","other":["fa ",{"t":"idOrVar","v":"value"}," m"]},"$x":[{"t":"idOrVar","v":"plural"},"value"]},{"$i":"hours-ago-short","$v":{"zero":"ara","other":["fa ",{"t":"idOrVar","v":"value"}," h"]},"$x":[{"t":"idOrVar","v":"plural"},"value"]},{"$i":"days-ago-short","$v":{"zero":"avui","other":["fa ",{"t":"idOrVar","v":"value"}," d"]},"$x":[{"t":"idOrVar","v":"plural"},"value"]},{"$i":"minutes-until-short","$v":{"zero":"ara","other":["d'aquí ",{"t":"idOrVar","v":"value"}," m"]},"$x":[{"t":"idOrVar","v":"plural"},"value"]},{"$i":"hours-until-short","$v":{"zero":"ara","other":["d'aquí ",{"t":"idOrVar","v":"value"}," h"]},"$x":[{"t":"idOrVar","v":"plural"},"value"]},{"$i":"days-until-short","$v":{"zero":"avui","other":["d'aquí ",{"t":"idOrVar","v":"value"}," d"]},"$x":[{"t":"idOrVar","v":"plural"},"value"]},{"$i":"incorrectDate","$v":"(data no vàlida)"},{"$i":"dateTimeFormat_%c","$v":"%a %e %Eb, %Y %H:%M:%S"},{"$i":"dateTimeFormat_%x","$v":"%d/%m/%Y"},{"$i":"dateTimeFormat_%X","$v":"%H:%M:%S"},{"$i":"shortTimeFormat","$v":"%H:%M"},{"$i":"shortTimeFormat12","$v":"%I:%M %p"},{"$i":"shortTimeFormat24","$v":"%H:%M"},{"$i":"shortDateTimeFormat","$v":"%x %H:%M"},{"$i":"weekStartsOnMonday","$v":"1"},{"$i":"firstDayOfTheWeek","$v":"0"},{"$i":"time_am","$v":"am"},{"$i":"time_pm","$v":"pm"}]