[{"$i":"reset","$v":"Nulstil"},{"$i":"start","$v":"Start"},{"$i":"stop","$v":"Stop"},{"$i":"cancel","$v":"Annuller"},{"$i":"hour","$v":"Time"},{"$i":"hours","$v":"Timer"},{"$i":"minute","$v":"Minut"},{"$i":"minutes","$v":"Minutter"},{"$i":"alarm","$v":"Alarm"},{"$i":"timer","$v":"Minutur"},{"$i":"stopwatch","$v":"Stopur"},{"$i":"alarmName","placeholder":"Alarmnavn"},{"$i":"newAlarm","$v":"Ny alarm"},{"$i":"editAlarm","$v":"Rediger alarm"},{"$i":"pause","$v":"Pause"},{"$i":"resume","$v":"Fortsæt"},{"$i":"lap","$v":"Mellemtid"},{"$i":"lap-number","$v":["Mellemtid ",{"t":"idOrVar","v":"n"}]},{"$i":"delete","$v":"Slet"},{"$i":"time","$v":"Tidspunkt"},{"$i":"snooze-label","$v":"Udsæt"},{"$i":"snooze-button","$v":"Udsæt"},{"$i":"repeat","$v":"Gentag"},{"$i":"vibrate","$v":"Vibrer"},{"$i":"close","$v":"Luk"},{"$i":"save","$v":"Gem"},{"$i":"done","$v":"Færdig"},{"$i":"closeButton","ariaLabel":"Luk"},{"$i":"newAlarmButton","ariaLabel":"Ny alarm"},{"$i":"alarm-volume-label","$v":"Lydstyrke for systemalarm"},{"$i":"sound","$v":"Lyd"},{"$i":"noSound","$v":"Ingen lyd"},{"$i":"everyday","$v":"Hver dag"},{"$i":"weekdays","$v":"Ugedage"},{"$i":"weekends","$v":"Weekender"},{"$i":"never","$v":"Aldrig"},{"$i":"vibrateOn","$v":"Aktiveret"},{"$i":"vibrateOff","$v":"Deaktiveret"},{"$i":"plusMinute","$v":"+1 min."},{"$i":"dateFormat","$v":"%A, %e. %B"},{"$i":"countdown-lessThanAnHour","$v":["Alarmen er indstillet til <strong>",{"t":"idOrVar","v":"minutes"},"</strong> fra nu."]},{"$i":"countdown-moreThanAnHour","$v":["Alarmen er indstillet til ",{"t":"idOrVar","v":"hours"}," ",{"t":"idOrVar","v":"minutes"}," fra nu."]},{"$i":"countdown-moreThanADay","$v":["Alarmen er indstillet til ",{"t":"idOrVar","v":"days"}," ",{"t":"idOrVar","v":"hours"}," fra nu."]},{"$i":"nMinutes","$v":{"zero":"mindre end et minut","one":"et minut","two":[{"t":"idOrVar","v":"n"}," minutter"],"few":[{"t":"idOrVar","v":"n"}," minutter"],"many":[{"t":"idOrVar","v":"n"}," minutter"],"other":[{"t":"idOrVar","v":"n"}," minutter"]},"$x":[{"t":"idOrVar","v":"plural"},"n"]},{"$i":"nHours","$v":{"zero":"","one":["<strong>",{"t":"idOrVar","v":"n"}," time</strong>"],"two":["<strong>",{"t":"idOrVar","v":"n"}," timer</strong>"],"few":["<strong>",{"t":"idOrVar","v":"n"}," timer</strong>"],"many":["<strong>",{"t":"idOrVar","v":"n"}," timer</strong>"],"other":["<strong>",{"t":"idOrVar","v":"n"}," timer</strong>"]},"$x":[{"t":"idOrVar","v":"plural"},"n"]},{"$i":"nAndRemainHours","$v":{"zero":"","one":["og <strong>",{"t":"idOrVar","v":"n"}," time</strong>"],"two":["og <strong>",{"t":"idOrVar","v":"n"}," timer</strong>"],"few":["og <strong>",{"t":"idOrVar","v":"n"}," timer</strong>"],"many":["og <strong>",{"t":"idOrVar","v":"n"}," timer</strong>"],"other":["og <strong>",{"t":"idOrVar","v":"n"}," timer</strong>"]},"$x":[{"t":"idOrVar","v":"plural"},"n"]},{"$i":"nRemainDays","$v":{"zero":"","one":["<strong>",{"t":"idOrVar","v":"n"}," dag</strong>"],"two":["<strong>",{"t":"idOrVar","v":"n"}," dage</strong>"],"few":["<strong>",{"t":"idOrVar","v":"n"}," dage</strong>"],"many":["<strong>",{"t":"idOrVar","v":"n"}," dage</strong>"],"other":["<strong>",{"t":"idOrVar","v":"n"}," dage</strong>"]},"$x":[{"t":"idOrVar","v":"plural"},"n"]},{"$i":"nRemainMinutes","$v":{"zero":"","one":["og <strong>",{"t":"idOrVar","v":"n"}," minut</strong>"],"two":["og <strong>",{"t":"idOrVar","v":"n"}," minutter</strong>"],"few":["og <strong>",{"t":"idOrVar","v":"n"}," minutter</strong>"],"many":["og <strong>",{"t":"idOrVar","v":"n"}," minutter</strong>"],"other":["og <strong>",{"t":"idOrVar","v":"n"}," minutter</strong>"]},"$x":[{"t":"idOrVar","v":"plural"},"n"]},{"$i":"nSpinnerSeconds","$v":{"zero":"nul sekunder","one":"et sekund","two":[{"t":"idOrVar","v":"n"}," sekunder"],"few":[{"t":"idOrVar","v":"n"}," sekunder"],"many":[{"t":"idOrVar","v":"n"}," sekunder"],"other":[{"t":"idOrVar","v":"n"}," sekunder"]},"$x":[{"t":"idOrVar","v":"plural"},"n"]},{"$i":"nSpinnerMinutes","$v":{"zero":"nul minutter","one":"et minut","two":[{"t":"idOrVar","v":"n"}," minutter"],"few":[{"t":"idOrVar","v":"n"}," minutter"],"many":[{"t":"idOrVar","v":"n"}," minutter"],"other":[{"t":"idOrVar","v":"n"}," minutter"]},"$x":[{"t":"idOrVar","v":"plural"},"n"]},{"$i":"nSpinnerHours","$v":{"zero":"nul timer","one":[{"t":"idOrVar","v":"n"}," time"],"two":[{"t":"idOrVar","v":"n"}," timer"],"few":[{"t":"idOrVar","v":"n"}," timer"],"many":[{"t":"idOrVar","v":"n"}," timer"],"other":[{"t":"idOrVar","v":"n"}," timer"]},"$x":[{"t":"idOrVar","v":"plural"},"n"]},{"$i":"ac_awake_opus","$v":"Vågen"},{"$i":"ac_crystalize_opus","$v":"Krystaliser"},{"$i":"ac_cycle_opus","$v":"Cyklus"},{"$i":"ac_digicloud_opus","$v":"Digicloud"},{"$i":"ac_humming_waves_opus","$v":"Simrende bølger"},{"$i":"ac_into_the_void_opus","$v":"Ind i intetheden"},{"$i":"ac_lightly_opus","$v":"Let"},{"$i":"ac_mobile_opus","$v":"Mobil"},{"$i":"ac_pinger_opus","$v":"Pinger"},{"$i":"ac_skip_opus","$v":"Videre"},{"$i":"ac_tri_opus","$v":"Triple"},{"$i":"ac_universal_opus","$v":"Universelt"},{"$i":"weekday-0-long","$v":"Søndag"},{"$i":"weekday-1-long","$v":"Mandag"},{"$i":"weekday-2-long","$v":"Tirsdag"},{"$i":"weekday-3-long","$v":"Onsdag"},{"$i":"weekday-4-long","$v":"Torsdag"},{"$i":"weekday-5-long","$v":"Fredag"},{"$i":"weekday-6-long","$v":"Lørdag"},{"$i":"weekday-0-short","$v":"Søn"},{"$i":"weekday-1-short","$v":"Man"},{"$i":"weekday-2-short","$v":"Tir"},{"$i":"weekday-3-short","$v":"Ons"},{"$i":"weekday-4-short","$v":"Tor"},{"$i":"weekday-5-short","$v":"Fre"},{"$i":"weekday-6-short","$v":"Lør"},{"$i":"month-0-long","$v":"Januar"},{"$i":"month-1-long","$v":"Februar"},{"$i":"month-2-long","$v":"Marts"},{"$i":"month-3-long","$v":"April"},{"$i":"month-4-long","$v":"Maj"},{"$i":"month-5-long","$v":"Juni"},{"$i":"month-6-long","$v":"Juli"},{"$i":"month-7-long","$v":"August"},{"$i":"month-8-long","$v":"September"},{"$i":"month-9-long","$v":"Oktober"},{"$i":"month-10-long","$v":"November"},{"$i":"month-11-long","$v":"December"},{"$i":"month-0-genitive","$v":"januar"},{"$i":"month-1-genitive","$v":"februar"},{"$i":"month-2-genitive","$v":"marts"},{"$i":"month-3-genitive","$v":"april"},{"$i":"month-4-genitive","$v":"maj"},{"$i":"month-5-genitive","$v":"juni"},{"$i":"month-6-genitive","$v":"juli"},{"$i":"month-7-genitive","$v":"august"},{"$i":"month-8-genitive","$v":"september"},{"$i":"month-9-genitive","$v":"oktober"},{"$i":"month-10-genitive","$v":"november"},{"$i":"month-11-genitive","$v":"december"},{"$i":"month-0-short","$v":"Jan"},{"$i":"month-1-short","$v":"Feb"},{"$i":"month-2-short","$v":"Mar"},{"$i":"month-3-short","$v":"Apr"},{"$i":"month-4-short","$v":"Maj"},{"$i":"month-5-short","$v":"Jun"},{"$i":"month-6-short","$v":"Jul"},{"$i":"month-7-short","$v":"Aug"},{"$i":"month-8-short","$v":"Sep"},{"$i":"month-9-short","$v":"Okt"},{"$i":"month-10-short","$v":"Nov"},{"$i":"month-11-short","$v":"Dec"},{"$i":"minutes-ago-long","$v":{"zero":"nu","one":"for et minut siden","two":["for ",{"t":"idOrVar","v":"value"}," minutter siden"],"few":["for ",{"t":"idOrVar","v":"value"}," minutter siden"],"many":["for ",{"t":"idOrVar","v":"value"}," minutter siden"],"other":["for ",{"t":"idOrVar","v":"value"}," minutter siden"]},"$x":[{"t":"idOrVar","v":"plural"},"value"]},{"$i":"hours-ago-long","$v":{"zero":"nu","one":"for en time siden","two":["for ",{"t":"idOrVar","v":"value"}," timer siden"],"few":["for ",{"t":"idOrVar","v":"value"}," timer siden"],"many":["for ",{"t":"idOrVar","v":"value"}," timer siden"],"other":["for ",{"t":"idOrVar","v":"value"}," timer siden"]},"$x":[{"t":"idOrVar","v":"plural"},"value"]},{"$i":"days-ago-long","$v":{"zero":"i dag","one":"i går","two":["for ",{"t":"idOrVar","v":"value"}," dage siden"],"few":["for ",{"t":"idOrVar","v":"value"}," dage siden"],"many":["for ",{"t":"idOrVar","v":"value"}," dage siden"],"other":["for ",{"t":"idOrVar","v":"value"}," dage siden"]},"$x":[{"t":"idOrVar","v":"plural"},"value"]},{"$i":"weeks-ago-long","$v":{"zero":"denne uge","one":"sidste uge","two":["for ",{"t":"idOrVar","v":"value"}," uger siden"],"few":["for ",{"t":"idOrVar","v":"value"}," uger siden"],"many":["for ",{"t":"idOrVar","v":"value"}," uger siden"],"other":["for ",{"t":"idOrVar","v":"value"}," uger siden"]},"$x":[{"t":"idOrVar","v":"plural"},"value"]},{"$i":"months-ago-long","$v":{"zero":"denne måned","one":"sidste måned","two":["for ",{"t":"idOrVar","v":"value"}," måneder siden"],"few":["for ",{"t":"idOrVar","v":"value"}," måneder siden"],"many":["for ",{"t":"idOrVar","v":"value"}," måneder siden"],"other":["for ",{"t":"idOrVar","v":"value"}," måneder siden"]},"$x":[{"t":"idOrVar","v":"plural"},"value"]},{"$i":"years-ago-long","$v":{"zero":"dette år","one":"sidste år","two":["for ",{"t":"idOrVar","v":"value"}," år siden"],"few":["for ",{"t":"idOrVar","v":"value"}," år siden"],"many":["for ",{"t":"idOrVar","v":"value"}," år siden"],"other":["for ",{"t":"idOrVar","v":"value"}," år siden"]},"$x":[{"t":"idOrVar","v":"plural"},"value"]},{"$i":"minutes-until-long","$v":{"zero":"nu","one":"om et minut","two":["om ",{"t":"idOrVar","v":"value"}," minutter"],"few":["om ",{"t":"idOrVar","v":"value"}," minutter"],"many":["om ",{"t":"idOrVar","v":"value"}," minutter"],"other":["om ",{"t":"idOrVar","v":"value"}," minutter"]},"$x":[{"t":"idOrVar","v":"plural"},"value"]},{"$i":"hours-until-long","$v":{"zero":"nu","one":"om en time","two":["om ",{"t":"idOrVar","v":"value"}," timer"],"few":["om ",{"t":"idOrVar","v":"value"}," timer"],"many":["om ",{"t":"idOrVar","v":"value"}," timer"],"other":["om ",{"t":"idOrVar","v":"value"}," timer"]},"$x":[{"t":"idOrVar","v":"plural"},"value"]},{"$i":"days-until-long","$v":{"zero":"i dag","one":"i morgen","two":["om ",{"t":"idOrVar","v":"value"}," dage"],"few":["om ",{"t":"idOrVar","v":"value"}," dage"],"many":["om ",{"t":"idOrVar","v":"value"}," dage"],"other":["om ",{"t":"idOrVar","v":"value"}," dage"]},"$x":[{"t":"idOrVar","v":"plural"},"value"]},{"$i":"weeks-until-long","$v":{"zero":"denne uge","one":"næste uge","two":["om ",{"t":"idOrVar","v":"value"}," uger"],"few":["om ",{"t":"idOrVar","v":"value"}," uger"],"many":["om ",{"t":"idOrVar","v":"value"}," uger"],"other":["om ",{"t":"idOrVar","v":"value"}," uger"]},"$x":[{"t":"idOrVar","v":"plural"},"value"]},{"$i":"months-until-long","$v":{"zero":"denne måned","one":"næste måned","two":["om ",{"t":"idOrVar","v":"value"}," måneder"],"few":["om ",{"t":"idOrVar","v":"value"}," måneder"],"many":["om ",{"t":"idOrVar","v":"value"}," måneder"],"other":["om ",{"t":"idOrVar","v":"value"}," måneder"]},"$x":[{"t":"idOrVar","v":"plural"},"value"]},{"$i":"years-until-long","$v":{"zero":"i år","one":"næste år","two":["om ",{"t":"idOrVar","v":"value"}," år"],"few":["om ",{"t":"idOrVar","v":"value"}," år"],"many":["om ",{"t":"idOrVar","v":"value"}," år"],"other":["om ",{"t":"idOrVar","v":"value"}," år"]},"$x":[{"t":"idOrVar","v":"plural"},"value"]},{"$i":"minutes-ago-short","$v":{"zero":"nu","other":[{"t":"idOrVar","v":"value"}," m. siden"]},"$x":[{"t":"idOrVar","v":"plural"},"value"]},{"$i":"hours-ago-short","$v":{"zero":"nu","other":[{"t":"idOrVar","v":"value"}," t. siden"]},"$x":[{"t":"idOrVar","v":"plural"},"value"]},{"$i":"days-ago-short","$v":{"zero":"i dag","other":[{"t":"idOrVar","v":"value"}," d. siden"]},"$x":[{"t":"idOrVar","v":"plural"},"value"]},{"$i":"minutes-until-short","$v":{"zero":"nu","other":["om ",{"t":"idOrVar","v":"value"}," m."]},"$x":[{"t":"idOrVar","v":"plural"},"value"]},{"$i":"hours-until-short","$v":{"zero":"nu","other":["om ",{"t":"idOrVar","v":"value"}," t."]},"$x":[{"t":"idOrVar","v":"plural"},"value"]},{"$i":"days-until-short","$v":{"zero":"i dag","other":["om ",{"t":"idOrVar","v":"value"}," d."]},"$x":[{"t":"idOrVar","v":"plural"},"value"]},{"$i":"incorrectDate","$v":"(forkert dato)"},{"$i":"dateTimeFormat_%c","$v":"%a d. %e. %b %Y %H:%M:%S"},{"$i":"dateTimeFormat_%x","$v":"%d-%m-%Y"},{"$i":"dateTimeFormat_%X","$v":"%H:%M:%S"},{"$i":"shortTimeFormat","$v":"%H:%M"},{"$i":"shortTimeFormat12","$v":"%I:%M %p"},{"$i":"shortTimeFormat24","$v":"%H:%M"},{"$i":"shortDateTimeFormat","$v":"%x %H:%M"},{"$i":"weekStartsOnMonday","$v":"1"},{"$i":"firstDayOfTheWeek","$v":"1"},{"$i":"time_am","$v":"AM"},{"$i":"time_pm","$v":"PM"}]