[{"$i":"reset","$v":"Zurücksetzen"},{"$i":"start","$v":"Starten"},{"$i":"stop","$v":"Anhalten"},{"$i":"cancel","$v":"Abbrechen"},{"$i":"hour","$v":"Stunde"},{"$i":"hours","$v":"Stunden"},{"$i":"minute","$v":"Minute"},{"$i":"minutes","$v":"Minuten"},{"$i":"alarm","$v":"Alarm"},{"$i":"timer","$v":"Countdown"},{"$i":"stopwatch","$v":"Stoppuhr"},{"$i":"alarmName","placeholder":"Alarmtitel"},{"$i":"newAlarm","$v":"Neuer Alarm"},{"$i":"editAlarm","$v":"Alarm bearbeiten"},{"$i":"pause","$v":"Anhalten"},{"$i":"resume","$v":"Fortsetzen"},{"$i":"lap","$v":"Runde"},{"$i":"lap-number","$v":["Runde ",{"t":"idOrVar","v":"n"}]},{"$i":"delete","$v":"Löschen"},{"$i":"time","$v":"Zeit"},{"$i":"snooze-label","$v":"Verzögerungsintervall"},{"$i":"snooze-button","$v":"Später erinnern"},{"$i":"repeat","$v":"Wiederholen"},{"$i":"vibrate","$v":"Vibration"},{"$i":"close","$v":"Schließen"},{"$i":"save","$v":"Speichern"},{"$i":"done","$v":"Fertig"},{"$i":"closeButton","ariaLabel":"Schließen"},{"$i":"newAlarmButton","ariaLabel":"Neuer Alarm"},{"$i":"alarm-volume-label","$v":"Systemlautstärke für Alarme"},{"$i":"sound","$v":"Ton"},{"$i":"noSound","$v":"Lautlos"},{"$i":"everyday","$v":"Täglich"},{"$i":"weekdays","$v":"In der Woche"},{"$i":"weekends","$v":"An Wochenenden"},{"$i":"never","$v":"Nie"},{"$i":"vibrateOn","$v":"An"},{"$i":"vibrateOff","$v":"Aus"},{"$i":"plusMinute","$v":"+1 Min"},{"$i":"dateFormat","$v":"%A, %e. %B"},{"$i":"countdown-lessThanAnHour","$v":["Der Alarm wird in <strong>",{"t":"idOrVar","v":"minutes"},"</strong> ausgelöst."]},{"$i":"countdown-moreThanAnHour","$v":["Der Alarm wird in ",{"t":"idOrVar","v":"hours"}," ",{"t":"idOrVar","v":"minutes"}," ausgelöst."]},{"$i":"countdown-moreThanADay","$v":["Der Alarm wird in ",{"t":"idOrVar","v":"days"}," ",{"t":"idOrVar","v":"hours"}," ausgelöst."]},{"$i":"nMinutes","$v":{"zero":"weniger als einer Minute","one":"einer Minute","two":[{"t":"idOrVar","v":"n"}," Minuten"],"few":[{"t":"idOrVar","v":"n"}," Minuten"],"many":[{"t":"idOrVar","v":"n"}," Minuten"],"other":[{"t":"idOrVar","v":"n"}," Minuten"]},"$x":[{"t":"idOrVar","v":"plural"},"n"]},{"$i":"nHours","$v":{"zero":"","one":["<strong>",{"t":"idOrVar","v":"n"}," Stunde</strong>"],"two":["<strong>",{"t":"idOrVar","v":"n"}," Stunden</strong>"],"few":["<strong>",{"t":"idOrVar","v":"n"}," Stunden</strong>"],"many":["<strong>",{"t":"idOrVar","v":"n"}," Stunden</strong>"],"other":["<strong>",{"t":"idOrVar","v":"n"}," Stunden</strong>"]},"$x":[{"t":"idOrVar","v":"plural"},"n"]},{"$i":"nAndRemainHours","$v":{"zero":"","one":["und <strong>",{"t":"idOrVar","v":"n"}," Stunde</strong>"],"two":["und <strong>",{"t":"idOrVar","v":"n"}," Stunden</strong>"],"few":["und <strong>",{"t":"idOrVar","v":"n"}," Stunden</strong>"],"many":["und <strong>",{"t":"idOrVar","v":"n"}," Stunden</strong>"],"other":["und <strong>",{"t":"idOrVar","v":"n"}," Stunden</strong>"]},"$x":[{"t":"idOrVar","v":"plural"},"n"]},{"$i":"nRemainDays","$v":{"zero":"","one":["<strong>",{"t":"idOrVar","v":"n"}," Tag</strong>"],"two":["<strong>",{"t":"idOrVar","v":"n"}," Tagen</strong>"],"few":["<strong>",{"t":"idOrVar","v":"n"}," Tagen</strong>"],"many":["<strong>",{"t":"idOrVar","v":"n"}," Tagen</strong>"],"other":["<strong>",{"t":"idOrVar","v":"n"}," Tagen</strong>"]},"$x":[{"t":"idOrVar","v":"plural"},"n"]},{"$i":"nRemainMinutes","$v":{"zero":"","one":["und <strong>",{"t":"idOrVar","v":"n"}," Minute</strong>"],"two":["und <strong>",{"t":"idOrVar","v":"n"}," Minuten</strong>"],"few":["und <strong>",{"t":"idOrVar","v":"n"}," Minuten</strong>"],"many":["und <strong>",{"t":"idOrVar","v":"n"}," Minuten</strong>"],"other":["und <strong>",{"t":"idOrVar","v":"n"}," Minuten</strong>"]},"$x":[{"t":"idOrVar","v":"plural"},"n"]},{"$i":"nSpinnerSeconds","$v":{"zero":"0 Sekunden","one":"1 Sekunde","two":[{"t":"idOrVar","v":"n"}," Sekunden"],"few":[{"t":"idOrVar","v":"n"}," Sekunden"],"many":[{"t":"idOrVar","v":"n"}," Sekunden"],"other":[{"t":"idOrVar","v":"n"}," Sekunden"]},"$x":[{"t":"idOrVar","v":"plural"},"n"]},{"$i":"nSpinnerMinutes","$v":{"zero":"0 Minuten","one":"1 Minute","two":[{"t":"idOrVar","v":"n"}," Minuten"],"few":[{"t":"idOrVar","v":"n"}," Minuten"],"many":[{"t":"idOrVar","v":"n"}," Minuten"],"other":[{"t":"idOrVar","v":"n"}," Minuten"]},"$x":[{"t":"idOrVar","v":"plural"},"n"]},{"$i":"nSpinnerHours","$v":{"zero":"0 Stunden","one":[{"t":"idOrVar","v":"n"}," Stunde"],"two":[{"t":"idOrVar","v":"n"}," Stunden"],"few":[{"t":"idOrVar","v":"n"}," Stunden"],"many":[{"t":"idOrVar","v":"n"}," Stunden"],"other":[{"t":"idOrVar","v":"n"}," Stunden"]},"$x":[{"t":"idOrVar","v":"plural"},"n"]},{"$i":"ac_awake_opus","$v":"Awake"},{"$i":"ac_crystalize_opus","$v":"Crystalize"},{"$i":"ac_cycle_opus","$v":"Cycle"},{"$i":"ac_digicloud_opus","$v":"Digicloud"},{"$i":"ac_humming_waves_opus","$v":"Humming Waves"},{"$i":"ac_into_the_void_opus","$v":"Into the Void"},{"$i":"ac_lightly_opus","$v":"Lightly"},{"$i":"ac_mobile_opus","$v":"Mobile"},{"$i":"ac_pinger_opus","$v":"Pinger"},{"$i":"ac_skip_opus","$v":"Skip"},{"$i":"ac_tri_opus","$v":"Tri"},{"$i":"ac_universal_opus","$v":"Universal"},{"$i":"weekday-0-long","$v":"Sonntag"},{"$i":"weekday-1-long","$v":"Montag"},{"$i":"weekday-2-long","$v":"Dienstag"},{"$i":"weekday-3-long","$v":"Mittwoch"},{"$i":"weekday-4-long","$v":"Donnerstag"},{"$i":"weekday-5-long","$v":"Freitag"},{"$i":"weekday-6-long","$v":"Samstag"},{"$i":"weekday-0-short","$v":"So"},{"$i":"weekday-1-short","$v":"Mo"},{"$i":"weekday-2-short","$v":"Di"},{"$i":"weekday-3-short","$v":"Mi"},{"$i":"weekday-4-short","$v":"Do"},{"$i":"weekday-5-short","$v":"Fr"},{"$i":"weekday-6-short","$v":"Sa"},{"$i":"month-0-long","$v":"Januar"},{"$i":"month-1-long","$v":"Februar"},{"$i":"month-2-long","$v":"März"},{"$i":"month-3-long","$v":"April"},{"$i":"month-4-long","$v":"Mai"},{"$i":"month-5-long","$v":"Juni"},{"$i":"month-6-long","$v":"Juli"},{"$i":"month-7-long","$v":"August"},{"$i":"month-8-long","$v":"September"},{"$i":"month-9-long","$v":"Oktober"},{"$i":"month-10-long","$v":"November"},{"$i":"month-11-long","$v":"Dezember"},{"$i":"month-0-genitive","$v":"Januar"},{"$i":"month-1-genitive","$v":"Februar"},{"$i":"month-2-genitive","$v":"März"},{"$i":"month-3-genitive","$v":"April"},{"$i":"month-4-genitive","$v":"Mai"},{"$i":"month-5-genitive","$v":"Juni"},{"$i":"month-6-genitive","$v":"Juli"},{"$i":"month-7-genitive","$v":"August"},{"$i":"month-8-genitive","$v":"September"},{"$i":"month-9-genitive","$v":"Oktober"},{"$i":"month-10-genitive","$v":"November"},{"$i":"month-11-genitive","$v":"Dezember"},{"$i":"month-0-short","$v":"Jan"},{"$i":"month-1-short","$v":"Feb"},{"$i":"month-2-short","$v":"Mär"},{"$i":"month-3-short","$v":"Apr"},{"$i":"month-4-short","$v":"Mai"},{"$i":"month-5-short","$v":"Jun"},{"$i":"month-6-short","$v":"Jul"},{"$i":"month-7-short","$v":"Aug"},{"$i":"month-8-short","$v":"Sep"},{"$i":"month-9-short","$v":"Okt"},{"$i":"month-10-short","$v":"Nov"},{"$i":"month-11-short","$v":"Dez"},{"$i":"minutes-ago-long","$v":{"zero":"gerade eben","one":"vor 1 Minute","two":["vor ",{"t":"idOrVar","v":"value"}," Minuten"],"few":["vor ",{"t":"idOrVar","v":"value"}," Minuten"],"many":["vor ",{"t":"idOrVar","v":"value"}," Minuten"],"other":["vor ",{"t":"idOrVar","v":"value"}," Minuten"]},"$x":[{"t":"idOrVar","v":"plural"},"value"]},{"$i":"hours-ago-long","$v":{"zero":"gerade eben","one":"vor 1 Stunde","two":["vor ",{"t":"idOrVar","v":"value"}," Stunden"],"few":["vor ",{"t":"idOrVar","v":"value"}," Stunden"],"many":["vor ",{"t":"idOrVar","v":"value"}," Stunden"],"other":["vor ",{"t":"idOrVar","v":"value"}," Stunden"]},"$x":[{"t":"idOrVar","v":"plural"},"value"]},{"$i":"days-ago-long","$v":{"zero":"heute","one":"gestern","two":["vor ",{"t":"idOrVar","v":"value"}," Tagen"],"few":["vor ",{"t":"idOrVar","v":"value"}," Tagen"],"many":["vor ",{"t":"idOrVar","v":"value"}," Tagen"],"other":["vor ",{"t":"idOrVar","v":"value"}," Tagen"]},"$x":[{"t":"idOrVar","v":"plural"},"value"]},{"$i":"weeks-ago-long","$v":{"zero":"diese Woche","one":"letzte Woche","two":["vor ",{"t":"idOrVar","v":"value"}," Wochen"],"few":["vor ",{"t":"idOrVar","v":"value"}," Wochen"],"many":["vor ",{"t":"idOrVar","v":"value"}," Wochen"],"other":["vor ",{"t":"idOrVar","v":"value"}," Wochen"]},"$x":[{"t":"idOrVar","v":"plural"},"value"]},{"$i":"months-ago-long","$v":{"zero":"diesen Monat","one":"letzten Monat","two":["vor ",{"t":"idOrVar","v":"value"}," Monaten"],"few":["vor ",{"t":"idOrVar","v":"value"}," Monaten"],"many":["vor ",{"t":"idOrVar","v":"value"}," Monaten"],"other":["vor ",{"t":"idOrVar","v":"value"}," Monaten"]},"$x":[{"t":"idOrVar","v":"plural"},"value"]},{"$i":"years-ago-long","$v":{"zero":"dieses Jahr","one":"letztes Jahr","two":["vor ",{"t":"idOrVar","v":"value"}," Jahren"],"few":["vor ",{"t":"idOrVar","v":"value"}," Jahren"],"many":["vor ",{"t":"idOrVar","v":"value"}," Jahren"],"other":["vor ",{"t":"idOrVar","v":"value"}," Jahren"]},"$x":[{"t":"idOrVar","v":"plural"},"value"]},{"$i":"minutes-until-long","$v":{"zero":"jetzt","one":"in 1 Minute","two":["in ",{"t":"idOrVar","v":"value"}," Minuten"],"few":["in ",{"t":"idOrVar","v":"value"}," Minuten"],"many":["in ",{"t":"idOrVar","v":"value"}," Minuten"],"other":["in ",{"t":"idOrVar","v":"value"}," Minuten"]},"$x":[{"t":"idOrVar","v":"plural"},"value"]},{"$i":"hours-until-long","$v":{"zero":"jetzt","one":"in einer Stunde","two":["in ",{"t":"idOrVar","v":"value"}," Stunden"],"few":["in ",{"t":"idOrVar","v":"value"}," Stunden"],"many":["in ",{"t":"idOrVar","v":"value"}," Stunden"],"other":["in ",{"t":"idOrVar","v":"value"}," Stunden"]},"$x":[{"t":"idOrVar","v":"plural"},"value"]},{"$i":"days-until-long","$v":{"zero":"heute","one":"morgen","two":["in ",{"t":"idOrVar","v":"value"}," Tagen"],"few":["in ",{"t":"idOrVar","v":"value"}," Tagen"],"many":["in ",{"t":"idOrVar","v":"value"}," Tagen"],"other":["in ",{"t":"idOrVar","v":"value"}," Tagen"]},"$x":[{"t":"idOrVar","v":"plural"},"value"]},{"$i":"weeks-until-long","$v":{"zero":"diese Woche","one":"nächste Woche","two":["in ",{"t":"idOrVar","v":"value"}," Wochen"],"few":["in ",{"t":"idOrVar","v":"value"}," Wochen"],"many":["in ",{"t":"idOrVar","v":"value"}," Wochen"],"other":["in ",{"t":"idOrVar","v":"value"}," Wochen"]},"$x":[{"t":"idOrVar","v":"plural"},"value"]},{"$i":"months-until-long","$v":{"zero":"diesen Monat","one":"nächsten Monat","two":["in ",{"t":"idOrVar","v":"value"}," Monaten"],"few":["in ",{"t":"idOrVar","v":"value"}," Monaten"],"many":["in ",{"t":"idOrVar","v":"value"}," Monaten"],"other":["in ",{"t":"idOrVar","v":"value"}," Monaten"]},"$x":[{"t":"idOrVar","v":"plural"},"value"]},{"$i":"years-until-long","$v":{"zero":"dieses Jahr","one":"nächstes Jahr","two":["in ",{"t":"idOrVar","v":"value"}," Jahren"],"few":["in ",{"t":"idOrVar","v":"value"}," Jahren"],"many":["in ",{"t":"idOrVar","v":"value"}," Jahren"],"other":["in ",{"t":"idOrVar","v":"value"}," Jahren"]},"$x":[{"t":"idOrVar","v":"plural"},"value"]},{"$i":"minutes-ago-short","$v":{"zero":"jetzt","other":["vor ",{"t":"idOrVar","v":"value"}," m"]},"$x":[{"t":"idOrVar","v":"plural"},"value"]},{"$i":"hours-ago-short","$v":{"zero":"jetzt","other":["vor ",{"t":"idOrVar","v":"value"}," h"]},"$x":[{"t":"idOrVar","v":"plural"},"value"]},{"$i":"days-ago-short","$v":{"zero":"heute","other":["vor ",{"t":"idOrVar","v":"value"}," d"]},"$x":[{"t":"idOrVar","v":"plural"},"value"]},{"$i":"minutes-until-short","$v":{"zero":"jetzt","other":["in ",{"t":"idOrVar","v":"value"}," m"]},"$x":[{"t":"idOrVar","v":"plural"},"value"]},{"$i":"hours-until-short","$v":{"zero":"jetzt","other":["in ",{"t":"idOrVar","v":"value"}," h"]},"$x":[{"t":"idOrVar","v":"plural"},"value"]},{"$i":"days-until-short","$v":{"zero":"heute","other":["in ",{"t":"idOrVar","v":"value"}," d"]},"$x":[{"t":"idOrVar","v":"plural"},"value"]},{"$i":"incorrectDate","$v":"(ungültiges Datum)"},{"$i":"dateTimeFormat_%c","$v":"%a, %e. %b %Y %H:%M:%S"},{"$i":"dateTimeFormat_%x","$v":"%d.%m.%Y"},{"$i":"dateTimeFormat_%X","$v":"%H:%M:%S"},{"$i":"shortTimeFormat","$v":"%H:%M"},{"$i":"shortTimeFormat12","$v":"%I:%M %p"},{"$i":"shortTimeFormat24","$v":"%H:%M"},{"$i":"shortDateTimeFormat","$v":"%x %H:%M"},{"$i":"weekStartsOnMonday","$v":"1"},{"$i":"firstDayOfTheWeek","$v":"1"},{"$i":"time_am","$v":"AM"},{"$i":"time_pm","$v":"PM"}]