[{"$i":"reset","$v":"Επαναφορά"},{"$i":"start","$v":"Εκκίνηση"},{"$i":"stop","$v":"Λήξη"},{"$i":"cancel","$v":"Ακύρωση"},{"$i":"hour","$v":"Ώρα"},{"$i":"hours","$v":"Ώρες"},{"$i":"minute","$v":"Λεπτό"},{"$i":"minutes","$v":"Λεπτά"},{"$i":"alarm","$v":"Ειδοποιήσεις"},{"$i":"timer","$v":"Αντ. Μέτρηση"},{"$i":"stopwatch","$v":"Χρονόμετρο"},{"$i":"alarmName","placeholder":"Όνομα ειδοποίησης"},{"$i":"newAlarm","$v":"Νέα ειδοποίηση"},{"$i":"editAlarm","$v":"Επεξεργασία"},{"$i":"pause","$v":"Παύση"},{"$i":"resume","$v":"Συνέχεια"},{"$i":"lap","$v":"Γύρος"},{"$i":"lap-number","$v":[{"t":"idOrVar","v":"n"},"ος γύρος"]},{"$i":"delete","$v":"Διαγραφή"},{"$i":"time","$v":"Ώρα"},{"$i":"snooze-label","$v":"Αναβολή"},{"$i":"snooze-button","$v":"Αναβολή"},{"$i":"repeat","$v":"Επανάληψη"},{"$i":"vibrate","$v":"Δόνηση"},{"$i":"close","$v":"Κλείσιμο"},{"$i":"save","$v":"Αποθήκευση"},{"$i":"done","$v":"ΟΚ"},{"$i":"closeButton","ariaLabel":"Κλείσιμο"},{"$i":"newAlarmButton","ariaLabel":"Νέα ειδοποίηση"},{"$i":"alarm-volume-label","$v":"Ένταση Ειδοποιήσεων Συστήματος"},{"$i":"sound","$v":"Ήχος"},{"$i":"noSound","$v":"Χωρίς ήχο"},{"$i":"everyday","$v":"Κάθε μέρα"},{"$i":"weekdays","$v":"Καθημερινές"},{"$i":"weekends","$v":"Σαββατοκύριακα"},{"$i":"never","$v":"Ποτέ"},{"$i":"vibrateOn","$v":"Ενεργή"},{"$i":"vibrateOff","$v":"Μη ενεργή"},{"$i":"plusMinute","$v":"+1 λεπτό"},{"$i":"dateFormat","$v":"%a, %e %Eb"},{"$i":"countdown-lessThanAnHour","$v":["Η ειδοποίηση ορίστηκε σε <strong>",{"t":"idOrVar","v":"minutes"},"</strong> από τώρα."]},{"$i":"countdown-moreThanAnHour","$v":["Η ειδοποίηση ορίστηκε σε ",{"t":"idOrVar","v":"hours"}," ",{"t":"idOrVar","v":"minutes"}," από τώρα."]},{"$i":"countdown-moreThanADay","$v":["Η ειδοποίηση ορίστηκε σε ",{"t":"idOrVar","v":"days"}," ",{"t":"idOrVar","v":"hours"}," από τώρα."]},{"$i":"nMinutes","$v":{"zero":"λιγότερο από ένα λεπτό","one":"ένα λεπτό","two":[{"t":"idOrVar","v":"n"}," λεπτά"],"few":[{"t":"idOrVar","v":"n"}," λεπτά"],"many":[{"t":"idOrVar","v":"n"}," λεπτά"],"other":[{"t":"idOrVar","v":"n"}," λεπτά"]},"$x":[{"t":"idOrVar","v":"plural"},"n"]},{"$i":"nHours","$v":{"zero":"","one":["<strong>",{"t":"idOrVar","v":"n"}," ώρα</strong>"],"two":["<strong>",{"t":"idOrVar","v":"n"}," ώρες</strong>"],"few":["<strong>",{"t":"idOrVar","v":"n"}," ώρες</strong>"],"many":["<strong>",{"t":"idOrVar","v":"n"}," ώρες</strong>"],"other":["<strong>",{"t":"idOrVar","v":"n"}," ώρες</strong>"]},"$x":[{"t":"idOrVar","v":"plural"},"n"]},{"$i":"nAndRemainHours","$v":{"zero":"","one":["και <strong>",{"t":"idOrVar","v":"n"}," ώρα</strong>"],"two":["και <strong>",{"t":"idOrVar","v":"n"}," ώρες</strong>"],"few":["και <strong>",{"t":"idOrVar","v":"n"}," ώρες</strong>"],"many":["και <strong>",{"t":"idOrVar","v":"n"}," ώρες</strong>"],"other":["και <strong>",{"t":"idOrVar","v":"n"}," ώρες</strong>"]},"$x":[{"t":"idOrVar","v":"plural"},"n"]},{"$i":"nRemainDays","$v":{"zero":"","one":["<strong>",{"t":"idOrVar","v":"n"}," ημέρα</strong>"],"two":["<strong>",{"t":"idOrVar","v":"n"}," ημέρες</strong>"],"few":["<strong>",{"t":"idOrVar","v":"n"}," ημέρες</strong>"],"many":["<strong>",{"t":"idOrVar","v":"n"}," ημέρες</strong>"],"other":["<strong>",{"t":"idOrVar","v":"n"}," ημέρες</strong>"]},"$x":[{"t":"idOrVar","v":"plural"},"n"]},{"$i":"nRemainMinutes","$v":{"zero":"","one":["και <strong>",{"t":"idOrVar","v":"n"}," λεπτό</strong>"],"two":["και <strong>",{"t":"idOrVar","v":"n"}," λεπτά</strong>"],"few":["και <strong>",{"t":"idOrVar","v":"n"}," λεπτά</strong>"],"many":["και <strong>",{"t":"idOrVar","v":"n"}," λεπτά</strong>"],"other":["και <strong>",{"t":"idOrVar","v":"n"}," λεπτά</strong>"]},"$x":[{"t":"idOrVar","v":"plural"},"n"]},{"$i":"nSpinnerSeconds","$v":{"zero":"","one":"ένα δευτερόλεπτο","two":[{"t":"idOrVar","v":"n"}," δευτερόλεπτα"],"few":[{"t":"idOrVar","v":"n"}," δευτερόλεπτα"],"many":[{"t":"idOrVar","v":"n"}," δευτερόλεπτα"],"other":[{"t":"idOrVar","v":"n"}," δευτερόλεπτα"]},"$x":[{"t":"idOrVar","v":"plural"},"n"]},{"$i":"nSpinnerMinutes","$v":{"zero":"","one":"ένα λεπτό","two":[{"t":"idOrVar","v":"n"}," λεπτά"],"few":[{"t":"idOrVar","v":"n"}," λεπτά"],"many":[{"t":"idOrVar","v":"n"}," λεπτά"],"other":[{"t":"idOrVar","v":"n"}," λεπτά"]},"$x":[{"t":"idOrVar","v":"plural"},"n"]},{"$i":"nSpinnerHours","$v":{"zero":"","one":[{"t":"idOrVar","v":"n"}," ώρα"],"two":[{"t":"idOrVar","v":"n"}," ώρες"],"few":[{"t":"idOrVar","v":"n"}," ώρες"],"many":[{"t":"idOrVar","v":"n"}," ώρες"],"other":[{"t":"idOrVar","v":"n"}," ώρες"]},"$x":[{"t":"idOrVar","v":"plural"},"n"]},{"$i":"ac_awake_opus","$v":"Awake"},{"$i":"ac_crystalize_opus","$v":"Crystalize"},{"$i":"ac_cycle_opus","$v":"Cycle"},{"$i":"ac_digicloud_opus","$v":"Digicloud"},{"$i":"ac_humming_waves_opus","$v":"Humming Waves"},{"$i":"ac_into_the_void_opus","$v":"Into the Void"},{"$i":"ac_lightly_opus","$v":"Lightly"},{"$i":"ac_mobile_opus","$v":"Mobile"},{"$i":"ac_pinger_opus","$v":"Pinger"},{"$i":"ac_skip_opus","$v":"Skip"},{"$i":"ac_tri_opus","$v":"Tri"},{"$i":"ac_universal_opus","$v":"Universal"},{"$i":"weekday-0-long","$v":"Κυριακή"},{"$i":"weekday-1-long","$v":"Δευτέρα"},{"$i":"weekday-2-long","$v":"Τρίτη"},{"$i":"weekday-3-long","$v":"Τετάρτη"},{"$i":"weekday-4-long","$v":"Πέμπτη"},{"$i":"weekday-5-long","$v":"Παρασκευή"},{"$i":"weekday-6-long","$v":"Σάββατο"},{"$i":"weekday-0-short","$v":"Κυρ"},{"$i":"weekday-1-short","$v":"Δευ"},{"$i":"weekday-2-short","$v":"Τρι"},{"$i":"weekday-3-short","$v":"Τετ"},{"$i":"weekday-4-short","$v":"Πεμ"},{"$i":"weekday-5-short","$v":"Παρ"},{"$i":"weekday-6-short","$v":"Σαβ"},{"$i":"month-0-long","$v":"Ιανουάριος"},{"$i":"month-1-long","$v":"Φεβρουάριος"},{"$i":"month-2-long","$v":"Μάρτιος"},{"$i":"month-3-long","$v":"Απρίλιος"},{"$i":"month-4-long","$v":"Μάιος"},{"$i":"month-5-long","$v":"Ιούνιος"},{"$i":"month-6-long","$v":"Ιούλιος"},{"$i":"month-7-long","$v":"Αύγουστος"},{"$i":"month-8-long","$v":"Σεπτέμβριος"},{"$i":"month-9-long","$v":"Οκτώβριος"},{"$i":"month-10-long","$v":"Νοέμβριος"},{"$i":"month-11-long","$v":"Δεκέμβριος"},{"$i":"month-0-genitive","$v":"Ιανουαρίου"},{"$i":"month-1-genitive","$v":"Φεβρουαρίου"},{"$i":"month-2-genitive","$v":"Μαρτίου"},{"$i":"month-3-genitive","$v":"Απριλίου"},{"$i":"month-4-genitive","$v":"Μαΐου"},{"$i":"month-5-genitive","$v":"Ιουνίου"},{"$i":"month-6-genitive","$v":"Ιουλίου"},{"$i":"month-7-genitive","$v":"Αυγούστου"},{"$i":"month-8-genitive","$v":"Σεπτεμβρίου"},{"$i":"month-9-genitive","$v":"Οκτωβρίου"},{"$i":"month-10-genitive","$v":"Νοεμβρίου"},{"$i":"month-11-genitive","$v":"Δεκεμβρίου"},{"$i":"month-0-short","$v":"Ιαν"},{"$i":"month-1-short","$v":"Φεβ"},{"$i":"month-2-short","$v":"Μαρ"},{"$i":"month-3-short","$v":"Απρ"},{"$i":"month-4-short","$v":"Μάι"},{"$i":"month-5-short","$v":"Ιουν"},{"$i":"month-6-short","$v":"Ιουλ"},{"$i":"month-7-short","$v":"Αυγ"},{"$i":"month-8-short","$v":"Σεπ"},{"$i":"month-9-short","$v":"Οκτ"},{"$i":"month-10-short","$v":"Νοε"},{"$i":"month-11-short","$v":"Δεκ"},{"$i":"minutes-ago-long","$v":{"zero":"μόλις τώρα","one":"πριν από ένα λεπτό","two":["πριν από ",{"t":"idOrVar","v":"value"}," λεπτά"],"few":["πριν από ",{"t":"idOrVar","v":"value"}," λεπτά"],"many":["πριν από ",{"t":"idOrVar","v":"value"}," λεπτά"],"other":["πριν από ",{"t":"idOrVar","v":"value"}," λεπτά"]},"$x":[{"t":"idOrVar","v":"plural"},"value"]},{"$i":"hours-ago-long","$v":{"zero":"μόλις τώρα","one":"πριν από μία ώρα","two":["πριν από ",{"t":"idOrVar","v":"value"}," ώρες"],"few":["πριν από ",{"t":"idOrVar","v":"value"}," ώρες"],"many":["πριν από ",{"t":"idOrVar","v":"value"}," ώρες"],"other":["πριν από ",{"t":"idOrVar","v":"value"}," ώρες"]},"$x":[{"t":"idOrVar","v":"plural"},"value"]},{"$i":"days-ago-long","$v":{"zero":"σήμερα","one":"χθες","two":["πριν από ",{"t":"idOrVar","v":"value"}," ημέρες"],"few":["πριν από ",{"t":"idOrVar","v":"value"}," ημέρες"],"many":["πριν από ",{"t":"idOrVar","v":"value"}," ημέρες"],"other":["πριν από ",{"t":"idOrVar","v":"value"}," ημέρες"]},"$x":[{"t":"idOrVar","v":"plural"},"value"]},{"$i":"weeks-ago-long","$v":{"zero":"αυτή την εβδομάδα","one":"την τελευταία εβδομάδα","two":["πριν από ",{"t":"idOrVar","v":"value"}," εβδομάδες"],"few":["πριν από ",{"t":"idOrVar","v":"value"}," εβδομάδες"],"many":["πριν από ",{"t":"idOrVar","v":"value"}," εβδομάδες"],"other":["πριν από ",{"t":"idOrVar","v":"value"}," εβδομάδες"]},"$x":[{"t":"idOrVar","v":"plural"},"value"]},{"$i":"months-ago-long","$v":{"zero":"αυτό τον μήνα","one":"τον τελευταίο μήνα","two":["πριν από ",{"t":"idOrVar","v":"value"}," μήνες"],"few":["πριν από ",{"t":"idOrVar","v":"value"}," μήνες"],"many":["πριν από ",{"t":"idOrVar","v":"value"}," μήνες"],"other":["πριν από ",{"t":"idOrVar","v":"value"}," μήνες"]},"$x":[{"t":"idOrVar","v":"plural"},"value"]},{"$i":"years-ago-long","$v":{"zero":"αυτό το έτος","one":"το περασμένο έτος","two":["πριν από ",{"t":"idOrVar","v":"value"}," χρόνια"],"few":["πριν από ",{"t":"idOrVar","v":"value"}," χρόνια"],"many":["πριν από ",{"t":"idOrVar","v":"value"}," χρόνια"],"other":["πριν από ",{"t":"idOrVar","v":"value"}," χρόνια"]},"$x":[{"t":"idOrVar","v":"plural"},"value"]},{"$i":"minutes-until-long","$v":{"zero":"τώρα","one":"σε ένα λεπτό","two":["σε ",{"t":"idOrVar","v":"value"}," λεπτά"],"few":["σε ",{"t":"idOrVar","v":"value"}," λεπτά"],"many":["σε ",{"t":"idOrVar","v":"value"}," λεπτά"],"other":["σε ",{"t":"idOrVar","v":"value"}," λεπτά"]},"$x":[{"t":"idOrVar","v":"plural"},"value"]},{"$i":"hours-until-long","$v":{"zero":"τώρα","one":"σε μία ώρα","two":["σε ",{"t":"idOrVar","v":"value"}," ώρες"],"few":["σε ",{"t":"idOrVar","v":"value"}," ώρες"],"many":["σε ",{"t":"idOrVar","v":"value"}," ώρες"],"other":["σε ",{"t":"idOrVar","v":"value"}," ώρες"]},"$x":[{"t":"idOrVar","v":"plural"},"value"]},{"$i":"days-until-long","$v":{"zero":"σήμερα","one":"αύριο","two":["σε ",{"t":"idOrVar","v":"value"}," ημέρες"],"few":["σε ",{"t":"idOrVar","v":"value"}," ημέρες"],"many":["σε ",{"t":"idOrVar","v":"value"}," ημέρες"],"other":["σε ",{"t":"idOrVar","v":"value"}," ημέρες"]},"$x":[{"t":"idOrVar","v":"plural"},"value"]},{"$i":"weeks-until-long","$v":{"zero":"αυτή την εβδομάδα","one":"την επόμενη εβδομάδα","two":["σε ",{"t":"idOrVar","v":"value"}," εβδομάδες"],"few":["σε ",{"t":"idOrVar","v":"value"}," εβδομάδες"],"many":["σε ",{"t":"idOrVar","v":"value"}," εβδομάδες"],"other":["σε ",{"t":"idOrVar","v":"value"}," εβδομάδες"]},"$x":[{"t":"idOrVar","v":"plural"},"value"]},{"$i":"months-until-long","$v":{"zero":"αυτό τον μήνα","one":"στον επόμενο μήνα","two":["σε ",{"t":"idOrVar","v":"value"}," μήνες"],"few":["σε ",{"t":"idOrVar","v":"value"}," μήνες"],"many":["σε ",{"t":"idOrVar","v":"value"}," μήνες"],"other":["σε ",{"t":"idOrVar","v":"value"}," μήνες"]},"$x":[{"t":"idOrVar","v":"plural"},"value"]},{"$i":"years-until-long","$v":{"zero":"αυτό το έτος","one":"επόμενο έτος","two":["σε ",{"t":"idOrVar","v":"value"}," έτη"],"few":["σε ",{"t":"idOrVar","v":"value"}," έτη"],"many":["σε ",{"t":"idOrVar","v":"value"}," έτη"],"other":["σε ",{"t":"idOrVar","v":"value"}," έτη"]},"$x":[{"t":"idOrVar","v":"plural"},"value"]},{"$i":"minutes-ago-short","$v":{"zero":"τώρα","other":["πριν ",{"t":"idOrVar","v":"value"},"′"]},"$x":[{"t":"idOrVar","v":"plural"},"value"]},{"$i":"hours-ago-short","$v":{"zero":"τώρα","other":["πριν ",{"t":"idOrVar","v":"value"}," ώρ."]},"$x":[{"t":"idOrVar","v":"plural"},"value"]},{"$i":"days-ago-short","$v":{"zero":"σήμερα","other":["πριν ",{"t":"idOrVar","v":"value"}," ημ."]},"$x":[{"t":"idOrVar","v":"plural"},"value"]},{"$i":"minutes-until-short","$v":{"zero":"τώρα","other":["σε ",{"t":"idOrVar","v":"value"},"′"]},"$x":[{"t":"idOrVar","v":"plural"},"value"]},{"$i":"hours-until-short","$v":{"zero":"τώρα","other":["σε ",{"t":"idOrVar","v":"value"}," ώρ."]},"$x":[{"t":"idOrVar","v":"plural"},"value"]},{"$i":"days-until-short","$v":{"zero":"σήμερα","other":["σε ",{"t":"idOrVar","v":"value"}," ημ."]},"$x":[{"t":"idOrVar","v":"plural"},"value"]},{"$i":"incorrectDate","$v":"(λάθος ημερομηνία)"},{"$i":"dateTimeFormat_%c","$v":"%a, %e %Eb %Y, %H:%M:%S"},{"$i":"dateTimeFormat_%x","$v":"%d/%m/%Y"},{"$i":"dateTimeFormat_%X","$v":"%H:%M:%S"},{"$i":"shortTimeFormat","$v":"%H:%M"},{"$i":"shortTimeFormat12","$v":"%I:%M %p"},{"$i":"shortTimeFormat24","$v":"%H:%M"},{"$i":"shortDateTimeFormat","$v":"%x %H:%M"},{"$i":"weekStartsOnMonday","$v":"0"},{"$i":"firstDayOfTheWeek","$v":"0"},{"$i":"time_am","$v":"πμ"},{"$i":"time_pm","$v":"μμ"}]