[{"$i":"reset","$v":"Berrezarri"},{"$i":"start","$v":"Hasi"},{"$i":"stop","$v":"Gelditu"},{"$i":"cancel","$v":"Utzi"},{"$i":"hour","$v":"Ordua"},{"$i":"hours","$v":"Orduak"},{"$i":"minute","$v":"Minutua"},{"$i":"minutes","$v":"Minutuak"},{"$i":"alarm","$v":"Alarma"},{"$i":"timer","$v":"Tenporizad."},{"$i":"stopwatch","$v":"Kronometroa"},{"$i":"alarmName","placeholder":"Alarmaren izena"},{"$i":"newAlarm","$v":"Alarma berria"},{"$i":"editAlarm","$v":"Editatu alarma"},{"$i":"pause","$v":"Pausatu"},{"$i":"resume","$v":"Berrekin"},{"$i":"lap","$v":"Bira"},{"$i":"lap-number","$v":[{"t":"idOrVar","v":"n"},". bira"]},{"$i":"delete","$v":"Ezabatu"},{"$i":"time","$v":"Denbora"},{"$i":"snooze-label","$v":"Atzeratu"},{"$i":"snooze-button","$v":"Atzeratu"},{"$i":"repeat","$v":"Errepikatu"},{"$i":"vibrate","$v":"Bibrazioa"},{"$i":"close","$v":"Itxi"},{"$i":"save","$v":"Gorde"},{"$i":"done","$v":"Eginda"},{"$i":"closeButton","ariaLabel":"Itxi"},{"$i":"newAlarmButton","ariaLabel":"Alarma berria"},{"$i":"alarm-volume-label","$v":"Sistemako alarmaren bolumena"},{"$i":"sound","$v":"Soinua"},{"$i":"noSound","$v":"Soinurik ez"},{"$i":"everyday","$v":"Egunero"},{"$i":"weekdays","$v":"Astegunetan"},{"$i":"weekends","$v":"Asteburuan"},{"$i":"never","$v":"Inoiz ez"},{"$i":"vibrateOn","$v":"Aktibatu"},{"$i":"vibrateOff","$v":"Desaktibatu"},{"$i":"plusMinute","$v":"+1 Min"},{"$i":"dateFormat","$v":"%A, %Bk %e"},{"$i":"countdown-lessThanAnHour","$v":["Alarma <strong>",{"t":"idOrVar","v":"minutes"},"</strong> barru hasiko da."]},{"$i":"countdown-moreThanAnHour","$v":["Alarma ",{"t":"idOrVar","v":"hours"}," ",{"t":"idOrVar","v":"minutes"}," barru hasiko da."]},{"$i":"countdown-moreThanADay","$v":["Alarma ",{"t":"idOrVar","v":"days"}," ",{"t":"idOrVar","v":"hours"}," barru hasiko da."]},{"$i":"nMinutes","$v":{"zero":"minutu baino gutxiago","one":"minutu bat","two":[{"t":"idOrVar","v":"n"}," minutu"],"few":[{"t":"idOrVar","v":"n"}," minutu"],"many":[{"t":"idOrVar","v":"n"}," minutu"],"other":[{"t":"idOrVar","v":"n"}," minutu"]},"$x":[{"t":"idOrVar","v":"plural"},"n"]},{"$i":"nHours","$v":{"zero":"","one":"<strong>ordubete</strong>","two":["<strong>",{"t":"idOrVar","v":"n"}," ordu</strong>"],"few":["<strong>",{"t":"idOrVar","v":"n"}," ordu</strong>"],"many":["<strong>",{"t":"idOrVar","v":"n"}," ordu</strong>"],"other":["<strong>",{"t":"idOrVar","v":"n"}," ordu</strong>"]},"$x":[{"t":"idOrVar","v":"plural"},"n"]},{"$i":"nAndRemainHours","$v":{"zero":"","one":"eta <strong>ordubete</strong>","two":["eta <strong>",{"t":"idOrVar","v":"n"}," ordu</strong>"],"few":["eta <strong>",{"t":"idOrVar","v":"n"}," ordu</strong>"],"many":["eta <strong>",{"t":"idOrVar","v":"n"}," ordu</strong>"],"other":["eta <strong>",{"t":"idOrVar","v":"n"}," ordu</strong>"]},"$x":[{"t":"idOrVar","v":"plural"},"n"]},{"$i":"nRemainDays","$v":{"zero":"","one":"<strong>egun bat</strong>","two":["<strong>",{"t":"idOrVar","v":"n"}," egun</strong>"],"few":["<strong>",{"t":"idOrVar","v":"n"}," egun</strong>"],"many":["<strong>",{"t":"idOrVar","v":"n"}," egun</strong>"],"other":["<strong>",{"t":"idOrVar","v":"n"}," egun</strong>"]},"$x":[{"t":"idOrVar","v":"plural"},"n"]},{"$i":"nRemainMinutes","$v":{"zero":"","one":["eta <strong>minutu ",{"t":"idOrVar","v":"n"},"</strong>"],"two":["eta <strong>",{"t":"idOrVar","v":"n"}," minutu</strong>"],"few":["eta <strong>",{"t":"idOrVar","v":"n"}," minutu</strong>"],"many":["eta <strong>",{"t":"idOrVar","v":"n"}," minutu</strong>"],"other":["eta <strong>",{"t":"idOrVar","v":"n"}," minutu</strong>"]},"$x":[{"t":"idOrVar","v":"plural"},"n"]},{"$i":"nSpinnerSeconds","$v":{"zero":"zero segundo","one":"segundo bat","two":[{"t":"idOrVar","v":"n"}," segundo"],"few":[{"t":"idOrVar","v":"n"}," segundo"],"many":[{"t":"idOrVar","v":"n"}," segundo"],"other":[{"t":"idOrVar","v":"n"}," segundo"]},"$x":[{"t":"idOrVar","v":"plural"},"n"]},{"$i":"nSpinnerMinutes","$v":{"zero":"zero minutu","one":"minutu bat","two":[{"t":"idOrVar","v":"n"}," minutu"],"few":[{"t":"idOrVar","v":"n"}," minutu"],"many":[{"t":"idOrVar","v":"n"}," minutu"],"other":[{"t":"idOrVar","v":"n"}," minutu"]},"$x":[{"t":"idOrVar","v":"plural"},"n"]},{"$i":"nSpinnerHours","$v":{"zero":"zero ordu","one":"ordu bat","two":[{"t":"idOrVar","v":"n"}," ordu"],"few":[{"t":"idOrVar","v":"n"}," ordu"],"many":[{"t":"idOrVar","v":"n"}," ordu"],"other":[{"t":"idOrVar","v":"n"}," ordu"]},"$x":[{"t":"idOrVar","v":"plural"},"n"]},{"$i":"ac_awake_opus","$v":"Esna"},{"$i":"ac_crystalize_opus","$v":"Kristalizazioa"},{"$i":"ac_cycle_opus","$v":"Zikloa"},{"$i":"ac_digicloud_opus","$v":"Digihodeia"},{"$i":"ac_humming_waves_opus","$v":"Uhin burrunbatsuak"},{"$i":"ac_into_the_void_opus","$v":"Hutsean"},{"$i":"ac_lightly_opus","$v":"Arina"},{"$i":"ac_mobile_opus","$v":"Mugikorra"},{"$i":"ac_pinger_opus","$v":"Pinger"},{"$i":"ac_skip_opus","$v":"Jauzia"},{"$i":"ac_tri_opus","$v":"Tri"},{"$i":"ac_universal_opus","$v":"Unibertsala"},{"$i":"weekday-0-long","$v":"Igandea"},{"$i":"weekday-1-long","$v":"Astelehena"},{"$i":"weekday-2-long","$v":"Asteartea"},{"$i":"weekday-3-long","$v":"Asteazkena"},{"$i":"weekday-4-long","$v":"Osteguna"},{"$i":"weekday-5-long","$v":"Ostirala"},{"$i":"weekday-6-long","$v":"Larunbata"},{"$i":"weekday-0-short","$v":"Ig."},{"$i":"weekday-1-short","$v":"Al."},{"$i":"weekday-2-short","$v":"Ar."},{"$i":"weekday-3-short","$v":"Az."},{"$i":"weekday-4-short","$v":"Og."},{"$i":"weekday-5-short","$v":"Or."},{"$i":"weekday-6-short","$v":"Lr."},{"$i":"month-0-long","$v":"Urtarrila"},{"$i":"month-1-long","$v":"Otsaila"},{"$i":"month-2-long","$v":"Martxoa"},{"$i":"month-3-long","$v":"Apirila"},{"$i":"month-4-long","$v":"Maiatza"},{"$i":"month-5-long","$v":"Ekaina"},{"$i":"month-6-long","$v":"Uztaila"},{"$i":"month-7-long","$v":"Abuztua"},{"$i":"month-8-long","$v":"Iraila"},{"$i":"month-9-long","$v":"Urria"},{"$i":"month-10-long","$v":"Azaroa"},{"$i":"month-11-long","$v":"Abendua"},{"$i":"month-0-genitive","$v":"Urtarrilaren"},{"$i":"month-1-genitive","$v":"Otsailaren"},{"$i":"month-2-genitive","$v":"Martxoaren"},{"$i":"month-3-genitive","$v":"Apirilaren"},{"$i":"month-4-genitive","$v":"Maiatzaren"},{"$i":"month-5-genitive","$v":"Ekainaren"},{"$i":"month-6-genitive","$v":"Uztailaren"},{"$i":"month-7-genitive","$v":"Abuztuaren"},{"$i":"month-8-genitive","$v":"Irailaren"},{"$i":"month-9-genitive","$v":"Urriaren"},{"$i":"month-10-genitive","$v":"Azaroaren"},{"$i":"month-11-genitive","$v":"Abenduaren"},{"$i":"month-0-short","$v":"urt."},{"$i":"month-1-short","$v":"ots."},{"$i":"month-2-short","$v":"mar."},{"$i":"month-3-short","$v":"api."},{"$i":"month-4-short","$v":"mai."},{"$i":"month-5-short","$v":"eka."},{"$i":"month-6-short","$v":"uzt."},{"$i":"month-7-short","$v":"abu."},{"$i":"month-8-short","$v":"ira."},{"$i":"month-9-short","$v":"urr."},{"$i":"month-10-short","$v":"aza."},{"$i":"month-11-short","$v":"abe."},{"$i":"minutes-ago-long","$v":{"zero":"orain","one":"duela minutu bat","two":["duela ",{"t":"idOrVar","v":"value"}," minutu"],"few":["duela ",{"t":"idOrVar","v":"value"}," minutu"],"many":["duela ",{"t":"idOrVar","v":"value"}," minutu"],"other":["duela ",{"t":"idOrVar","v":"value"}," minutu"]},"$x":[{"t":"idOrVar","v":"plural"},"value"]},{"$i":"hours-ago-long","$v":{"zero":"orain","one":"duela ordubete","two":["duela ",{"t":"idOrVar","v":"value"}," ordu"],"few":["duela ",{"t":"idOrVar","v":"value"}," ordu"],"many":["duela ",{"t":"idOrVar","v":"value"}," ordu"],"other":["duela ",{"t":"idOrVar","v":"value"}," ordu"]},"$x":[{"t":"idOrVar","v":"plural"},"value"]},{"$i":"days-ago-long","$v":{"zero":"gaur","one":"atzo","two":"herenegun","few":["duela ",{"t":"idOrVar","v":"value"}," egun"],"many":["duela ",{"t":"idOrVar","v":"value"}," egun"],"other":["duela ",{"t":"idOrVar","v":"value"}," egun"]},"$x":[{"t":"idOrVar","v":"plural"},"value"]},{"$i":"weeks-ago-long","$v":{"zero":"aste honetan","one":"azken astean","two":["duela ",{"t":"idOrVar","v":"value"}," aste"],"few":["duela ",{"t":"idOrVar","v":"value"}," aste"],"many":["duela ",{"t":"idOrVar","v":"value"}," aste"],"other":["duela ",{"t":"idOrVar","v":"value"}," aste"]},"$x":[{"t":"idOrVar","v":"plural"},"value"]},{"$i":"months-ago-long","$v":{"zero":"hilabete honetan","one":"azken hilabetean","two":["duela ",{"t":"idOrVar","v":"value"}," hilabete"],"few":["duela ",{"t":"idOrVar","v":"value"}," hilabete"],"many":["duela ",{"t":"idOrVar","v":"value"}," hilabete"],"other":["duela ",{"t":"idOrVar","v":"value"}," hilabete"]},"$x":[{"t":"idOrVar","v":"plural"},"value"]},{"$i":"years-ago-long","$v":{"zero":"aurten","one":"iaz","two":["duela ",{"t":"idOrVar","v":"value"}," urte"],"few":["duela ",{"t":"idOrVar","v":"value"}," urte"],"many":["duela ",{"t":"idOrVar","v":"value"}," urte"],"other":["duela ",{"t":"idOrVar","v":"value"}," urte"]},"$x":[{"t":"idOrVar","v":"plural"},"value"]},{"$i":"minutes-until-long","$v":{"zero":"orain","one":"minutu barru","two":[{"t":"idOrVar","v":"value"}," minutu barru"],"few":[{"t":"idOrVar","v":"value"}," minutu barru"],"many":[{"t":"idOrVar","v":"value"}," minutu barru"],"other":[{"t":"idOrVar","v":"value"}," minutu barru"]},"$x":[{"t":"idOrVar","v":"plural"},"value"]},{"$i":"hours-until-long","$v":{"zero":"orain","one":"ordubete barru","two":[{"t":"idOrVar","v":"value"}," ordu barru"],"few":[{"t":"idOrVar","v":"value"}," ordu barru"],"many":[{"t":"idOrVar","v":"value"}," ordu barru"],"other":[{"t":"idOrVar","v":"value"}," ordu barru"]},"$x":[{"t":"idOrVar","v":"plural"},"value"]},{"$i":"days-until-long","$v":{"zero":"gaur","one":"bihar","two":"etzi","few":[{"t":"idOrVar","v":"value"}," egun barru"],"many":[{"t":"idOrVar","v":"value"}," egun barru"],"other":[{"t":"idOrVar","v":"value"}," egun barru"]},"$x":[{"t":"idOrVar","v":"plural"},"value"]},{"$i":"weeks-until-long","$v":{"zero":"aste honetan","one":"hurrengo astean","two":[{"t":"idOrVar","v":"value"}," aste barru"],"few":[{"t":"idOrVar","v":"value"}," aste barru"],"many":[{"t":"idOrVar","v":"value"}," aste barru"],"other":[{"t":"idOrVar","v":"value"}," aste barru"]},"$x":[{"t":"idOrVar","v":"plural"},"value"]},{"$i":"months-until-long","$v":{"zero":"hil honetan","one":"hurrengo hilean","two":[{"t":"idOrVar","v":"value"}," hilabete barru"],"few":[{"t":"idOrVar","v":"value"}," hilabete barru"],"many":[{"t":"idOrVar","v":"value"}," hilabete barru"],"other":[{"t":"idOrVar","v":"value"}," hilabete barru"]},"$x":[{"t":"idOrVar","v":"plural"},"value"]},{"$i":"years-until-long","$v":{"zero":"aurten","one":"hurrengo urtean","two":[{"t":"idOrVar","v":"value"}," urte barru"],"few":[{"t":"idOrVar","v":"value"}," urte barru"],"many":[{"t":"idOrVar","v":"value"}," urte barru"],"other":[{"t":"idOrVar","v":"value"}," urte barru"]},"$x":[{"t":"idOrVar","v":"plural"},"value"]},{"$i":"minutes-ago-short","$v":{"zero":"orain","other":["duela ",{"t":"idOrVar","v":"value"},"m"]},"$x":[{"t":"idOrVar","v":"plural"},"value"]},{"$i":"hours-ago-short","$v":{"zero":"orain","other":["duela ",{"t":"idOrVar","v":"value"},"h"]},"$x":[{"t":"idOrVar","v":"plural"},"value"]},{"$i":"days-ago-short","$v":{"zero":"gaur","other":["duela ",{"t":"idOrVar","v":"value"},"eg."]},"$x":[{"t":"idOrVar","v":"plural"},"value"]},{"$i":"minutes-until-short","$v":{"zero":"orain","other":[{"t":"idOrVar","v":"value"},"m barru"]},"$x":[{"t":"idOrVar","v":"plural"},"value"]},{"$i":"hours-until-short","$v":{"zero":"orain","other":[{"t":"idOrVar","v":"value"},"h barru"]},"$x":[{"t":"idOrVar","v":"plural"},"value"]},{"$i":"days-until-short","$v":{"zero":"gaur","other":[{"t":"idOrVar","v":"value"},"eg. barru"]},"$x":[{"t":"idOrVar","v":"plural"},"value"]},{"$i":"incorrectDate","$v":"(data okerra)"},{"$i":"dateTimeFormat_%c","$v":"%a, %Y.eko %Bren %ea %H:%M:%S"},{"$i":"dateTimeFormat_%x","$v":"%Y/%m/%d"},{"$i":"dateTimeFormat_%X","$v":"%H:%M:%S"},{"$i":"shortTimeFormat","$v":"%I:%M %p"},{"$i":"shortTimeFormat12","$v":"%I:%M %p"},{"$i":"shortTimeFormat24","$v":"%H:%M"},{"$i":"shortDateTimeFormat","$v":"%x %H:%M"},{"$i":"weekStartsOnMonday","$v":"1"},{"$i":"firstDayOfTheWeek","$v":"1"},{"$i":"time_am","$v":"AM"},{"$i":"time_pm","$v":"PM"}]