[{"$i":"reset","$v":"Alaphelyzet"},{"$i":"start","$v":"Kezdés"},{"$i":"stop","$v":"Leállítás"},{"$i":"cancel","$v":"Mégse"},{"$i":"hour","$v":"Óra"},{"$i":"hours","$v":"Óra"},{"$i":"minute","$v":"Perc"},{"$i":"minutes","$v":"Perc"},{"$i":"alarm","$v":"Ébresztés"},{"$i":"timer","$v":"Időzítő"},{"$i":"stopwatch","$v":"Stopper"},{"$i":"alarmName","placeholder":"Ébresztés neve"},{"$i":"newAlarm","$v":"Új ébresztés"},{"$i":"editAlarm","$v":"Ébresztés"},{"$i":"pause","$v":"Szünet"},{"$i":"resume","$v":"Folytatás"},{"$i":"lap","$v":"Kör"},{"$i":"lap-number","$v":["Kör ",{"t":"idOrVar","v":"n"}]},{"$i":"delete","$v":"Törlés"},{"$i":"time","$v":"Idő"},{"$i":"snooze-label","$v":"Szundi"},{"$i":"snooze-button","$v":"Szundi"},{"$i":"repeat","$v":"Ismétlődés"},{"$i":"vibrate","$v":"Rezgés"},{"$i":"close","$v":"Bezárás"},{"$i":"save","$v":"Mentés"},{"$i":"done","$v":"Kész"},{"$i":"closeButton","ariaLabel":"Bezárás"},{"$i":"newAlarmButton","ariaLabel":"Új ébresztés"},{"$i":"alarm-volume-label","$v":"Ébresztés hangereje"},{"$i":"sound","$v":"Hang"},{"$i":"noSound","$v":"Hang nélkül"},{"$i":"everyday","$v":"Minden nap"},{"$i":"weekdays","$v":"Hétköznap"},{"$i":"weekends","$v":"Hétvégente"},{"$i":"never","$v":"Soha"},{"$i":"vibrateOn","$v":"Be"},{"$i":"vibrateOff","$v":"Ki"},{"$i":"plusMinute","$v":"+1 perc"},{"$i":"dateFormat","$v":"%B %d. %A"},{"$i":"countdown-lessThanAnHour","$v":["Ébresztés beállítva mostantól ennyire: <strong>",{"t":"idOrVar","v":"minutes"},"</strong>."]},{"$i":"countdown-moreThanAnHour","$v":["Ébresztés beállítva mostantól ennyire: ",{"t":"idOrVar","v":"hours"}," ",{"t":"idOrVar","v":"minutes"},"."]},{"$i":"countdown-moreThanADay","$v":["Ébresztés beállítva mostantól ennyire: ",{"t":"idOrVar","v":"days"}," ",{"t":"idOrVar","v":"hours"}]},{"$i":"nMinutes","$v":{"zero":"egy percen belül","one":"egy perc","two":[{"t":"idOrVar","v":"n"}," perc"],"few":[{"t":"idOrVar","v":"n"}," perc"],"many":[{"t":"idOrVar","v":"n"}," perc"],"other":[{"t":"idOrVar","v":"n"}," perc"]},"$x":[{"t":"idOrVar","v":"plural"},"n"]},{"$i":"nHours","$v":{"zero":"","one":["<strong>",{"t":"idOrVar","v":"n"}," óra</strong>"],"two":["<strong>",{"t":"idOrVar","v":"n"}," óra</strong>"],"few":["<strong>",{"t":"idOrVar","v":"n"}," óra</strong>"],"many":["<strong>",{"t":"idOrVar","v":"n"}," óra</strong>"],"other":["<strong>",{"t":"idOrVar","v":"n"}," óra</strong>"]},"$x":[{"t":"idOrVar","v":"plural"},"n"]},{"$i":"nAndRemainHours","$v":{"zero":"","one":["<strong>",{"t":"idOrVar","v":"n"}," óra</strong>"],"two":["<strong>",{"t":"idOrVar","v":"n"}," óra</strong>"],"few":["<strong>",{"t":"idOrVar","v":"n"}," óra</strong>"],"many":["<strong>",{"t":"idOrVar","v":"n"}," óra</strong>"],"other":["<strong>",{"t":"idOrVar","v":"n"}," óra</strong>"]},"$x":[{"t":"idOrVar","v":"plural"},"n"]},{"$i":"nRemainDays","$v":{"zero":"","one":["<strong>",{"t":"idOrVar","v":"n"}," nap</strong>"],"two":["<strong>",{"t":"idOrVar","v":"n"}," nap</strong>"],"few":["<strong>",{"t":"idOrVar","v":"n"}," nap</strong>"],"many":["<strong>",{"t":"idOrVar","v":"n"}," nap</strong>"],"other":["<strong>",{"t":"idOrVar","v":"n"}," nap</strong>"]},"$x":[{"t":"idOrVar","v":"plural"},"n"]},{"$i":"nRemainMinutes","$v":{"zero":"","one":["és <strong>",{"t":"idOrVar","v":"n"}," perc</strong>"],"two":["és <strong>",{"t":"idOrVar","v":"n"}," perc</strong>"],"few":["és <strong>",{"t":"idOrVar","v":"n"}," perc</strong>"],"many":["és <strong>",{"t":"idOrVar","v":"n"}," perc</strong>"],"other":["és <strong>",{"t":"idOrVar","v":"n"}," perc</strong>"]},"$x":[{"t":"idOrVar","v":"plural"},"n"]},{"$i":"nSpinnerSeconds","$v":{"zero":"nulla másodperc","one":"egy másodperc","two":[{"t":"idOrVar","v":"n"}," másodperc"],"few":[{"t":"idOrVar","v":"n"}," másodperc"],"many":[{"t":"idOrVar","v":"n"}," másodperc"],"other":[{"t":"idOrVar","v":"n"}," másodperc"]},"$x":[{"t":"idOrVar","v":"plural"},"n"]},{"$i":"nSpinnerMinutes","$v":{"zero":"nulla perc","one":"egy perc","two":[{"t":"idOrVar","v":"n"}," perc"],"few":[{"t":"idOrVar","v":"n"}," perc"],"many":[{"t":"idOrVar","v":"n"}," perc"],"other":[{"t":"idOrVar","v":"n"}," perc"]},"$x":[{"t":"idOrVar","v":"plural"},"n"]},{"$i":"nSpinnerHours","$v":{"zero":"nulla óra","one":[{"t":"idOrVar","v":"n"}," óra"],"two":[{"t":"idOrVar","v":"n"}," óra"],"few":[{"t":"idOrVar","v":"n"}," óra"],"many":[{"t":"idOrVar","v":"n"}," óra"],"other":[{"t":"idOrVar","v":"n"}," óra"]},"$x":[{"t":"idOrVar","v":"plural"},"n"]},{"$i":"ac_awake_opus","$v":"Ébredés"},{"$i":"ac_crystalize_opus","$v":"Kristályok"},{"$i":"ac_cycle_opus","$v":"Ciklus"},{"$i":"ac_digicloud_opus","$v":"Adatfelhő"},{"$i":"ac_humming_waves_opus","$v":"Duruzsoló hullámok"},{"$i":"ac_into_the_void_opus","$v":"A semmibe"},{"$i":"ac_lightly_opus","$v":"Könnyed"},{"$i":"ac_mobile_opus","$v":"Mobil"},{"$i":"ac_pinger_opus","$v":"Kopogó"},{"$i":"ac_skip_opus","$v":"Kihagyás"},{"$i":"ac_tri_opus","$v":"Hármas"},{"$i":"ac_universal_opus","$v":"Egyetemes"},{"$i":"weekday-0-long","$v":"Vasárnap"},{"$i":"weekday-1-long","$v":"Hétfő"},{"$i":"weekday-2-long","$v":"Kedd"},{"$i":"weekday-3-long","$v":"Szerda"},{"$i":"weekday-4-long","$v":"Csütörtök"},{"$i":"weekday-5-long","$v":"Péntek"},{"$i":"weekday-6-long","$v":"Szombat"},{"$i":"weekday-0-short","$v":"Va."},{"$i":"weekday-1-short","$v":"Hé."},{"$i":"weekday-2-short","$v":"Ke."},{"$i":"weekday-3-short","$v":"Sze."},{"$i":"weekday-4-short","$v":"Csü."},{"$i":"weekday-5-short","$v":"Pé."},{"$i":"weekday-6-short","$v":"Szo."},{"$i":"month-0-long","$v":"Január"},{"$i":"month-1-long","$v":"Február"},{"$i":"month-2-long","$v":"Március"},{"$i":"month-3-long","$v":"Április"},{"$i":"month-4-long","$v":"Május"},{"$i":"month-5-long","$v":"Június"},{"$i":"month-6-long","$v":"Július"},{"$i":"month-7-long","$v":"Augusztus"},{"$i":"month-8-long","$v":"Szeptember"},{"$i":"month-9-long","$v":"Október"},{"$i":"month-10-long","$v":"November"},{"$i":"month-11-long","$v":"December"},{"$i":"month-0-genitive","$v":"Január"},{"$i":"month-1-genitive","$v":"Február"},{"$i":"month-2-genitive","$v":"Március"},{"$i":"month-3-genitive","$v":"Április"},{"$i":"month-4-genitive","$v":"Május"},{"$i":"month-5-genitive","$v":"Június"},{"$i":"month-6-genitive","$v":"Július"},{"$i":"month-7-genitive","$v":"Augusztus"},{"$i":"month-8-genitive","$v":"Szeptember"},{"$i":"month-9-genitive","$v":"Október"},{"$i":"month-10-genitive","$v":"November"},{"$i":"month-11-genitive","$v":"December"},{"$i":"month-0-short","$v":"Jan"},{"$i":"month-1-short","$v":"Feb"},{"$i":"month-2-short","$v":"Már"},{"$i":"month-3-short","$v":"Ápr"},{"$i":"month-4-short","$v":"Máj"},{"$i":"month-5-short","$v":"Jún"},{"$i":"month-6-short","$v":"Júl"},{"$i":"month-7-short","$v":"Aug"},{"$i":"month-8-short","$v":"Szep"},{"$i":"month-9-short","$v":"Okt"},{"$i":"month-10-short","$v":"Nov"},{"$i":"month-11-short","$v":"Dec"},{"$i":"minutes-ago-long","$v":{"zero":"épp most","one":"egy perccel ezelőtt","two":[{"t":"idOrVar","v":"value"}," perccel ezelőtt"],"few":[{"t":"idOrVar","v":"value"}," perccel ezelőtt"],"many":[{"t":"idOrVar","v":"value"}," perccel ezelőtt"],"other":[{"t":"idOrVar","v":"value"}," perccel ezelőtt"]},"$x":[{"t":"idOrVar","v":"plural"},"value"]},{"$i":"hours-ago-long","$v":{"zero":"épp most","one":"egy órája","two":[{"t":"idOrVar","v":"value"}," órával ezelőtt"],"few":[{"t":"idOrVar","v":"value"}," órával ezelőtt"],"many":[{"t":"idOrVar","v":"value"}," órával ezelőtt"],"other":[{"t":"idOrVar","v":"value"}," órával ezelőtt"]},"$x":[{"t":"idOrVar","v":"plural"},"value"]},{"$i":"days-ago-long","$v":{"zero":"ma","one":"tegnap","two":[{"t":"idOrVar","v":"value"}," nappal ezelőtt"],"few":[{"t":"idOrVar","v":"value"}," nappal ezelőtt"],"many":[{"t":"idOrVar","v":"value"}," nappal ezelőtt"],"other":[{"t":"idOrVar","v":"value"}," nappal ezelőtt"]},"$x":[{"t":"idOrVar","v":"plural"},"value"]},{"$i":"weeks-ago-long","$v":{"zero":"ez a hét","one":"múlt hét","two":[{"t":"idOrVar","v":"value"}," héttel ezelőtt"],"few":[{"t":"idOrVar","v":"value"}," héttel ezelőtt"],"many":[{"t":"idOrVar","v":"value"}," héttel ezelőtt"],"other":[{"t":"idOrVar","v":"value"}," héttel ezelőtt"]},"$x":[{"t":"idOrVar","v":"plural"},"value"]},{"$i":"months-ago-long","$v":{"zero":"ez a hónap","one":"előző hónap","two":[{"t":"idOrVar","v":"value"}," hónappal ezelőtt"],"few":[{"t":"idOrVar","v":"value"}," hónappal ezelőtt"],"many":[{"t":"idOrVar","v":"value"}," hónappal ezelőtt"],"other":[{"t":"idOrVar","v":"value"}," hónappal ezelőtt"]},"$x":[{"t":"idOrVar","v":"plural"},"value"]},{"$i":"years-ago-long","$v":{"zero":"ez az év","one":"tavaly","two":[{"t":"idOrVar","v":"value"}," évvel ezelőtt"],"few":[{"t":"idOrVar","v":"value"}," évvel ezelőtt"],"many":[{"t":"idOrVar","v":"value"}," évvel ezelőtt"],"other":[{"t":"idOrVar","v":"value"}," évvel ezelőtt"]},"$x":[{"t":"idOrVar","v":"plural"},"value"]},{"$i":"minutes-until-long","$v":{"zero":"most","one":"egy percen belül","two":[{"t":"idOrVar","v":"value"}," percen belül"],"few":[{"t":"idOrVar","v":"value"}," percen belül"],"many":[{"t":"idOrVar","v":"value"}," percen belül"],"other":[{"t":"idOrVar","v":"value"}," percen belül"]},"$x":[{"t":"idOrVar","v":"plural"},"value"]},{"$i":"hours-until-long","$v":{"zero":"most","one":"egy órán belül","two":[{"t":"idOrVar","v":"value"}," órán belül"],"few":[{"t":"idOrVar","v":"value"}," órán belül"],"many":[{"t":"idOrVar","v":"value"}," órán belül"],"other":[{"t":"idOrVar","v":"value"}," órán belül"]},"$x":[{"t":"idOrVar","v":"plural"},"value"]},{"$i":"days-until-long","$v":{"zero":"ma","one":"holnap","two":[{"t":"idOrVar","v":"value"}," napon belül"],"few":[{"t":"idOrVar","v":"value"}," napon belül"],"many":[{"t":"idOrVar","v":"value"}," napon belül"],"other":[{"t":"idOrVar","v":"value"}," napon belül"]},"$x":[{"t":"idOrVar","v":"plural"},"value"]},{"$i":"weeks-until-long","$v":{"zero":"ez a hét","one":"következő hét","two":[{"t":"idOrVar","v":"value"}," héten belül"],"few":[{"t":"idOrVar","v":"value"}," héten belül"],"many":[{"t":"idOrVar","v":"value"}," héten belül"],"other":[{"t":"idOrVar","v":"value"}," héten belül"]},"$x":[{"t":"idOrVar","v":"plural"},"value"]},{"$i":"months-until-long","$v":{"zero":"ez a hónap","one":"következő hónap","two":[{"t":"idOrVar","v":"value"}," héten belül"],"few":[{"t":"idOrVar","v":"value"}," héten belül"],"many":[{"t":"idOrVar","v":"value"}," héten belül"],"other":[{"t":"idOrVar","v":"value"}," héten belül"]},"$x":[{"t":"idOrVar","v":"plural"},"value"]},{"$i":"years-until-long","$v":{"zero":"ez az év","one":"következő év","two":[{"t":"idOrVar","v":"value"}," éven belül"],"few":[{"t":"idOrVar","v":"value"}," éven belül"],"many":[{"t":"idOrVar","v":"value"}," éven belül"],"other":[{"t":"idOrVar","v":"value"}," éven belül"]},"$x":[{"t":"idOrVar","v":"plural"},"value"]},{"$i":"minutes-ago-short","$v":{"zero":"épp most","other":[{"t":"idOrVar","v":"value"},"p ezelőtt"]},"$x":[{"t":"idOrVar","v":"plural"},"value"]},{"$i":"hours-ago-short","$v":{"zero":"épp most","other":[{"t":"idOrVar","v":"value"},"ó ezelőtt"]},"$x":[{"t":"idOrVar","v":"plural"},"value"]},{"$i":"days-ago-short","$v":{"zero":"ma","other":[{"t":"idOrVar","v":"value"},"n ezelőtt"]},"$x":[{"t":"idOrVar","v":"plural"},"value"]},{"$i":"minutes-until-short","$v":{"zero":"most","other":[{"t":"idOrVar","v":"value"}," percen belül"]},"$x":[{"t":"idOrVar","v":"plural"},"value"]},{"$i":"hours-until-short","$v":{"zero":"most","other":[{"t":"idOrVar","v":"value"}," órán belül"]},"$x":[{"t":"idOrVar","v":"plural"},"value"]},{"$i":"days-until-short","$v":{"zero":"ma","other":[{"t":"idOrVar","v":"value"}," napon belül"]},"$x":[{"t":"idOrVar","v":"plural"},"value"]},{"$i":"incorrectDate","$v":"(helytelen dátum)"},{"$i":"dateTimeFormat_%c","$v":"%Y. %b %d %a %H:%M:%S"},{"$i":"dateTimeFormat_%x","$v":"%Y. %m. %d."},{"$i":"dateTimeFormat_%X","$v":"%H:%M:%S"},{"$i":"shortTimeFormat","$v":"%I:%M %p"},{"$i":"shortTimeFormat12","$v":"%I:%M %p"},{"$i":"shortTimeFormat24","$v":"%H:%M"},{"$i":"shortDateTimeFormat","$v":"%x %H:%M"},{"$i":"weekStartsOnMonday","$v":"1"},{"$i":"firstDayOfTheWeek","$v":"0"},{"$i":"time_am","$v":"DE"},{"$i":"time_pm","$v":"DU"}]