[{"$i":"reset","$v":"リセット"},{"$i":"start","$v":"実行"},{"$i":"stop","$v":"停止"},{"$i":"cancel","$v":"キャンセル"},{"$i":"hour","$v":"時"},{"$i":"hours","$v":"時間"},{"$i":"minute","$v":"分"},{"$i":"minutes","$v":"分"},{"$i":"alarm","$v":"アラーム"},{"$i":"timer","$v":"タイマー"},{"$i":"stopwatch","$v":"ストップウォッチ"},{"$i":"alarmName","placeholder":"アラーム名"},{"$i":"newAlarm","$v":"アラーム作成"},{"$i":"editAlarm","$v":"アラーム編集"},{"$i":"pause","$v":"一時停止"},{"$i":"resume","$v":"再開"},{"$i":"lap","$v":"Lap"},{"$i":"lap-number","$v":[{"t":"idOrVar","v":"n"}," 周目"]},{"$i":"delete","$v":"削除"},{"$i":"time","$v":"時刻"},{"$i":"snooze-label","$v":"スヌーズ"},{"$i":"snooze-button","$v":"スヌーズ"},{"$i":"repeat","$v":"繰り返し"},{"$i":"vibrate","$v":"バイブレート"},{"$i":"close","$v":"閉じる"},{"$i":"save","$v":"保存"},{"$i":"done","$v":"完了"},{"$i":"closeButton","ariaLabel":"閉じる"},{"$i":"newAlarmButton","ariaLabel":"新しいアラーム"},{"$i":"alarm-volume-label","$v":"システムのアラーム音量"},{"$i":"sound","$v":"アラーム音"},{"$i":"noSound","$v":"音なし"},{"$i":"everyday","$v":"毎日"},{"$i":"weekdays","$v":"終日"},{"$i":"weekends","$v":"週末"},{"$i":"never","$v":"繰り返しなし"},{"$i":"vibrateOn","$v":"ON"},{"$i":"vibrateOff","$v":"OFF"},{"$i":"plusMinute","$v":"+1 分"},{"$i":"dateFormat","$v":"%B%e日(%a)"},{"$i":"countdown-lessThanAnHour","$v":["アラームを <strong>",{"t":"idOrVar","v":"minutes"},"</strong> に設定しました。"]},{"$i":"countdown-moreThanAnHour","$v":["アラームを <strong>",{"t":"idOrVar","v":"hours"},{"t":"idOrVar","v":"minutes"},"後</strong> に設定しました。"]},{"$i":"countdown-moreThanADay","$v":["アラームを <strong>",{"t":"idOrVar","v":"days"},"</strong>と<strong>",{"t":"idOrVar","v":"hours"},"後<strong>に設定しました。"]},{"$i":"nMinutes","$v":{"zero":"1分以内","one":"1分後","two":[{"t":"idOrVar","v":"n"},"分後"],"few":[{"t":"idOrVar","v":"n"},"分後"],"many":[{"t":"idOrVar","v":"n"},"分後"],"other":[{"t":"idOrVar","v":"n"},"分後"]},"$x":[{"t":"idOrVar","v":"plural"},"n"]},{"$i":"nHours","$v":{"zero":"","one":[{"t":"idOrVar","v":"n"},"時間"],"two":[{"t":"idOrVar","v":"n"},"時間"],"few":[{"t":"idOrVar","v":"n"},"時間"],"many":[{"t":"idOrVar","v":"n"},"時間"],"other":[{"t":"idOrVar","v":"n"},"時間"]},"$x":[{"t":"idOrVar","v":"plural"},"n"]},{"$i":"nAndRemainHours","$v":{"zero":"","one":[{"t":"idOrVar","v":"n"},"時間"],"two":[{"t":"idOrVar","v":"n"},"時間"],"few":[{"t":"idOrVar","v":"n"},"時間"],"many":[{"t":"idOrVar","v":"n"},"時間"],"other":[{"t":"idOrVar","v":"n"},"時間"]},"$x":[{"t":"idOrVar","v":"plural"},"n"]},{"$i":"nRemainDays","$v":{"zero":"","one":[{"t":"idOrVar","v":"n"},"日"],"two":[{"t":"idOrVar","v":"n"},"日"],"few":[{"t":"idOrVar","v":"n"},"日"],"many":[{"t":"idOrVar","v":"n"},"日"],"other":[{"t":"idOrVar","v":"n"},"日"]},"$x":[{"t":"idOrVar","v":"plural"},"n"]},{"$i":"nRemainMinutes","$v":{"zero":"","one":[{"t":"idOrVar","v":"n"},"分"],"two":[{"t":"idOrVar","v":"n"},"分"],"few":[{"t":"idOrVar","v":"n"},"分"],"many":[{"t":"idOrVar","v":"n"},"分"],"other":[{"t":"idOrVar","v":"n"},"分"]},"$x":[{"t":"idOrVar","v":"plural"},"n"]},{"$i":"nSpinnerSeconds","$v":{"zero":"0秒","one":"1秒","two":[{"t":"idOrVar","v":"n"},"秒"],"few":[{"t":"idOrVar","v":"n"},"秒"],"many":[{"t":"idOrVar","v":"n"},"秒"],"other":[{"t":"idOrVar","v":"n"},"秒"]},"$x":[{"t":"idOrVar","v":"plural"},"n"]},{"$i":"nSpinnerMinutes","$v":{"zero":"0分","one":"1分","two":[{"t":"idOrVar","v":"n"},"分"],"few":[{"t":"idOrVar","v":"n"},"分"],"many":[{"t":"idOrVar","v":"n"},"分"],"other":[{"t":"idOrVar","v":"n"},"分"]},"$x":[{"t":"idOrVar","v":"plural"},"n"]},{"$i":"nSpinnerHours","$v":{"zero":"0時間","one":[{"t":"idOrVar","v":"n"},"時間"],"two":[{"t":"idOrVar","v":"n"},"時間"],"few":[{"t":"idOrVar","v":"n"},"時間"],"many":[{"t":"idOrVar","v":"n"},"時間"],"other":[{"t":"idOrVar","v":"n"},"時間"]},"$x":[{"t":"idOrVar","v":"plural"},"n"]},{"$i":"ac_awake_opus","$v":"Awake"},{"$i":"ac_crystalize_opus","$v":"Crystalize"},{"$i":"ac_cycle_opus","$v":"Cycle"},{"$i":"ac_digicloud_opus","$v":"Digicloud"},{"$i":"ac_humming_waves_opus","$v":"Humming Waves"},{"$i":"ac_into_the_void_opus","$v":"Into the Void"},{"$i":"ac_lightly_opus","$v":"Lightly"},{"$i":"ac_mobile_opus","$v":"Mobile"},{"$i":"ac_pinger_opus","$v":"Pinger"},{"$i":"ac_skip_opus","$v":"Skip"},{"$i":"ac_tri_opus","$v":"Tri"},{"$i":"ac_universal_opus","$v":"Universal"},{"$i":"weekday-0-long","$v":"日曜日"},{"$i":"weekday-1-long","$v":"月曜日"},{"$i":"weekday-2-long","$v":"火曜日"},{"$i":"weekday-3-long","$v":"水曜日"},{"$i":"weekday-4-long","$v":"木曜日"},{"$i":"weekday-5-long","$v":"金曜日"},{"$i":"weekday-6-long","$v":"土曜日"},{"$i":"weekday-0-short","$v":"日"},{"$i":"weekday-1-short","$v":"月"},{"$i":"weekday-2-short","$v":"火"},{"$i":"weekday-3-short","$v":"水"},{"$i":"weekday-4-short","$v":"木"},{"$i":"weekday-5-short","$v":"金"},{"$i":"weekday-6-short","$v":"土"},{"$i":"month-0-long","$v":"1月"},{"$i":"month-1-long","$v":"2月"},{"$i":"month-2-long","$v":"3月"},{"$i":"month-3-long","$v":"4月"},{"$i":"month-4-long","$v":"5月"},{"$i":"month-5-long","$v":"6月"},{"$i":"month-6-long","$v":"7月"},{"$i":"month-7-long","$v":"8月"},{"$i":"month-8-long","$v":"9月"},{"$i":"month-9-long","$v":"10月"},{"$i":"month-10-long","$v":"11月"},{"$i":"month-11-long","$v":"12月"},{"$i":"month-0-genitive","$v":"1月"},{"$i":"month-1-genitive","$v":"2月"},{"$i":"month-2-genitive","$v":"3月"},{"$i":"month-3-genitive","$v":"4月"},{"$i":"month-4-genitive","$v":"5月"},{"$i":"month-5-genitive","$v":"6月"},{"$i":"month-6-genitive","$v":"7月"},{"$i":"month-7-genitive","$v":"8月"},{"$i":"month-8-genitive","$v":"9月"},{"$i":"month-9-genitive","$v":"10月"},{"$i":"month-10-genitive","$v":"11月"},{"$i":"month-11-genitive","$v":"12月"},{"$i":"month-0-short","$v":"1月"},{"$i":"month-1-short","$v":"2月"},{"$i":"month-2-short","$v":"3月"},{"$i":"month-3-short","$v":"4月"},{"$i":"month-4-short","$v":"5月"},{"$i":"month-5-short","$v":"6月"},{"$i":"month-6-short","$v":"7月"},{"$i":"month-7-short","$v":"8月"},{"$i":"month-8-short","$v":"9月"},{"$i":"month-9-short","$v":"10月"},{"$i":"month-10-short","$v":"11月"},{"$i":"month-11-short","$v":"12月"},{"$i":"minutes-ago-long","$v":{"zero":"1分以内","one":"1分前","two":[{"t":"idOrVar","v":"value"},"分前"],"few":[{"t":"idOrVar","v":"value"},"分前"],"many":[{"t":"idOrVar","v":"value"},"分前"],"other":[{"t":"idOrVar","v":"value"},"分前"]},"$x":[{"t":"idOrVar","v":"plural"},"value"]},{"$i":"hours-ago-long","$v":{"zero":"1時間以内","one":"1時間前","two":[{"t":"idOrVar","v":"value"},"時間前"],"few":[{"t":"idOrVar","v":"value"},"時間前"],"many":[{"t":"idOrVar","v":"value"},"時間前"],"other":[{"t":"idOrVar","v":"value"},"時間前"]},"$x":[{"t":"idOrVar","v":"plural"},"value"]},{"$i":"days-ago-long","$v":{"zero":"今日","one":"昨日","two":[{"t":"idOrVar","v":"value"},"日前"],"few":[{"t":"idOrVar","v":"value"},"日前"],"many":[{"t":"idOrVar","v":"value"},"日前"],"other":[{"t":"idOrVar","v":"value"},"日前"]},"$x":[{"t":"idOrVar","v":"plural"},"value"]},{"$i":"weeks-ago-long","$v":{"zero":"今週","one":"先週","two":[{"t":"idOrVar","v":"value"},"週間前"],"few":[{"t":"idOrVar","v":"value"},"週間前"],"many":[{"t":"idOrVar","v":"value"},"週間前"],"other":[{"t":"idOrVar","v":"value"},"週間前"]},"$x":[{"t":"idOrVar","v":"plural"},"value"]},{"$i":"months-ago-long","$v":{"zero":"今月","one":"先月","two":[{"t":"idOrVar","v":"value"},"か月前"],"few":[{"t":"idOrVar","v":"value"},"か月前"],"many":[{"t":"idOrVar","v":"value"},"か月前"],"other":[{"t":"idOrVar","v":"value"},"か月前"]},"$x":[{"t":"idOrVar","v":"plural"},"value"]},{"$i":"years-ago-long","$v":{"zero":"今年","one":"昨年","two":[{"t":"idOrVar","v":"value"},"年前"],"few":[{"t":"idOrVar","v":"value"},"年前"],"many":[{"t":"idOrVar","v":"value"},"年前"],"other":[{"t":"idOrVar","v":"value"},"年前"]},"$x":[{"t":"idOrVar","v":"plural"},"value"]},{"$i":"minutes-until-long","$v":{"zero":"1分以内","one":"1分後","two":[{"t":"idOrVar","v":"value"},"分後"],"few":[{"t":"idOrVar","v":"value"},"分後"],"many":[{"t":"idOrVar","v":"value"},"分後"],"other":[{"t":"idOrVar","v":"value"},"分後"]},"$x":[{"t":"idOrVar","v":"plural"},"value"]},{"$i":"hours-until-long","$v":{"zero":"1時間以内","one":"1時間後","two":[{"t":"idOrVar","v":"value"},"時間後"],"few":[{"t":"idOrVar","v":"value"},"時間後"],"many":[{"t":"idOrVar","v":"value"},"時間後"],"other":[{"t":"idOrVar","v":"value"},"時間後"]},"$x":[{"t":"idOrVar","v":"plural"},"value"]},{"$i":"days-until-long","$v":{"zero":"今日","one":"明日","two":[{"t":"idOrVar","v":"value"},"日後"],"few":[{"t":"idOrVar","v":"value"},"日後"],"many":[{"t":"idOrVar","v":"value"},"日後"],"other":[{"t":"idOrVar","v":"value"},"日後"]},"$x":[{"t":"idOrVar","v":"plural"},"value"]},{"$i":"weeks-until-long","$v":{"zero":"今週","one":"来週","two":[{"t":"idOrVar","v":"value"},"週間後"],"few":[{"t":"idOrVar","v":"value"},"週間後"],"many":[{"t":"idOrVar","v":"value"},"週間後"],"other":[{"t":"idOrVar","v":"value"},"週間後"]},"$x":[{"t":"idOrVar","v":"plural"},"value"]},{"$i":"months-until-long","$v":{"zero":"今月","one":"来月","two":[{"t":"idOrVar","v":"value"},"か月後"],"few":[{"t":"idOrVar","v":"value"},"か月後"],"many":[{"t":"idOrVar","v":"value"},"か月後"],"other":[{"t":"idOrVar","v":"value"},"か月後"]},"$x":[{"t":"idOrVar","v":"plural"},"value"]},{"$i":"years-until-long","$v":{"zero":"今年","one":"来年","two":[{"t":"idOrVar","v":"value"},"年後"],"few":[{"t":"idOrVar","v":"value"},"年後"],"many":[{"t":"idOrVar","v":"value"},"年後"],"other":[{"t":"idOrVar","v":"value"},"年後"]},"$x":[{"t":"idOrVar","v":"plural"},"value"]},{"$i":"minutes-ago-short","$v":{"zero":"直前","other":[{"t":"idOrVar","v":"value"},"分前"]},"$x":[{"t":"idOrVar","v":"plural"},"value"]},{"$i":"hours-ago-short","$v":{"zero":"数分前","other":[{"t":"idOrVar","v":"value"},"時間前"]},"$x":[{"t":"idOrVar","v":"plural"},"value"]},{"$i":"days-ago-short","$v":{"zero":"今日","other":[{"t":"idOrVar","v":"value"},"日前"]},"$x":[{"t":"idOrVar","v":"plural"},"value"]},{"$i":"minutes-until-short","$v":{"zero":"直後","other":[{"t":"idOrVar","v":"value"},"分後"]},"$x":[{"t":"idOrVar","v":"plural"},"value"]},{"$i":"hours-until-short","$v":{"zero":"数分後","other":[{"t":"idOrVar","v":"value"},"時間後"]},"$x":[{"t":"idOrVar","v":"plural"},"value"]},{"$i":"days-until-short","$v":{"zero":"今日","other":[{"t":"idOrVar","v":"value"},"日後"]},"$x":[{"t":"idOrVar","v":"plural"},"value"]},{"$i":"incorrectDate","$v":"(日付が不正です)"},{"$i":"dateTimeFormat_%c","$v":"%Y年%b%e日(%a) %p%I:%M:%S"},{"$i":"dateTimeFormat_%x","$v":"%Y/%m/%d"},{"$i":"dateTimeFormat_%X","$v":"%p%I:%M:%S"},{"$i":"shortTimeFormat","$v":"%p%I:%M"},{"$i":"shortTimeFormat12","$v":"%p%I:%M"},{"$i":"shortTimeFormat24","$v":"%H:%M"},{"$i":"shortDateTimeFormat","$v":"%x %p%I:%M"},{"$i":"weekStartsOnMonday","$v":"0"},{"$i":"firstDayOfTheWeek","$v":"0"},{"$i":"time_am","$v":"午前"},{"$i":"time_pm","$v":"午後"}]