[{"$i":"reset","$v":"កំណត់​ឡើង​វិញ"},{"$i":"start","$v":"ចាប់ផ្ដើម"},{"$i":"stop","$v":"ឈប់"},{"$i":"cancel","$v":"បោះបង់"},{"$i":"hour","$v":"ម៉ោង"},{"$i":"hours","$v":"ម៉ោង"},{"$i":"minute","$v":"នាទី"},{"$i":"minutes","$v":"នាទី"},{"$i":"alarm","$v":"សំឡេង​រោទ៍"},{"$i":"timer","$v":"កម្មវិធី​កំណត់​ពេលវេលា"},{"$i":"stopwatch","$v":"នាឡិកា​កំណត់​ពេល"},{"$i":"alarmName","placeholder":"ឈ្មោះ​សំឡេង​រោទ៍"},{"$i":"newAlarm","$v":"សំឡេង​រោទ៍​ថ្មី"},{"$i":"editAlarm","$v":"កែ​សំឡេង​រោទ៍"},{"$i":"pause","$v":"ផ្អាក"},{"$i":"resume","$v":"បន្ត"},{"$i":"lap","$v":"សូរ​ប៉ះ"},{"$i":"lap-number","$v":["សូរ​ប៉ះ ",{"t":"idOrVar","v":"n"}]},{"$i":"delete","$v":"លុប"},{"$i":"time","$v":"ពេលវេលា"},{"$i":"snooze-label","$v":"ផ្អាក"},{"$i":"snooze-button","$v":"ផ្អាក"},{"$i":"repeat","$v":"ធ្វើ​​ម្ដង​​ទៀត"},{"$i":"vibrate","$v":"ញ័រ"},{"$i":"close","$v":"បិទ"},{"$i":"save","$v":"រក្សាទុក"},{"$i":"done","$v":"រួចរាល់"},{"$i":"closeButton","ariaLabel":"បិទ"},{"$i":"newAlarmButton","ariaLabel":"សំឡេង​រោទ៍​ថ្មី"},{"$i":"alarm-volume-label","$v":"កម្រិត​សំឡេង​រោទ៍​របស់​ប្រព័ន្ធ"},{"$i":"sound","$v":"សំឡេង"},{"$i":"noSound","$v":"គ្មាន​សំឡេង"},{"$i":"everyday","$v":"រៀងរាល់​ថ្ងៃ"},{"$i":"weekdays","$v":"ថ្ងៃ​ធ្វើការ"},{"$i":"weekends","$v":"ចុង​​សប្ដាហ៍"},{"$i":"never","$v":"មិនដែល"},{"$i":"vibrateOn","$v":"បើក"},{"$i":"vibrateOff","$v":"បិទ"},{"$i":"plusMinute","$v":"+1 Min"},{"$i":"dateFormat","$v":"%A, %B %e"},{"$i":"countdown-lessThanAnHour","$v":["បាន​កំណត់​សំឡេង​រោទ៍​ <strong>",{"t":"idOrVar","v":"minutes"},"</strong> ពី​ឥឡូវ។"]},{"$i":"countdown-moreThanAnHour","$v":["បាន​កំណត់​សំឡេង​រោទ៍ ",{"t":"idOrVar","v":"hours"}," ",{"t":"idOrVar","v":"minutes"}," ពី​ឥឡូវ។"]},{"$i":"countdown-moreThanADay","$v":["បាន​កំណត់​សំឡេង​រោទ៍​សម្រាប់ ",{"t":"idOrVar","v":"days"}," ",{"t":"idOrVar","v":"hours"}," ចាប់​ពី​​​ឥឡូវ។"]},{"$i":"nMinutes","$v":{"zero":"តិច​ជាង​មួយ​នាទី","one":"មួយ​នាទី","two":[{"t":"idOrVar","v":"n"}," នាទី"],"few":[{"t":"idOrVar","v":"n"}," នាទី"],"many":[{"t":"idOrVar","v":"n"}," នាទី"],"other":[{"t":"idOrVar","v":"n"}," នាទី"]},"$x":[{"t":"idOrVar","v":"plural"},"n"]},{"$i":"nHours","$v":{"zero":"","one":["<strong>",{"t":"idOrVar","v":"n"}," ម៉ោង</strong>"],"two":["<strong>",{"t":"idOrVar","v":"n"}," ម៉ោង</strong>"],"few":["<strong>",{"t":"idOrVar","v":"n"}," ម៉ោង</strong>"],"many":["<strong>",{"t":"idOrVar","v":"n"}," ម៉ោង</strong>"],"other":["<strong>",{"t":"idOrVar","v":"n"}," ម៉ោង</strong>"]},"$x":[{"t":"idOrVar","v":"plural"},"n"]},{"$i":"nAndRemainHours","$v":{"zero":"","one":["និង <strong>",{"t":"idOrVar","v":"n"}," ម៉ោង</strong>"],"two":["និង <strong>",{"t":"idOrVar","v":"n"}," ម៉ោង</strong>"],"few":["និង <strong>",{"t":"idOrVar","v":"n"}," ម៉ោង</strong>"],"many":["និង <strong>",{"t":"idOrVar","v":"n"}," ម៉ោង</strong>"],"other":["និង <strong>",{"t":"idOrVar","v":"n"}," ម៉ោង</strong>"]},"$x":[{"t":"idOrVar","v":"plural"},"n"]},{"$i":"nRemainDays","$v":{"zero":"","one":["<strong>",{"t":"idOrVar","v":"n"}," ថ្ងៃ</strong>"],"two":["<strong>",{"t":"idOrVar","v":"n"}," ថ្ងៃ</strong>"],"few":["<strong>",{"t":"idOrVar","v":"n"}," ថ្ងៃ</strong>"],"many":["<strong>",{"t":"idOrVar","v":"n"}," ថ្ងៃ</strong>"],"other":["<strong>",{"t":"idOrVar","v":"n"}," ថ្ងៃ</strong>"]},"$x":[{"t":"idOrVar","v":"plural"},"n"]},{"$i":"nRemainMinutes","$v":{"zero":"","one":["និង <strong>",{"t":"idOrVar","v":"n"}," នាទី</strong>"],"two":["និង <strong>",{"t":"idOrVar","v":"n"}," នាទី</strong>"],"few":["និង <strong>",{"t":"idOrVar","v":"n"}," នាទី</strong>"],"many":["និង <strong>",{"t":"idOrVar","v":"n"}," នាទី</strong>"],"other":["និង <strong>",{"t":"idOrVar","v":"n"}," នាទី</strong>"]},"$x":[{"t":"idOrVar","v":"plural"},"n"]},{"$i":"nSpinnerSeconds","$v":{"zero":"សូន្យវិនាទី","one":"មួយវិនាទី","two":[{"t":"idOrVar","v":"n"}," វិនាទី"],"few":[{"t":"idOrVar","v":"n"}," វិនាទី"],"many":[{"t":"idOrVar","v":"n"}," វិនាទី"],"other":[{"t":"idOrVar","v":"n"}," វិនាទី"]},"$x":[{"t":"idOrVar","v":"plural"},"n"]},{"$i":"nSpinnerMinutes","$v":{"zero":"សូន្យ​នាទី","one":"មួយ​នាទី","two":[{"t":"idOrVar","v":"n"}," នាទី"],"few":[{"t":"idOrVar","v":"n"}," នាទី"],"many":[{"t":"idOrVar","v":"n"}," នាទី"],"other":[{"t":"idOrVar","v":"n"}," នាទី"]},"$x":[{"t":"idOrVar","v":"plural"},"n"]},{"$i":"nSpinnerHours","$v":{"zero":"សូន្យ​ម៉ោង","one":[{"t":"idOrVar","v":"n"}," ម៉ោង"],"two":[{"t":"idOrVar","v":"n"}," ម៉ោង"],"few":[{"t":"idOrVar","v":"n"}," ម៉ោង"],"many":[{"t":"idOrVar","v":"n"}," ម៉ោង"],"other":[{"t":"idOrVar","v":"n"}," ម៉ោង"]},"$x":[{"t":"idOrVar","v":"plural"},"n"]},{"$i":"ac_awake_opus","$v":"ភ្ញាក់"},{"$i":"ac_crystalize_opus","$v":"គ្រីស្តាល់"},{"$i":"ac_cycle_opus","$v":"រង្វង់"},{"$i":"ac_digicloud_opus","$v":"Digicloud"},{"$i":"ac_humming_waves_opus","$v":"រលក​សំឡេង"},{"$i":"ac_into_the_void_opus","$v":"ក្នុង​ទី​ចំហ"},{"$i":"ac_lightly_opus","$v":"ភ្លឺចែងចាំង"},{"$i":"ac_mobile_opus","$v":"ចល័ត"},{"$i":"ac_pinger_opus","$v":"Pinger"},{"$i":"ac_skip_opus","$v":"រំលង"},{"$i":"ac_tri_opus","$v":"Tri"},{"$i":"ac_universal_opus","$v":"សកល"},{"$i":"weekday-0-long","$v":"អាទិត្យ"},{"$i":"weekday-1-long","$v":"ច័ន្ទ"},{"$i":"weekday-2-long","$v":"អង្គារ"},{"$i":"weekday-3-long","$v":"ពុធ"},{"$i":"weekday-4-long","$v":"ព្រហស្បតិ៍"},{"$i":"weekday-5-long","$v":"សុក្រ"},{"$i":"weekday-6-long","$v":"សៅរ៍"},{"$i":"weekday-0-short","$v":"អាទិត្យ"},{"$i":"weekday-1-short","$v":"ច័ន្ទ"},{"$i":"weekday-2-short","$v":"អង្គារ"},{"$i":"weekday-3-short","$v":"ពុធ"},{"$i":"weekday-4-short","$v":"ព្រហស្បតិ៍"},{"$i":"weekday-5-short","$v":"សុក្រ"},{"$i":"weekday-6-short","$v":"សៅរ៍"},{"$i":"month-0-long","$v":"មករា"},{"$i":"month-1-long","$v":"កុម្ភៈ"},{"$i":"month-2-long","$v":"មីនា"},{"$i":"month-3-long","$v":"មេសា"},{"$i":"month-4-long","$v":"ឧសភា"},{"$i":"month-5-long","$v":"មិថុនា"},{"$i":"month-6-long","$v":"កក្កដា"},{"$i":"month-7-long","$v":"សីហា"},{"$i":"month-8-long","$v":"កញ្ញា"},{"$i":"month-9-long","$v":"តុលា"},{"$i":"month-10-long","$v":"វិច្ឆិកា"},{"$i":"month-11-long","$v":"ធ្នូ"},{"$i":"month-0-genitive","$v":"មករា"},{"$i":"month-1-genitive","$v":"កុម្ភៈ"},{"$i":"month-2-genitive","$v":"មីនា"},{"$i":"month-3-genitive","$v":"មេសា"},{"$i":"month-4-genitive","$v":"ឧសភា"},{"$i":"month-5-genitive","$v":"មិថុនា"},{"$i":"month-6-genitive","$v":"កក្កដា"},{"$i":"month-7-genitive","$v":"សីហា"},{"$i":"month-8-genitive","$v":"កញ្ញា"},{"$i":"month-9-genitive","$v":"តុលា"},{"$i":"month-10-genitive","$v":"វិច្ឆិកា"},{"$i":"month-11-genitive","$v":"ធ្នូ"},{"$i":"month-0-short","$v":"មករា"},{"$i":"month-1-short","$v":"កុម្ភៈ"},{"$i":"month-2-short","$v":"មីនា"},{"$i":"month-3-short","$v":"មេសា"},{"$i":"month-4-short","$v":"ឧសភា"},{"$i":"month-5-short","$v":"មិថុនា"},{"$i":"month-6-short","$v":"កក្កដា"},{"$i":"month-7-short","$v":"សីហា"},{"$i":"month-8-short","$v":"កញ្ញា"},{"$i":"month-9-short","$v":"តុលា"},{"$i":"month-10-short","$v":"វិច្ឆិកា"},{"$i":"month-11-short","$v":"ធ្នូ"},{"$i":"minutes-ago-long","$v":{"zero":"អម្បាញ់មិញនេះ","one":"មួយ​នាទី​មុន","two":[{"t":"idOrVar","v":"value"}," នាទី​មុន"],"few":[{"t":"idOrVar","v":"value"}," នាទី​មុន"],"many":[{"t":"idOrVar","v":"value"}," នាទី​មុន"],"other":[{"t":"idOrVar","v":"value"}," នាទី​មុន"]},"$x":[{"t":"idOrVar","v":"plural"},"value"]},{"$i":"hours-ago-long","$v":{"zero":"អម្បាញ់មិញនេះ","one":"មួយ​ម៉ោង​មុន","two":[{"t":"idOrVar","v":"value"}," ម៉ោង​មុន"],"few":[{"t":"idOrVar","v":"value"}," ម៉ោង​មុន"],"many":[{"t":"idOrVar","v":"value"}," ម៉ោង​មុន"],"other":[{"t":"idOrVar","v":"value"}," ម៉ោង​មុន"]},"$x":[{"t":"idOrVar","v":"plural"},"value"]},{"$i":"days-ago-long","$v":{"zero":"ថ្ងៃ​នេះ","one":"ម្សិលមិញ","two":[{"t":"idOrVar","v":"value"}," ថ្ងៃ​មុន"],"few":[{"t":"idOrVar","v":"value"}," ថ្ងៃ​មុន"],"many":[{"t":"idOrVar","v":"value"}," ថ្ងៃ​មុន"],"other":[{"t":"idOrVar","v":"value"}," ថ្ងៃ​មុន"]},"$x":[{"t":"idOrVar","v":"plural"},"value"]},{"$i":"weeks-ago-long","$v":{"zero":"សប្ដាហ៍​នេះ","one":"សប្ដាហ៍​មុន","two":[{"t":"idOrVar","v":"value"}," សប្ដាហ៍​មុន"],"few":[{"t":"idOrVar","v":"value"}," សប្ដាហ៍​មុន"],"many":[{"t":"idOrVar","v":"value"}," សប្ដាហ៍​មុន"],"other":[{"t":"idOrVar","v":"value"}," សប្ដាហ៍​មុន"]},"$x":[{"t":"idOrVar","v":"plural"},"value"]},{"$i":"months-ago-long","$v":{"zero":"ខែ​នេះ","one":"ខែ​មុន","two":[{"t":"idOrVar","v":"value"}," ខែ​មុន"],"few":[{"t":"idOrVar","v":"value"}," ខែ​មុន"],"many":[{"t":"idOrVar","v":"value"}," ខែ​មុន"],"other":[{"t":"idOrVar","v":"value"}," ខែ​មុន"]},"$x":[{"t":"idOrVar","v":"plural"},"value"]},{"$i":"years-ago-long","$v":{"zero":"ឆ្នាំនេះ","one":"ឆ្នាំ​មុន","two":[{"t":"idOrVar","v":"value"}," ឆ្នាំ​មុន"],"few":[{"t":"idOrVar","v":"value"}," ឆ្នាំ​មុន"],"many":[{"t":"idOrVar","v":"value"}," ឆ្នាំ​មុន"],"other":[{"t":"idOrVar","v":"value"}," ឆ្នាំ​មុន"]},"$x":[{"t":"idOrVar","v":"plural"},"value"]},{"$i":"minutes-until-long","$v":{"zero":"ឥឡូវ","one":"ក្នុង​ពេល​មួយ​នាទី","two":["ក្នុង​ពេល ",{"t":"idOrVar","v":"value"}," នាទី"],"few":["ក្នុង​ពេល ",{"t":"idOrVar","v":"value"}," នាទី"],"many":["ក្នុង​ពេល​ ",{"t":"idOrVar","v":"value"}," នាទី​"],"other":["ក្នុង​ពេល ",{"t":"idOrVar","v":"value"}," នាទី"]},"$x":[{"t":"idOrVar","v":"plural"},"value"]},{"$i":"hours-until-long","$v":{"zero":"ឥឡូវ","one":"ក្នុង​រយៈពេល​១​ម៉ោង","two":["ក្នុង​ពេល​​ ",{"t":"idOrVar","v":"value"}," ម៉ោង"],"few":["ក្នុង​ពេល​​ ",{"t":"idOrVar","v":"value"}," ម៉ោង"],"many":["ក្នុង​ពេល​​ ",{"t":"idOrVar","v":"value"}," ម៉ោង"],"other":["ក្នុង​ពេល​​ ",{"t":"idOrVar","v":"value"}," ម៉ោង"]},"$x":[{"t":"idOrVar","v":"plural"},"value"]},{"$i":"days-until-long","$v":{"zero":"ថ្ងៃ​នេះ","one":"ថ្ងៃស្អែក","two":["ក្នុង​ពេល​​ ",{"t":"idOrVar","v":"value"}," ថ្ងៃ"],"few":["ក្នុង​ពេល​​ ",{"t":"idOrVar","v":"value"}," ថ្ងៃ"],"many":["ក្នុង​ពេល​​ ",{"t":"idOrVar","v":"value"}," ថ្ងៃ"],"other":["ក្នុង​ពេល​​ ",{"t":"idOrVar","v":"value"}," ថ្ងៃ"]},"$x":[{"t":"idOrVar","v":"plural"},"value"]},{"$i":"weeks-until-long","$v":{"zero":"សប្ដាហ៍​នេះ","one":"សប្ដាហ៍​ក្រោយ","two":["ក្នុង​ពេល ",{"t":"idOrVar","v":"value"}," សប្ដាហ៍"],"few":["ក្នុង​ពេល ",{"t":"idOrVar","v":"value"}," សប្ដាហ៍"],"many":["ក្នុង​ពេល ",{"t":"idOrVar","v":"value"}," សប្ដាហ៍"],"other":["ក្នុង​ពេល ",{"t":"idOrVar","v":"value"}," សប្ដាហ៍"]},"$x":[{"t":"idOrVar","v":"plural"},"value"]},{"$i":"months-until-long","$v":{"zero":"ខែ​នេះ","one":"ខែ​ក្រោយ","two":["ក្នុង​ពេល ",{"t":"idOrVar","v":"value"}," ខែ"],"few":["ក្នុង​ពេល ",{"t":"idOrVar","v":"value"}," ខែ"],"many":["ក្នុង​ពេល ",{"t":"idOrVar","v":"value"}," ខែ"],"other":["ក្នុង​ពេល ",{"t":"idOrVar","v":"value"}," ខែ"]},"$x":[{"t":"idOrVar","v":"plural"},"value"]},{"$i":"years-until-long","$v":{"zero":"ឆ្នាំនេះ","one":"ឆ្នាំ​ក្រោយ","two":["ក្នុង​ពេល ",{"t":"idOrVar","v":"value"}," ឆ្នាំ"],"few":["ក្នុង​ពេល ",{"t":"idOrVar","v":"value"}," ឆ្នាំ"],"many":["ក្នុង​ពេល ",{"t":"idOrVar","v":"value"}," ឆ្នាំ"],"other":["ក្នុង​ពេល ",{"t":"idOrVar","v":"value"}," ឆ្នាំ"]},"$x":[{"t":"idOrVar","v":"plural"},"value"]},{"$i":"minutes-ago-short","$v":{"zero":"អម្បាញ់មិញនេះ","other":[{"t":"idOrVar","v":"value"},"នាទី​មុន"]},"$x":[{"t":"idOrVar","v":"plural"},"value"]},{"$i":"hours-ago-short","$v":{"zero":"អម្បាញ់មិញនេះ","other":[{"t":"idOrVar","v":"value"},"ម៉ោង​មុន"]},"$x":[{"t":"idOrVar","v":"plural"},"value"]},{"$i":"days-ago-short","$v":{"zero":"ថ្ងៃ​នេះ","other":[{"t":"idOrVar","v":"value"},"ថ្ងៃ​មុន"]},"$x":[{"t":"idOrVar","v":"plural"},"value"]},{"$i":"minutes-until-short","$v":{"zero":"ឥឡូវ","other":["ក្នុង​ពេល ",{"t":"idOrVar","v":"value"},"នាទី"]},"$x":[{"t":"idOrVar","v":"plural"},"value"]},{"$i":"hours-until-short","$v":{"zero":"ឥឡូវ","other":["ក្នុង​ពេល ",{"t":"idOrVar","v":"value"},"ម៉ោង"]},"$x":[{"t":"idOrVar","v":"plural"},"value"]},{"$i":"days-until-short","$v":{"zero":"ថ្ងៃ​នេះ","other":["ក្នុង​ពេល ",{"t":"idOrVar","v":"value"},"ថ្ងៃ"]},"$x":[{"t":"idOrVar","v":"plural"},"value"]},{"$i":"incorrectDate","$v":"(កាលបរិច្ឆេទ​មិន​ត្រឹមត្រូវ)"},{"$i":"dateTimeFormat_%c","$v":"%a %b %e %Y %I:%M:%S %p"},{"$i":"dateTimeFormat_%x","$v":"%m/%d/%Y"},{"$i":"dateTimeFormat_%X","$v":"%I:%M:%S %p"},{"$i":"shortTimeFormat","$v":"%I:%M %p"},{"$i":"shortTimeFormat12","$v":"%I:%M %p"},{"$i":"shortTimeFormat24","$v":"%H:%M"},{"$i":"shortDateTimeFormat","$v":"%x %I:%M %p"},{"$i":"weekStartsOnMonday","$v":"0"},{"$i":"firstDayOfTheWeek","$v":"0"},{"$i":"time_am","$v":"ព្រឹក"},{"$i":"time_pm","$v":"PM"}]