[{"$i":"reset","$v":"재설정"},{"$i":"start","$v":"시작"},{"$i":"stop","$v":"중지"},{"$i":"cancel","$v":"취소"},{"$i":"hour","$v":"시간"},{"$i":"hours","$v":"시간"},{"$i":"minute","$v":"분"},{"$i":"minutes","$v":"분"},{"$i":"alarm","$v":"알람"},{"$i":"timer","$v":"타이머"},{"$i":"stopwatch","$v":"스톱워치"},{"$i":"alarmName","placeholder":"알람 이름"},{"$i":"newAlarm","$v":"새 알람"},{"$i":"editAlarm","$v":"알람 편집"},{"$i":"pause","$v":"멈춤"},{"$i":"resume","$v":"계속"},{"$i":"lap","$v":"기록"},{"$i":"lap-number","$v":[{"t":"idOrVar","v":"n"},"바퀴"]},{"$i":"delete","$v":"삭제"},{"$i":"time","$v":"시간"},{"$i":"snooze-label","$v":"대기"},{"$i":"snooze-button","$v":"대기"},{"$i":"repeat","$v":"반복"},{"$i":"vibrate","$v":"진동"},{"$i":"close","$v":"닫기"},{"$i":"save","$v":"저장"},{"$i":"done","$v":"완료"},{"$i":"closeButton","ariaLabel":"닫기"},{"$i":"newAlarmButton","ariaLabel":"새 알람"},{"$i":"alarm-volume-label","$v":"시스템 알람 볼륨"},{"$i":"sound","$v":"소리"},{"$i":"noSound","$v":"무음"},{"$i":"everyday","$v":"매일"},{"$i":"weekdays","$v":"주간"},{"$i":"weekends","$v":"주말"},{"$i":"never","$v":"안함"},{"$i":"vibrateOn","$v":"켜기"},{"$i":"vibrateOff","$v":"끄기"},{"$i":"plusMinute","$v":"1분 추가"},{"$i":"dateFormat","$v":"%B %e일 %A"},{"$i":"countdown-lessThanAnHour","$v":["지금부터 <strong>",{"t":"idOrVar","v":"minutes"},"</strong>뒤로 알람이 맞춰졌습니다."]},{"$i":"countdown-moreThanAnHour","$v":["지금부터 ",{"t":"idOrVar","v":"hours"}," ",{"t":"idOrVar","v":"minutes"},"뒤로 알람이 맞춰졌습니다."]},{"$i":"countdown-moreThanADay","$v":["지금부터 ",{"t":"idOrVar","v":"days"}," ",{"t":"idOrVar","v":"hours"},"뒤로 알람이 맞춰졌습니다."]},{"$i":"nMinutes","$v":{"zero":"1분도 남지 않음","one":"1분","two":[{"t":"idOrVar","v":"n"},"분"],"few":[{"t":"idOrVar","v":"n"},"분"],"many":[{"t":"idOrVar","v":"n"},"분"],"other":[{"t":"idOrVar","v":"n"},"분"]},"$x":[{"t":"idOrVar","v":"plural"},"n"]},{"$i":"nHours","$v":{"zero":"","one":["<strong>",{"t":"idOrVar","v":"n"}," 시간</strong>"],"two":["<strong>",{"t":"idOrVar","v":"n"}," 시간</strong>"],"few":["<strong>",{"t":"idOrVar","v":"n"}," 시간</strong>"],"many":["<strong>",{"t":"idOrVar","v":"n"}," 시간</strong>"],"other":["<strong>",{"t":"idOrVar","v":"n"}," 시간</strong>"]},"$x":[{"t":"idOrVar","v":"plural"},"n"]},{"$i":"nAndRemainHours","$v":{"zero":"","one":["과 <strong>",{"t":"idOrVar","v":"n"}," 시간</strong>"],"two":["과 <strong>",{"t":"idOrVar","v":"n"}," 시간</strong>"],"few":["과 <strong>",{"t":"idOrVar","v":"n"}," 시간</strong>"],"many":["과 <strong>",{"t":"idOrVar","v":"n"}," 시간</strong>"],"other":["과 <strong>",{"t":"idOrVar","v":"n"}," 시간</strong>"]},"$x":[{"t":"idOrVar","v":"plural"},"n"]},{"$i":"nRemainDays","$v":{"zero":"","one":["<strong>",{"t":"idOrVar","v":"n"}," 일</strong>"],"two":["<strong>",{"t":"idOrVar","v":"n"}," 일</strong>"],"few":["<strong>",{"t":"idOrVar","v":"n"}," 일</strong>"],"many":["<strong>",{"t":"idOrVar","v":"n"}," 일</strong>"],"other":["<strong>",{"t":"idOrVar","v":"n"}," 일</strong>"]},"$x":[{"t":"idOrVar","v":"plural"},"n"]},{"$i":"nRemainMinutes","$v":{"zero":"","one":["<strong> ",{"t":"idOrVar","v":"n"},"분</strong>"],"two":["<strong>",{"t":"idOrVar","v":"n"},"분</strong>"],"few":["<strong>",{"t":"idOrVar","v":"n"},"분</strong>"],"many":["<strong>",{"t":"idOrVar","v":"n"},"분</strong>"],"other":["<strong> ",{"t":"idOrVar","v":"n"},"분</strong>"]},"$x":[{"t":"idOrVar","v":"plural"},"n"]},{"$i":"nSpinnerSeconds","$v":{"zero":"0초","one":"1초","two":[{"t":"idOrVar","v":"n"},"초"],"few":[{"t":"idOrVar","v":"n"},"초"],"many":[{"t":"idOrVar","v":"n"},"초"],"other":[{"t":"idOrVar","v":"n"},"초"]},"$x":[{"t":"idOrVar","v":"plural"},"n"]},{"$i":"nSpinnerMinutes","$v":{"zero":"0분","one":"1분","two":[{"t":"idOrVar","v":"n"},"분"],"few":[{"t":"idOrVar","v":"n"},"분"],"many":[{"t":"idOrVar","v":"n"},"분"],"other":[{"t":"idOrVar","v":"n"},"분"]},"$x":[{"t":"idOrVar","v":"plural"},"n"]},{"$i":"nSpinnerHours","$v":{"zero":"0시간","one":[{"t":"idOrVar","v":"n"},"시간"],"two":[{"t":"idOrVar","v":"n"},"시간"],"few":[{"t":"idOrVar","v":"n"},"시간"],"many":[{"t":"idOrVar","v":"n"},"시간"],"other":[{"t":"idOrVar","v":"n"},"시간"]},"$x":[{"t":"idOrVar","v":"plural"},"n"]},{"$i":"ac_awake_opus","$v":"Awake"},{"$i":"ac_crystalize_opus","$v":"Crystalize"},{"$i":"ac_cycle_opus","$v":"Cycle"},{"$i":"ac_digicloud_opus","$v":"Digicloud"},{"$i":"ac_humming_waves_opus","$v":"Humming Waves"},{"$i":"ac_into_the_void_opus","$v":"Into the Void"},{"$i":"ac_lightly_opus","$v":"Lightly"},{"$i":"ac_mobile_opus","$v":"Mobile"},{"$i":"ac_pinger_opus","$v":"Pinger"},{"$i":"ac_skip_opus","$v":"Skip"},{"$i":"ac_tri_opus","$v":"Tri"},{"$i":"ac_universal_opus","$v":"Universal"},{"$i":"weekday-0-long","$v":"일요일"},{"$i":"weekday-1-long","$v":"월요일"},{"$i":"weekday-2-long","$v":"화요일"},{"$i":"weekday-3-long","$v":"수요일"},{"$i":"weekday-4-long","$v":"목요일"},{"$i":"weekday-5-long","$v":"금요일"},{"$i":"weekday-6-long","$v":"토요일"},{"$i":"weekday-0-short","$v":"일"},{"$i":"weekday-1-short","$v":"월"},{"$i":"weekday-2-short","$v":"화"},{"$i":"weekday-3-short","$v":"수"},{"$i":"weekday-4-short","$v":"목"},{"$i":"weekday-5-short","$v":"금"},{"$i":"weekday-6-short","$v":"토"},{"$i":"month-0-long","$v":"1월"},{"$i":"month-1-long","$v":"2월"},{"$i":"month-2-long","$v":"3월"},{"$i":"month-3-long","$v":"4월"},{"$i":"month-4-long","$v":"5월"},{"$i":"month-5-long","$v":"6월"},{"$i":"month-6-long","$v":"7월"},{"$i":"month-7-long","$v":"8월"},{"$i":"month-8-long","$v":"9월"},{"$i":"month-9-long","$v":"10월"},{"$i":"month-10-long","$v":"11월"},{"$i":"month-11-long","$v":"12월"},{"$i":"month-0-genitive","$v":"1월"},{"$i":"month-1-genitive","$v":"2월"},{"$i":"month-2-genitive","$v":"3월"},{"$i":"month-3-genitive","$v":"4월"},{"$i":"month-4-genitive","$v":"5월"},{"$i":"month-5-genitive","$v":"6월"},{"$i":"month-6-genitive","$v":"7월"},{"$i":"month-7-genitive","$v":"8월"},{"$i":"month-8-genitive","$v":"9월"},{"$i":"month-9-genitive","$v":"10월"},{"$i":"month-10-genitive","$v":"11월"},{"$i":"month-11-genitive","$v":"12월"},{"$i":"month-0-short","$v":"1월"},{"$i":"month-1-short","$v":"2월"},{"$i":"month-2-short","$v":"3월"},{"$i":"month-3-short","$v":"4월"},{"$i":"month-4-short","$v":"5월"},{"$i":"month-5-short","$v":"6월"},{"$i":"month-6-short","$v":"7월"},{"$i":"month-7-short","$v":"8월"},{"$i":"month-8-short","$v":"9월"},{"$i":"month-9-short","$v":"10월"},{"$i":"month-10-short","$v":"11월"},{"$i":"month-11-short","$v":"12월"},{"$i":"minutes-ago-long","$v":{"zero":"지금","one":"1분 전","two":[{"t":"idOrVar","v":"value"},"분 전"],"few":[{"t":"idOrVar","v":"value"},"분 전"],"many":[{"t":"idOrVar","v":"value"},"분 전"],"other":[{"t":"idOrVar","v":"value"},"분 전"]},"$x":[{"t":"idOrVar","v":"plural"},"value"]},{"$i":"hours-ago-long","$v":{"zero":"지금","one":"1시간 전","two":[{"t":"idOrVar","v":"value"},"시간 전"],"few":[{"t":"idOrVar","v":"value"},"시간 전"],"many":[{"t":"idOrVar","v":"value"},"시간 전"],"other":[{"t":"idOrVar","v":"value"},"시간 전"]},"$x":[{"t":"idOrVar","v":"plural"},"value"]},{"$i":"days-ago-long","$v":{"zero":"오늘","one":"어제","two":[{"t":"idOrVar","v":"value"},"일 전"],"few":[{"t":"idOrVar","v":"value"},"일 전"],"many":[{"t":"idOrVar","v":"value"},"일 전"],"other":[{"t":"idOrVar","v":"value"},"일 전"]},"$x":[{"t":"idOrVar","v":"plural"},"value"]},{"$i":"weeks-ago-long","$v":{"zero":"이번 주","one":"지난 주","two":[{"t":"idOrVar","v":"value"},"주 전"],"few":[{"t":"idOrVar","v":"value"},"주 전"],"many":[{"t":"idOrVar","v":"value"},"주 전"],"other":[{"t":"idOrVar","v":"value"},"주 전"]},"$x":[{"t":"idOrVar","v":"plural"},"value"]},{"$i":"months-ago-long","$v":{"zero":"이번 달","one":"지난 달","two":[{"t":"idOrVar","v":"value"},"개월 전"],"few":[{"t":"idOrVar","v":"value"},"개월 전"],"many":[{"t":"idOrVar","v":"value"},"개월 전"],"other":[{"t":"idOrVar","v":"value"},"개월 전"]},"$x":[{"t":"idOrVar","v":"plural"},"value"]},{"$i":"years-ago-long","$v":{"zero":"올해","one":"작년","two":[{"t":"idOrVar","v":"value"},"년 전"],"few":[{"t":"idOrVar","v":"value"},"년 전"],"many":[{"t":"idOrVar","v":"value"},"년 전"],"other":[{"t":"idOrVar","v":"value"},"년 전"]},"$x":[{"t":"idOrVar","v":"plural"},"value"]},{"$i":"minutes-until-long","$v":{"zero":"지금","one":"1분 후","two":[{"t":"idOrVar","v":"value"},"분 후"],"few":[{"t":"idOrVar","v":"value"},"분 후"],"many":[{"t":"idOrVar","v":"value"},"분 후"],"other":[{"t":"idOrVar","v":"value"},"분 후"]},"$x":[{"t":"idOrVar","v":"plural"},"value"]},{"$i":"hours-until-long","$v":{"zero":"지금","one":"한 시간 후","two":[{"t":"idOrVar","v":"value"},"시간 후"],"few":[{"t":"idOrVar","v":"value"},"시간 후"],"many":[{"t":"idOrVar","v":"value"},"시간 후"],"other":[{"t":"idOrVar","v":"value"},"시간 후"]},"$x":[{"t":"idOrVar","v":"plural"},"value"]},{"$i":"days-until-long","$v":{"zero":"오늘","one":"내일","two":[{"t":"idOrVar","v":"value"},"일 후"],"few":[{"t":"idOrVar","v":"value"},"일 후"],"many":[{"t":"idOrVar","v":"value"},"일 후"],"other":[{"t":"idOrVar","v":"value"},"일 후"]},"$x":[{"t":"idOrVar","v":"plural"},"value"]},{"$i":"weeks-until-long","$v":{"zero":"이번 주","one":"다음 주","two":[{"t":"idOrVar","v":"value"},"주 후"],"few":[{"t":"idOrVar","v":"value"},"주 후"],"many":[{"t":"idOrVar","v":"value"},"주 후"],"other":[{"t":"idOrVar","v":"value"},"주 후"]},"$x":[{"t":"idOrVar","v":"plural"},"value"]},{"$i":"months-until-long","$v":{"zero":"이번 달","one":"다음 달","two":[{"t":"idOrVar","v":"value"},"개월 후"],"few":[{"t":"idOrVar","v":"value"},"개월 후"],"many":[{"t":"idOrVar","v":"value"},"개월 후"],"other":[{"t":"idOrVar","v":"value"},"개월 후"]},"$x":[{"t":"idOrVar","v":"plural"},"value"]},{"$i":"years-until-long","$v":{"zero":"올해","one":"내년","two":[{"t":"idOrVar","v":"value"},"년 후"],"few":[{"t":"idOrVar","v":"value"},"년 후"],"many":[{"t":"idOrVar","v":"value"},"년 후"],"other":[{"t":"idOrVar","v":"value"},"년 후"]},"$x":[{"t":"idOrVar","v":"plural"},"value"]},{"$i":"minutes-ago-short","$v":{"zero":"지금","other":[{"t":"idOrVar","v":"value"},"분 전"]},"$x":[{"t":"idOrVar","v":"plural"},"value"]},{"$i":"hours-ago-short","$v":{"zero":"지금","other":[{"t":"idOrVar","v":"value"},"시간 전"]},"$x":[{"t":"idOrVar","v":"plural"},"value"]},{"$i":"days-ago-short","$v":{"zero":"오늘","other":[{"t":"idOrVar","v":"value"},"일 전"]},"$x":[{"t":"idOrVar","v":"plural"},"value"]},{"$i":"minutes-until-short","$v":{"zero":"지금","other":[{"t":"idOrVar","v":"value"},"분 후"]},"$x":[{"t":"idOrVar","v":"plural"},"value"]},{"$i":"hours-until-short","$v":{"zero":"지금","other":[{"t":"idOrVar","v":"value"},"시간 후"]},"$x":[{"t":"idOrVar","v":"plural"},"value"]},{"$i":"days-until-short","$v":{"zero":"오늘","other":[{"t":"idOrVar","v":"value"},"일 후"]},"$x":[{"t":"idOrVar","v":"plural"},"value"]},{"$i":"incorrectDate","$v":"(잘못된 날짜)"},{"$i":"dateTimeFormat_%c","$v":"%Y년 %B %e일 %a %I:%M:%S %p"},{"$i":"dateTimeFormat_%x","$v":"%Y/%m/%d"},{"$i":"dateTimeFormat_%X","$v":"%I:%M:%S %p"},{"$i":"shortTimeFormat","$v":"%I:%M %p"},{"$i":"shortTimeFormat12","$v":"%I:%M %p"},{"$i":"shortTimeFormat24","$v":"%H:%M"},{"$i":"shortDateTimeFormat","$v":"%x %I:%M %p"},{"$i":"weekStartsOnMonday","$v":"0"},{"$i":"firstDayOfTheWeek","$v":"0"},{"$i":"time_am","$v":"오전"},{"$i":"time_pm","$v":"오후"}]