[{"$i":"reset","$v":"Atstatyti"},{"$i":"start","$v":"Pradėti"},{"$i":"stop","$v":"Stabdyti"},{"$i":"cancel","$v":"Atsisakyti"},{"$i":"hour","$v":"Valanda"},{"$i":"hours","$v":"Valandos"},{"$i":"minute","$v":"Minutė"},{"$i":"minutes","$v":"Minutės"},{"$i":"alarm","$v":"Signalai"},{"$i":"timer","$v":"Laikmatis"},{"$i":"stopwatch","$v":"Chronometras"},{"$i":"alarmName","placeholder":"Signalo pavadinimas"},{"$i":"newAlarm","$v":"Naujas signalas"},{"$i":"editAlarm","$v":"Taisyti signalą"},{"$i":"pause","$v":"Pristabdyti"},{"$i":"resume","$v":"Tęsti"},{"$i":"lap","$v":"Naujas etapas"},{"$i":"lap-number","$v":[{"t":"idOrVar","v":"n"},"-asis etapas"]},{"$i":"delete","$v":"Šalinti"},{"$i":"time","$v":"Laikas"},{"$i":"snooze-label","$v":"Atidėjimas"},{"$i":"snooze-button","$v":"Atidėti"},{"$i":"repeat","$v":"Kartojimas"},{"$i":"vibrate","$v":"Vibravimas"},{"$i":"close","$v":"Užverti"},{"$i":"save","$v":"Įrašyti"},{"$i":"done","$v":"Baigta"},{"$i":"closeButton","ariaLabel":"Užverti"},{"$i":"newAlarmButton","ariaLabel":"Naujas signalas"},{"$i":"alarm-volume-label","$v":"Sistemos signalų garsis"},{"$i":"sound","$v":"Garsas"},{"$i":"noSound","$v":"Be garso"},{"$i":"everyday","$v":"Kasdien"},{"$i":"weekdays","$v":"Darbo dienomis"},{"$i":"weekends","$v":"Savaitgaliais"},{"$i":"never","$v":"Niekada"},{"$i":"vibrateOn","$v":"Įjungtas"},{"$i":"vibrateOff","$v":"Išjungtas"},{"$i":"plusMinute","$v":"+1 min"},{"$i":"dateFormat","$v":"%A, %Eb %e d."},{"$i":"countdown-lessThanAnHour","$v":["Signalas suveiks už <strong>",{"t":"idOrVar","v":"minutes"},"</strong>."]},{"$i":"countdown-moreThanAnHour","$v":["Signalas suveiks už ",{"t":"idOrVar","v":"hours"}," ",{"t":"idOrVar","v":"minutes"},"."]},{"$i":"countdown-moreThanADay","$v":["Signalas suveiks už ",{"t":"idOrVar","v":"days"}," ",{"t":"idOrVar","v":"hours"},"."]},{"$i":"nMinutes","$v":{"zero":"mažiau kaip minutės","one":[{"t":"idOrVar","v":"n"}," minutės"],"two":[{"t":"idOrVar","v":"n"}," minučių"],"few":[{"t":"idOrVar","v":"n"}," minučių"],"many":[{"t":"idOrVar","v":"n"}," minučių"],"other":[{"t":"idOrVar","v":"n"}," minučių"]},"$x":[{"t":"idOrVar","v":"plural"},"n"]},{"$i":"nHours","$v":{"zero":"","one":["<strong>",{"t":"idOrVar","v":"n"}," valandos</strong>"],"two":["<strong>",{"t":"idOrVar","v":"n"}," valandų</strong>"],"few":["<strong>",{"t":"idOrVar","v":"n"}," valandų</strong>"],"many":["<strong>",{"t":"idOrVar","v":"n"}," valandų</strong>"],"other":["<strong>",{"t":"idOrVar","v":"n"}," valandų</strong>"]},"$x":[{"t":"idOrVar","v":"plural"},"n"]},{"$i":"nAndRemainHours","$v":{"zero":"","one":["ir <strong>",{"t":"idOrVar","v":"n"}," valandos</strong>"],"two":["ir <strong>",{"t":"idOrVar","v":"n"}," valandų</strong>"],"few":["ir <strong>",{"t":"idOrVar","v":"n"}," valandų</strong>"],"many":["ir <strong>",{"t":"idOrVar","v":"n"}," valandų</strong>"],"other":["ir <strong>",{"t":"idOrVar","v":"n"}," valandų</strong>"]},"$x":[{"t":"idOrVar","v":"plural"},"n"]},{"$i":"nRemainDays","$v":{"zero":"","one":["<strong>",{"t":"idOrVar","v":"n"}," dienos</strong>"],"two":["<strong>",{"t":"idOrVar","v":"n"}," dienų</strong>"],"few":["<strong>",{"t":"idOrVar","v":"n"}," dienų</strong>"],"many":["<strong>",{"t":"idOrVar","v":"n"}," dienų</strong>"],"other":["<strong>",{"t":"idOrVar","v":"n"}," dienų</strong>"]},"$x":[{"t":"idOrVar","v":"plural"},"n"]},{"$i":"nRemainMinutes","$v":{"zero":"","one":["ir <strong>",{"t":"idOrVar","v":"n"}," minutės</strong>"],"two":["ir <strong>",{"t":"idOrVar","v":"n"}," minučių</strong>"],"few":["ir <strong>",{"t":"idOrVar","v":"n"}," minučių</strong>"],"many":["ir <strong>",{"t":"idOrVar","v":"n"}," minučių</strong>"],"other":["ir <strong>",{"t":"idOrVar","v":"n"}," minučių</strong>"]},"$x":[{"t":"idOrVar","v":"plural"},"n"]},{"$i":"nSpinnerSeconds","$v":{"zero":"nulis sekundžių","one":[{"t":"idOrVar","v":"n"}," sekundė"],"two":[{"t":"idOrVar","v":"n"}," sekundės"],"few":[{"t":"idOrVar","v":"n"}," sekundės"],"many":[{"t":"idOrVar","v":"n"}," sekundžių"],"other":[{"t":"idOrVar","v":"n"}," sekundžių"]},"$x":[{"t":"idOrVar","v":"plural"},"n"]},{"$i":"nSpinnerMinutes","$v":{"zero":"nulis minučių","one":[{"t":"idOrVar","v":"n"}," minutė"],"two":[{"t":"idOrVar","v":"n"}," minutės"],"few":[{"t":"idOrVar","v":"n"}," minutės"],"many":[{"t":"idOrVar","v":"n"}," minučių"],"other":[{"t":"idOrVar","v":"n"}," minučių"]},"$x":[{"t":"idOrVar","v":"plural"},"n"]},{"$i":"nSpinnerHours","$v":{"zero":"nulis valandų","one":[{"t":"idOrVar","v":"n"}," valanda"],"two":[{"t":"idOrVar","v":"n"}," valandos"],"few":[{"t":"idOrVar","v":"n"}," valandos"],"many":[{"t":"idOrVar","v":"n"}," valandų"],"other":[{"t":"idOrVar","v":"n"}," valandų"]},"$x":[{"t":"idOrVar","v":"plural"},"n"]},{"$i":"ac_awake_opus","$v":"Pypsiukas"},{"$i":"ac_crystalize_opus","$v":"Kristalai"},{"$i":"ac_cycle_opus","$v":"Ciklas"},{"$i":"ac_digicloud_opus","$v":"Saulės zuikučiai"},{"$i":"ac_humming_waves_opus","$v":"Raibuliuojančios bangos"},{"$i":"ac_into_the_void_opus","$v":"Tuštuma"},{"$i":"ac_lightly_opus","$v":"Ramybė"},{"$i":"ac_mobile_opus","$v":"Mobilusis"},{"$i":"ac_pinger_opus","$v":"Lietaus lašai"},{"$i":"ac_skip_opus","$v":"Lengvu žingsniu"},{"$i":"ac_tri_opus","$v":"Trys"},{"$i":"ac_universal_opus","$v":"Visatos gelmė"},{"$i":"weekday-0-long","$v":"Sekmadienis"},{"$i":"weekday-1-long","$v":"Pirmadienis"},{"$i":"weekday-2-long","$v":"Antradienis"},{"$i":"weekday-3-long","$v":"Trečiadienis"},{"$i":"weekday-4-long","$v":"Ketvirtadienis"},{"$i":"weekday-5-long","$v":"Penktadienis"},{"$i":"weekday-6-long","$v":"Šeštadienis"},{"$i":"weekday-0-short","$v":"Sk"},{"$i":"weekday-1-short","$v":"Pr"},{"$i":"weekday-2-short","$v":"An"},{"$i":"weekday-3-short","$v":"Tr"},{"$i":"weekday-4-short","$v":"Kt"},{"$i":"weekday-5-short","$v":"Pn"},{"$i":"weekday-6-short","$v":"Št"},{"$i":"month-0-long","$v":"sausis"},{"$i":"month-1-long","$v":"vasaris"},{"$i":"month-2-long","$v":"kovas"},{"$i":"month-3-long","$v":"balandis"},{"$i":"month-4-long","$v":"gegužė"},{"$i":"month-5-long","$v":"birželis"},{"$i":"month-6-long","$v":"liepa"},{"$i":"month-7-long","$v":"rugpjūtis"},{"$i":"month-8-long","$v":"rugsėjis"},{"$i":"month-9-long","$v":"spalis"},{"$i":"month-10-long","$v":"lapkritis"},{"$i":"month-11-long","$v":"gruodis"},{"$i":"month-0-genitive","$v":"sausio"},{"$i":"month-1-genitive","$v":"vasario"},{"$i":"month-2-genitive","$v":"kovo"},{"$i":"month-3-genitive","$v":"balandžio"},{"$i":"month-4-genitive","$v":"gegužės"},{"$i":"month-5-genitive","$v":"birželio"},{"$i":"month-6-genitive","$v":"liepos"},{"$i":"month-7-genitive","$v":"rugpjūčio"},{"$i":"month-8-genitive","$v":"rugsėjo"},{"$i":"month-9-genitive","$v":"spalio"},{"$i":"month-10-genitive","$v":"lapkričio"},{"$i":"month-11-genitive","$v":"gruodžio"},{"$i":"month-0-short","$v":"Sau"},{"$i":"month-1-short","$v":"Vas"},{"$i":"month-2-short","$v":"Kov"},{"$i":"month-3-short","$v":"Bal"},{"$i":"month-4-short","$v":"Geg"},{"$i":"month-5-short","$v":"Bir"},{"$i":"month-6-short","$v":"Lie"},{"$i":"month-7-short","$v":"Rgp"},{"$i":"month-8-short","$v":"Rgs"},{"$i":"month-9-short","$v":"Spa"},{"$i":"month-10-short","$v":"Lap"},{"$i":"month-11-short","$v":"Grd"},{"$i":"minutes-ago-long","$v":{"zero":"ką tik","one":["prieš ",{"t":"idOrVar","v":"value"}," minutę"],"two":["prieš ",{"t":"idOrVar","v":"value"}," minutes"],"few":["prieš ",{"t":"idOrVar","v":"value"}," minutes"],"many":["prieš ",{"t":"idOrVar","v":"value"}," minučių"],"other":["prieš ",{"t":"idOrVar","v":"value"}," minučių"]},"$x":[{"t":"idOrVar","v":"plural"},"value"]},{"$i":"hours-ago-long","$v":{"zero":"ką tik","one":["prieš ",{"t":"idOrVar","v":"value"}," valandą"],"two":["prieš ",{"t":"idOrVar","v":"value"}," valandas"],"few":["prieš ",{"t":"idOrVar","v":"value"}," valandas"],"many":["prieš ",{"t":"idOrVar","v":"value"}," valandų"],"other":["prieš ",{"t":"idOrVar","v":"value"}," valandų"]},"$x":[{"t":"idOrVar","v":"plural"},"value"]},{"$i":"days-ago-long","$v":{"zero":"šiandien","one":"vakar","two":["prieš ",{"t":"idOrVar","v":"value"}," dienas"],"few":["prieš ",{"t":"idOrVar","v":"value"}," dienas"],"many":["prieš ",{"t":"idOrVar","v":"value"}," dienų"],"other":["prieš ",{"t":"idOrVar","v":"value"}," dienų"]},"$x":[{"t":"idOrVar","v":"plural"},"value"]},{"$i":"weeks-ago-long","$v":{"zero":"šią savaitę","one":"praėjusią savaitę","two":["prieš ",{"t":"idOrVar","v":"value"}," savaites"],"few":["prieš ",{"t":"idOrVar","v":"value"}," savaites"],"many":["prieš ",{"t":"idOrVar","v":"value"}," savaičių"],"other":["prieš ",{"t":"idOrVar","v":"value"}," savaičių"]},"$x":[{"t":"idOrVar","v":"plural"},"value"]},{"$i":"months-ago-long","$v":{"zero":"šį mėnesį","one":"praėjusį mėnesį","two":["prieš ",{"t":"idOrVar","v":"value"}," mėnesius"],"few":["prieš ",{"t":"idOrVar","v":"value"}," mėnesius"],"many":["prieš ",{"t":"idOrVar","v":"value"}," mėnesių"],"other":["prieš ",{"t":"idOrVar","v":"value"}," mėnesių"]},"$x":[{"t":"idOrVar","v":"plural"},"value"]},{"$i":"years-ago-long","$v":{"zero":"šiemet","one":["prieš ",{"t":"idOrVar","v":"value"}," metus"],"two":["prieš ",{"t":"idOrVar","v":"value"}," metus"],"few":["prieš ",{"t":"idOrVar","v":"value"}," metus"],"many":["prieš ",{"t":"idOrVar","v":"value"}," metų"],"other":["prieš ",{"t":"idOrVar","v":"value"}," metų"]},"$x":[{"t":"idOrVar","v":"plural"},"value"]},{"$i":"minutes-until-long","$v":{"zero":"dabar","one":["už ",{"t":"idOrVar","v":"value"}," minutės"],"two":["už ",{"t":"idOrVar","v":"value"}," minučių"],"few":["už ",{"t":"idOrVar","v":"value"}," minučių"],"many":["už ",{"t":"idOrVar","v":"value"}," minučių"],"other":["už ",{"t":"idOrVar","v":"value"}," minučių"]},"$x":[{"t":"idOrVar","v":"plural"},"value"]},{"$i":"hours-until-long","$v":{"zero":"dabar","one":["už ",{"t":"idOrVar","v":"value"}," valandos"],"two":["už ",{"t":"idOrVar","v":"value"}," valandų"],"few":["už ",{"t":"idOrVar","v":"value"}," valandų"],"many":["už ",{"t":"idOrVar","v":"value"}," valandų"],"other":["už ",{"t":"idOrVar","v":"value"}," valandų"]},"$x":[{"t":"idOrVar","v":"plural"},"value"]},{"$i":"days-until-long","$v":{"zero":"šiandien","one":"rytoj","two":["už ",{"t":"idOrVar","v":"value"}," dienų"],"few":["už ",{"t":"idOrVar","v":"value"}," dienų"],"many":["už ",{"t":"idOrVar","v":"value"}," dienų"],"other":["už ",{"t":"idOrVar","v":"value"}," dienų"]},"$x":[{"t":"idOrVar","v":"plural"},"value"]},{"$i":"weeks-until-long","$v":{"zero":"šią savaitę","one":"kitą savaitę","two":["už ",{"t":"idOrVar","v":"value"}," savaičių"],"few":["už ",{"t":"idOrVar","v":"value"}," savaičių"],"many":["už ",{"t":"idOrVar","v":"value"}," savaičių"],"other":["už ",{"t":"idOrVar","v":"value"}," savaičių"]},"$x":[{"t":"idOrVar","v":"plural"},"value"]},{"$i":"months-until-long","$v":{"zero":"šį mėnesį","one":"kitą mėnesį","two":["už ",{"t":"idOrVar","v":"value"}," mėnesių"],"few":["už ",{"t":"idOrVar","v":"value"}," mėnesių"],"many":["už ",{"t":"idOrVar","v":"value"}," mėnesių"],"other":["už ",{"t":"idOrVar","v":"value"}," mėnesių"]},"$x":[{"t":"idOrVar","v":"plural"},"value"]},{"$i":"years-until-long","$v":{"zero":"šiemet","one":"kitais metais","two":["už ",{"t":"idOrVar","v":"value"}," metų"],"few":["už ",{"t":"idOrVar","v":"value"}," metų"],"many":["už ",{"t":"idOrVar","v":"value"}," metų"],"other":["už ",{"t":"idOrVar","v":"value"}," metų"]},"$x":[{"t":"idOrVar","v":"plural"},"value"]},{"$i":"minutes-ago-short","$v":{"zero":"ką tik","other":["prieš ",{"t":"idOrVar","v":"value"}," min."]},"$x":[{"t":"idOrVar","v":"plural"},"value"]},{"$i":"hours-ago-short","$v":{"zero":"ką tik","other":["prieš ",{"t":"idOrVar","v":"value"}," val."]},"$x":[{"t":"idOrVar","v":"plural"},"value"]},{"$i":"days-ago-short","$v":{"zero":"šiandien","other":["prieš ",{"t":"idOrVar","v":"value"}," d."]},"$x":[{"t":"idOrVar","v":"plural"},"value"]},{"$i":"minutes-until-short","$v":{"zero":"dabar","other":["už ",{"t":"idOrVar","v":"value"}," min."]},"$x":[{"t":"idOrVar","v":"plural"},"value"]},{"$i":"hours-until-short","$v":{"zero":"dabar","other":["už ",{"t":"idOrVar","v":"value"}," val."]},"$x":[{"t":"idOrVar","v":"plural"},"value"]},{"$i":"days-until-short","$v":{"zero":"šiandien","other":["už ",{"t":"idOrVar","v":"value"}," d."]},"$x":[{"t":"idOrVar","v":"plural"},"value"]},{"$i":"incorrectDate","$v":"(negalima data)"},{"$i":"dateTimeFormat_%c","$v":"%Y m. %Eb %e d. %H:%M:%S"},{"$i":"dateTimeFormat_%x","$v":"%Y-%m-%d"},{"$i":"dateTimeFormat_%X","$v":"%H:%M:%S"},{"$i":"shortTimeFormat","$v":"%H:%M"},{"$i":"shortTimeFormat12","$v":"%I:%M %p"},{"$i":"shortTimeFormat24","$v":"%H:%M"},{"$i":"shortDateTimeFormat","$v":"%x %H:%M"},{"$i":"weekStartsOnMonday","$v":"1"},{"$i":"firstDayOfTheWeek","$v":"0"},{"$i":"time_am","$v":"AM"},{"$i":"time_pm","$v":"PM"}]