[{"$i":"reset","$v":"Ресетирај"},{"$i":"start","$v":"Почни"},{"$i":"stop","$v":"Заврши"},{"$i":"cancel","$v":"Откажи"},{"$i":"hour","$v":"Час"},{"$i":"hours","$v":"часови"},{"$i":"minute","$v":"Минута"},{"$i":"minutes","$v":"Минути"},{"$i":"alarm","$v":"Аларм"},{"$i":"timer","$v":"Тајмер"},{"$i":"stopwatch","$v":"Стоперка"},{"$i":"alarmName","placeholder":"Име на алармот"},{"$i":"newAlarm","$v":"Нов аларм"},{"$i":"editAlarm","$v":"Уреди го алармот"},{"$i":"pause","$v":"Пауза"},{"$i":"resume","$v":"Продолжи"},{"$i":"lap","$v":"Круг"},{"$i":"lap-number","$v":["Круг бр. ",{"t":"idOrVar","v":"n"}]},{"$i":"delete","$v":"Избриши"},{"$i":"time","$v":"Време"},{"$i":"snooze-label","$v":"Спиј"},{"$i":"snooze-button","$v":"Спиј"},{"$i":"repeat","$v":"Повтори"},{"$i":"vibrate","$v":"Вибрирај"},{"$i":"close","$v":"Затвори"},{"$i":"save","$v":"Сними"},{"$i":"done","$v":"Заврши"},{"$i":"closeButton","ariaLabel":"Close"},{"$i":"newAlarmButton","ariaLabel":"New alarm"},{"$i":"alarm-volume-label","$v":"System Alarm Volume"},{"$i":"sound","$v":"Звук"},{"$i":"noSound","$v":"Без звук"},{"$i":"everyday","$v":"Секој ден"},{"$i":"weekdays","$v":"Работни денови"},{"$i":"weekends","$v":"Викенди"},{"$i":"never","$v":"Никогаш"},{"$i":"vibrateOn","$v":"Да"},{"$i":"vibrateOff","$v":"Не"},{"$i":"plusMinute","$v":"+1 мин"},{"$i":"dateFormat","$v":"%A, %e %B"},{"$i":"countdown-lessThanAnHour","$v":["Алармот е поставен за <strong>",{"t":"idOrVar","v":"minutes"},"</strong> од сега."]},{"$i":"countdown-moreThanAnHour","$v":["Алармот е поставен за ",{"t":"idOrVar","v":"hours"}," ",{"t":"idOrVar","v":"minutes"}," од сега."]},{"$i":"countdown-moreThanADay","$v":["Алармот е поставен за ",{"t":"idOrVar","v":"days"}," ",{"t":"idOrVar","v":"hours"}," од сега."]},{"$i":"nMinutes","$v":{"zero":"помалку од една минута","one":"една минута","two":[{"t":"idOrVar","v":"n"}," минути"],"few":[{"t":"idOrVar","v":"n"}," минути"],"many":[{"t":"idOrVar","v":"n"}," минути"],"other":[{"t":"idOrVar","v":"n"}," минути"]},"$x":[{"t":"idOrVar","v":"plural"},"n"]},{"$i":"nHours","$v":{"few":["<strong>",{"t":"idOrVar","v":"n"}," часови</strong>"],"many":["<strong>",{"t":"idOrVar","v":"n"}," часови</strong>"],"one":["<strong>",{"t":"idOrVar","v":"n"}," час</strong>"],"other":["<strong>",{"t":"idOrVar","v":"n"}," часови</strong>"],"two":["<strong>",{"t":"idOrVar","v":"n"}," часа</strong>"],"zero":["<strong>",{"t":"idOrVar","v":"n"}," часови</strong>"]},"$x":[{"t":"idOrVar","v":"plural"},"n"]},{"$i":"nAndRemainHours","$v":{"few":["и <strong>",{"t":"idOrVar","v":"n"}," часови</strong>"],"many":["и <strong>",{"t":"idOrVar","v":"n"}," часови</strong>"],"one":["и <strong>",{"t":"idOrVar","v":"n"}," час</strong>"],"other":["и <strong>",{"t":"idOrVar","v":"n"}," часови</strong>"],"two":["и <strong>",{"t":"idOrVar","v":"n"}," часа</strong>"],"zero":["и <strong>",{"t":"idOrVar","v":"n"}," часови</strong>"]},"$x":[{"t":"idOrVar","v":"plural"},"n"]},{"$i":"nRemainDays","$v":{"few":["<strong>",{"t":"idOrVar","v":"n"}," денови</strong>"],"many":["<strong>",{"t":"idOrVar","v":"n"}," денови</strong>"],"one":["<strong>",{"t":"idOrVar","v":"n"}," ден</strong>"],"other":["<strong>",{"t":"idOrVar","v":"n"}," денови</strong>"],"two":["<strong>",{"t":"idOrVar","v":"n"}," дена</strong>"],"zero":["<strong>",{"t":"idOrVar","v":"n"}," денови</strong>"]},"$x":[{"t":"idOrVar","v":"plural"},"n"]},{"$i":"nRemainMinutes","$v":{"zero":["и <strong>",{"t":"idOrVar","v":"n"}," минути</strong>"],"one":["и <strong>",{"t":"idOrVar","v":"n"}," минута</strong>"],"two":["и <strong>",{"t":"idOrVar","v":"n"}," минути</strong>"],"few":["и <strong>",{"t":"idOrVar","v":"n"}," минути</strong>"],"many":["и <strong>",{"t":"idOrVar","v":"n"}," минути</strong>"],"other":["и <strong>",{"t":"idOrVar","v":"n"}," минути</strong>"]},"$x":[{"t":"idOrVar","v":"plural"},"n"]},{"$i":"nSpinnerSeconds","$v":{"zero":"zero seconds","one":"one second","two":[{"t":"idOrVar","v":"n"}," seconds"],"few":[{"t":"idOrVar","v":"n"}," seconds"],"many":[{"t":"idOrVar","v":"n"}," seconds"],"other":[{"t":"idOrVar","v":"n"}," seconds"]},"$x":[{"t":"idOrVar","v":"plural"},"n"]},{"$i":"nSpinnerMinutes","$v":{"zero":"zero minutes","one":"one minute","two":[{"t":"idOrVar","v":"n"}," minutes"],"few":[{"t":"idOrVar","v":"n"}," minutes"],"many":[{"t":"idOrVar","v":"n"}," minutes"],"other":[{"t":"idOrVar","v":"n"}," minutes"]},"$x":[{"t":"idOrVar","v":"plural"},"n"]},{"$i":"nSpinnerHours","$v":{"zero":"zero hours","one":[{"t":"idOrVar","v":"n"}," hour"],"two":[{"t":"idOrVar","v":"n"}," hours"],"few":[{"t":"idOrVar","v":"n"}," hours"],"many":[{"t":"idOrVar","v":"n"}," hours"],"other":[{"t":"idOrVar","v":"n"}," hours"]},"$x":[{"t":"idOrVar","v":"plural"},"n"]},{"$i":"ac_awake_opus","$v":"Awake"},{"$i":"ac_crystalize_opus","$v":"Crystalize"},{"$i":"ac_cycle_opus","$v":"Cycle"},{"$i":"ac_digicloud_opus","$v":"Digicloud"},{"$i":"ac_humming_waves_opus","$v":"Humming Waves"},{"$i":"ac_into_the_void_opus","$v":"Into the Void"},{"$i":"ac_lightly_opus","$v":"Lightly"},{"$i":"ac_mobile_opus","$v":"Mobile"},{"$i":"ac_pinger_opus","$v":"Pinger"},{"$i":"ac_skip_opus","$v":"Skip"},{"$i":"ac_tri_opus","$v":"Tri"},{"$i":"ac_universal_opus","$v":"Universal"},{"$i":"weekday-0-long","$v":"Недела"},{"$i":"weekday-1-long","$v":"Понеделник"},{"$i":"weekday-2-long","$v":"Вторник"},{"$i":"weekday-3-long","$v":"Среда"},{"$i":"weekday-4-long","$v":"Четврток"},{"$i":"weekday-5-long","$v":"Петок"},{"$i":"weekday-6-long","$v":"Сабота"},{"$i":"weekday-0-short","$v":"Нед"},{"$i":"weekday-1-short","$v":"Пон"},{"$i":"weekday-2-short","$v":"Вто"},{"$i":"weekday-3-short","$v":"Сре"},{"$i":"weekday-4-short","$v":"Чет"},{"$i":"weekday-5-short","$v":"Пет"},{"$i":"weekday-6-short","$v":"Саб"},{"$i":"month-0-long","$v":"јануари"},{"$i":"month-1-long","$v":"февруари"},{"$i":"month-2-long","$v":"март"},{"$i":"month-3-long","$v":"април"},{"$i":"month-4-long","$v":"мај"},{"$i":"month-5-long","$v":"јуни"},{"$i":"month-6-long","$v":"јули"},{"$i":"month-7-long","$v":"август"},{"$i":"month-8-long","$v":"септември"},{"$i":"month-9-long","$v":"октомври"},{"$i":"month-10-long","$v":"ноември"},{"$i":"month-11-long","$v":"декември"},{"$i":"month-0-genitive","$v":"јануари"},{"$i":"month-1-genitive","$v":"февруари"},{"$i":"month-2-genitive","$v":"март"},{"$i":"month-3-genitive","$v":"април"},{"$i":"month-4-genitive","$v":"мај"},{"$i":"month-5-genitive","$v":"јуни"},{"$i":"month-6-genitive","$v":"јули"},{"$i":"month-7-genitive","$v":"август"},{"$i":"month-8-genitive","$v":"септември"},{"$i":"month-9-genitive","$v":"октомври"},{"$i":"month-10-genitive","$v":"ноември"},{"$i":"month-11-genitive","$v":"декември"},{"$i":"month-0-short","$v":"јан"},{"$i":"month-1-short","$v":"фев"},{"$i":"month-2-short","$v":"мар"},{"$i":"month-3-short","$v":"апр"},{"$i":"month-4-short","$v":"мај"},{"$i":"month-5-short","$v":"јун"},{"$i":"month-6-short","$v":"јул"},{"$i":"month-7-short","$v":"авг"},{"$i":"month-8-short","$v":"сеп"},{"$i":"month-9-short","$v":"окт"},{"$i":"month-10-short","$v":"ное"},{"$i":"month-11-short","$v":"дек"},{"$i":"minutes-ago-long","$v":{"zero":"сега","one":"пред една минута","two":["пред ",{"t":"idOrVar","v":"value"}," минути"],"few":["пред ",{"t":"idOrVar","v":"value"}," минути"],"many":["пред ",{"t":"idOrVar","v":"value"}," минути"],"other":["пред ",{"t":"idOrVar","v":"value"}," минути"]},"$x":[{"t":"idOrVar","v":"plural"},"value"]},{"$i":"hours-ago-long","$v":{"zero":"сега","one":"пред еден час","two":["пред ",{"t":"idOrVar","v":"value"}," часа"],"few":["пред ",{"t":"idOrVar","v":"value"}," часа"],"many":["пред ",{"t":"idOrVar","v":"value"}," часови"],"other":["пред ",{"t":"idOrVar","v":"value"}," часови"]},"$x":[{"t":"idOrVar","v":"plural"},"value"]},{"$i":"days-ago-long","$v":{"zero":"денес","one":"вчера","two":["пред ",{"t":"idOrVar","v":"value"}," дена"],"few":["пред ",{"t":"idOrVar","v":"value"}," дена"],"many":["пред ",{"t":"idOrVar","v":"value"}," денови"],"other":["пред ",{"t":"idOrVar","v":"value"}," денови"]},"$x":[{"t":"idOrVar","v":"plural"},"value"]},{"$i":"weeks-ago-long","$v":{"zero":"оваа недела","one":"минатата недела","two":["пред ",{"t":"idOrVar","v":"value"}," недели"],"few":["пред ",{"t":"idOrVar","v":"value"}," недели"],"many":["пред ",{"t":"idOrVar","v":"value"}," недели"],"other":["пред ",{"t":"idOrVar","v":"value"}," недели"]},"$x":[{"t":"idOrVar","v":"plural"},"value"]},{"$i":"months-ago-long","$v":{"zero":"овој месец","one":"минатиот месец","two":["пред ",{"t":"idOrVar","v":"value"}," месеци"],"few":["пред ",{"t":"idOrVar","v":"value"}," месеци"],"many":["пред ",{"t":"idOrVar","v":"value"}," месеци"],"other":["пред ",{"t":"idOrVar","v":"value"}," месеци"]},"$x":[{"t":"idOrVar","v":"plural"},"value"]},{"$i":"years-ago-long","$v":{"zero":"оваа година","one":"минатата година","two":["пред ",{"t":"idOrVar","v":"value"}," години"],"few":["пред ",{"t":"idOrVar","v":"value"}," години"],"many":["пред ",{"t":"idOrVar","v":"value"}," години"],"other":["пред ",{"t":"idOrVar","v":"value"}," години"]},"$x":[{"t":"idOrVar","v":"plural"},"value"]},{"$i":"minutes-until-long","$v":{"zero":"сега","one":"за една минута","two":["за ",{"t":"idOrVar","v":"value"}," минути"],"few":["за ",{"t":"idOrVar","v":"value"}," минути"],"many":["за ",{"t":"idOrVar","v":"value"}," минути"],"other":["за ",{"t":"idOrVar","v":"value"}," минути"]},"$x":[{"t":"idOrVar","v":"plural"},"value"]},{"$i":"hours-until-long","$v":{"zero":"сега","one":"за еден час","two":["за ",{"t":"idOrVar","v":"value"}," часа"],"few":["за ",{"t":"idOrVar","v":"value"}," часа"],"many":["за ",{"t":"idOrVar","v":"value"}," часови"],"other":["за ",{"t":"idOrVar","v":"value"}," часови"]},"$x":[{"t":"idOrVar","v":"plural"},"value"]},{"$i":"days-until-long","$v":{"zero":"денес","one":"утре","two":["за ",{"t":"idOrVar","v":"value"}," дена"],"few":["за ",{"t":"idOrVar","v":"value"}," дена"],"many":["за ",{"t":"idOrVar","v":"value"}," денови"],"other":["за ",{"t":"idOrVar","v":"value"}," денови"]},"$x":[{"t":"idOrVar","v":"plural"},"value"]},{"$i":"weeks-until-long","$v":{"zero":"оваа седмица","one":"следната седмица","two":["за ",{"t":"idOrVar","v":"value"}," седмици"],"few":["за ",{"t":"idOrVar","v":"value"}," седмици"],"many":["за ",{"t":"idOrVar","v":"value"}," седмици"],"other":["за ",{"t":"idOrVar","v":"value"}," седмици"]},"$x":[{"t":"idOrVar","v":"plural"},"value"]},{"$i":"months-until-long","$v":{"zero":"овој месец","one":"следниот месец","two":["за ",{"t":"idOrVar","v":"value"}," месеци"],"few":["за ",{"t":"idOrVar","v":"value"}," месеци"],"many":["за ",{"t":"idOrVar","v":"value"}," месеци"],"other":["за ",{"t":"idOrVar","v":"value"}," месеци"]},"$x":[{"t":"idOrVar","v":"plural"},"value"]},{"$i":"years-until-long","$v":{"zero":"оваа година","one":"следната година","two":["за ",{"t":"idOrVar","v":"value"}," години"],"few":["за ",{"t":"idOrVar","v":"value"}," години"],"many":["за ",{"t":"idOrVar","v":"value"}," години"],"other":["за ",{"t":"idOrVar","v":"value"}," години"]},"$x":[{"t":"idOrVar","v":"plural"},"value"]},{"$i":"minutes-ago-short","$v":{"zero":"сега","other":["пред ",{"t":"idOrVar","v":"value"},"m"]},"$x":[{"t":"idOrVar","v":"plural"},"value"]},{"$i":"hours-ago-short","$v":{"zero":"сега","other":["пред ",{"t":"idOrVar","v":"value"},"h"]},"$x":[{"t":"idOrVar","v":"plural"},"value"]},{"$i":"days-ago-short","$v":{"zero":"денес","other":["пред ",{"t":"idOrVar","v":"value"},"d"]},"$x":[{"t":"idOrVar","v":"plural"},"value"]},{"$i":"minutes-until-short","$v":{"zero":"сега","other":["за ",{"t":"idOrVar","v":"value"},"m"]},"$x":[{"t":"idOrVar","v":"plural"},"value"]},{"$i":"hours-until-short","$v":{"zero":"сега","other":["за ",{"t":"idOrVar","v":"value"},"h"]},"$x":[{"t":"idOrVar","v":"plural"},"value"]},{"$i":"days-until-short","$v":{"zero":"денес","other":["за ",{"t":"idOrVar","v":"value"},"d"]},"$x":[{"t":"idOrVar","v":"plural"},"value"]},{"$i":"incorrectDate","$v":"(неточен датум)"},{"$i":"dateTimeFormat_%c","$v":"%a %b %e %Y %H:%M:%S"},{"$i":"dateTimeFormat_%x","$v":"%d/%m/%Y"},{"$i":"dateTimeFormat_%X","$v":"%H:%M:%S"},{"$i":"shortTimeFormat","$v":"%H:%M"},{"$i":"shortTimeFormat12","$v":"%I:%M %p"},{"$i":"shortTimeFormat24","$v":"%H:%M"},{"$i":"shortDateTimeFormat","$v":"%x %H:%M"},{"$i":"weekStartsOnMonday","$v":"1"},{"$i":"firstDayOfTheWeek","$v":"0"},{"$i":"time_am","$v":"AM"},{"$i":"time_pm","$v":"PM"}]