[{"$i":"reset","$v":"Tetapan semula"},{"$i":"start","$v":"Mula"},{"$i":"stop","$v":"Henti"},{"$i":"cancel","$v":"Batal"},{"$i":"hour","$v":"Jam"},{"$i":"hours","$v":"Jam"},{"$i":"minute","$v":"Minit"},{"$i":"minutes","$v":"Minit"},{"$i":"alarm","$v":"Penggera"},{"$i":"timer","$v":"Pemasa"},{"$i":"stopwatch","$v":"Jam randik"},{"$i":"alarmName","placeholder":"Nama penggera"},{"$i":"newAlarm","$v":"Penggera baru"},{"$i":"editAlarm","$v":"Sunting penggera"},{"$i":"pause","$v":"Jeda"},{"$i":"resume","$v":"Sambung"},{"$i":"lap","$v":"Pusingan"},{"$i":"lap-number","$v":["Pusingan ",{"t":"idOrVar","v":"n"}]},{"$i":"delete","$v":"Hapus"},{"$i":"time","$v":"Waktu"},{"$i":"snooze-label","$v":"Tunda"},{"$i":"snooze-button","$v":"Tunda"},{"$i":"repeat","$v":"Ulang"},{"$i":"vibrate","$v":"Getar"},{"$i":"close","$v":"Tutup"},{"$i":"save","$v":"Simpan"},{"$i":"done","$v":"Selesai"},{"$i":"closeButton","ariaLabel":"Tutup"},{"$i":"newAlarmButton","ariaLabel":"Penggera baru"},{"$i":"alarm-volume-label","$v":"Volum Sistem Penggera"},{"$i":"sound","$v":"Bunyi"},{"$i":"noSound","$v":"Tiada Bunyi"},{"$i":"everyday","$v":"Setiap hari"},{"$i":"weekdays","$v":"Hari minggu"},{"$i":"weekends","$v":"Hujung Minggu"},{"$i":"never","$v":"Tidak sekali"},{"$i":"vibrateOn","$v":"Hidup"},{"$i":"vibrateOff","$v":"Mati"},{"$i":"plusMinute","$v":"+1 Min"},{"$i":"dateFormat","$v":"%A, %B %e"},{"$i":"countdown-lessThanAnHour","$v":["Penggera sedia ada untuk <strong>",{"t":"idOrVar","v":"minutes"},"</strong> dari sekarang."]},{"$i":"countdown-moreThanAnHour","$v":["Penggera sedia ada untuk ",{"t":"idOrVar","v":"hours"}," ",{"t":"idOrVar","v":"minutes"}," dari sekarang."]},{"$i":"countdown-moreThanADay","$v":["Penggera ditetapkan untuk ",{"t":"idOrVar","v":"days"}," ",{"t":"idOrVar","v":"hours"}," dari sekarang."]},{"$i":"nMinutes","$v":{"zero":"kurang dari seminit","one":"satu minit","two":[{"t":"idOrVar","v":"n"}," minit"],"few":[{"t":"idOrVar","v":"n"}," minit"],"many":[{"t":"idOrVar","v":"n"}," minit"],"other":[{"t":"idOrVar","v":"n"}," minit"]},"$x":[{"t":"idOrVar","v":"plural"},"n"]},{"$i":"nHours","$v":{"zero":"","one":["<strong>",{"t":"idOrVar","v":"n"}," jam</strong>"],"two":["<strong>",{"t":"idOrVar","v":"n"}," jam</strong>"],"few":["<strong>",{"t":"idOrVar","v":"n"}," jam</strong>"],"many":["<strong>",{"t":"idOrVar","v":"n"}," jam</strong>"],"other":["<strong>",{"t":"idOrVar","v":"n"}," jam</strong>"]},"$x":[{"t":"idOrVar","v":"plural"},"n"]},{"$i":"nAndRemainHours","$v":{"zero":"","one":["dan <strong>",{"t":"idOrVar","v":"n"}," jam</strong>"],"two":["dan <strong>",{"t":"idOrVar","v":"n"}," jam</strong>"],"few":["dan <strong>",{"t":"idOrVar","v":"n"}," jam</strong>"],"many":["dan <strong>",{"t":"idOrVar","v":"n"}," jam</strong>"],"other":["dan <strong>",{"t":"idOrVar","v":"n"}," jam</strong>"]},"$x":[{"t":"idOrVar","v":"plural"},"n"]},{"$i":"nRemainDays","$v":{"zero":"","one":["<strong>",{"t":"idOrVar","v":"n"}," hari</strong>"],"two":["<strong>",{"t":"idOrVar","v":"n"}," hari</strong>"],"few":["<strong>",{"t":"idOrVar","v":"n"}," hari</strong>"],"many":["<strong>",{"t":"idOrVar","v":"n"}," hari</strong>"],"other":["<strong>",{"t":"idOrVar","v":"n"}," hari</strong>"]},"$x":[{"t":"idOrVar","v":"plural"},"n"]},{"$i":"nRemainMinutes","$v":{"zero":"","one":["dan <strong>",{"t":"idOrVar","v":"n"}," minit</strong>"],"two":["dan <strong>",{"t":"idOrVar","v":"n"}," minit</strong>"],"few":["dan <strong>",{"t":"idOrVar","v":"n"}," minit</strong>"],"many":["dan <strong>",{"t":"idOrVar","v":"n"}," minit</strong>"],"other":["dan <strong>",{"t":"idOrVar","v":"n"}," minit</strong>"]},"$x":[{"t":"idOrVar","v":"plural"},"n"]},{"$i":"nSpinnerSeconds","$v":{"zero":"sifar saat","one":"satu saat","two":[{"t":"idOrVar","v":"n"}," saat"],"few":[{"t":"idOrVar","v":"n"}," saat"],"many":[{"t":"idOrVar","v":"n"}," saat"],"other":[{"t":"idOrVar","v":"n"}," saat"]},"$x":[{"t":"idOrVar","v":"plural"},"n"]},{"$i":"nSpinnerMinutes","$v":{"zero":"sifar minit","one":"satu minit","two":[{"t":"idOrVar","v":"n"}," minit"],"few":[{"t":"idOrVar","v":"n"}," minit"],"many":[{"t":"idOrVar","v":"n"}," minit"],"other":[{"t":"idOrVar","v":"n"}," minit"]},"$x":[{"t":"idOrVar","v":"plural"},"n"]},{"$i":"nSpinnerHours","$v":{"zero":"sifar jam","one":[{"t":"idOrVar","v":"n"}," jam"],"two":[{"t":"idOrVar","v":"n"}," jam"],"few":[{"t":"idOrVar","v":"n"}," jam"],"many":[{"t":"idOrVar","v":"n"}," jam"],"other":[{"t":"idOrVar","v":"n"}," jam"]},"$x":[{"t":"idOrVar","v":"plural"},"n"]},{"$i":"ac_awake_opus","$v":"Berjaga"},{"$i":"ac_crystalize_opus","$v":"Pengkristalan"},{"$i":"ac_cycle_opus","$v":"Kitar"},{"$i":"ac_digicloud_opus","$v":"Digicloud"},{"$i":"ac_humming_waves_opus","$v":"Humming Waves"},{"$i":"ac_into_the_void_opus","$v":"Ke dalam Lowong"},{"$i":"ac_lightly_opus","$v":"Lightly"},{"$i":"ac_mobile_opus","$v":"Mudah Alih"},{"$i":"ac_pinger_opus","$v":"Pinger"},{"$i":"ac_skip_opus","$v":"Langkau"},{"$i":"ac_tri_opus","$v":"Tri"},{"$i":"ac_universal_opus","$v":"Universal"},{"$i":"weekday-0-long","$v":"Ahad"},{"$i":"weekday-1-long","$v":"Isnin"},{"$i":"weekday-2-long","$v":"Selasa"},{"$i":"weekday-3-long","$v":"Rabu"},{"$i":"weekday-4-long","$v":"Khamis"},{"$i":"weekday-5-long","$v":"Jumaat"},{"$i":"weekday-6-long","$v":"Sabtu"},{"$i":"weekday-0-short","$v":"Ahad"},{"$i":"weekday-1-short","$v":"Isnin"},{"$i":"weekday-2-short","$v":"Selasa"},{"$i":"weekday-3-short","$v":"Rabu"},{"$i":"weekday-4-short","$v":"Khamis"},{"$i":"weekday-5-short","$v":"Jumaat"},{"$i":"weekday-6-short","$v":"Sabtu"},{"$i":"month-0-long","$v":"Januari"},{"$i":"month-1-long","$v":"Februari"},{"$i":"month-2-long","$v":"Mac"},{"$i":"month-3-long","$v":"April"},{"$i":"month-4-long","$v":"Mei"},{"$i":"month-5-long","$v":"Jun"},{"$i":"month-6-long","$v":"Julai"},{"$i":"month-7-long","$v":"Ogos"},{"$i":"month-8-long","$v":"September"},{"$i":"month-9-long","$v":"Oktober"},{"$i":"month-10-long","$v":"November"},{"$i":"month-11-long","$v":"Disember"},{"$i":"month-0-genitive","$v":"Januari"},{"$i":"month-1-genitive","$v":"Februari"},{"$i":"month-2-genitive","$v":"Mac"},{"$i":"month-3-genitive","$v":"April"},{"$i":"month-4-genitive","$v":"Mei"},{"$i":"month-5-genitive","$v":"Jun"},{"$i":"month-6-genitive","$v":"Julai"},{"$i":"month-7-genitive","$v":"Ogos"},{"$i":"month-8-genitive","$v":"September"},{"$i":"month-9-genitive","$v":"Oktober"},{"$i":"month-10-genitive","$v":"November"},{"$i":"month-11-genitive","$v":"Disember"},{"$i":"month-0-short","$v":"Jan"},{"$i":"month-1-short","$v":"Feb"},{"$i":"month-2-short","$v":"Mac"},{"$i":"month-3-short","$v":"Apr"},{"$i":"month-4-short","$v":"Mei"},{"$i":"month-5-short","$v":"Jun"},{"$i":"month-6-short","$v":"Jul"},{"$i":"month-7-short","$v":"Ogos"},{"$i":"month-8-short","$v":"Sep"},{"$i":"month-9-short","$v":"Okt"},{"$i":"month-10-short","$v":"Nov"},{"$i":"month-11-short","$v":"Dis"},{"$i":"minutes-ago-long","$v":{"zero":"sebentar tadi","one":"satu minit lalu","two":[{"t":"idOrVar","v":"value"}," minit lalu"],"few":[{"t":"idOrVar","v":"value"}," minit lalu"],"many":[{"t":"idOrVar","v":"value"}," minit lalu"],"other":[{"t":"idOrVar","v":"value"}," minit lalu"]},"$x":[{"t":"idOrVar","v":"plural"},"value"]},{"$i":"hours-ago-long","$v":{"zero":"sebentar tadi","one":"sejam yang lalu","two":[{"t":"idOrVar","v":"value"}," jam lalu"],"few":[{"t":"idOrVar","v":"value"}," jam lalu"],"many":[{"t":"idOrVar","v":"value"}," jam lalu"],"other":[{"t":"idOrVar","v":"value"}," jam lalu"]},"$x":[{"t":"idOrVar","v":"plural"},"value"]},{"$i":"days-ago-long","$v":{"zero":"hari ini","one":"semalam","two":[{"t":"idOrVar","v":"value"}," hari lalu"],"few":[{"t":"idOrVar","v":"value"}," hari lalu"],"many":[{"t":"idOrVar","v":"value"}," hari lalu"],"other":[{"t":"idOrVar","v":"value"}," hari lalu"]},"$x":[{"t":"idOrVar","v":"plural"},"value"]},{"$i":"weeks-ago-long","$v":{"zero":"minggu ini","one":"minggu lalu","two":[{"t":"idOrVar","v":"value"}," minggu lalu"],"few":[{"t":"idOrVar","v":"value"}," minggu lalu"],"many":[{"t":"idOrVar","v":"value"}," minggu lalu"],"other":[{"t":"idOrVar","v":"value"}," minggu lalu"]},"$x":[{"t":"idOrVar","v":"plural"},"value"]},{"$i":"months-ago-long","$v":{"zero":"bulan ini","one":"bulan lalu","two":[{"t":"idOrVar","v":"value"}," bulan lalu"],"few":[{"t":"idOrVar","v":"value"}," bulan lalu"],"many":[{"t":"idOrVar","v":"value"}," minit lalu"],"other":[{"t":"idOrVar","v":"value"}," minit lalu"]},"$x":[{"t":"idOrVar","v":"plural"},"value"]},{"$i":"years-ago-long","$v":{"zero":"tahun ini","one":"tahun lalu","two":[{"t":"idOrVar","v":"value"}," tahun lalu"],"few":[{"t":"idOrVar","v":"value"}," tahun lalu"],"many":[{"t":"idOrVar","v":"value"}," tahun lalu"],"other":[{"t":"idOrVar","v":"value"}," tahun lalu"]},"$x":[{"t":"idOrVar","v":"plural"},"value"]},{"$i":"minutes-until-long","$v":{"zero":"sekarang","one":"dalam satu minit","two":["dalam ",{"t":"idOrVar","v":"value"}," minit"],"few":["dalam ",{"t":"idOrVar","v":"value"}," minit"],"many":["dalam ",{"t":"idOrVar","v":"value"}," minit"],"other":["dalam ",{"t":"idOrVar","v":"value"}," minit"]},"$x":[{"t":"idOrVar","v":"plural"},"value"]},{"$i":"hours-until-long","$v":{"zero":"sekarang","one":"dalam satu jam","two":["dalam ",{"t":"idOrVar","v":"value"}," jam"],"few":["dalam ",{"t":"idOrVar","v":"value"}," jam"],"many":["dalam ",{"t":"idOrVar","v":"value"}," jam"],"other":["dalam ",{"t":"idOrVar","v":"value"}," jam"]},"$x":[{"t":"idOrVar","v":"plural"},"value"]},{"$i":"days-until-long","$v":{"zero":"hari ini","one":"esok","two":["dalam ",{"t":"idOrVar","v":"value"}," hari"],"few":["dalam ",{"t":"idOrVar","v":"value"}," hari"],"many":["dalam ",{"t":"idOrVar","v":"value"}," hari"],"other":["dalam ",{"t":"idOrVar","v":"value"}," hari"]},"$x":[{"t":"idOrVar","v":"plural"},"value"]},{"$i":"weeks-until-long","$v":{"zero":"minggu ini","one":"minggu depan","two":["dalam ",{"t":"idOrVar","v":"value"}," minggu"],"few":["dalam ",{"t":"idOrVar","v":"value"}," minggu"],"many":["dalam ",{"t":"idOrVar","v":"value"}," minggu"],"other":["dalam ",{"t":"idOrVar","v":"value"}," minggu"]},"$x":[{"t":"idOrVar","v":"plural"},"value"]},{"$i":"months-until-long","$v":{"zero":"bulan ini","one":"bulan depan","two":["dalam ",{"t":"idOrVar","v":"value"}," bulan"],"few":["dalam ",{"t":"idOrVar","v":"value"}," bulan"],"many":["dalam ",{"t":"idOrVar","v":"value"}," bulan"],"other":["dalam ",{"t":"idOrVar","v":"value"}," bulan"]},"$x":[{"t":"idOrVar","v":"plural"},"value"]},{"$i":"years-until-long","$v":{"zero":"tahun ini","one":"tahun depan","two":["dalam ",{"t":"idOrVar","v":"value"}," tahun"],"few":["dalam ",{"t":"idOrVar","v":"value"}," tahun"],"many":["dalam ",{"t":"idOrVar","v":"value"}," tahun"],"other":["dalam ",{"t":"idOrVar","v":"value"}," tahun"]},"$x":[{"t":"idOrVar","v":"plural"},"value"]},{"$i":"minutes-ago-short","$v":{"zero":"sebentar tadi","other":[{"t":"idOrVar","v":"value"}," minit lalu"]},"$x":[{"t":"idOrVar","v":"plural"},"value"]},{"$i":"hours-ago-short","$v":{"zero":"sebentar tadi","other":[{"t":"idOrVar","v":"value"}," jam lalu"]},"$x":[{"t":"idOrVar","v":"plural"},"value"]},{"$i":"days-ago-short","$v":{"zero":"hari ini","other":[{"t":"idOrVar","v":"value"}," hari lalu"]},"$x":[{"t":"idOrVar","v":"plural"},"value"]},{"$i":"minutes-until-short","$v":{"zero":"sekarang","other":["dalam ",{"t":"idOrVar","v":"value"}," minit"]},"$x":[{"t":"idOrVar","v":"plural"},"value"]},{"$i":"hours-until-short","$v":{"zero":"sekarang","other":["dalam ",{"t":"idOrVar","v":"value"}," jam"]},"$x":[{"t":"idOrVar","v":"plural"},"value"]},{"$i":"days-until-short","$v":{"zero":"hari ini","other":["dalam ",{"t":"idOrVar","v":"value"}," hari"]},"$x":[{"t":"idOrVar","v":"plural"},"value"]},{"$i":"incorrectDate","$v":"(tarikh tidak betul)"},{"$i":"dateTimeFormat_%c","$v":"%a %b %e %Y %I:%M:%S %p"},{"$i":"dateTimeFormat_%x","$v":"%m/%d/%Y"},{"$i":"dateTimeFormat_%X","$v":"%I:%M:%S %p"},{"$i":"shortTimeFormat","$v":"%I:%M %p"},{"$i":"shortTimeFormat12","$v":"%I:%M %p"},{"$i":"shortTimeFormat24","$v":"%H:%M"},{"$i":"shortDateTimeFormat","$v":"%x %I:%M %p"},{"$i":"weekStartsOnMonday","$v":"0"},{"$i":"firstDayOfTheWeek","$v":"0"},{"$i":"time_am","$v":"PG"},{"$i":"time_pm","$v":"PTG"}]