[{"$i":"reset","$v":"रिसेट गर्नुहोस्"},{"$i":"start","$v":"सुरु "},{"$i":"stop","$v":"रोक्नुहोस्"},{"$i":"cancel","$v":"रद्द गर"},{"$i":"hour","$v":"घण्टा"},{"$i":"hours","$v":"घण्टा"},{"$i":"minute","$v":"मिनेट"},{"$i":"minutes","$v":"मिनेट"},{"$i":"alarm","$v":"संसूचक"},{"$i":"timer","$v":"समय सुचक"},{"$i":"stopwatch","$v":"रोमिघडी"},{"$i":"alarmName","placeholder":"संसूचकको नाम "},{"$i":"newAlarm","$v":"नयाँ संसूचक"},{"$i":"editAlarm","$v":"संसूचक सम्पादन गर्नुहोस्"},{"$i":"pause","$v":"रोक्नुहोस्"},{"$i":"resume","$v":"सुचारू"},{"$i":"lap","$v":"काख"},{"$i":"lap-number","$v":["काख ",{"t":"idOrVar","v":"एन्"}]},{"$i":"delete","$v":"मेट्नुहोस्"},{"$i":"time","$v":"समय"},{"$i":"snooze-label","$v":"झपकी"},{"$i":"snooze-button","$v":"झपकी"},{"$i":"repeat","$v":"दोहोर्याउनुहोस्"},{"$i":"vibrate","$v":"थर्किनु"},{"$i":"close","$v":"बन्द गर्नुहोस्"},{"$i":"save","$v":"बचत गर्नुहोस्"},{"$i":"done","$v":"भयो"},{"$i":"closeButton","ariaLabel":"बन्द गर्नुहोस्"},{"$i":"newAlarmButton","ariaLabel":"नयाँ संसूचक"},{"$i":"alarm-volume-label","$v":"प्रणालीको संसूचक आवाज"},{"$i":"sound","$v":"ध्वनि"},{"$i":"noSound","$v":"ध्वनि छैन"},{"$i":"everyday","$v":"प्रत्येक दिन"},{"$i":"weekdays","$v":"हप्तादिनहरु"},{"$i":"weekends","$v":"सप्ताहन्त"},{"$i":"never","$v":"कहिले पनि होइन"},{"$i":"vibrateOn","$v":"चालु"},{"$i":"vibrateOff","$v":"बन्द"},{"$i":"plusMinute","$v":"थप एक मिनेट"},{"$i":"dateFormat","$v":"%A, %B %e"},{"$i":"countdown-lessThanAnHour","$v":["यो संसूचक अहिलेबाट <strong>",{"t":"idOrVar","v":"minutes"},"</strong>का लागि राखिएको छ।"]},{"$i":"countdown-moreThanAnHour","$v":["यो संसूचक अहिलेबाट ",{"t":"idOrVar","v":"hours"}," ",{"t":"idOrVar","v":"minutes"},"का लागि राखिएको छ।"]},{"$i":"countdown-moreThanADay","$v":["यो सचेतक अहिलेबाट ",{"t":"idOrVar","v":"दिनहरु"}," ",{"t":"idOrVar","v":"घंटाहरु"},"का लागि राखिएको छ।"]},{"$i":"nMinutes","$v":{"zero":"less than a minute","one":"one minute","two":[{"t":"idOrVar","v":"n"}," minutes"],"few":[{"t":"idOrVar","v":"n"}," minutes"],"many":[{"t":"idOrVar","v":"n"}," minutes"],"other":[{"t":"idOrVar","v":"n"}," minutes"]},"$x":[{"t":"idOrVar","v":"plural"},"n"]},{"$i":"nHours","$v":{"zero":"","one":["<strong>",{"t":"idOrVar","v":"n"}," hour</strong>"],"two":["<strong>",{"t":"idOrVar","v":"n"}," hours</strong>"],"few":["<strong>",{"t":"idOrVar","v":"n"}," hours</strong>"],"many":["<strong>",{"t":"idOrVar","v":"n"}," hours</strong>"],"other":["<strong>",{"t":"idOrVar","v":"n"}," hours</strong>"]},"$x":[{"t":"idOrVar","v":"plural"},"n"]},{"$i":"nAndRemainHours","$v":{"zero":"","one":["र <strong>",{"t":"idOrVar","v":"n"}," घण्टा</strong>"],"two":["<strong>",{"t":"idOrVar","v":"n"}," घण्टा</strong>"],"few":["र <strong>",{"t":"idOrVar","v":"n"}," घण्टा</strong>"],"many":["<strong>",{"t":"idOrVar","v":"n"}," घण्टा</strong>"],"other":["र <strong>",{"t":"idOrVar","v":"n"}," घण्टा</strong>"]},"$x":[{"t":"idOrVar","v":"plural"},"n"]},{"$i":"nRemainDays","$v":{"zero":"","one":"{[ plural(n) ]}","two":["<strong>",{"t":"idOrVar","v":"n"}," दिनहरु</strong>"],"few":["<strong>",{"t":"idOrVar","v":"n"}," दिनहरु</strong>"],"many":["<strong>",{"t":"idOrVar","v":"n"}," घण्टा</strong>"],"other":["<strong>",{"t":"idOrVar","v":"n"}," घण्टा</strong>"]},"$x":[{"t":"idOrVar","v":"plural"},"n"]},{"$i":"nRemainMinutes","$v":{"zero":"","one":["and <strong>",{"t":"idOrVar","v":"n"}," minute</strong>"],"two":["and <strong>",{"t":"idOrVar","v":"n"}," minutes</strong>"],"few":["and <strong>",{"t":"idOrVar","v":"n"}," minutes</strong>"],"many":["and <strong>",{"t":"idOrVar","v":"n"}," minutes</strong>"],"other":["and <strong>",{"t":"idOrVar","v":"n"}," minutes</strong>"]},"$x":[{"t":"idOrVar","v":"plural"},"n"]},{"$i":"nSpinnerSeconds","$v":{"zero":"zero seconds","one":"one second","two":[{"t":"idOrVar","v":"n"}," seconds"],"few":[{"t":"idOrVar","v":"n"}," seconds"],"many":[{"t":"idOrVar","v":"n"}," seconds"],"other":[{"t":"idOrVar","v":"n"}," seconds"]},"$x":[{"t":"idOrVar","v":"plural"},"n"]},{"$i":"nSpinnerMinutes","$v":{"zero":"सून्य मिनेटस्","one":"एक मिनेट","two":[{"t":"idOrVar","v":"n"}," मिनेट"],"few":[{"t":"idOrVar","v":"n"}," मिनेट"],"many":[{"t":"idOrVar","v":"n"}," मिनेट"],"other":[{"t":"idOrVar","v":"n"}," मिनेट"]},"$x":[{"t":"idOrVar","v":"plural"},"n"]},{"$i":"nSpinnerHours","$v":{"zero":"सून्य घण्टा","one":[{"t":"idOrVar","v":"n"}," घण्टा"],"two":[{"t":"idOrVar","v":"n"}," घण्टाह"],"few":[{"t":"idOrVar","v":"n"}," घण्टाहरु"],"many":[{"t":"idOrVar","v":"n"}," घण्टाहरु"],"other":[{"t":"idOrVar","v":"n"}," घण्टाहरु"]},"$x":[{"t":"idOrVar","v":"plural"},"n"]},{"$i":"ac_awake_opus","$v":"ब्यूँझनु"},{"$i":"ac_crystalize_opus","$v":"क्रिस्टलाईज"},{"$i":"ac_cycle_opus","$v":"चक्र"},{"$i":"ac_digicloud_opus","$v":"डिजीक्लाउड"},{"$i":"ac_humming_waves_opus","$v":"हयुमिंग छालहरु"},{"$i":"ac_into_the_void_opus","$v":"शून्य प्रवेश"},{"$i":"ac_lightly_opus","$v":"हल्का रुपमा"},{"$i":"ac_mobile_opus","$v":"मोबाइल"},{"$i":"ac_pinger_opus","$v":"पिन्गेर"},{"$i":"ac_skip_opus","$v":"छोड्नुहोस्"},{"$i":"ac_tri_opus","$v":"त्रि"},{"$i":"ac_universal_opus","$v":"विश्वब्यापी"},{"$i":"weekday-0-long","$v":"आइतबार"},{"$i":"weekday-1-long","$v":"सोमबार"},{"$i":"weekday-2-long","$v":"मंगलबार"},{"$i":"weekday-3-long","$v":"बुधबार"},{"$i":"weekday-4-long","$v":"बिहिबार"},{"$i":"weekday-5-long","$v":"शुक्रबार"},{"$i":"weekday-6-long","$v":"शनिबार"},{"$i":"weekday-0-short","$v":"आइत"},{"$i":"weekday-1-short","$v":"सोम"},{"$i":"weekday-2-short","$v":"मङ्गल"},{"$i":"weekday-3-short","$v":"बुध"},{"$i":"weekday-4-short","$v":"बिहि"},{"$i":"weekday-5-short","$v":"शुक्र"},{"$i":"weekday-6-short","$v":"शनि"},{"$i":"month-0-long","$v":"जनवरी"},{"$i":"month-1-long","$v":"फेब्रुअरी"},{"$i":"month-2-long","$v":"ंमार्च"},{"$i":"month-3-long","$v":"अप्रिल"},{"$i":"month-4-long","$v":"मे"},{"$i":"month-5-long","$v":"जुन"},{"$i":"month-6-long","$v":"जुलाई"},{"$i":"month-7-long","$v":"अगस्ट"},{"$i":"month-8-long","$v":"सेप्टेम्बर"},{"$i":"month-9-long","$v":"अक्टोबर"},{"$i":"month-10-long","$v":"नोभेम्बर"},{"$i":"month-11-long","$v":"डिसेम्बर"},{"$i":"month-0-genitive","$v":"जनवरी"},{"$i":"month-1-genitive","$v":"फेब्रुअरी"},{"$i":"month-2-genitive","$v":"ंमार्च"},{"$i":"month-3-genitive","$v":"अप्रिल"},{"$i":"month-4-genitive","$v":"मे"},{"$i":"month-5-genitive","$v":"जुन"},{"$i":"month-6-genitive","$v":"जुलाई"},{"$i":"month-7-genitive","$v":"अगस्ट"},{"$i":"month-8-genitive","$v":"सेप्टेम्बर"},{"$i":"month-9-genitive","$v":"अक्टोबर"},{"$i":"month-10-genitive","$v":"नोभेम्बर"},{"$i":"month-11-genitive","$v":"डिसेम्बर"},{"$i":"month-0-short","$v":"जन"},{"$i":"month-1-short","$v":"फेब"},{"$i":"month-2-short","$v":"मार्च"},{"$i":"month-3-short","$v":"अप्रिल"},{"$i":"month-4-short","$v":"मे"},{"$i":"month-5-short","$v":"जुन"},{"$i":"month-6-short","$v":"जुलाई"},{"$i":"month-7-short","$v":"अगस्ट"},{"$i":"month-8-short","$v":"सेप्टेम्वर"},{"$i":"month-9-short","$v":"अक्टुवर"},{"$i":"month-10-short","$v":"नोभेम्वर"},{"$i":"month-11-short","$v":"डिसेम्वर"},{"$i":"minutes-ago-long","$v":{"zero":"भर्खरै","one":"एक मिनेट अगाडि","two":[{"t":"idOrVar","v":"value"}," मिनेट अगाडि"],"few":[{"t":"idOrVar","v":"value"}," मिनेट अगाडि"],"many":[{"t":"idOrVar","v":"value"}," मिनेट अगाडि"],"other":[{"t":"idOrVar","v":"value"}," मिनेट अगाडि"]},"$x":[{"t":"idOrVar","v":"plural"},"value"]},{"$i":"hours-ago-long","$v":{"zero":"भर्खरै","one":"एक घन्टा अगाडि","two":[{"t":"idOrVar","v":"value"}," घण्टा अगाडि"],"few":[{"t":"idOrVar","v":"value"}," घण्टा अगाडि"],"many":[{"t":"idOrVar","v":"value"}," घण्टा अगाडि"],"other":[{"t":"idOrVar","v":"value"}," घण्टा अगाडि"]},"$x":[{"t":"idOrVar","v":"plural"},"value"]},{"$i":"days-ago-long","$v":{"zero":"आज","one":"हिजो","two":[{"t":"idOrVar","v":"value"}," दिन अगाडि"],"few":[{"t":"idOrVar","v":"value"}," दिन अगाडि"],"many":[{"t":"idOrVar","v":"value"}," दिन अगाडि"],"other":[{"t":"idOrVar","v":"value"}," दिन अगाडि"]},"$x":[{"t":"idOrVar","v":"plural"},"value"]},{"$i":"weeks-ago-long","$v":{"zero":"यो हप्ता","one":"गएको हप्ता","two":[{"t":"idOrVar","v":"value"}," हप्ता अगाडि"],"few":[{"t":"idOrVar","v":"value"}," हप्ता अगाडि"],"many":[{"t":"idOrVar","v":"value"}," हप्ता अगाडि"],"other":[{"t":"idOrVar","v":"value"}," हप्ता अगाडि"]},"$x":[{"t":"idOrVar","v":"plural"},"value"]},{"$i":"months-ago-long","$v":{"zero":"यो महिना","one":"गएको महिना","two":[{"t":"idOrVar","v":"value"}," महिना अगाडि"],"few":[{"t":"idOrVar","v":"value"}," महिना अगाडि"],"many":[{"t":"idOrVar","v":"value"}," महिना अगाडि"],"other":[{"t":"idOrVar","v":"value"}," महिना अगाडि"]},"$x":[{"t":"idOrVar","v":"plural"},"value"]},{"$i":"years-ago-long","$v":{"zero":"यो वर्ष","one":"अघिल्लो वर्ष","two":[{"t":"idOrVar","v":"value"}," वर्ष अगाडि"],"few":[{"t":"idOrVar","v":"value"}," वर्ष अगाडि"],"many":[{"t":"idOrVar","v":"value"}," वर्ष अगाडि"],"other":[{"t":"idOrVar","v":"value"}," वर्ष अगाडि"]},"$x":[{"t":"idOrVar","v":"plural"},"value"]},{"$i":"minutes-until-long","$v":{"zero":"अहिले","one":"एक मिनेटमा","two":[{"t":"idOrVar","v":"value"}," मिनेटमा"],"few":[{"t":"idOrVar","v":"value"}," मिनेटमा"],"many":[{"t":"idOrVar","v":"value"}," मिनेटमा"],"other":[{"t":"idOrVar","v":"value"}," मिनेटमा"]},"$x":[{"t":"idOrVar","v":"plural"},"value"]},{"$i":"hours-until-long","$v":{"zero":"अहिले","one":"एक घण्टामा","two":[{"t":"idOrVar","v":"value"}," घण्टामा"],"few":[{"t":"idOrVar","v":"value"}," घण्टामा"],"many":[{"t":"idOrVar","v":"value"}," घण्टामा"],"other":[{"t":"idOrVar","v":"value"}," घण्टामा"]},"$x":[{"t":"idOrVar","v":"plural"},"value"]},{"$i":"days-until-long","$v":{"zero":"आज","one":"भोलि","two":[{"t":"idOrVar","v":"value"}," दिनमा"],"few":[{"t":"idOrVar","v":"value"}," दिनमा"],"many":[{"t":"idOrVar","v":"value"}," दिनमा"],"other":[{"t":"idOrVar","v":"value"}," दिनमा"]},"$x":[{"t":"idOrVar","v":"plural"},"value"]},{"$i":"weeks-until-long","$v":{"zero":"यो हप्ता","one":"पछिल्लो हप्ता","two":[{"t":"idOrVar","v":"value"}," हप्तामा"],"few":[{"t":"idOrVar","v":"value"}," हप्तामा"],"many":[{"t":"idOrVar","v":"value"}," हप्तामा"],"other":[{"t":"idOrVar","v":"value"}," हप्तामा"]},"$x":[{"t":"idOrVar","v":"plural"},"value"]},{"$i":"months-until-long","$v":{"zero":"यस महिना","one":"पछिल्लो महिना","two":[{"t":"idOrVar","v":"value"}," महिनामा"],"few":[{"t":"idOrVar","v":"value"}," महिनामा"],"many":[{"t":"idOrVar","v":"value"}," महिनामा"],"other":[{"t":"idOrVar","v":"value"}," महिनामा"]},"$x":[{"t":"idOrVar","v":"plural"},"value"]},{"$i":"years-until-long","$v":{"zero":"यस बर्ष","one":"आर्को बर्ष","two":[{"t":"idOrVar","v":"value"}," बर्षमा"],"few":[{"t":"idOrVar","v":"value"}," बर्षमा"],"many":[{"t":"idOrVar","v":"value"}," वर्षमा"],"other":[{"t":"idOrVar","v":"value"}," वर्षमा"]},"$x":[{"t":"idOrVar","v":"plural"},"value"]},{"$i":"minutes-ago-short","$v":{"zero":"भर्खरै","other":[{"t":"idOrVar","v":"value"},"मिनेट अघि"]},"$x":[{"t":"idOrVar","v":"plural"},"value"]},{"$i":"hours-ago-short","$v":{"zero":"भर्खरै","other":[{"t":"idOrVar","v":"value"},"घण्टा अघि"]},"$x":[{"t":"idOrVar","v":"plural"},"value"]},{"$i":"days-ago-short","$v":{"zero":"आज","other":[{"t":"idOrVar","v":"value"},"दिन अघि"]},"$x":[{"t":"idOrVar","v":"plural"},"value"]},{"$i":"minutes-until-short","$v":{"zero":"अहिले","other":[{"t":"idOrVar","v":"value"},"मिनेटमा"]},"$x":[{"t":"idOrVar","v":"plural"},"value"]},{"$i":"hours-until-short","$v":{"zero":"अहिले","other":[{"t":"idOrVar","v":"value"},"घण्टामा"]},"$x":[{"t":"idOrVar","v":"plural"},"value"]},{"$i":"days-until-short","$v":{"zero":"आज","other":[{"t":"idOrVar","v":"value"},"दिनमा"]},"$x":[{"t":"idOrVar","v":"plural"},"value"]},{"$i":"incorrectDate","$v":"(गलत मिति)"},{"$i":"dateTimeFormat_%c","$v":"%a %b %e %Y %I:%M:%S %p"},{"$i":"dateTimeFormat_%x","$v":"%m/%d/%Y"},{"$i":"dateTimeFormat_%X","$v":"%I:%M:%S %p"},{"$i":"shortTimeFormat","$v":"%I:%M %p"},{"$i":"shortTimeFormat12","$v":"%I:%M %p"},{"$i":"shortTimeFormat24","$v":"%H:%M"},{"$i":"shortDateTimeFormat","$v":"%x %I:%M %p"},{"$i":"weekStartsOnMonday","$v":"0"},{"$i":"firstDayOfTheWeek","$v":"0"},{"$i":"time_am","$v":"ए एम"},{"$i":"time_pm","$v":"पी एम"}]