[{"$i":"reset","$v":"Terugzetten"},{"$i":"start","$v":"Starten"},{"$i":"stop","$v":"Stoppen"},{"$i":"cancel","$v":"Annuleren"},{"$i":"hour","$v":"Uur"},{"$i":"hours","$v":"Uur"},{"$i":"minute","$v":"Minuut"},{"$i":"minutes","$v":"Minuten"},{"$i":"alarm","$v":"Alarm"},{"$i":"timer","$v":"Timer"},{"$i":"stopwatch","$v":"Stopwatch"},{"$i":"alarmName","placeholder":"Alarmnaam"},{"$i":"newAlarm","$v":"Nieuw alarm"},{"$i":"editAlarm","$v":"Alarm bewerken"},{"$i":"pause","$v":"Pauzeren"},{"$i":"resume","$v":"Hervatten"},{"$i":"lap","$v":"Ronde"},{"$i":"lap-number","$v":["Ronde ",{"t":"idOrVar","v":"n"}]},{"$i":"delete","$v":"Verwijderen"},{"$i":"time","$v":"Tijd"},{"$i":"snooze-label","$v":"Sluimeren"},{"$i":"snooze-button","$v":"Sluimeren"},{"$i":"repeat","$v":"Herhalen"},{"$i":"vibrate","$v":"Trillen"},{"$i":"close","$v":"Sluiten"},{"$i":"save","$v":"Opslaan"},{"$i":"done","$v":"Gereed"},{"$i":"closeButton","ariaLabel":"Sluiten"},{"$i":"newAlarmButton","ariaLabel":"Nieuw alarm"},{"$i":"alarm-volume-label","$v":"Systeemalarmvolume"},{"$i":"sound","$v":"Geluid"},{"$i":"noSound","$v":"Geen geluid"},{"$i":"everyday","$v":"Elke dag"},{"$i":"weekdays","$v":"Werkdagen"},{"$i":"weekends","$v":"Weekenden"},{"$i":"never","$v":"Nooit"},{"$i":"vibrateOn","$v":"Aan"},{"$i":"vibrateOff","$v":"Uit"},{"$i":"plusMinute","$v":"+1 min"},{"$i":"dateFormat","$v":"%A %e %B"},{"$i":"countdown-lessThanAnHour","$v":["Het alarm is ingesteld voor <strong>",{"t":"idOrVar","v":"minutes"},"</strong> vanaf nu."]},{"$i":"countdown-moreThanAnHour","$v":["Het alarm is ingesteld voor ",{"t":"idOrVar","v":"hours"}," ",{"t":"idOrVar","v":"minutes"}," vanaf nu."]},{"$i":"countdown-moreThanADay","$v":["Het alarm is ingesteld voor ",{"t":"idOrVar","v":"days"}," ",{"t":"idOrVar","v":"hours"}," vanaf nu."]},{"$i":"nMinutes","$v":{"zero":"minder dan een minuut","one":"een minuut","two":[{"t":"idOrVar","v":"n"}," minuten"],"few":[{"t":"idOrVar","v":"n"}," minuten"],"many":[{"t":"idOrVar","v":"n"}," minuten"],"other":[{"t":"idOrVar","v":"n"}," minuten"]},"$x":[{"t":"idOrVar","v":"plural"},"n"]},{"$i":"nHours","$v":{"zero":"","one":["<strong>",{"t":"idOrVar","v":"n"}," uur</strong>"],"two":["<strong>",{"t":"idOrVar","v":"n"}," uur</strong>"],"few":["<strong>",{"t":"idOrVar","v":"n"}," uur</strong>"],"many":["<strong>",{"t":"idOrVar","v":"n"}," uur</strong>"],"other":["<strong>",{"t":"idOrVar","v":"n"}," uur</strong>"]},"$x":[{"t":"idOrVar","v":"plural"},"n"]},{"$i":"nAndRemainHours","$v":{"zero":"","one":["en <strong>",{"t":"idOrVar","v":"n"}," uur</strong>"],"two":["en <strong>",{"t":"idOrVar","v":"n"}," uur</strong>"],"few":["en <strong>",{"t":"idOrVar","v":"n"}," uur</strong>"],"many":["en <strong>",{"t":"idOrVar","v":"n"}," uur</strong>"],"other":["en <strong>",{"t":"idOrVar","v":"n"}," uur</strong>"]},"$x":[{"t":"idOrVar","v":"plural"},"n"]},{"$i":"nRemainDays","$v":{"zero":"","one":["<strong>",{"t":"idOrVar","v":"n"}," dag</strong>"],"two":["<strong>",{"t":"idOrVar","v":"n"}," dagen</strong>"],"few":["<strong>",{"t":"idOrVar","v":"n"}," dagen</strong>"],"many":["<strong>",{"t":"idOrVar","v":"n"}," dagen</strong>"],"other":["<strong>",{"t":"idOrVar","v":"n"}," dagen</strong>"]},"$x":[{"t":"idOrVar","v":"plural"},"n"]},{"$i":"nRemainMinutes","$v":{"zero":"","one":["en <strong>",{"t":"idOrVar","v":"n"}," minuut</strong>"],"two":["en <strong>",{"t":"idOrVar","v":"n"}," minuten</strong>"],"few":["en <strong>",{"t":"idOrVar","v":"n"}," minuten</strong>"],"many":["en <strong>",{"t":"idOrVar","v":"n"}," minuten</strong>"],"other":["en <strong>",{"t":"idOrVar","v":"n"}," minuten</strong>"]},"$x":[{"t":"idOrVar","v":"plural"},"n"]},{"$i":"nSpinnerSeconds","$v":{"zero":"nul seconden","one":"één seconde","two":[{"t":"idOrVar","v":"n"}," seconden"],"few":[{"t":"idOrVar","v":"n"}," seconden"],"many":[{"t":"idOrVar","v":"n"}," seconden"],"other":[{"t":"idOrVar","v":"n"}," seconden"]},"$x":[{"t":"idOrVar","v":"plural"},"n"]},{"$i":"nSpinnerMinutes","$v":{"zero":"nul minuten","one":"één minuut","two":[{"t":"idOrVar","v":"n"}," minuten"],"few":[{"t":"idOrVar","v":"n"}," minuten"],"many":[{"t":"idOrVar","v":"n"}," minuten"],"other":[{"t":"idOrVar","v":"n"}," minuten"]},"$x":[{"t":"idOrVar","v":"plural"},"n"]},{"$i":"nSpinnerHours","$v":{"zero":"nul uur","one":[{"t":"idOrVar","v":"n"}," uur"],"two":[{"t":"idOrVar","v":"n"}," uur"],"few":[{"t":"idOrVar","v":"n"}," uur"],"many":[{"t":"idOrVar","v":"n"}," uur"],"other":[{"t":"idOrVar","v":"n"}," uur"]},"$x":[{"t":"idOrVar","v":"plural"},"n"]},{"$i":"ac_awake_opus","$v":"Awake"},{"$i":"ac_crystalize_opus","$v":"Crystalize"},{"$i":"ac_cycle_opus","$v":"Cycle"},{"$i":"ac_digicloud_opus","$v":"Digicloud"},{"$i":"ac_humming_waves_opus","$v":"Humming Waves"},{"$i":"ac_into_the_void_opus","$v":"Into the Void"},{"$i":"ac_lightly_opus","$v":"Lightly"},{"$i":"ac_mobile_opus","$v":"Mobile"},{"$i":"ac_pinger_opus","$v":"Pinger"},{"$i":"ac_skip_opus","$v":"Skip"},{"$i":"ac_tri_opus","$v":"Tri"},{"$i":"ac_universal_opus","$v":"Universal"},{"$i":"weekday-0-long","$v":"zondag"},{"$i":"weekday-1-long","$v":"maandag"},{"$i":"weekday-2-long","$v":"dinsdag"},{"$i":"weekday-3-long","$v":"woensdag"},{"$i":"weekday-4-long","$v":"donderdag"},{"$i":"weekday-5-long","$v":"vrijdag"},{"$i":"weekday-6-long","$v":"zaterdag"},{"$i":"weekday-0-short","$v":"zon"},{"$i":"weekday-1-short","$v":"maa"},{"$i":"weekday-2-short","$v":"din"},{"$i":"weekday-3-short","$v":"woe"},{"$i":"weekday-4-short","$v":"don"},{"$i":"weekday-5-short","$v":"vrij"},{"$i":"weekday-6-short","$v":"zat"},{"$i":"month-0-long","$v":"januari"},{"$i":"month-1-long","$v":"februari"},{"$i":"month-2-long","$v":"maart"},{"$i":"month-3-long","$v":"april"},{"$i":"month-4-long","$v":"mei"},{"$i":"month-5-long","$v":"juni"},{"$i":"month-6-long","$v":"juli"},{"$i":"month-7-long","$v":"augustus"},{"$i":"month-8-long","$v":"september"},{"$i":"month-9-long","$v":"oktober"},{"$i":"month-10-long","$v":"november"},{"$i":"month-11-long","$v":"december"},{"$i":"month-0-genitive","$v":"januari"},{"$i":"month-1-genitive","$v":"februari"},{"$i":"month-2-genitive","$v":"maart"},{"$i":"month-3-genitive","$v":"april"},{"$i":"month-4-genitive","$v":"mei"},{"$i":"month-5-genitive","$v":"juni"},{"$i":"month-6-genitive","$v":"juli"},{"$i":"month-7-genitive","$v":"augustus"},{"$i":"month-8-genitive","$v":"september"},{"$i":"month-9-genitive","$v":"oktober"},{"$i":"month-10-genitive","$v":"november"},{"$i":"month-11-genitive","$v":"december"},{"$i":"month-0-short","$v":"jan"},{"$i":"month-1-short","$v":"feb"},{"$i":"month-2-short","$v":"mrt"},{"$i":"month-3-short","$v":"apr"},{"$i":"month-4-short","$v":"mei"},{"$i":"month-5-short","$v":"jun"},{"$i":"month-6-short","$v":"jul"},{"$i":"month-7-short","$v":"aug"},{"$i":"month-8-short","$v":"sep"},{"$i":"month-9-short","$v":"okt"},{"$i":"month-10-short","$v":"nov"},{"$i":"month-11-short","$v":"dec"},{"$i":"minutes-ago-long","$v":{"zero":"zojuist","one":"een minuut geleden","two":[{"t":"idOrVar","v":"value"}," minuten geleden"],"few":[{"t":"idOrVar","v":"value"}," minuten geleden"],"many":[{"t":"idOrVar","v":"value"}," minuten geleden"],"other":[{"t":"idOrVar","v":"value"}," minuten geleden"]},"$x":[{"t":"idOrVar","v":"plural"},"value"]},{"$i":"hours-ago-long","$v":{"zero":"zojuist","one":"een uur geleden","two":[{"t":"idOrVar","v":"value"}," uur geleden"],"few":[{"t":"idOrVar","v":"value"}," uur geleden"],"many":[{"t":"idOrVar","v":"value"}," uur geleden"],"other":[{"t":"idOrVar","v":"value"}," uur geleden"]},"$x":[{"t":"idOrVar","v":"plural"},"value"]},{"$i":"days-ago-long","$v":{"zero":"vandaag","one":"gisteren","two":[{"t":"idOrVar","v":"value"}," dagen geleden"],"few":[{"t":"idOrVar","v":"value"}," dagen geleden"],"many":[{"t":"idOrVar","v":"value"}," dagen geleden"],"other":[{"t":"idOrVar","v":"value"}," dagen geleden"]},"$x":[{"t":"idOrVar","v":"plural"},"value"]},{"$i":"weeks-ago-long","$v":{"zero":"deze week","one":"vorige week","two":[{"t":"idOrVar","v":"value"}," weken geleden"],"few":[{"t":"idOrVar","v":"value"}," weken geleden"],"many":[{"t":"idOrVar","v":"value"}," weken geleden"],"other":[{"t":"idOrVar","v":"value"}," weken geleden"]},"$x":[{"t":"idOrVar","v":"plural"},"value"]},{"$i":"months-ago-long","$v":{"zero":"deze maand","one":"vorige maand","two":[{"t":"idOrVar","v":"value"}," maanden geleden"],"few":[{"t":"idOrVar","v":"value"}," maanden geleden"],"many":[{"t":"idOrVar","v":"value"}," maanden geleden"],"other":[{"t":"idOrVar","v":"value"}," maanden geleden"]},"$x":[{"t":"idOrVar","v":"plural"},"value"]},{"$i":"years-ago-long","$v":{"zero":"dit jaar","one":"vorig jaar","two":[{"t":"idOrVar","v":"value"}," jaar geleden"],"few":[{"t":"idOrVar","v":"value"}," jaar geleden"],"many":[{"t":"idOrVar","v":"value"}," jaar geleden"],"other":[{"t":"idOrVar","v":"value"}," jaar geleden"]},"$x":[{"t":"idOrVar","v":"plural"},"value"]},{"$i":"minutes-until-long","$v":{"zero":"nu","one":"zo meteen","two":["over ",{"t":"idOrVar","v":"value"}," minuten"],"few":["over ",{"t":"idOrVar","v":"value"}," minuten"],"many":["over ",{"t":"idOrVar","v":"value"}," minuten"],"other":["over ",{"t":"idOrVar","v":"value"}," minuten"]},"$x":[{"t":"idOrVar","v":"plural"},"value"]},{"$i":"hours-until-long","$v":{"zero":"nu","one":"over een uur","two":["over ",{"t":"idOrVar","v":"value"}," uur"],"few":["over ",{"t":"idOrVar","v":"value"}," uur"],"many":["over ",{"t":"idOrVar","v":"value"}," uur"],"other":["over ",{"t":"idOrVar","v":"value"}," uur"]},"$x":[{"t":"idOrVar","v":"plural"},"value"]},{"$i":"days-until-long","$v":{"zero":"vandaag","one":"morgen","two":["over ",{"t":"idOrVar","v":"value"}," dagen"],"few":["over ",{"t":"idOrVar","v":"value"}," dagen"],"many":["over ",{"t":"idOrVar","v":"value"}," dagen"],"other":["over ",{"t":"idOrVar","v":"value"}," dagen"]},"$x":[{"t":"idOrVar","v":"plural"},"value"]},{"$i":"weeks-until-long","$v":{"zero":"deze week","one":"volgende week","two":["over ",{"t":"idOrVar","v":"value"}," weken"],"few":["over ",{"t":"idOrVar","v":"value"}," weken"],"many":["over ",{"t":"idOrVar","v":"value"}," weken"],"other":["over ",{"t":"idOrVar","v":"value"}," weken"]},"$x":[{"t":"idOrVar","v":"plural"},"value"]},{"$i":"months-until-long","$v":{"zero":"deze maand","one":"volgende maand","two":["over ",{"t":"idOrVar","v":"value"}," maanden"],"few":["over ",{"t":"idOrVar","v":"value"}," maanden"],"many":["over ",{"t":"idOrVar","v":"value"}," maanden"],"other":["over ",{"t":"idOrVar","v":"value"}," maanden"]},"$x":[{"t":"idOrVar","v":"plural"},"value"]},{"$i":"years-until-long","$v":{"zero":"dit jaar","one":"volgend jaar","two":["over ",{"t":"idOrVar","v":"value"}," jaar"],"few":["over ",{"t":"idOrVar","v":"value"}," jaar"],"many":["over ",{"t":"idOrVar","v":"value"}," jaar"],"other":["over ",{"t":"idOrVar","v":"value"}," jaar"]},"$x":[{"t":"idOrVar","v":"plural"},"value"]},{"$i":"minutes-ago-short","$v":{"zero":"zojuist","other":[{"t":"idOrVar","v":"value"},"m geleden"]},"$x":[{"t":"idOrVar","v":"plural"},"value"]},{"$i":"hours-ago-short","$v":{"zero":"zojuist","other":[{"t":"idOrVar","v":"value"},"u geleden"]},"$x":[{"t":"idOrVar","v":"plural"},"value"]},{"$i":"days-ago-short","$v":{"zero":"vandaag","other":[{"t":"idOrVar","v":"value"},"d geleden"]},"$x":[{"t":"idOrVar","v":"plural"},"value"]},{"$i":"minutes-until-short","$v":{"zero":"nu","other":["over ",{"t":"idOrVar","v":"value"},"m"]},"$x":[{"t":"idOrVar","v":"plural"},"value"]},{"$i":"hours-until-short","$v":{"zero":"nu","other":["over ",{"t":"idOrVar","v":"value"},"h"]},"$x":[{"t":"idOrVar","v":"plural"},"value"]},{"$i":"days-until-short","$v":{"zero":"vandaag","other":["over ",{"t":"idOrVar","v":"value"},"d"]},"$x":[{"t":"idOrVar","v":"plural"},"value"]},{"$i":"incorrectDate","$v":"(onjuiste datum)"},{"$i":"dateTimeFormat_%c","$v":"%a %e %b %Y %H:%M:%S"},{"$i":"dateTimeFormat_%x","$v":"%d-%m-%Y"},{"$i":"dateTimeFormat_%X","$v":"%H:%M:%S"},{"$i":"shortTimeFormat","$v":"%H:%M"},{"$i":"shortTimeFormat12","$v":"%I:%M %p"},{"$i":"shortTimeFormat24","$v":"%H:%M"},{"$i":"shortDateTimeFormat","$v":"%x %H:%M"},{"$i":"weekStartsOnMonday","$v":"1"},{"$i":"firstDayOfTheWeek","$v":"1"},{"$i":"time_am","$v":"AM"},{"$i":"time_pm","$v":"PM"}]