[{"$i":"reset","$v":"Resetuj"},{"$i":"start","$v":"Uruchom"},{"$i":"stop","$v":"Zatrzymaj"},{"$i":"cancel","$v":"Anuluj"},{"$i":"hour","$v":"Godzina"},{"$i":"hours","$v":"Godziny"},{"$i":"minute","$v":"Minuta"},{"$i":"minutes","$v":"Minuty"},{"$i":"alarm","$v":"Alarm"},{"$i":"timer","$v":"Minutnik"},{"$i":"stopwatch","$v":"Stoper"},{"$i":"alarmName","placeholder":"Nazwa alarmu"},{"$i":"newAlarm","$v":"Nowy alarm"},{"$i":"editAlarm","$v":"Edytuj alarm"},{"$i":"pause","$v":"Wstrzymaj"},{"$i":"resume","$v":"Wznów"},{"$i":"lap","$v":"Runda"},{"$i":"lap-number","$v":[{"t":"idOrVar","v":"n"}," runda"]},{"$i":"delete","$v":"Usuń"},{"$i":"time","$v":"Godzina"},{"$i":"snooze-label","$v":"Drzemka"},{"$i":"snooze-button","$v":"Drzemka"},{"$i":"repeat","$v":"Dni tygodnia"},{"$i":"vibrate","$v":"Wibracje"},{"$i":"close","$v":"Zamknij"},{"$i":"save","$v":"Zapisz"},{"$i":"done","$v":"Gotowe"},{"$i":"closeButton","ariaLabel":"Zamknij"},{"$i":"newAlarmButton","ariaLabel":"Nowy alarm"},{"$i":"alarm-volume-label","$v":"Systemowa głośność alarmów"},{"$i":"sound","$v":"Dźwięk"},{"$i":"noSound","$v":"Bez dźwięku"},{"$i":"everyday","$v":"Każdego dnia"},{"$i":"weekdays","$v":"Dni robocze"},{"$i":"weekends","$v":"Weekendy"},{"$i":"never","$v":"Nigdy"},{"$i":"vibrateOn","$v":"Włączone"},{"$i":"vibrateOff","$v":"Wyłączone"},{"$i":"plusMinute","$v":"+ 1 min"},{"$i":"dateFormat","$v":"%A, %e %Eb"},{"$i":"countdown-lessThanAnHour","$v":["Ustawiony alarm uruchomi się za <strong>",{"t":"idOrVar","v":"minutes"},"</strong>"]},{"$i":"countdown-moreThanAnHour","$v":["Ustawiony alarm uruchomi się za ",{"t":"idOrVar","v":"hours"}," ",{"t":"idOrVar","v":"minutes"}]},{"$i":"countdown-moreThanADay","$v":["Ustawiony alarm uruchomi się za ",{"t":"idOrVar","v":"days"}," ",{"t":"idOrVar","v":"hours"}]},{"$i":"nMinutes","$v":{"zero":"niecałą minutę","one":"minutę","two":[{"t":"idOrVar","v":"n"}," minuty"],"few":[{"t":"idOrVar","v":"n"}," minuty"],"many":[{"t":"idOrVar","v":"n"}," minut"],"other":""},"$x":[{"t":"idOrVar","v":"plural"},"n"]},{"$i":"nHours","$v":{"zero":"","one":"<strong>godzinę</strong>","two":["<strong>",{"t":"idOrVar","v":"n"}," godziny</strong>"],"few":["<strong>",{"t":"idOrVar","v":"n"}," godziny</strong>"],"many":["<strong>",{"t":"idOrVar","v":"n"}," godzin</strong>"],"other":""},"$x":[{"t":"idOrVar","v":"plural"},"n"]},{"$i":"nAndRemainHours","$v":{"zero":"","one":"i <strong>godzinę</strong>","two":["i <strong>",{"t":"idOrVar","v":"n"}," godziny</strong>"],"few":["i <strong>",{"t":"idOrVar","v":"n"}," godziny</strong>"],"many":["i <strong>",{"t":"idOrVar","v":"n"}," godzin</strong>"],"other":""},"$x":[{"t":"idOrVar","v":"plural"},"n"]},{"$i":"nRemainDays","$v":{"zero":"","one":["<strong>",{"t":"idOrVar","v":"n"}," dzień</strong>"],"two":["<strong>",{"t":"idOrVar","v":"n"}," dni</strong>"],"few":["<strong>",{"t":"idOrVar","v":"n"}," dni</strong>"],"many":["<strong>",{"t":"idOrVar","v":"n"}," dni</strong>"],"other":""},"$x":[{"t":"idOrVar","v":"plural"},"n"]},{"$i":"nRemainMinutes","$v":{"zero":"","one":"i <strong>minutę</strong>","two":["i <strong>",{"t":"idOrVar","v":"n"}," minuty</strong>"],"few":["i <strong>",{"t":"idOrVar","v":"n"}," minuty</strong>"],"many":["i <strong>",{"t":"idOrVar","v":"n"}," minut</strong>"],"other":""},"$x":[{"t":"idOrVar","v":"plural"},"n"]},{"$i":"nSpinnerSeconds","$v":{"zero":"","one":"sekunda","two":"dwie sekundy","few":[{"t":"idOrVar","v":"n"}," sekundy"],"many":[{"t":"idOrVar","v":"n"}," sekund"],"other":""},"$x":[{"t":"idOrVar","v":"plural"},"n"]},{"$i":"nSpinnerMinutes","$v":{"zero":"","one":"minuta","two":"dwie minuty","few":[{"t":"idOrVar","v":"n"}," minuty"],"many":[{"t":"idOrVar","v":"n"}," minut"],"other":""},"$x":[{"t":"idOrVar","v":"plural"},"n"]},{"$i":"nSpinnerHours","$v":{"zero":"","one":"godzina","two":"dwie godziny","few":[{"t":"idOrVar","v":"n"}," godziny"],"many":[{"t":"idOrVar","v":"n"}," godzin"],"other":""},"$x":[{"t":"idOrVar","v":"plural"},"n"]},{"$i":"ac_awake_opus","$v":"Pobudka"},{"$i":"ac_crystalize_opus","$v":"Crystalize"},{"$i":"ac_cycle_opus","$v":"Cycle"},{"$i":"ac_digicloud_opus","$v":"Digicloud"},{"$i":"ac_humming_waves_opus","$v":"Szumiące fale"},{"$i":"ac_into_the_void_opus","$v":"Przestrzeń"},{"$i":"ac_lightly_opus","$v":"Lightly"},{"$i":"ac_mobile_opus","$v":"Mobile"},{"$i":"ac_pinger_opus","$v":"Pinger"},{"$i":"ac_skip_opus","$v":"Skip"},{"$i":"ac_tri_opus","$v":"Tri"},{"$i":"ac_universal_opus","$v":"Uniwersalny"},{"$i":"weekday-0-long","$v":"Niedziela"},{"$i":"weekday-1-long","$v":"Poniedziałek"},{"$i":"weekday-2-long","$v":"Wtorek"},{"$i":"weekday-3-long","$v":"Środa"},{"$i":"weekday-4-long","$v":"Czwartek"},{"$i":"weekday-5-long","$v":"Piątek"},{"$i":"weekday-6-long","$v":"Sobota"},{"$i":"weekday-0-short","$v":"Nd"},{"$i":"weekday-1-short","$v":"Pn"},{"$i":"weekday-2-short","$v":"Wt"},{"$i":"weekday-3-short","$v":"Śr"},{"$i":"weekday-4-short","$v":"Cz"},{"$i":"weekday-5-short","$v":"Pt"},{"$i":"weekday-6-short","$v":"Sb"},{"$i":"month-0-long","$v":"Styczeń"},{"$i":"month-1-long","$v":"Luty"},{"$i":"month-2-long","$v":"Marzec"},{"$i":"month-3-long","$v":"Kwiecień"},{"$i":"month-4-long","$v":"Maj"},{"$i":"month-5-long","$v":"Czerwiec"},{"$i":"month-6-long","$v":"Lipiec"},{"$i":"month-7-long","$v":"Sierpień"},{"$i":"month-8-long","$v":"Wrzesień"},{"$i":"month-9-long","$v":"Październik"},{"$i":"month-10-long","$v":"Listopad"},{"$i":"month-11-long","$v":"Grudzień"},{"$i":"month-0-genitive","$v":"stycznia"},{"$i":"month-1-genitive","$v":"lutego"},{"$i":"month-2-genitive","$v":"marca"},{"$i":"month-3-genitive","$v":"kwietnia"},{"$i":"month-4-genitive","$v":"maja"},{"$i":"month-5-genitive","$v":"czerwca"},{"$i":"month-6-genitive","$v":"lipca"},{"$i":"month-7-genitive","$v":"sierpnia"},{"$i":"month-8-genitive","$v":"września"},{"$i":"month-9-genitive","$v":"października"},{"$i":"month-10-genitive","$v":"listopada"},{"$i":"month-11-genitive","$v":"grudnia"},{"$i":"month-0-short","$v":"sty"},{"$i":"month-1-short","$v":"lut"},{"$i":"month-2-short","$v":"mar"},{"$i":"month-3-short","$v":"kwi"},{"$i":"month-4-short","$v":"maj"},{"$i":"month-5-short","$v":"cze"},{"$i":"month-6-short","$v":"lip"},{"$i":"month-7-short","$v":"sie"},{"$i":"month-8-short","$v":"wrz"},{"$i":"month-9-short","$v":"paź"},{"$i":"month-10-short","$v":"lis"},{"$i":"month-11-short","$v":"gru"},{"$i":"minutes-ago-long","$v":{"zero":"w tym momencie","one":"przed minutą","two":"dwie minuty temu","few":[{"t":"idOrVar","v":"value"}," minuty temu"],"many":[{"t":"idOrVar","v":"value"}," minut temu"],"other":""},"$x":[{"t":"idOrVar","v":"plural"},"value"]},{"$i":"hours-ago-long","$v":{"zero":"w tej godzinie","one":"godzinę temu","two":"dwie godziny temu","few":[{"t":"idOrVar","v":"value"}," godziny temu"],"many":[{"t":"idOrVar","v":"value"}," godzin temu"],"other":""},"$x":[{"t":"idOrVar","v":"plural"},"value"]},{"$i":"days-ago-long","$v":{"zero":"dzisiaj","one":"wczoraj","two":"przedwczoraj","few":[{"t":"idOrVar","v":"value"}," dni temu"],"many":[{"t":"idOrVar","v":"value"}," dni temu"],"other":""},"$x":[{"t":"idOrVar","v":"plural"},"value"]},{"$i":"weeks-ago-long","$v":{"zero":"w tym tygodniu","one":"w zeszłym tygodniu","two":"dwa tygodnie temu","few":[{"t":"idOrVar","v":"value"}," tygodnie temu"],"many":[{"t":"idOrVar","v":"value"}," tygodni temu"],"other":""},"$x":[{"t":"idOrVar","v":"plural"},"value"]},{"$i":"months-ago-long","$v":{"zero":"w tym miesiącu","one":"w zeszłym miesiącu","two":"dwa miesiące temu","few":[{"t":"idOrVar","v":"value"}," miesiące temu"],"many":[{"t":"idOrVar","v":"value"}," miesięcy temu"],"other":""},"$x":[{"t":"idOrVar","v":"plural"},"value"]},{"$i":"years-ago-long","$v":{"zero":"w tym roku","one":"w zeszłym roku","two":"dwa lata temu","few":[{"t":"idOrVar","v":"value"}," lata temu"],"many":[{"t":"idOrVar","v":"value"}," lat temu"],"other":""},"$x":[{"t":"idOrVar","v":"plural"},"value"]},{"$i":"minutes-until-long","$v":{"zero":"teraz","one":"za minutę","two":"za dwie minuty","few":["za ",{"t":"idOrVar","v":"value"}," minuty"],"many":["za ",{"t":"idOrVar","v":"value"}," minut"],"other":""},"$x":[{"t":"idOrVar","v":"plural"},"value"]},{"$i":"hours-until-long","$v":{"zero":"teraz","one":"za godzinę","two":"za dwie godziny","few":["za ",{"t":"idOrVar","v":"value"}," godziny"],"many":["za ",{"t":"idOrVar","v":"value"}," godzin"],"other":""},"$x":[{"t":"idOrVar","v":"plural"},"value"]},{"$i":"days-until-long","$v":{"zero":"dzisiaj","one":"jutro","two":"za dwa dni","few":["za ",{"t":"idOrVar","v":"value"}," dni"],"many":["za ",{"t":"idOrVar","v":"value"}," dni"],"other":""},"$x":[{"t":"idOrVar","v":"plural"},"value"]},{"$i":"weeks-until-long","$v":{"zero":"w tym tygodniu","one":"w przyszłym tygodniu","two":"za dwa tygodnie","few":["za ",{"t":"idOrVar","v":"value"}," tygodnie"],"many":["za ",{"t":"idOrVar","v":"value"}," tygodni"],"other":""},"$x":[{"t":"idOrVar","v":"plural"},"value"]},{"$i":"months-until-long","$v":{"zero":"w tym miesiącu","one":"w przyszłym miesiącu","two":"za dwa miesiące","few":["za ",{"t":"idOrVar","v":"value"}," miesiące"],"many":["za ",{"t":"idOrVar","v":"value"}," miesięcy"],"other":""},"$x":[{"t":"idOrVar","v":"plural"},"value"]},{"$i":"years-until-long","$v":{"zero":"w tym roku","one":"w przyszłym roku","two":"za dwa lata","few":["za ",{"t":"idOrVar","v":"value"}," lata"],"many":["za ",{"t":"idOrVar","v":"value"}," lat"],"other":""},"$x":[{"t":"idOrVar","v":"plural"},"value"]},{"$i":"minutes-ago-short","$v":{"zero":"teraz","other":[{"t":"idOrVar","v":"value"}," min temu"]},"$x":[{"t":"idOrVar","v":"plural"},"value"]},{"$i":"hours-ago-short","$v":{"zero":"teraz","other":[{"t":"idOrVar","v":"value"}," godz. temu"]},"$x":[{"t":"idOrVar","v":"plural"},"value"]},{"$i":"days-ago-short","$v":{"zero":"dzisiaj","other":[{"t":"idOrVar","v":"value"}," dni temu"]},"$x":[{"t":"idOrVar","v":"plural"},"value"]},{"$i":"minutes-until-short","$v":{"zero":"teraz","other":["za ",{"t":"idOrVar","v":"value"}," min"]},"$x":[{"t":"idOrVar","v":"plural"},"value"]},{"$i":"hours-until-short","$v":{"zero":"teraz","other":["za ",{"t":"idOrVar","v":"value"}," godz."]},"$x":[{"t":"idOrVar","v":"plural"},"value"]},{"$i":"days-until-short","$v":{"zero":"dzisiaj","other":["za ",{"t":"idOrVar","v":"value"}," dni"]},"$x":[{"t":"idOrVar","v":"plural"},"value"]},{"$i":"incorrectDate","$v":"(nieprawidłowa data)"},{"$i":"dateTimeFormat_%c","$v":"%a, %e %b %Y, %H:%M:%S"},{"$i":"dateTimeFormat_%x","$v":"%e.%m.%Y"},{"$i":"dateTimeFormat_%X","$v":"%H:%M:%S"},{"$i":"shortTimeFormat","$v":"%H:%M"},{"$i":"shortTimeFormat12","$v":"%I:%M a.m."},{"$i":"shortTimeFormat24","$v":"%H:%M"},{"$i":"shortDateTimeFormat","$v":"%x %H:%M"},{"$i":"weekStartsOnMonday","$v":"1"},{"$i":"firstDayOfTheWeek","$v":"1"},{"$i":"time_am","$v":"a.m."},{"$i":"time_pm","$v":"p.m."}]