[{"$i":"reset","$v":"Redefinir"},{"$i":"start","$v":"Iniciar"},{"$i":"stop","$v":"Parar"},{"$i":"cancel","$v":"Cancelar"},{"$i":"hour","$v":"Hora"},{"$i":"hours","$v":"Horas"},{"$i":"minute","$v":"Minuto"},{"$i":"minutes","$v":"Minutos"},{"$i":"alarm","$v":"Alarme"},{"$i":"timer","$v":"Temporizador"},{"$i":"stopwatch","$v":"Cronômetro"},{"$i":"alarmName","placeholder":"Nome do alarme"},{"$i":"newAlarm","$v":"Novo alarme"},{"$i":"editAlarm","$v":"Editar alarme"},{"$i":"pause","$v":"Pausar"},{"$i":"resume","$v":"Continuar"},{"$i":"lap","$v":"Volta"},{"$i":"lap-number","$v":["Volta ",{"t":"idOrVar","v":"n"}]},{"$i":"delete","$v":"Apagar"},{"$i":"time","$v":"Horário"},{"$i":"snooze-label","$v":"Soneca"},{"$i":"snooze-button","$v":"Soneca"},{"$i":"repeat","$v":"Repetir"},{"$i":"vibrate","$v":"Vibração"},{"$i":"close","$v":"Fechar"},{"$i":"save","$v":"Salvar"},{"$i":"done","$v":"Concluído"},{"$i":"closeButton","ariaLabel":"Fechar"},{"$i":"newAlarmButton","ariaLabel":"Novo alarme"},{"$i":"alarm-volume-label","$v":"Volume global do alarme"},{"$i":"sound","$v":"Som"},{"$i":"noSound","$v":"Sem som"},{"$i":"everyday","$v":"Todos os dias"},{"$i":"weekdays","$v":"Dias úteis"},{"$i":"weekends","$v":"Finais de semana"},{"$i":"never","$v":"Nunca"},{"$i":"vibrateOn","$v":"Ativada"},{"$i":"vibrateOff","$v":"Desativada"},{"$i":"plusMinute","$v":"+1 min"},{"$i":"dateFormat","$v":"%a, %e de %B"},{"$i":"countdown-lessThanAnHour","$v":["Alarme ajustado para daqui a <strong>",{"t":"idOrVar","v":"minutes"},"</strong>."]},{"$i":"countdown-moreThanAnHour","$v":["Alarme ajustado para daqui a ",{"t":"idOrVar","v":"hours"}," ",{"t":"idOrVar","v":"minutes"},"."]},{"$i":"countdown-moreThanADay","$v":["Alarme ajustado para daqui a ",{"t":"idOrVar","v":"days"}," ",{"t":"idOrVar","v":"hours"},"."]},{"$i":"nMinutes","$v":{"zero":"menos de um minuto","one":"um minuto","two":[{"t":"idOrVar","v":"n"}," minutos"],"few":[{"t":"idOrVar","v":"n"}," minutos"],"many":[{"t":"idOrVar","v":"n"}," minutos"],"other":[{"t":"idOrVar","v":"n"}," minutos"]},"$x":[{"t":"idOrVar","v":"plural"},"n"]},{"$i":"nHours","$v":{"zero":"","one":["<strong>",{"t":"idOrVar","v":"n"}," hora</strong>"],"two":["<strong>",{"t":"idOrVar","v":"n"}," horas</strong>"],"few":["<strong>",{"t":"idOrVar","v":"n"}," horas</strong>"],"many":["<strong>",{"t":"idOrVar","v":"n"}," horas</strong>"],"other":["<strong>",{"t":"idOrVar","v":"n"}," horas</strong>"]},"$x":[{"t":"idOrVar","v":"plural"},"n"]},{"$i":"nAndRemainHours","$v":{"zero":"","one":["e <strong>",{"t":"idOrVar","v":"n"}," hora</strong>"],"two":["e <strong>",{"t":"idOrVar","v":"n"}," horas</strong>"],"few":["e <strong>",{"t":"idOrVar","v":"n"}," horas</strong>"],"many":["e <strong>",{"t":"idOrVar","v":"n"}," horas</strong>"],"other":["e <strong>",{"t":"idOrVar","v":"n"}," horas</strong>"]},"$x":[{"t":"idOrVar","v":"plural"},"n"]},{"$i":"nRemainDays","$v":{"zero":"","one":["<strong>",{"t":"idOrVar","v":"n"}," dia</strong>"],"two":["<strong>",{"t":"idOrVar","v":"n"}," dias</strong>"],"few":["<strong>",{"t":"idOrVar","v":"n"}," dias</strong>"],"many":["<strong>",{"t":"idOrVar","v":"n"}," dias</strong>"],"other":["<strong>",{"t":"idOrVar","v":"n"}," dias</strong>"]},"$x":[{"t":"idOrVar","v":"plural"},"n"]},{"$i":"nRemainMinutes","$v":{"zero":"","one":["e <strong>",{"t":"idOrVar","v":"n"}," minuto</strong>"],"two":["e <strong>",{"t":"idOrVar","v":"n"}," minutos</strong>"],"few":["e <strong>",{"t":"idOrVar","v":"n"}," minutos</strong>"],"many":["e <strong>",{"t":"idOrVar","v":"n"}," minutos</strong>"],"other":["e <strong>",{"t":"idOrVar","v":"n"}," minutos</strong>"]},"$x":[{"t":"idOrVar","v":"plural"},"n"]},{"$i":"nSpinnerSeconds","$v":{"zero":"zero segundos","one":"um segundo","two":[{"t":"idOrVar","v":"n"}," segundos"],"few":[{"t":"idOrVar","v":"n"}," segundos"],"many":[{"t":"idOrVar","v":"n"}," segundos"],"other":[{"t":"idOrVar","v":"n"}," segundos"]},"$x":[{"t":"idOrVar","v":"plural"},"n"]},{"$i":"nSpinnerMinutes","$v":{"zero":"zero minutos","one":"um minuto","two":[{"t":"idOrVar","v":"n"}," minutos"],"few":[{"t":"idOrVar","v":"n"}," minutos"],"many":[{"t":"idOrVar","v":"n"}," minutos"],"other":[{"t":"idOrVar","v":"n"}," minutos"]},"$x":[{"t":"idOrVar","v":"plural"},"n"]},{"$i":"nSpinnerHours","$v":{"zero":"zero horas","one":[{"t":"idOrVar","v":"n"}," hora"],"two":[{"t":"idOrVar","v":"n"}," horas"],"few":[{"t":"idOrVar","v":"n"}," horas"],"many":[{"t":"idOrVar","v":"n"}," horas"],"other":[{"t":"idOrVar","v":"n"}," horas"]},"$x":[{"t":"idOrVar","v":"plural"},"n"]},{"$i":"ac_awake_opus","$v":"Acordado"},{"$i":"ac_crystalize_opus","$v":"Cristalizar"},{"$i":"ac_cycle_opus","$v":"Ciclo"},{"$i":"ac_digicloud_opus","$v":"Digicloud"},{"$i":"ac_humming_waves_opus","$v":"Ondas"},{"$i":"ac_into_the_void_opus","$v":"Ao nada"},{"$i":"ac_lightly_opus","$v":"Calmo"},{"$i":"ac_mobile_opus","$v":"Mobile"},{"$i":"ac_pinger_opus","$v":"Pinger"},{"$i":"ac_skip_opus","$v":"Pular"},{"$i":"ac_tri_opus","$v":"Tri"},{"$i":"ac_universal_opus","$v":"Universal"},{"$i":"weekday-0-long","$v":"Domingo"},{"$i":"weekday-1-long","$v":"Segunda-feira"},{"$i":"weekday-2-long","$v":"Terça-feira"},{"$i":"weekday-3-long","$v":"Quarta-feira"},{"$i":"weekday-4-long","$v":"Quinta-feira"},{"$i":"weekday-5-long","$v":"Sexta-feira"},{"$i":"weekday-6-long","$v":"Sábado"},{"$i":"weekday-0-short","$v":"Dom"},{"$i":"weekday-1-short","$v":"Seg"},{"$i":"weekday-2-short","$v":"Ter"},{"$i":"weekday-3-short","$v":"Qua"},{"$i":"weekday-4-short","$v":"Qui"},{"$i":"weekday-5-short","$v":"Sex"},{"$i":"weekday-6-short","$v":"Sáb"},{"$i":"month-0-long","$v":"Janeiro"},{"$i":"month-1-long","$v":"Fevereiro"},{"$i":"month-2-long","$v":"Março"},{"$i":"month-3-long","$v":"Abril"},{"$i":"month-4-long","$v":"Maio"},{"$i":"month-5-long","$v":"Junho"},{"$i":"month-6-long","$v":"Julho"},{"$i":"month-7-long","$v":"Agosto"},{"$i":"month-8-long","$v":"Setembro"},{"$i":"month-9-long","$v":"Outubro"},{"$i":"month-10-long","$v":"Novembro"},{"$i":"month-11-long","$v":"Dezembro"},{"$i":"month-0-genitive","$v":"Janeiro"},{"$i":"month-1-genitive","$v":"Fevereiro"},{"$i":"month-2-genitive","$v":"Março"},{"$i":"month-3-genitive","$v":"Abril"},{"$i":"month-4-genitive","$v":"Maio"},{"$i":"month-5-genitive","$v":"Junho"},{"$i":"month-6-genitive","$v":"Julho"},{"$i":"month-7-genitive","$v":"Agosto"},{"$i":"month-8-genitive","$v":"Setembro"},{"$i":"month-9-genitive","$v":"Outubro"},{"$i":"month-10-genitive","$v":"Novembro"},{"$i":"month-11-genitive","$v":"Dezembro"},{"$i":"month-0-short","$v":"Jan"},{"$i":"month-1-short","$v":"Fev"},{"$i":"month-2-short","$v":"Mar"},{"$i":"month-3-short","$v":"Abr"},{"$i":"month-4-short","$v":"Mai"},{"$i":"month-5-short","$v":"Jun"},{"$i":"month-6-short","$v":"Jul"},{"$i":"month-7-short","$v":"Ago"},{"$i":"month-8-short","$v":"Set"},{"$i":"month-9-short","$v":"Out"},{"$i":"month-10-short","$v":"Nov"},{"$i":"month-11-short","$v":"Dez"},{"$i":"minutes-ago-long","$v":{"zero":"há pouco","one":"um minuto atrás","two":[{"t":"idOrVar","v":"value"}," minutos atrás"],"few":[{"t":"idOrVar","v":"value"}," minutos atrás"],"many":[{"t":"idOrVar","v":"value"}," minutos atrás"],"other":[{"t":"idOrVar","v":"value"}," minutos atrás"]},"$x":[{"t":"idOrVar","v":"plural"},"value"]},{"$i":"hours-ago-long","$v":{"zero":"há pouco","one":"uma hora atrás","two":[{"t":"idOrVar","v":"value"}," horas atrás"],"few":[{"t":"idOrVar","v":"value"}," horas atrás"],"many":[{"t":"idOrVar","v":"value"}," horas atrás"],"other":[{"t":"idOrVar","v":"value"}," horas atrás"]},"$x":[{"t":"idOrVar","v":"plural"},"value"]},{"$i":"days-ago-long","$v":{"zero":"hoje","one":"ontem","two":[{"t":"idOrVar","v":"value"}," dias atrás"],"few":[{"t":"idOrVar","v":"value"}," dias atrás"],"many":[{"t":"idOrVar","v":"value"}," dias atrás"],"other":[{"t":"idOrVar","v":"value"}," dias atrás"]},"$x":[{"t":"idOrVar","v":"plural"},"value"]},{"$i":"weeks-ago-long","$v":{"zero":"esta semana","one":"semana passada","two":[{"t":"idOrVar","v":"value"}," semanas atrás"],"few":[{"t":"idOrVar","v":"value"}," semanas atrás"],"many":[{"t":"idOrVar","v":"value"}," semanas atrás"],"other":[{"t":"idOrVar","v":"value"}," semanas atrás"]},"$x":[{"t":"idOrVar","v":"plural"},"value"]},{"$i":"months-ago-long","$v":{"zero":"este mês","one":"mês passado","two":[{"t":"idOrVar","v":"value"}," meses atrás"],"few":[{"t":"idOrVar","v":"value"}," meses atrás"],"many":[{"t":"idOrVar","v":"value"}," meses atrás"],"other":[{"t":"idOrVar","v":"value"}," meses atrás"]},"$x":[{"t":"idOrVar","v":"plural"},"value"]},{"$i":"years-ago-long","$v":{"zero":"este ano","one":"ano passado","two":[{"t":"idOrVar","v":"value"}," anos atrás"],"few":[{"t":"idOrVar","v":"value"}," anos atrás"],"many":[{"t":"idOrVar","v":"value"}," anos atrás"],"other":[{"t":"idOrVar","v":"value"}," anos atrás"]},"$x":[{"t":"idOrVar","v":"plural"},"value"]},{"$i":"minutes-until-long","$v":{"zero":"agora","one":"em um minuto","two":["em ",{"t":"idOrVar","v":"value"}," minutos"],"few":["em ",{"t":"idOrVar","v":"value"}," minutos"],"many":["em ",{"t":"idOrVar","v":"value"}," minutos"],"other":["em ",{"t":"idOrVar","v":"value"}," minutos"]},"$x":[{"t":"idOrVar","v":"plural"},"value"]},{"$i":"hours-until-long","$v":{"zero":"agora","one":"em uma hora","two":["em ",{"t":"idOrVar","v":"value"}," horas"],"few":["em ",{"t":"idOrVar","v":"value"}," horas"],"many":["em ",{"t":"idOrVar","v":"value"}," horas"],"other":["em ",{"t":"idOrVar","v":"value"}," horas"]},"$x":[{"t":"idOrVar","v":"plural"},"value"]},{"$i":"days-until-long","$v":{"zero":"hoje","one":"amanhã","two":["em ",{"t":"idOrVar","v":"value"}," dias"],"few":["em ",{"t":"idOrVar","v":"value"}," dias"],"many":["em ",{"t":"idOrVar","v":"value"}," dias"],"other":["em ",{"t":"idOrVar","v":"value"}," dias"]},"$x":[{"t":"idOrVar","v":"plural"},"value"]},{"$i":"weeks-until-long","$v":{"zero":"esta semana","one":"semana que vem","two":["em ",{"t":"idOrVar","v":"value"}," semanas"],"few":["em ",{"t":"idOrVar","v":"value"}," semanas"],"many":["em ",{"t":"idOrVar","v":"value"}," semanas"],"other":["em ",{"t":"idOrVar","v":"value"}," semanas"]},"$x":[{"t":"idOrVar","v":"plural"},"value"]},{"$i":"months-until-long","$v":{"zero":"este mês","one":"mês que vem","two":["em ",{"t":"idOrVar","v":"value"}," meses"],"few":["em ",{"t":"idOrVar","v":"value"}," meses"],"many":["em ",{"t":"idOrVar","v":"value"}," meses"],"other":["em ",{"t":"idOrVar","v":"value"}," meses"]},"$x":[{"t":"idOrVar","v":"plural"},"value"]},{"$i":"years-until-long","$v":{"zero":"este ano","one":"ano que vem","two":["em ",{"t":"idOrVar","v":"value"}," anos"],"few":["em ",{"t":"idOrVar","v":"value"}," anos"],"many":["em ",{"t":"idOrVar","v":"value"}," anos"],"other":["em ",{"t":"idOrVar","v":"value"}," anos"]},"$x":[{"t":"idOrVar","v":"plural"},"value"]},{"$i":"minutes-ago-short","$v":{"zero":"há pouco","other":[{"t":"idOrVar","v":"value"},"min atrás"]},"$x":[{"t":"idOrVar","v":"plural"},"value"]},{"$i":"hours-ago-short","$v":{"zero":"há pouco","other":[{"t":"idOrVar","v":"value"},"h atrás"]},"$x":[{"t":"idOrVar","v":"plural"},"value"]},{"$i":"days-ago-short","$v":{"zero":"hoje","other":[{"t":"idOrVar","v":"value"},"d atrás"]},"$x":[{"t":"idOrVar","v":"plural"},"value"]},{"$i":"minutes-until-short","$v":{"zero":"agora","other":["em ",{"t":"idOrVar","v":"value"},"min"]},"$x":[{"t":"idOrVar","v":"plural"},"value"]},{"$i":"hours-until-short","$v":{"zero":"agora","other":["em ",{"t":"idOrVar","v":"value"},"h"]},"$x":[{"t":"idOrVar","v":"plural"},"value"]},{"$i":"days-until-short","$v":{"zero":"hoje","other":["em ",{"t":"idOrVar","v":"value"},"d"]},"$x":[{"t":"idOrVar","v":"plural"},"value"]},{"$i":"incorrectDate","$v":"(data incorreta)"},{"$i":"dateTimeFormat_%c","$v":"%A, %e de %B de %Y %H h %M min %S s"},{"$i":"dateTimeFormat_%x","$v":"%d/%m/%Y"},{"$i":"dateTimeFormat_%X","$v":"%H h %M min %S s"},{"$i":"shortTimeFormat","$v":"%H:%M"},{"$i":"shortTimeFormat12","$v":"%I:%M %p"},{"$i":"shortTimeFormat24","$v":"%H:%M"},{"$i":"shortDateTimeFormat","$v":"%x %H:%M"},{"$i":"weekStartsOnMonday","$v":"0"},{"$i":"firstDayOfTheWeek","$v":"0"},{"$i":"time_am","$v":"AM"},{"$i":"time_pm","$v":"PM"}]