[{"$i":"reset","$v":"Сброс"},{"$i":"start","$v":"Запустить"},{"$i":"stop","$v":"Остановить"},{"$i":"cancel","$v":"Отменить"},{"$i":"hour","$v":"Час"},{"$i":"hours","$v":"Часы"},{"$i":"minute","$v":"Минута"},{"$i":"minutes","$v":"Минуты"},{"$i":"alarm","$v":"Будильник"},{"$i":"timer","$v":"Таймер"},{"$i":"stopwatch","$v":"Секундомер"},{"$i":"alarmName","placeholder":"Имя будильника"},{"$i":"newAlarm","$v":"Создание"},{"$i":"editAlarm","$v":"Изменение"},{"$i":"pause","$v":"Приостановить"},{"$i":"resume","$v":"Возобновить"},{"$i":"lap","$v":"Круг"},{"$i":"lap-number","$v":["Круг ",{"t":"idOrVar","v":"n"}]},{"$i":"delete","$v":"Удалить"},{"$i":"time","$v":"Время"},{"$i":"snooze-label","$v":"Вздремнуть"},{"$i":"snooze-button","$v":"Вздремнуть"},{"$i":"repeat","$v":"Повторять"},{"$i":"vibrate","$v":"Вибрация"},{"$i":"close","$v":"Закрыть"},{"$i":"save","$v":"Сохранить"},{"$i":"done","$v":"Готово"},{"$i":"closeButton","ariaLabel":"Закрыть"},{"$i":"newAlarmButton","ariaLabel":"Новый будильник"},{"$i":"alarm-volume-label","$v":"Громкость будильника"},{"$i":"sound","$v":"Звук"},{"$i":"noSound","$v":"Без звука"},{"$i":"everyday","$v":"Каждый день"},{"$i":"weekdays","$v":"Будни"},{"$i":"weekends","$v":"Выходные"},{"$i":"never","$v":"Никогда"},{"$i":"vibrateOn","$v":"Включена"},{"$i":"vibrateOff","$v":"Отключена"},{"$i":"plusMinute","$v":"+1 мин"},{"$i":"dateFormat","$v":"%A, %e %Eb"},{"$i":"countdown-lessThanAnHour","$v":["Будильник сработает через <strong>",{"t":"idOrVar","v":"minutes"},"</strong>."]},{"$i":"countdown-moreThanAnHour","$v":["Будильник сработает через ",{"t":"idOrVar","v":"hours"}," ",{"t":"idOrVar","v":"minutes"},"."]},{"$i":"countdown-moreThanADay","$v":["Будильник сработает через ",{"t":"idOrVar","v":"days"}," ",{"t":"idOrVar","v":"hours"},"."]},{"$i":"nMinutes","$v":{"zero":"меньше чем минуту","one":[{"t":"idOrVar","v":"n"}," минуту"],"two":[{"t":"idOrVar","v":"n"}," минуты"],"few":[{"t":"idOrVar","v":"n"}," минуты"],"many":[{"t":"idOrVar","v":"n"}," минут"],"other":[{"t":"idOrVar","v":"n"}," минут"]},"$x":[{"t":"idOrVar","v":"plural"},"n"]},{"$i":"nHours","$v":{"zero":"","one":["<strong>",{"t":"idOrVar","v":"n"}," час</strong>"],"two":["<strong>",{"t":"idOrVar","v":"n"}," часа</strong>"],"few":["<strong>",{"t":"idOrVar","v":"n"}," часа</strong>"],"many":["<strong>",{"t":"idOrVar","v":"n"}," часов</strong>"],"other":["<strong>",{"t":"idOrVar","v":"n"}," часов</strong>"]},"$x":[{"t":"idOrVar","v":"plural"},"n"]},{"$i":"nAndRemainHours","$v":{"zero":"","one":["и <strong>",{"t":"idOrVar","v":"n"}," час</strong>"],"two":["и <strong>",{"t":"idOrVar","v":"n"}," часа</strong>"],"few":["и <strong>",{"t":"idOrVar","v":"n"}," часа</strong>"],"many":["и <strong>",{"t":"idOrVar","v":"n"}," часов</strong>"],"other":["и <strong>",{"t":"idOrVar","v":"n"}," часов</strong>"]},"$x":[{"t":"idOrVar","v":"plural"},"n"]},{"$i":"nRemainDays","$v":{"zero":"","one":["<strong>",{"t":"idOrVar","v":"n"}," день</strong>"],"two":["<strong>",{"t":"idOrVar","v":"n"}," дня</strong>"],"few":["<strong>",{"t":"idOrVar","v":"n"}," дня</strong>"],"many":["<strong>",{"t":"idOrVar","v":"n"}," дней</strong>"],"other":["<strong>",{"t":"idOrVar","v":"n"}," дней</strong>"]},"$x":[{"t":"idOrVar","v":"plural"},"n"]},{"$i":"nRemainMinutes","$v":{"zero":"","one":["<strong>",{"t":"idOrVar","v":"n"}," минуту</strong>"],"two":["<strong>",{"t":"idOrVar","v":"n"}," минуты</strong>"],"few":["<strong>",{"t":"idOrVar","v":"n"}," минуты</strong>"],"many":["<strong>",{"t":"idOrVar","v":"n"}," минут</strong>"],"other":["<strong>",{"t":"idOrVar","v":"n"}," минут</strong>"]},"$x":[{"t":"idOrVar","v":"plural"},"n"]},{"$i":"nSpinnerSeconds","$v":{"zero":"0 секунд","one":[{"t":"idOrVar","v":"n"}," секунда"],"two":[{"t":"idOrVar","v":"n"}," секунды"],"few":[{"t":"idOrVar","v":"n"}," секунды"],"many":[{"t":"idOrVar","v":"n"}," секунд"],"other":[{"t":"idOrVar","v":"n"}," секунд"]},"$x":[{"t":"idOrVar","v":"plural"},"n"]},{"$i":"nSpinnerMinutes","$v":{"zero":"0 минут","one":[{"t":"idOrVar","v":"n"}," минута"],"two":[{"t":"idOrVar","v":"n"}," минуты"],"few":[{"t":"idOrVar","v":"n"}," минуты"],"many":[{"t":"idOrVar","v":"n"}," минут"],"other":[{"t":"idOrVar","v":"n"}," минут"]},"$x":[{"t":"idOrVar","v":"plural"},"n"]},{"$i":"nSpinnerHours","$v":{"zero":"0 часов","one":[{"t":"idOrVar","v":"n"}," час"],"two":[{"t":"idOrVar","v":"n"}," часа"],"few":[{"t":"idOrVar","v":"n"}," часа"],"many":[{"t":"idOrVar","v":"n"}," часов"],"other":[{"t":"idOrVar","v":"n"}," часов"]},"$x":[{"t":"idOrVar","v":"plural"},"n"]},{"$i":"ac_awake_opus","$v":"Проснись"},{"$i":"ac_crystalize_opus","$v":"Кристаллы"},{"$i":"ac_cycle_opus","$v":"Цикл"},{"$i":"ac_digicloud_opus","$v":"Облако цифр"},{"$i":"ac_humming_waves_opus","$v":"Гудящие волны"},{"$i":"ac_into_the_void_opus","$v":"В пустоту"},{"$i":"ac_lightly_opus","$v":"Светлый"},{"$i":"ac_mobile_opus","$v":"Мобильный"},{"$i":"ac_pinger_opus","$v":"Пингер"},{"$i":"ac_skip_opus","$v":"Прыжки"},{"$i":"ac_tri_opus","$v":"Tri"},{"$i":"ac_universal_opus","$v":"Универсальный"},{"$i":"weekday-0-long","$v":"Воскресенье"},{"$i":"weekday-1-long","$v":"Понедельник"},{"$i":"weekday-2-long","$v":"Вторник"},{"$i":"weekday-3-long","$v":"Среда"},{"$i":"weekday-4-long","$v":"Четверг"},{"$i":"weekday-5-long","$v":"Пятница"},{"$i":"weekday-6-long","$v":"Суббота"},{"$i":"weekday-0-short","$v":"Вс"},{"$i":"weekday-1-short","$v":"Пн"},{"$i":"weekday-2-short","$v":"Вт"},{"$i":"weekday-3-short","$v":"Ср"},{"$i":"weekday-4-short","$v":"Чт"},{"$i":"weekday-5-short","$v":"Пт"},{"$i":"weekday-6-short","$v":"Сб"},{"$i":"month-0-long","$v":"Январь"},{"$i":"month-1-long","$v":"Февраль"},{"$i":"month-2-long","$v":"Март"},{"$i":"month-3-long","$v":"Апрель"},{"$i":"month-4-long","$v":"Май"},{"$i":"month-5-long","$v":"Июнь"},{"$i":"month-6-long","$v":"Июль"},{"$i":"month-7-long","$v":"Август"},{"$i":"month-8-long","$v":"Сентябрь"},{"$i":"month-9-long","$v":"Октябрь"},{"$i":"month-10-long","$v":"Ноябрь"},{"$i":"month-11-long","$v":"Декабрь"},{"$i":"month-0-genitive","$v":"января"},{"$i":"month-1-genitive","$v":"февраля"},{"$i":"month-2-genitive","$v":"марта"},{"$i":"month-3-genitive","$v":"апреля"},{"$i":"month-4-genitive","$v":"мая"},{"$i":"month-5-genitive","$v":"июня"},{"$i":"month-6-genitive","$v":"июля"},{"$i":"month-7-genitive","$v":"августа"},{"$i":"month-8-genitive","$v":"сентября"},{"$i":"month-9-genitive","$v":"октября"},{"$i":"month-10-genitive","$v":"ноября"},{"$i":"month-11-genitive","$v":"декабря"},{"$i":"month-0-short","$v":"Январь"},{"$i":"month-1-short","$v":"Февраль"},{"$i":"month-2-short","$v":"Март"},{"$i":"month-3-short","$v":"Апрель"},{"$i":"month-4-short","$v":"Май"},{"$i":"month-5-short","$v":"Июнь"},{"$i":"month-6-short","$v":"Июль"},{"$i":"month-7-short","$v":"Август"},{"$i":"month-8-short","$v":"Сентябрь"},{"$i":"month-9-short","$v":"Октябрь"},{"$i":"month-10-short","$v":"Ноябрь"},{"$i":"month-11-short","$v":"Декабрь"},{"$i":"minutes-ago-long","$v":{"zero":"прямо сейчас","one":[{"t":"idOrVar","v":"value"}," минуту назад"],"two":[{"t":"idOrVar","v":"value"}," минуты назад"],"few":[{"t":"idOrVar","v":"value"}," минуты назад"],"many":[{"t":"idOrVar","v":"value"}," минут назад"],"other":[{"t":"idOrVar","v":"value"}," минут назад"]},"$x":[{"t":"idOrVar","v":"plural"},"value"]},{"$i":"hours-ago-long","$v":{"zero":"прямо сейчас","one":[{"t":"idOrVar","v":"value"}," час назад"],"two":[{"t":"idOrVar","v":"value"}," часа назад"],"few":[{"t":"idOrVar","v":"value"}," часа назад"],"many":[{"t":"idOrVar","v":"value"}," часов назад"],"other":[{"t":"idOrVar","v":"value"}," часов назад"]},"$x":[{"t":"idOrVar","v":"plural"},"value"]},{"$i":"days-ago-long","$v":{"zero":"сегодня","one":[{"t":"idOrVar","v":"value"}," день назад"],"two":[{"t":"idOrVar","v":"value"}," дня назад"],"few":[{"t":"idOrVar","v":"value"}," дня назад"],"many":[{"t":"idOrVar","v":"value"}," дней назад"],"other":[{"t":"idOrVar","v":"value"}," дней назад"]},"$x":[{"t":"idOrVar","v":"plural"},"value"]},{"$i":"weeks-ago-long","$v":{"zero":"эта неделя","one":[{"t":"idOrVar","v":"value"}," неделя назад"],"two":[{"t":"idOrVar","v":"value"}," недели назад"],"few":[{"t":"idOrVar","v":"value"}," недели назад"],"many":[{"t":"idOrVar","v":"value"}," недель назад"],"other":[{"t":"idOrVar","v":"value"}," недель назад"]},"$x":[{"t":"idOrVar","v":"plural"},"value"]},{"$i":"months-ago-long","$v":{"zero":"этот месяц","one":[{"t":"idOrVar","v":"value"}," месяц назад"],"two":[{"t":"idOrVar","v":"value"}," месяца назад"],"few":[{"t":"idOrVar","v":"value"}," месяца назад"],"many":[{"t":"idOrVar","v":"value"}," месяцев назад"],"other":[{"t":"idOrVar","v":"value"}," месяцев назад"]},"$x":[{"t":"idOrVar","v":"plural"},"value"]},{"$i":"years-ago-long","$v":{"zero":"этот год","one":[{"t":"idOrVar","v":"value"}," год назад"],"two":[{"t":"idOrVar","v":"value"}," года назад"],"few":[{"t":"idOrVar","v":"value"}," года назад"],"many":[{"t":"idOrVar","v":"value"}," лет назад"],"other":[{"t":"idOrVar","v":"value"}," лет назад"]},"$x":[{"t":"idOrVar","v":"plural"},"value"]},{"$i":"minutes-until-long","$v":{"zero":"сейчас","one":["через ",{"t":"idOrVar","v":"value"}," минуту"],"two":["через ",{"t":"idOrVar","v":"value"}," минуты"],"few":["через ",{"t":"idOrVar","v":"value"}," минуты"],"many":["через ",{"t":"idOrVar","v":"value"}," минут"],"other":["через ",{"t":"idOrVar","v":"value"}," минут"]},"$x":[{"t":"idOrVar","v":"plural"},"value"]},{"$i":"hours-until-long","$v":{"zero":"сейчас","one":["через ",{"t":"idOrVar","v":"value"}," час"],"two":["через ",{"t":"idOrVar","v":"value"}," часа"],"few":["через ",{"t":"idOrVar","v":"value"}," часа"],"many":["через ",{"t":"idOrVar","v":"value"}," часов"],"other":["через ",{"t":"idOrVar","v":"value"}," часов"]},"$x":[{"t":"idOrVar","v":"plural"},"value"]},{"$i":"days-until-long","$v":{"zero":"сегодня","one":["через ",{"t":"idOrVar","v":"value"}," день"],"two":["через ",{"t":"idOrVar","v":"value"}," дня"],"few":["через ",{"t":"idOrVar","v":"value"}," дня"],"many":["через ",{"t":"idOrVar","v":"value"}," дней"],"other":["через ",{"t":"idOrVar","v":"value"}," дней"]},"$x":[{"t":"idOrVar","v":"plural"},"value"]},{"$i":"weeks-until-long","$v":{"zero":"эта неделя","one":["через ",{"t":"idOrVar","v":"value"}," неделю"],"two":["через ",{"t":"idOrVar","v":"value"}," недели"],"few":["через ",{"t":"idOrVar","v":"value"}," недели"],"many":["через ",{"t":"idOrVar","v":"value"}," недель"],"other":["через ",{"t":"idOrVar","v":"value"}," недель"]},"$x":[{"t":"idOrVar","v":"plural"},"value"]},{"$i":"months-until-long","$v":{"zero":"этот месяц","one":["через ",{"t":"idOrVar","v":"value"}," месяц"],"two":["через ",{"t":"idOrVar","v":"value"}," месяца"],"few":["через ",{"t":"idOrVar","v":"value"}," месяца"],"many":["через ",{"t":"idOrVar","v":"value"}," месяцев"],"other":["через ",{"t":"idOrVar","v":"value"}," месяцев"]},"$x":[{"t":"idOrVar","v":"plural"},"value"]},{"$i":"years-until-long","$v":{"zero":"этот год","one":["через ",{"t":"idOrVar","v":"value"}," год"],"two":["через ",{"t":"idOrVar","v":"value"}," года"],"few":["через ",{"t":"idOrVar","v":"value"}," года"],"many":["через ",{"t":"idOrVar","v":"value"}," лет"],"other":["через ",{"t":"idOrVar","v":"value"}," лет"]},"$x":[{"t":"idOrVar","v":"plural"},"value"]},{"$i":"minutes-ago-short","$v":{"zero":"сейчас","other":[{"t":"idOrVar","v":"value"},"м назад"]},"$x":[{"t":"idOrVar","v":"plural"},"value"]},{"$i":"hours-ago-short","$v":{"zero":"сейчас","other":[{"t":"idOrVar","v":"value"},"ч назад"]},"$x":[{"t":"idOrVar","v":"plural"},"value"]},{"$i":"days-ago-short","$v":{"zero":"сегодня","other":[{"t":"idOrVar","v":"value"},"д назад"]},"$x":[{"t":"idOrVar","v":"plural"},"value"]},{"$i":"minutes-until-short","$v":{"zero":"сейчас","other":["через ",{"t":"idOrVar","v":"value"},"м"]},"$x":[{"t":"idOrVar","v":"plural"},"value"]},{"$i":"hours-until-short","$v":{"zero":"сейчас","other":["через ",{"t":"idOrVar","v":"value"},"ч"]},"$x":[{"t":"idOrVar","v":"plural"},"value"]},{"$i":"days-until-short","$v":{"zero":"сегодня","other":["через ",{"t":"idOrVar","v":"value"},"д"]},"$x":[{"t":"idOrVar","v":"plural"},"value"]},{"$i":"incorrectDate","$v":"(некорректная дата)"},{"$i":"dateTimeFormat_%c","$v":"%a, %e %Eb %Y, %H:%M:%S"},{"$i":"dateTimeFormat_%x","$v":"%d.%m.%Y"},{"$i":"dateTimeFormat_%X","$v":"%H:%M:%S"},{"$i":"shortTimeFormat","$v":"%H:%M"},{"$i":"shortTimeFormat12","$v":"%I:%M %p"},{"$i":"shortTimeFormat24","$v":"%H:%M"},{"$i":"shortDateTimeFormat","$v":"%x %H:%M"},{"$i":"weekStartsOnMonday","$v":"1"},{"$i":"firstDayOfTheWeek","$v":"1"},{"$i":"time_am","$v":"AM"},{"$i":"time_pm","$v":"PM"}]