[{"$i":"reset","$v":"Nga e Para"},{"$i":"start","$v":"Nise"},{"$i":"stop","$v":"Ndale"},{"$i":"cancel","$v":"Anuloje"},{"$i":"hour","$v":"Orë"},{"$i":"hours","$v":"Orë"},{"$i":"minute","$v":"Minutë"},{"$i":"minutes","$v":"Minuta"},{"$i":"alarm","$v":"Alarm"},{"$i":"timer","$v":"Afatmatës"},{"$i":"stopwatch","$v":"Kohëmatës"},{"$i":"alarmName","placeholder":"Emër alarmi"},{"$i":"newAlarm","$v":"Alarm i ri"},{"$i":"editAlarm","$v":"Përpunoni alarmin"},{"$i":"pause","$v":"Pushim"},{"$i":"resume","$v":"Rinise"},{"$i":"lap","$v":"Xhiro"},{"$i":"lap-number","$v":["Xhirua ",{"t":"idOrVar","v":"n"}]},{"$i":"delete","$v":"Fshije"},{"$i":"time","$v":"Kohë"},{"$i":"snooze-label","$v":"Dremitje"},{"$i":"snooze-button","$v":"Dremitje"},{"$i":"repeat","$v":"Përsërite"},{"$i":"vibrate","$v":"Dridhu"},{"$i":"close","$v":"Mbylle"},{"$i":"save","$v":"Ruaje"},{"$i":"done","$v":"U bë"},{"$i":"closeButton","ariaLabel":"Mbylle"},{"$i":"newAlarmButton","ariaLabel":"Alarm i ri"},{"$i":"alarm-volume-label","$v":"Volum Alarmi Sistemi"},{"$i":"sound","$v":"Tingull"},{"$i":"noSound","$v":"Pa Tingull"},{"$i":"everyday","$v":"Përditë"},{"$i":"weekdays","$v":"Ditë jave"},{"$i":"weekends","$v":"Fundjava"},{"$i":"never","$v":"Kurrë"},{"$i":"vibrateOn","$v":"On"},{"$i":"vibrateOff","$v":"Off"},{"$i":"plusMinute","$v":"+1 Min"},{"$i":"dateFormat","$v":"%A, %e %B"},{"$i":"countdown-lessThanAnHour","$v":["Alarmi është vendosur për <strong>",{"t":"idOrVar","v":"minutes"},"</strong> nga tani."]},{"$i":"countdown-moreThanAnHour","$v":["Alarmi është vendosur për ",{"t":"idOrVar","v":"hours"}," ",{"t":"idOrVar","v":"minutes"}," nga tani."]},{"$i":"countdown-moreThanADay","$v":["Alarmi është vendosur për ",{"t":"idOrVar","v":"days"}," ",{"t":"idOrVar","v":"hours"}," nga tani."]},{"$i":"nMinutes","$v":{"zero":"më pak se një minutë","one":"një minutë","two":[{"t":"idOrVar","v":"n"}," minuta"],"few":[{"t":"idOrVar","v":"n"}," minuta"],"many":[{"t":"idOrVar","v":"n"}," minuta"],"other":[{"t":"idOrVar","v":"n"}," minuta"]},"$x":[{"t":"idOrVar","v":"plural"},"n"]},{"$i":"nHours","$v":{"zero":"","one":["<strong>",{"t":"idOrVar","v":"n"}," orë</strong>"],"two":["<strong>",{"t":"idOrVar","v":"n"}," orë</strong>"],"few":["<strong>",{"t":"idOrVar","v":"n"}," orë</strong>"],"many":["<strong>",{"t":"idOrVar","v":"n"}," orë</strong>"],"other":["<strong>",{"t":"idOrVar","v":"n"}," orë</strong>"]},"$x":[{"t":"idOrVar","v":"plural"},"n"]},{"$i":"nAndRemainHours","$v":{"zero":"","one":["edhe <strong>",{"t":"idOrVar","v":"n"}," orë</strong>"],"two":["edhe <strong>",{"t":"idOrVar","v":"n"}," orë</strong>"],"few":["edhe <strong>",{"t":"idOrVar","v":"n"}," orë</strong>"],"many":["edhe <strong>",{"t":"idOrVar","v":"n"}," orë</strong>"],"other":["edhe <strong>",{"t":"idOrVar","v":"n"}," orë</strong>"]},"$x":[{"t":"idOrVar","v":"plural"},"n"]},{"$i":"nRemainDays","$v":{"zero":"","one":["<strong>",{"t":"idOrVar","v":"n"}," ditë</strong>"],"two":["<strong>",{"t":"idOrVar","v":"n"}," ditë</strong>"],"few":["<strong>",{"t":"idOrVar","v":"n"}," ditë</strong>"],"many":["<strong>",{"t":"idOrVar","v":"n"}," ditë</strong>"],"other":["<strong>",{"t":"idOrVar","v":"n"}," ditë</strong>"]},"$x":[{"t":"idOrVar","v":"plural"},"n"]},{"$i":"nRemainMinutes","$v":{"zero":"","one":["edhe <strong>",{"t":"idOrVar","v":"n"}," minutë</strong>"],"two":["edhe <strong>",{"t":"idOrVar","v":"n"}," minuta</strong>"],"few":["edhe <strong>",{"t":"idOrVar","v":"n"}," minuta</strong>"],"many":["edhe <strong>",{"t":"idOrVar","v":"n"}," minuta</strong>"],"other":["edhe <strong>",{"t":"idOrVar","v":"n"}," minuta</strong>"]},"$x":[{"t":"idOrVar","v":"plural"},"n"]},{"$i":"nSpinnerSeconds","$v":{"zero":"zero sekonda","one":"një sekondë","two":[{"t":"idOrVar","v":"n"}," sekonda"],"few":[{"t":"idOrVar","v":"n"}," sekonda"],"many":[{"t":"idOrVar","v":"n"}," sekonda"],"other":[{"t":"idOrVar","v":"n"}," sekonda"]},"$x":[{"t":"idOrVar","v":"plural"},"n"]},{"$i":"nSpinnerMinutes","$v":{"zero":"zero minuta","one":"një minutë","two":[{"t":"idOrVar","v":"n"}," minuta"],"few":[{"t":"idOrVar","v":"n"}," minuta"],"many":[{"t":"idOrVar","v":"n"}," minuta"],"other":[{"t":"idOrVar","v":"n"}," minuta"]},"$x":[{"t":"idOrVar","v":"plural"},"n"]},{"$i":"nSpinnerHours","$v":{"zero":"zero orë","one":[{"t":"idOrVar","v":"n"}," orë"],"two":[{"t":"idOrVar","v":"n"}," orë"],"few":[{"t":"idOrVar","v":"n"}," orë"],"many":[{"t":"idOrVar","v":"n"}," orë"],"other":[{"t":"idOrVar","v":"n"}," orë"]},"$x":[{"t":"idOrVar","v":"plural"},"n"]},{"$i":"ac_awake_opus","$v":"Zgjuar"},{"$i":"ac_crystalize_opus","$v":"Kristalizoje"},{"$i":"ac_cycle_opus","$v":"Cikël"},{"$i":"ac_digicloud_opus","$v":"Digicloud"},{"$i":"ac_humming_waves_opus","$v":"Mërmërimë Valësh"},{"$i":"ac_into_the_void_opus","$v":"Drejt Hiçit"},{"$i":"ac_lightly_opus","$v":"Lehtazi"},{"$i":"ac_mobile_opus","$v":"Celular"},{"$i":"ac_pinger_opus","$v":"Zile"},{"$i":"ac_skip_opus","$v":"Skip"},{"$i":"ac_tri_opus","$v":"Tri"},{"$i":"ac_universal_opus","$v":"Universal"},{"$i":"weekday-0-long","$v":"E diel"},{"$i":"weekday-1-long","$v":"E hënë"},{"$i":"weekday-2-long","$v":"E martë"},{"$i":"weekday-3-long","$v":"E mërkurë"},{"$i":"weekday-4-long","$v":"E enjte"},{"$i":"weekday-5-long","$v":"E premte"},{"$i":"weekday-6-long","$v":"E shtunë"},{"$i":"weekday-0-short","$v":"Die"},{"$i":"weekday-1-short","$v":"Hën"},{"$i":"weekday-2-short","$v":"Mar"},{"$i":"weekday-3-short","$v":"Mër"},{"$i":"weekday-4-short","$v":"Enj"},{"$i":"weekday-5-short","$v":"Pre"},{"$i":"weekday-6-short","$v":"Sht"},{"$i":"month-0-long","$v":"Janar"},{"$i":"month-1-long","$v":"Shkurt"},{"$i":"month-2-long","$v":"Mars"},{"$i":"month-3-long","$v":"Prill"},{"$i":"month-4-long","$v":"Maj"},{"$i":"month-5-long","$v":"Qershor"},{"$i":"month-6-long","$v":"Korrik"},{"$i":"month-7-long","$v":"Gusht"},{"$i":"month-8-long","$v":"Shtator"},{"$i":"month-9-long","$v":"Tetor"},{"$i":"month-10-long","$v":"Nëntor"},{"$i":"month-11-long","$v":"Dhjetor"},{"$i":"month-0-genitive","$v":"të Janarit"},{"$i":"month-1-genitive","$v":"të Shkurtit"},{"$i":"month-2-genitive","$v":"të Marsit"},{"$i":"month-3-genitive","$v":"të Prillit"},{"$i":"month-4-genitive","$v":"të Majit"},{"$i":"month-5-genitive","$v":"të Qershorit"},{"$i":"month-6-genitive","$v":"të Korrikut"},{"$i":"month-7-genitive","$v":"të Gushtit"},{"$i":"month-8-genitive","$v":"të Shtatorit"},{"$i":"month-9-genitive","$v":"të Tetorit"},{"$i":"month-10-genitive","$v":"të Nëntorit"},{"$i":"month-11-genitive","$v":"të Dhjetorit"},{"$i":"month-0-short","$v":"Jan"},{"$i":"month-1-short","$v":"Shk"},{"$i":"month-2-short","$v":"Mar"},{"$i":"month-3-short","$v":"Pri"},{"$i":"month-4-short","$v":"Maj"},{"$i":"month-5-short","$v":"Qer"},{"$i":"month-6-short","$v":"Kor"},{"$i":"month-7-short","$v":"Gus"},{"$i":"month-8-short","$v":"Sht"},{"$i":"month-9-short","$v":"Tet"},{"$i":"month-10-short","$v":"Nën"},{"$i":"month-11-short","$v":"Dhj"},{"$i":"minutes-ago-long","$v":{"zero":"mu tani","one":"një minutë më parë","two":[{"t":"idOrVar","v":"value"}," minuta më parë"],"few":[{"t":"idOrVar","v":"value"}," minuta më parë"],"many":[{"t":"idOrVar","v":"value"}," minuta më parë"],"other":[{"t":"idOrVar","v":"value"}," minuta më parë"]},"$x":[{"t":"idOrVar","v":"plural"},"value"]},{"$i":"hours-ago-long","$v":{"zero":"mu tani","one":"një orë më parë","two":[{"t":"idOrVar","v":"value"}," orë më parë"],"few":[{"t":"idOrVar","v":"value"}," orë më parë"],"many":[{"t":"idOrVar","v":"value"}," orë më parë"],"other":[{"t":"idOrVar","v":"value"}," orë më parë"]},"$x":[{"t":"idOrVar","v":"plural"},"value"]},{"$i":"days-ago-long","$v":{"zero":"sot","one":"dje","two":[{"t":"idOrVar","v":"value"}," ditë më parë"],"few":[{"t":"idOrVar","v":"value"}," ditë më parë"],"many":[{"t":"idOrVar","v":"value"}," ditë më parë"],"other":[{"t":"idOrVar","v":"value"}," ditë më parë"]},"$x":[{"t":"idOrVar","v":"plural"},"value"]},{"$i":"weeks-ago-long","$v":{"zero":"këtë javë","one":"javën e kaluar","two":[{"t":"idOrVar","v":"value"}," javë më parë"],"few":[{"t":"idOrVar","v":"value"}," javë më parë"],"many":[{"t":"idOrVar","v":"value"}," javë më parë"],"other":[{"t":"idOrVar","v":"value"}," javë më parë"]},"$x":[{"t":"idOrVar","v":"plural"},"value"]},{"$i":"months-ago-long","$v":{"zero":"këtë muaj","one":"muajin e kaluar","two":[{"t":"idOrVar","v":"value"}," muaj më parë"],"few":[{"t":"idOrVar","v":"value"}," muaj më parë"],"many":[{"t":"idOrVar","v":"value"}," muaj më parë"],"other":[{"t":"idOrVar","v":"value"}," muaj më parë"]},"$x":[{"t":"idOrVar","v":"plural"},"value"]},{"$i":"years-ago-long","$v":{"zero":"këtë vit","one":"vitin e kaluar","two":[{"t":"idOrVar","v":"value"}," vite më parë"],"few":[{"t":"idOrVar","v":"value"}," vite më parë"],"many":[{"t":"idOrVar","v":"value"}," vite më parë"],"other":[{"t":"idOrVar","v":"value"}," vite më parë"]},"$x":[{"t":"idOrVar","v":"plural"},"value"]},{"$i":"minutes-until-long","$v":{"zero":"tani","one":"për një minutë","two":["për ",{"t":"idOrVar","v":"value"}," minuta"],"few":["për ",{"t":"idOrVar","v":"value"}," minuta"],"many":["për ",{"t":"idOrVar","v":"value"}," minuta"],"other":["për ",{"t":"idOrVar","v":"value"}," minuta"]},"$x":[{"t":"idOrVar","v":"plural"},"value"]},{"$i":"hours-until-long","$v":{"zero":"tani","one":"për një orë","two":["për ",{"t":"idOrVar","v":"value"}," orë"],"few":["për ",{"t":"idOrVar","v":"value"}," orë"],"many":["për ",{"t":"idOrVar","v":"value"}," orë"],"other":["për ",{"t":"idOrVar","v":"value"}," orë"]},"$x":[{"t":"idOrVar","v":"plural"},"value"]},{"$i":"days-until-long","$v":{"zero":"sot","one":"nesër","two":["për ",{"t":"idOrVar","v":"value"}," ditë"],"few":["për ",{"t":"idOrVar","v":"value"}," ditë"],"many":["për ",{"t":"idOrVar","v":"value"}," ditë"],"other":["për ",{"t":"idOrVar","v":"value"}," ditë"]},"$x":[{"t":"idOrVar","v":"plural"},"value"]},{"$i":"weeks-until-long","$v":{"zero":"këtë javë","one":"javën pasuese","two":["për ",{"t":"idOrVar","v":"value"}," javë"],"few":["për ",{"t":"idOrVar","v":"value"}," javë"],"many":["për ",{"t":"idOrVar","v":"value"}," javë"],"other":["për ",{"t":"idOrVar","v":"value"}," javë"]},"$x":[{"t":"idOrVar","v":"plural"},"value"]},{"$i":"months-until-long","$v":{"zero":"këtë muaj","one":"muajin pasues","two":["për ",{"t":"idOrVar","v":"value"}," muaj"],"few":["për ",{"t":"idOrVar","v":"value"}," muaj"],"many":["për ",{"t":"idOrVar","v":"value"}," muaj"],"other":["për ",{"t":"idOrVar","v":"value"}," muaj"]},"$x":[{"t":"idOrVar","v":"plural"},"value"]},{"$i":"years-until-long","$v":{"zero":"këtë vit","one":"vitin pasues","two":["për ",{"t":"idOrVar","v":"value"}," vjet"],"few":["për ",{"t":"idOrVar","v":"value"}," vjet"],"many":["për ",{"t":"idOrVar","v":"value"}," vjet"],"other":["për ",{"t":"idOrVar","v":"value"}," vjet"]},"$x":[{"t":"idOrVar","v":"plural"},"value"]},{"$i":"minutes-ago-short","$v":{"zero":"mu tani","other":[{"t":"idOrVar","v":"value"},"m më parë"]},"$x":[{"t":"idOrVar","v":"plural"},"value"]},{"$i":"hours-ago-short","$v":{"zero":"mu tani","other":[{"t":"idOrVar","v":"value"},"h më parë"]},"$x":[{"t":"idOrVar","v":"plural"},"value"]},{"$i":"days-ago-short","$v":{"zero":"sot","other":[{"t":"idOrVar","v":"value"},"d më parë"]},"$x":[{"t":"idOrVar","v":"plural"},"value"]},{"$i":"minutes-until-short","$v":{"zero":"tani","other":["për ",{"t":"idOrVar","v":"value"},"m"]},"$x":[{"t":"idOrVar","v":"plural"},"value"]},{"$i":"hours-until-short","$v":{"zero":"tani","other":["për ",{"t":"idOrVar","v":"value"},"h"]},"$x":[{"t":"idOrVar","v":"plural"},"value"]},{"$i":"days-until-short","$v":{"zero":"sot","other":["për ",{"t":"idOrVar","v":"value"},"d"]},"$x":[{"t":"idOrVar","v":"plural"},"value"]},{"$i":"incorrectDate","$v":"(datë e pasaktë)"},{"$i":"dateTimeFormat_%c","$v":"%a %e %b %Y %I:%M:%S %p"},{"$i":"dateTimeFormat_%x","$v":"%m/%d/%Y"},{"$i":"dateTimeFormat_%X","$v":"%I:%M:%S %p"},{"$i":"shortTimeFormat","$v":"%I:%M %p"},{"$i":"shortTimeFormat12","$v":"%I:%M %p"},{"$i":"shortTimeFormat24","$v":"%H:%M"},{"$i":"shortDateTimeFormat","$v":"%x %I:%M %p"},{"$i":"weekStartsOnMonday","$v":"0"},{"$i":"firstDayOfTheWeek","$v":"0"},{"$i":"time_am","$v":"AM"},{"$i":"time_pm","$v":"PM"}]