[{"$i":"reset","$v":"Поништи"},{"$i":"start","$v":"Почни"},{"$i":"stop","$v":"Заустави"},{"$i":"cancel","$v":"Откажи"},{"$i":"hour","$v":"Сат"},{"$i":"hours","$v":"Сата"},{"$i":"minute","$v":"Минут"},{"$i":"minutes","$v":"Минутa"},{"$i":"alarm","$v":"Будилник"},{"$i":"timer","$v":"Тајмер"},{"$i":"stopwatch","$v":"Штоперица"},{"$i":"alarmName","placeholder":"Будилник"},{"$i":"newAlarm","$v":"Нови будилник"},{"$i":"editAlarm","$v":"Изменa"},{"$i":"pause","$v":"Паузирај"},{"$i":"resume","$v":"Настави"},{"$i":"lap","$v":"Круг"},{"$i":"lap-number","$v":["Круг ",{"t":"idOrVar","v":"n"}]},{"$i":"delete","$v":"Обриши"},{"$i":"time","$v":"Време"},{"$i":"snooze-label","$v":"Одложи"},{"$i":"snooze-button","$v":"Одложи"},{"$i":"repeat","$v":"Понови"},{"$i":"vibrate","$v":"Вибрација"},{"$i":"close","$v":"Затвори"},{"$i":"save","$v":"Сними"},{"$i":"done","$v":"Завршено"},{"$i":"closeButton","ariaLabel":"Затвори"},{"$i":"newAlarmButton","ariaLabel":"Нови будилник"},{"$i":"alarm-volume-label","$v":"Системски аларми"},{"$i":"sound","$v":"Звук"},{"$i":"noSound","$v":"Без звука"},{"$i":"everyday","$v":"Сваки дан"},{"$i":"weekdays","$v":"Радним данима"},{"$i":"weekends","$v":"Викендом"},{"$i":"never","$v":"Никада"},{"$i":"vibrateOn","$v":"Укључена"},{"$i":"vibrateOff","$v":"Искључена"},{"$i":"plusMinute","$v":"+1 мин"},{"$i":"dateFormat","$v":"%A, %e %B "},{"$i":"countdown-lessThanAnHour","$v":["Будилник ће се активирати за <strong>",{"t":"idOrVar","v":"minutes"},"</strong> од овог тренутка."]},{"$i":"countdown-moreThanAnHour","$v":["Будилник ће се активирати за ",{"t":"idOrVar","v":"hours"}," ",{"t":"idOrVar","v":"minutes"}," од овог тренутка."]},{"$i":"countdown-moreThanADay","$v":["Будилник ће се активирати за ",{"t":"idOrVar","v":"days"}," ",{"t":"idOrVar","v":"hours"}," од овог тренутка."]},{"$i":"nMinutes","$v":{"zero":"мање од минута","one":"један минут","two":[{"t":"idOrVar","v":"n"}," минута"],"few":[{"t":"idOrVar","v":"n"}," минута"],"many":[{"t":"idOrVar","v":"n"}," минута"],"other":[{"t":"idOrVar","v":"n"}," минута"]},"$x":[{"t":"idOrVar","v":"plural"},"n"]},{"$i":"nHours","$v":{"zero":"","one":["<strong>",{"t":"idOrVar","v":"n"}," сат</strong>"],"two":["<strong>",{"t":"idOrVar","v":"n"}," сата</strong>"],"few":["<strong>",{"t":"idOrVar","v":"n"}," сати</strong>"],"many":["<strong>",{"t":"idOrVar","v":"n"}," сати</strong>"],"other":["<strong>",{"t":"idOrVar","v":"n"}," сати</strong>"]},"$x":[{"t":"idOrVar","v":"plural"},"n"]},{"$i":"nAndRemainHours","$v":{"zero":"","one":["и <strong>",{"t":"idOrVar","v":"n"}," сат</strong>"],"two":["и <strong>",{"t":"idOrVar","v":"n"}," сата</strong>"],"few":["и <strong>",{"t":"idOrVar","v":"n"}," сати</strong>"],"many":["и <strong>",{"t":"idOrVar","v":"n"}," сати</strong>"],"other":["и <strong>",{"t":"idOrVar","v":"n"}," сати</strong>"]},"$x":[{"t":"idOrVar","v":"plural"},"n"]},{"$i":"nRemainDays","$v":{"zero":"","one":["<strong>",{"t":"idOrVar","v":"n"}," дан</strong>"],"two":["<strong>",{"t":"idOrVar","v":"n"}," дана</strong>"],"few":["<strong>",{"t":"idOrVar","v":"n"}," дана</strong>"],"many":["<strong>",{"t":"idOrVar","v":"n"}," дана</strong>"],"other":["<strong>",{"t":"idOrVar","v":"n"}," дана</strong>"]},"$x":[{"t":"idOrVar","v":"plural"},"n"]},{"$i":"nRemainMinutes","$v":{"zero":"","one":["и <strong>",{"t":"idOrVar","v":"n"}," минут</strong>"],"two":["и <strong>",{"t":"idOrVar","v":"n"}," минута</strong>"],"few":["и <strong>",{"t":"idOrVar","v":"n"}," минута</strong>"],"many":["и <strong>",{"t":"idOrVar","v":"n"}," минута</strong>"],"other":["и <strong>",{"t":"idOrVar","v":"n"}," минута</strong>"]},"$x":[{"t":"idOrVar","v":"plural"},"n"]},{"$i":"nSpinnerSeconds","$v":{"zero":"нула секунди","one":"1 секунд","two":[{"t":"idOrVar","v":"n"}," секунде"],"few":[{"t":"idOrVar","v":"n"}," секунди"],"many":[{"t":"idOrVar","v":"n"}," секунди"],"other":[{"t":"idOrVar","v":"n"}," секунди"]},"$x":[{"t":"idOrVar","v":"plural"},"n"]},{"$i":"nSpinnerMinutes","$v":{"zero":"нула минута","one":"1 минут","two":[{"t":"idOrVar","v":"n"}," минута"],"few":[{"t":"idOrVar","v":"n"}," минута"],"many":[{"t":"idOrVar","v":"n"}," минута"],"other":[{"t":"idOrVar","v":"n"}," минута"]},"$x":[{"t":"idOrVar","v":"plural"},"n"]},{"$i":"nSpinnerHours","$v":{"zero":"нула сата","one":[{"t":"idOrVar","v":"n"}," сат"],"two":[{"t":"idOrVar","v":"n"}," сата"],"few":[{"t":"idOrVar","v":"n"}," сати"],"many":[{"t":"idOrVar","v":"n"}," сати"],"other":[{"t":"idOrVar","v":"n"}," сати"]},"$x":[{"t":"idOrVar","v":"plural"},"n"]},{"$i":"ac_awake_opus","$v":"Awake"},{"$i":"ac_crystalize_opus","$v":"Crystalize"},{"$i":"ac_cycle_opus","$v":"Cycle"},{"$i":"ac_digicloud_opus","$v":"Digicloud"},{"$i":"ac_humming_waves_opus","$v":"Humming Waves"},{"$i":"ac_into_the_void_opus","$v":"Into the Void"},{"$i":"ac_lightly_opus","$v":"Lightly"},{"$i":"ac_mobile_opus","$v":"Mobile"},{"$i":"ac_pinger_opus","$v":"Pinger"},{"$i":"ac_skip_opus","$v":"Skip"},{"$i":"ac_tri_opus","$v":"Tri"},{"$i":"ac_universal_opus","$v":"Universal"},{"$i":"weekday-0-long","$v":"Недеља"},{"$i":"weekday-1-long","$v":"Понедељак"},{"$i":"weekday-2-long","$v":"Уторак"},{"$i":"weekday-3-long","$v":"Среда"},{"$i":"weekday-4-long","$v":"Четвртак"},{"$i":"weekday-5-long","$v":"Петак"},{"$i":"weekday-6-long","$v":"Субота"},{"$i":"weekday-0-short","$v":"Нед"},{"$i":"weekday-1-short","$v":"Пон"},{"$i":"weekday-2-short","$v":"Уто"},{"$i":"weekday-3-short","$v":"Сре"},{"$i":"weekday-4-short","$v":"Чет"},{"$i":"weekday-5-short","$v":"Пет"},{"$i":"weekday-6-short","$v":"Суб"},{"$i":"month-0-long","$v":"јануар"},{"$i":"month-1-long","$v":"фебруар"},{"$i":"month-2-long","$v":"март"},{"$i":"month-3-long","$v":"април"},{"$i":"month-4-long","$v":"мај"},{"$i":"month-5-long","$v":"јун"},{"$i":"month-6-long","$v":"јул"},{"$i":"month-7-long","$v":"август"},{"$i":"month-8-long","$v":"септембар"},{"$i":"month-9-long","$v":"октобар"},{"$i":"month-10-long","$v":"новембар"},{"$i":"month-11-long","$v":"децембар"},{"$i":"month-0-genitive","$v":"јануара"},{"$i":"month-1-genitive","$v":"фебруара"},{"$i":"month-2-genitive","$v":"марта"},{"$i":"month-3-genitive","$v":"априла"},{"$i":"month-4-genitive","$v":"маја"},{"$i":"month-5-genitive","$v":"јуна"},{"$i":"month-6-genitive","$v":"јула"},{"$i":"month-7-genitive","$v":"августа"},{"$i":"month-8-genitive","$v":"септембра"},{"$i":"month-9-genitive","$v":"октобра"},{"$i":"month-10-genitive","$v":"новембра"},{"$i":"month-11-genitive","$v":"децембра"},{"$i":"month-0-short","$v":"јан"},{"$i":"month-1-short","$v":"феб"},{"$i":"month-2-short","$v":"мар"},{"$i":"month-3-short","$v":"апр"},{"$i":"month-4-short","$v":"мај"},{"$i":"month-5-short","$v":"јун"},{"$i":"month-6-short","$v":"јул"},{"$i":"month-7-short","$v":"авг"},{"$i":"month-8-short","$v":"сеп"},{"$i":"month-9-short","$v":"окт"},{"$i":"month-10-short","$v":"нов"},{"$i":"month-11-short","$v":"дец"},{"$i":"minutes-ago-long","$v":{"zero":"управо","one":"пре минут","two":["пре ",{"t":"idOrVar","v":"value"}," минута"],"few":["пре ",{"t":"idOrVar","v":"value"}," минута"],"many":["пре ",{"t":"idOrVar","v":"value"}," минута"],"other":["пре ",{"t":"idOrVar","v":"value"}," минута"]},"$x":[{"t":"idOrVar","v":"plural"},"value"]},{"$i":"hours-ago-long","$v":{"zero":"управо","one":"пре сат времена","two":["пре ",{"t":"idOrVar","v":"value"}," сата"],"few":["пре ",{"t":"idOrVar","v":"value"}," сати"],"many":["пре ",{"t":"idOrVar","v":"value"}," сати"],"other":["пре ",{"t":"idOrVar","v":"value"}," сати"]},"$x":[{"t":"idOrVar","v":"plural"},"value"]},{"$i":"days-ago-long","$v":{"zero":"данас","one":"јуче","two":["пре ",{"t":"idOrVar","v":"value"}," дана"],"few":["пре ",{"t":"idOrVar","v":"value"}," дана"],"many":["пре ",{"t":"idOrVar","v":"value"}," дана"],"other":["пре ",{"t":"idOrVar","v":"value"}," дана"]},"$x":[{"t":"idOrVar","v":"plural"},"value"]},{"$i":"weeks-ago-long","$v":{"zero":"ове недеље","one":"прошле недеље","two":["пре ",{"t":"idOrVar","v":"value"}," недеље"],"few":["пре ",{"t":"idOrVar","v":"value"}," недеља"],"many":["пре ",{"t":"idOrVar","v":"value"}," недеља"],"other":["пре ",{"t":"idOrVar","v":"value"}," недеља"]},"$x":[{"t":"idOrVar","v":"plural"},"value"]},{"$i":"months-ago-long","$v":{"zero":"овог месеца","one":"прошлог месеца","two":["пре ",{"t":"idOrVar","v":"value"}," месеца"],"few":["пре ",{"t":"idOrVar","v":"value"}," месеци"],"many":["пре ",{"t":"idOrVar","v":"value"}," месеци"],"other":["пре ",{"t":"idOrVar","v":"value"}," месеци"]},"$x":[{"t":"idOrVar","v":"plural"},"value"]},{"$i":"years-ago-long","$v":{"zero":"ове године","one":"прошле године","two":["пре ",{"t":"idOrVar","v":"value"}," године"],"few":["пре ",{"t":"idOrVar","v":"value"}," година"],"many":["пре ",{"t":"idOrVar","v":"value"}," година"],"other":["пре ",{"t":"idOrVar","v":"value"}," година"]},"$x":[{"t":"idOrVar","v":"plural"},"value"]},{"$i":"minutes-until-long","$v":{"zero":"управо","one":"за један минут","two":["за ",{"t":"idOrVar","v":"value"}," минута"],"few":["за ",{"t":"idOrVar","v":"value"}," минута"],"many":["за ",{"t":"idOrVar","v":"value"}," минута"],"other":["за ",{"t":"idOrVar","v":"value"}," минута"]},"$x":[{"t":"idOrVar","v":"plural"},"value"]},{"$i":"hours-until-long","$v":{"zero":"управо","one":"за сат времена","two":["за ",{"t":"idOrVar","v":"value"}," сата"],"few":["за ",{"t":"idOrVar","v":"value"}," сати"],"many":["за ",{"t":"idOrVar","v":"value"}," сати"],"other":["за ",{"t":"idOrVar","v":"value"}," сати"]},"$x":[{"t":"idOrVar","v":"plural"},"value"]},{"$i":"days-until-long","$v":{"zero":"данас","one":"сутра","two":["за ",{"t":"idOrVar","v":"value"}," дана"],"few":["за ",{"t":"idOrVar","v":"value"}," дана"],"many":["за ",{"t":"idOrVar","v":"value"}," дана"],"other":["за ",{"t":"idOrVar","v":"value"}," дана"]},"$x":[{"t":"idOrVar","v":"plural"},"value"]},{"$i":"weeks-until-long","$v":{"zero":"ове недеље","one":"следеће недеље","two":["за ",{"t":"idOrVar","v":"value"}," недеље"],"few":["за ",{"t":"idOrVar","v":"value"}," недеља"],"many":["за ",{"t":"idOrVar","v":"value"}," недеља"],"other":["за ",{"t":"idOrVar","v":"value"}," недеља"]},"$x":[{"t":"idOrVar","v":"plural"},"value"]},{"$i":"months-until-long","$v":{"zero":"овог месеца","one":"следећег месеца","two":["за ",{"t":"idOrVar","v":"value"}," месеца"],"few":["за ",{"t":"idOrVar","v":"value"}," месеци"],"many":["за ",{"t":"idOrVar","v":"value"}," месеци"],"other":["за ",{"t":"idOrVar","v":"value"}," месеци"]},"$x":[{"t":"idOrVar","v":"plural"},"value"]},{"$i":"years-until-long","$v":{"zero":"ове године","one":"следеће године","two":["за ",{"t":"idOrVar","v":"value"}," године"],"few":["за ",{"t":"idOrVar","v":"value"}," година"],"many":["за ",{"t":"idOrVar","v":"value"}," година"],"other":["за ",{"t":"idOrVar","v":"value"}," година"]},"$x":[{"t":"idOrVar","v":"plural"},"value"]},{"$i":"minutes-ago-short","$v":{"zero":"управо","other":["пре ",{"t":"idOrVar","v":"value"},"м"]},"$x":[{"t":"idOrVar","v":"plural"},"value"]},{"$i":"hours-ago-short","$v":{"zero":"управо","other":["пре ",{"t":"idOrVar","v":"value"},"с"]},"$x":[{"t":"idOrVar","v":"plural"},"value"]},{"$i":"days-ago-short","$v":{"zero":"данас","other":["пре ",{"t":"idOrVar","v":"value"},"д"]},"$x":[{"t":"idOrVar","v":"plural"},"value"]},{"$i":"minutes-until-short","$v":{"zero":"управо","other":["за ",{"t":"idOrVar","v":"value"},"м"]},"$x":[{"t":"idOrVar","v":"plural"},"value"]},{"$i":"hours-until-short","$v":{"zero":"управо","other":["за ",{"t":"idOrVar","v":"value"},"с"]},"$x":[{"t":"idOrVar","v":"plural"},"value"]},{"$i":"days-until-short","$v":{"zero":"данас","other":["за ",{"t":"idOrVar","v":"value"},"д"]},"$x":[{"t":"idOrVar","v":"plural"},"value"]},{"$i":"incorrectDate","$v":"(нетачан датум)"},{"$i":"dateTimeFormat_%c","$v":"%a %e %b %Y %H:%M:%S"},{"$i":"dateTimeFormat_%x","$v":"%d.%m.%Y"},{"$i":"dateTimeFormat_%X","$v":"%H:%M:%S"},{"$i":"shortTimeFormat","$v":"%H:%M"},{"$i":"shortTimeFormat12","$v":"%I:%M %p"},{"$i":"shortTimeFormat24","$v":"%H:%M"},{"$i":"shortDateTimeFormat","$v":"%x %H:%M"},{"$i":"weekStartsOnMonday","$v":"1"},{"$i":"firstDayOfTheWeek","$v":"1"},{"$i":"time_am","$v":"AM"},{"$i":"time_pm","$v":"PM"}]