[{"$i":"reset","$v":"Poništi"},{"$i":"start","$v":"Počni"},{"$i":"stop","$v":"Zaustavi"},{"$i":"cancel","$v":"Otkaži"},{"$i":"hour","$v":"Sat"},{"$i":"hours","$v":"Sata"},{"$i":"minute","$v":"Minut"},{"$i":"minutes","$v":"Minuta"},{"$i":"alarm","$v":"Budilnik"},{"$i":"timer","$v":"Tajmer"},{"$i":"stopwatch","$v":"Štoperica"},{"$i":"alarmName","placeholder":"Budilnik"},{"$i":"newAlarm","$v":"Novi budilnik"},{"$i":"editAlarm","$v":"Izmena"},{"$i":"pause","$v":"Pauziraj"},{"$i":"resume","$v":"Nastavi"},{"$i":"lap","$v":"Krug"},{"$i":"lap-number","$v":["Krug ",{"t":"idOrVar","v":"n"}]},{"$i":"delete","$v":"Obriši"},{"$i":"time","$v":"Vreme"},{"$i":"snooze-label","$v":"Odloži"},{"$i":"snooze-button","$v":"Odloži"},{"$i":"repeat","$v":"Ponovi"},{"$i":"vibrate","$v":"Vibracija"},{"$i":"close","$v":"Zatvori"},{"$i":"save","$v":"Snimi"},{"$i":"done","$v":"Završeno"},{"$i":"closeButton","ariaLabel":"Zatvori"},{"$i":"newAlarmButton","ariaLabel":"Novi budilnik"},{"$i":"alarm-volume-label","$v":"Sistemski alarmi"},{"$i":"sound","$v":"Zvuk"},{"$i":"noSound","$v":"Bez zvuka"},{"$i":"everyday","$v":"Svaki dan"},{"$i":"weekdays","$v":"Radnim danima"},{"$i":"weekends","$v":"Vikendom"},{"$i":"never","$v":"Nikada"},{"$i":"vibrateOn","$v":"Uključena"},{"$i":"vibrateOff","$v":"Isključena"},{"$i":"plusMinute","$v":"+1 min"},{"$i":"dateFormat","$v":"%A, %e %B "},{"$i":"countdown-lessThanAnHour","$v":["Budilnik će se aktivirati za <strong>",{"t":"idOrVar","v":"minutes"},"</strong> od ovog trenutka."]},{"$i":"countdown-moreThanAnHour","$v":["Budilnik će se aktivirati za ",{"t":"idOrVar","v":"hours"}," ",{"t":"idOrVar","v":"minutes"}," od ovog trenutka."]},{"$i":"countdown-moreThanADay","$v":["Budilnik će se aktivirati za ",{"t":"idOrVar","v":"days"}," ",{"t":"idOrVar","v":"hours"}," od ovog trenutka."]},{"$i":"nMinutes","$v":{"zero":"manje od minuta","one":"jedan minut","two":[{"t":"idOrVar","v":"n"}," minuta"],"few":[{"t":"idOrVar","v":"n"}," minuta"],"many":[{"t":"idOrVar","v":"n"}," minuta"],"other":[{"t":"idOrVar","v":"n"}," minuta"]},"$x":[{"t":"idOrVar","v":"plural"},"n"]},{"$i":"nHours","$v":{"zero":"","one":["<strong>",{"t":"idOrVar","v":"n"}," sat</strong>"],"two":["<strong>",{"t":"idOrVar","v":"n"}," sata</strong>"],"few":["<strong>",{"t":"idOrVar","v":"n"}," sati</strong>"],"many":["<strong>",{"t":"idOrVar","v":"n"}," sati</strong>"],"other":["<strong>",{"t":"idOrVar","v":"n"}," sati</strong>"]},"$x":[{"t":"idOrVar","v":"plural"},"n"]},{"$i":"nAndRemainHours","$v":{"zero":"","one":["i <strong>",{"t":"idOrVar","v":"n"}," sat</strong>"],"two":["i <strong>",{"t":"idOrVar","v":"n"}," sata</strong>"],"few":["i <strong>",{"t":"idOrVar","v":"n"}," sati</strong>"],"many":["i <strong>",{"t":"idOrVar","v":"n"}," sati</strong>"],"other":["i <strong>",{"t":"idOrVar","v":"n"}," sati</strong>"]},"$x":[{"t":"idOrVar","v":"plural"},"n"]},{"$i":"nRemainDays","$v":{"zero":"","one":["<strong>",{"t":"idOrVar","v":"n"}," dan</strong>"],"two":["<strong>",{"t":"idOrVar","v":"n"}," dana</strong>"],"few":["<strong>",{"t":"idOrVar","v":"n"}," dana</strong>"],"many":["<strong>",{"t":"idOrVar","v":"n"}," dana</strong>"],"other":["<strong>",{"t":"idOrVar","v":"n"}," dana</strong>"]},"$x":[{"t":"idOrVar","v":"plural"},"n"]},{"$i":"nRemainMinutes","$v":{"zero":"","one":["i <strong>",{"t":"idOrVar","v":"n"}," minut</strong>"],"two":["i <strong>",{"t":"idOrVar","v":"n"}," minuta</strong>"],"few":["i <strong>",{"t":"idOrVar","v":"n"}," minuta</strong>"],"many":["i <strong>",{"t":"idOrVar","v":"n"}," minuta</strong>"],"other":["i <strong>",{"t":"idOrVar","v":"n"}," minuta</strong>"]},"$x":[{"t":"idOrVar","v":"plural"},"n"]},{"$i":"nSpinnerSeconds","$v":{"zero":"nula sekundi","one":"1 sekund","two":[{"t":"idOrVar","v":"n"}," sekunde"],"few":[{"t":"idOrVar","v":"n"}," sekundi"],"many":[{"t":"idOrVar","v":"n"}," sekundi"],"other":[{"t":"idOrVar","v":"n"}," sekundi"]},"$x":[{"t":"idOrVar","v":"plural"},"n"]},{"$i":"nSpinnerMinutes","$v":{"zero":"nula minuta","one":"1 minut","two":[{"t":"idOrVar","v":"n"}," minuta"],"few":[{"t":"idOrVar","v":"n"}," minuta"],"many":[{"t":"idOrVar","v":"n"}," minuta"],"other":[{"t":"idOrVar","v":"n"}," minuta"]},"$x":[{"t":"idOrVar","v":"plural"},"n"]},{"$i":"nSpinnerHours","$v":{"zero":"nula sata","one":[{"t":"idOrVar","v":"n"}," sat"],"two":[{"t":"idOrVar","v":"n"}," sata"],"few":[{"t":"idOrVar","v":"n"}," sati"],"many":[{"t":"idOrVar","v":"n"}," sati"],"other":[{"t":"idOrVar","v":"n"}," sati"]},"$x":[{"t":"idOrVar","v":"plural"},"n"]},{"$i":"ac_awake_opus","$v":"Awake"},{"$i":"ac_crystalize_opus","$v":"Crystalize"},{"$i":"ac_cycle_opus","$v":"Cycle"},{"$i":"ac_digicloud_opus","$v":"Digicloud"},{"$i":"ac_humming_waves_opus","$v":"Humming Waves"},{"$i":"ac_into_the_void_opus","$v":"Into the Void"},{"$i":"ac_lightly_opus","$v":"Lightly"},{"$i":"ac_mobile_opus","$v":"Mobile"},{"$i":"ac_pinger_opus","$v":"Pinger"},{"$i":"ac_skip_opus","$v":"Skip"},{"$i":"ac_tri_opus","$v":"Tri"},{"$i":"ac_universal_opus","$v":"Universal"},{"$i":"weekday-0-long","$v":"Nedelja"},{"$i":"weekday-1-long","$v":"Ponedeljak"},{"$i":"weekday-2-long","$v":"Utorak"},{"$i":"weekday-3-long","$v":"Sreda"},{"$i":"weekday-4-long","$v":"Četvrtak"},{"$i":"weekday-5-long","$v":"Petak"},{"$i":"weekday-6-long","$v":"Subota"},{"$i":"weekday-0-short","$v":"Ned"},{"$i":"weekday-1-short","$v":"Pon"},{"$i":"weekday-2-short","$v":"Uto"},{"$i":"weekday-3-short","$v":"Sre"},{"$i":"weekday-4-short","$v":"Čet"},{"$i":"weekday-5-short","$v":"Pet"},{"$i":"weekday-6-short","$v":"Sub"},{"$i":"month-0-long","$v":"januar"},{"$i":"month-1-long","$v":"februar"},{"$i":"month-2-long","$v":"mart"},{"$i":"month-3-long","$v":"april"},{"$i":"month-4-long","$v":"maj"},{"$i":"month-5-long","$v":"jun"},{"$i":"month-6-long","$v":"jul"},{"$i":"month-7-long","$v":"avgust"},{"$i":"month-8-long","$v":"septembar"},{"$i":"month-9-long","$v":"oktobar"},{"$i":"month-10-long","$v":"novembar"},{"$i":"month-11-long","$v":"decembar"},{"$i":"month-0-genitive","$v":"januara"},{"$i":"month-1-genitive","$v":"februara"},{"$i":"month-2-genitive","$v":"marta"},{"$i":"month-3-genitive","$v":"aprila"},{"$i":"month-4-genitive","$v":"maja"},{"$i":"month-5-genitive","$v":"juna"},{"$i":"month-6-genitive","$v":"jula"},{"$i":"month-7-genitive","$v":"avgusta"},{"$i":"month-8-genitive","$v":"septembra"},{"$i":"month-9-genitive","$v":"oktobra"},{"$i":"month-10-genitive","$v":"novembra"},{"$i":"month-11-genitive","$v":"decembra"},{"$i":"month-0-short","$v":"jan"},{"$i":"month-1-short","$v":"feb"},{"$i":"month-2-short","$v":"mar"},{"$i":"month-3-short","$v":"apr"},{"$i":"month-4-short","$v":"maj"},{"$i":"month-5-short","$v":"jun"},{"$i":"month-6-short","$v":"jul"},{"$i":"month-7-short","$v":"avg"},{"$i":"month-8-short","$v":"sep"},{"$i":"month-9-short","$v":"okt"},{"$i":"month-10-short","$v":"nov"},{"$i":"month-11-short","$v":"dec"},{"$i":"minutes-ago-long","$v":{"zero":"upravo","one":"pre minut","two":["pre ",{"t":"idOrVar","v":"value"}," minuta"],"few":["pre ",{"t":"idOrVar","v":"value"}," minuta"],"many":["pre ",{"t":"idOrVar","v":"value"}," minuta"],"other":["pre ",{"t":"idOrVar","v":"value"}," minuta"]},"$x":[{"t":"idOrVar","v":"plural"},"value"]},{"$i":"hours-ago-long","$v":{"zero":"upravo","one":"pre sat vremena","two":["pre ",{"t":"idOrVar","v":"value"}," sata"],"few":["pre ",{"t":"idOrVar","v":"value"}," sati"],"many":["pre ",{"t":"idOrVar","v":"value"}," sati"],"other":["pre ",{"t":"idOrVar","v":"value"}," sati"]},"$x":[{"t":"idOrVar","v":"plural"},"value"]},{"$i":"days-ago-long","$v":{"zero":"danas","one":"juče","two":["pre ",{"t":"idOrVar","v":"value"}," dana"],"few":["pre ",{"t":"idOrVar","v":"value"}," dana"],"many":["pre ",{"t":"idOrVar","v":"value"}," dana"],"other":["pre ",{"t":"idOrVar","v":"value"}," dana"]},"$x":[{"t":"idOrVar","v":"plural"},"value"]},{"$i":"weeks-ago-long","$v":{"zero":"ove nedelje","one":"prošle nedelje","two":["pre ",{"t":"idOrVar","v":"value"}," nedelje"],"few":["pre ",{"t":"idOrVar","v":"value"}," nedelja"],"many":["pre ",{"t":"idOrVar","v":"value"}," nedelja"],"other":["pre ",{"t":"idOrVar","v":"value"}," nedelja"]},"$x":[{"t":"idOrVar","v":"plural"},"value"]},{"$i":"months-ago-long","$v":{"zero":"ovog meseca","one":"prošlog meseca","two":["pre ",{"t":"idOrVar","v":"value"}," meseca"],"few":["pre ",{"t":"idOrVar","v":"value"}," meseci"],"many":["pre ",{"t":"idOrVar","v":"value"}," meseci"],"other":["pre ",{"t":"idOrVar","v":"value"}," meseci"]},"$x":[{"t":"idOrVar","v":"plural"},"value"]},{"$i":"years-ago-long","$v":{"zero":"ove godine","one":"prošle godine","two":["pre ",{"t":"idOrVar","v":"value"}," godine"],"few":["pre ",{"t":"idOrVar","v":"value"}," godina"],"many":["pre ",{"t":"idOrVar","v":"value"}," godina"],"other":["pre ",{"t":"idOrVar","v":"value"}," godina"]},"$x":[{"t":"idOrVar","v":"plural"},"value"]},{"$i":"minutes-until-long","$v":{"zero":"upravo","one":"za jedan minut","two":["za ",{"t":"idOrVar","v":"value"}," minuta"],"few":["za ",{"t":"idOrVar","v":"value"}," minuta"],"many":["za ",{"t":"idOrVar","v":"value"}," minuta"],"other":["za ",{"t":"idOrVar","v":"value"}," minuta"]},"$x":[{"t":"idOrVar","v":"plural"},"value"]},{"$i":"hours-until-long","$v":{"zero":"upravo","one":"za sat vremena","two":["za ",{"t":"idOrVar","v":"value"}," sata"],"few":["za ",{"t":"idOrVar","v":"value"}," sati"],"many":["za ",{"t":"idOrVar","v":"value"}," sati"],"other":["za ",{"t":"idOrVar","v":"value"}," sati"]},"$x":[{"t":"idOrVar","v":"plural"},"value"]},{"$i":"days-until-long","$v":{"zero":"danas","one":"sutra","two":["za ",{"t":"idOrVar","v":"value"}," dana"],"few":["za ",{"t":"idOrVar","v":"value"}," dana"],"many":["za ",{"t":"idOrVar","v":"value"}," dana"],"other":["za ",{"t":"idOrVar","v":"value"}," dana"]},"$x":[{"t":"idOrVar","v":"plural"},"value"]},{"$i":"weeks-until-long","$v":{"zero":"ove nedelje","one":"sledeće nedelje","two":["za ",{"t":"idOrVar","v":"value"}," nedelje"],"few":["za ",{"t":"idOrVar","v":"value"}," nedelja"],"many":["za ",{"t":"idOrVar","v":"value"}," nedelja"],"other":["za ",{"t":"idOrVar","v":"value"}," nedelja"]},"$x":[{"t":"idOrVar","v":"plural"},"value"]},{"$i":"months-until-long","$v":{"zero":"ovog meseca","one":"sledećeg meseca","two":["za ",{"t":"idOrVar","v":"value"}," meseca"],"few":["za ",{"t":"idOrVar","v":"value"}," meseci"],"many":["za ",{"t":"idOrVar","v":"value"}," meseci"],"other":["za ",{"t":"idOrVar","v":"value"}," meseci"]},"$x":[{"t":"idOrVar","v":"plural"},"value"]},{"$i":"years-until-long","$v":{"zero":"ove godine","one":"sledeće godine","two":["za ",{"t":"idOrVar","v":"value"}," godine"],"few":["za ",{"t":"idOrVar","v":"value"}," godina"],"many":["za ",{"t":"idOrVar","v":"value"}," godina"],"other":["za ",{"t":"idOrVar","v":"value"}," godina"]},"$x":[{"t":"idOrVar","v":"plural"},"value"]},{"$i":"minutes-ago-short","$v":{"zero":"upravo","other":["pre ",{"t":"idOrVar","v":"value"},"m"]},"$x":[{"t":"idOrVar","v":"plural"},"value"]},{"$i":"hours-ago-short","$v":{"zero":"upravo","other":["pre ",{"t":"idOrVar","v":"value"},"s"]},"$x":[{"t":"idOrVar","v":"plural"},"value"]},{"$i":"days-ago-short","$v":{"zero":"danas","other":["pre ",{"t":"idOrVar","v":"value"},"d"]},"$x":[{"t":"idOrVar","v":"plural"},"value"]},{"$i":"minutes-until-short","$v":{"zero":"upravo","other":["za ",{"t":"idOrVar","v":"value"},"m"]},"$x":[{"t":"idOrVar","v":"plural"},"value"]},{"$i":"hours-until-short","$v":{"zero":"upravo","other":["za ",{"t":"idOrVar","v":"value"},"s"]},"$x":[{"t":"idOrVar","v":"plural"},"value"]},{"$i":"days-until-short","$v":{"zero":"danas","other":["za ",{"t":"idOrVar","v":"value"},"d"]},"$x":[{"t":"idOrVar","v":"plural"},"value"]},{"$i":"incorrectDate","$v":"(netačan datum)"},{"$i":"dateTimeFormat_%c","$v":"%a %e %b %Y %H:%M:%S"},{"$i":"dateTimeFormat_%x","$v":"%d.%m.%Y"},{"$i":"dateTimeFormat_%X","$v":"%H:%M:%S"},{"$i":"shortTimeFormat","$v":"%H:%M"},{"$i":"shortTimeFormat12","$v":"%I:%M %p"},{"$i":"shortTimeFormat24","$v":"%H:%M"},{"$i":"shortDateTimeFormat","$v":"%x %H:%M"},{"$i":"weekStartsOnMonday","$v":"1"},{"$i":"firstDayOfTheWeek","$v":"1"},{"$i":"time_am","$v":"AM"},{"$i":"time_pm","$v":"PM"}]