[{"$i":"reset","$v":"Sıfırla"},{"$i":"start","$v":"Başlat"},{"$i":"stop","$v":"Durdur"},{"$i":"cancel","$v":"İptal"},{"$i":"hour","$v":"Saat"},{"$i":"hours","$v":"Saat"},{"$i":"minute","$v":"Dakika"},{"$i":"minutes","$v":"Dakika"},{"$i":"alarm","$v":"Alarm"},{"$i":"timer","$v":"Geri sayım"},{"$i":"stopwatch","$v":"Kronometre"},{"$i":"alarmName","placeholder":"Alarm adı"},{"$i":"newAlarm","$v":"Yeni alarm"},{"$i":"editAlarm","$v":"Alarmı düzenle"},{"$i":"pause","$v":"Duraklat"},{"$i":"resume","$v":"Devam et"},{"$i":"lap","$v":"Tur"},{"$i":"lap-number","$v":[{"t":"idOrVar","v":"n"},". tur"]},{"$i":"delete","$v":"Sil"},{"$i":"time","$v":"Saat"},{"$i":"snooze-label","$v":"Ertele"},{"$i":"snooze-button","$v":"Ertele"},{"$i":"repeat","$v":"Tekrarla"},{"$i":"vibrate","$v":"Titreşim"},{"$i":"close","$v":"Kapat"},{"$i":"save","$v":"Kaydet"},{"$i":"done","$v":"Bitti"},{"$i":"closeButton","ariaLabel":"Kapat"},{"$i":"newAlarmButton","ariaLabel":"Yeni alarm"},{"$i":"alarm-volume-label","$v":"Alarm sesi düzeyi"},{"$i":"sound","$v":"Ses"},{"$i":"noSound","$v":"Ses yok"},{"$i":"everyday","$v":"Her gün"},{"$i":"weekdays","$v":"Hafta içi"},{"$i":"weekends","$v":"Hafta sonu"},{"$i":"never","$v":"Asla"},{"$i":"vibrateOn","$v":"Açık"},{"$i":"vibrateOff","$v":"Kapalı"},{"$i":"plusMinute","$v":"+1 dk."},{"$i":"dateFormat","$v":"%e %B %A"},{"$i":"countdown-lessThanAnHour","$v":["Alarm şu andan <strong>",{"t":"idOrVar","v":"minutes"},"</strong> sonrasına ayarlandı."]},{"$i":"countdown-moreThanAnHour","$v":["Alarm şu andan ",{"t":"idOrVar","v":"hours"}," ",{"t":"idOrVar","v":"minutes"}," sonrasına ayarlandı."]},{"$i":"countdown-moreThanADay","$v":["Alarm şu andan ",{"t":"idOrVar","v":"days"}," ",{"t":"idOrVar","v":"hours"}," sonrasına ayarlandı."]},{"$i":"nMinutes","$v":{"zero":"bir dakikadan daha az","one":"bir dakika","two":[{"t":"idOrVar","v":"n"}," dakika"],"few":[{"t":"idOrVar","v":"n"}," dakika"],"many":[{"t":"idOrVar","v":"n"}," dakika"],"other":[{"t":"idOrVar","v":"n"}," dakika"]},"$x":[{"t":"idOrVar","v":"plural"},"n"]},{"$i":"nHours","$v":{"zero":"","one":["<strong>",{"t":"idOrVar","v":"n"}," saat</strong>"],"two":["<strong>",{"t":"idOrVar","v":"n"}," saat</strong>"],"few":["<strong>",{"t":"idOrVar","v":"n"}," saat</strong>"],"many":["<strong>",{"t":"idOrVar","v":"n"}," saat</strong>"],"other":["<strong>",{"t":"idOrVar","v":"n"}," saat</strong>"]},"$x":[{"t":"idOrVar","v":"plural"},"n"]},{"$i":"nAndRemainHours","$v":{"zero":"","one":["<strong>",{"t":"idOrVar","v":"n"}," saat</strong>"],"two":["<strong>",{"t":"idOrVar","v":"n"}," saat</strong>"],"few":["<strong>",{"t":"idOrVar","v":"n"}," saat</strong>"],"many":["<strong>",{"t":"idOrVar","v":"n"}," saat</strong>"],"other":["<strong>",{"t":"idOrVar","v":"n"}," saat</strong>"]},"$x":[{"t":"idOrVar","v":"plural"},"n"]},{"$i":"nRemainDays","$v":{"zero":"","one":["<strong>",{"t":"idOrVar","v":"n"}," gün</strong>"],"two":["<strong>",{"t":"idOrVar","v":"n"}," gün</strong>"],"few":["<strong>",{"t":"idOrVar","v":"n"}," gün</strong>"],"many":["<strong>",{"t":"idOrVar","v":"n"}," gün</strong>"],"other":["<strong>",{"t":"idOrVar","v":"n"}," gün</strong>"]},"$x":[{"t":"idOrVar","v":"plural"},"n"]},{"$i":"nRemainMinutes","$v":{"zero":"","one":["ve <strong>",{"t":"idOrVar","v":"n"}," dakika</strong>"],"two":["ve <strong>",{"t":"idOrVar","v":"n"}," dakika</strong>"],"few":["ve <strong>",{"t":"idOrVar","v":"n"}," dakika</strong>"],"many":["ve <strong>",{"t":"idOrVar","v":"n"}," dakika</strong>"],"other":["ve <strong>",{"t":"idOrVar","v":"n"}," dakika</strong>"]},"$x":[{"t":"idOrVar","v":"plural"},"n"]},{"$i":"nSpinnerSeconds","$v":{"zero":"sıfır saniye","one":"1 saniye","two":[{"t":"idOrVar","v":"n"}," saniye"],"few":[{"t":"idOrVar","v":"n"}," saniye"],"many":[{"t":"idOrVar","v":"n"}," saniye"],"other":[{"t":"idOrVar","v":"n"}," saniye"]},"$x":[{"t":"idOrVar","v":"plural"},"n"]},{"$i":"nSpinnerMinutes","$v":{"zero":"0 dakika","one":"1 dakika","two":[{"t":"idOrVar","v":"n"}," dakika"],"few":[{"t":"idOrVar","v":"n"}," dakika"],"many":[{"t":"idOrVar","v":"n"}," dakika"],"other":[{"t":"idOrVar","v":"n"}," dakika"]},"$x":[{"t":"idOrVar","v":"plural"},"n"]},{"$i":"nSpinnerHours","$v":{"zero":"0 saat","one":[{"t":"idOrVar","v":"n"}," saat"],"two":[{"t":"idOrVar","v":"n"}," saat"],"few":[{"t":"idOrVar","v":"n"}," saat"],"many":[{"t":"idOrVar","v":"n"}," saat"],"other":[{"t":"idOrVar","v":"n"}," saat"]},"$x":[{"t":"idOrVar","v":"plural"},"n"]},{"$i":"ac_awake_opus","$v":"Awake"},{"$i":"ac_crystalize_opus","$v":"Crystalize"},{"$i":"ac_cycle_opus","$v":"Cycle"},{"$i":"ac_digicloud_opus","$v":"Digicloud"},{"$i":"ac_humming_waves_opus","$v":"Humming Waves"},{"$i":"ac_into_the_void_opus","$v":"Boşluğa Doğru"},{"$i":"ac_lightly_opus","$v":"Lightly"},{"$i":"ac_mobile_opus","$v":"Mobil"},{"$i":"ac_pinger_opus","$v":"Pinger"},{"$i":"ac_skip_opus","$v":"Skip"},{"$i":"ac_tri_opus","$v":"Tri"},{"$i":"ac_universal_opus","$v":"Evrensel"},{"$i":"weekday-0-long","$v":"Pazar"},{"$i":"weekday-1-long","$v":"Pazartesi"},{"$i":"weekday-2-long","$v":"Salı"},{"$i":"weekday-3-long","$v":"Çarşamba"},{"$i":"weekday-4-long","$v":"Perşembe"},{"$i":"weekday-5-long","$v":"Cuma"},{"$i":"weekday-6-long","$v":"Cumartesi"},{"$i":"weekday-0-short","$v":"Pzr"},{"$i":"weekday-1-short","$v":"Pzt"},{"$i":"weekday-2-short","$v":"Sal"},{"$i":"weekday-3-short","$v":"Çar"},{"$i":"weekday-4-short","$v":"Per"},{"$i":"weekday-5-short","$v":"Cum"},{"$i":"weekday-6-short","$v":"Cmt"},{"$i":"month-0-long","$v":"Ocak"},{"$i":"month-1-long","$v":"Şubat"},{"$i":"month-2-long","$v":"Mart"},{"$i":"month-3-long","$v":"Nisan"},{"$i":"month-4-long","$v":"Mayıs"},{"$i":"month-5-long","$v":"Haziran"},{"$i":"month-6-long","$v":"Temmuz"},{"$i":"month-7-long","$v":"Ağustos"},{"$i":"month-8-long","$v":"Eylül"},{"$i":"month-9-long","$v":"Ekim"},{"$i":"month-10-long","$v":"Kasım"},{"$i":"month-11-long","$v":"Aralık"},{"$i":"month-0-genitive","$v":"Ocak"},{"$i":"month-1-genitive","$v":"Şubat"},{"$i":"month-2-genitive","$v":"Mart"},{"$i":"month-3-genitive","$v":"Nisan"},{"$i":"month-4-genitive","$v":"Mayıs"},{"$i":"month-5-genitive","$v":"Haziran"},{"$i":"month-6-genitive","$v":"Temmuz"},{"$i":"month-7-genitive","$v":"Ağustos"},{"$i":"month-8-genitive","$v":"Eylül"},{"$i":"month-9-genitive","$v":"Ekim"},{"$i":"month-10-genitive","$v":"Kasım"},{"$i":"month-11-genitive","$v":"Aralık"},{"$i":"month-0-short","$v":"Oca"},{"$i":"month-1-short","$v":"Şub"},{"$i":"month-2-short","$v":"Mar"},{"$i":"month-3-short","$v":"Nis"},{"$i":"month-4-short","$v":"May"},{"$i":"month-5-short","$v":"Haz"},{"$i":"month-6-short","$v":"Tem"},{"$i":"month-7-short","$v":"Ağu"},{"$i":"month-8-short","$v":"Eyl"},{"$i":"month-9-short","$v":"Eki"},{"$i":"month-10-short","$v":"Kas"},{"$i":"month-11-short","$v":"Ara"},{"$i":"minutes-ago-long","$v":{"zero":"biraz önce","one":"bir dakika önce","two":[{"t":"idOrVar","v":"value"}," dakika önce"],"few":[{"t":"idOrVar","v":"value"}," dakika önce"],"many":[{"t":"idOrVar","v":"value"}," dakika önce"],"other":[{"t":"idOrVar","v":"value"}," dakika önce"]},"$x":[{"t":"idOrVar","v":"plural"},"value"]},{"$i":"hours-ago-long","$v":{"zero":"biraz önce","one":"bir saat önce","two":[{"t":"idOrVar","v":"value"}," saat önce"],"few":[{"t":"idOrVar","v":"value"}," saat önce"],"many":[{"t":"idOrVar","v":"value"}," saat önce"],"other":[{"t":"idOrVar","v":"value"}," saat önce"]},"$x":[{"t":"idOrVar","v":"plural"},"value"]},{"$i":"days-ago-long","$v":{"zero":"bugün","one":"dün","two":[{"t":"idOrVar","v":"value"}," gün önce"],"few":[{"t":"idOrVar","v":"value"}," gün önce"],"many":[{"t":"idOrVar","v":"value"}," gün önce"],"other":[{"t":"idOrVar","v":"value"}," gün önce"]},"$x":[{"t":"idOrVar","v":"plural"},"value"]},{"$i":"weeks-ago-long","$v":{"zero":"bu hafta","one":"geçen hafta","two":[{"t":"idOrVar","v":"value"}," hafta önce"],"few":[{"t":"idOrVar","v":"value"}," hafta önce"],"many":[{"t":"idOrVar","v":"value"}," hafta önce"],"other":[{"t":"idOrVar","v":"value"}," hafta önce"]},"$x":[{"t":"idOrVar","v":"plural"},"value"]},{"$i":"months-ago-long","$v":{"zero":"bu ay","one":"geçen ay","two":[{"t":"idOrVar","v":"value"}," ay önce"],"few":[{"t":"idOrVar","v":"value"}," ay önce"],"many":[{"t":"idOrVar","v":"value"}," ay önce"],"other":[{"t":"idOrVar","v":"value"}," ay önce"]},"$x":[{"t":"idOrVar","v":"plural"},"value"]},{"$i":"years-ago-long","$v":{"zero":"bu yıl","one":"geçen yıl","two":[{"t":"idOrVar","v":"value"}," yıl önce"],"few":[{"t":"idOrVar","v":"value"}," yıl önce"],"many":[{"t":"idOrVar","v":"value"}," yıl önce"],"other":[{"t":"idOrVar","v":"value"}," yıl önce"]},"$x":[{"t":"idOrVar","v":"plural"},"value"]},{"$i":"minutes-until-long","$v":{"zero":"şimdi","one":"bir dakika önce","two":[{"t":"idOrVar","v":"value"}," dakika içinde"],"few":[{"t":"idOrVar","v":"value"}," dakika içinde"],"many":[{"t":"idOrVar","v":"value"}," dakika içinde"],"other":[{"t":"idOrVar","v":"value"}," dakika içinde"]},"$x":[{"t":"idOrVar","v":"plural"},"value"]},{"$i":"hours-until-long","$v":{"zero":"şimdi","one":"bir saat içinde","two":[{"t":"idOrVar","v":"value"}," saat içinde"],"few":[{"t":"idOrVar","v":"value"}," saat içinde"],"many":[{"t":"idOrVar","v":"value"}," saat içinde"],"other":[{"t":"idOrVar","v":"value"}," saat içinde"]},"$x":[{"t":"idOrVar","v":"plural"},"value"]},{"$i":"days-until-long","$v":{"zero":"bugün","one":"dün","two":[{"t":"idOrVar","v":"value"}," gün içinde"],"few":[{"t":"idOrVar","v":"value"}," gün içinde"],"many":[{"t":"idOrVar","v":"value"}," gün içinde"],"other":[{"t":"idOrVar","v":"value"}," gün içinde"]},"$x":[{"t":"idOrVar","v":"plural"},"value"]},{"$i":"weeks-until-long","$v":{"zero":"bu hafta","one":"gelecek hafta","two":[{"t":"idOrVar","v":"value"}," hafta içinde"],"few":[{"t":"idOrVar","v":"value"}," hafta içinde"],"many":[{"t":"idOrVar","v":"value"}," hafta içinde"],"other":[{"t":"idOrVar","v":"value"}," hafta içinde"]},"$x":[{"t":"idOrVar","v":"plural"},"value"]},{"$i":"months-until-long","$v":{"zero":"bu ay","one":"gelecek ay","two":[{"t":"idOrVar","v":"value"}," ay içinde"],"few":[{"t":"idOrVar","v":"value"}," ay içinde"],"many":[{"t":"idOrVar","v":"value"}," ay içinde"],"other":[{"t":"idOrVar","v":"value"}," ay içinde"]},"$x":[{"t":"idOrVar","v":"plural"},"value"]},{"$i":"years-until-long","$v":{"zero":"bu yıl","one":"gelecek yıl","two":[{"t":"idOrVar","v":"value"}," yıl içinde"],"few":[{"t":"idOrVar","v":"value"}," yıl içinde"],"many":[{"t":"idOrVar","v":"value"}," yıl içinde"],"other":[{"t":"idOrVar","v":"value"}," yıl içinde"]},"$x":[{"t":"idOrVar","v":"plural"},"value"]},{"$i":"minutes-ago-short","$v":{"zero":"biraz önce","other":[{"t":"idOrVar","v":"value"}," dk önce"]},"$x":[{"t":"idOrVar","v":"plural"},"value"]},{"$i":"hours-ago-short","$v":{"zero":"biraz önce","other":[{"t":"idOrVar","v":"value"}," saat önce"]},"$x":[{"t":"idOrVar","v":"plural"},"value"]},{"$i":"days-ago-short","$v":{"zero":"bugün","other":[{"t":"idOrVar","v":"value"}," gün önce"]},"$x":[{"t":"idOrVar","v":"plural"},"value"]},{"$i":"minutes-until-short","$v":{"zero":"şimdi","other":[{"t":"idOrVar","v":"value"}," dk içinde"]},"$x":[{"t":"idOrVar","v":"plural"},"value"]},{"$i":"hours-until-short","$v":{"zero":"şimdi","other":[{"t":"idOrVar","v":"value"}," saat içinde"]},"$x":[{"t":"idOrVar","v":"plural"},"value"]},{"$i":"days-until-short","$v":{"zero":"bugün","other":[{"t":"idOrVar","v":"value"}," gün içinde"]},"$x":[{"t":"idOrVar","v":"plural"},"value"]},{"$i":"incorrectDate","$v":"(geçersiz tarih)"},{"$i":"dateTimeFormat_%c","$v":"%e %b %Y %a %H:%M:%S"},{"$i":"dateTimeFormat_%x","$v":"%d/%m/%Y"},{"$i":"dateTimeFormat_%X","$v":"%H:%M:%S"},{"$i":"shortTimeFormat","$v":"%H:%M"},{"$i":"shortTimeFormat12","$v":"%I:%M %p"},{"$i":"shortTimeFormat24","$v":"%H:%M"},{"$i":"shortDateTimeFormat","$v":"%x %H:%M"},{"$i":"weekStartsOnMonday","$v":"1"},{"$i":"firstDayOfTheWeek","$v":"0"},{"$i":"time_am","$v":"ÖÖ"},{"$i":"time_pm","$v":"ÖS"}]