[{"$i":"reset","$v":"重置"},{"$i":"start","$v":"开始"},{"$i":"stop","$v":"停止"},{"$i":"cancel","$v":"取消"},{"$i":"hour","$v":"小时"},{"$i":"hours","$v":"小时"},{"$i":"minute","$v":"分钟"},{"$i":"minutes","$v":"分钟"},{"$i":"alarm","$v":"闹钟"},{"$i":"timer","$v":"计时器"},{"$i":"stopwatch","$v":"秒表"},{"$i":"alarmName","placeholder":"闹钟名称"},{"$i":"newAlarm","$v":"添加闹钟"},{"$i":"editAlarm","$v":"编辑闹钟"},{"$i":"pause","$v":"暂停"},{"$i":"resume","$v":"继续"},{"$i":"lap","$v":"圈"},{"$i":"lap-number","$v":[{"t":"idOrVar","v":"n"}," 圈"]},{"$i":"delete","$v":"删除"},{"$i":"time","$v":"时间"},{"$i":"snooze-label","$v":"小睡"},{"$i":"snooze-button","$v":"小睡"},{"$i":"repeat","$v":"重复"},{"$i":"vibrate","$v":"振动"},{"$i":"close","$v":"关闭"},{"$i":"save","$v":"保存"},{"$i":"done","$v":"完成"},{"$i":"closeButton","ariaLabel":"关闭"},{"$i":"newAlarmButton","ariaLabel":"添加闹钟"},{"$i":"alarm-volume-label","$v":"系统闹钟音量"},{"$i":"sound","$v":"铃声"},{"$i":"noSound","$v":"无声"},{"$i":"everyday","$v":"每天"},{"$i":"weekdays","$v":"工作日"},{"$i":"weekends","$v":"周末"},{"$i":"never","$v":"永不"},{"$i":"vibrateOn","$v":"开"},{"$i":"vibrateOff","$v":"关"},{"$i":"plusMinute","$v":"+1 分钟"},{"$i":"dateFormat","$v":"%B %e 日 %A"},{"$i":"countdown-lessThanAnHour","$v":["距离此闹钟响起还有 <strong>",{"t":"idOrVar","v":"minutes"},"</strong>。"]},{"$i":"countdown-moreThanAnHour","$v":["距离此闹钟响起还有 ",{"t":"idOrVar","v":"hours"}," ",{"t":"idOrVar","v":"minutes"},"。"]},{"$i":"countdown-moreThanADay","$v":["距离此闹钟响起还有 ",{"t":"idOrVar","v":"days"}," ",{"t":"idOrVar","v":"hours"},"。"]},{"$i":"nMinutes","$v":{"zero":"1 分钟不到","one":"1 分钟","two":[{"t":"idOrVar","v":"n"}," 分钟"],"few":[{"t":"idOrVar","v":"n"}," 分钟"],"many":[{"t":"idOrVar","v":"n"}," 分钟"],"other":[{"t":"idOrVar","v":"n"}," 分钟"]},"$x":[{"t":"idOrVar","v":"plural"},"n"]},{"$i":"nHours","$v":{"zero":"","one":["<strong>",{"t":"idOrVar","v":"n"}," 小时</strong>"],"two":["<strong>",{"t":"idOrVar","v":"n"}," 小时</strong>"],"few":["<strong>",{"t":"idOrVar","v":"n"}," 小时</strong>"],"many":["<strong>",{"t":"idOrVar","v":"n"}," 小时</strong>"],"other":["<strong>",{"t":"idOrVar","v":"n"}," 小时</strong>"]},"$x":[{"t":"idOrVar","v":"plural"},"n"]},{"$i":"nAndRemainHours","$v":{"zero":"","one":["以及<strong>",{"t":"idOrVar","v":"n"}," 小时</strong>"],"two":["以及 <strong>",{"t":"idOrVar","v":"n"}," 小时</strong>"],"few":["以及 <strong>",{"t":"idOrVar","v":"n"}," 小时</strong>"],"many":["以及 <strong>",{"t":"idOrVar","v":"n"}," 小时</strong>"],"other":["以及 <strong>",{"t":"idOrVar","v":"n"}," 小时</strong>"]},"$x":[{"t":"idOrVar","v":"plural"},"n"]},{"$i":"nRemainDays","$v":{"zero":"","one":["<strong>",{"t":"idOrVar","v":"n"}," 天</strong>"],"two":["<strong>",{"t":"idOrVar","v":"n"}," 天</strong>"],"few":["<strong>",{"t":"idOrVar","v":"n"}," 天</strong>"],"many":["<strong>",{"t":"idOrVar","v":"n"}," 天</strong>"],"other":["<strong>",{"t":"idOrVar","v":"n"}," 天</strong>"]},"$x":[{"t":"idOrVar","v":"plural"},"n"]},{"$i":"nRemainMinutes","$v":{"zero":"","one":["<strong>",{"t":"idOrVar","v":"n"}," 分钟</strong>"],"two":["<strong>",{"t":"idOrVar","v":"n"}," 分钟</strong>"],"few":["<strong>",{"t":"idOrVar","v":"n"}," 分钟</strong>"],"many":["<strong>",{"t":"idOrVar","v":"n"}," 分钟</strong>"],"other":["<strong>",{"t":"idOrVar","v":"n"}," 分钟</strong>"]},"$x":[{"t":"idOrVar","v":"plural"},"n"]},{"$i":"nSpinnerSeconds","$v":{"zero":"0 秒","one":"1 秒","two":[{"t":"idOrVar","v":"n"}," 秒"],"few":[{"t":"idOrVar","v":"n"}," 秒"],"many":[{"t":"idOrVar","v":"n"}," 秒"],"other":[{"t":"idOrVar","v":"n"}," 秒"]},"$x":[{"t":"idOrVar","v":"plural"},"n"]},{"$i":"nSpinnerMinutes","$v":{"zero":"0 分钟","one":"1 分钟","two":[{"t":"idOrVar","v":"n"}," 分钟"],"few":[{"t":"idOrVar","v":"n"}," 分钟"],"many":[{"t":"idOrVar","v":"n"}," 分钟"],"other":[{"t":"idOrVar","v":"n"}," 分钟"]},"$x":[{"t":"idOrVar","v":"plural"},"n"]},{"$i":"nSpinnerHours","$v":{"zero":"0 小时","one":[{"t":"idOrVar","v":"n"}," 小时"],"two":[{"t":"idOrVar","v":"n"}," 小时"],"few":[{"t":"idOrVar","v":"n"}," 小时"],"many":[{"t":"idOrVar","v":"n"}," 小时"],"other":[{"t":"idOrVar","v":"n"}," 小时"]},"$x":[{"t":"idOrVar","v":"plural"},"n"]},{"$i":"ac_awake_opus","$v":"苏醒"},{"$i":"ac_crystalize_opus","$v":"晶体"},{"$i":"ac_cycle_opus","$v":"转圈"},{"$i":"ac_digicloud_opus","$v":"数字云"},{"$i":"ac_humming_waves_opus","$v":"间歇嗡嗡"},{"$i":"ac_into_the_void_opus","$v":"虚空之中"},{"$i":"ac_lightly_opus","$v":"轻盈"},{"$i":"ac_mobile_opus","$v":"移动电话"},{"$i":"ac_pinger_opus","$v":"弹跳脉冲"},{"$i":"ac_skip_opus","$v":"蹦跳"},{"$i":"ac_tri_opus","$v":"叮凌"},{"$i":"ac_universal_opus","$v":"宇宙"},{"$i":"weekday-0-long","$v":"星期日"},{"$i":"weekday-1-long","$v":"星期一"},{"$i":"weekday-2-long","$v":"星期二"},{"$i":"weekday-3-long","$v":"星期三"},{"$i":"weekday-4-long","$v":"星期四"},{"$i":"weekday-5-long","$v":"星期五"},{"$i":"weekday-6-long","$v":"星期六"},{"$i":"weekday-0-short","$v":"日"},{"$i":"weekday-1-short","$v":"一"},{"$i":"weekday-2-short","$v":"二"},{"$i":"weekday-3-short","$v":"三"},{"$i":"weekday-4-short","$v":"四"},{"$i":"weekday-5-short","$v":"五"},{"$i":"weekday-6-short","$v":"六"},{"$i":"month-0-long","$v":"1 月"},{"$i":"month-1-long","$v":"2 月"},{"$i":"month-2-long","$v":"3 月"},{"$i":"month-3-long","$v":"4 月"},{"$i":"month-4-long","$v":"5 月"},{"$i":"month-5-long","$v":"6 月"},{"$i":"month-6-long","$v":"7 月"},{"$i":"month-7-long","$v":"8 月"},{"$i":"month-8-long","$v":"9 月"},{"$i":"month-9-long","$v":"10 月"},{"$i":"month-10-long","$v":"11 月"},{"$i":"month-11-long","$v":"12 月"},{"$i":"month-0-genitive","$v":"一月"},{"$i":"month-1-genitive","$v":"二月"},{"$i":"month-2-genitive","$v":"三月"},{"$i":"month-3-genitive","$v":"四月"},{"$i":"month-4-genitive","$v":"五月"},{"$i":"month-5-genitive","$v":"六月"},{"$i":"month-6-genitive","$v":"七月"},{"$i":"month-7-genitive","$v":"八月"},{"$i":"month-8-genitive","$v":"九月"},{"$i":"month-9-genitive","$v":"十月"},{"$i":"month-10-genitive","$v":"十一月"},{"$i":"month-11-genitive","$v":"十二月"},{"$i":"month-0-short","$v":"1 月"},{"$i":"month-1-short","$v":"2 月"},{"$i":"month-2-short","$v":"3 月"},{"$i":"month-3-short","$v":"4 月"},{"$i":"month-4-short","$v":"5 月"},{"$i":"month-5-short","$v":"6 月"},{"$i":"month-6-short","$v":"7 月"},{"$i":"month-7-short","$v":"8 月"},{"$i":"month-8-short","$v":"9 月"},{"$i":"month-9-short","$v":"10 月"},{"$i":"month-10-short","$v":"11 月"},{"$i":"month-11-short","$v":"12 月"},{"$i":"minutes-ago-long","$v":{"zero":"刚才","one":"1 分钟前","two":[{"t":"idOrVar","v":"value"}," 分钟前"],"few":[{"t":"idOrVar","v":"value"}," 分钟前"],"many":[{"t":"idOrVar","v":"value"}," 分钟前"],"other":[{"t":"idOrVar","v":"value"}," 分钟前"]},"$x":[{"t":"idOrVar","v":"plural"},"value"]},{"$i":"hours-ago-long","$v":{"zero":"刚才","one":"1 小时前","two":[{"t":"idOrVar","v":"value"}," 小时前"],"few":[{"t":"idOrVar","v":"value"}," 小时前"],"many":[{"t":"idOrVar","v":"value"}," 小时前"],"other":[{"t":"idOrVar","v":"value"}," 小时前"]},"$x":[{"t":"idOrVar","v":"plural"},"value"]},{"$i":"days-ago-long","$v":{"zero":"今天","one":"昨天","two":[{"t":"idOrVar","v":"value"}," 天前"],"few":[{"t":"idOrVar","v":"value"}," 天前"],"many":[{"t":"idOrVar","v":"value"}," 天前"],"other":[{"t":"idOrVar","v":"value"}," 天前"]},"$x":[{"t":"idOrVar","v":"plural"},"value"]},{"$i":"weeks-ago-long","$v":{"zero":"本周","one":"上周","two":[{"t":"idOrVar","v":"value"}," 周前"],"few":[{"t":"idOrVar","v":"value"}," 周前"],"many":[{"t":"idOrVar","v":"value"}," 周前"],"other":[{"t":"idOrVar","v":"value"}," 周前"]},"$x":[{"t":"idOrVar","v":"plural"},"value"]},{"$i":"months-ago-long","$v":{"zero":"本月","one":"上月","two":[{"t":"idOrVar","v":"value"}," 个月前"],"few":[{"t":"idOrVar","v":"value"}," 个月前"],"many":[{"t":"idOrVar","v":"value"}," 个月前"],"other":[{"t":"idOrVar","v":"value"}," 个月前"]},"$x":[{"t":"idOrVar","v":"plural"},"value"]},{"$i":"years-ago-long","$v":{"zero":"今年","one":"去年","two":[{"t":"idOrVar","v":"value"}," 年前"],"few":[{"t":"idOrVar","v":"value"}," 年前"],"many":[{"t":"idOrVar","v":"value"}," 年前"],"other":[{"t":"idOrVar","v":"value"}," 年前"]},"$x":[{"t":"idOrVar","v":"plural"},"value"]},{"$i":"minutes-until-long","$v":{"zero":"现在","one":"1 分钟内","two":["剩",{"t":"idOrVar","v":"value"},"分钟"],"few":["剩",{"t":"idOrVar","v":"value"},"分钟"],"many":["剩",{"t":"idOrVar","v":"value"},"分钟"],"other":["剩",{"t":"idOrVar","v":"value"},"分钟"]},"$x":[{"t":"idOrVar","v":"plural"},"value"]},{"$i":"hours-until-long","$v":{"zero":"现在","one":"1 小时内","two":["剩",{"t":"idOrVar","v":"value"},"小时"],"few":["剩",{"t":"idOrVar","v":"value"},"小时"],"many":["剩",{"t":"idOrVar","v":"value"},"小时"],"other":["剩",{"t":"idOrVar","v":"value"},"小时"]},"$x":[{"t":"idOrVar","v":"plural"},"value"]},{"$i":"days-until-long","$v":{"zero":"今天","one":"明天","two":["剩",{"t":"idOrVar","v":"value"},"天"],"few":["剩",{"t":"idOrVar","v":"value"},"天"],"many":["剩",{"t":"idOrVar","v":"value"},"天"],"other":["剩",{"t":"idOrVar","v":"value"},"天"]},"$x":[{"t":"idOrVar","v":"plural"},"value"]},{"$i":"weeks-until-long","$v":{"zero":"本周","one":"下周","two":["剩",{"t":"idOrVar","v":"value"},"周"],"few":["剩",{"t":"idOrVar","v":"value"},"周"],"many":["剩",{"t":"idOrVar","v":"value"},"周"],"other":["剩",{"t":"idOrVar","v":"value"},"周"]},"$x":[{"t":"idOrVar","v":"plural"},"value"]},{"$i":"months-until-long","$v":{"zero":"本月","one":"下月","two":["剩",{"t":"idOrVar","v":"value"},"个月"],"few":["剩",{"t":"idOrVar","v":"value"},"个月"],"many":["剩",{"t":"idOrVar","v":"value"},"个月"],"other":["剩",{"t":"idOrVar","v":"value"},"个月"]},"$x":[{"t":"idOrVar","v":"plural"},"value"]},{"$i":"years-until-long","$v":{"zero":"今年","one":"明年","two":["剩",{"t":"idOrVar","v":"value"},"年"],"few":["剩",{"t":"idOrVar","v":"value"},"年"],"many":["剩",{"t":"idOrVar","v":"value"},"年"],"other":["剩",{"t":"idOrVar","v":"value"},"年"]},"$x":[{"t":"idOrVar","v":"plural"},"value"]},{"$i":"minutes-ago-short","$v":{"zero":"刚才","other":[{"t":"idOrVar","v":"value"}," 分钟前"]},"$x":[{"t":"idOrVar","v":"plural"},"value"]},{"$i":"hours-ago-short","$v":{"zero":"刚才","other":[{"t":"idOrVar","v":"value"},"小时前"]},"$x":[{"t":"idOrVar","v":"plural"},"value"]},{"$i":"days-ago-short","$v":{"zero":"今天","other":[{"t":"idOrVar","v":"value"}," 天前"]},"$x":[{"t":"idOrVar","v":"plural"},"value"]},{"$i":"minutes-until-short","$v":{"zero":"现在","other":["剩",{"t":"idOrVar","v":"value"},"分钟"]},"$x":[{"t":"idOrVar","v":"plural"},"value"]},{"$i":"hours-until-short","$v":{"zero":"现在","other":["剩",{"t":"idOrVar","v":"value"},"小时"]},"$x":[{"t":"idOrVar","v":"plural"},"value"]},{"$i":"days-until-short","$v":{"zero":"今天","other":["剩",{"t":"idOrVar","v":"value"},"天"]},"$x":[{"t":"idOrVar","v":"plural"},"value"]},{"$i":"incorrectDate","$v":"（日期不正确）"},{"$i":"dateTimeFormat_%c","$v":"%Y 年 %b %e 日 %a %H:%M:%S"},{"$i":"dateTimeFormat_%x","$v":"%Y/%m/%d"},{"$i":"dateTimeFormat_%X","$v":"%H:%M:%S"},{"$i":"shortTimeFormat","$v":"%H:%M"},{"$i":"shortTimeFormat12","$v":"%p %I:%M"},{"$i":"shortTimeFormat24","$v":"%H:%M"},{"$i":"shortDateTimeFormat","$v":"%x %H:%M"},{"$i":"weekStartsOnMonday","$v":"0"},{"$i":"firstDayOfTheWeek","$v":"0"},{"$i":"time_am","$v":"上午"},{"$i":"time_pm","$v":"下午"}]