[{"$i":"ok","$v":"موافق"},{"$i":"download-button","$v":"تنزيل"},{"$i":"install-button","$v":"تثبيت"},{"$i":"cancel-button","$v":"ألغِ"},{"$i":"download_error","$v":"خطأ في التنزيل"},{"$i":"install_error","$v":"خطأ في التثبيت"},{"$i":"err_descriptor_download_failed","$v":"فشل التنزيل بسبب خطأ في الخادم"},{"$i":"err_bad_descriptor","$v":"فشل التحميل بسبب خطأ في الخادم"},{"$i":"err_too_big","$v":"حجم الملف أكبر من أن يتم تنزيله"},{"$i":"err_unsupported_type","$v":"هذا النوع من الوسائط المشتراة غير مدعوم على هاتفك"},{"$i":"err_bad_type","$v":"فشل في التنزيل بسسبب خطأ في الخادم"},{"$i":"err_content_download_failed","$v":"فشل التنزيل بسبب خطأ في الخادم "},{"$i":"err_bad_drm_message","$v":"فشل التنزيل بسبب خطأ في الخادم"},{"$i":"err_bad_image","$v":"الصورة التي انزلتها لا يستطيع هذا الجهاز عرضها"},{"$i":"err_bad_audio","$v":"هذا الجهاز لن يستطيع تشغيل الملف الذي تم تنزيله"},{"$i":"err_no_space","$v":"لا يوجد مساحة تخزين كافية لحفظ هذه الأغنية"},{"$i":"err_no_sdcard","$v":"غير قادر على حفظ الأغنية لأنه لايوجد بطاقة ذاكرة"},{"$i":"err_sdcard_in_use","$v":"غير قادر على حفظ الاغنية لأن بطاقة الذاكرة قيد الإستخدام ,افصل هاتفك ثم حاول التنزيل مجددا ."},{"$i":"err_ds_save_failure","$v":"خطأ في حفظ ملف الوسائط"},{"$i":"err_db_store_failure","$v":"خطأ في حفظ ملف الوسائط"},{"$i":"success_song","$v":"تم حفظ و تنصيب الأغنية , استخدم تطبيق الموسيقى كي تشغلها ."},{"$i":"success_ringtone","$v":"تم تنزيل و تنصيب نغمة الإتصال"},{"$i":"success_wallpaper","$v":"تم تنزيل و تنصيب الخلفية."},{"$i":"ringtone-or-song-question","$v":"هل ترغب في تثبيت هذا الملف الصّوتي كأغنية أو كرنّة هاتف؟"},{"$i":"ringtone-response","$v":"نغمة إتصال "},{"$i":"song-response","$v":"أغنية"},{"$i":"download-confirmation-title-song","$v":"هل تريد تنزيل الأغنية ؟"},{"$i":"download-confirmation-title-ringtone","$v":"هل تريد تنزيل نغمة الإتصال ؟"},{"$i":"download-confirmation-title-wallpaper","$v":"هل تريد تنزيل الخلفية ؟"},{"$i":"downloading-song","$v":"جارِتنزيل الأغنية..."},{"$i":"downloading-ringtone","$v":"جارِ تنزيل نغمة الإتصال..."},{"$i":"downloading-wallpaper","$v":"جارِ تنزيل الخلفية..."},{"$i":"locked-content-advisory","$v":[{"t":"idOrVar","v":"vendor"}," حجب ملف الوسائط حتى لا تستطيع مشاركته مع الآخرين أو نقله الي جهاز جديد."]},{"$i":"locked-content-advisory-generic","$v":" البائع حجب ملف الوسائط هذا حتى لا تستطيع مشاركته مع الآخرين أو نقله الي جهاز جديد."},{"$i":"download-confirmation-name","$v":"الإسم"},{"$i":"download-confirmation-type","$v":"النوع"},{"$i":"download-confirmation-size","$v":"الحجم"},{"$i":"download-confirmation-vendor","$v":"البائع"},{"$i":"download-confirmation-description","$v":"معلومات"},{"$i":"download-progress-title","$v":"جارِ التحميل"},{"$i":"preview-image-title","$v":"معاينة الصورة"},{"$i":"preview-audio-title","$v":"معاينة الصوت"},{"$i":"byteUnit-B","$v":"بايت"},{"$i":"byteUnit-KB","$v":"كيلوبايت"},{"$i":"byteUnit-MB","$v":"ميجا بايت"},{"$i":"byteUnit-GB","$v":"جيجا بايت"},{"$i":"done","$v":"تمّ"},{"$i":"pick-ringtone","$v":"إختيار نغمة الرنين"},{"$i":"pick-wallpaper","$v":"إختيار الخلفية"},{"$i":"no-installed-ringtones","$v":"لم يثبت نغمات رنين مقفله"},{"$i":"no-installed-wallpaper","$v":"لم يثبت خلفيات مغلقه"}]