[{"$i":"ok","$v":"Добре"},{"$i":"download-button","$v":"Изтегляне"},{"$i":"install-button","$v":"Инсталиране"},{"$i":"cancel-button","$v":"Отказ"},{"$i":"download_error","$v":"Грешка при изтегляне"},{"$i":"install_error","$v":"Грешка при инсталиране"},{"$i":"err_descriptor_download_failed","$v":"Свалянето беше неуспешно поради сървърна грешка."},{"$i":"err_bad_descriptor","$v":"Свалянето беше неуспешно поради сървърна грешка."},{"$i":"err_too_big","$v":"Файлът е твърде голям за изтегляне."},{"$i":"err_unsupported_type","$v":"Този тип медия не е поддържан от телефона Ви."},{"$i":"err_bad_type","$v":"Свалянето беше неуспешно поради сървърна грешка."},{"$i":"err_content_download_failed","$v":"Свалянето беше неуспешно поради сървърна грешка."},{"$i":"err_bad_drm_message","$v":"Свалянето беше неуспешно поради сървърна грешка."},{"$i":"err_bad_image","$v":"Сваленото изображение не може да бъде показано на това устройство."},{"$i":"err_bad_audio","$v":"Сваленият файл не може да бъде изпълнен на това устройство."},{"$i":"err_no_space","$v":"Няма достатъчно място на устройството, за да бъде запазена тази песен."},{"$i":"err_no_sdcard","$v":"Песента не може да бъде запазена, защото липсва карта за памет."},{"$i":"err_sdcard_in_use","$v":"Песента не може да бъде запазена, защото картата за памет се използва. Изключете кабела от телефона и опитайте да я изтеглите отново."},{"$i":"err_ds_save_failure","$v":"Грешка при запазване на медиен файл."},{"$i":"err_db_store_failure","$v":"Грешка при запазване на медиен файл."},{"$i":"success_song","$v":"Песента е свалена и инсталирана. Използвайте приложението Музика, за да я чуете."},{"$i":"success_ringtone","$v":"Звукът за звънене е свален и инсталиран."},{"$i":"success_wallpaper","$v":"Тапетът е свален и инсталиран."},{"$i":"ringtone-or-song-question","$v":"Искате ли да инсталирате този аудио файл като песен или като звук за звънене?"},{"$i":"ringtone-response","$v":"Звук за звънене"},{"$i":"song-response","$v":"Песен"},{"$i":"download-confirmation-title-song","$v":"Да бъде ли свалена песента?"},{"$i":"download-confirmation-title-ringtone","$v":"Да бъде ли свален звукът за звънене?"},{"$i":"download-confirmation-title-wallpaper","$v":"Да бъде ли свален тапетът?"},{"$i":"downloading-song","$v":"Сваляне на песен…"},{"$i":"downloading-ringtone","$v":"Сваляне на звук за звънене…"},{"$i":"downloading-wallpaper","$v":"Сваляне на тапет…"},{"$i":"locked-content-advisory","$v":[{"t":"idOrVar","v":"vendor"}," е заключил този медиен файл, така че той не може да бъде споделян или преместен на ново устройство."]},{"$i":"locked-content-advisory-generic","$v":"Продавачът е заключил този медиен файл, така че той не може да бъде споделян или преместен на ново устройство."},{"$i":"download-confirmation-name","$v":"Име"},{"$i":"download-confirmation-type","$v":"Тип"},{"$i":"download-confirmation-size","$v":"Размер"},{"$i":"download-confirmation-vendor","$v":"Продавач"},{"$i":"download-confirmation-description","$v":"Информация"},{"$i":"download-progress-title","$v":"Изтегляне"},{"$i":"preview-image-title","$v":"Прегледай изображение"},{"$i":"preview-audio-title","$v":"Прослушай аудио"},{"$i":"byteUnit-B","$v":"байта"},{"$i":"byteUnit-KB","$v":"KB"},{"$i":"byteUnit-MB","$v":"MB"},{"$i":"byteUnit-GB","$v":"GB"},{"$i":"done","$v":"Готово"},{"$i":"pick-ringtone","$v":"Избиране на звук за звънене"},{"$i":"pick-wallpaper","$v":"Избиране на тапет"},{"$i":"no-installed-ringtones","$v":"Няма инсталирани заключени звуци за звънене"},{"$i":"no-installed-wallpaper","$v":"Няма инсталиран заключен тапет"}]