[{"$i":"ok","$v":"ঠিক আছে"},{"$i":"download-button","$v":"ডাউনলোড"},{"$i":"install-button","$v":"ইনস্টল"},{"$i":"cancel-button","$v":"বাতিল"},{"$i":"download_error","$v":"ডাউনলোডে ত্রুটি"},{"$i":"install_error","$v":"ইনস্টলেশন ত্রুটি"},{"$i":"err_descriptor_download_failed","$v":"সার্ভারে ত্রুটির কারণে ডাউনলোডটি ব্যর্থ হয়েছে।"},{"$i":"err_bad_descriptor","$v":"সার্ভারে ত্রুটির কারণে ডাউনলোডটি ব্যর্থ হয়েছে।"},{"$i":"err_too_big","$v":"ডাউনলোড করার জন্য ফাইলটির আকার অনেক বড়।"},{"$i":"err_unsupported_type","$v":"এই ধরণের ক্রয়কৃত মিডিয়া আপনার ফোন সমর্থন করে না।"},{"$i":"err_bad_type","$v":"সার্ভারে ত্রুটির ফলে ডাউনলোডে ব্যর্থ।"},{"$i":"err_content_download_failed","$v":"সার্ভারে ত্রুটির কারণে ডাউনলোডটি ব্যর্থ হয়েছে।"},{"$i":"err_bad_drm_message","$v":"সার্ভারে ত্রুটির কারণে ডাউনলোডটি ব্যর্থ হয়েছে।"},{"$i":"err_bad_image","$v":"ডাউনলোড করা ছবিটি আপনার ডিভাইসে প্রদর্শন করা যাচ্ছে না।"},{"$i":"err_bad_audio","$v":"ডাউনলোড করা ফাইলটি এই ডিভাইসে চালানো যাচ্ছে না।"},{"$i":"err_no_space","$v":"গানটি সংরক্ষনের জন্য আপনার ডিভাইস স্টোরেজে পর্যাপ্ত স্থান খালি নেই।"},{"$i":"err_no_sdcard","$v":"কোন মেমরি কার্ড না থাকায় গানটি সংরক্ষণ করা যাচ্ছে না।"},{"$i":"err_sdcard_in_use","$v":"মেমরি কার্ড ব্যস্ত থাকায় গানটি সংরক্ষণ করা যাচ্ছে না । আপনার ফোন আনপ্লাগ করুন এবং পুনরায় ডাউনলোডের চেষ্টা করুন।"},{"$i":"err_ds_save_failure","$v":"মিডিয়া ফাইল সংরক্ষণ করতে সমস্যা হচ্ছে।"},{"$i":"err_db_store_failure","$v":"মিডিয়া ফাইল সংরক্ষণ করতে সমস্যা হচ্ছে।"},{"$i":"success_song","$v":"গান ডাউনলোড এবং সংরক্ষিত হয়েছে। এটি শুনতে মিউজিক অ্যাপটি ব্যবহার করুন।"},{"$i":"success_ringtone","$v":"রিংটোন ডাউনলোড এবং ইনস্টল হয়েছে।"},{"$i":"success_wallpaper","$v":"ওয়ালপেপার ডাউনলোড এবং ইনস্টল হয়েছে।"},{"$i":"ringtone-or-song-question","$v":"আপনি কি এই অডিও ফাইলটি গান বা রিংটোন হিসেবে ইনস্টল করতে চান?"},{"$i":"ringtone-response","$v":"রিংটোন"},{"$i":"song-response","$v":"গান"},{"$i":"download-confirmation-title-song","$v":"গান ডাউনলোড করবেন?"},{"$i":"download-confirmation-title-ringtone","$v":"রিংটোন ডাউনলোড করবেন?"},{"$i":"download-confirmation-title-wallpaper","$v":"ওয়ালপেপার ডাউনলোড করবেন?"},{"$i":"downloading-song","$v":"গান ডাউনলোড হচ্ছে..."},{"$i":"downloading-ringtone","$v":"রিংটোন ডাউনলোড হচ্ছে…"},{"$i":"downloading-wallpaper","$v":"ওয়ালপেপার ডাউনলোড হচ্ছে..."},{"$i":"locked-content-advisory","$v":[{"t":"idOrVar","v":"vendor"}," এই মিডিয়া ফাইলটি লক করে দিয়েছে যাতে এটি অন্য কারও সাথে শেয়ার বা অন্য কোন ডিভাইসে পাঠানো না যায়।"]},{"$i":"locked-content-advisory-generic","$v":"বিক্রেতা এই মিডিয়া ফাইলটি লক করে দিয়েছে যেন এটি কারও সাথে শেয়ার বা অন্য কোন ডিভাইসে পাঠানো না যায়।"},{"$i":"download-confirmation-name","$v":"নাম"},{"$i":"download-confirmation-type","$v":"ধরন"},{"$i":"download-confirmation-size","$v":"আকার"},{"$i":"download-confirmation-vendor","$v":"বিক্রেতা"},{"$i":"download-confirmation-description","$v":"তথ্য"},{"$i":"download-progress-title","$v":"ডাউনলোড হচ্ছে"},{"$i":"preview-image-title","$v":"ছবি প্রিভিউ"},{"$i":"preview-audio-title","$v":"অডিও প্রিভিউ"},{"$i":"byteUnit-B","$v":"bytes"},{"$i":"byteUnit-KB","$v":"KB"},{"$i":"byteUnit-MB","$v":"MB"},{"$i":"byteUnit-GB","$v":"GB"},{"$i":"done","$v":"সম্পন্ন হয়েছে"},{"$i":"pick-ringtone","$v":"রিংটোন নির্বাচন করুন"},{"$i":"pick-wallpaper","$v":"ওয়ালপেপার নির্বাচন করুন"},{"$i":"no-installed-ringtones","$v":"কোনো লকড রিংটোন ইনস্টল হয়নি"},{"$i":"no-installed-wallpaper","$v":"কোন লক করা ওয়ালপেপার নাই"}]