[{"$i":"ok","$v":"OK"},{"$i":"download-button","$v":"Stáhnout"},{"$i":"install-button","$v":"Nainstalovat"},{"$i":"cancel-button","$v":"Zrušit"},{"$i":"download_error","$v":"Chyba stahování"},{"$i":"install_error","$v":"Chyba instalace"},{"$i":"err_descriptor_download_failed","$v":"Při stahování nastala chyba serveru."},{"$i":"err_bad_descriptor","$v":"Při stahování nastala chyba serveru."},{"$i":"err_too_big","$v":"Soubor je příliš veliký ke stažení."},{"$i":"err_unsupported_type","$v":"Tento typ zakoupeného média není na vašem telefonu podporován."},{"$i":"err_bad_type","$v":"Při stahování nastala chyba serveru."},{"$i":"err_content_download_failed","$v":"Při stahování nastala chyba serveru."},{"$i":"err_bad_drm_message","$v":"Při stahování nastala chyba serveru."},{"$i":"err_bad_image","$v":"Stažený obrázek nelze na tomto zařízení zobrazit."},{"$i":"err_bad_audio","$v":"Stažený soubor nelze na tomto zařízení přehrát."},{"$i":"err_no_space","$v":"Na vašem zařízení není dostatek volné paměti pro uložení této skladby."},{"$i":"err_no_sdcard","$v":"Skladbu nelze uložit, protože není vložena paměťová karta."},{"$i":"err_sdcard_in_use","$v":"Skladbu nelze uložit, protože paměťová karta je právě používána. Odpojte svůj telefon a zkuste ji stáhnout znovu."},{"$i":"err_ds_save_failure","$v":"Chyba při ukládání multimediálního souboru."},{"$i":"err_db_store_failure","$v":"Chyba při ukládání multimediálního souboru."},{"$i":"success_song","$v":"Skladba byla stažena a nainstalována. Pro její přehrání použijte aplikaci Hudba."},{"$i":"success_ringtone","$v":"Vyzvánění bylo staženo a nainstalováno."},{"$i":"success_wallpaper","$v":"Tapeta byla stažena a nainstalována."},{"$i":"ringtone-or-song-question","$v":"Chcete tento zvukový soubor nainstalovat jako skladbu nebo jako vyzvánění? "},{"$i":"ringtone-response","$v":"Vyzvánění"},{"$i":"song-response","$v":"Skladba"},{"$i":"download-confirmation-title-song","$v":"Stáhnout skladbu?"},{"$i":"download-confirmation-title-ringtone","$v":"Stáhnout vyzvánění?"},{"$i":"download-confirmation-title-wallpaper","$v":"Stáhnout tapetu?"},{"$i":"downloading-song","$v":"Stahování skladby…"},{"$i":"downloading-ringtone","$v":"Stahování vyzvánění…"},{"$i":"downloading-wallpaper","$v":"Stahování tapety…"},{"$i":"locked-content-advisory","$v":["Tento multimediální soubor byl uzamčen prodejcem ",{"t":"idOrVar","v":"vendor"},". Nelze jej tedy sdílet s ostatními nebo přenášet na nová zařízení."]},{"$i":"locked-content-advisory-generic","$v":"Tento multimediální soubor byl prodejcem uzamčen a nelze jej tedy sdílet s ostatními nebo přenášet na nová zařízení."},{"$i":"download-confirmation-name","$v":"Název"},{"$i":"download-confirmation-type","$v":"Typ"},{"$i":"download-confirmation-size","$v":"Velikost"},{"$i":"download-confirmation-vendor","$v":"Prodejce"},{"$i":"download-confirmation-description","$v":"Info"},{"$i":"download-progress-title","$v":"Stahování"},{"$i":"preview-image-title","$v":"Náhled obrázku"},{"$i":"preview-audio-title","$v":"Audio ukázka"},{"$i":"byteUnit-B","$v":"bytů"},{"$i":"byteUnit-KB","$v":"KB"},{"$i":"byteUnit-MB","$v":"MB"},{"$i":"byteUnit-GB","$v":"GB"},{"$i":"done","$v":"Hotovo"},{"$i":"pick-ringtone","$v":"Vybrat vyzvánění"},{"$i":"pick-wallpaper","$v":"Vybrat tapetu"},{"$i":"no-installed-ringtones","$v":"Nejsou nainstalována žádná uzamčená vyzvánění"},{"$i":"no-installed-wallpaper","$v":"Nejsou nainstalovány žádné uzamčené tapety"}]