[{"$i":"ok","$v":"OK"},{"$i":"download-button","$v":"Hent"},{"$i":"install-button","$v":"Installer"},{"$i":"cancel-button","$v":"Annuller"},{"$i":"download_error","$v":"Hentningsfejl"},{"$i":"install_error","$v":"Installationsfejl"},{"$i":"err_descriptor_download_failed","$v":"Hentningen mislykkedes på grund af en serverfejl."},{"$i":"err_bad_descriptor","$v":"Hentningen mislykkedes på grund af en serverfejl."},{"$i":"err_too_big","$v":"Filen er for stor til at hente."},{"$i":"err_unsupported_type","$v":"Denne type af købte medier understøttes ikke på din telefon."},{"$i":"err_bad_type","$v":"Hentningen mislykkedes på grund af en serverfejl."},{"$i":"err_content_download_failed","$v":"Hentningen mislykkedes på grund af en serverfejl."},{"$i":"err_bad_drm_message","$v":"Hentningen mislykkedes på grund af en serverfejl."},{"$i":"err_bad_image","$v":"Det hentede billede kan ikke vises på denne enhed."},{"$i":"err_bad_audio","$v":"Den hentede fil kan ikke afspilles på denne enhed."},{"$i":"err_no_space","$v":"Der er ikke lagerplads nok på din enhed til at gemme filen."},{"$i":"err_no_sdcard","$v":"Kan ikke gemme filen, da der ikke er noget hukommelseskort."},{"$i":"err_sdcard_in_use","$v":"Kan ikke gemme filen, da hukommelseskortet er i brug. Afkobl din telefon og prøv at hente igen."},{"$i":"err_ds_save_failure","$v":"Kunne ikke gemme mediefil."},{"$i":"err_db_store_failure","$v":"Kunne ikke gemme mediefil."},{"$i":"success_song","$v":"Musik hentet og installeret. Brug musik-app'en til at afspille den."},{"$i":"success_ringtone","$v":"Ringetone hentet og installeret."},{"$i":"success_wallpaper","$v":"Baggrund hentet og installeret."},{"$i":"ringtone-or-song-question","$v":"Vil du installere denne lydfil som et stykke musik eller som en ringetone?"},{"$i":"ringtone-response","$v":"Ringetone"},{"$i":"song-response","$v":"Musik"},{"$i":"download-confirmation-title-song","$v":"Hent musik?"},{"$i":"download-confirmation-title-ringtone","$v":"Hent ringetone?"},{"$i":"download-confirmation-title-wallpaper","$v":"Hent baggrund?"},{"$i":"downloading-song","$v":"Henter musik…"},{"$i":"downloading-ringtone","$v":"Henter ringetone…"},{"$i":"downloading-wallpaper","$v":"Henter baggrund…"},{"$i":"locked-content-advisory","$v":[{"t":"idOrVar","v":"vendor"}," har låst denne mediefil, så den ikke kan deles med andre eller overføres til en anden enhed."]},{"$i":"locked-content-advisory-generic","$v":"Sælgeren har låst denne mediefil, så den ikke kan deles med andre eller overføres til en anden enhed."},{"$i":"download-confirmation-name","$v":"Navn"},{"$i":"download-confirmation-type","$v":"Type"},{"$i":"download-confirmation-size","$v":"Størrelse"},{"$i":"download-confirmation-vendor","$v":"Sælger"},{"$i":"download-confirmation-description","$v":"Info"},{"$i":"download-progress-title","$v":"Henter"},{"$i":"preview-image-title","$v":"Billedeksempel"},{"$i":"preview-audio-title","$v":"Lydeksempel"},{"$i":"byteUnit-B","$v":"bytes"},{"$i":"byteUnit-KB","$v":"KB"},{"$i":"byteUnit-MB","$v":"MB"},{"$i":"byteUnit-GB","$v":"GB"},{"$i":"done","$v":"Færdig"},{"$i":"pick-ringtone","$v":"Vælg ringetone"},{"$i":"pick-wallpaper","$v":"Vælg baggrund"},{"$i":"no-installed-ringtones","$v":"Ingen låst ringetone valgt"},{"$i":"no-installed-wallpaper","$v":"Ingen låst baggrund valgt"}]