[{"$i":"ok","$v":"OK"},{"$i":"download-button","$v":"Herunterladen"},{"$i":"install-button","$v":"Installieren"},{"$i":"cancel-button","$v":"Abbrechen"},{"$i":"download_error","$v":"Fehler beim Herunterladen"},{"$i":"install_error","$v":"Fehler bei der Installation"},{"$i":"err_descriptor_download_failed","$v":"Der Download schlug wegen eines Fehlers auf dem Server fehl."},{"$i":"err_bad_descriptor","$v":"Der Download schlug wegen eines Fehlers auf dem Server fehl."},{"$i":"err_too_big","$v":"Die Datei ist zu groß."},{"$i":"err_unsupported_type","$v":"Dieser erworbene Medientyp wird von Ihrem Telefon nicht unterstützt."},{"$i":"err_bad_type","$v":"Der Download schlug wegen eines Fehlers auf dem Server fehl."},{"$i":"err_content_download_failed","$v":"Der Download schlug wegen eines Fehlers auf dem Server fehl."},{"$i":"err_bad_drm_message","$v":"Der Download schlug wegen eines Fehlers auf dem Server fehl."},{"$i":"err_bad_image","$v":"Die heruntergeladene Grafik kann auf diesem Gerät nicht angezeigt werden."},{"$i":"err_bad_audio","$v":"Die heruntergeladene Datei kann auf diesem Gerät nicht wiedergegeben werden."},{"$i":"err_no_space","$v":"Es steht nicht genügend Speicherplatz zum Speichern dieses Musiktitels zur Verfügung."},{"$i":"err_no_sdcard","$v":"Musiktitel kann nicht gespeichert werden, da keine Speicherkarte vorhanden ist."},{"$i":"err_sdcard_in_use","$v":"Musiktitel kann nicht gespeichert werden, da die Speicherkarte verwendet wird. Ziehen Sie das Telefon ab und versuchen Sie es erneut."},{"$i":"err_ds_save_failure","$v":"Fehler beim Speichern der Mediendatei."},{"$i":"err_db_store_failure","$v":"Fehler beim Speichern der Mediendatei."},{"$i":"success_song","$v":"Musiktitel heruntergeladen und installiert. Verwenden Sie die App \"Musik\" zur Wiedergabe."},{"$i":"success_ringtone","$v":"Klingelton heruntergeladen und installiert."},{"$i":"success_wallpaper","$v":"Hintergrundbild heruntergeladen und installiert."},{"$i":"ringtone-or-song-question","$v":"Soll diese Audio-Datei als Musiktitel oder als Klingelton installiert werden?"},{"$i":"ringtone-response","$v":"Klingelton"},{"$i":"song-response","$v":"Musiktitel"},{"$i":"download-confirmation-title-song","$v":"Titel herunterladen?"},{"$i":"download-confirmation-title-ringtone","$v":"Klingelton herunterladen?"},{"$i":"download-confirmation-title-wallpaper","$v":"Hintergrundbild herunterladen?"},{"$i":"downloading-song","$v":"Titel wird heruntergeladen…"},{"$i":"downloading-ringtone","$v":"Klingelton wird heruntergeladen…"},{"$i":"downloading-wallpaper","$v":"Hintergrundbild wird heruntergeladen…"},{"$i":"locked-content-advisory","$v":[{"t":"idOrVar","v":"vendor"}," hat die Berechtigungen an dieser Mediendatei eingeschränkt, sodass sie nicht geteilt oder auf ein neues Gerät übertragen werden kann."]},{"$i":"locked-content-advisory-generic","$v":"Der Verkäufer hat die Berechtigungen an dieser Mediendatei eingeschränkt, sodass sie nicht geteilt oder auf ein neues Gerät übertragen werden kann."},{"$i":"download-confirmation-name","$v":"Name"},{"$i":"download-confirmation-type","$v":"Typ"},{"$i":"download-confirmation-size","$v":"Größe"},{"$i":"download-confirmation-vendor","$v":"Verkäufer"},{"$i":"download-confirmation-description","$v":"Info"},{"$i":"download-progress-title","$v":"Wird heruntergeladen…"},{"$i":"preview-image-title","$v":"Grafik ansehen"},{"$i":"preview-audio-title","$v":"Audio anhören"},{"$i":"byteUnit-B","$v":"Bytes"},{"$i":"byteUnit-KB","$v":"KB"},{"$i":"byteUnit-MB","$v":"MB"},{"$i":"byteUnit-GB","$v":"GB"},{"$i":"done","$v":"Fertig"},{"$i":"pick-ringtone","$v":"Klingelton auswählen"},{"$i":"pick-wallpaper","$v":"Hintergrundbild auswählen"},{"$i":"no-installed-ringtones","$v":"Keine Klingeltöne installiert"},{"$i":"no-installed-wallpaper","$v":"Keine Hintergrundbilder installiert"}]