[{"$i":"ok","$v":"ΟΚ"},{"$i":"download-button","$v":"Λήψη"},{"$i":"install-button","$v":"Εγκατάσταση"},{"$i":"cancel-button","$v":"Ακύρωση"},{"$i":"download_error","$v":"Σφάλμα λήψης"},{"$i":"install_error","$v":"Σφάλμα εγκατάστασης"},{"$i":"err_descriptor_download_failed","$v":"Η λήψη απέτυχε λόγω σφάλματος διακομιστή."},{"$i":"err_bad_descriptor","$v":"Η λήψη απέτυχε λόγω σφάλματος διακομιστή."},{"$i":"err_too_big","$v":"Πολύ μεγάλο αρχείο για λήψη."},{"$i":"err_unsupported_type","$v":"Αυτός ο τύπος πολυμέσων δεν υποστηρίζεται από τη συσκευή σας."},{"$i":"err_bad_type","$v":"Η λήψη απέτυχε λόγω σφάλματος διακομιστή."},{"$i":"err_content_download_failed","$v":"Η λήψη απέτυχε λόγω σφάλματος διακομιστή."},{"$i":"err_bad_drm_message","$v":"Η λήψη απέτυχε λόγω σφάλματος διακομιστή."},{"$i":"err_bad_image","$v":"Η συσκευή δεν μπορεί να προβάλει την ληφθείσα εικόνα."},{"$i":"err_bad_audio","$v":"Η συσκευή δεν μπορεί να αναπαράγει το ληφθέν αρχείο."},{"$i":"err_no_space","$v":"Δεν υπάρχει αρκετός χώρος στη συσκευή για την αποθήκευση του κομματιού."},{"$i":"err_no_sdcard","$v":"Δεν είναι δυνατή η αποθήκευση του κομματιού λόγω έλλειψης κάρτας μνήμης."},{"$i":"err_sdcard_in_use","$v":"Δεν είναι δυνατή η αποθήκευση του κομματιού καθώς η κάρτα μνήμης είναι απασχολημένη. Αποσυνδέστε τη συσκευή και δοκιμάστε ξανά."},{"$i":"err_ds_save_failure","$v":"Σφάλμα κατά την αποθήκευση αρχείου πολυμέσων."},{"$i":"err_db_store_failure","$v":"Σφάλμα κατά την αποθήκευση αρχείου πολυμέσων."},{"$i":"success_song","$v":"Το μουσικό κομμάτι ελήφθη και εγκαταστάθηκε. Χρησιμοποιείστε την εφαρμογή «Μουσική» για να το αναπαράγετε."},{"$i":"success_ringtone","$v":"Ο ήχος κλήσης ελήφθη και εγκαταστάθηκε."},{"$i":"success_wallpaper","$v":"Η ταπετσαρία ελήφθη και εγκαταστάθηκε."},{"$i":"ringtone-or-song-question","$v":"Θέλετε να γίνει λήψη και εγκατάσταση του αρχείου ήχου ως μουσικό κομμάτι ή ως ήχος κλήσης;"},{"$i":"ringtone-response","$v":"Ήχος κλήσης"},{"$i":"song-response","$v":"Μουσικό κομμάτι"},{"$i":"download-confirmation-title-song","$v":"Λήψη μουσικού κομματιού;"},{"$i":"download-confirmation-title-ringtone","$v":"Λήψη ήχου κλήσης;"},{"$i":"download-confirmation-title-wallpaper","$v":"Λήψη ταπετσαρίας;"},{"$i":"downloading-song","$v":"Λήψη μουσικού κομματιού…"},{"$i":"downloading-ringtone","$v":"Λήψη ήχου κλήσης…"},{"$i":"downloading-wallpaper","$v":"Λήψη ταπετσαρίας…"},{"$i":"locked-content-advisory","$v":["Ο πάροχος ",{"t":"idOrVar","v":"vendor"}," έχει κλειδώσει αυτό τον τύπο αρχείου, έτσι δεν είναι δυνατή η μεταφορά του."]},{"$i":"locked-content-advisory-generic","$v":"Ο πωλητής έχει κλειδώσει αυτό τον τύπο αρχείου, έτσι δεν είναι δυνατή η μεταφορά του."},{"$i":"download-confirmation-name","$v":"Όνομα"},{"$i":"download-confirmation-type","$v":"Τύπος"},{"$i":"download-confirmation-size","$v":"Μέγεθος"},{"$i":"download-confirmation-vendor","$v":"Πωλητής"},{"$i":"download-confirmation-description","$v":"Πληροφορίες"},{"$i":"download-progress-title","$v":"Λήψη"},{"$i":"preview-image-title","$v":"Προεπισκόπηση εικόνας"},{"$i":"preview-audio-title","$v":"Προεπισκόπηση ήχου"},{"$i":"byteUnit-B","$v":"bytes"},{"$i":"byteUnit-KB","$v":"KB"},{"$i":"byteUnit-MB","$v":"MB"},{"$i":"byteUnit-GB","$v":"GB"},{"$i":"done","$v":"ΟΚ"},{"$i":"pick-ringtone","$v":"Επιλογή ήχου κλήσης"},{"$i":"pick-wallpaper","$v":"Επιλογή ταπετσαρίας"},{"$i":"no-installed-ringtones","$v":"Χωρίς κλειδωμένους ήχους κλήσης"},{"$i":"no-installed-wallpaper","$v":"Χωρίς κλειδωμένες ταπετσαρίες"}]