[{"$i":"ok","$v":"OK"},{"$i":"download-button","$v":"Download"},{"$i":"install-button","$v":"Install"},{"$i":"cancel-button","$v":"Cancel"},{"$i":"download_error","$v":"Download Error"},{"$i":"install_error","$v":"Installation Error"},{"$i":"err_descriptor_download_failed","$v":"The download failed because of a server error."},{"$i":"err_bad_descriptor","$v":"The download failed because of a server error."},{"$i":"err_too_big","$v":"File is too large to download."},{"$i":"err_unsupported_type","$v":"This type of purchased media is not supported on your phone."},{"$i":"err_bad_type","$v":"The download failed because of a server error."},{"$i":"err_content_download_failed","$v":"The download failed because of a server error."},{"$i":"err_bad_drm_message","$v":"The download failed because of a server error."},{"$i":"err_bad_image","$v":"The downloaded image cannot be displayed on this device."},{"$i":"err_bad_audio","$v":"The downloaded file cannot be played on this device."},{"$i":"err_no_space","$v":"There is not enough storage space on your device to save this song."},{"$i":"err_no_sdcard","$v":"Cannot save song because there is no memory card."},{"$i":"err_sdcard_in_use","$v":"Cannot save song because the memory card is in use. Unplug your phone and try downloading again."},{"$i":"err_ds_save_failure","$v":"Error saving media file."},{"$i":"err_db_store_failure","$v":"Error saving media file."},{"$i":"success_song","$v":"Song downloaded and installed. Use the Music app to play it."},{"$i":"success_ringtone","$v":"Ringtone downloaded and installed."},{"$i":"success_wallpaper","$v":"Wallpaper downloaded and installed."},{"$i":"ringtone-or-song-question","$v":"Do you want to install this audio file as a song or as a ringtone?"},{"$i":"ringtone-response","$v":"Ringtone"},{"$i":"song-response","$v":"Song"},{"$i":"download-confirmation-title-song","$v":"Download song?"},{"$i":"download-confirmation-title-ringtone","$v":"Download ringtone?"},{"$i":"download-confirmation-title-wallpaper","$v":"Download wallpaper?"},{"$i":"downloading-song","$v":"Downloading song…"},{"$i":"downloading-ringtone","$v":"Downloading ringtone…"},{"$i":"downloading-wallpaper","$v":"Downloading wallpaper…"},{"$i":"locked-content-advisory","$v":[{"t":"idOrVar","v":"vendor"}," has locked this media file so that it cannot be shared with others or transferred to a new device."]},{"$i":"locked-content-advisory-generic","$v":"The seller has locked this media file so that it cannot be shared with others or transferred to a new device."},{"$i":"download-confirmation-name","$v":"Name"},{"$i":"download-confirmation-type","$v":"Type"},{"$i":"download-confirmation-size","$v":"Size"},{"$i":"download-confirmation-vendor","$v":"Vendor"},{"$i":"download-confirmation-description","$v":"Info"},{"$i":"download-progress-title","$v":"Downloading"},{"$i":"preview-image-title","$v":"Preview image"},{"$i":"preview-audio-title","$v":"Preview audio"},{"$i":"byteUnit-B","$v":"bytes"},{"$i":"byteUnit-KB","$v":"KB"},{"$i":"byteUnit-MB","$v":"MB"},{"$i":"byteUnit-GB","$v":"GB"},{"$i":"done","$v":"Done"},{"$i":"pick-ringtone","$v":"Select Ringtone"},{"$i":"pick-wallpaper","$v":"Select Wallpaper"},{"$i":"no-installed-ringtones","$v":"No Locked Ringtones Installed"},{"$i":"no-installed-wallpaper","$v":"No Locked Wallpaper Installed"}]