[{"$i":"ok","$v":"Aceptar"},{"$i":"download-button","$v":"Descargar"},{"$i":"install-button","$v":"Instalar"},{"$i":"cancel-button","$v":"Cancelar"},{"$i":"download_error","$v":"Error en descarga"},{"$i":"install_error","$v":"Error en instalación"},{"$i":"err_descriptor_download_failed","$v":"La descarga se interrumpió debido a un error del servidor."},{"$i":"err_bad_descriptor","$v":"La descarga se interrumpió debido a un error del servidor."},{"$i":"err_too_big","$v":"El archivo es demasiado grande para descargarse."},{"$i":"err_unsupported_type","$v":"El tipo de archivo multimedia adquirido no es compatible con su teléfono."},{"$i":"err_bad_type","$v":"La descarga se interrumpió debido a un error del servidor."},{"$i":"err_content_download_failed","$v":"La descarga se interrumpió debido a un error del servidor."},{"$i":"err_bad_drm_message","$v":"La descarga se interrumpió debido a un error del servidor."},{"$i":"err_bad_image","$v":"La imagen descargada no puede mostrarse en este dispositivo."},{"$i":"err_bad_audio","$v":"El archivo descargado no puede reproducirse en este dispositivo."},{"$i":"err_no_space","$v":"No hay suficiente espacio de almacenamiento en el dispositivo para guardar la canción."},{"$i":"err_no_sdcard","$v":"No podemos guardar la canción porque no hay tarjeta de memoria."},{"$i":"err_sdcard_in_use","$v":"No podemos guardar la canción porque no hay tarjeta de memoria en uso. Desconecte el teléfono y pruebe a descargarla de nuevo."},{"$i":"err_ds_save_failure","$v":"Error al guardar archivo multimedia."},{"$i":"err_db_store_failure","$v":"Error al guardar archivo multimedia."},{"$i":"success_song","$v":"Canción guardada e instalada. Use la aplicación Música para reproducirla."},{"$i":"success_ringtone","$v":"Tono de llamada descargado e instalado."},{"$i":"success_wallpaper","$v":"Fondo de pantalla descargado e instalado."},{"$i":"ringtone-or-song-question","$v":"¿Desea instalar este archivo de audio como canción o como tono?"},{"$i":"ringtone-response","$v":"Tono de llamada"},{"$i":"song-response","$v":"Canción"},{"$i":"download-confirmation-title-song","$v":"¿Descargar canción?"},{"$i":"download-confirmation-title-ringtone","$v":"¿Descargar tono de llamada?"},{"$i":"download-confirmation-title-wallpaper","$v":"¿Descargar fondo de pantalla?"},{"$i":"downloading-song","$v":"Descargando canción..."},{"$i":"downloading-ringtone","$v":"Descargando tono de llamada..."},{"$i":"downloading-wallpaper","$v":"Descargando fondo de pantalla..."},{"$i":"locked-content-advisory","$v":[{"t":"idOrVar","v":"vendor"}," ha bloqueado este archivo multimedia para que no se comparta con nadie ni se transfiera a un nuevo dispositivo."]},{"$i":"locked-content-advisory-generic","$v":"El vendedor ha bloqueado este archivo multimedia para que no se comparta con nadie ni se transfiera a un nuevo dispositivo."},{"$i":"download-confirmation-name","$v":"Nombre"},{"$i":"download-confirmation-type","$v":"Tipo"},{"$i":"download-confirmation-size","$v":"Tamaño"},{"$i":"download-confirmation-vendor","$v":"Fabricante"},{"$i":"download-confirmation-description","$v":"Info"},{"$i":"download-progress-title","$v":"Descargando"},{"$i":"preview-image-title","$v":"Previsualizar imagen"},{"$i":"preview-audio-title","$v":"Escuchar muestra"},{"$i":"byteUnit-B","$v":"bytes"},{"$i":"byteUnit-KB","$v":"Kb"},{"$i":"byteUnit-MB","$v":"Mb"},{"$i":"byteUnit-GB","$v":"Gb"},{"$i":"done","$v":"Hecho"},{"$i":"pick-ringtone","$v":"Seleccionar tono"},{"$i":"pick-wallpaper","$v":"Seleccionar fondo"},{"$i":"no-installed-ringtones","$v":"No hay instalado ningún tono bloqueado"},{"$i":"no-installed-wallpaper","$v":"No hay instalado ningún fondo bloqueado"}]