[{"$i":"ok","$v":"Ados"},{"$i":"download-button","$v":"Deskargatu"},{"$i":"install-button","$v":"Instalatu"},{"$i":"cancel-button","$v":"Utzi"},{"$i":"download_error","$v":"Deskarga-errorea"},{"$i":"install_error","$v":"Instalazio-errorea"},{"$i":"err_descriptor_download_failed","$v":"Deskargak huts egin du zerbitzariaren errore bat dela eta."},{"$i":"err_bad_descriptor","$v":"Deskargak huts egin du zerbitzariaren errore bat dela eta."},{"$i":"err_too_big","$v":"Fitxategia handiegia da deskargatzeko."},{"$i":"err_unsupported_type","$v":"Zure gailuak ez du erositako multimedia mota hau onartzen."},{"$i":"err_bad_type","$v":"Deskargak huts egin du zerbitzariaren errore bat dela eta."},{"$i":"err_content_download_failed","$v":"Deskargak huts egin du zerbitzariaren errore bat dela eta."},{"$i":"err_bad_drm_message","$v":"Deskargak huts egin du zerbitzariaren errore bat dela eta."},{"$i":"err_bad_image","$v":"Ezin da deskargatutako irudia bistaratu gailu honetan."},{"$i":"err_bad_audio","$v":"Ezin da deskargatutako fitxategia erreproduzitu gailu honetan."},{"$i":"err_no_space","$v":"Ez dago abesti hau biltegiratzeko leku libre nahikorik zure gailuan."},{"$i":"err_no_sdcard","$v":"Ezin da abestia gorde memoria-txartelik ez dagoelako."},{"$i":"err_sdcard_in_use","$v":"Ezin da abestia gorde memoria-txartela erabiltzen ari delako. Desentxufatu telefonoa eta saiatu berriro deskargatzen."},{"$i":"err_ds_save_failure","$v":"Errorea multimedia-fitxategia gordetzean."},{"$i":"err_db_store_failure","$v":"Errorea multimedia-fitxategia gordetzean."},{"$i":"success_song","$v":"Abestia deskargatuta eta instalatuta. Erreproduzitzeko, erabili Musika aplikazioa."},{"$i":"success_ringtone","$v":"Txirrin-tonua deskargatuta eta instalatuta."},{"$i":"success_wallpaper","$v":"Horma-papera deskargatuta eta instalatuta."},{"$i":"ringtone-or-song-question","$v":"Audio-fitxategia abesti edo txirrin-tonu gisa instalatu nahi duzu?"},{"$i":"ringtone-response","$v":"Txirrin-tonua"},{"$i":"song-response","$v":"Abestia"},{"$i":"download-confirmation-title-song","$v":"Deskargatu abestia?"},{"$i":"download-confirmation-title-ringtone","$v":"Deskargatu txirrin-tonua?"},{"$i":"download-confirmation-title-wallpaper","$v":"Deskargatu horma-papera?"},{"$i":"downloading-song","$v":"Abestia deskargatzen…"},{"$i":"downloading-ringtone","$v":"Txirrin-tonua deskargatzen…"},{"$i":"downloading-wallpaper","$v":"Horma-papera deskargatzen…"},{"$i":"locked-content-advisory","$v":[{"t":"idOrVar","v":"vendor"}," hornitzaileak multimedia-fitxategia blokeatu du ezin dadin beste inorekin partekatu edo gailu berri batera transferitu."]},{"$i":"locked-content-advisory-generic","$v":"Saltzaileak multimedia-fitxategia blokeatu du ezin dadin beste inorekin partekatu edo gailu berri batera transferitu."},{"$i":"download-confirmation-name","$v":"Izena"},{"$i":"download-confirmation-type","$v":"Mota"},{"$i":"download-confirmation-size","$v":"Tamaina"},{"$i":"download-confirmation-vendor","$v":"Hornitzailea"},{"$i":"download-confirmation-description","$v":"Informazioa"},{"$i":"download-progress-title","$v":"Deskargatzen"},{"$i":"preview-image-title","$v":"Aurreikusi irudia"},{"$i":"preview-audio-title","$v":"Aurreikusi audioa"},{"$i":"byteUnit-B","$v":"byte"},{"$i":"byteUnit-KB","$v":"KB"},{"$i":"byteUnit-MB","$v":"MB"},{"$i":"byteUnit-GB","$v":"GB"},{"$i":"done","$v":"Eginda"},{"$i":"pick-ringtone","$v":"Hautatu txirrin-tonua"},{"$i":"pick-wallpaper","$v":"Hautatu horma-papera"},{"$i":"no-installed-ringtones","$v":"Ez dago blokeatutako txirrin-tonurik instalatuta"},{"$i":"no-installed-wallpaper","$v":"Ez dago blokeatutako horma-paperik instalatuta"}]