[{"$i":"ok","$v":"Aceptar"},{"$i":"download-button","$v":"Descargar"},{"$i":"install-button","$v":"Instalar"},{"$i":"cancel-button","$v":"Cancelar"},{"$i":"download_error","$v":"Erro na descarga"},{"$i":"install_error","$v":"Erro de instalación"},{"$i":"err_descriptor_download_failed","$v":"A descarga fallou por un erro do servidor."},{"$i":"err_bad_descriptor","$v":"A descarga fallou por un erro do servidor."},{"$i":"err_too_big","$v":"O ficheiro é demasiado grande para descargarse."},{"$i":"err_unsupported_type","$v":"O tipo de ficheiro multimedia adquirido non é compatíbel co seu teléfono."},{"$i":"err_bad_type","$v":"A descarga fallou por un erro do servidor."},{"$i":"err_content_download_failed","$v":"A descarga fallou por un erro do servidor."},{"$i":"err_bad_drm_message","$v":"A descarga fallou por un erro do servidor."},{"$i":"err_bad_image","$v":"Non é posíbel amosar a imaxe descargada neste dispositivo."},{"$i":"err_bad_audio","$v":"Non é posíbel reproducir o ficheiro descargado neste dispositivo."},{"$i":"err_no_space","$v":"Non hai suficiente espazo de almacenamento no dispositivo para gardar esta canción."},{"$i":"err_no_sdcard","$v":"Non é posíbel gardar a canción porque non hai tarxeta de memoria."},{"$i":"err_sdcard_in_use","$v":"Non é posíbel gardar a canción porque a tarxeta de memoria está en uso. Desconecte o teléfono e tente descargala de novo."},{"$i":"err_ds_save_failure","$v":"Produciuse un erro ao gardar o ficheiro multimedia."},{"$i":"err_db_store_failure","$v":"Produciuse un erro ao gardar o ficheiro multimedia."},{"$i":"success_song","$v":"Descargouse e instalouse a canción. Use o aplicativo Música para reproducila."},{"$i":"success_ringtone","$v":"Descargouse e instalouse o ton de chamada."},{"$i":"success_wallpaper","$v":"Descargouse e instalouse o fondo de pantalla."},{"$i":"ringtone-or-song-question","$v":"Quere instalar este ficheiro de son como unha canción ou como un ton de chamada?"},{"$i":"ringtone-response","$v":"Ton de chamada"},{"$i":"song-response","$v":"Canción"},{"$i":"download-confirmation-title-song","$v":"Descargar a canción?"},{"$i":"download-confirmation-title-ringtone","$v":"Descargar o ton de chamada?"},{"$i":"download-confirmation-title-wallpaper","$v":"Descargar o fondo de pantalla?"},{"$i":"downloading-song","$v":"Descargando a canción…"},{"$i":"downloading-ringtone","$v":"Descargando o ton de chamada…"},{"$i":"downloading-wallpaper","$v":"Descargando o fondo de pantalla…"},{"$i":"locked-content-advisory","$v":[{"t":"idOrVar","v":"vendor"}," bloqueou este ficheiro multimedia para que non sexa posíbel compartilo ou transferilo a un novo dispositivo."]},{"$i":"locked-content-advisory-generic","$v":"O vendedor bloqueou este ficheiro multimedia para que non sexa posíbel compartilo ou transferilo a un novo dispositivo."},{"$i":"download-confirmation-name","$v":"Nome"},{"$i":"download-confirmation-type","$v":"Tipo"},{"$i":"download-confirmation-size","$v":"Tamaño"},{"$i":"download-confirmation-vendor","$v":"Fabricante"},{"$i":"download-confirmation-description","$v":"Información"},{"$i":"download-progress-title","$v":"Descargando"},{"$i":"preview-image-title","$v":"Previsualizar imaxe"},{"$i":"preview-audio-title","$v":"Escoitar mostra"},{"$i":"byteUnit-B","$v":"bytes"},{"$i":"byteUnit-KB","$v":"KB"},{"$i":"byteUnit-MB","$v":"MB"},{"$i":"byteUnit-GB","$v":"GB"},{"$i":"done","$v":"Feito"},{"$i":"pick-ringtone","$v":"Seleccionar ton"},{"$i":"pick-wallpaper","$v":"Seleccionar fondo"},{"$i":"no-installed-ringtones","$v":"Ningún ton de chamada protexido instalado"},{"$i":"no-installed-wallpaper","$v":"Ningún fondo protexido instalado"}]