[{"$i":"ok","$v":"OK"},{"$i":"download-button","$v":"Preuzmi"},{"$i":"install-button","$v":"Instaliraj"},{"$i":"cancel-button","$v":"Otkaži"},{"$i":"download_error","$v":"Greška preuzimanja"},{"$i":"install_error","$v":"Greška instalacije"},{"$i":"err_descriptor_download_failed","$v":"Preuzimanje nije uspjelo zbog greške poslužitelja."},{"$i":"err_bad_descriptor","$v":"Preuzimanje nije uspjelo zbog greške poslužitelja."},{"$i":"err_too_big","$v":"Datoteka je prevelika za preuzimanje."},{"$i":"err_unsupported_type","$v":"Ova vrsta kupljenog medija nije podržana na vašem telefonu."},{"$i":"err_bad_type","$v":"Preuzimanje nije uspjelo zbog greške poslužitelja."},{"$i":"err_content_download_failed","$v":"Preuzimanje nije uspjelo zbog greške poslužitelja."},{"$i":"err_bad_drm_message","$v":"Preuzimanje nije uspjelo zbog greške poslužitelja."},{"$i":"err_bad_image","$v":"Preuzeta slika se ne može prikazati na ovom uređaju."},{"$i":"err_bad_audio","$v":"Preuzeta datoteka se ne može pokrenuti na ovom uređaju."},{"$i":"err_no_space","$v":"Na uređaju nema dovoljno prostora za spremanje ove pjesme."},{"$i":"err_no_sdcard","$v":"Pjesmu nije moguće spremiti jer nedostaje memorijska kartica."},{"$i":"err_sdcard_in_use","$v":"Pjesmu nije moguće spremiti jer je memorijska kartica u upotrebi. Odspojite svoj telefon i pokušajte ponovno preuzeti pjesmu."},{"$i":"err_ds_save_failure","$v":"Greška prilikom spremanja datoteke."},{"$i":"err_db_store_failure","$v":"Greška prilikom spremanja datoteke."},{"$i":"success_song","$v":"Pjesma je preuzeta i instalirana. Da biste je preslušali, pokrenite aplikaciju Glazba."},{"$i":"success_ringtone","$v":"Melodija zvona je preuzeta i instalirana."},{"$i":"success_wallpaper","$v":"Pozadinska slika je preuzeta i instalirana."},{"$i":"ringtone-or-song-question","$v":"Do you want to install this audio file as a song or as a ringtone?"},{"$i":"ringtone-response","$v":"Melodija zvona"},{"$i":"song-response","$v":"Pjesma"},{"$i":"download-confirmation-title-song","$v":"Preuzeti pjesmu?"},{"$i":"download-confirmation-title-ringtone","$v":"Preuzeti melodiju zvona?"},{"$i":"download-confirmation-title-wallpaper","$v":"Preuzeti pozadinsku sliku?"},{"$i":"downloading-song","$v":"Preuzimanje pjesme…"},{"$i":"downloading-ringtone","$v":"Preuzimanje melodije zvona…"},{"$i":"downloading-wallpaper","$v":"Preuzimanje pozadinske slike…"},{"$i":"locked-content-advisory","$v":[{"t":"idOrVar","v":"vendor"}," je zaključao ovu multimedijsku datoteku, stoga se ne može dijeliti s ostalima ili transferirati na novi uređaj."]},{"$i":"locked-content-advisory-generic","$v":"Prodavač je zaključao ovu multimedijsku datoteku, stoga se ne može dijeliti s ostalima ili transferirati na novi uređaj."},{"$i":"download-confirmation-name","$v":"Naziv"},{"$i":"download-confirmation-type","$v":"Vrsta"},{"$i":"download-confirmation-size","$v":"Veličina"},{"$i":"download-confirmation-vendor","$v":"Prodavač"},{"$i":"download-confirmation-description","$v":"Informacije"},{"$i":"download-progress-title","$v":"Preuzimanje"},{"$i":"preview-image-title","$v":"Pregled slike"},{"$i":"preview-audio-title","$v":"Pregled audio datoteke"},{"$i":"byteUnit-B","$v":"bajtova"},{"$i":"byteUnit-KB","$v":"KB"},{"$i":"byteUnit-MB","$v":"MB"},{"$i":"byteUnit-GB","$v":"GB"},{"$i":"done","$v":"Gotovo"},{"$i":"pick-ringtone","$v":"Odaberi melodiju zvona"},{"$i":"pick-wallpaper","$v":"Odaberi pozadinsku sliku"},{"$i":"no-installed-ringtones","$v":"Nema instaliranih zaključanih melodija zvona"},{"$i":"no-installed-wallpaper","$v":"Nema instaliranih zaključanih pozadinskih slika"}]