[{"$i":"ok","$v":"OK"},{"$i":"download-button","$v":"Letöltés"},{"$i":"install-button","$v":"Telepítés"},{"$i":"cancel-button","$v":"Mégse"},{"$i":"download_error","$v":"Letöltési hiba"},{"$i":"install_error","$v":"Telepítési hiba"},{"$i":"err_descriptor_download_failed","$v":"A letöltés kiszolgáló hiba miatt hiúsult meg."},{"$i":"err_bad_descriptor","$v":"A letöltés kiszolgáló hiba miatt hiúsult meg."},{"$i":"err_too_big","$v":"A fájl túl nagy a letöltéshez."},{"$i":"err_unsupported_type","$v":"Az ilyen típusú megvásárolt médiafájlt nem támogatja a telefonja."},{"$i":"err_bad_type","$v":"A letöltés kiszolgáló hiba miatt hiúsult meg."},{"$i":"err_content_download_failed","$v":"A letöltés kiszolgáló hiba miatt hiúsult meg."},{"$i":"err_bad_drm_message","$v":"A letöltés kiszolgáló hiba miatt hiúsult meg."},{"$i":"err_bad_image","$v":"A letöltött kép nem jeleníthető meg ezen az eszközön."},{"$i":"err_bad_audio","$v":"A letöltött fájl nem játszható le ezen az eszközön."},{"$i":"err_no_space","$v":"Nincs elegendő tárolóterület az eszközön a zene mentéséhez."},{"$i":"err_no_sdcard","$v":"A zene nem menthető el, mert nincs memóriakártya a telefonban."},{"$i":"err_sdcard_in_use","$v":"A zene nem menthető el, mert használatban van a memóriakártya. Húzza ki a telefont, és próbálja meg ismét a letöltést."},{"$i":"err_ds_save_failure","$v":"Hiba lépett fel a média-fájl mentése közben."},{"$i":"err_db_store_failure","$v":"Hiba lépett fel a média-fájl mentése közben."},{"$i":"success_song","$v":"A zene le lett töltve. A Zene app segítségével lejátszhatja azt."},{"$i":"success_ringtone","$v":"Csengőhang letöltve és telepítve."},{"$i":"success_wallpaper","$v":"Háttérkép letöltve és telepítve."},{"$i":"ringtone-or-song-question","$v":"Zeneként vagy csengőhangként szeretné használni ezt a hangfájlt?"},{"$i":"ringtone-response","$v":"Csengőhang"},{"$i":"song-response","$v":"Zene"},{"$i":"download-confirmation-title-song","$v":"Letölti a zenét"},{"$i":"download-confirmation-title-ringtone","$v":"Letölti a csengőhangot"},{"$i":"download-confirmation-title-wallpaper","$v":"Letölti a háttérképet"},{"$i":"downloading-song","$v":"Zene letöltése…"},{"$i":"downloading-ringtone","$v":"Csengőhang letöltése…"},{"$i":"downloading-wallpaper","$v":"Háttérkép letöltése…"},{"$i":"locked-content-advisory","$v":["A(z) ",{"t":"idOrVar","v":"vendor"}," zárolta ezt a médiafájlt, így az nem osztható másokkal és nem lehet átvinni új eszközre sem."]},{"$i":"locked-content-advisory-generic","$v":"Az eladó zárolta ezt a médiafájlt, így az nem osztható másokkal és nem lehet átvinni új eszközre sem."},{"$i":"download-confirmation-name","$v":"Név"},{"$i":"download-confirmation-type","$v":"Típus"},{"$i":"download-confirmation-size","$v":"Méret"},{"$i":"download-confirmation-vendor","$v":"Kiadó"},{"$i":"download-confirmation-description","$v":"Információ"},{"$i":"download-progress-title","$v":"Letöltés"},{"$i":"preview-image-title","$v":"Kép előnézet"},{"$i":"preview-audio-title","$v":"Zene előhallgatás"},{"$i":"byteUnit-B","$v":"bájt"},{"$i":"byteUnit-KB","$v":"KB"},{"$i":"byteUnit-MB","$v":"MB"},{"$i":"byteUnit-GB","$v":"GB"},{"$i":"done","$v":"Kész"},{"$i":"pick-ringtone","$v":"Válasszon csengőhangot"},{"$i":"pick-wallpaper","$v":"Válasszon háttérképet"},{"$i":"no-installed-ringtones","$v":"Nincs telepítve zárolt csengőhang"},{"$i":"no-installed-wallpaper","$v":"Nincs telepítve zárolt háttérkép"}]