[{"$i":"ok","$v":"OK"},{"$i":"download-button","$v":"Download"},{"$i":"install-button","$v":"Installa"},{"$i":"cancel-button","$v":"Annulla"},{"$i":"download_error","$v":"Errore download"},{"$i":"install_error","$v":"Errore installazione"},{"$i":"err_descriptor_download_failed","$v":"Download non riuscito a causa di un errore del server."},{"$i":"err_bad_descriptor","$v":"Download non riuscito a causa di un errore del server."},{"$i":"err_too_big","$v":"Dimensione file eccessiva per il download."},{"$i":"err_unsupported_type","$v":"Questo tipo di file acquistato non è supportato dal telefono in uso."},{"$i":"err_bad_type","$v":"Download non riuscito a causa di un errore del server."},{"$i":"err_content_download_failed","$v":"Download non riuscito a causa di un errore del server."},{"$i":"err_bad_drm_message","$v":"Download non riuscito a causa di un errore del server."},{"$i":"err_bad_image","$v":"L’immagine scaricata non è visualizzabile su questo dispositivo."},{"$i":"err_bad_audio","$v":"Impossibile riprodurre il download su questo dispositivo."},{"$i":"err_no_space","$v":"Spazio disponibile insufficiente per il salvataggio di questa canzone."},{"$i":"err_no_sdcard","$v":"Impossibile salvare la canzone, nessuna scheda di memoria disponibile."},{"$i":"err_sdcard_in_use","$v":"Impossibile salvare il file, la scheda di memoria è in uso. Scollegare il telefono e riprovare."},{"$i":"err_ds_save_failure","$v":"Errore durante il salvataggio del file."},{"$i":"err_db_store_failure","$v":"Errore durante il salvataggio del file."},{"$i":"success_song","$v":"Canzone scaricata e installata. Utilizzare l’app Musica per riprodurla."},{"$i":"success_ringtone","$v":"Suoneria scaricata e installata."},{"$i":"success_wallpaper","$v":"Sfondo scaricato e installato."},{"$i":"ringtone-or-song-question","$v":"Installare questo file audio come canzone o come suoneria?"},{"$i":"ringtone-response","$v":"Suoneria"},{"$i":"song-response","$v":"Canzone"},{"$i":"download-confirmation-title-song","$v":"Scaricare la canzone?"},{"$i":"download-confirmation-title-ringtone","$v":"Scaricare la suoneria?"},{"$i":"download-confirmation-title-wallpaper","$v":"Scaricare lo sfondo?"},{"$i":"downloading-song","$v":"Download canzone…"},{"$i":"downloading-ringtone","$v":"Download suoneria…"},{"$i":"downloading-wallpaper","$v":"Download sfondo…"},{"$i":"locked-content-advisory","$v":[{"t":"idOrVar","v":"vendor"}," ha protetto questo file impedendone la condivisione con altri o il trasferimento a nuovi dispositivi."]},{"$i":"locked-content-advisory-generic","$v":"Il venditore ha protetto questo file impedendone la condivisione con altri o il trasferimento a nuovi dispositivi."},{"$i":"download-confirmation-name","$v":"Nome"},{"$i":"download-confirmation-type","$v":"Tipo"},{"$i":"download-confirmation-size","$v":"Dimensione"},{"$i":"download-confirmation-vendor","$v":"Fornitore"},{"$i":"download-confirmation-description","$v":"Info"},{"$i":"download-progress-title","$v":"Download…"},{"$i":"preview-image-title","$v":"Anteprima immagine"},{"$i":"preview-audio-title","$v":"Anteprima audio"},{"$i":"byteUnit-B","$v":"byte"},{"$i":"byteUnit-KB","$v":"kB"},{"$i":"byteUnit-MB","$v":"MB"},{"$i":"byteUnit-GB","$v":"GB"},{"$i":"done","$v":"Fine"},{"$i":"pick-ringtone","$v":"Seleziona suoneria"},{"$i":"pick-wallpaper","$v":"Seleziona sfondo"},{"$i":"no-installed-ringtones","$v":"Nessuna suoneria protetta installata"},{"$i":"no-installed-wallpaper","$v":"Nessuno sfondo protetto installato"}]