[{"$i":"ok","$v":"OK"},{"$i":"download-button","$v":"ダウンロード"},{"$i":"install-button","$v":"インストール"},{"$i":"cancel-button","$v":"キャンセル"},{"$i":"download_error","$v":"ダウンロードエラー"},{"$i":"install_error","$v":"インストールエラー"},{"$i":"err_descriptor_download_failed","$v":"サーバエラーのためダウンロードに失敗しました。"},{"$i":"err_bad_descriptor","$v":"サーバエラーのためダウンロードに失敗しました。"},{"$i":"err_too_big","$v":"ファイルサイズが大きすぎるためダウンロードできません。"},{"$i":"err_unsupported_type","$v":"購入されたメディアの形式はご使用の端末でサポートされていません。"},{"$i":"err_bad_type","$v":"サーバエラーのためダウンロードに失敗しました。"},{"$i":"err_content_download_failed","$v":"サーバエラーのためダウンロードに失敗しました。"},{"$i":"err_bad_drm_message","$v":"サーバエラーのためダウンロードに失敗しました。"},{"$i":"err_bad_image","$v":"ダウンロードされた画像はこの端末で表示できません。"},{"$i":"err_bad_audio","$v":"ダウンロードされたファイルはこの端末で再生できません。"},{"$i":"err_no_space","$v":"この楽曲を保存するのに必要な空き領域が足りません。"},{"$i":"err_no_sdcard","$v":"メモリーカードが挿入されていないため楽曲を保存できません。"},{"$i":"err_sdcard_in_use","$v":"メモリーカードが使用中のため楽曲を保存できません。端末からケーブルを外して再度ダウンロードしてください。"},{"$i":"err_ds_save_failure","$v":"メディアファイルの保存中にエラーが発生しました。"},{"$i":"err_db_store_failure","$v":"メディアファイルの保存中にエラーが発生しました。"},{"$i":"success_song","$v":"楽曲のダウンロードとインストールが完了しました。音楽アプリで再生してください。"},{"$i":"success_ringtone","$v":"着信音のダウンロードとインストールが完了しました。"},{"$i":"success_wallpaper","$v":"壁紙のダウンロードとインストールが完了しました。"},{"$i":"ringtone-or-song-question","$v":"この音声ファイルを楽曲または着信音としてインストールしますか？"},{"$i":"ringtone-response","$v":"着信音"},{"$i":"song-response","$v":"楽曲"},{"$i":"download-confirmation-title-song","$v":"楽曲をダウンロードしますか？"},{"$i":"download-confirmation-title-ringtone","$v":"着信音をダウンロードしますか？"},{"$i":"download-confirmation-title-wallpaper","$v":"壁紙をダウンロードしますか？"},{"$i":"downloading-song","$v":"楽曲のダウンロード中…"},{"$i":"downloading-ringtone","$v":"着信音のダウンロード中…"},{"$i":"downloading-wallpaper","$v":"壁紙のダウンロード中…"},{"$i":"locked-content-advisory","$v":["このメディアファイルは ",{"t":"idOrVar","v":"vendor"}," によりロックされているため、他者との共有や新しい端末への転送はできません。"]},{"$i":"locked-content-advisory-generic","$v":"このメディアファイルは販売者によりロックされているため、他者との共有や新しい端末への転送はできません。"},{"$i":"download-confirmation-name","$v":"名前"},{"$i":"download-confirmation-type","$v":"種類"},{"$i":"download-confirmation-size","$v":"サイズ"},{"$i":"download-confirmation-vendor","$v":"ベンダ"},{"$i":"download-confirmation-description","$v":"情報"},{"$i":"download-progress-title","$v":"ダウンロード中"},{"$i":"preview-image-title","$v":"画像プレビュー"},{"$i":"preview-audio-title","$v":"音声プレビュー"},{"$i":"byteUnit-B","$v":"バイト"},{"$i":"byteUnit-KB","$v":"KB"},{"$i":"byteUnit-MB","$v":"MB"},{"$i":"byteUnit-GB","$v":"GB"},{"$i":"done","$v":"完了"},{"$i":"pick-ringtone","$v":"着信音を選択してください"},{"$i":"pick-wallpaper","$v":"壁紙を選択してください"},{"$i":"no-installed-ringtones","$v":"ロックされた着信音はインストールされていません"},{"$i":"no-installed-wallpaper","$v":"ロックされた壁紙はインストールされていません"}]