[{"$i":"ok","$v":"យល់ព្រម"},{"$i":"download-button","$v":"ទាញយក"},{"$i":"install-button","$v":"ដំឡើង"},{"$i":"cancel-button","$v":"បោះបង់"},{"$i":"download_error","$v":"កំហុស​ទាញ​យក"},{"$i":"install_error","$v":"កំហុស​ការ​ដំឡើង"},{"$i":"err_descriptor_download_failed","$v":"ការ​ទាញយក​បាន​បរាជ័យ ដោយ​សារ​តែ​កំហុស​ម៉ាស៊ីន​មេ។"},{"$i":"err_bad_descriptor","$v":"ការ​ទាញ​យក​បាន​បរាជ័យ​ ដោយ​សារ​តែ​កំហុស​ម៉ាស៊ីន​មេ។"},{"$i":"err_too_big","$v":"ឯកសារ​ធំ​ពេក​ត្រូវ​ទាញ​យក។"},{"$i":"err_unsupported_type","$v":"មេឌៀ​ដែល​បាន​ទិញ​ប្រភេទ​នេះ​មិន​ត្រូវ​បានគាំទ្រ​​លើ​ទូរស័ព្ទ​របស់​អ្នក។"},{"$i":"err_bad_type","$v":"ការ​ទាញ​យក​បាន​បរាជ័យ ដោយ​សារ​តែ​កំហុស​ម៉ាស៊ីន​មេ។"},{"$i":"err_content_download_failed","$v":"ការ​ទាញយក​បាន​បរាជ័យ ដោយ​សារ​តែ​កំហុស​ម៉ាស៊ីន​មេ។"},{"$i":"err_bad_drm_message","$v":"ការទាញ​យក​បាន​បរាជ័យ​ ដោយ​សារ​តែ​កំហុស​ម៉ាស៊ីន​មេ។"},{"$i":"err_bad_image","$v":"រូបភាព​បាន​ទាញ​យក​មិន​អាច​បង្ហាញ​លើ​ឧបករណ៍​នេះ​បាន​ទេ។"},{"$i":"err_bad_audio","$v":"ឯកសារ​បាន​ទាញ​យក​មិន​អាច​បង្ហាញ​លើ​ឧបករណ៍​នេះ​បាន​ទេ។"},{"$i":"err_no_space","$v":"មិន​មាន​ទំហំ​ផ្ទុក​គ្រប់គ្រាន់​លើ​ឧបករណ៍​របស់​អ្នក ដើម្បី​រក្សាទុក​បទ​ចម្រៀង​នេះ។"},{"$i":"err_no_sdcard","$v":"មិន​អាច​រក្សាទុកបទ​ចម្រៀង ព្រោះ​មិន​មានកាត​អង្គចងចាំ។"},{"$i":"err_sdcard_in_use","$v":"មិន​អាច​រក្សាទុក​បទ​ចម្រៀង ព្រោះ​កាត​អង្គចងចាំ​កំពុង​ប្រើ។ ដក​ទូរស័ព្ទ​របស់​អ្នក ហើយ​ព្យាយាម​ទាញ​យក​ម្ដង​ទៀត។"},{"$i":"err_ds_save_failure","$v":"កំហុស​ក្នុងការ​រក្សាទុក​ឯកសារ​មេឌៀ"},{"$i":"err_db_store_failure","$v":"កំហុស​ក្នុង​ការ​រក្សាទុ​ឯកសារ​មេឌៀ។"},{"$i":"success_song","$v":"បាន​ទាញយក និង​ដំឡើង​បទ​ចម្រៀង។ ប្រើ​កម្មវិធី​តន្ត្រី​ដើម្បី​ចាក់​វា។"},{"$i":"success_ringtone","$v":"បានទាញ​យក និង​ដំឡើង​សំឡេង​រោទ៍"},{"$i":"success_wallpaper","$v":"បាន​ទាញ​យក និង​ដំឡើង​​ផ្ទាំង​រូបភាព។"},{"$i":"ringtone-or-song-question","$v":"តើ​អ្នក​ចង់​ដំឡើង​ឯកសារ​អូឌីយ៉ូ​ជា​ចម្រៀង ឬ​ជា​សំឡេង​រោទ៍។"},{"$i":"ringtone-response","$v":"សំឡេងរោទ៍"},{"$i":"song-response","$v":"បទ​ចម្រៀង"},{"$i":"download-confirmation-title-song","$v":"ទាញ​យក​បទ​ចម្រៀង?"},{"$i":"download-confirmation-title-ringtone","$v":"ទាញ​យក​សំឡេង​រោទ៍?"},{"$i":"download-confirmation-title-wallpaper","$v":"ទាញ​យក​ផ្ទាំង​រូបភាព?"},{"$i":"downloading-song","$v":"កំពុង​ទាញយក​បទ​ចម្រៀង..."},{"$i":"downloading-ringtone","$v":"កំពុង​ទាញយក​​សំឡេង​រោទ៍..."},{"$i":"downloading-wallpaper","$v":"កំពុង​ទាញយក​ផ្ទាំង​រូបភាព..."},{"$i":"locked-content-advisory","$v":[{"t":"idOrVar","v":"vendor"}," បាន​ទប់ស្កាត់​ឯកសារ​មេឌៀ ដូច្នេះ​វា​មិន​អាច​ត្រូវ​បាន​ចែករំលែក​ជា​មួយ​អ្នកផ្សេង ឬ​ផ្ទេរ​ទៅឧបករណ៍​ថ្មី​បាន​ទេ។"]},{"$i":"locked-content-advisory-generic","$v":"អ្នក​លក់​បាន​ទប់ស្កាត់​ឯកសារ​មេឌៀ ដូច្នេះ​វា​មិន​អាច​ត្រូវ​បាន​ចែករំលែក​ជា​មួយ​អ្នកផ្សេង ឬ​ផ្ទេរ​ទៅ​ឧករណ៍​ថ្មីបាន​ទេ។"},{"$i":"download-confirmation-name","$v":"ឈ្មោះ​"},{"$i":"download-confirmation-type","$v":"ប្រភេទ"},{"$i":"download-confirmation-size","$v":"ទំហំ"},{"$i":"download-confirmation-vendor","$v":"ក្រុមហ៊ុនលក់"},{"$i":"download-confirmation-description","$v":"ព័ត៌មាន"},{"$i":"download-progress-title","$v":"​ទាញយក"},{"$i":"preview-image-title","$v":"មើល​រូបភាព​ជា​មុន"},{"$i":"preview-audio-title","$v":"មើល​អូឌីយ៉ូ​ជា​មុន"},{"$i":"byteUnit-B","$v":"បៃ"},{"$i":"byteUnit-KB","$v":"KB"},{"$i":"byteUnit-MB","$v":"MB"},{"$i":"byteUnit-GB","$v":"GB"},{"$i":"done","$v":"រួចរាល់"},{"$i":"pick-ringtone","$v":"ជ្រើស​សំឡេង​រោទ៍"},{"$i":"pick-wallpaper","$v":"ជ្រើស​ផ្ទាំង​រូបភាព"},{"$i":"no-installed-ringtones","$v":"គ្មាន​សំឡេងរោទ៍​ជាប់​សោ​បាន​ដំឡើង"},{"$i":"no-installed-wallpaper","$v":"គ្មាន​ផ្ទាំង​រូបភាព​ជាប់សោ​បាន​ដំឡើង"}]