[{"$i":"ok","$v":"확인"},{"$i":"download-button","$v":"다운로드"},{"$i":"install-button","$v":"설치"},{"$i":"cancel-button","$v":"취소"},{"$i":"download_error","$v":"다운로드 오류"},{"$i":"install_error","$v":"설치 오류"},{"$i":"err_descriptor_download_failed","$v":"서버 오류로 다운로드에 실패하였습니다."},{"$i":"err_bad_descriptor","$v":"서버 오류로 다운로드에 실패하였습니다."},{"$i":"err_too_big","$v":"다운로드 하게 파일이 너무 큽니다."},{"$i":"err_unsupported_type","$v":"이러한 형태의 구매한 미디어는 이 전화기에서 지원하지 않습니다."},{"$i":"err_bad_type","$v":"서버 오류로 다운로드에 실패하였습니다."},{"$i":"err_content_download_failed","$v":"서버 오류로 다운로드에 실패하였습니다."},{"$i":"err_bad_drm_message","$v":"서버 오류로 다운로드에 실패하였습니다."},{"$i":"err_bad_image","$v":"이 기기에서 다운로드한 이미지를 표시할 수 없습니다."},{"$i":"err_bad_audio","$v":"이 기기에서 다운로드한 파일을 재생할 수 없습니다."},{"$i":"err_no_space","$v":"이 기기에 노래를 저장하기 위한 충분한 공간이 없습니다."},{"$i":"err_no_sdcard","$v":"메모리 카드가 없어서 노래를 저장할 수 없습니다."},{"$i":"err_sdcard_in_use","$v":"메모리 카드가 사용중이어서 노래를 저장할 수 없습니다. 전화기 연결을 해제하고 다시 다운로드 해 주세요."},{"$i":"err_ds_save_failure","$v":"미디어를 저장하다 오류가 발생하였습니다."},{"$i":"err_db_store_failure","$v":"미디어를 저장하다 오류가 발생하였습니다."},{"$i":"success_song","$v":"노래를 다운로드하여 설치하였습니다. 음악 앱을 애용해서 재생하세요."},{"$i":"success_ringtone","$v":"벨소리를 다운로드하여 설치하였습니다."},{"$i":"success_wallpaper","$v":"배경화면을 다운로드하여 설치하였습니다."},{"$i":"ringtone-or-song-question","$v":"이 오디오 파일을 노래로 설치하시겠습니까 아니면 벨소리로 설치하시겠습니까?"},{"$i":"ringtone-response","$v":"벨소리"},{"$i":"song-response","$v":"노래"},{"$i":"download-confirmation-title-song","$v":"노래를 다운로드 하시겠습니까?"},{"$i":"download-confirmation-title-ringtone","$v":"벨소리를 다운로드 하시겠습니까?"},{"$i":"download-confirmation-title-wallpaper","$v":"배경화면을 다운로드 하시겠습니까?"},{"$i":"downloading-song","$v":"노래를 다운로드 하는 중…"},{"$i":"downloading-ringtone","$v":"벨소리를 다운로드 하는 중…"},{"$i":"downloading-wallpaper","$v":"배경화면을 다운로드 하는 중…"},{"$i":"locked-content-advisory","$v":[{"t":"idOrVar","v":"vendor"},"에서 이 미디어 파일을 다른 사람과 공유하거나 새 기기로 전송하지 못하도록 제한하였습니다."]},{"$i":"locked-content-advisory-generic","$v":"판매자가 이 미디어 파일을 다른 사람과 공유하거나 새 기기로 전송하지 못하도록 제한하였습니다."},{"$i":"download-confirmation-name","$v":"이름"},{"$i":"download-confirmation-type","$v":"형식"},{"$i":"download-confirmation-size","$v":"크기"},{"$i":"download-confirmation-vendor","$v":"판매자"},{"$i":"download-confirmation-description","$v":"정보"},{"$i":"download-progress-title","$v":"다운로드중"},{"$i":"preview-image-title","$v":"미리보기 이미지"},{"$i":"preview-audio-title","$v":"미리보기 오디오"},{"$i":"byteUnit-B","$v":"바이트"},{"$i":"byteUnit-KB","$v":"KB"},{"$i":"byteUnit-MB","$v":"MB"},{"$i":"byteUnit-GB","$v":"GB"},{"$i":"done","$v":"완료"},{"$i":"pick-ringtone","$v":"벨소리 선택"},{"$i":"pick-wallpaper","$v":"배경화면 선택"},{"$i":"no-installed-ringtones","$v":"설치된 잠겨있는 벨소리가 없음"},{"$i":"no-installed-wallpaper","$v":"설치된 잠겨있는 배경화면이 없음"}]