[{"$i":"ok","$v":"Gerai"},{"$i":"download-button","$v":"Parsiųsti"},{"$i":"install-button","$v":"Įdiegti"},{"$i":"cancel-button","$v":"Atsisakyti"},{"$i":"download_error","$v":"Parsiuntimo klaida"},{"$i":"install_error","$v":"Įdiegimo klaida"},{"$i":"err_descriptor_download_failed","$v":"Parsiuntimas nepavyko dėl serverio klaidos."},{"$i":"err_bad_descriptor","$v":"Parsiuntimas nepavyko dėl serverio klaidos."},{"$i":"err_too_big","$v":"Failas per didelis, jo parsiųsti negalima."},{"$i":"err_unsupported_type","$v":"Šio tipo pirkiniai šiame įrenginyje nepalaikomi."},{"$i":"err_bad_type","$v":"Parsiuntimas nepavyko dėl serverio klaidos."},{"$i":"err_content_download_failed","$v":"Parsiuntimas nepavyko dėl serverio klaidos."},{"$i":"err_bad_drm_message","$v":"Parsiuntimas nepavyko dėl serverio klaidos."},{"$i":"err_bad_image","$v":"Parsiųsto paveikslo šiame įrenginyje negalima parodyti."},{"$i":"err_bad_audio","$v":"Parsiųsto įrašo šiame įrenginyje negalima atkurti."},{"$i":"err_no_space","$v":"Jūsų įrenginyje nepakanka vietos šiai dainai įrašyti."},{"$i":"err_no_sdcard","$v":"Dainos įrašyti negalima, nes neįdėta atminties kortelė."},{"$i":"err_sdcard_in_use","$v":"Dainos įrašyti negalima, nes atminties kortelė naudojama. Atjunkite šį įrenginį nuo kitų ir bandykite dar kartą."},{"$i":"err_ds_save_failure","$v":"Klaida įrašant failą."},{"$i":"err_db_store_failure","$v":"Klaida įrašant failą."},{"$i":"success_song","$v":"Daina parsiųsta ir įdiegta. Jai groti naudokitės Muzikos programa."},{"$i":"success_ringtone","$v":"Skambėjimo garsas parsiųstas ir įdiegtas."},{"$i":"success_wallpaper","$v":"Ekrano fonas parsiųstas ir įdiegtas."},{"$i":"ringtone-or-song-question","$v":"Ar šį garso įrašą norite įdiegti kaip dainą, ar kaip skambėjimo garsą?"},{"$i":"ringtone-response","$v":"Kaip skambėjimo garsą"},{"$i":"song-response","$v":"Kaip dainą"},{"$i":"download-confirmation-title-song","$v":"Parsiųsti dainą?"},{"$i":"download-confirmation-title-ringtone","$v":"Parsiųsti skambėjimo garsą?"},{"$i":"download-confirmation-title-wallpaper","$v":"Parsiųsti ekrano foną?"},{"$i":"downloading-song","$v":"Daina parsiunčiama…"},{"$i":"downloading-ringtone","$v":"Skambėjimo garsas parsiunčiamas…"},{"$i":"downloading-wallpaper","$v":"Ekrano fonas parsiunčiamas…"},{"$i":"locked-content-advisory","$v":["„",{"t":"idOrVar","v":"vendor"},"“ šį failą užrakino, kad juo negalima būtų dalintis su kitais ar perkelti į kitą įrenginį."]},{"$i":"locked-content-advisory-generic","$v":"Pardavėjas šį failą užrakino, kad juo negalima būtų dalintis su kitais ar perkelti į kitą įrenginį."},{"$i":"download-confirmation-name","$v":"Pavadinimas"},{"$i":"download-confirmation-type","$v":"Tipas"},{"$i":"download-confirmation-size","$v":"Dydis"},{"$i":"download-confirmation-vendor","$v":"Pardavėjas"},{"$i":"download-confirmation-description","$v":"Informacija"},{"$i":"download-progress-title","$v":"Parsiunčiama"},{"$i":"preview-image-title","$v":"Peržiūrėti paveikslą"},{"$i":"preview-audio-title","$v":"Klausyti įrašo"},{"$i":"byteUnit-B","$v":"B"},{"$i":"byteUnit-KB","$v":"KB"},{"$i":"byteUnit-MB","$v":"MB"},{"$i":"byteUnit-GB","$v":"GB"},{"$i":"done","$v":"Atlikta"},{"$i":"pick-ringtone","$v":"Pasirinkite skambėjimo garsą"},{"$i":"pick-wallpaper","$v":"Pasirinkite ekrano foną"},{"$i":"no-installed-ringtones","$v":"Nėra įdiegtų užrakintų skambėjimo garsų"},{"$i":"no-installed-wallpaper","$v":"Nėra įdiegtų užrakintų ekrano fonų"}]