[{"$i":"ok","$v":"Во ред"},{"$i":"download-button","$v":"Преземи"},{"$i":"install-button","$v":"Инсталирај"},{"$i":"cancel-button","$v":"Откажи"},{"$i":"download_error","$v":"Грешка при преземање"},{"$i":"install_error","$v":"Грешка при инсталација"},{"$i":"err_descriptor_download_failed","$v":"Преземањето не успеа заради грешка на серверот."},{"$i":"err_bad_descriptor","$v":"Преземањето не успеа заради грешка на серверот."},{"$i":"err_too_big","$v":"Датотеката за преземање е преголема."},{"$i":"err_unsupported_type","$v":"Овој тип на купени медии не е поддржан од Вашиот телефон."},{"$i":"err_bad_type","$v":"Преземањето не успеа заради грешка на серверот."},{"$i":"err_content_download_failed","$v":"Преземањето не успеа заради грешка на серверот."},{"$i":"err_bad_drm_message","$v":"Преземањето не успеа заради грешка на серверот."},{"$i":"err_bad_image","$v":"Преземената слика не може да се прикаже на овој уред."},{"$i":"err_bad_audio","$v":"Преземената датотека не може да се репродуцира на овој уред."},{"$i":"err_no_space","$v":"На Вашиот уред нема доволно простор за да се зачуваа оваа песна."},{"$i":"err_no_sdcard","$v":"Песната не може да се сними бидејќи нема мемориска картичка."},{"$i":"err_sdcard_in_use","$v":"Песната не може да се сними бидејќи мемориската картичка е зафатена. Исклучете го Вашиот телефон и обидете се да ја преземете повторно."},{"$i":"err_ds_save_failure","$v":"Грешка при снимањето на медија-датотеката."},{"$i":"err_db_store_failure","$v":"Грешка при снимањето на медија-датотеката."},{"$i":"success_song","$v":"Песната е преземена и инсталирана. Преслушајте ја во апликацијата Музика."},{"$i":"success_ringtone","$v":"Мелодијата е преземена и инсталирана."},{"$i":"success_wallpaper","$v":"Тапетот е преземен и инсталиран."},{"$i":"ringtone-or-song-question","$v":"Do you want to install this audio file as a song or as a ringtone?"},{"$i":"ringtone-response","$v":"Мелодија"},{"$i":"song-response","$v":"Песна"},{"$i":"download-confirmation-title-song","$v":"Да ја преземам песната?"},{"$i":"download-confirmation-title-ringtone","$v":"Да ја преземам мелодијата?"},{"$i":"download-confirmation-title-wallpaper","$v":"Да го преземам тапетот?"},{"$i":"downloading-song","$v":"Песната се презема…"},{"$i":"downloading-ringtone","$v":"Мелодијата се презема…"},{"$i":"downloading-wallpaper","$v":"Тапетот се презема…"},{"$i":"locked-content-advisory","$v":["Оваа медија-датотека е заклучена од ",{"t":"idOrVar","v":"vendor"}," за да не може да се споделува или пак да се пренесува на нов уред."]},{"$i":"locked-content-advisory-generic","$v":"Продавачот ја заклучил оваа медија-датотека за да не може да се споделува или пак да се пренесува на нов уред."},{"$i":"download-confirmation-name","$v":"Име"},{"$i":"download-confirmation-type","$v":"Тип"},{"$i":"download-confirmation-size","$v":"Големина"},{"$i":"download-confirmation-vendor","$v":"Добавувач"},{"$i":"download-confirmation-description","$v":"Опис"},{"$i":"download-progress-title","$v":"Преземање"},{"$i":"preview-image-title","$v":"Преглед на слика"},{"$i":"preview-audio-title","$v":"Преслушување на аудио"},{"$i":"byteUnit-B","$v":"бајти"},{"$i":"byteUnit-KB","$v":"KB"},{"$i":"byteUnit-MB","$v":"MB"},{"$i":"byteUnit-GB","$v":"GB"},{"$i":"done","$v":"Готово"},{"$i":"pick-ringtone","$v":"Изберете мелодија"},{"$i":"pick-wallpaper","$v":"Изберете тапет"},{"$i":"no-installed-ringtones","$v":"Нема заклучени мелодии"},{"$i":"no-installed-wallpaper","$v":"Нема заклучен тапет"}]