[{"$i":"ok","$v":"OK"},{"$i":"download-button","$v":"Muat turun"},{"$i":"install-button","$v":"Pemasangan"},{"$i":"cancel-button","$v":"Batal"},{"$i":"download_error","$v":"Muat turun Gagal"},{"$i":"install_error","$v":"Ralat Pemasangan"},{"$i":"err_descriptor_download_failed","$v":"Muat turun gagal disebabkan ralat pelayan."},{"$i":"err_bad_descriptor","$v":"Muat turun gagal disebabkan ralat pelayan."},{"$i":"err_too_big","$v":"Fail terlalu besar untuk dimuat turun."},{"$i":"err_unsupported_type","$v":"Pembelian media jenis ini tidak disokong pada telefon anda."},{"$i":"err_bad_type","$v":"Muat turun gagal disebabkan ralat pelayan."},{"$i":"err_content_download_failed","$v":"Muat turun gagal disebabkan ralat pelayan."},{"$i":"err_bad_drm_message","$v":"Muat turun gagal disebabkan ralat pelayan."},{"$i":"err_bad_image","$v":"Imej muat turun tidak dapat dipaparkan pada peranti ini."},{"$i":"err_bad_audio","$v":"Fail dimuat turun tidak dapat dipaparkan pada peranti ini."},{"$i":"err_no_space","$v":"Tidak terdapat ruang storan yang mencukupi pada peranti anda untuk menyimpan lagu ini."},{"$i":"err_no_sdcard","$v":"Tidak dapat menyimpan lagi disebabkan tiada kad memori."},{"$i":"err_sdcard_in_use","$v":"Tidak dapat menyimpan lagu disebabkan kad memori sedang digunakan. Cabut telefon anda dan cuba lagi memuat turun."},{"$i":"err_ds_save_failure","$v":"Ralat menyimpan fail media."},{"$i":"err_db_store_failure","$v":"Ralat menyimpan fail media."},{"$i":"success_song","$v":"Lagu dimut turun dan dipasang. Gunakan app Muzik dan mainkannya."},{"$i":"success_ringtone","$v":"Nada dering dimuat turun dan dipasang."},{"$i":"success_wallpaper","$v":"Kertas dinding dimuat turun dan dipasang."},{"$i":"ringtone-or-song-question","$v":"Adakah anda ingin memasang fail audio ini sebagai lagu atau nada dering?"},{"$i":"ringtone-response","$v":"Nada dering"},{"$i":"song-response","$v":"Lagu"},{"$i":"download-confirmation-title-song","$v":"Muat turun lagu?"},{"$i":"download-confirmation-title-ringtone","$v":"Muat turun nada dering?"},{"$i":"download-confirmation-title-wallpaper","$v":"Muat turun kertas dinding?"},{"$i":"downloading-song","$v":"Memuat turun lagu…"},{"$i":"downloading-ringtone","$v":"Memuat turun nada dering…"},{"$i":"downloading-wallpaper","$v":"Memuat turun kertas dinding…"},{"$i":"locked-content-advisory","$v":[{"t":"idOrVar","v":"vendor"}," telah mengunci fail media ini supaya ianya tidak dapat dikongsi atau dipindahkan ke peranti baru yang lain."]},{"$i":"locked-content-advisory-generic","$v":"Penjual telah mengunci fail media ini supaya ianya tidak dapat dikongsi atau dipindahkan ke peranti baru yang lain."},{"$i":"download-confirmation-name","$v":"Nama"},{"$i":"download-confirmation-type","$v":"Jenis"},{"$i":"download-confirmation-size","$v":"Saiz"},{"$i":"download-confirmation-vendor","$v":"Vendor"},{"$i":"download-confirmation-description","$v":"Info"},{"$i":"download-progress-title","$v":"Memuat turun"},{"$i":"preview-image-title","$v":"Pralihat imej"},{"$i":"preview-audio-title","$v":"Pralihat audio"},{"$i":"byteUnit-B","$v":"bait"},{"$i":"byteUnit-KB","$v":"KB"},{"$i":"byteUnit-MB","$v":"MB"},{"$i":"byteUnit-GB","$v":"GB"},{"$i":"done","$v":"Selesai"},{"$i":"pick-ringtone","$v":"Pilih Nada Dering"},{"$i":"pick-wallpaper","$v":"Pilih Kertas DInding"},{"$i":"no-installed-ringtones","$v":"Tiada Nada Dering Terkunci Dipasang"},{"$i":"no-installed-wallpaper","$v":"Tiada Kertas Dingding Terkunci Dipasang"}]