[{"$i":"ok","$v":"ठीक छ"},{"$i":"download-button","$v":"डाउनलोड"},{"$i":"install-button","$v":"स्थापना गर्नुहोस्"},{"$i":"cancel-button","$v":"रद्द गर्नुहोस्"},{"$i":"download_error","$v":"डाउनलोड त्रुटि"},{"$i":"install_error","$v":"स्थापना त्रुटि"},{"$i":"err_descriptor_download_failed","$v":"सर्भर त्रुटीका कारण डाउनलोड असफल भयो ।"},{"$i":"err_bad_descriptor","$v":"सर्भरको त्रुटिले गर्दा डाउनलोड असफल भयो।"},{"$i":"err_too_big","$v":"डाउनलोडको लागि फाइलको साइज ज्यादै ठूलो भयो।"},{"$i":"err_unsupported_type","$v":"यस प्रकारको किनिएको मेडिया तपाईंको फोनमा समर्थन हुँदैन।"},{"$i":"err_bad_type","$v":"सर्भरको त्रुटिले गर्दा डाउनलोड असफल भयो।"},{"$i":"err_content_download_failed","$v":"सर्भरको त्रुटिले गर्दा डाउनलोड असफल भयो।"},{"$i":"err_bad_drm_message","$v":"सर्भरको त्रुटिले गर्दा डाउनलोड असफल भयो।"},{"$i":"err_bad_image","$v":"डाउनलोड भएको छवि यस यन्त्रमा प्रदर्शन हुन सक्दैन।"},{"$i":"err_bad_audio","$v":"डाउनलोड भएको फाइल यस यन्त्रमा सन्चालन हुन सक्दैन।"},{"$i":"err_no_space","$v":"तपाईंको यन्त्रमा यो गीत बचत गर्न पर्याप्त भण्डारण छैन।"},{"$i":"err_no_sdcard","$v":"गीत बचत गर्न सकिंदैन किनभने यसमा स्मृति कार्ड छैन।"},{"$i":"err_sdcard_in_use","$v":"गीत बचत गर्न सकिंदैन किनभने स्मृति कार्डको प्रयोग भइरहेको छ। तपाईंको जोडिरहेको फोन निकाल्नु होस् र फेरि डाउनलोड गर्न ट्राइ गर्नुहोस्।"},{"$i":"err_ds_save_failure","$v":"मेडिया फाइल बचतमा त्रुटि भएको छ ।"},{"$i":"err_db_store_failure","$v":"मिडिया फाइल बचत गर्दा त्रुटि !"},{"$i":"success_song","$v":"गीत डाउनलोड र स्थापना भईसकेको छ। यसलाई बजाउन सङ्गित अनुप्रयोगको प्रयोग गर्नुहोस् ।"},{"$i":"success_ringtone","$v":"रिङ्गटोन डाउनलोड र स्थापना भईसकेको छ ।"},{"$i":"success_wallpaper","$v":"वालपेपर डाउनलोड र स्थापना भईसकेको छ ।"},{"$i":"ringtone-or-song-question","$v":"तपाईं यो अडियो फाइल कसरी डाउनलोड र स्थापना गर्न चाहनु हुन्छ - गीत वा रिङ्टोन् ?"},{"$i":"ringtone-response","$v":"रिङ्टोन्"},{"$i":"song-response","$v":"गीत"},{"$i":"download-confirmation-title-song","$v":"गीत डाउनलोड गर्नुहुन्छ?"},{"$i":"download-confirmation-title-ringtone","$v":"रिङ्टोन् डाउनलोड गर्नुहुन्छ?"},{"$i":"download-confirmation-title-wallpaper","$v":"वालपेपर डाउनलोड गर्नुहुन्छ?"},{"$i":"downloading-song","$v":"गीत डाउनलोड हुँदै छ..."},{"$i":"downloading-ringtone","$v":"रिङ्टोन् डाउनलोड हुँदै छ..."},{"$i":"downloading-wallpaper","$v":"वालपेपर डाउनलोड हुँदै छ..."},{"$i":"locked-content-advisory","$v":[{"t":"idOrVar","v":"vendor"}," ले यो मेडिया फाइलमा ताल्चा लगाएको हुनाले यो अरुसगँ बाँड्न वा नायाँ यन्त्रमा स्थानान्तरण गर्न मिल्दैन।"]},{"$i":"locked-content-advisory-generic","$v":"यो मिडिया फाइल विक्रेताव्दारा ताल्चा लगाइएको छ त्येसैले यो फाइल कसैसंग साझेदारी तथा कुनै नँया यन्त्रलाई हस्तांतरण गर्न मिल्दैन ।"},{"$i":"download-confirmation-name","$v":"नाम"},{"$i":"download-confirmation-type","$v":"प्रकार"},{"$i":"download-confirmation-size","$v":"आकार"},{"$i":"download-confirmation-vendor","$v":"बिक्रेता"},{"$i":"download-confirmation-description","$v":"जानकारी"},{"$i":"download-progress-title","$v":"डाउनलोड हुँदैछ"},{"$i":"preview-image-title","$v":"छवि पूर्ववलोकन"},{"$i":"preview-audio-title","$v":"अडियो पूर्ववलोकन"},{"$i":"byteUnit-B","$v":"बाइट्स"},{"$i":"byteUnit-KB","$v":"किलोबाइट"},{"$i":"byteUnit-MB","$v":"मेगाबाइट"},{"$i":"byteUnit-GB","$v":"गिगाबाइट"},{"$i":"done","$v":"गरियो"},{"$i":"pick-ringtone","$v":"रिङ्गटोन चयन गर्नुहोस्"},{"$i":"pick-wallpaper","$v":"वालपेपर चयन गर्नुहोस्"},{"$i":"no-installed-ringtones","$v":"ताल्चा लगाइएको रिङ्गटोनहरु स्थापना गरिएको छैन"},{"$i":"no-installed-wallpaper","$v":"ताल्चा लगाइएको वालपेपरहरु स्थापना गरिएको छैन"}]