[{"$i":"ok","$v":"OK"},{"$i":"download-button","$v":"Downloaden"},{"$i":"install-button","$v":"Installeren"},{"$i":"cancel-button","$v":"Annuleren"},{"$i":"download_error","$v":"Downloadfout"},{"$i":"install_error","$v":"Installatiefout"},{"$i":"err_descriptor_download_failed","$v":"Het downloaden is mislukt vanwege een serverfout."},{"$i":"err_bad_descriptor","$v":"Het downloaden is mislukt vanwege een serverfout."},{"$i":"err_too_big","$v":"Bestand is te groot om te downloaden."},{"$i":"err_unsupported_type","$v":"Dit type aangeschafte media wordt niet ondersteund op uw telefoon."},{"$i":"err_bad_type","$v":"Het downloaden is mislukt vanwege een serverfout."},{"$i":"err_content_download_failed","$v":"Het downloaden is mislukt vanwege een serverfout."},{"$i":"err_bad_drm_message","$v":"Het downloaden is mislukt vanwege een serverfout."},{"$i":"err_bad_image","$v":"De gedownloade afbeelding kan niet op dit apparaat worden weergegeven."},{"$i":"err_bad_audio","$v":"Het gedownloade bestand kan niet op dit apparaat worden afgespeeld."},{"$i":"err_no_space","$v":"Er is niet genoeg opslagruimte op uw apparaat om dit nummer op te slaan."},{"$i":"err_no_sdcard","$v":"Kan nummer niet opslaan, omdat er geen geheugenkaart is."},{"$i":"err_sdcard_in_use","$v":"Kan nummer niet opslaan, omdat de geheugenkaart in gebruik is. Ontkoppel uw telefoon en probeer het nogmaals te downloaden."},{"$i":"err_ds_save_failure","$v":"Fout bij opslaan van mediabestand."},{"$i":"err_db_store_failure","$v":"Fout bij opslaan van mediabestand."},{"$i":"success_song","$v":"Nummer gedownload en geïnstalleerd. Gebruik de Muziek-app om het af te spelen."},{"$i":"success_ringtone","$v":"Beltoon gedownload en geïnstalleerd."},{"$i":"success_wallpaper","$v":"Achtergrond gedownload en geïnstalleerd."},{"$i":"ringtone-or-song-question","$v":"Wilt u dit audiobestand als een nummer of als een beltoon installeren?"},{"$i":"ringtone-response","$v":"Beltoon"},{"$i":"song-response","$v":"Nummer"},{"$i":"download-confirmation-title-song","$v":"Nummer downloaden?"},{"$i":"download-confirmation-title-ringtone","$v":"Beltoon downloaden?"},{"$i":"download-confirmation-title-wallpaper","$v":"Achtergrond downloaden?"},{"$i":"downloading-song","$v":"Nummer downloaden…"},{"$i":"downloading-ringtone","$v":"Beltoon downloaden…"},{"$i":"downloading-wallpaper","$v":"Achtergrond downloaden…"},{"$i":"locked-content-advisory","$v":[{"t":"idOrVar","v":"vendor"}," heeft dit mediabestand vergrendeld, zodat het niet met anderen kan worden gedeeld of naar een nieuw apparaat kan worden overgezet."]},{"$i":"locked-content-advisory-generic","$v":"De verkoper heeft dit mediabestand vergrendeld, zodat het niet met anderen kan worden gedeeld of naar een nieuw apparaat kan worden overgezet."},{"$i":"download-confirmation-name","$v":"Naam"},{"$i":"download-confirmation-type","$v":"Type"},{"$i":"download-confirmation-size","$v":"Grootte"},{"$i":"download-confirmation-vendor","$v":"Leverancier"},{"$i":"download-confirmation-description","$v":"Info"},{"$i":"download-progress-title","$v":"Downloaden"},{"$i":"preview-image-title","$v":"Voorbeeldafbeelding"},{"$i":"preview-audio-title","$v":"Voorbeeldweergave"},{"$i":"byteUnit-B","$v":"bytes"},{"$i":"byteUnit-KB","$v":"KB"},{"$i":"byteUnit-MB","$v":"MB"},{"$i":"byteUnit-GB","$v":"GB"},{"$i":"done","$v":"Gereed"},{"$i":"pick-ringtone","$v":"Beltoon selecteren"},{"$i":"pick-wallpaper","$v":"Achtergrond selecteren"},{"$i":"no-installed-ringtones","$v":"Geen vergrendelde beltonen geïnstalleerd"},{"$i":"no-installed-wallpaper","$v":"Geen vergrendelde achtergrond geïnstalleerd"}]