[{"$i":"ok","$v":"ਠੀਕ ਹੈ"},{"$i":"download-button","$v":"ਡਾਊਨਲੋਡ"},{"$i":"install-button","$v":"ਇੰਸਟਾਲ"},{"$i":"cancel-button","$v":"ਰੱਦ ਕਰੋ"},{"$i":"download_error","$v":"ਡਾਊਨਲੋਡ ਗਲਤੀ"},{"$i":"install_error","$v":"ਇੰਸਟਾਲੇਸ਼ਨ ਗਲਤੀ"},{"$i":"err_descriptor_download_failed","$v":"ਡਾਊਨਲੋਡ ਫੇਲ੍ਹ ਹੋਇਆ ਹੈ, ਕਿਉਂਕਿ ਸਰਵਰ ਗਲਤ ਹੈ।"},{"$i":"err_bad_descriptor","$v":"ਡਾਊਨਲੋਡ ਫੇਲ੍ਹ ਹੋਇਆ ਹੈ, ਕਿਉਂਕਿ ਸਰਵਰ ਗਲਤ ਹੈ।"},{"$i":"err_too_big","$v":"ਫਾਇਲ ਡਾਊਨਲੋਡ ਕਰਨ ਲਈ ਬਹੁਤ ਵੱਡੀ ਹੈ।"},{"$i":"err_unsupported_type","$v":"ਇਹ ਕਿਸਮ ਦੇ ਖਰੀਦੇ ਮੀਡਿਆ ਤੁਹਾਡੇ ਫੋਨ ਉੱਤੇ ਸਹਾਇਕ ਨਹੀਂ ਹਨ।"},{"$i":"err_bad_type","$v":"ਡਾਊਨਲੋਡ ਫੇਲ੍ਹ ਹੋਇਆ ਹੈ, ਕਿਉਂਕਿ ਸਰਵਰ ਗਲਤੀ ਹੈ।"},{"$i":"err_content_download_failed","$v":"ਡਾਊਨਲੋਡ ਫੇਲ੍ਹ ਹੋਇਆ ਹੈ, ਕਿਉਂਕਿ ਸਰਵਰ ਗਲਤੀ ਹੈ।"},{"$i":"err_bad_drm_message","$v":"ਡਾਊਨਲੋਡ ਫੇਲ੍ਹ ਹੋਇਆ ਹੈ, ਕਿਉਂਕਿ ਸਰਵਰ ਗਲਤੀ ਹੈ।"},{"$i":"err_bad_image","$v":"ਡਾਊਨਲੋਡ ਕੀਤੇ ਚਿੱਤਰ ਨੂੰ ਇਸ ਯੰਤਰ ਉੱਤੇ ਵਿਖਾਇਆ ਨਹੀਂ ਜਾ ਸਕਦਾ ਹੈ।"},{"$i":"err_bad_audio","$v":"ਡਾਊਨਲੋਡ ਕੀਤੀ ਫਾਇਲ ਨੂੰ ਇਸ ਯੰਤਰ ਉੱਤੇ ਵਿਖਾਇਆ ਨਹੀਂ ਜਾ ਸਕਦਾ ਹੈ।"},{"$i":"err_no_space","$v":"ਇਹ ਗਾਣਾ ਸੰਭਾਲਣ ਲਈ ਤੁਹਾਡੇ ਯੰਟਰ ਉੱਤੇ ਚਾਹੀਦੀ ਖਾਲੀ ਥਾਂ ਨਹੀਂ ਹੈ।"},{"$i":"err_no_sdcard","$v":"ਇਹ ਗਾਣਾ ਸੰਭਾਲਿਆ ਨਹੀਂ ਜਾ ਸਕਦਾ, ਕਿਉਂਕਿ ਮੈਮੋਰੀ ਕਾਰਡ ਨਹੀਂ ਹੈ।"},{"$i":"err_sdcard_in_use","$v":"ਗਾਣਾ ਸੰਭਾਲਿਆ ਨਹੀਂ ਜਾ ਸਕਦਾ, ਕਿਉਂਕਿ ਮੈਮੋਰੀ ਕਾਰਡ ਦੀ ਵਰਤੋਂ ਕੀਤੀ ਜਾ ਰਹੀ ਹੈ। ਆਪਣੇ ਫੋਨ ਨਾਲੋਂ ਤਾਰ ਕੱਢੋ ਅਤੇ ਫੇਰ ਡਾਊਨਲੋਡ ਕਰਨ ਦੀ ਕੋਸ਼ਿਸ਼ ਕਰੋ।"},{"$i":"err_ds_save_failure","$v":"ਮੀਡਿਆ ਫਾਇਲ ਸੰਭਾਲਣ ਲਈ ਗਲਤੀ ਹੈ।"},{"$i":"err_db_store_failure","$v":"ਮੀਡਿਆ ਫਾਇਲ ਸੰਭਾਲਣ ਲਈ ਗਲਤੀ ਹੈ।"},{"$i":"success_song","$v":"ਗਾਣਾ ਡਾਊਨਲੋਡ ਅਤੇ ਇੰਸਟਾਲ ਕੀਤਾ ਗਿਆ। ਇਸ ਨੂੰ ਚਲਾਉਣ ਲਈ ਸੰਗੀਤ ਐਪ ਨੂੰ ਵਰਤੋਂ।"},{"$i":"success_ringtone","$v":"ਰਿੰਗਟੋਨ ਡਾਊਨਲੋਡ ਅਤੇ ਇੰਸਟਾਲ ਕੀਤੀ ਗਈ"},{"$i":"success_wallpaper","$v":"ਵਾਲਪੇਪਰ ਡਾਊਨਲੋਡ ਅਤੇ ਇੰਸਟਾਲ ਕੀਤਾ ਗਿਆ।"},{"$i":"ringtone-or-song-question","$v":"ਕੀ ਤੁਸੀਂ ਇਹ ਆਡੀਓ ਫਾਇਲਾਂ ਨੂੰ ਡਾਊਨਲੋਡ ਕਰਕੇ ਗਾਣੇ ਵਜੋਂ ਇੰਸਟਾਲ ਕਰਨਾ ਚਾਹੁੰਦੇ ਹੋ ਜਾਂ ਰਿੰਗਟੋਨ ਵਜੋਂ?"},{"$i":"ringtone-response","$v":"ਰਿੰਗਟੋਨ"},{"$i":"song-response","$v":"ਗੀਤ"},{"$i":"download-confirmation-title-song","$v":"ਗਾਣਾ ਡਾਊਨਲੋਡ ਕਰਨਾ ਹੈ?"},{"$i":"download-confirmation-title-ringtone","$v":"ਰਿੰਗਟੋਨ ਡਾਊਨਲੋਡ ਕਰਨੀ ਹੈ?"},{"$i":"download-confirmation-title-wallpaper","$v":"ਵਾਲਪੇਪਰ ਡਾਊਨਲੋਡ ਕਰਨਾ ਹੈ?"},{"$i":"downloading-song","$v":"…ਗਾਣਾ ਡਾਊਨਲੋਡ ਕੀਤਾ ਜਾ ਰਿਹਾ ਹੈ"},{"$i":"downloading-ringtone","$v":"…ਰਿੰਗਟੋਨ ਡਾਊਨਲੋਡ ਕੀਤੀ ਜਾ ਰਹੀ ਹੈ"},{"$i":"downloading-wallpaper","$v":"…ਵਾਲਪੇਪਰ ਡਾਊਨਲੋਡ ਕੀਤਾ ਜਾ ਰਿਹਾ ਹੈ"},{"$i":"locked-content-advisory","$v":[{"t":"idOrVar","v":"vendor"}," ਨੇ ਇਹ ਮੀਡਿਆ ਲਾਕ ਕੀਤਾ ਹੈ ਤਾਂ ਕਿ ਇਸ ਨੂੰ ਹੋਰ ਨਾਲ ਸਾਂਝਾ ਜਾਂ ਨਵੇਂ ਯੰਤਰ ਉੱਤੇ ਟਰਾਂਸਫਰ ਨਾ ਕੀਤਾ ਜਾਵੇ।"]},{"$i":"locked-content-advisory-generic","$v":"ਵਿਕਰੇਤਾ ਨੇ ਇਹ ਮੀਡਿਆ ਲਾਕ ਕੀਤਾ ਹੈ ਤਾਂ ਕਿ ਇਸ ਨੂੰ ਹੋਰ ਨਾਲ ਸਾਂਝਾ ਜਾਂ ਨਵੇਂ ਯੰਤਰ ਉੱਤੇ ਟਰਾਂਸਫਰ ਨਾ ਕੀਤਾ ਜਾਵੇ।"},{"$i":"download-confirmation-name","$v":"ਨਾਂ"},{"$i":"download-confirmation-type","$v":"ਕਿਸਮ"},{"$i":"download-confirmation-size","$v":"ਆਕਾਰ"},{"$i":"download-confirmation-vendor","$v":"ਵੇਂਡਰ"},{"$i":"download-confirmation-description","$v":"ਜਾਣਕਾਰੀ"},{"$i":"download-progress-title","$v":"ਡਾਊਨਲੋਡ ਜਾਰੀ"},{"$i":"preview-image-title","$v":"ਚਿੱਤਰ ਝਲਕ"},{"$i":"preview-audio-title","$v":"ਆਡੀਓ ਝਲਕ"},{"$i":"byteUnit-B","$v":"ਬਾਈਟ"},{"$i":"byteUnit-KB","$v":"KB"},{"$i":"byteUnit-MB","$v":"MB"},{"$i":"byteUnit-GB","$v":"GB"},{"$i":"done","$v":"ਮੁਕੰਮਲ"},{"$i":"pick-ringtone","$v":"ਰਿੰਗਟੋਨ ਚੁਣੋ"},{"$i":"pick-wallpaper","$v":"ਵਾਲਪੇਪਰ ਚੁਣੋ"},{"$i":"no-installed-ringtones","$v":"ਕੋਈ ਲਾਕ ਰਿੰਗਟੋਨ ਇੰਸਟਾਲ ਨਹੀਂ ਹੈ।"},{"$i":"no-installed-wallpaper","$v":"ਕੋਈ ਲਾਕ ਵਾਲਪੇਪਰ ਇੰਸਟਾਲ ਨਹੀਂ ਹੈ।"}]