[{"$i":"ok","$v":"OK"},{"$i":"download-button","$v":"Pobierz"},{"$i":"install-button","$v":"Zainstaluj"},{"$i":"cancel-button","$v":"Anuluj"},{"$i":"download_error","$v":"Błąd pobierania"},{"$i":"install_error","$v":"Błąd instalowania"},{"$i":"err_descriptor_download_failed","$v":"Pobieranie nie powiodło się z powodu błędu serwera."},{"$i":"err_bad_descriptor","$v":"Pobieranie nie powiodło się z powodu błędu serwera."},{"$i":"err_too_big","$v":"Zbyt duży plik, aby go pobrać."},{"$i":"err_unsupported_type","$v":"Ten typ zakupionej treści nie jest obsługiwany na tym telefonie."},{"$i":"err_bad_type","$v":"Pobieranie nie powiodło się z powodu błędu serwera."},{"$i":"err_content_download_failed","$v":"Pobieranie nie powiodło się z powodu błędu serwera."},{"$i":"err_bad_drm_message","$v":"Pobieranie nie powiodło się z powodu błędu serwera."},{"$i":"err_bad_image","$v":"Pobrany obrazek nie może zostać wyświetlony na tym urządzeniu."},{"$i":"err_bad_audio","$v":"Pobrany plik nie może zostać odtworzony na tym urządzeniu."},{"$i":"err_no_space","$v":"Zbyt mało miejsca na tym urządzeniu, aby zapisać tę piosenkę."},{"$i":"err_no_sdcard","$v":"Nie można zapisać piosenki, ponieważ nie ma karty pamięci."},{"$i":"err_sdcard_in_use","$v":"Nie można zapisać piosenki, ponieważ karta pamięci jest wykorzystywana. Odepnij telefon i spróbuj pobrać ponownie."},{"$i":"err_ds_save_failure","$v":"Błąd zapisywania pliku."},{"$i":"err_db_store_failure","$v":"Błąd zapisywania pliku."},{"$i":"success_song","$v":"Piosenka pobrana i zainstalowana. Użyj aplikacji „Muzyka”, aby ją odtworzyć."},{"$i":"success_ringtone","$v":"Dzwonek pobrany i zainstalowany."},{"$i":"success_wallpaper","$v":"Tło ekranu pobrane i zainstalowane."},{"$i":"ringtone-or-song-question","$v":"Zainstalować ten plik audio jako dzwonek czy jako piosenkę?"},{"$i":"ringtone-response","$v":"Dzwonek"},{"$i":"song-response","$v":"Piosenka"},{"$i":"download-confirmation-title-song","$v":"Pobrać piosenkę?"},{"$i":"download-confirmation-title-ringtone","$v":"Pobrać dzwonek?"},{"$i":"download-confirmation-title-wallpaper","$v":"Pobrać tło ekranu?"},{"$i":"downloading-song","$v":"Pobieranie piosenki…"},{"$i":"downloading-ringtone","$v":"Pobieranie dzwonka…"},{"$i":"downloading-wallpaper","$v":"Pobieranie tła ekranu…"},{"$i":"locked-content-advisory","$v":["Udostępnianie i przenoszenie tego pliku na inne urządzenia zostało zablokowane przez ",{"t":"idOrVar","v":"vendor"},"."]},{"$i":"locked-content-advisory-generic","$v":"Udostępnianie i przenoszenie tego pliku na inne urządzenia zostało zablokowane przez sprzedawcę."},{"$i":"download-confirmation-name","$v":"Nazwa"},{"$i":"download-confirmation-type","$v":"Typ"},{"$i":"download-confirmation-size","$v":"Rozmiar"},{"$i":"download-confirmation-vendor","$v":"Dostawca"},{"$i":"download-confirmation-description","$v":"Informacja"},{"$i":"download-progress-title","$v":"Pobieranie"},{"$i":"preview-image-title","$v":"Podgląd obrazka"},{"$i":"preview-audio-title","$v":"Odtwarzanie pliku audio"},{"$i":"byteUnit-B","$v":"B"},{"$i":"byteUnit-KB","$v":"KB"},{"$i":"byteUnit-MB","$v":"MB"},{"$i":"byteUnit-GB","$v":"GB"},{"$i":"done","$v":"Gotowe"},{"$i":"pick-ringtone","$v":"Wybierz dzwonek"},{"$i":"pick-wallpaper","$v":"Wybierz tło ekranu"},{"$i":"no-installed-ringtones","$v":"Brak zainstalowanych zablokowanych dzwonków"},{"$i":"no-installed-wallpaper","$v":"Brak zainstalowanych zablokowanych teł ekranu"}]