[{"$i":"ok","$v":"OK"},{"$i":"download-button","$v":"Download"},{"$i":"install-button","$v":"Instalar"},{"$i":"cancel-button","$v":"Cancelar"},{"$i":"download_error","$v":"Erro no download"},{"$i":"install_error","$v":"Erro na instalação"},{"$i":"err_descriptor_download_failed","$v":"O download falhou devido a um erro no servidor."},{"$i":"err_bad_descriptor","$v":"O download falhou devido a um erro no servidor."},{"$i":"err_too_big","$v":"O download falhou pois o arquivo é muito grande."},{"$i":"err_unsupported_type","$v":"Esse tipo de mídia não é suportado pelo seu dispositivo."},{"$i":"err_bad_type","$v":"O download falhou devido a um erro no servidor."},{"$i":"err_content_download_failed","$v":"O download falhou devido a um erro no servidor."},{"$i":"err_bad_drm_message","$v":"O download falhou devido a um erro no servidor."},{"$i":"err_bad_image","$v":"A imagem baixada não pode ser exibida nesse dispositivo."},{"$i":"err_bad_audio","$v":"O arquivo baixado não pode ser exibido nesse dispositivo."},{"$i":"err_no_space","$v":"Não há espaço suficiente no seu dispositivo para salvar essa música."},{"$i":"err_no_sdcard","$v":"Não foi possível salvar essa música pois não há um cartão de memória presente."},{"$i":"err_sdcard_in_use","$v":"Não foi possível salvar essa música porque o cartão de memória está em uso. Desconecte seu telefone do computador e tente novamente."},{"$i":"err_ds_save_failure","$v":"Erro ao salvar arquivo."},{"$i":"err_db_store_failure","$v":"Erro ao salvar arquivo."},{"$i":"success_song","$v":"Música baixada e instalada. Use o aplicativo Música para reproduzi-la."},{"$i":"success_ringtone","$v":"Toque de chamadas baixado e instalado."},{"$i":"success_wallpaper","$v":"Papel de parede baixado e instalado."},{"$i":"ringtone-or-song-question","$v":"Você gostaria de instalar esse arquivo de áudio como música ou toque?"},{"$i":"ringtone-response","$v":"Toque de chamada"},{"$i":"song-response","$v":"Música"},{"$i":"download-confirmation-title-song","$v":"Baixar música?"},{"$i":"download-confirmation-title-ringtone","$v":"Baixar toque de chamada?"},{"$i":"download-confirmation-title-wallpaper","$v":"Baixar papel de parede?"},{"$i":"downloading-song","$v":"Baixando música…"},{"$i":"downloading-ringtone","$v":"Baixando toque de chamada…"},{"$i":"downloading-wallpaper","$v":"Baixando papel de parede…"},{"$i":"locked-content-advisory","$v":[{"t":"idOrVar","v":"vendor"}," bloqueou esse arquivo de forma com que ele não possa ser compartilhado com outros ou transferido para outro dispositivo."]},{"$i":"locked-content-advisory-generic","$v":"O vendedor bloqueou esse arquivo de forma com que ele não possa ser compartilhado com outros ou transferido para outro dispositivo."},{"$i":"download-confirmation-name","$v":"Nome"},{"$i":"download-confirmation-type","$v":"Tipo"},{"$i":"download-confirmation-size","$v":"Tamanho"},{"$i":"download-confirmation-vendor","$v":"Vendedor"},{"$i":"download-confirmation-description","$v":"Informações"},{"$i":"download-progress-title","$v":"Baixando"},{"$i":"preview-image-title","$v":"Pré-visualizer imagem"},{"$i":"preview-audio-title","$v":"Pré-visualizer áudio"},{"$i":"byteUnit-B","$v":"bytes"},{"$i":"byteUnit-KB","$v":"KB"},{"$i":"byteUnit-MB","$v":"MB"},{"$i":"byteUnit-GB","$v":"GB"},{"$i":"done","$v":"Concluído"},{"$i":"pick-ringtone","$v":"Selecione um toque de chamadas"},{"$i":"pick-wallpaper","$v":"Selecione um papel de parede"},{"$i":"no-installed-ringtones","$v":"Nenhum toque de chamada bloqueado instalado"},{"$i":"no-installed-wallpaper","$v":"Nenhum papel de parede bloqueado instalado"}]