[{"$i":"ok","$v":"OK"},{"$i":"download-button","$v":"Загрузить"},{"$i":"install-button","$v":"Установить"},{"$i":"cancel-button","$v":"Отмена"},{"$i":"download_error","$v":"Ошибка загрузки"},{"$i":"install_error","$v":"Ошибка установки"},{"$i":"err_descriptor_download_failed","$v":"Загрузка не удалась из-за ошибки сервера."},{"$i":"err_bad_descriptor","$v":"Загрузка не удалась из-за ошибки сервера."},{"$i":"err_too_big","$v":"Размер загружаемого файла превышает максимальный."},{"$i":"err_unsupported_type","$v":"Этот тип купленного медиа не поддерживается на вашем телефоне."},{"$i":"err_bad_type","$v":"Загрузка не удалась из-за ошибки сервера."},{"$i":"err_content_download_failed","$v":"Загрузка не удалась из-за ошибки сервера."},{"$i":"err_bad_drm_message","$v":"Загрузка не удалась из-за ошибки сервера."},{"$i":"err_bad_image","$v":"Загруженное изображение не может быть просмотрено на этом устройстве."},{"$i":"err_bad_audio","$v":"Загруженный файл не может быть воспроизведен на этом устройстве."},{"$i":"err_no_space","$v":"Для сохранения этой песни на вашем устройстве недостаточно свободной памяти."},{"$i":"err_no_sdcard","$v":"Не могу сохранить песню так как отсутствует карта памяти."},{"$i":"err_sdcard_in_use","$v":"Не могу сохранить песню так как карта памяти сейчас занята. Отсоедините ваш телефон и попробуйте загрузить снова."},{"$i":"err_ds_save_failure","$v":"Ошибка сохранения медиафайла."},{"$i":"err_db_store_failure","$v":"Ошибка сохранения медиафайла."},{"$i":"success_song","$v":"Песня загружена и установлена. Для её проигрывания используйте приложение Музыка."},{"$i":"success_ringtone","$v":"Мелодия загружена и установлена."},{"$i":"success_wallpaper","$v":"Обои загружены и установлены."},{"$i":"ringtone-or-song-question","$v":"Вы хотите установить этот аудиофайл в качестве песни или мелодии?"},{"$i":"ringtone-response","$v":"Мелодия"},{"$i":"song-response","$v":"Песня"},{"$i":"download-confirmation-title-song","$v":"Загрузить песню?"},{"$i":"download-confirmation-title-ringtone","$v":"Загрузить мелодию?"},{"$i":"download-confirmation-title-wallpaper","$v":"Загрузить обои?"},{"$i":"downloading-song","$v":"Загрузка песни…"},{"$i":"downloading-ringtone","$v":"Загрузка мелодии…"},{"$i":"downloading-wallpaper","$v":"Загрузка обоев…"},{"$i":"locked-content-advisory","$v":[{"t":"idOrVar","v":"vendor"}," защитил этот медиафайл от копирования, чтобы им нельзя было поделиться с другими или перенести на новое устройство."]},{"$i":"locked-content-advisory-generic","$v":"Продавец защитил этот медиафайл от копирования, чтобы им нельзя было поделиться с другими или перенести на новое устройство."},{"$i":"download-confirmation-name","$v":"Имя"},{"$i":"download-confirmation-type","$v":"Тип"},{"$i":"download-confirmation-size","$v":"Размер"},{"$i":"download-confirmation-vendor","$v":"Поставщик"},{"$i":"download-confirmation-description","$v":"Инфо"},{"$i":"download-progress-title","$v":"Загрузка"},{"$i":"preview-image-title","$v":"Предпросмотр изображения"},{"$i":"preview-audio-title","$v":"Предпросмотр аудио"},{"$i":"byteUnit-B","$v":"байт"},{"$i":"byteUnit-KB","$v":"КБ"},{"$i":"byteUnit-MB","$v":"МБ"},{"$i":"byteUnit-GB","$v":"ГБ"},{"$i":"done","$v":"Готово"},{"$i":"pick-ringtone","$v":"Выбрать мелодию"},{"$i":"pick-wallpaper","$v":"Выбрать обои"},{"$i":"no-installed-ringtones","$v":"Защищённые от копирования мелодии не установлены"},{"$i":"no-installed-wallpaper","$v":"Защищённые от копирования обои не установлены"}]