[{"$i":"ok","$v":"OK"},{"$i":"download-button","$v":"Prevziať"},{"$i":"install-button","$v":"Nainštalovať"},{"$i":"cancel-button","$v":"Zrušiť"},{"$i":"download_error","$v":"Chyba pri preberaní"},{"$i":"install_error","$v":"Chyba pri inštalácii"},{"$i":"err_descriptor_download_failed","$v":"Pri preberaní súboru sa vyskytla chyba servera."},{"$i":"err_bad_descriptor","$v":"Preberanie zlyhalo kvôli chybe servera."},{"$i":"err_too_big","$v":"Súbor je príliš veľký, nie je možné ho prevziať."},{"$i":"err_unsupported_type","$v":"Tento typ média nie je vo vašom telefóne podporovaný."},{"$i":"err_bad_type","$v":"Preberanie zlyhalo kvôli chybe servera."},{"$i":"err_content_download_failed","$v":"Preberanie zlyhalo kvôli chybe servera."},{"$i":"err_bad_drm_message","$v":"Preberanie zlyhalo kvôli chybe servera."},{"$i":"err_bad_image","$v":"Prevzatý obrázok nie je možné zobraziť na tomto zariadení."},{"$i":"err_bad_audio","$v":"Prevzatý súbor nie je možné prehrať na tomto zariadení."},{"$i":"err_no_space","$v":"Na uloženie tejto skladby nie je dostatok voľného miesta v úložisku."},{"$i":"err_no_sdcard","$v":"Skladbu nie je možné uložiť, pretože nie je dostupná žiadna pamäťová karta."},{"$i":"err_sdcard_in_use","$v":"Skladbu nie je možné uložiť, pretože pamäťová karta sa práve používa. Odpojte telefón a skúste to znova."},{"$i":"err_ds_save_failure","$v":"Chyba pri ukladaní súboru média."},{"$i":"err_db_store_failure","$v":"Chyba pri ukladaní súboru média."},{"$i":"success_song","$v":"Skladba bola prevzatá a nainštalovaná. Prehráte ju pomocou aplikácie Hudba."},{"$i":"success_ringtone","$v":"Zvonenie bolo prevzaté a nainštalované."},{"$i":"success_wallpaper","$v":"Tapeta bola prevzatá a nainštalovaná."},{"$i":"ringtone-or-song-question","$v":"Chcete tento zvukový súbor použiť ako skladbu alebo ako zvonenie?"},{"$i":"ringtone-response","$v":"Zvonenie"},{"$i":"song-response","$v":"Skladba"},{"$i":"download-confirmation-title-song","$v":"Prevziať skladbu?"},{"$i":"download-confirmation-title-ringtone","$v":"Prevziať zvonenie?"},{"$i":"download-confirmation-title-wallpaper","$v":"Prevziať tapetu?"},{"$i":"downloading-song","$v":"Preberá sa skladba…"},{"$i":"downloading-ringtone","$v":"Preberá sa zvonenie…"},{"$i":"downloading-wallpaper","$v":"Preberá sa tapeta…"},{"$i":"locked-content-advisory","$v":["Predávajúci (",{"t":"idOrVar","v":"vendor"},") uzamkol tento súbor s médiom, takže ho nie je možné zdieľať s ostatnými ani preniesť do iného zariadenia."]},{"$i":"locked-content-advisory-generic","$v":"Predávajúci uzamkol tento súbor s médiom, takže ho nie je možné zdieľať s ostatnými ani preniesť do iného zariadenia."},{"$i":"download-confirmation-name","$v":"Názov"},{"$i":"download-confirmation-type","$v":"Typ"},{"$i":"download-confirmation-size","$v":"Veľkosť"},{"$i":"download-confirmation-vendor","$v":"Spoločnosť"},{"$i":"download-confirmation-description","$v":"Informácie"},{"$i":"download-progress-title","$v":"Preberá sa"},{"$i":"preview-image-title","$v":"Ukážka obrázka"},{"$i":"preview-audio-title","$v":"Ukážka zvuku"},{"$i":"byteUnit-B","$v":"bajtov"},{"$i":"byteUnit-KB","$v":"kB"},{"$i":"byteUnit-MB","$v":"MB"},{"$i":"byteUnit-GB","$v":"GB"},{"$i":"done","$v":"Hotovo"},{"$i":"pick-ringtone","$v":"Zvoľte si zvonenie"},{"$i":"pick-wallpaper","$v":"Zvoľte si tapetu"},{"$i":"no-installed-ringtones","$v":"Nie sú nainštalované žiadne zamknuté zvonenia"},{"$i":"no-installed-wallpaper","$v":"Nie sú nainštalované žiadne zamknuté tapety"}]