[{"$i":"ok","$v":"OK"},{"$i":"download-button","$v":"Shkarkoje"},{"$i":"install-button","$v":"Instaloje"},{"$i":"cancel-button","$v":"Anuloje"},{"$i":"download_error","$v":"Gabim Shkarkimi"},{"$i":"install_error","$v":"Gabim Instalimi"},{"$i":"err_descriptor_download_failed","$v":"Shkarkimi dështoi për shkak të një gabimi shërbyesi."},{"$i":"err_bad_descriptor","$v":"Shkarkimi dështoi për shkak të një gabimi shërbyesi"},{"$i":"err_too_big","$v":"Kartela është shumë e madhe për shkarkim."},{"$i":"err_unsupported_type","$v":"Ky lloj media të blerë nuk mbulohet në telefonin tuaj."},{"$i":"err_bad_type","$v":"Shkarkimi dështoi për shkak të një gabimi shërbyesi."},{"$i":"err_content_download_failed","$v":"Shkarkimi dështoi për shkak të një gabimi shërbyesi."},{"$i":"err_bad_drm_message","$v":"Shkarkimi dështoi për shkak të një gabimi shërbyesi."},{"$i":"err_bad_image","$v":"Figura e shkarkuar nuk shfaqet dot në këtë pajisje."},{"$i":"err_bad_audio","$v":"Kartela e shkarkuar nuk luhet dot në këtë pajisje."},{"$i":"err_no_space","$v":"Nuk ka vend të mjaftueshëm depozitimi në pajisjen tuaj që të ruhet kjo këngë."},{"$i":"err_no_sdcard","$v":"Nuk ruhet dot kënga, ngaqë nuk ka kartë kujtese."},{"$i":"err_sdcard_in_use","$v":"Nuk ruhet dot kënga, ngaqë karta e kujtesës po përdoret. Shkëputeni telefonin dhe provoni ta shkarkoni sërish."},{"$i":"err_ds_save_failure","$v":"Gabim në ruajtjen e kartelës media."},{"$i":"err_db_store_failure","$v":"Gabim në ruajtjen e kartelës media."},{"$i":"success_song","$v":"Kënga u shkarkua dhe u instalua. Përdorni aplikacionin e Muzikës që ta luani."},{"$i":"success_ringtone","$v":"Zilja u shkarkua dhe u instalua."},{"$i":"success_wallpaper","$v":"Sfondi u shkarkua dhe u instalua."},{"$i":"ringtone-or-song-question","$v":"Doni të instalohet kjo kartelë audio si këngë apo si zile?"},{"$i":"ringtone-response","$v":"Zile"},{"$i":"song-response","$v":"Këngë"},{"$i":"download-confirmation-title-song","$v":"Të shkarkohet kënga?"},{"$i":"download-confirmation-title-ringtone","$v":"Të shkarkohet zilja?"},{"$i":"download-confirmation-title-wallpaper","$v":"Të shkarkohet sfondi?"},{"$i":"downloading-song","$v":"Po shkarkohet kënga…"},{"$i":"downloading-ringtone","$v":"Po shkarkohet zilja…"},{"$i":"downloading-wallpaper","$v":"Po shkarkohet sfondi…"},{"$i":"locked-content-advisory","$v":[{"t":"idOrVar","v":"vendor"}," e ka kyçur këtë kartelë media që ajo të mos ndahet me të tjerë apo të mbartet në një pajisje të re."]},{"$i":"locked-content-advisory-generic","$v":"Tregtuesi e ka kyçur këtë kartelë media që ajo të mos ndahet me të tjerë apo të mbartet në një pajisje të re."},{"$i":"download-confirmation-name","$v":"Emër"},{"$i":"download-confirmation-type","$v":"Lloj"},{"$i":"download-confirmation-size","$v":"Madhësi"},{"$i":"download-confirmation-vendor","$v":"Tregtues"},{"$i":"download-confirmation-description","$v":"Të dhëna"},{"$i":"download-progress-title","$v":"Shkarkim"},{"$i":"preview-image-title","$v":"Paraparje figure"},{"$i":"preview-audio-title","$v":"Paradëgjim audioje"},{"$i":"byteUnit-B","$v":"bajte"},{"$i":"byteUnit-KB","$v":"KB"},{"$i":"byteUnit-MB","$v":"MB"},{"$i":"byteUnit-GB","$v":"GB"},{"$i":"done","$v":"U bë"},{"$i":"pick-ringtone","$v":"Përzgjidhni Zile"},{"$i":"pick-wallpaper","$v":"Përzgjidhni Sfond"},{"$i":"no-installed-ringtones","$v":"Pa Zile të Kyçura të Instaluara"},{"$i":"no-installed-wallpaper","$v":"Pa Sfonde të Kyçyr të Instaluar"}]