[{"$i":"ok","$v":"У реду"},{"$i":"download-button","$v":"Преузми"},{"$i":"install-button","$v":"Инсталирај"},{"$i":"cancel-button","$v":"Откажи"},{"$i":"download_error","$v":"Грешка при преузимању"},{"$i":"install_error","$v":"Грешка при инсталацији"},{"$i":"err_descriptor_download_failed","$v":"Преузимање није успело због грешке на серверу."},{"$i":"err_bad_descriptor","$v":"Преузимање није успело због грешке на серверу."},{"$i":"err_too_big","$v":"Датотека је превелика за преузимање."},{"$i":"err_unsupported_type","$v":"Ова врста купљеног медија није подржан на Вашем телефону."},{"$i":"err_bad_type","$v":"Преузимање није успело због грешке на серверу."},{"$i":"err_content_download_failed","$v":"Преузимање није успело због грешке на серверу."},{"$i":"err_bad_drm_message","$v":"Преузимање није успело због грешке на серверу."},{"$i":"err_bad_image","$v":"Преузета слика не може бити приказана на овом уређају."},{"$i":"err_bad_audio","$v":"Преузета датотека не може бити приказана на овом уређају."},{"$i":"err_no_space","$v":"Нема довољно места на Вашем уређају да би се могла сачувати ова песма."},{"$i":"err_no_sdcard","$v":"Песма се не може сачувати јер нема меморијске картице."},{"$i":"err_sdcard_in_use","$v":"Песма се не може сачувати јер је меморијска картица тренутно у употреби. Ископчајте телефон и покушајте поново да преузмете песму."},{"$i":"err_ds_save_failure","$v":"Грешка током чувања мултимедијалне датотеке."},{"$i":"err_db_store_failure","$v":"Грешка током чувања мултимедијалне датотеке."},{"$i":"success_song","$v":"Песма је преузета и инсталирана. Да би је преслушали, покрените апликацију Музика."},{"$i":"success_ringtone","$v":"Мелодија је преузета и инсталирана."},{"$i":"success_wallpaper","$v":"Позадинска слика је преузета и инсталирана."},{"$i":"ringtone-or-song-question","$v":"Да ли желите да инсталирате ову аудио датотеку као песму или као мелодију?"},{"$i":"ringtone-response","$v":"Мелодију"},{"$i":"song-response","$v":"Песму"},{"$i":"download-confirmation-title-song","$v":"Преузети песму?"},{"$i":"download-confirmation-title-ringtone","$v":"Преузети мелодију?"},{"$i":"download-confirmation-title-wallpaper","$v":"Преузети позадинску слику?"},{"$i":"downloading-song","$v":"Преузимање песме…"},{"$i":"downloading-ringtone","$v":"Преузимање мелодије…"},{"$i":"downloading-wallpaper","$v":"Преузимање позадинске слике…"},{"$i":"locked-content-advisory","$v":[{"t":"idOrVar","v":"vendor"}," је закључао ову мултимедијалну датотеку да се не би могла делити са другима или пренети на нови уређај."]},{"$i":"locked-content-advisory-generic","$v":"Продавац је закључао ову мултимедијалну датотеку да се не би могла делити са другима или пренети на нови уређај."},{"$i":"download-confirmation-name","$v":"Назив"},{"$i":"download-confirmation-type","$v":"Врста"},{"$i":"download-confirmation-size","$v":"Величина"},{"$i":"download-confirmation-vendor","$v":"Продавац"},{"$i":"download-confirmation-description","$v":"Информације"},{"$i":"download-progress-title","$v":"Преузимање"},{"$i":"preview-image-title","$v":"Преглед слике"},{"$i":"preview-audio-title","$v":"Преглед аудиa"},{"$i":"byteUnit-B","$v":"бајта"},{"$i":"byteUnit-KB","$v":"KB"},{"$i":"byteUnit-MB","$v":"MB"},{"$i":"byteUnit-GB","$v":"GB"},{"$i":"done","$v":"Завршено"},{"$i":"pick-ringtone","$v":"Изабери мелодију"},{"$i":"pick-wallpaper","$v":"Изабери позадинску слику"},{"$i":"no-installed-ringtones","$v":"Нема инсталираних закључаних мелодија"},{"$i":"no-installed-wallpaper","$v":"Нема инсталираних закључаних позадинских слика"}]