[{"$i":"ok","$v":"U redu"},{"$i":"download-button","$v":"Preuzmi"},{"$i":"install-button","$v":"Instaliraj"},{"$i":"cancel-button","$v":"Otkaži"},{"$i":"download_error","$v":"Greška pri preuzimanju"},{"$i":"install_error","$v":"Greška pri instalaciji"},{"$i":"err_descriptor_download_failed","$v":"Preuzimanje nije uspelo zbog greške na serveru."},{"$i":"err_bad_descriptor","$v":"Preuzimanje nije uspelo zbog greške na serveru."},{"$i":"err_too_big","$v":"Datoteka je prevelika za preuzimanje."},{"$i":"err_unsupported_type","$v":"Ova vrsta kupljenog medija nije podržan na Vašem telefonu."},{"$i":"err_bad_type","$v":"Preuzimanje nije uspelo zbog greške na serveru."},{"$i":"err_content_download_failed","$v":"Preuzimanje nije uspelo zbog greške na serveru."},{"$i":"err_bad_drm_message","$v":"Preuzimanje nije uspelo zbog greške na serveru."},{"$i":"err_bad_image","$v":"Preuzeta slika ne može biti prikazana na ovom uređaju."},{"$i":"err_bad_audio","$v":"Preuzeta datoteka ne može biti prikazana na ovom uređaju."},{"$i":"err_no_space","$v":"Nema dovoljno mesta na Vašem uređaju da bi se mogla sačuvati ova pesma."},{"$i":"err_no_sdcard","$v":"Pesma se ne može sačuvati jer nema memorijske kartice."},{"$i":"err_sdcard_in_use","$v":"Pesma se ne može sačuvati jer je memorijska kartica trenutno u upotrebi. Iskopčajte telefon i pokušajte ponovo da preuzmete pesmu."},{"$i":"err_ds_save_failure","$v":"Greška tokom čuvanja multimedijalne datoteke."},{"$i":"err_db_store_failure","$v":"Greška tokom čuvanja multimedijalne datoteke."},{"$i":"success_song","$v":"Pesma je preuzeta i instalirana. Da bi je preslušali, pokrenite aplikaciju Muzika."},{"$i":"success_ringtone","$v":"Melodija je preuzeta i instalirana."},{"$i":"success_wallpaper","$v":"Pozadinska slika je preuzeta i instalirana."},{"$i":"ringtone-or-song-question","$v":"Da li želite da instalirate ovu audio datoteku kao pesmu ili kao melodiju?"},{"$i":"ringtone-response","$v":"Melodiju"},{"$i":"song-response","$v":"Pesmu"},{"$i":"download-confirmation-title-song","$v":"Preuzeti pesmu?"},{"$i":"download-confirmation-title-ringtone","$v":"Preuzeti melodiju?"},{"$i":"download-confirmation-title-wallpaper","$v":"Preuzeti pozadinsku sliku?"},{"$i":"downloading-song","$v":"Preuzimanje pesme…"},{"$i":"downloading-ringtone","$v":"Preuzimanje melodije…"},{"$i":"downloading-wallpaper","$v":"Preuzimanje pozadinske slike…"},{"$i":"locked-content-advisory","$v":[{"t":"idOrVar","v":"vendor"}," je zaključao ovu multimedijalnu datoteku da se ne bi mogla deliti sa drugima ili preneti na novi uređaj."]},{"$i":"locked-content-advisory-generic","$v":"Prodavac je zaključao ovu multimedijalnu datoteku da se ne bi mogla deliti sa drugima ili preneti na novi uređaj."},{"$i":"download-confirmation-name","$v":"Naziv"},{"$i":"download-confirmation-type","$v":"Vrsta"},{"$i":"download-confirmation-size","$v":"Veličina"},{"$i":"download-confirmation-vendor","$v":"Prodavac"},{"$i":"download-confirmation-description","$v":"Informacije"},{"$i":"download-progress-title","$v":"Preuzimanje"},{"$i":"preview-image-title","$v":"Pregled slike"},{"$i":"preview-audio-title","$v":"Pregled audia"},{"$i":"byteUnit-B","$v":"bajta"},{"$i":"byteUnit-KB","$v":"KB"},{"$i":"byteUnit-MB","$v":"MB"},{"$i":"byteUnit-GB","$v":"GB"},{"$i":"done","$v":"Završeno"},{"$i":"pick-ringtone","$v":"Izaberi melodiju"},{"$i":"pick-wallpaper","$v":"Izaberi pozadinsku sliku"},{"$i":"no-installed-ringtones","$v":"Nema instaliranih zaključanih melodija"},{"$i":"no-installed-wallpaper","$v":"Nema instaliranih zaključanih pozadinskih slika"}]