[{"$i":"ok","$v":"OK"},{"$i":"download-button","$v":"Hämta"},{"$i":"install-button","$v":"Installera"},{"$i":"cancel-button","$v":"Avbryt"},{"$i":"download_error","$v":"Hämtningsfel"},{"$i":"install_error","$v":"Installationsfel"},{"$i":"err_descriptor_download_failed","$v":"Hämtningen misslyckades på grund av ett serverfel."},{"$i":"err_bad_descriptor","$v":"Hämtningen misslyckades på grund av ett serverfel."},{"$i":"err_too_big","$v":"Filen är för stor för att hämta."},{"$i":"err_unsupported_type","$v":"Denna typ av köpt media stöds inte av telefonen."},{"$i":"err_bad_type","$v":"Hämtningen misslyckades på grund av ett serverfel."},{"$i":"err_content_download_failed","$v":"Hämtningen misslyckades på grund av ett serverfel."},{"$i":"err_bad_drm_message","$v":"Hämtningen misslyckades på grund av ett serverfel."},{"$i":"err_bad_image","$v":"Den nedladdade bilden kan inte visas på enheten."},{"$i":"err_bad_audio","$v":"Den nedladdade filen kan inte spelas på enheten."},{"$i":"err_no_space","$v":"Det finns inte tillräckligt med lagringsutrymme på enheten för att spara den här låten."},{"$i":"err_no_sdcard","$v":"Kan inte spara låten eftersom det inte finns något minneskort."},{"$i":"err_sdcard_in_use","$v":"Kan inte spara låten eftersom minneskortet är i bruk. Koppla ur telefonen och försök hämta igen."},{"$i":"err_ds_save_failure","$v":"Fel vid sparande av mediefil."},{"$i":"err_db_store_failure","$v":"Fel vid sparande av mediefil."},{"$i":"success_song","$v":"Låten hämtad och installerad. Använd appen Musik för att spela den."},{"$i":"success_ringtone","$v":"Ringsignal hämtad och installerad."},{"$i":"success_wallpaper","$v":"Bakgrundsbild hämtad och installerad."},{"$i":"ringtone-or-song-question","$v":"Vill du installera denna ljudfil som en låt eller som ringsignal?"},{"$i":"ringtone-response","$v":"Ringsignal"},{"$i":"song-response","$v":"Låt"},{"$i":"download-confirmation-title-song","$v":"Hämta låten?"},{"$i":"download-confirmation-title-ringtone","$v":"Hämta ringsignalen?"},{"$i":"download-confirmation-title-wallpaper","$v":"Hämta bakgrundsbild?"},{"$i":"downloading-song","$v":"Hämtar låt…"},{"$i":"downloading-ringtone","$v":"Hämtar ringsignal…"},{"$i":"downloading-wallpaper","$v":"Hämtar bakgrundsbild…"},{"$i":"locked-content-advisory","$v":[{"t":"idOrVar","v":"vendor"}," har låst mediefilen så att den inte kan delas med andra eller överföras till en ny enhet."]},{"$i":"locked-content-advisory-generic","$v":"Säljaren har låst mediefilen så att den inte kan delas med andra eller överföras till en ny enhet."},{"$i":"download-confirmation-name","$v":"Namn"},{"$i":"download-confirmation-type","$v":"Typ"},{"$i":"download-confirmation-size","$v":"Storlek"},{"$i":"download-confirmation-vendor","$v":"Säljare"},{"$i":"download-confirmation-description","$v":"Info"},{"$i":"download-progress-title","$v":"Hämtar"},{"$i":"preview-image-title","$v":"Förhandsgranska bild"},{"$i":"preview-audio-title","$v":"Förhandsgranska ljud"},{"$i":"byteUnit-B","$v":"bytes"},{"$i":"byteUnit-KB","$v":"kB"},{"$i":"byteUnit-MB","$v":"MB"},{"$i":"byteUnit-GB","$v":"GB"},{"$i":"done","$v":"Klar"},{"$i":"pick-ringtone","$v":"Välj ringsignal"},{"$i":"pick-wallpaper","$v":"Välj bakgrundsbild"},{"$i":"no-installed-ringtones","$v":"Inga låsta ringsignaler installerade"},{"$i":"no-installed-wallpaper","$v":"Inga låsta bakgrundsbilder installerade"}]