[{"$i":"ok","$v":"Tamam"},{"$i":"download-button","$v":"İndir"},{"$i":"install-button","$v":"Yükle"},{"$i":"cancel-button","$v":"İptal"},{"$i":"download_error","$v":"İndirme Hatası"},{"$i":"install_error","$v":"Kurulum Hatası"},{"$i":"err_descriptor_download_failed","$v":"Sunucu hatası sebebiyle indirme başarısız oldu."},{"$i":"err_bad_descriptor","$v":"Sunucu hatası sebebiyle indirme başarısız oldu."},{"$i":"err_too_big","$v":"Dosya indirilemeyecek kadar büyük."},{"$i":"err_unsupported_type","$v":"Satın alınabilen bu medya türü telefonunuzda desteklenmiyor."},{"$i":"err_bad_type","$v":"Sunucu hatası sebebiyle indirme başarısız oldu."},{"$i":"err_content_download_failed","$v":"Sunucu hatası sebebiyle indirme başarısız oldu."},{"$i":"err_bad_drm_message","$v":"Sunucu hatası sebebiyle indirme başarısız oldu."},{"$i":"err_bad_image","$v":"İndirilen resim bu cihazda görüntülenemiyor."},{"$i":"err_bad_audio","$v":"İndirilen dosya bu aygıtta oynatılamaz."},{"$i":"err_no_space","$v":"Aygıtınızda bu şarkıyı kaydetmeye yedecek kadar yer yok."},{"$i":"err_no_sdcard","$v":"Bellek kartı olmadığı için şarkı kaydedilemiyor."},{"$i":"err_sdcard_in_use","$v":"Bellek kartı kullanımda olduğu için şarkı kaydedilemiyor. Telefonunuzun kablosunu söküp tekrar indirmeyi deneyin."},{"$i":"err_ds_save_failure","$v":"Medya dosyası kaydetme hatası."},{"$i":"err_db_store_failure","$v":"Medya dosyası kaydetme hatası."},{"$i":"success_song","$v":"Şarkı indirildi ve yüklendi. Dinlemek için Müzik uygulamasını kullanın."},{"$i":"success_ringtone","$v":"Zil sesi indirildi ve yüklendi."},{"$i":"success_wallpaper","$v":"Duvar kâğıdı indirildi ve yüklendi."},{"$i":"ringtone-or-song-question","$v":"Bu ses dosyasını şarkı veya zil sesi olarak yüklemek istiyor musunuz?"},{"$i":"ringtone-response","$v":"Zil sesi"},{"$i":"song-response","$v":"Şarkı"},{"$i":"download-confirmation-title-song","$v":"Şarkı indirilsin mi?"},{"$i":"download-confirmation-title-ringtone","$v":"Zil sesi indirilsin mi?"},{"$i":"download-confirmation-title-wallpaper","$v":"Duvar kâğıdı indirilsin mi?"},{"$i":"downloading-song","$v":"Şarkı indiriliyor…"},{"$i":"downloading-ringtone","$v":"Zil sesi indiriliyor…"},{"$i":"downloading-wallpaper","$v":"Duvar kâğıdı indiriliyor…"},{"$i":"locked-content-advisory","$v":["Bu medya dosyası ",{"t":"idOrVar","v":"vendor"}," tarafından kilitlendiği için başkalarıyla paylaşılamaz veya başka bir aygıta aktarılamaz."]},{"$i":"locked-content-advisory-generic","$v":"Bu medya dosyası satıcı tarafından kilitlendiği için başkalarıyla paylaşılamaz veya başka bir aygıta aktarılamaz."},{"$i":"download-confirmation-name","$v":"Ad"},{"$i":"download-confirmation-type","$v":"Tür"},{"$i":"download-confirmation-size","$v":"Boyut"},{"$i":"download-confirmation-vendor","$v":"Sağlayıcı"},{"$i":"download-confirmation-description","$v":"Bilgi"},{"$i":"download-progress-title","$v":"İndiriliyor"},{"$i":"preview-image-title","$v":"Resmi ön izle"},{"$i":"preview-audio-title","$v":"Sesi ön izle"},{"$i":"byteUnit-B","$v":"bayt"},{"$i":"byteUnit-KB","$v":"KB"},{"$i":"byteUnit-MB","$v":"MB"},{"$i":"byteUnit-GB","$v":"GB"},{"$i":"done","$v":"Bitti"},{"$i":"pick-ringtone","$v":"Zil sesi seçin"},{"$i":"pick-wallpaper","$v":"Duvar kâğıdı seçin"},{"$i":"no-installed-ringtones","$v":"Hiç kilitli zil sesi yüklenmemiş"},{"$i":"no-installed-wallpaper","$v":"Hiç kilitli duvar kâğıdı yüklenmemiş"}]