[{"$i":"ok","$v":"确定"},{"$i":"download-button","$v":"下载"},{"$i":"install-button","$v":"安装"},{"$i":"cancel-button","$v":"取消"},{"$i":"download_error","$v":"下载错误"},{"$i":"install_error","$v":"安装错误"},{"$i":"err_descriptor_download_failed","$v":"因为服务器出错，下载失败。"},{"$i":"err_bad_descriptor","$v":"因为服务器出错，下载失败。"},{"$i":"err_too_big","$v":"文件太大，无法下载"},{"$i":"err_unsupported_type","$v":"您的手机不支持已购买的此类型媒体。"},{"$i":"err_bad_type","$v":"因为服务器出错，下载失败。"},{"$i":"err_content_download_failed","$v":"因为服务器出错，下载失败。"},{"$i":"err_bad_drm_message","$v":"因为服务器出错，下载失败。"},{"$i":"err_bad_image","$v":"已下载的这个图片无法在此设备上显示。"},{"$i":"err_bad_audio","$v":"已下载的这个文件无法在此设备上播放。"},{"$i":"err_no_space","$v":"您的设备上没有足够的存储空间以保存此歌曲。"},{"$i":"err_no_sdcard","$v":"由于没有存储卡，无法保存歌曲。"},{"$i":"err_sdcard_in_use","$v":"存储卡正在使用因而无法保存歌曲，拔出手机后再尝试下载。"},{"$i":"err_ds_save_failure","$v":"保存媒体文件时出错。"},{"$i":"err_db_store_failure","$v":"保存媒体文件时出错。"},{"$i":"success_song","$v":"已下载并安置歌曲。使用“音乐”应用播放。"},{"$i":"success_ringtone","$v":"已下载并安装铃声。"},{"$i":"success_wallpaper","$v":"已下载并安装壁纸。"},{"$i":"ringtone-or-song-question","$v":"您想安装此音频文件为一首歌曲或铃声吗？"},{"$i":"ringtone-response","$v":"铃声"},{"$i":"song-response","$v":"歌曲"},{"$i":"download-confirmation-title-song","$v":"下载歌曲？"},{"$i":"download-confirmation-title-ringtone","$v":"下载铃声？"},{"$i":"download-confirmation-title-wallpaper","$v":"下载壁纸？"},{"$i":"downloading-song","$v":"正在下载歌曲…"},{"$i":"downloading-ringtone","$v":"正在下载铃声…"},{"$i":"downloading-wallpaper","$v":"正在下载壁纸…"},{"$i":"locked-content-advisory","$v":[{"t":"idOrVar","v":"vendor"}," 已经锁定了这个媒体文件，因而它不能分享给其他人或者传输到新的设备上。"]},{"$i":"locked-content-advisory-generic","$v":"销售者已经锁定了这个媒体文件，因而它不能分享给其他人或者传输到新的设备上。"},{"$i":"download-confirmation-name","$v":"名称"},{"$i":"download-confirmation-type","$v":"类型"},{"$i":"download-confirmation-size","$v":"大小"},{"$i":"download-confirmation-vendor","$v":"厂商"},{"$i":"download-confirmation-description","$v":"信息"},{"$i":"download-progress-title","$v":"下载中"},{"$i":"preview-image-title","$v":"预览图片"},{"$i":"preview-audio-title","$v":"预览音频"},{"$i":"byteUnit-B","$v":"字节"},{"$i":"byteUnit-KB","$v":"kB"},{"$i":"byteUnit-MB","$v":"MB"},{"$i":"byteUnit-GB","$v":"GB"},{"$i":"done","$v":"完成"},{"$i":"pick-ringtone","$v":"选择铃声"},{"$i":"pick-wallpaper","$v":"选择壁纸"},{"$i":"no-installed-ringtones","$v":"未安装锁定时的铃声"},{"$i":"no-installed-wallpaper","$v":"未安装锁定时的壁纸"}]