[{"$i":"ok","$v":"確定"},{"$i":"download-button","$v":"下載"},{"$i":"install-button","$v":"安裝"},{"$i":"cancel-button","$v":"取消"},{"$i":"download_error","$v":"下載錯誤"},{"$i":"install_error","$v":"安裝錯誤"},{"$i":"err_descriptor_download_failed","$v":"因為伺服器錯誤，下載失敗。"},{"$i":"err_bad_descriptor","$v":"因為伺服器錯誤，下載失敗。"},{"$i":"err_too_big","$v":"檔案太大，無法下載。"},{"$i":"err_unsupported_type","$v":"您的手機不支援此類型的已購買媒體。"},{"$i":"err_bad_type","$v":"因為伺服器錯誤，下載失敗。"},{"$i":"err_content_download_failed","$v":"因為伺服器錯誤，下載失敗。"},{"$i":"err_bad_drm_message","$v":"因為伺服器錯誤，下載失敗。"},{"$i":"err_bad_image","$v":"已下載的圖片無法在此裝置上顯示。"},{"$i":"err_bad_audio","$v":"已下載的檔案無法在此裝置上播放。"},{"$i":"err_no_space","$v":"您的裝置上沒有足夠的儲存空間可儲存此歌曲。"},{"$i":"err_no_sdcard","$v":"由於沒有記憶卡，無法儲存歌曲。"},{"$i":"err_sdcard_in_use","$v":"由於記憶卡正在使用中，無法儲存歌曲。請拔除手機傳輸線並重新下載。"},{"$i":"err_ds_save_failure","$v":"儲存媒體檔案時發生錯誤。"},{"$i":"err_db_store_failure","$v":"儲存媒體檔案時發生錯誤。"},{"$i":"success_song","$v":"已下載安裝歌曲。使用音樂應用程式播放。"},{"$i":"success_ringtone","$v":"已下載安裝鈴聲。"},{"$i":"success_wallpaper","$v":"已下載安裝桌面背景。"},{"$i":"ringtone-or-song-question","$v":"您將要將此音樂檔案儲存為歌曲或鈴聲？"},{"$i":"ringtone-response","$v":"鈴聲"},{"$i":"song-response","$v":"歌曲"},{"$i":"download-confirmation-title-song","$v":"下載歌曲？"},{"$i":"download-confirmation-title-ringtone","$v":"下載鈴聲？"},{"$i":"download-confirmation-title-wallpaper","$v":"下載桌面背景？"},{"$i":"downloading-song","$v":"正在下載歌曲…"},{"$i":"downloading-ringtone","$v":"正在下載鈴聲…"},{"$i":"downloading-wallpaper","$v":"正在下載桌面背景…"},{"$i":"locked-content-advisory","$v":[{"t":"idOrVar","v":"vendor"}," 已鎖定此媒體檔案，您不能與其他人分享，或將其轉移至新裝置。"]},{"$i":"locked-content-advisory-generic","$v":"您的手機廠商已鎖定此媒體檔案，您不能與其他人分享，或將其轉移至新裝置。"},{"$i":"download-confirmation-name","$v":"名稱"},{"$i":"download-confirmation-type","$v":"類型"},{"$i":"download-confirmation-size","$v":"大小"},{"$i":"download-confirmation-vendor","$v":"廠商"},{"$i":"download-confirmation-description","$v":"資訊"},{"$i":"download-progress-title","$v":"下載中"},{"$i":"preview-image-title","$v":"預覽圖片"},{"$i":"preview-audio-title","$v":"預覽音訊"},{"$i":"byteUnit-B","$v":"位元組"},{"$i":"byteUnit-KB","$v":"KB"},{"$i":"byteUnit-MB","$v":"MB"},{"$i":"byteUnit-GB","$v":"GB"},{"$i":"done","$v":"完成"},{"$i":"pick-ringtone","$v":"選擇鈴聲"},{"$i":"pick-wallpaper","$v":"選擇桌面背景"},{"$i":"no-installed-ringtones","$v":"未安裝已鎖定的鈴聲"},{"$i":"no-installed-wallpaper","$v":"未安裝已鎖定的桌面背景"}]