[{"$i":"close","$v":"أغلق"},{"$i":"import","$v":"استورد"},{"$i":"update","$v":"حدّث"},{"$i":"fbFriends","$v":"أصدقاء فيس‌بوك"},{"$i":"live-serviceName","$v":"Outlook"},{"$i":"gmail-serviceName","$v":"Gmail"},{"$i":"facebook-serviceName","$v":"أصدقاء فيس‌بوك"},{"$i":"selectAll","$v":"اختر الكل"},{"$i":"deselectAll","$v":"أزل اختيار الكلّ"},{"$i":"viewAll","$v":"اعرض كل أصدقاء فيس‌بوك"},{"$i":"viewRecommend","$v":"اعرض الموصى بهم فقط"},{"$i":"linkProposal","$v":{"zero":"لا أصدقاء مطابقين للبحث، يظهر الكلّ الآن.","one":"اختر الموصى به","two":"اختر واحدًا موصى به","few":"اختر واحدًا موصى به","many":"اختر واحدًا موصى به","other":"اختر واحدًا موصى به"},"$x":[{"t":"idOrVar","v":"plural"},"numFriends"]},{"$i":"fbFriendsFound","$v":{"zero":"تم استيراد جميع اصدقائك","one":"تم إيجاد صديق واحد للاستيراد","two":["تم العثور على ",{"t":"idOrVar","v":"numFriends"}," اصدقاء للاستيراد"],"few":["وُجِد ",{"t":"idOrVar","v":"numFriends"}," أصدقاء يستوردون"],"many":["وُجِد ",{"t":"idOrVar","v":"numFriends"}," صديقًا يستوردون"],"other":["وُجِد ",{"t":"idOrVar","v":"numFriends"}," صديقٍ يستوردون"]},"$x":[{"t":"idOrVar","v":"plural"},"numFriends"]},{"$i":"fbNoFriends","$v":"لا جهات اتصال يمكن استيرادها"},{"$i":"facebook","$v":"الفيسبوك"},{"$i":"search-contact","placeholder":"ابحث"},{"$i":"noResults","$v":"لم يتم العثور على جهة اتصال"},{"$i":"done-search","$v":"تم"},{"$i":"progressFB3ImportTitle","$v":"يستورد أسماء الأصدقاء إلى جهات الاتصال"},{"$i":"progressFB","$v":[{"t":"idOrVar","v":"current"},"/",{"t":"idOrVar","v":"total"}]},{"$i":"progressFB3UpdateTitle","$v":"يُحدّث أسماء الأصدقاء في جهات الاتصال"},{"$i":"message2","$v":"قد يستغرق هذا بضعة دقائق"},{"$i":"messageLinking","$v":"انتظر قليلاً، نقوم بربط الأصدقاء بجهات الاتصال."},{"$i":"messageCanceling","$v":"انتظر قليلاً، نقوم بإلغاء العملية الجارية."},{"$i":"error1","$v":["خطأ ",{"t":"idOrVar","v":"from"}]},{"$i":"error2","$v":"هل تريد المحاولة مرة أخرى؟"},{"$i":"errorProposal","$v":"جارِ حساب المقترحات"},{"$i":"errorFriends","$v":"يجلب قائمة الأصدقاء"},{"$i":"errorLinking","$v":"يربط جهة الاتصال"},{"$i":"timeout1","$v":["تُخطِّيَت المهلة ",{"t":"idOrVar","v":"from"}]},{"$i":"timeout2","$v":"هل تريد المحاولة مرة أخرى؟"},{"$i":"timeoutProposal","$v":"يُحصي الاقتراحات"},{"$i":"timeoutFriends","$v":"يجلب قائمة الأصدقاء"},{"$i":"timeoutLinking","$v":"يربط جهات الاتصال"},{"$i":"wait1","$v":"انتظر قليلاً"},{"$i":"wait2","$v":"قد يستغرق هذا بضعة دقائق"},{"$i":"waitProposal","$v":"انتظر قليلاً. نقوم بتقييم الاقتراح."},{"$i":"waitFriends","$v":"انتظر قليلاً، نتّصل لجلب قائمة الأصدقاء."},{"$i":"curtainCancel","$v":"ألغ"},{"$i":"curtainRetry","$v":"حاول ثانية"},{"$i":"curtainOK","$v":"موافق"},{"$i":"connectionLost","$v":"لا يوجد اتصال بالانترنت"},{"$i":"connectionLostMsg","$v":"لن تضاف صور الأصدقاء إلى جهات الاتصال لديك. هل نتابع؟"},{"$i":"yesOption","$v":"موافق"},{"$i":"noOption","$v":"ألغ"},{"$i":"friendsUpdated","$v":{"zero":"لم يُحدّث أيّ صديق","one":"حُدِّث صديق واحد","two":"حُدِّث صديقان","few":["حُدِّث ",{"t":"idOrVar","v":"numFriends"}," أصدقاء"],"many":["حُدِّث ",{"t":"idOrVar","v":"numFriends"}," صديقًا"],"other":["حُدِّث ",{"t":"idOrVar","v":"numFriends"}," صديقٍ"]},"$x":[{"t":"idOrVar","v":"plural"},"numFriends"]},{"$i":"friendsMerged","$v":{"zero":"لا يتم إستيراد أي جهات إتصال مكررة","one":"تم إستيراد جهة إتصال مكررة واحدة","two":["تم دمج ",{"t":"idOrVar","v":"numDups"}," جهة اتصال"],"few":["تم دمج ",{"t":"idOrVar","v":"numDups"}," جهات إتصال"],"many":["تم دمج ",{"t":"idOrVar","v":"numDups"}," جهة إتصال"],"other":["تم دمج ",{"t":"idOrVar","v":"numDups"}," جهة إتصال"]},"$x":[{"t":"idOrVar","v":"plural"},"numDups"]},{"$i":"notificationLogin","$v":"جلسة الفيسبوك انتهت. الرجاء تسجيل الدخول."},{"$i":"syncError","$v":"حدث خطأ في تزامن بيانات اصدقائك"},{"$i":"waitDuplicateContacts","$v":"جارِ البحث عن جهات الإتصال المكررة"},{"$i":"waitMergingDuplicateContacts","$v":"دمج جهات الإتصال المكررة"},{"$i":"alertNoDuplicateContacts","$v":"لا توجد جهات إتصال مكررة"},{"$i":"merge","ariaLabel":"ادمج"},{"$i":"mergeDuplicateTitle","$v":"دمج التكرارات"},{"$i":"suggestedDuplicateContacts","$v":["إقتراحات جهات الاتصال المكررة ل ",{"t":"idOrVar","v":"name"}]},{"$i":"mergeActionButtonLabel","$v":{"zero":"لا توجد جهات إتصال محددة","one":"دمج مع جهة إتصال","two":"دمج مع جهتين إتصال","few":["دمج مع ",{"t":"idOrVar","v":"n"}," جهات إتصال"],"many":["دمج مع ",{"t":"idOrVar","v":"n"}," جهة إتصال"],"other":["دمج مع ",{"t":"idOrVar","v":"n"}," جهة إتصال"]},"$x":[{"t":"idOrVar","v":"plural"},"n"]},{"$i":"duplicatesFoundTitle","$v":"عثّر على تكرارات"},{"$i":"duplicatesFoundMessage","$v":[{"t":"idOrVar","v":"name"}," معلومات مكررة في جهات الإتصال التالية"]},{"$i":"ok","$v":"موافق"},{"$i":"gaia-menu-cancel","$v":"ألغِ"},{"$i":"gaia-sim-picker-dial-via-with-number","$v":["إتصل بـ ",{"t":"idOrVar","v":"phoneNumber"}," عبر"]},{"$i":"gaia-sim-picker-select-sim","$v":"إختر الشريحة"},{"$i":"gaia-sim-picker-button","$v":["الشريحة ",{"t":"idOrVar","v":"n"}]},{"$i":"gaia-sim-picker-button-default","$v":"(الأساسيّة)"},{"$i":"call","$v":"مُكالمة"},{"$i":"edit","$v":"تحرير"},{"$i":"cancel","$v":"ألغِ"},{"$i":"done","$v":"تم"},{"$i":"retry","$v":"محاولة مرة أخرى"},{"$i":"contacts","$v":"جهات الاتصال"},{"$i":"addContact","$v":"إضافة جهة اتصال"},{"$i":"deleteContact","$v":"حذف جهة اتصال"},{"$i":"selectContact","$v":"حدد جهة اتصال"},{"$i":"editContact","$v":"تحرير جهة اتصال"},{"$i":"deleteConfirmMsg","$v":"حذف جهة اتصال؟"},{"$i":"remove","$v":"إزالة"},{"$i":"delete","$v":"احذف"},{"$i":"comments","$v":"تعليقات"},{"$i":"no_contact_phones","$v":"جهة الإتصال لا تحتوي رقم هاتف"},{"$i":"no_contact_email","$v":"جهة الإتصال لاتحتوي على بريد إلكتروني"},{"$i":"no_contact_data","$v":"جهة الاتّصال هذه لا تملك رقم هاتف ولا عُنوان بريد إلكتروني"},{"$i":"removePhotoConfirm","$v":"إزالة صورة جهة الاتصال؟"},{"$i":"loadingContacts","$v":"تحميل جهات الاتصال جارٍ..."},{"$i":"noContactsActivity2","$v":"لا يوجد جهات إتصال في قائمة جهات الإتصال الخاصة بك"},{"$i":"noName","$v":"بدون اسم"},{"$i":"givenName","placeholder":"الاسم"},{"$i":"familyName","placeholder":"اللّقب"},{"$i":"tel","placeholder":"رقم الهاتف"},{"$i":"carrier","$v":"شركة الاتّصال","placeholder":"شركة الاتّصال"},{"$i":"separator","$v":"،"},{"$i":"email","$v":"عُنوان البريد الإلكتروني","placeholder":" عُنوان البريد الإلكتروني"},{"$i":"streetAddress","placeholder":"الشّارع"},{"$i":"postalCode","placeholder":"الرّمز البريدي"},{"$i":"locality","placeholder":"المدينة"},{"$i":"countryName","placeholder":"الدّولة"},{"$i":"comment","placeholder":"تعليق"},{"$i":"org","placeholder":"الشّركة"},{"$i":"date","$v":"التّاريخ","placeholder":"التّاريخ"},{"$i":"date-span-placeholder","$v":"التّاريخ"},{"$i":"birthday","$v":"تاريخ الميلاد"},{"$i":"dateFormat","$v":"%B %e"},{"$i":"dateOutput","$v":[{"t":"idOrVar","v":"dayMonthFormatted"}," ",{"t":"idOrVar","v":"year"}]},{"$i":"anniversary","$v":"الذّكرى السّنوية"},{"$i":"addPhoto","$v":"أضف صورة"},{"$i":"addPhone","$v":"أضف رقم هاتف"},{"$i":"addEmail","$v":"أضف عنوان بريد إلكتروني"},{"$i":"addAddress","$v":"أضف عنوانًا"},{"$i":"addDate","$v":"أضف تاريخًا"},{"$i":"addComment","$v":"إضافة ملاحظة"},{"$i":"addFavorite","$v":"أضف إلى المُفضّلة"},{"$i":"removeFavorite","$v":"أزل من المُفضّلة"},{"$i":"addButton","ariaLabel":"أضف"},{"$i":"editButton","ariaLabel":"حرّر"},{"$i":"settingsButton","ariaLabel":"إعدادات"},{"$i":"phoneDetail","ariaLabel":"الهاتف"},{"$i":"emailDetail","ariaLabel":"البريد الإلكتروني"},{"$i":"addressDetail","ariaLabel":"العُنوان"},{"$i":"dateDetail","ariaLabel":"التّاريخ"},{"$i":"composeEmail","ariaLabel":"البريد الإلكتروني"},{"$i":"makeCall","ariaLabel":"مُكالمة"},{"$i":"phones","ariaLabel":"الهواتف"},{"$i":"emails","ariaLabel":"البريد الإلكتروني"},{"$i":"addresses","ariaLabel":"العناوين"},{"$i":"dates","ariaLabel":"التّواريخ"},{"$i":"notes","ariaLabel":"مُلاحظات"},{"$i":"exit","$v":"خروج"},{"$i":"expand","$v":"توسيع"},{"$i":"labelName","$v":"الاسم:"},{"$i":"labelLastName","$v":"اسم العائلة:"},{"$i":"labelPhoneNumber","$v":"رقم الهاتف:"},{"$i":"labelCarrier","$v":"الجوَّال:"},{"$i":"labelEmail","$v":"البريد الإلكتروني:"},{"$i":"labelStreet","$v":"الشارع:"},{"$i":"labelZip","$v":"الرمز البريدي:"},{"$i":"labelCity","$v":"المدينة:"},{"$i":"labelCountry","$v":"البلد:"},{"$i":"labelComment","$v":"ملاحظة:"},{"$i":"legendTitleMain","$v":"معلومات أساسية"},{"$i":"legendPhones","$v":"أرقام الهاتف"},{"$i":"legendEmail","$v":"البريد الإلكتروني"},{"$i":"legendAddress","$v":"العنوان"},{"$i":"transferContactsTitle","$v":"نقل جهات الاتصال"},{"$i":"importContactsTitle","$v":"إستورد جهات الإتصال"},{"$i":"importContactsButton","$v":"إستيراد جهات الإتصال"},{"$i":"exportContactsTitle","$v":"تصدير جهات الإتصال"},{"$i":"exportContactsButton","$v":"تصدير جهات الإتصال"},{"$i":"exportContactsAction","$v":"تصدير"},{"$i":"simExport-title","$v":"تصدير إلى SIM"},{"$i":"memoryCardExport-title","$v":"صدِّر إلى بطاقة الذاكرة"},{"$i":"btExport-title","$v":"صدِّر إلى بلوتوث"},{"$i":"memoryCardUMSEnabled","$v":"لا يُمكن استعمال بطاقة الذّاكرة لأن وصلة USB مُفعّلة"},{"$i":"exportErrorTitle","$v":"خطأ في التصدير"},{"$i":"contactsExported2","$v":{"zero":"لم تصدَر جهات الإتصال","one":["تم تصدير",{"t":"idOrVar","v":"exported"},"/",{"t":"idOrVar","v":"total"}," جهة اتصال"],"two":"تم تصدير جهتان اتصال","few":["تم تصدير",{"t":"idOrVar","v":"exported"},"/",{"t":"idOrVar","v":"total"}," جهات اتصال"],"many":["تم تصدير",{"t":"idOrVar","v":"exported"},"/",{"t":"idOrVar","v":"total"}," جهة اتصال"],"other":["تم تصدير",{"t":"idOrVar","v":"exported"},"/",{"t":"idOrVar","v":"total"}," جهة اتصال"]},"$x":[{"t":"idOrVar","v":"plural"},"exported"]},{"$i":"exportError-general","$v":"حدثت بعض الأخطأ أثناء التصدير"},{"$i":"exportError-SD-shared","$v":"لا يمكن الوصول للذاكرة الخارجية لأنها في وضعية المشاركة"},{"$i":"exportError-SD-unavailable","$v":"بطاقة الذاكرة غير متاحة"},{"$i":"exportError-SD-noSpace","$v":"لا توجد مساحة كافية على بطاقة الذاكرة لتصدير جهات الاتصال"},{"$i":"exportError-SIM-unavailable","$v":"بطاقة SIM غير متاحة"},{"$i":"exportError-BT-shared","$v":"لا يمكن الوصول الى بطاقة الذاكرة لأنها في وضعية المشاركة"},{"$i":"exportError-BT-unavailable","$v":"بطاقة الذاكرة غير متاحة"},{"$i":"exportError-BT-noSpace","$v":"لا توجد مساحة كافية على بطاقة الذاكرة لتصدير جهات الاتصال"},{"$i":"social-network","$v":"الشبكات الاجتماعية"},{"$i":"social-link","$v":"ربط جهة اتصال"},{"$i":"social-unlink","$v":"إلغاء ربط جهة الاتصال "},{"$i":"social-unlink-confirm-title","$v":"هل تريد فصل جهة الاتصال بصديقك؟"},{"$i":"social-unlink-confirm-accept","$v":"افصِل"},{"$i":"facebook-import","$v":"إستيراد أصدقاء الفيسبوك"},{"$i":"show-fb-profile","$v":"عرض ملف الفيسبوك"},{"$i":"msg-send","$v":"رسالة"},{"$i":"wall-post","$v":"منشور جداري"},{"$i":"share-contact","$v":"مشاركة جهة اتصال"},{"$i":"facebook-export-forbidden","$v":"لا يمكن مشاركة جهة الاتصال بسبب قيود الفيسبوك"},{"$i":"otherAccount","$v":"حسابات أخرى"},{"$i":"facebookSwitchMsg","$v":"مزامنة الأصدقاء"},{"$i":"select_mobile","$v":"اختر جوٌّال"},{"$i":"select_email","$v":"اختر بريد إلكتروني"},{"$i":"select_recipient","$v":"حَدّد المُستلم"},{"$i":"contactsOrderBy","$v":"ترتيب حسب الإسم الأخير"},{"$i":"importSim2","$v":"بطاقة SIM"},{"$i":"importGmail","$v":"Gmail"},{"$i":"bluetooth","$v":"بلوتوث"},{"$i":"importOutlook","$v":"Outlook"},{"$i":"fbUpdateFriends","$v":"تحديث الاصدقاء المستوردين"},{"$i":"cleaningFbData","$v":"جارِ حذف بيانات الفيسبوك"},{"$i":"loggingOutFb","$v":"جارِ تسجيل الخروج من الفيسبوك"},{"$i":"cleanFbConfirmMsg","$v":"حذف جميع بيانات الفيسبوك؟"},{"$i":"renewPwdMsg","$v":"تم تغيير كلمة سِّر الفيسبوك، الرجاء تحديثها."},{"$i":"notEnabledYet","$v":"غير مُفعَّل حتى الان"},{"$i":"genericNoConnection","$v":"لإستيراد جهات الإتصال قم بالإتصال بشبكة واي فاي أو بشبكة بيانات"},{"$i":"simCard","$v":"بطاقة SIM"},{"$i":"memoryCard","$v":"بطاقة الذاكرة"},{"$i":"simNumberNoMSISDN","$v":["الشريحة ",{"t":"idOrVar","v":"number"},":"]},{"$i":"simNumberWithMSISDN","$v":["شريحة  ",{"t":"idOrVar","v":"number"},":",{"t":"idOrVar","v":"msisdn"}]},{"$i":"ICEContactsGroup","$v":"أرقام حالات الطّوارئ"},{"$i":"setICEButton","$v":"تعيين أرقام حالات الطّوارئ"},{"$i":"ICESettingTitle","$v":"أرقام حالات الطّوارئ"},{"$i":"ICEDescription","$v":"أضف رقمين للاتّصال بهما في حالات الطّوارئ"},{"$i":"ICEContact1","$v":"رقم حالات الطّوارئ الأول"},{"$i":"ICESelectContact","$v":"حدّد شخصًا"},{"$i":"ICEContact2","$v":"جهة الاتّصال الثانية في حالة الطّوارئ"},{"$i":"ICERepeatedContact","$v":"جهة الاتّصال هذه موجودة في قائمة الطوارئ"},{"$i":"ICEUnknownError","$v":"حدث خطأ لدى تعيين جهات الاتّصال في حالة الطّورائ"},{"$i":"ICEContactNoNumber","$v":"جهة الاتّصال هذه لا تمتلك رقم هاتف"},{"$i":"ICEFacebookContactNotAllowed","$v":"جهات الاتصال الخاصة بالفيسبوك لا يمكن إضافتها في قائمة الطوارئ"},{"$i":"ICEContactDelTel","$v":"أرقام الهواتف المحذوفة تم إزالتها من قائمة الطّوارئ"},{"$i":"ICEContactDelTelAll","$v":"تم حذف كل الأرقام. جهة الاتصال هذه تم إزالتها من قائمة الطوارئ."},{"$i":"no-contacts","$v":"لا توجد جهات اتصال"},{"$i":"start-adding","$v":"إبدأ بإضافتهم الآن"},{"$i":"notImported","$v":"لم يتم الإستيراد"},{"$i":"imported","$v":"إستورد"},{"$i":"today","$v":"اليوم"},{"$i":"yesterday","$v":"أمس"},{"$i":"organise-contacts","$v":"تنظيم جهات الإتصال"},{"$i":"find-merge-contacts","$v":"ابحث عن جهات الإتصال المكررة"},{"$i":"preparing-contacts","$v":"جارِ تجهيز جهات الإتصال"},{"$i":"exportError-SIM-NoFreeRecordFound","$v":"بطاقة SIM ممتلئة"},{"$i":"exportError-SIM-CannotAccessPhoneBook","$v":"لا يمكن الوصول إلى دفتر الهاتف في بطاقة SIM"},{"$i":"exportError-SIM-Unavailable","$v":"لم يتم إكتشاف SIM"},{"$i":"exportError-SIM-GenericError","$v":"حدث خطأ أثناء تصدير جهة الإتصال"},{"$i":"noSimMsgExport","$v":"لتصدير جهات الاتصال ادخل او فك قفل بطاقة SIM"},{"$i":"noMemoryCardMsgExport","$v":"لتصدير جهات الإتصال أدخل بطاقة الذاكرة"},{"$i":"ContactManagementTitle","$v":"إدارة جهات الإتصال"},{"$i":"DeleteTitle","$v":"احذف"},{"$i":"bulkDeleteButton","$v":"حذف جهة اتصال"},{"$i":"BulkDelCancel","$v":"الغي حذف جهات الإتصال"},{"$i":"DeletedTxt","$v":{"zero":"لا يوجد جهات إتصال للحذف","one":"جهة إتصال واحده حذفت","two":"تم حذف جهتين إتصال","few":["تم خذف ",{"t":"idOrVar","v":"n"}," جهات إتصال"],"many":["تم حذف ",{"t":"idOrVar","v":"n"}," جهة إتصال"],"other":["تم حذف ",{"t":"idOrVar","v":"n"}," جهة إتصال"]},"$x":[{"t":"idOrVar","v":"plural"},"n"]},{"$i":"DeletingContacts","$v":"حذف جهات  الاتصال"},{"$i":"ContactConfirmDel","$v":{"zero":"لا يوجد جهات إتصال للحذف","one":"حذف جهة إتصال واحدة ؟ هذا لا يمكن التراجع عنه.","two":"أأحذف جهتين إتصال ؟ هذا لايمكن التراجع عنه.","few":["حذف ",{"t":"idOrVar","v":"n"}," جهات إتصال ؟ هذا لايمكن التراجع عنه."],"many":["حذف ",{"t":"idOrVar","v":"n"}," جهة إتصال ؟ هذا لايمكن التراجع عنه."],"other":["حذف ",{"t":"idOrVar","v":"n"}," جهة إتصال ؟ هذا لايمكن التراجع عنه."]},"$x":[{"t":"idOrVar","v":"plural"},"n"]},{"$i":"SelectedTxt","$v":{"zero":"جهات الاتصال","one":[{"t":"idOrVar","v":"n"}," محدد"],"two":[{"t":"idOrVar","v":"n"}," محدد"],"few":[{"t":"idOrVar","v":"n"}," محدد"],"many":[{"t":"idOrVar","v":"n"}," محدد"],"other":[{"t":"idOrVar","v":"n"}," محدد"]},"$x":[{"t":"idOrVar","v":"plural"},"n"]},{"$i":"video","$v":"ڤيديو"},{"$i":"audio","$v":"مقطع صوتي"},{"$i":"pick_destination","$v":[{"t":"idOrVar","v":"destination"}," ",{"t":"idOrVar","v":"carrier"}]},{"$i":"removeField","ariaLabel":"إزَالة"},{"$i":"undo","ariaLabel":"تراجع"},{"$i":"send-sms-button","ariaLabel":"رسالة قصيرة"},{"$i":"ice_contacts","$v":"جهات إتصال قائمة الطوارئ"},{"$i":"edit-picture","$v":"حرِّر الصورة"},{"$i":"remove-photo","$v":"أزل الصّورة"},{"$i":"change-photo","$v":"غيّر الصّورة"},{"$i":"photo-options","$v":"خيارات الصورة"},{"$i":"vCardContacts-imported","$v":{"zero":"No contacts imported","one":"Imported one contact","two":["Imported ",{"t":"idOrVar","v":"n"}," contacts"],"few":["Imported ",{"t":"idOrVar","v":"n"}," contacts"],"many":["Imported ",{"t":"idOrVar","v":"n"}," contacts"],"other":["Imported ",{"t":"idOrVar","v":"n"}," contacts"]},"$x":[{"t":"idOrVar","v":"plural"},"n"]},{"$i":"voiceMail","$v":"بريد صوتي"},{"$i":"back","$v":"للخلف"},{"$i":"noSimMsg","$v":"لإدخال جهات الإتصال أدخل او إفتح بطاقة SIM"},{"$i":"noMemoryCardMsg","$v":"لإدخال جهات الإتصال أدخل بطاقة الذاكرة"},{"$i":"importMemoryCard","$v":"بطاقة الذاكرة"},{"$i":"noConnection11","$v":"لإدخال أصدقاء الفيسبوك او جهات الإتصال إتصل بالشبكة عن طريق WIFI أو حزم بيانات الشبكة"},{"$i":"emptyAccount","$v":"لا يُوجد أصدقاء أو جهات اتصال في هذا الحساب."},{"$i":"simContacts-import","$v":"استيراد جهات الاتصال من ال SIM"},{"$i":"simContacts-importing","$v":"جارِ استيراد جهات الاتصال من ال SIM ..."},{"$i":"simContacts-reading","$v":"جارِ القراءة من ال SIM ..."},{"$i":"simContacts-error","$v":"لا يمكن استيراد جهات الاتصال من ال SIM .. "},{"$i":"simContacts-imported3","$v":{"zero":"لم يتم العثور على جهات اتصال عل ال SIM ليتم استيرادها .. ","one":"تم استيراد جهة اتصال واحدة ","two":"تم استيراد جهتان اتصال","few":["تم استيراد ",{"t":"idOrVar","v":"n"}," جهات اتصال "],"many":["تم استيراد ",{"t":"idOrVar","v":"n"}," جهة اتصال "],"other":["تم استيراد ",{"t":"idOrVar","v":"n"}," جهة اتصال "]},"$x":[{"t":"idOrVar","v":"plural"},"n"]},{"$i":"memoryCardContacts-import","$v":"استورد جهات الاتصال من بطاقة الذاكرة"},{"$i":"memoryCardContacts-importing","$v":"جارِ استيراد جهات الاتصال من بطاقة الذاكرة..."},{"$i":"memoryCardContacts-reading","$v":"يتم القراءة من بطاقة الذاكرة..."},{"$i":"memoryCardContacts-error","$v":"لم يتم استيراد أي جهة اتصال من بطاقة الذاكرة"},{"$i":"memoryCardContacts-imported3","$v":{"zero":"لم يتم العثور على أي جهة اتصال على بطاقة الذاكرة للاستيراد","one":"تم استيراد جهة اتصال واحدة","two":"تم استيراد جهتان اتصال","few":["تم استيراد ",{"t":"idOrVar","v":"n"}," جهات اتصال "],"many":["تم إستيراد ",{"t":"idOrVar","v":"n"}," جهات إتصال"],"other":["تم إستيراد ",{"t":"idOrVar","v":"n"}," جهة إتصال"]},"$x":[{"t":"idOrVar","v":"plural"},"n"]},{"$i":"genericProgress","$v":[{"t":"idOrVar","v":"current"},"/",{"t":"idOrVar","v":"total"}]},{"$i":"facebook-import-msg2","$v":[{"t":"idOrVar","v":"imported"},"/",{"t":"idOrVar","v":"total"}," أصدقاء تم استيرادهم"]},{"$i":"contactsMerged","$v":{"zero":"لم يتم دمج أي جهة إتصال مكررة","one":"تم دمج جهة إتصال مكررة واحدة","two":"تم دمج جهتا إتصال","few":["تم دمج ",{"t":"idOrVar","v":"numDups"}," جهات إتصال"],"many":["تم دمج ",{"t":"idOrVar","v":"numDups"}," جهة إتصال"],"other":["تم دمج ",{"t":"idOrVar","v":"numDups"}," جهة إتصال"]},"$x":[{"t":"idOrVar","v":"plural"},"numDups"]},{"$i":"weekday-0-long","$v":"الأحد"},{"$i":"weekday-1-long","$v":"الإثنين"},{"$i":"weekday-2-long","$v":"الثلاثاء"},{"$i":"weekday-3-long","$v":"الأربعاء"},{"$i":"weekday-4-long","$v":"الخميس"},{"$i":"weekday-5-long","$v":"الجمعة"},{"$i":"weekday-6-long","$v":"السبت"},{"$i":"weekday-0-short","$v":"أحد"},{"$i":"weekday-1-short","$v":"إثنين"},{"$i":"weekday-2-short","$v":"ثلاثاء"},{"$i":"weekday-3-short","$v":"أربعاء"},{"$i":"weekday-4-short","$v":"خميس"},{"$i":"weekday-5-short","$v":"جمعة"},{"$i":"weekday-6-short","$v":"سبت"},{"$i":"month-0-long","$v":"يناير"},{"$i":"month-1-long","$v":"فبراير"},{"$i":"month-2-long","$v":"مارس"},{"$i":"month-3-long","$v":"أبريل"},{"$i":"month-4-long","$v":"مايو"},{"$i":"month-5-long","$v":"يونيو"},{"$i":"month-6-long","$v":"يوليو"},{"$i":"month-7-long","$v":"أغسطس"},{"$i":"month-8-long","$v":"سبتمبر"},{"$i":"month-9-long","$v":"أكتوبر"},{"$i":"month-10-long","$v":"نوفمبر"},{"$i":"month-11-long","$v":"ديسمبر"},{"$i":"month-0-genitive","$v":"يناير"},{"$i":"month-1-genitive","$v":"فبراير"},{"$i":"month-2-genitive","$v":"مارس"},{"$i":"month-3-genitive","$v":"أبريل"},{"$i":"month-4-genitive","$v":"مايو"},{"$i":"month-5-genitive","$v":"يونيو"},{"$i":"month-6-genitive","$v":"يوليو"},{"$i":"month-7-genitive","$v":"أغسطس"},{"$i":"month-8-genitive","$v":"سبتمبر"},{"$i":"month-9-genitive","$v":"أكتوبر"},{"$i":"month-10-genitive","$v":"نوفمبر"},{"$i":"month-11-genitive","$v":"ديسمبر"},{"$i":"month-0-short","$v":"يناير"},{"$i":"month-1-short","$v":"فبراير"},{"$i":"month-2-short","$v":"مارس"},{"$i":"month-3-short","$v":"ابريل"},{"$i":"month-4-short","$v":"مايو"},{"$i":"month-5-short","$v":"يونيو"},{"$i":"month-6-short","$v":"يوليو"},{"$i":"month-7-short","$v":"أغسطس"},{"$i":"month-8-short","$v":"سبتمبر"},{"$i":"month-9-short","$v":"أكتوبر"},{"$i":"month-10-short","$v":"نوفمبر"},{"$i":"month-11-short","$v":"ديسمبر"},{"$i":"minutes-ago-long","$v":{"zero":"الآن","one":"منذ دقيقة","two":"منذ دقيقتين","few":["منذ ",{"t":"idOrVar","v":"value"}," دقائق"],"many":["منذ ",{"t":"idOrVar","v":"value"}," دقيقة"],"other":["منذ ",{"t":"idOrVar","v":"value"}," دقيقة"]},"$x":[{"t":"idOrVar","v":"plural"},"value"]},{"$i":"hours-ago-long","$v":{"zero":"الآن","one":"منذ ساعة","two":"منذ ساعتين","few":["قبل ",{"t":"idOrVar","v":"value"}," ساعات"],"many":["قبل ",{"t":"idOrVar","v":"value"}," ساعة"],"other":["قبل ",{"t":"idOrVar","v":"value"}," ساعة"]},"$x":[{"t":"idOrVar","v":"plural"},"value"]},{"$i":"days-ago-long","$v":{"zero":"اليوم","one":"أمس","two":"منذ يومين","few":["منذ ",{"t":"idOrVar","v":"value"}," أيام"],"many":["منذ ",{"t":"idOrVar","v":"value"}," يوم"],"other":["منذ ",{"t":"idOrVar","v":"value"}," يوم"]},"$x":[{"t":"idOrVar","v":"plural"},"value"]},{"$i":"weeks-ago-long","$v":{"zero":"هذا الأسبوع","one":"الأسبوع الماضي","two":"منذ أسبوعين","few":["منذ ",{"t":"idOrVar","v":"value"}," أسابيع"],"many":["منذ ",{"t":"idOrVar","v":"value"}," أسبوع"],"other":["منذ ",{"t":"idOrVar","v":"value"}," أسبوع"]},"$x":[{"t":"idOrVar","v":"plural"},"value"]},{"$i":"months-ago-long","$v":{"zero":"هذا الشهر","one":"الشهر الماضي","two":"منذ شهرين","few":["منذ ",{"t":"idOrVar","v":"value"}," أشهر"],"many":["منذ ",{"t":"idOrVar","v":"value"}," شهر"],"other":["منذ ",{"t":"idOrVar","v":"value"}," شهر"]},"$x":[{"t":"idOrVar","v":"plural"},"value"]},{"$i":"years-ago-long","$v":{"zero":"هذه السنة","one":"السنة الماضية","two":"منذ سنتين","few":["منذ ",{"t":"idOrVar","v":"value"}," سنوات"],"many":["منذ ",{"t":"idOrVar","v":"value"}," سنة"],"other":["منذ ",{"t":"idOrVar","v":"value"}," سنة"]},"$x":[{"t":"idOrVar","v":"plural"},"value"]},{"$i":"minutes-until-long","$v":{"zero":"الآن","one":"خلال دقيقة","two":"خلال دقيقتين","few":["خلال ",{"t":"idOrVar","v":"value"}," دقائق"],"many":["خلال ",{"t":"idOrVar","v":"value"}," دقيقة"],"other":["خلال ",{"t":"idOrVar","v":"value"}," دقيقة"]},"$x":[{"t":"idOrVar","v":"plural"},"value"]},{"$i":"hours-until-long","$v":{"zero":"الآن","one":"خلال ساعة","two":"خلال ساعتين","few":["خلال ",{"t":"idOrVar","v":"value"}," ساعات"],"many":["خلال ",{"t":"idOrVar","v":"value"}," ساعة"],"other":["خلال ",{"t":"idOrVar","v":"value"}," ساعة"]},"$x":[{"t":"idOrVar","v":"plural"},"value"]},{"$i":"days-until-long","$v":{"zero":"اليوم","one":"غداً","two":"خلال يومين","few":["خلال ",{"t":"idOrVar","v":"value"}," أيام"],"many":["خلال ",{"t":"idOrVar","v":"value"}," يوم"],"other":["خلال ",{"t":"idOrVar","v":"value"}," يوم"]},"$x":[{"t":"idOrVar","v":"plural"},"value"]},{"$i":"weeks-until-long","$v":{"zero":"هذا الأسبوع","one":"الأسبوع القادم","two":"خلال أسبوعين","few":["خلال ",{"t":"idOrVar","v":"value"}," أسابيع"],"many":["خلال ",{"t":"idOrVar","v":"value"}," أسبوع"],"other":["خلال ",{"t":"idOrVar","v":"value"}," أسبوع"]},"$x":[{"t":"idOrVar","v":"plural"},"value"]},{"$i":"months-until-long","$v":{"zero":"هذا الشهر","one":"الشهر القادم","two":"خلال شهرين","few":["خلال ",{"t":"idOrVar","v":"value"}," أشهر"],"many":["خلال ",{"t":"idOrVar","v":"value"}," شهر"],"other":["خلال ",{"t":"idOrVar","v":"value"}," شهر"]},"$x":[{"t":"idOrVar","v":"plural"},"value"]},{"$i":"years-until-long","$v":{"zero":"هذه السنة","one":"السنة القادمة","two":"خلال سنتين","few":["خلال ",{"t":"idOrVar","v":"value"}," سنوات"],"many":["خلال ",{"t":"idOrVar","v":"value"}," سنة"],"other":["خلال ",{"t":"idOrVar","v":"value"}," سنة"]},"$x":[{"t":"idOrVar","v":"plural"},"value"]},{"$i":"minutes-ago-short","$v":{"zero":"الآن","other":["منذ ",{"t":"idOrVar","v":"value"}," دقيقة"]},"$x":[{"t":"idOrVar","v":"plural"},"value"]},{"$i":"hours-ago-short","$v":{"zero":"الآن","other":["منذ ",{"t":"idOrVar","v":"value"}," س"]},"$x":[{"t":"idOrVar","v":"plural"},"value"]},{"$i":"days-ago-short","$v":{"zero":"اليوم","other":["منذ ",{"t":"idOrVar","v":"value"}," ي"]},"$x":[{"t":"idOrVar","v":"plural"},"value"]},{"$i":"minutes-until-short","$v":{"zero":"الآن","other":["خلال ",{"t":"idOrVar","v":"value"}," د"]},"$x":[{"t":"idOrVar","v":"plural"},"value"]},{"$i":"hours-until-short","$v":{"zero":"الآن","other":["خلال ",{"t":"idOrVar","v":"value"}," س"]},"$x":[{"t":"idOrVar","v":"plural"},"value"]},{"$i":"days-until-short","$v":{"zero":"اليوم","other":["خلال ",{"t":"idOrVar","v":"value"}," ي"]},"$x":[{"t":"idOrVar","v":"plural"},"value"]},{"$i":"incorrectDate","$v":"(تاريخ غير صحيح)"},{"$i":"dateTimeFormat_%c","$v":"%a %e %b %Y %I:%M:%S %p"},{"$i":"dateTimeFormat_%x","$v":"%d/%m/%Y"},{"$i":"dateTimeFormat_%X","$v":"%I:%M:%S %p"},{"$i":"shortTimeFormat","$v":"%I:%M %p"},{"$i":"shortTimeFormat12","$v":"%I:%M %p"},{"$i":"shortTimeFormat24","$v":"%H:%M"},{"$i":"shortDateTimeFormat","$v":"%x %I:%M %p"},{"$i":"weekStartsOnMonday","$v":"0 "},{"$i":"firstDayOfTheWeek","$v":"0"},{"$i":"time_am","$v":"ص"},{"$i":"time_pm","$v":"م"},{"$i":"label","$v":"التصنيف"},{"$i":"mobile","$v":"المحمول"},{"$i":"home","$v":"البيت"},{"$i":"work","$v":"العمل"},{"$i":"personal","$v":"شخصي"},{"$i":"faxHome","$v":"فاكس البيت"},{"$i":"faxOffice","$v":"فاكس المكتب"},{"$i":"faxOther","$v":"فاكس آخر"},{"$i":"another","$v":"آخر"},{"$i":"other","$v":"آخر"},{"$i":"customTag","placeholder":"تصنيف خاص"},{"$i":"current","$v":"الحالي"},{"$i":"itemWithLabel","$v":[{"t":"idOrVar","v":"label"},", ",{"t":"idOrVar","v":"item"}]},{"$i":"addNewNumber","$v":"إضافة رقم جديد"},{"$i":"contactDetails","$v":"تفاصيل جهة الاتصال"},{"$i":"addToExistingContact","$v":"إضافة إلى جهة اتصال موجوده"},{"$i":"all","$v":"الكل","ariaLabel":"الكل"},{"$i":"bluetoothOption","ariaLabel":"بلوتوث"},{"$i":"callLog","$v":"سجل المكالمات"},{"$i":"callLogEdit","title":"تعديل سجل الإتصالات"},{"$i":"callLogEditDialog","ariaLabel":"تحرير سجل المكالمات"},{"$i":"connecting","$v":"جارِ الاتصال"},{"$i":"connectingEllipsis","$v":"الاتّصال جارٍ..."},{"$i":"call-forwarding-async","$v":["غير مُتزامن: ",{"t":"idOrVar","v":"async"}]},{"$i":"call-forwarding-data","$v":["بيانات: ",{"t":"idOrVar","v":"data"}]},{"$i":"call-forwarding-error","$v":"حدث خطأ عند محاولة الحصول على حالة تحويل المكالمات"},{"$i":"call-forwarding-fax","$v":["فاكس: ",{"t":"idOrVar","v":"fax"}]},{"$i":"call-forwarding-inactive","$v":"غير فعال"},{"$i":"call-forwarding-packet","$v":["حزمة: ",{"t":"idOrVar","v":"packet"}]},{"$i":"call-forwarding-pad","$v":["PAD: ",{"t":"idOrVar","v":"pad"}]},{"$i":"call-forwarding-sms","$v":["رسالة نصّيّة قصيرة: ",{"t":"idOrVar","v":"sms"}]},{"$i":"call-forwarding-status","$v":"حالة تحويل المُكالمات"},{"$i":"call-forwarding-sync","$v":["مُتزامن: ",{"t":"idOrVar","v":"sync"}]},{"$i":"call-forwarding-voice","$v":["صوت: ",{"t":"idOrVar","v":"voice"}]},{"$i":"confirm-deletion","$v":"حذف المكالمات المختارة ؟"},{"$i":"createNewContact","$v":"إنشاء جهة اتصال جديدة"},{"$i":"dialerAddContact","ariaLabel":"إضافة جهة إتصال"},{"$i":"dialerAddContactDialog","ariaLabel":"أضِف جهة اتصال"},{"$i":"callInformation","$v":"معلومات حول المُكالمة"},{"$i":"edit-selected","$v":{"one":[{"t":"idOrVar","v":"n"}," مُختارة"],"two":[{"t":"idOrVar","v":"n"}," مُختارة"],"few":[{"t":"idOrVar","v":"n"}," مُختارة"],"many":[{"t":"idOrVar","v":"n"}," مُختارة"],"other":[{"t":"idOrVar","v":"n"}," مُختارة"]},"$x":[{"t":"idOrVar","v":"plural"},"n"]},{"$i":"hideKeypad","ariaLabel":"إخفاء لوحة المفاتيح"},{"$i":"ignore","$v":"تجاهل الإتصال"},{"$i":"incoming","$v":"الواردة"},{"$i":"keypad","ariaLabel":"لوحة المفاتيح"},{"$i":"info-missed","$v":"لم يُرَد عليه"},{"$i":"missed","$v":"لم يرد عليه","ariaLabel":"الفائتة"},{"$i":"canceled","$v":"مُلغى"},{"$i":"missedCall","$v":"مكالمة فائتة"},{"$i":"missedCallMultiSims","$v":["(الشريحة ",{"t":"idOrVar","v":"n"},") مكالمة فائتة"]},{"$i":"mmi-error","$v":"حدث خطأ عند محاولة ارسال الرسالة"},{"$i":"mmi-session-expired","$v":"انتهت الجلسة"},{"$i":"mmi-successfully-sent","$v":"تم ارسال الرسالة بنجاح"},{"$i":"mmi-notification-title-with-sim","$v":[{"t":"idOrVar","v":"sim"},") ",{"t":"idOrVar","v":"title"}]},{"$i":"mute","ariaLabel":"صمت"},{"$i":"newCall","ariaLabel":"مكالمة جديدة"},{"$i":"no-logs-msg-1","$v":"لم يتم تسجيل أي مكالمة"},{"$i":"no-logs-msg-2","$v":"بدء التواصل الآن"},{"$i":"no-logs-msg-3","$v":"لا يوجد أي مكالمات لم يرد عليها"},{"$i":"onHoldOption","ariaLabel":"قيد الانتظار"},{"$i":"outgoing","$v":"الصّادرة"},{"$i":"recents","ariaLabel":"المكالمات الأخيرة"},{"$i":"reply","$v":"الرد"},{"$i":"send","$v":"إرسال"},{"$i":"switch-calls","$v":"تحويل المكالمات"},{"$i":"withheld-number","$v":"الأرقام المحجوبة"},{"$i":"from-contact","$v":["من ",{"t":"idOrVar","v":"contact"}]},{"$i":"from-number","$v":["من ",{"t":"idOrVar","v":"number"}]},{"$i":"from-withheld-number","$v":"من رقم محجوب"},{"$i":"sending","$v":"جارِ الإرسال..."},{"$i":"speakerOption","ariaLabel":"السماعة"},{"$i":"ussd-services","$v":["خدمات ",{"t":"idOrVar","v":"operator"}]},{"$i":"toggleKeypad","ariaLabel":"تبديل لوحة المفاتيح"},{"$i":"type-your-response","placeholder":"أُكتب رّدك..."},{"$i":"clear-all-text","$v":"مسح الكل"},{"$i":"hide","$v":"أخفِ"},{"$i":"hold","ariaLabel":"معلق"},{"$i":"resume","$v":"استأنف","ariaLabel":"استأنف"},{"$i":"sendSms","$v":"أرسل رسالة"},{"$i":"callEnded","$v":"إنتهت المكالمة"},{"$i":"via-sim","$v":["بواسطة الشريحة ",{"t":"idOrVar","v":"n"}]},{"$i":"sim-number","$v":["الشريحة ",{"t":"idOrVar","v":"n"}]},{"$i":"unknown","$v":"غير معروف"},{"$i":"hangup-a11y-button","ariaLabel":"إنهاء"},{"$i":"pickup-a11y-button","ariaLabel":"رد"},{"$i":"unlock-a11y-button","ariaLabel":"منزلق"},{"$i":"settings","$v":"إعدادات"},{"$i":"delete-n-log?","$v":{"zero":"لا شيﺀ مختار","one":"حذف السجل المحدد؟","two":"حذف السِّجِلّين؟","few":["حذف ",{"t":"idOrVar","v":"n"}," سجلات؟"],"many":["حذف ",{"t":"idOrVar","v":"n"}," سجل؟"],"other":["حذف ",{"t":"idOrVar","v":"n"}," سجل؟"]},"$x":[{"t":"idOrVar","v":"plural"},"n"]},{"$i":"callDurationMinutes","$v":[{"t":"idOrVar","v":"m"},":",{"t":"idOrVar","v":"s"}]},{"$i":"callDurationHours","$v":[{"t":"idOrVar","v":"h"},":",{"t":"idOrVar","v":"m"},":",{"t":"idOrVar","v":"s"}]},{"$i":"callDurationTextFormatSeconds","$v":[{"t":"idOrVar","v":"s"}," ثا"]},{"$i":"callDurationTextFormatMinutes","$v":[{"t":"idOrVar","v":"m"}," د ",{"t":"idOrVar","v":"s"}," ثا"]},{"$i":"callDurationTextFormatHours","$v":[{"t":"idOrVar","v":"h"}," سا ",{"t":"idOrVar","v":"m"}," د ",{"t":"idOrVar","v":"s"}," ثا"]},{"$i":"suggestionMatches","$v":{"one":["نتيجة واحدة مطابقة لـ \"",{"t":"idOrVar","v":"matchNumber"},"\""],"two":["تطابقان ل‍ \"",{"t":"idOrVar","v":"matchNumber"},"\""],"few":[{"t":"idOrVar","v":"n"}," تطابقات ل‍\"",{"t":"idOrVar","v":"matchNumber"},"\""],"many":[{"t":"idOrVar","v":"n"}," من النتائج المطابقة ل‍\"",{"t":"idOrVar","v":"matchNumber"},"\""],"other":[{"t":"idOrVar","v":"n"}," من النتائج المطابقة ل‍\"",{"t":"idOrVar","v":"matchNumber"},"\""]},"$x":[{"t":"idOrVar","v":"plural"},"n"]},{"$i":"scCallBarring","$v":"حظر المكالمات"},{"$i":"scCallForwarding","$v":"تحويل المكالمات"},{"$i":"scClip","$v":"المعرَف بجهة الاتصال"},{"$i":"scClir","$v":"معرف المتصل الصادر"},{"$i":"scPwd","$v":"تغيير كلمة السر"},{"$i":"scCallWaiting","$v":"إنتظار المكالمة"},{"$i":"scPin","$v":"تغيير رمز PIN"},{"$i":"scPin2","$v":"تغيير رمز PIN2"},{"$i":"scPuk","$v":"فك إقفال PIN"},{"$i":"scPuk2","$v":"فك أقفال PIN2"},{"$i":"scImei","$v":"IMEI"},{"$i":"scUssd","$v":"USSD"},{"$i":"serviceClassVoice","$v":"صوت"},{"$i":"serviceClassData","$v":"بيانات"},{"$i":"serviceClassFax","$v":"فاكس"},{"$i":"serviceClassSms","$v":"رسالة نصية"},{"$i":"serviceClassDataSync","$v":"مزامنة"},{"$i":"serviceClassDataAsync","$v":"متزامن"},{"$i":"serviceClassPacket","$v":"الحزمة"},{"$i":"serviceClassPad","$v":"PAD"},{"$i":"smServiceEnabled","$v":"تم تفعيل الخدمة"},{"$i":"smServiceDisabled","$v":"تم تعطيل الخدمة"},{"$i":"smServiceRegistered","$v":"تم التسجيل بنجاح"},{"$i":"smServiceErased","$v":"تم المحو بنجاح"},{"$i":"smServiceInterrogated","$v":"تم الطلب بنجاح"},{"$i":"smServiceNotProvisioned","$v":"الخدمة غير مُؤمّنة."},{"$i":"smClirPermanent","$v":"لا يمكنك تغيير إعداد معرف المتصل"},{"$i":"smClirDefaultOnNextCallOn","$v":"الإعدادات الافتراضية لإظهار رقم المتصل هي مقيدة. المكالمة التالية: مقيدة"},{"$i":"smClirDefaultOnNextCallOff","$v":"الإعدادات الافتراضية لإظهار رقم المتصل هي مقيدة. المكالمة التالية: غير مقيدة"},{"$i":"smClirDefaultOffNextCallOn","$v":"الإعدادات الافتراضية لإظهار رقم المتصل هي غير مقيدة. المكالمة التالية: مقيدة"},{"$i":"smClirDefaultOffNextCallOff","$v":"الإعدادات الافتراضية لإظهار رقم المتصل هي غيرمقيدة. المكالمة التالية: غير مقيدة"},{"$i":"smServiceEnabledFor","$v":"تم تفعيل الخدمة ل:"},{"$i":"smPinChanged","$v":"تمَّ تغيير PIN بنجاح"},{"$i":"smPinUnblocked","$v":"رفع الحجب عن PIN بنجاح"},{"$i":"smPin2Changed","$v":"تمَّ تغيير PIN2 بنجاح"},{"$i":"smPin2Unblocked","$v":"ُُرُفع الحجب عن PIN2 بنجاح"},{"$i":"ServiceIsEnabled","$v":"تم تفعيل الخدمة"},{"$i":"ServiceIsDisabled","$v":"تم تعطيل الخدمة"},{"$i":"ServiceIsEnabledFor","$v":"الخدمة مفعّلة لـ:"},{"$i":"emMmiError","$v":"مشكلة في الإتصال أو رمز MMI خاطئ"},{"$i":"emMmiErrorPasswordIncorrect","$v":"كلمة سر خاطئة"},{"$i":"emMmiErrorNotSupported","$v":"رمز MMI خاطئ أو غير مدعوم"},{"$i":"emMmiErrorInvalidAction","$v":"إجراء خاطئ"},{"$i":"emMmiErrorInvalidScCode","$v":"رمز خدمة خاطئ"},{"$i":"emMmiErrorBadPuk","$v":"رمز PUK الذي قمت بإدخاله غير صحيح"},{"$i":"emMmiErrorBadPin","$v":"PIN القديم الذي كتبته غير صحيح."},{"$i":"emMmiErrorNeedPuk2","$v":"قم بإدخال رمز PUK2 لفتح الشريحة"},{"$i":"emMmiErrorMismatchPin","$v":"لا يوجد تطابق بين رموز PIN التي أدخلتها"},{"$i":"emMmiErrorInvalidPin","$v":"قم بإدخال رمز PIN مكون من 4 إلى 8 أرقام"},{"$i":"emMmiErrorNeedsPuk","$v":"شريحتك مغلقة برمز PUK"},{"$i":"emMmiErrorEnablePin","$v":"غير ناجح , قم بتفعيل قفل ال SIM/RUIM"},{"$i":"emMmiErrorMmiFdn","$v":"العملية تقتصرعلى أرقام اتصال ثابتة فقط"},{"$i":"emMmiErrorStkCcUssdDial","$v":"يتم تعديل طلب USSD لطلب DIAL"},{"$i":"emMmiErrorStkCcUssdSs","$v":"طلب USSD تعدل الى طلب SS"},{"$i":"emMmiErrorStkCcUssdUssd","$v":"يتم تعديل طلب USSD لطلب USSD جديد"},{"$i":"emMmiErrorStkCcSsDial","$v":"يتم تعديل الطلب SS لطلب DIAL"},{"$i":"emMmiErrorStkCcSsUssd","$v":"يتم تعديل الطلب SS لطلب USSD"},{"$i":"emMmiErrorStkCcSsSs","$v":"طلب SS تعدل الى طلب SS جديد"},{"$i":"emMmiErrorPinPukAttempts","$v":{"one":"بقيت محاولة واحدة فقط","two":"تبقت محاولتين اثنتين","few":["تبقى ",{"t":"idOrVar","v":"n"}," المحاولات"],"many":["تبقى ",{"t":"idOrVar","v":"n"}," محاولة"],"other":["تبقى ",{"t":"idOrVar","v":"n"}," محاولة"]},"$x":[{"t":"idOrVar","v":"plural"},"n"]},{"$i":"emMmiErrorSimBlocked","$v":"لقد تجاوزت الحد الأقصى من المحاولات. تم إقفال الشريحة"},{"$i":"RadioNotAvailable","$v":"الراديو غير متوفر"},{"$i":"GenericFailure","$v":"فشل"},{"$i":"PasswordIncorrect","$v":"كلمة سر غير صحيحة"},{"$i":"SimPin2","$v":"SIM PIN2"},{"$i":"SimPuk2","$v":"SIM PUK2"},{"$i":"RequestNotSupported","$v":"الطلب غير مدعوم"},{"$i":"OpNotAllowedDuringVoiceCall","$v":"العملية غير مسموحة أثناء الإتصال الصوتي"},{"$i":"SmsSendFailRetry","$v":"فشل في إرسال SMS اعدالمحاولة"},{"$i":"SimAbsent","$v":"الشريحة غير موجودة"},{"$i":"SubscriptionNotAvailable","$v":"الإشتراك غير متاح"},{"$i":"ModeNotSupported","$v":"الوضع غير مدعوم"},{"$i":"FdnCheckFailure","$v":"فشل اختيار Fdn"},{"$i":"IllegalSimOrMe","$v":"SIM غير قانونية أو ME"},{"$i":"DialModifiedToUssd","$v":"طلب تعديل USSD"},{"$i":"DialModifiedToSs","$v":"طلب تعديل SS"},{"$i":"DialModifiedToDial","$v":"عدّل الإتصال الهاتفي للإتصال"},{"$i":"UssdModifiedToDial","$v":"تعديل USSD للإتصال"},{"$i":"UssdModifiedToSs","$v":"تعديل USSD إلى SS"},{"$i":"UssdModifiedToUssd","$v":"تعديل USSD إلى USSD"},{"$i":"SsModifiedToDial","$v":"تعديل SS للاتصال"},{"$i":"SsModifiedToUssd","$v":"تعديل SS إلىUSSD"},{"$i":"SsModifiedToSs","$v":"تعديل SS إلى SS "},{"$i":"SubscriptionNotSupported","$v":"الإشتراك غير مدعوم"},{"$i":"InvalidParameter","$v":"معامل غير صالح"},{"$i":"RejectedByRemote","$v":"تم الرفض من طرف الخادم"},{"$i":"conferenceCall","$v":["مؤتمر (",{"t":"idOrVar","v":"n"},")"]},{"$i":"caller-left-call","$v":[{"t":"idOrVar","v":"caller"}," المتصل غادر المكالمة."]},{"$i":"conferenceAddError","$v":"غير قادر على دمج المكالمات"},{"$i":"conferenceRemoveError","$v":"غير قادر على إلغاء دمج المكالمات"},{"$i":"longDateFormat","$v":"%A, %B %e"},{"$i":"select-audio-sources","$v":"اختر مصادر الصوت"},{"$i":"bluetooth-handsfree-device","$v":"أجهزة بلوتوث اليدوية"},{"$i":"receiver","$v":"المُستقبل"},{"$i":"speaker","$v":"السماعة"},{"$i":"voicemailNoNumberTitle","$v":"رقم البريد الصوتي غير متاح"},{"$i":"voicemailNoNumberText","$v":"غير قادر على الاتصال بالبريد الصوتي. اضبط رقم البريد الصوتي لإجراء المكالمة."},{"$i":"voicemailNoNumberSettings","$v":"الإعدادات"},{"$i":"voicemailNoNumberCancel","$v":"ألغِ"},{"$i":"phoneNumberInput","ariaLabel":"رقم الهاتف"},{"$i":"keypadDelete","ariaLabel":"احذف"},{"$i":"voiceMailKey","ariaLabel":"البريد الصوتي"},{"$i":"asterisk","ariaLabel":"نجمة"},{"$i":"hashSign","ariaLabel":"إشارة المربّع"},{"$i":"loadingSimContacts","$v":"Loading SIM card contacts…"},{"$i":"noContactsWereFound","$v":"No contacts were found"},{"$i":"noContactsFoundDialogOk","$v":"OK"},{"$i":"emergencyNumber","$v":"رقم الطوارئ"},{"$i":"callAirplaneModeMessage","$v":"لإجراء المكالمات عليك إيقاف وضع الطائرة في الإعدادات."},{"$i":"callAirplaneModeBtnOk","$v":"موافق"},{"$i":"callAirplaneModeTitle","$v":"فُعِّل وضع الطائرة"},{"$i":"numberIsBusyTitle","$v":"الرقم مشغول"},{"$i":"numberIsBusyMessage","$v":"الرقم مشغول حاليا. الرجاء المحاولة لاحقا."},{"$i":"fdnIsActiveTitle","$v":"تشغيل FDN"},{"$i":"fdnIsActiveMessage","$v":["فُعّلت ميزة أرقام الاتصال الثابتة (FDN)، والرقم التّالي ليس في قائمتك: ",{"t":"idOrVar","v":"number"}]},{"$i":"emergencyDialogBodyBadNumber","$v":"لإجراء مكالمة، يجب أن يكون الهاتف متصلًا بشبكة."},{"$i":"emergencyDialogBodyDeviceNotAccepted","$v":"مكالمات الطوارئ غير مسموح بها من قبل الشبكة."},{"$i":"emergencyDialogBtnOk","$v":"موافق"},{"$i":"emergencyDialogTitle","$v":"لا يوجد اتصال بالشبكة"},{"$i":"invalidNumberToDialTitle","$v":"رقم الهاتف غير صالح"},{"$i":"invalidNumberToDialMessage","$v":"رقم الهاتف الذي تطلبه غير صالح."},{"$i":"unableToCallTitle","$v":"تعذّر بدء المكالمة الآن"},{"$i":"unableToCallMessage","$v":"تعذّر بدء المكالمة. إن كنت تطلب رقمًا حينئذٍ، فأغلق الطلب أوّلًا."},{"$i":"otherConnectionInUseTitle","$v":"اتصال آخر جارٍ"},{"$i":"otherConnectionInUseMessage","$v":"لديك مكالمة أخرى جارية. لا يمكنك تنفيذ اكثر من اتصال في نفس الوقت."}]