[{"$i":"close","$v":"Затваряне"},{"$i":"import","$v":"Внасяне"},{"$i":"update","$v":"Обновяване"},{"$i":"fbFriends","$v":"Facebook приятели"},{"$i":"live-serviceName","$v":"Outlook"},{"$i":"gmail-serviceName","$v":"Gmail"},{"$i":"facebook-serviceName","$v":"Facebook приятели"},{"$i":"selectAll","$v":"Избор всички"},{"$i":"deselectAll","$v":"Отмяна всички"},{"$i":"viewAll","$v":"Показване всички Facebook приятели"},{"$i":"viewRecommend","$v":"Показване само препоръчваните"},{"$i":"linkProposal","$v":{"zero":"Няма съвпадащи приятели. Показване на всички","one":"Изберете предпочитан","two":"Изберете предпочитан","few":"Изберете предпочитан","many":"Изберете предпочитан","other":"Изберете предпочитан"},"$x":[{"t":"idOrVar","v":"plural"},"numFriends"]},{"$i":"fbFriendsFound","$v":{"zero":"Всичките ви приятели са внесени","one":"Намерен е един приятел за внасяне","two":["Намерени са ",{"t":"idOrVar","v":"numFriends"}," приятеля за внасяне"],"few":["Намерени са ",{"t":"idOrVar","v":"numFriends"}," приятеля за внасяне"],"many":["Намерени са ",{"t":"idOrVar","v":"numFriends"}," приятеля за внасяне"],"other":["Намерени са ",{"t":"idOrVar","v":"numFriends"}," приятеля за внасяне"]},"$x":[{"t":"idOrVar","v":"plural"},"numFriends"]},{"$i":"fbNoFriends","$v":"Няма контакти за внасяне"},{"$i":"facebook","$v":"Facebook"},{"$i":"search-contact","placeholder":"Търсене"},{"$i":"noResults","$v":"Няма намерени контакти"},{"$i":"done-search","$v":"Готово"},{"$i":"progressFB3ImportTitle","$v":"Внасяне на приятели в Контакти"},{"$i":"progressFB","$v":[{"t":"idOrVar","v":"current"},"/",{"t":"idOrVar","v":"total"}]},{"$i":"progressFB3UpdateTitle","$v":"Обновяване на приятелите в Контакти"},{"$i":"message2","$v":"Това може да отнеме няколко минути"},{"$i":"messageLinking","$v":"Моля, изчакайте. Свързваме вашите приятели с вашите контакти."},{"$i":"messageCanceling","$v":"Моля, изчакайте. Прекъсваме текущата операция."},{"$i":"error1","$v":["Грешка при ",{"t":"idOrVar","v":"from"}]},{"$i":"error2","$v":"Искате ли да опитате отново?"},{"$i":"errorProposal","$v":"изчисляването на предложения"},{"$i":"errorFriends","$v":"извличането на приятели"},{"$i":"errorLinking","$v":"свързването на контакт"},{"$i":"timeout1","$v":["Изтичане на времето при ",{"t":"idOrVar","v":"from"}]},{"$i":"timeout2","$v":"Искате ли да опитате отново?"},{"$i":"timeoutProposal","$v":"изчисляването на предложения"},{"$i":"timeoutFriends","$v":"извличането на приятели"},{"$i":"timeoutLinking","$v":"свързването на контакт"},{"$i":"wait1","$v":"Моля, изчакайте"},{"$i":"wait2","$v":"Това може да отнеме няколко минути"},{"$i":"waitProposal","$v":"Моля, изчакайте. Свързваме вашите приятели с вашите контакти."},{"$i":"waitFriends","$v":"Моля, изчакайте. Свързваме се, за да получим вашия списък на приятели."},{"$i":"curtainCancel","$v":"Отказ"},{"$i":"curtainRetry","$v":"Нов опит"},{"$i":"curtainOK","$v":"Добре"},{"$i":"connectionLost","$v":"Няма връзка с Интернет"},{"$i":"connectionLostMsg","$v":"Фотографиите на приятелите ви няма да се добавят към вашите контакти. Продължаване въпреки това?"},{"$i":"yesOption","$v":"Добре"},{"$i":"noOption","$v":"Отказ"},{"$i":"friendsUpdated","$v":{"zero":"Няма обновявания на приятелите","one":"Обновен е един приятел","two":["Обновени са ",{"t":"idOrVar","v":"numFriends"}," приятели"],"few":["Обновени са ",{"t":"idOrVar","v":"numFriends"}," приятели"],"many":["Обновени са ",{"t":"idOrVar","v":"numFriends"}," приятели"],"other":["Обновени са ",{"t":"idOrVar","v":"numFriends"}," приятели"]},"$x":[{"t":"idOrVar","v":"plural"},"numFriends"]},{"$i":"friendsMerged","$v":{"zero":"Няма слети дублирани приятели","one":"Слят е един дублиран приятел","two":["Слети са ",{"t":"idOrVar","v":"numDups"}," дублирани приятеля"],"few":["Слети са ",{"t":"idOrVar","v":"numDups"}," дублирани приятеля"],"many":["Слети са ",{"t":"idOrVar","v":"numDups"}," дублирани приятеля"],"other":["Слети са ",{"t":"idOrVar","v":"numDups"}," дублирани приятели"]},"$x":[{"t":"idOrVar","v":"plural"},"numDups"]},{"$i":"notificationLogin","$v":"Сесията ви във Facebook е невалидна. Моля, впишете се."},{"$i":"syncError","$v":"Грешка при синхронизиране на данните на вашите приятели"},{"$i":"waitDuplicateContacts","$v":"Търсене на дублирани контакти"},{"$i":"waitMergingDuplicateContacts","$v":"Обединяване на дублирани контакти"},{"$i":"alertNoDuplicateContacts","$v":"Не са намерени дублирани контакти"},{"$i":"merge","ariaLabel":"Сливане"},{"$i":"mergeDuplicateTitle","$v":"Обединяване на дубликати"},{"$i":"suggestedDuplicateContacts","$v":["Възможни дублирани контакти за ",{"t":"idOrVar","v":"name"}]},{"$i":"mergeActionButtonLabel","$v":{"zero":"Няма избрани контакти","one":["Обединяване с ",{"t":"idOrVar","v":"n"}," контакт"],"two":["Обединяване с ",{"t":"idOrVar","v":"n"}," контакта"],"few":["Обединяване с ",{"t":"idOrVar","v":"n"}," контакта"],"many":["Обединяване с ",{"t":"idOrVar","v":"n"}," контакта"],"other":["Обединяване с ",{"t":"idOrVar","v":"n"}," контакта"]},"$x":[{"t":"idOrVar","v":"plural"},"n"]},{"$i":"duplicatesFoundTitle","$v":"Намерени дубликати"},{"$i":"duplicatesFoundMessage","$v":[{"t":"idOrVar","v":"name"}," дублира информация в следните контакти"]},{"$i":"ok","$v":"Добре"},{"$i":"gaia-menu-cancel","$v":"Отказ"},{"$i":"gaia-sim-picker-dial-via-with-number","$v":["Набиране на ",{"t":"idOrVar","v":"phoneNumber"}," през"]},{"$i":"gaia-sim-picker-select-sim","$v":"Избиране на SIM"},{"$i":"gaia-sim-picker-button","$v":["SIM",{"t":"idOrVar","v":"n"}]},{"$i":"gaia-sim-picker-button-default","$v":"(стандартно)"},{"$i":"call","$v":"Обаждане"},{"$i":"edit","$v":"Редактиране"},{"$i":"cancel","$v":"Отказ"},{"$i":"done","$v":"Готово"},{"$i":"retry","$v":"Отново"},{"$i":"contacts","$v":"Контакти"},{"$i":"addContact","$v":"Добавяне"},{"$i":"deleteContact","$v":"Изтриване на контакт"},{"$i":"selectContact","$v":"Избиране на контакт"},{"$i":"editContact","$v":"Редактиране"},{"$i":"deleteConfirmMsg","$v":"Контактът да бъде ли изтрит?"},{"$i":"remove","$v":"Премахване"},{"$i":"delete","$v":"Изтриване"},{"$i":"comments","$v":"Коментари"},{"$i":"no_contact_phones","$v":"Липсват телефони"},{"$i":"no_contact_email","$v":"Този контакт няма адрес на ел. поща"},{"$i":"no_contact_data","$v":"Този контакт няма телефонен номер или мейл адрес"},{"$i":"removePhotoConfirm","$v":"Да бъде ли премахната снимката на контакта?"},{"$i":"loadingContacts","$v":"Зареждане на контакти…"},{"$i":"noContactsActivity2","$v":"Списъкът с контакти е празен"},{"$i":"noName","$v":"Липсва име"},{"$i":"givenName","placeholder":"Име"},{"$i":"familyName","placeholder":"Фамилия"},{"$i":"tel","placeholder":"Телефон"},{"$i":"carrier","$v":"Оператор","placeholder":"Оператор"},{"$i":"separator","$v":","},{"$i":"email","$v":"Ел.поща","placeholder":"Ел.поща"},{"$i":"streetAddress","placeholder":"Улица"},{"$i":"postalCode","placeholder":"ПК"},{"$i":"locality","placeholder":"Град"},{"$i":"countryName","placeholder":"Държава"},{"$i":"comment","placeholder":"Коментар"},{"$i":"org","placeholder":"Фирма"},{"$i":"date","$v":"Дата","placeholder":"Дата"},{"$i":"date-span-placeholder","$v":"Дата"},{"$i":"birthday","$v":"Рожден ден"},{"$i":"dateFormat","$v":"%e %B"},{"$i":"dateOutput","$v":[{"t":"idOrVar","v":"dayMonthFormatted"}," ",{"t":"idOrVar","v":"year"}," г."]},{"$i":"anniversary","$v":"Годишнина"},{"$i":"addPhoto","$v":"Снимка"},{"$i":"addPhone","$v":"Добавяне на телефон"},{"$i":"addEmail","$v":"Добавяне на ел.поща"},{"$i":"addAddress","$v":"Добавяне на адрес"},{"$i":"addDate","$v":"Добавяне на дата"},{"$i":"addComment","$v":"Добавяне на коментар"},{"$i":"addFavorite","$v":"Добавяне към любими"},{"$i":"removeFavorite","$v":"Премахване от любими"},{"$i":"addButton","ariaLabel":"Добавяне"},{"$i":"editButton","ariaLabel":"Редактиране"},{"$i":"settingsButton","ariaLabel":"Настройки"},{"$i":"phoneDetail","ariaLabel":"Телефон"},{"$i":"emailDetail","ariaLabel":"Ел.поща"},{"$i":"addressDetail","ariaLabel":"Адреси"},{"$i":"dateDetail","ariaLabel":"Дата"},{"$i":"composeEmail","ariaLabel":"Ел.поща"},{"$i":"makeCall","ariaLabel":"Обаждане"},{"$i":"phones","ariaLabel":"Телефони"},{"$i":"emails","ariaLabel":"Ел.поща"},{"$i":"addresses","ariaLabel":"Адреси"},{"$i":"dates","ariaLabel":"Дати"},{"$i":"notes","ariaLabel":"Бележки"},{"$i":"exit","$v":"Изход"},{"$i":"expand","$v":"Разгъване"},{"$i":"labelName","$v":"Име:"},{"$i":"labelLastName","$v":"Фамилия:"},{"$i":"labelPhoneNumber","$v":"Телефон:"},{"$i":"labelCarrier","$v":"Оператор:"},{"$i":"labelEmail","$v":"Ел.поща:"},{"$i":"labelStreet","$v":"Улица:"},{"$i":"labelZip","$v":"ПК:"},{"$i":"labelCity","$v":"Град:"},{"$i":"labelCountry","$v":"Държава:"},{"$i":"labelComment","$v":"Коментар:"},{"$i":"legendTitleMain","$v":"Основна информация"},{"$i":"legendPhones","$v":"Телефонни номера"},{"$i":"legendEmail","$v":"Ел.пощи"},{"$i":"legendAddress","$v":"Адрес"},{"$i":"transferContactsTitle","$v":"Трансфер на контакти"},{"$i":"importContactsTitle","$v":"Внасяне на контакти"},{"$i":"importContactsButton","$v":"Внасяне на контакти"},{"$i":"exportContactsTitle","$v":"Изнасяне на контакти"},{"$i":"exportContactsButton","$v":"Изнасяне на контакти"},{"$i":"exportContactsAction","$v":"Изнасяне"},{"$i":"simExport-title","$v":"Изнасяне към SIM"},{"$i":"memoryCardExport-title","$v":"Изнасяне към картата за памет"},{"$i":"btExport-title","$v":"Изнасяне към Bluetooth"},{"$i":"memoryCardUMSEnabled","$v":"Картата за памет е недостъпна, защото настройката „USB памет“ е активна"},{"$i":"exportErrorTitle","$v":"Грешка при изнасяне"},{"$i":"contactsExported2","$v":{"zero":"Не са изнесени контакти","one":[{"t":"idOrVar","v":"exported"},"/",{"t":"idOrVar","v":"total"}," контакт изнесен"],"two":[{"t":"idOrVar","v":"exported"},"/",{"t":"idOrVar","v":"total"}," контакта изнесени"],"few":[{"t":"idOrVar","v":"exported"},"/",{"t":"idOrVar","v":"total"}," контакта изнесени"],"many":[{"t":"idOrVar","v":"exported"},"/",{"t":"idOrVar","v":"total"}," контакта изнесени"],"other":[{"t":"idOrVar","v":"exported"},"/",{"t":"idOrVar","v":"total"}," контакта изнесени"]},"$x":[{"t":"idOrVar","v":"plural"},"exported"]},{"$i":"exportError-general","$v":"Възникна грешка при изнасянето"},{"$i":"exportError-SD-shared","$v":"Картата памет не може да бъде достъпена, тъй като е споделена"},{"$i":"exportError-SD-unavailable","$v":"Недостъпна карта за памет"},{"$i":"exportError-SD-noSpace","$v":"Няма достатъчно място на картата памет за изнасяне на контактите"},{"$i":"exportError-SIM-unavailable","$v":"SIM карта е недостъпна"},{"$i":"exportError-BT-shared","$v":"Картата за памет е недостъпна, защото е споделена"},{"$i":"exportError-BT-unavailable","$v":"Недостъпна карта за памет"},{"$i":"exportError-BT-noSpace","$v":"Няма достатъчно място на картата памет, за да бъдат изнесени контактите"},{"$i":"social-network","$v":"Социални мрежи"},{"$i":"social-link","$v":"Свързване на контакт"},{"$i":"social-unlink","$v":"Разкачване на контакт"},{"$i":"social-unlink-confirm-title","$v":"Искате ли да разкачите Вашия приятел?"},{"$i":"social-unlink-confirm-accept","$v":"Разкачване"},{"$i":"facebook-import","$v":"Внасяне на Facebook приятели"},{"$i":"show-fb-profile","$v":"Разглеждане на Facebook профил"},{"$i":"msg-send","$v":"Съобщение"},{"$i":"wall-post","$v":"Мнение от стената"},{"$i":"share-contact","$v":"Споделяне на контакт"},{"$i":"facebook-export-forbidden","$v":"Този контакт не може да бъде споделен поради ограничения на Facebook."},{"$i":"otherAccount","$v":"Други регистрации"},{"$i":"facebookSwitchMsg","$v":"Синхронизиране"},{"$i":"select_mobile","$v":"Избиране на мобилен"},{"$i":"select_email","$v":"Избиране на ел.поща"},{"$i":"select_recipient","$v":"Избиране на получатели"},{"$i":"contactsOrderBy","$v":"Подредба по фамилия"},{"$i":"importSim2","$v":"SIM карта"},{"$i":"importGmail","$v":"Gmail"},{"$i":"bluetooth","$v":"Bluetooth"},{"$i":"importOutlook","$v":"Outlook"},{"$i":"fbUpdateFriends","$v":"Обновяване на внесени приятели"},{"$i":"cleaningFbData","$v":"Премахване на Facebook данни"},{"$i":"loggingOutFb","$v":"Излизане от Facebook"},{"$i":"cleanFbConfirmMsg","$v":"Премахване на всички Facebook данни?"},{"$i":"renewPwdMsg","$v":"Вашата парола във Facebook е била променена. Моля, обновете я."},{"$i":"notEnabledYet","$v":"Не е включвано"},{"$i":"genericNoConnection","$v":"Свържете се към Wi-Fi или мрежа за данни, за да внесете контакти"},{"$i":"simCard","$v":"SIM карта"},{"$i":"memoryCard","$v":"Карта за памет"},{"$i":"simNumberNoMSISDN","$v":["SIM ",{"t":"idOrVar","v":"number"},":"]},{"$i":"simNumberWithMSISDN","$v":["SIM ",{"t":"idOrVar","v":"number"},": ",{"t":"idOrVar","v":"msisdn"}]},{"$i":"ICEContactsGroup","$v":"Контакти ИС"},{"$i":"setICEButton","$v":"Управление ИС контакти"},{"$i":"ICESettingTitle","$v":"Контакти ИС"},{"$i":"ICEDescription","$v":"Добавете два контакта за обаждане в случай на извънредна ситуация (ИС)."},{"$i":"ICEContact1","$v":"Контакт ИС 1"},{"$i":"ICESelectContact","$v":"Избиране на контакт"},{"$i":"ICEContact2","$v":"Контакт ИС 2"},{"$i":"ICERepeatedContact","$v":"Този контакт е вече ИС контакт"},{"$i":"ICEUnknownError","$v":"Грешка при добавяне на контакт ИС"},{"$i":"ICEContactNoNumber","$v":"В контакта липсва телефонен номер"},{"$i":"ICEFacebookContactNotAllowed","$v":"Контактите от Facebook не стават за контакти ИС"},{"$i":"ICEContactDelTel","$v":"Изтриваните телефонни номера се махат от контактите ИС"},{"$i":"ICEContactDelTelAll","$v":"Всички номера са изтрити. Контактът е махнат от контакти ИС."},{"$i":"no-contacts","$v":"Липсват контакти"},{"$i":"start-adding","$v":"Започнете да ги добавяте сега"},{"$i":"notImported","$v":"Не са внесени"},{"$i":"imported","$v":"Внесени"},{"$i":"today","$v":"Днес"},{"$i":"yesterday","$v":"Вчера"},{"$i":"organise-contacts","$v":"Организиране на контакти"},{"$i":"find-merge-contacts","$v":"Търсене на дублирани"},{"$i":"preparing-contacts","$v":"Подготвяне на контакти"},{"$i":"exportError-SIM-NoFreeRecordFound","$v":"SIM картата е пълна"},{"$i":"exportError-SIM-CannotAccessPhoneBook","$v":"Списъкът с контакти на SIM картата е недостъпен"},{"$i":"exportError-SIM-Unavailable","$v":"Не е намерена SIM карта"},{"$i":"exportError-SIM-GenericError","$v":"Грешка при изнасяне на контакт"},{"$i":"noSimMsgExport","$v":"За да изнасяте контакти, поставете или отключете SIM картата"},{"$i":"noMemoryCardMsgExport","$v":"За да изнасяте контакти, поставете карта за памет"},{"$i":"ContactManagementTitle","$v":"Управление на контакти"},{"$i":"DeleteTitle","$v":"Изтриване"},{"$i":"bulkDeleteButton","$v":"Изтриване на контакти"},{"$i":"BulkDelCancel","$v":"Прекъсване на изтриването на контакт"},{"$i":"DeletedTxt","$v":{"zero":"Няма контакт за изтриване","one":"1 премахнат контакт","two":[{"t":"idOrVar","v":"n"}," премахнати контакта"],"few":[{"t":"idOrVar","v":"n"}," премахнати контакта"],"many":[{"t":"idOrVar","v":"n"}," премахнати контакти"],"other":[{"t":"idOrVar","v":"n"}," премахнати контакта"]},"$x":[{"t":"idOrVar","v":"plural"},"n"]},{"$i":"DeletingContacts","$v":"Изтриване на контакти"},{"$i":"ContactConfirmDel","$v":{"zero":"Няма контакт за изтриване","one":"Изтриване на 1 контакт? Това действие не може да бъде отменено.","two":["Изтриване на ",{"t":"idOrVar","v":"n"}," контакта? Това действие не може да бъде отменено."],"few":["Изтриване на ",{"t":"idOrVar","v":"n"}," контакта? Това действие не може да бъде отменено."],"many":["Изтриване на ",{"t":"idOrVar","v":"n"}," контакта? Това действие не може да бъде отменено."],"other":["Изтриване на ",{"t":"idOrVar","v":"n"}," контакта? Това действие не може да бъде отменено."]},"$x":[{"t":"idOrVar","v":"plural"},"n"]},{"$i":"SelectedTxt","$v":{"zero":"Контакти","one":[{"t":"idOrVar","v":"n"}," избран"],"two":[{"t":"idOrVar","v":"n"}," избрани"],"few":[{"t":"idOrVar","v":"n"}," избрани"],"many":[{"t":"idOrVar","v":"n"}," избрани"],"other":[{"t":"idOrVar","v":"n"}," избрани"]},"$x":[{"t":"idOrVar","v":"plural"},"n"]},{"$i":"video","$v":"Видео"},{"$i":"audio","$v":"Аудио"},{"$i":"pick_destination","$v":[{"t":"idOrVar","v":"destination"}," ",{"t":"idOrVar","v":"carrier"}]},{"$i":"removeField","ariaLabel":"Премахване"},{"$i":"undo","ariaLabel":"Отмяна"},{"$i":"send-sms-button","ariaLabel":"SMS"},{"$i":"ice_contacts","$v":"Контакти ИС"},{"$i":"edit-picture","$v":"Промяна на снимката"},{"$i":"remove-photo","$v":"Премахване на снимката"},{"$i":"change-photo","$v":"Промяна на снимката"},{"$i":"photo-options","$v":"Настройки на снимката"},{"$i":"vCardContacts-imported","$v":{"zero":"No contacts imported","one":"Imported one contact","two":["Imported ",{"t":"idOrVar","v":"n"}," contacts"],"few":["Imported ",{"t":"idOrVar","v":"n"}," contacts"],"many":["Imported ",{"t":"idOrVar","v":"n"}," contacts"],"other":["Imported ",{"t":"idOrVar","v":"n"}," contacts"]},"$x":[{"t":"idOrVar","v":"plural"},"n"]},{"$i":"voiceMail","$v":"Гласова поща"},{"$i":"back","$v":"Назад"},{"$i":"noSimMsg","$v":"За да внасяте контакти, поставете или отключете SIM картата"},{"$i":"noMemoryCardMsg","$v":"За да внасяте контакти, поставете карта за памет"},{"$i":"importMemoryCard","$v":"Карта за памет"},{"$i":"noConnection11","$v":"За внасяне на приятели или контакти от Facebook, свържете се по Wi-Fi или мрежа за данни"},{"$i":"emptyAccount","$v":"В този профил не са открити приятели или контакти."},{"$i":"simContacts-import","$v":"Внасяне на контакти от SIM"},{"$i":"simContacts-importing","$v":"Внасяне на контактите от SIM…"},{"$i":"simContacts-reading","$v":"Четене от SIM карта…"},{"$i":"simContacts-error","$v":"Не можаха да се внесат контакти от SIM"},{"$i":"simContacts-imported3","$v":{"zero":"На SIM не са открити контакти","one":"Внесен един контакт","two":["Внесени ",{"t":"idOrVar","v":"n"}," контакта"],"few":["Внесени ",{"t":"idOrVar","v":"n"}," контакта"],"many":["Внесени ",{"t":"idOrVar","v":"n"}," контакта"],"other":["Внесени ",{"t":"idOrVar","v":"n"}," контакта"]},"$x":[{"t":"idOrVar","v":"plural"},"n"]},{"$i":"memoryCardContacts-import","$v":"Внасяне на контакти от карта за памет"},{"$i":"memoryCardContacts-importing","$v":"Внасяне на контакти от картата за памет…"},{"$i":"memoryCardContacts-reading","$v":"Четене от карта за памет…"},{"$i":"memoryCardContacts-error","$v":"Не са внесени контакти от картата за памет"},{"$i":"memoryCardContacts-imported3","$v":{"zero":"Няма контакти в картата за памет, които да се внесат","one":"Внесен е един контакт","two":["Внесени са ",{"t":"idOrVar","v":"n"}," контакта"],"few":["Внесени са ",{"t":"idOrVar","v":"n"}," контакта"],"many":["Внесени са ",{"t":"idOrVar","v":"n"}," контакта"],"other":["Внесени са ",{"t":"idOrVar","v":"n"}," контакта"]},"$x":[{"t":"idOrVar","v":"plural"},"n"]},{"$i":"genericProgress","$v":[{"t":"idOrVar","v":"current"},"/",{"t":"idOrVar","v":"total"}]},{"$i":"facebook-import-msg2","$v":[{"t":"idOrVar","v":"imported"},"/",{"t":"idOrVar","v":"total"}," внесени приятеля"]},{"$i":"contactsMerged","$v":{"zero":"Няма слети дублирани контакти","one":"Слят е един дублиран контакт","two":[{"t":"idOrVar","v":"numDups"}," контакта са слети"],"few":[{"t":"idOrVar","v":"numDups"}," контакта са слети"],"many":[{"t":"idOrVar","v":"numDups"}," контакта са слети"],"other":[{"t":"idOrVar","v":"numDups"}," контакта са слети"]},"$x":[{"t":"idOrVar","v":"plural"},"numDups"]},{"$i":"weekday-0-long","$v":"неделя"},{"$i":"weekday-1-long","$v":"понеделник"},{"$i":"weekday-2-long","$v":"вторник"},{"$i":"weekday-3-long","$v":"сряда"},{"$i":"weekday-4-long","$v":"четвъртък"},{"$i":"weekday-5-long","$v":"петък"},{"$i":"weekday-6-long","$v":"събота"},{"$i":"weekday-0-short","$v":"нед"},{"$i":"weekday-1-short","$v":"пон"},{"$i":"weekday-2-short","$v":"вто"},{"$i":"weekday-3-short","$v":"сря"},{"$i":"weekday-4-short","$v":"чет"},{"$i":"weekday-5-short","$v":"пет"},{"$i":"weekday-6-short","$v":"съб"},{"$i":"month-0-long","$v":"януари"},{"$i":"month-1-long","$v":"февруари"},{"$i":"month-2-long","$v":"мaрт"},{"$i":"month-3-long","$v":"април"},{"$i":"month-4-long","$v":"май"},{"$i":"month-5-long","$v":"юни"},{"$i":"month-6-long","$v":"юли"},{"$i":"month-7-long","$v":"август"},{"$i":"month-8-long","$v":"септември"},{"$i":"month-9-long","$v":"октомври"},{"$i":"month-10-long","$v":"ноември"},{"$i":"month-11-long","$v":"декември"},{"$i":"month-0-genitive","$v":"януари"},{"$i":"month-1-genitive","$v":"февруари"},{"$i":"month-2-genitive","$v":"мaрт"},{"$i":"month-3-genitive","$v":"април"},{"$i":"month-4-genitive","$v":"май"},{"$i":"month-5-genitive","$v":"юни"},{"$i":"month-6-genitive","$v":"юли"},{"$i":"month-7-genitive","$v":"август"},{"$i":"month-8-genitive","$v":"септември"},{"$i":"month-9-genitive","$v":"октомври"},{"$i":"month-10-genitive","$v":"ноември"},{"$i":"month-11-genitive","$v":"декември"},{"$i":"month-0-short","$v":"яну"},{"$i":"month-1-short","$v":"фев"},{"$i":"month-2-short","$v":"мар"},{"$i":"month-3-short","$v":"апр"},{"$i":"month-4-short","$v":"май"},{"$i":"month-5-short","$v":"юни"},{"$i":"month-6-short","$v":"юли"},{"$i":"month-7-short","$v":"авг"},{"$i":"month-8-short","$v":"сеп"},{"$i":"month-9-short","$v":"окт"},{"$i":"month-10-short","$v":"ное"},{"$i":"month-11-short","$v":"дек"},{"$i":"minutes-ago-long","$v":{"zero":"току-що","one":"преди минута","two":["преди ",{"t":"idOrVar","v":"value"}," минути"],"few":["преди ",{"t":"idOrVar","v":"value"}," минути"],"many":["преди ",{"t":"idOrVar","v":"value"}," минути"],"other":["преди ",{"t":"idOrVar","v":"value"}," минути"]},"$x":[{"t":"idOrVar","v":"plural"},"value"]},{"$i":"hours-ago-long","$v":{"zero":"току-що","one":"преди час","two":["преди ",{"t":"idOrVar","v":"value"}," часа"],"few":["преди ",{"t":"idOrVar","v":"value"}," часа"],"many":["преди ",{"t":"idOrVar","v":"value"}," часа"],"other":["преди ",{"t":"idOrVar","v":"value"}," часа"]},"$x":[{"t":"idOrVar","v":"plural"},"value"]},{"$i":"days-ago-long","$v":{"zero":"днес","one":"вчера","two":["преди ",{"t":"idOrVar","v":"value"}," дена"],"few":["преди ",{"t":"idOrVar","v":"value"}," дена"],"many":["преди ",{"t":"idOrVar","v":"value"}," дена"],"other":["преди ",{"t":"idOrVar","v":"value"}," дена"]},"$x":[{"t":"idOrVar","v":"plural"},"value"]},{"$i":"weeks-ago-long","$v":{"zero":"тази седмица","one":"миналата седмица","two":["преди ",{"t":"idOrVar","v":"value"}," седмици"],"few":["преди ",{"t":"idOrVar","v":"value"}," седмици"],"many":["преди ",{"t":"idOrVar","v":"value"}," седмици"],"other":["преди ",{"t":"idOrVar","v":"value"}," седмици"]},"$x":[{"t":"idOrVar","v":"plural"},"value"]},{"$i":"months-ago-long","$v":{"zero":"този месец","one":"миналия месец","two":["преди ",{"t":"idOrVar","v":"value"}," месеца"],"few":["преди ",{"t":"idOrVar","v":"value"}," месеца"],"many":["преди ",{"t":"idOrVar","v":"value"}," месеца"],"other":["преди ",{"t":"idOrVar","v":"value"}," месеца"]},"$x":[{"t":"idOrVar","v":"plural"},"value"]},{"$i":"years-ago-long","$v":{"zero":"тази година","one":"миналата година","two":["преди ",{"t":"idOrVar","v":"value"}," години"],"few":["преди ",{"t":"idOrVar","v":"value"}," години"],"many":["преди ",{"t":"idOrVar","v":"value"}," години"],"other":["преди ",{"t":"idOrVar","v":"value"}," години"]},"$x":[{"t":"idOrVar","v":"plural"},"value"]},{"$i":"minutes-until-long","$v":{"zero":"сега","one":"до една минута","two":["след ",{"t":"idOrVar","v":"value"}," минути"],"few":["след ",{"t":"idOrVar","v":"value"}," минути"],"many":["след ",{"t":"idOrVar","v":"value"}," минути"],"other":["след ",{"t":"idOrVar","v":"value"}," минути"]},"$x":[{"t":"idOrVar","v":"plural"},"value"]},{"$i":"hours-until-long","$v":{"zero":"сега","one":"до един час","two":["след ",{"t":"idOrVar","v":"value"}," часа"],"few":["след ",{"t":"idOrVar","v":"value"}," часа"],"many":["след ",{"t":"idOrVar","v":"value"}," часа"],"other":["след ",{"t":"idOrVar","v":"value"}," часа"]},"$x":[{"t":"idOrVar","v":"plural"},"value"]},{"$i":"days-until-long","$v":{"zero":"днес","one":"утре","two":["след ",{"t":"idOrVar","v":"value"}," дена"],"few":["след ",{"t":"idOrVar","v":"value"}," дена"],"many":["след ",{"t":"idOrVar","v":"value"}," дена"],"other":["след ",{"t":"idOrVar","v":"value"}," дена"]},"$x":[{"t":"idOrVar","v":"plural"},"value"]},{"$i":"weeks-until-long","$v":{"zero":"тази седмица","one":"другата седмица","two":["след ",{"t":"idOrVar","v":"value"}," седмици"],"few":["след ",{"t":"idOrVar","v":"value"}," седмици"],"many":["след ",{"t":"idOrVar","v":"value"}," седмици"],"other":["след ",{"t":"idOrVar","v":"value"}," седмици"]},"$x":[{"t":"idOrVar","v":"plural"},"value"]},{"$i":"months-until-long","$v":{"zero":"този месец","one":"другия месец","two":["след ",{"t":"idOrVar","v":"value"}," месеца"],"few":["след ",{"t":"idOrVar","v":"value"}," месеца"],"many":["след ",{"t":"idOrVar","v":"value"}," месеца"],"other":["след ",{"t":"idOrVar","v":"value"}," месеца"]},"$x":[{"t":"idOrVar","v":"plural"},"value"]},{"$i":"years-until-long","$v":{"zero":"тази година","one":"следващата година","two":["след ",{"t":"idOrVar","v":"value"}," години"],"few":["след ",{"t":"idOrVar","v":"value"}," години"],"many":["след ",{"t":"idOrVar","v":"value"}," години"],"other":["след ",{"t":"idOrVar","v":"value"}," години"]},"$x":[{"t":"idOrVar","v":"plural"},"value"]},{"$i":"minutes-ago-short","$v":{"zero":"току-що","other":["преди ",{"t":"idOrVar","v":"value"},"м"]},"$x":[{"t":"idOrVar","v":"plural"},"value"]},{"$i":"hours-ago-short","$v":{"zero":"току-що","other":["преди ",{"t":"idOrVar","v":"value"},"ч"]},"$x":[{"t":"idOrVar","v":"plural"},"value"]},{"$i":"days-ago-short","$v":{"zero":"днес","other":["преди ",{"t":"idOrVar","v":"value"},"д"]},"$x":[{"t":"idOrVar","v":"plural"},"value"]},{"$i":"minutes-until-short","$v":{"zero":"сега","other":["след ",{"t":"idOrVar","v":"value"},"м"]},"$x":[{"t":"idOrVar","v":"plural"},"value"]},{"$i":"hours-until-short","$v":{"zero":"сега","other":["след ",{"t":"idOrVar","v":"value"},"ч"]},"$x":[{"t":"idOrVar","v":"plural"},"value"]},{"$i":"days-until-short","$v":{"zero":"днес","other":["след ",{"t":"idOrVar","v":"value"},"д"]},"$x":[{"t":"idOrVar","v":"plural"},"value"]},{"$i":"incorrectDate","$v":"(невалидна дата)"},{"$i":"dateTimeFormat_%c","$v":"%a, %e %b %Y %H:%M:%S"},{"$i":"dateTimeFormat_%x","$v":"%d.%m.%Y"},{"$i":"dateTimeFormat_%X","$v":"%H:%M:%S"},{"$i":"shortTimeFormat","$v":"%I:%M %p"},{"$i":"shortTimeFormat12","$v":"%I:%M %p"},{"$i":"shortTimeFormat24","$v":"%H:%M"},{"$i":"shortDateTimeFormat","$v":"%x %H:%M"},{"$i":"weekStartsOnMonday","$v":"1"},{"$i":"firstDayOfTheWeek","$v":"1"},{"$i":"time_am","$v":"пр.об."},{"$i":"time_pm","$v":"сл.об."},{"$i":"label","$v":"Етикет"},{"$i":"mobile","$v":"Мобилен"},{"$i":"home","$v":"Домашен"},{"$i":"work","$v":"Работен"},{"$i":"personal","$v":"Личен"},{"$i":"faxHome","$v":"Факс у дома"},{"$i":"faxOffice","$v":"Факс в офиса"},{"$i":"faxOther","$v":"Факс другаде"},{"$i":"another","$v":"Още"},{"$i":"other","$v":"Друго"},{"$i":"customTag","placeholder":"Персонализиран етикет"},{"$i":"current","$v":"Настоящ"},{"$i":"itemWithLabel","$v":[{"t":"idOrVar","v":"label"},", ",{"t":"idOrVar","v":"item"}]},{"$i":"addNewNumber","$v":"Нов контакт с този номер"},{"$i":"contactDetails","$v":"Данни за контакт"},{"$i":"addToExistingContact","$v":"Добавяне към контакт"},{"$i":"all","$v":"Всички","ariaLabel":"Всички"},{"$i":"bluetoothOption","ariaLabel":"Bluetooth"},{"$i":"callLog","$v":"Обаждания"},{"$i":"callLogEdit","title":"Редактиране на обажданията"},{"$i":"callLogEditDialog","ariaLabel":"Диалог за редактиране на журнала с обажданията"},{"$i":"connecting","$v":"Свързване"},{"$i":"connectingEllipsis","$v":"Свързване"},{"$i":"call-forwarding-async","$v":["Асинхронно: ",{"t":"idOrVar","v":"async"}]},{"$i":"call-forwarding-data","$v":["Данни: ",{"t":"idOrVar","v":"data"}]},{"$i":"call-forwarding-error","$v":"Грешка при вземане на състоянието на пренасочване на обажданията"},{"$i":"call-forwarding-fax","$v":["Факс: ",{"t":"idOrVar","v":"fax"}]},{"$i":"call-forwarding-inactive","$v":"Неактивно"},{"$i":"call-forwarding-packet","$v":["Пакет: ",{"t":"idOrVar","v":"packet"}]},{"$i":"call-forwarding-pad","$v":["Слот: ",{"t":"idOrVar","v":"pad"}]},{"$i":"call-forwarding-sms","$v":["SMS: ",{"t":"idOrVar","v":"sms"}]},{"$i":"call-forwarding-status","$v":"Състояние на пренасочване на обажданията"},{"$i":"call-forwarding-sync","$v":["Синхронно: ",{"t":"idOrVar","v":"sync"}]},{"$i":"call-forwarding-voice","$v":["Гласово: ",{"t":"idOrVar","v":"voice"}]},{"$i":"confirm-deletion","$v":"Изчистване на избраните обаждания?"},{"$i":"createNewContact","$v":"Създаване на контакт"},{"$i":"dialerAddContact","ariaLabel":"Добавяне на контакт"},{"$i":"dialerAddContactDialog","ariaLabel":"Диалог за добавяне на контакт"},{"$i":"callInformation","$v":"Информация за обаждане"},{"$i":"edit-selected","$v":{"one":[{"t":"idOrVar","v":"n"}," избран"],"two":[{"t":"idOrVar","v":"n"}," избрани"],"few":[{"t":"idOrVar","v":"n"}," избрани"],"many":[{"t":"idOrVar","v":"n"}," избрани"],"other":[{"t":"idOrVar","v":"n"}," избрани"]},"$x":[{"t":"idOrVar","v":"plural"},"n"]},{"$i":"hideKeypad","ariaLabel":"Скриване на клавиатурата"},{"$i":"ignore","$v":"Игнориране на обаждането"},{"$i":"incoming","$v":"Входящи"},{"$i":"keypad","ariaLabel":"Цифрова клавиатура"},{"$i":"info-missed","$v":"Пропуснати"},{"$i":"missed","$v":"Пропуснати","ariaLabel":"Пропуснати"},{"$i":"canceled","$v":"Отказан"},{"$i":"missedCall","$v":"Пропуснато обаждане"},{"$i":"missedCallMultiSims","$v":["(SIM ",{"t":"idOrVar","v":"n"},") Пропуснато обаждане"]},{"$i":"mmi-error","$v":"Възникна грешка при изпращането на съобщението"},{"$i":"mmi-session-expired","$v":"Сесията е изтекла"},{"$i":"mmi-successfully-sent","$v":"Съобщението е изпратено успешно"},{"$i":"mmi-notification-title-with-sim","$v":["(",{"t":"idOrVar","v":"sim"},") ",{"t":"idOrVar","v":"title"}]},{"$i":"mute","ariaLabel":"Заглушаване"},{"$i":"newCall","ariaLabel":"Позвъняване"},{"$i":"no-logs-msg-1","$v":"Няма записани обаждания"},{"$i":"no-logs-msg-2","$v":"Започнете да комуникирате сега"},{"$i":"no-logs-msg-3","$v":"Няма пропуснати обаждания"},{"$i":"onHoldOption","ariaLabel":"Изчакващ"},{"$i":"outgoing","$v":"Изходящо"},{"$i":"recents","ariaLabel":"Последни обаждания"},{"$i":"reply","$v":"Отговаряне"},{"$i":"send","$v":"Готово"},{"$i":"switch-calls","$v":"Смяна на разговори"},{"$i":"withheld-number","$v":"Скрит номер"},{"$i":"from-contact","$v":["От ",{"t":"idOrVar","v":"contact"}]},{"$i":"from-number","$v":["От ",{"t":"idOrVar","v":"number"}]},{"$i":"from-withheld-number","$v":"От скрит номер"},{"$i":"sending","$v":"Изпращане…"},{"$i":"speakerOption","ariaLabel":"Високоговорител"},{"$i":"ussd-services","$v":["Услуги на ",{"t":"idOrVar","v":"operator"}]},{"$i":"toggleKeypad","ariaLabel":"Цифрова клавиатура"},{"$i":"type-your-response","placeholder":"Въвеждане на отговор…"},{"$i":"clear-all-text","$v":"Изчистване на текста"},{"$i":"hide","$v":"Скриване"},{"$i":"hold","ariaLabel":"Задържане"},{"$i":"resume","$v":"Продължаване","ariaLabel":"Продължаване"},{"$i":"sendSms","$v":"Изпращане на съобщение"},{"$i":"callEnded","$v":"Край на разговора"},{"$i":"via-sim","$v":["през SIM",{"t":"idOrVar","v":"n"}]},{"$i":"sim-number","$v":["SIM",{"t":"idOrVar","v":"n"}]},{"$i":"unknown","$v":"Неизвестно"},{"$i":"hangup-a11y-button","ariaLabel":"Затваряне"},{"$i":"pickup-a11y-button","ariaLabel":"Отговаряне"},{"$i":"unlock-a11y-button","ariaLabel":"Плъзгач"},{"$i":"settings","$v":"Настройки"},{"$i":"delete-n-log?","$v":{"zero":"Няма избрани","one":"Изтриване на избрания запис?","two":["Изтриване на ",{"t":"idOrVar","v":"n"}," записа?"],"few":["Изтриване на ",{"t":"idOrVar","v":"n"}," записа?"],"many":["Изтриване на ",{"t":"idOrVar","v":"n"}," записа?"],"other":["Изтриване на ",{"t":"idOrVar","v":"n"}," записа?"]},"$x":[{"t":"idOrVar","v":"plural"},"n"]},{"$i":"callDurationMinutes","$v":[{"t":"idOrVar","v":"m"},":",{"t":"idOrVar","v":"s"}]},{"$i":"callDurationHours","$v":[{"t":"idOrVar","v":"h"},":",{"t":"idOrVar","v":"m"},":",{"t":"idOrVar","v":"s"}]},{"$i":"callDurationTextFormatSeconds","$v":[{"t":"idOrVar","v":"s"}," с"]},{"$i":"callDurationTextFormatMinutes","$v":[{"t":"idOrVar","v":"m"}," м ",{"t":"idOrVar","v":"s"}," с"]},{"$i":"callDurationTextFormatHours","$v":[{"t":"idOrVar","v":"h"}," ч ",{"t":"idOrVar","v":"m"}," м ",{"t":"idOrVar","v":"s"}," с"]},{"$i":"suggestionMatches","$v":{"one":[{"t":"idOrVar","v":"n"}," съответствие за „",{"t":"idOrVar","v":"matchNumber"},"“"],"two":[{"t":"idOrVar","v":"n"}," съответствия за „",{"t":"idOrVar","v":"matchNumber"},"“"],"few":[{"t":"idOrVar","v":"n"}," съответствия за „",{"t":"idOrVar","v":"matchNumber"},"“"],"many":[{"t":"idOrVar","v":"n"}," съответствия за „",{"t":"idOrVar","v":"matchNumber"},"“"],"other":[{"t":"idOrVar","v":"n"}," съответствия за „",{"t":"idOrVar","v":"matchNumber"},"“"]},"$x":[{"t":"idOrVar","v":"plural"},"n"]},{"$i":"scCallBarring","$v":"Блокиране"},{"$i":"scCallForwarding","$v":"Пренасочване"},{"$i":"scClip","$v":"Входящо обаждане"},{"$i":"scClir","$v":"Изходящо обаждане"},{"$i":"scPwd","$v":"Промяна на парола"},{"$i":"scCallWaiting","$v":"Изчакване на обажданията"},{"$i":"scPin","$v":"Смяна на PIN"},{"$i":"scPin2","$v":"Смяна на PIN2"},{"$i":"scPuk","$v":"Отблокиране PIN"},{"$i":"scPuk2","$v":"Отблокиране PIN2"},{"$i":"scImei","$v":"IMEI"},{"$i":"scUssd","$v":"USSD"},{"$i":"serviceClassVoice","$v":"Глас"},{"$i":"serviceClassData","$v":"Данни"},{"$i":"serviceClassFax","$v":"FAX"},{"$i":"serviceClassSms","$v":"SMS"},{"$i":"serviceClassDataSync","$v":"Синхр."},{"$i":"serviceClassDataAsync","$v":"Асинхр."},{"$i":"serviceClassPacket","$v":"Пакетно"},{"$i":"serviceClassPad","$v":"PAD"},{"$i":"smServiceEnabled","$v":"Услугата беше включена"},{"$i":"smServiceDisabled","$v":"Услугата беше изключена"},{"$i":"smServiceRegistered","$v":"Регистрацията беше успешна"},{"$i":"smServiceErased","$v":"Заличаването беше успешно"},{"$i":"smServiceInterrogated","$v":"Запитването беше успешно"},{"$i":"smServiceNotProvisioned","$v":"Услугата не е провизирана"},{"$i":"smClirPermanent","$v":"Не може да смените настройката за caller ID"},{"$i":"smClirDefaultOnNextCallOn","$v":"Стандартно caller ID е ограничен. Следващо обаждане: Ограничен"},{"$i":"smClirDefaultOnNextCallOff","$v":"Стандартно caller ID е ограничен. Следващо обаждане: Не е ограничен"},{"$i":"smClirDefaultOffNextCallOn","$v":"Стандартно caller ID не е ограничен. Следващо обаждане: Ограничен"},{"$i":"smClirDefaultOffNextCallOff","$v":"Стандартно caller ID не е ограничен. Следващо обаждане: Не е ограничен"},{"$i":"smServiceEnabledFor","$v":"Услугата е включена за:"},{"$i":"smPinChanged","$v":"Успешна смяна на PIN"},{"$i":"smPinUnblocked","$v":"Успешно отблокиране на PIN"},{"$i":"smPin2Changed","$v":"Успешна смяна на PIN2"},{"$i":"smPin2Unblocked","$v":"Успешно отблокиране на PIN2"},{"$i":"ServiceIsEnabled","$v":"Услугата е включена"},{"$i":"ServiceIsDisabled","$v":"Услугата е изключена"},{"$i":"ServiceIsEnabledFor","$v":"Услугата е включена за:"},{"$i":"emMmiError","$v":"Проблем със свързаността или невалиден MMI код"},{"$i":"emMmiErrorPasswordIncorrect","$v":"Грешна парола"},{"$i":"emMmiErrorNotSupported","$v":"Грешен или неподдържан MMI код"},{"$i":"emMmiErrorInvalidAction","$v":"Невалидно действие"},{"$i":"emMmiErrorInvalidScCode","$v":"Невалиден сервизен код"},{"$i":"emMmiErrorBadPuk","$v":"PUK кодът е невалиден"},{"$i":"emMmiErrorBadPin","$v":"Старият PIN код е неправилен."},{"$i":"emMmiErrorNeedPuk2","$v":"Въведете PUK2, за да разблокирате SIM картата"},{"$i":"emMmiErrorMismatchPin","$v":"Въведените PIN кодове са различни"},{"$i":"emMmiErrorInvalidPin","$v":"Въведете PIN код от 4 до 8 цифри"},{"$i":"emMmiErrorNeedsPuk","$v":"Вашата SIM карта е заключена с PUK"},{"$i":"emMmiErrorEnablePin","$v":"Неуспешно. Включи SIM/RUIM LOCK"},{"$i":"emMmiErrorMmiFdn","$v":"Операцията е ограничена само до фиксирани номера"},{"$i":"emMmiErrorStkCcUssdDial","$v":"USSD запитването е променено на DIAL запитване"},{"$i":"emMmiErrorStkCcUssdSs","$v":"USSD запитването е променено на SS запитване"},{"$i":"emMmiErrorStkCcUssdUssd","$v":"USSD запитването е променено на ново USSD запитване"},{"$i":"emMmiErrorStkCcSsDial","$v":"SS запитването е променено на DIAL запитване"},{"$i":"emMmiErrorStkCcSsUssd","$v":"SS запитването е променено на USSD запитване"},{"$i":"emMmiErrorStkCcSsSs","$v":"SS запитването е променено на ново SS запитване"},{"$i":"emMmiErrorPinPukAttempts","$v":{"one":["Остава само ",{"t":"idOrVar","v":"n"}," опит"],"two":["Остават ",{"t":"idOrVar","v":"n"}," опита"],"few":["Остават ",{"t":"idOrVar","v":"n"}," опита"],"many":["Остават ",{"t":"idOrVar","v":"n"}," опита"],"other":["Остават ",{"t":"idOrVar","v":"n"}," опита"]},"$x":[{"t":"idOrVar","v":"plural"},"n"]},{"$i":"emMmiErrorSimBlocked","$v":"Максималният брой на опитите е надвишен. SIM е блокиран."},{"$i":"RadioNotAvailable","$v":"Не е налично радио"},{"$i":"GenericFailure","$v":"Обща грешка"},{"$i":"PasswordIncorrect","$v":"Грешна парола"},{"$i":"SimPin2","$v":"SIM PIN2"},{"$i":"SimPuk2","$v":"SIM PUK2"},{"$i":"RequestNotSupported","$v":"Запитването не е поддържано"},{"$i":"OpNotAllowedDuringVoiceCall","$v":"Операцията не е позволена по време на гласово обаждане"},{"$i":"SmsSendFailRetry","$v":"SMS изпращане грешка повторение"},{"$i":"SimAbsent","$v":"Липсва SIM"},{"$i":"SubscriptionNotAvailable","$v":"Не е наличен абонамент"},{"$i":"ModeNotSupported","$v":"Режимът не е поддържан"},{"$i":"FdnCheckFailure","$v":"Грешка при проверката на Fdn"},{"$i":"IllegalSimOrMe","$v":"Невалиден SIM или ME"},{"$i":"DialModifiedToUssd","$v":"Набирането е променено на USSD"},{"$i":"DialModifiedToSs","$v":"Набирането е променено на SS"},{"$i":"DialModifiedToDial","$v":"Набирането е променено на набиране"},{"$i":"UssdModifiedToDial","$v":"USSD е променен на набиране"},{"$i":"UssdModifiedToSs","$v":"USSD е променен на SS"},{"$i":"UssdModifiedToUssd","$v":"USSD е променен на USSD"},{"$i":"SsModifiedToDial","$v":"SS е променен на набиране"},{"$i":"SsModifiedToUssd","$v":"SS е променен на USSD"},{"$i":"SsModifiedToSs","$v":"SS е променен на SS"},{"$i":"SubscriptionNotSupported","$v":"Абонамент не е поддържан"},{"$i":"InvalidParameter","$v":"Невалиден параметър"},{"$i":"RejectedByRemote","$v":"Отказан от отдалечен"},{"$i":"conferenceCall","$v":["Конференция (",{"t":"idOrVar","v":"n"},")"]},{"$i":"caller-left-call","$v":[{"t":"idOrVar","v":"caller"}," напусна разговора."]},{"$i":"conferenceAddError","$v":"Неуспешно сливане на разговори"},{"$i":"conferenceRemoveError","$v":"Неуспешно разделяне на разговори"},{"$i":"longDateFormat","$v":"%A, %e %B"},{"$i":"select-audio-sources","$v":"Избиране на аудиоизточник"},{"$i":"bluetooth-handsfree-device","$v":"Устройство свободни ръце на Bluetooth"},{"$i":"receiver","$v":"Получател"},{"$i":"speaker","$v":"Високоговорител"},{"$i":"voicemailNoNumberTitle","$v":"Няма номер за гласова поща"},{"$i":"voicemailNoNumberText","$v":"Не може да се направи обаждане към гласовата поща. Настройте номер на гласова поща, за да се обадите."},{"$i":"voicemailNoNumberSettings","$v":"Настройки"},{"$i":"voicemailNoNumberCancel","$v":"Отказ"},{"$i":"phoneNumberInput","ariaLabel":"Телефонен номер"},{"$i":"keypadDelete","ariaLabel":"Изтриване"},{"$i":"voiceMailKey","ariaLabel":"Гласова поща"},{"$i":"asterisk","ariaLabel":"Звезда"},{"$i":"hashSign","ariaLabel":"Знак за диез"},{"$i":"loadingSimContacts","$v":"Loading SIM card contacts…"},{"$i":"noContactsWereFound","$v":"No contacts were found"},{"$i":"noContactsFoundDialogOk","$v":"OK"},{"$i":"emergencyNumber","$v":"Номер спешен случай"},{"$i":"callAirplaneModeMessage","$v":"За да се обаждате, трябва да изключите самолетния режим от Настройки."},{"$i":"callAirplaneModeBtnOk","$v":"Добре"},{"$i":"callAirplaneModeTitle","$v":"Самолетният режим е включен"},{"$i":"numberIsBusyTitle","$v":"Номерът е зает"},{"$i":"numberIsBusyMessage","$v":"Номерът в момента е зает. Моля, опитайте по-късно."},{"$i":"fdnIsActiveTitle","$v":"ФН включен"},{"$i":"fdnIsActiveMessage","$v":["FDN (Фиксирани номера за набиране) са активни и следният номер не е в списъка: ",{"t":"idOrVar","v":"number"}]},{"$i":"emergencyDialogBodyBadNumber","$v":"За да се обаждате, телефонът трябва да е свързан към мрежа на мобилен оператор."},{"$i":"emergencyDialogBodyDeviceNotAccepted","$v":"Спешните разговори са забранени от този оператор."},{"$i":"emergencyDialogBtnOk","$v":"Добре"},{"$i":"emergencyDialogTitle","$v":"Няма връзка към мрежа"},{"$i":"invalidNumberToDialTitle","$v":"Невалиден телефонен номер"},{"$i":"invalidNumberToDialMessage","$v":"Телефонният номер, който набирате е невалиден."},{"$i":"unableToCallTitle","$v":"В момента е невъзможно да бъде проведен разговор"},{"$i":"unableToCallMessage","$v":"Невъзможно да бъде проведен разговор. Ако набирате, моля първо затворете."},{"$i":"otherConnectionInUseTitle","$v":"Използва се друга мрежова свързаност"},{"$i":"otherConnectionInUseMessage","$v":"Активно е обаждане в друга мрежова свързаност. В даден момент може да използвате само една мрежова свързаност."}]