[{"$i":"close","$v":"Luk"},{"$i":"import","$v":"Importer"},{"$i":"update","$v":"Opdater"},{"$i":"fbFriends","$v":"Facebook-venner"},{"$i":"live-serviceName","$v":"Outlook"},{"$i":"gmail-serviceName","$v":"Gmail"},{"$i":"facebook-serviceName","$v":"Facebook-venner"},{"$i":"selectAll","$v":"Marker alle"},{"$i":"deselectAll","$v":"Fjern markeringer"},{"$i":"viewAll","$v":"Vis alle Facebook-venner"},{"$i":"viewRecommend","$v":"Vis kun anbefalede"},{"$i":"linkProposal","$v":{"zero":"Ingen matchende venner, viser alle","one":"Marker den anbefalede","two":"Marker en af de anbefalede","few":"Marker en af de anbefalede","many":"Marker en af de anbefalede","other":"Marker en af de anbefalede"},"$x":[{"t":"idOrVar","v":"plural"},"numFriends"]},{"$i":"fbFriendsFound","$v":{"zero":"Alle dine venner er importeret","one":"Fandt 1 ven, der kan importeres","two":["Fandt ",{"t":"idOrVar","v":"numFriends"}," venner, der kan importeres"],"few":["Fandt ",{"t":"idOrVar","v":"numFriends"}," venner, der kan importeres"],"many":["Fandt ",{"t":"idOrVar","v":"numFriends"}," venner, der kan importeres"],"other":["Fandt ",{"t":"idOrVar","v":"numFriends"}," venner, der kan importeres"]},"$x":[{"t":"idOrVar","v":"plural"},"numFriends"]},{"$i":"fbNoFriends","$v":"Fandt ingen kontakter, der kan importeres"},{"$i":"facebook","$v":"Facebook"},{"$i":"search-contact","placeholder":"Søg"},{"$i":"noResults","$v":"Ingen kontakter fundet"},{"$i":"done-search","$v":"Færdig"},{"$i":"progressFB3ImportTitle","$v":"Importerer venner til Kontakter"},{"$i":"progressFB","$v":[{"t":"idOrVar","v":"current"},"/",{"t":"idOrVar","v":"total"}]},{"$i":"progressFB3UpdateTitle","$v":"Opdaterer venner i Kontakter"},{"$i":"message2","$v":"Dette kan tage nogle minutter"},{"$i":"messageLinking","$v":"Vent. Vi linker dine venner og dine kontakter."},{"$i":"messageCanceling","$v":"Vent. Vi annullerer den igangværende handling."},{"$i":"error1","$v":["Fejl ",{"t":"idOrVar","v":"from"}]},{"$i":"error2","$v":"Vil du prøve igen?"},{"$i":"errorProposal","$v":"udregner forslag"},{"$i":"errorFriends","$v":"henter venner"},{"$i":"errorLinking","$v":"linker kontakter"},{"$i":"timeout1","$v":["Overskred tidsgrænse ",{"t":"idOrVar","v":"from"}]},{"$i":"timeout2","$v":"Vil du prøve igen?"},{"$i":"timeoutProposal","$v":"udregner forslag"},{"$i":"timeoutFriends","$v":"henter venner"},{"$i":"timeoutLinking","$v":"linker kontakter"},{"$i":"wait1","$v":"Vent"},{"$i":"wait2","$v":"Dette kan tage nogle minutter"},{"$i":"waitProposal","$v":"Vent. Vi udregner et forslag."},{"$i":"waitFriends","$v":"Vent. Vi forbinder for at hente din venneliste."},{"$i":"curtainCancel","$v":"Annuller"},{"$i":"curtainRetry","$v":"Prøv igen"},{"$i":"curtainOK","$v":"OK"},{"$i":"connectionLost","$v":"Ingen internetforbindelse"},{"$i":"connectionLostMsg","$v":"Venners billeder vil ikke blive føjet til dine kontakter. Fortsæt alligevel?"},{"$i":"yesOption","$v":"OK"},{"$i":"noOption","$v":"Annuller"},{"$i":"friendsUpdated","$v":{"zero":"Ingen venner opdateret","one":"Opdaterede 1 ven","two":["Opdaterede ",{"t":"idOrVar","v":"numFriends"}," venner"],"few":["Opdaterede ",{"t":"idOrVar","v":"numFriends"}," venner"],"many":["Opdaterede ",{"t":"idOrVar","v":"numFriends"}," venner"],"other":["Opdaterede ",{"t":"idOrVar","v":"numFriends"}," venner"]},"$x":[{"t":"idOrVar","v":"plural"},"numFriends"]},{"$i":"friendsMerged","$v":{"zero":"Ingen duplikerede venner sammenflettet","one":"1 duplikeret ven sammenflettet","two":[{"t":"idOrVar","v":"numDups"}," venner sammenflettet"],"few":[{"t":"idOrVar","v":"numDups"}," venner sammenflettet"],"many":[{"t":"idOrVar","v":"numDups"}," venner sammenflettet"],"other":[{"t":"idOrVar","v":"numDups"}," venner sammenflettet"]},"$x":[{"t":"idOrVar","v":"plural"},"numDups"]},{"$i":"notificationLogin","$v":"Din Facebook-session er ugyldig. Du skal logge ind."},{"$i":"syncError","$v":"Der opstod en fejl ved synkronisering af din vens data"},{"$i":"waitDuplicateContacts","$v":"Søger efter dupletter i kontakter"},{"$i":"waitMergingDuplicateContacts","$v":"Sammenfletter dupletter i kontakter"},{"$i":"alertNoDuplicateContacts","$v":"Ingen dupletter fundet i kontakter"},{"$i":"merge","ariaLabel":"Flet"},{"$i":"mergeDuplicateTitle","$v":"Sammenflet dupletter"},{"$i":"suggestedDuplicateContacts","$v":["Formodet duplet for kontakten ",{"t":"idOrVar","v":"name"}]},{"$i":"mergeActionButtonLabel","$v":{"zero":"Ingen kontakter markeret","one":["Sammenflet med ",{"t":"idOrVar","v":"n"}," kontakt"],"two":["Sammenflet med ",{"t":"idOrVar","v":"n"}," kontakter"],"few":["Sammenflet med ",{"t":"idOrVar","v":"n"}," kontakter"],"many":["Sammenflet med ",{"t":"idOrVar","v":"n"}," kontakter"],"other":["Sammenflet med ",{"t":"idOrVar","v":"n"}," kontakter"]},"$x":[{"t":"idOrVar","v":"plural"},"n"]},{"$i":"duplicatesFoundTitle","$v":"Dupletter fundet"},{"$i":"duplicatesFoundMessage","$v":[{"t":"idOrVar","v":"name"}," indeholder information som også er fundet i de følgende kontakter"]},{"$i":"ok","$v":"OK"},{"$i":"gaia-menu-cancel","$v":"Annuller"},{"$i":"gaia-sim-picker-dial-via-with-number","$v":["Ring til ",{"t":"idOrVar","v":"phoneNumber"}," via"]},{"$i":"gaia-sim-picker-select-sim","$v":"Vælg simkort"},{"$i":"gaia-sim-picker-button","$v":["Simkort",{"t":"idOrVar","v":"n"}]},{"$i":"gaia-sim-picker-button-default","$v":"(standard)"},{"$i":"call","$v":"Ring op"},{"$i":"edit","$v":"Rediger"},{"$i":"cancel","$v":"Annuller"},{"$i":"done","$v":"Færdig"},{"$i":"retry","$v":"Prøv igen"},{"$i":"contacts","$v":"Kontakter"},{"$i":"addContact","$v":"Tilføj kontakt"},{"$i":"deleteContact","$v":"Slet kontakt"},{"$i":"selectContact","$v":"Vælg kontakt"},{"$i":"editContact","$v":"Rediger kontakt"},{"$i":"deleteConfirmMsg","$v":"Slet kontakt?"},{"$i":"remove","$v":"Fjern"},{"$i":"delete","$v":"Slet"},{"$i":"comments","$v":"Kommentarer"},{"$i":"no_contact_phones","$v":"Denne kontakt har ikke et telefonnummer"},{"$i":"no_contact_email","$v":"Denne kontakt har ikke en mailadresse"},{"$i":"no_contact_data","$v":"Denne kontakt har hverken telefonnummer eller mailadresse"},{"$i":"removePhotoConfirm","$v":"Fjern kontaktbillede?"},{"$i":"loadingContacts","$v":"Indlæser kontakter…"},{"$i":"noContactsActivity2","$v":"Der er ingen kontakter i din kontaktliste"},{"$i":"noName","$v":"Intet navn"},{"$i":"givenName","placeholder":"Navn"},{"$i":"familyName","placeholder":"Efternavn"},{"$i":"tel","placeholder":"Telefon"},{"$i":"carrier","$v":"Operatør","placeholder":"Operatør"},{"$i":"separator","$v":","},{"$i":"email","$v":"Mail","placeholder":"Mail"},{"$i":"streetAddress","placeholder":"Gade"},{"$i":"postalCode","placeholder":"Postnummer"},{"$i":"locality","placeholder":"By"},{"$i":"countryName","placeholder":"Land"},{"$i":"comment","placeholder":"Kommentar"},{"$i":"org","placeholder":"Firma"},{"$i":"date","$v":"Dato","placeholder":"Dato"},{"$i":"date-span-placeholder","$v":"Dato"},{"$i":"birthday","$v":"Fødselsdato"},{"$i":"dateFormat","$v":"%e. %B"},{"$i":"dateOutput","$v":[{"t":"idOrVar","v":"dayMonthFormatted"}," ",{"t":"idOrVar","v":"year"}]},{"$i":"anniversary","$v":"Jubilæum"},{"$i":"addPhoto","$v":"Tilføj billede"},{"$i":"addPhone","$v":"Tilføj telefonnummer"},{"$i":"addEmail","$v":"Tilføj mailadresse"},{"$i":"addAddress","$v":"Tilføj adresse"},{"$i":"addDate","$v":"Tilføj dato"},{"$i":"addComment","$v":"Tilføj kommentar"},{"$i":"addFavorite","$v":"Føj til favoritter"},{"$i":"removeFavorite","$v":"Fjern fra favoritter"},{"$i":"addButton","ariaLabel":"Tilføj"},{"$i":"editButton","ariaLabel":"Rediger"},{"$i":"settingsButton","ariaLabel":"Indstillinger"},{"$i":"phoneDetail","ariaLabel":"Telefon"},{"$i":"emailDetail","ariaLabel":"Mail"},{"$i":"addressDetail","ariaLabel":"Adresse"},{"$i":"dateDetail","ariaLabel":"Dato"},{"$i":"composeEmail","ariaLabel":"Mail"},{"$i":"makeCall","ariaLabel":"Ring op"},{"$i":"phones","ariaLabel":"Telefoner"},{"$i":"emails","ariaLabel":"Mails"},{"$i":"addresses","ariaLabel":"Adresser"},{"$i":"dates","ariaLabel":"Datoer"},{"$i":"notes","ariaLabel":"Noter"},{"$i":"exit","$v":"Afslut"},{"$i":"expand","$v":"Udvid"},{"$i":"labelName","$v":"Navn:"},{"$i":"labelLastName","$v":"Efternavn:"},{"$i":"labelPhoneNumber","$v":"Telefonnummer:"},{"$i":"labelCarrier","$v":"Operatør:"},{"$i":"labelEmail","$v":"Mail:"},{"$i":"labelStreet","$v":"Gade:"},{"$i":"labelZip","$v":"Postnummer:"},{"$i":"labelCity","$v":"By:"},{"$i":"labelCountry","$v":"Land:"},{"$i":"labelComment","$v":"Kommentar:"},{"$i":"legendTitleMain","$v":"Hovedinformation"},{"$i":"legendPhones","$v":"Telefonnumre"},{"$i":"legendEmail","$v":"Mailadresser"},{"$i":"legendAddress","$v":"Adresse"},{"$i":"transferContactsTitle","$v":"Overfør kontakter"},{"$i":"importContactsTitle","$v":"Importer kontakter"},{"$i":"importContactsButton","$v":"Importer kontakter"},{"$i":"exportContactsTitle","$v":"Eksporter kontakter"},{"$i":"exportContactsButton","$v":"Eksporter kontakter"},{"$i":"exportContactsAction","$v":"Eksporter"},{"$i":"simExport-title","$v":"Eksporter til simkort"},{"$i":"memoryCardExport-title","$v":"Eksporter til hukommelseskort"},{"$i":"btExport-title","$v":"Eksporter til bluetooth"},{"$i":"memoryCardUMSEnabled","$v":"Kan ikke bruge hukommelseskort, fordi USB-lager er aktiveret"},{"$i":"exportErrorTitle","$v":"Eksport mislykkedes"},{"$i":"contactsExported2","$v":{"zero":"Ingen kontakter eksporteret","one":[{"t":"idOrVar","v":"exported"},"/",{"t":"idOrVar","v":"total"}," kontakt eksporteret"],"two":[{"t":"idOrVar","v":"exported"},"/",{"t":"idOrVar","v":"total"}," kontakter eksporteret"],"few":[{"t":"idOrVar","v":"exported"},"/",{"t":"idOrVar","v":"total"}," kontakter eksporteret"],"many":[{"t":"idOrVar","v":"exported"},"/",{"t":"idOrVar","v":"total"}," kontakter eksporteret"],"other":[{"t":"idOrVar","v":"exported"},"/",{"t":"idOrVar","v":"total"}," kontakter eksporteret"]},"$x":[{"t":"idOrVar","v":"plural"},"exported"]},{"$i":"exportError-general","$v":"Der opstod en fejl ved eksport"},{"$i":"exportError-SD-shared","$v":"Kan ikke få adgang til hukommelseskort, fordi det er delt"},{"$i":"exportError-SD-unavailable","$v":"Intet hukommelseskort"},{"$i":"exportError-SD-noSpace","$v":"Der er ikke plads nok på hukommelseskortet til at eksportere kontakterne"},{"$i":"exportError-SIM-unavailable","$v":"Intet simkort"},{"$i":"exportError-BT-shared","$v":"Kan ikke få adgang til hukommelseskort, fordi det er delt"},{"$i":"exportError-BT-unavailable","$v":"Intet hukommelseskort"},{"$i":"exportError-BT-noSpace","$v":"Der er ikke plads nok på hukommelseskortet til at eksportere kontakterne"},{"$i":"social-network","$v":"Sociale netværk"},{"$i":"social-link","$v":"Tilføj kontakt"},{"$i":"social-unlink","$v":"Fjern kontakt"},{"$i":"social-unlink-confirm-title","$v":"Vil du fjerne din ven?"},{"$i":"social-unlink-confirm-accept","$v":"Fjern"},{"$i":"facebook-import","$v":"Importer Facebook-venner"},{"$i":"show-fb-profile","$v":"Vis Facebook-profil"},{"$i":"msg-send","$v":"Besked"},{"$i":"wall-post","$v":"Vægopslag"},{"$i":"share-contact","$v":"Del kontakt"},{"$i":"facebook-export-forbidden","$v":"Kontakten kan ikke deles på grund af begrænsning hos Facebook."},{"$i":"otherAccount","$v":"Andre konti"},{"$i":"facebookSwitchMsg","$v":"Synkroniser venner"},{"$i":"select_mobile","$v":"Vælg mobil"},{"$i":"select_email","$v":"Vælg mail"},{"$i":"select_recipient","$v":"Vælg modtager"},{"$i":"contactsOrderBy","$v":"Sorter efter efternavn"},{"$i":"importSim2","$v":"Simkort"},{"$i":"importGmail","$v":"Gmail"},{"$i":"bluetooth","$v":"Bluetooth"},{"$i":"importOutlook","$v":"Outlook"},{"$i":"fbUpdateFriends","$v":"Opdater importerede venner"},{"$i":"cleaningFbData","$v":"Fjerner Facebook-data"},{"$i":"loggingOutFb","$v":"Logger ud af Facebook"},{"$i":"cleanFbConfirmMsg","$v":"Fjern alle Facebook-data?"},{"$i":"renewPwdMsg","$v":"Din adgangskode i Facebook er ændret. Opdater den."},{"$i":"notEnabledYet","$v":"Ikke aktiveret endnu"},{"$i":"genericNoConnection","$v":"Forbind til wi-fi eller et datanetværk for at importere kontakter"},{"$i":"simCard","$v":"Simkort"},{"$i":"memoryCard","$v":"Hukommelseskort"},{"$i":"simNumberNoMSISDN","$v":["Simkort ",{"t":"idOrVar","v":"number"},":"]},{"$i":"simNumberWithMSISDN","$v":["Simkort ",{"t":"idOrVar","v":"number"},": ",{"t":"idOrVar","v":"msisdn"}]},{"$i":"ICEContactsGroup","$v":"Kontakter til nødsituation"},{"$i":"setICEButton","$v":"Angiv kontakter til nødsituation"},{"$i":"ICESettingTitle","$v":"Kontakter til nødsituation"},{"$i":"ICEDescription","$v":"Tilføj to kontakter til nødsituationer."},{"$i":"ICEContact1","$v":"Kontaktperson 1"},{"$i":"ICESelectContact","$v":"Vælg kontakt til nødsituationer"},{"$i":"ICEContact2","$v":"Kontaktperson 2"},{"$i":"ICERepeatedContact","$v":"Denne kontaktperson er allerede oprettet som en kontaktperson til nødsituationer"},{"$i":"ICEUnknownError","$v":"Der opstod en fejl ved oprettelse af kontaktpersonen som kontaktperson til nødsituationer"},{"$i":"ICEContactNoNumber","$v":"Der er ikke angivet et telefonnummer for denne kontaktperson"},{"$i":"ICEFacebookContactNotAllowed","$v":"Facebook-kontakter kan ikke benyttes som kontaktperson til nødsituationer"},{"$i":"ICEContactDelTel","$v":"Slettede telefonnumre er fjernet fra kontaktpersoner til nødsituationer"},{"$i":"ICEContactDelTelAll","$v":"Alle numrene er slettet. Denne kontaktperson er fjernet fra kontaktpersoner til nødsituationer."},{"$i":"no-contacts","$v":"Ingen kontakter"},{"$i":"start-adding","$v":"Begynd at tilføje dem nu"},{"$i":"notImported","$v":"Ikke importeret"},{"$i":"imported","$v":"Importeret"},{"$i":"today","$v":"I dag"},{"$i":"yesterday","$v":"I går"},{"$i":"organise-contacts","$v":"Organiser kontakter"},{"$i":"find-merge-contacts","$v":"Find kontaktdupletter"},{"$i":"preparing-contacts","$v":"Forbereder kontakter"},{"$i":"exportError-SIM-NoFreeRecordFound","$v":"Ikke mere plads på simkortet"},{"$i":"exportError-SIM-CannotAccessPhoneBook","$v":"Kan ikke få adgang til simkortets adressebog"},{"$i":"exportError-SIM-Unavailable","$v":"Intet simkort"},{"$i":"exportError-SIM-GenericError","$v":"Der opstod en fejl ved eksport af en kontakt"},{"$i":"noSimMsgExport","$v":"Indsæt simkort eller lås det op for at eksportere kontakter"},{"$i":"noMemoryCardMsgExport","$v":"Indsæt hukommelseskort for at eksportere kontakter"},{"$i":"ContactManagementTitle","$v":"Håndtering af kontakter"},{"$i":"DeleteTitle","$v":"Slet"},{"$i":"bulkDeleteButton","$v":"Slet kontakter"},{"$i":"BulkDelCancel","$v":"Sletning af kontakter annulleret"},{"$i":"DeletedTxt","$v":{"zero":"Ingen kontakter at slette","one":"1 kontakt fjernet","two":[{"t":"idOrVar","v":"n"}," kontakter fjernet"],"few":[{"t":"idOrVar","v":"n"}," kontakter fjernet"],"many":[{"t":"idOrVar","v":"n"}," kontakter fjernet"],"other":[{"t":"idOrVar","v":"n"}," kontakter fjernet"]},"$x":[{"t":"idOrVar","v":"plural"},"n"]},{"$i":"DeletingContacts","$v":"Sletter kontakter"},{"$i":"ContactConfirmDel","$v":{"zero":"Ingen kontakter at slette","one":"Slet 1 kontakt? Dette kan ikke fortrydes.","two":["Slet ",{"t":"idOrVar","v":"n"}," kontakter? Dette kan ikke fortrydes."],"few":["Slet ",{"t":"idOrVar","v":"n"}," kontakter? Dette kan ikke fortrydes."],"many":["Slet ",{"t":"idOrVar","v":"n"}," kontakter? Dette kan ikke fortrydes."],"other":["Slet ",{"t":"idOrVar","v":"n"}," kontakter? Dette kan ikke fortrydes."]},"$x":[{"t":"idOrVar","v":"plural"},"n"]},{"$i":"SelectedTxt","$v":{"zero":"Kontakter","one":[{"t":"idOrVar","v":"n"}," markeret"],"two":[{"t":"idOrVar","v":"n"}," markeret"],"few":[{"t":"idOrVar","v":"n"}," markeret"],"many":[{"t":"idOrVar","v":"n"}," markeret"],"other":[{"t":"idOrVar","v":"n"}," markeret"]},"$x":[{"t":"idOrVar","v":"plural"},"n"]},{"$i":"video","$v":"Video"},{"$i":"audio","$v":"Lyd"},{"$i":"pick_destination","$v":[{"t":"idOrVar","v":"destination"}," ",{"t":"idOrVar","v":"carrier"}]},{"$i":"removeField","ariaLabel":"Fjern"},{"$i":"undo","ariaLabel":"Fortryd"},{"$i":"send-sms-button","ariaLabel":"SMS"},{"$i":"ice_contacts","$v":"Kontakter til nødsituation"},{"$i":"edit-picture","$v":"Rediger billede"},{"$i":"remove-photo","$v":"Fjern billede"},{"$i":"change-photo","$v":"Skift billede"},{"$i":"photo-options","$v":"Billedindstillinger"},{"$i":"vCardContacts-imported","$v":{"zero":"No contacts imported","one":"Imported one contact","two":["Imported ",{"t":"idOrVar","v":"n"}," contacts"],"few":["Imported ",{"t":"idOrVar","v":"n"}," contacts"],"many":["Imported ",{"t":"idOrVar","v":"n"}," contacts"],"other":["Imported ",{"t":"idOrVar","v":"n"}," contacts"]},"$x":[{"t":"idOrVar","v":"plural"},"n"]},{"$i":"voiceMail","$v":"Telefonsvarer"},{"$i":"back","$v":"Tilbage"},{"$i":"noSimMsg","$v":"Indsæt simkort eller lås det op for at importere kontakter"},{"$i":"noMemoryCardMsg","$v":"Indsæt hukommelseskort for at importere kontakter"},{"$i":"importMemoryCard","$v":"Hukommelseskort"},{"$i":"noConnection11","$v":"Forbind til wi-fi eller datanetværk for at importere kontakter eller venner fra Facebook"},{"$i":"emptyAccount","$v":"Der blev ikke fundet venner eller kontakter i denne konto."},{"$i":"simContacts-import","$v":"Importer kontakter fra simkort"},{"$i":"simContacts-importing","$v":"Importerer kontakter fra simkort…"},{"$i":"simContacts-reading","$v":"Læser fra simkort…"},{"$i":"simContacts-error","$v":"Kunne ikke importere kontakter fra simkort"},{"$i":"simContacts-imported3","$v":{"zero":"Ingen kontakter fundet på simkort","one":"Importerede en kontakt","two":["Importerede ",{"t":"idOrVar","v":"n"}," kontakter"],"few":["Importerede ",{"t":"idOrVar","v":"n"}," kontakter"],"many":["Importerede ",{"t":"idOrVar","v":"n"}," kontakter"],"other":["Importerede ",{"t":"idOrVar","v":"n"}," kontakter"]},"$x":[{"t":"idOrVar","v":"plural"},"n"]},{"$i":"memoryCardContacts-import","$v":"Importer kontakter fra hukommelseskort"},{"$i":"memoryCardContacts-importing","$v":"Importerer kontakter fra hukommelseskort…"},{"$i":"memoryCardContacts-reading","$v":"Læser fra hukommelseskort…"},{"$i":"memoryCardContacts-error","$v":"Kunne ikke importere kontakter fra hukommelseskort"},{"$i":"memoryCardContacts-imported3","$v":{"zero":"Ingen kontakter fundet på hukommelseskort","one":"Importerede 1 kontakt","two":["Importerede ",{"t":"idOrVar","v":"n"}," kontakter"],"few":["Importerede ",{"t":"idOrVar","v":"n"}," kontakter"],"many":["Importerede ",{"t":"idOrVar","v":"n"}," kontakter"],"other":["Importerede ",{"t":"idOrVar","v":"n"}," kontakter"]},"$x":[{"t":"idOrVar","v":"plural"},"n"]},{"$i":"genericProgress","$v":[{"t":"idOrVar","v":"current"},"/",{"t":"idOrVar","v":"total"}]},{"$i":"facebook-import-msg2","$v":[{"t":"idOrVar","v":"imported"},"/",{"t":"idOrVar","v":"total"}]},{"$i":"contactsMerged","$v":{"zero":"Ingen duplikerede kontakter sammenflettet","one":"1 duplikeret kontakt sammenflettet","two":[{"t":"idOrVar","v":"numDups"}," kontakter sammenflettet"],"few":[{"t":"idOrVar","v":"numDups"}," kontakter sammenflettet"],"many":[{"t":"idOrVar","v":"numDups"}," kontakter sammenflettet"],"other":[{"t":"idOrVar","v":"numDups"}," kontakter sammenflettet"]},"$x":[{"t":"idOrVar","v":"plural"},"numDups"]},{"$i":"weekday-0-long","$v":"Søndag"},{"$i":"weekday-1-long","$v":"Mandag"},{"$i":"weekday-2-long","$v":"Tirsdag"},{"$i":"weekday-3-long","$v":"Onsdag"},{"$i":"weekday-4-long","$v":"Torsdag"},{"$i":"weekday-5-long","$v":"Fredag"},{"$i":"weekday-6-long","$v":"Lørdag"},{"$i":"weekday-0-short","$v":"Søn"},{"$i":"weekday-1-short","$v":"Man"},{"$i":"weekday-2-short","$v":"Tir"},{"$i":"weekday-3-short","$v":"Ons"},{"$i":"weekday-4-short","$v":"Tor"},{"$i":"weekday-5-short","$v":"Fre"},{"$i":"weekday-6-short","$v":"Lør"},{"$i":"month-0-long","$v":"Januar"},{"$i":"month-1-long","$v":"Februar"},{"$i":"month-2-long","$v":"Marts"},{"$i":"month-3-long","$v":"April"},{"$i":"month-4-long","$v":"Maj"},{"$i":"month-5-long","$v":"Juni"},{"$i":"month-6-long","$v":"Juli"},{"$i":"month-7-long","$v":"August"},{"$i":"month-8-long","$v":"September"},{"$i":"month-9-long","$v":"Oktober"},{"$i":"month-10-long","$v":"November"},{"$i":"month-11-long","$v":"December"},{"$i":"month-0-genitive","$v":"januar"},{"$i":"month-1-genitive","$v":"februar"},{"$i":"month-2-genitive","$v":"marts"},{"$i":"month-3-genitive","$v":"april"},{"$i":"month-4-genitive","$v":"maj"},{"$i":"month-5-genitive","$v":"juni"},{"$i":"month-6-genitive","$v":"juli"},{"$i":"month-7-genitive","$v":"august"},{"$i":"month-8-genitive","$v":"september"},{"$i":"month-9-genitive","$v":"oktober"},{"$i":"month-10-genitive","$v":"november"},{"$i":"month-11-genitive","$v":"december"},{"$i":"month-0-short","$v":"Jan"},{"$i":"month-1-short","$v":"Feb"},{"$i":"month-2-short","$v":"Mar"},{"$i":"month-3-short","$v":"Apr"},{"$i":"month-4-short","$v":"Maj"},{"$i":"month-5-short","$v":"Jun"},{"$i":"month-6-short","$v":"Jul"},{"$i":"month-7-short","$v":"Aug"},{"$i":"month-8-short","$v":"Sep"},{"$i":"month-9-short","$v":"Okt"},{"$i":"month-10-short","$v":"Nov"},{"$i":"month-11-short","$v":"Dec"},{"$i":"minutes-ago-long","$v":{"zero":"nu","one":"for et minut siden","two":["for ",{"t":"idOrVar","v":"value"}," minutter siden"],"few":["for ",{"t":"idOrVar","v":"value"}," minutter siden"],"many":["for ",{"t":"idOrVar","v":"value"}," minutter siden"],"other":["for ",{"t":"idOrVar","v":"value"}," minutter siden"]},"$x":[{"t":"idOrVar","v":"plural"},"value"]},{"$i":"hours-ago-long","$v":{"zero":"nu","one":"for en time siden","two":["for ",{"t":"idOrVar","v":"value"}," timer siden"],"few":["for ",{"t":"idOrVar","v":"value"}," timer siden"],"many":["for ",{"t":"idOrVar","v":"value"}," timer siden"],"other":["for ",{"t":"idOrVar","v":"value"}," timer siden"]},"$x":[{"t":"idOrVar","v":"plural"},"value"]},{"$i":"days-ago-long","$v":{"zero":"i dag","one":"i går","two":["for ",{"t":"idOrVar","v":"value"}," dage siden"],"few":["for ",{"t":"idOrVar","v":"value"}," dage siden"],"many":["for ",{"t":"idOrVar","v":"value"}," dage siden"],"other":["for ",{"t":"idOrVar","v":"value"}," dage siden"]},"$x":[{"t":"idOrVar","v":"plural"},"value"]},{"$i":"weeks-ago-long","$v":{"zero":"denne uge","one":"sidste uge","two":["for ",{"t":"idOrVar","v":"value"}," uger siden"],"few":["for ",{"t":"idOrVar","v":"value"}," uger siden"],"many":["for ",{"t":"idOrVar","v":"value"}," uger siden"],"other":["for ",{"t":"idOrVar","v":"value"}," uger siden"]},"$x":[{"t":"idOrVar","v":"plural"},"value"]},{"$i":"months-ago-long","$v":{"zero":"denne måned","one":"sidste måned","two":["for ",{"t":"idOrVar","v":"value"}," måneder siden"],"few":["for ",{"t":"idOrVar","v":"value"}," måneder siden"],"many":["for ",{"t":"idOrVar","v":"value"}," måneder siden"],"other":["for ",{"t":"idOrVar","v":"value"}," måneder siden"]},"$x":[{"t":"idOrVar","v":"plural"},"value"]},{"$i":"years-ago-long","$v":{"zero":"dette år","one":"sidste år","two":["for ",{"t":"idOrVar","v":"value"}," år siden"],"few":["for ",{"t":"idOrVar","v":"value"}," år siden"],"many":["for ",{"t":"idOrVar","v":"value"}," år siden"],"other":["for ",{"t":"idOrVar","v":"value"}," år siden"]},"$x":[{"t":"idOrVar","v":"plural"},"value"]},{"$i":"minutes-until-long","$v":{"zero":"nu","one":"om et minut","two":["om ",{"t":"idOrVar","v":"value"}," minutter"],"few":["om ",{"t":"idOrVar","v":"value"}," minutter"],"many":["om ",{"t":"idOrVar","v":"value"}," minutter"],"other":["om ",{"t":"idOrVar","v":"value"}," minutter"]},"$x":[{"t":"idOrVar","v":"plural"},"value"]},{"$i":"hours-until-long","$v":{"zero":"nu","one":"om en time","two":["om ",{"t":"idOrVar","v":"value"}," timer"],"few":["om ",{"t":"idOrVar","v":"value"}," timer"],"many":["om ",{"t":"idOrVar","v":"value"}," timer"],"other":["om ",{"t":"idOrVar","v":"value"}," timer"]},"$x":[{"t":"idOrVar","v":"plural"},"value"]},{"$i":"days-until-long","$v":{"zero":"i dag","one":"i morgen","two":["om ",{"t":"idOrVar","v":"value"}," dage"],"few":["om ",{"t":"idOrVar","v":"value"}," dage"],"many":["om ",{"t":"idOrVar","v":"value"}," dage"],"other":["om ",{"t":"idOrVar","v":"value"}," dage"]},"$x":[{"t":"idOrVar","v":"plural"},"value"]},{"$i":"weeks-until-long","$v":{"zero":"denne uge","one":"næste uge","two":["om ",{"t":"idOrVar","v":"value"}," uger"],"few":["om ",{"t":"idOrVar","v":"value"}," uger"],"many":["om ",{"t":"idOrVar","v":"value"}," uger"],"other":["om ",{"t":"idOrVar","v":"value"}," uger"]},"$x":[{"t":"idOrVar","v":"plural"},"value"]},{"$i":"months-until-long","$v":{"zero":"denne måned","one":"næste måned","two":["om ",{"t":"idOrVar","v":"value"}," måneder"],"few":["om ",{"t":"idOrVar","v":"value"}," måneder"],"many":["om ",{"t":"idOrVar","v":"value"}," måneder"],"other":["om ",{"t":"idOrVar","v":"value"}," måneder"]},"$x":[{"t":"idOrVar","v":"plural"},"value"]},{"$i":"years-until-long","$v":{"zero":"i år","one":"næste år","two":["om ",{"t":"idOrVar","v":"value"}," år"],"few":["om ",{"t":"idOrVar","v":"value"}," år"],"many":["om ",{"t":"idOrVar","v":"value"}," år"],"other":["om ",{"t":"idOrVar","v":"value"}," år"]},"$x":[{"t":"idOrVar","v":"plural"},"value"]},{"$i":"minutes-ago-short","$v":{"zero":"nu","other":[{"t":"idOrVar","v":"value"}," m. siden"]},"$x":[{"t":"idOrVar","v":"plural"},"value"]},{"$i":"hours-ago-short","$v":{"zero":"nu","other":[{"t":"idOrVar","v":"value"}," t. siden"]},"$x":[{"t":"idOrVar","v":"plural"},"value"]},{"$i":"days-ago-short","$v":{"zero":"i dag","other":[{"t":"idOrVar","v":"value"}," d. siden"]},"$x":[{"t":"idOrVar","v":"plural"},"value"]},{"$i":"minutes-until-short","$v":{"zero":"nu","other":["om ",{"t":"idOrVar","v":"value"}," m."]},"$x":[{"t":"idOrVar","v":"plural"},"value"]},{"$i":"hours-until-short","$v":{"zero":"nu","other":["om ",{"t":"idOrVar","v":"value"}," t."]},"$x":[{"t":"idOrVar","v":"plural"},"value"]},{"$i":"days-until-short","$v":{"zero":"i dag","other":["om ",{"t":"idOrVar","v":"value"}," d."]},"$x":[{"t":"idOrVar","v":"plural"},"value"]},{"$i":"incorrectDate","$v":"(forkert dato)"},{"$i":"dateTimeFormat_%c","$v":"%a d. %e. %b %Y %H:%M:%S"},{"$i":"dateTimeFormat_%x","$v":"%d-%m-%Y"},{"$i":"dateTimeFormat_%X","$v":"%H:%M:%S"},{"$i":"shortTimeFormat","$v":"%H:%M"},{"$i":"shortTimeFormat12","$v":"%I:%M %p"},{"$i":"shortTimeFormat24","$v":"%H:%M"},{"$i":"shortDateTimeFormat","$v":"%x %H:%M"},{"$i":"weekStartsOnMonday","$v":"1"},{"$i":"firstDayOfTheWeek","$v":"1"},{"$i":"time_am","$v":"AM"},{"$i":"time_pm","$v":"PM"},{"$i":"label","$v":"Etiket"},{"$i":"mobile","$v":"Mobil"},{"$i":"home","$v":"Hjem"},{"$i":"work","$v":"Arbejde"},{"$i":"personal","$v":"Personlig"},{"$i":"faxHome","$v":"Fax, hjem"},{"$i":"faxOffice","$v":"Fax, kontor"},{"$i":"faxOther","$v":"Fax, andet"},{"$i":"another","$v":"Anden"},{"$i":"other","$v":"Andet"},{"$i":"customTag","placeholder":"Brugerdefineret etiket"},{"$i":"current","$v":"Nuværende"},{"$i":"itemWithLabel","$v":[{"t":"idOrVar","v":"label"},", ",{"t":"idOrVar","v":"item"}]},{"$i":"addNewNumber","$v":"Tilføj nyt nummer"},{"$i":"contactDetails","$v":"Kontaktdetaljer"},{"$i":"addToExistingContact","$v":"Føj til en eksisterende kontakt"},{"$i":"all","$v":"Alle","ariaLabel":"Alle"},{"$i":"bluetoothOption","ariaLabel":"Bluetooth"},{"$i":"callLog","$v":"Opkaldslog"},{"$i":"callLogEdit","title":"Rediger opkaldslog"},{"$i":"callLogEditDialog","ariaLabel":"Rediger dialogboksen Opkaldslog"},{"$i":"connecting","$v":"Forbinder"},{"$i":"connectingEllipsis","$v":"Forbinder…"},{"$i":"call-forwarding-async","$v":["Asynkron: ",{"t":"idOrVar","v":"async"}]},{"$i":"call-forwarding-data","$v":["Data: ",{"t":"idOrVar","v":"data"}]},{"$i":"call-forwarding-error","$v":"Der opstod en fejl ved indhentning af oplysning om viderestilling"},{"$i":"call-forwarding-fax","$v":["Fax: ",{"t":"idOrVar","v":"fax"}]},{"$i":"call-forwarding-inactive","$v":"Inaktiv"},{"$i":"call-forwarding-packet","$v":["Pakke: ",{"t":"idOrVar","v":"packet"}]},{"$i":"call-forwarding-pad","$v":["PAD: ",{"t":"idOrVar","v":"pad"}]},{"$i":"call-forwarding-sms","$v":["SMS: ",{"t":"idOrVar","v":"sms"}]},{"$i":"call-forwarding-status","$v":"Status for viderestilling"},{"$i":"call-forwarding-sync","$v":["Synkron: ",{"t":"idOrVar","v":"sync"}]},{"$i":"call-forwarding-voice","$v":["Tale: ",{"t":"idOrVar","v":"voice"}]},{"$i":"confirm-deletion","$v":"Ryd de markerede opkald?"},{"$i":"createNewContact","$v":"Opret ny kontakt"},{"$i":"dialerAddContact","ariaLabel":"Tilføj kontakt"},{"$i":"dialerAddContactDialog","ariaLabel":"Tilføj kontakt-dialog"},{"$i":"callInformation","$v":"Opkaldsinformation"},{"$i":"edit-selected","$v":{"one":[{"t":"idOrVar","v":"n"}," markeret"],"two":[{"t":"idOrVar","v":"n"}," markerede"],"few":[{"t":"idOrVar","v":"n"}," markerede"],"many":[{"t":"idOrVar","v":"n"}," markerede"],"other":[{"t":"idOrVar","v":"n"}," markerede"]},"$x":[{"t":"idOrVar","v":"plural"},"n"]},{"$i":"hideKeypad","ariaLabel":"Skjul tastatur"},{"$i":"ignore","$v":"Ignorer opkald"},{"$i":"incoming","$v":"Indgående"},{"$i":"keypad","ariaLabel":"Tastatur"},{"$i":"info-missed","$v":"Ubesvarede"},{"$i":"missed","$v":"Ubesvarede","ariaLabel":"Ubesvarede"},{"$i":"canceled","$v":"Annulleret"},{"$i":"missedCall","$v":"Ubesvaret opkald"},{"$i":"missedCallMultiSims","$v":["(Simkort ",{"t":"idOrVar","v":"n"},") Ubesvaret opkald"]},{"$i":"mmi-error","$v":"Der opstod en fejl ved afsendelse af beskeden"},{"$i":"mmi-session-expired","$v":"Session er udløbet"},{"$i":"mmi-successfully-sent","$v":"Beskeden er sendt"},{"$i":"mmi-notification-title-with-sim","$v":["(",{"t":"idOrVar","v":"sim"},") ",{"t":"idOrVar","v":"title"}]},{"$i":"mute","ariaLabel":"Slå lyd fra"},{"$i":"newCall","ariaLabel":"Nyt opkald"},{"$i":"no-logs-msg-1","$v":"Der er ikke noteret opkald"},{"$i":"no-logs-msg-2","$v":"Begynd at kommunikere nu"},{"$i":"no-logs-msg-3","$v":"Du er ikke gået glip af opkald"},{"$i":"onHoldOption","ariaLabel":"På hold"},{"$i":"outgoing","$v":"Udgående"},{"$i":"recents","ariaLabel":"Seneste opkald"},{"$i":"reply","$v":"Svar"},{"$i":"send","$v":"Send"},{"$i":"switch-calls","$v":"Skift samtale"},{"$i":"withheld-number","$v":"Tilbageholdt nummer"},{"$i":"from-contact","$v":["Fra ",{"t":"idOrVar","v":"contact"}]},{"$i":"from-number","$v":["Fra ",{"t":"idOrVar","v":"number"}]},{"$i":"from-withheld-number","$v":"Fra tilbageholdt nummer"},{"$i":"sending","$v":"Sender…"},{"$i":"speakerOption","ariaLabel":"Højtaler"},{"$i":"ussd-services","$v":[{"t":"idOrVar","v":"operator"},"-tjenester"]},{"$i":"toggleKeypad","ariaLabel":"Slå tastatur til eller fra"},{"$i":"type-your-response","placeholder":"Skriv dit svar…"},{"$i":"clear-all-text","$v":"Ryd al tekst"},{"$i":"hide","$v":"Skjul"},{"$i":"hold","ariaLabel":"Hold"},{"$i":"resume","$v":"Fortsæt","ariaLabel":"Fortsæt"},{"$i":"sendSms","$v":"Send besked"},{"$i":"callEnded","$v":"Samtale afsluttet"},{"$i":"via-sim","$v":["via Simkort",{"t":"idOrVar","v":"n"}]},{"$i":"sim-number","$v":["Simkort",{"t":"idOrVar","v":"n"}]},{"$i":"unknown","$v":"Ukendt"},{"$i":"hangup-a11y-button","ariaLabel":"Afbryd"},{"$i":"pickup-a11y-button","ariaLabel":"Svar"},{"$i":"unlock-a11y-button","ariaLabel":"Forskyder"},{"$i":"settings","$v":"Indstillinger"},{"$i":"delete-n-log?","$v":{"zero":"Intet markeret","one":"Slet markeret log?","two":["Slet ",{"t":"idOrVar","v":"n"}," logs?"],"few":["Slet ",{"t":"idOrVar","v":"n"}," logs?"],"many":["Slet ",{"t":"idOrVar","v":"n"}," logs?"],"other":["Slet ",{"t":"idOrVar","v":"n"}," logs?"]},"$x":[{"t":"idOrVar","v":"plural"},"n"]},{"$i":"callDurationMinutes","$v":[{"t":"idOrVar","v":"m"},":",{"t":"idOrVar","v":"s"}]},{"$i":"callDurationHours","$v":[{"t":"idOrVar","v":"h"},":",{"t":"idOrVar","v":"m"},":",{"t":"idOrVar","v":"s"}]},{"$i":"callDurationTextFormatSeconds","$v":[{"t":"idOrVar","v":"s"}," s"]},{"$i":"callDurationTextFormatMinutes","$v":[{"t":"idOrVar","v":"m"}," m ",{"t":"idOrVar","v":"s"}," s"]},{"$i":"callDurationTextFormatHours","$v":[{"t":"idOrVar","v":"h"}," t ",{"t":"idOrVar","v":"m"}," m ",{"t":"idOrVar","v":"s"}," s"]},{"$i":"suggestionMatches","$v":{"one":[{"t":"idOrVar","v":"n"}," match efter \"",{"t":"idOrVar","v":"matchNumber"},"\""],"two":[{"t":"idOrVar","v":"n"}," matches efter \"",{"t":"idOrVar","v":"matchNumber"},"\""],"few":[{"t":"idOrVar","v":"n"}," matches efter \"",{"t":"idOrVar","v":"matchNumber"},"\""],"many":[{"t":"idOrVar","v":"n"}," matches efter \"",{"t":"idOrVar","v":"matchNumber"},"\""],"other":[{"t":"idOrVar","v":"n"}," matches efter \"",{"t":"idOrVar","v":"matchNumber"},"\""]},"$x":[{"t":"idOrVar","v":"plural"},"n"]},{"$i":"scCallBarring","$v":"Opkaldsspærring"},{"$i":"scCallForwarding","$v":"Viderestilling"},{"$i":"scClip","$v":"Indkommende ID"},{"$i":"scClir","$v":"Udgående ID"},{"$i":"scPwd","$v":"Skift adgangskode"},{"$i":"scCallWaiting","$v":"Ventende opkald"},{"$i":"scPin","$v":"Skift pinkode"},{"$i":"scPin2","$v":"Skift PIN2-kode"},{"$i":"scPuk","$v":"Lås pinkoden op"},{"$i":"scPuk2","$v":"Lås PIN2-koden op"},{"$i":"scImei","$v":"IMEI-nummer"},{"$i":"scUssd","$v":"USSD"},{"$i":"serviceClassVoice","$v":"Stemme"},{"$i":"serviceClassData","$v":"Data"},{"$i":"serviceClassFax","$v":"Fax"},{"$i":"serviceClassSms","$v":"SMS"},{"$i":"serviceClassDataSync","$v":"Synkron"},{"$i":"serviceClassDataAsync","$v":"Asynkron"},{"$i":"serviceClassPacket","$v":"Pakke"},{"$i":"serviceClassPad","$v":"PAD"},{"$i":"smServiceEnabled","$v":"Tjenesten er aktiveret"},{"$i":"smServiceDisabled","$v":"Tjenesten er deaktiveret"},{"$i":"smServiceRegistered","$v":"Registrering udført"},{"$i":"smServiceErased","$v":"Sletning udført"},{"$i":"smServiceInterrogated","$v":"Forespørgsel udført"},{"$i":"smServiceNotProvisioned","$v":"Tjenesten er ikke klargjort"},{"$i":"smClirPermanent","$v":"Du kan ikke ændre indstilling for nummervisning"},{"$i":"smClirDefaultOnNextCallOn","$v":"Nummervisning er som standard begrænset. Næste opkald: Begrænset"},{"$i":"smClirDefaultOnNextCallOff","$v":"Nummervisning er som standard begrænset. Næste opkald: Ubegrænset"},{"$i":"smClirDefaultOffNextCallOn","$v":"Nummervisning er som standard ubegrænset. Næste opkald: Begrænset"},{"$i":"smClirDefaultOffNextCallOff","$v":"Nummervisning er som standard ubegrænset. Næste opkald: Ubegrænset"},{"$i":"smServiceEnabledFor","$v":"Tjenesten blev aktiveret for:"},{"$i":"smPinChanged","$v":"Pinkode er ændret"},{"$i":"smPinUnblocked","$v":"Pinkode er låst op"},{"$i":"smPin2Changed","$v":"PIN2-kode er ændret"},{"$i":"smPin2Unblocked","$v":"PIN2-kode er låst op"},{"$i":"ServiceIsEnabled","$v":"Tjenesten er aktiveret"},{"$i":"ServiceIsDisabled","$v":"Tjenesten er deaktiveret"},{"$i":"ServiceIsEnabledFor","$v":"Tjenesten er aktiveret for:"},{"$i":"emMmiError","$v":"Forbindelsesproblem eller ugyldig MMI-kode"},{"$i":"emMmiErrorPasswordIncorrect","$v":"Forkert adgangskode"},{"$i":"emMmiErrorNotSupported","$v":"Ugyldig eller ikke understøttet MMI-kode"},{"$i":"emMmiErrorInvalidAction","$v":"Ugyldig handling"},{"$i":"emMmiErrorInvalidScCode","$v":"Ugyldig tjenestekode"},{"$i":"emMmiErrorBadPuk","$v":"Den indtastede PUK-kode er forkert"},{"$i":"emMmiErrorBadPin","$v":"Den gamle pinkode er forkert."},{"$i":"emMmiErrorNeedPuk2","$v":"Indtast PUK2-koden for at låse simkortet op"},{"$i":"emMmiErrorMismatchPin","$v":"De indtastede pinkoder er ikke ens"},{"$i":"emMmiErrorInvalidPin","$v":"Indtast en pinkode på mellem 4 og 8 cifre"},{"$i":"emMmiErrorNeedsPuk","$v":"Dit simkort er PUK-låst"},{"$i":"emMmiErrorEnablePin","$v":"Det mislykkedes. Aktiver sim-/RUIM-lås"},{"$i":"emMmiErrorMmiFdn","$v":"Operationen er begrænset til faste opkaldsnumre"},{"$i":"emMmiErrorStkCcUssdDial","$v":"USSD-forespørgsel er ændret til en DIAL-forespørgsel"},{"$i":"emMmiErrorStkCcUssdSs","$v":"USSD-forespørgsel er ændret til en SS-forespørgsel"},{"$i":"emMmiErrorStkCcUssdUssd","$v":"USSD-forespørgsel er ændret til en ny USSD-forespørgsel"},{"$i":"emMmiErrorStkCcSsDial","$v":"SS-forespørgsel er ændret til en DIAL-forespørgsel"},{"$i":"emMmiErrorStkCcSsUssd","$v":"SS-forespørgsel er ændret til en USSD-forespørgsel"},{"$i":"emMmiErrorStkCcSsSs","$v":"SS-forespørgsel er ændret til en ny SS-forespørgsel"},{"$i":"emMmiErrorPinPukAttempts","$v":{"one":["Kun ",{"t":"idOrVar","v":"n"}," forsøg tilbage"],"two":[{"t":"idOrVar","v":"n"}," forsøg tilbage"],"few":[{"t":"idOrVar","v":"n"}," forsøg tilbage"],"many":[{"t":"idOrVar","v":"n"}," forsøg tilbage"],"other":[{"t":"idOrVar","v":"n"}," forsøg tilbage"]},"$x":[{"t":"idOrVar","v":"plural"},"n"]},{"$i":"emMmiErrorSimBlocked","$v":"Du har ikke flere forsøg tilbage. Simkortet er låst"},{"$i":"RadioNotAvailable","$v":"Radio er ikke tilgængelig"},{"$i":"GenericFailure","$v":"Generel fejl"},{"$i":"PasswordIncorrect","$v":"Forkert adgangskode"},{"$i":"SimPin2","$v":"Simkortets PIN2-kode"},{"$i":"SimPuk2","$v":"Simkortets PUK2-kode"},{"$i":"RequestNotSupported","$v":"Forespørgsel er ikke understøttet"},{"$i":"OpNotAllowedDuringVoiceCall","$v":"Operationen er ikke tilladt samtidig med et stemmeopkald"},{"$i":"SmsSendFailRetry","$v":"Afsendelse af SMS mislykkedes. Prøv igen"},{"$i":"SimAbsent","$v":"Intet simkort"},{"$i":"SubscriptionNotAvailable","$v":"Abonnement ikke tilgængeligt"},{"$i":"ModeNotSupported","$v":"Ikke understøttet tilstand"},{"$i":"FdnCheckFailure","$v":"FON-tjekfejl"},{"$i":"IllegalSimOrMe","$v":"Ugyldigt simkort eller ME"},{"$i":"DialModifiedToUssd","$v":"Opkald ændret til USSD"},{"$i":"DialModifiedToSs","$v":"Opkald ændret til SS"},{"$i":"DialModifiedToDial","$v":"Opkald ændret til opkald"},{"$i":"UssdModifiedToDial","$v":"USSD ændret til opkald"},{"$i":"UssdModifiedToSs","$v":"USSD ændret til SS"},{"$i":"UssdModifiedToUssd","$v":"USSD ændret til USSD"},{"$i":"SsModifiedToDial","$v":"SS ændret til opkald"},{"$i":"SsModifiedToUssd","$v":"SS ændret til USSD"},{"$i":"SsModifiedToSs","$v":"SS ændret til SS"},{"$i":"SubscriptionNotSupported","$v":"Abonnement ikke understøttet"},{"$i":"InvalidParameter","$v":"Ugyldig parameter"},{"$i":"RejectedByRemote","$v":"Afvist af modpart"},{"$i":"conferenceCall","$v":["Gruppesamtale (",{"t":"idOrVar","v":"n"},")"]},{"$i":"caller-left-call","$v":[{"t":"idOrVar","v":"caller"}," har forladt samtalen."]},{"$i":"conferenceAddError","$v":"Kan ikke sammenflette opkald"},{"$i":"conferenceRemoveError","$v":"Kan ikke adskille opkald"},{"$i":"longDateFormat","$v":"%A d. %e. %B"},{"$i":"select-audio-sources","$v":"Vælg lydkilder"},{"$i":"bluetooth-handsfree-device","$v":"Håndfri Bluetooth-enhed"},{"$i":"receiver","$v":"Modtager"},{"$i":"speaker","$v":"Højtaler"},{"$i":"voicemailNoNumberTitle","$v":"Telefonsvarerens nummer findes ikke"},{"$i":"voicemailNoNumberText","$v":"Kan ikke ringe til telefonsvareren. Du skal angive et nummer til telefonsvareren for at kunne ringe til den."},{"$i":"voicemailNoNumberSettings","$v":"Indstillinger"},{"$i":"voicemailNoNumberCancel","$v":"Annuller"},{"$i":"phoneNumberInput","ariaLabel":"Telefonnummer"},{"$i":"keypadDelete","ariaLabel":"Slet"},{"$i":"voiceMailKey","ariaLabel":"Telefonbesked"},{"$i":"asterisk","ariaLabel":"Stjerne"},{"$i":"hashSign","ariaLabel":"Firkant"},{"$i":"loadingSimContacts","$v":"Loading SIM card contacts…"},{"$i":"noContactsWereFound","$v":"No contacts were found"},{"$i":"noContactsFoundDialogOk","$v":"OK"},{"$i":"emergencyNumber","$v":"Nødopkaldsnummer"},{"$i":"callAirplaneModeMessage","$v":"Du skal deaktivere flytilstand i indstillingerne for at kunne foretage et opkald."},{"$i":"callAirplaneModeBtnOk","$v":"OK"},{"$i":"callAirplaneModeTitle","$v":"Flytilstand er aktiveret"},{"$i":"numberIsBusyTitle","$v":"Nummeret er optaget"},{"$i":"numberIsBusyMessage","$v":"Nummeret er optaget. Prøv igen senere."},{"$i":"fdnIsActiveTitle","$v":"FON er aktiv"},{"$i":"fdnIsActiveMessage","$v":["FON (faste opkaldsnumre) er aktiveret, og det følgende nummer er ikke på din FON-liste: ",{"t":"idOrVar","v":"number"}]},{"$i":"emergencyDialogBodyBadNumber","$v":"Telefonen skal være tilsluttet et netværk, for at du kan foretage opkald."},{"$i":"emergencyDialogBodyDeviceNotAccepted","$v":"Nødopkald tillades ikke af netværket."},{"$i":"emergencyDialogBtnOk","$v":"OK"},{"$i":"emergencyDialogTitle","$v":"Ingen netværksforbindelse"},{"$i":"invalidNumberToDialTitle","$v":"Ugyldigt telefonnummer"},{"$i":"invalidNumberToDialMessage","$v":"Det angivne telefonnummer er ugyldigt."},{"$i":"unableToCallTitle","$v":"Kan ikke foretage opkald i øjeblikket"},{"$i":"unableToCallMessage","$v":"Kan ikke foretage opkald. Hvis du er i færd med at ringe op, så afbryd først."},{"$i":"otherConnectionInUseTitle","$v":"Anden forbindelse er i brug"},{"$i":"otherConnectionInUseMessage","$v":"Du har et aktivt opkald på en anden forbindelse. Du kan kun bruge én forbindelse ad gangen."}]