[{"$i":"close","$v":"Κλείσιμο"},{"$i":"import","$v":"Εισαγωγή"},{"$i":"update","$v":"Ενημέρωση"},{"$i":"fbFriends","$v":"Φίλοι Facebook"},{"$i":"live-serviceName","$v":"Outlook"},{"$i":"gmail-serviceName","$v":"Gmail"},{"$i":"facebook-serviceName","$v":"Φίλοι Facebook"},{"$i":"selectAll","$v":"Επιλογή όλων"},{"$i":"deselectAll","$v":"Αποεπιλογή όλων"},{"$i":"viewAll","$v":"Εμφάνιση όλων των φίλων Facebook"},{"$i":"viewRecommend","$v":"Εμφάνιση μόνο των προτεινόμενων"},{"$i":"linkProposal","$v":{"zero":"Δε βρέθηκαν αποτελέσματα. Εμφάνιση όλων","one":"Επιλογή του προτεινόμενου","two":"Επιλογή ενός προτεινόμενου","few":"Επιλογή ενός προτεινόμενου","many":"Επιλογή ενός προτεινόμενου","other":"Επιλογή ενός προτεινόμενου"},"$x":[{"t":"idOrVar","v":"plural"},"numFriends"]},{"$i":"fbFriendsFound","$v":{"zero":"Έγινε εισαγωγή όλων των φίλων σας","one":"Βρέθηκε ένας φίλος για εισαγωγή","two":["Βρέθηκαν ",{"t":"idOrVar","v":"numFriends"}," φίλοι για εισαγωγή"],"few":["Βρέθηκαν ",{"t":"idOrVar","v":"numFriends"}," φίλοι για εισαγωγή"],"many":["Βρέθηκαν ",{"t":"idOrVar","v":"numFriends"}," φίλοι για εισαγωγή"],"other":["Βρέθηκαν ",{"t":"idOrVar","v":"numFriends"}," φίλοι για εισαγωγή"]},"$x":[{"t":"idOrVar","v":"plural"},"numFriends"]},{"$i":"fbNoFriends","$v":"Δεν υπάρχουν διαθέσιμες επαφές για εισαγωγή"},{"$i":"facebook","$v":"Facebook"},{"$i":"search-contact","placeholder":"Αναζήτηση"},{"$i":"noResults","$v":"Δε βρέθηκαν επαφές"},{"$i":"done-search","$v":"ΟΚ"},{"$i":"progressFB3ImportTitle","$v":"Εισαγωγή φίλων στις επαφές"},{"$i":"progressFB","$v":[{"t":"idOrVar","v":"current"},"/",{"t":"idOrVar","v":"total"}]},{"$i":"progressFB3UpdateTitle","$v":"Ενημέρωση φίλων στις επαφές"},{"$i":"message2","$v":"Αυτό μπορεί να διαρκέσει μερικά λεπτά"},{"$i":"messageLinking","$v":"Παρακαλώ περιμένετε. Συνδέουμε τον φίλο σας με την επαφή σας."},{"$i":"messageCanceling","$v":"Παρακαλώ περιμένετε. Γίνεται ακύρωση της τρέχουσας ενέργειας."},{"$i":"error1","$v":["Σφάλμα ",{"t":"idOrVar","v":"from"}]},{"$i":"error2","$v":"Θέλετε να δοκιμάσετε ξανά;"},{"$i":"errorProposal","$v":"υπολογισμού προτάσεων"},{"$i":"errorFriends","$v":"ανάκτησης φίλων"},{"$i":"errorLinking","$v":"σύνδεσης επαφής"},{"$i":"timeout1","$v":["Υπέρβαση του μέγιστου χρόνου ",{"t":"idOrVar","v":"from"}]},{"$i":"timeout2","$v":"Θέλετε να δοκιμάσετε ξανά;"},{"$i":"timeoutProposal","$v":"υπολογισμού προτάσεων"},{"$i":"timeoutFriends","$v":"ανάκτησης φίλων"},{"$i":"timeoutLinking","$v":"σύνδεσης επαφής"},{"$i":"wait1","$v":"Παρακαλώ περιμένετε"},{"$i":"wait2","$v":"Αυτό μπορεί να διαρκέσει μερικά λεπτά"},{"$i":"waitProposal","$v":"Παρακαλώ περιμένετε. Υπολογίζουμε προτεινόμενους φίλους."},{"$i":"waitFriends","$v":"Παρακαλώ περιμένετε. Συνδεόμαστε για να ανακτήσουμε τη λίστα των φίλων σας."},{"$i":"curtainCancel","$v":"Ακύρωση"},{"$i":"curtainRetry","$v":"Δοκιμάστε ξανά"},{"$i":"curtainOK","$v":"ΟΚ"},{"$i":"connectionLost","$v":"Δεν υπάρχει σύνδεση στο διαδίκτυο"},{"$i":"connectionLostMsg","$v":"Οι φωτογραφίες των φίλων σας δε θα προστεθούν στις επαφές σας. Θέλετε να συνεχίσετε;"},{"$i":"yesOption","$v":"ΟΚ"},{"$i":"noOption","$v":"Ακύρωση"},{"$i":"friendsUpdated","$v":{"zero":"Δεν ενημερώθηκαν φίλοι","one":"Ενημερώθηκε ένας φίλος","two":["Ενημερώθηκαν ",{"t":"idOrVar","v":"numFriends"}," φίλοι"],"few":["Ενημερώθηκαν ",{"t":"idOrVar","v":"numFriends"}," φίλοι"],"many":["Ενημερώθηκαν ",{"t":"idOrVar","v":"numFriends"}," φίλοι"],"other":["Ενημερώθηκαν ",{"t":"idOrVar","v":"numFriends"}," φίλοι"]},"$x":[{"t":"idOrVar","v":"plural"},"numFriends"]},{"$i":"friendsMerged","$v":{"zero":"Δε συγχωνεύτηκαν φίλοι","one":"Ένας φίλος συγχωνεύτηκε","two":[{"t":"idOrVar","v":"numDups"}," φίλοι συγχωνεύτηκαν"],"few":[{"t":"idOrVar","v":"numDups"}," φίλοι συγχωνεύτηκαν"],"many":[{"t":"idOrVar","v":"numDups"}," φίλοι συγχωνεύτηκαν"],"other":[{"t":"idOrVar","v":"numDups"}," φίλοι συγχωνεύτηκαν"]},"$x":[{"t":"idOrVar","v":"plural"},"numDups"]},{"$i":"notificationLogin","$v":"Η συνεδρία του Facebook δεν είναι έγκυρη. Παρακαλούμε συνδεθείτε ξανά."},{"$i":"syncError","$v":"Προέκυψε σφάλμα κατά τον συγχρονισμό των δεδομένων των φίλων σας"},{"$i":"waitDuplicateContacts","$v":"Αναζήτηση διπλών επαφών"},{"$i":"waitMergingDuplicateContacts","$v":"Συγχώνευση διπλών επαφών"},{"$i":"alertNoDuplicateContacts","$v":"Δε βρέθηκαν διπλές επαφές "},{"$i":"merge","ariaLabel":"Merge"},{"$i":"mergeDuplicateTitle","$v":"Συγχώνευση αντιγράφων"},{"$i":"suggestedDuplicateContacts","$v":["Προτεινόμενα αντίγραφα επαφών για ",{"t":"idOrVar","v":"name"}]},{"$i":"mergeActionButtonLabel","$v":{"zero":"Δεν έχει επιλεγεί επαφή","one":["Συγχώνευση με ",{"t":"idOrVar","v":"n"}," επαφή"],"two":["Συγχώνευση με ",{"t":"idOrVar","v":"n"}," επαφές"],"few":["Συγχώνευση με ",{"t":"idOrVar","v":"n"}," επαφές"],"many":["Συγχώνευση με ",{"t":"idOrVar","v":"n"}," επαφές"],"other":["Συγχώνευση με ",{"t":"idOrVar","v":"n"}," επαφές"]},"$x":[{"t":"idOrVar","v":"plural"},"n"]},{"$i":"duplicatesFoundTitle","$v":"Αντίγραφα βρέθηκαν"},{"$i":"duplicatesFoundMessage","$v":["Το όνομα ",{"t":"idOrVar","v":"name"}," επιφέρει διπλές πληροφορίες στις ακόλουθες επαφές"]},{"$i":"ok","$v":"ΟΚ"},{"$i":"gaia-menu-cancel","$v":"Ακύρωση"},{"$i":"gaia-sim-picker-dial-via-with-number","$v":["Dial ",{"t":"idOrVar","v":"phoneNumber"}," via"]},{"$i":"gaia-sim-picker-select-sim","$v":"Select SIM"},{"$i":"gaia-sim-picker-button","$v":["SIM",{"t":"idOrVar","v":"n"}]},{"$i":"gaia-sim-picker-button-default","$v":"(default)"},{"$i":"call","$v":"Κλήση"},{"$i":"edit","$v":"Επεξεργασία"},{"$i":"cancel","$v":"Ακύρωση"},{"$i":"done","$v":"ΟΚ"},{"$i":"retry","$v":"Δοκιμάστε ξανά"},{"$i":"contacts","$v":"Επαφές"},{"$i":"addContact","$v":"Προσθήκη επαφής"},{"$i":"deleteContact","$v":"Διαγραφή επαφής"},{"$i":"selectContact","$v":"Επιλογή επαφής"},{"$i":"editContact","$v":"Επεξεργασία"},{"$i":"deleteConfirmMsg","$v":"Διαγραφή επαφής;"},{"$i":"remove","$v":"Αφαίρεση"},{"$i":"delete","$v":"Διαγραφή"},{"$i":"comments","$v":"Σχόλια"},{"$i":"no_contact_phones","$v":"Αυτή η επαφή δεν έχει τηλεφωνικό νούμερο"},{"$i":"no_contact_email","$v":"Αυτή η επαφή δεν έχει email"},{"$i":"no_contact_data","$v":"Αυτή η επαφή δεν έχει τηλεφωνικό νούμερο και email"},{"$i":"removePhotoConfirm","$v":"Αφαίρεση εικόνας επαφής;"},{"$i":"loadingContacts","$v":"Φόρτωση επαφών…"},{"$i":"noContactsActivity2","$v":"No contacts in your Contacts list"},{"$i":"noName","$v":"Χωρίς όνομα"},{"$i":"givenName","placeholder":"Όνομα"},{"$i":"familyName","placeholder":"Επώνυμο"},{"$i":"tel","placeholder":"Τηλέφωνο"},{"$i":"carrier","$v":"Πάροχος","placeholder":"Πάροχος"},{"$i":"separator","$v":","},{"$i":"email","$v":"Διεύθυνση email","placeholder":"Email"},{"$i":"streetAddress","placeholder":"Οδός"},{"$i":"postalCode","placeholder":"Τ.Κ."},{"$i":"locality","placeholder":"Πόλη"},{"$i":"countryName","placeholder":"Χώρα"},{"$i":"comment","placeholder":"Σχόλιο"},{"$i":"org","placeholder":"Εταιρεία"},{"$i":"date","$v":"Ημερομηνία","placeholder":"Ημερομηνία"},{"$i":"date-span-placeholder","$v":"Ημερομηνία"},{"$i":"birthday","$v":"Γενέθλια"},{"$i":"dateFormat","$v":"%e %Eb"},{"$i":"dateOutput","$v":[{"t":"idOrVar","v":"dayMonthFormatted"}," ",{"t":"idOrVar","v":"year"}]},{"$i":"anniversary","$v":"Επέτειος"},{"$i":"addPhoto","$v":"Προσθήκη"},{"$i":"addPhone","$v":"Προσθήκη τηλεφώνου"},{"$i":"addEmail","$v":"Προσθήκη email"},{"$i":"addAddress","$v":"Προσθήκη διεύθυνσης"},{"$i":"addDate","$v":"Προσθήκη ημερομηνίας"},{"$i":"addComment","$v":"Προσθήκη σχολίου"},{"$i":"addFavorite","$v":"Προσθήκη στα αγαπημένα"},{"$i":"removeFavorite","$v":"Αφαίρεση από τα αγαπημένα"},{"$i":"addButton","ariaLabel":"Προσθήκη"},{"$i":"editButton","ariaLabel":"Επεξεργασία"},{"$i":"settingsButton","ariaLabel":"Ρυθμίσεις"},{"$i":"phoneDetail","ariaLabel":"Τηλέφωνο"},{"$i":"emailDetail","ariaLabel":"Email"},{"$i":"addressDetail","ariaLabel":"Διεύθυνση"},{"$i":"dateDetail","ariaLabel":"Ημερομηνία"},{"$i":"composeEmail","ariaLabel":"Email"},{"$i":"makeCall","ariaLabel":"Κλήση"},{"$i":"phones","ariaLabel":"Τηλέφωνα"},{"$i":"emails","ariaLabel":"Emails"},{"$i":"addresses","ariaLabel":"Διευθύνσεις"},{"$i":"dates","ariaLabel":"Ημερομηνίες"},{"$i":"notes","ariaLabel":"Σημειώσεις"},{"$i":"exit","$v":"Έξοδος"},{"$i":"expand","$v":"Ανάπτυξη"},{"$i":"labelName","$v":"Όνομα:"},{"$i":"labelLastName","$v":"Επώνυμο:"},{"$i":"labelPhoneNumber","$v":"Τηλεφωνικός αριθμός:"},{"$i":"labelCarrier","$v":"Πάροχος:"},{"$i":"labelEmail","$v":"Email:"},{"$i":"labelStreet","$v":"Οδός:"},{"$i":"labelZip","$v":"Τ.Κ.:"},{"$i":"labelCity","$v":"Πόλη:"},{"$i":"labelCountry","$v":"Χώρα:"},{"$i":"labelComment","$v":"Σχόλιο:"},{"$i":"legendTitleMain","$v":"Βασικές πληροφορίες"},{"$i":"legendPhones","$v":"Τηλεφωνικοί αριθμοί"},{"$i":"legendEmail","$v":"Διεύθυνση email"},{"$i":"legendAddress","$v":"Διεύθυνση"},{"$i":"transferContactsTitle","$v":"Μεταφορά Επαφών"},{"$i":"importContactsTitle","$v":"Εισαγωγή επαφών"},{"$i":"importContactsButton","$v":"Εισαγωγή επαφών"},{"$i":"exportContactsTitle","$v":"Εξαγωγή επαφών"},{"$i":"exportContactsButton","$v":"Εξαγωγή επαφών"},{"$i":"exportContactsAction","$v":"Εξαγωγή"},{"$i":"simExport-title","$v":"Εξαγωγή στην κάρτα SIM"},{"$i":"memoryCardExport-title","$v":"Export to memory card"},{"$i":"btExport-title","$v":"Εξαγωγή στο Bluetooth"},{"$i":"memoryCardUMSEnabled","$v":"Cannot use memory card because USB storage is enabled"},{"$i":"exportErrorTitle","$v":"Σφάλμα κατά την Εξαγωγή"},{"$i":"contactsExported2","$v":{"zero":"Καμία επαφή δεν εξήχθη","one":[{"t":"idOrVar","v":"exported"},"/",{"t":"idOrVar","v":"total"}," επαφή εξήχθη"],"two":[{"t":"idOrVar","v":"exported"},"/",{"t":"idOrVar","v":"total"}," επαφές εξήχθησαν"],"few":[{"t":"idOrVar","v":"exported"},"/",{"t":"idOrVar","v":"total"}," επαφές εξήχθησαν"],"many":[{"t":"idOrVar","v":"exported"},"/",{"t":"idOrVar","v":"total"}," επαφές εξήχθησαν"],"other":[{"t":"idOrVar","v":"exported"},"/",{"t":"idOrVar","v":"total"}," επαφές εξήχθησαν"]},"$x":[{"t":"idOrVar","v":"plural"},"exported"]},{"$i":"exportError-general","$v":"Συνέβη σφάλμα κατά την Εξαγωγή"},{"$i":"exportError-SD-shared","$v":"Η κάρτα μνήμης δεν μπορεί να προσπελαθεί λόγω διαμοιρασμού της"},{"$i":"exportError-SD-unavailable","$v":"Η κάρτα μνήμης δεν είναι διαθέσιμη"},{"$i":"exportError-SD-noSpace","$v":"Δεν υπάρχει αρκετός χώρος στην κάρτα μνήμης για εξαγωγή των επαφών"},{"$i":"exportError-SIM-unavailable","$v":"Η κάρτα SIM δεν είναι διαθέσιμη"},{"$i":"exportError-BT-shared","$v":"Η κάρτα μνήμης δεν μπορεί να προσπελαθεί λόγω διαμοιρασμού της"},{"$i":"exportError-BT-unavailable","$v":"Η κάρτα μνήμης δεν είναι διαθέσιμη"},{"$i":"exportError-BT-noSpace","$v":"Δεν υπάρχει αρκετός χώρος στην κάρτα μνήμης για εξαγωγή των επαφών"},{"$i":"social-network","$v":"Κοινωνικά δίκτυα"},{"$i":"social-link","$v":"Σύνδεση επαφής"},{"$i":"social-unlink","$v":"Αποσύνδεση επαφής"},{"$i":"social-unlink-confirm-title","$v":"Θέλετε να αποσυνδέσετε τον φίλο σας;"},{"$i":"social-unlink-confirm-accept","$v":"Κατάργηση συνδέσμου"},{"$i":"facebook-import","$v":"Εισαγωγή φίλων από το Facebook"},{"$i":"show-fb-profile","$v":"Εμφάνιση του προφίλ Facebook"},{"$i":"msg-send","$v":"Μήνυμα"},{"$i":"wall-post","$v":"Δημοσίευση στον τοίχο"},{"$i":"share-contact","$v":"Share Contact"},{"$i":"facebook-export-forbidden","$v":"Δεν είναι δυνατός ο διαμοιρασμός της επαφής λόγο περιορισμών του Facebook."},{"$i":"otherAccount","$v":"Άλλοι λογαριασμοί"},{"$i":"facebookSwitchMsg","$v":"Συγχρονισμός"},{"$i":"select_mobile","$v":"Επιλογή κινητού"},{"$i":"select_email","$v":"Επιλογή διεύθυνσης email"},{"$i":"select_recipient","$v":"Επιλογή παραλήπτη"},{"$i":"contactsOrderBy","$v":"Επαφές κατά επώνυμο"},{"$i":"importSim2","$v":"Κάρτα SIM"},{"$i":"importGmail","$v":"Gmail"},{"$i":"bluetooth","$v":"Bluetooth"},{"$i":"importOutlook","$v":"Outlook"},{"$i":"fbUpdateFriends","$v":"Ενημέρωση φίλων από το Facebook"},{"$i":"cleaningFbData","$v":"Διαγραφή δεδομένων Facebook"},{"$i":"loggingOutFb","$v":"Αποσύνδεση από το Facebook"},{"$i":"cleanFbConfirmMsg","$v":"Να διαγραφούν όλα τα δεδομένα του Facebook;"},{"$i":"renewPwdMsg","$v":"Ο κωδικός πρόσβασης σας στο Facebook έχει αλλάξει. Παρακαλούμε, ενημερώστε τον."},{"$i":"notEnabledYet","$v":"Δεν έχει ενεργοποιηθεί"},{"$i":"genericNoConnection","$v":"Για την εισαγωγή επαφών συνδεθείτε με το Wi-Fi ή με το δίκτυο δεδομένων"},{"$i":"simCard","$v":"Κάρτα SIM"},{"$i":"memoryCard","$v":"Κάρτα μνήμης"},{"$i":"simNumberNoMSISDN","$v":["SIM ",{"t":"idOrVar","v":"number"},":"]},{"$i":"simNumberWithMSISDN","$v":["SIM ",{"t":"idOrVar","v":"number"},": ",{"t":"idOrVar","v":"msisdn"}]},{"$i":"ICEContactsGroup","$v":"ICE Contacts"},{"$i":"setICEButton","$v":"Επαφές έκτακτης ανάγκης"},{"$i":"ICESettingTitle","$v":"Ρύθμιση επαφών"},{"$i":"ICEDescription","$v":"Προσθέστε δύο επαφές για κλήσεις έκτακτης ανάγκης."},{"$i":"ICEContact1","$v":"Επαφή Ε.Α. 1"},{"$i":"ICESelectContact","$v":"Επιλέξτε επαφή"},{"$i":"ICEContact2","$v":"Επαφή Ε.Α. 2"},{"$i":"ICERepeatedContact","$v":"This contact is already an existing ICE contact"},{"$i":"ICEUnknownError","$v":"There was an error setting the contact as ICE"},{"$i":"ICEContactNoNumber","$v":"This contact doesn't have a phone number"},{"$i":"ICEFacebookContactNotAllowed","$v":"Facebook contacts cannot be set as ICE contacts"},{"$i":"ICEContactDelTel","$v":"Deleted phone numbers are removed from ICE Contact"},{"$i":"ICEContactDelTelAll","$v":"All the numbers are deleted. This contact is removed from the ICE Contacts."},{"$i":"no-contacts","$v":"Δεν υπάρχουν επαφές"},{"$i":"start-adding","$v":"Ξεκινήστε την προσθήκη τώρα"},{"$i":"notImported","$v":"Δεν εισήχθη"},{"$i":"imported","$v":"Εισήχθη"},{"$i":"today","$v":"Σήμερα"},{"$i":"yesterday","$v":"Χθες"},{"$i":"organise-contacts","$v":"Οργάνωση Επαφών"},{"$i":"find-merge-contacts","$v":"Βρες διπλότυπα επαφών"},{"$i":"preparing-contacts","$v":"Προετοιμασία επαφών"},{"$i":"exportError-SIM-NoFreeRecordFound","$v":"Η κάρτα SIM είναι γεμάτη"},{"$i":"exportError-SIM-CannotAccessPhoneBook","$v":"Δεν είναι δυνατή η πρόσβαση στον κατάλογο"},{"$i":"exportError-SIM-Unavailable","$v":"Δεν βρέθηκε SIM"},{"$i":"exportError-SIM-GenericError","$v":"Προέκυψε σφάλμα κατά την εξαγωγή μιας επαφής"},{"$i":"noSimMsgExport","$v":"Για να εξάγετε επαφές εισάγετε ή ξεκλειδώστε την κάρτα SIM"},{"$i":"noMemoryCardMsgExport","$v":"Για να εξάγετε επαφές τοποθετήστε μία κάρτα μνήμης"},{"$i":"ContactManagementTitle","$v":"Διαχείριση Επαφών"},{"$i":"DeleteTitle","$v":"Διαγραφή"},{"$i":"bulkDeleteButton","$v":"Διαγραφή Επαφών"},{"$i":"BulkDelCancel","$v":"Η διαγραφή επαφών ακυρώθηκε"},{"$i":"DeletedTxt","$v":{"zero":"Δεν υπάρχουν επαφές για διαγραφή","one":"1 επαφή διαγράφηκε","two":[{"t":"idOrVar","v":"n"}," επαφές διαγράφηκαν"],"few":[{"t":"idOrVar","v":"n"}," επαφές διαγράφηκαν"],"many":[{"t":"idOrVar","v":"n"}," επαφές διαγράφηκαν"],"other":[{"t":"idOrVar","v":"n"}," επαφές διαγράφηκαν"]},"$x":[{"t":"idOrVar","v":"plural"},"n"]},{"$i":"DeletingContacts","$v":"Διαγραφή επαφών"},{"$i":"ContactConfirmDel","$v":{"zero":"Δεν υπάρχουν επαφές για διαγραφή","one":"Διαγραφή 1 επαφής; Δεν είναι δυνατή η αναίρεση αυτής της ενέργειας.","two":["Διαγραφή ",{"t":"idOrVar","v":"n"}," επαφών; Δεν είναι δυνατή η αναίρεση αυτής της ενέργειας."],"few":["Διαγραφή ",{"t":"idOrVar","v":"n"}," επαφών; Δεν είναι δυνατή η αναίρεση αυτής της ενέργειας."],"many":["Διαγραφή ",{"t":"idOrVar","v":"n"}," επαφών; Δεν είναι δυνατή η αναίρεση αυτής της ενέργειας."],"other":["Διαγραφή ",{"t":"idOrVar","v":"n"}," επαφών; Δεν είναι δυνατή η αναίρεση αυτής της ενέργειας."]},"$x":[{"t":"idOrVar","v":"plural"},"n"]},{"$i":"SelectedTxt","$v":{"zero":"Επαφές","one":[{"t":"idOrVar","v":"n"}," επιλεγμένη"],"two":[{"t":"idOrVar","v":"n"}," επιλεγμένες"],"few":[{"t":"idOrVar","v":"n"}," επιλεγμένες"],"many":[{"t":"idOrVar","v":"n"}," επιλεγμένες"],"other":[{"t":"idOrVar","v":"n"}," επιλεγμένες"]},"$x":[{"t":"idOrVar","v":"plural"},"n"]},{"$i":"video","$v":"Βίντεο"},{"$i":"audio","$v":"Ήχος"},{"$i":"pick_destination","$v":[{"t":"idOrVar","v":"destination"}," ",{"t":"idOrVar","v":"carrier"}]},{"$i":"removeField","ariaLabel":"Αφαίρεση"},{"$i":"undo","ariaLabel":"Αναίρεση"},{"$i":"send-sms-button","ariaLabel":"SMS"},{"$i":"ice_contacts","$v":"Επαφές έκτακτης ανάγκης"},{"$i":"edit-picture","$v":"Επεξεργασία φωτογραφίας"},{"$i":"remove-photo","$v":"Αφαίρεση φωτογραφίας"},{"$i":"change-photo","$v":"Αλλαγή φωτογραφίας"},{"$i":"photo-options","$v":"Επιλογές φωτογραφίας"},{"$i":"vCardContacts-imported","$v":{"zero":"No contacts imported","one":"Imported one contact","two":["Imported ",{"t":"idOrVar","v":"n"}," contacts"],"few":["Imported ",{"t":"idOrVar","v":"n"}," contacts"],"many":["Imported ",{"t":"idOrVar","v":"n"}," contacts"],"other":["Imported ",{"t":"idOrVar","v":"n"}," contacts"]},"$x":[{"t":"idOrVar","v":"plural"},"n"]},{"$i":"voiceMail","$v":"Φωνητικό μήνυμα"},{"$i":"back","$v":"Πίσω"},{"$i":"noSimMsg","$v":"Για εισαγωγή επαφών, εισάγετε ή ξεκλειδώστε τη κάρτα SIM σας"},{"$i":"noMemoryCardMsg","$v":"Για εισαγωγή επαφών, εισάγετε μία κάρτα μνήμης"},{"$i":"importMemoryCard","$v":"Κάρτα μνήμης"},{"$i":"noConnection11","$v":"Για εισαγωγή επαφών ή φίλων από το Facebook συνδεθείτε με το Wi-Fi ή με το δίκτυο δεδομένων"},{"$i":"emptyAccount","$v":"No friends or contacts found in this account."},{"$i":"simContacts-import","$v":"Εισαγωγή επαφών απο κάρτα SIM"},{"$i":"simContacts-importing","$v":"Εισαγωγή επαφών απο κάρτα SIM…"},{"$i":"simContacts-reading","$v":"Ανάγνωση από κάρτα SIM…"},{"$i":"simContacts-error","$v":"Δεν ήταν δυνατή η εισαγωγή επαφών απο κάρτα SIM"},{"$i":"simContacts-imported3","$v":{"zero":"Δεν εντοπίστηκαν επαφές στην κάρτα SIM για να εισαχθούν","one":"Εισήχθη μία επαφή","two":["Εισήχθησαν ",{"t":"idOrVar","v":"n"}," επαφές"],"few":["Εισήχθησαν ",{"t":"idOrVar","v":"n"}," επαφές"],"many":["Εισήχθησαν ",{"t":"idOrVar","v":"n"}," επαφές"],"other":["Εισήχθησαν ",{"t":"idOrVar","v":"n"}," επαφές"]},"$x":[{"t":"idOrVar","v":"plural"},"n"]},{"$i":"memoryCardContacts-import","$v":"Εισαγωγή επαφών από την κάρτα μνήμης"},{"$i":"memoryCardContacts-importing","$v":"Εισάγονται επαφές από την κάρτα μνήμης…"},{"$i":"memoryCardContacts-reading","$v":"Ανάγνωση απο κάρτα μνήμης…"},{"$i":"memoryCardContacts-error","$v":"Δεν ήταν δυνατή η εισαγωγή επαφών από την κάρτα μνήμης"},{"$i":"memoryCardContacts-imported3","$v":{"zero":"Δεν εντοπίστηκαν επαφές στην κάρτα μνήμης για εισαγωγή","one":"Εισήχθη μία επαφή","two":["Εισήχθησαν ",{"t":"idOrVar","v":"n"}," επαφές"],"few":["Εισήχθησαν ",{"t":"idOrVar","v":"n"}," επαφές"],"many":["Εισήχθησαν ",{"t":"idOrVar","v":"n"}," επαφές"],"other":["Εισήχθησαν ",{"t":"idOrVar","v":"n"}," επαφές"]},"$x":[{"t":"idOrVar","v":"plural"},"n"]},{"$i":"genericProgress","$v":[{"t":"idOrVar","v":"current"},"/",{"t":"idOrVar","v":"total"}]},{"$i":"facebook-import-msg2","$v":[{"t":"idOrVar","v":"imported"},"/",{"t":"idOrVar","v":"total"}," friends imported"]},{"$i":"contactsMerged","$v":{"zero":"Δε συγχωνεύτηκαν διπλές επαφές","one":"Μια διπλή επαφή συγχωνεύτηκε","two":[{"t":"idOrVar","v":"numDups"}," επαφές συγχωνεύτηκαν"],"few":[{"t":"idOrVar","v":"numDups"}," επαφές συγχωνεύτηκαν"],"many":[{"t":"idOrVar","v":"numDups"}," επαφές συγχωνεύτηκαν"],"other":[{"t":"idOrVar","v":"numDups"}," επαφές συγχωνεύτηκαν"]},"$x":[{"t":"idOrVar","v":"plural"},"numDups"]},{"$i":"weekday-0-long","$v":"Κυριακή"},{"$i":"weekday-1-long","$v":"Δευτέρα"},{"$i":"weekday-2-long","$v":"Τρίτη"},{"$i":"weekday-3-long","$v":"Τετάρτη"},{"$i":"weekday-4-long","$v":"Πέμπτη"},{"$i":"weekday-5-long","$v":"Παρασκευή"},{"$i":"weekday-6-long","$v":"Σάββατο"},{"$i":"weekday-0-short","$v":"Κυρ"},{"$i":"weekday-1-short","$v":"Δευ"},{"$i":"weekday-2-short","$v":"Τρι"},{"$i":"weekday-3-short","$v":"Τετ"},{"$i":"weekday-4-short","$v":"Πεμ"},{"$i":"weekday-5-short","$v":"Παρ"},{"$i":"weekday-6-short","$v":"Σαβ"},{"$i":"month-0-long","$v":"Ιανουάριος"},{"$i":"month-1-long","$v":"Φεβρουάριος"},{"$i":"month-2-long","$v":"Μάρτιος"},{"$i":"month-3-long","$v":"Απρίλιος"},{"$i":"month-4-long","$v":"Μάιος"},{"$i":"month-5-long","$v":"Ιούνιος"},{"$i":"month-6-long","$v":"Ιούλιος"},{"$i":"month-7-long","$v":"Αύγουστος"},{"$i":"month-8-long","$v":"Σεπτέμβριος"},{"$i":"month-9-long","$v":"Οκτώβριος"},{"$i":"month-10-long","$v":"Νοέμβριος"},{"$i":"month-11-long","$v":"Δεκέμβριος"},{"$i":"month-0-genitive","$v":"Ιανουαρίου"},{"$i":"month-1-genitive","$v":"Φεβρουαρίου"},{"$i":"month-2-genitive","$v":"Μαρτίου"},{"$i":"month-3-genitive","$v":"Απριλίου"},{"$i":"month-4-genitive","$v":"Μαΐου"},{"$i":"month-5-genitive","$v":"Ιουνίου"},{"$i":"month-6-genitive","$v":"Ιουλίου"},{"$i":"month-7-genitive","$v":"Αυγούστου"},{"$i":"month-8-genitive","$v":"Σεπτεμβρίου"},{"$i":"month-9-genitive","$v":"Οκτωβρίου"},{"$i":"month-10-genitive","$v":"Νοεμβρίου"},{"$i":"month-11-genitive","$v":"Δεκεμβρίου"},{"$i":"month-0-short","$v":"Ιαν"},{"$i":"month-1-short","$v":"Φεβ"},{"$i":"month-2-short","$v":"Μαρ"},{"$i":"month-3-short","$v":"Απρ"},{"$i":"month-4-short","$v":"Μάι"},{"$i":"month-5-short","$v":"Ιουν"},{"$i":"month-6-short","$v":"Ιουλ"},{"$i":"month-7-short","$v":"Αυγ"},{"$i":"month-8-short","$v":"Σεπ"},{"$i":"month-9-short","$v":"Οκτ"},{"$i":"month-10-short","$v":"Νοε"},{"$i":"month-11-short","$v":"Δεκ"},{"$i":"minutes-ago-long","$v":{"zero":"μόλις τώρα","one":"πριν από ένα λεπτό","two":["πριν από ",{"t":"idOrVar","v":"value"}," λεπτά"],"few":["πριν από ",{"t":"idOrVar","v":"value"}," λεπτά"],"many":["πριν από ",{"t":"idOrVar","v":"value"}," λεπτά"],"other":["πριν από ",{"t":"idOrVar","v":"value"}," λεπτά"]},"$x":[{"t":"idOrVar","v":"plural"},"value"]},{"$i":"hours-ago-long","$v":{"zero":"μόλις τώρα","one":"πριν από μία ώρα","two":["πριν από ",{"t":"idOrVar","v":"value"}," ώρες"],"few":["πριν από ",{"t":"idOrVar","v":"value"}," ώρες"],"many":["πριν από ",{"t":"idOrVar","v":"value"}," ώρες"],"other":["πριν από ",{"t":"idOrVar","v":"value"}," ώρες"]},"$x":[{"t":"idOrVar","v":"plural"},"value"]},{"$i":"days-ago-long","$v":{"zero":"σήμερα","one":"χθες","two":["πριν από ",{"t":"idOrVar","v":"value"}," ημέρες"],"few":["πριν από ",{"t":"idOrVar","v":"value"}," ημέρες"],"many":["πριν από ",{"t":"idOrVar","v":"value"}," ημέρες"],"other":["πριν από ",{"t":"idOrVar","v":"value"}," ημέρες"]},"$x":[{"t":"idOrVar","v":"plural"},"value"]},{"$i":"weeks-ago-long","$v":{"zero":"αυτή την εβδομάδα","one":"την τελευταία εβδομάδα","two":["πριν από ",{"t":"idOrVar","v":"value"}," εβδομάδες"],"few":["πριν από ",{"t":"idOrVar","v":"value"}," εβδομάδες"],"many":["πριν από ",{"t":"idOrVar","v":"value"}," εβδομάδες"],"other":["πριν από ",{"t":"idOrVar","v":"value"}," εβδομάδες"]},"$x":[{"t":"idOrVar","v":"plural"},"value"]},{"$i":"months-ago-long","$v":{"zero":"αυτό τον μήνα","one":"τον τελευταίο μήνα","two":["πριν από ",{"t":"idOrVar","v":"value"}," μήνες"],"few":["πριν από ",{"t":"idOrVar","v":"value"}," μήνες"],"many":["πριν από ",{"t":"idOrVar","v":"value"}," μήνες"],"other":["πριν από ",{"t":"idOrVar","v":"value"}," μήνες"]},"$x":[{"t":"idOrVar","v":"plural"},"value"]},{"$i":"years-ago-long","$v":{"zero":"αυτό το έτος","one":"το περασμένο έτος","two":["πριν από ",{"t":"idOrVar","v":"value"}," χρόνια"],"few":["πριν από ",{"t":"idOrVar","v":"value"}," χρόνια"],"many":["πριν από ",{"t":"idOrVar","v":"value"}," χρόνια"],"other":["πριν από ",{"t":"idOrVar","v":"value"}," χρόνια"]},"$x":[{"t":"idOrVar","v":"plural"},"value"]},{"$i":"minutes-until-long","$v":{"zero":"τώρα","one":"σε ένα λεπτό","two":["σε ",{"t":"idOrVar","v":"value"}," λεπτά"],"few":["σε ",{"t":"idOrVar","v":"value"}," λεπτά"],"many":["σε ",{"t":"idOrVar","v":"value"}," λεπτά"],"other":["σε ",{"t":"idOrVar","v":"value"}," λεπτά"]},"$x":[{"t":"idOrVar","v":"plural"},"value"]},{"$i":"hours-until-long","$v":{"zero":"τώρα","one":"σε μία ώρα","two":["σε ",{"t":"idOrVar","v":"value"}," ώρες"],"few":["σε ",{"t":"idOrVar","v":"value"}," ώρες"],"many":["σε ",{"t":"idOrVar","v":"value"}," ώρες"],"other":["σε ",{"t":"idOrVar","v":"value"}," ώρες"]},"$x":[{"t":"idOrVar","v":"plural"},"value"]},{"$i":"days-until-long","$v":{"zero":"σήμερα","one":"αύριο","two":["σε ",{"t":"idOrVar","v":"value"}," ημέρες"],"few":["σε ",{"t":"idOrVar","v":"value"}," ημέρες"],"many":["σε ",{"t":"idOrVar","v":"value"}," ημέρες"],"other":["σε ",{"t":"idOrVar","v":"value"}," ημέρες"]},"$x":[{"t":"idOrVar","v":"plural"},"value"]},{"$i":"weeks-until-long","$v":{"zero":"αυτή την εβδομάδα","one":"την επόμενη εβδομάδα","two":["σε ",{"t":"idOrVar","v":"value"}," εβδομάδες"],"few":["σε ",{"t":"idOrVar","v":"value"}," εβδομάδες"],"many":["σε ",{"t":"idOrVar","v":"value"}," εβδομάδες"],"other":["σε ",{"t":"idOrVar","v":"value"}," εβδομάδες"]},"$x":[{"t":"idOrVar","v":"plural"},"value"]},{"$i":"months-until-long","$v":{"zero":"αυτό τον μήνα","one":"στον επόμενο μήνα","two":["σε ",{"t":"idOrVar","v":"value"}," μήνες"],"few":["σε ",{"t":"idOrVar","v":"value"}," μήνες"],"many":["σε ",{"t":"idOrVar","v":"value"}," μήνες"],"other":["σε ",{"t":"idOrVar","v":"value"}," μήνες"]},"$x":[{"t":"idOrVar","v":"plural"},"value"]},{"$i":"years-until-long","$v":{"zero":"αυτό το έτος","one":"επόμενο έτος","two":["σε ",{"t":"idOrVar","v":"value"}," έτη"],"few":["σε ",{"t":"idOrVar","v":"value"}," έτη"],"many":["σε ",{"t":"idOrVar","v":"value"}," έτη"],"other":["σε ",{"t":"idOrVar","v":"value"}," έτη"]},"$x":[{"t":"idOrVar","v":"plural"},"value"]},{"$i":"minutes-ago-short","$v":{"zero":"τώρα","other":["πριν ",{"t":"idOrVar","v":"value"},"′"]},"$x":[{"t":"idOrVar","v":"plural"},"value"]},{"$i":"hours-ago-short","$v":{"zero":"τώρα","other":["πριν ",{"t":"idOrVar","v":"value"}," ώρ."]},"$x":[{"t":"idOrVar","v":"plural"},"value"]},{"$i":"days-ago-short","$v":{"zero":"σήμερα","other":["πριν ",{"t":"idOrVar","v":"value"}," ημ."]},"$x":[{"t":"idOrVar","v":"plural"},"value"]},{"$i":"minutes-until-short","$v":{"zero":"τώρα","other":["σε ",{"t":"idOrVar","v":"value"},"′"]},"$x":[{"t":"idOrVar","v":"plural"},"value"]},{"$i":"hours-until-short","$v":{"zero":"τώρα","other":["σε ",{"t":"idOrVar","v":"value"}," ώρ."]},"$x":[{"t":"idOrVar","v":"plural"},"value"]},{"$i":"days-until-short","$v":{"zero":"σήμερα","other":["σε ",{"t":"idOrVar","v":"value"}," ημ."]},"$x":[{"t":"idOrVar","v":"plural"},"value"]},{"$i":"incorrectDate","$v":"(λάθος ημερομηνία)"},{"$i":"dateTimeFormat_%c","$v":"%a, %e %Eb %Y, %H:%M:%S"},{"$i":"dateTimeFormat_%x","$v":"%d/%m/%Y"},{"$i":"dateTimeFormat_%X","$v":"%H:%M:%S"},{"$i":"shortTimeFormat","$v":"%H:%M"},{"$i":"shortTimeFormat12","$v":"%I:%M %p"},{"$i":"shortTimeFormat24","$v":"%H:%M"},{"$i":"shortDateTimeFormat","$v":"%x %H:%M"},{"$i":"weekStartsOnMonday","$v":"0"},{"$i":"firstDayOfTheWeek","$v":"0"},{"$i":"time_am","$v":"πμ"},{"$i":"time_pm","$v":"μμ"},{"$i":"label","$v":"Ετικέτα"},{"$i":"mobile","$v":"Κινητό"},{"$i":"home","$v":"Σπίτι"},{"$i":"work","$v":"Εργασία"},{"$i":"personal","$v":"Προσωπικό"},{"$i":"faxHome","$v":"Fax σπιτιού"},{"$i":"faxOffice","$v":"Fax γραφείου"},{"$i":"faxOther","$v":"Fax άλλο"},{"$i":"another","$v":"Κάποιο άλλο"},{"$i":"other","$v":"Άλλο"},{"$i":"customTag","placeholder":"Προσαρμοσμένη ετικέτα"},{"$i":"current","$v":"Τρέχουσα"},{"$i":"itemWithLabel","$v":[{"t":"idOrVar","v":"label"},", ",{"t":"idOrVar","v":"item"}]},{"$i":"addNewNumber","$v":"Προσθήκη νέου αριθμού"},{"$i":"contactDetails","$v":"Πληροφορίες επαφής"},{"$i":"addToExistingContact","$v":"Προσθήκη σε υπάρχουσα επαφή"},{"$i":"all","$v":"Όλες","ariaLabel":"Όλες"},{"$i":"bluetoothOption","ariaLabel":"Bluetooth"},{"$i":"callLog","$v":"Ιστορικό κλήσεων"},{"$i":"callLogEdit","title":"Επεξεργασία ιστορικού κλήσεων"},{"$i":"callLogEditDialog","ariaLabel":"Παράθυρο επεξεργασίας ιστορικού κλήσεων"},{"$i":"connecting","$v":"Γίνεται σύνδεση"},{"$i":"connectingEllipsis","$v":"Connecting…"},{"$i":"call-forwarding-async","$v":["Asynchronous: ",{"t":"idOrVar","v":"async"}]},{"$i":"call-forwarding-data","$v":["Data: ",{"t":"idOrVar","v":"data"}]},{"$i":"call-forwarding-error","$v":"An error occurred while retrieving call forwarding status"},{"$i":"call-forwarding-fax","$v":["FAX: ",{"t":"idOrVar","v":"fax"}]},{"$i":"call-forwarding-inactive","$v":"Inactive"},{"$i":"call-forwarding-packet","$v":["Packet: ",{"t":"idOrVar","v":"packet"}]},{"$i":"call-forwarding-pad","$v":["PAD: ",{"t":"idOrVar","v":"pad"}]},{"$i":"call-forwarding-sms","$v":["SMS: ",{"t":"idOrVar","v":"sms"}]},{"$i":"call-forwarding-status","$v":"Call forwarding status"},{"$i":"call-forwarding-sync","$v":["Synchronous: ",{"t":"idOrVar","v":"sync"}]},{"$i":"call-forwarding-voice","$v":["Voice: ",{"t":"idOrVar","v":"voice"}]},{"$i":"confirm-deletion","$v":"Εκκαθάριση επιλεγμένων κλήσεων;"},{"$i":"createNewContact","$v":"Δημιουργία νέας επαφής"},{"$i":"dialerAddContact","ariaLabel":"Προσθήκη επαφής"},{"$i":"dialerAddContactDialog","ariaLabel":"Add Contact Dialog"},{"$i":"callInformation","$v":"Πληροφορίες κλήσης"},{"$i":"edit-selected","$v":{"one":[{"t":"idOrVar","v":"n"}," επιλεγμένο"],"two":[{"t":"idOrVar","v":"n"}," επιλεγμένα"],"few":[{"t":"idOrVar","v":"n"}," επιλεγμένα"],"many":[{"t":"idOrVar","v":"n"}," επιλεγμένα"],"other":[{"t":"idOrVar","v":"n"}," επιλεγμένα"]},"$x":[{"t":"idOrVar","v":"plural"},"n"]},{"$i":"hideKeypad","ariaLabel":"Απόκρυψη πλήκτρων κλήσης"},{"$i":"ignore","$v":"Αγνόηση κλήσης"},{"$i":"incoming","$v":"Εισερχόμενη"},{"$i":"keypad","ariaLabel":"Πλήκτρα κλήσης"},{"$i":"info-missed","$v":"Αναπάντητη"},{"$i":"missed","$v":"Αναπάντητες","ariaLabel":"Αναπάντητες"},{"$i":"canceled","$v":"Ακυρώθηκε"},{"$i":"missedCall","$v":"Αναπάντητη κλήση"},{"$i":"missedCallMultiSims","$v":["(SIM ",{"t":"idOrVar","v":"n"},") Αναπάντητη κλήση"]},{"$i":"mmi-error","$v":"Παρουσιάστηκε σφάλμα κατά την αποστολή του μηνύματος"},{"$i":"mmi-session-expired","$v":"Η συνεδρία έληξε"},{"$i":"mmi-successfully-sent","$v":"Το μήνυμα εστάλη επιτυχώς"},{"$i":"mmi-notification-title-with-sim","$v":["(",{"t":"idOrVar","v":"sim"},") ",{"t":"idOrVar","v":"title"}]},{"$i":"mute","ariaLabel":"Σίγαση"},{"$i":"newCall","ariaLabel":"Νέα κλήση"},{"$i":"no-logs-msg-1","$v":"Δεν καταγράφηκαν κλήσεις"},{"$i":"no-logs-msg-2","$v":"Έναρξη επικοινωνίας"},{"$i":"no-logs-msg-3","$v":"Καμία αναπάντητη κλήση"},{"$i":"onHoldOption","ariaLabel":"On hold"},{"$i":"outgoing","$v":"Εξερχόμενες"},{"$i":"recents","ariaLabel":"Πρόσφατες κλήσεις"},{"$i":"reply","$v":"Απάντηση"},{"$i":"send","$v":"Αποστολή"},{"$i":"switch-calls","$v":"Άλλαξε κλήσεις"},{"$i":"withheld-number","$v":"Απόκρυψη αριθμού"},{"$i":"from-contact","$v":["Από ",{"t":"idOrVar","v":"contact"}]},{"$i":"from-number","$v":["Από ",{"t":"idOrVar","v":"number"}]},{"$i":"from-withheld-number","$v":"Από αριθμό με απόκρυψη"},{"$i":"sending","$v":"Αποστολή…"},{"$i":"speakerOption","ariaLabel":"Ηχείο"},{"$i":"ussd-services","$v":["Υπηρεσίες ",{"t":"idOrVar","v":"operator"}]},{"$i":"toggleKeypad","ariaLabel":"Εναλλαγή πλήκτρων κλήσης"},{"$i":"type-your-response","placeholder":"Πληκτρολογήστε την απάντησή σας…"},{"$i":"clear-all-text","$v":"Διαγραφή κειμένου"},{"$i":"hide","$v":"Απόκρυψη"},{"$i":"hold","ariaLabel":"Αναμονή"},{"$i":"resume","$v":"Συνέχεια","ariaLabel":"Συνέχεια"},{"$i":"sendSms","$v":"Αποστολή μηνύματος"},{"$i":"callEnded","$v":"Τέλος κλήσης"},{"$i":"via-sim","$v":["via SIM",{"t":"idOrVar","v":"n"}]},{"$i":"sim-number","$v":["SIM",{"t":"idOrVar","v":"n"}]},{"$i":"unknown","$v":"Άγνωστο"},{"$i":"hangup-a11y-button","ariaLabel":"Τερματισμός"},{"$i":"pickup-a11y-button","ariaLabel":"Απάντηση"},{"$i":"unlock-a11y-button","ariaLabel":"Μπάρα ολίσθησης"},{"$i":"settings","$v":"Ρυθμίσεις"},{"$i":"delete-n-log?","$v":{"zero":"Τίποτα επιλεγμένο","one":"Διαγραφή επιλεγμένης καταγραφής;","two":["Διαγραφή ",{"t":"idOrVar","v":"n"}," καταγραφών;"],"few":["Διαγραφή ",{"t":"idOrVar","v":"n"}," καταγραφών;"],"many":["Διαγραφή ",{"t":"idOrVar","v":"n"}," καταγραφών;"],"other":["Διαγραφή ",{"t":"idOrVar","v":"n"}," καταγραφών;"]},"$x":[{"t":"idOrVar","v":"plural"},"n"]},{"$i":"callDurationMinutes","$v":[{"t":"idOrVar","v":"m"},":",{"t":"idOrVar","v":"s"}]},{"$i":"callDurationHours","$v":[{"t":"idOrVar","v":"h"},":",{"t":"idOrVar","v":"m"},":",{"t":"idOrVar","v":"s"}]},{"$i":"callDurationTextFormatSeconds","$v":[{"t":"idOrVar","v":"s"}," δ"]},{"$i":"callDurationTextFormatMinutes","$v":[{"t":"idOrVar","v":"m"}," λ ",{"t":"idOrVar","v":"s"}," δ"]},{"$i":"callDurationTextFormatHours","$v":[{"t":"idOrVar","v":"h"}," ω ",{"t":"idOrVar","v":"m"}," λ ",{"t":"idOrVar","v":"s"}," δ"]},{"$i":"suggestionMatches","$v":{"one":[{"t":"idOrVar","v":"matchNumber"},": ",{"t":"idOrVar","v":"n"}," πρόταση"],"two":[{"t":"idOrVar","v":"matchNumber"},": ",{"t":"idOrVar","v":"n"}," προτάσεις"],"few":[{"t":"idOrVar","v":"matchNumber"},": ",{"t":"idOrVar","v":"n"}," προτάσεις"],"many":[{"t":"idOrVar","v":"matchNumber"},": ",{"t":"idOrVar","v":"n"}," προτάσεις"],"other":[{"t":"idOrVar","v":"matchNumber"},": ",{"t":"idOrVar","v":"n"}," προτάσεις"]},"$x":[{"t":"idOrVar","v":"plural"},"n"]},{"$i":"scCallBarring","$v":"Φραγή κλήσεων"},{"$i":"scCallForwarding","$v":"Προώθηση κλήσεων"},{"$i":"scClip","$v":"Αναγνώριση κλήσεων"},{"$i":"scClir","$v":"Απόκρυψη αριθμού"},{"$i":"scPwd","$v":"Αλλαγή κωδικού"},{"$i":"scCallWaiting","$v":"Αναμονή κλήσης"},{"$i":"scPin","$v":"Αλλαγή PIN"},{"$i":"scPin2","$v":"Αλλαγή PIN2"},{"$i":"scPuk","$v":"Απεμπλοκή PIN"},{"$i":"scPuk2","$v":"Απεμπλοκή PIN2"},{"$i":"scImei","$v":"IMEI"},{"$i":"scUssd","$v":"USSD"},{"$i":"serviceClassVoice","$v":"Φωνής"},{"$i":"serviceClassData","$v":"Δεδομένων"},{"$i":"serviceClassFax","$v":"Φαξ"},{"$i":"serviceClassSms","$v":"SMS"},{"$i":"serviceClassDataSync","$v":"Data Sync"},{"$i":"serviceClassDataAsync","$v":"Data Async"},{"$i":"serviceClassPacket","$v":"Packet"},{"$i":"serviceClassPad","$v":"PAD"},{"$i":"smServiceEnabled","$v":"Η υπηρεσία είναι ενεργοποιημένη"},{"$i":"smServiceDisabled","$v":"Η υπηρεσία είναι απενεργοποιημένη"},{"$i":"smServiceRegistered","$v":"Η εγγραφή πραγματοποιήθηκε με επιτυχία"},{"$i":"smServiceErased","$v":"Η διαγραφή πραγματοποιήθηκε με επιτυχία"},{"$i":"smServiceInterrogated","$v":"Το αίτημα διεκπεραιώθηκε με επιτυχία"},{"$i":"smServiceNotProvisioned","$v":"Η υπηρεσία δεν παρέχεται"},{"$i":"smClirPermanent","$v":"Δε μπορείτε να αλλάξετε την ρύθμιση απόκρυψης αριθμού."},{"$i":"smClirDefaultOnNextCallOn","$v":"Προεπιλεγμένη επιλογή κλήσεων: Με απόκρυψη αριθμού.\\nΕπόμενη κλήση: Με απόκρυψη αριθμού"},{"$i":"smClirDefaultOnNextCallOff","$v":"Προεπιλεγμένη επιλογή κλήσεων: Με απόκρυψη αριθμού.\\nΕπόμενη κλήση: Χωρίς απόκρυψη αριθμού"},{"$i":"smClirDefaultOffNextCallOn","$v":"Προεπιλεγμένη επιλογή κλήσεων: Χωρίς απόκρυψη αριθμού.\\nΕπόμενη κλήση: Με απόκρυψη αριθμού"},{"$i":"smClirDefaultOffNextCallOff","$v":"Προεπιλεγμένη επιλογή κλήσεων: Χωρίς απόκρυψη αριθμού.\\nΕπόμενη κλήση: Χωρίς απόκρυψη αριθμού"},{"$i":"smServiceEnabledFor","$v":"Ενεργοποιημένη για την υπηρεσία:"},{"$i":"smPinChanged","$v":"Το PIN άλλαξε επιτυχώς"},{"$i":"smPinUnblocked","$v":"Επιτυχής απεμπλοκή PIN"},{"$i":"smPin2Changed","$v":"Το PIN2 άλλαξε επιτυχώς"},{"$i":"smPin2Unblocked","$v":"Επιτυχής απεμπλοκή PIN2"},{"$i":"ServiceIsEnabled","$v":"Η υπηρεσία είναι ενεργοποιημένη"},{"$i":"ServiceIsDisabled","$v":"Η υπηρεσία είναι απενεργοποιημένη"},{"$i":"ServiceIsEnabledFor","$v":"Ενεργοποιημένη για την υπηρεσία:"},{"$i":"emMmiError","$v":"Πρόβλημα σύνδεσης ή μη έγκυρος κωδικός MMI"},{"$i":"emMmiErrorPasswordIncorrect","$v":"Λανθασμένος κωδικός"},{"$i":"emMmiErrorNotSupported","$v":"Μη έγκυρος ή μη υποστηριζόμενος κωδικός MMI"},{"$i":"emMmiErrorInvalidAction","$v":"Μη έγκυρη ενέργεια"},{"$i":"emMmiErrorInvalidScCode","$v":"Μη έγκυρος κωδικός υπηρεσίας"},{"$i":"emMmiErrorBadPuk","$v":"Ο κωδικός PUK που εισήχθη δεν είναι σωστός"},{"$i":"emMmiErrorBadPin","$v":"Το αρχικό PIN δεν είναι σωστό"},{"$i":"emMmiErrorNeedPuk2","$v":"Εισάγετε το PUK2 για απεμπλοκή της κάρτας SIM"},{"$i":"emMmiErrorMismatchPin","$v":"Οι κωδικοί PIN που εισάγατε δεν ταιριάζουν"},{"$i":"emMmiErrorInvalidPin","$v":"Εισάγετε PIN από 4 ως 8 ψηφία"},{"$i":"emMmiErrorNeedsPuk","$v":"Έχει κλειδωθεί το PUK της κάρτας SIM"},{"$i":"emMmiErrorEnablePin","$v":"Αποτυχία. Ενεργοποίηση κλειδώματος SIM/RUIM"},{"$i":"emMmiErrorMmiFdn","$v":"Η υπηρεσία διατίθεται μόνο για σταθερούς αριθμούς κλήσης"},{"$i":"emMmiErrorStkCcUssdDial","$v":"Το αίτημα USSD τροποποιήθηκε σε DIAL"},{"$i":"emMmiErrorStkCcUssdSs","$v":"Το αίτημα USSD τροποποιήθηκε σε SS"},{"$i":"emMmiErrorStkCcUssdUssd","$v":"Το αίτημα USSD τροποποιήθηκε σε νέα USSD"},{"$i":"emMmiErrorStkCcSsDial","$v":"Το αίτημα SS τροποποιήθηκε σε DIAL"},{"$i":"emMmiErrorStkCcSsUssd","$v":"Το αίτημα SS τροποποιήθηκε σε USSD"},{"$i":"emMmiErrorStkCcSsSs","$v":"Το αίτημα SS τροποποιήθηκε σε SS"},{"$i":"emMmiErrorPinPukAttempts","$v":{"one":["Έμεινε μόνο ",{"t":"idOrVar","v":"n"}," προσπάθεια"],"two":["Απέμειναν ",{"t":"idOrVar","v":"n"}," προσπάθειες"],"few":["Απέμειναν ",{"t":"idOrVar","v":"n"}," προσπάθειες"],"many":["Απέμειναν ",{"t":"idOrVar","v":"n"}," προσπάθειες"],"other":["Απέμειναν ",{"t":"idOrVar","v":"n"}," προσπάθειες"]},"$x":[{"t":"idOrVar","v":"plural"},"n"]},{"$i":"emMmiErrorSimBlocked","$v":"Υπερβήκατε το όριο των προσπαθειών. Εμπλοκή της SIM"},{"$i":"RadioNotAvailable","$v":"Μη διαθέσιμη ραδιοεπικοινωνία"},{"$i":"GenericFailure","$v":"Γενικευμένη αποτυχία"},{"$i":"PasswordIncorrect","$v":"Λανθασμένος κωδικός"},{"$i":"SimPin2","$v":"SIM PIN2"},{"$i":"SimPuk2","$v":"SIM PUK2"},{"$i":"RequestNotSupported","$v":"Το αίτημα δεν υποστηρίζεται"},{"$i":"OpNotAllowedDuringVoiceCall","$v":"Η λειτουργία δεν επιτρέπεται κατά τη διάρκεια κλήσης"},{"$i":"SmsSendFailRetry","$v":"Αποτυχία αποστολής ξαναπροσπαθήστε"},{"$i":"SimAbsent","$v":"Δεν υπάρχει SIM"},{"$i":"SubscriptionNotAvailable","$v":"Η εγγραφή δεν είναι διαθέσιμη"},{"$i":"ModeNotSupported","$v":"Δεν υποστηρίζεται η λειτουργία"},{"$i":"FdnCheckFailure","$v":"Αποτυχία ελέγχου Fdn"},{"$i":"IllegalSimOrMe","$v":"Μη νόμιμη SIM"},{"$i":"DialModifiedToUssd","$v":"Dial τροποποιήθηκε σε USSD"},{"$i":"DialModifiedToSs","$v":"Dial τροποποιήθηκε σε SS"},{"$i":"DialModifiedToDial","$v":"Dial τροποποιήθηκε σε dial"},{"$i":"UssdModifiedToDial","$v":"USSD τροποποιήθηκε σε dial"},{"$i":"UssdModifiedToSs","$v":"USSD τροποποιήθηκε σε SS"},{"$i":"UssdModifiedToUssd","$v":"USSD τροποποιήθηκε σε USSD"},{"$i":"SsModifiedToDial","$v":"SS τροποποιήθηκε σε dial"},{"$i":"SsModifiedToUssd","$v":"SS τροποποιήθηκε σε USSD"},{"$i":"SsModifiedToSs","$v":"SS τροποποιήθηκε σε SS"},{"$i":"SubscriptionNotSupported","$v":"Η εγγραφή δεν υποστηρίζεται"},{"$i":"InvalidParameter","$v":"Μη έγκυρη παράμετρος"},{"$i":"RejectedByRemote","$v":"Απορρίφθηκε από απομακρυσμένο"},{"$i":"conferenceCall","$v":["Διάσκεψη (",{"t":"idOrVar","v":"n"},")"]},{"$i":"caller-left-call","$v":["Ο συνομιλητής ",{"t":"idOrVar","v":"caller"}," αποχώρησε από την κλήση."]},{"$i":"conferenceAddError","$v":"Αδύνατη η συγχώνευση των κλήσεων"},{"$i":"conferenceRemoveError","$v":"Αδύνατος ο διαχωρισμός των κλήσεων"},{"$i":"longDateFormat","$v":"%a, %e %Eb"},{"$i":"select-audio-sources","$v":"Επιλογή πηγής ήχου"},{"$i":"bluetooth-handsfree-device","$v":"Συσκευή bluetooth handsfree "},{"$i":"receiver","$v":"Δέκτης"},{"$i":"speaker","$v":"Ηχείο"},{"$i":"voicemailNoNumberTitle","$v":"Ο αριθμός τηλεφωνητή δεν είναι διαθέσιμος"},{"$i":"voicemailNoNumberText","$v":"Δεν ήταν δυνατή η κλήση του τηλεφωνητή. Ρυθμίστε τον αριθμό του τηλεφωνητή για να πραγματοποιήσετε τη κλήση."},{"$i":"voicemailNoNumberSettings","$v":"Ρυθμίσεις"},{"$i":"voicemailNoNumberCancel","$v":"Ακύρωση"},{"$i":"phoneNumberInput","ariaLabel":"Αριθμός τηλεφώνου"},{"$i":"keypadDelete","ariaLabel":"Διαγραφή"},{"$i":"voiceMailKey","ariaLabel":"Τηλεφωνητής"},{"$i":"asterisk","ariaLabel":"Αστερίσκος"},{"$i":"hashSign","ariaLabel":"Δίεση"},{"$i":"loadingSimContacts","$v":"Loading SIM card contacts…"},{"$i":"noContactsWereFound","$v":"No contacts were found"},{"$i":"noContactsFoundDialogOk","$v":"OK"},{"$i":"emergencyNumber","$v":"Αριθμός έκτακτης ανάγκης"},{"$i":"callAirplaneModeMessage","$v":"Για να πραγματοποιήσετε κλήση πρέπει να απενεργοποιήσετε την λειτουργία πτήσης από τις ρυθμίσεις."},{"$i":"callAirplaneModeBtnOk","$v":"ΟΚ"},{"$i":"callAirplaneModeTitle","$v":"Η λειτουργία πτήσης ενεργοποιήθηκε"},{"$i":"numberIsBusyTitle","$v":"Το τηλέφωνο είναι απασχολημένο"},{"$i":"numberIsBusyMessage","$v":"Το τηλέφωνο είναι προσωρινά απασχολημένο. Παρακαλούμε δοκιμάστε αργότερα."},{"$i":"fdnIsActiveTitle","$v":"Ενεργό FDN"},{"$i":"fdnIsActiveMessage","$v":["Το FDN (Fixed Dialing Numbers) είναι ενεργό και ο ακόλουθος αριθμός δε βρίσκεται στη λίστα με τους εξουσιοδοτημένους αριθμούς: ",{"t":"idOrVar","v":"number"}]},{"$i":"emergencyDialogBodyBadNumber","$v":"Για να πραγματοποιήσετε κλήσεις, το κινητό πρέπει να είναι συνδεδεμένο σε κάποιο δίκτυο."},{"$i":"emergencyDialogBodyDeviceNotAccepted","$v":"Οι κλήσεις έκτακτης ανάγκης δεν επιτρέπονται απ' το δίκτυο."},{"$i":"emergencyDialogBtnOk","$v":"ΟΚ"},{"$i":"emergencyDialogTitle","$v":"Δεν υπάρχει σύνδεση στο δίκτυο"},{"$i":"invalidNumberToDialTitle","$v":"Μη έγκυρος αριθμός τηλεφώνου"},{"$i":"invalidNumberToDialMessage","$v":"Ο αριθμός τηλεφώνου που καλείτε δεν είναι έγκυρος."},{"$i":"unableToCallTitle","$v":"Δεν είναι δυνατή η πραγματοποίηση κλήσης αυτή τη στιγμή"},{"$i":"unableToCallMessage","$v":"Δε μπορεί να πραγματοποιηθεί κλήση. Αν βρίσκεστε ήδη σε κλήση, παρακαλώ τερματίστε την πρώτα."},{"$i":"otherConnectionInUseTitle","$v":"Άλλη σύνδεση σε χρήση"},{"$i":"otherConnectionInUseMessage","$v":"Έχετε ενεργή κλήση σε άλλη σύνδεση. Μπορείτε να χρησιμοποιείτε μόνο μία σύνδεση την φορά."}]