[{"$i":"close","$v":"Pechar"},{"$i":"import","$v":"Importar"},{"$i":"update","$v":"Actualizar"},{"$i":"fbFriends","$v":"Amigos Facebook"},{"$i":"live-serviceName","$v":"Outlook"},{"$i":"gmail-serviceName","$v":"Gmail"},{"$i":"facebook-serviceName","$v":"Amigos Facebook"},{"$i":"selectAll","$v":"Marcar todo"},{"$i":"deselectAll","$v":"Desmarcar todo"},{"$i":"viewAll","$v":"Ver todos os amigos do Facebook"},{"$i":"viewRecommend","$v":"ver só as recomendacións"},{"$i":"linkProposal","$v":{"zero":"Ningún amigo coincidente. Amosándoos todos","one":"Seleccionar a recomendación","two":"Seleccionar un dos amigos","few":"Seleccionar un dos amigos","many":"Seleccionar un dos amigos","other":"Seleccionar un dos amigos"},"$x":[{"t":"idOrVar","v":"plural"},"numFriends"]},{"$i":"fbFriendsFound","$v":{"zero":"Importáronse todos os seus amigos","one":"Atopouse un amigo para importar","two":["Atopáronse ",{"t":"idOrVar","v":"numFriends"}," amigos para importar"],"few":["Atopáronse ",{"t":"idOrVar","v":"numFriends"}," amigos para importar"],"many":["Atopáronse ",{"t":"idOrVar","v":"numFriends"}," amigos para importar"],"other":["Atopáronse ",{"t":"idOrVar","v":"numFriends"}," amigos para importar"]},"$x":[{"t":"idOrVar","v":"plural"},"numFriends"]},{"$i":"fbNoFriends","$v":"Ningún contacto dispoñíbel para importar"},{"$i":"facebook","$v":"Facebook"},{"$i":"search-contact","placeholder":"Buscar"},{"$i":"noResults","$v":"Non se atoparon contactos"},{"$i":"done-search","$v":"Feito"},{"$i":"progressFB3ImportTitle","$v":"Importando amigos a Contactos"},{"$i":"progressFB","$v":[{"t":"idOrVar","v":"current"},"/",{"t":"idOrVar","v":"total"}]},{"$i":"progressFB3UpdateTitle","$v":"Actualizando amigos en Contactos"},{"$i":"message2","$v":"Isto pode levarlle un par de minutos"},{"$i":"messageLinking","$v":"Agarde. Estase ligando ao seu amigo co seu contacto."},{"$i":"messageCanceling","$v":"Agarde. Estase cancelando a operación en curso."},{"$i":"error1","$v":["Erro ",{"t":"idOrVar","v":"from"}]},{"$i":"error2","$v":"Quere tentalo de novo?"},{"$i":"errorProposal","$v":"calculando propostas"},{"$i":"errorFriends","$v":"recuperando amigos"},{"$i":"errorLinking","$v":"ligando contacto"},{"$i":"timeout1","$v":["Excedeuse o tempo de espera ",{"t":"idOrVar","v":"from"}]},{"$i":"timeout2","$v":"Quere tentalo de novo?"},{"$i":"timeoutProposal","$v":"calculando propostas"},{"$i":"timeoutFriends","$v":"recuperando amigos"},{"$i":"timeoutLinking","$v":"ligando contactos"},{"$i":"wait1","$v":"Agarde"},{"$i":"wait2","$v":"Isto pode levarlle un par de minutos"},{"$i":"waitProposal","$v":"Agarde. Estase calculando unha proposta."},{"$i":"waitFriends","$v":"Agarde. Estase conectando para obter a súa lista de amigos."},{"$i":"curtainCancel","$v":"Cancelar"},{"$i":"curtainRetry","$v":"Tentar de novo"},{"$i":"curtainOK","$v":"Aceptar"},{"$i":"connectionLost","$v":"Sen conexión á Internet"},{"$i":"connectionLostMsg","$v":"As fotos dos amigos non se engadirán aos contactos. Continuar de todos os xeitos?"},{"$i":"yesOption","$v":"Aceptar"},{"$i":"noOption","$v":"Cancelar"},{"$i":"friendsUpdated","$v":{"zero":"Non se actualizou ningún amigo","one":"Actualizouse un amigo","two":["Actualizáronse ",{"t":"idOrVar","v":"numFriends"}," amigos"],"few":["Actualizáronse ",{"t":"idOrVar","v":"numFriends"}," amigos"],"many":["Actualizáronse ",{"t":"idOrVar","v":"numFriends"}," amigos"],"other":["Actualizáronse ",{"t":"idOrVar","v":"numFriends"}," amigos"]},"$x":[{"t":"idOrVar","v":"plural"},"numFriends"]},{"$i":"friendsMerged","$v":{"zero":"Non se uniu ningún amigo duplicado","one":"Uniuse un amigo duplicado","two":["Uníronse ",{"t":"idOrVar","v":"numDups"}," amigos"],"few":["Uníronse ",{"t":"idOrVar","v":"numDups"}," amigos"],"many":["Uníronse ",{"t":"idOrVar","v":"numDups"}," amigos"],"other":["Uníronse ",{"t":"idOrVar","v":"numDups"}," amigos"]},"$x":[{"t":"idOrVar","v":"plural"},"numDups"]},{"$i":"notificationLogin","$v":"A súa sesión de Facebook é incorrecta. Identifíquese."},{"$i":"syncError","$v":"Produciuse un erro ao sincronizar os datos do seu amigo"},{"$i":"waitDuplicateContacts","$v":"Buscando contactos duplicados"},{"$i":"waitMergingDuplicateContacts","$v":"Combinando contactos duplicados"},{"$i":"alertNoDuplicateContacts","$v":"Non se atoparon contactos duplicados"},{"$i":"merge","ariaLabel":"Combinar"},{"$i":"mergeDuplicateTitle","$v":"Combinar duplicados"},{"$i":"suggestedDuplicateContacts","$v":["Contactos duplicados suxeridos para ",{"t":"idOrVar","v":"name"}]},{"$i":"mergeActionButtonLabel","$v":{"zero":"Ningún contacto seleccionado","one":["Combinar con ",{"t":"idOrVar","v":"n"}," contacto"],"two":["Combinar con ",{"t":"idOrVar","v":"n"}," contactos"],"few":["Combinar con ",{"t":"idOrVar","v":"n"}," contactos"],"many":["Combinar con ",{"t":"idOrVar","v":"n"}," contactos"],"other":["Combinar con ",{"t":"idOrVar","v":"n"}," contactos"]},"$x":[{"t":"idOrVar","v":"plural"},"n"]},{"$i":"duplicatesFoundTitle","$v":"Atopáronse duplicados"},{"$i":"duplicatesFoundMessage","$v":[{"t":"idOrVar","v":"name"}," duplica información nos seguintes contactos"]},{"$i":"ok","$v":"Aceptar"},{"$i":"gaia-menu-cancel","$v":"Cancelar"},{"$i":"gaia-sim-picker-dial-via-with-number","$v":["Marcar ",{"t":"idOrVar","v":"phoneNumber"}," con"]},{"$i":"gaia-sim-picker-select-sim","$v":"Seleccionar SIM"},{"$i":"gaia-sim-picker-button","$v":["SIM",{"t":"idOrVar","v":"n"}]},{"$i":"gaia-sim-picker-button-default","$v":"(predeterminado)"},{"$i":"call","$v":"Chamar"},{"$i":"edit","$v":"Editar"},{"$i":"cancel","$v":"Cancelar"},{"$i":"done","$v":"Feito"},{"$i":"retry","$v":"Tentar de novo"},{"$i":"contacts","$v":"Contactos"},{"$i":"addContact","$v":"Engadir conta"},{"$i":"deleteContact","$v":"Eliminar contacto"},{"$i":"selectContact","$v":"Seleccionar contacto"},{"$i":"editContact","$v":"Editar contacto"},{"$i":"deleteConfirmMsg","$v":"Desexa eliminar o contacto?"},{"$i":"remove","$v":"Retirar"},{"$i":"delete","$v":"Eliminar"},{"$i":"comments","$v":"Comentarios"},{"$i":"no_contact_phones","$v":"Este contacto non ten número de teléfono"},{"$i":"no_contact_email","$v":"Este contacto non ten enderezo de correo"},{"$i":"no_contact_data","$v":"Este contacto non ten número de teléfono nin enderezo de correo"},{"$i":"removePhotoConfirm","$v":"Desexa retirar a foto do contacto?"},{"$i":"loadingContacts","$v":"Cargando contactos…"},{"$i":"noContactsActivity2","$v":"No contacts in your Contacts list"},{"$i":"noName","$v":"Sen nome"},{"$i":"givenName","placeholder":"Nome"},{"$i":"familyName","placeholder":"Apelidos"},{"$i":"tel","placeholder":"Teléfono"},{"$i":"carrier","$v":"Operadora","placeholder":"Operadora"},{"$i":"separator","$v":","},{"$i":"email","$v":"Correo","placeholder":"Correo"},{"$i":"streetAddress","placeholder":"Rúa"},{"$i":"postalCode","placeholder":"Código postal"},{"$i":"locality","placeholder":"Cidade"},{"$i":"countryName","placeholder":"País"},{"$i":"comment","placeholder":"Comentario"},{"$i":"org","placeholder":"Empresa"},{"$i":"date","$v":"Data","placeholder":"Data"},{"$i":"date-span-placeholder","$v":"Data"},{"$i":"birthday","$v":"Aniversario"},{"$i":"dateFormat","$v":"%e de %B"},{"$i":"dateOutput","$v":[{"t":"idOrVar","v":"dayMonthFormatted"}," ",{"t":"idOrVar","v":"year"}]},{"$i":"anniversary","$v":"Aniversario"},{"$i":"addPhoto","$v":"Engadir foto"},{"$i":"addPhone","$v":"Engadir teléfono"},{"$i":"addEmail","$v":"Engadir correo"},{"$i":"addAddress","$v":"Engadir enderezo"},{"$i":"addDate","$v":"Engadir data"},{"$i":"addComment","$v":"Engadir comentario"},{"$i":"addFavorite","$v":"Engadir como favorito"},{"$i":"removeFavorite","$v":"Retirar como favorito"},{"$i":"addButton","ariaLabel":"Engadir"},{"$i":"editButton","ariaLabel":"Editar"},{"$i":"settingsButton","ariaLabel":"Axustes"},{"$i":"phoneDetail","ariaLabel":"Teléfono"},{"$i":"emailDetail","ariaLabel":"Correo"},{"$i":"addressDetail","ariaLabel":"Enderezo"},{"$i":"dateDetail","ariaLabel":"Data"},{"$i":"composeEmail","ariaLabel":"Correo"},{"$i":"makeCall","ariaLabel":"Chamar"},{"$i":"phones","ariaLabel":"Teléfonos"},{"$i":"emails","ariaLabel":"Correos"},{"$i":"addresses","ariaLabel":"Enderezos"},{"$i":"dates","ariaLabel":"Datas"},{"$i":"notes","ariaLabel":"Notas"},{"$i":"exit","$v":"Saír"},{"$i":"expand","$v":"Expandir"},{"$i":"labelName","$v":"Nome:"},{"$i":"labelLastName","$v":"Apelidos:"},{"$i":"labelPhoneNumber","$v":"Número de teléfono:"},{"$i":"labelCarrier","$v":"Operadora:"},{"$i":"labelEmail","$v":"Correo:"},{"$i":"labelStreet","$v":"Rúa:"},{"$i":"labelZip","$v":"Código postal:"},{"$i":"labelCity","$v":"Cidade:"},{"$i":"labelCountry","$v":"País:"},{"$i":"labelComment","$v":"Comentario:"},{"$i":"legendTitleMain","$v":"Información principal"},{"$i":"legendPhones","$v":"Números de teléfono"},{"$i":"legendEmail","$v":"Enderezo de correo"},{"$i":"legendAddress","$v":"Enderezo"},{"$i":"transferContactsTitle","$v":"Transferir contactos"},{"$i":"importContactsTitle","$v":"Importar contactos"},{"$i":"importContactsButton","$v":"Importar contactos"},{"$i":"exportContactsTitle","$v":"Exportar contactos"},{"$i":"exportContactsButton","$v":"Exportar contactos"},{"$i":"exportContactsAction","$v":"Exportar"},{"$i":"simExport-title","$v":"Exportar á SIM"},{"$i":"memoryCardExport-title","$v":"Exportar á tarxeta de memoria"},{"$i":"btExport-title","$v":"Exportar por Bluetooth"},{"$i":"memoryCardUMSEnabled","$v":"Non é posíbel usar a tarxeta de memoria porque o USB está activado"},{"$i":"exportErrorTitle","$v":"Erro de exportación"},{"$i":"contactsExported2","$v":{"zero":"Non se exportaron contactos","one":[{"t":"idOrVar","v":"exported"},"/",{"t":"idOrVar","v":"total"}," contactos exportados"],"two":[{"t":"idOrVar","v":"exported"},"/",{"t":"idOrVar","v":"total"}," contactos exportados"],"few":[{"t":"idOrVar","v":"exported"},"/",{"t":"idOrVar","v":"total"}," contactos exportados"],"many":[{"t":"idOrVar","v":"exported"},"/",{"t":"idOrVar","v":"total"}," contactos exportados"],"other":[{"t":"idOrVar","v":"exported"},"/",{"t":"idOrVar","v":"total"}," contactos exportados"]},"$x":[{"t":"idOrVar","v":"plural"},"exported"]},{"$i":"exportError-general","$v":"Produciuse algún erro durante a exportación"},{"$i":"exportError-SD-shared","$v":"Non é posíbel acceder á memoria porque está compartida"},{"$i":"exportError-SD-unavailable","$v":"A tarxeta de memoria non está dispoñíbel"},{"$i":"exportError-SD-noSpace","$v":"Non hai suficiente espazo na tarxeta de memoria para exportar os contactos"},{"$i":"exportError-SIM-unavailable","$v":"A tarxeta SIM non está dispoñíbel"},{"$i":"exportError-BT-shared","$v":"Non é posíbel acceder á memoria porque está compartida"},{"$i":"exportError-BT-unavailable","$v":"A tarxeta de memoria non está dispoñíbel"},{"$i":"exportError-BT-noSpace","$v":"Non hai suficiente espazo na tarxeta de memoria para exportar os contactos"},{"$i":"social-network","$v":"Redes sociais"},{"$i":"social-link","$v":"Ligar contacto"},{"$i":"social-unlink","$v":"Desligar contacto"},{"$i":"social-unlink-confirm-title","$v":"Quere desligar ao seu amigo?"},{"$i":"social-unlink-confirm-accept","$v":"Desligar"},{"$i":"facebook-import","$v":"Importar amigos do Facebook"},{"$i":"show-fb-profile","$v":"Ver perfil do Facebook"},{"$i":"msg-send","$v":"Mensaxe"},{"$i":"wall-post","$v":"Estado"},{"$i":"share-contact","$v":"Share Contact"},{"$i":"facebook-export-forbidden","$v":"Non é posíbel compartir o contacto debido a restricións de Facebook."},{"$i":"otherAccount","$v":"Outras contas"},{"$i":"facebookSwitchMsg","$v":"Sincronizar amigos"},{"$i":"select_mobile","$v":"Seleccionar móbil"},{"$i":"select_email","$v":"Seleccionar correo"},{"$i":"select_recipient","$v":"Seleccionar destinatario"},{"$i":"contactsOrderBy","$v":"Ordenar polos apelidos"},{"$i":"importSim2","$v":"Tarxeta SIM"},{"$i":"importGmail","$v":"Gmail"},{"$i":"bluetooth","$v":"Bluetooth"},{"$i":"importOutlook","$v":"Outlook"},{"$i":"fbUpdateFriends","$v":"Actualizar os amigos importados"},{"$i":"cleaningFbData","$v":"Retirando os datos do Facebook"},{"$i":"loggingOutFb","$v":"Saíndo do Facebook"},{"$i":"cleanFbConfirmMsg","$v":"Desexa retirar todos os datos do Facebook?"},{"$i":"renewPwdMsg","$v":"Cambiou o seu contrasinal en Facebook. Actualíceo."},{"$i":"notEnabledYet","$v":"Aínda sen activar"},{"$i":"genericNoConnection","$v":"Para importar contactos, conéctese a unha rede Wi-Fi ou a unha rede de datos"},{"$i":"simCard","$v":"Tarxeta SIM"},{"$i":"memoryCard","$v":"Tarxeta de memoria"},{"$i":"simNumberNoMSISDN","$v":["SIM ",{"t":"idOrVar","v":"number"},":"]},{"$i":"simNumberWithMSISDN","$v":["SIM ",{"t":"idOrVar","v":"number"},": ",{"t":"idOrVar","v":"msisdn"}]},{"$i":"ICEContactsGroup","$v":"Contactos ICE"},{"$i":"setICEButton","$v":"Definir contactos ICE"},{"$i":"ICESettingTitle","$v":"Contactos ICE"},{"$i":"ICEDescription","$v":"Engada dous contactos para facer chamadas en casos de emerxencia (ICE)."},{"$i":"ICEContact1","$v":"Contacto ICE 1"},{"$i":"ICESelectContact","$v":"Seleccione un contacto"},{"$i":"ICEContact2","$v":"Contacto ICE 2"},{"$i":"ICERepeatedContact","$v":"Xa está entre os seus contactos ICE"},{"$i":"ICEUnknownError","$v":"Produciuse un erro ao definir o contacto como ICE"},{"$i":"ICEContactNoNumber","$v":"Este contacto non ten número de teléfono"},{"$i":"ICEFacebookContactNotAllowed","$v":"Non é posíbel definir os contactos de Facebook como contactos ICE"},{"$i":"ICEContactDelTel","$v":"Os números de teléfono eliminados retíranse dos contactos ICE"},{"$i":"ICEContactDelTelAll","$v":"Elimináronse todos os números. Este contacto retirouse dos contactos ICE."},{"$i":"no-contacts","$v":"Sen contactos"},{"$i":"start-adding","$v":"Comece a engadilos agora"},{"$i":"notImported","$v":"Sen importar"},{"$i":"imported","$v":"Importados"},{"$i":"today","$v":"Hoxe"},{"$i":"yesterday","$v":"Onte"},{"$i":"organise-contacts","$v":"Organizar os contactos"},{"$i":"find-merge-contacts","$v":"Atopar contactos duplicados"},{"$i":"preparing-contacts","$v":"Preparando os contactos"},{"$i":"exportError-SIM-NoFreeRecordFound","$v":"A tarxeta SIM está completa"},{"$i":"exportError-SIM-CannotAccessPhoneBook","$v":"Non é posíbel acceder á axenda da tarxeta SIM"},{"$i":"exportError-SIM-Unavailable","$v":"Non se detectou a SIM"},{"$i":"exportError-SIM-GenericError","$v":"Produciuse un erro ao exportar un contacto"},{"$i":"noSimMsgExport","$v":"Para exportar os contactos, insira ou desbloquee a súa tarxeta SIM"},{"$i":"noMemoryCardMsgExport","$v":"Para exportar contactos insira unha tarxeta de memoria"},{"$i":"ContactManagementTitle","$v":"Xestión dos contactos"},{"$i":"DeleteTitle","$v":"Eliminar"},{"$i":"bulkDeleteButton","$v":"Eliminar contactos"},{"$i":"BulkDelCancel","$v":"Cancelouse a operación"},{"$i":"DeletedTxt","$v":{"zero":"Ningún contacto para eliminar","one":"Retirouse 1 contacto","two":["Retiráronse ",{"t":"idOrVar","v":"n"}," contactos"],"few":["Retiráronse ",{"t":"idOrVar","v":"n"}," contactos"],"many":["Retiráronse ",{"t":"idOrVar","v":"n"}," contactos"],"other":["Retiráronse ",{"t":"idOrVar","v":"n"}," contactos"]},"$x":[{"t":"idOrVar","v":"plural"},"n"]},{"$i":"DeletingContacts","$v":"Eliminando contactos"},{"$i":"ContactConfirmDel","$v":{"zero":"Ningún contacto para eliminar","one":"Eliminar 1 contacto? Non é posíbel desfacer esta acción.","two":["Eliminar ",{"t":"idOrVar","v":"n"}," contactos? Non é posíbel desfacer esta acción."],"few":["Eliminar ",{"t":"idOrVar","v":"n"}," contactos? Non é posíbel desfacer esta acción."],"many":["Eliminar ",{"t":"idOrVar","v":"n"}," contactos? Non é posíbel desfacer esta acción."],"other":["Eliminar ",{"t":"idOrVar","v":"n"}," contactos? Non é posíbel desfacer esta acción."]},"$x":[{"t":"idOrVar","v":"plural"},"n"]},{"$i":"SelectedTxt","$v":{"zero":"Contactos","one":[{"t":"idOrVar","v":"n"}," seleccionada"],"two":[{"t":"idOrVar","v":"n"}," seleccionadas"],"few":[{"t":"idOrVar","v":"n"}," seleccionadas"],"many":[{"t":"idOrVar","v":"n"}," seleccionadas"],"other":[{"t":"idOrVar","v":"n"}," seleccionadas"]},"$x":[{"t":"idOrVar","v":"plural"},"n"]},{"$i":"video","$v":"Vídeo"},{"$i":"audio","$v":"Son"},{"$i":"pick_destination","$v":[{"t":"idOrVar","v":"destination"}," ",{"t":"idOrVar","v":"carrier"}]},{"$i":"removeField","ariaLabel":"Retirar"},{"$i":"undo","ariaLabel":"Desfacer"},{"$i":"send-sms-button","ariaLabel":"SMS"},{"$i":"ice_contacts","$v":"Contactos ICE"},{"$i":"edit-picture","$v":"Editar foto"},{"$i":"remove-photo","$v":"Retirar foto"},{"$i":"change-photo","$v":"Cambiar foto"},{"$i":"photo-options","$v":"Opcións da foto"},{"$i":"vCardContacts-imported","$v":{"zero":"No contacts imported","one":"Imported one contact","two":["Imported ",{"t":"idOrVar","v":"n"}," contacts"],"few":["Imported ",{"t":"idOrVar","v":"n"}," contacts"],"many":["Imported ",{"t":"idOrVar","v":"n"}," contacts"],"other":["Imported ",{"t":"idOrVar","v":"n"}," contacts"]},"$x":[{"t":"idOrVar","v":"plural"},"n"]},{"$i":"voiceMail","$v":"Mensaxes de voz"},{"$i":"back","$v":"Atrás"},{"$i":"noSimMsg","$v":"Para importar os contactos, insira ou desbloquee a súa tarxeta SIM"},{"$i":"noMemoryCardMsg","$v":"Para importar contactos insira unha tarxeta de memoria"},{"$i":"importMemoryCard","$v":"Tarxeta de memoria"},{"$i":"noConnection11","$v":"Para importar os contactos ou amigos do Facebook, conéctese a unha rede Wi-Fi ou a unha rede de datos"},{"$i":"emptyAccount","$v":"Non se atoparon amigos ou contactos nesta conta."},{"$i":"simContacts-import","$v":"Importar contactos da SIM"},{"$i":"simContacts-importing","$v":"Importando contactos da SIM…"},{"$i":"simContacts-reading","$v":"Lendo contactos da tarxeta SIM…"},{"$i":"simContacts-error","$v":"Non foi posíbel importar os contactos da SIM"},{"$i":"simContacts-imported3","$v":{"zero":"Non se detectaron contactos na SIM para importar","one":"Importouse un contacto","two":["Importáronse ",{"t":"idOrVar","v":"n"}," contactos"],"few":["Importáronse ",{"t":"idOrVar","v":"n"}," contactos"],"many":["Importáronse ",{"t":"idOrVar","v":"n"}," contactos"],"other":["Importáronse ",{"t":"idOrVar","v":"n"}," contactos"]},"$x":[{"t":"idOrVar","v":"plural"},"n"]},{"$i":"memoryCardContacts-import","$v":"Importar contactos da tarxeta de memoria"},{"$i":"memoryCardContacts-importing","$v":"Importando contactos da tarxeta de memoria"},{"$i":"memoryCardContacts-reading","$v":"Lendo contactos da tarxeta de memoria…"},{"$i":"memoryCardContacts-error","$v":"Non foi posíbel importar os contactos da tarxeta de memoria"},{"$i":"memoryCardContacts-imported3","$v":{"zero":"Non se detectaron contactos na tarxeta de memoria para importar","one":"Importouse un contacto","two":["Importáronse ",{"t":"idOrVar","v":"n"}," contactos"],"few":["Importáronse ",{"t":"idOrVar","v":"n"}," contactos"],"many":["Importáronse ",{"t":"idOrVar","v":"n"}," contactos"],"other":["Importáronse ",{"t":"idOrVar","v":"n"}," contactos"]},"$x":[{"t":"idOrVar","v":"plural"},"n"]},{"$i":"genericProgress","$v":[{"t":"idOrVar","v":"current"},"/",{"t":"idOrVar","v":"total"}]},{"$i":"facebook-import-msg2","$v":[{"t":"idOrVar","v":"imported"},"/",{"t":"idOrVar","v":"total"}," friends imported"]},{"$i":"contactsMerged","$v":{"zero":"Non se uniu ningún contacto duplicado","one":"Uniuse un contacto duplicado","two":["Uníronse ",{"t":"idOrVar","v":"numDups"}," contactos"],"few":["Uníronse ",{"t":"idOrVar","v":"numDups"}," contactos"],"many":["Uníronse ",{"t":"idOrVar","v":"numDups"}," contactos"],"other":["Uníronse ",{"t":"idOrVar","v":"numDups"}," contactos"]},"$x":[{"t":"idOrVar","v":"plural"},"numDups"]},{"$i":"weekday-0-long","$v":"Domingo"},{"$i":"weekday-1-long","$v":"Luns"},{"$i":"weekday-2-long","$v":"Martes"},{"$i":"weekday-3-long","$v":"Mércores"},{"$i":"weekday-4-long","$v":"Xoves"},{"$i":"weekday-5-long","$v":"Venres"},{"$i":"weekday-6-long","$v":"Sábado"},{"$i":"weekday-0-short","$v":"Dom"},{"$i":"weekday-1-short","$v":"Lun"},{"$i":"weekday-2-short","$v":"Mar"},{"$i":"weekday-3-short","$v":"Mer"},{"$i":"weekday-4-short","$v":"Xov"},{"$i":"weekday-5-short","$v":"Ven"},{"$i":"weekday-6-short","$v":"Sab"},{"$i":"month-0-long","$v":"Xaneiro"},{"$i":"month-1-long","$v":"Febreiro"},{"$i":"month-2-long","$v":"Marzo"},{"$i":"month-3-long","$v":"Abril"},{"$i":"month-4-long","$v":"Maio"},{"$i":"month-5-long","$v":"Xuño"},{"$i":"month-6-long","$v":"Xullo"},{"$i":"month-7-long","$v":"Agosto"},{"$i":"month-8-long","$v":"Setembro"},{"$i":"month-9-long","$v":"Outubro"},{"$i":"month-10-long","$v":"Novembro"},{"$i":"month-11-long","$v":"Decembro"},{"$i":"month-0-genitive","$v":"Xaneiro"},{"$i":"month-1-genitive","$v":"Febreiro"},{"$i":"month-2-genitive","$v":"Marzo"},{"$i":"month-3-genitive","$v":"Abril"},{"$i":"month-4-genitive","$v":"Maio"},{"$i":"month-5-genitive","$v":"Xuño"},{"$i":"month-6-genitive","$v":"Xullo"},{"$i":"month-7-genitive","$v":"Agosto"},{"$i":"month-8-genitive","$v":"Setembro"},{"$i":"month-9-genitive","$v":"Outubro"},{"$i":"month-10-genitive","$v":"Novembro"},{"$i":"month-11-genitive","$v":"Decembro"},{"$i":"month-0-short","$v":"Xan"},{"$i":"month-1-short","$v":"Feb"},{"$i":"month-2-short","$v":"Mar"},{"$i":"month-3-short","$v":"Abr"},{"$i":"month-4-short","$v":"Maio"},{"$i":"month-5-short","$v":"Xun"},{"$i":"month-6-short","$v":"Xul"},{"$i":"month-7-short","$v":"Ago"},{"$i":"month-8-short","$v":"Set"},{"$i":"month-9-short","$v":"Out"},{"$i":"month-10-short","$v":"Nov"},{"$i":"month-11-short","$v":"Dec"},{"$i":"minutes-ago-long","$v":{"zero":"xusto agora","one":"hai un minuto","two":["hai ",{"t":"idOrVar","v":"value"}," minutos"],"few":["hai ",{"t":"idOrVar","v":"value"}," minutos"],"many":["hai ",{"t":"idOrVar","v":"value"}," minutos"],"other":["hai ",{"t":"idOrVar","v":"value"}," minutos"]},"$x":[{"t":"idOrVar","v":"plural"},"value"]},{"$i":"hours-ago-long","$v":{"zero":"xusto agora","one":"hai unha hora","two":["hai ",{"t":"idOrVar","v":"value"}," horas"],"few":["hai ",{"t":"idOrVar","v":"value"}," horas"],"many":["hai ",{"t":"idOrVar","v":"value"}," horas"],"other":["hai ",{"t":"idOrVar","v":"value"}," horas"]},"$x":[{"t":"idOrVar","v":"plural"},"value"]},{"$i":"days-ago-long","$v":{"zero":"hoxe","one":"onte","two":["hai ",{"t":"idOrVar","v":"value"}," días"],"few":["hai ",{"t":"idOrVar","v":"value"}," días"],"many":["hai ",{"t":"idOrVar","v":"value"}," días"],"other":["hai ",{"t":"idOrVar","v":"value"}," días"]},"$x":[{"t":"idOrVar","v":"plural"},"value"]},{"$i":"weeks-ago-long","$v":{"zero":"esta semana","one":"a semana pasada","two":["hai ",{"t":"idOrVar","v":"value"}," semanas"],"few":["hai ",{"t":"idOrVar","v":"value"}," semanas"],"many":["hai ",{"t":"idOrVar","v":"value"}," semanas"],"other":["hai ",{"t":"idOrVar","v":"value"}," semanas"]},"$x":[{"t":"idOrVar","v":"plural"},"value"]},{"$i":"months-ago-long","$v":{"zero":"Este mes","one":"o mes pasado","two":["hai ",{"t":"idOrVar","v":"value"}," meses"],"few":["hai ",{"t":"idOrVar","v":"value"}," meses"],"many":["hai ",{"t":"idOrVar","v":"value"}," meses"],"other":["hai ",{"t":"idOrVar","v":"value"}," meses"]},"$x":[{"t":"idOrVar","v":"plural"},"value"]},{"$i":"years-ago-long","$v":{"zero":"este ano","one":"o ano pasado","two":["hai ",{"t":"idOrVar","v":"value"}," anos"],"few":["hai ",{"t":"idOrVar","v":"value"}," anos"],"many":["hai ",{"t":"idOrVar","v":"value"}," anos"],"other":["hai ",{"t":"idOrVar","v":"value"}," anos"]},"$x":[{"t":"idOrVar","v":"plural"},"value"]},{"$i":"minutes-until-long","$v":{"zero":"agora","one":"nun minuto","two":["en ",{"t":"idOrVar","v":"value"}," minutos"],"few":["en ",{"t":"idOrVar","v":"value"}," minutos"],"many":["en ",{"t":"idOrVar","v":"value"}," minutos"],"other":["en ",{"t":"idOrVar","v":"value"}," minutos"]},"$x":[{"t":"idOrVar","v":"plural"},"value"]},{"$i":"hours-until-long","$v":{"zero":"agora","one":"nunha hora","two":["en ",{"t":"idOrVar","v":"value"}," horas"],"few":["en ",{"t":"idOrVar","v":"value"}," horas"],"many":["en ",{"t":"idOrVar","v":"value"}," horas"],"other":["en ",{"t":"idOrVar","v":"value"}," horas"]},"$x":[{"t":"idOrVar","v":"plural"},"value"]},{"$i":"days-until-long","$v":{"zero":"hoxe","one":"mañá","two":["en ",{"t":"idOrVar","v":"value"}," días"],"few":["en ",{"t":"idOrVar","v":"value"}," días"],"many":["en ",{"t":"idOrVar","v":"value"}," días"],"other":["en ",{"t":"idOrVar","v":"value"}," días"]},"$x":[{"t":"idOrVar","v":"plural"},"value"]},{"$i":"weeks-until-long","$v":{"zero":"esta semana","one":"a semana que ven","two":["en ",{"t":"idOrVar","v":"value"}," semanas"],"few":["en ",{"t":"idOrVar","v":"value"}," semanas"],"many":["en ",{"t":"idOrVar","v":"value"}," semanas"],"other":["en ",{"t":"idOrVar","v":"value"}," semanas"]},"$x":[{"t":"idOrVar","v":"plural"},"value"]},{"$i":"months-until-long","$v":{"zero":"Este mes","one":"o mes que ven","two":["en ",{"t":"idOrVar","v":"value"}," meses"],"few":["en ",{"t":"idOrVar","v":"value"}," meses"],"many":["en ",{"t":"idOrVar","v":"value"}," meses"],"other":["en ",{"t":"idOrVar","v":"value"}," meses"]},"$x":[{"t":"idOrVar","v":"plural"},"value"]},{"$i":"years-until-long","$v":{"zero":"este ano","one":"o ano que ven","two":["en ",{"t":"idOrVar","v":"value"}," anos"],"few":["en ",{"t":"idOrVar","v":"value"}," anos"],"many":["en ",{"t":"idOrVar","v":"value"}," anos"],"other":["en ",{"t":"idOrVar","v":"value"}," anos"]},"$x":[{"t":"idOrVar","v":"plural"},"value"]},{"$i":"minutes-ago-short","$v":{"zero":"xusto agora","other":["hai ",{"t":"idOrVar","v":"value"},"min"]},"$x":[{"t":"idOrVar","v":"plural"},"value"]},{"$i":"hours-ago-short","$v":{"zero":"xusto agora","other":["hai ",{"t":"idOrVar","v":"value"},"h"]},"$x":[{"t":"idOrVar","v":"plural"},"value"]},{"$i":"days-ago-short","$v":{"zero":"hoxe","other":["hai ",{"t":"idOrVar","v":"value"},"d"]},"$x":[{"t":"idOrVar","v":"plural"},"value"]},{"$i":"minutes-until-short","$v":{"zero":"agora","other":["en ",{"t":"idOrVar","v":"value"},"min"]},"$x":[{"t":"idOrVar","v":"plural"},"value"]},{"$i":"hours-until-short","$v":{"zero":"agora","other":["en ",{"t":"idOrVar","v":"value"},"h"]},"$x":[{"t":"idOrVar","v":"plural"},"value"]},{"$i":"days-until-short","$v":{"zero":"hoxe","other":["en ",{"t":"idOrVar","v":"value"},"d"]},"$x":[{"t":"idOrVar","v":"plural"},"value"]},{"$i":"incorrectDate","$v":"(data incorrecta)"},{"$i":"dateTimeFormat_%c","$v":"%a, %e de %b, %Y %H:%M:%S"},{"$i":"dateTimeFormat_%x","$v":"%d/%m/%Y"},{"$i":"dateTimeFormat_%X","$v":"%H:%M:%S"},{"$i":"shortTimeFormat","$v":"%H:%M"},{"$i":"shortTimeFormat12","$v":"%H:%M"},{"$i":"shortTimeFormat24","$v":"%H:%M"},{"$i":"shortDateTimeFormat","$v":"%x %H:%M %p"},{"$i":"weekStartsOnMonday","$v":"1"},{"$i":"firstDayOfTheWeek","$v":"0"},{"$i":"time_am","$v":"AM"},{"$i":"time_pm","$v":"PM"},{"$i":"label","$v":"Etiqueta"},{"$i":"mobile","$v":"Mobile"},{"$i":"home","$v":"Casa"},{"$i":"work","$v":"Traballo"},{"$i":"personal","$v":"Persoal"},{"$i":"faxHome","$v":"Fax casa"},{"$i":"faxOffice","$v":"Fax oficina"},{"$i":"faxOther","$v":"Outro fax"},{"$i":"another","$v":"Outro"},{"$i":"other","$v":"Outros"},{"$i":"customTag","placeholder":"Personalizar etiqueta"},{"$i":"current","$v":"Actual"},{"$i":"itemWithLabel","$v":[{"t":"idOrVar","v":"label"},", ",{"t":"idOrVar","v":"item"}]},{"$i":"addNewNumber","$v":"Engadir novo número"},{"$i":"contactDetails","$v":"Detalles do contacto"},{"$i":"addToExistingContact","$v":"Engadir a un contacto existente"},{"$i":"all","$v":"Todas","ariaLabel":"Todas"},{"$i":"bluetoothOption","ariaLabel":"Bluetooth"},{"$i":"callLog","$v":"Rexistro chamadas"},{"$i":"callLogEdit","title":"Editar rexistro chamadas"},{"$i":"callLogEditDialog","ariaLabel":"Editar rexistro chamadas"},{"$i":"connecting","$v":"Conectando"},{"$i":"connectingEllipsis","$v":"Conectando…"},{"$i":"call-forwarding-async","$v":["Asíncrono: ",{"t":"idOrVar","v":"async"}]},{"$i":"call-forwarding-data","$v":["Datos: ",{"t":"idOrVar","v":"data"}]},{"$i":"call-forwarding-error","$v":"Produciuse un erro ao recuperar o estado do desvío de chamadas"},{"$i":"call-forwarding-fax","$v":["FAX: ",{"t":"idOrVar","v":"fax"}]},{"$i":"call-forwarding-inactive","$v":"Inactivo"},{"$i":"call-forwarding-packet","$v":["Paquete: ",{"t":"idOrVar","v":"packet"}]},{"$i":"call-forwarding-pad","$v":["PAD: ",{"t":"idOrVar","v":"pad"}]},{"$i":"call-forwarding-sms","$v":["SMS: ",{"t":"idOrVar","v":"sms"}]},{"$i":"call-forwarding-status","$v":"Estado do desvío de chamadas"},{"$i":"call-forwarding-sync","$v":["Síncrono: ",{"t":"idOrVar","v":"sync"}]},{"$i":"call-forwarding-voice","$v":["Voz: ",{"t":"idOrVar","v":"voice"}]},{"$i":"confirm-deletion","$v":"Desexa limpar as chamadas seleccionadas?"},{"$i":"createNewContact","$v":"Crear novo contacto"},{"$i":"dialerAddContact","ariaLabel":"Engadir conta"},{"$i":"dialerAddContactDialog","ariaLabel":"Add Contact Dialog"},{"$i":"callInformation","$v":"Información da chamada"},{"$i":"edit-selected","$v":{"one":[{"t":"idOrVar","v":"n"}," seleccionadas"],"two":[{"t":"idOrVar","v":"n"}," seleccionadas"],"few":[{"t":"idOrVar","v":"n"}," seleccionadas"],"many":[{"t":"idOrVar","v":"n"}," seleccionadas"],"other":[{"t":"idOrVar","v":"n"}," seleccionadas"]},"$x":[{"t":"idOrVar","v":"plural"},"n"]},{"$i":"hideKeypad","ariaLabel":"Agochar teclado"},{"$i":"ignore","$v":"Ignorar chamada"},{"$i":"incoming","$v":"Entrante"},{"$i":"keypad","ariaLabel":"Teclado numérico"},{"$i":"info-missed","$v":"Perdidas"},{"$i":"missed","$v":"Perdidas","ariaLabel":"Perdidas"},{"$i":"canceled","$v":"Cancelado"},{"$i":"missedCall","$v":"Chamada perdida"},{"$i":"missedCallMultiSims","$v":["(SIM ",{"t":"idOrVar","v":"n"},") Chamada perdida"]},{"$i":"mmi-error","$v":"Produciuse un erro ao enviar a mensaxe"},{"$i":"mmi-session-expired","$v":"Caducou a sesión"},{"$i":"mmi-successfully-sent","$v":"Enviouse a mensaxe correctamente"},{"$i":"mmi-notification-title-with-sim","$v":["(",{"t":"idOrVar","v":"sim"},") ",{"t":"idOrVar","v":"title"}]},{"$i":"mute","ariaLabel":"Enmudecer"},{"$i":"newCall","ariaLabel":"Nova chamada"},{"$i":"no-logs-msg-1","$v":"Ningunha chamada rexistrada"},{"$i":"no-logs-msg-2","$v":"Iniciar a comunicación agora"},{"$i":"no-logs-msg-3","$v":"Ningunha chamada perdida"},{"$i":"onHoldOption","ariaLabel":"En espera"},{"$i":"outgoing","$v":"Saínte"},{"$i":"recents","ariaLabel":"Chamadas recentes"},{"$i":"reply","$v":"Responder"},{"$i":"send","$v":"Enviar"},{"$i":"switch-calls","$v":"Trocar chamadas"},{"$i":"withheld-number","$v":"Número oculto"},{"$i":"from-contact","$v":["De ",{"t":"idOrVar","v":"contact"}]},{"$i":"from-number","$v":["De ",{"t":"idOrVar","v":"number"}]},{"$i":"from-withheld-number","$v":"Dun número oculto"},{"$i":"sending","$v":"Enviando…"},{"$i":"speakerOption","ariaLabel":"Altofalante"},{"$i":"ussd-services","$v":["Servizos de ",{"t":"idOrVar","v":"operator"}]},{"$i":"toggleKeypad","ariaLabel":"Activa/desactiva teclado"},{"$i":"type-your-response","placeholder":"Escriba a súa reposta…"},{"$i":"clear-all-text","$v":"Limpar todo o texto"},{"$i":"hide","$v":"Agochar"},{"$i":"hold","ariaLabel":"En espera"},{"$i":"resume","$v":"Retomar","ariaLabel":"Retomar"},{"$i":"sendSms","$v":"Enviar a mensaxe"},{"$i":"callEnded","$v":"Chamada finalizada"},{"$i":"via-sim","$v":["coa SIM",{"t":"idOrVar","v":"n"}]},{"$i":"sim-number","$v":["SIM",{"t":"idOrVar","v":"n"}]},{"$i":"unknown","$v":"Descoñecido"},{"$i":"hangup-a11y-button","ariaLabel":"Colgar"},{"$i":"pickup-a11y-button","ariaLabel":"Responder"},{"$i":"unlock-a11y-button","ariaLabel":"Control deslizante"},{"$i":"settings","$v":"Axustes"},{"$i":"delete-n-log?","$v":{"zero":"Ningún elemento seleccionado","one":"Eliminar o rexistro seleccionado?","two":["Eliminar ",{"t":"idOrVar","v":"n"}," rexistros?"],"few":["Eliminar ",{"t":"idOrVar","v":"n"}," rexistros?"],"many":["Eliminar ",{"t":"idOrVar","v":"n"}," rexistros?"],"other":["Eliminar ",{"t":"idOrVar","v":"n"}," rexistros?"]},"$x":[{"t":"idOrVar","v":"plural"},"n"]},{"$i":"callDurationMinutes","$v":[{"t":"idOrVar","v":"m"},":",{"t":"idOrVar","v":"s"}]},{"$i":"callDurationHours","$v":[{"t":"idOrVar","v":"h"},":",{"t":"idOrVar","v":"m"},":",{"t":"idOrVar","v":"s"}]},{"$i":"callDurationTextFormatSeconds","$v":[{"t":"idOrVar","v":"s"}," s"]},{"$i":"callDurationTextFormatMinutes","$v":[{"t":"idOrVar","v":"m"}," min ",{"t":"idOrVar","v":"s"}," s"]},{"$i":"callDurationTextFormatHours","$v":[{"t":"idOrVar","v":"h"}," h ",{"t":"idOrVar","v":"m"}," min ",{"t":"idOrVar","v":"s"}," s"]},{"$i":"suggestionMatches","$v":{"one":[{"t":"idOrVar","v":"n"}," coincidencia para \"",{"t":"idOrVar","v":"matchNumber"},"\""],"two":[{"t":"idOrVar","v":"n"}," coincidencias para \"",{"t":"idOrVar","v":"matchNumber"},"\""],"few":[{"t":"idOrVar","v":"n"}," coincidencias para \"",{"t":"idOrVar","v":"matchNumber"},"\""],"many":[{"t":"idOrVar","v":"n"}," coincidencias para \"",{"t":"idOrVar","v":"matchNumber"},"\""],"other":[{"t":"idOrVar","v":"n"}," coincidencias para \"",{"t":"idOrVar","v":"matchNumber"},"\""]},"$x":[{"t":"idOrVar","v":"plural"},"n"]},{"$i":"scCallBarring","$v":"Bloqueo chamadas"},{"$i":"scCallForwarding","$v":"Desvío chamadas"},{"$i":"scClip","$v":"ID interlocutor"},{"$i":"scClir","$v":"Presentación do número saínte"},{"$i":"scPwd","$v":"Cambio do contrasinal"},{"$i":"scCallWaiting","$v":"Chama en espera"},{"$i":"scPin","$v":"Cambio de PIN"},{"$i":"scPin2","$v":"Cambio de PIN2"},{"$i":"scPuk","$v":"Desbloquear PIN"},{"$i":"scPuk2","$v":"Desbloquear PIN2"},{"$i":"scImei","$v":"IMEI"},{"$i":"scUssd","$v":"USSD"},{"$i":"serviceClassVoice","$v":"Voz"},{"$i":"serviceClassData","$v":"Datos"},{"$i":"serviceClassFax","$v":"FAX"},{"$i":"serviceClassSms","$v":"SMS"},{"$i":"serviceClassDataSync","$v":"Síncrono"},{"$i":"serviceClassDataAsync","$v":"Asíncrono"},{"$i":"serviceClassPacket","$v":"Paquete"},{"$i":"serviceClassPad","$v":"PAD"},{"$i":"smServiceEnabled","$v":"Activouse o servizo para:"},{"$i":"smServiceDisabled","$v":"Desactivouse o servizo"},{"$i":"smServiceRegistered","$v":"O rexistro realizouse correctamente"},{"$i":"smServiceErased","$v":"O borrado realizouse correctamente"},{"$i":"smServiceInterrogated","$v":"A solicitude realizouse correctamente"},{"$i":"smServiceNotProvisioned","$v":"Servizo non provisto"},{"$i":"smClirPermanent","$v":"Non é posíbel cambiar a configuración da presentación do número"},{"$i":"smClirDefaultOnNextCallOn","$v":"Presentación do número desactivada de forma predeterminada. Próxima chamada: restrinxida"},{"$i":"smClirDefaultOnNextCallOff","$v":"Presentación do número desactivada de forma predeterminada. Próxima chamada: non restrinxida"},{"$i":"smClirDefaultOffNextCallOn","$v":"Presentación do número activada de forma predeterminada. Próxima chamada: restrinxida"},{"$i":"smClirDefaultOffNextCallOff","$v":"Presentación do número activada de forma predeterminada. Próxima chamada: non restrinxida"},{"$i":"smServiceEnabledFor","$v":"Activouse o servizo para:"},{"$i":"smPinChanged","$v":"PIN cambiado correctamente"},{"$i":"smPinUnblocked","$v":"PIN desbloqueado correctamente"},{"$i":"smPin2Changed","$v":"PIN2 cambiado correctamente"},{"$i":"smPin2Unblocked","$v":"PIN2 desbloqueado correctamente"},{"$i":"ServiceIsEnabled","$v":"O servizo está activado"},{"$i":"ServiceIsDisabled","$v":"O servizo está desactivado"},{"$i":"ServiceIsEnabledFor","$v":"O servizo está activado para:"},{"$i":"emMmiError","$v":"Problema de conexión ou código MMI incorrecto"},{"$i":"emMmiErrorPasswordIncorrect","$v":"Contrasinal incorrecto"},{"$i":"emMmiErrorNotSupported","$v":"Código MMI non admitido ou incorrecto"},{"$i":"emMmiErrorInvalidAction","$v":"Acción incorrecta"},{"$i":"emMmiErrorInvalidScCode","$v":"Código de servizo incorrecto"},{"$i":"emMmiErrorBadPuk","$v":"O PUK que escribiu é incorrecto"},{"$i":"emMmiErrorBadPin","$v":"O antigo PIN que escribiu é incorrecto."},{"$i":"emMmiErrorNeedPuk2","$v":"Escriba o PUK2 para desbloquear a tarxeta SIM"},{"$i":"emMmiErrorMismatchPin","$v":"Os PIN que escribiu non coinciden"},{"$i":"emMmiErrorInvalidPin","$v":"Escriba un PIN que teña entre 4 e 8 números"},{"$i":"emMmiErrorNeedsPuk","$v":"A tarxeta SIM está bloqueada por código PUK"},{"$i":"emMmiErrorEnablePin","$v":"Non é correcto. Active o SIM/RUIM LOCK"},{"$i":"emMmiErrorMmiFdn","$v":"A operación está restrinxida a unha lista de números autorizados (FDN)"},{"$i":"emMmiErrorStkCcUssdDial","$v":"Modificouse a solicitude USSD a DIAL"},{"$i":"emMmiErrorStkCcUssdSs","$v":"Modificouse a solicitude USSD a SS"},{"$i":"emMmiErrorStkCcUssdUssd","$v":"Modificouse a solicitude USSD a unha nova USSD"},{"$i":"emMmiErrorStkCcSsDial","$v":"Modificouse a solicitude SS a DIAL"},{"$i":"emMmiErrorStkCcSsUssd","$v":"Modificouse a solicitude SS a USSD"},{"$i":"emMmiErrorStkCcSsSs","$v":"Modificouse a solicitude SS a unha nova SS"},{"$i":"emMmiErrorPinPukAttempts","$v":{"one":["Queda ",{"t":"idOrVar","v":"n"}," intento"],"two":["Quedan ",{"t":"idOrVar","v":"n"}," intentos"],"few":["Quedan ",{"t":"idOrVar","v":"n"}," intentos"],"many":["Quedan ",{"t":"idOrVar","v":"n"}," intentos"],"other":["Quedan ",{"t":"idOrVar","v":"n"}," intentos"]},"$x":[{"t":"idOrVar","v":"plural"},"n"]},{"$i":"emMmiErrorSimBlocked","$v":"Excedeuse o número máximo de intentos. Bloqueouse a SIM"},{"$i":"RadioNotAvailable","$v":"Radio non dispoñíbel"},{"$i":"GenericFailure","$v":"Fallo xenérico"},{"$i":"PasswordIncorrect","$v":"Contrasinal incorrecto"},{"$i":"SimPin2","$v":"PIN2 da SIM"},{"$i":"SimPuk2","$v":"PUK2 da SIM"},{"$i":"RequestNotSupported","$v":"Solicitude incompatíbel"},{"$i":"OpNotAllowedDuringVoiceCall","$v":"Non se permite a operación durante unha chamada"},{"$i":"SmsSendFailRetry","$v":"Fallou o envío do SMS, tente de novo"},{"$i":"SimAbsent","$v":"SIM ausente"},{"$i":"SubscriptionNotAvailable","$v":"Subscrición non dispoñíbel"},{"$i":"ModeNotSupported","$v":"Modo incompatíbel"},{"$i":"FdnCheckFailure","$v":"Fallo de comprobación de FDN"},{"$i":"IllegalSimOrMe","$v":"SIM ou ME inaceptábel"},{"$i":"DialModifiedToUssd","$v":"Modificouse a DIAL a USSD"},{"$i":"DialModifiedToSs","$v":"Modificouse a DIAL a SS"},{"$i":"DialModifiedToDial","$v":"Modificouse a DIAL a DIAL"},{"$i":"UssdModifiedToDial","$v":"Modificouse a USSD a DIAL"},{"$i":"UssdModifiedToSs","$v":"Modificouse a USSD a SS"},{"$i":"UssdModifiedToUssd","$v":"Modificouse a USSD a USSD"},{"$i":"SsModifiedToDial","$v":"Modificouse a SS a DIAL"},{"$i":"SsModifiedToUssd","$v":"Modificouse a SS a USSD"},{"$i":"SsModifiedToSs","$v":"Modificouse a SS a SS"},{"$i":"SubscriptionNotSupported","$v":"Subscrición non compatíbel"},{"$i":"InvalidParameter","$v":"Parámetro incorrecto"},{"$i":"RejectedByRemote","$v":"Rexeitada polo remoto"},{"$i":"conferenceCall","$v":["Conferencia (",{"t":"idOrVar","v":"n"},")"]},{"$i":"caller-left-call","$v":[{"t":"idOrVar","v":"caller"}," abandonou a chamada."]},{"$i":"conferenceAddError","$v":"Imposíbel combinar as chamadas"},{"$i":"conferenceRemoveError","$v":"Imposíbel separar as chamadas"},{"$i":"longDateFormat","$v":"%A, %e de %B"},{"$i":"select-audio-sources","$v":"Seleccionar as fontes de son"},{"$i":"bluetooth-handsfree-device","$v":"Dispositivo Bluetooth mans libres"},{"$i":"receiver","$v":"Receptor"},{"$i":"speaker","$v":"Altofalante"},{"$i":"voicemailNoNumberTitle","$v":"O número do correo de voz non está dispoñíbel"},{"$i":"voicemailNoNumberText","$v":"Imposíbel chamar ao correo de voz. Configure o número do correo de voz para efectuar a chamada."},{"$i":"voicemailNoNumberSettings","$v":"Axustes"},{"$i":"voicemailNoNumberCancel","$v":"Cancelar"},{"$i":"phoneNumberInput","ariaLabel":"Número de teléfono"},{"$i":"keypadDelete","ariaLabel":"Eliminar"},{"$i":"voiceMailKey","ariaLabel":"Mensaxes de voz"},{"$i":"asterisk","ariaLabel":"Asterisco"},{"$i":"hashSign","ariaLabel":"Símbolo #"},{"$i":"loadingSimContacts","$v":"Loading SIM card contacts…"},{"$i":"noContactsWereFound","$v":"No contacts were found"},{"$i":"noContactsFoundDialogOk","$v":"OK"},{"$i":"emergencyNumber","$v":"Número de emerxencia"},{"$i":"callAirplaneModeMessage","$v":"Para facer unha chamada ten que desactivar o modo avión nos axustes."},{"$i":"callAirplaneModeBtnOk","$v":"Aceptar"},{"$i":"callAirplaneModeTitle","$v":"Activouse o modo avión"},{"$i":"numberIsBusyTitle","$v":"O número está ocupado"},{"$i":"numberIsBusyMessage","$v":"Neste momento o número está ocupado. Tente de novo máis tarde."},{"$i":"fdnIsActiveTitle","$v":"FDN activo"},{"$i":"fdnIsActiveMessage","$v":["FDN (Numeración fixa) está activado e o seguinte número non está na súa lista FDN: ",{"t":"idOrVar","v":"number"}]},{"$i":"emergencyDialogBodyBadNumber","$v":"Para facer unha chamada, o teléfono ten que ter rede."},{"$i":"emergencyDialogBodyDeviceNotAccepted","$v":"A rede non permite chamadas de emerxencia."},{"$i":"emergencyDialogBtnOk","$v":"Aceptar"},{"$i":"emergencyDialogTitle","$v":"Sen conexión de rede"},{"$i":"invalidNumberToDialTitle","$v":"Número de teléfono incorrecto"},{"$i":"invalidNumberToDialMessage","$v":"O número de teléfono ao que está chamando é incorrecto."},{"$i":"unableToCallTitle","$v":"Non é posíbel facer chamadas agora"},{"$i":"unableToCallMessage","$v":"Non é posíbel facer unha chamada. Se xa está marcando, primeiro colgue."},{"$i":"otherConnectionInUseTitle","$v":"Outras conexións en uso"},{"$i":"otherConnectionInUseMessage","$v":"Ten unha chamada activa noutra conexión. Só pode usar unha conexión ao mesmo tempo."}]