[{"$i":"close","$v":"Zatvori"},{"$i":"import","$v":"Uvezi"},{"$i":"update","$v":"Užuriraj"},{"$i":"fbFriends","$v":"Facebook prijatelji"},{"$i":"live-serviceName","$v":"Windows Live"},{"$i":"gmail-serviceName","$v":"Gmail"},{"$i":"facebook-serviceName","$v":"Facebook prijatelji"},{"$i":"selectAll","$v":"Označi sve"},{"$i":"deselectAll","$v":"Poništi odabir"},{"$i":"viewAll","$v":"Prikaži sve Facebook prijatelje"},{"$i":"viewRecommend","$v":"Prikaži samo preporučene"},{"$i":"linkProposal","$v":{"zero":"Nema prijatelja koji se podudaraju. Prikazuju se svi","one":"Odaberi preporučenog prijatelja","two":"Odaberi preporučene","few":"Odaberi preporučene","many":"Odaberi preporučene","other":"Odaberi preporučene"},"$x":[{"t":"idOrVar","v":"plural"},"numFriends"]},{"$i":"fbFriendsFound","$v":{"zero":"Svi vaši prijatelji su uvezeni","one":"Pronađen je jedan prijatelj za uvoz","two":["Pronađena su ",{"t":"idOrVar","v":"numFriends"}," prijatelja za uvoz"],"few":["Pronađeno je ",{"t":"idOrVar","v":"numFriends"}," prijatelja za uvoz"],"many":["Pronađeno je ",{"t":"idOrVar","v":"numFriends"}," prijatelja za uvoz"],"other":["Pronađeno je ",{"t":"idOrVar","v":"numFriends"}," prijatelja za uvoz"]},"$x":[{"t":"idOrVar","v":"plural"},"numFriends"]},{"$i":"fbNoFriends","$v":"No contacts available to import"},{"$i":"facebook","$v":"Facebook"},{"$i":"search-contact","placeholder":"Traži"},{"$i":"noResults","$v":"Nema pronađenih kontakata"},{"$i":"done-search","$v":"Gotovo"},{"$i":"progressFB3ImportTitle","$v":"Uvoz prijatelja iz kontakata"},{"$i":"progressFB","$v":[{"t":"idOrVar","v":"current"},"/",{"t":"idOrVar","v":"total"}]},{"$i":"progressFB3UpdateTitle","$v":"Ažuriranje prijatelja u kontaktima"},{"$i":"message2","$v":"Ovo može potrajati nekoliko minuta"},{"$i":"messageLinking","$v":"Molim pričekajte. Povezujemo vašeg prijatelja i kontakta."},{"$i":"messageCanceling","$v":"Trenutna operacija se otkazuje. Molim pričekajte."},{"$i":"error1","$v":["Greška ",{"t":"idOrVar","v":"from"}]},{"$i":"error2","$v":"Želite li pokušati ponovno?"},{"$i":"errorProposal","$v":"računanja prijedloga"},{"$i":"errorFriends","$v":"preuzimanja prijatelja"},{"$i":"errorLinking","$v":"povezivanja kontakta"},{"$i":"timeout1","$v":["Isteklo je vrijeme za ",{"t":"idOrVar","v":"from"}]},{"$i":"timeout2","$v":"Želite li pokušati ponovno?"},{"$i":"timeoutProposal","$v":"računanja prijedloga"},{"$i":"timeoutFriends","$v":"preuzimanje prijatelja"},{"$i":"timeoutLinking","$v":"povezivanje kontakta"},{"$i":"wait1","$v":"Molim pričekajte"},{"$i":"wait2","$v":"Ovo može potrajati nekoliko minuta"},{"$i":"waitProposal","$v":"Molim pričekajte. Računa se prijedlog."},{"$i":"waitFriends","$v":"Molim pričekajte. U tijeku je preuzimanje popisa prijatelja."},{"$i":"curtainCancel","$v":"Otkaži"},{"$i":"curtainRetry","$v":"Pokušaj ponovno"},{"$i":"curtainOK","$v":"U redu"},{"$i":"connectionLost","$v":"Nema Internet veze"},{"$i":"connectionLostMsg","$v":"Slike prijatelja neće biti dodane u vaše kontakte. Svejedno nastaviti?"},{"$i":"yesOption","$v":"U redu"},{"$i":"noOption","$v":"Otkaži"},{"$i":"friendsUpdated","$v":{"zero":"Nema ažuriranih prijatelja","one":"Ažuriran je jedan prijatelj","two":["Ažurirana ",{"t":"idOrVar","v":"numFriends"}," prijatelja"],"few":["Ažurirano ",{"t":"idOrVar","v":"numFriends"}," prijatelja"],"many":["Ažurirano ",{"t":"idOrVar","v":"numFriends"}," prijatelja"],"other":["Ažurirano ",{"t":"idOrVar","v":"numFriends"}," prijatelja"]},"$x":[{"t":"idOrVar","v":"plural"},"numFriends"]},{"$i":"friendsMerged","$v":{"zero":"No duplicated friends merged","one":"One duplicated friend merged","two":[{"t":"idOrVar","v":"numDups"}," friends merged"],"few":[{"t":"idOrVar","v":"numDups"}," friends merged"],"many":[{"t":"idOrVar","v":"numDups"}," friends merged"],"other":[{"t":"idOrVar","v":"numDups"}," friends merged"]},"$x":[{"t":"idOrVar","v":"plural"},"numDups"]},{"$i":"notificationLogin","$v":"Vaša Facebook prijava je neispravna. Molim prijavite se."},{"$i":"syncError","$v":"There was an error synchronizing your friend’s data"},{"$i":"waitDuplicateContacts","$v":"Potraga za dupliciranim kontaktima"},{"$i":"waitMergingDuplicateContacts","$v":"Spajanje dupliciranih kontakata"},{"$i":"alertNoDuplicateContacts","$v":"Nema dupliciranih kontakata"},{"$i":"merge","ariaLabel":"Merge"},{"$i":"mergeDuplicateTitle","$v":"Spajanje duplih"},{"$i":"suggestedDuplicateContacts","$v":["Predloženi duplicirani kontakti za ",{"t":"idOrVar","v":"name"}]},{"$i":"mergeActionButtonLabel","$v":{"zero":"Nema odabranih kontakata","one":["Spoji sa ",{"t":"idOrVar","v":"n"}," kontaktom"]},"$x":[{"t":"idOrVar","v":"plural"},"n"]},{"$i":"duplicatesFoundTitle","$v":"Pronađeni duplikati"},{"$i":"duplicatesFoundMessage","$v":[{"t":"idOrVar","v":"name"}," ima duplicirane informacije u sljedećim kontaktima"]},{"$i":"ok","$v":"U redu"},{"$i":"gaia-menu-cancel","$v":"Cancel"},{"$i":"gaia-sim-picker-dial-via-with-number","$v":["Dial ",{"t":"idOrVar","v":"phoneNumber"}," via"]},{"$i":"gaia-sim-picker-select-sim","$v":"Select SIM"},{"$i":"gaia-sim-picker-button","$v":["SIM",{"t":"idOrVar","v":"n"}]},{"$i":"gaia-sim-picker-button-default","$v":"(default)"},{"$i":"call","$v":"Zovi"},{"$i":"edit","$v":"Uredi"},{"$i":"cancel","$v":"Otkaži"},{"$i":"done","$v":"Gotovo"},{"$i":"retry","$v":"Pokušaj ponovno"},{"$i":"contacts","$v":"Contacts"},{"$i":"addContact","$v":"Dodaj kontakt"},{"$i":"deleteContact","$v":"Obriši kontakt"},{"$i":"selectContact","$v":"Odaberi kontakt"},{"$i":"editContact","$v":"Uredi kontakt"},{"$i":"deleteConfirmMsg","$v":"Obrisati kontakt?"},{"$i":"remove","$v":"Remove"},{"$i":"delete","$v":"Delete"},{"$i":"comments","$v":"Komentari"},{"$i":"no_contact_phones","$v":"Ovaj kontakt nema broj telefona"},{"$i":"no_contact_email","$v":"Ovaj kontakt nema adresu e-pošte"},{"$i":"no_contact_data","$v":"This contact does not have a phone number and email address"},{"$i":"removePhotoConfirm","$v":"Ukloniti sliku kontakta?"},{"$i":"loadingContacts","$v":"Učitavanje kontakata…"},{"$i":"noContactsActivity2","$v":"No contacts in your Contacts list"},{"$i":"noName","$v":"Nema imena"},{"$i":"givenName","placeholder":"Ime"},{"$i":"familyName","placeholder":"Prezime"},{"$i":"tel","placeholder":"Phone"},{"$i":"carrier","$v":"Operater","placeholder":"Operater"},{"$i":"separator","$v":","},{"$i":"email","$v":"E-pošta","placeholder":"E-pošta"},{"$i":"streetAddress","placeholder":"Ulica"},{"$i":"postalCode","placeholder":"Poštanski broj"},{"$i":"locality","placeholder":"Grad"},{"$i":"countryName","placeholder":"Država"},{"$i":"comment","placeholder":"Komentar"},{"$i":"org","placeholder":"Tvrtka"},{"$i":"date","$v":"Date","placeholder":"Date"},{"$i":"date-span-placeholder","$v":"Date"},{"$i":"birthday","$v":"Rođendan"},{"$i":"dateFormat","$v":"%e %B"},{"$i":"dateOutput","$v":[{"t":"idOrVar","v":"dayMonthFormatted"}," ",{"t":"idOrVar","v":"year"}]},{"$i":"anniversary","$v":"Anniversary"},{"$i":"addPhoto","$v":"Dodaj sliku"},{"$i":"addPhone","$v":"Dodaj telefon"},{"$i":"addEmail","$v":"Dodaj e-poštu"},{"$i":"addAddress","$v":"Dodaj adresu"},{"$i":"addDate","$v":"Add Date"},{"$i":"addComment","$v":"Dodaj komentar"},{"$i":"addFavorite","$v":"Dodaj kao favorita"},{"$i":"removeFavorite","$v":"Ukloni iz favorita"},{"$i":"addButton","ariaLabel":"Dodaj"},{"$i":"editButton","ariaLabel":"Edit"},{"$i":"settingsButton","ariaLabel":"Postavke"},{"$i":"phoneDetail","ariaLabel":"Phone"},{"$i":"emailDetail","ariaLabel":"Email"},{"$i":"addressDetail","ariaLabel":"Address"},{"$i":"dateDetail","ariaLabel":"Date"},{"$i":"composeEmail","ariaLabel":"Email"},{"$i":"makeCall","ariaLabel":"Call"},{"$i":"phones","ariaLabel":"Phones"},{"$i":"emails","ariaLabel":"Emails"},{"$i":"addresses","ariaLabel":"Addresses"},{"$i":"dates","ariaLabel":"Dates"},{"$i":"notes","ariaLabel":"Notes"},{"$i":"exit","$v":"Izlaz"},{"$i":"expand","$v":"Proširi"},{"$i":"labelName","$v":"Ime:"},{"$i":"labelLastName","$v":"Prezime:"},{"$i":"labelPhoneNumber","$v":"Telefon:"},{"$i":"labelCarrier","$v":"Operater:"},{"$i":"labelEmail","$v":"E-pošta:"},{"$i":"labelStreet","$v":"Ulica:"},{"$i":"labelZip","$v":"Poštanski broj:"},{"$i":"labelCity","$v":"Grad:"},{"$i":"labelCountry","$v":"Država:"},{"$i":"labelComment","$v":"Komentar:"},{"$i":"legendTitleMain","$v":"Glavne informacije"},{"$i":"legendPhones","$v":"Brojevi telefona"},{"$i":"legendEmail","$v":"Adrese e-pošte"},{"$i":"legendAddress","$v":"Address"},{"$i":"transferContactsTitle","$v":"Transfer kontakte"},{"$i":"importContactsTitle","$v":"Import Contacts"},{"$i":"importContactsButton","$v":"Import Contacts"},{"$i":"exportContactsTitle","$v":"Export Contacts"},{"$i":"exportContactsButton","$v":"Export Contacts"},{"$i":"exportContactsAction","$v":"Izvoz"},{"$i":"simExport-title","$v":"Izvoz na SIM"},{"$i":"memoryCardExport-title","$v":"Export to memory card"},{"$i":"btExport-title","$v":"Izvoz putem Bluetootha"},{"$i":"memoryCardUMSEnabled","$v":"Cannot use memory card because USB storage is enabled"},{"$i":"exportErrorTitle","$v":"Greška izvoza"},{"$i":"contactsExported2","$v":{"zero":"Nema izvezenih kontakata","one":[{"t":"idOrVar","v":"exported"},"/",{"t":"idOrVar","v":"total"}," kontakt izvezen"],"two":[{"t":"idOrVar","v":"exported"},"/",{"t":"idOrVar","v":"total"}," kontakta izvezena"],"few":[{"t":"idOrVar","v":"exported"},"/",{"t":"idOrVar","v":"total"}," kontakata izvezeno"],"many":[{"t":"idOrVar","v":"exported"},"/",{"t":"idOrVar","v":"total"}," kontakata izvezeno"],"other":[{"t":"idOrVar","v":"exported"},"/",{"t":"idOrVar","v":"total"}," kontakata izvezeno"]},"$x":[{"t":"idOrVar","v":"plural"},"exported"]},{"$i":"exportError-general","$v":"Došlo je do greške pri izvozu"},{"$i":"exportError-SD-shared","$v":"Can’t access memory card because it’s shared"},{"$i":"exportError-SD-unavailable","$v":"Memorijska kartica nije dostupna"},{"$i":"exportError-SD-noSpace","$v":"There’s not enough space on the memory card to export the contacts"},{"$i":"exportError-SIM-unavailable","$v":"SIM kartica nije dostupna"},{"$i":"exportError-BT-shared","$v":"Can’t access memory card because it’s shared"},{"$i":"exportError-BT-unavailable","$v":"Memorijska kartica nije dostupna"},{"$i":"exportError-BT-noSpace","$v":"There’s not enough space on the memory card to export the contacts"},{"$i":"social-network","$v":"Društvene mreže"},{"$i":"social-link","$v":"Poveži kontakt"},{"$i":"social-unlink","$v":"Odspoji kontakt"},{"$i":"social-unlink-confirm-title","$v":"Želite li odspojiti svojeg prijatelja/icu?"},{"$i":"social-unlink-confirm-accept","$v":"Odspoji"},{"$i":"facebook-import","$v":"Uvezi prijatelje s Facebooka"},{"$i":"show-fb-profile","$v":"Prikaži Facebook profil"},{"$i":"msg-send","$v":"Poruka"},{"$i":"wall-post","$v":"Poruka na zidu"},{"$i":"share-contact","$v":"Share Contact"},{"$i":"facebook-export-forbidden","$v":"The contact cannot be shared due to Facebook constraint."},{"$i":"otherAccount","$v":"Ostali računi"},{"$i":"facebookSwitchMsg","$v":"Sinkr. prijatelje"},{"$i":"select_mobile","$v":"Odaberi mobitel"},{"$i":"select_email","$v":"Odaberi e-poštu"},{"$i":"select_recipient","$v":"Select recipient"},{"$i":"contactsOrderBy","$v":"Poredaj po prezimenu"},{"$i":"importSim2","$v":"SIM kartica"},{"$i":"importGmail","$v":"Gmail"},{"$i":"bluetooth","$v":"Bluetooth"},{"$i":"importOutlook","$v":"Outlook"},{"$i":"fbUpdateFriends","$v":"Ažuriraj uvezene prijatelje"},{"$i":"cleaningFbData","$v":"Uklanjanje Facebook podataka"},{"$i":"loggingOutFb","$v":"Odjava s Facebooka"},{"$i":"cleanFbConfirmMsg","$v":"Ukloni sve Facebook podatke?"},{"$i":"renewPwdMsg","$v":"Vaša Facebook lozinka se promijenila. Molim, ažurirajte je."},{"$i":"notEnabledYet","$v":"Još nije omogućeno"},{"$i":"genericNoConnection","$v":"Da biste uvezli kontakte, povežite se na Wi-Fi ili podatkovnu vezu"},{"$i":"simCard","$v":"SIM kartica"},{"$i":"memoryCard","$v":"Memory card"},{"$i":"simNumberNoMSISDN","$v":["SIM ",{"t":"idOrVar","v":"number"},":"]},{"$i":"simNumberWithMSISDN","$v":["SIM ",{"t":"idOrVar","v":"number"},": ",{"t":"idOrVar","v":"msisdn"}]},{"$i":"ICEContactsGroup","$v":"ICE Contacts"},{"$i":"setICEButton","$v":"Set ICE Contacts"},{"$i":"ICESettingTitle","$v":"ICE Contacts"},{"$i":"ICEDescription","$v":"Add two contacts for making “In Case of Emergency” calls."},{"$i":"ICEContact1","$v":"ICE Contact 1"},{"$i":"ICESelectContact","$v":"Select a contact"},{"$i":"ICEContact2","$v":"ICE Contact 2"},{"$i":"ICERepeatedContact","$v":"This contact is already an existing ICE contact"},{"$i":"ICEUnknownError","$v":"There was an error setting the contact as ICE"},{"$i":"ICEContactNoNumber","$v":"This contact doesn't have a phone number"},{"$i":"ICEFacebookContactNotAllowed","$v":"Facebook contacts cannot be set as ICE contacts"},{"$i":"ICEContactDelTel","$v":"Deleted phone numbers are removed from ICE Contact"},{"$i":"ICEContactDelTelAll","$v":"All the numbers are deleted. This contact is removed from the ICE Contacts."},{"$i":"no-contacts","$v":"Nema kontakata"},{"$i":"start-adding","$v":"Dodajte ih sada"},{"$i":"notImported","$v":"Nisu uvezeni"},{"$i":"imported","$v":"Uvezeni"},{"$i":"today","$v":"Danas"},{"$i":"yesterday","$v":"Jučer"},{"$i":"organise-contacts","$v":"Organizirajte kontakte"},{"$i":"find-merge-contacts","$v":"Pronađite duplicirane kontakte"},{"$i":"preparing-contacts","$v":"Priprema kontakata"},{"$i":"exportError-SIM-NoFreeRecordFound","$v":"SIM kartica je puna"},{"$i":"exportError-SIM-CannotAccessPhoneBook","$v":"Cannot access SIM card’s phone book"},{"$i":"exportError-SIM-Unavailable","$v":"Nema SIM kartice"},{"$i":"exportError-SIM-GenericError","$v":"Tijekom izvoza kontakata došlo je do greške"},{"$i":"noSimMsgExport","$v":"Da biste izvezli kontakte, umetnite ili otključajte svoju SIM karticu"},{"$i":"noMemoryCardMsgExport","$v":"Da biste izvezli kontakte umetnite memorijsku karticu"},{"$i":"ContactManagementTitle","$v":"Contacts Management"},{"$i":"DeleteTitle","$v":"Delete"},{"$i":"bulkDeleteButton","$v":"Delete Contacts"},{"$i":"BulkDelCancel","$v":"Contacts delete cancelled"},{"$i":"DeletedTxt","$v":{"zero":"No Contact to Delete","one":"1 Contact removed","two":[{"t":"idOrVar","v":"n"}," Contacts removed"],"few":[{"t":"idOrVar","v":"n"}," Contacts removed"],"many":[{"t":"idOrVar","v":"n"}," Contacts removed"],"other":[{"t":"idOrVar","v":"n"}," Contacts removed"]},"$x":[{"t":"idOrVar","v":"plural"},"n"]},{"$i":"DeletingContacts","$v":"Deleting contacts"},{"$i":"ContactConfirmDel","$v":{"zero":"No Contact to Delete","one":"Delete 1 Contact? This cannot be undone.","two":["Delete ",{"t":"idOrVar","v":"n"}," Contacts? This cannot be undone."],"few":["Delete ",{"t":"idOrVar","v":"n"}," Contacts? This cannot be undone."],"many":["Delete ",{"t":"idOrVar","v":"n"}," Contacts? This cannot be undone."],"other":["Delete ",{"t":"idOrVar","v":"n"}," Contacts? This cannot be undone."]},"$x":[{"t":"idOrVar","v":"plural"},"n"]},{"$i":"SelectedTxt","$v":{"zero":"Contacts","one":[{"t":"idOrVar","v":"n"}," selected"],"two":[{"t":"idOrVar","v":"n"}," selected"],"few":[{"t":"idOrVar","v":"n"}," selected"],"many":[{"t":"idOrVar","v":"n"}," selected"],"other":[{"t":"idOrVar","v":"n"}," selected"]},"$x":[{"t":"idOrVar","v":"plural"},"n"]},{"$i":"video","$v":"Video"},{"$i":"audio","$v":"Audio"},{"$i":"pick_destination","$v":[{"t":"idOrVar","v":"destination"}," ",{"t":"idOrVar","v":"carrier"}]},{"$i":"removeField","ariaLabel":"Remove"},{"$i":"undo","ariaLabel":"Undo"},{"$i":"send-sms-button","ariaLabel":"SMS"},{"$i":"ice_contacts","$v":"ICE Contacts"},{"$i":"edit-picture","$v":"Edit Picture"},{"$i":"remove-photo","$v":"Remove photo"},{"$i":"change-photo","$v":"Change photo"},{"$i":"photo-options","$v":"Photo options"},{"$i":"vCardContacts-imported","$v":{"zero":"No contacts imported","one":"Imported one contact","two":["Imported ",{"t":"idOrVar","v":"n"}," contacts"],"few":["Imported ",{"t":"idOrVar","v":"n"}," contacts"],"many":["Imported ",{"t":"idOrVar","v":"n"}," contacts"],"other":["Imported ",{"t":"idOrVar","v":"n"}," contacts"]},"$x":[{"t":"idOrVar","v":"plural"},"n"]},{"$i":"voiceMail","$v":"Glasovna pošta"},{"$i":"back","$v":"Back"},{"$i":"noSimMsg","$v":"To import contacts insert or unlock your SIM card"},{"$i":"noMemoryCardMsg","$v":"To import contacts insert a memory card"},{"$i":"importMemoryCard","$v":"Memory card"},{"$i":"noConnection11","$v":"To import Facebook friends or contacts connect to Wi-Fi or data network"},{"$i":"emptyAccount","$v":"No friends or contacts found in this account."},{"$i":"simContacts-import","$v":"Import SIM contacts"},{"$i":"simContacts-importing","$v":"Importing SIM contacts…"},{"$i":"simContacts-reading","$v":"Reading from SIM card…"},{"$i":"simContacts-error","$v":"Could not import contacts from SIM"},{"$i":"simContacts-imported3","$v":{"zero":"No contacts detected on SIM to import","one":"Imported one contact","two":["Imported ",{"t":"idOrVar","v":"n"}," contacts"],"few":["Imported ",{"t":"idOrVar","v":"n"}," contacts"],"many":["Imported ",{"t":"idOrVar","v":"n"}," contacts"],"other":["Imported ",{"t":"idOrVar","v":"n"}," contacts"]},"$x":[{"t":"idOrVar","v":"plural"},"n"]},{"$i":"memoryCardContacts-import","$v":"Import contacts from memory card"},{"$i":"memoryCardContacts-importing","$v":"Importing contacts from memory card…"},{"$i":"memoryCardContacts-reading","$v":"Reading from memory card…"},{"$i":"memoryCardContacts-error","$v":"Could not import contacts from memory card"},{"$i":"memoryCardContacts-imported3","$v":{"zero":"No contacts detected on memory card to import","one":"Imported one contact","two":["Imported ",{"t":"idOrVar","v":"n"}," contacts"],"few":["Imported ",{"t":"idOrVar","v":"n"}," contacts"],"many":["Imported ",{"t":"idOrVar","v":"n"}," contacts"],"other":["Imported ",{"t":"idOrVar","v":"n"}," contacts"]},"$x":[{"t":"idOrVar","v":"plural"},"n"]},{"$i":"genericProgress","$v":[{"t":"idOrVar","v":"current"},"/",{"t":"idOrVar","v":"total"}]},{"$i":"facebook-import-msg2","$v":[{"t":"idOrVar","v":"imported"},"/",{"t":"idOrVar","v":"total"}," friends imported"]},{"$i":"contactsMerged","$v":{"zero":"No duplicated contacts merged","one":"One duplicated contact merged","two":[{"t":"idOrVar","v":"numDups"}," contacts merged"],"few":[{"t":"idOrVar","v":"numDups"}," contacts merged"],"many":[{"t":"idOrVar","v":"numDups"}," contacts merged"],"other":[{"t":"idOrVar","v":"numDups"}," contacts merged"]},"$x":[{"t":"idOrVar","v":"plural"},"numDups"]},{"$i":"weekday-0-long","$v":"Nedjelja"},{"$i":"weekday-1-long","$v":"Ponedjeljak"},{"$i":"weekday-2-long","$v":"Utorak"},{"$i":"weekday-3-long","$v":"Srijeda"},{"$i":"weekday-4-long","$v":"Četvrtak"},{"$i":"weekday-5-long","$v":"Petak"},{"$i":"weekday-6-long","$v":"Subota"},{"$i":"weekday-0-short","$v":"Ned"},{"$i":"weekday-1-short","$v":"Pon"},{"$i":"weekday-2-short","$v":"Uto"},{"$i":"weekday-3-short","$v":"Sri"},{"$i":"weekday-4-short","$v":"Čet"},{"$i":"weekday-5-short","$v":"Pet"},{"$i":"weekday-6-short","$v":"Sub"},{"$i":"month-0-long","$v":"Siječanj"},{"$i":"month-1-long","$v":"Veljača"},{"$i":"month-2-long","$v":"Ožujak"},{"$i":"month-3-long","$v":"Travanj"},{"$i":"month-4-long","$v":"Svibanj"},{"$i":"month-5-long","$v":"Lipanj"},{"$i":"month-6-long","$v":"Srpanj"},{"$i":"month-7-long","$v":"Kolovoz"},{"$i":"month-8-long","$v":"Rujan"},{"$i":"month-9-long","$v":"Listopad"},{"$i":"month-10-long","$v":"Studeni"},{"$i":"month-11-long","$v":"Prosinac"},{"$i":"month-0-genitive","$v":"Siječnja"},{"$i":"month-1-genitive","$v":"Veljače"},{"$i":"month-2-genitive","$v":"Ožujka"},{"$i":"month-3-genitive","$v":"Travnja"},{"$i":"month-4-genitive","$v":"Svibnja"},{"$i":"month-5-genitive","$v":"Lipnja"},{"$i":"month-6-genitive","$v":"Srpnja"},{"$i":"month-7-genitive","$v":"Kolovoza"},{"$i":"month-8-genitive","$v":"Rujna"},{"$i":"month-9-genitive","$v":"Listopada"},{"$i":"month-10-genitive","$v":"Studenoga"},{"$i":"month-11-genitive","$v":"Prosinca"},{"$i":"month-0-short","$v":"Sij"},{"$i":"month-1-short","$v":"Velj"},{"$i":"month-2-short","$v":"Ožu"},{"$i":"month-3-short","$v":"Tra"},{"$i":"month-4-short","$v":"Svi"},{"$i":"month-5-short","$v":"Lip"},{"$i":"month-6-short","$v":"Srp"},{"$i":"month-7-short","$v":"Kol"},{"$i":"month-8-short","$v":"Ruj"},{"$i":"month-9-short","$v":"Lis"},{"$i":"month-10-short","$v":"Stu"},{"$i":"month-11-short","$v":"Pro"},{"$i":"minutes-ago-long","$v":{"zero":"upravo","one":"prije minutu","two":["prije ",{"t":"idOrVar","v":"value"}," minute"],"few":["prije ",{"t":"idOrVar","v":"value"}," minutes"],"many":["prije ",{"t":"idOrVar","v":"value"}," minuta"],"other":["prije ",{"t":"idOrVar","v":"value"}," minuta"]},"$x":[{"t":"idOrVar","v":"plural"},"value"]},{"$i":"hours-ago-long","$v":{"zero":"upravo","one":"prije sat vremena","two":["prije ",{"t":"idOrVar","v":"value"}," sata"],"few":["prije ",{"t":"idOrVar","v":"value"}," sati"],"many":["prije ",{"t":"idOrVar","v":"value"}," sati"],"other":["prije ",{"t":"idOrVar","v":"value"}," sati"]},"$x":[{"t":"idOrVar","v":"plural"},"value"]},{"$i":"days-ago-long","$v":{"zero":"danas","one":"jučer","two":["prije ",{"t":"idOrVar","v":"value"}," dana"],"few":["prije ",{"t":"idOrVar","v":"value"}," dana"],"many":["prije ",{"t":"idOrVar","v":"value"}," dana"],"other":["prije ",{"t":"idOrVar","v":"value"}," dana"]},"$x":[{"t":"idOrVar","v":"plural"},"value"]},{"$i":"weeks-ago-long","$v":{"zero":"ovaj tjedan","one":"prošli tjedan","two":["prije ",{"t":"idOrVar","v":"value"}," tjedna"],"few":["prije ",{"t":"idOrVar","v":"value"}," tjedana"],"many":["prije ",{"t":"idOrVar","v":"value"}," tjedana"],"other":["prije ",{"t":"idOrVar","v":"value"}," tjedana"]},"$x":[{"t":"idOrVar","v":"plural"},"value"]},{"$i":"months-ago-long","$v":{"zero":"ovaj mjesec","one":"prošli mjesec","two":["prije ",{"t":"idOrVar","v":"value"}," mjeseca"],"few":["prije ",{"t":"idOrVar","v":"value"}," mjeseci"],"many":["prije ",{"t":"idOrVar","v":"value"}," mjeseci"],"other":["prije ",{"t":"idOrVar","v":"value"}," mjeseci"]},"$x":[{"t":"idOrVar","v":"plural"},"value"]},{"$i":"years-ago-long","$v":{"zero":"ove godine","one":"prošle godine","two":["prije ",{"t":"idOrVar","v":"value"}," godine"],"few":["prije ",{"t":"idOrVar","v":"value"}," godina"],"many":["prije ",{"t":"idOrVar","v":"value"}," godina"],"other":["prije ",{"t":"idOrVar","v":"value"}," godina"]},"$x":[{"t":"idOrVar","v":"plural"},"value"]},{"$i":"minutes-until-long","$v":{"zero":"upravo","one":"za minutu","two":["za ",{"t":"idOrVar","v":"value"}," minute"],"few":["za ",{"t":"idOrVar","v":"value"}," minuta"],"many":["za ",{"t":"idOrVar","v":"value"}," minuta"],"other":["za ",{"t":"idOrVar","v":"value"}," minuta"]},"$x":[{"t":"idOrVar","v":"plural"},"value"]},{"$i":"hours-until-long","$v":{"zero":"upravo","one":"za sat vremena","two":["za ",{"t":"idOrVar","v":"value"}," sata"],"few":["za ",{"t":"idOrVar","v":"value"}," sati"],"many":["za ",{"t":"idOrVar","v":"value"}," sati"],"other":["za ",{"t":"idOrVar","v":"value"}," sati"]},"$x":[{"t":"idOrVar","v":"plural"},"value"]},{"$i":"days-until-long","$v":{"zero":"danas","one":"sutra","two":["za ",{"t":"idOrVar","v":"value"}," dana"],"few":["za ",{"t":"idOrVar","v":"value"}," dana"],"many":["za ",{"t":"idOrVar","v":"value"}," dana"],"other":["za ",{"t":"idOrVar","v":"value"}," dana"]},"$x":[{"t":"idOrVar","v":"plural"},"value"]},{"$i":"weeks-until-long","$v":{"zero":"ovaj tjedan","one":"idući tjedan","two":["za ",{"t":"idOrVar","v":"value"}," tjedna"],"few":["za ",{"t":"idOrVar","v":"value"}," tjedana"],"many":["za ",{"t":"idOrVar","v":"value"}," tjedana"],"other":["za ",{"t":"idOrVar","v":"value"}," tjedana"]},"$x":[{"t":"idOrVar","v":"plural"},"value"]},{"$i":"months-until-long","$v":{"zero":"ovaj mjesec","one":"idući mjesec","two":["za ",{"t":"idOrVar","v":"value"}," mjeseca"],"few":["za ",{"t":"idOrVar","v":"value"}," mjeseci"],"many":["za ",{"t":"idOrVar","v":"value"}," mjeseci"],"other":["za ",{"t":"idOrVar","v":"value"}," mjeseci"]},"$x":[{"t":"idOrVar","v":"plural"},"value"]},{"$i":"years-until-long","$v":{"zero":"ove godine","one":"iduće godine","two":["za ",{"t":"idOrVar","v":"value"}," godine"],"few":["za ",{"t":"idOrVar","v":"value"}," godina"],"many":["za ",{"t":"idOrVar","v":"value"}," godina"],"other":["za ",{"t":"idOrVar","v":"value"}," godina"]},"$x":[{"t":"idOrVar","v":"plural"},"value"]},{"$i":"minutes-ago-short","$v":{"zero":"upravo","other":["prije ",{"t":"idOrVar","v":"value"},"m"]},"$x":[{"t":"idOrVar","v":"plural"},"value"]},{"$i":"hours-ago-short","$v":{"zero":"upravo","other":["prije ",{"t":"idOrVar","v":"value"},"s"]},"$x":[{"t":"idOrVar","v":"plural"},"value"]},{"$i":"days-ago-short","$v":{"zero":"danas","other":["prije ",{"t":"idOrVar","v":"value"},"d"]},"$x":[{"t":"idOrVar","v":"plural"},"value"]},{"$i":"minutes-until-short","$v":{"zero":"sada","other":["za ",{"t":"idOrVar","v":"value"},"m"]},"$x":[{"t":"idOrVar","v":"plural"},"value"]},{"$i":"hours-until-short","$v":{"zero":"sada","other":["za ",{"t":"idOrVar","v":"value"},"s"]},"$x":[{"t":"idOrVar","v":"plural"},"value"]},{"$i":"days-until-short","$v":{"zero":"danas","other":["za ",{"t":"idOrVar","v":"value"},"d"]},"$x":[{"t":"idOrVar","v":"plural"},"value"]},{"$i":"incorrectDate","$v":"(netočan datum)"},{"$i":"dateTimeFormat_%c","$v":"%a %e %b %Y %H:%M:%S"},{"$i":"dateTimeFormat_%x","$v":"%d.%m.%Y"},{"$i":"dateTimeFormat_%X","$v":"%H:%M:%S"},{"$i":"shortTimeFormat","$v":"%I:%M %p"},{"$i":"shortTimeFormat12","$v":"%I:%M %p"},{"$i":"shortTimeFormat24","$v":"%H:%M"},{"$i":"shortDateTimeFormat","$v":"%x %H:%M"},{"$i":"weekStartsOnMonday","$v":"1"},{"$i":"firstDayOfTheWeek","$v":"0"},{"$i":"time_am","$v":"AM"},{"$i":"time_pm","$v":"PM"},{"$i":"label","$v":"Label"},{"$i":"mobile","$v":"Mobile"},{"$i":"home","$v":"Home"},{"$i":"work","$v":"Work"},{"$i":"personal","$v":"Personal"},{"$i":"faxHome","$v":"Fax home"},{"$i":"faxOffice","$v":"Fax office"},{"$i":"faxOther","$v":"Fax other"},{"$i":"another","$v":"Another"},{"$i":"other","$v":"Other"},{"$i":"customTag","placeholder":"Custom tag"},{"$i":"current","$v":"Current"},{"$i":"itemWithLabel","$v":[{"t":"idOrVar","v":"label"},", ",{"t":"idOrVar","v":"item"}]},{"$i":"addNewNumber","$v":"Dodaj novi broj"},{"$i":"contactDetails","$v":"Contact details"},{"$i":"addToExistingContact","$v":"Dodaj postojećem kontaktu"},{"$i":"all","$v":"All","ariaLabel":"All"},{"$i":"bluetoothOption","ariaLabel":"Bluetooth"},{"$i":"callLog","$v":"Pozivi"},{"$i":"callLogEdit","title":"Edit call log"},{"$i":"callLogEditDialog","ariaLabel":"Edit call log dialog"},{"$i":"connecting","$v":"Povezivanje"},{"$i":"connectingEllipsis","$v":"Connecting…"},{"$i":"call-forwarding-async","$v":["Asynchronous: ",{"t":"idOrVar","v":"async"}]},{"$i":"call-forwarding-data","$v":["Data: ",{"t":"idOrVar","v":"data"}]},{"$i":"call-forwarding-error","$v":"Došlo je do greške prilikom preuzimanja statusa proslijeđivanja poziva"},{"$i":"call-forwarding-fax","$v":["FAX: ",{"t":"idOrVar","v":"fax"}]},{"$i":"call-forwarding-inactive","$v":"Neaktivno"},{"$i":"call-forwarding-packet","$v":["Packet: ",{"t":"idOrVar","v":"packet"}]},{"$i":"call-forwarding-pad","$v":["PAD: ",{"t":"idOrVar","v":"pad"}]},{"$i":"call-forwarding-sms","$v":["SMS: ",{"t":"idOrVar","v":"sms"}]},{"$i":"call-forwarding-status","$v":"Call forwarding status"},{"$i":"call-forwarding-sync","$v":["Synchronous: ",{"t":"idOrVar","v":"sync"}]},{"$i":"call-forwarding-voice","$v":["Voice: ",{"t":"idOrVar","v":"voice"}]},{"$i":"confirm-deletion","$v":"Obrisati odabrane pozive?"},{"$i":"createNewContact","$v":"Stvori novi kontakt"},{"$i":"dialerAddContact","ariaLabel":"Add contact"},{"$i":"dialerAddContactDialog","ariaLabel":"Add Contact Dialog"},{"$i":"callInformation","$v":"Call Information"},{"$i":"edit-selected","$v":{"one":[{"t":"idOrVar","v":"n"}," odabran"],"two":[{"t":"idOrVar","v":"n"}," odabrana"],"few":[{"t":"idOrVar","v":"n"}," odabrano"],"many":[{"t":"idOrVar","v":"n"}," odabrano"],"other":[{"t":"idOrVar","v":"n"}," odabrano"]},"$x":[{"t":"idOrVar","v":"plural"},"n"]},{"$i":"hideKeypad","ariaLabel":"Hide keypad"},{"$i":"ignore","$v":"Ignoriraj poziv"},{"$i":"incoming","$v":"Dolazni"},{"$i":"keypad","ariaLabel":"Keypad"},{"$i":"info-missed","$v":"Missed"},{"$i":"missed","$v":"Missed","ariaLabel":"Missed"},{"$i":"canceled","$v":"Canceled"},{"$i":"missedCall","$v":"Propušteni poziv"},{"$i":"missedCallMultiSims","$v":["(SIM ",{"t":"idOrVar","v":"n"},") Missed call"]},{"$i":"mmi-error","$v":"Došlo je do greške pri slanju poruke"},{"$i":"mmi-session-expired","$v":"Prijava istekla"},{"$i":"mmi-successfully-sent","$v":"Poruka uspješno poslana"},{"$i":"mmi-notification-title-with-sim","$v":["(",{"t":"idOrVar","v":"sim"},") ",{"t":"idOrVar","v":"title"}]},{"$i":"mute","ariaLabel":"Mute"},{"$i":"newCall","ariaLabel":"New call"},{"$i":"no-logs-msg-1","$v":"Nema zabilježenih poziva"},{"$i":"no-logs-msg-2","$v":"Započni komunicirati sada"},{"$i":"no-logs-msg-3","$v":"Nema propuštenih poziva"},{"$i":"onHoldOption","ariaLabel":"On hold"},{"$i":"outgoing","$v":"Outgoing"},{"$i":"recents","ariaLabel":"Recent calls"},{"$i":"reply","$v":"Odgovori"},{"$i":"send","$v":"Pošalji"},{"$i":"switch-calls","$v":"Zamijeni pozive"},{"$i":"withheld-number","$v":"Skriveni broj"},{"$i":"from-contact","$v":["Od ",{"t":"idOrVar","v":"contact"}]},{"$i":"from-number","$v":["Od ",{"t":"idOrVar","v":"number"}]},{"$i":"from-withheld-number","$v":"Sa skrivenog broja"},{"$i":"sending","$v":"Slanje…"},{"$i":"speakerOption","ariaLabel":"Speaker"},{"$i":"ussd-services","$v":[{"t":"idOrVar","v":"operator"}," usluge"]},{"$i":"toggleKeypad","ariaLabel":"Toggle keypad"},{"$i":"type-your-response","placeholder":"Upišite svoj odgovor…"},{"$i":"clear-all-text","$v":"Obriši sav tekst"},{"$i":"hide","$v":"Sakrij"},{"$i":"hold","ariaLabel":"Na čekanje"},{"$i":"resume","$v":"Resume","ariaLabel":"Resume"},{"$i":"sendSms","$v":"Pošalji poruku"},{"$i":"callEnded","$v":"Poziv završen"},{"$i":"via-sim","$v":["via SIM",{"t":"idOrVar","v":"n"}]},{"$i":"sim-number","$v":["SIM",{"t":"idOrVar","v":"n"}]},{"$i":"unknown","$v":"Unknown"},{"$i":"hangup-a11y-button","ariaLabel":"Prekid poziva"},{"$i":"pickup-a11y-button","ariaLabel":"Privaćanje poziva"},{"$i":"unlock-a11y-button","ariaLabel":"Klizač"},{"$i":"settings","$v":"Postavke"},{"$i":"delete-n-log?","$v":{"zero":"Ništa nije odabrano","one":"Obrisati odabrani zapis?","two":["Obrisati ",{"t":"idOrVar","v":"n"}," zapisa?"],"few":["Obrisati ",{"t":"idOrVar","v":"n"}," zapisa?"],"many":["Obrisati ",{"t":"idOrVar","v":"n"}," zapisa?"],"other":["Obrisati ",{"t":"idOrVar","v":"n"}," zapisa?"]},"$x":[{"t":"idOrVar","v":"plural"},"n"]},{"$i":"callDurationMinutes","$v":[{"t":"idOrVar","v":"m"},":",{"t":"idOrVar","v":"s"}]},{"$i":"callDurationHours","$v":[{"t":"idOrVar","v":"h"},":",{"t":"idOrVar","v":"m"},":",{"t":"idOrVar","v":"s"}]},{"$i":"callDurationTextFormatSeconds","$v":[{"t":"idOrVar","v":"s"}," s"]},{"$i":"callDurationTextFormatMinutes","$v":[{"t":"idOrVar","v":"m"}," m ",{"t":"idOrVar","v":"s"}," s"]},{"$i":"callDurationTextFormatHours","$v":[{"t":"idOrVar","v":"h"}," h ",{"t":"idOrVar","v":"m"}," m ",{"t":"idOrVar","v":"s"}," s"]},{"$i":"suggestionMatches","$v":{"one":[{"t":"idOrVar","v":"n"}," podudaranje za \"",{"t":"idOrVar","v":"matchNumber"},"\""],"two":[{"t":"idOrVar","v":"n"}," podudaranja za \"",{"t":"idOrVar","v":"matchNumber"},"\""],"few":[{"t":"idOrVar","v":"n"}," podudaranja za \"",{"t":"idOrVar","v":"matchNumber"},"\""],"many":[{"t":"idOrVar","v":"n"}," podudaranja za \"",{"t":"idOrVar","v":"matchNumber"},"\""],"other":[{"t":"idOrVar","v":"n"}," podudaranja za \"",{"t":"idOrVar","v":"matchNumber"},"\""]},"$x":[{"t":"idOrVar","v":"plural"},"n"]},{"$i":"scCallBarring","$v":"Zabrana poziva"},{"$i":"scCallForwarding","$v":"Preusmjeravanje"},{"$i":"scClip","$v":"ID dol. poziva"},{"$i":"scClir","$v":"ID odlaznog poziva"},{"$i":"scPwd","$v":"Promjena lozinke"},{"$i":"scCallWaiting","$v":"Poziv na čekanju"},{"$i":"scPin","$v":"Promijeni PIN"},{"$i":"scPin2","$v":"Promijeni PIN2"},{"$i":"scPuk","$v":"Odblokiraj PIN"},{"$i":"scPuk2","$v":"Odblokiraj PIN2"},{"$i":"scImei","$v":"IMEI"},{"$i":"scUssd","$v":"USSD"},{"$i":"serviceClassVoice","$v":"Glasovne usluge"},{"$i":"serviceClassData","$v":"Podatkovne usluge"},{"$i":"serviceClassFax","$v":"FAX usluge"},{"$i":"serviceClassSms","$v":"SMS usluge"},{"$i":"serviceClassDataSync","$v":"Usluge sinkronizacije"},{"$i":"serviceClassDataAsync","$v":"Usluge desinkronizacije"},{"$i":"serviceClassPacket","$v":"Paketne Usluge"},{"$i":"serviceClassPad","$v":"PAD Usluge"},{"$i":"smServiceEnabled","$v":"Usluga omogućena"},{"$i":"smServiceDisabled","$v":"Usluga onemogućena"},{"$i":"smServiceRegistered","$v":"Registracija uspješna"},{"$i":"smServiceErased","$v":"Brisanje uspješno"},{"$i":"smServiceInterrogated","$v":"Zahtjev uspješan"},{"$i":"smServiceNotProvisioned","$v":"Usluga nije podržana"},{"$i":"smClirPermanent","$v":"Ne možete izmjeniti ID pozivatelja"},{"$i":"smClirDefaultOnNextCallOn","$v":"ID pozivatelja postavljen na sakriven. Sljedeći poziv: Sakriven"},{"$i":"smClirDefaultOnNextCallOff","$v":"ID pozivatelja postavljen na sakriven. Sljedeći poziv: Vidljiv"},{"$i":"smClirDefaultOffNextCallOn","$v":"ID pozivatelja postavljen na vidljiv. Sljedeći poziv: Sakriven"},{"$i":"smClirDefaultOffNextCallOff","$v":"ID pozivatelja postavljen na vidljiv. Sljedeći poziv: Vidljiv"},{"$i":"smServiceEnabledFor","$v":"Usluga omogućena za:"},{"$i":"smPinChanged","$v":"PIN uspješno izmijenjen"},{"$i":"smPinUnblocked","$v":"PIN uspješno odblokiran"},{"$i":"smPin2Changed","$v":"PIN2 uspješno izmijenjen"},{"$i":"smPin2Unblocked","$v":"PIN2 uspješno odblokiran"},{"$i":"ServiceIsEnabled","$v":"Service is enabled"},{"$i":"ServiceIsDisabled","$v":"Service is disabled"},{"$i":"ServiceIsEnabledFor","$v":"Service is enabled for:"},{"$i":"emMmiError","$v":"Greška u vezi ili netočan MMI kôd"},{"$i":"emMmiErrorPasswordIncorrect","$v":"Netočna zaporka"},{"$i":"emMmiErrorNotSupported","$v":"Netočan ili nekorišten MMI kôd"},{"$i":"emMmiErrorInvalidAction","$v":"Nepodržana akcija"},{"$i":"emMmiErrorInvalidScCode","$v":"Netočan kôd usluge"},{"$i":"emMmiErrorBadPuk","$v":"PUK kôd koji ste unijeli je netočan."},{"$i":"emMmiErrorBadPin","$v":"Stari PIN kôd koji ste unijeli je netočan."},{"$i":"emMmiErrorNeedPuk2","$v":"Unesite PUK2 kôd da bi odblokirali SIM karticu"},{"$i":"emMmiErrorMismatchPin","$v":"PIN kôdovi koje ste unijeli nisu isti"},{"$i":"emMmiErrorInvalidPin","$v":"Unesite PIN kôd koji ima 4 do 8 znamenaka"},{"$i":"emMmiErrorNeedsPuk","$v":"Vaša SIM kartica je zaključana PUK kôdom"},{"$i":"emMmiErrorEnablePin","$v":"Neuspješno. Omogućite SIM/RUIM zaključavanje"},{"$i":"emMmiErrorMmiFdn","$v":"Operacija je ograničena na fiksno biranje brojeva"},{"$i":"emMmiErrorStkCcUssdDial","$v":"USSD zahtjev je prenamijenjen u DIAL zahtjev"},{"$i":"emMmiErrorStkCcUssdSs","$v":"USSD zahtjev je prenamijenjen u SS zahtjev"},{"$i":"emMmiErrorStkCcUssdUssd","$v":"USSD zahtjev je prenamijenjen u novi USSD zahtjev"},{"$i":"emMmiErrorStkCcSsDial","$v":"SS zahtjev je prenamijenjen u DIAL zahtjev"},{"$i":"emMmiErrorStkCcSsUssd","$v":"SS zahtjev je prenamijenjen u novi USSD zahtjev"},{"$i":"emMmiErrorStkCcSsSs","$v":"SS zahtjev je prenamijenjen u SS zahtjev"},{"$i":"emMmiErrorPinPukAttempts","$v":{"one":["Preostao je samo ",{"t":"idOrVar","v":"n"}," pokušaj"],"two":["Preostala su ",{"t":"idOrVar","v":"n"}," pokušaja"],"few":["Preostalo je ",{"t":"idOrVar","v":"n"}," pokušaja"],"many":["Preostalo je ",{"t":"idOrVar","v":"n"}," pokušaja"],"other":["Preostalo je ",{"t":"idOrVar","v":"n"}," pokušaja"]},"$x":[{"t":"idOrVar","v":"plural"},"n"]},{"$i":"emMmiErrorSimBlocked","$v":"Maksimalan broj pokušaja prekoračen. SIM kartica blokirana."},{"$i":"RadioNotAvailable","$v":"Radio nije dostupan"},{"$i":"GenericFailure","$v":"Generička greška"},{"$i":"PasswordIncorrect","$v":"Zaporka netočna"},{"$i":"SimPin2","$v":"SIM PIN2"},{"$i":"SimPuk2","$v":"SIM PUK2"},{"$i":"RequestNotSupported","$v":"Zahtjev nije podržan"},{"$i":"OpNotAllowedDuringVoiceCall","$v":"Operacija nije podržana tokom glasovnog poziva"},{"$i":"SmsSendFailRetry","$v":"Slanje SMS-a nije uspjelo."},{"$i":"SimAbsent","$v":"SIM kartica nije detektirana"},{"$i":"SubscriptionNotAvailable","$v":"Pretplata nije dostupna"},{"$i":"ModeNotSupported","$v":"Način rada nije podržan"},{"$i":"FdnCheckFailure","$v":"Greška u FDN provjeri"},{"$i":"IllegalSimOrMe","$v":"Nedopušten SIM ili ME"},{"$i":"DialModifiedToUssd","$v":"Biranje izmijenjeno u USSD"},{"$i":"DialModifiedToSs","$v":"Biranje izmijenjeno u SS"},{"$i":"DialModifiedToDial","$v":"Biranje izmijenjeno u poziv"},{"$i":"UssdModifiedToDial","$v":"USSD izmijenjeno u poziv"},{"$i":"UssdModifiedToSs","$v":"USSD izmijenjeno u SS"},{"$i":"UssdModifiedToUssd","$v":"USSD izmijenjeno u USSD"},{"$i":"SsModifiedToDial","$v":"SS izmijenjeno u poziv"},{"$i":"SsModifiedToUssd","$v":"SS izmijenjeno u USSD"},{"$i":"SsModifiedToSs","$v":"SS izmijenjeno u SS"},{"$i":"SubscriptionNotSupported","$v":"Pretplata nije podržana"},{"$i":"InvalidParameter","$v":"Nepodržan parametar"},{"$i":"RejectedByRemote","$v":"Odbijeno od druge strane"},{"$i":"conferenceCall","$v":["Conference (",{"t":"idOrVar","v":"n"},")"]},{"$i":"caller-left-call","$v":[{"t":"idOrVar","v":"caller"}," je napustio poziv."]},{"$i":"conferenceAddError","$v":"Neuspjelo spajanje poziva"},{"$i":"conferenceRemoveError","$v":"Neuspješno odspajanje poziva"},{"$i":"longDateFormat","$v":"%A, %e. %B"},{"$i":"select-audio-sources","$v":"Select audio sources"},{"$i":"bluetooth-handsfree-device","$v":"Bluetooth handsfree device"},{"$i":"receiver","$v":"Receiver"},{"$i":"speaker","$v":"Speaker"},{"$i":"voicemailNoNumberTitle","$v":"Voicemail number is unavailable"},{"$i":"voicemailNoNumberText","$v":"Unable to call the voicemail. Set up the voicemail number to place the call."},{"$i":"voicemailNoNumberSettings","$v":"Settings"},{"$i":"voicemailNoNumberCancel","$v":"Cancel"},{"$i":"phoneNumberInput","ariaLabel":"Phone number"},{"$i":"keypadDelete","ariaLabel":"Delete"},{"$i":"voiceMailKey","ariaLabel":"Voicemail"},{"$i":"asterisk","ariaLabel":"Asterisk"},{"$i":"hashSign","ariaLabel":"Hash sign"},{"$i":"loadingSimContacts","$v":"Loading SIM card contacts…"},{"$i":"noContactsWereFound","$v":"No contacts were found"},{"$i":"noContactsFoundDialogOk","$v":"OK"},{"$i":"emergencyNumber","$v":"Emergency number"},{"$i":"callAirplaneModeMessage","$v":"To make a call you need to disable airplane mode in settings."},{"$i":"callAirplaneModeBtnOk","$v":"OK"},{"$i":"callAirplaneModeTitle","$v":"Airplane mode activated"},{"$i":"numberIsBusyTitle","$v":"Number is busy"},{"$i":"numberIsBusyMessage","$v":"The number is currently busy. Please try again later."},{"$i":"fdnIsActiveTitle","$v":"FDN active"},{"$i":"fdnIsActiveMessage","$v":["FDN (Fixed Dialing Numbers) is activated and the following number is not in your FDN list: ",{"t":"idOrVar","v":"number"}]},{"$i":"emergencyDialogBodyBadNumber","$v":"To make a call, the phone must be connected to a network."},{"$i":"emergencyDialogBodyDeviceNotAccepted","$v":"Emergency calls are not allowed by the network."},{"$i":"emergencyDialogBtnOk","$v":"OK"},{"$i":"emergencyDialogTitle","$v":"No network connection"},{"$i":"invalidNumberToDialTitle","$v":"Invalid phone number"},{"$i":"invalidNumberToDialMessage","$v":"The phone number you are calling is not valid."},{"$i":"unableToCallTitle","$v":"Unable to make a phone call now"},{"$i":"unableToCallMessage","$v":"Cannot make a call. If you are already dialing, please hang up first."},{"$i":"otherConnectionInUseTitle","$v":"Other connection in use"},{"$i":"otherConnectionInUseMessage","$v":"You have an active call on another connection. You can only use one connection at a time."}]