[{"$i":"close","$v":"Bezárás"},{"$i":"import","$v":"Másolás"},{"$i":"update","$v":"Frissítés"},{"$i":"fbFriends","$v":"Facebook"},{"$i":"live-serviceName","$v":"Outlook"},{"$i":"gmail-serviceName","$v":"Gmail"},{"$i":"facebook-serviceName","$v":"Facebook"},{"$i":"selectAll","$v":"Minden kijelölése"},{"$i":"deselectAll","$v":"Kijelölés törlése"},{"$i":"viewAll","$v":"Az összes Facebook ismerős listája"},{"$i":"viewRecommend","$v":"Ajánlottak megjelenítése"},{"$i":"linkProposal","$v":{"zero":"Nincs egyező ismerős. Az összes megjelenítése","one":"Válasszon ki egy ajánlást","two":"Válasszon ki egy ajánlást","few":"Válasszon ki egy ajánlást","many":"Válasszon ki egy ajánlást","other":"Válasszon ki egy ajánlást"},"$x":[{"t":"idOrVar","v":"plural"},"numFriends"]},{"$i":"fbFriendsFound","$v":{"zero":"Az összes ismerős átmásolva","one":"Egy átmásolandó ismerős van","two":[{"t":"idOrVar","v":"numFriends"}," átmásolandó ismerős van"],"few":[{"t":"idOrVar","v":"numFriends"}," átmásolandó ismerős van"],"many":[{"t":"idOrVar","v":"numFriends"}," átmásolandó ismerős van"],"other":[{"t":"idOrVar","v":"numFriends"}," átmásolandó ismerős van"]},"$x":[{"t":"idOrVar","v":"plural"},"numFriends"]},{"$i":"fbNoFriends","$v":"Nincsenek átmásolható névjegyek"},{"$i":"facebook","$v":"Facebook"},{"$i":"search-contact","placeholder":"Keresés"},{"$i":"noResults","$v":"Nincsenek névjegyek"},{"$i":"done-search","$v":"Kész"},{"$i":"progressFB3ImportTitle","$v":"Ismerősök másolása a Névjegyekbe"},{"$i":"progressFB","$v":[{"t":"idOrVar","v":"current"},"/",{"t":"idOrVar","v":"total"}]},{"$i":"progressFB3UpdateTitle","$v":"Ismerősök névjegyeinek frissítése"},{"$i":"message2","$v":"Ez eltarthat egy pár percig…"},{"$i":"messageLinking","$v":"Kis türelmet az ismerős és a névjegy összekapcsolásáig."},{"$i":"messageCanceling","$v":"Egy kis türelmet kérünk, amíg megszakítjuk a folyamatban lévő műveletet."},{"$i":"error1","$v":["Hiba ",{"t":"idOrVar","v":"from"}]},{"$i":"error2","$v":"Megpróbálja újra?"},{"$i":"errorProposal","$v":"ajánlások készítése"},{"$i":"errorFriends","$v":"ismerősök adatainak lekérése"},{"$i":"errorLinking","$v":"névjegyek összekapcsolása"},{"$i":"timeout1","$v":["Időtúllépési hiba: ",{"t":"idOrVar","v":"from"}]},{"$i":"timeout2","$v":"Megpróbálja újra?"},{"$i":"timeoutProposal","$v":"ajánlások készítése"},{"$i":"timeoutFriends","$v":"ismerősök adatainak lekérése"},{"$i":"timeoutLinking","$v":"névjegyek összekapcsolása"},{"$i":"wait1","$v":"Kis türelmet"},{"$i":"wait2","$v":"Ez eltarthat egy pár percig…"},{"$i":"waitProposal","$v":"Kis türelmet. Az ajánlatkészítés folyamatban."},{"$i":"waitFriends","$v":"Kis türelmet. Kapcsolódás az ismerősök listájának lekéréséhez."},{"$i":"curtainCancel","$v":"Mégse"},{"$i":"curtainRetry","$v":"Újra"},{"$i":"curtainOK","$v":"OK"},{"$i":"connectionLost","$v":"Nincs internetkapcsolat"},{"$i":"connectionLostMsg","$v":"Az ismerősök képei nem lesznek a névjegyekhez adva. Biztosan folytatja?"},{"$i":"yesOption","$v":"OK"},{"$i":"noOption","$v":"Mégse"},{"$i":"friendsUpdated","$v":{"zero":"Nincs frissített ismerős","one":"Egy frissített ismerős","two":[{"t":"idOrVar","v":"numFriends"}," frissített ismerős"],"few":[{"t":"idOrVar","v":"numFriends"}," frissített ismerős"],"many":[{"t":"idOrVar","v":"numFriends"}," frissített ismerős"],"other":[{"t":"idOrVar","v":"numFriends"}," frissített ismerős"]},"$x":[{"t":"idOrVar","v":"plural"},"numFriends"]},{"$i":"friendsMerged","$v":{"zero":"Nem lettek többszörös ismerősök egyesítve","one":"Egy többszörös ismerős egyesítve","two":[{"t":"idOrVar","v":"numDups"}," ismerős egyesítve"],"few":[{"t":"idOrVar","v":"numDups"}," ismerős egyesítve"],"many":[{"t":"idOrVar","v":"numDups"}," ismerős egyesítve"],"other":[{"t":"idOrVar","v":"numDups"}," ismerős egyesítve"]},"$x":[{"t":"idOrVar","v":"plural"},"numDups"]},{"$i":"notificationLogin","$v":"A Facebook munkamenet lejárt. Jelentkezzen be."},{"$i":"syncError","$v":"Hiba történt az ismerősök adatainak szinkronizálásakor"},{"$i":"waitDuplicateContacts","$v":"Többszörös névjegyek keresése"},{"$i":"waitMergingDuplicateContacts","$v":"Többszörös névjegyek egyesítése"},{"$i":"alertNoDuplicateContacts","$v":"Nincsenek többszörös névjegyek"},{"$i":"merge","ariaLabel":"Merge"},{"$i":"mergeDuplicateTitle","$v":"Többszörösek egyesítése"},{"$i":"suggestedDuplicateContacts","$v":["Valószínű többszörös névjegyek: ",{"t":"idOrVar","v":"name"}]},{"$i":"mergeActionButtonLabel","$v":{"zero":"Nincs kijelölve névjegy","one":["Egyesítés ",{"t":"idOrVar","v":"n"}," névjeggyel"],"two":["Egyesítés ",{"t":"idOrVar","v":"n"}," névjeggyel"],"few":["Egyesítés ",{"t":"idOrVar","v":"n"}," névjeggyel"],"many":["Egyesítés ",{"t":"idOrVar","v":"n"}," névjeggyel"],"other":["Egyesítés ",{"t":"idOrVar","v":"n"}," névjeggyel"]},"$x":[{"t":"idOrVar","v":"plural"},"n"]},{"$i":"duplicatesFoundTitle","$v":"Többszörös névjegyek"},{"$i":"duplicatesFoundMessage","$v":[{"t":"idOrVar","v":"name"}," információi már szerepelnek a következő névjegyben"]},{"$i":"ok","$v":"OK"},{"$i":"gaia-menu-cancel","$v":"Mégse"},{"$i":"gaia-sim-picker-dial-via-with-number","$v":["Dial ",{"t":"idOrVar","v":"phoneNumber"}," via"]},{"$i":"gaia-sim-picker-select-sim","$v":"Select SIM"},{"$i":"gaia-sim-picker-button","$v":["SIM",{"t":"idOrVar","v":"n"}]},{"$i":"gaia-sim-picker-button-default","$v":"(default)"},{"$i":"call","$v":"Hívás"},{"$i":"edit","$v":"Szerkesztés"},{"$i":"cancel","$v":"Mégse"},{"$i":"done","$v":"Kész"},{"$i":"retry","$v":"Próbálja újra"},{"$i":"contacts","$v":"Névjegyek"},{"$i":"addContact","$v":"Névjegy felvétele"},{"$i":"deleteContact","$v":"Névjegy törlése"},{"$i":"selectContact","$v":"Névjegy kiválasztása"},{"$i":"editContact","$v":"Névjegy írása"},{"$i":"deleteConfirmMsg","$v":"Törli a névjegyet?"},{"$i":"remove","$v":"Eltávolítás"},{"$i":"delete","$v":"Törlés"},{"$i":"comments","$v":"Megjegyzések"},{"$i":"no_contact_phones","$v":"Ehhez a névjegyhez nem tartozik telefonszám"},{"$i":"no_contact_email","$v":"Ehhez a névjegyhez nem tartozik e-mail-cím"},{"$i":"no_contact_data","$v":"Ehhez a névjegyhez nem tartozik telefonszám és e-mail-cím"},{"$i":"removePhotoConfirm","$v":"Eltávolítja a névjegy képét?"},{"$i":"loadingContacts","$v":"Névjegyek betöltése…"},{"$i":"noContactsActivity2","$v":"No contacts in your Contacts list"},{"$i":"noName","$v":"Nincs név"},{"$i":"givenName","placeholder":"Név"},{"$i":"familyName","placeholder":"Vezetéknév"},{"$i":"tel","placeholder":"Telefonszám"},{"$i":"carrier","$v":"Szolgáltató","placeholder":"Szolgáltató"},{"$i":"separator","$v":","},{"$i":"email","$v":"E-mail","placeholder":"E-mail"},{"$i":"streetAddress","placeholder":"Utca"},{"$i":"postalCode","placeholder":"Irányítószám"},{"$i":"locality","placeholder":"Város"},{"$i":"countryName","placeholder":"Ország"},{"$i":"comment","placeholder":"Megjegyzés"},{"$i":"org","placeholder":"Cég"},{"$i":"date","$v":"Dátum","placeholder":"Dátum"},{"$i":"date-span-placeholder","$v":"Dátum"},{"$i":"birthday","$v":"Születésnap"},{"$i":"dateFormat","$v":"%B %e."},{"$i":"dateOutput","$v":[{"t":"idOrVar","v":"year"}," ",{"t":"idOrVar","v":"dayMonthFormatted"}]},{"$i":"anniversary","$v":"Évforduló"},{"$i":"addPhoto","$v":"Kép felvétele"},{"$i":"addPhone","$v":"Telefonszám felvétele"},{"$i":"addEmail","$v":"E-mail felvétele"},{"$i":"addAddress","$v":"Cím felvétele"},{"$i":"addDate","$v":"Dátum felvétele"},{"$i":"addComment","$v":"Megjegyzés felvétele"},{"$i":"addFavorite","$v":"Felvétel kedvencként"},{"$i":"removeFavorite","$v":"Kedvenc eltávolítása"},{"$i":"addButton","ariaLabel":"Felvétel"},{"$i":"editButton","ariaLabel":"Szerkesztés"},{"$i":"settingsButton","ariaLabel":"Beállítások"},{"$i":"phoneDetail","ariaLabel":"Telefon"},{"$i":"emailDetail","ariaLabel":"E-mail"},{"$i":"addressDetail","ariaLabel":"Cím"},{"$i":"dateDetail","ariaLabel":"Dátum"},{"$i":"composeEmail","ariaLabel":"E-mail"},{"$i":"makeCall","ariaLabel":"Hívás"},{"$i":"phones","ariaLabel":"Telefonszámok"},{"$i":"emails","ariaLabel":"E-mail címek"},{"$i":"addresses","ariaLabel":"Címek"},{"$i":"dates","ariaLabel":"Dátumok"},{"$i":"notes","ariaLabel":"Megjegyzés"},{"$i":"exit","$v":"Kilépés"},{"$i":"expand","$v":"Kibontás"},{"$i":"labelName","$v":"Név:"},{"$i":"labelLastName","$v":"Vezetéknév:"},{"$i":"labelPhoneNumber","$v":"Telefonszám:"},{"$i":"labelCarrier","$v":"Szolgáltató:"},{"$i":"labelEmail","$v":"E-mail:"},{"$i":"labelStreet","$v":"Utca:"},{"$i":"labelZip","$v":"Irányítószám:"},{"$i":"labelCity","$v":"Város:"},{"$i":"labelCountry","$v":"Ország:"},{"$i":"labelComment","$v":"Megjegyzés:"},{"$i":"legendTitleMain","$v":"Elsődleges információk"},{"$i":"legendPhones","$v":"Telefonszámok"},{"$i":"legendEmail","$v":"E-mail cím"},{"$i":"legendAddress","$v":"Cím"},{"$i":"transferContactsTitle","$v":"Névjegyek átvitele"},{"$i":"importContactsTitle","$v":"Névjegyek másolása"},{"$i":"importContactsButton","$v":"Névjegyek másolása"},{"$i":"exportContactsTitle","$v":"Névjegyek exportálása"},{"$i":"exportContactsButton","$v":"Névjegyek exportálása"},{"$i":"exportContactsAction","$v":"Exportálás"},{"$i":"simExport-title","$v":"Névjegyek másolása SIM kártyára"},{"$i":"memoryCardExport-title","$v":"Export to memory card"},{"$i":"btExport-title","$v":"Névjegyek másolása Bluetooth-on"},{"$i":"memoryCardUMSEnabled","$v":"Cannot use memory card because USB storage is enabled"},{"$i":"exportErrorTitle","$v":"Exportálási hiba"},{"$i":"contactsExported2","$v":{"zero":"Nincs exportálva névjegy","one":[{"t":"idOrVar","v":"exported"},"/",{"t":"idOrVar","v":"total"}," névjegy exportálva"],"two":[{"t":"idOrVar","v":"exported"},"/",{"t":"idOrVar","v":"total"}," névjegy exportálva"],"few":[{"t":"idOrVar","v":"exported"},"/",{"t":"idOrVar","v":"total"}," névjegy exportálva"],"many":[{"t":"idOrVar","v":"exported"},"/",{"t":"idOrVar","v":"total"}," névjegy exportálva"],"other":[{"t":"idOrVar","v":"exported"},"/",{"t":"idOrVar","v":"total"}," névjegy exportálva"]},"$x":[{"t":"idOrVar","v":"plural"},"exported"]},{"$i":"exportError-general","$v":"Néhány hiba lépett fel az exportálás során"},{"$i":"exportError-SD-shared","$v":"Nem érhető el a memóriakártya, mert meg van osztva"},{"$i":"exportError-SD-unavailable","$v":"A memóriakártya nem érhető el"},{"$i":"exportError-SD-noSpace","$v":"Nincs elég hely a memóriakártyán a névjegyek másolásához"},{"$i":"exportError-SIM-unavailable","$v":"A SIM kártya nem érhető el"},{"$i":"exportError-BT-shared","$v":"Nem érhető el a memóriakártya, mert meg van osztva"},{"$i":"exportError-BT-unavailable","$v":"A memóriakártya nem érhető el"},{"$i":"exportError-BT-noSpace","$v":"Nincs elég hely a memóriakártyán a névjegyek másolásához"},{"$i":"social-network","$v":"Közösségi hálózatok"},{"$i":"social-link","$v":"Névjegy összekapcsolása"},{"$i":"social-unlink","$v":"Névjegykapcsolat felbontása"},{"$i":"social-unlink-confirm-title","$v":"Fel kívánja bontani a névjegykapcsolatot?"},{"$i":"social-unlink-confirm-accept","$v":"Felbontás"},{"$i":"facebook-import","$v":"Facebook ismerősök másolása"},{"$i":"show-fb-profile","$v":"Facebook profil megjelenítése"},{"$i":"msg-send","$v":"Üzenet"},{"$i":"wall-post","$v":"Falára írás"},{"$i":"share-contact","$v":"Share Contact"},{"$i":"facebook-export-forbidden","$v":"A névjegy nem osztható meg a Facebook korlátozása miatt."},{"$i":"otherAccount","$v":"Más fiókok"},{"$i":"facebookSwitchMsg","$v":"Szinkronizálás"},{"$i":"select_mobile","$v":"Válasszon mobilt"},{"$i":"select_email","$v":"Válasszon e-mailt"},{"$i":"select_recipient","$v":"Címzett kiválasztása"},{"$i":"contactsOrderBy","$v":"Rendezés előnév szerint"},{"$i":"importSim2","$v":"SIM kártya"},{"$i":"importGmail","$v":"Gmail"},{"$i":"bluetooth","$v":"Bluetooth"},{"$i":"importOutlook","$v":"Outlook"},{"$i":"fbUpdateFriends","$v":"Ismerősök adatainak frissítése"},{"$i":"cleaningFbData","$v":"Facebook adatok eltávolítása"},{"$i":"loggingOutFb","$v":"Kijelentkezés Facebookról"},{"$i":"cleanFbConfirmMsg","$v":"Eltávolítja az összes Facebook adatot?"},{"$i":"renewPwdMsg","$v":"A Facebookon használt jelszava megváltozott. Frissítse a jelszavát itt is."},{"$i":"notEnabledYet","$v":"Még nincs engedélyezve"},{"$i":"genericNoConnection","$v":"Névjegyek átmásolásához kapcsolódjon egy Wi-Fi-s vagy mobilos adathálózathoz"},{"$i":"simCard","$v":"SIM kártya"},{"$i":"memoryCard","$v":"Memóriakártya"},{"$i":"simNumberNoMSISDN","$v":["SIM ",{"t":"idOrVar","v":"number"},":"]},{"$i":"simNumberWithMSISDN","$v":["SIM ",{"t":"idOrVar","v":"number"},": ",{"t":"idOrVar","v":"msisdn"}]},{"$i":"ICEContactsGroup","$v":"ICE Contacts"},{"$i":"setICEButton","$v":"ICE névjegyek beállítása"},{"$i":"ICESettingTitle","$v":"ICE névjegyek"},{"$i":"ICEDescription","$v":"Adjon hozzá két névjegyet segélykérő hívások kezdeményezéséhez."},{"$i":"ICEContact1","$v":"ICE névjegy 1"},{"$i":"ICESelectContact","$v":"Névjegy kiválasztása"},{"$i":"ICEContact2","$v":"ICE névjegy 2"},{"$i":"ICERepeatedContact","$v":"This contact is already an existing ICE contact"},{"$i":"ICEUnknownError","$v":"There was an error setting the contact as ICE"},{"$i":"ICEContactNoNumber","$v":"This contact doesn't have a phone number"},{"$i":"ICEFacebookContactNotAllowed","$v":"Facebook contacts cannot be set as ICE contacts"},{"$i":"ICEContactDelTel","$v":"Deleted phone numbers are removed from ICE Contact"},{"$i":"ICEContactDelTelAll","$v":"All the numbers are deleted. This contact is removed from the ICE Contacts."},{"$i":"no-contacts","$v":"Nincsenek névjegyek"},{"$i":"start-adding","$v":"Kezdjen el felvenni néhányat"},{"$i":"notImported","$v":"Nincs átmásolva"},{"$i":"imported","$v":"Átmásolva"},{"$i":"today","$v":"Ma"},{"$i":"yesterday","$v":"Tegnap"},{"$i":"organise-contacts","$v":"Névjegyek rendezése"},{"$i":"find-merge-contacts","$v":"Többszörös névjegyek keresése"},{"$i":"preparing-contacts","$v":"Névjegyek előkészítése"},{"$i":"exportError-SIM-NoFreeRecordFound","$v":"A SIM kártya tele"},{"$i":"exportError-SIM-CannotAccessPhoneBook","$v":"Nem érhető el a SIM kártya telefonkönyve"},{"$i":"exportError-SIM-Unavailable","$v":"Nem található SIM"},{"$i":"exportError-SIM-GenericError","$v":"Hiba történt egy névjegy exportálásakor"},{"$i":"noSimMsgExport","$v":"Névjegyek exportálásához helyezze be vagy oldja fel SIM-kártyáját"},{"$i":"noMemoryCardMsgExport","$v":"Névjegyek másolásához helyezzen be egy memóriakártyát"},{"$i":"ContactManagementTitle","$v":"Címjegyzékkezelő"},{"$i":"DeleteTitle","$v":"Törlés"},{"$i":"bulkDeleteButton","$v":"Névjegyek törlése"},{"$i":"BulkDelCancel","$v":"Névjegytörlés visszavonva"},{"$i":"DeletedTxt","$v":{"zero":"Nincs törölhető névjegy","one":"1 névjegy eltávolítva","two":[{"t":"idOrVar","v":"n"}," névjegy eltávolítva"],"few":[{"t":"idOrVar","v":"n"}," névjegy eltávolítva"],"many":[{"t":"idOrVar","v":"n"}," névjegy eltávolítva"],"other":[{"t":"idOrVar","v":"n"}," névjegy eltávolítva"]},"$x":[{"t":"idOrVar","v":"plural"},"n"]},{"$i":"DeletingContacts","$v":"Névjegyek törlése"},{"$i":"ContactConfirmDel","$v":{"zero":"Nincs törölhető névjegy","one":"Töröl 1 névjegyet? Ez nem vonható vissza.","two":["Töröl ",{"t":"idOrVar","v":"n"}," névjegyet? Ez nem vonható vissza."],"few":["Töröl ",{"t":"idOrVar","v":"n"}," névjegyet? Ez nem vonható vissza."],"many":["Töröl ",{"t":"idOrVar","v":"n"}," névjegyet? Ez nem vonható vissza."],"other":["Töröl ",{"t":"idOrVar","v":"n"}," névjegyet? Ez nem vonható vissza."]},"$x":[{"t":"idOrVar","v":"plural"},"n"]},{"$i":"SelectedTxt","$v":{"zero":"Névjegyek","one":[{"t":"idOrVar","v":"n"}," kijelölve"],"two":[{"t":"idOrVar","v":"n"}," kijelölve"],"few":[{"t":"idOrVar","v":"n"}," kijelölve"],"many":[{"t":"idOrVar","v":"n"}," kijelölve"],"other":[{"t":"idOrVar","v":"n"}," kijelölve"]},"$x":[{"t":"idOrVar","v":"plural"},"n"]},{"$i":"video","$v":"Videó"},{"$i":"audio","$v":"Hang"},{"$i":"pick_destination","$v":[{"t":"idOrVar","v":"destination"}," ",{"t":"idOrVar","v":"carrier"}]},{"$i":"removeField","ariaLabel":"Eltávolítás"},{"$i":"undo","ariaLabel":"Visszavonás"},{"$i":"send-sms-button","ariaLabel":"SMS"},{"$i":"ice_contacts","$v":"ICE névjegyek"},{"$i":"edit-picture","$v":"Kép szerkesztése"},{"$i":"remove-photo","$v":"Kép eltávolítása"},{"$i":"change-photo","$v":"Kép cseréje"},{"$i":"photo-options","$v":"Képbeállítások"},{"$i":"vCardContacts-imported","$v":{"zero":"No contacts imported","one":"Imported one contact","two":["Imported ",{"t":"idOrVar","v":"n"}," contacts"],"few":["Imported ",{"t":"idOrVar","v":"n"}," contacts"],"many":["Imported ",{"t":"idOrVar","v":"n"}," contacts"],"other":["Imported ",{"t":"idOrVar","v":"n"}," contacts"]},"$x":[{"t":"idOrVar","v":"plural"},"n"]},{"$i":"voiceMail","$v":"Hangposta"},{"$i":"back","$v":"Vissza"},{"$i":"noSimMsg","$v":"Névjegyek másolásához helyezze be vagy oldja fel SIM-kártyáját"},{"$i":"noMemoryCardMsg","$v":"Névjegyek másolásához helyezzen be egy memóriakártyát"},{"$i":"importMemoryCard","$v":"Memóriakártya"},{"$i":"noConnection11","$v":"Facebook ismerősök vagy névjegyek átmásolásához kapcsolódjon egy Wi-Fi-s vagy mobilos adathálózathoz."},{"$i":"emptyAccount","$v":"No friends or contacts found in this account."},{"$i":"simContacts-import","$v":"Névjegyek másolása SIM-ről"},{"$i":"simContacts-importing","$v":"Névjegyek másolása SIM-ről…"},{"$i":"simContacts-reading","$v":"Olvasás a SIM kártyáról…"},{"$i":"simContacts-error","$v":"Nem lehet névjegyeket másolni a SIM-ről"},{"$i":"simContacts-imported3","$v":{"zero":"Nincsenek átmásolható névjegyek a SIM-en","one":"Egy névjegy átmásolva","two":[{"t":"idOrVar","v":"n"}," névjegy átmásolva"],"few":[{"t":"idOrVar","v":"n"}," névjegy átmásolva"],"many":[{"t":"idOrVar","v":"n"}," névjegy átmásolva"],"other":[{"t":"idOrVar","v":"n"}," névjegy átmásolva"]},"$x":[{"t":"idOrVar","v":"plural"},"n"]},{"$i":"memoryCardContacts-import","$v":"Névjegyek másolása memóriakártyáról"},{"$i":"memoryCardContacts-importing","$v":"Névjegyek másolása memóriakártyáról…"},{"$i":"memoryCardContacts-reading","$v":"Olvasás memóriakártyáról…"},{"$i":"memoryCardContacts-error","$v":"Nem sikerült névjegyeket átmásolni a memóriakártyáról"},{"$i":"memoryCardContacts-imported3","$v":{"zero":"Nincs átmásolható névjegy a memóriakártyán","one":"Egy névjegy átmásolva","two":[{"t":"idOrVar","v":"n"}," névjegy átmásolva"],"few":[{"t":"idOrVar","v":"n"}," névjegy átmásolva"],"many":[{"t":"idOrVar","v":"n"}," névjegy átmásolva"],"other":[{"t":"idOrVar","v":"n"}," névjegy átmásolva"]},"$x":[{"t":"idOrVar","v":"plural"},"n"]},{"$i":"genericProgress","$v":[{"t":"idOrVar","v":"current"},"/",{"t":"idOrVar","v":"total"}]},{"$i":"facebook-import-msg2","$v":[{"t":"idOrVar","v":"imported"},"/",{"t":"idOrVar","v":"total"}," friends imported"]},{"$i":"contactsMerged","$v":{"zero":"Nem lettek többszörös névjegyek egyesítve","one":"Egy többszörös névjegy egyesítve","two":[{"t":"idOrVar","v":"numDups"}," névjegy egyesítve"],"few":[{"t":"idOrVar","v":"numDups"}," névjegy egyesítve"],"many":[{"t":"idOrVar","v":"numDups"}," névjegy egyesítve"],"other":[{"t":"idOrVar","v":"numDups"}," névjegy egyesítve"]},"$x":[{"t":"idOrVar","v":"plural"},"numDups"]},{"$i":"weekday-0-long","$v":"Vasárnap"},{"$i":"weekday-1-long","$v":"Hétfő"},{"$i":"weekday-2-long","$v":"Kedd"},{"$i":"weekday-3-long","$v":"Szerda"},{"$i":"weekday-4-long","$v":"Csütörtök"},{"$i":"weekday-5-long","$v":"Péntek"},{"$i":"weekday-6-long","$v":"Szombat"},{"$i":"weekday-0-short","$v":"Va."},{"$i":"weekday-1-short","$v":"Hé."},{"$i":"weekday-2-short","$v":"Ke."},{"$i":"weekday-3-short","$v":"Sze."},{"$i":"weekday-4-short","$v":"Csü."},{"$i":"weekday-5-short","$v":"Pé."},{"$i":"weekday-6-short","$v":"Szo."},{"$i":"month-0-long","$v":"Január"},{"$i":"month-1-long","$v":"Február"},{"$i":"month-2-long","$v":"Március"},{"$i":"month-3-long","$v":"Április"},{"$i":"month-4-long","$v":"Május"},{"$i":"month-5-long","$v":"Június"},{"$i":"month-6-long","$v":"Július"},{"$i":"month-7-long","$v":"Augusztus"},{"$i":"month-8-long","$v":"Szeptember"},{"$i":"month-9-long","$v":"Október"},{"$i":"month-10-long","$v":"November"},{"$i":"month-11-long","$v":"December"},{"$i":"month-0-genitive","$v":"Január"},{"$i":"month-1-genitive","$v":"Február"},{"$i":"month-2-genitive","$v":"Március"},{"$i":"month-3-genitive","$v":"Április"},{"$i":"month-4-genitive","$v":"Május"},{"$i":"month-5-genitive","$v":"Június"},{"$i":"month-6-genitive","$v":"Július"},{"$i":"month-7-genitive","$v":"Augusztus"},{"$i":"month-8-genitive","$v":"Szeptember"},{"$i":"month-9-genitive","$v":"Október"},{"$i":"month-10-genitive","$v":"November"},{"$i":"month-11-genitive","$v":"December"},{"$i":"month-0-short","$v":"Jan"},{"$i":"month-1-short","$v":"Feb"},{"$i":"month-2-short","$v":"Már"},{"$i":"month-3-short","$v":"Ápr"},{"$i":"month-4-short","$v":"Máj"},{"$i":"month-5-short","$v":"Jún"},{"$i":"month-6-short","$v":"Júl"},{"$i":"month-7-short","$v":"Aug"},{"$i":"month-8-short","$v":"Szep"},{"$i":"month-9-short","$v":"Okt"},{"$i":"month-10-short","$v":"Nov"},{"$i":"month-11-short","$v":"Dec"},{"$i":"minutes-ago-long","$v":{"zero":"épp most","one":"egy perccel ezelőtt","two":[{"t":"idOrVar","v":"value"}," perccel ezelőtt"],"few":[{"t":"idOrVar","v":"value"}," perccel ezelőtt"],"many":[{"t":"idOrVar","v":"value"}," perccel ezelőtt"],"other":[{"t":"idOrVar","v":"value"}," perccel ezelőtt"]},"$x":[{"t":"idOrVar","v":"plural"},"value"]},{"$i":"hours-ago-long","$v":{"zero":"épp most","one":"egy órája","two":[{"t":"idOrVar","v":"value"}," órával ezelőtt"],"few":[{"t":"idOrVar","v":"value"}," órával ezelőtt"],"many":[{"t":"idOrVar","v":"value"}," órával ezelőtt"],"other":[{"t":"idOrVar","v":"value"}," órával ezelőtt"]},"$x":[{"t":"idOrVar","v":"plural"},"value"]},{"$i":"days-ago-long","$v":{"zero":"ma","one":"tegnap","two":[{"t":"idOrVar","v":"value"}," nappal ezelőtt"],"few":[{"t":"idOrVar","v":"value"}," nappal ezelőtt"],"many":[{"t":"idOrVar","v":"value"}," nappal ezelőtt"],"other":[{"t":"idOrVar","v":"value"}," nappal ezelőtt"]},"$x":[{"t":"idOrVar","v":"plural"},"value"]},{"$i":"weeks-ago-long","$v":{"zero":"ez a hét","one":"múlt hét","two":[{"t":"idOrVar","v":"value"}," héttel ezelőtt"],"few":[{"t":"idOrVar","v":"value"}," héttel ezelőtt"],"many":[{"t":"idOrVar","v":"value"}," héttel ezelőtt"],"other":[{"t":"idOrVar","v":"value"}," héttel ezelőtt"]},"$x":[{"t":"idOrVar","v":"plural"},"value"]},{"$i":"months-ago-long","$v":{"zero":"ez a hónap","one":"előző hónap","two":[{"t":"idOrVar","v":"value"}," hónappal ezelőtt"],"few":[{"t":"idOrVar","v":"value"}," hónappal ezelőtt"],"many":[{"t":"idOrVar","v":"value"}," hónappal ezelőtt"],"other":[{"t":"idOrVar","v":"value"}," hónappal ezelőtt"]},"$x":[{"t":"idOrVar","v":"plural"},"value"]},{"$i":"years-ago-long","$v":{"zero":"ez az év","one":"tavaly","two":[{"t":"idOrVar","v":"value"}," évvel ezelőtt"],"few":[{"t":"idOrVar","v":"value"}," évvel ezelőtt"],"many":[{"t":"idOrVar","v":"value"}," évvel ezelőtt"],"other":[{"t":"idOrVar","v":"value"}," évvel ezelőtt"]},"$x":[{"t":"idOrVar","v":"plural"},"value"]},{"$i":"minutes-until-long","$v":{"zero":"most","one":"egy percen belül","two":[{"t":"idOrVar","v":"value"}," percen belül"],"few":[{"t":"idOrVar","v":"value"}," percen belül"],"many":[{"t":"idOrVar","v":"value"}," percen belül"],"other":[{"t":"idOrVar","v":"value"}," percen belül"]},"$x":[{"t":"idOrVar","v":"plural"},"value"]},{"$i":"hours-until-long","$v":{"zero":"most","one":"egy órán belül","two":[{"t":"idOrVar","v":"value"}," órán belül"],"few":[{"t":"idOrVar","v":"value"}," órán belül"],"many":[{"t":"idOrVar","v":"value"}," órán belül"],"other":[{"t":"idOrVar","v":"value"}," órán belül"]},"$x":[{"t":"idOrVar","v":"plural"},"value"]},{"$i":"days-until-long","$v":{"zero":"ma","one":"holnap","two":[{"t":"idOrVar","v":"value"}," napon belül"],"few":[{"t":"idOrVar","v":"value"}," napon belül"],"many":[{"t":"idOrVar","v":"value"}," napon belül"],"other":[{"t":"idOrVar","v":"value"}," napon belül"]},"$x":[{"t":"idOrVar","v":"plural"},"value"]},{"$i":"weeks-until-long","$v":{"zero":"ez a hét","one":"következő hét","two":[{"t":"idOrVar","v":"value"}," héten belül"],"few":[{"t":"idOrVar","v":"value"}," héten belül"],"many":[{"t":"idOrVar","v":"value"}," héten belül"],"other":[{"t":"idOrVar","v":"value"}," héten belül"]},"$x":[{"t":"idOrVar","v":"plural"},"value"]},{"$i":"months-until-long","$v":{"zero":"ez a hónap","one":"következő hónap","two":[{"t":"idOrVar","v":"value"}," héten belül"],"few":[{"t":"idOrVar","v":"value"}," héten belül"],"many":[{"t":"idOrVar","v":"value"}," héten belül"],"other":[{"t":"idOrVar","v":"value"}," héten belül"]},"$x":[{"t":"idOrVar","v":"plural"},"value"]},{"$i":"years-until-long","$v":{"zero":"ez az év","one":"következő év","two":[{"t":"idOrVar","v":"value"}," éven belül"],"few":[{"t":"idOrVar","v":"value"}," éven belül"],"many":[{"t":"idOrVar","v":"value"}," éven belül"],"other":[{"t":"idOrVar","v":"value"}," éven belül"]},"$x":[{"t":"idOrVar","v":"plural"},"value"]},{"$i":"minutes-ago-short","$v":{"zero":"épp most","other":[{"t":"idOrVar","v":"value"},"p ezelőtt"]},"$x":[{"t":"idOrVar","v":"plural"},"value"]},{"$i":"hours-ago-short","$v":{"zero":"épp most","other":[{"t":"idOrVar","v":"value"},"ó ezelőtt"]},"$x":[{"t":"idOrVar","v":"plural"},"value"]},{"$i":"days-ago-short","$v":{"zero":"ma","other":[{"t":"idOrVar","v":"value"},"n ezelőtt"]},"$x":[{"t":"idOrVar","v":"plural"},"value"]},{"$i":"minutes-until-short","$v":{"zero":"most","other":[{"t":"idOrVar","v":"value"}," percen belül"]},"$x":[{"t":"idOrVar","v":"plural"},"value"]},{"$i":"hours-until-short","$v":{"zero":"most","other":[{"t":"idOrVar","v":"value"}," órán belül"]},"$x":[{"t":"idOrVar","v":"plural"},"value"]},{"$i":"days-until-short","$v":{"zero":"ma","other":[{"t":"idOrVar","v":"value"}," napon belül"]},"$x":[{"t":"idOrVar","v":"plural"},"value"]},{"$i":"incorrectDate","$v":"(helytelen dátum)"},{"$i":"dateTimeFormat_%c","$v":"%Y. %b %d %a %H:%M:%S"},{"$i":"dateTimeFormat_%x","$v":"%Y. %m. %d."},{"$i":"dateTimeFormat_%X","$v":"%H:%M:%S"},{"$i":"shortTimeFormat","$v":"%I:%M %p"},{"$i":"shortTimeFormat12","$v":"%I:%M %p"},{"$i":"shortTimeFormat24","$v":"%H:%M"},{"$i":"shortDateTimeFormat","$v":"%x %H:%M"},{"$i":"weekStartsOnMonday","$v":"1"},{"$i":"firstDayOfTheWeek","$v":"0"},{"$i":"time_am","$v":"DE"},{"$i":"time_pm","$v":"DU"},{"$i":"label","$v":"Címke"},{"$i":"mobile","$v":"Mobil"},{"$i":"home","$v":"Otthoni"},{"$i":"work","$v":"Munka"},{"$i":"personal","$v":"Saját"},{"$i":"faxHome","$v":"Ott. fax"},{"$i":"faxOffice","$v":"Mh. fax"},{"$i":"faxOther","$v":"Más fax"},{"$i":"another","$v":"Másik"},{"$i":"other","$v":"Egyéb"},{"$i":"customTag","placeholder":"Egyéni címke"},{"$i":"current","$v":"Aktuális"},{"$i":"itemWithLabel","$v":[{"t":"idOrVar","v":"label"},", ",{"t":"idOrVar","v":"item"}]},{"$i":"addNewNumber","$v":"Telefonszám hozzáadása"},{"$i":"contactDetails","$v":"Névjegy részletei"},{"$i":"addToExistingContact","$v":"Hozzáadás meglévő névjegyhez"},{"$i":"all","$v":"Összes","ariaLabel":"Összes"},{"$i":"bluetoothOption","ariaLabel":"Bluetooth"},{"$i":"callLog","$v":"Hívásnapló"},{"$i":"callLogEdit","title":"Hívásnapló szerkesztése"},{"$i":"callLogEditDialog","ariaLabel":"Hívásnapló szerkesztése párbeszédablak"},{"$i":"connecting","$v":"Kapcsolódás"},{"$i":"connectingEllipsis","$v":"Connecting…"},{"$i":"call-forwarding-async","$v":["Asynchronous: ",{"t":"idOrVar","v":"async"}]},{"$i":"call-forwarding-data","$v":["Data: ",{"t":"idOrVar","v":"data"}]},{"$i":"call-forwarding-error","$v":"An error occurred while retrieving call forwarding status"},{"$i":"call-forwarding-fax","$v":["FAX: ",{"t":"idOrVar","v":"fax"}]},{"$i":"call-forwarding-inactive","$v":"Inactive"},{"$i":"call-forwarding-packet","$v":["Packet: ",{"t":"idOrVar","v":"packet"}]},{"$i":"call-forwarding-pad","$v":["PAD: ",{"t":"idOrVar","v":"pad"}]},{"$i":"call-forwarding-sms","$v":["SMS: ",{"t":"idOrVar","v":"sms"}]},{"$i":"call-forwarding-status","$v":"Call forwarding status"},{"$i":"call-forwarding-sync","$v":["Synchronous: ",{"t":"idOrVar","v":"sync"}]},{"$i":"call-forwarding-voice","$v":["Voice: ",{"t":"idOrVar","v":"voice"}]},{"$i":"confirm-deletion","$v":"Törli a kijelölt hívásokat?"},{"$i":"createNewContact","$v":"Új névjegy létrehozása"},{"$i":"dialerAddContact","ariaLabel":"Névjegy felvétele"},{"$i":"dialerAddContactDialog","ariaLabel":"Add Contact Dialog"},{"$i":"callInformation","$v":"Hívásinformáció"},{"$i":"edit-selected","$v":{"one":[{"t":"idOrVar","v":"n"}," kijelölve"],"two":[{"t":"idOrVar","v":"n"}," kijelölve"],"few":[{"t":"idOrVar","v":"n"}," kijelölve"],"many":[{"t":"idOrVar","v":"n"}," kijelölve"],"other":[{"t":"idOrVar","v":"n"}," kijelölve"]},"$x":[{"t":"idOrVar","v":"plural"},"n"]},{"$i":"hideKeypad","ariaLabel":"Tárcsázó elrejtése"},{"$i":"ignore","$v":"Hívás mellőzése"},{"$i":"incoming","$v":"Bejövő"},{"$i":"keypad","ariaLabel":"Tárcsázó"},{"$i":"info-missed","$v":"Nem fogadott"},{"$i":"missed","$v":"Nem fogadott","ariaLabel":"Nem fogadott"},{"$i":"canceled","$v":"Visszavonva"},{"$i":"missedCall","$v":"Nem fogadott hívás"},{"$i":"missedCallMultiSims","$v":["(",{"t":"idOrVar","v":"n"},". SIM) Nem fogadott hívás"]},{"$i":"mmi-error","$v":"Hiba lépett fel az üzenet elküldése közben"},{"$i":"mmi-session-expired","$v":"Munkamenet lejárt"},{"$i":"mmi-successfully-sent","$v":"Az üzenet elküldve"},{"$i":"mmi-notification-title-with-sim","$v":["(",{"t":"idOrVar","v":"sim"},") ",{"t":"idOrVar","v":"title"}]},{"$i":"mute","ariaLabel":"Némítás"},{"$i":"newCall","ariaLabel":"Új hívás"},{"$i":"no-logs-msg-1","$v":"Nincsenek feljegyzett hívások"},{"$i":"no-logs-msg-2","$v":"Kezdjen kommunikálni most"},{"$i":"no-logs-msg-3","$v":"Nincs nem fogadott hívás"},{"$i":"onHoldOption","ariaLabel":"On hold"},{"$i":"outgoing","$v":"Kimenő"},{"$i":"recents","ariaLabel":"Legutóbbi hívások"},{"$i":"reply","$v":"Válasz"},{"$i":"send","$v":"Küldés"},{"$i":"switch-calls","$v":"Hívásváltás"},{"$i":"withheld-number","$v":"Visszatartott szám"},{"$i":"from-contact","$v":["Tőle: ",{"t":"idOrVar","v":"contact"}]},{"$i":"from-number","$v":["Ettől: ",{"t":"idOrVar","v":"number"}]},{"$i":"from-withheld-number","$v":"Visszatartott számtól"},{"$i":"sending","$v":"Küldés…"},{"$i":"speakerOption","ariaLabel":"Hangszóró"},{"$i":"ussd-services","$v":[{"t":"idOrVar","v":"operator"}," szolgáltatások"]},{"$i":"toggleKeypad","ariaLabel":"Tárcsázó váltása"},{"$i":"type-your-response","placeholder":"Írja be válaszát…"},{"$i":"clear-all-text","$v":"Minden szöveg törlése"},{"$i":"hide","$v":"Elrejtés"},{"$i":"hold","ariaLabel":"Tartás"},{"$i":"resume","$v":"Folytatás","ariaLabel":"Folytatás"},{"$i":"sendSms","$v":"Üzenetküldés"},{"$i":"callEnded","$v":"Hívás befejezve"},{"$i":"via-sim","$v":[{"t":"idOrVar","v":"n"},". SIM-en"]},{"$i":"sim-number","$v":[{"t":"idOrVar","v":"n"},". SIM"]},{"$i":"unknown","$v":"Ismeretlen"},{"$i":"hangup-a11y-button","ariaLabel":"Lerakás"},{"$i":"pickup-a11y-button","ariaLabel":"Felvétel"},{"$i":"unlock-a11y-button","ariaLabel":"Csúszka"},{"$i":"settings","$v":"Beállítások"},{"$i":"delete-n-log?","$v":{"zero":"Nincs kiválasztva","one":"Törli a naplót?","two":["Töröl ",{"t":"idOrVar","v":"n"}," naplót?"],"few":["Töröl ",{"t":"idOrVar","v":"n"}," naplót?"],"many":["Töröl ",{"t":"idOrVar","v":"n"}," naplót?"],"other":["Töröl ",{"t":"idOrVar","v":"n"}," naplót?"]},"$x":[{"t":"idOrVar","v":"plural"},"n"]},{"$i":"callDurationMinutes","$v":[{"t":"idOrVar","v":"m"},":",{"t":"idOrVar","v":"s"}]},{"$i":"callDurationHours","$v":[{"t":"idOrVar","v":"h"},":",{"t":"idOrVar","v":"m"},":",{"t":"idOrVar","v":"s"}]},{"$i":"callDurationTextFormatSeconds","$v":[{"t":"idOrVar","v":"s"}," mp"]},{"$i":"callDurationTextFormatMinutes","$v":[{"t":"idOrVar","v":"m"}," p ",{"t":"idOrVar","v":"s"}," mp"]},{"$i":"callDurationTextFormatHours","$v":[{"t":"idOrVar","v":"h"}," ó ",{"t":"idOrVar","v":"m"}," p ",{"t":"idOrVar","v":"s"}," mp"]},{"$i":"suggestionMatches","$v":{"one":[{"t":"idOrVar","v":"n"}," találat erre: „",{"t":"idOrVar","v":"matchNumber"},"”"],"two":[{"t":"idOrVar","v":"n"}," találat erre: „",{"t":"idOrVar","v":"matchNumber"},"”"],"few":[{"t":"idOrVar","v":"n"}," találat erre: „",{"t":"idOrVar","v":"matchNumber"},"”"],"many":[{"t":"idOrVar","v":"n"}," találat erre: „",{"t":"idOrVar","v":"matchNumber"},"”"],"other":[{"t":"idOrVar","v":"n"}," találat erre: „",{"t":"idOrVar","v":"matchNumber"},"”"]},"$x":[{"t":"idOrVar","v":"plural"},"n"]},{"$i":"scCallBarring","$v":"Hívástiltás"},{"$i":"scCallForwarding","$v":"Hívástovábbítás"},{"$i":"scClip","$v":"Bejövő hívó"},{"$i":"scClir","$v":"Kimenő hívó"},{"$i":"scPwd","$v":"Jelszómódosítás"},{"$i":"scCallWaiting","$v":"Hívásvárakoztatás"},{"$i":"scPin","$v":"PIN-módosítás"},{"$i":"scPin2","$v":"PIN2-módosítás"},{"$i":"scPuk","$v":"PIN feloldása"},{"$i":"scPuk2","$v":"PIN2 feloldása"},{"$i":"scImei","$v":"IMEI"},{"$i":"scUssd","$v":"USSD"},{"$i":"serviceClassVoice","$v":"Hang"},{"$i":"serviceClassData","$v":"Adatok"},{"$i":"serviceClassFax","$v":"FAX"},{"$i":"serviceClassSms","$v":"SMS"},{"$i":"serviceClassDataSync","$v":"Szinkron"},{"$i":"serviceClassDataAsync","$v":"Aszinkron"},{"$i":"serviceClassPacket","$v":"Csomag"},{"$i":"serviceClassPad","$v":"PAD"},{"$i":"smServiceEnabled","$v":"Szolgáltatás bekapcsolva"},{"$i":"smServiceDisabled","$v":"Szolgáltatás kikapcsolva"},{"$i":"smServiceRegistered","$v":"Regisztráció sikeres"},{"$i":"smServiceErased","$v":"Törlés sikeres"},{"$i":"smServiceInterrogated","$v":"A kérés sikeres"},{"$i":"smServiceNotProvisioned","$v":"Szolgáltatás nem jött létre"},{"$i":"smClirPermanent","$v":"Nem módosíthatja a hívóazonosító beállítást"},{"$i":"smClirDefaultOnNextCallOn","$v":"A hívóazonosító alapbeállítása a korlátozott. Következő hívás: korlátozott"},{"$i":"smClirDefaultOnNextCallOff","$v":"A hívóazonosító alapbeállítása a korlátozott. Következő hívás: nem korlátozott"},{"$i":"smClirDefaultOffNextCallOn","$v":"A hívóazonosító alapbeállítása a nem korlátozott. Következő hívás: korlátozott"},{"$i":"smClirDefaultOffNextCallOff","$v":"A hívóazonosító alapbeállítása a nem korlátozott. Következő hívás: nem korlátozott"},{"$i":"smServiceEnabledFor","$v":"Szolgáltatás bekapcsolva ehhez:"},{"$i":"smPinChanged","$v":"A PIN módosítás sikeres"},{"$i":"smPinUnblocked","$v":"PIN blokkolás feloldva"},{"$i":"smPin2Changed","$v":"A PIN2 módosítás sikeres"},{"$i":"smPin2Unblocked","$v":"PIN2 blokkolás feloldva"},{"$i":"ServiceIsEnabled","$v":"Szolgáltatás bekapcsolva"},{"$i":"ServiceIsDisabled","$v":"Szolgáltatás kikapcsolva"},{"$i":"ServiceIsEnabledFor","$v":"Szolgáltatás bekapcsolva ehhez:"},{"$i":"emMmiError","$v":"Kapcsolatprobléma vagy érvénytelen MMI kód"},{"$i":"emMmiErrorPasswordIncorrect","$v":"Helytelen jelszó"},{"$i":"emMmiErrorNotSupported","$v":"Érvénytelen vagy nem támogatott MMI kód"},{"$i":"emMmiErrorInvalidAction","$v":"Érvénytelen művelet"},{"$i":"emMmiErrorInvalidScCode","$v":"Érvénytelen szolgáltatáskód"},{"$i":"emMmiErrorBadPuk","$v":"A beírt PUK helytelen"},{"$i":"emMmiErrorBadPin","$v":"A beírt régi PIN helytelen."},{"$i":"emMmiErrorNeedPuk2","$v":"Írja be a PUK2-t a SIM blokkolás feloldásához"},{"$i":"emMmiErrorMismatchPin","$v":"A beírt PIN-ek nem egyeznek"},{"$i":"emMmiErrorInvalidPin","$v":"4-8 számjegyű PIN-t írjon be"},{"$i":"emMmiErrorNeedsPuk","$v":"A SIM kártya a PUK kóddal zárolva van"},{"$i":"emMmiErrorEnablePin","$v":"Sikertelen. Kapcsolja be a SIM/RUIM LOCK-ot"},{"$i":"emMmiErrorMmiFdn","$v":"A működés a rögzített számok hívására van korlátozva"},{"$i":"emMmiErrorStkCcUssdDial","$v":"Az USSD kérés módosítva DIAL kérésre"},{"$i":"emMmiErrorStkCcUssdSs","$v":"Az USSD kérés módosítva SS kérésre"},{"$i":"emMmiErrorStkCcUssdUssd","$v":"Az USSD kérés módosítva új USSD kérésre"},{"$i":"emMmiErrorStkCcSsDial","$v":"Az SS kérés módosítva DIAL kérésre"},{"$i":"emMmiErrorStkCcSsUssd","$v":"Az SS kérés módosítva USSD kérésre"},{"$i":"emMmiErrorStkCcSsSs","$v":"Az SS kérés módosítva új SS kérésre"},{"$i":"emMmiErrorPinPukAttempts","$v":{"one":["Csak ",{"t":"idOrVar","v":"n"}," kísérlete van"],"two":[{"t":"idOrVar","v":"n"}," kísérlete van"],"few":[{"t":"idOrVar","v":"n"}," kísérlete van"],"many":[{"t":"idOrVar","v":"n"}," kísérlete van"],"other":[{"t":"idOrVar","v":"n"}," kísérlete van"]},"$x":[{"t":"idOrVar","v":"plural"},"n"]},{"$i":"emMmiErrorSimBlocked","$v":"A kísérletek maximális száma elérve. A SIM blokkolva"},{"$i":"RadioNotAvailable","$v":"Rádió nem érhető el"},{"$i":"GenericFailure","$v":"Általános hiba"},{"$i":"PasswordIncorrect","$v":"A jelszó helytelen"},{"$i":"SimPin2","$v":"SIM PIN2"},{"$i":"SimPuk2","$v":"SIM PUK2"},{"$i":"RequestNotSupported","$v":"A kérés nem támogatott"},{"$i":"OpNotAllowedDuringVoiceCall","$v":"A művelet nem engedélyezett hanghívás alatt"},{"$i":"SmsSendFailRetry","$v":"SMS küldési hiba, újra"},{"$i":"SimAbsent","$v":"Hiányzik a SIM"},{"$i":"SubscriptionNotAvailable","$v":"Az előfizetés nem érhető el"},{"$i":"ModeNotSupported","$v":"A mód nem támogatott"},{"$i":"FdnCheckFailure","$v":"Fdn ellenőrzési hiba"},{"$i":"IllegalSimOrMe","$v":"Illegális SIM vagy ME"},{"$i":"DialModifiedToUssd","$v":"Dial módosítva USSD-re"},{"$i":"DialModifiedToSs","$v":"Dial módosítva SS-re"},{"$i":"DialModifiedToDial","$v":"Dial módosítva dialra"},{"$i":"UssdModifiedToDial","$v":"USSD módosítva dialra"},{"$i":"UssdModifiedToSs","$v":"USSD módosítva SS-re"},{"$i":"UssdModifiedToUssd","$v":"USSD módosítva USSD-re"},{"$i":"SsModifiedToDial","$v":"SS módosítva dialra"},{"$i":"SsModifiedToUssd","$v":"SS módosítva USSD-re"},{"$i":"SsModifiedToSs","$v":"SS módosítva SS-re"},{"$i":"SubscriptionNotSupported","$v":"Az előfizetés nem támogatott"},{"$i":"InvalidParameter","$v":"Érvénytelen paraméter"},{"$i":"RejectedByRemote","$v":"A túloldal visszautasította"},{"$i":"conferenceCall","$v":["Konferencia (",{"t":"idOrVar","v":"n"},")"]},{"$i":"caller-left-call","$v":[{"t":"idOrVar","v":"caller"}," befejezte a hívást."]},{"$i":"conferenceAddError","$v":"Nem egyesíthetők a hívások"},{"$i":"conferenceRemoveError","$v":"Nem választhatók szét a hívások"},{"$i":"longDateFormat","$v":"%B %d. %A"},{"$i":"select-audio-sources","$v":"Hangforrás kiválasztása"},{"$i":"bluetooth-handsfree-device","$v":"Bluetooth kéz nélküli eszköz"},{"$i":"receiver","$v":"Vevő"},{"$i":"speaker","$v":"Hangszóró"},{"$i":"voicemailNoNumberTitle","$v":"A hangposta száma nem érhető el"},{"$i":"voicemailNoNumberText","$v":"A hangposta hívása sikertelen. Állítson be egy telefonszámot a híváshoz."},{"$i":"voicemailNoNumberSettings","$v":"Beállítások"},{"$i":"voicemailNoNumberCancel","$v":"Mégse"},{"$i":"phoneNumberInput","ariaLabel":"Telefonszám"},{"$i":"keypadDelete","ariaLabel":"Törlés"},{"$i":"voiceMailKey","ariaLabel":"Hangposta"},{"$i":"asterisk","ariaLabel":"Csillag"},{"$i":"hashSign","ariaLabel":"Kettőskereszt"},{"$i":"loadingSimContacts","$v":"Loading SIM card contacts…"},{"$i":"noContactsWereFound","$v":"No contacts were found"},{"$i":"noContactsFoundDialogOk","$v":"OK"},{"$i":"emergencyNumber","$v":"Segélyhívó szám"},{"$i":"callAirplaneModeMessage","$v":"Híváshoz ki kell kapcsolni a repülő módot a beállításokban."},{"$i":"callAirplaneModeBtnOk","$v":"OK"},{"$i":"callAirplaneModeTitle","$v":"A repülő mód be van kapcsolva"},{"$i":"numberIsBusyTitle","$v":"A szám foglalt"},{"$i":"numberIsBusyMessage","$v":"A szám jelenleg foglalt. Próbálja újra később."},{"$i":"fdnIsActiveTitle","$v":"FDN aktív"},{"$i":"fdnIsActiveMessage","$v":["Az FDN engedélyezve van, de a szám nincs rajta az FDN listán: ",{"t":"idOrVar","v":"number"}]},{"$i":"emergencyDialogBodyBadNumber","$v":"Hívás indításához a telefonnak csatlakoznia kell egy hálózathoz."},{"$i":"emergencyDialogBodyDeviceNotAccepted","$v":"A hálózat nem engedélyezi a segélyhívásokat."},{"$i":"emergencyDialogBtnOk","$v":"OK"},{"$i":"emergencyDialogTitle","$v":"Nincs hálózati kapcsolat"},{"$i":"invalidNumberToDialTitle","$v":"A szám érvénytelen"},{"$i":"invalidNumberToDialMessage","$v":"A hívott szám nem érvényes."},{"$i":"unableToCallTitle","$v":"Nem indítható telefonhívás"},{"$i":"unableToCallMessage","$v":"Nem indítható hívás. Ha már tárcsázott, előbb tegye le."},{"$i":"otherConnectionInUseTitle","$v":"Másik vonal használatban"},{"$i":"otherConnectionInUseMessage","$v":"A másik vonalon már van egy aktív hívása. Egyszerre csak egy vonal használható."}]