[{"$i":"close","$v":"Chiudi"},{"$i":"import","$v":"Importa"},{"$i":"update","$v":"Aggiorna"},{"$i":"fbFriends","$v":"Amici Facebook"},{"$i":"live-serviceName","$v":"Outlook"},{"$i":"gmail-serviceName","$v":"Gmail"},{"$i":"facebook-serviceName","$v":"Amici Facebook"},{"$i":"selectAll","$v":"Seleziona tutto"},{"$i":"deselectAll","$v":"Deseleziona tutto"},{"$i":"viewAll","$v":"Visualizza tutti gli amici di Facebook"},{"$i":"viewRecommend","$v":"Visualizza solo consigliati"},{"$i":"linkProposal","$v":{"zero":"Nessun amico corrispondente. Visualizzazione completa","one":"Seleziona l’elemento consigliato","two":"Seleziona elemento consigliato","few":"Seleziona elemento consigliato","many":"Seleziona elemento consigliato","other":"Seleziona elemento consigliato"},"$x":[{"t":"idOrVar","v":"plural"},"numFriends"]},{"$i":"fbFriendsFound","$v":{"zero":"Tutti i tuoi amici sono stati importati","one":"Trovato un amico da importare","two":["Trovati ",{"t":"idOrVar","v":"numFriends"}," amici da importare"],"few":["Trovati ",{"t":"idOrVar","v":"numFriends"}," amici da importare"],"many":["Trovati ",{"t":"idOrVar","v":"numFriends"}," amici da importare"],"other":["Trovati ",{"t":"idOrVar","v":"numFriends"}," amici da importare"]},"$x":[{"t":"idOrVar","v":"plural"},"numFriends"]},{"$i":"fbNoFriends","$v":"Nessun contatto disponibile da importare"},{"$i":"facebook","$v":"Facebook"},{"$i":"search-contact","placeholder":"Cerca"},{"$i":"noResults","$v":"Nessun contatto trovato"},{"$i":"done-search","$v":"Fine"},{"$i":"progressFB3ImportTitle","$v":"Importazione amici in Contatti"},{"$i":"progressFB","$v":[{"t":"idOrVar","v":"current"},"/",{"t":"idOrVar","v":"total"}]},{"$i":"progressFB3UpdateTitle","$v":"Aggiornamento amici in Contatti"},{"$i":"message2","$v":"Potrebbe richiedere alcuni minuti"},{"$i":"messageLinking","$v":"Attendere, collegamento degli amici con i contatti esistenti."},{"$i":"messageCanceling","$v":"Attendere, annullamento dell’operazione in corso."},{"$i":"error1","$v":["Errore ",{"t":"idOrVar","v":"from"}]},{"$i":"error2","$v":"Riprovare?"},{"$i":"errorProposal","$v":"determinazione proposta"},{"$i":"errorFriends","$v":"recupero amici"},{"$i":"errorLinking","$v":"collegamento contatto"},{"$i":"timeout1","$v":["Tempo esaurito per ",{"t":"idOrVar","v":"from"}]},{"$i":"timeout2","$v":"Riprovare?"},{"$i":"timeoutProposal","$v":"determinazione proposta"},{"$i":"timeoutFriends","$v":"recupero amici"},{"$i":"timeoutLinking","$v":"collegamento contatti"},{"$i":"wait1","$v":"Attendere"},{"$i":"wait2","$v":"Potrebbe richiedere alcuni minuti"},{"$i":"waitProposal","$v":"Attendere, determinazione proposta in corso."},{"$i":"waitFriends","$v":"Attendere, connessione in corso per ottenere l’elenco degli amici."},{"$i":"curtainCancel","$v":"Annulla"},{"$i":"curtainRetry","$v":"Riprova"},{"$i":"curtainOK","$v":"OK"},{"$i":"connectionLost","$v":"Nessuna connessione internet"},{"$i":"connectionLostMsg","$v":"Le foto degli amici non verranno aggiunte ai contatti. Continuare?"},{"$i":"yesOption","$v":"OK"},{"$i":"noOption","$v":"Annulla"},{"$i":"friendsUpdated","$v":{"zero":"Nessun amico aggiornato","one":"Un amico aggiornato","two":[{"t":"idOrVar","v":"numFriends"}," amici aggiornati"],"few":[{"t":"idOrVar","v":"numFriends"}," amici aggiornati"],"many":[{"t":"idOrVar","v":"numFriends"}," amici aggiornati"],"other":[{"t":"idOrVar","v":"numFriends"}," amici aggiornati"]},"$x":[{"t":"idOrVar","v":"plural"},"numFriends"]},{"$i":"friendsMerged","$v":{"zero":"Nessun amico duplicato unito","one":"Unito un amico duplicato","two":["Uniti ",{"t":"idOrVar","v":"numDups"}," amici"],"few":["Uniti ",{"t":"idOrVar","v":"numDups"}," amici"],"many":["Uniti ",{"t":"idOrVar","v":"numDups"}," amici"],"other":["Uniti ",{"t":"idOrVar","v":"numDups"}," amici"]},"$x":[{"t":"idOrVar","v":"plural"},"numDups"]},{"$i":"notificationLogin","$v":"La sessione di Facebook non è valida. Ripetere l’accesso."},{"$i":"syncError","$v":"SI è verificato un errore durante la sincronizzazione dei dati degli amici"},{"$i":"waitDuplicateContacts","$v":"Ricerca di contatti duplicati"},{"$i":"waitMergingDuplicateContacts","$v":"Unione dei contatti duplicati"},{"$i":"alertNoDuplicateContacts","$v":"Nessun contatto duplicato"},{"$i":"merge","ariaLabel":"Unisci"},{"$i":"mergeDuplicateTitle","$v":"Unisci duplicati"},{"$i":"suggestedDuplicateContacts","$v":["Suggerimento contatti duplicati per ",{"t":"idOrVar","v":"name"}]},{"$i":"mergeActionButtonLabel","$v":{"zero":"Nessun contatto selezionato","one":["Unisci con ",{"t":"idOrVar","v":"n"}," contatto"],"two":["Unisci con ",{"t":"idOrVar","v":"n"}," contatti"],"few":["Unisci con ",{"t":"idOrVar","v":"n"}," contatti"],"many":["Unisci con ",{"t":"idOrVar","v":"n"}," contatti"],"other":["Unisci con ",{"t":"idOrVar","v":"n"}," contatti"]},"$x":[{"t":"idOrVar","v":"plural"},"n"]},{"$i":"duplicatesFoundTitle","$v":"Contatto duplicato"},{"$i":"duplicatesFoundMessage","$v":[{"t":"idOrVar","v":"name"}," presenta informazioni duplicate rispetto ai seguenti contatti"]},{"$i":"ok","$v":"OK"},{"$i":"gaia-menu-cancel","$v":"Annulla"},{"$i":"gaia-sim-picker-dial-via-with-number","$v":["Componi ",{"t":"idOrVar","v":"phoneNumber"}," con"]},{"$i":"gaia-sim-picker-select-sim","$v":"Seleziona SIM"},{"$i":"gaia-sim-picker-button","$v":["SIM ",{"t":"idOrVar","v":"n"}]},{"$i":"gaia-sim-picker-button-default","$v":"(predefinita)"},{"$i":"call","$v":"Chiama"},{"$i":"edit","$v":"Modifica"},{"$i":"cancel","$v":"Annulla"},{"$i":"done","$v":"Fine"},{"$i":"retry","$v":"Riprova"},{"$i":"contacts","$v":"Contatti"},{"$i":"addContact","$v":"Aggiungi contatto"},{"$i":"deleteContact","$v":"Elimina contatto"},{"$i":"selectContact","$v":"Seleziona contatto"},{"$i":"editContact","$v":"Modifica"},{"$i":"deleteConfirmMsg","$v":"Eliminare il contatto?"},{"$i":"remove","$v":"Elimina"},{"$i":"delete","$v":"Elimina"},{"$i":"comments","$v":"Commenti"},{"$i":"no_contact_phones","$v":"Questo contatto non ha un numero di telefono"},{"$i":"no_contact_email","$v":"Questo contatto non ha un indirizzo email"},{"$i":"no_contact_data","$v":"Questo contatto non ha un numero di telefono né un indirizzo email "},{"$i":"removePhotoConfirm","$v":"Eliminare la foto del contatto?"},{"$i":"loadingContacts","$v":"Caricamento contatti…"},{"$i":"noContactsActivity2","$v":"Nessun contatto presente nella lista dei contatti"},{"$i":"noName","$v":"Nessun nome"},{"$i":"givenName","placeholder":"Nome"},{"$i":"familyName","placeholder":"Cognome"},{"$i":"tel","placeholder":"Telefono"},{"$i":"carrier","$v":"Gestore","placeholder":"Gestore"},{"$i":"separator","$v":","},{"$i":"email","$v":"Email","placeholder":"Email"},{"$i":"streetAddress","placeholder":"Via"},{"$i":"postalCode","placeholder":"CAP"},{"$i":"locality","placeholder":"Città"},{"$i":"countryName","placeholder":"Nazione"},{"$i":"comment","placeholder":"Commento"},{"$i":"org","placeholder":"Azienda"},{"$i":"date","$v":"Data","placeholder":"Data"},{"$i":"date-span-placeholder","$v":"Data"},{"$i":"birthday","$v":"Compleanno"},{"$i":"dateFormat","$v":"%e %B"},{"$i":"dateOutput","$v":[{"t":"idOrVar","v":"dayMonthFormatted"}," ",{"t":"idOrVar","v":"year"}]},{"$i":"anniversary","$v":"Anniversario"},{"$i":"addPhoto","$v":"Aggiungi foto"},{"$i":"addPhone","$v":"Aggiungi telefono"},{"$i":"addEmail","$v":"Aggiungi email"},{"$i":"addAddress","$v":"Aggiungi indirizzo"},{"$i":"addDate","$v":"Aggiungi data"},{"$i":"addComment","$v":"Aggiungi commento"},{"$i":"addFavorite","$v":"Aggiungi ai preferiti"},{"$i":"removeFavorite","$v":"Elimina dai preferiti"},{"$i":"addButton","ariaLabel":"Aggiungi"},{"$i":"editButton","ariaLabel":"Modifica"},{"$i":"settingsButton","ariaLabel":"Impostazioni"},{"$i":"phoneDetail","ariaLabel":"Telefono"},{"$i":"emailDetail","ariaLabel":"Email"},{"$i":"addressDetail","ariaLabel":"Indirizzo"},{"$i":"dateDetail","ariaLabel":"Data"},{"$i":"composeEmail","ariaLabel":"Email"},{"$i":"makeCall","ariaLabel":"Chiama"},{"$i":"phones","ariaLabel":"Telefoni"},{"$i":"emails","ariaLabel":"Email"},{"$i":"addresses","ariaLabel":"Indirizzi"},{"$i":"dates","ariaLabel":"Date"},{"$i":"notes","ariaLabel":"Note"},{"$i":"exit","$v":"Esci"},{"$i":"expand","$v":"Espandi"},{"$i":"labelName","$v":"Nome:"},{"$i":"labelLastName","$v":"Cognome:"},{"$i":"labelPhoneNumber","$v":"Numero di telefono:"},{"$i":"labelCarrier","$v":"Gestore:"},{"$i":"labelEmail","$v":"Email:"},{"$i":"labelStreet","$v":"Via:"},{"$i":"labelZip","$v":"CAP:"},{"$i":"labelCity","$v":"Città:"},{"$i":"labelCountry","$v":"Nazione:"},{"$i":"labelComment","$v":"Commento:"},{"$i":"legendTitleMain","$v":"Informazioni principali"},{"$i":"legendPhones","$v":"Numeri di telefono"},{"$i":"legendEmail","$v":"Indirizzo email"},{"$i":"legendAddress","$v":"Indirizzo"},{"$i":"transferContactsTitle","$v":"Trasferisci contatti"},{"$i":"importContactsTitle","$v":"Importa contatti"},{"$i":"importContactsButton","$v":"Importa contatti"},{"$i":"exportContactsTitle","$v":"Esporta contatti"},{"$i":"exportContactsButton","$v":"Esporta contatti"},{"$i":"exportContactsAction","$v":"Esporta"},{"$i":"simExport-title","$v":"Esporta su SIM"},{"$i":"memoryCardExport-title","$v":"Esporta su scheda di memoria"},{"$i":"btExport-title","$v":"Esporta con bluetooth"},{"$i":"memoryCardUMSEnabled","$v":"Impossibile utilizzare la scheda di memoria in quanto è attiva la funzione memoria USB"},{"$i":"exportErrorTitle","$v":"Errore esportazione"},{"$i":"contactsExported2","$v":{"zero":"Nessun contatto esportato","one":[{"t":"idOrVar","v":"exported"},"/",{"t":"idOrVar","v":"total"}," contatti esportati"],"two":[{"t":"idOrVar","v":"exported"},"/",{"t":"idOrVar","v":"total"}," contatti esportati"],"few":[{"t":"idOrVar","v":"exported"},"/",{"t":"idOrVar","v":"total"}," contatti esportati"],"many":[{"t":"idOrVar","v":"exported"},"/",{"t":"idOrVar","v":"total"}," contatti esportati"],"other":[{"t":"idOrVar","v":"exported"},"/",{"t":"idOrVar","v":"total"}," contatti esportati"]},"$x":[{"t":"idOrVar","v":"plural"},"exported"]},{"$i":"exportError-general","$v":"Si è verificato un errore nell’esportazione"},{"$i":"exportError-SD-shared","$v":"Impossibile accedere alla scheda di memoria in quanto attualmente condivisa"},{"$i":"exportError-SD-unavailable","$v":"Scheda di memoria non disponibile"},{"$i":"exportError-SD-noSpace","$v":"Spazio disponibile sulla scheda di memoria insufficiente per esportare i contatti"},{"$i":"exportError-SIM-unavailable","$v":"Scheda SIM non disponibile"},{"$i":"exportError-BT-shared","$v":"Impossibile accedere alla scheda di memoria in quanto attualmente condivisa"},{"$i":"exportError-BT-unavailable","$v":"Scheda di memoria non disponibile"},{"$i":"exportError-BT-noSpace","$v":"Spazio disponibile sulla scheda di memoria insufficiente per esportare i contatti"},{"$i":"social-network","$v":"Social network"},{"$i":"social-link","$v":"Collega contatto"},{"$i":"social-unlink","$v":"Scollega contatto"},{"$i":"social-unlink-confirm-title","$v":"Scollegare i propri amici?"},{"$i":"social-unlink-confirm-accept","$v":"Scollega"},{"$i":"facebook-import","$v":"Importa amici da Facebook"},{"$i":"show-fb-profile","$v":"Visualizza profilo Facebook"},{"$i":"msg-send","$v":"Messaggio"},{"$i":"wall-post","$v":"Bacheca"},{"$i":"share-contact","$v":"Condividi contatto"},{"$i":"facebook-export-forbidden","$v":"Il contatto non può essere condiviso a causa di limitazioni imposte da Facebook."},{"$i":"otherAccount","$v":"Altri account"},{"$i":"facebookSwitchMsg","$v":"Sincronizza amici"},{"$i":"select_mobile","$v":"Seleziona cellulare"},{"$i":"select_email","$v":"Seleziona email"},{"$i":"select_recipient","$v":"Seleziona destinatario"},{"$i":"contactsOrderBy","$v":"Ordina per cognome"},{"$i":"importSim2","$v":"Scheda SIM"},{"$i":"importGmail","$v":"Gmail"},{"$i":"bluetooth","$v":"Bluetooth"},{"$i":"importOutlook","$v":"Outlook"},{"$i":"fbUpdateFriends","$v":"Aggiorna amici importati"},{"$i":"cleaningFbData","$v":"Rimozione dati Facebook"},{"$i":"loggingOutFb","$v":"Disconnessione da Facebook"},{"$i":"cleanFbConfirmMsg","$v":"Rimuovere tutti i dati di Facebook?"},{"$i":"renewPwdMsg","$v":"La password di Facebook è cambiata. Aggiornarla."},{"$i":"notEnabledYet","$v":"Attualmente non attivo"},{"$i":"genericNoConnection","$v":"Per importare i contatti attivare una connessione dati o Wi-Fi"},{"$i":"simCard","$v":"Scheda SIM"},{"$i":"memoryCard","$v":"Scheda di memoria"},{"$i":"simNumberNoMSISDN","$v":["SIM ",{"t":"idOrVar","v":"number"},":"]},{"$i":"simNumberWithMSISDN","$v":["SIM ",{"t":"idOrVar","v":"number"},": ",{"t":"idOrVar","v":"msisdn"}]},{"$i":"ICEContactsGroup","$v":"Contatti ICE"},{"$i":"setICEButton","$v":"Imposta contatti ICE"},{"$i":"ICESettingTitle","$v":"Contatti ICE"},{"$i":"ICEDescription","$v":"Aggiungi due contatti da utilizzare “in caso di emergenza” (ICE)."},{"$i":"ICEContact1","$v":"Contatto ICE 1"},{"$i":"ICESelectContact","$v":"Seleziona un contatto"},{"$i":"ICEContact2","$v":"Contatto ICE 2"},{"$i":"ICERepeatedContact","$v":"Questo elemento è già presente tra i contatti ICE"},{"$i":"ICEUnknownError","$v":"Si è verificato un errore durante l’impostazione come contatto ICE"},{"$i":"ICEContactNoNumber","$v":"Questo contatto non ha un numero di telefono"},{"$i":"ICEFacebookContactNotAllowed","$v":"I contatti Facebook non possono essere impostati come contatti ICE."},{"$i":"ICEContactDelTel","$v":"I numeri di telefono eliminati vengono rimossi dal contatto ICE"},{"$i":"ICEContactDelTelAll","$v":"Tutti i numeri sono stati eliminati. Questo contatto verrà rimosso dai contatti ICE."},{"$i":"no-contacts","$v":"Nessun contatto"},{"$i":"start-adding","$v":"Inizia subito ad aggiungerne"},{"$i":"notImported","$v":"Non importato"},{"$i":"imported","$v":"Importato"},{"$i":"today","$v":"Oggi"},{"$i":"yesterday","$v":"Ieri"},{"$i":"organise-contacts","$v":"Organizza contatti"},{"$i":"find-merge-contacts","$v":"Trova contatti duplicati"},{"$i":"preparing-contacts","$v":"Preparazione contatti"},{"$i":"exportError-SIM-NoFreeRecordFound","$v":"Spazio esaurito sulla SIM"},{"$i":"exportError-SIM-CannotAccessPhoneBook","$v":"Impossibile accedere alla rubrica della SIM"},{"$i":"exportError-SIM-Unavailable","$v":"Nessuna SIM presente"},{"$i":"exportError-SIM-GenericError","$v":"Si è verificato un errore nell’esportazione dei contatti"},{"$i":"noSimMsgExport","$v":"Per esportare i contatti inserire o sbloccare la scheda SIM"},{"$i":"noMemoryCardMsgExport","$v":"Inserire una scheda di memoria per esportare i contatti"},{"$i":"ContactManagementTitle","$v":"Gestione contatti"},{"$i":"DeleteTitle","$v":"Elimina"},{"$i":"bulkDeleteButton","$v":"Elimina contatti"},{"$i":"BulkDelCancel","$v":"Operazione annullata"},{"$i":"DeletedTxt","$v":{"zero":"Nessun contatto da eliminare","one":"1 contatto eliminato","two":[{"t":"idOrVar","v":"n"}," contatti eliminati"],"few":[{"t":"idOrVar","v":"n"}," contatti eliminati"],"many":[{"t":"idOrVar","v":"n"}," contatti eliminati"],"other":[{"t":"idOrVar","v":"n"}," contatti eliminati"]},"$x":[{"t":"idOrVar","v":"plural"},"n"]},{"$i":"DeletingContacts","$v":"Eliminazione contatti"},{"$i":"ContactConfirmDel","$v":{"zero":"Nessun contatto da eliminare","one":"Eliminare 1 contatto? L’operazione non può essere annullata.","two":["Eliminare ",{"t":"idOrVar","v":"n"}," contatti? L’operazione non può essere annullata."],"few":["Eliminare ",{"t":"idOrVar","v":"n"}," contatti? L’operazione non può essere annullata."],"many":["Eliminare ",{"t":"idOrVar","v":"n"}," contatti? L’operazione non può essere annullata."],"other":["Eliminare ",{"t":"idOrVar","v":"n"}," contatti? L’operazione non può essere annullata."]},"$x":[{"t":"idOrVar","v":"plural"},"n"]},{"$i":"SelectedTxt","$v":{"zero":"Contatti","one":[{"t":"idOrVar","v":"n"}," selezionato"],"two":[{"t":"idOrVar","v":"n"}," selezionati"],"few":[{"t":"idOrVar","v":"n"}," selezionati"],"many":[{"t":"idOrVar","v":"n"}," selezionati"],"other":[{"t":"idOrVar","v":"n"}," selezionati"]},"$x":[{"t":"idOrVar","v":"plural"},"n"]},{"$i":"video","$v":"Video"},{"$i":"audio","$v":"Audio"},{"$i":"pick_destination","$v":[{"t":"idOrVar","v":"destination"}," ",{"t":"idOrVar","v":"carrier"}]},{"$i":"removeField","ariaLabel":"Elimina"},{"$i":"undo","ariaLabel":"Annulla"},{"$i":"send-sms-button","ariaLabel":"SMS"},{"$i":"ice_contacts","$v":"Contatti ICE"},{"$i":"edit-picture","$v":"Modifica foto"},{"$i":"remove-photo","$v":"Elimina foto"},{"$i":"change-photo","$v":"Modifica foto"},{"$i":"photo-options","$v":"Opzioni foto"},{"$i":"vCardContacts-imported","$v":{"zero":"No contacts imported","one":"Imported one contact","two":["Imported ",{"t":"idOrVar","v":"n"}," contacts"],"few":["Imported ",{"t":"idOrVar","v":"n"}," contacts"],"many":["Imported ",{"t":"idOrVar","v":"n"}," contacts"],"other":["Imported ",{"t":"idOrVar","v":"n"}," contacts"]},"$x":[{"t":"idOrVar","v":"plural"},"n"]},{"$i":"voiceMail","$v":"Segreteria"},{"$i":"back","$v":"Indietro"},{"$i":"noSimMsg","$v":"Per importare i contatti inserire o sbloccare la scheda SIM"},{"$i":"noMemoryCardMsg","$v":"Inserire una scheda di memoria per importare i contatti"},{"$i":"importMemoryCard","$v":"Scheda di memoria"},{"$i":"noConnection11","$v":"Per importare amici da Facebook o contatti attivare una connessione Wi-Fi o dati"},{"$i":"emptyAccount","$v":"Nessun contatto o amico disponibile per questo account."},{"$i":"simContacts-import","$v":"Importa contatti SIM"},{"$i":"simContacts-importing","$v":"Importazione contatti SIM…"},{"$i":"simContacts-reading","$v":"Lettura SIM…"},{"$i":"simContacts-error","$v":"Impossibile importare contatti dalla scheda SIM"},{"$i":"simContacts-imported3","$v":{"zero":"Non sono stati trovati contatti da importare sulla SIM","one":"Importato un contatto","two":["Importati ",{"t":"idOrVar","v":"n"}," contatti"],"few":["Importati ",{"t":"idOrVar","v":"n"}," contatti"],"many":["Importati ",{"t":"idOrVar","v":"n"}," contatti"],"other":["Importati ",{"t":"idOrVar","v":"n"}," contatti"]},"$x":[{"t":"idOrVar","v":"plural"},"n"]},{"$i":"memoryCardContacts-import","$v":"Importa contatti da scheda di memoria"},{"$i":"memoryCardContacts-importing","$v":"Importazione contatti da scheda di memoria…"},{"$i":"memoryCardContacts-reading","$v":"Lettura scheda di memoria…"},{"$i":"memoryCardContacts-error","$v":"Impossibile importare i contatti dalla scheda di memoria"},{"$i":"memoryCardContacts-imported3","$v":{"zero":"Non sono stati trovati contatti da importare sulla scheda di memoria","one":"Importato un contatto","two":["Importati ",{"t":"idOrVar","v":"n"}," contatti"],"few":["Importati ",{"t":"idOrVar","v":"n"}," contatti"],"many":["Importati ",{"t":"idOrVar","v":"n"}," contatti"],"other":["Importati ",{"t":"idOrVar","v":"n"}," contatti"]},"$x":[{"t":"idOrVar","v":"plural"},"n"]},{"$i":"genericProgress","$v":[{"t":"idOrVar","v":"current"},"/",{"t":"idOrVar","v":"total"}]},{"$i":"facebook-import-msg2","$v":[{"t":"idOrVar","v":"imported"},"/",{"t":"idOrVar","v":"total"}," amici importati"]},{"$i":"contactsMerged","$v":{"zero":"Nessun contatto duplicato unito","one":"Unito un contatto duplicato","two":["Uniti ",{"t":"idOrVar","v":"numDups"}," contatti"],"few":["Uniti ",{"t":"idOrVar","v":"numDups"}," contatti"],"many":["Uniti ",{"t":"idOrVar","v":"numDups"}," contatti"],"other":["Uniti ",{"t":"idOrVar","v":"numDups"}," contatti"]},"$x":[{"t":"idOrVar","v":"plural"},"numDups"]},{"$i":"weekday-0-long","$v":"domenica"},{"$i":"weekday-1-long","$v":"lunedì"},{"$i":"weekday-2-long","$v":"martedì"},{"$i":"weekday-3-long","$v":"mercoledì"},{"$i":"weekday-4-long","$v":"giovedì"},{"$i":"weekday-5-long","$v":"venerdì"},{"$i":"weekday-6-long","$v":"sabato"},{"$i":"weekday-0-short","$v":"dom"},{"$i":"weekday-1-short","$v":"lun"},{"$i":"weekday-2-short","$v":"mar"},{"$i":"weekday-3-short","$v":"mer"},{"$i":"weekday-4-short","$v":"gio"},{"$i":"weekday-5-short","$v":"ven"},{"$i":"weekday-6-short","$v":"sab"},{"$i":"month-0-long","$v":"gennaio"},{"$i":"month-1-long","$v":"febbraio"},{"$i":"month-2-long","$v":"marzo"},{"$i":"month-3-long","$v":"aprile"},{"$i":"month-4-long","$v":"maggio"},{"$i":"month-5-long","$v":"giugno"},{"$i":"month-6-long","$v":"luglio"},{"$i":"month-7-long","$v":"agosto"},{"$i":"month-8-long","$v":"settembre"},{"$i":"month-9-long","$v":"ottobre"},{"$i":"month-10-long","$v":"novembre"},{"$i":"month-11-long","$v":"dicembre"},{"$i":"month-0-genitive","$v":"gennaio"},{"$i":"month-1-genitive","$v":"febbraio"},{"$i":"month-2-genitive","$v":"marzo"},{"$i":"month-3-genitive","$v":"aprile"},{"$i":"month-4-genitive","$v":"maggio"},{"$i":"month-5-genitive","$v":"giugno"},{"$i":"month-6-genitive","$v":"luglio"},{"$i":"month-7-genitive","$v":"agosto"},{"$i":"month-8-genitive","$v":"settembre"},{"$i":"month-9-genitive","$v":"ottobre"},{"$i":"month-10-genitive","$v":"novembre"},{"$i":"month-11-genitive","$v":"dicembre"},{"$i":"month-0-short","$v":"gen"},{"$i":"month-1-short","$v":"feb"},{"$i":"month-2-short","$v":"mar"},{"$i":"month-3-short","$v":"apr"},{"$i":"month-4-short","$v":"mag"},{"$i":"month-5-short","$v":"giu"},{"$i":"month-6-short","$v":"lug"},{"$i":"month-7-short","$v":"ago"},{"$i":"month-8-short","$v":"set"},{"$i":"month-9-short","$v":"ott"},{"$i":"month-10-short","$v":"nov"},{"$i":"month-11-short","$v":"dic"},{"$i":"minutes-ago-long","$v":{"zero":"adesso","one":"un minuto fa","two":[{"t":"idOrVar","v":"value"}," minuti fa"],"few":[{"t":"idOrVar","v":"value"}," minuti fa"],"many":[{"t":"idOrVar","v":"value"}," minuti fa"],"other":[{"t":"idOrVar","v":"value"}," minuti fa"]},"$x":[{"t":"idOrVar","v":"plural"},"value"]},{"$i":"hours-ago-long","$v":{"zero":"adesso","one":"un’ora fa","two":[{"t":"idOrVar","v":"value"}," ore fa"],"few":[{"t":"idOrVar","v":"value"}," ore fa"],"many":[{"t":"idOrVar","v":"value"}," ore fa"],"other":[{"t":"idOrVar","v":"value"}," ore fa"]},"$x":[{"t":"idOrVar","v":"plural"},"value"]},{"$i":"days-ago-long","$v":{"zero":"oggi","one":"ieri","two":[{"t":"idOrVar","v":"value"}," giorni fa"],"few":[{"t":"idOrVar","v":"value"}," giorni fa"],"many":[{"t":"idOrVar","v":"value"}," giorni fa"],"other":[{"t":"idOrVar","v":"value"}," giorni fa"]},"$x":[{"t":"idOrVar","v":"plural"},"value"]},{"$i":"weeks-ago-long","$v":{"zero":"questa settimana","one":"settimana scorsa","two":[{"t":"idOrVar","v":"value"}," settimane fa"],"few":[{"t":"idOrVar","v":"value"}," settimane fa"],"many":[{"t":"idOrVar","v":"value"}," settimane fa"],"other":[{"t":"idOrVar","v":"value"}," settimane fa"]},"$x":[{"t":"idOrVar","v":"plural"},"value"]},{"$i":"months-ago-long","$v":{"zero":"questo mese","one":"mese scorso","two":[{"t":"idOrVar","v":"value"}," mesi fa"],"few":[{"t":"idOrVar","v":"value"}," mesi fa"],"many":[{"t":"idOrVar","v":"value"}," mesi fa"],"other":[{"t":"idOrVar","v":"value"}," mesi fa"]},"$x":[{"t":"idOrVar","v":"plural"},"value"]},{"$i":"years-ago-long","$v":{"zero":"quest’anno","one":"anno scorso","two":[{"t":"idOrVar","v":"value"}," anni fa"],"few":[{"t":"idOrVar","v":"value"}," anni fa"],"many":[{"t":"idOrVar","v":"value"}," anni fa"],"other":[{"t":"idOrVar","v":"value"}," anni fa"]},"$x":[{"t":"idOrVar","v":"plural"},"value"]},{"$i":"minutes-until-long","$v":{"zero":"adesso","one":"tra un minuto","two":["tra ",{"t":"idOrVar","v":"value"}," minuti"],"few":["tra ",{"t":"idOrVar","v":"value"}," minuti"],"many":["tra ",{"t":"idOrVar","v":"value"}," minuti"],"other":["tra ",{"t":"idOrVar","v":"value"}," minuti"]},"$x":[{"t":"idOrVar","v":"plural"},"value"]},{"$i":"hours-until-long","$v":{"zero":"adesso","one":"tra un’ora","two":["tra ",{"t":"idOrVar","v":"value"}," ore"],"few":["tra ",{"t":"idOrVar","v":"value"}," ore"],"many":["tra ",{"t":"idOrVar","v":"value"}," ore"],"other":["tra ",{"t":"idOrVar","v":"value"}," ore"]},"$x":[{"t":"idOrVar","v":"plural"},"value"]},{"$i":"days-until-long","$v":{"zero":"oggi","one":"domani","two":["tra ",{"t":"idOrVar","v":"value"}," giorni"],"few":["tra ",{"t":"idOrVar","v":"value"}," giorni"],"many":["tra ",{"t":"idOrVar","v":"value"}," giorni"],"other":["tra ",{"t":"idOrVar","v":"value"}," giorni"]},"$x":[{"t":"idOrVar","v":"plural"},"value"]},{"$i":"weeks-until-long","$v":{"zero":"questa settimana","one":"prossima settimana","two":["tra ",{"t":"idOrVar","v":"value"}," settimane"],"few":["tra ",{"t":"idOrVar","v":"value"}," settimane"],"many":["tra ",{"t":"idOrVar","v":"value"}," settimane"],"other":["tra ",{"t":"idOrVar","v":"value"}," settimane"]},"$x":[{"t":"idOrVar","v":"plural"},"value"]},{"$i":"months-until-long","$v":{"zero":"questo mese","one":"prossimo mese","two":["in ",{"t":"idOrVar","v":"value"}," mesi"],"few":["tra ",{"t":"idOrVar","v":"value"}," mesi"],"many":["tra ",{"t":"idOrVar","v":"value"}," mesi"],"other":["in ",{"t":"idOrVar","v":"value"}," mesi"]},"$x":[{"t":"idOrVar","v":"plural"},"value"]},{"$i":"years-until-long","$v":{"zero":"quest’anno","one":"prossimo anno","two":["tra ",{"t":"idOrVar","v":"value"}," anni"],"few":["tra ",{"t":"idOrVar","v":"value"}," anni"],"many":["tra ",{"t":"idOrVar","v":"value"}," anni"],"other":["tra ",{"t":"idOrVar","v":"value"}," anni"]},"$x":[{"t":"idOrVar","v":"plural"},"value"]},{"$i":"minutes-ago-short","$v":{"zero":"adesso","other":[{"t":"idOrVar","v":"value"},"m fa"]},"$x":[{"t":"idOrVar","v":"plural"},"value"]},{"$i":"hours-ago-short","$v":{"zero":"adesso","other":[{"t":"idOrVar","v":"value"},"h fa"]},"$x":[{"t":"idOrVar","v":"plural"},"value"]},{"$i":"days-ago-short","$v":{"zero":"oggi","other":[{"t":"idOrVar","v":"value"},"g fa"]},"$x":[{"t":"idOrVar","v":"plural"},"value"]},{"$i":"minutes-until-short","$v":{"zero":"adesso","other":["tra ",{"t":"idOrVar","v":"value"},"m"]},"$x":[{"t":"idOrVar","v":"plural"},"value"]},{"$i":"hours-until-short","$v":{"zero":"adesso","other":["tra ",{"t":"idOrVar","v":"value"},"h"]},"$x":[{"t":"idOrVar","v":"plural"},"value"]},{"$i":"days-until-short","$v":{"zero":"oggi","other":["tra ",{"t":"idOrVar","v":"value"},"g"]},"$x":[{"t":"idOrVar","v":"plural"},"value"]},{"$i":"incorrectDate","$v":"(data errata)"},{"$i":"dateTimeFormat_%c","$v":"%a %e %b %Y %H:%M:%S"},{"$i":"dateTimeFormat_%x","$v":"%d/%m/%Y"},{"$i":"dateTimeFormat_%X","$v":"%H:%M:%S"},{"$i":"shortTimeFormat","$v":"%H:%M"},{"$i":"shortTimeFormat12","$v":"%I:%M %p"},{"$i":"shortTimeFormat24","$v":"%H:%M"},{"$i":"shortDateTimeFormat","$v":"%x %H:%M"},{"$i":"weekStartsOnMonday","$v":"1"},{"$i":"firstDayOfTheWeek","$v":"1"},{"$i":"time_am","$v":"AM"},{"$i":"time_pm","$v":"PM"},{"$i":"label","$v":"Etichetta"},{"$i":"mobile","$v":"Cellulare"},{"$i":"home","$v":"Casa"},{"$i":"work","$v":"Lavoro"},{"$i":"personal","$v":"Personale"},{"$i":"faxHome","$v":"Fax casa"},{"$i":"faxOffice","$v":"Fax ufficio"},{"$i":"faxOther","$v":"Altro fax"},{"$i":"another","$v":"Altro"},{"$i":"other","$v":"Altro"},{"$i":"customTag","placeholder":"Personalizzato"},{"$i":"current","$v":"Corrente"},{"$i":"itemWithLabel","$v":[{"t":"idOrVar","v":"label"},": ",{"t":"idOrVar","v":"item"}]},{"$i":"addNewNumber","$v":"Aggiungi nuovo numero"},{"$i":"contactDetails","$v":"Dettagli contatto"},{"$i":"addToExistingContact","$v":"Aggiungi a contatto esistente"},{"$i":"all","$v":"Tutte","ariaLabel":"Tutte"},{"$i":"bluetoothOption","ariaLabel":"Bluetooth"},{"$i":"callLog","$v":"Registro chiamate"},{"$i":"callLogEdit","title":"Modifica registro chiamate"},{"$i":"callLogEditDialog","ariaLabel":"Modifica registro chiamate"},{"$i":"connecting","$v":"Connessione"},{"$i":"connectingEllipsis","$v":"Connessione…"},{"$i":"call-forwarding-async","$v":["Asincrono: ",{"t":"idOrVar","v":"async"}]},{"$i":"call-forwarding-data","$v":["Dati: ",{"t":"idOrVar","v":"data"}]},{"$i":"call-forwarding-error","$v":"Si è verificato un errore durante il recupero dello stato di inoltro chiamata"},{"$i":"call-forwarding-fax","$v":["FAX: ",{"t":"idOrVar","v":"fax"}]},{"$i":"call-forwarding-inactive","$v":"Disattivato"},{"$i":"call-forwarding-packet","$v":["Pacchetto: ",{"t":"idOrVar","v":"packet"}]},{"$i":"call-forwarding-pad","$v":["PAD: ",{"t":"idOrVar","v":"pad"}]},{"$i":"call-forwarding-sms","$v":["SMS: ",{"t":"idOrVar","v":"sms"}]},{"$i":"call-forwarding-status","$v":"Stato inoltro chiamata"},{"$i":"call-forwarding-sync","$v":["Sincrono: ",{"t":"idOrVar","v":"sync"}]},{"$i":"call-forwarding-voice","$v":["Voce: ",{"t":"idOrVar","v":"voice"}]},{"$i":"confirm-deletion","$v":"Eliminare le chiamate selezionate?"},{"$i":"createNewContact","$v":"Crea nuovo contatto"},{"$i":"dialerAddContact","ariaLabel":"Aggiungi contatto"},{"$i":"dialerAddContactDialog","ariaLabel":"Finestra aggiungi contatto"},{"$i":"callInformation","$v":"Informazioni chiamata"},{"$i":"edit-selected","$v":{"one":[{"t":"idOrVar","v":"n"}," selezionata"],"two":[{"t":"idOrVar","v":"n"}," selezionate"],"few":[{"t":"idOrVar","v":"n"}," selezionate"],"many":[{"t":"idOrVar","v":"n"}," selezionate"],"other":[{"t":"idOrVar","v":"n"}," selezionate"]},"$x":[{"t":"idOrVar","v":"plural"},"n"]},{"$i":"hideKeypad","ariaLabel":"Nascondi tastiera"},{"$i":"ignore","$v":"Ignora chiamata"},{"$i":"incoming","$v":"In entrata"},{"$i":"keypad","ariaLabel":"Tastiera"},{"$i":"info-missed","$v":"Persa"},{"$i":"missed","$v":"Perse","ariaLabel":"Perse"},{"$i":"canceled","$v":"Annullata"},{"$i":"missedCall","$v":"Chiamata persa"},{"$i":"missedCallMultiSims","$v":["(SIM ",{"t":"idOrVar","v":"n"},") Chiamata persa"]},{"$i":"mmi-error","$v":"Si è verificato un errore durante l’invio del messaggio"},{"$i":"mmi-session-expired","$v":"Sessione scaduta"},{"$i":"mmi-successfully-sent","$v":"Messaggio inviato correttamente"},{"$i":"mmi-notification-title-with-sim","$v":["(",{"t":"idOrVar","v":"sim"},") ",{"t":"idOrVar","v":"title"}]},{"$i":"mute","ariaLabel":"Muto"},{"$i":"newCall","ariaLabel":"Nuova chiamata"},{"$i":"no-logs-msg-1","$v":"Nessuna chiamata registrata"},{"$i":"no-logs-msg-2","$v":"Inizia a comunicare"},{"$i":"no-logs-msg-3","$v":"Nessuna chiamata persa"},{"$i":"onHoldOption","ariaLabel":"In attesa"},{"$i":"outgoing","$v":"In uscita"},{"$i":"recents","ariaLabel":"Chiamate recenti"},{"$i":"reply","$v":"Rispondi"},{"$i":"send","$v":"Invia"},{"$i":"switch-calls","$v":"Trasferisci chiamate"},{"$i":"withheld-number","$v":"Numero nascosto"},{"$i":"from-contact","$v":["Da ",{"t":"idOrVar","v":"contact"}]},{"$i":"from-number","$v":["Da ",{"t":"idOrVar","v":"number"}]},{"$i":"from-withheld-number","$v":"Da numero nascosto"},{"$i":"sending","$v":"Invio…"},{"$i":"speakerOption","ariaLabel":"Vivavoce"},{"$i":"ussd-services","$v":["Servizi ",{"t":"idOrVar","v":"operator"}]},{"$i":"toggleKeypad","ariaLabel":"Attiva/disattiva tastiera"},{"$i":"type-your-response","placeholder":"Rispondi…"},{"$i":"clear-all-text","$v":"Cancella tutto"},{"$i":"hide","$v":"Nascondi"},{"$i":"hold","ariaLabel":"In attesa"},{"$i":"resume","$v":"Riprendi","ariaLabel":"Riprendi"},{"$i":"sendSms","$v":"Invia messaggio"},{"$i":"callEnded","$v":"Chiamata conclusa"},{"$i":"via-sim","$v":["con SIM ",{"t":"idOrVar","v":"n"}]},{"$i":"sim-number","$v":["SIM ",{"t":"idOrVar","v":"n"}]},{"$i":"unknown","$v":"sconosciuto"},{"$i":"hangup-a11y-button","ariaLabel":"Interrompi"},{"$i":"pickup-a11y-button","ariaLabel":"Rispondi"},{"$i":"unlock-a11y-button","ariaLabel":"Indicatore scorrevole"},{"$i":"settings","$v":"Impostazioni"},{"$i":"delete-n-log?","$v":{"zero":"Nessun elemento selezionato","one":"Eliminare l’elemento selezionato?","two":["Eliminare ",{"t":"idOrVar","v":"n"}," elementi?"],"few":["Eliminare ",{"t":"idOrVar","v":"n"}," elementi?"],"many":["Eliminare ",{"t":"idOrVar","v":"n"}," elementi?"],"other":["Eliminare ",{"t":"idOrVar","v":"n"}," elementi?"]},"$x":[{"t":"idOrVar","v":"plural"},"n"]},{"$i":"callDurationMinutes","$v":[{"t":"idOrVar","v":"m"},":",{"t":"idOrVar","v":"s"}]},{"$i":"callDurationHours","$v":[{"t":"idOrVar","v":"h"},":",{"t":"idOrVar","v":"m"},":",{"t":"idOrVar","v":"s"}]},{"$i":"callDurationTextFormatSeconds","$v":[{"t":"idOrVar","v":"s"}," s"]},{"$i":"callDurationTextFormatMinutes","$v":[{"t":"idOrVar","v":"m"}," m ",{"t":"idOrVar","v":"s"}," s"]},{"$i":"callDurationTextFormatHours","$v":[{"t":"idOrVar","v":"h"}," h ",{"t":"idOrVar","v":"m"}," m ",{"t":"idOrVar","v":"s"}," s"]},{"$i":"suggestionMatches","$v":{"one":[{"t":"idOrVar","v":"n"}," corrispondenza per “",{"t":"idOrVar","v":"matchNumber"},"”"],"two":[{"t":"idOrVar","v":"n"}," corrispondenze per “",{"t":"idOrVar","v":"matchNumber"},"”"],"few":[{"t":"idOrVar","v":"n"}," corrispondenze per “",{"t":"idOrVar","v":"matchNumber"},"”"],"many":[{"t":"idOrVar","v":"n"}," corrispondenze per “",{"t":"idOrVar","v":"matchNumber"},"”"],"other":[{"t":"idOrVar","v":"n"}," corrispondenze per “",{"t":"idOrVar","v":"matchNumber"},"”"]},"$x":[{"t":"idOrVar","v":"plural"},"n"]},{"$i":"scCallBarring","$v":"Blocco chiamate"},{"$i":"scCallForwarding","$v":"Inoltro chiamate"},{"$i":"scClip","$v":"ID chiam. ingresso"},{"$i":"scClir","$v":"ID chiam. uscita"},{"$i":"scPwd","$v":"Modifica password"},{"$i":"scCallWaiting","$v":"Chiamate in attesa"},{"$i":"scPin","$v":"Cambio PIN"},{"$i":"scPin2","$v":"Cambio PIN2"},{"$i":"scPuk","$v":"Sblocco PIN"},{"$i":"scPuk2","$v":"Sblocco PIN2"},{"$i":"scImei","$v":"IMEI"},{"$i":"scUssd","$v":"USSD"},{"$i":"serviceClassVoice","$v":"Voce"},{"$i":"serviceClassData","$v":"Dati"},{"$i":"serviceClassFax","$v":"FAX"},{"$i":"serviceClassSms","$v":"SMS"},{"$i":"serviceClassDataSync","$v":"Sync"},{"$i":"serviceClassDataAsync","$v":"Async"},{"$i":"serviceClassPacket","$v":"Pacchetto"},{"$i":"serviceClassPad","$v":"PAD"},{"$i":"smServiceEnabled","$v":"Il servizio è stato attivato"},{"$i":"smServiceDisabled","$v":"Il servizio è stato disattivato"},{"$i":"smServiceRegistered","$v":"Registrazione eseguita correttamente"},{"$i":"smServiceErased","$v":"Eliminazione eseguita correttamente"},{"$i":"smServiceInterrogated","$v":"Richiesta effettuata correttamente"},{"$i":"smServiceNotProvisioned","$v":"Servizio non predisposto"},{"$i":"smClirPermanent","$v":"Impossibile modificare le impostazioni ID chiamante"},{"$i":"smClirDefaultOnNextCallOn","$v":"ID chiamante impostato come riservato. Prossima chiamata: riservato"},{"$i":"smClirDefaultOnNextCallOff","$v":"ID chiamante impostato come riservato. Prossima chiamata: non riservato"},{"$i":"smClirDefaultOffNextCallOn","$v":"ID chiamante impostato come non riservato. Prossima chiamata: riservato"},{"$i":"smClirDefaultOffNextCallOff","$v":"ID chiamante impostato come non riservato. Prossima chiamata: non riservato"},{"$i":"smServiceEnabledFor","$v":"Servizio abilitato per:"},{"$i":"smPinChanged","$v":"PIN modificato correttamente"},{"$i":"smPinUnblocked","$v":"PIN sbloccato correttamente"},{"$i":"smPin2Changed","$v":"PIN2 modificato correttamente"},{"$i":"smPin2Unblocked","$v":"PIN2 sbloccato correttamente"},{"$i":"ServiceIsEnabled","$v":"Il servizio è attivo"},{"$i":"ServiceIsDisabled","$v":"Il servizio è disattivato"},{"$i":"ServiceIsEnabledFor","$v":"Il servizio è attivo per:"},{"$i":"emMmiError","$v":"Problema di connessione o codice MMI non valido"},{"$i":"emMmiErrorPasswordIncorrect","$v":"Password errata"},{"$i":"emMmiErrorNotSupported","$v":"Codice MMI non valido o non supportato"},{"$i":"emMmiErrorInvalidAction","$v":"Azione non consentita"},{"$i":"emMmiErrorInvalidScCode","$v":"Codice di servizio non valido"},{"$i":"emMmiErrorBadPuk","$v":"Il PUK inserito non è corretto"},{"$i":"emMmiErrorBadPin","$v":"Il vecchio PIN inserito non è corretto."},{"$i":"emMmiErrorNeedPuk2","$v":"Inserire PUK2 per sbloccare la SIM"},{"$i":"emMmiErrorMismatchPin","$v":"I PIN inseriti non corrispondono"},{"$i":"emMmiErrorInvalidPin","$v":"Inserire un PIN da 4 a 8 cifre"},{"$i":"emMmiErrorNeedsPuk","$v":"La scheda SIM è bloccata da PUK"},{"$i":"emMmiErrorEnablePin","$v":"Non riuscito. Attiva SIM/RUIM LOCK"},{"$i":"emMmiErrorMmiFdn","$v":"È possibile comporre solo numeri prestabiliti"},{"$i":"emMmiErrorStkCcUssdDial","$v":"Richiesta USSD modificata in richiesta DIAL"},{"$i":"emMmiErrorStkCcUssdSs","$v":"Richiesta USSD modificata in richiesta SS"},{"$i":"emMmiErrorStkCcUssdUssd","$v":"Richiesta USSD modificata in richiesta USSD"},{"$i":"emMmiErrorStkCcSsDial","$v":"Richiesta SS modificata in richiesta DIAL"},{"$i":"emMmiErrorStkCcSsUssd","$v":"Richiesta SS modificata in richiesta USSD"},{"$i":"emMmiErrorStkCcSsSs","$v":"Richiesta SS modificata in richiesta SS"},{"$i":"emMmiErrorPinPukAttempts","$v":{"one":[{"t":"idOrVar","v":"n"}," solo tentativo rimasto"],"two":[{"t":"idOrVar","v":"n"}," tentativi rimasti"],"few":[{"t":"idOrVar","v":"n"}," tentativi rimasti"],"many":[{"t":"idOrVar","v":"n"}," tentativi rimasti"],"other":[{"t":"idOrVar","v":"n"}," tentativi rimasti"]},"$x":[{"t":"idOrVar","v":"plural"},"n"]},{"$i":"emMmiErrorSimBlocked","$v":"Superato il numero massimo di tentativi. SIM bloccata"},{"$i":"RadioNotAvailable","$v":"Radio non disponibile"},{"$i":"GenericFailure","$v":"Errore generico"},{"$i":"PasswordIncorrect","$v":"Password errata"},{"$i":"SimPin2","$v":"PIN2 SIM"},{"$i":"SimPuk2","$v":"PUK2 SIM"},{"$i":"RequestNotSupported","$v":"Richiesta non supportata"},{"$i":"OpNotAllowedDuringVoiceCall","$v":"Operazione non consentita durante una chiamata"},{"$i":"SmsSendFailRetry","$v":"Invio SMS non riuscito, riprova"},{"$i":"SimAbsent","$v":"SIM assente"},{"$i":"SubscriptionNotAvailable","$v":"Iscrizione non disponibile"},{"$i":"ModeNotSupported","$v":"Modalità non supportata"},{"$i":"FdnCheckFailure","$v":"Controllo FDN non riuscito"},{"$i":"IllegalSimOrMe","$v":"SIM o ME illegali"},{"$i":"DialModifiedToUssd","$v":"Composizione modificata in USSD"},{"$i":"DialModifiedToSs","$v":"Composizione modificata in SS"},{"$i":"DialModifiedToDial","$v":"Composizione modificata in composizione"},{"$i":"UssdModifiedToDial","$v":"USSD modificato in composizione"},{"$i":"UssdModifiedToSs","$v":"USSD modificato in SS"},{"$i":"UssdModifiedToUssd","$v":"USSD modificato in USSD"},{"$i":"SsModifiedToDial","$v":"SS modificato in composizione"},{"$i":"SsModifiedToUssd","$v":"SS modificato in USSD"},{"$i":"SsModifiedToSs","$v":"SS modificato in SS"},{"$i":"SubscriptionNotSupported","$v":"Iscrizione non supportata"},{"$i":"InvalidParameter","$v":"Parametro non valido"},{"$i":"RejectedByRemote","$v":"Rifiutato da remoto"},{"$i":"conferenceCall","$v":["Conferenza (",{"t":"idOrVar","v":"n"},")"]},{"$i":"caller-left-call","$v":[{"t":"idOrVar","v":"caller"}," ha lasciato la telefonata."]},{"$i":"conferenceAddError","$v":"Impossibile unire le chiamate"},{"$i":"conferenceRemoveError","$v":"Impossibile separare le chiamate"},{"$i":"longDateFormat","$v":"%A %e %B"},{"$i":"select-audio-sources","$v":"Seleziona sorgenti audio"},{"$i":"bluetooth-handsfree-device","$v":"Dispositivo vivavoce bluetooth"},{"$i":"receiver","$v":"Ricevitore"},{"$i":"speaker","$v":"Vivavoce"},{"$i":"voicemailNoNumberTitle","$v":"Numero della segreteria non disponibile"},{"$i":"voicemailNoNumberText","$v":"Impossibile chiamare la segreteria. Imposta il numero per effettuare la chiamata."},{"$i":"voicemailNoNumberSettings","$v":"Impostazioni"},{"$i":"voicemailNoNumberCancel","$v":"Annulla"},{"$i":"phoneNumberInput","ariaLabel":"Numero di telefono"},{"$i":"keypadDelete","ariaLabel":"Elimina"},{"$i":"voiceMailKey","ariaLabel":"Segreteria"},{"$i":"asterisk","ariaLabel":"Asterisco"},{"$i":"hashSign","ariaLabel":"Cancelletto"},{"$i":"loadingSimContacts","$v":"Caricamento contatti SIM…"},{"$i":"noContactsWereFound","$v":"Nessun contatto trovato"},{"$i":"noContactsFoundDialogOk","$v":"OK"},{"$i":"emergencyNumber","$v":"Numero di emergenza"},{"$i":"callAirplaneModeMessage","$v":"Per chiamare disattivare la modalità aereo nelle impostazioni."},{"$i":"callAirplaneModeBtnOk","$v":"OK"},{"$i":"callAirplaneModeTitle","$v":"Modalità aereo attiva"},{"$i":"numberIsBusyTitle","$v":"Il numero è occupato"},{"$i":"numberIsBusyMessage","$v":"Il numero è occupato. Riprovare più tardi."},{"$i":"fdnIsActiveTitle","$v":"FDN attivo"},{"$i":"fdnIsActiveMessage","$v":["FDN (Numeri selezione fissa) è attivo e il seguente numero non è incluso nell’elenco FDN: ",{"t":"idOrVar","v":"number"}]},{"$i":"emergencyDialogBodyBadNumber","$v":"Per chiamare è necessario essere collegati a una rete."},{"$i":"emergencyDialogBodyDeviceNotAccepted","$v":"Le chiamate d’emergenza non sono consentite dalla rete."},{"$i":"emergencyDialogBtnOk","$v":"OK"},{"$i":"emergencyDialogTitle","$v":"Nessuna connessione di rete"},{"$i":"invalidNumberToDialTitle","$v":"Numero di telefono non valido"},{"$i":"invalidNumberToDialMessage","$v":"Il numero che si sta cercando di chiamare non è valido."},{"$i":"unableToCallTitle","$v":"Impossibile effettuare una chiamata in questo momento"},{"$i":"unableToCallMessage","$v":"Impossibile effettuare una chiamata. Se è già in corso una chiamata, interromperla e riprovare."},{"$i":"otherConnectionInUseTitle","$v":"Connessione già in uso"},{"$i":"otherConnectionInUseMessage","$v":"È in corso una chiamata su un’altra connessione. Non è possibile utilizzare più connessioni contemporaneamente."}]