[{"$i":"close","$v":"閉じる"},{"$i":"import","$v":"インポート"},{"$i":"update","$v":"更新"},{"$i":"fbFriends","$v":"友達"},{"$i":"live-serviceName","$v":"Outlook"},{"$i":"gmail-serviceName","$v":"Gmail"},{"$i":"facebook-serviceName","$v":"Facebook 友達"},{"$i":"selectAll","$v":"すべて選択"},{"$i":"deselectAll","$v":"選択をすべて解除"},{"$i":"viewAll","$v":"すべて見る"},{"$i":"viewRecommend","$v":"おすすめのみを表示"},{"$i":"linkProposal","$v":{"zero":"一致する友達はいません。すべて表示します","one":"おすすめの人を選択","two":"おすすめの人たちを選択","few":"おすすめの人たちを選択","many":"おすすめの人たちを選択","other":"おすすめの人たちを選択"},"$x":[{"t":"idOrVar","v":"plural"},"numFriends"]},{"$i":"fbFriendsFound","$v":{"zero":"すべての友達をインポートしました","one":"インポートする友達が 1 名見つかりました","two":["インポートする友達が ",{"t":"idOrVar","v":"numFriends"}," 名見つかりました"],"few":["インポートする友達が ",{"t":"idOrVar","v":"numFriends"}," 名見つかりました"],"many":["インポートする友達が ",{"t":"idOrVar","v":"numFriends"}," 名見つかりました"],"other":["インポートする友達が ",{"t":"idOrVar","v":"numFriends"}," 名見つかりました"]},"$x":[{"t":"idOrVar","v":"plural"},"numFriends"]},{"$i":"fbNoFriends","$v":"インポートできる連絡先はありません"},{"$i":"facebook","$v":"Facebook"},{"$i":"search-contact","placeholder":"検索"},{"$i":"noResults","$v":"連絡先が見つかりませんでした"},{"$i":"done-search","$v":"完了"},{"$i":"progressFB3ImportTitle","$v":"友達を連絡先へインポート"},{"$i":"progressFB","$v":[{"t":"idOrVar","v":"current"},"/",{"t":"idOrVar","v":"total"}]},{"$i":"progressFB3UpdateTitle","$v":"連絡先内の友達を更新"},{"$i":"message2","$v":"処理に 2 分ほどかかります"},{"$i":"messageLinking","$v":"そのままお待ちください。友達と連絡先をリンクしています。"},{"$i":"messageCanceling","$v":"そのままお待ちください。実行中の処理をキャンセルしています。"},{"$i":"error1","$v":["エラーが発生しました: ",{"t":"idOrVar","v":"from"}]},{"$i":"error2","$v":"再度試しますか？"},{"$i":"errorProposal","$v":"申し込みの判定"},{"$i":"errorFriends","$v":"友達リストの取得"},{"$i":"errorLinking","$v":"連絡先とのリンク"},{"$i":"timeout1","$v":["制限時間に達しました: ",{"t":"idOrVar","v":"from"}]},{"$i":"timeout2","$v":"再度試しますか？"},{"$i":"timeoutProposal","$v":"申し込みの判定"},{"$i":"timeoutFriends","$v":"友達リストの取得"},{"$i":"timeoutLinking","$v":"連絡先とのリンク"},{"$i":"wait1","$v":"そのままお待ちください"},{"$i":"wait2","$v":"処理に 2 分ほどかかります"},{"$i":"waitProposal","$v":"そのままお待ちください。申し込みを判定しています。"},{"$i":"waitFriends","$v":"そのままお待ちください。友達リストを取得するために接続中です。"},{"$i":"curtainCancel","$v":"キャンセル"},{"$i":"curtainRetry","$v":"再試行"},{"$i":"curtainOK","$v":"OK"},{"$i":"connectionLost","$v":"インターネットに接続されていません"},{"$i":"connectionLostMsg","$v":"友達の写真は連絡先に追加されません。それでも続けますか？"},{"$i":"yesOption","$v":"OK"},{"$i":"noOption","$v":"キャンセル"},{"$i":"friendsUpdated","$v":{"zero":"更新された友達はいません","one":"1 名の友達を更新しました","two":[{"t":"idOrVar","v":"numFriends"}," 名の友達を更新しました"],"few":[{"t":"idOrVar","v":"numFriends"}," 名の友達を更新しました"],"many":[{"t":"idOrVar","v":"numFriends"}," 名の友達を更新しました"],"other":[{"t":"idOrVar","v":"numFriends"}," 名の友達を更新しました"]},"$x":[{"t":"idOrVar","v":"plural"},"numFriends"]},{"$i":"friendsMerged","$v":{"zero":"重複した友達はいません","one":"1 名の重複した友達をまとめました","two":[{"t":"idOrVar","v":"numDups"}," 名の友達をまとめました"],"few":[{"t":"idOrVar","v":"numDups"}," 名の友達をまとめました"],"many":[{"t":"idOrVar","v":"numDups"}," 名の友達をまとめました"],"other":[{"t":"idOrVar","v":"numDups"}," 名の友達をまとめました"]},"$x":[{"t":"idOrVar","v":"plural"},"numDups"]},{"$i":"notificationLogin","$v":"Facebook のセッションが無効です。ログインしてください。"},{"$i":"syncError","$v":"友達データの同期中にエラーが発生しました"},{"$i":"waitDuplicateContacts","$v":"連絡先が重複していないか調べています"},{"$i":"waitMergingDuplicateContacts","$v":"重複した連絡先をまとめています"},{"$i":"alertNoDuplicateContacts","$v":"重複は見つかりませんでした"},{"$i":"merge","ariaLabel":"統合"},{"$i":"mergeDuplicateTitle","$v":"重複した連絡先の統合"},{"$i":"suggestedDuplicateContacts","$v":[{"t":"idOrVar","v":"name"}," さんの連絡先が重複しています"]},{"$i":"mergeActionButtonLabel","$v":{"zero":"連絡先が選択されていません","one":[{"t":"idOrVar","v":"n"}," 件の連絡先とまとめる"],"two":[{"t":"idOrVar","v":"n"}," 件の連絡先とまとめる"],"few":[{"t":"idOrVar","v":"n"}," 件の連絡先とまとめる"],"many":[{"t":"idOrVar","v":"n"}," 件の連絡先とまとめる"],"other":[{"t":"idOrVar","v":"n"}," 件の連絡先とまとめる"]},"$x":[{"t":"idOrVar","v":"plural"},"n"]},{"$i":"duplicatesFoundTitle","$v":"重複が見つかりました"},{"$i":"duplicatesFoundMessage","$v":[{"t":"idOrVar","v":"name"}," さんの情報が次の連絡先と重複しています"]},{"$i":"ok","$v":"OK"},{"$i":"gaia-menu-cancel","$v":"キャンセル"},{"$i":"gaia-sim-picker-dial-via-with-number","$v":["ダイヤル先 ",{"t":"idOrVar","v":"phoneNumber"}," への使用回線"]},{"$i":"gaia-sim-picker-select-sim","$v":"SIM カードを選択してください"},{"$i":"gaia-sim-picker-button","$v":["SIM",{"t":"idOrVar","v":"n"}]},{"$i":"gaia-sim-picker-button-default","$v":"(既定)"},{"$i":"call","$v":"発信"},{"$i":"edit","$v":"編集"},{"$i":"cancel","$v":"キャンセル"},{"$i":"done","$v":"完了"},{"$i":"retry","$v":"再試行"},{"$i":"contacts","$v":"連絡先"},{"$i":"addContact","$v":"連絡先を追加"},{"$i":"deleteContact","$v":"連絡先を削除"},{"$i":"selectContact","$v":"連絡先を選択"},{"$i":"editContact","$v":"連絡先の編集"},{"$i":"deleteConfirmMsg","$v":"連絡先を削除してもよろしいですか？"},{"$i":"remove","$v":"削除"},{"$i":"delete","$v":"削除"},{"$i":"comments","$v":"備考"},{"$i":"no_contact_phones","$v":"この連絡先には電話番号が含まれていません"},{"$i":"no_contact_email","$v":"この連絡先にはメールアドレスが含まれていません"},{"$i":"no_contact_data","$v":"この連絡先には電話番号とメールアドレスが含まれていません"},{"$i":"removePhotoConfirm","$v":"連絡先から写真を削除してもよろしいですか？"},{"$i":"loadingContacts","$v":"連絡先を読込中"},{"$i":"noContactsActivity2","$v":"No contacts in your Contacts list"},{"$i":"noName","$v":"無名"},{"$i":"givenName","placeholder":"名前"},{"$i":"familyName","placeholder":"姓"},{"$i":"tel","placeholder":"電話番号"},{"$i":"carrier","$v":"通信事業者","placeholder":"通信事業者"},{"$i":"separator","$v":","},{"$i":"email","$v":"メールアドレス","placeholder":"メールアドレス"},{"$i":"streetAddress","placeholder":"番地"},{"$i":"postalCode","placeholder":"郵便番号"},{"$i":"locality","placeholder":"市区町村"},{"$i":"countryName","placeholder":"都道府県"},{"$i":"comment","placeholder":"備考"},{"$i":"org","placeholder":"所属組織"},{"$i":"date","$v":"日付","placeholder":"日付"},{"$i":"date-span-placeholder","$v":"日付"},{"$i":"birthday","$v":"誕生日"},{"$i":"dateFormat","$v":"%B%e日"},{"$i":"dateOutput","$v":[{"t":"idOrVar","v":"year"},"年",{"t":"idOrVar","v":"dayMonthFormatted"}]},{"$i":"anniversary","$v":"記念日"},{"$i":"addPhoto","$v":"画像を追加"},{"$i":"addPhone","$v":"電話番号を追加"},{"$i":"addEmail","$v":"メールアドレスを追加"},{"$i":"addAddress","$v":"住所を追加"},{"$i":"addDate","$v":"日付を追加"},{"$i":"addComment","$v":"備考を追加"},{"$i":"addFavorite","$v":"お気に入りに追加"},{"$i":"removeFavorite","$v":"お気に入りから削除"},{"$i":"addButton","ariaLabel":"追加"},{"$i":"editButton","ariaLabel":"編集"},{"$i":"settingsButton","ariaLabel":"設定"},{"$i":"phoneDetail","ariaLabel":"電話番号"},{"$i":"emailDetail","ariaLabel":"メール"},{"$i":"addressDetail","ariaLabel":"住所"},{"$i":"dateDetail","ariaLabel":"日付"},{"$i":"composeEmail","ariaLabel":"メール"},{"$i":"makeCall","ariaLabel":"発信"},{"$i":"phones","ariaLabel":"電話番号"},{"$i":"emails","ariaLabel":"メール"},{"$i":"addresses","ariaLabel":"住所"},{"$i":"dates","ariaLabel":"日付"},{"$i":"notes","ariaLabel":"補足"},{"$i":"exit","$v":"終了"},{"$i":"expand","$v":"広げる"},{"$i":"labelName","$v":"名前:"},{"$i":"labelLastName","$v":"姓:"},{"$i":"labelPhoneNumber","$v":"電話番号:"},{"$i":"labelCarrier","$v":"通信事業者:"},{"$i":"labelEmail","$v":"メールアドレス:"},{"$i":"labelStreet","$v":"番地:"},{"$i":"labelZip","$v":"郵便番号:"},{"$i":"labelCity","$v":"市区町村:"},{"$i":"labelCountry","$v":"都道府県:"},{"$i":"labelComment","$v":"備考:"},{"$i":"legendTitleMain","$v":"メイン情報"},{"$i":"legendPhones","$v":"電話番号"},{"$i":"legendEmail","$v":"メールアドレス"},{"$i":"legendAddress","$v":"所在地"},{"$i":"transferContactsTitle","$v":"連絡先の転送"},{"$i":"importContactsTitle","$v":"連絡先のインポート"},{"$i":"importContactsButton","$v":"連絡先をインポート"},{"$i":"exportContactsTitle","$v":"連絡先のエクスポート"},{"$i":"exportContactsButton","$v":"連絡先をエクスポート"},{"$i":"exportContactsAction","$v":"エクスポート"},{"$i":"simExport-title","$v":"SIM カードにエクスポート"},{"$i":"memoryCardExport-title","$v":"メモリーカードにエクスポート"},{"$i":"btExport-title","$v":"Bluetooth 経由でエクスポート"},{"$i":"memoryCardUMSEnabled","$v":"USB ストレージが有効なためメモリーカードを使用できません"},{"$i":"exportErrorTitle","$v":"エクスポートエラー"},{"$i":"contactsExported2","$v":{"zero":"エクスポートする連絡先はありません","one":[{"t":"idOrVar","v":"exported"},"/",{"t":"idOrVar","v":"total"}," 件の連絡先をエクスポートしました"],"two":[{"t":"idOrVar","v":"exported"},"/",{"t":"idOrVar","v":"total"}," 件の連絡先をエクスポートしました"],"few":[{"t":"idOrVar","v":"exported"},"/",{"t":"idOrVar","v":"total"}," 件の連絡先をエクスポートしました"],"many":[{"t":"idOrVar","v":"exported"},"/",{"t":"idOrVar","v":"total"}," 件の連絡先をエクスポートしました"],"other":[{"t":"idOrVar","v":"exported"},"/",{"t":"idOrVar","v":"total"}," 件の連絡先をエクスポートしました"]},"$x":[{"t":"idOrVar","v":"plural"},"exported"]},{"$i":"exportError-general","$v":"エクスポート中にエラーが発生しました"},{"$i":"exportError-SD-shared","$v":"メモリーカードが共有されているためアクセスできません"},{"$i":"exportError-SD-unavailable","$v":"メモリーカードが利用できません"},{"$i":"exportError-SD-noSpace","$v":"メモリーカードに連絡先をエクスポートするための十分な空き領域がありません"},{"$i":"exportError-SIM-unavailable","$v":"SIM カードが利用できません"},{"$i":"exportError-BT-shared","$v":"メモリーカードが共有されているためアクセスできません"},{"$i":"exportError-BT-unavailable","$v":"メモリーカードが利用できません"},{"$i":"exportError-BT-noSpace","$v":"メモリーカードに連絡先をエクスポートするための十分な空き領域がありません"},{"$i":"social-network","$v":"SNS"},{"$i":"social-link","$v":"Facebook で探す"},{"$i":"social-unlink","$v":"Facebook の登録情報を削除"},{"$i":"social-unlink-confirm-title","$v":"友達の登録情報を削除してもよろしいですか？"},{"$i":"social-unlink-confirm-accept","$v":"登録情報削除"},{"$i":"facebook-import","$v":"Facebook の友達を読み込む"},{"$i":"show-fb-profile","$v":"Facebook のプロフィールを表示"},{"$i":"msg-send","$v":"メッセージ"},{"$i":"wall-post","$v":"Wall に投稿"},{"$i":"share-contact","$v":"Share Contact"},{"$i":"facebook-export-forbidden","$v":"Facebook の制限により連絡先を共有できません。"},{"$i":"otherAccount","$v":"他のアカウント"},{"$i":"facebookSwitchMsg","$v":"友達を同期"},{"$i":"select_mobile","$v":"モバイルを選択"},{"$i":"select_email","$v":"メールを選択"},{"$i":"select_recipient","$v":"受取人を選択"},{"$i":"contactsOrderBy","$v":"姓で並べ替え"},{"$i":"importSim2","$v":"SIM カード"},{"$i":"importGmail","$v":"Gmail"},{"$i":"bluetooth","$v":"Bluetooth"},{"$i":"importOutlook","$v":"Outlook"},{"$i":"fbUpdateFriends","$v":"友達リストを更新"},{"$i":"cleaningFbData","$v":"Facebook データを削除"},{"$i":"loggingOutFb","$v":"Facebook からログアウト"},{"$i":"cleanFbConfirmMsg","$v":"すべての Facebook データを削除しますか？"},{"$i":"renewPwdMsg","$v":"Facebook のパスワードが変更されています。更新してください。"},{"$i":"notEnabledYet","$v":"有効化されていません"},{"$i":"genericNoConnection","$v":"連絡先をインポートするには Wi-Fi かデータ通信ネットワークに接続してください。"},{"$i":"simCard","$v":"SIM カード"},{"$i":"memoryCard","$v":"メモリーカード"},{"$i":"simNumberNoMSISDN","$v":["SIM ",{"t":"idOrVar","v":"number"},":"]},{"$i":"simNumberWithMSISDN","$v":["SIM ",{"t":"idOrVar","v":"number"},": ",{"t":"idOrVar","v":"msisdn"}]},{"$i":"ICEContactsGroup","$v":"緊急連絡先"},{"$i":"setICEButton","$v":"緊急連絡先を設定"},{"$i":"ICESettingTitle","$v":"緊急連絡先"},{"$i":"ICEDescription","$v":"緊急時の連絡先 (ICE) を 2 件追加してください。"},{"$i":"ICEContact1","$v":"緊急連絡先1"},{"$i":"ICESelectContact","$v":"連絡先を選択"},{"$i":"ICEContact2","$v":"緊急連絡先2"},{"$i":"ICERepeatedContact","$v":"この連絡先はすでに設定されています"},{"$i":"ICEUnknownError","$v":"緊急連絡先の設定時にエラーが発生しました"},{"$i":"ICEContactNoNumber","$v":"この連絡先には電話番号がありません"},{"$i":"ICEFacebookContactNotAllowed","$v":"Facebook 連絡先を緊急連絡先に設定することはできません"},{"$i":"ICEContactDelTel","$v":"削除した電話番号は緊急連絡先からも削除されます"},{"$i":"ICEContactDelTelAll","$v":"すべての電話番号が削除されました。この連絡先は緊急連絡先からも削除されます。"},{"$i":"no-contacts","$v":"連絡先項目がありません"},{"$i":"start-adding","$v":"連絡先を追加してください"},{"$i":"notImported","$v":"未インポート"},{"$i":"imported","$v":"インポート済み"},{"$i":"today","$v":"今日"},{"$i":"yesterday","$v":"昨日"},{"$i":"organise-contacts","$v":"連絡先の管理"},{"$i":"find-merge-contacts","$v":"連絡先の重複がないか調べる"},{"$i":"preparing-contacts","$v":"連絡先を準備しています"},{"$i":"exportError-SIM-NoFreeRecordFound","$v":"SIM カードの空き容量が不足しています"},{"$i":"exportError-SIM-CannotAccessPhoneBook","$v":"SIM カードの電話帳にアクセスできません"},{"$i":"exportError-SIM-Unavailable","$v":"SIM カードがありません"},{"$i":"exportError-SIM-GenericError","$v":"連絡先のエクスポート中にエラーが発生しました"},{"$i":"noSimMsgExport","$v":"連絡先をエクスポートするには SIM カードを挿入するかロックを解除してください"},{"$i":"noMemoryCardMsgExport","$v":"連絡先をエクスポートするにはメモリーカードを挿入してください"},{"$i":"ContactManagementTitle","$v":"連絡先の管理"},{"$i":"DeleteTitle","$v":"削除"},{"$i":"bulkDeleteButton","$v":"連絡先を削除"},{"$i":"BulkDelCancel","$v":"連絡先の削除がキャンセルされました"},{"$i":"DeletedTxt","$v":{"zero":"削除する連絡先がありません","one":"1件の連絡先を削除しました","two":[{"t":"idOrVar","v":"n"},"件の連絡先を削除しました"],"few":[{"t":"idOrVar","v":"n"},"件の連絡先を削除しました"],"many":[{"t":"idOrVar","v":"n"},"件の連絡先を削除しました"],"other":[{"t":"idOrVar","v":"n"},"件の連絡先を削除しました"]},"$x":[{"t":"idOrVar","v":"plural"},"n"]},{"$i":"DeletingContacts","$v":"連絡先を削除しています"},{"$i":"ContactConfirmDel","$v":{"zero":"削除する連絡先がありません","one":"1件の連絡先を削除しますか？ この操作は元に戻せません。","two":[{"t":"idOrVar","v":"n"},"件の連絡先を削除しますか？ この操作は元に戻せません。"],"few":[{"t":"idOrVar","v":"n"},"件の連絡先を削除しますか？ この操作は元に戻せません。"],"many":[{"t":"idOrVar","v":"n"},"件の連絡先を削除しますか？ この操作は元に戻せません。"],"other":[{"t":"idOrVar","v":"n"},"件の連絡先を削除しますか？ この操作は元に戻せません。"]},"$x":[{"t":"idOrVar","v":"plural"},"n"]},{"$i":"SelectedTxt","$v":{"zero":"連絡先","one":[{"t":"idOrVar","v":"n"},"件選択"],"two":[{"t":"idOrVar","v":"n"},"件選択"],"few":[{"t":"idOrVar","v":"n"},"件選択"],"many":[{"t":"idOrVar","v":"n"},"件選択"],"other":[{"t":"idOrVar","v":"n"},"件選択"]},"$x":[{"t":"idOrVar","v":"plural"},"n"]},{"$i":"video","$v":"動画"},{"$i":"audio","$v":"音声"},{"$i":"pick_destination","$v":[{"t":"idOrVar","v":"destination"}," ",{"t":"idOrVar","v":"carrier"}]},{"$i":"removeField","ariaLabel":"削除"},{"$i":"undo","ariaLabel":"元に戻す"},{"$i":"send-sms-button","ariaLabel":"SMS"},{"$i":"ice_contacts","$v":"緊急時の連絡先 (ICE)"},{"$i":"edit-picture","$v":"写真を編集"},{"$i":"remove-photo","$v":"写真を削除"},{"$i":"change-photo","$v":"写真を変更"},{"$i":"photo-options","$v":"写真オプション"},{"$i":"vCardContacts-imported","$v":{"zero":"No contacts imported","one":"Imported one contact","two":["Imported ",{"t":"idOrVar","v":"n"}," contacts"],"few":["Imported ",{"t":"idOrVar","v":"n"}," contacts"],"many":["Imported ",{"t":"idOrVar","v":"n"}," contacts"],"other":["Imported ",{"t":"idOrVar","v":"n"}," contacts"]},"$x":[{"t":"idOrVar","v":"plural"},"n"]},{"$i":"voiceMail","$v":"ボイスメール"},{"$i":"back","$v":"戻る"},{"$i":"noSimMsg","$v":"連絡先をインポートするには SIM カードを挿入するかロックを解除してください"},{"$i":"noMemoryCardMsg","$v":"連絡先をインポートするにはメモリーカードを挿入してください"},{"$i":"importMemoryCard","$v":"メモリーカード"},{"$i":"noConnection11","$v":"Facebook の友達や連絡先をインポートするには Wi-Fi かデータ通信ネットワークに接続してください。"},{"$i":"emptyAccount","$v":"このアカウントには友達や連絡先が登録されていません。"},{"$i":"simContacts-import","$v":"SIM の連絡先をインポート"},{"$i":"simContacts-importing","$v":"SIM の連絡先をインポート中…"},{"$i":"simContacts-reading","$v":"SIM カードから読み込み中…"},{"$i":"simContacts-error","$v":"SIM から連絡先をインポートできませんでした"},{"$i":"simContacts-imported3","$v":{"zero":"SIM カードにインポートする連絡先はありません","one":"1件の連絡先をインポートしました","two":[{"t":"idOrVar","v":"n"},"件の連絡先をインポートしました"],"few":[{"t":"idOrVar","v":"n"},"件の連絡先をインポートしました"],"many":[{"t":"idOrVar","v":"n"},"件の連絡先をインポートしました"],"other":[{"t":"idOrVar","v":"n"},"件の連絡先をインポートしました"]},"$x":[{"t":"idOrVar","v":"plural"},"n"]},{"$i":"memoryCardContacts-import","$v":"メモリーカードから連絡先をインポート"},{"$i":"memoryCardContacts-importing","$v":"メモリーカードから連絡先をインポート中…"},{"$i":"memoryCardContacts-reading","$v":"メモリーカードから読み込み中…"},{"$i":"memoryCardContacts-error","$v":"メモリーカードから連絡先をインポートできませんでした"},{"$i":"memoryCardContacts-imported3","$v":{"zero":"メモリーカードにインポートする連絡先はありません","one":"1件の連絡先をインポートしました","two":[{"t":"idOrVar","v":"n"},"件の連絡先をインポートしました"],"few":[{"t":"idOrVar","v":"n"},"件の連絡先をインポートしました"],"many":[{"t":"idOrVar","v":"n"},"件の連絡先をインポートしました"],"other":[{"t":"idOrVar","v":"n"},"件の連絡先をインポートしました"]},"$x":[{"t":"idOrVar","v":"plural"},"n"]},{"$i":"genericProgress","$v":[{"t":"idOrVar","v":"current"},"/",{"t":"idOrVar","v":"total"}]},{"$i":"facebook-import-msg2","$v":[{"t":"idOrVar","v":"imported"},"/",{"t":"idOrVar","v":"total"},"名の友達をインポートしました"]},{"$i":"contactsMerged","$v":{"zero":"重複した連絡先はありません","one":"1件の重複した連絡先をまとめました","two":[{"t":"idOrVar","v":"numDups"},"件の連絡先をまとめました"],"few":[{"t":"idOrVar","v":"numDups"},"件の連絡先をまとめました"],"many":[{"t":"idOrVar","v":"numDups"},"件の連絡先をまとめました"],"other":[{"t":"idOrVar","v":"numDups"},"件の連絡先をまとめました"]},"$x":[{"t":"idOrVar","v":"plural"},"numDups"]},{"$i":"weekday-0-long","$v":"日曜日"},{"$i":"weekday-1-long","$v":"月曜日"},{"$i":"weekday-2-long","$v":"火曜日"},{"$i":"weekday-3-long","$v":"水曜日"},{"$i":"weekday-4-long","$v":"木曜日"},{"$i":"weekday-5-long","$v":"金曜日"},{"$i":"weekday-6-long","$v":"土曜日"},{"$i":"weekday-0-short","$v":"日"},{"$i":"weekday-1-short","$v":"月"},{"$i":"weekday-2-short","$v":"火"},{"$i":"weekday-3-short","$v":"水"},{"$i":"weekday-4-short","$v":"木"},{"$i":"weekday-5-short","$v":"金"},{"$i":"weekday-6-short","$v":"土"},{"$i":"month-0-long","$v":"1月"},{"$i":"month-1-long","$v":"2月"},{"$i":"month-2-long","$v":"3月"},{"$i":"month-3-long","$v":"4月"},{"$i":"month-4-long","$v":"5月"},{"$i":"month-5-long","$v":"6月"},{"$i":"month-6-long","$v":"7月"},{"$i":"month-7-long","$v":"8月"},{"$i":"month-8-long","$v":"9月"},{"$i":"month-9-long","$v":"10月"},{"$i":"month-10-long","$v":"11月"},{"$i":"month-11-long","$v":"12月"},{"$i":"month-0-genitive","$v":"1月"},{"$i":"month-1-genitive","$v":"2月"},{"$i":"month-2-genitive","$v":"3月"},{"$i":"month-3-genitive","$v":"4月"},{"$i":"month-4-genitive","$v":"5月"},{"$i":"month-5-genitive","$v":"6月"},{"$i":"month-6-genitive","$v":"7月"},{"$i":"month-7-genitive","$v":"8月"},{"$i":"month-8-genitive","$v":"9月"},{"$i":"month-9-genitive","$v":"10月"},{"$i":"month-10-genitive","$v":"11月"},{"$i":"month-11-genitive","$v":"12月"},{"$i":"month-0-short","$v":"1月"},{"$i":"month-1-short","$v":"2月"},{"$i":"month-2-short","$v":"3月"},{"$i":"month-3-short","$v":"4月"},{"$i":"month-4-short","$v":"5月"},{"$i":"month-5-short","$v":"6月"},{"$i":"month-6-short","$v":"7月"},{"$i":"month-7-short","$v":"8月"},{"$i":"month-8-short","$v":"9月"},{"$i":"month-9-short","$v":"10月"},{"$i":"month-10-short","$v":"11月"},{"$i":"month-11-short","$v":"12月"},{"$i":"minutes-ago-long","$v":{"zero":"1分以内","one":"1分前","two":[{"t":"idOrVar","v":"value"},"分前"],"few":[{"t":"idOrVar","v":"value"},"分前"],"many":[{"t":"idOrVar","v":"value"},"分前"],"other":[{"t":"idOrVar","v":"value"},"分前"]},"$x":[{"t":"idOrVar","v":"plural"},"value"]},{"$i":"hours-ago-long","$v":{"zero":"1時間以内","one":"1時間前","two":[{"t":"idOrVar","v":"value"},"時間前"],"few":[{"t":"idOrVar","v":"value"},"時間前"],"many":[{"t":"idOrVar","v":"value"},"時間前"],"other":[{"t":"idOrVar","v":"value"},"時間前"]},"$x":[{"t":"idOrVar","v":"plural"},"value"]},{"$i":"days-ago-long","$v":{"zero":"今日","one":"昨日","two":[{"t":"idOrVar","v":"value"},"日前"],"few":[{"t":"idOrVar","v":"value"},"日前"],"many":[{"t":"idOrVar","v":"value"},"日前"],"other":[{"t":"idOrVar","v":"value"},"日前"]},"$x":[{"t":"idOrVar","v":"plural"},"value"]},{"$i":"weeks-ago-long","$v":{"zero":"今週","one":"先週","two":[{"t":"idOrVar","v":"value"},"週間前"],"few":[{"t":"idOrVar","v":"value"},"週間前"],"many":[{"t":"idOrVar","v":"value"},"週間前"],"other":[{"t":"idOrVar","v":"value"},"週間前"]},"$x":[{"t":"idOrVar","v":"plural"},"value"]},{"$i":"months-ago-long","$v":{"zero":"今月","one":"先月","two":[{"t":"idOrVar","v":"value"},"か月前"],"few":[{"t":"idOrVar","v":"value"},"か月前"],"many":[{"t":"idOrVar","v":"value"},"か月前"],"other":[{"t":"idOrVar","v":"value"},"か月前"]},"$x":[{"t":"idOrVar","v":"plural"},"value"]},{"$i":"years-ago-long","$v":{"zero":"今年","one":"昨年","two":[{"t":"idOrVar","v":"value"},"年前"],"few":[{"t":"idOrVar","v":"value"},"年前"],"many":[{"t":"idOrVar","v":"value"},"年前"],"other":[{"t":"idOrVar","v":"value"},"年前"]},"$x":[{"t":"idOrVar","v":"plural"},"value"]},{"$i":"minutes-until-long","$v":{"zero":"1分以内","one":"1分後","two":[{"t":"idOrVar","v":"value"},"分後"],"few":[{"t":"idOrVar","v":"value"},"分後"],"many":[{"t":"idOrVar","v":"value"},"分後"],"other":[{"t":"idOrVar","v":"value"},"分後"]},"$x":[{"t":"idOrVar","v":"plural"},"value"]},{"$i":"hours-until-long","$v":{"zero":"1時間以内","one":"1時間後","two":[{"t":"idOrVar","v":"value"},"時間後"],"few":[{"t":"idOrVar","v":"value"},"時間後"],"many":[{"t":"idOrVar","v":"value"},"時間後"],"other":[{"t":"idOrVar","v":"value"},"時間後"]},"$x":[{"t":"idOrVar","v":"plural"},"value"]},{"$i":"days-until-long","$v":{"zero":"今日","one":"明日","two":[{"t":"idOrVar","v":"value"},"日後"],"few":[{"t":"idOrVar","v":"value"},"日後"],"many":[{"t":"idOrVar","v":"value"},"日後"],"other":[{"t":"idOrVar","v":"value"},"日後"]},"$x":[{"t":"idOrVar","v":"plural"},"value"]},{"$i":"weeks-until-long","$v":{"zero":"今週","one":"来週","two":[{"t":"idOrVar","v":"value"},"週間後"],"few":[{"t":"idOrVar","v":"value"},"週間後"],"many":[{"t":"idOrVar","v":"value"},"週間後"],"other":[{"t":"idOrVar","v":"value"},"週間後"]},"$x":[{"t":"idOrVar","v":"plural"},"value"]},{"$i":"months-until-long","$v":{"zero":"今月","one":"来月","two":[{"t":"idOrVar","v":"value"},"か月後"],"few":[{"t":"idOrVar","v":"value"},"か月後"],"many":[{"t":"idOrVar","v":"value"},"か月後"],"other":[{"t":"idOrVar","v":"value"},"か月後"]},"$x":[{"t":"idOrVar","v":"plural"},"value"]},{"$i":"years-until-long","$v":{"zero":"今年","one":"来年","two":[{"t":"idOrVar","v":"value"},"年後"],"few":[{"t":"idOrVar","v":"value"},"年後"],"many":[{"t":"idOrVar","v":"value"},"年後"],"other":[{"t":"idOrVar","v":"value"},"年後"]},"$x":[{"t":"idOrVar","v":"plural"},"value"]},{"$i":"minutes-ago-short","$v":{"zero":"直前","other":[{"t":"idOrVar","v":"value"},"分前"]},"$x":[{"t":"idOrVar","v":"plural"},"value"]},{"$i":"hours-ago-short","$v":{"zero":"数分前","other":[{"t":"idOrVar","v":"value"},"時間前"]},"$x":[{"t":"idOrVar","v":"plural"},"value"]},{"$i":"days-ago-short","$v":{"zero":"今日","other":[{"t":"idOrVar","v":"value"},"日前"]},"$x":[{"t":"idOrVar","v":"plural"},"value"]},{"$i":"minutes-until-short","$v":{"zero":"直後","other":[{"t":"idOrVar","v":"value"},"分後"]},"$x":[{"t":"idOrVar","v":"plural"},"value"]},{"$i":"hours-until-short","$v":{"zero":"数分後","other":[{"t":"idOrVar","v":"value"},"時間後"]},"$x":[{"t":"idOrVar","v":"plural"},"value"]},{"$i":"days-until-short","$v":{"zero":"今日","other":[{"t":"idOrVar","v":"value"},"日後"]},"$x":[{"t":"idOrVar","v":"plural"},"value"]},{"$i":"incorrectDate","$v":"(日付が不正です)"},{"$i":"dateTimeFormat_%c","$v":"%Y年%b%e日(%a) %p%I:%M:%S"},{"$i":"dateTimeFormat_%x","$v":"%Y/%m/%d"},{"$i":"dateTimeFormat_%X","$v":"%p%I:%M:%S"},{"$i":"shortTimeFormat","$v":"%p%I:%M"},{"$i":"shortTimeFormat12","$v":"%p%I:%M"},{"$i":"shortTimeFormat24","$v":"%H:%M"},{"$i":"shortDateTimeFormat","$v":"%x %p%I:%M"},{"$i":"weekStartsOnMonday","$v":"0"},{"$i":"firstDayOfTheWeek","$v":"0"},{"$i":"time_am","$v":"午前"},{"$i":"time_pm","$v":"午後"},{"$i":"label","$v":"ラベル"},{"$i":"mobile","$v":"携帯"},{"$i":"home","$v":"自宅"},{"$i":"work","$v":"勤務先"},{"$i":"personal","$v":"個人"},{"$i":"faxHome","$v":"自宅の Fax"},{"$i":"faxOffice","$v":"勤務先 Fax"},{"$i":"faxOther","$v":"その他 Fax"},{"$i":"another","$v":"別の連絡先"},{"$i":"other","$v":"その他"},{"$i":"customTag","placeholder":"カスタムタグ"},{"$i":"current","$v":"現住所"},{"$i":"itemWithLabel","$v":[{"t":"idOrVar","v":"label"},", ",{"t":"idOrVar","v":"item"}]},{"$i":"addNewNumber","$v":"新しい電話番号を追加"},{"$i":"contactDetails","$v":"連絡先の詳細"},{"$i":"addToExistingContact","$v":"既存の連絡先に追加"},{"$i":"all","$v":"すべて","ariaLabel":"すべて"},{"$i":"bluetoothOption","ariaLabel":"Bluetooth"},{"$i":"callLog","$v":"通話履歴"},{"$i":"callLogEdit","title":"通話履歴の編集"},{"$i":"callLogEditDialog","ariaLabel":"通話履歴の編集ダイアログ"},{"$i":"connecting","$v":"発信中"},{"$i":"connectingEllipsis","$v":"発信中…"},{"$i":"call-forwarding-async","$v":["非同期: ",{"t":"idOrVar","v":"async"}]},{"$i":"call-forwarding-data","$v":["データ: ",{"t":"idOrVar","v":"data"}]},{"$i":"call-forwarding-error","$v":"転送状態の取得中にエラーが発生しました"},{"$i":"call-forwarding-fax","$v":["FAX: ",{"t":"idOrVar","v":"fax"}]},{"$i":"call-forwarding-inactive","$v":"停止中"},{"$i":"call-forwarding-packet","$v":["パケット: ",{"t":"idOrVar","v":"packet"}]},{"$i":"call-forwarding-pad","$v":["PAD: ",{"t":"idOrVar","v":"pad"}]},{"$i":"call-forwarding-sms","$v":["SMS: ",{"t":"idOrVar","v":"sms"}]},{"$i":"call-forwarding-status","$v":"転送状態"},{"$i":"call-forwarding-sync","$v":["同期: ",{"t":"idOrVar","v":"sync"}]},{"$i":"call-forwarding-voice","$v":["音声: ",{"t":"idOrVar","v":"voice"}]},{"$i":"confirm-deletion","$v":"選択した履歴を削除しますか？"},{"$i":"createNewContact","$v":"連絡先を新規登録"},{"$i":"dialerAddContact","ariaLabel":"連絡先追加"},{"$i":"dialerAddContactDialog","ariaLabel":"Add Contact Dialog"},{"$i":"callInformation","$v":"通話情報"},{"$i":"edit-selected","$v":{"one":[{"t":"idOrVar","v":"n"},"件選択"],"two":[{"t":"idOrVar","v":"n"},"件選択"],"few":[{"t":"idOrVar","v":"n"},"件選択"],"many":[{"t":"idOrVar","v":"n"},"件選択"],"other":[{"t":"idOrVar","v":"n"},"件選択"]},"$x":[{"t":"idOrVar","v":"plural"},"n"]},{"$i":"hideKeypad","ariaLabel":"キーパッドを隠す"},{"$i":"ignore","$v":"着信拒否"},{"$i":"incoming","$v":"着信"},{"$i":"keypad","ariaLabel":"キーパッド"},{"$i":"info-missed","$v":"不在着信"},{"$i":"missed","$v":"不在着信","ariaLabel":"不在着信"},{"$i":"canceled","$v":"キャンセル"},{"$i":"missedCall","$v":"不在着信"},{"$i":"missedCallMultiSims","$v":["(SIM",{"t":"idOrVar","v":"n"},") 不在着信"]},{"$i":"mmi-error","$v":"メッセージの送信中にエラーが発生しました"},{"$i":"mmi-session-expired","$v":"セッションの有効期限が切れました"},{"$i":"mmi-successfully-sent","$v":"メッセージが送信されました"},{"$i":"mmi-notification-title-with-sim","$v":["(",{"t":"idOrVar","v":"sim"},") ",{"t":"idOrVar","v":"title"}]},{"$i":"mute","ariaLabel":"消音"},{"$i":"newCall","ariaLabel":"新しい着信"},{"$i":"no-logs-msg-1","$v":"通話履歴はありません"},{"$i":"no-logs-msg-2","$v":"通話を開始してください"},{"$i":"no-logs-msg-3","$v":"不在着信はありません"},{"$i":"onHoldOption","ariaLabel":"保留"},{"$i":"outgoing","$v":"発信"},{"$i":"recents","ariaLabel":"最近の通話"},{"$i":"reply","$v":"返信"},{"$i":"send","$v":"送信"},{"$i":"switch-calls","$v":"発信先の切り替え"},{"$i":"withheld-number","$v":"番号非通知"},{"$i":"from-contact","$v":["発信者 ",{"t":"idOrVar","v":"contact"}]},{"$i":"from-number","$v":["着信番号 ",{"t":"idOrVar","v":"number"}]},{"$i":"from-withheld-number","$v":"番号非通知の着信"},{"$i":"sending","$v":"送信中…"},{"$i":"speakerOption","ariaLabel":"スピーカ"},{"$i":"ussd-services","$v":[{"t":"idOrVar","v":"operator"}," サービス"]},{"$i":"toggleKeypad","ariaLabel":"キーパッド切り替え"},{"$i":"type-your-response","placeholder":"応答を入力してください…"},{"$i":"clear-all-text","$v":"すべてのテキストを消去"},{"$i":"hide","$v":"隠す"},{"$i":"hold","ariaLabel":"保留"},{"$i":"resume","$v":"再開","ariaLabel":"再開"},{"$i":"sendSms","$v":"メッセージ送信"},{"$i":"callEnded","$v":"通話終了"},{"$i":"via-sim","$v":["使用回線 SIM",{"t":"idOrVar","v":"n"}]},{"$i":"sim-number","$v":["SIM",{"t":"idOrVar","v":"n"}]},{"$i":"unknown","$v":"不明"},{"$i":"hangup-a11y-button","ariaLabel":"応答"},{"$i":"pickup-a11y-button","ariaLabel":"選択"},{"$i":"unlock-a11y-button","ariaLabel":"スライダー"},{"$i":"settings","$v":"設定"},{"$i":"delete-n-log?","$v":{"zero":"選択されていません","one":"選択した履歴を削除しますか？","two":["履歴を",{"t":"idOrVar","v":"n"},"件削除しますか？"],"few":["履歴を",{"t":"idOrVar","v":"n"},"件削除しますか？"],"many":["履歴を",{"t":"idOrVar","v":"n"},"件削除しますか？"],"other":["履歴を",{"t":"idOrVar","v":"n"},"件削除しますか？"]},"$x":[{"t":"idOrVar","v":"plural"},"n"]},{"$i":"callDurationMinutes","$v":[{"t":"idOrVar","v":"m"},":",{"t":"idOrVar","v":"s"}]},{"$i":"callDurationHours","$v":[{"t":"idOrVar","v":"h"},":",{"t":"idOrVar","v":"m"},":",{"t":"idOrVar","v":"s"}]},{"$i":"callDurationTextFormatSeconds","$v":[{"t":"idOrVar","v":"s"},"秒"]},{"$i":"callDurationTextFormatMinutes","$v":[{"t":"idOrVar","v":"m"},"分",{"t":"idOrVar","v":"s"},"秒"]},{"$i":"callDurationTextFormatHours","$v":[{"t":"idOrVar","v":"h"},"時間",{"t":"idOrVar","v":"m"},"分",{"t":"idOrVar","v":"s"},"秒"]},{"$i":"suggestionMatches","$v":{"one":["\"",{"t":"idOrVar","v":"matchNumber"},"\" と",{"t":"idOrVar","v":"n"},"件一致しました"],"two":["\"",{"t":"idOrVar","v":"matchNumber"},"\" と",{"t":"idOrVar","v":"n"},"件一致しました"],"few":["\"",{"t":"idOrVar","v":"matchNumber"},"\" と",{"t":"idOrVar","v":"n"},"件一致しました"],"many":["\"",{"t":"idOrVar","v":"matchNumber"},"\" と",{"t":"idOrVar","v":"n"},"件一致しました"],"other":["\"",{"t":"idOrVar","v":"matchNumber"},"\" と",{"t":"idOrVar","v":"n"},"件一致しました"]},"$x":[{"t":"idOrVar","v":"plural"},"n"]},{"$i":"scCallBarring","$v":"ダイヤル発信制限"},{"$i":"scCallForwarding","$v":"着信転送"},{"$i":"scClip","$v":"発信者番号の受信"},{"$i":"scClir","$v":"発信者番号の送信"},{"$i":"scPwd","$v":"パスワード変更"},{"$i":"scCallWaiting","$v":"割込通話"},{"$i":"scPin","$v":"PIN 変更"},{"$i":"scPin2","$v":"PIN2 変更"},{"$i":"scPuk","$v":"PIN ブロック解除"},{"$i":"scPuk2","$v":"PIN2 ブロック解除"},{"$i":"scImei","$v":"IMEI"},{"$i":"scUssd","$v":"USSD"},{"$i":"serviceClassVoice","$v":"音声"},{"$i":"serviceClassData","$v":"データ"},{"$i":"serviceClassFax","$v":"FAX"},{"$i":"serviceClassSms","$v":"SMS"},{"$i":"serviceClassDataSync","$v":"同期"},{"$i":"serviceClassDataAsync","$v":"非同期"},{"$i":"serviceClassPacket","$v":"パケット"},{"$i":"serviceClassPad","$v":"PAD"},{"$i":"smServiceEnabled","$v":"サービスを有効化しました"},{"$i":"smServiceDisabled","$v":"サービスは無効化されています"},{"$i":"smServiceRegistered","$v":"登録完了しました"},{"$i":"smServiceErased","$v":"抹消完了しました"},{"$i":"smServiceInterrogated","$v":"リクエストが完了しました"},{"$i":"smServiceNotProvisioned","$v":"サービスは用意されていません"},{"$i":"smClirPermanent","$v":"発信者番号を変更することはできません"},{"$i":"smClirDefaultOnNextCallOn","$v":"発信者番号の通知は制限されています。次回の発信: 制限あり"},{"$i":"smClirDefaultOnNextCallOff","$v":"発信者番号の通知は制限されています。次回の発信: 制限なし"},{"$i":"smClirDefaultOffNextCallOn","$v":"発信者番号の通知は制限されていません。次回の発信: 制限あり"},{"$i":"smClirDefaultOffNextCallOff","$v":"発信者番号の通知は制限されていません。次回の発信: 制限なし"},{"$i":"smServiceEnabledFor","$v":"サービスを有効化しました:"},{"$i":"smPinChanged","$v":"PIN コードが変更されました"},{"$i":"smPinUnblocked","$v":"PIN コードのブロックが解除されました"},{"$i":"smPin2Changed","$v":"PIN2 コードが変更されました"},{"$i":"smPin2Unblocked","$v":"PIN2 コードのブロックが解除されました"},{"$i":"ServiceIsEnabled","$v":"サービスは有効です"},{"$i":"ServiceIsDisabled","$v":"サービスは無効です"},{"$i":"ServiceIsEnabledFor","$v":"次のサービスが有効です:"},{"$i":"emMmiError","$v":"接続に問題があるか MMI コードが正しくありません"},{"$i":"emMmiErrorPasswordIncorrect","$v":"パスワードが正しくありません"},{"$i":"emMmiErrorNotSupported","$v":"MMI コードが正しくないかサポートされていません"},{"$i":"emMmiErrorInvalidAction","$v":"動作が正しくありません"},{"$i":"emMmiErrorInvalidScCode","$v":"サービスコードが正しくありません"},{"$i":"emMmiErrorBadPuk","$v":"入力された PUK コードが正しくありません"},{"$i":"emMmiErrorBadPin","$v":"入力された古い PIN コードが正しくありません"},{"$i":"emMmiErrorNeedPuk2","$v":"SIM カードのブロックを解除するには PUK2 コードを入力してください"},{"$i":"emMmiErrorMismatchPin","$v":"入力された PIN コードが一致しません"},{"$i":"emMmiErrorInvalidPin","$v":"PIN コードは 4 桁から 8 桁の数字を入力してください"},{"$i":"emMmiErrorNeedsPuk","$v":"SIM カードが PUK コードでロックされています"},{"$i":"emMmiErrorEnablePin","$v":"解除に失敗したため、SIM/RUIM をロックします"},{"$i":"emMmiErrorMmiFdn","$v":"固定ダイヤル番号への発信のみに制限されています"},{"$i":"emMmiErrorStkCcUssdDial","$v":"非構造付加サービスデータ (USSD) リクエストはダイヤル発信 (DIAL) リクエストに変更されています"},{"$i":"emMmiErrorStkCcUssdSs","$v":"非構造付加サービスデータ (USSD) リクエストは付加サービス (SS) リクエストに変更されています"},{"$i":"emMmiErrorStkCcUssdUssd","$v":"非構造付加サービスデータ (USSD) リクエストは新しい USSD リクエストに変更されています"},{"$i":"emMmiErrorStkCcSsDial","$v":"付加サービス (SS) リクエストはダイヤル発信 (DIAL) リクエストに変更されています"},{"$i":"emMmiErrorStkCcSsUssd","$v":"付加サービス (SS) リクエストは非構造付加サービスデータ (USSD) リクエストに変更されています"},{"$i":"emMmiErrorStkCcSsSs","$v":"付加サービス (SS) リクエストは新しい SS リクエストに変更されています"},{"$i":"emMmiErrorPinPukAttempts","$v":{"one":["残り",{"t":"idOrVar","v":"n"},"回 (最後)"],"two":["残り",{"t":"idOrVar","v":"n"},"回"],"few":["残り",{"t":"idOrVar","v":"n"},"回"],"many":["残り",{"t":"idOrVar","v":"n"},"回"],"other":["残り",{"t":"idOrVar","v":"n"},"回"]},"$x":[{"t":"idOrVar","v":"plural"},"n"]},{"$i":"emMmiErrorSimBlocked","$v":"入力可能回数の上限を超えました。SIM カードをブロックします。"},{"$i":"RadioNotAvailable","$v":"ラジオは利用できません"},{"$i":"GenericFailure","$v":"一般エラー"},{"$i":"PasswordIncorrect","$v":"パスワードが正しくありません"},{"$i":"SimPin2","$v":"SIM PIN2 コード"},{"$i":"SimPuk2","$v":"SIM PUK2 コード"},{"$i":"RequestNotSupported","$v":"未サポートのリクエスト"},{"$i":"OpNotAllowedDuringVoiceCall","$v":"音声発信中の操作は許可されていません"},{"$i":"SmsSendFailRetry","$v":"SMS 送信失敗による再試行"},{"$i":"SimAbsent","$v":"SIM カード無し"},{"$i":"SubscriptionNotAvailable","$v":"サブスクリプションは利用できません"},{"$i":"ModeNotSupported","$v":"未サポートのモード"},{"$i":"FdnCheckFailure","$v":"固定電話番号の確認失敗"},{"$i":"IllegalSimOrMe","$v":"違法な SIM または ME"},{"$i":"DialModifiedToUssd","$v":"ダイヤル発信が USSD に変更されました"},{"$i":"DialModifiedToSs","$v":"ダイヤル発信が付加サービスに変更されました"},{"$i":"DialModifiedToDial","$v":"ダイヤル発信がダイヤル発信に変更されました"},{"$i":"UssdModifiedToDial","$v":"USSD がダイヤル発信に変更されました"},{"$i":"UssdModifiedToSs","$v":"USSD が付加サービスに変更されました"},{"$i":"UssdModifiedToUssd","$v":"USSD が USSD に変更されました"},{"$i":"SsModifiedToDial","$v":"付加サービスがダイヤル発信に変更されました"},{"$i":"SsModifiedToUssd","$v":"付加サービスが USSD に変更されました"},{"$i":"SsModifiedToSs","$v":"付加サービスが付加サービスに変更されました"},{"$i":"SubscriptionNotSupported","$v":"未サポートのサブスクリプション"},{"$i":"InvalidParameter","$v":"パラメータが正しくありません"},{"$i":"RejectedByRemote","$v":"リモートから拒否されました"},{"$i":"conferenceCall","$v":["グループ通話 (",{"t":"idOrVar","v":"n"},")"]},{"$i":"caller-left-call","$v":[{"t":"idOrVar","v":"caller"}," さんが通話を終了しました。"]},{"$i":"conferenceAddError","$v":"グループ通話に合流できません"},{"$i":"conferenceRemoveError","$v":"グループ通話から離脱できません"},{"$i":"longDateFormat","$v":"%B%e日(%a)"},{"$i":"select-audio-sources","$v":"音声出力元を選択してください"},{"$i":"bluetooth-handsfree-device","$v":"Bluetooth ハンズフリー機器"},{"$i":"receiver","$v":"レシーバ"},{"$i":"speaker","$v":"スピーカ"},{"$i":"voicemailNoNumberTitle","$v":"ボイスメール番号が利用できません"},{"$i":"voicemailNoNumberText","$v":"ボイスメールを呼び出せません。呼び出すためのボイスメール番号を設定してください。"},{"$i":"voicemailNoNumberSettings","$v":"設定"},{"$i":"voicemailNoNumberCancel","$v":"キャンセル"},{"$i":"phoneNumberInput","ariaLabel":"電話番号"},{"$i":"keypadDelete","ariaLabel":"削除"},{"$i":"voiceMailKey","ariaLabel":"ボイスメール"},{"$i":"asterisk","ariaLabel":"アスタリスク"},{"$i":"hashSign","ariaLabel":"ハッシュ記号"},{"$i":"loadingSimContacts","$v":"Loading SIM card contacts…"},{"$i":"noContactsWereFound","$v":"No contacts were found"},{"$i":"noContactsFoundDialogOk","$v":"OK"},{"$i":"emergencyNumber","$v":"緊急通報用電話番号"},{"$i":"callAirplaneModeMessage","$v":"発信するには環境設定で機内モードを OFF にする必要があります。"},{"$i":"callAirplaneModeBtnOk","$v":"OK"},{"$i":"callAirplaneModeTitle","$v":"機内モードが ON です"},{"$i":"numberIsBusyTitle","$v":"発信先が話し中です"},{"$i":"numberIsBusyMessage","$v":"電話番号の相手が現在話し中です。後でおかけ直しください。"},{"$i":"fdnIsActiveTitle","$v":"FDN モードが ON です"},{"$i":"fdnIsActiveMessage","$v":["FDN (固定ダイヤル番号) モードが ON です。次の番号は FDN リストにありません: ",{"t":"idOrVar","v":"number"}]},{"$i":"emergencyDialogBodyBadNumber","$v":"発信するにはネットワーク設定を行う必要があります。"},{"$i":"emergencyDialogBodyDeviceNotAccepted","$v":"緊急通報はネットワークにより許可されていません。"},{"$i":"emergencyDialogBtnOk","$v":"OK"},{"$i":"emergencyDialogTitle","$v":"ネットワーク未接続"},{"$i":"invalidNumberToDialTitle","$v":"電話番号が正しくありません"},{"$i":"invalidNumberToDialMessage","$v":"おかけになった電話番号は正しくありません。"},{"$i":"unableToCallTitle","$v":"電話の発信ができません"},{"$i":"unableToCallMessage","$v":"発信できません。ダイヤル中の場合は先に発信ボタンを押してください。"},{"$i":"otherConnectionInUseTitle","$v":"他の回線が使用中です"},{"$i":"otherConnectionInUseMessage","$v":"別の回線で通話中です。同時に使用できる回線は1本までです。"}]