[{"$i":"close","$v":"បិទ"},{"$i":"import","$v":"នាំ​ចូល"},{"$i":"update","$v":"ធ្វើបច្ចុប្បន្នភាព"},{"$i":"fbFriends","$v":"មិត្តភ័ក្ដិ​លើ Facebook"},{"$i":"live-serviceName","$v":"Outlook"},{"$i":"gmail-serviceName","$v":"Gmail"},{"$i":"facebook-serviceName","$v":"មិត្តភ័ក្ដិ​លើ Facebook"},{"$i":"selectAll","$v":"ជ្រើស​ទាំងអស់"},{"$i":"deselectAll","$v":"មិន​ជ្រើស​ទាំងអស់"},{"$i":"viewAll","$v":"មើល​មិត្តភ័ក្ដិ Facebook ទាំងអស់"},{"$i":"viewRecommend","$v":"មើល​តែ​​​អ្នក​បាន​ផ្ដល់​អនុសាសន៍"},{"$i":"linkProposal","$v":{"zero":"មិន​មាន​មិត្តភ័ក្ដិ​ដែល​ផ្គូផ្គង​គ្នា​ទេ ។ បង្ហាញ​ទាំងអស់","one":"ជ្រើស​មួយ​ដែល​បាន​ផ្ដល់​អនុសាសន៍","two":"ជ្រើស​មួយ​ដែល​បាន​ផ្ដល់​អនុសាសន៍","few":"ជ្រើស​មួយ​ដែល​បាន​ផ្ដល់​អនុសាសន៍","many":"ជ្រើស​មួយ​ដែល​បាន​ផ្ដល់​អនុសាសន៍","other":"ជ្រើស​មួយ​ដែល​បាន​ផ្ដល់​អនុសាសន៍"},"$x":[{"t":"idOrVar","v":"plural"},"numFriends"]},{"$i":"fbFriendsFound","$v":{"zero":"បាន​នាំចូល​មិត្តភ័ក្ដិ​​របស់​អ្នក​ទាំងអស់","one":"រក​ឃើញ​មិត្តភ័ក្ដិ​ម្នាក់​ដើម្បី​នាំចូល","two":["រកឃើញ​មិត្តភ័ក្ដិ ",{"t":"idOrVar","v":"numFriends"}," ដើម្បី​នាំចូល"],"few":["រក​ឃើញ​មិត្តភ័ក្ដិ ",{"t":"idOrVar","v":"numFriends"}," ដើម្បី​នាំចូល"],"many":["រក​ឃើញ​មិត្តភ័ក្ដិ ",{"t":"idOrVar","v":"numFriends"}," ដើម្បី​នាំចូល"],"other":["រក​ឃើញ​មិត្តភ័ក្ដិ ",{"t":"idOrVar","v":"numFriends"}," ដើម្បី​នាំចូល"]},"$x":[{"t":"idOrVar","v":"plural"},"numFriends"]},{"$i":"fbNoFriends","$v":"មិន​មាន​ទំនាក់ទំនង​ដើម្បី​នាំចូល​ឡើយ"},{"$i":"facebook","$v":"Facebook"},{"$i":"search-contact","placeholder":"ស្វែងរក"},{"$i":"noResults","$v":"រក​មិន​ឃើញ​ទំនាក់ទំនង"},{"$i":"done-search","$v":"ធ្វើ​រួច"},{"$i":"progressFB3ImportTitle","$v":"នាំចូល​មិត្តភ័ក្ដិ​ទៅ​ទំនាក់ទំនង"},{"$i":"progressFB","$v":[{"t":"idOrVar","v":"current"},"/",{"t":"idOrVar","v":"total"}]},{"$i":"progressFB3UpdateTitle","$v":"ធ្វើ​បច្ចុប្បន្នភាព​មិត្តភ័ក្ដិ​ក្នុង​ទំនាក់ទំនង"},{"$i":"message2","$v":"នេះ​អាច​ចំណាយ​ពេល​ប៉ុន្មាន​នាទី"},{"$i":"messageLinking","$v":"សូម​រងចាំ។ យើង​​កំពុង​តភ្ជាប់​ទៅ​មិត្តភ័ក្ដិ និង​ទំនាក់ទំនង​របស់​អ្នក។"},{"$i":"messageCanceling","$v":"សូម​រង់ចាំ។ យើង​កំពុង​បោះបង់​ចោល​​ប្រតិបត្តិការ​ដែល​កំពុង​ដំណើរការ។"},{"$i":"error1","$v":["កំហុស ",{"t":"idOrVar","v":"from"}]},{"$i":"error2","$v":"តើ​អ្នក​ចង់ព្យាយាម​ម្ដងទៀត​ឬ ?"},{"$i":"errorProposal","$v":"កំពុង​គណនា​សំណើរ"},{"$i":"errorFriends","$v":"កំពុង​ទៅ​រក​មិត្តភ័ក្ដិ"},{"$i":"errorLinking","$v":"កំពុង​ភ្ជាប់​ទំនាក់ទំនង"},{"$i":"timeout1","$v":["ពេលវេលា​ហួស​កំណត់ ",{"t":"idOrVar","v":"from"}]},{"$i":"timeout2","$v":"តើ​អ្នក​ចង់ព្យាយាម​ម្ដងទៀត​ឬ ?"},{"$i":"timeoutProposal","$v":"កំពុង​គណនា​សំណើរ"},{"$i":"timeoutFriends","$v":"កំពុង​រក​មើល​មិត្តភ័ក្ដិ"},{"$i":"timeoutLinking","$v":"កំពុង​ភ្ជាប់​ទំនាក់ទំនង"},{"$i":"wait1","$v":"សូម​រង់ចាំ"},{"$i":"wait2","$v":"វា​អាច​ប្រើ​ពេល​ពីរ​បី​នាទី"},{"$i":"waitProposal","$v":"សូម​រង់ចាំ ។ យើង​កំពុង​គណនា​សំណើ ។"},{"$i":"waitFriends","$v":"សូម​រង់ចាំ ។ យើង​កំពុង​តភ្ជាប់​ដើម្បី​យក​បញ្ជី​មិត្តភ័ក្ដិ​របស់​អ្នក ។"},{"$i":"curtainCancel","$v":"បោះបង់"},{"$i":"curtainRetry","$v":"ព្យាយាម​ម្ដង​ទៀត"},{"$i":"curtainOK","$v":"យល់ព្រម"},{"$i":"connectionLost","$v":"គ្មាន​ការ​ភ្ជាប់​អ៊ីនធឺណិត"},{"$i":"connectionLostMsg","$v":"នឹង​មិន​បន្ថែម​រូបថត​របស់​មិត្តភ័ក្ដិ​​​ទៅ​ទំនាក់ទំនង​របស់​អ្នក​ទេ។ បន្ត​យ៉ាង​ណា​ក៏​​ដោយ​ឬ?"},{"$i":"yesOption","$v":"យល់ព្រម"},{"$i":"noOption","$v":"បោះបង់"},{"$i":"friendsUpdated","$v":{"zero":"មិន​មាន​មិត្ត​ភ័ក្ដិ​​បាន​ធ្វើ​បច្ចុប្បន្នភាព​ឡើយ","one":"បាន​ធ្វើ​បច្ចុប្បន្នភាព​មិត្តភ័ក្ដិ​ម្នាក់","two":["បាន​ធ្វើ​បច្ចុប្បន្នភាព​មិត្តភ័ក្ដិ ",{"t":"idOrVar","v":"numFriends"}],"few":["បាន​ធ្វើ​បច្ចុប្បន្នភាព​មិត្តភ័ក្ដិ ",{"t":"idOrVar","v":"numFriends"}],"many":["បាន​ធ្វើ​បច្ចុប្បន្នភាព​មិត្តភ័ក្ដិ ",{"t":"idOrVar","v":"numFriends"}],"other":["បាន​ធ្វើ​បច្ចុប្បន្នភាព​មិត្តភ័ក្ដិ ",{"t":"idOrVar","v":"numFriends"}]},"$x":[{"t":"idOrVar","v":"plural"},"numFriends"]},{"$i":"friendsMerged","$v":{"zero":"មិន​មាន​ការ​បញ្ចូល​គ្នា​មិត្តភ័ក្ដិ​ដែល​ស្ទួន","one":"បាន​បញ្ចូល​គ្នា​មិត្តភ័ក្ដិ​ម្នាក់​ដែល​ស្ទួន","two":["បាន​បញ្ចូល​គ្នា​មិត្តភ័ក្ដិ ",{"t":"idOrVar","v":"numDups"}],"few":["បាន​បញ្ចូល​គ្នា​មិត្តភ័ក្ដិ ",{"t":"idOrVar","v":"numDups"}],"many":["បាន​បញ្ចូល​គ្នា​មិត្តភ័ក្ដិ ",{"t":"idOrVar","v":"numDups"}],"other":["បាន​បញ្ចូល​គ្នា​មិត្តភ័ក្ដិ ",{"t":"idOrVar","v":"numDups"}]},"$x":[{"t":"idOrVar","v":"plural"},"numDups"]},{"$i":"notificationLogin","$v":"សម័យ Facebook របស់​អ្នក​មិន​ត្រឹមត្រូវ។ សូម​ចូល។"},{"$i":"syncError","$v":"មាន​កំហុស​​​​ក្នុង​ការ​ធ្វើ​សមកាលកម្ម​ទិន្នន័យ​របស់​មិត្តភ័ក្ដិ​អ្នក"},{"$i":"waitDuplicateContacts","$v":"រក​មើល​ទំនាក់ទំនង​ដែល​ស្ទួន​គ្នា"},{"$i":"waitMergingDuplicateContacts","$v":"បញ្ចូល​ទំនាក់ទំនង​ស្ទួន​គ្នា​ចូលគ្នា"},{"$i":"alertNoDuplicateContacts","$v":"រក​មិន​ឃើញ​ទំនាក់​ទំនង​ដែល​​ស្ទួន​គ្នា"},{"$i":"merge","ariaLabel":"បញ្ចូល​ចូលគ្នា"},{"$i":"mergeDuplicateTitle","$v":"បញ្ចូល​ឈ្មោះ​ស្ទួន​គ្នា"},{"$i":"suggestedDuplicateContacts","$v":["បាន​​ស្នើ​ទំនាក់ទំនង​ដែល​ស្ទួន​នឹង ",{"t":"idOrVar","v":"name"}]},{"$i":"mergeActionButtonLabel","$v":{"zero":"គ្មាន​ទំនាក់ទំនង​បាន​ជ្រើស","one":["បញ្ចូល​ទំនាក់ទំនង ",{"t":"idOrVar","v":"n"}," ចូល​គ្នា"],"two":["បញ្ចូល​ទំនាក់ទំនង ",{"t":"idOrVar","v":"n"}," ចូល​គ្នា"],"few":["បញ្ចូល​ទំនាក់ទំនង ",{"t":"idOrVar","v":"n"}," ចូល​គ្នា"],"many":["បញ្ចូល​ទំនាក់ទំនង ",{"t":"idOrVar","v":"n"}," ចូល​គ្នា"],"other":["បញ្ចូល​ទំនាក់ទំនង ",{"t":"idOrVar","v":"n"}," ចូល​គ្នា"]},"$x":[{"t":"idOrVar","v":"plural"},"n"]},{"$i":"duplicatesFoundTitle","$v":"រក​ឃើញ​​ភាព​ស្ទួន​គ្នា"},{"$i":"duplicatesFoundMessage","$v":[{"t":"idOrVar","v":"name"}," មាន​ព័ត៌មាន​ស្ទួន​គ្នា​នៅ​ក្នុង​ទំនាក់ទំនង​ខាងក្រោម​នេះ"]},{"$i":"ok","$v":"យល់ព្រម"},{"$i":"gaia-menu-cancel","$v":"បោះបង់"},{"$i":"gaia-sim-picker-dial-via-with-number","$v":["Dial ",{"t":"idOrVar","v":"phoneNumber"}," via"]},{"$i":"gaia-sim-picker-select-sim","$v":"Select SIM"},{"$i":"gaia-sim-picker-button","$v":["SIM",{"t":"idOrVar","v":"n"}]},{"$i":"gaia-sim-picker-button-default","$v":"(default)"},{"$i":"call","$v":"ហៅ"},{"$i":"edit","$v":"កែសម្រួល"},{"$i":"cancel","$v":"បោះបង់"},{"$i":"done","$v":"ធ្វើ​រួច"},{"$i":"retry","$v":"ព្យាយាម​ម្ដង​ទៀត"},{"$i":"contacts","$v":"ទំនាក់ទំនង"},{"$i":"addContact","$v":"បន្ថែម​ទំនាក់ទំនង"},{"$i":"deleteContact","$v":"លុប​ទំនាក់ទំនង"},{"$i":"selectContact","$v":"ជ្រើស​ទំនាក់ទំនង​"},{"$i":"editContact","$v":"កែ​​ទំនាក់ទំនង"},{"$i":"deleteConfirmMsg","$v":"លុប​ទំនាក់ទនង​?"},{"$i":"remove","$v":"លុប​ចេញ"},{"$i":"delete","$v":"​លុប​"},{"$i":"comments","$v":"មតិយោបល់"},{"$i":"no_contact_phones","$v":"ទំនាក់ទំនង​នេះ​មិន​មាន​លេខ​ទូរសព្ទ​ទេ"},{"$i":"no_contact_email","$v":"ទំនាក់​ទំនង​នេះ​មិន​មាន​អ៊ីមែល​ទេ"},{"$i":"no_contact_data","$v":"ទំនាក់ទំនង​នេះ​​មិន​មាន​​លេខ​ទូរស័ព្ទ និង​អាសយដ្ឋាន​អ៊ីមែល​ឡើយ"},{"$i":"removePhotoConfirm","$v":"លុប​រូបភាព​​​ទំនាក់ទំនង​​ឬ?"},{"$i":"loadingContacts","$v":"កំពុង​ផ្ទុក​ទំនាក់ទំនង..."},{"$i":"noContactsActivity2","$v":"No contacts in your Contacts list"},{"$i":"noName","$v":"គ្មាន​ឈ្មោះ"},{"$i":"givenName","placeholder":"ឈ្មោះ"},{"$i":"familyName","placeholder":"នាមត្រកូល"},{"$i":"tel","placeholder":"ទូរស័ព្ទ"},{"$i":"carrier","$v":"ក្រុមហ៊ុន​ទូរគមនាគមន៍","placeholder":"ក្រុមហ៊ុន​ទូរគមនាគមន៍"},{"$i":"separator","$v":","},{"$i":"email","$v":"អ៊ីមែល","placeholder":"អ៊ីមែល"},{"$i":"streetAddress","placeholder":"ផ្លូវ"},{"$i":"postalCode","placeholder":"លេខ​​កូដ​តំបន់"},{"$i":"locality","placeholder":"ទីក្រុង"},{"$i":"countryName","placeholder":"ប្រទេស"},{"$i":"comment","placeholder":"មតិយោបល់"},{"$i":"org","placeholder":"ក្រុមហ៊ុន"},{"$i":"date","$v":"កាលបរិច្ឆេទ","placeholder":"កាលបរិច្ឆេទ"},{"$i":"date-span-placeholder","$v":"កាលបរិច្ឆេទ"},{"$i":"birthday","$v":"ថ្ងៃកំណើត"},{"$i":"dateFormat","$v":"%B %e"},{"$i":"dateOutput","$v":[{"t":"idOrVar","v":"dayMonthFormatted"}," ",{"t":"idOrVar","v":"year"}]},{"$i":"anniversary","$v":"បុណ្យខួប​"},{"$i":"addPhoto","$v":"បន្ថែម​រូបភាព"},{"$i":"addPhone","$v":"បន្ថែម​ទូរស័ព្ទ"},{"$i":"addEmail","$v":"បន្ថែម​អ៊ីមែល"},{"$i":"addAddress","$v":"បន្ថែម​អាសយដ្ឋាន"},{"$i":"addDate","$v":"បន្ថែម​កាលបរិច្ឆេទ"},{"$i":"addComment","$v":"បន្ថែម​មតិយោបល់"},{"$i":"addFavorite","$v":"បន្ថែម​ទៅ​សំណព្វ"},{"$i":"removeFavorite","$v":"យកចេញ​សំណព្វ"},{"$i":"addButton","ariaLabel":"បន្ថែម"},{"$i":"editButton","ariaLabel":"កែសម្រួល"},{"$i":"settingsButton","ariaLabel":"ការ​កំណត់"},{"$i":"phoneDetail","ariaLabel":"ទូរស័ព្ទ"},{"$i":"emailDetail","ariaLabel":"អ៊ីមែល"},{"$i":"addressDetail","ariaLabel":"អាសយដ្ឋាន"},{"$i":"dateDetail","ariaLabel":"កាលបរិច្ឆេទ"},{"$i":"composeEmail","ariaLabel":"អ៊ីមែល"},{"$i":"makeCall","ariaLabel":"ហៅ"},{"$i":"phones","ariaLabel":"ទូរស័ព្ទ"},{"$i":"emails","ariaLabel":"អ៊ីមែល"},{"$i":"addresses","ariaLabel":"អាសយដ្ឋាន"},{"$i":"dates","ariaLabel":"កាលបរិច្ឆេទ"},{"$i":"notes","ariaLabel":"ចំណាំ"},{"$i":"exit","$v":"ចេញ"},{"$i":"expand","$v":"ពង្រីក"},{"$i":"labelName","$v":"ឈ្មោះ ៖"},{"$i":"labelLastName","$v":"នាម​ត្រកូល ៖"},{"$i":"labelPhoneNumber","$v":"លេខ​ទូរស័ព្ទ ៖"},{"$i":"labelCarrier","$v":"ក្រុមហ៊ុន​ទូរគមនាគមន៍ ៖"},{"$i":"labelEmail","$v":"អ៊ីមែល ៖"},{"$i":"labelStreet","$v":"វិថី ៖"},{"$i":"labelZip","$v":"លេខ​កូដ​តំបន់ ៖"},{"$i":"labelCity","$v":"ទីក្រុង ៖"},{"$i":"labelCountry","$v":"ប្រទេស ៖"},{"$i":"labelComment","$v":"មតិយោបល់ ៖"},{"$i":"legendTitleMain","$v":"ព័ត៌មាន​ចម្បង"},{"$i":"legendPhones","$v":"លេខ​ទូរស័ព្ទ"},{"$i":"legendEmail","$v":"អាសយដ្ឋាន​អ៊ីមែល"},{"$i":"legendAddress","$v":"អាសយដ្ឋាន"},{"$i":"transferContactsTitle","$v":"ផ្ទេរ​ទំនាក់ទំនង"},{"$i":"importContactsTitle","$v":"នាំចូល​ទំនាក់ទំនង"},{"$i":"importContactsButton","$v":"នាំចូល​ទំនាក់ទំនង"},{"$i":"exportContactsTitle","$v":"នាំចេញ​ទំនាក់ទំនង"},{"$i":"exportContactsButton","$v":"នាំចេញ​ទំនាក់ទំនង"},{"$i":"exportContactsAction","$v":"នាំចេញ"},{"$i":"simExport-title","$v":"នាំចេញ​ទៅ SIM"},{"$i":"memoryCardExport-title","$v":"Export to memory card"},{"$i":"btExport-title","$v":"នាំ​ចេញ​ទៅប៊្លូសធូស"},{"$i":"memoryCardUMSEnabled","$v":"មិន​អាច​ប្រើ​កាត​អង្គ​ចងចាំ ព្រោះ​​បាន​បើក​ឧបករណ៍​ផ្ទុក​យូអេសប៊ី"},{"$i":"exportErrorTitle","$v":"កំហុស​នាំចេញ"},{"$i":"contactsExported2","$v":{"zero":"គ្មាន​បញ្ជី​ទំនាក់​ទំនង​បាន​នាំចេញ","one":["បាន​នាំចេញ​ទំនាក់ទំនង ",{"t":"idOrVar","v":"exported"},"/",{"t":"idOrVar","v":"total"}],"two":["បាន​នាំចេញ​ទំនាក់ទំនង ",{"t":"idOrVar","v":"exported"},"/",{"t":"idOrVar","v":"total"}],"few":["បាន​នាំចេញ​ទំនាក់ទំនង ",{"t":"idOrVar","v":"exported"},"/",{"t":"idOrVar","v":"total"}],"many":["បាន​នាំ​ចេញ​ទំនាក់ទំនង ",{"t":"idOrVar","v":"exported"},"/",{"t":"idOrVar","v":"total"}],"other":["បាន​នាំ​ចេញ​ទំនាក់ទំនង ",{"t":"idOrVar","v":"exported"},"/",{"t":"idOrVar","v":"total"}]},"$x":[{"t":"idOrVar","v":"plural"},"exported"]},{"$i":"exportError-general","$v":"មាន​កំហុស​​​កើត​ឡើង​​អំឡុង​ពេល​នាំចេញ"},{"$i":"exportError-SD-shared","$v":"មិន​អាច​ដំណើរការ​កាត​អង្គ​ចងចាំ​បាន​ទេ ព្រោះ​វា​ត្រូវ​បាន​ចែករំលែក"},{"$i":"exportError-SD-unavailable","$v":"កាត​អង្គ​ចងចាំ​មិន​អាច​ប្រើ​បាន"},{"$i":"exportError-SD-noSpace","$v":"មិន​មាន​ទំហំ​ទំនេរ​គ្រប់គ្រាន់​នៅ​លើ​កាត​អង្គ​ចងចាំ​ដើម្បី​នាំចេញ​​​ទំនាក់ទំនង"},{"$i":"exportError-SIM-unavailable","$v":"SIM ​កាត​មិន​អាច​ប្រើ​បាន"},{"$i":"exportError-BT-shared","$v":"មិន​អាច​ដំណើរការ​កាត​អង្គ​ចងចាំ​បាន​ទេ ព្រោះ​វា​ត្រូវ​បាន​ចែក​រំលែក"},{"$i":"exportError-BT-unavailable","$v":"កាត់​អង្គ​ចងចាំ​មិន​អាច​ប្រើបាន"},{"$i":"exportError-BT-noSpace","$v":"មិន​មាន​ទំហំ​ទំនេរ​គ្រប់គ្រាន់​នៅ​លើ​កាត​អង្គ​ចងចាំ​ដើម្បី​នាំចេញ​​​​ទំនាក់ទំនង"},{"$i":"social-network","$v":"បណ្ដាញ​សង្គម"},{"$i":"social-link","$v":"ភ្ជាប់​ទំនាក់ទំនង"},{"$i":"social-unlink","$v":"ផ្ដាច់​​ទំនាក់ទំនង"},{"$i":"social-unlink-confirm-title","$v":"តើ​អ្នក​ចង់​​ផ្ដាច់​​ទំនាក់ទំនង​ជាមួយ​មិត្ត​របស់​អ្នក​ឬ?"},{"$i":"social-unlink-confirm-accept","$v":"ដក​តំណ​ចេញ"},{"$i":"facebook-import","$v":"នាំចូល​មិត្តភ័ក្ដិ​​ពី Facebook"},{"$i":"show-fb-profile","$v":"មើល​ប្រវត្តិរូប Facebook"},{"$i":"msg-send","$v":"សារ"},{"$i":"wall-post","$v":"ប្រកាស​លើ​​ផ្ទៃ​មុខ"},{"$i":"share-contact","$v":"ចែករំលែក​​ទំនាក់ទំនង​"},{"$i":"facebook-export-forbidden","$v":"មិន​អាច​ចែករំលែក​ទំនាក់ទំនង​​បាន​ទេ ដោយសារតែ​​ការ​ដាក់​កំហិត​របស់ Facebook។"},{"$i":"otherAccount","$v":"គណនី​ផ្សេងទៀត"},{"$i":"facebookSwitchMsg","$v":"ធ្វើ​សមកាល​មិត្តិភ័ក្ដិ"},{"$i":"select_mobile","$v":"ជ្រើស​ទូរស័ព្ទ"},{"$i":"select_email","$v":"ជ្រើស​អ៊ីមែល"},{"$i":"select_recipient","$v":"ជ្រើស​អ្នក​ទទួល"},{"$i":"contactsOrderBy","$v":"តម្រៀប​តាម​នាម​ត្រកូល"},{"$i":"importSim2","$v":"SIM កាត"},{"$i":"importGmail","$v":"Gmail"},{"$i":"bluetooth","$v":"ប្ល៊ូធូស"},{"$i":"importOutlook","$v":"Outlook"},{"$i":"fbUpdateFriends","$v":"ធ្វើ​បច្ចុប្បន្នភាព​មិត្តភ័ក្ដិ​ដែល​បាន​នាំចូល"},{"$i":"cleaningFbData","$v":"លុប​ទិន្នន័យ Facebook ចេញ"},{"$i":"loggingOutFb","$v":"ចេញ​ពី Facebook"},{"$i":"cleanFbConfirmMsg","$v":"លុប​ទិន្នន័យ Facebook ទាំងអស់​ចេញ?"},{"$i":"renewPwdMsg","$v":"ពាក្យសម្ងាត់​របស់​អ្នក​នៅ​ក្នុង Facebook ត្រូវ​បាន​ប្ដូរ ។ សូម​ធ្វើ​បច្ចុប្បន្នភាព​វា ។"},{"$i":"notEnabledYet","$v":"មិន​ទាន់​បើក​ឲ្យ​ប្រើ​បាន​នៅ​ឡើង​ទេ"},{"$i":"genericNoConnection","$v":"ដើម្បី​នាំចូល​ទំនាក់​ទំនង សូម​​ភ្ជាប់​ទៅ​បណ្ដាញ​ Wi-Fi ឬ​​ទិន្នន័យ​ទូរសព្ទ"},{"$i":"simCard","$v":"SIM កាត"},{"$i":"memoryCard","$v":"កាត​អង្គ​ចងចាំ"},{"$i":"simNumberNoMSISDN","$v":["SIM ",{"t":"idOrVar","v":"number"},":"]},{"$i":"simNumberWithMSISDN","$v":["SIM ",{"t":"idOrVar","v":"number"},": ",{"t":"idOrVar","v":"msisdn"}]},{"$i":"ICEContactsGroup","$v":"ទំនាក់ទំនង ICE"},{"$i":"setICEButton","$v":"កំណត់​ទំនាក់ទំនង ICE"},{"$i":"ICESettingTitle","$v":"ទំនាក់ទំនង ICE"},{"$i":"ICEDescription","$v":"បន្ថែម​ទំនាក់ទំនង​ពីរ​​សម្រាប់​ការ​ហៅ “ក្នុង​ករណី​មាន​អាសន្ន” ។"},{"$i":"ICEContact1","$v":"ទំនាក់ទំនង 1 ICE"},{"$i":"ICESelectContact","$v":"ជ្រើស​ទំនាក់ទំនង"},{"$i":"ICEContact2","$v":"ទំនាក់ទំនង 2 ICE"},{"$i":"ICERepeatedContact","$v":"ទំនាក់ទំនង​នេះ​គឺជា​ទំនាក់ទំនង ICE ដែល​មាន​រួចហើយ"},{"$i":"ICEUnknownError","$v":"មាន​កំហុស​ក្នុង​ការ​កំណត់​ទំនាក់ទំនង​ជា ICE"},{"$i":"ICEContactNoNumber","$v":"ទំនាក់ទំនង​នេះ​មិន​មាន​លេខ​ទូរសព្ទ"},{"$i":"ICEFacebookContactNotAllowed","$v":"ទំនាក់ទំនង Facebook មិន​អាច​កំណត់​ជា​ទំនាក់ទំនង ICE បាន​ទេ"},{"$i":"ICEContactDelTel","$v":"Deleted phone numbers are removed from ICE Contact"},{"$i":"ICEContactDelTelAll","$v":"All the numbers are deleted. This contact is removed from the ICE Contacts."},{"$i":"no-contacts","$v":"គ្មាន​ទំនាក់ទំនង"},{"$i":"start-adding","$v":"ចាប់ផ្ដើម​បន្ថែម​​វា​ឥឡូវ"},{"$i":"notImported","$v":"មិន​បាននាំចូល"},{"$i":"imported","$v":"បាននាំចូល"},{"$i":"today","$v":"ថ្ងៃ​នេះ"},{"$i":"yesterday","$v":"ម្សិលមិញ"},{"$i":"organise-contacts","$v":"រៀបចំ​ទំនាក់ទំនង"},{"$i":"find-merge-contacts","$v":"រក​ទំនាក់ទំនង​ដែល​ស្ទួន​គ្នា"},{"$i":"preparing-contacts","$v":"រៀបចំ​ទំនាក់ទំនង"},{"$i":"exportError-SIM-NoFreeRecordFound","$v":"SIM កាត​ពេញ"},{"$i":"exportError-SIM-CannotAccessPhoneBook","$v":"មិន​អាច​សូម​ប្រើ​សៀវភៅ​ទូរស័ព្ទ​របស់​ស៊ីម​កាត​បាន​ទេ"},{"$i":"exportError-SIM-Unavailable","$v":"រក​មិន​ឃើញ​ SIM"},{"$i":"exportError-SIM-GenericError","$v":"កំហុស​បាន​កើត​ឡើង​លក្ខណៈ​ពេល​នាំចេញ​ទំនាក់ទំនង"},{"$i":"noSimMsgExport","$v":"ដើម្បី​នាំចេញ​ទំនាក់ទំនង បញ្ចូល ឬ​ដោះ​សោ SIM កាត"},{"$i":"noMemoryCardMsgExport","$v":"ដើម្បី​នាំចេញ​​ទំនាក់ទំនង​ សូម​បញ្ចូល​កាត​អង្គ​ចងចាំ"},{"$i":"ContactManagementTitle","$v":"ការ​គ្រប់គ្រង​ទំនាក់ទំនង"},{"$i":"DeleteTitle","$v":"​លុប​"},{"$i":"bulkDeleteButton","$v":"លុប​ទំនាក់ទំនង"},{"$i":"BulkDelCancel","$v":"បាន​បោះបង់​ការ​លុប​ទំនាក់ទំនង"},{"$i":"DeletedTxt","$v":{"zero":"គ្មាន​ទំនាក់ទំនង​ត្រូវ​លុប","one":"បាន​លុប​ទំនាក់ទំនង 1","two":["បាន​លុប​ទំនាក់ទំនង ",{"t":"idOrVar","v":"n"}],"few":["បាន​លុប​ទំនាក់ទំនង ",{"t":"idOrVar","v":"n"}],"many":["បាន​លុប​ទំនាក់ទំនង ",{"t":"idOrVar","v":"n"}],"other":["បាន​លុប​ទំនាក់ទំនង ",{"t":"idOrVar","v":"n"}]},"$x":[{"t":"idOrVar","v":"plural"},"n"]},{"$i":"DeletingContacts","$v":"លុប​ទំនាក់ទំនង"},{"$i":"ContactConfirmDel","$v":{"zero":"គ្មាន​ទំនាក់ទំនង​ត្រូវ​លុប","one":"បាន​លុប​ទំនាក់ទំនង 1 ? វា​មិន​អាច​មិន​ធ្វើ​វិញ។","two":["លុប​ទំនាក់ទំនង ",{"t":"idOrVar","v":"n"}," ? វា​មិន​អាច​មិន​ធ្វើ​វិញ​បាន​ទេ។"],"few":["លុប​ទំនាក់ទំនង ",{"t":"idOrVar","v":"n"}," ? វា​មិន​អាច​មិន​ធ្វើ​វិញ​បាន​ទេ។"],"many":["លុប​ទំនាក់ទំនង ",{"t":"idOrVar","v":"n"}," ? វា​មិន​អាច​មិន​ធ្វើ​វិញ​បាន​ទេ។"],"other":["លុប​ទំនាក់ទំនង ",{"t":"idOrVar","v":"n"}," ? វា​មិន​អាច​មិន​ធ្វើ​វិញ​បាន​ទេ។"]},"$x":[{"t":"idOrVar","v":"plural"},"n"]},{"$i":"SelectedTxt","$v":{"zero":"ទំនាក់ទំនង","one":["បាន​ជ្រើស ",{"t":"idOrVar","v":"n"}],"two":["បាន​ជ្រើស ",{"t":"idOrVar","v":"n"}],"few":["បាន​ជ្រើស​ ",{"t":"idOrVar","v":"n"}],"many":["បាន​ជ្រើស ",{"t":"idOrVar","v":"n"}],"other":["បាន​ជ្រើស ",{"t":"idOrVar","v":"n"}]},"$x":[{"t":"idOrVar","v":"plural"},"n"]},{"$i":"video","$v":"វីដេអូ"},{"$i":"audio","$v":"អូឌីយ៉ូ"},{"$i":"pick_destination","$v":[{"t":"idOrVar","v":"destination"}," ",{"t":"idOrVar","v":"carrier"}]},{"$i":"removeField","ariaLabel":"លុប​ចេញ"},{"$i":"undo","ariaLabel":"មិន​ធ្វើ​វិញ"},{"$i":"send-sms-button","ariaLabel":"SMS"},{"$i":"ice_contacts","$v":"ទំនាក់ទំនង ICE"},{"$i":"edit-picture","$v":"Edit Picture"},{"$i":"remove-photo","$v":"Remove photo"},{"$i":"change-photo","$v":"Change photo"},{"$i":"photo-options","$v":"ជម្រើស​រូបថត"},{"$i":"vCardContacts-imported","$v":{"zero":"No contacts imported","one":"Imported one contact","two":["Imported ",{"t":"idOrVar","v":"n"}," contacts"],"few":["Imported ",{"t":"idOrVar","v":"n"}," contacts"],"many":["Imported ",{"t":"idOrVar","v":"n"}," contacts"],"other":["Imported ",{"t":"idOrVar","v":"n"}," contacts"]},"$x":[{"t":"idOrVar","v":"plural"},"n"]},{"$i":"voiceMail","$v":"សារ​ជា​សំឡេង"},{"$i":"back","$v":"ថយក្រោយ"},{"$i":"noSimMsg","$v":"ដើម្បីនាំចូលទំនាក់ទំនង បញ្ចូល ឬ​ដោះសោ​ស៊ីមកាត​របស់​អ្នក"},{"$i":"noMemoryCardMsg","$v":"ដើម្បី​នាំចូល​ទំនាក់ទំនង បញ្ចូល​កាត​អង្គចងចាំ"},{"$i":"importMemoryCard","$v":"កាត​អង្គចងចាំ"},{"$i":"noConnection11","$v":"ដើម្បី​នាំចូល​​ទំនាក់ទំនង​ ឬ​មត្តិភ័ក្ដិ​លើ Facebook សូម​ភ្ជាប់បណ្ដាញ​វ៉ាយហ្វាយ ឬ​ទិន្នន័យ"},{"$i":"emptyAccount","$v":"No friends or contacts found in this account."},{"$i":"simContacts-import","$v":"នាំចូល​ទំនាក់ទំនង​ស៊ីមកាត"},{"$i":"simContacts-importing","$v":"កំពុង​នាំចូល​ទំនាក់ទំនង​ស៊ីមកាត…"},{"$i":"simContacts-reading","$v":"កំពុង​អាន​ពី​ស៊ីមកាត…"},{"$i":"simContacts-error","$v":"មិន​អាច​នាំចូល​ទំនាក់ទំនង​ពី​ស៊ីម"},{"$i":"simContacts-imported3","$v":{"zero":"រក​មិន​ឃើញ​ទំនាក់ទំនង​នៅ​លើ​ស៊ីម​ដើម្បី​នាំចូល​ឡើយ","one":"បាន​នាំចូល​ទំនាក់ទំនង​មួយ","two":["បាន​នាំចូល​ទំនាក់ទំនង ",{"t":"idOrVar","v":"n"}],"few":["បាន​នាំចូល​ទំនាក់ទំនង ",{"t":"idOrVar","v":"n"}],"many":["បាន​នាំចូល​ទំនាក់ទំនង ",{"t":"idOrVar","v":"n"}],"other":["បាន​នាំចូល​ទំនាក់ទំនង ",{"t":"idOrVar","v":"n"}]},"$x":[{"t":"idOrVar","v":"plural"},"n"]},{"$i":"memoryCardContacts-import","$v":"នាំចូល​ទំនាក់ទំនង​ពី​កាត​អង្គ​ចងចាំ"},{"$i":"memoryCardContacts-importing","$v":"កំពុង​នាំចូល​ទំនាក់ទំនង​ពី​កាត​អង្គ​ចងចាំ…"},{"$i":"memoryCardContacts-reading","$v":"កំពុង​អាន​ពី​កាត​អង្គ​ចងចាំ…"},{"$i":"memoryCardContacts-error","$v":"មិន​អាច​នាំចូល​ទំនាក់ទំនង​ពី​កាត​អង្គ​ចងចាំ​បាន​ទេ"},{"$i":"memoryCardContacts-imported3","$v":{"zero":"រក​មិន​ឃើញ​ទំនាក់ទំនង​នៅ​លើ​កាត​អង្គ​ចងចាំ​ដើម្បី​នាំចូល​បាន​ទេ","one":"បាន​នាំចូល​ទំនាក់ទំនង​មួយ","two":["បាន​នាំចូល​ទំនាក់ទំនង ",{"t":"idOrVar","v":"n"}],"few":["បាន​នាំចូល​ទំនាក់ទំនង ",{"t":"idOrVar","v":"n"}],"many":["បាន​នាំចូល​ទំនាក់ទំនង ",{"t":"idOrVar","v":"n"}],"other":["បាន​នាំចូល​​ទំនាក់ទំនង ",{"t":"idOrVar","v":"n"}]},"$x":[{"t":"idOrVar","v":"plural"},"n"]},{"$i":"genericProgress","$v":[{"t":"idOrVar","v":"current"},"/",{"t":"idOrVar","v":"total"}]},{"$i":"facebook-import-msg2","$v":[{"t":"idOrVar","v":"imported"},"/",{"t":"idOrVar","v":"total"}," friends imported"]},{"$i":"contactsMerged","$v":{"zero":"មិន​មាន​ទំនាក់ទំនង​ស្ទួន​​បាន​បញ្ចូល​គ្នា​ឡើយ","one":"បាន​បញ្ចូល​គ្នា​ទំនាក់ទំនង​ស្ទួន​​​មួយ​","two":["បាន​បញ្ចូល​ទំនាក់ទំនង ",{"t":"idOrVar","v":"numDups"}],"few":["បាន​បញ្ចូល​ទំនាក់ទំនង ",{"t":"idOrVar","v":"numDups"}],"many":["បាន​បញ្ចូល​គ្នា​ទំនាក់ទំនង ",{"t":"idOrVar","v":"numDups"}],"other":["បាន​បញ្ចូល​គ្នា​ទំនាក់ទំនង ",{"t":"idOrVar","v":"numDups"}," "]},"$x":[{"t":"idOrVar","v":"plural"},"numDups"]},{"$i":"weekday-0-long","$v":"អាទិត្យ"},{"$i":"weekday-1-long","$v":"ច័ន្ទ"},{"$i":"weekday-2-long","$v":"អង្គារ"},{"$i":"weekday-3-long","$v":"ពុធ"},{"$i":"weekday-4-long","$v":"ព្រហស្បតិ៍"},{"$i":"weekday-5-long","$v":"សុក្រ"},{"$i":"weekday-6-long","$v":"សៅរ៍"},{"$i":"weekday-0-short","$v":"អាទិត្យ"},{"$i":"weekday-1-short","$v":"ច័ន្ទ"},{"$i":"weekday-2-short","$v":"អង្គារ"},{"$i":"weekday-3-short","$v":"ពុធ"},{"$i":"weekday-4-short","$v":"ព្រហស្បតិ៍"},{"$i":"weekday-5-short","$v":"សុក្រ"},{"$i":"weekday-6-short","$v":"សៅរ៍"},{"$i":"month-0-long","$v":"មករា"},{"$i":"month-1-long","$v":"កុម្ភៈ"},{"$i":"month-2-long","$v":"មីនា"},{"$i":"month-3-long","$v":"មេសា"},{"$i":"month-4-long","$v":"ឧសភា"},{"$i":"month-5-long","$v":"មិថុនា"},{"$i":"month-6-long","$v":"កក្កដា"},{"$i":"month-7-long","$v":"សីហា"},{"$i":"month-8-long","$v":"កញ្ញា"},{"$i":"month-9-long","$v":"តុលា"},{"$i":"month-10-long","$v":"វិច្ឆិកា"},{"$i":"month-11-long","$v":"ធ្នូ"},{"$i":"month-0-genitive","$v":"មករា"},{"$i":"month-1-genitive","$v":"កុម្ភៈ"},{"$i":"month-2-genitive","$v":"មីនា"},{"$i":"month-3-genitive","$v":"មេសា"},{"$i":"month-4-genitive","$v":"ឧសភា"},{"$i":"month-5-genitive","$v":"មិថុនា"},{"$i":"month-6-genitive","$v":"កក្កដា"},{"$i":"month-7-genitive","$v":"សីហា"},{"$i":"month-8-genitive","$v":"កញ្ញា"},{"$i":"month-9-genitive","$v":"តុលា"},{"$i":"month-10-genitive","$v":"វិច្ឆិកា"},{"$i":"month-11-genitive","$v":"ធ្នូ"},{"$i":"month-0-short","$v":"មករា"},{"$i":"month-1-short","$v":"កុម្ភៈ"},{"$i":"month-2-short","$v":"មីនា"},{"$i":"month-3-short","$v":"មេសា"},{"$i":"month-4-short","$v":"ឧសភា"},{"$i":"month-5-short","$v":"មិថុនា"},{"$i":"month-6-short","$v":"កក្កដា"},{"$i":"month-7-short","$v":"សីហា"},{"$i":"month-8-short","$v":"កញ្ញា"},{"$i":"month-9-short","$v":"តុលា"},{"$i":"month-10-short","$v":"វិច្ឆិកា"},{"$i":"month-11-short","$v":"ធ្នូ"},{"$i":"minutes-ago-long","$v":{"zero":"អម្បាញ់មិញនេះ","one":"មួយ​នាទី​មុន","two":[{"t":"idOrVar","v":"value"}," នាទី​មុន"],"few":[{"t":"idOrVar","v":"value"}," នាទី​មុន"],"many":[{"t":"idOrVar","v":"value"}," នាទី​មុន"],"other":[{"t":"idOrVar","v":"value"}," នាទី​មុន"]},"$x":[{"t":"idOrVar","v":"plural"},"value"]},{"$i":"hours-ago-long","$v":{"zero":"អម្បាញ់មិញនេះ","one":"មួយ​ម៉ោង​មុន","two":[{"t":"idOrVar","v":"value"}," ម៉ោង​មុន"],"few":[{"t":"idOrVar","v":"value"}," ម៉ោង​មុន"],"many":[{"t":"idOrVar","v":"value"}," ម៉ោង​មុន"],"other":[{"t":"idOrVar","v":"value"}," ម៉ោង​មុន"]},"$x":[{"t":"idOrVar","v":"plural"},"value"]},{"$i":"days-ago-long","$v":{"zero":"ថ្ងៃ​នេះ","one":"ម្សិលមិញ","two":[{"t":"idOrVar","v":"value"}," ថ្ងៃ​មុន"],"few":[{"t":"idOrVar","v":"value"}," ថ្ងៃ​មុន"],"many":[{"t":"idOrVar","v":"value"}," ថ្ងៃ​មុន"],"other":[{"t":"idOrVar","v":"value"}," ថ្ងៃ​មុន"]},"$x":[{"t":"idOrVar","v":"plural"},"value"]},{"$i":"weeks-ago-long","$v":{"zero":"សប្ដាហ៍​នេះ","one":"សប្ដាហ៍​មុន","two":[{"t":"idOrVar","v":"value"}," សប្ដាហ៍​មុន"],"few":[{"t":"idOrVar","v":"value"}," សប្ដាហ៍​មុន"],"many":[{"t":"idOrVar","v":"value"}," សប្ដាហ៍​មុន"],"other":[{"t":"idOrVar","v":"value"}," សប្ដាហ៍​មុន"]},"$x":[{"t":"idOrVar","v":"plural"},"value"]},{"$i":"months-ago-long","$v":{"zero":"ខែ​នេះ","one":"ខែ​មុន","two":[{"t":"idOrVar","v":"value"}," ខែ​មុន"],"few":[{"t":"idOrVar","v":"value"}," ខែ​មុន"],"many":[{"t":"idOrVar","v":"value"}," ខែ​មុន"],"other":[{"t":"idOrVar","v":"value"}," ខែ​មុន"]},"$x":[{"t":"idOrVar","v":"plural"},"value"]},{"$i":"years-ago-long","$v":{"zero":"ឆ្នាំនេះ","one":"ឆ្នាំ​មុន","two":[{"t":"idOrVar","v":"value"}," ឆ្នាំ​មុន"],"few":[{"t":"idOrVar","v":"value"}," ឆ្នាំ​មុន"],"many":[{"t":"idOrVar","v":"value"}," ឆ្នាំ​មុន"],"other":[{"t":"idOrVar","v":"value"}," ឆ្នាំ​មុន"]},"$x":[{"t":"idOrVar","v":"plural"},"value"]},{"$i":"minutes-until-long","$v":{"zero":"ឥឡូវ","one":"ក្នុង​ពេល​មួយ​នាទី","two":["ក្នុង​ពេល ",{"t":"idOrVar","v":"value"}," នាទី"],"few":["ក្នុង​ពេល ",{"t":"idOrVar","v":"value"}," នាទី"],"many":["ក្នុង​ពេល​ ",{"t":"idOrVar","v":"value"}," នាទី​"],"other":["ក្នុង​ពេល ",{"t":"idOrVar","v":"value"}," នាទី"]},"$x":[{"t":"idOrVar","v":"plural"},"value"]},{"$i":"hours-until-long","$v":{"zero":"ឥឡូវ","one":"ក្នុង​រយៈពេល​១​ម៉ោង","two":["ក្នុង​ពេល​​ ",{"t":"idOrVar","v":"value"}," ម៉ោង"],"few":["ក្នុង​ពេល​​ ",{"t":"idOrVar","v":"value"}," ម៉ោង"],"many":["ក្នុង​ពេល​​ ",{"t":"idOrVar","v":"value"}," ម៉ោង"],"other":["ក្នុង​ពេល​​ ",{"t":"idOrVar","v":"value"}," ម៉ោង"]},"$x":[{"t":"idOrVar","v":"plural"},"value"]},{"$i":"days-until-long","$v":{"zero":"ថ្ងៃ​នេះ","one":"ថ្ងៃស្អែក","two":["ក្នុង​ពេល​​ ",{"t":"idOrVar","v":"value"}," ថ្ងៃ"],"few":["ក្នុង​ពេល​​ ",{"t":"idOrVar","v":"value"}," ថ្ងៃ"],"many":["ក្នុង​ពេល​​ ",{"t":"idOrVar","v":"value"}," ថ្ងៃ"],"other":["ក្នុង​ពេល​​ ",{"t":"idOrVar","v":"value"}," ថ្ងៃ"]},"$x":[{"t":"idOrVar","v":"plural"},"value"]},{"$i":"weeks-until-long","$v":{"zero":"សប្ដាហ៍​នេះ","one":"សប្ដាហ៍​ក្រោយ","two":["ក្នុង​ពេល ",{"t":"idOrVar","v":"value"}," សប្ដាហ៍"],"few":["ក្នុង​ពេល ",{"t":"idOrVar","v":"value"}," សប្ដាហ៍"],"many":["ក្នុង​ពេល ",{"t":"idOrVar","v":"value"}," សប្ដាហ៍"],"other":["ក្នុង​ពេល ",{"t":"idOrVar","v":"value"}," សប្ដាហ៍"]},"$x":[{"t":"idOrVar","v":"plural"},"value"]},{"$i":"months-until-long","$v":{"zero":"ខែ​នេះ","one":"ខែ​ក្រោយ","two":["ក្នុង​ពេល ",{"t":"idOrVar","v":"value"}," ខែ"],"few":["ក្នុង​ពេល ",{"t":"idOrVar","v":"value"}," ខែ"],"many":["ក្នុង​ពេល ",{"t":"idOrVar","v":"value"}," ខែ"],"other":["ក្នុង​ពេល ",{"t":"idOrVar","v":"value"}," ខែ"]},"$x":[{"t":"idOrVar","v":"plural"},"value"]},{"$i":"years-until-long","$v":{"zero":"ឆ្នាំនេះ","one":"ឆ្នាំ​ក្រោយ","two":["ក្នុង​ពេល ",{"t":"idOrVar","v":"value"}," ឆ្នាំ"],"few":["ក្នុង​ពេល ",{"t":"idOrVar","v":"value"}," ឆ្នាំ"],"many":["ក្នុង​ពេល ",{"t":"idOrVar","v":"value"}," ឆ្នាំ"],"other":["ក្នុង​ពេល ",{"t":"idOrVar","v":"value"}," ឆ្នាំ"]},"$x":[{"t":"idOrVar","v":"plural"},"value"]},{"$i":"minutes-ago-short","$v":{"zero":"អម្បាញ់មិញនេះ","other":[{"t":"idOrVar","v":"value"},"នាទី​មុន"]},"$x":[{"t":"idOrVar","v":"plural"},"value"]},{"$i":"hours-ago-short","$v":{"zero":"អម្បាញ់មិញនេះ","other":[{"t":"idOrVar","v":"value"},"ម៉ោង​មុន"]},"$x":[{"t":"idOrVar","v":"plural"},"value"]},{"$i":"days-ago-short","$v":{"zero":"ថ្ងៃ​នេះ","other":[{"t":"idOrVar","v":"value"},"ថ្ងៃ​មុន"]},"$x":[{"t":"idOrVar","v":"plural"},"value"]},{"$i":"minutes-until-short","$v":{"zero":"ឥឡូវ","other":["ក្នុង​ពេល ",{"t":"idOrVar","v":"value"},"នាទី"]},"$x":[{"t":"idOrVar","v":"plural"},"value"]},{"$i":"hours-until-short","$v":{"zero":"ឥឡូវ","other":["ក្នុង​ពេល ",{"t":"idOrVar","v":"value"},"ម៉ោង"]},"$x":[{"t":"idOrVar","v":"plural"},"value"]},{"$i":"days-until-short","$v":{"zero":"ថ្ងៃ​នេះ","other":["ក្នុង​ពេល ",{"t":"idOrVar","v":"value"},"ថ្ងៃ"]},"$x":[{"t":"idOrVar","v":"plural"},"value"]},{"$i":"incorrectDate","$v":"(កាលបរិច្ឆេទ​មិន​ត្រឹមត្រូវ)"},{"$i":"dateTimeFormat_%c","$v":"%a %b %e %Y %I:%M:%S %p"},{"$i":"dateTimeFormat_%x","$v":"%m/%d/%Y"},{"$i":"dateTimeFormat_%X","$v":"%I:%M:%S %p"},{"$i":"shortTimeFormat","$v":"%I:%M %p"},{"$i":"shortTimeFormat12","$v":"%I:%M %p"},{"$i":"shortTimeFormat24","$v":"%H:%M"},{"$i":"shortDateTimeFormat","$v":"%x %I:%M %p"},{"$i":"weekStartsOnMonday","$v":"0"},{"$i":"firstDayOfTheWeek","$v":"0"},{"$i":"time_am","$v":"ព្រឹក"},{"$i":"time_pm","$v":"PM"},{"$i":"label","$v":"ស្លាក"},{"$i":"mobile","$v":"ចល័ត"},{"$i":"home","$v":"ផ្ទះ"},{"$i":"work","$v":"កន្លែង​ធ្វើការ"},{"$i":"personal","$v":"ផ្ទាល់​ខ្លួន"},{"$i":"faxHome","$v":"ទូរសារ​​នៅ​ផ្ទះ"},{"$i":"faxOffice","$v":"ទូរសារ​នៅ​ការិយាល័យ"},{"$i":"faxOther","$v":"ទូរសារ​ផ្សេង​ទៀត"},{"$i":"another","$v":"ផ្សេង"},{"$i":"other","$v":"ផ្សេង​ទៀត"},{"$i":"customTag","placeholder":"ស្លាក​ផ្ទាល់ខ្លួន"},{"$i":"current","$v":"បច្ចុប្បន្ន"},{"$i":"itemWithLabel","$v":[{"t":"idOrVar","v":"label"},", ",{"t":"idOrVar","v":"item"}]},{"$i":"addNewNumber","$v":"បន្ថែម​លេខ​ថ្មី"},{"$i":"contactDetails","$v":"ព័ត៌មាន​លម្អិត​ទំនាក់ទំនង"},{"$i":"addToExistingContact","$v":"បន្ថែម​ទៅ​ទំនាក់ទំនង​ដែល​មាន"},{"$i":"all","$v":"ទាំងអស់","ariaLabel":"ទាំងអស់"},{"$i":"bluetoothOption","ariaLabel":"Bluetooth"},{"$i":"callLog","$v":"កំណត់​ត្រា​ការ​ហៅ"},{"$i":"callLogEdit","title":"កែ​កំណត់​ហេតុ​ការ​ហៅ"},{"$i":"callLogEditDialog","ariaLabel":"កែ​ប្រអប់​កំណត់​ហេតុ​ការ​ហៅ"},{"$i":"connecting","$v":"តភ្ជាប់"},{"$i":"connectingEllipsis","$v":"Connecting…"},{"$i":"call-forwarding-async","$v":["Asynchronous: ",{"t":"idOrVar","v":"async"}]},{"$i":"call-forwarding-data","$v":["Data: ",{"t":"idOrVar","v":"data"}]},{"$i":"call-forwarding-error","$v":"មាន​កំហុស​​បាន​កើត​ឡើង​អំឡុង​ពេល​ទៅ​រក​ស្ថានភាព​ការ​ហៅ​បញ្ជូន​បន្ត"},{"$i":"call-forwarding-fax","$v":["ទូរសារ៖ ",{"t":"idOrVar","v":"fax"}]},{"$i":"call-forwarding-inactive","$v":"អសកម្ម"},{"$i":"call-forwarding-packet","$v":["កញ្ចប់៖ ",{"t":"idOrVar","v":"packet"}]},{"$i":"call-forwarding-pad","$v":["PAD: ",{"t":"idOrVar","v":"pad"}]},{"$i":"call-forwarding-sms","$v":["SMS: ",{"t":"idOrVar","v":"sms"}]},{"$i":"call-forwarding-status","$v":"ស្ថានភាព​ការ​ហៅ​បញ្ជូន​បន្ត"},{"$i":"call-forwarding-sync","$v":["នៅ​ពេល​ជាមួយ​គ្នា៖ ",{"t":"idOrVar","v":"sync"}]},{"$i":"call-forwarding-voice","$v":["សំឡេង៖ ",{"t":"idOrVar","v":"voice"}]},{"$i":"confirm-deletion","$v":"សម្អាត​ការ​ហៅ​ដែល​បាន​ជ្រើស?"},{"$i":"createNewContact","$v":"បង្កើត​ទំនាក់​ទំនង​ថ្មី"},{"$i":"dialerAddContact","ariaLabel":"បន្ថែម​ទំនាក់ទំនង​"},{"$i":"dialerAddContactDialog","ariaLabel":"បន្ថែម​ប្រអប់​ទំនាក់ទំនង"},{"$i":"callInformation","$v":"ព័ត៌មាន​ហៅ"},{"$i":"edit-selected","$v":{"one":["បាន​ជ្រើស ",{"t":"idOrVar","v":"n"}],"two":["បាន​ជ្រើស ",{"t":"idOrVar","v":"n"}],"few":["បាន​ជ្រើស ",{"t":"idOrVar","v":"n"}],"many":["បាន​ជ្រើស ",{"t":"idOrVar","v":"n"}],"other":["បាន​ជ្រើស ",{"t":"idOrVar","v":"n"}]},"$x":[{"t":"idOrVar","v":"plural"},"n"]},{"$i":"hideKeypad","ariaLabel":"លាក់​ក្ដារចុច"},{"$i":"ignore","$v":"មិន​អើ​ពើ​ការ​ហៅ"},{"$i":"incoming","$v":"ហៅ​ចូល"},{"$i":"keypad","ariaLabel":"ក្ដារចុច"},{"$i":"info-missed","$v":"ខកខាន​ទទួល"},{"$i":"missed","$v":"ខកខាន​ទទួល","ariaLabel":"ខកខាន​ទទួល"},{"$i":"canceled","$v":"បោះបង់"},{"$i":"missedCall","$v":"ខកខាន​ទទួល"},{"$i":"missedCallMultiSims","$v":["(SIM ",{"t":"idOrVar","v":"n"},") ខកខាន​ការ​ទទួល"]},{"$i":"mmi-error","$v":"កំហុស​បាន​កើតឡើង ខណៈ​ពេល​ផ្ញើ​សារ"},{"$i":"mmi-session-expired","$v":"សម័យ​បាន​ផុត​កំណត់"},{"$i":"mmi-successfully-sent","$v":"បាន​ផ្ញើ​សារ​ដោយ​ជោគជ័យ"},{"$i":"mmi-notification-title-with-sim","$v":["(",{"t":"idOrVar","v":"sim"},") ",{"t":"idOrVar","v":"title"}]},{"$i":"mute","ariaLabel":"ស្ងាត់"},{"$i":"newCall","ariaLabel":"ហៅ​ថ្មី"},{"$i":"no-logs-msg-1","$v":"មិន​បាន​កត់ត្រា​ការ​ហៅ"},{"$i":"no-logs-msg-2","$v":"ចាប់ផ្ដើម​​ទាក់ទង​ឥឡូវ"},{"$i":"no-logs-msg-3","$v":"គ្មាន​ការ​ហៅ​ដែល​ខកខាន"},{"$i":"onHoldOption","ariaLabel":"រង់ចាំ"},{"$i":"outgoing","$v":"ចេញ"},{"$i":"recents","ariaLabel":"ការ​ហៅ​ថ្មីៗ"},{"$i":"reply","$v":"ឆ្លើយតប"},{"$i":"send","$v":"ផ្ញើ"},{"$i":"switch-calls","$v":"ប្ដូរ​ការហៅ"},{"$i":"withheld-number","$v":"លេខ​មិន​អនុញ្ញាត​ឲ្យ"},{"$i":"from-contact","$v":["ពី ",{"t":"idOrVar","v":"contact"}]},{"$i":"from-number","$v":["ពី ",{"t":"idOrVar","v":"number"}]},{"$i":"from-withheld-number","$v":"ពី​លេខ​មិន​អនុញ្ញាត​ឲ្យ"},{"$i":"sending","$v":"កំពុង​ផ្ញើ…"},{"$i":"speakerOption","ariaLabel":"អូប៉ាល័រ​"},{"$i":"ussd-services","$v":["សេវាកម្ម ",{"t":"idOrVar","v":"operator"}]},{"$i":"toggleKeypad","ariaLabel":"បិទ/បើក​ ក្ដារចុច​"},{"$i":"type-your-response","placeholder":"បញ្ចូល​ការ​ឆ្លើយតប​របស់​អ្នក..."},{"$i":"clear-all-text","$v":"សម្អាត​អត្ថបទ​ទាំងអស់"},{"$i":"hide","$v":"លាក់"},{"$i":"hold","ariaLabel":"រង់ចាំ"},{"$i":"resume","$v":"បន្ត","ariaLabel":"បន្ត"},{"$i":"sendSms","$v":"ផ្ញើសារ"},{"$i":"callEnded","$v":"បញ្ចប់​ការ​ហៅ"},{"$i":"via-sim","$v":["តាម​រយៈ SIM",{"t":"idOrVar","v":"n"}]},{"$i":"sim-number","$v":["SIM",{"t":"idOrVar","v":"n"}]},{"$i":"unknown","$v":"មិន​ស្គាល់"},{"$i":"hangup-a11y-button","ariaLabel":"ដាក់​ទូរស័ព្ទ​ចុះ"},{"$i":"pickup-a11y-button","ariaLabel":"លើក​ទូរស័ព្ទ"},{"$i":"unlock-a11y-button","ariaLabel":"គ្រាប់​រំកិល"},{"$i":"settings","$v":"ការ​កំណត់"},{"$i":"delete-n-log?","$v":{"zero":"គ្មានអ្វី​បាន​ជ្រើស","one":"លុប​កំណត់​ហេតុ​បាន​ជ្រើស?","two":["លុប​កំណត់​ហេតុ ",{"t":"idOrVar","v":"n"}," ?"],"few":["លុប​កំណត់​ហេតុ ",{"t":"idOrVar","v":"n"}," ?"],"many":["លុប​កំណត់ហេតុ ",{"t":"idOrVar","v":"n"}," ?"],"other":["លុប​កំណត់​ហេតុ ",{"t":"idOrVar","v":"n"}," ?"]},"$x":[{"t":"idOrVar","v":"plural"},"n"]},{"$i":"callDurationMinutes","$v":[{"t":"idOrVar","v":"m"},":",{"t":"idOrVar","v":"s"}]},{"$i":"callDurationHours","$v":[{"t":"idOrVar","v":"h"},":",{"t":"idOrVar","v":"m"},":",{"t":"idOrVar","v":"s"}]},{"$i":"callDurationTextFormatSeconds","$v":[{"t":"idOrVar","v":"s"}," s"]},{"$i":"callDurationTextFormatMinutes","$v":[{"t":"idOrVar","v":"m"}," m ",{"t":"idOrVar","v":"s"}," s"]},{"$i":"callDurationTextFormatHours","$v":[{"t":"idOrVar","v":"h"}," h ",{"t":"idOrVar","v":"m"}," m ",{"t":"idOrVar","v":"s"}," s"]},{"$i":"suggestionMatches","$v":{"one":[{"t":"idOrVar","v":"n"}," ត្រូវ​គ្នា​​នឹង \"",{"t":"idOrVar","v":"matchNumber"},"\""],"two":[{"t":"idOrVar","v":"n"}," ត្រូវ​គ្នា​នឹង \"",{"t":"idOrVar","v":"matchNumber"},"\""],"few":[{"t":"idOrVar","v":"n"}," ត្រូវ​គ្នា​នឹង \"",{"t":"idOrVar","v":"matchNumber"},"\""],"many":[{"t":"idOrVar","v":"n"}," ត្រូវ​គ្នា​នឹង \"",{"t":"idOrVar","v":"matchNumber"},"\""],"other":[{"t":"idOrVar","v":"n"}," ត្រូវ​គ្នា​នឹង \"",{"t":"idOrVar","v":"matchNumber"},"\""]},"$x":[{"t":"idOrVar","v":"plural"},"n"]},{"$i":"scCallBarring","$v":"បង្ខាំងទុក​ការហៅ"},{"$i":"scCallForwarding","$v":"បញ្ជូន​ការហៅ"},{"$i":"scClip","$v":"លេខ​សម្គាល់​អ្នក​ហៅ​ចូល"},{"$i":"scClir","$v":"លេខ​សម្គាល់​អ្នក​ហៅ​ចេញ"},{"$i":"scPwd","$v":"ផ្លាស់ប្ដូរ​ពាក្យ​សម្ងាត់"},{"$i":"scCallWaiting","$v":"រង់ចាំ​ការ​ហៅ"},{"$i":"scPin","$v":"ផ្លាស់ប្ដូរ PIN"},{"$i":"scPin2","$v":"ផ្លាស់ប្ដូរ PIN2"},{"$i":"scPuk","$v":"បើក​លេខ​កូដ PIN"},{"$i":"scPuk2","$v":"ដោះលេខកូដ PIN2"},{"$i":"scImei","$v":"IMEI"},{"$i":"scUssd","$v":"USSD"},{"$i":"serviceClassVoice","$v":"សំឡេង"},{"$i":"serviceClassData","$v":"ទិន្នន័យ"},{"$i":"serviceClassFax","$v":"FAX"},{"$i":"serviceClassSms","$v":"សារ​ខ្លី SMS"},{"$i":"serviceClassDataSync","$v":"ធ្វើ​សមកាលកម្ម"},{"$i":"serviceClassDataAsync","$v":"មិន​សមកាល"},{"$i":"serviceClassPacket","$v":"ហោប៉ៅ"},{"$i":"serviceClassPad","$v":"PAD"},{"$i":"smServiceEnabled","$v":"បើក​ឲ្យ​ប្រើប្រាស់​សេវាកម្ម"},{"$i":"smServiceDisabled","$v":"បិទ​ការ​ប្រើប្រាស់​សេវាកម្ម"},{"$i":"smServiceRegistered","$v":"ការ​ចុះឈ្មោះ​​បាន​​ជោគជ័យ"},{"$i":"smServiceErased","$v":"ការ​លុប​​ជោគជ័យ"},{"$i":"smServiceInterrogated","$v":"សំណើរ​ដោយ​ជោគជ័យ"},{"$i":"smServiceNotProvisioned","$v":"សេវាកម្ម​ដែល​មិន​បាន​ផ្ដល់"},{"$i":"smClirPermanent","$v":"អ្នក​មិន​អាច​ផ្លាស់ប្ដូរ​ការ​កំណត់​លេខ​សម្គាល់​អ្នក​ហៅ​បាន​ទេ"},{"$i":"smClirDefaultOnNextCallOn","$v":"លេខ​សម្គាល់​​អ្នក​ហៅ​លំនាំដើម​ត្រូវ​បាន​ដាក់​កម្រិត។ ការ​ហៅ​បន្ទាប់៖ បាន​ដាក់​កម្រិត"},{"$i":"smClirDefaultOnNextCallOff","$v":"លេខ​សម្គាល់​​អ្នក​ហៅ​លំនាំដើម​ត្រូវ​បាន​ដាក់​កម្រិត។ ការ​ហៅ​បន្ទាប់៖ មិន​ត្រូវ​បាន​ដាក់​កម្រិត"},{"$i":"smClirDefaultOffNextCallOn","$v":"លេខ​សម្គាល់​អ្នក​ហៅ​លំនាំដើម​មិន​ត្រូវ​បាន​ដាក់​កម្រិត។ ការ​ហៅ​បន្ទាប់៖ បាន​ដាក់​កម្រិត"},{"$i":"smClirDefaultOffNextCallOff","$v":"លេខ​សម្គាល់​​អ្នក​ហៅ​លំនាំដើម​មិន​ត្រូវ​បាន​ដាក់​កម្រិត។ ការ​ហៅ​បន្ទាប់៖ មិន​ត្រូវ​បាន​ដាក់​កម្រិត"},{"$i":"smServiceEnabledFor","$v":"សេវាកម្ម​ត្រូវ​បាន​បើក​សម្រាប់៖"},{"$i":"smPinChanged","$v":"បាន​ប្ដូរ​កូដ PIN ដោយ​ជោគជ័យ"},{"$i":"smPinUnblocked","$v":"បាន​ដោះ​សោ​កូដ​ PIN ដោយ​ជោគជ័យ"},{"$i":"smPin2Changed","$v":"បាន​ប្ដូរ​កូដ PIN2 ដោយ​ជោគជ័យ"},{"$i":"smPin2Unblocked","$v":"បាន​ដោះ​សោ​កូដ PIN2 ដោយ​ជោគជ័យ"},{"$i":"ServiceIsEnabled","$v":"បាន​បើក​សេវាកម្ម"},{"$i":"ServiceIsDisabled","$v":"បាន​បិទ​សេវាកម្ម"},{"$i":"ServiceIsEnabledFor","$v":"សេវាកម្ម​ត្រូវ​បាន​បើក​សម្រាប់៖"},{"$i":"emMmiError","$v":"មាន​បញ្ហា​ការ​តភ្ជាប់ ឬ​កូដ MMI មិន​ត្រឹមត្រូវ"},{"$i":"emMmiErrorPasswordIncorrect","$v":"ពាក្យ​​សម្ងាត់​​មិន​​ត្រឹម​​ត្រូវ"},{"$i":"emMmiErrorNotSupported","$v":"កូដ MMI មិន​គាំទ្រ ឬ​មិន​ត្រឹមត្រូវ"},{"$i":"emMmiErrorInvalidAction","$v":"សកម្មភាព​មិន​ត្រឹមត្រូវ"},{"$i":"emMmiErrorInvalidScCode","$v":"កូដ​សេវាកម្ម​​មិន​ត្រឹមត្រូវ"},{"$i":"emMmiErrorBadPuk","$v":"PUK ដែល​អ្នក​បាន​​បញ្ចូល​មិន​ត្រឹមត្រូវ"},{"$i":"emMmiErrorBadPin","$v":"កូដ PIN ចាស់​ដែល​អ្នក​បាន​បញ្ចូល​មិន​ត្រឹមត្រូវ។"},{"$i":"emMmiErrorNeedPuk2","$v":"វាយ​កូដ PUK2 ដើម្បី​ដោះ​សោ​​ SIM ​កាត"},{"$i":"emMmiErrorMismatchPin","$v":"កូដ PINs ដែល​អ្នក​បាន​បញ្ចូល​មិន​ផ្គូផ្គង"},{"$i":"emMmiErrorInvalidPin","$v":"បញ្ចូល​កូដ PIN ដែល​មាន​លេខ 4 ដល់ 8"},{"$i":"emMmiErrorNeedsPuk","$v":"SIM កាត​របស់​​អ្នក​ គឺ​​បាន​បិទ PUK"},{"$i":"emMmiErrorEnablePin","$v":"បរាជ័យ។ បើក​ដំណើរការ SIM/RUIM LOCK"},{"$i":"emMmiErrorMmiFdn","$v":"ប្រតិបត្តិការ​ត្រូវ​បាន​ដាក់​កម្រិត​ចំពោះ​លេខ​ហៅ​ថេរ​ប៉ុណ្ណោះ"},{"$i":"emMmiErrorStkCcUssdDial","$v":"សំណើ USSD ត្រូវ​បាន​កែប្រែ​ទៅ​សំណើ DIAL"},{"$i":"emMmiErrorStkCcUssdSs","$v":"សំណើ USSD ត្រូវ​បាន​កែប្រែ​ទៅ​សំណើ SS"},{"$i":"emMmiErrorStkCcUssdUssd","$v":"សំណើ USSD ត្រូវ​បាន​កែប្រែ​ទៅ​សំណើ USSD ថ្មី"},{"$i":"emMmiErrorStkCcSsDial","$v":"សំណើ SS ត្រូវ​បាន​កែប្រែ​ទៅ​សំណើ DIAL"},{"$i":"emMmiErrorStkCcSsUssd","$v":"សំណើ SS ត្រូវ​បាន​កែប្រែ​ទៅ​សំណើ USSD"},{"$i":"emMmiErrorStkCcSsSs","$v":"សំណើ SS ត្រូវ​បាន​កែប្រែ​ទៅ​សំណើ SS ថ្មី"},{"$i":"emMmiErrorPinPukAttempts","$v":{"one":["Only ",{"t":"idOrVar","v":"n"}," retry left"],"two":[{"t":"idOrVar","v":"n"}," retries left"],"few":[{"t":"idOrVar","v":"n"}," retries left"],"many":[{"t":"idOrVar","v":"n"}," retries left"],"other":[{"t":"idOrVar","v":"n"}," retries left"]},"$x":[{"t":"idOrVar","v":"plural"},"n"]},{"$i":"emMmiErrorSimBlocked","$v":"បាន​ហួស​កំណត់​ចំនួន​ការ​ព្យាយាម​អតិបរមា​។ បាន​បិទ SIM"},{"$i":"RadioNotAvailable","$v":"គ្មាន​វិទ្យុ"},{"$i":"GenericFailure","$v":"កំហុស​ទូទៅ"},{"$i":"PasswordIncorrect","$v":"ពាក្យសម្ងាត់​មិន​ត្រឹមត្រូវ"},{"$i":"SimPin2","$v":"SIM PIN2"},{"$i":"SimPuk2","$v":"SIM PUK2"},{"$i":"RequestNotSupported","$v":"សំណើ​មិន​ត្រូវ​បាន​គាំទ្រ"},{"$i":"OpNotAllowedDuringVoiceCall","$v":"ប្រតិបត្តិការ​មិន​ត្រូវ​បាន​អនុញ្ញាត​អំឡុង​ពេល​ហៅ​ជា​សំឡេង"},{"$i":"SmsSendFailRetry","$v":"បរាជ័យ​ក្នុង​ការ​ផ្ញើ​សារ SMS ព្យាយាម​ម្ដងទៀត"},{"$i":"SimAbsent","$v":"អវត្តមាន SIM"},{"$i":"SubscriptionNotAvailable","$v":"គ្មាន​ការ​ជាវ"},{"$i":"ModeNotSupported","$v":"មិន​គាំទ្រ​វិធី"},{"$i":"FdnCheckFailure","$v":"ភាព​បរាជ័យ​ការ​ពិនិត្យមើល Fdn"},{"$i":"IllegalSimOrMe","$v":"SIM ឬ ME មិន​ស្របច្បាប់"},{"$i":"DialModifiedToUssd","$v":"បាន​កែប្រែ​ចុច​ទៅ USSD"},{"$i":"DialModifiedToSs","$v":"បាន​កែប្រែ​ចុច​ទៅ SS"},{"$i":"DialModifiedToDial","$v":"បាន​កែប្រែ​ចុច​ទៅ​បន្ទះ​លេខ"},{"$i":"UssdModifiedToDial","$v":"បាន​កែប្រែ USSD ដើម្បី​ចុច"},{"$i":"UssdModifiedToSs","$v":"បាន​កែប្រែ USSD ទៅ"},{"$i":"UssdModifiedToUssd","$v":"USSD បាន​កែប្រែ​ទៅ USSD"},{"$i":"SsModifiedToDial","$v":"SS បាន​កែប្រែ​ទៅ​បន្ទះ​ចុច"},{"$i":"SsModifiedToUssd","$v":"SS បាន​កែប្រែ​ទៅ USSD"},{"$i":"SsModifiedToSs","$v":"SS បាន​កែប្រែ​ទៅ SS"},{"$i":"SubscriptionNotSupported","$v":"ការ​ជាវ​មិន​ត្រូវ​បាន​គាំទ្រ"},{"$i":"InvalidParameter","$v":"ប៉ារ៉ាម៉ែត្រ​មិន​ត្រឹមត្រូវ"},{"$i":"RejectedByRemote","$v":"បាន​បដិសេធ​ពី​ចម្ងាយ"},{"$i":"conferenceCall","$v":["សន្និសីទ (",{"t":"idOrVar","v":"n"},")"]},{"$i":"caller-left-call","$v":[{"t":"idOrVar","v":"caller"}," បាន​ចេញ​ពី​ការហៅ។"]},{"$i":"conferenceAddError","$v":"មិន​អាច​បញ្ចូល​ការ​ហៅ​ចូល​គ្នា"},{"$i":"conferenceRemoveError","$v":"មិន​អាច​មិន​បញ្ចូល​ការ​ហៅ​ចូល​គ្នា"},{"$i":"longDateFormat","$v":"%A, %B %e"},{"$i":"select-audio-sources","$v":"ជ្រើស​ប្រភព​អូឌីយ៉ូ"},{"$i":"bluetooth-handsfree-device","$v":"ឧបករណ៍​មិន​ប្រើ​ដៃ​សម្រាប់ប៊្លូធូស"},{"$i":"receiver","$v":"អ្នកទទួល"},{"$i":"speaker","$v":"អូប៉ាល័រ​"},{"$i":"voicemailNoNumberTitle","$v":"មិនមាន​លេខ​សារ​ជា​សំឡេង"},{"$i":"voicemailNoNumberText","$v":"មិន​អាច​ហៅ​សារ​ជា​សំឡេង។ រៀបចំ​លេខ​សារ​ជា​សំឡេង​ដើម្បី​ធ្វើការហៅ​ចេញ។"},{"$i":"voicemailNoNumberSettings","$v":"ការ​កំណត់"},{"$i":"voicemailNoNumberCancel","$v":"បោះ​បង់"},{"$i":"phoneNumberInput","ariaLabel":"លេខ​ទូរស័ព្ទ"},{"$i":"keypadDelete","ariaLabel":"​លុប​"},{"$i":"voiceMailKey","ariaLabel":"សារ​ជា​សំឡេង"},{"$i":"asterisk","ariaLabel":"Asterisk"},{"$i":"hashSign","ariaLabel":"សញ្ញា #"},{"$i":"loadingSimContacts","$v":"Loading SIM card contacts…"},{"$i":"noContactsWereFound","$v":"No contacts were found"},{"$i":"noContactsFoundDialogOk","$v":"OK"},{"$i":"emergencyNumber","$v":"Emergency number"},{"$i":"callAirplaneModeMessage","$v":"To make a call you need to disable airplane mode in settings."},{"$i":"callAirplaneModeBtnOk","$v":"OK"},{"$i":"callAirplaneModeTitle","$v":"Airplane mode activated"},{"$i":"numberIsBusyTitle","$v":"Number is busy"},{"$i":"numberIsBusyMessage","$v":"The number is currently busy. Please try again later."},{"$i":"fdnIsActiveTitle","$v":"FDN active"},{"$i":"fdnIsActiveMessage","$v":["FDN (Fixed Dialing Numbers) is activated and the following number is not in your FDN list: ",{"t":"idOrVar","v":"number"}]},{"$i":"emergencyDialogBodyBadNumber","$v":"To make a call, the phone must be connected to a network."},{"$i":"emergencyDialogBodyDeviceNotAccepted","$v":"Emergency calls are not allowed by the network."},{"$i":"emergencyDialogBtnOk","$v":"OK"},{"$i":"emergencyDialogTitle","$v":"No network connection"},{"$i":"invalidNumberToDialTitle","$v":"Invalid phone number"},{"$i":"invalidNumberToDialMessage","$v":"The phone number you are calling is not valid."},{"$i":"unableToCallTitle","$v":"Unable to make a phone call now"},{"$i":"unableToCallMessage","$v":"Cannot make a call. If you are already dialing, please hang up first."},{"$i":"otherConnectionInUseTitle","$v":"Other connection in use"},{"$i":"otherConnectionInUseMessage","$v":"You have an active call on another connection. You can only use one connection at a time."}]