[{"$i":"close","$v":"닫기"},{"$i":"import","$v":"가져오기"},{"$i":"update","$v":"업데이트"},{"$i":"fbFriends","$v":"Facebook 친구"},{"$i":"live-serviceName","$v":"Windows Live"},{"$i":"gmail-serviceName","$v":"Gmail"},{"$i":"facebook-serviceName","$v":"Facebook 친구"},{"$i":"selectAll","$v":"모두 선택"},{"$i":"deselectAll","$v":"모두 선택 해제"},{"$i":"viewAll","$v":"Facebook 친구 모두 보기"},{"$i":"viewRecommend","$v":"추천하는 친구만 보기"},{"$i":"linkProposal","$v":{"zero":"일치하는 친구가 없습니다. 모두 보기","one":"추천한 친구 한 명 선택","two":"추천한 친구 선택","few":"추천한 친구 선택","many":"추천한 친구 선택","other":"추천한 친구 선택"},"$x":[{"t":"idOrVar","v":"plural"},"numFriends"]},{"$i":"fbFriendsFound","$v":{"zero":"친구를 모두 가져왔습니다.","one":"가져올 수 있는 친구 한 명 찾음","two":["가져올 수 있는 친구 ",{"t":"idOrVar","v":"numFriends"},"명 찾음"],"few":["가져올 수 있는 친구 ",{"t":"idOrVar","v":"numFriends"},"명 찾음"],"many":["가져올 수 있는 친구 ",{"t":"idOrVar","v":"numFriends"},"명 찾음"],"other":["가져올 수 있는 친구 ",{"t":"idOrVar","v":"numFriends"},"명 찾음"]},"$x":[{"t":"idOrVar","v":"plural"},"numFriends"]},{"$i":"fbNoFriends","$v":"가져올 열락처 없음"},{"$i":"facebook","$v":"Facebook"},{"$i":"search-contact","placeholder":"찾기"},{"$i":"noResults","$v":"연락처로 찾지 못함"},{"$i":"done-search","$v":"완료"},{"$i":"progressFB3ImportTitle","$v":"연락처로 친구 목록 가져오기"},{"$i":"progressFB","$v":[{"t":"idOrVar","v":"current"},"/",{"t":"idOrVar","v":"total"}]},{"$i":"progressFB3UpdateTitle","$v":"연락처에서 친구 목록 업데이트"},{"$i":"message2","$v":"몇 분 정도 걸릴 수 있습니다"},{"$i":"messageLinking","$v":"친구와 연락처를 연결하고 있습니다. 잠시만 기다려 주십시오."},{"$i":"messageCanceling","$v":"처리중인 작업을 취소하고 있는 중입니다. 잠시만 기다려 주십시오."},{"$i":"error1","$v":[{"t":"idOrVar","v":"from"}," 오류"]},{"$i":"error2","$v":"다시 시도하시겠습니까?"},{"$i":"errorProposal","$v":"제안을 계산하는 중"},{"$i":"errorFriends","$v":"친구를 검색하는 중"},{"$i":"errorLinking","$v":"연락처 연결 중"},{"$i":"timeout1","$v":[{"t":"idOrVar","v":"from"}," 제한 시간 초과"]},{"$i":"timeout2","$v":"다시 시도하시겠습니까?"},{"$i":"timeoutProposal","$v":"제안을 계산하는 중"},{"$i":"timeoutFriends","$v":"친구를 검색하는 중"},{"$i":"timeoutLinking","$v":"연락처 연결 중"},{"$i":"wait1","$v":"잠시 기다리십시오"},{"$i":"wait2","$v":"몇 분 정도 걸릴 수 있습니다"},{"$i":"waitProposal","$v":"제안을 계산하고 있습니다. 잠시만 기다려 주십시오."},{"$i":"waitFriends","$v":"친구 목록을 받아오기 위해 연결하고 있습니다. 잠시만 기다려 주십시오."},{"$i":"curtainCancel","$v":"취소"},{"$i":"curtainRetry","$v":"다시 시도"},{"$i":"curtainOK","$v":"확인"},{"$i":"connectionLost","$v":"인터넷 연결 안됨"},{"$i":"connectionLostMsg","$v":"친구 사진을 연락처에 추가할 수 없습니다. 계속하시겠습니까?"},{"$i":"yesOption","$v":"확인"},{"$i":"noOption","$v":"취소"},{"$i":"friendsUpdated","$v":{"zero":"업데이트된 친구 없음","one":"친구 한 명 업데이트","two":["친구 ",{"t":"idOrVar","v":"numFriends"},"명 업데이트"],"few":["친구 ",{"t":"idOrVar","v":"numFriends"},"명 업데이트Updated ",{"t":"idOrVar","v":"numFriends"}," friends"],"many":["친구 ",{"t":"idOrVar","v":"numFriends"},"명 업데이트"],"other":["친구 ",{"t":"idOrVar","v":"numFriends"},"명 업데이트"]},"$x":[{"t":"idOrVar","v":"plural"},"numFriends"]},{"$i":"friendsMerged","$v":{"zero":"병합된 친구 없음","one":"친구 한 명 병함됨","two":["친구 ",{"t":"idOrVar","v":"numDups"},"명 병합됨"],"few":["친구 ",{"t":"idOrVar","v":"numDups"},"명 병합됨"],"many":["친구 ",{"t":"idOrVar","v":"numDups"},"명 병합됨"],"other":["친구 ",{"t":"idOrVar","v":"numDups"},"명 병합됨"]},"$x":[{"t":"idOrVar","v":"plural"},"numDups"]},{"$i":"notificationLogin","$v":"Facebook 세션이 유효하지 않습니다. 로그인해 주십시오."},{"$i":"syncError","$v":"친구의 데이터와 동기화하다 오류가 발생함"},{"$i":"waitDuplicateContacts","$v":"중복된 연락처 찾기"},{"$i":"waitMergingDuplicateContacts","$v":"중복된 연락처 합치기"},{"$i":"alertNoDuplicateContacts","$v":"중복된 연락처 없음"},{"$i":"merge","ariaLabel":"Merge"},{"$i":"mergeDuplicateTitle","$v":"중복 합치기"},{"$i":"suggestedDuplicateContacts","$v":[{"t":"idOrVar","v":"name"},"와 중복된 연락처"]},{"$i":"mergeActionButtonLabel","$v":{"zero":"선택된 연락처 없음","one":[{"t":"idOrVar","v":"n"}," 연락처와 합침"],"two":[{"t":"idOrVar","v":"n"}," 연락처와 합침"],"few":[{"t":"idOrVar","v":"n"}," 연락처와 합침"],"many":[{"t":"idOrVar","v":"n"}," 연락처와 합침"],"other":[{"t":"idOrVar","v":"n"}," 연락처와 합침"]},"$x":[{"t":"idOrVar","v":"plural"},"n"]},{"$i":"duplicatesFoundTitle","$v":"중복 발견"},{"$i":"duplicatesFoundMessage","$v":[{"t":"idOrVar","v":"name"}," 연락처의 정보가 아래 연락처의 정보와 중복"]},{"$i":"ok","$v":"확인"},{"$i":"gaia-menu-cancel","$v":"취소"},{"$i":"gaia-sim-picker-dial-via-with-number","$v":["Dial ",{"t":"idOrVar","v":"phoneNumber"}," via"]},{"$i":"gaia-sim-picker-select-sim","$v":"Select SIM"},{"$i":"gaia-sim-picker-button","$v":["SIM",{"t":"idOrVar","v":"n"}]},{"$i":"gaia-sim-picker-button-default","$v":"(default)"},{"$i":"call","$v":"통화"},{"$i":"edit","$v":"편집"},{"$i":"cancel","$v":"취소"},{"$i":"done","$v":"완료"},{"$i":"retry","$v":"다시 시도"},{"$i":"contacts","$v":"연락처"},{"$i":"addContact","$v":"연락처 추가"},{"$i":"deleteContact","$v":"연락처 삭제"},{"$i":"selectContact","$v":"연락처 선택"},{"$i":"editContact","$v":"연락처 편집"},{"$i":"deleteConfirmMsg","$v":"연락처를 삭제하시겠습니까?"},{"$i":"remove","$v":"삭제"},{"$i":"delete","$v":"삭제"},{"$i":"comments","$v":"메모"},{"$i":"no_contact_phones","$v":"전화번호 없음"},{"$i":"no_contact_email","$v":"이메일 주소 없음"},{"$i":"no_contact_data","$v":"전화번호와 이메일 주소 없음"},{"$i":"removePhotoConfirm","$v":"연락처 사진을 삭제하시겠습니까?"},{"$i":"loadingContacts","$v":"연락처를 읽어들이는 중…"},{"$i":"noContactsActivity2","$v":"No contacts in your Contacts list"},{"$i":"noName","$v":"이름 없음"},{"$i":"givenName","placeholder":"이름"},{"$i":"familyName","placeholder":"성"},{"$i":"tel","placeholder":"전화"},{"$i":"carrier","$v":"통신사","placeholder":"통신사"},{"$i":"separator","$v":","},{"$i":"email","$v":"이메일","placeholder":"이메일"},{"$i":"streetAddress","placeholder":"주소"},{"$i":"postalCode","placeholder":"우편번호"},{"$i":"locality","placeholder":"도시"},{"$i":"countryName","placeholder":"국가"},{"$i":"comment","placeholder":"메모"},{"$i":"org","placeholder":"회사"},{"$i":"date","$v":"날짜","placeholder":"날짜"},{"$i":"date-span-placeholder","$v":"날짜"},{"$i":"birthday","$v":"생일"},{"$i":"dateFormat","$v":"%B %e일"},{"$i":"dateOutput","$v":[{"t":"idOrVar","v":"dayMonthFormatted"}," ",{"t":"idOrVar","v":"year"}]},{"$i":"anniversary","$v":"기념일"},{"$i":"addPhoto","$v":"사진 추가"},{"$i":"addPhone","$v":"전화 추가"},{"$i":"addEmail","$v":"이메일 추가"},{"$i":"addAddress","$v":"주소 추가"},{"$i":"addDate","$v":"날짜 추가"},{"$i":"addComment","$v":"메모 추가"},{"$i":"addFavorite","$v":"즐겨찾기에 추가"},{"$i":"removeFavorite","$v":"즐겨찾기에서 제외"},{"$i":"addButton","ariaLabel":"추가"},{"$i":"editButton","ariaLabel":"수정"},{"$i":"settingsButton","ariaLabel":"설정"},{"$i":"phoneDetail","ariaLabel":"전화"},{"$i":"emailDetail","ariaLabel":"이메일"},{"$i":"addressDetail","ariaLabel":"주소"},{"$i":"dateDetail","ariaLabel":"날짜"},{"$i":"composeEmail","ariaLabel":"이메일"},{"$i":"makeCall","ariaLabel":"통화"},{"$i":"phones","ariaLabel":"전화"},{"$i":"emails","ariaLabel":"이메일"},{"$i":"addresses","ariaLabel":"주소"},{"$i":"dates","ariaLabel":"날짜"},{"$i":"notes","ariaLabel":"노트"},{"$i":"exit","$v":"나가기"},{"$i":"expand","$v":"펼치기"},{"$i":"labelName","$v":"이름:"},{"$i":"labelLastName","$v":"성:"},{"$i":"labelPhoneNumber","$v":"전화번호:"},{"$i":"labelCarrier","$v":"통신사:"},{"$i":"labelEmail","$v":"이메일:"},{"$i":"labelStreet","$v":"주소:"},{"$i":"labelZip","$v":"우편번호:"},{"$i":"labelCity","$v":"도시:"},{"$i":"labelCountry","$v":"국가:"},{"$i":"labelComment","$v":"메모:"},{"$i":"legendTitleMain","$v":"기본 정보"},{"$i":"legendPhones","$v":"전화번호"},{"$i":"legendEmail","$v":"이메일 주소"},{"$i":"legendAddress","$v":"주소"},{"$i":"transferContactsTitle","$v":"연락처 보내기"},{"$i":"importContactsTitle","$v":"연락처 가져오기"},{"$i":"importContactsButton","$v":"연락처 가져오기"},{"$i":"exportContactsTitle","$v":"연락처 내보내기"},{"$i":"exportContactsButton","$v":"연락처 내보내기"},{"$i":"exportContactsAction","$v":"내보내기"},{"$i":"simExport-title","$v":"SIM으로 내보내기"},{"$i":"memoryCardExport-title","$v":"Export to memory card"},{"$i":"btExport-title","$v":"블루투스로 내보내기"},{"$i":"memoryCardUMSEnabled","$v":"Cannot use memory card because USB storage is enabled"},{"$i":"exportErrorTitle","$v":"내보내기 오류"},{"$i":"contactsExported2","$v":{"zero":"내보낼 연락처 없음","one":[{"t":"idOrVar","v":"exported"},"/",{"t":"idOrVar","v":"total"}," 연락처 내보냄"],"two":[{"t":"idOrVar","v":"exported"},"/",{"t":"idOrVar","v":"total"}," 연락처 내보냄"],"few":[{"t":"idOrVar","v":"exported"},"/",{"t":"idOrVar","v":"total"}," 연락처 내보냄"],"many":[{"t":"idOrVar","v":"exported"},"/",{"t":"idOrVar","v":"total"}," 연락처 내보냄"],"other":[{"t":"idOrVar","v":"exported"},"/",{"t":"idOrVar","v":"total"}," 연락처 내보냄"]},"$x":[{"t":"idOrVar","v":"plural"},"exported"]},{"$i":"exportError-general","$v":"내보내는 중 오류 발생"},{"$i":"exportError-SD-shared","$v":"메모리 카드가 공유되어 있어서 접근 할 수 없음"},{"$i":"exportError-SD-unavailable","$v":"메모리 카드를 사용할 수 없음"},{"$i":"exportError-SD-noSpace","$v":"메모리 카드에 연락처를 내보낼 수 있는 충분한 용량이 없음"},{"$i":"exportError-SIM-unavailable","$v":"SIM 카드를 사용할 수 없음"},{"$i":"exportError-BT-shared","$v":"메모리 카드가 공유되어 있어서 접근 할 수 없음"},{"$i":"exportError-BT-unavailable","$v":"메모리 카드를 사용할 수 없음"},{"$i":"exportError-BT-noSpace","$v":"메모리 카드에 연락처를 내보낼 수 있는 충분한 용량이 없음"},{"$i":"social-network","$v":"소셜 네트워크"},{"$i":"social-link","$v":"연락처 연결"},{"$i":"social-unlink","$v":"연락처 연결 끊기"},{"$i":"social-unlink-confirm-title","$v":"친구와의 연결을 끊겠습니까?"},{"$i":"social-unlink-confirm-accept","$v":"끊기"},{"$i":"facebook-import","$v":"Facebook 친구 가져오기"},{"$i":"show-fb-profile","$v":"Facebook 프로필 보기"},{"$i":"msg-send","$v":"메시지"},{"$i":"wall-post","$v":"담벼락"},{"$i":"share-contact","$v":"Share Contact"},{"$i":"facebook-export-forbidden","$v":"Facebook 규정으로 인해 연락처를 공유할 수 없습니다."},{"$i":"otherAccount","$v":"다른 계정"},{"$i":"facebookSwitchMsg","$v":"친구 목록 동기화"},{"$i":"select_mobile","$v":"모바일 선택"},{"$i":"select_email","$v":"이메일 선택"},{"$i":"select_recipient","$v":"수취인 선택"},{"$i":"contactsOrderBy","$v":"성으로 정렬"},{"$i":"importSim2","$v":"SIM 카드"},{"$i":"importGmail","$v":"Gmail"},{"$i":"bluetooth","$v":"블루투스"},{"$i":"importOutlook","$v":"Outlook"},{"$i":"fbUpdateFriends","$v":"가져온 친구 목록 업데이트"},{"$i":"cleaningFbData","$v":"Facebook 데이터 삭제하기"},{"$i":"loggingOutFb","$v":"Facebook에서 나가기"},{"$i":"cleanFbConfirmMsg","$v":"Facebook 데이터를 모두 삭제하시겠습니까?"},{"$i":"renewPwdMsg","$v":"Facebook 암호가 바뀌었습니다. 업데이트해 주십시오."},{"$i":"notEnabledYet","$v":"사용 안함"},{"$i":"genericNoConnection","$v":"Wi-Fi나 데이터 네트워크에 연결하여 연락처 가저오기"},{"$i":"simCard","$v":"SIM 카드"},{"$i":"memoryCard","$v":"메모리 카드"},{"$i":"simNumberNoMSISDN","$v":["SIM ",{"t":"idOrVar","v":"number"},":"]},{"$i":"simNumberWithMSISDN","$v":["SIM ",{"t":"idOrVar","v":"number"},": ",{"t":"idOrVar","v":"msisdn"}]},{"$i":"ICEContactsGroup","$v":"ICE Contacts"},{"$i":"setICEButton","$v":"ICE 연락처 설정"},{"$i":"ICESettingTitle","$v":"ICE 연락처"},{"$i":"ICEDescription","$v":"두개의 연락처를 “긴급상황” 전화용으로 추가합니다."},{"$i":"ICEContact1","$v":"ICE 연락처 1"},{"$i":"ICESelectContact","$v":"연락처 선택"},{"$i":"ICEContact2","$v":"ICE 연락처 2"},{"$i":"ICERepeatedContact","$v":"This contact is already an existing ICE contact"},{"$i":"ICEUnknownError","$v":"There was an error setting the contact as ICE"},{"$i":"ICEContactNoNumber","$v":"This contact doesn't have a phone number"},{"$i":"ICEFacebookContactNotAllowed","$v":"Facebook contacts cannot be set as ICE contacts"},{"$i":"ICEContactDelTel","$v":"Deleted phone numbers are removed from ICE Contact"},{"$i":"ICEContactDelTelAll","$v":"All the numbers are deleted. This contact is removed from the ICE Contacts."},{"$i":"no-contacts","$v":"연락처 없음"},{"$i":"start-adding","$v":"연락처 추가"},{"$i":"notImported","$v":"이전 안함"},{"$i":"imported","$v":"이전 완료"},{"$i":"today","$v":"오늘"},{"$i":"yesterday","$v":"어제"},{"$i":"organise-contacts","$v":"연락처 정리"},{"$i":"find-merge-contacts","$v":"중복된 연락처 찾기"},{"$i":"preparing-contacts","$v":"연락처 준비"},{"$i":"exportError-SIM-NoFreeRecordFound","$v":"SIM 카드 공간 없음"},{"$i":"exportError-SIM-CannotAccessPhoneBook","$v":"SIM 카드 주소록 접근할 수 없음"},{"$i":"exportError-SIM-Unavailable","$v":"SIM 카드 없음"},{"$i":"exportError-SIM-GenericError","$v":"연락처 내보내는 동안 오류 발생"},{"$i":"noSimMsgExport","$v":"SIM 카드를 넣거나 잠금을 풀어야 연락처를 내보낼 수 있음"},{"$i":"noMemoryCardMsgExport","$v":"메모리 카드를 넣어야 연락처를 내보낼 수 있음"},{"$i":"ContactManagementTitle","$v":"연락처 관리"},{"$i":"DeleteTitle","$v":"삭제"},{"$i":"bulkDeleteButton","$v":"연락처 삭제"},{"$i":"BulkDelCancel","$v":"연락처 삭제 취소"},{"$i":"DeletedTxt","$v":{"zero":"삭제할 연락처 없음","one":"1개의 연락처 삭제됨","two":[{"t":"idOrVar","v":"n"},"개의 연락처 삭제됨"],"few":[{"t":"idOrVar","v":"n"},"개의 연락처 삭제됨"],"many":[{"t":"idOrVar","v":"n"},"개의 연락처 삭제됨"],"other":[{"t":"idOrVar","v":"n"},"개의 연락처 삭제됨"]},"$x":[{"t":"idOrVar","v":"plural"},"n"]},{"$i":"DeletingContacts","$v":"연락처 삭제중"},{"$i":"ContactConfirmDel","$v":{"zero":"삭제할 연락처 없음","one":"1개의 연락처를 삭제하시겠습니까? 다시 되돌릴 수 없습니다.","two":[{"t":"idOrVar","v":"n"},"개의 연락처를 삭제하시겠습니까? 다시 되돌릴 수 없습니다."],"few":[{"t":"idOrVar","v":"n"},"개의 연락처를 삭제하시겠습니까? 다시 되돌릴 수 없습니다."],"many":[{"t":"idOrVar","v":"n"},"개의 연락처를 삭제하시겠습니까? 다시 되돌릴 수 없습니다."],"other":[{"t":"idOrVar","v":"n"},"개의 연락처를 삭제하시겠습니까? 다시 되돌릴 수 없습니다."]},"$x":[{"t":"idOrVar","v":"plural"},"n"]},{"$i":"SelectedTxt","$v":{"zero":"연락처","one":[{"t":"idOrVar","v":"n"},"개 선택됨"],"two":[{"t":"idOrVar","v":"n"},"개 선택됨"],"few":[{"t":"idOrVar","v":"n"},"개 선택됨"],"many":[{"t":"idOrVar","v":"n"},"개 선택됨"],"other":[{"t":"idOrVar","v":"n"},"개 선택됨"]},"$x":[{"t":"idOrVar","v":"plural"},"n"]},{"$i":"video","$v":"동영상"},{"$i":"audio","$v":"오디오"},{"$i":"pick_destination","$v":[{"t":"idOrVar","v":"destination"}," ",{"t":"idOrVar","v":"carrier"}]},{"$i":"removeField","ariaLabel":"삭제"},{"$i":"undo","ariaLabel":"실행취소"},{"$i":"send-sms-button","ariaLabel":"SMS"},{"$i":"ice_contacts","$v":"ICE 연락처"},{"$i":"edit-picture","$v":"사진 수정"},{"$i":"remove-photo","$v":"사진 삭제"},{"$i":"change-photo","$v":"사진 변경"},{"$i":"photo-options","$v":"사진 설정"},{"$i":"vCardContacts-imported","$v":{"zero":"No contacts imported","one":"Imported one contact","two":["Imported ",{"t":"idOrVar","v":"n"}," contacts"],"few":["Imported ",{"t":"idOrVar","v":"n"}," contacts"],"many":["Imported ",{"t":"idOrVar","v":"n"}," contacts"],"other":["Imported ",{"t":"idOrVar","v":"n"}," contacts"]},"$x":[{"t":"idOrVar","v":"plural"},"n"]},{"$i":"voiceMail","$v":"음성메일"},{"$i":"back","$v":"뒤로"},{"$i":"noSimMsg","$v":"연락처를 가져오려면 SIM를 넣거나 잠금해제 하세요."},{"$i":"noMemoryCardMsg","$v":"연락처를 가져오려면 메모리 카드를 넣으세요."},{"$i":"importMemoryCard","$v":"메모리 카드"},{"$i":"noConnection11","$v":"Facebook 친구나 연락처를 가져오려면 Wi-Fi나 데이터 네트워크에 연결하세요."},{"$i":"emptyAccount","$v":"No friends or contacts found in this account."},{"$i":"simContacts-import","$v":"SIM 연락처 가져오기"},{"$i":"simContacts-importing","$v":"Importing SIM 연락처 가져오는 중…"},{"$i":"simContacts-reading","$v":"SIM 카드 읽는 중…"},{"$i":"simContacts-error","$v":"SIM에서 연락처를 가져오지 못함"},{"$i":"simContacts-imported3","$v":{"zero":"SIM에 가져올 연락처가 없음","one":"1개의 연락처 가져옴","two":[{"t":"idOrVar","v":"n"},"개의 연락처 가져옴"],"few":[{"t":"idOrVar","v":"n"},"개의 연락처 가져옴"],"many":[{"t":"idOrVar","v":"n"},"개의 연락처 가져옴"],"other":[{"t":"idOrVar","v":"n"},"개의 연락처 가져옴"]},"$x":[{"t":"idOrVar","v":"plural"},"n"]},{"$i":"memoryCardContacts-import","$v":"메모리 카드에서 연락처 가져오기"},{"$i":"memoryCardContacts-importing","$v":"메모리 카드에서 연락처 가져오는 중…"},{"$i":"memoryCardContacts-reading","$v":"메모리 카드 읽는 중…"},{"$i":"memoryCardContacts-error","$v":"메모리 카드에서 연락처를 가져오지 못함"},{"$i":"memoryCardContacts-imported3","$v":{"zero":"메모리 카드에 가져올 연락처가 없음","one":"1개의 연락처 가져옴","two":[{"t":"idOrVar","v":"n"},"개의 연락처 가져옴"],"few":[{"t":"idOrVar","v":"n"},"개의 연락처 가져옴"],"many":[{"t":"idOrVar","v":"n"},"개의 연락처 가져옴"],"other":[{"t":"idOrVar","v":"n"},"개의 연락처 가져옴"]},"$x":[{"t":"idOrVar","v":"plural"},"n"]},{"$i":"genericProgress","$v":[{"t":"idOrVar","v":"current"},"/",{"t":"idOrVar","v":"total"}]},{"$i":"facebook-import-msg2","$v":[{"t":"idOrVar","v":"imported"},"/",{"t":"idOrVar","v":"total"}," friends imported"]},{"$i":"contactsMerged","$v":{"zero":"병합된 중복 연락처 없음","one":"1개의 중복 연락처 병합됨","two":[{"t":"idOrVar","v":"numDups"},"개의 연락처 병합됨"],"few":[{"t":"idOrVar","v":"numDups"},"개의 연락처 병합됨"],"many":[{"t":"idOrVar","v":"numDups"},"개의 연락처 병합됨"],"other":[{"t":"idOrVar","v":"numDups"},"개의 연락처 병합됨"]},"$x":[{"t":"idOrVar","v":"plural"},"numDups"]},{"$i":"weekday-0-long","$v":"일요일"},{"$i":"weekday-1-long","$v":"월요일"},{"$i":"weekday-2-long","$v":"화요일"},{"$i":"weekday-3-long","$v":"수요일"},{"$i":"weekday-4-long","$v":"목요일"},{"$i":"weekday-5-long","$v":"금요일"},{"$i":"weekday-6-long","$v":"토요일"},{"$i":"weekday-0-short","$v":"일"},{"$i":"weekday-1-short","$v":"월"},{"$i":"weekday-2-short","$v":"화"},{"$i":"weekday-3-short","$v":"수"},{"$i":"weekday-4-short","$v":"목"},{"$i":"weekday-5-short","$v":"금"},{"$i":"weekday-6-short","$v":"토"},{"$i":"month-0-long","$v":"1월"},{"$i":"month-1-long","$v":"2월"},{"$i":"month-2-long","$v":"3월"},{"$i":"month-3-long","$v":"4월"},{"$i":"month-4-long","$v":"5월"},{"$i":"month-5-long","$v":"6월"},{"$i":"month-6-long","$v":"7월"},{"$i":"month-7-long","$v":"8월"},{"$i":"month-8-long","$v":"9월"},{"$i":"month-9-long","$v":"10월"},{"$i":"month-10-long","$v":"11월"},{"$i":"month-11-long","$v":"12월"},{"$i":"month-0-genitive","$v":"1월"},{"$i":"month-1-genitive","$v":"2월"},{"$i":"month-2-genitive","$v":"3월"},{"$i":"month-3-genitive","$v":"4월"},{"$i":"month-4-genitive","$v":"5월"},{"$i":"month-5-genitive","$v":"6월"},{"$i":"month-6-genitive","$v":"7월"},{"$i":"month-7-genitive","$v":"8월"},{"$i":"month-8-genitive","$v":"9월"},{"$i":"month-9-genitive","$v":"10월"},{"$i":"month-10-genitive","$v":"11월"},{"$i":"month-11-genitive","$v":"12월"},{"$i":"month-0-short","$v":"1월"},{"$i":"month-1-short","$v":"2월"},{"$i":"month-2-short","$v":"3월"},{"$i":"month-3-short","$v":"4월"},{"$i":"month-4-short","$v":"5월"},{"$i":"month-5-short","$v":"6월"},{"$i":"month-6-short","$v":"7월"},{"$i":"month-7-short","$v":"8월"},{"$i":"month-8-short","$v":"9월"},{"$i":"month-9-short","$v":"10월"},{"$i":"month-10-short","$v":"11월"},{"$i":"month-11-short","$v":"12월"},{"$i":"minutes-ago-long","$v":{"zero":"지금","one":"1분 전","two":[{"t":"idOrVar","v":"value"},"분 전"],"few":[{"t":"idOrVar","v":"value"},"분 전"],"many":[{"t":"idOrVar","v":"value"},"분 전"],"other":[{"t":"idOrVar","v":"value"},"분 전"]},"$x":[{"t":"idOrVar","v":"plural"},"value"]},{"$i":"hours-ago-long","$v":{"zero":"지금","one":"1시간 전","two":[{"t":"idOrVar","v":"value"},"시간 전"],"few":[{"t":"idOrVar","v":"value"},"시간 전"],"many":[{"t":"idOrVar","v":"value"},"시간 전"],"other":[{"t":"idOrVar","v":"value"},"시간 전"]},"$x":[{"t":"idOrVar","v":"plural"},"value"]},{"$i":"days-ago-long","$v":{"zero":"오늘","one":"어제","two":[{"t":"idOrVar","v":"value"},"일 전"],"few":[{"t":"idOrVar","v":"value"},"일 전"],"many":[{"t":"idOrVar","v":"value"},"일 전"],"other":[{"t":"idOrVar","v":"value"},"일 전"]},"$x":[{"t":"idOrVar","v":"plural"},"value"]},{"$i":"weeks-ago-long","$v":{"zero":"이번 주","one":"지난 주","two":[{"t":"idOrVar","v":"value"},"주 전"],"few":[{"t":"idOrVar","v":"value"},"주 전"],"many":[{"t":"idOrVar","v":"value"},"주 전"],"other":[{"t":"idOrVar","v":"value"},"주 전"]},"$x":[{"t":"idOrVar","v":"plural"},"value"]},{"$i":"months-ago-long","$v":{"zero":"이번 달","one":"지난 달","two":[{"t":"idOrVar","v":"value"},"개월 전"],"few":[{"t":"idOrVar","v":"value"},"개월 전"],"many":[{"t":"idOrVar","v":"value"},"개월 전"],"other":[{"t":"idOrVar","v":"value"},"개월 전"]},"$x":[{"t":"idOrVar","v":"plural"},"value"]},{"$i":"years-ago-long","$v":{"zero":"올해","one":"작년","two":[{"t":"idOrVar","v":"value"},"년 전"],"few":[{"t":"idOrVar","v":"value"},"년 전"],"many":[{"t":"idOrVar","v":"value"},"년 전"],"other":[{"t":"idOrVar","v":"value"},"년 전"]},"$x":[{"t":"idOrVar","v":"plural"},"value"]},{"$i":"minutes-until-long","$v":{"zero":"지금","one":"1분 후","two":[{"t":"idOrVar","v":"value"},"분 후"],"few":[{"t":"idOrVar","v":"value"},"분 후"],"many":[{"t":"idOrVar","v":"value"},"분 후"],"other":[{"t":"idOrVar","v":"value"},"분 후"]},"$x":[{"t":"idOrVar","v":"plural"},"value"]},{"$i":"hours-until-long","$v":{"zero":"지금","one":"한 시간 후","two":[{"t":"idOrVar","v":"value"},"시간 후"],"few":[{"t":"idOrVar","v":"value"},"시간 후"],"many":[{"t":"idOrVar","v":"value"},"시간 후"],"other":[{"t":"idOrVar","v":"value"},"시간 후"]},"$x":[{"t":"idOrVar","v":"plural"},"value"]},{"$i":"days-until-long","$v":{"zero":"오늘","one":"내일","two":[{"t":"idOrVar","v":"value"},"일 후"],"few":[{"t":"idOrVar","v":"value"},"일 후"],"many":[{"t":"idOrVar","v":"value"},"일 후"],"other":[{"t":"idOrVar","v":"value"},"일 후"]},"$x":[{"t":"idOrVar","v":"plural"},"value"]},{"$i":"weeks-until-long","$v":{"zero":"이번 주","one":"다음 주","two":[{"t":"idOrVar","v":"value"},"주 후"],"few":[{"t":"idOrVar","v":"value"},"주 후"],"many":[{"t":"idOrVar","v":"value"},"주 후"],"other":[{"t":"idOrVar","v":"value"},"주 후"]},"$x":[{"t":"idOrVar","v":"plural"},"value"]},{"$i":"months-until-long","$v":{"zero":"이번 달","one":"다음 달","two":[{"t":"idOrVar","v":"value"},"개월 후"],"few":[{"t":"idOrVar","v":"value"},"개월 후"],"many":[{"t":"idOrVar","v":"value"},"개월 후"],"other":[{"t":"idOrVar","v":"value"},"개월 후"]},"$x":[{"t":"idOrVar","v":"plural"},"value"]},{"$i":"years-until-long","$v":{"zero":"올해","one":"내년","two":[{"t":"idOrVar","v":"value"},"년 후"],"few":[{"t":"idOrVar","v":"value"},"년 후"],"many":[{"t":"idOrVar","v":"value"},"년 후"],"other":[{"t":"idOrVar","v":"value"},"년 후"]},"$x":[{"t":"idOrVar","v":"plural"},"value"]},{"$i":"minutes-ago-short","$v":{"zero":"지금","other":[{"t":"idOrVar","v":"value"},"분 전"]},"$x":[{"t":"idOrVar","v":"plural"},"value"]},{"$i":"hours-ago-short","$v":{"zero":"지금","other":[{"t":"idOrVar","v":"value"},"시간 전"]},"$x":[{"t":"idOrVar","v":"plural"},"value"]},{"$i":"days-ago-short","$v":{"zero":"오늘","other":[{"t":"idOrVar","v":"value"},"일 전"]},"$x":[{"t":"idOrVar","v":"plural"},"value"]},{"$i":"minutes-until-short","$v":{"zero":"지금","other":[{"t":"idOrVar","v":"value"},"분 후"]},"$x":[{"t":"idOrVar","v":"plural"},"value"]},{"$i":"hours-until-short","$v":{"zero":"지금","other":[{"t":"idOrVar","v":"value"},"시간 후"]},"$x":[{"t":"idOrVar","v":"plural"},"value"]},{"$i":"days-until-short","$v":{"zero":"오늘","other":[{"t":"idOrVar","v":"value"},"일 후"]},"$x":[{"t":"idOrVar","v":"plural"},"value"]},{"$i":"incorrectDate","$v":"(잘못된 날짜)"},{"$i":"dateTimeFormat_%c","$v":"%Y년 %B %e일 %a %I:%M:%S %p"},{"$i":"dateTimeFormat_%x","$v":"%Y/%m/%d"},{"$i":"dateTimeFormat_%X","$v":"%I:%M:%S %p"},{"$i":"shortTimeFormat","$v":"%I:%M %p"},{"$i":"shortTimeFormat12","$v":"%I:%M %p"},{"$i":"shortTimeFormat24","$v":"%H:%M"},{"$i":"shortDateTimeFormat","$v":"%x %I:%M %p"},{"$i":"weekStartsOnMonday","$v":"0"},{"$i":"firstDayOfTheWeek","$v":"0"},{"$i":"time_am","$v":"오전"},{"$i":"time_pm","$v":"오후"},{"$i":"label","$v":"라벨"},{"$i":"mobile","$v":"모바일"},{"$i":"home","$v":"자택"},{"$i":"work","$v":"직장"},{"$i":"personal","$v":"개인"},{"$i":"faxHome","$v":"자택 팩스"},{"$i":"faxOffice","$v":"사무실 팩스"},{"$i":"faxOther","$v":"기타 팩스"},{"$i":"another","$v":"기타"},{"$i":"other","$v":"기타"},{"$i":"customTag","placeholder":"사용자 정의 태그"},{"$i":"current","$v":"현주소"},{"$i":"itemWithLabel","$v":[{"t":"idOrVar","v":"label"},", ",{"t":"idOrVar","v":"item"}]},{"$i":"addNewNumber","$v":"번호 저장"},{"$i":"contactDetails","$v":"연락처 상세"},{"$i":"addToExistingContact","$v":"기존 연락처에 추가"},{"$i":"all","$v":"전체","ariaLabel":"전체"},{"$i":"bluetoothOption","ariaLabel":"Bluetooth"},{"$i":"callLog","$v":"통화 기록"},{"$i":"callLogEdit","title":"통화 기록 수정"},{"$i":"callLogEditDialog","ariaLabel":"통화 기록 수정 창"},{"$i":"connecting","$v":"연결 중"},{"$i":"connectingEllipsis","$v":"Connecting…"},{"$i":"call-forwarding-async","$v":["Asynchronous: ",{"t":"idOrVar","v":"async"}]},{"$i":"call-forwarding-data","$v":["Data: ",{"t":"idOrVar","v":"data"}]},{"$i":"call-forwarding-error","$v":"An error occurred while retrieving call forwarding status"},{"$i":"call-forwarding-fax","$v":["FAX: ",{"t":"idOrVar","v":"fax"}]},{"$i":"call-forwarding-inactive","$v":"Inactive"},{"$i":"call-forwarding-packet","$v":["Packet: ",{"t":"idOrVar","v":"packet"}]},{"$i":"call-forwarding-pad","$v":["PAD: ",{"t":"idOrVar","v":"pad"}]},{"$i":"call-forwarding-sms","$v":["SMS: ",{"t":"idOrVar","v":"sms"}]},{"$i":"call-forwarding-status","$v":"Call forwarding status"},{"$i":"call-forwarding-sync","$v":["Synchronous: ",{"t":"idOrVar","v":"sync"}]},{"$i":"call-forwarding-voice","$v":["Voice: ",{"t":"idOrVar","v":"voice"}]},{"$i":"confirm-deletion","$v":"선택한 통화를 삭제하시겠습니까?"},{"$i":"createNewContact","$v":"새 연락처 만들기"},{"$i":"dialerAddContact","ariaLabel":"연락처 추가"},{"$i":"dialerAddContactDialog","ariaLabel":"Add Contact Dialog"},{"$i":"callInformation","$v":"통화 정보"},{"$i":"edit-selected","$v":{"one":[{"t":"idOrVar","v":"n"},"개 선택됨"],"two":[{"t":"idOrVar","v":"n"},"개 선택됨"],"few":[{"t":"idOrVar","v":"n"},"개 선택됨"],"many":[{"t":"idOrVar","v":"n"},"개 선택됨"],"other":[{"t":"idOrVar","v":"n"},"개 선택됨"]},"$x":[{"t":"idOrVar","v":"plural"},"n"]},{"$i":"hideKeypad","ariaLabel":"키패드 감춤"},{"$i":"ignore","$v":"전화 무시"},{"$i":"incoming","$v":"수신"},{"$i":"keypad","ariaLabel":"키패드"},{"$i":"info-missed","$v":"부재중"},{"$i":"missed","$v":"부재중","ariaLabel":"부재중"},{"$i":"canceled","$v":"취소됨"},{"$i":"missedCall","$v":"부재 중 전화"},{"$i":"missedCallMultiSims","$v":["SIM ",{"t":"idOrVar","v":"n"}," - 부재중 전화"]},{"$i":"mmi-error","$v":"메시지 보내는 중 오류"},{"$i":"mmi-session-expired","$v":"세션이 만료됨"},{"$i":"mmi-successfully-sent","$v":"메시지 보내기 성공"},{"$i":"mmi-notification-title-with-sim","$v":["(",{"t":"idOrVar","v":"sim"},") ",{"t":"idOrVar","v":"title"}]},{"$i":"mute","ariaLabel":"음소거"},{"$i":"newCall","ariaLabel":"전화 걸기"},{"$i":"no-logs-msg-1","$v":"녹음된 통화 없음"},{"$i":"no-logs-msg-2","$v":"지금 연락하기"},{"$i":"no-logs-msg-3","$v":"부재 중 전화 없음"},{"$i":"onHoldOption","ariaLabel":"On hold"},{"$i":"outgoing","$v":"발신"},{"$i":"recents","ariaLabel":"최근 통화"},{"$i":"reply","$v":"응답"},{"$i":"send","$v":"보내기"},{"$i":"switch-calls","$v":"통화 전환"},{"$i":"withheld-number","$v":"제한 표시 번호"},{"$i":"from-contact","$v":[{"t":"idOrVar","v":"contact"},"로 부터 전화"]},{"$i":"from-number","$v":[{"t":"idOrVar","v":"number"},"로 부터 전화"]},{"$i":"from-withheld-number","$v":"제한 표시 번호로 부터 전화"},{"$i":"sending","$v":"보내는 중..."},{"$i":"speakerOption","ariaLabel":"스피커"},{"$i":"ussd-services","$v":[{"t":"idOrVar","v":"operator"},"에서 서비스함"]},{"$i":"toggleKeypad","ariaLabel":"키패드 토글"},{"$i":"type-your-response","placeholder":"귀하의 응답을 입력중..."},{"$i":"clear-all-text","$v":"텍스트 모두 지우기"},{"$i":"hide","$v":"감추기"},{"$i":"hold","ariaLabel":"대기"},{"$i":"resume","$v":"계속","ariaLabel":"계속"},{"$i":"sendSms","$v":"메시지 전송"},{"$i":"callEnded","$v":"통화 종료"},{"$i":"via-sim","$v":["- SIM",{"t":"idOrVar","v":"n"}]},{"$i":"sim-number","$v":["SIM",{"t":"idOrVar","v":"n"}]},{"$i":"unknown","$v":"알 수 없음"},{"$i":"hangup-a11y-button","ariaLabel":"전화 걸기"},{"$i":"pickup-a11y-button","ariaLabel":"전화 받기"},{"$i":"unlock-a11y-button","ariaLabel":"슬라이더"},{"$i":"settings","$v":"설정"},{"$i":"delete-n-log?","$v":{"zero":"선택된 기록 없음","one":"선택된 기록을 지우시겠습니까?","two":[{"t":"idOrVar","v":"n"},"개의 기록을 지우시겠습니까?"],"few":[{"t":"idOrVar","v":"n"},"개의 기록을 지우시겠습니까?"],"many":[{"t":"idOrVar","v":"n"},"개의 기록을 지우시겠습니까?"],"other":[{"t":"idOrVar","v":"n"},"개의 기록을 지우시겠습니까?"]},"$x":[{"t":"idOrVar","v":"plural"},"n"]},{"$i":"callDurationMinutes","$v":[{"t":"idOrVar","v":"m"},":",{"t":"idOrVar","v":"s"}]},{"$i":"callDurationHours","$v":[{"t":"idOrVar","v":"h"},":",{"t":"idOrVar","v":"m"},":",{"t":"idOrVar","v":"s"}]},{"$i":"callDurationTextFormatSeconds","$v":[{"t":"idOrVar","v":"s"},"초"]},{"$i":"callDurationTextFormatMinutes","$v":[{"t":"idOrVar","v":"m"},"분 ",{"t":"idOrVar","v":"s"},"초"]},{"$i":"callDurationTextFormatHours","$v":[{"t":"idOrVar","v":"h"},"시 ",{"t":"idOrVar","v":"m"},"분 ",{"t":"idOrVar","v":"s"},"초"]},{"$i":"suggestionMatches","$v":{"one":["\"",{"t":"idOrVar","v":"matchNumber"},"\"와 1개 번호 일치"],"two":["\"",{"t":"idOrVar","v":"matchNumber"},"\"와 2개 번호 일치"],"few":["\"",{"t":"idOrVar","v":"matchNumber"},"\"와 서너개 번호 일치"],"many":["\"",{"t":"idOrVar","v":"matchNumber"},"\"와 많은 번호 일치"],"other":["\"",{"t":"idOrVar","v":"matchNumber"},"\"와 다수 번호 일치"]},"$x":[{"t":"idOrVar","v":"plural"},"n"]},{"$i":"scCallBarring","$v":"수신 거부"},{"$i":"scCallForwarding","$v":"착신 전환"},{"$i":"scClip","$v":"수신자 ID"},{"$i":"scClir","$v":"송신자 ID"},{"$i":"scPwd","$v":"비밀번호 변경"},{"$i":"scCallWaiting","$v":"통화 대기"},{"$i":"scPin","$v":"PIN 변경"},{"$i":"scPin2","$v":"PIN2 변경"},{"$i":"scPuk","$v":"PIN 잠금해제"},{"$i":"scPuk2","$v":"PIN2 잠금해제"},{"$i":"scImei","$v":"IMEI"},{"$i":"scUssd","$v":"USSD"},{"$i":"serviceClassVoice","$v":"음성"},{"$i":"serviceClassData","$v":"데이터"},{"$i":"serviceClassFax","$v":"팩스"},{"$i":"serviceClassSms","$v":"문자"},{"$i":"serviceClassDataSync","$v":"동기"},{"$i":"serviceClassDataAsync","$v":"비동기"},{"$i":"serviceClassPacket","$v":"패킷"},{"$i":"serviceClassPad","$v":"PAD"},{"$i":"smServiceEnabled","$v":"서비스 활성화됨"},{"$i":"smServiceDisabled","$v":"서비스 비활성화됨"},{"$i":"smServiceRegistered","$v":"성공적으로 등록됨"},{"$i":"smServiceErased","$v":"성공적으로 삭제됨"},{"$i":"smServiceInterrogated","$v":"성공적으로 요청됨"},{"$i":"smServiceNotProvisioned","$v":"서비스가 제공되지 않음"},{"$i":"smClirPermanent","$v":"발신자 ID 설정은 변경할 수 없음"},{"$i":"smClirDefaultOnNextCallOn","$v":"발신자 ID가 제한되었습니다. 다음 통화: 제한됨"},{"$i":"smClirDefaultOnNextCallOff","$v":"발신자 ID가 제한되었습니다. 다음 통화: 제한되지 않음"},{"$i":"smClirDefaultOffNextCallOn","$v":"발신자 ID가 제한되지 않았습니다. 다음 통화: 제한됨"},{"$i":"smClirDefaultOffNextCallOff","$v":"발신자 ID가 제한되지 않았습니다. 다음 통화: 제한되지 않음"},{"$i":"smServiceEnabledFor","$v":"다음 서비스 활성화:"},{"$i":"smPinChanged","$v":"PIN 변경 완료"},{"$i":"smPinUnblocked","$v":"PIN 잠금 해제 완료"},{"$i":"smPin2Changed","$v":"PIN2 변경 완료"},{"$i":"smPin2Unblocked","$v":"PIN2 잠금 해제 완료"},{"$i":"ServiceIsEnabled","$v":"서비스 켜짐"},{"$i":"ServiceIsDisabled","$v":"서비스 꺼짐"},{"$i":"ServiceIsEnabledFor","$v":"서비스 켜짐:"},{"$i":"emMmiError","$v":"연결 불량이거나 유효하지 않은 MMI 코드"},{"$i":"emMmiErrorPasswordIncorrect","$v":"잘못된 비밀번호"},{"$i":"emMmiErrorNotSupported","$v":"유효하지 않거나 지원되지 않는 MMI 코드"},{"$i":"emMmiErrorInvalidAction","$v":"잘못된 동작"},{"$i":"emMmiErrorInvalidScCode","$v":"유효하지 않은 서비스 코드"},{"$i":"emMmiErrorBadPuk","$v":"입력된 PUK가 맞지 않음"},{"$i":"emMmiErrorBadPin","$v":"입력된 이전 PIN이 맞지 않습니다"},{"$i":"emMmiErrorNeedPuk2","$v":"SIM 카드 잠금을 해제 위해 PUK2 입력"},{"$i":"emMmiErrorMismatchPin","$v":"입력한 PIN이 맞지 않음"},{"$i":"emMmiErrorInvalidPin","$v":"4~8자의 PIN을 입력"},{"$i":"emMmiErrorNeedsPuk","$v":"SIM 카드 PUK-잠금 상태"},{"$i":"emMmiErrorEnablePin","$v":"실패하였습니다. SIM/RUIM을 잠금"},{"$i":"emMmiErrorMmiFdn","$v":"고정 다이얼링 번호에서만 할 수 있는 동작"},{"$i":"emMmiErrorStkCcUssdDial","$v":"USSD 요청이 DIAL 요청으로 변경됨"},{"$i":"emMmiErrorStkCcUssdSs","$v":"USSD 요청이 SS 요청으로 변경됨"},{"$i":"emMmiErrorStkCcUssdUssd","$v":"USSD 요청이 새로운 USSD 요청으로 변경됨"},{"$i":"emMmiErrorStkCcSsDial","$v":"SS 요청이 DIAL 요청으로 변경됨"},{"$i":"emMmiErrorStkCcSsUssd","$v":"SS 요청이 USSD 요청으로 변경됨"},{"$i":"emMmiErrorStkCcSsSs","$v":"SS 요청이 새로운 SS 요청으로 변경됨"},{"$i":"emMmiErrorPinPukAttempts","$v":{"one":[{"t":"idOrVar","v":"n"},"번 남음"],"two":[{"t":"idOrVar","v":"n"},"번 남음"],"few":[{"t":"idOrVar","v":"n"},"번 남음"],"many":[{"t":"idOrVar","v":"n"},"번 남음"],"other":[{"t":"idOrVar","v":"n"},"번 남음"]},"$x":[{"t":"idOrVar","v":"plural"},"n"]},{"$i":"emMmiErrorSimBlocked","$v":"최대 시도 횟수를 초과하였습니다. SIM이 잠겼습니다"},{"$i":"RadioNotAvailable","$v":"라디오를 사용할 수 없음"},{"$i":"GenericFailure","$v":"일반적인 실패"},{"$i":"PasswordIncorrect","$v":"비밀번호 맞지 않음"},{"$i":"SimPin2","$v":"SIM PIN2"},{"$i":"SimPuk2","$v":"SIM PUK2"},{"$i":"RequestNotSupported","$v":"지원되지 않는 요청"},{"$i":"OpNotAllowedDuringVoiceCall","$v":"음성 통화 중 조작 할 수 없음"},{"$i":"SmsSendFailRetry","$v":"SMS 송신 실패 재시도"},{"$i":"SimAbsent","$v":"SIM이 없음"},{"$i":"SubscriptionNotAvailable","$v":"가입할 수 없음"},{"$i":"ModeNotSupported","$v":"지원되지 않는 모드"},{"$i":"FdnCheckFailure","$v":"Fdn 검사 실피"},{"$i":"IllegalSimOrMe","$v":"허용되지 않은 SIM 또는 ME"},{"$i":"DialModifiedToUssd","$v":"Dial이 USSD로 변경"},{"$i":"DialModifiedToSs","$v":"Dial이 SS로 변경"},{"$i":"DialModifiedToDial","$v":"Dial이 dial로 변경"},{"$i":"UssdModifiedToDial","$v":"USSD이 dial로 변경"},{"$i":"UssdModifiedToSs","$v":"USSD이 SS로 변경"},{"$i":"UssdModifiedToUssd","$v":"USSD이 USSD로 변경"},{"$i":"SsModifiedToDial","$v":"SS이 dial로 변경"},{"$i":"SsModifiedToUssd","$v":"SS이 USSD로 변경"},{"$i":"SsModifiedToSs","$v":"SS이 SS로 변경"},{"$i":"SubscriptionNotSupported","$v":"가입이 지원되지 않음"},{"$i":"InvalidParameter","$v":"잘못된 파라메터"},{"$i":"RejectedByRemote","$v":"원격에서 거부됨"},{"$i":"conferenceCall","$v":["컨퍼런스 (",{"t":"idOrVar","v":"n"},")"]},{"$i":"caller-left-call","$v":[{"t":"idOrVar","v":"caller"},"님과의 전화가 끊겼습니다."]},{"$i":"conferenceAddError","$v":"통화 합치기 할 수 없음"},{"$i":"conferenceRemoveError","$v":"통화 분리 할 수 없음"},{"$i":"longDateFormat","$v":"%B %e일 %A"},{"$i":"select-audio-sources","$v":"오디오 소스 선택"},{"$i":"bluetooth-handsfree-device","$v":"블루투스 핸즈프리 기기"},{"$i":"receiver","$v":"리시버"},{"$i":"speaker","$v":"스피커"},{"$i":"voicemailNoNumberTitle","$v":"보이스메일 번호가 유효하지 않음"},{"$i":"voicemailNoNumberText","$v":"보이스메일에 연결할 수 없습니다. 연결을 위해 보이스메일 번호를 설정해 주세요."},{"$i":"voicemailNoNumberSettings","$v":"설정"},{"$i":"voicemailNoNumberCancel","$v":"취소"},{"$i":"phoneNumberInput","ariaLabel":"전화번호"},{"$i":"keypadDelete","ariaLabel":"삭제"},{"$i":"voiceMailKey","ariaLabel":"음성사서함"},{"$i":"asterisk","ariaLabel":"별표"},{"$i":"hashSign","ariaLabel":"해시 기호"},{"$i":"loadingSimContacts","$v":"Loading SIM card contacts…"},{"$i":"noContactsWereFound","$v":"No contacts were found"},{"$i":"noContactsFoundDialogOk","$v":"OK"},{"$i":"emergencyNumber","$v":"긴급 전화번호"},{"$i":"callAirplaneModeMessage","$v":"비행기 모드를 비활성화하면 통화를 할 수 있습니다."},{"$i":"callAirplaneModeBtnOk","$v":"예"},{"$i":"callAirplaneModeTitle","$v":"비행기 모드 활성화됨"},{"$i":"numberIsBusyTitle","$v":"통화중"},{"$i":"numberIsBusyMessage","$v":"현재 통화중입니다. 잠시 후에 다시 시도해 주세요."},{"$i":"fdnIsActiveTitle","$v":"FDN 활성화"},{"$i":"fdnIsActiveMessage","$v":["FDN(승인 전화 목록)이 활성화 되었고 다음 전화 번호는 FDN 목록에 없습니다: ",{"t":"idOrVar","v":"number"}]},{"$i":"emergencyDialogBodyBadNumber","$v":"네트워크에 연결되어 있어야 통화를 할 수 있습니다."},{"$i":"emergencyDialogBodyDeviceNotAccepted","$v":"이 네트워크에서는 비상 통화가 되지 않습니다."},{"$i":"emergencyDialogBtnOk","$v":"예"},{"$i":"emergencyDialogTitle","$v":"네트워크 연결 없음"},{"$i":"invalidNumberToDialTitle","$v":"유효하지 않은 전화 번호"},{"$i":"invalidNumberToDialMessage","$v":"전화 번호가 유효하지 않습니다."},{"$i":"unableToCallTitle","$v":"전화 걸기 실패"},{"$i":"unableToCallMessage","$v":"전화를 걸 수 없습니다. 거는 중이라면 끊으셔야 합니다."},{"$i":"otherConnectionInUseTitle","$v":"기존 통화 사용 중"},{"$i":"otherConnectionInUseMessage","$v":"기존에 통화가 아직 진행중입니다. 한번에 한 통화만 가능합니다."}]