[{"$i":"close","$v":"Užverti"},{"$i":"import","$v":"Importuoti"},{"$i":"update","$v":"Atnaujinti"},{"$i":"fbFriends","$v":"„Facebook“ draugai"},{"$i":"live-serviceName","$v":"Outlook"},{"$i":"gmail-serviceName","$v":"Gmail"},{"$i":"facebook-serviceName","$v":"FB draugai"},{"$i":"selectAll","$v":"Žymėti visus"},{"$i":"deselectAll","$v":"Nužymėti visus"},{"$i":"viewAll","$v":"Rodyti visus „Facebook“ draugus"},{"$i":"viewRecommend","$v":"Rodyti tik siūlomus"},{"$i":"linkProposal","$v":{"zero":"Filtrą atitinkančių draugų nėra. Rodomi visi","one":"Rinktis siūlomą","two":"Rinktis siūlomą","few":"Rinktis siūlomą","many":"Rinktis siūlomą","other":"Rinktis siūlomą"},"$x":[{"t":"idOrVar","v":"plural"},"numFriends"]},{"$i":"fbFriendsFound","$v":{"zero":"Importuoti visi jūsų draugai","one":["Aptiktas ",{"t":"idOrVar","v":"numFriends"}," importuotinas draugas"],"two":["Aptikti ",{"t":"idOrVar","v":"numFriends"}," importuotini draugai"],"few":["Aptikti ",{"t":"idOrVar","v":"numFriends"}," importuotini draugai"],"many":["Aptikta ",{"t":"idOrVar","v":"numFriends"}," importuotinų draugų"],"other":["Aptikta ",{"t":"idOrVar","v":"numFriends"}," importuotinų draugų"]},"$x":[{"t":"idOrVar","v":"plural"},"numFriends"]},{"$i":"fbNoFriends","$v":"Nėra importuotinų draugų"},{"$i":"facebook","$v":"Facebook"},{"$i":"search-contact","placeholder":"Ieškoti"},{"$i":"noResults","$v":"Adresatų nerasta"},{"$i":"done-search","$v":"Baigta"},{"$i":"progressFB3ImportTitle","$v":"Į adresinę importuojami draugai"},{"$i":"progressFB","$v":[{"t":"idOrVar","v":"current"}," iš ",{"t":"idOrVar","v":"total"}]},{"$i":"progressFB3UpdateTitle","$v":"Adresinėje atnaujinami draugai"},{"$i":"message2","$v":"Tai gali užtrukti keletą minučių"},{"$i":"messageLinking","$v":"Luktelėkite, kol jūsų draugai bus susieti su adresatais."},{"$i":"messageCanceling","$v":"Luktelėkite, kol bus nutraukta šiuo metu vykdoma operacija."},{"$i":"error1","$v":["Klaida ",{"t":"idOrVar","v":"from"}]},{"$i":"error2","$v":"Ar bandyti dar kartą?"},{"$i":"errorProposal","$v":"apskaičiuojant siūlymus"},{"$i":"errorFriends","$v":"gaunant draugų sąrašą"},{"$i":"errorLinking","$v":"susiejant adresatą"},{"$i":"timeout1","$v":["Viršytas ",{"t":"idOrVar","v":"from"}," skirtas laikas"]},{"$i":"timeout2","$v":"Ar bandyti dar kartą?"},{"$i":"timeoutProposal","$v":"siūlymams apskaičiuoti"},{"$i":"timeoutFriends","$v":"draugų sąrašui gauti"},{"$i":"timeoutLinking","$v":"adresatams susieti"},{"$i":"wait1","$v":"Luktelėkite"},{"$i":"wait2","$v":"Tai gali užtrukti keletą minučių"},{"$i":"waitProposal","$v":"Luktelėkite, kol bus apskaičiuoti pasiūlymai."},{"$i":"waitFriends","$v":"Luktelėkite, kol bus prisijungta ir gautas jūsų draugų sąrašas."},{"$i":"curtainCancel","$v":"Atsisakyti"},{"$i":"curtainRetry","$v":"Bandyti vėl"},{"$i":"curtainOK","$v":"Gerai"},{"$i":"connectionLost","$v":"Nėra ryšio su internetu"},{"$i":"connectionLostMsg","$v":"Draugų nuotraukos nebus įtrauktos į adresinę. Ar vis tiek tęsti?"},{"$i":"yesOption","$v":"Gerai"},{"$i":"noOption","$v":"Atsisakyti"},{"$i":"friendsUpdated","$v":{"zero":"Neatnaujintas nė vienas draugas","one":["Atnaujintas ",{"t":"idOrVar","v":"numFriends"}," draugas"],"two":["Atnaujinti ",{"t":"idOrVar","v":"numFriends"}," draugai"],"few":["Atnaujinti ",{"t":"idOrVar","v":"numFriends"}," draugai"],"many":["Atnaujinta ",{"t":"idOrVar","v":"numFriends"}," draugų"],"other":["Atnaujinta ",{"t":"idOrVar","v":"numFriends"}," draugų"]},"$x":[{"t":"idOrVar","v":"plural"},"numFriends"]},{"$i":"friendsMerged","$v":{"zero":"Sulietų besidubliuojančių draugų nėra","one":["Sulietas ",{"t":"idOrVar","v":"numDups"}," besidubliuojantis draugas"],"two":["Sulieti ",{"t":"idOrVar","v":"numDups"}," besidubliuojantys draugai"],"few":["Sulieti ",{"t":"idOrVar","v":"numDups"}," besidubliuojantys draugai"],"many":["Sulieta ",{"t":"idOrVar","v":"numDups"}," besidubliuojančių draugų"],"other":["Sulieta ",{"t":"idOrVar","v":"numDups"}," besidubliuojančių draugų"]},"$x":[{"t":"idOrVar","v":"plural"},"numDups"]},{"$i":"notificationLogin","$v":"Jūsų ryšio su „Facebook“ seansas negaliojantis. Prisijunkite iš naujo."},{"$i":"syncError","$v":"Sinchronizuojant draugo duomenis, įvyko klaida "},{"$i":"waitDuplicateContacts","$v":"Ieškoma besidubliuojančių adresatų"},{"$i":"waitMergingDuplicateContacts","$v":"Suliejami besidubliuojantys adresatai"},{"$i":"alertNoDuplicateContacts","$v":"Besidubliuojančių adresatų neaptikta"},{"$i":"merge","ariaLabel":"Merge"},{"$i":"mergeDuplicateTitle","$v":"Dublikatų suliejimas"},{"$i":"suggestedDuplicateContacts","$v":["Siūlomi adresato ",{"t":"idOrVar","v":"name"}," dublikatai"]},{"$i":"mergeActionButtonLabel","$v":{"zero":"Neparinktas nė vienas adresatas","one":["Sulieti su ",{"t":"idOrVar","v":"n"}," adresatu"],"two":["Sulieti su ",{"t":"idOrVar","v":"n"}," adresatais"],"few":["Sulieti su ",{"t":"idOrVar","v":"n"}," adresatais"],"many":["Sulieti su ",{"t":"idOrVar","v":"n"}," adresatų"],"other":["Sulieti su ",{"t":"idOrVar","v":"n"}," adresatų"]},"$x":[{"t":"idOrVar","v":"plural"},"n"]},{"$i":"duplicatesFoundTitle","$v":"Aptikta dublikatų"},{"$i":"duplicatesFoundMessage","$v":["Adresato ",{"t":"idOrVar","v":"name"}," duomenys kartojasi šiuose adresinės įrašuose"]},{"$i":"ok","$v":"Gerai"},{"$i":"gaia-menu-cancel","$v":"Atsisakyti"},{"$i":"gaia-sim-picker-dial-via-with-number","$v":["Dial ",{"t":"idOrVar","v":"phoneNumber"}," via"]},{"$i":"gaia-sim-picker-select-sim","$v":"Select SIM"},{"$i":"gaia-sim-picker-button","$v":["SIM",{"t":"idOrVar","v":"n"}]},{"$i":"gaia-sim-picker-button-default","$v":"(default)"},{"$i":"call","$v":"Skambinti"},{"$i":"edit","$v":"Taisyti"},{"$i":"cancel","$v":"Atsisakyti"},{"$i":"done","$v":"Baigta"},{"$i":"retry","$v":"Bandyti vėl"},{"$i":"contacts","$v":"Adresinė"},{"$i":"addContact","$v":"Adresato kūrimas"},{"$i":"deleteContact","$v":"Šalinti adresatą"},{"$i":"selectContact","$v":"Žymėti adresatą"},{"$i":"editContact","$v":"Adresato taisa"},{"$i":"deleteConfirmMsg","$v":"Pašalinti adresatą?"},{"$i":"remove","$v":"Šalinti"},{"$i":"delete","$v":"Šalinti"},{"$i":"comments","$v":"Pastabos"},{"$i":"no_contact_phones","$v":"Šio adresato telefono numeris nenurodytas"},{"$i":"no_contact_email","$v":"Šio adresato el. pašto adresas nenurodytas"},{"$i":"no_contact_data","$v":"Šio adresato telefono numeris ir el. paštas nenurodyti"},{"$i":"removePhotoConfirm","$v":"Pašalinti adresato nuotrauką?"},{"$i":"loadingContacts","$v":"Įkeliami adresatai…"},{"$i":"noContactsActivity2","$v":"No contacts in your Contacts list"},{"$i":"noName","$v":"Be vardo"},{"$i":"givenName","placeholder":"Vardas"},{"$i":"familyName","placeholder":"Pavardė"},{"$i":"tel","placeholder":"Telefonas"},{"$i":"carrier","$v":"Operatorius","placeholder":"Operatorius"},{"$i":"separator","$v":","},{"$i":"email","$v":"El. paštas","placeholder":"El. paštas"},{"$i":"streetAddress","placeholder":"Adresas"},{"$i":"postalCode","placeholder":"Pašto kodas"},{"$i":"locality","placeholder":"Miestas"},{"$i":"countryName","placeholder":"Valstybė"},{"$i":"comment","placeholder":"Pastaba"},{"$i":"org","placeholder":"Darbovietė"},{"$i":"date","$v":"Data","placeholder":"Data"},{"$i":"date-span-placeholder","$v":"Data"},{"$i":"birthday","$v":"Gimimo diena"},{"$i":"dateFormat","$v":"%Eb %e d."},{"$i":"dateOutput","$v":[{"t":"idOrVar","v":"year"}," m. ",{"t":"idOrVar","v":"dayMonthFormatted"}]},{"$i":"anniversary","$v":"Sukaktis"},{"$i":"addPhoto","$v":"Pridėti nuotrauką"},{"$i":"addPhone","$v":"Pridėti telefoną"},{"$i":"addEmail","$v":"Pridėti el. pašto adresą"},{"$i":"addAddress","$v":"Pridėti adresą"},{"$i":"addDate","$v":"Pridėti datą"},{"$i":"addComment","$v":"Pridėti pastabą"},{"$i":"addFavorite","$v":"Žymėti kaip mėgstamiausią"},{"$i":"removeFavorite","$v":"Nužymėti kaip mėgstamiausią"},{"$i":"addButton","ariaLabel":"Pridėti"},{"$i":"editButton","ariaLabel":"Taisyti"},{"$i":"settingsButton","ariaLabel":"Nuostatos"},{"$i":"phoneDetail","ariaLabel":"Telefonas"},{"$i":"emailDetail","ariaLabel":"Elektroninis paštas"},{"$i":"addressDetail","ariaLabel":"Adresas"},{"$i":"dateDetail","ariaLabel":"Data"},{"$i":"composeEmail","ariaLabel":"Rašyti laišką"},{"$i":"makeCall","ariaLabel":"Skambinti"},{"$i":"phones","ariaLabel":"Telefonai"},{"$i":"emails","ariaLabel":"Elektroninio pašto adresai"},{"$i":"addresses","ariaLabel":"Adresai"},{"$i":"dates","ariaLabel":"Datos"},{"$i":"notes","ariaLabel":"Pastabos"},{"$i":"exit","$v":"Išeiti"},{"$i":"expand","$v":"Išskleisti"},{"$i":"labelName","$v":"Vardas:"},{"$i":"labelLastName","$v":"Pavardė:"},{"$i":"labelPhoneNumber","$v":"Telefono numeris:"},{"$i":"labelCarrier","$v":"Operatorius:"},{"$i":"labelEmail","$v":"Elektroninio pašto adresas:"},{"$i":"labelStreet","$v":"Adresas:"},{"$i":"labelZip","$v":"Pašto kodas:"},{"$i":"labelCity","$v":"Miestas:"},{"$i":"labelCountry","$v":"Valstybė:"},{"$i":"labelComment","$v":"Pastaba:"},{"$i":"legendTitleMain","$v":"Pagrindiniai duomenys"},{"$i":"legendPhones","$v":"Telefono numeriai"},{"$i":"legendEmail","$v":"Elektroninio pašto adresas"},{"$i":"legendAddress","$v":"Adresas"},{"$i":"transferContactsTitle","$v":"Adresatų perkėlimas"},{"$i":"importContactsTitle","$v":"Importuoti adresatus"},{"$i":"importContactsButton","$v":"Importuoti adresatus"},{"$i":"exportContactsTitle","$v":"Eksportuoti adresatus"},{"$i":"exportContactsButton","$v":"Eksportuoti adresatus"},{"$i":"exportContactsAction","$v":"Eksportuoti"},{"$i":"simExport-title","$v":"Eksportuoti į SIM kortelę"},{"$i":"memoryCardExport-title","$v":"Export to memory card"},{"$i":"btExport-title","$v":"Išsiųsti per „Bluetooth“"},{"$i":"memoryCardUMSEnabled","$v":"Cannot use memory card because USB storage is enabled"},{"$i":"exportErrorTitle","$v":"Eksporto klaida"},{"$i":"contactsExported2","$v":{"zero":"Neeksportuotas nė vienas adresatas","one":["Eksportuotas ",{"t":"idOrVar","v":"exported"}," adresatas iš ",{"t":"idOrVar","v":"total"}],"two":["Eksportuoti ",{"t":"idOrVar","v":"exported"}," adresatai iš ",{"t":"idOrVar","v":"total"}],"few":["Eksportuoti ",{"t":"idOrVar","v":"exported"}," adresatai iš ",{"t":"idOrVar","v":"total"}],"many":["Eksportuota ",{"t":"idOrVar","v":"exported"}," adresatų iš ",{"t":"idOrVar","v":"total"}],"other":["Eksportuota ",{"t":"idOrVar","v":"exported"}," adresatų iš ",{"t":"idOrVar","v":"total"}]},"$x":[{"t":"idOrVar","v":"plural"},"exported"]},{"$i":"exportError-general","$v":"Eksportuojant adresatus, įvyko klaida"},{"$i":"exportError-SD-shared","$v":"Atminties kortelė nepasiekiama, nes ji bendrinama"},{"$i":"exportError-SD-unavailable","$v":"Atminties kortelė nepasiekiama"},{"$i":"exportError-SD-noSpace","$v":"Atminties kortelėje nepakanka vietos eksportuoti adresatams"},{"$i":"exportError-SIM-unavailable","$v":"SIM kortelė nepasiekiama"},{"$i":"exportError-BT-shared","$v":"Atminties kortelė nepasiekiama, nes ji bendrinama"},{"$i":"exportError-BT-unavailable","$v":"Atminties kortelė nepasiekiama"},{"$i":"exportError-BT-noSpace","$v":"Atminties kortelėje nepakanka vietos eksportuoti adresatams"},{"$i":"social-network","$v":"Socialiniai tinklai"},{"$i":"social-link","$v":"Susieti adresatą"},{"$i":"social-unlink","$v":"Atsieti adresatą"},{"$i":"social-unlink-confirm-title","$v":"Ar norite atsieti savo draugą?"},{"$i":"social-unlink-confirm-accept","$v":"Atsieti"},{"$i":"facebook-import","$v":"Importuoti „Facebook“ draugus"},{"$i":"show-fb-profile","$v":"Rodyti „Facebook“ profilį"},{"$i":"msg-send","$v":"Siųsti žinutę"},{"$i":"wall-post","$v":"Raš. ant sienos"},{"$i":"share-contact","$v":"Share Contact"},{"$i":"facebook-export-forbidden","$v":"Kontaktu dalintis negalima dėl „Facebook“ ribojimų."},{"$i":"otherAccount","$v":"Kitos paskyros"},{"$i":"facebookSwitchMsg","$v":"Sinchr. draugus"},{"$i":"select_mobile","$v":"Pasirinkite mobiliojo tel. numerį"},{"$i":"select_email","$v":"Pasirinkite el. pašto adresą"},{"$i":"select_recipient","$v":"Pasirinkite gavėją"},{"$i":"contactsOrderBy","$v":"Rikiuoti pagal pavardę"},{"$i":"importSim2","$v":"SIM kortelė"},{"$i":"importGmail","$v":"Gmail"},{"$i":"bluetooth","$v":"Bluetooth"},{"$i":"importOutlook","$v":"Outlook"},{"$i":"fbUpdateFriends","$v":"Papildyti importuotų draugų duomenis"},{"$i":"cleaningFbData","$v":"Šalinami „Facebook“ duomenys"},{"$i":"loggingOutFb","$v":"Atsijungiama nuo „Facebook“"},{"$i":"cleanFbConfirmMsg","$v":"Pašalinti visus „Facebook“ duomenis?"},{"$i":"renewPwdMsg","$v":"Pakeistas jūsų „Facebook“ slaptažodis. Įveskite naująjį slaptažodį."},{"$i":"notEnabledYet","$v":"Dar neįgalinta"},{"$i":"genericNoConnection","$v":"Kad galėtumėte importuoti adresatus, prisijunkite prie belaidžio tinklo arba mobiliojo duomenų ryšio."},{"$i":"simCard","$v":"SIM kortelė"},{"$i":"memoryCard","$v":"Atminties kortelė"},{"$i":"simNumberNoMSISDN","$v":["SIM ",{"t":"idOrVar","v":"number"},":"]},{"$i":"simNumberWithMSISDN","$v":["SIM ",{"t":"idOrVar","v":"number"},": ",{"t":"idOrVar","v":"msisdn"}]},{"$i":"ICEContactsGroup","$v":"ICE Contacts"},{"$i":"setICEButton","$v":"Keisti SOS adresatus"},{"$i":"ICESettingTitle","$v":"SOS adresatai"},{"$i":"ICEDescription","$v":"Pasirinkite du adresatus, kuriems skambinsite SOS atveju."},{"$i":"ICEContact1","$v":"SOS adresatas Nr. 1"},{"$i":"ICESelectContact","$v":"Pasirinkite adresatą"},{"$i":"ICEContact2","$v":"SOS adresatas Nr. 2"},{"$i":"ICERepeatedContact","$v":"This contact is already an existing ICE contact"},{"$i":"ICEUnknownError","$v":"There was an error setting the contact as ICE"},{"$i":"ICEContactNoNumber","$v":"This contact doesn't have a phone number"},{"$i":"ICEFacebookContactNotAllowed","$v":"Facebook contacts cannot be set as ICE contacts"},{"$i":"ICEContactDelTel","$v":"Deleted phone numbers are removed from ICE Contact"},{"$i":"ICEContactDelTelAll","$v":"All the numbers are deleted. This contact is removed from the ICE Contacts."},{"$i":"no-contacts","$v":"Adresatų nėra"},{"$i":"start-adding","$v":"Pridėkite jų"},{"$i":"notImported","$v":"Neimportuota"},{"$i":"imported","$v":"Importuota"},{"$i":"today","$v":"Šiandien"},{"$i":"yesterday","$v":"Vakar"},{"$i":"organise-contacts","$v":"Adresatų tvarkymas"},{"$i":"find-merge-contacts","$v":"Ieškoti dublikatų"},{"$i":"preparing-contacts","$v":"Adresatai parengiami"},{"$i":"exportError-SIM-NoFreeRecordFound","$v":"SIM kortelė pilna"},{"$i":"exportError-SIM-CannotAccessPhoneBook","$v":"Nepavyko pasiekti SIM kortelės adresinės"},{"$i":"exportError-SIM-Unavailable","$v":"SIM kortelė neaptikta"},{"$i":"exportError-SIM-GenericError","$v":"Eksportuojant adresatą, įvyko klaida"},{"$i":"noSimMsgExport","$v":"Kad galėtumėte eksportuoti adresatus, įdėkite arba atrakinkite SIM kortelę"},{"$i":"noMemoryCardMsgExport","$v":"Kad galėtumėte eksportuoti adresatus, įdėkite atminties kortelę"},{"$i":"ContactManagementTitle","$v":"Adresatų tvarkymas"},{"$i":"DeleteTitle","$v":"Šalinti"},{"$i":"bulkDeleteButton","$v":"Šalinti adresatus"},{"$i":"BulkDelCancel","$v":"Adresatų šalinimas atšauktas"},{"$i":"DeletedTxt","$v":{"zero":"Nėra šalintinų adresatų","one":["Pašalintas ",{"t":"idOrVar","v":"n"}," adresatas"],"two":["Pašalinti ",{"t":"idOrVar","v":"n"}," adresatai"],"few":["Pašalinti ",{"t":"idOrVar","v":"n"}," adresatai"],"many":["Pašalinta ",{"t":"idOrVar","v":"n"}," adresatų"],"other":["Pašalinta ",{"t":"idOrVar","v":"n"}," adresatų"]},"$x":[{"t":"idOrVar","v":"plural"},"n"]},{"$i":"DeletingContacts","$v":"Adresatai šalinami"},{"$i":"ContactConfirmDel","$v":{"zero":"Nėra šalintinų adresatų","one":["Pašalinti ",{"t":"idOrVar","v":"n"}," adresatą? Šis veiksmas negrįžtamas."],"two":["Pašalinti ",{"t":"idOrVar","v":"n"}," adresatus? Šis veiksmas negrįžtamas."],"few":["Pašalinti ",{"t":"idOrVar","v":"n"}," adresatus? Šis veiksmas negrįžtamas."],"many":["Pašalinti ",{"t":"idOrVar","v":"n"}," adresatų? Šis veiksmas negrįžtamas."],"other":["Pašalinti ",{"t":"idOrVar","v":"n"}," adresatų? Šis veiksmas negrįžtamas."]},"$x":[{"t":"idOrVar","v":"plural"},"n"]},{"$i":"SelectedTxt","$v":{"zero":"Adresatai","one":[{"t":"idOrVar","v":"n"}," pažymėtas"],"two":[{"t":"idOrVar","v":"n"}," pažymėti"],"few":[{"t":"idOrVar","v":"n"}," pažymėti"],"many":[{"t":"idOrVar","v":"n"}," pažymėtų"],"other":[{"t":"idOrVar","v":"n"}," pažymėtų"]},"$x":[{"t":"idOrVar","v":"plural"},"n"]},{"$i":"video","$v":"Video"},{"$i":"audio","$v":"Audio"},{"$i":"pick_destination","$v":[{"t":"idOrVar","v":"destination"}," ",{"t":"idOrVar","v":"carrier"}]},{"$i":"removeField","ariaLabel":"Šalinti"},{"$i":"undo","ariaLabel":"Atšaukti"},{"$i":"send-sms-button","ariaLabel":"Siųsti SMS žinutę"},{"$i":"ice_contacts","$v":"SOS adresatai"},{"$i":"edit-picture","$v":"Taisyti nuotrauką"},{"$i":"remove-photo","$v":"Šalinti nuotrauką"},{"$i":"change-photo","$v":"Keisti nuotrauką"},{"$i":"photo-options","$v":"Nuotraukos taisa"},{"$i":"vCardContacts-imported","$v":{"zero":"No contacts imported","one":"Imported one contact","two":["Imported ",{"t":"idOrVar","v":"n"}," contacts"],"few":["Imported ",{"t":"idOrVar","v":"n"}," contacts"],"many":["Imported ",{"t":"idOrVar","v":"n"}," contacts"],"other":["Imported ",{"t":"idOrVar","v":"n"}," contacts"]},"$x":[{"t":"idOrVar","v":"plural"},"n"]},{"$i":"voiceMail","$v":"Balso paštas"},{"$i":"back","$v":"Atgal"},{"$i":"noSimMsg","$v":"Adresatams importuoti turite atrakinti savo SIM kortelę"},{"$i":"noMemoryCardMsg","$v":"Adresatams importuoti turite įdėti atminties kortelę"},{"$i":"importMemoryCard","$v":"Atminties kortelė"},{"$i":"noConnection11","$v":"Draugams ir adresatams importuoti iš „Facebook“ turite prisijungti prie interneto"},{"$i":"emptyAccount","$v":"No friends or contacts found in this account."},{"$i":"simContacts-import","$v":"Adresatų importas"},{"$i":"simContacts-importing","$v":"Importuojami adresatai iš SIM kortelės…"},{"$i":"simContacts-reading","$v":"Skaitoma SIM kortelė…"},{"$i":"simContacts-error","$v":"Adresatų importuoti iš SIM kortelės nepavyko"},{"$i":"simContacts-imported3","$v":{"zero":"SIM kortelėje importuotinų adresatų neaptikta","one":["Importuotas ",{"t":"idOrVar","v":"n"}," adresatas"],"two":["Importuoti ",{"t":"idOrVar","v":"n"}," adresatai"],"few":["Importuoti ",{"t":"idOrVar","v":"n"}," adresatai"],"many":["Importuota ",{"t":"idOrVar","v":"n"}," adresatų"],"other":["Importuota ",{"t":"idOrVar","v":"n"}," adresatų"]},"$x":[{"t":"idOrVar","v":"plural"},"n"]},{"$i":"memoryCardContacts-import","$v":"Adresatų importas iš atminties kortelės"},{"$i":"memoryCardContacts-importing","$v":"Importuojami adresatai iš atminties kortelės…"},{"$i":"memoryCardContacts-reading","$v":"Skaitoma atminties kortelė…"},{"$i":"memoryCardContacts-error","$v":"Adresatų importuoti iš atminties kortelės nepavyko"},{"$i":"memoryCardContacts-imported3","$v":{"zero":"Atminties kortelėje importuotų adresatų neaptikta","one":["Importuotas ",{"t":"idOrVar","v":"n"}," adresatas"],"two":["Importuoti ",{"t":"idOrVar","v":"n"}," adresatai"],"few":["Importuoti ",{"t":"idOrVar","v":"n"}," adresatai"],"many":["Importuota ",{"t":"idOrVar","v":"n"}," adresatų"],"other":["Importuota ",{"t":"idOrVar","v":"n"}," adresatų"]},"$x":[{"t":"idOrVar","v":"plural"},"n"]},{"$i":"genericProgress","$v":[{"t":"idOrVar","v":"current"},"/",{"t":"idOrVar","v":"total"}]},{"$i":"facebook-import-msg2","$v":[{"t":"idOrVar","v":"imported"},"/",{"t":"idOrVar","v":"total"}," friends imported"]},{"$i":"contactsMerged","$v":{"zero":"Sulietų besidubliuojančių adresatų nėra","one":["Sulietas ",{"t":"idOrVar","v":"numDups"}," besidubliuojantis adresatas"],"two":["Sulieti ",{"t":"idOrVar","v":"numDups"}," besidubliuojantys adresatai"],"few":["Sulieti ",{"t":"idOrVar","v":"numDups"}," besidubliuojantys adresatai"],"many":["Sulieta ",{"t":"idOrVar","v":"numDups"}," besidubliuojančių adresatų"],"other":["Sulieta ",{"t":"idOrVar","v":"numDups"}," besidubliuojančių adresatų"]},"$x":[{"t":"idOrVar","v":"plural"},"numDups"]},{"$i":"weekday-0-long","$v":"Sekmadienis"},{"$i":"weekday-1-long","$v":"Pirmadienis"},{"$i":"weekday-2-long","$v":"Antradienis"},{"$i":"weekday-3-long","$v":"Trečiadienis"},{"$i":"weekday-4-long","$v":"Ketvirtadienis"},{"$i":"weekday-5-long","$v":"Penktadienis"},{"$i":"weekday-6-long","$v":"Šeštadienis"},{"$i":"weekday-0-short","$v":"Sk"},{"$i":"weekday-1-short","$v":"Pr"},{"$i":"weekday-2-short","$v":"An"},{"$i":"weekday-3-short","$v":"Tr"},{"$i":"weekday-4-short","$v":"Kt"},{"$i":"weekday-5-short","$v":"Pn"},{"$i":"weekday-6-short","$v":"Št"},{"$i":"month-0-long","$v":"sausis"},{"$i":"month-1-long","$v":"vasaris"},{"$i":"month-2-long","$v":"kovas"},{"$i":"month-3-long","$v":"balandis"},{"$i":"month-4-long","$v":"gegužė"},{"$i":"month-5-long","$v":"birželis"},{"$i":"month-6-long","$v":"liepa"},{"$i":"month-7-long","$v":"rugpjūtis"},{"$i":"month-8-long","$v":"rugsėjis"},{"$i":"month-9-long","$v":"spalis"},{"$i":"month-10-long","$v":"lapkritis"},{"$i":"month-11-long","$v":"gruodis"},{"$i":"month-0-genitive","$v":"sausio"},{"$i":"month-1-genitive","$v":"vasario"},{"$i":"month-2-genitive","$v":"kovo"},{"$i":"month-3-genitive","$v":"balandžio"},{"$i":"month-4-genitive","$v":"gegužės"},{"$i":"month-5-genitive","$v":"birželio"},{"$i":"month-6-genitive","$v":"liepos"},{"$i":"month-7-genitive","$v":"rugpjūčio"},{"$i":"month-8-genitive","$v":"rugsėjo"},{"$i":"month-9-genitive","$v":"spalio"},{"$i":"month-10-genitive","$v":"lapkričio"},{"$i":"month-11-genitive","$v":"gruodžio"},{"$i":"month-0-short","$v":"Sau"},{"$i":"month-1-short","$v":"Vas"},{"$i":"month-2-short","$v":"Kov"},{"$i":"month-3-short","$v":"Bal"},{"$i":"month-4-short","$v":"Geg"},{"$i":"month-5-short","$v":"Bir"},{"$i":"month-6-short","$v":"Lie"},{"$i":"month-7-short","$v":"Rgp"},{"$i":"month-8-short","$v":"Rgs"},{"$i":"month-9-short","$v":"Spa"},{"$i":"month-10-short","$v":"Lap"},{"$i":"month-11-short","$v":"Grd"},{"$i":"minutes-ago-long","$v":{"zero":"ką tik","one":["prieš ",{"t":"idOrVar","v":"value"}," minutę"],"two":["prieš ",{"t":"idOrVar","v":"value"}," minutes"],"few":["prieš ",{"t":"idOrVar","v":"value"}," minutes"],"many":["prieš ",{"t":"idOrVar","v":"value"}," minučių"],"other":["prieš ",{"t":"idOrVar","v":"value"}," minučių"]},"$x":[{"t":"idOrVar","v":"plural"},"value"]},{"$i":"hours-ago-long","$v":{"zero":"ką tik","one":["prieš ",{"t":"idOrVar","v":"value"}," valandą"],"two":["prieš ",{"t":"idOrVar","v":"value"}," valandas"],"few":["prieš ",{"t":"idOrVar","v":"value"}," valandas"],"many":["prieš ",{"t":"idOrVar","v":"value"}," valandų"],"other":["prieš ",{"t":"idOrVar","v":"value"}," valandų"]},"$x":[{"t":"idOrVar","v":"plural"},"value"]},{"$i":"days-ago-long","$v":{"zero":"šiandien","one":"vakar","two":["prieš ",{"t":"idOrVar","v":"value"}," dienas"],"few":["prieš ",{"t":"idOrVar","v":"value"}," dienas"],"many":["prieš ",{"t":"idOrVar","v":"value"}," dienų"],"other":["prieš ",{"t":"idOrVar","v":"value"}," dienų"]},"$x":[{"t":"idOrVar","v":"plural"},"value"]},{"$i":"weeks-ago-long","$v":{"zero":"šią savaitę","one":"praėjusią savaitę","two":["prieš ",{"t":"idOrVar","v":"value"}," savaites"],"few":["prieš ",{"t":"idOrVar","v":"value"}," savaites"],"many":["prieš ",{"t":"idOrVar","v":"value"}," savaičių"],"other":["prieš ",{"t":"idOrVar","v":"value"}," savaičių"]},"$x":[{"t":"idOrVar","v":"plural"},"value"]},{"$i":"months-ago-long","$v":{"zero":"šį mėnesį","one":"praėjusį mėnesį","two":["prieš ",{"t":"idOrVar","v":"value"}," mėnesius"],"few":["prieš ",{"t":"idOrVar","v":"value"}," mėnesius"],"many":["prieš ",{"t":"idOrVar","v":"value"}," mėnesių"],"other":["prieš ",{"t":"idOrVar","v":"value"}," mėnesių"]},"$x":[{"t":"idOrVar","v":"plural"},"value"]},{"$i":"years-ago-long","$v":{"zero":"šiemet","one":["prieš ",{"t":"idOrVar","v":"value"}," metus"],"two":["prieš ",{"t":"idOrVar","v":"value"}," metus"],"few":["prieš ",{"t":"idOrVar","v":"value"}," metus"],"many":["prieš ",{"t":"idOrVar","v":"value"}," metų"],"other":["prieš ",{"t":"idOrVar","v":"value"}," metų"]},"$x":[{"t":"idOrVar","v":"plural"},"value"]},{"$i":"minutes-until-long","$v":{"zero":"dabar","one":["už ",{"t":"idOrVar","v":"value"}," minutės"],"two":["už ",{"t":"idOrVar","v":"value"}," minučių"],"few":["už ",{"t":"idOrVar","v":"value"}," minučių"],"many":["už ",{"t":"idOrVar","v":"value"}," minučių"],"other":["už ",{"t":"idOrVar","v":"value"}," minučių"]},"$x":[{"t":"idOrVar","v":"plural"},"value"]},{"$i":"hours-until-long","$v":{"zero":"dabar","one":["už ",{"t":"idOrVar","v":"value"}," valandos"],"two":["už ",{"t":"idOrVar","v":"value"}," valandų"],"few":["už ",{"t":"idOrVar","v":"value"}," valandų"],"many":["už ",{"t":"idOrVar","v":"value"}," valandų"],"other":["už ",{"t":"idOrVar","v":"value"}," valandų"]},"$x":[{"t":"idOrVar","v":"plural"},"value"]},{"$i":"days-until-long","$v":{"zero":"šiandien","one":"rytoj","two":["už ",{"t":"idOrVar","v":"value"}," dienų"],"few":["už ",{"t":"idOrVar","v":"value"}," dienų"],"many":["už ",{"t":"idOrVar","v":"value"}," dienų"],"other":["už ",{"t":"idOrVar","v":"value"}," dienų"]},"$x":[{"t":"idOrVar","v":"plural"},"value"]},{"$i":"weeks-until-long","$v":{"zero":"šią savaitę","one":"kitą savaitę","two":["už ",{"t":"idOrVar","v":"value"}," savaičių"],"few":["už ",{"t":"idOrVar","v":"value"}," savaičių"],"many":["už ",{"t":"idOrVar","v":"value"}," savaičių"],"other":["už ",{"t":"idOrVar","v":"value"}," savaičių"]},"$x":[{"t":"idOrVar","v":"plural"},"value"]},{"$i":"months-until-long","$v":{"zero":"šį mėnesį","one":"kitą mėnesį","two":["už ",{"t":"idOrVar","v":"value"}," mėnesių"],"few":["už ",{"t":"idOrVar","v":"value"}," mėnesių"],"many":["už ",{"t":"idOrVar","v":"value"}," mėnesių"],"other":["už ",{"t":"idOrVar","v":"value"}," mėnesių"]},"$x":[{"t":"idOrVar","v":"plural"},"value"]},{"$i":"years-until-long","$v":{"zero":"šiemet","one":"kitais metais","two":["už ",{"t":"idOrVar","v":"value"}," metų"],"few":["už ",{"t":"idOrVar","v":"value"}," metų"],"many":["už ",{"t":"idOrVar","v":"value"}," metų"],"other":["už ",{"t":"idOrVar","v":"value"}," metų"]},"$x":[{"t":"idOrVar","v":"plural"},"value"]},{"$i":"minutes-ago-short","$v":{"zero":"ką tik","other":["prieš ",{"t":"idOrVar","v":"value"}," min."]},"$x":[{"t":"idOrVar","v":"plural"},"value"]},{"$i":"hours-ago-short","$v":{"zero":"ką tik","other":["prieš ",{"t":"idOrVar","v":"value"}," val."]},"$x":[{"t":"idOrVar","v":"plural"},"value"]},{"$i":"days-ago-short","$v":{"zero":"šiandien","other":["prieš ",{"t":"idOrVar","v":"value"}," d."]},"$x":[{"t":"idOrVar","v":"plural"},"value"]},{"$i":"minutes-until-short","$v":{"zero":"dabar","other":["už ",{"t":"idOrVar","v":"value"}," min."]},"$x":[{"t":"idOrVar","v":"plural"},"value"]},{"$i":"hours-until-short","$v":{"zero":"dabar","other":["už ",{"t":"idOrVar","v":"value"}," val."]},"$x":[{"t":"idOrVar","v":"plural"},"value"]},{"$i":"days-until-short","$v":{"zero":"šiandien","other":["už ",{"t":"idOrVar","v":"value"}," d."]},"$x":[{"t":"idOrVar","v":"plural"},"value"]},{"$i":"incorrectDate","$v":"(negalima data)"},{"$i":"dateTimeFormat_%c","$v":"%Y m. %Eb %e d. %H:%M:%S"},{"$i":"dateTimeFormat_%x","$v":"%Y-%m-%d"},{"$i":"dateTimeFormat_%X","$v":"%H:%M:%S"},{"$i":"shortTimeFormat","$v":"%H:%M"},{"$i":"shortTimeFormat12","$v":"%I:%M %p"},{"$i":"shortTimeFormat24","$v":"%H:%M"},{"$i":"shortDateTimeFormat","$v":"%x %H:%M"},{"$i":"weekStartsOnMonday","$v":"1"},{"$i":"firstDayOfTheWeek","$v":"0"},{"$i":"time_am","$v":"AM"},{"$i":"time_pm","$v":"PM"},{"$i":"label","$v":"Tipas"},{"$i":"mobile","$v":"Mobilusis"},{"$i":"home","$v":"Namų"},{"$i":"work","$v":"Darbo"},{"$i":"personal","$v":"Asmeninis"},{"$i":"faxHome","$v":"Namų faksas"},{"$i":"faxOffice","$v":"Darbo faksas"},{"$i":"faxOther","$v":"Kitas faksas"},{"$i":"another","$v":"Kitas"},{"$i":"other","$v":"Kitas"},{"$i":"customTag","placeholder":"Kitoks tipas"},{"$i":"current","$v":"Dabartinis adr."},{"$i":"itemWithLabel","$v":[{"t":"idOrVar","v":"label"},", ",{"t":"idOrVar","v":"item"}]},{"$i":"addNewNumber","$v":"Pridėti numerį"},{"$i":"contactDetails","$v":"Adresato savybės"},{"$i":"addToExistingContact","$v":"Papildyti esamą adresatą"},{"$i":"all","$v":"Visi","ariaLabel":"Visi"},{"$i":"bluetoothOption","ariaLabel":"Bluetooth"},{"$i":"callLog","$v":"Skambučių žurnalas"},{"$i":"callLogEdit","title":"Taisyti skambučių sąrašą"},{"$i":"callLogEditDialog","ariaLabel":"Skambučių sąrašo taisa"},{"$i":"connecting","$v":"Jungiamasi"},{"$i":"connectingEllipsis","$v":"Connecting…"},{"$i":"call-forwarding-async","$v":["Asynchronous: ",{"t":"idOrVar","v":"async"}]},{"$i":"call-forwarding-data","$v":["Data: ",{"t":"idOrVar","v":"data"}]},{"$i":"call-forwarding-error","$v":"An error occurred while retrieving call forwarding status"},{"$i":"call-forwarding-fax","$v":["FAX: ",{"t":"idOrVar","v":"fax"}]},{"$i":"call-forwarding-inactive","$v":"Inactive"},{"$i":"call-forwarding-packet","$v":["Packet: ",{"t":"idOrVar","v":"packet"}]},{"$i":"call-forwarding-pad","$v":["PAD: ",{"t":"idOrVar","v":"pad"}]},{"$i":"call-forwarding-sms","$v":["SMS: ",{"t":"idOrVar","v":"sms"}]},{"$i":"call-forwarding-status","$v":"Call forwarding status"},{"$i":"call-forwarding-sync","$v":["Synchronous: ",{"t":"idOrVar","v":"sync"}]},{"$i":"call-forwarding-voice","$v":["Voice: ",{"t":"idOrVar","v":"voice"}]},{"$i":"confirm-deletion","$v":"Pašalinti pažymėtus skambučius?"},{"$i":"createNewContact","$v":"Kurti naują adresatą"},{"$i":"dialerAddContact","ariaLabel":"Naujas adresatas"},{"$i":"dialerAddContactDialog","ariaLabel":"Add Contact Dialog"},{"$i":"callInformation","$v":"Informacija apie skambutį"},{"$i":"edit-selected","$v":{"one":[{"t":"idOrVar","v":"n"}," pažymėtas"],"two":[{"t":"idOrVar","v":"n"}," pažymėti"],"few":[{"t":"idOrVar","v":"n"}," pažymėti"],"many":[{"t":"idOrVar","v":"n"}," pažymėti"],"other":[{"t":"idOrVar","v":"n"}," pažymėti"]},"$x":[{"t":"idOrVar","v":"plural"},"n"]},{"$i":"hideKeypad","ariaLabel":"Nerodyti klaviatūros"},{"$i":"ignore","$v":"Nepaisyti skambučio"},{"$i":"incoming","$v":"Įeinantis"},{"$i":"keypad","ariaLabel":"Klaviatūra"},{"$i":"info-missed","$v":"Praleisti"},{"$i":"missed","$v":"Praleisti","ariaLabel":"Praleisti"},{"$i":"canceled","$v":"Atsisakyta"},{"$i":"missedCall","$v":"Praleistas skambutis"},{"$i":"missedCallMultiSims","$v":["(SIM ",{"t":"idOrVar","v":"n"},") Praleistas skambutis"]},{"$i":"mmi-error","$v":"Siunčiant pranešimą, įvyko klaida"},{"$i":"mmi-session-expired","$v":"Seansas nebegalioja"},{"$i":"mmi-successfully-sent","$v":"Pranešimas sėkmingai išsiųstas"},{"$i":"mmi-notification-title-with-sim","$v":["(",{"t":"idOrVar","v":"sim"},") ",{"t":"idOrVar","v":"title"}]},{"$i":"mute","ariaLabel":"Nutildyti"},{"$i":"newCall","ariaLabel":"Naujas skambutis"},{"$i":"no-logs-msg-1","$v":"Skambučių žurnalas tuščias"},{"$i":"no-logs-msg-2","$v":"Paskambinkite jūs"},{"$i":"no-logs-msg-3","$v":"Praleistų skambučių nėra"},{"$i":"onHoldOption","ariaLabel":"On hold"},{"$i":"outgoing","$v":"Išeinantis"},{"$i":"recents","ariaLabel":"Paskiausi skambučiai"},{"$i":"reply","$v":"Atsakyti"},{"$i":"send","$v":"Siųsti"},{"$i":"switch-calls","$v":"Perjungti pokalbį"},{"$i":"withheld-number","$v":"numeris nerodomas"},{"$i":"from-contact","$v":["Skambina ",{"t":"idOrVar","v":"contact"}]},{"$i":"from-number","$v":["Skambina ",{"t":"idOrVar","v":"number"}]},{"$i":"from-withheld-number","$v":"Skambinama iš nerodomo numerio"},{"$i":"sending","$v":"Siunčiama…"},{"$i":"speakerOption","ariaLabel":"Garsiakalbis"},{"$i":"ussd-services","$v":["„",{"t":"idOrVar","v":"operator"},"“ paslaugos"]},{"$i":"toggleKeypad","ariaLabel":"Rodyti arba slėpti klaviatūrą"},{"$i":"type-your-response","placeholder":"Įveskite savo atsakymą…"},{"$i":"clear-all-text","$v":"Išvalyti tekstą"},{"$i":"hide","$v":"Nerodyti"},{"$i":"hold","ariaLabel":"Sulaikyti"},{"$i":"resume","$v":"Tęsti","ariaLabel":"Tęsti"},{"$i":"sendSms","$v":"Siųsti žinutę"},{"$i":"callEnded","$v":"Skambutis baigtas"},{"$i":"via-sim","$v":["naudojant SIM",{"t":"idOrVar","v":"n"}]},{"$i":"sim-number","$v":["SIM",{"t":"idOrVar","v":"n"}]},{"$i":"unknown","$v":"Nežinoma"},{"$i":"hangup-a11y-button","ariaLabel":"Neatsiliepti"},{"$i":"pickup-a11y-button","ariaLabel":"Atsiliepti"},{"$i":"unlock-a11y-button","ariaLabel":"Slankiklis"},{"$i":"settings","$v":"Nuostatos"},{"$i":"delete-n-log?","$v":{"zero":"Niekas nepažymėta","one":["Šalinti ",{"t":"idOrVar","v":"n"}," pažymėtą įrašą?"],"two":["Šalinti ",{"t":"idOrVar","v":"n"}," pažymėtus įrašus?"],"few":["Šalinti ",{"t":"idOrVar","v":"n"}," pažymėtus įrašus?"],"many":["Šalinti ",{"t":"idOrVar","v":"n"}," pažymėtų įrašų?"],"other":["Šalinti ",{"t":"idOrVar","v":"n"}," pažymėtų įrašų?"]},"$x":[{"t":"idOrVar","v":"plural"},"n"]},{"$i":"callDurationMinutes","$v":[{"t":"idOrVar","v":"m"},":",{"t":"idOrVar","v":"s"}]},{"$i":"callDurationHours","$v":[{"t":"idOrVar","v":"h"},":",{"t":"idOrVar","v":"m"},":",{"t":"idOrVar","v":"s"}]},{"$i":"callDurationTextFormatSeconds","$v":[{"t":"idOrVar","v":"s"}," sek."]},{"$i":"callDurationTextFormatMinutes","$v":[{"t":"idOrVar","v":"m"}," min. ",{"t":"idOrVar","v":"s"}," sek."]},{"$i":"callDurationTextFormatHours","$v":[{"t":"idOrVar","v":"h"}," val. ",{"t":"idOrVar","v":"m"}," min ",{"t":"idOrVar","v":"s"}," sek."]},{"$i":"suggestionMatches","$v":{"one":[{"t":"idOrVar","v":"n"}," numeris, atitinkantis „",{"t":"idOrVar","v":"matchNumber"},"“"],"two":[{"t":"idOrVar","v":"n"}," numeriai, atitinkantys „",{"t":"idOrVar","v":"matchNumber"},"“"],"few":[{"t":"idOrVar","v":"n"}," numeriai, atitinkantys „",{"t":"idOrVar","v":"matchNumber"},"“"],"many":[{"t":"idOrVar","v":"n"}," numerių, atitinkančių „",{"t":"idOrVar","v":"matchNumber"},"“"],"other":[{"t":"idOrVar","v":"n"}," numerių, atitinkančių „",{"t":"idOrVar","v":"matchNumber"},"“"]},"$x":[{"t":"idOrVar","v":"plural"},"n"]},{"$i":"scCallBarring","$v":"Skamb. draudimas"},{"$i":"scCallForwarding","$v":"Sk. nukreipimas"},{"$i":"scClip","$v":"Įein. skamb. tel. nr."},{"$i":"scClir","$v":"Išein. sk. tel. nr."},{"$i":"scPwd","$v":"Slapt. keitimas"},{"$i":"scCallWaiting","$v":"Skamb. laukimas"},{"$i":"scPin","$v":"PIN keitimas"},{"$i":"scPin2","$v":"PIN2 keitimas"},{"$i":"scPuk","$v":"PIN atblokavimas"},{"$i":"scPuk2","$v":"PIN2 atblokavimas"},{"$i":"scImei","$v":"IMEI"},{"$i":"scUssd","$v":"USSD"},{"$i":"serviceClassVoice","$v":"Balsas"},{"$i":"serviceClassData","$v":"Duomenys"},{"$i":"serviceClassFax","$v":"Faksas"},{"$i":"serviceClassSms","$v":"SMS"},{"$i":"serviceClassDataSync","$v":"Sinchroninis"},{"$i":"serviceClassDataAsync","$v":"Nesinchroninis"},{"$i":"serviceClassPacket","$v":"Paketiniai duomenys"},{"$i":"serviceClassPad","$v":"PAD"},{"$i":"smServiceEnabled","$v":"Paslauga įjungta"},{"$i":"smServiceDisabled","$v":"Paslauga išjungta"},{"$i":"smServiceRegistered","$v":"Registracija sėkminga"},{"$i":"smServiceErased","$v":"Šalinimas sėkmingas"},{"$i":"smServiceInterrogated","$v":"Užklausa sėkminga"},{"$i":"smServiceNotProvisioned","$v":"Paslauga neteikiama"},{"$i":"smClirPermanent","$v":"Keisti numerio rodymo parinkties negalima"},{"$i":"smClirDefaultOnNextCallOn","$v":"Numeris numatytai nerodomas. Kito skambučio metu jis nebus rodomas"},{"$i":"smClirDefaultOnNextCallOff","$v":"Numeris numatytai nerodomas. Kito skambučio metu jis bus rodomas"},{"$i":"smClirDefaultOffNextCallOn","$v":"Numeris numatytai rodomas. Kito skambučio metu jis nebus rodomas"},{"$i":"smClirDefaultOffNextCallOff","$v":"Numeris numatytai rodomas. Kito skambučio metu jis bus rodomas"},{"$i":"smServiceEnabledFor","$v":"Paslauga įjungta:"},{"$i":"smPinChanged","$v":"PIN kodas pakeistas"},{"$i":"smPinUnblocked","$v":"PIN kodas atblokuotas"},{"$i":"smPin2Changed","$v":"PIN2 kodas pakeistas"},{"$i":"smPin2Unblocked","$v":"PIN2 kodas atblokuotas"},{"$i":"ServiceIsEnabled","$v":"Paslauga įjungta"},{"$i":"ServiceIsDisabled","$v":"Paslauga išjungta"},{"$i":"ServiceIsEnabledFor","$v":"Paslauga įjungta:"},{"$i":"emMmiError","$v":"Ryšio problema arba negalimas MMI kodas"},{"$i":"emMmiErrorPasswordIncorrect","$v":"Neteisingas slaptažodis"},{"$i":"emMmiErrorNotSupported","$v":"Negalimas arba nepalaikomas MMI kodas"},{"$i":"emMmiErrorInvalidAction","$v":"Negalimas veiksmas"},{"$i":"emMmiErrorInvalidScCode","$v":"Negalimas paslaugos kodas"},{"$i":"emMmiErrorBadPuk","$v":"Įvestas neteisingas PUK kodas"},{"$i":"emMmiErrorBadPin","$v":"Įvestas neteisingas senasis PIN kodas"},{"$i":"emMmiErrorNeedPuk2","$v":"Kortelei atblokuoti įveskite PIN2 kodą"},{"$i":"emMmiErrorMismatchPin","$v":"Įvesti PIN kodai nesutampa"},{"$i":"emMmiErrorInvalidPin","$v":"Pin kodą turi sudaryti 4–8 skaitmenys"},{"$i":"emMmiErrorNeedsPuk","$v":"Jūsų SIM kortelė užrakinta PUK kodu"},{"$i":"emMmiErrorEnablePin","$v":"Nesėkminga. Įjunkite SIM/RUIM LOCK"},{"$i":"emMmiErrorMmiFdn","$v":"Operacija galima tik su numeriais iš fiksuotojo (FDN) sąrašo"},{"$i":"emMmiErrorStkCcUssdDial","$v":"USSD užklausa pakeista DIAL užklausa"},{"$i":"emMmiErrorStkCcUssdSs","$v":"USSD užklausa pakeista SS užklausa"},{"$i":"emMmiErrorStkCcUssdUssd","$v":"USSD užklausa pakeista nauja USSD užklausa"},{"$i":"emMmiErrorStkCcSsDial","$v":"SS užklausa pakeista DIAL užklausa"},{"$i":"emMmiErrorStkCcSsUssd","$v":"SS užklausa pakeista USSD užklausa"},{"$i":"emMmiErrorStkCcSsSs","$v":"SS užklausa pakeista nauja SS užklausa"},{"$i":"emMmiErrorPinPukAttempts","$v":{"one":["Liko ",{"t":"idOrVar","v":"n"}," bandymas"],"two":["Liko ",{"t":"idOrVar","v":"n"}," bandymai"],"few":["Liko ",{"t":"idOrVar","v":"n"}," bandymai"],"many":["Liko ",{"t":"idOrVar","v":"n"}," bandymų"],"other":["Liko ",{"t":"idOrVar","v":"n"}," bandymų"]},"$x":[{"t":"idOrVar","v":"plural"},"n"]},{"$i":"emMmiErrorSimBlocked","$v":"Viršytas leistinas bandymų skaičius. SIM kortelė užblokuota"},{"$i":"RadioNotAvailable","$v":"Nėra ryšio signalo"},{"$i":"GenericFailure","$v":"Nedetalizuota klaida"},{"$i":"PasswordIncorrect","$v":"Slaptažodis neteisingas"},{"$i":"SimPin2","$v":"SIM PIN2"},{"$i":"SimPuk2","$v":"SIM PUK2"},{"$i":"RequestNotSupported","$v":"Užklausa nepalaikoma"},{"$i":"OpNotAllowedDuringVoiceCall","$v":"Operacija negalima balso skambučio metu"},{"$i":"SmsSendFailRetry","$v":"SMS išsiųsti nepavyko, bandoma dar kartą"},{"$i":"SimAbsent","$v":"Nėra SIM kortelės"},{"$i":"SubscriptionNotAvailable","$v":"Paslauga negalima"},{"$i":"ModeNotSupported","$v":"Veiksena nepalaikoma"},{"$i":"FdnCheckFailure","$v":"FDN patikrinimo klaida"},{"$i":"IllegalSimOrMe","$v":"Neleistina SIM arba ME"},{"$i":"DialModifiedToUssd","$v":"DIAL užklausa pakeista į USSD"},{"$i":"DialModifiedToSs","$v":"DIAL užklausa pakeista į SS"},{"$i":"DialModifiedToDial","$v":"DIAL užklausa pakeista į DIAL"},{"$i":"UssdModifiedToDial","$v":"USSD užklausa pakeista į DIAL"},{"$i":"UssdModifiedToSs","$v":"USSD užklausa pakeista į SS"},{"$i":"UssdModifiedToUssd","$v":"USSD užklausa pakeista į USSD"},{"$i":"SsModifiedToDial","$v":"SS užklausa pakeista į DIAL"},{"$i":"SsModifiedToUssd","$v":"SS užklausa pakeista į USSD"},{"$i":"SsModifiedToSs","$v":"SS užklausa pakeista į SS"},{"$i":"SubscriptionNotSupported","$v":"Paslauga nepalaikoma"},{"$i":"InvalidParameter","$v":"Neleistinas parametras"},{"$i":"RejectedByRemote","$v":"Atmesta ryšio partnerio"},{"$i":"conferenceCall","$v":["Konf. skambutis (",{"t":"idOrVar","v":"n"},")"]},{"$i":"caller-left-call","$v":[{"t":"idOrVar","v":"caller"}," atsijungė nuo pokalbio."]},{"$i":"conferenceAddError","$v":"Nepavyko sujungti skambučių"},{"$i":"conferenceRemoveError","$v":"Nepavyko atjungti skambučio"},{"$i":"longDateFormat","$v":"%A, %Eb %e d."},{"$i":"select-audio-sources","$v":"Pasirinkite garso šaltinį"},{"$i":"bluetooth-handsfree-device","$v":"„Bluetooth“ laisvų rankų įranga"},{"$i":"receiver","$v":"Mikrofonas"},{"$i":"speaker","$v":"Garsiakalbis"},{"$i":"voicemailNoNumberTitle","$v":"Nenurodytas balso pašto numeris"},{"$i":"voicemailNoNumberText","$v":"Skambutis į balso paštą neįvyko – pirma turite nurodyti balso pašto numerį."},{"$i":"voicemailNoNumberSettings","$v":"Nuostatos"},{"$i":"voicemailNoNumberCancel","$v":"Atsisakyti"},{"$i":"phoneNumberInput","ariaLabel":"Telefono numeris"},{"$i":"keypadDelete","ariaLabel":"Naikinti"},{"$i":"voiceMailKey","ariaLabel":"Balso paštas"},{"$i":"asterisk","ariaLabel":"Žvaigždutė"},{"$i":"hashSign","ariaLabel":"Grotelės"},{"$i":"loadingSimContacts","$v":"Loading SIM card contacts…"},{"$i":"noContactsWereFound","$v":"No contacts were found"},{"$i":"noContactsFoundDialogOk","$v":"OK"},{"$i":"emergencyNumber","$v":"Pagalbos skambutis"},{"$i":"callAirplaneModeMessage","$v":"Jeigu norite skambinti, turite nuostatose išjungti skrydžio veikseną."},{"$i":"callAirplaneModeBtnOk","$v":"Gerai"},{"$i":"callAirplaneModeTitle","$v":"Įgalinta skrydžio veiksena"},{"$i":"numberIsBusyTitle","$v":"Numeris užimtas"},{"$i":"numberIsBusyMessage","$v":"Numeris šiuo metu užimtas. Bandykite paskambinti vėliau."},{"$i":"fdnIsActiveTitle","$v":"Ribojami numeriai"},{"$i":"fdnIsActiveMessage","$v":["Numeriu ",{"t":"idOrVar","v":"number"}," skambinti neleidžiama, nes jo nėra leistinų numerių sąraše."]},{"$i":"emergencyDialogBodyBadNumber","$v":"Kad galėtumėte atlikti skambutį, šis telefonas turi būti tinkle."},{"$i":"emergencyDialogBodyDeviceNotAccepted","$v":"Pagalbos skambučiai šiame tinkle draudžiami."},{"$i":"emergencyDialogBtnOk","$v":"Gerai"},{"$i":"emergencyDialogTitle","$v":"Nėra ryšio su tinklu"},{"$i":"invalidNumberToDialTitle","$v":"Negalimas telefono numeris"},{"$i":"invalidNumberToDialMessage","$v":"Telefono numeris, kuriuo bandote skambinti, yra blogas."},{"$i":"unableToCallTitle","$v":"Šiuo metu skambinti negalima"},{"$i":"unableToCallMessage","$v":"Skambinti negalima. Jeigu šiuo metu skambutis jau vykdomas, pirmiau turite jį nutraukti."},{"$i":"otherConnectionInUseTitle","$v":"Jau naudojamas kitas ryšys"},{"$i":"otherConnectionInUseMessage","$v":"Šiuo metu vykdomas skambutis, naudojant kitą ryšį. Vienu metu galima naudoti tik vieną ryšį."}]