[{"$i":"close","$v":"Close"},{"$i":"import","$v":"Import"},{"$i":"update","$v":"Update"},{"$i":"fbFriends","$v":"Facebook Friends"},{"$i":"live-serviceName","$v":"Outlook"},{"$i":"gmail-serviceName","$v":"Gmail"},{"$i":"facebook-serviceName","$v":"Facebook Friends"},{"$i":"selectAll","$v":"Select all"},{"$i":"deselectAll","$v":"Deselect all"},{"$i":"viewAll","$v":"View All Facebook Friends"},{"$i":"viewRecommend","$v":"View Only Recommended"},{"$i":"linkProposal","$v":{"zero":"No matching friends. Showing all","one":"Select the recommended one","two":"Select a recommended one","few":"Select a recommended one","many":"Select a recommended one","other":"Select a recommended one"},"$x":[{"t":"idOrVar","v":"plural"},"numFriends"]},{"$i":"fbFriendsFound","$v":{"zero":"All your friends are imported","one":"Found one friend to import","two":["Found ",{"t":"idOrVar","v":"numFriends"}," friends to import"],"few":["Found ",{"t":"idOrVar","v":"numFriends"}," friends to import"],"many":["Found ",{"t":"idOrVar","v":"numFriends"}," friends to import"],"other":["Found ",{"t":"idOrVar","v":"numFriends"}," friends to import"]},"$x":[{"t":"idOrVar","v":"plural"},"numFriends"]},{"$i":"fbNoFriends","$v":"No contacts available to import"},{"$i":"facebook","$v":"Facebook"},{"$i":"search-contact","placeholder":"Search"},{"$i":"noResults","$v":"No contacts found"},{"$i":"done-search","$v":"Done"},{"$i":"progressFB3ImportTitle","$v":"Importing friends to Contacts"},{"$i":"progressFB","$v":[{"t":"idOrVar","v":"current"},"/",{"t":"idOrVar","v":"total"}]},{"$i":"progressFB3UpdateTitle","$v":"Updating friends in Contacts"},{"$i":"message2","$v":"This may take a couple of minutes"},{"$i":"messageLinking","$v":"Please hold on. We are linking your friend and your contact."},{"$i":"messageCanceling","$v":"Please hold on. We are canceling the ongoing operation."},{"$i":"error1","$v":["Error ",{"t":"idOrVar","v":"from"}]},{"$i":"error2","$v":"Do you want to retry?"},{"$i":"errorProposal","$v":"calculating proposals"},{"$i":"errorFriends","$v":"retrieving friends"},{"$i":"errorLinking","$v":"linking contact"},{"$i":"timeout1","$v":["Exceeded timeout ",{"t":"idOrVar","v":"from"}]},{"$i":"timeout2","$v":"Do you want to retry?"},{"$i":"timeoutProposal","$v":"calculating proposals"},{"$i":"timeoutFriends","$v":"retrieving friends"},{"$i":"timeoutLinking","$v":"linking contacts"},{"$i":"wait1","$v":"Please hold on"},{"$i":"wait2","$v":"This may take a couple of minutes"},{"$i":"waitProposal","$v":"Please hold on. We are calculating a proposal."},{"$i":"waitFriends","$v":"Please hold on. We are connecting to obtain your friend list."},{"$i":"curtainCancel","$v":"Cancel"},{"$i":"curtainRetry","$v":"Retry"},{"$i":"curtainOK","$v":"OK"},{"$i":"connectionLost","$v":"No Internet connection"},{"$i":"connectionLostMsg","$v":"Friends’ photos will not be added to your contacts. Continue anyway?"},{"$i":"yesOption","$v":"OK"},{"$i":"noOption","$v":"Cancel"},{"$i":"friendsUpdated","$v":{"zero":"No friends updated","one":"Updated one friend","two":["Updated ",{"t":"idOrVar","v":"numFriends"}," friends"],"few":["Updated ",{"t":"idOrVar","v":"numFriends"}," friends"],"many":["Updated ",{"t":"idOrVar","v":"numFriends"}," friends"],"other":["Updated ",{"t":"idOrVar","v":"numFriends"}," friends"]},"$x":[{"t":"idOrVar","v":"plural"},"numFriends"]},{"$i":"friendsMerged","$v":{"zero":"No duplicated friends merged","one":"One duplicated friend merged","two":[{"t":"idOrVar","v":"numDups"}," friends merged"],"few":[{"t":"idOrVar","v":"numDups"}," friends merged"],"many":[{"t":"idOrVar","v":"numDups"}," friends merged"],"other":[{"t":"idOrVar","v":"numDups"}," friends merged"]},"$x":[{"t":"idOrVar","v":"plural"},"numDups"]},{"$i":"notificationLogin","$v":"Your Facebook session is invalid. Please sign in."},{"$i":"syncError","$v":"There was an error synchronizing your friend’s data"},{"$i":"waitDuplicateContacts","$v":"Се пребарува за дупли контакти"},{"$i":"waitMergingDuplicateContacts","$v":"Се спојуваат дуплите контакти"},{"$i":"alertNoDuplicateContacts","$v":"Нема дупли контакти"},{"$i":"merge","ariaLabel":"Merge"},{"$i":"mergeDuplicateTitle","$v":"Спои дупликати"},{"$i":"suggestedDuplicateContacts","$v":["Можни дупли контакти за ",{"t":"idOrVar","v":"name"}]},{"$i":"mergeActionButtonLabel","$v":{"zero":"Не беа избрани контакти","one":["Спои со ",{"t":"idOrVar","v":"n"}," контакт"],"other":["Спои со ",{"t":"idOrVar","v":"n"}," контакти"]},"$x":[{"t":"idOrVar","v":"plural"},"n"]},{"$i":"duplicatesFoundTitle","$v":"Дупли контакти"},{"$i":"duplicatesFoundMessage","$v":[{"t":"idOrVar","v":"name"}," дупли информации во следниве контакти"]},{"$i":"ok","$v":"Во ред"},{"$i":"gaia-menu-cancel","$v":"Cancel"},{"$i":"gaia-sim-picker-dial-via-with-number","$v":["Dial ",{"t":"idOrVar","v":"phoneNumber"}," via"]},{"$i":"gaia-sim-picker-select-sim","$v":"Select SIM"},{"$i":"gaia-sim-picker-button","$v":["SIM",{"t":"idOrVar","v":"n"}]},{"$i":"gaia-sim-picker-button-default","$v":"(default)"},{"$i":"call","$v":"Повикај"},{"$i":"edit","$v":"Уреди"},{"$i":"cancel","$v":"Откажи"},{"$i":"done","$v":"Готово"},{"$i":"retry","$v":"Повторно"},{"$i":"contacts","$v":"Контакти"},{"$i":"addContact","$v":"Додај контакт"},{"$i":"deleteContact","$v":"Избриши контакт"},{"$i":"selectContact","$v":"Избери контакт"},{"$i":"editContact","$v":"Уреди контакт"},{"$i":"deleteConfirmMsg","$v":"Го бришам контактот?"},{"$i":"remove","$v":"Отстрани"},{"$i":"delete","$v":"Избриши"},{"$i":"comments","$v":"Коментари"},{"$i":"no_contact_phones","$v":"Овој контакт нема телефонски број"},{"$i":"no_contact_email","$v":"Овој контакт нема адреса за е-пошта"},{"$i":"no_contact_data","$v":"This contact does not have a phone number and email address"},{"$i":"removePhotoConfirm","$v":"Ја бришам сликата на контактот?"},{"$i":"loadingContacts","$v":"Се вчитуваат контакти…"},{"$i":"noContactsActivity2","$v":"No contacts in your Contacts list"},{"$i":"noName","$v":"Нема име"},{"$i":"givenName","placeholder":"Име"},{"$i":"familyName","placeholder":"Презиме"},{"$i":"tel","placeholder":"Телефон"},{"$i":"carrier","$v":"Добавувач","placeholder":"Добавувач"},{"$i":"separator","$v":","},{"$i":"email","$v":"Е-пошта","placeholder":"Е-пошта"},{"$i":"streetAddress","placeholder":"Улица"},{"$i":"postalCode","placeholder":"Поштенски код"},{"$i":"locality","placeholder":"Град"},{"$i":"countryName","placeholder":"Држава"},{"$i":"comment","placeholder":"Коментар"},{"$i":"org","placeholder":"Компанија"},{"$i":"date","$v":"Датум","placeholder":"Датум"},{"$i":"date-span-placeholder","$v":"Date"},{"$i":"birthday","$v":"Роденден"},{"$i":"dateFormat","$v":"%B %e"},{"$i":"dateOutput","$v":[{"t":"idOrVar","v":"dayMonthFormatted"}," ",{"t":"idOrVar","v":"year"}]},{"$i":"anniversary","$v":"Годишнина"},{"$i":"addPhoto","$v":"Додај слика"},{"$i":"addPhone","$v":"Додај телефон"},{"$i":"addEmail","$v":"Додај е-пошта"},{"$i":"addAddress","$v":"Додај адреса"},{"$i":"addDate","$v":"Додади датум"},{"$i":"addComment","$v":"Додај коментар"},{"$i":"addFavorite","$v":"Додај во Омилени"},{"$i":"removeFavorite","$v":"Отстрани од Омилени"},{"$i":"addButton","ariaLabel":"Add"},{"$i":"editButton","ariaLabel":"Edit"},{"$i":"settingsButton","ariaLabel":"Settings"},{"$i":"phoneDetail","ariaLabel":"Phone"},{"$i":"emailDetail","ariaLabel":"Email"},{"$i":"addressDetail","ariaLabel":"Address"},{"$i":"dateDetail","ariaLabel":"Date"},{"$i":"composeEmail","ariaLabel":"Email"},{"$i":"makeCall","ariaLabel":"Call"},{"$i":"phones","ariaLabel":"Phones"},{"$i":"emails","ariaLabel":"Emails"},{"$i":"addresses","ariaLabel":"Addresses"},{"$i":"dates","ariaLabel":"Dates"},{"$i":"notes","ariaLabel":"Notes"},{"$i":"exit","$v":"Излез"},{"$i":"expand","$v":"Прошири"},{"$i":"labelName","$v":"Име:"},{"$i":"labelLastName","$v":"Презиме:"},{"$i":"labelPhoneNumber","$v":"Телефонски број:"},{"$i":"labelCarrier","$v":"Добавувач:"},{"$i":"labelEmail","$v":"Е-пошта:"},{"$i":"labelStreet","$v":"Улица:"},{"$i":"labelZip","$v":"Поштенски код:"},{"$i":"labelCity","$v":"Град:"},{"$i":"labelCountry","$v":"Држава:"},{"$i":"labelComment","$v":"Коментар:"},{"$i":"legendTitleMain","$v":"Главни информации"},{"$i":"legendPhones","$v":"Телефонски броеви"},{"$i":"legendEmail","$v":"Адреса за е-пошта"},{"$i":"legendAddress","$v":"Адреса"},{"$i":"transferContactsTitle","$v":"Пренос на контакти"},{"$i":"importContactsTitle","$v":"Увоз на контакти"},{"$i":"importContactsButton","$v":"Увези контакти"},{"$i":"exportContactsTitle","$v":"Извезување на контакти"},{"$i":"exportContactsButton","$v":"Извези контакти"},{"$i":"exportContactsAction","$v":"Извези"},{"$i":"simExport-title","$v":"Извоз на SIM"},{"$i":"memoryCardExport-title","$v":"Export to memory card"},{"$i":"btExport-title","$v":"Извоз преку Bluetooth"},{"$i":"memoryCardUMSEnabled","$v":"Cannot use memory card because USB storage is enabled"},{"$i":"exportErrorTitle","$v":"Грешка при извезување"},{"$i":"contactsExported2","$v":{"few":[{"t":"idOrVar","v":"exported"},"/",{"t":"idOrVar","v":"total"}," извезени контакти"],"many":[{"t":"idOrVar","v":"exported"},"/",{"t":"idOrVar","v":"total"}," извезени контакти"],"one":[{"t":"idOrVar","v":"exported"},"/",{"t":"idOrVar","v":"total"}," извезен контакт"],"other":[{"t":"idOrVar","v":"exported"},"/",{"t":"idOrVar","v":"total"}," извезени контакти"],"two":[{"t":"idOrVar","v":"exported"},"/",{"t":"idOrVar","v":"total"}," извезени контакти"],"zero":"Нема извезени контакти"},"$x":[{"t":"idOrVar","v":"plural"},"exported"]},{"$i":"exportError-general","$v":"Се случија некои грешки при извезувањето"},{"$i":"exportError-SD-shared","$v":"Не можам да ѝ пристапам на мемориската картичка бидејќи е споделена"},{"$i":"exportError-SD-unavailable","$v":"Мемориската картичка не е достапна"},{"$i":"exportError-SD-noSpace","$v":"Нема доволно простор на мемориската картичка за извоз на контактите"},{"$i":"exportError-SIM-unavailable","$v":"SIM-картичката не е достапна"},{"$i":"exportError-BT-shared","$v":"Не можам да ѝ пристапам на мемориската картичка бидејќи е споделена"},{"$i":"exportError-BT-unavailable","$v":"Мемориската картичка не е достапна"},{"$i":"exportError-BT-noSpace","$v":"Нема доволно простор на мемориската картичка за да ги извезам контактите"},{"$i":"social-network","$v":"Социјални мрежи"},{"$i":"social-link","$v":"Поврзи контакт"},{"$i":"social-unlink","$v":"Одврзи контакт"},{"$i":"social-unlink-confirm-title","$v":"Сакате да го одврзете Вашиот пријател?"},{"$i":"social-unlink-confirm-accept","$v":"Одврзи"},{"$i":"facebook-import","$v":"Увези пријатели од Facebook"},{"$i":"show-fb-profile","$v":"Види профил на Facebook"},{"$i":"msg-send","$v":"Пиши порака"},{"$i":"wall-post","$v":"Напис на ѕид"},{"$i":"share-contact","$v":"Share Contact"},{"$i":"facebook-export-forbidden","$v":"The contact cannot be shared due to Facebook constraint."},{"$i":"otherAccount","$v":"Други сметки"},{"$i":"facebookSwitchMsg","$v":"Синхронизирај пријатели"},{"$i":"select_mobile","$v":"Избери мобилен"},{"$i":"select_email","$v":"Избери е-пошта"},{"$i":"select_recipient","$v":"Select recipient"},{"$i":"contactsOrderBy","$v":"Подреди по презиме"},{"$i":"importSim2","$v":"SIM картичка"},{"$i":"importGmail","$v":"Gmail"},{"$i":"bluetooth","$v":"Bluetooth"},{"$i":"importOutlook","$v":"Outlook"},{"$i":"fbUpdateFriends","$v":"Ажурирај увезени контакти"},{"$i":"cleaningFbData","$v":"Бришам податоци на Facebook"},{"$i":"loggingOutFb","$v":"Се одјавувам од Facebook"},{"$i":"cleanFbConfirmMsg","$v":"Да ги избришам сите податоци на Facebook?"},{"$i":"renewPwdMsg","$v":"Вашата лозинка на Facebook е променета. Ве молам, ажурирајте ја."},{"$i":"notEnabledYet","$v":"Сѐ уште не е овозможено"},{"$i":"genericNoConnection","$v":"Поврзете се на Wi-Fi или на податочна мрежа за да увезете контакти"},{"$i":"simCard","$v":"SIM картичка"},{"$i":"memoryCard","$v":"Мемориска картичка"},{"$i":"simNumberNoMSISDN","$v":["SIM ",{"t":"idOrVar","v":"number"},":"]},{"$i":"simNumberWithMSISDN","$v":["SIM ",{"t":"idOrVar","v":"number"},": ",{"t":"idOrVar","v":"msisdn"}]},{"$i":"ICEContactsGroup","$v":"ICE Contacts"},{"$i":"setICEButton","$v":"Set ICE Contacts"},{"$i":"ICESettingTitle","$v":"ICE Contacts"},{"$i":"ICEDescription","$v":"Add two contacts for making “In Case of Emergency” calls."},{"$i":"ICEContact1","$v":"ICE Contact 1"},{"$i":"ICESelectContact","$v":"Select a contact"},{"$i":"ICEContact2","$v":"ICE Contact 2"},{"$i":"ICERepeatedContact","$v":"This contact is already an existing ICE contact"},{"$i":"ICEUnknownError","$v":"There was an error setting the contact as ICE"},{"$i":"ICEContactNoNumber","$v":"This contact doesn't have a phone number"},{"$i":"ICEFacebookContactNotAllowed","$v":"Facebook contacts cannot be set as ICE contacts"},{"$i":"ICEContactDelTel","$v":"Deleted phone numbers are removed from ICE Contact"},{"$i":"ICEContactDelTelAll","$v":"All the numbers are deleted. This contact is removed from the ICE Contacts."},{"$i":"no-contacts","$v":"Нема контакти"},{"$i":"start-adding","$v":"Почнете со додавање сега"},{"$i":"notImported","$v":"Неувезени"},{"$i":"imported","$v":"Увезени"},{"$i":"today","$v":"Денес"},{"$i":"yesterday","$v":"Вчера"},{"$i":"organise-contacts","$v":"Организирај контакти"},{"$i":"find-merge-contacts","$v":"Најди контакти што се повторуваат"},{"$i":"preparing-contacts","$v":"Preparing contacts"},{"$i":"exportError-SIM-NoFreeRecordFound","$v":"SIM-картичката е полна"},{"$i":"exportError-SIM-CannotAccessPhoneBook","$v":"Не може да се пристапи на именикот од SIM-картичката"},{"$i":"exportError-SIM-Unavailable","$v":"Не е детектирана SIM"},{"$i":"exportError-SIM-GenericError","$v":"Се случи грешка при извоз на контакт"},{"$i":"noSimMsgExport","$v":"Внесете ја или отклучете ја Вашата SIM картичка за да извезувате контакти"},{"$i":"noMemoryCardMsgExport","$v":"Внесете мемориска картичка за да извезувате контакти"},{"$i":"ContactManagementTitle","$v":"Contacts Management"},{"$i":"DeleteTitle","$v":"Delete"},{"$i":"bulkDeleteButton","$v":"Delete Contacts"},{"$i":"BulkDelCancel","$v":"Contacts delete cancelled"},{"$i":"DeletedTxt","$v":{"zero":"No Contact to Delete","one":"1 Contact removed","two":[{"t":"idOrVar","v":"n"}," Contacts removed"],"few":[{"t":"idOrVar","v":"n"}," Contacts removed"],"many":[{"t":"idOrVar","v":"n"}," Contacts removed"],"other":[{"t":"idOrVar","v":"n"}," Contacts removed"]},"$x":[{"t":"idOrVar","v":"plural"},"n"]},{"$i":"DeletingContacts","$v":"Deleting contacts"},{"$i":"ContactConfirmDel","$v":{"zero":"No Contact to Delete","one":"Delete 1 Contact? This cannot be undone.","two":["Delete ",{"t":"idOrVar","v":"n"}," Contacts? This cannot be undone."],"few":["Delete ",{"t":"idOrVar","v":"n"}," Contacts? This cannot be undone."],"many":["Delete ",{"t":"idOrVar","v":"n"}," Contacts? This cannot be undone."],"other":["Delete ",{"t":"idOrVar","v":"n"}," Contacts? This cannot be undone."]},"$x":[{"t":"idOrVar","v":"plural"},"n"]},{"$i":"SelectedTxt","$v":{"zero":"Contacts","one":[{"t":"idOrVar","v":"n"}," selected"],"two":[{"t":"idOrVar","v":"n"}," selected"],"few":[{"t":"idOrVar","v":"n"}," selected"],"many":[{"t":"idOrVar","v":"n"}," selected"],"other":[{"t":"idOrVar","v":"n"}," selected"]},"$x":[{"t":"idOrVar","v":"plural"},"n"]},{"$i":"video","$v":"Video"},{"$i":"audio","$v":"Audio"},{"$i":"pick_destination","$v":[{"t":"idOrVar","v":"destination"}," ",{"t":"idOrVar","v":"carrier"}]},{"$i":"removeField","ariaLabel":"Remove"},{"$i":"undo","ariaLabel":"Undo"},{"$i":"send-sms-button","ariaLabel":"SMS"},{"$i":"ice_contacts","$v":"ICE Contacts"},{"$i":"edit-picture","$v":"Edit Picture"},{"$i":"remove-photo","$v":"Remove photo"},{"$i":"change-photo","$v":"Change photo"},{"$i":"photo-options","$v":"Photo options"},{"$i":"vCardContacts-imported","$v":{"zero":"No contacts imported","one":"Imported one contact","two":["Imported ",{"t":"idOrVar","v":"n"}," contacts"],"few":["Imported ",{"t":"idOrVar","v":"n"}," contacts"],"many":["Imported ",{"t":"idOrVar","v":"n"}," contacts"],"other":["Imported ",{"t":"idOrVar","v":"n"}," contacts"]},"$x":[{"t":"idOrVar","v":"plural"},"n"]},{"$i":"voiceMail","$v":"Говорна пошта"},{"$i":"back","$v":"Назад"},{"$i":"noSimMsg","$v":"Вметнете ја или отклучете ја Вашата SIM картичка за да увезете контакти"},{"$i":"noMemoryCardMsg","$v":"Внесете мемориска картичка за да увезувате контакти"},{"$i":"importMemoryCard","$v":"Мемориска картичка"},{"$i":"noConnection11","$v":"Поврзете се на Wi-Fi или на податочна мрежа за да увезете пријатели од Facebook или контакти"},{"$i":"emptyAccount","$v":"No friends or contacts found in this account."},{"$i":"simContacts-import","$v":"Увези контакти од SIM"},{"$i":"simContacts-importing","$v":"Се увезуваат контакти од SIM…"},{"$i":"simContacts-reading","$v":"Читам од SIM картичка…"},{"$i":"simContacts-error","$v":"Не може да се увезат контакти од SIM"},{"$i":"simContacts-imported3","$v":{"zero":"Нема контакти за увезување од SIM","one":"Увезен еден контакт","two":["Увезени ",{"t":"idOrVar","v":"n"}," контакти"],"few":["Увезени ",{"t":"idOrVar","v":"n"}," контакти"],"many":["Увезени ",{"t":"idOrVar","v":"n"}," контакти"],"other":["Увезени ",{"t":"idOrVar","v":"n"}," контакти"]},"$x":[{"t":"idOrVar","v":"plural"},"n"]},{"$i":"memoryCardContacts-import","$v":"Увези контакти од мемориска картичка"},{"$i":"memoryCardContacts-importing","$v":"Се увезуваат контакти од мемориската картичка…"},{"$i":"memoryCardContacts-reading","$v":"Читам од мемориската картичка…"},{"$i":"memoryCardContacts-error","$v":"Не можев да увезам контакти од мемориската картичка"},{"$i":"memoryCardContacts-imported3","$v":{"few":["Увезов ",{"t":"idOrVar","v":"n"}," контакти"],"many":["Увезов ",{"t":"idOrVar","v":"n"}," контакти"],"one":"Увезов еден контакт","other":["Увезов ",{"t":"idOrVar","v":"n"}," контакти"],"two":["Увезов ",{"t":"idOrVar","v":"n"}," контакти"],"zero":"Не најдов контакти за увезување на мемориската картичка"},"$x":[{"t":"idOrVar","v":"plural"},"n"]},{"$i":"genericProgress","$v":[{"t":"idOrVar","v":"current"},"/",{"t":"idOrVar","v":"total"}]},{"$i":"facebook-import-msg2","$v":[{"t":"idOrVar","v":"imported"},"/",{"t":"idOrVar","v":"total"}," friends imported"]},{"$i":"contactsMerged","$v":{"zero":"No duplicated contacts merged","one":"One duplicated contact merged","two":[{"t":"idOrVar","v":"numDups"}," contacts merged"],"few":[{"t":"idOrVar","v":"numDups"}," contacts merged"],"many":[{"t":"idOrVar","v":"numDups"}," contacts merged"],"other":[{"t":"idOrVar","v":"numDups"}," contacts merged"]},"$x":[{"t":"idOrVar","v":"plural"},"numDups"]},{"$i":"weekday-0-long","$v":"Недела"},{"$i":"weekday-1-long","$v":"Понеделник"},{"$i":"weekday-2-long","$v":"Вторник"},{"$i":"weekday-3-long","$v":"Среда"},{"$i":"weekday-4-long","$v":"Четврток"},{"$i":"weekday-5-long","$v":"Петок"},{"$i":"weekday-6-long","$v":"Сабота"},{"$i":"weekday-0-short","$v":"Нед"},{"$i":"weekday-1-short","$v":"Пон"},{"$i":"weekday-2-short","$v":"Вто"},{"$i":"weekday-3-short","$v":"Сре"},{"$i":"weekday-4-short","$v":"Чет"},{"$i":"weekday-5-short","$v":"Пет"},{"$i":"weekday-6-short","$v":"Саб"},{"$i":"month-0-long","$v":"јануари"},{"$i":"month-1-long","$v":"февруари"},{"$i":"month-2-long","$v":"март"},{"$i":"month-3-long","$v":"април"},{"$i":"month-4-long","$v":"мај"},{"$i":"month-5-long","$v":"јуни"},{"$i":"month-6-long","$v":"јули"},{"$i":"month-7-long","$v":"август"},{"$i":"month-8-long","$v":"септември"},{"$i":"month-9-long","$v":"октомври"},{"$i":"month-10-long","$v":"ноември"},{"$i":"month-11-long","$v":"декември"},{"$i":"month-0-genitive","$v":"јануари"},{"$i":"month-1-genitive","$v":"февруари"},{"$i":"month-2-genitive","$v":"март"},{"$i":"month-3-genitive","$v":"април"},{"$i":"month-4-genitive","$v":"мај"},{"$i":"month-5-genitive","$v":"јуни"},{"$i":"month-6-genitive","$v":"јули"},{"$i":"month-7-genitive","$v":"август"},{"$i":"month-8-genitive","$v":"септември"},{"$i":"month-9-genitive","$v":"октомври"},{"$i":"month-10-genitive","$v":"ноември"},{"$i":"month-11-genitive","$v":"декември"},{"$i":"month-0-short","$v":"јан"},{"$i":"month-1-short","$v":"фев"},{"$i":"month-2-short","$v":"мар"},{"$i":"month-3-short","$v":"апр"},{"$i":"month-4-short","$v":"мај"},{"$i":"month-5-short","$v":"јун"},{"$i":"month-6-short","$v":"јул"},{"$i":"month-7-short","$v":"авг"},{"$i":"month-8-short","$v":"сеп"},{"$i":"month-9-short","$v":"окт"},{"$i":"month-10-short","$v":"ное"},{"$i":"month-11-short","$v":"дек"},{"$i":"minutes-ago-long","$v":{"zero":"сега","one":"пред една минута","two":["пред ",{"t":"idOrVar","v":"value"}," минути"],"few":["пред ",{"t":"idOrVar","v":"value"}," минути"],"many":["пред ",{"t":"idOrVar","v":"value"}," минути"],"other":["пред ",{"t":"idOrVar","v":"value"}," минути"]},"$x":[{"t":"idOrVar","v":"plural"},"value"]},{"$i":"hours-ago-long","$v":{"zero":"сега","one":"пред еден час","two":["пред ",{"t":"idOrVar","v":"value"}," часа"],"few":["пред ",{"t":"idOrVar","v":"value"}," часа"],"many":["пред ",{"t":"idOrVar","v":"value"}," часови"],"other":["пред ",{"t":"idOrVar","v":"value"}," часови"]},"$x":[{"t":"idOrVar","v":"plural"},"value"]},{"$i":"days-ago-long","$v":{"zero":"денес","one":"вчера","two":["пред ",{"t":"idOrVar","v":"value"}," дена"],"few":["пред ",{"t":"idOrVar","v":"value"}," дена"],"many":["пред ",{"t":"idOrVar","v":"value"}," денови"],"other":["пред ",{"t":"idOrVar","v":"value"}," денови"]},"$x":[{"t":"idOrVar","v":"plural"},"value"]},{"$i":"weeks-ago-long","$v":{"zero":"оваа недела","one":"минатата недела","two":["пред ",{"t":"idOrVar","v":"value"}," недели"],"few":["пред ",{"t":"idOrVar","v":"value"}," недели"],"many":["пред ",{"t":"idOrVar","v":"value"}," недели"],"other":["пред ",{"t":"idOrVar","v":"value"}," недели"]},"$x":[{"t":"idOrVar","v":"plural"},"value"]},{"$i":"months-ago-long","$v":{"zero":"овој месец","one":"минатиот месец","two":["пред ",{"t":"idOrVar","v":"value"}," месеци"],"few":["пред ",{"t":"idOrVar","v":"value"}," месеци"],"many":["пред ",{"t":"idOrVar","v":"value"}," месеци"],"other":["пред ",{"t":"idOrVar","v":"value"}," месеци"]},"$x":[{"t":"idOrVar","v":"plural"},"value"]},{"$i":"years-ago-long","$v":{"zero":"оваа година","one":"минатата година","two":["пред ",{"t":"idOrVar","v":"value"}," години"],"few":["пред ",{"t":"idOrVar","v":"value"}," години"],"many":["пред ",{"t":"idOrVar","v":"value"}," години"],"other":["пред ",{"t":"idOrVar","v":"value"}," години"]},"$x":[{"t":"idOrVar","v":"plural"},"value"]},{"$i":"minutes-until-long","$v":{"zero":"сега","one":"за една минута","two":["за ",{"t":"idOrVar","v":"value"}," минути"],"few":["за ",{"t":"idOrVar","v":"value"}," минути"],"many":["за ",{"t":"idOrVar","v":"value"}," минути"],"other":["за ",{"t":"idOrVar","v":"value"}," минути"]},"$x":[{"t":"idOrVar","v":"plural"},"value"]},{"$i":"hours-until-long","$v":{"zero":"сега","one":"за еден час","two":["за ",{"t":"idOrVar","v":"value"}," часа"],"few":["за ",{"t":"idOrVar","v":"value"}," часа"],"many":["за ",{"t":"idOrVar","v":"value"}," часови"],"other":["за ",{"t":"idOrVar","v":"value"}," часови"]},"$x":[{"t":"idOrVar","v":"plural"},"value"]},{"$i":"days-until-long","$v":{"zero":"денес","one":"утре","two":["за ",{"t":"idOrVar","v":"value"}," дена"],"few":["за ",{"t":"idOrVar","v":"value"}," дена"],"many":["за ",{"t":"idOrVar","v":"value"}," денови"],"other":["за ",{"t":"idOrVar","v":"value"}," денови"]},"$x":[{"t":"idOrVar","v":"plural"},"value"]},{"$i":"weeks-until-long","$v":{"zero":"оваа седмица","one":"следната седмица","two":["за ",{"t":"idOrVar","v":"value"}," седмици"],"few":["за ",{"t":"idOrVar","v":"value"}," седмици"],"many":["за ",{"t":"idOrVar","v":"value"}," седмици"],"other":["за ",{"t":"idOrVar","v":"value"}," седмици"]},"$x":[{"t":"idOrVar","v":"plural"},"value"]},{"$i":"months-until-long","$v":{"zero":"овој месец","one":"следниот месец","two":["за ",{"t":"idOrVar","v":"value"}," месеци"],"few":["за ",{"t":"idOrVar","v":"value"}," месеци"],"many":["за ",{"t":"idOrVar","v":"value"}," месеци"],"other":["за ",{"t":"idOrVar","v":"value"}," месеци"]},"$x":[{"t":"idOrVar","v":"plural"},"value"]},{"$i":"years-until-long","$v":{"zero":"оваа година","one":"следната година","two":["за ",{"t":"idOrVar","v":"value"}," години"],"few":["за ",{"t":"idOrVar","v":"value"}," години"],"many":["за ",{"t":"idOrVar","v":"value"}," години"],"other":["за ",{"t":"idOrVar","v":"value"}," години"]},"$x":[{"t":"idOrVar","v":"plural"},"value"]},{"$i":"minutes-ago-short","$v":{"zero":"сега","other":["пред ",{"t":"idOrVar","v":"value"},"m"]},"$x":[{"t":"idOrVar","v":"plural"},"value"]},{"$i":"hours-ago-short","$v":{"zero":"сега","other":["пред ",{"t":"idOrVar","v":"value"},"h"]},"$x":[{"t":"idOrVar","v":"plural"},"value"]},{"$i":"days-ago-short","$v":{"zero":"денес","other":["пред ",{"t":"idOrVar","v":"value"},"d"]},"$x":[{"t":"idOrVar","v":"plural"},"value"]},{"$i":"minutes-until-short","$v":{"zero":"сега","other":["за ",{"t":"idOrVar","v":"value"},"m"]},"$x":[{"t":"idOrVar","v":"plural"},"value"]},{"$i":"hours-until-short","$v":{"zero":"сега","other":["за ",{"t":"idOrVar","v":"value"},"h"]},"$x":[{"t":"idOrVar","v":"plural"},"value"]},{"$i":"days-until-short","$v":{"zero":"денес","other":["за ",{"t":"idOrVar","v":"value"},"d"]},"$x":[{"t":"idOrVar","v":"plural"},"value"]},{"$i":"incorrectDate","$v":"(неточен датум)"},{"$i":"dateTimeFormat_%c","$v":"%a %b %e %Y %H:%M:%S"},{"$i":"dateTimeFormat_%x","$v":"%d/%m/%Y"},{"$i":"dateTimeFormat_%X","$v":"%H:%M:%S"},{"$i":"shortTimeFormat","$v":"%H:%M"},{"$i":"shortTimeFormat12","$v":"%I:%M %p"},{"$i":"shortTimeFormat24","$v":"%H:%M"},{"$i":"shortDateTimeFormat","$v":"%x %H:%M"},{"$i":"weekStartsOnMonday","$v":"1"},{"$i":"firstDayOfTheWeek","$v":"0"},{"$i":"time_am","$v":"AM"},{"$i":"time_pm","$v":"PM"},{"$i":"label","$v":"Лепенка"},{"$i":"mobile","$v":"Мобилен"},{"$i":"home","$v":"Домашен"},{"$i":"work","$v":"Работен"},{"$i":"personal","$v":"Личен"},{"$i":"faxHome","$v":"Домашен факс"},{"$i":"faxOffice","$v":"Факс во канцеларија"},{"$i":"faxOther","$v":"Факс - друго"},{"$i":"another","$v":"Друго"},{"$i":"other","$v":"Друго"},{"$i":"customTag","placeholder":"Custom tag"},{"$i":"current","$v":"Моментална"},{"$i":"itemWithLabel","$v":[{"t":"idOrVar","v":"label"},", ",{"t":"idOrVar","v":"item"}]},{"$i":"addNewNumber","$v":"Add new number"},{"$i":"contactDetails","$v":"Contact details"},{"$i":"addToExistingContact","$v":"Додај во постоечкиот контакт"},{"$i":"all","$v":"All","ariaLabel":"All"},{"$i":"bluetoothOption","ariaLabel":"Bluetooth"},{"$i":"callLog","$v":"Запис на повици"},{"$i":"callLogEdit","title":"Edit call log"},{"$i":"callLogEditDialog","ariaLabel":"Edit call log dialog"},{"$i":"connecting","$v":"Се поврзува"},{"$i":"connectingEllipsis","$v":"Connecting…"},{"$i":"call-forwarding-async","$v":["Asynchronous: ",{"t":"idOrVar","v":"async"}]},{"$i":"call-forwarding-data","$v":["Data: ",{"t":"idOrVar","v":"data"}]},{"$i":"call-forwarding-error","$v":"An error occurred while retrieving call forwarding status"},{"$i":"call-forwarding-fax","$v":["FAX: ",{"t":"idOrVar","v":"fax"}]},{"$i":"call-forwarding-inactive","$v":"Inactive"},{"$i":"call-forwarding-packet","$v":["Packet: ",{"t":"idOrVar","v":"packet"}]},{"$i":"call-forwarding-pad","$v":["PAD: ",{"t":"idOrVar","v":"pad"}]},{"$i":"call-forwarding-sms","$v":["SMS: ",{"t":"idOrVar","v":"sms"}]},{"$i":"call-forwarding-status","$v":"Call forwarding status"},{"$i":"call-forwarding-sync","$v":["Synchronous: ",{"t":"idOrVar","v":"sync"}]},{"$i":"call-forwarding-voice","$v":["Voice: ",{"t":"idOrVar","v":"voice"}]},{"$i":"confirm-deletion","$v":"Исчисти ги избраните повици?"},{"$i":"createNewContact","$v":"Создади нов контакт"},{"$i":"dialerAddContact","ariaLabel":"Add contact"},{"$i":"dialerAddContactDialog","ariaLabel":"Add Contact Dialog"},{"$i":"callInformation","$v":"Call Information"},{"$i":"edit-selected","$v":{"one":[{"t":"idOrVar","v":"n"}," избрано"],"two":[{"t":"idOrVar","v":"n"}," избрани"],"few":[{"t":"idOrVar","v":"n"}," избрани"],"many":[{"t":"idOrVar","v":"n"}," избрани"],"other":[{"t":"idOrVar","v":"n"}," избрано"]},"$x":[{"t":"idOrVar","v":"plural"},"n"]},{"$i":"hideKeypad","ariaLabel":"Hide keypad"},{"$i":"ignore","$v":"Игнорирај повик"},{"$i":"incoming","$v":"Дојдовен"},{"$i":"keypad","ariaLabel":"Keypad"},{"$i":"info-missed","$v":"Missed"},{"$i":"missed","$v":"Missed","ariaLabel":"Missed"},{"$i":"canceled","$v":"Canceled"},{"$i":"missedCall","$v":"Пропуштен повик"},{"$i":"missedCallMultiSims","$v":["(SIM ",{"t":"idOrVar","v":"n"},") пропуштен повик"]},{"$i":"mmi-error","$v":"Грешка при праќање на пораката"},{"$i":"mmi-session-expired","$v":"Сесијата истече"},{"$i":"mmi-successfully-sent","$v":"Успешно пратена порака"},{"$i":"mmi-notification-title-with-sim","$v":["(",{"t":"idOrVar","v":"sim"},") ",{"t":"idOrVar","v":"title"}]},{"$i":"mute","ariaLabel":"Mute"},{"$i":"newCall","ariaLabel":"New call"},{"$i":"no-logs-msg-1","$v":"Нема запис на повици"},{"$i":"no-logs-msg-2","$v":"Започни со комуникација веднаш"},{"$i":"no-logs-msg-3","$v":"Нема пропуштени повици"},{"$i":"onHoldOption","ariaLabel":"On hold"},{"$i":"outgoing","$v":"Outgoing"},{"$i":"recents","ariaLabel":"Recent calls"},{"$i":"reply","$v":"Одговори"},{"$i":"send","$v":"Прати"},{"$i":"switch-calls","$v":"Смени повици"},{"$i":"withheld-number","$v":"Скриен број"},{"$i":"from-contact","$v":["Од ",{"t":"idOrVar","v":"contact"}]},{"$i":"from-number","$v":["Од ",{"t":"idOrVar","v":"number"}]},{"$i":"from-withheld-number","$v":"Од скриен број"},{"$i":"sending","$v":"Праќање…"},{"$i":"speakerOption","ariaLabel":"Speaker"},{"$i":"ussd-services","$v":[{"t":"idOrVar","v":"operator"}," сервиси"]},{"$i":"toggleKeypad","ariaLabel":"Toggle keypad"},{"$i":"type-your-response","placeholder":"Пишете го вашиот одговор…"},{"$i":"clear-all-text","$v":"Исчисти го цел текст"},{"$i":"hide","$v":"Скриј"},{"$i":"hold","ariaLabel":"Hold"},{"$i":"resume","$v":"Resume","ariaLabel":"Resume"},{"$i":"sendSms","$v":"Прати порака"},{"$i":"callEnded","$v":"Повикот заврши"},{"$i":"via-sim","$v":["преку SIM",{"t":"idOrVar","v":"n"}]},{"$i":"sim-number","$v":["SIM",{"t":"idOrVar","v":"n"}]},{"$i":"unknown","$v":"Unknown"},{"$i":"hangup-a11y-button","ariaLabel":"Hang Up"},{"$i":"pickup-a11y-button","ariaLabel":"Pick up"},{"$i":"unlock-a11y-button","ariaLabel":"Slider"},{"$i":"settings","$v":"Поставки"},{"$i":"delete-n-log?","$v":{"few":["Бришење ",{"t":"idOrVar","v":"n"}," записи?"],"many":["Бришење ",{"t":"idOrVar","v":"n"}," записи?"],"one":"Бришење на избраниот запис?","other":["Бришење ",{"t":"idOrVar","v":"n"}," записи?"],"two":["Бришење ",{"t":"idOrVar","v":"n"}," записи?"],"zero":"Нема избрано"},"$x":[{"t":"idOrVar","v":"plural"},"n"]},{"$i":"callDurationMinutes","$v":[{"t":"idOrVar","v":"m"},":",{"t":"idOrVar","v":"s"}]},{"$i":"callDurationHours","$v":[{"t":"idOrVar","v":"h"},":",{"t":"idOrVar","v":"m"},":",{"t":"idOrVar","v":"s"}]},{"$i":"callDurationTextFormatSeconds","$v":[{"t":"idOrVar","v":"s"}," s"]},{"$i":"callDurationTextFormatMinutes","$v":[{"t":"idOrVar","v":"m"}," m ",{"t":"idOrVar","v":"s"}," s"]},{"$i":"callDurationTextFormatHours","$v":[{"t":"idOrVar","v":"h"}," h ",{"t":"idOrVar","v":"m"}," m ",{"t":"idOrVar","v":"s"}," s"]},{"$i":"suggestionMatches","$v":{"one":[{"t":"idOrVar","v":"n"}," најдено за \"",{"t":"idOrVar","v":"matchNumber"},"\""],"two":[{"t":"idOrVar","v":"n"}," најдени за \"",{"t":"idOrVar","v":"matchNumber"},"\""],"few":[{"t":"idOrVar","v":"n"}," најдени за \"",{"t":"idOrVar","v":"matchNumber"},"\""],"many":[{"t":"idOrVar","v":"n"}," најдени за \"",{"t":"idOrVar","v":"matchNumber"},"\""],"other":[{"t":"idOrVar","v":"n"}," најдени за \"",{"t":"idOrVar","v":"matchNumber"},"\""]},"$x":[{"t":"idOrVar","v":"plural"},"n"]},{"$i":"scCallBarring","$v":"Забрана за повик"},{"$i":"scCallForwarding","$v":"Пренасочување на повик"},{"$i":"scClip","$v":"Дојдовна идентификација"},{"$i":"scClir","$v":"Појдовна идентификација"},{"$i":"scPwd","$v":"Промена на лозинка"},{"$i":"scCallWaiting","$v":"Повик на чекање"},{"$i":"scPin","$v":"PIN промена"},{"$i":"scPin2","$v":"PIN2 промена"},{"$i":"scPuk","$v":"Одблокирај PIN"},{"$i":"scPuk2","$v":"Одблокирај PIN2"},{"$i":"scImei","$v":"IMEI"},{"$i":"scUssd","$v":"USSD"},{"$i":"serviceClassVoice","$v":"Говор"},{"$i":"serviceClassData","$v":"Податоци"},{"$i":"serviceClassFax","$v":"Факс"},{"$i":"serviceClassSms","$v":"СМС"},{"$i":"serviceClassDataSync","$v":"Синхрино"},{"$i":"serviceClassDataAsync","$v":"Асинхроно"},{"$i":"serviceClassPacket","$v":"Пакет"},{"$i":"serviceClassPad","$v":"PAD"},{"$i":"smServiceEnabled","$v":"Сервисот беше овозможен"},{"$i":"smServiceDisabled","$v":"Сервисот беше оневозможен"},{"$i":"smServiceRegistered","$v":"Регистрацијата беше успешна"},{"$i":"smServiceErased","$v":"Бришењето беше успешно"},{"$i":"smServiceInterrogated","$v":"Барањето беше успешно"},{"$i":"smServiceNotProvisioned","$v":"Сервисот не е провизиониран"},{"$i":"smClirPermanent","$v":"Не можете да ја смените поставката за идентификација на повик"},{"$i":"smClirDefaultOnNextCallOn","$v":"Предефинирано за идентификација на повик е скриен. Следниот повик: скриен"},{"$i":"smClirDefaultOnNextCallOff","$v":"Предефинирано за идентификација на повик е скриен. Следниот повик: прикажан"},{"$i":"smClirDefaultOffNextCallOn","$v":"Предефинирано за идентификација на повик е прикажан. Следниот повик: скриен"},{"$i":"smClirDefaultOffNextCallOff","$v":"Предефинирано за идентификација на повик е прикажан. Следниот повик: прикажан"},{"$i":"smServiceEnabledFor","$v":"Сервисот беше овозможен за:"},{"$i":"smPinChanged","$v":"PIN успешно променет"},{"$i":"smPinUnblocked","$v":"PIN успешно одблокиран"},{"$i":"smPin2Changed","$v":"PIN2 успешно променет"},{"$i":"smPin2Unblocked","$v":"PIN2 успешно одблокиран"},{"$i":"ServiceIsEnabled","$v":"Service is enabled"},{"$i":"ServiceIsDisabled","$v":"Service is disabled"},{"$i":"ServiceIsEnabledFor","$v":"Service is enabled for:"},{"$i":"emMmiError","$v":"Проблем во комуникација или невалиден MMI код"},{"$i":"emMmiErrorPasswordIncorrect","$v":"Грешна лозинка"},{"$i":"emMmiErrorNotSupported","$v":"Неправилен или неподржан MMI код"},{"$i":"emMmiErrorInvalidAction","$v":"Неправилна акција"},{"$i":"emMmiErrorInvalidScCode","$v":"Неправилен сервисе код"},{"$i":"emMmiErrorBadPuk","$v":"PUK бројот што го внесовте не е точен."},{"$i":"emMmiErrorBadPin","$v":"Стариот PUK број што го внесовте не е точен."},{"$i":"emMmiErrorNeedPuk2","$v":"Внесете го PUK2 бројот за одблокирање на сим картичката."},{"$i":"emMmiErrorMismatchPin","$v":"PIN броевите што ги внесовте не се исти"},{"$i":"emMmiErrorInvalidPin","$v":"Внесете PIN од 4 до 8 цифри"},{"$i":"emMmiErrorNeedsPuk","$v":"Вашата SIM картичка е PUK-заклучена"},{"$i":"emMmiErrorEnablePin","$v":"Неуспешно. Овозможи SIM/RUIM заклучувуање"},{"$i":"emMmiErrorMmiFdn","$v":"Операцијата е ограничена само на вртење предефинирани броеви"},{"$i":"emMmiErrorStkCcUssdDial","$v":"USSD е променето во ПОВИК барање"},{"$i":"emMmiErrorStkCcUssdSs","$v":"USSD е променето во барање за SS"},{"$i":"emMmiErrorStkCcUssdUssd","$v":"USSD е променето во ново USSD барање"},{"$i":"emMmiErrorStkCcSsDial","$v":"SS e променето во ПОВИК барање"},{"$i":"emMmiErrorStkCcSsUssd","$v":"SS е променето во USSD барање"},{"$i":"emMmiErrorStkCcSsSs","$v":"SS е променето во ново SS барање"},{"$i":"emMmiErrorPinPukAttempts","$v":{"one":["Само ",{"t":"idOrVar","v":"n"}," обид преостанува"],"two":[{"t":"idOrVar","v":"n"}," преостанати обиди"],"few":[{"t":"idOrVar","v":"n"}," преостанати обиди"],"many":[{"t":"idOrVar","v":"n"}," преостанати обиди"],"other":[{"t":"idOrVar","v":"n"}," преостанати обиди"]},"$x":[{"t":"idOrVar","v":"plural"},"n"]},{"$i":"emMmiErrorSimBlocked","$v":"Надминат е максималниот број обиди. SIM блокирана"},{"$i":"RadioNotAvailable","$v":"Радиото не е достапно"},{"$i":"GenericFailure","$v":"Генерички неуспех"},{"$i":"PasswordIncorrect","$v":"Грешна лозинка"},{"$i":"SimPin2","$v":"SIM PIN2"},{"$i":"SimPuk2","$v":"SIM PUK2"},{"$i":"RequestNotSupported","$v":"Барањето не е поддржано"},{"$i":"OpNotAllowedDuringVoiceCall","$v":"Акцијата не е дозволена при говорен повик"},{"$i":"SmsSendFailRetry","$v":"SMS send fail retry"},{"$i":"SimAbsent","$v":"SIM не е присутна"},{"$i":"SubscriptionNotAvailable","$v":"Претплата не е достапна"},{"$i":"ModeNotSupported","$v":"Режим не е поддржан"},{"$i":"FdnCheckFailure","$v":"Неуспех на Fdn проверка"},{"$i":"IllegalSimOrMe","$v":"Нелегален SIM или ME"},{"$i":"DialModifiedToUssd","$v":"Повик променет во USSD"},{"$i":"DialModifiedToSs","$v":"Повик променет во SS"},{"$i":"DialModifiedToDial","$v":"Повик променет во повик"},{"$i":"UssdModifiedToDial","$v":"USSD променет во повик"},{"$i":"UssdModifiedToSs","$v":"USSD променет во SS"},{"$i":"UssdModifiedToUssd","$v":"USSD променет во USSD"},{"$i":"SsModifiedToDial","$v":"SS променет во повик"},{"$i":"SsModifiedToUssd","$v":"SS променет во USSD"},{"$i":"SsModifiedToSs","$v":"SS променет во SS"},{"$i":"SubscriptionNotSupported","$v":"Претплата не е поддржана"},{"$i":"InvalidParameter","$v":"Неправилен параметар"},{"$i":"RejectedByRemote","$v":"Одбиен од оддалеченo"},{"$i":"conferenceCall","$v":["Conference (",{"t":"idOrVar","v":"n"},")"]},{"$i":"caller-left-call","$v":[{"t":"idOrVar","v":"caller"}," го напушти повикот."]},{"$i":"conferenceAddError","$v":"Не може да се спојат повиците"},{"$i":"conferenceRemoveError","$v":"Не може да се одвојат повиците"},{"$i":"longDateFormat","$v":"%A, %e %B"},{"$i":"select-audio-sources","$v":"Избери извори на аудио"},{"$i":"bluetooth-handsfree-device","$v":"Bluetooth-слушалка"},{"$i":"receiver","$v":"Примател"},{"$i":"speaker","$v":"Звучник"},{"$i":"voicemailNoNumberTitle","$v":"Voicemail number is unavailable"},{"$i":"voicemailNoNumberText","$v":"Unable to call the voicemail. Set up the voicemail number to place the call."},{"$i":"voicemailNoNumberSettings","$v":"Settings"},{"$i":"voicemailNoNumberCancel","$v":"Cancel"},{"$i":"phoneNumberInput","ariaLabel":"Phone number"},{"$i":"keypadDelete","ariaLabel":"Delete"},{"$i":"voiceMailKey","ariaLabel":"Voicemail"},{"$i":"asterisk","ariaLabel":"Asterisk"},{"$i":"hashSign","ariaLabel":"Hash sign"},{"$i":"loadingSimContacts","$v":"Loading SIM card contacts…"},{"$i":"noContactsWereFound","$v":"No contacts were found"},{"$i":"noContactsFoundDialogOk","$v":"OK"},{"$i":"emergencyNumber","$v":"Итен број"},{"$i":"callAirplaneModeMessage","$v":"Да направите повик треба да го исклучите авионскиот режив во поставките."},{"$i":"callAirplaneModeBtnOk","$v":"Во ред"},{"$i":"callAirplaneModeTitle","$v":"Активиран авионски режим"},{"$i":"numberIsBusyTitle","$v":"Бројот е зафатен"},{"$i":"numberIsBusyMessage","$v":"Бројот е моментално зафатен. Ве молам пробајте подоцна. "},{"$i":"fdnIsActiveTitle","$v":"FDN active"},{"$i":"fdnIsActiveMessage","$v":["FDN (Fixed Dialing Numbers) is activated and the following number is not in your FDN list: ",{"t":"idOrVar","v":"number"}]},{"$i":"emergencyDialogBodyBadNumber","$v":"Да направите повик, телефонот мора да биде приклучен на мрежа."},{"$i":"emergencyDialogBodyDeviceNotAccepted","$v":"Итните повици не се дозволени од мрежата."},{"$i":"emergencyDialogBtnOk","$v":"Во ред"},{"$i":"emergencyDialogTitle","$v":"Нема мрежна конекција"},{"$i":"invalidNumberToDialTitle","$v":"Неправилен тел. број"},{"$i":"invalidNumberToDialMessage","$v":"Телефонскиот број кој го вртите е неправилен."},{"$i":"unableToCallTitle","$v":"Сега не може да се направи повик"},{"$i":"unableToCallMessage","$v":"Не може да се направи повик. Ако веќе вртите, ве молам прво спуштите."},{"$i":"otherConnectionInUseTitle","$v":"Се користи друга конекција"},{"$i":"otherConnectionInUseMessage","$v":"Имате активен повик на друга конекција. Може да користите само една конекција истовремено."}]