[{"$i":"close","$v":"Tutup"},{"$i":"import","$v":"Import"},{"$i":"update","$v":"Kemaskini"},{"$i":"fbFriends","$v":"Kawan Facebook"},{"$i":"live-serviceName","$v":"Outlook"},{"$i":"gmail-serviceName","$v":"Gmail"},{"$i":"facebook-serviceName","$v":"Kawan Facebook"},{"$i":"selectAll","$v":"Pilih Semua"},{"$i":"deselectAll","$v":"Tidak Pilih Semua"},{"$i":"viewAll","$v":"Lihat semua teman Facebook"},{"$i":"viewRecommend","$v":"Lihat Hanya Disarankan"},{"$i":"linkProposal","$v":{"zero":"Tiada teman sepadan. Tunjukkan semua","one":"Pilih hanya yang disarankan","two":"Pilih hanya yang disarankan","few":"Pilih hanya yang disarankan","many":"Pilih hanya yang disarankan","other":"Pilih hanya yang disarankan"},"$x":[{"t":"idOrVar","v":"plural"},"numFriends"]},{"$i":"fbFriendsFound","$v":{"zero":"Semua teman anda telah diimport","one":"Satu teman ditemui untuk diimport","two":[{"t":"idOrVar","v":"numFriends"}," teman ditemui untuk diimport"],"few":["Menemui ",{"t":"idOrVar","v":"numFriends"}," teman untuk diimport"],"many":["Menemui ",{"t":"idOrVar","v":"numFriends"}," teman untuk diimport"],"other":["Menemui ",{"t":"idOrVar","v":"numFriends"}," teman untuk diimport"]},"$x":[{"t":"idOrVar","v":"plural"},"numFriends"]},{"$i":"fbNoFriends","$v":"Tiada kenalan untuk diimport"},{"$i":"facebook","$v":"Facebook"},{"$i":"search-contact","placeholder":"Carian"},{"$i":"noResults","$v":"Tiada kenalan ditemui"},{"$i":"done-search","$v":"Selesai"},{"$i":"progressFB3ImportTitle","$v":"Mengimport teman ke Kenalan"},{"$i":"progressFB","$v":[{"t":"idOrVar","v":"current"},"/",{"t":"idOrVar","v":"total"}]},{"$i":"progressFB3UpdateTitle","$v":"Mengemaskini teman dalam Kenalan"},{"$i":"message2","$v":"Ini mungkin mengambil masa beberapa minit"},{"$i":"messageLinking","$v":"Sila tunggu. Kami menghubungkan teman anda dan kenalan anda."},{"$i":"messageCanceling","$v":"Sila tunggu. Kami sedang membatalkan operasi yang sedang berjalan."},{"$i":"error1","$v":["Ralat ",{"t":"idOrVar","v":"from"}]},{"$i":"error2","$v":"Adakah anda ingin mencuba lagi?"},{"$i":"errorProposal","$v":"mengira cadangan"},{"$i":"errorFriends","$v":"mendapatkan semula teman"},{"$i":"errorLinking","$v":"menghubungkan kenalan"},{"$i":"timeout1","$v":["Melebihi had masa ",{"t":"idOrVar","v":"from"}]},{"$i":"timeout2","$v":"Adakah anda ingin mencuba sekali lagi?"},{"$i":"timeoutProposal","$v":"mengira cadangan"},{"$i":"timeoutFriends","$v":"mendapatkan semula teman"},{"$i":"timeoutLinking","$v":"menghubungkan kenalan"},{"$i":"wait1","$v":"Sila tunggu sebentar"},{"$i":"wait2","$v":"Ini mungkin mengambil masa beberapa minit"},{"$i":"waitProposal","$v":"Sila tunggu. Kami mengira cadangan."},{"$i":"waitFriends","$v":"Sila tunggu. Kami sedang menyambung untuk mendapatkan senarai teman anda."},{"$i":"curtainCancel","$v":"Batal"},{"$i":"curtainRetry","$v":"Cuba lagi"},{"$i":"curtainOK","$v":"OK"},{"$i":"connectionLost","$v":"Tiada sambungan Internet"},{"$i":"connectionLostMsg","$v":"Foto teman tidak akan ditambah ke kenalan anda. Teruskan juga?"},{"$i":"yesOption","$v":"OK"},{"$i":"noOption","$v":"Batal"},{"$i":"friendsUpdated","$v":{"zero":"Tiada teman dikemaskini","one":"Seorang teman dikemanskini","two":[{"t":"idOrVar","v":"numFriends"}," teman dikemaskini"],"few":[{"t":"idOrVar","v":"numFriends"}," teman dikemaskini"],"many":[{"t":"idOrVar","v":"numFriends"}," teman dikemaskini"],"other":[{"t":"idOrVar","v":"numFriends"}," teman dikemaskini"]},"$x":[{"t":"idOrVar","v":"plural"},"numFriends"]},{"$i":"friendsMerged","$v":{"zero":"Tiada rakan pendua digabung","one":"Satu rakan pendua digabung","two":[{"t":"idOrVar","v":"numDups"}," rakan digabung"],"few":[{"t":"idOrVar","v":"numDups"}," rakan digabung"],"many":[{"t":"idOrVar","v":"numDups"}," rakan digabung"],"other":[{"t":"idOrVar","v":"numDups"}," rakan digabung"]},"$x":[{"t":"idOrVar","v":"plural"},"numDups"]},{"$i":"notificationLogin","$v":"Sesi Facebook anda tidak sah. Sila log masuk."},{"$i":"syncError","$v":"Terdapat kesilapan ketika menyelaraskan data teman anda"},{"$i":"waitDuplicateContacts","$v":"Mencari kenalan pendua"},{"$i":"waitMergingDuplicateContacts","$v":"Menggabung kenalan pendua"},{"$i":"alertNoDuplicateContacts","$v":"Tiada kenalan pendua dijumpai"},{"$i":"merge","ariaLabel":"Merge"},{"$i":"mergeDuplicateTitle","$v":"Gabung pendua"},{"$i":"suggestedDuplicateContacts","$v":["Mencadang kenalan pendua untuk ",{"t":"idOrVar","v":"name"}]},{"$i":"mergeActionButtonLabel","$v":{"zero":"Tiada kenalan dipilih","one":["Gabung dengan ",{"t":"idOrVar","v":"n"}," kenalan"],"two":["Cantum dengan ",{"t":"idOrVar","v":"n"}," kenalan"],"few":["Gabung dengan ",{"t":"idOrVar","v":"n"}," kenalan"],"many":["Gabung dengan ",{"t":"idOrVar","v":"n"}," kenalan"],"other":["Gabung dengan ",{"t":"idOrVar","v":"n"}," kenalan"]},"$x":[{"t":"idOrVar","v":"plural"},"n"]},{"$i":"duplicatesFoundTitle","$v":"Pendua ditemui"},{"$i":"duplicatesFoundMessage","$v":[{"t":"idOrVar","v":"name"}," maklumat berganda dalam kenalan berikut"]},{"$i":"ok","$v":"OK"},{"$i":"gaia-menu-cancel","$v":"Batal"},{"$i":"gaia-sim-picker-dial-via-with-number","$v":["Dial ",{"t":"idOrVar","v":"phoneNumber"}," via"]},{"$i":"gaia-sim-picker-select-sim","$v":"Select SIM"},{"$i":"gaia-sim-picker-button","$v":["SIM",{"t":"idOrVar","v":"n"}]},{"$i":"gaia-sim-picker-button-default","$v":"(default)"},{"$i":"call","$v":"Panggil"},{"$i":"edit","$v":"Sunting"},{"$i":"cancel","$v":"Batal"},{"$i":"done","$v":"Selesai"},{"$i":"retry","$v":"Cuba lagi"},{"$i":"contacts","$v":"Kenalan"},{"$i":"addContact","$v":"Tambah Kenalan"},{"$i":"deleteContact","$v":"Hapus kenalan"},{"$i":"selectContact","$v":"Pilih kenalan"},{"$i":"editContact","$v":"Sunting kenalan"},{"$i":"deleteConfirmMsg","$v":"Hapus kenalan?"},{"$i":"remove","$v":"Singkir"},{"$i":"delete","$v":"Hapus"},{"$i":"comments","$v":"Komen"},{"$i":"no_contact_phones","$v":"Kenalan ini tidak mempunyai nombor telefon"},{"$i":"no_contact_email","$v":"Kenalan ini tidak mempunyai alamat emel"},{"$i":"no_contact_data","$v":"Kenalan ini tidak mempunyai nombor telefon dan alamat emel"},{"$i":"removePhotoConfirm","$v":"Buang gambar kenalan?"},{"$i":"loadingContacts","$v":"Memuatkan kenalan…"},{"$i":"noContactsActivity2","$v":"No contacts in your Contacts list"},{"$i":"noName","$v":"Tiada nama"},{"$i":"givenName","placeholder":"Nama"},{"$i":"familyName","placeholder":"Nama akhir"},{"$i":"tel","placeholder":"Phone"},{"$i":"carrier","$v":"Pembawa","placeholder":"Pembawa"},{"$i":"separator","$v":","},{"$i":"email","$v":"Emel","placeholder":"Emel"},{"$i":"streetAddress","placeholder":"Jalan"},{"$i":"postalCode","placeholder":"Poskod"},{"$i":"locality","placeholder":"Bandar"},{"$i":"countryName","placeholder":"Negara"},{"$i":"comment","placeholder":"Komen"},{"$i":"org","placeholder":"Syarikat"},{"$i":"date","$v":"Tarikh","placeholder":"Tarikh"},{"$i":"date-span-placeholder","$v":"Tarikh"},{"$i":"birthday","$v":"Tarikh lahir"},{"$i":"dateFormat","$v":"%B %e"},{"$i":"dateOutput","$v":[{"t":"idOrVar","v":"dayMonthFormatted"}," ",{"t":"idOrVar","v":"year"}]},{"$i":"anniversary","$v":"Ulang tahun"},{"$i":"addPhoto","$v":"Tambah Gambar"},{"$i":"addPhone","$v":"Tambah Telefon"},{"$i":"addEmail","$v":"Tambah Email"},{"$i":"addAddress","$v":"Tambah Alamat"},{"$i":"addDate","$v":"Tambah Tarikh"},{"$i":"addComment","$v":"Tambah Komen"},{"$i":"addFavorite","$v":"Tambah sebagai Kegemaran"},{"$i":"removeFavorite","$v":"Hapus sebagai Kegemaran"},{"$i":"addButton","ariaLabel":"Tambah"},{"$i":"editButton","ariaLabel":"Edit"},{"$i":"settingsButton","ariaLabel":"Tetapan"},{"$i":"phoneDetail","ariaLabel":"Phone"},{"$i":"emailDetail","ariaLabel":"Email"},{"$i":"addressDetail","ariaLabel":"Address"},{"$i":"dateDetail","ariaLabel":"Date"},{"$i":"composeEmail","ariaLabel":"Email"},{"$i":"makeCall","ariaLabel":"Buat panggilan"},{"$i":"phones","ariaLabel":"Phones"},{"$i":"emails","ariaLabel":"Emails"},{"$i":"addresses","ariaLabel":"Addresses"},{"$i":"dates","ariaLabel":"Dates"},{"$i":"notes","ariaLabel":"Notes"},{"$i":"exit","$v":"Keluar"},{"$i":"expand","$v":"Kembang"},{"$i":"labelName","$v":"Nama:"},{"$i":"labelLastName","$v":"Nama akhir:"},{"$i":"labelPhoneNumber","$v":"Nombor telefon:"},{"$i":"labelCarrier","$v":"Pembawa:"},{"$i":"labelEmail","$v":"E-mel:"},{"$i":"labelStreet","$v":"Jalan:"},{"$i":"labelZip","$v":"Poskod:"},{"$i":"labelCity","$v":"Bandar:"},{"$i":"labelCountry","$v":"Negara:"},{"$i":"labelComment","$v":"Komen:"},{"$i":"legendTitleMain","$v":"Maklumat utama"},{"$i":"legendPhones","$v":"Nombor telefon"},{"$i":"legendEmail","$v":"Alamat e-mel"},{"$i":"legendAddress","$v":"Address"},{"$i":"transferContactsTitle","$v":"Pindah Kenalan"},{"$i":"importContactsTitle","$v":"Import Kenalan"},{"$i":"importContactsButton","$v":"Import Kenalan"},{"$i":"exportContactsTitle","$v":"Eksport Kenalan"},{"$i":"exportContactsButton","$v":"Eksport Kenalan"},{"$i":"exportContactsAction","$v":"Eksport"},{"$i":"simExport-title","$v":"Eksport ke SIM"},{"$i":"memoryCardExport-title","$v":"Export to memory card"},{"$i":"btExport-title","$v":"Eksport ke Bluetooth"},{"$i":"memoryCardUMSEnabled","$v":"Cannot use memory card because USB storage is enabled"},{"$i":"exportErrorTitle","$v":"Ralat eksport"},{"$i":"contactsExported2","$v":{"zero":"Tiada kenalan dieksport","one":[{"t":"idOrVar","v":"exported"},"/",{"t":"idOrVar","v":"total"}," kenalan dieksport"],"two":[{"t":"idOrVar","v":"exported"},"/",{"t":"idOrVar","v":"total"}," kenalan dieksport"],"few":[{"t":"idOrVar","v":"exported"},"/",{"t":"idOrVar","v":"total"}," kenalan dieksport"],"many":[{"t":"idOrVar","v":"exported"},"/",{"t":"idOrVar","v":"total"}," kenalan dieksport"],"other":[{"t":"idOrVar","v":"exported"},"/",{"t":"idOrVar","v":"total"}," kenalan dieksport"]},"$x":[{"t":"idOrVar","v":"plural"},"exported"]},{"$i":"exportError-general","$v":"Beberapa ralat berlaku ketika mengeksport"},{"$i":"exportError-SD-shared","$v":"Tidak dapat mengakses kad memori kerana ia dikongsi"},{"$i":"exportError-SD-unavailable","$v":"Kad memori tiada"},{"$i":"exportError-SD-noSpace","$v":"Tiada ruang yang mencukupi pada kad memori untuk mengeksport kenalan"},{"$i":"exportError-SIM-unavailable","$v":"Kad SIM tiada"},{"$i":"exportError-BT-shared","$v":"Tidak dapat mengakses kad memori kerana ia dikongsi"},{"$i":"exportError-BT-unavailable","$v":"Kad memori tiada"},{"$i":"exportError-BT-noSpace","$v":"Tiada ruang yang mencukupi pada kad memori untuk mengeksport kenalan"},{"$i":"social-network","$v":"Rangkaian sosial"},{"$i":"social-link","$v":"Pautkan kenalan"},{"$i":"social-unlink","$v":"Nyahpaut kenalan"},{"$i":"social-unlink-confirm-title","$v":"Apakah anda ingin menghapus perhubungan teman anda?"},{"$i":"social-unlink-confirm-accept","$v":"Tidak perhubungan"},{"$i":"facebook-import","$v":"Import teman Facebook"},{"$i":"show-fb-profile","$v":"Lihat profil Facebook"},{"$i":"msg-send","$v":"Mesej"},{"$i":"wall-post","$v":"Kiriman dinding"},{"$i":"share-contact","$v":"Share Contact"},{"$i":"facebook-export-forbidden","$v":"Kenalan tidak dapat dikongsi disebabkan kekangan Facebook."},{"$i":"otherAccount","$v":"Akaun lain"},{"$i":"facebookSwitchMsg","$v":"Selaraskan teman"},{"$i":"select_mobile","$v":"Pilih mobil"},{"$i":"select_email","$v":"Pilih emel"},{"$i":"select_recipient","$v":"Pilih penerima"},{"$i":"contactsOrderBy","$v":"Urutan mengikut nama akhir"},{"$i":"importSim2","$v":"Kad SIM"},{"$i":"importGmail","$v":"Gmail"},{"$i":"bluetooth","$v":"Bluetooth"},{"$i":"importOutlook","$v":"Outlook"},{"$i":"fbUpdateFriends","$v":"Kemaskini teman yang telah diimport"},{"$i":"cleaningFbData","$v":"Membuang data Facebook"},{"$i":"loggingOutFb","$v":"Log keluar dari Facebook"},{"$i":"cleanFbConfirmMsg","$v":"Buang semua data Facebook?"},{"$i":"renewPwdMsg","$v":"Kata laluan anda di Facebook telah berubah. Sila, kemaskini."},{"$i":"notEnabledYet","$v":"Belum dibolehkan lagi"},{"$i":"genericNoConnection","$v":"Untuk mengimport kenalan sambung ke Wi-Fi atau jaringan data"},{"$i":"simCard","$v":"Kad SIM"},{"$i":"memoryCard","$v":"Kad memori"},{"$i":"simNumberNoMSISDN","$v":["SIM ",{"t":"idOrVar","v":"number"},":"]},{"$i":"simNumberWithMSISDN","$v":["SIM ",{"t":"idOrVar","v":"number"},": ",{"t":"idOrVar","v":"msisdn"}]},{"$i":"ICEContactsGroup","$v":"ICE Contacts"},{"$i":"setICEButton","$v":"Tetapkan Kenalan ICE"},{"$i":"ICESettingTitle","$v":"Kenalan ICE"},{"$i":"ICEDescription","$v":"Tambah dua kenalan untuk dijadikan panggilan “Jika Berlaku Kecemasan”."},{"$i":"ICEContact1","$v":"Kenalan ICE 1"},{"$i":"ICESelectContact","$v":"Pilih kenalan"},{"$i":"ICEContact2","$v":"Kenalan ICE 2"},{"$i":"ICERepeatedContact","$v":"This contact is already an existing ICE contact"},{"$i":"ICEUnknownError","$v":"There was an error setting the contact as ICE"},{"$i":"ICEContactNoNumber","$v":"This contact doesn't have a phone number"},{"$i":"ICEFacebookContactNotAllowed","$v":"Facebook contacts cannot be set as ICE contacts"},{"$i":"ICEContactDelTel","$v":"Deleted phone numbers are removed from ICE Contact"},{"$i":"ICEContactDelTelAll","$v":"All the numbers are deleted. This contact is removed from the ICE Contacts."},{"$i":"no-contacts","$v":"Tiada kenalan"},{"$i":"start-adding","$v":"Mula menambah mereka sekarang"},{"$i":"notImported","$v":"Tidak diimport"},{"$i":"imported","$v":"Diimport"},{"$i":"today","$v":"Hari ini"},{"$i":"yesterday","$v":"Semalam"},{"$i":"organise-contacts","$v":"Uruskan Kenalan"},{"$i":"find-merge-contacts","$v":"Cari kenalan berganda"},{"$i":"preparing-contacts","$v":"Menyediakan kenalan"},{"$i":"exportError-SIM-NoFreeRecordFound","$v":"Kad SIM penuh"},{"$i":"exportError-SIM-CannotAccessPhoneBook","$v":"Tidak dapat mencapai buku telefon kad SIM"},{"$i":"exportError-SIM-Unavailable","$v":"Tiada SIM dikesan"},{"$i":"exportError-SIM-GenericError","$v":"Ralat berlaku ketika mengeksport kenalan"},{"$i":"noSimMsgExport","$v":"Untuk mengeksport kenalan masukkan atau buka kunci kad SIM anda"},{"$i":"noMemoryCardMsgExport","$v":"Untuk mengeksport kenalan masukkan kad memori"},{"$i":"ContactManagementTitle","$v":"Pengurusan Kenalan"},{"$i":"DeleteTitle","$v":"Hapus"},{"$i":"bulkDeleteButton","$v":"Hapus Kenalan"},{"$i":"BulkDelCancel","$v":"Pemadaman kenalan dibatalkan"},{"$i":"DeletedTxt","$v":{"zero":"Tiada Kenalan untuk Dihapus","one":"1 Kenalan disingkirkan","two":[{"t":"idOrVar","v":"n"}," Kenalan disingkirkan"],"few":[{"t":"idOrVar","v":"n"}," Kenalan disingkirkan"],"many":[{"t":"idOrVar","v":"n"}," Kenalan disingkirkan"],"other":[{"t":"idOrVar","v":"n"}," Kenalan disingkirkan"]},"$x":[{"t":"idOrVar","v":"plural"},"n"]},{"$i":"DeletingContacts","$v":"Menghapuskan kenalan"},{"$i":"ContactConfirmDel","$v":{"zero":"Tiada Kenalan untuk Dihapus","one":"Hapus 1 Kenalan? Ini tidak boleh dibuat asal.","two":["Hapus ",{"t":"idOrVar","v":"n"}," Kenalan? Ini tidak boleh dibuat asal."],"few":["Hapus ",{"t":"idOrVar","v":"n"}," Kenalan? Ini tidak boleh dibuat asal."],"many":["Hapus ",{"t":"idOrVar","v":"n"}," Kenalan? Ini tidak boleh dibuat asal."],"other":["Hapus ",{"t":"idOrVar","v":"n"}," Kenalan? Ini tidak boleh dibuat asal."]},"$x":[{"t":"idOrVar","v":"plural"},"n"]},{"$i":"SelectedTxt","$v":{"zero":"Kenalan","one":[{"t":"idOrVar","v":"n"}," dipilih"],"two":[{"t":"idOrVar","v":"n"}," dipilih"],"few":[{"t":"idOrVar","v":"n"}," dipilih"],"many":[{"t":"idOrVar","v":"n"}," dipilih"],"other":[{"t":"idOrVar","v":"n"}," dipilih"]},"$x":[{"t":"idOrVar","v":"plural"},"n"]},{"$i":"video","$v":"Video"},{"$i":"audio","$v":"Audio"},{"$i":"pick_destination","$v":[{"t":"idOrVar","v":"destination"}," ",{"t":"idOrVar","v":"carrier"}]},{"$i":"removeField","ariaLabel":"Singkir"},{"$i":"undo","ariaLabel":"Buat asal"},{"$i":"send-sms-button","ariaLabel":"SMS"},{"$i":"ice_contacts","$v":"Kenalan ICE"},{"$i":"edit-picture","$v":"Edit Gambar"},{"$i":"remove-photo","$v":"Singkir foto"},{"$i":"change-photo","$v":"Tukar foto"},{"$i":"photo-options","$v":"Pilihan Foto"},{"$i":"vCardContacts-imported","$v":{"zero":"No contacts imported","one":"Imported one contact","two":["Imported ",{"t":"idOrVar","v":"n"}," contacts"],"few":["Imported ",{"t":"idOrVar","v":"n"}," contacts"],"many":["Imported ",{"t":"idOrVar","v":"n"}," contacts"],"other":["Imported ",{"t":"idOrVar","v":"n"}," contacts"]},"$x":[{"t":"idOrVar","v":"plural"},"n"]},{"$i":"voiceMail","$v":"Mel suara"},{"$i":"back","$v":"Undur"},{"$i":"noSimMsg","$v":"Untuk import kenalan selitkan atau buka kunci kad SIM anda"},{"$i":"noMemoryCardMsg","$v":"Untuk import kenalan selitkan kad memori"},{"$i":"importMemoryCard","$v":"Kad Memori"},{"$i":"noConnection11","$v":"Untuk mengimport rakan Facebook atau kenalan sambungkan ke Wi0Fi atau rangkaian data"},{"$i":"emptyAccount","$v":"No friends or contacts found in this account."},{"$i":"simContacts-import","$v":"Import kenalan SIM"},{"$i":"simContacts-importing","$v":"Mengimport kenalan SIM…"},{"$i":"simContacts-reading","$v":"Membaca daripada kad SIM…"},{"$i":"simContacts-error","$v":"Tidak dapat mengimport kenalan daripada SIM"},{"$i":"simContacts-imported3","$v":{"zero":"Tiada kenalan dikesan pada SIM untuk diimport","one":"Satu kenalan diimport","two":[{"t":"idOrVar","v":"n"}," kenalan diimport"],"few":[{"t":"idOrVar","v":"n"}," kenalan diimport"],"many":[{"t":"idOrVar","v":"n"}," kenalan diimport"],"other":[{"t":"idOrVar","v":"n"}," kenalan diimport"]},"$x":[{"t":"idOrVar","v":"plural"},"n"]},{"$i":"memoryCardContacts-import","$v":"Import kenalan daripada kad memori"},{"$i":"memoryCardContacts-importing","$v":"Mengimport kenalan daripada kad memori…"},{"$i":"memoryCardContacts-reading","$v":"Membaca daripada kad memori…"},{"$i":"memoryCardContacts-error","$v":"Tidak dapat mengimport kenalan daripada kad memori"},{"$i":"memoryCardContacts-imported3","$v":{"zero":"Tiada kenalan dikesan pada kad memori untuk diimport","one":"Satu kenalan diimport","two":[{"t":"idOrVar","v":"n"}," kenalan diimport"],"few":[{"t":"idOrVar","v":"n"}," kenalan diimport"],"many":[{"t":"idOrVar","v":"n"}," kenalan diimport"],"other":[{"t":"idOrVar","v":"n"}," kenalan diimport"]},"$x":[{"t":"idOrVar","v":"plural"},"n"]},{"$i":"genericProgress","$v":[{"t":"idOrVar","v":"current"},"/",{"t":"idOrVar","v":"total"}]},{"$i":"facebook-import-msg2","$v":[{"t":"idOrVar","v":"imported"},"/",{"t":"idOrVar","v":"total"}," friends imported"]},{"$i":"contactsMerged","$v":{"zero":"Tiada kenalan pendua digabung","one":"Satu kenalan pendua digabung","two":[{"t":"idOrVar","v":"numDups"}," kenalan digabung"],"few":[{"t":"idOrVar","v":"numDups"}," kenalan digabung"],"many":[{"t":"idOrVar","v":"numDups"}," kenalan digabung"],"other":[{"t":"idOrVar","v":"numDups"}," kenalan digabung"]},"$x":[{"t":"idOrVar","v":"plural"},"numDups"]},{"$i":"weekday-0-long","$v":"Ahad"},{"$i":"weekday-1-long","$v":"Isnin"},{"$i":"weekday-2-long","$v":"Selasa"},{"$i":"weekday-3-long","$v":"Rabu"},{"$i":"weekday-4-long","$v":"Khamis"},{"$i":"weekday-5-long","$v":"Jumaat"},{"$i":"weekday-6-long","$v":"Sabtu"},{"$i":"weekday-0-short","$v":"Ahad"},{"$i":"weekday-1-short","$v":"Isnin"},{"$i":"weekday-2-short","$v":"Selasa"},{"$i":"weekday-3-short","$v":"Rabu"},{"$i":"weekday-4-short","$v":"Khamis"},{"$i":"weekday-5-short","$v":"Jumaat"},{"$i":"weekday-6-short","$v":"Sabtu"},{"$i":"month-0-long","$v":"Januari"},{"$i":"month-1-long","$v":"Februari"},{"$i":"month-2-long","$v":"Mac"},{"$i":"month-3-long","$v":"April"},{"$i":"month-4-long","$v":"Mei"},{"$i":"month-5-long","$v":"Jun"},{"$i":"month-6-long","$v":"Julai"},{"$i":"month-7-long","$v":"Ogos"},{"$i":"month-8-long","$v":"September"},{"$i":"month-9-long","$v":"Oktober"},{"$i":"month-10-long","$v":"November"},{"$i":"month-11-long","$v":"Disember"},{"$i":"month-0-genitive","$v":"Januari"},{"$i":"month-1-genitive","$v":"Februari"},{"$i":"month-2-genitive","$v":"Mac"},{"$i":"month-3-genitive","$v":"April"},{"$i":"month-4-genitive","$v":"Mei"},{"$i":"month-5-genitive","$v":"Jun"},{"$i":"month-6-genitive","$v":"Julai"},{"$i":"month-7-genitive","$v":"Ogos"},{"$i":"month-8-genitive","$v":"September"},{"$i":"month-9-genitive","$v":"Oktober"},{"$i":"month-10-genitive","$v":"November"},{"$i":"month-11-genitive","$v":"Disember"},{"$i":"month-0-short","$v":"Jan"},{"$i":"month-1-short","$v":"Feb"},{"$i":"month-2-short","$v":"Mac"},{"$i":"month-3-short","$v":"Apr"},{"$i":"month-4-short","$v":"Mei"},{"$i":"month-5-short","$v":"Jun"},{"$i":"month-6-short","$v":"Jul"},{"$i":"month-7-short","$v":"Ogos"},{"$i":"month-8-short","$v":"Sep"},{"$i":"month-9-short","$v":"Okt"},{"$i":"month-10-short","$v":"Nov"},{"$i":"month-11-short","$v":"Dis"},{"$i":"minutes-ago-long","$v":{"zero":"sebentar tadi","one":"satu minit lalu","two":[{"t":"idOrVar","v":"value"}," minit lalu"],"few":[{"t":"idOrVar","v":"value"}," minit lalu"],"many":[{"t":"idOrVar","v":"value"}," minit lalu"],"other":[{"t":"idOrVar","v":"value"}," minit lalu"]},"$x":[{"t":"idOrVar","v":"plural"},"value"]},{"$i":"hours-ago-long","$v":{"zero":"sebentar tadi","one":"sejam yang lalu","two":[{"t":"idOrVar","v":"value"}," jam lalu"],"few":[{"t":"idOrVar","v":"value"}," jam lalu"],"many":[{"t":"idOrVar","v":"value"}," jam lalu"],"other":[{"t":"idOrVar","v":"value"}," jam lalu"]},"$x":[{"t":"idOrVar","v":"plural"},"value"]},{"$i":"days-ago-long","$v":{"zero":"hari ini","one":"semalam","two":[{"t":"idOrVar","v":"value"}," hari lalu"],"few":[{"t":"idOrVar","v":"value"}," hari lalu"],"many":[{"t":"idOrVar","v":"value"}," hari lalu"],"other":[{"t":"idOrVar","v":"value"}," hari lalu"]},"$x":[{"t":"idOrVar","v":"plural"},"value"]},{"$i":"weeks-ago-long","$v":{"zero":"minggu ini","one":"minggu lalu","two":[{"t":"idOrVar","v":"value"}," minggu lalu"],"few":[{"t":"idOrVar","v":"value"}," minggu lalu"],"many":[{"t":"idOrVar","v":"value"}," minggu lalu"],"other":[{"t":"idOrVar","v":"value"}," minggu lalu"]},"$x":[{"t":"idOrVar","v":"plural"},"value"]},{"$i":"months-ago-long","$v":{"zero":"bulan ini","one":"bulan lalu","two":[{"t":"idOrVar","v":"value"}," bulan lalu"],"few":[{"t":"idOrVar","v":"value"}," bulan lalu"],"many":[{"t":"idOrVar","v":"value"}," minit lalu"],"other":[{"t":"idOrVar","v":"value"}," minit lalu"]},"$x":[{"t":"idOrVar","v":"plural"},"value"]},{"$i":"years-ago-long","$v":{"zero":"tahun ini","one":"tahun lalu","two":[{"t":"idOrVar","v":"value"}," tahun lalu"],"few":[{"t":"idOrVar","v":"value"}," tahun lalu"],"many":[{"t":"idOrVar","v":"value"}," tahun lalu"],"other":[{"t":"idOrVar","v":"value"}," tahun lalu"]},"$x":[{"t":"idOrVar","v":"plural"},"value"]},{"$i":"minutes-until-long","$v":{"zero":"sekarang","one":"dalam satu minit","two":["dalam ",{"t":"idOrVar","v":"value"}," minit"],"few":["dalam ",{"t":"idOrVar","v":"value"}," minit"],"many":["dalam ",{"t":"idOrVar","v":"value"}," minit"],"other":["dalam ",{"t":"idOrVar","v":"value"}," minit"]},"$x":[{"t":"idOrVar","v":"plural"},"value"]},{"$i":"hours-until-long","$v":{"zero":"sekarang","one":"dalam satu jam","two":["dalam ",{"t":"idOrVar","v":"value"}," jam"],"few":["dalam ",{"t":"idOrVar","v":"value"}," jam"],"many":["dalam ",{"t":"idOrVar","v":"value"}," jam"],"other":["dalam ",{"t":"idOrVar","v":"value"}," jam"]},"$x":[{"t":"idOrVar","v":"plural"},"value"]},{"$i":"days-until-long","$v":{"zero":"hari ini","one":"esok","two":["dalam ",{"t":"idOrVar","v":"value"}," hari"],"few":["dalam ",{"t":"idOrVar","v":"value"}," hari"],"many":["dalam ",{"t":"idOrVar","v":"value"}," hari"],"other":["dalam ",{"t":"idOrVar","v":"value"}," hari"]},"$x":[{"t":"idOrVar","v":"plural"},"value"]},{"$i":"weeks-until-long","$v":{"zero":"minggu ini","one":"minggu depan","two":["dalam ",{"t":"idOrVar","v":"value"}," minggu"],"few":["dalam ",{"t":"idOrVar","v":"value"}," minggu"],"many":["dalam ",{"t":"idOrVar","v":"value"}," minggu"],"other":["dalam ",{"t":"idOrVar","v":"value"}," minggu"]},"$x":[{"t":"idOrVar","v":"plural"},"value"]},{"$i":"months-until-long","$v":{"zero":"bulan ini","one":"bulan depan","two":["dalam ",{"t":"idOrVar","v":"value"}," bulan"],"few":["dalam ",{"t":"idOrVar","v":"value"}," bulan"],"many":["dalam ",{"t":"idOrVar","v":"value"}," bulan"],"other":["dalam ",{"t":"idOrVar","v":"value"}," bulan"]},"$x":[{"t":"idOrVar","v":"plural"},"value"]},{"$i":"years-until-long","$v":{"zero":"tahun ini","one":"tahun depan","two":["dalam ",{"t":"idOrVar","v":"value"}," tahun"],"few":["dalam ",{"t":"idOrVar","v":"value"}," tahun"],"many":["dalam ",{"t":"idOrVar","v":"value"}," tahun"],"other":["dalam ",{"t":"idOrVar","v":"value"}," tahun"]},"$x":[{"t":"idOrVar","v":"plural"},"value"]},{"$i":"minutes-ago-short","$v":{"zero":"sebentar tadi","other":[{"t":"idOrVar","v":"value"}," minit lalu"]},"$x":[{"t":"idOrVar","v":"plural"},"value"]},{"$i":"hours-ago-short","$v":{"zero":"sebentar tadi","other":[{"t":"idOrVar","v":"value"}," jam lalu"]},"$x":[{"t":"idOrVar","v":"plural"},"value"]},{"$i":"days-ago-short","$v":{"zero":"hari ini","other":[{"t":"idOrVar","v":"value"}," hari lalu"]},"$x":[{"t":"idOrVar","v":"plural"},"value"]},{"$i":"minutes-until-short","$v":{"zero":"sekarang","other":["dalam ",{"t":"idOrVar","v":"value"}," minit"]},"$x":[{"t":"idOrVar","v":"plural"},"value"]},{"$i":"hours-until-short","$v":{"zero":"sekarang","other":["dalam ",{"t":"idOrVar","v":"value"}," jam"]},"$x":[{"t":"idOrVar","v":"plural"},"value"]},{"$i":"days-until-short","$v":{"zero":"hari ini","other":["dalam ",{"t":"idOrVar","v":"value"}," hari"]},"$x":[{"t":"idOrVar","v":"plural"},"value"]},{"$i":"incorrectDate","$v":"(tarikh tidak betul)"},{"$i":"dateTimeFormat_%c","$v":"%a %b %e %Y %I:%M:%S %p"},{"$i":"dateTimeFormat_%x","$v":"%m/%d/%Y"},{"$i":"dateTimeFormat_%X","$v":"%I:%M:%S %p"},{"$i":"shortTimeFormat","$v":"%I:%M %p"},{"$i":"shortTimeFormat12","$v":"%I:%M %p"},{"$i":"shortTimeFormat24","$v":"%H:%M"},{"$i":"shortDateTimeFormat","$v":"%x %I:%M %p"},{"$i":"weekStartsOnMonday","$v":"0"},{"$i":"firstDayOfTheWeek","$v":"0"},{"$i":"time_am","$v":"PG"},{"$i":"time_pm","$v":"PTG"},{"$i":"label","$v":"Label"},{"$i":"mobile","$v":"Mudah Alih"},{"$i":"home","$v":"Laman Utama"},{"$i":"work","$v":"Kerja"},{"$i":"personal","$v":"Peribadi"},{"$i":"faxHome","$v":"Faks rumah"},{"$i":"faxOffice","$v":"Faks pejabat"},{"$i":"faxOther","$v":"Faks lain"},{"$i":"another","$v":"Lain lagi"},{"$i":"other","$v":"Lain-lain"},{"$i":"customTag","placeholder":"Tag suaian"},{"$i":"current","$v":"Semasa"},{"$i":"itemWithLabel","$v":[{"t":"idOrVar","v":"label"},", ",{"t":"idOrVar","v":"item"}]},{"$i":"addNewNumber","$v":"Tambah nombor baru"},{"$i":"contactDetails","$v":"Perincian Kenalan"},{"$i":"addToExistingContact","$v":"Tambah kepada kenalan sedia ada"},{"$i":"all","$v":"Semua","ariaLabel":"Semua"},{"$i":"bluetoothOption","ariaLabel":"Bluetooth"},{"$i":"callLog","$v":"Log panggilan"},{"$i":"callLogEdit","title":"Sunting log panggilan"},{"$i":"callLogEditDialog","ariaLabel":"Sunting dialog log panggilan"},{"$i":"connecting","$v":"Menyambungkan"},{"$i":"connectingEllipsis","$v":"Connecting…"},{"$i":"call-forwarding-async","$v":["Asynchronous: ",{"t":"idOrVar","v":"async"}]},{"$i":"call-forwarding-data","$v":["Data: ",{"t":"idOrVar","v":"data"}]},{"$i":"call-forwarding-error","$v":"An error occurred while retrieving call forwarding status"},{"$i":"call-forwarding-fax","$v":["FAX: ",{"t":"idOrVar","v":"fax"}]},{"$i":"call-forwarding-inactive","$v":"Inactive"},{"$i":"call-forwarding-packet","$v":["Packet: ",{"t":"idOrVar","v":"packet"}]},{"$i":"call-forwarding-pad","$v":["PAD: ",{"t":"idOrVar","v":"pad"}]},{"$i":"call-forwarding-sms","$v":["SMS: ",{"t":"idOrVar","v":"sms"}]},{"$i":"call-forwarding-status","$v":"Call forwarding status"},{"$i":"call-forwarding-sync","$v":["Synchronous: ",{"t":"idOrVar","v":"sync"}]},{"$i":"call-forwarding-voice","$v":["Voice: ",{"t":"idOrVar","v":"voice"}]},{"$i":"confirm-deletion","$v":"Lapangkan panggilan yang dipilih?"},{"$i":"createNewContact","$v":"Cipta kenalan baru"},{"$i":"dialerAddContact","ariaLabel":"Tambah kenalan"},{"$i":"dialerAddContactDialog","ariaLabel":"Add Contact Dialog"},{"$i":"callInformation","$v":"Maklumat Panggilan"},{"$i":"edit-selected","$v":{"one":[{"t":"idOrVar","v":"n"}," dipilih"],"two":[{"t":"idOrVar","v":"n"}," dipilih"],"few":[{"t":"idOrVar","v":"n"}," dipilih"],"many":[{"t":"idOrVar","v":"n"}," dipilih"],"other":[{"t":"idOrVar","v":"n"}," dipilih"]},"$x":[{"t":"idOrVar","v":"plural"},"n"]},{"$i":"hideKeypad","ariaLabel":"Sorok papan kekunci"},{"$i":"ignore","$v":"Abaikan Panggilan"},{"$i":"incoming","$v":"Masuk"},{"$i":"keypad","ariaLabel":"Papan kekunci"},{"$i":"info-missed","$v":"Tidak Dijawab"},{"$i":"missed","$v":"Tidak Terjawab","ariaLabel":"Tidak Terjawab"},{"$i":"canceled","$v":"Dibatal"},{"$i":"missedCall","$v":"Terlepas panggilan"},{"$i":"missedCallMultiSims","$v":["(SIM ",{"t":"idOrVar","v":"n"},") Panggilan terlepas"]},{"$i":"mmi-error","$v":"Ralat berlaku semasa menghantar mesej"},{"$i":"mmi-session-expired","$v":"Sesi tamat"},{"$i":"mmi-successfully-sent","$v":"Mesej berjaya dihantar"},{"$i":"mmi-notification-title-with-sim","$v":["(",{"t":"idOrVar","v":"sim"},") ",{"t":"idOrVar","v":"title"}]},{"$i":"mute","ariaLabel":"Senyap"},{"$i":"newCall","ariaLabel":"Panggilan baru"},{"$i":"no-logs-msg-1","$v":"Tiada panggilan yang direkodkan"},{"$i":"no-logs-msg-2","$v":"Mula berkomunikasi sekarang"},{"$i":"no-logs-msg-3","$v":"Tiada panggilan tidak dijawab"},{"$i":"onHoldOption","ariaLabel":"On hold"},{"$i":"outgoing","$v":"Keluar"},{"$i":"recents","ariaLabel":"Panggilan terbaru"},{"$i":"reply","$v":"Balas"},{"$i":"send","$v":"Hantar"},{"$i":"switch-calls","$v":"Tukar panggilan"},{"$i":"withheld-number","$v":"Nombor rahsia"},{"$i":"from-contact","$v":["Dari ",{"t":"idOrVar","v":"contact"}]},{"$i":"from-number","$v":["Dari ",{"t":"idOrVar","v":"number"}]},{"$i":"from-withheld-number","$v":"Dari nombor rahsia"},{"$i":"sending","$v":"Menghantar…"},{"$i":"speakerOption","ariaLabel":"Pembesar suara"},{"$i":"ussd-services","$v":[{"t":"idOrVar","v":"operator"}," perkhidmatan"]},{"$i":"toggleKeypad","ariaLabel":"Togol pad kekunci"},{"$i":"type-your-response","placeholder":"Taipkan respon anda…"},{"$i":"clear-all-text","$v":"Padam semua teks"},{"$i":"hide","$v":"Sorok"},{"$i":"hold","ariaLabel":"Tunggu"},{"$i":"resume","$v":"Sambung","ariaLabel":"Sambung"},{"$i":"sendSms","$v":"Hantar Mesej"},{"$i":"callEnded","$v":"Panggilan Ditamatkan"},{"$i":"via-sim","$v":["via SIM",{"t":"idOrVar","v":"n"}]},{"$i":"sim-number","$v":["SIM",{"t":"idOrVar","v":"n"}]},{"$i":"unknown","$v":"Tidak Diketahui"},{"$i":"hangup-a11y-button","ariaLabel":"Letak Gagang"},{"$i":"pickup-a11y-button","ariaLabel":"Angkat"},{"$i":"unlock-a11y-button","ariaLabel":"Gelangsar"},{"$i":"settings","$v":"Tetapan"},{"$i":"delete-n-log?","$v":{"zero":"Tiada yang dipilih","one":"Hapus log yang dipilih?","two":["Hapus ",{"t":"idOrVar","v":"n"}," log?"],"few":["Hapus ",{"t":"idOrVar","v":"n"}," log?"],"many":["Hapus ",{"t":"idOrVar","v":"n"}," log?"],"other":["Hapus ",{"t":"idOrVar","v":"n"}," log?"]},"$x":[{"t":"idOrVar","v":"plural"},"n"]},{"$i":"callDurationMinutes","$v":[{"t":"idOrVar","v":"m"},":",{"t":"idOrVar","v":"s"}]},{"$i":"callDurationHours","$v":[{"t":"idOrVar","v":"h"},":",{"t":"idOrVar","v":"m"},":",{"t":"idOrVar","v":"s"}]},{"$i":"callDurationTextFormatSeconds","$v":[{"t":"idOrVar","v":"s"}," s"]},{"$i":"callDurationTextFormatMinutes","$v":[{"t":"idOrVar","v":"m"}," m ",{"t":"idOrVar","v":"s"}," s"]},{"$i":"callDurationTextFormatHours","$v":[{"t":"idOrVar","v":"h"}," h ",{"t":"idOrVar","v":"m"}," m ",{"t":"idOrVar","v":"s"}," s"]},{"$i":"suggestionMatches","$v":{"one":[{"t":"idOrVar","v":"n"}," padanan untuk \"",{"t":"idOrVar","v":"matchNumber"},"\""],"two":[{"t":"idOrVar","v":"n"}," padanan untuk \"",{"t":"idOrVar","v":"matchNumber"},"\""],"few":[{"t":"idOrVar","v":"n"}," padanan untuk \"",{"t":"idOrVar","v":"matchNumber"},"\""],"many":[{"t":"idOrVar","v":"n"}," padanan untuk \"",{"t":"idOrVar","v":"matchNumber"},"\""],"other":[{"t":"idOrVar","v":"n"}," padanan untuk \"",{"t":"idOrVar","v":"matchNumber"},"\""]},"$x":[{"t":"idOrVar","v":"plural"},"n"]},{"$i":"scCallBarring","$v":"Menyekat panggilan"},{"$i":"scCallForwarding","$v":"Mengajukan panggilan"},{"$i":"scClip","$v":"ID Pemanggil Masuk"},{"$i":"scClir","$v":"ID Pemanggil Keluar"},{"$i":"scPwd","$v":"Tukar kata laluan"},{"$i":"scCallWaiting","$v":"Panggilan menunggu"},{"$i":"scPin","$v":"Tukar PIN"},{"$i":"scPin2","$v":"Tukar PIN2"},{"$i":"scPuk","$v":"Nyahsekat PIN"},{"$i":"scPuk2","$v":"Nyahsekat PIN2"},{"$i":"scImei","$v":"IMEI"},{"$i":"scUssd","$v":"USSD"},{"$i":"serviceClassVoice","$v":"Suara"},{"$i":"serviceClassData","$v":"Data"},{"$i":"serviceClassFax","$v":"FAKS"},{"$i":"serviceClassSms","$v":"SMS"},{"$i":"serviceClassDataSync","$v":"Sync"},{"$i":"serviceClassDataAsync","$v":"Async"},{"$i":"serviceClassPacket","$v":"Paket"},{"$i":"serviceClassPad","$v":"PAD"},{"$i":"smServiceEnabled","$v":"Servis telah dibolehkan"},{"$i":"smServiceDisabled","$v":"Servis telah dilumpuhkan"},{"$i":"smServiceRegistered","$v":"Pendaftaran telah berjaya"},{"$i":"smServiceErased","$v":"Pemadaman telah berjaya"},{"$i":"smServiceInterrogated","$v":"Permintaan telah berjaya"},{"$i":"smServiceNotProvisioned","$v":"Servis tidak diperuntukkan"},{"$i":"smClirPermanent","$v":"Anda tidak boleh menukar tetapan ID pemanggil"},{"$i":"smClirDefaultOnNextCallOn","$v":"ID pemanggil secara lalainya dihadkan. Panggilan seterusnya: Terhad"},{"$i":"smClirDefaultOnNextCallOff","$v":"ID pemanggil secara lalainya dihadkan. Panggilan seterusnya: Tidak terhad"},{"$i":"smClirDefaultOffNextCallOn","$v":"ID pemanggil secara lalainya tidak terhad. Panggilan seterusnya: Terhad"},{"$i":"smClirDefaultOffNextCallOff","$v":"ID pemanggil secara lalainya tidak terhad. Panggilan seterusnya: Tidak terhad"},{"$i":"smServiceEnabledFor","$v":"Servis telah dihidupkan untuk:"},{"$i":"smPinChanged","$v":"PIN berjaya diubah"},{"$i":"smPinUnblocked","$v":"PIN berjaya dinyahsekat"},{"$i":"smPin2Changed","$v":"PIN2 berjaya diubah"},{"$i":"smPin2Unblocked","$v":"PIN2 berjaya dinyahsekat"},{"$i":"ServiceIsEnabled","$v":"Servis dibolehkan"},{"$i":"ServiceIsDisabled","$v":"Servis dilumpuhkan"},{"$i":"ServiceIsEnabledFor","$v":"Servis telah dibolehkan untuk:"},{"$i":"emMmiError","$v":"Masalah sambungan atau kod MMI tidak sah"},{"$i":"emMmiErrorPasswordIncorrect","$v":"Katalaluan Salah"},{"$i":"emMmiErrorNotSupported","$v":"Kod MMI Tidak Sah atau Tidak Disokong"},{"$i":"emMmiErrorInvalidAction","$v":"Tindakan yang tidak sah"},{"$i":"emMmiErrorInvalidScCode","$v":"Kod servis tidak sah"},{"$i":"emMmiErrorBadPuk","$v":"PUK yang anda taip tidak betul"},{"$i":"emMmiErrorBadPin","$v":"PIN lama yang anda taip tidak betul."},{"$i":"emMmiErrorNeedPuk2","$v":"Taip PUK2 untuk nyahsekat kad SIM"},{"$i":"emMmiErrorMismatchPin","$v":"PIN yang ada taip tidak sepadan"},{"$i":"emMmiErrorInvalidPin","$v":"Taip PIN yang terdiri dari 4 ke 8 angka"},{"$i":"emMmiErrorNeedsPuk","$v":"Kad SIM anda dikunci dengan PUK"},{"$i":"emMmiErrorEnablePin","$v":"Tidak berjaya. Hidupkan SIM/RUIM LOCK"},{"$i":"emMmiErrorMmiFdn","$v":"Operasi dihadkan kepada nombor dailan tetap sahaja"},{"$i":"emMmiErrorStkCcUssdDial","$v":"Permintaan USSD telah diubahsuai kepada permintaan DIAL"},{"$i":"emMmiErrorStkCcUssdSs","$v":"Permintaan USSD telah diubahsuai kepada permintaan SS"},{"$i":"emMmiErrorStkCcUssdUssd","$v":"Permintaan USSD telah diubahsuai kepada permintaan USSD baru"},{"$i":"emMmiErrorStkCcSsDial","$v":"Permintaan SS telah diubahsuai kepada permintaan DIAL"},{"$i":"emMmiErrorStkCcSsUssd","$v":"Permintaan SS telah diubahsuai kepada permintaan USSD"},{"$i":"emMmiErrorStkCcSsSs","$v":"Permintaan SS telah diubahsuai kepada permintaan SS baru"},{"$i":"emMmiErrorPinPukAttempts","$v":{"one":["Hanya ",{"t":"idOrVar","v":"n"}," cubaan berbaki"],"two":[{"t":"idOrVar","v":"n"}," cubaan berbaki"],"few":[{"t":"idOrVar","v":"n"}," cubaan berbaki"],"many":[{"t":"idOrVar","v":"n"}," cubaan berbaki"],"other":[{"t":"idOrVar","v":"n"}," cubaan berbaki"]},"$x":[{"t":"idOrVar","v":"plural"},"n"]},{"$i":"emMmiErrorSimBlocked","$v":"Bilangan maksimum cubaan semula telah terlebih. SIM disekat"},{"$i":"RadioNotAvailable","$v":"Radio tidak tersedia"},{"$i":"GenericFailure","$v":"Kegagalan generik"},{"$i":"PasswordIncorrect","$v":"Katalaluan salah"},{"$i":"SimPin2","$v":"SIM PIN2"},{"$i":"SimPuk2","$v":"SIM PUK2"},{"$i":"RequestNotSupported","$v":"Permintaan tidak disokong"},{"$i":"OpNotAllowedDuringVoiceCall","$v":"Operasi tidak dibenarkan semasa panggilan suara"},{"$i":"SmsSendFailRetry","$v":"Cubaan semula menghantar SMS yang gagal"},{"$i":"SimAbsent","$v":"Tiada SIM"},{"$i":"SubscriptionNotAvailable","$v":"Langganan tidak tersedia"},{"$i":"ModeNotSupported","$v":"Mod tidak disokong"},{"$i":"FdnCheckFailure","$v":"Pemeriksaan Fdn gagal"},{"$i":"IllegalSimOrMe","$v":"SIM atau ME yang tidak sah"},{"$i":"DialModifiedToUssd","$v":"Dial diubahsuai kepada USSD"},{"$i":"DialModifiedToSs","$v":"Dial diubahsuai kepada SS"},{"$i":"DialModifiedToDial","$v":"Dial diubahsuai kepada dial"},{"$i":"UssdModifiedToDial","$v":"USSD diubahsuai kepada dial"},{"$i":"UssdModifiedToSs","$v":"USSD diubahsuai kepada SS"},{"$i":"UssdModifiedToUssd","$v":"USSD diubahsuai kepada USSD"},{"$i":"SsModifiedToDial","$v":"SS diubahsuai kepada dial"},{"$i":"SsModifiedToUssd","$v":"SS diubahsuai kepada USSD"},{"$i":"SsModifiedToSs","$v":"SS diubahsuai kepada SS"},{"$i":"SubscriptionNotSupported","$v":"Langganan tidak disokong"},{"$i":"InvalidParameter","$v":"Parameter tidak sah"},{"$i":"RejectedByRemote","$v":"Dihalang oleh jauh"},{"$i":"conferenceCall","$v":["Persidangan (",{"t":"idOrVar","v":"n"},")"]},{"$i":"caller-left-call","$v":[{"t":"idOrVar","v":"caller"}," telah meninggalkan panggilan."]},{"$i":"conferenceAddError","$v":"Tidak dapat mencantumkan penggilan"},{"$i":"conferenceRemoveError","$v":"Tidak dapat mencerai panggilan"},{"$i":"longDateFormat","$v":"%A, %B %e"},{"$i":"select-audio-sources","$v":"Pilih sumber audio"},{"$i":"bluetooth-handsfree-device","$v":"Peranti bebas tangan bluetooth"},{"$i":"receiver","$v":"Penerima"},{"$i":"speaker","$v":"Pembesar suara"},{"$i":"voicemailNoNumberTitle","$v":"Nombor mel suara tidak tersedia"},{"$i":"voicemailNoNumberText","$v":"Tidak dapat membuat panggilan ke mel suara. Tetapkan nombor mel suara untuk membuat panggilan."},{"$i":"voicemailNoNumberSettings","$v":"Tetapan"},{"$i":"voicemailNoNumberCancel","$v":"Batal"},{"$i":"phoneNumberInput","ariaLabel":"Nombor telefon"},{"$i":"keypadDelete","ariaLabel":"Hapus"},{"$i":"voiceMailKey","ariaLabel":"Mel suara"},{"$i":"asterisk","ariaLabel":"Asterisk"},{"$i":"hashSign","ariaLabel":"Tanda cincang"},{"$i":"loadingSimContacts","$v":"Loading SIM card contacts…"},{"$i":"noContactsWereFound","$v":"No contacts were found"},{"$i":"noContactsFoundDialogOk","$v":"OK"},{"$i":"emergencyNumber","$v":"Nombor kecemasan"},{"$i":"callAirplaneModeMessage","$v":"Untuk membuat panggilan anda perlu matikan mod pesawat pada tetapan."},{"$i":"callAirplaneModeBtnOk","$v":"OK"},{"$i":"callAirplaneModeTitle","$v":"Mod pesawat diaktifkan"},{"$i":"numberIsBusyTitle","$v":"Nombor sedang sibuk"},{"$i":"numberIsBusyMessage","$v":"Nombor sedang sibuk. Sila cuba lagi kemudian."},{"$i":"fdnIsActiveTitle","$v":"FDN aktif"},{"$i":"fdnIsActiveMessage","$v":["FDN (Nombor Dial Tetap) diaktifkan dan nombor berikut tidak terdapat di dalam senarai FDN anda: ",{"t":"idOrVar","v":"number"}]},{"$i":"emergencyDialogBodyBadNumber","$v":"Untuk membuat panggilan, telefon mesti disambungkan ke rangkaian."},{"$i":"emergencyDialogBodyDeviceNotAccepted","$v":"Panggilan kecemasan tidak dibenarkan oleh rangkaian."},{"$i":"emergencyDialogBtnOk","$v":"OK"},{"$i":"emergencyDialogTitle","$v":"Tiada sambungan rangkaian"},{"$i":"invalidNumberToDialTitle","$v":"Nombor telefon tidak sah"},{"$i":"invalidNumberToDialMessage","$v":"Nombor telefon yang anda dail tidak sah."},{"$i":"unableToCallTitle","$v":"Tidak dapat membuat panggilan telefon sekarang"},{"$i":"unableToCallMessage","$v":"Tidak dapat membuat panggilan. Jika anda sedang mendail, sila letakkan dahulu."},{"$i":"otherConnectionInUseTitle","$v":["SIM",{"t":"idOrVar","v":"n"}]},{"$i":"otherConnectionInUseMessage","$v":"Anda mempunyai panggilan aktif pada sambungan yang lain. Anda hanya boleh menggunakan satu sambungan pada satu masa."}]