[{"$i":"close","$v":"बन्द गर्नुहोस्"},{"$i":"import","$v":"आयात गर्नुहोस्"},{"$i":"update","$v":"अद्यावधिक गर्नुहोस्"},{"$i":"fbFriends","$v":"फेसबुकका साथीहरु"},{"$i":"live-serviceName","$v":"आउटलूक"},{"$i":"gmail-serviceName","$v":"जीमेल"},{"$i":"facebook-serviceName","$v":"फेसबुकका साथीहरु"},{"$i":"selectAll","$v":"सबै चयन गर्नुहोस्"},{"$i":"deselectAll","$v":"सबै चयनबाट हटाउनुहोस्"},{"$i":"viewAll","$v":"सबै फेसबुक साथीहरु देखाउनुहोस्"},{"$i":"viewRecommend","$v":"सिफारिश भएकाहरु मात्र हेर्नुहोस्"},{"$i":"linkProposal","$v":{"zero":"नाम मिल्ने साथी भेटिएन। सबै हेर्नुहोस्।","one":"सिफारिस गरिएकोलाई रोज्नुहोस्।","two":"सिफारिस गरिएकोमा एक चयन गर्नुहोस्","few":"सिफारिस गरिएकोमा एक रोज्नुहोस्।","many":"सिफारिस गरिएकोमा एक रोज्नुहोस्।","other":"सिफारिस गरिएकोमा एक रोज्नुहोस्।"},"$x":[{"t":"idOrVar","v":"plural"},"numFriends"]},{"$i":"fbFriendsFound","$v":{"zero":"सबै साथीहरु आयात गरियो","one":"अायात गर्नका लगि एकजना साथी भेटियो","two":["अायात गर्नका लगि ",{"t":"idOrVar","v":"numFriends"},"जना साथीहरु भेटिए"],"few":["अायात गर्नका लगि ",{"t":"idOrVar","v":"numFriends"},"जना साथीहरु भेटिए"],"many":["अायात गर्नका लगि ",{"t":"idOrVar","v":"numFriends"},"जना साथीहरु भेटिए"],"other":["अायात गर्नका लगि ",{"t":"idOrVar","v":"numFriends"},"जना साथीहरु भेटिए"]},"$x":[{"t":"idOrVar","v":"plural"},"numFriends"]},{"$i":"fbNoFriends","$v":"आयात गर्न कुनै सम्पर्क उपलब्ध छैन"},{"$i":"facebook","$v":"फेसबुक"},{"$i":"search-contact","placeholder":"खोजी"},{"$i":"noResults","$v":"कुनै पनि सम्पर्क फेला परेन"},{"$i":"done-search","$v":"गरियो"},{"$i":"progressFB3ImportTitle","$v":"साथीहरु सम्पर्कमा आयात हुँदैछ"},{"$i":"progressFB","$v":[{"t":"idOrVar","v":"current"},"/",{"t":"idOrVar","v":"total"}]},{"$i":"progressFB3UpdateTitle","$v":"साथीहरु सम्पर्कमा अद्यावधिक हुँदैछ"},{"$i":"message2","$v":"यो हुन केहि मिनेट लाग्न सक्छ"},{"$i":"messageLinking","$v":"कृपया पर्खिनुहोस्। तपाईको साथी र सम्पर्क को जडान गर्दैछौँ।"},{"$i":"messageCanceling","$v":" कृपया पर्खनुहोस्। हामी कार्यवाहक प्रक्रिया रोक्दै छौ।"},{"$i":"error1","$v":[{"t":"idOrVar","v":"from"}," त्रुटि"]},{"$i":"error2","$v":"के तपाई पुन: प्रयास गर्न चाहनुहुन्छ?"},{"$i":"errorProposal","$v":"प्रस्तावहरुको गणना गर्दै"},{"$i":"errorFriends","$v":"साथीहरु पुन: प्राप्त गर्दै"},{"$i":"errorLinking","$v":"सम्पर्कहरु जडान गर्दै"},{"$i":"timeout1","$v":[{"t":"idOrVar","v":"from"}," बाट समय पार भयो"]},{"$i":"timeout2","$v":"के तपाईँ पुन: प्रयास गर्न चाहनुहुन्छ ?"},{"$i":"timeoutProposal","$v":"प्रस्तावहरुको गणना गर्दै"},{"$i":"timeoutFriends","$v":"साथीहरु पुन: प्राप्त गर्दै"},{"$i":"timeoutLinking","$v":"सम्पर्कहरु जडान गर्दै"},{"$i":"wait1","$v":"कृपया पर्खिनुहोस्"},{"$i":"wait2","$v":"यो कार्य हुन केहि मिनेट लाग्न सक्दछ"},{"$i":"waitProposal","$v":"कृपया पर्खिनुहोस्।हामि एउटा प्रस्तावको गणना गर्दैछौँ।"},{"$i":"waitFriends","$v":"कृपया पर्खनुहोस्। तपाईंको मित्र सुची प्राप्त गर्दैछौँ।"},{"$i":"curtainCancel","$v":"रद्द गर्नुहोस्"},{"$i":"curtainRetry","$v":"पुन:प्रयास गर्नुहोस्"},{"$i":"curtainOK","$v":"ठिक छ"},{"$i":"connectionLost","$v":"इन्टरनेट जडान छैन"},{"$i":"connectionLostMsg","$v":"तपाईको सम्पर्कहरुमा साथीहारुका तास्बिरहरु थपिनछैन। जे भए पनि जारी गर्नुहुन्छ?"},{"$i":"yesOption","$v":"ठिक छ"},{"$i":"noOption","$v":"रद्द गर्नुहोस्"},{"$i":"friendsUpdated","$v":{"zero":"कुनै साथी अपडेट गरिएन","one":"एउटा साथी अपडेट गरियो","two":[{"t":"idOrVar","v":"numFriends"}," साथीहरु अपडेट गरियो।"],"few":[{"t":"idOrVar","v":"numFriends"}," साथीहरु अपडेट गरियो।"],"many":[{"t":"idOrVar","v":"numFriends"}," साथीहरु अपडेट गरियो।"],"other":[{"t":"idOrVar","v":"numFriends"}," साथीहरु अपडेट गरियो।"]},"$x":[{"t":"idOrVar","v":"plural"},"numFriends"]},{"$i":"friendsMerged","$v":{"zero":"कुनै दोब्बर मित्रहरु मर्ज छैन","one":"एक दोब्बर मित्र मर्ज","two":[{"t":"idOrVar","v":"numDups"}," मित्रहरुलाई मर्ज"],"few":[{"t":"idOrVar","v":"numDups"}," मित्रहरुलाई मर्ज"]},"$x":[{"t":"idOrVar","v":"plural"},"numDups"]},{"$i":"notificationLogin","$v":"तपाईंको फेसबूक सेसन अमान्य छ। कृपया साइन इन गर्नुहोस्।"},{"$i":"syncError","$v":"तपाईको साथीको डाटा समक्रमण गर्दा त्रुटि भएको थियो"},{"$i":"waitDuplicateContacts","$v":"उस्तै सम्पर्क विवरण हेर्दै"},{"$i":"waitMergingDuplicateContacts","$v":"उस्तै सम्पर्क विवरण गाभदै।"},{"$i":"alertNoDuplicateContacts","$v":"कुनै नक्कली सम्पर्क फेला परेन"},{"$i":"merge","ariaLabel":"गाभ्नुहोस्"},{"$i":"mergeDuplicateTitle","$v":"नक्कल प्रतिहरू गाभ्नुहोस्"},{"$i":"suggestedDuplicateContacts","$v":[{"t":"idOrVar","v":"name"}," लाई सुझाव दिईएको नक्कल सम्पर्कहरु"]},{"$i":"mergeActionButtonLabel","$v":{"zero":"कुनै सम्पर्क चयन गरिएको छैन","one":[{"t":"idOrVar","v":"n"}," सम्पर्कसँग गाभ्नु होस्"],"two":[{"t":"idOrVar","v":"n"}," सम्पर्कहरु संग गाभनुहोस्"],"few":[{"t":"idOrVar","v":"n"}," सम्पर्कहरु संग गाभनुहोस्"],"many":[{"t":"idOrVar","v":"n"}," सम्पर्कहरु संग गाभनुहोस्"],"other":[{"t":"idOrVar","v":"n"}," सम्पर्कहरु संग गाभनुहोस्"]},"$x":[{"t":"idOrVar","v":"plural"},"n"]},{"$i":"duplicatesFoundTitle","$v":"नक्कल भेटियो"},{"$i":"duplicatesFoundMessage","$v":[{"t":"idOrVar","v":"name"}," निम्न सम्पर्कहरुमा रहेको नक्कल सूचना"]},{"$i":"ok","$v":"ठीक छ"},{"$i":"gaia-menu-cancel","$v":"रद्द गर्नुहोस्"},{"$i":"gaia-sim-picker-dial-via-with-number","$v":["Dial ",{"t":"idOrVar","v":"phoneNumber"}," via"]},{"$i":"gaia-sim-picker-select-sim","$v":"Select SIM"},{"$i":"gaia-sim-picker-button","$v":["SIM",{"t":"idOrVar","v":"n"}]},{"$i":"gaia-sim-picker-button-default","$v":"(default)"},{"$i":"call","$v":"कल "},{"$i":"edit","$v":"सम्पादन गर्नुहोस्"},{"$i":"cancel","$v":"रद्द गर्नुहोस्"},{"$i":"done","$v":"भयो"},{"$i":"retry","$v":"पुन:प्रयास गर्नुहोस्"},{"$i":"contacts","$v":"ठीक छ"},{"$i":"addContact","$v":"सम्पर्क थप्नुहोस्"},{"$i":"deleteContact","$v":"सम्पर्क मेट्नुहोस्"},{"$i":"selectContact","$v":"सम्पर्क चयन गर्नुहोस्"},{"$i":"editContact","$v":"सम्पर्क सम्पादन गर्नुहोस्"},{"$i":"deleteConfirmMsg","$v":"सम्पर्क मेट्नुहुन्छ?"},{"$i":"remove","$v":"हटाउनुहोस्"},{"$i":"delete","$v":"मेट्नुहोस्"},{"$i":"comments","$v":"टिप्पणीहरू"},{"$i":"no_contact_phones","$v":"सम्पर्कको लागि फोन नम्बर छैन।"},{"$i":"no_contact_email","$v":"सम्पर्कको लागि ईमेल ठेगाना छैन।"},{"$i":"no_contact_data","$v":"यो सम्पर्क फोन नम्बर र इमेल ठेगाना छैन।"},{"$i":"removePhotoConfirm","$v":"सम्पर्क तस्विर हटाउनुहुन्छ?"},{"$i":"loadingContacts","$v":"सम्पर्कहरु लोड हुँदैछ..."},{"$i":"noContactsActivity2","$v":"No contacts in your Contacts list"},{"$i":"noName","$v":"नाम छैन"},{"$i":"givenName","placeholder":"नाम"},{"$i":"familyName","placeholder":"अन्तिम नाम"},{"$i":"tel","placeholder":"फोन"},{"$i":"carrier","$v":"वाहक","placeholder":"वाहक"},{"$i":"separator","$v":","},{"$i":"email","$v":"इमेल","placeholder":"इमेल"},{"$i":"streetAddress","placeholder":"गल्ली"},{"$i":"postalCode","placeholder":"हुलाकी सङ्केत"},{"$i":"locality","placeholder":"शहर"},{"$i":"countryName","placeholder":"देश"},{"$i":"comment","placeholder":"टिप्पणी"},{"$i":"org","placeholder":"कम्पनी"},{"$i":"date","$v":"मिति","placeholder":"मिति"},{"$i":"date-span-placeholder","$v":"मिति"},{"$i":"birthday","$v":"जन्मदिन"},{"$i":"dateFormat","$v":"%B %e"},{"$i":"dateOutput","$v":[{"t":"idOrVar","v":"dayMonthFormatted"}," ",{"t":"idOrVar","v":"year"}]},{"$i":"anniversary","$v":"वार्षिकोत्सव"},{"$i":"addPhoto","$v":"तस्विर थप्नुहोस्"},{"$i":"addPhone","$v":"फोन थप्नुहोस्"},{"$i":"addEmail","$v":"इमेल थप्नुहोस्"},{"$i":"addAddress","$v":"ठेगाना थप्नुहोस्"},{"$i":"addDate","$v":"मिति थप्नुहोस्"},{"$i":"addComment","$v":"टिप्पणी थप्नुहोस्"},{"$i":"addFavorite","$v":"मनपर्नेहरूमा थप्नुहोस्"},{"$i":"removeFavorite","$v":"मनपर्नेहरूबाट हटाउनुहोस्"},{"$i":"addButton","ariaLabel":"थप्नुहोस्"},{"$i":"editButton","ariaLabel":"सम्पादन गर्नुहोस्"},{"$i":"settingsButton","ariaLabel":"सेटिङहरू"},{"$i":"phoneDetail","ariaLabel":"फोन"},{"$i":"emailDetail","ariaLabel":"इमेल"},{"$i":"addressDetail","ariaLabel":"ठेगाना"},{"$i":"dateDetail","ariaLabel":"मिति"},{"$i":"composeEmail","ariaLabel":"इमेल"},{"$i":"makeCall","ariaLabel":"कल "},{"$i":"phones","ariaLabel":"फोनहरु"},{"$i":"emails","ariaLabel":"इमेलहरु"},{"$i":"addresses","ariaLabel":"ठेगानाहरु"},{"$i":"dates","ariaLabel":"मितिहरु"},{"$i":"notes","ariaLabel":"टिप्पणीहरू"},{"$i":"exit","$v":"निस्कनुहोस्"},{"$i":"expand","$v":"विस्तार गर्नुहोस्"},{"$i":"labelName","$v":"नाम:"},{"$i":"labelLastName","$v":"अन्तिम नाम:"},{"$i":"labelPhoneNumber","$v":"फोन नम्बर:"},{"$i":"labelCarrier","$v":"वाहक:"},{"$i":"labelEmail","$v":"इमेल:"},{"$i":"labelStreet","$v":"गल्ली:"},{"$i":"labelZip","$v":"जिप कोड"},{"$i":"labelCity","$v":"शहर"},{"$i":"labelCountry","$v":"देश:"},{"$i":"labelComment","$v":"टिप्पणी:"},{"$i":"legendTitleMain","$v":"मुख्य सूचना"},{"$i":"legendPhones","$v":"फोन नम्बर"},{"$i":"legendEmail","$v":"इमेल ठेगाना"},{"$i":"legendAddress","$v":"ठेगाना"},{"$i":"transferContactsTitle","$v":"स्थानान्तर विवरण"},{"$i":"importContactsTitle","$v":"सम्पर्कहरु आयात गर्नुहोस्"},{"$i":"importContactsButton","$v":"सम्पर्कहरु आयात गर्नुहोस्"},{"$i":"exportContactsTitle","$v":"सम्पर्कहरु निर्यात गर्नुहोस्"},{"$i":"exportContactsButton","$v":"सम्पर्कहरु निर्यात गर्नुहोस्"},{"$i":"exportContactsAction","$v":"निर्यात गर्नुहोस्"},{"$i":"simExport-title","$v":"SIM मा निर्यात गर्नुहोस्"},{"$i":"memoryCardExport-title","$v":"मेमोरी कार्डमा निर्यात गर्नुहोस्"},{"$i":"btExport-title","$v":"ब्लुटुथमा निर्यात गर्नुहोस्"},{"$i":"memoryCardUMSEnabled","$v":" USB भण्डारण सक्षम गरिएकाले मेमोरी कार्डको प्रयोग हुन सक्दैन"},{"$i":"exportErrorTitle","$v":"निर्यात त्रुटि"},{"$i":"contactsExported2","$v":{"zero":"कुनै सम्पर्क निर्यात भएको छैन","one":[{"t":"idOrVar","v":"exported"},"/",{"t":"idOrVar","v":"total"}," सम्पर्कहरु आयात गरियो"],"two":[{"t":"idOrVar","v":"exported"},"/",{"t":"idOrVar","v":"total"}," सम्पर्कहरु आयात गरियो"],"few":[{"t":"idOrVar","v":"exported"},"/",{"t":"idOrVar","v":"total"}," सम्पर्कहरु आयात गरियो"],"many":[{"t":"idOrVar","v":"exported"},"/",{"t":"idOrVar","v":"total"}," सम्पर्कहरु आयात गरियो"],"other":[{"t":"idOrVar","v":"exported"},"/",{"t":"idOrVar","v":"total"}," सम्पर्कहरु आयात गरियो"]},"$x":[{"t":"idOrVar","v":"plural"},"exported"]},{"$i":"exportError-general","$v":"कुनै त्रुटि निर्यात गर्दा भएको छ"},{"$i":"exportError-SD-shared","$v":"मेमोरी कार्ड पहुँच हुन सकेन किनभने यो साझेदारी भइरहेको छ"},{"$i":"exportError-SD-unavailable","$v":"मेमोरी कार्ड छैन।"},{"$i":"exportError-SD-noSpace","$v":"मेमोरी कार्डमा खाली स्थान नरहेकोले सम्पर्क विवरण निर्यात गर्न सकिएन।"},{"$i":"exportError-SIM-unavailable","$v":"SIM कार्ड छैन।"},{"$i":"exportError-BT-shared","$v":"मेमोरी कार्ड पहुँच हुन सकेन किनभने यो साझेदारी भइरहेको छ"},{"$i":"exportError-BT-unavailable","$v":"मेमोरी कार्ड प्रयोगका लागि प्राप्तहुन सकेन।"},{"$i":"exportError-BT-noSpace","$v":"मेमोरी कार्डमा खाली स्थान नरहेकोले सम्पर्क विवरण निर्यात गर्न सकिएन।"},{"$i":"social-network","$v":"सामाजिक सञ्जालहरु"},{"$i":"social-link","$v":"जोड्ने सम्पर्क"},{"$i":"social-unlink","$v":"सम्पर्क अनलिङ्क गर्नुहोस्"},{"$i":"social-unlink-confirm-title","$v":"के तपाईं आफ्नो साथीलाई अनलिङ्क गर्न चहानुहुन्छ?"},{"$i":"social-unlink-confirm-accept","$v":"अनलिङ्क"},{"$i":"facebook-import","$v":"फेसबुक साथीहरू आयात गर्नुहोस्"},{"$i":"show-fb-profile","$v":"फेसबुक प्रोफाइल देखाउनुहोस्"},{"$i":"msg-send","$v":"सन्देश"},{"$i":"wall-post","$v":"भिती लेखन"},{"$i":"share-contact","$v":"Share Contact"},{"$i":"facebook-export-forbidden","$v":"फेसबुकको अभाबको कारण सम्पर्कहरु साझेदारी गर्न सकिदैन ।"},{"$i":"otherAccount","$v":"अन्य खाताहरु"},{"$i":"facebookSwitchMsg","$v":"साथीहरु समक्रमण गर्नुहोस्"},{"$i":"select_mobile","$v":"मोबाइल चयन गर्नुहोस"},{"$i":"select_email","$v":"इमेल चयन गर्नुहोस"},{"$i":"select_recipient","$v":"प्रापक चयन गर्नुहोस्"},{"$i":"contactsOrderBy","$v":"अन्तिम नामद्वारा क्रमबद्ध गर्नुहोस्"},{"$i":"importSim2","$v":"सिम कार्ड"},{"$i":"importGmail","$v":"जिमेल"},{"$i":"bluetooth","$v":"ब्लुटुथ"},{"$i":"importOutlook","$v":"आउटलूक"},{"$i":"fbUpdateFriends","$v":"आयातित: साथीहरु अपडेट गर्नुहोस्"},{"$i":"cleaningFbData","$v":"फेसबुक डाटा हटाइँदैछ"},{"$i":"loggingOutFb","$v":"फेसबुकबाट बहिर निस्कँदै"},{"$i":"cleanFbConfirmMsg","$v":"सबै फेसबुक डाटा हटाउने?"},{"$i":"renewPwdMsg","$v":"तपाईँको फेसबुकको पासवर्ड परिवर्तन भएको छ।कृपया अद्यावधिक गर्नुहोस्।"},{"$i":"notEnabledYet","$v":"अझै सक्रिय नपारिएको"},{"$i":"genericNoConnection","$v":"सम्पर्क विवरण आयात गर्न वाई-फाई वा डाटा सञ्जालमा रहनुहोस्।"},{"$i":"simCard","$v":"सिम कार्ड"},{"$i":"memoryCard","$v":"मेमोरी कार्ड"},{"$i":"simNumberNoMSISDN","$v":["SIM ",{"t":"idOrVar","v":"number"},":"]},{"$i":"simNumberWithMSISDN","$v":["SIM ",{"t":"idOrVar","v":"number"},": ",{"t":"idOrVar","v":"msisdn"}]},{"$i":"ICEContactsGroup","$v":"ICE सम्पर्कहरु"},{"$i":"setICEButton","$v":"सेट ICE संपर्क"},{"$i":"ICESettingTitle","$v":"ICE सम्पर्क"},{"$i":"ICEDescription","$v":"\"आकस्मिक को केस मा\" बनाउन को लागि दुई सम्पर्कहरू थप्नुहोस् भनिएको छ।"},{"$i":"ICEContact1","$v":"ICE सम्पर्क 1"},{"$i":"ICESelectContact","$v":"सम्पर्क चयन गर्नुहोस्"},{"$i":"ICEContact2","$v":"ICE सम्पर्क 2"},{"$i":"ICERepeatedContact","$v":"यो सम्पर्क पहिले नै एक ICE सम्पर्क हो"},{"$i":"ICEUnknownError","$v":"There was an error setting the contact as ICE"},{"$i":"ICEContactNoNumber","$v":" यो सम्पर्कको कुनै फोन नम्बर छैन"},{"$i":"ICEFacebookContactNotAllowed","$v":"Facebook contacts cannot be set as ICE contacts"},{"$i":"ICEContactDelTel","$v":"Deleted phone numbers are removed from ICE Contact"},{"$i":"ICEContactDelTelAll","$v":"All the numbers are deleted. This contact is removed from the ICE Contacts."},{"$i":"no-contacts","$v":"सम्पर्कहरू छैनन्"},{"$i":"start-adding","$v":"तीनिहरूलाई थप्न अहिल्यै सुरु गर्नुहोस्"},{"$i":"notImported","$v":"आयातित गारिएको छैन"},{"$i":"imported","$v":"आयातित"},{"$i":"today","$v":"आज"},{"$i":"yesterday","$v":"हिजो"},{"$i":"organise-contacts","$v":"सम्पर्क विवरण मिलाउनुहोस्।"},{"$i":"find-merge-contacts","$v":"उस्तै सम्पर्क विवरण खोज्नुहोस्।"},{"$i":"preparing-contacts","$v":"सम्पर्क विवरण बनाउने तयारी गर्दै।"},{"$i":"exportError-SIM-NoFreeRecordFound","$v":"सिम कार्ड पूर्णरुपले भरिएको छ"},{"$i":"exportError-SIM-CannotAccessPhoneBook","$v":"SIM कार्डको फोनवुकमा प्रवेश निषेध"},{"$i":"exportError-SIM-Unavailable","$v":"सिम पत्ता लागेन"},{"$i":"exportError-SIM-GenericError","$v":"संपर्क निकसी गर्दा त्रुटि देखा परेकोछ "},{"$i":"noSimMsgExport","$v":"सम्पर्कहरु आयात गर्न सिमकार्ड घुसाउनुहोस् वा अन्लक् गर्नुहोस्"},{"$i":"noMemoryCardMsgExport","$v":"सम्पर्कहरु आयात गर्न एस् डी कार्ड घुसाउनुहोस्"},{"$i":"ContactManagementTitle","$v":"संपर्क व्यवस्थापन"},{"$i":"DeleteTitle","$v":"मेट्नुहोस्"},{"$i":"bulkDeleteButton","$v":"सम्पर्क मेट्नुहोस्"},{"$i":"BulkDelCancel","$v":"सम्पर्कहरु मेटाउने काम रद्द गर्नुहोस्"},{"$i":"DeletedTxt","$v":{"zero":"मेटाउन लाई कुनै सम्पर्क छैन","one":"एकवटा सम्पर्क हटाइयो","two":[{"t":"idOrVar","v":"n"}," सम्पर्कहरु हटाइए"],"few":[{"t":"idOrVar","v":"n"}," सम्पर्कहरु हटाइए"],"many":[{"t":"idOrVar","v":"n"}," सम्पर्कहरु हटाइए"],"other":[{"t":"idOrVar","v":"n"}," सम्पर्कहरु हटाइयो"]},"$x":[{"t":"idOrVar","v":"plural"},"n"]},{"$i":"DeletingContacts","$v":"सम्पर्क मेटिँदै"},{"$i":"ContactConfirmDel","$v":{"zero":"No Contact to Delete","one":"Delete 1 Contact? This cannot be undone.","two":["Delete ",{"t":"idOrVar","v":"n"}," Contacts? This cannot be undone."],"few":["Delete ",{"t":"idOrVar","v":"n"}," Contacts? This cannot be undone."],"many":["Delete ",{"t":"idOrVar","v":"n"}," Contacts? This cannot be undone."],"other":["Delete ",{"t":"idOrVar","v":"n"}," Contacts? This cannot be undone."]},"$x":[{"t":"idOrVar","v":"plural"},"n"]},{"$i":"SelectedTxt","$v":{"zero":"सम्पर्कहरू","one":[{"t":"idOrVar","v":"n"}," छानियो"],"two":[{"t":"idOrVar","v":"n"}," छानियो"],"few":[{"t":"idOrVar","v":"n"}," छानियो"],"many":[{"t":"idOrVar","v":"n"}," छानियो"],"other":[{"t":"idOrVar","v":"n"}," छानियो"]},"$x":[{"t":"idOrVar","v":"plural"},"n"]},{"$i":"video","$v":"भिडियो"},{"$i":"audio","$v":"ध्वनि"},{"$i":"pick_destination","$v":[{"t":"idOrVar","v":"गन्तब्य"}," ",{"t":"idOrVar","v":"बाहक"}]},{"$i":"removeField","ariaLabel":"हटाउनुहोस्"},{"$i":"undo","ariaLabel":"पूर्वस्थितिमा फर्काउनुहोस्"},{"$i":"send-sms-button","ariaLabel":"SMS"},{"$i":"ice_contacts","$v":"ICE सम्पर्कहरु"},{"$i":"edit-picture","$v":"तस्विर सम्पादन"},{"$i":"remove-photo","$v":"तस्बिर हटाउनुहोस्"},{"$i":"change-photo","$v":"तस्बिर परिवर्तन गर्नुहोस्"},{"$i":"photo-options","$v":"तस्बिर विकल्पहरु"},{"$i":"vCardContacts-imported","$v":{"zero":"No contacts imported","one":"Imported one contact","two":["Imported ",{"t":"idOrVar","v":"n"}," contacts"],"few":["Imported ",{"t":"idOrVar","v":"n"}," contacts"],"many":["Imported ",{"t":"idOrVar","v":"n"}," contacts"],"other":["Imported ",{"t":"idOrVar","v":"n"}," contacts"]},"$x":[{"t":"idOrVar","v":"plural"},"n"]},{"$i":"voiceMail","$v":"वाच्य इमेल"},{"$i":"back","$v":"Back"},{"$i":"noSimMsg","$v":"To import contacts insert or unlock your SIM card"},{"$i":"noMemoryCardMsg","$v":"To import contacts insert a memory card"},{"$i":"importMemoryCard","$v":"Memory card"},{"$i":"noConnection11","$v":"To import Facebook friends or contacts connect to Wi-Fi or data network"},{"$i":"emptyAccount","$v":"No friends or contacts found in this account."},{"$i":"simContacts-import","$v":"Import SIM contacts"},{"$i":"simContacts-importing","$v":"Importing SIM contacts…"},{"$i":"simContacts-reading","$v":"SIM कार्डबाट पढ्दै ..."},{"$i":"simContacts-error","$v":"Could not import contacts from SIM"},{"$i":"simContacts-imported3","$v":{"zero":"No contacts detected on SIM to import","one":"Imported one contact","two":["Imported ",{"t":"idOrVar","v":"n"}," contacts"],"few":["Imported ",{"t":"idOrVar","v":"n"}," contacts"],"many":["Imported ",{"t":"idOrVar","v":"n"}," contacts"],"other":["Imported ",{"t":"idOrVar","v":"n"}," contacts"]},"$x":[{"t":"idOrVar","v":"plural"},"n"]},{"$i":"memoryCardContacts-import","$v":"Import contacts from memory card"},{"$i":"memoryCardContacts-importing","$v":"Importing contacts from memory card…"},{"$i":"memoryCardContacts-reading","$v":"Reading from memory card…"},{"$i":"memoryCardContacts-error","$v":"Could not import contacts from memory card"},{"$i":"memoryCardContacts-imported3","$v":{"zero":"No contacts detected on memory card to import","one":"Imported one contact","two":["Imported ",{"t":"idOrVar","v":"n"}," contacts"],"few":["Imported ",{"t":"idOrVar","v":"n"}," contacts"],"many":["Imported ",{"t":"idOrVar","v":"n"}," contacts"],"other":["Imported ",{"t":"idOrVar","v":"n"}," contacts"]},"$x":[{"t":"idOrVar","v":"plural"},"n"]},{"$i":"genericProgress","$v":[{"t":"idOrVar","v":"current"},"/",{"t":"idOrVar","v":"total"}]},{"$i":"facebook-import-msg2","$v":[{"t":"idOrVar","v":"imported"},"/",{"t":"idOrVar","v":"total"}," friends imported"]},{"$i":"contactsMerged","$v":{"zero":"No duplicated contacts merged","one":"One duplicated contact merged","two":[{"t":"idOrVar","v":"numDups"}," contacts merged"],"few":[{"t":"idOrVar","v":"numDups"}," contacts merged"],"many":[{"t":"idOrVar","v":"numDups"}," contacts merged"],"other":[{"t":"idOrVar","v":"numDups"}," contacts merged"]},"$x":[{"t":"idOrVar","v":"plural"},"numDups"]},{"$i":"weekday-0-long","$v":"आइतबार"},{"$i":"weekday-1-long","$v":"सोमबार"},{"$i":"weekday-2-long","$v":"मंगलबार"},{"$i":"weekday-3-long","$v":"बुधबार"},{"$i":"weekday-4-long","$v":"बिहिबार"},{"$i":"weekday-5-long","$v":"शुक्रबार"},{"$i":"weekday-6-long","$v":"शनिबार"},{"$i":"weekday-0-short","$v":"आइत"},{"$i":"weekday-1-short","$v":"सोम"},{"$i":"weekday-2-short","$v":"मङ्गल"},{"$i":"weekday-3-short","$v":"बुध"},{"$i":"weekday-4-short","$v":"बिहि"},{"$i":"weekday-5-short","$v":"शुक्र"},{"$i":"weekday-6-short","$v":"शनि"},{"$i":"month-0-long","$v":"जनवरी"},{"$i":"month-1-long","$v":"फेब्रुअरी"},{"$i":"month-2-long","$v":"ंमार्च"},{"$i":"month-3-long","$v":"अप्रिल"},{"$i":"month-4-long","$v":"मे"},{"$i":"month-5-long","$v":"जुन"},{"$i":"month-6-long","$v":"जुलाई"},{"$i":"month-7-long","$v":"अगस्ट"},{"$i":"month-8-long","$v":"सेप्टेम्बर"},{"$i":"month-9-long","$v":"अक्टोबर"},{"$i":"month-10-long","$v":"नोभेम्बर"},{"$i":"month-11-long","$v":"डिसेम्बर"},{"$i":"month-0-genitive","$v":"जनवरी"},{"$i":"month-1-genitive","$v":"फेब्रुअरी"},{"$i":"month-2-genitive","$v":"ंमार्च"},{"$i":"month-3-genitive","$v":"अप्रिल"},{"$i":"month-4-genitive","$v":"मे"},{"$i":"month-5-genitive","$v":"जुन"},{"$i":"month-6-genitive","$v":"जुलाई"},{"$i":"month-7-genitive","$v":"अगस्ट"},{"$i":"month-8-genitive","$v":"सेप्टेम्बर"},{"$i":"month-9-genitive","$v":"अक्टोबर"},{"$i":"month-10-genitive","$v":"नोभेम्बर"},{"$i":"month-11-genitive","$v":"डिसेम्बर"},{"$i":"month-0-short","$v":"जन"},{"$i":"month-1-short","$v":"फेब"},{"$i":"month-2-short","$v":"मार्च"},{"$i":"month-3-short","$v":"अप्रिल"},{"$i":"month-4-short","$v":"मे"},{"$i":"month-5-short","$v":"जुन"},{"$i":"month-6-short","$v":"जुलाई"},{"$i":"month-7-short","$v":"अगस्ट"},{"$i":"month-8-short","$v":"सेप्टेम्वर"},{"$i":"month-9-short","$v":"अक्टुवर"},{"$i":"month-10-short","$v":"नोभेम्वर"},{"$i":"month-11-short","$v":"डिसेम्वर"},{"$i":"minutes-ago-long","$v":{"zero":"भर्खरै","one":"एक मिनेट अगाडि","two":[{"t":"idOrVar","v":"value"}," मिनेट अगाडि"],"few":[{"t":"idOrVar","v":"value"}," मिनेट अगाडि"],"many":[{"t":"idOrVar","v":"value"}," मिनेट अगाडि"],"other":[{"t":"idOrVar","v":"value"}," मिनेट अगाडि"]},"$x":[{"t":"idOrVar","v":"plural"},"value"]},{"$i":"hours-ago-long","$v":{"zero":"भर्खरै","one":"एक घन्टा अगाडि","two":[{"t":"idOrVar","v":"value"}," घण्टा अगाडि"],"few":[{"t":"idOrVar","v":"value"}," घण्टा अगाडि"],"many":[{"t":"idOrVar","v":"value"}," घण्टा अगाडि"],"other":[{"t":"idOrVar","v":"value"}," घण्टा अगाडि"]},"$x":[{"t":"idOrVar","v":"plural"},"value"]},{"$i":"days-ago-long","$v":{"zero":"आज","one":"हिजो","two":[{"t":"idOrVar","v":"value"}," दिन अगाडि"],"few":[{"t":"idOrVar","v":"value"}," दिन अगाडि"],"many":[{"t":"idOrVar","v":"value"}," दिन अगाडि"],"other":[{"t":"idOrVar","v":"value"}," दिन अगाडि"]},"$x":[{"t":"idOrVar","v":"plural"},"value"]},{"$i":"weeks-ago-long","$v":{"zero":"यो हप्ता","one":"गएको हप्ता","two":[{"t":"idOrVar","v":"value"}," हप्ता अगाडि"],"few":[{"t":"idOrVar","v":"value"}," हप्ता अगाडि"],"many":[{"t":"idOrVar","v":"value"}," हप्ता अगाडि"],"other":[{"t":"idOrVar","v":"value"}," हप्ता अगाडि"]},"$x":[{"t":"idOrVar","v":"plural"},"value"]},{"$i":"months-ago-long","$v":{"zero":"यो महिना","one":"गएको महिना","two":[{"t":"idOrVar","v":"value"}," महिना अगाडि"],"few":[{"t":"idOrVar","v":"value"}," महिना अगाडि"],"many":[{"t":"idOrVar","v":"value"}," महिना अगाडि"],"other":[{"t":"idOrVar","v":"value"}," महिना अगाडि"]},"$x":[{"t":"idOrVar","v":"plural"},"value"]},{"$i":"years-ago-long","$v":{"zero":"यो वर्ष","one":"अघिल्लो वर्ष","two":[{"t":"idOrVar","v":"value"}," वर्ष अगाडि"],"few":[{"t":"idOrVar","v":"value"}," वर्ष अगाडि"],"many":[{"t":"idOrVar","v":"value"}," वर्ष अगाडि"],"other":[{"t":"idOrVar","v":"value"}," वर्ष अगाडि"]},"$x":[{"t":"idOrVar","v":"plural"},"value"]},{"$i":"minutes-until-long","$v":{"zero":"अहिले","one":"एक मिनेटमा","two":[{"t":"idOrVar","v":"value"}," मिनेटमा"],"few":[{"t":"idOrVar","v":"value"}," मिनेटमा"],"many":[{"t":"idOrVar","v":"value"}," मिनेटमा"],"other":[{"t":"idOrVar","v":"value"}," मिनेटमा"]},"$x":[{"t":"idOrVar","v":"plural"},"value"]},{"$i":"hours-until-long","$v":{"zero":"अहिले","one":"एक घण्टामा","two":[{"t":"idOrVar","v":"value"}," घण्टामा"],"few":[{"t":"idOrVar","v":"value"}," घण्टामा"],"many":[{"t":"idOrVar","v":"value"}," घण्टामा"],"other":[{"t":"idOrVar","v":"value"}," घण्टामा"]},"$x":[{"t":"idOrVar","v":"plural"},"value"]},{"$i":"days-until-long","$v":{"zero":"आज","one":"भोलि","two":[{"t":"idOrVar","v":"value"}," दिनमा"],"few":[{"t":"idOrVar","v":"value"}," दिनमा"],"many":[{"t":"idOrVar","v":"value"}," दिनमा"],"other":[{"t":"idOrVar","v":"value"}," दिनमा"]},"$x":[{"t":"idOrVar","v":"plural"},"value"]},{"$i":"weeks-until-long","$v":{"zero":"यो हप्ता","one":"पछिल्लो हप्ता","two":[{"t":"idOrVar","v":"value"}," हप्तामा"],"few":[{"t":"idOrVar","v":"value"}," हप्तामा"],"many":[{"t":"idOrVar","v":"value"}," हप्तामा"],"other":[{"t":"idOrVar","v":"value"}," हप्तामा"]},"$x":[{"t":"idOrVar","v":"plural"},"value"]},{"$i":"months-until-long","$v":{"zero":"यस महिना","one":"पछिल्लो महिना","two":[{"t":"idOrVar","v":"value"}," महिनामा"],"few":[{"t":"idOrVar","v":"value"}," महिनामा"],"many":[{"t":"idOrVar","v":"value"}," महिनामा"],"other":[{"t":"idOrVar","v":"value"}," महिनामा"]},"$x":[{"t":"idOrVar","v":"plural"},"value"]},{"$i":"years-until-long","$v":{"zero":"यस बर्ष","one":"आर्को बर्ष","two":[{"t":"idOrVar","v":"value"}," बर्षमा"],"few":[{"t":"idOrVar","v":"value"}," बर्षमा"],"many":[{"t":"idOrVar","v":"value"}," वर्षमा"],"other":[{"t":"idOrVar","v":"value"}," वर्षमा"]},"$x":[{"t":"idOrVar","v":"plural"},"value"]},{"$i":"minutes-ago-short","$v":{"zero":"भर्खरै","other":[{"t":"idOrVar","v":"value"},"मिनेट अघि"]},"$x":[{"t":"idOrVar","v":"plural"},"value"]},{"$i":"hours-ago-short","$v":{"zero":"भर्खरै","other":[{"t":"idOrVar","v":"value"},"घण्टा अघि"]},"$x":[{"t":"idOrVar","v":"plural"},"value"]},{"$i":"days-ago-short","$v":{"zero":"आज","other":[{"t":"idOrVar","v":"value"},"दिन अघि"]},"$x":[{"t":"idOrVar","v":"plural"},"value"]},{"$i":"minutes-until-short","$v":{"zero":"अहिले","other":[{"t":"idOrVar","v":"value"},"मिनेटमा"]},"$x":[{"t":"idOrVar","v":"plural"},"value"]},{"$i":"hours-until-short","$v":{"zero":"अहिले","other":[{"t":"idOrVar","v":"value"},"घण्टामा"]},"$x":[{"t":"idOrVar","v":"plural"},"value"]},{"$i":"days-until-short","$v":{"zero":"आज","other":[{"t":"idOrVar","v":"value"},"दिनमा"]},"$x":[{"t":"idOrVar","v":"plural"},"value"]},{"$i":"incorrectDate","$v":"(गलत मिति)"},{"$i":"dateTimeFormat_%c","$v":"%a %b %e %Y %I:%M:%S %p"},{"$i":"dateTimeFormat_%x","$v":"%m/%d/%Y"},{"$i":"dateTimeFormat_%X","$v":"%I:%M:%S %p"},{"$i":"shortTimeFormat","$v":"%I:%M %p"},{"$i":"shortTimeFormat12","$v":"%I:%M %p"},{"$i":"shortTimeFormat24","$v":"%H:%M"},{"$i":"shortDateTimeFormat","$v":"%x %I:%M %p"},{"$i":"weekStartsOnMonday","$v":"0"},{"$i":"firstDayOfTheWeek","$v":"0"},{"$i":"time_am","$v":"ए एम"},{"$i":"time_pm","$v":"पी एम"},{"$i":"label","$v":"Label"},{"$i":"mobile","$v":"Mobile"},{"$i":"home","$v":"Home"},{"$i":"work","$v":"Work"},{"$i":"personal","$v":"Personal"},{"$i":"faxHome","$v":"Fax home"},{"$i":"faxOffice","$v":"Fax office"},{"$i":"faxOther","$v":"Fax other"},{"$i":"another","$v":"Another"},{"$i":"other","$v":"Other"},{"$i":"customTag","placeholder":"Custom tag"},{"$i":"current","$v":"Current"},{"$i":"itemWithLabel","$v":[{"t":"idOrVar","v":"label"},", ",{"t":"idOrVar","v":"item"}]},{"$i":"addNewNumber","$v":"नयाँ नम्बर थप्नुहोस्"},{"$i":"contactDetails","$v":"सम्पर्क विवरण"},{"$i":"addToExistingContact","$v":"अवस्थित सम्पर्कमा थप्नुहोस्"},{"$i":"all","$v":"सबै","ariaLabel":"सबै"},{"$i":"bluetoothOption","ariaLabel":"ब्लुटुथ"},{"$i":"callLog","$v":"कल लग"},{"$i":"callLogEdit","title":"कल लग सम्पादन गर्नुहोस्"},{"$i":"callLogEditDialog","ariaLabel":"कल लग डायलग सम्पादन गर्नुहोस्"},{"$i":"connecting","$v":"जडान हुँदैछ"},{"$i":"connectingEllipsis","$v":"जडान हुँदैछ..."},{"$i":"call-forwarding-async","$v":["अतुल्यकालिक: ",{"t":"idOrVar","v":"async"}]},{"$i":"call-forwarding-data","$v":["डेटा: ",{"t":"idOrVar","v":"data"}]},{"$i":"call-forwarding-error","$v":"कल फरवार्डको स्थिति पाउन खोज्दा त्रुटि भयो"},{"$i":"call-forwarding-fax","$v":["FAX: ",{"t":"idOrVar","v":"fax"}]},{"$i":"call-forwarding-inactive","$v":"निस्क्रिय"},{"$i":"call-forwarding-packet","$v":["प्याकेट: ",{"t":"idOrVar","v":"packet"}]},{"$i":"call-forwarding-pad","$v":["PAD: ",{"t":"idOrVar","v":"pad"}]},{"$i":"call-forwarding-sms","$v":["SMS: ",{"t":"idOrVar","v":"sms"}]},{"$i":"call-forwarding-status","$v":"कल फर्वार्डको स्थिति"},{"$i":"call-forwarding-sync","$v":["तुल्यकालिक: ",{"t":"idOrVar","v":"sync"}]},{"$i":"call-forwarding-voice","$v":["आवाज: ",{"t":"idOrVar","v":"voice"}]},{"$i":"confirm-deletion","$v":"चयन गरिएको कल हटाउनुहुन्छ?"},{"$i":"createNewContact","$v":"एउटा नयाँ सम्पर्क सिर्जना गर्नुहोस्"},{"$i":"dialerAddContact","ariaLabel":"सम्पर्क थप्नुहोस्"},{"$i":"dialerAddContactDialog","ariaLabel":"Add Contact Dialog"},{"$i":"callInformation","$v":"कल सूचना"},{"$i":"edit-selected","$v":{"one":[{"t":"idOrVar","v":"n"},"वटा चयन गरिएको"],"two":[{"t":"idOrVar","v":"n"},"वटा चयन गरिएको"],"few":[{"t":"idOrVar","v":"n"}," वटा चयन गरिएको"],"many":[{"t":"idOrVar","v":"n"}," वटा चयन गरिएको"],"other":[{"t":"idOrVar","v":"n"}," वटा चयन गरिएको"]},"$x":[{"t":"idOrVar","v":"plural"},"n"]},{"$i":"hideKeypad","ariaLabel":"किप्याड लुकाउनुहोस्"},{"$i":"ignore","$v":"कल वेवास्ता गर्नुहोस्"},{"$i":"incoming","$v":"आगमन"},{"$i":"keypad","ariaLabel":"किप्याड"},{"$i":"info-missed","$v":"छुटेको"},{"$i":"missed","$v":"छुटेको","ariaLabel":"छुटेको"},{"$i":"canceled","$v":"रद्द गर्नुहोस्"},{"$i":"missedCall","$v":"छुटेको कल"},{"$i":"missedCallMultiSims","$v":["(SIM ",{"t":"idOrVar","v":"n"},") छुटेका कल"]},{"$i":"mmi-error","$v":"सन्देश पठाउँदै गर्दा त्रुटि भयो"},{"$i":"mmi-session-expired","$v":"सत्र समाप्त"},{"$i":"mmi-successfully-sent","$v":"सन्देश सफलतापूर्व पठाइयो"},{"$i":"mmi-notification-title-with-sim","$v":["(",{"t":"idOrVar","v":"सिम"},") ",{"t":"idOrVar","v":"शिर्सक"}]},{"$i":"mute","ariaLabel":"मौन"},{"$i":"newCall","ariaLabel":"नया कल"},{"$i":"no-logs-msg-1","$v":"कुनै कल रेकर्ड गरिएको छैन"},{"$i":"no-logs-msg-2","$v":"संचार अहिले सुरु गर्दै"},{"$i":"no-logs-msg-3","$v":"छुट कलहरु छैन"},{"$i":"onHoldOption","ariaLabel":"पकड मा"},{"$i":"outgoing","$v":"बाह्यगमन"},{"$i":"recents","ariaLabel":"हालको कलहरु"},{"$i":"reply","$v":"जवाफ पठाउनुहोस्"},{"$i":"send","$v":"पठाउनुहोस्"},{"$i":"switch-calls","$v":"बोलावटहरू स्विच गर्नुहोस्"},{"$i":"withheld-number","$v":"रोक लगाईएको नम्बर"},{"$i":"from-contact","$v":[{"t":"idOrVar","v":"contact"},"बाट"]},{"$i":"from-number","$v":[{"t":"idOrVar","v":"number"},"बाट"]},{"$i":"from-withheld-number","$v":"रोक लगाईएको नम्बरबाट"},{"$i":"sending","$v":"पठाउँदै..."},{"$i":"speakerOption","ariaLabel":"वक्ता"},{"$i":"ussd-services","$v":[{"t":"idOrVar","v":"operator"}," सुबिधाहरु"]},{"$i":"toggleKeypad","ariaLabel":"टगल कीपैड"},{"$i":"type-your-response","placeholder":"तपाईँको प्रतिक्रिया लेख्नुहोस्..."},{"$i":"clear-all-text","$v":"सबै पाठ मेटाउनुहोस्"},{"$i":"hide","$v":"लुकाउनुहोस्"},{"$i":"hold","ariaLabel":"समाउनुहोस्"},{"$i":"resume","$v":"पुन: निरन्तरता गर्नुहोस्","ariaLabel":"पुन: निरन्तरता गर्नुहोस्"},{"$i":"sendSms","$v":"सन्देश पठाउनुहोस्"},{"$i":"callEnded","$v":"कल समाप्त भयो"},{"$i":"via-sim","$v":["SIM मार्फत",{"t":"idOrVar","v":"n"}]},{"$i":"sim-number","$v":["SIM",{"t":"idOrVar","v":"n"}]},{"$i":"unknown","$v":"अज्ञात"},{"$i":"hangup-a11y-button","ariaLabel":"ह्याङ अप"},{"$i":"pickup-a11y-button","ariaLabel":"उठानोउस"},{"$i":"unlock-a11y-button","ariaLabel":"स्लाइडर"},{"$i":"settings","$v":"सेटिङहरू"},{"$i":"delete-n-log?","$v":{"zero":"केहि चयन गरिएको छैन","one":"चयन गरिएको नोडहरू मेटाउने हो?","two":[{"t":"idOrVar","v":"n"}," लगहरु मेटाउनु हुन्छ ?"],"few":[{"t":"idOrVar","v":"n"}," लगहरु मेटाउनुहुन्छ?"],"many":[{"t":"idOrVar","v":"n"}," लगहरु मेटाउनुहुन्छ?"],"other":[{"t":"idOrVar","v":"n"}," लगहरु मेटाउनुहुन्छ?"]},"$x":[{"t":"idOrVar","v":"plural"},"n"]},{"$i":"callDurationMinutes","$v":[{"t":"idOrVar","v":"m"},":",{"t":"idOrVar","v":"s"}]},{"$i":"callDurationHours","$v":[{"t":"idOrVar","v":"h"},":",{"t":"idOrVar","v":"m"},":",{"t":"idOrVar","v":"s"}]},{"$i":"callDurationTextFormatSeconds","$v":[{"t":"idOrVar","v":"s"}," s"]},{"$i":"callDurationTextFormatMinutes","$v":[{"t":"idOrVar","v":"m"}," m ",{"t":"idOrVar","v":"s"}," s"]},{"$i":"callDurationTextFormatHours","$v":[{"t":"idOrVar","v":"h"}," h ",{"t":"idOrVar","v":"m"}," m ",{"t":"idOrVar","v":"s"}," s"]},{"$i":"suggestionMatches","$v":{"one":["\"",{"t":"idOrVar","v":"matchNumber"},"\"का लागि ",{"t":"idOrVar","v":"n"}," वटा जोडा"],"two":["\"",{"t":"idOrVar","v":"matchNumber"},"\"का लागि ",{"t":"idOrVar","v":"n"}," वटा जोडाहरु"],"few":["\"",{"t":"idOrVar","v":"matchNumber"},"\"का लागि ",{"t":"idOrVar","v":"n"}," वटा जोडाहरु"],"many":["\"",{"t":"idOrVar","v":"matchNumber"},"\"का लागि ",{"t":"idOrVar","v":"n"}," वटा जोडाहरु"],"other":["\"",{"t":"idOrVar","v":"matchNumber"},"\"का लागि ",{"t":"idOrVar","v":"n"}," वटा जोडाहरु"]},"$x":[{"t":"idOrVar","v":"plural"},"n"]},{"$i":"scCallBarring","$v":"अपवाद कल"},{"$i":"scCallForwarding","$v":"कल पठाउँदै"},{"$i":"scClip","$v":"आगमन कलर आईडी"},{"$i":"scClir","$v":"बाह्यगमन कलर आईडी"},{"$i":"scPwd","$v":" पासवर्ड परिवर्तन"},{"$i":"scCallWaiting","$v":"कल प्रतिक्षा"},{"$i":"scPin","$v":"PIN परिवर्तन"},{"$i":"scPin2","$v":"PIN2 परिवर्तन"},{"$i":"scPuk","$v":"PIN बाधा हटाउनु"},{"$i":"scPuk2","$v":"PIN2 बाधा हटाउनुहोस्"},{"$i":"scImei","$v":"IMEI"},{"$i":"scUssd","$v":"USSD"},{"$i":"serviceClassVoice","$v":"स्वर"},{"$i":"serviceClassData","$v":"डाटा"},{"$i":"serviceClassFax","$v":"फ्याक्स"},{"$i":"serviceClassSms","$v":"एसएमएस"},{"$i":"serviceClassDataSync","$v":"सिन्क्रोनाइज"},{"$i":"serviceClassDataAsync","$v":"असक्रमित"},{"$i":"serviceClassPacket","$v":"प्याकेट"},{"$i":"serviceClassPad","$v":"PAD"},{"$i":"smServiceEnabled","$v":"सेवा सक्षम पारियो"},{"$i":"smServiceDisabled","$v":" सेवा अक्षम भएको छ।"},{"$i":"smServiceRegistered","$v":"दर्ता सफल भएको छ।"},{"$i":"smServiceErased","$v":"मेट्ने काम सफल भयो।"},{"$i":"smServiceInterrogated","$v":"तपाईको अनुरोध सफल भयो।"},{"$i":"smServiceNotProvisioned","$v":"सेवा लिइएको छैन"},{"$i":"smClirPermanent","$v":"तपाईले कलर आइडि सेटिङ्ग परिर्वतन गर्न मिल्दैन"},{"$i":"smClirDefaultOnNextCallOn","$v":"पूर्वनिर्धारित कलर आइडि निशेधित। पछिल्लो कल: निशेधित"},{"$i":"smClirDefaultOnNextCallOff","$v":"पूर्वनिर्धारित कलर आइडि निशेधित। पछिल्लो कल: निशेधित नगरिएको"},{"$i":"smClirDefaultOffNextCallOn","$v":"पूर्वनिर्धारित कलर आइडि निशेधित नगरिएको। पछिल्लो कल: निशेधित"},{"$i":"smClirDefaultOffNextCallOff","$v":"पूर्वनिर्धारित कलर आइडि निशेधित नगरिएको। पछिल्लो कल: निशेधित नगरिएको"},{"$i":"smServiceEnabledFor","$v":"सेवा यसका लागि सक्षम पारियो:"},{"$i":"smPinChanged","$v":"PIN सफलतापूर्वक परिवर्तन भयो"},{"$i":"smPinUnblocked","$v":"PIN सफलतापूर्वक अनब्लक भयो"},{"$i":"smPin2Changed","$v":"PIN२ सफलतापूर्वक परिवर्तन भयो"},{"$i":"smPin2Unblocked","$v":"PIN२ सफलतापूर्वक अनब्लक भयो"},{"$i":"ServiceIsEnabled","$v":"सेवा सक्षम पारियो"},{"$i":"ServiceIsDisabled","$v":"सेवा असक्षम पारियो"},{"$i":"ServiceIsEnabledFor","$v":"सेवा यसका लागि सक्षम पारियो:"},{"$i":"emMmiError","$v":"जडानमा समस्या वा अवैध MMI कोड"},{"$i":"emMmiErrorPasswordIncorrect","$v":"गलत पासवर्ड"},{"$i":"emMmiErrorNotSupported","$v":"अवैध वा असमर्थित MMI कोड"},{"$i":"emMmiErrorInvalidAction","$v":"रद्ध रोजाइ"},{"$i":"emMmiErrorInvalidScCode","$v":"रद्ध सेवा कोड"},{"$i":"emMmiErrorBadPuk","$v":"ेतपाईले लेख्नु भएको PUK गलत भयो।"},{"$i":"emMmiErrorBadPin","$v":"तपाईले लेख्नु भएको पुरानो PIN सहि छैन।"},{"$i":"emMmiErrorNeedPuk2","$v":"PUK2 लेखि सिम कार्डको रोक हटाउनु होस्।"},{"$i":"emMmiErrorMismatchPin","$v":"तपाईले लेख्नु भएको PIN हरु मेल खाएन।"},{"$i":"emMmiErrorInvalidPin","$v":"४ देखि ८ अङ्कको PIN लेख्नु होस्।"},{"$i":"emMmiErrorNeedsPuk","$v":"तपाईँको सिम कार्ड PUK-ताल्चा लागेको छ"},{"$i":"emMmiErrorEnablePin","$v":"असफल। SIM/RUIM LOCK सक्षम पार्नुहोस्"},{"$i":"emMmiErrorMmiFdn","$v":"सञ्चालन स्थिर डायल सङ्ख्याहरुका लागि मात्र रोक लगाईएकोछ"},{"$i":"emMmiErrorStkCcUssdDial","$v":"USSD अनुरोध DIAL अनुरोधमा परिमाजन गरियो"},{"$i":"emMmiErrorStkCcUssdSs","$v":"USSD अनुरोध SS अनुरोधमा परिमाजन गरियो"},{"$i":"emMmiErrorStkCcUssdUssd","$v":"USSD अनुरोध नयाँ USSD अनुरोधमा परिमाजन गरियो"},{"$i":"emMmiErrorStkCcSsDial","$v":"SS अनुरोध DIAL अनुरोधमा परिमाजन गरियो"},{"$i":"emMmiErrorStkCcSsUssd","$v":"SS अनुरोध USSD अनुरोधमा परिमाजन गरियो"},{"$i":"emMmiErrorStkCcSsSs","$v":"SS अनुरोध नयाँ SS अनुरोधमा परिमाजन गरियो"},{"$i":"emMmiErrorPinPukAttempts","$v":{"one":[{"t":"idOrVar","v":"n"}," कोसिस मात्र बाँकी"],"two":[{"t":"idOrVar","v":"n"}," कोसिसहरु बाँकी"],"few":[{"t":"idOrVar","v":"n"}," कोसिसहरु बाँकी"],"many":[{"t":"idOrVar","v":"n"}," कोसिसहरु बाँकी"],"other":[{"t":"idOrVar","v":"n"}," कोसिसहरु बाँकी"]},"$x":[{"t":"idOrVar","v":"plural"},"n"]},{"$i":"emMmiErrorSimBlocked","$v":"अधिकतम पुन: प्रयास सङ्ख्याले सीमा नाघ्यो।SIM रोकियो"},{"$i":"RadioNotAvailable","$v":"रेडियो उपलब्ध छैन"},{"$i":"GenericFailure","$v":"साधारण विफल"},{"$i":"PasswordIncorrect","$v":"गलत पासवर्ड"},{"$i":"SimPin2","$v":"SIM PIN२"},{"$i":"SimPuk2","$v":"SIM PUK२"},{"$i":"RequestNotSupported","$v":"अनुरोध असमर्थित"},{"$i":"OpNotAllowedDuringVoiceCall","$v":"वाच्य कलका बेला सञ्चालन अनुमति नदिईएको"},{"$i":"SmsSendFailRetry","$v":"SMS पठाउन असफल पुन: प्रयास गर्नुहोस्"},{"$i":"SimAbsent","$v":"SIM अनुपस्थित"},{"$i":"SubscriptionNotAvailable","$v":"सदस्यता उपलब्ध छैन"},{"$i":"ModeNotSupported","$v":"शैली समर्थित छैन"},{"$i":"FdnCheckFailure","$v":"Fdn जाँच विफल"},{"$i":"IllegalSimOrMe","$v":"अवैध SIM वा ME"},{"$i":"DialModifiedToUssd","$v":"डायल USSDमा परिमार्जित गरियो"},{"$i":"DialModifiedToSs","$v":"डायल SSमा परिमार्जित गरियो"},{"$i":"DialModifiedToDial","$v":"डायल डायलमा परिमार्जित गरियो"},{"$i":"UssdModifiedToDial","$v":"USSD डायलमा परिमार्जित गरियो"},{"$i":"UssdModifiedToSs","$v":"USSD SSमा परिमार्जित गरियो"},{"$i":"UssdModifiedToUssd","$v":"USSD USSDमा परिमार्जित गरियो"},{"$i":"SsModifiedToDial","$v":"डायल SSमा परिमार्जित गरियो"},{"$i":"SsModifiedToUssd","$v":"USSD SSमा परिमार्जित गरियो"},{"$i":"SsModifiedToSs","$v":"SS SSमा परिमार्जित गरियो"},{"$i":"SubscriptionNotSupported","$v":"सदस्यता समर्थित छैन"},{"$i":"InvalidParameter","$v":"अवैध परामिति"},{"$i":"RejectedByRemote","$v":"प्रतिकरणद्वारा अस्वीकार"},{"$i":"conferenceCall","$v":["सम्मेलन (",{"t":"idOrVar","v":"n"},")"]},{"$i":"caller-left-call","$v":[{"t":"idOrVar","v":"caller"}," ले कल छोडेको छ।"]},{"$i":"conferenceAddError","$v":"कलहरु मिलाउन असमर्थ"},{"$i":"conferenceRemoveError","$v":"कलहरु नमिलाउन असमर्थ"},{"$i":"longDateFormat","$v":"%A, %B %e"},{"$i":"select-audio-sources","$v":"श्रवनस्रोत चयन गर्नुहोस्"},{"$i":"bluetooth-handsfree-device","$v":"ब्लुटुथ स्वतन्त्र यन्त्र हो"},{"$i":"receiver","$v":"प्रप्तिकर्ता"},{"$i":"speaker","$v":"वक्ता"},{"$i":"voicemailNoNumberTitle","$v":"Voicemail number is unavailable"},{"$i":"voicemailNoNumberText","$v":"Unable to call the voicemail. Set up the voicemail number to place the call."},{"$i":"voicemailNoNumberSettings","$v":"Settings"},{"$i":"voicemailNoNumberCancel","$v":"Cancel"},{"$i":"phoneNumberInput","ariaLabel":"सम्पर्क नम्बर"},{"$i":"keypadDelete","ariaLabel":"मेटाउनुहोस्"},{"$i":"voiceMailKey","ariaLabel":"आवाजमेल"},{"$i":"asterisk","ariaLabel":"ताराङ्कन"},{"$i":"hashSign","ariaLabel":"Hash sign"},{"$i":"loadingSimContacts","$v":"Loading SIM card contacts…"},{"$i":"noContactsWereFound","$v":"No contacts were found"},{"$i":"noContactsFoundDialogOk","$v":"OK"},{"$i":"emergencyNumber","$v":"Emergency number"},{"$i":"callAirplaneModeMessage","$v":"To make a call you need to disable airplane mode in settings."},{"$i":"callAirplaneModeBtnOk","$v":"OK"},{"$i":"callAirplaneModeTitle","$v":"Airplane mode activated"},{"$i":"numberIsBusyTitle","$v":"Number is busy"},{"$i":"numberIsBusyMessage","$v":"The number is currently busy. Please try again later."},{"$i":"fdnIsActiveTitle","$v":"FDN active"},{"$i":"fdnIsActiveMessage","$v":["FDN (Fixed Dialing Numbers) is activated and the following number is not in your FDN list: ",{"t":"idOrVar","v":"number"}]},{"$i":"emergencyDialogBodyBadNumber","$v":"To make a call, the phone must be connected to a network."},{"$i":"emergencyDialogBodyDeviceNotAccepted","$v":"Emergency calls are not allowed by the network."},{"$i":"emergencyDialogBtnOk","$v":"OK"},{"$i":"emergencyDialogTitle","$v":"No network connection"},{"$i":"invalidNumberToDialTitle","$v":"Invalid phone number"},{"$i":"invalidNumberToDialMessage","$v":"The phone number you are calling is not valid."},{"$i":"unableToCallTitle","$v":"Unable to make a phone call now"},{"$i":"unableToCallMessage","$v":"Cannot make a call. If you are already dialing, please hang up first."},{"$i":"otherConnectionInUseTitle","$v":"Other connection in use"},{"$i":"otherConnectionInUseMessage","$v":"You have an active call on another connection. You can only use one connection at a time."}]