[{"$i":"close","$v":"Sluiten"},{"$i":"import","$v":"Importeren"},{"$i":"update","$v":"Bijwerken"},{"$i":"fbFriends","$v":"Facebook-vrienden"},{"$i":"live-serviceName","$v":"Outlook"},{"$i":"gmail-serviceName","$v":"Gmail"},{"$i":"facebook-serviceName","$v":"Facebook-vrienden"},{"$i":"selectAll","$v":"Alles selecteren"},{"$i":"deselectAll","$v":"Alles deselecteren"},{"$i":"viewAll","$v":"Alle Facebook-vrienden bekijken"},{"$i":"viewRecommend","$v":"Alleen aanbevolen bekijken"},{"$i":"linkProposal","$v":{"zero":"Geen vrienden gevonden. Alle worden getoond","one":"De aanbevolen selecteren","two":"Een aanbevolen selecteren","few":"Een aanbevolen selecteren","many":"Een aanbevolen selecteren","other":"Een aanbevolen selecteren"},"$x":[{"t":"idOrVar","v":"plural"},"numFriends"]},{"$i":"fbFriendsFound","$v":{"zero":"Al uw vrienden zijn geïmporteerd","one":"Eén te importeren vriend gevonden","two":[{"t":"idOrVar","v":"numFriends"}," te importeren vrienden gevonden"],"few":[{"t":"idOrVar","v":"numFriends"}," te importeren vrienden gevonden"],"many":[{"t":"idOrVar","v":"numFriends"}," te importeren vrienden gevonden"],"other":[{"t":"idOrVar","v":"numFriends"}," te importeren vrienden gevonden"]},"$x":[{"t":"idOrVar","v":"plural"},"numFriends"]},{"$i":"fbNoFriends","$v":"Geen contacten beschikbaar om te importeren"},{"$i":"facebook","$v":"Facebook"},{"$i":"search-contact","placeholder":"Zoeken"},{"$i":"noResults","$v":"Geen contacten gevonden"},{"$i":"done-search","$v":"Gereed"},{"$i":"progressFB3ImportTitle","$v":"Vrienden naar contacten importeren"},{"$i":"progressFB","$v":[{"t":"idOrVar","v":"current"},"/",{"t":"idOrVar","v":"total"}]},{"$i":"progressFB3UpdateTitle","$v":"Vrienden in contacten bijwerken"},{"$i":"message2","$v":"Dit kan enkele minuten duren"},{"$i":"messageLinking","$v":"Een moment geduld. Uw vriend en uw contact worden aan elkaar gekoppeld."},{"$i":"messageCanceling","$v":"Een moment. De huidige bewerking wordt geannuleerd."},{"$i":"error1","$v":["Fout ",{"t":"idOrVar","v":"from"}]},{"$i":"error2","$v":"Wilt u het nogmaals proberen?"},{"$i":"errorProposal","$v":"voorstellen berekenen"},{"$i":"errorFriends","$v":"vrienden ophalen"},{"$i":"errorLinking","$v":"contact koppelen"},{"$i":"timeout1","$v":["Time-out overschreden ",{"t":"idOrVar","v":"from"}]},{"$i":"timeout2","$v":"Wilt u het nogmaals proberen?"},{"$i":"timeoutProposal","$v":"voorstellen berekenen"},{"$i":"timeoutFriends","$v":"vrienden ophalen"},{"$i":"timeoutLinking","$v":"contacten koppelen"},{"$i":"wait1","$v":"Een moment geduld"},{"$i":"wait2","$v":"Dit kan enkele minuten duren"},{"$i":"waitProposal","$v":"Een moment geduld. Er wordt een voorstel berekend."},{"$i":"waitFriends","$v":"Een moment geduld. Er wordt verbinding gemaakt om uw vriendenlijst te verkrijgen."},{"$i":"curtainCancel","$v":"Annuleren"},{"$i":"curtainRetry","$v":"Opnieuw proberen"},{"$i":"curtainOK","$v":"OK"},{"$i":"connectionLost","$v":"Geen internetverbinding"},{"$i":"connectionLostMsg","$v":"Foto’s van vrienden worden niet aan uw contacten toegevoegd. Toch doorgaan?"},{"$i":"yesOption","$v":"Ok"},{"$i":"noOption","$v":"Annuleren"},{"$i":"friendsUpdated","$v":{"zero":"Geen vrienden bijgewerkt","one":"Eén vriend bijgewerkt","two":[{"t":"idOrVar","v":"numFriends"}," vrienden bijgewerkt"],"few":[{"t":"idOrVar","v":"numFriends"}," vrienden bijgewerkt"],"many":[{"t":"idOrVar","v":"numFriends"}," vrienden bijgewerkt"],"other":[{"t":"idOrVar","v":"numFriends"}," vrienden bijgewerkt"]},"$x":[{"t":"idOrVar","v":"plural"},"numFriends"]},{"$i":"friendsMerged","$v":{"zero":"Geen dubbele vrienden samengevoegd","one":"Eén dubbele vriend samengevoegd","two":[{"t":"idOrVar","v":"numDups"}," vrienden samengevoegd"],"few":[{"t":"idOrVar","v":"numDups"}," vrienden samengevoegd"],"many":[{"t":"idOrVar","v":"numDups"}," vrienden samengevoegd"],"other":[{"t":"idOrVar","v":"numDups"}," vrienden samengevoegd"]},"$x":[{"t":"idOrVar","v":"plural"},"numDups"]},{"$i":"notificationLogin","$v":"Uw Facebook-sessie is ongeldig. Meld u aan."},{"$i":"syncError","$v":"Er is een fout opgetreden tijdens het synchroniseren van de gegevens van uw vriend"},{"$i":"waitDuplicateContacts","$v":"Zoeken naar dubbele contacten"},{"$i":"waitMergingDuplicateContacts","$v":"Dubbele contacten samenvoegen"},{"$i":"alertNoDuplicateContacts","$v":"Geen dubbele contacten gevonden"},{"$i":"merge","ariaLabel":"Samenvoegen"},{"$i":"mergeDuplicateTitle","$v":"Duplicaten samenvoegen"},{"$i":"suggestedDuplicateContacts","$v":["Voorgestelde dubbele contacten voor ",{"t":"idOrVar","v":"name"}]},{"$i":"mergeActionButtonLabel","$v":{"zero":"Geen contacten geselecteerd","one":["Samenvoegen met ",{"t":"idOrVar","v":"n"}," contact"],"two":["Samenvoegen met ",{"t":"idOrVar","v":"n"}," contacten"],"few":["Samenvoegen met ",{"t":"idOrVar","v":"n"}," contacten"],"many":["Samenvoegen met ",{"t":"idOrVar","v":"n"}," contacten"],"other":["Samenvoegen met ",{"t":"idOrVar","v":"n"}," contacten"]},"$x":[{"t":"idOrVar","v":"plural"},"n"]},{"$i":"duplicatesFoundTitle","$v":"Duplicaten gevonden"},{"$i":"duplicatesFoundMessage","$v":[{"t":"idOrVar","v":"name"}," voegt gegevens samen in de volgende contacten"]},{"$i":"ok","$v":"OK"},{"$i":"gaia-menu-cancel","$v":"Annuleren"},{"$i":"gaia-sim-picker-dial-via-with-number","$v":[{"t":"idOrVar","v":"phoneNumber"}," kiezen via"]},{"$i":"gaia-sim-picker-select-sim","$v":"Simkaart selecteren"},{"$i":"gaia-sim-picker-button","$v":["Simkaart",{"t":"idOrVar","v":"n"}]},{"$i":"gaia-sim-picker-button-default","$v":"(standaard)"},{"$i":"call","$v":"Bellen"},{"$i":"edit","$v":"Bewerken"},{"$i":"cancel","$v":"Annuleren"},{"$i":"done","$v":"Gereed"},{"$i":"retry","$v":"Opnieuw"},{"$i":"contacts","$v":"Contacten"},{"$i":"addContact","$v":"Toevoegen"},{"$i":"deleteContact","$v":"Contact verwijderen"},{"$i":"selectContact","$v":"Contact selecteren"},{"$i":"editContact","$v":"Bewerken"},{"$i":"deleteConfirmMsg","$v":"Contact verwijderen?"},{"$i":"remove","$v":"Verwijderen"},{"$i":"delete","$v":"Verwijderen"},{"$i":"comments","$v":"Notities"},{"$i":"no_contact_phones","$v":"Dit contact heeft geen telefoonnummer"},{"$i":"no_contact_email","$v":"Dit contact heeft geen e-mailadres"},{"$i":"no_contact_data","$v":"Dit contact heeft geen telefoonnummer en e-mailadres"},{"$i":"removePhotoConfirm","$v":"Contactafbeelding verwijderen?"},{"$i":"loadingContacts","$v":"Contacten laden…"},{"$i":"noContactsActivity2","$v":"Geen contacten in uw contactenlijst"},{"$i":"noName","$v":"Geen naam"},{"$i":"givenName","placeholder":"Naam"},{"$i":"familyName","placeholder":"Achternaam"},{"$i":"tel","placeholder":"Telefoon"},{"$i":"carrier","$v":"Mobiel netwerk","placeholder":"Mobiel netwerk"},{"$i":"separator","$v":","},{"$i":"email","$v":"E-mailadres","placeholder":"E-mailadres"},{"$i":"streetAddress","placeholder":"Straat"},{"$i":"postalCode","placeholder":"Postcode"},{"$i":"locality","placeholder":"Plaats"},{"$i":"countryName","placeholder":"Land"},{"$i":"comment","placeholder":"Notitie"},{"$i":"org","placeholder":"Organisatie"},{"$i":"date","$v":"Datum","placeholder":"Datum"},{"$i":"date-span-placeholder","$v":"Datum"},{"$i":"birthday","$v":"Verjaardag"},{"$i":"dateFormat","$v":"%e %B"},{"$i":"dateOutput","$v":[{"t":"idOrVar","v":"dayMonthFormatted"}," ",{"t":"idOrVar","v":"year"}]},{"$i":"anniversary","$v":"Speciale datum"},{"$i":"addPhoto","$v":"Afbeelding toevoegen"},{"$i":"addPhone","$v":"Telefoon toevoegen"},{"$i":"addEmail","$v":"E-mailadres toevoegen"},{"$i":"addAddress","$v":"Adres toevoegen"},{"$i":"addDate","$v":"Datum toevoegen"},{"$i":"addComment","$v":"Notitie toevoegen"},{"$i":"addFavorite","$v":"Toevoegen als Favoriet"},{"$i":"removeFavorite","$v":"Verwijderen als Favoriet"},{"$i":"addButton","ariaLabel":"Toevoegen"},{"$i":"editButton","ariaLabel":"Bewerken"},{"$i":"settingsButton","ariaLabel":"Instellingen"},{"$i":"phoneDetail","ariaLabel":"Telefoon"},{"$i":"emailDetail","ariaLabel":"E-mail"},{"$i":"addressDetail","ariaLabel":"Adres"},{"$i":"dateDetail","ariaLabel":"Datum"},{"$i":"composeEmail","ariaLabel":"E-mail"},{"$i":"makeCall","ariaLabel":"Bellen"},{"$i":"phones","ariaLabel":"Telefoons"},{"$i":"emails","ariaLabel":"E-mails"},{"$i":"addresses","ariaLabel":"Adressen"},{"$i":"dates","ariaLabel":"Datums"},{"$i":"notes","ariaLabel":"Opmerkingen"},{"$i":"exit","$v":"Afsluiten"},{"$i":"expand","$v":"Uitvouwen"},{"$i":"labelName","$v":"Naam:"},{"$i":"labelLastName","$v":"Achternaam:"},{"$i":"labelPhoneNumber","$v":"Telefoonnummer:"},{"$i":"labelCarrier","$v":"Mobiel netwerk:"},{"$i":"labelEmail","$v":"E-mailadres:"},{"$i":"labelStreet","$v":"Straat:"},{"$i":"labelZip","$v":"Postcode:"},{"$i":"labelCity","$v":"Plaats:"},{"$i":"labelCountry","$v":"Land:"},{"$i":"labelComment","$v":"Notitie:"},{"$i":"legendTitleMain","$v":"Belangrijkste informatie"},{"$i":"legendPhones","$v":"Telefoonnummers"},{"$i":"legendEmail","$v":"E-mailadres"},{"$i":"legendAddress","$v":"Adres"},{"$i":"transferContactsTitle","$v":"Contacten overzetten"},{"$i":"importContactsTitle","$v":"Contacten importeren"},{"$i":"importContactsButton","$v":"Contacten importeren"},{"$i":"exportContactsTitle","$v":"Contacten exporteren"},{"$i":"exportContactsButton","$v":"Contacten exporteren"},{"$i":"exportContactsAction","$v":"Exporteren"},{"$i":"simExport-title","$v":"Exporteren naar simkaart"},{"$i":"memoryCardExport-title","$v":"Exporteren naar geheugenkaart"},{"$i":"btExport-title","$v":"Exporteren naar Bluetooth"},{"$i":"memoryCardUMSEnabled","$v":"Kan geheugenkaart niet gebruiken, omdat USB-opslag is ingeschakeld"},{"$i":"exportErrorTitle","$v":"Fout bij exporteren"},{"$i":"contactsExported2","$v":{"zero":"Geen contacten geëxporteerd","one":[{"t":"idOrVar","v":"exported"},"/",{"t":"idOrVar","v":"total"}," contacten geëxporteerd"],"two":[{"t":"idOrVar","v":"exported"},"/",{"t":"idOrVar","v":"total"}," contacten geëxporteerd"],"few":[{"t":"idOrVar","v":"exported"},"/",{"t":"idOrVar","v":"total"}," contacten geëxporteerd"],"many":[{"t":"idOrVar","v":"exported"},"/",{"t":"idOrVar","v":"total"}," contacten geëxporteerd"],"other":[{"t":"idOrVar","v":"exported"},"/",{"t":"idOrVar","v":"total"}," contacten geëxporteerd"]},"$x":[{"t":"idOrVar","v":"plural"},"exported"]},{"$i":"exportError-general","$v":"Er is een fout opgetreden tijdens het exporteren"},{"$i":"exportError-SD-shared","$v":"Kan geheugenkaart niet benaderen, omdat deze is gedeeld"},{"$i":"exportError-SD-unavailable","$v":"Geheugenkaart is niet beschikbaar"},{"$i":"exportError-SD-noSpace","$v":"Er is niet genoeg ruimte op de geheugenkaart om de contacten te exporteren"},{"$i":"exportError-SIM-unavailable","$v":"Simkaart is niet beschikbaar"},{"$i":"exportError-BT-shared","$v":"Kan geheugenkaart niet benaderen, omdat deze is gedeeld"},{"$i":"exportError-BT-unavailable","$v":"Geheugenkaart is niet beschikbaar"},{"$i":"exportError-BT-noSpace","$v":"Er is niet genoeg ruimte op de geheugenkaart om de contacten te exporteren"},{"$i":"social-network","$v":"Sociale netwerken"},{"$i":"social-link","$v":"Contact koppelen"},{"$i":"social-unlink","$v":"Contact ontkoppelen"},{"$i":"social-unlink-confirm-title","$v":"Wilt u uw vriend ontkoppelen?"},{"$i":"social-unlink-confirm-accept","$v":"Ontkoppelen"},{"$i":"facebook-import","$v":"Facebook-vrienden importeren"},{"$i":"show-fb-profile","$v":"Facebook-profiel bekijken"},{"$i":"msg-send","$v":"Bericht"},{"$i":"wall-post","$v":"Prikbordbericht"},{"$i":"share-contact","$v":"Contact delen"},{"$i":"facebook-export-forbidden","$v":"Het contact kan vanwege Facebook-beperkingen niet worden gedeeld."},{"$i":"otherAccount","$v":"Andere accounts"},{"$i":"facebookSwitchMsg","$v":"Vrienden synchroniseren"},{"$i":"select_mobile","$v":"Mobiel selecteren"},{"$i":"select_email","$v":"E-mail selecteren"},{"$i":"select_recipient","$v":"Ontvanger selecteren"},{"$i":"contactsOrderBy","$v":"Sorteren op achternaam"},{"$i":"importSim2","$v":"Simkaart"},{"$i":"importGmail","$v":"Gmail"},{"$i":"bluetooth","$v":"Bluetooth"},{"$i":"importOutlook","$v":"Outlook"},{"$i":"fbUpdateFriends","$v":"Geïmporteerde vrienden bijwerken"},{"$i":"cleaningFbData","$v":"Facebook-gegevens verwijderen"},{"$i":"loggingOutFb","$v":"Afmelden bij Facebook"},{"$i":"cleanFbConfirmMsg","$v":"Alle Facebook-gegevens verwijderen?"},{"$i":"renewPwdMsg","$v":"Uw wachtwoord bij Facebook is gewijzigd. Werk het bij."},{"$i":"notEnabledYet","$v":"Nog niet ingeschakeld"},{"$i":"genericNoConnection","$v":"Maak verbinding met een wifi- of gegevensnetwerk om contacten te importeren"},{"$i":"simCard","$v":"Simkaart"},{"$i":"memoryCard","$v":"Geheugenkaart"},{"$i":"simNumberNoMSISDN","$v":["Simkaart ",{"t":"idOrVar","v":"number"},":"]},{"$i":"simNumberWithMSISDN","$v":["Simkaart ",{"t":"idOrVar","v":"number"},": ",{"t":"idOrVar","v":"msisdn"}]},{"$i":"ICEContactsGroup","$v":"ICE-contacten"},{"$i":"setICEButton","$v":"ICE-contacten instellen"},{"$i":"ICESettingTitle","$v":"ICE-contacten"},{"$i":"ICEDescription","$v":"Voeg twee contacten toe voor “In geval van nood”-oproepen."},{"$i":"ICEContact1","$v":"ICE-contact 1"},{"$i":"ICESelectContact","$v":"Een contact selecteren"},{"$i":"ICEContact2","$v":"ICE-contact 2"},{"$i":"ICERepeatedContact","$v":"Dit contact is al een bestaand ICE-contact"},{"$i":"ICEUnknownError","$v":"Er is een fout opgetreden bij het instellen van het contact als ICE"},{"$i":"ICEContactNoNumber","$v":"Dit contact heeft geen telefoonnummer"},{"$i":"ICEFacebookContactNotAllowed","$v":"Facebook-contacten kunnen niet als ICE-contacten worden ingesteld"},{"$i":"ICEContactDelTel","$v":"Verwijderde telefoonnummers zijn uit de ICE-contacten verwijderd"},{"$i":"ICEContactDelTelAll","$v":"Alld nummers zijn verwijderd. Dit contact is uit de ICE-contacten verwijderd."},{"$i":"no-contacts","$v":"Geen contacten"},{"$i":"start-adding","$v":"Begin nu met toevoegen"},{"$i":"notImported","$v":"Niet geïmporteerd"},{"$i":"imported","$v":"Geïmporteerd"},{"$i":"today","$v":"Vandaag"},{"$i":"yesterday","$v":"Gisteren"},{"$i":"organise-contacts","$v":"Contacten ordenen"},{"$i":"find-merge-contacts","$v":"Dubbele contacten zoeken"},{"$i":"preparing-contacts","$v":"Contacten voorbereiden"},{"$i":"exportError-SIM-NoFreeRecordFound","$v":"Simkaart is vol"},{"$i":"exportError-SIM-CannotAccessPhoneBook","$v":"Kan telefoonboek van simkaart niet benaderen"},{"$i":"exportError-SIM-Unavailable","$v":"Geen simkaart gevonden"},{"$i":"exportError-SIM-GenericError","$v":"Er is een fout opgetreden bij het exporteren van een contact"},{"$i":"noSimMsgExport","$v":"Plaats of ontgrendel uw simkaart om contacten te exporteren"},{"$i":"noMemoryCardMsgExport","$v":"Plaats een geheugenkaart om contacten te exporteren"},{"$i":"ContactManagementTitle","$v":"Contactenbeheer"},{"$i":"DeleteTitle","$v":"Verwijderen"},{"$i":"bulkDeleteButton","$v":"Contacten verwijderen"},{"$i":"BulkDelCancel","$v":"Contacten verwijderen geannuleerd"},{"$i":"DeletedTxt","$v":{"zero":"Geen contacten te verwijderen","one":"1 contact verwijderd","two":[{"t":"idOrVar","v":"n"}," contacten verwijderd"],"few":[{"t":"idOrVar","v":"n"}," contacten verwijderd"],"many":[{"t":"idOrVar","v":"n"}," contacten verwijderd"],"other":[{"t":"idOrVar","v":"n"}," contacten verwijderd"]},"$x":[{"t":"idOrVar","v":"plural"},"n"]},{"$i":"DeletingContacts","$v":"Contacten verwijderen"},{"$i":"ContactConfirmDel","$v":{"zero":"Geen contacten te verwijderen","one":"1 contact verwijderen? Dit kan niet ongedaan worden gemaakt.","two":[{"t":"idOrVar","v":"n"}," contacten verwijderen? Dit kan niet ongedaan worden gemaakt."],"few":[{"t":"idOrVar","v":"n"}," contacten verwijderen? Dit kan niet ongedaan worden gemaakt."],"many":[{"t":"idOrVar","v":"n"}," contacten verwijderen? Dit kan niet ongedaan worden gemaakt."],"other":[{"t":"idOrVar","v":"n"}," contacten verwijderen? Dit kan niet ongedaan worden gemaakt."]},"$x":[{"t":"idOrVar","v":"plural"},"n"]},{"$i":"SelectedTxt","$v":{"zero":"Contacten","one":[{"t":"idOrVar","v":"n"}," geselecteerd"],"two":[{"t":"idOrVar","v":"n"}," geselecteerd"],"few":[{"t":"idOrVar","v":"n"}," geselecteerd"],"many":[{"t":"idOrVar","v":"n"}," geselecteerd"],"other":[{"t":"idOrVar","v":"n"}," geselecteerd"]},"$x":[{"t":"idOrVar","v":"plural"},"n"]},{"$i":"video","$v":"Video"},{"$i":"audio","$v":"Audio"},{"$i":"pick_destination","$v":[{"t":"idOrVar","v":"destination"}," ",{"t":"idOrVar","v":"carrier"}]},{"$i":"removeField","ariaLabel":"Verwijderen"},{"$i":"undo","ariaLabel":"Ongedaan maken"},{"$i":"send-sms-button","ariaLabel":"Sms"},{"$i":"ice_contacts","$v":"ICE-contacten"},{"$i":"edit-picture","$v":"Afbeelding bewerken"},{"$i":"remove-photo","$v":"Foto verwijderen"},{"$i":"change-photo","$v":"Foto wijzigen"},{"$i":"photo-options","$v":"Foto-opties"},{"$i":"vCardContacts-imported","$v":{"zero":"No contacts imported","one":"Imported one contact","two":["Imported ",{"t":"idOrVar","v":"n"}," contacts"],"few":["Imported ",{"t":"idOrVar","v":"n"}," contacts"],"many":["Imported ",{"t":"idOrVar","v":"n"}," contacts"],"other":["Imported ",{"t":"idOrVar","v":"n"}," contacts"]},"$x":[{"t":"idOrVar","v":"plural"},"n"]},{"$i":"voiceMail","$v":"Voicemail"},{"$i":"back","$v":"Terug"},{"$i":"noSimMsg","$v":"Plaats of ontgrendel uw simkaart om contacten te importeren"},{"$i":"noMemoryCardMsg","$v":"Plaats een geheugenkaart om contacten te importeren"},{"$i":"importMemoryCard","$v":"Geheugenkaart"},{"$i":"noConnection11","$v":"Maak verbinding met een wifi- of gegevensnetwerk om Facebook-vrienden of contacten te importeren"},{"$i":"emptyAccount","$v":"Geen vrienden of contacten gevonden in deze account."},{"$i":"simContacts-import","$v":"Simcontacten importeren"},{"$i":"simContacts-importing","$v":"Simcontacten importeren…"},{"$i":"simContacts-reading","$v":"Lezen vanaf simkaart…"},{"$i":"simContacts-error","$v":"Kon geen contacten vanaf simkaart importeren"},{"$i":"simContacts-imported3","$v":{"zero":"Geen contacten op simkaart gevonden om te importeren","one":"Eén contact geïmporteerd","two":[{"t":"idOrVar","v":"n"}," contacten geïmporteerd"],"few":[{"t":"idOrVar","v":"n"}," contacten geïmporteerd"],"many":[{"t":"idOrVar","v":"n"}," contacten geïmporteerd"],"other":[{"t":"idOrVar","v":"n"}," contacten geïmporteerd"]},"$x":[{"t":"idOrVar","v":"plural"},"n"]},{"$i":"memoryCardContacts-import","$v":"Contacten van geheugenkaart importeren"},{"$i":"memoryCardContacts-importing","$v":"Contacten van geheugenkaart importeren…"},{"$i":"memoryCardContacts-reading","$v":"Lezen vanaf geheugenkaart…"},{"$i":"memoryCardContacts-error","$v":"Kon geen contacten vanaf geheugenkaart importeren"},{"$i":"memoryCardContacts-imported3","$v":{"zero":"Geen contacten op geheugenkaart gevonden om te importeren","one":"Eén contact geïmporteerd","two":[{"t":"idOrVar","v":"n"}," contacten geïmporteerd"],"few":[{"t":"idOrVar","v":"n"}," contacten geïmporteerd"],"many":[{"t":"idOrVar","v":"n"}," contacten geïmporteerd"],"other":["I",{"t":"idOrVar","v":"n"}," contacten geïmporteerd"]},"$x":[{"t":"idOrVar","v":"plural"},"n"]},{"$i":"genericProgress","$v":[{"t":"idOrVar","v":"current"},"/",{"t":"idOrVar","v":"total"}]},{"$i":"facebook-import-msg2","$v":[{"t":"idOrVar","v":"imported"},"/",{"t":"idOrVar","v":"total"}," vrienden geïmporteerd"]},{"$i":"contactsMerged","$v":{"zero":"Geen dubbele contacten samengevoegd","one":"Eén dubbel contact samengevoegd","two":[{"t":"idOrVar","v":"numDups"}," contacten samengevoegd"],"few":[{"t":"idOrVar","v":"numDups"}," contacten samengevoegd"],"many":[{"t":"idOrVar","v":"numDups"}," contacten samengevoegd"],"other":[{"t":"idOrVar","v":"numDups"}," contacten samengevoegd"]},"$x":[{"t":"idOrVar","v":"plural"},"numDups"]},{"$i":"weekday-0-long","$v":"zondag"},{"$i":"weekday-1-long","$v":"maandag"},{"$i":"weekday-2-long","$v":"dinsdag"},{"$i":"weekday-3-long","$v":"woensdag"},{"$i":"weekday-4-long","$v":"donderdag"},{"$i":"weekday-5-long","$v":"vrijdag"},{"$i":"weekday-6-long","$v":"zaterdag"},{"$i":"weekday-0-short","$v":"zon"},{"$i":"weekday-1-short","$v":"maa"},{"$i":"weekday-2-short","$v":"din"},{"$i":"weekday-3-short","$v":"woe"},{"$i":"weekday-4-short","$v":"don"},{"$i":"weekday-5-short","$v":"vrij"},{"$i":"weekday-6-short","$v":"zat"},{"$i":"month-0-long","$v":"januari"},{"$i":"month-1-long","$v":"februari"},{"$i":"month-2-long","$v":"maart"},{"$i":"month-3-long","$v":"april"},{"$i":"month-4-long","$v":"mei"},{"$i":"month-5-long","$v":"juni"},{"$i":"month-6-long","$v":"juli"},{"$i":"month-7-long","$v":"augustus"},{"$i":"month-8-long","$v":"september"},{"$i":"month-9-long","$v":"oktober"},{"$i":"month-10-long","$v":"november"},{"$i":"month-11-long","$v":"december"},{"$i":"month-0-genitive","$v":"januari"},{"$i":"month-1-genitive","$v":"februari"},{"$i":"month-2-genitive","$v":"maart"},{"$i":"month-3-genitive","$v":"april"},{"$i":"month-4-genitive","$v":"mei"},{"$i":"month-5-genitive","$v":"juni"},{"$i":"month-6-genitive","$v":"juli"},{"$i":"month-7-genitive","$v":"augustus"},{"$i":"month-8-genitive","$v":"september"},{"$i":"month-9-genitive","$v":"oktober"},{"$i":"month-10-genitive","$v":"november"},{"$i":"month-11-genitive","$v":"december"},{"$i":"month-0-short","$v":"jan"},{"$i":"month-1-short","$v":"feb"},{"$i":"month-2-short","$v":"mrt"},{"$i":"month-3-short","$v":"apr"},{"$i":"month-4-short","$v":"mei"},{"$i":"month-5-short","$v":"jun"},{"$i":"month-6-short","$v":"jul"},{"$i":"month-7-short","$v":"aug"},{"$i":"month-8-short","$v":"sep"},{"$i":"month-9-short","$v":"okt"},{"$i":"month-10-short","$v":"nov"},{"$i":"month-11-short","$v":"dec"},{"$i":"minutes-ago-long","$v":{"zero":"zojuist","one":"een minuut geleden","two":[{"t":"idOrVar","v":"value"}," minuten geleden"],"few":[{"t":"idOrVar","v":"value"}," minuten geleden"],"many":[{"t":"idOrVar","v":"value"}," minuten geleden"],"other":[{"t":"idOrVar","v":"value"}," minuten geleden"]},"$x":[{"t":"idOrVar","v":"plural"},"value"]},{"$i":"hours-ago-long","$v":{"zero":"zojuist","one":"een uur geleden","two":[{"t":"idOrVar","v":"value"}," uur geleden"],"few":[{"t":"idOrVar","v":"value"}," uur geleden"],"many":[{"t":"idOrVar","v":"value"}," uur geleden"],"other":[{"t":"idOrVar","v":"value"}," uur geleden"]},"$x":[{"t":"idOrVar","v":"plural"},"value"]},{"$i":"days-ago-long","$v":{"zero":"vandaag","one":"gisteren","two":[{"t":"idOrVar","v":"value"}," dagen geleden"],"few":[{"t":"idOrVar","v":"value"}," dagen geleden"],"many":[{"t":"idOrVar","v":"value"}," dagen geleden"],"other":[{"t":"idOrVar","v":"value"}," dagen geleden"]},"$x":[{"t":"idOrVar","v":"plural"},"value"]},{"$i":"weeks-ago-long","$v":{"zero":"deze week","one":"vorige week","two":[{"t":"idOrVar","v":"value"}," weken geleden"],"few":[{"t":"idOrVar","v":"value"}," weken geleden"],"many":[{"t":"idOrVar","v":"value"}," weken geleden"],"other":[{"t":"idOrVar","v":"value"}," weken geleden"]},"$x":[{"t":"idOrVar","v":"plural"},"value"]},{"$i":"months-ago-long","$v":{"zero":"deze maand","one":"vorige maand","two":[{"t":"idOrVar","v":"value"}," maanden geleden"],"few":[{"t":"idOrVar","v":"value"}," maanden geleden"],"many":[{"t":"idOrVar","v":"value"}," maanden geleden"],"other":[{"t":"idOrVar","v":"value"}," maanden geleden"]},"$x":[{"t":"idOrVar","v":"plural"},"value"]},{"$i":"years-ago-long","$v":{"zero":"dit jaar","one":"vorig jaar","two":[{"t":"idOrVar","v":"value"}," jaar geleden"],"few":[{"t":"idOrVar","v":"value"}," jaar geleden"],"many":[{"t":"idOrVar","v":"value"}," jaar geleden"],"other":[{"t":"idOrVar","v":"value"}," jaar geleden"]},"$x":[{"t":"idOrVar","v":"plural"},"value"]},{"$i":"minutes-until-long","$v":{"zero":"nu","one":"zo meteen","two":["over ",{"t":"idOrVar","v":"value"}," minuten"],"few":["over ",{"t":"idOrVar","v":"value"}," minuten"],"many":["over ",{"t":"idOrVar","v":"value"}," minuten"],"other":["over ",{"t":"idOrVar","v":"value"}," minuten"]},"$x":[{"t":"idOrVar","v":"plural"},"value"]},{"$i":"hours-until-long","$v":{"zero":"nu","one":"over een uur","two":["over ",{"t":"idOrVar","v":"value"}," uur"],"few":["over ",{"t":"idOrVar","v":"value"}," uur"],"many":["over ",{"t":"idOrVar","v":"value"}," uur"],"other":["over ",{"t":"idOrVar","v":"value"}," uur"]},"$x":[{"t":"idOrVar","v":"plural"},"value"]},{"$i":"days-until-long","$v":{"zero":"vandaag","one":"morgen","two":["over ",{"t":"idOrVar","v":"value"}," dagen"],"few":["over ",{"t":"idOrVar","v":"value"}," dagen"],"many":["over ",{"t":"idOrVar","v":"value"}," dagen"],"other":["over ",{"t":"idOrVar","v":"value"}," dagen"]},"$x":[{"t":"idOrVar","v":"plural"},"value"]},{"$i":"weeks-until-long","$v":{"zero":"deze week","one":"volgende week","two":["over ",{"t":"idOrVar","v":"value"}," weken"],"few":["over ",{"t":"idOrVar","v":"value"}," weken"],"many":["over ",{"t":"idOrVar","v":"value"}," weken"],"other":["over ",{"t":"idOrVar","v":"value"}," weken"]},"$x":[{"t":"idOrVar","v":"plural"},"value"]},{"$i":"months-until-long","$v":{"zero":"deze maand","one":"volgende maand","two":["over ",{"t":"idOrVar","v":"value"}," maanden"],"few":["over ",{"t":"idOrVar","v":"value"}," maanden"],"many":["over ",{"t":"idOrVar","v":"value"}," maanden"],"other":["over ",{"t":"idOrVar","v":"value"}," maanden"]},"$x":[{"t":"idOrVar","v":"plural"},"value"]},{"$i":"years-until-long","$v":{"zero":"dit jaar","one":"volgend jaar","two":["over ",{"t":"idOrVar","v":"value"}," jaar"],"few":["over ",{"t":"idOrVar","v":"value"}," jaar"],"many":["over ",{"t":"idOrVar","v":"value"}," jaar"],"other":["over ",{"t":"idOrVar","v":"value"}," jaar"]},"$x":[{"t":"idOrVar","v":"plural"},"value"]},{"$i":"minutes-ago-short","$v":{"zero":"zojuist","other":[{"t":"idOrVar","v":"value"},"m geleden"]},"$x":[{"t":"idOrVar","v":"plural"},"value"]},{"$i":"hours-ago-short","$v":{"zero":"zojuist","other":[{"t":"idOrVar","v":"value"},"u geleden"]},"$x":[{"t":"idOrVar","v":"plural"},"value"]},{"$i":"days-ago-short","$v":{"zero":"vandaag","other":[{"t":"idOrVar","v":"value"},"d geleden"]},"$x":[{"t":"idOrVar","v":"plural"},"value"]},{"$i":"minutes-until-short","$v":{"zero":"nu","other":["over ",{"t":"idOrVar","v":"value"},"m"]},"$x":[{"t":"idOrVar","v":"plural"},"value"]},{"$i":"hours-until-short","$v":{"zero":"nu","other":["over ",{"t":"idOrVar","v":"value"},"h"]},"$x":[{"t":"idOrVar","v":"plural"},"value"]},{"$i":"days-until-short","$v":{"zero":"vandaag","other":["over ",{"t":"idOrVar","v":"value"},"d"]},"$x":[{"t":"idOrVar","v":"plural"},"value"]},{"$i":"incorrectDate","$v":"(onjuiste datum)"},{"$i":"dateTimeFormat_%c","$v":"%a %e %b %Y %H:%M:%S"},{"$i":"dateTimeFormat_%x","$v":"%d-%m-%Y"},{"$i":"dateTimeFormat_%X","$v":"%H:%M:%S"},{"$i":"shortTimeFormat","$v":"%H:%M"},{"$i":"shortTimeFormat12","$v":"%I:%M %p"},{"$i":"shortTimeFormat24","$v":"%H:%M"},{"$i":"shortDateTimeFormat","$v":"%x %H:%M"},{"$i":"weekStartsOnMonday","$v":"1"},{"$i":"firstDayOfTheWeek","$v":"1"},{"$i":"time_am","$v":"AM"},{"$i":"time_pm","$v":"PM"},{"$i":"label","$v":"Label"},{"$i":"mobile","$v":"Mobiel"},{"$i":"home","$v":"Thuis"},{"$i":"work","$v":"Werk"},{"$i":"personal","$v":"Privé"},{"$i":"faxHome","$v":"Fax thuis"},{"$i":"faxOffice","$v":"Fax kantoor"},{"$i":"faxOther","$v":"Fax overig"},{"$i":"another","$v":"Anders"},{"$i":"other","$v":"Anders"},{"$i":"customTag","placeholder":"Aangepast label"},{"$i":"current","$v":"Huidig"},{"$i":"itemWithLabel","$v":[{"t":"idOrVar","v":"label"},", ",{"t":"idOrVar","v":"item"}]},{"$i":"addNewNumber","$v":"Nieuw nummer toevoegen"},{"$i":"contactDetails","$v":"Contactdetails"},{"$i":"addToExistingContact","$v":"Toevoegen aan bestaand contact"},{"$i":"all","$v":"Alle","ariaLabel":"Alle"},{"$i":"bluetoothOption","ariaLabel":"Bluetooth"},{"$i":"callLog","$v":"Oproeplogboek"},{"$i":"callLogEdit","title":"Oproeplogboek bewerken"},{"$i":"callLogEditDialog","ariaLabel":"Dialoogvenster Oproeplogboek bewerken"},{"$i":"connecting","$v":"Verbinden"},{"$i":"connectingEllipsis","$v":"Verbinden…"},{"$i":"call-forwarding-async","$v":["Asynchroon: ",{"t":"idOrVar","v":"async"}]},{"$i":"call-forwarding-data","$v":["Gegevens: ",{"t":"idOrVar","v":"data"}]},{"$i":"call-forwarding-error","$v":"Er is een fout opgetreden tijdens het ophalen van de doorschakelstatus"},{"$i":"call-forwarding-fax","$v":["FAX: ",{"t":"idOrVar","v":"fax"}]},{"$i":"call-forwarding-inactive","$v":"Inactief"},{"$i":"call-forwarding-packet","$v":["Pakket: ",{"t":"idOrVar","v":"packet"}]},{"$i":"call-forwarding-pad","$v":["PAD: ",{"t":"idOrVar","v":"pad"}]},{"$i":"call-forwarding-sms","$v":["Sms: ",{"t":"idOrVar","v":"sms"}]},{"$i":"call-forwarding-status","$v":"Doorschakelstatus"},{"$i":"call-forwarding-sync","$v":["Synchroon: ",{"t":"idOrVar","v":"sync"}]},{"$i":"call-forwarding-voice","$v":["Spraak: ",{"t":"idOrVar","v":"voice"}]},{"$i":"confirm-deletion","$v":"Geselecteerde oproepen wissen?"},{"$i":"createNewContact","$v":"Nieuw contact aanmaken"},{"$i":"dialerAddContact","ariaLabel":"Contact toevoegen"},{"$i":"dialerAddContactDialog","ariaLabel":"Dialoogvenster Contact toevoegen"},{"$i":"callInformation","$v":"Oproepinformatie"},{"$i":"edit-selected","$v":{"one":[{"t":"idOrVar","v":"n"}," geselecteerd"],"two":[{"t":"idOrVar","v":"n"}," geselecteerd"],"few":[{"t":"idOrVar","v":"n"}," geselecteerd"],"many":[{"t":"idOrVar","v":"n"}," geselecteerd"],"other":[{"t":"idOrVar","v":"n"}," geselecteerd"]},"$x":[{"t":"idOrVar","v":"plural"},"n"]},{"$i":"hideKeypad","ariaLabel":"Toetsenblok verbergen"},{"$i":"ignore","$v":"Oproep negeren"},{"$i":"incoming","$v":"Inkomend"},{"$i":"keypad","ariaLabel":"Toetsenblok"},{"$i":"info-missed","$v":"Gemist"},{"$i":"missed","$v":"Gemist","ariaLabel":"Gemist"},{"$i":"canceled","$v":"Geannuleerd"},{"$i":"missedCall","$v":"Gemiste oproep"},{"$i":"missedCallMultiSims","$v":["(Simkaart ",{"t":"idOrVar","v":"n"},") Gemiste oproep"]},{"$i":"mmi-error","$v":"Er is een fout opgetreden tijdens het verzenden van het bericht"},{"$i":"mmi-session-expired","$v":"Sessie verlopen"},{"$i":"mmi-successfully-sent","$v":"Bericht met succes verzonden"},{"$i":"mmi-notification-title-with-sim","$v":["(",{"t":"idOrVar","v":"sim"},") ",{"t":"idOrVar","v":"title"}]},{"$i":"mute","ariaLabel":"Dempen"},{"$i":"newCall","ariaLabel":"Nieuwe oproep"},{"$i":"no-logs-msg-1","$v":"Geen oproepen vermeld"},{"$i":"no-logs-msg-2","$v":"Communicatie nu starten"},{"$i":"no-logs-msg-3","$v":"Geen gemiste oproepen"},{"$i":"onHoldOption","ariaLabel":"In wachtstand"},{"$i":"outgoing","$v":"Uitgaand"},{"$i":"recents","ariaLabel":"Recente oproepen"},{"$i":"reply","$v":"Antwoorden"},{"$i":"send","$v":"Verzenden"},{"$i":"switch-calls","$v":"Gesprekken wisselen"},{"$i":"withheld-number","$v":"Onderdrukt nummer"},{"$i":"from-contact","$v":["Van ",{"t":"idOrVar","v":"contact"}]},{"$i":"from-number","$v":["Van ",{"t":"idOrVar","v":"number"}]},{"$i":"from-withheld-number","$v":"Van onderdrukt nummer"},{"$i":"sending","$v":"Verzenden…"},{"$i":"speakerOption","ariaLabel":"Luidspreker"},{"$i":"ussd-services","$v":[{"t":"idOrVar","v":"operator"},"-services"]},{"$i":"toggleKeypad","ariaLabel":"Toetsenblok in-/uitschakelen"},{"$i":"type-your-response","placeholder":"Typ uw antwoord…"},{"$i":"clear-all-text","$v":"Alle tekst wissen"},{"$i":"hide","$v":"Verbergen"},{"$i":"hold","ariaLabel":"Wachtstand"},{"$i":"resume","$v":"Hervatten","ariaLabel":"Hervatten"},{"$i":"sendSms","$v":"Bericht verzenden"},{"$i":"callEnded","$v":"Gesprek beëindigd"},{"$i":"via-sim","$v":["via simkaart",{"t":"idOrVar","v":"n"}]},{"$i":"sim-number","$v":["Simkaart",{"t":"idOrVar","v":"n"}]},{"$i":"unknown","$v":"Onbekend"},{"$i":"hangup-a11y-button","ariaLabel":"Ophangen"},{"$i":"pickup-a11y-button","ariaLabel":"Opnemen"},{"$i":"unlock-a11y-button","ariaLabel":"Schuifregelaar"},{"$i":"settings","$v":"Instellingen"},{"$i":"delete-n-log?","$v":{"zero":"Niets geselecteerd","one":"Geselecteerde logboekvermelding verwijderen?","two":[{"t":"idOrVar","v":"n"}," logboekvermeldingen verwijderen?"],"few":[{"t":"idOrVar","v":"n"}," logboekvermeldingen verwijderen?"],"many":[{"t":"idOrVar","v":"n"}," logboekvermeldingen verwijderen?"],"other":[{"t":"idOrVar","v":"n"}," logboekvermeldingen verwijderen?"]},"$x":[{"t":"idOrVar","v":"plural"},"n"]},{"$i":"callDurationMinutes","$v":[{"t":"idOrVar","v":"m"},":",{"t":"idOrVar","v":"s"}]},{"$i":"callDurationHours","$v":[{"t":"idOrVar","v":"h"},":",{"t":"idOrVar","v":"m"},":",{"t":"idOrVar","v":"s"}]},{"$i":"callDurationTextFormatSeconds","$v":[{"t":"idOrVar","v":"s"}," s"]},{"$i":"callDurationTextFormatMinutes","$v":[{"t":"idOrVar","v":"m"}," m ",{"t":"idOrVar","v":"s"}," s"]},{"$i":"callDurationTextFormatHours","$v":[{"t":"idOrVar","v":"h"}," h ",{"t":"idOrVar","v":"m"}," m ",{"t":"idOrVar","v":"s"}," s"]},{"$i":"suggestionMatches","$v":{"one":[{"t":"idOrVar","v":"n"}," overeenkomst voor “",{"t":"idOrVar","v":"matchNumber"},"”"],"two":[{"t":"idOrVar","v":"n"}," overeenkomsten voor “",{"t":"idOrVar","v":"matchNumber"},"”"],"few":[{"t":"idOrVar","v":"n"}," overeenkomsten voor “",{"t":"idOrVar","v":"matchNumber"},"”"],"many":[{"t":"idOrVar","v":"n"}," overeenkomsten voor “",{"t":"idOrVar","v":"matchNumber"},"”"],"other":[{"t":"idOrVar","v":"n"}," overeenkomsten voor “",{"t":"idOrVar","v":"matchNumber"},"”"]},"$x":[{"t":"idOrVar","v":"plural"},"n"]},{"$i":"scCallBarring","$v":"Oproep blokkeren"},{"$i":"scCallForwarding","$v":"Doorschakelen"},{"$i":"scClip","$v":"Nummerweergave inkomend"},{"$i":"scClir","$v":"Nummerweergave uitgaand"},{"$i":"scPwd","$v":"Wachtwoordwijziging"},{"$i":"scCallWaiting","$v":"Wisselgesprek"},{"$i":"scPin","$v":"Pinwijziging"},{"$i":"scPin2","$v":"Pin2-wijziging"},{"$i":"scPuk","$v":"Pin deblokkeren"},{"$i":"scPuk2","$v":"Pin2 deblokkeren"},{"$i":"scImei","$v":"IMEI"},{"$i":"scUssd","$v":"USSD"},{"$i":"serviceClassVoice","$v":"Spraak"},{"$i":"serviceClassData","$v":"Gegevens"},{"$i":"serviceClassFax","$v":"FAX"},{"$i":"serviceClassSms","$v":"SMS"},{"$i":"serviceClassDataSync","$v":"Sync"},{"$i":"serviceClassDataAsync","$v":"Async"},{"$i":"serviceClassPacket","$v":"Pakket"},{"$i":"serviceClassPad","$v":"PAD"},{"$i":"smServiceEnabled","$v":"Service is ingeschakeld"},{"$i":"smServiceDisabled","$v":"Service is uitgeschakeld"},{"$i":"smServiceRegistered","$v":"Registratie is gelukt"},{"$i":"smServiceErased","$v":"Verwijdering is gelukt"},{"$i":"smServiceInterrogated","$v":"Aanvraag is gelukt"},{"$i":"smServiceNotProvisioned","$v":"Service niet ingericht"},{"$i":"smClirPermanent","$v":"U kunt de nummerweergave-instelling niet wijzigen"},{"$i":"smClirDefaultOnNextCallOn","$v":"Nummerweergave is standaard beperkt. Volgende oproep: beperkt"},{"$i":"smClirDefaultOnNextCallOff","$v":"Nummerweergave is standaard beperkt. Volgende oproep: niet beperkt"},{"$i":"smClirDefaultOffNextCallOn","$v":"Nummerweergave is standaard niet beperkt. Volgende oproep: beperkt"},{"$i":"smClirDefaultOffNextCallOff","$v":"Nummerweergave is standaard niet beperkt. Volgende oproep: niet beperkt"},{"$i":"smServiceEnabledFor","$v":"Service is ingeschakeld voor:"},{"$i":"smPinChanged","$v":"Pincode met succes gewijzigd"},{"$i":"smPinUnblocked","$v":"Pincode met succes gedeblokkeerd"},{"$i":"smPin2Changed","$v":"Pincode2 met succes gewijzigd"},{"$i":"smPin2Unblocked","$v":"Pincode2 met succes gedeblokkeerd"},{"$i":"ServiceIsEnabled","$v":"Service is ingeschakeld"},{"$i":"ServiceIsDisabled","$v":"Service is uitgeschakeld"},{"$i":"ServiceIsEnabledFor","$v":"Service is ingeschakeld voor:"},{"$i":"emMmiError","$v":"Verbindingsprobleem of ongeldige MMI-code"},{"$i":"emMmiErrorPasswordIncorrect","$v":"Onjuist wachtwoord"},{"$i":"emMmiErrorNotSupported","$v":"Ongeldige of niet-ondersteunde MMI-code"},{"$i":"emMmiErrorInvalidAction","$v":"Ongeldige actie"},{"$i":"emMmiErrorInvalidScCode","$v":"Ongeldige servicecode"},{"$i":"emMmiErrorBadPuk","$v":"De ingevoerde pukcode is onjuist"},{"$i":"emMmiErrorBadPin","$v":"De oude ingevoerde pincode is onjuist."},{"$i":"emMmiErrorNeedPuk2","$v":"Typ pukcode2 om simkaart te deblokkeren"},{"$i":"emMmiErrorMismatchPin","$v":"De ingevoerde pincodes komen niet overeen"},{"$i":"emMmiErrorInvalidPin","$v":"Typ een pincode van 4 tot 8 cijfers in"},{"$i":"emMmiErrorNeedsPuk","$v":"Uw simkaart is puk-vergrendeld"},{"$i":"emMmiErrorEnablePin","$v":"Niet gelukt. Schakel SIM/RUIM LOCK in"},{"$i":"emMmiErrorMmiFdn","$v":"Bewerking is beperkt tot vaste telefoonnummers"},{"$i":"emMmiErrorStkCcUssdDial","$v":"USSD-aanvraag is aangepast naar DIAL-aanvraag"},{"$i":"emMmiErrorStkCcUssdSs","$v":"USSD-aanvraag is aangepast naar SS-aanvraag"},{"$i":"emMmiErrorStkCcUssdUssd","$v":"USSD-aanvraag is aangepast naar nieuwe USSD-aanvraag"},{"$i":"emMmiErrorStkCcSsDial","$v":"SS-aanvraag is aangepast naar DIAL-aanvraag"},{"$i":"emMmiErrorStkCcSsUssd","$v":"SS-aanvraag is aangepast naar USSD-aanvraag"},{"$i":"emMmiErrorStkCcSsSs","$v":"SS-aanvraag is aangepast naar nieuwe SS-aanvraag"},{"$i":"emMmiErrorPinPukAttempts","$v":{"one":["Nog ",{"t":"idOrVar","v":"n"}," nieuwe poging over"],"two":[{"t":"idOrVar","v":"n"}," nieuwe pogingen over"],"few":[{"t":"idOrVar","v":"n"}," nieuwe pogingen over"],"many":[{"t":"idOrVar","v":"n"}," nieuwe pogingen over"],"other":[{"t":"idOrVar","v":"n"}," nieuwe pogingen over"]},"$x":[{"t":"idOrVar","v":"plural"},"n"]},{"$i":"emMmiErrorSimBlocked","$v":"Maximumaantal nieuwe pogingen bereikt. Simkaart geblokkeerd"},{"$i":"RadioNotAvailable","$v":"Radio niet beschikbaar"},{"$i":"GenericFailure","$v":"Algemene fout"},{"$i":"PasswordIncorrect","$v":"Wachtwoord onjuist"},{"$i":"SimPin2","$v":"Simpincode2"},{"$i":"SimPuk2","$v":"Simpukcode2"},{"$i":"RequestNotSupported","$v":"Aanvraag niet ondersteund"},{"$i":"OpNotAllowedDuringVoiceCall","$v":"Bewerking niet toegestaan tijdens spraakoproep"},{"$i":"SmsSendFailRetry","$v":"Sms-verzendfout-herhaling"},{"$i":"SimAbsent","$v":"Simkaart ontbreekt"},{"$i":"SubscriptionNotAvailable","$v":"Abonnement niet beschikbaar"},{"$i":"ModeNotSupported","$v":"Modus niet ondersteund"},{"$i":"FdnCheckFailure","$v":"Fdn-controle mislukt"},{"$i":"IllegalSimOrMe","$v":"Ongeldig(e) simkaart of ME"},{"$i":"DialModifiedToUssd","$v":"Dial aangepast naar USSD"},{"$i":"DialModifiedToSs","$v":"Dial aangepast naar SS"},{"$i":"DialModifiedToDial","$v":"Dial aangepast naar dial"},{"$i":"UssdModifiedToDial","$v":"USSD aangepast naar dial"},{"$i":"UssdModifiedToSs","$v":"USSD aangepast naar SS"},{"$i":"UssdModifiedToUssd","$v":"USSD aangepast naar USSD"},{"$i":"SsModifiedToDial","$v":"SS aangepast naar dial"},{"$i":"SsModifiedToUssd","$v":"SS aangepast naar USSD"},{"$i":"SsModifiedToSs","$v":"SS aangepast naar SS"},{"$i":"SubscriptionNotSupported","$v":"Abonnement niet ondersteund"},{"$i":"InvalidParameter","$v":"Ongeldige parameter"},{"$i":"RejectedByRemote","$v":"Geweigerd door externe partij"},{"$i":"conferenceCall","$v":["Vergadering (",{"t":"idOrVar","v":"n"},")"]},{"$i":"caller-left-call","$v":[{"t":"idOrVar","v":"caller"}," heeft het gesprek verlaten."]},{"$i":"conferenceAddError","$v":"Kan gesprekken niet samenvoegen"},{"$i":"conferenceRemoveError","$v":"Kan gesprekken niet splitsen"},{"$i":"longDateFormat","$v":"%A %e %B"},{"$i":"select-audio-sources","$v":"Audiobronnen selecteren"},{"$i":"bluetooth-handsfree-device","$v":"Bluetooth-handsfree-apparaat"},{"$i":"receiver","$v":"Ontvanger"},{"$i":"speaker","$v":"Luidspreker"},{"$i":"voicemailNoNumberTitle","$v":"Voicemailnummer niet beschikbaar"},{"$i":"voicemailNoNumberText","$v":"Kan voicemail niet bellen. Stel het voicemailnummer in om de oproep te maken."},{"$i":"voicemailNoNumberSettings","$v":"Instellingen"},{"$i":"voicemailNoNumberCancel","$v":"Annuleren"},{"$i":"phoneNumberInput","ariaLabel":"Telefoonnummer"},{"$i":"keypadDelete","ariaLabel":"Verwijderen"},{"$i":"voiceMailKey","ariaLabel":"Voicemail"},{"$i":"asterisk","ariaLabel":"Sterretje"},{"$i":"hashSign","ariaLabel":"Hashteken"},{"$i":"loadingSimContacts","$v":"Loading SIM card contacts…"},{"$i":"noContactsWereFound","$v":"No contacts were found"},{"$i":"noContactsFoundDialogOk","$v":"OK"},{"$i":"emergencyNumber","$v":"Noodnummer"},{"$i":"callAirplaneModeMessage","$v":"Om te bellen dient u de vliegtuigmodus uit te schakelen in Instellingen."},{"$i":"callAirplaneModeBtnOk","$v":"OK"},{"$i":"callAirplaneModeTitle","$v":"Vliegtuigmodus geactiveerd"},{"$i":"numberIsBusyTitle","$v":"Nummer in gesprek"},{"$i":"numberIsBusyMessage","$v":"Het nummer is momenteel in gesprek. Probeer het later nog eens."},{"$i":"fdnIsActiveTitle","$v":"FDN actief"},{"$i":"fdnIsActiveMessage","$v":["FDN (Fixed Dialing Numbers) is geactiveerd en het volgende nummer staat niet in uw FDN-lijst: ",{"t":"idOrVar","v":"number"}]},{"$i":"emergencyDialogBodyBadNumber","$v":"Om te bellen moet de telefoon met een netwerk zijn verbonden."},{"$i":"emergencyDialogBodyDeviceNotAccepted","$v":"Noodoproepen zijn niet toegestaan door het netwerk."},{"$i":"emergencyDialogBtnOk","$v":"OK"},{"$i":"emergencyDialogTitle","$v":"Geen netwerkverbinding"},{"$i":"invalidNumberToDialTitle","$v":"Ongeldig telefoonnummer"},{"$i":"invalidNumberToDialMessage","$v":"Het telefoonnummer dat u belt is niet geldig."},{"$i":"unableToCallTitle","$v":"Kan nu niet bellen"},{"$i":"unableToCallMessage","$v":"Kan niet bellen. Als u al bezig bent met kiezen, hang dan eerst op."},{"$i":"otherConnectionInUseTitle","$v":"Andere verbinding in gebruik"},{"$i":"otherConnectionInUseMessage","$v":"U hebt een actief gesprek op een andere verbinding. U kunt maar één verbinding tegelijk gebruiken."}]