[{"$i":"close","$v":"ਬੰਦ ਕਰੋ"},{"$i":"import","$v":"ਦਰਾਮਦ"},{"$i":"update","$v":"ਅੱਪਡੇਟ"},{"$i":"fbFriends","$v":"ਫੇਸਬੁੱਕ ਦੋਸਤ"},{"$i":"live-serviceName","$v":"ਆਉਟਲੁੱਕ"},{"$i":"gmail-serviceName","$v":"ਜੀਮੇਲ"},{"$i":"facebook-serviceName","$v":"ਫੇਸਬੁੱਕ ਦੋਸਤ"},{"$i":"selectAll","$v":"ਸਭ ਚੁਣੋ"},{"$i":"deselectAll","$v":"ਸਭ ਨਾ-ਚੁਣੋ"},{"$i":"viewAll","$v":"ਸਭ ਫੇਸਬੁੱਕ ਦੋਸਤ ਵੇਖੋ"},{"$i":"viewRecommend","$v":"ਕੇਵਲ ਵੇਖਣਾ ਸਿਫਾਰਸ਼ੀ"},{"$i":"linkProposal","$v":{"zero":"ਕੋਈ ਮਿਲਦਾ ਦੋਸਤ ਨਹੀਂ। ਸਭ ਵੇਖਾਏ ਜਾ ਰਹੇ ਹਨ","one":"ਸਿਫਾਰਸ਼ ਕੀਤਾ ਇੱਕ ਚੁਣੋ","two":"ਸਿਫਾਰਸ਼ ਕੀਤਾ ਇੱਕ ਚੁਣੋ","few":"ਸਿਫਾਰਸ਼ ਕੀਤਾ ਇੱਕ ਚੁਣੋ","many":"ਸਿਫਾਰਸ਼ ਕੀਤਾ ਇੱਕ ਚੁਣੋ","other":"ਸਿਫਾਰਸ਼ ਕੀਤਾ ਇੱਕ ਚੁਣੋ"},"$x":[{"t":"idOrVar","v":"plural"},"numFriends"]},{"$i":"fbFriendsFound","$v":{"zero":"ਤੁਹਾਡੇ ਸਭ ਦੋਸਤ ਇੰਪੋਰਟ ਕੀਤੇ ਗਏ","one":"ਇੰਪੋਰਟ ਕਰਨ ਲਈ ਇੱਕ ਦੋਸਤ ਲੱਭਿਆ","two":["ਇੰਪੋਰਟ ਕਰਨ ਲਈ ",{"t":"idOrVar","v":"numFriends"}," ਦੋਸਤ ਲੱਭੇ"],"few":["ਇੰਪੋਰਟ ਕਰਨ ਲਈ ",{"t":"idOrVar","v":"numFriends"}," ਦੋਸਤ ਲੱਭੇ"],"many":["ਇੰਪੋਰਟ ਕਰਨ ਲਈ ",{"t":"idOrVar","v":"numFriends"}," ਦੋਸਤ ਲੱਭੇ"],"other":["ਇੰਪੋਰਟ ਕਰਨ ਲਈ ",{"t":"idOrVar","v":"numFriends"}," ਦੋਸਤ ਲੱਭੇ"]},"$x":[{"t":"idOrVar","v":"plural"},"numFriends"]},{"$i":"fbNoFriends","$v":"No contacts available to import"},{"$i":"facebook","$v":"ਫੇਸਬੁੱਕ"},{"$i":"search-contact","placeholder":"ਖੋਜ"},{"$i":"noResults","$v":"ਕੋਈ ਸੰਪਰਕ ਨਹੀਂ ਲੱਭਿਆ"},{"$i":"done-search","$v":"ਮੁਕੰਮਲ"},{"$i":"progressFB3ImportTitle","$v":"ਦੋਸਤ ਸੰਪਰਕ ਵਿੱਚ ਇੰਪੋਰਟ ਕੀਤੇ ਜਾ ਰਹੇ ਹਨ"},{"$i":"progressFB","$v":[{"t":"idOrVar","v":"current"},"/",{"t":"idOrVar","v":"total"}]},{"$i":"progressFB3UpdateTitle","$v":"ਸੰਪਰਕਾਂ ਵਿੱਚ ਦੋਸਤ ਅੱਪਡੇਟ ਕੀਤੇ ਜਾ ਰਹੇ ਹਨ"},{"$i":"message2","$v":"ਇਸ ਨੂੰ ਕੁਝ ਕੁ ਮਿੰਟ ਵੀ ਲੱਗ ਸਕਦੇ ਹਨ"},{"$i":"messageLinking","$v":"ਰੁਕੋ ਜੀ। ਅਸੀਂ ਤੁਹਾਡੇ ਮਿੱਤਰ ਤੇ ਤੁਹਾਡੇ ਸੰਪਰਕ ਨੂੰ ਜੋੜ ਰਹੇ ਹਾਂ।"},{"$i":"messageCanceling","$v":"ਰੁਕੋ ਜੀ। ਅਸੀਂ ਜਾਰੀ ਕਾਰਵਾਈ ਨੂੰ ਰੱਦ ਕਰ ਰਹੇ ਹਾਂ"},{"$i":"error1","$v":[{"t":"idOrVar","v":"from"}," ਤੋਂ ਗਲਤੀ"]},{"$i":"error2","$v":"ਕੀ ਤੁਸੀਂ ਮੁੜ-ਕੋਸ਼ਿਸ਼ ਕਰਨੀ ਚਾਹੁੰਦੇ ਹੋ?"},{"$i":"errorProposal","$v":"ਪੇਸ਼ਕਸ਼ਾਂ ਦੀ ਗਿਣਤੀ ਕੀਤੀ ਜਾ ਰਹੀ ਹੈ"},{"$i":"errorFriends","$v":"ਦੋਸਤ ਪ੍ਰਾਪਤ ਕੀਤੇ ਜਾ ਰਹੇ ਹਨ"},{"$i":"errorLinking","$v":"ਸੰਪਰਕ ਲਿੰਕ ਕੀਤਾ ਜਾ ਰਿਹਾ ਹੈ"},{"$i":"timeout1","$v":[{"t":"idOrVar","v":"from"}," ਲਈ ਸਮਾਂ ਸਮਾਪਤ ਹੋਇਆ"]},{"$i":"timeout2","$v":"ਕੀ ਤੁਸੀਂ ਮੁੜ-ਕੋਸ਼ਿਸ਼ ਕਰਨੀ ਚਾਹੁੰਦੇ ਹੋ?"},{"$i":"timeoutProposal","$v":"ਪੇਸ਼ਕਸ਼ਾਂ ਦੀ ਗਿਣਤੀ ਕੀਤੀ ਜਾ ਰਹੀ ਹੈ"},{"$i":"timeoutFriends","$v":"ਦੋਸਤ ਪ੍ਰਾਪਤ ਕੀਤੇ ਜਾ ਰਹੇ ਹਨ"},{"$i":"timeoutLinking","$v":"ਸੰਪਰਕ ਲਿੰਕ ਕੀਤੇ ਜਾ ਰਹੇ ਹਨ"},{"$i":"wait1","$v":"ਰੁਕੋ ਜੀ"},{"$i":"wait2","$v":"ਇਸ ਨੂੰ ਕੁਝ ਕੁ ਮਿੰਟ ਵੀ ਲੱਗ ਸਕਦੇ ਹਨ"},{"$i":"waitProposal","$v":"ਰੁਕੋ ਜੀ। ਅਸੀਂ ਪੇਸ਼ਕਸ਼ ਦੀ ਗਿਣਤੀ ਕਰ ਰਹੇ ਹਾਂ।"},{"$i":"waitFriends","$v":"ਰੁਕੋ ਜੀ। ਅਸੀਂ ਤੁਹਾਡੀ ਦੋਸਤ ਸੂਚੀ ਪ੍ਰਾਪਤ ਕਰਨ ਲਈ ਕੁਨੈਕਟ ਕਰ ਰਹੇ ਹਾਂ।"},{"$i":"curtainCancel","$v":"ਰੱਦ ਕਰੋ"},{"$i":"curtainRetry","$v":"ਮੁੜ-ਕੋਸ਼ਿਸ਼"},{"$i":"curtainOK","$v":"ਠੀਕ ਹੈ"},{"$i":"connectionLost","$v":"ਕੋਈ ਇੰਟਰਨੈੱਟ ਕੁਨੈਕਸ਼ਨ ਨਹੀਂ ਹੈ"},{"$i":"connectionLostMsg","$v":"ਦੋਸਤਾਂ ਦੀਆਂ ਫੋਟੋ ਤੁਹਾਡੇ ਸੰਪਰਕਾਂ ਲਈ ਨਹੀਂ ਜੋੜੀਆਂ ਜਾਣਗੀਆਂ। ਕੀ ਜਾਰੀ ਰੱਖਣਾ ਹੈ?"},{"$i":"yesOption","$v":"ਠੀਕ ਹੈ"},{"$i":"noOption","$v":"ਰੱਦ ਕਰੋ"},{"$i":"friendsUpdated","$v":{"zero":"ਕੋਈ ਦੋਸਤ ਅੱਪਡੇਟ ਨਹੀਂ ਕੀਤਾ","one":"ਇੱਕ ਦੋਸਤ ਅੱਪਡੇਟ ਕੀਤਾ","two":[{"t":"idOrVar","v":"numFriends"}," ਦੋਸਤ ਅੱਪਡੇਟ ਕੀਤੇ"],"few":[{"t":"idOrVar","v":"numFriends"}," ਦੋਸਤ ਅੱਪਡੇਟ ਕੀਤੇ"],"many":[{"t":"idOrVar","v":"numFriends"}," ਦੋਸਤ ਅੱਪਡੇਟ ਕੀਤੇ"],"other":[{"t":"idOrVar","v":"numFriends"}," ਦੋਸਤ ਅੱਪਡੇਟ ਕੀਤੇ"]},"$x":[{"t":"idOrVar","v":"plural"},"numFriends"]},{"$i":"friendsMerged","$v":{"zero":"ਕੋਈ ਡੁਪਲੀਕੇਟ ਦੋਸਤ ਮਿਲਾਏ ਨਹੀਂ ਗਿਆ","one":"ਇੱਕ ਡੁਪਲੀਕੇਟ ਦੋਸਤ ਮਿਲਾਇਆ ਗਿਆ","two":[{"t":"idOrVar","v":"numDups"}," ਦੋਸਤ ਮਿਲਾਏ ਗਏ"],"few":[{"t":"idOrVar","v":"numDups"}," ਦੋਸਤ ਮਿਲਾਏ ਗਏ"],"many":[{"t":"idOrVar","v":"numDups"}," ਦੋਸਤ ਮਿਲਾਏ ਗਏ"],"other":[{"t":"idOrVar","v":"numDups"}," ਦੋਸਤ ਮਿਲਾਏ ਗਏ"]},"$x":[{"t":"idOrVar","v":"plural"},"numDups"]},{"$i":"notificationLogin","$v":"ਤੁਹਾਡਾ ਫੇਸਬੁੱਕ ਸ਼ੈਸ਼ਨ ਗਲਤ ਹੈ। ਸਾਇਨ ਇਨ ਕਰੋ।"},{"$i":"syncError","$v":"ਤੁਹਾਡੇ ਦੋਸਤਾਂ ਦਾ ਡਾਟਾ ਸਿੰਕ ਕਰਨ ਦੌਰਾਨ ਗਲਤੀ ਆਈ"},{"$i":"waitDuplicateContacts","$v":"ਡੁਪਲੀਕੇਟ ਸੰਪਰਕਾਂ ਦੀ ਖੋਜ ਜਾਰੀ"},{"$i":"waitMergingDuplicateContacts","$v":"ਡੁਪਲੀਕੇਟ ਸੰਪਰਕ ਮਿਲਾਏ ਜਾ ਰਹੇ ਹਨ"},{"$i":"alertNoDuplicateContacts","$v":"ਕੋਈ ਡੁਪਲੀਕੇਟ ਸੰਪਰਕ ਨਹੀਂ ਲੱਭਿਆ"},{"$i":"merge","ariaLabel":"Merge"},{"$i":"mergeDuplicateTitle","$v":"ਡੁਪਲੀਕੇਟ ਮਿਲਾਉ"},{"$i":"suggestedDuplicateContacts","$v":[{"t":"idOrVar","v":"name"}," ਲਈ ਸੁਝਾਏ ਡੁਪਲੀਕੇਟ ਸੰਪਰਕ"]},{"$i":"mergeActionButtonLabel","$v":{"zero":"ਕੋਈ ਸੰਪਰਕ ਨਹੀਂ ਚੁਣਿਆ","one":[{"t":"idOrVar","v":"n"}," ਸੰਪਰਕ ਨਾਲ ਮਿਲਾਉ"],"two":[{"t":"idOrVar","v":"n"}," ਸੰਪਰਕਾਂ ਨਾਲ ਮਿਲਾਉ"],"few":[{"t":"idOrVar","v":"n"}," ਸੰਪਰਕਾਂ ਨਾਲ ਮਿਲਾਉ"],"many":[{"t":"idOrVar","v":"n"}," ਸੰਪਰਕਾਂ ਨਾਲ ਮਿਲਾਉ"],"other":[{"t":"idOrVar","v":"n"}," ਸੰਪਰਕਾਂ ਨਾਲ ਮਿਲਾਉ"]},"$x":[{"t":"idOrVar","v":"plural"},"n"]},{"$i":"duplicatesFoundTitle","$v":"ਡੁਪਲੀਕੇਟ ਲੱਭੇ"},{"$i":"duplicatesFoundMessage","$v":["ਹੇਠ ਦਿੱਤੇ ਸੰਪਰਕਾਂ ਵਿੱਚ ",{"t":"idOrVar","v":"name"}," ਡੁਪਲੀਕੇਟ ਜਾਣਕਾਰੀ ਲੱਭੀ"]},{"$i":"ok","$v":"ਠੀਕ ਹੈ"},{"$i":"gaia-menu-cancel","$v":"ਰੱਦ ਕਰੋ"},{"$i":"gaia-sim-picker-dial-via-with-number","$v":["Dial ",{"t":"idOrVar","v":"phoneNumber"}," via"]},{"$i":"gaia-sim-picker-select-sim","$v":"Select SIM"},{"$i":"gaia-sim-picker-button","$v":["SIM",{"t":"idOrVar","v":"n"}]},{"$i":"gaia-sim-picker-button-default","$v":"(default)"},{"$i":"call","$v":"ਕਾਲ"},{"$i":"edit","$v":"ਸੋਧ"},{"$i":"cancel","$v":"ਰੱਦ ਕਰੋ"},{"$i":"done","$v":"ਮੁਕੰਮਲ"},{"$i":"retry","$v":"ਮੁੜ-ਕੋਸ਼ਿਸ਼"},{"$i":"contacts","$v":"ਸੰਪਰਕ"},{"$i":"addContact","$v":"ਸੰਪਰਕ ਜੋੜੋ"},{"$i":"deleteContact","$v":"ਸੰਪਰਕ ਹਟਾਓ"},{"$i":"selectContact","$v":"ਸੰਪਰਕ ਚੁਣੋ"},{"$i":"editContact","$v":"ਸੰਪਰਕ ਸੋਧ"},{"$i":"deleteConfirmMsg","$v":"ਸੰਪਰਕ ਹਟਾਉਣਾ ਹੈ?"},{"$i":"remove","$v":"ਹਟਾਓ"},{"$i":"delete","$v":"ਹਟਾਓ"},{"$i":"comments","$v":"ਟਿੱਪਣੀਆਂ"},{"$i":"no_contact_phones","$v":"ਇਹ ਸੰਪਰਕ ਕੋਲ ਫੋਨ ਨੰਬਰ ਨਹੀਂ ਹੈ"},{"$i":"no_contact_email","$v":"ਇਹ ਸੰਪਰਕ ਕੋਲ ਈਮੇਲ ਸਿਰਨਾਵਾਂ ਨਹੀਂ ਹੈ"},{"$i":"no_contact_data","$v":"This contact does not have a phone number and email address"},{"$i":"removePhotoConfirm","$v":"ਸੰਪਰਕ ਤਸਵੀਰ ਹਟਾਉਣੀ ਹੈ?"},{"$i":"loadingContacts","$v":"…ਸੰਪਰਕ ਲੋਡ ਕੀਤੇ ਜਾ ਰਹੇ ਹਨ"},{"$i":"noContactsActivity2","$v":"No contacts in your Contacts list"},{"$i":"noName","$v":"ਕੋਈ ਨਾਂ ਨਹੀਂ"},{"$i":"givenName","placeholder":"ਨਾਂ"},{"$i":"familyName","placeholder":"ਆਖਰੀ ਨਾਂ"},{"$i":"tel","placeholder":"ਫੋਨ"},{"$i":"carrier","$v":"ਕੈਰੀਅਰ","placeholder":"ਕੈਰੀਅਰ"},{"$i":"separator","$v":","},{"$i":"email","$v":"ਈਮੇਲ","placeholder":"ਈਮੇਲ"},{"$i":"streetAddress","placeholder":"ਗਲਤ"},{"$i":"postalCode","placeholder":"ਜ਼ਿਪ ਕੋਡ"},{"$i":"locality","placeholder":"ਸ਼ਹਿਰ"},{"$i":"countryName","placeholder":"ਦੇਸ਼"},{"$i":"comment","placeholder":"ਟਿੱਪਣੀ"},{"$i":"org","placeholder":"ਕੰਪਨੀ"},{"$i":"date","$v":"ਮਿਤੀ","placeholder":"ਮਿਤੀ"},{"$i":"date-span-placeholder","$v":"ਮਿਤੀ"},{"$i":"birthday","$v":"ਜਨਮਦਿਨ"},{"$i":"dateFormat","$v":"%e %B "},{"$i":"dateOutput","$v":[{"t":"idOrVar","v":"dayMonthFormatted"}," ",{"t":"idOrVar","v":"year"}]},{"$i":"anniversary","$v":"ਵਰੇਗੰਢ"},{"$i":"addPhoto","$v":"ਤਸਵੀਰ ਜੋੜੋ"},{"$i":"addPhone","$v":"ਫੋਨ ਜੋੜੋ"},{"$i":"addEmail","$v":"ਈਮੇਲ ਜੋੜੋ"},{"$i":"addAddress","$v":"ਸਿਰਨਾਵਾਂ ਜੋੜੋ"},{"$i":"addDate","$v":"ਮਿਤੀ ਜੋੜੋ"},{"$i":"addComment","$v":"ਟਿੱਪਣੀ ਜੋੜੋ"},{"$i":"addFavorite","$v":"ਪਸੰਦ ਵਿੱਚ ਜੋੜੋ"},{"$i":"removeFavorite","$v":"ਪਸੰਦ ਵਿੱਚੋਂ ਹਟਾਓ"},{"$i":"addButton","ariaLabel":"Add"},{"$i":"editButton","ariaLabel":"Edit"},{"$i":"settingsButton","ariaLabel":"Settings"},{"$i":"phoneDetail","ariaLabel":"Phone"},{"$i":"emailDetail","ariaLabel":"Email"},{"$i":"addressDetail","ariaLabel":"ਸਿਰਨਾਵਾਂ"},{"$i":"dateDetail","ariaLabel":"Date"},{"$i":"composeEmail","ariaLabel":"Email"},{"$i":"makeCall","ariaLabel":"Call"},{"$i":"phones","ariaLabel":"Phones"},{"$i":"emails","ariaLabel":"Emails"},{"$i":"addresses","ariaLabel":"ਸਿਰਨਾਵਾਂ"},{"$i":"dates","ariaLabel":"ਮਿਤੀ"},{"$i":"notes","ariaLabel":"Notes"},{"$i":"exit","$v":"Exit"},{"$i":"expand","$v":"Expand"},{"$i":"labelName","$v":"ਨਾਂ:"},{"$i":"labelLastName","$v":"Last name:"},{"$i":"labelPhoneNumber","$v":"ਫੋਨ ਨੰਬਰ:"},{"$i":"labelCarrier","$v":"Carrier:"},{"$i":"labelEmail","$v":"Email:"},{"$i":"labelStreet","$v":"Street:"},{"$i":"labelZip","$v":"Zip code:"},{"$i":"labelCity","$v":"City:"},{"$i":"labelCountry","$v":"Country:"},{"$i":"labelComment","$v":"Comment:"},{"$i":"legendTitleMain","$v":"ਮੁੱਖ ਜਾਣਕਾਰੀ"},{"$i":"legendPhones","$v":"Phone numbers"},{"$i":"legendEmail","$v":"ਈਮੇਲ ਸਿਰਨਾਵਾਂ"},{"$i":"legendAddress","$v":"ਸਿਰਨਾਵਾਂ"},{"$i":"transferContactsTitle","$v":"ਸੰਪਰਕ ਟਰਾਂਸਫਰ ਕਰੋ"},{"$i":"importContactsTitle","$v":"ਸੰਪਰਕ ਦਰਾਮਦ ਕਰੋ"},{"$i":"importContactsButton","$v":"ਸੰਪਰਕ ਦਰਾਮਦ"},{"$i":"exportContactsTitle","$v":"ਸੰਪਰਕ ਬਰਾਮਦ ਕਰੋ"},{"$i":"exportContactsButton","$v":"ਸੰਪਰਕ ਬਰਾਮਦ"},{"$i":"exportContactsAction","$v":"ਬਰਾਮਦ"},{"$i":"simExport-title","$v":"ਸਿਮ ਉਤੇ ਬਰਾਮਦ"},{"$i":"memoryCardExport-title","$v":"Export to memory card"},{"$i":"btExport-title","$v":"ਬਲਿਊਟੁੱਥ ਉੱਤੇ ਬਰਾਮਦ"},{"$i":"memoryCardUMSEnabled","$v":"Cannot use memory card because USB storage is enabled"},{"$i":"exportErrorTitle","$v":"ਬਰਾਮਦ ਗਲਤੀ"},{"$i":"contactsExported2","$v":{"zero":"ਕੋਈ ਸੰਪਰਕ ਬਰਾਮਦ ਨਹੀਂ ਕੀਤਾ","one":[{"t":"idOrVar","v":"exported"},"/",{"t":"idOrVar","v":"total"}," ਸੰਪਰਕ ਬਰਾਮਦ ਕੀਤੇ"],"two":[{"t":"idOrVar","v":"exported"},"/",{"t":"idOrVar","v":"total"}," ਸੰਪਰਕ ਬਰਾਮਦ ਕੀਤੇ"],"few":[{"t":"idOrVar","v":"exported"},"/",{"t":"idOrVar","v":"total"}," ਸੰਪਰਕ ਬਰਾਮਦ ਕੀਤੇ"],"many":[{"t":"idOrVar","v":"exported"},"/",{"t":"idOrVar","v":"total"}," ਸੰਪਰਕ ਬਰਾਮਦ ਕੀਤੇ"],"other":[{"t":"idOrVar","v":"exported"},"/",{"t":"idOrVar","v":"total"}," ਸੰਪਰਕ ਬਰਾਮਦ ਕੀਤੇ"]},"$x":[{"t":"idOrVar","v":"plural"},"exported"]},{"$i":"exportError-general","$v":"ਬਰਾਮਦ ਕਰਨ ਦੌਰਾਨ ਗਲਤੀ ਆਈ"},{"$i":"exportError-SD-shared","$v":"ਮੈਮੋਰੀਕਾਰਡ ਵਰਤਿਆ ਨਹੀਂ ਜਾ ਸਕਦਾ, ਕਿਉਂਕਿ ਇਹ ਸਾਂਝਾ ਕੀਤਾ ਹੈ"},{"$i":"exportError-SD-unavailable","$v":"ਮੈਮੋਰੀ ਕਾਰਡ ਉਪਲੱਬਧ ਨਹੀਂ"},{"$i":"exportError-SD-noSpace","$v":"ਸੰਪਰਕ ਬਰਾਮਦ ਕਰਨ ਲਈ ਮੈਮੋਰੀ ਕਾਰਡ ਉੱਤੇ ਲੋੜੀਂਦੀ ਥਾਂ ਨਹੀਂ ਹੈ"},{"$i":"exportError-SIM-unavailable","$v":"ਸਿਮ ਕਾਰਡ ਉਪਲੱਬਧ ਨਹੀਂ"},{"$i":"exportError-BT-shared","$v":"ਮੈਮੋਰੀ ਕਾਰਡ ਦੀ ਵਰਤੋਂ ਨਹੀਂ ਕੀਤੀ ਜਾ ਸਕਦੀ, ਕਿਉਂਕਿ ਇਹ ਸਾਂਝਾ ਕੀਤਾ ਹੈ"},{"$i":"exportError-BT-unavailable","$v":"ਮੈਮੋਰੀ ਕਾਰਡ ਉਪਲੱਬਧ ਨਹੀਂ"},{"$i":"exportError-BT-noSpace","$v":"ਸੰਪਰਕ ਬਰਾਮਦ ਕਰਨ ਲਈ ਮੈਮੋਰੀ ਕਾਰਡ ਉੱਤੇ ਲੋੜੀਂਦੀ ਥਾਂ ਨਹੀਂ ਹੈ"},{"$i":"social-network","$v":"ਸਮਾਜਿਕ ਨੈੱਟਵਰਕ"},{"$i":"social-link","$v":"ਸੰਪਰਕ ਲਿੰਕ ਕਰੋ"},{"$i":"social-unlink","$v":"ਸੰਪਰਕ ਲਿੰਕ ਹਟਾਓ"},{"$i":"social-unlink-confirm-title","$v":"ਕੀ ਤੁਸੀਂ ਆਪਣੇ ਦੋਸਤ ਨੂੰ ਅਣ-ਲਿੰਕ ਕਰਨਾ ਚਾਹੁੰਦੇ ਹੋ?"},{"$i":"social-unlink-confirm-accept","$v":"ਲਿੰਕ ਹਟਾਓ"},{"$i":"facebook-import","$v":"ਫੇਸਬੁੱਕ ਦੋਸਤ ਲਵੋ"},{"$i":"show-fb-profile","$v":"ਫੇਸਬੁੱਕ ਪ੍ਰੋਫਾਇਲ ਵੇਖੋ"},{"$i":"msg-send","$v":"ਸੁਨੇਹਾ"},{"$i":"wall-post","$v":"ਵਾਲ ਪੋਸਟ"},{"$i":"share-contact","$v":"Share Contact"},{"$i":"facebook-export-forbidden","$v":"ਸੰਪਰਕ ਨੂੰ ਫੇਸਬੁੱਕ ਪਾਬੰਦੀ ਕਰਕੇ ਸਾਂਝਾ ਨਹੀਂ ਕੀਤਾ ਜਾ ਸਕਦਾ।"},{"$i":"otherAccount","$v":"ਹੋਰ ਖਾਤੇ"},{"$i":"facebookSwitchMsg","$v":"ਦੋਸਤ ਸਿੰਕ ਕਰੋ"},{"$i":"select_mobile","$v":"ਮੋਬਾਇਲ ਚੁਣੋ"},{"$i":"select_email","$v":"ਈਮੇਲ ਚੁਣੋ"},{"$i":"select_recipient","$v":"Select recipient"},{"$i":"contactsOrderBy","$v":"ਆਖਰੀ ਨਾਂ ਮੁਤਾਬਕ"},{"$i":"importSim2","$v":"ਸਿਮ ਕਾਰਡ"},{"$i":"importGmail","$v":"ਜੀਮੇਲ"},{"$i":"bluetooth","$v":"ਬਲਿਊਟੁੱਥ"},{"$i":"importOutlook","$v":"ਆਉਟਲੁੱਕ"},{"$i":"fbUpdateFriends","$v":"ਦਰਾਮਦ ਕੀਤੇ ਦੋਸਤ ਅੱਪਡੇਟ ਕਰੋ"},{"$i":"cleaningFbData","$v":"ਫੇਸਬੁੱਕ ਡਾਟਾ ਹਟਾਓ"},{"$i":"loggingOutFb","$v":"ਫੇਸਬੁੱਕ ਤੋਂ ਲਾਗ ਆਉਟ ਕਰੋ"},{"$i":"cleanFbConfirmMsg","$v":"ਸਭ ਫੇਸਬੁੱਕ ਡਾਟਾ ਹਟਾਉਣਾ ਹੈ?"},{"$i":"renewPwdMsg","$v":"ਫੇਸਬੁੱਕ ਵਿੱਚ ਤੁਹਾਡਾ ਪਾਸਵਰਡ ਬਦਲਿਆ ਗਆ ਹੈ। ਇਸ ਨੂੰ ਅੱਪਡੇਟ ਕਰੋ ਜੀ।"},{"$i":"notEnabledYet","$v":"ਹਾਲੇ ਚਾਲੂ ਨਹੀਂ ਹੈ"},{"$i":"genericNoConnection","$v":"ਸੰਪਰਕ ਦਰਾਮਦ ਕਰਨ ਲਈ ਵਾਈ-ਫਾਈ ਡਾਟਾ ਨੈੱਟਵਰਕ ਨਾਲ ਕੁਨੈਕਟ ਹੋਵੋ"},{"$i":"simCard","$v":"ਸਿਮ ਕਾਡ"},{"$i":"memoryCard","$v":"ਮੈਮੋਰੀ ਕਾਰਡ"},{"$i":"simNumberNoMSISDN","$v":["SIM ",{"t":"idOrVar","v":"number"},":"]},{"$i":"simNumberWithMSISDN","$v":["SIM ",{"t":"idOrVar","v":"number"},": ",{"t":"idOrVar","v":"msisdn"}]},{"$i":"ICEContactsGroup","$v":"ICE Contacts"},{"$i":"setICEButton","$v":"ICE ਸੰਪਰਕ ਸੈੱਟ ਕਰੋ"},{"$i":"ICESettingTitle","$v":"ICE ਸੰਪਰਕ"},{"$i":"ICEDescription","$v":"Add two contacts for making “In Case of Emergency” calls."},{"$i":"ICEContact1","$v":"ICE ਸੰਪਰਕ 1"},{"$i":"ICESelectContact","$v":"ਸੰਪਰਕ ਚੁਣੋ"},{"$i":"ICEContact2","$v":"ICE ਸੰਪਰਕ 2"},{"$i":"ICERepeatedContact","$v":"This contact is already an existing ICE contact"},{"$i":"ICEUnknownError","$v":"There was an error setting the contact as ICE"},{"$i":"ICEContactNoNumber","$v":"This contact doesn't have a phone number"},{"$i":"ICEFacebookContactNotAllowed","$v":"Facebook contacts cannot be set as ICE contacts"},{"$i":"ICEContactDelTel","$v":"Deleted phone numbers are removed from ICE Contact"},{"$i":"ICEContactDelTelAll","$v":"All the numbers are deleted. This contact is removed from the ICE Contacts."},{"$i":"no-contacts","$v":"ਕੋਈ ਸੰਪਰਕ ਨਹੀਂ"},{"$i":"start-adding","$v":"ਉਹਨਾਂ ਨੂੰ ਹੁਣੇ ਜੋੜਨਾ ਸ਼ੁਰੂ ਕਰੋ"},{"$i":"notImported","$v":"ਦਰਾਮਦ ਨਹੀਂ"},{"$i":"imported","$v":"ਦਰਾਮਦ ਹੈ"},{"$i":"today","$v":"ਅੱਜ"},{"$i":"yesterday","$v":"ਕੱਲ੍ਹ"},{"$i":"organise-contacts","$v":"ਸੰਪਰਕ ਪ੍ਰਬੰਧ"},{"$i":"find-merge-contacts","$v":"ਡੁਪਲੀਕੇਟ ਸੰਪਰਕ ਲੱਭੋ"},{"$i":"preparing-contacts","$v":"ਸੰਪਰਕ ਤਿਆਰ ਕੀਤੇ ਜਾ ਰਹੇ ਹਨ"},{"$i":"exportError-SIM-NoFreeRecordFound","$v":"ਸਿਮ ਕਾਰਡ ਭਰ ਗਿਆ ਹੈ"},{"$i":"exportError-SIM-CannotAccessPhoneBook","$v":"ਅਸੀਂ ਸਿਮ ਕਾਰਡ ਦੀ ਫੋਨ ਬੁੱਕ ਨੂੰ ਵਰਤ ਨਹੀਂ ਸਕਦੇ"},{"$i":"exportError-SIM-Unavailable","$v":"ਕੋਈ ਸਿਮ ਨਹੀਂ ਮਿਲਿਆ"},{"$i":"exportError-SIM-GenericError","$v":"ਸੰਪਰਕ ਬਰਾਮਦ ਕਰਨ ਦੌਰਾਨ ਗਲਤੀ ਆਈ"},{"$i":"noSimMsgExport","$v":"ਸੰਪਰਕ ਬਰਾਮਦ ਕਰਨ ਲਈ ਆਪਣਾ ਸਿਮ ਕਾਰਡ ਪਾਉ ਜਾਂ ਅਣ-ਲਾਕ ਕਰੋ"},{"$i":"noMemoryCardMsgExport","$v":"ਸੰਪਰਕ ਬਰਾਮਦ ਕਰਨ ਲਈ ਮੈਮੋਰੀ ਕਾਰਡ ਪਾਉ"},{"$i":"ContactManagementTitle","$v":"ਸੰਪਰਕ ਪ੍ਰਬੰਧ"},{"$i":"DeleteTitle","$v":"ਹਟਾਓ"},{"$i":"bulkDeleteButton","$v":"ਸੰਪਰਕ ਹਟਾਓ"},{"$i":"BulkDelCancel","$v":"ਸੰਪਰਕ ਹਟਾਉਣਾ ਰੱਦ ਕੀਤਾ"},{"$i":"DeletedTxt","$v":{"zero":"ਹਟਾਉਣ ਲਈ ਕੋਈ ਸੰਪਰਕ ਨਹੀਂ","one":"1 ਸੰਪਰਕ ਹਟਾਇਆ","two":[{"t":"idOrVar","v":"n"}," ਸੰਪਰਕ ਹਟਾਏ"],"few":[{"t":"idOrVar","v":"n"}," ਸੰਪਰਕ ਹਟਾਏ"],"many":[{"t":"idOrVar","v":"n"}," ਸੰਪਰਕ ਹਟਾਏ"],"other":[{"t":"idOrVar","v":"n"}," ਸੰਪਰਕ ਹਟਾਏ"]},"$x":[{"t":"idOrVar","v":"plural"},"n"]},{"$i":"DeletingContacts","$v":"ਸੰਪਰਕ ਹਟਾਏ ਜਾ ਰਹੇ ਹਨ"},{"$i":"ContactConfirmDel","$v":{"zero":"ਹਟਾਉਣ ਲਈ ਕੋਈ ਸੰਪਰਕ ਨਹੀਂ","one":"1 ਸੰਪਰਕ ਹਟਾਉਣਾ ਹੈ? ਇਹ ਵਾਪਿਸ ਨਹੀਂ ਲਿਆ ਜਾ ਸਕਦਾ।","two":[{"t":"idOrVar","v":"n"}," ਸੰਪਰਕ ਹਟਾਉਣੇ ਹਨ? ਇਹ ਵਾਪਿਸ ਨਹੀਂ ਲਿਆ ਜਾ ਸਕਦਾ।"],"few":[{"t":"idOrVar","v":"n"}," ਸੰਪਰਕ ਹਟਾਉਣੇ ਹਨ? ਇਹ ਵਾਪਿਸ ਨਹੀਂ ਲਿਆ ਜਾ ਸਕਦਾ।"],"many":[{"t":"idOrVar","v":"n"}," ਸੰਪਰਕ ਹਟਾਉਣੇ ਹਨ? ਇਹ ਵਾਪਿਸ ਨਹੀਂ ਲਿਆ ਜਾ ਸਕਦਾ।"],"other":[{"t":"idOrVar","v":"n"}," ਸੰਪਰਕ ਹਟਾਉਣੇ ਹਨ? ਇਹ ਵਾਪਿਸ ਨਹੀਂ ਲਿਆ ਜਾ ਸਕਦਾ।"]},"$x":[{"t":"idOrVar","v":"plural"},"n"]},{"$i":"SelectedTxt","$v":{"zero":"ਸੰਪਰਕ","one":[{"t":"idOrVar","v":"n"}," ਚੁਣੇ"],"two":[{"t":"idOrVar","v":"n"}," ਚੁਣੇ"],"few":[{"t":"idOrVar","v":"n"}," ਚੁਣੇ"],"many":[{"t":"idOrVar","v":"n"}," ਚੁਣੇ"],"other":[{"t":"idOrVar","v":"n"}," ਚੁਣੇ"]},"$x":[{"t":"idOrVar","v":"plural"},"n"]},{"$i":"video","$v":"ਵੀਡੀਓ"},{"$i":"audio","$v":"ਆਡੀਓ"},{"$i":"pick_destination","$v":[{"t":"idOrVar","v":"destination"}," ",{"t":"idOrVar","v":"carrier"}]},{"$i":"removeField","ariaLabel":"ਹਟਾਓ"},{"$i":"undo","ariaLabel":"ਵਾਪਿਸ ਲਵੋ"},{"$i":"send-sms-button","ariaLabel":"SMS"},{"$i":"ice_contacts","$v":"ICE ਸੰਪਰਕ"},{"$i":"edit-picture","$v":"ਤਸਵੀਰ ਸੋਧੋ"},{"$i":"remove-photo","$v":"ਫ਼ੋਟੋ ਹਟਾਓ"},{"$i":"change-photo","$v":"ਫ਼ੋਟੋ ਬਦਲੋ"},{"$i":"photo-options","$v":"ਫ਼ੋਟੋ ਚੋਣਾਂ"},{"$i":"vCardContacts-imported","$v":{"zero":"No contacts imported","one":"Imported one contact","two":["Imported ",{"t":"idOrVar","v":"n"}," contacts"],"few":["Imported ",{"t":"idOrVar","v":"n"}," contacts"],"many":["Imported ",{"t":"idOrVar","v":"n"}," contacts"],"other":["Imported ",{"t":"idOrVar","v":"n"}," contacts"]},"$x":[{"t":"idOrVar","v":"plural"},"n"]},{"$i":"voiceMail","$v":"ਵਾਇਸਮੇਲ"},{"$i":"back","$v":"ਵਾਪਿਸ"},{"$i":"noSimMsg","$v":"ਸੰਪਰਕ ਦਰਾਮਦ ਕਰਨ ਲਈ ਆਪਣਾ ਸਿਮ ਕਾਰਡ ਪਾਓ ਜਾਂ ਅਣ-ਲਾਕ ਕਰੋ"},{"$i":"noMemoryCardMsg","$v":"ਸੰਪਰਕ ਦਰਾਮਦ ਕਰਨ ਲਈ ਮੈਮੋਰੀ ਕਾਰਡ ਪਾਓ"},{"$i":"importMemoryCard","$v":"ਮੈਮੋਰੀ ਕਾਰਡ"},{"$i":"noConnection11","$v":"ਫੇਸਬੁੱਕ ਦੋਸਤ ਜਾਂ ਸੰਪਰਕ ਦਰਾਮਦ ਕਰਨ ਲਈ ਵਾਈ-ਫਾਈ ਜਾਂ ਡਾਟਾ ਨੈੱਟਵਰਕ ਨਾਲ ਕੁਨੈਕਟ ਕਰੋ"},{"$i":"emptyAccount","$v":"No friends or contacts found in this account."},{"$i":"simContacts-import","$v":"ਸਿਮ ਸੰਪਰਕ ਦਰਾਮਦ ਕੀਤੇ ਜਾ ਰਹੇ ਹਨ"},{"$i":"simContacts-importing","$v":"…ਸਿਮ ਸੰਪਰਕ ਦਰਾਮਦ ਕੀਤੇ ਜਾ ਰਹੇ ਹਨ"},{"$i":"simContacts-reading","$v":"…ਸਿਮ ਕਾਰਡ ਪੜ੍ਹਿਆ ਜਾ ਰਿਹਾ ਹੈ"},{"$i":"simContacts-error","$v":"ਸਿਮ ਤੋਂ ਸੰਪਰਕ ਦਰਾਮਦ ਨਹੀਂ ਕੀਤੇ ਜਾ ਸਕੇ"},{"$i":"simContacts-imported3","$v":{"zero":"ਦਰਾਮਦ ਕਰਨ ਲਈ ਸਿਮ ਉੱਤੇ ਕੋਈ ਸੰਪਰਕ ਨਹੀਂ","one":"ਇੱਕ ਸੰਪਰਕ ਦਰਾਮਦ ਕੀਤਾ","two":[{"t":"idOrVar","v":"n"}," ਸੰਪਰਕ ਦਰਾਮਦ ਕੀਤੇ"],"few":[{"t":"idOrVar","v":"n"}," ਸੰਪਰਕ ਦਰਾਮਦ ਕੀਤੇ"],"many":[{"t":"idOrVar","v":"n"}," ਸੰਪਰਕ ਦਰਾਮਦ ਕੀਤੇ"],"other":[{"t":"idOrVar","v":"n"}," ਸੰਪਰਕ ਦਰਾਮਦ ਕੀਤੇ"]},"$x":[{"t":"idOrVar","v":"plural"},"n"]},{"$i":"memoryCardContacts-import","$v":"ਮੈਮੋਰੀ ਕਾਰਡ ਤੋਂ ਸੰਪਰਕ ਦਰਾਮਦ ਕੀਤੇ ਜਾ ਰਹੇ ਹਨ"},{"$i":"memoryCardContacts-importing","$v":"…ਮੈਮੋਰੀ ਕਾਰਡ ਤੋਂ ਸੰਪਰਕ ਦਰਾਮਦ ਕੀਤੇ ਜਾ ਰਹੇ ਹਨ"},{"$i":"memoryCardContacts-reading","$v":"…ਮੈਮੋਰੀ ਕਾਰਡ ਪੜ੍ਹਿਆ ਜਾ ਰਿਹਾ ਹੈ"},{"$i":"memoryCardContacts-error","$v":"ਮੈਮੋਰੀ ਕਾਰਡ ਤੋਂ ਸੰਪਰਕ ਦਰਾਮਦ ਨਹੀਂ ਕੀਤੇ ਜਾ ਸਕੇ"},{"$i":"memoryCardContacts-imported3","$v":{"zero":"ਦਰਾਮਦ ਕਰਨ ਲਈ ਮੈਮੋਰੀ ਕਾਰਡ ਉੱਤੇ ਕੋਈ ਸੰਪਰਕ ਨਹੀਂ ਹੈ","one":"ਇੱਕ ਸੰਪਰਕ ਦਰਾਮਦ ਕੀਤਾ","two":[{"t":"idOrVar","v":"n"}," ਸੰਪਰਕ ਦਰਾਮਦ ਕੀਤੇ"],"few":[{"t":"idOrVar","v":"n"}," ਸੰਪਰਕ ਦਰਾਮਦ ਕੀਤੇ"],"many":[{"t":"idOrVar","v":"n"}," ਸੰਪਰਕ ਦਰਾਮਦ ਕੀਤੇ"],"other":[{"t":"idOrVar","v":"n"}," ਸੰਪਰਕ ਦਰਾਮਦ ਕੀਤੇ"]},"$x":[{"t":"idOrVar","v":"plural"},"n"]},{"$i":"genericProgress","$v":[{"t":"idOrVar","v":"current"},"/",{"t":"idOrVar","v":"total"}]},{"$i":"facebook-import-msg2","$v":[{"t":"idOrVar","v":"imported"},"/",{"t":"idOrVar","v":"total"}," friends imported"]},{"$i":"contactsMerged","$v":{"zero":"ਕੋਈ ਡੁਪਲੀਕੇਟ ਸੰਪਰਕ ਨਹੀਂ ਮਿਲਾਇਆ ਗਿਆ","one":"ਇੱਕ ਡੁਪਲੀਕੇਟ ਸੰਪਰਕ ਮਿਲਾਇਆ ਗਿਆ","two":[{"t":"idOrVar","v":"numDups"}," ਸੰਪਰਕ ਮਿਲਾਏ ਗਏ"],"few":[{"t":"idOrVar","v":"numDups"}," ਸੰਪਰਕ ਮਿਲਾਏ ਗਏ"],"many":[{"t":"idOrVar","v":"numDups"}," ਸੰਪਰਕ ਮਿਲਾਏ ਗਏ"],"other":[{"t":"idOrVar","v":"numDups"}," ਸੰਪਰਕ ਮਿਲਾਏ ਗਏ"]},"$x":[{"t":"idOrVar","v":"plural"},"numDups"]},{"$i":"weekday-0-long","$v":"ਐਤਵਾਰ"},{"$i":"weekday-1-long","$v":"ਸੋਮਵਾਰ"},{"$i":"weekday-2-long","$v":"ਮੰਗਲਵਾਰ"},{"$i":"weekday-3-long","$v":"ਬੁੱਧਵਾਰ"},{"$i":"weekday-4-long","$v":"ਵੀਰਵਾਰ"},{"$i":"weekday-5-long","$v":"ਸ਼ੁੱਕਰਵਾਰ"},{"$i":"weekday-6-long","$v":"ਸ਼ਨਿੱਚਰਵਾਰ"},{"$i":"weekday-0-short","$v":"ਐਤ"},{"$i":"weekday-1-short","$v":"ਸੋਮ"},{"$i":"weekday-2-short","$v":"ਮੰਗਲ"},{"$i":"weekday-3-short","$v":"ਬੁੱਧ"},{"$i":"weekday-4-short","$v":"ਵੀਰ"},{"$i":"weekday-5-short","$v":"ਸ਼ੁੱਕਰ"},{"$i":"weekday-6-short","$v":"ਸ਼ਨਿੱ"},{"$i":"month-0-long","$v":"ਜਨਵਰੀ"},{"$i":"month-1-long","$v":"ਫਰਵਰੀ"},{"$i":"month-2-long","$v":"ਮਾਰਚ"},{"$i":"month-3-long","$v":"ਅਪਰੈਲ"},{"$i":"month-4-long","$v":"ਮਈ"},{"$i":"month-5-long","$v":"ਜੂਨ"},{"$i":"month-6-long","$v":"ਜੁਲਾਈ"},{"$i":"month-7-long","$v":"ਅਗਸਤ"},{"$i":"month-8-long","$v":"ਸਤੰਬਰ"},{"$i":"month-9-long","$v":"ਅਕਤੂਬਰ"},{"$i":"month-10-long","$v":"ਨਵੰਬਰ"},{"$i":"month-11-long","$v":"ਦਸੰਬਰ"},{"$i":"month-0-genitive","$v":"ਜਨਵਰੀ"},{"$i":"month-1-genitive","$v":"ਫਰਵਰੀ"},{"$i":"month-2-genitive","$v":"ਮਾਰਚ"},{"$i":"month-3-genitive","$v":"ਅਪਰੈਲ"},{"$i":"month-4-genitive","$v":"ਮਈ"},{"$i":"month-5-genitive","$v":"ਜੂਨ"},{"$i":"month-6-genitive","$v":"ਜੁਲਾਈ"},{"$i":"month-7-genitive","$v":"ਅਗਸਤ"},{"$i":"month-8-genitive","$v":"ਸਤੰਬਰ"},{"$i":"month-9-genitive","$v":"ਅਕਤੂਬਰ"},{"$i":"month-10-genitive","$v":"ਨਵੰਬਰ"},{"$i":"month-11-genitive","$v":"ਦਸੰਬਰ"},{"$i":"month-0-short","$v":"ਜਨ"},{"$i":"month-1-short","$v":"ਫਰ"},{"$i":"month-2-short","$v":"ਮਾਰ"},{"$i":"month-3-short","$v":"ਅਪ"},{"$i":"month-4-short","$v":"ਮਈ"},{"$i":"month-5-short","$v":"ਜੂਨ"},{"$i":"month-6-short","$v":"ਜੁਲਾ"},{"$i":"month-7-short","$v":"ਅਗ"},{"$i":"month-8-short","$v":"ਸਤੰ"},{"$i":"month-9-short","$v":"ਅਕਤੂ"},{"$i":"month-10-short","$v":"ਨਵੰ"},{"$i":"month-11-short","$v":"ਦਸੰ"},{"$i":"minutes-ago-long","$v":{"zero":"ਹੁਣੇ ਹੀਂ","one":"ਮਿੰਟ ਕੁ ਪਹਿਲਾਂ","two":[{"t":"idOrVar","v":"value"}," ਮਿੰਟ ਪਹਿਲਾਂ"],"few":[{"t":"idOrVar","v":"value"}," ਮਿੰਟ ਪਹਿਲਾਂ"],"many":[{"t":"idOrVar","v":"value"}," ਮਿੰਟ ਪਹਿਲਾਂ"],"other":[{"t":"idOrVar","v":"value"},"  ਮਿੰਟ ਪਹਿਲਾਂ"]},"$x":[{"t":"idOrVar","v":"plural"},"value"]},{"$i":"hours-ago-long","$v":{"zero":"ਹੁਣੇ ਹੀ","one":"ਘੰਟਾ ਪਹਿਲਾਂ","two":[{"t":"idOrVar","v":"value"}," ਘੰਟੇ ਪਹਿਲਾਂ"],"few":[{"t":"idOrVar","v":"value"}," ਘੰਟੇ ਪਹਿਲਾਂ"],"many":[{"t":"idOrVar","v":"value"}," ਘੰਟੇ ਪਹਿਲਾਂ"],"other":[{"t":"idOrVar","v":"value"}," ਘੰਟੇ ਪਹਿਲਾਂ"]},"$x":[{"t":"idOrVar","v":"plural"},"value"]},{"$i":"days-ago-long","$v":{"zero":"ਅੱਜ","one":"ਕੱਲ੍ਹ","two":[{"t":"idOrVar","v":"value"}," ਦਿਨ ਪਹਿਲਾਂ"],"few":[{"t":"idOrVar","v":"value"}," ਦਿਨ ਪਹਿਲਾਂ"],"many":[{"t":"idOrVar","v":"value"}," ਦਿਨ ਪਹਿਲਾਂ"],"other":[{"t":"idOrVar","v":"value"}," ਦਿਨ ਪਹਿਲਾਂ"]},"$x":[{"t":"idOrVar","v":"plural"},"value"]},{"$i":"weeks-ago-long","$v":{"zero":"ਇਹ ਹਫ਼ਤੇ","one":"ਪਿਛਲੇ ਹਫ਼ਤੇ","two":[{"t":"idOrVar","v":"value"}," ਹਫ਼ਤੇ ਪਹਿਲਾਂ"],"few":[{"t":"idOrVar","v":"value"}," ਹਫ਼ਤੇ ਪਹਿਲਾਂ"],"many":[{"t":"idOrVar","v":"value"}," ਹਫ਼ਤੇ ਪਹਿਲਾਂ"],"other":[{"t":"idOrVar","v":"value"}," ਹਫ਼ਤੇ ਪਹਿਲਾਂ"]},"$x":[{"t":"idOrVar","v":"plural"},"value"]},{"$i":"months-ago-long","$v":{"zero":"ਇਹ ਮਹੀਨੇ","one":"ਪਿਛਲੇ ਮਹੀਨੇ","two":[{"t":"idOrVar","v":"value"}," ਮਹੀਨੇ ਪਹਿਲਾਂ"],"few":[{"t":"idOrVar","v":"value"}," ਮਹੀਨੇ ਪਹਿਲਾਂ"],"many":[{"t":"idOrVar","v":"value"}," ਮਹੀਨੇ ਪਹਿਲਾਂ"],"other":[{"t":"idOrVar","v":"value"}," ਮਹੀਨੇ ਪਹਿਲਾਂ"]},"$x":[{"t":"idOrVar","v":"plural"},"value"]},{"$i":"years-ago-long","$v":{"zero":"ਇਹ ਸਾਲ","one":"ਪਿਛਲੇ ਸਾਲ","two":[{"t":"idOrVar","v":"value"}," ਸਾਲ ਪਹਿਲਾਂ"],"few":[{"t":"idOrVar","v":"value"}," ਸਾਲ ਪਹਿਲਾਂ"],"many":[{"t":"idOrVar","v":"value"}," ਸਾਲ ਪਹਿਲਾਂ"],"other":[{"t":"idOrVar","v":"value"}," ਸਾਲ ਪਹਿਲਾਂ"]},"$x":[{"t":"idOrVar","v":"plural"},"value"]},{"$i":"minutes-until-long","$v":{"zero":"ਹੁਣ","one":"ਮਿੰਟ ਵਿੱਚ","two":[{"t":"idOrVar","v":"value"}," ਮਿੰਟਾਂ ਵਿੱਚ"],"few":[{"t":"idOrVar","v":"value"}," ਮਿੰਟਾਂ ਵਿੱਚ"],"many":[{"t":"idOrVar","v":"value"}," ਮਿੰਟਾਂ ਵਿੱਚ"],"other":[{"t":"idOrVar","v":"value"}," ਮਿੰਟਾਂ ਵਿੱਚ"]},"$x":[{"t":"idOrVar","v":"plural"},"value"]},{"$i":"hours-until-long","$v":{"zero":"ਹੁਣ","one":"ਇੱਕ ਘੰਟੇ ਵਿੱਚ","two":[{"t":"idOrVar","v":"value"}," ਘੰਟਿਆਂ ਵਿੱਚ"],"few":[{"t":"idOrVar","v":"value"}," ਘੰਟਿਆਂ ਵਿੱਚ"],"many":[{"t":"idOrVar","v":"value"}," ਘੰਟਿਆਂ ਵਿੱਚ"],"other":[{"t":"idOrVar","v":"value"}," ਘੰਟਿਆਂ ਵਿੱਚ"]},"$x":[{"t":"idOrVar","v":"plural"},"value"]},{"$i":"days-until-long","$v":{"zero":"ਅੱਜ","one":"ਭਲਕੇ","two":[{"t":"idOrVar","v":"value"}," ਦਿਨਾਂ ਵਿੱਚ"],"few":[{"t":"idOrVar","v":"value"}," ਦਿਨਾਂ ਵਿੱਚ"],"many":[{"t":"idOrVar","v":"value"}," ਦਿਨਾਂ ਵਿੱਚ"],"other":[{"t":"idOrVar","v":"value"}," ਦਿਨਾਂ ਵਿੱਚ"]},"$x":[{"t":"idOrVar","v":"plural"},"value"]},{"$i":"weeks-until-long","$v":{"zero":"ਇਸ ਹਫ਼ਤੇ","one":"ਅਗਲੇ ਹਫ਼ਤੇ","two":[{"t":"idOrVar","v":"value"}," ਹਫ਼ਤਿਆਂ ਵਿੱਚ"],"few":[{"t":"idOrVar","v":"value"}," ਹਫ਼ਤਿਆਂ ਵਿੱਚ"],"many":[{"t":"idOrVar","v":"value"}," ਹਫ਼ਤਿਆਂ ਵਿੱਚ"],"other":[{"t":"idOrVar","v":"value"}," ਹਫ਼ਤਿਆਂ ਵਿੱਚ"]},"$x":[{"t":"idOrVar","v":"plural"},"value"]},{"$i":"months-until-long","$v":{"zero":"ਇਸ ਮਹੀਨੇ","one":"ਅਗਲੇ ਮਹੀਨੇ","two":[{"t":"idOrVar","v":"value"}," ਮਹੀਨਿਆਂ ਵਿੱਚ"],"few":[{"t":"idOrVar","v":"value"}," ਮਹੀਨਿਆਂ ਵਿੱਚ"],"many":[{"t":"idOrVar","v":"value"}," ਮਹੀਨਿਆਂ ਵਿੱਚ"],"other":[{"t":"idOrVar","v":"value"}," ਮਹੀਨਿਆਂ ਵਿੱਚ"]},"$x":[{"t":"idOrVar","v":"plural"},"value"]},{"$i":"years-until-long","$v":{"zero":"ਇਸ ਸਾਲ","one":"ਅਗਲੇ ਸਾਲ","two":[{"t":"idOrVar","v":"value"}," ਸਾਲਾਂ ਵਿੱਚ"],"few":[{"t":"idOrVar","v":"value"}," ਸਾਲਾਂ ਵਿੱਚ"],"many":[{"t":"idOrVar","v":"value"}," ਸਾਲਾਂ ਵਿੱਚ"],"other":[{"t":"idOrVar","v":"value"}," ਸਾਲਾਂ ਵਿੱਚ"]},"$x":[{"t":"idOrVar","v":"plural"},"value"]},{"$i":"minutes-ago-short","$v":{"zero":"ਹੁਣੇ ਹੀ","other":[{"t":"idOrVar","v":"value"},"ਮਿੰ ਪਹਿਲਾਂ"]},"$x":[{"t":"idOrVar","v":"plural"},"value"]},{"$i":"hours-ago-short","$v":{"zero":"ਹੁਣੇ ਹੀਂ","other":[{"t":"idOrVar","v":"value"},"ਘੰ ਪਹਿਲਾਂ"]},"$x":[{"t":"idOrVar","v":"plural"},"value"]},{"$i":"days-ago-short","$v":{"zero":"ਅੱਜ","other":[{"t":"idOrVar","v":"value"},"ਦਿ ਪਹਿਲਾਂ"]},"$x":[{"t":"idOrVar","v":"plural"},"value"]},{"$i":"minutes-until-short","$v":{"zero":"ਹੁਣ","other":[{"t":"idOrVar","v":"value"},"ਮਿੰ ਵਿੱਚ"]},"$x":[{"t":"idOrVar","v":"plural"},"value"]},{"$i":"hours-until-short","$v":{"zero":"ਹੁਣ","other":[{"t":"idOrVar","v":"value"},"ਘੰ ਵਿੱਚ"]},"$x":[{"t":"idOrVar","v":"plural"},"value"]},{"$i":"days-until-short","$v":{"zero":"ਅੱਜ","other":[{"t":"idOrVar","v":"value"},"ਦਿ ਵਿੱਚ"]},"$x":[{"t":"idOrVar","v":"plural"},"value"]},{"$i":"incorrectDate","$v":"(ਗਲਤ ਮਿਤੀ)"},{"$i":"dateTimeFormat_%c","$v":"%a %e %b  %Y %I:%M:%S %p"},{"$i":"dateTimeFormat_%x","$v":"%d/%m/%Y"},{"$i":"dateTimeFormat_%X","$v":"%I:%M:%S %p"},{"$i":"shortTimeFormat","$v":"%I:%M %p"},{"$i":"shortTimeFormat12","$v":"%I:%M %p"},{"$i":"shortTimeFormat24","$v":"%H:%M"},{"$i":"shortDateTimeFormat","$v":"%x %I:%M %p"},{"$i":"weekStartsOnMonday","$v":"1"},{"$i":"firstDayOfTheWeek","$v":"0"},{"$i":"time_am","$v":"ਸਵੇਰੇ"},{"$i":"time_pm","$v":"ਸ਼ਾਮ"},{"$i":"label","$v":"ਲੇਬਲ"},{"$i":"mobile","$v":"ਮੋਬਾਇਲ"},{"$i":"home","$v":"ਘਰ"},{"$i":"work","$v":"ਕੰਮ"},{"$i":"personal","$v":"ਨਿੱਜੀ"},{"$i":"faxHome","$v":"ਫੈਕਸ ਘਰ"},{"$i":"faxOffice","$v":"ਫੈਕਸ ਦਫ਼ਤਰ"},{"$i":"faxOther","$v":"ਫੈਕਸ ਹੋਰ"},{"$i":"another","$v":"ਹੋਰ"},{"$i":"other","$v":"ਹੋਰ"},{"$i":"customTag","placeholder":"ਪਸੰਦੀਦਾ ਟੈਗ"},{"$i":"current","$v":"ਮੌਜੂਦਾ"},{"$i":"itemWithLabel","$v":[{"t":"idOrVar","v":"label"},", ",{"t":"idOrVar","v":"item"}]},{"$i":"addNewNumber","$v":"ਨਵਾਂ ਨੰਬਰ ਜੋੜੋ"},{"$i":"contactDetails","$v":"ਸੰਪਰਕ ਵੇਰਵਾ"},{"$i":"addToExistingContact","$v":"ਮੌਜੂਦਾ ਸੰਪਰਕ ਵਿੱਚ ਜੋੜੋ"},{"$i":"all","$v":"ਸਭ","ariaLabel":"ਸਭ"},{"$i":"bluetoothOption","ariaLabel":"Bluetooth"},{"$i":"callLog","$v":"ਕਾਲ ਲਾਗ"},{"$i":"callLogEdit","title":"ਕਾਲ ਲਾਗ ਸੋਧ"},{"$i":"callLogEditDialog","ariaLabel":"ਕਾਲ ਲਾਗ ਸੋਧ ਡਾਈਲਾਗ"},{"$i":"connecting","$v":"ਕੁਨੈਕਟ ਕੀਤਾ ਜਾ ਰਿਹਾ ਹੈ"},{"$i":"connectingEllipsis","$v":"Connecting…"},{"$i":"call-forwarding-async","$v":["Asynchronous: ",{"t":"idOrVar","v":"async"}]},{"$i":"call-forwarding-data","$v":["Data: ",{"t":"idOrVar","v":"data"}]},{"$i":"call-forwarding-error","$v":"An error occurred while retrieving call forwarding status"},{"$i":"call-forwarding-fax","$v":["FAX: ",{"t":"idOrVar","v":"fax"}]},{"$i":"call-forwarding-inactive","$v":"Inactive"},{"$i":"call-forwarding-packet","$v":["Packet: ",{"t":"idOrVar","v":"packet"}]},{"$i":"call-forwarding-pad","$v":["PAD: ",{"t":"idOrVar","v":"pad"}]},{"$i":"call-forwarding-sms","$v":["SMS: ",{"t":"idOrVar","v":"sms"}]},{"$i":"call-forwarding-status","$v":"Call forwarding status"},{"$i":"call-forwarding-sync","$v":["Synchronous: ",{"t":"idOrVar","v":"sync"}]},{"$i":"call-forwarding-voice","$v":["Voice: ",{"t":"idOrVar","v":"voice"}]},{"$i":"confirm-deletion","$v":"ਚੁਣੀਆਂ ਕਾਲਾਂ ਹਟਾਉਣੀਆਂ ਹਨ?"},{"$i":"createNewContact","$v":"ਨਵਾਂ ਸੰਪਰਕ ਬਣਾਓ"},{"$i":"dialerAddContact","ariaLabel":"ਸੰਪਰਕ ਜੋੜੋ"},{"$i":"dialerAddContactDialog","ariaLabel":"Add Contact Dialog"},{"$i":"callInformation","$v":"ਕਾਲ ਜਾਣਕਾਰੀ"},{"$i":"edit-selected","$v":{"one":[{"t":"idOrVar","v":"n"}," ਚੁਣਿਆ"],"two":[{"t":"idOrVar","v":"n"}," ਚੁਣੇ"],"few":[{"t":"idOrVar","v":"n"}," ਚੁਣੇ"],"many":[{"t":"idOrVar","v":"n"}," ਚੁਣੇ"],"other":[{"t":"idOrVar","v":"n"}," ਚੁਣੇ"]},"$x":[{"t":"idOrVar","v":"plural"},"n"]},{"$i":"hideKeypad","ariaLabel":"ਕੀਪੈਡ ਓਹਲੇ"},{"$i":"ignore","$v":"ਕਾਲ ਅਣਡਿੱਠੀ"},{"$i":"incoming","$v":"ਆਉਣ"},{"$i":"keypad","ariaLabel":"ਕੀਪੈਡ"},{"$i":"info-missed","$v":"ਮਿਸ ਹੋਈਆਂ"},{"$i":"missed","$v":"ਛੱਡੀਆਂ","ariaLabel":"ਛੱਡੀ"},{"$i":"canceled","$v":"ਰੱਦ ਕੀਤਾ"},{"$i":"missedCall","$v":"ਛੱਡੀ ਕਾਲ"},{"$i":"missedCallMultiSims","$v":["(ਸਿਮ ",{"t":"idOrVar","v":"n"},") ਛੱਡੀ ਕਾਲ"]},{"$i":"mmi-error","$v":"ਸੁਨੇਹਾ ਭੇਜੇਣ ਦੌਰਾਨ ਗਲਤੀ ਆਈ ਹੈ"},{"$i":"mmi-session-expired","$v":"ਸ਼ੈਸ਼ਨ ਦੀ ਮਿਆਦ ਪੁੱਗੀ"},{"$i":"mmi-successfully-sent","$v":"ਸੁਨੇਹਾ ਠੀਕ ਤਰ੍ਹਾਂ ਭੇਜਿਆ ਗਿਆ"},{"$i":"mmi-notification-title-with-sim","$v":["(",{"t":"idOrVar","v":"sim"},") ",{"t":"idOrVar","v":"title"}]},{"$i":"mute","ariaLabel":"ਮੌਨ"},{"$i":"newCall","ariaLabel":"ਨਵੀਂ ਕਾਲ"},{"$i":"no-logs-msg-1","$v":"ਕੋਈ ਕਾਲ ਰਿਕਾਰਡ ਨਹੀਂ ਹੈ"},{"$i":"no-logs-msg-2","$v":"ਹੁਣ ਸੰਚਾਰ ਸ਼ੁਰੂ ਕਰੋ"},{"$i":"no-logs-msg-3","$v":"ਕੋਈ ਮਿਸ ਹੋਈ ਕਾਲ ਨਹੀਂ ਹੈ"},{"$i":"onHoldOption","ariaLabel":"On hold"},{"$i":"outgoing","$v":"Outgoing"},{"$i":"recents","ariaLabel":"ਤਾਜ਼ਾ ਕਾਲਾਂ"},{"$i":"reply","$v":"ਜਵਾਬ"},{"$i":"send","$v":"ਭੇਜੋ"},{"$i":"switch-calls","$v":"ਕਾਲਾਂ ਬਦਲੋ"},{"$i":"withheld-number","$v":"ਰੋਕਿਆ ਨੰਬਰ"},{"$i":"from-contact","$v":[{"t":"idOrVar","v":"contact"}," ਵਲੋਂ"]},{"$i":"from-number","$v":[{"t":"idOrVar","v":"number"}," ਤੋਂ"]},{"$i":"from-withheld-number","$v":"ਰੋਕੇ ਨੰਬਰ ਤੋਂ"},{"$i":"sending","$v":"…ਭੇਜਿਆ ਜਾ ਰਿਹਾ ਹੈ"},{"$i":"speakerOption","ariaLabel":"ਸਪੀਕਰ"},{"$i":"ussd-services","$v":[{"t":"idOrVar","v":"operator"}," ਸੇਵਾਵਾਂ"]},{"$i":"toggleKeypad","ariaLabel":"ਕੀਪੈਡ ਬਦਲੋ"},{"$i":"type-your-response","placeholder":"…ਆਪਣਾ ਜਵਾਬ ਲਿਖੋ"},{"$i":"clear-all-text","$v":"ਸਾਰਾ ਟੈਕਸਟ ਸਾਫ਼ ਕਰੋ"},{"$i":"hide","$v":"ਓਹਲੇ"},{"$i":"hold","ariaLabel":"ਰੋਕੋ"},{"$i":"resume","$v":"ਮੁੜ ਲਵੋ","ariaLabel":"ਮੁੜ-ਲਵੋ"},{"$i":"sendSms","$v":"ਸੁਨੇਹਾ ਭੇਜੋ"},{"$i":"callEnded","$v":"ਕਾਲ ਬੰਦ ਕੀਤੀ"},{"$i":"via-sim","$v":["ਸਿਮ",{"t":"idOrVar","v":"n"}," ਰਾਹੀਂ"]},{"$i":"sim-number","$v":["ਸਿਮ",{"t":"idOrVar","v":"n"}]},{"$i":"unknown","$v":"Unknown"},{"$i":"hangup-a11y-button","ariaLabel":"ਬੰਦ ਕੀਤੀ"},{"$i":"pickup-a11y-button","ariaLabel":"ਲਈ ਗਈ"},{"$i":"unlock-a11y-button","ariaLabel":"ਸਲਾਈਡਰ"},{"$i":"settings","$v":"ਸੈਟਿੰਗ"},{"$i":"delete-n-log?","$v":{"zero":"ਕੁਝ ਨਹੀਂ ਚੁਣਿਆ","one":"ਚੁਣਿਆ ਲਾਗ ਹਟਾਉਣਾ ਹੈ?","two":[{"t":"idOrVar","v":"n"}," ਲਾਗ ਹਟਾਉਣਾ ਹੈ?"],"few":[{"t":"idOrVar","v":"n"}," ਲਾਗ ਹਟਾਉਣਾ ਹੈ?"],"many":[{"t":"idOrVar","v":"n"}," ਲਾਗ ਹਟਾਉਣਾ ਹੈ?"],"other":[{"t":"idOrVar","v":"n"}," ਲਾਗ ਹਟਾਉਣਾ ਹੈ?"]},"$x":[{"t":"idOrVar","v":"plural"},"n"]},{"$i":"callDurationMinutes","$v":[{"t":"idOrVar","v":"m"},":",{"t":"idOrVar","v":"s"}]},{"$i":"callDurationHours","$v":[{"t":"idOrVar","v":"h"},":",{"t":"idOrVar","v":"m"},":",{"t":"idOrVar","v":"s"}]},{"$i":"callDurationTextFormatSeconds","$v":[{"t":"idOrVar","v":"s"}," s"]},{"$i":"callDurationTextFormatMinutes","$v":[{"t":"idOrVar","v":"m"}," m ",{"t":"idOrVar","v":"s"}," s"]},{"$i":"callDurationTextFormatHours","$v":[{"t":"idOrVar","v":"h"}," h ",{"t":"idOrVar","v":"m"}," m ",{"t":"idOrVar","v":"s"}," s"]},{"$i":"suggestionMatches","$v":{"one":["\"",{"t":"idOrVar","v":"matchNumber"},"\" ਲਈ ",{"t":"idOrVar","v":"n"}," ਮਿਲਦੇ"],"two":["\"",{"t":"idOrVar","v":"matchNumber"},"\" ਲਈ ",{"t":"idOrVar","v":"n"}," ਮਿਲਦੇ"],"few":["\"",{"t":"idOrVar","v":"matchNumber"},"\" ਲਈ ",{"t":"idOrVar","v":"n"}," ਮਿਲਦੇ"],"many":["\"",{"t":"idOrVar","v":"matchNumber"},"\" ਲਈ ",{"t":"idOrVar","v":"n"}," ਮਿਲਦੇ"],"other":["\"",{"t":"idOrVar","v":"matchNumber"},"\" ਲਈ ",{"t":"idOrVar","v":"n"}," ਮਿਲਦੇ"]},"$x":[{"t":"idOrVar","v":"plural"},"n"]},{"$i":"scCallBarring","$v":"ਕਾਲ ਰੁਕਾਵਟ"},{"$i":"scCallForwarding","$v":"ਕਾਲ ਅੱਗੇ ਭੇਜਣੀ"},{"$i":"scClip","$v":"ਆਉਣ ਕਾਲਰ ID"},{"$i":"scClir","$v":"ਬਾਹਰ ਕਾਲਰ ID"},{"$i":"scPwd","$v":"ਪਾਸਵਰਡ ਬਦਲਿਆ"},{"$i":"scCallWaiting","$v":"ਕਾਲ ਉਡੀਕ"},{"$i":"scPin","$v":"ਪਿੰਨ ਬਦਲੋ"},{"$i":"scPin2","$v":"PIN2 ਬਦਲੋ"},{"$i":"scPuk","$v":"ਪਿੰਨ ਅਣ-ਬਲਾਕ"},{"$i":"scPuk2","$v":"PIN2 ਅਣ-ਬਲਾਕ"},{"$i":"scImei","$v":"IMEI"},{"$i":"scUssd","$v":"USSD"},{"$i":"serviceClassVoice","$v":"ਵਾਇਸ"},{"$i":"serviceClassData","$v":"ਡਾਟਾ"},{"$i":"serviceClassFax","$v":"ਫੈਕਸ"},{"$i":"serviceClassSms","$v":"SMS"},{"$i":"serviceClassDataSync","$v":"ਸਿੰਕ"},{"$i":"serviceClassDataAsync","$v":"ਅ-ਸਿੰਕ"},{"$i":"serviceClassPacket","$v":"ਪੈਕੇਟ"},{"$i":"serviceClassPad","$v":"PAD"},{"$i":"smServiceEnabled","$v":"ਸੇਵਾ ਚਾਲੂ ਕੀਤੀ ਗਈ"},{"$i":"smServiceDisabled","$v":"ਸੇਵਾ ਬੰਦ ਕੀਤੀ ਗਈ"},{"$i":"smServiceRegistered","$v":"ਰਜਿਸਟਰੇਸ਼ਨ ਸਫ਼ਲ ਰਹੀ"},{"$i":"smServiceErased","$v":"ਮਿਟਾਉਣਾ ਸਫ਼ਲ ਰਿਹਾ"},{"$i":"smServiceInterrogated","$v":"ਬੇਨਤੀ ਸਫ਼ਲ ਰਹੀ"},{"$i":"smServiceNotProvisioned","$v":"ਸੇਵਾ ਪ੍ਰਬੰਧੀ ਅਧੀਨ ਨਹੀਂ"},{"$i":"smClirPermanent","$v":"ਤੁਸੀਂ ਕਾਲਰ ਆਈਡੀ ਸੈਟਿੰਗ ਨਹੀਂ ਬਦਲ ਸਕਦੇ ਹੋ।"},{"$i":"smClirDefaultOnNextCallOn","$v":"ਕਾਲਰ ID ਮੂਲ ਤੌਰ ਉੱਤੇ ਸੀਮਤ ਹੈ। ਅਗਲੀ ਕਾਲ: ਸੀਮਤ"},{"$i":"smClirDefaultOnNextCallOff","$v":"ਕਾਲਰ ID ਮੂਲ ਤੌਰ ਉੱਤੇ ਸੀਮਤ ਹੈ। ਅਗਲੀ ਕਾਲ: ਸੀਮਤ ਨਹੀਂ"},{"$i":"smClirDefaultOffNextCallOn","$v":"ਕਾਲਰ ID ਮੂਲ ਤੌਰ ਉੱਤੇ ਸੀਮਤ ਨਹੀਂ ਹੈ। ਅਗਲੀ ਕਾਲ: ਸੀਮਤ"},{"$i":"smClirDefaultOffNextCallOff","$v":"ਕਾਲਰ ID ਮੂਲ ਤੌਰ ਉੱਤੇ ਸੀਮਤ ਨਹੀਂ ਹੈ। ਅਗਲੀ ਕਾਲ: ਸੀਮਤ ਨਹੀਂ"},{"$i":"smServiceEnabledFor","$v":"ਸੇਵਾ ਚਾਲੂ ਹੈ:"},{"$i":"smPinChanged","$v":"PIN ਠੀਕ ਤਰ੍ਹਾਂ ਬਦਲਿਆ ਗਿਆ"},{"$i":"smPinUnblocked","$v":"PIN ਠੀਕ ਤਰ੍ਹਾਂ ਅਣ-ਬਲਾਕ ਕੀਤਾ"},{"$i":"smPin2Changed","$v":"PIN2 ਠੀਕ ਤਰ੍ਹਾਂ ਬਦਲਿਆ ਗਿਆ"},{"$i":"smPin2Unblocked","$v":"PIN2 ਠੀਕ ਤਰ੍ਹਾਂ ਅਣ-ਬਲਾਕ ਕੀਤਾ"},{"$i":"ServiceIsEnabled","$v":"Service is enabled"},{"$i":"ServiceIsDisabled","$v":"Service is disabled"},{"$i":"ServiceIsEnabledFor","$v":"Service is enabled for:"},{"$i":"emMmiError","$v":"ਕੁਨੈਕਸ਼ਨ ਨਾਲ ਸਮੱਸਿਆ ਜਾਂ ਗਲਤ MMI ਕੋਡ"},{"$i":"emMmiErrorPasswordIncorrect","$v":"ਗਲਤ ਪਾਸਵਰਡ"},{"$i":"emMmiErrorNotSupported","$v":"ਗਲਤ ਜਾਂ ਗ਼ੈਰ-ਸਹਾਇਕ MMI ਕੋਡ"},{"$i":"emMmiErrorInvalidAction","$v":"ਗਲਤ ਕਾਰਵਾਈ"},{"$i":"emMmiErrorInvalidScCode","$v":"ਗਲਤ ਸੇਵਾ ਕੋਡ"},{"$i":"emMmiErrorBadPuk","$v":"ਤੁਹਾਡੇ ਵਲੋਂ ਦਿੱਤਾ PUK  ਠੀਕ ਨਹੀਂ ਹੈ।"},{"$i":"emMmiErrorBadPin","$v":"ਤੁਹਾਡੇ ਵਲੋਂ ਦਿੱਤਾ ਪੁਰਾਣਾ ਪਿੰਨ  ਠੀਕ ਨਹੀਂ ਹੈ।"},{"$i":"emMmiErrorNeedPuk2","$v":"ਸਿਮ ਕਾਰਡ ਅਣ-ਬਲਾਕ ਕਰਨ ਲਈ  PUK2 ਦਿਉ।"},{"$i":"emMmiErrorMismatchPin","$v":"ਤੁਹਾਡੇ ਵਲੋਂ ਦਿੱਤੇ ਪਿੰਨ ਮਿਲਦੇ ਨਹੀਂ ਹਨ।"},{"$i":"emMmiErrorInvalidPin","$v":"4 ਤੋਂ 8 ਅੰਕਾਂ ਦਾ ਪਿੰਨ ਦਿਉ"},{"$i":"emMmiErrorNeedsPuk","$v":"ਤੁਹਾਡਾ ਸਿਮ ਕਾਰਡ PUK-ਲਾਕ ਹੈ।"},{"$i":"emMmiErrorEnablePin","$v":"ਅਸਫ਼ਲ ਹੈ।  SIM/RUIM ਲਾਕ ਚਾਲੂ ਕਰੋ।"},{"$i":"emMmiErrorMmiFdn","$v":"ਕਾਰਵਾਈ ਕੇਵਲ ਸਥਿਰ ਡਾਇਲ ਨੰਬਰਾਂ ਉੱਤੇ ਕਾਲ ਕਰਨ ਲਈ ਹੀ ਸੀਮਿਤ ਹੈ"},{"$i":"emMmiErrorStkCcUssdDial","$v":"USSD ਬੇਨਤੀ DIAL ਬੇਨਤੀ ਲਈ ਸੋਧੀ ਗਈ"},{"$i":"emMmiErrorStkCcUssdSs","$v":"USSD ਬੇਨਤੀ SS ਬੇਨਤੀ ਲਈ ਸੋਧੀ ਗਈ"},{"$i":"emMmiErrorStkCcUssdUssd","$v":"USSD ਬੇਨਤੀ ਨਵੀਂ USSD  ਬੇਨਤੀ ਲਈ ਸੋਧੀ ਗਈ"},{"$i":"emMmiErrorStkCcSsDial","$v":"SS ਬੇਨਤੀ DIAL  ਬੇਨਤੀ ਲਈ ਸੋਧੀ ਗਈ"},{"$i":"emMmiErrorStkCcSsUssd","$v":"SS ਬੇਨਤੀ USSD  ਬੇਨਤੀ ਲਈ ਸੋਧੀ ਗਈ"},{"$i":"emMmiErrorStkCcSsSs","$v":"SS ਬੇਨਤੀ ਨਵੀਂ SS  ਬੇਨਤੀ ਲਈ ਸੋਧੀ ਗਈ"},{"$i":"emMmiErrorPinPukAttempts","$v":{"one":["ਕੇਵਲ ",{"t":"idOrVar","v":"n"}," ਮੁੜ-ਕੋਸ਼ਿਸ਼ ਬਾਕੀ"],"two":[{"t":"idOrVar","v":"n"}," ਮੁੜ-ਕੋਸ਼ਿਸ਼ਾਂ ਬਾਕੀ"],"few":[{"t":"idOrVar","v":"n"}," ਮੁੜ-ਕੋਸ਼ਿਸ਼ਾਂ ਬਾਕੀ"],"many":[{"t":"idOrVar","v":"n"}," ਮੁੜ-ਕੋਸ਼ਿਸ਼ਾਂ ਬਾਕੀ"],"other":[{"t":"idOrVar","v":"n"}," ਮੁੜ-ਕੋਸ਼ਿਸ਼ਾਂ ਬਾਕੀ"]},"$x":[{"t":"idOrVar","v":"plural"},"n"]},{"$i":"emMmiErrorSimBlocked","$v":"ਮੁੜ-ਕੋਸ਼ਿਸ ਕਰਨ ਦੀ ਵੱਧ ਤੋਂ ਵੱਧ ਹੱਟ ਟੱਪੀ। ਸਿਮ ਬਲਾਕ ਹੈ"},{"$i":"RadioNotAvailable","$v":"ਰੇਡੀਓ ਉਪਲੱਬਧ ਨਹੀਂ"},{"$i":"GenericFailure","$v":"ਸਧਾਰਨ ਗਲਤੀ"},{"$i":"PasswordIncorrect","$v":"ਪਾਸਵਰਡ ਫੇਲ੍ਹ ਹੈ"},{"$i":"SimPin2","$v":"ਸਿਮ PIN2"},{"$i":"SimPuk2","$v":"ਸਿਮ PUK2"},{"$i":"RequestNotSupported","$v":"ਬੇਨਤੀ ਸਹਾਇਕ ਨਹੀਂ"},{"$i":"OpNotAllowedDuringVoiceCall","$v":"ਵਾਇਸ ਕਾਲ ਦੇ ਦੌਰਾਨ ਕਾਰਵਾਈ ਸਹਾਇਕ ਨਹੀਂ"},{"$i":"SmsSendFailRetry","$v":"SMS ਭੇਜਣਾ ਫੇਲ੍ਹ ਮੁੜ-ਕੋਸ਼ਿਸ਼"},{"$i":"SimAbsent","$v":"ਸਿਮ ਗੈਰਹਾਜ਼ਰ"},{"$i":"SubscriptionNotAvailable","$v":"ਮੈਂਬਰੀ ਉਪਲੱਬਧ ਨਹੀਂ"},{"$i":"ModeNotSupported","$v":"ਮੋਡ ਸਹਾਇਕ ਨਹੀਂ"},{"$i":"FdnCheckFailure","$v":"Fdn ਜਾਂਚ ਫੇਲ੍ਹ ਹੈ"},{"$i":"IllegalSimOrMe","$v":"ਗਲਤ ਸਿਮ ਜਾਂ ME"},{"$i":"DialModifiedToUssd","$v":"USSD ਲਈ ਸੋਧਿਆ ਡਾਇਲ"},{"$i":"DialModifiedToSs","$v":"SS ਲਈ ਸੋਧਿਆ ਡਾਇਲ"},{"$i":"DialModifiedToDial","$v":"ਡਾਇਲ ਲਈ ਸੋਧਿਆ ਡਾਇਲ"},{"$i":"UssdModifiedToDial","$v":"ਡਾਇਲ ਲਈ ਸੋਧਿਆ USSD "},{"$i":"UssdModifiedToSs","$v":"SS ਲਈ ਸੋਧਿਆ USSD "},{"$i":"UssdModifiedToUssd","$v":"USSD ਲਈ ਸੋਧਿਆ USSD "},{"$i":"SsModifiedToDial","$v":"ਡਾਇਲ ਲਈ ਸੋਧਿਆ SS"},{"$i":"SsModifiedToUssd","$v":"USSD  ਲਈ ਸੋਧਿਆ SS"},{"$i":"SsModifiedToSs","$v":"SS ਲਈ ਸੋਧਿਆ SS"},{"$i":"SubscriptionNotSupported","$v":"ਮੈਂਬਰੀ ਸਹਾਇਕ ਨਹੀਂ"},{"$i":"InvalidParameter","$v":"ਗਲਤ ਮਾਪਢੰਡ"},{"$i":"RejectedByRemote","$v":"ਰਿਮੋਟ ਵਲੋਂ ਰੱਦ ਕੀਤਾ"},{"$i":"conferenceCall","$v":["Conference (",{"t":"idOrVar","v":"n"},")"]},{"$i":"caller-left-call","$v":[{"t":"idOrVar","v":"caller"}," ਨੇ ਕਾਲ ਛੱਡੀ"]},{"$i":"conferenceAddError","$v":"ਕਾਲਾਂ ਮਿਲਾਉਣ ਲਈ ਅਸਮਰੱਥ"},{"$i":"conferenceRemoveError","$v":"ਕਾਲਾਂ ਵੱਖ-ਵੱਖ ਕਰਨ ਲਈ ਅਸਮਰੱਥ"},{"$i":"longDateFormat","$v":"%A, %e %B"},{"$i":"select-audio-sources","$v":"ਆਡੀਓ ਸਰੋਤ ਚੁਣੋ"},{"$i":"bluetooth-handsfree-device","$v":"ਬਲਿਊਟੁੱਥ ਹੈਡ-ਫਰੀ ਯੰਤਰ"},{"$i":"receiver","$v":"ਰਸੀਵਰ"},{"$i":"speaker","$v":"ਸਪੀਕਰ"},{"$i":"voicemailNoNumberTitle","$v":"ਵਾਇਸਮੇਲ ਨੰਬਰ ਉਪਲੱਬਧ ਨਹੀਂ"},{"$i":"voicemailNoNumberText","$v":"ਵਾਇਸਮੇਲ ਨੂੰ ਕਾਲ ਕਰਨ ਲਈ ਅਸਮਰੱਥ। ਕਾਲ ਕਰਨ ਲਈ ਵਾਇਸਮੇਲ ਨੰਬਰ ਦਿਉ।"},{"$i":"voicemailNoNumberSettings","$v":"ਸੈਟਿੰਗ"},{"$i":"voicemailNoNumberCancel","$v":"ਰੱਦ ਕਰੋ"},{"$i":"phoneNumberInput","ariaLabel":"ਫੋਨ ਨੰਬਰ"},{"$i":"keypadDelete","ariaLabel":"ਹਟਾਓ"},{"$i":"voiceMailKey","ariaLabel":"ਵੋਆਇਸਮੇਲ"},{"$i":"asterisk","ariaLabel":"ਤਾਰਾ"},{"$i":"hashSign","ariaLabel":"ਹੈਸ਼"},{"$i":"loadingSimContacts","$v":"Loading SIM card contacts…"},{"$i":"noContactsWereFound","$v":"No contacts were found"},{"$i":"noContactsFoundDialogOk","$v":"OK"},{"$i":"emergencyNumber","$v":"ਐਮਰਜੈਂਸੀ ਨੰਬਰ"},{"$i":"callAirplaneModeMessage","$v":"ਕਾਲ ਕਰਨ ਲਈ ਤੁਹਾਨੂੰ ਏਅਰਪਲੇਨ ਮੋਡ ਸੈਟਿੰਗ ਵਿੱਚੋਂ ਬੰਦ ਕਰਨਾ ਹੋਵੇਗਾ।"},{"$i":"callAirplaneModeBtnOk","$v":"ਠੀਕ ਹੈ"},{"$i":"callAirplaneModeTitle","$v":"ਏਅਰਪਲੇਨ ਮੋਡ ਚਾਲੂ ਹੈ"},{"$i":"numberIsBusyTitle","$v":"ਨੰਬਰ ਰੁੱਝਿਆ ਹੈ"},{"$i":"numberIsBusyMessage","$v":"ਨੰਬਰ ਇਸ ਸਮੇਂ ਰੁਝਿਆ ਹੋਇਆ ਹੈ। ਕਿਰਪਾ ਕਰਕੇ ਬਾਅਦ ਵਿੱਚ ਕੋਸ਼ਿਸ਼ ਕਰੋ।"},{"$i":"fdnIsActiveTitle","$v":"FDN ਸਰਗਰਮ"},{"$i":"fdnIsActiveMessage","$v":["FDN (ਸਥਿਰ ਡਾਇਲ ਨੰਬਰ) ਸਰਗਰਮ ਹੈ ਅਤੇ ਹੇਠ ਦਿੱਤਾ ਨੰਬਰ ਤੁਹਾਡੀ ਐਫਡੀਐਨ ਸੂਚੀ ਵਿੱਚ ਨਹੀਂ: ",{"t":"idOrVar","v":"number"}]},{"$i":"emergencyDialogBodyBadNumber","$v":"ਕਾਲ ਕਰਨ ਲਈ ਫੋਨ ਨੈੱਟਵਰਕ ਨਾਲ ਕੁਨੈਕਟ ਹੋਣਾ ਚਾਹੀਦਾ ਹੈ।"},{"$i":"emergencyDialogBodyDeviceNotAccepted","$v":"ਨੈੱਟਵਰਕ ਉੱਤੇ ਐਮਰਜੈਂਸੀ ਨੰਬਰਾਂ ਦੀ ਇਜ਼ਾਜ਼ਤ ਨਹੀਂ ਹੈ।"},{"$i":"emergencyDialogBtnOk","$v":"ਠੀਕ ਹੈ"},{"$i":"emergencyDialogTitle","$v":"ਕੋਈ ਨੈੱਟਵਰਕ ਕੁਨੈਕਸ਼ਨ ਨਹੀਂ ਹੈ"},{"$i":"invalidNumberToDialTitle","$v":"ਗਲਤ ਫੋਨ ਨੰਬਰ"},{"$i":"invalidNumberToDialMessage","$v":"ਫੋਨ ਨੰਬਰ, ਜਿਸ ਉੱਤੇ ਤੁਸੀਂ ਕਾਲ ਕਰ ਰਹੇ ਹੋ, ਠੀਕ ਨਹੀਂ ਹੈ।"},{"$i":"unableToCallTitle","$v":"ਹੁਣ ਫੋਨ ਕਾਲ ਕਰਨ ਲਈ ਅਸਮਰੱਥ"},{"$i":"unableToCallMessage","$v":"ਕਾਲ ਨਹੀਂ ਕੀਤੀ ਜਾ ਸਕਦੀ। ਜੇ ਤੁਸੀਂ ਪਹਿਲਾਂ ਹੀ ਡਾਇਲ ਕਰ ਰਹੇ ਹੋ ਤਾਂ ਪਹਿਲਾਂ ਰੋਕ ਦਿਉ।"},{"$i":"otherConnectionInUseTitle","$v":"ਹੋਰ ਕੁਨੈਕਸ਼ਨ ਵਰਤੋਂ ਵਿੱਚ ਹੈ।"},{"$i":"otherConnectionInUseMessage","$v":"ਤੁਹਾਡੇ ਕੋਲ ਹੋਰ ਕੁਨੈਕਸ਼ਨ ਉੱਤੇ ਸਰਗਰਮ ਕਾਲ ਹੈ। ਤੁਸੀਂ ਇੱਕ ਸਮੇਂ ਕੇਵਲ ਇੱਕ ਹੀ ਕੁਨੈਕਸ਼ਨ ਵਰਤ ਸਕਦੇ ਹੋ।"}]