[{"$i":"close","$v":"Zamknij"},{"$i":"import","$v":"Importuj"},{"$i":"update","$v":"Uaktualnij"},{"$i":"fbFriends","$v":"Facebook - znajomi"},{"$i":"live-serviceName","$v":"Outlook"},{"$i":"gmail-serviceName","$v":"Gmail"},{"$i":"facebook-serviceName","$v":"Facebook"},{"$i":"selectAll","$v":"Zaznacz wszystko"},{"$i":"deselectAll","$v":"Odznacz wszystko"},{"$i":"viewAll","$v":"Wyświetl wszystkich znajomych"},{"$i":"viewRecommend","$v":"Wyświetl tylko rekomendowanych"},{"$i":"linkProposal","$v":{"zero":"Nie znaleziono pasujących znajomych. Wyświetlono wszystkich","one":"Wybierz rekomendowanego","two":"Wybierz rekomendowanych","few":"Wybierz rekomendowanych","many":"Wybierz rekomendowanych","other":""},"$x":[{"t":"idOrVar","v":"plural"},"numFriends"]},{"$i":"fbFriendsFound","$v":{"zero":"Kontakty wszystkich zostały wcześniej zaimportowane","one":"Znaleziono kontakt jednego znajomego do zaimportowania","two":["Znaleziono ",{"t":"idOrVar","v":"numFriends"}," kontakty znajomych do zaimportowania"],"few":["Znaleziono ",{"t":"idOrVar","v":"numFriends"}," kontakty znajomych do zaimportowania"],"many":["Znaleziono ",{"t":"idOrVar","v":"numFriends"}," kontaktów znajomych do zaimportowania"],"other":""},"$x":[{"t":"idOrVar","v":"plural"},"numFriends"]},{"$i":"fbNoFriends","$v":"Brak kontaktów do zaimportowania"},{"$i":"facebook","$v":"Kontakty znajomych z Facebooka"},{"$i":"search-contact","placeholder":"Wyszukaj"},{"$i":"noResults","$v":"Nie znaleziono znajomych"},{"$i":"done-search","$v":"Gotowe"},{"$i":"progressFB3ImportTitle","$v":"Importowanie kontaktów znajomych"},{"$i":"progressFB","$v":[{"t":"idOrVar","v":"current"},"/",{"t":"idOrVar","v":"total"}]},{"$i":"progressFB3UpdateTitle","$v":"Aktualizowanie lokalnych kontaktów znajomych"},{"$i":"message2","$v":"To może zająć kilka minut"},{"$i":"messageLinking","$v":"Proszę czekać. Trwa łączenie kontaktów znajomych z lokalnymi."},{"$i":"messageCanceling","$v":"Proszę czekać. Trwa anulowanie trwającej operacji."},{"$i":"error1","$v":["Błąd ",{"t":"idOrVar","v":"from"}]},{"$i":"error2","$v":"Spróbować ponownie?"},{"$i":"errorProposal","$v":"tworzenia propozycji"},{"$i":"errorFriends","$v":"uzyskiwania listy znajomych"},{"$i":"errorLinking","$v":"łączenie kontaktów"},{"$i":"timeout1","$v":["Przekroczono limit czasu ",{"t":"idOrVar","v":"from"}]},{"$i":"timeout2","$v":"Spróbować ponownie?"},{"$i":"timeoutProposal","$v":"tworzenia propozycji"},{"$i":"timeoutFriends","$v":"uzyskiwania listy znajomych"},{"$i":"timeoutLinking","$v":"łączenie kontaktów"},{"$i":"wait1","$v":"Proszę czekać"},{"$i":"wait2","$v":"To może zająć kilka minut"},{"$i":"waitProposal","$v":"Proszę czekać. Tworzenie propozycji."},{"$i":"waitFriends","$v":"Proszę czekać. Łączenie w celu pobrania listy znajomych."},{"$i":"curtainCancel","$v":"Anuluj"},{"$i":"curtainRetry","$v":"Ponów"},{"$i":"curtainOK","$v":"OK"},{"$i":"connectionLost","$v":"Brak połączenia z Internetem"},{"$i":"connectionLostMsg","$v":"Zdjęcia znajomych nie zostaną dodane do kontaktów. Kontynuować mimo to?"},{"$i":"yesOption","$v":"OK"},{"$i":"noOption","$v":"Anuluj"},{"$i":"friendsUpdated","$v":{"zero":"Nie uaktualniono żadnych kontaktów znajomych","one":"Uaktualniono jeden kontakt","two":["Uaktualniono ",{"t":"idOrVar","v":"numFriends"}," kontakty"],"few":["Uaktualniono ",{"t":"idOrVar","v":"numFriends"}," kontakty"],"many":["Uaktualniono ",{"t":"idOrVar","v":"numFriends"}," kontaktów"],"other":""},"$x":[{"t":"idOrVar","v":"plural"},"numFriends"]},{"$i":"friendsMerged","$v":{"zero":"Nie złączono żadnych powielonych kontaktów","one":"Złączono jeden powielony kontakt","two":"Złączono dwa powielone kontakty","few":["Złączono ",{"t":"idOrVar","v":"numDups"}," powielone kontakty"],"many":["Złączono ",{"t":"idOrVar","v":"numDups"}," powielonych kontaktów"],"other":""},"$x":[{"t":"idOrVar","v":"plural"},"numDups"]},{"$i":"notificationLogin","$v":"Sesja serwisu Facebook jest nieprawidłowa. Proszę się zalogować."},{"$i":"syncError","$v":"Wystąpił błąd podczas synchronizowania danych znajomych"},{"$i":"waitDuplicateContacts","$v":"Wyszukiwanie duplikatów"},{"$i":"waitMergingDuplicateContacts","$v":"Łączenie duplikatów"},{"$i":"alertNoDuplicateContacts","$v":"Nie znaleziono zduplikowanych kontaktów"},{"$i":"merge","ariaLabel":"Połącz rozmowy"},{"$i":"mergeDuplicateTitle","$v":"Łączenie duplikatów"},{"$i":"suggestedDuplicateContacts","$v":["Kontakty mogące duplikować „",{"t":"idOrVar","v":"name"},"”"]},{"$i":"mergeActionButtonLabel","$v":{"zero":"Nie zaznaczono kontaktów","one":"Połącz z kontaktem","two":"Połącz z dwoma kontaktami","few":["Połącz z ",{"t":"idOrVar","v":"n"}," kontaktami"],"many":["Połącz z ",{"t":"idOrVar","v":"n"}," kontaktami"],"other":""},"$x":[{"t":"idOrVar","v":"plural"},"n"]},{"$i":"duplicatesFoundTitle","$v":"Znaleziono duplikaty"},{"$i":"duplicatesFoundMessage","$v":[{"t":"idOrVar","v":"name"}," duplikuje informacje w następujących kontaktach"]},{"$i":"ok","$v":"OK"},{"$i":"gaia-menu-cancel","$v":"Anuluj"},{"$i":"gaia-sim-picker-dial-via-with-number","$v":["Zadzwoń na numer ",{"t":"idOrVar","v":"phoneNumber"}," używając karty"]},{"$i":"gaia-sim-picker-select-sim","$v":"Wybierz kartę SIM"},{"$i":"gaia-sim-picker-button","$v":["SIM ",{"t":"idOrVar","v":"n"}]},{"$i":"gaia-sim-picker-button-default","$v":"(domyślna)"},{"$i":"call","$v":"Zadzwoń"},{"$i":"edit","$v":"Edytuj"},{"$i":"cancel","$v":"Anuluj"},{"$i":"done","$v":"Gotowe"},{"$i":"retry","$v":"Ponów"},{"$i":"contacts","$v":"Kontakty"},{"$i":"addContact","$v":"Nowy kontakt"},{"$i":"deleteContact","$v":"Usuń kontakt"},{"$i":"selectContact","$v":"Wybierz kontakt"},{"$i":"editContact","$v":"Edycja kontaktu"},{"$i":"deleteConfirmMsg","$v":"Usunąć kontakt?"},{"$i":"remove","$v":"Usuń"},{"$i":"delete","$v":"Usuń"},{"$i":"comments","$v":"Komentarze"},{"$i":"no_contact_phones","$v":"Brak przypisanego numeru telefonu do tego kontaktu"},{"$i":"no_contact_email","$v":"Brak przypisanego adresu e-mail do tego kontaktu"},{"$i":"no_contact_data","$v":"Brak przypisanego numeru telefonu i adresu e-mail"},{"$i":"removePhotoConfirm","$v":"Usunąć zdjęcie kontaktu?"},{"$i":"loadingContacts","$v":"Wczytywanie kontaktów…"},{"$i":"noContactsActivity2","$v":"Lista kontaktów jest pusta"},{"$i":"noName","$v":"Brak imienia"},{"$i":"givenName","placeholder":"Imię"},{"$i":"familyName","placeholder":"Nazwisko"},{"$i":"tel","placeholder":"Numer telefonu"},{"$i":"carrier","$v":"Operator","placeholder":"Operator"},{"$i":"separator","$v":","},{"$i":"email","$v":"E-mail","placeholder":"Adres e-mail"},{"$i":"streetAddress","placeholder":"Ulica"},{"$i":"postalCode","placeholder":"Kod pocztowy"},{"$i":"locality","placeholder":"Miasto"},{"$i":"countryName","placeholder":"Państwo"},{"$i":"comment","placeholder":"Komentarz"},{"$i":"org","placeholder":"Firma"},{"$i":"date","$v":"Data","placeholder":"Data"},{"$i":"date-span-placeholder","$v":"Data"},{"$i":"birthday","$v":"Urodziny"},{"$i":"dateFormat","$v":"%e %Eb"},{"$i":"dateOutput","$v":[{"t":"idOrVar","v":"dayMonthFormatted"}," ",{"t":"idOrVar","v":"year"}," roku"]},{"$i":"anniversary","$v":"Rocznica"},{"$i":"addPhoto","$v":"Dodaj zdjęcie"},{"$i":"addPhone","$v":"Dodaj telefon"},{"$i":"addEmail","$v":"Dodaj adres e-mail"},{"$i":"addAddress","$v":"Dodaj adres"},{"$i":"addDate","$v":"Dodaj datę"},{"$i":"addComment","$v":"Dodaj komentarz"},{"$i":"addFavorite","$v":"Dodaj do ulubionych"},{"$i":"removeFavorite","$v":"Usuń z ulubionych"},{"$i":"addButton","ariaLabel":"Dodaj"},{"$i":"editButton","ariaLabel":"Edytuj"},{"$i":"settingsButton","ariaLabel":"Ustawienia"},{"$i":"phoneDetail","ariaLabel":"Numer telefonu"},{"$i":"emailDetail","ariaLabel":"Adres e-mail"},{"$i":"addressDetail","ariaLabel":"Adres"},{"$i":"dateDetail","ariaLabel":"Data"},{"$i":"composeEmail","ariaLabel":"Nowy e-mail"},{"$i":"makeCall","ariaLabel":"Zadzwoń"},{"$i":"phones","ariaLabel":"Numery telefonów"},{"$i":"emails","ariaLabel":"Adresy e-mail"},{"$i":"addresses","ariaLabel":"Adresy"},{"$i":"dates","ariaLabel":"Daty"},{"$i":"notes","ariaLabel":"Notatki"},{"$i":"exit","$v":"Wyjście"},{"$i":"expand","$v":"Rozszerz"},{"$i":"labelName","$v":"Imię:"},{"$i":"labelLastName","$v":"Nazwisko:"},{"$i":"labelPhoneNumber","$v":"Numer telefonu:"},{"$i":"labelCarrier","$v":"Operator:"},{"$i":"labelEmail","$v":"Adres e-mail:"},{"$i":"labelStreet","$v":"Ulica:"},{"$i":"labelZip","$v":"Kod pocztowy:"},{"$i":"labelCity","$v":"Miasto:"},{"$i":"labelCountry","$v":"Kraj:"},{"$i":"labelComment","$v":"Komentarz:"},{"$i":"legendTitleMain","$v":"Podstawowe informacje"},{"$i":"legendPhones","$v":"Numery telefonów"},{"$i":"legendEmail","$v":"Adres e-mail"},{"$i":"legendAddress","$v":"Adres"},{"$i":"transferContactsTitle","$v":"Przenoszenie kontaktów"},{"$i":"importContactsTitle","$v":"Import"},{"$i":"importContactsButton","$v":"Importuj kontakty"},{"$i":"exportContactsTitle","$v":"Eksport"},{"$i":"exportContactsButton","$v":"Eksportuj kontakty"},{"$i":"exportContactsAction","$v":"Eksportuj"},{"$i":"simExport-title","$v":"Eksport na kartę SIM"},{"$i":"memoryCardExport-title","$v":"Eksport na kartę pamięci"},{"$i":"btExport-title","$v":"Eksport przez Bluetooth"},{"$i":"memoryCardUMSEnabled","$v":"Nie można użyć karty pamięci, ponieważ udostępnianie po USB jest aktywne."},{"$i":"exportErrorTitle","$v":"Błąd eksportu"},{"$i":"contactsExported2","$v":{"zero":"Nic nie wyeksportowano","one":["Wyeksportowano ",{"t":"idOrVar","v":"exported"},"/",{"t":"idOrVar","v":"total"}],"two":["Wyeksportowano ",{"t":"idOrVar","v":"exported"},"/",{"t":"idOrVar","v":"total"}],"few":["Wyeksportowano ",{"t":"idOrVar","v":"exported"},"/",{"t":"idOrVar","v":"total"}],"many":["Wyeksportowano ",{"t":"idOrVar","v":"exported"},"/",{"t":"idOrVar","v":"total"}],"other":""},"$x":[{"t":"idOrVar","v":"plural"},"exported"]},{"$i":"exportError-general","$v":"Wystąpił błąd podczas eksportowania"},{"$i":"exportError-SD-shared","$v":"Nie można uzyskać dostępu do karty pamięci, ponieważ jest udostępniana"},{"$i":"exportError-SD-unavailable","$v":"Karta pamięci jest niedostępna"},{"$i":"exportError-SD-noSpace","$v":"Zbyt mało miejsca na karcie pamięci, aby wyeksportować na nią kontakty"},{"$i":"exportError-SIM-unavailable","$v":"Karta SIM jest niedostępna"},{"$i":"exportError-BT-shared","$v":"Nie można uzyskać dostępu do karty pamięci, ponieważ jest udostępniana"},{"$i":"exportError-BT-unavailable","$v":"Karta pamięci jest niedostępna"},{"$i":"exportError-BT-noSpace","$v":"Zbyt mało miejsca na karcie pamięci, aby wyeksportować na nią kontakty"},{"$i":"social-network","$v":"Sieci społecznościowe"},{"$i":"social-link","$v":"Połącz kontakty"},{"$i":"social-unlink","$v":"Zaprzestań łączenia kontaktów"},{"$i":"social-unlink-confirm-title","$v":"Zaprzestać łączenia kontaktów znajomego?"},{"$i":"social-unlink-confirm-accept","$v":"Zaprzestań"},{"$i":"facebook-import","$v":"Importuj kontakty znajomych z Facebooka"},{"$i":"show-fb-profile","$v":"Wyświetl profil w serwisie Facebook"},{"$i":"msg-send","$v":"Wiadomość"},{"$i":"wall-post","$v":"Post"},{"$i":"share-contact","$v":"Udostępnij kontakt"},{"$i":"facebook-export-forbidden","$v":"Kontakt nie może zostać udostępniony ze względu na ograniczenia nałożone przez serwis Facebook."},{"$i":"otherAccount","$v":"Inne konta"},{"$i":"facebookSwitchMsg","$v":"Synchronizacja"},{"$i":"select_mobile","$v":"Wybierz komórkę"},{"$i":"select_email","$v":"Wybierz adres e-mail"},{"$i":"select_recipient","$v":"Wybierz adresata"},{"$i":"contactsOrderBy","$v":"Sortowanie wg nazwisk"},{"$i":"importSim2","$v":"Karta SIM"},{"$i":"importGmail","$v":"Gmail"},{"$i":"bluetooth","$v":"Bluetooth"},{"$i":"importOutlook","$v":"Outlook"},{"$i":"fbUpdateFriends","$v":"Uaktualnij zaimportowane"},{"$i":"cleaningFbData","$v":"Usuwanie danych pochodzących z Facebooka"},{"$i":"loggingOutFb","$v":"Wylogowywanie z Facebooka"},{"$i":"cleanFbConfirmMsg","$v":"Usunąć wszystkie dane pochodzące z Facebooka?"},{"$i":"renewPwdMsg","$v":"Hasło w serwisie Facebook zostało zmienione i należy je uaktualnić."},{"$i":"notEnabledYet","$v":"Jeszcze nieodblokowane"},{"$i":"genericNoConnection","$v":"Aby zaimportować kontakty, konieczne jest połączenie z Internetem"},{"$i":"simCard","$v":"Karta SIM"},{"$i":"memoryCard","$v":"Karta pamięci"},{"$i":"simNumberNoMSISDN","$v":["SIM ",{"t":"idOrVar","v":"number"},":"]},{"$i":"simNumberWithMSISDN","$v":["SIM ",{"t":"idOrVar","v":"number"},": ",{"t":"idOrVar","v":"msisdn"}]},{"$i":"ICEContactsGroup","$v":"Kontakty alarmowe"},{"$i":"setICEButton","$v":"Ustaw kontakty alarmowe"},{"$i":"ICESettingTitle","$v":"Kontakty alarmowe"},{"$i":"ICEDescription","$v":"Dodaj dwa kontakty dla połączeń alarmowych."},{"$i":"ICEContact1","$v":"Alarmowy 1"},{"$i":"ICESelectContact","$v":"Wybierz kontakt"},{"$i":"ICEContact2","$v":"Alarmowy 2"},{"$i":"ICERepeatedContact","$v":"Kontakt należy już do listy kontaktów alarmowych"},{"$i":"ICEUnknownError","$v":"Wystąpił błąd podczas dodawania do listy kontaktów alarmowcyh"},{"$i":"ICEContactNoNumber","$v":"Kontakt nie posiada przypisanego numeru telefonu"},{"$i":"ICEFacebookContactNotAllowed","$v":"Kontakty z Facebooka nie mogą być ustawiane jako alarmowe"},{"$i":"ICEContactDelTel","$v":"Usuwane numery telefonów są również usuwane z listy kontaktów alarmowcyh"},{"$i":"ICEContactDelTelAll","$v":"Wszystkie numery zostały usunięte. Ten kontakt został usunięty z listy kontaktów alarmowych."},{"$i":"no-contacts","$v":"Brak kontaktów"},{"$i":"start-adding","$v":"Zacznij dodawać je teraz"},{"$i":"notImported","$v":"Nie importowano"},{"$i":"imported","$v":"Zaimportowano"},{"$i":"today","$v":"Dzisiaj"},{"$i":"yesterday","$v":"Wczoraj"},{"$i":"organise-contacts","$v":"Zarządzanie kontaktami"},{"$i":"find-merge-contacts","$v":"Wyszukaj duplikaty"},{"$i":"preparing-contacts","$v":"Przygotowywanie eksportu…"},{"$i":"exportError-SIM-NoFreeRecordFound","$v":"Pełna karta SIM"},{"$i":"exportError-SIM-CannotAccessPhoneBook","$v":"Brak dostępu do książki adresowej karty SIM"},{"$i":"exportError-SIM-Unavailable","$v":"Nie wykryto karty SIM"},{"$i":"exportError-SIM-GenericError","$v":"Wystąpił błąd podczas eksportu kontaktu"},{"$i":"noSimMsgExport","$v":"Aby eksportować kontakty, włóż lub odblokuj kartę SIM"},{"$i":"noMemoryCardMsgExport","$v":"Aby eksportować kontakty, włóż kartę pamięci"},{"$i":"ContactManagementTitle","$v":"Zarządzanie kontaktami"},{"$i":"DeleteTitle","$v":"Usuwanie"},{"$i":"bulkDeleteButton","$v":"Usuń kontakty"},{"$i":"BulkDelCancel","$v":"Anulowano usuwanie kontaktów"},{"$i":"DeletedTxt","$v":{"zero":"Brak kontaktów do usunięcia","one":"Usunięto jeden kontakt","two":"Usunięto dwa kontakty","few":["Usunięto ",{"t":"idOrVar","v":"n"}," kontakty"],"many":["Usunięto ",{"t":"idOrVar","v":"n"}," kontaktów"],"other":""},"$x":[{"t":"idOrVar","v":"plural"},"n"]},{"$i":"DeletingContacts","$v":"Usuwanie kontaktów"},{"$i":"ContactConfirmDel","$v":{"zero":"Brak kontaktów do usunięcia","one":"Usunąć jeden kontakt? (nie można tego cofnąć)","two":"Usunąć dwa kontakty? (nie można tego cofnąć)","few":["Usunąć ",{"t":"idOrVar","v":"n"}," kontakty? (nie można tego cofnąć)"],"many":["Usunąć ",{"t":"idOrVar","v":"n"}," kontaktów? (nie można tego cofnąć)"],"other":""},"$x":[{"t":"idOrVar","v":"plural"},"n"]},{"$i":"SelectedTxt","$v":{"zero":"Kontakty","one":"Jeden wybrany","two":"Dwa wybrane","few":[{"t":"idOrVar","v":"n"}," wybrane"],"many":[{"t":"idOrVar","v":"n"}," wybranych"],"other":""},"$x":[{"t":"idOrVar","v":"plural"},"n"]},{"$i":"video","$v":"Wideo"},{"$i":"audio","$v":"Audio"},{"$i":"pick_destination","$v":[{"t":"idOrVar","v":"destination"}," ",{"t":"idOrVar","v":"carrier"}]},{"$i":"removeField","ariaLabel":"Usuń"},{"$i":"undo","ariaLabel":"Cofnij"},{"$i":"send-sms-button","ariaLabel":"SMS"},{"$i":"ice_contacts","$v":"Kontakty alarmowe (ICE)"},{"$i":"edit-picture","$v":"Edytuj zdjęcie"},{"$i":"remove-photo","$v":"Usuń zdjęcie"},{"$i":"change-photo","$v":"Zmień zdjęcie"},{"$i":"photo-options","$v":"Opcje zdjęcia"},{"$i":"vCardContacts-imported","$v":{"zero":"Brak zaimportowanych kontaktów","one":"Zaimportowano jeden kontaktów","two":"Zaimportowano dwa kontakty","few":["Zaimportowano ",{"t":"idOrVar","v":"n"}," kontakty"],"many":["Zaimportowano ",{"t":"idOrVar","v":"n"}," kontaktów"],"other":""},"$x":[{"t":"idOrVar","v":"plural"},"n"]},{"$i":"voiceMail","$v":"Poczta głosowa"},{"$i":"back","$v":"Wstecz"},{"$i":"noSimMsg","$v":"Aby importować kontakty, włóż lub odblokuj kartę SIM"},{"$i":"noMemoryCardMsg","$v":"Aby importować kontakty, włóż kartę pamięci"},{"$i":"importMemoryCard","$v":"Karta pamięci"},{"$i":"noConnection11","$v":"Aby zaimportować kontakty lub dane znajomych z Facebooka, konieczne jest połączenie z Internetem."},{"$i":"emptyAccount","$v":"Nie znaleziono kontaktów na tym koncie."},{"$i":"simContacts-import","$v":"Import kontaktu z karty SIM"},{"$i":"simContacts-importing","$v":"Importowanie kontaktów z karty SIM…"},{"$i":"simContacts-reading","$v":"Odczytywanie z karty SIM…"},{"$i":"simContacts-error","$v":"Nie udało się zaimportować kontaktów z karty SIM"},{"$i":"simContacts-imported3","$v":{"zero":"Nie znaleziono kontaktów do zaimportowania na karcie SIM","one":"Zaimportowano jeden kontakt","two":"Zaimportowano dwa kontakty","few":["Zaimportowano ",{"t":"idOrVar","v":"n"}," kontakty"],"many":["Zaimportowano ",{"t":"idOrVar","v":"n"}," kontaktów"],"other":""},"$x":[{"t":"idOrVar","v":"plural"},"n"]},{"$i":"memoryCardContacts-import","$v":"Import kontaktów z karty pamięci"},{"$i":"memoryCardContacts-importing","$v":"Importowanie kontaktów z karty pamięci…"},{"$i":"memoryCardContacts-reading","$v":"Odczytywanie z karty pamięci…"},{"$i":"memoryCardContacts-error","$v":"Nie udało się zaimportować kontaktów z karty pamięci"},{"$i":"memoryCardContacts-imported3","$v":{"zero":"Nie znaleziono kontaktów do zaimportowania na karcie pamięci","one":"Zaimportowano jeden kontakt","two":"Zaimportowano dwa kontakty","few":["Zaimportowano ",{"t":"idOrVar","v":"n"}," kontakty"],"many":["Zaimportowano ",{"t":"idOrVar","v":"n"}," kontaktów"],"other":""},"$x":[{"t":"idOrVar","v":"plural"},"n"]},{"$i":"genericProgress","$v":[{"t":"idOrVar","v":"current"},"/",{"t":"idOrVar","v":"total"}]},{"$i":"facebook-import-msg2","$v":["Zaimportowano ",{"t":"idOrVar","v":"imported"}," z ",{"t":"idOrVar","v":"total"}]},{"$i":"contactsMerged","$v":{"zero":"Nie złączono żadnych powielonych kontaktów","one":"Złączono jeden powielony kontakt","two":"Złączono dwa powielone kontakty","few":["Złączono ",{"t":"idOrVar","v":"numDups"}," powielone kontakty"],"many":["Złączono ",{"t":"idOrVar","v":"numDups"}," powielonych kontaktów"],"other":""},"$x":[{"t":"idOrVar","v":"plural"},"numDups"]},{"$i":"weekday-0-long","$v":"Niedziela"},{"$i":"weekday-1-long","$v":"Poniedziałek"},{"$i":"weekday-2-long","$v":"Wtorek"},{"$i":"weekday-3-long","$v":"Środa"},{"$i":"weekday-4-long","$v":"Czwartek"},{"$i":"weekday-5-long","$v":"Piątek"},{"$i":"weekday-6-long","$v":"Sobota"},{"$i":"weekday-0-short","$v":"Nd"},{"$i":"weekday-1-short","$v":"Pn"},{"$i":"weekday-2-short","$v":"Wt"},{"$i":"weekday-3-short","$v":"Śr"},{"$i":"weekday-4-short","$v":"Cz"},{"$i":"weekday-5-short","$v":"Pt"},{"$i":"weekday-6-short","$v":"Sb"},{"$i":"month-0-long","$v":"Styczeń"},{"$i":"month-1-long","$v":"Luty"},{"$i":"month-2-long","$v":"Marzec"},{"$i":"month-3-long","$v":"Kwiecień"},{"$i":"month-4-long","$v":"Maj"},{"$i":"month-5-long","$v":"Czerwiec"},{"$i":"month-6-long","$v":"Lipiec"},{"$i":"month-7-long","$v":"Sierpień"},{"$i":"month-8-long","$v":"Wrzesień"},{"$i":"month-9-long","$v":"Październik"},{"$i":"month-10-long","$v":"Listopad"},{"$i":"month-11-long","$v":"Grudzień"},{"$i":"month-0-genitive","$v":"stycznia"},{"$i":"month-1-genitive","$v":"lutego"},{"$i":"month-2-genitive","$v":"marca"},{"$i":"month-3-genitive","$v":"kwietnia"},{"$i":"month-4-genitive","$v":"maja"},{"$i":"month-5-genitive","$v":"czerwca"},{"$i":"month-6-genitive","$v":"lipca"},{"$i":"month-7-genitive","$v":"sierpnia"},{"$i":"month-8-genitive","$v":"września"},{"$i":"month-9-genitive","$v":"października"},{"$i":"month-10-genitive","$v":"listopada"},{"$i":"month-11-genitive","$v":"grudnia"},{"$i":"month-0-short","$v":"sty"},{"$i":"month-1-short","$v":"lut"},{"$i":"month-2-short","$v":"mar"},{"$i":"month-3-short","$v":"kwi"},{"$i":"month-4-short","$v":"maj"},{"$i":"month-5-short","$v":"cze"},{"$i":"month-6-short","$v":"lip"},{"$i":"month-7-short","$v":"sie"},{"$i":"month-8-short","$v":"wrz"},{"$i":"month-9-short","$v":"paź"},{"$i":"month-10-short","$v":"lis"},{"$i":"month-11-short","$v":"gru"},{"$i":"minutes-ago-long","$v":{"zero":"w tym momencie","one":"przed minutą","two":"dwie minuty temu","few":[{"t":"idOrVar","v":"value"}," minuty temu"],"many":[{"t":"idOrVar","v":"value"}," minut temu"],"other":""},"$x":[{"t":"idOrVar","v":"plural"},"value"]},{"$i":"hours-ago-long","$v":{"zero":"w tej godzinie","one":"godzinę temu","two":"dwie godziny temu","few":[{"t":"idOrVar","v":"value"}," godziny temu"],"many":[{"t":"idOrVar","v":"value"}," godzin temu"],"other":""},"$x":[{"t":"idOrVar","v":"plural"},"value"]},{"$i":"days-ago-long","$v":{"zero":"dzisiaj","one":"wczoraj","two":"przedwczoraj","few":[{"t":"idOrVar","v":"value"}," dni temu"],"many":[{"t":"idOrVar","v":"value"}," dni temu"],"other":""},"$x":[{"t":"idOrVar","v":"plural"},"value"]},{"$i":"weeks-ago-long","$v":{"zero":"w tym tygodniu","one":"w zeszłym tygodniu","two":"dwa tygodnie temu","few":[{"t":"idOrVar","v":"value"}," tygodnie temu"],"many":[{"t":"idOrVar","v":"value"}," tygodni temu"],"other":""},"$x":[{"t":"idOrVar","v":"plural"},"value"]},{"$i":"months-ago-long","$v":{"zero":"w tym miesiącu","one":"w zeszłym miesiącu","two":"dwa miesiące temu","few":[{"t":"idOrVar","v":"value"}," miesiące temu"],"many":[{"t":"idOrVar","v":"value"}," miesięcy temu"],"other":""},"$x":[{"t":"idOrVar","v":"plural"},"value"]},{"$i":"years-ago-long","$v":{"zero":"w tym roku","one":"w zeszłym roku","two":"dwa lata temu","few":[{"t":"idOrVar","v":"value"}," lata temu"],"many":[{"t":"idOrVar","v":"value"}," lat temu"],"other":""},"$x":[{"t":"idOrVar","v":"plural"},"value"]},{"$i":"minutes-until-long","$v":{"zero":"teraz","one":"za minutę","two":"za dwie minuty","few":["za ",{"t":"idOrVar","v":"value"}," minuty"],"many":["za ",{"t":"idOrVar","v":"value"}," minut"],"other":""},"$x":[{"t":"idOrVar","v":"plural"},"value"]},{"$i":"hours-until-long","$v":{"zero":"teraz","one":"za godzinę","two":"za dwie godziny","few":["za ",{"t":"idOrVar","v":"value"}," godziny"],"many":["za ",{"t":"idOrVar","v":"value"}," godzin"],"other":""},"$x":[{"t":"idOrVar","v":"plural"},"value"]},{"$i":"days-until-long","$v":{"zero":"dzisiaj","one":"jutro","two":"za dwa dni","few":["za ",{"t":"idOrVar","v":"value"}," dni"],"many":["za ",{"t":"idOrVar","v":"value"}," dni"],"other":""},"$x":[{"t":"idOrVar","v":"plural"},"value"]},{"$i":"weeks-until-long","$v":{"zero":"w tym tygodniu","one":"w przyszłym tygodniu","two":"za dwa tygodnie","few":["za ",{"t":"idOrVar","v":"value"}," tygodnie"],"many":["za ",{"t":"idOrVar","v":"value"}," tygodni"],"other":""},"$x":[{"t":"idOrVar","v":"plural"},"value"]},{"$i":"months-until-long","$v":{"zero":"w tym miesiącu","one":"w przyszłym miesiącu","two":"za dwa miesiące","few":["za ",{"t":"idOrVar","v":"value"}," miesiące"],"many":["za ",{"t":"idOrVar","v":"value"}," miesięcy"],"other":""},"$x":[{"t":"idOrVar","v":"plural"},"value"]},{"$i":"years-until-long","$v":{"zero":"w tym roku","one":"w przyszłym roku","two":"za dwa lata","few":["za ",{"t":"idOrVar","v":"value"}," lata"],"many":["za ",{"t":"idOrVar","v":"value"}," lat"],"other":""},"$x":[{"t":"idOrVar","v":"plural"},"value"]},{"$i":"minutes-ago-short","$v":{"zero":"teraz","other":[{"t":"idOrVar","v":"value"}," min temu"]},"$x":[{"t":"idOrVar","v":"plural"},"value"]},{"$i":"hours-ago-short","$v":{"zero":"teraz","other":[{"t":"idOrVar","v":"value"}," godz. temu"]},"$x":[{"t":"idOrVar","v":"plural"},"value"]},{"$i":"days-ago-short","$v":{"zero":"dzisiaj","other":[{"t":"idOrVar","v":"value"}," dni temu"]},"$x":[{"t":"idOrVar","v":"plural"},"value"]},{"$i":"minutes-until-short","$v":{"zero":"teraz","other":["za ",{"t":"idOrVar","v":"value"}," min"]},"$x":[{"t":"idOrVar","v":"plural"},"value"]},{"$i":"hours-until-short","$v":{"zero":"teraz","other":["za ",{"t":"idOrVar","v":"value"}," godz."]},"$x":[{"t":"idOrVar","v":"plural"},"value"]},{"$i":"days-until-short","$v":{"zero":"dzisiaj","other":["za ",{"t":"idOrVar","v":"value"}," dni"]},"$x":[{"t":"idOrVar","v":"plural"},"value"]},{"$i":"incorrectDate","$v":"(nieprawidłowa data)"},{"$i":"dateTimeFormat_%c","$v":"%a, %e %b %Y, %H:%M:%S"},{"$i":"dateTimeFormat_%x","$v":"%e.%m.%Y"},{"$i":"dateTimeFormat_%X","$v":"%H:%M:%S"},{"$i":"shortTimeFormat","$v":"%H:%M"},{"$i":"shortTimeFormat12","$v":"%I:%M a.m."},{"$i":"shortTimeFormat24","$v":"%H:%M"},{"$i":"shortDateTimeFormat","$v":"%x %H:%M"},{"$i":"weekStartsOnMonday","$v":"1"},{"$i":"firstDayOfTheWeek","$v":"1"},{"$i":"time_am","$v":"a.m."},{"$i":"time_pm","$v":"p.m."},{"$i":"label","$v":"Etykieta"},{"$i":"mobile","$v":"Komórka"},{"$i":"home","$v":"Dom"},{"$i":"work","$v":"Praca"},{"$i":"personal","$v":"Prywatny"},{"$i":"faxHome","$v":"Domowy faks"},{"$i":"faxOffice","$v":"Służbowy faks"},{"$i":"faxOther","$v":"Inny faks"},{"$i":"another","$v":"Inna etykieta"},{"$i":"other","$v":"Inny"},{"$i":"customTag","placeholder":"Własna etykieta"},{"$i":"current","$v":"Obecny"},{"$i":"itemWithLabel","$v":[{"t":"idOrVar","v":"item"}," (",{"t":"idOrVar","v":"label"},")"]},{"$i":"addNewNumber","$v":"Dodaj nowy numer"},{"$i":"contactDetails","$v":"Szczegóły kontaktu"},{"$i":"addToExistingContact","$v":"Dodaj do istniejącego kontaktu"},{"$i":"all","$v":"Wszystkie","ariaLabel":"Wszystkie"},{"$i":"bluetoothOption","ariaLabel":"Bluetooth"},{"$i":"callLog","$v":"Połączenia"},{"$i":"callLogEdit","title":"Edycja listy połączeń"},{"$i":"callLogEditDialog","ariaLabel":"Okno edycji listy połączeń"},{"$i":"connecting","$v":"Łączenie"},{"$i":"connectingEllipsis","$v":"Łączenie…"},{"$i":"call-forwarding-async","$v":["Asynchroniczne: ",{"t":"idOrVar","v":"async"}]},{"$i":"call-forwarding-data","$v":["Dane: ",{"t":"idOrVar","v":"data"}]},{"$i":"call-forwarding-error","$v":"Wystąpił błąd podczas odbierania statusu przekazywania połączenia"},{"$i":"call-forwarding-fax","$v":["Faks: ",{"t":"idOrVar","v":"fax"}]},{"$i":"call-forwarding-inactive","$v":"Nieaktywne"},{"$i":"call-forwarding-packet","$v":["Pakiet: ",{"t":"idOrVar","v":"packet"}]},{"$i":"call-forwarding-pad","$v":["Pad: ",{"t":"idOrVar","v":"pad"}]},{"$i":"call-forwarding-sms","$v":["Sms: ",{"t":"idOrVar","v":"sms"}]},{"$i":"call-forwarding-status","$v":"Status przekazywania połączenia"},{"$i":"call-forwarding-sync","$v":["Synchroniczne: ",{"t":"idOrVar","v":"sync"}]},{"$i":"call-forwarding-voice","$v":["Głosowe: ",{"t":"idOrVar","v":"voice"}]},{"$i":"confirm-deletion","$v":"Wyczyścić wybrane połączenia?"},{"$i":"createNewContact","$v":"Utwórz nowy kontakt"},{"$i":"dialerAddContact","ariaLabel":"Dodaj kontakt"},{"$i":"dialerAddContactDialog","ariaLabel":"Okno dodawania kontaktu"},{"$i":"callInformation","$v":"Informacje o połączeniu"},{"$i":"edit-selected","$v":{"one":[{"t":"idOrVar","v":"n"}," znaznaczone"],"two":[{"t":"idOrVar","v":"n"}," zaznaczone"],"few":[{"t":"idOrVar","v":"n"}," zaznaczone"],"many":[{"t":"idOrVar","v":"n"}," zaznaczonych"],"other":""},"$x":[{"t":"idOrVar","v":"plural"},"n"]},{"$i":"hideKeypad","ariaLabel":"Ukryj klawiaturę"},{"$i":"ignore","$v":"Zignoruj połączenie"},{"$i":"incoming","$v":"Przychodzące"},{"$i":"keypad","ariaLabel":"Klawiatura"},{"$i":"info-missed","$v":"Nieodebrane"},{"$i":"missed","$v":"Nieodebrane","ariaLabel":"Nieodebrane"},{"$i":"canceled","$v":"Anulowane"},{"$i":"missedCall","$v":"Nieodebrane połączenie"},{"$i":"missedCallMultiSims","$v":["Nieodebrane połączenie (SIM ",{"t":"idOrVar","v":"n"},")"]},{"$i":"mmi-error","$v":"Wystąpił błąd podczas wysyłania wiadomości"},{"$i":"mmi-session-expired","$v":"Ważność sesji wygasła"},{"$i":"mmi-successfully-sent","$v":"Wiadomość wysłana prawidłowo"},{"$i":"mmi-notification-title-with-sim","$v":[{"t":"idOrVar","v":"title"}," (",{"t":"idOrVar","v":"sim"},")"]},{"$i":"mute","ariaLabel":"Wycisz"},{"$i":"newCall","ariaLabel":"Nowe połączenie"},{"$i":"no-logs-msg-1","$v":"Brak połączeń"},{"$i":"no-logs-msg-2","$v":"Rozpocznij komunikację"},{"$i":"no-logs-msg-3","$v":"Brak nieodebranych połączeń"},{"$i":"onHoldOption","ariaLabel":"Wstrzymane"},{"$i":"outgoing","$v":"Wychodzące"},{"$i":"recents","ariaLabel":"Ostatnie połączenia"},{"$i":"reply","$v":"Odpowiedz"},{"$i":"send","$v":"Wyślij"},{"$i":"switch-calls","$v":"Przełącz rozmowy"},{"$i":"withheld-number","$v":"Zastrzeżony numer"},{"$i":"from-contact","$v":["Od ",{"t":"idOrVar","v":"contact"}]},{"$i":"from-number","$v":["Z ",{"t":"idOrVar","v":"number"}]},{"$i":"from-withheld-number","$v":"Z zastrzeżonego numeru"},{"$i":"sending","$v":"Wysyłanie…"},{"$i":"speakerOption","ariaLabel":"Głośnik"},{"$i":"ussd-services","$v":[{"t":"idOrVar","v":"operator"}," - usługi"]},{"$i":"toggleKeypad","ariaLabel":"Przełącz klawiaturę"},{"$i":"type-your-response","placeholder":"Twoja odpowiedź…"},{"$i":"clear-all-text","$v":"Wyczyść cały tekst"},{"$i":"hide","$v":"Ukryj"},{"$i":"hold","ariaLabel":"Wstrzymaj"},{"$i":"resume","$v":"Wznów","ariaLabel":"Wznów"},{"$i":"sendSms","$v":"Wyślij wiadomość"},{"$i":"callEnded","$v":"Rozmowa zakończona"},{"$i":"via-sim","$v":["poprzez SIM ",{"t":"idOrVar","v":"n"}]},{"$i":"sim-number","$v":["SIM ",{"t":"idOrVar","v":"n"}]},{"$i":"unknown","$v":"Nieznany"},{"$i":"hangup-a11y-button","ariaLabel":"Rozłącz"},{"$i":"pickup-a11y-button","ariaLabel":"Odbierz"},{"$i":"unlock-a11y-button","ariaLabel":"Odblokuj"},{"$i":"settings","$v":"Ustawienia"},{"$i":"delete-n-log?","$v":{"zero":"Nie wybrano żadnych połączeń","one":"Usunąć wybrane połączenie?","two":["Usunąć ",{"t":"idOrVar","v":"n"}," wybrane połączenia?"],"few":["Usunąć ",{"t":"idOrVar","v":"n"}," wybrane połączenia?"],"many":["Usunąć ",{"t":"idOrVar","v":"n"}," wybranych połączeń?"],"other":""},"$x":[{"t":"idOrVar","v":"plural"},"n"]},{"$i":"callDurationMinutes","$v":[{"t":"idOrVar","v":"m"},":",{"t":"idOrVar","v":"s"}]},{"$i":"callDurationHours","$v":[{"t":"idOrVar","v":"h"},":",{"t":"idOrVar","v":"m"},":",{"t":"idOrVar","v":"s"}]},{"$i":"callDurationTextFormatSeconds","$v":[{"t":"idOrVar","v":"s"}," s"]},{"$i":"callDurationTextFormatMinutes","$v":[{"t":"idOrVar","v":"m"}," min ",{"t":"idOrVar","v":"s"}," s"]},{"$i":"callDurationTextFormatHours","$v":[{"t":"idOrVar","v":"h"}," godz. ",{"t":"idOrVar","v":"m"}," min ",{"t":"idOrVar","v":"s"}," s"]},{"$i":"suggestionMatches","$v":{"one":[{"t":"idOrVar","v":"n"}," pasujący do „",{"t":"idOrVar","v":"matchNumber"},"”"],"two":[{"t":"idOrVar","v":"n"}," pasujące do „",{"t":"idOrVar","v":"matchNumber"},"”"],"few":[{"t":"idOrVar","v":"n"}," pasujące do „",{"t":"idOrVar","v":"matchNumber"},"”"],"many":[{"t":"idOrVar","v":"n"}," pasujących do „",{"t":"idOrVar","v":"matchNumber"},"”"],"other":""},"$x":[{"t":"idOrVar","v":"plural"},"n"]},{"$i":"scCallBarring","$v":"Blokowanie połączeń"},{"$i":"scCallForwarding","$v":"Przekazywanie połączeń"},{"$i":"scClip","$v":"Prezentacja numeru"},{"$i":"scClir","$v":"Ukrywanie numeru"},{"$i":"scPwd","$v":"Zmiana hasła"},{"$i":"scCallWaiting","$v":"Połączenia oczekujące"},{"$i":"scPin","$v":"Zmiana kodu PIN"},{"$i":"scPin2","$v":"Zmiana kodu PIN2"},{"$i":"scPuk","$v":"Odblokuj PIN"},{"$i":"scPuk2","$v":"Odblokuj PIN2"},{"$i":"scImei","$v":"IMEI"},{"$i":"scUssd","$v":"USSD"},{"$i":"serviceClassVoice","$v":"Rozmowy"},{"$i":"serviceClassData","$v":"Dane"},{"$i":"serviceClassFax","$v":"Faks"},{"$i":"serviceClassSms","$v":"Sms"},{"$i":"serviceClassDataSync","$v":"Synchronicznie"},{"$i":"serviceClassDataAsync","$v":"Asynchronicznie"},{"$i":"serviceClassPacket","$v":"Pakiet"},{"$i":"serviceClassPad","$v":"PAD"},{"$i":"smServiceEnabled","$v":"Usługa została włączona"},{"$i":"smServiceDisabled","$v":"Usługa została wyłączona"},{"$i":"smServiceRegistered","$v":"Zarejestrowano"},{"$i":"smServiceErased","$v":"Wymazano"},{"$i":"smServiceInterrogated","$v":"Wysłano żądanie"},{"$i":"smServiceNotProvisioned","$v":"Usługa niedostępna"},{"$i":"smClirPermanent","$v":"Nie można zmienić ustawień identyfikatora abonenta"},{"$i":"smClirDefaultOnNextCallOn","$v":"Identyfikator abonenta domyślnie zastrzeżony. Następne połączenie: zastrzeżony"},{"$i":"smClirDefaultOnNextCallOff","$v":"Identyfikator abonenta domyślnie zastrzeżony. Następne połączenie: bez zastrzegania"},{"$i":"smClirDefaultOffNextCallOn","$v":"Identyfikator abonenta domyślnie bez zastrzegania. Następne połączenie: zastrzeżony"},{"$i":"smClirDefaultOffNextCallOff","$v":"Identyfikator abonenta domyślnie bez zastrzegania. Następne połączenie: bez zastrzegania"},{"$i":"smServiceEnabledFor","$v":"Usługa została włączona dla:"},{"$i":"smPinChanged","$v":"Kod PIN zmieniony"},{"$i":"smPinUnblocked","$v":"Kod PIN odblokowany"},{"$i":"smPin2Changed","$v":"Kod PIN2 zmieniony"},{"$i":"smPin2Unblocked","$v":"Kod PIN2 odblokowany"},{"$i":"ServiceIsEnabled","$v":"Usługa jest włączona"},{"$i":"ServiceIsDisabled","$v":"Usługa jest wyłączona"},{"$i":"ServiceIsEnabledFor","$v":"Usługa jest włączona dla:"},{"$i":"emMmiError","$v":"Błąd połączenia lub nieprawidłowy kod MMI"},{"$i":"emMmiErrorPasswordIncorrect","$v":"Nieprawidłowe hasło"},{"$i":"emMmiErrorNotSupported","$v":"Nieprawidłowy lub nieobsługiwany kod MMI"},{"$i":"emMmiErrorInvalidAction","$v":"Nieprawidłowa akcja"},{"$i":"emMmiErrorInvalidScCode","$v":"Nieprawidłowy kod usługi"},{"$i":"emMmiErrorBadPuk","$v":"Wprowadzono nieprawidłowy kod PUK"},{"$i":"emMmiErrorBadPin","$v":"Podano nieprawidłowy stary kod PIN."},{"$i":"emMmiErrorNeedPuk2","$v":"Wprowadź kod PUK2, aby odblokować kartę SIM"},{"$i":"emMmiErrorMismatchPin","$v":"Wprowadzone kody PIN nie zgadzają się"},{"$i":"emMmiErrorInvalidPin","$v":"Wprowadź PIN składający się z 4 do 8 cyfr"},{"$i":"emMmiErrorNeedsPuk","$v":"Karta SIM zablokowana kodem PUK"},{"$i":"emMmiErrorEnablePin","$v":"Operacja nieudana. Włącz blokadę SIM/RUIM"},{"$i":"emMmiErrorMmiFdn","$v":"Operacja jest ograniczona do konkretnych numerów"},{"$i":"emMmiErrorStkCcUssdDial","$v":"Operacja USSD zmieniona na numer"},{"$i":"emMmiErrorStkCcUssdSs","$v":"Operacja USSD zmieniona na operację SS"},{"$i":"emMmiErrorStkCcUssdUssd","$v":"Operacja USSD zmieniona na nową"},{"$i":"emMmiErrorStkCcSsDial","$v":"Operacja SS zmieniona na numer"},{"$i":"emMmiErrorStkCcSsUssd","$v":"Operacja SS zmieniona na operację USSD"},{"$i":"emMmiErrorStkCcSsSs","$v":"Operacja SS zmieniona na nową"},{"$i":"emMmiErrorPinPukAttempts","$v":{"one":"Pozostała tylko jedna próba","two":["Pozostały ",{"t":"idOrVar","v":"n"}," próby"],"few":["Pozostały ",{"t":"idOrVar","v":"n"}," próby"],"many":["Pozostało ",{"t":"idOrVar","v":"n"}," prób"],"other":""},"$x":[{"t":"idOrVar","v":"plural"},"n"]},{"$i":"emMmiErrorSimBlocked","$v":"Wyczerpano dozwoloną liczbę prób. Karta SIM zablokowana"},{"$i":"RadioNotAvailable","$v":"Radio niedostępne"},{"$i":"GenericFailure","$v":"Wystąpił błąd"},{"$i":"PasswordIncorrect","$v":"Nieprawidłowe hasło"},{"$i":"SimPin2","$v":"SIM PIN2"},{"$i":"SimPuk2","$v":"SIM PUK2"},{"$i":"RequestNotSupported","$v":"Nieobsługiwane żądanie"},{"$i":"OpNotAllowedDuringVoiceCall","$v":"Operacja niedozwolona w trakcie rozmowy"},{"$i":"SmsSendFailRetry","$v":"Ponowne wysyłanie wiadomości SMS nieudane"},{"$i":"SimAbsent","$v":"Brak karty SIM"},{"$i":"SubscriptionNotAvailable","$v":"Subskrypcja niedostępna"},{"$i":"ModeNotSupported","$v":"Nieobsługiwany tryb"},{"$i":"FdnCheckFailure","$v":"Sprawdzanie statusu wybierania ustalonego nie powiodło się"},{"$i":"IllegalSimOrMe","$v":"SIM lub ME niedozwolone"},{"$i":"DialModifiedToUssd","$v":"Numer zmieniony na operację USSD"},{"$i":"DialModifiedToSs","$v":"Numer zmieniony na operację SS"},{"$i":"DialModifiedToDial","$v":"Numer zmieniony na numer"},{"$i":"UssdModifiedToDial","$v":"Operacja USSD zmieniona na numer"},{"$i":"UssdModifiedToSs","$v":"Operacja USSD zmieniona na operację SS"},{"$i":"UssdModifiedToUssd","$v":"Operacja USSD zmieniona na operację USSD"},{"$i":"SsModifiedToDial","$v":"Operacja SS zmieniona na numer"},{"$i":"SsModifiedToUssd","$v":"Operacja SS zmieniona na operację USSD"},{"$i":"SsModifiedToSs","$v":"Operacja SS zmieniona na operację SS"},{"$i":"SubscriptionNotSupported","$v":"Nieobsługiwana subskrypcja"},{"$i":"InvalidParameter","$v":"Nieprawidłowy parametr"},{"$i":"RejectedByRemote","$v":"Odrzucono przez zdalny"},{"$i":"conferenceCall","$v":["Połączenie konferencyjne (",{"t":"idOrVar","v":"n"},")"]},{"$i":"caller-left-call","$v":["Zakończono rozmowę z „",{"t":"idOrVar","v":"caller"},"”"]},{"$i":"conferenceAddError","$v":"Nie można połączyć rozmów"},{"$i":"conferenceRemoveError","$v":"Nie można rozłączyć rozmów"},{"$i":"longDateFormat","$v":"%A, %e %Eb"},{"$i":"select-audio-sources","$v":"Wybierz źródła audio"},{"$i":"bluetooth-handsfree-device","$v":"Urządzenie Bluetooth"},{"$i":"receiver","$v":"Odbiornik"},{"$i":"speaker","$v":"Głośnik"},{"$i":"voicemailNoNumberTitle","$v":"Brak numeru poczty głosowej"},{"$i":"voicemailNoNumberText","$v":"Nie można połączyć się z pocztą głosową. Określ w ustawieniach jej numer, aby wykonać połączenie."},{"$i":"voicemailNoNumberSettings","$v":"Ustawienia"},{"$i":"voicemailNoNumberCancel","$v":"Anuluj"},{"$i":"phoneNumberInput","ariaLabel":"Numer telefonu"},{"$i":"keypadDelete","ariaLabel":"Usuń"},{"$i":"voiceMailKey","ariaLabel":"Poczta głosowa"},{"$i":"asterisk","ariaLabel":"Asterysk"},{"$i":"hashSign","ariaLabel":"Symbol kratki"},{"$i":"loadingSimContacts","$v":"Loading SIM card contacts…"},{"$i":"noContactsWereFound","$v":"No contacts were found"},{"$i":"noContactsFoundDialogOk","$v":"OK"},{"$i":"emergencyNumber","$v":"Numer alarmowy"},{"$i":"callAirplaneModeMessage","$v":"Aby wykonać połączenie, należy wyłączyć tryb lotu w ustawieniach."},{"$i":"callAirplaneModeBtnOk","$v":"OK"},{"$i":"callAirplaneModeTitle","$v":"Aktywny tryb lotu"},{"$i":"numberIsBusyTitle","$v":"Numer zajęty"},{"$i":"numberIsBusyMessage","$v":"Numer jest aktualnie zajęty. Proszę spróbować później."},{"$i":"fdnIsActiveTitle","$v":"Wybieranie ustalone aktywne"},{"$i":"fdnIsActiveMessage","$v":["Wybieranie ustalone jest włączone, a następujący numer ",{"t":"idOrVar","v":"number"}," nie znajduje się na liście dozwolonych"]},{"$i":"emergencyDialogBodyBadNumber","$v":"Aby wykonać połączenie, telefon musi być połączony z siecią."},{"$i":"emergencyDialogBodyDeviceNotAccepted","$v":"Sieć nie umożliwia wykonywania połączeń alarmowych."},{"$i":"emergencyDialogBtnOk","$v":"OK"},{"$i":"emergencyDialogTitle","$v":"Brak połączenia z siecią"},{"$i":"invalidNumberToDialTitle","$v":"Nieprawidłowy numer"},{"$i":"invalidNumberToDialMessage","$v":"Wybrany numer telefonu jest nieprawidłowy."},{"$i":"unableToCallTitle","$v":"Nie można wykonać połączenia"},{"$i":"unableToCallMessage","$v":"Wykonanie połączenia jest niemożliwe. Jeśli już dzwonisz, zakończ najpierw istniejące połączenie."},{"$i":"otherConnectionInUseTitle","$v":"Aktywne inne połączenie"},{"$i":"otherConnectionInUseMessage","$v":"Inne połączenie jest aktywne. Można używać tylko jednego połączenia na raz."}]