[{"$i":"close","$v":"Fechar"},{"$i":"import","$v":"Importar"},{"$i":"update","$v":"Atualizar"},{"$i":"fbFriends","$v":"Amigos do Facebook"},{"$i":"live-serviceName","$v":"Outlook"},{"$i":"gmail-serviceName","$v":"Gmail"},{"$i":"facebook-serviceName","$v":"Amigos do Facebook"},{"$i":"selectAll","$v":"Selecionar todos"},{"$i":"deselectAll","$v":"Desmarcar tudo"},{"$i":"viewAll","$v":"Visualizar Todos Amigos do Facebook"},{"$i":"viewRecommend","$v":"Visualizar Apenas Recomendados"},{"$i":"linkProposal","$v":{"zero":"Nenhum amigo correspondente. Exibindo todos","one":"Selecionar o sugerido","two":"Selecionar um sugerido","few":"Selecionar um sugerido","many":"Selecionar um sugerido","other":"Selecione um recomendado"},"$x":[{"t":"idOrVar","v":"plural"},"numFriends"]},{"$i":"fbFriendsFound","$v":{"zero":"Todos seus amigos já estão importados","one":"Encontramos um amigo para importar","two":["Encontramos ",{"t":"idOrVar","v":"numFriends"}," amigos para importar"],"few":["Encontramos ",{"t":"idOrVar","v":"numFriends"}," amigos para importar"],"many":["Encontramos ",{"t":"idOrVar","v":"numFriends"}," amigos para importar"],"other":["Encontramos ",{"t":"idOrVar","v":"numFriends"}," amigos para importar"]},"$x":[{"t":"idOrVar","v":"plural"},"numFriends"]},{"$i":"fbNoFriends","$v":"Nenhum contato disponível para importar"},{"$i":"facebook","$v":"Facebook"},{"$i":"search-contact","placeholder":"Pesquisar"},{"$i":"noResults","$v":"Nenhum contato encontrado"},{"$i":"done-search","$v":"Concluído"},{"$i":"progressFB3ImportTitle","$v":"Importando amigos aos Contatos"},{"$i":"progressFB","$v":[{"t":"idOrVar","v":"current"},"/",{"t":"idOrVar","v":"total"}]},{"$i":"progressFB3UpdateTitle","$v":"Atualizando amigos em Contatos"},{"$i":"message2","$v":"Isso pode demorar alguns minutos"},{"$i":"messageLinking","$v":"Por favor, aguarde. Estamos vinculando seu amigo ao contato."},{"$i":"messageCanceling","$v":"Por favor aguarde. Estamos cancelando a operação atual."},{"$i":"error1","$v":["Erro ",{"t":"idOrVar","v":"from"}]},{"$i":"error2","$v":"Deseja tentar novamente?"},{"$i":"errorProposal","$v":"calculando propostas"},{"$i":"errorFriends","$v":"buscando amigos"},{"$i":"errorLinking","$v":"vinculando contato"},{"$i":"timeout1","$v":["Espera excedida de ",{"t":"idOrVar","v":"from"}]},{"$i":"timeout2","$v":"Deseja tentar novamente?"},{"$i":"timeoutProposal","$v":"calculando propostas"},{"$i":"timeoutFriends","$v":"Obtendo amigos"},{"$i":"timeoutLinking","$v":"Vinculando contatos"},{"$i":"wait1","$v":"Por favor, aguarde"},{"$i":"wait2","$v":"Isso pode demorar alguns minutos"},{"$i":"waitProposal","$v":"Por favor, aguarde. Estamos calculando uma solicitação."},{"$i":"waitFriends","$v":"Por favor, aguarde. Estamos conectando para obter sua lista de amigos."},{"$i":"curtainCancel","$v":"Cancelar"},{"$i":"curtainRetry","$v":"Repetir"},{"$i":"curtainOK","$v":"OK"},{"$i":"connectionLost","$v":"Sem conexão à internet"},{"$i":"connectionLostMsg","$v":"Fotos de amigos não serão adicionadas aos seus contatos. Continuar mesmo assim?"},{"$i":"yesOption","$v":"OK"},{"$i":"noOption","$v":"Cancelar"},{"$i":"friendsUpdated","$v":{"zero":"Nenhum amigo atualizado","one":"Um amigo foi atualizado","two":[{"t":"idOrVar","v":"numFriends"}," amigos foram atualizados"],"few":[{"t":"idOrVar","v":"numFriends"}," amigos foram atualizados"],"many":[{"t":"idOrVar","v":"numFriends"}," amigos atualizados"],"other":[{"t":"idOrVar","v":"numFriends"}," amigos atualizados"]},"$x":[{"t":"idOrVar","v":"plural"},"numFriends"]},{"$i":"friendsMerged","$v":{"zero":"Nenhum amigo duplicado foi agrupado","one":"Um amigo duplicado foi agrupado","two":[{"t":"idOrVar","v":"numDups"}," amigos agrupados"],"few":[{"t":"idOrVar","v":"numDups"}," amigos agrupados"],"many":[{"t":"idOrVar","v":"numDups"}," amigos agrupados"],"other":[{"t":"idOrVar","v":"numDups"}," amigos agrupados"]},"$x":[{"t":"idOrVar","v":"plural"},"numDups"]},{"$i":"notificationLogin","$v":"Sua sessão do Facebook é inválida. Por favor, entre novamente."},{"$i":"syncError","$v":"Ocorreu um erro ao sincronizar as informaçoes do seu amigo"},{"$i":"waitDuplicateContacts","$v":"Procurando contatos duplicados"},{"$i":"waitMergingDuplicateContacts","$v":"Combinando contatos duplicados"},{"$i":"alertNoDuplicateContacts","$v":"Nenhum contato duplicado encontrado"},{"$i":"merge","ariaLabel":"Combinar"},{"$i":"mergeDuplicateTitle","$v":"Combinar contatos duplicados"},{"$i":"suggestedDuplicateContacts","$v":["Contatos duplicados para ",{"t":"idOrVar","v":"name"}]},{"$i":"mergeActionButtonLabel","$v":{"zero":"Nenhum contato selecionado","one":["Combinar com ",{"t":"idOrVar","v":"n"}," contato"],"two":["Combinar com ",{"t":"idOrVar","v":"n"}," contatos"],"few":["Combinar com ",{"t":"idOrVar","v":"n"}," contatos"],"many":["Combinar com ",{"t":"idOrVar","v":"n"}," contatos"],"other":["Combinar com ",{"t":"idOrVar","v":"n"}," contatos"]},"$x":[{"t":"idOrVar","v":"plural"},"n"]},{"$i":"duplicatesFoundTitle","$v":"Contatos duplicados encontrados"},{"$i":"duplicatesFoundMessage","$v":[{"t":"idOrVar","v":"name"}," tem informação duplicada nos seguintes contatos"]},{"$i":"ok","$v":"OK"},{"$i":"gaia-menu-cancel","$v":"Cancelar"},{"$i":"gaia-sim-picker-dial-via-with-number","$v":["Discar ",{"t":"idOrVar","v":"phoneNumber"}," via"]},{"$i":"gaia-sim-picker-select-sim","$v":"Selecionar SIM"},{"$i":"gaia-sim-picker-button","$v":["SIM",{"t":"idOrVar","v":"n"}]},{"$i":"gaia-sim-picker-button-default","$v":"(padrão)"},{"$i":"call","$v":"Chamar"},{"$i":"edit","$v":"Editar"},{"$i":"cancel","$v":"Cancelar"},{"$i":"done","$v":"Concluído"},{"$i":"retry","$v":"Tentar novamente"},{"$i":"contacts","$v":"Contatos"},{"$i":"addContact","$v":"Novo contato"},{"$i":"deleteContact","$v":"Apagar contato"},{"$i":"selectContact","$v":"Selecionar contato"},{"$i":"editContact","$v":"Editar contato"},{"$i":"deleteConfirmMsg","$v":"Apagar contato?"},{"$i":"remove","$v":"Apagar"},{"$i":"delete","$v":"Apagar"},{"$i":"comments","$v":"Comentários"},{"$i":"no_contact_phones","$v":"Esse contato não possui um número de telefone"},{"$i":"no_contact_email","$v":"Esse contato não possui um endereço de email"},{"$i":"no_contact_data","$v":"Esse contato não possui um número de telefone ou endereço de email"},{"$i":"removePhotoConfirm","$v":"Remover foto do contato?"},{"$i":"loadingContacts","$v":"Carregando contatos…"},{"$i":"noContactsActivity2","$v":"No contacts in your Contacts list"},{"$i":"noName","$v":"Nenhum nome"},{"$i":"givenName","placeholder":"Nome"},{"$i":"familyName","placeholder":"Sobrenome"},{"$i":"tel","placeholder":"Telefone"},{"$i":"carrier","$v":"Operadora","placeholder":"Operadora"},{"$i":"separator","$v":","},{"$i":"email","$v":"E-mail","placeholder":"E-mail"},{"$i":"streetAddress","placeholder":"Endereço"},{"$i":"postalCode","placeholder":"CEP"},{"$i":"locality","placeholder":"Cidade"},{"$i":"countryName","placeholder":"País"},{"$i":"comment","placeholder":"Comentário"},{"$i":"org","placeholder":"Companhia"},{"$i":"date","$v":"Data","placeholder":"Data"},{"$i":"date-span-placeholder","$v":"Data"},{"$i":"birthday","$v":"Aniversário"},{"$i":"dateFormat","$v":"%e de %B"},{"$i":"dateOutput","$v":[{"t":"idOrVar","v":"dayMonthFormatted"}," de ",{"t":"idOrVar","v":"year"}]},{"$i":"anniversary","$v":"Aniversário"},{"$i":"addPhoto","$v":"Adicionar foto"},{"$i":"addPhone","$v":"Adicionar telefone"},{"$i":"addEmail","$v":"Adicionar e-mail"},{"$i":"addAddress","$v":"Adicionar endereço"},{"$i":"addDate","$v":"Adicionar data"},{"$i":"addComment","$v":"Adicionar comentário"},{"$i":"addFavorite","$v":"Adicionar aos favoritos"},{"$i":"removeFavorite","$v":"Remover dos favoritos"},{"$i":"addButton","ariaLabel":"Adicionar"},{"$i":"editButton","ariaLabel":"Editar"},{"$i":"settingsButton","ariaLabel":"Configurações"},{"$i":"phoneDetail","ariaLabel":"Telefone"},{"$i":"emailDetail","ariaLabel":"E-mail"},{"$i":"addressDetail","ariaLabel":"Endereço"},{"$i":"dateDetail","ariaLabel":"Data"},{"$i":"composeEmail","ariaLabel":"E-mail"},{"$i":"makeCall","ariaLabel":"Chamar"},{"$i":"phones","ariaLabel":"Telefone"},{"$i":"emails","ariaLabel":"E-mail"},{"$i":"addresses","ariaLabel":"Endereços"},{"$i":"dates","ariaLabel":"Datas"},{"$i":"notes","ariaLabel":"Anotações"},{"$i":"exit","$v":"Sair"},{"$i":"expand","$v":"Expandir"},{"$i":"labelName","$v":"Nome:"},{"$i":"labelLastName","$v":"Sobrenome:"},{"$i":"labelPhoneNumber","$v":"Número do telefone:"},{"$i":"labelCarrier","$v":"Operadora:"},{"$i":"labelEmail","$v":"E-mail:"},{"$i":"labelStreet","$v":"Endereço:"},{"$i":"labelZip","$v":"CEP:"},{"$i":"labelCity","$v":"Cidade:"},{"$i":"labelCountry","$v":"País:"},{"$i":"labelComment","$v":"Comentário:"},{"$i":"legendTitleMain","$v":"Informações principais"},{"$i":"legendPhones","$v":"Números de telefone"},{"$i":"legendEmail","$v":"Endereço de e-mail"},{"$i":"legendAddress","$v":"Endereço"},{"$i":"transferContactsTitle","$v":"Transferir contatos"},{"$i":"importContactsTitle","$v":"Importar contatos"},{"$i":"importContactsButton","$v":"Importar contatos"},{"$i":"exportContactsTitle","$v":"Exportar contatos"},{"$i":"exportContactsButton","$v":"Exportar contatos"},{"$i":"exportContactsAction","$v":"Exportar"},{"$i":"simExport-title","$v":"Exportar para o SIM"},{"$i":"memoryCardExport-title","$v":"Exportar para o cartão de memória"},{"$i":"btExport-title","$v":"Exportar via Bluetooth"},{"$i":"memoryCardUMSEnabled","$v":"Não é possível usar o cartão de memória porque o armazenamento USB está habilitado"},{"$i":"exportErrorTitle","$v":"Erro durante a exportação"},{"$i":"contactsExported2","$v":{"zero":"No contacts exported","one":[{"t":"idOrVar","v":"exported"},"/",{"t":"idOrVar","v":"total"}," contacts exported"],"two":[{"t":"idOrVar","v":"exported"},"/",{"t":"idOrVar","v":"total"}," contacts exported"],"few":[{"t":"idOrVar","v":"exported"},"/",{"t":"idOrVar","v":"total"}," contacts exported"],"many":[{"t":"idOrVar","v":"exported"},"/",{"t":"idOrVar","v":"total"}," contacts exported"],"other":[{"t":"idOrVar","v":"exported"},"/",{"t":"idOrVar","v":"total"}," contacts exported"]},"$x":[{"t":"idOrVar","v":"plural"},"exported"]},{"$i":"exportError-general","$v":"Um erro aconteceu durante a exportação"},{"$i":"exportError-SD-shared","$v":"Não foi possível acessar o cartão de memória pois ele é compartilhado"},{"$i":"exportError-SD-unavailable","$v":"Cartão de memória indisponível"},{"$i":"exportError-SD-noSpace","$v":"Não há espaço livre suficiente no cartão de memória para exportar contatos"},{"$i":"exportError-SIM-unavailable","$v":"Cartão SIM não está disponível"},{"$i":"exportError-BT-shared","$v":"Não foi possível acessar o cartão de memória pois ele é compartilhado"},{"$i":"exportError-BT-unavailable","$v":"Cartão de memória indisponível"},{"$i":"exportError-BT-noSpace","$v":"Não há espaço livre suficiente no cartão de memória para exportar contatos"},{"$i":"social-network","$v":"Redes sociais"},{"$i":"social-link","$v":"Vincular contato"},{"$i":"social-unlink","$v":"Desvincular contato"},{"$i":"social-unlink-confirm-title","$v":"Deseja desvincular seu amigo?"},{"$i":"social-unlink-confirm-accept","$v":"Desvincular"},{"$i":"facebook-import","$v":"Importar amigos do Facebook"},{"$i":"show-fb-profile","$v":"Ver perfil do Facebook"},{"$i":"msg-send","$v":"Mensagem"},{"$i":"wall-post","$v":"Publicação no mural"},{"$i":"share-contact","$v":"Share Contact"},{"$i":"facebook-export-forbidden","$v":"O contato não pode ser compartilhado devido a uma exigência do Facebook."},{"$i":"otherAccount","$v":"Outras contas"},{"$i":"facebookSwitchMsg","$v":"Sincronizar amigos"},{"$i":"select_mobile","$v":"Selecionar telefone celular"},{"$i":"select_email","$v":"Selecionar e-mail"},{"$i":"select_recipient","$v":"Selecionar destinário"},{"$i":"contactsOrderBy","$v":"Ordenar pelo sobrenome"},{"$i":"importSim2","$v":"Chip SIM"},{"$i":"importGmail","$v":"Gmail"},{"$i":"bluetooth","$v":"Bluetooth"},{"$i":"importOutlook","$v":"Outlook"},{"$i":"fbUpdateFriends","$v":"Atualizar amigos importados"},{"$i":"cleaningFbData","$v":"Removendo dados do Facebook…"},{"$i":"loggingOutFb","$v":"Saindo do Facebook…"},{"$i":"cleanFbConfirmMsg","$v":"Remover todos os dados do Facebook?"},{"$i":"renewPwdMsg","$v":"Sua senha do Facebook foi alterada. Por favor, atualize."},{"$i":"notEnabledYet","$v":"Desativado"},{"$i":"genericNoConnection","$v":"Para importar contatos, conect-se a uma rede Wi-Fi ou de dados"},{"$i":"simCard","$v":"Cartão SIM"},{"$i":"memoryCard","$v":"Cartão de memória"},{"$i":"simNumberNoMSISDN","$v":["SIM ",{"t":"idOrVar","v":"number"},":"]},{"$i":"simNumberWithMSISDN","$v":["SIM ",{"t":"idOrVar","v":"number"},": ",{"t":"idOrVar","v":"msisdn"}]},{"$i":"ICEContactsGroup","$v":"Contatos ICE"},{"$i":"setICEButton","$v":"Definir Contatos ECE"},{"$i":"ICESettingTitle","$v":"Contatos ECE"},{"$i":"ICEDescription","$v":"Adicione dois contatos para realizar chamadas “Em Caso de Emergência”."},{"$i":"ICEContact1","$v":"Contato ECE 1"},{"$i":"ICESelectContact","$v":"Selecione um contato"},{"$i":"ICEContact2","$v":"Contato ECE 2 "},{"$i":"ICERepeatedContact","$v":"Este contato já é um contato ICE existente"},{"$i":"ICEUnknownError","$v":"Ocorreu um erro ao definir o contato como ICE"},{"$i":"ICEContactNoNumber","$v":"Esse contato não possui um número de telefone"},{"$i":"ICEFacebookContactNotAllowed","$v":"Contatos do Facebook não podem ser definidos como contatos ICE"},{"$i":"ICEContactDelTel","$v":"Números de telefone apagados são removidos do contato ICE"},{"$i":"ICEContactDelTelAll","$v":"Todos os números são apagados. Este contato é removido dos Contatos ICE."},{"$i":"no-contacts","$v":"Nenhum contato"},{"$i":"start-adding","$v":"Comece a adicionar contatos agora"},{"$i":"notImported","$v":"Não importados"},{"$i":"imported","$v":"Importados"},{"$i":"today","$v":"Hoje"},{"$i":"yesterday","$v":"Ontem"},{"$i":"organise-contacts","$v":"Organizar contatos"},{"$i":"find-merge-contacts","$v":"Achar contatos duplicados"},{"$i":"preparing-contacts","$v":"Preparando contatos"},{"$i":"exportError-SIM-NoFreeRecordFound","$v":"O Cartão SIM está cheio"},{"$i":"exportError-SIM-CannotAccessPhoneBook","$v":"Falha ao acessar a agenda do cartão SIM"},{"$i":"exportError-SIM-Unavailable","$v":"Nenhum cartão SIM detectado"},{"$i":"exportError-SIM-GenericError","$v":"Houve um erro ao exportar um contato"},{"$i":"noSimMsgExport","$v":"Para exportar contatos insira ou destrave seu cartão SIM"},{"$i":"noMemoryCardMsgExport","$v":"Para exportar contatos insira um cartão de memória"},{"$i":"ContactManagementTitle","$v":"Gerenciamento de contatos"},{"$i":"DeleteTitle","$v":"Apagar"},{"$i":"bulkDeleteButton","$v":"Apagar contatos"},{"$i":"BulkDelCancel","$v":"Cancelado"},{"$i":"DeletedTxt","$v":{"zero":"Nenhum contato para ser apagado","one":"1 contato apagado","two":[{"t":"idOrVar","v":"n"}," contatos apagados"],"few":[{"t":"idOrVar","v":"n"}," contatos apagados"],"many":[{"t":"idOrVar","v":"n"}," contatos apagados"],"other":[{"t":"idOrVar","v":"n"}," contatos apagados"]},"$x":[{"t":"idOrVar","v":"plural"},"n"]},{"$i":"DeletingContacts","$v":"Apagando contatos"},{"$i":"ContactConfirmDel","$v":{"zero":"Nenhum contato para ser apagado","one":"Apagar 1 contato? Essa ação não pode ser desfeita.","two":["Apagar ",{"t":"idOrVar","v":"n"}," contatos? Essa ação não pode ser desfeita."],"few":["Apagar ",{"t":"idOrVar","v":"n"}," contatos? Essa ação não pode ser desfeita."],"many":["Apagar ",{"t":"idOrVar","v":"n"}," contatos? Essa ação não pode ser desfeita."],"other":["Apagar ",{"t":"idOrVar","v":"n"}," contatos? Essa ação não pode ser desfeita."]},"$x":[{"t":"idOrVar","v":"plural"},"n"]},{"$i":"SelectedTxt","$v":{"zero":"Contatos","one":[{"t":"idOrVar","v":"n"}," selecionado"],"two":[{"t":"idOrVar","v":"n"}," selecionados"],"few":[{"t":"idOrVar","v":"n"}," selecionados"],"many":[{"t":"idOrVar","v":"n"}," selecionados"],"other":[{"t":"idOrVar","v":"n"}," selecionados"]},"$x":[{"t":"idOrVar","v":"plural"},"n"]},{"$i":"video","$v":"Vídeo"},{"$i":"audio","$v":"Áudio"},{"$i":"pick_destination","$v":[{"t":"idOrVar","v":"destination"}," ",{"t":"idOrVar","v":"carrier"}]},{"$i":"removeField","ariaLabel":"Remover"},{"$i":"undo","ariaLabel":"Desfazer"},{"$i":"send-sms-button","ariaLabel":"SMS"},{"$i":"ice_contacts","$v":"Contatos ECE"},{"$i":"edit-picture","$v":"Editar Imagem"},{"$i":"remove-photo","$v":"Remover foto"},{"$i":"change-photo","$v":"Alterar foto"},{"$i":"photo-options","$v":"Opções da foto"},{"$i":"vCardContacts-imported","$v":{"zero":"No contacts imported","one":"Imported one contact","two":["Imported ",{"t":"idOrVar","v":"n"}," contacts"],"few":["Imported ",{"t":"idOrVar","v":"n"}," contacts"],"many":["Imported ",{"t":"idOrVar","v":"n"}," contacts"],"other":["Imported ",{"t":"idOrVar","v":"n"}," contacts"]},"$x":[{"t":"idOrVar","v":"plural"},"n"]},{"$i":"voiceMail","$v":"Mensagens de voz"},{"$i":"back","$v":"Voltar"},{"$i":"noSimMsg","$v":"Para importar contatos insira ou destrave seu cartão SIM"},{"$i":"noMemoryCardMsg","$v":"Para importar contatos insira um cartão de memória"},{"$i":"importMemoryCard","$v":"Cartão de memória"},{"$i":"noConnection11","$v":"Para importar amigos do Facebook ou contatos, conecte-se a uma rede Wi-Fi ou dados móveis."},{"$i":"emptyAccount","$v":"Nenhum amigo ou contato foi encontrado nesta conta."},{"$i":"simContacts-import","$v":"Importar contatos do chip SIM"},{"$i":"simContacts-importing","$v":"Importando contatos do chip SIM..."},{"$i":"simContacts-reading","$v":"Lendo chip SIM…"},{"$i":"simContacts-error","$v":"Não foi possível importar contatos do SIM"},{"$i":"simContacts-imported3","$v":{"zero":"Nenhum contato encontrado no SIM para importar","one":"Um contato importado","two":[{"t":"idOrVar","v":"n"}," contatos importados"],"few":[{"t":"idOrVar","v":"n"}," contatos importados"],"many":[{"t":"idOrVar","v":"n"}," contatos importados"],"other":[{"t":"idOrVar","v":"n"}," contatos importados"]},"$x":[{"t":"idOrVar","v":"plural"},"n"]},{"$i":"memoryCardContacts-import","$v":"Importar contatos do cartão de memória"},{"$i":"memoryCardContacts-importing","$v":"Importando contatos do cartão de memória..."},{"$i":"memoryCardContacts-reading","$v":"Lendo do cartão de memória..."},{"$i":"memoryCardContacts-error","$v":"Não foi possível importar contatos do cartão de memória"},{"$i":"memoryCardContacts-imported3","$v":{"zero":"Nenhum contato foi encontrado no cartão de memória","one":"Um contato importado","two":[{"t":"idOrVar","v":"n"}," contatos importados"],"few":[{"t":"idOrVar","v":"n"}," contatos importados"],"many":[{"t":"idOrVar","v":"n"}," contatos importados"],"other":[{"t":"idOrVar","v":"n"}," contatos importados"]},"$x":[{"t":"idOrVar","v":"plural"},"n"]},{"$i":"genericProgress","$v":[{"t":"idOrVar","v":"current"},"/",{"t":"idOrVar","v":"total"}]},{"$i":"facebook-import-msg2","$v":[{"t":"idOrVar","v":"imported"},"/",{"t":"idOrVar","v":"total"}," friends imported"]},{"$i":"contactsMerged","$v":{"zero":"Nenhum contato duplicado foi agrupado","one":"Um contato duplicado foi agrupado","two":[{"t":"idOrVar","v":"numDups"}," contatos foram agrupados"],"few":[{"t":"idOrVar","v":"numDups"}," contatos foram agrupados"],"many":[{"t":"idOrVar","v":"numDups"}," contatos foram agrupados"],"other":[{"t":"idOrVar","v":"numDups"}," contatos foram agrupados"]},"$x":[{"t":"idOrVar","v":"plural"},"numDups"]},{"$i":"weekday-0-long","$v":"Domingo"},{"$i":"weekday-1-long","$v":"Segunda-feira"},{"$i":"weekday-2-long","$v":"Terça-feira"},{"$i":"weekday-3-long","$v":"Quarta-feira"},{"$i":"weekday-4-long","$v":"Quinta-feira"},{"$i":"weekday-5-long","$v":"Sexta-feira"},{"$i":"weekday-6-long","$v":"Sábado"},{"$i":"weekday-0-short","$v":"Dom"},{"$i":"weekday-1-short","$v":"Seg"},{"$i":"weekday-2-short","$v":"Ter"},{"$i":"weekday-3-short","$v":"Qua"},{"$i":"weekday-4-short","$v":"Qui"},{"$i":"weekday-5-short","$v":"Sex"},{"$i":"weekday-6-short","$v":"Sáb"},{"$i":"month-0-long","$v":"Janeiro"},{"$i":"month-1-long","$v":"Fevereiro"},{"$i":"month-2-long","$v":"Março"},{"$i":"month-3-long","$v":"Abril"},{"$i":"month-4-long","$v":"Maio"},{"$i":"month-5-long","$v":"Junho"},{"$i":"month-6-long","$v":"Julho"},{"$i":"month-7-long","$v":"Agosto"},{"$i":"month-8-long","$v":"Setembro"},{"$i":"month-9-long","$v":"Outubro"},{"$i":"month-10-long","$v":"Novembro"},{"$i":"month-11-long","$v":"Dezembro"},{"$i":"month-0-genitive","$v":"Janeiro"},{"$i":"month-1-genitive","$v":"Fevereiro"},{"$i":"month-2-genitive","$v":"Março"},{"$i":"month-3-genitive","$v":"Abril"},{"$i":"month-4-genitive","$v":"Maio"},{"$i":"month-5-genitive","$v":"Junho"},{"$i":"month-6-genitive","$v":"Julho"},{"$i":"month-7-genitive","$v":"Agosto"},{"$i":"month-8-genitive","$v":"Setembro"},{"$i":"month-9-genitive","$v":"Outubro"},{"$i":"month-10-genitive","$v":"Novembro"},{"$i":"month-11-genitive","$v":"Dezembro"},{"$i":"month-0-short","$v":"Jan"},{"$i":"month-1-short","$v":"Fev"},{"$i":"month-2-short","$v":"Mar"},{"$i":"month-3-short","$v":"Abr"},{"$i":"month-4-short","$v":"Mai"},{"$i":"month-5-short","$v":"Jun"},{"$i":"month-6-short","$v":"Jul"},{"$i":"month-7-short","$v":"Ago"},{"$i":"month-8-short","$v":"Set"},{"$i":"month-9-short","$v":"Out"},{"$i":"month-10-short","$v":"Nov"},{"$i":"month-11-short","$v":"Dez"},{"$i":"minutes-ago-long","$v":{"zero":"há pouco","one":"um minuto atrás","two":[{"t":"idOrVar","v":"value"}," minutos atrás"],"few":[{"t":"idOrVar","v":"value"}," minutos atrás"],"many":[{"t":"idOrVar","v":"value"}," minutos atrás"],"other":[{"t":"idOrVar","v":"value"}," minutos atrás"]},"$x":[{"t":"idOrVar","v":"plural"},"value"]},{"$i":"hours-ago-long","$v":{"zero":"há pouco","one":"uma hora atrás","two":[{"t":"idOrVar","v":"value"}," horas atrás"],"few":[{"t":"idOrVar","v":"value"}," horas atrás"],"many":[{"t":"idOrVar","v":"value"}," horas atrás"],"other":[{"t":"idOrVar","v":"value"}," horas atrás"]},"$x":[{"t":"idOrVar","v":"plural"},"value"]},{"$i":"days-ago-long","$v":{"zero":"hoje","one":"ontem","two":[{"t":"idOrVar","v":"value"}," dias atrás"],"few":[{"t":"idOrVar","v":"value"}," dias atrás"],"many":[{"t":"idOrVar","v":"value"}," dias atrás"],"other":[{"t":"idOrVar","v":"value"}," dias atrás"]},"$x":[{"t":"idOrVar","v":"plural"},"value"]},{"$i":"weeks-ago-long","$v":{"zero":"esta semana","one":"semana passada","two":[{"t":"idOrVar","v":"value"}," semanas atrás"],"few":[{"t":"idOrVar","v":"value"}," semanas atrás"],"many":[{"t":"idOrVar","v":"value"}," semanas atrás"],"other":[{"t":"idOrVar","v":"value"}," semanas atrás"]},"$x":[{"t":"idOrVar","v":"plural"},"value"]},{"$i":"months-ago-long","$v":{"zero":"este mês","one":"mês passado","two":[{"t":"idOrVar","v":"value"}," meses atrás"],"few":[{"t":"idOrVar","v":"value"}," meses atrás"],"many":[{"t":"idOrVar","v":"value"}," meses atrás"],"other":[{"t":"idOrVar","v":"value"}," meses atrás"]},"$x":[{"t":"idOrVar","v":"plural"},"value"]},{"$i":"years-ago-long","$v":{"zero":"este ano","one":"ano passado","two":[{"t":"idOrVar","v":"value"}," anos atrás"],"few":[{"t":"idOrVar","v":"value"}," anos atrás"],"many":[{"t":"idOrVar","v":"value"}," anos atrás"],"other":[{"t":"idOrVar","v":"value"}," anos atrás"]},"$x":[{"t":"idOrVar","v":"plural"},"value"]},{"$i":"minutes-until-long","$v":{"zero":"agora","one":"em um minuto","two":["em ",{"t":"idOrVar","v":"value"}," minutos"],"few":["em ",{"t":"idOrVar","v":"value"}," minutos"],"many":["em ",{"t":"idOrVar","v":"value"}," minutos"],"other":["em ",{"t":"idOrVar","v":"value"}," minutos"]},"$x":[{"t":"idOrVar","v":"plural"},"value"]},{"$i":"hours-until-long","$v":{"zero":"agora","one":"em uma hora","two":["em ",{"t":"idOrVar","v":"value"}," horas"],"few":["em ",{"t":"idOrVar","v":"value"}," horas"],"many":["em ",{"t":"idOrVar","v":"value"}," horas"],"other":["em ",{"t":"idOrVar","v":"value"}," horas"]},"$x":[{"t":"idOrVar","v":"plural"},"value"]},{"$i":"days-until-long","$v":{"zero":"hoje","one":"amanhã","two":["em ",{"t":"idOrVar","v":"value"}," dias"],"few":["em ",{"t":"idOrVar","v":"value"}," dias"],"many":["em ",{"t":"idOrVar","v":"value"}," dias"],"other":["em ",{"t":"idOrVar","v":"value"}," dias"]},"$x":[{"t":"idOrVar","v":"plural"},"value"]},{"$i":"weeks-until-long","$v":{"zero":"esta semana","one":"semana que vem","two":["em ",{"t":"idOrVar","v":"value"}," semanas"],"few":["em ",{"t":"idOrVar","v":"value"}," semanas"],"many":["em ",{"t":"idOrVar","v":"value"}," semanas"],"other":["em ",{"t":"idOrVar","v":"value"}," semanas"]},"$x":[{"t":"idOrVar","v":"plural"},"value"]},{"$i":"months-until-long","$v":{"zero":"este mês","one":"mês que vem","two":["em ",{"t":"idOrVar","v":"value"}," meses"],"few":["em ",{"t":"idOrVar","v":"value"}," meses"],"many":["em ",{"t":"idOrVar","v":"value"}," meses"],"other":["em ",{"t":"idOrVar","v":"value"}," meses"]},"$x":[{"t":"idOrVar","v":"plural"},"value"]},{"$i":"years-until-long","$v":{"zero":"este ano","one":"ano que vem","two":["em ",{"t":"idOrVar","v":"value"}," anos"],"few":["em ",{"t":"idOrVar","v":"value"}," anos"],"many":["em ",{"t":"idOrVar","v":"value"}," anos"],"other":["em ",{"t":"idOrVar","v":"value"}," anos"]},"$x":[{"t":"idOrVar","v":"plural"},"value"]},{"$i":"minutes-ago-short","$v":{"zero":"há pouco","other":[{"t":"idOrVar","v":"value"},"min atrás"]},"$x":[{"t":"idOrVar","v":"plural"},"value"]},{"$i":"hours-ago-short","$v":{"zero":"há pouco","other":[{"t":"idOrVar","v":"value"},"h atrás"]},"$x":[{"t":"idOrVar","v":"plural"},"value"]},{"$i":"days-ago-short","$v":{"zero":"hoje","other":[{"t":"idOrVar","v":"value"},"d atrás"]},"$x":[{"t":"idOrVar","v":"plural"},"value"]},{"$i":"minutes-until-short","$v":{"zero":"agora","other":["em ",{"t":"idOrVar","v":"value"},"min"]},"$x":[{"t":"idOrVar","v":"plural"},"value"]},{"$i":"hours-until-short","$v":{"zero":"agora","other":["em ",{"t":"idOrVar","v":"value"},"h"]},"$x":[{"t":"idOrVar","v":"plural"},"value"]},{"$i":"days-until-short","$v":{"zero":"hoje","other":["em ",{"t":"idOrVar","v":"value"},"d"]},"$x":[{"t":"idOrVar","v":"plural"},"value"]},{"$i":"incorrectDate","$v":"(data incorreta)"},{"$i":"dateTimeFormat_%c","$v":"%A, %e de %B de %Y %H h %M min %S s"},{"$i":"dateTimeFormat_%x","$v":"%d/%m/%Y"},{"$i":"dateTimeFormat_%X","$v":"%H h %M min %S s"},{"$i":"shortTimeFormat","$v":"%H:%M"},{"$i":"shortTimeFormat12","$v":"%I:%M %p"},{"$i":"shortTimeFormat24","$v":"%H:%M"},{"$i":"shortDateTimeFormat","$v":"%x %H:%M"},{"$i":"weekStartsOnMonday","$v":"0"},{"$i":"firstDayOfTheWeek","$v":"0"},{"$i":"time_am","$v":"AM"},{"$i":"time_pm","$v":"PM"},{"$i":"label","$v":"Etiqueta"},{"$i":"mobile","$v":"Celular"},{"$i":"home","$v":"Início"},{"$i":"work","$v":"Trabalho"},{"$i":"personal","$v":"Pessoal"},{"$i":"faxHome","$v":"Fax Casa"},{"$i":"faxOffice","$v":"Fax Escritório"},{"$i":"faxOther","$v":"Fax Outro"},{"$i":"another","$v":"Outro"},{"$i":"other","$v":"Outro"},{"$i":"customTag","placeholder":"Tag personalizada"},{"$i":"current","$v":"Atual"},{"$i":"itemWithLabel","$v":[{"t":"idOrVar","v":"label"},", ",{"t":"idOrVar","v":"item"}]},{"$i":"addNewNumber","$v":"Adicionar novo número"},{"$i":"contactDetails","$v":"Detalhes do contato"},{"$i":"addToExistingContact","$v":"Adicionar a um contato"},{"$i":"all","$v":"Todas","ariaLabel":"Todas"},{"$i":"bluetoothOption","ariaLabel":"Bluetooth"},{"$i":"callLog","$v":"Histórico de Chamadas"},{"$i":"callLogEdit","title":"Editar histórico de chamadas"},{"$i":"callLogEditDialog","ariaLabel":"Editar diálogo de histórico de chamadas"},{"$i":"connecting","$v":"Conectando"},{"$i":"connectingEllipsis","$v":"Conectando…"},{"$i":"call-forwarding-async","$v":["Assíncrono: ",{"t":"idOrVar","v":"async"}]},{"$i":"call-forwarding-data","$v":["Dados: ",{"t":"idOrVar","v":"data"}]},{"$i":"call-forwarding-error","$v":"Ocorreu um erro ao recuperar status de desvio de chamadas"},{"$i":"call-forwarding-fax","$v":["FAX: ",{"t":"idOrVar","v":"fax"}]},{"$i":"call-forwarding-inactive","$v":"Inativo"},{"$i":"call-forwarding-packet","$v":["Pacote: ",{"t":"idOrVar","v":"packet"}]},{"$i":"call-forwarding-pad","$v":["PAD: ",{"t":"idOrVar","v":"pad"}]},{"$i":"call-forwarding-sms","$v":["SMS: ",{"t":"idOrVar","v":"sms"}]},{"$i":"call-forwarding-status","$v":"Status de desvio de chamadas"},{"$i":"call-forwarding-sync","$v":["Síncrono: ",{"t":"idOrVar","v":"sync"}]},{"$i":"call-forwarding-voice","$v":["Voz: ",{"t":"idOrVar","v":"voice"}]},{"$i":"confirm-deletion","$v":"Apagar as chamadas selecionadas?"},{"$i":"createNewContact","$v":"Criar novo contato"},{"$i":"dialerAddContact","ariaLabel":"Adicionar contato"},{"$i":"dialerAddContactDialog","ariaLabel":"Add Contact Dialog"},{"$i":"callInformation","$v":"Informações da Chamada"},{"$i":"edit-selected","$v":{"one":[{"t":"idOrVar","v":"n"}," selecionada"],"two":[{"t":"idOrVar","v":"n"}," selecionadas"],"few":[{"t":"idOrVar","v":"n"}," selecionadas"],"many":[{"t":"idOrVar","v":"n"}," selecionadas"],"other":[{"t":"idOrVar","v":"n"}," selecionadas"]},"$x":[{"t":"idOrVar","v":"plural"},"n"]},{"$i":"hideKeypad","ariaLabel":"Esconder teclado"},{"$i":"ignore","$v":"Ignorar chamada"},{"$i":"incoming","$v":"Recebidas"},{"$i":"keypad","ariaLabel":"Teclado"},{"$i":"info-missed","$v":"Não atendidas"},{"$i":"missed","$v":"Não atendidas","ariaLabel":"Não atendidas"},{"$i":"canceled","$v":"Cancelado"},{"$i":"missedCall","$v":"Chamada não atendida"},{"$i":"missedCallMultiSims","$v":["(SIM ",{"t":"idOrVar","v":"n"},") Chamada não atendida"]},{"$i":"mmi-error","$v":"Ocorreu um erro ao enviar a mensagem"},{"$i":"mmi-session-expired","$v":"Sessão expirada"},{"$i":"mmi-successfully-sent","$v":"Mensagem enviada com sucesso"},{"$i":"mmi-notification-title-with-sim","$v":["(",{"t":"idOrVar","v":"sim"},") ",{"t":"idOrVar","v":"title"}]},{"$i":"mute","ariaLabel":"Emudecer"},{"$i":"newCall","ariaLabel":"Nova chamada"},{"$i":"no-logs-msg-1","$v":"Nenhuma chamada registrada"},{"$i":"no-logs-msg-2","$v":"Comece a se comunicar agora"},{"$i":"no-logs-msg-3","$v":"Nenhuma chamada não atendida"},{"$i":"onHoldOption","ariaLabel":"Em espera"},{"$i":"outgoing","$v":"Efetuadas"},{"$i":"recents","ariaLabel":"Chamas recentes"},{"$i":"reply","$v":"Responder"},{"$i":"send","$v":"Enviar"},{"$i":"switch-calls","$v":"Alternar chamada"},{"$i":"withheld-number","$v":"Número confidencial"},{"$i":"from-contact","$v":["De ",{"t":"idOrVar","v":"contact"}]},{"$i":"from-number","$v":["De ",{"t":"idOrVar","v":"number"}]},{"$i":"from-withheld-number","$v":"De número confidencial"},{"$i":"sending","$v":"Enviando…"},{"$i":"speakerOption","ariaLabel":"Alto-falante"},{"$i":"ussd-services","$v":["Serviços da ",{"t":"idOrVar","v":"operator"}]},{"$i":"toggleKeypad","ariaLabel":"Exibir/esconder teclado"},{"$i":"type-your-response","placeholder":"Digite sua resposta…"},{"$i":"clear-all-text","$v":"Limpar tudo"},{"$i":"hide","$v":"Esconder"},{"$i":"hold","ariaLabel":"Espera"},{"$i":"resume","$v":"Continuar","ariaLabel":"Continuar"},{"$i":"sendSms","$v":"Enviar mensagem"},{"$i":"callEnded","$v":"Chamada Encerrada"},{"$i":"via-sim","$v":["via SIM",{"t":"idOrVar","v":"n"}]},{"$i":"sim-number","$v":["SIM",{"t":"idOrVar","v":"n"}]},{"$i":"unknown","$v":"Desconhecido"},{"$i":"hangup-a11y-button","ariaLabel":"Desligar"},{"$i":"pickup-a11y-button","ariaLabel":"Atender"},{"$i":"unlock-a11y-button","ariaLabel":"Deslizador"},{"$i":"settings","$v":"Configurações"},{"$i":"delete-n-log?","$v":{"zero":"Nada selecionado","one":"Apagar a entrada selecionada?","two":["Apagar ",{"t":"idOrVar","v":"n"}," entradas?"],"few":["Apagar ",{"t":"idOrVar","v":"n"}," entradas?"],"many":["Apagar ",{"t":"idOrVar","v":"n"}," entradas?"],"other":["Apagar ",{"t":"idOrVar","v":"n"}," entradas?"]},"$x":[{"t":"idOrVar","v":"plural"},"n"]},{"$i":"callDurationMinutes","$v":[{"t":"idOrVar","v":"m"},"min ",{"t":"idOrVar","v":"s"},"s"]},{"$i":"callDurationHours","$v":[{"t":"idOrVar","v":"h"},"h ",{"t":"idOrVar","v":"m"},"min ",{"t":"idOrVar","v":"s"},"s"]},{"$i":"callDurationTextFormatSeconds","$v":[{"t":"idOrVar","v":"s"}," s"]},{"$i":"callDurationTextFormatMinutes","$v":[{"t":"idOrVar","v":"m"}," m ",{"t":"idOrVar","v":"s"}," s"]},{"$i":"callDurationTextFormatHours","$v":[{"t":"idOrVar","v":"h"}," h ",{"t":"idOrVar","v":"m"}," m ",{"t":"idOrVar","v":"s"}," s"]},{"$i":"suggestionMatches","$v":{"one":[{"t":"idOrVar","v":"n"}," resultado para \"",{"t":"idOrVar","v":"matchNumber"},"\""],"two":[{"t":"idOrVar","v":"n"}," resultados para \"",{"t":"idOrVar","v":"matchNumber"},"\""],"few":[{"t":"idOrVar","v":"n"}," resultados para \"",{"t":"idOrVar","v":"matchNumber"},"\""],"many":[{"t":"idOrVar","v":"n"}," resultados para \"",{"t":"idOrVar","v":"matchNumber"},"\""],"other":[{"t":"idOrVar","v":"n"}," resultados para \"",{"t":"idOrVar","v":"matchNumber"},"\""]},"$x":[{"t":"idOrVar","v":"plural"},"n"]},{"$i":"scCallBarring","$v":"Restrição de chamadas"},{"$i":"scCallForwarding","$v":"Desvio de chamadas"},{"$i":"scClip","$v":"Identificação da chamada de entrada"},{"$i":"scClir","$v":"Identificação do seu aparelho"},{"$i":"scPwd","$v":"Troca de senha"},{"$i":"scCallWaiting","$v":"Chamada em espera"},{"$i":"scPin","$v":"Troca de PIN"},{"$i":"scPin2","$v":"Troca de PIN2"},{"$i":"scPuk","$v":"Desbloqueio de PIN"},{"$i":"scPuk2","$v":"Desbloqueio de PIN2"},{"$i":"scImei","$v":"IMEI"},{"$i":"scUssd","$v":"USSD"},{"$i":"serviceClassVoice","$v":"Voz"},{"$i":"serviceClassData","$v":"Dados"},{"$i":"serviceClassFax","$v":"FAX"},{"$i":"serviceClassSms","$v":"SMS"},{"$i":"serviceClassDataSync","$v":"Síncrono"},{"$i":"serviceClassDataAsync","$v":"Assíncrono"},{"$i":"serviceClassPacket","$v":"Pacote"},{"$i":"serviceClassPad","$v":"PAD"},{"$i":"smServiceEnabled","$v":"O serviço foi ativado"},{"$i":"smServiceDisabled","$v":"O serviço foi desativado"},{"$i":"smServiceRegistered","$v":"Registro com sucesso"},{"$i":"smServiceErased","$v":"Excluído com sucesso"},{"$i":"smServiceInterrogated","$v":"Solicitação com sucesso"},{"$i":"smServiceNotProvisioned","$v":"Serviço não oferecido"},{"$i":"smClirPermanent","$v":"Você não pode alterar as configurações de identificação"},{"$i":"smClirDefaultOnNextCallOn","$v":"A configuração padrão de identificação é restrita. Próxima chamada: restrita"},{"$i":"smClirDefaultOnNextCallOff","$v":"A configuração padrão de identificação é restrita. Próxima chamada: irrestrita"},{"$i":"smClirDefaultOffNextCallOn","$v":"A configuração padrão de identificação é irrestrita. Próxima chamada: restrita"},{"$i":"smClirDefaultOffNextCallOff","$v":"A configuração padrão de identificação é irrestrita. Próxima chamada: irrestrita"},{"$i":"smServiceEnabledFor","$v":"O serviço foi ativado para:"},{"$i":"smPinChanged","$v":"PIN alterado com sucesso"},{"$i":"smPinUnblocked","$v":"PIN desbloqueado com sucesso"},{"$i":"smPin2Changed","$v":"PIN2 alterado com sucesso"},{"$i":"smPin2Unblocked","$v":"PIN2 desbloqueado com sucesso"},{"$i":"ServiceIsEnabled","$v":"O serviço foi habilitado"},{"$i":"ServiceIsDisabled","$v":"Serviço desabilitado"},{"$i":"ServiceIsEnabledFor","$v":"O serviço foi habilitado para:"},{"$i":"emMmiError","$v":"Erro de conexão ou código MMI inválido"},{"$i":"emMmiErrorPasswordIncorrect","$v":"Senha incorreta"},{"$i":"emMmiErrorNotSupported","$v":"Código MMI inválido ou não suportado"},{"$i":"emMmiErrorInvalidAction","$v":"Ação inválida"},{"$i":"emMmiErrorInvalidScCode","$v":"Código de serviço inválido"},{"$i":"emMmiErrorBadPuk","$v":"O PUK que você digitou está incorreto"},{"$i":"emMmiErrorBadPin","$v":"O PIN atual que você digitou esá incorreto"},{"$i":"emMmiErrorNeedPuk2","$v":"Digite o PIN2 para desbloquear o chip SIM"},{"$i":"emMmiErrorMismatchPin","$v":"Os PINs que você digitou não correspondem"},{"$i":"emMmiErrorInvalidPin","$v":"Digite um PIN de 4 a 8 dígitos"},{"$i":"emMmiErrorNeedsPuk","$v":"Seu chip SIM está bloqueado"},{"$i":"emMmiErrorEnablePin","$v":"Sem sucesso. Ative o bloqueio SIM/RUIM"},{"$i":"emMmiErrorMmiFdn","$v":"A operação está restrita somente a números fixos "},{"$i":"emMmiErrorStkCcUssdDial","$v":"A soliticação USSD está modificada para soliticação DIAL"},{"$i":"emMmiErrorStkCcUssdSs","$v":"A soliticação USSD está modificada para soliticação SS"},{"$i":"emMmiErrorStkCcUssdUssd","$v":"A soliticação USSD está modificada para soliticação USSD"},{"$i":"emMmiErrorStkCcSsDial","$v":"A soliticação SS está modificada para soliticação DIAL"},{"$i":"emMmiErrorStkCcSsUssd","$v":"A soliticação SS está modificada para soliticação USSD"},{"$i":"emMmiErrorStkCcSsSs","$v":"A soliticação SS está modificada para soliticação SS"},{"$i":"emMmiErrorPinPukAttempts","$v":{"one":["Apenas ",{"t":"idOrVar","v":"n"}," tentativa restante"],"two":[{"t":"idOrVar","v":"n"}," tentativas restantes"],"few":[{"t":"idOrVar","v":"n"}," tentativas restantes"],"many":[{"t":"idOrVar","v":"n"}," tentativas restantes"],"other":[{"t":"idOrVar","v":"n"}," tentativas restantes"]},"$x":[{"t":"idOrVar","v":"plural"},"n"]},{"$i":"emMmiErrorSimBlocked","$v":"Número máximo de tentativas excedido. Chip bloqueado"},{"$i":"RadioNotAvailable","$v":"Rádio indisponível"},{"$i":"GenericFailure","$v":"Falha genérica"},{"$i":"PasswordIncorrect","$v":"Senha incorreta"},{"$i":"SimPin2","$v":"PIN2 do SIM"},{"$i":"SimPuk2","$v":"PUK2 do SIM"},{"$i":"RequestNotSupported","$v":"Solicitação não suportada"},{"$i":"OpNotAllowedDuringVoiceCall","$v":"Operação não permitida durante uma chamada de voz"},{"$i":"SmsSendFailRetry","$v":"Tentativa de reenvio de SMS"},{"$i":"SimAbsent","$v":"SIM ausente"},{"$i":"SubscriptionNotAvailable","$v":"Inscrição indisponível"},{"$i":"ModeNotSupported","$v":"Modo não suportado"},{"$i":"FdnCheckFailure","$v":"Falha de verificação Fdn"},{"$i":"IllegalSimOrMe","$v":"Chip SIM ou ME ilegal"},{"$i":"DialModifiedToUssd","$v":"Dial modificado para USSD"},{"$i":"DialModifiedToSs","$v":"Dial modificado para ss"},{"$i":"DialModifiedToDial","$v":"Dial modificado para dial"},{"$i":"UssdModifiedToDial","$v":"USSD modificado para dial"},{"$i":"UssdModifiedToSs","$v":"USSD modificado para SS"},{"$i":"UssdModifiedToUssd","$v":"USSD modificado para USSD"},{"$i":"SsModifiedToDial","$v":"SS modificado para dial"},{"$i":"SsModifiedToUssd","$v":"SS modificado para USSD"},{"$i":"SsModifiedToSs","$v":"SS modificado para SS"},{"$i":"SubscriptionNotSupported","$v":"Inscrição não suportada"},{"$i":"InvalidParameter","$v":"Parâmetro inválido"},{"$i":"RejectedByRemote","$v":"Rejeitado remotamente"},{"$i":"conferenceCall","$v":["Conferência (",{"t":"idOrVar","v":"n"},")"]},{"$i":"caller-left-call","$v":[{"t":"idOrVar","v":"caller"}," saiu da chamada."]},{"$i":"conferenceAddError","$v":"Não foi possível unir as chamadas"},{"$i":"conferenceRemoveError","$v":"Não foi possível separar as chamadas"},{"$i":"longDateFormat","$v":"%a, %e de %B"},{"$i":"select-audio-sources","$v":"Selecionar fontes de áudio"},{"$i":"bluetooth-handsfree-device","$v":"Dispositivo handsfree Bluetooth"},{"$i":"receiver","$v":"Recebedor"},{"$i":"speaker","$v":"Alto-falante"},{"$i":"voicemailNoNumberTitle","$v":"Número de correio de voz indisponível"},{"$i":"voicemailNoNumberText","$v":"Não foi possível chamar o correio de voz. Configure o número do correio de voz para realizar a chamada."},{"$i":"voicemailNoNumberSettings","$v":"Configurações"},{"$i":"voicemailNoNumberCancel","$v":"Cancelar"},{"$i":"phoneNumberInput","ariaLabel":"Número de telefone"},{"$i":"keypadDelete","ariaLabel":"Excluir"},{"$i":"voiceMailKey","ariaLabel":"Correio de voz"},{"$i":"asterisk","ariaLabel":"Asterisco"},{"$i":"hashSign","ariaLabel":"Cerquilha"},{"$i":"loadingSimContacts","$v":"Loading SIM card contacts…"},{"$i":"noContactsWereFound","$v":"No contacts were found"},{"$i":"noContactsFoundDialogOk","$v":"OK"},{"$i":"emergencyNumber","$v":"Número de emergência"},{"$i":"callAirplaneModeMessage","$v":"Para fazer uma ligação é necessário desativar o modo avião nas configurações."},{"$i":"callAirplaneModeBtnOk","$v":"OK"},{"$i":"callAirplaneModeTitle","$v":"Modo avião ativado"},{"$i":"numberIsBusyTitle","$v":"O número está ocupado"},{"$i":"numberIsBusyMessage","$v":"O número está ocupado. Tente novamente mais tarde."},{"$i":"fdnIsActiveTitle","$v":"NDF ativo"},{"$i":"fdnIsActiveMessage","$v":["NDF (Números de discagem fixa) está ativo e o seguinte número não está na sua lista NDF: ",{"t":"idOrVar","v":"number"}]},{"$i":"emergencyDialogBodyBadNumber","$v":"Para fazer uma chamada, o telefone deve estar conectado a uma rede."},{"$i":"emergencyDialogBodyDeviceNotAccepted","$v":"Chamadas de emergência não são permitidas pela rede."},{"$i":"emergencyDialogBtnOk","$v":"OK"},{"$i":"emergencyDialogTitle","$v":"Nenhuma conexão de rede"},{"$i":"invalidNumberToDialTitle","$v":"Número de telefone inválido"},{"$i":"invalidNumberToDialMessage","$v":"O número de telefone para o qual você está ligando é inválido."},{"$i":"unableToCallTitle","$v":"Impossível realizar uma chamada agora"},{"$i":"unableToCallMessage","$v":"Não é possível realizar a chamada. Se você já está ligando, por favor desligue primeiro."},{"$i":"otherConnectionInUseTitle","$v":"Outra conexão está em uso"},{"$i":"otherConnectionInUseMessage","$v":"Você tem uma chamada ativa em outra linha. Você só pode usar uma linha por vez."}]