[{"$i":"close","$v":"Închide"},{"$i":"import","$v":"Importă"},{"$i":"update","$v":"Actualizează"},{"$i":"fbFriends","$v":"Prieteni pe Facebook"},{"$i":"live-serviceName","$v":"Outlook"},{"$i":"gmail-serviceName","$v":"Gmail"},{"$i":"facebook-serviceName","$v":"Prieteni pe Facebook"},{"$i":"selectAll","$v":"Selectează tot"},{"$i":"deselectAll","$v":"Deselectează tot"},{"$i":"viewAll","$v":"Vezi toți prietenii de pe Facebook"},{"$i":"viewRecommend","$v":"Vezi doar recomandările"},{"$i":"linkProposal","$v":{"zero":"Niciun prieten găsit. Se afișează toți","one":"Selectează recomandarea","two":"Selectează o recomandare","few":"Selectează o recomandare","many":"Selectează o recomandare","other":"Selectează o recomandare"},"$x":[{"t":"idOrVar","v":"plural"},"numFriends"]},{"$i":"fbFriendsFound","$v":{"zero":"Toți prietenii tăi sunt importați","one":"Un prieten găsit pentru importare","two":["Găsiți ",{"t":"idOrVar","v":"numFriends"}," prieteni pentru importare"],"few":["Găsiți ",{"t":"idOrVar","v":"numFriends"}," prieteni pentru importare"],"many":["Găsiți ",{"t":"idOrVar","v":"numFriends"}," prieteni pentru importare"],"other":["Găsiți ",{"t":"idOrVar","v":"numFriends"}," prieteni pentru importare"]},"$x":[{"t":"idOrVar","v":"plural"},"numFriends"]},{"$i":"fbNoFriends","$v":"Niciun contact disponibil pentru importare"},{"$i":"facebook","$v":"Facebook"},{"$i":"search-contact","placeholder":"Caută"},{"$i":"noResults","$v":"Niciun contact găsit"},{"$i":"done-search","$v":"Gata"},{"$i":"progressFB3ImportTitle","$v":"Se importă prietenii la Contacte"},{"$i":"progressFB","$v":[{"t":"idOrVar","v":"current"},"/",{"t":"idOrVar","v":"total"}]},{"$i":"progressFB3UpdateTitle","$v":"Se actualizează prietenii în Contacte"},{"$i":"message2","$v":"Aceasta poate dura câteva minute"},{"$i":"messageLinking","$v":"Te rugăm să aștepți. Legăm prietenul și contactul tău."},{"$i":"messageCanceling","$v":"Te rugăm să aștepți. Anulăm operația în curs."},{"$i":"error1","$v":["Eroare ",{"t":"idOrVar","v":"from"}]},{"$i":"error2","$v":"Dorești să reîncerci?"},{"$i":"errorProposal","$v":"de calculare a propunerilor"},{"$i":"errorFriends","$v":"de preluare a prietenilor"},{"$i":"errorLinking","$v":"de legare a contactului"},{"$i":"timeout1","$v":["Timpul de așteptare depășit ",{"t":"idOrVar","v":"from"}]},{"$i":"timeout2","$v":"Dorești să reîncerci?"},{"$i":"timeoutProposal","$v":"de calculare a propunerilor"},{"$i":"timeoutFriends","$v":"de preluare a prietenilor"},{"$i":"timeoutLinking","$v":"de legare a contactelor"},{"$i":"wait1","$v":"Te rugăm să aștepți"},{"$i":"wait2","$v":"Aceasta poate dura câteva minute"},{"$i":"waitProposal","$v":"Te rugăm să aștepți. Calculăm o propunere."},{"$i":"waitFriends","$v":"Te rugăm să aștepți. Ne conectăm pentru a obține lista prietenilor tăi."},{"$i":"curtainCancel","$v":"Renunță"},{"$i":"curtainRetry","$v":"Reîncearcă"},{"$i":"curtainOK","$v":"Ok"},{"$i":"connectionLost","$v":"Nicio conexiune la internet"},{"$i":"connectionLostMsg","$v":"Imaginile prietenilor nu vor fi adăugate contactelor. Continui oricum?"},{"$i":"yesOption","$v":"Ok"},{"$i":"noOption","$v":"Renunță"},{"$i":"friendsUpdated","$v":{"zero":"Niciun prieten actualizat","one":"Un prieten actualizat","two":[{"t":"idOrVar","v":"numFriends"}," prieteni actualizați"],"few":[{"t":"idOrVar","v":"numFriends"}," prieteni actualizați"],"many":[{"t":"idOrVar","v":"numFriends"}," prieteni actualizați"],"other":[{"t":"idOrVar","v":"numFriends"}," prieteni actualizați"]},"$x":[{"t":"idOrVar","v":"plural"},"numFriends"]},{"$i":"friendsMerged","$v":{"zero":"No duplicated friends merged","one":"One duplicated friend merged","two":[{"t":"idOrVar","v":"numDups"}," friends merged"],"few":[{"t":"idOrVar","v":"numDups"}," friends merged"],"many":[{"t":"idOrVar","v":"numDups"}," friends merged"],"other":[{"t":"idOrVar","v":"numDups"}," friends merged"]},"$x":[{"t":"idOrVar","v":"plural"},"numDups"]},{"$i":"notificationLogin","$v":"Sesiunea ta de Facebook este invalidă. Te rugăm să te autentifici."},{"$i":"syncError","$v":"A apărut o eroare la sincronizarea datelor prietenilor tăi"},{"$i":"waitDuplicateContacts","$v":"Se caută contacte duplicate"},{"$i":"waitMergingDuplicateContacts","$v":"Se contopesc contactele duplicate"},{"$i":"alertNoDuplicateContacts","$v":"Niciun contact duplicat găsit"},{"$i":"merge","ariaLabel":"Merge"},{"$i":"mergeDuplicateTitle","$v":"Contopește duplicatele"},{"$i":"suggestedDuplicateContacts","$v":["Contacte duplicate sugerate pentru ",{"t":"idOrVar","v":"name"}]},{"$i":"mergeActionButtonLabel","$v":{"zero":"Niciun contact selectat","one":["Contopește cu ",{"t":"idOrVar","v":"n"}," contact"]},"$x":[{"t":"idOrVar","v":"plural"},"n"]},{"$i":"duplicatesFoundTitle","$v":"Duplicate găsite"},{"$i":"duplicatesFoundMessage","$v":[{"t":"idOrVar","v":"name"}," duplică informații în următoarele contacte"]},{"$i":"ok","$v":"Ok"},{"$i":"gaia-menu-cancel","$v":"Renunță"},{"$i":"gaia-sim-picker-dial-via-with-number","$v":["Apelează ",{"t":"idOrVar","v":"phoneNumber"}," via"]},{"$i":"gaia-sim-picker-select-sim","$v":"Selectează SIM-ul"},{"$i":"gaia-sim-picker-button","$v":["SIM",{"t":"idOrVar","v":"n"}]},{"$i":"gaia-sim-picker-button-default","$v":"(implicit)"},{"$i":"call","$v":"Apelează"},{"$i":"edit","$v":"Editează"},{"$i":"cancel","$v":"Renunță"},{"$i":"done","$v":"Gata"},{"$i":"retry","$v":"Reîncearcă"},{"$i":"contacts","$v":"Contacts"},{"$i":"addContact","$v":"Adaugă contact"},{"$i":"deleteContact","$v":"Șterge contactul"},{"$i":"selectContact","$v":"Selectează contactul"},{"$i":"editContact","$v":"Editează contactul"},{"$i":"deleteConfirmMsg","$v":"Ștergi contactul?"},{"$i":"remove","$v":"Remove"},{"$i":"delete","$v":"Șterge"},{"$i":"comments","$v":"Comentarii"},{"$i":"no_contact_phones","$v":"Acest contact nu are un număr de telefon"},{"$i":"no_contact_email","$v":"Acest contact nu are o adresă de e-mail"},{"$i":"no_contact_data","$v":"Acest contact nu are un număr de telefon și o adresă de e-mail"},{"$i":"removePhotoConfirm","$v":"Elimini fotografia de contact?"},{"$i":"loadingContacts","$v":"Se încarcă contactele…"},{"$i":"noContactsActivity2","$v":"No contacts in your Contacts list"},{"$i":"noName","$v":"Niciun nume"},{"$i":"givenName","placeholder":"Nume"},{"$i":"familyName","placeholder":"Nume"},{"$i":"tel","placeholder":"Phone"},{"$i":"carrier","$v":"Operator","placeholder":"Operator"},{"$i":"separator","$v":","},{"$i":"email","$v":"E-mail","placeholder":"E-mail"},{"$i":"streetAddress","placeholder":"Stradă"},{"$i":"postalCode","placeholder":"Cod poștal"},{"$i":"locality","placeholder":"Oraș"},{"$i":"countryName","placeholder":"Țară"},{"$i":"comment","placeholder":"Comentariu"},{"$i":"org","placeholder":"Companie"},{"$i":"date","$v":"Dată","placeholder":"Dată"},{"$i":"date-span-placeholder","$v":"Date"},{"$i":"birthday","$v":"Zi de naștere"},{"$i":"dateFormat","$v":"%e %B"},{"$i":"dateOutput","$v":[{"t":"idOrVar","v":"dayMonthFormatted"}," ",{"t":"idOrVar","v":"year"}]},{"$i":"anniversary","$v":"Aniversare"},{"$i":"addPhoto","$v":"Adaugă fotografie"},{"$i":"addPhone","$v":"Adaugă telefon"},{"$i":"addEmail","$v":"Adaugă e-mail"},{"$i":"addAddress","$v":"Adaugă adresă"},{"$i":"addDate","$v":"Adaugă dată"},{"$i":"addComment","$v":"Adaugă comentariu"},{"$i":"addFavorite","$v":"Adaugă ca favorit"},{"$i":"removeFavorite","$v":"Elimină din favoriți"},{"$i":"addButton","ariaLabel":"Adaugă"},{"$i":"editButton","ariaLabel":"Editează"},{"$i":"settingsButton","ariaLabel":"Setări"},{"$i":"phoneDetail","ariaLabel":"Phone"},{"$i":"emailDetail","ariaLabel":"E-mail"},{"$i":"addressDetail","ariaLabel":"Address"},{"$i":"dateDetail","ariaLabel":"Date"},{"$i":"composeEmail","ariaLabel":"E-mail"},{"$i":"makeCall","ariaLabel":"Call"},{"$i":"phones","ariaLabel":"Telefoane"},{"$i":"emails","ariaLabel":"E-mailuri"},{"$i":"addresses","ariaLabel":"Adrese"},{"$i":"dates","ariaLabel":"Date"},{"$i":"notes","ariaLabel":"Notițe"},{"$i":"exit","$v":"Ieși"},{"$i":"expand","$v":"Extinde"},{"$i":"labelName","$v":"Prenume:"},{"$i":"labelLastName","$v":"Nume:"},{"$i":"labelPhoneNumber","$v":"Număr de telefon:"},{"$i":"labelCarrier","$v":"Operator:"},{"$i":"labelEmail","$v":"E-mail:"},{"$i":"labelStreet","$v":"Stradă:"},{"$i":"labelZip","$v":"Cod poștal:"},{"$i":"labelCity","$v":"Oraș:"},{"$i":"labelCountry","$v":"Țară:"},{"$i":"labelComment","$v":"Comentariu:"},{"$i":"legendTitleMain","$v":"Informații de bază"},{"$i":"legendPhones","$v":"Numere de telefon"},{"$i":"legendEmail","$v":"Adresă de e-mail"},{"$i":"legendAddress","$v":"Address"},{"$i":"transferContactsTitle","$v":"Transferă contacte"},{"$i":"importContactsTitle","$v":"Importă contacte"},{"$i":"importContactsButton","$v":"Importă contacte"},{"$i":"exportContactsTitle","$v":"Exportă contacte"},{"$i":"exportContactsButton","$v":"Exportă contacte"},{"$i":"exportContactsAction","$v":"Exportă"},{"$i":"simExport-title","$v":"Exportă în cartela SIM"},{"$i":"memoryCardExport-title","$v":"Export to memory card"},{"$i":"btExport-title","$v":"Exportă în Bluetooth"},{"$i":"memoryCardUMSEnabled","$v":"Cannot use memory card because USB storage is enabled"},{"$i":"exportErrorTitle","$v":"Eroare la exportare"},{"$i":"contactsExported2","$v":{"zero":"Niciun contact exportat","one":[{"t":"idOrVar","v":"exported"},"/",{"t":"idOrVar","v":"total"}," contacte exportate"],"two":[{"t":"idOrVar","v":"exported"},"/",{"t":"idOrVar","v":"total"}," contacte exportate"],"few":[{"t":"idOrVar","v":"exported"},"/",{"t":"idOrVar","v":"total"}," contacte exportate"],"many":[{"t":"idOrVar","v":"exported"},"/",{"t":"idOrVar","v":"total"}," contacte exportate"],"other":[{"t":"idOrVar","v":"exported"},"/",{"t":"idOrVar","v":"total"}," contacte exportate"]},"$x":[{"t":"idOrVar","v":"plural"},"exported"]},{"$i":"exportError-general","$v":"S-a produs o eroare la exportare"},{"$i":"exportError-SD-shared","$v":"Nu se poate accesa cardul de memorie deoarece este partajat"},{"$i":"exportError-SD-unavailable","$v":"Cardul de memorie este indisponibil"},{"$i":"exportError-SD-noSpace","$v":"Nu există spațiu suficient pe cardul de memorie pentru a exporta contactele"},{"$i":"exportError-SIM-unavailable","$v":"Cartela SIM este indisponibilă"},{"$i":"exportError-BT-shared","$v":"Nu se poate accesa cardul de memorie deoarece este partajat"},{"$i":"exportError-BT-unavailable","$v":"Cardul de memorie este indisponibil"},{"$i":"exportError-BT-noSpace","$v":"Nu există spațiu suficient pe cardul de memorie pentru a exporta contactele"},{"$i":"social-network","$v":"Rețele sociale"},{"$i":"social-link","$v":"Leagă contactul"},{"$i":"social-unlink","$v":"Dezleagă contactul"},{"$i":"social-unlink-confirm-title","$v":"Dorești să dezlegi prietenul tău?"},{"$i":"social-unlink-confirm-accept","$v":"Dezleagă"},{"$i":"facebook-import","$v":"Importă prietenii de pe Facebook"},{"$i":"show-fb-profile","$v":"Vezi profilul de Facebook"},{"$i":"msg-send","$v":"Mesaj"},{"$i":"wall-post","$v":"Postare pe perete"},{"$i":"share-contact","$v":"Share Contact"},{"$i":"facebook-export-forbidden","$v":"Contactul nu poate fi partajat datorită constrângerilor Facebook."},{"$i":"otherAccount","$v":"Alte conturi"},{"$i":"facebookSwitchMsg","$v":"Sincronizează amicii"},{"$i":"select_mobile","$v":"Selectează mobilul"},{"$i":"select_email","$v":"Selectează e-mailul"},{"$i":"select_recipient","$v":"Selectează destinatarul"},{"$i":"contactsOrderBy","$v":"Ordonează după nume"},{"$i":"importSim2","$v":"Cartelă SIM"},{"$i":"importGmail","$v":"Gmail"},{"$i":"bluetooth","$v":"Bluetooth"},{"$i":"importOutlook","$v":"Outlook"},{"$i":"fbUpdateFriends","$v":"Actualizează prietenii importați"},{"$i":"cleaningFbData","$v":"Se elimină datele de Facebook"},{"$i":"loggingOutFb","$v":"Deconectare de la Facebook"},{"$i":"cleanFbConfirmMsg","$v":"Elimini toate datele de Facebook?"},{"$i":"renewPwdMsg","$v":"Parola ta pe Facebook s-a schimbat. Te rugăm să o actualizezi."},{"$i":"notEnabledYet","$v":"Neactivat încă"},{"$i":"genericNoConnection","$v":"Pentru a importa contacte conectează-te la o rețea Wi-Fi sau rețea de date"},{"$i":"simCard","$v":"Cartelă SIM"},{"$i":"memoryCard","$v":"Memory card"},{"$i":"simNumberNoMSISDN","$v":["SIM ",{"t":"idOrVar","v":"number"},":"]},{"$i":"simNumberWithMSISDN","$v":["SIM ",{"t":"idOrVar","v":"number"},": ",{"t":"idOrVar","v":"msisdn"}]},{"$i":"ICEContactsGroup","$v":"Contacte ICE"},{"$i":"setICEButton","$v":"Setează contacte ICE"},{"$i":"ICESettingTitle","$v":"Contace ICE"},{"$i":"ICEDescription","$v":"Add two contacts for making “In Case of Emergency” calls."},{"$i":"ICEContact1","$v":"ICE Contact 1"},{"$i":"ICESelectContact","$v":"Select a contact"},{"$i":"ICEContact2","$v":"ICE Contact 2"},{"$i":"ICERepeatedContact","$v":"This contact is already an existing ICE contact"},{"$i":"ICEUnknownError","$v":"There was an error setting the contact as ICE"},{"$i":"ICEContactNoNumber","$v":"This contact doesn't have a phone number"},{"$i":"ICEFacebookContactNotAllowed","$v":"Facebook contacts cannot be set as ICE contacts"},{"$i":"ICEContactDelTel","$v":"Deleted phone numbers are removed from ICE Contact"},{"$i":"ICEContactDelTelAll","$v":"Toate numerele sunt șterse. Acest contact este eliminat din contactele ICE."},{"$i":"no-contacts","$v":"Niciun contact"},{"$i":"start-adding","$v":"Începe adăugarea lor acum"},{"$i":"notImported","$v":"Neimportate"},{"$i":"imported","$v":"Importate"},{"$i":"today","$v":"Astăzi"},{"$i":"yesterday","$v":"Ieri"},{"$i":"organise-contacts","$v":"Organizează contactele"},{"$i":"find-merge-contacts","$v":"Găsește contacte duplicate"},{"$i":"preparing-contacts","$v":"Pregătirea contactelor"},{"$i":"exportError-SIM-NoFreeRecordFound","$v":"Cartela SIM este plină"},{"$i":"exportError-SIM-CannotAccessPhoneBook","$v":"Nu se poate accesa agenda telefonică SIM"},{"$i":"exportError-SIM-Unavailable","$v":"Niciun SIM detectat"},{"$i":"exportError-SIM-GenericError","$v":"A apărut o eroare la exportarea unui contact"},{"$i":"noSimMsgExport","$v":"Pentru a exporta contacte inserează sau deblochează cartela SIM"},{"$i":"noMemoryCardMsgExport","$v":"Pentru a exporta contacte inserează un card de memorie"},{"$i":"ContactManagementTitle","$v":"Gestionarea contactelor"},{"$i":"DeleteTitle","$v":"Șterge"},{"$i":"bulkDeleteButton","$v":"Șterge contacte"},{"$i":"BulkDelCancel","$v":"Ștergerea contactelor anulată"},{"$i":"DeletedTxt","$v":{"zero":"Niciun contact de șters","one":"1 contact eliminat","two":[{"t":"idOrVar","v":"n"}," contacte eliminate"],"few":[{"t":"idOrVar","v":"n"}," contacte eliminate"],"many":[{"t":"idOrVar","v":"n"}," contacte eliminate"],"other":[{"t":"idOrVar","v":"n"}," contacte eliminate"]},"$x":[{"t":"idOrVar","v":"plural"},"n"]},{"$i":"DeletingContacts","$v":"Ștergerea contactelor"},{"$i":"ContactConfirmDel","$v":{"zero":"Niciun contact de șters","one":"Ștergi 1 contact? Acest lucru nu poate fi anulat."},"$x":[{"t":"idOrVar","v":"plural"},"n"]},{"$i":"SelectedTxt","$v":{"one":[{"t":"idOrVar","v":"n"}," selectat"],"two":[{"t":"idOrVar","v":"n"}," selectate"],"few":[{"t":"idOrVar","v":"n"}," selectate"],"many":[{"t":"idOrVar","v":"n"}," selectate"],"other":[{"t":"idOrVar","v":"n"}," selectate"]},"$x":[{"t":"idOrVar","v":"plural"},"n"]},{"$i":"video","$v":"Video"},{"$i":"audio","$v":"Audio"},{"$i":"pick_destination","$v":[{"t":"idOrVar","v":"destination"}," ",{"t":"idOrVar","v":"carrier"}]},{"$i":"removeField","ariaLabel":"Remove"},{"$i":"undo","ariaLabel":"Undo"},{"$i":"send-sms-button","ariaLabel":"SMS"},{"$i":"ice_contacts","$v":"Contacte ICE"},{"$i":"edit-picture","$v":"Editează fotografie"},{"$i":"remove-photo","$v":"Elimină fotografia"},{"$i":"change-photo","$v":"Schimbă fotografia"},{"$i":"photo-options","$v":"Opțiuni pt. fotografii"},{"$i":"vCardContacts-imported","$v":{"zero":"No contacts imported","one":"Imported one contact","two":["Imported ",{"t":"idOrVar","v":"n"}," contacts"],"few":["Imported ",{"t":"idOrVar","v":"n"}," contacts"],"many":["Imported ",{"t":"idOrVar","v":"n"}," contacts"],"other":["Imported ",{"t":"idOrVar","v":"n"}," contacts"]},"$x":[{"t":"idOrVar","v":"plural"},"n"]},{"$i":"voiceMail","$v":"Mesaj vocal"},{"$i":"back","$v":"Back"},{"$i":"noSimMsg","$v":"To import contacts insert or unlock your SIM card"},{"$i":"noMemoryCardMsg","$v":"To import contacts insert a memory card"},{"$i":"importMemoryCard","$v":"Memory card"},{"$i":"noConnection11","$v":"To import Facebook friends or contacts connect to Wi-Fi or data network"},{"$i":"emptyAccount","$v":"No friends or contacts found in this account."},{"$i":"simContacts-import","$v":"Import SIM contacts"},{"$i":"simContacts-importing","$v":"Importing SIM contacts…"},{"$i":"simContacts-reading","$v":"Reading from SIM card…"},{"$i":"simContacts-error","$v":"Could not import contacts from SIM"},{"$i":"simContacts-imported3","$v":{"zero":"No contacts detected on SIM to import","one":"Imported one contact","two":["Imported ",{"t":"idOrVar","v":"n"}," contacts"],"few":["Imported ",{"t":"idOrVar","v":"n"}," contacts"],"many":["Imported ",{"t":"idOrVar","v":"n"}," contacts"],"other":["Imported ",{"t":"idOrVar","v":"n"}," contacts"]},"$x":[{"t":"idOrVar","v":"plural"},"n"]},{"$i":"memoryCardContacts-import","$v":"Import contacts from memory card"},{"$i":"memoryCardContacts-importing","$v":"Importing contacts from memory card…"},{"$i":"memoryCardContacts-reading","$v":"Reading from memory card…"},{"$i":"memoryCardContacts-error","$v":"Could not import contacts from memory card"},{"$i":"memoryCardContacts-imported3","$v":{"zero":"No contacts detected on memory card to import","one":"Imported one contact","two":["Imported ",{"t":"idOrVar","v":"n"}," contacts"],"few":["Imported ",{"t":"idOrVar","v":"n"}," contacts"],"many":["Imported ",{"t":"idOrVar","v":"n"}," contacts"],"other":["Imported ",{"t":"idOrVar","v":"n"}," contacts"]},"$x":[{"t":"idOrVar","v":"plural"},"n"]},{"$i":"genericProgress","$v":[{"t":"idOrVar","v":"current"},"/",{"t":"idOrVar","v":"total"}]},{"$i":"facebook-import-msg2","$v":[{"t":"idOrVar","v":"imported"},"/",{"t":"idOrVar","v":"total"}," friends imported"]},{"$i":"contactsMerged","$v":{"zero":"No duplicated contacts merged","one":"One duplicated contact merged","two":[{"t":"idOrVar","v":"numDups"}," contacts merged"],"few":[{"t":"idOrVar","v":"numDups"}," contacts merged"],"many":[{"t":"idOrVar","v":"numDups"}," contacts merged"],"other":[{"t":"idOrVar","v":"numDups"}," contacts merged"]},"$x":[{"t":"idOrVar","v":"plural"},"numDups"]},{"$i":"weekday-0-long","$v":"duminică"},{"$i":"weekday-1-long","$v":"luni"},{"$i":"weekday-2-long","$v":"marți"},{"$i":"weekday-3-long","$v":"miercuri"},{"$i":"weekday-4-long","$v":"joi"},{"$i":"weekday-5-long","$v":"vineri"},{"$i":"weekday-6-long","$v":"sâmbătă"},{"$i":"weekday-0-short","$v":"dum"},{"$i":"weekday-1-short","$v":"lun"},{"$i":"weekday-2-short","$v":"mar"},{"$i":"weekday-3-short","$v":"mie"},{"$i":"weekday-4-short","$v":"joi"},{"$i":"weekday-5-short","$v":"vin"},{"$i":"weekday-6-short","$v":"sâm"},{"$i":"month-0-long","$v":"ianuarie"},{"$i":"month-1-long","$v":"februarie"},{"$i":"month-2-long","$v":"martie"},{"$i":"month-3-long","$v":"aprilie"},{"$i":"month-4-long","$v":"mai"},{"$i":"month-5-long","$v":"iunie"},{"$i":"month-6-long","$v":"iulie"},{"$i":"month-7-long","$v":"august"},{"$i":"month-8-long","$v":"septembrie"},{"$i":"month-9-long","$v":"octombrie"},{"$i":"month-10-long","$v":"noiembrie"},{"$i":"month-11-long","$v":"decembrie"},{"$i":"month-0-genitive","$v":"ianuarie"},{"$i":"month-1-genitive","$v":"februarie"},{"$i":"month-2-genitive","$v":"martie"},{"$i":"month-3-genitive","$v":"aprilie"},{"$i":"month-4-genitive","$v":"mai"},{"$i":"month-5-genitive","$v":"iunie"},{"$i":"month-6-genitive","$v":"iulie"},{"$i":"month-7-genitive","$v":"august"},{"$i":"month-8-genitive","$v":"septembrie"},{"$i":"month-9-genitive","$v":"octombrie"},{"$i":"month-10-genitive","$v":"noiembrie"},{"$i":"month-11-genitive","$v":"decembrie"},{"$i":"month-0-short","$v":"ian"},{"$i":"month-1-short","$v":"feb"},{"$i":"month-2-short","$v":"mar"},{"$i":"month-3-short","$v":"apr"},{"$i":"month-4-short","$v":"mai"},{"$i":"month-5-short","$v":"iun"},{"$i":"month-6-short","$v":"iul"},{"$i":"month-7-short","$v":"aug"},{"$i":"month-8-short","$v":"sep"},{"$i":"month-9-short","$v":"oct"},{"$i":"month-10-short","$v":"noi"},{"$i":"month-11-short","$v":"dec"},{"$i":"minutes-ago-long","$v":{"zero":"chiar acum","one":"acum un minut","two":["acum ",{"t":"idOrVar","v":"value"}," minute"],"few":["acum ",{"t":"idOrVar","v":"value"}," minute"],"many":["acum ",{"t":"idOrVar","v":"value"}," minute"],"other":["acum ",{"t":"idOrVar","v":"value"}," minute"]},"$x":[{"t":"idOrVar","v":"plural"},"value"]},{"$i":"hours-ago-long","$v":{"zero":"chiar acum","one":"acum cu o oră","two":["acum ",{"t":"idOrVar","v":"value"}," ore"],"few":["acum ",{"t":"idOrVar","v":"value"}," ore"],"many":["acum ",{"t":"idOrVar","v":"value"}," ore"],"other":["acum ",{"t":"idOrVar","v":"value"}," ore"]},"$x":[{"t":"idOrVar","v":"plural"},"value"]},{"$i":"days-ago-long","$v":{"zero":"astăzi","one":"ieri","two":["acum ",{"t":"idOrVar","v":"value"}," zile"],"few":["acum ",{"t":"idOrVar","v":"value"}," zile"],"many":["acum ",{"t":"idOrVar","v":"value"}," zile"],"other":["acum ",{"t":"idOrVar","v":"value"}," zile"]},"$x":[{"t":"idOrVar","v":"plural"},"value"]},{"$i":"weeks-ago-long","$v":{"zero":"săptămâna aceasta","one":"săptămâna trecută","two":["acum ",{"t":"idOrVar","v":"value"}," săptămâni"],"few":["acum ",{"t":"idOrVar","v":"value"}," săptămâni"],"many":["acum ",{"t":"idOrVar","v":"value"}," săptămâni"],"other":["acum ",{"t":"idOrVar","v":"value"}," săptămâni"]},"$x":[{"t":"idOrVar","v":"plural"},"value"]},{"$i":"months-ago-long","$v":{"zero":"luna aceasta","one":"luna trecută","two":["acum ",{"t":"idOrVar","v":"value"}," luni"],"few":["acum ",{"t":"idOrVar","v":"value"}," luni"],"many":["acum ",{"t":"idOrVar","v":"value"}," luni"],"other":["acum ",{"t":"idOrVar","v":"value"}," luni"]},"$x":[{"t":"idOrVar","v":"plural"},"value"]},{"$i":"years-ago-long","$v":{"zero":"anul acesta","one":"anul trecut","two":["acum ",{"t":"idOrVar","v":"value"}," ani"],"few":["acum ",{"t":"idOrVar","v":"value"}," ani"],"many":["acum ",{"t":"idOrVar","v":"value"}," ani"],"other":["acum ",{"t":"idOrVar","v":"value"}," ani"]},"$x":[{"t":"idOrVar","v":"plural"},"value"]},{"$i":"minutes-until-long","$v":{"zero":"acum","one":"într-un minut","two":["în ",{"t":"idOrVar","v":"value"}," minute"],"few":["în ",{"t":"idOrVar","v":"value"}," minute"],"many":["în ",{"t":"idOrVar","v":"value"}," minute"],"other":["în ",{"t":"idOrVar","v":"value"}," minute"]},"$x":[{"t":"idOrVar","v":"plural"},"value"]},{"$i":"hours-until-long","$v":{"zero":"acum","one":"într-o oră","two":["în ",{"t":"idOrVar","v":"value"}," ore"],"few":["în ",{"t":"idOrVar","v":"value"}," ore"],"many":["în ",{"t":"idOrVar","v":"value"}," ore"],"other":["în ",{"t":"idOrVar","v":"value"}," ore"]},"$x":[{"t":"idOrVar","v":"plural"},"value"]},{"$i":"days-until-long","$v":{"zero":"astăzi","one":"mâine","two":["în ",{"t":"idOrVar","v":"value"}," zile"],"few":["în ",{"t":"idOrVar","v":"value"}," zile"],"many":["în ",{"t":"idOrVar","v":"value"}," zile"],"other":["în ",{"t":"idOrVar","v":"value"}," zile"]},"$x":[{"t":"idOrVar","v":"plural"},"value"]},{"$i":"weeks-until-long","$v":{"zero":"săptămâna aceasta","one":"săptămâna următoare","two":["în ",{"t":"idOrVar","v":"value"}," săptămâni"],"few":["în ",{"t":"idOrVar","v":"value"}," săptămâni"],"many":["în ",{"t":"idOrVar","v":"value"}," săptămâni"],"other":["în ",{"t":"idOrVar","v":"value"}," săptămâni"]},"$x":[{"t":"idOrVar","v":"plural"},"value"]},{"$i":"months-until-long","$v":{"zero":"luna aceasta","one":"luna următoare","two":["în ",{"t":"idOrVar","v":"value"}," luni"],"few":["în ",{"t":"idOrVar","v":"value"}," luni"],"many":["în ",{"t":"idOrVar","v":"value"}," luni"],"other":["în ",{"t":"idOrVar","v":"value"}," luni"]},"$x":[{"t":"idOrVar","v":"plural"},"value"]},{"$i":"years-until-long","$v":{"zero":"anul acesta","one":"anul următor","two":["în ",{"t":"idOrVar","v":"value"}," ani"],"few":["în ",{"t":"idOrVar","v":"value"}," ani"],"many":["în ",{"t":"idOrVar","v":"value"}," ani"],"other":["în ",{"t":"idOrVar","v":"value"}," ani"]},"$x":[{"t":"idOrVar","v":"plural"},"value"]},{"$i":"minutes-ago-short","$v":{"zero":"chiar acum","other":["acum ",{"t":"idOrVar","v":"value"}," min."]},"$x":[{"t":"idOrVar","v":"plural"},"value"]},{"$i":"hours-ago-short","$v":{"zero":"chiar acum","other":["acum ",{"t":"idOrVar","v":"value"},"h"]},"$x":[{"t":"idOrVar","v":"plural"},"value"]},{"$i":"days-ago-short","$v":{"zero":"astăzi","other":["acum ",{"t":"idOrVar","v":"value"},"z"]},"$x":[{"t":"idOrVar","v":"plural"},"value"]},{"$i":"minutes-until-short","$v":{"zero":"acum","other":["în ",{"t":"idOrVar","v":"value"},"m"]},"$x":[{"t":"idOrVar","v":"plural"},"value"]},{"$i":"hours-until-short","$v":{"zero":"acum","other":["în ",{"t":"idOrVar","v":"value"},"h"]},"$x":[{"t":"idOrVar","v":"plural"},"value"]},{"$i":"days-until-short","$v":{"zero":"astăzi","other":["în ",{"t":"idOrVar","v":"value"},"z"]},"$x":[{"t":"idOrVar","v":"plural"},"value"]},{"$i":"incorrectDate","$v":"(dată incorectă)"},{"$i":"dateTimeFormat_%c","$v":"%a, %e %b %Y %H:%M:%S"},{"$i":"dateTimeFormat_%x","$v":"%d/%m/%Y"},{"$i":"dateTimeFormat_%X","$v":"%H:%M:%S"},{"$i":"shortTimeFormat","$v":"%H:%M"},{"$i":"shortTimeFormat12","$v":"%H:%M"},{"$i":"shortTimeFormat24","$v":"%H:%M"},{"$i":"shortDateTimeFormat","$v":"%x %H:%M"},{"$i":"weekStartsOnMonday","$v":"0"},{"$i":"firstDayOfTheWeek","$v":"0"},{"$i":"time_am","$v":"AM"},{"$i":"time_pm","$v":"PM"},{"$i":"label","$v":"Label"},{"$i":"mobile","$v":"Mobile"},{"$i":"home","$v":"Home"},{"$i":"work","$v":"Work"},{"$i":"personal","$v":"Personal"},{"$i":"faxHome","$v":"Fax home"},{"$i":"faxOffice","$v":"Fax office"},{"$i":"faxOther","$v":"Fax other"},{"$i":"another","$v":"Another"},{"$i":"other","$v":"Other"},{"$i":"customTag","placeholder":"Custom tag"},{"$i":"current","$v":"Current"},{"$i":"itemWithLabel","$v":[{"t":"idOrVar","v":"label"},", ",{"t":"idOrVar","v":"item"}]},{"$i":"addNewNumber","$v":"Adaugă număr nou"},{"$i":"contactDetails","$v":"Detalii despre contact"},{"$i":"addToExistingContact","$v":"Adaugă la contactul existent"},{"$i":"all","$v":"All","ariaLabel":"All"},{"$i":"bluetoothOption","ariaLabel":"Bluetooth"},{"$i":"callLog","$v":"Lista de apeluri"},{"$i":"callLogEdit","title":"Editează lista de apeluri"},{"$i":"callLogEditDialog","ariaLabel":"Editează dialogul pt. lista de apeluri"},{"$i":"connecting","$v":"Conectare"},{"$i":"connectingEllipsis","$v":"Connecting…"},{"$i":"call-forwarding-async","$v":["Asincronic: ",{"t":"idOrVar","v":"async"}]},{"$i":"call-forwarding-data","$v":["Data: ",{"t":"idOrVar","v":"data"}]},{"$i":"call-forwarding-error","$v":"A apărut o eroare la preluarea statusului de redirecționare a apelurilor"},{"$i":"call-forwarding-fax","$v":["FAX: ",{"t":"idOrVar","v":"fax"}]},{"$i":"call-forwarding-inactive","$v":"Inactiv"},{"$i":"call-forwarding-packet","$v":["Pachet: ",{"t":"idOrVar","v":"packet"}]},{"$i":"call-forwarding-pad","$v":["PAD: ",{"t":"idOrVar","v":"pad"}]},{"$i":"call-forwarding-sms","$v":["SMS: ",{"t":"idOrVar","v":"sms"}]},{"$i":"call-forwarding-status","$v":"Status de redirecționare a apelurilor"},{"$i":"call-forwarding-sync","$v":["Sincronic: ",{"t":"idOrVar","v":"sync"}]},{"$i":"call-forwarding-voice","$v":["Voce: ",{"t":"idOrVar","v":"voice"}]},{"$i":"confirm-deletion","$v":"Cureți apelurile selectate?"},{"$i":"createNewContact","$v":"Crează contact nou"},{"$i":"dialerAddContact","ariaLabel":"Add contact"},{"$i":"dialerAddContactDialog","ariaLabel":"Add Contact Dialog"},{"$i":"callInformation","$v":"Call Information"},{"$i":"edit-selected","$v":{"one":[{"t":"idOrVar","v":"n"}," selectate"],"two":[{"t":"idOrVar","v":"n"}," selectate"],"few":[{"t":"idOrVar","v":"n"}," selectate"],"many":[{"t":"idOrVar","v":"n"}," selectate"],"other":[{"t":"idOrVar","v":"n"}," selectate"]},"$x":[{"t":"idOrVar","v":"plural"},"n"]},{"$i":"hideKeypad","ariaLabel":"Hide keypad"},{"$i":"ignore","$v":"Ignoră apelul"},{"$i":"incoming","$v":"Primite"},{"$i":"keypad","ariaLabel":"Keypad"},{"$i":"info-missed","$v":"Missed"},{"$i":"missed","$v":"Missed","ariaLabel":"Missed"},{"$i":"canceled","$v":"Canceled"},{"$i":"missedCall","$v":"Apel pierdut"},{"$i":"missedCallMultiSims","$v":["(SIM ",{"t":"idOrVar","v":"n"},") Apel pierdut"]},{"$i":"mmi-error","$v":"A intervenit o eroare la trimiterea mesajului"},{"$i":"mmi-session-expired","$v":"Sesiune expirată"},{"$i":"mmi-successfully-sent","$v":"Mesaj trimis cu succes"},{"$i":"mmi-notification-title-with-sim","$v":["(",{"t":"idOrVar","v":"sim"},") ",{"t":"idOrVar","v":"title"}]},{"$i":"mute","ariaLabel":"Mute"},{"$i":"newCall","ariaLabel":"New call"},{"$i":"no-logs-msg-1","$v":"Niciun apel înregistrat"},{"$i":"no-logs-msg-2","$v":"Începe comunicarea acum"},{"$i":"no-logs-msg-3","$v":"Niciun apel pierdut"},{"$i":"onHoldOption","ariaLabel":"On hold"},{"$i":"outgoing","$v":"Outgoing"},{"$i":"recents","ariaLabel":"Recent calls"},{"$i":"reply","$v":"Răspunde"},{"$i":"send","$v":"Trimite"},{"$i":"switch-calls","$v":"Comută apelurile"},{"$i":"withheld-number","$v":"Număr ascuns"},{"$i":"from-contact","$v":["De la ",{"t":"idOrVar","v":"contact"}]},{"$i":"from-number","$v":["De la ",{"t":"idOrVar","v":"number"}]},{"$i":"from-withheld-number","$v":"De la număr ascuns"},{"$i":"sending","$v":"Se trimite…"},{"$i":"speakerOption","ariaLabel":"Speaker"},{"$i":"ussd-services","$v":["Servicii ",{"t":"idOrVar","v":"operator"}]},{"$i":"toggleKeypad","ariaLabel":"Comută tastatura"},{"$i":"type-your-response","placeholder":"Tastează răspunsul…"},{"$i":"clear-all-text","$v":"Curăță tot textul"},{"$i":"hide","$v":"Ascunde"},{"$i":"hold","ariaLabel":"În așteptare"},{"$i":"resume","$v":"Resume","ariaLabel":"Resume"},{"$i":"sendSms","$v":"Trimite mesaj"},{"$i":"callEnded","$v":"Apel încheiat"},{"$i":"via-sim","$v":["via SIM",{"t":"idOrVar","v":"n"}]},{"$i":"sim-number","$v":["SIM",{"t":"idOrVar","v":"n"}]},{"$i":"unknown","$v":"Unknown"},{"$i":"hangup-a11y-button","ariaLabel":"Închide"},{"$i":"pickup-a11y-button","ariaLabel":"Ridică"},{"$i":"unlock-a11y-button","ariaLabel":"Glisor"},{"$i":"settings","$v":"Setări"},{"$i":"delete-n-log?","$v":{"zero":"Nimic selectat","one":"Ștergi jurnalul selectat?","two":["Ștergi ",{"t":"idOrVar","v":"n"}," jurnale?"],"few":["Ștergi ",{"t":"idOrVar","v":"n"}," jurnale?"],"many":["Ștergi ",{"t":"idOrVar","v":"n"}," jurnale?"],"other":["Ștergi ",{"t":"idOrVar","v":"n"}," jurnale?"]},"$x":[{"t":"idOrVar","v":"plural"},"n"]},{"$i":"callDurationMinutes","$v":[{"t":"idOrVar","v":"m"},":",{"t":"idOrVar","v":"s"}]},{"$i":"callDurationHours","$v":[{"t":"idOrVar","v":"h"},":",{"t":"idOrVar","v":"m"},":",{"t":"idOrVar","v":"s"}]},{"$i":"callDurationTextFormatSeconds","$v":[{"t":"idOrVar","v":"s"}," s"]},{"$i":"callDurationTextFormatMinutes","$v":[{"t":"idOrVar","v":"m"}," m ",{"t":"idOrVar","v":"s"}," s"]},{"$i":"callDurationTextFormatHours","$v":[{"t":"idOrVar","v":"h"}," h ",{"t":"idOrVar","v":"m"}," m ",{"t":"idOrVar","v":"s"}," s"]},{"$i":"suggestionMatches","$v":{"one":[{"t":"idOrVar","v":"n"}," rezultat pentru „",{"t":"idOrVar","v":"matchNumber"},"”"],"two":[{"t":"idOrVar","v":"n"}," rezultate pentru „",{"t":"idOrVar","v":"matchNumber"},"”"],"few":[{"t":"idOrVar","v":"n"}," rezultate pentru „",{"t":"idOrVar","v":"matchNumber"},"”"],"many":[{"t":"idOrVar","v":"n"}," rezultate pentru „",{"t":"idOrVar","v":"matchNumber"},"”"],"other":[{"t":"idOrVar","v":"n"}," rezultate pentru „",{"t":"idOrVar","v":"matchNumber"},"”"]},"$x":[{"t":"idOrVar","v":"plural"},"n"]},{"$i":"scCallBarring","$v":"Blocarea apelurilor"},{"$i":"scCallForwarding","$v":"Redirect. apeluri"},{"$i":"scClip","$v":"ID-ul de intrare al apelantului"},{"$i":"scClir","$v":"ID-ul de ieșire al apelantului"},{"$i":"scPwd","$v":"Schimbarea parolei"},{"$i":"scCallWaiting","$v":"Apel în așteptare"},{"$i":"scPin","$v":"Schimbarea codului PIN"},{"$i":"scPin2","$v":"Schimbarea codului PIN2"},{"$i":"scPuk","$v":"Deblochează codul PIN"},{"$i":"scPuk2","$v":"Deblochează codul PIN2"},{"$i":"scImei","$v":"Cod IMEI"},{"$i":"scUssd","$v":"USSD"},{"$i":"serviceClassVoice","$v":"Voce"},{"$i":"serviceClassData","$v":"Date"},{"$i":"serviceClassFax","$v":"FAX"},{"$i":"serviceClassSms","$v":"SMS"},{"$i":"serviceClassDataSync","$v":"Sincronic"},{"$i":"serviceClassDataAsync","$v":"Asincronic"},{"$i":"serviceClassPacket","$v":"Pachet"},{"$i":"serviceClassPad","$v":"PAD"},{"$i":"smServiceEnabled","$v":"Serviciul a fost activat"},{"$i":"smServiceDisabled","$v":"Serviciul a fost dezactivat"},{"$i":"smServiceRegistered","$v":"Înregistrarea s-a efectuat cu succes"},{"$i":"smServiceErased","$v":"Ștergerea s-a efectuat cu succes"},{"$i":"smServiceInterrogated","$v":"Cerere realizată cu succes"},{"$i":"smServiceNotProvisioned","$v":"Serviciu neaprovizionat"},{"$i":"smClirPermanent","$v":"Nu poți schimba setarea ID-ului pentru apelant"},{"$i":"smClirDefaultOnNextCallOn","$v":"ID-ul apelantului este implicit restricționat. Următorul apel: restricționat."},{"$i":"smClirDefaultOnNextCallOff","$v":"ID-ul apelantului este implicit restricționat. Următorul apel: nerestricționat."},{"$i":"smClirDefaultOffNextCallOn","$v":"ID-ul apelantului este implicit nerestricționat. Următorul apel: restricționat."},{"$i":"smClirDefaultOffNextCallOff","$v":"ID-ul apelantului este implicit nerestricționat. Următorul apel: nerestricționat."},{"$i":"smServiceEnabledFor","$v":"Serviciul a fost activat pentru:"},{"$i":"smPinChanged","$v":"Codul PIN schimbat cu succes"},{"$i":"smPinUnblocked","$v":"Codul PIN deblocat cu succes"},{"$i":"smPin2Changed","$v":"Codul PIN2 schimbat cu succes"},{"$i":"smPin2Unblocked","$v":"Codul PIN2 deblocat cu succes"},{"$i":"ServiceIsEnabled","$v":"Service is enabled"},{"$i":"ServiceIsDisabled","$v":"Service is disabled"},{"$i":"ServiceIsEnabledFor","$v":"Service is enabled for:"},{"$i":"emMmiError","$v":"Problemă la conexiune sau cod MMI invalid"},{"$i":"emMmiErrorPasswordIncorrect","$v":"Parolă incorectă"},{"$i":"emMmiErrorNotSupported","$v":"Cod MMI invalid sau nesuportat"},{"$i":"emMmiErrorInvalidAction","$v":"Acțiune invalidă"},{"$i":"emMmiErrorInvalidScCode","$v":"Cod de serviciu invalid"},{"$i":"emMmiErrorBadPuk","$v":"Codul PUK introdus este incorect"},{"$i":"emMmiErrorBadPin","$v":"Codul PIN vechi introdus nu este corect."},{"$i":"emMmiErrorNeedPuk2","$v":"Tastează codul PUK2 pentru a debloca cartela SIM"},{"$i":"emMmiErrorMismatchPin","$v":"Codurile PIN tastate nu se potrivesc"},{"$i":"emMmiErrorInvalidPin","$v":"Tastează un cod PIN între 4 și 8 numere"},{"$i":"emMmiErrorNeedsPuk","$v":"Cartela ta SIM este blocată în PUK"},{"$i":"emMmiErrorEnablePin","$v":"Fără succes. Activează blocarea SIM/RUIM"},{"$i":"emMmiErrorMmiFdn","$v":"Operația este restricționată doar apelării numerelor fixe"},{"$i":"emMmiErrorStkCcUssdDial","$v":"Cererea USD este modificată în cerere DIAL"},{"$i":"emMmiErrorStkCcUssdSs","$v":"Cererea USD este modificată în cerere SS"},{"$i":"emMmiErrorStkCcUssdUssd","$v":"Cererea USD este modificată într-o cerere nouă USSD"},{"$i":"emMmiErrorStkCcSsDial","$v":"Cererea SS este modificată în cerere DIAL"},{"$i":"emMmiErrorStkCcSsUssd","$v":"Cererea SS este modificată în cerere USSD"},{"$i":"emMmiErrorStkCcSsSs","$v":"Cererea SS este modificată într-o cerere nouă SS"},{"$i":"emMmiErrorPinPukAttempts","$v":{"one":["Doar ",{"t":"idOrVar","v":"n"}," încercare rămasă"],"two":[{"t":"idOrVar","v":"n"}," încercări rămase"],"few":[{"t":"idOrVar","v":"n"}," încercări rămase"],"many":[{"t":"idOrVar","v":"n"}," încercări rămase"],"other":[{"t":"idOrVar","v":"n"}," încercări rămase"]},"$x":[{"t":"idOrVar","v":"plural"},"n"]},{"$i":"emMmiErrorSimBlocked","$v":"Numărul maxim de încercări a fost depășit. Cartela SIM blocată"},{"$i":"RadioNotAvailable","$v":"Radio indisponibil"},{"$i":"GenericFailure","$v":"Eșec generic"},{"$i":"PasswordIncorrect","$v":"Parolă incorectă"},{"$i":"SimPin2","$v":"PIN2 pt. SIM"},{"$i":"SimPuk2","$v":"PUK2 pt. SIM"},{"$i":"RequestNotSupported","$v":"Cerere nesuportată"},{"$i":"OpNotAllowedDuringVoiceCall","$v":"Operație nepermisă în timpul unui apel vocal"},{"$i":"SmsSendFailRetry","$v":"Reîncercarea de trimitere a SMS-ului a eșuat"},{"$i":"SimAbsent","$v":"Cartelă SIM absentă"},{"$i":"SubscriptionNotAvailable","$v":"Abonarea indisponibilă"},{"$i":"ModeNotSupported","$v":"Mod nesuportat"},{"$i":"FdnCheckFailure","$v":"Verificarea Fdn a eșuat"},{"$i":"IllegalSimOrMe","$v":"Cartelă SIM sau ME ilegală"},{"$i":"DialModifiedToUssd","$v":"Apel modificat în USSD"},{"$i":"DialModifiedToSs","$v":"Apel modificat în SS"},{"$i":"DialModifiedToDial","$v":"Apel modificat în apel"},{"$i":"UssdModifiedToDial","$v":"USSD modificat în apel"},{"$i":"UssdModifiedToSs","$v":"USSD modificat în SS"},{"$i":"UssdModifiedToUssd","$v":"USSD modificat în USSD"},{"$i":"SsModifiedToDial","$v":"SS modificat în apel"},{"$i":"SsModifiedToUssd","$v":"SS modificat în USSD"},{"$i":"SsModifiedToSs","$v":"SS modificat în SS"},{"$i":"SubscriptionNotSupported","$v":"Abonare nesuportată"},{"$i":"InvalidParameter","$v":"Parametru invalid"},{"$i":"RejectedByRemote","$v":"Respins de la distanță"},{"$i":"conferenceCall","$v":["Conference (",{"t":"idOrVar","v":"n"},")"]},{"$i":"caller-left-call","$v":[{"t":"idOrVar","v":"caller"}," a abandonat apelul."]},{"$i":"conferenceAddError","$v":"Nu se pot contopi apelurile"},{"$i":"conferenceRemoveError","$v":"Nu se pot descontopi apelurile"},{"$i":"longDateFormat","$v":"%A, %e %B"},{"$i":"select-audio-sources","$v":"Selectează sursele audio"},{"$i":"bluetooth-handsfree-device","$v":"Dispozitiv handsfree Bluetooth"},{"$i":"receiver","$v":"Receptor"},{"$i":"speaker","$v":"Speaker"},{"$i":"voicemailNoNumberTitle","$v":"Voicemail number is unavailable"},{"$i":"voicemailNoNumberText","$v":"Unable to call the voicemail. Set up the voicemail number to place the call."},{"$i":"voicemailNoNumberSettings","$v":"Settings"},{"$i":"voicemailNoNumberCancel","$v":"Renunță"},{"$i":"phoneNumberInput","ariaLabel":"Phone number"},{"$i":"keypadDelete","ariaLabel":"Șterge"},{"$i":"voiceMailKey","ariaLabel":"Voicemail"},{"$i":"asterisk","ariaLabel":"Asterisk"},{"$i":"hashSign","ariaLabel":"Hash sign"},{"$i":"loadingSimContacts","$v":"Loading SIM card contacts…"},{"$i":"noContactsWereFound","$v":"No contacts were found"},{"$i":"noContactsFoundDialogOk","$v":"OK"},{"$i":"emergencyNumber","$v":"Emergency number"},{"$i":"callAirplaneModeMessage","$v":"To make a call you need to disable airplane mode in settings."},{"$i":"callAirplaneModeBtnOk","$v":"Ok"},{"$i":"callAirplaneModeTitle","$v":"Airplane mode activated"},{"$i":"numberIsBusyTitle","$v":"Number is busy"},{"$i":"numberIsBusyMessage","$v":"The number is currently busy. Please try again later."},{"$i":"fdnIsActiveTitle","$v":"FDN active"},{"$i":"fdnIsActiveMessage","$v":["FDN (Numere de apelare fixă) este activat și următorul număr nu este în lista FDN: ",{"t":"idOrVar","v":"numbers"}]},{"$i":"emergencyDialogBodyBadNumber","$v":"To make a call, the phone must be connected to a network."},{"$i":"emergencyDialogBodyDeviceNotAccepted","$v":"Emergency calls are not allowed by the network."},{"$i":"emergencyDialogBtnOk","$v":"Ok"},{"$i":"emergencyDialogTitle","$v":"No network connection"},{"$i":"invalidNumberToDialTitle","$v":"Invalid phone number"},{"$i":"invalidNumberToDialMessage","$v":"The phone number you are calling is not valid."},{"$i":"unableToCallTitle","$v":"Unable to make a phone call now"},{"$i":"unableToCallMessage","$v":"Cannot make a call. If you are already dialing, please hang up first."},{"$i":"otherConnectionInUseTitle","$v":"Other connection in use"},{"$i":"otherConnectionInUseMessage","$v":"You have an active call on another connection. You can only use one connection at a time."}]