[{"$i":"close","$v":"Закрыть"},{"$i":"import","$v":"Импорт"},{"$i":"update","$v":"Обновить"},{"$i":"fbFriends","$v":"Друзья с Фейсбук"},{"$i":"live-serviceName","$v":"Outlook"},{"$i":"gmail-serviceName","$v":"Gmail"},{"$i":"facebook-serviceName","$v":"Друзья с Фейсбук"},{"$i":"selectAll","$v":"Выделить всех"},{"$i":"deselectAll","$v":"Снять со всех"},{"$i":"viewAll","$v":"Показать всех друзей с Фейсбук"},{"$i":"viewRecommend","$v":"Показать только рекомендуемых"},{"$i":"linkProposal","$v":{"zero":"Нет подходящих друзей. Показываю всех","one":"Выбрать рекомендуемого","two":"Выбрать рекомендуемых","few":"Выбрать рекомендуемых","many":"Выбрать рекомендуемых","other":"Выбрать рекомендуемых"},"$x":[{"t":"idOrVar","v":"plural"},"numFriends"]},{"$i":"fbFriendsFound","$v":{"zero":"Все ваши друзья импортированы","one":["Для импорта найден ",{"t":"idOrVar","v":"numFriends"}," друг"],"two":["Для импорта найдено ",{"t":"idOrVar","v":"numFriends"}," друга"],"few":["Для импорта найдено ",{"t":"idOrVar","v":"numFriends"}," друга"],"many":["Для импорта найдено ",{"t":"idOrVar","v":"numFriends"}," друзей"],"other":["Для импорта найдено ",{"t":"idOrVar","v":"numFriends"}," друзей"]},"$x":[{"t":"idOrVar","v":"plural"},"numFriends"]},{"$i":"fbNoFriends","$v":"Контактов для импорта нет"},{"$i":"facebook","$v":"Фейсбук"},{"$i":"search-contact","placeholder":"Поиск"},{"$i":"noResults","$v":"Контакты не найдены"},{"$i":"done-search","$v":"Готово"},{"$i":"progressFB3ImportTitle","$v":"Импортирую друзей в Контакты"},{"$i":"progressFB","$v":[{"t":"idOrVar","v":"current"},"/",{"t":"idOrVar","v":"total"}]},{"$i":"progressFB3UpdateTitle","$v":"Обновляю друзей в Контактах"},{"$i":"message2","$v":"Это может занять пару минут"},{"$i":"messageLinking","$v":"Пожалуйста, подождите. Мы связываем вашего друга и ваш контакт."},{"$i":"messageCanceling","$v":"Пожалуйста, подождите. Мы отменяем текущую операцию."},{"$i":"error1","$v":["Ошибка ",{"t":"idOrVar","v":"from"}]},{"$i":"error2","$v":"Хотите повторить попытку?"},{"$i":"errorProposal","$v":"вычисления предложений"},{"$i":"errorFriends","$v":"получения друзей"},{"$i":"errorLinking","$v":"связывания контакта"},{"$i":"timeout1","$v":["Превышено время ожидания ",{"t":"idOrVar","v":"from"}]},{"$i":"timeout2","$v":"Хотите повторить попытку?"},{"$i":"timeoutProposal","$v":"вычисления предложений"},{"$i":"timeoutFriends","$v":"получения друзей"},{"$i":"timeoutLinking","$v":"связывания контактов"},{"$i":"wait1","$v":"Пожалуйста, подождите"},{"$i":"wait2","$v":"Это может занять пару минут"},{"$i":"waitProposal","$v":"Пожалуйста, подождите. Мы вычисляем предложение."},{"$i":"waitFriends","$v":"Пожалуйста, подождите. Мы соединяемся для получения списка ваших друзей."},{"$i":"curtainCancel","$v":"Отменить"},{"$i":"curtainRetry","$v":"Повторить"},{"$i":"curtainOK","$v":"OK"},{"$i":"connectionLost","$v":"Нет соединения с Интернетом"},{"$i":"connectionLostMsg","$v":"Фото друзей не будут добавлены в ваши контакты. Все равно продолжить?"},{"$i":"yesOption","$v":"OK"},{"$i":"noOption","$v":"Отмена"},{"$i":"friendsUpdated","$v":{"zero":"Ни один друг не обновлён","one":["Обновлён ",{"t":"idOrVar","v":"numFriends"}," друг"],"two":["Обновлено ",{"t":"idOrVar","v":"numFriends"}," друга"],"few":["Обновлено ",{"t":"idOrVar","v":"numFriends"}," друга"],"many":["Обновлено ",{"t":"idOrVar","v":"numFriends"}," друзей"],"other":["Обновлено ",{"t":"idOrVar","v":"numFriends"}," друзей"]},"$x":[{"t":"idOrVar","v":"plural"},"numFriends"]},{"$i":"friendsMerged","$v":{"zero":"Нет друзей для объединения","one":["Объединён ",{"t":"idOrVar","v":"numDups"}," друг"],"two":["Объединено ",{"t":"idOrVar","v":"numDups"}," друга"],"few":["Объединено ",{"t":"idOrVar","v":"numDups"}," друга"],"many":["Объединено ",{"t":"idOrVar","v":"numDups"}," друзей"],"other":["Объединено ",{"t":"idOrVar","v":"numDups"}," друзей"]},"$x":[{"t":"idOrVar","v":"plural"},"numDups"]},{"$i":"notificationLogin","$v":"Ваша сессия в Фейсбук некорректна. Пожалуйста, войдите."},{"$i":"syncError","$v":"Ошибка синхронизации данных ваших друзей"},{"$i":"waitDuplicateContacts","$v":"Поиск дублирующихся контактов"},{"$i":"waitMergingDuplicateContacts","$v":"Слияние дублирующихся контактов"},{"$i":"alertNoDuplicateContacts","$v":"Дублирующиеся контакты не найдены"},{"$i":"merge","ariaLabel":"Слить"},{"$i":"mergeDuplicateTitle","$v":"Слить дубликаты"},{"$i":"suggestedDuplicateContacts","$v":["Возможные дублирующиеся контакты для ",{"t":"idOrVar","v":"name"}]},{"$i":"mergeActionButtonLabel","$v":{"zero":"Ни одного контакта не выделено","one":["Слить с ",{"t":"idOrVar","v":"n"}," контактом"],"two":["Слить с ",{"t":"idOrVar","v":"n"}," контактами"],"few":["Слить с ",{"t":"idOrVar","v":"n"}," контактами"],"many":["Слить с ",{"t":"idOrVar","v":"n"}," контактами"],"other":["Слить с ",{"t":"idOrVar","v":"n"}," контактами"]},"$x":[{"t":"idOrVar","v":"plural"},"n"]},{"$i":"duplicatesFoundTitle","$v":"Найдены дубликаты"},{"$i":"duplicatesFoundMessage","$v":[{"t":"idOrVar","v":"name"}," дублирует информацию в следующих контактах"]},{"$i":"ok","$v":"OK"},{"$i":"gaia-menu-cancel","$v":"Отмена"},{"$i":"gaia-sim-picker-dial-via-with-number","$v":["Набрать ",{"t":"idOrVar","v":"phoneNumber"}," через"]},{"$i":"gaia-sim-picker-select-sim","$v":"Выбрать SIM"},{"$i":"gaia-sim-picker-button","$v":["SIM",{"t":"idOrVar","v":"n"}]},{"$i":"gaia-sim-picker-button-default","$v":"(по умолчанию)"},{"$i":"call","$v":"Позвонить"},{"$i":"edit","$v":"Изменить"},{"$i":"cancel","$v":"Отмена"},{"$i":"done","$v":"Готово"},{"$i":"retry","$v":"Повторить"},{"$i":"contacts","$v":"Контакты"},{"$i":"addContact","$v":"Доб. контакт"},{"$i":"deleteContact","$v":"Удалить контакт"},{"$i":"selectContact","$v":"Выбрать контакт"},{"$i":"editContact","$v":"Изм. контакт"},{"$i":"deleteConfirmMsg","$v":"Удалить контакт?"},{"$i":"remove","$v":"Удалить"},{"$i":"delete","$v":"Удалить"},{"$i":"comments","$v":"Комментарии"},{"$i":"no_contact_phones","$v":"У этого контакта нет телефонного номера"},{"$i":"no_contact_email","$v":"У этого контакта нет адреса эл. почты"},{"$i":"no_contact_data","$v":"У этого контакта нет телефонного номера и адреса эл. почты"},{"$i":"removePhotoConfirm","$v":"Удалить фотографию контакта?"},{"$i":"loadingContacts","$v":"Загрузка контактов…"},{"$i":"noContactsActivity2","$v":"Нет контактов в вашем списке Контакты"},{"$i":"noName","$v":"Нет имени"},{"$i":"givenName","placeholder":"Имя"},{"$i":"familyName","placeholder":"Фамилия"},{"$i":"tel","placeholder":"Телефон"},{"$i":"carrier","$v":"Оператор","placeholder":"Оператор"},{"$i":"separator","$v":","},{"$i":"email","$v":"Эл. почта","placeholder":"Эл. почта"},{"$i":"streetAddress","placeholder":"Улица"},{"$i":"postalCode","placeholder":"Почтовый индекс"},{"$i":"locality","placeholder":"Город"},{"$i":"countryName","placeholder":"Страна"},{"$i":"comment","placeholder":"Комментарий"},{"$i":"org","placeholder":"Компания"},{"$i":"date","$v":"Дата","placeholder":"Дата"},{"$i":"date-span-placeholder","$v":"Дата"},{"$i":"birthday","$v":"День рождения"},{"$i":"dateFormat","$v":"%e %Eb"},{"$i":"dateOutput","$v":[{"t":"idOrVar","v":"dayMonthFormatted"}," ",{"t":"idOrVar","v":"year"}]},{"$i":"anniversary","$v":"Ежегодная"},{"$i":"addPhoto","$v":"Добавить фото"},{"$i":"addPhone","$v":"Добавить телефон"},{"$i":"addEmail","$v":"Добавить эл. почту"},{"$i":"addAddress","$v":"Добавить адрес"},{"$i":"addDate","$v":"Добавить дату"},{"$i":"addComment","$v":"Добавить комментарий"},{"$i":"addFavorite","$v":"Добавить в избранное"},{"$i":"removeFavorite","$v":"Удалить из избранного"},{"$i":"addButton","ariaLabel":"Добавить"},{"$i":"editButton","ariaLabel":"Правка"},{"$i":"settingsButton","ariaLabel":"Параметры"},{"$i":"phoneDetail","ariaLabel":"Телефон"},{"$i":"emailDetail","ariaLabel":"Эл. почта"},{"$i":"addressDetail","ariaLabel":"Адрес"},{"$i":"dateDetail","ariaLabel":"Дата"},{"$i":"composeEmail","ariaLabel":"Эл. почта"},{"$i":"makeCall","ariaLabel":"Позвонить"},{"$i":"phones","ariaLabel":"Телефоны"},{"$i":"emails","ariaLabel":"Эл. почты"},{"$i":"addresses","ariaLabel":"Адреса"},{"$i":"dates","ariaLabel":"Даты"},{"$i":"notes","ariaLabel":"Заметки"},{"$i":"exit","$v":"Выход"},{"$i":"expand","$v":"Развернуть"},{"$i":"labelName","$v":"Имя:"},{"$i":"labelLastName","$v":"Фамилия:"},{"$i":"labelPhoneNumber","$v":"Телефон:"},{"$i":"labelCarrier","$v":"Оператор:"},{"$i":"labelEmail","$v":"Эл. почта:"},{"$i":"labelStreet","$v":"Улица:"},{"$i":"labelZip","$v":"Почтовый индекс:"},{"$i":"labelCity","$v":"Город:"},{"$i":"labelCountry","$v":"Страна:"},{"$i":"labelComment","$v":"Комментарий:"},{"$i":"legendTitleMain","$v":"Основная информация"},{"$i":"legendPhones","$v":"Телефонные номера"},{"$i":"legendEmail","$v":"Адрес эл. почты"},{"$i":"legendAddress","$v":"Адрес"},{"$i":"transferContactsTitle","$v":"Передать контакты"},{"$i":"importContactsTitle","$v":"Импорт контактов"},{"$i":"importContactsButton","$v":"Импорт контактов"},{"$i":"exportContactsTitle","$v":"Экспорт контактов"},{"$i":"exportContactsButton","$v":"Экспорт контактов"},{"$i":"exportContactsAction","$v":"Экспорт"},{"$i":"simExport-title","$v":"Экспорт на SIM"},{"$i":"memoryCardExport-title","$v":"Экспорт на карту памяти"},{"$i":"btExport-title","$v":"Экспорт по Bluetooth"},{"$i":"memoryCardUMSEnabled","$v":"Не могу использовать карту памяти, так как включён USB-носитель"},{"$i":"exportErrorTitle","$v":"Ошибка экспорта"},{"$i":"contactsExported2","$v":{"zero":"Ни одного контакта не экспортировано","one":[{"t":"idOrVar","v":"exported"},"/",{"t":"idOrVar","v":"total"}," контакт экспортирован"],"two":[{"t":"idOrVar","v":"exported"},"/",{"t":"idOrVar","v":"total"}," контакта экспортировано"],"few":[{"t":"idOrVar","v":"exported"},"/",{"t":"idOrVar","v":"total"}," контакта экспортировано"],"many":[{"t":"idOrVar","v":"exported"},"/",{"t":"idOrVar","v":"total"}," контактов экспортировано"],"other":[{"t":"idOrVar","v":"exported"},"/",{"t":"idOrVar","v":"total"}," контактов экспортировано"]},"$x":[{"t":"idOrVar","v":"plural"},"exported"]},{"$i":"exportError-general","$v":"При экспорте произошла ошибка"},{"$i":"exportError-SD-shared","$v":"Нет доступа к карте памяти, так как она находится в общем доступе"},{"$i":"exportError-SD-unavailable","$v":"Карта памяти недоступна"},{"$i":"exportError-SD-noSpace","$v":"Недостаточно места на карте памяти для экспорта контактов"},{"$i":"exportError-SIM-unavailable","$v":"SIM-карта недоступна"},{"$i":"exportError-BT-shared","$v":"Нет доступа к карте памяти, так как она находится в общем доступе"},{"$i":"exportError-BT-unavailable","$v":"Карта памяти недоступна"},{"$i":"exportError-BT-noSpace","$v":"Недостаточно места на карте памяти для экспорта контактов"},{"$i":"social-network","$v":"Социальные сети"},{"$i":"social-link","$v":"Связать с контактом"},{"$i":"social-unlink","$v":"Удалить связь с контактом"},{"$i":"social-unlink-confirm-title","$v":"Вы хотите удалить связь с вашим другом?"},{"$i":"social-unlink-confirm-accept","$v":"Удалить связь"},{"$i":"facebook-import","$v":"Импортировать друзей из Фейсбук"},{"$i":"show-fb-profile","$v":"Просмотр профиля Фейсбук"},{"$i":"msg-send","$v":"Сообщение"},{"$i":"wall-post","$v":"Сообщение на стене"},{"$i":"share-contact","$v":"Поделиться контактом"},{"$i":"facebook-export-forbidden","$v":"Этим контактом нельзя поделиться из-за ограничений Фейсбук."},{"$i":"otherAccount","$v":"Другие учётные записи"},{"$i":"facebookSwitchMsg","$v":"Синхронизация"},{"$i":"select_mobile","$v":"Выбрать мобильный"},{"$i":"select_email","$v":"Выбрать эл. почту"},{"$i":"select_recipient","$v":"Выбрать получателя"},{"$i":"contactsOrderBy","$v":"По фамилии"},{"$i":"importSim2","$v":"SIM-карта"},{"$i":"importGmail","$v":"Gmail"},{"$i":"bluetooth","$v":"Bluetooth"},{"$i":"importOutlook","$v":"Outlook"},{"$i":"fbUpdateFriends","$v":"Обновить импортированных друзей"},{"$i":"cleaningFbData","$v":"Удаление данных Фейсбук"},{"$i":"loggingOutFb","$v":"Выход из Фейсбук"},{"$i":"cleanFbConfirmMsg","$v":"Удалить все данные Фейсбук?"},{"$i":"renewPwdMsg","$v":"Ваш пароль в Фейсбук изменился. Пожалуйста, обновите его."},{"$i":"notEnabledYet","$v":"Ещё не включено"},{"$i":"genericNoConnection","$v":"Для импорта контактов подключитесь к сети Wi-Fi или передачи данных"},{"$i":"simCard","$v":"SIM-карта"},{"$i":"memoryCard","$v":"Карта памяти"},{"$i":"simNumberNoMSISDN","$v":["SIM ",{"t":"idOrVar","v":"number"},":"]},{"$i":"simNumberWithMSISDN","$v":["SIM ",{"t":"idOrVar","v":"number"},": ",{"t":"idOrVar","v":"msisdn"}]},{"$i":"ICEContactsGroup","$v":"ICE-контакты"},{"$i":"setICEButton","$v":"Указать ICE-контакты"},{"$i":"ICESettingTitle","$v":"ICE-контакты"},{"$i":"ICEDescription","$v":"Добавьте два контакта для их вызова \"В случае чрезвычайной ситуации\"."},{"$i":"ICEContact1","$v":"ICE-контакт 1"},{"$i":"ICESelectContact","$v":"Выбрать контакт"},{"$i":"ICEContact2","$v":"ICE-контакт 2"},{"$i":"ICERepeatedContact","$v":"У этого контакта уже есть ICE-контакт"},{"$i":"ICEUnknownError","$v":"При установке этого контакта в качестве ICE произошла ошибка"},{"$i":"ICEContactNoNumber","$v":"У этого контакта нет телефонного номера"},{"$i":"ICEFacebookContactNotAllowed","$v":"Контакты Фейсбук не могут быть установлены в качестве ICE-контактов"},{"$i":"ICEContactDelTel","$v":"Удалённые телефонные номера будут убраны из ICE-контакта"},{"$i":"ICEContactDelTelAll","$v":"Все номера удалены. Этот контакт удалён из ICE-контактов."},{"$i":"no-contacts","$v":"Нет контактов"},{"$i":"start-adding","$v":"Начните добавлять их прямо сейчас"},{"$i":"notImported","$v":"Не импортировано"},{"$i":"imported","$v":"Импортировано"},{"$i":"today","$v":"Сегодня"},{"$i":"yesterday","$v":"Вчера"},{"$i":"organise-contacts","$v":"Организация контактов"},{"$i":"find-merge-contacts","$v":"Найти дублирующиеся контакты"},{"$i":"preparing-contacts","$v":"Подготовка контактов"},{"$i":"exportError-SIM-NoFreeRecordFound","$v":"На SIM-карте больше нет места"},{"$i":"exportError-SIM-CannotAccessPhoneBook","$v":"Нет доступа к телефонной книге SIM-карты"},{"$i":"exportError-SIM-Unavailable","$v":"SIM не обнаружена"},{"$i":"exportError-SIM-GenericError","$v":"При экспорте контакта произошла ошибка"},{"$i":"noSimMsgExport","$v":"Для экспорта контактов вставьте или разблокируйте вашу SIM-карту"},{"$i":"noMemoryCardMsgExport","$v":"Для экспорта контактов вставьте карту памяти"},{"$i":"ContactManagementTitle","$v":"Управление контактами"},{"$i":"DeleteTitle","$v":"Удалить"},{"$i":"bulkDeleteButton","$v":"Удалить контакты"},{"$i":"BulkDelCancel","$v":"Удаление контактов отменено"},{"$i":"DeletedTxt","$v":{"zero":"Нет контактов для удаления","one":[{"t":"idOrVar","v":"n"}," контакт удалён"],"two":[{"t":"idOrVar","v":"n"}," контакта удалено"],"few":[{"t":"idOrVar","v":"n"}," контакта удалено"],"many":[{"t":"idOrVar","v":"n"}," контактов удалено"],"other":[{"t":"idOrVar","v":"n"}," контактов удалено"]},"$x":[{"t":"idOrVar","v":"plural"},"n"]},{"$i":"DeletingContacts","$v":"Удаление контактов"},{"$i":"ContactConfirmDel","$v":{"zero":"Нет контактов для удаления","one":["Удалить ",{"t":"idOrVar","v":"n"}," контакт? Это не может быть отменено."],"two":["Удалить ",{"t":"idOrVar","v":"n"}," контакта? Это не может быть отменено."],"few":["Удалить ",{"t":"idOrVar","v":"n"}," контакта? Это не может быть отменено."],"many":["Удалить ",{"t":"idOrVar","v":"n"}," контактов? Это не может быть отменено."],"other":["Удалить ",{"t":"idOrVar","v":"n"}," контактов? Это не может быть отменено."]},"$x":[{"t":"idOrVar","v":"plural"},"n"]},{"$i":"SelectedTxt","$v":{"zero":"Контакты","one":[{"t":"idOrVar","v":"n"}," выделен"],"two":[{"t":"idOrVar","v":"n"}," выделено"],"few":[{"t":"idOrVar","v":"n"}," выделено"],"many":[{"t":"idOrVar","v":"n"}," выделено"],"other":[{"t":"idOrVar","v":"n"}," выделено"]},"$x":[{"t":"idOrVar","v":"plural"},"n"]},{"$i":"video","$v":"Видео"},{"$i":"audio","$v":"Аудио"},{"$i":"pick_destination","$v":[{"t":"idOrVar","v":"destination"}," ",{"t":"idOrVar","v":"carrier"}]},{"$i":"removeField","ariaLabel":"Удалить"},{"$i":"undo","ariaLabel":"Отменить"},{"$i":"send-sms-button","ariaLabel":"SMS"},{"$i":"ice_contacts","$v":"ICE-контакты"},{"$i":"edit-picture","$v":"Изменить изображение"},{"$i":"remove-photo","$v":"Удалить фото"},{"$i":"change-photo","$v":"Изменить фото"},{"$i":"photo-options","$v":"Параметры фото"},{"$i":"vCardContacts-imported","$v":{"zero":"No contacts imported","one":"Imported one contact","two":["Imported ",{"t":"idOrVar","v":"n"}," contacts"],"few":["Imported ",{"t":"idOrVar","v":"n"}," contacts"],"many":["Imported ",{"t":"idOrVar","v":"n"}," contacts"],"other":["Imported ",{"t":"idOrVar","v":"n"}," contacts"]},"$x":[{"t":"idOrVar","v":"plural"},"n"]},{"$i":"voiceMail","$v":"Голосовая почта"},{"$i":"back","$v":"Назад"},{"$i":"noSimMsg","$v":"Для импорта контактов вставьте или разблокируйте вашу SIM-карту"},{"$i":"noMemoryCardMsg","$v":"Для импорта контактов вставьте карту памяти"},{"$i":"importMemoryCard","$v":"Карта памяти"},{"$i":"noConnection11","$v":"Чтобы импортировать друзей или контакты Фейсбук подключитесь к сети Wi-Fi или передачи данных"},{"$i":"emptyAccount","$v":"В этой учётной записи не найдено ни друзей, ни контактов."},{"$i":"simContacts-import","$v":"Импорт контактов с SIM"},{"$i":"simContacts-importing","$v":"Импорт контактов с SIM…"},{"$i":"simContacts-reading","$v":"Чтение с SIM-карты…"},{"$i":"simContacts-error","$v":"Не удалось импортировать контакты с SIM"},{"$i":"simContacts-imported3","$v":{"zero":"На SIM не найдено ни одного контакта для импорта","one":["Импортирован ",{"t":"idOrVar","v":"n"}," контакт"],"two":["Импортировано ",{"t":"idOrVar","v":"n"}," контакта"],"few":["Импортировано ",{"t":"idOrVar","v":"n"}," контакта"],"many":["Импортировано ",{"t":"idOrVar","v":"n"}," контактов"],"other":["Импортировано ",{"t":"idOrVar","v":"n"}," контактов"]},"$x":[{"t":"idOrVar","v":"plural"},"n"]},{"$i":"memoryCardContacts-import","$v":"Импорт контактов с карты памяти"},{"$i":"memoryCardContacts-importing","$v":"Импорт контактов с карты памяти…"},{"$i":"memoryCardContacts-reading","$v":"Чтение с карты памяти…"},{"$i":"memoryCardContacts-error","$v":"Не удалось импортировать контакты с карты памяти"},{"$i":"memoryCardContacts-imported3","$v":{"zero":"На карте памяти не найдено контактов для импорта","one":["Импортирован ",{"t":"idOrVar","v":"n"}," контакт"],"two":["Импортировано ",{"t":"idOrVar","v":"n"}," контакта"],"few":["Импортировано ",{"t":"idOrVar","v":"n"}," контакта"],"many":["Импортировано ",{"t":"idOrVar","v":"n"}," контактов"],"other":["Импортировано ",{"t":"idOrVar","v":"n"}," контактов"]},"$x":[{"t":"idOrVar","v":"plural"},"n"]},{"$i":"genericProgress","$v":[{"t":"idOrVar","v":"current"},"/",{"t":"idOrVar","v":"total"}]},{"$i":"facebook-import-msg2","$v":["Импортировано друзей: ",{"t":"idOrVar","v":"imported"},"/",{"t":"idOrVar","v":"total"}]},{"$i":"contactsMerged","$v":{"zero":"Нет контактов для объединения","one":["Объединён ",{"t":"idOrVar","v":"numDups"}," контакт"],"two":["Объединено ",{"t":"idOrVar","v":"numDups"}," контакта"],"few":["Объединено ",{"t":"idOrVar","v":"numDups"}," контакта"],"many":["Объединено ",{"t":"idOrVar","v":"numDups"}," контактов"],"other":["Объединено ",{"t":"idOrVar","v":"numDups"}," контактов"]},"$x":[{"t":"idOrVar","v":"plural"},"numDups"]},{"$i":"weekday-0-long","$v":"Воскресенье"},{"$i":"weekday-1-long","$v":"Понедельник"},{"$i":"weekday-2-long","$v":"Вторник"},{"$i":"weekday-3-long","$v":"Среда"},{"$i":"weekday-4-long","$v":"Четверг"},{"$i":"weekday-5-long","$v":"Пятница"},{"$i":"weekday-6-long","$v":"Суббота"},{"$i":"weekday-0-short","$v":"Вс"},{"$i":"weekday-1-short","$v":"Пн"},{"$i":"weekday-2-short","$v":"Вт"},{"$i":"weekday-3-short","$v":"Ср"},{"$i":"weekday-4-short","$v":"Чт"},{"$i":"weekday-5-short","$v":"Пт"},{"$i":"weekday-6-short","$v":"Сб"},{"$i":"month-0-long","$v":"Январь"},{"$i":"month-1-long","$v":"Февраль"},{"$i":"month-2-long","$v":"Март"},{"$i":"month-3-long","$v":"Апрель"},{"$i":"month-4-long","$v":"Май"},{"$i":"month-5-long","$v":"Июнь"},{"$i":"month-6-long","$v":"Июль"},{"$i":"month-7-long","$v":"Август"},{"$i":"month-8-long","$v":"Сентябрь"},{"$i":"month-9-long","$v":"Октябрь"},{"$i":"month-10-long","$v":"Ноябрь"},{"$i":"month-11-long","$v":"Декабрь"},{"$i":"month-0-genitive","$v":"января"},{"$i":"month-1-genitive","$v":"февраля"},{"$i":"month-2-genitive","$v":"марта"},{"$i":"month-3-genitive","$v":"апреля"},{"$i":"month-4-genitive","$v":"мая"},{"$i":"month-5-genitive","$v":"июня"},{"$i":"month-6-genitive","$v":"июля"},{"$i":"month-7-genitive","$v":"августа"},{"$i":"month-8-genitive","$v":"сентября"},{"$i":"month-9-genitive","$v":"октября"},{"$i":"month-10-genitive","$v":"ноября"},{"$i":"month-11-genitive","$v":"декабря"},{"$i":"month-0-short","$v":"Январь"},{"$i":"month-1-short","$v":"Февраль"},{"$i":"month-2-short","$v":"Март"},{"$i":"month-3-short","$v":"Апрель"},{"$i":"month-4-short","$v":"Май"},{"$i":"month-5-short","$v":"Июнь"},{"$i":"month-6-short","$v":"Июль"},{"$i":"month-7-short","$v":"Август"},{"$i":"month-8-short","$v":"Сентябрь"},{"$i":"month-9-short","$v":"Октябрь"},{"$i":"month-10-short","$v":"Ноябрь"},{"$i":"month-11-short","$v":"Декабрь"},{"$i":"minutes-ago-long","$v":{"zero":"прямо сейчас","one":[{"t":"idOrVar","v":"value"}," минуту назад"],"two":[{"t":"idOrVar","v":"value"}," минуты назад"],"few":[{"t":"idOrVar","v":"value"}," минуты назад"],"many":[{"t":"idOrVar","v":"value"}," минут назад"],"other":[{"t":"idOrVar","v":"value"}," минут назад"]},"$x":[{"t":"idOrVar","v":"plural"},"value"]},{"$i":"hours-ago-long","$v":{"zero":"прямо сейчас","one":[{"t":"idOrVar","v":"value"}," час назад"],"two":[{"t":"idOrVar","v":"value"}," часа назад"],"few":[{"t":"idOrVar","v":"value"}," часа назад"],"many":[{"t":"idOrVar","v":"value"}," часов назад"],"other":[{"t":"idOrVar","v":"value"}," часов назад"]},"$x":[{"t":"idOrVar","v":"plural"},"value"]},{"$i":"days-ago-long","$v":{"zero":"сегодня","one":[{"t":"idOrVar","v":"value"}," день назад"],"two":[{"t":"idOrVar","v":"value"}," дня назад"],"few":[{"t":"idOrVar","v":"value"}," дня назад"],"many":[{"t":"idOrVar","v":"value"}," дней назад"],"other":[{"t":"idOrVar","v":"value"}," дней назад"]},"$x":[{"t":"idOrVar","v":"plural"},"value"]},{"$i":"weeks-ago-long","$v":{"zero":"эта неделя","one":[{"t":"idOrVar","v":"value"}," неделя назад"],"two":[{"t":"idOrVar","v":"value"}," недели назад"],"few":[{"t":"idOrVar","v":"value"}," недели назад"],"many":[{"t":"idOrVar","v":"value"}," недель назад"],"other":[{"t":"idOrVar","v":"value"}," недель назад"]},"$x":[{"t":"idOrVar","v":"plural"},"value"]},{"$i":"months-ago-long","$v":{"zero":"этот месяц","one":[{"t":"idOrVar","v":"value"}," месяц назад"],"two":[{"t":"idOrVar","v":"value"}," месяца назад"],"few":[{"t":"idOrVar","v":"value"}," месяца назад"],"many":[{"t":"idOrVar","v":"value"}," месяцев назад"],"other":[{"t":"idOrVar","v":"value"}," месяцев назад"]},"$x":[{"t":"idOrVar","v":"plural"},"value"]},{"$i":"years-ago-long","$v":{"zero":"этот год","one":[{"t":"idOrVar","v":"value"}," год назад"],"two":[{"t":"idOrVar","v":"value"}," года назад"],"few":[{"t":"idOrVar","v":"value"}," года назад"],"many":[{"t":"idOrVar","v":"value"}," лет назад"],"other":[{"t":"idOrVar","v":"value"}," лет назад"]},"$x":[{"t":"idOrVar","v":"plural"},"value"]},{"$i":"minutes-until-long","$v":{"zero":"сейчас","one":["через ",{"t":"idOrVar","v":"value"}," минуту"],"two":["через ",{"t":"idOrVar","v":"value"}," минуты"],"few":["через ",{"t":"idOrVar","v":"value"}," минуты"],"many":["через ",{"t":"idOrVar","v":"value"}," минут"],"other":["через ",{"t":"idOrVar","v":"value"}," минут"]},"$x":[{"t":"idOrVar","v":"plural"},"value"]},{"$i":"hours-until-long","$v":{"zero":"сейчас","one":["через ",{"t":"idOrVar","v":"value"}," час"],"two":["через ",{"t":"idOrVar","v":"value"}," часа"],"few":["через ",{"t":"idOrVar","v":"value"}," часа"],"many":["через ",{"t":"idOrVar","v":"value"}," часов"],"other":["через ",{"t":"idOrVar","v":"value"}," часов"]},"$x":[{"t":"idOrVar","v":"plural"},"value"]},{"$i":"days-until-long","$v":{"zero":"сегодня","one":["через ",{"t":"idOrVar","v":"value"}," день"],"two":["через ",{"t":"idOrVar","v":"value"}," дня"],"few":["через ",{"t":"idOrVar","v":"value"}," дня"],"many":["через ",{"t":"idOrVar","v":"value"}," дней"],"other":["через ",{"t":"idOrVar","v":"value"}," дней"]},"$x":[{"t":"idOrVar","v":"plural"},"value"]},{"$i":"weeks-until-long","$v":{"zero":"эта неделя","one":["через ",{"t":"idOrVar","v":"value"}," неделю"],"two":["через ",{"t":"idOrVar","v":"value"}," недели"],"few":["через ",{"t":"idOrVar","v":"value"}," недели"],"many":["через ",{"t":"idOrVar","v":"value"}," недель"],"other":["через ",{"t":"idOrVar","v":"value"}," недель"]},"$x":[{"t":"idOrVar","v":"plural"},"value"]},{"$i":"months-until-long","$v":{"zero":"этот месяц","one":["через ",{"t":"idOrVar","v":"value"}," месяц"],"two":["через ",{"t":"idOrVar","v":"value"}," месяца"],"few":["через ",{"t":"idOrVar","v":"value"}," месяца"],"many":["через ",{"t":"idOrVar","v":"value"}," месяцев"],"other":["через ",{"t":"idOrVar","v":"value"}," месяцев"]},"$x":[{"t":"idOrVar","v":"plural"},"value"]},{"$i":"years-until-long","$v":{"zero":"этот год","one":["через ",{"t":"idOrVar","v":"value"}," год"],"two":["через ",{"t":"idOrVar","v":"value"}," года"],"few":["через ",{"t":"idOrVar","v":"value"}," года"],"many":["через ",{"t":"idOrVar","v":"value"}," лет"],"other":["через ",{"t":"idOrVar","v":"value"}," лет"]},"$x":[{"t":"idOrVar","v":"plural"},"value"]},{"$i":"minutes-ago-short","$v":{"zero":"сейчас","other":[{"t":"idOrVar","v":"value"},"м назад"]},"$x":[{"t":"idOrVar","v":"plural"},"value"]},{"$i":"hours-ago-short","$v":{"zero":"сейчас","other":[{"t":"idOrVar","v":"value"},"ч назад"]},"$x":[{"t":"idOrVar","v":"plural"},"value"]},{"$i":"days-ago-short","$v":{"zero":"сегодня","other":[{"t":"idOrVar","v":"value"},"д назад"]},"$x":[{"t":"idOrVar","v":"plural"},"value"]},{"$i":"minutes-until-short","$v":{"zero":"сейчас","other":["через ",{"t":"idOrVar","v":"value"},"м"]},"$x":[{"t":"idOrVar","v":"plural"},"value"]},{"$i":"hours-until-short","$v":{"zero":"сейчас","other":["через ",{"t":"idOrVar","v":"value"},"ч"]},"$x":[{"t":"idOrVar","v":"plural"},"value"]},{"$i":"days-until-short","$v":{"zero":"сегодня","other":["через ",{"t":"idOrVar","v":"value"},"д"]},"$x":[{"t":"idOrVar","v":"plural"},"value"]},{"$i":"incorrectDate","$v":"(некорректная дата)"},{"$i":"dateTimeFormat_%c","$v":"%a, %e %Eb %Y, %H:%M:%S"},{"$i":"dateTimeFormat_%x","$v":"%d.%m.%Y"},{"$i":"dateTimeFormat_%X","$v":"%H:%M:%S"},{"$i":"shortTimeFormat","$v":"%H:%M"},{"$i":"shortTimeFormat12","$v":"%I:%M %p"},{"$i":"shortTimeFormat24","$v":"%H:%M"},{"$i":"shortDateTimeFormat","$v":"%x %H:%M"},{"$i":"weekStartsOnMonday","$v":"1"},{"$i":"firstDayOfTheWeek","$v":"1"},{"$i":"time_am","$v":"AM"},{"$i":"time_pm","$v":"PM"},{"$i":"label","$v":"Метка"},{"$i":"mobile","$v":"Мобильный"},{"$i":"home","$v":"Домашний"},{"$i":"work","$v":"Рабочий"},{"$i":"personal","$v":"Личный"},{"$i":"faxHome","$v":"Домашний факс"},{"$i":"faxOffice","$v":"Офисный факс"},{"$i":"faxOther","$v":"Другой факс"},{"$i":"another","$v":"Другой"},{"$i":"other","$v":"Прочий"},{"$i":"customTag","placeholder":"Другая метка"},{"$i":"current","$v":"Текущий"},{"$i":"itemWithLabel","$v":[{"t":"idOrVar","v":"label"},", ",{"t":"idOrVar","v":"item"}]},{"$i":"addNewNumber","$v":"Добавить новый номер"},{"$i":"contactDetails","$v":"Параметры контакта"},{"$i":"addToExistingContact","$v":"Добавить в имеющийся контакт"},{"$i":"all","$v":"Все","ariaLabel":"Все"},{"$i":"bluetoothOption","ariaLabel":"Bluetooth"},{"$i":"callLog","$v":"Журнал звонков"},{"$i":"callLogEdit","title":"Изменить журнал звонков"},{"$i":"callLogEditDialog","ariaLabel":"Диалог изменения журнала звонков"},{"$i":"connecting","$v":"Соединяюсь"},{"$i":"connectingEllipsis","$v":"Соединение…"},{"$i":"call-forwarding-async","$v":["Асинхронный: ",{"t":"idOrVar","v":"async"}]},{"$i":"call-forwarding-data","$v":["Данные: ",{"t":"idOrVar","v":"data"}]},{"$i":"call-forwarding-error","$v":"При получении статуса переадресации произошла ошибка"},{"$i":"call-forwarding-fax","$v":["ФАКС: ",{"t":"idOrVar","v":"fax"}]},{"$i":"call-forwarding-inactive","$v":"Неактивен"},{"$i":"call-forwarding-packet","$v":["Пакет: ",{"t":"idOrVar","v":"packet"}]},{"$i":"call-forwarding-pad","$v":["PAD: ",{"t":"idOrVar","v":"pad"}]},{"$i":"call-forwarding-sms","$v":["SMS: ",{"t":"idOrVar","v":"sms"}]},{"$i":"call-forwarding-status","$v":"Статус переадресации"},{"$i":"call-forwarding-sync","$v":["Синхронный: ",{"t":"idOrVar","v":"sync"}]},{"$i":"call-forwarding-voice","$v":["Голос: ",{"t":"idOrVar","v":"voice"}]},{"$i":"confirm-deletion","$v":"Удалить выделенные звонки?"},{"$i":"createNewContact","$v":"Создать новый контакт"},{"$i":"dialerAddContact","ariaLabel":"Добавить контакт"},{"$i":"dialerAddContactDialog","ariaLabel":"Диалог добавления контакта"},{"$i":"callInformation","$v":"Сведения о звонке"},{"$i":"edit-selected","$v":{"one":[{"t":"idOrVar","v":"n"}," выбран"],"two":[{"t":"idOrVar","v":"n"}," выбрано"],"few":[{"t":"idOrVar","v":"n"}," выбрано"],"many":[{"t":"idOrVar","v":"n"}," выбрано"],"other":[{"t":"idOrVar","v":"n"}," выбрано"]},"$x":[{"t":"idOrVar","v":"plural"},"n"]},{"$i":"hideKeypad","ariaLabel":"Скрыть панель кнопок"},{"$i":"ignore","$v":"Игнорировать звонок"},{"$i":"incoming","$v":"Входящие"},{"$i":"keypad","ariaLabel":"Панель кнопок"},{"$i":"info-missed","$v":"Пропущенный"},{"$i":"missed","$v":"Пропущенный","ariaLabel":"Пропущенный"},{"$i":"canceled","$v":"Отмененный"},{"$i":"missedCall","$v":"Пропущенный звонок"},{"$i":"missedCallMultiSims","$v":["(SIM ",{"t":"idOrVar","v":"n"},") Пропущенный звонок"]},{"$i":"mmi-error","$v":"При отправке сообщения произошла ошибка"},{"$i":"mmi-session-expired","$v":"Сессия истекла"},{"$i":"mmi-successfully-sent","$v":"Сообщение успешно отправлено"},{"$i":"mmi-notification-title-with-sim","$v":["(",{"t":"idOrVar","v":"sim"},") ",{"t":"idOrVar","v":"title"}]},{"$i":"mute","ariaLabel":"Убрать звук"},{"$i":"newCall","ariaLabel":"Новый вызов"},{"$i":"no-logs-msg-1","$v":"Звонков не было"},{"$i":"no-logs-msg-2","$v":"Начните общаться прямо сейчас"},{"$i":"no-logs-msg-3","$v":"Нет пропущенных звонков"},{"$i":"onHoldOption","ariaLabel":"В режиме удержания"},{"$i":"outgoing","$v":"Исходящие"},{"$i":"recents","ariaLabel":"Последние звонки"},{"$i":"reply","$v":"Перезвонить"},{"$i":"send","$v":"Послать"},{"$i":"switch-calls","$v":"Переключить звонки"},{"$i":"withheld-number","$v":"Подавленный номер"},{"$i":"from-contact","$v":["От ",{"t":"idOrVar","v":"contact"}]},{"$i":"from-number","$v":["С ",{"t":"idOrVar","v":"number"}]},{"$i":"from-withheld-number","$v":"С подавленного номера"},{"$i":"sending","$v":"Отправка..."},{"$i":"speakerOption","ariaLabel":"Спикер"},{"$i":"ussd-services","$v":["службы ",{"t":"idOrVar","v":"operator"}]},{"$i":"toggleKeypad","ariaLabel":"Переключить панель кнопок"},{"$i":"type-your-response","placeholder":"Наберите ваш ответ..."},{"$i":"clear-all-text","$v":"Очистить весь текст"},{"$i":"hide","$v":"Скрыть"},{"$i":"hold","ariaLabel":"Удерживать"},{"$i":"resume","$v":"Возобновить","ariaLabel":"Возобновить"},{"$i":"sendSms","$v":"Послать сообщение"},{"$i":"callEnded","$v":"Звонок завершён"},{"$i":"via-sim","$v":["через SIM",{"t":"idOrVar","v":"n"}]},{"$i":"sim-number","$v":["SIM",{"t":"idOrVar","v":"n"}]},{"$i":"unknown","$v":"Неизвестный"},{"$i":"hangup-a11y-button","ariaLabel":"Повесить трубку"},{"$i":"pickup-a11y-button","ariaLabel":"Снять трубку"},{"$i":"unlock-a11y-button","ariaLabel":"Слайдер"},{"$i":"settings","$v":"Настройки"},{"$i":"delete-n-log?","$v":{"zero":"Ничего не выбрано","one":"Удалить выбранный лог?","two":["Удалить ",{"t":"idOrVar","v":"n"}," лога?"],"few":["Удалить ",{"t":"idOrVar","v":"n"}," лога?"],"many":["Удалить ",{"t":"idOrVar","v":"n"}," логов?"],"other":["Удалить ",{"t":"idOrVar","v":"n"}," логов?"]},"$x":[{"t":"idOrVar","v":"plural"},"n"]},{"$i":"callDurationMinutes","$v":[{"t":"idOrVar","v":"m"},":",{"t":"idOrVar","v":"s"}]},{"$i":"callDurationHours","$v":[{"t":"idOrVar","v":"h"},":",{"t":"idOrVar","v":"m"},":",{"t":"idOrVar","v":"s"}]},{"$i":"callDurationTextFormatSeconds","$v":[{"t":"idOrVar","v":"s"}," с"]},{"$i":"callDurationTextFormatMinutes","$v":[{"t":"idOrVar","v":"m"}," м ",{"t":"idOrVar","v":"s"}," с"]},{"$i":"callDurationTextFormatHours","$v":[{"t":"idOrVar","v":"h"}," ч ",{"t":"idOrVar","v":"m"}," м ",{"t":"idOrVar","v":"s"}," с"]},{"$i":"suggestionMatches","$v":{"one":[{"t":"idOrVar","v":"n"}," подходящий под \"",{"t":"idOrVar","v":"matchNumber"},"\""],"two":[{"t":"idOrVar","v":"n"}," подходящих под \"",{"t":"idOrVar","v":"matchNumber"},"\""],"few":[{"t":"idOrVar","v":"n"}," подходящих под \"",{"t":"idOrVar","v":"matchNumber"},"\""],"many":[{"t":"idOrVar","v":"n"}," подходящих под \"",{"t":"idOrVar","v":"matchNumber"},"\""],"other":[{"t":"idOrVar","v":"n"}," подходящих под \"",{"t":"idOrVar","v":"matchNumber"},"\""]},"$x":[{"t":"idOrVar","v":"plural"},"n"]},{"$i":"scCallBarring","$v":"Запрет вызова"},{"$i":"scCallForwarding","$v":"Переадресация"},{"$i":"scClip","$v":"АОН (вход.)"},{"$i":"scClir","$v":"АОН (исх.)"},{"$i":"scPwd","$v":"Смена пароля"},{"$i":"scCallWaiting","$v":"Ожидание вызова"},{"$i":"scPin","$v":"Смена PIN"},{"$i":"scPin2","$v":"Смена PIN2"},{"$i":"scPuk","$v":"Разбл. PIN"},{"$i":"scPuk2","$v":"Разбл. PIN2"},{"$i":"scImei","$v":"IMEI"},{"$i":"scUssd","$v":"USSD"},{"$i":"serviceClassVoice","$v":"Голос"},{"$i":"serviceClassData","$v":"Данные"},{"$i":"serviceClassFax","$v":"ФАКС"},{"$i":"serviceClassSms","$v":"SMS"},{"$i":"serviceClassDataSync","$v":"Синхронные"},{"$i":"serviceClassDataAsync","$v":"Асинхронные"},{"$i":"serviceClassPacket","$v":"Пакет"},{"$i":"serviceClassPad","$v":"PAD"},{"$i":"smServiceEnabled","$v":"Сервис был включён"},{"$i":"smServiceDisabled","$v":"Сервис был отключён"},{"$i":"smServiceRegistered","$v":"Регистрация прошла успешно"},{"$i":"smServiceErased","$v":"Стирание прошло успешно"},{"$i":"smServiceInterrogated","$v":"Запрос был успешен"},{"$i":"smServiceNotProvisioned","$v":"Сервис не предоставляется"},{"$i":"smClirPermanent","$v":"Вы не можете изменить параметр определения вашего номера"},{"$i":"smClirDefaultOnNextCallOn","$v":"Определение вашего номера по умолчанию заблокировано. Следующий вызов: Заблокировано"},{"$i":"smClirDefaultOnNextCallOff","$v":"Определение вашего номера по умолчанию заблокировано. Следующий вызов: Не заблокировано"},{"$i":"smClirDefaultOffNextCallOn","$v":"Определение вашего номера по умолчанию не заблокировано. Следующий вызов: Заблокировано"},{"$i":"smClirDefaultOffNextCallOff","$v":"Определение вашего номера по умолчанию не заблокировано. Следующий вызов: Не заблокировано"},{"$i":"smServiceEnabledFor","$v":"Сервис был включён для:"},{"$i":"smPinChanged","$v":"PIN успешно изменён"},{"$i":"smPinUnblocked","$v":"PIN успешно разблокирован"},{"$i":"smPin2Changed","$v":"PIN2 успешно изменён"},{"$i":"smPin2Unblocked","$v":"PIN2 успешно разблокирован"},{"$i":"ServiceIsEnabled","$v":"Сервис включён"},{"$i":"ServiceIsDisabled","$v":"Сервис отключён"},{"$i":"ServiceIsEnabledFor","$v":"Сервис включён для:"},{"$i":"emMmiError","$v":"Проблема с соединением или некорректный код MMI"},{"$i":"emMmiErrorPasswordIncorrect","$v":"Неверный пароль"},{"$i":"emMmiErrorNotSupported","$v":"Некорректный или неподдерживаемый код MMI"},{"$i":"emMmiErrorInvalidAction","$v":"Некорректное действие"},{"$i":"emMmiErrorInvalidScCode","$v":"Некорректный код сервиса"},{"$i":"emMmiErrorBadPuk","$v":"Вы набрали неправильный PUK"},{"$i":"emMmiErrorBadPin","$v":"Вы набрали неправильный старый PIN."},{"$i":"emMmiErrorNeedPuk2","$v":"Для разблокировки SIM-карты наберите PUK2"},{"$i":"emMmiErrorMismatchPin","$v":"Набранные вами PINы не совпадают"},{"$i":"emMmiErrorInvalidPin","$v":"Наберите PIN длиной от 4 до 8 цифр"},{"$i":"emMmiErrorNeedsPuk","$v":"Ваша SIM-карта заблокирована через PUK"},{"$i":"emMmiErrorEnablePin","$v":"Неудачно. Включите SIM/RUIM LOCK"},{"$i":"emMmiErrorMmiFdn","$v":"Разрешено только производить набор номеров из заданного списка"},{"$i":"emMmiErrorStkCcUssdDial","$v":"Запрос USSD преобразован в запрос DIAL"},{"$i":"emMmiErrorStkCcUssdSs","$v":"Запрос USSD преобразован в запрос SS"},{"$i":"emMmiErrorStkCcUssdUssd","$v":"Запрос USSD преобразован в новый запрос USSD"},{"$i":"emMmiErrorStkCcSsDial","$v":"Запрос SS преобразован в запрос DIAL"},{"$i":"emMmiErrorStkCcSsUssd","$v":"Запрос SS преобразован в запрос USSD"},{"$i":"emMmiErrorStkCcSsSs","$v":"Запрос SS преобразован в новый запрос SS"},{"$i":"emMmiErrorPinPukAttempts","$v":{"one":["осталась ",{"t":"idOrVar","v":"n"}," попытка"],"two":["осталось ",{"t":"idOrVar","v":"n"}," попытки"],"few":["осталось ",{"t":"idOrVar","v":"n"}," попытки"],"many":["осталось ",{"t":"idOrVar","v":"n"}," попыток"],"other":["осталось ",{"t":"idOrVar","v":"n"}," попыток"]},"$x":[{"t":"idOrVar","v":"plural"},"n"]},{"$i":"emMmiErrorSimBlocked","$v":"Превышено максимальное число попыток. SIM заблокирована"},{"$i":"RadioNotAvailable","$v":"Радио не доступно"},{"$i":"GenericFailure","$v":"Общая ошибка"},{"$i":"PasswordIncorrect","$v":"Неверный пароль"},{"$i":"SimPin2","$v":"SIM PIN2"},{"$i":"SimPuk2","$v":"SIM PUK2"},{"$i":"RequestNotSupported","$v":"Запрос не поддерживается"},{"$i":"OpNotAllowedDuringVoiceCall","$v":"Во время голосового вызова операция не разрешена"},{"$i":"SmsSendFailRetry","$v":"Повтор отправки SMS после ошибки"},{"$i":"SimAbsent","$v":"Отсутствует SIM"},{"$i":"SubscriptionNotAvailable","$v":"Подписка недоступна"},{"$i":"ModeNotSupported","$v":"Режим не поддерживается"},{"$i":"FdnCheckFailure","$v":"Ошибка проверки Fdn"},{"$i":"IllegalSimOrMe","$v":"Нелегальный SIM или ME"},{"$i":"DialModifiedToUssd","$v":"Набор преобразован в USSD"},{"$i":"DialModifiedToSs","$v":"Набор преобразован в SS"},{"$i":"DialModifiedToDial","$v":"Набор преобразован в набор"},{"$i":"UssdModifiedToDial","$v":"USSD преобразован в набор"},{"$i":"UssdModifiedToSs","$v":"USSD преобразован в SS"},{"$i":"UssdModifiedToUssd","$v":"USSD преобразован в USSD"},{"$i":"SsModifiedToDial","$v":"SS преобразован в набор"},{"$i":"SsModifiedToUssd","$v":"SS преобразован в USSD"},{"$i":"SsModifiedToSs","$v":"SS преобразован в SS"},{"$i":"SubscriptionNotSupported","$v":"Подписка не поддерживается"},{"$i":"InvalidParameter","$v":"Некорректный параметр"},{"$i":"RejectedByRemote","$v":"Отклонено удалённо"},{"$i":"conferenceCall","$v":["Совещание (",{"t":"idOrVar","v":"n"},")"]},{"$i":"caller-left-call","$v":[{"t":"idOrVar","v":"caller"}," покинул совещание."]},{"$i":"conferenceAddError","$v":"Не удалось свести вызовы"},{"$i":"conferenceRemoveError","$v":"Не удалось развести вызовы"},{"$i":"longDateFormat","$v":"%A, %e %Eb"},{"$i":"select-audio-sources","$v":"Выберите источники аудио"},{"$i":"bluetooth-handsfree-device","$v":"Устройство громкой связи Bluetooth"},{"$i":"receiver","$v":"Телефон"},{"$i":"speaker","$v":"Спикер"},{"$i":"voicemailNoNumberTitle","$v":"Номер голосовой почты недоступен"},{"$i":"voicemailNoNumberText","$v":"Невозможно вызвать голосовую почту. Настройте номер голосовой почты, чтобы сделать звонок."},{"$i":"voicemailNoNumberSettings","$v":"Параметры"},{"$i":"voicemailNoNumberCancel","$v":"Отмена"},{"$i":"phoneNumberInput","ariaLabel":"Телефонный номер"},{"$i":"keypadDelete","ariaLabel":"Удалить"},{"$i":"voiceMailKey","ariaLabel":"Голосовая почта"},{"$i":"asterisk","ariaLabel":"Звёздочка"},{"$i":"hashSign","ariaLabel":"Знак решетки"},{"$i":"loadingSimContacts","$v":"Loading SIM card contacts…"},{"$i":"noContactsWereFound","$v":"No contacts were found"},{"$i":"noContactsFoundDialogOk","$v":"OK"},{"$i":"emergencyNumber","$v":"Экстренный номер"},{"$i":"callAirplaneModeMessage","$v":"Чтобы сделать звонок, вам нужно через настройки отключить Режим Полёта."},{"$i":"callAirplaneModeBtnOk","$v":"OK"},{"$i":"callAirplaneModeTitle","$v":"Включён Режим Полёта"},{"$i":"numberIsBusyTitle","$v":"Номер занят"},{"$i":"numberIsBusyMessage","$v":"Этот номер сейчас занят. Пожалуйста, попробуйте позже."},{"$i":"fdnIsActiveTitle","$v":"FDN активирован"},{"$i":"fdnIsActiveMessage","$v":["FDN (Список номеров) активирован и следующего номера нет в вашем FDN-списке: ",{"t":"idOrVar","v":"number"}]},{"$i":"emergencyDialogBodyBadNumber","$v":"Чтобы сделать звонок, телефон должен быть подключён к сети."},{"$i":"emergencyDialogBodyDeviceNotAccepted","$v":"В этой сети запрещены экстренные вызовы."},{"$i":"emergencyDialogBtnOk","$v":"OK"},{"$i":"emergencyDialogTitle","$v":"Нет подключения к сети"},{"$i":"invalidNumberToDialTitle","$v":"Некорректный номер телефона"},{"$i":"invalidNumberToDialMessage","$v":"Вызываемый вами номер телефона является некорректным."},{"$i":"unableToCallTitle","$v":"Не могу сейчас сделать телефонный звонок"},{"$i":"unableToCallMessage","$v":"Не могу произвести вызов. Если вы уже набираете, сначала повесьте трубку."},{"$i":"otherConnectionInUseTitle","$v":"Используется другое соединение"},{"$i":"otherConnectionInUseMessage","$v":"У вас выполняется активный вызов на другом соединении. Вы можете использовать одновременно только одно соединение."}]