[{"$i":"close","$v":"Zavrieť"},{"$i":"import","$v":"Importovať"},{"$i":"update","$v":"Aktualizovať"},{"$i":"fbFriends","$v":"Priatelia na Facebooku"},{"$i":"live-serviceName","$v":"Windows Live"},{"$i":"gmail-serviceName","$v":"Gmail"},{"$i":"facebook-serviceName","$v":"Priatelia"},{"$i":"selectAll","$v":"Vybrať všetko"},{"$i":"deselectAll","$v":"Zrušiť výber"},{"$i":"viewAll","$v":"Zobraziť všetkých priateľov na Facebooku"},{"$i":"viewRecommend","$v":"Zobraziť len odporúčaných"},{"$i":"linkProposal","$v":{"zero":"Žiadni nájdení priatelia. Zobrazujú sa všetci","one":"Vyberte odporúčaného","two":"Vyberte odporúčaných","few":"Vyberte odporúčaných","many":"Vyberte odporúčaných","other":"Vyberte odporúčaných"},"$x":[{"t":"idOrVar","v":"plural"},"numFriends"]},{"$i":"fbFriendsFound","$v":{"zero":"Všetci vaši priatelia boli naimportovaní","one":"Je možné naimportovať 1 priateľa","two":["Je možné naimportovať ",{"t":"idOrVar","v":"numFriends"}," priateľov"],"few":["Je možné naimportovať ",{"t":"idOrVar","v":"numFriends"}," priateľov"],"many":["Je možné naimportovať ",{"t":"idOrVar","v":"numFriends"}," priateľov"],"other":["Je možné naimportovať ",{"t":"idOrVar","v":"numFriends"}," priateľov"]},"$x":[{"t":"idOrVar","v":"plural"},"numFriends"]},{"$i":"fbNoFriends","$v":"Nie sú dostupné žiadne kontakty na importovanie"},{"$i":"facebook","$v":"Facebook"},{"$i":"search-contact","placeholder":"Hľadať"},{"$i":"noResults","$v":"Neboli nájdené žiadne kontakty"},{"$i":"done-search","$v":"Hotovo"},{"$i":"progressFB3ImportTitle","$v":"Priatelia sa importujú do kontaktov"},{"$i":"progressFB","$v":[{"t":"idOrVar","v":"current"},"/",{"t":"idOrVar","v":"total"}]},{"$i":"progressFB3UpdateTitle","$v":"Aktualizujú sa priatelia v kontaktoch"},{"$i":"message2","$v":"Môže to chvíľu trvať."},{"$i":"messageLinking","$v":"Čakajte, prosím. Prebieha prepájanie priateľov a kontaktov."},{"$i":"messageCanceling","$v":"Čakajte, prosím. Prebieha zrušenie aktuálnej operácie."},{"$i":"error1","$v":["Chyba pri ",{"t":"idOrVar","v":"from"}]},{"$i":"error2","$v":"Chcete to skúsiť znova?"},{"$i":"errorProposal","$v":"počítaní návrhov"},{"$i":"errorFriends","$v":"získavaní priateľov"},{"$i":"errorLinking","$v":"prepájaní kontaktov"},{"$i":"timeout1","$v":["Časový limit pre ",{"t":"idOrVar","v":"from"}," vypršal"]},{"$i":"timeout2","$v":"Chcete to skúsiť znova?"},{"$i":"timeoutProposal","$v":"počítanie návrhov"},{"$i":"timeoutFriends","$v":"získanie priateľov"},{"$i":"timeoutLinking","$v":"prepojenie kontaktov"},{"$i":"wait1","$v":"Prosím, čakajte"},{"$i":"wait2","$v":"Môže to chvíľu trvať"},{"$i":"waitProposal","$v":"Prosím, čakajte. Prebieha prepočet návrhov."},{"$i":"waitFriends","$v":"Prosím, čakajte. Prebieha pripájanie za účelom získania zoznamu priateľov."},{"$i":"curtainCancel","$v":"Zrušiť"},{"$i":"curtainRetry","$v":"Znova"},{"$i":"curtainOK","$v":"OK"},{"$i":"connectionLost","$v":"Žiadne pripojenie k Internetu"},{"$i":"connectionLostMsg","$v":"Fotografie vašich priateľov nebudú pridané medzi vaše kontakty. Chcete pokračovať?"},{"$i":"yesOption","$v":"OK"},{"$i":"noOption","$v":"Zrušiť"},{"$i":"friendsUpdated","$v":{"zero":"Neboli aktualizovaní žiadni priatelia","one":"1 priateľ aktualizovaný","two":[{"t":"idOrVar","v":"numFriends"}," priatelia aktualizovaní"],"few":[{"t":"idOrVar","v":"numFriends"}," priatelia aktualizovaní"],"many":[{"t":"idOrVar","v":"numFriends"}," priateľov aktualizovaných"],"other":[{"t":"idOrVar","v":"numFriends"}," priateľov aktualizovaných"]},"$x":[{"t":"idOrVar","v":"plural"},"numFriends"]},{"$i":"friendsMerged","$v":{"zero":"Neboli spojené žiadne duplikáty","one":"1 duplikát spojený","two":[{"t":"idOrVar","v":"numDups"}," duplikáty spojené"],"few":[{"t":"idOrVar","v":"numDups"}," duplikáty spojené"],"many":[{"t":"idOrVar","v":"numDups"}," duplikátov spojených"],"other":[{"t":"idOrVar","v":"numDups"}," duplikátov spojených"]},"$x":[{"t":"idOrVar","v":"plural"},"numDups"]},{"$i":"notificationLogin","$v":"Vaša relácia s Facebookom vypršala. Prihláste sa znova."},{"$i":"syncError","$v":"Pri synchronizácii údajov o priateľoch sa vyskytla chyba."},{"$i":"waitDuplicateContacts","$v":"Vyhľadávajú sa zdvojené kontakty"},{"$i":"waitMergingDuplicateContacts","$v":"Zdvojené kontakty sa spájajú"},{"$i":"alertNoDuplicateContacts","$v":"Neboli nájdené žiadne zdvojené kontakty"},{"$i":"merge","ariaLabel":"Spojiť"},{"$i":"mergeDuplicateTitle","$v":"Zdvojené záznamy"},{"$i":"suggestedDuplicateContacts","$v":["Možné zdvojené záznamy pre kontakt ",{"t":"idOrVar","v":"name"},":"]},{"$i":"mergeActionButtonLabel","$v":{"zero":"Nie sú zvolené žiadne kontakty","one":"Spojiť s týmto kontaktom","two":["Spojiť s ",{"t":"idOrVar","v":"n"}," kontaktami"],"few":["Spojiť s ",{"t":"idOrVar","v":"n"}," kontaktami"],"many":["Spojiť s ",{"t":"idOrVar","v":"n"}," kontaktami"],"other":["Spojiť s ",{"t":"idOrVar","v":"n"}," kontaktami"]},"$x":[{"t":"idOrVar","v":"plural"},"n"]},{"$i":"duplicatesFoundTitle","$v":"Zdvojené kontakty"},{"$i":"duplicatesFoundMessage","$v":["Informácie o ",{"t":"idOrVar","v":"name"}," boli nájdené v nasledovných kontaktoch"]},{"$i":"ok","$v":"OK"},{"$i":"gaia-menu-cancel","$v":"Zrušiť"},{"$i":"gaia-sim-picker-dial-via-with-number","$v":["Volať ",{"t":"idOrVar","v":"phoneNumber"}," cez"]},{"$i":"gaia-sim-picker-select-sim","$v":"Zvoľte kartu SIM"},{"$i":"gaia-sim-picker-button","$v":["SIM",{"t":"idOrVar","v":"n"}]},{"$i":"gaia-sim-picker-button-default","$v":"(predvolená)"},{"$i":"call","$v":"Volať"},{"$i":"edit","$v":"Upraviť"},{"$i":"cancel","$v":"Zrušiť"},{"$i":"done","$v":"Hotovo"},{"$i":"retry","$v":"Opakovať"},{"$i":"contacts","$v":"Kontakty"},{"$i":"addContact","$v":"Pridať kontakt"},{"$i":"deleteContact","$v":"Odstrániť kontakt"},{"$i":"selectContact","$v":"Vybrať kontakt"},{"$i":"editContact","$v":"Upraviť"},{"$i":"deleteConfirmMsg","$v":"Naozaj chcete odstrániť tento kontakt?"},{"$i":"remove","$v":"Odstrániť"},{"$i":"delete","$v":"Odstrániť"},{"$i":"comments","$v":"Komentáre"},{"$i":"no_contact_phones","$v":"Tento kontakt nemá priradené telefónne číslo"},{"$i":"no_contact_email","$v":"Tento kontakt nemá priradenú e-mailovú adresu"},{"$i":"no_contact_data","$v":"Tento kontakt nemá priradené telefónne číslo a e-mailovú adresu"},{"$i":"removePhotoConfirm","$v":"Odstrániť obrázok kontaktu?"},{"$i":"loadingContacts","$v":"Načítavajú sa kontakty…"},{"$i":"noContactsActivity2","$v":"Váš zoznam kontaktov je prázdny."},{"$i":"noName","$v":"Bez mena"},{"$i":"givenName","placeholder":"Meno"},{"$i":"familyName","placeholder":"Priezvisko"},{"$i":"tel","placeholder":"Telefón"},{"$i":"carrier","$v":"Operátor","placeholder":"Operátor"},{"$i":"separator","$v":","},{"$i":"email","$v":"E-mail","placeholder":"E-mail"},{"$i":"streetAddress","placeholder":"Ulica"},{"$i":"postalCode","placeholder":"PSČ"},{"$i":"locality","placeholder":"Mesto"},{"$i":"countryName","placeholder":"Krajina"},{"$i":"comment","placeholder":"Komentár"},{"$i":"org","placeholder":"Firma"},{"$i":"date","$v":"Dátum","placeholder":"Dátum"},{"$i":"date-span-placeholder","$v":"Dátum"},{"$i":"birthday","$v":"Narodeniny"},{"$i":"dateFormat","$v":"%e. %Eb"},{"$i":"dateOutput","$v":[{"t":"idOrVar","v":"dayMonthFormatted"}," ",{"t":"idOrVar","v":"year"}]},{"$i":"anniversary","$v":"Výročie"},{"$i":"addPhoto","$v":"Pridať fotografiu"},{"$i":"addPhone","$v":"Pridať telefónne číslo"},{"$i":"addEmail","$v":"Pridať e-mailovú adresu"},{"$i":"addAddress","$v":"Pridať poštovú adresu"},{"$i":"addDate","$v":"Pridať dátum"},{"$i":"addComment","$v":"Pridať komentár"},{"$i":"addFavorite","$v":"Nastaviť ako obľúbený"},{"$i":"removeFavorite","$v":"Odobrať z obľúbených"},{"$i":"addButton","ariaLabel":"Pridať"},{"$i":"editButton","ariaLabel":"Upraviť"},{"$i":"settingsButton","ariaLabel":"Nastavenia"},{"$i":"phoneDetail","ariaLabel":"Telefón"},{"$i":"emailDetail","ariaLabel":"E-mailová adresa"},{"$i":"addressDetail","ariaLabel":"Adresa"},{"$i":"dateDetail","ariaLabel":"Dátum"},{"$i":"composeEmail","ariaLabel":"Napísať e-mail"},{"$i":"makeCall","ariaLabel":"Zavolať"},{"$i":"phones","ariaLabel":"Telefóny"},{"$i":"emails","ariaLabel":"E-mailové adresy"},{"$i":"addresses","ariaLabel":"Adresy"},{"$i":"dates","ariaLabel":"Dátumy"},{"$i":"notes","ariaLabel":"Poznámky"},{"$i":"exit","$v":"Ukončiť"},{"$i":"expand","$v":"Rozbaliť"},{"$i":"labelName","$v":"Meno:"},{"$i":"labelLastName","$v":"Priezvisko:"},{"$i":"labelPhoneNumber","$v":"Telefónne číslo:"},{"$i":"labelCarrier","$v":"Operátor:"},{"$i":"labelEmail","$v":"E-mailová adresa:"},{"$i":"labelStreet","$v":"Ulica:"},{"$i":"labelZip","$v":"PSČ:"},{"$i":"labelCity","$v":"Mesto:"},{"$i":"labelCountry","$v":"Krajina:"},{"$i":"labelComment","$v":"Komentár:"},{"$i":"legendTitleMain","$v":"Hlavné informácie"},{"$i":"legendPhones","$v":"Telefónne čísla"},{"$i":"legendEmail","$v":"E-mailová adresa"},{"$i":"legendAddress","$v":"Adresa"},{"$i":"transferContactsTitle","$v":"Prenos kontaktov"},{"$i":"importContactsTitle","$v":"Import kontaktov"},{"$i":"importContactsButton","$v":"Importovať kontakty"},{"$i":"exportContactsTitle","$v":"Export kontaktov"},{"$i":"exportContactsButton","$v":"Exportovať kontakty"},{"$i":"exportContactsAction","$v":"Exportovať"},{"$i":"simExport-title","$v":"Exportovať na kartu SIM"},{"$i":"memoryCardExport-title","$v":"Exportovať na pamäťovú kartu"},{"$i":"btExport-title","$v":"Exportovať cez Bluetooth"},{"$i":"memoryCardUMSEnabled","$v":"Pamäťovú kartu nie je možné použiť, pretože je práve povolené úložisko USB"},{"$i":"exportErrorTitle","$v":"Chyba pri exporte"},{"$i":"contactsExported2","$v":{"zero":"Neboli exportované žiadne kontakty","one":["Exportovaný ",{"t":"idOrVar","v":"exported"}," kontakt z ",{"t":"idOrVar","v":"total"}," celkom"],"two":["Exportované ",{"t":"idOrVar","v":"exported"}," kontakty z ",{"t":"idOrVar","v":"total"}," celkom"],"few":["Exportované ",{"t":"idOrVar","v":"exported"}," kontakty z ",{"t":"idOrVar","v":"total"}," celkom"],"many":["Exportovaných ",{"t":"idOrVar","v":"exported"}," kontaktov z ",{"t":"idOrVar","v":"total"}," celkom"],"other":["Exportovaných ",{"t":"idOrVar","v":"exported"}," kontaktov z ",{"t":"idOrVar","v":"total"}," celkom"]},"$x":[{"t":"idOrVar","v":"plural"},"exported"]},{"$i":"exportError-general","$v":"Počas exportu sa vyskytla chyba"},{"$i":"exportError-SD-shared","$v":"Nie je možné pristúpiť k pamäťovej karte, pretože je práve zdieľaná"},{"$i":"exportError-SD-unavailable","$v":"Pamäťová karta nie je dostupná"},{"$i":"exportError-SD-noSpace","$v":"Na exportovanie kontaktov nie je na pamäťovej karte dostatok voľného miesta"},{"$i":"exportError-SIM-unavailable","$v":"Karta SIM nie je dostupná"},{"$i":"exportError-BT-shared","$v":"Nie je možné pristúpiť k pamäťovej karte, pretože je práve zdieľaná"},{"$i":"exportError-BT-unavailable","$v":"Pamäťová karta nie je dostupná"},{"$i":"exportError-BT-noSpace","$v":"Na exportovanie kontaktov nie je na pamäťovej karte dostatok voľného miesta"},{"$i":"social-network","$v":"Sociálne siete"},{"$i":"social-link","$v":"Prepojiť kontakt"},{"$i":"social-unlink","$v":"Odpojiť kontakt"},{"$i":"social-unlink-confirm-title","$v":"Chcete vášho priateľa odpojiť?"},{"$i":"social-unlink-confirm-accept","$v":"Odpojiť"},{"$i":"facebook-import","$v":"Importovať priateľov z Facebooku"},{"$i":"show-fb-profile","$v":"Zobraziť profil na Facebooku"},{"$i":"msg-send","$v":"Správa"},{"$i":"wall-post","$v":"Príspevok na nástenku"},{"$i":"share-contact","$v":"Zdieľať kontakt"},{"$i":"facebook-export-forbidden","$v":"Kontakt nie je možné zdieľať kvôli obmedzeniu z Facebooku."},{"$i":"otherAccount","$v":"Ďalšie účty"},{"$i":"facebookSwitchMsg","$v":"Synchronizovať"},{"$i":"select_mobile","$v":"Voľba telefónu"},{"$i":"select_email","$v":"Voľba e-mailu"},{"$i":"select_recipient","$v":"Zvoľte príjemcu"},{"$i":"contactsOrderBy","$v":"Zoradiť podľa priezviska"},{"$i":"importSim2","$v":"Karta SIM"},{"$i":"importGmail","$v":"Gmail"},{"$i":"bluetooth","$v":"Bluetooth"},{"$i":"importOutlook","$v":"Outlook"},{"$i":"fbUpdateFriends","$v":"Aktualizovať priateľov"},{"$i":"cleaningFbData","$v":"Odstránenie údajov z Facebooku"},{"$i":"loggingOutFb","$v":"Odhlásenie z Facebooku"},{"$i":"cleanFbConfirmMsg","$v":"Odstrániť všetky údaje z Facebooku?"},{"$i":"renewPwdMsg","$v":"Vaše heslo na Facebooku sa zmenilo. Aktualizujte ho prosím. "},{"$i":"notEnabledYet","$v":"Doteraz nepovolené"},{"$i":"genericNoConnection","$v":"Ak chcete naimportovať kontakty, pripojte sa k sieti Wi-Fi alebo dátovej sieti"},{"$i":"simCard","$v":"Karta SIM"},{"$i":"memoryCard","$v":"Pamäťová karta"},{"$i":"simNumberNoMSISDN","$v":["SIM",{"t":"idOrVar","v":"number"},":"]},{"$i":"simNumberWithMSISDN","$v":["SIM",{"t":"idOrVar","v":"number"},": ",{"t":"idOrVar","v":"msisdn"}]},{"$i":"ICEContactsGroup","$v":"Kontakty ICE"},{"$i":"setICEButton","$v":"Nastaviť kontakty ICE"},{"$i":"ICESettingTitle","$v":"Kontakty ICE"},{"$i":"ICEDescription","$v":"Pridá dva kontakty pre hovory “v prípade núdze (ICE)”."},{"$i":"ICEContact1","$v":"Kontakt ICE 1"},{"$i":"ICESelectContact","$v":"Zvoľte kontakt"},{"$i":"ICEContact2","$v":"Kontakt ICE 2"},{"$i":"ICERepeatedContact","$v":"Tento kontakt už je existujúcim kontaktom ICE"},{"$i":"ICEUnknownError","$v":"Pri nastavení kontaktu ako ICE sa vyskytla chyba"},{"$i":"ICEContactNoNumber","$v":"Tento kontakt nemá priradené telefónne číslo"},{"$i":"ICEFacebookContactNotAllowed","$v":"Kontakty z Facebooku nie je možné nastaviť ako kontakty ICE"},{"$i":"ICEContactDelTel","$v":"Odstránené telefónne čísla sú odstránené aj z kontaktov ICE"},{"$i":"ICEContactDelTelAll","$v":"Všetky čísla sú odstránené. Tento kontakt je odstránený z kontaktov ICE."},{"$i":"no-contacts","$v":"Žiadne kontakty"},{"$i":"start-adding","$v":"Začnite s ich pridávaním"},{"$i":"notImported","$v":"Neimportované"},{"$i":"imported","$v":"Importované"},{"$i":"today","$v":"Dnes"},{"$i":"yesterday","$v":"Včera"},{"$i":"organise-contacts","$v":"Organizovať kontakty"},{"$i":"find-merge-contacts","$v":"Vyhľadať zdvojené kontakty"},{"$i":"preparing-contacts","$v":"Pripravujú sa kontakty"},{"$i":"exportError-SIM-NoFreeRecordFound","$v":"Karta SIM je plná"},{"$i":"exportError-SIM-CannotAccessPhoneBook","$v":"Nie je možné načítať kontakty na karte SIM"},{"$i":"exportError-SIM-Unavailable","$v":"Žiadna karta SIM"},{"$i":"exportError-SIM-GenericError","$v":"Pri exportovaní kontaktu sa vyskytla chyba"},{"$i":"noSimMsgExport","$v":"Ak chcete exportovať kontakty, vložte alebo odblokujte svoju kartu SIM"},{"$i":"noMemoryCardMsgExport","$v":"Ak chcete exportovať kontakty, vložte pamäťovú kartu"},{"$i":"ContactManagementTitle","$v":"Správa kontaktov"},{"$i":"DeleteTitle","$v":"Odstránenie"},{"$i":"bulkDeleteButton","$v":"Odstrániť kontakty"},{"$i":"BulkDelCancel","$v":"Odstraňovanie kontaktov zrušené"},{"$i":"DeletedTxt","$v":{"zero":"Žiadne kontakty na odstránenie","one":"Odstránený 1 kontakt","two":["Odstránené ",{"t":"idOrVar","v":"n"}," kontakty"],"few":["Odstránené ",{"t":"idOrVar","v":"n"}," kontakty"],"many":["Odstránených ",{"t":"idOrVar","v":"n"}," kontaktov"],"other":["Odstránených ",{"t":"idOrVar","v":"n"}," kontaktov"]},"$x":[{"t":"idOrVar","v":"plural"},"n"]},{"$i":"DeletingContacts","$v":"Odstraňujú sa kontakty"},{"$i":"ContactConfirmDel","$v":{"zero":"Žiadne kontakty na odstránenie","one":"Odstrániť 1 kontakt? Akciu nie je možné vrátiť späť.","two":["Odstrániť ",{"t":"idOrVar","v":"n"}," kontakty? Akciu nie je možné vrátiť späť."],"few":["Odstrániť ",{"t":"idOrVar","v":"n"}," kontakty? Akciu nie je možné vrátiť späť."],"many":["Odstrániť ",{"t":"idOrVar","v":"n"}," kontaktov? Akciu nie je možné vrátiť späť."],"other":["Odstrániť ",{"t":"idOrVar","v":"n"}," kontaktov? Akciu nie je možné vrátiť späť."]},"$x":[{"t":"idOrVar","v":"plural"},"n"]},{"$i":"SelectedTxt","$v":{"zero":"Kontakty","one":[{"t":"idOrVar","v":"n"}," označený"],"two":[{"t":"idOrVar","v":"n"}," označené"],"few":[{"t":"idOrVar","v":"n"}," označené"],"many":[{"t":"idOrVar","v":"n"}," označených"],"other":[{"t":"idOrVar","v":"n"}," označených"]},"$x":[{"t":"idOrVar","v":"plural"},"n"]},{"$i":"video","$v":"Video"},{"$i":"audio","$v":"Zvuk"},{"$i":"pick_destination","$v":[{"t":"idOrVar","v":"destination"}," ",{"t":"idOrVar","v":"carrier"}]},{"$i":"removeField","ariaLabel":"Odstrániť"},{"$i":"undo","ariaLabel":"Späť"},{"$i":"send-sms-button","ariaLabel":"SMS"},{"$i":"ice_contacts","$v":"Kontakty ICE"},{"$i":"edit-picture","$v":"Upraviť obrázok"},{"$i":"remove-photo","$v":"Odstrániť fotografiu"},{"$i":"change-photo","$v":"Zmeniť fotografiu"},{"$i":"photo-options","$v":"Možnosti fotografie"},{"$i":"vCardContacts-imported","$v":{"zero":"No contacts imported","one":"Imported one contact","two":["Imported ",{"t":"idOrVar","v":"n"}," contacts"],"few":["Imported ",{"t":"idOrVar","v":"n"}," contacts"],"many":["Imported ",{"t":"idOrVar","v":"n"}," contacts"],"other":["Imported ",{"t":"idOrVar","v":"n"}," contacts"]},"$x":[{"t":"idOrVar","v":"plural"},"n"]},{"$i":"voiceMail","$v":"Hlasová správa"},{"$i":"back","$v":"Naspäť"},{"$i":"noSimMsg","$v":"Ak chcete importovať kontakty, vložte alebo odblokujte svoju kartu SIM"},{"$i":"noMemoryCardMsg","$v":"Ak chcete importovať kontakty, vložte pamäťovú kartu"},{"$i":"importMemoryCard","$v":"Pamäťová karta"},{"$i":"noConnection11","$v":"Ak chcete importovať kontakty alebo svojich priateľov na Facebooku, pripojte sa k sieti Wi-Fi alebo dátovej sieti."},{"$i":"emptyAccount","$v":"Na tomto účte neboli nájdení žiadni priatelia alebo kontakty."},{"$i":"simContacts-import","$v":"Import kontaktov z karty SIM"},{"$i":"simContacts-importing","$v":"Importujú sa kontakty z karty SIM…"},{"$i":"simContacts-reading","$v":"Prebieha čítanie z karty SIM…"},{"$i":"simContacts-error","$v":"Nebolo možné importovať kontakty z karty SIM"},{"$i":"simContacts-imported3","$v":{"zero":"Na karte SIM neboli nájdené žiadne kontakty","one":"Naimportoval sa jeden kontakt","two":["Naimportovali sa ",{"t":"idOrVar","v":"n"}," kontakty"],"few":["Naimportovali sa ",{"t":"idOrVar","v":"n"}," kontakty"],"many":["Naimportovalo sa ",{"t":"idOrVar","v":"n"}," kontaktov"],"other":["Naimportovalo sa ",{"t":"idOrVar","v":"n"}," kontaktov"]},"$x":[{"t":"idOrVar","v":"plural"},"n"]},{"$i":"memoryCardContacts-import","$v":"Import kontaktov z pamäťovej karty"},{"$i":"memoryCardContacts-importing","$v":"Importujú sa kontakty z pamäťovej karty…"},{"$i":"memoryCardContacts-reading","$v":"Prebieha čítanie z pamäťovej karty…"},{"$i":"memoryCardContacts-error","$v":"Nebolo možné importovať kontakty z pamäťovej karty"},{"$i":"memoryCardContacts-imported3","$v":{"zero":"Na pamäťovej karte neboli nájdené žiadne kontakty","one":"Naimportoval sa jeden kontakt","two":["Naimportovali sa ",{"t":"idOrVar","v":"n"}," kontakty"],"few":["Naimportovali sa ",{"t":"idOrVar","v":"n"}," kontakty"],"many":["Naimportovalo sa ",{"t":"idOrVar","v":"n"}," kontaktov"],"other":["Naimportovalo sa ",{"t":"idOrVar","v":"n"}," kontaktov"]},"$x":[{"t":"idOrVar","v":"plural"},"n"]},{"$i":"genericProgress","$v":[{"t":"idOrVar","v":"current"},"/",{"t":"idOrVar","v":"total"}]},{"$i":"facebook-import-msg2","$v":["Naimportovaní priatelia: ",{"t":"idOrVar","v":"imported"}," z ",{"t":"idOrVar","v":"total"}]},{"$i":"contactsMerged","$v":{"zero":"Neboli spojené žiadne duplikáty","one":"1 duplikát spojený","two":[{"t":"idOrVar","v":"numDups"}," duplikáty spojené"],"few":[{"t":"idOrVar","v":"numDups"}," duplikáty spojené"],"many":[{"t":"idOrVar","v":"numDups"}," duplikátov spojených"],"other":[{"t":"idOrVar","v":"numDups"}," duplikátov spojených"]},"$x":[{"t":"idOrVar","v":"plural"},"numDups"]},{"$i":"weekday-0-long","$v":"Nedeľa"},{"$i":"weekday-1-long","$v":"Pondelok"},{"$i":"weekday-2-long","$v":"Utorok"},{"$i":"weekday-3-long","$v":"Streda"},{"$i":"weekday-4-long","$v":"Štvrtok"},{"$i":"weekday-5-long","$v":"Piatok"},{"$i":"weekday-6-long","$v":"Sobota"},{"$i":"weekday-0-short","$v":"Ne"},{"$i":"weekday-1-short","$v":"Po"},{"$i":"weekday-2-short","$v":"Ut"},{"$i":"weekday-3-short","$v":"St"},{"$i":"weekday-4-short","$v":"Št"},{"$i":"weekday-5-short","$v":"Pi"},{"$i":"weekday-6-short","$v":"So"},{"$i":"month-0-long","$v":"Január"},{"$i":"month-1-long","$v":"Február"},{"$i":"month-2-long","$v":"Marec"},{"$i":"month-3-long","$v":"Apríl"},{"$i":"month-4-long","$v":"Máj"},{"$i":"month-5-long","$v":"Jún"},{"$i":"month-6-long","$v":"Júl"},{"$i":"month-7-long","$v":"August"},{"$i":"month-8-long","$v":"September"},{"$i":"month-9-long","$v":"Október"},{"$i":"month-10-long","$v":"November"},{"$i":"month-11-long","$v":"December"},{"$i":"month-0-genitive","$v":"januára"},{"$i":"month-1-genitive","$v":"februára"},{"$i":"month-2-genitive","$v":"marca"},{"$i":"month-3-genitive","$v":"apríla"},{"$i":"month-4-genitive","$v":"mája"},{"$i":"month-5-genitive","$v":"júna"},{"$i":"month-6-genitive","$v":"júla"},{"$i":"month-7-genitive","$v":"augusta"},{"$i":"month-8-genitive","$v":"septembra"},{"$i":"month-9-genitive","$v":"októbra"},{"$i":"month-10-genitive","$v":"novembra"},{"$i":"month-11-genitive","$v":"decembra"},{"$i":"month-0-short","$v":"jan"},{"$i":"month-1-short","$v":"feb"},{"$i":"month-2-short","$v":"mar"},{"$i":"month-3-short","$v":"apr"},{"$i":"month-4-short","$v":"máj"},{"$i":"month-5-short","$v":"jún"},{"$i":"month-6-short","$v":"júl"},{"$i":"month-7-short","$v":"aug"},{"$i":"month-8-short","$v":"sep"},{"$i":"month-9-short","$v":"okt"},{"$i":"month-10-short","$v":"nov"},{"$i":"month-11-short","$v":"dec"},{"$i":"minutes-ago-long","$v":{"zero":"teraz","one":"pred minútou","two":["pred ",{"t":"idOrVar","v":"value"}," minútami"],"few":["pred ",{"t":"idOrVar","v":"value"}," minútami"],"many":["pred ",{"t":"idOrVar","v":"value"}," minútami"],"other":["pred ",{"t":"idOrVar","v":"value"}," minútami"]},"$x":[{"t":"idOrVar","v":"plural"},"value"]},{"$i":"hours-ago-long","$v":{"zero":"teraz","one":"pred hodinou","two":["pred ",{"t":"idOrVar","v":"value"}," hodinami"],"few":["pred ",{"t":"idOrVar","v":"value"}," hodinami"],"many":["pred ",{"t":"idOrVar","v":"value"}," hodinami"],"other":["pred ",{"t":"idOrVar","v":"value"}," hodinami"]},"$x":[{"t":"idOrVar","v":"plural"},"value"]},{"$i":"days-ago-long","$v":{"zero":"dnes","one":"včera","two":["pred ",{"t":"idOrVar","v":"value"}," dňami"],"few":["pred ",{"t":"idOrVar","v":"value"}," dňami"],"many":["pred ",{"t":"idOrVar","v":"value"}," dňami"],"other":["pred ",{"t":"idOrVar","v":"value"}," dňami"]},"$x":[{"t":"idOrVar","v":"plural"},"value"]},{"$i":"weeks-ago-long","$v":{"zero":"tento týždeň","one":"minulý týždeň","two":["pred ",{"t":"idOrVar","v":"value"}," týždňami"],"few":["pred ",{"t":"idOrVar","v":"value"}," týždňami"],"many":["pred ",{"t":"idOrVar","v":"value"}," týždňami"],"other":["pred ",{"t":"idOrVar","v":"value"}," týždňami"]},"$x":[{"t":"idOrVar","v":"plural"},"value"]},{"$i":"months-ago-long","$v":{"zero":"tento mesiac","one":"minulý mesiac","two":["pred ",{"t":"idOrVar","v":"value"}," mesiacmi"],"few":["pred ",{"t":"idOrVar","v":"value"}," mesiacmi"],"many":["pred ",{"t":"idOrVar","v":"value"}," mesiacmi"],"other":["pred ",{"t":"idOrVar","v":"value"}," mesiacmi"]},"$x":[{"t":"idOrVar","v":"plural"},"value"]},{"$i":"years-ago-long","$v":{"zero":"tento rok","one":"minulý rok","two":["pred ",{"t":"idOrVar","v":"value"}," rokmi"],"few":["pred ",{"t":"idOrVar","v":"value"}," rokmi"],"many":["pred ",{"t":"idOrVar","v":"value"}," rokmi"],"other":["pred ",{"t":"idOrVar","v":"value"}," rokmi"]},"$x":[{"t":"idOrVar","v":"plural"},"value"]},{"$i":"minutes-until-long","$v":{"zero":"teraz","one":"o minútu","two":["o ",{"t":"idOrVar","v":"value"}," minúty"],"few":["o ",{"t":"idOrVar","v":"value"}," minúty"],"many":["o ",{"t":"idOrVar","v":"value"}," minút"],"other":["o ",{"t":"idOrVar","v":"value"}," minút"]},"$x":[{"t":"idOrVar","v":"plural"},"value"]},{"$i":"hours-until-long","$v":{"zero":"teraz","one":"o hodinu","two":["o ",{"t":"idOrVar","v":"value"}," hodiny"],"few":["o ",{"t":"idOrVar","v":"value"}," hodiny"],"many":["o ",{"t":"idOrVar","v":"value"}," hodín"],"other":["o ",{"t":"idOrVar","v":"value"}," hodín"]},"$x":[{"t":"idOrVar","v":"plural"},"value"]},{"$i":"days-until-long","$v":{"zero":"dnes","one":"zajtra","two":["o ",{"t":"idOrVar","v":"value"}," dni"],"few":["o ",{"t":"idOrVar","v":"value"}," dni"],"many":["o ",{"t":"idOrVar","v":"value"}," dní"],"other":["o ",{"t":"idOrVar","v":"value"}," dní"]},"$x":[{"t":"idOrVar","v":"plural"},"value"]},{"$i":"weeks-until-long","$v":{"zero":"tento týždeň","one":"budúci týždeň","two":["o ",{"t":"idOrVar","v":"value"}," týždne"],"few":["o ",{"t":"idOrVar","v":"value"}," týždne"],"many":["o ",{"t":"idOrVar","v":"value"}," týždňov"],"other":["o ",{"t":"idOrVar","v":"value"}," týždňov"]},"$x":[{"t":"idOrVar","v":"plural"},"value"]},{"$i":"months-until-long","$v":{"zero":"tento mesiac","one":"budúci mesiac","two":["o ",{"t":"idOrVar","v":"value"}," mesiace"],"few":["o ",{"t":"idOrVar","v":"value"}," mesiace"],"many":["o ",{"t":"idOrVar","v":"value"}," mesiacov"],"other":["o ",{"t":"idOrVar","v":"value"}," mesiacov"]},"$x":[{"t":"idOrVar","v":"plural"},"value"]},{"$i":"years-until-long","$v":{"zero":"tento rok","one":"budúci rok","two":["o ",{"t":"idOrVar","v":"value"}," roky"],"few":["o ",{"t":"idOrVar","v":"value"}," roky"],"many":["o ",{"t":"idOrVar","v":"value"}," rokov"],"other":["o ",{"t":"idOrVar","v":"value"}," rokov"]},"$x":[{"t":"idOrVar","v":"plural"},"value"]},{"$i":"minutes-ago-short","$v":{"zero":"teraz","other":["pred ",{"t":"idOrVar","v":"value"},"m"]},"$x":[{"t":"idOrVar","v":"plural"},"value"]},{"$i":"hours-ago-short","$v":{"zero":"teraz","other":["pred ",{"t":"idOrVar","v":"value"},"h"]},"$x":[{"t":"idOrVar","v":"plural"},"value"]},{"$i":"days-ago-short","$v":{"zero":"dnes","other":["pred ",{"t":"idOrVar","v":"value"},"d"]},"$x":[{"t":"idOrVar","v":"plural"},"value"]},{"$i":"minutes-until-short","$v":{"zero":"teraz","other":["o ",{"t":"idOrVar","v":"value"},"m"]},"$x":[{"t":"idOrVar","v":"plural"},"value"]},{"$i":"hours-until-short","$v":{"zero":"teraz","other":["o ",{"t":"idOrVar","v":"value"},"h"]},"$x":[{"t":"idOrVar","v":"plural"},"value"]},{"$i":"days-until-short","$v":{"zero":"dnes","other":["o ",{"t":"idOrVar","v":"value"},"d"]},"$x":[{"t":"idOrVar","v":"plural"},"value"]},{"$i":"incorrectDate","$v":"(neplatný dátum)"},{"$i":"dateTimeFormat_%c","$v":"%a, %e. %b %Y %H:%M:%S"},{"$i":"dateTimeFormat_%x","$v":"%d.%m.%Y"},{"$i":"dateTimeFormat_%X","$v":"%H:%M:%S"},{"$i":"shortTimeFormat","$v":"%H:%M"},{"$i":"shortTimeFormat12","$v":"%I:%M %p"},{"$i":"shortTimeFormat24","$v":"%H:%M"},{"$i":"shortDateTimeFormat","$v":"%x %H:%M"},{"$i":"weekStartsOnMonday","$v":"1"},{"$i":"firstDayOfTheWeek","$v":"1"},{"$i":"time_am","$v":"AM"},{"$i":"time_pm","$v":"PM"},{"$i":"label","$v":"Označenie"},{"$i":"mobile","$v":"Mobil"},{"$i":"home","$v":"Domov"},{"$i":"work","$v":"Práca"},{"$i":"personal","$v":"Osobné"},{"$i":"faxHome","$v":"Fax domov"},{"$i":"faxOffice","$v":"Fax kancelária"},{"$i":"faxOther","$v":"Fax ostatné"},{"$i":"another","$v":"Ďalšie"},{"$i":"other","$v":"Iné"},{"$i":"customTag","placeholder":"Vlastná značka"},{"$i":"current","$v":"Aktuálna"},{"$i":"itemWithLabel","$v":[{"t":"idOrVar","v":"label"},", ",{"t":"idOrVar","v":"item"}]},{"$i":"addNewNumber","$v":"Pridať nové číslo"},{"$i":"contactDetails","$v":"Podrobnosti kontaktu"},{"$i":"addToExistingContact","$v":"Pridať k existujúcemu kontaktu"},{"$i":"all","$v":"Všetky","ariaLabel":"Všetky"},{"$i":"bluetoothOption","ariaLabel":"Bluetooth"},{"$i":"callLog","$v":"Denník volaní"},{"$i":"callLogEdit","title":"Úprava denníka volaní"},{"$i":"callLogEditDialog","ariaLabel":"Dialógové okno Úprava denníka volaní"},{"$i":"connecting","$v":"Pripája sa"},{"$i":"connectingEllipsis","$v":"Pripája sa…"},{"$i":"call-forwarding-async","$v":["Asynchrónne: ",{"t":"idOrVar","v":"async"}]},{"$i":"call-forwarding-data","$v":["Dáta: ",{"t":"idOrVar","v":"data"}]},{"$i":"call-forwarding-error","$v":"Počas zisťovania stavu presmerovania hovorov sa vyskytla chyba"},{"$i":"call-forwarding-fax","$v":["Fax: ",{"t":"idOrVar","v":"fax"}]},{"$i":"call-forwarding-inactive","$v":"Neaktívne"},{"$i":"call-forwarding-packet","$v":["Paket: ",{"t":"idOrVar","v":"packet"}]},{"$i":"call-forwarding-pad","$v":["PAD: ",{"t":"idOrVar","v":"pad"}]},{"$i":"call-forwarding-sms","$v":["SMS: ",{"t":"idOrVar","v":"sms"}]},{"$i":"call-forwarding-status","$v":"Stav presmerovania hovorov"},{"$i":"call-forwarding-sync","$v":["Synchrónny: ",{"t":"idOrVar","v":"sync"}]},{"$i":"call-forwarding-voice","$v":["Hlas: ",{"t":"idOrVar","v":"voice"}]},{"$i":"confirm-deletion","$v":"Vymazať zvolené volania?"},{"$i":"createNewContact","$v":"Vytvoriť nový kontakt"},{"$i":"dialerAddContact","ariaLabel":"Pridať kontakt"},{"$i":"dialerAddContactDialog","ariaLabel":"Dialógové okno Pridať kontakt"},{"$i":"callInformation","$v":"Informácie o hovore"},{"$i":"edit-selected","$v":{"one":[{"t":"idOrVar","v":"n"}," zvolený"],"two":[{"t":"idOrVar","v":"n"}," zvolené"],"few":[{"t":"idOrVar","v":"n"}," zvolené"],"many":[{"t":"idOrVar","v":"n"}," zvolených"],"other":[{"t":"idOrVar","v":"n"}," zvolených"]},"$x":[{"t":"idOrVar","v":"plural"},"n"]},{"$i":"hideKeypad","ariaLabel":"Skryť klávesnicu"},{"$i":"ignore","$v":"Ignorovať hovor"},{"$i":"incoming","$v":"Prichádzajúci"},{"$i":"keypad","ariaLabel":"Klávesnica"},{"$i":"info-missed","$v":"Zmeškané"},{"$i":"missed","$v":"Zmeškané","ariaLabel":"Zmeškané"},{"$i":"canceled","$v":"Zrušené"},{"$i":"missedCall","$v":"Zmeškaný hovor"},{"$i":"missedCallMultiSims","$v":["Zmeškaný hovor na karte SIM",{"t":"idOrVar","v":"n"}]},{"$i":"mmi-error","$v":"Počas odosielania správy sa vyskytla chyba"},{"$i":"mmi-session-expired","$v":"Relácia vypršala"},{"$i":"mmi-successfully-sent","$v":"Správa bola úspešne odoslaná"},{"$i":"mmi-notification-title-with-sim","$v":["(",{"t":"idOrVar","v":"sim"},") ",{"t":"idOrVar","v":"title"}]},{"$i":"mute","ariaLabel":"Stlmiť"},{"$i":"newCall","ariaLabel":"Nový hovor"},{"$i":"no-logs-msg-1","$v":"Nie sú zaznamenané žiadne hovory"},{"$i":"no-logs-msg-2","$v":"Začnite komunikovať"},{"$i":"no-logs-msg-3","$v":"Žiadne zmeškané hovory"},{"$i":"onHoldOption","ariaLabel":"Podržané"},{"$i":"outgoing","$v":"Odchádzajúce"},{"$i":"recents","ariaLabel":"Posledné hovory"},{"$i":"reply","$v":"Odpovedať"},{"$i":"send","$v":"Odoslať"},{"$i":"switch-calls","$v":"Prepnúť hovory"},{"$i":"withheld-number","$v":"Utajené číslo"},{"$i":"from-contact","$v":["Od: ",{"t":"idOrVar","v":"contact"}]},{"$i":"from-number","$v":["Od: ",{"t":"idOrVar","v":"number"}]},{"$i":"from-withheld-number","$v":"Z utajeného čísla"},{"$i":"sending","$v":"Odosiela sa…"},{"$i":"speakerOption","ariaLabel":"Reproduktor"},{"$i":"ussd-services","$v":["Služby ",{"t":"idOrVar","v":"operator"}]},{"$i":"toggleKeypad","ariaLabel":"Prepnúť klávesnicu"},{"$i":"type-your-response","placeholder":"Zadajte svoju odpoveď…"},{"$i":"clear-all-text","$v":"Vymazať text"},{"$i":"hide","$v":"Skryť"},{"$i":"hold","ariaLabel":"Podržať"},{"$i":"resume","$v":"Obnoviť","ariaLabel":"Obnoviť"},{"$i":"sendSms","$v":"Odoslať správu"},{"$i":"callEnded","$v":"Hovor ukončený"},{"$i":"via-sim","$v":["cez SIM",{"t":"idOrVar","v":"n"}]},{"$i":"sim-number","$v":["SIM",{"t":"idOrVar","v":"n"}]},{"$i":"unknown","$v":"Neznáme"},{"$i":"hangup-a11y-button","ariaLabel":"Položiť"},{"$i":"pickup-a11y-button","ariaLabel":"Zdvihnúť"},{"$i":"unlock-a11y-button","ariaLabel":"Vysúvač"},{"$i":"settings","$v":"Nastavenia"},{"$i":"delete-n-log?","$v":{"zero":"Nie je zvolený záznam","one":"Odstrániť zvolený záznam?","two":["Odstrániť ",{"t":"idOrVar","v":"n"}," záznamy?"],"few":["Odstrániť ",{"t":"idOrVar","v":"n"}," záznamy?"],"many":["Odstrániť ",{"t":"idOrVar","v":"n"}," záznamov?"],"other":["Odstrániť ",{"t":"idOrVar","v":"n"}," záznamov?"]},"$x":[{"t":"idOrVar","v":"plural"},"n"]},{"$i":"callDurationMinutes","$v":[{"t":"idOrVar","v":"m"},":",{"t":"idOrVar","v":"s"}]},{"$i":"callDurationHours","$v":[{"t":"idOrVar","v":"h"},":",{"t":"idOrVar","v":"m"},":",{"t":"idOrVar","v":"s"}]},{"$i":"callDurationTextFormatSeconds","$v":[{"t":"idOrVar","v":"s"},"s"]},{"$i":"callDurationTextFormatMinutes","$v":[{"t":"idOrVar","v":"m"},"m ",{"t":"idOrVar","v":"s"},"s"]},{"$i":"callDurationTextFormatHours","$v":[{"t":"idOrVar","v":"h"},"h ",{"t":"idOrVar","v":"m"},"m ",{"t":"idOrVar","v":"s"},"s"]},{"$i":"suggestionMatches","$v":{"one":[{"t":"idOrVar","v":"n"}," zhoda pre \"",{"t":"idOrVar","v":"matchNumber"},"\""],"two":[{"t":"idOrVar","v":"n"}," zhody pre \"",{"t":"idOrVar","v":"matchNumber"},"\""],"few":[{"t":"idOrVar","v":"n"}," zhody pre \"",{"t":"idOrVar","v":"matchNumber"},"\""],"many":[{"t":"idOrVar","v":"n"}," zhôd pre \"",{"t":"idOrVar","v":"matchNumber"},"\""],"other":[{"t":"idOrVar","v":"n"}," zhôd pre \"",{"t":"idOrVar","v":"matchNumber"},"\""]},"$x":[{"t":"idOrVar","v":"plural"},"n"]},{"$i":"scCallBarring","$v":"Blok. hovorov"},{"$i":"scCallForwarding","$v":"Presmer. hovoru"},{"$i":"scClip","$v":"ID prich. hovoru"},{"$i":"scClir","$v":"ID odch. hovoru"},{"$i":"scPwd","$v":"Zmena hesla"},{"$i":"scCallWaiting","$v":"Čakajúci hovor"},{"$i":"scPin","$v":"Zmena PIN"},{"$i":"scPin2","$v":"Zmena PIN2"},{"$i":"scPuk","$v":"Odblokovanie PIN"},{"$i":"scPuk2","$v":"Odblokovať PIN2"},{"$i":"scImei","$v":"IMEI"},{"$i":"scUssd","$v":"USSD"},{"$i":"serviceClassVoice","$v":"Hlas"},{"$i":"serviceClassData","$v":"Dáta"},{"$i":"serviceClassFax","$v":"FAX"},{"$i":"serviceClassSms","$v":"SMS"},{"$i":"serviceClassDataSync","$v":"Sync"},{"$i":"serviceClassDataAsync","$v":"Async"},{"$i":"serviceClassPacket","$v":"Packet"},{"$i":"serviceClassPad","$v":"PAD"},{"$i":"smServiceEnabled","$v":"Služba bola povolená"},{"$i":"smServiceDisabled","$v":"Služba bolo zakázaná"},{"$i":"smServiceRegistered","$v":"Registrácia bola úspešná"},{"$i":"smServiceErased","$v":"Vymazanie bolo úspešné"},{"$i":"smServiceInterrogated","$v":"Požiadavka bola úspešná"},{"$i":"smServiceNotProvisioned","$v":"Služba nie je povolená"},{"$i":"smClirPermanent","$v":"Nemôžete zmeniť nastavenie identifikátora volajúceho"},{"$i":"smClirDefaultOnNextCallOn","$v":"Identifikátor volajúceho je predvolene utajený. Ďalší hovor: utajený"},{"$i":"smClirDefaultOnNextCallOff","$v":"Identifikátor volajúceho je predvolene utajený. Ďalší hovor: neutajený"},{"$i":"smClirDefaultOffNextCallOn","$v":"Identifikátor volajúceho je predvolene neutajený. Ďalší hovor: utajený"},{"$i":"smClirDefaultOffNextCallOff","$v":"Identifikátor volajúceho je predvolene neutajený. Ďalší hovor: neutajený"},{"$i":"smServiceEnabledFor","$v":"Služba bola povolená pre:"},{"$i":"smPinChanged","$v":"Kód PIN bol úspešne zmenený"},{"$i":"smPinUnblocked","$v":"Kód PIN bol úspešne odblokovaný"},{"$i":"smPin2Changed","$v":"Kód PIN2 bol úspešne zmenený"},{"$i":"smPin2Unblocked","$v":"Kód PIN2 bol úspešne odblokovaný"},{"$i":"ServiceIsEnabled","$v":"Služba je povolená"},{"$i":"ServiceIsDisabled","$v":"Služba je zakázaná"},{"$i":"ServiceIsEnabledFor","$v":"Služba je povolená pre:"},{"$i":"emMmiError","$v":"Problém s pripojením alebo neplatný kód MMI"},{"$i":"emMmiErrorPasswordIncorrect","$v":"Nesprávne heslo"},{"$i":"emMmiErrorNotSupported","$v":"Neplatný alebo nepodporovaný kód MMI"},{"$i":"emMmiErrorInvalidAction","$v":"Neplatná akcia"},{"$i":"emMmiErrorInvalidScCode","$v":"Neplatný kód služby"},{"$i":"emMmiErrorBadPuk","$v":"Zadaný kód PUK nie je správny."},{"$i":"emMmiErrorBadPin","$v":"Starý kód PIN nie je správny."},{"$i":"emMmiErrorNeedPuk2","$v":"Na odblokovanie karty SIM zadajte kód PUK2"},{"$i":"emMmiErrorMismatchPin","$v":"Zadané kódy PIN sa nezhodujú"},{"$i":"emMmiErrorInvalidPin","$v":"Zadajte kód PIN, ktorý má 4 až 8 číslic"},{"$i":"emMmiErrorNeedsPuk","$v":"Vaša karta SIM je uzamknutá kódom PUK"},{"$i":"emMmiErrorEnablePin","$v":"Neúspešné. Povoľte SIM/RUIM LOCK"},{"$i":"emMmiErrorMmiFdn","$v":"Operácia je obmedzená len na pevný zoznam povolených čísiel"},{"$i":"emMmiErrorStkCcUssdDial","$v":"Požiadavka USSD je zmenená na požiadavku DIAL"},{"$i":"emMmiErrorStkCcUssdSs","$v":"Požiadavka USSD je zmenená na požiadavku SS"},{"$i":"emMmiErrorStkCcUssdUssd","$v":"Požiadavka USSD je zmenená na novú požiadavku USSD"},{"$i":"emMmiErrorStkCcSsDial","$v":"Požiadavka SS je zmenená na požiadavku DIAL"},{"$i":"emMmiErrorStkCcSsUssd","$v":"Požiadavka SS je zmenená na požiadavku USSD"},{"$i":"emMmiErrorStkCcSsSs","$v":"Požiadavka SS je zmenená na novú požiadavku SS"},{"$i":"emMmiErrorPinPukAttempts","$v":{"one":["Zostáva už len ",{"t":"idOrVar","v":"n"}," pokus"],"two":["Zostávajú ",{"t":"idOrVar","v":"n"}," pokusy"],"few":["Zostávajú ",{"t":"idOrVar","v":"n"}," pokusy"],"many":["Zostáva ",{"t":"idOrVar","v":"n"}," pokusov"],"other":["Zostáva ",{"t":"idOrVar","v":"n"}," pokusov"]},"$x":[{"t":"idOrVar","v":"plural"},"n"]},{"$i":"emMmiErrorSimBlocked","$v":"Dosiahli ste maximálny povolený počet pokusov. Karta SIM je zablokovaná."},{"$i":"RadioNotAvailable","$v":"Sieť nie je dostupná"},{"$i":"GenericFailure","$v":"Všeobecné zlyhanie"},{"$i":"PasswordIncorrect","$v":"Neplatné heslo"},{"$i":"SimPin2","$v":"SIM PIN2"},{"$i":"SimPuk2","$v":"SIM PUK2"},{"$i":"RequestNotSupported","$v":"Požiadavka nie je podporovaná"},{"$i":"OpNotAllowedDuringVoiceCall","$v":"Operácia nie je povolená počas hlasového hovoru"},{"$i":"SmsSendFailRetry","$v":"Opakované zlyhanie odoslania správy SMS"},{"$i":"SimAbsent","$v":"Chýbajúca karta SIM"},{"$i":"SubscriptionNotAvailable","$v":"Odber nie je dostupný"},{"$i":"ModeNotSupported","$v":"Režim nie je podporovaný"},{"$i":"FdnCheckFailure","$v":"Kontrola Fdn zlyhala"},{"$i":"IllegalSimOrMe","$v":"Neplatná SIM alebo ME"},{"$i":"DialModifiedToUssd","$v":"Dial upravené na USSD"},{"$i":"DialModifiedToSs","$v":"Dial upravené na SS"},{"$i":"DialModifiedToDial","$v":"Dial upravené na dial"},{"$i":"UssdModifiedToDial","$v":"USSD upravené na dial"},{"$i":"UssdModifiedToSs","$v":"USSD upravené na SS"},{"$i":"UssdModifiedToUssd","$v":"USSD upravené na USSD"},{"$i":"SsModifiedToDial","$v":"SS upravené na dial"},{"$i":"SsModifiedToUssd","$v":"SS upravené na USSD"},{"$i":"SsModifiedToSs","$v":"SS upravené na SS"},{"$i":"SubscriptionNotSupported","$v":"Odber nie je podporovaný"},{"$i":"InvalidParameter","$v":"Neplatný parameter"},{"$i":"RejectedByRemote","$v":"Zamietnuté vzdialenou stranou"},{"$i":"conferenceCall","$v":["Konferencia (",{"t":"idOrVar","v":"n"},")"]},{"$i":"caller-left-call","$v":[{"t":"idOrVar","v":"caller"}," opustil hovor."]},{"$i":"conferenceAddError","$v":"Nie je možné spojiť hovory"},{"$i":"conferenceRemoveError","$v":"Nie je možné rozdeliť hovory"},{"$i":"longDateFormat","$v":"%A, %e. %Eb"},{"$i":"select-audio-sources","$v":"Zvoľte zdroje zvuku"},{"$i":"bluetooth-handsfree-device","$v":"Bluetooth zariadenie handsfree"},{"$i":"receiver","$v":"Prijímač"},{"$i":"speaker","$v":"Reproduktor"},{"$i":"voicemailNoNumberTitle","$v":"Číslo odkazovej schránky nie je dostupné"},{"$i":"voicemailNoNumberText","$v":"Nie je možné volať do odkazovej schránky. Najskôr je potrebné nastaviť číslo odkazovej schránky."},{"$i":"voicemailNoNumberSettings","$v":"Nastavenia"},{"$i":"voicemailNoNumberCancel","$v":"Zrušiť"},{"$i":"phoneNumberInput","ariaLabel":"Telefónne číslo"},{"$i":"keypadDelete","ariaLabel":"Odstrániť"},{"$i":"voiceMailKey","ariaLabel":"Hlasová schránka"},{"$i":"asterisk","ariaLabel":"Hviezdička"},{"$i":"hashSign","ariaLabel":"Znak mriežka"},{"$i":"loadingSimContacts","$v":"Loading SIM card contacts…"},{"$i":"noContactsWereFound","$v":"No contacts were found"},{"$i":"noContactsFoundDialogOk","$v":"OK"},{"$i":"emergencyNumber","$v":"Tiesňové číslo"},{"$i":"callAirplaneModeMessage","$v":"Ak chcete uskutočniť hovor, musíte vypnúť režim V lietadle."},{"$i":"callAirplaneModeBtnOk","$v":"OK"},{"$i":"callAirplaneModeTitle","$v":"Aktivovaný režim V lietadle"},{"$i":"numberIsBusyTitle","$v":"Číslo je zaneprázdnené"},{"$i":"numberIsBusyMessage","$v":"Číslo je momentálne zaneprázdnené. Skúste to neskôr."},{"$i":"fdnIsActiveTitle","$v":"FDN je aktívne"},{"$i":"fdnIsActiveMessage","$v":["Pevný zoznam príjemcov (FDN) je aktivovaný a nasledovné číslo sa nenachádza vo vašom zozname povolených čísiel: ",{"t":"idOrVar","v":"number"}]},{"$i":"emergencyDialogBodyBadNumber","$v":"Ak chcete uskutočniť hovor, telefón musí byť pripojený do siete."},{"$i":"emergencyDialogBodyDeviceNotAccepted","$v":"Tiesňové volania nie sú v tejto sieti podporované."},{"$i":"emergencyDialogBtnOk","$v":"OK"},{"$i":"emergencyDialogTitle","$v":"Bez pripojenia k sieti"},{"$i":"invalidNumberToDialTitle","$v":"Neplatné telefónne číslo"},{"$i":"invalidNumberToDialMessage","$v":"Volané číslo nie je platné."},{"$i":"unableToCallTitle","$v":"Momentálne nie je možné uskutočniť hovor"},{"$i":"unableToCallMessage","$v":"Nie je možné uskutočniť hovor. Ak už vytáčate číslo, prosím, najskôr zaveste."},{"$i":"otherConnectionInUseTitle","$v":"Práve sa používa iné spojenie"},{"$i":"otherConnectionInUseMessage","$v":"Práve prebieha hovor v ďalšom vašom spojení. Naraz je možné využívať len jedno spojenie."}]