[{"$i":"close","$v":"Mbylle"},{"$i":"import","$v":"Importoji"},{"$i":"update","$v":"Përditësoji"},{"$i":"fbFriends","$v":"Miq Facebook-u"},{"$i":"live-serviceName","$v":"Outlook"},{"$i":"gmail-serviceName","$v":"Gmail"},{"$i":"facebook-serviceName","$v":"Miq Facebook-u"},{"$i":"selectAll","$v":"Përzgjidhi krejt"},{"$i":"deselectAll","$v":"Shpërzgjidhi krejt"},{"$i":"viewAll","$v":"Shihni Krejt Miqtë Nga Facebook-u"},{"$i":"viewRecommend","$v":"Shihni Vetëm të Rekomanduarit"},{"$i":"linkProposal","$v":{"zero":"Pa përputhje për miq. Po shfaqen të tërë","one":"Përzgjidhni të rekomanduarin","two":"Përzgjidhni një të rekomanduar","few":"Përzgjidhni një të rekomanduar","many":"Përzgjidhni një të rekomanduar","other":"Përzgjidhni një të rekomanduar"},"$x":[{"t":"idOrVar","v":"plural"},"numFriends"]},{"$i":"fbFriendsFound","$v":{"zero":"U importuan krejt miqtë tuaj","one":"U gjet një mik për importim","two":["U gjetën ",{"t":"idOrVar","v":"numFriends"}," miq për importim"],"few":["U gjetën ",{"t":"idOrVar","v":"numFriends"}," miq për importim"],"many":["U gjetën ",{"t":"idOrVar","v":"numFriends"}," miq për importim"],"other":["U gjetën ",{"t":"idOrVar","v":"numFriends"}," miq për importim"]},"$x":[{"t":"idOrVar","v":"plural"},"numFriends"]},{"$i":"fbNoFriends","$v":"Pa kontakte për importim"},{"$i":"facebook","$v":"Facebook"},{"$i":"search-contact","placeholder":"Kërkoni"},{"$i":"noResults","$v":"Nuk u gjetën kontakte"},{"$i":"done-search","$v":"U bë"},{"$i":"progressFB3ImportTitle","$v":"Importim miqsh te Kontaktet"},{"$i":"progressFB","$v":[{"t":"idOrVar","v":"current"},"/",{"t":"idOrVar","v":"total"}]},{"$i":"progressFB3UpdateTitle","$v":"Përditësim miqsh te Kontaktet"},{"$i":"message2","$v":"Kjo mund të hajë ca minuta"},{"$i":"messageLinking","$v":"Ju lutemi, prisni. Po lidhim shokun tuaj dhe kontaktin tuaj."},{"$i":"messageCanceling","$v":"Ju lutemi, prisni. Po anulojmë veprimin që po kryhej."},{"$i":"error1","$v":["Gabim ",{"t":"idOrVar","v":"from"}]},{"$i":"error2","$v":"Doni të riprovohet?"},{"$i":"errorProposal","$v":"në përllogaritjen e propozimeve"},{"$i":"errorFriends","$v":"në marrjen e miqve"},{"$i":"errorLinking","$v":"në lidhjen e kontaktit"},{"$i":"timeout1","$v":["Skadoi koha ",{"t":"idOrVar","v":"from"}]},{"$i":"timeout2","$v":"Doni të riprovohet?"},{"$i":"timeoutProposal","$v":"në përllogaritjen e propozimeve"},{"$i":"timeoutFriends","$v":"në marrjen e miqve"},{"$i":"timeoutLinking","$v":"në lidhjen e kontaktit"},{"$i":"wait1","$v":"Ju lutemi, prisni."},{"$i":"wait2","$v":"Kjo mund të hajë ca minuta"},{"$i":"waitProposal","$v":"Ju lutemi, prisni. Po përllogarisim një propozim."},{"$i":"waitFriends","$v":"Ju lutemi, prisni. Po lidhemi që të marrin listën tuaj të miqve."},{"$i":"curtainCancel","$v":"Anuloje"},{"$i":"curtainRetry","$v":"Riprovo"},{"$i":"curtainOK","$v":"OK"},{"$i":"connectionLost","$v":"Pa lidhje Internet"},{"$i":"connectionLostMsg","$v":"Fotot e miqve nuk do të shtohen te kontaktet tuaja. Të vazhdohet, sido qoftë?"},{"$i":"yesOption","$v":"OK"},{"$i":"noOption","$v":"Anuloje"},{"$i":"friendsUpdated","$v":{"zero":"Nuk u përditësuan miq","one":"U përditësua një mik","two":["U përditësuan ",{"t":"idOrVar","v":"numFriends"}," miq"],"few":["U përditësuan ",{"t":"idOrVar","v":"numFriends"}," miq"],"many":["U përditësuan ",{"t":"idOrVar","v":"numFriends"}," miq"],"other":["U përditësuan ",{"t":"idOrVar","v":"numFriends"}," miq"]},"$x":[{"t":"idOrVar","v":"plural"},"numFriends"]},{"$i":"friendsMerged","$v":{"zero":"Nuk u shkri në një ndonjë profil i përsëdytur","one":"U shkri në një një profil i përsëdytur","two":["U shkrinë në një ",{"t":"idOrVar","v":"numDups"}," profile"],"few":["U shkrinë në një ",{"t":"idOrVar","v":"numDups"}," profile"],"many":["U shkrinë në një ",{"t":"idOrVar","v":"numDups"}," profile"],"other":["U shkrinë në një ",{"t":"idOrVar","v":"numDups"}," profile"]},"$x":[{"t":"idOrVar","v":"plural"},"numDups"]},{"$i":"notificationLogin","$v":"Sesioni juaj Facebook është i pavlefshëm. Ju lutemi, bëni hyrjen."},{"$i":"syncError","$v":"Pati një gabim gjatë njëkohësimit të të dhënave të miqve tuaj"},{"$i":"waitDuplicateContacts","$v":"Po shihet për kontakte të përsëdytura"},{"$i":"waitMergingDuplicateContacts","$v":"Po përzihen në një kontaktet e përsëdytura"},{"$i":"alertNoDuplicateContacts","$v":"Nuk u gjetën kontakte të përsëdytura"},{"$i":"merge","ariaLabel":"Përzieji"},{"$i":"mergeDuplicateTitle","$v":"Përzieni përsëdytjet"},{"$i":"suggestedDuplicateContacts","$v":["Kontakte të përsëdytura të këshilluara për ",{"t":"idOrVar","v":"name"}]},{"$i":"mergeActionButtonLabel","$v":{"zero":"Pa kontakte të përzgjedhur","one":["Përzieje me ",{"t":"idOrVar","v":"n"}," kontakt"],"two":["Përzieje me ",{"t":"idOrVar","v":"n"}," kontakte"],"few":["Përzieje me ",{"t":"idOrVar","v":"n"}," kontakte"],"many":["Përzieje me ",{"t":"idOrVar","v":"n"}," kontakte"],"other":["Përzieje me ",{"t":"idOrVar","v":"n"}," kontakte"]},"$x":[{"t":"idOrVar","v":"plural"},"n"]},{"$i":"duplicatesFoundTitle","$v":"U gjetën përsëdytje"},{"$i":"duplicatesFoundMessage","$v":["Të dhëna të përsëdytura për ",{"t":"idOrVar","v":"name"}," në kontaktet vijuese"]},{"$i":"ok","$v":"OK"},{"$i":"gaia-menu-cancel","$v":"Anuloje"},{"$i":"gaia-sim-picker-dial-via-with-number","$v":["Bjeri ",{"t":"idOrVar","v":"phoneNumber"}," përmes"]},{"$i":"gaia-sim-picker-select-sim","$v":"Përzgjidhni SIM"},{"$i":"gaia-sim-picker-button","$v":["SIM",{"t":"idOrVar","v":"n"}]},{"$i":"gaia-sim-picker-button-default","$v":"(parazgjedhje)"},{"$i":"call","$v":"Thirre"},{"$i":"edit","$v":"Përpunoje"},{"$i":"cancel","$v":"Anuloje"},{"$i":"done","$v":"U bë"},{"$i":"retry","$v":"Riprovoje"},{"$i":"contacts","$v":"Kontakte"},{"$i":"addContact","$v":"Shtoni kontakt"},{"$i":"deleteContact","$v":"Fshije kontaktin"},{"$i":"selectContact","$v":"Përzgjidhni kontakt"},{"$i":"editContact","$v":"Përpunim kontakti"},{"$i":"deleteConfirmMsg","$v":"Të fshihet kontakti?"},{"$i":"remove","$v":"Hiqe"},{"$i":"delete","$v":"Fshije"},{"$i":"comments","$v":"Komente"},{"$i":"no_contact_phones","$v":"Ky kontakt nuk ka numër telefoni"},{"$i":"no_contact_email","$v":"Ky kontakt nuk ka adresë email"},{"$i":"no_contact_data","$v":"Ky kontakt nuk ka numër telefoni dhe adresë email"},{"$i":"removePhotoConfirm","$v":"Të hiqet fotoja e kontaktit?"},{"$i":"loadingContacts","$v":"Po ngarkohen kontaktet…"},{"$i":"noContactsActivity2","$v":"Nuk ka kontakte te lista juaj e Kontakteve"},{"$i":"noName","$v":"Pa emër"},{"$i":"givenName","placeholder":"Emër"},{"$i":"familyName","placeholder":"Mbiemër"},{"$i":"tel","placeholder":"Telefon"},{"$i":"carrier","$v":"Operator","placeholder":"Operator"},{"$i":"separator","$v":","},{"$i":"email","$v":"Email","placeholder":"Email"},{"$i":"streetAddress","placeholder":"Rrugë"},{"$i":"postalCode","placeholder":"Kod zip"},{"$i":"locality","placeholder":"Qytet"},{"$i":"countryName","placeholder":"Vend"},{"$i":"comment","placeholder":"Koment"},{"$i":"org","placeholder":"Kompani"},{"$i":"date","$v":"Datë","placeholder":"Datë"},{"$i":"date-span-placeholder","$v":"Datë"},{"$i":"birthday","$v":"Datëlindje"},{"$i":"dateFormat","$v":"%B %e"},{"$i":"dateOutput","$v":[{"t":"idOrVar","v":"dayMonthFormatted"}," ",{"t":"idOrVar","v":"year"}]},{"$i":"anniversary","$v":"Përvjetor"},{"$i":"addPhoto","$v":"Shtoni Foto"},{"$i":"addPhone","$v":"Shtoni Telefon"},{"$i":"addEmail","$v":"Shtoni Email"},{"$i":"addAddress","$v":"Shtoni Adresë"},{"$i":"addDate","$v":"Shtoni Datë"},{"$i":"addComment","$v":"Shtoni Koment"},{"$i":"addFavorite","$v":"Shtojeni si të Parapëlqyer"},{"$i":"removeFavorite","$v":"Hiqeni nga të Parapëlqyerit"},{"$i":"addButton","ariaLabel":"Shtoni"},{"$i":"editButton","ariaLabel":"Përpunoni"},{"$i":"settingsButton","ariaLabel":"Rregullime"},{"$i":"phoneDetail","ariaLabel":"Telefon"},{"$i":"emailDetail","ariaLabel":"Email"},{"$i":"addressDetail","ariaLabel":"Adresë"},{"$i":"dateDetail","ariaLabel":"Datë"},{"$i":"composeEmail","ariaLabel":"Email"},{"$i":"makeCall","ariaLabel":"Thirre"},{"$i":"phones","ariaLabel":"Telefona"},{"$i":"emails","ariaLabel":"Email-e"},{"$i":"addresses","ariaLabel":"Adresa"},{"$i":"dates","ariaLabel":"Data"},{"$i":"notes","ariaLabel":"Shënime"},{"$i":"exit","$v":"Dalje"},{"$i":"expand","$v":"Zgjeroje"},{"$i":"labelName","$v":"Emër:"},{"$i":"labelLastName","$v":"Mbiemër:"},{"$i":"labelPhoneNumber","$v":"Numër telefoni:"},{"$i":"labelCarrier","$v":"Operator:"},{"$i":"labelEmail","$v":"Email:"},{"$i":"labelStreet","$v":"Rrugë:"},{"$i":"labelZip","$v":"Kod Zip:"},{"$i":"labelCity","$v":"Qytet:"},{"$i":"labelCountry","$v":"Vend:"},{"$i":"labelComment","$v":"Koment:"},{"$i":"legendTitleMain","$v":"Të dhëna kryesore"},{"$i":"legendPhones","$v":"Numra telefoni"},{"$i":"legendEmail","$v":"Adresë email"},{"$i":"legendAddress","$v":"Adresë"},{"$i":"transferContactsTitle","$v":"Mbartje Kontaktesh"},{"$i":"importContactsTitle","$v":"Importim Kontaktesh"},{"$i":"importContactsButton","$v":"Importoni Kontakte"},{"$i":"exportContactsTitle","$v":"Eksportim Kontaktesh"},{"$i":"exportContactsButton","$v":"Eksportoni Kontakte"},{"$i":"exportContactsAction","$v":"Eksportoni"},{"$i":"simExport-title","$v":"Eksportojini në SIM"},{"$i":"memoryCardExport-title","$v":"Eksportojini në kartë kujtese"},{"$i":"btExport-title","$v":"Eksportojini në Bluetooth"},{"$i":"memoryCardUMSEnabled","$v":"Nuk përdor dot kartë kujtese, ngaqë është aktiv depozitimi në USB"},{"$i":"exportErrorTitle","$v":"Gabim eksportimi"},{"$i":"contactsExported2","$v":{"zero":"Nuk u eksportuan kontakte","one":["U eksportua ",{"t":"idOrVar","v":"exported"},"/",{"t":"idOrVar","v":"total"}," kontakt"],"two":["U eksportuan ",{"t":"idOrVar","v":"exported"},"/",{"t":"idOrVar","v":"total"}," kontakte"],"few":["U eksportuan ",{"t":"idOrVar","v":"exported"},"/",{"t":"idOrVar","v":"total"}," kontakte"],"many":["U eksportuan ",{"t":"idOrVar","v":"exported"},"/",{"t":"idOrVar","v":"total"}," kontakte"],"other":["U eksportuan ",{"t":"idOrVar","v":"exported"},"/",{"t":"idOrVar","v":"total"}," kontakte"]},"$x":[{"t":"idOrVar","v":"plural"},"exported"]},{"$i":"exportError-general","$v":"Ndodhën disa gabime gjatë eksportimit"},{"$i":"exportError-SD-shared","$v":"Nuk hyhet dot te karta e kujtesës, ngaqë ndahet me diçka tjetër"},{"$i":"exportError-SD-unavailable","$v":"Nuk ka kartë kujtese gati"},{"$i":"exportError-SD-noSpace","$v":"Nuk ka hapësirë të mjaftueshme te karta e kujtesës që të eksportohen kontaktet"},{"$i":"exportError-SIM-unavailable","$v":"Nuk ka kartë SIM gati"},{"$i":"exportError-BT-shared","$v":"Nuk hyhet dot te karta e kujtesës, ngaqë ndahet me diçka tjetër"},{"$i":"exportError-BT-unavailable","$v":"Nuk ka kartë kujtese gati"},{"$i":"exportError-BT-noSpace","$v":"Nuk ka hapësirë të mjaftueshme te karta e kujtesës që të eksportohen kontaktet"},{"$i":"social-network","$v":"Rrjete shoqërore"},{"$i":"social-link","$v":"Lidhe kontaktin"},{"$i":"social-unlink","$v":"Çlidhe kontaktin"},{"$i":"social-unlink-confirm-title","$v":"Doni të çlidhet shoku juaj?"},{"$i":"social-unlink-confirm-accept","$v":"Çlidhe"},{"$i":"facebook-import","$v":"Importoni miq nga Facebook-u"},{"$i":"show-fb-profile","$v":"Shfaq profil Facebook-u"},{"$i":"msg-send","$v":"Mesazh"},{"$i":"wall-post","$v":"Postim muri"},{"$i":"share-contact","$v":"Ndani Kontakt Me të Tjerë"},{"$i":"facebook-export-forbidden","$v":"Kontakti nuk mund të ndahet me të tjerët, për shkak kufizimesh nga Facebook-u."},{"$i":"otherAccount","$v":"Llogari të tjera"},{"$i":"facebookSwitchMsg","$v":"Njëkohësoni miqtë"},{"$i":"select_mobile","$v":"Përzgjidhni celular"},{"$i":"select_email","$v":"Përzgjidhni email"},{"$i":"select_recipient","$v":"Përzgjidhni marrës"},{"$i":"contactsOrderBy","$v":"Renditi sipas mbiemrash"},{"$i":"importSim2","$v":"Kartë SIM"},{"$i":"importGmail","$v":"Gmail"},{"$i":"bluetooth","$v":"Bluetooth"},{"$i":"importOutlook","$v":"Outlook"},{"$i":"fbUpdateFriends","$v":"Përditëso miqtë e importuar"},{"$i":"cleaningFbData","$v":"Po hiqen të dhëna Facebook-u"},{"$i":"loggingOutFb","$v":"Po dilet nga Facebook-u"},{"$i":"cleanFbConfirmMsg","$v":"Të hiqen krejt të dhënat Facebook?"},{"$i":"renewPwdMsg","$v":"Fjalëkalimi juaj në Facebook ka ndryshuar. Ju lutemi, përditësojeni."},{"$i":"notEnabledYet","$v":"Ende e paaktivizuar"},{"$i":"genericNoConnection","$v":"Që të importoni kontakte lidhuni me rrjetin Wi-Fi ose atë të të dhënave"},{"$i":"simCard","$v":"Kartë SIM"},{"$i":"memoryCard","$v":"Kartë kujtese"},{"$i":"simNumberNoMSISDN","$v":["SIM ",{"t":"idOrVar","v":"number"},":"]},{"$i":"simNumberWithMSISDN","$v":["SIM ",{"t":"idOrVar","v":"number"},": ",{"t":"idOrVar","v":"msisdn"}]},{"$i":"ICEContactsGroup","$v":"Kontakte NRU"},{"$i":"setICEButton","$v":"Rregulloni Kontakte NRU"},{"$i":"ICESettingTitle","$v":"Kontakte NRU"},{"$i":"ICEDescription","$v":"Shtoni dy kontakte për thirrje “Në Rast Urgjence” (ICE)."},{"$i":"ICEContact1","$v":"Kontakti NRU 1"},{"$i":"ICESelectContact","$v":"Përzgjidhni një kontakt"},{"$i":"ICEContact2","$v":"Kontakti NRU 2"},{"$i":"ICERepeatedContact","$v":"Ky kontakt është tashmë kontakt NRU"},{"$i":"ICEUnknownError","$v":"Pati një gabim gjatë caktimit të kontaktit si NRU"},{"$i":"ICEContactNoNumber","$v":"Ky kontakt nuk ka numër telefoni"},{"$i":"ICEFacebookContactNotAllowed","$v":"Kontaktet Facebook nuk mund të vendosen si kontakte NRU"},{"$i":"ICEContactDelTel","$v":"Numrat e telefonave të fshirë hiqen nga Kontaktet NRU"},{"$i":"ICEContactDelTelAll","$v":"Krejt numrat janë të fshirë. Ky kontakt është hequr pnga kontaktet NRU."},{"$i":"no-contacts","$v":"Pa kontakte"},{"$i":"start-adding","$v":"Filloni të shtoni të tilla tani"},{"$i":"notImported","$v":"E paimportuar"},{"$i":"imported","$v":"E importuar"},{"$i":"today","$v":"Sot"},{"$i":"yesterday","$v":"Dje"},{"$i":"organise-contacts","$v":"Sistemoni Kontaktet"},{"$i":"find-merge-contacts","$v":"Gjeni kontakte të përsëdytura"},{"$i":"preparing-contacts","$v":"Përgatitje kontaktesh"},{"$i":"exportError-SIM-NoFreeRecordFound","$v":"Karta SIM është plot"},{"$i":"exportError-SIM-CannotAccessPhoneBook","$v":"Nuk hyhet dot në libri i adresave te karta SIM"},{"$i":"exportError-SIM-Unavailable","$v":"Nuk u kap SIM"},{"$i":"exportError-SIM-GenericError","$v":"Ndodhi një gabim gjatë eksportimit të një kontakti"},{"$i":"noSimMsgExport","$v":"Që të eksportohen kontakte, futni ose zhbllokoni kartën tuaj SIM"},{"$i":"noMemoryCardMsgExport","$v":"Që të eksportohen kontakte, futni një kartë kujtese"},{"$i":"ContactManagementTitle","$v":"Administrim Kontaktesh"},{"$i":"DeleteTitle","$v":"Fshini"},{"$i":"bulkDeleteButton","$v":"Fshini Kontakte"},{"$i":"BulkDelCancel","$v":"Fshirja e kontakteve u anulua"},{"$i":"DeletedTxt","$v":{"zero":"Pa Kontakte Për Fshirje","one":"U hoq 1 Kontakt","two":["U hoqën ",{"t":"idOrVar","v":"n"}," Kontakte"],"few":["U hoqën ",{"t":"idOrVar","v":"n"}," Kontakte"],"many":["U hoqën ",{"t":"idOrVar","v":"n"}," Kontakte"],"other":["U hoqën ",{"t":"idOrVar","v":"n"}," Kontakte"]},"$x":[{"t":"idOrVar","v":"plural"},"n"]},{"$i":"DeletingContacts","$v":"Po fshihen kontaktet"},{"$i":"ContactConfirmDel","$v":{"zero":"Pa Kontakte Për Fshirje","one":"Të fshihet 1 Kontakt? Kjo nuk mund të zhbëhet.","two":["Të fshihen ",{"t":"idOrVar","v":"n"}," Kontakte? Kjo nuk mund të zhbëhet."],"few":["Të fshihen ",{"t":"idOrVar","v":"n"}," Kontakte? Kjo nuk mund të zhbëhet."],"many":["Të fshihen ",{"t":"idOrVar","v":"n"}," Kontakte? Kjo nuk mund të zhbëhet."],"other":["Të fshihen ",{"t":"idOrVar","v":"n"}," Kontakte? Kjo nuk mund të zhbëhet."]},"$x":[{"t":"idOrVar","v":"plural"},"n"]},{"$i":"SelectedTxt","$v":{"zero":"Kontakte","one":[{"t":"idOrVar","v":"n"}," i përzgjedhur"],"two":[{"t":"idOrVar","v":"n"}," të përzgjedhur"],"few":[{"t":"idOrVar","v":"n"}," të përzgjedhur"],"many":[{"t":"idOrVar","v":"n"}," të përzgjedhur"],"other":[{"t":"idOrVar","v":"n"}," të përzgjedhur"]},"$x":[{"t":"idOrVar","v":"plural"},"n"]},{"$i":"video","$v":"Video"},{"$i":"audio","$v":"Audio"},{"$i":"pick_destination","$v":[{"t":"idOrVar","v":"destination"}," ",{"t":"idOrVar","v":"carrier"}]},{"$i":"removeField","ariaLabel":"Hiqe"},{"$i":"undo","ariaLabel":"Zhbëje"},{"$i":"send-sms-button","ariaLabel":"SMS"},{"$i":"ice_contacts","$v":"Kontakte NRU"},{"$i":"edit-picture","$v":"Përpunoni Figurën"},{"$i":"remove-photo","$v":"Hiqeni foton"},{"$i":"change-photo","$v":"Ndërrojeni foton"},{"$i":"photo-options","$v":"Mundësi fotoje"},{"$i":"vCardContacts-imported","$v":{"zero":"No contacts imported","one":"Imported one contact","two":["Imported ",{"t":"idOrVar","v":"n"}," contacts"],"few":["Imported ",{"t":"idOrVar","v":"n"}," contacts"],"many":["Imported ",{"t":"idOrVar","v":"n"}," contacts"],"other":["Imported ",{"t":"idOrVar","v":"n"}," contacts"]},"$x":[{"t":"idOrVar","v":"plural"},"n"]},{"$i":"voiceMail","$v":"Mesazhe zanorë"},{"$i":"back","$v":"Mbrapsht"},{"$i":"noSimMsg","$v":"Që të importohen kontakte, futni ose çkyçni kartën tuaj SIM"},{"$i":"noMemoryCardMsg","$v":"Që të importohen kontakte, futni një kartë kujtese"},{"$i":"importMemoryCard","$v":"Kartë kujtese"},{"$i":"noConnection11","$v":"Që të importohen miq Facebook-u ose kontakte, lidhuni me Wi-Fi ose te një rrjet të dhënash"},{"$i":"emptyAccount","$v":"Në këtë llogari nuk u gjetën shokë ose kontakte."},{"$i":"simContacts-import","$v":"Importoni kontakte SIM-i"},{"$i":"simContacts-importing","$v":"Po importohen kontakte SIM-i…"},{"$i":"simContacts-reading","$v":"Po lexohet nga karta SIM-i…"},{"$i":"simContacts-error","$v":"Nuk u importuan dot kontakte nga SIM-i"},{"$i":"simContacts-imported3","$v":{"zero":"Te SIM-i nuk u gjetën kontakte për importim","one":"U importua një kontakt","two":["U importuan ",{"t":"idOrVar","v":"n"}," kontakte"],"few":["U importuan ",{"t":"idOrVar","v":"n"}," kontakte"],"many":["U importuan ",{"t":"idOrVar","v":"n"}," kontakte"],"other":["U importuan ",{"t":"idOrVar","v":"n"}," kontakte"]},"$x":[{"t":"idOrVar","v":"plural"},"n"]},{"$i":"memoryCardContacts-import","$v":"Importoni kontakte nga kartë kujtese"},{"$i":"memoryCardContacts-importing","$v":"Po importohen kontakte nga kartë kujtese…"},{"$i":"memoryCardContacts-reading","$v":"Po lexohet nga kartë kujtese…"},{"$i":"memoryCardContacts-error","$v":"Nuk u importuan dot kontakte nga kartë kujtese"},{"$i":"memoryCardContacts-imported3","$v":{"zero":"Te karta e kujtesës nuk u gjetën kontakte për importim","one":"U importua një kontakt","two":["U importuan ",{"t":"idOrVar","v":"n"}," kontakte"],"few":["U importuan ",{"t":"idOrVar","v":"n"}," kontakte"],"many":["U importuan ",{"t":"idOrVar","v":"n"}," kontakte"],"other":["U importuan ",{"t":"idOrVar","v":"n"}," kontakte"]},"$x":[{"t":"idOrVar","v":"plural"},"n"]},{"$i":"genericProgress","$v":[{"t":"idOrVar","v":"current"},"/",{"t":"idOrVar","v":"total"}]},{"$i":"facebook-import-msg2","$v":["U importuan ",{"t":"idOrVar","v":"imported"},"/",{"t":"idOrVar","v":"total"}," miq"]},{"$i":"contactsMerged","$v":{"zero":"Nuk u shkri në një ndonjë kontakt i përsëdytur","one":"U shkri në një një kontakt i përsëdytur","two":["U shkrinë në një ",{"t":"idOrVar","v":"numDups"}," kontakte"],"few":["U shkrinë në një ",{"t":"idOrVar","v":"numDups"}," kontakte"],"many":["U shkrinë në një ",{"t":"idOrVar","v":"numDups"}," kontakte"],"other":["U shkrinë në një ",{"t":"idOrVar","v":"numDups"}," kontakte"]},"$x":[{"t":"idOrVar","v":"plural"},"numDups"]},{"$i":"weekday-0-long","$v":"E diel"},{"$i":"weekday-1-long","$v":"E hënë"},{"$i":"weekday-2-long","$v":"E martë"},{"$i":"weekday-3-long","$v":"E mërkurë"},{"$i":"weekday-4-long","$v":"E enjte"},{"$i":"weekday-5-long","$v":"E premte"},{"$i":"weekday-6-long","$v":"E shtunë"},{"$i":"weekday-0-short","$v":"Die"},{"$i":"weekday-1-short","$v":"Hën"},{"$i":"weekday-2-short","$v":"Mar"},{"$i":"weekday-3-short","$v":"Mër"},{"$i":"weekday-4-short","$v":"Enj"},{"$i":"weekday-5-short","$v":"Pre"},{"$i":"weekday-6-short","$v":"Sht"},{"$i":"month-0-long","$v":"Janar"},{"$i":"month-1-long","$v":"Shkurt"},{"$i":"month-2-long","$v":"Mars"},{"$i":"month-3-long","$v":"Prill"},{"$i":"month-4-long","$v":"Maj"},{"$i":"month-5-long","$v":"Qershor"},{"$i":"month-6-long","$v":"Korrik"},{"$i":"month-7-long","$v":"Gusht"},{"$i":"month-8-long","$v":"Shtator"},{"$i":"month-9-long","$v":"Tetor"},{"$i":"month-10-long","$v":"Nëntor"},{"$i":"month-11-long","$v":"Dhjetor"},{"$i":"month-0-genitive","$v":"të Janarit"},{"$i":"month-1-genitive","$v":"të Shkurtit"},{"$i":"month-2-genitive","$v":"të Marsit"},{"$i":"month-3-genitive","$v":"të Prillit"},{"$i":"month-4-genitive","$v":"të Majit"},{"$i":"month-5-genitive","$v":"të Qershorit"},{"$i":"month-6-genitive","$v":"të Korrikut"},{"$i":"month-7-genitive","$v":"të Gushtit"},{"$i":"month-8-genitive","$v":"të Shtatorit"},{"$i":"month-9-genitive","$v":"të Tetorit"},{"$i":"month-10-genitive","$v":"të Nëntorit"},{"$i":"month-11-genitive","$v":"të Dhjetorit"},{"$i":"month-0-short","$v":"Jan"},{"$i":"month-1-short","$v":"Shk"},{"$i":"month-2-short","$v":"Mar"},{"$i":"month-3-short","$v":"Pri"},{"$i":"month-4-short","$v":"Maj"},{"$i":"month-5-short","$v":"Qer"},{"$i":"month-6-short","$v":"Kor"},{"$i":"month-7-short","$v":"Gus"},{"$i":"month-8-short","$v":"Sht"},{"$i":"month-9-short","$v":"Tet"},{"$i":"month-10-short","$v":"Nën"},{"$i":"month-11-short","$v":"Dhj"},{"$i":"minutes-ago-long","$v":{"zero":"mu tani","one":"një minutë më parë","two":[{"t":"idOrVar","v":"value"}," minuta më parë"],"few":[{"t":"idOrVar","v":"value"}," minuta më parë"],"many":[{"t":"idOrVar","v":"value"}," minuta më parë"],"other":[{"t":"idOrVar","v":"value"}," minuta më parë"]},"$x":[{"t":"idOrVar","v":"plural"},"value"]},{"$i":"hours-ago-long","$v":{"zero":"mu tani","one":"një orë më parë","two":[{"t":"idOrVar","v":"value"}," orë më parë"],"few":[{"t":"idOrVar","v":"value"}," orë më parë"],"many":[{"t":"idOrVar","v":"value"}," orë më parë"],"other":[{"t":"idOrVar","v":"value"}," orë më parë"]},"$x":[{"t":"idOrVar","v":"plural"},"value"]},{"$i":"days-ago-long","$v":{"zero":"sot","one":"dje","two":[{"t":"idOrVar","v":"value"}," ditë më parë"],"few":[{"t":"idOrVar","v":"value"}," ditë më parë"],"many":[{"t":"idOrVar","v":"value"}," ditë më parë"],"other":[{"t":"idOrVar","v":"value"}," ditë më parë"]},"$x":[{"t":"idOrVar","v":"plural"},"value"]},{"$i":"weeks-ago-long","$v":{"zero":"këtë javë","one":"javën e kaluar","two":[{"t":"idOrVar","v":"value"}," javë më parë"],"few":[{"t":"idOrVar","v":"value"}," javë më parë"],"many":[{"t":"idOrVar","v":"value"}," javë më parë"],"other":[{"t":"idOrVar","v":"value"}," javë më parë"]},"$x":[{"t":"idOrVar","v":"plural"},"value"]},{"$i":"months-ago-long","$v":{"zero":"këtë muaj","one":"muajin e kaluar","two":[{"t":"idOrVar","v":"value"}," muaj më parë"],"few":[{"t":"idOrVar","v":"value"}," muaj më parë"],"many":[{"t":"idOrVar","v":"value"}," muaj më parë"],"other":[{"t":"idOrVar","v":"value"}," muaj më parë"]},"$x":[{"t":"idOrVar","v":"plural"},"value"]},{"$i":"years-ago-long","$v":{"zero":"këtë vit","one":"vitin e kaluar","two":[{"t":"idOrVar","v":"value"}," vite më parë"],"few":[{"t":"idOrVar","v":"value"}," vite më parë"],"many":[{"t":"idOrVar","v":"value"}," vite më parë"],"other":[{"t":"idOrVar","v":"value"}," vite më parë"]},"$x":[{"t":"idOrVar","v":"plural"},"value"]},{"$i":"minutes-until-long","$v":{"zero":"tani","one":"për një minutë","two":["për ",{"t":"idOrVar","v":"value"}," minuta"],"few":["për ",{"t":"idOrVar","v":"value"}," minuta"],"many":["për ",{"t":"idOrVar","v":"value"}," minuta"],"other":["për ",{"t":"idOrVar","v":"value"}," minuta"]},"$x":[{"t":"idOrVar","v":"plural"},"value"]},{"$i":"hours-until-long","$v":{"zero":"tani","one":"për një orë","two":["për ",{"t":"idOrVar","v":"value"}," orë"],"few":["për ",{"t":"idOrVar","v":"value"}," orë"],"many":["për ",{"t":"idOrVar","v":"value"}," orë"],"other":["për ",{"t":"idOrVar","v":"value"}," orë"]},"$x":[{"t":"idOrVar","v":"plural"},"value"]},{"$i":"days-until-long","$v":{"zero":"sot","one":"nesër","two":["për ",{"t":"idOrVar","v":"value"}," ditë"],"few":["për ",{"t":"idOrVar","v":"value"}," ditë"],"many":["për ",{"t":"idOrVar","v":"value"}," ditë"],"other":["për ",{"t":"idOrVar","v":"value"}," ditë"]},"$x":[{"t":"idOrVar","v":"plural"},"value"]},{"$i":"weeks-until-long","$v":{"zero":"këtë javë","one":"javën pasuese","two":["për ",{"t":"idOrVar","v":"value"}," javë"],"few":["për ",{"t":"idOrVar","v":"value"}," javë"],"many":["për ",{"t":"idOrVar","v":"value"}," javë"],"other":["për ",{"t":"idOrVar","v":"value"}," javë"]},"$x":[{"t":"idOrVar","v":"plural"},"value"]},{"$i":"months-until-long","$v":{"zero":"këtë muaj","one":"muajin pasues","two":["për ",{"t":"idOrVar","v":"value"}," muaj"],"few":["për ",{"t":"idOrVar","v":"value"}," muaj"],"many":["për ",{"t":"idOrVar","v":"value"}," muaj"],"other":["për ",{"t":"idOrVar","v":"value"}," muaj"]},"$x":[{"t":"idOrVar","v":"plural"},"value"]},{"$i":"years-until-long","$v":{"zero":"këtë vit","one":"vitin pasues","two":["për ",{"t":"idOrVar","v":"value"}," vjet"],"few":["për ",{"t":"idOrVar","v":"value"}," vjet"],"many":["për ",{"t":"idOrVar","v":"value"}," vjet"],"other":["për ",{"t":"idOrVar","v":"value"}," vjet"]},"$x":[{"t":"idOrVar","v":"plural"},"value"]},{"$i":"minutes-ago-short","$v":{"zero":"mu tani","other":[{"t":"idOrVar","v":"value"},"m më parë"]},"$x":[{"t":"idOrVar","v":"plural"},"value"]},{"$i":"hours-ago-short","$v":{"zero":"mu tani","other":[{"t":"idOrVar","v":"value"},"h më parë"]},"$x":[{"t":"idOrVar","v":"plural"},"value"]},{"$i":"days-ago-short","$v":{"zero":"sot","other":[{"t":"idOrVar","v":"value"},"d më parë"]},"$x":[{"t":"idOrVar","v":"plural"},"value"]},{"$i":"minutes-until-short","$v":{"zero":"tani","other":["për ",{"t":"idOrVar","v":"value"},"m"]},"$x":[{"t":"idOrVar","v":"plural"},"value"]},{"$i":"hours-until-short","$v":{"zero":"tani","other":["për ",{"t":"idOrVar","v":"value"},"h"]},"$x":[{"t":"idOrVar","v":"plural"},"value"]},{"$i":"days-until-short","$v":{"zero":"sot","other":["për ",{"t":"idOrVar","v":"value"},"d"]},"$x":[{"t":"idOrVar","v":"plural"},"value"]},{"$i":"incorrectDate","$v":"(datë e pasaktë)"},{"$i":"dateTimeFormat_%c","$v":"%a %e %b %Y %I:%M:%S %p"},{"$i":"dateTimeFormat_%x","$v":"%m/%d/%Y"},{"$i":"dateTimeFormat_%X","$v":"%I:%M:%S %p"},{"$i":"shortTimeFormat","$v":"%I:%M %p"},{"$i":"shortTimeFormat12","$v":"%I:%M %p"},{"$i":"shortTimeFormat24","$v":"%H:%M"},{"$i":"shortDateTimeFormat","$v":"%x %I:%M %p"},{"$i":"weekStartsOnMonday","$v":"0"},{"$i":"firstDayOfTheWeek","$v":"0"},{"$i":"time_am","$v":"AM"},{"$i":"time_pm","$v":"PM"},{"$i":"label","$v":"Etiketë"},{"$i":"mobile","$v":"Celular"},{"$i":"home","$v":"Shtëpie"},{"$i":"work","$v":"Pune"},{"$i":"personal","$v":"Personal"},{"$i":"faxHome","$v":"Faks shtëpie"},{"$i":"faxOffice","$v":"Faks pune"},{"$i":"faxOther","$v":"Faks tjetër"},{"$i":"another","$v":"Një tjetër"},{"$i":"other","$v":"Tjetër"},{"$i":"customTag","placeholder":"Etiketë vetjake"},{"$i":"current","$v":"E tanishmja"},{"$i":"itemWithLabel","$v":[{"t":"idOrVar","v":"label"},", ",{"t":"idOrVar","v":"item"}]},{"$i":"addNewNumber","$v":"Shtoni numër të ri"},{"$i":"contactDetails","$v":"Hollësi kontakti"},{"$i":"addToExistingContact","$v":"Shtojeni te kontakt ekzistues"},{"$i":"all","$v":"Krejt","ariaLabel":"Krejt"},{"$i":"bluetoothOption","ariaLabel":"Bluetooth"},{"$i":"callLog","$v":"Regjistër thirrjesh"},{"$i":"callLogEdit","title":"Përpunoni regjistër thirrjesh"},{"$i":"callLogEditDialog","ariaLabel":"Dialog përpunimi regjistri thirrjesh"},{"$i":"connecting","$v":"Po lidhet"},{"$i":"connectingEllipsis","$v":"Po lidhet…"},{"$i":"call-forwarding-async","$v":["Asinkrone: ",{"t":"idOrVar","v":"async"}]},{"$i":"call-forwarding-data","$v":["Të dhëna: ",{"t":"idOrVar","v":"data"}]},{"$i":"call-forwarding-error","$v":"Pati një gabim ndërsa merrej gjendja e përcjelljes së thirrjes"},{"$i":"call-forwarding-fax","$v":["FAKS: ",{"t":"idOrVar","v":"fax"}]},{"$i":"call-forwarding-inactive","$v":"Joaktive"},{"$i":"call-forwarding-packet","$v":["Paket: ",{"t":"idOrVar","v":"packet"}]},{"$i":"call-forwarding-pad","$v":["PAD: ",{"t":"idOrVar","v":"pad"}]},{"$i":"call-forwarding-sms","$v":["SMS: ",{"t":"idOrVar","v":"sms"}]},{"$i":"call-forwarding-status","$v":"Gjendje përcjelljeje thirrjeje"},{"$i":"call-forwarding-sync","$v":["Sinkrone: ",{"t":"idOrVar","v":"sync"}]},{"$i":"call-forwarding-voice","$v":["Zë: ",{"t":"idOrVar","v":"voice"}]},{"$i":"confirm-deletion","$v":"Të hiqen thirrjet e përzgjedhura?"},{"$i":"createNewContact","$v":"Krijoni kontakt të ri"},{"$i":"dialerAddContact","ariaLabel":"Shtoni kontakt"},{"$i":"dialerAddContactDialog","ariaLabel":"Dialog Shtimi Kontaktesh"},{"$i":"callInformation","$v":"Të dhëna Thirrjeje"},{"$i":"edit-selected","$v":{"one":[{"t":"idOrVar","v":"n"}," e përzgjedhur"],"two":[{"t":"idOrVar","v":"n"}," të përzgjedhur"],"few":[{"t":"idOrVar","v":"n"}," të përzgjedhur"],"many":[{"t":"idOrVar","v":"n"}," të përzgjedhur"],"other":[{"t":"idOrVar","v":"n"}," të përzgjedhur"]},"$x":[{"t":"idOrVar","v":"plural"},"n"]},{"$i":"hideKeypad","ariaLabel":"Fshihe tastierën numerike"},{"$i":"ignore","$v":"Shpërfille Thirrjen"},{"$i":"incoming","$v":"Të marra"},{"$i":"keypad","ariaLabel":"Tastierë numerike"},{"$i":"info-missed","$v":"Të humbura"},{"$i":"missed","$v":"Të humbura","ariaLabel":"Të humbura"},{"$i":"canceled","$v":"Të anuluara"},{"$i":"missedCall","$v":"Thirrje e humbur"},{"$i":"missedCallMultiSims","$v":["(SIM ",{"t":"idOrVar","v":"n"},") Thirrje të humbura"]},{"$i":"mmi-error","$v":"Ndodhi një gabim, teksa dërgohej mesazhi"},{"$i":"mmi-session-expired","$v":"Sesionit i mbaroi koha"},{"$i":"mmi-successfully-sent","$v":"Mesazhi u dërgua me sukses"},{"$i":"mmi-notification-title-with-sim","$v":["(",{"t":"idOrVar","v":"sim"},") ",{"t":"idOrVar","v":"title"}]},{"$i":"mute","ariaLabel":"Heshturazi"},{"$i":"newCall","ariaLabel":"Thirrje e re"},{"$i":"no-logs-msg-1","$v":"Nuk ka thirrje të regjistruara"},{"$i":"no-logs-msg-2","$v":"Filloni të komunikoni tani"},{"$i":"no-logs-msg-3","$v":"Pa thirrje të humbura"},{"$i":"onHoldOption","ariaLabel":"Në pritje"},{"$i":"outgoing","$v":"Të dërguara"},{"$i":"recents","ariaLabel":"Thirrje së fundi"},{"$i":"reply","$v":"Përgjigjjuni"},{"$i":"send","$v":"Dërgoje"},{"$i":"switch-calls","$v":"Transferoni thirrjen"},{"$i":"withheld-number","$v":"Numër i patreguar"},{"$i":"from-contact","$v":["Nga ",{"t":"idOrVar","v":"contact"}]},{"$i":"from-number","$v":["Nga ",{"t":"idOrVar","v":"number"}]},{"$i":"from-withheld-number","$v":"Nga numër i patreguar"},{"$i":"sending","$v":"Po dërgohet…"},{"$i":"speakerOption","ariaLabel":"Altoparlant"},{"$i":"ussd-services","$v":["Shërbime ",{"t":"idOrVar","v":"operator"}]},{"$i":"toggleKeypad","ariaLabel":"Shfaqni/fshihni tastierën numerike"},{"$i":"type-your-response","placeholder":"Shtypni përgjigjen tuaj…"},{"$i":"clear-all-text","$v":"Fshije krejt tekstin"},{"$i":"hide","$v":"Fshihe"},{"$i":"hold","ariaLabel":"Në pritje"},{"$i":"resume","$v":"Rimerre","ariaLabel":"Rimerre"},{"$i":"sendSms","$v":"Dërgojini Mesazh"},{"$i":"callEnded","$v":"Thirrja Përfundoi"},{"$i":"via-sim","$v":["përmes SIM",{"t":"idOrVar","v":"n"}]},{"$i":"sim-number","$v":["SIM",{"t":"idOrVar","v":"n"}]},{"$i":"unknown","$v":"I panjohur"},{"$i":"hangup-a11y-button","ariaLabel":"Mbylleni"},{"$i":"pickup-a11y-button","ariaLabel":"Përgjigjuni"},{"$i":"unlock-a11y-button","ariaLabel":"Rrëshqitës"},{"$i":"settings","$v":"Rregullime"},{"$i":"delete-n-log?","$v":{"zero":"Nuk u përzgjodh gjë","one":"Të fshihet regjistrimi i përzgjedhur?","two":["Të fshihen ",{"t":"idOrVar","v":"n"}," regjistrimet?"],"few":["Të fshihen ",{"t":"idOrVar","v":"n"}," regjistrimet?"],"many":["Të fshihen ",{"t":"idOrVar","v":"n"}," regjistrimet?"],"other":["Të fshihen ",{"t":"idOrVar","v":"n"}," regjistrimet?"]},"$x":[{"t":"idOrVar","v":"plural"},"n"]},{"$i":"callDurationMinutes","$v":[{"t":"idOrVar","v":"m"},":",{"t":"idOrVar","v":"s"}]},{"$i":"callDurationHours","$v":[{"t":"idOrVar","v":"h"},":",{"t":"idOrVar","v":"m"},":",{"t":"idOrVar","v":"s"}]},{"$i":"callDurationTextFormatSeconds","$v":[{"t":"idOrVar","v":"s"}," s"]},{"$i":"callDurationTextFormatMinutes","$v":[{"t":"idOrVar","v":"m"}," m ",{"t":"idOrVar","v":"s"}," s"]},{"$i":"callDurationTextFormatHours","$v":[{"t":"idOrVar","v":"h"}," h ",{"t":"idOrVar","v":"m"}," m ",{"t":"idOrVar","v":"s"}," s"]},{"$i":"suggestionMatches","$v":{"one":[{"t":"idOrVar","v":"n"}," përputhje për \"",{"t":"idOrVar","v":"matchNumber"},"\""],"two":[{"t":"idOrVar","v":"n"}," përputhje për \"",{"t":"idOrVar","v":"matchNumber"},"\""],"few":[{"t":"idOrVar","v":"n"}," përputhje për \"",{"t":"idOrVar","v":"matchNumber"},"\""],"many":[{"t":"idOrVar","v":"n"}," përputhje për \"",{"t":"idOrVar","v":"matchNumber"},"\""],"other":[{"t":"idOrVar","v":"n"}," përputhje për \"",{"t":"idOrVar","v":"matchNumber"},"\""]},"$x":[{"t":"idOrVar","v":"plural"},"n"]},{"$i":"scCallBarring","$v":"Ndalim thirrjesh"},{"$i":"scCallForwarding","$v":"Përcjellje thirrjesh"},{"$i":"scClip","$v":"ID Thirrësi Për të Marrat"},{"$i":"scClir","$v":"ID Thirrësi Për të Dërguara"},{"$i":"scPwd","$v":"Ndryshim fjalëkalimi"},{"$i":"scCallWaiting","$v":"Thirrje në pritje"},{"$i":"scPin","$v":"Ndryshim PIN-i"},{"$i":"scPin2","$v":"Ndryshim PIN2-shi"},{"$i":"scPuk","$v":"Zhbllokim PIN-i"},{"$i":"scPuk2","$v":"Zhbllokim PIN2-shi"},{"$i":"scImei","$v":"IMEI"},{"$i":"scUssd","$v":"USSD"},{"$i":"serviceClassVoice","$v":"Zë"},{"$i":"serviceClassData","$v":"Të dhëna"},{"$i":"serviceClassFax","$v":"FAKS"},{"$i":"serviceClassSms","$v":"SMS"},{"$i":"serviceClassDataSync","$v":"Sinkrone"},{"$i":"serviceClassDataAsync","$v":"Asinkrone"},{"$i":"serviceClassPacket","$v":"Paket"},{"$i":"serviceClassPad","$v":"PAD"},{"$i":"smServiceEnabled","$v":"Shërbimi u aktivizua"},{"$i":"smServiceDisabled","$v":"Shërbimi u çaktivizua"},{"$i":"smServiceRegistered","$v":"Regjistrimi qe i suksesshëm"},{"$i":"smServiceErased","$v":"Fshirja qe e suksesshme"},{"$i":"smServiceInterrogated","$v":"Kërkesa qe e suksesshme"},{"$i":"smServiceNotProvisioned","$v":"Shërbimi nuk është bërë gati"},{"$i":"smClirPermanent","$v":"Nuk mund të ndryshoni rregullime ID-je thirrësi"},{"$i":"smClirDefaultOnNextCallOn","$v":"ID thirrësi e caktuar si e rezervuar. Thirrja pasuese: E maskuar"},{"$i":"smClirDefaultOnNextCallOff","$v":"ID thirrësi e caktuar si e rezervuar. Thirrja pasuese: Jo e maskuar"},{"$i":"smClirDefaultOffNextCallOn","$v":"ID thirrësi e caktuar si jo e rezervuar. Thirrja pasuese: E maskuar"},{"$i":"smClirDefaultOffNextCallOff","$v":"ID thirrësi e caktuar si jo e rezervuar. Thirrja pasuese: Jo e maskuar"},{"$i":"smServiceEnabledFor","$v":"Shërbimi qe aktivizuar për:"},{"$i":"smPinChanged","$v":"PIN-i u ndryshua me sukses"},{"$i":"smPinUnblocked","$v":"PIN-i u zhbllokua me sukses"},{"$i":"smPin2Changed","$v":"PIN2-shi u ndryshua me sukses"},{"$i":"smPin2Unblocked","$v":"PIN2-shi u zhbllokua me sukses"},{"$i":"ServiceIsEnabled","$v":"Shërbimi është i aktivizuar"},{"$i":"ServiceIsDisabled","$v":"Shërbimi është i çaktivizuar"},{"$i":"ServiceIsEnabledFor","$v":"Shërbimi është i aktivizuar për:"},{"$i":"emMmiError","$v":"Problem ndërlidhjeje ose kod MMI i pavlefshëm"},{"$i":"emMmiErrorPasswordIncorrect","$v":"Fjalëkalim i Pasaktë"},{"$i":"emMmiErrorNotSupported","$v":"Kod MMI i Pavlefshëm ose i Pambuluar"},{"$i":"emMmiErrorInvalidAction","$v":"Veprim i pavlefshëm"},{"$i":"emMmiErrorInvalidScCode","$v":"Kod shërbimi i pavlefshëm"},{"$i":"emMmiErrorBadPuk","$v":"PUK-u që shtypët është i pasaktë"},{"$i":"emMmiErrorBadPin","$v":"PIN-i i vjetër që shtypët është i pasaktë."},{"$i":"emMmiErrorNeedPuk2","$v":"Shtypni PUK2-shin që të zhbllokohet karta SIM"},{"$i":"emMmiErrorMismatchPin","$v":"PIN-et që shtypët nuk përputhen"},{"$i":"emMmiErrorInvalidPin","$v":"Shtypni një PIN që është nga 4 deri në 8 shifra"},{"$i":"emMmiErrorNeedsPuk","$v":"Karta juaj SIM është bllokuar përmes PUK-ut"},{"$i":"emMmiErrorEnablePin","$v":"Pa sukses. Aktivizoni SIM/RUIM LOCK"},{"$i":"emMmiErrorMmiFdn","$v":"Veprimi kufizohet vetëm mbi numra fiks thirrjesh "},{"$i":"emMmiErrorStkCcUssdDial","$v":"Kërkesa USSD është modifikuar në kërkesë DIAL"},{"$i":"emMmiErrorStkCcUssdSs","$v":"Kërkesa USSD është modifikuar në kërkesë SS"},{"$i":"emMmiErrorStkCcUssdUssd","$v":"Kërkesa USSD është modifikuar në kërkesë USSD të re"},{"$i":"emMmiErrorStkCcSsDial","$v":"Kërkesa SS është modifikuar në kërkesë DIAL"},{"$i":"emMmiErrorStkCcSsUssd","$v":"Kërkesa SS është modifikuar në kërkesë USSD"},{"$i":"emMmiErrorStkCcSsSs","$v":"Kërkesa USSD është modifikuar në kërkesë SS të re"},{"$i":"emMmiErrorPinPukAttempts","$v":{"one":["Edhe vetëm ",{"t":"idOrVar","v":"n"}," provë"],"two":["Edhe ",{"t":"idOrVar","v":"n"}," prova"],"few":["Edhe ",{"t":"idOrVar","v":"n"}," prova"],"many":["Edhe ",{"t":"idOrVar","v":"n"}," prova"],"other":["Edhe ",{"t":"idOrVar","v":"n"}," prova"]},"$x":[{"t":"idOrVar","v":"plural"},"n"]},{"$i":"emMmiErrorSimBlocked","$v":"U tejkalua numri maksimum i prova. SIM-i u bllokua"},{"$i":"RadioNotAvailable","$v":"Nuk kapet radio"},{"$i":"GenericFailure","$v":"Gabim i papërcaktuar"},{"$i":"PasswordIncorrect","$v":"Fjalëkalim i pasaktë"},{"$i":"SimPin2","$v":"SIM PIN2"},{"$i":"SimPuk2","$v":"SIM PUK2"},{"$i":"RequestNotSupported","$v":"Kërkesë e pambuluar"},{"$i":"OpNotAllowedDuringVoiceCall","$v":"Veprim i palejuar gjatë thirrjesh me zë"},{"$i":"SmsSendFailRetry","$v":"Dështim dërgimi SMS-je, riprovoni"},{"$i":"SimAbsent","$v":"Mungon SIM-i"},{"$i":"SubscriptionNotAvailable","$v":"Pajtim jo gati"},{"$i":"ModeNotSupported","$v":"Mënyrë e pambuluar"},{"$i":"FdnCheckFailure","$v":"Dështim kontrolli NFTh"},{"$i":"IllegalSimOrMe","$v":"SIM ose ME e paligjshme"},{"$i":"DialModifiedToUssd","$v":"Formim numri i modifikuar në USSD"},{"$i":"DialModifiedToSs","$v":"Formim numri i modifikuar në SS"},{"$i":"DialModifiedToDial","$v":"Formim numri i modifikuar në formim numri"},{"$i":"UssdModifiedToDial","$v":"USSD i modifikuar në formim numri"},{"$i":"UssdModifiedToSs","$v":"USSD i modifikuar në SS"},{"$i":"UssdModifiedToUssd","$v":"USSD i modifikuar në USSD"},{"$i":"SsModifiedToDial","$v":"SS i modifikuar në formim numri"},{"$i":"SsModifiedToUssd","$v":"SS i modifikuar në USSD"},{"$i":"SsModifiedToSs","$v":"SS i modifikuar në SS"},{"$i":"SubscriptionNotSupported","$v":"Pajtim i pambuluar"},{"$i":"InvalidParameter","$v":"Parametër i pavlefshëm"},{"$i":"RejectedByRemote","$v":"Hedhur tej nga pala e largët"},{"$i":"conferenceCall","$v":["Konferencë (",{"t":"idOrVar","v":"n"},")"]},{"$i":"caller-left-call","$v":[{"t":"idOrVar","v":"caller"}," e braktisi thirrjen."]},{"$i":"conferenceAddError","$v":"Nuk përziehen dot thirrjet"},{"$i":"conferenceRemoveError","$v":"Nuk çpërziehen dot thirrjet"},{"$i":"longDateFormat","$v":"%A, %e %B"},{"$i":"select-audio-sources","$v":"Përzgjidhni burime audio"},{"$i":"bluetooth-handsfree-device","$v":"Pajisje Bluetooth handsfree"},{"$i":"receiver","$v":"Marrës"},{"$i":"speaker","$v":"Altoparlant"},{"$i":"voicemailNoNumberTitle","$v":"Numri për mesazhe zanorë nuk funksionon"},{"$i":"voicemailNoNumberText","$v":"I pazoti të lidhet me shërbimin e mesazheve zanorë. Rregulloni numrin për mesazhe zanorë që të depozitohet thirrja."},{"$i":"voicemailNoNumberSettings","$v":"Rregullime"},{"$i":"voicemailNoNumberCancel","$v":"Anuloje"},{"$i":"phoneNumberInput","ariaLabel":"Numër telefoni"},{"$i":"keypadDelete","ariaLabel":"Delete"},{"$i":"voiceMailKey","ariaLabel":"Mesazh zanor"},{"$i":"asterisk","ariaLabel":"Yllth"},{"$i":"hashSign","ariaLabel":"Shenja dieziz"},{"$i":"loadingSimContacts","$v":"Loading SIM card contacts…"},{"$i":"noContactsWereFound","$v":"No contacts were found"},{"$i":"noContactsFoundDialogOk","$v":"OK"},{"$i":"emergencyNumber","$v":"Numër urgjence"},{"$i":"callAirplaneModeMessage","$v":"Që të bëni një thirrje lypset të çaktivizoni mënyrën aeroplan te rregullimet."},{"$i":"callAirplaneModeBtnOk","$v":"OK"},{"$i":"callAirplaneModeTitle","$v":"Mënyra aeroplan është aktive"},{"$i":"numberIsBusyTitle","$v":"Numri është i zënë"},{"$i":"numberIsBusyMessage","$v":"Numri hëpërhë është i zënë. Ju lutemi, riprovoni më vonë."},{"$i":"fdnIsActiveTitle","$v":"NFTh aktive"},{"$i":"fdnIsActiveMessage","$v":["NFTh (Numra Fiks Thirrjesh) është i aktivizuar dhe numri vijues nuk gjendet te lista juaj NFTh: ",{"t":"idOrVar","v":"number"}]},{"$i":"emergencyDialogBodyBadNumber","$v":"Që të bëni një thirrje, telefoni duhet të jetë i lidhur në një rrjet."},{"$i":"emergencyDialogBodyDeviceNotAccepted","$v":"Thirrjet e urgjencës nuk janë të lejuara nga rrjeti."},{"$i":"emergencyDialogBtnOk","$v":"OK"},{"$i":"emergencyDialogTitle","$v":"Pa lidhje në rrjet"},{"$i":"invalidNumberToDialTitle","$v":"Numër telefoni i pavlefshëm"},{"$i":"invalidNumberToDialMessage","$v":"Numri i telefonit që po thërrisni nuk është i vlefshëm."},{"$i":"unableToCallTitle","$v":"Nuk është në gjendje të bëjë thirrje telefonike tani"},{"$i":"unableToCallMessage","$v":"Nuk bën dot thirrje. Nëse jeni duke i rënë numrit, ju lutemi, fillimisht mbylleni."},{"$i":"otherConnectionInUseTitle","$v":"Tjetër lidhje në përdorim"},{"$i":"otherConnectionInUseMessage","$v":"Keni një thirrje aktive në një tjetër lidhje. Mund të përdorni vetëm një lidhje në herë."}]