[{"$i":"close","$v":"Zatvori"},{"$i":"import","$v":"Uvezi"},{"$i":"update","$v":"Ažuriraj"},{"$i":"fbFriends","$v":"FB prijatelji"},{"$i":"live-serviceName","$v":"Outlook"},{"$i":"gmail-serviceName","$v":"Gmail"},{"$i":"facebook-serviceName","$v":"FB prijatelji"},{"$i":"selectAll","$v":"Označi sve"},{"$i":"deselectAll","$v":"Odznači sve"},{"$i":"viewAll","$v":"Pogledaj sve Facebook prijatelje"},{"$i":"viewRecommend","$v":"Pogledaj samo preporučene"},{"$i":"linkProposal","$v":{"zero":"Nema podudaranja. Prikazuju se svi","one":"Odaberi preporučenog","two":"Odaberi preporučenog","many":"Odaberi preporučenog","few":"Odaberi preporučenog","other":"Odaberi preporučenog"},"$x":[{"t":"idOrVar","v":"plural"},"numFriends"]},{"$i":"fbFriendsFound","$v":{"zero":"Svi prijatelji su uvezeni","one":"Pronađen jedan prijatelj za uvoz","two":["Pronađena ",{"t":"idOrVar","v":"numFriends"}," prijatelja za uvoz"],"few":["Pronađeno ",{"t":"idOrVar","v":"numFriends"}," prijatelja za uvoz"],"many":["Pronađeno ",{"t":"idOrVar","v":"numFriends"}," prijatelja za uvoz"],"other":["Pronađeno ",{"t":"idOrVar","v":"numFriends"}," prijatelja za uvoz"]},"$x":[{"t":"idOrVar","v":"plural"},"numFriends"]},{"$i":"fbNoFriends","$v":"Nema dostupnih kontakata za uvoz"},{"$i":"facebook","$v":"Facebook"},{"$i":"search-contact","placeholder":"Pretraga"},{"$i":"noResults","$v":"Nema pronađenih kontakata"},{"$i":"done-search","$v":"Gotovo"},{"$i":"progressFB3ImportTitle","$v":"Uvoženje prijatelja u kontakte"},{"$i":"progressFB","$v":[{"t":"idOrVar","v":"current"},"/",{"t":"idOrVar","v":"total"}]},{"$i":"progressFB3UpdateTitle","$v":"Ažuriranje prijatelja u kontaktima"},{"$i":"message2","$v":"Ovo bi moglo potrajati nekoliko minuta"},{"$i":"messageLinking","$v":"Molim Vas sačekajte. Povezujemo Vašeg prijatelja i Vaš kontakt."},{"$i":"messageCanceling","$v":"Molim Vas sačekajte. Prekidamo tekuću operaciju."},{"$i":"error1","$v":["Greška ",{"t":"idOrVar","v":"from"}]},{"$i":"error2","$v":"Da li želite da pokušate ponovo?"},{"$i":"errorProposal","$v":"izračunavanje predloga"},{"$i":"errorFriends","$v":"vraćam prijatelje"},{"$i":"errorLinking","$v":"povezivanje kontakta"},{"$i":"timeout1","$v":["Isteklo vreme čekanja ",{"t":"idOrVar","v":"from"}]},{"$i":"timeout2","$v":"Da li želite da pokušate ponovo?"},{"$i":"timeoutProposal","$v":"izračunavanje predloga"},{"$i":"timeoutFriends","$v":"vraćam prijatelje"},{"$i":"timeoutLinking","$v":"povezivanje kontakata"},{"$i":"wait1","$v":"Molim Vas sačekajte"},{"$i":"wait2","$v":"Ovo može da potraje nekoliko minuta"},{"$i":"waitProposal","$v":"Molim Vas sačekajte. Izračunavamo predloge."},{"$i":"waitFriends","$v":"Molim Vas sačekajte. Povezujemo se da bi dobili Vašu listu prijatelja."},{"$i":"curtainCancel","$v":"Otkaži"},{"$i":"curtainRetry","$v":"Pokušaj"},{"$i":"curtainOK","$v":"U redu"},{"$i":"connectionLost","$v":"Nema internet konekcije"},{"$i":"connectionLostMsg","$v":"Slike prijatelja neće biti dodate Vašim kontaktima. Ipak nastaviti?"},{"$i":"yesOption","$v":"U redu"},{"$i":"noOption","$v":"Otkaži"},{"$i":"friendsUpdated","$v":{"zero":"Nema ažuriranih prijatelja","one":"Ažuriraj jednog prijatelja","two":["Ažuriraj ",{"t":"idOrVar","v":"numFriends"}," prijatelja"],"few":["Ažuriraj ",{"t":"idOrVar","v":"numFriends"}," prijatelja"],"many":["Ažuriraj ",{"t":"idOrVar","v":"numFriends"}," prijatelja"],"other":["Ažuriraj ",{"t":"idOrVar","v":"numFriends"}," prijatelja"]},"$x":[{"t":"idOrVar","v":"plural"},"numFriends"]},{"$i":"friendsMerged","$v":{"zero":"Nema dupliranih prijatelja","one":"Jedan dupliran prijatelj je spojen","two":[{"t":"idOrVar","v":"numDups"}," prijatelja su spojena"],"few":[{"t":"idOrVar","v":"numDups"}," prijatelja je spojeno"],"many":[{"t":"idOrVar","v":"numDups"}," prijatelja je spojeno"],"other":[{"t":"idOrVar","v":"numDups"}," prijatelja je spojeno"]},"$x":[{"t":"idOrVar","v":"plural"},"numDups"]},{"$i":"notificationLogin","$v":"Vaša Facebook sesija nije ispravna. Molim Vas prijavite se."},{"$i":"syncError","$v":"Nastala je greška tokom sinhornizacije podataka Vaših prijatelja"},{"$i":"waitDuplicateContacts","$v":"Tražim duplikate kontakata"},{"$i":"waitMergingDuplicateContacts","$v":"Spajam duplikate kontakata"},{"$i":"alertNoDuplicateContacts","$v":"Nisu nađeni duplikati kontakata"},{"$i":"merge","ariaLabel":"Spoji"},{"$i":"mergeDuplicateTitle","$v":"Spajanje duplikata"},{"$i":"suggestedDuplicateContacts","$v":["Predložen duplikat kontakata za ",{"t":"idOrVar","v":"name"}," "]},{"$i":"mergeActionButtonLabel","$v":{"zero":"Ni jedan kontakt nije izabran","one":["Spoji sa ",{"t":"idOrVar","v":"n"}," kontaktom"],"two":["Spoji sa ",{"t":"idOrVar","v":"n"}," kontakta"],"few":["Spoji sa ",{"t":"idOrVar","v":"n"}," kontakata"],"many":["Spoji sa ",{"t":"idOrVar","v":"n"}," kontakata"],"other":["Spoji sa ",{"t":"idOrVar","v":"n"}," kontakata"]},"$x":[{"t":"idOrVar","v":"plural"},"n"]},{"$i":"duplicatesFoundTitle","$v":"Nađeni duplikati"},{"$i":"duplicatesFoundMessage","$v":[{"t":"idOrVar","v":"name"}," duplikati informacija u sledećim kontaktima"]},{"$i":"ok","$v":"U redu"},{"$i":"gaia-menu-cancel","$v":"Otkaži"},{"$i":"gaia-sim-picker-dial-via-with-number","$v":["Pozovi ",{"t":"idOrVar","v":"phoneNumber"}," preko"]},{"$i":"gaia-sim-picker-select-sim","$v":"Izaberi SIM"},{"$i":"gaia-sim-picker-button","$v":["SIM",{"t":"idOrVar","v":"n"}]},{"$i":"gaia-sim-picker-button-default","$v":"(podrazumevan)"},{"$i":"call","$v":"Pozovi"},{"$i":"edit","$v":"Izmeni"},{"$i":"cancel","$v":"Otkaži"},{"$i":"done","$v":"Završeno"},{"$i":"retry","$v":"Pokušaj"},{"$i":"contacts","$v":"Kontakti"},{"$i":"addContact","$v":"Dodaj kontakt"},{"$i":"deleteContact","$v":"Obriši kontakt"},{"$i":"selectContact","$v":"Odaberi kontakt"},{"$i":"editContact","$v":"Izmeni"},{"$i":"deleteConfirmMsg","$v":"Obrisati kontakt?"},{"$i":"remove","$v":"Ukloni"},{"$i":"delete","$v":"Obriši"},{"$i":"comments","$v":"Komentari"},{"$i":"no_contact_phones","$v":"Ovaj kontakt nema broj telefona"},{"$i":"no_contact_email","$v":"Ovaj kontakt nema adresu e-pošte"},{"$i":"no_contact_data","$v":"Ovaj kontakt nema broj telefona i adresu e-pošte"},{"$i":"removePhotoConfirm","$v":"Ukloni sliku kontakta?"},{"$i":"loadingContacts","$v":"Učitavanje kontakata…"},{"$i":"noContactsActivity2","$v":"Nema kontakata u Vašoj listi kontakata"},{"$i":"noName","$v":"Bez imena"},{"$i":"givenName","placeholder":"Ime"},{"$i":"familyName","placeholder":"Prezime"},{"$i":"tel","placeholder":"Broj"},{"$i":"carrier","$v":"Operater","placeholder":"Operater"},{"$i":"separator","$v":","},{"$i":"email","$v":"E-pošta","placeholder":"E-pošta"},{"$i":"streetAddress","placeholder":"Ulica"},{"$i":"postalCode","placeholder":"PTT"},{"$i":"locality","placeholder":"Grad"},{"$i":"countryName","placeholder":"Država"},{"$i":"comment","placeholder":"Komentar"},{"$i":"org","placeholder":"Kompanija"},{"$i":"date","$v":"Datum","placeholder":"Datum"},{"$i":"date-span-placeholder","$v":"Datum"},{"$i":"birthday","$v":"Rođendan"},{"$i":"dateFormat","$v":"%e %B"},{"$i":"dateOutput","$v":[{"t":"idOrVar","v":"dayMonthFormatted"}," ",{"t":"idOrVar","v":"year"}]},{"$i":"anniversary","$v":"Godišnjica"},{"$i":"addPhoto","$v":"Dodaj sliku"},{"$i":"addPhone","$v":"Dodaj telefon"},{"$i":"addEmail","$v":"Dodaj e-poštu"},{"$i":"addAddress","$v":"Dodaj adresu"},{"$i":"addDate","$v":"Dodaj datum"},{"$i":"addComment","$v":"Dodaj komentar"},{"$i":"addFavorite","$v":"Dodaj kao omiljenog"},{"$i":"removeFavorite","$v":"Ukloni iz omiljenih"},{"$i":"addButton","ariaLabel":"Dodaj"},{"$i":"editButton","ariaLabel":"Uredi"},{"$i":"settingsButton","ariaLabel":"Postavke"},{"$i":"phoneDetail","ariaLabel":"Telefon"},{"$i":"emailDetail","ariaLabel":"E-pošta"},{"$i":"addressDetail","ariaLabel":"Adresa"},{"$i":"dateDetail","ariaLabel":"Datum"},{"$i":"composeEmail","ariaLabel":"E-pošta"},{"$i":"makeCall","ariaLabel":"Pozovi"},{"$i":"phones","ariaLabel":"Telefoni"},{"$i":"emails","ariaLabel":"E-pošte"},{"$i":"addresses","ariaLabel":"Adrese"},{"$i":"dates","ariaLabel":"Datumi"},{"$i":"notes","ariaLabel":"Beleške"},{"$i":"exit","$v":"Izlaz"},{"$i":"expand","$v":"Proširi"},{"$i":"labelName","$v":"Ime:"},{"$i":"labelLastName","$v":"Prezime:"},{"$i":"labelPhoneNumber","$v":"Telefon:"},{"$i":"labelCarrier","$v":"Operater:"},{"$i":"labelEmail","$v":"E-pošta:"},{"$i":"labelStreet","$v":"Adresa:"},{"$i":"labelZip","$v":"PTT:"},{"$i":"labelCity","$v":"Grad:"},{"$i":"labelCountry","$v":"Država:"},{"$i":"labelComment","$v":"Komentar:"},{"$i":"legendTitleMain","$v":"Glavne informacije"},{"$i":"legendPhones","$v":"Brojevi telefona"},{"$i":"legendEmail","$v":"Adresa e-pošte"},{"$i":"legendAddress","$v":"Adresa"},{"$i":"transferContactsTitle","$v":"Prenos kontakata"},{"$i":"importContactsTitle","$v":"Uvezi kontakte"},{"$i":"importContactsButton","$v":"Uvezi kontakte"},{"$i":"exportContactsTitle","$v":"Izvoz kontakata"},{"$i":"exportContactsButton","$v":"Izvoz kontakata"},{"$i":"exportContactsAction","$v":"Izvoz"},{"$i":"simExport-title","$v":"Izvezi na SIM"},{"$i":"memoryCardExport-title","$v":"Izvezi na memorijsku karticu"},{"$i":"btExport-title","$v":"Izvezi preko bluetooth-a"},{"$i":"memoryCardUMSEnabled","$v":"Memorijska kartica se ne može koristiti jer je USB skladište omogućeno"},{"$i":"exportErrorTitle","$v":"Greška u izvozu"},{"$i":"contactsExported2","$v":{"zero":"Ni jedan kontakt nije izvezen","one":[{"t":"idOrVar","v":"exported"},"/",{"t":"idOrVar","v":"total"}," kontakt je izvezen"],"two":[{"t":"idOrVar","v":"exported"},"/",{"t":"idOrVar","v":"total"}," kontakta su izvezena"],"few":[{"t":"idOrVar","v":"exported"},"/",{"t":"idOrVar","v":"total"}," konatakata je izvezeno"],"many":[{"t":"idOrVar","v":"exported"},"/",{"t":"idOrVar","v":"total"}," konatakata je izvezeno"],"other":[{"t":"idOrVar","v":"exported"},"/",{"t":"idOrVar","v":"total"}," konatakata je izvezeno"]},"$x":[{"t":"idOrVar","v":"plural"},"exported"]},{"$i":"exportError-general","$v":"Desila se greška tokom izvoza"},{"$i":"exportError-SD-shared","$v":"Ne može se pristupiti memorijskoj kartici jer je podeljena"},{"$i":"exportError-SD-unavailable","$v":"Memorijska kartica nije dostupna"},{"$i":"exportError-SD-noSpace","$v":"Nema dovoljno prostora na memorijskoj kartici da bi se izvezli kontakti"},{"$i":"exportError-SIM-unavailable","$v":"SIM kartica nije dostupna"},{"$i":"exportError-BT-shared","$v":"Ne može se pristupiti memorijskoj kartici jer je podeljena"},{"$i":"exportError-BT-unavailable","$v":"Memorijska kartica nije dostupna"},{"$i":"exportError-BT-noSpace","$v":"Nema dovoljno prostora na memorijskoj kartici da bi se izvezli kontakti"},{"$i":"social-network","$v":"Društvene mreže"},{"$i":"social-link","$v":"Poveži kontakt"},{"$i":"social-unlink","$v":"Ukloni vezu kontakta"},{"$i":"social-unlink-confirm-title","$v":"Da li želite da uklonite vezu sa prijateljem?"},{"$i":"social-unlink-confirm-accept","$v":"Ukloni vezu"},{"$i":"facebook-import","$v":"Uvezi prijatelje sa Facebook-a"},{"$i":"show-fb-profile","$v":"Pogledaj profil na Facebook-u"},{"$i":"msg-send","$v":"Poruka"},{"$i":"wall-post","$v":"Objava na zidu"},{"$i":"share-contact","$v":"Podeli kontakt"},{"$i":"facebook-export-forbidden","$v":"Kontakt ne može da se podeli zbog Facebook ograničenja."},{"$i":"otherAccount","$v":"Drugi nalozi"},{"$i":"facebookSwitchMsg","$v":"Sinh. prijatelje"},{"$i":"select_mobile","$v":"Odaberite mobilni"},{"$i":"select_email","$v":"Odaberite adresu e-pošte"},{"$i":"select_recipient","$v":"Odaberite primaoca"},{"$i":"contactsOrderBy","$v":"Poređaj po prezimenu"},{"$i":"importSim2","$v":"SIM kartica"},{"$i":"importGmail","$v":"Gmail"},{"$i":"bluetooth","$v":"Bluetooth"},{"$i":"importOutlook","$v":"Outlook"},{"$i":"fbUpdateFriends","$v":"Ažuriraj uvežene prijatelje"},{"$i":"cleaningFbData","$v":"Uklanjanje podataka sa Facebook-a"},{"$i":"loggingOutFb","$v":"Odjavljivanje sa Facebook-a"},{"$i":"cleanFbConfirmMsg","$v":"Ukloniti sve podatke sa Facebook-a?"},{"$i":"renewPwdMsg","$v":"Vaša lozinka na Facebook-u je promenjena. Molim Vas, ažurirajte je."},{"$i":"notEnabledYet","$v":"Još nije omogućeno"},{"$i":"genericNoConnection","$v":"Da biste izvezli kontakte, povežite se na Wi-Fi ili na mrežu za prenos podataka"},{"$i":"simCard","$v":"SIM kartica"},{"$i":"memoryCard","$v":"Memorijska kartica"},{"$i":"simNumberNoMSISDN","$v":["SIM ",{"t":"idOrVar","v":"number"},":"]},{"$i":"simNumberWithMSISDN","$v":["SIM ",{"t":"idOrVar","v":"number"},": ",{"t":"idOrVar","v":"msisdn"}]},{"$i":"ICEContactsGroup","$v":"ICE kontakti"},{"$i":"setICEButton","$v":"Postavi ICE kontakte"},{"$i":"ICESettingTitle","$v":"ICE kontakti "},{"$i":"ICEDescription","$v":"Dodajte dva kontakta “Za hitne slučajeve” (ICE)."},{"$i":"ICEContact1","$v":"ICE kontakt 1"},{"$i":"ICESelectContact","$v":"Izaberi kontakt"},{"$i":"ICEContact2","$v":"ICE kontakt 2"},{"$i":"ICERepeatedContact","$v":"Ovaj kontakt je već postojeći ICE kontakt"},{"$i":"ICEUnknownError","$v":"Desila se greška pri postavljanju kontakta kao ICE"},{"$i":"ICEContactNoNumber","$v":"Ovaj kontakt nema telefonski broj"},{"$i":"ICEFacebookContactNotAllowed","$v":"Facebook kontakti ne mogu biti postavljeni kao ICE kontakti"},{"$i":"ICEContactDelTel","$v":"Izbrisani telefonski brojevi su uklonjeni sa ICE kontakata"},{"$i":"ICEContactDelTelAll","$v":"Svi brojevi su izbrisani. Ovaj kontakt je uklonjen sa ICE kontakata."},{"$i":"no-contacts","$v":"Nema kontakata"},{"$i":"start-adding","$v":"Počnite da ih dodajete"},{"$i":"notImported","$v":"Nije uvezeno"},{"$i":"imported","$v":"Uvezeno"},{"$i":"today","$v":"Danas"},{"$i":"yesterday","$v":"Juče"},{"$i":"organise-contacts","$v":"Organizuj kontakte"},{"$i":"find-merge-contacts","$v":"Nađi duplikate kontakata"},{"$i":"preparing-contacts","$v":"Pripremam kontakte"},{"$i":"exportError-SIM-NoFreeRecordFound","$v":"SIM kartica je puna"},{"$i":"exportError-SIM-CannotAccessPhoneBook","$v":"Ne mogu da pristupim imeniku SIM kartice"},{"$i":"exportError-SIM-Unavailable","$v":"SIM kartica nije pronađena"},{"$i":"exportError-SIM-GenericError","$v":"Greška pri izvozu kontakta"},{"$i":"noSimMsgExport","$v":"Da biste izvezli kontakte, umetnite ili otključajte SIM karticu"},{"$i":"noMemoryCardMsgExport","$v":"Da biste izvezli kontakte, umetnite memorijsku karticu"},{"$i":"ContactManagementTitle","$v":"Upravljanje kontaktima"},{"$i":"DeleteTitle","$v":"Izbriši"},{"$i":"bulkDeleteButton","$v":"Izbriši kontakte"},{"$i":"BulkDelCancel","$v":"Brisanje kontakata otkazano"},{"$i":"DeletedTxt","$v":{"zero":"Nema kontakata za brisanje","one":"1 kontakt obrisan","two":[{"t":"idOrVar","v":"n"}," kontakta obrisana"],"few":[{"t":"idOrVar","v":"n"}," kontakata obrisano"],"many":[{"t":"idOrVar","v":"n"}," kontakata obrisano"],"other":[{"t":"idOrVar","v":"n"}," kontakata obrisano"]},"$x":[{"t":"idOrVar","v":"plural"},"n"]},{"$i":"DeletingContacts","$v":"Brišem kontakte"},{"$i":"ContactConfirmDel","$v":{"zero":"Nema kontakata za brisanje","one":"Izbrisati 1 kontakt? Ovo se ne može poništiti.","two":["Izbrisati ",{"t":"idOrVar","v":"n"}," kontakta? Ovo se ne može poništiti."],"few":["Izbrisati ",{"t":"idOrVar","v":"n"}," kontakata? Ovo se ne može poništiti."],"many":["Izbrisati ",{"t":"idOrVar","v":"n"}," kontakata? Ovo se ne može poništiti."],"other":["Izbrisati ",{"t":"idOrVar","v":"n"}," kontakata? Ovo se ne može poništiti."]},"$x":[{"t":"idOrVar","v":"plural"},"n"]},{"$i":"SelectedTxt","$v":{"zero":"Kontakti","one":[{"t":"idOrVar","v":"n"}," odabran"],"two":[{"t":"idOrVar","v":"n"}," odabrana"],"few":[{"t":"idOrVar","v":"n"}," odabrano"],"many":[{"t":"idOrVar","v":"n"}," odabrano"],"other":[{"t":"idOrVar","v":"n"}," odabrano"]},"$x":[{"t":"idOrVar","v":"plural"},"n"]},{"$i":"video","$v":"Video"},{"$i":"audio","$v":"Audio"},{"$i":"pick_destination","$v":[{"t":"idOrVar","v":"destination"}," ",{"t":"idOrVar","v":"carrier"}]},{"$i":"removeField","ariaLabel":"Ukloni"},{"$i":"undo","ariaLabel":"Poništi"},{"$i":"send-sms-button","ariaLabel":"SMS"},{"$i":"ice_contacts","$v":"ICE kontakti"},{"$i":"edit-picture","$v":"Uredi sliku"},{"$i":"remove-photo","$v":"Ukloni sliku"},{"$i":"change-photo","$v":"Promeni sliku"},{"$i":"photo-options","$v":"Opcije slike"},{"$i":"vCardContacts-imported","$v":{"zero":"No contacts imported","one":"Imported one contact","two":["Imported ",{"t":"idOrVar","v":"n"}," contacts"],"few":["Imported ",{"t":"idOrVar","v":"n"}," contacts"],"many":["Imported ",{"t":"idOrVar","v":"n"}," contacts"],"other":["Imported ",{"t":"idOrVar","v":"n"}," contacts"]},"$x":[{"t":"idOrVar","v":"plural"},"n"]},{"$i":"voiceMail","$v":"Govorna pošta"},{"$i":"back","$v":"Nazad"},{"$i":"noSimMsg","$v":"Da biste uvezli kontakte ubacite ili otključajte Vašu SIM karticu"},{"$i":"noMemoryCardMsg","$v":"Da biste uvezli kontakte ubacite memorijsku karticu"},{"$i":"importMemoryCard","$v":"Memorijske kartice"},{"$i":"noConnection11","$v":"Da biste uvezli prijatelje ili kontakte povežite se na Wi-Fi ili mrežu"},{"$i":"emptyAccount","$v":"Prijatelji ili kontakti nisu pronađeni na ovom nalogu."},{"$i":"simContacts-import","$v":"Uvezite kontakte sa SIM kartice"},{"$i":"simContacts-importing","$v":"Uvoženje kontakata sa SIM kartice…"},{"$i":"simContacts-reading","$v":"Čitanje sa SIM kartice…"},{"$i":"simContacts-error","$v":"Nemoguće je uvesti kontakte sa SIM kartice"},{"$i":"simContacts-imported3","$v":{"zero":"Ni jedan kontakt nije nađen na SIM kartici","one":"Uvezen je jedan kontakt","two":["Uvezena su ",{"t":"idOrVar","v":"n"}," kontakta"],"few":["Uvezeno je ",{"t":"idOrVar","v":"n"}," kontakata"],"many":["Uvezeno je ",{"t":"idOrVar","v":"n"}," kontakata"],"other":["Uvezeno je ",{"t":"idOrVar","v":"n"}," kontakata"]},"$x":[{"t":"idOrVar","v":"plural"},"n"]},{"$i":"memoryCardContacts-import","$v":"Uvoz kontakata sa memorijske kartice"},{"$i":"memoryCardContacts-importing","$v":"Uvoz kontakata sa memorijske kartice…"},{"$i":"memoryCardContacts-reading","$v":"Čitam sa memorijske kartice…"},{"$i":"memoryCardContacts-error","$v":"Nije moguće uvesti kontakte sa memorijske kartice"},{"$i":"memoryCardContacts-imported3","$v":{"zero":"Nisu pronađeni kontakti na memorijskoj kartici","one":"Uvezen jedan kontakt","two":["Uvezena ",{"t":"idOrVar","v":"n"}," kontakta"],"few":["Uvezeno ",{"t":"idOrVar","v":"n"}," kontakata"],"many":["Uvezeno ",{"t":"idOrVar","v":"n"}," kontakata"],"other":["Uvezeno ",{"t":"idOrVar","v":"n"}," kontakata"]},"$x":[{"t":"idOrVar","v":"plural"},"n"]},{"$i":"genericProgress","$v":[{"t":"idOrVar","v":"current"},"/",{"t":"idOrVar","v":"total"}]},{"$i":"facebook-import-msg2","$v":[{"t":"idOrVar","v":"imported"},"/",{"t":"idOrVar","v":"total"}," uvezeno"]},{"$i":"contactsMerged","$v":{"zero":"Nema dupliranih kontakata","one":"Jedan dupliran kontakt je spojen","two":[{"t":"idOrVar","v":"numDups"}," kontakta su spojena"],"few":[{"t":"idOrVar","v":"numDups"}," kontakata je spojeno"],"many":[{"t":"idOrVar","v":"numDups"}," kontakata je spojeno"],"other":[{"t":"idOrVar","v":"numDups"}," kontakata je spojeno"]},"$x":[{"t":"idOrVar","v":"plural"},"numDups"]},{"$i":"weekday-0-long","$v":"Nedelja"},{"$i":"weekday-1-long","$v":"Ponedeljak"},{"$i":"weekday-2-long","$v":"Utorak"},{"$i":"weekday-3-long","$v":"Sreda"},{"$i":"weekday-4-long","$v":"Četvrtak"},{"$i":"weekday-5-long","$v":"Petak"},{"$i":"weekday-6-long","$v":"Subota"},{"$i":"weekday-0-short","$v":"Ned"},{"$i":"weekday-1-short","$v":"Pon"},{"$i":"weekday-2-short","$v":"Uto"},{"$i":"weekday-3-short","$v":"Sre"},{"$i":"weekday-4-short","$v":"Čet"},{"$i":"weekday-5-short","$v":"Pet"},{"$i":"weekday-6-short","$v":"Sub"},{"$i":"month-0-long","$v":"januar"},{"$i":"month-1-long","$v":"februar"},{"$i":"month-2-long","$v":"mart"},{"$i":"month-3-long","$v":"april"},{"$i":"month-4-long","$v":"maj"},{"$i":"month-5-long","$v":"jun"},{"$i":"month-6-long","$v":"jul"},{"$i":"month-7-long","$v":"avgust"},{"$i":"month-8-long","$v":"septembar"},{"$i":"month-9-long","$v":"oktobar"},{"$i":"month-10-long","$v":"novembar"},{"$i":"month-11-long","$v":"decembar"},{"$i":"month-0-genitive","$v":"januara"},{"$i":"month-1-genitive","$v":"februara"},{"$i":"month-2-genitive","$v":"marta"},{"$i":"month-3-genitive","$v":"aprila"},{"$i":"month-4-genitive","$v":"maja"},{"$i":"month-5-genitive","$v":"juna"},{"$i":"month-6-genitive","$v":"jula"},{"$i":"month-7-genitive","$v":"avgusta"},{"$i":"month-8-genitive","$v":"septembra"},{"$i":"month-9-genitive","$v":"oktobra"},{"$i":"month-10-genitive","$v":"novembra"},{"$i":"month-11-genitive","$v":"decembra"},{"$i":"month-0-short","$v":"jan"},{"$i":"month-1-short","$v":"feb"},{"$i":"month-2-short","$v":"mar"},{"$i":"month-3-short","$v":"apr"},{"$i":"month-4-short","$v":"maj"},{"$i":"month-5-short","$v":"jun"},{"$i":"month-6-short","$v":"jul"},{"$i":"month-7-short","$v":"avg"},{"$i":"month-8-short","$v":"sep"},{"$i":"month-9-short","$v":"okt"},{"$i":"month-10-short","$v":"nov"},{"$i":"month-11-short","$v":"dec"},{"$i":"minutes-ago-long","$v":{"zero":"upravo","one":"pre minut","two":["pre ",{"t":"idOrVar","v":"value"}," minuta"],"few":["pre ",{"t":"idOrVar","v":"value"}," minuta"],"many":["pre ",{"t":"idOrVar","v":"value"}," minuta"],"other":["pre ",{"t":"idOrVar","v":"value"}," minuta"]},"$x":[{"t":"idOrVar","v":"plural"},"value"]},{"$i":"hours-ago-long","$v":{"zero":"upravo","one":"pre sat vremena","two":["pre ",{"t":"idOrVar","v":"value"}," sata"],"few":["pre ",{"t":"idOrVar","v":"value"}," sati"],"many":["pre ",{"t":"idOrVar","v":"value"}," sati"],"other":["pre ",{"t":"idOrVar","v":"value"}," sati"]},"$x":[{"t":"idOrVar","v":"plural"},"value"]},{"$i":"days-ago-long","$v":{"zero":"danas","one":"juče","two":["pre ",{"t":"idOrVar","v":"value"}," dana"],"few":["pre ",{"t":"idOrVar","v":"value"}," dana"],"many":["pre ",{"t":"idOrVar","v":"value"}," dana"],"other":["pre ",{"t":"idOrVar","v":"value"}," dana"]},"$x":[{"t":"idOrVar","v":"plural"},"value"]},{"$i":"weeks-ago-long","$v":{"zero":"ove nedelje","one":"prošle nedelje","two":["pre ",{"t":"idOrVar","v":"value"}," nedelje"],"few":["pre ",{"t":"idOrVar","v":"value"}," nedelja"],"many":["pre ",{"t":"idOrVar","v":"value"}," nedelja"],"other":["pre ",{"t":"idOrVar","v":"value"}," nedelja"]},"$x":[{"t":"idOrVar","v":"plural"},"value"]},{"$i":"months-ago-long","$v":{"zero":"ovog meseca","one":"prošlog meseca","two":["pre ",{"t":"idOrVar","v":"value"}," meseca"],"few":["pre ",{"t":"idOrVar","v":"value"}," meseci"],"many":["pre ",{"t":"idOrVar","v":"value"}," meseci"],"other":["pre ",{"t":"idOrVar","v":"value"}," meseci"]},"$x":[{"t":"idOrVar","v":"plural"},"value"]},{"$i":"years-ago-long","$v":{"zero":"ove godine","one":"prošle godine","two":["pre ",{"t":"idOrVar","v":"value"}," godine"],"few":["pre ",{"t":"idOrVar","v":"value"}," godina"],"many":["pre ",{"t":"idOrVar","v":"value"}," godina"],"other":["pre ",{"t":"idOrVar","v":"value"}," godina"]},"$x":[{"t":"idOrVar","v":"plural"},"value"]},{"$i":"minutes-until-long","$v":{"zero":"upravo","one":"za jedan minut","two":["za ",{"t":"idOrVar","v":"value"}," minuta"],"few":["za ",{"t":"idOrVar","v":"value"}," minuta"],"many":["za ",{"t":"idOrVar","v":"value"}," minuta"],"other":["za ",{"t":"idOrVar","v":"value"}," minuta"]},"$x":[{"t":"idOrVar","v":"plural"},"value"]},{"$i":"hours-until-long","$v":{"zero":"upravo","one":"za sat vremena","two":["za ",{"t":"idOrVar","v":"value"}," sata"],"few":["za ",{"t":"idOrVar","v":"value"}," sati"],"many":["za ",{"t":"idOrVar","v":"value"}," sati"],"other":["za ",{"t":"idOrVar","v":"value"}," sati"]},"$x":[{"t":"idOrVar","v":"plural"},"value"]},{"$i":"days-until-long","$v":{"zero":"danas","one":"sutra","two":["za ",{"t":"idOrVar","v":"value"}," dana"],"few":["za ",{"t":"idOrVar","v":"value"}," dana"],"many":["za ",{"t":"idOrVar","v":"value"}," dana"],"other":["za ",{"t":"idOrVar","v":"value"}," dana"]},"$x":[{"t":"idOrVar","v":"plural"},"value"]},{"$i":"weeks-until-long","$v":{"zero":"ove nedelje","one":"sledeće nedelje","two":["za ",{"t":"idOrVar","v":"value"}," nedelje"],"few":["za ",{"t":"idOrVar","v":"value"}," nedelja"],"many":["za ",{"t":"idOrVar","v":"value"}," nedelja"],"other":["za ",{"t":"idOrVar","v":"value"}," nedelja"]},"$x":[{"t":"idOrVar","v":"plural"},"value"]},{"$i":"months-until-long","$v":{"zero":"ovog meseca","one":"sledećeg meseca","two":["za ",{"t":"idOrVar","v":"value"}," meseca"],"few":["za ",{"t":"idOrVar","v":"value"}," meseci"],"many":["za ",{"t":"idOrVar","v":"value"}," meseci"],"other":["za ",{"t":"idOrVar","v":"value"}," meseci"]},"$x":[{"t":"idOrVar","v":"plural"},"value"]},{"$i":"years-until-long","$v":{"zero":"ove godine","one":"sledeće godine","two":["za ",{"t":"idOrVar","v":"value"}," godine"],"few":["za ",{"t":"idOrVar","v":"value"}," godina"],"many":["za ",{"t":"idOrVar","v":"value"}," godina"],"other":["za ",{"t":"idOrVar","v":"value"}," godina"]},"$x":[{"t":"idOrVar","v":"plural"},"value"]},{"$i":"minutes-ago-short","$v":{"zero":"upravo","other":["pre ",{"t":"idOrVar","v":"value"},"m"]},"$x":[{"t":"idOrVar","v":"plural"},"value"]},{"$i":"hours-ago-short","$v":{"zero":"upravo","other":["pre ",{"t":"idOrVar","v":"value"},"s"]},"$x":[{"t":"idOrVar","v":"plural"},"value"]},{"$i":"days-ago-short","$v":{"zero":"danas","other":["pre ",{"t":"idOrVar","v":"value"},"d"]},"$x":[{"t":"idOrVar","v":"plural"},"value"]},{"$i":"minutes-until-short","$v":{"zero":"upravo","other":["za ",{"t":"idOrVar","v":"value"},"m"]},"$x":[{"t":"idOrVar","v":"plural"},"value"]},{"$i":"hours-until-short","$v":{"zero":"upravo","other":["za ",{"t":"idOrVar","v":"value"},"s"]},"$x":[{"t":"idOrVar","v":"plural"},"value"]},{"$i":"days-until-short","$v":{"zero":"danas","other":["za ",{"t":"idOrVar","v":"value"},"d"]},"$x":[{"t":"idOrVar","v":"plural"},"value"]},{"$i":"incorrectDate","$v":"(netačan datum)"},{"$i":"dateTimeFormat_%c","$v":"%a %e %b %Y %H:%M:%S"},{"$i":"dateTimeFormat_%x","$v":"%d.%m.%Y"},{"$i":"dateTimeFormat_%X","$v":"%H:%M:%S"},{"$i":"shortTimeFormat","$v":"%H:%M"},{"$i":"shortTimeFormat12","$v":"%I:%M %p"},{"$i":"shortTimeFormat24","$v":"%H:%M"},{"$i":"shortDateTimeFormat","$v":"%x %H:%M"},{"$i":"weekStartsOnMonday","$v":"1"},{"$i":"firstDayOfTheWeek","$v":"1"},{"$i":"time_am","$v":"AM"},{"$i":"time_pm","$v":"PM"},{"$i":"label","$v":"Naslov"},{"$i":"mobile","$v":"Mobilni"},{"$i":"home","$v":"Kućni"},{"$i":"work","$v":"Poslovni"},{"$i":"personal","$v":"Lični"},{"$i":"faxHome","$v":"Kućni faks"},{"$i":"faxOffice","$v":"Faks u kancelariji"},{"$i":"faxOther","$v":"Drugi faksovi"},{"$i":"another","$v":"Drugo"},{"$i":"other","$v":"Ostalo"},{"$i":"customTag","placeholder":"Posebna oznaka"},{"$i":"current","$v":"Trenutna"},{"$i":"itemWithLabel","$v":[{"t":"idOrVar","v":"label"},", ",{"t":"idOrVar","v":"item"}]},{"$i":"addNewNumber","$v":"Dodaj novi broj"},{"$i":"contactDetails","$v":"Detalji kontakta"},{"$i":"addToExistingContact","$v":"Dodaj postojećem kontakt"},{"$i":"all","$v":"Svi","ariaLabel":"Svi"},{"$i":"bluetoothOption","ariaLabel":"Bluetooth"},{"$i":"callLog","$v":"Dnevnik poziva"},{"$i":"callLogEdit","title":"Uredi dnevnik poz."},{"$i":"callLogEditDialog","ariaLabel":"Uredi dijalog dnevnika poziva"},{"$i":"connecting","$v":"Povezivanje"},{"$i":"connectingEllipsis","$v":"Povezivanje…"},{"$i":"call-forwarding-async","$v":["Asinhrono: ",{"t":"idOrVar","v":"async"}]},{"$i":"call-forwarding-data","$v":["Podaci: ",{"t":"idOrVar","v":"data"}]},{"$i":"call-forwarding-error","$v":"Došlo je do greške pri dobavljanju statusa preusmeravanja poziva"},{"$i":"call-forwarding-fax","$v":["Faks: ",{"t":"idOrVar","v":"fax"}]},{"$i":"call-forwarding-inactive","$v":"Neaktivno"},{"$i":"call-forwarding-packet","$v":["Paket: ",{"t":"idOrVar","v":"packet"}]},{"$i":"call-forwarding-pad","$v":["PAD: ",{"t":"idOrVar","v":"pad"}]},{"$i":"call-forwarding-sms","$v":["SMS: ",{"t":"idOrVar","v":"sms"}]},{"$i":"call-forwarding-status","$v":"Status preusmeravanja poziva"},{"$i":"call-forwarding-sync","$v":["Sinhrono: ",{"t":"idOrVar","v":"sync"}]},{"$i":"call-forwarding-voice","$v":["Glas: ",{"t":"idOrVar","v":"voice"}]},{"$i":"confirm-deletion","$v":"Obriši odabrane pozive?"},{"$i":"createNewContact","$v":"Dodaj novi kontakt"},{"$i":"dialerAddContact","ariaLabel":"Dodaj kontakt"},{"$i":"dialerAddContactDialog","ariaLabel":"Dijalog za dodavanje kontakta"},{"$i":"callInformation","$v":"Informacije o pozivu"},{"$i":"edit-selected","$v":{"one":[{"t":"idOrVar","v":"n"}," odabran"],"two":[{"t":"idOrVar","v":"n"}," odabrana"],"few":[{"t":"idOrVar","v":"n"}," odabrano"],"many":[{"t":"idOrVar","v":"n"}," odabrano"],"other":[{"t":"idOrVar","v":"n"}," odabrano"]},"$x":[{"t":"idOrVar","v":"plural"},"n"]},{"$i":"hideKeypad","ariaLabel":"Sakrij tastaturu"},{"$i":"ignore","$v":"Zanemari poziv"},{"$i":"incoming","$v":"Dolazni"},{"$i":"keypad","ariaLabel":"Tastatura"},{"$i":"info-missed","$v":"Propušteni"},{"$i":"missed","$v":"Propušteni","ariaLabel":"Propušteni"},{"$i":"canceled","$v":"Otkazano"},{"$i":"missedCall","$v":"Propušten poziv"},{"$i":"missedCallMultiSims","$v":["(SIM ",{"t":"idOrVar","v":"n"},") propušten poziv"]},{"$i":"mmi-error","$v":"Došlo je do greške pri slanju poruke"},{"$i":"mmi-session-expired","$v":"Sesija je istekla"},{"$i":"mmi-successfully-sent","$v":"Poruka je uspešno poslata"},{"$i":"mmi-notification-title-with-sim","$v":["(",{"t":"idOrVar","v":"sim"},") ",{"t":"idOrVar","v":"title"}]},{"$i":"mute","ariaLabel":"Prigušiti ton"},{"$i":"newCall","ariaLabel":"Novi poziv"},{"$i":"no-logs-msg-1","$v":"Nema zapamćenih poziva"},{"$i":"no-logs-msg-2","$v":"Započnite komunicirati"},{"$i":"no-logs-msg-3","$v":"Nema propuštenih poziva"},{"$i":"onHoldOption","ariaLabel":"Na čekanju"},{"$i":"outgoing","$v":"Odlazni"},{"$i":"recents","ariaLabel":"Nedavni pozivi"},{"$i":"reply","$v":"Odgovori"},{"$i":"send","$v":"Pošalji"},{"$i":"switch-calls","$v":"Zameni pozive"},{"$i":"withheld-number","$v":"Sakriven broj"},{"$i":"from-contact","$v":["Od ",{"t":"idOrVar","v":"contact"}]},{"$i":"from-number","$v":["Od ",{"t":"idOrVar","v":"number"}]},{"$i":"from-withheld-number","$v":"Sa sakrivenog broja"},{"$i":"sending","$v":"Slanje…"},{"$i":"speakerOption","ariaLabel":"Zvučnik"},{"$i":"ussd-services","$v":[{"t":"idOrVar","v":"operator"}," servisi"]},{"$i":"toggleKeypad","ariaLabel":"Promeni stanje tastature"},{"$i":"type-your-response","placeholder":"Upišite svoj odgovor…"},{"$i":"clear-all-text","$v":"Obriši sav tekst"},{"$i":"hide","$v":"Sakrij"},{"$i":"hold","ariaLabel":"Stavi na čekanje"},{"$i":"resume","$v":"Nastavi","ariaLabel":"Nastavi"},{"$i":"sendSms","$v":"Pošalji poruku"},{"$i":"callEnded","$v":"Poziv je završen"},{"$i":"via-sim","$v":["preko SIM",{"t":"idOrVar","v":"n"}]},{"$i":"sim-number","$v":["SIM",{"t":"idOrVar","v":"n"}]},{"$i":"unknown","$v":"Nepoznat"},{"$i":"hangup-a11y-button","ariaLabel":"Spusti"},{"$i":"pickup-a11y-button","ariaLabel":"Javi se"},{"$i":"unlock-a11y-button","ariaLabel":"Klizač"},{"$i":"settings","$v":"Postavke"},{"$i":"delete-n-log?","$v":{"zero":"Ništa nije odabrano","one":"Izbrisati odabranu stavku?","two":["Izbrisati ",{"t":"idOrVar","v":"n"}," stavke?"],"few":["Izbrisati ",{"t":"idOrVar","v":"n"}," stavki?"],"many":["Izbrisati ",{"t":"idOrVar","v":"n"}," stavki?"],"other":["Izbrisati ",{"t":"idOrVar","v":"n"}," stavki?"]},"$x":[{"t":"idOrVar","v":"plural"},"n"]},{"$i":"callDurationMinutes","$v":[{"t":"idOrVar","v":"m"},":",{"t":"idOrVar","v":"s"}]},{"$i":"callDurationHours","$v":[{"t":"idOrVar","v":"h"},":",{"t":"idOrVar","v":"m"},":",{"t":"idOrVar","v":"s"}]},{"$i":"callDurationTextFormatSeconds","$v":[{"t":"idOrVar","v":"s"}," sek"]},{"$i":"callDurationTextFormatMinutes","$v":[{"t":"idOrVar","v":"m"}," min ",{"t":"idOrVar","v":"s"}," sek"]},{"$i":"callDurationTextFormatHours","$v":[{"t":"idOrVar","v":"h"}," sat ",{"t":"idOrVar","v":"m"}," min ",{"t":"idOrVar","v":"s"}," sek"]},{"$i":"suggestionMatches","$v":{"one":[{"t":"idOrVar","v":"n"}," poklapanje sa \"",{"t":"idOrVar","v":"matchNumber"},"\""],"two":[{"t":"idOrVar","v":"n"}," poklapanja sa \"",{"t":"idOrVar","v":"matchNumber"},"\""],"few":[{"t":"idOrVar","v":"n"}," poklapanja sa \"",{"t":"idOrVar","v":"matchNumber"},"\""],"many":[{"t":"idOrVar","v":"n"}," poklapanja sa \"",{"t":"idOrVar","v":"matchNumber"},"\""],"other":[{"t":"idOrVar","v":"n"}," poklapanja sa \"",{"t":"idOrVar","v":"matchNumber"},"\""]},"$x":[{"t":"idOrVar","v":"plural"},"n"]},{"$i":"scCallBarring","$v":"Zabrana poz."},{"$i":"scCallForwarding","$v":"Preusmer."},{"$i":"scClip","$v":"ID poziva"},{"$i":"scClir","$v":"ID poziva"},{"$i":"scPwd","$v":"Promena lozinke"},{"$i":"scCallWaiting","$v":"Poziv na čekanju"},{"$i":"scPin","$v":"Promeni PIN"},{"$i":"scPin2","$v":"Promeni PIN2"},{"$i":"scPuk","$v":"Deblokiranje"},{"$i":"scPuk2","$v":"Deblokiranje"},{"$i":"scImei","$v":"IMEI"},{"$i":"scUssd","$v":"USSD"},{"$i":"serviceClassVoice","$v":"Glas"},{"$i":"serviceClassData","$v":"Podaci"},{"$i":"serviceClassFax","$v":"Faks"},{"$i":"serviceClassSms","$v":"SMS"},{"$i":"serviceClassDataSync","$v":"Sinhronizacija"},{"$i":"serviceClassDataAsync","$v":"Asinhronizacija"},{"$i":"serviceClassPacket","$v":"Paket"},{"$i":"serviceClassPad","$v":"PAD"},{"$i":"smServiceEnabled","$v":"Usluga je omogućena"},{"$i":"smServiceDisabled","$v":"Usluga je onemogućena"},{"$i":"smServiceRegistered","$v":"Registracija uspešna"},{"$i":"smServiceErased","$v":"Brisanje uspešno"},{"$i":"smServiceInterrogated","$v":"Zahtev uspešan"},{"$i":"smServiceNotProvisioned","$v":"Usluga nije dostupna"},{"$i":"smClirPermanent","$v":"Ne možete da promenite ID pozivaoca"},{"$i":"smClirDefaultOnNextCallOn","$v":"ID pozivaoca po podrazumevanom je sakriven. Sledeći poziv: sakriven"},{"$i":"smClirDefaultOnNextCallOff","$v":"ID pozivaoca po podrazumevanom je sakriven. Sledeći poziv: vidljiv"},{"$i":"smClirDefaultOffNextCallOn","$v":"ID pozivaoca po podrazumevanom nije sakriven. Sledeći poziv: sakriven"},{"$i":"smClirDefaultOffNextCallOff","$v":"ID pozivaoca po podrazumevanom nije sakriven. Sledeći poziv: vidljiv"},{"$i":"smServiceEnabledFor","$v":"Usluga omogućena za:"},{"$i":"smPinChanged","$v":"PIN je uspešno promenjen"},{"$i":"smPinUnblocked","$v":"PIN je uspešno odblokiran"},{"$i":"smPin2Changed","$v":"PIN2 je uspešno promenjen"},{"$i":"smPin2Unblocked","$v":"PIN2 je uspešno odblokiran"},{"$i":"ServiceIsEnabled","$v":"Servis je omogućen"},{"$i":"ServiceIsDisabled","$v":"Servis je onemogućen"},{"$i":"ServiceIsEnabledFor","$v":"Servis je omogućen za:"},{"$i":"emMmiError","$v":"Problem u vezi ili je MMI kod neispravan"},{"$i":"emMmiErrorPasswordIncorrect","$v":"Pogrešna lozinka"},{"$i":"emMmiErrorNotSupported","$v":"Neispravan ili nepodržan MMI kod"},{"$i":"emMmiErrorInvalidAction","$v":"Neispravna akcija"},{"$i":"emMmiErrorInvalidScCode","$v":"Nevažeći servisni kod"},{"$i":"emMmiErrorBadPuk","$v":"PUK koji ste uneli nije tačan"},{"$i":"emMmiErrorBadPin","$v":"Stari PIN koji ste uneli nije tačan."},{"$i":"emMmiErrorNeedPuk2","$v":"Unesite PUK2 da biste skinuli blokadu sa kartice"},{"$i":"emMmiErrorMismatchPin","$v":"PIN-ovi se ne poklapaju"},{"$i":"emMmiErrorInvalidPin","$v":"Unesite PIN koji sadrži 4 do 8 karaktera"},{"$i":"emMmiErrorNeedsPuk","$v":"Vaša SIM kartica je zaključana PUK kodom"},{"$i":"emMmiErrorEnablePin","$v":"Neuspešno. Omogućite SIM/RUIM LOCK"},{"$i":"emMmiErrorMmiFdn","$v":"Operacija je ograničena samo na fiksno biranje brojeva"},{"$i":"emMmiErrorStkCcUssdDial","$v":"USSD zahtev je promenjen u DIAL zahtev"},{"$i":"emMmiErrorStkCcUssdSs","$v":"USSD zahtev je promenjen u SS zahtev"},{"$i":"emMmiErrorStkCcUssdUssd","$v":"USSD zahtev je promenjen u novi USSD zahtev"},{"$i":"emMmiErrorStkCcSsDial","$v":"SS zahtev je promenjen u DIAL zahtev"},{"$i":"emMmiErrorStkCcSsUssd","$v":"SS zahtev je promenjen u USSD zahtev"},{"$i":"emMmiErrorStkCcSsSs","$v":"SS zahtev je promenjen u novi SS zahtev"},{"$i":"emMmiErrorPinPukAttempts","$v":{"one":["Preostao je samo ",{"t":"idOrVar","v":"n"}," pokušaj"],"two":["Preostala su ",{"t":"idOrVar","v":"n"}," pokušaja"],"few":["Preostalo je ",{"t":"idOrVar","v":"n"}," pokušaja"],"many":["Preostalo je ",{"t":"idOrVar","v":"n"}," pokušaja"],"other":["Preostalo je ",{"t":"idOrVar","v":"n"}," pokušaja"]},"$x":[{"t":"idOrVar","v":"plural"},"n"]},{"$i":"emMmiErrorSimBlocked","$v":"Maksimalan broj pokušaja prekoračen. SIM kartica je blokirana"},{"$i":"RadioNotAvailable","$v":"Radio nije dostupan"},{"$i":"GenericFailure","$v":"Generička greška"},{"$i":"PasswordIncorrect","$v":"Pogrešna lozinka"},{"$i":"SimPin2","$v":"SIM PIN2"},{"$i":"SimPuk2","$v":"SIM PUK2"},{"$i":"RequestNotSupported","$v":"Zahtev nije podržan"},{"$i":"OpNotAllowedDuringVoiceCall","$v":"Operacija nije dozvoljena tokom razgovora"},{"$i":"SmsSendFailRetry","$v":"Neuspešno slanje SMS-a"},{"$i":"SimAbsent","$v":"SIM kartica nije pronađena"},{"$i":"SubscriptionNotAvailable","$v":"Pretplata nije dostupna"},{"$i":"ModeNotSupported","$v":"Režim nije podržan"},{"$i":"FdnCheckFailure","$v":"Fdn greška pri proveri"},{"$i":"IllegalSimOrMe","$v":"Nedopušten SIM ili ME"},{"$i":"DialModifiedToUssd","$v":"Biranje izmenjeno u USSD"},{"$i":"DialModifiedToSs","$v":"Biranje izmenjeno u SS"},{"$i":"DialModifiedToDial","$v":"Biranje izmenjeno u poziv"},{"$i":"UssdModifiedToDial","$v":"USSD izmenjen u poziv"},{"$i":"UssdModifiedToSs","$v":"USSD izmenjen u SS"},{"$i":"UssdModifiedToUssd","$v":"USSD izmenjen u USSD"},{"$i":"SsModifiedToDial","$v":"SS izmenjen u poziv"},{"$i":"SsModifiedToUssd","$v":"SS izmenjen u USSD"},{"$i":"SsModifiedToSs","$v":"SS izmenjen u SS"},{"$i":"SubscriptionNotSupported","$v":"Pretplata nije podržana"},{"$i":"InvalidParameter","$v":"Neispravan parametar"},{"$i":"RejectedByRemote","$v":"Odbijen od udaljenog uređaja"},{"$i":"conferenceCall","$v":["Konferencija (",{"t":"idOrVar","v":"n"},")"]},{"$i":"caller-left-call","$v":[{"t":"idOrVar","v":"caller"}," je napustio poziv."]},{"$i":"conferenceAddError","$v":"Nije moguće spojiti pozive"},{"$i":"conferenceRemoveError","$v":"Nije moguće odvojiti pozive"},{"$i":"longDateFormat","$v":"%A, %e %B"},{"$i":"select-audio-sources","$v":"Odaberite zvučne izvore"},{"$i":"bluetooth-handsfree-device","$v":"Bluetooth handsfree uređaj"},{"$i":"receiver","$v":"Slušalica"},{"$i":"speaker","$v":"Zvučnik"},{"$i":"voicemailNoNumberTitle","$v":"Broj govorne pošte je nedostupan"},{"$i":"voicemailNoNumberText","$v":"Pozivanje govorne pošte nije moguće. Podesite broj govorne pošte da biste pozvali."},{"$i":"voicemailNoNumberSettings","$v":"Postavke"},{"$i":"voicemailNoNumberCancel","$v":"Otkaži"},{"$i":"phoneNumberInput","ariaLabel":"Broj telefona"},{"$i":"keypadDelete","ariaLabel":"Obriši"},{"$i":"voiceMailKey","ariaLabel":"Govorna pošta"},{"$i":"asterisk","ariaLabel":"Zvezdica"},{"$i":"hashSign","ariaLabel":"Taraba"},{"$i":"loadingSimContacts","$v":"Loading SIM card contacts…"},{"$i":"noContactsWereFound","$v":"No contacts were found"},{"$i":"noContactsFoundDialogOk","$v":"OK"},{"$i":"emergencyNumber","$v":"Broj za hitne slučajeve"},{"$i":"callAirplaneModeMessage","$v":"Da biste uspostavili poziv morate onemogućiti režim u avionu."},{"$i":"callAirplaneModeBtnOk","$v":"U redu"},{"$i":"callAirplaneModeTitle","$v":"Režim u avionu je aktiviran"},{"$i":"numberIsBusyTitle","$v":"Broj je zauzet"},{"$i":"numberIsBusyMessage","$v":"Broj je trenutno zauzet. Molimo Vas pokušajte kasnije."},{"$i":"fdnIsActiveTitle","$v":"FDN je aktivan"},{"$i":"fdnIsActiveMessage","$v":["FDN (Fixed Dialing Numbers) je aktiviran i sledeći broj nije u Vašoj FDN listi: ",{"t":"idOrVar","v":"number"}]},{"$i":"emergencyDialogBodyBadNumber","$v":"Da biste uspostavili poziv, telefon mora biti povezan na mrežu."},{"$i":"emergencyDialogBodyDeviceNotAccepted","$v":"Hitni pozivi nisi omogućeni u ovoj mreži."},{"$i":"emergencyDialogBtnOk","$v":"U redu"},{"$i":"emergencyDialogTitle","$v":"Nema mrežne veze"},{"$i":"invalidNumberToDialTitle","$v":"Neispravan broj telefona"},{"$i":"invalidNumberToDialMessage","$v":"Broj telefona koji pozivate nije validan."},{"$i":"unableToCallTitle","$v":"Ne mogu da uspostavim poziv"},{"$i":"unableToCallMessage","$v":"Ne mogu da uspostavim poziv. Ako već pozivate, molimo Vas da prvo prekinete."},{"$i":"otherConnectionInUseTitle","$v":"Druga veza se koristi"},{"$i":"otherConnectionInUseMessage","$v":"Imate aktivan poziv na drugoj vezi. Možete da koristite samo jednu vezu istovremeno."}]