[{"$i":"close","$v":"Stäng"},{"$i":"import","$v":"Importera"},{"$i":"update","$v":"Uppdatera"},{"$i":"fbFriends","$v":"Facebook-vänner"},{"$i":"live-serviceName","$v":"Outlook"},{"$i":"gmail-serviceName","$v":"Gmail"},{"$i":"facebook-serviceName","$v":"Facebook-vänner"},{"$i":"selectAll","$v":"Markera alla"},{"$i":"deselectAll","$v":"Avmarkera alla"},{"$i":"viewAll","$v":"Visa alla Facebook-vänner"},{"$i":"viewRecommend","$v":"Visa endast rekommenderade"},{"$i":"linkProposal","$v":{"zero":"Inga matchande vänner. Visar alla","one":"Markera den rekommenderade","two":"Markera rekommenderade","few":"Markera rekommenderade","many":"Markera rekommenderade","other":"Markera rekommenderade"},"$x":[{"t":"idOrVar","v":"plural"},"numFriends"]},{"$i":"fbFriendsFound","$v":{"zero":"Alla dina vänner har importerats","one":"Hittade en vän att importera","two":["Hittade ",{"t":"idOrVar","v":"numFriends"}," vänner att importera"],"few":["Hittade ",{"t":"idOrVar","v":"numFriends"}," vänner att importera"],"many":["Hittade ",{"t":"idOrVar","v":"numFriends"}," vänner att importera"],"other":["Hittade ",{"t":"idOrVar","v":"numFriends"}," vänner att importera"]},"$x":[{"t":"idOrVar","v":"plural"},"numFriends"]},{"$i":"fbNoFriends","$v":"Inga kontakter att importera"},{"$i":"facebook","$v":"Facebook"},{"$i":"search-contact","placeholder":"Sök"},{"$i":"noResults","$v":"Inga kontakter hittades"},{"$i":"done-search","$v":"Klar"},{"$i":"progressFB3ImportTitle","$v":"Importerar vänner till kontakter"},{"$i":"progressFB","$v":[{"t":"idOrVar","v":"current"},"/",{"t":"idOrVar","v":"total"}]},{"$i":"progressFB3UpdateTitle","$v":"Uppdaterar vänner i kontakter"},{"$i":"message2","$v":"Detta kan ta ett par minuter"},{"$i":"messageLinking","$v":"Var god vänta. Länkar din vän och din kontakt."},{"$i":"messageCanceling","$v":"Var god vänta. Avbryter pågående operation."},{"$i":"error1","$v":["Fel ",{"t":"idOrVar","v":"from"}]},{"$i":"error2","$v":"Vill du försöka igen?"},{"$i":"errorProposal","$v":"beräknar förslag"},{"$i":"errorFriends","$v":"hämtar vänner"},{"$i":"errorLinking","$v":"länkar kontakter"},{"$i":"timeout1","$v":["Överskred tidsgräns ",{"t":"idOrVar","v":"from"}]},{"$i":"timeout2","$v":"Vill du försöka igen?"},{"$i":"timeoutProposal","$v":"beräknar förslag"},{"$i":"timeoutFriends","$v":"hämtar vänner"},{"$i":"timeoutLinking","$v":"länkar kontakter"},{"$i":"wait1","$v":"Var god vänta"},{"$i":"wait2","$v":"Detta kan ta ett par minuter"},{"$i":"waitProposal","$v":"Var god vänta. Beräknar förslag."},{"$i":"waitFriends","$v":"Var god vänta. Ansluter för att hämta din vänlista."},{"$i":"curtainCancel","$v":"Avbryt"},{"$i":"curtainRetry","$v":"Försök igen"},{"$i":"curtainOK","$v":"OK"},{"$i":"connectionLost","$v":"Ingen internetanslutning"},{"$i":"connectionLostMsg","$v":"Vänners bilder kommer inte att läggas till i dina kontakter. Fortsätt ändå?"},{"$i":"yesOption","$v":"OK"},{"$i":"noOption","$v":"Avbryt"},{"$i":"friendsUpdated","$v":{"zero":"Inga vänner uppdaterade","one":"Uppdaterade en vän","two":["Uppdaterade ",{"t":"idOrVar","v":"numFriends"}," vänner"],"few":["Uppdaterade ",{"t":"idOrVar","v":"numFriends"}," vänner"],"many":["Uppdaterade ",{"t":"idOrVar","v":"numFriends"}," vänner"],"other":["Uppdaterade ",{"t":"idOrVar","v":"numFriends"}," vänner"]},"$x":[{"t":"idOrVar","v":"plural"},"numFriends"]},{"$i":"friendsMerged","$v":{"zero":"Inga duplicerade vänner sammanslagna","one":"En duplicerad vän sammanslagen","two":[{"t":"idOrVar","v":"numDups"}," vänner sammanslagna"],"few":[{"t":"idOrVar","v":"numDups"}," vänner sammanslagna"],"many":[{"t":"idOrVar","v":"numDups"}," vänner sammanslagna"],"other":[{"t":"idOrVar","v":"numDups"}," vänner sammanslagna"]},"$x":[{"t":"idOrVar","v":"plural"},"numDups"]},{"$i":"notificationLogin","$v":"Din Facebook-session är ogiltig. Vänligen logga in."},{"$i":"syncError","$v":"Det uppstod ett fel vid synkronisering av din väns uppgifter"},{"$i":"waitDuplicateContacts","$v":"Söker efter duplicerade kontakter"},{"$i":"waitMergingDuplicateContacts","$v":"Slå samman duplicerade kontakter"},{"$i":"alertNoDuplicateContacts","$v":"Inga duplicerade kontakter hittades"},{"$i":"merge","ariaLabel":"Sammanfoga"},{"$i":"mergeDuplicateTitle","$v":"Slå samman dubbletter"},{"$i":"suggestedDuplicateContacts","$v":["Förslag till dubbletter för kontakt ",{"t":"idOrVar","v":"name"}]},{"$i":"mergeActionButtonLabel","$v":{"zero":"Inga kontakter har valts","one":["Slå samman med ",{"t":"idOrVar","v":"n"}," kontakt"],"two":["Slå samman med ",{"t":"idOrVar","v":"n"}," kontakter"],"few":["Slå samman med ",{"t":"idOrVar","v":"n"}," kontakter"],"many":["Slå samman med ",{"t":"idOrVar","v":"n"}," kontakter"],"other":["Slå samman med ",{"t":"idOrVar","v":"n"}," kontakter"]},"$x":[{"t":"idOrVar","v":"plural"},"n"]},{"$i":"duplicatesFoundTitle","$v":"Dubbletter hittades"},{"$i":"duplicatesFoundMessage","$v":[{"t":"idOrVar","v":"name"}," duplicerad information i följande kontakter"]},{"$i":"ok","$v":"OK"},{"$i":"gaia-menu-cancel","$v":"Avbryt"},{"$i":"gaia-sim-picker-dial-via-with-number","$v":["Ring ",{"t":"idOrVar","v":"phoneNumber"}," via"]},{"$i":"gaia-sim-picker-select-sim","$v":"Välj SIM"},{"$i":"gaia-sim-picker-button","$v":["SIM",{"t":"idOrVar","v":"n"}]},{"$i":"gaia-sim-picker-button-default","$v":"(standard)"},{"$i":"call","$v":"Ring"},{"$i":"edit","$v":"Redigera"},{"$i":"cancel","$v":"Avbryt"},{"$i":"done","$v":"Klar"},{"$i":"retry","$v":"Försök igen"},{"$i":"contacts","$v":"Kontakter"},{"$i":"addContact","$v":"Lägg till kontakt"},{"$i":"deleteContact","$v":"Ta bort kontakt"},{"$i":"selectContact","$v":"Välj kontakt"},{"$i":"editContact","$v":"Redigera"},{"$i":"deleteConfirmMsg","$v":"Ta bort kontakt?"},{"$i":"remove","$v":"Ta bort"},{"$i":"delete","$v":"Ta bort"},{"$i":"comments","$v":"Kommentarer"},{"$i":"no_contact_phones","$v":"Kontakten har inget telefonnummer"},{"$i":"no_contact_email","$v":"Kontakten har ingen e-postadress"},{"$i":"no_contact_data","$v":"Kontakten har inget telefonnummer och e-postadress"},{"$i":"removePhotoConfirm","$v":"Ta bort bild för kontakt?"},{"$i":"loadingContacts","$v":"Laddar kontakter…"},{"$i":"noContactsActivity2","$v":"Inga kontakter i din kontaktlista"},{"$i":"noName","$v":"Inget namn"},{"$i":"givenName","placeholder":"Namn"},{"$i":"familyName","placeholder":"Efternamn"},{"$i":"tel","placeholder":"Nummer"},{"$i":"carrier","$v":"Operatör","placeholder":"Operatör"},{"$i":"separator","$v":","},{"$i":"email","$v":"E-post","placeholder":"E-post"},{"$i":"streetAddress","placeholder":"Gatuadress"},{"$i":"postalCode","placeholder":"Postnummer"},{"$i":"locality","placeholder":"Postort"},{"$i":"countryName","placeholder":"Land"},{"$i":"comment","placeholder":"Kommentar"},{"$i":"org","placeholder":"Företag"},{"$i":"date","$v":"Datum","placeholder":"Datum"},{"$i":"date-span-placeholder","$v":"Datum"},{"$i":"birthday","$v":"Födelsedag"},{"$i":"dateFormat","$v":"%e %B"},{"$i":"dateOutput","$v":[{"t":"idOrVar","v":"dayMonthFormatted"}," ",{"t":"idOrVar","v":"year"}]},{"$i":"anniversary","$v":"Årsdag"},{"$i":"addPhoto","$v":"Lägg till bild"},{"$i":"addPhone","$v":"Lägg till nummer"},{"$i":"addEmail","$v":"Lägg till e-post"},{"$i":"addAddress","$v":"Lägg till adress"},{"$i":"addDate","$v":"Lägg till datum"},{"$i":"addComment","$v":"Lägg till kommentar"},{"$i":"addFavorite","$v":"Lägg till som favorit"},{"$i":"removeFavorite","$v":"Ta bort som favorit"},{"$i":"addButton","ariaLabel":"Lägg till"},{"$i":"editButton","ariaLabel":"Redigera"},{"$i":"settingsButton","ariaLabel":"Inställningar"},{"$i":"phoneDetail","ariaLabel":"Telefon"},{"$i":"emailDetail","ariaLabel":"E-post"},{"$i":"addressDetail","ariaLabel":"Adress"},{"$i":"dateDetail","ariaLabel":"Datum"},{"$i":"composeEmail","ariaLabel":"E-post"},{"$i":"makeCall","ariaLabel":"Ring"},{"$i":"phones","ariaLabel":"Telefoner"},{"$i":"emails","ariaLabel":"E-post"},{"$i":"addresses","ariaLabel":"Adresser"},{"$i":"dates","ariaLabel":"Datum"},{"$i":"notes","ariaLabel":"Anteckningar"},{"$i":"exit","$v":"Avsluta"},{"$i":"expand","$v":"Expandera"},{"$i":"labelName","$v":"Namn:"},{"$i":"labelLastName","$v":"Efternamn:"},{"$i":"labelPhoneNumber","$v":"Telefonnummer:"},{"$i":"labelCarrier","$v":"Operatör:"},{"$i":"labelEmail","$v":"E-post:"},{"$i":"labelStreet","$v":"Gatuadress:"},{"$i":"labelZip","$v":"Postnummer:"},{"$i":"labelCity","$v":"Postort:"},{"$i":"labelCountry","$v":"Land:"},{"$i":"labelComment","$v":"Kommentar:"},{"$i":"legendTitleMain","$v":"Huvudinformation"},{"$i":"legendPhones","$v":"Telefonnummer"},{"$i":"legendEmail","$v":"E-postadress"},{"$i":"legendAddress","$v":"Adress"},{"$i":"transferContactsTitle","$v":"Överför kontakter"},{"$i":"importContactsTitle","$v":"Importera kontakter"},{"$i":"importContactsButton","$v":"Importera kontakter"},{"$i":"exportContactsTitle","$v":"Exportera kontakter"},{"$i":"exportContactsButton","$v":"Exportera kontakter"},{"$i":"exportContactsAction","$v":"Exportera"},{"$i":"simExport-title","$v":"Exportera till SIM-kort"},{"$i":"memoryCardExport-title","$v":"Exportera till minneskort"},{"$i":"btExport-title","$v":"Exportera till bluetooth"},{"$i":"memoryCardUMSEnabled","$v":"Kan inte använda minneskort eftersom USB-lagring är aktiverad"},{"$i":"exportErrorTitle","$v":"Exporteringsfel"},{"$i":"contactsExported2","$v":{"zero":"Inga kontakter exporterade","one":[{"t":"idOrVar","v":"exported"},"/",{"t":"idOrVar","v":"total"}," kontakter exporterade"],"two":[{"t":"idOrVar","v":"exported"},"/",{"t":"idOrVar","v":"total"}," kontakter exporterade"],"few":[{"t":"idOrVar","v":"exported"},"/",{"t":"idOrVar","v":"total"}," kontakter exporterade"],"many":[{"t":"idOrVar","v":"exported"},"/",{"t":"idOrVar","v":"total"}," kontakter exporterade"],"other":[{"t":"idOrVar","v":"exported"},"/",{"t":"idOrVar","v":"total"}," kontakter exporterade"]},"$x":[{"t":"idOrVar","v":"plural"},"exported"]},{"$i":"exportError-general","$v":"Fel uppstod vid exportering"},{"$i":"exportError-SD-shared","$v":"Kan inte komma åt minneskortet eftersom det är delat"},{"$i":"exportError-SD-unavailable","$v":"Minneskortet är inte tillgängligt"},{"$i":"exportError-SD-noSpace","$v":"Det finns inte tillräckligt med utrymme på minneskortet för att exportera kontakter"},{"$i":"exportError-SIM-unavailable","$v":"SIM-kortet är inte tillgängligt"},{"$i":"exportError-BT-shared","$v":"Kan inte komma åt minneskortet eftersom det är delat"},{"$i":"exportError-BT-unavailable","$v":"Minneskortet är inte tillgängligt"},{"$i":"exportError-BT-noSpace","$v":"Det finns inte tillräckligt med utrymme på minneskortet för att exportera kontakter"},{"$i":"social-network","$v":"Sociala nätverk"},{"$i":"social-link","$v":"Länka kontakt"},{"$i":"social-unlink","$v":"Avlänka kontakt"},{"$i":"social-unlink-confirm-title","$v":"Vill du ta bort länk till din vän?"},{"$i":"social-unlink-confirm-accept","$v":"Avlänka"},{"$i":"facebook-import","$v":"Importera Facebook-vänner"},{"$i":"show-fb-profile","$v":"Visa Facebook-profil"},{"$i":"msg-send","$v":"Meddelande"},{"$i":"wall-post","$v":"Vägginlägg"},{"$i":"share-contact","$v":"Dela kontakt"},{"$i":"facebook-export-forbidden","$v":"Kontakten kan inte delas på grund av begränsningar i Facebook."},{"$i":"otherAccount","$v":"Andra konton"},{"$i":"facebookSwitchMsg","$v":"Synkronisera vänner"},{"$i":"select_mobile","$v":"Välj mobil"},{"$i":"select_email","$v":"Välj e-post"},{"$i":"select_recipient","$v":"Välj mottagare"},{"$i":"contactsOrderBy","$v":"Sortera efter efternamn"},{"$i":"importSim2","$v":"SIM-kort"},{"$i":"importGmail","$v":"Gmail"},{"$i":"bluetooth","$v":"Bluetooth"},{"$i":"importOutlook","$v":"Outlook"},{"$i":"fbUpdateFriends","$v":"Uppdatera importerade vänner"},{"$i":"cleaningFbData","$v":"Tar bort Facebook data"},{"$i":"loggingOutFb","$v":"Loggar ut från Facebook"},{"$i":"cleanFbConfirmMsg","$v":"Ta bort all Facebook data?"},{"$i":"renewPwdMsg","$v":"Ditt lösenord till Facebook har ändrats. Vänligen, uppdatera."},{"$i":"notEnabledYet","$v":"Inte aktiverat än"},{"$i":"genericNoConnection","$v":"För att importera kontakter anslut till Wi-Fi eller datanät"},{"$i":"simCard","$v":"SIM-kort"},{"$i":"memoryCard","$v":"Minneskort"},{"$i":"simNumberNoMSISDN","$v":["SIM ",{"t":"idOrVar","v":"number"},":"]},{"$i":"simNumberWithMSISDN","$v":["SIM ",{"t":"idOrVar","v":"number"},": ",{"t":"idOrVar","v":"msisdn"}]},{"$i":"ICEContactsGroup","$v":"ICE-kontakter"},{"$i":"setICEButton","$v":"Ange ICE-kontakter"},{"$i":"ICESettingTitle","$v":"ICE-kontakter"},{"$i":"ICEDescription","$v":"Lägg till två kontakter för att ringa vid nödsamtal."},{"$i":"ICEContact1","$v":"ICE-kontakt 1"},{"$i":"ICESelectContact","$v":"Välj en kontakt"},{"$i":"ICEContact2","$v":"ICE-kontakt 2"},{"$i":"ICERepeatedContact","$v":"Denna kontakt är redan en ICE-kontakt"},{"$i":"ICEUnknownError","$v":"Ett fel uppstod när ICE-kontakt skulle anges"},{"$i":"ICEContactNoNumber","$v":"Denna kontakt har inte ett telefonnummer "},{"$i":"ICEFacebookContactNotAllowed","$v":"Facebook-kontakter kan inte vara ICE-kontakter"},{"$i":"ICEContactDelTel","$v":"Borttagna telefonnummer tas bort från ICE-kontakt "},{"$i":"ICEContactDelTelAll","$v":"Alla nummer tas bort. Kontakten tas bort från ICE-kontakter."},{"$i":"no-contacts","$v":"Inga kontakter"},{"$i":"start-adding","$v":"Börja lägga till dem nu"},{"$i":"notImported","$v":"Importera inte"},{"$i":"imported","$v":"Importerad"},{"$i":"today","$v":"Idag"},{"$i":"yesterday","$v":"Igår"},{"$i":"organise-contacts","$v":"Organisera kontakter"},{"$i":"find-merge-contacts","$v":"Hitta duplicerade kontakter"},{"$i":"preparing-contacts","$v":"Förbereder kontakter"},{"$i":"exportError-SIM-NoFreeRecordFound","$v":"SIM-kortet är fullt"},{"$i":"exportError-SIM-CannotAccessPhoneBook","$v":"Kan inte komma åt SIM-kortets telefonbok"},{"$i":"exportError-SIM-Unavailable","$v":"Inget SIM-kort hittades"},{"$i":"exportError-SIM-GenericError","$v":"Ett fel uppstod när en kontakt exporterades"},{"$i":"noSimMsgExport","$v":"För att exportera kontakter, sätt i eller lås upp SIM-kortet"},{"$i":"noMemoryCardMsgExport","$v":"För att exportera kontakter sätt i ett minneskort"},{"$i":"ContactManagementTitle","$v":"Hantera kontakter"},{"$i":"DeleteTitle","$v":"Ta bort"},{"$i":"bulkDeleteButton","$v":"Ta bort kontakter"},{"$i":"BulkDelCancel","$v":"Ta bort kontakter avbröts"},{"$i":"DeletedTxt","$v":{"zero":"Ingen kontakt att ta bort","one":"1 kontakt borttagen","two":[{"t":"idOrVar","v":"n"}," kontakter borttagna"],"few":[{"t":"idOrVar","v":"n"}," kontakter borttagna"],"many":[{"t":"idOrVar","v":"n"}," kontakter borttagna"],"other":[{"t":"idOrVar","v":"n"}," kontakter borttagna"]},"$x":[{"t":"idOrVar","v":"plural"},"n"]},{"$i":"DeletingContacts","$v":"Tar bort kontakter"},{"$i":"ContactConfirmDel","$v":{"zero":"Inga kontakter att ta bort","one":"Ta bort 1 kontakt? Detta kan inte ångras.","two":["Ta bort ",{"t":"idOrVar","v":"n"}," kontakter? Detta kan inte ångras."],"few":["Ta bort ",{"t":"idOrVar","v":"n"}," kontakter? Detta kan inte ångras."],"many":["Ta bort ",{"t":"idOrVar","v":"n"}," kontakter? Detta kan inte ångras."],"other":["Ta bort ",{"t":"idOrVar","v":"n"}," kontakter? Detta kan inte ångras."]},"$x":[{"t":"idOrVar","v":"plural"},"n"]},{"$i":"SelectedTxt","$v":{"zero":"Kontakter","one":[{"t":"idOrVar","v":"n"}," markerad"],"two":[{"t":"idOrVar","v":"n"}," markerade"],"few":[{"t":"idOrVar","v":"n"}," markerade"],"many":[{"t":"idOrVar","v":"n"}," markerade"],"other":[{"t":"idOrVar","v":"n"}," markerade"]},"$x":[{"t":"idOrVar","v":"plural"},"n"]},{"$i":"video","$v":"Video"},{"$i":"audio","$v":"Ljud"},{"$i":"pick_destination","$v":[{"t":"idOrVar","v":"destination"}," ",{"t":"idOrVar","v":"carrier"}]},{"$i":"removeField","ariaLabel":"Ta bort"},{"$i":"undo","ariaLabel":"Ångra"},{"$i":"send-sms-button","ariaLabel":"SMS"},{"$i":"ice_contacts","$v":"ICE kontakter"},{"$i":"edit-picture","$v":"Redigera bild"},{"$i":"remove-photo","$v":"Ta bort bild"},{"$i":"change-photo","$v":"Ändra bild"},{"$i":"photo-options","$v":"Bildalternativ"},{"$i":"vCardContacts-imported","$v":{"zero":"No contacts imported","one":"Imported one contact","two":["Imported ",{"t":"idOrVar","v":"n"}," contacts"],"few":["Imported ",{"t":"idOrVar","v":"n"}," contacts"],"many":["Imported ",{"t":"idOrVar","v":"n"}," contacts"],"other":["Imported ",{"t":"idOrVar","v":"n"}," contacts"]},"$x":[{"t":"idOrVar","v":"plural"},"n"]},{"$i":"voiceMail","$v":"Röstbrevlåda"},{"$i":"back","$v":"Tillbaka"},{"$i":"noSimMsg","$v":"För att importera kontakter sätt i eller lås upp ditt SIM-kort"},{"$i":"noMemoryCardMsg","$v":"För att importera kontakter sätt i ett minneskort"},{"$i":"importMemoryCard","$v":"Minneskort"},{"$i":"noConnection11","$v":"För att importera Facebook-vänner eller kontakter anslut till Wi-Fi eller datanät"},{"$i":"emptyAccount","$v":"Inga vänner eller kontakter hittades i det här kontot."},{"$i":"simContacts-import","$v":"Importera SIM-kontakter"},{"$i":"simContacts-importing","$v":"Importerar SIM-kontakter…"},{"$i":"simContacts-reading","$v":"Läser från SIM-kort…"},{"$i":"simContacts-error","$v":"Det gick inte att importera kontakter från SIM-kortet"},{"$i":"simContacts-imported3","$v":{"zero":"Inga kontakter hittades på SIM-kortet","one":"Importerade en kontakt","two":["Importerade ",{"t":"idOrVar","v":"n"}," kontakter"],"few":["Importerade ",{"t":"idOrVar","v":"n"}," kontakter"],"many":["Importerade ",{"t":"idOrVar","v":"n"}," kontakter"],"other":["Importerade ",{"t":"idOrVar","v":"n"}," kontakter"]},"$x":[{"t":"idOrVar","v":"plural"},"n"]},{"$i":"memoryCardContacts-import","$v":"Importera kontakter från minneskort"},{"$i":"memoryCardContacts-importing","$v":"Importerar kontakter från minneskort…"},{"$i":"memoryCardContacts-reading","$v":"Läser från minneskort…"},{"$i":"memoryCardContacts-error","$v":"Det gick inte att importera kontakter från minneskortet"},{"$i":"memoryCardContacts-imported3","$v":{"zero":"Inga kontakter hittades på minneskortet","one":"Importerade en kontakt","two":["Importerade ",{"t":"idOrVar","v":"n"}," kontakter"],"few":["Importerade ",{"t":"idOrVar","v":"n"}," kontakter"],"many":["Importerade ",{"t":"idOrVar","v":"n"}," kontakter"],"other":["Importerade ",{"t":"idOrVar","v":"n"}," kontakter"]},"$x":[{"t":"idOrVar","v":"plural"},"n"]},{"$i":"genericProgress","$v":[{"t":"idOrVar","v":"current"},"/",{"t":"idOrVar","v":"total"}]},{"$i":"facebook-import-msg2","$v":[{"t":"idOrVar","v":"imported"},"/",{"t":"idOrVar","v":"total"}," friends imported"]},{"$i":"contactsMerged","$v":{"zero":"Inga duplicerade kontakter sammanslagna","one":"En duplicerad kontakt sammanslagen","two":[{"t":"idOrVar","v":"numDups"}," kontakter sammanslagna"],"few":[{"t":"idOrVar","v":"numDups"}," kontakter sammanslagna"],"many":[{"t":"idOrVar","v":"numDups"}," kontakter sammanslagna"],"other":[{"t":"idOrVar","v":"numDups"}," kontakter sammanslagna"]},"$x":[{"t":"idOrVar","v":"plural"},"numDups"]},{"$i":"weekday-0-long","$v":"Söndag"},{"$i":"weekday-1-long","$v":"Måndag"},{"$i":"weekday-2-long","$v":"Tisdag"},{"$i":"weekday-3-long","$v":"Onsdag"},{"$i":"weekday-4-long","$v":"Torsdag"},{"$i":"weekday-5-long","$v":"Fredag"},{"$i":"weekday-6-long","$v":"Lördag"},{"$i":"weekday-0-short","$v":"Sön"},{"$i":"weekday-1-short","$v":"Mån"},{"$i":"weekday-2-short","$v":"Tis"},{"$i":"weekday-3-short","$v":"Ons"},{"$i":"weekday-4-short","$v":"Tor"},{"$i":"weekday-5-short","$v":"Fre"},{"$i":"weekday-6-short","$v":"Lör"},{"$i":"month-0-long","$v":"Januari"},{"$i":"month-1-long","$v":"Februari"},{"$i":"month-2-long","$v":"Mars"},{"$i":"month-3-long","$v":"April"},{"$i":"month-4-long","$v":"Maj"},{"$i":"month-5-long","$v":"Juni"},{"$i":"month-6-long","$v":"Juli"},{"$i":"month-7-long","$v":"Augusti"},{"$i":"month-8-long","$v":"September"},{"$i":"month-9-long","$v":"Oktober"},{"$i":"month-10-long","$v":"November"},{"$i":"month-11-long","$v":"December"},{"$i":"month-0-genitive","$v":"Januari"},{"$i":"month-1-genitive","$v":"Februari"},{"$i":"month-2-genitive","$v":"Mars"},{"$i":"month-3-genitive","$v":"April"},{"$i":"month-4-genitive","$v":"Maj"},{"$i":"month-5-genitive","$v":"Juni"},{"$i":"month-6-genitive","$v":"Juli"},{"$i":"month-7-genitive","$v":"Augusti"},{"$i":"month-8-genitive","$v":"September"},{"$i":"month-9-genitive","$v":"Oktober"},{"$i":"month-10-genitive","$v":"November"},{"$i":"month-11-genitive","$v":"December"},{"$i":"month-0-short","$v":"Jan"},{"$i":"month-1-short","$v":"Feb"},{"$i":"month-2-short","$v":"Mar"},{"$i":"month-3-short","$v":"Apr"},{"$i":"month-4-short","$v":"Maj"},{"$i":"month-5-short","$v":"Jun"},{"$i":"month-6-short","$v":"Jul"},{"$i":"month-7-short","$v":"Aug"},{"$i":"month-8-short","$v":"Sep"},{"$i":"month-9-short","$v":"Okt"},{"$i":"month-10-short","$v":"Nov"},{"$i":"month-11-short","$v":"Dec"},{"$i":"minutes-ago-long","$v":{"zero":"nyss","one":"en minut sen","two":[{"t":"idOrVar","v":"value"}," minuter sen"],"few":[{"t":"idOrVar","v":"value"}," minuter sen"],"many":[{"t":"idOrVar","v":"value"}," minuter sen"],"other":[{"t":"idOrVar","v":"value"}," minuter sen"]},"$x":[{"t":"idOrVar","v":"plural"},"value"]},{"$i":"hours-ago-long","$v":{"zero":"nyss","one":"en timme sen","two":[{"t":"idOrVar","v":"value"}," timmar sen"],"few":[{"t":"idOrVar","v":"value"}," timmar sen"],"many":[{"t":"idOrVar","v":"value"}," timmar sen"],"other":[{"t":"idOrVar","v":"value"}," timmar sen"]},"$x":[{"t":"idOrVar","v":"plural"},"value"]},{"$i":"days-ago-long","$v":{"zero":"idag","one":"igår","two":[{"t":"idOrVar","v":"value"}," dagar sen"],"few":[{"t":"idOrVar","v":"value"}," dagar sen"],"many":[{"t":"idOrVar","v":"value"}," dagar sen"],"other":[{"t":"idOrVar","v":"value"}," dagar sen"]},"$x":[{"t":"idOrVar","v":"plural"},"value"]},{"$i":"weeks-ago-long","$v":{"zero":"denna vecka","one":"förra veckan","two":[{"t":"idOrVar","v":"value"}," veckor sen"],"few":[{"t":"idOrVar","v":"value"}," veckor sen"],"many":[{"t":"idOrVar","v":"value"}," veckor sen"],"other":[{"t":"idOrVar","v":"value"}," veckor sen"]},"$x":[{"t":"idOrVar","v":"plural"},"value"]},{"$i":"months-ago-long","$v":{"zero":"denna månad","one":"förra månaden","two":[{"t":"idOrVar","v":"value"}," månader sen"],"few":[{"t":"idOrVar","v":"value"}," månader sen"],"many":[{"t":"idOrVar","v":"value"}," månader sen"],"other":[{"t":"idOrVar","v":"value"}," månader sen"]},"$x":[{"t":"idOrVar","v":"plural"},"value"]},{"$i":"years-ago-long","$v":{"zero":"detta år","one":"förra året","two":[{"t":"idOrVar","v":"value"}," år sen"],"few":[{"t":"idOrVar","v":"value"}," år sen"],"many":[{"t":"idOrVar","v":"value"}," år sen"],"other":[{"t":"idOrVar","v":"value"}," år sen"]},"$x":[{"t":"idOrVar","v":"plural"},"value"]},{"$i":"minutes-until-long","$v":{"zero":"nu","one":"om en minut","two":["om ",{"t":"idOrVar","v":"value"}," minuter"],"few":["om ",{"t":"idOrVar","v":"value"}," minuter"],"many":["om ",{"t":"idOrVar","v":"value"}," minuter"],"other":["om ",{"t":"idOrVar","v":"value"}," minuter"]},"$x":[{"t":"idOrVar","v":"plural"},"value"]},{"$i":"hours-until-long","$v":{"zero":"nu","one":"om en timme","two":["om ",{"t":"idOrVar","v":"value"}," timmar"],"few":["om ",{"t":"idOrVar","v":"value"}," timmar"],"many":["om ",{"t":"idOrVar","v":"value"}," timmar"],"other":["om ",{"t":"idOrVar","v":"value"}," timmar"]},"$x":[{"t":"idOrVar","v":"plural"},"value"]},{"$i":"days-until-long","$v":{"zero":"idag","one":"imorgon","two":["om ",{"t":"idOrVar","v":"value"}," dagar"],"few":["om ",{"t":"idOrVar","v":"value"}," dagar"],"many":["om ",{"t":"idOrVar","v":"value"}," dagar"],"other":["om ",{"t":"idOrVar","v":"value"}," dagar"]},"$x":[{"t":"idOrVar","v":"plural"},"value"]},{"$i":"weeks-until-long","$v":{"zero":"denna vecka","one":"nästa vecka","two":["om ",{"t":"idOrVar","v":"value"}," veckor"],"few":["om ",{"t":"idOrVar","v":"value"}," veckor"],"many":["om ",{"t":"idOrVar","v":"value"}," veckor"],"other":["om ",{"t":"idOrVar","v":"value"}," veckor"]},"$x":[{"t":"idOrVar","v":"plural"},"value"]},{"$i":"months-until-long","$v":{"zero":"denna månad","one":"nästa månad","two":["om ",{"t":"idOrVar","v":"value"}," månader"],"few":["om ",{"t":"idOrVar","v":"value"}," månader"],"many":["om ",{"t":"idOrVar","v":"value"}," månader"],"other":["om ",{"t":"idOrVar","v":"value"}," månader"]},"$x":[{"t":"idOrVar","v":"plural"},"value"]},{"$i":"years-until-long","$v":{"zero":"detta år","one":"nästa år","two":["om ",{"t":"idOrVar","v":"value"}," år"],"few":["om ",{"t":"idOrVar","v":"value"}," år"],"many":["om ",{"t":"idOrVar","v":"value"}," år"],"other":["om ",{"t":"idOrVar","v":"value"}," år"]},"$x":[{"t":"idOrVar","v":"plural"},"value"]},{"$i":"minutes-ago-short","$v":{"zero":"nyss","other":[{"t":"idOrVar","v":"value"}," min sen"]},"$x":[{"t":"idOrVar","v":"plural"},"value"]},{"$i":"hours-ago-short","$v":{"zero":"nyss","other":[{"t":"idOrVar","v":"value"}," tim. sen"]},"$x":[{"t":"idOrVar","v":"plural"},"value"]},{"$i":"days-ago-short","$v":{"zero":"idag","other":[{"t":"idOrVar","v":"value"}," dygn sen"]},"$x":[{"t":"idOrVar","v":"plural"},"value"]},{"$i":"minutes-until-short","$v":{"zero":"nu","other":["om ",{"t":"idOrVar","v":"value"}," min"]},"$x":[{"t":"idOrVar","v":"plural"},"value"]},{"$i":"hours-until-short","$v":{"zero":"nu","other":["om ",{"t":"idOrVar","v":"value"}," tim."]},"$x":[{"t":"idOrVar","v":"plural"},"value"]},{"$i":"days-until-short","$v":{"zero":"idag","other":["om ",{"t":"idOrVar","v":"value"}," dygn"]},"$x":[{"t":"idOrVar","v":"plural"},"value"]},{"$i":"incorrectDate","$v":"(felaktigt datum)"},{"$i":"dateTimeFormat_%c","$v":"%a %e %b %Y %H:%M:%S"},{"$i":"dateTimeFormat_%x","$v":"%d/%m/%Y"},{"$i":"dateTimeFormat_%X","$v":"%H:%M:%S"},{"$i":"shortTimeFormat","$v":"%H:%M"},{"$i":"shortTimeFormat12","$v":"%I:%M %p"},{"$i":"shortTimeFormat24","$v":"%H:%M"},{"$i":"shortDateTimeFormat","$v":"%x %H:%M"},{"$i":"weekStartsOnMonday","$v":"1"},{"$i":"firstDayOfTheWeek","$v":"1"},{"$i":"time_am","$v":"AM"},{"$i":"time_pm","$v":"PM"},{"$i":"label","$v":"Namn"},{"$i":"mobile","$v":"Mobil"},{"$i":"home","$v":"Hem"},{"$i":"work","$v":"Arbete"},{"$i":"personal","$v":"Privat"},{"$i":"faxHome","$v":"Fax hem"},{"$i":"faxOffice","$v":"Fax kontor"},{"$i":"faxOther","$v":"Fax övrig"},{"$i":"another","$v":"Ytterligare"},{"$i":"other","$v":"Övrigt"},{"$i":"customTag","placeholder":"Anpassad"},{"$i":"current","$v":"Aktuell"},{"$i":"itemWithLabel","$v":[{"t":"idOrVar","v":"label"},", ",{"t":"idOrVar","v":"item"}]},{"$i":"addNewNumber","$v":"Lägg till nytt nummer"},{"$i":"contactDetails","$v":"Kontaktuppgifter"},{"$i":"addToExistingContact","$v":"Lägg till en befintlig kontakt"},{"$i":"all","$v":"Alla","ariaLabel":"Alla"},{"$i":"bluetoothOption","ariaLabel":"Bluetooth"},{"$i":"callLog","$v":"Samtalslista"},{"$i":"callLogEdit","title":"Redigera samtalslista"},{"$i":"callLogEditDialog","ariaLabel":"Redigera samtalslista"},{"$i":"connecting","$v":"Ansluter"},{"$i":"connectingEllipsis","$v":"Ansluter…"},{"$i":"call-forwarding-async","$v":["Asynkron: ",{"t":"idOrVar","v":"async"}]},{"$i":"call-forwarding-data","$v":["Data: ",{"t":"idOrVar","v":"data"}]},{"$i":"call-forwarding-error","$v":"Ett fel uppstod vid hämtning av status för vidarekoppling"},{"$i":"call-forwarding-fax","$v":["FAX: ",{"t":"idOrVar","v":"fax"}]},{"$i":"call-forwarding-inactive","$v":"Inaktiv"},{"$i":"call-forwarding-packet","$v":["Paket: ",{"t":"idOrVar","v":"packet"}]},{"$i":"call-forwarding-pad","$v":["PAD: ",{"t":"idOrVar","v":"pad"}]},{"$i":"call-forwarding-sms","$v":["SMS: ",{"t":"idOrVar","v":"sms"}]},{"$i":"call-forwarding-status","$v":"Status vidarekoppling"},{"$i":"call-forwarding-sync","$v":["Synkron: ",{"t":"idOrVar","v":"sync"}]},{"$i":"call-forwarding-voice","$v":["Röst: ",{"t":"idOrVar","v":"voice"}]},{"$i":"confirm-deletion","$v":"Rensa markerade samtal?"},{"$i":"createNewContact","$v":"Skapa ny kontakt"},{"$i":"dialerAddContact","ariaLabel":"Lägg till kontakt"},{"$i":"dialerAddContactDialog","ariaLabel":"Lägg till kontakt"},{"$i":"callInformation","$v":"Samtalsinformation"},{"$i":"edit-selected","$v":{"one":[{"t":"idOrVar","v":"n"}," markerad"],"two":[{"t":"idOrVar","v":"n"}," markerade"],"few":[{"t":"idOrVar","v":"n"}," markerade"],"many":[{"t":"idOrVar","v":"n"}," markerade"],"other":[{"t":"idOrVar","v":"n"}," markerade"]},"$x":[{"t":"idOrVar","v":"plural"},"n"]},{"$i":"hideKeypad","ariaLabel":"Dölj knappsats"},{"$i":"ignore","$v":"Ignorera samtal"},{"$i":"incoming","$v":"Inkommande"},{"$i":"keypad","ariaLabel":"Knappsats"},{"$i":"info-missed","$v":"Missat"},{"$i":"missed","$v":"Missat","ariaLabel":"Missat"},{"$i":"canceled","$v":"Avbrutet"},{"$i":"missedCall","$v":"Missat samtal"},{"$i":"missedCallMultiSims","$v":["(SIM ",{"t":"idOrVar","v":"n"},") Missat samtal"]},{"$i":"mmi-error","$v":"Ett fel uppstod när du skickade meddelandet"},{"$i":"mmi-session-expired","$v":"Session upphörd"},{"$i":"mmi-successfully-sent","$v":"Meddelandet skickat"},{"$i":"mmi-notification-title-with-sim","$v":["(",{"t":"idOrVar","v":"sim"},") ",{"t":"idOrVar","v":"title"}]},{"$i":"mute","ariaLabel":"Tyst"},{"$i":"newCall","ariaLabel":"Nytt samtal"},{"$i":"no-logs-msg-1","$v":"Inga samtal registrerade"},{"$i":"no-logs-msg-2","$v":"Börja kommunicera nu"},{"$i":"no-logs-msg-3","$v":"Inga missade samtal"},{"$i":"onHoldOption","ariaLabel":"Parkerad"},{"$i":"outgoing","$v":"Utgående"},{"$i":"recents","ariaLabel":"Senaste samtal"},{"$i":"reply","$v":"Svara"},{"$i":"send","$v":"Skicka"},{"$i":"switch-calls","$v":"Växla samtal"},{"$i":"withheld-number","$v":"Dolt nummer"},{"$i":"from-contact","$v":["Från ",{"t":"idOrVar","v":"contact"}]},{"$i":"from-number","$v":["Från ",{"t":"idOrVar","v":"number"}]},{"$i":"from-withheld-number","$v":"Från dolt nummer"},{"$i":"sending","$v":"Skickar…"},{"$i":"speakerOption","ariaLabel":"Högtalare"},{"$i":"ussd-services","$v":[{"t":"idOrVar","v":"operator"}," tjänster"]},{"$i":"toggleKeypad","ariaLabel":"Växla knappsats"},{"$i":"type-your-response","placeholder":"Skriv ditt svar…"},{"$i":"clear-all-text","$v":"Rensa all text"},{"$i":"hide","$v":"Dölj"},{"$i":"hold","ariaLabel":"Parkera"},{"$i":"resume","$v":"Återuppta","ariaLabel":"Återuppta"},{"$i":"sendSms","$v":"Skicka meddelande"},{"$i":"callEnded","$v":"Samtal avslutat"},{"$i":"via-sim","$v":["via SIM",{"t":"idOrVar","v":"n"}]},{"$i":"sim-number","$v":["SIM",{"t":"idOrVar","v":"n"}]},{"$i":"unknown","$v":"Okänd"},{"$i":"hangup-a11y-button","ariaLabel":"Lägg på"},{"$i":"pickup-a11y-button","ariaLabel":"Svara"},{"$i":"unlock-a11y-button","ariaLabel":"Reglage"},{"$i":"settings","$v":"Inställningar"},{"$i":"delete-n-log?","$v":{"zero":"Inget markerat","one":"Ta bort vald logg?","two":["Ta bort ",{"t":"idOrVar","v":"n"}," loggar?"],"few":["Ta bort ",{"t":"idOrVar","v":"n"}," loggar?"],"many":["Ta bort ",{"t":"idOrVar","v":"n"}," loggar?"],"other":["Ta bort ",{"t":"idOrVar","v":"n"}," loggar?"]},"$x":[{"t":"idOrVar","v":"plural"},"n"]},{"$i":"callDurationMinutes","$v":[{"t":"idOrVar","v":"m"},":",{"t":"idOrVar","v":"s"}]},{"$i":"callDurationHours","$v":[{"t":"idOrVar","v":"h"},":",{"t":"idOrVar","v":"m"},":",{"t":"idOrVar","v":"s"}]},{"$i":"callDurationTextFormatSeconds","$v":[{"t":"idOrVar","v":"s"}," s"]},{"$i":"callDurationTextFormatMinutes","$v":[{"t":"idOrVar","v":"m"}," m ",{"t":"idOrVar","v":"s"}," s"]},{"$i":"callDurationTextFormatHours","$v":[{"t":"idOrVar","v":"h"}," h ",{"t":"idOrVar","v":"m"}," m ",{"t":"idOrVar","v":"s"}," s"]},{"$i":"suggestionMatches","$v":{"one":[{"t":"idOrVar","v":"n"}," matchning för \"",{"t":"idOrVar","v":"matchNumber"},"\""],"two":[{"t":"idOrVar","v":"n"}," matchningar för \"",{"t":"idOrVar","v":"matchNumber"},"\""],"few":[{"t":"idOrVar","v":"n"}," matchningar för \"",{"t":"idOrVar","v":"matchNumber"},"\""],"many":[{"t":"idOrVar","v":"n"}," matchningar för \"",{"t":"idOrVar","v":"matchNumber"},"\""],"other":[{"t":"idOrVar","v":"n"}," matchningar för \"",{"t":"idOrVar","v":"matchNumber"},"\""]},"$x":[{"t":"idOrVar","v":"plural"},"n"]},{"$i":"scCallBarring","$v":"Samtalsspärr"},{"$i":"scCallForwarding","$v":"Vidarebefordra samtal"},{"$i":"scClip","$v":"Inkommande nummerpresentation"},{"$i":"scClir","$v":"Utgående nummerpresentation"},{"$i":"scPwd","$v":"Lösenord ändrat"},{"$i":"scCallWaiting","$v":"Samtal väntar"},{"$i":"scPin","$v":"PIN-kod ändrad"},{"$i":"scPin2","$v":"PIN2-kod ändrad"},{"$i":"scPuk","$v":"Avblockera PIN-kod"},{"$i":"scPuk2","$v":"Avblockera PIN2-kod"},{"$i":"scImei","$v":"IMEI"},{"$i":"scUssd","$v":"USSD"},{"$i":"serviceClassVoice","$v":"Röst"},{"$i":"serviceClassData","$v":"Data"},{"$i":"serviceClassFax","$v":"FAX"},{"$i":"serviceClassSms","$v":"SMS"},{"$i":"serviceClassDataSync","$v":"Synkron"},{"$i":"serviceClassDataAsync","$v":"Asynkron"},{"$i":"serviceClassPacket","$v":"Paket"},{"$i":"serviceClassPad","$v":"PAD"},{"$i":"smServiceEnabled","$v":"Tjänsten har aktiverats"},{"$i":"smServiceDisabled","$v":"Tjänsten har inaktiverats"},{"$i":"smServiceRegistered","$v":"Registrering lyckades"},{"$i":"smServiceErased","$v":"Radering lyckades"},{"$i":"smServiceInterrogated","$v":"Begäran lyckades"},{"$i":"smServiceNotProvisioned","$v":"Tjänsten tillhandahålls inte"},{"$i":"smClirPermanent","$v":"Du kan inte ändra inställningar för nummerpresentation"},{"$i":"smClirDefaultOnNextCallOn","$v":"Nummerpresentation är begränsad. Nästa samtal: Begränsad"},{"$i":"smClirDefaultOnNextCallOff","$v":"Nummerpresentation är begränsad. Nästa samtal: Inte begränsad"},{"$i":"smClirDefaultOffNextCallOn","$v":"Nummerpresentation är inte begränsad. Nästa samtal: Begränsad"},{"$i":"smClirDefaultOffNextCallOff","$v":"Nummerpresentation är inte begränsad. Nästa samtal: Inte begränsad"},{"$i":"smServiceEnabledFor","$v":"Tjänsten har aktiverats för:"},{"$i":"smPinChanged","$v":"PIN har ändrats"},{"$i":"smPinUnblocked","$v":"PIN blockering hävd"},{"$i":"smPin2Changed","$v":"PIN2 har ändrats"},{"$i":"smPin2Unblocked","$v":"PIN2 blockering hävd"},{"$i":"ServiceIsEnabled","$v":"Tjänsten är aktiverad"},{"$i":"ServiceIsDisabled","$v":"Tjänsten är inaktiverad"},{"$i":"ServiceIsEnabledFor","$v":"Tjänsten har aktiverats för:"},{"$i":"emMmiError","$v":"Anslutningsproblem eller ogiltig MMI-kod"},{"$i":"emMmiErrorPasswordIncorrect","$v":"Felaktigt lösenord"},{"$i":"emMmiErrorNotSupported","$v":"Ogiltig eller ej fungerade MMI-kod"},{"$i":"emMmiErrorInvalidAction","$v":"Ogiltig åtgärd"},{"$i":"emMmiErrorInvalidScCode","$v":"Ogiltig servicekod"},{"$i":"emMmiErrorBadPuk","$v":"PUK-koden du angav är inte korrekt"},{"$i":"emMmiErrorBadPin","$v":"Den gamla PIN-koden du angav är inte korrekt"},{"$i":"emMmiErrorNeedPuk2","$v":"Ange PUK2-koden för att låsa upp SIM-kortet"},{"$i":"emMmiErrorMismatchPin","$v":"PIN-koderna du angav matchar inte "},{"$i":"emMmiErrorInvalidPin","$v":"Ange en PIN-kod som är 4 till 8 siffror"},{"$i":"emMmiErrorNeedsPuk","$v":"Ditt SIM-kort är PUK-låst"},{"$i":"emMmiErrorEnablePin","$v":"Misslyckades. Aktivera SIM/RUIM lås"},{"$i":"emMmiErrorMmiFdn","$v":"Funktionen är begränsad till fasta nummer endast"},{"$i":"emMmiErrorStkCcUssdDial","$v":"USSD begäran ändras till DIAL begäran"},{"$i":"emMmiErrorStkCcUssdSs","$v":"USSD begäran ändras till SS begäran"},{"$i":"emMmiErrorStkCcUssdUssd","$v":"USSD begäran ändras till ny USSD begäran"},{"$i":"emMmiErrorStkCcSsDial","$v":"SS begäran ändras till DIAL begäran"},{"$i":"emMmiErrorStkCcSsUssd","$v":"SS begäran ändras till USSD begäran"},{"$i":"emMmiErrorStkCcSsSs","$v":"SS begäran ändras till ny SS begäran"},{"$i":"emMmiErrorPinPukAttempts","$v":{"one":["Endast ",{"t":"idOrVar","v":"n"}," försök kvar"],"two":[{"t":"idOrVar","v":"n"}," försök kvar"],"few":[{"t":"idOrVar","v":"n"}," försök kvar"],"many":[{"t":"idOrVar","v":"n"}," försök kvar"],"other":[{"t":"idOrVar","v":"n"}," försök kvar"]},"$x":[{"t":"idOrVar","v":"plural"},"n"]},{"$i":"emMmiErrorSimBlocked","$v":"Maximalt antal försök har överskridits. SIM blockerad."},{"$i":"RadioNotAvailable","$v":"Radio inte tillgänglig"},{"$i":"GenericFailure","$v":"Allmänt fel"},{"$i":"PasswordIncorrect","$v":"Felaktigt lösenord"},{"$i":"SimPin2","$v":"SIM PIN2"},{"$i":"SimPuk2","$v":"SIM PUK2"},{"$i":"RequestNotSupported","$v":"Begäran stöds inte"},{"$i":"OpNotAllowedDuringVoiceCall","$v":"Funktionen ej tillåten under röstsamtal"},{"$i":"SmsSendFailRetry","$v":"SMS skicka igen misslyckades"},{"$i":"SimAbsent","$v":"SIM saknas"},{"$i":"SubscriptionNotAvailable","$v":"Prenumeration inte tillgänglig"},{"$i":"ModeNotSupported","$v":"Läget stöds inte"},{"$i":"FdnCheckFailure","$v":"Fdn-kontroll misslyckades"},{"$i":"IllegalSimOrMe","$v":"Olaglig SIM eller ME"},{"$i":"DialModifiedToUssd","$v":"Dial ändrad till USSD"},{"$i":"DialModifiedToSs","$v":"Dial ändrad till ss"},{"$i":"DialModifiedToDial","$v":"Dial ändrad till dial"},{"$i":"UssdModifiedToDial","$v":"USSD ändrad till dial"},{"$i":"UssdModifiedToSs","$v":"USSD ändrad till SS"},{"$i":"UssdModifiedToUssd","$v":"USSD ändrad till USSD"},{"$i":"SsModifiedToDial","$v":"SS ändrad till dial"},{"$i":"SsModifiedToUssd","$v":"SS ändrad till USSD"},{"$i":"SsModifiedToSs","$v":"SS ändrad till SS"},{"$i":"SubscriptionNotSupported","$v":"Prenumeration stöds inte"},{"$i":"InvalidParameter","$v":"Ogiltig parameter"},{"$i":"RejectedByRemote","$v":"Avvisad från fjärr"},{"$i":"conferenceCall","$v":["Konferens (",{"t":"idOrVar","v":"n"},")"]},{"$i":"caller-left-call","$v":[{"t":"idOrVar","v":"caller"}," har lämnat samtalet."]},{"$i":"conferenceAddError","$v":"Kan inte koppla ihop samtal"},{"$i":"conferenceRemoveError","$v":"Kan inte koppla från samtal"},{"$i":"longDateFormat","$v":"%A, %e %B"},{"$i":"select-audio-sources","$v":"Välj ljudkälla"},{"$i":"bluetooth-handsfree-device","$v":"Bluetooth handsfree-enhet"},{"$i":"receiver","$v":"Mottagare"},{"$i":"speaker","$v":"Högtalare"},{"$i":"voicemailNoNumberTitle","$v":"Röstbrevlådan är inte tillgänglig"},{"$i":"voicemailNoNumberText","$v":"Kan inte ringa till röstbrevlådan. Konfigurera röstbrevlådan för att ringa samtalet."},{"$i":"voicemailNoNumberSettings","$v":"Inställningar"},{"$i":"voicemailNoNumberCancel","$v":"Avbryt"},{"$i":"phoneNumberInput","ariaLabel":"Telefonnummer"},{"$i":"keypadDelete","ariaLabel":"Ta bort"},{"$i":"voiceMailKey","ariaLabel":"Röstbrevlåda"},{"$i":"asterisk","ariaLabel":"Asterisk"},{"$i":"hashSign","ariaLabel":"Hash-tecken"},{"$i":"loadingSimContacts","$v":"Loading SIM card contacts…"},{"$i":"noContactsWereFound","$v":"No contacts were found"},{"$i":"noContactsFoundDialogOk","$v":"OK"},{"$i":"emergencyNumber","$v":"Nödnummer"},{"$i":"callAirplaneModeMessage","$v":"För att ringa ett samtal måste du inaktivera flygplansläge i inställningar."},{"$i":"callAirplaneModeBtnOk","$v":"OK"},{"$i":"callAirplaneModeTitle","$v":"Flygplansläge aktiverat"},{"$i":"numberIsBusyTitle","$v":"Numret är upptaget"},{"$i":"numberIsBusyMessage","$v":"Numret är upptaget. Försök igen senare."},{"$i":"fdnIsActiveTitle","$v":"FDN aktiv"},{"$i":"fdnIsActiveMessage","$v":["FDN (Fasta nummer) är aktiverad och följande nummer finns inte i din FDN lista: ",{"t":"idOrVar","v":"number"}]},{"$i":"emergencyDialogBodyBadNumber","$v":"För att ringa ett samtal, måste telefonen vara ansluten till ett mobilnät."},{"$i":"emergencyDialogBodyDeviceNotAccepted","$v":"Nödsamtal är inte tillåtna i nätet."},{"$i":"emergencyDialogBtnOk","$v":"OK"},{"$i":"emergencyDialogTitle","$v":"Ingen nätverksanslutning"},{"$i":"invalidNumberToDialTitle","$v":"Ogiltigt telefonnummer"},{"$i":"invalidNumberToDialMessage","$v":"Telefonnumret du ringer är inte giltigt."},{"$i":"unableToCallTitle","$v":"Kan inte ringa ett samtal nu"},{"$i":"unableToCallMessage","$v":"Det går inte att ringa. Om du redan ringer, vänligen lägg på först."},{"$i":"otherConnectionInUseTitle","$v":"Annan anslutning används"},{"$i":"otherConnectionInUseMessage","$v":"Du har ett pågående samtal på en annan anslutning. Du kan bara använda en anslutning i taget."}]