[{"$i":"close","$v":"Kapat"},{"$i":"import","$v":"İçeri aktar"},{"$i":"update","$v":"Güncelle"},{"$i":"fbFriends","$v":"Arkadaşlar"},{"$i":"live-serviceName","$v":"Outlook"},{"$i":"gmail-serviceName","$v":"Gmail"},{"$i":"facebook-serviceName","$v":"Arkadaşlar"},{"$i":"selectAll","$v":"Tümünü seç"},{"$i":"deselectAll","$v":"Seçimi temizle"},{"$i":"viewAll","$v":"Tüm Facebook Arkadaşlarını Gör"},{"$i":"viewRecommend","$v":"Yalnızca Tavsiye Edilenleri Gör"},{"$i":"linkProposal","$v":{"zero":"Eşleşen arkadaş yok. Tümü gösteriliyor","one":"Tavsiye edileni seçin","two":"Tavsiye edilenlerden birini seçin","few":"Tavsiye edilenlerden birini seçin","many":"Tavsiye edilenlerden birini seçin","other":"Tavsiye edilenlerden birini seçin"},"$x":[{"t":"idOrVar","v":"plural"},"numFriends"]},{"$i":"fbFriendsFound","$v":{"zero":"Tüm arkadaşlarınız aktarıldı","one":"Aktarılacak bir arkadaş bulundu","two":["Aktarılacak ",{"t":"idOrVar","v":"numFriends"}," arkadaş bulundu"],"few":["Aktarılacak ",{"t":"idOrVar","v":"numFriends"}," arkadaş bulundu"],"many":["Aktarılacak ",{"t":"idOrVar","v":"numFriends"}," arkadaş bulundu"],"other":["Aktarılacak ",{"t":"idOrVar","v":"numFriends"}," arkadaş bulundu"]},"$x":[{"t":"idOrVar","v":"plural"},"numFriends"]},{"$i":"fbNoFriends","$v":"İçeri aktarılacak kişi yok"},{"$i":"facebook","$v":"Facebook"},{"$i":"search-contact","placeholder":"Ara"},{"$i":"noResults","$v":"Kişi bulunamadı"},{"$i":"done-search","$v":"Bitti"},{"$i":"progressFB3ImportTitle","$v":"Arkadaşlar Kişiler'e aktarılıyor"},{"$i":"progressFB","$v":[{"t":"idOrVar","v":"current"},"/",{"t":"idOrVar","v":"total"}]},{"$i":"progressFB3UpdateTitle","$v":"Kişiler'deki arkadaşlar güncelleniyor"},{"$i":"message2","$v":"Bu işlem birkaç dakika sürebilir"},{"$i":"messageLinking","$v":"Lütfen bekleyin. Arkadaşınızı ve kişinizi bağlıyoruz."},{"$i":"messageCanceling","$v":"Lütfen bekleyin. Devam eden işlem iptal ediliyor."},{"$i":"error1","$v":["Hata ",{"t":"idOrVar","v":"from"}]},{"$i":"error2","$v":"Tekrar denemek ister misiniz?"},{"$i":"errorProposal","$v":"öneriler hesaplanıyor"},{"$i":"errorFriends","$v":"arkadaşlar alınıyor"},{"$i":"errorLinking","$v":"kişi bağlanıyor"},{"$i":"timeout1","$v":["\"",{"t":"idOrVar","v":"from"},"\" zaman aşımına uğradı"]},{"$i":"timeout2","$v":"Yeniden denemek ister misiniz?"},{"$i":"timeoutProposal","$v":"öneriler hesaplanıyor"},{"$i":"timeoutFriends","$v":"arkadaşlar alınıyor"},{"$i":"timeoutLinking","$v":"kişiler bağlanıyor"},{"$i":"wait1","$v":"Lütfen bekleyin"},{"$i":"wait2","$v":"Bu işlem birkaç dakika sürebilir"},{"$i":"waitProposal","$v":"Lütfen bekleyin. Bir öneri hesaplıyoruz."},{"$i":"waitFriends","$v":"Lütfen bekleyin. Arkadaş listenizi almak için bağlanıyoruz."},{"$i":"curtainCancel","$v":"Vazgeç"},{"$i":"curtainRetry","$v":"Yeniden dene"},{"$i":"curtainOK","$v":"Tamam"},{"$i":"connectionLost","$v":"İnternet bağlantısı yok"},{"$i":"connectionLostMsg","$v":"Arkadaşlarınızın fotoğrafları kişi listenize eklenmeyecek. Yine de devam edilsin mi?"},{"$i":"yesOption","$v":"Tamam"},{"$i":"noOption","$v":"Vazgeç"},{"$i":"friendsUpdated","$v":{"zero":"Hiçbir arkadaş güncellenmedi","one":"Bir arkadaş güncellendi","two":[{"t":"idOrVar","v":"numFriends"}," arkadaş güncellendi"],"few":[{"t":"idOrVar","v":"numFriends"}," arkadaş güncellendi"],"many":[{"t":"idOrVar","v":"numFriends"}," arkadaş güncellendi"],"other":[{"t":"idOrVar","v":"numFriends"}," arkadaş güncellendi"]},"$x":[{"t":"idOrVar","v":"plural"},"numFriends"]},{"$i":"friendsMerged","$v":{"zero":"Hiç çift arkadaş birleştirilmedi","one":"1 çift arkadaş birleştirildi","two":[{"t":"idOrVar","v":"numDups"}," çift arkadaş birleştirildi"],"few":[{"t":"idOrVar","v":"numDups"}," çift arkadaş birleştirildi"],"many":[{"t":"idOrVar","v":"numDups"}," çift arkadaş birleştirildi"],"other":[{"t":"idOrVar","v":"numDups"}," çift arkadaş birleştirildi"]},"$x":[{"t":"idOrVar","v":"plural"},"numFriends"]},{"$i":"notificationLogin","$v":"Facebook oturumunuz geçersiz. Lütfen giriş yapın."},{"$i":"syncError","$v":"Arkadaşlarınızın verileri eşitlenirken bir hata oluştu"},{"$i":"waitDuplicateContacts","$v":"Çift kişiler aranıyor"},{"$i":"waitMergingDuplicateContacts","$v":"Çift kişiler birleştiriliyor"},{"$i":"alertNoDuplicateContacts","$v":"Çift kişi bulunamadı"},{"$i":"merge","ariaLabel":"Birleştir"},{"$i":"mergeDuplicateTitle","$v":"Çiftleri birleştir"},{"$i":"suggestedDuplicateContacts","$v":[{"t":"idOrVar","v":"name"}," için önerilen çift kişiler"]},{"$i":"mergeActionButtonLabel","$v":{"zero":"Hiçbir kişi seçilmedi","one":[{"t":"idOrVar","v":"n"}," kişiyle birleştir"],"two":[{"t":"idOrVar","v":"n"}," kişiyle birleştir"],"few":[{"t":"idOrVar","v":"n"}," kişiyle birleştir"],"many":[{"t":"idOrVar","v":"n"}," kişiyle birleştir"],"other":[{"t":"idOrVar","v":"n"}," kişiyle birleştir"]},"$x":[{"t":"idOrVar","v":"plural"},"n"]},{"$i":"duplicatesFoundTitle","$v":"Çift kişiler bulundu"},{"$i":"duplicatesFoundMessage","$v":[{"t":"idOrVar","v":"name"}," ile aşağıdaki kişilerin bilgileri aynı"]},{"$i":"ok","$v":"Tamam"},{"$i":"gaia-menu-cancel","$v":"İptal"},{"$i":"gaia-sim-picker-dial-via-with-number","$v":[{"t":"idOrVar","v":"phoneNumber"}," numarasını şununla ara"]},{"$i":"gaia-sim-picker-select-sim","$v":"SIM seçin"},{"$i":"gaia-sim-picker-button","$v":["SIM",{"t":"idOrVar","v":"n"}]},{"$i":"gaia-sim-picker-button-default","$v":"(varsayılan)"},{"$i":"call","$v":"Ara"},{"$i":"edit","$v":"Düzenle"},{"$i":"cancel","$v":"İptal"},{"$i":"done","$v":"Bitti"},{"$i":"retry","$v":"Tekrar dene"},{"$i":"contacts","$v":"Kişiler"},{"$i":"addContact","$v":"Kişi ekle"},{"$i":"deleteContact","$v":"Kişiyi sil"},{"$i":"selectContact","$v":"Kişi seç"},{"$i":"editContact","$v":"Kişiyi düzenle"},{"$i":"deleteConfirmMsg","$v":"Kişi silinsin mi?"},{"$i":"remove","$v":"Kaldır"},{"$i":"delete","$v":"Sil"},{"$i":"comments","$v":"Yorumlar"},{"$i":"no_contact_phones","$v":"Bu kişinin telefon numarası yok"},{"$i":"no_contact_email","$v":"Bu kişinin e-posta adresi yok"},{"$i":"no_contact_data","$v":"Bu kişinin telefon numarası ve e-posta adresi yok"},{"$i":"removePhotoConfirm","$v":"Kişi resmi kaldırılsın mı?"},{"$i":"loadingContacts","$v":"Kişiler yükleniyor…"},{"$i":"noContactsActivity2","$v":"No contacts in your Contacts list"},{"$i":"noName","$v":"İsim yok"},{"$i":"givenName","placeholder":"Adı"},{"$i":"familyName","placeholder":"Soyadı"},{"$i":"tel","placeholder":"Telefon"},{"$i":"carrier","$v":"Operatör","placeholder":"Operatör"},{"$i":"separator","$v":","},{"$i":"email","$v":"E-posta","placeholder":"E-posta"},{"$i":"streetAddress","placeholder":"Sokak"},{"$i":"postalCode","placeholder":"Posta kodu"},{"$i":"locality","placeholder":"Şehir"},{"$i":"countryName","placeholder":"Ülke"},{"$i":"comment","placeholder":"Yorum"},{"$i":"org","placeholder":"Şirket"},{"$i":"date","$v":"Tarih","placeholder":"Tarih"},{"$i":"date-span-placeholder","$v":"Tarih"},{"$i":"birthday","$v":"Doğum günü"},{"$i":"dateFormat","$v":"%e %B"},{"$i":"dateOutput","$v":[{"t":"idOrVar","v":"dayMonthFormatted"}," ",{"t":"idOrVar","v":"year"}]},{"$i":"anniversary","$v":"Yıldönümü"},{"$i":"addPhoto","$v":"Resim ekle"},{"$i":"addPhone","$v":"Telefon ekle"},{"$i":"addEmail","$v":"E-posta ekle"},{"$i":"addAddress","$v":"Adres ekle"},{"$i":"addDate","$v":"Tarih ekle"},{"$i":"addComment","$v":"Yorum ekle"},{"$i":"addFavorite","$v":"Favorilere ekle"},{"$i":"removeFavorite","$v":"Favorilerden kaldır"},{"$i":"addButton","ariaLabel":"Ekle"},{"$i":"editButton","ariaLabel":"Düzenle"},{"$i":"settingsButton","ariaLabel":"Ayarlar"},{"$i":"phoneDetail","ariaLabel":"Telefon"},{"$i":"emailDetail","ariaLabel":"E-posta"},{"$i":"addressDetail","ariaLabel":"Adres"},{"$i":"dateDetail","ariaLabel":"Tarih"},{"$i":"composeEmail","ariaLabel":"E-posta"},{"$i":"makeCall","ariaLabel":"Ara"},{"$i":"phones","ariaLabel":"Telefon"},{"$i":"emails","ariaLabel":"E-postalar"},{"$i":"addresses","ariaLabel":"Adresler"},{"$i":"dates","ariaLabel":"Tarihler"},{"$i":"notes","ariaLabel":"Notlar"},{"$i":"exit","$v":"Çıkış"},{"$i":"expand","$v":"Genişlet"},{"$i":"labelName","$v":"Adı:"},{"$i":"labelLastName","$v":"Soyadı:"},{"$i":"labelPhoneNumber","$v":"Telefon numarası:"},{"$i":"labelCarrier","$v":"Operatör:"},{"$i":"labelEmail","$v":"E-posta:"},{"$i":"labelStreet","$v":"Sokak:"},{"$i":"labelZip","$v":"Posta kodu:"},{"$i":"labelCity","$v":"Şehir:"},{"$i":"labelCountry","$v":"Ülke:"},{"$i":"labelComment","$v":"Yorum:"},{"$i":"legendTitleMain","$v":"Temel bilgiler"},{"$i":"legendPhones","$v":"Telefon numaraları"},{"$i":"legendEmail","$v":"E-posta adresi"},{"$i":"legendAddress","$v":"Adres"},{"$i":"transferContactsTitle","$v":"Kişileri aktar"},{"$i":"importContactsTitle","$v":"Kişileri içeri aktar"},{"$i":"importContactsButton","$v":"Kişileri içeri aktar"},{"$i":"exportContactsTitle","$v":"Kişileri dışarı aktar"},{"$i":"exportContactsButton","$v":"Kişileri dışarı aktar"},{"$i":"exportContactsAction","$v":"Dışarı aktar"},{"$i":"simExport-title","$v":"SIM'e aktar"},{"$i":"memoryCardExport-title","$v":"Bellek kartına aktar"},{"$i":"btExport-title","$v":"Bluetooth'a aktar"},{"$i":"memoryCardUMSEnabled","$v":"USB depolama etkinleştirildiği için bellek kartı kullanılamıyor"},{"$i":"exportErrorTitle","$v":"Dışarı aktarma hatası"},{"$i":"contactsExported2","$v":{"zero":"Hiçbir kişi dışarı aktarılmadı","one":[{"t":"idOrVar","v":"exported"},"/",{"t":"idOrVar","v":"total"}," kişi dışarı aktarıldı"],"two":[{"t":"idOrVar","v":"exported"},"/",{"t":"idOrVar","v":"total"}," kişi dışarı aktarıldı"],"few":[{"t":"idOrVar","v":"exported"},"/",{"t":"idOrVar","v":"total"}," kişi dışarı aktarıldı"],"many":[{"t":"idOrVar","v":"exported"},"/",{"t":"idOrVar","v":"total"}," kişi dışarı aktarıldı"],"other":[{"t":"idOrVar","v":"exported"},"/",{"t":"idOrVar","v":"total"}," kişi dışarı aktarıldı"]},"$x":[{"t":"idOrVar","v":"plural"},"exported"]},{"$i":"exportError-general","$v":"Dışarı aktarma sırasında bir hata oluştu"},{"$i":"exportError-SD-shared","$v":"Paylaşıldığı için bellek kartına erişilemiyor"},{"$i":"exportError-SD-unavailable","$v":"Bellek kartı mevcut değil"},{"$i":"exportError-SD-noSpace","$v":"Bellek kartında kişileri dışarı aktarmaya yetecek kadar yer yok"},{"$i":"exportError-SIM-unavailable","$v":"SIM kart mevcut değil"},{"$i":"exportError-BT-shared","$v":"Paylaşıldığı için bellek kartına erişilemiyor"},{"$i":"exportError-BT-unavailable","$v":"Bellek kartı mevcut değil"},{"$i":"exportError-BT-noSpace","$v":"Bellek kartında kişileri dışarı aktarmaya yetecek kadar yer yok"},{"$i":"social-network","$v":"Sosyal ağlar"},{"$i":"social-link","$v":"Kişiyi bağla"},{"$i":"social-unlink","$v":"Kişi bağlantısını kes"},{"$i":"social-unlink-confirm-title","$v":"Arkadaşınızın bağlantısını kesmek istiyor musunuz?"},{"$i":"social-unlink-confirm-accept","$v":"Bağlantıyı kaldır"},{"$i":"facebook-import","$v":"Facebook arkadaşlarını aktar"},{"$i":"show-fb-profile","$v":"Facebook profilini gör"},{"$i":"msg-send","$v":"Mesaj"},{"$i":"wall-post","$v":"Duvar mesajı"},{"$i":"share-contact","$v":"Share Contact"},{"$i":"facebook-export-forbidden","$v":"Facebook kısıtlaması nedeniyle bu kişi paylaşılamıyor."},{"$i":"otherAccount","$v":"Diğer hesaplar"},{"$i":"facebookSwitchMsg","$v":"Arkadaşları eşitle"},{"$i":"select_mobile","$v":"Cep telefonu seç"},{"$i":"select_email","$v":"E-posta seç"},{"$i":"select_recipient","$v":"Alıcı seçin"},{"$i":"contactsOrderBy","$v":"Soyadına göre sırala"},{"$i":"importSim2","$v":"SIM kart"},{"$i":"importGmail","$v":"Gmail"},{"$i":"bluetooth","$v":"Bluetooth"},{"$i":"importOutlook","$v":"Outlook"},{"$i":"fbUpdateFriends","$v":"Aktarılan arkadaşları güncelle"},{"$i":"cleaningFbData","$v":"Facebook verileri kaldırılıyor"},{"$i":"loggingOutFb","$v":"Facebook'tan çıkış yapılıyor"},{"$i":"cleanFbConfirmMsg","$v":"Tüm Facebook verileri silinsin mi?"},{"$i":"renewPwdMsg","$v":"Facebook'taki şifreniz değişmiş. Lütfen güncelleyin."},{"$i":"notEnabledYet","$v":"Henüz etkin değil"},{"$i":"genericNoConnection","$v":"Kişileri içeri aktarmak için Wi-Fi veya veri ağına bağlanın"},{"$i":"simCard","$v":"SIM kart"},{"$i":"memoryCard","$v":"Bellek kartı"},{"$i":"simNumberNoMSISDN","$v":["SIM ",{"t":"idOrVar","v":"number"},":"]},{"$i":"simNumberWithMSISDN","$v":["SIM ",{"t":"idOrVar","v":"number"},": ",{"t":"idOrVar","v":"msisdn"}]},{"$i":"ICEContactsGroup","$v":"Acil durum kişileri"},{"$i":"setICEButton","$v":"Acil durum kişilerini ayarla"},{"$i":"ICESettingTitle","$v":"Acil durum kişileri"},{"$i":"ICEDescription","$v":"“Acil durumda aranacak” iki kişi ekleyin."},{"$i":"ICEContact1","$v":"Acil durum kişisi 1"},{"$i":"ICESelectContact","$v":"Kişi seçin"},{"$i":"ICEContact2","$v":"Acil durum kişisi 2"},{"$i":"ICERepeatedContact","$v":"Bu kişi zaten acil durum kişileriniz arasında"},{"$i":"ICEUnknownError","$v":"Bu kişi acil durumu kişisi olarak ayarlanırken bir hata oluştu"},{"$i":"ICEContactNoNumber","$v":"Bu kişinin telefon numarası yok"},{"$i":"ICEFacebookContactNotAllowed","$v":"Facebook kişileri acil durum kişisi olarak ayarlanamaz"},{"$i":"ICEContactDelTel","$v":"Silinen telefon numaraları acil durum kişisinden de silinir"},{"$i":"ICEContactDelTelAll","$v":"Tüm numaralar silindi. Bu kişi, acil durum kişilerinizden kaldırıldı."},{"$i":"no-contacts","$v":"Kişi yok."},{"$i":"start-adding","$v":"Haydi, eklemeye başlayın."},{"$i":"notImported","$v":"İçeri aktarılmadı"},{"$i":"imported","$v":"İçeri aktarldı"},{"$i":"today","$v":"Bugün"},{"$i":"yesterday","$v":"Dün"},{"$i":"organise-contacts","$v":"Kişileri düzenle"},{"$i":"find-merge-contacts","$v":"Çift kişileri bul"},{"$i":"preparing-contacts","$v":"Kişiler hazırlanıyor"},{"$i":"exportError-SIM-NoFreeRecordFound","$v":"SIM kart dolu"},{"$i":"exportError-SIM-CannotAccessPhoneBook","$v":"SIM kartın telefon rehberine erişilemiyor"},{"$i":"exportError-SIM-Unavailable","$v":"SIM kart bulunamadı"},{"$i":"exportError-SIM-GenericError","$v":"Bir kişi dışarı aktarılırken bir hata oluştu"},{"$i":"noSimMsgExport","$v":"Kişileri dışarı aktarmak için SIM kartınızı takın veya kartın kilidini açın"},{"$i":"noMemoryCardMsgExport","$v":"Kişileri dışarı aktarmak için bir bellek kartı takın"},{"$i":"ContactManagementTitle","$v":"Kişi yönetimi"},{"$i":"DeleteTitle","$v":"Sil"},{"$i":"bulkDeleteButton","$v":"Kişileri sil"},{"$i":"BulkDelCancel","$v":"Kişi silme iptal edildi"},{"$i":"DeletedTxt","$v":{"zero":"Silinecek kişi yok","one":"1 kişi silindi","two":[{"t":"idOrVar","v":"n"}," kişi silindi"],"few":[{"t":"idOrVar","v":"n"}," kişi silindi"],"many":[{"t":"idOrVar","v":"n"}," kişi silindi"],"other":[{"t":"idOrVar","v":"n"}," kişi silindi"]},"$x":[{"t":"idOrVar","v":"plural"},"n"]},{"$i":"DeletingContacts","$v":"Kişiler siliniyor"},{"$i":"ContactConfirmDel","$v":{"zero":"Silinecek kişi yok","one":"1 kişi silinsin mi? Bu işlem geri alınamaz.","two":[{"t":"idOrVar","v":"n"}," kişi silinsin mi? Bu işlem geri alınamaz."],"few":[{"t":"idOrVar","v":"n"}," kişi silinsin mi? Bu işlem geri alınamaz."],"many":[{"t":"idOrVar","v":"n"}," kişi silinsin mi? Bu işlem geri alınamaz."],"other":[{"t":"idOrVar","v":"n"}," kişi silinsin mi? Bu işlem geri alınamaz."]},"$x":[{"t":"idOrVar","v":"plural"},"n"]},{"$i":"SelectedTxt","$v":{"zero":"Kişiler","one":[{"t":"idOrVar","v":"n"}," seçili"],"two":[{"t":"idOrVar","v":"n"}," seçili"],"few":[{"t":"idOrVar","v":"n"}," seçili"],"many":[{"t":"idOrVar","v":"n"}," seçili"],"other":[{"t":"idOrVar","v":"n"}," seçili"]},"$x":[{"t":"idOrVar","v":"plural"},"n"]},{"$i":"video","$v":"Video"},{"$i":"audio","$v":"Ses"},{"$i":"pick_destination","$v":[{"t":"idOrVar","v":"destination"}," ",{"t":"idOrVar","v":"carrier"}]},{"$i":"removeField","ariaLabel":"Kaldır"},{"$i":"undo","ariaLabel":"Geri al"},{"$i":"send-sms-button","ariaLabel":"SMS"},{"$i":"ice_contacts","$v":"Acil durum kişileri"},{"$i":"edit-picture","$v":"Fotoğrafı düzenle"},{"$i":"remove-photo","$v":"Fotoğrafı sil"},{"$i":"change-photo","$v":"Fotoğrafı değiştir"},{"$i":"photo-options","$v":"Fotoğraf seçenekleri"},{"$i":"vCardContacts-imported","$v":{"zero":"No contacts imported","one":"Imported one contact","two":["Imported ",{"t":"idOrVar","v":"n"}," contacts"],"few":["Imported ",{"t":"idOrVar","v":"n"}," contacts"],"many":["Imported ",{"t":"idOrVar","v":"n"}," contacts"],"other":["Imported ",{"t":"idOrVar","v":"n"}," contacts"]},"$x":[{"t":"idOrVar","v":"plural"},"n"]},{"$i":"voiceMail","$v":"Telesekreter"},{"$i":"back","$v":"Geri dön"},{"$i":"noSimMsg","$v":"Kişileri içeri aktarmak için SIM kartınızı takın veya kartın kilidini açın"},{"$i":"noMemoryCardMsg","$v":"Kişileri içeri aktarmak için bir bellek kartı takın"},{"$i":"importMemoryCard","$v":"Bellek kartı"},{"$i":"noConnection11","$v":"Facebook arkadaşlarınızı veya kişilerinizi içeri aktarmak için Wi-Fi veya veri ağına bağlanın"},{"$i":"emptyAccount","$v":"Bu hesapta hiç arkadaş veya kişi bulanamadı."},{"$i":"simContacts-import","$v":"SIM kişilerini içeri aktar"},{"$i":"simContacts-importing","$v":"SIM kişileri içeri aktarılıyor…"},{"$i":"simContacts-reading","$v":"SIM karttan okunuyor…"},{"$i":"simContacts-error","$v":"Kişiler SIM'den içeri aktarılamadı"},{"$i":"simContacts-imported3","$v":{"zero":"SIM'de içeri aktarılacak kişi bulunamadı","one":"Bir kişi içeri aktarıldı","two":[{"t":"idOrVar","v":"n"}," kişi içeri aktarıldı"],"few":[{"t":"idOrVar","v":"n"}," kişi içeri aktarıldı"],"many":[{"t":"idOrVar","v":"n"}," kişi içeri aktarıldı"],"other":[{"t":"idOrVar","v":"n"}," kişi içeri aktarıldı"]},"$x":[{"t":"idOrVar","v":"plural"},"n"]},{"$i":"memoryCardContacts-import","$v":"Kişileri bellek kartından içeri aktar"},{"$i":"memoryCardContacts-importing","$v":"Kişiler bellek kartından içeri aktarılıyor…"},{"$i":"memoryCardContacts-reading","$v":"Bellek kartı okunuyor…"},{"$i":"memoryCardContacts-error","$v":"Kişiler bellek kartından içeri aktarılamadı"},{"$i":"memoryCardContacts-imported3","$v":{"zero":"Bellek kartında içeri aktarılacak kişi bulunamadı","one":"Bir kişi içeri aktarıldı","two":[{"t":"idOrVar","v":"n"}," kişi içeri aktarıldı"],"few":[{"t":"idOrVar","v":"n"}," kişi içeri aktarıldı"],"many":[{"t":"idOrVar","v":"n"}," kişi içeri aktarıldı"],"other":[{"t":"idOrVar","v":"n"}," kişi içeri aktarıldı"]},"$x":[{"t":"idOrVar","v":"plural"},"n"]},{"$i":"genericProgress","$v":[{"t":"idOrVar","v":"current"},"/",{"t":"idOrVar","v":"total"}]},{"$i":"facebook-import-msg2","$v":[{"t":"idOrVar","v":"imported"},"/",{"t":"idOrVar","v":"total"}," friends imported"]},{"$i":"contactsMerged","$v":{"zero":"Hiç çift kişi birleştirilmedi","one":"1 çift kişi birleştirildi","two":[{"t":"idOrVar","v":"numDups"}," kişi birleştirildi"],"few":[{"t":"idOrVar","v":"numDups"}," kişi birleştirildi"],"many":[{"t":"idOrVar","v":"numDups"}," kişi birleştirildi"],"other":[{"t":"idOrVar","v":"numDups"}," kişi birleştirildi"]},"$x":[{"t":"idOrVar","v":"plural"},"numDups"]},{"$i":"weekday-0-long","$v":"Pazar"},{"$i":"weekday-1-long","$v":"Pazartesi"},{"$i":"weekday-2-long","$v":"Salı"},{"$i":"weekday-3-long","$v":"Çarşamba"},{"$i":"weekday-4-long","$v":"Perşembe"},{"$i":"weekday-5-long","$v":"Cuma"},{"$i":"weekday-6-long","$v":"Cumartesi"},{"$i":"weekday-0-short","$v":"Pzr"},{"$i":"weekday-1-short","$v":"Pzt"},{"$i":"weekday-2-short","$v":"Sal"},{"$i":"weekday-3-short","$v":"Çar"},{"$i":"weekday-4-short","$v":"Per"},{"$i":"weekday-5-short","$v":"Cum"},{"$i":"weekday-6-short","$v":"Cmt"},{"$i":"month-0-long","$v":"Ocak"},{"$i":"month-1-long","$v":"Şubat"},{"$i":"month-2-long","$v":"Mart"},{"$i":"month-3-long","$v":"Nisan"},{"$i":"month-4-long","$v":"Mayıs"},{"$i":"month-5-long","$v":"Haziran"},{"$i":"month-6-long","$v":"Temmuz"},{"$i":"month-7-long","$v":"Ağustos"},{"$i":"month-8-long","$v":"Eylül"},{"$i":"month-9-long","$v":"Ekim"},{"$i":"month-10-long","$v":"Kasım"},{"$i":"month-11-long","$v":"Aralık"},{"$i":"month-0-genitive","$v":"Ocak"},{"$i":"month-1-genitive","$v":"Şubat"},{"$i":"month-2-genitive","$v":"Mart"},{"$i":"month-3-genitive","$v":"Nisan"},{"$i":"month-4-genitive","$v":"Mayıs"},{"$i":"month-5-genitive","$v":"Haziran"},{"$i":"month-6-genitive","$v":"Temmuz"},{"$i":"month-7-genitive","$v":"Ağustos"},{"$i":"month-8-genitive","$v":"Eylül"},{"$i":"month-9-genitive","$v":"Ekim"},{"$i":"month-10-genitive","$v":"Kasım"},{"$i":"month-11-genitive","$v":"Aralık"},{"$i":"month-0-short","$v":"Oca"},{"$i":"month-1-short","$v":"Şub"},{"$i":"month-2-short","$v":"Mar"},{"$i":"month-3-short","$v":"Nis"},{"$i":"month-4-short","$v":"May"},{"$i":"month-5-short","$v":"Haz"},{"$i":"month-6-short","$v":"Tem"},{"$i":"month-7-short","$v":"Ağu"},{"$i":"month-8-short","$v":"Eyl"},{"$i":"month-9-short","$v":"Eki"},{"$i":"month-10-short","$v":"Kas"},{"$i":"month-11-short","$v":"Ara"},{"$i":"minutes-ago-long","$v":{"zero":"biraz önce","one":"bir dakika önce","two":[{"t":"idOrVar","v":"value"}," dakika önce"],"few":[{"t":"idOrVar","v":"value"}," dakika önce"],"many":[{"t":"idOrVar","v":"value"}," dakika önce"],"other":[{"t":"idOrVar","v":"value"}," dakika önce"]},"$x":[{"t":"idOrVar","v":"plural"},"value"]},{"$i":"hours-ago-long","$v":{"zero":"biraz önce","one":"bir saat önce","two":[{"t":"idOrVar","v":"value"}," saat önce"],"few":[{"t":"idOrVar","v":"value"}," saat önce"],"many":[{"t":"idOrVar","v":"value"}," saat önce"],"other":[{"t":"idOrVar","v":"value"}," saat önce"]},"$x":[{"t":"idOrVar","v":"plural"},"value"]},{"$i":"days-ago-long","$v":{"zero":"bugün","one":"dün","two":[{"t":"idOrVar","v":"value"}," gün önce"],"few":[{"t":"idOrVar","v":"value"}," gün önce"],"many":[{"t":"idOrVar","v":"value"}," gün önce"],"other":[{"t":"idOrVar","v":"value"}," gün önce"]},"$x":[{"t":"idOrVar","v":"plural"},"value"]},{"$i":"weeks-ago-long","$v":{"zero":"bu hafta","one":"geçen hafta","two":[{"t":"idOrVar","v":"value"}," hafta önce"],"few":[{"t":"idOrVar","v":"value"}," hafta önce"],"many":[{"t":"idOrVar","v":"value"}," hafta önce"],"other":[{"t":"idOrVar","v":"value"}," hafta önce"]},"$x":[{"t":"idOrVar","v":"plural"},"value"]},{"$i":"months-ago-long","$v":{"zero":"bu ay","one":"geçen ay","two":[{"t":"idOrVar","v":"value"}," ay önce"],"few":[{"t":"idOrVar","v":"value"}," ay önce"],"many":[{"t":"idOrVar","v":"value"}," ay önce"],"other":[{"t":"idOrVar","v":"value"}," ay önce"]},"$x":[{"t":"idOrVar","v":"plural"},"value"]},{"$i":"years-ago-long","$v":{"zero":"bu yıl","one":"geçen yıl","two":[{"t":"idOrVar","v":"value"}," yıl önce"],"few":[{"t":"idOrVar","v":"value"}," yıl önce"],"many":[{"t":"idOrVar","v":"value"}," yıl önce"],"other":[{"t":"idOrVar","v":"value"}," yıl önce"]},"$x":[{"t":"idOrVar","v":"plural"},"value"]},{"$i":"minutes-until-long","$v":{"zero":"şimdi","one":"bir dakika önce","two":[{"t":"idOrVar","v":"value"}," dakika içinde"],"few":[{"t":"idOrVar","v":"value"}," dakika içinde"],"many":[{"t":"idOrVar","v":"value"}," dakika içinde"],"other":[{"t":"idOrVar","v":"value"}," dakika içinde"]},"$x":[{"t":"idOrVar","v":"plural"},"value"]},{"$i":"hours-until-long","$v":{"zero":"şimdi","one":"bir saat içinde","two":[{"t":"idOrVar","v":"value"}," saat içinde"],"few":[{"t":"idOrVar","v":"value"}," saat içinde"],"many":[{"t":"idOrVar","v":"value"}," saat içinde"],"other":[{"t":"idOrVar","v":"value"}," saat içinde"]},"$x":[{"t":"idOrVar","v":"plural"},"value"]},{"$i":"days-until-long","$v":{"zero":"bugün","one":"dün","two":[{"t":"idOrVar","v":"value"}," gün içinde"],"few":[{"t":"idOrVar","v":"value"}," gün içinde"],"many":[{"t":"idOrVar","v":"value"}," gün içinde"],"other":[{"t":"idOrVar","v":"value"}," gün içinde"]},"$x":[{"t":"idOrVar","v":"plural"},"value"]},{"$i":"weeks-until-long","$v":{"zero":"bu hafta","one":"gelecek hafta","two":[{"t":"idOrVar","v":"value"}," hafta içinde"],"few":[{"t":"idOrVar","v":"value"}," hafta içinde"],"many":[{"t":"idOrVar","v":"value"}," hafta içinde"],"other":[{"t":"idOrVar","v":"value"}," hafta içinde"]},"$x":[{"t":"idOrVar","v":"plural"},"value"]},{"$i":"months-until-long","$v":{"zero":"bu ay","one":"gelecek ay","two":[{"t":"idOrVar","v":"value"}," ay içinde"],"few":[{"t":"idOrVar","v":"value"}," ay içinde"],"many":[{"t":"idOrVar","v":"value"}," ay içinde"],"other":[{"t":"idOrVar","v":"value"}," ay içinde"]},"$x":[{"t":"idOrVar","v":"plural"},"value"]},{"$i":"years-until-long","$v":{"zero":"bu yıl","one":"gelecek yıl","two":[{"t":"idOrVar","v":"value"}," yıl içinde"],"few":[{"t":"idOrVar","v":"value"}," yıl içinde"],"many":[{"t":"idOrVar","v":"value"}," yıl içinde"],"other":[{"t":"idOrVar","v":"value"}," yıl içinde"]},"$x":[{"t":"idOrVar","v":"plural"},"value"]},{"$i":"minutes-ago-short","$v":{"zero":"biraz önce","other":[{"t":"idOrVar","v":"value"}," dk önce"]},"$x":[{"t":"idOrVar","v":"plural"},"value"]},{"$i":"hours-ago-short","$v":{"zero":"biraz önce","other":[{"t":"idOrVar","v":"value"}," saat önce"]},"$x":[{"t":"idOrVar","v":"plural"},"value"]},{"$i":"days-ago-short","$v":{"zero":"bugün","other":[{"t":"idOrVar","v":"value"}," gün önce"]},"$x":[{"t":"idOrVar","v":"plural"},"value"]},{"$i":"minutes-until-short","$v":{"zero":"şimdi","other":[{"t":"idOrVar","v":"value"}," dk içinde"]},"$x":[{"t":"idOrVar","v":"plural"},"value"]},{"$i":"hours-until-short","$v":{"zero":"şimdi","other":[{"t":"idOrVar","v":"value"}," saat içinde"]},"$x":[{"t":"idOrVar","v":"plural"},"value"]},{"$i":"days-until-short","$v":{"zero":"bugün","other":[{"t":"idOrVar","v":"value"}," gün içinde"]},"$x":[{"t":"idOrVar","v":"plural"},"value"]},{"$i":"incorrectDate","$v":"(geçersiz tarih)"},{"$i":"dateTimeFormat_%c","$v":"%e %b %Y %a %H:%M:%S"},{"$i":"dateTimeFormat_%x","$v":"%d/%m/%Y"},{"$i":"dateTimeFormat_%X","$v":"%H:%M:%S"},{"$i":"shortTimeFormat","$v":"%H:%M"},{"$i":"shortTimeFormat12","$v":"%I:%M %p"},{"$i":"shortTimeFormat24","$v":"%H:%M"},{"$i":"shortDateTimeFormat","$v":"%x %H:%M"},{"$i":"weekStartsOnMonday","$v":"1"},{"$i":"firstDayOfTheWeek","$v":"0"},{"$i":"time_am","$v":"ÖÖ"},{"$i":"time_pm","$v":"ÖS"},{"$i":"label","$v":"Etiket"},{"$i":"mobile","$v":"Cep"},{"$i":"home","$v":"Ev"},{"$i":"work","$v":"İş"},{"$i":"personal","$v":"Kişisel"},{"$i":"faxHome","$v":"Faks ev"},{"$i":"faxOffice","$v":"Faks iş"},{"$i":"faxOther","$v":"Faks diğer"},{"$i":"another","$v":"Diğer"},{"$i":"other","$v":"Diğer"},{"$i":"customTag","placeholder":"Özel etiket"},{"$i":"current","$v":"Adres"},{"$i":"itemWithLabel","$v":[{"t":"idOrVar","v":"label"},", ",{"t":"idOrVar","v":"item"}]},{"$i":"addNewNumber","$v":"Yeni numara ekle"},{"$i":"contactDetails","$v":"Kişi ayrıntıları"},{"$i":"addToExistingContact","$v":"Mevcut bir kişiye ekle"},{"$i":"all","$v":"Tümü","ariaLabel":"Tümü"},{"$i":"bluetoothOption","ariaLabel":"Bluetooth"},{"$i":"callLog","$v":"Arama kaydı"},{"$i":"callLogEdit","title":"Arama günlüğünü düzenle"},{"$i":"callLogEditDialog","ariaLabel":"Arama günlüğü diyaloğunu düzenle"},{"$i":"connecting","$v":"Bağlanıyor"},{"$i":"connectingEllipsis","$v":"Bağlanıyor…"},{"$i":"call-forwarding-async","$v":["Asenkron: ",{"t":"idOrVar","v":"async"}]},{"$i":"call-forwarding-data","$v":["Veri: ",{"t":"idOrVar","v":"data"}]},{"$i":"call-forwarding-error","$v":"Çağrı yönlendirme durumu alınırken bir hata oluştu"},{"$i":"call-forwarding-fax","$v":["FAKS: ",{"t":"idOrVar","v":"fax"}]},{"$i":"call-forwarding-inactive","$v":"Etkin değil"},{"$i":"call-forwarding-packet","$v":["Paket: ",{"t":"idOrVar","v":"packet"}]},{"$i":"call-forwarding-pad","$v":["TUŞ TAKIMI: ",{"t":"idOrVar","v":"pad"}]},{"$i":"call-forwarding-sms","$v":["SMS: ",{"t":"idOrVar","v":"sms"}]},{"$i":"call-forwarding-status","$v":"Çağrı yönlendirme durumu"},{"$i":"call-forwarding-sync","$v":["Senkron: ",{"t":"idOrVar","v":"sync"}]},{"$i":"call-forwarding-voice","$v":["Ses: ",{"t":"idOrVar","v":"voice"}]},{"$i":"confirm-deletion","$v":"Seçili çağrılar silinsin mi?"},{"$i":"createNewContact","$v":"Yeni kişi oluştur"},{"$i":"dialerAddContact","ariaLabel":"Kişi ekle"},{"$i":"dialerAddContactDialog","ariaLabel":"Add Contact Dialog"},{"$i":"callInformation","$v":"Arama bilgileri"},{"$i":"edit-selected","$v":{"one":[{"t":"idOrVar","v":"n"}," seçildi"],"two":[{"t":"idOrVar","v":"n"}," seçili"],"few":[{"t":"idOrVar","v":"n"}," seçili"],"many":[{"t":"idOrVar","v":"n"}," seçili"],"other":[{"t":"idOrVar","v":"n"}," seçili"]},"$x":[{"t":"idOrVar","v":"plural"},"n"]},{"$i":"hideKeypad","ariaLabel":"Klavyeyi gizle"},{"$i":"ignore","$v":"Çağrıyı yok say"},{"$i":"incoming","$v":"Gelen"},{"$i":"keypad","ariaLabel":"Klavye"},{"$i":"info-missed","$v":"Cevapsız"},{"$i":"missed","$v":"Cevapsız","ariaLabel":"Cevapsız"},{"$i":"canceled","$v":"İptal edildi"},{"$i":"missedCall","$v":"Cevapsız çağrı"},{"$i":"missedCallMultiSims","$v":["(SIM ",{"t":"idOrVar","v":"n"},") Cevapsız çağrı"]},{"$i":"mmi-error","$v":"Mesaj gönderilirken bir hata oluştu"},{"$i":"mmi-session-expired","$v":"Oturum zaman aşımına uğradı"},{"$i":"mmi-successfully-sent","$v":"Mesaj başarıyla gönderildi"},{"$i":"mmi-notification-title-with-sim","$v":["(",{"t":"idOrVar","v":"sim"},") ",{"t":"idOrVar","v":"title"}]},{"$i":"mute","ariaLabel":"Sesi kapat"},{"$i":"newCall","ariaLabel":"Yeni arama"},{"$i":"no-logs-msg-1","$v":"Kaydedilmiş çağrı yok."},{"$i":"no-logs-msg-2","$v":"Haydi, konuşmaya başlayın."},{"$i":"no-logs-msg-3","$v":"Cevapsız çağrı yok"},{"$i":"onHoldOption","ariaLabel":"Beklemede"},{"$i":"outgoing","$v":"Giden"},{"$i":"recents","ariaLabel":"Son aramalar"},{"$i":"reply","$v":"Yanıtla"},{"$i":"send","$v":"Gönder"},{"$i":"switch-calls","$v":"Arama değiştir"},{"$i":"withheld-number","$v":"Gizli numara"},{"$i":"from-contact","$v":[{"t":"idOrVar","v":"contact"}," adlı kişiden"]},{"$i":"from-number","$v":[{"t":"idOrVar","v":"number"}," numarasından"]},{"$i":"from-withheld-number","$v":"Gizli numaradan"},{"$i":"sending","$v":"Gönderiliyor…"},{"$i":"speakerOption","ariaLabel":"Hoparlör"},{"$i":"ussd-services","$v":[{"t":"idOrVar","v":"operator"}," hizmetleri"]},{"$i":"toggleKeypad","ariaLabel":"Klavyeyi aç/kapat"},{"$i":"type-your-response","placeholder":"Yanıtınızı yazın…"},{"$i":"clear-all-text","$v":"Tüm metni temizle"},{"$i":"hide","$v":"Gizle"},{"$i":"hold","ariaLabel":"Beklet"},{"$i":"resume","$v":"Sürdür","ariaLabel":"Sürdür"},{"$i":"sendSms","$v":"Mesaj gönder"},{"$i":"callEnded","$v":"Çağrı sonlandı"},{"$i":"via-sim","$v":["SIM",{"t":"idOrVar","v":"n"}," ile"]},{"$i":"sim-number","$v":["SIM",{"t":"idOrVar","v":"n"}]},{"$i":"unknown","$v":"Bilinmiyor"},{"$i":"hangup-a11y-button","ariaLabel":"Kapat"},{"$i":"pickup-a11y-button","ariaLabel":"Yanıtla"},{"$i":"unlock-a11y-button","ariaLabel":"Sürgü"},{"$i":"settings","$v":"Ayarlar"},{"$i":"delete-n-log?","$v":{"zero":"Hiçbir şey seçilmedi","one":"Seçilen kayıt silinsin mi?","two":[{"t":"idOrVar","v":"n"}," kayıt silinsin mi?"],"few":[{"t":"idOrVar","v":"n"}," kayıt silinsin mi?"],"many":[{"t":"idOrVar","v":"n"}," kayıt silinsin mi?"],"other":[{"t":"idOrVar","v":"n"}," kayıt silinsin mi?"]},"$x":[{"t":"idOrVar","v":"plural"},"n"]},{"$i":"callDurationMinutes","$v":[{"t":"idOrVar","v":"m"},":",{"t":"idOrVar","v":"s"}]},{"$i":"callDurationHours","$v":[{"t":"idOrVar","v":"h"},":",{"t":"idOrVar","v":"m"},":",{"t":"idOrVar","v":"s"}]},{"$i":"callDurationTextFormatSeconds","$v":[{"t":"idOrVar","v":"s"}," sn"]},{"$i":"callDurationTextFormatMinutes","$v":[{"t":"idOrVar","v":"m"}," dk ",{"t":"idOrVar","v":"s"}," sn"]},{"$i":"callDurationTextFormatHours","$v":[{"t":"idOrVar","v":"h"}," sa ",{"t":"idOrVar","v":"m"}," dk ",{"t":"idOrVar","v":"s"}," sn"]},{"$i":"suggestionMatches","$v":{"one":["\"",{"t":"idOrVar","v":"matchNumber"},"\" ",{"t":"idOrVar","v":"n"}," kez eşleşti"],"two":["\"",{"t":"idOrVar","v":"matchNumber"},"\" ",{"t":"idOrVar","v":"n"}," kez eşleşti"],"few":["\"",{"t":"idOrVar","v":"matchNumber"},"\" ",{"t":"idOrVar","v":"n"}," kez eşleşti"],"many":["\"",{"t":"idOrVar","v":"matchNumber"},"\" ",{"t":"idOrVar","v":"n"}," kez eşleşti"],"other":["\"",{"t":"idOrVar","v":"matchNumber"},"\" ",{"t":"idOrVar","v":"n"}," kez eşleşti"]},"$x":[{"t":"idOrVar","v":"plural"},"n"]},{"$i":"scCallBarring","$v":"Arama engelleme"},{"$i":"scCallForwarding","$v":"Yönlendirme"},{"$i":"scClip","$v":"Arayanın numarası"},{"$i":"scClir","$v":"Numaramı göster"},{"$i":"scPwd","$v":"Parola değiştir"},{"$i":"scCallWaiting","$v":"Arama bekletme"},{"$i":"scPin","$v":"PIN değiştir"},{"$i":"scPin2","$v":"PIN2 değiştir"},{"$i":"scPuk","$v":"PIN kilidini aç"},{"$i":"scPuk2","$v":"PIN2 kilidini aç"},{"$i":"scImei","$v":"IMEI"},{"$i":"scUssd","$v":"USSD"},{"$i":"serviceClassVoice","$v":"Ses"},{"$i":"serviceClassData","$v":"Veri"},{"$i":"serviceClassFax","$v":"Faks"},{"$i":"serviceClassSms","$v":"SMS"},{"$i":"serviceClassDataSync","$v":"Senkron"},{"$i":"serviceClassDataAsync","$v":"Asenkron"},{"$i":"serviceClassPacket","$v":"Paket"},{"$i":"serviceClassPad","$v":"PAD"},{"$i":"smServiceEnabled","$v":"Servis etkinleştirildi"},{"$i":"smServiceDisabled","$v":"Servis devre dışı bırakıldı"},{"$i":"smServiceRegistered","$v":"Kayıt başarılı"},{"$i":"smServiceErased","$v":"Silme başarılı"},{"$i":"smServiceInterrogated","$v":"İstek başarılı"},{"$i":"smServiceNotProvisioned","$v":"Servis izni yok"},{"$i":"smClirPermanent","$v":"Arama kimliği ayarını değiştiremezsiniz"},{"$i":"smClirDefaultOnNextCallOn","$v":"Arama kimliği varsayılan olarak kısıtlı. Sonraki arama: Kısıtlı"},{"$i":"smClirDefaultOnNextCallOff","$v":"Arama kimliği varsayılan olarak kısıtlı. Sonraki arama: Kısıtsız"},{"$i":"smClirDefaultOffNextCallOn","$v":"Arama kimliği varsayılan olarak kısıtsız. Sonraki arama: Kısıtlı"},{"$i":"smClirDefaultOffNextCallOff","$v":"Arama kimliği varsayılan olarak kısıtsız. Sonraki arama: Kısıtsız"},{"$i":"smServiceEnabledFor","$v":"Servis etkinleştirildi:"},{"$i":"smPinChanged","$v":"PIN başarıyla değiştirildi"},{"$i":"smPinUnblocked","$v":"PIN başarıyla açıldı"},{"$i":"smPin2Changed","$v":"PIN2 başarıyla değiştirildi"},{"$i":"smPin2Unblocked","$v":"PIN2 başarıyla değiştirildi"},{"$i":"ServiceIsEnabled","$v":"Servis etkinleştirildi"},{"$i":"ServiceIsDisabled","$v":"Servis devre dışı"},{"$i":"ServiceIsEnabledFor","$v":"Servis etkinleştirildi:"},{"$i":"emMmiError","$v":"Bağlantı sorunu veya geçersiz MMI kodu"},{"$i":"emMmiErrorPasswordIncorrect","$v":"Yanlış parola"},{"$i":"emMmiErrorNotSupported","$v":"Geçersiz ve desteklenmeyen MMI kodu"},{"$i":"emMmiErrorInvalidAction","$v":"Geçersiz eylem"},{"$i":"emMmiErrorInvalidScCode","$v":"Geçersiz servis kodu"},{"$i":"emMmiErrorBadPuk","$v":"Yazdığınız PUK yanlış"},{"$i":"emMmiErrorBadPin","$v":"Yazdığınız eski PIN yanlış."},{"$i":"emMmiErrorNeedPuk2","$v":"SIM kartı açmak için PUK2'yi yazın"},{"$i":"emMmiErrorMismatchPin","$v":"Yazdığınız PIN'ler eşleşmiyor"},{"$i":"emMmiErrorInvalidPin","$v":"4 ila 8 basamaklı bir PIN yazın"},{"$i":"emMmiErrorNeedsPuk","$v":"SIM kartınız PUK kilitli"},{"$i":"emMmiErrorEnablePin","$v":"Başarısız. SIM/RUIM kilidini etkinleştir"},{"$i":"emMmiErrorMmiFdn","$v":"İşlem sadece sabit arama numaralarıyla kısıtlıdır"},{"$i":"emMmiErrorStkCcUssdDial","$v":"USSD isteği DIAL isteğiyle değiştirildi"},{"$i":"emMmiErrorStkCcUssdSs","$v":"USSD isteği SS isteğiyle değiştirildi"},{"$i":"emMmiErrorStkCcUssdUssd","$v":"USSD isteği yeni USSD isteğiyle değiştirildi"},{"$i":"emMmiErrorStkCcSsDial","$v":"SS isteği DIAL isteğiyle değiştirildi"},{"$i":"emMmiErrorStkCcSsUssd","$v":"SS isteği USSD isteğiyle değiştirildi"},{"$i":"emMmiErrorStkCcSsSs","$v":"SS isteği yeni SS isteğiyle değiştirildi"},{"$i":"emMmiErrorPinPukAttempts","$v":{"one":["Sadece ",{"t":"idOrVar","v":"n"}," hakkınız kaldı"],"two":[{"t":"idOrVar","v":"n"}," hakkınız kaldı"],"few":[{"t":"idOrVar","v":"n"}," hakkınız kaldı"],"many":[{"t":"idOrVar","v":"n"}," hakkınız kaldı"],"other":[{"t":"idOrVar","v":"n"}," hakkınız kaldı"]},"$x":[{"t":"idOrVar","v":"plural"},"n"]},{"$i":"emMmiErrorSimBlocked","$v":"Maksimum deneme sayısını aştınız. SIM kilitlendi"},{"$i":"RadioNotAvailable","$v":"Radyo kullanılamıyor"},{"$i":"GenericFailure","$v":"Genel hata"},{"$i":"PasswordIncorrect","$v":"Parola yanlış"},{"$i":"SimPin2","$v":"SIM PIN2"},{"$i":"SimPuk2","$v":"SIM PUK2"},{"$i":"RequestNotSupported","$v":"İstek desteklenmiyor"},{"$i":"OpNotAllowedDuringVoiceCall","$v":"Sesli arama sırasında bu işleme izin verilmiyor"},{"$i":"SmsSendFailRetry","$v":"SMS gönderimi başarısız, tekrar dene"},{"$i":"SimAbsent","$v":"SIM yok"},{"$i":"SubscriptionNotAvailable","$v":"Abonelik kullanılabilir değil"},{"$i":"ModeNotSupported","$v":"Mod desteklenmiyor"},{"$i":"FdnCheckFailure","$v":"Fdn kontrol hatası"},{"$i":"IllegalSimOrMe","$v":"Geçersiz SIM veya ME"},{"$i":"DialModifiedToUssd","$v":"Arama USSD olarak değiştirildi"},{"$i":"DialModifiedToSs","$v":"Arama SS olarak değiştirildi"},{"$i":"DialModifiedToDial","$v":"Arama arama olarak değiştirildi"},{"$i":"UssdModifiedToDial","$v":"USSD arama olarak değiştirildi"},{"$i":"UssdModifiedToSs","$v":"USSD SS olarak değiştirildi"},{"$i":"UssdModifiedToUssd","$v":"USSD, USSD olarak değiştirildi"},{"$i":"SsModifiedToDial","$v":"SS, arama olarak değiştirildi"},{"$i":"SsModifiedToUssd","$v":"SS, USSD olarak değiştirildi"},{"$i":"SsModifiedToSs","$v":"SS, SS olarak değiştirildi"},{"$i":"SubscriptionNotSupported","$v":"Abonelik desteklenmiyor"},{"$i":"InvalidParameter","$v":"Geçersiz parametre"},{"$i":"RejectedByRemote","$v":"Karşı taraf reddetti"},{"$i":"conferenceCall","$v":["Konferans (",{"t":"idOrVar","v":"n"},")"]},{"$i":"caller-left-call","$v":[{"t":"idOrVar","v":"caller"}," aramadan ayrıldı."]},{"$i":"conferenceAddError","$v":"Çağrılar birleştirilemedi"},{"$i":"conferenceRemoveError","$v":"Çağrılar ayrılamadı"},{"$i":"longDateFormat","$v":"%e %B %A"},{"$i":"select-audio-sources","$v":"Ses kaynaklarını seçin"},{"$i":"bluetooth-handsfree-device","$v":"Bluetooth eller serbest cihazı"},{"$i":"receiver","$v":"Alıcı"},{"$i":"speaker","$v":"Hoparlör"},{"$i":"voicemailNoNumberTitle","$v":"Telesekreter numarası yok"},{"$i":"voicemailNoNumberText","$v":"Telesekreter aranamadı. Arama yapmak için telesekreter numarasını ayarlayın."},{"$i":"voicemailNoNumberSettings","$v":"Ayarlar"},{"$i":"voicemailNoNumberCancel","$v":"İptal"},{"$i":"phoneNumberInput","ariaLabel":"Telefon numarası"},{"$i":"keypadDelete","ariaLabel":"Sil"},{"$i":"voiceMailKey","ariaLabel":"Telesekreter"},{"$i":"asterisk","ariaLabel":"Yıldız"},{"$i":"hashSign","ariaLabel":"Kare işareti"},{"$i":"loadingSimContacts","$v":"Loading SIM card contacts…"},{"$i":"noContactsWereFound","$v":"No contacts were found"},{"$i":"noContactsFoundDialogOk","$v":"OK"},{"$i":"emergencyNumber","$v":"Acil durum numarası"},{"$i":"callAirplaneModeMessage","$v":"Arama yapmak için ayarlardan uçak modunu kapatmalısınız."},{"$i":"callAirplaneModeBtnOk","$v":"Tamam"},{"$i":"callAirplaneModeTitle","$v":"Uçak modu etkin"},{"$i":"numberIsBusyTitle","$v":"Numara meşgul"},{"$i":"numberIsBusyMessage","$v":"Numara şu anda meşgul. Lütfen daha sonra yeniden deneyin."},{"$i":"fdnIsActiveTitle","$v":"FDN etkin"},{"$i":"fdnIsActiveMessage","$v":["FDN (Sabit Arama Numaraları) etkinleştirilmiş ve bu numara FDN listenizde yer almıyor: ",{"t":"idOrVar","v":"number"}]},{"$i":"emergencyDialogBodyBadNumber","$v":"Arama yapmak için telefon bir şebekeye bağlı olmalıdır."},{"$i":"emergencyDialogBodyDeviceNotAccepted","$v":"Şebeke, acil durum aramalarına izin vermiyor."},{"$i":"emergencyDialogBtnOk","$v":"Tamam"},{"$i":"emergencyDialogTitle","$v":"Şebeke bağlantısı yok"},{"$i":"invalidNumberToDialTitle","$v":"Geçersiz telefon numarası"},{"$i":"invalidNumberToDialMessage","$v":"Aradığınız telefon numarası geçerli değil."},{"$i":"unableToCallTitle","$v":"Şu anda telefon araması yapılamıyor"},{"$i":"unableToCallMessage","$v":"Arama yapılamıyor. Zaten konuşuyorsanız önce telefonu kapatın."},{"$i":"otherConnectionInUseTitle","$v":"Diğer bağlantı kullanımda"},{"$i":"otherConnectionInUseMessage","$v":"Diğer bağlantıda etkin bir aramanız var. Bir seferde tek bir bağlantıyı kullanabilirsiniz."}]