[{"$i":"close","$v":"关闭"},{"$i":"import","$v":"导入"},{"$i":"update","$v":"更新"},{"$i":"fbFriends","$v":"Facebook 上的朋友"},{"$i":"live-serviceName","$v":"Outlook"},{"$i":"gmail-serviceName","$v":"Gmail"},{"$i":"facebook-serviceName","$v":"Facebook 上的朋友"},{"$i":"selectAll","$v":"选择全部"},{"$i":"deselectAll","$v":"全部不选"},{"$i":"viewAll","$v":"查看所有 Facebook 上的朋友"},{"$i":"viewRecommend","$v":"仅显示推荐的"},{"$i":"linkProposal","$v":{"zero":"没有找到匹配的朋友，显示全部的","one":"选择推荐项","two":"选择建议的一项","few":"选择建议的一项","many":"选择建议的一项","other":"选择建议的一项"},"$x":[{"t":"idOrVar","v":"plural"},"numFriends"]},{"$i":"fbFriendsFound","$v":{"zero":"已导入全部朋友","one":"发现一个可导入的朋友","two":["找到 ",{"t":"idOrVar","v":"numFriends"}," 个要导入的朋友"],"few":["找到 ",{"t":"idOrVar","v":"numFriends"}," 个要导入的朋友"],"many":["找到 ",{"t":"idOrVar","v":"numFriends"}," 个要导入的朋友"],"other":["找到 ",{"t":"idOrVar","v":"numFriends"}," 个要导入的朋友"]},"$x":[{"t":"idOrVar","v":"plural"},"numFriends"]},{"$i":"fbNoFriends","$v":"没有联系人可供导入"},{"$i":"facebook","$v":"Facebook"},{"$i":"search-contact","placeholder":"搜索"},{"$i":"noResults","$v":"没有找到联系人"},{"$i":"done-search","$v":"完成"},{"$i":"progressFB3ImportTitle","$v":"正在将朋友导入联系人"},{"$i":"progressFB","$v":[{"t":"idOrVar","v":"current"},"/",{"t":"idOrVar","v":"total"}]},{"$i":"progressFB3UpdateTitle","$v":"正在更新联系人中的朋友"},{"$i":"message2","$v":"这可能需要几分钟的时间"},{"$i":"messageLinking","$v":"请等待，正在连接你的朋友和你的联系人。"},{"$i":"messageCanceling","$v":"请稍候，我们正在取消当前的操作。"},{"$i":"error1","$v":["错误 ",{"t":"idOrVar","v":"from"}]},{"$i":"error2","$v":"是否重试？"},{"$i":"errorProposal","$v":"正在计算建议"},{"$i":"errorFriends","$v":"正在获取朋友"},{"$i":"errorLinking","$v":"正在连接联系人"},{"$i":"timeout1","$v":["超过时限 ",{"t":"idOrVar","v":"from"}]},{"$i":"timeout2","$v":"是否重试？"},{"$i":"timeoutProposal","$v":"正在计算建议"},{"$i":"timeoutFriends","$v":"正在获取朋友"},{"$i":"timeoutLinking","$v":"正在连接联系人"},{"$i":"wait1","$v":"请等待"},{"$i":"wait2","$v":"这可能需要几分钟的时间"},{"$i":"waitProposal","$v":"请等待，我们正在计算建议。"},{"$i":"waitFriends","$v":"请等待，我们正在连接以获得你的朋友列表。"},{"$i":"curtainCancel","$v":"取消"},{"$i":"curtainRetry","$v":"重试"},{"$i":"curtainOK","$v":"确定"},{"$i":"connectionLost","$v":"没有互联网连接"},{"$i":"connectionLostMsg","$v":"朋友的照片不会添加到您的联系人中。继续吗？"},{"$i":"yesOption","$v":"确定"},{"$i":"noOption","$v":"取消"},{"$i":"friendsUpdated","$v":{"zero":"没有更新朋友","one":"已更新一个朋友","two":["已更新 ",{"t":"idOrVar","v":"numFriends"}," 个朋友"],"few":["已更新 ",{"t":"idOrVar","v":"numFriends"}," 个朋友"],"many":["已更新 ",{"t":"idOrVar","v":"numFriends"}," 个朋友"],"other":["已更新 ",{"t":"idOrVar","v":"numFriends"}," 个朋友"]},"$x":[{"t":"idOrVar","v":"plural"},"numFriends"]},{"$i":"friendsMerged","$v":{"zero":"没有可合并的重复的朋友","one":"找到一个重复的朋友","two":["找到 ",{"t":"idOrVar","v":"numDups"}," 个重复的朋友"],"few":["找到 ",{"t":"idOrVar","v":"numDups"}," 个重复的朋友"],"many":["找到 ",{"t":"idOrVar","v":"numDups"}," 个重复的朋友"],"other":["找到 ",{"t":"idOrVar","v":"numDups"}," 个重复的朋友"]},"$x":[{"t":"idOrVar","v":"plural"},"numDups"]},{"$i":"notificationLogin","$v":"你的 Facebook 会话无效，请登录。"},{"$i":"syncError","$v":"同步你的朋友数据时发生错误"},{"$i":"waitDuplicateContacts","$v":"正在查找重复的联系人"},{"$i":"waitMergingDuplicateContacts","$v":"正在合并重复的联系人"},{"$i":"alertNoDuplicateContacts","$v":"未找到重复的联系人"},{"$i":"merge","ariaLabel":"Merge"},{"$i":"mergeDuplicateTitle","$v":"合并重复项"},{"$i":"suggestedDuplicateContacts","$v":[{"t":"idOrVar","v":"name"}," 可能的重复联系人"]},{"$i":"mergeActionButtonLabel","$v":{"zero":"未选择联系人","one":["合并 ",{"t":"idOrVar","v":"n"}," 个联系人"],"two":["合并 ",{"t":"idOrVar","v":"n"}," 个联系人"],"few":["合并 ",{"t":"idOrVar","v":"n"}," 个联系人"],"many":["合并 ",{"t":"idOrVar","v":"n"}," 个联系人"],"other":["合并 ",{"t":"idOrVar","v":"n"}," 个联系人"]},"$x":[{"t":"idOrVar","v":"plural"},"n"]},{"$i":"duplicatesFoundTitle","$v":"发现重复项"},{"$i":"duplicatesFoundMessage","$v":["下列联系人中有 ",{"t":"idOrVar","v":"name"}," 条重复信息"]},{"$i":"ok","$v":"确定"},{"$i":"gaia-menu-cancel","$v":"取消"},{"$i":"gaia-sim-picker-dial-via-with-number","$v":["拨叫 ",{"t":"idOrVar","v":"phoneNumber"}," 通过"]},{"$i":"gaia-sim-picker-select-sim","$v":"选择 SIM 卡"},{"$i":"gaia-sim-picker-button","$v":["SIM",{"t":"idOrVar","v":"n"}]},{"$i":"gaia-sim-picker-button-default","$v":"（默认）"},{"$i":"call","$v":"拨打"},{"$i":"edit","$v":"编辑"},{"$i":"cancel","$v":"取消"},{"$i":"done","$v":"完成"},{"$i":"retry","$v":"重试"},{"$i":"contacts","$v":"联系人"},{"$i":"addContact","$v":"添加联系人"},{"$i":"deleteContact","$v":"删除联系人"},{"$i":"selectContact","$v":"选择联系人"},{"$i":"editContact","$v":"编辑联系人"},{"$i":"deleteConfirmMsg","$v":"要删除联系人吗？"},{"$i":"remove","$v":"移除"},{"$i":"delete","$v":"删除"},{"$i":"comments","$v":"备注"},{"$i":"no_contact_phones","$v":"此联系人信息中不包含电话号码"},{"$i":"no_contact_email","$v":"此联系人信息中不包含电子邮件地址"},{"$i":"no_contact_data","$v":"此联系人没有电话号码或电子邮件地址"},{"$i":"removePhotoConfirm","$v":"要移除联系人照片吗？"},{"$i":"loadingContacts","$v":"正在载入联系人…"},{"$i":"noContactsActivity2","$v":"No contacts in your Contacts list"},{"$i":"noName","$v":"无姓名"},{"$i":"givenName","placeholder":"名字"},{"$i":"familyName","placeholder":"姓氏"},{"$i":"tel","placeholder":"电话"},{"$i":"carrier","$v":"运营商","placeholder":"运营商"},{"$i":"separator","$v":","},{"$i":"email","$v":"电子邮件","placeholder":"电子邮件"},{"$i":"streetAddress","placeholder":"街道"},{"$i":"postalCode","placeholder":"邮政编码"},{"$i":"locality","placeholder":"城市"},{"$i":"countryName","placeholder":"国家/地区"},{"$i":"comment","placeholder":"备注"},{"$i":"org","placeholder":"单位"},{"$i":"date","$v":"日期","placeholder":"日期"},{"$i":"date-span-placeholder","$v":"日期"},{"$i":"birthday","$v":"生日"},{"$i":"dateFormat","$v":"%m月%e日"},{"$i":"dateOutput","$v":[{"t":"idOrVar","v":"year"},"年",{"t":"idOrVar","v":"dayMonthFormatted"}]},{"$i":"anniversary","$v":"周年纪念"},{"$i":"addPhoto","$v":"添加照片"},{"$i":"addPhone","$v":"添加电话"},{"$i":"addEmail","$v":"添加电子邮件"},{"$i":"addAddress","$v":"添加地址"},{"$i":"addDate","$v":"添加日期"},{"$i":"addComment","$v":"添加备注"},{"$i":"addFavorite","$v":"加为收藏"},{"$i":"removeFavorite","$v":"移除收藏"},{"$i":"addButton","ariaLabel":"添加"},{"$i":"editButton","ariaLabel":"编辑"},{"$i":"settingsButton","ariaLabel":"设置"},{"$i":"phoneDetail","ariaLabel":"电话"},{"$i":"emailDetail","ariaLabel":"电子邮件"},{"$i":"addressDetail","ariaLabel":"地址"},{"$i":"dateDetail","ariaLabel":"日期"},{"$i":"composeEmail","ariaLabel":"电子邮件"},{"$i":"makeCall","ariaLabel":"拨叫"},{"$i":"phones","ariaLabel":"电话"},{"$i":"emails","ariaLabel":"电子邮件"},{"$i":"addresses","ariaLabel":"地址"},{"$i":"dates","ariaLabel":"日期"},{"$i":"notes","ariaLabel":"注释"},{"$i":"exit","$v":"退出"},{"$i":"expand","$v":"展开"},{"$i":"labelName","$v":"名字："},{"$i":"labelLastName","$v":"姓氏："},{"$i":"labelPhoneNumber","$v":"电话号码："},{"$i":"labelCarrier","$v":"运营商："},{"$i":"labelEmail","$v":"电子邮件："},{"$i":"labelStreet","$v":"街道："},{"$i":"labelZip","$v":"邮政编码："},{"$i":"labelCity","$v":"城市："},{"$i":"labelCountry","$v":"国家/地区："},{"$i":"labelComment","$v":"备注："},{"$i":"legendTitleMain","$v":"主要信息"},{"$i":"legendPhones","$v":"电话号码"},{"$i":"legendEmail","$v":"电子邮件地址"},{"$i":"legendAddress","$v":"地址"},{"$i":"transferContactsTitle","$v":"转移联系人"},{"$i":"importContactsTitle","$v":"导入联系人"},{"$i":"importContactsButton","$v":"导入联系人"},{"$i":"exportContactsTitle","$v":"导出联系人"},{"$i":"exportContactsButton","$v":"导出联系人"},{"$i":"exportContactsAction","$v":"导出"},{"$i":"simExport-title","$v":"导出至 SIM 卡"},{"$i":"memoryCardExport-title","$v":"导出到存储卡"},{"$i":"btExport-title","$v":"导出至蓝牙设备"},{"$i":"memoryCardUMSEnabled","$v":"USB 存储已启用，无法使用存储卡"},{"$i":"exportErrorTitle","$v":"导出出错"},{"$i":"contactsExported2","$v":{"zero":"没有导出联系人","one":[{"t":"idOrVar","v":"exported"},"/",{"t":"idOrVar","v":"total"},"个联系人已导出"],"two":[{"t":"idOrVar","v":"exported"},"/",{"t":"idOrVar","v":"total"},"个联系人已导出"],"few":[{"t":"idOrVar","v":"exported"},"/",{"t":"idOrVar","v":"total"},"个联系人已导出"],"many":[{"t":"idOrVar","v":"exported"},"/",{"t":"idOrVar","v":"total"},"个联系人已导出"],"other":[{"t":"idOrVar","v":"exported"},"/",{"t":"idOrVar","v":"total"},"个联系人已导出"]},"$x":[{"t":"idOrVar","v":"plural"},"exported"]},{"$i":"exportError-general","$v":"在导出时发生错误"},{"$i":"exportError-SD-shared","$v":"无法访问存储卡，因其已被共享"},{"$i":"exportError-SD-unavailable","$v":"存储卡不可用"},{"$i":"exportError-SD-noSpace","$v":"存储卡没有足够的空间以供导出联系人"},{"$i":"exportError-SIM-unavailable","$v":"SIM 卡不可用"},{"$i":"exportError-BT-shared","$v":"无法访问存储卡，因其已被共享"},{"$i":"exportError-BT-unavailable","$v":"存储卡不可用"},{"$i":"exportError-BT-noSpace","$v":"存储卡没有足够的空间以供导出联系人"},{"$i":"social-network","$v":"社交网络"},{"$i":"social-link","$v":"链接联系人"},{"$i":"social-unlink","$v":"取消链接联系人"},{"$i":"social-unlink-confirm-title","$v":"你是否希望断开朋友的连接？"},{"$i":"social-unlink-confirm-accept","$v":"取消链接"},{"$i":"facebook-import","$v":"导入 Facebook 中的朋友"},{"$i":"show-fb-profile","$v":"查看 Facebook 的个人资料"},{"$i":"msg-send","$v":"信息"},{"$i":"wall-post","$v":"留言板"},{"$i":"share-contact","$v":"Share Contact"},{"$i":"facebook-export-forbidden","$v":"由于 Facebook 限制，无法共享该联系人。"},{"$i":"otherAccount","$v":"其他账户"},{"$i":"facebookSwitchMsg","$v":"同步朋友"},{"$i":"select_mobile","$v":"选择移动电话"},{"$i":"select_email","$v":"选择电子邮件"},{"$i":"select_recipient","$v":"选择收件人"},{"$i":"contactsOrderBy","$v":"按姓氏排序"},{"$i":"importSim2","$v":"SIM 卡"},{"$i":"importGmail","$v":"Gmail"},{"$i":"bluetooth","$v":"蓝牙"},{"$i":"importOutlook","$v":"Outlook"},{"$i":"fbUpdateFriends","$v":"更新已导入的朋友"},{"$i":"cleaningFbData","$v":"正在移除 Facebook 数据"},{"$i":"loggingOutFb","$v":"从 Facebook 退出登录"},{"$i":"cleanFbConfirmMsg","$v":"要移除所有 Facebook 数据吗？"},{"$i":"renewPwdMsg","$v":"您的 Facebook 的密码已经更改，请更新。"},{"$i":"notEnabledYet","$v":"尚未启用"},{"$i":"genericNoConnection","$v":"请连接到 Wi-FI 或数据网络以导入联系人"},{"$i":"simCard","$v":"SIM 卡"},{"$i":"memoryCard","$v":"存储卡"},{"$i":"simNumberNoMSISDN","$v":["SIM ",{"t":"idOrVar","v":"number"},":"]},{"$i":"simNumberWithMSISDN","$v":["SIM ",{"t":"idOrVar","v":"number"},"：",{"t":"idOrVar","v":"msisdn"}]},{"$i":"ICEContactsGroup","$v":"紧急联系人"},{"$i":"setICEButton","$v":"设置紧急联系人"},{"$i":"ICESettingTitle","$v":"紧急联系人"},{"$i":"ICEDescription","$v":"为“紧急情况”的拨叫添加两个联系人。"},{"$i":"ICEContact1","$v":"紧急联系人 1"},{"$i":"ICESelectContact","$v":"选择一个联系人"},{"$i":"ICEContact2","$v":"紧急联系人 2"},{"$i":"ICERepeatedContact","$v":"此联系人已经是一个紧急联系人"},{"$i":"ICEUnknownError","$v":"设置联系人为紧急联系人时出错"},{"$i":"ICEContactNoNumber","$v":"此联系人没有一个电话号码"},{"$i":"ICEFacebookContactNotAllowed","$v":"Facebook 联系人不能设置为紧急联系人"},{"$i":"ICEContactDelTel","$v":"删除电话号码将从紧急联系人中移除"},{"$i":"ICEContactDelTelAll","$v":"所有号码已删除。此联系人已经从紧急联系人中去除。"},{"$i":"no-contacts","$v":"没有联系人"},{"$i":"start-adding","$v":"现在就添加他们"},{"$i":"notImported","$v":"未导入"},{"$i":"imported","$v":"已导入"},{"$i":"today","$v":"今天"},{"$i":"yesterday","$v":"昨天"},{"$i":"organise-contacts","$v":"管理联系人"},{"$i":"find-merge-contacts","$v":"查找重复的联系人"},{"$i":"preparing-contacts","$v":"正在整理联系人"},{"$i":"exportError-SIM-NoFreeRecordFound","$v":"SIM 卡已满"},{"$i":"exportError-SIM-CannotAccessPhoneBook","$v":"无法访问 SIM 卡的通讯录"},{"$i":"exportError-SIM-Unavailable","$v":"未检测到 SIM 卡"},{"$i":"exportError-SIM-GenericError","$v":"导出联系人时发生错误"},{"$i":"noSimMsgExport","$v":"要导出联系人，请插入或解锁您的 SIM 卡"},{"$i":"noMemoryCardMsgExport","$v":"请插入存储卡以导出联系人"},{"$i":"ContactManagementTitle","$v":"联系人管理"},{"$i":"DeleteTitle","$v":"删除"},{"$i":"bulkDeleteButton","$v":"删除联系人"},{"$i":"BulkDelCancel","$v":"联系人删除已取消"},{"$i":"DeletedTxt","$v":{"zero":"无联系人可删除","one":"已删除 1 个联系人","two":["已删除 ",{"t":"idOrVar","v":"n"}," 个联系人"],"few":["已删除 ",{"t":"idOrVar","v":"n"}," 个联系人"],"many":["已删除 ",{"t":"idOrVar","v":"n"}," 个联系人"],"other":["已删除 ",{"t":"idOrVar","v":"n"}," 个联系人"]},"$x":[{"t":"idOrVar","v":"plural"},"n"]},{"$i":"DeletingContacts","$v":"正在删除联系人"},{"$i":"ContactConfirmDel","$v":{"zero":"无联系人可删除","one":"删除 1 个联系人？此操作无法撤销。","two":["删除 ",{"t":"idOrVar","v":"n"}," 个联系人？此操作无法撤销。"],"few":["删除 ",{"t":"idOrVar","v":"n"}," 个联系人？此操作无法撤销。"],"many":["删除 ",{"t":"idOrVar","v":"n"}," 个联系人？此操作无法撤销。"],"other":["删除 ",{"t":"idOrVar","v":"n"}," 个联系人？此操作无法撤销。"]},"$x":[{"t":"idOrVar","v":"plural"},"n"]},{"$i":"SelectedTxt","$v":{"zero":"联系人","one":["已选择 ",{"t":"idOrVar","v":"n"}," 条"],"two":["已选择 ",{"t":"idOrVar","v":"n"}," 条"],"few":["已选择 ",{"t":"idOrVar","v":"n"}," 条"],"many":["已选择 ",{"t":"idOrVar","v":"n"}," 条"],"other":["已选择 ",{"t":"idOrVar","v":"n"}," 条"]},"$x":[{"t":"idOrVar","v":"plural"},"n"]},{"$i":"video","$v":"视频"},{"$i":"audio","$v":"音频"},{"$i":"pick_destination","$v":[{"t":"idOrVar","v":"destination"}," ",{"t":"idOrVar","v":"carrier"}]},{"$i":"removeField","ariaLabel":"移除"},{"$i":"undo","ariaLabel":"撤销"},{"$i":"send-sms-button","ariaLabel":"短信"},{"$i":"ice_contacts","$v":"紧急联系人"},{"$i":"edit-picture","$v":"编辑图片"},{"$i":"remove-photo","$v":"移除照片"},{"$i":"change-photo","$v":"更改照片"},{"$i":"photo-options","$v":"照片选项"},{"$i":"vCardContacts-imported","$v":{"zero":"No contacts imported","one":"Imported one contact","two":["Imported ",{"t":"idOrVar","v":"n"}," contacts"],"few":["Imported ",{"t":"idOrVar","v":"n"}," contacts"],"many":["Imported ",{"t":"idOrVar","v":"n"}," contacts"],"other":["Imported ",{"t":"idOrVar","v":"n"}," contacts"]},"$x":[{"t":"idOrVar","v":"plural"},"n"]},{"$i":"voiceMail","$v":"语音信箱"},{"$i":"back","$v":"后退"},{"$i":"noSimMsg","$v":"插入或者解锁你的 SIM 卡以导入联系人"},{"$i":"noMemoryCardMsg","$v":"请插入存储卡以导入联系人"},{"$i":"importMemoryCard","$v":"存储卡"},{"$i":"noConnection11","$v":"要导入 Facebook 朋友或联系人，连接到 Wi-Fi 或数据网络"},{"$i":"emptyAccount","$v":"在此账号中没有找到朋友或联系人。"},{"$i":"simContacts-import","$v":"导入 SIM 卡联系人"},{"$i":"simContacts-importing","$v":"正在导入 SIM 卡联系人…"},{"$i":"simContacts-reading","$v":"从 SIM 卡中读取…"},{"$i":"simContacts-error","$v":"无法从 SIM 卡导入联系人"},{"$i":"simContacts-imported3","$v":{"zero":"在 SIM 卡中没有发现可以导入的联系人","one":"已导入一个联系人","two":["已导入 ",{"t":"idOrVar","v":"n"}," 个联系人"],"few":["已导入 ",{"t":"idOrVar","v":"n"}," 个联系人"],"many":["已导入 ",{"t":"idOrVar","v":"n"}," 个联系人"],"other":["已导入 ",{"t":"idOrVar","v":"n"}," 个联系人"]},"$x":[{"t":"idOrVar","v":"plural"},"n"]},{"$i":"memoryCardContacts-import","$v":"从存储卡导入联系人"},{"$i":"memoryCardContacts-importing","$v":"正在从存储卡导入联系人…"},{"$i":"memoryCardContacts-reading","$v":"正在从存储卡读取信息…"},{"$i":"memoryCardContacts-error","$v":"无法从存储卡导入联系人"},{"$i":"memoryCardContacts-imported3","$v":{"zero":"没有在存储卡中找到可导入的联系人","one":"已导入一个联系人","two":["已导入 ",{"t":"idOrVar","v":"n"}," 个联系人"],"few":["已导入 ",{"t":"idOrVar","v":"n"}," 个联系人"],"many":["已导入 ",{"t":"idOrVar","v":"n"}," 个联系人"],"other":["已导入 ",{"t":"idOrVar","v":"n"}," 个联系人"]},"$x":[{"t":"idOrVar","v":"plural"},"n"]},{"$i":"genericProgress","$v":[{"t":"idOrVar","v":"current"},"/",{"t":"idOrVar","v":"total"}]},{"$i":"facebook-import-msg2","$v":[{"t":"idOrVar","v":"imported"},"/",{"t":"idOrVar","v":"total"}," friends imported"]},{"$i":"contactsMerged","$v":{"zero":"没有合并重复的联系人","one":"一个重复的联系人已合并","two":[{"t":"idOrVar","v":"numDups"}," 个联系人已合并"],"few":[{"t":"idOrVar","v":"numDups"}," 个联系人已合并"],"many":[{"t":"idOrVar","v":"numDups"}," 个联系人已合并"],"other":[{"t":"idOrVar","v":"numDups"}," 个联系人已合并"]},"$x":[{"t":"idOrVar","v":"plural"},"numDups"]},{"$i":"weekday-0-long","$v":"星期日"},{"$i":"weekday-1-long","$v":"星期一"},{"$i":"weekday-2-long","$v":"星期二"},{"$i":"weekday-3-long","$v":"星期三"},{"$i":"weekday-4-long","$v":"星期四"},{"$i":"weekday-5-long","$v":"星期五"},{"$i":"weekday-6-long","$v":"星期六"},{"$i":"weekday-0-short","$v":"日"},{"$i":"weekday-1-short","$v":"一"},{"$i":"weekday-2-short","$v":"二"},{"$i":"weekday-3-short","$v":"三"},{"$i":"weekday-4-short","$v":"四"},{"$i":"weekday-5-short","$v":"五"},{"$i":"weekday-6-short","$v":"六"},{"$i":"month-0-long","$v":"1 月"},{"$i":"month-1-long","$v":"2 月"},{"$i":"month-2-long","$v":"3 月"},{"$i":"month-3-long","$v":"4 月"},{"$i":"month-4-long","$v":"5 月"},{"$i":"month-5-long","$v":"6 月"},{"$i":"month-6-long","$v":"7 月"},{"$i":"month-7-long","$v":"8 月"},{"$i":"month-8-long","$v":"9 月"},{"$i":"month-9-long","$v":"10 月"},{"$i":"month-10-long","$v":"11 月"},{"$i":"month-11-long","$v":"12 月"},{"$i":"month-0-genitive","$v":"一月"},{"$i":"month-1-genitive","$v":"二月"},{"$i":"month-2-genitive","$v":"三月"},{"$i":"month-3-genitive","$v":"四月"},{"$i":"month-4-genitive","$v":"五月"},{"$i":"month-5-genitive","$v":"六月"},{"$i":"month-6-genitive","$v":"七月"},{"$i":"month-7-genitive","$v":"八月"},{"$i":"month-8-genitive","$v":"九月"},{"$i":"month-9-genitive","$v":"十月"},{"$i":"month-10-genitive","$v":"十一月"},{"$i":"month-11-genitive","$v":"十二月"},{"$i":"month-0-short","$v":"1 月"},{"$i":"month-1-short","$v":"2 月"},{"$i":"month-2-short","$v":"3 月"},{"$i":"month-3-short","$v":"4 月"},{"$i":"month-4-short","$v":"5 月"},{"$i":"month-5-short","$v":"6 月"},{"$i":"month-6-short","$v":"7 月"},{"$i":"month-7-short","$v":"8 月"},{"$i":"month-8-short","$v":"9 月"},{"$i":"month-9-short","$v":"10 月"},{"$i":"month-10-short","$v":"11 月"},{"$i":"month-11-short","$v":"12 月"},{"$i":"minutes-ago-long","$v":{"zero":"刚才","one":"1 分钟前","two":[{"t":"idOrVar","v":"value"}," 分钟前"],"few":[{"t":"idOrVar","v":"value"}," 分钟前"],"many":[{"t":"idOrVar","v":"value"}," 分钟前"],"other":[{"t":"idOrVar","v":"value"}," 分钟前"]},"$x":[{"t":"idOrVar","v":"plural"},"value"]},{"$i":"hours-ago-long","$v":{"zero":"刚才","one":"1 小时前","two":[{"t":"idOrVar","v":"value"}," 小时前"],"few":[{"t":"idOrVar","v":"value"}," 小时前"],"many":[{"t":"idOrVar","v":"value"}," 小时前"],"other":[{"t":"idOrVar","v":"value"}," 小时前"]},"$x":[{"t":"idOrVar","v":"plural"},"value"]},{"$i":"days-ago-long","$v":{"zero":"今天","one":"昨天","two":[{"t":"idOrVar","v":"value"}," 天前"],"few":[{"t":"idOrVar","v":"value"}," 天前"],"many":[{"t":"idOrVar","v":"value"}," 天前"],"other":[{"t":"idOrVar","v":"value"}," 天前"]},"$x":[{"t":"idOrVar","v":"plural"},"value"]},{"$i":"weeks-ago-long","$v":{"zero":"本周","one":"上周","two":[{"t":"idOrVar","v":"value"}," 周前"],"few":[{"t":"idOrVar","v":"value"}," 周前"],"many":[{"t":"idOrVar","v":"value"}," 周前"],"other":[{"t":"idOrVar","v":"value"}," 周前"]},"$x":[{"t":"idOrVar","v":"plural"},"value"]},{"$i":"months-ago-long","$v":{"zero":"本月","one":"上月","two":[{"t":"idOrVar","v":"value"}," 个月前"],"few":[{"t":"idOrVar","v":"value"}," 个月前"],"many":[{"t":"idOrVar","v":"value"}," 个月前"],"other":[{"t":"idOrVar","v":"value"}," 个月前"]},"$x":[{"t":"idOrVar","v":"plural"},"value"]},{"$i":"years-ago-long","$v":{"zero":"今年","one":"去年","two":[{"t":"idOrVar","v":"value"}," 年前"],"few":[{"t":"idOrVar","v":"value"}," 年前"],"many":[{"t":"idOrVar","v":"value"}," 年前"],"other":[{"t":"idOrVar","v":"value"}," 年前"]},"$x":[{"t":"idOrVar","v":"plural"},"value"]},{"$i":"minutes-until-long","$v":{"zero":"现在","one":"1 分钟内","two":["剩",{"t":"idOrVar","v":"value"},"分钟"],"few":["剩",{"t":"idOrVar","v":"value"},"分钟"],"many":["剩",{"t":"idOrVar","v":"value"},"分钟"],"other":["剩",{"t":"idOrVar","v":"value"},"分钟"]},"$x":[{"t":"idOrVar","v":"plural"},"value"]},{"$i":"hours-until-long","$v":{"zero":"现在","one":"1 小时内","two":["剩",{"t":"idOrVar","v":"value"},"小时"],"few":["剩",{"t":"idOrVar","v":"value"},"小时"],"many":["剩",{"t":"idOrVar","v":"value"},"小时"],"other":["剩",{"t":"idOrVar","v":"value"},"小时"]},"$x":[{"t":"idOrVar","v":"plural"},"value"]},{"$i":"days-until-long","$v":{"zero":"今天","one":"明天","two":["剩",{"t":"idOrVar","v":"value"},"天"],"few":["剩",{"t":"idOrVar","v":"value"},"天"],"many":["剩",{"t":"idOrVar","v":"value"},"天"],"other":["剩",{"t":"idOrVar","v":"value"},"天"]},"$x":[{"t":"idOrVar","v":"plural"},"value"]},{"$i":"weeks-until-long","$v":{"zero":"本周","one":"下周","two":["剩",{"t":"idOrVar","v":"value"},"周"],"few":["剩",{"t":"idOrVar","v":"value"},"周"],"many":["剩",{"t":"idOrVar","v":"value"},"周"],"other":["剩",{"t":"idOrVar","v":"value"},"周"]},"$x":[{"t":"idOrVar","v":"plural"},"value"]},{"$i":"months-until-long","$v":{"zero":"本月","one":"下月","two":["剩",{"t":"idOrVar","v":"value"},"个月"],"few":["剩",{"t":"idOrVar","v":"value"},"个月"],"many":["剩",{"t":"idOrVar","v":"value"},"个月"],"other":["剩",{"t":"idOrVar","v":"value"},"个月"]},"$x":[{"t":"idOrVar","v":"plural"},"value"]},{"$i":"years-until-long","$v":{"zero":"今年","one":"明年","two":["剩",{"t":"idOrVar","v":"value"},"年"],"few":["剩",{"t":"idOrVar","v":"value"},"年"],"many":["剩",{"t":"idOrVar","v":"value"},"年"],"other":["剩",{"t":"idOrVar","v":"value"},"年"]},"$x":[{"t":"idOrVar","v":"plural"},"value"]},{"$i":"minutes-ago-short","$v":{"zero":"刚才","other":[{"t":"idOrVar","v":"value"}," 分钟前"]},"$x":[{"t":"idOrVar","v":"plural"},"value"]},{"$i":"hours-ago-short","$v":{"zero":"刚才","other":[{"t":"idOrVar","v":"value"},"小时前"]},"$x":[{"t":"idOrVar","v":"plural"},"value"]},{"$i":"days-ago-short","$v":{"zero":"今天","other":[{"t":"idOrVar","v":"value"}," 天前"]},"$x":[{"t":"idOrVar","v":"plural"},"value"]},{"$i":"minutes-until-short","$v":{"zero":"现在","other":["剩",{"t":"idOrVar","v":"value"},"分钟"]},"$x":[{"t":"idOrVar","v":"plural"},"value"]},{"$i":"hours-until-short","$v":{"zero":"现在","other":["剩",{"t":"idOrVar","v":"value"},"小时"]},"$x":[{"t":"idOrVar","v":"plural"},"value"]},{"$i":"days-until-short","$v":{"zero":"今天","other":["剩",{"t":"idOrVar","v":"value"},"天"]},"$x":[{"t":"idOrVar","v":"plural"},"value"]},{"$i":"incorrectDate","$v":"（日期不正确）"},{"$i":"dateTimeFormat_%c","$v":"%Y 年 %b %e 日 %a %H:%M:%S"},{"$i":"dateTimeFormat_%x","$v":"%Y/%m/%d"},{"$i":"dateTimeFormat_%X","$v":"%H:%M:%S"},{"$i":"shortTimeFormat","$v":"%H:%M"},{"$i":"shortTimeFormat12","$v":"%p %I:%M"},{"$i":"shortTimeFormat24","$v":"%H:%M"},{"$i":"shortDateTimeFormat","$v":"%x %H:%M"},{"$i":"weekStartsOnMonday","$v":"0"},{"$i":"firstDayOfTheWeek","$v":"0"},{"$i":"time_am","$v":"上午"},{"$i":"time_pm","$v":"下午"},{"$i":"label","$v":"标签"},{"$i":"mobile","$v":"移动"},{"$i":"home","$v":"住宅"},{"$i":"work","$v":"工作"},{"$i":"personal","$v":"个人"},{"$i":"faxHome","$v":"住宅传真"},{"$i":"faxOffice","$v":"单位传真"},{"$i":"faxOther","$v":"其他传真"},{"$i":"another","$v":"其他"},{"$i":"other","$v":"其他"},{"$i":"customTag","placeholder":"自定义标签"},{"$i":"current","$v":"当前"},{"$i":"itemWithLabel","$v":[{"t":"idOrVar","v":"label"},", ",{"t":"idOrVar","v":"item"}]},{"$i":"addNewNumber","$v":"添加新号码"},{"$i":"contactDetails","$v":"联系人详情"},{"$i":"addToExistingContact","$v":"添加到现有联系人"},{"$i":"all","$v":"全部","ariaLabel":"全部"},{"$i":"bluetoothOption","ariaLabel":"Bluetooth"},{"$i":"callLog","$v":"通话记录"},{"$i":"callLogEdit","title":"编辑通话记录"},{"$i":"callLogEditDialog","ariaLabel":"编辑通话记录对话框"},{"$i":"connecting","$v":"正在连接"},{"$i":"connectingEllipsis","$v":"正在连接..."},{"$i":"call-forwarding-async","$v":["异步：",{"t":"idOrVar","v":"async"}]},{"$i":"call-forwarding-data","$v":"数据：data }}"},{"$i":"call-forwarding-error","$v":"获取呼叫转移状态时发生错误"},{"$i":"call-forwarding-fax","$v":["传真：",{"t":"idOrVar","v":"fax"}]},{"$i":"call-forwarding-inactive","$v":"未使用"},{"$i":"call-forwarding-packet","$v":["包：",{"t":"idOrVar","v":"packet"}]},{"$i":"call-forwarding-pad","$v":["PAD：",{"t":"idOrVar","v":"pad"}]},{"$i":"call-forwarding-sms","$v":["短信（SMS）：",{"t":"idOrVar","v":"sms"}]},{"$i":"call-forwarding-status","$v":"呼叫转移状态"},{"$i":"call-forwarding-sync","$v":["同步：",{"t":"idOrVar","v":"sync"}]},{"$i":"call-forwarding-voice","$v":["语音：",{"t":"idOrVar","v":"voice"}]},{"$i":"confirm-deletion","$v":"要删除所选的通话记录吗？"},{"$i":"createNewContact","$v":"新建联系人"},{"$i":"dialerAddContact","ariaLabel":"添加联系人"},{"$i":"dialerAddContactDialog","ariaLabel":"Add Contact Dialog"},{"$i":"callInformation","$v":"拨叫信息"},{"$i":"edit-selected","$v":{"one":["已选择 ",{"t":"idOrVar","v":"n"}," 条"],"two":["已选择 ",{"t":"idOrVar","v":"n"}," 条"],"few":["已选择 ",{"t":"idOrVar","v":"n"}," 条"],"many":["已选择 ",{"t":"idOrVar","v":"n"}," 条"],"other":["已选择 ",{"t":"idOrVar","v":"n"}," 条"]},"$x":[{"t":"idOrVar","v":"plural"},"n"]},{"$i":"hideKeypad","ariaLabel":"隐藏键盘"},{"$i":"ignore","$v":"忽略来电"},{"$i":"incoming","$v":"呼入"},{"$i":"keypad","ariaLabel":"键盘"},{"$i":"info-missed","$v":"未接"},{"$i":"missed","$v":"未接","ariaLabel":"错过的"},{"$i":"canceled","$v":"已取消"},{"$i":"missedCall","$v":"未接电话"},{"$i":"missedCallMultiSims","$v":["(SIM ",{"t":"idOrVar","v":"n"},") 未接来电"]},{"$i":"mmi-error","$v":"发送短信息时发生错误"},{"$i":"mmi-session-expired","$v":"会话过期"},{"$i":"mmi-successfully-sent","$v":"信息发送成功"},{"$i":"mmi-notification-title-with-sim","$v":["(",{"t":"idOrVar","v":"sim"},") ",{"t":"idOrVar","v":"title"}]},{"$i":"mute","ariaLabel":"静音"},{"$i":"newCall","ariaLabel":"新来电"},{"$i":"no-logs-msg-1","$v":"无通话记录"},{"$i":"no-logs-msg-2","$v":"立刻开始通讯"},{"$i":"no-logs-msg-3","$v":"没有未接电话"},{"$i":"onHoldOption","ariaLabel":"On hold"},{"$i":"outgoing","$v":"发送"},{"$i":"recents","ariaLabel":"最近来电"},{"$i":"reply","$v":"回复"},{"$i":"send","$v":"发送"},{"$i":"switch-calls","$v":"切换通话"},{"$i":"withheld-number","$v":"隐藏号码"},{"$i":"from-contact","$v":["来自 ",{"t":"idOrVar","v":"contact"}]},{"$i":"from-number","$v":["来自 ",{"t":"idOrVar","v":"number"}]},{"$i":"from-withheld-number","$v":"来自隐藏号码"},{"$i":"sending","$v":"正在发送…"},{"$i":"speakerOption","ariaLabel":"扬声器"},{"$i":"ussd-services","$v":[{"t":"idOrVar","v":"operator"}," 服务"]},{"$i":"toggleKeypad","ariaLabel":"切换键盘"},{"$i":"type-your-response","placeholder":"输入回复内容…"},{"$i":"clear-all-text","$v":"清除所有文字"},{"$i":"hide","$v":"隐藏"},{"$i":"hold","ariaLabel":"保留"},{"$i":"resume","$v":"继续","ariaLabel":"继续"},{"$i":"sendSms","$v":"发送消息"},{"$i":"callEnded","$v":"通话结束"},{"$i":"via-sim","$v":["通过 SIM",{"t":"idOrVar","v":"n"}]},{"$i":"sim-number","$v":["SIM",{"t":"idOrVar","v":"n"}]},{"$i":"unknown","$v":"未知"},{"$i":"hangup-a11y-button","ariaLabel":"挂断"},{"$i":"pickup-a11y-button","ariaLabel":"接听"},{"$i":"unlock-a11y-button","ariaLabel":"滑动条"},{"$i":"settings","$v":"设置"},{"$i":"delete-n-log?","$v":{"zero":"未选择","one":"是否删除选中的日志？","two":["确定删除 ",{"t":"idOrVar","v":"n"}," 条记录？"],"few":["确定删除 ",{"t":"idOrVar","v":"n"}," 条记录？"],"many":["确定删除 ",{"t":"idOrVar","v":"n"}," 条记录？"],"other":["确定删除 ",{"t":"idOrVar","v":"n"}," 条记录？"]},"$x":[{"t":"idOrVar","v":"plural"},"n"]},{"$i":"callDurationMinutes","$v":[{"t":"idOrVar","v":"m"},":",{"t":"idOrVar","v":"s"}]},{"$i":"callDurationHours","$v":[{"t":"idOrVar","v":"h"},":",{"t":"idOrVar","v":"m"},":",{"t":"idOrVar","v":"s"}]},{"$i":"callDurationTextFormatSeconds","$v":[{"t":"idOrVar","v":"s"}," 秒"]},{"$i":"callDurationTextFormatMinutes","$v":[{"t":"idOrVar","v":"m"}," 分钟 ",{"t":"idOrVar","v":"s"}," 秒"]},{"$i":"callDurationTextFormatHours","$v":[{"t":"idOrVar","v":"h"}," 小时 ",{"t":"idOrVar","v":"m"}," 分钟 ",{"t":"idOrVar","v":"s"}," 秒"]},{"$i":"suggestionMatches","$v":{"one":[{"t":"idOrVar","v":"n"},"个符合“",{"t":"idOrVar","v":"matchNumber"},"”的条目"],"two":[{"t":"idOrVar","v":"n"},"个符合“",{"t":"idOrVar","v":"matchNumber"},"”的条目"],"few":[{"t":"idOrVar","v":"n"},"个符合“",{"t":"idOrVar","v":"matchNumber"},"”的条目"],"many":[{"t":"idOrVar","v":"n"},"个符合“",{"t":"idOrVar","v":"matchNumber"},"”的条目"],"other":[{"t":"idOrVar","v":"n"},"个符合“",{"t":"idOrVar","v":"matchNumber"},"”的条目"]},"$x":[{"t":"idOrVar","v":"plural"},"n"]},{"$i":"scCallBarring","$v":"呼叫限制"},{"$i":"scCallForwarding","$v":"呼叫转移"},{"$i":"scClip","$v":"来电呼叫者 ID"},{"$i":"scClir","$v":"拨出呼叫者 ID"},{"$i":"scPwd","$v":"密码更改"},{"$i":"scCallWaiting","$v":"呼叫等待"},{"$i":"scPin","$v":"PIN 更改"},{"$i":"scPin2","$v":"PIN2 更改"},{"$i":"scPuk","$v":"解锁 PIN"},{"$i":"scPuk2","$v":"解锁 PIN2"},{"$i":"scImei","$v":"IMEI"},{"$i":"scUssd","$v":"USSD"},{"$i":"serviceClassVoice","$v":"语音"},{"$i":"serviceClassData","$v":"数据"},{"$i":"serviceClassFax","$v":"传真"},{"$i":"serviceClassSms","$v":"短信"},{"$i":"serviceClassDataSync","$v":"同步"},{"$i":"serviceClassDataAsync","$v":"异步"},{"$i":"serviceClassPacket","$v":"数据包"},{"$i":"serviceClassPad","$v":"PAD"},{"$i":"smServiceEnabled","$v":"服务已启用"},{"$i":"smServiceDisabled","$v":"服务已禁用"},{"$i":"smServiceRegistered","$v":"注册成功"},{"$i":"smServiceErased","$v":"擦除成功"},{"$i":"smServiceInterrogated","$v":"请求成功"},{"$i":"smServiceNotProvisioned","$v":"未提供这项服务"},{"$i":"smClirPermanent","$v":"您不能更改来电者ID设置"},{"$i":"smClirDefaultOnNextCallOn","$v":"呼叫者 ID 默认已限制。下一个电话：已限制"},{"$i":"smClirDefaultOnNextCallOff","$v":"呼叫者 ID 默认已限制。下一个电话：不限制"},{"$i":"smClirDefaultOffNextCallOn","$v":"呼叫者 ID 默认不限制。下一个电话：已限制"},{"$i":"smClirDefaultOffNextCallOff","$v":"呼叫者 ID 默认不限制。下一个电话：不限制"},{"$i":"smServiceEnabledFor","$v":"已对下列项启用服务："},{"$i":"smPinChanged","$v":"更改 PIN 成功"},{"$i":"smPinUnblocked","$v":"PIN 解锁成功"},{"$i":"smPin2Changed","$v":"更改 PIN2 成功"},{"$i":"smPin2Unblocked","$v":"解锁 PIN2 成功"},{"$i":"ServiceIsEnabled","$v":"服务已启用"},{"$i":"ServiceIsDisabled","$v":"服务已禁用"},{"$i":"ServiceIsEnabledFor","$v":"服务已启用于："},{"$i":"emMmiError","$v":"连接故障或者无效的 MMI 码"},{"$i":"emMmiErrorPasswordIncorrect","$v":"密码错误"},{"$i":"emMmiErrorNotSupported","$v":"无效或不支持的 MMI 码"},{"$i":"emMmiErrorInvalidAction","$v":"无效操作"},{"$i":"emMmiErrorInvalidScCode","$v":"无效服务码"},{"$i":"emMmiErrorBadPuk","$v":"输入的 PUK 不正确"},{"$i":"emMmiErrorBadPin","$v":"输入的旧 PIN 码不正确"},{"$i":"emMmiErrorNeedPuk2","$v":"输入 PUK2 码解锁 SIM 卡"},{"$i":"emMmiErrorMismatchPin","$v":"输入的 PIN 不匹配"},{"$i":"emMmiErrorInvalidPin","$v":"请输入一个 4 至 8 位数字的 PIN 码"},{"$i":"emMmiErrorNeedsPuk","$v":"你的 SIM 卡已经被锁定 PUK"},{"$i":"emMmiErrorEnablePin","$v":"不成功。启用 SIM/RUIM 锁定"},{"$i":"emMmiErrorMmiFdn","$v":"操作仅限于限制呼叫的号码"},{"$i":"emMmiErrorStkCcUssdDial","$v":"USSD 请求已经改为 DIAL 请求"},{"$i":"emMmiErrorStkCcUssdSs","$v":"USSD 请求已经改为 SS 请求"},{"$i":"emMmiErrorStkCcUssdUssd","$v":"USSD 请求已经改为新的 USSD 请求"},{"$i":"emMmiErrorStkCcSsDial","$v":"SS 请求已经改为 DIAL 请求"},{"$i":"emMmiErrorStkCcSsUssd","$v":"SS 请求已经改为 USSD 请求"},{"$i":"emMmiErrorStkCcSsSs","$v":"SS 请求已经改为新的 SS 请求"},{"$i":"emMmiErrorPinPukAttempts","$v":{"one":["还能再试 ",{"t":"idOrVar","v":"n"}," 次"],"two":["还能再试 ",{"t":"idOrVar","v":"n"}," 次"],"few":["还能再试 ",{"t":"idOrVar","v":"n"}," 次"],"many":["还能再试 ",{"t":"idOrVar","v":"n"}," 次"],"other":["还能再试 ",{"t":"idOrVar","v":"n"}," 次"]},"$x":[{"t":"idOrVar","v":"plural"},"n"]},{"$i":"emMmiErrorSimBlocked","$v":"超过最大重试次数，SIM 卡已锁定"},{"$i":"RadioNotAvailable","$v":"收音机不可用"},{"$i":"GenericFailure","$v":"一般故障"},{"$i":"PasswordIncorrect","$v":"密码错误"},{"$i":"SimPin2","$v":"SIM PIN2"},{"$i":"SimPuk2","$v":"SIM PUK2"},{"$i":"RequestNotSupported","$v":"请求不支持"},{"$i":"OpNotAllowedDuringVoiceCall","$v":"语音通话期间不允许此操作"},{"$i":"SmsSendFailRetry","$v":"短信发送失败重试"},{"$i":"SimAbsent","$v":"无 SIM 卡"},{"$i":"SubscriptionNotAvailable","$v":"订阅不可用"},{"$i":"ModeNotSupported","$v":"不支持该模式"},{"$i":"FdnCheckFailure","$v":"固定拨号（FDN）检查失败"},{"$i":"IllegalSimOrMe","$v":"非法的 SIM 或 ME"},{"$i":"DialModifiedToUssd","$v":"拨号改为 USSD"},{"$i":"DialModifiedToSs","$v":"拨号改为 SS"},{"$i":"DialModifiedToDial","$v":"拨号改为拨号"},{"$i":"UssdModifiedToDial","$v":"USSD 改为拨号"},{"$i":"UssdModifiedToSs","$v":"USSD 改为 SS"},{"$i":"UssdModifiedToUssd","$v":"USSD 改为 USSD"},{"$i":"SsModifiedToDial","$v":"SS 改为拨号"},{"$i":"SsModifiedToUssd","$v":"SS 改为 USSD"},{"$i":"SsModifiedToSs","$v":"SS 改为 SS"},{"$i":"SubscriptionNotSupported","$v":"不支持订阅"},{"$i":"InvalidParameter","$v":"无效参数"},{"$i":"RejectedByRemote","$v":"被远端拒绝"},{"$i":"conferenceCall","$v":["会议 (",{"t":"idOrVar","v":"n"},")"]},{"$i":"caller-left-call","$v":[{"t":"idOrVar","v":"caller"}," 已离开此通话。"]},{"$i":"conferenceAddError","$v":"无法合并呼叫"},{"$i":"conferenceRemoveError","$v":"无法解除呼叫合并"},{"$i":"longDateFormat","$v":"%m月%e日%A"},{"$i":"select-audio-sources","$v":"选择声音来源"},{"$i":"bluetooth-handsfree-device","$v":"蓝牙免提设备"},{"$i":"receiver","$v":"听筒"},{"$i":"speaker","$v":"扬声器"},{"$i":"voicemailNoNumberTitle","$v":"语音信箱号码不可用"},{"$i":"voicemailNoNumberText","$v":"无法拨叫语音信箱。设置语音信箱号码以放置呼叫。"},{"$i":"voicemailNoNumberSettings","$v":"设置"},{"$i":"voicemailNoNumberCancel","$v":"取消"},{"$i":"phoneNumberInput","ariaLabel":"电话号码"},{"$i":"keypadDelete","ariaLabel":"删除"},{"$i":"voiceMailKey","ariaLabel":"语音信箱"},{"$i":"asterisk","ariaLabel":"星号"},{"$i":"hashSign","ariaLabel":"井号"},{"$i":"loadingSimContacts","$v":"Loading SIM card contacts…"},{"$i":"noContactsWereFound","$v":"No contacts were found"},{"$i":"noContactsFoundDialogOk","$v":"OK"},{"$i":"emergencyNumber","$v":"紧急号码"},{"$i":"callAirplaneModeMessage","$v":"要打电话，您必须在设置中禁用飞行模式。"},{"$i":"callAirplaneModeBtnOk","$v":"确定"},{"$i":"callAirplaneModeTitle","$v":"飞行模式已开启"},{"$i":"numberIsBusyTitle","$v":"号码正忙"},{"$i":"numberIsBusyMessage","$v":"您拨打的电话正忙。请稍后再拨。"},{"$i":"fdnIsActiveTitle","$v":"固定拨号已启用"},{"$i":"fdnIsActiveMessage","$v":["FDN（固定拨号）已激活，下面的号码不在您的 FDN 列表中：",{"t":"idOrVar","v":"number"}]},{"$i":"emergencyDialogBodyBadNumber","$v":"要打电话，本手机必须已连接到网络。"},{"$i":"emergencyDialogBodyDeviceNotAccepted","$v":"当前网络不允许紧急呼叫。"},{"$i":"emergencyDialogBtnOk","$v":"确定"},{"$i":"emergencyDialogTitle","$v":"没有网络连接"},{"$i":"invalidNumberToDialTitle","$v":"无效的电话号码"},{"$i":"invalidNumberToDialMessage","$v":"您所呼叫的电话号码无效。"},{"$i":"unableToCallTitle","$v":"现在无法拨叫电话"},{"$i":"unableToCallMessage","$v":"无法呼叫电话。如果您已经在拨号，请先挂断。"},{"$i":"otherConnectionInUseTitle","$v":"其他正在使用的连接"},{"$i":"otherConnectionInUseMessage","$v":"您的另一个连接正在进行通话。您在同一时间只能使用一个连接。"}]