[{"$i":"music","$v":"موسيقى"},{"$i":"mix","$v":"خَلط"},{"$i":"playlists","$v":"قائمة التشغيل"},{"$i":"artists","$v":"المغنيون"},{"$i":"albums","$v":"الألبومات"},{"$i":"songs","$v":"أغاني"},{"$i":"more","$v":"المزيد"},{"$i":"songArtist","$v":"المُغني"},{"$i":"songAlbum","$v":"الألبوم"},{"$i":"unknownArtist","$v":"فنان غير معروف"},{"$i":"unknownAlbum","$v":"ألبوم غير معروف"},{"$i":"unknownTitle","$v":"عنوان غير معروف"},{"$i":"empty-title","$v":"قم بإضافة موسيقى للبدء"},{"$i":"empty-text","$v":"تحميل الأغاني على بطاقة الذاكرة."},{"$i":"nocard2-title","$v":"لم يتم العثور على بطاقة الذاكرة"},{"$i":"nocard3-text","$v":"أدخل بطاقة الذاكرة للإستماع إلى الموسيقى."},{"$i":"pluggedin-title","$v":"لا يمكن الإستماع إلى الموسيقى في حالة توصيل الجوّال بجهاز آخر"},{"$i":"pluggedin-text","$v":"إفصل الجوّال للإستماع إلى الموسيقى."},{"$i":"upgrade-title","$v":"تحديث قاعدة البيانات"},{"$i":"upgrade-text","$v":"الرجاء الانتظار بينما الموسيقى تحدث قاعدة البيانات الخاصة بها."},{"$i":"search-music","placeholder":"إبحث عن صوتيات"},{"$i":"search-cancel","$v":"ألغِ"},{"$i":"search-artists","$v":"المغنيون"},{"$i":"search-albums","$v":"الألبومات"},{"$i":"search-titles","$v":"المقطوعات"},{"$i":"search-close","$v":"أغلق"},{"$i":"search-no-result","$v":"لم يتمّ العثور على موسيقى"},{"$i":"playlists-shuffle-all","$v":"إخلط الكل"},{"$i":"playlists-highest-rated","$v":"الأكثر تقييما "},{"$i":"playlists-recently-added","$v":"المضافة مؤخراً"},{"$i":"playlists-most-played","$v":"الأكثر إستماعاً"},{"$i":"playlists-least-played","$v":"الأقل إستماعاً"},{"$i":"picker-title","$v":"إختر مقطوعة"},{"$i":"save","$v":"حفظ"},{"$i":"saved","$v":["تم حفظ ",{"t":"idOrVar","v":"title"}," بقارئ الموسيقى"]},{"$i":"audioinvalid","$v":"لا يمكن تشغيل هذا المقطع: امتداد غير مدعوم أو ملف معطل"},{"$i":"overlay-cancel-button","$v":"ألغِ"},{"$i":"music-paused-notification","$v":"توقفت الموسيقى أثناء المكالمة"},{"$i":"done","$v":"تم"},{"$i":"share-song","ariaLabel":"مشاركة"},{"$i":"player-album-rating","ariaLabel":"تقييم"},{"$i":"rating-star","ariaLabel":{"$x":[{"t":"idOrVar","v":"plural"},"n"],"$v":{"zero":"صفر نجوم","one":"نجمة واحدة","two":"نجمتان","few":[{"t":"idOrVar","v":"n"}," نجمات"],"many":[{"t":"idOrVar","v":"n"}," نجمة"],"other":[{"t":"idOrVar","v":"n"}," نجمة"]}}},{"$i":"go-to-player-view","ariaLabel":"Go to player view"},{"$i":"repeat-off","ariaLabel":"Repeat off"},{"$i":"repeat-list","ariaLabel":"Repeat all"},{"$i":"repeat-song","ariaLabel":"Repeat track"},{"$i":"shuffle-toggle","ariaLabel":"Shuffle"},{"$i":"mix-tab","ariaLabel":"Mix"},{"$i":"playlists-tab","ariaLabel":"Playlists"},{"$i":"artists-tab","ariaLabel":"Artists"},{"$i":"albums-tab","ariaLabel":"Albums"},{"$i":"songs-tab","ariaLabel":"Songs"},{"$i":"playbackPlay","ariaLabel":"Play"},{"$i":"playbackPause","ariaLabel":"Pause"},{"$i":"playbackNext","ariaLabel":"Next"},{"$i":"playbackPrevious","ariaLabel":"Previous"},{"$i":"playbackFullscreen","ariaLabel":"Fullscreen"},{"$i":"playbackSeekBar","ariaLabel":["Seek bar, duration ",{"t":"idOrVar","v":"duration"}]}]