[{"$i":"music","$v":"Музика"},{"$i":"mix","$v":"Микс"},{"$i":"playlists","$v":"Списък с песни"},{"$i":"artists","$v":"Изпълнители"},{"$i":"albums","$v":"Албуми"},{"$i":"songs","$v":"Песни"},{"$i":"more","$v":"Още"},{"$i":"songArtist","$v":"Изпълнител на песента"},{"$i":"songAlbum","$v":"Албум на песента"},{"$i":"unknownArtist","$v":"Непознат изпълнител"},{"$i":"unknownAlbum","$v":"Непознат албум"},{"$i":"unknownTitle","$v":"Непознато заглавие"},{"$i":"empty-title","$v":"Добавете песни, за да започнете"},{"$i":"empty-text","$v":"Добавете песни на картата за памет."},{"$i":"nocard2-title","$v":"Не е намерена карта за памет"},{"$i":"nocard3-text","$v":"Поставете карта за памет, за да слушате музика."},{"$i":"pluggedin-title","$v":"Включен е кабел"},{"$i":"pluggedin-text","$v":"За да слушате музика изключете кабела от телефона."},{"$i":"upgrade-title","$v":"Надграждане на базата данни"},{"$i":"upgrade-text","$v":"Моля, изчакайте докато Музика обнови своята база данни."},{"$i":"search-music","placeholder":"Търсене на музика"},{"$i":"search-cancel","$v":"Отказ"},{"$i":"search-artists","$v":"Изпълнители"},{"$i":"search-albums","$v":"Албуми"},{"$i":"search-titles","$v":"Заглавия на песни"},{"$i":"search-close","$v":"затваряне"},{"$i":"search-no-result","$v":"Не е намерена музика"},{"$i":"playlists-shuffle-all","$v":"Разбъркване на всички"},{"$i":"playlists-highest-rated","$v":"Най-високо оценени"},{"$i":"playlists-recently-added","$v":"Добавени наскоро"},{"$i":"playlists-most-played","$v":"Най-често изпълнявани"},{"$i":"playlists-least-played","$v":"Най-рядко изпълнявани"},{"$i":"picker-title","$v":"Избиране на песен"},{"$i":"save","$v":"Запазване"},{"$i":"saved","$v":["Запазена ",{"t":"idOrVar","v":"title"}," в Музика"]},{"$i":"audioinvalid","$v":"Аудиото не може да бъде изпълнено: форматът не е поддържан или е невалиден."},{"$i":"overlay-cancel-button","$v":"Отказ"},{"$i":"music-paused-notification","$v":"Музиката спира по време на разговор"},{"$i":"done","$v":"Готово"},{"$i":"share-song","ariaLabel":"Споделяне"},{"$i":"player-album-rating","ariaLabel":"Оценка"},{"$i":"rating-star","ariaLabel":{"$x":[{"t":"idOrVar","v":"plural"},"n"],"$v":{"zero":[{"t":"idOrVar","v":"n"}," звезди"],"one":[{"t":"idOrVar","v":"n"}," звезда"],"two":[{"t":"idOrVar","v":"n"}," звезди"],"few":[{"t":"idOrVar","v":"n"}," звезди"],"many":[{"t":"idOrVar","v":"n"}," звезди"],"other":[{"t":"idOrVar","v":"n"}," звезди"]}}},{"$i":"go-to-player-view","ariaLabel":"Go to player view"},{"$i":"repeat-off","ariaLabel":"Repeat off"},{"$i":"repeat-list","ariaLabel":"Repeat all"},{"$i":"repeat-song","ariaLabel":"Repeat track"},{"$i":"shuffle-toggle","ariaLabel":"Shuffle"},{"$i":"mix-tab","ariaLabel":"Mix"},{"$i":"playlists-tab","ariaLabel":"Playlists"},{"$i":"artists-tab","ariaLabel":"Artists"},{"$i":"albums-tab","ariaLabel":"Albums"},{"$i":"songs-tab","ariaLabel":"Songs"},{"$i":"playbackPlay","ariaLabel":"Пускане"},{"$i":"playbackPause","ariaLabel":"Пауза"},{"$i":"playbackNext","ariaLabel":"Next"},{"$i":"playbackPrevious","ariaLabel":"Previous"},{"$i":"playbackFullscreen","ariaLabel":"На цял екран"},{"$i":"playbackSeekBar","ariaLabel":["Лента за търсене, продължителност ",{"t":"idOrVar","v":"duration"}]}]