[{"$i":"music","$v":"গান"},{"$i":"mix","$v":"মিক্স"},{"$i":"playlists","$v":"গানের তালিকা"},{"$i":"artists","$v":"শিল্পী"},{"$i":"albums","$v":"অ্যালবাম"},{"$i":"songs","$v":"গান"},{"$i":"more","$v":"আরও"},{"$i":"songArtist","$v":"গানের শিল্পী"},{"$i":"songAlbum","$v":"গানের অ্যালবাম"},{"$i":"unknownArtist","$v":"অজানা শিল্পী"},{"$i":"unknownAlbum","$v":"অজানা অ্যালবাম"},{"$i":"unknownTitle","$v":"অজানা শিরোনাম"},{"$i":"empty-title","$v":"শুরু করতে সংগীত যোগ করুন"},{"$i":"empty-text","$v":"মেমরি কার্ডে সংগীত যোগ করুন।"},{"$i":"nocard2-title","$v":"মেমরি কার্ড নেই"},{"$i":"nocard3-text","$v":"গান শুনতে মেমরী কার্ড প্রবেশ করান।"},{"$i":"pluggedin-title","$v":"ইউএসবি লাগানো থাকলে গান শুনতে পারবেন না"},{"$i":"pluggedin-text","$v":"গান শুনতে ফোন থেকে ইউএসবি খুলুন।"},{"$i":"upgrade-title","$v":"ডাটাবেস আপগ্রেড"},{"$i":"upgrade-text","$v":"দয়া করে গানের তালিকা আপগ্রেড হবার সময় অপেক্ষা করুন।"},{"$i":"search-music","placeholder":"গান খুজুন"},{"$i":"search-cancel","$v":"বাতিল"},{"$i":"search-artists","$v":"শিল্পী"},{"$i":"search-albums","$v":"অ্যালবাম"},{"$i":"search-titles","$v":"ট্র্যাক"},{"$i":"search-close","$v":"বন্ধ"},{"$i":"search-no-result","$v":"No music found"},{"$i":"playlists-shuffle-all","$v":"সবগুলো অদল-বদল"},{"$i":"playlists-highest-rated","$v":"সর্বোচ্চ রেট পাওয়া"},{"$i":"playlists-recently-added","$v":"সম্প্রতি রেট পাওয়া"},{"$i":"playlists-most-played","$v":"সর্বোচ্চ শোনা"},{"$i":"playlists-least-played","$v":"সর্বনিম্ন শোনা"},{"$i":"picker-title","$v":"একটি ট্র্যাক নির্বাচন করুন"},{"$i":"save","$v":"সংরক্ষণ"},{"$i":"saved","$v":[{"t":"idOrVar","v":"title"}," সংগীতে সংরক্ষণ করুন"]},{"$i":"audioinvalid","$v":"সংগীত চালানো সম্ভব নয়: ফাইল ফরম্যাট অসমর্থিত কিংবা ত্রুটিপূর্ণ।"},{"$i":"overlay-cancel-button","$v":"বাতিল"},{"$i":"music-paused-notification","$v":"কল আসার সময় গান বন্ধ হয়েছিল"},{"$i":"done","$v":"Done"},{"$i":"share-song","ariaLabel":"Share"},{"$i":"player-album-rating","ariaLabel":"Rating"},{"$i":"rating-star","ariaLabel":{"$x":[{"t":"idOrVar","v":"plural"},"n"],"$v":{"zero":[{"t":"idOrVar","v":"n"}," stars"],"one":[{"t":"idOrVar","v":"n"}," star"],"two":[{"t":"idOrVar","v":"n"}," stars"],"few":[{"t":"idOrVar","v":"n"}," stars"],"many":[{"t":"idOrVar","v":"n"}," stars"],"other":[{"t":"idOrVar","v":"n"}," stars"]}}},{"$i":"go-to-player-view","ariaLabel":"Go to player view"},{"$i":"repeat-off","ariaLabel":"Repeat off"},{"$i":"repeat-list","ariaLabel":"Repeat all"},{"$i":"repeat-song","ariaLabel":"Repeat track"},{"$i":"shuffle-toggle","ariaLabel":"Shuffle"},{"$i":"mix-tab","ariaLabel":"Mix"},{"$i":"playlists-tab","ariaLabel":"Playlists"},{"$i":"artists-tab","ariaLabel":"Artists"},{"$i":"albums-tab","ariaLabel":"Albums"},{"$i":"songs-tab","ariaLabel":"Songs"},{"$i":"playbackPlay","ariaLabel":"Play"},{"$i":"playbackPause","ariaLabel":"Pause"},{"$i":"playbackNext","ariaLabel":"Next"},{"$i":"playbackPrevious","ariaLabel":"Previous"},{"$i":"playbackFullscreen","ariaLabel":"Fullscreen"},{"$i":"playbackSeekBar","ariaLabel":["Seek bar, duration ",{"t":"idOrVar","v":"duration"}]}]