[{"$i":"music","$v":"Música"},{"$i":"mix","$v":"Mescla"},{"$i":"playlists","$v":"Llista reproducció"},{"$i":"artists","$v":"Artistes"},{"$i":"albums","$v":"Àlbums"},{"$i":"songs","$v":"Cançons"},{"$i":"more","$v":"Més"},{"$i":"songArtist","$v":"Artista de la cançó"},{"$i":"songAlbum","$v":"Àlbum de la cançó"},{"$i":"unknownArtist","$v":"Artista desconegut"},{"$i":"unknownAlbum","$v":"Àlbum desconegut"},{"$i":"unknownTitle","$v":"Títol desconegut"},{"$i":"empty-title","$v":"Afegiu cançons per començar"},{"$i":"empty-text","$v":"Carregueu les cançons a la targeta de memòria."},{"$i":"nocard2-title","$v":"No s'ha trobat cap targeta de memòria"},{"$i":"nocard3-text","$v":"Inseriu una targeta de memòria per escoltar música."},{"$i":"pluggedin-title","$v":"No es pot escoltar música mentre el telèfon està connectat"},{"$i":"pluggedin-text","$v":"Desconnecteu el telèfon per reproduir la música."},{"$i":"upgrade-title","$v":"Actualització de base de dades"},{"$i":"upgrade-text","$v":"Espereu mentre s'actualitza la base de dades de música."},{"$i":"search-music","placeholder":"Cerca música"},{"$i":"search-cancel","$v":"Cancel·la"},{"$i":"search-artists","$v":"Artistes"},{"$i":"search-albums","$v":"Àlbums"},{"$i":"search-titles","$v":"Pistes"},{"$i":"search-close","$v":"tanca"},{"$i":"search-no-result","$v":"No music found"},{"$i":"playlists-shuffle-all","$v":"Mode aleatori"},{"$i":"playlists-highest-rated","$v":"Més votades"},{"$i":"playlists-recently-added","$v":"Afegides recentment"},{"$i":"playlists-most-played","$v":"Més reproduïdes"},{"$i":"playlists-least-played","$v":"Menys reproduïdes"},{"$i":"picker-title","$v":"Trieu una pista"},{"$i":"save","$v":"Desa"},{"$i":"saved","$v":["S'ha desat ",{"t":"idOrVar","v":"title"}," a Música"]},{"$i":"audioinvalid","$v":"No es pot reproduir l'àudio: el format no és compatible o bé el fitxer no és vàlid."},{"$i":"overlay-cancel-button","$v":"Cancel·la"},{"$i":"music-paused-notification","$v":"La música s'ha posat en pausa durant la trucada"},{"$i":"done","$v":"Fet"},{"$i":"share-song","ariaLabel":"Share"},{"$i":"player-album-rating","ariaLabel":"Rating"},{"$i":"rating-star","ariaLabel":{"$x":[{"t":"idOrVar","v":"plural"},"n"],"$v":{"zero":[{"t":"idOrVar","v":"n"}," stars"],"one":[{"t":"idOrVar","v":"n"}," star"],"two":[{"t":"idOrVar","v":"n"}," stars"],"few":[{"t":"idOrVar","v":"n"}," stars"],"many":[{"t":"idOrVar","v":"n"}," stars"],"other":[{"t":"idOrVar","v":"n"}," stars"]}}},{"$i":"go-to-player-view","ariaLabel":"Go to player view"},{"$i":"repeat-off","ariaLabel":"Repeat off"},{"$i":"repeat-list","ariaLabel":"Repeat all"},{"$i":"repeat-song","ariaLabel":"Repeat track"},{"$i":"shuffle-toggle","ariaLabel":"Shuffle"},{"$i":"mix-tab","ariaLabel":"Mix"},{"$i":"playlists-tab","ariaLabel":"Playlists"},{"$i":"artists-tab","ariaLabel":"Artists"},{"$i":"albums-tab","ariaLabel":"Albums"},{"$i":"songs-tab","ariaLabel":"Songs"},{"$i":"playbackPlay","ariaLabel":"Play"},{"$i":"playbackPause","ariaLabel":"Pause"},{"$i":"playbackNext","ariaLabel":"Next"},{"$i":"playbackPrevious","ariaLabel":"Previous"},{"$i":"playbackFullscreen","ariaLabel":"Fullscreen"},{"$i":"playbackSeekBar","ariaLabel":["Seek bar, duration ",{"t":"idOrVar","v":"duration"}]}]