[{"$i":"music","$v":"Hudba"},{"$i":"mix","$v":"Mixovat"},{"$i":"playlists","$v":"Seznamy skladeb"},{"$i":"artists","$v":"Umělci"},{"$i":"albums","$v":"Alba"},{"$i":"songs","$v":"Skladby"},{"$i":"more","$v":"Více"},{"$i":"songArtist","$v":"Umělec"},{"$i":"songAlbum","$v":"Album"},{"$i":"unknownArtist","$v":"Neznámý umělec"},{"$i":"unknownAlbum","$v":"Neznámé album"},{"$i":"unknownTitle","$v":"Neznámý název"},{"$i":"empty-title","$v":"Na začátek přidejte písničky"},{"$i":"empty-text","$v":"Nahrajte písničky na paměťovou kartu."},{"$i":"nocard2-title","$v":"Paměťová karta nenalezena"},{"$i":"nocard3-text","$v":"Pro poslech hudby vložte paměťovou kartu."},{"$i":"pluggedin-title","$v":"Při připojení telefonu nelze program použít"},{"$i":"pluggedin-text","$v":"Pro přehrávání hudby odpojte telefon"},{"$i":"upgrade-title","$v":"Aktualizace databáze"},{"$i":"upgrade-text","$v":"Čekejte prosím, aplikace Hudba aktualizuje svou databázi."},{"$i":"search-music","placeholder":"Hledat hudbu"},{"$i":"search-cancel","$v":"Zrušit"},{"$i":"search-artists","$v":"Umělci"},{"$i":"search-albums","$v":"Alba"},{"$i":"search-titles","$v":"Skladby"},{"$i":"search-close","$v":"zavřít"},{"$i":"search-no-result","$v":"No music found"},{"$i":"playlists-shuffle-all","$v":"Zamíchat vše"},{"$i":"playlists-highest-rated","$v":"Nejvíce hodnocené"},{"$i":"playlists-recently-added","$v":"Naposledy přidané"},{"$i":"playlists-most-played","$v":"Nejhranější"},{"$i":"playlists-least-played","$v":"Naposledy hrané"},{"$i":"picker-title","$v":"Volba stopy"},{"$i":"save","$v":"Uložit"},{"$i":"saved","$v":[{"t":"idOrVar","v":"title"}," uloženo do aplikace Hudba"]},{"$i":"audioinvalid","$v":"Audio nemůže být přehráno: formát není podporovaný či je neplatný soubor."},{"$i":"overlay-cancel-button","$v":"Zrušit"},{"$i":"music-paused-notification","$v":"Přehrávání hudby je během hovoru pozastaveno"},{"$i":"done","$v":"Hotovo"},{"$i":"share-song","ariaLabel":"Share"},{"$i":"player-album-rating","ariaLabel":"Rating"},{"$i":"rating-star","ariaLabel":{"$x":[{"t":"idOrVar","v":"plural"},"n"],"$v":{"zero":[{"t":"idOrVar","v":"n"}," stars"],"one":[{"t":"idOrVar","v":"n"}," star"],"two":[{"t":"idOrVar","v":"n"}," stars"],"few":[{"t":"idOrVar","v":"n"}," stars"],"many":[{"t":"idOrVar","v":"n"}," stars"],"other":[{"t":"idOrVar","v":"n"}," stars"]}}},{"$i":"go-to-player-view","ariaLabel":"Go to player view"},{"$i":"repeat-off","ariaLabel":"Repeat off"},{"$i":"repeat-list","ariaLabel":"Repeat all"},{"$i":"repeat-song","ariaLabel":"Repeat track"},{"$i":"shuffle-toggle","ariaLabel":"Shuffle"},{"$i":"mix-tab","ariaLabel":"Mix"},{"$i":"playlists-tab","ariaLabel":"Playlists"},{"$i":"artists-tab","ariaLabel":"Artists"},{"$i":"albums-tab","ariaLabel":"Albums"},{"$i":"songs-tab","ariaLabel":"Songs"},{"$i":"playbackPlay","ariaLabel":"Play"},{"$i":"playbackPause","ariaLabel":"Pause"},{"$i":"playbackNext","ariaLabel":"Next"},{"$i":"playbackPrevious","ariaLabel":"Previous"},{"$i":"playbackFullscreen","ariaLabel":"Fullscreen"},{"$i":"playbackSeekBar","ariaLabel":["Seek bar, duration ",{"t":"idOrVar","v":"duration"}]}]