[{"$i":"music","$v":"Musik"},{"$i":"mix","$v":"Bland"},{"$i":"playlists","$v":"Spillelister"},{"$i":"artists","$v":"Kunstnere"},{"$i":"albums","$v":"Album"},{"$i":"songs","$v":"Alle numre"},{"$i":"more","$v":"Mere"},{"$i":"songArtist","$v":"Kunstner"},{"$i":"songAlbum","$v":"Album"},{"$i":"unknownArtist","$v":"Ukendt kunstner"},{"$i":"unknownAlbum","$v":"Ukendt album"},{"$i":"unknownTitle","$v":"Ukendt titel"},{"$i":"empty-title","$v":"Tilføj musik for at komme i gang"},{"$i":"empty-text","$v":"Gem musik på hukommelseskortet"},{"$i":"nocard2-title","$v":"Hukommelseskort ikke fundet"},{"$i":"nocard3-text","$v":"Indsæt hukommelseskort for at lytte til musik."},{"$i":"pluggedin-title","$v":"Musik kan ikke afspilles, når telefonen er tilsluttet"},{"$i":"pluggedin-text","$v":"Afkobl telefonen for at spille musik."},{"$i":"upgrade-title","$v":"Databasen opdateres"},{"$i":"upgrade-text","$v":"Vent mens Musik opdaterer sin database."},{"$i":"search-music","placeholder":"Søg efter musik"},{"$i":"search-cancel","$v":"Annuller"},{"$i":"search-artists","$v":"Kunstner"},{"$i":"search-albums","$v":"Album"},{"$i":"search-titles","$v":"Titel"},{"$i":"search-close","$v":"luk"},{"$i":"search-no-result","$v":"Der blev ikke fundet musik"},{"$i":"playlists-shuffle-all","$v":"Bland alle"},{"$i":"playlists-highest-rated","$v":"Højest vurderet"},{"$i":"playlists-recently-added","$v":"Tilføjet for nylig"},{"$i":"playlists-most-played","$v":"Mest spillede"},{"$i":"playlists-least-played","$v":"Mindst spillede"},{"$i":"picker-title","$v":"Vælg et nummer"},{"$i":"save","$v":"Gem"},{"$i":"saved","$v":[{"t":"idOrVar","v":"title"}," er gemt i musiksamlingen"]},{"$i":"audioinvalid","$v":"Kan ikke afspilles: Formatet understøttes ikke, eller filen er ikke en lydfil."},{"$i":"overlay-cancel-button","$v":"Annuller"},{"$i":"music-paused-notification","$v":"Musik er sat på pause under opkald"},{"$i":"done","$v":"Færdig"},{"$i":"share-song","ariaLabel":"Del"},{"$i":"player-album-rating","ariaLabel":"Vurdering"},{"$i":"rating-star","ariaLabel":{"$x":[{"t":"idOrVar","v":"plural"},"n"],"$v":{"zero":[{"t":"idOrVar","v":"n"}," stjerner"],"one":[{"t":"idOrVar","v":"n"}," stjerne"],"two":[{"t":"idOrVar","v":"n"}," stjerner"],"few":[{"t":"idOrVar","v":"n"}," stjerner"],"many":[{"t":"idOrVar","v":"n"}," stjerner"],"other":[{"t":"idOrVar","v":"n"}," stjerner"]}}},{"$i":"go-to-player-view","ariaLabel":"Go to player view"},{"$i":"repeat-off","ariaLabel":"Repeat off"},{"$i":"repeat-list","ariaLabel":"Repeat all"},{"$i":"repeat-song","ariaLabel":"Repeat track"},{"$i":"shuffle-toggle","ariaLabel":"Shuffle"},{"$i":"mix-tab","ariaLabel":"Mix"},{"$i":"playlists-tab","ariaLabel":"Playlists"},{"$i":"artists-tab","ariaLabel":"Artists"},{"$i":"albums-tab","ariaLabel":"Albums"},{"$i":"songs-tab","ariaLabel":"Songs"},{"$i":"playbackPlay","ariaLabel":"Afspil"},{"$i":"playbackPause","ariaLabel":"Pause"},{"$i":"playbackNext","ariaLabel":"Next"},{"$i":"playbackPrevious","ariaLabel":"Previous"},{"$i":"playbackFullscreen","ariaLabel":"Fuldskærm"},{"$i":"playbackSeekBar","ariaLabel":["Søgelinje, varighed ",{"t":"idOrVar","v":"duration"}]}]