[{"$i":"music","$v":"Musik"},{"$i":"mix","$v":"Mix"},{"$i":"playlists","$v":"Wiedergabelisten"},{"$i":"artists","$v":"Interpreten"},{"$i":"albums","$v":"Alben"},{"$i":"songs","$v":"Lieder"},{"$i":"more","$v":"Mehr"},{"$i":"songArtist","$v":"Interpret"},{"$i":"songAlbum","$v":"Album"},{"$i":"unknownArtist","$v":"Unbekannter Interpret"},{"$i":"unknownAlbum","$v":"Unbekanntes Album"},{"$i":"unknownTitle","$v":"Unbekannter Titel"},{"$i":"empty-title","$v":"Zum Starten Titel hinzufügen"},{"$i":"empty-text","$v":"Laden Sie Titel auf die Speicherkarte."},{"$i":"nocard2-title","$v":"Keine Speicherkarte gefunden"},{"$i":"nocard3-text","$v":"Legen Sie eine Speicherkarte ein, um Titel anzuhören."},{"$i":"pluggedin-title","$v":"Musik kann nicht verwendet werden, während das Telefon angesteckt ist"},{"$i":"pluggedin-text","$v":"Ziehen Sie das Telefon ab, um Musik zu verwenden."},{"$i":"upgrade-title","$v":"Datenbank-Upgrade"},{"$i":"upgrade-text","$v":"Bitte warten Sie, während Musik seine Datenbank aktualisiert."},{"$i":"search-music","placeholder":"Musik durchsuchen"},{"$i":"search-cancel","$v":"Abbrechen"},{"$i":"search-artists","$v":"Interpreten"},{"$i":"search-albums","$v":"Alben"},{"$i":"search-titles","$v":"Titel"},{"$i":"search-close","$v":"Schließen"},{"$i":"search-no-result","$v":"No music found"},{"$i":"playlists-shuffle-all","$v":"Alle, zufällige Reihenfolge"},{"$i":"playlists-highest-rated","$v":"Am höchsten bewertet"},{"$i":"playlists-recently-added","$v":"Kürzlich hinzugefügt"},{"$i":"playlists-most-played","$v":"Am häufigsten gespielt"},{"$i":"playlists-least-played","$v":"Am seltensten gespielt"},{"$i":"picker-title","$v":"Lied auswählen"},{"$i":"save","$v":"Speichern"},{"$i":"saved","$v":[{"t":"idOrVar","v":"title"}," in Musik gespeichert"]},{"$i":"audioinvalid","$v":"Audio kann nicht wiedergegeben werden: Format wird nicht unterstützt oder Datei ist ungültig."},{"$i":"overlay-cancel-button","$v":"Abbrechen"},{"$i":"music-paused-notification","$v":"Musikwiedergabe während des Anrufs angehalten"},{"$i":"done","$v":"Fertig"},{"$i":"share-song","ariaLabel":"Weitergeben"},{"$i":"player-album-rating","ariaLabel":"Bewertung"},{"$i":"rating-star","ariaLabel":{"$x":[{"t":"idOrVar","v":"plural"},"n"],"$v":{"zero":[{"t":"idOrVar","v":"n"}," Sterne"],"one":[{"t":"idOrVar","v":"n"}," Stern"],"two":[{"t":"idOrVar","v":"n"}," Sterne"],"few":[{"t":"idOrVar","v":"n"}," Sterne"],"many":[{"t":"idOrVar","v":"n"}," Sterne"],"other":[{"t":"idOrVar","v":"n"}," Sterne"]}}},{"$i":"go-to-player-view","ariaLabel":"Go to player view"},{"$i":"repeat-off","ariaLabel":"Repeat off"},{"$i":"repeat-list","ariaLabel":"Repeat all"},{"$i":"repeat-song","ariaLabel":"Repeat track"},{"$i":"shuffle-toggle","ariaLabel":"Shuffle"},{"$i":"mix-tab","ariaLabel":"Mix"},{"$i":"playlists-tab","ariaLabel":"Playlists"},{"$i":"artists-tab","ariaLabel":"Artists"},{"$i":"albums-tab","ariaLabel":"Albums"},{"$i":"songs-tab","ariaLabel":"Songs"},{"$i":"playbackPlay","ariaLabel":"Play"},{"$i":"playbackPause","ariaLabel":"Pause"},{"$i":"playbackNext","ariaLabel":"Next"},{"$i":"playbackPrevious","ariaLabel":"Previous"},{"$i":"playbackFullscreen","ariaLabel":"Fullscreen"},{"$i":"playbackSeekBar","ariaLabel":["Seek bar, duration ",{"t":"idOrVar","v":"duration"}]}]