[{"$i":"music","$v":"Μουσική"},{"$i":"mix","$v":"Μίξη"},{"$i":"playlists","$v":"Αναπαραγωγή"},{"$i":"artists","$v":"Καλλιτέχνες"},{"$i":"albums","$v":"Άλμπουμ"},{"$i":"songs","$v":"Κομμάτια"},{"$i":"more","$v":"Περισσότερα"},{"$i":"songArtist","$v":"Καλλιτέχνης"},{"$i":"songAlbum","$v":"Άλμπουμ"},{"$i":"unknownArtist","$v":"Άγνωστος καλλιτέχνης"},{"$i":"unknownAlbum","$v":"Άγνωστο άλμπουμ"},{"$i":"unknownTitle","$v":"Άγνωστος τίτλος"},{"$i":"empty-title","$v":"Προσθέστε τραγούδια για να ξεκινήσετε"},{"$i":"empty-text","$v":"Προσθέστε τραγούδια στην κάρτα μνήμης."},{"$i":"nocard2-title","$v":"Δεν βρέθηκε κάρτα μνήμης"},{"$i":"nocard3-text","$v":"Εισάγετε μία κάρτα μνήμης για να ακούσετε μουσική."},{"$i":"pluggedin-title","$v":"Δεν μπορείτε να ακούσετε μουσική όσο το τηλέφωνο είναι συνδεδεμένο."},{"$i":"pluggedin-text","$v":"Αποσυνδέστε το τηλέφωνο για να ακούσετε μουσική."},{"$i":"upgrade-title","$v":"Αναβάθμιση Βάσης"},{"$i":"upgrade-text","$v":"Παρακαλούμε περιμένετε καθώς η εφαρμογή «Μουσική» ενημερώνει τη βάση της."},{"$i":"search-music","placeholder":"Αναζήτηση"},{"$i":"search-cancel","$v":"Ακύρωση"},{"$i":"search-artists","$v":"Καλλιτέχνες"},{"$i":"search-albums","$v":"Άλμπουμ"},{"$i":"search-titles","$v":"Κομμάτια"},{"$i":"search-close","$v":"Κλείσιμο"},{"$i":"search-no-result","$v":"No music found"},{"$i":"playlists-shuffle-all","$v":"Τυχαία αναπαραγωγή"},{"$i":"playlists-highest-rated","$v":"Υψηλότερα βαθμολογημένα"},{"$i":"playlists-recently-added","$v":"Προστέθηκαν πρόσφατα"},{"$i":"playlists-most-played","$v":"Δημοφιλέστερα"},{"$i":"playlists-least-played","$v":"Λιγότερο δημοφιλή"},{"$i":"picker-title","$v":"Επιλογή κομματιού"},{"$i":"save","$v":"Αποθήκευση"},{"$i":"saved","$v":[{"t":"idOrVar","v":"title"}," αποθηκεύτηκε στη Μουσική"]},{"$i":"audioinvalid","$v":"Δεν είναι δυνατή η αναπαραγωγή του βίντεο: ο τύπος του δεν υποστηρίζεται ή το αρχείο δεν είναι έγκυρο."},{"$i":"overlay-cancel-button","$v":"Ακύρωση"},{"$i":"music-paused-notification","$v":"Παύση της μουσικής κατά την κλήση"},{"$i":"done","$v":"ΟΚ"},{"$i":"share-song","ariaLabel":"Share"},{"$i":"player-album-rating","ariaLabel":"Rating"},{"$i":"rating-star","ariaLabel":{"$x":[{"t":"idOrVar","v":"plural"},"n"],"$v":{"zero":[{"t":"idOrVar","v":"n"}," stars"],"one":[{"t":"idOrVar","v":"n"}," star"],"two":[{"t":"idOrVar","v":"n"}," stars"],"few":[{"t":"idOrVar","v":"n"}," stars"],"many":[{"t":"idOrVar","v":"n"}," stars"],"other":[{"t":"idOrVar","v":"n"}," stars"]}}},{"$i":"go-to-player-view","ariaLabel":"Go to player view"},{"$i":"repeat-off","ariaLabel":"Repeat off"},{"$i":"repeat-list","ariaLabel":"Repeat all"},{"$i":"repeat-song","ariaLabel":"Repeat track"},{"$i":"shuffle-toggle","ariaLabel":"Shuffle"},{"$i":"mix-tab","ariaLabel":"Mix"},{"$i":"playlists-tab","ariaLabel":"Playlists"},{"$i":"artists-tab","ariaLabel":"Artists"},{"$i":"albums-tab","ariaLabel":"Albums"},{"$i":"songs-tab","ariaLabel":"Songs"},{"$i":"playbackPlay","ariaLabel":"Play"},{"$i":"playbackPause","ariaLabel":"Pause"},{"$i":"playbackNext","ariaLabel":"Next"},{"$i":"playbackPrevious","ariaLabel":"Previous"},{"$i":"playbackFullscreen","ariaLabel":"Fullscreen"},{"$i":"playbackSeekBar","ariaLabel":["Seek bar, duration ",{"t":"idOrVar","v":"duration"}]}]