[{"$i":"music","$v":"Música"},{"$i":"mix","$v":"Mezcla"},{"$i":"playlists","$v":"Lista de reproducción"},{"$i":"artists","$v":"Artistas"},{"$i":"albums","$v":"Álbumes"},{"$i":"songs","$v":"Canciones"},{"$i":"more","$v":"Más"},{"$i":"songArtist","$v":"Intérprete"},{"$i":"songAlbum","$v":"Álbum de la canción"},{"$i":"unknownArtist","$v":"Artista desconocido"},{"$i":"unknownAlbum","$v":"Álbum desconocido"},{"$i":"unknownTitle","$v":"Título desconocido"},{"$i":"empty-title","$v":"Agregue canciones para comenzar"},{"$i":"empty-text","$v":"Cargue las canciones en la tarjeta de memoria."},{"$i":"nocard2-title","$v":"No se encontró ninguna tarjeta de memoria"},{"$i":"nocard3-text","$v":"Inserte una tarjeta de memoria para escuchar música."},{"$i":"pluggedin-title","$v":"No se puede reproducir música mientras el teléfono esté conectado"},{"$i":"pluggedin-text","$v":"Desconecte el teléfono para reproducir música."},{"$i":"upgrade-title","$v":"Actualización de base de datos"},{"$i":"upgrade-text","$v":"Espere mientras la aplicación Música actualiza su base de datos."},{"$i":"search-music","placeholder":"Buscar música"},{"$i":"search-cancel","$v":"Cancelar"},{"$i":"search-artists","$v":"Artistas"},{"$i":"search-albums","$v":"Álbumes"},{"$i":"search-titles","$v":"Pistas"},{"$i":"search-close","$v":"cerrar"},{"$i":"search-no-result","$v":"No se encontró música"},{"$i":"playlists-shuffle-all","$v":"Mezclar todas"},{"$i":"playlists-highest-rated","$v":"Mejor valoradas"},{"$i":"playlists-recently-added","$v":"Agregadas recientemente"},{"$i":"playlists-most-played","$v":"Más reproducidas"},{"$i":"playlists-least-played","$v":"Menos reproducidas"},{"$i":"picker-title","$v":"Seleccione una pista"},{"$i":"save","$v":"Guardar"},{"$i":"saved","$v":[{"t":"idOrVar","v":"title"}," guardada en Música"]},{"$i":"audioinvalid","$v":"El audio no puede reproducirse: el formato no es compatible o el archivo no es válido."},{"$i":"overlay-cancel-button","$v":"Cancelar"},{"$i":"music-paused-notification","$v":"Música detenida durante llamada"},{"$i":"done","$v":"Hecho"},{"$i":"share-song","ariaLabel":"Compartir"},{"$i":"player-album-rating","ariaLabel":"Puntuación"},{"$i":"rating-star","ariaLabel":{"$x":[{"t":"idOrVar","v":"plural"},"n"],"$v":{"zero":[{"t":"idOrVar","v":"n"}," estrellas"],"one":[{"t":"idOrVar","v":"n"}," estrella"],"two":[{"t":"idOrVar","v":"n"}," estrellas"],"few":[{"t":"idOrVar","v":"n"}," estrellas"],"many":[{"t":"idOrVar","v":"n"}," estrellas"],"other":[{"t":"idOrVar","v":"n"}," estrellas"]}}},{"$i":"go-to-player-view","ariaLabel":"Go to player view"},{"$i":"repeat-off","ariaLabel":"Repeat off"},{"$i":"repeat-list","ariaLabel":"Repeat all"},{"$i":"repeat-song","ariaLabel":"Repeat track"},{"$i":"shuffle-toggle","ariaLabel":"Shuffle"},{"$i":"mix-tab","ariaLabel":"Mix"},{"$i":"playlists-tab","ariaLabel":"Playlists"},{"$i":"artists-tab","ariaLabel":"Artists"},{"$i":"albums-tab","ariaLabel":"Albums"},{"$i":"songs-tab","ariaLabel":"Songs"},{"$i":"playbackPlay","ariaLabel":"Play"},{"$i":"playbackPause","ariaLabel":"Pause"},{"$i":"playbackNext","ariaLabel":"Next"},{"$i":"playbackPrevious","ariaLabel":"Previous"},{"$i":"playbackFullscreen","ariaLabel":"Fullscreen"},{"$i":"playbackSeekBar","ariaLabel":["Seek bar, duration ",{"t":"idOrVar","v":"duration"}]}]