[{"$i":"music","$v":"Musika"},{"$i":"mix","$v":"Nahasi"},{"$i":"playlists","$v":"Erreprodukzio-zerrenda"},{"$i":"artists","$v":"Artistak"},{"$i":"albums","$v":"Albumak"},{"$i":"songs","$v":"Abestiak"},{"$i":"more","$v":"Gehiago"},{"$i":"songArtist","$v":"Abestiaren artista"},{"$i":"songAlbum","$v":"Abestiaren albuma"},{"$i":"unknownArtist","$v":"Artista ezezaguna"},{"$i":"unknownAlbum","$v":"Album ezezaguna"},{"$i":"unknownTitle","$v":"Izenburu ezezaguna"},{"$i":"empty-title","$v":"Gehitu abestiak erabiltzen hasteko"},{"$i":"empty-text","$v":"Kargatu abestiak memoria-txartelean."},{"$i":"nocard2-title","$v":"Ez da memoria-txartelik aurkitu"},{"$i":"nocard3-text","$v":"Sartu memoria-txartela abestiak entzuteko."},{"$i":"pluggedin-title","$v":"Ezin da musika erabili telefonoa entxufatuta dagoen bitartean"},{"$i":"pluggedin-text","$v":"Desentxufatu telefonoa musika erreproduzitzeko."},{"$i":"upgrade-title","$v":"Datu-basearen bertsio-berritzea"},{"$i":"upgrade-text","$v":"Itxaron mesedez musika-aplikazioak bere datu-basea eguneratzen duen artean."},{"$i":"search-music","placeholder":"Bilatu musika"},{"$i":"search-cancel","$v":"Utzi"},{"$i":"search-artists","$v":"Artistak"},{"$i":"search-albums","$v":"Albumak"},{"$i":"search-titles","$v":"Pistak"},{"$i":"search-close","$v":"itxi"},{"$i":"search-no-result","$v":"Ez da musikarik aurkitu"},{"$i":"playlists-shuffle-all","$v":"Nahastu dena"},{"$i":"playlists-highest-rated","$v":"Puntuazio altuenak"},{"$i":"playlists-recently-added","$v":"Gehitutako azkenak"},{"$i":"playlists-most-played","$v":"Erreproduzituenak"},{"$i":"playlists-least-played","$v":"Gutxien erreproduzituak"},{"$i":"picker-title","$v":"Hautatu pista"},{"$i":"save","$v":"Gorde"},{"$i":"saved","$v":[{"t":"idOrVar","v":"title"}," musika-aplikazioan gordeta"]},{"$i":"audioinvalid","$v":"Audioa ezin da erreproduzitu: formatua ez da onartzen edo fitxategia baliogabea da."},{"$i":"overlay-cancel-button","$v":"Utzi"},{"$i":"music-paused-notification","$v":"Musika pausatuta deian zehar"},{"$i":"done","$v":"Eginda"},{"$i":"share-song","ariaLabel":"Partekatu"},{"$i":"player-album-rating","ariaLabel":"Balorazioa"},{"$i":"rating-star","ariaLabel":{"$x":[{"t":"idOrVar","v":"plural"},"n"],"$v":{"zero":[{"t":"idOrVar","v":"n"}," izar"],"one":["Izar ",{"t":"idOrVar","v":"n"}],"two":[{"t":"idOrVar","v":"n"}," izar"],"few":[{"t":"idOrVar","v":"n"}," izar"],"many":[{"t":"idOrVar","v":"n"}," izar"],"other":[{"t":"idOrVar","v":"n"}," izar"]}}},{"$i":"go-to-player-view","ariaLabel":"Go to player view"},{"$i":"repeat-off","ariaLabel":"Repeat off"},{"$i":"repeat-list","ariaLabel":"Repeat all"},{"$i":"repeat-song","ariaLabel":"Repeat track"},{"$i":"shuffle-toggle","ariaLabel":"Shuffle"},{"$i":"mix-tab","ariaLabel":"Mix"},{"$i":"playlists-tab","ariaLabel":"Playlists"},{"$i":"artists-tab","ariaLabel":"Artists"},{"$i":"albums-tab","ariaLabel":"Albums"},{"$i":"songs-tab","ariaLabel":"Songs"},{"$i":"playbackPlay","ariaLabel":"Play"},{"$i":"playbackPause","ariaLabel":"Pause"},{"$i":"playbackNext","ariaLabel":"Next"},{"$i":"playbackPrevious","ariaLabel":"Previous"},{"$i":"playbackFullscreen","ariaLabel":"Fullscreen"},{"$i":"playbackSeekBar","ariaLabel":["Seek bar, duration ",{"t":"idOrVar","v":"duration"}]}]