[{"$i":"music","$v":"Musique"},{"$i":"mix","$v":"Mix"},{"$i":"playlists","$v":"Listes de lecture"},{"$i":"artists","$v":"Artistes"},{"$i":"albums","$v":"Albums"},{"$i":"songs","$v":"Chansons"},{"$i":"more","$v":"Plus"},{"$i":"songArtist","$v":"Artiste"},{"$i":"songAlbum","$v":"Album"},{"$i":"unknownArtist","$v":"Artiste inconnu"},{"$i":"unknownAlbum","$v":"Album inconnu"},{"$i":"unknownTitle","$v":"Titre inconnu"},{"$i":"empty-title","$v":"Vous pouvez dès à présent commencer à ajouter des chansons"},{"$i":"empty-text","$v":"Chargez des chansons sur la carte mémoire."},{"$i":"nocard2-title","$v":"Aucune carte mémoire"},{"$i":"nocard3-text","$v":"Pour écouter de la musique, insérez une carte mémoire."},{"$i":"pluggedin-title","$v":"L’application Musique ne peut pas être utilisée tant que le téléphone est branché"},{"$i":"pluggedin-text","$v":"Pour écouter de la musique, débranchez le téléphone."},{"$i":"upgrade-title","$v":"Mise à jour base de données"},{"$i":"upgrade-text","$v":"Veuillez patienter pendant que Musique met à jour sa base de données."},{"$i":"search-music","placeholder":"Rechercher"},{"$i":"search-cancel","$v":"Annuler"},{"$i":"search-artists","$v":"Artistes"},{"$i":"search-albums","$v":"Albums"},{"$i":"search-titles","$v":"Pistes"},{"$i":"search-close","$v":"fermer"},{"$i":"search-no-result","$v":"Aucun résultat parmi les chansons"},{"$i":"playlists-shuffle-all","$v":"Lecture aléatoire"},{"$i":"playlists-highest-rated","$v":"Les mieux notées"},{"$i":"playlists-recently-added","$v":"Ajoutées récemment"},{"$i":"playlists-most-played","$v":"Les plus écoutées"},{"$i":"playlists-least-played","$v":"Les moins écoutées"},{"$i":"picker-title","$v":"Choisir une piste"},{"$i":"save","$v":"Enregistrer"},{"$i":"saved","$v":[{"t":"idOrVar","v":"title"}," enregistré dans Musique"]},{"$i":"audioinvalid","$v":"Impossible de lire l’audio : le format n’est pas pris en charge ou le fichier n’est pas valide."},{"$i":"overlay-cancel-button","$v":"Annuler"},{"$i":"music-paused-notification","$v":"Musique mise en pause durant l’appel"},{"$i":"done","$v":"Terminé"},{"$i":"share-song","ariaLabel":"Partager"},{"$i":"player-album-rating","ariaLabel":"Noter"},{"$i":"rating-star","ariaLabel":{"$x":[{"t":"idOrVar","v":"plural"},"n"],"$v":{"zero":[{"t":"idOrVar","v":"n"}," étoile"],"one":[{"t":"idOrVar","v":"n"}," étoile"],"two":[{"t":"idOrVar","v":"n"}," étoiles"],"few":[{"t":"idOrVar","v":"n"}," étoiles"],"many":[{"t":"idOrVar","v":"n"}," étoiles"],"other":[{"t":"idOrVar","v":"n"}," étoiles"]}}},{"$i":"go-to-player-view","ariaLabel":"Go to player view"},{"$i":"repeat-off","ariaLabel":"Repeat off"},{"$i":"repeat-list","ariaLabel":"Repeat all"},{"$i":"repeat-song","ariaLabel":"Repeat track"},{"$i":"shuffle-toggle","ariaLabel":"Shuffle"},{"$i":"mix-tab","ariaLabel":"Mix"},{"$i":"playlists-tab","ariaLabel":"Playlists"},{"$i":"artists-tab","ariaLabel":"Artists"},{"$i":"albums-tab","ariaLabel":"Albums"},{"$i":"songs-tab","ariaLabel":"Songs"},{"$i":"playbackPlay","ariaLabel":"Lecture"},{"$i":"playbackPause","ariaLabel":"Pause"},{"$i":"playbackNext","ariaLabel":"Next"},{"$i":"playbackPrevious","ariaLabel":"Previous"},{"$i":"playbackFullscreen","ariaLabel":"Plein écran"},{"$i":"playbackSeekBar","ariaLabel":["Barre de recherche, durée ",{"t":"idOrVar","v":"duration"}]}]