[{"$i":"music","$v":"Música"},{"$i":"mix","$v":"Mestura"},{"$i":"playlists","$v":"Lista de reprodución"},{"$i":"artists","$v":"Artistas"},{"$i":"albums","$v":"Álbums"},{"$i":"songs","$v":"Cancións"},{"$i":"more","$v":"Máis"},{"$i":"songArtist","$v":"Artista da canción"},{"$i":"songAlbum","$v":"Álbum da canción"},{"$i":"unknownArtist","$v":"Artista descoñecido"},{"$i":"unknownAlbum","$v":"Álbum descoñecido"},{"$i":"unknownTitle","$v":"Título descoñecido"},{"$i":"empty-title","$v":"Engadir cancións para comezar"},{"$i":"empty-text","$v":"Cargar as cancións na tarxeta de memoria."},{"$i":"nocard2-title","$v":"Non se atopou a tarxeta de memoria"},{"$i":"nocard3-text","$v":"Insira unha tarxeta de memoria para escoitar música."},{"$i":"pluggedin-title","$v":"Non é posíbel usar o aplicativo Música mentres o teléfono está conectado"},{"$i":"pluggedin-text","$v":"Desconecte o teléfono para reproducir a música."},{"$i":"upgrade-title","$v":"Anovación da base de datos"},{"$i":"upgrade-text","$v":"Agarde mentres se actualiza a base de datos de Música."},{"$i":"search-music","placeholder":"Buscar música"},{"$i":"search-cancel","$v":"Cancelar"},{"$i":"search-artists","$v":"Artistas"},{"$i":"search-albums","$v":"Álbums"},{"$i":"search-titles","$v":"Pistas"},{"$i":"search-close","$v":"pechar"},{"$i":"search-no-result","$v":"No music found"},{"$i":"playlists-shuffle-all","$v":"Modo aleatorio"},{"$i":"playlists-highest-rated","$v":"Mellor valoradas"},{"$i":"playlists-recently-added","$v":"Engadidas recentemente"},{"$i":"playlists-most-played","$v":"Máis reproducidas"},{"$i":"playlists-least-played","$v":"Menos reproducidas"},{"$i":"picker-title","$v":"Seleccionar unha pista"},{"$i":"save","$v":"Gardar"},{"$i":"saved","$v":["Gardouse ",{"t":"idOrVar","v":"title"}," en Música"]},{"$i":"audioinvalid","$v":"Non é posíbel reproducir o son: o formato non é compatíbel ou o ficheiro é incorrecto."},{"$i":"overlay-cancel-button","$v":"Cancelar"},{"$i":"music-paused-notification","$v":"Detívose a música durante a chamada"},{"$i":"done","$v":"Feito"},{"$i":"share-song","ariaLabel":"Share"},{"$i":"player-album-rating","ariaLabel":"Rating"},{"$i":"rating-star","ariaLabel":{"$x":[{"t":"idOrVar","v":"plural"},"n"],"$v":{"zero":[{"t":"idOrVar","v":"n"}," stars"],"one":[{"t":"idOrVar","v":"n"}," star"],"two":[{"t":"idOrVar","v":"n"}," stars"],"few":[{"t":"idOrVar","v":"n"}," stars"],"many":[{"t":"idOrVar","v":"n"}," stars"],"other":[{"t":"idOrVar","v":"n"}," stars"]}}},{"$i":"go-to-player-view","ariaLabel":"Go to player view"},{"$i":"repeat-off","ariaLabel":"Repeat off"},{"$i":"repeat-list","ariaLabel":"Repeat all"},{"$i":"repeat-song","ariaLabel":"Repeat track"},{"$i":"shuffle-toggle","ariaLabel":"Shuffle"},{"$i":"mix-tab","ariaLabel":"Mix"},{"$i":"playlists-tab","ariaLabel":"Playlists"},{"$i":"artists-tab","ariaLabel":"Artists"},{"$i":"albums-tab","ariaLabel":"Albums"},{"$i":"songs-tab","ariaLabel":"Songs"},{"$i":"playbackPlay","ariaLabel":"Play"},{"$i":"playbackPause","ariaLabel":"Pause"},{"$i":"playbackNext","ariaLabel":"Next"},{"$i":"playbackPrevious","ariaLabel":"Previous"},{"$i":"playbackFullscreen","ariaLabel":"Fullscreen"},{"$i":"playbackSeekBar","ariaLabel":["Seek bar, duration ",{"t":"idOrVar","v":"duration"}]}]