[{"$i":"music","$v":"Glazba"},{"$i":"mix","$v":"Miks"},{"$i":"playlists","$v":"Popis izvođenja"},{"$i":"artists","$v":"Izvođači"},{"$i":"albums","$v":"Albumi"},{"$i":"songs","$v":"Pjesme"},{"$i":"more","$v":"Više"},{"$i":"songArtist","$v":"Izvođač pjesme"},{"$i":"songAlbum","$v":"Izvođač albuma"},{"$i":"unknownArtist","$v":"Nepoznati izvođač"},{"$i":"unknownAlbum","$v":"Nepoznati album"},{"$i":"unknownTitle","$v":"Nepoznati naziv"},{"$i":"empty-title","$v":"Da biste započeli, dodajte pjesme"},{"$i":"empty-text","$v":"Učitaj pjesme s memorijske kartice."},{"$i":"nocard2-title","$v":"Nema memorijske kartice"},{"$i":"nocard3-text","$v":"Insert a memory card to listen to songs."},{"$i":"pluggedin-title","$v":"Glazba se ne može preslušavati dok je telefon priključen na punjač"},{"$i":"pluggedin-text","$v":"Odspojite telefon s punjača da biste mogli preslušavati glazbu."},{"$i":"upgrade-title","$v":"Nadogradnja baze"},{"$i":"upgrade-text","$v":"Pričekajte dok Glazba nadograđuje svoju bazu."},{"$i":"search-music","placeholder":"Pretraži glazbu"},{"$i":"search-cancel","$v":"Cancel"},{"$i":"search-artists","$v":"Izvođači"},{"$i":"search-albums","$v":"Albumi"},{"$i":"search-titles","$v":"Pjesme"},{"$i":"search-close","$v":"zatvori"},{"$i":"search-no-result","$v":"No music found"},{"$i":"playlists-shuffle-all","$v":"Izmiješaj sve"},{"$i":"playlists-highest-rated","$v":"Najbolje ocijenjeno"},{"$i":"playlists-recently-added","$v":"Nedavno dodano"},{"$i":"playlists-most-played","$v":"Najviše preslušavano"},{"$i":"playlists-least-played","$v":"Najmanje preslušavano"},{"$i":"picker-title","$v":"Odaberi pjesmu"},{"$i":"save","$v":"Spremi"},{"$i":"saved","$v":["Spremi ",{"t":"idOrVar","v":"title"}," pod Muzika"]},{"$i":"audioinvalid","$v":"Nije moguće pokrenuti audio: format je nepodržan ili je datoteka nevaljana. "},{"$i":"overlay-cancel-button","$v":"Cancel"},{"$i":"music-paused-notification","$v":"Glazba pauzirana tijekom poziva"},{"$i":"done","$v":"Done"},{"$i":"share-song","ariaLabel":"Share"},{"$i":"player-album-rating","ariaLabel":"Rating"},{"$i":"rating-star","ariaLabel":{"$x":[{"t":"idOrVar","v":"plural"},"n"],"$v":{"zero":[{"t":"idOrVar","v":"n"}," stars"],"one":[{"t":"idOrVar","v":"n"}," star"],"two":[{"t":"idOrVar","v":"n"}," stars"],"few":[{"t":"idOrVar","v":"n"}," stars"],"many":[{"t":"idOrVar","v":"n"}," stars"],"other":[{"t":"idOrVar","v":"n"}," stars"]}}},{"$i":"go-to-player-view","ariaLabel":"Go to player view"},{"$i":"repeat-off","ariaLabel":"Repeat off"},{"$i":"repeat-list","ariaLabel":"Repeat all"},{"$i":"repeat-song","ariaLabel":"Repeat track"},{"$i":"shuffle-toggle","ariaLabel":"Shuffle"},{"$i":"mix-tab","ariaLabel":"Mix"},{"$i":"playlists-tab","ariaLabel":"Playlists"},{"$i":"artists-tab","ariaLabel":"Artists"},{"$i":"albums-tab","ariaLabel":"Albums"},{"$i":"songs-tab","ariaLabel":"Songs"},{"$i":"playbackPlay","ariaLabel":"Play"},{"$i":"playbackPause","ariaLabel":"Pause"},{"$i":"playbackNext","ariaLabel":"Next"},{"$i":"playbackPrevious","ariaLabel":"Previous"},{"$i":"playbackFullscreen","ariaLabel":"Fullscreen"},{"$i":"playbackSeekBar","ariaLabel":["Seek bar, duration ",{"t":"idOrVar","v":"duration"}]}]