[{"$i":"music","$v":"Zene"},{"$i":"mix","$v":"Mix"},{"$i":"playlists","$v":"Lejátszólista"},{"$i":"artists","$v":"Előadók"},{"$i":"albums","$v":"Albumok"},{"$i":"songs","$v":"Dalok"},{"$i":"more","$v":"Több"},{"$i":"songArtist","$v":"Szám előadója"},{"$i":"songAlbum","$v":"Szám albuma"},{"$i":"unknownArtist","$v":"Ismeretlen előadó"},{"$i":"unknownAlbum","$v":"Ismeretlen album"},{"$i":"unknownTitle","$v":"Ismeretlen cím"},{"$i":"empty-title","$v":"A kezdéshez vegyen fel számokat"},{"$i":"empty-text","$v":"Töltsön fel számokat a memóriakártyára."},{"$i":"nocard2-title","$v":"Nem található memóriakártya"},{"$i":"nocard3-text","$v":"Zenehallgatáshoz tegye be a memóriakártyát."},{"$i":"pluggedin-title","$v":"A Zene nem használható bedugott állapotban"},{"$i":"pluggedin-text","$v":"Húzza ki a telefont a zenehallgatáshoz."},{"$i":"upgrade-title","$v":"Adatbázis-frissítés"},{"$i":"upgrade-text","$v":"Kis türelmet a Zene adatbázisának frissítéséig."},{"$i":"search-music","placeholder":"Zene keresése"},{"$i":"search-cancel","$v":"Mégse"},{"$i":"search-artists","$v":"Előadók"},{"$i":"search-albums","$v":"Albumok"},{"$i":"search-titles","$v":"Számok"},{"$i":"search-close","$v":"bezárás"},{"$i":"search-no-result","$v":"No music found"},{"$i":"playlists-shuffle-all","$v":"Összes véletlenszerűen"},{"$i":"playlists-highest-rated","$v":"Legjobb értékelés"},{"$i":"playlists-recently-added","$v":"Nemrég hozzáadott"},{"$i":"playlists-most-played","$v":"Legtöbb lejátszás"},{"$i":"playlists-least-played","$v":"Legkevesebb lejátszás"},{"$i":"picker-title","$v":"Szám kiválasztása"},{"$i":"save","$v":"Mentés"},{"$i":"saved","$v":[{"t":"idOrVar","v":"title"}," mentése a Zenék közé megtörtént"]},{"$i":"audioinvalid","$v":"Nem játszható le: a formátum nem támogatott, vagy a fájl sérült."},{"$i":"overlay-cancel-button","$v":"Mégse"},{"$i":"music-paused-notification","$v":"Zene szüneteltetve a hívás alatt"},{"$i":"done","$v":"Kész"},{"$i":"share-song","ariaLabel":"Share"},{"$i":"player-album-rating","ariaLabel":"Rating"},{"$i":"rating-star","ariaLabel":{"$x":[{"t":"idOrVar","v":"plural"},"n"],"$v":{"zero":[{"t":"idOrVar","v":"n"}," stars"],"one":[{"t":"idOrVar","v":"n"}," star"],"two":[{"t":"idOrVar","v":"n"}," stars"],"few":[{"t":"idOrVar","v":"n"}," stars"],"many":[{"t":"idOrVar","v":"n"}," stars"],"other":[{"t":"idOrVar","v":"n"}," stars"]}}},{"$i":"go-to-player-view","ariaLabel":"Go to player view"},{"$i":"repeat-off","ariaLabel":"Repeat off"},{"$i":"repeat-list","ariaLabel":"Repeat all"},{"$i":"repeat-song","ariaLabel":"Repeat track"},{"$i":"shuffle-toggle","ariaLabel":"Shuffle"},{"$i":"mix-tab","ariaLabel":"Mix"},{"$i":"playlists-tab","ariaLabel":"Playlists"},{"$i":"artists-tab","ariaLabel":"Artists"},{"$i":"albums-tab","ariaLabel":"Albums"},{"$i":"songs-tab","ariaLabel":"Songs"},{"$i":"playbackPlay","ariaLabel":"Play"},{"$i":"playbackPause","ariaLabel":"Pause"},{"$i":"playbackNext","ariaLabel":"Next"},{"$i":"playbackPrevious","ariaLabel":"Previous"},{"$i":"playbackFullscreen","ariaLabel":"Fullscreen"},{"$i":"playbackSeekBar","ariaLabel":["Seek bar, duration ",{"t":"idOrVar","v":"duration"}]}]