[{"$i":"music","$v":"Musica"},{"$i":"mix","$v":"Mix"},{"$i":"playlists","$v":"Playlist"},{"$i":"artists","$v":"Artisti"},{"$i":"albums","$v":"Album"},{"$i":"songs","$v":"Canzoni"},{"$i":"more","$v":"Altro"},{"$i":"songArtist","$v":"Artista canzone"},{"$i":"songAlbum","$v":"Album canzone"},{"$i":"unknownArtist","$v":"Artista sconosciuto"},{"$i":"unknownAlbum","$v":"Album sconosciuto"},{"$i":"unknownTitle","$v":"Titolo sconosciuto"},{"$i":"empty-title","$v":"Aggiungi delle canzoni per iniziare"},{"$i":"empty-text","$v":"Carica delle canzoni sulla scheda di memoria."},{"$i":"nocard2-title","$v":"Scheda di memoria non disponibile"},{"$i":"nocard3-text","$v":"Inserire una scheda di memoria per ascoltare musica."},{"$i":"pluggedin-title","$v":"Impossibile utilizzare Musica quando il telefono è collegato"},{"$i":"pluggedin-text","$v":"Scollegare il telefono per ascoltare le canzoni."},{"$i":"upgrade-title","$v":"Aggiornamento database"},{"$i":"upgrade-text","$v":"Attendere l’aggiornamento del database per Musica."},{"$i":"search-music","placeholder":"Cerca in Musica"},{"$i":"search-cancel","$v":"Annulla"},{"$i":"search-artists","$v":"Artisti"},{"$i":"search-albums","$v":"Album"},{"$i":"search-titles","$v":"Tracce"},{"$i":"search-close","$v":"chiudi"},{"$i":"search-no-result","$v":"Nessuna canzone disponibile"},{"$i":"playlists-shuffle-all","$v":"Ordine casuale"},{"$i":"playlists-highest-rated","$v":"Classifica"},{"$i":"playlists-recently-added","$v":"Aggiunte di recente"},{"$i":"playlists-most-played","$v":"Più ascoltate"},{"$i":"playlists-least-played","$v":"Meno ascoltate"},{"$i":"picker-title","$v":"Scegli una traccia"},{"$i":"save","$v":"Salva"},{"$i":"saved","$v":[{"t":"idOrVar","v":"title"}," salvato in Musica"]},{"$i":"audioinvalid","$v":"Impossibile riprodurre l’audio: formato non supportato o file danneggiato."},{"$i":"overlay-cancel-button","$v":"Annulla"},{"$i":"music-paused-notification","$v":"Musica in pausa durante chiamata"},{"$i":"done","$v":"Fine"},{"$i":"share-song","ariaLabel":"Condividi"},{"$i":"player-album-rating","ariaLabel":"Valutazione"},{"$i":"rating-star","ariaLabel":{"$x":[{"t":"idOrVar","v":"plural"},"n"],"$v":{"zero":[{"t":"idOrVar","v":"n"}," stelle"],"one":[{"t":"idOrVar","v":"n"}," stella"],"two":[{"t":"idOrVar","v":"n"}," stelle"],"few":[{"t":"idOrVar","v":"n"}," stelle"],"many":[{"t":"idOrVar","v":"n"}," stelle"],"other":[{"t":"idOrVar","v":"n"}," stelle"]}}},{"$i":"go-to-player-view","ariaLabel":"Go to player view"},{"$i":"repeat-off","ariaLabel":"Repeat off"},{"$i":"repeat-list","ariaLabel":"Repeat all"},{"$i":"repeat-song","ariaLabel":"Repeat track"},{"$i":"shuffle-toggle","ariaLabel":"Shuffle"},{"$i":"mix-tab","ariaLabel":"Mix"},{"$i":"playlists-tab","ariaLabel":"Playlists"},{"$i":"artists-tab","ariaLabel":"Artists"},{"$i":"albums-tab","ariaLabel":"Albums"},{"$i":"songs-tab","ariaLabel":"Songs"},{"$i":"playbackPlay","ariaLabel":"Avvia riproduzione"},{"$i":"playbackPause","ariaLabel":"Metti in pausa"},{"$i":"playbackNext","ariaLabel":"Next"},{"$i":"playbackPrevious","ariaLabel":"Previous"},{"$i":"playbackFullscreen","ariaLabel":"Schermo intero"},{"$i":"playbackSeekBar","ariaLabel":["Barra di ricerca, durata ",{"t":"idOrVar","v":"duration"}]}]