[{"$i":"music","$v":"音楽"},{"$i":"mix","$v":"ミックス"},{"$i":"playlists","$v":"プレイリスト"},{"$i":"artists","$v":"アーティスト"},{"$i":"albums","$v":"アルバム"},{"$i":"songs","$v":"歌曲"},{"$i":"more","$v":"その他"},{"$i":"songArtist","$v":"アーティスト"},{"$i":"songAlbum","$v":"アルバム"},{"$i":"unknownArtist","$v":"不明なアーティスト"},{"$i":"unknownAlbum","$v":"不明なアルバム"},{"$i":"unknownTitle","$v":"不明なタイトル"},{"$i":"empty-title","$v":"はじめに曲を追加してください"},{"$i":"empty-text","$v":"メモリーカードに曲を読み込んでください。"},{"$i":"nocard2-title","$v":"メモリーカードが見つかりません"},{"$i":"nocard3-text","$v":"音楽を聴くにはメモリーカードを挿入してください。"},{"$i":"pluggedin-title","$v":"ケーブル接続している間は音楽を使用できません"},{"$i":"pluggedin-text","$v":"音楽を再生するにはケーブルを抜いてください。"},{"$i":"upgrade-title","$v":"データベースのアップグレード"},{"$i":"upgrade-text","$v":"音楽のデータベースを更新しています。しばらくお待ちください。"},{"$i":"search-music","placeholder":"音楽を検索します"},{"$i":"search-cancel","$v":"キャンセル"},{"$i":"search-artists","$v":"アーティスト"},{"$i":"search-albums","$v":"アルバム"},{"$i":"search-titles","$v":"トラック"},{"$i":"search-close","$v":"閉じる"},{"$i":"search-no-result","$v":"No music found"},{"$i":"playlists-shuffle-all","$v":"シャッフル"},{"$i":"playlists-highest-rated","$v":"評価の高い曲"},{"$i":"playlists-recently-added","$v":"最近追加された曲"},{"$i":"playlists-most-played","$v":"再生回数の多い曲"},{"$i":"playlists-least-played","$v":"再生回数の少ない曲"},{"$i":"picker-title","$v":"トラックの選択"},{"$i":"save","$v":"保存"},{"$i":"saved","$v":[{"t":"idOrVar","v":"title"}," を音楽フォルダに保存しました"]},{"$i":"audioinvalid","$v":"音声を再生できません: 形式がサポートされていないかファイルが正しくありません。"},{"$i":"overlay-cancel-button","$v":"キャンセル"},{"$i":"music-paused-notification","$v":"通話中のため音楽を一時停止しました"},{"$i":"done","$v":"完了"},{"$i":"share-song","ariaLabel":"Share"},{"$i":"player-album-rating","ariaLabel":"Rating"},{"$i":"rating-star","ariaLabel":{"$x":[{"t":"idOrVar","v":"plural"},"n"],"$v":{"zero":[{"t":"idOrVar","v":"n"}," stars"],"one":[{"t":"idOrVar","v":"n"}," star"],"two":[{"t":"idOrVar","v":"n"}," stars"],"few":[{"t":"idOrVar","v":"n"}," stars"],"many":[{"t":"idOrVar","v":"n"}," stars"],"other":[{"t":"idOrVar","v":"n"}," stars"]}}},{"$i":"go-to-player-view","ariaLabel":"Go to player view"},{"$i":"repeat-off","ariaLabel":"Repeat off"},{"$i":"repeat-list","ariaLabel":"Repeat all"},{"$i":"repeat-song","ariaLabel":"Repeat track"},{"$i":"shuffle-toggle","ariaLabel":"Shuffle"},{"$i":"mix-tab","ariaLabel":"Mix"},{"$i":"playlists-tab","ariaLabel":"Playlists"},{"$i":"artists-tab","ariaLabel":"Artists"},{"$i":"albums-tab","ariaLabel":"Albums"},{"$i":"songs-tab","ariaLabel":"Songs"},{"$i":"playbackPlay","ariaLabel":"Play"},{"$i":"playbackPause","ariaLabel":"Pause"},{"$i":"playbackNext","ariaLabel":"Next"},{"$i":"playbackPrevious","ariaLabel":"Previous"},{"$i":"playbackFullscreen","ariaLabel":"Fullscreen"},{"$i":"playbackSeekBar","ariaLabel":["Seek bar, duration ",{"t":"idOrVar","v":"duration"}]}]