[{"$i":"music","$v":"តន្ត្រី"},{"$i":"mix","$v":"ចំរុះ"},{"$i":"playlists","$v":"បញ្ជី​បទ"},{"$i":"artists","$v":"វិចិត្រករ"},{"$i":"albums","$v":"អាល់ប៊ុម"},{"$i":"songs","$v":"ចម្រៀង"},{"$i":"more","$v":"ច្រើន​ទៀត"},{"$i":"songArtist","$v":"វិចិត្រករ​ចម្រៀង"},{"$i":"songAlbum","$v":"អាល់ប៊ុម​ចម្រៀង"},{"$i":"unknownArtist","$v":"មិន​ស្គាល់​វិចិត្រករ"},{"$i":"unknownAlbum","$v":"មិន​ស្គាល់​អាល់ប៊ុម"},{"$i":"unknownTitle","$v":"មិន​ស្គាល់​ចំណងជើង"},{"$i":"empty-title","$v":"បន្ថែម​ចម្រៀង​ដើម្បី​ចាប់ផ្ដើម"},{"$i":"empty-text","$v":"ផ្ទុក​ចម្រៀង​លើ​​​កាត​​អង្គ​ចងចាំ។"},{"$i":"nocard2-title","$v":"រក​មិន​ឃើញ​កាត​អង្គ​ចងចាំ"},{"$i":"nocard3-text","$v":"បញ្ចូល​កាត​អង្គ​ចងចាំ​​ដើម្បី​ស្ដាប់​ចម្រៀង។"},{"$i":"pluggedin-title","$v":"មិន​អាច​ចាក់​តន្ត្រី​អំឡុង​ពេល​​​ដោត​សាក​ទូរស័ព្ទ"},{"$i":"pluggedin-text","$v":"ឈប់​ដោត​ទូរស័ព្ទ​ដើម្បី​ចាក់​តន្ត្រី។"},{"$i":"upgrade-title","$v":"ធ្វើ​ឲ្យ​មូលដ្ឋាន​ទិន្នន័យ​ទាន់​សម័យ"},{"$i":"upgrade-text","$v":"សូម​រង់ចាំ​ខណៈ​ពេល​ធ្វើ​បច្ចុប្បន្នភាព​តន្ត្រី​មូលដ្ឋាន​ទិន្នន័យ​របស់​វា។"},{"$i":"search-music","placeholder":"ស្វែងរក​តន្ត្រី"},{"$i":"search-cancel","$v":"បោះបង់"},{"$i":"search-artists","$v":"វិចិត្រករ"},{"$i":"search-albums","$v":"អាល់ប៊ុម"},{"$i":"search-titles","$v":"បទ"},{"$i":"search-close","$v":"បិទ"},{"$i":"search-no-result","$v":"No music found"},{"$i":"playlists-shuffle-all","$v":"សាប់​ទាំងអស់"},{"$i":"playlists-highest-rated","$v":"វាយ​តម្លៃ​ខ្ពស់​ជាង​គេ"},{"$i":"playlists-recently-added","$v":"បាន​បន្ថែម​ថ្មីៗ"},{"$i":"playlists-most-played","$v":"បាន​ចាក់​ច្រើន​បំផុត"},{"$i":"playlists-least-played","$v":"បាន​ចាក់​តិច​ជាង​គេ"},{"$i":"picker-title","$v":"ជ្រើស​​បទ​ភ្លេង"},{"$i":"save","$v":"រក្សាទុក"},{"$i":"saved","$v":["បាន​រក្សាទុក ",{"t":"idOrVar","v":"title"}," ទៅ​តន្ត្រី"]},{"$i":"audioinvalid","$v":"មិន​អាច​ចាក់​សំឡេង៖ ទ្រង់ទ្រាយ​មិន​ត្រូវ​បាន​គាំទ្រ ឬ​ឯកសារ​មិន​ត្រឹមត្រូវ។"},{"$i":"overlay-cancel-button","$v":"បោះបង់"},{"$i":"music-paused-notification","$v":"បាន​ផ្អាក​តន្ត្រី​អំឡុង​ពេល​​ហៅ"},{"$i":"done","$v":"Done"},{"$i":"share-song","ariaLabel":"Share"},{"$i":"player-album-rating","ariaLabel":"Rating"},{"$i":"rating-star","ariaLabel":{"$x":[{"t":"idOrVar","v":"plural"},"n"],"$v":{"zero":[{"t":"idOrVar","v":"n"}," stars"],"one":[{"t":"idOrVar","v":"n"}," star"],"two":[{"t":"idOrVar","v":"n"}," stars"],"few":[{"t":"idOrVar","v":"n"}," stars"],"many":[{"t":"idOrVar","v":"n"}," stars"],"other":[{"t":"idOrVar","v":"n"}," stars"]}}},{"$i":"go-to-player-view","ariaLabel":"Go to player view"},{"$i":"repeat-off","ariaLabel":"Repeat off"},{"$i":"repeat-list","ariaLabel":"Repeat all"},{"$i":"repeat-song","ariaLabel":"Repeat track"},{"$i":"shuffle-toggle","ariaLabel":"Shuffle"},{"$i":"mix-tab","ariaLabel":"Mix"},{"$i":"playlists-tab","ariaLabel":"Playlists"},{"$i":"artists-tab","ariaLabel":"Artists"},{"$i":"albums-tab","ariaLabel":"Albums"},{"$i":"songs-tab","ariaLabel":"Songs"},{"$i":"playbackPlay","ariaLabel":"Play"},{"$i":"playbackPause","ariaLabel":"Pause"},{"$i":"playbackNext","ariaLabel":"Next"},{"$i":"playbackPrevious","ariaLabel":"Previous"},{"$i":"playbackFullscreen","ariaLabel":"Fullscreen"},{"$i":"playbackSeekBar","ariaLabel":["Seek bar, duration ",{"t":"idOrVar","v":"duration"}]}]