[{"$i":"music","$v":"음악"},{"$i":"mix","$v":"믹스"},{"$i":"playlists","$v":"재생 목록"},{"$i":"artists","$v":"아티스트"},{"$i":"albums","$v":"앨범"},{"$i":"songs","$v":"노래"},{"$i":"more","$v":"자세히"},{"$i":"songArtist","$v":"노래 아티스트"},{"$i":"songAlbum","$v":"노래 앨범"},{"$i":"unknownArtist","$v":"알 수 없는 아티스트"},{"$i":"unknownAlbum","$v":"알 수 없는 앨범"},{"$i":"unknownTitle","$v":"알 수 없는 제목"},{"$i":"empty-title","$v":"음악 파일 가져오기"},{"$i":"empty-text","$v":"메모리 카드에서 음악 파일을 불러옵니다."},{"$i":"nocard2-title","$v":"메모리 카드 찾지 못함"},{"$i":"nocard3-text","$v":"음악를 듣기 위해 메모리카드를 삽입하십시오."},{"$i":"pluggedin-title","$v":"폰이 연결되어 있으면 음악앱 사용할수 없음"},{"$i":"pluggedin-text","$v":"음악을 재생하려면 폰을 빼주시기 바랍니다."},{"$i":"upgrade-title","$v":"데이터베이스 업그레이드"},{"$i":"upgrade-text","$v":"음악 데이터베이스를 업데이트하고 있습니다. 잠시 기다려 주세요."},{"$i":"search-music","placeholder":"음악 검색"},{"$i":"search-cancel","$v":"취소"},{"$i":"search-artists","$v":"아티스트"},{"$i":"search-albums","$v":"앨범"},{"$i":"search-titles","$v":"제목"},{"$i":"search-close","$v":"닫기"},{"$i":"search-no-result","$v":"No music found"},{"$i":"playlists-shuffle-all","$v":"모두 섞기"},{"$i":"playlists-highest-rated","$v":"별점이 높은 곡"},{"$i":"playlists-recently-added","$v":"최근 추가한 곡"},{"$i":"playlists-most-played","$v":"가장 많이 재생한 곡"},{"$i":"playlists-least-played","$v":"가장 적게 재생한 곡"},{"$i":"picker-title","$v":"노래 선택"},{"$i":"save","$v":"저장"},{"$i":"saved","$v":["음악 앱에 ",{"t":"idOrVar","v":"title"}," 저장함"]},{"$i":"audioinvalid","$v":"재생할 수 없음: 파일이 손상되었거나 지원하지 않는 형식입니다."},{"$i":"overlay-cancel-button","$v":"취소"},{"$i":"music-paused-notification","$v":"통화하는 동안 음악 잠시 멈춤"},{"$i":"done","$v":"완료"},{"$i":"share-song","ariaLabel":"Share"},{"$i":"player-album-rating","ariaLabel":"Rating"},{"$i":"rating-star","ariaLabel":{"$x":[{"t":"idOrVar","v":"plural"},"n"],"$v":{"zero":[{"t":"idOrVar","v":"n"}," stars"],"one":[{"t":"idOrVar","v":"n"}," star"],"two":[{"t":"idOrVar","v":"n"}," stars"],"few":[{"t":"idOrVar","v":"n"}," stars"],"many":[{"t":"idOrVar","v":"n"}," stars"],"other":[{"t":"idOrVar","v":"n"}," stars"]}}},{"$i":"go-to-player-view","ariaLabel":"Go to player view"},{"$i":"repeat-off","ariaLabel":"Repeat off"},{"$i":"repeat-list","ariaLabel":"Repeat all"},{"$i":"repeat-song","ariaLabel":"Repeat track"},{"$i":"shuffle-toggle","ariaLabel":"Shuffle"},{"$i":"mix-tab","ariaLabel":"Mix"},{"$i":"playlists-tab","ariaLabel":"Playlists"},{"$i":"artists-tab","ariaLabel":"Artists"},{"$i":"albums-tab","ariaLabel":"Albums"},{"$i":"songs-tab","ariaLabel":"Songs"},{"$i":"playbackPlay","ariaLabel":"Play"},{"$i":"playbackPause","ariaLabel":"Pause"},{"$i":"playbackNext","ariaLabel":"Next"},{"$i":"playbackPrevious","ariaLabel":"Previous"},{"$i":"playbackFullscreen","ariaLabel":"Fullscreen"},{"$i":"playbackSeekBar","ariaLabel":["Seek bar, duration ",{"t":"idOrVar","v":"duration"}]}]