[{"$i":"music","$v":"Muzika"},{"$i":"mix","$v":"Maišyti"},{"$i":"playlists","$v":"Grojaraštis"},{"$i":"artists","$v":"Atlikėjai"},{"$i":"albums","$v":"Albumai"},{"$i":"songs","$v":"Dainos"},{"$i":"more","$v":"Daugiau"},{"$i":"songArtist","$v":"Dainos atlikėjas"},{"$i":"songAlbum","$v":"Dainos albumas"},{"$i":"unknownArtist","$v":"Nežinomas atlikėjas"},{"$i":"unknownAlbum","$v":"Nežinomas albumas"},{"$i":"unknownTitle","$v":"Nežinomas kūrinys"},{"$i":"empty-title","$v":"Įrenginyje nėra dainų"},{"$i":"empty-text","$v":"Įrašykite dainų į atminties kortelę."},{"$i":"nocard2-title","$v":"Neaptikta atminties kortelė"},{"$i":"nocard3-text","$v":"Norėdami klausytis muzikos, įdėkite atminties kortelę."},{"$i":"pluggedin-title","$v":"Muzika neprieinama, kol įrenginys prijungtas"},{"$i":"pluggedin-text","$v":"Jeigu norite klausytis muzikos, atjunkite šį įrenginį nuo kitų."},{"$i":"upgrade-title","$v":"Naujinama duomenų bazė"},{"$i":"upgrade-text","$v":"Luktelėkite, kol programa atnaujins savo duomenų bazę."},{"$i":"search-music","placeholder":"Ieškoti muzikos"},{"$i":"search-cancel","$v":"Atsisakyti"},{"$i":"search-artists","$v":"Atlikėjai"},{"$i":"search-albums","$v":"Albumai"},{"$i":"search-titles","$v":"Kūriniai"},{"$i":"search-close","$v":"užverti"},{"$i":"search-no-result","$v":"No music found"},{"$i":"playlists-shuffle-all","$v":"Maišyti visus"},{"$i":"playlists-highest-rated","$v":"Geriausiai įvertinti"},{"$i":"playlists-recently-added","$v":"Paskiausiai pridėti"},{"$i":"playlists-most-played","$v":"Dažniausiai grojami"},{"$i":"playlists-least-played","$v":"Mažiausiai grojami"},{"$i":"picker-title","$v":"Pasirinkite kūrinė"},{"$i":"save","$v":"Įrašyti"},{"$i":"saved","$v":["Kūrinys „",{"t":"idOrVar","v":"title"},"“ įrašytas į Muzikos aplanką"]},{"$i":"audioinvalid","$v":"Įrašo atkurti nepavyko – nepalaikomas jo formatas arba failas yra sugadintas."},{"$i":"overlay-cancel-button","$v":"Atsisakyti"},{"$i":"music-paused-notification","$v":"Muzika pristabdyta skambučio metu"},{"$i":"done","$v":"Baigta"},{"$i":"share-song","ariaLabel":"Share"},{"$i":"player-album-rating","ariaLabel":"Rating"},{"$i":"rating-star","ariaLabel":{"$x":[{"t":"idOrVar","v":"plural"},"n"],"$v":{"zero":[{"t":"idOrVar","v":"n"}," stars"],"one":[{"t":"idOrVar","v":"n"}," star"],"two":[{"t":"idOrVar","v":"n"}," stars"],"few":[{"t":"idOrVar","v":"n"}," stars"],"many":[{"t":"idOrVar","v":"n"}," stars"],"other":[{"t":"idOrVar","v":"n"}," stars"]}}},{"$i":"go-to-player-view","ariaLabel":"Go to player view"},{"$i":"repeat-off","ariaLabel":"Repeat off"},{"$i":"repeat-list","ariaLabel":"Repeat all"},{"$i":"repeat-song","ariaLabel":"Repeat track"},{"$i":"shuffle-toggle","ariaLabel":"Shuffle"},{"$i":"mix-tab","ariaLabel":"Mix"},{"$i":"playlists-tab","ariaLabel":"Playlists"},{"$i":"artists-tab","ariaLabel":"Artists"},{"$i":"albums-tab","ariaLabel":"Albums"},{"$i":"songs-tab","ariaLabel":"Songs"},{"$i":"playbackPlay","ariaLabel":"Play"},{"$i":"playbackPause","ariaLabel":"Pause"},{"$i":"playbackNext","ariaLabel":"Next"},{"$i":"playbackPrevious","ariaLabel":"Previous"},{"$i":"playbackFullscreen","ariaLabel":"Fullscreen"},{"$i":"playbackSeekBar","ariaLabel":["Seek bar, duration ",{"t":"idOrVar","v":"duration"}]}]