[{"$i":"music","$v":"Музика"},{"$i":"mix","$v":"Микс"},{"$i":"playlists","$v":"Список со песни"},{"$i":"artists","$v":"Изведувачи"},{"$i":"albums","$v":"Албуми"},{"$i":"songs","$v":"Песни"},{"$i":"more","$v":"Повеќе"},{"$i":"songArtist","$v":"Песна на изведувач"},{"$i":"songAlbum","$v":"Песна од албум"},{"$i":"unknownArtist","$v":"Непознат изведувач"},{"$i":"unknownAlbum","$v":"Непознат албум"},{"$i":"unknownTitle","$v":"Непознат наслов"},{"$i":"empty-title","$v":"Додајте песни за да започнете"},{"$i":"empty-text","$v":"Се вчитуваат песните од мемориската картичка."},{"$i":"nocard2-title","$v":"Нема мемориска картичка"},{"$i":"nocard3-text","$v":"Внесете мемориска картичка да слушате песни."},{"$i":"pluggedin-title","$v":"Не може да слушате музика додека телефонот е вклучен"},{"$i":"pluggedin-text","$v":"Извадете го кабелот за да слушате музика."},{"$i":"upgrade-title","$v":"Надградба на база"},{"$i":"upgrade-text","$v":"Ве молам почекајте додека Музика ја ажурира својата база на податоци."},{"$i":"search-music","placeholder":"Пребарај за музика"},{"$i":"search-cancel","$v":"Откажи"},{"$i":"search-artists","$v":"Изведувачи"},{"$i":"search-albums","$v":"Албуми"},{"$i":"search-titles","$v":"Песни"},{"$i":"search-close","$v":"затвори"},{"$i":"search-no-result","$v":"No music found"},{"$i":"playlists-shuffle-all","$v":"Измешај сѐ"},{"$i":"playlists-highest-rated","$v":"Највисоко рангирани"},{"$i":"playlists-recently-added","$v":"Скоро додадени"},{"$i":"playlists-most-played","$v":"Најчесто слушани"},{"$i":"playlists-least-played","$v":"Најмалку слушани"},{"$i":"picker-title","$v":"Избери песна"},{"$i":"save","$v":"Сними"},{"$i":"saved","$v":[{"t":"idOrVar","v":"title"}," е снимено во музика"]},{"$i":"audioinvalid","$v":"Аудиото не може да се пушти. Форматот не е поддржан или датотеката не е валидна."},{"$i":"overlay-cancel-button","$v":"Откажи"},{"$i":"music-paused-notification","$v":"Музиката е паузира додека е во тек повик."},{"$i":"done","$v":"Done"},{"$i":"share-song","ariaLabel":"Share"},{"$i":"player-album-rating","ariaLabel":"Rating"},{"$i":"rating-star","ariaLabel":{"$x":[{"t":"idOrVar","v":"plural"},"n"],"$v":{"zero":[{"t":"idOrVar","v":"n"}," stars"],"one":[{"t":"idOrVar","v":"n"}," star"],"two":[{"t":"idOrVar","v":"n"}," stars"],"few":[{"t":"idOrVar","v":"n"}," stars"],"many":[{"t":"idOrVar","v":"n"}," stars"],"other":[{"t":"idOrVar","v":"n"}," stars"]}}},{"$i":"go-to-player-view","ariaLabel":"Go to player view"},{"$i":"repeat-off","ariaLabel":"Repeat off"},{"$i":"repeat-list","ariaLabel":"Repeat all"},{"$i":"repeat-song","ariaLabel":"Repeat track"},{"$i":"shuffle-toggle","ariaLabel":"Shuffle"},{"$i":"mix-tab","ariaLabel":"Mix"},{"$i":"playlists-tab","ariaLabel":"Playlists"},{"$i":"artists-tab","ariaLabel":"Artists"},{"$i":"albums-tab","ariaLabel":"Albums"},{"$i":"songs-tab","ariaLabel":"Songs"},{"$i":"playbackPlay","ariaLabel":"Play"},{"$i":"playbackPause","ariaLabel":"Pause"},{"$i":"playbackNext","ariaLabel":"Next"},{"$i":"playbackPrevious","ariaLabel":"Previous"},{"$i":"playbackFullscreen","ariaLabel":"Fullscreen"},{"$i":"playbackSeekBar","ariaLabel":["Seek bar, duration ",{"t":"idOrVar","v":"duration"}]}]