[{"$i":"music","$v":"Muzik"},{"$i":"mix","$v":"Campur"},{"$i":"playlists","$v":"Senarai main"},{"$i":"artists","$v":"Artis"},{"$i":"albums","$v":"Album"},{"$i":"songs","$v":"Lagu"},{"$i":"more","$v":"Lagi"},{"$i":"songArtist","$v":"Artis lagu"},{"$i":"songAlbum","$v":"Album lagu"},{"$i":"unknownArtist","$v":"Artis tidak dikenali"},{"$i":"unknownAlbum","$v":"Album tidak dikenali"},{"$i":"unknownTitle","$v":"Judul tidak dikenali"},{"$i":"empty-title","$v":"Tambah lagu untuk memulakan"},{"$i":"empty-text","$v":"Memuat lagu pada kad memori."},{"$i":"nocard2-title","$v":"Kad memori tidak ditemui"},{"$i":"nocard3-text","$v":"Masukkan kad memori untuk mendengar lagu."},{"$i":"pluggedin-title","$v":"Muzik tidak boleh digunakan ketika telefon dipalam"},{"$i":"pluggedin-text","$v":"Cabut plug telefon untuk memainkan muzik."},{"$i":"upgrade-title","$v":"Naiktaraf Pangkalan Data"},{"$i":"upgrade-text","$v":"SIla tunggu sementara Muzik menaiktaraf pangkalan datanya."},{"$i":"search-music","placeholder":"Cari Muzik"},{"$i":"search-cancel","$v":"Batal"},{"$i":"search-artists","$v":"Artis"},{"$i":"search-albums","$v":"Album"},{"$i":"search-titles","$v":"Trek"},{"$i":"search-close","$v":"tutup"},{"$i":"search-no-result","$v":"No music found"},{"$i":"playlists-shuffle-all","$v":"Kocok semua"},{"$i":"playlists-highest-rated","$v":"Taraf tertinggi"},{"$i":"playlists-recently-added","$v":"Baru-baru ditambah"},{"$i":"playlists-most-played","$v":"Sering dimainkan"},{"$i":"playlists-least-played","$v":"Jarang dimainkan"},{"$i":"picker-title","$v":"Pilih trek"},{"$i":"save","$v":"Simpan"},{"$i":"saved","$v":["Simpan ",{"t":"idOrVar","v":"title"}," kepada Muzik"]},{"$i":"audioinvalid","$v":"Audio tidak dapat dimainkan: format tidak disokong atau fail tidak sah."},{"$i":"overlay-cancel-button","$v":"Batal"},{"$i":"music-paused-notification","$v":"Muzik dijeda ketika panggilan"},{"$i":"done","$v":"Selesai"},{"$i":"share-song","ariaLabel":"Share"},{"$i":"player-album-rating","ariaLabel":"Rating"},{"$i":"rating-star","ariaLabel":{"$x":[{"t":"idOrVar","v":"plural"},"n"],"$v":{"zero":[{"t":"idOrVar","v":"n"}," stars"],"one":[{"t":"idOrVar","v":"n"}," star"],"two":[{"t":"idOrVar","v":"n"}," stars"],"few":[{"t":"idOrVar","v":"n"}," stars"],"many":[{"t":"idOrVar","v":"n"}," stars"],"other":[{"t":"idOrVar","v":"n"}," stars"]}}},{"$i":"go-to-player-view","ariaLabel":"Go to player view"},{"$i":"repeat-off","ariaLabel":"Repeat off"},{"$i":"repeat-list","ariaLabel":"Repeat all"},{"$i":"repeat-song","ariaLabel":"Repeat track"},{"$i":"shuffle-toggle","ariaLabel":"Shuffle"},{"$i":"mix-tab","ariaLabel":"Mix"},{"$i":"playlists-tab","ariaLabel":"Playlists"},{"$i":"artists-tab","ariaLabel":"Artists"},{"$i":"albums-tab","ariaLabel":"Albums"},{"$i":"songs-tab","ariaLabel":"Songs"},{"$i":"playbackPlay","ariaLabel":"Play"},{"$i":"playbackPause","ariaLabel":"Pause"},{"$i":"playbackNext","ariaLabel":"Next"},{"$i":"playbackPrevious","ariaLabel":"Previous"},{"$i":"playbackFullscreen","ariaLabel":"Fullscreen"},{"$i":"playbackSeekBar","ariaLabel":["Seek bar, duration ",{"t":"idOrVar","v":"duration"}]}]