[{"$i":"music","$v":"सङ्गित"},{"$i":"mix","$v":"मिश्रण"},{"$i":"playlists","$v":"बजाऊने सुचि"},{"$i":"artists","$v":"संगीतकारहरू"},{"$i":"albums","$v":"एल्बमहरू"},{"$i":"songs","$v":"गीतहरू"},{"$i":"more","$v":"अरु"},{"$i":"songArtist","$v":"गीतकार"},{"$i":"songAlbum","$v":"गीत एल्बम"},{"$i":"unknownArtist","$v":"अज्ञात कलाकार"},{"$i":"unknownAlbum","$v":"अज्ञात एल्बम"},{"$i":"unknownTitle","$v":"अज्ञात शीर्षक"},{"$i":"empty-title","$v":"सुरु हुनका लागि गीतहरु थप्नुहोस्"},{"$i":"empty-text","$v":"गीतहरुलाई मेमोरी कार्डमा लोड गर्नुहोस्।"},{"$i":"nocard2-title","$v":"मेमोरी कार्ड भेटिएन"},{"$i":"nocard3-text","$v":"गीतहरु सुन्नका लागि मेमोरी कार्ड घुसाउनुहोस्।"},{"$i":"pluggedin-title","$v":"फोन जोडिएको बेलामा सङ्गित सुन्न सकिदैन"},{"$i":"pluggedin-text","$v":"सङ्गित सुन्नका लागि फोनलाई छुटाउनुहोस्।"},{"$i":"upgrade-title","$v":"डेटाबेस स्तरवृद्धि"},{"$i":"upgrade-text","$v":"कृपया सङ्गितको डेटाबेस अद्यावधिक हुदै गर्दा प्रतिक्षा गर्नुहोस्।"},{"$i":"search-music","placeholder":"सङ्गित खोजी"},{"$i":"search-cancel","$v":"रद्द गर्नुहोस्"},{"$i":"search-artists","$v":"संगीतकारहरू"},{"$i":"search-albums","$v":"एल्बमहरू"},{"$i":"search-titles","$v":"ट्रयाकहरू"},{"$i":"search-close","$v":"बन्द गर्नुहोस्"},{"$i":"search-no-result","$v":"No music found"},{"$i":"playlists-shuffle-all","$v":"सबै मिसाउनुहोस्"},{"$i":"playlists-highest-rated","$v":"उच्च दर"},{"$i":"playlists-recently-added","$v":"हालसालै थपिएको"},{"$i":"playlists-most-played","$v":"अधिक सुनिएको"},{"$i":"playlists-least-played","$v":"थोरै सुनिएको"},{"$i":"picker-title","$v":"एउटा ट्रयाक चयन गर्नुहोस्"},{"$i":"save","$v":"बचत गर्नुहोस्"},{"$i":"saved","$v":[{"t":"idOrVar","v":"title"}," सङ्गितमा बचत गरिएको छ"]},{"$i":"audioinvalid","$v":"ध्वनि बजाउन सकिएन: स्वरूप असमर्थित वा फाइल अवैधानिक।"},{"$i":"overlay-cancel-button","$v":"रद्द गर्नुहोस्"},{"$i":"music-paused-notification","$v":"कलको समयमा सङ्गित रोकिएको छ"},{"$i":"done","$v":"गरियो"},{"$i":"share-song","ariaLabel":"Share"},{"$i":"player-album-rating","ariaLabel":"Rating"},{"$i":"rating-star","ariaLabel":{"$x":[{"t":"idOrVar","v":"plural"},"n"],"$v":{"zero":[{"t":"idOrVar","v":"n"}," stars"],"one":[{"t":"idOrVar","v":"n"}," star"],"two":[{"t":"idOrVar","v":"n"}," stars"],"few":[{"t":"idOrVar","v":"n"}," stars"],"many":[{"t":"idOrVar","v":"n"}," stars"],"other":[{"t":"idOrVar","v":"n"}," stars"]}}},{"$i":"go-to-player-view","ariaLabel":"Go to player view"},{"$i":"repeat-off","ariaLabel":"Repeat off"},{"$i":"repeat-list","ariaLabel":"Repeat all"},{"$i":"repeat-song","ariaLabel":"Repeat track"},{"$i":"shuffle-toggle","ariaLabel":"Shuffle"},{"$i":"mix-tab","ariaLabel":"Mix"},{"$i":"playlists-tab","ariaLabel":"Playlists"},{"$i":"artists-tab","ariaLabel":"Artists"},{"$i":"albums-tab","ariaLabel":"Albums"},{"$i":"songs-tab","ariaLabel":"Songs"},{"$i":"playbackPlay","ariaLabel":"Play"},{"$i":"playbackPause","ariaLabel":"Pause"},{"$i":"playbackNext","ariaLabel":"Next"},{"$i":"playbackPrevious","ariaLabel":"Previous"},{"$i":"playbackFullscreen","ariaLabel":"Fullscreen"},{"$i":"playbackSeekBar","ariaLabel":["Seek bar, duration ",{"t":"idOrVar","v":"duration"}]}]