[{"$i":"music","$v":"Muziek"},{"$i":"mix","$v":"Mix"},{"$i":"playlists","$v":"Afspeellijst"},{"$i":"artists","$v":"Artiesten"},{"$i":"albums","$v":"Albums"},{"$i":"songs","$v":"Nummers"},{"$i":"more","$v":"Meer"},{"$i":"songArtist","$v":"Artiest"},{"$i":"songAlbum","$v":"Album"},{"$i":"unknownArtist","$v":"Onbekende artiest"},{"$i":"unknownAlbum","$v":"Onbekend album"},{"$i":"unknownTitle","$v":"Onbekende titel"},{"$i":"empty-title","$v":"Voeg nummers toe om te beginnen"},{"$i":"empty-text","$v":"Plaats nummers op de geheugenkaart."},{"$i":"nocard2-title","$v":"Geen geheugenkaart gevonden"},{"$i":"nocard3-text","$v":"Plaats een geheugenkaart om naar nummers te luisteren."},{"$i":"pluggedin-title","$v":"Muziek kan niet worden gebruikt bij aangesloten telefoon"},{"$i":"pluggedin-text","$v":"Ontkoppel de telefoon om muziek af te spelen."},{"$i":"upgrade-title","$v":"Database-upgrade"},{"$i":"upgrade-text","$v":"Een moment, database van Muziek wordt bijgewerkt."},{"$i":"search-music","placeholder":"Muziek zoeken"},{"$i":"search-cancel","$v":"Annuleren"},{"$i":"search-artists","$v":"Artiesten"},{"$i":"search-albums","$v":"Albums"},{"$i":"search-titles","$v":"Nummers"},{"$i":"search-close","$v":"sluiten"},{"$i":"search-no-result","$v":"Geen muziek gevonden"},{"$i":"playlists-shuffle-all","$v":"Alles willekeurig"},{"$i":"playlists-highest-rated","$v":"Meest gewaardeerd"},{"$i":"playlists-recently-added","$v":"Onlangs toegevoegd"},{"$i":"playlists-most-played","$v":"Meest afgespeeld"},{"$i":"playlists-least-played","$v":"Minst afgespeeld"},{"$i":"picker-title","$v":"Selecteer een nummer"},{"$i":"save","$v":"Opslaan"},{"$i":"saved","$v":[{"t":"idOrVar","v":"title"}," opgeslagen in Muziek"]},{"$i":"audioinvalid","$v":"Audio kan niet worden afgespeeld: de indeling wordt niet ondersteund of het bestand is ongeldig."},{"$i":"overlay-cancel-button","$v":"Annuleren"},{"$i":"music-paused-notification","$v":"Muziek gepauzeerd tijdens gesprek"},{"$i":"done","$v":"Gereed"},{"$i":"share-song","ariaLabel":"Delen"},{"$i":"player-album-rating","ariaLabel":"Waardering"},{"$i":"rating-star","ariaLabel":{"$x":[{"t":"idOrVar","v":"plural"},"n"],"$v":{"zero":[{"t":"idOrVar","v":"n"}," sterren"],"one":[{"t":"idOrVar","v":"n"}," ster"],"two":[{"t":"idOrVar","v":"n"}," sterren"],"few":[{"t":"idOrVar","v":"n"}," sterren"],"many":[{"t":"idOrVar","v":"n"}," sterren"],"other":[{"t":"idOrVar","v":"n"}," sterren"]}}},{"$i":"go-to-player-view","ariaLabel":"Go to player view"},{"$i":"repeat-off","ariaLabel":"Repeat off"},{"$i":"repeat-list","ariaLabel":"Repeat all"},{"$i":"repeat-song","ariaLabel":"Repeat track"},{"$i":"shuffle-toggle","ariaLabel":"Shuffle"},{"$i":"mix-tab","ariaLabel":"Mix"},{"$i":"playlists-tab","ariaLabel":"Playlists"},{"$i":"artists-tab","ariaLabel":"Artists"},{"$i":"albums-tab","ariaLabel":"Albums"},{"$i":"songs-tab","ariaLabel":"Songs"},{"$i":"playbackPlay","ariaLabel":"Afspelen"},{"$i":"playbackPause","ariaLabel":"Pauzeren"},{"$i":"playbackNext","ariaLabel":"Next"},{"$i":"playbackPrevious","ariaLabel":"Previous"},{"$i":"playbackFullscreen","ariaLabel":"Volledig scherm"},{"$i":"playbackSeekBar","ariaLabel":["Zoekbalk, duur ",{"t":"idOrVar","v":"duration"}]}]