[{"$i":"music","$v":"ਸੰਗੀਤ"},{"$i":"mix","$v":"ਰਲਵੇਂ"},{"$i":"playlists","$v":"ਪਲੇਅਲਿਸਟ"},{"$i":"artists","$v":"ਕਲਾਕਾਰ"},{"$i":"albums","$v":"ਐਲਬਮ"},{"$i":"songs","$v":"ਗੀਤ"},{"$i":"more","$v":"ਹੋਰ"},{"$i":"songArtist","$v":"ਗੀਤ ਕਲਾਕਾਰ"},{"$i":"songAlbum","$v":"ਗੀਤ ਐਲਬਮ"},{"$i":"unknownArtist","$v":"ਅਣਜਾਣ ਕਲਾਕਾਰ"},{"$i":"unknownAlbum","$v":"ਅਣਜਾਣ ਐਲਬਮ"},{"$i":"unknownTitle","$v":"ਅਣਜਾਣ ਨਾਂ"},{"$i":"empty-title","$v":"ਸ਼ੁਰੂ ਕਰਨ ਲਈ ਗੀਤ ਜੋੜੋ"},{"$i":"empty-text","$v":"ਮੈਮੋਰੀ ਕਾਰਡ ਤੋਂ ਗੀਤ ਲੋਡ ਕਰੋ।"},{"$i":"nocard2-title","$v":"ਮੈਮੋਰੀ ਕਾਰਡ ਨਹੀਂ ਲੱਭਿਆ"},{"$i":"nocard3-text","$v":"ਗਾਣੇ ਸੁਣਨ ਲਈ ਮੈਮੋਰੀ ਕਾਰਡ ਪਾਉ।"},{"$i":"pluggedin-title","$v":"ਫੋਨ ਦਾ ਪਲੱਗ ਲੱਗਾ ਹੋਣ ਦੇ ਦੌਰਾਨ ਸੰਗੀਤ ਸੁਣਿਆ ਨਹੀਂ ਜਾ ਸਕਦਾ"},{"$i":"pluggedin-text","$v":"ਸੰਗੀਤ ਸੁਣਨ ਲਈ ਫੋਨ ਦਾ ਪਲੱਗ ਕੱਢੋ।"},{"$i":"upgrade-title","$v":"ਡਾਟਾਬੇਸ ਅੱਪਗਰੇਡ"},{"$i":"upgrade-text","$v":"ਸੰਗੀਤ ਨੂੰ ਆਪਣਾ ਡਾਟਾਬੇਸ ਅੱਪਡੇਟ ਕਰਨ ਦੌਰਾਨ ਉਡੀਕੋ ਜੀ।"},{"$i":"search-music","placeholder":"ਸੰਗੀਤ ਖੋਜ"},{"$i":"search-cancel","$v":"ਰੱਦ ਕਰੋ"},{"$i":"search-artists","$v":"ਕਲਾਕਾਰ"},{"$i":"search-albums","$v":"ਐਲਬਮ"},{"$i":"search-titles","$v":"ਟਰੈਕ"},{"$i":"search-close","$v":"ਬੰਦ ਕਰੋ"},{"$i":"search-no-result","$v":"No music found"},{"$i":"playlists-shuffle-all","$v":"ਸਭ ਰਲਾਉ"},{"$i":"playlists-highest-rated","$v":"ਸਭ ਤੋਂ ਵੱਧ ਰੇਟ ਕੀਤੇ"},{"$i":"playlists-recently-added","$v":"ਤਾਜ਼ਾ ਸ਼ਾਮਿਲ ਕੀਤੇ"},{"$i":"playlists-most-played","$v":"ਸਭ ਤੋਂ ਵੱਧ ਚਲਾਏ"},{"$i":"playlists-least-played","$v":"ਸਭ ਤੋਂ ਘੱਟ ਚਲਾਏ"},{"$i":"picker-title","$v":"ਟਰੈਕ ਚੁਣੋ"},{"$i":"save","$v":"ਸੰਭਾਲੋ"},{"$i":"saved","$v":[{"t":"idOrVar","v":"title"}," ਸੰਗੀਤ ਵਿੱਚ ਸੰਭਾਲਿਆ"]},{"$i":"audioinvalid","$v":"ਆਡੀਓ ਚਲਾਇਆ ਨਹੀਂ ਜਾ ਸਕਦਾ: ਫਾਰਮੈਟ ਸਹਾਇਕ ਨਹੀਂ ਹੈ ਜਾਂ ਫਾਇਲ ਗਲਤ ਹੈ।"},{"$i":"overlay-cancel-button","$v":"ਰੱਦ ਕਰੋ"},{"$i":"music-paused-notification","$v":"ਕਾਲ ਦੇ ਦੌਰਾਨ ਸੰਗੀਤ ਵਿਰਾਮ ਹੁੰਦਾ ਹੈ"},{"$i":"done","$v":"ਮੁਕੰਮਲ"},{"$i":"share-song","ariaLabel":"Share"},{"$i":"player-album-rating","ariaLabel":"Rating"},{"$i":"rating-star","ariaLabel":{"$x":[{"t":"idOrVar","v":"plural"},"n"],"$v":{"zero":[{"t":"idOrVar","v":"n"}," stars"],"one":[{"t":"idOrVar","v":"n"}," star"],"two":[{"t":"idOrVar","v":"n"}," stars"],"few":[{"t":"idOrVar","v":"n"}," stars"],"many":[{"t":"idOrVar","v":"n"}," stars"],"other":[{"t":"idOrVar","v":"n"}," stars"]}}},{"$i":"go-to-player-view","ariaLabel":"Go to player view"},{"$i":"repeat-off","ariaLabel":"Repeat off"},{"$i":"repeat-list","ariaLabel":"Repeat all"},{"$i":"repeat-song","ariaLabel":"Repeat track"},{"$i":"shuffle-toggle","ariaLabel":"Shuffle"},{"$i":"mix-tab","ariaLabel":"Mix"},{"$i":"playlists-tab","ariaLabel":"Playlists"},{"$i":"artists-tab","ariaLabel":"Artists"},{"$i":"albums-tab","ariaLabel":"Albums"},{"$i":"songs-tab","ariaLabel":"Songs"},{"$i":"playbackPlay","ariaLabel":"Play"},{"$i":"playbackPause","ariaLabel":"Pause"},{"$i":"playbackNext","ariaLabel":"Next"},{"$i":"playbackPrevious","ariaLabel":"Previous"},{"$i":"playbackFullscreen","ariaLabel":"Fullscreen"},{"$i":"playbackSeekBar","ariaLabel":["Seek bar, duration ",{"t":"idOrVar","v":"duration"}]}]