[{"$i":"music","$v":"Muzyka"},{"$i":"mix","$v":"Pomieszane"},{"$i":"playlists","$v":"Listy"},{"$i":"artists","$v":"Artyści"},{"$i":"albums","$v":"Albumy"},{"$i":"songs","$v":"Utwory"},{"$i":"more","$v":"Więcej"},{"$i":"songArtist","$v":"Artysta"},{"$i":"songAlbum","$v":"Album"},{"$i":"unknownArtist","$v":"Nieznany artysta"},{"$i":"unknownAlbum","$v":"Nieznany album"},{"$i":"unknownTitle","$v":"Nieznany tytuł"},{"$i":"empty-title","$v":"Dodaj muzykę, aby zacząć"},{"$i":"empty-text","$v":"Wgraj pliki z muzyką na kartę pamięci."},{"$i":"nocard2-title","$v":"Brak karty pamięci"},{"$i":"nocard3-text","$v":"Aby słuchać muzyki, należy włożyć kartę pamięci."},{"$i":"pluggedin-title","$v":"Nie można słuchać muzyki podczas ładowania"},{"$i":"pluggedin-text","$v":"Należy odłączyć telefon, aby odtwarzać muzykę."},{"$i":"upgrade-title","$v":"Aktualizacja bazy danych"},{"$i":"upgrade-text","$v":"Poczekaj, aż aplikacja Muzyka uaktualni swoją bazę danych."},{"$i":"search-music","placeholder":"Wyszukaj muzykę"},{"$i":"search-cancel","$v":"Anuluj"},{"$i":"search-artists","$v":"Artyści"},{"$i":"search-albums","$v":"Albumy"},{"$i":"search-titles","$v":"Utwory"},{"$i":"search-close","$v":"Zamknij"},{"$i":"search-no-result","$v":"Brak pasujących wyników"},{"$i":"playlists-shuffle-all","$v":"Losowe"},{"$i":"playlists-highest-rated","$v":"Najwyżej ocenione"},{"$i":"playlists-recently-added","$v":"Ostatnio dodane"},{"$i":"playlists-most-played","$v":"Najwięcej odtworzeń"},{"$i":"playlists-least-played","$v":"Najmniej odtworzeń"},{"$i":"picker-title","$v":"Zaznacz utwór"},{"$i":"save","$v":"Zapisz"},{"$i":"saved","$v":["„",{"t":"idOrVar","v":"title"},"” dodano do Muzyki"]},{"$i":"audioinvalid","$v":"Plik audio jest nieprawidłowy lub uszkodzony i nie może zostać odtworzony."},{"$i":"overlay-cancel-button","$v":"Anuluj"},{"$i":"music-paused-notification","$v":"Odtwarzanie zatrzymane podczas rozmowy"},{"$i":"done","$v":"Gotowe"},{"$i":"share-song","ariaLabel":"Udostępnij"},{"$i":"player-album-rating","ariaLabel":"Ocena"},{"$i":"rating-star","ariaLabel":{"$x":[{"t":"idOrVar","v":"plural"},"n"],"$v":{"zero":"Brak gwiazdek","one":"Jednak gwiazdka","two":"Dwie gwiazdki","few":[{"t":"idOrVar","v":"n"}," gwiazdki"],"many":[{"t":"idOrVar","v":"n"}," gwiazdek"],"other":[{"t":"idOrVar","v":"n"}," gwiazdek"]}}},{"$i":"go-to-player-view","ariaLabel":"Przejdź do okna odtwarzacza"},{"$i":"repeat-off","ariaLabel":"Wyłącz powtarzanie"},{"$i":"repeat-list","ariaLabel":"Powtarzaj wszystkie"},{"$i":"repeat-song","ariaLabel":"Powtarzaj ścieżkę"},{"$i":"shuffle-toggle","ariaLabel":"Shuffle"},{"$i":"mix-tab","ariaLabel":"Mix"},{"$i":"playlists-tab","ariaLabel":"Playlists"},{"$i":"artists-tab","ariaLabel":"Artists"},{"$i":"albums-tab","ariaLabel":"Albums"},{"$i":"songs-tab","ariaLabel":"Songs"},{"$i":"playbackPlay","ariaLabel":"Odtwarzaj"},{"$i":"playbackPause","ariaLabel":"Wstrzymaj"},{"$i":"playbackNext","ariaLabel":"Next"},{"$i":"playbackPrevious","ariaLabel":"Previous"},{"$i":"playbackFullscreen","ariaLabel":"Pełny ekran"},{"$i":"playbackSeekBar","ariaLabel":["Pasek postępu, czas ",{"t":"idOrVar","v":"duration"}]}]