[{"$i":"music","$v":"Músicas"},{"$i":"mix","$v":"Mix"},{"$i":"playlists","$v":"Listas"},{"$i":"artists","$v":"Artistas"},{"$i":"albums","$v":"Álbuns"},{"$i":"songs","$v":"Músicas"},{"$i":"more","$v":"Mais"},{"$i":"songArtist","$v":"Artista da música"},{"$i":"songAlbum","$v":"Álbum da música"},{"$i":"unknownArtist","$v":"Artista desconhecido"},{"$i":"unknownAlbum","$v":"Álbum desconhecido"},{"$i":"unknownTitle","$v":"Título desconhecido"},{"$i":"empty-title","$v":"Adicione músicas para começar"},{"$i":"empty-text","$v":"Copie músicas para o cartão de memória."},{"$i":"nocard2-title","$v":"Nenhum cartão de memória"},{"$i":"nocard3-text","$v":"Insira um cartão de memória para ouvir músicas."},{"$i":"pluggedin-title","$v":"Cartão de memória em uso"},{"$i":"pluggedin-text","$v":"Desplugue seu aparelho para usar este aplicativo."},{"$i":"upgrade-title","$v":"Atualizando dados"},{"$i":"upgrade-text","$v":"Por favor, aguarde enquanto os dados são atualizados."},{"$i":"search-music","placeholder":"Procurar músicas"},{"$i":"search-cancel","$v":"Cancelar"},{"$i":"search-artists","$v":"Artistas"},{"$i":"search-albums","$v":"Álbums"},{"$i":"search-titles","$v":"Faixas"},{"$i":"search-close","$v":"fechar"},{"$i":"search-no-result","$v":"No music found"},{"$i":"playlists-shuffle-all","$v":"Misturar tudo"},{"$i":"playlists-highest-rated","$v":"Melhor avaliadas"},{"$i":"playlists-recently-added","$v":"Adicionadas recentemente"},{"$i":"playlists-most-played","$v":"Mais tocadas"},{"$i":"playlists-least-played","$v":"Menos tocadas"},{"$i":"picker-title","$v":"Selecione uma faixa"},{"$i":"save","$v":"Salvar"},{"$i":"saved","$v":[{"t":"idOrVar","v":"title"}," salva em Músicas"]},{"$i":"audioinvalid","$v":"O áudio não pode ser reproduzido: o formato não é suportado ou o arquivo é inválido."},{"$i":"overlay-cancel-button","$v":"Cancelar"},{"$i":"music-paused-notification","$v":"Música pausada durante chamada"},{"$i":"done","$v":"Concluído"},{"$i":"share-song","ariaLabel":"Share"},{"$i":"player-album-rating","ariaLabel":"Rating"},{"$i":"rating-star","ariaLabel":{"$x":[{"t":"idOrVar","v":"plural"},"n"],"$v":{"zero":[{"t":"idOrVar","v":"n"}," stars"],"one":[{"t":"idOrVar","v":"n"}," star"],"two":[{"t":"idOrVar","v":"n"}," stars"],"few":[{"t":"idOrVar","v":"n"}," stars"],"many":[{"t":"idOrVar","v":"n"}," stars"],"other":[{"t":"idOrVar","v":"n"}," stars"]}}},{"$i":"go-to-player-view","ariaLabel":"Go to player view"},{"$i":"repeat-off","ariaLabel":"Repeat off"},{"$i":"repeat-list","ariaLabel":"Repeat all"},{"$i":"repeat-song","ariaLabel":"Repeat track"},{"$i":"shuffle-toggle","ariaLabel":"Shuffle"},{"$i":"mix-tab","ariaLabel":"Mix"},{"$i":"playlists-tab","ariaLabel":"Playlists"},{"$i":"artists-tab","ariaLabel":"Artists"},{"$i":"albums-tab","ariaLabel":"Albums"},{"$i":"songs-tab","ariaLabel":"Songs"},{"$i":"playbackPlay","ariaLabel":"Play"},{"$i":"playbackPause","ariaLabel":"Pause"},{"$i":"playbackNext","ariaLabel":"Next"},{"$i":"playbackPrevious","ariaLabel":"Previous"},{"$i":"playbackFullscreen","ariaLabel":"Fullscreen"},{"$i":"playbackSeekBar","ariaLabel":["Seek bar, duration ",{"t":"idOrVar","v":"duration"}]}]