[{"$i":"music","$v":"Muzică"},{"$i":"mix","$v":"Amestec"},{"$i":"playlists","$v":"Listă de redare"},{"$i":"artists","$v":"Artiști"},{"$i":"albums","$v":"Albume"},{"$i":"songs","$v":"Melodii"},{"$i":"more","$v":"Mai multe"},{"$i":"songArtist","$v":"Artist"},{"$i":"songAlbum","$v":"Album"},{"$i":"unknownArtist","$v":"Artist necunoscut"},{"$i":"unknownAlbum","$v":"Album necunoscut"},{"$i":"unknownTitle","$v":"Titlu necunoscut"},{"$i":"empty-title","$v":"Adaugă melodii pentru a începe"},{"$i":"empty-text","$v":"Încarcă melodii de pe cardul de memorie."},{"$i":"nocard2-title","$v":"Niciun card de memorie găsit"},{"$i":"nocard3-text","$v":"Inserează un card de memorie pentru a asculta melodii."},{"$i":"pluggedin-title","$v":"Muzica nu poate fi folosită cât timp telefonul este conectat"},{"$i":"pluggedin-text","$v":"Deconectează telefonul pentru a reda muzică."},{"$i":"upgrade-title","$v":"Actualizarea bazei de date"},{"$i":"upgrade-text","$v":"Te rugăm să aștepți cât timp Muzică își actualizează baza de date."},{"$i":"search-music","placeholder":"Caută muzică"},{"$i":"search-cancel","$v":"Renunță"},{"$i":"search-artists","$v":"Artiști"},{"$i":"search-albums","$v":"Albume"},{"$i":"search-titles","$v":"Piese"},{"$i":"search-close","$v":"închide"},{"$i":"search-no-result","$v":"No music found"},{"$i":"playlists-shuffle-all","$v":"Amestecă toate piesele"},{"$i":"playlists-highest-rated","$v":"Cele mai votate"},{"$i":"playlists-recently-added","$v":"Adăugate recent"},{"$i":"playlists-most-played","$v":"Cele mai redate"},{"$i":"playlists-least-played","$v":"Cele mai puțin redate"},{"$i":"picker-title","$v":"Selectează o piesă"},{"$i":"save","$v":"Salvează"},{"$i":"saved","$v":[{"t":"idOrVar","v":"title"}," salvat în Muzică"]},{"$i":"audioinvalid","$v":"Audio nu poate fi redat: nu este suportat sau fișierul este invalid."},{"$i":"overlay-cancel-button","$v":"Renunță"},{"$i":"music-paused-notification","$v":"Muzică pusă pe pauză în timpul apelului"},{"$i":"done","$v":"Gata"},{"$i":"share-song","ariaLabel":"Share"},{"$i":"player-album-rating","ariaLabel":"Rating"},{"$i":"rating-star","ariaLabel":"{[ plural(n) ]}"},{"$i":"go-to-player-view","ariaLabel":"Go to player view"},{"$i":"repeat-off","ariaLabel":"Repeat off"},{"$i":"repeat-list","ariaLabel":"Repeat all"},{"$i":"repeat-song","ariaLabel":"Repeat track"},{"$i":"shuffle-toggle","ariaLabel":"Shuffle"},{"$i":"mix-tab","ariaLabel":"Mix"},{"$i":"playlists-tab","ariaLabel":"Playlists"},{"$i":"artists-tab","ariaLabel":"Artists"},{"$i":"albums-tab","ariaLabel":"Albums"},{"$i":"songs-tab","ariaLabel":"Songs"},{"$i":"playbackPlay","ariaLabel":"Play"},{"$i":"playbackPause","ariaLabel":"Pause"},{"$i":"playbackNext","ariaLabel":"Next"},{"$i":"playbackPrevious","ariaLabel":"Previous"},{"$i":"playbackFullscreen","ariaLabel":"Fullscreen"},{"$i":"playbackSeekBar","ariaLabel":["Seek bar, duration ",{"t":"idOrVar","v":"duration"}]}]