[{"$i":"music","$v":"Музыка"},{"$i":"mix","$v":"Микс"},{"$i":"playlists","$v":"Плейлист"},{"$i":"artists","$v":"Исполнители"},{"$i":"albums","$v":"Альбомы"},{"$i":"songs","$v":"Песни"},{"$i":"more","$v":"Ещё"},{"$i":"songArtist","$v":"Исполнитель песни"},{"$i":"songAlbum","$v":"Альбом песни"},{"$i":"unknownArtist","$v":"Неизвестный исполнитель"},{"$i":"unknownAlbum","$v":"Неизвестный альбом"},{"$i":"unknownTitle","$v":"Неизвестное название"},{"$i":"empty-title","$v":"Для начала добавьте песни"},{"$i":"empty-text","$v":"Загрузите песни на карту памяти."},{"$i":"nocard2-title","$v":"Не найдена карта памяти"},{"$i":"nocard3-text","$v":"Для прослушивания песен вставьте карту памяти."},{"$i":"pluggedin-title","$v":"При подключении телефона к компьютеру музыка не проигрывается"},{"$i":"pluggedin-text","$v":"Для прослушивания музыки, отсоедините телефон."},{"$i":"upgrade-title","$v":"Обновление базы данных"},{"$i":"upgrade-text","$v":"Пожалуйста, подождите, пока Музыка обновляет свою базу данных."},{"$i":"search-music","placeholder":"Поиск музыки"},{"$i":"search-cancel","$v":"Отмена"},{"$i":"search-artists","$v":"Исполнители"},{"$i":"search-albums","$v":"Альбомы"},{"$i":"search-titles","$v":"Дорожки"},{"$i":"search-close","$v":"закрыть"},{"$i":"search-no-result","$v":"Музыка не найдена"},{"$i":"playlists-shuffle-all","$v":"Перемешать все"},{"$i":"playlists-highest-rated","$v":"С самым высоким рейтингом"},{"$i":"playlists-recently-added","$v":"Недавно добавленные"},{"$i":"playlists-most-played","$v":"Чаще всего проигрываемые"},{"$i":"playlists-least-played","$v":"Реже всего проигрываемые"},{"$i":"picker-title","$v":"Выбрать дорожку"},{"$i":"save","$v":"Сохранить"},{"$i":"saved","$v":[{"t":"idOrVar","v":"title"}," сохранено в Музыку"]},{"$i":"audioinvalid","$v":"Звук не может быть воспроизведен: неподдерживаемый формат или некорректный файл."},{"$i":"overlay-cancel-button","$v":"Отмена"},{"$i":"music-paused-notification","$v":"На время звонка музыка на паузе"},{"$i":"done","$v":"Готово"},{"$i":"share-song","ariaLabel":"Поделиться"},{"$i":"player-album-rating","ariaLabel":"Рейтинг"},{"$i":"rating-star","ariaLabel":{"$x":[{"t":"idOrVar","v":"plural"},"n"],"$v":{"zero":[{"t":"idOrVar","v":"n"}," звёздочек"],"one":[{"t":"idOrVar","v":"n"}," звёздочка"],"two":[{"t":"idOrVar","v":"n"}," звёздочки"],"few":[{"t":"idOrVar","v":"n"}," звёздочки"],"many":[{"t":"idOrVar","v":"n"}," звёздочек"],"other":[{"t":"idOrVar","v":"n"}," звёздочек"]}}},{"$i":"go-to-player-view","ariaLabel":"Go to player view"},{"$i":"repeat-off","ariaLabel":"Repeat off"},{"$i":"repeat-list","ariaLabel":"Repeat all"},{"$i":"repeat-song","ariaLabel":"Repeat track"},{"$i":"shuffle-toggle","ariaLabel":"Shuffle"},{"$i":"mix-tab","ariaLabel":"Mix"},{"$i":"playlists-tab","ariaLabel":"Playlists"},{"$i":"artists-tab","ariaLabel":"Artists"},{"$i":"albums-tab","ariaLabel":"Albums"},{"$i":"songs-tab","ariaLabel":"Songs"},{"$i":"playbackPlay","ariaLabel":"Play"},{"$i":"playbackPause","ariaLabel":"Pause"},{"$i":"playbackNext","ariaLabel":"Next"},{"$i":"playbackPrevious","ariaLabel":"Previous"},{"$i":"playbackFullscreen","ariaLabel":"Fullscreen"},{"$i":"playbackSeekBar","ariaLabel":["Seek bar, duration ",{"t":"idOrVar","v":"duration"}]}]