[{"$i":"music","$v":"Hudba"},{"$i":"mix","$v":"Mix"},{"$i":"playlists","$v":"Zoznam skladieb"},{"$i":"artists","$v":"Interpreti"},{"$i":"albums","$v":"Albumy"},{"$i":"songs","$v":"Skladby"},{"$i":"more","$v":"Iné"},{"$i":"songArtist","$v":"Interpret skladby"},{"$i":"songAlbum","$v":"Album skladby"},{"$i":"unknownArtist","$v":"Neznámy interpret"},{"$i":"unknownAlbum","$v":"Neznámy album"},{"$i":"unknownTitle","$v":"Neznámy názov"},{"$i":"empty-title","$v":"Začnite pridaním skladieb"},{"$i":"empty-text","$v":"Načítajte skladby na pamäťovú kartu."},{"$i":"nocard2-title","$v":"Pamäťová karta sa nenašla"},{"$i":"nocard3-text","$v":"Ak chcete počúvať hudbu, vložte pamäťovú kartu."},{"$i":"pluggedin-title","$v":"Hudbu nemožno použiť, pokiaľ je telefón pripojený"},{"$i":"pluggedin-text","$v":"Pre spustenie prehrávania odpojte telefón."},{"$i":"upgrade-title","$v":"Aktualizácia databázy"},{"$i":"upgrade-text","$v":"Počkajte, kým aplikácia Hudba aktualizuje svoju databázu."},{"$i":"search-music","placeholder":"Hľadať hudbu"},{"$i":"search-cancel","$v":"Zrušiť"},{"$i":"search-artists","$v":"Interpreti"},{"$i":"search-albums","$v":"Albumy"},{"$i":"search-titles","$v":"Skladby"},{"$i":"search-close","$v":"Zavrieť"},{"$i":"search-no-result","$v":"Nebol nájdená žiadna hudba"},{"$i":"playlists-shuffle-all","$v":"Náhodne všetko"},{"$i":"playlists-highest-rated","$v":"Najvyššie hodnotené"},{"$i":"playlists-recently-added","$v":"Naposledy pridané"},{"$i":"playlists-most-played","$v":"Najviac prehrávané"},{"$i":"playlists-least-played","$v":"Najmenej prehrávané"},{"$i":"picker-title","$v":"Zvoľte skladbu"},{"$i":"save","$v":"Uložiť"},{"$i":"saved","$v":["Skladba ",{"t":"idOrVar","v":"title"}," uložená do priečinka Hudba"]},{"$i":"audioinvalid","$v":"Zvuk nie je možné prehrať: formát nie je podporovaný alebo súbor nie je platný."},{"$i":"overlay-cancel-button","$v":"Zrušiť"},{"$i":"music-paused-notification","$v":"Prehrávanie hudby počas hovoru pozastavené"},{"$i":"done","$v":"Hotovo"},{"$i":"share-song","ariaLabel":"Zdieľať"},{"$i":"player-album-rating","ariaLabel":"Hodnotenie"},{"$i":"rating-star","ariaLabel":{"$x":[{"t":"idOrVar","v":"plural"},"n"],"$v":{"zero":[{"t":"idOrVar","v":"n"}," hviezdičiek"],"one":[{"t":"idOrVar","v":"n"}," hviezdička"],"two":[{"t":"idOrVar","v":"n"}," hviezdičky"],"few":[{"t":"idOrVar","v":"n"}," hviezdičky"],"many":[{"t":"idOrVar","v":"n"}," hviezdičiek"],"other":[{"t":"idOrVar","v":"n"}," hviezdičiek"]}}},{"$i":"go-to-player-view","ariaLabel":"Go to player view"},{"$i":"repeat-off","ariaLabel":"Repeat off"},{"$i":"repeat-list","ariaLabel":"Repeat all"},{"$i":"repeat-song","ariaLabel":"Repeat track"},{"$i":"shuffle-toggle","ariaLabel":"Shuffle"},{"$i":"mix-tab","ariaLabel":"Mix"},{"$i":"playlists-tab","ariaLabel":"Playlists"},{"$i":"artists-tab","ariaLabel":"Artists"},{"$i":"albums-tab","ariaLabel":"Albums"},{"$i":"songs-tab","ariaLabel":"Songs"},{"$i":"playbackPlay","ariaLabel":"Prehrať"},{"$i":"playbackPause","ariaLabel":"Pozastaviť"},{"$i":"playbackNext","ariaLabel":"Next"},{"$i":"playbackPrevious","ariaLabel":"Previous"},{"$i":"playbackFullscreen","ariaLabel":"Na celú obrazovku"},{"$i":"playbackSeekBar","ariaLabel":["Posuvník, dĺžka ",{"t":"idOrVar","v":"duration"}]}]