[{"$i":"music","$v":"Muzikë"},{"$i":"mix","$v":"Miks"},{"$i":"playlists","$v":"Luajlistë"},{"$i":"artists","$v":"Artistë"},{"$i":"albums","$v":"Albume"},{"$i":"songs","$v":"Pjesë"},{"$i":"more","$v":"Më tepër"},{"$i":"songArtist","$v":"Artisti i pjesës"},{"$i":"songAlbum","$v":"Albumi i pjesës"},{"$i":"unknownArtist","$v":"Artist i panjohur"},{"$i":"unknownAlbum","$v":"Album i panjohur"},{"$i":"unknownTitle","$v":"Titull i panjohur"},{"$i":"empty-title","$v":"Që të fillohet, shtoni pjesë"},{"$i":"empty-text","$v":"Ngarkoni pjesë te karta e kujtesës."},{"$i":"nocard2-title","$v":"Nuk u gjet kartë kujtese"},{"$i":"nocard3-text","$v":"Që të dëgjoni pjesë, futni një kartë kujtese."},{"$i":"pluggedin-title","$v":"Nuk luhet dot muzikë, kur telefoni është në prizë"},{"$i":"pluggedin-text","$v":"Hiqeni telefonin nga priza që të luhet muzikë."},{"$i":"upgrade-title","$v":"Përmirësim Baze të Dhënash"},{"$i":"upgrade-text","$v":"Ju lutemi, prisni teksa Muzika përditëson bazën e vet të të dhënave."},{"$i":"search-music","placeholder":"Kërkoni Muzikë"},{"$i":"search-cancel","$v":"Anuloje"},{"$i":"search-artists","$v":"Artistë"},{"$i":"search-albums","$v":"Albume"},{"$i":"search-titles","$v":"Pjesë"},{"$i":"search-close","$v":"mbylle"},{"$i":"search-no-result","$v":"Nuk u gjet muzikë"},{"$i":"playlists-shuffle-all","$v":"Përzieji krejt"},{"$i":"playlists-highest-rated","$v":"Më të vlerësuarat"},{"$i":"playlists-recently-added","$v":"Shtuar së fundi"},{"$i":"playlists-most-played","$v":"Më të luajturat"},{"$i":"playlists-least-played","$v":"Më pak të luajturat"},{"$i":"picker-title","$v":"Përzgjidhni një pjesë"},{"$i":"save","$v":"Ruaje"},{"$i":"saved","$v":[{"t":"idOrVar","v":"title"}," u ruajt te Muzika"]},{"$i":"audioinvalid","$v":"Nuk luhet dot audioja: formati është i pambuluar ose kartela është e pavlefshme."},{"$i":"overlay-cancel-button","$v":"Anuloje"},{"$i":"music-paused-notification","$v":"Me muzikë të ndalur gjatë thirrjeve"},{"$i":"done","$v":"U bë"},{"$i":"share-song","ariaLabel":"Ndajeni me të tjerët"},{"$i":"player-album-rating","ariaLabel":"Vlerësim"},{"$i":"rating-star","ariaLabel":{"$x":[{"t":"idOrVar","v":"plural"},"n"],"$v":{"zero":[{"t":"idOrVar","v":"n"}," yje"],"one":[{"t":"idOrVar","v":"n"}," yll"],"two":[{"t":"idOrVar","v":"n"}," yje"],"few":[{"t":"idOrVar","v":"n"}," yje"],"many":[{"t":"idOrVar","v":"n"}," yje"],"other":[{"t":"idOrVar","v":"n"}," yje"]}}},{"$i":"go-to-player-view","ariaLabel":"Go to player view"},{"$i":"repeat-off","ariaLabel":"Repeat off"},{"$i":"repeat-list","ariaLabel":"Repeat all"},{"$i":"repeat-song","ariaLabel":"Repeat track"},{"$i":"shuffle-toggle","ariaLabel":"Shuffle"},{"$i":"mix-tab","ariaLabel":"Mix"},{"$i":"playlists-tab","ariaLabel":"Playlists"},{"$i":"artists-tab","ariaLabel":"Artists"},{"$i":"albums-tab","ariaLabel":"Albums"},{"$i":"songs-tab","ariaLabel":"Songs"},{"$i":"playbackPlay","ariaLabel":"Play"},{"$i":"playbackPause","ariaLabel":"Pause"},{"$i":"playbackNext","ariaLabel":"Next"},{"$i":"playbackPrevious","ariaLabel":"Previous"},{"$i":"playbackFullscreen","ariaLabel":"Fullscreen"},{"$i":"playbackSeekBar","ariaLabel":["Seek bar, duration ",{"t":"idOrVar","v":"duration"}]}]