[{"$i":"music","$v":"Музика"},{"$i":"mix","$v":"Микс"},{"$i":"playlists","$v":"Списак извођења"},{"$i":"artists","$v":"Извођачи"},{"$i":"albums","$v":"Албуми"},{"$i":"songs","$v":"Песме"},{"$i":"more","$v":"Још"},{"$i":"songArtist","$v":"Извођач песме"},{"$i":"songAlbum","$v":"Албум песме"},{"$i":"unknownArtist","$v":"Непознат извођач"},{"$i":"unknownAlbum","$v":"Непознат албум"},{"$i":"unknownTitle","$v":"Непознат наслов"},{"$i":"empty-title","$v":"Да бисте започели, додајте песме"},{"$i":"empty-text","$v":"Учитајте песме са меморијке картице."},{"$i":"nocard2-title","$v":"Није пронађена меморијска картица"},{"$i":"nocard3-text","$v":"Утакните меморијску картицу да бисте слушали музику."},{"$i":"pluggedin-title","$v":"Музика не може да се преслуша док је телефон прикључен каблом"},{"$i":"pluggedin-text","$v":"Извуците кабeл из телефонa да бисте пустили музику."},{"$i":"upgrade-title","$v":"Надоградња базе података"},{"$i":"upgrade-text","$v":"Молим Вас сачекајте док апликација Музика ажурира своју базу података."},{"$i":"search-music","placeholder":"Претражи музику"},{"$i":"search-cancel","$v":"Одустани"},{"$i":"search-artists","$v":"Извођачи"},{"$i":"search-albums","$v":"Албуми"},{"$i":"search-titles","$v":"Песме"},{"$i":"search-close","$v":"затвори"},{"$i":"search-no-result","$v":"Није пронађена музика"},{"$i":"playlists-shuffle-all","$v":"Мешај све"},{"$i":"playlists-highest-rated","$v":"Најбоље оцењено"},{"$i":"playlists-recently-added","$v":"Скоро додато"},{"$i":"playlists-most-played","$v":"Највише слушано"},{"$i":"playlists-least-played","$v":"Најмање слушано"},{"$i":"picker-title","$v":"Одаберите песму"},{"$i":"save","$v":"Сними"},{"$i":"saved","$v":[{"t":"idOrVar","v":"title"}," је сачуван"]},{"$i":"audioinvalid","$v":"Звук не може бити репродукован: формат датотеке није подржан или је датотека неисправна."},{"$i":"overlay-cancel-button","$v":"Откажи"},{"$i":"music-paused-notification","$v":"Музика је паузирана током позива"},{"$i":"done","$v":"Готово"},{"$i":"share-song","ariaLabel":"Подели"},{"$i":"player-album-rating","ariaLabel":"Оцена"},{"$i":"rating-star","ariaLabel":{"$x":[{"t":"idOrVar","v":"plural"},"n"],"$v":{"zero":[{"t":"idOrVar","v":"n"}," звездица"],"one":[{"t":"idOrVar","v":"n"}," звездица"],"two":[{"t":"idOrVar","v":"n"}," звездице"],"few":[{"t":"idOrVar","v":"n"}," звездица"],"many":[{"t":"idOrVar","v":"n"}," звездица"],"other":[{"t":"idOrVar","v":"n"}," звездица"]}}},{"$i":"go-to-player-view","ariaLabel":"Go to player view"},{"$i":"repeat-off","ariaLabel":"Repeat off"},{"$i":"repeat-list","ariaLabel":"Repeat all"},{"$i":"repeat-song","ariaLabel":"Repeat track"},{"$i":"shuffle-toggle","ariaLabel":"Shuffle"},{"$i":"mix-tab","ariaLabel":"Mix"},{"$i":"playlists-tab","ariaLabel":"Playlists"},{"$i":"artists-tab","ariaLabel":"Artists"},{"$i":"albums-tab","ariaLabel":"Albums"},{"$i":"songs-tab","ariaLabel":"Songs"},{"$i":"playbackPlay","ariaLabel":"Play"},{"$i":"playbackPause","ariaLabel":"Pause"},{"$i":"playbackNext","ariaLabel":"Next"},{"$i":"playbackPrevious","ariaLabel":"Previous"},{"$i":"playbackFullscreen","ariaLabel":"Fullscreen"},{"$i":"playbackSeekBar","ariaLabel":["Seek bar, duration ",{"t":"idOrVar","v":"duration"}]}]