[{"$i":"music","$v":"Muzika"},{"$i":"mix","$v":"Miks"},{"$i":"playlists","$v":"Spisak izvođenja"},{"$i":"artists","$v":"Izvođači"},{"$i":"albums","$v":"Albumi"},{"$i":"songs","$v":"Pesme"},{"$i":"more","$v":"Još"},{"$i":"songArtist","$v":"Izvođač pesme"},{"$i":"songAlbum","$v":"Album pesme"},{"$i":"unknownArtist","$v":"Nepoznat izvođač"},{"$i":"unknownAlbum","$v":"Nepoznat album"},{"$i":"unknownTitle","$v":"Nepoznat naslov"},{"$i":"empty-title","$v":"Da biste započeli, dodajte pesme"},{"$i":"empty-text","$v":"Učitajte pesme sa memorijke kartice."},{"$i":"nocard2-title","$v":"Nije pronađena memorijska kartica"},{"$i":"nocard3-text","$v":"Utaknite memorijsku karticu da biste slušali muziku."},{"$i":"pluggedin-title","$v":"Muzika ne može da se presluša dok je telefon priključen kablom"},{"$i":"pluggedin-text","$v":"Izvucite kabel iz telefona da biste pustili muziku."},{"$i":"upgrade-title","$v":"Nadogradnja baze podataka"},{"$i":"upgrade-text","$v":"Molim Vas sačekajte dok aplikacija Muzika ažurira svoju bazu podataka."},{"$i":"search-music","placeholder":"Pretraži muziku"},{"$i":"search-cancel","$v":"Odustani"},{"$i":"search-artists","$v":"Izvođači"},{"$i":"search-albums","$v":"Albumi"},{"$i":"search-titles","$v":"Pesme"},{"$i":"search-close","$v":"zatvori"},{"$i":"search-no-result","$v":"Nije pronađena muzika"},{"$i":"playlists-shuffle-all","$v":"Mešaj sve"},{"$i":"playlists-highest-rated","$v":"Najbolje ocenjeno"},{"$i":"playlists-recently-added","$v":"Skoro dodato"},{"$i":"playlists-most-played","$v":"Najviše slušano"},{"$i":"playlists-least-played","$v":"Najmanje slušano"},{"$i":"picker-title","$v":"Odaberite pesmu"},{"$i":"save","$v":"Snimi"},{"$i":"saved","$v":[{"t":"idOrVar","v":"title"}," je sačuvan"]},{"$i":"audioinvalid","$v":"Zvuk ne može biti reprodukovan: format datoteke nije podržan ili je datoteka neispravna."},{"$i":"overlay-cancel-button","$v":"Otkaži"},{"$i":"music-paused-notification","$v":"Muzika je pauzirana tokom poziva"},{"$i":"done","$v":"Gotovo"},{"$i":"share-song","ariaLabel":"Podeli"},{"$i":"player-album-rating","ariaLabel":"Ocena"},{"$i":"rating-star","ariaLabel":{"$x":[{"t":"idOrVar","v":"plural"},"n"],"$v":{"zero":[{"t":"idOrVar","v":"n"}," zvezdica"],"one":[{"t":"idOrVar","v":"n"}," zvezdica"],"two":[{"t":"idOrVar","v":"n"}," zvezdice"],"few":[{"t":"idOrVar","v":"n"}," zvezdica"],"many":[{"t":"idOrVar","v":"n"}," zvezdica"],"other":[{"t":"idOrVar","v":"n"}," zvezdica"]}}},{"$i":"go-to-player-view","ariaLabel":"Go to player view"},{"$i":"repeat-off","ariaLabel":"Repeat off"},{"$i":"repeat-list","ariaLabel":"Repeat all"},{"$i":"repeat-song","ariaLabel":"Repeat track"},{"$i":"shuffle-toggle","ariaLabel":"Shuffle"},{"$i":"mix-tab","ariaLabel":"Mix"},{"$i":"playlists-tab","ariaLabel":"Playlists"},{"$i":"artists-tab","ariaLabel":"Artists"},{"$i":"albums-tab","ariaLabel":"Albums"},{"$i":"songs-tab","ariaLabel":"Songs"},{"$i":"playbackPlay","ariaLabel":"Play"},{"$i":"playbackPause","ariaLabel":"Pause"},{"$i":"playbackNext","ariaLabel":"Next"},{"$i":"playbackPrevious","ariaLabel":"Previous"},{"$i":"playbackFullscreen","ariaLabel":"Fullscreen"},{"$i":"playbackSeekBar","ariaLabel":["Seek bar, duration ",{"t":"idOrVar","v":"duration"}]}]