[{"$i":"music","$v":"Musik"},{"$i":"mix","$v":"Blanda"},{"$i":"playlists","$v":"Spellista"},{"$i":"artists","$v":"Artister"},{"$i":"albums","$v":"Album"},{"$i":"songs","$v":"Låtar"},{"$i":"more","$v":"Mer"},{"$i":"songArtist","$v":"Låt artist"},{"$i":"songAlbum","$v":"Låt album"},{"$i":"unknownArtist","$v":"Okänd artist"},{"$i":"unknownAlbum","$v":"Okänt album"},{"$i":"unknownTitle","$v":"Okänd titel"},{"$i":"empty-title","$v":"Lägg till låtar för att komma igång"},{"$i":"empty-text","$v":"Ladda låtar till minneskortet"},{"$i":"nocard2-title","$v":"Inget minneskort hittades"},{"$i":"nocard3-text","$v":"Sätt in ett minneskort för att lyssna på låtar."},{"$i":"pluggedin-title","$v":"Musik kan inte användas när telefonen är inkopplad"},{"$i":"pluggedin-text","$v":"Koppla ur telefonen för att spela musik."},{"$i":"upgrade-title","$v":"Databasuppgradering"},{"$i":"upgrade-text","$v":"Vänta medan musik uppdaterar sin databas."},{"$i":"search-music","placeholder":"Sök musik"},{"$i":"search-cancel","$v":"Avbryt"},{"$i":"search-artists","$v":"Artister"},{"$i":"search-albums","$v":"Album"},{"$i":"search-titles","$v":"Låtar"},{"$i":"search-close","$v":"Stäng"},{"$i":"search-no-result","$v":"Ingen musik hittades"},{"$i":"playlists-shuffle-all","$v":"Blanda alla"},{"$i":"playlists-highest-rated","$v":"Högst rankade"},{"$i":"playlists-recently-added","$v":"Senaste tillagda"},{"$i":"playlists-most-played","$v":"Mest spelade"},{"$i":"playlists-least-played","$v":"Minst spelade"},{"$i":"picker-title","$v":"Välj en låt"},{"$i":"save","$v":"Spara"},{"$i":"saved","$v":["Sparade ",{"t":"idOrVar","v":"title"}," till musik"]},{"$i":"audioinvalid","$v":"Ljud kan inte spelas: format stöds inte eller filen är ogiltig."},{"$i":"overlay-cancel-button","$v":"Avbryt"},{"$i":"music-paused-notification","$v":"Musik pausas under samtalet"},{"$i":"done","$v":"Klar"},{"$i":"share-song","ariaLabel":"Dela"},{"$i":"player-album-rating","ariaLabel":"Betyg"},{"$i":"rating-star","ariaLabel":{"$x":[{"t":"idOrVar","v":"plural"},"n"],"$v":{"zero":[{"t":"idOrVar","v":"n"}," stjärnor"],"one":[{"t":"idOrVar","v":"n"}," stjärna"],"two":[{"t":"idOrVar","v":"n"}," stjärnor"],"few":[{"t":"idOrVar","v":"n"}," stjärnor"],"many":[{"t":"idOrVar","v":"n"}," stjärnor"],"other":[{"t":"idOrVar","v":"n"}," stjärnor"]}}},{"$i":"go-to-player-view","ariaLabel":"Go to player view"},{"$i":"repeat-off","ariaLabel":"Repeat off"},{"$i":"repeat-list","ariaLabel":"Repeat all"},{"$i":"repeat-song","ariaLabel":"Repeat track"},{"$i":"shuffle-toggle","ariaLabel":"Shuffle"},{"$i":"mix-tab","ariaLabel":"Mix"},{"$i":"playlists-tab","ariaLabel":"Playlists"},{"$i":"artists-tab","ariaLabel":"Artists"},{"$i":"albums-tab","ariaLabel":"Albums"},{"$i":"songs-tab","ariaLabel":"Songs"},{"$i":"playbackPlay","ariaLabel":"Play"},{"$i":"playbackPause","ariaLabel":"Pause"},{"$i":"playbackNext","ariaLabel":"Next"},{"$i":"playbackPrevious","ariaLabel":"Previous"},{"$i":"playbackFullscreen","ariaLabel":"Fullscreen"},{"$i":"playbackSeekBar","ariaLabel":["Seek bar, duration ",{"t":"idOrVar","v":"duration"}]}]