[{"$i":"music","$v":"Müzik"},{"$i":"mix","$v":"Karıştır"},{"$i":"playlists","$v":"Çalma listesi"},{"$i":"artists","$v":"Sanatçılar"},{"$i":"albums","$v":"Albümler"},{"$i":"songs","$v":"Şarkılar"},{"$i":"more","$v":"Daha fazlası"},{"$i":"songArtist","$v":"Şarkı sanatçısı"},{"$i":"songAlbum","$v":"Şarkı albümü"},{"$i":"unknownArtist","$v":"Bilinmeyen sanatçı"},{"$i":"unknownAlbum","$v":"Bilinmeyen albüm"},{"$i":"unknownTitle","$v":"Bilinmeyen başlık"},{"$i":"empty-title","$v":"Başlamak için şarkı ekleyin"},{"$i":"empty-text","$v":"Şarkıları bellek kartına yükleyin."},{"$i":"nocard2-title","$v":"Bellek kartı bulunamadı"},{"$i":"nocard3-text","$v":"Şarkı dinlemek için bir bellek kartı takın."},{"$i":"pluggedin-title","$v":"Telefon fişe takılıyken Müzik kullanılamaz"},{"$i":"pluggedin-text","$v":"Müzik çalmak için telefonun fişini çekin."},{"$i":"upgrade-title","$v":"Veritabanı Yükseltme"},{"$i":"upgrade-text","$v":"Müzik veritabanı yükseltilirken lütfen bekleyin."},{"$i":"search-music","placeholder":"Müzik Ara"},{"$i":"search-cancel","$v":"İptal"},{"$i":"search-artists","$v":"Sanatçılar"},{"$i":"search-albums","$v":"Albümler"},{"$i":"search-titles","$v":"Parçalar"},{"$i":"search-close","$v":"kapat"},{"$i":"search-no-result","$v":"No music found"},{"$i":"playlists-shuffle-all","$v":"Tümünü karıştır"},{"$i":"playlists-highest-rated","$v":"En yüksek puanlılar"},{"$i":"playlists-recently-added","$v":"Yeni eklenenler"},{"$i":"playlists-most-played","$v":"En çok çalınanlar"},{"$i":"playlists-least-played","$v":"En az çalınanlar"},{"$i":"picker-title","$v":"Parça seçin"},{"$i":"save","$v":"Kaydet"},{"$i":"saved","$v":[{"t":"idOrVar","v":"title"}," Müzik'e kaydedildi            "]},{"$i":"audioinvalid","$v":"Ses çalınamıyor: Biçim desteklenmiyor veya dosya geçersiz."},{"$i":"overlay-cancel-button","$v":"İptal"},{"$i":"music-paused-notification","$v":"Arama sırasında müzik duraklatıldı"},{"$i":"done","$v":"Bitti"},{"$i":"share-song","ariaLabel":"Share"},{"$i":"player-album-rating","ariaLabel":"Rating"},{"$i":"rating-star","ariaLabel":{"$x":[{"t":"idOrVar","v":"plural"},"n"],"$v":{"zero":[{"t":"idOrVar","v":"n"}," stars"],"one":[{"t":"idOrVar","v":"n"}," star"],"two":[{"t":"idOrVar","v":"n"}," stars"],"few":[{"t":"idOrVar","v":"n"}," stars"],"many":[{"t":"idOrVar","v":"n"}," stars"],"other":[{"t":"idOrVar","v":"n"}," stars"]}}},{"$i":"go-to-player-view","ariaLabel":"Go to player view"},{"$i":"repeat-off","ariaLabel":"Repeat off"},{"$i":"repeat-list","ariaLabel":"Repeat all"},{"$i":"repeat-song","ariaLabel":"Repeat track"},{"$i":"shuffle-toggle","ariaLabel":"Shuffle"},{"$i":"mix-tab","ariaLabel":"Mix"},{"$i":"playlists-tab","ariaLabel":"Playlists"},{"$i":"artists-tab","ariaLabel":"Artists"},{"$i":"albums-tab","ariaLabel":"Albums"},{"$i":"songs-tab","ariaLabel":"Songs"},{"$i":"playbackPlay","ariaLabel":"Play"},{"$i":"playbackPause","ariaLabel":"Pause"},{"$i":"playbackNext","ariaLabel":"Next"},{"$i":"playbackPrevious","ariaLabel":"Previous"},{"$i":"playbackFullscreen","ariaLabel":"Fullscreen"},{"$i":"playbackSeekBar","ariaLabel":["Seek bar, duration ",{"t":"idOrVar","v":"duration"}]}]