[{"$i":"music","$v":"音乐"},{"$i":"mix","$v":"混合"},{"$i":"playlists","$v":"播放列表"},{"$i":"artists","$v":"表演者"},{"$i":"albums","$v":"专辑"},{"$i":"songs","$v":"歌曲"},{"$i":"more","$v":"更多"},{"$i":"songArtist","$v":"表演者"},{"$i":"songAlbum","$v":"专辑"},{"$i":"unknownArtist","$v":"未知表演者"},{"$i":"unknownAlbum","$v":"未知专辑"},{"$i":"unknownTitle","$v":"未知标题"},{"$i":"empty-title","$v":"添加音乐以开始使用"},{"$i":"empty-text","$v":"将音乐传输至存储卡。"},{"$i":"nocard2-title","$v":"没有找到存储卡"},{"$i":"nocard3-text","$v":"插入存储卡以播放歌曲。"},{"$i":"pluggedin-title","$v":"手机在插接时无法播放音乐"},{"$i":"pluggedin-text","$v":"拔出手机以播放音乐。"},{"$i":"upgrade-title","$v":"数据库升级"},{"$i":"upgrade-text","$v":"音乐数据库更新中，请稍候。"},{"$i":"search-music","placeholder":"搜索音乐"},{"$i":"search-cancel","$v":"取消"},{"$i":"search-artists","$v":"艺术家"},{"$i":"search-albums","$v":"专辑"},{"$i":"search-titles","$v":"歌曲名称"},{"$i":"search-close","$v":"关闭"},{"$i":"search-no-result","$v":"No music found"},{"$i":"playlists-shuffle-all","$v":"随机播放全部"},{"$i":"playlists-highest-rated","$v":"最高评价"},{"$i":"playlists-recently-added","$v":"最近添加"},{"$i":"playlists-most-played","$v":"经常播放"},{"$i":"playlists-least-played","$v":"很少播放"},{"$i":"picker-title","$v":"选择一首乐曲"},{"$i":"save","$v":"保存"},{"$i":"saved","$v":[{"t":"idOrVar","v":"title"}," 已保存到音乐"]},{"$i":"audioinvalid","$v":"音频无法播放：格式不支持或文件无效。"},{"$i":"overlay-cancel-button","$v":"取消"},{"$i":"music-paused-notification","$v":"通话期间暂停音乐"},{"$i":"done","$v":"完成"},{"$i":"share-song","ariaLabel":"Share"},{"$i":"player-album-rating","ariaLabel":"Rating"},{"$i":"rating-star","ariaLabel":{"$x":[{"t":"idOrVar","v":"plural"},"n"],"$v":{"zero":[{"t":"idOrVar","v":"n"}," stars"],"one":[{"t":"idOrVar","v":"n"}," star"],"two":[{"t":"idOrVar","v":"n"}," stars"],"few":[{"t":"idOrVar","v":"n"}," stars"],"many":[{"t":"idOrVar","v":"n"}," stars"],"other":[{"t":"idOrVar","v":"n"}," stars"]}}},{"$i":"go-to-player-view","ariaLabel":"Go to player view"},{"$i":"repeat-off","ariaLabel":"Repeat off"},{"$i":"repeat-list","ariaLabel":"Repeat all"},{"$i":"repeat-song","ariaLabel":"Repeat track"},{"$i":"shuffle-toggle","ariaLabel":"Shuffle"},{"$i":"mix-tab","ariaLabel":"Mix"},{"$i":"playlists-tab","ariaLabel":"Playlists"},{"$i":"artists-tab","ariaLabel":"Artists"},{"$i":"albums-tab","ariaLabel":"Albums"},{"$i":"songs-tab","ariaLabel":"Songs"},{"$i":"playbackPlay","ariaLabel":"Play"},{"$i":"playbackPause","ariaLabel":"Pause"},{"$i":"playbackNext","ariaLabel":"Next"},{"$i":"playbackPrevious","ariaLabel":"Previous"},{"$i":"playbackFullscreen","ariaLabel":"Fullscreen"},{"$i":"playbackSeekBar","ariaLabel":["Seek bar, duration ",{"t":"idOrVar","v":"duration"}]}]