[{"$i":"music","$v":"音樂"},{"$i":"mix","$v":"混和"},{"$i":"playlists","$v":"播放清單"},{"$i":"artists","$v":"藝術家"},{"$i":"albums","$v":"專輯"},{"$i":"songs","$v":"歌曲"},{"$i":"more","$v":"更多"},{"$i":"songArtist","$v":"歌曲藝術家"},{"$i":"songAlbum","$v":"歌曲專輯"},{"$i":"unknownArtist","$v":"未知藝術家"},{"$i":"unknownAlbum","$v":"未知專輯"},{"$i":"unknownTitle","$v":"未知標題"},{"$i":"empty-title","$v":"新增歌曲以開始使用"},{"$i":"empty-text","$v":"傳送音樂到記憶卡中。"},{"$i":"nocard2-title","$v":"找不到記憶卡"},{"$i":"nocard3-text","$v":"想聽音樂，請插入記憶卡。"},{"$i":"pluggedin-title","$v":"音樂無法在手機插入時播放"},{"$i":"pluggedin-text","$v":"拔除連接線以播放音樂。"},{"$i":"upgrade-title","$v":"資料庫升級"},{"$i":"upgrade-text","$v":"音樂資料庫升級中，請稍候。"},{"$i":"search-music","placeholder":"搜尋音樂"},{"$i":"search-cancel","$v":"取消"},{"$i":"search-artists","$v":"藝術家"},{"$i":"search-albums","$v":"專輯"},{"$i":"search-titles","$v":"曲目"},{"$i":"search-close","$v":"關閉"},{"$i":"search-no-result","$v":"找不到音樂"},{"$i":"playlists-shuffle-all","$v":"全部隨機播放"},{"$i":"playlists-highest-rated","$v":"評分最高"},{"$i":"playlists-recently-added","$v":"最近新增"},{"$i":"playlists-most-played","$v":"最常播放"},{"$i":"playlists-least-played","$v":"最少播放"},{"$i":"picker-title","$v":"選擇一首曲目"},{"$i":"save","$v":"儲存"},{"$i":"saved","$v":["已將 ",{"t":"idOrVar","v":"title"}," 儲存至音樂庫"]},{"$i":"audioinvalid","$v":"無法播放音樂: 不支援的檔案格式，或檔案已毀損。"},{"$i":"overlay-cancel-button","$v":"取消"},{"$i":"music-paused-notification","$v":"通話中，暫停播放音樂"},{"$i":"done","$v":"完成"},{"$i":"share-song","ariaLabel":"分享"},{"$i":"player-album-rating","ariaLabel":"評分"},{"$i":"rating-star","ariaLabel":{"$x":[{"t":"idOrVar","v":"plural"},"n"],"$v":{"zero":[{"t":"idOrVar","v":"n"}," 顆星"],"one":[{"t":"idOrVar","v":"n"}," 顆星"],"two":[{"t":"idOrVar","v":"n"}," 顆星"],"few":[{"t":"idOrVar","v":"n"}," 顆星"],"many":[{"t":"idOrVar","v":"n"}," 顆星"],"other":[{"t":"idOrVar","v":"n"}," 顆星"]}}},{"$i":"go-to-player-view","ariaLabel":"Go to player view"},{"$i":"repeat-off","ariaLabel":"Repeat off"},{"$i":"repeat-list","ariaLabel":"Repeat all"},{"$i":"repeat-song","ariaLabel":"Repeat track"},{"$i":"shuffle-toggle","ariaLabel":"Shuffle"},{"$i":"mix-tab","ariaLabel":"Mix"},{"$i":"playlists-tab","ariaLabel":"Playlists"},{"$i":"artists-tab","ariaLabel":"Artists"},{"$i":"albums-tab","ariaLabel":"Albums"},{"$i":"songs-tab","ariaLabel":"Songs"},{"$i":"playbackPlay","ariaLabel":"播放"},{"$i":"playbackPause","ariaLabel":"暫停"},{"$i":"playbackNext","ariaLabel":"Next"},{"$i":"playbackPrevious","ariaLabel":"Previous"},{"$i":"playbackFullscreen","ariaLabel":"全螢幕"},{"$i":"playbackSeekBar","ariaLabel":["搜尋列，時間 ",{"t":"idOrVar","v":"duration"}]}]