[{"$i":"brandShortName","$v":"B2G OS"},{"$i":"browserBrandShortName","$v":"Web Browser"},{"$i":"browserBrandFullName","$v":"Mozilla Web Browser"},{"$i":"ringtoneBrandName","$v":"Default"},{"$i":"ringtoneSectionBrandName","$v":"System"},{"$i":"back","$v":"للخلف"},{"$i":"noSimMsg","$v":"لإدخال جهات الإتصال أدخل او إفتح بطاقة SIM"},{"$i":"noMemoryCardMsg","$v":"لإدخال جهات الإتصال أدخل بطاقة الذاكرة"},{"$i":"importMemoryCard","$v":"بطاقة الذاكرة"},{"$i":"noConnection11","$v":"لإدخال أصدقاء الفيسبوك او جهات الإتصال إتصل بالشبكة عن طريق WIFI أو حزم بيانات الشبكة"},{"$i":"emptyAccount","$v":"لا يُوجد أصدقاء أو جهات اتصال في هذا الحساب."},{"$i":"simContacts-import","$v":"استيراد جهات الاتصال من ال SIM"},{"$i":"simContacts-importing","$v":"جارِ استيراد جهات الاتصال من ال SIM ..."},{"$i":"simContacts-reading","$v":"جارِ القراءة من ال SIM ..."},{"$i":"simContacts-error","$v":"لا يمكن استيراد جهات الاتصال من ال SIM .. "},{"$i":"simContacts-imported3","$v":{"zero":"لم يتم العثور على جهات اتصال عل ال SIM ليتم استيرادها .. ","one":"تم استيراد جهة اتصال واحدة ","two":"تم استيراد جهتان اتصال","few":["تم استيراد ",{"t":"idOrVar","v":"n"}," جهات اتصال "],"many":["تم استيراد ",{"t":"idOrVar","v":"n"}," جهة اتصال "],"other":["تم استيراد ",{"t":"idOrVar","v":"n"}," جهة اتصال "]},"$x":[{"t":"idOrVar","v":"plural"},"n"]},{"$i":"memoryCardContacts-import","$v":"استورد جهات الاتصال من بطاقة الذاكرة"},{"$i":"memoryCardContacts-importing","$v":"جارِ استيراد جهات الاتصال من بطاقة الذاكرة..."},{"$i":"memoryCardContacts-reading","$v":"يتم القراءة من بطاقة الذاكرة..."},{"$i":"memoryCardContacts-error","$v":"لم يتم استيراد أي جهة اتصال من بطاقة الذاكرة"},{"$i":"memoryCardContacts-imported3","$v":{"zero":"لم يتم العثور على أي جهة اتصال على بطاقة الذاكرة للاستيراد","one":"تم استيراد جهة اتصال واحدة","two":"تم استيراد جهتان اتصال","few":["تم استيراد ",{"t":"idOrVar","v":"n"}," جهات اتصال "],"many":["تم إستيراد ",{"t":"idOrVar","v":"n"}," جهات إتصال"],"other":["تم إستيراد ",{"t":"idOrVar","v":"n"}," جهة إتصال"]},"$x":[{"t":"idOrVar","v":"plural"},"n"]},{"$i":"genericProgress","$v":[{"t":"idOrVar","v":"current"},"/",{"t":"idOrVar","v":"total"}]},{"$i":"facebook","$v":"الفيسبوك"},{"$i":"facebook-import-msg2","$v":[{"t":"idOrVar","v":"imported"},"/",{"t":"idOrVar","v":"total"}," أصدقاء تم استيرادهم"]},{"$i":"contactsMerged","$v":{"zero":"لم يتم دمج أي جهة إتصال مكررة","one":"تم دمج جهة إتصال مكررة واحدة","two":"تم دمج جهتا إتصال","few":["تم دمج ",{"t":"idOrVar","v":"numDups"}," جهات إتصال"],"many":["تم دمج ",{"t":"idOrVar","v":"numDups"}," جهة إتصال"],"other":["تم دمج ",{"t":"idOrVar","v":"numDups"}," جهة إتصال"]},"$x":[{"t":"idOrVar","v":"plural"},"numDups"]},{"$i":"pincode2","$v":"أدخل كود PIN"},{"$i":"type_pin","$v":"ادخل كود PIN"},{"$i":"pincodeLabel","$v":["SIM ",{"t":"idOrVar","v":"n"}," PIN"]},{"$i":"pinValidation","$v":"رقم الكود PIN يجب أن يحتوي بين 4 و8  أحرف."},{"$i":"pinError","$v":"كود PIN خاطئ."},{"$i":"pinAttemptMsg2","$v":{"one":"لديك محاوله واحدة متبقية لادخال الكود الصحيح قبل اغلاق بطاقة SIM.","two":["لديك ",{"t":"idOrVar","v":"n"}," محاولات متبقية لادخال الكود الصحيح قبل اغلاق بطاقة SIM."],"few":["لديك ",{"t":"idOrVar","v":"n"}," محاولات متبقية لادخال الكود الصحيح قبل اغلاق بطاقة SIM."],"many":["لديك ",{"t":"idOrVar","v":"n"}," محاولات متبقية لادخال الكود الصحيح قبل اغلاق بطاقة SIM."],"other":["لديك ",{"t":"idOrVar","v":"n"}," محاولات متبقية لادخال الكود الصحيح قبل اغلاق بطاقة SIM."]},"$x":[{"t":"idOrVar","v":"plural"},"n"]},{"$i":"pinLastChanceMsg","$v":"هذه آخر فرصة لك لإدخال رقم الكود PIN الصحيح.  خلاف ذلك، يجب عليك إدخال مفتاح إلغاء التأمين الشخصي PUK لاستخدام هذه الشريحة."},{"$i":"pukcode","$v":"أدخل كود PUK "},{"$i":"pukcodeTitle","$v":["أدخل SIM ",{"t":"idOrVar","v":"n"}," PUK"]},{"$i":"pukcodeLabel","$v":["SIM ",{"t":"idOrVar","v":"n"}," PUK"]},{"$i":"type_puk","$v":"كود PUK "},{"$i":"pukValidation","$v":"رقم الكود يجب أن يكوت 8 احرف بالضبط."},{"$i":"pukInfo","$v":"يجب عليك إدخال مفتاح إلغاء التأمين الشخصي (PUK) للشريحة. ارجع إلى وثائق الشريحة أو اتصل بالناقل الخاص بك للحصول على مزيد من المعلومات."},{"$i":"pukError","$v":"كود PUK غير صحيح."},{"$i":"pukAttemptMsg2","$v":{"one":"لديك محاولة واحدة متبقية لإدخال الرمز الصحيح قبل أن تصبح هذه الشريحة غير صالحة للإستعمال بشكل دائم. ارجع إلى وثائق الشريحة أو اتصل بالمزود الخاص بك للحصول على مزيد من المعلومات.","two":["لديك ",{"t":"idOrVar","v":"n"}," محاولة لإدخال الرمز الصحيح قبل أن تصبح هذه الشريحة غير صالحة للإستعمال بشكل دائم. ارجع إلى وثائق الشريحة أو اتصل بالناقل الخاص بك للحصول على مزيد من المعلومات."],"few":["لديك ",{"t":"idOrVar","v":"n"}," محاولة لإدخال الرمز الصحيح قبل أن تصبح هذه الشريحة غير صالحة للإستعمال بشكل دائم. ارجع إلى وثائق الشريحة أو اتصل بالناقل الخاص بك للحصول على مزيد من المعلومات."],"many":["لديك ",{"t":"idOrVar","v":"n"}," محاولة لإدخال الرمز الصحيح قبل أن تصبح هذه الشريحة غير صالحة للإستعمال بشكل دائم. ارجع إلى وثائق الشريحة أو اتصل بالناقل الخاص بك للحصول على مزيد من المعلومات."],"other":["لديك ",{"t":"idOrVar","v":"n"}," محاولة لإدخال الرمز الصحيح قبل أن تصبح هذه الشريحة غير صالحة للإستعمال بشكل دائم. ارجع إلى وثائق الشريحة أو اتصل بالناقل الخاص بك للحصول على مزيد من المعلومات."]},"$x":[{"t":"idOrVar","v":"plural"},"n"]},{"$i":"pukLastChanceMsg","$v":"آخر فرصة لإدخال مفتاح إلغاء التأمين الشخصي PUK الصحيح. شريحتك ستصبح غير صالحة للإستعمال بشكل دائم إذا أدخلت مفتاح إلغاء تأمين شخصي  PUK  خاطىء."},{"$i":"create_newpin","$v":"أنشىء رقم PIN جديد (يجب أن يحتوي من 4 إلى 8 أرقام)"},{"$i":"confirm_newpin","$v":"أكِّد كود PIN"},{"$i":"newpinConfirmation","$v":"كودين PIN غير متطابقين"},{"$i":"nckcode","$v":"ادخل كود NCK"},{"$i":"cckcode","$v":"ادخل كود CCK"},{"$i":"spckcode","$v":"ادخل كود SPCK"},{"$i":"nck1code","$v":"ادخل رمز NCK1"},{"$i":"nck2code","$v":"ادخل رمز NCK2"},{"$i":"hnckcode","$v":"ادخل رمز HNCK"},{"$i":"rcckcode","$v":"ادخل رمز RCCk"},{"$i":"rspckcode","$v":"أدخل كود RSPCK"},{"$i":"nckcodeTitle","$v":["أدخل SIM ",{"t":"idOrVar","v":"n"}," NCK"]},{"$i":"cckcodeTitle","$v":["أدخل SIM ",{"t":"idOrVar","v":"n"}," CCK"]},{"$i":"spckcodeTitle","$v":["أدخل SIM ",{"t":"idOrVar","v":"n"}," SPCK"]},{"$i":"nck1codeTitle","$v":["أدخل SIM ",{"t":"idOrVar","v":"n"}," NCK1"]},{"$i":"nck2codeTitle","$v":["أدخل SIM ",{"t":"idOrVar","v":"n"}," NCK2"]},{"$i":"hnckcodeTitle","$v":["أدخل SIM ",{"t":"idOrVar","v":"n"}," HNCK"]},{"$i":"rcckcodeTitle","$v":["أدخل SIM ",{"t":"idOrVar","v":"n"}," RCCK"]},{"$i":"rspckcodeTitle","$v":["أدخل SIM ",{"t":"idOrVar","v":"n"}," RSPCK"]},{"$i":"nckcodeLabel","$v":["SIM ",{"t":"idOrVar","v":"n"}," NCK"]},{"$i":"cckcodeLabel","$v":["SIM ",{"t":"idOrVar","v":"n"}," CCK"]},{"$i":"spckcodeLabel","$v":["SIM ",{"t":"idOrVar","v":"n"}," SPCK"]},{"$i":"nck1codeLabel","$v":["SIM ",{"t":"idOrVar","v":"n"}," SPCK"]},{"$i":"nck2codeLabel","$v":["SIM ",{"t":"idOrVar","v":"n"}," NCK2"]},{"$i":"hnckcodeLabel","$v":["SIM ",{"t":"idOrVar","v":"n"}," HNCK"]},{"$i":"rcckcodeLabel","$v":["SIM ",{"t":"idOrVar","v":"n"}," RCCK"]},{"$i":"rspckcodeLabel","$v":["SIM ",{"t":"idOrVar","v":"n"}," RSPCK"]},{"$i":"type_nck","$v":"أدخل رمز NCK"},{"$i":"type_cck","$v":"ادخل كود CCK"},{"$i":"type_spck","$v":"ادخل رمز SPCK الخاص بك"},{"$i":"type_nck1","$v":"أدخل رمز NCK1 الخاص بك"},{"$i":"type_nck2","$v":"أدخل رمز NCK2"},{"$i":"type_hnck","$v":"أدخل رمز HNCK"},{"$i":"type_rcck","$v":"ادخل كود RCCK"},{"$i":"type_rspck","$v":"أدخل كود RSPCK الخاص بك"},{"$i":"nckValidation","$v":"رمز NCK يجب أن يحتوي 8 إلى 16 حرف"},{"$i":"cckValidation","$v":"رمز CCK يجب أن يحتوي من 8 إلى 16 حرف"},{"$i":"spckValidation","$v":"رمز SPCK يجب أن يحتوي من 8 إلى 16 حرف."},{"$i":"nck1Validation","$v":"يجب أن يحتوي رمز NCK1 8 إلى 16 حرف"},{"$i":"nck2Validation","$v":"رمز NCK2 يجب أن يحتوي من 8 إلى 16 خانة"},{"$i":"hnckValidation","$v":"رمز HNCK يجب أن يحتوي 8 إلى 16 حرف"},{"$i":"rcckValidation","$v":"رمز RCCK يجب أن يحتوي من 8 إلى 16 حرف"},{"$i":"rspckValidation","$v":"رمز RSPCK يجب أن يحتوي من 8 إلى 16 حرف."},{"$i":"nckErrorMsg","$v":"كود NCK غير صحيح."},{"$i":"nckAttemptMsg2","$v":{"one":"فشل طلب عدم تخصيص الشبكة. لديك محاوله واحدة متبقية لادخال الكود الصحيح. راجع وثائق جهازك أو اتصل مع مزود الخدمة لمعلومات اضافية.","two":["فشل طلب عدم تخصيص الشبكة. لديك ",{"t":"idOrVar","v":"n"}," محاولات متبقية لإدخال الكود الصحيح. راجع وثائق جهازك أو اتصل بمزود الخدمة للحصول على معلومات إضافية."],"few":["فشل طلب عدم تخصيص الشبكة. لديك ",{"t":"idOrVar","v":"n"}," محاولات متبقية لادخال الكود الصحيح. راجع وثائق جهازك أو اتصل مع مزود الخدمة لمعلومات اضافية."],"many":["فشل طلب عدم تخصيص الشبكة. لديك ",{"t":"idOrVar","v":"n"}," محاولات متبقية لادخال الكود الصحيح. راجع وثائق جهازك أو اتصل مع مزود الخدمة لمعلومات اضافية."],"other":["فشل طلب عدم تخصيص الشبكة. لديك ",{"t":"idOrVar","v":"n"}," محاولات متبقية لادخال الكود الصحيح. راجع وثائق جهازك أو اتصل مع مزود الخدمة لمعلومات اضافية."]},"$x":[{"t":"idOrVar","v":"plural"},"n"]},{"$i":"nckLastChanceMsg","$v":"فشل طلب عدم تخصيص الشبكة. لديك محاولة اخيرة لادخال كود NCL. راجع وثائق جهازك أو اتصل مع مزود الخدمة لمعلومات اضافية."},{"$i":"skip","$v":"تخطي"},{"$i":"send","$v":"أرسِّل"},{"$i":"ok","$v":"موافق"},{"$i":"simLocked","$v":"بطاقة SIM مقفلة."},{"$i":"inputCodeRetriesLeft","$v":{"one":"اخِر محاولة","two":[{"t":"idOrVar","v":"n"}," محاولة متبقية ."],"few":[{"t":"idOrVar","v":"n"}," محاولة متبقية ."],"many":[{"t":"idOrVar","v":"n"}," محاولة متبقية ."],"other":[{"t":"idOrVar","v":"n"}," محاولة متبقية ."]},"$x":[{"t":"idOrVar","v":"plural"},"n"]},{"$i":"simManager","$v":"مدير SIM"},{"$i":"simDetail","$v":["SIM ",{"t":"idOrVar","v":"n"}]},{"$i":"simDefault","$v":"(إفتراضي)"},{"$i":"simDefaultMessage","$v":"يتم تعيين المكالمات الصادرة، والرسائل الصادرة واتصال البيانات إلى SIM 1 بشكل افتراضي"},{"$i":"simSettingsMessage","$v":"يمكنك تغيير الإعدادات الافتراضية من إعدادات> مدير SIM"},{"$i":"simPinLocked","$v":"SIM PIN مقفل"},{"$i":"noOperator","$v":"لايوجد مشغل"},{"$i":"searchingOperator","$v":"البحث جارٍ"},{"$i":"language","$v":"اللغة"},{"$i":"3g","$v":"بيانات الجوّال"},{"$i":"dataConnection","$v":"فعِّل البيانات"},{"$i":"dataConnectionInfo","$v":"تفعيل اتصال البيانات يسمح لك الآن باعداد جوّالك دون اتصال واي فاي.يمكنك فعل ذلك لاحق من الإعدادات. تأكد من مزودك بوجود اشتراك للبيانات لتجنب دفع مبالغ كبيرة محتملة."},{"$i":"caution","$v":"تحذير"},{"$i":"geolocation","$v":"تموضع جغرافي"},{"$i":"geolocationCheckbox","$v":"تشغيل خدمة التموضع الجغرافي"},{"$i":"geolocationInfo2","$v":[{"t":"idOrVar","v":"brandShortName"}," تستخدم البيانات مثل ال GPS ، الواي-فاي،  وشبكات الهاتف القريبة منك لتساعدك على تحديد موقعك."]},{"$i":"geolocationInfoMore","$v":"يتم إرسال البيانات لموزيلا وبعض مقدمي الخدمات الآخرين، وسوف تستخدم في مجموعها لتحسين قواعد بيانات الأمكنة. قد يتم تخزين البيانات على الجهاز الخاص بك ويمكن أن يقوم الهاتف بجمع البيانات حتى عندما يتم لا تشغيل أي تطبيقات."},{"$i":"notice","$v":"ملاحظة"},{"$i":"aboutYourPrivacy","$v":"مزيد من المعلومات حول خصوصيتك"},{"$i":"scanningNetworks","$v":"البحث عن شبكات"},{"$i":"selectNetwork","$v":"اختر شبكة"},{"$i":"shortStatus-connecting","$v":"جارِ الاتصال ..."},{"$i":"shortStatus-associated","$v":"جارِ الحصول علي عنوان IP ..."},{"$i":"shortStatus-connected","$v":"مُتصِّل ."},{"$i":"shortStatus-connectingfailed","$v":"فشل الاتصال ."},{"$i":"shortStatus-disconnected","$v":"غير مُتصِّل"},{"$i":"securedBy","$v":["الشبكة مشفرة ب ",{"t":"idOrVar","v":"capabilities"}]},{"$i":"security","$v":"الأمن والحماية"},{"$i":"securityNone","$v":"لا يوجد"},{"$i":"securityWEP","$v":"WEP"},{"$i":"securityWPA-PSK","$v":"WPA-PSK"},{"$i":"securityWPA-EAP","$v":"WPA-EAP"},{"$i":"securityOpen","$v":"إفتح","ariaLabel":"الأمن والحماية "},{"$i":"identity","$v":"مستخدم"},{"$i":"identityInput","placeholder":"مستخدم"},{"$i":"password","$v":"كلمة المرور"},{"$i":"passwordInput","placeholder":"كلمة السِّر"},{"$i":"showPassword","$v":"أظهِر كلمة السِّر"},{"$i":"refresh","$v":"حدِّث"},{"$i":"noWifiFound3","$v":"لم يتم العثور على شبكات لاسلكية"},{"$i":"join-hidden-button","$v":"الإنضمام إلى شبكة مخفية"},{"$i":"authentication","$v":"المصادقة"},{"$i":"ssid-name","$v":"إسم شبكة SSID"},{"$i":"wifiLevel","ariaLabel":[{"t":"idOrVar","v":"level"}," ل‍أربع خانات"]},{"$i":"networksList","ariaLabel":"عُثِر على شبكات اتصال"},{"$i":"dateAndTime","$v":"التاريخ والوقت"},{"$i":"timezoneTitle","$v":["UTC",{"t":"idOrVar","v":"utcOffset"}," ",{"t":"idOrVar","v":"region"},"/",{"t":"idOrVar","v":"city"}]},{"$i":"timeZone","$v":"المنطقة الزمنية"},{"$i":"change","$v":"غيّر"},{"$i":"region","ariaLabel":"المنطقة"},{"$i":"city","ariaLabel":"المدينة"},{"$i":"date","ariaLabel":"تاريخ"},{"$i":"time","ariaLabel":"الوقت"},{"$i":"importContacts3","$v":"استورد جهات الاتصال"},{"$i":"importSim2","$v":"بطاقة SIM"},{"$i":"importFb2","$v":"الفيسبوك"},{"$i":"importOutlook","$v":"Outlook"},{"$i":"importGmail","$v":"Gmail"},{"$i":"fb-checking","$v":"... جارِ التحقق"},{"$i":"notImportedYet","$v":"لم يتم الاستيراد بعد"},{"$i":"otherAccount","$v":"حسابات أخرى"},{"$i":"afterFbImport","$v":"يمكنك استيراد وتحرير اصدقائك من الفيسبوك في أي وقت من اعدادات جهات الاتصال"},{"$i":"firefox-accounts","$v":"حساب فيرفكس"},{"$i":"fxa-upsell","innerHTML":"يُمكّنك حساب فَيَرفُكس من العثور على الهاتف إثر فقدانه وشراء التّطبيقات من متجر فَيَرفُكس."},{"$i":"fxa-create-account-or-sign-in","$v":"أنشء حسابًا أو سّجل الدخول"},{"$i":"fxa-email-sent","$v":["أُرسلت وصلة التفعيل إلى ",{"t":"idOrVar","v":"email"}]},{"$i":"fxa-signed-in","$v":["تم تسجيل الدّخول كـ ",{"t":"idOrVar","v":"email"}]},{"$i":"about-your-rights-0","$v":["تمّت كتابة ",{"t":"idOrVar","v":"brandShortName"}," اعتمادًا على برنامج حر ومفتوح المصدر ساهم فيه مُجتمع مُكوّن من آلاف المُساهمين من كل أنحاء العالم. هناك بضعة أمور ينبغي عليك أن تعرفها: "]},{"$i":"about-your-rights-1","$v":[{"t":"idOrVar","v":"brandShortName"}," مُتوفّر تحت عدّة تراخيص مفتوحة المصدر من ضمنها رُخصة موزيلا العامّة. يمكن لهاتف مُجهّز بـ ",{"t":"idOrVar","v":"brandShortName"}," أن يحتوي على برمجيات مملوكة لأطراف أخرى. تمنحك أي شيفرة منشورة تحت أحد التّراخيص المفتوحة الحقَّ في تعديل المصدر وتوزيعه، ما دمت مُمتثلا لأحكامها."]},{"$i":"about-your-rights-2","$v":["لا تملك أية حقوق مُتعلّقة بالعلامة التّجارية أو تراخيص مُتعلّقة بالعلامات التّجارية الخاصّة بمؤسّسة موزيلا أو أي طرف آحر، بما في ذلك اسم ",{"t":"idOrVar","v":"brandShortName"}," وشعاره."]},{"$i":"about-your-rights-3","$v":["بعض الميزات في ",{"t":"idOrVar","v":"brandShortName"},"، مثل مراسل اﻷعطال، تعطيك الخيار في توفير تقرير حال لموزيلا. عن طريق اختيار إرسال تقرير الحال، أنت تعطي الإذن لموزيلا في استخدام تقرير الحال لتحسين منتجاتها، في نشر تقرير الحال على مواقع الويب الخاصة بها، وفي توزيع تقرير الحال."]},{"$i":"about-other","$v":"أخرى"},{"$i":"SIM_mandatory","$v":"تحذير بطاقة SIM"},{"$i":"SIM_mandatory_warm","$v":"من فضلك، أدخل بطاقة SIM وأعد تشغيل هاتفك."},{"$i":"telemetry-sends2","$v":["يُتيح القياس عن بعد إرسال بيانات حول الأداء، العتاد، الإعدادات، التّخصيصات واستخدام التطبيقات على ",{"t":"idOrVar","v":"brandShortName"}," الخاص بك. نستخدم ذلك لجعل مُنتجاتنا أفضل، أسرع وأفضل تجاوبًا."]},{"$i":"learn-more-telemetry2","innerHTML":["اعرف المزيد على <a href=\"",{"t":"idOrVar","v":"href"},"\" class=\"",{"t":"idOrVar","v":"className"},"\">",{"t":"idOrVar","v":"textContent"},"</a>"]},{"$i":"learn-more-information2","innerHTML":["تعرَّف على كيفية معالجة موزيلا لمعلوماتك على <a href=\"",{"t":"idOrVar","v":"href"},"\" class=\"",{"t":"idOrVar","v":"className"},"\">",{"t":"idOrVar","v":"textContent"},"</a>"]},{"$i":"htmlWelcome2","innerHTML":["مرحبًا بك على <a href=\"",{"t":"idOrVar","v":"href"},"\" class=\"",{"t":"idOrVar","v":"className"},"\">",{"t":"idOrVar","v":"textContent"},"</a>، نظام تشغيل موزيلا المجّاني ومفتوح المصدر. مهمّتنا هي تشجيع وتعزيز الانفتاح والابتكار وخلق الفرص عبر المُحافظة على قوة الويب بين يديك."]},{"$i":"htmlWelcome-link","$v":[{"t":"idOrVar","v":"brandShortName"}]},{"$i":"helpImprove2","innerHTML":["بإمكانك مُساعدتنا  في تحسين خدماتنا ومُنتجاتنا عن طريق إرسال البيانات التّحليلية بشكل آلي. ألق نظرة على <a href=\"",{"t":"idOrVar","v":"href"},"\" class=\"",{"t":"idOrVar","v":"className"},"\">",{"t":"idOrVar","v":"textContent"},"</a> لتعرف كيف نتعامل مع بيانات جهازك."]},{"$i":"helpImprove-link","$v":"سياسة الخصوصية"},{"$i":"learn-more-privacy2","innerHTML":["اعرف كيف تُعامل موزيلا بياناتك <a href=\"",{"t":"idOrVar","v":"href"},"\" class=\"",{"t":"idOrVar","v":"className"},"\">",{"t":"idOrVar","v":"textContent"},"</a>."]},{"$i":"learn-more-privacy-link","$v":"سياسة الخصوصية"},{"$i":"aboutBrowser","$v":["حول ",{"t":"idOrVar","v":"brandShortName"}]},{"$i":"aboutYourPrivacy2","$v":"خصوصيتك"},{"$i":"mozillaCommunity2","$v":["عند استخدام ",{"t":"idOrVar","v":"brandShortName"},"، فإنك تصبح جزءا من مجتمع عالمي يساعد على بناء مستقبل أكثر إشراقا للوب. إذا كنت ترغب في معرفة المزيد عن مجتمع موزيلا، ومنتجاتنا الأخرى والأحداث القريبة منك، ادخل عنوان بريدك الالكتروني أدناه."]},{"$i":"sharePerformanceAndUsageData2","$v":"نعم، أرسل البيانات."},{"$i":"emailAddress","placeholder":"البريد الإلكتروني"},{"$i":"email-successfully-added","$v":"تم اضافة البريد الالكتروني بنجاح!"},{"$i":"email-loading","$v":"جارِ حفظ البريد الالكتروني..."},{"$i":"privacy-b2g","$v":[{"t":"idOrVar","v":"brandShortName"}],"title":[{"t":"idOrVar","v":"brandShortName"}]},{"$i":"privacy-marketplace","$v":"السوق","title":[{"t":"idOrVar","v":"privacy-marketplace"}]},{"$i":"privacy-eme","$v":"EverythingMe"},{"$i":"privacy-e-me","title":[{"t":"idOrVar","v":"privacy-e-me"}]},{"$i":"navbar-back","$v":"رجوع"},{"$i":"navbar-next","$v":"التالي"},{"$i":"navbar-join","$v":"انضم"},{"$i":"done","$v":"مُنجَز"},{"$i":"thatsIt","$v":"هذا كل شيء!"},{"$i":"startYourPhone","$v":"ابدأ جولة جوالك"},{"$i":"startYourTablet","$v":"ابدأ جولة جهازك اللوحي!"},{"$i":"joinTutorial","$v":"انضم لنا في جولة سريعة عن جوّالك الجديد."},{"$i":"joinTutorialUpdated","$v":"أحصل على نبذة عن التحديثات التي حصل عليها هاتفك!"},{"$i":"enjoyYourPhone","$v":"استمتع بجوّالك الجديد."},{"$i":"enjoyYourPhoneUpdated","$v":"أنت الآن جاهز للإستمتاع بتحديثات هاتفك."},{"$i":"optionsAvailable","$v":"يمكنك تغير اللغة والتاريخ واليوم ووصلة الواي فاي من خلال الإعدادات"},{"$i":"letsGo","$v":"هيا بنا"},{"$i":"startTour","$v":"ابدء الجولة"},{"$i":"thatsIt1Tablet-2","$v":"يمكنك دائما السحب بإصبعك من الحافة السفلى لدخول الشاشة الرئيسية."},{"$i":"thatsIt2Tablet-2","$v":"لنقم بذلك!"},{"$i":"tutorial","$v":"دروس تعليمية"},{"$i":"tutorial-step1-large-3","$v":"مرر سريعاً للأسفل للحصول على آخر التنبيهات، معلومات إستخدام بيانات الأنترنت والإعدادات."},{"$i":"tutorial-step2-large-2","$v":"اسحب بإصبعك من اليمين أو اليسار لإكتشاف تطبيقات جديدة على الشاشة الرئيسية."},{"$i":"tutorial-step3-large-2","$v":"إضغط على أيقونة لفترة لحذفها أو تحريكها."},{"$i":"tutorial-step4-large-2","$v":"مررإصبعين للأعلى من الحافة السفلية لتحريك عرض البطاقة."},{"$i":"tutorial-vertical-scroll-v2-tiny","$v":"مرر للأعلى و الأسفل لتصفّح التطبيقات و المواقع المفضلة لديك. انقر مع الاستمرار على أي أيقونة للحذف، النقل، أو التحرير."},{"$i":"tutorial-notifications-v2-tiny","$v":"مرر سريعا للاسفل للوصل لاخر التنبيهات، معلومات الرصيد والاعدادات."},{"$i":"tutorial-sheets-tiny","$v":"مرر من الحافة اليسرى من الشاشة للعودة إلى تطبيقات المستخدمة مؤخرا."},{"$i":"tutorial-rocketbar-tiny","$v":"انقر على خانة البحث في أي وقت لبدء البحث أو الذهاب إلى أي موقع."},{"$i":"tutorial-bookmarks-migration-tiny","$v":"تم نقل تفضيلاتك إلى صفحة البداية. لدى التّحرير انقر على أيّها لتحريرها أو لإعادة تسميتها."},{"$i":"tutorial-app-grouping-tiny","$v":"إضغط لفتح وإغلاق مجموعات التطبيق. إسحب تطبيقاً إلى مساحة جديدة لإنشاء مجموعة."},{"$i":"offline-dialog-title","$v":"يجب ان تكون متصل بالانترنت لمشاهدة هذه الصفحة"},{"$i":"offline-dialog-text","$v":["الرجاء الرجوع والاتصال بالانترنت. يمكنك دائما مشاهدة هذه الصفحة من الاعدادات أو ادخال   ",{"t":"idOrVar","v":"url"}," من أي متصفح."]},{"$i":"OK","$v":"موافق"},{"$i":"offline-newsletter-dialog-title","$v":"يجب ان تكون متصل بالانترنت للاشتراك في النشرة الاخبارية."},{"$i":"offline-newsletter-dialog-text","$v":"يرجى العودة والاتصال بالإنترنت."},{"$i":"invalid-email-dialog-title","$v":"بريدك الالكتروني غير صحيح"},{"$i":"invalid-email-dialog-text","$v":"يرجى العودة وتصحيح الإدخال."},{"$i":"retry","$v":"أعد المحاولة"},{"$i":"cancel","$v":"ألغِ"},{"$i":"progressbar","$v":["الخطوة ",{"t":"idOrVar","v":"step"}," من ",{"t":"idOrVar","v":"total"}],"ariaLabel":"تجربة لأول مرة"},{"$i":"weekday-0-long","$v":"الأحد"},{"$i":"weekday-1-long","$v":"الإثنين"},{"$i":"weekday-2-long","$v":"الثلاثاء"},{"$i":"weekday-3-long","$v":"الأربعاء"},{"$i":"weekday-4-long","$v":"الخميس"},{"$i":"weekday-5-long","$v":"الجمعة"},{"$i":"weekday-6-long","$v":"السبت"},{"$i":"weekday-0-short","$v":"أحد"},{"$i":"weekday-1-short","$v":"إثنين"},{"$i":"weekday-2-short","$v":"ثلاثاء"},{"$i":"weekday-3-short","$v":"أربعاء"},{"$i":"weekday-4-short","$v":"خميس"},{"$i":"weekday-5-short","$v":"جمعة"},{"$i":"weekday-6-short","$v":"سبت"},{"$i":"month-0-long","$v":"يناير"},{"$i":"month-1-long","$v":"فبراير"},{"$i":"month-2-long","$v":"مارس"},{"$i":"month-3-long","$v":"أبريل"},{"$i":"month-4-long","$v":"مايو"},{"$i":"month-5-long","$v":"يونيو"},{"$i":"month-6-long","$v":"يوليو"},{"$i":"month-7-long","$v":"أغسطس"},{"$i":"month-8-long","$v":"سبتمبر"},{"$i":"month-9-long","$v":"أكتوبر"},{"$i":"month-10-long","$v":"نوفمبر"},{"$i":"month-11-long","$v":"ديسمبر"},{"$i":"month-0-genitive","$v":"يناير"},{"$i":"month-1-genitive","$v":"فبراير"},{"$i":"month-2-genitive","$v":"مارس"},{"$i":"month-3-genitive","$v":"أبريل"},{"$i":"month-4-genitive","$v":"مايو"},{"$i":"month-5-genitive","$v":"يونيو"},{"$i":"month-6-genitive","$v":"يوليو"},{"$i":"month-7-genitive","$v":"أغسطس"},{"$i":"month-8-genitive","$v":"سبتمبر"},{"$i":"month-9-genitive","$v":"أكتوبر"},{"$i":"month-10-genitive","$v":"نوفمبر"},{"$i":"month-11-genitive","$v":"ديسمبر"},{"$i":"month-0-short","$v":"يناير"},{"$i":"month-1-short","$v":"فبراير"},{"$i":"month-2-short","$v":"مارس"},{"$i":"month-3-short","$v":"ابريل"},{"$i":"month-4-short","$v":"مايو"},{"$i":"month-5-short","$v":"يونيو"},{"$i":"month-6-short","$v":"يوليو"},{"$i":"month-7-short","$v":"أغسطس"},{"$i":"month-8-short","$v":"سبتمبر"},{"$i":"month-9-short","$v":"أكتوبر"},{"$i":"month-10-short","$v":"نوفمبر"},{"$i":"month-11-short","$v":"ديسمبر"},{"$i":"minutes-ago-long","$v":{"zero":"الآن","one":"منذ دقيقة","two":"منذ دقيقتين","few":["منذ ",{"t":"idOrVar","v":"value"}," دقائق"],"many":["منذ ",{"t":"idOrVar","v":"value"}," دقيقة"],"other":["منذ ",{"t":"idOrVar","v":"value"}," دقيقة"]},"$x":[{"t":"idOrVar","v":"plural"},"value"]},{"$i":"hours-ago-long","$v":{"zero":"الآن","one":"منذ ساعة","two":"منذ ساعتين","few":["قبل ",{"t":"idOrVar","v":"value"}," ساعات"],"many":["قبل ",{"t":"idOrVar","v":"value"}," ساعة"],"other":["قبل ",{"t":"idOrVar","v":"value"}," ساعة"]},"$x":[{"t":"idOrVar","v":"plural"},"value"]},{"$i":"days-ago-long","$v":{"zero":"اليوم","one":"أمس","two":"منذ يومين","few":["منذ ",{"t":"idOrVar","v":"value"}," أيام"],"many":["منذ ",{"t":"idOrVar","v":"value"}," يوم"],"other":["منذ ",{"t":"idOrVar","v":"value"}," يوم"]},"$x":[{"t":"idOrVar","v":"plural"},"value"]},{"$i":"weeks-ago-long","$v":{"zero":"هذا الأسبوع","one":"الأسبوع الماضي","two":"منذ أسبوعين","few":["منذ ",{"t":"idOrVar","v":"value"}," أسابيع"],"many":["منذ ",{"t":"idOrVar","v":"value"}," أسبوع"],"other":["منذ ",{"t":"idOrVar","v":"value"}," أسبوع"]},"$x":[{"t":"idOrVar","v":"plural"},"value"]},{"$i":"months-ago-long","$v":{"zero":"هذا الشهر","one":"الشهر الماضي","two":"منذ شهرين","few":["منذ ",{"t":"idOrVar","v":"value"}," أشهر"],"many":["منذ ",{"t":"idOrVar","v":"value"}," شهر"],"other":["منذ ",{"t":"idOrVar","v":"value"}," شهر"]},"$x":[{"t":"idOrVar","v":"plural"},"value"]},{"$i":"years-ago-long","$v":{"zero":"هذه السنة","one":"السنة الماضية","two":"منذ سنتين","few":["منذ ",{"t":"idOrVar","v":"value"}," سنوات"],"many":["منذ ",{"t":"idOrVar","v":"value"}," سنة"],"other":["منذ ",{"t":"idOrVar","v":"value"}," سنة"]},"$x":[{"t":"idOrVar","v":"plural"},"value"]},{"$i":"minutes-until-long","$v":{"zero":"الآن","one":"خلال دقيقة","two":"خلال دقيقتين","few":["خلال ",{"t":"idOrVar","v":"value"}," دقائق"],"many":["خلال ",{"t":"idOrVar","v":"value"}," دقيقة"],"other":["خلال ",{"t":"idOrVar","v":"value"}," دقيقة"]},"$x":[{"t":"idOrVar","v":"plural"},"value"]},{"$i":"hours-until-long","$v":{"zero":"الآن","one":"خلال ساعة","two":"خلال ساعتين","few":["خلال ",{"t":"idOrVar","v":"value"}," ساعات"],"many":["خلال ",{"t":"idOrVar","v":"value"}," ساعة"],"other":["خلال ",{"t":"idOrVar","v":"value"}," ساعة"]},"$x":[{"t":"idOrVar","v":"plural"},"value"]},{"$i":"days-until-long","$v":{"zero":"اليوم","one":"غداً","two":"خلال يومين","few":["خلال ",{"t":"idOrVar","v":"value"}," أيام"],"many":["خلال ",{"t":"idOrVar","v":"value"}," يوم"],"other":["خلال ",{"t":"idOrVar","v":"value"}," يوم"]},"$x":[{"t":"idOrVar","v":"plural"},"value"]},{"$i":"weeks-until-long","$v":{"zero":"هذا الأسبوع","one":"الأسبوع القادم","two":"خلال أسبوعين","few":["خلال ",{"t":"idOrVar","v":"value"}," أسابيع"],"many":["خلال ",{"t":"idOrVar","v":"value"}," أسبوع"],"other":["خلال ",{"t":"idOrVar","v":"value"}," أسبوع"]},"$x":[{"t":"idOrVar","v":"plural"},"value"]},{"$i":"months-until-long","$v":{"zero":"هذا الشهر","one":"الشهر القادم","two":"خلال شهرين","few":["خلال ",{"t":"idOrVar","v":"value"}," أشهر"],"many":["خلال ",{"t":"idOrVar","v":"value"}," شهر"],"other":["خلال ",{"t":"idOrVar","v":"value"}," شهر"]},"$x":[{"t":"idOrVar","v":"plural"},"value"]},{"$i":"years-until-long","$v":{"zero":"هذه السنة","one":"السنة القادمة","two":"خلال سنتين","few":["خلال ",{"t":"idOrVar","v":"value"}," سنوات"],"many":["خلال ",{"t":"idOrVar","v":"value"}," سنة"],"other":["خلال ",{"t":"idOrVar","v":"value"}," سنة"]},"$x":[{"t":"idOrVar","v":"plural"},"value"]},{"$i":"minutes-ago-short","$v":{"zero":"الآن","other":["منذ ",{"t":"idOrVar","v":"value"}," دقيقة"]},"$x":[{"t":"idOrVar","v":"plural"},"value"]},{"$i":"hours-ago-short","$v":{"zero":"الآن","other":["منذ ",{"t":"idOrVar","v":"value"}," س"]},"$x":[{"t":"idOrVar","v":"plural"},"value"]},{"$i":"days-ago-short","$v":{"zero":"اليوم","other":["منذ ",{"t":"idOrVar","v":"value"}," ي"]},"$x":[{"t":"idOrVar","v":"plural"},"value"]},{"$i":"minutes-until-short","$v":{"zero":"الآن","other":["خلال ",{"t":"idOrVar","v":"value"}," د"]},"$x":[{"t":"idOrVar","v":"plural"},"value"]},{"$i":"hours-until-short","$v":{"zero":"الآن","other":["خلال ",{"t":"idOrVar","v":"value"}," س"]},"$x":[{"t":"idOrVar","v":"plural"},"value"]},{"$i":"days-until-short","$v":{"zero":"اليوم","other":["خلال ",{"t":"idOrVar","v":"value"}," ي"]},"$x":[{"t":"idOrVar","v":"plural"},"value"]},{"$i":"incorrectDate","$v":"(تاريخ غير صحيح)"},{"$i":"dateTimeFormat_%c","$v":"%a %e %b %Y %I:%M:%S %p"},{"$i":"dateTimeFormat_%x","$v":"%d/%m/%Y"},{"$i":"dateTimeFormat_%X","$v":"%I:%M:%S %p"},{"$i":"shortTimeFormat","$v":"%I:%M %p"},{"$i":"shortTimeFormat12","$v":"%I:%M %p"},{"$i":"shortTimeFormat24","$v":"%H:%M"},{"$i":"shortDateTimeFormat","$v":"%x %I:%M %p"},{"$i":"weekStartsOnMonday","$v":"0 "},{"$i":"firstDayOfTheWeek","$v":"0"},{"$i":"time_am","$v":"ص"},{"$i":"time_pm","$v":"م"},{"$i":"tz-region","$v":"المنطقة"},{"$i":"tz-city","$v":"المدينة"},{"$i":"tzRegion-Africa","$v":"أفريقيا"},{"$i":"tzRegion-America","$v":"أمريكا"},{"$i":"tzRegion-Antarctica","$v":"القطب الجنوبي"},{"$i":"tzRegion-Asia","$v":"أسيا"},{"$i":"tzRegion-Atlantic","$v":"المحيط الأطلسي"},{"$i":"tzRegion-Australia","$v":"أستراليا"},{"$i":"tzRegion-Europe","$v":"أوروبا"},{"$i":"tzRegion-Indian","$v":"المحيط الهندي"},{"$i":"tzRegion-Pacific","$v":"المحيط الهادي"},{"$i":"close","$v":"أغلق"},{"$i":"import","$v":"استورد"},{"$i":"update","$v":"حدّث"},{"$i":"fbFriends","$v":"أصدقاء فيس‌بوك"},{"$i":"live-serviceName","$v":"Outlook"},{"$i":"gmail-serviceName","$v":"Gmail"},{"$i":"facebook-serviceName","$v":"أصدقاء فيس‌بوك"},{"$i":"selectAll","$v":"اختر الكل"},{"$i":"deselectAll","$v":"أزل اختيار الكلّ"},{"$i":"viewAll","$v":"اعرض كل أصدقاء فيس‌بوك"},{"$i":"viewRecommend","$v":"اعرض الموصى بهم فقط"},{"$i":"linkProposal","$v":{"zero":"لا أصدقاء مطابقين للبحث، يظهر الكلّ الآن.","one":"اختر الموصى به","two":"اختر واحدًا موصى به","few":"اختر واحدًا موصى به","many":"اختر واحدًا موصى به","other":"اختر واحدًا موصى به"},"$x":[{"t":"idOrVar","v":"plural"},"numFriends"]},{"$i":"fbFriendsFound","$v":{"zero":"تم استيراد جميع اصدقائك","one":"تم إيجاد صديق واحد للاستيراد","two":["تم العثور على ",{"t":"idOrVar","v":"numFriends"}," اصدقاء للاستيراد"],"few":["وُجِد ",{"t":"idOrVar","v":"numFriends"}," أصدقاء يستوردون"],"many":["وُجِد ",{"t":"idOrVar","v":"numFriends"}," صديقًا يستوردون"],"other":["وُجِد ",{"t":"idOrVar","v":"numFriends"}," صديقٍ يستوردون"]},"$x":[{"t":"idOrVar","v":"plural"},"numFriends"]},{"$i":"fbNoFriends","$v":"لا جهات اتصال يمكن استيرادها"},{"$i":"search-contact","placeholder":"ابحث"},{"$i":"noResults","$v":"لم يتم العثور على جهة اتصال"},{"$i":"done-search","$v":"تم"},{"$i":"progressFB3ImportTitle","$v":"يستورد أسماء الأصدقاء إلى جهات الاتصال"},{"$i":"progressFB","$v":[{"t":"idOrVar","v":"current"},"/",{"t":"idOrVar","v":"total"}]},{"$i":"progressFB3UpdateTitle","$v":"يُحدّث أسماء الأصدقاء في جهات الاتصال"},{"$i":"message2","$v":"قد يستغرق هذا بضعة دقائق"},{"$i":"messageLinking","$v":"انتظر قليلاً، نقوم بربط الأصدقاء بجهات الاتصال."},{"$i":"messageCanceling","$v":"انتظر قليلاً، نقوم بإلغاء العملية الجارية."},{"$i":"error1","$v":["خطأ ",{"t":"idOrVar","v":"from"}]},{"$i":"error2","$v":"هل تريد المحاولة مرة أخرى؟"},{"$i":"errorProposal","$v":"جارِ حساب المقترحات"},{"$i":"errorFriends","$v":"يجلب قائمة الأصدقاء"},{"$i":"errorLinking","$v":"يربط جهة الاتصال"},{"$i":"timeout1","$v":["تُخطِّيَت المهلة ",{"t":"idOrVar","v":"from"}]},{"$i":"timeout2","$v":"هل تريد المحاولة مرة أخرى؟"},{"$i":"timeoutProposal","$v":"يُحصي الاقتراحات"},{"$i":"timeoutFriends","$v":"يجلب قائمة الأصدقاء"},{"$i":"timeoutLinking","$v":"يربط جهات الاتصال"},{"$i":"wait1","$v":"انتظر قليلاً"},{"$i":"wait2","$v":"قد يستغرق هذا بضعة دقائق"},{"$i":"waitProposal","$v":"انتظر قليلاً. نقوم بتقييم الاقتراح."},{"$i":"waitFriends","$v":"انتظر قليلاً، نتّصل لجلب قائمة الأصدقاء."},{"$i":"curtainCancel","$v":"ألغ"},{"$i":"curtainRetry","$v":"حاول ثانية"},{"$i":"curtainOK","$v":"موافق"},{"$i":"connectionLost","$v":"لا يوجد اتصال بالانترنت"},{"$i":"connectionLostMsg","$v":"لن تضاف صور الأصدقاء إلى جهات الاتصال لديك. هل نتابع؟"},{"$i":"yesOption","$v":"موافق"},{"$i":"noOption","$v":"ألغ"},{"$i":"friendsUpdated","$v":{"zero":"لم يُحدّث أيّ صديق","one":"حُدِّث صديق واحد","two":"حُدِّث صديقان","few":["حُدِّث ",{"t":"idOrVar","v":"numFriends"}," أصدقاء"],"many":["حُدِّث ",{"t":"idOrVar","v":"numFriends"}," صديقًا"],"other":["حُدِّث ",{"t":"idOrVar","v":"numFriends"}," صديقٍ"]},"$x":[{"t":"idOrVar","v":"plural"},"numFriends"]},{"$i":"friendsMerged","$v":{"zero":"لا يتم إستيراد أي جهات إتصال مكررة","one":"تم إستيراد جهة إتصال مكررة واحدة","two":["تم دمج ",{"t":"idOrVar","v":"numDups"}," جهة اتصال"],"few":["تم دمج ",{"t":"idOrVar","v":"numDups"}," جهات إتصال"],"many":["تم دمج ",{"t":"idOrVar","v":"numDups"}," جهة إتصال"],"other":["تم دمج ",{"t":"idOrVar","v":"numDups"}," جهة إتصال"]},"$x":[{"t":"idOrVar","v":"plural"},"numDups"]},{"$i":"notificationLogin","$v":"جلسة الفيسبوك انتهت. الرجاء تسجيل الدخول."},{"$i":"syncError","$v":"حدث خطأ في تزامن بيانات اصدقائك"}]