[{"$i":"brandShortName","$v":"B2G OS"},{"$i":"browserBrandShortName","$v":"Web Browser"},{"$i":"browserBrandFullName","$v":"Mozilla Web Browser"},{"$i":"ringtoneBrandName","$v":"Default"},{"$i":"ringtoneSectionBrandName","$v":"System"},{"$i":"back","$v":"Назад"},{"$i":"noSimMsg","$v":"За да внасяте контакти, поставете или отключете SIM картата"},{"$i":"noMemoryCardMsg","$v":"За да внасяте контакти, поставете карта за памет"},{"$i":"importMemoryCard","$v":"Карта за памет"},{"$i":"noConnection11","$v":"За внасяне на приятели или контакти от Facebook, свържете се по Wi-Fi или мрежа за данни"},{"$i":"emptyAccount","$v":"В този профил не са открити приятели или контакти."},{"$i":"simContacts-import","$v":"Внасяне на контакти от SIM"},{"$i":"simContacts-importing","$v":"Внасяне на контактите от SIM…"},{"$i":"simContacts-reading","$v":"Четене от SIM карта…"},{"$i":"simContacts-error","$v":"Не можаха да се внесат контакти от SIM"},{"$i":"simContacts-imported3","$v":{"zero":"На SIM не са открити контакти","one":"Внесен един контакт","two":["Внесени ",{"t":"idOrVar","v":"n"}," контакта"],"few":["Внесени ",{"t":"idOrVar","v":"n"}," контакта"],"many":["Внесени ",{"t":"idOrVar","v":"n"}," контакта"],"other":["Внесени ",{"t":"idOrVar","v":"n"}," контакта"]},"$x":[{"t":"idOrVar","v":"plural"},"n"]},{"$i":"memoryCardContacts-import","$v":"Внасяне на контакти от карта за памет"},{"$i":"memoryCardContacts-importing","$v":"Внасяне на контакти от картата за памет…"},{"$i":"memoryCardContacts-reading","$v":"Четене от карта за памет…"},{"$i":"memoryCardContacts-error","$v":"Не са внесени контакти от картата за памет"},{"$i":"memoryCardContacts-imported3","$v":{"zero":"Няма контакти в картата за памет, които да се внесат","one":"Внесен е един контакт","two":["Внесени са ",{"t":"idOrVar","v":"n"}," контакта"],"few":["Внесени са ",{"t":"idOrVar","v":"n"}," контакта"],"many":["Внесени са ",{"t":"idOrVar","v":"n"}," контакта"],"other":["Внесени са ",{"t":"idOrVar","v":"n"}," контакта"]},"$x":[{"t":"idOrVar","v":"plural"},"n"]},{"$i":"genericProgress","$v":[{"t":"idOrVar","v":"current"},"/",{"t":"idOrVar","v":"total"}]},{"$i":"facebook","$v":"Facebook"},{"$i":"facebook-import-msg2","$v":[{"t":"idOrVar","v":"imported"},"/",{"t":"idOrVar","v":"total"}," внесени приятеля"]},{"$i":"contactsMerged","$v":{"zero":"Няма слети дублирани контакти","one":"Слят е един дублиран контакт","two":[{"t":"idOrVar","v":"numDups"}," контакта са слети"],"few":[{"t":"idOrVar","v":"numDups"}," контакта са слети"],"many":[{"t":"idOrVar","v":"numDups"}," контакта са слети"],"other":[{"t":"idOrVar","v":"numDups"}," контакта са слети"]},"$x":[{"t":"idOrVar","v":"plural"},"numDups"]},{"$i":"pincode2","$v":"Въведете PIN"},{"$i":"type_pin","$v":"Въведете вашия PIN код"},{"$i":"pincodeLabel","$v":["SIM ",{"t":"idOrVar","v":"n"}," PIN"]},{"$i":"pinValidation","$v":"PIN-ът трябва да е от 4 до 8 знака."},{"$i":"pinError","$v":"PIN-ът е неправилен."},{"$i":"pinAttemptMsg2","$v":{"one":"Имате още един опит за въвеждане на правилен код преди да се заключи SIM картата.","two":["Имате още ",{"t":"idOrVar","v":"n"}," опита за въвеждане на правилен код преди да се заключи SIM картата."],"few":["Имате още ",{"t":"idOrVar","v":"n"}," опита за въвеждане на правилен код преди да се заключи SIM картата."],"many":["Имате още ",{"t":"idOrVar","v":"n"}," опита за въвеждане на правилен код преди да се заключи SIM картата."],"other":["Имате още ",{"t":"idOrVar","v":"n"}," опита за въвеждане на правилен код преди да се заключи SIM картата."]},"$x":[{"t":"idOrVar","v":"plural"},"n"]},{"$i":"pinLastChanceMsg","$v":"Това е последен опит да въведете правилен PIN. В противен случай, трябва да въведете PUK, за да използвате SIM картата."},{"$i":"pukcode","$v":"Въведете PUK код"},{"$i":"pukcodeTitle","$v":["Въведете SIM ",{"t":"idOrVar","v":"n"}," PUK"]},{"$i":"pukcodeLabel","$v":["SIM ",{"t":"idOrVar","v":"n"}," PUK"]},{"$i":"type_puk","$v":"PUK код"},{"$i":"pukValidation","$v":"PUK кодът трябва да е точно 8 знака."},{"$i":"pukInfo","$v":"Трябва да въведете Personal Unlocking Key (PUK) код за SIM картата. Вижте документацията на SIM картата или се свържете с оператор за повече информация."},{"$i":"pukError","$v":"PUK-ът беше неправилен."},{"$i":"pukAttemptMsg2","$v":{"one":"Имате още един опит за въвеждане на код преди SIM картата да стане неизползваема. Вижте документацията на SIM картата или се свържете с оператор за повече информация.","two":["Имате ",{"t":"idOrVar","v":"n"}," опита да въведете правилен код преди SIM картата да стане неизползваема. Вижте документацията на SIM картата или се свържете с оператор за повече информация."],"few":["Имате ",{"t":"idOrVar","v":"n"}," опита да въведете правилен код преди SIM картата да стане неизползваема. Вижте документацията на SIM картата или се свържете с оператор за повече информация."],"many":["Имате ",{"t":"idOrVar","v":"n"}," опита да въведете правилен код преди SIM картата да стане неизползваема. Вижте документацията на SIM картата или се свържете с оператор за повече информация."],"other":["Имате ",{"t":"idOrVar","v":"n"}," опита да въведете правилен код преди SIM картата да стане неизползваема. Вижте документацията на SIM картата или се свържете с оператор за повече информация."]},"$x":[{"t":"idOrVar","v":"plural"},"n"]},{"$i":"pukLastChanceMsg","$v":"Това е последен опит да въведете правилен PUK. Вашата SIM карта ще стане неизползваема, ако го сгрешите."},{"$i":"create_newpin","$v":"Създаване на нов PIN (от 4 до 8 цифри)"},{"$i":"confirm_newpin","$v":"Потвърдете новия PIN"},{"$i":"newpinConfirmation","$v":"PIN кодовете не съвпадат"},{"$i":"nckcode","$v":"Въведете NCK"},{"$i":"cckcode","$v":"Въведете CCK"},{"$i":"spckcode","$v":"Въведете SPCK"},{"$i":"nck1code","$v":"Въведете NCK1"},{"$i":"nck2code","$v":"Въведете NCK2"},{"$i":"hnckcode","$v":"Въведете HNCK"},{"$i":"rcckcode","$v":"Въведете RCCK"},{"$i":"rspckcode","$v":"Въведете RSPCK"},{"$i":"nckcodeTitle","$v":["Въведете SIM ",{"t":"idOrVar","v":"n"}," NCK"]},{"$i":"cckcodeTitle","$v":["Въведете SIM ",{"t":"idOrVar","v":"n"}," CCK"]},{"$i":"spckcodeTitle","$v":["Въведете SIM ",{"t":"idOrVar","v":"n"}," SPCK"]},{"$i":"nck1codeTitle","$v":["Въведете SIM ",{"t":"idOrVar","v":"n"}," NCK1"]},{"$i":"nck2codeTitle","$v":["Въведете SIM ",{"t":"idOrVar","v":"n"}," NCK2"]},{"$i":"hnckcodeTitle","$v":["Въведете SIM ",{"t":"idOrVar","v":"n"}," HNCK"]},{"$i":"rcckcodeTitle","$v":["Въведете SIM ",{"t":"idOrVar","v":"n"}," RCCK"]},{"$i":"rspckcodeTitle","$v":["Въведете SIM ",{"t":"idOrVar","v":"n"}," RSPCK"]},{"$i":"nckcodeLabel","$v":["SIM ",{"t":"idOrVar","v":"n"}," NCK"]},{"$i":"cckcodeLabel","$v":["SIM ",{"t":"idOrVar","v":"n"}," CCK"]},{"$i":"spckcodeLabel","$v":["SIM ",{"t":"idOrVar","v":"n"}," SPCK"]},{"$i":"nck1codeLabel","$v":["SIM ",{"t":"idOrVar","v":"n"}," NCK1"]},{"$i":"nck2codeLabel","$v":["SIM ",{"t":"idOrVar","v":"n"}," NCK2"]},{"$i":"hnckcodeLabel","$v":["SIM ",{"t":"idOrVar","v":"n"}," HNCK"]},{"$i":"rcckcodeLabel","$v":["SIM ",{"t":"idOrVar","v":"n"}," RCCK"]},{"$i":"rspckcodeLabel","$v":["SIM ",{"t":"idOrVar","v":"n"}," RSPCK"]},{"$i":"type_nck","$v":"Въведете вашия NCK код"},{"$i":"type_cck","$v":"Въведете вашия CCK код"},{"$i":"type_spck","$v":"Въведете вашия SPCK код"},{"$i":"type_nck1","$v":"Въведете вашия NCK1 код"},{"$i":"type_nck2","$v":"Въведете вашия NCK2 код"},{"$i":"type_hnck","$v":"Въведете вашия HNCK код"},{"$i":"type_rcck","$v":"Въведете вашия RCCK код"},{"$i":"type_rspck","$v":"Въведете вашия RSPCK код"},{"$i":"nckValidation","$v":"NCK трябва да е от 8 до 16 знака."},{"$i":"cckValidation","$v":"CCK трябва да е от 8 до 16 знака."},{"$i":"spckValidation","$v":"SPCK трябва да е от 8 до 16 знака."},{"$i":"nck1Validation","$v":"NCK1 трябва да е от 8 до 16 знака."},{"$i":"nck2Validation","$v":"NCK2 трябва да е от 8 до 16 знака."},{"$i":"hnckValidation","$v":"HNCK трябва да е от 8 до 16 знака."},{"$i":"rcckValidation","$v":"RCCK трябва да е от 8 до 16 знака."},{"$i":"rspckValidation","$v":"RSPCK трябва да е от 8 до 16 знака."},{"$i":"nckErrorMsg","$v":"NCK кодът е грешен."},{"$i":"nckAttemptMsg2","$v":{"one":"Заявката за мрежово обезличаване е неуспешна. Имате един опит да въведете правилен код. Вижте документацията на SIM картата или се свържете с оператор за повече информация.","two":["Заявката за мрежово обезличаване е неуспешна. Имате ",{"t":"idOrVar","v":"n"}," опита да въведете правилен код. Вижте документацията на SIM картата или се свържете с оператор за повече информация."],"few":["Заявката за мрежово обезличаване е неуспешна. Имате ",{"t":"idOrVar","v":"n"}," опита да въведете правилен код. Вижте документацията на SIM картата или се свържете с оператор за повече информация."],"many":["Заявката за мрежово обезличаване е неуспешна. Имате ",{"t":"idOrVar","v":"n"}," опита да въведете правилен код. Вижте документацията на SIM картата или се свържете с оператор за повече информация."],"other":["Заявката за мрежово обезличаване е неуспешна. Имате ",{"t":"idOrVar","v":"n"}," опита да въведете правилен код. Вижте документацията на SIM картата или се свържете с оператор за повече информация."]},"$x":[{"t":"idOrVar","v":"plural"},"n"]},{"$i":"nckLastChanceMsg","$v":"Заявката за мрежово обезличаване е неуспешна. Последен опит да въведете правилен NCK код. Вижте документацията на SIM картата или се свържете с оператор за повече информация."},{"$i":"skip","$v":"Пропускане"},{"$i":"send","$v":"Изпращане"},{"$i":"ok","$v":"Добре"},{"$i":"simLocked","$v":"SIM картата е заключена"},{"$i":"inputCodeRetriesLeft","$v":{"one":"Последен опит.","two":[{"t":"idOrVar","v":"n"}," оставащи опита."],"few":[{"t":"idOrVar","v":"n"}," оставащи опита."],"many":[{"t":"idOrVar","v":"n"}," оставащи опита."],"other":[{"t":"idOrVar","v":"n"}," оставащи опита."]},"$x":[{"t":"idOrVar","v":"plural"},"n"]},{"$i":"simManager","$v":"Управление на SIM"},{"$i":"simDetail","$v":["SIM ",{"t":"idOrVar","v":"n"}]},{"$i":"simDefault","$v":"(по подразбиране)"},{"$i":"simDefaultMessage","$v":"Изходящите обаждания, изходящите съобщения и връзката за данни са зададени да използват SIM 1 по подразбиране"},{"$i":"simSettingsMessage","$v":"Можете да промените настройката по подразбиране в Настройки > Управление на SIM"},{"$i":"simPinLocked","$v":"SIM PIN е заключен"},{"$i":"noOperator","$v":"Няма оператор"},{"$i":"searchingOperator","$v":"Търсене"},{"$i":"language","$v":"Език"},{"$i":"3g","$v":"Клетъчни данни"},{"$i":"dataConnection","$v":"Включване на данни"},{"$i":"dataConnectionInfo","$v":"Включването на връзка за данни в момента ще позволи да настроите телефона си без да има Wi-Fi връзка. Можете да я включите и по-късно от Настройки. Просто се убедете, че сте на подходящ тарифен план, за да избегнете потенциално големи разходи."},{"$i":"caution","$v":"Предупреждение"},{"$i":"geolocation","$v":"Местоположение"},{"$i":"geolocationCheckbox","$v":"Вкл. местоположение"},{"$i":"geolocationInfo2","$v":[{"t":"idOrVar","v":"brandShortName"}," използва данни като GPS, Wi-Fi и близките мобилни мрежи, за да определи приблизителното ви местоположение."]},{"$i":"geolocationInfoMore","$v":"Данните се изпращат до Mozilla и други доставчици на услуги и ще бъдат използвани заедно за подобряване на тези бази данни за местоположение. Данните ще се съхраняват на вашето устройство и събирането на данни ще се осъществява дори и да няма работещи приложения в момента."},{"$i":"notice","$v":"Забележка"},{"$i":"aboutYourPrivacy","$v":"Повече за вашите лични данни"},{"$i":"scanningNetworks","$v":"Търсене на мрежи"},{"$i":"selectNetwork","$v":"Избиране на мрежа"},{"$i":"shortStatus-connecting","$v":"Свързване…"},{"$i":"shortStatus-associated","$v":"Получаване на IP адрес…"},{"$i":"shortStatus-connected","$v":"Свързана"},{"$i":"shortStatus-connectingfailed","$v":"Връзката пропадна"},{"$i":"shortStatus-disconnected","$v":"Без мрежа"},{"$i":"securedBy","$v":["подсигурена от ",{"t":"idOrVar","v":"capabilities"}]},{"$i":"security","$v":"Сигурност"},{"$i":"securityNone","$v":"Няма"},{"$i":"securityWEP","$v":"WEP"},{"$i":"securityWPA-PSK","$v":"WPA-PSK"},{"$i":"securityWPA-EAP","$v":"WPA-EAP"},{"$i":"securityOpen","$v":"Отваряне","ariaLabel":"Защита"},{"$i":"identity","$v":"Потребител"},{"$i":"identityInput","placeholder":"Потребител"},{"$i":"password","$v":"Парола"},{"$i":"passwordInput","placeholder":"Парола"},{"$i":"showPassword","$v":"Показване на паролата"},{"$i":"refresh","$v":"Опресняване"},{"$i":"noWifiFound3","$v":"Няма намерена безжична мрежа"},{"$i":"join-hidden-button","$v":"Настройка на скрита мрежа"},{"$i":"authentication","$v":"Удостоверяване"},{"$i":"ssid-name","$v":"Мрежово име SSID"},{"$i":"wifiLevel","ariaLabel":[{"t":"idOrVar","v":"level"}," от 4 чертички"]},{"$i":"networksList","ariaLabel":"Налични мрежи"},{"$i":"dateAndTime","$v":"Дата и час"},{"$i":"timezoneTitle","$v":["UTC",{"t":"idOrVar","v":"utcOffset"}," ",{"t":"idOrVar","v":"region"},"/",{"t":"idOrVar","v":"city"}]},{"$i":"timeZone","$v":"Часова зона"},{"$i":"change","$v":"Промяна"},{"$i":"region","ariaLabel":"Регион"},{"$i":"city","ariaLabel":"Град"},{"$i":"date","ariaLabel":"Дата"},{"$i":"time","ariaLabel":"Час"},{"$i":"importContacts3","$v":"Внасяне на контакти"},{"$i":"importSim2","$v":"SIM карта"},{"$i":"importFb2","$v":"Facebook"},{"$i":"importOutlook","$v":"Outlook"},{"$i":"importGmail","$v":"Gmail"},{"$i":"fb-checking","$v":"… проверяване"},{"$i":"notImportedYet","$v":"Не са внесени още"},{"$i":"otherAccount","$v":"Други регистрации"},{"$i":"afterFbImport","$v":"Можете да внесете и редактирате Facebook прителите си по всяко време в настройките на Контакти"},{"$i":"firefox-accounts","$v":"Firefox регистрация"},{"$i":"fxa-upsell","innerHTML":"Firefox регистрация ви позволява да намерите загубен телефон и да купувате приложения от Firefox Marketplace."},{"$i":"fxa-create-account-or-sign-in","$v":"Създаване на регистрация или вписване"},{"$i":"fxa-email-sent","$v":["Изпратена е проверяваща връзка до ",{"t":"idOrVar","v":"email"}]},{"$i":"fxa-signed-in","$v":["Вписани сте като ",{"t":"idOrVar","v":"email"}]},{"$i":"about-your-rights-0","$v":[{"t":"idOrVar","v":"brandShortName"}," е построен на свободен и отворен софтуерен код от общност от хиляди разработчици из целия свят. Има няколко неща, които трябва да знаете:"]},{"$i":"about-your-rights-1","$v":[{"t":"idOrVar","v":"brandShortName"}," е достъпно за вас благодарение на условията на няколко лиценза за отворен код, включително Публичния лиценз на Mozilla (MPL). Устройство с ",{"t":"idOrVar","v":"brandShortName"}," може да съдържа и собственически софтуер от трети страни.  Всеки код под отворен лиценз ви дава правото да променяте изходният код и да разпространявате вашия променен код, стига да се съобразявате с неговите условия."]},{"$i":"about-your-rights-2","$v":["Нямате позволение за каквито и да е права върху търговските марки на Фондация Mozilla или на друга страна, включително, но не само, върху името и логото на ",{"t":"idOrVar","v":"brandShortName"},"."]},{"$i":"about-your-rights-3","$v":["Някои възможности на ",{"t":"idOrVar","v":"brandShortName"},", например Докладване на сривове, ви дават възможност да осигурите обратна връзка на Mozilla. Избирайки да изпратите обратна връзка, давате на Mozilla разрешение да използва обратната връзка за подобряване на нейните продукти, публикуване на обратната връзка на страницата и разпространяване на обратната връзка."]},{"$i":"about-other","$v":"Други"},{"$i":"SIM_mandatory","$v":"Предупреждение за SIM картата"},{"$i":"SIM_mandatory_warm","$v":"Моля, поставете SIM карта и рестартирайте телефона."},{"$i":"telemetry-sends2","$v":["Телеметрията изпраща на Mozilla данни за производителността, хардуера, настройките и персонализациите на вашето устройство ",{"t":"idOrVar","v":"brandShortName"},". Използваме тази информация, за да направим продуктите си по-добри, по-бързи и по-пъргави."]},{"$i":"learn-more-telemetry2","innerHTML":["Научете повече на <a href=\"",{"t":"idOrVar","v":"href"},"\" class=\"",{"t":"idOrVar","v":"className"},"\">",{"t":"idOrVar","v":"textContent"},"</a>"]},{"$i":"learn-more-information2","innerHTML":["Научете как Mozilla борави с данните ви на <a href=\"",{"t":"idOrVar","v":"href"},"\" class=\"",{"t":"idOrVar","v":"className"},"\">",{"t":"idOrVar","v":"textContent"},"</a>"]},{"$i":"htmlWelcome2","innerHTML":["Добре дошли в <a href=\"",{"t":"idOrVar","v":"href"},"\" class=\"",{"t":"idOrVar","v":"className"},"\">",{"t":"idOrVar","v":"textContent"},"</a>, свободната операционна система с отворен код от Mozilla. Нашата мисия е да насърчаваме откритостта, иновациите и отворените възможности, като оставим силата на Интернет във вашите ръце."]},{"$i":"htmlWelcome-link","$v":[{"t":"idOrVar","v":"brandShortName"}]},{"$i":"helpImprove2","innerHTML":["Може да помогнете за подобряване на продуктите и услугите ни, като автоматично изпращате аналитични данни. Вижте нашата <a href=\"",{"t":"idOrVar","v":"href"},"\" class=\"",{"t":"idOrVar","v":"className"},"\">",{"t":"idOrVar","v":"textContent"},"</a>, за да научите как боравим с данните от устройството ви."]},{"$i":"helpImprove-link","$v":"Политика за личните данни"},{"$i":"learn-more-privacy2","innerHTML":["Научете как Mozilla борави с данните ви в нашата <a href=\"",{"t":"idOrVar","v":"href"},"\" class=\"",{"t":"idOrVar","v":"className"},"\">",{"t":"idOrVar","v":"textContent"},"</a>."]},{"$i":"learn-more-privacy-link","$v":"политиката за лични данни"},{"$i":"aboutBrowser","$v":["За ",{"t":"idOrVar","v":"brandShortName"}]},{"$i":"aboutYourPrivacy2","$v":"Вашите лични данни"},{"$i":"mozillaCommunity2","$v":["С използването на ",{"t":"idOrVar","v":"brandShortName"}," ставате част от глобална общност, помагайки в сътворяването на по-светло бъдеще за Мрежата. Ако искате да научите повече за общността на Mozilla, за нашите други продукти и събития близо до вас, моля въведете вашата ел.поща по-долу."]},{"$i":"sharePerformanceAndUsageData2","$v":"Да! Изпращай данни."},{"$i":"emailAddress","placeholder":"Адрес на ел.поща"},{"$i":"email-successfully-added","$v":"Адресът на ел.поща е успешно добавен"},{"$i":"email-loading","$v":"Запазване на вашата ел.поща…"},{"$i":"privacy-b2g","$v":[{"t":"idOrVar","v":"brandShortName"}],"title":[{"t":"idOrVar","v":"brandShortName"}]},{"$i":"privacy-marketplace","$v":"Marketplace","title":[{"t":"idOrVar","v":"privacy-marketplace"}]},{"$i":"privacy-eme","$v":"EverythingMe"},{"$i":"privacy-e-me","title":[{"t":"idOrVar","v":"privacy-e-me"}]},{"$i":"navbar-back","$v":"Назад"},{"$i":"navbar-next","$v":"Напред"},{"$i":"navbar-join","$v":"Присъединяване"},{"$i":"done","$v":"Готово"},{"$i":"thatsIt","$v":"Това беше!"},{"$i":"startYourPhone","$v":"Бърз преглед на вашия телефон!"},{"$i":"startYourTablet","$v":"Бърз преглед на вашия таблет!"},{"$i":"joinTutorial","$v":"Присъединете се за бързо въведение във възможностите на вашия телефон."},{"$i":"joinTutorialUpdated","$v":"Вижте бързо въведение в новите неща във вашия телефон!"},{"$i":"enjoyYourPhone","$v":"Наслаждавайте се на вашия нов телефон."},{"$i":"enjoyYourPhoneUpdated","$v":"Наслаждавайте се на вашия обновен телефон."},{"$i":"optionsAvailable","$v":"Можете да промените езика, датата/часа и връзката с Wi-Fi в настройките."},{"$i":"letsGo","$v":"Напред"},{"$i":"startTour","$v":"Начало"},{"$i":"thatsIt1Tablet-2","$v":"Винаги може да плъзнете от долния ъгъл, за да влезете в началния екран."},{"$i":"thatsIt2Tablet-2","$v":"Нека го направим!"},{"$i":"tutorial","$v":"Въведение"},{"$i":"tutorial-step1-large-3","$v":"Плъзнете надолу за достъп до последните известия, кредитна информация и настройки."},{"$i":"tutorial-step2-large-2","$v":"Плъзнете наляво или надясно, за да откриете нови приложения на началния екран."},{"$i":"tutorial-step3-large-2","$v":"Докоснете и задръжте икона за изтриване или преместване."},{"$i":"tutorial-step4-large-2","$v":"Плъзнете от долната част нагоре с два пръста, за да превключите на картов изглед."},{"$i":"tutorial-vertical-scroll-v2-tiny","$v":"Плъзгайте нагоре и надолу, за преглед на приложения и отметки. Докоснете и задръжте икона за премахване, премесване или редактиране."},{"$i":"tutorial-notifications-v2-tiny","$v":"Плъзнете надолу за достъп до последни известия, кредитна информация и настройки."},{"$i":"tutorial-sheets-tiny","$v":"Влачете от левия край на екрана, за да се върнете към отворените приложения."},{"$i":"tutorial-rocketbar-tiny","$v":"По всяко време може да докоснете полето за търсене, за да започнете търсене или да посетите страница."},{"$i":"tutorial-bookmarks-migration-tiny","$v":"Вашите отметки са преместени на началния екран. При редактиране, докоснете отметка, за да я редактирате или преименувате."},{"$i":"tutorial-app-grouping-tiny","$v":"Докоснете за сгъване и разгъване групи приложения. Влачете приложението на празно място за създаване на група."},{"$i":"offline-dialog-title","$v":"Трябва да сте свързан към Интернет, за да се покаже страницата."},{"$i":"offline-dialog-text","$v":["Моля, върнете се и се свържете с Интернет. Можете да разгледате страницата по-късно от Настройки или с въвеждане на ",{"t":"idOrVar","v":"url"}," в браузър."]},{"$i":"OK","$v":"Добре"},{"$i":"offline-newsletter-dialog-title","$v":"Трябва да сте свързан към Интернет, за да се абонирате за бюлетина."},{"$i":"offline-newsletter-dialog-text","$v":"Моля, върнете се и се свържете с Интернет."},{"$i":"invalid-email-dialog-title","$v":"Вашата ел. поща е невалидна."},{"$i":"invalid-email-dialog-text","$v":"Моля, върнете се и поправете въведеното."},{"$i":"retry","$v":"Нов опит"},{"$i":"cancel","$v":"Отказ"},{"$i":"progressbar","$v":["Стъпка ",{"t":"idOrVar","v":"step"}," от общо ",{"t":"idOrVar","v":"total"}],"ariaLabel":"Първи стъпки"},{"$i":"weekday-0-long","$v":"неделя"},{"$i":"weekday-1-long","$v":"понеделник"},{"$i":"weekday-2-long","$v":"вторник"},{"$i":"weekday-3-long","$v":"сряда"},{"$i":"weekday-4-long","$v":"четвъртък"},{"$i":"weekday-5-long","$v":"петък"},{"$i":"weekday-6-long","$v":"събота"},{"$i":"weekday-0-short","$v":"нед"},{"$i":"weekday-1-short","$v":"пон"},{"$i":"weekday-2-short","$v":"вто"},{"$i":"weekday-3-short","$v":"сря"},{"$i":"weekday-4-short","$v":"чет"},{"$i":"weekday-5-short","$v":"пет"},{"$i":"weekday-6-short","$v":"съб"},{"$i":"month-0-long","$v":"януари"},{"$i":"month-1-long","$v":"февруари"},{"$i":"month-2-long","$v":"мaрт"},{"$i":"month-3-long","$v":"април"},{"$i":"month-4-long","$v":"май"},{"$i":"month-5-long","$v":"юни"},{"$i":"month-6-long","$v":"юли"},{"$i":"month-7-long","$v":"август"},{"$i":"month-8-long","$v":"септември"},{"$i":"month-9-long","$v":"октомври"},{"$i":"month-10-long","$v":"ноември"},{"$i":"month-11-long","$v":"декември"},{"$i":"month-0-genitive","$v":"януари"},{"$i":"month-1-genitive","$v":"февруари"},{"$i":"month-2-genitive","$v":"мaрт"},{"$i":"month-3-genitive","$v":"април"},{"$i":"month-4-genitive","$v":"май"},{"$i":"month-5-genitive","$v":"юни"},{"$i":"month-6-genitive","$v":"юли"},{"$i":"month-7-genitive","$v":"август"},{"$i":"month-8-genitive","$v":"септември"},{"$i":"month-9-genitive","$v":"октомври"},{"$i":"month-10-genitive","$v":"ноември"},{"$i":"month-11-genitive","$v":"декември"},{"$i":"month-0-short","$v":"яну"},{"$i":"month-1-short","$v":"фев"},{"$i":"month-2-short","$v":"мар"},{"$i":"month-3-short","$v":"апр"},{"$i":"month-4-short","$v":"май"},{"$i":"month-5-short","$v":"юни"},{"$i":"month-6-short","$v":"юли"},{"$i":"month-7-short","$v":"авг"},{"$i":"month-8-short","$v":"сеп"},{"$i":"month-9-short","$v":"окт"},{"$i":"month-10-short","$v":"ное"},{"$i":"month-11-short","$v":"дек"},{"$i":"minutes-ago-long","$v":{"zero":"току-що","one":"преди минута","two":["преди ",{"t":"idOrVar","v":"value"}," минути"],"few":["преди ",{"t":"idOrVar","v":"value"}," минути"],"many":["преди ",{"t":"idOrVar","v":"value"}," минути"],"other":["преди ",{"t":"idOrVar","v":"value"}," минути"]},"$x":[{"t":"idOrVar","v":"plural"},"value"]},{"$i":"hours-ago-long","$v":{"zero":"току-що","one":"преди час","two":["преди ",{"t":"idOrVar","v":"value"}," часа"],"few":["преди ",{"t":"idOrVar","v":"value"}," часа"],"many":["преди ",{"t":"idOrVar","v":"value"}," часа"],"other":["преди ",{"t":"idOrVar","v":"value"}," часа"]},"$x":[{"t":"idOrVar","v":"plural"},"value"]},{"$i":"days-ago-long","$v":{"zero":"днес","one":"вчера","two":["преди ",{"t":"idOrVar","v":"value"}," дена"],"few":["преди ",{"t":"idOrVar","v":"value"}," дена"],"many":["преди ",{"t":"idOrVar","v":"value"}," дена"],"other":["преди ",{"t":"idOrVar","v":"value"}," дена"]},"$x":[{"t":"idOrVar","v":"plural"},"value"]},{"$i":"weeks-ago-long","$v":{"zero":"тази седмица","one":"миналата седмица","two":["преди ",{"t":"idOrVar","v":"value"}," седмици"],"few":["преди ",{"t":"idOrVar","v":"value"}," седмици"],"many":["преди ",{"t":"idOrVar","v":"value"}," седмици"],"other":["преди ",{"t":"idOrVar","v":"value"}," седмици"]},"$x":[{"t":"idOrVar","v":"plural"},"value"]},{"$i":"months-ago-long","$v":{"zero":"този месец","one":"миналия месец","two":["преди ",{"t":"idOrVar","v":"value"}," месеца"],"few":["преди ",{"t":"idOrVar","v":"value"}," месеца"],"many":["преди ",{"t":"idOrVar","v":"value"}," месеца"],"other":["преди ",{"t":"idOrVar","v":"value"}," месеца"]},"$x":[{"t":"idOrVar","v":"plural"},"value"]},{"$i":"years-ago-long","$v":{"zero":"тази година","one":"миналата година","two":["преди ",{"t":"idOrVar","v":"value"}," години"],"few":["преди ",{"t":"idOrVar","v":"value"}," години"],"many":["преди ",{"t":"idOrVar","v":"value"}," години"],"other":["преди ",{"t":"idOrVar","v":"value"}," години"]},"$x":[{"t":"idOrVar","v":"plural"},"value"]},{"$i":"minutes-until-long","$v":{"zero":"сега","one":"до една минута","two":["след ",{"t":"idOrVar","v":"value"}," минути"],"few":["след ",{"t":"idOrVar","v":"value"}," минути"],"many":["след ",{"t":"idOrVar","v":"value"}," минути"],"other":["след ",{"t":"idOrVar","v":"value"}," минути"]},"$x":[{"t":"idOrVar","v":"plural"},"value"]},{"$i":"hours-until-long","$v":{"zero":"сега","one":"до един час","two":["след ",{"t":"idOrVar","v":"value"}," часа"],"few":["след ",{"t":"idOrVar","v":"value"}," часа"],"many":["след ",{"t":"idOrVar","v":"value"}," часа"],"other":["след ",{"t":"idOrVar","v":"value"}," часа"]},"$x":[{"t":"idOrVar","v":"plural"},"value"]},{"$i":"days-until-long","$v":{"zero":"днес","one":"утре","two":["след ",{"t":"idOrVar","v":"value"}," дена"],"few":["след ",{"t":"idOrVar","v":"value"}," дена"],"many":["след ",{"t":"idOrVar","v":"value"}," дена"],"other":["след ",{"t":"idOrVar","v":"value"}," дена"]},"$x":[{"t":"idOrVar","v":"plural"},"value"]},{"$i":"weeks-until-long","$v":{"zero":"тази седмица","one":"другата седмица","two":["след ",{"t":"idOrVar","v":"value"}," седмици"],"few":["след ",{"t":"idOrVar","v":"value"}," седмици"],"many":["след ",{"t":"idOrVar","v":"value"}," седмици"],"other":["след ",{"t":"idOrVar","v":"value"}," седмици"]},"$x":[{"t":"idOrVar","v":"plural"},"value"]},{"$i":"months-until-long","$v":{"zero":"този месец","one":"другия месец","two":["след ",{"t":"idOrVar","v":"value"}," месеца"],"few":["след ",{"t":"idOrVar","v":"value"}," месеца"],"many":["след ",{"t":"idOrVar","v":"value"}," месеца"],"other":["след ",{"t":"idOrVar","v":"value"}," месеца"]},"$x":[{"t":"idOrVar","v":"plural"},"value"]},{"$i":"years-until-long","$v":{"zero":"тази година","one":"следващата година","two":["след ",{"t":"idOrVar","v":"value"}," години"],"few":["след ",{"t":"idOrVar","v":"value"}," години"],"many":["след ",{"t":"idOrVar","v":"value"}," години"],"other":["след ",{"t":"idOrVar","v":"value"}," години"]},"$x":[{"t":"idOrVar","v":"plural"},"value"]},{"$i":"minutes-ago-short","$v":{"zero":"току-що","other":["преди ",{"t":"idOrVar","v":"value"},"м"]},"$x":[{"t":"idOrVar","v":"plural"},"value"]},{"$i":"hours-ago-short","$v":{"zero":"току-що","other":["преди ",{"t":"idOrVar","v":"value"},"ч"]},"$x":[{"t":"idOrVar","v":"plural"},"value"]},{"$i":"days-ago-short","$v":{"zero":"днес","other":["преди ",{"t":"idOrVar","v":"value"},"д"]},"$x":[{"t":"idOrVar","v":"plural"},"value"]},{"$i":"minutes-until-short","$v":{"zero":"сега","other":["след ",{"t":"idOrVar","v":"value"},"м"]},"$x":[{"t":"idOrVar","v":"plural"},"value"]},{"$i":"hours-until-short","$v":{"zero":"сега","other":["след ",{"t":"idOrVar","v":"value"},"ч"]},"$x":[{"t":"idOrVar","v":"plural"},"value"]},{"$i":"days-until-short","$v":{"zero":"днес","other":["след ",{"t":"idOrVar","v":"value"},"д"]},"$x":[{"t":"idOrVar","v":"plural"},"value"]},{"$i":"incorrectDate","$v":"(невалидна дата)"},{"$i":"dateTimeFormat_%c","$v":"%a, %e %b %Y %H:%M:%S"},{"$i":"dateTimeFormat_%x","$v":"%d.%m.%Y"},{"$i":"dateTimeFormat_%X","$v":"%H:%M:%S"},{"$i":"shortTimeFormat","$v":"%I:%M %p"},{"$i":"shortTimeFormat12","$v":"%I:%M %p"},{"$i":"shortTimeFormat24","$v":"%H:%M"},{"$i":"shortDateTimeFormat","$v":"%x %H:%M"},{"$i":"weekStartsOnMonday","$v":"1"},{"$i":"firstDayOfTheWeek","$v":"1"},{"$i":"time_am","$v":"пр.об."},{"$i":"time_pm","$v":"сл.об."},{"$i":"tz-region","$v":"Регион"},{"$i":"tz-city","$v":"Град"},{"$i":"tzRegion-Africa","$v":"Африка"},{"$i":"tzRegion-America","$v":"Америка"},{"$i":"tzRegion-Antarctica","$v":"Антарктика"},{"$i":"tzRegion-Asia","$v":"Азия"},{"$i":"tzRegion-Atlantic","$v":"Атлантически океан"},{"$i":"tzRegion-Australia","$v":"Австралия"},{"$i":"tzRegion-Europe","$v":"Европа"},{"$i":"tzRegion-Indian","$v":"Индийски океан"},{"$i":"tzRegion-Pacific","$v":"Тихи океан"},{"$i":"close","$v":"Затваряне"},{"$i":"import","$v":"Внасяне"},{"$i":"update","$v":"Обновяване"},{"$i":"fbFriends","$v":"Facebook приятели"},{"$i":"live-serviceName","$v":"Outlook"},{"$i":"gmail-serviceName","$v":"Gmail"},{"$i":"facebook-serviceName","$v":"Facebook приятели"},{"$i":"selectAll","$v":"Избор всички"},{"$i":"deselectAll","$v":"Отмяна всички"},{"$i":"viewAll","$v":"Показване всички Facebook приятели"},{"$i":"viewRecommend","$v":"Показване само препоръчваните"},{"$i":"linkProposal","$v":{"zero":"Няма съвпадащи приятели. Показване на всички","one":"Изберете предпочитан","two":"Изберете предпочитан","few":"Изберете предпочитан","many":"Изберете предпочитан","other":"Изберете предпочитан"},"$x":[{"t":"idOrVar","v":"plural"},"numFriends"]},{"$i":"fbFriendsFound","$v":{"zero":"Всичките ви приятели са внесени","one":"Намерен е един приятел за внасяне","two":["Намерени са ",{"t":"idOrVar","v":"numFriends"}," приятеля за внасяне"],"few":["Намерени са ",{"t":"idOrVar","v":"numFriends"}," приятеля за внасяне"],"many":["Намерени са ",{"t":"idOrVar","v":"numFriends"}," приятеля за внасяне"],"other":["Намерени са ",{"t":"idOrVar","v":"numFriends"}," приятеля за внасяне"]},"$x":[{"t":"idOrVar","v":"plural"},"numFriends"]},{"$i":"fbNoFriends","$v":"Няма контакти за внасяне"},{"$i":"search-contact","placeholder":"Търсене"},{"$i":"noResults","$v":"Няма намерени контакти"},{"$i":"done-search","$v":"Готово"},{"$i":"progressFB3ImportTitle","$v":"Внасяне на приятели в Контакти"},{"$i":"progressFB","$v":[{"t":"idOrVar","v":"current"},"/",{"t":"idOrVar","v":"total"}]},{"$i":"progressFB3UpdateTitle","$v":"Обновяване на приятелите в Контакти"},{"$i":"message2","$v":"Това може да отнеме няколко минути"},{"$i":"messageLinking","$v":"Моля, изчакайте. Свързваме вашите приятели с вашите контакти."},{"$i":"messageCanceling","$v":"Моля, изчакайте. Прекъсваме текущата операция."},{"$i":"error1","$v":["Грешка при ",{"t":"idOrVar","v":"from"}]},{"$i":"error2","$v":"Искате ли да опитате отново?"},{"$i":"errorProposal","$v":"изчисляването на предложения"},{"$i":"errorFriends","$v":"извличането на приятели"},{"$i":"errorLinking","$v":"свързването на контакт"},{"$i":"timeout1","$v":["Изтичане на времето при ",{"t":"idOrVar","v":"from"}]},{"$i":"timeout2","$v":"Искате ли да опитате отново?"},{"$i":"timeoutProposal","$v":"изчисляването на предложения"},{"$i":"timeoutFriends","$v":"извличането на приятели"},{"$i":"timeoutLinking","$v":"свързването на контакт"},{"$i":"wait1","$v":"Моля, изчакайте"},{"$i":"wait2","$v":"Това може да отнеме няколко минути"},{"$i":"waitProposal","$v":"Моля, изчакайте. Свързваме вашите приятели с вашите контакти."},{"$i":"waitFriends","$v":"Моля, изчакайте. Свързваме се, за да получим вашия списък на приятели."},{"$i":"curtainCancel","$v":"Отказ"},{"$i":"curtainRetry","$v":"Нов опит"},{"$i":"curtainOK","$v":"Добре"},{"$i":"connectionLost","$v":"Няма връзка с Интернет"},{"$i":"connectionLostMsg","$v":"Фотографиите на приятелите ви няма да се добавят към вашите контакти. Продължаване въпреки това?"},{"$i":"yesOption","$v":"Добре"},{"$i":"noOption","$v":"Отказ"},{"$i":"friendsUpdated","$v":{"zero":"Няма обновявания на приятелите","one":"Обновен е един приятел","two":["Обновени са ",{"t":"idOrVar","v":"numFriends"}," приятели"],"few":["Обновени са ",{"t":"idOrVar","v":"numFriends"}," приятели"],"many":["Обновени са ",{"t":"idOrVar","v":"numFriends"}," приятели"],"other":["Обновени са ",{"t":"idOrVar","v":"numFriends"}," приятели"]},"$x":[{"t":"idOrVar","v":"plural"},"numFriends"]},{"$i":"friendsMerged","$v":{"zero":"Няма слети дублирани приятели","one":"Слят е един дублиран приятел","two":["Слети са ",{"t":"idOrVar","v":"numDups"}," дублирани приятеля"],"few":["Слети са ",{"t":"idOrVar","v":"numDups"}," дублирани приятеля"],"many":["Слети са ",{"t":"idOrVar","v":"numDups"}," дублирани приятеля"],"other":["Слети са ",{"t":"idOrVar","v":"numDups"}," дублирани приятели"]},"$x":[{"t":"idOrVar","v":"plural"},"numDups"]},{"$i":"notificationLogin","$v":"Сесията ви във Facebook е невалидна. Моля, впишете се."},{"$i":"syncError","$v":"Грешка при синхронизиране на данните на вашите приятели"}]