[{"$i":"brandShortName","$v":"B2G OS"},{"$i":"browserBrandShortName","$v":"Web Browser"},{"$i":"browserBrandFullName","$v":"Mozilla Web Browser"},{"$i":"ringtoneBrandName","$v":"Default"},{"$i":"ringtoneSectionBrandName","$v":"System"},{"$i":"back","$v":"পিছনে"},{"$i":"noSimMsg","$v":"পরিচিতিগুলি ইমপোর্ট করতে সিম কার্ড প্রবেশ করান অথবা আনলক করুন"},{"$i":"noMemoryCardMsg","$v":"পরিচিতিগুলি ইমপোর্ট করতে মেমরি কার্ড প্রবেশ করান"},{"$i":"importMemoryCard","$v":"মেমরি কার্ড"},{"$i":"noConnection11","$v":"ফেইসবুক বন্ধু অথবা পরিচিতিগুলি ইমপোর্ট করতে ওয়াই-ফাই বা ডাটা নেটওয়ার্কে যুক্ত করুন"},{"$i":"emptyAccount","$v":"No friends or contacts found in this account."},{"$i":"simContacts-import","$v":"পরিচিতিগুলি সিম কার্ডে নিয়ে আসুন"},{"$i":"simContacts-importing","$v":"পরিচিতিগুলি সিমে নিয়ে আসা হচ্ছে..."},{"$i":"simContacts-reading","$v":"সিম কার্ড থেকে পড়া হচ্ছে..."},{"$i":"simContacts-error","$v":"সিম কার্ড থেকে পরিচিতিগুলি আনা যায় নি"},{"$i":"simContacts-imported3","$v":{"zero":"SIM থেকে নিয়ে আসার মত কোন পরিচিতি পাওয়া যায়নি","one":"একটি পরিচিতি আনা হয়েছে","two":[{"t":"idOrVar","v":"n"},"টি পরিচিতি আনা হয়েছে"],"few":[{"t":"idOrVar","v":"n"},"টি পরিচিতি আনা হয়েছে"],"many":[{"t":"idOrVar","v":"n"},"টি পরিচিতি আনা হয়েছে"],"other":[{"t":"idOrVar","v":"n"},"টি পরিচিতি আনা হয়েছে"]},"$x":[{"t":"idOrVar","v":"plural"},"n"]},{"$i":"memoryCardContacts-import","$v":"মেমরি কার্ড থেকে পরিচিতি নিয়ে আসুন"},{"$i":"memoryCardContacts-importing","$v":"পরিচিতি মেমরি কার্ড থেকে নিয়ে আসা হচ্ছে..."},{"$i":"memoryCardContacts-reading","$v":"মেমরি কার্ড থেকে পড়া হচ্ছে..."},{"$i":"memoryCardContacts-error","$v":"মেমরি কার্ড থেকে পরিচিতিগুলি আনা যায় নি"},{"$i":"memoryCardContacts-imported3","$v":{"zero":"মেমোরি কার্ড থেকে নিয়ে আসার মত কোন পরিচিতি পাওয়া যায় নি","one":"একটি পরিচিত আনা হয়েছে","two":[{"t":"idOrVar","v":"n"},"টি পরিচিত আনা হয়েছে"],"few":[{"t":"idOrVar","v":"n"},"টি পরিচিতি আনা হয়েছে"],"many":[{"t":"idOrVar","v":"n"},"টি পরিচিত আনা হয়েছে"],"other":[{"t":"idOrVar","v":"n"},"টি পরিচিত আনা হয়েছে"]},"$x":[{"t":"idOrVar","v":"plural"},"n"]},{"$i":"genericProgress","$v":[{"t":"idOrVar","v":"current"},"/",{"t":"idOrVar","v":"total"}]},{"$i":"facebook","$v":"ফেসবুক"},{"$i":"facebook-import-msg2","$v":[{"t":"idOrVar","v":"imported"},"/",{"t":"idOrVar","v":"total"}," friends imported"]},{"$i":"contactsMerged","$v":{"zero":"সদৃশ পরিচিতি সংযুক্ত করা হয়নি","one":"একটি সদৃশ পরিচিতি যুক্ত করা হয়েছে","two":[{"t":"idOrVar","v":"numDups"},"টি পরিচিতি যুক্ত করা হয়েছে"],"few":[{"t":"idOrVar","v":"numDups"},"টি পরিচিতি যুক্ত করা হয়েছে"],"many":[{"t":"idOrVar","v":"numDups"},"টি পরিচিতি যুক্ত করা হয়েছে"],"other":[{"t":"idOrVar","v":"numDups"},"টি পরিচিতি যুক্ত করা হয়েছে"]},"$x":[{"t":"idOrVar","v":"plural"},"numDups"]},{"$i":"pincode2","$v":"পিন কোড প্রবেশ করুন"},{"$i":"type_pin","$v":"আপনার পিন কোড লিখুন"},{"$i":"pincodeLabel","$v":["সিম ",{"t":"idOrVar","v":"n"}," এর পিন"]},{"$i":"pinValidation","$v":"পিন অবশ্যই ৪ থেকে ৮ অক্ষরের হতে হবে।"},{"$i":"pinError","$v":"পিন ভুল।"},{"$i":"pinAttemptMsg2","$v":{"one":"সিম কার্ড লক হয়ে যাওয়ার আগে আপনার কাছে সঠিক কোড প্রবেশ করানোর জন্য একটি সুযোগ আছে","two":["সিম কার্ড লক হয়ে যাওয়ার আগে সঠিক কোড প্রবেশ করানোর জন্য আপনার কাছে ",{"t":"idOrVar","v":"n"}," টি সুযোগ আছে"],"few":["সিম কার্ড লক হয়ে যাওয়ার আগে সঠিক কোড প্রবেশ করানোর জন্য আপনার কাছে ",{"t":"idOrVar","v":"n"}," টি সুযোগ আছে"],"many":["সিম কার্ড লক হয়ে যাওয়ার আগে সঠিক কোড প্রবেশ করানোর জন্য আপনার কাছে ",{"t":"idOrVar","v":"n"}," টি সুযোগ আছে"],"other":["সিম কার্ড লক হয়ে যাওয়ার আগে সঠিক কোড প্রবেশ করানোর জন্য আপনার কাছে ",{"t":"idOrVar","v":"n"}," টি সুযোগ আছে"]},"$x":[{"t":"idOrVar","v":"plural"},"n"]},{"$i":"pinLastChanceMsg","$v":"আপনার সঠিক PIN দেওয়ার এটাই শেষ সুযোগ। অন্যথায়, এই সিম কার্ড ব্যবহার করতে আপনাকে PUK কোড দিতে হবে।"},{"$i":"pukcode","$v":"PUK কোড দিন"},{"$i":"pukcodeTitle","$v":["সিম ",{"t":"idOrVar","v":"n"}," এর পাক প্রবেশ করান"]},{"$i":"pukcodeLabel","$v":["সিম ",{"t":"idOrVar","v":"n"}," এর পাক"]},{"$i":"type_puk","$v":"PUK কোড"},{"$i":"pukValidation","$v":"PUK কোড অবশ্যই ৮ অক্ষরের হতে হবে।"},{"$i":"pukInfo","$v":"আপনাকে অবশ্যই সিম কার্ডের Personal Unlocking Key (PUK) কোড প্রবেশ করাতে হবে। সিম কার্ডের তথ্যগুলো দেখুন বা মোবাইল অপারেটর এর সাথে যোগাযোগ করুন।"},{"$i":"pukError","$v":"PUK কোডটি ভুল।"},{"$i":"pukAttemptMsg2","$v":{"one":"সিম কার্ড চিরতরে অকেজো হয়ে যাওয়ার আগে সঠিক কোড প্রবেশ করানোর জন্য আপনার কাছে একটি সুযোগ আছে। আপনার সিম কার্ডের নথিপত্র পড়ুন অথবা অধিক তথ্যের জন্য আপনার সেবাদানকারী সংস্থার সাথে যোগাযোগ করুন।","two":["সিম কার্ড চিরতরে অকেজো হয়ে যাওয়ার আগে সঠিক কোড প্রবেশ করানোর জন্য আপনার কাছে ",{"t":"idOrVar","v":"n"}," টি সুযোগ আছে। আপনার সিম কার্ডের নথিপত্র পড়ুন অথবা অধিক তথ্যের জন্য আপনার সেবাদানকারী সংস্থার সাথে যোগাযোগ করুন।"],"few":["সিম কার্ড চিরতরে অকেজো হয়ে যাওয়ার আগে সঠিক কোড প্রবেশ করানোর জন্য আপনার কাছে ",{"t":"idOrVar","v":"n"}," টি সুযোগ আছে। আপনার সিম কার্ডের নথিপত্র পড়ুন অথবা অধিক তথ্যের জন্য আপনার সেবাদানকারী সংস্থার সাথে যোগাযোগ করুন।"],"many":["সিম কার্ড চিরতরে অকেজো হয়ে যাওয়ার আগে সঠিক কোড প্রবেশ করানোর জন্য আপনার কাছে ",{"t":"idOrVar","v":"n"}," টি সুযোগ আছে। আপনার সিম কার্ডের নথিপত্র পড়ুন অথবা অধিক তথ্যের জন্য আপনার সেবাদানকারী সংস্থার সাথে যোগাযোগ করুন।"],"other":["সিম কার্ড চিরতরে অকেজো হয়ে যাওয়ার আগে সঠিক কোড প্রবেশ করানোর জন্য আপনার কাছে ",{"t":"idOrVar","v":"n"}," টি সুযোগ আছে। আপনার সিম কার্ডের নথিপত্র পড়ুন অথবা অধিক তথ্যের জন্য আপনার সেবাদানকারী সংস্থার সাথে যোগাযোগ করুন।"]},"$x":[{"t":"idOrVar","v":"plural"},"n"]},{"$i":"pukLastChanceMsg","$v":"সঠিক PUK কোড প্রবেশ করানোর জন্য এটাই আপনার শেষ সুযোগ। ভুল PUK কোড প্রবেশ করানোর কারনে আপনার সিম কার্ড টি চিরতরে অকেজো হয়ে যাবে।"},{"$i":"create_newpin","$v":"নুতুন PIN তৈরি করুন (৪ থেকে ৮ সংখ্যা)"},{"$i":"confirm_newpin","$v":"নতুন PIN নিশ্চিত করুন"},{"$i":"newpinConfirmation","$v":"PIN গুলো মিলছে না"},{"$i":"nckcode","$v":"NCK কোড দিন"},{"$i":"cckcode","$v":"CCK কোড দিন"},{"$i":"spckcode","$v":"SPCK কোড দিন"},{"$i":"nck1code","$v":"NCK1 কোড দিন"},{"$i":"nck2code","$v":"NCK2 কোড দিন"},{"$i":"hnckcode","$v":"HNCK কোড দিন"},{"$i":"rcckcode","$v":"RCCK কোড দিন"},{"$i":"rspckcode","$v":"RSPCK কোড দিন"},{"$i":"nckcodeTitle","$v":["সিম ",{"t":"idOrVar","v":"n"}," এর NCK প্রবেশ করান"]},{"$i":"cckcodeTitle","$v":["সিম ",{"t":"idOrVar","v":"n"}," এর CCK প্রবেশ করান"]},{"$i":"spckcodeTitle","$v":["সিম ",{"t":"idOrVar","v":"n"}," এর SPCK প্রবেশ করান"]},{"$i":"nck1codeTitle","$v":["সিম ",{"t":"idOrVar","v":"n"}," এর NCK1 প্রবেশ করান"]},{"$i":"nck2codeTitle","$v":["সিম ",{"t":"idOrVar","v":"n"}," এর NCK2 প্রবেশ করান"]},{"$i":"hnckcodeTitle","$v":["সিম ",{"t":"idOrVar","v":"n"}," এর HNCK প্রবেশ করান"]},{"$i":"rcckcodeTitle","$v":["সিম ",{"t":"idOrVar","v":"n"}," এর RCCK প্রবেশ করান"]},{"$i":"rspckcodeTitle","$v":["সিম ",{"t":"idOrVar","v":"n"}," এর RSPCK প্রবেশ করান"]},{"$i":"nckcodeLabel","$v":["সিম ",{"t":"idOrVar","v":"n"}," এর NCK"]},{"$i":"cckcodeLabel","$v":["সিম ",{"t":"idOrVar","v":"n"}," এর CCK"]},{"$i":"spckcodeLabel","$v":["সিম ",{"t":"idOrVar","v":"n"}," এর SPCK"]},{"$i":"nck1codeLabel","$v":["সিম ",{"t":"idOrVar","v":"n"}," এর NCK1"]},{"$i":"nck2codeLabel","$v":["সিম ",{"t":"idOrVar","v":"n"}," এর NCK2"]},{"$i":"hnckcodeLabel","$v":["সিম ",{"t":"idOrVar","v":"n"}," এর HNCK"]},{"$i":"rcckcodeLabel","$v":["সিম ",{"t":"idOrVar","v":"n"}," এর RCCK"]},{"$i":"rspckcodeLabel","$v":["সিম ",{"t":"idOrVar","v":"n"}," এর RSPCK"]},{"$i":"type_nck","$v":"আপনার NCK কোড লিখুন"},{"$i":"type_cck","$v":"আপনার CCK কোড লিখুন"},{"$i":"type_spck","$v":"আপনার SPCK কোড লিখুন"},{"$i":"type_nck1","$v":"আপনার NCK1 কোড লিখুন"},{"$i":"type_nck2","$v":"আপনার NCK2 কোড লিখুন"},{"$i":"type_hnck","$v":"আপনার HNCK কোড লিখুন"},{"$i":"type_rcck","$v":"আপনার RCCK কোড লিখুন"},{"$i":"type_rspck","$v":"আপনার RSPCK কোড লিখুন"},{"$i":"nckValidation","$v":"NCK অবশ্যই ৮ থেকে ১৬ অক্ষরের হতে হবে।"},{"$i":"cckValidation","$v":"CCK অবশ্যই ৮ থেকে ১৬ অক্ষরের হতে হবে।"},{"$i":"spckValidation","$v":"SPCK অবশ্যই ৮ থেকে ১৬ অক্ষরের হতে হবে।"},{"$i":"nck1Validation","$v":"NCK1 অবশ্যই ৮ থেকে ১৬ অক্ষরের হতে হবে।"},{"$i":"nck2Validation","$v":"NCK2 অবশ্যই ৮ থেকে ১৬ অক্ষরের হতে হবে।"},{"$i":"hnckValidation","$v":"HNCK অবশ্যই ৮ থেকে ১৬ অক্ষরের হতে হবে।"},{"$i":"rcckValidation","$v":"RCCK অবশ্যই ৮ থেকে ১৬ অক্ষরের হতে হবে।"},{"$i":"rspckValidation","$v":"RSPCK অবশ্যই ৮ থেকে ১৬ অক্ষরের হতে হবে।"},{"$i":"nckErrorMsg","$v":"NCK কোডটি ভুল।"},{"$i":"nckAttemptMsg2","$v":{"one":"নেটওয়ার্ক বাতিলের আবেদন ব্যর্থ হয়েছে। সঠিক কোড প্রবেশ করানোর জন্য আপনার কাছে একটি সুযোগ আছে। আপনার ডিভাইসের নথিপত্র পড়ুন অথবা অধিক তথ্যের জন্য আপনার অপারেটরের সাথে যোগাযোগ করুন।","two":["নেটওয়ার্ক বাতিলের আবেদন ব্যর্থ হয়েছে। সঠিক কোড প্রবেশ করানোর জন্য আপনার কাছে ",{"t":"idOrVar","v":"n"}," টি সুযোগ আছে। আপনার ডিভাইসের নথিপত্র পড়ুন অথবা অধিক তথ্যের জন্য আপনার অপারেটরের সাথে যোগাযোগ করুন।"],"few":["নেটওয়ার্ক বাতিলের আবেদন ব্যর্থ হয়েছে। সঠিক কোড প্রবেশ করানোর জন্য আপনার কাছে ",{"t":"idOrVar","v":"n"}," টি সুযোগ আছে। আপনার ডিভাইসের নথিপত্র পড়ুন অথবা অধিক তথ্যের জন্য আপনার অপারেটরের সাথে যোগাযোগ করুন।"],"many":["নেটওয়ার্ক বাতিলের আবেদন ব্যর্থ হয়েছে। সঠিক কোড প্রবেশ করানোর জন্য আপনার কাছে ",{"t":"idOrVar","v":"n"}," টি সুযোগ আছে। আপনার ডিভাইসের নথিপত্র পড়ুন অথবা অধিক তথ্যের জন্য আপনার অপারেটরের সাথে যোগাযোগ করুন।"],"other":["নেটওয়ার্ক বাতিলের আবেদন ব্যর্থ হয়েছে। সঠিক কোড প্রবেশ করানোর জন্য আপনার কাছে ",{"t":"idOrVar","v":"n"}," টি সুযোগ আছে। আপনার ডিভাইসের নথিপত্র পড়ুন অথবা অধিক তথ্যের জন্য আপনার অপারেটরের সাথে যোগাযোগ করুন।"]},"$x":[{"t":"idOrVar","v":"plural"},"n"]},{"$i":"nckLastChanceMsg","$v":"নেটওয়ার্ক বাতিলের আবেদন ব্যর্থ হয়েছে। সঠিক কোড প্রবেশ করানোর জন্য এটিই আপনার সর্বশেষ সুযোগ। আপনার ডিভাইসের নথিপত্র পড়ুন অথবা অধিক তথ্যের জন্য আপনার অপারেটরের সাথে যোগাযোগ করুন।"},{"$i":"skip","$v":"এড়িয়ে যান"},{"$i":"send","$v":"প্রেরণ"},{"$i":"ok","$v":"ওকে"},{"$i":"simLocked","$v":"সিম কার্ডটি তালাবদ্ধ করা হয়েছে"},{"$i":"inputCodeRetriesLeft","$v":{"one":"শেষ চেষ্টা।","two":[{"t":"idOrVar","v":"n"}," বার চেষ্টা বাকি আছে।"],"few":[{"t":"idOrVar","v":"n"}," বার চেষ্টা বাকি আছে।"],"many":[{"t":"idOrVar","v":"n"}," বার চেষ্টা বাকি আছে।"],"other":[{"t":"idOrVar","v":"n"}," বার চেষ্টা বাকি আছে।"]},"$x":[{"t":"idOrVar","v":"plural"},"n"]},{"$i":"simManager","$v":"সিম ব্যবস্থাপক"},{"$i":"simDetail","$v":["সিম ",{"t":"idOrVar","v":"n"}]},{"$i":"simDefault","$v":"(পূর্বনির্ধারিত)"},{"$i":"simDefaultMessage","$v":"আউটগোয়িং কল, আউটগোয়িং বার্তা এবং ডাটা সংযোগ পূর্বনির্ধারিতভাবে সিম ১ এ সেট করা"},{"$i":"simSettingsMessage","$v":"সেটিং > সিম কার্ড ব্যবস্থাপক এ গিয়ে আপনি পূর্বনির্ধারিত সেটিং পরিবর্তন করতে পারেন"},{"$i":"simPinLocked","$v":"সিমের পিন লক হয়ে গেছে"},{"$i":"noOperator","$v":"কোনো অপারেটর নেই"},{"$i":"searchingOperator","$v":"Searching"},{"$i":"language","$v":"ভাষা"},{"$i":"3g","$v":"সেলুলার ডাটা"},{"$i":"dataConnection","$v":"ডাটা সক্রিয় করুন"},{"$i":"dataConnectionInfo","$v":"ডাটা কানেকশন অনুমোদন সাপেক্ষে ওয়াই ফাই সংযোগ ছাড়াই আপনি আপনার ফোন সেট আপ করার অনুমতি পাবেন। আপনি সেটিং এ গিয়ে পরে তা সক্রিয় করতে পারবেন। আপনি শুধু সম্ভাব্য অতিরিক্ত চার্জ এড়ানোর আপনার অপারেটরের সঙ্গে ডাটা প্ল্যান আছে কিনা তা নিশ্চিত করুন।"},{"$i":"caution","$v":"সতর্কতা"},{"$i":"geolocation","$v":"ভূঅবস্থান"},{"$i":"geolocationCheckbox","$v":"ভূঅবস্থান সক্রিয়করণ"},{"$i":"geolocationInfo2","$v":[{"t":"idOrVar","v":"brandShortName"}," আপনার সঠিক অবস্থান জানার জন্য জিপিএস, ওয়াই-ফাই এবং আপনার কাছের মোবাইল নেটওয়ার্ক ব্যবহার করে।"]},{"$i":"geolocationInfoMore","$v":"মজিলা ও অন্যান্য পরিষেবা প্রদানকারীদের কাছে তথ্য পাঠানো হয় যাতে করে তারা তা ব্যবহারের মাধ্যমে অবস্থান ভিত্তিক উপাত্তের সমষ্টিগত উন্নতি করতে পারে।   তথ্য আপনার ডিভাইসের মধ্যে সংরক্ষিত হতে পারে এবং এমনকি যখন কোন অ্যাপ্লিকেশন চালানো হচ্ছে তখন তথ্য সংগ্রহ করা হতে পারে।"},{"$i":"notice","$v":"নোটিস"},{"$i":"aboutYourPrivacy","$v":"আপনার গোপনীয়তা সংরক্ষণ সম্পর্কে আরও জানুন"},{"$i":"scanningNetworks","$v":"নেটওয়ার্কের জন্য অনুসন্ধান চালানো হচ্ছে"},{"$i":"selectNetwork","$v":"নেটওয়ার্ক নির্বাচন করুন"},{"$i":"shortStatus-connecting","$v":"সংযুক্ত হচ্ছে..."},{"$i":"shortStatus-associated","$v":"আইপি ঠিকানা নিচ্ছে..."},{"$i":"shortStatus-connected","$v":"সংযুক্ত"},{"$i":"shortStatus-connectingfailed","$v":"সংযোগ ব্যর্থ"},{"$i":"shortStatus-disconnected","$v":"অফ-লাইন"},{"$i":"securedBy","$v":[{"t":"idOrVar","v":"capabilities"}," দ্বারা সুরক্ষিত"]},{"$i":"security","$v":"নিরাপত্তা"},{"$i":"securityNone","$v":"কোনটিই নয়"},{"$i":"securityWEP","$v":"WEP"},{"$i":"securityWPA-PSK","$v":"WPA-PSK"},{"$i":"securityWPA-EAP","$v":"WPA-EAP"},{"$i":"securityOpen","$v":"Open","ariaLabel":"Security"},{"$i":"identity","$v":"ব্যবহারকারী"},{"$i":"identityInput","placeholder":"ব্যবহারকারী"},{"$i":"password","$v":"পাসওয়ার্ড"},{"$i":"passwordInput","placeholder":"গোপন শব্দ"},{"$i":"showPassword","$v":"পাসওয়ার্ড প্রদর্শন"},{"$i":"refresh","$v":"রিফ্রেশ"},{"$i":"noWifiFound3","$v":"কোন ওয়্যারলেস নেটওয়ার্ক পাওয়া যায়নি"},{"$i":"join-hidden-button","$v":"গোপন বেতার সংযুক্তি"},{"$i":"authentication","$v":"অনুমোদন"},{"$i":"ssid-name","$v":"SSID নেটওয়ার্কের নাম"},{"$i":"wifiLevel","ariaLabel":[{"t":"idOrVar","v":"level"}," of 4 bars"]},{"$i":"networksList","ariaLabel":"Networks found"},{"$i":"dateAndTime","$v":"তারিখ ও সময়"},{"$i":"timezoneTitle","$v":["UTC",{"t":"idOrVar","v":"utcOffset"}," ",{"t":"idOrVar","v":"region"},"/",{"t":"idOrVar","v":"city"}]},{"$i":"timeZone","$v":"টাইম জোন"},{"$i":"change","$v":"পরিবর্তন করুন"},{"$i":"region","ariaLabel":"অঞ্চল"},{"$i":"city","ariaLabel":"শহর"},{"$i":"date","ariaLabel":"তারিখ"},{"$i":"time","ariaLabel":"সময়"},{"$i":"importContacts3","$v":"পরিচিতি তালিকা ইমপোর্ট করুন"},{"$i":"importSim2","$v":"সিম কার্ড"},{"$i":"importFb2","$v":"ফেসবুক"},{"$i":"importOutlook","$v":"আউটলুক"},{"$i":"importGmail","$v":"জিমেইল"},{"$i":"fb-checking","$v":"...পরীক্ষা করা হচ্ছে"},{"$i":"notImportedYet","$v":"এখনও আমদানী হয়নি"},{"$i":"otherAccount","$v":"অন্যান্য অ্যাকাউন্ট"},{"$i":"afterFbImport","$v":"পরিচিতি সেটিং এ আপনি যেকোনো সময় ফেসবুকের বন্ধুদের ইম্পোর্ট কিংবা সম্পাদনা করতে পারবেন"},{"$i":"firefox-accounts","$v":"ফায়ারফক্স অ্যাকাউন্ট"},{"$i":"fxa-upsell","innerHTML":"A Firefox Account lets you find a lost phone and buy apps from the Firefox Marketplace."},{"$i":"fxa-create-account-or-sign-in","$v":"অ্যাকাউন্ট তৈরি করুন বা সাইন ইন করুন"},{"$i":"fxa-email-sent","$v":[{"t":"idOrVar","v":"email"}," তে একটি সত্যায়ন লিঙ্ক পাঠানো হয়েছে"]},{"$i":"fxa-signed-in","$v":[{"t":"idOrVar","v":"email"}," দিয়ে সাইন ইন করা হয়েছে"]},{"$i":"about-your-rights-0","$v":[{"t":"idOrVar","v":"brandShortName"}," মুক্ত এবং ওপেনসোর্স সফট্ওয়্যার থেকে সারা বিশ্বের লাখো মানুষের সমবেত প্রচেষ্টায় তৈরী হয়েছে। এ সম্পর্কে বেশ কিছু বিষয় আপনার জানা প্রয়োজন:"]},{"$i":"about-your-rights-1","$v":[{"t":"idOrVar","v":"brandShortName"}," মজিলা পাবলিক লাইসেন্স সহ অন্যান্য মুক্ত লাইসেন্স এর আওতায় আপনার কাছে এসেছে। ",{"t":"idOrVar","v":"brandShortName"}," সহ একটি যন্ত্র অন্য কারো মালিকানাধীন সফটওয়্যার যুক্ত হতে পারে। আপনি যদি তাদের শর্ত মেনে চলেন তাহলে মুক্ত লাইসেন্স এর আওতাধীন কোড আপনাকে সোর্স কোড পরিবর্তন ও আপনার পরিবর্তিত সংস্করণ বিতরণের অধিকার দেয়।"]},{"$i":"about-your-rights-2","$v":[{"t":"idOrVar","v":"brandShortName"}," এর নাম বা লোগোর সীমাবদ্ধতাহীন মজিলা ফাউন্ডেশনের বা অন্য কোনো পক্ষের ট্রেডমার্কের জন্য আপনি কোনো ট্রেডমার্ক অধিকার বা লাইসেন্স গ্রহন করেননি।"]},{"$i":"about-your-rights-3","$v":[{"t":"idOrVar","v":"brandShortName"}," এর কিছু বৈশিষ্ট্যে যেমন, ক্র্যাশ রিপোর্টার মজিলায় প্রতিক্রিয়া জানানোর সুযোগ দেয়। প্রতিক্রিয়া জমা নির্বাচন করে আপনি মজিলাকে প্রতিক্রিয়া ব্যবহার করে পণ্য উন্নয়ন, ওয়েবসাইটে প্রতিক্রিয়া প্রকাশ এবং প্রতিক্রিয়া বন্টনের অনুমোদন দেন।"]},{"$i":"about-other","$v":"অন্যান্য"},{"$i":"SIM_mandatory","$v":"সিম কার্ড সতর্কতা"},{"$i":"SIM_mandatory_warm","$v":"সিম কার্ড প্রবেশ করান এবং ফোন পুনরায় চালু করুন।"},{"$i":"telemetry-sends2","$v":["টেলিমেট্রি মজিলার নিকট আপনার ",{"t":"idOrVar","v":"brandShortName"}," ডিভাইসের পারফরম্যান্স,হার্ডওয়ার,কনফিগারেশন এবং পরিবর্তনগুলো পাঠায়। আমাদের পণ্যগুলোতে আরও ভাল, দ্রুত এবং প্রতিক্রিয়াশীল করতে আমরা এগুলো ব্যবহার করি।"]},{"$i":"learn-more-telemetry2","innerHTML":["Learn more at <a href=\"",{"t":"idOrVar","v":"href"},"\" class=\"",{"t":"idOrVar","v":"className"},"\">",{"t":"idOrVar","v":"textContent"},"</a>"]},{"$i":"learn-more-information2","innerHTML":["Learn how Mozilla handles your information at <a href=\"",{"t":"idOrVar","v":"href"},"\" class=\"",{"t":"idOrVar","v":"className"},"\">",{"t":"idOrVar","v":"textContent"},"</a>"]},{"$i":"htmlWelcome2","innerHTML":["Welcome to <a href=\"",{"t":"idOrVar","v":"href"},"\" class=\"",{"t":"idOrVar","v":"className"},"\">",{"t":"idOrVar","v":"textContent"},"</a>, the free and open source operating system from Mozilla. Our mission is to promote openness, innovation and opportunity by keeping the power of the Web in your hands."]},{"$i":"htmlWelcome-link","$v":[{"t":"idOrVar","v":"brandShortName"}]},{"$i":"helpImprove2","innerHTML":["You can help us improve our products and services by automatically sending analytics data. See our <a href=\"",{"t":"idOrVar","v":"href"},"\" class=\"",{"t":"idOrVar","v":"className"},"\">",{"t":"idOrVar","v":"textContent"},"</a> to learn how we handle data from your device."]},{"$i":"helpImprove-link","$v":"Privacy Notice"},{"$i":"learn-more-privacy2","innerHTML":["Learn how Mozilla handles your information in our <a href=\"",{"t":"idOrVar","v":"href"},"\" class=\"",{"t":"idOrVar","v":"className"},"\">",{"t":"idOrVar","v":"textContent"},"</a>."]},{"$i":"learn-more-privacy-link","$v":"গোপনীয়তা নীতি"},{"$i":"aboutBrowser","$v":[{"t":"idOrVar","v":"brandShortName"}," সম্পর্কে"]},{"$i":"aboutYourPrivacy2","$v":"আপনার গোপনীয়তা"},{"$i":"mozillaCommunity2","$v":["যখন আপনি ",{"t":"idOrVar","v":"brandShortName"}," ব্যবহার করবেন তখন ওয়েবের একটি উজ্জ্বল ভবিষ্যৎ গড়ায় সাহায্যের জন্য আপনিও বিশ্ব সম্প্রদায়ের একজন হয়ে যাবেন। মজিলা সম্প্রদায়, আমাদের আরো প্রোডাক্ট এবং আপনার কাছের ইভেন্ট সম্পর্কে আরো জানতে এখানে আপনার ই-মেইল ঠিকানা প্রবেশ করান।"]},{"$i":"sharePerformanceAndUsageData2","$v":"Yes! Send data."},{"$i":"emailAddress","placeholder":"ইমেল ঠিকানা"},{"$i":"email-successfully-added","$v":"ইমেইল সফলভাবে যুক্ত হয়েছে"},{"$i":"email-loading","$v":"আপনার ইমেইল সংরক্ষণ করা হচ্ছে…"},{"$i":"privacy-b2g","$v":[{"t":"idOrVar","v":"brandShortName"}],"title":[{"t":"idOrVar","v":"brandShortName"}]},{"$i":"privacy-marketplace","$v":"মার্কেটপ্লেস","title":[{"t":"idOrVar","v":"privacy-marketplace"}]},{"$i":"privacy-eme","$v":"EverythingMe"},{"$i":"privacy-e-me","title":[{"t":"idOrVar","v":"privacy-e-me"}]},{"$i":"navbar-back","$v":"পিছনে"},{"$i":"navbar-next","$v":"পরবর্তী"},{"$i":"navbar-join","$v":"যোগ দিন"},{"$i":"done","$v":"হয়ে গেছে"},{"$i":"thatsIt","$v":"এখানেই সমাপ্ত!"},{"$i":"startYourPhone","$v":"আপনার ফোন সফর শুরু করুন!"},{"$i":"startYourTablet","$v":"আপনার ট্যবলেট সফর শুরু করুন!"},{"$i":"joinTutorial","$v":"আপনার নতুন ফোন সম্পর্কে একটি ত্বরিত টিউটোরিয়ালের জন্য আমাদের সাথে যোগ দিন।"},{"$i":"joinTutorialUpdated","$v":"Join us for a quick tutorial about the updates to your phone!"},{"$i":"enjoyYourPhone","$v":"আপনি আপনার নতুন ফোন উপভোগ করতে প্রস্তুত।"},{"$i":"enjoyYourPhoneUpdated","$v":"You’re ready to enjoy your updated phone."},{"$i":"optionsAvailable","$v":"সেটিং থেকে আপনি ভাষা, তারিখ/সময় এবং ওয়াই-ফাই সংযোগ পরিবর্তন করতে পারবেন।"},{"$i":"letsGo","$v":"চলুন যাই"},{"$i":"startTour","$v":"সফর শুরু"},{"$i":"thatsIt1Tablet-2","$v":"যেকোনো সময় প্রধান স্ক্রীনে প্রবেশ করতে নিচে থেকে সুইপ করতে পারেন।"},{"$i":"thatsIt2Tablet-2","$v":"চলুন করা যাক!"},{"$i":"tutorial","$v":"টিউটোরিয়াল"},{"$i":"tutorial-step1-large-3","$v":"Swipe down to access recent notifications, usage information and settings."},{"$i":"tutorial-step2-large-2","$v":"প্রধান স্ক্রিনে নতুন অ্যাপ অনুসন্ধানের জন্য বাম থেকে ডানে সুইপ করুন"},{"$i":"tutorial-step3-large-2","$v":"কোনো আইকন অপসারণ বা স্থানান্তর করতে তার উপর চেপে ধরুন।"},{"$i":"tutorial-step4-large-2","$v":"কার্ড ভিউ চালু বা বন্ধ করতে নিচ থেকে দুই আঙ্গুলে সুইপ করুন।"},{"$i":"tutorial-vertical-scroll-v2-tiny","$v":"Swipe up and down to browse your apps and bookmarks. Tap and hold an icon to delete, move, or edit it."},{"$i":"tutorial-notifications-v2-tiny","$v":"Swipe down to access recent notifications, usage information and settings."},{"$i":"tutorial-sheets-tiny","$v":"সাম্প্রতিক ব্যবহার করা অ্যাপে ফেরত যেতে স্ক্রীনের বাম প্রান্ত থেকে সুইপ করুন।"},{"$i":"tutorial-rocketbar-tiny","$v":"Tap on the search box anytime to start a search or go to a website."},{"$i":"tutorial-bookmarks-migration-tiny","$v":"Your bookmarks have been moved to the homescreen. When editing, tap a bookmark to edit or rename it."},{"$i":"tutorial-app-grouping-tiny","$v":"Tap to expand and collapse app groups. Drag an app into a new space to create a group."},{"$i":"offline-dialog-title","$v":"এই পৃষ্ঠা দেখার জন্য আপনাকে অবশ্যই ইন্টারনেটে সংযুক্ত থাকতে হবে।"},{"$i":"offline-dialog-text","$v":["অনুগ্রহ করে পিছনে ফেরত যান এবং ইন্টারনেট সংযুক্ত করুন। আপনি এই পৃষ্ঠা আবার পরে সেটিং থেকে অথবা ব্রাউজারে ",{"t":"idOrVar","v":"url"}," দিয়ে দেখতে পারবেন।"]},{"$i":"OK","$v":"ওকে"},{"$i":"offline-newsletter-dialog-title","$v":"এই নিউসলেটারের গ্রাহক হতে আপনাকে ইন্টারনেটে সংযুক্ত থাকতে হবে।"},{"$i":"offline-newsletter-dialog-text","$v":"পেছনে ফিরে যান এবং ইন্টারনেটে সংযুক্ত হন।"},{"$i":"invalid-email-dialog-title","$v":"এই নিউজ লেটারের গ্রাহক হতে আপনাকে ইন্টারনেটে সংযুক্ত হতে হবে।"},{"$i":"invalid-email-dialog-text","$v":"অনুগ্রহ করে পিছনে যান এবং আপনার লেখা সঠিক করুন।"},{"$i":"retry","$v":"পুনঃচেষ্টা"},{"$i":"cancel","$v":"বাতিল"},{"$i":"progressbar","$v":[{"t":"idOrVar","v":"total"}," থেকে ",{"t":"idOrVar","v":"step"}," ধাপ"],"ariaLabel":"প্রথমবারের অভিজ্ঞতা"},{"$i":"weekday-0-long","$v":"রবিবার"},{"$i":"weekday-1-long","$v":"সোমবার"},{"$i":"weekday-2-long","$v":"মঙ্গলবার"},{"$i":"weekday-3-long","$v":"বুধবার"},{"$i":"weekday-4-long","$v":"বৃহস্পতিবার"},{"$i":"weekday-5-long","$v":"শুক্রবার"},{"$i":"weekday-6-long","$v":"শনিবার"},{"$i":"weekday-0-short","$v":"রবি"},{"$i":"weekday-1-short","$v":"সোম"},{"$i":"weekday-2-short","$v":"মঙ্গল"},{"$i":"weekday-3-short","$v":"বুধ"},{"$i":"weekday-4-short","$v":"বৃহঃ"},{"$i":"weekday-5-short","$v":"শুক্র"},{"$i":"weekday-6-short","$v":"শনি"},{"$i":"month-0-long","$v":"জানুয়ারি"},{"$i":"month-1-long","$v":"ফেব্রুয়ারি"},{"$i":"month-2-long","$v":"মার্চ"},{"$i":"month-3-long","$v":"এপ্রিল"},{"$i":"month-4-long","$v":"মে"},{"$i":"month-5-long","$v":"জুন"},{"$i":"month-6-long","$v":"জুলাই"},{"$i":"month-7-long","$v":"আগস্ট"},{"$i":"month-8-long","$v":"সেপ্টেম্বর"},{"$i":"month-9-long","$v":"অক্টোবর"},{"$i":"month-10-long","$v":"নভেম্বর"},{"$i":"month-11-long","$v":"ডিসেম্বর"},{"$i":"month-0-genitive","$v":"জানুয়ারি"},{"$i":"month-1-genitive","$v":"ফেব্রুয়ারি"},{"$i":"month-2-genitive","$v":"মার্চ"},{"$i":"month-3-genitive","$v":"এপ্রিল"},{"$i":"month-4-genitive","$v":"মে"},{"$i":"month-5-genitive","$v":"জুন"},{"$i":"month-6-genitive","$v":"জুলাই"},{"$i":"month-7-genitive","$v":"আগস্ট"},{"$i":"month-8-genitive","$v":"সেপ্টেম্বর"},{"$i":"month-9-genitive","$v":"অক্টোবর"},{"$i":"month-10-genitive","$v":"নভেম্বর"},{"$i":"month-11-genitive","$v":"ডিসেম্বর"},{"$i":"month-0-short","$v":"জানু"},{"$i":"month-1-short","$v":"ফেব্রু"},{"$i":"month-2-short","$v":"মার্চ"},{"$i":"month-3-short","$v":"এপ্রিল"},{"$i":"month-4-short","$v":"মে"},{"$i":"month-5-short","$v":"জুন"},{"$i":"month-6-short","$v":"জুলাই"},{"$i":"month-7-short","$v":"আগস্ট"},{"$i":"month-8-short","$v":"সেপ্ট"},{"$i":"month-9-short","$v":"অক্টো"},{"$i":"month-10-short","$v":"নভে"},{"$i":"month-11-short","$v":"ডিসে"},{"$i":"minutes-ago-long","$v":{"zero":"এইমাত্র","one":"১ মিনিট পূর্বে","two":[{"t":"idOrVar","v":"value"}," মিনিট পূর্বে"],"few":[{"t":"idOrVar","v":"value"}," মিনিট পূর্বে"],"many":[{"t":"idOrVar","v":"value"}," মিনিট পূর্বে"],"other":[{"t":"idOrVar","v":"value"}," মিনিট পূর্বে"]},"$x":[{"t":"idOrVar","v":"plural"},"value"]},{"$i":"hours-ago-long","$v":{"zero":"এইমাত্র","one":"১ ঘন্টা পূর্বে","two":[{"t":"idOrVar","v":"value"}," ঘন্টা পূর্বে"],"few":[{"t":"idOrVar","v":"value"}," ঘন্টা পূর্বে"],"many":[{"t":"idOrVar","v":"value"}," ঘন্টা পূর্বে"],"other":[{"t":"idOrVar","v":"value"}," ঘন্টা পূর্বে"]},"$x":[{"t":"idOrVar","v":"plural"},"value"]},{"$i":"days-ago-long","$v":{"zero":"আজ","one":"গতকাল","two":[{"t":"idOrVar","v":"value"}," দিন পূর্বে"],"few":[{"t":"idOrVar","v":"value"}," দিন পূর্বে"],"many":[{"t":"idOrVar","v":"value"}," দিন পূর্বে"],"other":[{"t":"idOrVar","v":"value"}," দিন পূর্বে"]},"$x":[{"t":"idOrVar","v":"plural"},"value"]},{"$i":"weeks-ago-long","$v":{"zero":"এই সপ্তাহে","one":"গত সপ্তাহ","two":[{"t":"idOrVar","v":"value"}," সপ্তাহ পূর্বে"],"few":[{"t":"idOrVar","v":"value"}," সপ্তাহ পূর্বে"],"many":[{"t":"idOrVar","v":"value"}," সপ্তাহ পূর্বে"],"other":[{"t":"idOrVar","v":"value"}," সপ্তাহ পূর্বে"]},"$x":[{"t":"idOrVar","v":"plural"},"value"]},{"$i":"months-ago-long","$v":{"zero":"চলতি মাস","one":"গত মাস","two":[{"t":"idOrVar","v":"value"}," মাস পূর্বে"],"few":[{"t":"idOrVar","v":"value"}," মাস পূর্বে"],"many":[{"t":"idOrVar","v":"value"}," মাস পূর্বে"],"other":[{"t":"idOrVar","v":"value"}," মাস পূর্বে"]},"$x":[{"t":"idOrVar","v":"plural"},"value"]},{"$i":"years-ago-long","$v":{"zero":"এই বছর","one":"গত বছর","two":[{"t":"idOrVar","v":"value"}," বছর আগে"],"few":[{"t":"idOrVar","v":"value"}," বছর পূর্বে"],"many":[{"t":"idOrVar","v":"value"}," বছর পূর্বে"],"other":[{"t":"idOrVar","v":"value"}," বছর পূর্বে"]},"$x":[{"t":"idOrVar","v":"plural"},"value"]},{"$i":"minutes-until-long","$v":{"zero":"এখন","one":"এক মিনিটের মধ্যে","two":[{"t":"idOrVar","v":"value"}," মিনিটের মধ্যে"],"few":[{"t":"idOrVar","v":"value"}," মিনিটের মধ্যে"],"many":[{"t":"idOrVar","v":"value"}," মিনিটের মধ্যে"],"other":[{"t":"idOrVar","v":"value"}," মিনিটের মধ্যে"]},"$x":[{"t":"idOrVar","v":"plural"},"value"]},{"$i":"hours-until-long","$v":{"zero":"এখন","one":"এক ঘন্টার মধ্যে","two":[{"t":"idOrVar","v":"value"}," ঘন্টার মধ্যে"],"few":[{"t":"idOrVar","v":"value"}," ঘন্টার মধ্যে"],"many":[{"t":"idOrVar","v":"value"}," ঘন্টার মধ্যে"],"other":[{"t":"idOrVar","v":"value"}," ঘন্টার মধ্যে"]},"$x":[{"t":"idOrVar","v":"plural"},"value"]},{"$i":"days-until-long","$v":{"zero":"আজ","one":"আগামীকাল","two":[{"t":"idOrVar","v":"value"}," দিনের মধ্যে"],"few":[{"t":"idOrVar","v":"value"}," দিনের মধ্যে"],"many":[{"t":"idOrVar","v":"value"}," দিনের মধ্যে"],"other":[{"t":"idOrVar","v":"value"}," দিনের মধ্যে"]},"$x":[{"t":"idOrVar","v":"plural"},"value"]},{"$i":"weeks-until-long","$v":{"zero":"এই সপ্তাহ","one":"পরবর্তী সপ্তাহ","two":[{"t":"idOrVar","v":"value"}," সপ্তাহের মধ্যে"],"few":[{"t":"idOrVar","v":"value"}," সপ্তাহের মধ্যে"],"many":[{"t":"idOrVar","v":"value"}," সপ্তাহের মধ্যে"],"other":[{"t":"idOrVar","v":"value"}," সপ্তাহের মধ্যে"]},"$x":[{"t":"idOrVar","v":"plural"},"value"]},{"$i":"months-until-long","$v":{"zero":"এই মাস","one":"পরবর্তী মাস","two":[{"t":"idOrVar","v":"value"}," মাসের মধ্যে"],"few":[{"t":"idOrVar","v":"value"}," মাসের মধ্যে"],"many":[{"t":"idOrVar","v":"value"}," মাসের মধ্যে"],"other":[{"t":"idOrVar","v":"value"}," মাসের মধ্যে"]},"$x":[{"t":"idOrVar","v":"plural"},"value"]},{"$i":"years-until-long","$v":{"zero":"এই বছর","one":"আগামী বছর","two":[{"t":"idOrVar","v":"value"}," বছরের মধ্যে"],"few":[{"t":"idOrVar","v":"value"}," বছরের মধ্যে"],"many":[{"t":"idOrVar","v":"value"}," বছরের মধ্যে"],"other":[{"t":"idOrVar","v":"value"}," বছরের মধ্যে"]},"$x":[{"t":"idOrVar","v":"plural"},"value"]},{"$i":"minutes-ago-short","$v":{"zero":"এইমাত্র","other":[{"t":"idOrVar","v":"value"},"মি. পূর্বে"]},"$x":[{"t":"idOrVar","v":"plural"},"value"]},{"$i":"hours-ago-short","$v":{"zero":"এইমাত্র","other":[{"t":"idOrVar","v":"value"},"ঘন্টা পূর্বে"]},"$x":[{"t":"idOrVar","v":"plural"},"value"]},{"$i":"days-ago-short","$v":{"zero":"আজ","other":[{"t":"idOrVar","v":"value"},"দিন পূর্বে"]},"$x":[{"t":"idOrVar","v":"plural"},"value"]},{"$i":"minutes-until-short","$v":{"zero":"এখন","other":[{"t":"idOrVar","v":"value"}," মিনিটের মধ্যে"]},"$x":[{"t":"idOrVar","v":"plural"},"value"]},{"$i":"hours-until-short","$v":{"zero":"এখন","other":[{"t":"idOrVar","v":"value"},"ঘন্টার মধ্যে"]},"$x":[{"t":"idOrVar","v":"plural"},"value"]},{"$i":"days-until-short","$v":{"zero":"আজ","other":[{"t":"idOrVar","v":"value"},"দিনের মধ্যে"]},"$x":[{"t":"idOrVar","v":"plural"},"value"]},{"$i":"incorrectDate","$v":"(ভুল তারিখ)"},{"$i":"dateTimeFormat_%c","$v":"%a %b %e %Y %I:%M:%S %p"},{"$i":"dateTimeFormat_%x","$v":"%m/%d/%Y"},{"$i":"dateTimeFormat_%X","$v":"%I:%M:%S %p"},{"$i":"shortTimeFormat","$v":"%I:%M %p"},{"$i":"shortTimeFormat12","$v":"%I:%M %p"},{"$i":"shortTimeFormat24","$v":"%H:%M"},{"$i":"shortDateTimeFormat","$v":"%x %I:%M %p"},{"$i":"weekStartsOnMonday","$v":"0"},{"$i":"firstDayOfTheWeek","$v":"0"},{"$i":"time_am","$v":"AM"},{"$i":"time_pm","$v":"PM"},{"$i":"tz-region","$v":"অঞ্চল"},{"$i":"tz-city","$v":"শহর"},{"$i":"tzRegion-Africa","$v":"আফ্রিকা"},{"$i":"tzRegion-America","$v":"আমেরিকা"},{"$i":"tzRegion-Antarctica","$v":"অ্যান্টার্কটিকা"},{"$i":"tzRegion-Asia","$v":"এশিয়া"},{"$i":"tzRegion-Atlantic","$v":"আটলান্টিক মহাসাগর"},{"$i":"tzRegion-Australia","$v":"অস্ট্রেলিয়া"},{"$i":"tzRegion-Europe","$v":"ইউরোপ"},{"$i":"tzRegion-Indian","$v":"ভারত মহাসাগর"},{"$i":"tzRegion-Pacific","$v":"প্যাসিফিক মহাসাগর"},{"$i":"close","$v":"বন্ধ করুন"},{"$i":"import","$v":"নিয়ে আসুন"},{"$i":"update","$v":"হালনাগাদ"},{"$i":"fbFriends","$v":"ফেসবুকের বন্ধুরা"},{"$i":"live-serviceName","$v":"আউটলুক"},{"$i":"gmail-serviceName","$v":"জিমেইল"},{"$i":"facebook-serviceName","$v":"ফেসবুকের বন্ধুরা"},{"$i":"selectAll","$v":"সব নির্বাচন"},{"$i":"deselectAll","$v":"সব অনির্বাচন"},{"$i":"viewAll","$v":"ফেসবুকের সব বন্ধুদের দেখুন"},{"$i":"viewRecommend","$v":"শুধু মাত্র সুপারিশকৃত বন্ধুদের দেখান"},{"$i":"linkProposal","$v":{"zero":"কোন বন্ধুর মিল পাওয়া যায় নি। সব দেখানো হচ্ছে","one":"সুপারিশকৃত নির্বাচন করুন","two":"একজন সুপারিশকৃত নির্বাচন করুন","few":"একজন সুপারিশকৃত নির্বাচন করুন","many":"একজন সুপারিশকৃত নির্বাচন করুন","other":"একজন সুপারিশকৃত নির্বাচন করুন"},"$x":[{"t":"idOrVar","v":"plural"},"numFriends"]},{"$i":"fbFriendsFound","$v":{"zero":"আপনার সব বন্ধুর তথ্য যুক্ত করা হয়েছে","one":"নিয়ে আসার জন্য একটি বন্ধু পাওয়া গিয়েছে","two":["নিয়ে আসার জন্য ",{"t":"idOrVar","v":"numFriends"}," টি বন্ধু পাওয়া গিয়েছে"],"few":["নিয়ে আসার জন্য ",{"t":"idOrVar","v":"numFriends"}," টি বন্ধু পাওয়া গিয়েছে"],"many":["নিয়ে আসার জন্য ",{"t":"idOrVar","v":"numFriends"}," টি বন্ধু পাওয়া গিয়েছে"],"other":["নিয়ে আসার জন্য ",{"t":"idOrVar","v":"numFriends"}," টি বন্ধু পাওয়া গিয়েছে"]},"$x":[{"t":"idOrVar","v":"plural"},"numFriends"]},{"$i":"fbNoFriends","$v":"ইম্পোর্ট করার মত কোন পরিচিতি নেই"},{"$i":"search-contact","placeholder":"অনুসন্ধান করুন"},{"$i":"noResults","$v":"কোন পরিচিতি পাওয়া যায় নাই"},{"$i":"done-search","$v":"সম্পন্ন"},{"$i":"progressFB3ImportTitle","$v":"বন্ধুদের পরিচিতিতে নিয়ে আসুন"},{"$i":"progressFB","$v":[{"t":"idOrVar","v":"current"},"/",{"t":"idOrVar","v":"total"}]},{"$i":"progressFB3UpdateTitle","$v":"পরিচিতিতে বন্ধুদের হালনাগাদ করুন"},{"$i":"message2","$v":"এতে কিছু সময় লাগতে পারে"},{"$i":"messageLinking","$v":"অনুগ্রহ করে ধৈর্য ধরুন। আমরা আপনার বন্ধু এবং আপনার পরিচিতি সংযুক্ত করছি।"},{"$i":"messageCanceling","$v":"ধৈর্য ধরুন। আমরা চলতি কাজটি বাতিল করছি।"},{"$i":"error1","$v":["ত্রুটি ",{"t":"idOrVar","v":"from"}]},{"$i":"error2","$v":"আপনি কি আবার চেষ্টা করতে চান?"},{"$i":"errorProposal","$v":"প্রস্তাবনা গণনা করা হচ্ছে"},{"$i":"errorFriends","$v":"বন্ধুদের পুনরুদ্ধার করা হচ্ছে"},{"$i":"errorLinking","$v":"পরিচিতি লিঙ্ক করা হচ্ছে"},{"$i":"timeout1","$v":["সময় অতিক্রম করেছে ",{"t":"idOrVar","v":"from"}]},{"$i":"timeout2","$v":"আপনি কি আবার চেষ্টা করতে চান?"},{"$i":"timeoutProposal","$v":"প্রস্তাবনা গণনা করা হচ্ছে"},{"$i":"timeoutFriends","$v":"বন্ধুদের তথ্য পুনরুদ্ধার করা হচ্ছে"},{"$i":"timeoutLinking","$v":"পরিচিতি লিঙ্ক করা হচ্ছে"},{"$i":"wait1","$v":"অনুগ্রহ করে ধৈর্য ধরুন"},{"$i":"wait2","$v":"এতে কিছু সময় লাগতে পারে"},{"$i":"waitProposal","$v":"অনুগ্রহ করে ধৈর্য ধরুন। আমরা প্রস্তাবনা গণনা করছি।"},{"$i":"waitFriends","$v":"অনুগ্রহ করে ধৈর্য ধরুন। আমরা আপনার বন্ধুতালিকা অর্জন করার জন্য সংযুক্ত হচ্ছি।"},{"$i":"curtainCancel","$v":"বাতিল"},{"$i":"curtainRetry","$v":"পুনরায় চেষ্টা করুন"},{"$i":"curtainOK","$v":"ঠিক আছে"},{"$i":"connectionLost","$v":"ইন্টারনেট সংযোগ নেই"},{"$i":"connectionLostMsg","$v":"পরিচিতিতে বন্ধুর ছবি যোগ হবে না। অব্যাহত রাখবেন?"},{"$i":"yesOption","$v":"ঠিক আছে"},{"$i":"noOption","$v":"বাতিল"},{"$i":"friendsUpdated","$v":{"zero":"কোন বন্ধুর তথ্য হালনাগাদ হয় নি","one":"একজন বন্ধুর তথ্য হালনাগাদ হয়েছে","two":[{"t":"idOrVar","v":"numFriends"}," জন বন্ধুর তথ্য হালনাগাদ হয়েছে"],"few":[{"t":"idOrVar","v":"numFriends"}," জন বন্ধুর তথ্য হালনাগাদ হয়েছে"],"many":[{"t":"idOrVar","v":"numFriends"}," জন বন্ধুর তথ্য হালনাগাদ হয়েছে"],"other":[{"t":"idOrVar","v":"numFriends"}," জন বন্ধুর তথ্য হালনাগাদ হয়েছে"]},"$x":[{"t":"idOrVar","v":"plural"},"numFriends"]},{"$i":"friendsMerged","$v":{"zero":"কোন সদৃশ বন্ধুকে যুক্ত করা হয়নি","one":"একজন সদৃশ বন্ধকে যুক্ত করা হয়েছে","two":[{"t":"idOrVar","v":"numDups"},"টি বন্ধু যুক্ত করা হয়েছে"],"few":[{"t":"idOrVar","v":"numDups"},"টি বন্ধু যুক্ত করা হয়েছে"],"many":[{"t":"idOrVar","v":"numDups"},"টি বন্ধু যুক্ত করা হয়েছে"],"other":[{"t":"idOrVar","v":"numDups"},"টি বন্ধু যুক্ত করা হয়েছে"]},"$x":[{"t":"idOrVar","v":"plural"},"numDups"]},{"$i":"notificationLogin","$v":"আপনার ফেসবুক সেশনটি সঠিক নয়। অনুগ্রহ করে সাইন ইন করুন।"},{"$i":"syncError","$v":"আপনার বন্ধুর তথ্য সিঙ্ক্রোনাইজ করতে গিয়ে একটি বিভ্রাট ঘটেছে"}]