[{"$i":"brandShortName","$v":"B2G OS"},{"$i":"browserBrandShortName","$v":"Web Browser"},{"$i":"browserBrandFullName","$v":"Mozilla Web Browser"},{"$i":"ringtoneBrandName","$v":"Default"},{"$i":"ringtoneSectionBrandName","$v":"System"},{"$i":"back","$v":"Enrere"},{"$i":"noSimMsg","$v":"Per importar contactes, inseriu o desbloquegeu la targeta SIM"},{"$i":"noMemoryCardMsg","$v":"Per importar contactes, inseriu una targeta de memòria"},{"$i":"importMemoryCard","$v":"Targeta de memòria"},{"$i":"noConnection11","$v":"Cal una connexió Wi-Fi o de dades per importar els contactes o amistats del Facebook"},{"$i":"emptyAccount","$v":"No s'ha trobat cap amistat ni contacte en aquest compte."},{"$i":"simContacts-import","$v":"Importa els contactes de la SIM"},{"$i":"simContacts-importing","$v":"S'estan important els contactes de la SIM…"},{"$i":"simContacts-reading","$v":"S'està llegint la targeta SIM…"},{"$i":"simContacts-error","$v":"No s'han pogut importar els contactes de la SIM"},{"$i":"simContacts-imported3","$v":{"zero":"No s'han detectat contactes en la SIM per importar","one":"S'ha importat un contacte","two":["S'han importat ",{"t":"idOrVar","v":"n"}," contactes"],"few":["S'han importat ",{"t":"idOrVar","v":"n"}," contactes"],"many":["S'han importat ",{"t":"idOrVar","v":"n"}," contactes"],"other":["S'han importat ",{"t":"idOrVar","v":"n"}," contactes"]},"$x":[{"t":"idOrVar","v":"plural"},"n"]},{"$i":"memoryCardContacts-import","$v":"Importa contactes de la targeta de memòria"},{"$i":"memoryCardContacts-importing","$v":"S'estan important contactes de la targeta de memòria…"},{"$i":"memoryCardContacts-reading","$v":"S'està llegint la targeta de memòria…"},{"$i":"memoryCardContacts-error","$v":"No s'han pogut importar els contactes de la targeta de memòria"},{"$i":"memoryCardContacts-imported3","$v":{"zero":"No s'han detectat contactes en la targeta de memòria per importar","one":"S'ha importat un contacte","two":["S'han importat ",{"t":"idOrVar","v":"n"}," contactes"],"few":["S'han importat ",{"t":"idOrVar","v":"n"}," contactes"],"many":["S'han importat ",{"t":"idOrVar","v":"n"}," contactes"],"other":["S'han importat ",{"t":"idOrVar","v":"n"}," contactes"]},"$x":[{"t":"idOrVar","v":"plural"},"n"]},{"$i":"genericProgress","$v":[{"t":"idOrVar","v":"current"},"/",{"t":"idOrVar","v":"total"}]},{"$i":"facebook","$v":"Facebook"},{"$i":"facebook-import-msg2","$v":[{"t":"idOrVar","v":"imported"},"/",{"t":"idOrVar","v":"total"}," friends imported"]},{"$i":"contactsMerged","$v":{"zero":"No s'ha combinat cap contacte duplicat","one":"S'ha combinat un contacte duplicat","two":["S'han combinat ",{"t":"idOrVar","v":"numDups"}," contactes"],"few":["S'han combinat ",{"t":"idOrVar","v":"numDups"}," contactes"],"many":["S'han combinat ",{"t":"idOrVar","v":"numDups"}," contactes"],"other":["S'han combinat ",{"t":"idOrVar","v":"numDups"}," contactes"]},"$x":[{"t":"idOrVar","v":"plural"},"numDups"]},{"$i":"pincode2","$v":"Introduïu el PIN"},{"$i":"type_pin","$v":"Introduïu el codi PIN"},{"$i":"pincodeLabel","$v":["PIN de la SIM ",{"t":"idOrVar","v":"n"}]},{"$i":"pinValidation","$v":"El PIN ha de tenir entre 4 i 8 caràcters."},{"$i":"pinError","$v":"El PIN és incorrecte."},{"$i":"pinAttemptMsg2","$v":{"one":"Us queda un intent per introduir el codi correcte abans que es bloquegi la targeta SIM.","two":["Us queden ",{"t":"idOrVar","v":"n"}," intents per introduir el codi correcte abans que es bloquegi la targeta SIM."],"few":["Us queden ",{"t":"idOrVar","v":"n"}," intents per introduir el codi correcte abans que es bloquegi la targeta SIM."],"many":["Us queden ",{"t":"idOrVar","v":"n"}," intents per introduir el codi correcte abans que es bloquegi la targeta SIM."],"other":["Us queden ",{"t":"idOrVar","v":"n"}," intents per introduir el codi correcte abans que es bloquegi la targeta SIM."]},"$x":[{"t":"idOrVar","v":"plural"},"n"]},{"$i":"pinLastChanceMsg","$v":"Aquesta és l'última oportunitat d'introduir el PIN correcte. Si torneu a fallar, haureu d'introduir el codi PUK per utilitzar aquesta targeta SIM."},{"$i":"pukcode","$v":"Introduïu el PUK"},{"$i":"pukcodeTitle","$v":["PUK de la SIM ",{"t":"idOrVar","v":"n"}]},{"$i":"pukcodeLabel","$v":["PUK de la SIM ",{"t":"idOrVar","v":"n"}]},{"$i":"type_puk","$v":"Codi PUK"},{"$i":"pukValidation","$v":"El codi PUK ha de tenir exactament 8 caràcters."},{"$i":"pukInfo","$v":"Heu d'introduir el número personal de desbloqueig (PUK) de la targeta SIM. Consulteu la documentació de la targeta SIM o contacteu amb el vostre operador per a més informació."},{"$i":"pukError","$v":"El codi PUK és incorrecte."},{"$i":"pukAttemptMsg2","$v":{"one":"Us queda un intent per introduir el codi correcte abans que la targeta SIM quedi inservible permanentment. Consulteu la documentació de la targeta SIM o contacteu amb el vostre operador per a més informació.","two":["Us queden ",{"t":"idOrVar","v":"n"}," intents per introduir el codi correcte abans que la targeta SIM quedi inservible permanentment. Consulteu la documentació de la targeta SIM o contacteu amb el vostre operador per a més informació."],"few":["Us queden ",{"t":"idOrVar","v":"n"}," intents per introduir el codi correcte abans que la targeta SIM quedi inservible permanentment. Consulteu la documentació de la targeta SIM o contacteu amb el vostre operador per a més informació."],"many":["Us queden ",{"t":"idOrVar","v":"n"}," intents per introduir el codi correcte abans que la targeta SIM quedi inservible permanentment. Consulteu la documentació de la targeta SIM o contacteu amb el vostre operador per a més informació."],"other":["Us queden ",{"t":"idOrVar","v":"n"}," intents per introduir el codi correcte abans que la targeta SIM quedi inservible permanentment. Consulteu la documentació de la targeta SIM o contacteu amb el vostre operador per a més informació."]},"$x":[{"t":"idOrVar","v":"plural"},"n"]},{"$i":"pukLastChanceMsg","$v":"Aquesta és l'última oportunitat d'introduir el codi PUK correcte. La targeta SIM quedarà inservible permanentment si introduïu un codi PUK incorrecte."},{"$i":"create_newpin","$v":"Crea un PIN nou (de 4 a 8 dígits)"},{"$i":"confirm_newpin","$v":"Confirmeu el PIN nou"},{"$i":"newpinConfirmation","$v":"Els PIN no coincideixen"},{"$i":"nckcode","$v":"Introduïu l'NCK"},{"$i":"cckcode","$v":"Introduïu el CCK"},{"$i":"spckcode","$v":"Introduïu l'SPCK"},{"$i":"nck1code","$v":"Introduïu l'NCK1"},{"$i":"nck2code","$v":"Introduïu l'NCK2"},{"$i":"hnckcode","$v":"Introduïu l'HNCK"},{"$i":"rcckcode","$v":"Introduïu l'RCCK"},{"$i":"rspckcode","$v":"Introduïu l'RSPCK"},{"$i":"nckcodeTitle","$v":["NCK de la SIM ",{"t":"idOrVar","v":"n"}]},{"$i":"cckcodeTitle","$v":["CCK de la SIM ",{"t":"idOrVar","v":"n"}]},{"$i":"spckcodeTitle","$v":["SPCK de la SIM ",{"t":"idOrVar","v":"n"}]},{"$i":"nck1codeTitle","$v":["NCK1 de la SIM ",{"t":"idOrVar","v":"n"}]},{"$i":"nck2codeTitle","$v":["NCK2 de la SIM ",{"t":"idOrVar","v":"n"}]},{"$i":"hnckcodeTitle","$v":["HNCK de la SIM ",{"t":"idOrVar","v":"n"}]},{"$i":"rcckcodeTitle","$v":["RCCK de la SIM ",{"t":"idOrVar","v":"n"}]},{"$i":"rspckcodeTitle","$v":["RSPCK de la SIM ",{"t":"idOrVar","v":"n"}]},{"$i":"nckcodeLabel","$v":["NCK de la SIM ",{"t":"idOrVar","v":"n"}]},{"$i":"cckcodeLabel","$v":["CCK de la SIM ",{"t":"idOrVar","v":"n"}]},{"$i":"spckcodeLabel","$v":["SPCK de la SIM ",{"t":"idOrVar","v":"n"}]},{"$i":"nck1codeLabel","$v":["NCK1 de la SIM ",{"t":"idOrVar","v":"n"}]},{"$i":"nck2codeLabel","$v":["NCK2 de la SIM ",{"t":"idOrVar","v":"n"}]},{"$i":"hnckcodeLabel","$v":["HNCK de la SIM ",{"t":"idOrVar","v":"n"}]},{"$i":"rcckcodeLabel","$v":["RCCK de la SIM ",{"t":"idOrVar","v":"n"}]},{"$i":"rspckcodeLabel","$v":["RSPCK de la SIM ",{"t":"idOrVar","v":"n"}]},{"$i":"type_nck","$v":"Introduïu el codi NCK"},{"$i":"type_cck","$v":"Introduïu el codi CCK"},{"$i":"type_spck","$v":"Introduïu el codi SPCK"},{"$i":"type_nck1","$v":"Introduïu el codi NCK1"},{"$i":"type_nck2","$v":"Introduïu el codi NCK2"},{"$i":"type_hnck","$v":"Introduïu el codi HNCK"},{"$i":"type_rcck","$v":"Introduïu el codi RCCK"},{"$i":"type_rspck","$v":"Introduïu el codi RSPCK"},{"$i":"nckValidation","$v":"El codi NCK ha de tenir entre 8 i 16 caràcters."},{"$i":"cckValidation","$v":"El codi CCK ha de tenir entre 8 i 16 caràcters."},{"$i":"spckValidation","$v":"El codi SPCK ha de tenir entre 8 i 16 caràcters."},{"$i":"nck1Validation","$v":"El codi NCK1 ha de tenir entre 8 i 16 caràcters."},{"$i":"nck2Validation","$v":"El codi NCK2 ha de tenir entre 8 i 16 caràcters."},{"$i":"hnckValidation","$v":"El codi HNCK ha de tenir entre 8 i 16 caràcters."},{"$i":"rcckValidation","$v":"El codi RCCK ha de tenir entre 8 i 16 caràcters."},{"$i":"rspckValidation","$v":"El codi RSPCK ha de tenir entre 8 i 16 caràcters."},{"$i":"nckErrorMsg","$v":"El codi NCK és incorrecte."},{"$i":"nckAttemptMsg2","$v":{"one":"Ha fallat la sol·licitud de despersonalització de la xarxa. Us queda un intent per introduir el codi correcte. Consulteu la documentació del dispositiu o contacteu amb el vostre operador per a més informació.","two":["Ha fallat la sol·licitud de despersonalització de la xarxa. Us queden ",{"t":"idOrVar","v":"n"}," intents per introduir el codi correcte. Consulteu la documentació del dispositiu o contacteu amb el vostre operador per a més informació."],"few":["Ha fallat la sol·licitud de despersonalització de la xarxa. Us queden ",{"t":"idOrVar","v":"n"}," intents per introduir el codi correcte. Consulteu la documentació del dispositiu o contacteu amb el vostre operador per a més informació."],"many":["Ha fallat la sol·licitud de despersonalització de la xarxa. Us queden ",{"t":"idOrVar","v":"n"}," intents per introduir el codi correcte. Consulteu la documentació del dispositiu o contacteu amb el vostre operador per a més informació."],"other":["Ha fallat la sol·licitud de despersonalització de la xarxa. Us queden ",{"t":"idOrVar","v":"n"}," intents per introduir el codi correcte. Consulteu la documentació del dispositiu o contacteu amb el vostre operador per a més informació."]},"$x":[{"t":"idOrVar","v":"plural"},"n"]},{"$i":"nckLastChanceMsg","$v":"Ha fallat la sol·licitud de despersonalització de la xarxa. Aquesta és l'última oportunitat d'introduir el codi NCK correcte. Consulteu la documentació del dispositiu o contacteu amb el vostre operador per a més informació."},{"$i":"skip","$v":"Omet"},{"$i":"send","$v":"Envia"},{"$i":"ok","$v":"D'acord"},{"$i":"simLocked","$v":"La targeta SIM està bloquejada"},{"$i":"inputCodeRetriesLeft","$v":{"one":"Darrer intent.","two":["Queden ",{"t":"idOrVar","v":"n"}," intents."],"few":["Queden ",{"t":"idOrVar","v":"n"}," intents."],"many":["Queden ",{"t":"idOrVar","v":"n"}," intents."],"other":["Queden ",{"t":"idOrVar","v":"n"}," intents."]},"$x":[{"t":"idOrVar","v":"plural"},"n"]},{"$i":"simManager","$v":"Gestor de targetes SIM"},{"$i":"simDetail","$v":["SIM ",{"t":"idOrVar","v":"n"}]},{"$i":"simDefault","$v":"(per defecte)"},{"$i":"simDefaultMessage","$v":"Per defecte, s'utilitza la SIM 1 per a les trucades de sortida, els missatges de sortida i la connexió de dades"},{"$i":"simSettingsMessage","$v":"Podeu canviar els paràmetres per defecte a Paràmetres > Gestor de targetes SIM"},{"$i":"simPinLocked","$v":"PIN de la SIM bloquejat"},{"$i":"noOperator","$v":"Cap operador"},{"$i":"searchingOperator","$v":"S'està cercant"},{"$i":"language","$v":"Llengua"},{"$i":"3g","$v":"Dades del mòbil"},{"$i":"dataConnection","$v":"Activa les dades"},{"$i":"dataConnectionInfo","$v":"Activar la connexió de dades us permetrà configurar el vostre telèfon sense una connexió Wi-Fi. Podeu activar-la més endavant des dels Paràmetres. En tot cas, assegureu-vos que teniu un pla de dades amb el vostre operador per evitar cap despesa addicional."},{"$i":"caution","$v":"Avís"},{"$i":"geolocation","$v":"Geolocalització"},{"$i":"geolocationCheckbox","$v":"Activa geolocalització"},{"$i":"geolocationInfo2","$v":["El ",{"t":"idOrVar","v":"brandShortName"}," utilitza dades del GPS i de les xarxes Wi-Fi i mòbils properes per ajudar a determinar la vostra ubicació aproximada."]},{"$i":"geolocationInfoMore","$v":"Les dades s'envien a Mozilla i a altres proveïdors de serveis i s'utilitzen a l'engròs per millorar la precisió de les bases de dades d'ubicacions. Les dades s'emmagatzemen en el vostre dispositiu i poden recollir-se fins i tot quan no s'executi cap aplicació."},{"$i":"notice","$v":"Avís"},{"$i":"aboutYourPrivacy","$v":"Més informació sobre la privadesa"},{"$i":"scanningNetworks","$v":"S'estan cercant xarxes"},{"$i":"selectNetwork","$v":"Trieu una xarxa"},{"$i":"shortStatus-connecting","$v":"S'està connectant…"},{"$i":"shortStatus-associated","$v":"S'està obtenint una adreça IP…"},{"$i":"shortStatus-connected","$v":"Connectada"},{"$i":"shortStatus-connectingfailed","$v":"Ha fallat la connexió"},{"$i":"shortStatus-disconnected","$v":"Sense connexió"},{"$i":"securedBy","$v":["protegida per ",{"t":"idOrVar","v":"capabilities"}]},{"$i":"security","$v":"Seguretat"},{"$i":"securityNone","$v":"Cap"},{"$i":"securityWEP","$v":"WEP"},{"$i":"securityWPA-PSK","$v":"WPA-PSK"},{"$i":"securityWPA-EAP","$v":"WPA-EAP"},{"$i":"securityOpen","$v":"Oberta","ariaLabel":"Seguretat"},{"$i":"identity","$v":"Usuari"},{"$i":"identityInput","placeholder":"Usuari"},{"$i":"password","$v":"Contrasenya"},{"$i":"passwordInput","placeholder":"Contrasenya"},{"$i":"showPassword","$v":"Mostra la contrasenya"},{"$i":"refresh","$v":"Refresca"},{"$i":"noWifiFound3","$v":"No s'han trobat xarxes sense fil"},{"$i":"join-hidden-button","$v":"Connecta a xarxa oculta"},{"$i":"authentication","$v":"Autenticació"},{"$i":"ssid-name","$v":"Nom de xarxa SSID"},{"$i":"wifiLevel","ariaLabel":[{"t":"idOrVar","v":"level"}," de 4 barres"]},{"$i":"networksList","ariaLabel":"Xarxes trobades"},{"$i":"dateAndTime","$v":"Data i hora"},{"$i":"timezoneTitle","$v":["UTC",{"t":"idOrVar","v":"utcOffset"}," ",{"t":"idOrVar","v":"region"},"/",{"t":"idOrVar","v":"city"}]},{"$i":"timeZone","$v":"Fus horari"},{"$i":"change","$v":"Canvia"},{"$i":"region","ariaLabel":"Regió"},{"$i":"city","ariaLabel":"Població"},{"$i":"date","ariaLabel":"Data"},{"$i":"time","ariaLabel":"Hora"},{"$i":"importContacts3","$v":"Importa els contactes"},{"$i":"importSim2","$v":"Targeta SIM"},{"$i":"importFb2","$v":"Facebook"},{"$i":"importOutlook","$v":"Outlook"},{"$i":"importGmail","$v":"Gmail"},{"$i":"fb-checking","$v":"… s'està comprovant"},{"$i":"notImportedYet","$v":"No s'ha importat encara"},{"$i":"otherAccount","$v":"Altres comptes"},{"$i":"afterFbImport","$v":"Podeu importar i editar les amistats del Facebook en qualsevol moment als paràmetres dels Contactes"},{"$i":"firefox-accounts","$v":"Comptes del Firefox"},{"$i":"fxa-upsell","innerHTML":"Amb un compte del Firefox, podeu trobar un telèfon perdut i comprar aplicacions al Firefox Marketplace."},{"$i":"fxa-create-account-or-sign-in","$v":"Crea un compte o inicia la sessió"},{"$i":"fxa-email-sent","$v":["S'ha enviat un enllaç de verificació a ",{"t":"idOrVar","v":"email"}]},{"$i":"fxa-signed-in","$v":["Connectat: ",{"t":"idOrVar","v":"email"}]},{"$i":"about-your-rights-0","$v":["El ",{"t":"idOrVar","v":"brandShortName"}," està construït amb programari lliure i de codi obert per una comunitat de milers de persones de tot el món. Hi ha algunes coses que hauríeu de saber:"]},{"$i":"about-your-rights-1","$v":["El ",{"t":"idOrVar","v":"brandShortName"}," és a la vostra disposició sota els termes de diverses llicències lliures, inclosa la llicència pública de Mozilla. Un dispositiu amb el ",{"t":"idOrVar","v":"brandShortName"}," també pot contenir programari privatiu de tercers. Tot el codi proporcionat sota llicències obertes us dóna el dret de modificar-lo i de distribuir-ne versions modificades sempre que compliu els termes respectius."]},{"$i":"about-your-rights-2","$v":["No se us atorga cap dret de marca o llicències per a les marques registrades de la Fundació Mozilla ni de tercers, inclosos, sense limitació, el nom o el logotip del ",{"t":"idOrVar","v":"brandShortName"},"."]},{"$i":"about-your-rights-3","$v":["Algunes funcions del ",{"t":"idOrVar","v":"brandShortName"},", com ara el Generador d'informes de fallada, us donen l'opció d'enviar comentaris a Mozilla. Si opteu per enviar els vostres comentaris, autoritzeu Mozilla a utilitzar la informació per millorar els seus productes, a publicar-la en els seus llocs web i a distribuir-la."]},{"$i":"about-other","$v":"Altres"},{"$i":"SIM_mandatory","$v":"Avís de targeta SIM"},{"$i":"SIM_mandatory_warm","$v":"Inseriu una targeta SIM i reinicieu el telèfon."},{"$i":"telemetry-sends2","$v":["La telemesura envia dades a Mozilla sobre el rendiment, maquinari, configuracions, personalitzacions i ús de les aplicacions del vostre dispositiu ",{"t":"idOrVar","v":"brandShortName"},". Utilitzem aquesta informació per millorar els nostres productes de manera més ràpida i receptiva."]},{"$i":"learn-more-telemetry2","innerHTML":["Més informació a <a href=\"",{"t":"idOrVar","v":"href"},"\" class=\"",{"t":"idOrVar","v":"className"},"\">",{"t":"idOrVar","v":"textContent"},"</a>"]},{"$i":"learn-more-information2","innerHTML":["Vegeu com Mozilla gestiona la vostra informació a la <a href=\"",{"t":"idOrVar","v":"href"},"\" class=\"",{"t":"idOrVar","v":"className"},"\">",{"t":"idOrVar","v":"textContent"},"</a>"]},{"$i":"htmlWelcome2","innerHTML":["Us donem la benvinguda al <a href=\"",{"t":"idOrVar","v":"href"},"\" class=\"",{"t":"idOrVar","v":"className"},"\">",{"t":"idOrVar","v":"textContent"},"</a>, el sistema operatiu lliure i de codi obert de Mozilla. La nostra missió es promoure els estàndards oberts, la innovació i l'oportunitat bo i mantenint el potencial de la web a les vostres mans."]},{"$i":"htmlWelcome-link","$v":[{"t":"idOrVar","v":"brandShortName"}]},{"$i":"helpImprove2","innerHTML":["Podeu ajudar a millorar els nostres productes i serveis enviant-nos automàticament informació estadística. Vegeu com gestionem la informació del vostre dispositiu a l'<a href=\"",{"t":"idOrVar","v":"href"},"\" class=\"",{"t":"idOrVar","v":"className"},"\">",{"t":"idOrVar","v":"textContent"},"</a>."]},{"$i":"helpImprove-link","$v":"avís de privadesa"},{"$i":"learn-more-privacy2","innerHTML":["Vegeu com Mozilla gestiona la vostra informació a la <a href=\"",{"t":"idOrVar","v":"href"},"\" class=\"",{"t":"idOrVar","v":"className"},"\">",{"t":"idOrVar","v":"textContent"},"</a>."]},{"$i":"learn-more-privacy-link","$v":"política de privadesa"},{"$i":"aboutBrowser","$v":["Quant al ",{"t":"idOrVar","v":"brandShortName"}]},{"$i":"aboutYourPrivacy2","$v":"La vostra privadesa"},{"$i":"mozillaCommunity2","$v":["Quan utilitzeu el ",{"t":"idOrVar","v":"brandShortName"},", us convertiu en part d'una comunitat global que ajuda a construir un futur més brillant per a la web. Si voleu saber més sobre la comunitat Mozilla, els nostres productes i esdeveniments a prop vostre, introduïu la vostra adreça electrònica més avall."]},{"$i":"sharePerformanceAndUsageData2","$v":"Sí, envia les dades."},{"$i":"emailAddress","placeholder":"Adreça electrònica"},{"$i":"email-successfully-added","$v":"S'ha afegit el correu correctament"},{"$i":"email-loading","$v":"S'està desant el vostre correu…"},{"$i":"privacy-b2g","$v":[{"t":"idOrVar","v":"brandShortName"}],"title":[{"t":"idOrVar","v":"brandShortName"}]},{"$i":"privacy-marketplace","$v":"Marketplace","title":[{"t":"idOrVar","v":"privacy-marketplace"}]},{"$i":"privacy-eme","$v":"EverythingMe"},{"$i":"privacy-e-me","title":[{"t":"idOrVar","v":"privacy-e-me"}]},{"$i":"navbar-back","$v":"Enrere"},{"$i":"navbar-next","$v":"Següent"},{"$i":"navbar-join","$v":"Connecta"},{"$i":"done","$v":"Fet"},{"$i":"thatsIt","$v":"Això és tot!"},{"$i":"startYourPhone","$v":"Conegueu el vostre telèfon"},{"$i":"startYourTablet","$v":"Conegueu la vostra tauleta"},{"$i":"joinTutorial","$v":"Feu una breu visita guiada pel vostre telèfon nou."},{"$i":"joinTutorialUpdated","$v":"Feu una breu visita guiada per les actualitzacions del telèfon."},{"$i":"enjoyYourPhone","$v":"Ja ho teniu tot llest per gaudir del vostre telèfon."},{"$i":"enjoyYourPhoneUpdated","$v":"Ja ho teniu tot llest per gaudir del vostre telèfon actualitzat."},{"$i":"optionsAvailable","$v":"Podeu canviar la llengua, la data/hora i la connexió Wi-Fi des dels Paràmetres."},{"$i":"letsGo","$v":"Som-hi"},{"$i":"startTour","$v":"Comença"},{"$i":"thatsIt1Tablet-2","$v":"Sempre podeu fer lliscar el dit des de la vora inferior per anar a la pàgina d'inici."},{"$i":"thatsIt2Tablet-2","$v":"Proveu-ho!"},{"$i":"tutorial","$v":"Visita guiada"},{"$i":"tutorial-step1-large-3","$v":"Swipe down to access recent notifications, usage information and settings."},{"$i":"tutorial-step2-large-2","$v":"Feu lliscar el dit cap a l'esquerra o dreta per descobrir aplicacions noves a la pantalla d'inici."},{"$i":"tutorial-step3-large-2","$v":"Premeu durant uns segons una icona per eliminar-la o moure-la."},{"$i":"tutorial-step4-large-2","$v":"Feu lliscar dos dits cap amunt des de la vora inferior per activar la visualització de targetes."},{"$i":"tutorial-vertical-scroll-v2-tiny","$v":"Feu lliscar el dit amunt i avall per explorar les aplicacions i adreces d'interès. Mantingueu premuda una icona per moure-la o eliminar-la."},{"$i":"tutorial-notifications-v2-tiny","$v":"Swipe down to access recent notifications, usage information and settings."},{"$i":"tutorial-sheets-tiny","$v":"Arrossegueu el dit des de la vora esquerra de la pantalla per tornar a aplicacions que heu utilitzat recentment."},{"$i":"tutorial-rocketbar-tiny","$v":"Toqueu el quadre de cerca en qualsevol moment per iniciar una cerca o obrir un lloc web."},{"$i":"tutorial-bookmarks-migration-tiny","$v":"Les adreces d'interès s'han mogut a la pantalla d'inici. Quan editeu, toqueu una adreça d'interès per editar-la o canviar-li el nom."},{"$i":"tutorial-app-grouping-tiny","$v":"Tap to expand and collapse app groups. Drag an app into a new space to create a group."},{"$i":"offline-dialog-title","$v":"Heu d'estar connectat a Internet per veure la pàgina."},{"$i":"offline-dialog-text","$v":["Torneu enrere i connecteu-vos a Internet. També podeu veure la pàgina més tard des dels Paràmetres, o introduint ",{"t":"idOrVar","v":"url"}," en qualsevol navegador."]},{"$i":"OK","$v":"D'acord"},{"$i":"offline-newsletter-dialog-title","$v":"Heu d'estar connectat a Internet per subscriure's al butlletí d'informació."},{"$i":"offline-newsletter-dialog-text","$v":"Torneu enrere i connecteu-vos a Internet."},{"$i":"invalid-email-dialog-title","$v":"L'adreça electrònica no és vàlida"},{"$i":"invalid-email-dialog-text","$v":"Torneu enrere i corregiu les dades."},{"$i":"retry","$v":"Reintenta"},{"$i":"cancel","$v":"Cancel·la"},{"$i":"progressbar","$v":["Pas ",{"t":"idOrVar","v":"step"}," de ",{"t":"idOrVar","v":"total"}],"ariaLabel":"Visita guiada d'introducció"},{"$i":"weekday-0-long","$v":"diumenge"},{"$i":"weekday-1-long","$v":"dilluns"},{"$i":"weekday-2-long","$v":"dimarts"},{"$i":"weekday-3-long","$v":"dimecres"},{"$i":"weekday-4-long","$v":"dijous"},{"$i":"weekday-5-long","$v":"divendres"},{"$i":"weekday-6-long","$v":"dissabte"},{"$i":"weekday-0-short","$v":"dg"},{"$i":"weekday-1-short","$v":"dl"},{"$i":"weekday-2-short","$v":"dt"},{"$i":"weekday-3-short","$v":"dc"},{"$i":"weekday-4-short","$v":"dj"},{"$i":"weekday-5-short","$v":"dv"},{"$i":"weekday-6-short","$v":"ds"},{"$i":"month-0-long","$v":"gener"},{"$i":"month-1-long","$v":"febrer"},{"$i":"month-2-long","$v":"març"},{"$i":"month-3-long","$v":"abril"},{"$i":"month-4-long","$v":"maig"},{"$i":"month-5-long","$v":"juny"},{"$i":"month-6-long","$v":"juliol"},{"$i":"month-7-long","$v":"agost"},{"$i":"month-8-long","$v":"setembre"},{"$i":"month-9-long","$v":"octubre"},{"$i":"month-10-long","$v":"novembre"},{"$i":"month-11-long","$v":"desembre"},{"$i":"month-0-genitive","$v":"de gener"},{"$i":"month-1-genitive","$v":"de febrer"},{"$i":"month-2-genitive","$v":"de març"},{"$i":"month-3-genitive","$v":"d'abril"},{"$i":"month-4-genitive","$v":"de maig"},{"$i":"month-5-genitive","$v":"de juny"},{"$i":"month-6-genitive","$v":"de juliol"},{"$i":"month-7-genitive","$v":"d'agost"},{"$i":"month-8-genitive","$v":"de setembre"},{"$i":"month-9-genitive","$v":"d'octubre"},{"$i":"month-10-genitive","$v":"de novembre"},{"$i":"month-11-genitive","$v":"de desembre"},{"$i":"month-0-short","$v":"gen"},{"$i":"month-1-short","$v":"febr"},{"$i":"month-2-short","$v":"març"},{"$i":"month-3-short","$v":"abr"},{"$i":"month-4-short","$v":"maig"},{"$i":"month-5-short","$v":"juny"},{"$i":"month-6-short","$v":"jul"},{"$i":"month-7-short","$v":"ag"},{"$i":"month-8-short","$v":"set"},{"$i":"month-9-short","$v":"oct"},{"$i":"month-10-short","$v":"nov"},{"$i":"month-11-short","$v":"des"},{"$i":"minutes-ago-long","$v":{"zero":"ara","one":"fa un minut","two":["fa ",{"t":"idOrVar","v":"value"}," minuts"],"few":["fa ",{"t":"idOrVar","v":"value"}," minuts"],"many":["fa ",{"t":"idOrVar","v":"value"}," minuts"],"other":["fa ",{"t":"idOrVar","v":"value"}," minuts"]},"$x":[{"t":"idOrVar","v":"plural"},"value"]},{"$i":"hours-ago-long","$v":{"zero":"ara","one":"fa una hora","two":["fa ",{"t":"idOrVar","v":"value"}," hores"],"few":["fa ",{"t":"idOrVar","v":"value"}," hores"],"many":["fa ",{"t":"idOrVar","v":"value"}," hores"],"other":["fa ",{"t":"idOrVar","v":"value"}," hores"]},"$x":[{"t":"idOrVar","v":"plural"},"value"]},{"$i":"days-ago-long","$v":{"zero":"avui","one":"ahir","two":["fa ",{"t":"idOrVar","v":"value"}," dies"],"few":["fa ",{"t":"idOrVar","v":"value"}," dies"],"many":["fa ",{"t":"idOrVar","v":"value"}," dies"],"other":["fa ",{"t":"idOrVar","v":"value"}," dies"]},"$x":[{"t":"idOrVar","v":"plural"},"value"]},{"$i":"weeks-ago-long","$v":{"zero":"aquesta setmana","one":"la setmana passada","two":["fa ",{"t":"idOrVar","v":"value"}," setmanes"],"few":["fa ",{"t":"idOrVar","v":"value"}," setmanes"],"many":["fa ",{"t":"idOrVar","v":"value"}," setmanes"],"other":["fa ",{"t":"idOrVar","v":"value"}," setmanes"]},"$x":[{"t":"idOrVar","v":"plural"},"value"]},{"$i":"months-ago-long","$v":{"zero":"aquest mes","one":"el mes passat","two":["fa ",{"t":"idOrVar","v":"value"}," mesos"],"few":["fa ",{"t":"idOrVar","v":"value"}," mesos"],"many":["fa ",{"t":"idOrVar","v":"value"}," mesos"],"other":["fa ",{"t":"idOrVar","v":"value"}," mesos"]},"$x":[{"t":"idOrVar","v":"plural"},"value"]},{"$i":"years-ago-long","$v":{"zero":"enguany","one":"l'any passat","two":["fa ",{"t":"idOrVar","v":"value"}," anys"],"few":["fa ",{"t":"idOrVar","v":"value"}," anys"],"many":["fa ",{"t":"idOrVar","v":"value"}," anys"],"other":["fa ",{"t":"idOrVar","v":"value"}," anys"]},"$x":[{"t":"idOrVar","v":"plural"},"value"]},{"$i":"minutes-until-long","$v":{"zero":"ara","one":"d'aquí un minut","two":["d'aquí ",{"t":"idOrVar","v":"value"}," minuts"],"few":["d'aquí ",{"t":"idOrVar","v":"value"}," minuts"],"many":["d'aquí ",{"t":"idOrVar","v":"value"}," minuts"],"other":["d'aquí ",{"t":"idOrVar","v":"value"}," minuts"]},"$x":[{"t":"idOrVar","v":"plural"},"value"]},{"$i":"hours-until-long","$v":{"zero":"ara","one":"d'aquí una hora","two":["d'aquí ",{"t":"idOrVar","v":"value"}," hores"],"few":["d'aquí ",{"t":"idOrVar","v":"value"}," hores"],"many":["d'aquí ",{"t":"idOrVar","v":"value"}," hores"],"other":["d'aquí ",{"t":"idOrVar","v":"value"}," hores"]},"$x":[{"t":"idOrVar","v":"plural"},"value"]},{"$i":"days-until-long","$v":{"zero":"avui","one":"demà","two":["d'aquí ",{"t":"idOrVar","v":"value"}," dies"],"few":["d'aquí ",{"t":"idOrVar","v":"value"}," dies"],"many":["d'aquí ",{"t":"idOrVar","v":"value"}," dies"],"other":["d'aquí ",{"t":"idOrVar","v":"value"}," dies"]},"$x":[{"t":"idOrVar","v":"plural"},"value"]},{"$i":"weeks-until-long","$v":{"zero":"aquesta setmana","one":"la setmana que ve","two":["d'aquí ",{"t":"idOrVar","v":"value"}," setmanes"],"few":["d'aquí ",{"t":"idOrVar","v":"value"}," setmanes"],"many":["d'aquí ",{"t":"idOrVar","v":"value"}," setmanes"],"other":["d'aquí ",{"t":"idOrVar","v":"value"}," setmanes"]},"$x":[{"t":"idOrVar","v":"plural"},"value"]},{"$i":"months-until-long","$v":{"zero":"aquest mes","one":"el mes que ve","two":["d'aquí ",{"t":"idOrVar","v":"value"}," mesos"],"few":["d'aquí ",{"t":"idOrVar","v":"value"}," mesos"],"many":["d'aquí ",{"t":"idOrVar","v":"value"}," mesos"],"other":["d'aquí ",{"t":"idOrVar","v":"value"}," mesos"]},"$x":[{"t":"idOrVar","v":"plural"},"value"]},{"$i":"years-until-long","$v":{"zero":"enguany","one":"l'any que ve","two":["d'aquí ",{"t":"idOrVar","v":"value"}," anys"],"few":["d'aquí ",{"t":"idOrVar","v":"value"}," anys"],"many":["d'aquí ",{"t":"idOrVar","v":"value"}," anys"],"other":["d'aquí ",{"t":"idOrVar","v":"value"}," anys"]},"$x":[{"t":"idOrVar","v":"plural"},"value"]},{"$i":"minutes-ago-short","$v":{"zero":"ara","other":["fa ",{"t":"idOrVar","v":"value"}," m"]},"$x":[{"t":"idOrVar","v":"plural"},"value"]},{"$i":"hours-ago-short","$v":{"zero":"ara","other":["fa ",{"t":"idOrVar","v":"value"}," h"]},"$x":[{"t":"idOrVar","v":"plural"},"value"]},{"$i":"days-ago-short","$v":{"zero":"avui","other":["fa ",{"t":"idOrVar","v":"value"}," d"]},"$x":[{"t":"idOrVar","v":"plural"},"value"]},{"$i":"minutes-until-short","$v":{"zero":"ara","other":["d'aquí ",{"t":"idOrVar","v":"value"}," m"]},"$x":[{"t":"idOrVar","v":"plural"},"value"]},{"$i":"hours-until-short","$v":{"zero":"ara","other":["d'aquí ",{"t":"idOrVar","v":"value"}," h"]},"$x":[{"t":"idOrVar","v":"plural"},"value"]},{"$i":"days-until-short","$v":{"zero":"avui","other":["d'aquí ",{"t":"idOrVar","v":"value"}," d"]},"$x":[{"t":"idOrVar","v":"plural"},"value"]},{"$i":"incorrectDate","$v":"(data no vàlida)"},{"$i":"dateTimeFormat_%c","$v":"%a %e %Eb, %Y %H:%M:%S"},{"$i":"dateTimeFormat_%x","$v":"%d/%m/%Y"},{"$i":"dateTimeFormat_%X","$v":"%H:%M:%S"},{"$i":"shortTimeFormat","$v":"%H:%M"},{"$i":"shortTimeFormat12","$v":"%I:%M %p"},{"$i":"shortTimeFormat24","$v":"%H:%M"},{"$i":"shortDateTimeFormat","$v":"%x %H:%M"},{"$i":"weekStartsOnMonday","$v":"1"},{"$i":"firstDayOfTheWeek","$v":"0"},{"$i":"time_am","$v":"am"},{"$i":"time_pm","$v":"pm"},{"$i":"tz-region","$v":"Regió"},{"$i":"tz-city","$v":"Ciutat"},{"$i":"tzRegion-Africa","$v":"Àfrica"},{"$i":"tzRegion-America","$v":"Amèrica"},{"$i":"tzRegion-Antarctica","$v":"Antàrtida"},{"$i":"tzRegion-Asia","$v":"Àsia"},{"$i":"tzRegion-Atlantic","$v":"Oceà Atlàntic"},{"$i":"tzRegion-Australia","$v":"Austràlia"},{"$i":"tzRegion-Europe","$v":"Europa"},{"$i":"tzRegion-Indian","$v":"Oceà Índic"},{"$i":"tzRegion-Pacific","$v":"Oceà Pacífic"},{"$i":"close","$v":"Tanca"},{"$i":"import","$v":"Importa"},{"$i":"update","$v":"Actualitza"},{"$i":"fbFriends","$v":"Amistats del Facebook"},{"$i":"live-serviceName","$v":"Outlook"},{"$i":"gmail-serviceName","$v":"Gmail"},{"$i":"facebook-serviceName","$v":"Amistats del Facebook"},{"$i":"selectAll","$v":"Marca-ho tot"},{"$i":"deselectAll","$v":"Desmarca-ho tot"},{"$i":"viewAll","$v":"Mostra totes les amistats del Facebook"},{"$i":"viewRecommend","$v":"Mostra només les recomanades"},{"$i":"linkProposal","$v":{"zero":"No hi ha amistats coincidents. Es mostren totes","one":"Tria la recomanada","two":"Tria'n una de les recomanades","few":"Tria'n una de les recomanades","many":"Tria'n una de les recomanades","other":"Tria'n una de les recomanades"},"$x":[{"t":"idOrVar","v":"plural"},"numFriends"]},{"$i":"fbFriendsFound","$v":{"zero":"S'han importat totes les vostres amistats","one":"S'ha trobat una amistat per importar","two":["S'han trobat ",{"t":"idOrVar","v":"numFriends"}," amistats per importar"],"few":["S'han trobat ",{"t":"idOrVar","v":"numFriends"}," amistats per importar"],"many":["S'han trobat ",{"t":"idOrVar","v":"numFriends"}," amistats per importar"],"other":["S'han trobat ",{"t":"idOrVar","v":"numFriends"}," amistats per importar"]},"$x":[{"t":"idOrVar","v":"plural"},"numFriends"]},{"$i":"fbNoFriends","$v":"No hi ha cap contacte disponible per importar"},{"$i":"search-contact","placeholder":"Cerca"},{"$i":"noResults","$v":"No s'ha trobat cap contacte"},{"$i":"done-search","$v":"Fet"},{"$i":"progressFB3ImportTitle","$v":"S'estan important les amistats als contactes"},{"$i":"progressFB","$v":[{"t":"idOrVar","v":"current"},"/",{"t":"idOrVar","v":"total"}]},{"$i":"progressFB3UpdateTitle","$v":"S'estan actualitzant les amistats als contactes"},{"$i":"message2","$v":"Això pot trigar uns minuts"},{"$i":"messageLinking","$v":"Espereu. Estem enllaçant l'amistat amb el contacte."},{"$i":"messageCanceling","$v":"Espereu, s'està cancel·lant l'operació en curs."},{"$i":"error1","$v":["Error en ",{"t":"idOrVar","v":"from"}]},{"$i":"error2","$v":"Voleu tornar-ho a provar?"},{"$i":"errorProposal","$v":"calcular les propostes"},{"$i":"errorFriends","$v":"recuperar les amistats"},{"$i":"errorLinking","$v":"enllaçar el contacte"},{"$i":"timeout1","$v":["S'ha excedit el temps d'espera per ",{"t":"idOrVar","v":"from"}]},{"$i":"timeout2","$v":"Voleu tornar-ho a provar?"},{"$i":"timeoutProposal","$v":"calcular les propostes"},{"$i":"timeoutFriends","$v":"recuperar les amistats"},{"$i":"timeoutLinking","$v":"enllaçar els contactes"},{"$i":"wait1","$v":"Espereu"},{"$i":"wait2","$v":"Això pot trigar uns minuts"},{"$i":"waitProposal","$v":"Espereu. Estem calculant una proposta."},{"$i":"waitFriends","$v":"Espereu. S'està obtenint la llista d'amistats."},{"$i":"curtainCancel","$v":"Cancel·la"},{"$i":"curtainRetry","$v":"Reintenta"},{"$i":"curtainOK","$v":"D'acord"},{"$i":"connectionLost","$v":"No hi ha connexió a Internet"},{"$i":"connectionLostMsg","$v":"Les fotos de les amistats no s'afegiran als contactes. Voleu continuar igualment?"},{"$i":"yesOption","$v":"D'acord"},{"$i":"noOption","$v":"Cancel·la"},{"$i":"friendsUpdated","$v":{"zero":"No s'ha actualitzat cap amistat","one":"S'ha actualitzat una amistat","two":["S'han actualitzat ",{"t":"idOrVar","v":"numFriends"}," amistats"],"few":["S'han actualitzat ",{"t":"idOrVar","v":"numFriends"}," amistats"],"many":["S'han actualitzat ",{"t":"idOrVar","v":"numFriends"}," amistats"],"other":["S'han actualitzat ",{"t":"idOrVar","v":"numFriends"}," amistats"]},"$x":[{"t":"idOrVar","v":"plural"},"numFriends"]},{"$i":"friendsMerged","$v":{"zero":"No s'ha combinat cap amistat duplicada","one":"S'ha combinat una amistat duplicada","two":["S'han combinat ",{"t":"idOrVar","v":"numDups"}," amistats"],"few":["S'han combinat ",{"t":"idOrVar","v":"numDups"}," amistats"],"many":["S'han combinat ",{"t":"idOrVar","v":"numDups"}," amistats"],"other":["S'han combinat ",{"t":"idOrVar","v":"numDups"}," amistats"]},"$x":[{"t":"idOrVar","v":"plural"},"numDups"]},{"$i":"notificationLogin","$v":"La sessió del Facebook no és vàlida. Inicieu una sessió vàlida."},{"$i":"syncError","$v":"S'ha produït un error en sincronitzar les dades de les vostres amistats"}]