[{"$i":"brandShortName","$v":"B2G OS"},{"$i":"browserBrandShortName","$v":"Web Browser"},{"$i":"browserBrandFullName","$v":"Mozilla Web Browser"},{"$i":"ringtoneBrandName","$v":"Default"},{"$i":"ringtoneSectionBrandName","$v":"System"},{"$i":"back","$v":"Zpět"},{"$i":"noSimMsg","$v":"Pro import kontaktů vložte nebo odemkněte vaši kartu SIM"},{"$i":"noMemoryCardMsg","$v":"Pro import kontaktů vložte paměťovou kartu"},{"$i":"importMemoryCard","$v":"Paměťová karta"},{"$i":"noConnection11","$v":"Pro import přátel nebo kontaktů z Facebooku se připojte k Wi-Fi nebo datovému připojení"},{"$i":"emptyAccount","$v":"Na tomto účtu nebyli nalezeni žádní přátelé nebo kontakty."},{"$i":"simContacts-import","$v":"Import kontaktů ze SIM"},{"$i":"simContacts-importing","$v":"Probíhá import kontaktů ze SIM…"},{"$i":"simContacts-reading","$v":"Probíhá čtení z karty SIM…"},{"$i":"simContacts-error","$v":"Kontakty se ze SIM nepodařilo naimportovat"},{"$i":"simContacts-imported3","$v":{"zero":"Na SIM nebyly nalezeny žádné kontakty pro import","one":"Naimportován jeden kontakt","two":["Naimportovány ",{"t":"idOrVar","v":"n"}," kontakty"],"few":["Naimportovány ",{"t":"idOrVar","v":"n"}," kontakty"],"many":["Naimportováno ",{"t":"idOrVar","v":"n"}," kontaktů"],"other":["Naimportováno ",{"t":"idOrVar","v":"n"}," kontaktů"]},"$x":[{"t":"idOrVar","v":"plural"},"n"]},{"$i":"memoryCardContacts-import","$v":"Import kontaktů z paměťové karty"},{"$i":"memoryCardContacts-importing","$v":"Probíhá import kontaktů z paměťové karty..."},{"$i":"memoryCardContacts-reading","$v":"Probíhá čtení z paměťové karty..."},{"$i":"memoryCardContacts-error","$v":"Kontakty se z paměťové karty nepodařilo naimportovat"},{"$i":"memoryCardContacts-imported3","$v":{"zero":"Na paměťové kartě nebyly nalezeny žádné kontakty","one":"Naimportován jeden kontakt","two":["Naimportovány ",{"t":"idOrVar","v":"n"}," kontakty"],"few":["Naimportovány ",{"t":"idOrVar","v":"n"}," kontakty"],"many":["Naimportováno ",{"t":"idOrVar","v":"n"}," kontaktů"],"other":["Naimportováno ",{"t":"idOrVar","v":"n"}," kontaktů"]},"$x":[{"t":"idOrVar","v":"plural"},"n"]},{"$i":"genericProgress","$v":[{"t":"idOrVar","v":"current"},"/",{"t":"idOrVar","v":"total"}]},{"$i":"facebook","$v":"Facebook"},{"$i":"facebook-import-msg2","$v":[{"t":"idOrVar","v":"imported"},"/",{"t":"idOrVar","v":"total"}," friends imported"]},{"$i":"contactsMerged","$v":{"zero":"Nebyly sloučeny žádné duplicitní kontakty","one":"Jeden duplicitní kontakt byl sloučen","two":[{"t":"idOrVar","v":"numDups"}," kontakty sloučeny"],"few":[{"t":"idOrVar","v":"numDups"}," kontakty sloučeny"],"many":[{"t":"idOrVar","v":"numDups"}," kontaktů sloučeno"],"other":[{"t":"idOrVar","v":"numDups"}," kontaktů sloučeno"]},"$x":[{"t":"idOrVar","v":"plural"},"numDups"]},{"$i":"pincode2","$v":"Vložte PIN kód"},{"$i":"type_pin","$v":"Zadejte svůj kód PIN"},{"$i":"pincodeLabel","$v":["PIN karty SIM ",{"t":"idOrVar","v":"n"}]},{"$i":"pinValidation","$v":"PIN musí být mezi 4 až 8 znaky."},{"$i":"pinError","$v":"PIN je neplatný."},{"$i":"pinAttemptMsg2","$v":{"one":"Poslední pokus.","two":["Zbývají ",{"t":"idOrVar","v":"n"}," pokusy."],"few":["Zbývají ",{"t":"idOrVar","v":"n"}," pokusy."],"many":["Zbývá ",{"t":"idOrVar","v":"n"}," pokusů."],"other":["Zbývá ",{"t":"idOrVar","v":"n"}," pokusů."]},"$x":[{"t":"idOrVar","v":"plural"},"n"]},{"$i":"pinLastChanceMsg","$v":"Poslední pokus pro vložení platného PIN kódu. Jinak budete muset pro odblokování SIM karty vložit PUK kód."},{"$i":"pukcode","$v":"Vložte PUK kód"},{"$i":"pukcodeTitle","$v":["Vložení PUK SIM ",{"t":"idOrVar","v":"n"}]},{"$i":"pukcodeLabel","$v":["PUK karty SIM ",{"t":"idOrVar","v":"n"}]},{"$i":"type_puk","$v":"PUK kód"},{"$i":"pukValidation","$v":"PUK kód musí mít přesně 8 znaků."},{"$i":"pukInfo","$v":"Musíte vložit Personal Unlocking Key (PUK) pro kartu SIM. Pro více informací se podívejte do dokumentace ke své kartě SIM či kontaktujte svého operátora."},{"$i":"pukError","$v":"Neplatný PUK"},{"$i":"pukAttemptMsg2","$v":{"one":"Máte jeden pokus pro vložení správného kódu dříve, než bude vaše SIM karta trvale nepoužitelná. Nahlédněte do dokumentace ke své SIM kartě nebo pro více informací kontaktujte operátora.","two":["Máte ",{"t":"idOrVar","v":"n"}," pokusy pro vložení správného kódu dříve, než bude vaše SIM karta trvale nepoužitelná. Nahlédněte do dokumentace ke své SIM kartě nebo pro více informací kontaktujte operátora."],"few":["Máte ",{"t":"idOrVar","v":"n"}," pokusy pro vložení správného kódu dříve, než bude vaše SIM karta trvale nepoužitelná. Nahlédněte do dokumentace ke své SIM kartě nebo pro více informací kontaktujte operátora."],"many":["Máte ",{"t":"idOrVar","v":"n"}," pokusů pro vložení správného kódu dříve, než bude vaše SIM karta trvale nepoužitelná. Nahlédněte do dokumentace ke své SIM kartě nebo pro více informací kontaktujte operátora."],"other":["Máte ",{"t":"idOrVar","v":"n"}," pokusů pro vložení správného kódu dříve, než bude vaše SIM karta trvale nepoužitelná. Nahlédněte do dokumentace ke své SIM kartě nebo pro více informací kontaktujte operátora."]},"$x":[{"t":"idOrVar","v":"plural"},"n"]},{"$i":"pukLastChanceMsg","$v":"Toto je vaše poslední šance pro vložení správného PUK kódu. Pokud vložíte špatný kód PUK, bude vaše SIM karta trvale nepoužitelná."},{"$i":"create_newpin","$v":"Vytvořit nový PIN (4 až 8 číslic)"},{"$i":"confirm_newpin","$v":"Potvrďte nový PIN"},{"$i":"newpinConfirmation","$v":"PINy neodpovídají"},{"$i":"nckcode","$v":"Vložte NCK kód"},{"$i":"cckcode","$v":"Vložte CCK kód"},{"$i":"spckcode","$v":"Vložte SPCK kód"},{"$i":"nck1code","$v":"Vložte NCK1 kód"},{"$i":"nck2code","$v":"Vložte NCK2 kód"},{"$i":"hnckcode","$v":"Vložte HNCK kód"},{"$i":"rcckcode","$v":"Vložte RCCK kód"},{"$i":"rspckcode","$v":"Vložte RSPCK kód"},{"$i":"nckcodeTitle","$v":["Vložte SIM ",{"t":"idOrVar","v":"n"}," NCK"]},{"$i":"cckcodeTitle","$v":["Vložte SIM ",{"t":"idOrVar","v":"n"}," CCK"]},{"$i":"spckcodeTitle","$v":["Vložte SIM ",{"t":"idOrVar","v":"n"}," SPCK"]},{"$i":"nck1codeTitle","$v":["Vložte SIM ",{"t":"idOrVar","v":"n"}," NCK1"]},{"$i":"nck2codeTitle","$v":["Vložte SIM ",{"t":"idOrVar","v":"n"}," NCK2"]},{"$i":"hnckcodeTitle","$v":["Vložte SIM ",{"t":"idOrVar","v":"n"}," HNCK"]},{"$i":"rcckcodeTitle","$v":["Vložte SIM ",{"t":"idOrVar","v":"n"}," RCCK"]},{"$i":"rspckcodeTitle","$v":["Vložte SIM ",{"t":"idOrVar","v":"n"}," RSPCK"]},{"$i":"nckcodeLabel","$v":["SIM ",{"t":"idOrVar","v":"n"}," NCK"]},{"$i":"cckcodeLabel","$v":["SIM ",{"t":"idOrVar","v":"n"}," CCK"]},{"$i":"spckcodeLabel","$v":["SIM ",{"t":"idOrVar","v":"n"}," SPCK"]},{"$i":"nck1codeLabel","$v":["SIM ",{"t":"idOrVar","v":"n"}," NCK1"]},{"$i":"nck2codeLabel","$v":["SIM ",{"t":"idOrVar","v":"n"}," NCK2"]},{"$i":"hnckcodeLabel","$v":["SIM ",{"t":"idOrVar","v":"n"}," HNCK"]},{"$i":"rcckcodeLabel","$v":["SIM ",{"t":"idOrVar","v":"n"}," RCCK"]},{"$i":"rspckcodeLabel","$v":["SIM ",{"t":"idOrVar","v":"n"}," RSPCK"]},{"$i":"type_nck","$v":"Zadejte svůj NCK kód"},{"$i":"type_cck","$v":"Zadejte svůj CCK kód"},{"$i":"type_spck","$v":"Zadejte svůj SPCK kód"},{"$i":"type_nck1","$v":"Zadejte svůj NCK1 kód"},{"$i":"type_nck2","$v":"Zadejte svůj NCK2 kód"},{"$i":"type_hnck","$v":"Zadejte svůj HNCK kód"},{"$i":"type_rcck","$v":"Zadejte svůj RCCK kód"},{"$i":"type_rspck","$v":"Zadejte svůj RSPCK kód"},{"$i":"nckValidation","$v":"NCK musí mít mezi 8 až 16 znaky."},{"$i":"cckValidation","$v":"CCK musí mít mezi 8 až 16 znaky."},{"$i":"spckValidation","$v":"SPCK musí mít mezi 8 až 16 znaky."},{"$i":"nck1Validation","$v":"NCK1 musí mít mezi 8 až 16 znaky."},{"$i":"nck2Validation","$v":"NCK2 musí mít mezi 8 až 16 znaky."},{"$i":"hnckValidation","$v":"HNCK musí mít mezi 8 až 16 znaky."},{"$i":"rcckValidation","$v":"RCCK musí mít mezi 8 až 16 znaky."},{"$i":"rspckValidation","$v":"RSPCK musí mít mezi 8 až 16 znaky."},{"$i":"nckErrorMsg","$v":"NCK kód je neplatný"},{"$i":"nckAttemptMsg2","$v":{"one":"Požadavek na změnu sítě selhal. Máte ještě jeden pokus o vložení správného kódu. Nahlédněte do dokumentace ke své SIM kartě nebo pro více informací kontaktujte operátora.","two":["Požadavek na změnu sítě selhal. Máte ještě ",{"t":"idOrVar","v":"n"}," pokusy o vložení správného kódu. Nahlédněte do dokumentace ke své SIM kartě nebo pro více informací kontaktujte operátora."],"few":["Požadavek na změnu sítě selhal. Máte ještě ",{"t":"idOrVar","v":"n"}," pokusy o vložení správného kódu. Nahlédněte do dokumentace ke své SIM kartě nebo pro více informací kontaktujte operátora."],"many":["Požadavek na změnu sítě selhal. Máte ještě ",{"t":"idOrVar","v":"n"}," pokusů o vložení správného kódu. Nahlédněte do dokumentace ke své SIM kartě nebo pro více informací kontaktujte operátora."],"other":["Požadavek na změnu sítě selhal. Máte ještě ",{"t":"idOrVar","v":"n"}," pokusů o vložení správného kódu. Nahlédněte do dokumentace ke své SIM kartě nebo pro více informací kontaktujte operátora."]},"$x":[{"t":"idOrVar","v":"plural"},"n"]},{"$i":"nckLastChanceMsg","$v":"Požadavek na změnu sítě selhal. Poslední změna pro vložení správného NCK kódu. Nahlédněte do dokumentace ke své SIM kartě nebo pro více informací kontaktujte operátora.  "},{"$i":"skip","$v":"Přeskočit"},{"$i":"send","$v":"Odeslat"},{"$i":"ok","$v":"OK"},{"$i":"simLocked","$v":"SIM karta je zablokována"},{"$i":"inputCodeRetriesLeft","$v":{"one":"poslední pokus.","two":["Zbývají ",{"t":"idOrVar","v":"n"}," pokusy."],"few":["Zbývají ",{"t":"idOrVar","v":"n"}," pokusy."],"many":["Zbývá ",{"t":"idOrVar","v":"n"}," pokusů."],"other":["Zbývá ",{"t":"idOrVar","v":"n"}," pokusů."]},"$x":[{"t":"idOrVar","v":"plural"},"n"]},{"$i":"simManager","$v":"Správce SIM"},{"$i":"simDetail","$v":["SIM ",{"t":"idOrVar","v":"n"}]},{"$i":"simDefault","$v":"(předvolená)"},{"$i":"simDefaultMessage","$v":"Odchozí volání, odchozí zprávy a datové připojení je ve výchozím nastavení přiřazeno k SIM 1"},{"$i":"simSettingsMessage","$v":"Výchozí nastavení můžete změnit v Nastavení > Správce SIM"},{"$i":"simPinLocked","$v":"SIM je zamčená pomocí kódu PIN"},{"$i":"noOperator","$v":"Žádný operátor"},{"$i":"searchingOperator","$v":"Vyhledávání"},{"$i":"language","$v":"Jazyk"},{"$i":"3g","$v":"Mobilní data"},{"$i":"dataConnection","$v":"Povolení dat"},{"$i":"dataConnectionInfo","$v":"Povolení datových přenosů vám umožní nastavit telefon bez Wi-Fi připojení. Můžete je také zapnout později v Nastavení. Ujistěte se u svého operátora, že máte tarif vhodný k přenosu dat a vyhněte se tak případným vysokým poplatkům."},{"$i":"caution","$v":"Upozornění"},{"$i":"geolocation","$v":"Geolokace"},{"$i":"geolocationCheckbox","$v":"Povolení geolokace"},{"$i":"geolocationInfo2","$v":[{"t":"idOrVar","v":"brandShortName"}," používá data z GPS, Wi-Fi a mobilních sítí okolo vás pro určení vaší přibližné polohy."]},{"$i":"geolocationInfoMore","$v":"Data jsou posílána Mozille a dalším poskytovatelům služby a budou použita pro vylepšení databáze umístění. Data mohou být uložena na vašem zařízení a sběr dat může probíhat i tehdy, když nejsou spuštěny žádné aplikace. "},{"$i":"notice","$v":"Omezení"},{"$i":"aboutYourPrivacy","$v":"Více o vašem soukromí"},{"$i":"scanningNetworks","$v":"Hledání sítí"},{"$i":"selectNetwork","$v":"Volba sítě"},{"$i":"shortStatus-connecting","$v":"Připojování…"},{"$i":"shortStatus-associated","$v":"Získávání IP adresy…"},{"$i":"shortStatus-connected","$v":"Připojeno"},{"$i":"shortStatus-connectingfailed","$v":"Připojení se nezdařilo"},{"$i":"shortStatus-disconnected","$v":"Offline"},{"$i":"securedBy","$v":["zabezpečeno pomocí ",{"t":"idOrVar","v":"capabilities"}]},{"$i":"security","$v":"Zabezpečení"},{"$i":"securityNone","$v":"Žádné"},{"$i":"securityWEP","$v":"WEP"},{"$i":"securityWPA-PSK","$v":"WPA-PSK"},{"$i":"securityWPA-EAP","$v":"WPA-EAP"},{"$i":"securityOpen","$v":"Nezabezpečená","ariaLabel":"Zabezpečení"},{"$i":"identity","$v":"Uživatel"},{"$i":"identityInput","placeholder":"Uživatel"},{"$i":"password","$v":"Heslo"},{"$i":"passwordInput","placeholder":"Heslo"},{"$i":"showPassword","$v":"Zobrazit heslo"},{"$i":"refresh","$v":"Obnovit"},{"$i":"noWifiFound3","$v":"Nepodařilo se nalézt žádnou bezdrátovou síť"},{"$i":"join-hidden-button","$v":"Připojit ke skryté síti"},{"$i":"authentication","$v":"Autentizace"},{"$i":"ssid-name","$v":"Název sítě SSID"},{"$i":"wifiLevel","ariaLabel":["Síla ",{"t":"idOrVar","v":"level"}," z 4"]},{"$i":"networksList","ariaLabel":"Nalezeny sítě"},{"$i":"dateAndTime","$v":"Datum a čas"},{"$i":"timezoneTitle","$v":["UTC",{"t":"idOrVar","v":"utcOffset"}," ",{"t":"idOrVar","v":"region"},"/",{"t":"idOrVar","v":"city"}]},{"$i":"timeZone","$v":"Časová zóna"},{"$i":"change","$v":"Upravit"},{"$i":"region","ariaLabel":"Region"},{"$i":"city","ariaLabel":"Město"},{"$i":"date","ariaLabel":"Datum"},{"$i":"time","ariaLabel":"Čas"},{"$i":"importContacts3","$v":"Import kontaktů"},{"$i":"importSim2","$v":"SIM karta"},{"$i":"importFb2","$v":"Facebook"},{"$i":"importOutlook","$v":"Outlook"},{"$i":"importGmail","$v":"Gmail"},{"$i":"fb-checking","$v":"… probíhá ověřování"},{"$i":"notImportedYet","$v":"Nebylo nic vloženo"},{"$i":"otherAccount","$v":"Ostatní účty"},{"$i":"afterFbImport","$v":"Vaše přátele z Facebooku můžete kdykoliv převést a upravit v nastavení kontaktů."},{"$i":"firefox-accounts","$v":"Účet Firefox"},{"$i":"fxa-upsell","innerHTML":"Účet Firefox vám umožní používat služby jako je Nalézt mé zařízení a aplikace z Firefox Marketplace."},{"$i":"fxa-create-account-or-sign-in","$v":"Vytvořit účet nebo se přihlásit"},{"$i":"fxa-email-sent","$v":["Odkaz pro ověření byl odeslán na ",{"t":"idOrVar","v":"email"}]},{"$i":"fxa-signed-in","$v":["Přihlášený jako ",{"t":"idOrVar","v":"email"}]},{"$i":"about-your-rights-0","$v":[{"t":"idOrVar","v":"brandShortName"}," je svobodný software s otevřeným zdrojovým kódem, který je vytvářen tisíci dobrovolníky z celého světa. Je zde ale několik věcí, které byste měli vědět:"]},{"$i":"about-your-rights-1","$v":[{"t":"idOrVar","v":"brandShortName"}," je dostupná za podmínek stanovených v Mozilla Public License a dalších svobodných licencích. Zařízení používající ",{"t":"idOrVar","v":"brandShortName"}," může také obsahovat chráněný software třetích stran. Svobodné licence vám umožňuje software pozměňovat a šířit vámi pozměněné verze za podmínek stanovených v konkrétním licenčním ujednání."]},{"$i":"about-your-rights-2","$v":["Nejsou vám však podstoupena žádná práva ani licence k ochranným známkám Mozilla Foundation, či třetích stran, a to zejména k logu a jménu ",{"t":"idOrVar","v":"brandShortName"},"."]},{"$i":"about-your-rights-3","$v":["Některé funkce ",{"t":"idOrVar","v":"brandShortName"},", jako např. Hlášení pádů, vám umožní odeslat zpětnou vazbu organizaci Mozilla. Odesláním zpětné vazby, poskytujete organizaci Mozilla povolení k užití zpětné vazbu pro vylepšení svých produktů, publikaci zpětně vazby na svých stránkách a distribuci zpětné vazby."]},{"$i":"about-other","$v":"Další"},{"$i":"SIM_mandatory","$v":"Upozornění karty SIM"},{"$i":"SIM_mandatory_warm","$v":"Vložte prosím kartu SIM a restartujte svůj telefon."},{"$i":"telemetry-sends2","$v":["Vzdálené měření zasílá organizaci Mozilla data o výkonu, hardware, konfiguraci a nastavení vašeho zařízení s ",{"t":"idOrVar","v":"brandShortName"},". Pomůže nám to učinit naše produkty lepší, rychlejší a s lepší odezvou."]},{"$i":"learn-more-telemetry2","innerHTML":["Zjistěte více na <a href=\"",{"t":"idOrVar","v":"href"},"\" class=\"",{"t":"idOrVar","v":"className"},"\">",{"t":"idOrVar","v":"textContent"},"</a>"]},{"$i":"learn-more-information2","innerHTML":["Zjistěte, jak Mozilla zachází s vašimi informacemi na <a href=\"",{"t":"idOrVar","v":"href"},"\" class=\"",{"t":"idOrVar","v":"className"},"\">",{"t":"idOrVar","v":"textContent"},"</a>"]},{"$i":"htmlWelcome2","innerHTML":["Vítá vás <a href=\"",{"t":"idOrVar","v":"href"},"\" class=\"",{"t":"idOrVar","v":"className"},"\">",{"t":"idOrVar","v":"textContent"},"</a>, open source operační systém od Mozilly, který je dostupný zdarma. Naší misí je propagovat otevřenost, inovace a příležitosti při zachování síly webu ve vašich rukou."]},{"$i":"htmlWelcome-link","$v":[{"t":"idOrVar","v":"brandShortName"}]},{"$i":"helpImprove2","innerHTML":["Můžete nám pomoci vylepšovat naše produkty a služby automatickým zasíláním analytických dat. Podívejte se na <a href=\"",{"t":"idOrVar","v":"href"},"\" class=\"",{"t":"idOrVar","v":"className"},"\">",{"t":"idOrVar","v":"textContent"},"</a> pro zjištění, jak nakládáme s daty z vašeho zařízení."]},{"$i":"helpImprove-link","$v":"Zásady ochrany soukromí"},{"$i":"learn-more-privacy2","innerHTML":["Zjistěte, jak Mozilla zpracovává vaše informace v našich <a href=\"",{"t":"idOrVar","v":"href"},"\" class=\"",{"t":"idOrVar","v":"className"},"\">",{"t":"idOrVar","v":"textContent"},"</a>."]},{"$i":"learn-more-privacy-link","$v":"zásadách ochrany soukromí"},{"$i":"aboutBrowser","$v":["O ",{"t":"idOrVar","v":"brandShortName"}]},{"$i":"aboutYourPrivacy2","$v":"Vaše soukromí"},{"$i":"mozillaCommunity2","$v":["Používáním ",{"t":"idOrVar","v":"brandShortName"}," se stáváte členem světové komunity uživatelů usilujících o lepší budoucnost webu. Pokud se chcete dozvědět více o nás, našich dalších produktech a akcích ve vašem okolí, zadejte vaši e-mailovou adresu."]},{"$i":"sharePerformanceAndUsageData2","$v":"Ano! Odeslat data."},{"$i":"emailAddress","placeholder":"E-mailová adresa"},{"$i":"email-successfully-added","$v":"E-mail úspěšně přidán"},{"$i":"email-loading","$v":"Probíhá ukládání vašeho e-mailu…"},{"$i":"privacy-b2g","$v":[{"t":"idOrVar","v":"brandShortName"}],"title":[{"t":"idOrVar","v":"brandShortName"}]},{"$i":"privacy-marketplace","$v":"Tržiště","title":[{"t":"idOrVar","v":"privacy-marketplace"}]},{"$i":"privacy-eme","$v":"EverythingMe"},{"$i":"privacy-e-me","title":[{"t":"idOrVar","v":"privacy-e-me"}]},{"$i":"navbar-back","$v":"Zpět"},{"$i":"navbar-next","$v":"Další"},{"$i":"navbar-join","$v":"Spojit"},{"$i":"done","$v":"Hotovo"},{"$i":"thatsIt","$v":"Hotovo!"},{"$i":"startYourPhone","$v":"Průvodce vaším telefonem!"},{"$i":"startYourTablet","$v":"Průvodce vaším tabletem!"},{"$i":"joinTutorial","$v":"Krátké seznámení s vašim novým telefonem."},{"$i":"joinTutorialUpdated","$v":"Krátké seznámení s aktualizacemi vašeho telefonu."},{"$i":"enjoyYourPhone","$v":"Jste připraven(a) užít si svůj nový telefon."},{"$i":"enjoyYourPhoneUpdated","$v":"Jste připraven(a) užít si svůj aktualizovaný telefon."},{"$i":"optionsAvailable","$v":"Jazyk, datum/čas a Wi-Fi připojení lze změnit v nastavení."},{"$i":"letsGo","$v":"Začít"},{"$i":"startTour","$v":"Spustit prohlídku"},{"$i":"thatsIt1Tablet-2","$v":"Na domovskou stránku se vždy dostanete přejetím prstem směrem od spodního okraje obrazovky. "},{"$i":"thatsIt2Tablet-2","$v":"Pojďme na to!"},{"$i":"tutorial","$v":"Prohlídka"},{"$i":"tutorial-step1-large-3","$v":"Swipe down to access recent notifications, usage information and settings."},{"$i":"tutorial-step2-large-2","$v":"Přejetím prstem zleva nebo doprava objevujte nové aplikace na domovské obrazovce. "},{"$i":"tutorial-step3-large-2","$v":"Pro smazání aplikace či její přesunutí na ni klepněte prstem a přidržte."},{"$i":"tutorial-step4-large-2","$v":"Přejetím dvěma prsty směrem od dolního okraje obrazovky vyvoláte seznam panelů."},{"$i":"tutorial-vertical-scroll-v2-tiny","$v":"Pro procházení v seznamu aplikací přejíždějte nahoru a dolu. Pro přesunutí, upravení či smazání aplikací podržte prst nad ikonou. "},{"$i":"tutorial-notifications-v2-tiny","$v":"Swipe down to access recent notifications, usage information and settings."},{"$i":"tutorial-sheets-tiny","$v":"Táhněte od levé strany vaší obrazovky a získejte naposledy použité aplikace. "},{"$i":"tutorial-rocketbar-tiny","$v":"Klepněte na vyhledávací pole kdykoli chcete začít vyhledávat v telefonu či jít na web."},{"$i":"tutorial-bookmarks-migration-tiny","$v":"Záložky byly přemístěny na domovskou obrazovku. Pro změnu či přejmenování záložky na ni stačí pouze klepnout."},{"$i":"tutorial-app-grouping-tiny","$v":"Tap to expand and collapse app groups. Drag an app into a new space to create a group."},{"$i":"offline-dialog-title","$v":"K prohlížení této stránky musíte být připojeni k internetu."},{"$i":"offline-dialog-text","$v":["Běžte prosím zpět a připojte se k internetu. Tuto stránku si také můžete prohlédnout z nastavení nebo pokud zadáte ",{"t":"idOrVar","v":"url"}," do prohlížeče."]},{"$i":"OK","$v":"OK"},{"$i":"offline-newsletter-dialog-title","$v":"K přihlášení se k odběru novinek musíte být připojeni k internetu."},{"$i":"offline-newsletter-dialog-text","$v":"Běžte prosím zpět a připojte se k internetu."},{"$i":"invalid-email-dialog-title","$v":"Váš e-mail není platný"},{"$i":"invalid-email-dialog-text","$v":"Běžte prosím zpět a opravte jej."},{"$i":"retry","$v":"Opakovat"},{"$i":"cancel","$v":"Zrušit"},{"$i":"progressbar","$v":["Krok ",{"t":"idOrVar","v":"step"}," z ",{"t":"idOrVar","v":"total"}],"ariaLabel":"Zážitek z prvního spuštění"},{"$i":"weekday-0-long","$v":"Neděle"},{"$i":"weekday-1-long","$v":"Pondělí"},{"$i":"weekday-2-long","$v":"Úterý"},{"$i":"weekday-3-long","$v":"Středa"},{"$i":"weekday-4-long","$v":"Čtvrtek"},{"$i":"weekday-5-long","$v":"Pátek"},{"$i":"weekday-6-long","$v":"Sobota"},{"$i":"weekday-0-short","$v":"Ne"},{"$i":"weekday-1-short","$v":"Po"},{"$i":"weekday-2-short","$v":"Út"},{"$i":"weekday-3-short","$v":"St"},{"$i":"weekday-4-short","$v":"Čt"},{"$i":"weekday-5-short","$v":"Pá"},{"$i":"weekday-6-short","$v":"So"},{"$i":"month-0-long","$v":"Leden"},{"$i":"month-1-long","$v":"Únor"},{"$i":"month-2-long","$v":"Březen"},{"$i":"month-3-long","$v":"Duben"},{"$i":"month-4-long","$v":"Květen"},{"$i":"month-5-long","$v":"Červen"},{"$i":"month-6-long","$v":"Červenec"},{"$i":"month-7-long","$v":"Srpen"},{"$i":"month-8-long","$v":"Září"},{"$i":"month-9-long","$v":"Říjen"},{"$i":"month-10-long","$v":"Listopad"},{"$i":"month-11-long","$v":"Prosinec"},{"$i":"month-0-genitive","$v":"Leden"},{"$i":"month-1-genitive","$v":"Únor"},{"$i":"month-2-genitive","$v":"Březen"},{"$i":"month-3-genitive","$v":"Duben"},{"$i":"month-4-genitive","$v":"Květen"},{"$i":"month-5-genitive","$v":"Červen"},{"$i":"month-6-genitive","$v":"Červenec"},{"$i":"month-7-genitive","$v":"Srpen"},{"$i":"month-8-genitive","$v":"Září"},{"$i":"month-9-genitive","$v":"Říjen"},{"$i":"month-10-genitive","$v":"Listopad"},{"$i":"month-11-genitive","$v":"Prosinec"},{"$i":"month-0-short","$v":"leden"},{"$i":"month-1-short","$v":"únor"},{"$i":"month-2-short","$v":"březen"},{"$i":"month-3-short","$v":"duben"},{"$i":"month-4-short","$v":"květen"},{"$i":"month-5-short","$v":"červen"},{"$i":"month-6-short","$v":"červenec"},{"$i":"month-7-short","$v":"srpen"},{"$i":"month-8-short","$v":"září"},{"$i":"month-9-short","$v":"říjen"},{"$i":"month-10-short","$v":"listopad"},{"$i":"month-11-short","$v":"prosinec"},{"$i":"minutes-ago-long","$v":{"zero":"právě teď","one":"před minutou","two":"před 2 minutami","few":["před ",{"t":"idOrVar","v":"value"}," minutami"],"many":["před ",{"t":"idOrVar","v":"value"}," minutami"],"other":["před ",{"t":"idOrVar","v":"value"}," minutami"]},"$x":[{"t":"idOrVar","v":"plural"},"value"]},{"$i":"hours-ago-long","$v":{"zero":"právě teď","one":"před hodinou","two":"před 2 hodinami","few":["před ",{"t":"idOrVar","v":"value"}," hodinami"],"many":["před ",{"t":"idOrVar","v":"value"}," hodinami"],"other":["před ",{"t":"idOrVar","v":"value"}," hodinami"]},"$x":[{"t":"idOrVar","v":"plural"},"value"]},{"$i":"days-ago-long","$v":{"zero":"dnes","one":"včera","two":"předevčírem","few":["před ",{"t":"idOrVar","v":"value"}," dny"],"many":["před ",{"t":"idOrVar","v":"value"}," dny"],"other":["před ",{"t":"idOrVar","v":"value"}," dny"]},"$x":[{"t":"idOrVar","v":"plural"},"value"]},{"$i":"weeks-ago-long","$v":{"zero":"tento týden","one":"minutý týden","two":["před ",{"t":"idOrVar","v":"value"}," týdny"],"few":["před ",{"t":"idOrVar","v":"value"}," týdny"],"many":["před ",{"t":"idOrVar","v":"value"}," týdny"],"other":["před ",{"t":"idOrVar","v":"value"}," týdny"]},"$x":[{"t":"idOrVar","v":"plural"},"value"]},{"$i":"months-ago-long","$v":{"zero":"tento měsíc","one":"minulý měsíc","two":["před ",{"t":"idOrVar","v":"value"}," měsíci"],"few":["před ",{"t":"idOrVar","v":"value"}," měsíci"],"many":["před ",{"t":"idOrVar","v":"value"}," měsíci"],"other":["před ",{"t":"idOrVar","v":"value"}," měsíci"]},"$x":[{"t":"idOrVar","v":"plural"},"value"]},{"$i":"years-ago-long","$v":{"zero":"tento rok","one":"minulý rok","two":["před ",{"t":"idOrVar","v":"value"}," roky"],"few":["před ",{"t":"idOrVar","v":"value"}," roky"],"many":["před ",{"t":"idOrVar","v":"value"}," roky"],"other":["před ",{"t":"idOrVar","v":"value"}," roky"]},"$x":[{"t":"idOrVar","v":"plural"},"value"]},{"$i":"minutes-until-long","$v":{"zero":"nyní","one":"za minutu","two":"za 2 minuty","few":["za ",{"t":"idOrVar","v":"value"}," minuty"],"many":["za ",{"t":"idOrVar","v":"value"}," minut"],"other":["za ",{"t":"idOrVar","v":"value"}," minut"]},"$x":[{"t":"idOrVar","v":"plural"},"value"]},{"$i":"hours-until-long","$v":{"zero":"nyní","one":"za hodinu","two":"za 2 hodiny","few":["za ",{"t":"idOrVar","v":"value"}," hodiny"],"many":["za ",{"t":"idOrVar","v":"value"}," hodin"],"other":["za ",{"t":"idOrVar","v":"value"}," hodin"]},"$x":[{"t":"idOrVar","v":"plural"},"value"]},{"$i":"days-until-long","$v":{"zero":"dnes","one":"zítra","two":"pozítří","few":["za ",{"t":"idOrVar","v":"value"}," dny"],"many":["za ",{"t":"idOrVar","v":"value"}," dnů"],"other":["za ",{"t":"idOrVar","v":"value"}," dnů"]},"$x":[{"t":"idOrVar","v":"plural"},"value"]},{"$i":"weeks-until-long","$v":{"zero":"tento týden","one":"příští týden","two":["za ",{"t":"idOrVar","v":"value"}," týdny"],"few":["za ",{"t":"idOrVar","v":"value"}," týdny"],"many":["za ",{"t":"idOrVar","v":"value"}," týdnů"],"other":["za ",{"t":"idOrVar","v":"value"}," týdnů"]},"$x":[{"t":"idOrVar","v":"plural"},"value"]},{"$i":"months-until-long","$v":{"zero":"tento měsíc","one":"příští měsíc","two":["za ",{"t":"idOrVar","v":"value"}," měsíce"],"few":["za ",{"t":"idOrVar","v":"value"}," měsíce"],"many":["za ",{"t":"idOrVar","v":"value"}," měsíců"],"other":["za ",{"t":"idOrVar","v":"value"}," měsíců"]},"$x":[{"t":"idOrVar","v":"plural"},"value"]},{"$i":"years-until-long","$v":{"zero":"tento rok","one":"příští rok","two":["za ",{"t":"idOrVar","v":"value"}," roky"],"few":["za ",{"t":"idOrVar","v":"value"}," roky"],"many":["za ",{"t":"idOrVar","v":"value"}," roků"],"other":["za ",{"t":"idOrVar","v":"value"}," roků"]},"$x":[{"t":"idOrVar","v":"plural"},"value"]},{"$i":"minutes-ago-short","$v":{"zero":"právě teď","other":["před ",{"t":"idOrVar","v":"value"}," min"]},"$x":[{"t":"idOrVar","v":"plural"},"value"]},{"$i":"hours-ago-short","$v":{"zero":"právě teď","other":["před ",{"t":"idOrVar","v":"value"}," hod"]},"$x":[{"t":"idOrVar","v":"plural"},"value"]},{"$i":"days-ago-short","$v":{"zero":"dnes","other":["před ",{"t":"idOrVar","v":"value"}," dny"]},"$x":[{"t":"idOrVar","v":"plural"},"value"]},{"$i":"minutes-until-short","$v":{"zero":"nyní","other":["za ",{"t":"idOrVar","v":"value"}," min"]},"$x":[{"t":"idOrVar","v":"plural"},"value"]},{"$i":"hours-until-short","$v":{"zero":"nyní","other":["za ",{"t":"idOrVar","v":"value"}," hod"]},"$x":[{"t":"idOrVar","v":"plural"},"value"]},{"$i":"days-until-short","$v":{"zero":"dnes","other":["za ",{"t":"idOrVar","v":"value"}," dny"]},"$x":[{"t":"idOrVar","v":"plural"},"value"]},{"$i":"incorrectDate","$v":"(neplatné datum)"},{"$i":"dateTimeFormat_%c","$v":"%a %e. %b %Y %H:%M:%S"},{"$i":"dateTimeFormat_%x","$v":"%e. %m. %Y"},{"$i":"dateTimeFormat_%X","$v":"%H:%M:%S"},{"$i":"shortTimeFormat","$v":"%H:%M"},{"$i":"shortTimeFormat12","$v":"%I:%M"},{"$i":"shortTimeFormat24","$v":"%H:%M"},{"$i":"shortDateTimeFormat","$v":"%x %H:%M"},{"$i":"weekStartsOnMonday","$v":"1"},{"$i":"firstDayOfTheWeek","$v":"0"},{"$i":"time_am","$v":"AM"},{"$i":"time_pm","$v":"PM"},{"$i":"tz-region","$v":"Oblast"},{"$i":"tz-city","$v":"Město"},{"$i":"tzRegion-Africa","$v":"Afrika"},{"$i":"tzRegion-America","$v":"Amerika"},{"$i":"tzRegion-Antarctica","$v":"Antarktida"},{"$i":"tzRegion-Asia","$v":"Asie"},{"$i":"tzRegion-Atlantic","$v":"Atlantský oceán"},{"$i":"tzRegion-Australia","$v":"Austrálie"},{"$i":"tzRegion-Europe","$v":"Evropa"},{"$i":"tzRegion-Indian","$v":"Indický oceán"},{"$i":"tzRegion-Pacific","$v":"Tichý oceán"},{"$i":"close","$v":"Zavřít"},{"$i":"import","$v":"Importovat"},{"$i":"update","$v":"Aktualizovat"},{"$i":"fbFriends","$v":"Přátelé z Facebooku"},{"$i":"live-serviceName","$v":"Outlook"},{"$i":"gmail-serviceName","$v":"Gmail"},{"$i":"facebook-serviceName","$v":"Přátelé z Facebooku"},{"$i":"selectAll","$v":"Vybrat vše"},{"$i":"deselectAll","$v":"Zrušit výběr"},{"$i":"viewAll","$v":"Zobrazit všechny přátele na Facebooku"},{"$i":"viewRecommend","$v":"Zobrazit pouze doporučené"},{"$i":"linkProposal","$v":{"zero":"Žádní odpovídající přátelé. Zobrazeno vše","one":"Vybrat doporučeného","two":"Vybrat doporučené","few":"Vybrat doporučené","many":"Vybrat doporučené","other":"Vybrat doporučené"},"$x":[{"t":"idOrVar","v":"plural"},"numFriends"]},{"$i":"fbFriendsFound","$v":{"zero":"Všichni přátelé jsou již naimportováni","one":"Nalezen jeden přítel pro import","two":["Nalezeni ",{"t":"idOrVar","v":"numFriends"}," přátelé pro import"],"few":["Nalezeno ",{"t":"idOrVar","v":"numFriends"}," přátel pro import"],"many":["Nalezeno ",{"t":"idOrVar","v":"numFriends"}," přátel pro import"],"other":["Nalezeno ",{"t":"idOrVar","v":"numFriends"}," přátel pro import"]},"$x":[{"t":"idOrVar","v":"plural"},"numFriends"]},{"$i":"fbNoFriends","$v":"Žádný kontakt není k dispozici pro přidání"},{"$i":"search-contact","placeholder":"Hledat"},{"$i":"noResults","$v":"Nenalezeny žádné kontakty"},{"$i":"done-search","$v":"Hotovo"},{"$i":"progressFB3ImportTitle","$v":"Importování přátel do kontaktů"},{"$i":"progressFB","$v":[{"t":"idOrVar","v":"current"},"/",{"t":"idOrVar","v":"total"}]},{"$i":"progressFB3UpdateTitle","$v":"Aktualizace přátel v kontaktech"},{"$i":"message2","$v":"Toto může trvat několik minut"},{"$i":"messageLinking","$v":"Mějte chvíli strpení. Probíhá propojení vašich přátel a kontaktů."},{"$i":"messageCanceling","$v":"Mějte chvíli strpení. Probíhá rušení probíhající operace."},{"$i":"error1","$v":["Chyba ",{"t":"idOrVar","v":"from"}]},{"$i":"error2","$v":"Zkusit znovu?"},{"$i":"errorProposal","$v":"při výpočtu návrhů"},{"$i":"errorFriends","$v":"při získávání přátel"},{"$i":"errorLinking","$v":"při propojování kontaktu"},{"$i":"timeout1","$v":["Vypršel časový limit ",{"t":"idOrVar","v":"from"}]},{"$i":"timeout2","$v":"Zkusit znovu?"},{"$i":"timeoutProposal","$v":"pro výpočet návrhů"},{"$i":"timeoutFriends","$v":"pro získání přátel"},{"$i":"timeoutLinking","$v":"pro propojení kontaktů"},{"$i":"wait1","$v":"Mějte chvíli strpení"},{"$i":"wait2","$v":"Toto může trvat několik minut"},{"$i":"waitProposal","$v":"Mějte chvíli strpení. Probíhá výpočet návrhů."},{"$i":"waitFriends","$v":"Mějte chvíli strpení. Probíhá připojování pro získání vašeho seznamu přátel."},{"$i":"curtainCancel","$v":"Zrušit"},{"$i":"curtainRetry","$v":"Opakovat"},{"$i":"curtainOK","$v":"OK"},{"$i":"connectionLost","$v":"Žádné připojení k internetu"},{"$i":"connectionLostMsg","$v":"Fotografie přátel nebudou připojeny k vašim kontaktům. Pokračovat?"},{"$i":"yesOption","$v":"OK"},{"$i":"noOption","$v":"Zrušit"},{"$i":"friendsUpdated","$v":{"zero":"Všichni přátelé jsou již aktuální","one":"Aktualizován jeden přítel","two":["Aktualizováni ",{"t":"idOrVar","v":"numFriends"}," přátelé"],"few":["Aktualizováno ",{"t":"idOrVar","v":"numFriends"}," přátel"],"many":["Aktualizováno ",{"t":"idOrVar","v":"numFriends"}," přátel"],"other":["Aktualizováno ",{"t":"idOrVar","v":"numFriends"}," přátel"]},"$x":[{"t":"idOrVar","v":"plural"},"numFriends"]},{"$i":"friendsMerged","$v":{"zero":"Nedošlo k žádnému sloučení přátel","one":"Jeden přátel byl sloučen","two":[{"t":"idOrVar","v":"numDups"}," přátelé sloučeni"],"few":[{"t":"idOrVar","v":"numDups"}," přátelé sloučeni"],"many":[{"t":"idOrVar","v":"numDups"}," přátelů sloučeno"],"other":[{"t":"idOrVar","v":"numDups"}," přátelů sloučeno"]},"$x":[{"t":"idOrVar","v":"plural"},"numDups"]},{"$i":"notificationLogin","$v":"Vaše relace již není platná. Přihlaste se prosím."},{"$i":"syncError","$v":"Při synchronizaci dat vašich přátel nastala chyba"}]