[{"$i":"brandShortName","$v":"B2G OS"},{"$i":"browserBrandShortName","$v":"Web Browser"},{"$i":"browserBrandFullName","$v":"Mozilla Web Browser"},{"$i":"ringtoneBrandName","$v":"Default"},{"$i":"ringtoneSectionBrandName","$v":"System"},{"$i":"back","$v":"Tilbage"},{"$i":"noSimMsg","$v":"Indsæt simkort eller lås det op for at importere kontakter"},{"$i":"noMemoryCardMsg","$v":"Indsæt hukommelseskort for at importere kontakter"},{"$i":"importMemoryCard","$v":"Hukommelseskort"},{"$i":"noConnection11","$v":"Forbind til wi-fi eller datanetværk for at importere kontakter eller venner fra Facebook"},{"$i":"emptyAccount","$v":"Der blev ikke fundet venner eller kontakter i denne konto."},{"$i":"simContacts-import","$v":"Importer kontakter fra simkort"},{"$i":"simContacts-importing","$v":"Importerer kontakter fra simkort…"},{"$i":"simContacts-reading","$v":"Læser fra simkort…"},{"$i":"simContacts-error","$v":"Kunne ikke importere kontakter fra simkort"},{"$i":"simContacts-imported3","$v":{"zero":"Ingen kontakter fundet på simkort","one":"Importerede en kontakt","two":["Importerede ",{"t":"idOrVar","v":"n"}," kontakter"],"few":["Importerede ",{"t":"idOrVar","v":"n"}," kontakter"],"many":["Importerede ",{"t":"idOrVar","v":"n"}," kontakter"],"other":["Importerede ",{"t":"idOrVar","v":"n"}," kontakter"]},"$x":[{"t":"idOrVar","v":"plural"},"n"]},{"$i":"memoryCardContacts-import","$v":"Importer kontakter fra hukommelseskort"},{"$i":"memoryCardContacts-importing","$v":"Importerer kontakter fra hukommelseskort…"},{"$i":"memoryCardContacts-reading","$v":"Læser fra hukommelseskort…"},{"$i":"memoryCardContacts-error","$v":"Kunne ikke importere kontakter fra hukommelseskort"},{"$i":"memoryCardContacts-imported3","$v":{"zero":"Ingen kontakter fundet på hukommelseskort","one":"Importerede 1 kontakt","two":["Importerede ",{"t":"idOrVar","v":"n"}," kontakter"],"few":["Importerede ",{"t":"idOrVar","v":"n"}," kontakter"],"many":["Importerede ",{"t":"idOrVar","v":"n"}," kontakter"],"other":["Importerede ",{"t":"idOrVar","v":"n"}," kontakter"]},"$x":[{"t":"idOrVar","v":"plural"},"n"]},{"$i":"genericProgress","$v":[{"t":"idOrVar","v":"current"},"/",{"t":"idOrVar","v":"total"}]},{"$i":"facebook","$v":"Facebook"},{"$i":"facebook-import-msg2","$v":[{"t":"idOrVar","v":"imported"},"/",{"t":"idOrVar","v":"total"}]},{"$i":"contactsMerged","$v":{"zero":"Ingen duplikerede kontakter sammenflettet","one":"1 duplikeret kontakt sammenflettet","two":[{"t":"idOrVar","v":"numDups"}," kontakter sammenflettet"],"few":[{"t":"idOrVar","v":"numDups"}," kontakter sammenflettet"],"many":[{"t":"idOrVar","v":"numDups"}," kontakter sammenflettet"],"other":[{"t":"idOrVar","v":"numDups"}," kontakter sammenflettet"]},"$x":[{"t":"idOrVar","v":"plural"},"numDups"]},{"$i":"pincode2","$v":"Indtast pinkode"},{"$i":"type_pin","$v":"Indtast din pinkode"},{"$i":"pincodeLabel","$v":["Pinkode til simkort ",{"t":"idOrVar","v":"n"}]},{"$i":"pinValidation","$v":"Pinkoden skal være på mellem 4 og 8 tegn."},{"$i":"pinError","$v":"Forkert pinkode."},{"$i":"pinAttemptMsg2","$v":{"one":"Du har 1 forsøg tilbage til at indtaste den korrekte kode, før simkortet låses.","two":["Du har ",{"t":"idOrVar","v":"n"}," forsøg tilbage til at indtaste den korrekte kode, før simkortet låses."],"few":["Du har ",{"t":"idOrVar","v":"n"}," forsøg tilbage til at indtaste den korrekte kode, før simkortet låses."],"many":["Du har ",{"t":"idOrVar","v":"n"}," forsøg tilbage til at indtaste den korrekte kode, før simkortet låses."],"other":["Du har ",{"t":"idOrVar","v":"n"}," forsøg tilbage til at indtaste den korrekte kode, før simkortet låses."]},"$x":[{"t":"idOrVar","v":"plural"},"n"]},{"$i":"pinLastChanceMsg","$v":"Dette er din sidste mulighed for at indtaste den korrekte kode. Ellers låses simkortet, og du skal indtaste PUK-koden for atter at kunne bruge simkortet."},{"$i":"pukcode","$v":"Indtast PUK-kode"},{"$i":"pukcodeTitle","$v":["Indtast PUK-kode til simkort ",{"t":"idOrVar","v":"n"}]},{"$i":"pukcodeLabel","$v":["PUK-kode til simkort ",{"t":"idOrVar","v":"n"}]},{"$i":"type_puk","$v":"PUK-kode"},{"$i":"pukValidation","$v":"PUK-koden skal være på 8 tegn."},{"$i":"pukInfo","$v":"Du skal indtaste din Personal Unlocking Key (PUK-kode) til simkortet. Tjek dokumentationen for dit simkort, eller kontakt din operatør for yderligere information."},{"$i":"pukError","$v":"Forkert PUK-kode."},{"$i":"pukAttemptMsg2","$v":{"one":"Du har 1 forsøg tilbage til at indtaste den korrekte PUK-kode til dette simkort, før kortet låses for bestandigt. Tjek dokumentationen for dit simkort, eller kontakt din operatør for yderligere information.","two":["Du har ",{"t":"idOrVar","v":"n"}," forsøg tilbage til at indtaste den korrekte PUK-kode til dette simkort, før kortet låses for bestandigt. Tjek dokumentationen for dit simkort, eller kontakt din operatør for yderligere information."],"few":["Du har ",{"t":"idOrVar","v":"n"}," forsøg tilbage til at indtaste den korrekte PUK-kode til dette simkort, før kortet låses for bestandigt. Tjek dokumentationen for dit simkort, eller kontakt din operatør for yderligere information."],"many":["Du har ",{"t":"idOrVar","v":"n"}," forsøg tilbage til at indtaste den korrekte PUK-kode til dette simkort, før kortet låses for bestandigt. Tjek dokumentationen for dit simkort, eller kontakt din operatør for yderligere information."],"other":["Du har ",{"t":"idOrVar","v":"n"}," forsøg tilbage til at indtaste den korrekte PUK-kode til dette simkort, før kortet låses for bestandigt. Tjek dokumentationen for dit simkort, eller kontakt din operatør for yderligere information."]},"$x":[{"t":"idOrVar","v":"plural"},"n"]},{"$i":"pukLastChanceMsg","$v":"Dette er din sidste mulighed for at indtaste en korrekt PUK-kode. Hvis du indtaster en forkert PUK-kode, vil dit simkort blive låst for bestandigt."},{"$i":"create_newpin","$v":"Opret en ny pinkode (4 til 8 cifre)"},{"$i":"confirm_newpin","$v":"Bekræft ny pinkode"},{"$i":"newpinConfirmation","$v":"Pinkoderne er ikke ens."},{"$i":"nckcode","$v":"Indtast NCK-kode"},{"$i":"cckcode","$v":"Indtast CCK-kode"},{"$i":"spckcode","$v":"Indtast SPCK-kode"},{"$i":"nck1code","$v":"Indtast NCK1-kode"},{"$i":"nck2code","$v":"Indtast NCK2-kode"},{"$i":"hnckcode","$v":"Indtast HNCK-kode"},{"$i":"rcckcode","$v":"Indtast RCCK-kode"},{"$i":"rspckcode","$v":"Indtast RSPCK-kode"},{"$i":"nckcodeTitle","$v":["Indtast NCK-kode til simkort ",{"t":"idOrVar","v":"n"}]},{"$i":"cckcodeTitle","$v":["Indtast CCK-kode til simkort ",{"t":"idOrVar","v":"n"}]},{"$i":"spckcodeTitle","$v":["Indtast SPCK-kode til simkort ",{"t":"idOrVar","v":"n"}]},{"$i":"nck1codeTitle","$v":["Indtast NCK1-kode til simkort ",{"t":"idOrVar","v":"n"}]},{"$i":"nck2codeTitle","$v":["Indtast NCK2-kode til simkort ",{"t":"idOrVar","v":"n"}]},{"$i":"hnckcodeTitle","$v":["Indtast HNCK-kode til simkort ",{"t":"idOrVar","v":"n"}]},{"$i":"rcckcodeTitle","$v":["Indtast RCCK-kode til simkort ",{"t":"idOrVar","v":"n"}]},{"$i":"rspckcodeTitle","$v":["Indtast RSPCK-kode til simkort ",{"t":"idOrVar","v":"n"}]},{"$i":"nckcodeLabel","$v":["NCK-kode til simkort ",{"t":"idOrVar","v":"n"}]},{"$i":"cckcodeLabel","$v":["CCK-kode til simkort ",{"t":"idOrVar","v":"n"}]},{"$i":"spckcodeLabel","$v":["SPCK-kode til simkort ",{"t":"idOrVar","v":"n"}]},{"$i":"nck1codeLabel","$v":["NCK1-kode til simkort ",{"t":"idOrVar","v":"n"}]},{"$i":"nck2codeLabel","$v":["NCK2-kode til simkort ",{"t":"idOrVar","v":"n"}]},{"$i":"hnckcodeLabel","$v":["HNCK-kode til simkort ",{"t":"idOrVar","v":"n"}]},{"$i":"rcckcodeLabel","$v":["RCCK-kode til simkort ",{"t":"idOrVar","v":"n"}]},{"$i":"rspckcodeLabel","$v":["RSPCK-kode til simkort ",{"t":"idOrVar","v":"n"}]},{"$i":"type_nck","$v":"Indtast din NCK-kode"},{"$i":"type_cck","$v":"Indtast din CCK-kode"},{"$i":"type_spck","$v":"Indtast din SPCK-kode"},{"$i":"type_nck1","$v":"Indtast din NCK1-kode"},{"$i":"type_nck2","$v":"Indtast din NCK2-kode"},{"$i":"type_hnck","$v":"Indtast din HNCK-kode"},{"$i":"type_rcck","$v":"Indtast din RCCK-kode"},{"$i":"type_rspck","$v":"Indtast din RSPCK-kode"},{"$i":"nckValidation","$v":"NCK-koden skal have mellem 8 og 16 tegn."},{"$i":"cckValidation","$v":"CCK-koden skal have mellem 8 og 16 tegn."},{"$i":"spckValidation","$v":"SPCK-koden skal have mellem 8 og 16 tegn."},{"$i":"nck1Validation","$v":"NCK1-koden skal have mellem 8 og 16 tegn."},{"$i":"nck2Validation","$v":"NCK2-koden skal have mellem 8 og 16 tegn."},{"$i":"hnckValidation","$v":"HNCK-koden skal have mellem 8 og 16 tegn."},{"$i":"rcckValidation","$v":"RCCK-koden skal have mellem 8 og 16 tegn."},{"$i":"rspckValidation","$v":"RSPCK-koden skal have mellem 8 og 16 tegn."},{"$i":"nckErrorMsg","$v":"Forkert NCK-kode."},{"$i":"nckAttemptMsg2","$v":{"one":"Unlock mislykkedes. Du har 1 forsøg tilbage til at indtaste den korrekte NCK-kode. Tjek dokumentationen for dit simkort, eller kontakt din operatør for yderligere information.","two":["Unlock mislykkedes. Du har ",{"t":"idOrVar","v":"n"}," forsøg tilbage til at indtaste den korrekte NCK-kode. Tjek dokumentationen for dit simkort, eller kontakt din operatør for yderligere information."],"few":["Unlock mislykkedes. Du har ",{"t":"idOrVar","v":"n"}," forsøg tilbage til at indtaste den korrekte NCK-kode. Tjek dokumentationen for dit simkort, eller kontakt din operatør for yderligere information."],"many":["Unlock mislykkedes. Du har ",{"t":"idOrVar","v":"n"}," forsøg tilbage til at indtaste den korrekte NCK-kode. Tjek dokumentationen for dit simkort, eller kontakt din operatør for yderligere information."],"other":["Unlock mislykkedes. Du har ",{"t":"idOrVar","v":"n"}," forsøg tilbage til at indtaste den korrekte NCK-kode. Tjek dokumentationen for dit simkort, eller kontakt din operatør for yderligere information."]},"$x":[{"t":"idOrVar","v":"plural"},"n"]},{"$i":"nckLastChanceMsg","$v":"Unlock mislykkedes. Dette er din sidste mulighed for at indtaste den korrekte NCK-kode. Tjek dokumentationen for dit simkort, eller kontakt din operatør for yderligere information."},{"$i":"skip","$v":"Spring over"},{"$i":"send","$v":"Send"},{"$i":"ok","$v":"OK"},{"$i":"simLocked","$v":"Simkortet er låst"},{"$i":"inputCodeRetriesLeft","$v":{"one":"Sidste forsøg.","two":[{"t":"idOrVar","v":"n"}," forsøg tilbage."],"few":[{"t":"idOrVar","v":"n"}," forsøg tilbage."],"many":[{"t":"idOrVar","v":"n"}," forsøg tilbage."],"other":[{"t":"idOrVar","v":"n"}," forsøg tilbage."]},"$x":[{"t":"idOrVar","v":"plural"},"n"]},{"$i":"simManager","$v":"Simkort-manager"},{"$i":"simDetail","$v":["Simkort ",{"t":"idOrVar","v":"n"}]},{"$i":"simDefault","$v":"(standard)"},{"$i":"simDefaultMessage","$v":"Opkald, udgående beskeder og dataforbindelse benytter som standard simkort 1"},{"$i":"simSettingsMessage","$v":"Du kan ændre standardindstillingerne via Indstillinger > Simkort-manager"},{"$i":"simPinLocked","$v":"Simkortet er låst"},{"$i":"noOperator","$v":"Ingen operatør"},{"$i":"searchingOperator","$v":"Søger"},{"$i":"language","$v":"Sprog"},{"$i":"3g","$v":"Mobildata"},{"$i":"dataConnection","$v":"Aktiver data"},{"$i":"dataConnectionInfo","$v":"Aktivering af data lader dig bruge din mobiltelefon uden en wi-fi-forbindelse. Du kan også aktivere data senere i Indstillinger. Sørg for at have et abonnement med data hos din operatør, da du ellers risikerer høje regninger."},{"$i":"caution","$v":"Advarsel"},{"$i":"geolocation","$v":"Position"},{"$i":"geolocationCheckbox","$v":"Aktiver position"},{"$i":"geolocationInfo2","$v":[{"t":"idOrVar","v":"brandShortName"}," bruger data fra GPS, wi-fi og mobile netværk i din nærhed for at fastsætte din omtrentlige position."]},{"$i":"geolocationInfoMore","$v":"Data, som sendes til Mozilla og andre tjenesteudbydere, vil blive brugt til at forbedre positionsdatabaserne. Data kan blive opbevaret på din enhed og indsamling af data kan ske, selvom du ikke har apps kørende."},{"$i":"notice","$v":"Bemærk"},{"$i":"aboutYourPrivacy","$v":"Mere om dit privatliv"},{"$i":"scanningNetworks","$v":"Skanner efter netværk"},{"$i":"selectNetwork","$v":"Vælg et netværk"},{"$i":"shortStatus-connecting","$v":"Forbinder…"},{"$i":"shortStatus-associated","$v":"Henter en IP-adresse…"},{"$i":"shortStatus-connected","$v":"Forbundet"},{"$i":"shortStatus-connectingfailed","$v":"Forbindelse mislykkedes"},{"$i":"shortStatus-disconnected","$v":"Offline"},{"$i":"securedBy","$v":["sikret af ",{"t":"idOrVar","v":"capabilities"}]},{"$i":"security","$v":"Sikkerhed"},{"$i":"securityNone","$v":"Ingen"},{"$i":"securityWEP","$v":"WEP"},{"$i":"securityWPA-PSK","$v":"WPA-PSK"},{"$i":"securityWPA-EAP","$v":"WPA-EAP"},{"$i":"securityOpen","$v":"Åben","ariaLabel":"Sikkerhed"},{"$i":"identity","$v":"Bruger"},{"$i":"identityInput","placeholder":"Bruger"},{"$i":"password","$v":"Adgangskode"},{"$i":"passwordInput","placeholder":"Adgangskode"},{"$i":"showPassword","$v":"Vis adgangskode"},{"$i":"refresh","$v":"Opdater"},{"$i":"noWifiFound3","$v":"Trådløst netværk ikke fundet"},{"$i":"join-hidden-button","$v":"Forbind til skjult netværk"},{"$i":"authentication","$v":"Godkendelse"},{"$i":"ssid-name","$v":"SSID-netværksnavn"},{"$i":"wifiLevel","ariaLabel":[{"t":"idOrVar","v":"level"}," ud af 4 streger"]},{"$i":"networksList","ariaLabel":"Netværk fundet"},{"$i":"dateAndTime","$v":"Dato & klokkeslæt"},{"$i":"timezoneTitle","$v":["UTC",{"t":"idOrVar","v":"utcOffset"}," ",{"t":"idOrVar","v":"region"},"/",{"t":"idOrVar","v":"city"}]},{"$i":"timeZone","$v":"Tidszone"},{"$i":"change","$v":"Skift"},{"$i":"region","ariaLabel":"Område"},{"$i":"city","ariaLabel":"By"},{"$i":"date","ariaLabel":"Dato"},{"$i":"time","ariaLabel":"Klokkeslæt"},{"$i":"importContacts3","$v":"Importer kontakter"},{"$i":"importSim2","$v":"Simkort"},{"$i":"importFb2","$v":"Facebook"},{"$i":"importOutlook","$v":"Outlook"},{"$i":"importGmail","$v":"Gmail"},{"$i":"fb-checking","$v":"… undersøger"},{"$i":"notImportedYet","$v":"Endnu ikke importeret"},{"$i":"otherAccount","$v":"Andre konti"},{"$i":"afterFbImport","$v":"Du kan importere og redigere Facebook-venner i indstillingerne i Kontakter"},{"$i":"firefox-accounts","$v":"Firefox-konti"},{"$i":"fxa-upsell","innerHTML":"En Firefox-konto gør det muligt at finde en mistet telefon og købe apps fra Firefox Marketplace."},{"$i":"fxa-create-account-or-sign-in","$v":"Opret konto eller log ind"},{"$i":"fxa-email-sent","$v":["Et bekræftelseslink er blevet sendt til ",{"t":"idOrVar","v":"email"}]},{"$i":"fxa-signed-in","$v":["Logget ind som ",{"t":"idOrVar","v":"email"}]},{"$i":"about-your-rights-0","$v":[{"t":"idOrVar","v":"brandShortName"}," er gratis og open source software, skabt af et fællesskab af tusindvis af mennesker over hele kloden. Der er et par ting, som du bør vide:"]},{"$i":"about-your-rights-1","$v":[{"t":"idOrVar","v":"brandShortName"}," er omfattet af flere forskellige open source-licenser, inklusive Mozilla Public License. En enhed med ",{"t":"idOrVar","v":"brandShortName"}," kan også indeholde proprietær software fra tredjepart. Enhver kode omfattet af en open source-licens giver dig ret til at ændre i koden og distribuere din version, så længe du overholder dens betingelser."]},{"$i":"about-your-rights-2","$v":["Du har ikke ret til at bruge varemærker fra Mozilla Foundation eller andre, hvilket inkluderer navn og logo for ",{"t":"idOrVar","v":"brandShortName"},"."]},{"$i":"about-your-rights-3","$v":["Nogle funktioner i ",{"t":"idOrVar","v":"brandShortName"},", fx fejlrapportering, giver dig mulighed for at sende feedback til Mozilla. Hvis du vælger at sende feedback, giver du Mozilla tilladelse til at bruge feedbacken til at forbedre sine produkter, at offentliggøre feedbacken på sine websider og at videredistribuere feedbacken frit."]},{"$i":"about-other","$v":"Andre"},{"$i":"SIM_mandatory","$v":"Intet simkort"},{"$i":"SIM_mandatory_warm","$v":"Indsæt et simkort og genstart din enhed."},{"$i":"telemetry-sends2","$v":["Telemetry sender data til Mozilla om ydelse, hardware, tilpasninger og brug af apps i din  ",{"t":"idOrVar","v":"brandShortName"},"-enhed. De indsamlede data bruges til at gøre vores produkter bedre, hurtigere og med en bedre reaktionstid."]},{"$i":"learn-more-telemetry2","innerHTML":["Læs mere på <a href=\"",{"t":"idOrVar","v":"href"},"\" class=\"",{"t":"idOrVar","v":"className"},"\">",{"t":"idOrVar","v":"textContent"},"</a>"]},{"$i":"learn-more-information2","innerHTML":["Læs, hvordan Mozilla håndterer dine data, på <a href=\"",{"t":"idOrVar","v":"href"},"\" class=\"",{"t":"idOrVar","v":"className"},"\">",{"t":"idOrVar","v":"textContent"},"</a>"]},{"$i":"htmlWelcome2","innerHTML":["Velkommen til <a href=\"",{"t":"idOrVar","v":"href"},"\" class=\"",{"t":"idOrVar","v":"className"},"\">",{"t":"idOrVar","v":"textContent"},"</a>, det gratis styresystem  med open source fra Mozilla. Vores mission er et fremme åbenhed, innovation og fremtidige muligheder ved at give dig internettes magt i hænderne."]},{"$i":"htmlWelcome-link","$v":[{"t":"idOrVar","v":"brandShortName"}]},{"$i":"helpImprove2","innerHTML":["Du kan hjælpe os med at forbedre vores produkter og tjenester ved automatisk at sende analytiske data til os. Læs vores <a href=\"",{"t":"idOrVar","v":"href"},"\" class=\"",{"t":"idOrVar","v":"className"},"\">",{"t":"idOrVar","v":"textContent"},"</a> for at se, hvordan vi håndterer de indsendte data."]},{"$i":"helpImprove-link","$v":"privatlivspolitik"},{"$i":"learn-more-privacy2","innerHTML":["Læs, hvordan Mozilla håndterer dine data i vores <a href=\"",{"t":"idOrVar","v":"href"},"\" class=\"",{"t":"idOrVar","v":"className"},"\">",{"t":"idOrVar","v":"textContent"},"</a>."]},{"$i":"learn-more-privacy-link","$v":"privatlivspolitik"},{"$i":"aboutBrowser","$v":["Om ",{"t":"idOrVar","v":"brandShortName"}]},{"$i":"aboutYourPrivacy2","$v":"Dit privatliv"},{"$i":"mozillaCommunity2","$v":["Når du bruger ",{"t":"idOrVar","v":"brandShortName"},", bliver du en del af et globalt fællesskab, der hjælper med at bygge en bedre fremtid for internettet. Hvis du vil vide mere om Mozilla-fællesskabet eller vores andre produkter og begivenheder nær dig, så indtast din mailadresse nedenfor."]},{"$i":"sharePerformanceAndUsageData2","$v":"Ja, send data."},{"$i":"emailAddress","placeholder":"Mailadresse"},{"$i":"email-successfully-added","$v":"Mailadresse tilføjet"},{"$i":"email-loading","$v":"Gemmer din mail…"},{"$i":"privacy-b2g","$v":[{"t":"idOrVar","v":"brandShortName"}],"title":[{"t":"idOrVar","v":"brandShortName"}]},{"$i":"privacy-marketplace","$v":"Marketplace","title":[{"t":"idOrVar","v":"privacy-marketplace"}]},{"$i":"privacy-eme","$v":"EverythingMe"},{"$i":"privacy-e-me","title":[{"t":"idOrVar","v":"privacy-e-me"}]},{"$i":"navbar-back","$v":"Tilbage"},{"$i":"navbar-next","$v":"Næste"},{"$i":"navbar-join","$v":"Tilslut"},{"$i":"done","$v":"Færdig"},{"$i":"thatsIt","$v":"Det var det!"},{"$i":"startYourPhone","$v":"Kom godt i gang med din telefon."},{"$i":"startYourTablet","$v":"Kom godt i gang med din tablet."},{"$i":"joinTutorial","$v":"Følg en hurtig guide om din nye telefon."},{"$i":"joinTutorialUpdated","$v":"Følg en hurtig guide om opdateringerne på din telefon!"},{"$i":"enjoyYourPhone","$v":"Du er nu klar til at nyde din nye telefon."},{"$i":"enjoyYourPhoneUpdated","$v":"Du er nu klar til at nyde din opdaterede telefon."},{"$i":"optionsAvailable","$v":"Du kan skifte sprog, dato/klokkeslæt og wi-fi-forbindelse i indstillingerne."},{"$i":"letsGo","$v":"Lad os starte"},{"$i":"startTour","$v":"Start guiden"},{"$i":"thatsIt1Tablet-2","$v":"Du kan altid stryge fra bundkanten for at komme tilbage til startskærmen."},{"$i":"thatsIt2Tablet-2","$v":"Lad os komme i gang!"},{"$i":"tutorial","$v":"Vejledning"},{"$i":"tutorial-step1-large-3","$v":"Stryg ned for at få adgang til de seneste meddelelser, saldooplysning og indstillinger."},{"$i":"tutorial-step2-large-2","$v":"Stryg til venstre eller højre for at udforske nye apps på startskærmen."},{"$i":"tutorial-step3-large-2","$v":"Tryk og hold på en ikon for at slette eller flytte den."},{"$i":"tutorial-step4-large-2","$v":"Stryg med to fingre fra bunden og op for at åbne kortvisning."},{"$i":"tutorial-vertical-scroll-v2-tiny","$v":"Stryg op eller ned for at gennemse dine apps og bogmærker. Tryk og hold på et ikon for at slette, flytte eller redigere det."},{"$i":"tutorial-notifications-v2-tiny","$v":"Stryg ned for at få adgang til de seneste meddelelser, forbrug og indstillinger."},{"$i":"tutorial-sheets-tiny","$v":"Træk fra venstre skærmkant for at vende tilbage til de senest benyttede apps."},{"$i":"tutorial-rocketbar-tiny","$v":"Tryk på søgefeltet for at starte en søgning eller gå til et websted."},{"$i":"tutorial-bookmarks-migration-tiny","$v":"Dine bogmærker er flyttet til startskærmen. Når du redigerer kan du trykke på et bogmærke for at redigere eler omdøbe det."},{"$i":"tutorial-app-grouping-tiny","$v":"Tryk for at udvide eller sammenklappe app-grupper. Træk og slip en app til en ny placering for at oprette en gruppe."},{"$i":"offline-dialog-title","$v":"Du skal være forbundet til internettet for at se siden."},{"$i":"offline-dialog-text","$v":["Gå tilbage, og opret forbindelse til internettet. Du kan også se siden senere via Indstillinger eller ved at indtaste i ",{"t":"idOrVar","v":"url"}," en browser."]},{"$i":"OK","$v":"OK"},{"$i":"offline-newsletter-dialog-title","$v":"Du skal være forbundet til internettet for at kunne abonnere på nyhedsbrevet."},{"$i":"offline-newsletter-dialog-text","$v":"Gå tilbage, og opret forbindelse til internettet."},{"$i":"invalid-email-dialog-title","$v":"Din mailadresse er ikke gyldig"},{"$i":"invalid-email-dialog-text","$v":"Gå tilbage og ret din adresse."},{"$i":"retry","$v":"Prøv igen"},{"$i":"cancel","$v":"Annuller"},{"$i":"progressbar","$v":["Trin ",{"t":"idOrVar","v":"step"}," af ",{"t":"idOrVar","v":"total"}],"ariaLabel":"Første start"},{"$i":"weekday-0-long","$v":"Søndag"},{"$i":"weekday-1-long","$v":"Mandag"},{"$i":"weekday-2-long","$v":"Tirsdag"},{"$i":"weekday-3-long","$v":"Onsdag"},{"$i":"weekday-4-long","$v":"Torsdag"},{"$i":"weekday-5-long","$v":"Fredag"},{"$i":"weekday-6-long","$v":"Lørdag"},{"$i":"weekday-0-short","$v":"Søn"},{"$i":"weekday-1-short","$v":"Man"},{"$i":"weekday-2-short","$v":"Tir"},{"$i":"weekday-3-short","$v":"Ons"},{"$i":"weekday-4-short","$v":"Tor"},{"$i":"weekday-5-short","$v":"Fre"},{"$i":"weekday-6-short","$v":"Lør"},{"$i":"month-0-long","$v":"Januar"},{"$i":"month-1-long","$v":"Februar"},{"$i":"month-2-long","$v":"Marts"},{"$i":"month-3-long","$v":"April"},{"$i":"month-4-long","$v":"Maj"},{"$i":"month-5-long","$v":"Juni"},{"$i":"month-6-long","$v":"Juli"},{"$i":"month-7-long","$v":"August"},{"$i":"month-8-long","$v":"September"},{"$i":"month-9-long","$v":"Oktober"},{"$i":"month-10-long","$v":"November"},{"$i":"month-11-long","$v":"December"},{"$i":"month-0-genitive","$v":"januar"},{"$i":"month-1-genitive","$v":"februar"},{"$i":"month-2-genitive","$v":"marts"},{"$i":"month-3-genitive","$v":"april"},{"$i":"month-4-genitive","$v":"maj"},{"$i":"month-5-genitive","$v":"juni"},{"$i":"month-6-genitive","$v":"juli"},{"$i":"month-7-genitive","$v":"august"},{"$i":"month-8-genitive","$v":"september"},{"$i":"month-9-genitive","$v":"oktober"},{"$i":"month-10-genitive","$v":"november"},{"$i":"month-11-genitive","$v":"december"},{"$i":"month-0-short","$v":"Jan"},{"$i":"month-1-short","$v":"Feb"},{"$i":"month-2-short","$v":"Mar"},{"$i":"month-3-short","$v":"Apr"},{"$i":"month-4-short","$v":"Maj"},{"$i":"month-5-short","$v":"Jun"},{"$i":"month-6-short","$v":"Jul"},{"$i":"month-7-short","$v":"Aug"},{"$i":"month-8-short","$v":"Sep"},{"$i":"month-9-short","$v":"Okt"},{"$i":"month-10-short","$v":"Nov"},{"$i":"month-11-short","$v":"Dec"},{"$i":"minutes-ago-long","$v":{"zero":"nu","one":"for et minut siden","two":["for ",{"t":"idOrVar","v":"value"}," minutter siden"],"few":["for ",{"t":"idOrVar","v":"value"}," minutter siden"],"many":["for ",{"t":"idOrVar","v":"value"}," minutter siden"],"other":["for ",{"t":"idOrVar","v":"value"}," minutter siden"]},"$x":[{"t":"idOrVar","v":"plural"},"value"]},{"$i":"hours-ago-long","$v":{"zero":"nu","one":"for en time siden","two":["for ",{"t":"idOrVar","v":"value"}," timer siden"],"few":["for ",{"t":"idOrVar","v":"value"}," timer siden"],"many":["for ",{"t":"idOrVar","v":"value"}," timer siden"],"other":["for ",{"t":"idOrVar","v":"value"}," timer siden"]},"$x":[{"t":"idOrVar","v":"plural"},"value"]},{"$i":"days-ago-long","$v":{"zero":"i dag","one":"i går","two":["for ",{"t":"idOrVar","v":"value"}," dage siden"],"few":["for ",{"t":"idOrVar","v":"value"}," dage siden"],"many":["for ",{"t":"idOrVar","v":"value"}," dage siden"],"other":["for ",{"t":"idOrVar","v":"value"}," dage siden"]},"$x":[{"t":"idOrVar","v":"plural"},"value"]},{"$i":"weeks-ago-long","$v":{"zero":"denne uge","one":"sidste uge","two":["for ",{"t":"idOrVar","v":"value"}," uger siden"],"few":["for ",{"t":"idOrVar","v":"value"}," uger siden"],"many":["for ",{"t":"idOrVar","v":"value"}," uger siden"],"other":["for ",{"t":"idOrVar","v":"value"}," uger siden"]},"$x":[{"t":"idOrVar","v":"plural"},"value"]},{"$i":"months-ago-long","$v":{"zero":"denne måned","one":"sidste måned","two":["for ",{"t":"idOrVar","v":"value"}," måneder siden"],"few":["for ",{"t":"idOrVar","v":"value"}," måneder siden"],"many":["for ",{"t":"idOrVar","v":"value"}," måneder siden"],"other":["for ",{"t":"idOrVar","v":"value"}," måneder siden"]},"$x":[{"t":"idOrVar","v":"plural"},"value"]},{"$i":"years-ago-long","$v":{"zero":"dette år","one":"sidste år","two":["for ",{"t":"idOrVar","v":"value"}," år siden"],"few":["for ",{"t":"idOrVar","v":"value"}," år siden"],"many":["for ",{"t":"idOrVar","v":"value"}," år siden"],"other":["for ",{"t":"idOrVar","v":"value"}," år siden"]},"$x":[{"t":"idOrVar","v":"plural"},"value"]},{"$i":"minutes-until-long","$v":{"zero":"nu","one":"om et minut","two":["om ",{"t":"idOrVar","v":"value"}," minutter"],"few":["om ",{"t":"idOrVar","v":"value"}," minutter"],"many":["om ",{"t":"idOrVar","v":"value"}," minutter"],"other":["om ",{"t":"idOrVar","v":"value"}," minutter"]},"$x":[{"t":"idOrVar","v":"plural"},"value"]},{"$i":"hours-until-long","$v":{"zero":"nu","one":"om en time","two":["om ",{"t":"idOrVar","v":"value"}," timer"],"few":["om ",{"t":"idOrVar","v":"value"}," timer"],"many":["om ",{"t":"idOrVar","v":"value"}," timer"],"other":["om ",{"t":"idOrVar","v":"value"}," timer"]},"$x":[{"t":"idOrVar","v":"plural"},"value"]},{"$i":"days-until-long","$v":{"zero":"i dag","one":"i morgen","two":["om ",{"t":"idOrVar","v":"value"}," dage"],"few":["om ",{"t":"idOrVar","v":"value"}," dage"],"many":["om ",{"t":"idOrVar","v":"value"}," dage"],"other":["om ",{"t":"idOrVar","v":"value"}," dage"]},"$x":[{"t":"idOrVar","v":"plural"},"value"]},{"$i":"weeks-until-long","$v":{"zero":"denne uge","one":"næste uge","two":["om ",{"t":"idOrVar","v":"value"}," uger"],"few":["om ",{"t":"idOrVar","v":"value"}," uger"],"many":["om ",{"t":"idOrVar","v":"value"}," uger"],"other":["om ",{"t":"idOrVar","v":"value"}," uger"]},"$x":[{"t":"idOrVar","v":"plural"},"value"]},{"$i":"months-until-long","$v":{"zero":"denne måned","one":"næste måned","two":["om ",{"t":"idOrVar","v":"value"}," måneder"],"few":["om ",{"t":"idOrVar","v":"value"}," måneder"],"many":["om ",{"t":"idOrVar","v":"value"}," måneder"],"other":["om ",{"t":"idOrVar","v":"value"}," måneder"]},"$x":[{"t":"idOrVar","v":"plural"},"value"]},{"$i":"years-until-long","$v":{"zero":"i år","one":"næste år","two":["om ",{"t":"idOrVar","v":"value"}," år"],"few":["om ",{"t":"idOrVar","v":"value"}," år"],"many":["om ",{"t":"idOrVar","v":"value"}," år"],"other":["om ",{"t":"idOrVar","v":"value"}," år"]},"$x":[{"t":"idOrVar","v":"plural"},"value"]},{"$i":"minutes-ago-short","$v":{"zero":"nu","other":[{"t":"idOrVar","v":"value"}," m. siden"]},"$x":[{"t":"idOrVar","v":"plural"},"value"]},{"$i":"hours-ago-short","$v":{"zero":"nu","other":[{"t":"idOrVar","v":"value"}," t. siden"]},"$x":[{"t":"idOrVar","v":"plural"},"value"]},{"$i":"days-ago-short","$v":{"zero":"i dag","other":[{"t":"idOrVar","v":"value"}," d. siden"]},"$x":[{"t":"idOrVar","v":"plural"},"value"]},{"$i":"minutes-until-short","$v":{"zero":"nu","other":["om ",{"t":"idOrVar","v":"value"}," m."]},"$x":[{"t":"idOrVar","v":"plural"},"value"]},{"$i":"hours-until-short","$v":{"zero":"nu","other":["om ",{"t":"idOrVar","v":"value"}," t."]},"$x":[{"t":"idOrVar","v":"plural"},"value"]},{"$i":"days-until-short","$v":{"zero":"i dag","other":["om ",{"t":"idOrVar","v":"value"}," d."]},"$x":[{"t":"idOrVar","v":"plural"},"value"]},{"$i":"incorrectDate","$v":"(forkert dato)"},{"$i":"dateTimeFormat_%c","$v":"%a d. %e. %b %Y %H:%M:%S"},{"$i":"dateTimeFormat_%x","$v":"%d-%m-%Y"},{"$i":"dateTimeFormat_%X","$v":"%H:%M:%S"},{"$i":"shortTimeFormat","$v":"%H:%M"},{"$i":"shortTimeFormat12","$v":"%I:%M %p"},{"$i":"shortTimeFormat24","$v":"%H:%M"},{"$i":"shortDateTimeFormat","$v":"%x %H:%M"},{"$i":"weekStartsOnMonday","$v":"1"},{"$i":"firstDayOfTheWeek","$v":"1"},{"$i":"time_am","$v":"AM"},{"$i":"time_pm","$v":"PM"},{"$i":"tz-region","$v":"Område"},{"$i":"tz-city","$v":"By"},{"$i":"tzRegion-Africa","$v":"Afrika"},{"$i":"tzRegion-America","$v":"Amerika"},{"$i":"tzRegion-Antarctica","$v":"Antarktis"},{"$i":"tzRegion-Asia","$v":"Asien"},{"$i":"tzRegion-Atlantic","$v":"Atlanterhavet"},{"$i":"tzRegion-Australia","$v":"Australien"},{"$i":"tzRegion-Europe","$v":"Europa"},{"$i":"tzRegion-Indian","$v":"Det Indiske Ocean"},{"$i":"tzRegion-Pacific","$v":"Stillehavet"},{"$i":"close","$v":"Luk"},{"$i":"import","$v":"Importer"},{"$i":"update","$v":"Opdater"},{"$i":"fbFriends","$v":"Facebook-venner"},{"$i":"live-serviceName","$v":"Outlook"},{"$i":"gmail-serviceName","$v":"Gmail"},{"$i":"facebook-serviceName","$v":"Facebook-venner"},{"$i":"selectAll","$v":"Marker alle"},{"$i":"deselectAll","$v":"Fjern markeringer"},{"$i":"viewAll","$v":"Vis alle Facebook-venner"},{"$i":"viewRecommend","$v":"Vis kun anbefalede"},{"$i":"linkProposal","$v":{"zero":"Ingen matchende venner, viser alle","one":"Marker den anbefalede","two":"Marker en af de anbefalede","few":"Marker en af de anbefalede","many":"Marker en af de anbefalede","other":"Marker en af de anbefalede"},"$x":[{"t":"idOrVar","v":"plural"},"numFriends"]},{"$i":"fbFriendsFound","$v":{"zero":"Alle dine venner er importeret","one":"Fandt 1 ven, der kan importeres","two":["Fandt ",{"t":"idOrVar","v":"numFriends"}," venner, der kan importeres"],"few":["Fandt ",{"t":"idOrVar","v":"numFriends"}," venner, der kan importeres"],"many":["Fandt ",{"t":"idOrVar","v":"numFriends"}," venner, der kan importeres"],"other":["Fandt ",{"t":"idOrVar","v":"numFriends"}," venner, der kan importeres"]},"$x":[{"t":"idOrVar","v":"plural"},"numFriends"]},{"$i":"fbNoFriends","$v":"Fandt ingen kontakter, der kan importeres"},{"$i":"search-contact","placeholder":"Søg"},{"$i":"noResults","$v":"Ingen kontakter fundet"},{"$i":"done-search","$v":"Færdig"},{"$i":"progressFB3ImportTitle","$v":"Importerer venner til Kontakter"},{"$i":"progressFB","$v":[{"t":"idOrVar","v":"current"},"/",{"t":"idOrVar","v":"total"}]},{"$i":"progressFB3UpdateTitle","$v":"Opdaterer venner i Kontakter"},{"$i":"message2","$v":"Dette kan tage nogle minutter"},{"$i":"messageLinking","$v":"Vent. Vi linker dine venner og dine kontakter."},{"$i":"messageCanceling","$v":"Vent. Vi annullerer den igangværende handling."},{"$i":"error1","$v":["Fejl ",{"t":"idOrVar","v":"from"}]},{"$i":"error2","$v":"Vil du prøve igen?"},{"$i":"errorProposal","$v":"udregner forslag"},{"$i":"errorFriends","$v":"henter venner"},{"$i":"errorLinking","$v":"linker kontakter"},{"$i":"timeout1","$v":["Overskred tidsgrænse ",{"t":"idOrVar","v":"from"}]},{"$i":"timeout2","$v":"Vil du prøve igen?"},{"$i":"timeoutProposal","$v":"udregner forslag"},{"$i":"timeoutFriends","$v":"henter venner"},{"$i":"timeoutLinking","$v":"linker kontakter"},{"$i":"wait1","$v":"Vent"},{"$i":"wait2","$v":"Dette kan tage nogle minutter"},{"$i":"waitProposal","$v":"Vent. Vi udregner et forslag."},{"$i":"waitFriends","$v":"Vent. Vi forbinder for at hente din venneliste."},{"$i":"curtainCancel","$v":"Annuller"},{"$i":"curtainRetry","$v":"Prøv igen"},{"$i":"curtainOK","$v":"OK"},{"$i":"connectionLost","$v":"Ingen internetforbindelse"},{"$i":"connectionLostMsg","$v":"Venners billeder vil ikke blive føjet til dine kontakter. Fortsæt alligevel?"},{"$i":"yesOption","$v":"OK"},{"$i":"noOption","$v":"Annuller"},{"$i":"friendsUpdated","$v":{"zero":"Ingen venner opdateret","one":"Opdaterede 1 ven","two":["Opdaterede ",{"t":"idOrVar","v":"numFriends"}," venner"],"few":["Opdaterede ",{"t":"idOrVar","v":"numFriends"}," venner"],"many":["Opdaterede ",{"t":"idOrVar","v":"numFriends"}," venner"],"other":["Opdaterede ",{"t":"idOrVar","v":"numFriends"}," venner"]},"$x":[{"t":"idOrVar","v":"plural"},"numFriends"]},{"$i":"friendsMerged","$v":{"zero":"Ingen duplikerede venner sammenflettet","one":"1 duplikeret ven sammenflettet","two":[{"t":"idOrVar","v":"numDups"}," venner sammenflettet"],"few":[{"t":"idOrVar","v":"numDups"}," venner sammenflettet"],"many":[{"t":"idOrVar","v":"numDups"}," venner sammenflettet"],"other":[{"t":"idOrVar","v":"numDups"}," venner sammenflettet"]},"$x":[{"t":"idOrVar","v":"plural"},"numDups"]},{"$i":"notificationLogin","$v":"Din Facebook-session er ugyldig. Du skal logge ind."},{"$i":"syncError","$v":"Der opstod en fejl ved synkronisering af din vens data"}]