[{"$i":"brandShortName","$v":"B2G OS"},{"$i":"browserBrandShortName","$v":"Web Browser"},{"$i":"browserBrandFullName","$v":"Mozilla Web Browser"},{"$i":"ringtoneBrandName","$v":"Default"},{"$i":"ringtoneSectionBrandName","$v":"System"},{"$i":"back","$v":"Zurück"},{"$i":"noSimMsg","$v":"Legen Sie eine SIM-Karte ein und/oder entsperren Sie diese, um Kontakte zu importieren."},{"$i":"noMemoryCardMsg","$v":"Legen Sie zum Importieren von Kontakten eine Speicherkarte ein."},{"$i":"importMemoryCard","$v":"Speicherkarte"},{"$i":"noConnection11","$v":"Verbinden Sie zum Importieren Ihrer Facebook-Freunde oder von Kontakten mit einem WLAN-Netzwerk oder einem Datenübertragungen unterstützenden Mobilfunknetz."},{"$i":"emptyAccount","$v":"Keine Freunde oder Kontakte in diesem Konto gefunden"},{"$i":"simContacts-import","$v":"SIM-Kontakte importieren"},{"$i":"simContacts-importing","$v":"SIM-Kontakte werden importiert…"},{"$i":"simContacts-reading","$v":"SIM-Karte wird gelesen…"},{"$i":"simContacts-error","$v":"Konnte Kontakte nicht von SIM-Karte importieren"},{"$i":"simContacts-imported3","$v":{"zero":"Keine Kontakte zum Importieren auf SIM gefunden","one":"Ein Kontakt importiert","two":[{"t":"idOrVar","v":"n"}," Kontakte importiert"],"few":[{"t":"idOrVar","v":"n"}," Kontakte importiert"],"many":[{"t":"idOrVar","v":"n"}," Kontakte importiert"],"other":[{"t":"idOrVar","v":"n"}," Kontakte importiert"]},"$x":[{"t":"idOrVar","v":"plural"},"n"]},{"$i":"memoryCardContacts-import","$v":"Kontakte von der Speicherkarte importieren"},{"$i":"memoryCardContacts-importing","$v":"Kontakte werden von der Speicherkarte importiert…"},{"$i":"memoryCardContacts-reading","$v":"Von der Speicherkarte wird gelesen…"},{"$i":"memoryCardContacts-error","$v":"Kontakte konnten nicht von der Speicherkarte importiert werden"},{"$i":"memoryCardContacts-imported3","$v":{"zero":"Keine Kontakte für Import auf der Speicherkarte gefunden","one":"Ein Kontakt importiert","two":[{"t":"idOrVar","v":"n"}," Kontakte importiert"],"few":[{"t":"idOrVar","v":"n"}," Kontakte importiert"],"many":[{"t":"idOrVar","v":"n"}," Kontakte importiert"],"other":[{"t":"idOrVar","v":"n"}," Kontakte importiert"]},"$x":[{"t":"idOrVar","v":"plural"},"n"]},{"$i":"genericProgress","$v":[{"t":"idOrVar","v":"current"},"/",{"t":"idOrVar","v":"total"}]},{"$i":"facebook","$v":"Facebook"},{"$i":"facebook-import-msg2","$v":[{"t":"idOrVar","v":"imported"},"/",{"t":"idOrVar","v":"total"}," Freunde importiert"]},{"$i":"contactsMerged","$v":{"zero":"Keine doppelten Kontakte zusammengeführt","one":"Ein doppelter Kontakt zusammengeführt","two":[{"t":"idOrVar","v":"numDups"}," Kontakte zusammengeführt"],"few":[{"t":"idOrVar","v":"numDups"}," Kontakte zusammengeführt"],"many":[{"t":"idOrVar","v":"numDups"}," Kontakte zusammengeführt"],"other":[{"t":"idOrVar","v":"numDups"}," Kontakte zusammengeführt"]},"$x":[{"t":"idOrVar","v":"plural"},"numDups"]},{"$i":"pincode2","$v":"PIN-Code eingeben"},{"$i":"type_pin","$v":"PIN für SIM eingeben"},{"$i":"pincodeLabel","$v":["PIN für SIM ",{"t":"idOrVar","v":"n"}]},{"$i":"pinValidation","$v":"Die PIN muss aus 4 bis 8 Zeichen bestehen."},{"$i":"pinError","$v":"Die PIN war falsch."},{"$i":"pinAttemptMsg2","$v":{"one":"Letzter Versuch.","two":["Es bleiben ",{"t":"idOrVar","v":"n"}," Versuche."],"few":["Es bleiben ",{"t":"idOrVar","v":"n"}," Versuche."],"many":["Es bleiben ",{"t":"idOrVar","v":"n"}," Versuche."],"other":["Es bleiben ",{"t":"idOrVar","v":"n"}," Versuche."]},"$x":[{"t":"idOrVar","v":"plural"},"n"]},{"$i":"pinLastChanceMsg","$v":"Dies ist Ihr letzter Versuch, um die richtige PIN einzugeben. Danach müssen Sie den PUK-Code eingeben, um die SIM-Karte zu entsperren."},{"$i":"pukcode","$v":"PUK-Code eingeben"},{"$i":"pukcodeTitle","$v":["PUK für SIM ",{"t":"idOrVar","v":"n"}," eingeben"]},{"$i":"pukcodeLabel","$v":["PUK für SIM ",{"t":"idOrVar","v":"n"}]},{"$i":"type_puk","$v":"PUK-Code"},{"$i":"pukValidation","$v":"Der PUK-Code muss aus genau 8 Zeichen bestehen."},{"$i":"pukInfo","$v":"Sie müssen den persönlichen Entsperrschlüssel (PUK-Code) für die SIM-Karte eingeben. Sehen Sie in der Dokumentation Ihrer SIM-Karte nach oder wenden Sie sich an Ihren Mobilfunkbetreiber, um weitere Informationen zu erhalten."},{"$i":"pukError","$v":"Der PUK-Code war falsch."},{"$i":"pukAttemptMsg2","$v":{"one":"Sie haben noch einen Versuch, um den richtigen Code einzugeben, bevor diese SIM-Karte dauerhaft unbenutzbar wird. Sehen Sie in Ihrer SIM-Karten-Dokumentation nach oder wenden Sie sich an Ihren Mobilfunkbetreiber, um weitere Informationen zu erhalten.","two":["Sie haben noch ",{"t":"idOrVar","v":"n"}," Versuche, um den richtigen Code einzugeben, bevor diese SIM-Karte dauerhaft unbenutzbar wird. Sehen Sie in Ihrer SIM-Karten-Dokumentation nach oder wenden Sie sich an Ihren Mobilfunkbetreiber, um weitere Informationen zu erhalten."],"few":["Sie haben noch ",{"t":"idOrVar","v":"n"}," Versuche, um den richtigen Code einzugeben, bevor diese SIM-Karte dauerhaft unbenutzbar wird. Sehen Sie in Ihrer SIM-Karten-Dokumentation nach oder wenden Sie sich an Ihren Mobilfunkbetreiber, um weitere Informationen zu erhalten."],"many":["Sie haben noch ",{"t":"idOrVar","v":"n"}," Versuche, um den richtigen Code einzugeben, bevor diese SIM-Karte dauerhaft unbenutzbar wird. Sehen Sie in Ihrer SIM-Karten-Dokumentation nach oder wenden Sie sich an Ihren Mobilfunkbetreiber, um weitere Informationen zu erhalten."],"other":["Sie haben noch ",{"t":"idOrVar","v":"n"}," Versuche, um den richtigen Code einzugeben, bevor diese SIM-Karte dauerhaft unbenutzbar wird. Sehen Sie in Ihrer SIM-Karten-Dokumentation nach oder wenden Sie sich an Ihren Mobilfunkbetreiber, um weitere Informationen zu erhalten."]},"$x":[{"t":"idOrVar","v":"plural"},"n"]},{"$i":"pukLastChanceMsg","$v":"Dies ist Ihre letzte Chance, um den korrekten PUK-Code einzugeben. Ihre SIM-Karte wird dauerhaft unbenutzbar, wenn Sie einen falschen PUK-Code eingeben."},{"$i":"create_newpin","$v":"Neue PIN erstellen (4 bis 8 Zeichen)"},{"$i":"confirm_newpin","$v":"Neue PIN bestätigen"},{"$i":"newpinConfirmation","$v":"PINs stimmen nicht überein"},{"$i":"nckcode","$v":"NCK-Code eingeben"},{"$i":"cckcode","$v":"CCK-Code eingeben"},{"$i":"spckcode","$v":"SPCK-Code eingeben"},{"$i":"nck1code","$v":"NCK1-Code eingeben"},{"$i":"nck2code","$v":"NCK2-Code eingeben"},{"$i":"hnckcode","$v":"HNCK-Code eingeben"},{"$i":"rcckcode","$v":"RCCK-Code eingeben"},{"$i":"rspckcode","$v":"RSPCK-Code eingeben"},{"$i":"nckcodeTitle","$v":["NCK für SIM ",{"t":"idOrVar","v":"n"}," eingeben"]},{"$i":"cckcodeTitle","$v":["CCK für SIM ",{"t":"idOrVar","v":"n"}," eingeben"]},{"$i":"spckcodeTitle","$v":["SPCK für  SIM ",{"t":"idOrVar","v":"n"}," eingeben"]},{"$i":"nck1codeTitle","$v":["NCK1 für SIM ",{"t":"idOrVar","v":"n"}," eingeben"]},{"$i":"nck2codeTitle","$v":["NCK2 für SIM ",{"t":"idOrVar","v":"n"}," eingeben"]},{"$i":"hnckcodeTitle","$v":["HNCK für SIM ",{"t":"idOrVar","v":"n"}," eingeben"]},{"$i":"rcckcodeTitle","$v":["RCCK für SIM ",{"t":"idOrVar","v":"n"}," eingeben"]},{"$i":"rspckcodeTitle","$v":["RSPCK für SIM ",{"t":"idOrVar","v":"n"}," eingeben"]},{"$i":"nckcodeLabel","$v":["NCK für SIM ",{"t":"idOrVar","v":"n"}]},{"$i":"cckcodeLabel","$v":["CCK für SIM ",{"t":"idOrVar","v":"n"}]},{"$i":"spckcodeLabel","$v":["SPCK für SIM ",{"t":"idOrVar","v":"n"}]},{"$i":"nck1codeLabel","$v":["SIM ",{"t":"idOrVar","v":"n"}," NCK1"]},{"$i":"nck2codeLabel","$v":["SIM ",{"t":"idOrVar","v":"n"}," NCK2"]},{"$i":"hnckcodeLabel","$v":["SIM ",{"t":"idOrVar","v":"n"}," HNCK"]},{"$i":"rcckcodeLabel","$v":["SIM ",{"t":"idOrVar","v":"n"}," RCCK"]},{"$i":"rspckcodeLabel","$v":["SIM ",{"t":"idOrVar","v":"n"}," RSPCK"]},{"$i":"type_nck","$v":"Geben Sie Ihren NCK-Code ein:"},{"$i":"type_cck","$v":"Geben Sie Ihren CCK-Code ein:"},{"$i":"type_spck","$v":"Geben Sie Ihren SPCK-Code ein:"},{"$i":"type_nck1","$v":"Geben Sie Ihren NCK1-Code ein:"},{"$i":"type_nck2","$v":"Geben Sie Ihren NCK2-Code ein:"},{"$i":"type_hnck","$v":"Geben Sie Ihren HNCK-Code ein:"},{"$i":"type_rcck","$v":"Geben Sie Ihren RCCK-Code ein:"},{"$i":"type_rspck","$v":"Geben Sie Ihren RSPCK-Code ein:"},{"$i":"nckValidation","$v":"Der NCK-Code muss aus 8 bis 16 Zeichen bestehen."},{"$i":"cckValidation","$v":"Der CCK-Code muss aus 8 bis 16 Zeichen bestehen."},{"$i":"spckValidation","$v":"Der SPCK-Code muss aus 8 bis 16 Zeichen bestehen."},{"$i":"nck1Validation","$v":"Der NCK1-Code muss aus 8 bis 16 Zeichen bestehen."},{"$i":"nck2Validation","$v":"Der NCK2-Code muss aus 8 bis 16 Zeichen bestehen."},{"$i":"hnckValidation","$v":"Der HNCK-Code muss aus 8 bis 16 Zeichen bestehen."},{"$i":"rcckValidation","$v":"Der RCCK-Code muss aus 8 bis 16 Zeichen bestehen."},{"$i":"rspckValidation","$v":"Der RSPCK-Code muss aus 8 bis 16 Zeichen bestehen."},{"$i":"nckErrorMsg","$v":"Der NCK-Code ist falsch."},{"$i":"nckAttemptMsg2","$v":{"one":"Netzwerkdepersonalisierungsanfrage schlug fehl. Sie haben einen Versuch, um den richtigen Code einzugeben. Sehen Sie in der Dokumentation Ihre Gerätes nach oder wenden Sie sich an Ihren Mobilfunkbetreiber.","two":["Netzwerkdepersonalisierungsanfrage schlug fehl. Sie haben ",{"t":"idOrVar","v":"n"}," Versuche, um den richtigen Code einzugeben. Sehen Sie in der Dokumentation Ihre Gerätes nach oder wenden Sie sich an Ihren Mobilfunkbetreiber."],"few":["Netzwerkdepersonalisierungsanfrage schlug fehl. Sie haben ",{"t":"idOrVar","v":"n"}," Versuche, um den richtigen Code einzugeben. Sehen Sie in der Dokumentation Ihre Gerätes nach oder wenden Sie sich an Ihren Mobilfunkbetreiber."],"many":["Netzwerkdepersonalisierungsanfrage schlug fehl. Sie haben ",{"t":"idOrVar","v":"n"}," Versuche, um den richtigen Code einzugeben. Sehen Sie in der Dokumentation Ihre Gerätes nach oder wenden Sie sich an Ihren Mobilfunkbetreiber."],"other":["Netzwerkdepersonalisierungsanfrage schlug fehl. Sie haben ",{"t":"idOrVar","v":"n"}," Versuche, um den richtigen Code einzugeben. Sehen Sie in der Dokumentation Ihre Gerätes nach oder wenden Sie sich an Ihren Mobilfunkbetreiber."]},"$x":[{"t":"idOrVar","v":"plural"},"n"]},{"$i":"nckLastChanceMsg","$v":"Aufheben der Mobilfunknetzvorgabe war nicht erfolgreich. Dies ist der letzte Versuch, um den richtigen Code einzugeben. Sehen Sie in der Dokumentation Ihre Gerätes nach oder wenden Sie sich an Ihren Mobilfunkbetreiber."},{"$i":"skip","$v":"Überspringen"},{"$i":"send","$v":"Senden"},{"$i":"ok","$v":"OK"},{"$i":"simLocked","$v":"Die SIM-Karte ist gesperrt."},{"$i":"inputCodeRetriesLeft","$v":{"one":"Letzter Versuch","two":[{"t":"idOrVar","v":"n"}," Versuche verbleibend"],"few":[{"t":"idOrVar","v":"n"}," Versuche verbleibend"],"many":[{"t":"idOrVar","v":"n"}," Versuche verbleibend"],"other":[{"t":"idOrVar","v":"n"}," Versuche verbleibend"]},"$x":[{"t":"idOrVar","v":"plural"},"n"]},{"$i":"simManager","$v":"SIM-Verwaltung"},{"$i":"simDetail","$v":["SIM ",{"t":"idOrVar","v":"n"}]},{"$i":"simDefault","$v":"(Standard)"},{"$i":"simDefaultMessage","$v":"Als Standard für ausgehende Anrufe, Nachrichten und Datenverbindungen wurde SIM 1 festgelegt."},{"$i":"simSettingsMessage","$v":"Die Standardeinstellungen können in Einstellungen > SIM-Verwaltung geändert werden."},{"$i":"simPinLocked","$v":"SIM-PIN gesperrt"},{"$i":"noOperator","$v":"Kein Mobilfunknetzbetreiber"},{"$i":"searchingOperator","$v":"Suche wird durchgeführt…"},{"$i":"language","$v":"Sprache"},{"$i":"3g","$v":"Mobile Daten"},{"$i":"dataConnection","$v":"Datenverbindung"},{"$i":"dataConnectionInfo","$v":"Das Aktivieren der Datenverbindung ermöglicht das Einrichten des Telefons ohne WLAN-Verbindung. Sie können sie auch später in den Einstellungen aktivieren. Stellen Sie sicher, dass Sie einen Datentarif bei Ihrem Mobilfunkanbieter haben, um hohe Rechnungen zu vermeiden."},{"$i":"caution","$v":"Warnung"},{"$i":"geolocation","$v":"Standortzugriff"},{"$i":"geolocationCheckbox","$v":"Standortzugriff"},{"$i":"geolocationInfo2","$v":[{"t":"idOrVar","v":"brandShortName"}," verwendet Daten wie GPS sowie WLAN-Netzwerke und Mobilfunknetze in Ihrer Nähe für eine ungefähre Standortbestimmung."]},{"$i":"geolocationInfoMore","$v":"Es werden Daten an Mozilla und andere Diensteanbieter gesendet, um mit allen zur Verfügung stehenden Daten diese Datenbanken zu verbessern. Dabei können Daten auf Ihrem Gerät gespeichert werden und die Datenerfassung kann auch stattfinden, während keine Apps laufen."},{"$i":"notice","$v":"Hinweis"},{"$i":"aboutYourPrivacy","$v":"Weitere Informationen zu Ihrer Privatsphäre"},{"$i":"scanningNetworks","$v":"Es wird nach Netzwerken gesucht…"},{"$i":"selectNetwork","$v":"Netzwerke"},{"$i":"shortStatus-connecting","$v":"Verbindung wird hergestellt…"},{"$i":"shortStatus-associated","$v":"IP-Adresse wird angefordert…"},{"$i":"shortStatus-connected","$v":"Verbunden"},{"$i":"shortStatus-connectingfailed","$v":"Verbindung fehlgeschlagen"},{"$i":"shortStatus-disconnected","$v":"Offline"},{"$i":"securedBy","$v":["gesichert durch ",{"t":"idOrVar","v":"capabilities"}]},{"$i":"security","$v":"Sicherheit"},{"$i":"securityNone","$v":"Keine"},{"$i":"securityWEP","$v":"WEP"},{"$i":"securityWPA-PSK","$v":"WPA-PSK"},{"$i":"securityWPA-EAP","$v":"WPA-EAP"},{"$i":"securityOpen","$v":"Offen","ariaLabel":"Sicherheit"},{"$i":"identity","$v":"Benutzer"},{"$i":"identityInput","placeholder":"WLAN-Benutzername eingeben"},{"$i":"password","$v":"Passwort"},{"$i":"passwordInput","placeholder":"WLAN-Passwort eingeben"},{"$i":"showPassword","$v":"Passwort anzeigen"},{"$i":"refresh","$v":"Aktualisieren"},{"$i":"noWifiFound3","$v":"Keine Drahtlosnetzwerke gefunden"},{"$i":"join-hidden-button","$v":"Mit verstecktem Netzwerk verbinden"},{"$i":"authentication","$v":"Authentifizierung"},{"$i":"ssid-name","$v":"SSID-Netzwerkname"},{"$i":"wifiLevel","ariaLabel":[{"t":"idOrVar","v":"level"}," von 4 Balken"]},{"$i":"networksList","ariaLabel":"Netzwerke gefunden"},{"$i":"dateAndTime","$v":"Datum & Uhrzeit"},{"$i":"timezoneTitle","$v":["UTC",{"t":"idOrVar","v":"utcOffset"}," ",{"t":"idOrVar","v":"region"},"/",{"t":"idOrVar","v":"city"}]},{"$i":"timeZone","$v":"Zeitzone"},{"$i":"change","$v":"Ändern"},{"$i":"region","ariaLabel":"Region"},{"$i":"city","ariaLabel":"Stadt"},{"$i":"date","ariaLabel":"Datum"},{"$i":"time","ariaLabel":"Zeit"},{"$i":"importContacts3","$v":"Kontakte importieren"},{"$i":"importSim2","$v":"SIM-Karte"},{"$i":"importFb2","$v":"Facebook"},{"$i":"importOutlook","$v":"Outlook"},{"$i":"importGmail","$v":"Gmail"},{"$i":"fb-checking","$v":"… wird überprüft"},{"$i":"notImportedYet","$v":"Noch nicht importiert"},{"$i":"otherAccount","$v":"Weitere Konten"},{"$i":"afterFbImport","$v":"Sie können jederzeit in den Einstellungen der Kontaktverwaltung Facebook-Freunde importieren und bearbeiten"},{"$i":"firefox-accounts","$v":"Firefox-Konten"},{"$i":"fxa-upsell","innerHTML":"Ein Firefox-Konto ermöglicht Ihnen, Ihr Telefon zu finden, falls es verloren geht, und Apps im Marketplace zu kaufen."},{"$i":"fxa-create-account-or-sign-in","$v":"Konto erstellen oder anmelden"},{"$i":"fxa-email-sent","$v":["Eine Verifizierungs-E-Mail wurde an ",{"t":"idOrVar","v":"email"}," gesendet."]},{"$i":"fxa-signed-in","$v":["Angemeldet als ",{"t":"idOrVar","v":"email"}]},{"$i":"about-your-rights-0","$v":[{"t":"idOrVar","v":"brandShortName"}," basiert auf freier und quelloffener Software, entwickelt von einer Gemeinschaft tausender Gleichgesinnter, verteilt über die gesamte Welt. Es gibt da einige Dinge, die Sie wissen sollten:"]},{"$i":"about-your-rights-1","$v":[{"t":"idOrVar","v":"brandShortName"}," wird Ihnen unter den Bedingungen verschiedener Lizenzen für quelloffene Software einschließlich der Mozilla Public License zur Verfügung gestellt. Ein Gerät, auf dem ",{"t":"idOrVar","v":"brandShortName"}," läuft, kann auch durch Urheberrechte geschützte Software dritter Parteien enthalten. Das bedeutet, Sie dürfen jeden Code, der unter einer Lizenz für quelloffene Software veröffentlicht wurde, verändern und die modifizierten Versionen verteilen, so lang Sie sich an die Bedingungen halten."]},{"$i":"about-your-rights-2","$v":["Mozilla gibt Ihnen keine Markenrechte oder Lizenzen an den Handelsmarken der Mozilla Foundation oder irgendeiner Partei, einschließlich ohne Einschränkungen am Namen ",{"t":"idOrVar","v":"brandShortName"}," oder dem Logo von ",{"t":"idOrVar","v":"brandShortName"},"."]},{"$i":"about-your-rights-3","$v":["Einige Funktionen in ",{"t":"idOrVar","v":"brandShortName"}," wie der Absturzmelder geben Ihnen die Möglichkeit, Feedback an Mozilla zu senden. Mit dem Absenden des Feedbacks erklären Sie sich damit einverstanden, dass Mozilla die Erlaubnis hat, das Feedback zur Verbesserung seiner Produkte einzusetzen, es auf seiner Website zu veröffentlichen sowie es weiterzugeben."]},{"$i":"about-other","$v":"Weitere"},{"$i":"SIM_mandatory","$v":"SIM-Karten-Warnung"},{"$i":"SIM_mandatory_warm","$v":"Bitte legen Sie eine SIM-Karte ein und starten Sie das Telefon neu."},{"$i":"telemetry-sends2","$v":["Telemetrie sendet Mozilla Informationen über Performanz, Hardware, Einstellungen, Anpassungen und App-Nutzung auf Ihrem ",{"t":"idOrVar","v":"brandShortName"},"-Gerät. Wir verwenden diese Informationen, um unsere Produkte besser, schneller und reaktionsfähiger zu machen."]},{"$i":"learn-more-telemetry2","innerHTML":["Erfahren Sie mehr unter <a href=\"",{"t":"idOrVar","v":"href"},"\" class=\"",{"t":"idOrVar","v":"className"},"\">",{"t":"idOrVar","v":"textContent"},"</a>."]},{"$i":"learn-more-information2","innerHTML":["Erfahren Sie mehr über den Umgang Mozillas mit Ihren Informationen unter <a href=\"",{"t":"idOrVar","v":"href"},"\" class=\"",{"t":"idOrVar","v":"className"},"\">",{"t":"idOrVar","v":"textContent"},"</a>."]},{"$i":"htmlWelcome2","innerHTML":["Willkommen bei <a href=\"",{"t":"idOrVar","v":"href"},"\" class=\"",{"t":"idOrVar","v":"className"},"\">",{"t":"idOrVar","v":"textContent"},"</a>, dem freien und quelloffenen Betriebssystem von Mozilla. Unsere Mission ist das Fördern von Offenheit, Innovationen und Möglichkeiten, wozu die Macht des Internets in Ihren Händen verbleiben soll."]},{"$i":"htmlWelcome-link","$v":[{"t":"idOrVar","v":"brandShortName"}]},{"$i":"helpImprove2","innerHTML":["Unterstützen Sie uns bei der Verbesserung unserer Produkte und Dienste, indem Sie uns automatisch Analysedaten senden. Lesen Sie unseren <a href=\"",{"t":"idOrVar","v":"href"},"\" class=\"",{"t":"idOrVar","v":"className"},"\">",{"t":"idOrVar","v":"textContent"},"</a>, um zu erfahren, wie wir mit denen von Ihnen übermittelten Daten umgehen."]},{"$i":"helpImprove-link","$v":"Datenschutzhinweis"},{"$i":"learn-more-privacy2","innerHTML":["Erfahren Sie mehr über den Umgang Mozillas mit Ihren Informationen in unserer <a href=\"",{"t":"idOrVar","v":"href"},"\" class=\"",{"t":"idOrVar","v":"className"},"\">",{"t":"idOrVar","v":"textContent"},"</a>."]},{"$i":"learn-more-privacy-link","$v":"Datenschutzerklärung"},{"$i":"aboutBrowser","$v":["Über ",{"t":"idOrVar","v":"brandShortName"}]},{"$i":"aboutYourPrivacy2","$v":"Ihre Privatsphäre"},{"$i":"mozillaCommunity2","$v":["Wenn Sie ",{"t":"idOrVar","v":"brandShortName"}," benutzen, werden Sie Teil einer globalen Gemeinschaft, welche dabei hilft, eine leuchtendere Zukunft für das Internet zu erschaffen. Falls Sie mehr über die Mozilla-Gemeinschaft, unsere Produkte oder Veranstaltungen in Ihrer Nähe erfahren möchten, so geben Sie bitte unten Ihre E-Mail-Adresse ein."]},{"$i":"sharePerformanceAndUsageData2","$v":"Ja, Daten senden!"},{"$i":"emailAddress","placeholder":"E-Mail-Adresse"},{"$i":"email-successfully-added","$v":"E-Mail-Adresse erfolgreich hinzugefügt"},{"$i":"email-loading","$v":"Ihre E-Mail-Adresse wird gespeichert…"},{"$i":"privacy-b2g","$v":[{"t":"idOrVar","v":"brandShortName"}],"title":[{"t":"idOrVar","v":"brandShortName"}]},{"$i":"privacy-marketplace","$v":"Marketplace","title":[{"t":"idOrVar","v":"privacy-marketplace"}]},{"$i":"privacy-eme","$v":"EverythingMe"},{"$i":"privacy-e-me","title":[{"t":"idOrVar","v":"privacy-e-me"}]},{"$i":"navbar-back","$v":"Zurück"},{"$i":"navbar-next","$v":"Weiter"},{"$i":"navbar-join","$v":"Verbinden"},{"$i":"done","$v":"Fertig"},{"$i":"thatsIt","$v":"Geschafft!"},{"$i":"startYourPhone","$v":"Erste Schritte"},{"$i":"startYourTablet","$v":"Erste Schritte"},{"$i":"joinTutorial","$v":"Erhalten Sie eine kleine Einführung zu Ihrem neuen Telefon."},{"$i":"joinTutorialUpdated","$v":"Erhalten Sie eine kurze Einführung zu den Updates auf Ihrem Telefon!"},{"$i":"enjoyYourPhone","$v":"Viel Spaß mit Ihrem neuen Telefon!"},{"$i":"enjoyYourPhoneUpdated","$v":"Viel Spaß mit Ihrem aktualisierten Telefon!"},{"$i":"optionsAvailable","$v":"Sie können Sprache, Datum und Uhrzeit sowie WLAN-Verbindungen in den Einstellungen ändern."},{"$i":"letsGo","$v":"Los geht's!"},{"$i":"startTour","$v":"Einführung"},{"$i":"thatsIt1Tablet-2","$v":"Sie können den Startbildschirm durch Wischen vom unteren Rand nach oben öffnen."},{"$i":"thatsIt2Tablet-2","$v":"Legen Sie los!"},{"$i":"tutorial","$v":"Einführung"},{"$i":"tutorial-step1-large-3","$v":"Wischen Sie von oben nach unten, um auf neue Benachrichtigungen, Informationen zur Nutzung und Einstellungen zuzugreifen."},{"$i":"tutorial-step2-large-2","$v":"Wischen Sie nach links oder rechts, um neue Apps auf dem Startbildschirm zu entdecken."},{"$i":"tutorial-step3-large-2","$v":"Tippen Sie ein Symbol an und halten Sie es gedrückt, um es zu löschen oder zu verschieben."},{"$i":"tutorial-step4-large-2","$v":"Wischen Sie mit zwei Fingern von unten nach oben, um zur Kartendarstellung zu wechseln."},{"$i":"tutorial-vertical-scroll-v2-tiny","$v":"Wischen Sie nach oben und unten, um sich alle Ihre Apps und Lesezeichen anzeigen zu lassen. Berühren Sie ein Symbol und halten Sie es gedrückt, um es zu löschen, zu verschieben oder zu bearbeiten."},{"$i":"tutorial-notifications-v2-tiny","$v":"Wischen Sie von oben nach unten, um auf neue Benachrichtigungen, Informationen zur Nutzung und Einstellungen zuzugreifen."},{"$i":"tutorial-sheets-tiny","$v":"Wischen Sie vom linken Bildschirmrand aus, um zu den kürzlich verwendeten Apps zurückzukehren."},{"$i":"tutorial-rocketbar-tiny","$v":"Tippen Sie auf die Suchleiste, um eine Suche durchzuführen oder eine Webseite zu öffnen."},{"$i":"tutorial-bookmarks-migration-tiny","$v":"Ihre Lesezeichen wurden auf dem Startbildschirm abgelegt. Tippen Sie auf das Lesezeichen im Bearbeiten-Modus des Startbildschirms, um es zu bearbeiten oder umzubenennen."},{"$i":"tutorial-app-grouping-tiny","$v":"Tippen Sie auf das Symbol, um Gruppen aus- bzw. einzuklappen. Ziehen Sie eine App auf eine Platzhalterposition, um eine neue Gruppe zu erstellen."},{"$i":"offline-dialog-title","$v":"Sie müssen zum Aufrufen der Seite mit dem Internet verbunden sein."},{"$i":"offline-dialog-text","$v":["Bitte gehen Sie zurück und stellen Sie eine Internetverbindung her. Sie können die Seite auch später in den Einstellungen oder durch Eingabe von ",{"t":"idOrVar","v":"url"}," in jedem Browser aufrufen."]},{"$i":"OK","$v":"OK"},{"$i":"offline-newsletter-dialog-title","$v":"Sie müssen mit dem Internet verbunden sein, um den Newsletter zu abonnieren."},{"$i":"offline-newsletter-dialog-text","$v":"Bitte gehen Sie zurück und stellen Sie eine Internetverbindung her."},{"$i":"invalid-email-dialog-title","$v":"Ihre E-Mail-Adresse ist ungültig."},{"$i":"invalid-email-dialog-text","$v":"Bitte gehen Sie zurück und korrigieren Sie Ihre Eingabe."},{"$i":"retry","$v":"Erneut versuchen"},{"$i":"cancel","$v":"Abbrechen"},{"$i":"progressbar","$v":["Schritt ",{"t":"idOrVar","v":"step"}," von ",{"t":"idOrVar","v":"total"}],"ariaLabel":"Erstbenutzung"},{"$i":"weekday-0-long","$v":"Sonntag"},{"$i":"weekday-1-long","$v":"Montag"},{"$i":"weekday-2-long","$v":"Dienstag"},{"$i":"weekday-3-long","$v":"Mittwoch"},{"$i":"weekday-4-long","$v":"Donnerstag"},{"$i":"weekday-5-long","$v":"Freitag"},{"$i":"weekday-6-long","$v":"Samstag"},{"$i":"weekday-0-short","$v":"So"},{"$i":"weekday-1-short","$v":"Mo"},{"$i":"weekday-2-short","$v":"Di"},{"$i":"weekday-3-short","$v":"Mi"},{"$i":"weekday-4-short","$v":"Do"},{"$i":"weekday-5-short","$v":"Fr"},{"$i":"weekday-6-short","$v":"Sa"},{"$i":"month-0-long","$v":"Januar"},{"$i":"month-1-long","$v":"Februar"},{"$i":"month-2-long","$v":"März"},{"$i":"month-3-long","$v":"April"},{"$i":"month-4-long","$v":"Mai"},{"$i":"month-5-long","$v":"Juni"},{"$i":"month-6-long","$v":"Juli"},{"$i":"month-7-long","$v":"August"},{"$i":"month-8-long","$v":"September"},{"$i":"month-9-long","$v":"Oktober"},{"$i":"month-10-long","$v":"November"},{"$i":"month-11-long","$v":"Dezember"},{"$i":"month-0-genitive","$v":"Januar"},{"$i":"month-1-genitive","$v":"Februar"},{"$i":"month-2-genitive","$v":"März"},{"$i":"month-3-genitive","$v":"April"},{"$i":"month-4-genitive","$v":"Mai"},{"$i":"month-5-genitive","$v":"Juni"},{"$i":"month-6-genitive","$v":"Juli"},{"$i":"month-7-genitive","$v":"August"},{"$i":"month-8-genitive","$v":"September"},{"$i":"month-9-genitive","$v":"Oktober"},{"$i":"month-10-genitive","$v":"November"},{"$i":"month-11-genitive","$v":"Dezember"},{"$i":"month-0-short","$v":"Jan"},{"$i":"month-1-short","$v":"Feb"},{"$i":"month-2-short","$v":"Mär"},{"$i":"month-3-short","$v":"Apr"},{"$i":"month-4-short","$v":"Mai"},{"$i":"month-5-short","$v":"Jun"},{"$i":"month-6-short","$v":"Jul"},{"$i":"month-7-short","$v":"Aug"},{"$i":"month-8-short","$v":"Sep"},{"$i":"month-9-short","$v":"Okt"},{"$i":"month-10-short","$v":"Nov"},{"$i":"month-11-short","$v":"Dez"},{"$i":"minutes-ago-long","$v":{"zero":"gerade eben","one":"vor 1 Minute","two":["vor ",{"t":"idOrVar","v":"value"}," Minuten"],"few":["vor ",{"t":"idOrVar","v":"value"}," Minuten"],"many":["vor ",{"t":"idOrVar","v":"value"}," Minuten"],"other":["vor ",{"t":"idOrVar","v":"value"}," Minuten"]},"$x":[{"t":"idOrVar","v":"plural"},"value"]},{"$i":"hours-ago-long","$v":{"zero":"gerade eben","one":"vor 1 Stunde","two":["vor ",{"t":"idOrVar","v":"value"}," Stunden"],"few":["vor ",{"t":"idOrVar","v":"value"}," Stunden"],"many":["vor ",{"t":"idOrVar","v":"value"}," Stunden"],"other":["vor ",{"t":"idOrVar","v":"value"}," Stunden"]},"$x":[{"t":"idOrVar","v":"plural"},"value"]},{"$i":"days-ago-long","$v":{"zero":"heute","one":"gestern","two":["vor ",{"t":"idOrVar","v":"value"}," Tagen"],"few":["vor ",{"t":"idOrVar","v":"value"}," Tagen"],"many":["vor ",{"t":"idOrVar","v":"value"}," Tagen"],"other":["vor ",{"t":"idOrVar","v":"value"}," Tagen"]},"$x":[{"t":"idOrVar","v":"plural"},"value"]},{"$i":"weeks-ago-long","$v":{"zero":"diese Woche","one":"letzte Woche","two":["vor ",{"t":"idOrVar","v":"value"}," Wochen"],"few":["vor ",{"t":"idOrVar","v":"value"}," Wochen"],"many":["vor ",{"t":"idOrVar","v":"value"}," Wochen"],"other":["vor ",{"t":"idOrVar","v":"value"}," Wochen"]},"$x":[{"t":"idOrVar","v":"plural"},"value"]},{"$i":"months-ago-long","$v":{"zero":"diesen Monat","one":"letzten Monat","two":["vor ",{"t":"idOrVar","v":"value"}," Monaten"],"few":["vor ",{"t":"idOrVar","v":"value"}," Monaten"],"many":["vor ",{"t":"idOrVar","v":"value"}," Monaten"],"other":["vor ",{"t":"idOrVar","v":"value"}," Monaten"]},"$x":[{"t":"idOrVar","v":"plural"},"value"]},{"$i":"years-ago-long","$v":{"zero":"dieses Jahr","one":"letztes Jahr","two":["vor ",{"t":"idOrVar","v":"value"}," Jahren"],"few":["vor ",{"t":"idOrVar","v":"value"}," Jahren"],"many":["vor ",{"t":"idOrVar","v":"value"}," Jahren"],"other":["vor ",{"t":"idOrVar","v":"value"}," Jahren"]},"$x":[{"t":"idOrVar","v":"plural"},"value"]},{"$i":"minutes-until-long","$v":{"zero":"jetzt","one":"in 1 Minute","two":["in ",{"t":"idOrVar","v":"value"}," Minuten"],"few":["in ",{"t":"idOrVar","v":"value"}," Minuten"],"many":["in ",{"t":"idOrVar","v":"value"}," Minuten"],"other":["in ",{"t":"idOrVar","v":"value"}," Minuten"]},"$x":[{"t":"idOrVar","v":"plural"},"value"]},{"$i":"hours-until-long","$v":{"zero":"jetzt","one":"in einer Stunde","two":["in ",{"t":"idOrVar","v":"value"}," Stunden"],"few":["in ",{"t":"idOrVar","v":"value"}," Stunden"],"many":["in ",{"t":"idOrVar","v":"value"}," Stunden"],"other":["in ",{"t":"idOrVar","v":"value"}," Stunden"]},"$x":[{"t":"idOrVar","v":"plural"},"value"]},{"$i":"days-until-long","$v":{"zero":"heute","one":"morgen","two":["in ",{"t":"idOrVar","v":"value"}," Tagen"],"few":["in ",{"t":"idOrVar","v":"value"}," Tagen"],"many":["in ",{"t":"idOrVar","v":"value"}," Tagen"],"other":["in ",{"t":"idOrVar","v":"value"}," Tagen"]},"$x":[{"t":"idOrVar","v":"plural"},"value"]},{"$i":"weeks-until-long","$v":{"zero":"diese Woche","one":"nächste Woche","two":["in ",{"t":"idOrVar","v":"value"}," Wochen"],"few":["in ",{"t":"idOrVar","v":"value"}," Wochen"],"many":["in ",{"t":"idOrVar","v":"value"}," Wochen"],"other":["in ",{"t":"idOrVar","v":"value"}," Wochen"]},"$x":[{"t":"idOrVar","v":"plural"},"value"]},{"$i":"months-until-long","$v":{"zero":"diesen Monat","one":"nächsten Monat","two":["in ",{"t":"idOrVar","v":"value"}," Monaten"],"few":["in ",{"t":"idOrVar","v":"value"}," Monaten"],"many":["in ",{"t":"idOrVar","v":"value"}," Monaten"],"other":["in ",{"t":"idOrVar","v":"value"}," Monaten"]},"$x":[{"t":"idOrVar","v":"plural"},"value"]},{"$i":"years-until-long","$v":{"zero":"dieses Jahr","one":"nächstes Jahr","two":["in ",{"t":"idOrVar","v":"value"}," Jahren"],"few":["in ",{"t":"idOrVar","v":"value"}," Jahren"],"many":["in ",{"t":"idOrVar","v":"value"}," Jahren"],"other":["in ",{"t":"idOrVar","v":"value"}," Jahren"]},"$x":[{"t":"idOrVar","v":"plural"},"value"]},{"$i":"minutes-ago-short","$v":{"zero":"jetzt","other":["vor ",{"t":"idOrVar","v":"value"}," m"]},"$x":[{"t":"idOrVar","v":"plural"},"value"]},{"$i":"hours-ago-short","$v":{"zero":"jetzt","other":["vor ",{"t":"idOrVar","v":"value"}," h"]},"$x":[{"t":"idOrVar","v":"plural"},"value"]},{"$i":"days-ago-short","$v":{"zero":"heute","other":["vor ",{"t":"idOrVar","v":"value"}," d"]},"$x":[{"t":"idOrVar","v":"plural"},"value"]},{"$i":"minutes-until-short","$v":{"zero":"jetzt","other":["in ",{"t":"idOrVar","v":"value"}," m"]},"$x":[{"t":"idOrVar","v":"plural"},"value"]},{"$i":"hours-until-short","$v":{"zero":"jetzt","other":["in ",{"t":"idOrVar","v":"value"}," h"]},"$x":[{"t":"idOrVar","v":"plural"},"value"]},{"$i":"days-until-short","$v":{"zero":"heute","other":["in ",{"t":"idOrVar","v":"value"}," d"]},"$x":[{"t":"idOrVar","v":"plural"},"value"]},{"$i":"incorrectDate","$v":"(ungültiges Datum)"},{"$i":"dateTimeFormat_%c","$v":"%a, %e. %b %Y %H:%M:%S"},{"$i":"dateTimeFormat_%x","$v":"%d.%m.%Y"},{"$i":"dateTimeFormat_%X","$v":"%H:%M:%S"},{"$i":"shortTimeFormat","$v":"%H:%M"},{"$i":"shortTimeFormat12","$v":"%I:%M %p"},{"$i":"shortTimeFormat24","$v":"%H:%M"},{"$i":"shortDateTimeFormat","$v":"%x %H:%M"},{"$i":"weekStartsOnMonday","$v":"1"},{"$i":"firstDayOfTheWeek","$v":"1"},{"$i":"time_am","$v":"AM"},{"$i":"time_pm","$v":"PM"},{"$i":"tz-region","$v":"Region"},{"$i":"tz-city","$v":"Stadt"},{"$i":"tzRegion-Africa","$v":"Afrika"},{"$i":"tzRegion-America","$v":"Amerika"},{"$i":"tzRegion-Antarctica","$v":"Antarktis"},{"$i":"tzRegion-Asia","$v":"Asien"},{"$i":"tzRegion-Atlantic","$v":"Atlantik"},{"$i":"tzRegion-Australia","$v":"Australien"},{"$i":"tzRegion-Europe","$v":"Europa"},{"$i":"tzRegion-Indian","$v":"Indischer Ozean"},{"$i":"tzRegion-Pacific","$v":"Pazifik"},{"$i":"close","$v":"Schließen"},{"$i":"import","$v":"Importieren"},{"$i":"update","$v":"Aktualisieren"},{"$i":"fbFriends","$v":"Facebook"},{"$i":"live-serviceName","$v":"Windows Live"},{"$i":"gmail-serviceName","$v":"Gmail"},{"$i":"facebook-serviceName","$v":"Facebook-Freunde"},{"$i":"selectAll","$v":"Alle auswählen"},{"$i":"deselectAll","$v":"Alle abwählen"},{"$i":"viewAll","$v":"Alle Facebook-Freunde anzeigen"},{"$i":"viewRecommend","$v":"Nur Empfohlene anzeigen"},{"$i":"linkProposal","$v":{"zero":"Keine übereinstimmenden Freunde. Zeige alle an.","one":"Den Vorschlag auswählen","two":"Einen Vorschlag auswählen","few":"Einen Vorschlag auswählen","many":"Einen Vorschlag auswählen","other":"Einen Vorschlag auswählen"},"$x":[{"t":"idOrVar","v":"plural"},"numFriends"]},{"$i":"fbFriendsFound","$v":{"zero":"Alle Ihre Freunde wurden importiert.","one":"Einen Freund für den Import gefunden","two":[{"t":"idOrVar","v":"numFriends"}," Freunde für den Import gefunden"],"few":[{"t":"idOrVar","v":"numFriends"}," Freunde für den Import gefunden"],"many":[{"t":"idOrVar","v":"numFriends"}," Freunde für den Import gefunden"],"other":[{"t":"idOrVar","v":"numFriends"}," Freunde für den Import gefunden"]},"$x":[{"t":"idOrVar","v":"plural"},"numFriends"]},{"$i":"fbNoFriends","$v":"Keine Kontakte zum Importieren verfügbar."},{"$i":"search-contact","placeholder":"Suchen"},{"$i":"noResults","$v":"Keine Kontakte gefunden"},{"$i":"done-search","$v":"Fertig"},{"$i":"progressFB3ImportTitle","$v":"Freunde werden in Kontakte importiert"},{"$i":"progressFB","$v":[{"t":"idOrVar","v":"current"},"/",{"t":"idOrVar","v":"total"}]},{"$i":"progressFB3UpdateTitle","$v":"Freunde in Kontakten werden aktualisiert"},{"$i":"message2","$v":"Dies kann einige Minuten in Anspruch nehmen"},{"$i":"messageLinking","$v":"Bitte warten Sie. Ihre Freunde werden mit Ihren Kontakten verknüpft."},{"$i":"messageCanceling","$v":"Bitte warten Sie. Der laufende Vorgang wird abgebrochen."},{"$i":"error1","$v":["Fehler ",{"t":"idOrVar","v":"from"}]},{"$i":"error2","$v":"Erneut versuchen?"},{"$i":"errorProposal","$v":"beim Erstellen der Vorschläge"},{"$i":"errorFriends","$v":"beim Abrufen der Freunde"},{"$i":"errorLinking","$v":"beim Verknüpfen der Kontakte"},{"$i":"timeout1","$v":["Verbindungs-Zeitlimit überschritten ",{"t":"idOrVar","v":"from"}]},{"$i":"timeout2","$v":"Erneut versuchen?"},{"$i":"timeoutProposal","$v":"beim Erstellen der Vorschläge"},{"$i":"timeoutFriends","$v":"beim Abrufen der Freunde"},{"$i":"timeoutLinking","$v":"beim Verknüpfen der Kontakte"},{"$i":"wait1","$v":"Bitte warten Sie"},{"$i":"wait2","$v":"Dies kann einige Minuten in Anspruch nehmen"},{"$i":"waitProposal","$v":"Bitte warten Sie. Vorschlag wird erstellt…"},{"$i":"waitFriends","$v":"Bitte warten Sie. Ihre Freundesliste wird abgerufen…"},{"$i":"curtainCancel","$v":"Abbrechen"},{"$i":"curtainRetry","$v":"Erneut versuchen"},{"$i":"curtainOK","$v":"OK"},{"$i":"connectionLost","$v":"Keine Internetverbindung"},{"$i":"connectionLostMsg","$v":"Die Fotos Ihrer Freunde werden nicht zu Ihren Kontakten hinzugefügt. Wollen Sie trotzdem fortfahren?"},{"$i":"yesOption","$v":"OK"},{"$i":"noOption","$v":"Abbrechen"},{"$i":"friendsUpdated","$v":{"zero":"Keine Freunde aktualisiert","one":"Ein Freund aktualisiert","two":[{"t":"idOrVar","v":"numFriends"}," Freunde aktualisiert"],"few":[{"t":"idOrVar","v":"numFriends"}," Freunde aktualisiert"],"many":[{"t":"idOrVar","v":"numFriends"}," Freunde aktualisiert"],"other":[{"t":"idOrVar","v":"numFriends"}," Freunde aktualisiert"]},"$x":[{"t":"idOrVar","v":"plural"},"numFriends"]},{"$i":"friendsMerged","$v":{"zero":"Keine duplizierten Freunde zusammengeführt","one":"Einen duplizierten Freund zusammengeführt","two":[{"t":"idOrVar","v":"numDups"}," Freunde zusammengeführt"],"few":[{"t":"idOrVar","v":"numDups"}," Freunde zusammengeführt"],"many":[{"t":"idOrVar","v":"numDups"}," Freunde zusammengeführt"],"other":[{"t":"idOrVar","v":"numDups"}," Freunde zusammengeführt"]},"$x":[{"t":"idOrVar","v":"plural"},"numDups"]},{"$i":"notificationLogin","$v":"Ihre Facebook-Sitzung ist ungültig. Bitte melden Sie sich an."},{"$i":"syncError","$v":"Fehler beim Abgleichen der Daten Ihrer Freunde"}]