[{"$i":"brandShortName","$v":"B2G OS"},{"$i":"browserBrandShortName","$v":"Web Browser"},{"$i":"browserBrandFullName","$v":"Mozilla Web Browser"},{"$i":"ringtoneBrandName","$v":"Default"},{"$i":"ringtoneSectionBrandName","$v":"System"},{"$i":"back","$v":"Πίσω"},{"$i":"noSimMsg","$v":"Για εισαγωγή επαφών, εισάγετε ή ξεκλειδώστε τη κάρτα SIM σας"},{"$i":"noMemoryCardMsg","$v":"Για εισαγωγή επαφών, εισάγετε μία κάρτα μνήμης"},{"$i":"importMemoryCard","$v":"Κάρτα μνήμης"},{"$i":"noConnection11","$v":"Για εισαγωγή επαφών ή φίλων από το Facebook συνδεθείτε με το Wi-Fi ή με το δίκτυο δεδομένων"},{"$i":"emptyAccount","$v":"No friends or contacts found in this account."},{"$i":"simContacts-import","$v":"Εισαγωγή επαφών απο κάρτα SIM"},{"$i":"simContacts-importing","$v":"Εισαγωγή επαφών απο κάρτα SIM…"},{"$i":"simContacts-reading","$v":"Ανάγνωση από κάρτα SIM…"},{"$i":"simContacts-error","$v":"Δεν ήταν δυνατή η εισαγωγή επαφών απο κάρτα SIM"},{"$i":"simContacts-imported3","$v":{"zero":"Δεν εντοπίστηκαν επαφές στην κάρτα SIM για να εισαχθούν","one":"Εισήχθη μία επαφή","two":["Εισήχθησαν ",{"t":"idOrVar","v":"n"}," επαφές"],"few":["Εισήχθησαν ",{"t":"idOrVar","v":"n"}," επαφές"],"many":["Εισήχθησαν ",{"t":"idOrVar","v":"n"}," επαφές"],"other":["Εισήχθησαν ",{"t":"idOrVar","v":"n"}," επαφές"]},"$x":[{"t":"idOrVar","v":"plural"},"n"]},{"$i":"memoryCardContacts-import","$v":"Εισαγωγή επαφών από την κάρτα μνήμης"},{"$i":"memoryCardContacts-importing","$v":"Εισάγονται επαφές από την κάρτα μνήμης…"},{"$i":"memoryCardContacts-reading","$v":"Ανάγνωση απο κάρτα μνήμης…"},{"$i":"memoryCardContacts-error","$v":"Δεν ήταν δυνατή η εισαγωγή επαφών από την κάρτα μνήμης"},{"$i":"memoryCardContacts-imported3","$v":{"zero":"Δεν εντοπίστηκαν επαφές στην κάρτα μνήμης για εισαγωγή","one":"Εισήχθη μία επαφή","two":["Εισήχθησαν ",{"t":"idOrVar","v":"n"}," επαφές"],"few":["Εισήχθησαν ",{"t":"idOrVar","v":"n"}," επαφές"],"many":["Εισήχθησαν ",{"t":"idOrVar","v":"n"}," επαφές"],"other":["Εισήχθησαν ",{"t":"idOrVar","v":"n"}," επαφές"]},"$x":[{"t":"idOrVar","v":"plural"},"n"]},{"$i":"genericProgress","$v":[{"t":"idOrVar","v":"current"},"/",{"t":"idOrVar","v":"total"}]},{"$i":"facebook","$v":"Facebook"},{"$i":"facebook-import-msg2","$v":[{"t":"idOrVar","v":"imported"},"/",{"t":"idOrVar","v":"total"}," friends imported"]},{"$i":"contactsMerged","$v":{"zero":"Δε συγχωνεύτηκαν διπλές επαφές","one":"Μια διπλή επαφή συγχωνεύτηκε","two":[{"t":"idOrVar","v":"numDups"}," επαφές συγχωνεύτηκαν"],"few":[{"t":"idOrVar","v":"numDups"}," επαφές συγχωνεύτηκαν"],"many":[{"t":"idOrVar","v":"numDups"}," επαφές συγχωνεύτηκαν"],"other":[{"t":"idOrVar","v":"numDups"}," επαφές συγχωνεύτηκαν"]},"$x":[{"t":"idOrVar","v":"plural"},"numDups"]},{"$i":"pincode2","$v":"Εισαγωγή κωδικού PIN"},{"$i":"type_pin","$v":"Πληκτρολογήστε τον κωδικό PIN"},{"$i":"pincodeLabel","$v":["SIM ",{"t":"idOrVar","v":"n"}," PIN"]},{"$i":"pinValidation","$v":"Ο κωδικός PIN πρέπει να περιέχει 4 έως 8 ψηφία."},{"$i":"pinError","$v":"Ο κωδικός PIN ήταν λανθασμένος."},{"$i":"pinAttemptMsg2","$v":{"one":"Απομένει μία προσπάθεια για να εισάγετε τον σωστό κωδικό πριν κλειδώσει η κάρτα SIM.","two":["Απομένουν ",{"t":"idOrVar","v":"n"}," προσπάθειες για να εισάγετε τον σωστό κωδικό πριν κλειδώσει η κάρτα SIM."],"few":["Απομένουν ",{"t":"idOrVar","v":"n"}," προσπάθειες για να εισάγετε τον σωστό κωδικό πριν κλειδώσει η κάρτα SIM."],"many":["Απομένουν ",{"t":"idOrVar","v":"n"}," προσπάθειες για να εισάγετε τον σωστό κωδικό πριν κλειδώσει η κάρτα SIM."],"other":["Απομένουν ",{"t":"idOrVar","v":"n"}," προσπάθειες για να εισάγετε τον σωστό κωδικό πριν κλειδώσει η κάρτα SIM."]},"$x":[{"t":"idOrVar","v":"plural"},"n"]},{"$i":"pinLastChanceMsg","$v":"Είναι η τελευταία σας ευκαιρία να εισάγετε το σωστό PIN. Αλλιώς, θα πρέπει να εισάγετε τον κωδικό PUK για να χρησιμοποιήσετε την κάρτα SIM."},{"$i":"pukcode","$v":"Εισαγωγή κωδικού PUK"},{"$i":"pukcodeTitle","$v":["Εισάγετε τον κωδικό PUK της SIM ",{"t":"idOrVar","v":"n"}]},{"$i":"pukcodeLabel","$v":["SIM ",{"t":"idOrVar","v":"n"}," PUK"]},{"$i":"type_puk","$v":"Κωδικός PUK"},{"$i":"pukValidation","$v":"Ο κωδικός PUK πρέπει να έχει ακριβώς 8 χαρακτήρες."},{"$i":"pukInfo","$v":"Πρέπει να εισάγετε τον κωδικό PUK για την κάρτα SIM. Ανατρέξτε στην τεκμηρίωση της κάρτας SIM σας ή επικοινωνήστε με τον πάροχο σας για περισσότερες πληροφορίες."},{"$i":"pukError","$v":"Ο κωδικός PUK ήταν λανθασμένος."},{"$i":"pukAttemptMsg2","$v":{"one":"Απομένει μία προσπάθεια να εισάγετε τον σωστό κωδικό προτού η συγκεκριμένη κάρτα SIM δε θα μπορεί να χρησιμοποιηθεί. Συμβουλευτείτε την τεκμηρίωση της κάρτας SIM σας ή επικοινωνήστε με τον πάροχο σας για περισσότερες πληροφορίες.","two":["Απομένουν ",{"t":"idOrVar","v":"n"}," προσπάθειες να εισάγετε τον σωστό κωδικό προτού η συγκεκριμένη κάρτα SIM δε θα μπορεί να χρησιμοποιηθεί. Συμβουλευτείτε την τεκμηρίωση της κάρτας SIM σας ή επικοινωνήστε με τον πάροχο σας για περισσότερες πληροφορίες."],"few":["Απομένουν ",{"t":"idOrVar","v":"n"}," προσπάθειες να εισάγετε τον σωστό κωδικό προτού η συγκεκριμένη κάρτα SIM δε θα μπορεί να χρησιμοποιηθεί. Συμβουλευτείτε την τεκμηρίωση της κάρτας SIM σας ή επικοινωνήστε με τον πάροχο σας για περισσότερες πληροφορίες."],"many":["Απομένουν ",{"t":"idOrVar","v":"n"}," προσπάθειες να εισάγετε τον σωστό κωδικό προτού η συγκεκριμένη κάρτα SIM δε θα μπορεί να χρησιμοποιηθεί. Συμβουλευτείτε την τεκμηρίωση της κάρτας SIM σας ή επικοινωνήστε με τον πάροχο σας για περισσότερες πληροφορίες."],"other":["Απομένουν ",{"t":"idOrVar","v":"n"}," προσπάθειες να εισάγετε τον σωστό κωδικό προτού η συγκεκριμένη κάρτα SIM δε θα μπορεί να χρησιμοποιηθεί. Συμβουλευτείτε την τεκμηρίωση της κάρτας SIM σας ή επικοινωνήστε με τον πάροχο σας για περισσότερες πληροφορίες."]},"$x":[{"t":"idOrVar","v":"plural"},"n"]},{"$i":"pukLastChanceMsg","$v":"Αυτή είναι η τελευταία σας ευκαιρία να εισάγετε τον σωστό κωδικό PUK. Η κάρτα SIM σας δε θα μπορεί να χρησιμοποιηθεί πλέον εάν εισάγετε λάθος κωδικό PUK."},{"$i":"create_newpin","$v":"Δημιουργία νέου κωδικού PIN (πρέπει να περιέχει 4 έως 8 ψηφία)"},{"$i":"confirm_newpin","$v":"Επιβεβαίωση νέου κωδικού PIN"},{"$i":"newpinConfirmation","$v":"Οι κωδικοί PIN δεν ταιριάζουν"},{"$i":"nckcode","$v":"Εισάγετε τον κωδικό NCK"},{"$i":"cckcode","$v":"Εισάγετε τον κωδικό CCK"},{"$i":"spckcode","$v":"Εισάγετε τον κωδικό SPCK"},{"$i":"nck1code","$v":"Εισάγετε τον κωδικό NCK1"},{"$i":"nck2code","$v":"Εισάγετε τον κωδικό NCK2"},{"$i":"hnckcode","$v":"Εισάγετε τον κωδικό HNCK"},{"$i":"rcckcode","$v":"Εισάγετε τον κωδικό RCCK"},{"$i":"rspckcode","$v":"Εισάγετε τον κωδικό RSPCK"},{"$i":"nckcodeTitle","$v":["Εισάγετε το SIM ",{"t":"idOrVar","v":"n"}," NCK"]},{"$i":"cckcodeTitle","$v":["Εισάγετε το SIM ",{"t":"idOrVar","v":"n"}," CCK"]},{"$i":"spckcodeTitle","$v":["Εισάγετε το SIM ",{"t":"idOrVar","v":"n"}," SPCK"]},{"$i":"nck1codeTitle","$v":["Εισάγετε το SIM ",{"t":"idOrVar","v":"n"}," NCK1"]},{"$i":"nck2codeTitle","$v":["Εισάγετε το SIM ",{"t":"idOrVar","v":"n"}," NCK2"]},{"$i":"hnckcodeTitle","$v":["Εισάγετε το SIM ",{"t":"idOrVar","v":"n"}," HNCK"]},{"$i":"rcckcodeTitle","$v":["Εισάγετε το SIM ",{"t":"idOrVar","v":"n"}," RCCK"]},{"$i":"rspckcodeTitle","$v":["Εισάγετε το SIM ",{"t":"idOrVar","v":"n"}," RSPCK"]},{"$i":"nckcodeLabel","$v":["SIM ",{"t":"idOrVar","v":"n"}," NCK"]},{"$i":"cckcodeLabel","$v":["SIM ",{"t":"idOrVar","v":"n"}," CCK"]},{"$i":"spckcodeLabel","$v":["SIM ",{"t":"idOrVar","v":"n"}," SPCK"]},{"$i":"nck1codeLabel","$v":["SIM ",{"t":"idOrVar","v":"n"}," NCK1"]},{"$i":"nck2codeLabel","$v":["SIM ",{"t":"idOrVar","v":"n"}," NCK2"]},{"$i":"hnckcodeLabel","$v":["SIM ",{"t":"idOrVar","v":"n"}," HNCK"]},{"$i":"rcckcodeLabel","$v":["SIM ",{"t":"idOrVar","v":"n"}," RCCK"]},{"$i":"rspckcodeLabel","$v":["SIM ",{"t":"idOrVar","v":"n"}," RSPCK"]},{"$i":"type_nck","$v":"Πληκτρολογήστε τον κωδικό NCK"},{"$i":"type_cck","$v":"Πληκτρολογήστε τον κωδικό CCK"},{"$i":"type_spck","$v":"Πληκτρολογήστε τον κωδικό SPCK"},{"$i":"type_nck1","$v":"Πληκτρολογήστε τον κωδικό NCK1"},{"$i":"type_nck2","$v":"Πληκτρολογήστε τον κωδικό NCK2"},{"$i":"type_hnck","$v":"Πληκτρολογήστε τον κωδικό HNCK"},{"$i":"type_rcck","$v":"Πληκτρολογήστε τον κωδικό RCCK"},{"$i":"type_rspck","$v":"Πληκτρολογήστε τον κωδικό RSPCK"},{"$i":"nckValidation","$v":"Ο κωδικός NCK πρέπει να έχει από 8 έως 16 χαρακτήρες."},{"$i":"cckValidation","$v":"Ο κωδικός CCK πρέπει να έχει από 8 έως 16 χαρακτήρες."},{"$i":"spckValidation","$v":"Ο κωδικός SPCK πρέπει να έχει από 8 έως 16 χαρακτήρες."},{"$i":"nck1Validation","$v":"Ο κωδικός NCK1 πρέπει να έχει από 8 έως 16 χαρακτήρες."},{"$i":"nck2Validation","$v":"Ο κωδικός NCK2 πρέπει να έχει από 8 έως 16 χαρακτήρες."},{"$i":"hnckValidation","$v":"Ο κωδικός HNCK πρέπει να έχει από 8 έως 16 χαρακτήρες."},{"$i":"rcckValidation","$v":"Ο κωδικός RCCK πρέπει να έχει από 8 έως 16 χαρακτήρες."},{"$i":"rspckValidation","$v":"Ο κωδικός RSPCK πρέπει να έχει από 8 έως 16 χαρακτήρες."},{"$i":"nckErrorMsg","$v":"Ο κωδικός NCK είναι λανθασμένος."},{"$i":"nckAttemptMsg2","$v":{"one":"Αποτυχία της αίτησης αποπροσωπικοποίησης. Σας απομένει μία προσπάθεια να εισάγετε τον σωστό κωδικό. Ανατρέξτε στην τεκμηρίωση της συσκευής ή επικοινωνήστε με τον πάροχο σας για περισσότερες πληροφορίες.","two":["Αποτυχία της αίτησης αποπροσωπικοποίησης. Σας απομένουν ",{"t":"idOrVar","v":"n"}," προσπάθειες να εισάγετε τον σωστό κωδικό. Ανατρέξτε στην τεκμηρίωση της συσκευής ή επικοινωνήστε με τον πάροχο σας για περισσότερες πληροφορίες."],"few":["Αποτυχία της αίτησης αποπροσωπικοποίησης. Σας απομένουν ",{"t":"idOrVar","v":"n"}," προσπάθειες να εισάγετε τον σωστό κωδικό. Ανατρέξτε στην τεκμηρίωση της συσκευής ή επικοινωνήστε με τον πάροχο σας για περισσότερες πληροφορίες."],"many":["Αποτυχία της αίτησης αποπροσωπικοποίησης. Σας απομένουν ",{"t":"idOrVar","v":"n"}," προσπάθειες να εισάγετε τον σωστό κωδικό. Ανατρέξτε στην τεκμηρίωση της συσκευής ή επικοινωνήστε με τον πάροχο σας για περισσότερες πληροφορίες."],"other":["Αποτυχία της αίτησης αποπροσωπικοποίησης. Σας απομένουν ",{"t":"idOrVar","v":"n"}," προσπάθειες να εισάγετε τον σωστό κωδικό. Ανατρέξτε στην τεκμηρίωση της συσκευής ή επικοινωνήστε με τον πάροχο σας για περισσότερες πληροφορίες."]},"$x":[{"t":"idOrVar","v":"plural"},"n"]},{"$i":"nckLastChanceMsg","$v":"Αποτυχία της αίτησης εξατομίκευσης δικτύου. Τελευταία ευκαιρία για να εισάγετε τον σωστό NCK κωδικό. Ανατρέξτε στην τεκμηρίωση της συσκευής σας ή επικοινωνήστε με τον πάροχο σας για περισσότερες πληροφορίες."},{"$i":"skip","$v":"Παράβλεψη"},{"$i":"send","$v":"Αποστολή"},{"$i":"ok","$v":"ΟΚ"},{"$i":"simLocked","$v":"Η κάρτα SIM είναι κλειδωμένη"},{"$i":"inputCodeRetriesLeft","$v":{"one":"τελευταία προσπάθεια.","two":["Απομένουν ",{"t":"idOrVar","v":"n"}," προσπάθειες."],"few":["Απομένουν ",{"t":"idOrVar","v":"n"}," προσπάθειες."],"many":["Απομένουν ",{"t":"idOrVar","v":"n"}," προσπάθειες."],"other":["Απομένουν ",{"t":"idOrVar","v":"n"}," προσπάθειες."]},"$x":[{"t":"idOrVar","v":"plural"},"n"]},{"$i":"simManager","$v":"Διαχείριση SIM"},{"$i":"simDetail","$v":["SIM ",{"t":"idOrVar","v":"n"}]},{"$i":"simDefault","$v":"(default)"},{"$i":"simDefaultMessage","$v":"Εξερχόμενες κλήσεις, εξερχόμενα μηνύματα και σύνδεση δεδομένων έχουν οριστεί ως προεπιλογές στη SIM 1"},{"$i":"simSettingsMessage","$v":"Μπορείτε να αλλάξετε προκαθορισμένες ρυθμίσεις στις Ρυθμίσεις > Διαχείριση κάρτας SIM"},{"$i":"simPinLocked","$v":"Το PIN της κάρτας SIM κλειδώθηκε"},{"$i":"noOperator","$v":"Χωρίς πάροχο"},{"$i":"searchingOperator","$v":"Searching"},{"$i":"language","$v":"Γλώσσα"},{"$i":"3g","$v":"Δεδομένα δικτύου"},{"$i":"dataConnection","$v":"Ενεργοποίηση"},{"$i":"dataConnectionInfo","$v":"Η ενεργοποίηση της σύνδεσης δεδομένων τώρα, θα σας επιτρέψει να ρυθμίσετε το τηλέφωνο σας χωρίς σύνδεση Wi-Fi. Αν θέλετε, μπορείτε να την ενεργοποιήσετε αργότερα μέσω των ρυθμίσεων. Βεβαιωθείτε πως διαθέτετε πρόγραμμα δεδομένων από τον πάροχο σας, ώστε να αποφύγετε τυχόν υπέρογκες χρεώσεις."},{"$i":"caution","$v":"Προειδοποίηση"},{"$i":"geolocation","$v":"Γεωεντοπισμός"},{"$i":"geolocationCheckbox","$v":"Ενεργοποίηση"},{"$i":"geolocationInfo2","$v":["Το ",{"t":"idOrVar","v":"brandShortName"}," χρησιμοποιεί δεδομένα όπως GPS, WiFi, και δίκτυα κινητής τηλεφωνίας κοντά σας για να καθορίσει την τοποθεσία σας."]},{"$i":"geolocationInfoMore","$v":"Τα δεδομένα αποστέλλονται στο Mozilla και άλλους παρόχους υπηρεσιών και θα χρησιμοποιηθούν στο σύνολο τους για τη βελτίωση των βάσεων δεδομένων για τη συγκεκριμένη τοποθεσία. Τα δεδομένα μπορεί να αποθηκεύονται στη συσκευή σας και η συλλογή δεδομένων μπορεί να λάβει χώρα ακόμη και όταν καμία εφαρμογή δεν είναι ενεργή."},{"$i":"notice","$v":"Σημείωση"},{"$i":"aboutYourPrivacy","$v":"Περισσότερα για την ιδιωτικότητα σας"},{"$i":"scanningNetworks","$v":"Σάρωση για δίκτυα"},{"$i":"selectNetwork","$v":"Επιλογή Wi-Fi"},{"$i":"shortStatus-connecting","$v":"Σύνδεση…"},{"$i":"shortStatus-associated","$v":"Λήψη διεύθυνσης IP…"},{"$i":"shortStatus-connected","$v":"Συνδεδεμένο"},{"$i":"shortStatus-connectingfailed","$v":"Η σύνδεση απέτυχε"},{"$i":"shortStatus-disconnected","$v":"Εκτός σύνδεσης"},{"$i":"securedBy","$v":["ασφαλισμένο με ",{"t":"idOrVar","v":"capabilities"}]},{"$i":"security","$v":"Ασφάλεια"},{"$i":"securityNone","$v":"Καμία"},{"$i":"securityWEP","$v":"WEP"},{"$i":"securityWPA-PSK","$v":"WPA-PSK"},{"$i":"securityWPA-EAP","$v":"WPA-EAP"},{"$i":"securityOpen","$v":"Open","ariaLabel":"Security"},{"$i":"identity","$v":"Χρήστης"},{"$i":"identityInput","placeholder":"Χρήστης"},{"$i":"password","$v":"Κωδικός πρόσβασης"},{"$i":"passwordInput","placeholder":"Κωδικός πρόσβασης"},{"$i":"showPassword","$v":"Εμφάνιση κωδικού πρόσβασης"},{"$i":"refresh","$v":"Ανανέωση"},{"$i":"noWifiFound3","$v":"Δεν βρέθηκαν ασύρματα δίκτυα"},{"$i":"join-hidden-button","$v":"Σύνδεση σε κρυφό δίκτυο"},{"$i":"authentication","$v":"Πιστοποίηση"},{"$i":"ssid-name","$v":"SSID όνομα δικτύου"},{"$i":"wifiLevel","ariaLabel":[{"t":"idOrVar","v":"level"}," of 4 bars"]},{"$i":"networksList","ariaLabel":"Networks found"},{"$i":"dateAndTime","$v":"Ημερομηνία & Ώρα"},{"$i":"timezoneTitle","$v":["UTC",{"t":"idOrVar","v":"utcOffset"}," ",{"t":"idOrVar","v":"region"},"/",{"t":"idOrVar","v":"city"}]},{"$i":"timeZone","$v":"Ζώνη ώρας"},{"$i":"change","$v":"Αλλαγή"},{"$i":"region","ariaLabel":"Περιοχή"},{"$i":"city","ariaLabel":"Πόλη"},{"$i":"date","ariaLabel":"Ημερομηνία"},{"$i":"time","ariaLabel":"Ώρα"},{"$i":"importContacts3","$v":"Εισαγωγή επαφών"},{"$i":"importSim2","$v":"Κάρτα SIM"},{"$i":"importFb2","$v":"Facebook"},{"$i":"importOutlook","$v":"Outlook"},{"$i":"importGmail","$v":"Gmail"},{"$i":"fb-checking","$v":"… γίνεται έλεγχος"},{"$i":"notImportedYet","$v":"Δεν έχει εισαχθεί ακόμα"},{"$i":"otherAccount","$v":"Άλλοι λογαριασμοί"},{"$i":"afterFbImport","$v":"Μπορείτε να εισάγετε και να επεξεργαστείτε φίλους από το Facebook οποιαδήποτε στιγμή στις ρυθμίσεις επαφών"},{"$i":"firefox-accounts","$v":"Λογαριασμοί Firefox"},{"$i":"fxa-upsell","innerHTML":"Ένας λογαριασμός Firefox σας επιτρέπει να βρείτε μια χαμένη συσκευή και να αγοράσετε εφαρμογές από το Firefox Marketplace."},{"$i":"fxa-create-account-or-sign-in","$v":"Δημιουργία Λογαριασμού ή Είσοδος"},{"$i":"fxa-email-sent","$v":["Ένας σύνδεσμος επιβεβαίωσης έχει σταλεί στην διεύθυνση email ",{"t":"idOrVar","v":"email"}]},{"$i":"fxa-signed-in","$v":["Συνδεδεμένος ως ",{"t":"idOrVar","v":"email"}]},{"$i":"about-your-rights-0","$v":["Το ",{"t":"idOrVar","v":"brandShortName"}," δημιουργήθηκε ως ελεύθερο και ανοιχτό λογισμικό από μία κοινότητα χιλιάδων ανθρώπων από όλα τα μήκη και πλάτη του κόσμου. Υπάρχουν μερικά πράγματα που πρέπει να γνωρίζετε:"]},{"$i":"about-your-rights-1","$v":["Το ",{"t":"idOrVar","v":"brandShortName"}," είναι διαθέσιμο σε εσάς υπό τους όρους διάφορων αδειών ανοικτού κώδικα συμπεριλαμβανομένης και της άδειας Mozilla Public License. Μία συσκευή που τρέχει ",{"t":"idOrVar","v":"brandShortName"}," μπορεί ακόμη να περιέχει ιδιόκτητο λογισμικό από τρίτους. Κάθε κώδικας που παρέχεται υπό άδειες ανοικτού λογισμικού σας δίνει το δικαίωμα να τον τροποποιήσετε και να τον διανέμετε εφόσον τηρείτε τους όρους της εκάστοτε ισχύουσας άδειας."]},{"$i":"about-your-rights-2","$v":["Δε σας παραχωρείται κανένα δικαίωμα ή άδεια στα λογότυπα του Mozilla Foundation ή άλλου εταίρου, συμπεριλαμβανομένου του ονόματος και του λογότυπου του ",{"t":"idOrVar","v":"brandShortName"},"."]},{"$i":"about-your-rights-3","$v":["Στο ",{"t":"idOrVar","v":"brandShortName"},", μέσω λειτουργιών όπως η αναφορά σφαλμάτων, σας δίνεται η δυνατότητα να στείλετε χρήσιμα δεδομένα στο Mozilla. Επιλέγοντας την αποστολή αυτών, δίνετε στο Mozilla την άδεια να τα χρησιμοποιήσει για να βελτιώσει τα προϊόντα του, να τα δημοσιεύσει σε ιστοσελίδες του και να τα διανείμει."]},{"$i":"about-other","$v":"Άλλοι"},{"$i":"SIM_mandatory","$v":"Προειδοποίηση κάρτας SIM"},{"$i":"SIM_mandatory_warm","$v":"Παρακαλούμε, εισάγετε κάρτα SIM και επανεκκινήστε το τηλέφωνό σας."},{"$i":"telemetry-sends2","$v":["Το σύστημα τηλεμετρίας στέλνει στο Mozilla δεδομένα σχετικά με την απόδοση, το υλικό, τις ρυθμίσεις, τις τροποποιήσεις και τη χρήση εφαρμογών στη ",{"t":"idOrVar","v":"brandShortName"}," συσκευή σας. Τα δεδομένα αυτά τα χρησιμοποιούμε για να κάνουμε τα προϊόντα μας καλύτερα, πιο γρήγορα και πιο αποδοτικά."]},{"$i":"learn-more-telemetry2","innerHTML":["Learn more at <a href=\"",{"t":"idOrVar","v":"href"},"\" class=\"",{"t":"idOrVar","v":"className"},"\">",{"t":"idOrVar","v":"textContent"},"</a>"]},{"$i":"learn-more-information2","innerHTML":["Learn how Mozilla handles your information at <a href=\"",{"t":"idOrVar","v":"href"},"\" class=\"",{"t":"idOrVar","v":"className"},"\">",{"t":"idOrVar","v":"textContent"},"</a>"]},{"$i":"htmlWelcome2","innerHTML":["Welcome to <a href=\"",{"t":"idOrVar","v":"href"},"\" class=\"",{"t":"idOrVar","v":"className"},"\">",{"t":"idOrVar","v":"textContent"},"</a>, the free and open source operating system from Mozilla. Our mission is to promote openness, innovation and opportunity by keeping the power of the Web in your hands."]},{"$i":"htmlWelcome-link","$v":[{"t":"idOrVar","v":"brandShortName"}]},{"$i":"helpImprove2","innerHTML":["You can help us improve our products and services by automatically sending analytics data. See our <a href=\"",{"t":"idOrVar","v":"href"},"\" class=\"",{"t":"idOrVar","v":"className"},"\">",{"t":"idOrVar","v":"textContent"},"</a> to learn how we handle data from your device."]},{"$i":"helpImprove-link","$v":"Πολιτική Απορρήτου"},{"$i":"learn-more-privacy2","innerHTML":["Learn how Mozilla handles your information in our <a href=\"",{"t":"idOrVar","v":"href"},"\" class=\"",{"t":"idOrVar","v":"className"},"\">",{"t":"idOrVar","v":"textContent"},"</a>."]},{"$i":"learn-more-privacy-link","$v":"πολιτική απορρήτου"},{"$i":"aboutBrowser","$v":["Περί ",{"t":"idOrVar","v":"brandShortName"}]},{"$i":"aboutYourPrivacy2","$v":"Ιδιωτικότητα"},{"$i":"mozillaCommunity2","$v":["Όταν χρησιμοποιείτε το ",{"t":"idOrVar","v":"brandShortName"},", γίνεστε κομμάτι μιας παγκόσμιας κοινότητας που βοηθά να χτιστεί ένα λαμπρότερο μέλλον για το Διαδίκτυο. Εάν θα θέλατε να μάθετε περισσότερα σχετικά με την κοινότητα του Mozilla, τα υπόλοιπα προϊόντα μας και τυχόν εκδηλώσεις κοντά σας, παρακαλούμε εισάγετε τη διεύθυνση email σας παρακάτω."]},{"$i":"sharePerformanceAndUsageData2","$v":"Έγινε! Στείλε δεδομένα."},{"$i":"emailAddress","placeholder":"Διεύθυνση Email"},{"$i":"email-successfully-added","$v":"Το email προστέθηκε επιτυχώς"},{"$i":"email-loading","$v":"Αποθήκευση του email…"},{"$i":"privacy-b2g","$v":[{"t":"idOrVar","v":"brandShortName"}],"title":[{"t":"idOrVar","v":"brandShortName"}]},{"$i":"privacy-marketplace","$v":"Marketplace","title":[{"t":"idOrVar","v":"privacy-marketplace"}]},{"$i":"privacy-eme","$v":"EverythingMe"},{"$i":"privacy-e-me","title":[{"t":"idOrVar","v":"privacy-e-me"}]},{"$i":"navbar-back","$v":"Πίσω"},{"$i":"navbar-next","$v":"Επόμενο"},{"$i":"navbar-join","$v":"Σύνδεση"},{"$i":"done","$v":"ΟΚ"},{"$i":"thatsIt","$v":"Αυτό ήταν!"},{"$i":"startYourPhone","$v":"Μάθετε το τηλέφωνο σας!"},{"$i":"startYourTablet","$v":"Μάθετε την ταμπλέτα σας!"},{"$i":"joinTutorial","$v":"Ελάτε να ρίξουμε μια γρήγορη ματιά στο νέο σας τηλέφωνο."},{"$i":"joinTutorialUpdated","$v":"Ελάτε να ρίξουμε μια γρήγορη ματιά στις νέες ενημερώσεις του τηλεφώνου σας!"},{"$i":"enjoyYourPhone","$v":"Είστε έτοιμοι να απολαύσετε το νέο σας τηλέφωνο."},{"$i":"enjoyYourPhoneUpdated","$v":"Είστε έτοιμοι να απολαύσετε το ενημερωμένο σας τηλέφωνο."},{"$i":"optionsAvailable","$v":"Μπορείτε να αλλάξετε τη γλώσσα, την ημερομηνία/ώρα και τη σύνδεση Wi-Fi στις ρυθμίσεις."},{"$i":"letsGo","$v":"Ας ξεκινήσουμε"},{"$i":"startTour","$v":"Έναρξη"},{"$i":"thatsIt1Tablet-2","$v":"Μπορείτε πάντα να σύρετε από την κάτω πλευρά προς τα πάνω για να εισέλθετε στην αρχική οθόνη. "},{"$i":"thatsIt2Tablet-2","$v":"Ας το δοκιμάσουμε!"},{"$i":"tutorial","$v":"Οδηγός χρήσης"},{"$i":"tutorial-step1-large-3","$v":"Swipe down to access recent notifications, usage information and settings."},{"$i":"tutorial-step2-large-2","$v":"Σύρετε αριστερά ή δεξιά για να ανακαλύψετε τις νέες εφαρμογές στην αρχική οθόνη."},{"$i":"tutorial-step3-large-2","$v":"Πιέστε παρατεταμένα σε ένα εικονίδιο για να το διαγράψετε ή να το μετακινήσετε."},{"$i":"tutorial-step4-large-2","$v":"Σύρετε με δύο δάχτυλα από κάτω προς τα πάνω για να δείτε τις ανοιχτές εφαρμογές."},{"$i":"tutorial-vertical-scroll-v2-tiny","$v":"Σύρετε προς τα πάνω και προς τα κάτω για να περιηγηθείτε στις εφαρμογές σας. Πιέστε παρατεταμένα σε ένα εικονίδιο για να το διαγράψετε, να το μετακινήσετε ή να το επεξεργαστείτε."},{"$i":"tutorial-notifications-v2-tiny","$v":"Swipe down to access recent notifications, usage information and settings."},{"$i":"tutorial-sheets-tiny","$v":"Σύρετε το δάχτυλό σας από την αριστερή άκρη της οθόνης για να επιστρέψετε σε πρόσφατα χρησιμοποιημένες εφαρμογές."},{"$i":"tutorial-rocketbar-tiny","$v":"Πατήστε στο πλαίσιο αναζήτησης οποιαδήποτε στιγμή για να ξεκινήσετε μια αναζήτηση ή να μεταβείτε σε μια ιστοσελίδα."},{"$i":"tutorial-bookmarks-migration-tiny","$v":"Οι σελιδοδείκτες σας έχουν μετακινηθεί στην αρχική οθόνη. Κατά την επεξεργασία, πατήστε σε ένα σελιδοδείκτη για να τον επεξεργαστείτε ή να τον μετονομάσετε."},{"$i":"tutorial-app-grouping-tiny","$v":"Tap to expand and collapse app groups. Drag an app into a new space to create a group."},{"$i":"offline-dialog-title","$v":"Πρέπει να είστε συνδεδεμένος στο διαδίκτυο για να δείτε τη σελίδα."},{"$i":"offline-dialog-text","$v":["Παρακαλούμε πηγαίνετε πίσω και συνδεθείτε στο διαδίκτυο. Μπορείτε να δείτε τη σελίδα αργότερα από τις ρυθμίσεις ή εισάγοντας τη διεύθυνση ",{"t":"idOrVar","v":"url"}," σε κάποιον περιηγητή."]},{"$i":"OK","$v":"ΟΚ"},{"$i":"offline-newsletter-dialog-title","$v":"Πρέπει να είστε συνδεδεμένος στο διαδίκτυο για να εγγραφείτε στο ενημερωτικό δελτίο."},{"$i":"offline-newsletter-dialog-text","$v":"Παρακαλούμε επιστρέψτε και συνδεθείτε στο διαδίκτυο."},{"$i":"invalid-email-dialog-title","$v":"Το email σας δεν είναι έγκυρο"},{"$i":"invalid-email-dialog-text","$v":"Παρακαλούμε επιστρέψτε και διορθώστε την καταχώρηση σας."},{"$i":"retry","$v":"Δοκιμάστε ξανά"},{"$i":"cancel","$v":"Ακύρωση"},{"$i":"progressbar","$v":["Βήμα ",{"t":"idOrVar","v":"step"}," από ",{"t":"idOrVar","v":"total"}],"ariaLabel":"Πρώτη Χρήση"},{"$i":"weekday-0-long","$v":"Κυριακή"},{"$i":"weekday-1-long","$v":"Δευτέρα"},{"$i":"weekday-2-long","$v":"Τρίτη"},{"$i":"weekday-3-long","$v":"Τετάρτη"},{"$i":"weekday-4-long","$v":"Πέμπτη"},{"$i":"weekday-5-long","$v":"Παρασκευή"},{"$i":"weekday-6-long","$v":"Σάββατο"},{"$i":"weekday-0-short","$v":"Κυρ"},{"$i":"weekday-1-short","$v":"Δευ"},{"$i":"weekday-2-short","$v":"Τρι"},{"$i":"weekday-3-short","$v":"Τετ"},{"$i":"weekday-4-short","$v":"Πεμ"},{"$i":"weekday-5-short","$v":"Παρ"},{"$i":"weekday-6-short","$v":"Σαβ"},{"$i":"month-0-long","$v":"Ιανουάριος"},{"$i":"month-1-long","$v":"Φεβρουάριος"},{"$i":"month-2-long","$v":"Μάρτιος"},{"$i":"month-3-long","$v":"Απρίλιος"},{"$i":"month-4-long","$v":"Μάιος"},{"$i":"month-5-long","$v":"Ιούνιος"},{"$i":"month-6-long","$v":"Ιούλιος"},{"$i":"month-7-long","$v":"Αύγουστος"},{"$i":"month-8-long","$v":"Σεπτέμβριος"},{"$i":"month-9-long","$v":"Οκτώβριος"},{"$i":"month-10-long","$v":"Νοέμβριος"},{"$i":"month-11-long","$v":"Δεκέμβριος"},{"$i":"month-0-genitive","$v":"Ιανουαρίου"},{"$i":"month-1-genitive","$v":"Φεβρουαρίου"},{"$i":"month-2-genitive","$v":"Μαρτίου"},{"$i":"month-3-genitive","$v":"Απριλίου"},{"$i":"month-4-genitive","$v":"Μαΐου"},{"$i":"month-5-genitive","$v":"Ιουνίου"},{"$i":"month-6-genitive","$v":"Ιουλίου"},{"$i":"month-7-genitive","$v":"Αυγούστου"},{"$i":"month-8-genitive","$v":"Σεπτεμβρίου"},{"$i":"month-9-genitive","$v":"Οκτωβρίου"},{"$i":"month-10-genitive","$v":"Νοεμβρίου"},{"$i":"month-11-genitive","$v":"Δεκεμβρίου"},{"$i":"month-0-short","$v":"Ιαν"},{"$i":"month-1-short","$v":"Φεβ"},{"$i":"month-2-short","$v":"Μαρ"},{"$i":"month-3-short","$v":"Απρ"},{"$i":"month-4-short","$v":"Μάι"},{"$i":"month-5-short","$v":"Ιουν"},{"$i":"month-6-short","$v":"Ιουλ"},{"$i":"month-7-short","$v":"Αυγ"},{"$i":"month-8-short","$v":"Σεπ"},{"$i":"month-9-short","$v":"Οκτ"},{"$i":"month-10-short","$v":"Νοε"},{"$i":"month-11-short","$v":"Δεκ"},{"$i":"minutes-ago-long","$v":{"zero":"μόλις τώρα","one":"πριν από ένα λεπτό","two":["πριν από ",{"t":"idOrVar","v":"value"}," λεπτά"],"few":["πριν από ",{"t":"idOrVar","v":"value"}," λεπτά"],"many":["πριν από ",{"t":"idOrVar","v":"value"}," λεπτά"],"other":["πριν από ",{"t":"idOrVar","v":"value"}," λεπτά"]},"$x":[{"t":"idOrVar","v":"plural"},"value"]},{"$i":"hours-ago-long","$v":{"zero":"μόλις τώρα","one":"πριν από μία ώρα","two":["πριν από ",{"t":"idOrVar","v":"value"}," ώρες"],"few":["πριν από ",{"t":"idOrVar","v":"value"}," ώρες"],"many":["πριν από ",{"t":"idOrVar","v":"value"}," ώρες"],"other":["πριν από ",{"t":"idOrVar","v":"value"}," ώρες"]},"$x":[{"t":"idOrVar","v":"plural"},"value"]},{"$i":"days-ago-long","$v":{"zero":"σήμερα","one":"χθες","two":["πριν από ",{"t":"idOrVar","v":"value"}," ημέρες"],"few":["πριν από ",{"t":"idOrVar","v":"value"}," ημέρες"],"many":["πριν από ",{"t":"idOrVar","v":"value"}," ημέρες"],"other":["πριν από ",{"t":"idOrVar","v":"value"}," ημέρες"]},"$x":[{"t":"idOrVar","v":"plural"},"value"]},{"$i":"weeks-ago-long","$v":{"zero":"αυτή την εβδομάδα","one":"την τελευταία εβδομάδα","two":["πριν από ",{"t":"idOrVar","v":"value"}," εβδομάδες"],"few":["πριν από ",{"t":"idOrVar","v":"value"}," εβδομάδες"],"many":["πριν από ",{"t":"idOrVar","v":"value"}," εβδομάδες"],"other":["πριν από ",{"t":"idOrVar","v":"value"}," εβδομάδες"]},"$x":[{"t":"idOrVar","v":"plural"},"value"]},{"$i":"months-ago-long","$v":{"zero":"αυτό τον μήνα","one":"τον τελευταίο μήνα","two":["πριν από ",{"t":"idOrVar","v":"value"}," μήνες"],"few":["πριν από ",{"t":"idOrVar","v":"value"}," μήνες"],"many":["πριν από ",{"t":"idOrVar","v":"value"}," μήνες"],"other":["πριν από ",{"t":"idOrVar","v":"value"}," μήνες"]},"$x":[{"t":"idOrVar","v":"plural"},"value"]},{"$i":"years-ago-long","$v":{"zero":"αυτό το έτος","one":"το περασμένο έτος","two":["πριν από ",{"t":"idOrVar","v":"value"}," χρόνια"],"few":["πριν από ",{"t":"idOrVar","v":"value"}," χρόνια"],"many":["πριν από ",{"t":"idOrVar","v":"value"}," χρόνια"],"other":["πριν από ",{"t":"idOrVar","v":"value"}," χρόνια"]},"$x":[{"t":"idOrVar","v":"plural"},"value"]},{"$i":"minutes-until-long","$v":{"zero":"τώρα","one":"σε ένα λεπτό","two":["σε ",{"t":"idOrVar","v":"value"}," λεπτά"],"few":["σε ",{"t":"idOrVar","v":"value"}," λεπτά"],"many":["σε ",{"t":"idOrVar","v":"value"}," λεπτά"],"other":["σε ",{"t":"idOrVar","v":"value"}," λεπτά"]},"$x":[{"t":"idOrVar","v":"plural"},"value"]},{"$i":"hours-until-long","$v":{"zero":"τώρα","one":"σε μία ώρα","two":["σε ",{"t":"idOrVar","v":"value"}," ώρες"],"few":["σε ",{"t":"idOrVar","v":"value"}," ώρες"],"many":["σε ",{"t":"idOrVar","v":"value"}," ώρες"],"other":["σε ",{"t":"idOrVar","v":"value"}," ώρες"]},"$x":[{"t":"idOrVar","v":"plural"},"value"]},{"$i":"days-until-long","$v":{"zero":"σήμερα","one":"αύριο","two":["σε ",{"t":"idOrVar","v":"value"}," ημέρες"],"few":["σε ",{"t":"idOrVar","v":"value"}," ημέρες"],"many":["σε ",{"t":"idOrVar","v":"value"}," ημέρες"],"other":["σε ",{"t":"idOrVar","v":"value"}," ημέρες"]},"$x":[{"t":"idOrVar","v":"plural"},"value"]},{"$i":"weeks-until-long","$v":{"zero":"αυτή την εβδομάδα","one":"την επόμενη εβδομάδα","two":["σε ",{"t":"idOrVar","v":"value"}," εβδομάδες"],"few":["σε ",{"t":"idOrVar","v":"value"}," εβδομάδες"],"many":["σε ",{"t":"idOrVar","v":"value"}," εβδομάδες"],"other":["σε ",{"t":"idOrVar","v":"value"}," εβδομάδες"]},"$x":[{"t":"idOrVar","v":"plural"},"value"]},{"$i":"months-until-long","$v":{"zero":"αυτό τον μήνα","one":"στον επόμενο μήνα","two":["σε ",{"t":"idOrVar","v":"value"}," μήνες"],"few":["σε ",{"t":"idOrVar","v":"value"}," μήνες"],"many":["σε ",{"t":"idOrVar","v":"value"}," μήνες"],"other":["σε ",{"t":"idOrVar","v":"value"}," μήνες"]},"$x":[{"t":"idOrVar","v":"plural"},"value"]},{"$i":"years-until-long","$v":{"zero":"αυτό το έτος","one":"επόμενο έτος","two":["σε ",{"t":"idOrVar","v":"value"}," έτη"],"few":["σε ",{"t":"idOrVar","v":"value"}," έτη"],"many":["σε ",{"t":"idOrVar","v":"value"}," έτη"],"other":["σε ",{"t":"idOrVar","v":"value"}," έτη"]},"$x":[{"t":"idOrVar","v":"plural"},"value"]},{"$i":"minutes-ago-short","$v":{"zero":"τώρα","other":["πριν ",{"t":"idOrVar","v":"value"},"′"]},"$x":[{"t":"idOrVar","v":"plural"},"value"]},{"$i":"hours-ago-short","$v":{"zero":"τώρα","other":["πριν ",{"t":"idOrVar","v":"value"}," ώρ."]},"$x":[{"t":"idOrVar","v":"plural"},"value"]},{"$i":"days-ago-short","$v":{"zero":"σήμερα","other":["πριν ",{"t":"idOrVar","v":"value"}," ημ."]},"$x":[{"t":"idOrVar","v":"plural"},"value"]},{"$i":"minutes-until-short","$v":{"zero":"τώρα","other":["σε ",{"t":"idOrVar","v":"value"},"′"]},"$x":[{"t":"idOrVar","v":"plural"},"value"]},{"$i":"hours-until-short","$v":{"zero":"τώρα","other":["σε ",{"t":"idOrVar","v":"value"}," ώρ."]},"$x":[{"t":"idOrVar","v":"plural"},"value"]},{"$i":"days-until-short","$v":{"zero":"σήμερα","other":["σε ",{"t":"idOrVar","v":"value"}," ημ."]},"$x":[{"t":"idOrVar","v":"plural"},"value"]},{"$i":"incorrectDate","$v":"(λάθος ημερομηνία)"},{"$i":"dateTimeFormat_%c","$v":"%a, %e %Eb %Y, %H:%M:%S"},{"$i":"dateTimeFormat_%x","$v":"%d/%m/%Y"},{"$i":"dateTimeFormat_%X","$v":"%H:%M:%S"},{"$i":"shortTimeFormat","$v":"%H:%M"},{"$i":"shortTimeFormat12","$v":"%I:%M %p"},{"$i":"shortTimeFormat24","$v":"%H:%M"},{"$i":"shortDateTimeFormat","$v":"%x %H:%M"},{"$i":"weekStartsOnMonday","$v":"0"},{"$i":"firstDayOfTheWeek","$v":"0"},{"$i":"time_am","$v":"πμ"},{"$i":"time_pm","$v":"μμ"},{"$i":"tz-region","$v":"Περιοχή"},{"$i":"tz-city","$v":"Πόλη"},{"$i":"tzRegion-Africa","$v":"Αφρική"},{"$i":"tzRegion-America","$v":"Αμερική"},{"$i":"tzRegion-Antarctica","$v":"Ανταρκτική"},{"$i":"tzRegion-Asia","$v":"Ασία"},{"$i":"tzRegion-Atlantic","$v":"Ατλαντικός Ωκεανός"},{"$i":"tzRegion-Australia","$v":"Αυστραλία"},{"$i":"tzRegion-Europe","$v":"Ευρώπη"},{"$i":"tzRegion-Indian","$v":"Ινδικός Ωκεανός"},{"$i":"tzRegion-Pacific","$v":"Ειρηνικός Ωκεανός"},{"$i":"close","$v":"Κλείσιμο"},{"$i":"import","$v":"Εισαγωγή"},{"$i":"update","$v":"Ενημέρωση"},{"$i":"fbFriends","$v":"Φίλοι Facebook"},{"$i":"live-serviceName","$v":"Outlook"},{"$i":"gmail-serviceName","$v":"Gmail"},{"$i":"facebook-serviceName","$v":"Φίλοι Facebook"},{"$i":"selectAll","$v":"Επιλογή όλων"},{"$i":"deselectAll","$v":"Αποεπιλογή όλων"},{"$i":"viewAll","$v":"Εμφάνιση όλων των φίλων Facebook"},{"$i":"viewRecommend","$v":"Εμφάνιση μόνο των προτεινόμενων"},{"$i":"linkProposal","$v":{"zero":"Δε βρέθηκαν αποτελέσματα. Εμφάνιση όλων","one":"Επιλογή του προτεινόμενου","two":"Επιλογή ενός προτεινόμενου","few":"Επιλογή ενός προτεινόμενου","many":"Επιλογή ενός προτεινόμενου","other":"Επιλογή ενός προτεινόμενου"},"$x":[{"t":"idOrVar","v":"plural"},"numFriends"]},{"$i":"fbFriendsFound","$v":{"zero":"Έγινε εισαγωγή όλων των φίλων σας","one":"Βρέθηκε ένας φίλος για εισαγωγή","two":["Βρέθηκαν ",{"t":"idOrVar","v":"numFriends"}," φίλοι για εισαγωγή"],"few":["Βρέθηκαν ",{"t":"idOrVar","v":"numFriends"}," φίλοι για εισαγωγή"],"many":["Βρέθηκαν ",{"t":"idOrVar","v":"numFriends"}," φίλοι για εισαγωγή"],"other":["Βρέθηκαν ",{"t":"idOrVar","v":"numFriends"}," φίλοι για εισαγωγή"]},"$x":[{"t":"idOrVar","v":"plural"},"numFriends"]},{"$i":"fbNoFriends","$v":"Δεν υπάρχουν διαθέσιμες επαφές για εισαγωγή"},{"$i":"search-contact","placeholder":"Αναζήτηση"},{"$i":"noResults","$v":"Δε βρέθηκαν επαφές"},{"$i":"done-search","$v":"ΟΚ"},{"$i":"progressFB3ImportTitle","$v":"Εισαγωγή φίλων στις επαφές"},{"$i":"progressFB","$v":[{"t":"idOrVar","v":"current"},"/",{"t":"idOrVar","v":"total"}]},{"$i":"progressFB3UpdateTitle","$v":"Ενημέρωση φίλων στις επαφές"},{"$i":"message2","$v":"Αυτό μπορεί να διαρκέσει μερικά λεπτά"},{"$i":"messageLinking","$v":"Παρακαλώ περιμένετε. Συνδέουμε τον φίλο σας με την επαφή σας."},{"$i":"messageCanceling","$v":"Παρακαλώ περιμένετε. Γίνεται ακύρωση της τρέχουσας ενέργειας."},{"$i":"error1","$v":["Σφάλμα ",{"t":"idOrVar","v":"from"}]},{"$i":"error2","$v":"Θέλετε να δοκιμάσετε ξανά;"},{"$i":"errorProposal","$v":"υπολογισμού προτάσεων"},{"$i":"errorFriends","$v":"ανάκτησης φίλων"},{"$i":"errorLinking","$v":"σύνδεσης επαφής"},{"$i":"timeout1","$v":["Υπέρβαση του μέγιστου χρόνου ",{"t":"idOrVar","v":"from"}]},{"$i":"timeout2","$v":"Θέλετε να δοκιμάσετε ξανά;"},{"$i":"timeoutProposal","$v":"υπολογισμού προτάσεων"},{"$i":"timeoutFriends","$v":"ανάκτησης φίλων"},{"$i":"timeoutLinking","$v":"σύνδεσης επαφής"},{"$i":"wait1","$v":"Παρακαλώ περιμένετε"},{"$i":"wait2","$v":"Αυτό μπορεί να διαρκέσει μερικά λεπτά"},{"$i":"waitProposal","$v":"Παρακαλώ περιμένετε. Υπολογίζουμε προτεινόμενους φίλους."},{"$i":"waitFriends","$v":"Παρακαλώ περιμένετε. Συνδεόμαστε για να ανακτήσουμε τη λίστα των φίλων σας."},{"$i":"curtainCancel","$v":"Ακύρωση"},{"$i":"curtainRetry","$v":"Δοκιμάστε ξανά"},{"$i":"curtainOK","$v":"ΟΚ"},{"$i":"connectionLost","$v":"Δεν υπάρχει σύνδεση στο διαδίκτυο"},{"$i":"connectionLostMsg","$v":"Οι φωτογραφίες των φίλων σας δε θα προστεθούν στις επαφές σας. Θέλετε να συνεχίσετε;"},{"$i":"yesOption","$v":"ΟΚ"},{"$i":"noOption","$v":"Ακύρωση"},{"$i":"friendsUpdated","$v":{"zero":"Δεν ενημερώθηκαν φίλοι","one":"Ενημερώθηκε ένας φίλος","two":["Ενημερώθηκαν ",{"t":"idOrVar","v":"numFriends"}," φίλοι"],"few":["Ενημερώθηκαν ",{"t":"idOrVar","v":"numFriends"}," φίλοι"],"many":["Ενημερώθηκαν ",{"t":"idOrVar","v":"numFriends"}," φίλοι"],"other":["Ενημερώθηκαν ",{"t":"idOrVar","v":"numFriends"}," φίλοι"]},"$x":[{"t":"idOrVar","v":"plural"},"numFriends"]},{"$i":"friendsMerged","$v":{"zero":"Δε συγχωνεύτηκαν φίλοι","one":"Ένας φίλος συγχωνεύτηκε","two":[{"t":"idOrVar","v":"numDups"}," φίλοι συγχωνεύτηκαν"],"few":[{"t":"idOrVar","v":"numDups"}," φίλοι συγχωνεύτηκαν"],"many":[{"t":"idOrVar","v":"numDups"}," φίλοι συγχωνεύτηκαν"],"other":[{"t":"idOrVar","v":"numDups"}," φίλοι συγχωνεύτηκαν"]},"$x":[{"t":"idOrVar","v":"plural"},"numDups"]},{"$i":"notificationLogin","$v":"Η συνεδρία του Facebook δεν είναι έγκυρη. Παρακαλούμε συνδεθείτε ξανά."},{"$i":"syncError","$v":"Προέκυψε σφάλμα κατά τον συγχρονισμό των δεδομένων των φίλων σας"}]