[{"$i":"brandShortName","$v":"B2G OS"},{"$i":"browserBrandShortName","$v":"Web Browser"},{"$i":"browserBrandFullName","$v":"Mozilla Web Browser"},{"$i":"ringtoneBrandName","$v":"Default"},{"$i":"ringtoneSectionBrandName","$v":"System"},{"$i":"back","$v":"Atrás"},{"$i":"noSimMsg","$v":"Para importar contactos, inserte o desbloquee su tarjeta SIM"},{"$i":"noMemoryCardMsg","$v":"Para importar contactos, inserte una tarjeta de memoria"},{"$i":"importMemoryCard","$v":"Tarjeta de memoria"},{"$i":"noConnection11","$v":"Para importar contactos de Facebook, conéctese a una red wifi o de datos"},{"$i":"emptyAccount","$v":"Ningún amigo ni contacto encontrado en la cuenta."},{"$i":"simContacts-import","$v":"Importar contactos SIM"},{"$i":"simContacts-importing","$v":"Importando contactos de la SIM…"},{"$i":"simContacts-reading","$v":"Leyendo la tarjeta SIM…"},{"$i":"simContacts-error","$v":"No se importaron los contactos de la SIM"},{"$i":"simContacts-imported3","$v":{"zero":"No se detectaron contactos en SIM","one":"Un contacto importado","two":[{"t":"idOrVar","v":"n"}," contactos importados"],"few":[{"t":"idOrVar","v":"n"}," contactos importados"],"many":[{"t":"idOrVar","v":"n"}," contactos importados"],"other":[{"t":"idOrVar","v":"n"}," contactos importados"]},"$x":[{"t":"idOrVar","v":"plural"},"n"]},{"$i":"memoryCardContacts-import","$v":"Importar contactos de la tarjeta de memoria"},{"$i":"memoryCardContacts-importing","$v":"Importando contactos de la tarjeta de memoria..."},{"$i":"memoryCardContacts-reading","$v":"Leyendo de la tarjeta de memoria..."},{"$i":"memoryCardContacts-error","$v":"No se importaron los contactos de la tarjeta de memoria"},{"$i":"memoryCardContacts-imported3","$v":{"zero":"No se detectaron contactos en la tarjeta de memoria","one":"Un contacto importado","two":[{"t":"idOrVar","v":"n"}," contactos importados"],"few":[{"t":"idOrVar","v":"n"}," contactos importados"],"many":[{"t":"idOrVar","v":"n"}," contactos importados"],"other":[{"t":"idOrVar","v":"n"}," contactos importados"]},"$x":[{"t":"idOrVar","v":"plural"},"n"]},{"$i":"genericProgress","$v":[{"t":"idOrVar","v":"current"},"/",{"t":"idOrVar","v":"total"}]},{"$i":"facebook","$v":"Facebook"},{"$i":"facebook-import-msg2","$v":[{"t":"idOrVar","v":"imported"}," importados de ",{"t":"idOrVar","v":"total"}]},{"$i":"contactsMerged","$v":{"zero":"No se combinó ningún contacto duplicado","one":"Se combinó un contacto duplicado","two":["Se combinaron ",{"t":"idOrVar","v":"numDups"}," contactos"],"few":["Se combinaron ",{"t":"idOrVar","v":"numDups"}," contactos"],"many":["Se combinaron ",{"t":"idOrVar","v":"numDups"}," contactos"],"other":["Se combinaron ",{"t":"idOrVar","v":"numDups"}," contactos"]},"$x":[{"t":"idOrVar","v":"plural"},"numDups"]},{"$i":"pincode2","$v":"Escribir PIN"},{"$i":"type_pin","$v":"Escriba su PIN"},{"$i":"pincodeLabel","$v":["PIN de la SIM ",{"t":"idOrVar","v":"n"}]},{"$i":"pinValidation","$v":"El PIN debe tener entre 4 y 8 caracteres."},{"$i":"pinError","$v":"El PIN no es correcto."},{"$i":"pinAttemptMsg2","$v":{"one":"Sólo le queda un intento para escribir el código correcto antes de bloquear la SIM.","two":["Le quedan ",{"t":"idOrVar","v":"n"}," intentos para escribir el código correcto antes de bloquear la SIM."],"few":["Le quedan ",{"t":"idOrVar","v":"n"}," intentos para escribir el código correcto antes de bloquear la SIM."],"many":["Le quedan ",{"t":"idOrVar","v":"n"}," intentos para escribir el código correcto antes de bloquear la SIM."],"other":["Le quedan ",{"t":"idOrVar","v":"n"}," intentos para escribir el código correcto antes de bloquear la SIM."]},"$x":[{"t":"idOrVar","v":"plural"},"n"]},{"$i":"pinLastChanceMsg","$v":"Esta es su última oportunidad para escribir el PIN correcto. Si no, tendrá que escribir el código PUK para usar esta tarjeta SIM."},{"$i":"pukcode","$v":"Escribir PUK"},{"$i":"pukcodeTitle","$v":["Escribir PUK de la SIM ",{"t":"idOrVar","v":"n"}]},{"$i":"pukcodeLabel","$v":["PUK de la SIM ",{"t":"idOrVar","v":"n"}]},{"$i":"type_puk","$v":"Código PUK"},{"$i":"pukValidation","$v":"El código PUK debe tener exactamente 8 caracteres."},{"$i":"pukInfo","$v":"Debe escribir la Clave Personal de Desbloqueo (PUK) para la tarjeta SIM. Consulte la documentación de su tarjeta SIM o contacte con su operador para tener más información."},{"$i":"pukError","$v":"El código PUK es incorrecto."},{"$i":"pukAttemptMsg2","$v":{"one":"Sólo le queda un intento para escribir el código correcto antes de que la tarjeta SIM quede definitivamente inutilizable. Consulte la documentación de su tarjeta SIM o contacte con su operador para tener más información.","two":["Le quedan ",{"t":"idOrVar","v":"n"}," intentos para escribir el código correcto antes de que la tarjeta SIM quede definitivamente inutilizable. Consulte la documentación de su tarjeta SIM o contacte con su operador para tener más información."],"few":["Le quedan ",{"t":"idOrVar","v":"n"}," intentos para escribir el código correcto antes de que la tarjeta SIM quede definitivamente inutilizable. Consulte la documentación de su tarjeta SIM o contacte con su operador para tener más información."],"many":["Le quedan ",{"t":"idOrVar","v":"n"}," intentos para escribir el código correcto antes de que la tarjeta SIM quede definitivamente inutilizable. Consulte la documentación de su tarjeta SIM o contacte con su operador para tener más información."],"other":["Le quedan ",{"t":"idOrVar","v":"n"}," intentos para escribir el código correcto antes de que la tarjeta SIM quede definitivamente inutilizable. Consulte la documentación de su tarjeta SIM o contacte con su operador para tener más información."]},"$x":[{"t":"idOrVar","v":"plural"},"n"]},{"$i":"pukLastChanceMsg","$v":"Esta es la última oportunidad para escribir el código PUK correcto. Su tarjeta SIM quedará definitivamente inutilizable si escribe un código PUK incorrecto."},{"$i":"create_newpin","$v":"Crear nuevo PIN (entre 4 y 8 dígitos)"},{"$i":"confirm_newpin","$v":"Confirmar nuevo PIN"},{"$i":"newpinConfirmation","$v":"Los PIN no coinciden"},{"$i":"nckcode","$v":"Escribir NCK"},{"$i":"cckcode","$v":"Escribir CCK"},{"$i":"spckcode","$v":"Escribir SPCK"},{"$i":"nck1code","$v":"Escribir código NCK1"},{"$i":"nck2code","$v":"Escribir código NCK2"},{"$i":"hnckcode","$v":"Escribir código HNCK"},{"$i":"rcckcode","$v":"Escribir código RCCK"},{"$i":"rspckcode","$v":"Escribir código RSPCK"},{"$i":"nckcodeTitle","$v":["Escribir NCK de la SIM ",{"t":"idOrVar","v":"n"}]},{"$i":"cckcodeTitle","$v":["Escribir CCK de la SIM ",{"t":"idOrVar","v":"n"}]},{"$i":"spckcodeTitle","$v":["Escribir SPCK de la SIM ",{"t":"idOrVar","v":"n"}]},{"$i":"nck1codeTitle","$v":["Escribir NCK1 de la SIM ",{"t":"idOrVar","v":"n"}]},{"$i":"nck2codeTitle","$v":["Escribir NCK2 de la SIM ",{"t":"idOrVar","v":"n"}]},{"$i":"hnckcodeTitle","$v":["Escribir HNCK de la SIM ",{"t":"idOrVar","v":"n"}]},{"$i":"rcckcodeTitle","$v":["Escribir RCCK de la SIM ",{"t":"idOrVar","v":"n"}]},{"$i":"rspckcodeTitle","$v":["Escribir RSPCK de la SIM ",{"t":"idOrVar","v":"n"}]},{"$i":"nckcodeLabel","$v":["NCK de la SIM ",{"t":"idOrVar","v":"n"}]},{"$i":"cckcodeLabel","$v":["CCK de la SIM ",{"t":"idOrVar","v":"n"}]},{"$i":"spckcodeLabel","$v":["SIM ",{"t":"idOrVar","v":"n"}," SPCK"]},{"$i":"nck1codeLabel","$v":["SIM ",{"t":"idOrVar","v":"n"}," NCK1"]},{"$i":"nck2codeLabel","$v":["SIM ",{"t":"idOrVar","v":"n"}," NCK2"]},{"$i":"hnckcodeLabel","$v":["SIM ",{"t":"idOrVar","v":"n"}," HNCK"]},{"$i":"rcckcodeLabel","$v":["SIM ",{"t":"idOrVar","v":"n"}," RCCK"]},{"$i":"rspckcodeLabel","$v":["SIM ",{"t":"idOrVar","v":"n"}," RSPCK"]},{"$i":"type_nck","$v":"Escriba su código NCK"},{"$i":"type_cck","$v":"Escriba su código CCK"},{"$i":"type_spck","$v":"Escriba su código SPCK"},{"$i":"type_nck1","$v":"Escriba su código NCK1"},{"$i":"type_nck2","$v":"Escriba su código NCK2"},{"$i":"type_hnck","$v":"Escriba su código HNCK"},{"$i":"type_rcck","$v":"Escriba su código RCCK"},{"$i":"type_rspck","$v":"Escriba su código RSPCK"},{"$i":"nckValidation","$v":"El NCK debe tener entre 8 y 16 caracteres."},{"$i":"cckValidation","$v":"El CCK debe tener entre 8 y 16 caracteres."},{"$i":"spckValidation","$v":"El SPCK debe tener entre 8 y 16 caracteres."},{"$i":"nck1Validation","$v":"El NCK1 debe tener entre 8 y 16 caracteres."},{"$i":"nck2Validation","$v":"El NCK2 debe tener entre 8 y 16 caracteres."},{"$i":"hnckValidation","$v":"El HNCK debe tener entre 8 y 16 caracteres."},{"$i":"rcckValidation","$v":"El RCCK debe tener entre 8 y 16 caracteres."},{"$i":"rspckValidation","$v":"El RSPCK debe tener entre 8 y 16 caracteres"},{"$i":"nckErrorMsg","$v":"El código NCK es incorrecto."},{"$i":"nckAttemptMsg2","$v":{"one":"La despersonalización de red falló. Sólo le queda un intento para escribir el código correcto. Consulte la documentación de su dispositivo o contacte con su operador para tener más información.","two":["La despersonalización de red falló. Le quedan ",{"t":"idOrVar","v":"n"}," intentos para escribir el código correcto. Consulte la documentación de su dispositivo o contacte con su operador para tener más información."],"few":["La despersonalización de red falló. Le quedan ",{"t":"idOrVar","v":"n"}," intentos para escribir el código correcto. Consulte la documentación de su dispositivo o contacte con su operador para tener más información."],"many":["La despersonalización de red falló. Le quedan ",{"t":"idOrVar","v":"n"}," intentos para escribir el código correcto. Consulte la documentación de su dispositivo o contacte con su operador para tener más información."],"other":["La despersonalización de red falló. Le quedan ",{"t":"idOrVar","v":"n"}," intentos para escribir el código correcto. Consulte la documentación de su dispositivo o contacte con su operador para tener más información."]},"$x":[{"t":"idOrVar","v":"plural"},"n"]},{"$i":"nckLastChanceMsg","$v":"La despersonalización de red falló. Es el último intento para escribir el código correcto. Consulte la documentación de su dispositivo o contacte con su operador para tener más información."},{"$i":"skip","$v":"Omitir"},{"$i":"send","$v":"Enviar"},{"$i":"ok","$v":"Aceptar"},{"$i":"simLocked","$v":"Esta tarjeta PIN está bloqueada"},{"$i":"inputCodeRetriesLeft","$v":{"one":"Último intento.","two":["Quedan ",{"t":"idOrVar","v":"n"}," intentos."],"few":["Quedan ",{"t":"idOrVar","v":"n"}," intentos."],"many":["Quedan ",{"t":"idOrVar","v":"n"}," intentos."],"other":["Quedan ",{"t":"idOrVar","v":"n"}," intentos."]},"$x":[{"t":"idOrVar","v":"plural"},"n"]},{"$i":"simManager","$v":"Administrador SIM"},{"$i":"simDetail","$v":["SIM ",{"t":"idOrVar","v":"n"}]},{"$i":"simDefault","$v":"(predeterminada)"},{"$i":"simDefaultMessage","$v":"Las llamadas y los mensajes salientes así como la conexión de datos están configurados para la SIM 1 de manera predeterminada"},{"$i":"simSettingsMessage","$v":"Puede cambiar la configuración predeterminada en Ajustes > Administrador de tarjetas SIM"},{"$i":"simPinLocked","$v":"PIN de la SIM bloqueado"},{"$i":"noOperator","$v":"Sin operador"},{"$i":"searchingOperator","$v":"Buscando"},{"$i":"language","$v":"Idioma"},{"$i":"3g","$v":"Datos móviles"},{"$i":"dataConnection","$v":"Activar datos"},{"$i":"dataConnectionInfo","$v":"Activar la conexión de datos le permitirá usar su teléfono sin una conexión wifi. También puede activarlo más adelante en Ajustes. Asegúrese de que dispone de un plan de datos con su operador para evitar posibles recargos futuros."},{"$i":"caution","$v":"Advertencia"},{"$i":"geolocation","$v":"Geolocalización"},{"$i":"geolocationCheckbox","$v":"Activar geolocalización"},{"$i":"geolocationInfo2","$v":[{"t":"idOrVar","v":"brandShortName"}," usa datos como los de GPS, wifi y redes móviles cercanas a usted para ayudar a determinar su ubicación aproximada."]},{"$i":"geolocationInfoMore","$v":"Los datos se envían a Mozilla y otros operadores, y se usarán agregados con el fin de mejorar estas bases de datos sobre ubicaciones. Los datos se guardarán en su equipo y la recopilación de los mismos se efectuará incluso cuando no se esté ejecutando ninguna aplicación."},{"$i":"notice","$v":"Aviso"},{"$i":"aboutYourPrivacy","$v":"Más información sobre su privacidad"},{"$i":"scanningNetworks","$v":"Buscando redes"},{"$i":"selectNetwork","$v":"Elija una red"},{"$i":"shortStatus-connecting","$v":"Conectando…"},{"$i":"shortStatus-associated","$v":"Obteniendo dirección IP…"},{"$i":"shortStatus-connected","$v":"Conectado"},{"$i":"shortStatus-connectingfailed","$v":"Error en la conexión"},{"$i":"shortStatus-disconnected","$v":"Sin conexión"},{"$i":"securedBy","$v":["Protegido por ",{"t":"idOrVar","v":"capabilities"}]},{"$i":"security","$v":"Seguridad"},{"$i":"securityNone","$v":"Ninguna"},{"$i":"securityWEP","$v":"WEP"},{"$i":"securityWPA-PSK","$v":"WPA-PSK"},{"$i":"securityWPA-EAP","$v":"WPA-EAP"},{"$i":"securityOpen","$v":"Abierta","ariaLabel":"Seguridad"},{"$i":"identity","$v":"Usuario"},{"$i":"identityInput","placeholder":"Usuario"},{"$i":"password","$v":"Contraseña"},{"$i":"passwordInput","placeholder":"Contraseña"},{"$i":"showPassword","$v":"Mostrar contraseña"},{"$i":"refresh","$v":"Actualizar"},{"$i":"noWifiFound3","$v":"No se han encontrado redes inalámbricas"},{"$i":"join-hidden-button","$v":"Unirse a una red oculta"},{"$i":"authentication","$v":"Autenticación"},{"$i":"ssid-name","$v":"Nombre SSID de red"},{"$i":"wifiLevel","ariaLabel":[{"t":"idOrVar","v":"level"}," sobre 4 barras"]},{"$i":"networksList","ariaLabel":"Redes encontradas"},{"$i":"dateAndTime","$v":"Fecha y hora"},{"$i":"timezoneTitle","$v":[{"t":"idOrVar","v":"region"}," UTC",{"t":"idOrVar","v":"utcOffset"},"/",{"t":"idOrVar","v":"city"}]},{"$i":"timeZone","$v":"Zona horaria"},{"$i":"change","$v":"Cambiar"},{"$i":"region","ariaLabel":"Región"},{"$i":"city","ariaLabel":"Ciudad"},{"$i":"date","ariaLabel":"Día"},{"$i":"time","ariaLabel":"Hora"},{"$i":"importContacts3","$v":"Importar contactos"},{"$i":"importSim2","$v":"Tarjeta SIM"},{"$i":"importFb2","$v":"Facebook"},{"$i":"importOutlook","$v":"Outlook"},{"$i":"importGmail","$v":"Gmail"},{"$i":"fb-checking","$v":"…comprobando"},{"$i":"notImportedYet","$v":"Aún sin importar"},{"$i":"otherAccount","$v":"Otras cuentas"},{"$i":"afterFbImport","$v":"Puede importar y editar sus amigos de Facebook en cualquier momento en la configuración de Contactos"},{"$i":"firefox-accounts","$v":"Firefox Accounts"},{"$i":"fxa-upsell","innerHTML":"Una cuenta de Firefox le permite encontrar un teléfono perdido y comprar apps desde Firefox Marketplace."},{"$i":"fxa-create-account-or-sign-in","$v":"Crear cuenta o conectarse"},{"$i":"fxa-email-sent","$v":["Se ha sido enviado un enlace de verificación a ",{"t":"idOrVar","v":"email"}]},{"$i":"fxa-signed-in","$v":["Conectado como ",{"t":"idOrVar","v":"email"}]},{"$i":"about-your-rights-0","$v":[{"t":"idOrVar","v":"brandShortName"}," es software gratuito y de código libre desarrollado por una comunidad de miles de colaboradores por todo el mundo. Hay algunas cosas que debe saber:"]},{"$i":"about-your-rights-1","$v":[{"t":"idOrVar","v":"brandShortName"}," está disponible bajo los términos de varias licencias de código libre, entre ellas la Mozilla Public License. Un dispositivo que ejecute ",{"t":"idOrVar","v":"brandShortName"}," puede también contener software patentado de un tercero. En tanto en cuanto se cumpla con los términos establecidos, cualquier código proporcionado bajo una licencia abierta otorga el derecho de modificar el código fuente y distribuir las versiones modificadas."]},{"$i":"about-your-rights-2","$v":["No se le otorga ningún derecho de marca registrada o licencia para las marcas registradas de Fundación Mozilla u otra parte, lo que incluye a modo enunciativo, pero no limitativo, el nombre o logo de ",{"t":"idOrVar","v":"brandShortName"},"."]},{"$i":"about-your-rights-3","$v":["Algunas características en ",{"t":"idOrVar","v":"brandShortName"}," como Crash Reporter le ofrecen la oportunidad de dar su opinión a Mozilla. Al elegir enviar su opinión, autoriza a Mozilla a utilizarla para mejorar sus productos, publicarla en sus sitios web y distribuirla."]},{"$i":"about-other","$v":"Otros"},{"$i":"SIM_mandatory","$v":"Advertencia de tarjeta SIM"},{"$i":"SIM_mandatory_warm","$v":"Inserte una tarjeta SIM y reinicie su teléfono."},{"$i":"telemetry-sends2","$v":["Telemetry envía a Mozilla información sobre el rendimiento, hardware, configuración y personalización de su dispositivo ",{"t":"idOrVar","v":"brandShortName"},". Usamos esta información para mejorar nuestros productos, hacerlos más rápidos y adaptarlos a las necesidades de nuestros usuarios."]},{"$i":"learn-more-telemetry2","innerHTML":["Más información en <a href=\"",{"t":"idOrVar","v":"href"},"\" class=\"",{"t":"idOrVar","v":"className"},"\">",{"t":"idOrVar","v":"textContent"},"</a>"]},{"$i":"learn-more-information2","innerHTML":["Infórmese sobre cómo gestiona Mozilla su información en <a href=\"",{"t":"idOrVar","v":"href"},"\" class=\"",{"t":"idOrVar","v":"className"},"\">",{"t":"idOrVar","v":"textContent"},"</a>"]},{"$i":"htmlWelcome2","innerHTML":["Le damos la bienvenida a <a href=\"",{"t":"idOrVar","v":"href"},"\" class=\"",{"t":"idOrVar","v":"className"},"\">",{"t":"idOrVar","v":"textContent"},"</a>, el sistema operativo gratuito y abierto de Mozilla. Nuestra misión es promover la apertura, la innovación y la oportunidad para todos poniendo el poder de la Web en sus manos."]},{"$i":"htmlWelcome-link","$v":[{"t":"idOrVar","v":"brandShortName"}]},{"$i":"helpImprove2","innerHTML":["Puede contribuir en la mejora de nuestros productos y servicios enviando automáticamente datos de análisis. Lea nuestro <a href=\"",{"t":"idOrVar","v":"href"},"\" class=\"",{"t":"idOrVar","v":"className"},"\">",{"t":"idOrVar","v":"textContent"},"</a> para informarse sobre cómo gestionamos los datos desde el dispositivo."]},{"$i":"helpImprove-link","$v":"Aviso de privacidad"},{"$i":"learn-more-privacy2","innerHTML":["Infórmese sobre cómo gestiona Mozilla su información en el <a href=\"",{"t":"idOrVar","v":"href"},"\" class=\"",{"t":"idOrVar","v":"className"},"\">",{"t":"idOrVar","v":"textContent"},"</a>."]},{"$i":"learn-more-privacy-link","$v":"política de privacidad"},{"$i":"aboutBrowser","$v":["Acerca de ",{"t":"idOrVar","v":"brandShortName"}]},{"$i":"aboutYourPrivacy2","$v":"Su privacidad"},{"$i":"mozillaCommunity2","$v":["Al usar ",{"t":"idOrVar","v":"brandShortName"},", se convierte en parte de una comunidad mundial que colabora en la construcción de un futuro mejor para la Web. Si desea tener más información sobre la comunidad Mozilla, nuestros productos o los eventos próximos a usted, escriba abajo su dirección de correo."]},{"$i":"sharePerformanceAndUsageData2","$v":"¡Sí! Deseo enviar datos."},{"$i":"emailAddress","placeholder":"Dirección de correo"},{"$i":"email-successfully-added","$v":"Correo agregado correctamente"},{"$i":"email-loading","$v":"Guardando su correo…"},{"$i":"privacy-b2g","$v":[{"t":"idOrVar","v":"brandShortName"}],"title":[{"t":"idOrVar","v":"brandShortName"}]},{"$i":"privacy-marketplace","$v":"Marketplace","title":[{"t":"idOrVar","v":"privacy-marketplace"}]},{"$i":"privacy-eme","$v":"EverythingMe"},{"$i":"privacy-e-me","title":[{"t":"idOrVar","v":"privacy-e-me"}]},{"$i":"navbar-back","$v":"Atrás"},{"$i":"navbar-next","$v":"Adelante"},{"$i":"navbar-join","$v":"Unirse"},{"$i":"done","$v":"Done"},{"$i":"thatsIt","$v":"¡Eso es todo!"},{"$i":"startYourPhone","$v":"¡Conozca su teléfono!"},{"$i":"startYourTablet","$v":"¡Inicie la visita virtual por su tableta!"},{"$i":"joinTutorial","$v":"Acompáñenos para ver un tutorial sobre su nuevo teléfono."},{"$i":"joinTutorialUpdated","$v":"Acompáñenos para ver un tutorial sobre las actualizaciones de su teléfono."},{"$i":"enjoyYourPhone","$v":"Todo está listo para que disfrute de su nuevo teléfono."},{"$i":"enjoyYourPhoneUpdated","$v":"Todo está listo para que disfrute de su teléfono actualizado."},{"$i":"optionsAvailable","$v":"En Ajustes puede modificar el idioma, la fecha y hora, o la conexión wifi."},{"$i":"letsGo","$v":"Vamos allá"},{"$i":"startTour","$v":"Comenzar visita"},{"$i":"thatsIt1Tablet-2","$v":"Siempre puede deslizar la parte inferior de la pantalla para acceder a la pantalla de inicio."},{"$i":"thatsIt2Tablet-2","$v":"¡Hagámoslo!"},{"$i":"tutorial","$v":"Tutorial"},{"$i":"tutorial-step1-large-3","$v":"Deslice la pantalla hacia abajo para acceder a notificaciones recientes, información de consumo y ajustes."},{"$i":"tutorial-step2-large-2","$v":"Deslice la pantalla hacia la izquierda o derecha para descubrir nuevas apps en la pantalla de inicio."},{"$i":"tutorial-step3-large-2","$v":"Pulse un icono durante unos segundos para borrarlo o moverlo."},{"$i":"tutorial-step4-large-2","$v":"Deslice con dos dedos la pantalla hacia arriba desde el borde inferior para activar la vista de tarjetas."},{"$i":"tutorial-vertical-scroll-v2-tiny","$v":"Deslice la pantalla hacia arriba o hacia abajo para explorar apps y marcadores. Pulse un icono durante unos segundos para borrarlo, moverlo o editarlo."},{"$i":"tutorial-notifications-v2-tiny","$v":"Deslice la pantalla hacia abajo para acceder a notificaciones recientes, información de consumo y ajustes."},{"$i":"tutorial-sheets-tiny","$v":"Deslice la pantalla desde el borde izquierdo para volver a las apps más recientes."},{"$i":"tutorial-rocketbar-tiny","$v":"Pulse en el cuadro de búsqueda cuando quiera iniciar una búsqueda o ir a una web."},{"$i":"tutorial-bookmarks-migration-tiny","$v":"Sus marcadores se han movido a la pantalla de inicio. Pulse un marcador para editarlo o renombrarlo."},{"$i":"tutorial-app-grouping-tiny","$v":"Pulse para expandir o contraer grupos de apps. Arrastre una app hasta un nuevo espacio para crear un grupo."},{"$i":"offline-dialog-title","$v":"Debe estar conectado a Internet para ver la página."},{"$i":"offline-dialog-text","$v":["Vuelva atrás y conéctese a Internet. También puede ver la página posteriormente en Ajustes o escribiendo la dirección ",{"t":"idOrVar","v":"url"}," en cualquier navegador."]},{"$i":"OK","$v":"Aceptar"},{"$i":"offline-newsletter-dialog-title","$v":"Tiene que estar conectado a Internet para suscribirse al boletín de noticias."},{"$i":"offline-newsletter-dialog-text","$v":"Vuelva y conéctese a Internet"},{"$i":"invalid-email-dialog-title","$v":"El correo no es válido"},{"$i":"invalid-email-dialog-text","$v":"Vuelva y compruebe sus datos."},{"$i":"retry","$v":"Reintentar"},{"$i":"cancel","$v":"Cancelar"},{"$i":"progressbar","$v":["Paso ",{"t":"idOrVar","v":"step"}," de ",{"t":"idOrVar","v":"total"}],"ariaLabel":"Primera experiencia"},{"$i":"weekday-0-long","$v":"Domingo"},{"$i":"weekday-1-long","$v":"Lunes"},{"$i":"weekday-2-long","$v":"Martes"},{"$i":"weekday-3-long","$v":"Miércoles"},{"$i":"weekday-4-long","$v":"Jueves"},{"$i":"weekday-5-long","$v":"Viernes"},{"$i":"weekday-6-long","$v":"Sábado"},{"$i":"weekday-0-short","$v":"Dom"},{"$i":"weekday-1-short","$v":"Lun"},{"$i":"weekday-2-short","$v":"Mar"},{"$i":"weekday-3-short","$v":"Mié"},{"$i":"weekday-4-short","$v":"Jue"},{"$i":"weekday-5-short","$v":"Vie"},{"$i":"weekday-6-short","$v":"Sáb"},{"$i":"month-0-long","$v":"enero"},{"$i":"month-1-long","$v":"febrero"},{"$i":"month-2-long","$v":"marzo"},{"$i":"month-3-long","$v":"abril"},{"$i":"month-4-long","$v":"mayo"},{"$i":"month-5-long","$v":"junio"},{"$i":"month-6-long","$v":"julio"},{"$i":"month-7-long","$v":"agosto"},{"$i":"month-8-long","$v":"septiembre"},{"$i":"month-9-long","$v":"octubre"},{"$i":"month-10-long","$v":"noviembre"},{"$i":"month-11-long","$v":"diciembre"},{"$i":"month-0-genitive","$v":"enero"},{"$i":"month-1-genitive","$v":"febrero"},{"$i":"month-2-genitive","$v":"marzo"},{"$i":"month-3-genitive","$v":"abril"},{"$i":"month-4-genitive","$v":"mayo"},{"$i":"month-5-genitive","$v":"junio"},{"$i":"month-6-genitive","$v":"julio"},{"$i":"month-7-genitive","$v":"agosto"},{"$i":"month-8-genitive","$v":"septiembre"},{"$i":"month-9-genitive","$v":"octubre"},{"$i":"month-10-genitive","$v":"noviembre"},{"$i":"month-11-genitive","$v":"diciembre"},{"$i":"month-0-short","$v":"ene"},{"$i":"month-1-short","$v":"feb"},{"$i":"month-2-short","$v":"mar"},{"$i":"month-3-short","$v":"abr"},{"$i":"month-4-short","$v":"may"},{"$i":"month-5-short","$v":"jun"},{"$i":"month-6-short","$v":"jul"},{"$i":"month-7-short","$v":"ago"},{"$i":"month-8-short","$v":"sep"},{"$i":"month-9-short","$v":"oct"},{"$i":"month-10-short","$v":"nov"},{"$i":"month-11-short","$v":"dic"},{"$i":"minutes-ago-long","$v":{"zero":"ahora","one":"hace un minuto","two":["hace ",{"t":"idOrVar","v":"value"}," minutos"],"few":["hace ",{"t":"idOrVar","v":"value"}," minutos"],"many":["hace ",{"t":"idOrVar","v":"value"}," minutos"],"other":["hace ",{"t":"idOrVar","v":"value"}," minutos"]},"$x":[{"t":"idOrVar","v":"plural"},"value"]},{"$i":"hours-ago-long","$v":{"zero":"ahora","one":"hace una hora","two":["hace ",{"t":"idOrVar","v":"value"}," horas"],"few":["hace ",{"t":"idOrVar","v":"value"}," horas"],"many":["hace ",{"t":"idOrVar","v":"value"}," horas"],"other":["hace ",{"t":"idOrVar","v":"value"}," horas"]},"$x":[{"t":"idOrVar","v":"plural"},"value"]},{"$i":"days-ago-long","$v":{"zero":"hoy","one":"ayer","two":["hace ",{"t":"idOrVar","v":"value"}," días"],"few":["hace ",{"t":"idOrVar","v":"value"}," días"],"many":["hace ",{"t":"idOrVar","v":"value"}," días"],"other":["hace ",{"t":"idOrVar","v":"value"}," días"]},"$x":[{"t":"idOrVar","v":"plural"},"value"]},{"$i":"weeks-ago-long","$v":{"zero":"esta semana","one":"la semana pasada","two":["hace ",{"t":"idOrVar","v":"value"}," semanas"],"few":["hace ",{"t":"idOrVar","v":"value"}," semanas"],"many":["hace ",{"t":"idOrVar","v":"value"}," semanas"],"other":["hace ",{"t":"idOrVar","v":"value"}," semanas"]},"$x":[{"t":"idOrVar","v":"plural"},"value"]},{"$i":"months-ago-long","$v":{"zero":"este mes","one":"el último mes","two":["hace ",{"t":"idOrVar","v":"value"}," meses"],"few":["hace ",{"t":"idOrVar","v":"value"}," meses"],"many":["hace ",{"t":"idOrVar","v":"value"}," meses"],"other":["hace ",{"t":"idOrVar","v":"value"}," meses"]},"$x":[{"t":"idOrVar","v":"plural"},"value"]},{"$i":"years-ago-long","$v":{"zero":"este año","one":"último año","two":["hace ",{"t":"idOrVar","v":"value"}," años"],"few":["hace ",{"t":"idOrVar","v":"value"}," años"],"many":["hace ",{"t":"idOrVar","v":"value"}," años"],"other":["hace ",{"t":"idOrVar","v":"value"}," años"]},"$x":[{"t":"idOrVar","v":"plural"},"value"]},{"$i":"minutes-until-long","$v":{"zero":"ahora","one":"en un minuto","two":["en ",{"t":"idOrVar","v":"value"}," minutos"],"few":["en ",{"t":"idOrVar","v":"value"}," minutos"],"many":["en ",{"t":"idOrVar","v":"value"}," minutos"],"other":["en ",{"t":"idOrVar","v":"value"}," minutos"]},"$x":[{"t":"idOrVar","v":"plural"},"value"]},{"$i":"hours-until-long","$v":{"zero":"ahora","one":"en una hora","two":["en ",{"t":"idOrVar","v":"value"}," horas"],"few":["en ",{"t":"idOrVar","v":"value"}," horas"],"many":["en ",{"t":"idOrVar","v":"value"}," horas"],"other":["en ",{"t":"idOrVar","v":"value"}," horas"]},"$x":[{"t":"idOrVar","v":"plural"},"value"]},{"$i":"days-until-long","$v":{"zero":"hoy","one":"mañana","two":["en ",{"t":"idOrVar","v":"value"}," días"],"few":["en ",{"t":"idOrVar","v":"value"}," días"],"many":["en ",{"t":"idOrVar","v":"value"}," días"],"other":["en ",{"t":"idOrVar","v":"value"}," días"]},"$x":[{"t":"idOrVar","v":"plural"},"value"]},{"$i":"weeks-until-long","$v":{"zero":"esta semana","one":"la próxima semana","two":["en ",{"t":"idOrVar","v":"value"}," semanas"],"few":["en ",{"t":"idOrVar","v":"value"}," semanas"],"many":["en ",{"t":"idOrVar","v":"value"}," semanas"],"other":["en ",{"t":"idOrVar","v":"value"}," semanas"]},"$x":[{"t":"idOrVar","v":"plural"},"value"]},{"$i":"months-until-long","$v":{"zero":"este mes","one":"próximo mes","two":["en ",{"t":"idOrVar","v":"value"}," meses"],"few":["en ",{"t":"idOrVar","v":"value"}," meses"],"many":["en ",{"t":"idOrVar","v":"value"}," meses"],"other":["en ",{"t":"idOrVar","v":"value"}," meses"]},"$x":[{"t":"idOrVar","v":"plural"},"value"]},{"$i":"years-until-long","$v":{"zero":"este año","one":"próximo año","two":["en ",{"t":"idOrVar","v":"value"}," años"],"few":["en ",{"t":"idOrVar","v":"value"}," años"],"many":["en ",{"t":"idOrVar","v":"value"}," años"],"other":["en ",{"t":"idOrVar","v":"value"}," años"]},"$x":[{"t":"idOrVar","v":"plural"},"value"]},{"$i":"minutes-ago-short","$v":{"zero":"ahora","other":["hace ",{"t":"idOrVar","v":"value"}," m"]},"$x":[{"t":"idOrVar","v":"plural"},"value"]},{"$i":"hours-ago-short","$v":{"zero":"ahora","other":["hace ",{"t":"idOrVar","v":"value"}," h"]},"$x":[{"t":"idOrVar","v":"plural"},"value"]},{"$i":"days-ago-short","$v":{"zero":"hoy","other":["hace ",{"t":"idOrVar","v":"value"}," d"]},"$x":[{"t":"idOrVar","v":"plural"},"value"]},{"$i":"minutes-until-short","$v":{"zero":"ahora","other":["en ",{"t":"idOrVar","v":"value"}," m"]},"$x":[{"t":"idOrVar","v":"plural"},"value"]},{"$i":"hours-until-short","$v":{"zero":"ahora","other":["en ",{"t":"idOrVar","v":"value"}," h"]},"$x":[{"t":"idOrVar","v":"plural"},"value"]},{"$i":"days-until-short","$v":{"zero":"hoy","other":["en ",{"t":"idOrVar","v":"value"}," d"]},"$x":[{"t":"idOrVar","v":"plural"},"value"]},{"$i":"incorrectDate","$v":"(fecha incorrecta)"},{"$i":"dateTimeFormat_%c","$v":"%a, %e de %b, %Y %H:%M:%S"},{"$i":"dateTimeFormat_%x","$v":"%d/%m/%Y"},{"$i":"dateTimeFormat_%X","$v":"%H:%M:%S"},{"$i":"shortTimeFormat","$v":"%H:%M"},{"$i":"shortTimeFormat12","$v":"%H:%M"},{"$i":"shortTimeFormat24","$v":"%H:%M"},{"$i":"shortDateTimeFormat","$v":"%x %H:%M"},{"$i":"weekStartsOnMonday","$v":"1"},{"$i":"firstDayOfTheWeek","$v":"1"},{"$i":"time_am","$v":"AM"},{"$i":"time_pm","$v":"PM"},{"$i":"tz-region","$v":"Región"},{"$i":"tz-city","$v":"Ciudad"},{"$i":"tzRegion-Africa","$v":"África"},{"$i":"tzRegion-America","$v":"América"},{"$i":"tzRegion-Antarctica","$v":"Antártida"},{"$i":"tzRegion-Asia","$v":"Asia"},{"$i":"tzRegion-Atlantic","$v":"Océano Atlántico"},{"$i":"tzRegion-Australia","$v":"Australia"},{"$i":"tzRegion-Europe","$v":"Europa"},{"$i":"tzRegion-Indian","$v":"Océano Índico"},{"$i":"tzRegion-Pacific","$v":"Océano Pacífico"},{"$i":"close","$v":"Cerrar"},{"$i":"import","$v":"Importar"},{"$i":"update","$v":"Actualizar"},{"$i":"fbFriends","$v":"Amigos FB"},{"$i":"live-serviceName","$v":"Outlook"},{"$i":"gmail-serviceName","$v":"Gmail"},{"$i":"facebook-serviceName","$v":"Amigos FB"},{"$i":"selectAll","$v":"Marcar todo"},{"$i":"deselectAll","$v":"Desmarcar todo"},{"$i":"viewAll","$v":"Ver todos los amigos de Facebook"},{"$i":"viewRecommend","$v":"Ver recomendados sólo"},{"$i":"linkProposal","$v":{"zero":"Sin coincidencias. Mostrando todos sus amigos","one":"Seleccionar la recomendación","two":"Seleccionar una recomendación","few":"Seleccionar una recomendación","many":"Seleccionar una recomendación","other":"Seleccionar una recomendación"},"$x":[{"t":"idOrVar","v":"plural"},"numFriends"]},{"$i":"fbFriendsFound","$v":{"zero":"Se han importado todos sus amigos","one":"Se encontró un amigo que importar","two":["Se encontraron ",{"t":"idOrVar","v":"numFriends"}," amigos que importar"],"few":["Se encontraron ",{"t":"idOrVar","v":"numFriends"}," amigos que importar"],"many":["Se encontraron ",{"t":"idOrVar","v":"numFriends"}," amigos que importar"],"other":["Se encontraron ",{"t":"idOrVar","v":"numFriends"}," amigos que importar"]},"$x":[{"t":"idOrVar","v":"plural"},"numFriends"]},{"$i":"fbNoFriends","$v":"Ningún contacto disponible que importar"},{"$i":"search-contact","placeholder":"Buscar"},{"$i":"noResults","$v":"No se encontraron contactos"},{"$i":"done-search","$v":"Hecho"},{"$i":"progressFB3ImportTitle","$v":"Importando amigos a Contactos"},{"$i":"progressFB","$v":[{"t":"idOrVar","v":"current"},"/",{"t":"idOrVar","v":"total"}]},{"$i":"progressFB3UpdateTitle","$v":"Actualizando amigos en Contactos"},{"$i":"message2","$v":"Tardará un par de minutos"},{"$i":"messageLinking","$v":"Por favor, espere. Estamos vinculando a su amigo con su contacto."},{"$i":"messageCanceling","$v":"Por favor, espere. Estamos cancelando la operación en curso."},{"$i":"error1","$v":["Error ",{"t":"idOrVar","v":"from"}]},{"$i":"error2","$v":"¿Desea intentarlo de nuevo?"},{"$i":"errorProposal","$v":"calculando propuestas"},{"$i":"errorFriends","$v":"recuperando amigos"},{"$i":"errorLinking","$v":"vinculando contacto"},{"$i":"timeout1","$v":["Tiempo de espera superado ",{"t":"idOrVar","v":"from"}]},{"$i":"timeout2","$v":"¿Desea intentarlo de nuevo?"},{"$i":"timeoutProposal","$v":"calculando propuestas"},{"$i":"timeoutFriends","$v":"recuperando amigos"},{"$i":"timeoutLinking","$v":"vinculando contactos"},{"$i":"wait1","$v":"Espere un momento"},{"$i":"wait2","$v":"Tardará un par de minutos"},{"$i":"waitProposal","$v":"Por favor, espere. Estamos calculando una propuesta."},{"$i":"waitFriends","$v":"Por favor, espere. Estamos obteniendo su lista de amigos."},{"$i":"curtainCancel","$v":"Cancelar"},{"$i":"curtainRetry","$v":"Reintentar"},{"$i":"curtainOK","$v":"Aceptar"},{"$i":"connectionLost","$v":"Sin conexión a Internet"},{"$i":"connectionLostMsg","$v":"Las fotos de sus contactos no se agregarán. ¿Desea continuar?"},{"$i":"yesOption","$v":"Aceptar"},{"$i":"noOption","$v":"Cancelar"},{"$i":"friendsUpdated","$v":{"zero":"No se actualizó ningún amigo","one":"Actualizado un amigo","two":["Actualizados ",{"t":"idOrVar","v":"numFriends"}," amigos"],"few":["Actualizados ",{"t":"idOrVar","v":"numFriends"}," amigos"],"many":["Actualizados ",{"t":"idOrVar","v":"numFriends"}," amigos"],"other":["Actualizados ",{"t":"idOrVar","v":"numFriends"}," amigos"]},"$x":[{"t":"idOrVar","v":"plural"},"numFriends"]},{"$i":"friendsMerged","$v":{"zero":"No se combinó ningún contacto duplicado","one":"Se combinó un contacto duplicado","two":["Se combinaron ",{"t":"idOrVar","v":"numDups"}," contactos"],"few":["Se combinaron ",{"t":"idOrVar","v":"numDups"}," contactos"],"many":["Se combinaron ",{"t":"idOrVar","v":"numDups"}," contactos"],"other":["Se combinaron ",{"t":"idOrVar","v":"numDups"}," contactos"]},"$x":[{"t":"idOrVar","v":"plural"},"numDups"]},{"$i":"notificationLogin","$v":"Su sesión de Facebook no es válida. Por favor, identifíquese."},{"$i":"syncError","$v":"Hubo un error al sincronizar los datos de su amigo"}]