[{"$i":"brandShortName","$v":"B2G OS"},{"$i":"browserBrandShortName","$v":"Web Browser"},{"$i":"browserBrandFullName","$v":"Mozilla Web Browser"},{"$i":"ringtoneBrandName","$v":"Default"},{"$i":"ringtoneSectionBrandName","$v":"System"},{"$i":"back","$v":"Atzera"},{"$i":"noSimMsg","$v":"Kontaktuak inportatzeko, sartu edo desblokeatu SIM txartela"},{"$i":"noMemoryCardMsg","$v":"Kontaktuak inportatzeko, sartu memoria-txartela"},{"$i":"importMemoryCard","$v":"Memoria-txartela"},{"$i":"noConnection11","$v":"Facebookeko lagunak edo kontaktuak inportatzeko konektatu Wi-Fira edo datu-sarera"},{"$i":"emptyAccount","$v":"Ez da lagunik edo kontakturik aurkitu kontu honetan."},{"$i":"simContacts-import","$v":"Inportatu SIMeko kontaktuak"},{"$i":"simContacts-importing","$v":"SIMeko kontaktuak inportatzen…"},{"$i":"simContacts-reading","$v":"SIM txarteletik irakurtzen…"},{"$i":"simContacts-error","$v":"Ezin dira kontaktuak inportatu SIMetik"},{"$i":"simContacts-imported3","$v":{"zero":"Ez da inportatzeko kontakturik atzeman SIMean","one":"Kontaktu bat inportatu da","two":[{"t":"idOrVar","v":"n"}," kontaktu inportatu dira"],"few":[{"t":"idOrVar","v":"n"}," kontaktu inportatu dira"],"many":[{"t":"idOrVar","v":"n"}," kontaktu inportatu dira"],"other":[{"t":"idOrVar","v":"n"}," kontaktu inportatu dira"]},"$x":[{"t":"idOrVar","v":"plural"},"n"]},{"$i":"memoryCardContacts-import","$v":"Inportatu kontaktuak memoria-txarteletik"},{"$i":"memoryCardContacts-importing","$v":"Kontaktuak memoria-txarteletik inportatzen…"},{"$i":"memoryCardContacts-reading","$v":"SIM txarteletik irakurtzen…"},{"$i":"memoryCardContacts-error","$v":"Ezin dira kontaktuak inportatu memoria-txarteletik"},{"$i":"memoryCardContacts-imported3","$v":{"zero":"Ez da inportatzeko kontakturik atzeman memoria-txartelean","one":"Kontaktu bat inportatu da","two":[{"t":"idOrVar","v":"n"}," kontaktu inportatu dira"],"few":[{"t":"idOrVar","v":"n"}," kontaktu inportatu dira"],"many":[{"t":"idOrVar","v":"n"}," kontaktu inportatu dira"],"other":[{"t":"idOrVar","v":"n"}," kontaktu inportatu dira"]},"$x":[{"t":"idOrVar","v":"plural"},"n"]},{"$i":"genericProgress","$v":[{"t":"idOrVar","v":"total"},"/",{"t":"idOrVar","v":"current"}]},{"$i":"facebook","$v":"Facebook"},{"$i":"facebook-import-msg2","$v":[{"t":"idOrVar","v":"imported"},"/",{"t":"idOrVar","v":"total"}," lagun inportatu dira"]},{"$i":"contactsMerged","$v":{"zero":"Ez da bikoiztutako kontakturik batu","one":"Bikoiztutako kontaktu bat batu da","two":[{"t":"idOrVar","v":"numDups"}," kontaktu batu dira"],"few":[{"t":"idOrVar","v":"numDups"}," kontaktu batu dira"],"many":[{"t":"idOrVar","v":"numDups"}," kontaktu batu dira"],"other":[{"t":"idOrVar","v":"numDups"}," kontaktu batu dira"]},"$x":[{"t":"idOrVar","v":"plural"},"numDups"]},{"$i":"pincode2","$v":"Sartu PIN kodea"},{"$i":"type_pin","$v":"Sartu zure PIN kodea"},{"$i":"pincodeLabel","$v":[{"t":"idOrVar","v":"n"},". SIMaren PINa"]},{"$i":"pinValidation","$v":"PINak 4 eta 8 karaktere artekoa izan behar du."},{"$i":"pinError","$v":"PINa okerra da."},{"$i":"pinAttemptMsg2","$v":{"one":"Azken aukera daukazu kode zuzena sartzeko SIM txartela blokeatu aurretik.","two":[{"t":"idOrVar","v":"n"}," aukera dauzkazu kode zuzena sartzeko SIM txartela blokeatu aurretik."],"few":[{"t":"idOrVar","v":"n"}," aukera dauzkazu kode zuzena sartzeko SIM txartela blokeatu aurretik."],"many":[{"t":"idOrVar","v":"n"}," aukera dauzkazu kode zuzena sartzeko SIM txartela blokeatu aurretik."],"other":[{"t":"idOrVar","v":"n"}," aukera dauzkazu kode zuzena sartzeko SIM txartela blokeatu aurretik."]},"$x":[{"t":"idOrVar","v":"plural"},"n"]},{"$i":"pinLastChanceMsg","$v":"PIN zuzena sartzeko azken aukera duzu. Bestela, PUK kodea sartu beharko duzu SIM txartel hau erabiltzeko."},{"$i":"pukcode","$v":"Sartu PUK kodea"},{"$i":"pukcodeTitle","$v":["Sartu ",{"t":"idOrVar","v":"n"},". SIM PUKa"]},{"$i":"pukcodeLabel","$v":[{"t":"idOrVar","v":"n"},". SIM PUKa"]},{"$i":"type_puk","$v":"PUK kodea"},{"$i":"pukValidation","$v":"PUK kodeak zehazki 8 karakterekoa izan behar du."},{"$i":"pukInfo","$v":"Personal Unlocking Key (PUK) kodea sartu behar duzu SIM txartel honetarako. Begiratu zure SIM txartelaren dokumentazioa edo jarri harremanetan zure hornitzailearekin informazio gehiagorako."},{"$i":"pukError","$v":"SIM txartelaren PUK kodea (Personal Unlocking Key) sartu behar duzu. Jo ezazu SIM txartelaren dokumentaziora edo jar zaitez harremanetan telefono-konpainiarekin informazio gehiagorako."},{"$i":"pukAttemptMsg2","$v":{"one":"Azken aukera daukazu kode zuzena sartzeko SIM txartela behin-betiko erabilezin geratu aurretik. Begiratu zure SIM txartelaren dokumentazioa edo jarri harremanetan zure hornitzailearekin informazio gehiagorako.","two":[{"t":"idOrVar","v":"n"}," aukera dauzkazu kode zuzena sartzeko SIM txartela behin-betiko erabilezin geratu aurretik. Begiratu zure SIM txartelaren dokumentazioa edo jarri harremanetan zure hornitzailearekin informazio gehiagorako."],"few":[{"t":"idOrVar","v":"n"}," aukera dauzkazu kode zuzena sartzeko SIM txartela behin-betiko erabilezin geratu aurretik. Begiratu zure SIM txartelaren dokumentazioa edo jarri harremanetan zure hornitzailearekin informazio gehiagorako."],"many":[{"t":"idOrVar","v":"n"}," aukera dauzkazu kode zuzena sartzeko SIM txartela behin-betiko erabilezin geratu aurretik. Begiratu zure SIM txartelaren dokumentazioa edo jarri harremanetan zure hornitzailearekin informazio gehiagorako."],"other":[{"t":"idOrVar","v":"n"}," aukera dauzkazu kode zuzena sartzeko SIM txartela behin-betiko erabilezin geratu aurretik. Begiratu zure SIM txartelaren dokumentazioa edo jarri harremanetan zure hornitzailearekin informazio gehiagorako."]},"$x":[{"t":"idOrVar","v":"plural"},"n"]},{"$i":"pukLastChanceMsg","$v":"PUK kode zuzena sartzeko azken aukera duzu. Ezin izango duzu zure SIM txartela berriro erabili PUK kode okerra sartzen baduzu."},{"$i":"create_newpin","$v":"Sortu PIN berria (4 eta 8 digitu artekoa)"},{"$i":"confirm_newpin","$v":"Berretsi PIN berria"},{"$i":"newpinConfirmation","$v":"PINak ez datoz bat."},{"$i":"nckcode","$v":"Sartu NCK kodea"},{"$i":"cckcode","$v":"Sartu CCK kodea"},{"$i":"spckcode","$v":"Sartu SPCK kodea"},{"$i":"nck1code","$v":"Sartu NCK1 kodea"},{"$i":"nck2code","$v":"Sartu NCK2 kodea"},{"$i":"hnckcode","$v":"Sartu HNCK kodea"},{"$i":"rcckcode","$v":"Sartu RCCK kodea"},{"$i":"rspckcode","$v":"Sartu RSPCK kodea"},{"$i":"nckcodeTitle","$v":["Sartu ",{"t":"idOrVar","v":"n"},". SIMaren NCK"]},{"$i":"cckcodeTitle","$v":["Sartu ",{"t":"idOrVar","v":"n"},". SIMaren CCK"]},{"$i":"spckcodeTitle","$v":["Sartu ",{"t":"idOrVar","v":"n"},". SIMaren SPCK"]},{"$i":"nck1codeTitle","$v":["Sartu ",{"t":"idOrVar","v":"n"},". SIMaren NCK1"]},{"$i":"nck2codeTitle","$v":["Sartu ",{"t":"idOrVar","v":"n"},". SIMaren NCK2"]},{"$i":"hnckcodeTitle","$v":["Sartu ",{"t":"idOrVar","v":"n"},". SIMaren HNCK"]},{"$i":"rcckcodeTitle","$v":["Sartu ",{"t":"idOrVar","v":"n"},". SIMaren RCCK"]},{"$i":"rspckcodeTitle","$v":["Sartu ",{"t":"idOrVar","v":"n"},". SIMaren RSPCK"]},{"$i":"nckcodeLabel","$v":[{"t":"idOrVar","v":"n"},". SIMaren NCK"]},{"$i":"cckcodeLabel","$v":[{"t":"idOrVar","v":"n"},". SIMaren CCK"]},{"$i":"spckcodeLabel","$v":[{"t":"idOrVar","v":"n"},". SIMaren SPCK"]},{"$i":"nck1codeLabel","$v":[{"t":"idOrVar","v":"n"},". SIMaren NCK1"]},{"$i":"nck2codeLabel","$v":[{"t":"idOrVar","v":"n"},". SIMaren NCK2"]},{"$i":"hnckcodeLabel","$v":[{"t":"idOrVar","v":"n"},". SIMaren HNCK"]},{"$i":"rcckcodeLabel","$v":[{"t":"idOrVar","v":"n"},". SIMaren RCCK"]},{"$i":"rspckcodeLabel","$v":[{"t":"idOrVar","v":"n"},". SIMaren RSPCK"]},{"$i":"type_nck","$v":"Sartu zure NCK kodea"},{"$i":"type_cck","$v":"Sartu zure CCK kodea"},{"$i":"type_spck","$v":"Sartu zure SPCK kodea"},{"$i":"type_nck1","$v":"Sartu zure NCK1 kodea"},{"$i":"type_nck2","$v":"Sartu zure NCK2 kodea"},{"$i":"type_hnck","$v":"Sartu zure HNCK kodea"},{"$i":"type_rcck","$v":"Sartu zure RCCK kodea"},{"$i":"type_rspck","$v":"Sartu zure RSPCK kodea"},{"$i":"nckValidation","$v":"NCKak 8 eta 16 karaktere artekoa izan behar du."},{"$i":"cckValidation","$v":"CCKak 8 eta 16 karaktere artekoa izan behar du."},{"$i":"spckValidation","$v":"SPCKak 8 eta 16 karaktere artekoa izan behar du."},{"$i":"nck1Validation","$v":"NCK1ak 8 eta 16 karaktere artekoa izan behar du."},{"$i":"nck2Validation","$v":"NCK2ak 8 eta 16 karaktere artekoa izan behar du."},{"$i":"hnckValidation","$v":"HNCKak 8 eta 16 karaktere artekoa izan behar du."},{"$i":"rcckValidation","$v":"RCCKak 8 eta 16 karaktere artekoa izan behar du."},{"$i":"rspckValidation","$v":"RSPCKak 8 eta 16 karaktere artekoa izan behar du."},{"$i":"nckErrorMsg","$v":"NCK kodea okerra da."},{"$i":"nckAttemptMsg2","$v":{"one":"Sare-despertsonalizaziorako eskaeraren hutsegitea. Azken aukera daukazu kode zuzena sartzeko. Begiratu zure gailuaren dokumentazioa edo jarri harremanetan zure hornitzailearekin informazio gehiagorako.","two":["Sare-despertsonalizaziorako eskaeraren hutsegitea. ",{"t":"idOrVar","v":"n"}," aukera dauzkazu kode zuzena sartzeko. Begiratu zure gailuaren dokumentazioa edo jarri harremanetan zure hornitzailearekin informazio gehiagorako."],"few":["Sare-despertsonalizaziorako eskaeraren hutsegitea. ",{"t":"idOrVar","v":"n"}," aukera dauzkazu kode zuzena sartzeko. Begiratu zure gailuaren dokumentazioa edo jarri harremanetan zure hornitzailearekin informazio gehiagorako."],"many":["Sare-despertsonalizaziorako eskaeraren hutsegitea. ",{"t":"idOrVar","v":"n"}," aukera dauzkazu kode zuzena sartzeko. Begiratu zure gailuaren dokumentazioa edo jarri harremanetan zure hornitzailearekin informazio gehiagorako."],"other":["Sare-despertsonalizaziorako eskaeraren hutsegitea. ",{"t":"idOrVar","v":"n"}," aukera dauzkazu kode zuzena sartzeko. Begiratu zure gailuaren dokumentazioa edo jarri harremanetan zure hornitzailearekin informazio gehiagorako."]},"$x":[{"t":"idOrVar","v":"plural"},"n"]},{"$i":"nckLastChanceMsg","$v":"Sare-despertsonalizaziorako eskaeraren hutsegitea. NCK kode zuzena sartzeko azken aukera. Begiratu zure gailuaren dokumentazioa edo jarri harremanetan zure hornitzailearekin informazio gehiagorako."},{"$i":"skip","$v":"Saltatu"},{"$i":"send","$v":"Bidali"},{"$i":"ok","$v":"Ados"},{"$i":"simLocked","$v":"SIM txartela blokeatuta dago"},{"$i":"inputCodeRetriesLeft","$v":{"one":"Azken aukera.","two":[{"t":"idOrVar","v":"n"}," aukera falta dira."],"few":[{"t":"idOrVar","v":"n"}," aukera falta dira."],"many":[{"t":"idOrVar","v":"n"}," aukera falta dira."],"other":[{"t":"idOrVar","v":"n"}," aukera falta dira."]},"$x":[{"t":"idOrVar","v":"plural"},"n"]},{"$i":"simManager","$v":"SIM kudeatzailea"},{"$i":"simDetail","$v":[{"t":"idOrVar","v":"n"},". SIMa"]},{"$i":"simDefault","$v":"(lehenetsia)"},{"$i":"simDefaultMessage","$v":"Irteerako deiak, mezuak eta datu-konexioa 1. SIMari daude ezarrita lehenespenez"},{"$i":"simSettingsMessage","$v":"Ezarpen lehenetsiak Ezarpenak > SIM kudeatzailean alda ditzakezu"},{"$i":"simPinLocked","$v":"SIMaren PINa blokeatuta"},{"$i":"noOperator","$v":"Operatzailerik ez"},{"$i":"searchingOperator","$v":"Bilatzen"},{"$i":"language","$v":"Hizkuntza"},{"$i":"3g","$v":"Mugikorreko datuak"},{"$i":"dataConnection","$v":"Gaitu datuak"},{"$i":"dataConnectionInfo","$v":"Datu-konexioa gaituta zure telefonoa WiFi konexiorik gabe konfiguratu ahal izango duzu. Geroago ere gai dezakezu ezarpenetan. Ziurtatu zure hornitzailearekin datu-plan bat duzula, gerta daitezkeen ordainketa handiak saihesteko."},{"$i":"caution","$v":"Abisua"},{"$i":"geolocation","$v":"Geokokapena"},{"$i":"geolocationCheckbox","$v":"Gaitu geokokapena"},{"$i":"geolocationInfo2","$v":["GPSaren, Wi-Fiaren eta zure inguruko sare mugikorren datuak erabiltzen ditu ",{"t":"idOrVar","v":"brandShortName"},"(e)k zure gutxi gorabeherako kokapena zehazteko."]},{"$i":"geolocationInfoMore","$v":"Datuak Mozillari eta beste zerbitzu-hornitzaile batzuei bidaltzen zaizkie eta, denak bilduta, kokapen-datubaseak hobetzeko erabiltzen dira.  Datuak zure gailuan gorde daitezke eta datuen biltzea aplikaziorik exekutatzen ez dagoenean ere gerta daiteke."},{"$i":"notice","$v":"Oharra"},{"$i":"aboutYourPrivacy","$v":"Gehiago zure pribatutasunari buruz"},{"$i":"scanningNetworks","$v":"Sareak bilatzen"},{"$i":"selectNetwork","$v":"Hautatu sarea"},{"$i":"shortStatus-connecting","$v":"Konektatzen…"},{"$i":"shortStatus-associated","$v":"IP helbidea eskuratzen…"},{"$i":"shortStatus-connected","$v":"Konektatuta"},{"$i":"shortStatus-connectingfailed","$v":"Konexioak huts egin du"},{"$i":"shortStatus-disconnected","$v":"Lineaz kanpo"},{"$i":"securedBy","$v":["babesa: ",{"t":"idOrVar","v":"capabilities"}]},{"$i":"security","$v":"Segurtasuna"},{"$i":"securityNone","$v":"Bat ere ez"},{"$i":"securityWEP","$v":"WEP"},{"$i":"securityWPA-PSK","$v":"WPA-PSK"},{"$i":"securityWPA-EAP","$v":"WPA-EAP"},{"$i":"securityOpen","$v":"Irekia","ariaLabel":"Segurtasuna"},{"$i":"identity","$v":"Erabiltzailea"},{"$i":"identityInput","placeholder":"Erabiltzailea"},{"$i":"password","$v":"Pasahitza"},{"$i":"passwordInput","placeholder":"Pasahitza"},{"$i":"showPassword","$v":"Erakutsi pasahitza"},{"$i":"refresh","$v":"Freskatu"},{"$i":"noWifiFound3","$v":"Ez da haririk gabeko sarerik aurkitu"},{"$i":"join-hidden-button","$v":"Batu sare ezkutura"},{"$i":"authentication","$v":"Autentifikazioa"},{"$i":"ssid-name","$v":"SSID sarearen izena"},{"$i":"wifiLevel","ariaLabel":["4 barratik ",{"t":"idOrVar","v":"level"}]},{"$i":"networksList","ariaLabel":"Sareak aurkitu dira"},{"$i":"dateAndTime","$v":"Data eta ordua"},{"$i":"timezoneTitle","$v":["UTC",{"t":"idOrVar","v":"utcOffset"}," ",{"t":"idOrVar","v":"region"},"/",{"t":"idOrVar","v":"city"}]},{"$i":"timeZone","$v":"Ordu-zona"},{"$i":"change","$v":"Aldatu"},{"$i":"region","ariaLabel":"Eskualdea"},{"$i":"city","ariaLabel":"Hiria"},{"$i":"date","ariaLabel":"Data"},{"$i":"time","ariaLabel":"Ordua"},{"$i":"importContacts3","$v":"Inportatu kontaktuak"},{"$i":"importSim2","$v":"SIM txartela"},{"$i":"importFb2","$v":"Facebook"},{"$i":"importOutlook","$v":"Outlook"},{"$i":"importGmail","$v":"Gmail"},{"$i":"fb-checking","$v":"… egiaztatzen"},{"$i":"notImportedYet","$v":"Oraindik inportatu gabe"},{"$i":"otherAccount","$v":"Bestelako kontuak"},{"$i":"afterFbImport","$v":"Noiznahi inporta eta edita ditzakezu Facebookeko lagunak kontaktuen ezarpenetan"},{"$i":"firefox-accounts","$v":"Firefox kontuak"},{"$i":"fxa-upsell","innerHTML":"Firefox kontu bat edukiz gero, galdutako telefonoa berreskura dezakezu eta aplikazioak eros ditzakezu Firefox Marketplace-n."},{"$i":"fxa-create-account-or-sign-in","$v":"Sortu kontua edo hasi saioa"},{"$i":"fxa-email-sent","$v":["Egiaztapen-lotura bidali da ",{"t":"idOrVar","v":"email"}," helbidera"]},{"$i":"fxa-signed-in","$v":[{"t":"idOrVar","v":"email"}," gisa saioa hasita"]},{"$i":"about-your-rights-0","$v":[{"t":"idOrVar","v":"brandShortName"}," mundu osoko milaka lagunen komunitate batek sortutako software libe eta irekiaren gainean eraiki da. Hiruzpalau gauza ezagutu beharko zenituzke:"]},{"$i":"about-your-rights-1","$v":[{"t":"idOrVar","v":"brandShortName"}," kode irekiko zenbait lizentziaren terminoak jarraituz argitaratu da, horien artean Mozilla Public License lizentziarenak. ",{"t":"idOrVar","v":"brandShortName"}," darabilen gailu batek hirugarrenek sortutako software jabeduna ere eduki dezake. Lizentzia irekiak jarraituz argitaratutako edozein kode alda dezakezu, eta aldatutako bertsioak bana ditzakezu, betiere jatorrizko lizentziaren terminoak betez."]},{"$i":"about-your-rights-2","$v":["Ez zaizu ematen Mozilla Fundazioaren edo beste inoren erregistratutako marken eskubiderik ezta hauen gaineko lizentziarik ere, ",{"t":"idOrVar","v":"brandShortName"}," izena edo logoak barne."]},{"$i":"about-your-rights-3","$v":[{"t":"idOrVar","v":"brandShortName"}," baitako zenbait eginbidek, esaterako hutsegite-txostenek, Mozillari zure iritziak bidaltzeko aukera ematen dute. Iritziak bidaltzea aukeratzen bazuzu, iritzi horiek erabiltzeko baimena ematen diozu Mozillari, bai produktuak hobetzeko, iritziak bere webguneetan argitaratzeko zein iritziok birbanatzeko."]},{"$i":"about-other","$v":"Bestelakoa"},{"$i":"SIM_mandatory","$v":"SIM txartelaren abisua"},{"$i":"SIM_mandatory_warm","$v":"Sartu SIM txartela eta berrabiarazi zure telefonoa mesedez."},{"$i":"telemetry-sends2","$v":["Telemetry aukerak zure ",{"t":"idOrVar","v":"brandShortName"}," gailuaren performatziari, hardwareari, konfigurazioei, pertsonalizazioei eta aplikazioen erabilerari buruzko datuak bidaltzen dizkio Mozillari. Gure produktuak hobetzeko eta azkartzeko erabiltzen ditugu datuok."]},{"$i":"learn-more-telemetry2","innerHTML":["Gehiago hemen: <a href=\"",{"t":"idOrVar","v":"href"},"\" class=\"",{"t":"idOrVar","v":"className"},"\">",{"t":"idOrVar","v":"textContent"},"</a>"]},{"$i":"learn-more-information2","innerHTML":["Ikasi Mozillak nola maneiatzen duen zure informazioa hemen: <a href=\"",{"t":"idOrVar","v":"href"},"\" class=\"",{"t":"idOrVar","v":"className"},"\">",{"t":"idOrVar","v":"textContent"},"</a>"]},{"$i":"htmlWelcome2","innerHTML":["Ongi etorri Mozillaren sistema eragile ireki eta askea den <a href=\"",{"t":"idOrVar","v":"href"},"\" class=\"",{"t":"idOrVar","v":"className"},"\">",{"t":"idOrVar","v":"textContent"},"</a> sistemara. Gure misioa irekitasuna, berrikuntza eta aukerak sustatzea da, eta horretarako webaren boterea zure eskuetan mantenduko dugu."]},{"$i":"htmlWelcome-link","$v":[{"t":"idOrVar","v":"brandShortName"}]},{"$i":"helpImprove2","innerHTML":["Gure produktuak eta zerbitzuak hobetzen lagun gaitzakezu zure analisi-datuak automatikoki bidalita. Ikusi gure <a href=\"",{"t":"idOrVar","v":"href"},"\" class=\"",{"t":"idOrVar","v":"className"},"\">",{"t":"idOrVar","v":"textContent"},"</a> zure gailuaren datuak nola erabiltzen ditugun jakiteko."]},{"$i":"helpImprove-link","$v":"Pribatutasun-oharra"},{"$i":"learn-more-privacy2","innerHTML":["Ezagutu Mozillak nola darabilen zure informazioa gure <a href=\"",{"t":"idOrVar","v":"href"},"\" class=\"",{"t":"idOrVar","v":"className"},"\">",{"t":"idOrVar","v":"textContent"},"</a> helbidean."]},{"$i":"learn-more-privacy-link","$v":"pribatutasun-politika"},{"$i":"aboutBrowser","$v":[{"t":"idOrVar","v":"brandShortName"},"(r)i buruz"]},{"$i":"aboutYourPrivacy2","$v":"Zure pribatutasuna"},{"$i":"mozillaCommunity2","$v":[{"t":"idOrVar","v":"brandShortName"}," erabiltzen duzunean, webarentzat etorkizun argiagoa eraikitzen laguntzen duen komunitate globalaren parte bihurtzen zara. Mozilla komunitatearen edo gure beste produktu eta zure gertuko gertaeren inguruan gehiago jakin nahi baduzu, sartu zure helbide elektronikoa azpian."]},{"$i":"sharePerformanceAndUsageData2","$v":"Bai! Bidali datuak."},{"$i":"emailAddress","placeholder":"Helbide elektronikoa"},{"$i":"email-successfully-added","$v":"Helbide elektronikoa ondo gehitu da"},{"$i":"email-loading","$v":"Zure helbide elektronikoa gordetzen…"},{"$i":"privacy-b2g","$v":[{"t":"idOrVar","v":"brandShortName"}],"title":[{"t":"idOrVar","v":"brandShortName"}]},{"$i":"privacy-marketplace","$v":"Marketplace","title":[{"t":"idOrVar","v":"privacy-marketplace"}]},{"$i":"privacy-eme","$v":"EverythingMe"},{"$i":"privacy-e-me","title":[{"t":"idOrVar","v":"privacy-e-me"}]},{"$i":"navbar-back","$v":"Atzera"},{"$i":"navbar-next","$v":"Hurrengoa"},{"$i":"navbar-join","$v":"Batu"},{"$i":"done","$v":"Eginda"},{"$i":"thatsIt","$v":"Horixe da dena!"},{"$i":"startYourPhone","$v":"Hasi telefonoaren itzulia!"},{"$i":"startYourTablet","$v":"Hasi tabletaren itzulia!"},{"$i":"joinTutorial","$v":"Etor zaitez gurekin zure telefono berriaren inguruko itzuli azkar baterako."},{"$i":"joinTutorialUpdated","$v":"Etor zaitez gurekin zure telefonoaren eguneraketen inguruko itzuli azkar baterako."},{"$i":"enjoyYourPhone","$v":"Zure telefono berriaz gozatzeko prest zaude."},{"$i":"enjoyYourPhoneUpdated","$v":"Zure telefono eguneratuaz gozatzeko prest zaude."},{"$i":"optionsAvailable","$v":"Hizkuntza, data eta ordua eta Wi-Fi konexioa ezarpenetan alda ditzakezu."},{"$i":"letsGo","$v":"Goazen!"},{"$i":"startTour","$v":"Hasi itzulia"},{"$i":"thatsIt1Tablet-2","$v":"Beheko ertzetik hatza pasa dezakezu hasierako pantailan sartzeko."},{"$i":"thatsIt2Tablet-2","$v":"Egin dezagun!"},{"$i":"tutorial","$v":"Tutoretza"},{"$i":"tutorial-step1-large-3","$v":"Pasatu hatza goitik behera azken jakinarazpenak, erabilera-informazioa eta ezarpenak ikusteko."},{"$i":"tutorial-step2-large-2","$v":"Pasatu hatza ezkerrera edo eskuinera hasierako pantailan aplikazio berriak deskubritzeko."},{"$i":"tutorial-step3-large-2","$v":"Sakatu eta eutsi ikonoak haiek ezabatu edo lekuz aldatzeko."},{"$i":"tutorial-step4-large-2","$v":"Pasatu bi hatz beheko ertzetik gora txartel-ikuspegia abiarazteko."},{"$i":"tutorial-vertical-scroll-v2-tiny","$v":"Pasatu hatza gora eta behera zure aplikazio eta laster-markak arakatzeko. Mantendu ikonoak sakatuta haiek ezabatzeko, mugitzeko edo editatzeko."},{"$i":"tutorial-notifications-v2-tiny","$v":"Pasatu hatza goitik behera azken jakinarazpenak, erabilera-informazioa eta ezarpenak ikusteko."},{"$i":"tutorial-sheets-tiny","$v":"Erabilitako azken aplikazioetara itzultzeko, arrastatu pantailaren ezkerreko ertzetik."},{"$i":"tutorial-rocketbar-tiny","$v":"Sakatu bilaketa-kutxan bilaketa bat abiarazteko edo webgune batera joateko."},{"$i":"tutorial-bookmarks-migration-tiny","$v":"Zure laster-markak hasierako pantailara eraman dira. Editatzean, sakatu laster-marka bat hura editatu edo berrizendatzeko."},{"$i":"tutorial-app-grouping-tiny","$v":"Sakatu aplikazio taldeak zabaldu eta tolesteko. Arrastatu aplikazio bat espazio berri batera talde bat sortzeko."},{"$i":"offline-dialog-title","$v":"Internetera konektatuta egon behar duzu orria ikusteko."},{"$i":"offline-dialog-text","$v":["Joan atzera eta konektatu Internetera. Orria geroago ere ikus dezakezu ezarpenetatik edo edozein nabigatzailetan ",{"t":"idOrVar","v":"url"}," sartuz."]},{"$i":"OK","$v":"Ados"},{"$i":"offline-newsletter-dialog-title","$v":"Internetera konektatuta egon behar duzu berripaperera harpidetzeko."},{"$i":"offline-newsletter-dialog-text","$v":"Joan atzera eta konektatu Internetera."},{"$i":"invalid-email-dialog-title","$v":"Zure helbide elektronikoa ez da baliozkoa"},{"$i":"invalid-email-dialog-text","$v":"Joan atzera eta zuzendu zure sarrera."},{"$i":"retry","$v":"Saiatu berriro"},{"$i":"cancel","$v":"Utzi"},{"$i":"progressbar","$v":[{"t":"idOrVar","v":"total"},"/",{"t":"idOrVar","v":"step"},". urratsa"],"ariaLabel":"Lehen esperientzia"},{"$i":"weekday-0-long","$v":"Igandea"},{"$i":"weekday-1-long","$v":"Astelehena"},{"$i":"weekday-2-long","$v":"Asteartea"},{"$i":"weekday-3-long","$v":"Asteazkena"},{"$i":"weekday-4-long","$v":"Osteguna"},{"$i":"weekday-5-long","$v":"Ostirala"},{"$i":"weekday-6-long","$v":"Larunbata"},{"$i":"weekday-0-short","$v":"Ig."},{"$i":"weekday-1-short","$v":"Al."},{"$i":"weekday-2-short","$v":"Ar."},{"$i":"weekday-3-short","$v":"Az."},{"$i":"weekday-4-short","$v":"Og."},{"$i":"weekday-5-short","$v":"Or."},{"$i":"weekday-6-short","$v":"Lr."},{"$i":"month-0-long","$v":"Urtarrila"},{"$i":"month-1-long","$v":"Otsaila"},{"$i":"month-2-long","$v":"Martxoa"},{"$i":"month-3-long","$v":"Apirila"},{"$i":"month-4-long","$v":"Maiatza"},{"$i":"month-5-long","$v":"Ekaina"},{"$i":"month-6-long","$v":"Uztaila"},{"$i":"month-7-long","$v":"Abuztua"},{"$i":"month-8-long","$v":"Iraila"},{"$i":"month-9-long","$v":"Urria"},{"$i":"month-10-long","$v":"Azaroa"},{"$i":"month-11-long","$v":"Abendua"},{"$i":"month-0-genitive","$v":"Urtarrilaren"},{"$i":"month-1-genitive","$v":"Otsailaren"},{"$i":"month-2-genitive","$v":"Martxoaren"},{"$i":"month-3-genitive","$v":"Apirilaren"},{"$i":"month-4-genitive","$v":"Maiatzaren"},{"$i":"month-5-genitive","$v":"Ekainaren"},{"$i":"month-6-genitive","$v":"Uztailaren"},{"$i":"month-7-genitive","$v":"Abuztuaren"},{"$i":"month-8-genitive","$v":"Irailaren"},{"$i":"month-9-genitive","$v":"Urriaren"},{"$i":"month-10-genitive","$v":"Azaroaren"},{"$i":"month-11-genitive","$v":"Abenduaren"},{"$i":"month-0-short","$v":"urt."},{"$i":"month-1-short","$v":"ots."},{"$i":"month-2-short","$v":"mar."},{"$i":"month-3-short","$v":"api."},{"$i":"month-4-short","$v":"mai."},{"$i":"month-5-short","$v":"eka."},{"$i":"month-6-short","$v":"uzt."},{"$i":"month-7-short","$v":"abu."},{"$i":"month-8-short","$v":"ira."},{"$i":"month-9-short","$v":"urr."},{"$i":"month-10-short","$v":"aza."},{"$i":"month-11-short","$v":"abe."},{"$i":"minutes-ago-long","$v":{"zero":"orain","one":"duela minutu bat","two":["duela ",{"t":"idOrVar","v":"value"}," minutu"],"few":["duela ",{"t":"idOrVar","v":"value"}," minutu"],"many":["duela ",{"t":"idOrVar","v":"value"}," minutu"],"other":["duela ",{"t":"idOrVar","v":"value"}," minutu"]},"$x":[{"t":"idOrVar","v":"plural"},"value"]},{"$i":"hours-ago-long","$v":{"zero":"orain","one":"duela ordubete","two":["duela ",{"t":"idOrVar","v":"value"}," ordu"],"few":["duela ",{"t":"idOrVar","v":"value"}," ordu"],"many":["duela ",{"t":"idOrVar","v":"value"}," ordu"],"other":["duela ",{"t":"idOrVar","v":"value"}," ordu"]},"$x":[{"t":"idOrVar","v":"plural"},"value"]},{"$i":"days-ago-long","$v":{"zero":"gaur","one":"atzo","two":"herenegun","few":["duela ",{"t":"idOrVar","v":"value"}," egun"],"many":["duela ",{"t":"idOrVar","v":"value"}," egun"],"other":["duela ",{"t":"idOrVar","v":"value"}," egun"]},"$x":[{"t":"idOrVar","v":"plural"},"value"]},{"$i":"weeks-ago-long","$v":{"zero":"aste honetan","one":"azken astean","two":["duela ",{"t":"idOrVar","v":"value"}," aste"],"few":["duela ",{"t":"idOrVar","v":"value"}," aste"],"many":["duela ",{"t":"idOrVar","v":"value"}," aste"],"other":["duela ",{"t":"idOrVar","v":"value"}," aste"]},"$x":[{"t":"idOrVar","v":"plural"},"value"]},{"$i":"months-ago-long","$v":{"zero":"hilabete honetan","one":"azken hilabetean","two":["duela ",{"t":"idOrVar","v":"value"}," hilabete"],"few":["duela ",{"t":"idOrVar","v":"value"}," hilabete"],"many":["duela ",{"t":"idOrVar","v":"value"}," hilabete"],"other":["duela ",{"t":"idOrVar","v":"value"}," hilabete"]},"$x":[{"t":"idOrVar","v":"plural"},"value"]},{"$i":"years-ago-long","$v":{"zero":"aurten","one":"iaz","two":["duela ",{"t":"idOrVar","v":"value"}," urte"],"few":["duela ",{"t":"idOrVar","v":"value"}," urte"],"many":["duela ",{"t":"idOrVar","v":"value"}," urte"],"other":["duela ",{"t":"idOrVar","v":"value"}," urte"]},"$x":[{"t":"idOrVar","v":"plural"},"value"]},{"$i":"minutes-until-long","$v":{"zero":"orain","one":"minutu barru","two":[{"t":"idOrVar","v":"value"}," minutu barru"],"few":[{"t":"idOrVar","v":"value"}," minutu barru"],"many":[{"t":"idOrVar","v":"value"}," minutu barru"],"other":[{"t":"idOrVar","v":"value"}," minutu barru"]},"$x":[{"t":"idOrVar","v":"plural"},"value"]},{"$i":"hours-until-long","$v":{"zero":"orain","one":"ordubete barru","two":[{"t":"idOrVar","v":"value"}," ordu barru"],"few":[{"t":"idOrVar","v":"value"}," ordu barru"],"many":[{"t":"idOrVar","v":"value"}," ordu barru"],"other":[{"t":"idOrVar","v":"value"}," ordu barru"]},"$x":[{"t":"idOrVar","v":"plural"},"value"]},{"$i":"days-until-long","$v":{"zero":"gaur","one":"bihar","two":"etzi","few":[{"t":"idOrVar","v":"value"}," egun barru"],"many":[{"t":"idOrVar","v":"value"}," egun barru"],"other":[{"t":"idOrVar","v":"value"}," egun barru"]},"$x":[{"t":"idOrVar","v":"plural"},"value"]},{"$i":"weeks-until-long","$v":{"zero":"aste honetan","one":"hurrengo astean","two":[{"t":"idOrVar","v":"value"}," aste barru"],"few":[{"t":"idOrVar","v":"value"}," aste barru"],"many":[{"t":"idOrVar","v":"value"}," aste barru"],"other":[{"t":"idOrVar","v":"value"}," aste barru"]},"$x":[{"t":"idOrVar","v":"plural"},"value"]},{"$i":"months-until-long","$v":{"zero":"hil honetan","one":"hurrengo hilean","two":[{"t":"idOrVar","v":"value"}," hilabete barru"],"few":[{"t":"idOrVar","v":"value"}," hilabete barru"],"many":[{"t":"idOrVar","v":"value"}," hilabete barru"],"other":[{"t":"idOrVar","v":"value"}," hilabete barru"]},"$x":[{"t":"idOrVar","v":"plural"},"value"]},{"$i":"years-until-long","$v":{"zero":"aurten","one":"hurrengo urtean","two":[{"t":"idOrVar","v":"value"}," urte barru"],"few":[{"t":"idOrVar","v":"value"}," urte barru"],"many":[{"t":"idOrVar","v":"value"}," urte barru"],"other":[{"t":"idOrVar","v":"value"}," urte barru"]},"$x":[{"t":"idOrVar","v":"plural"},"value"]},{"$i":"minutes-ago-short","$v":{"zero":"orain","other":["duela ",{"t":"idOrVar","v":"value"},"m"]},"$x":[{"t":"idOrVar","v":"plural"},"value"]},{"$i":"hours-ago-short","$v":{"zero":"orain","other":["duela ",{"t":"idOrVar","v":"value"},"h"]},"$x":[{"t":"idOrVar","v":"plural"},"value"]},{"$i":"days-ago-short","$v":{"zero":"gaur","other":["duela ",{"t":"idOrVar","v":"value"},"eg."]},"$x":[{"t":"idOrVar","v":"plural"},"value"]},{"$i":"minutes-until-short","$v":{"zero":"orain","other":[{"t":"idOrVar","v":"value"},"m barru"]},"$x":[{"t":"idOrVar","v":"plural"},"value"]},{"$i":"hours-until-short","$v":{"zero":"orain","other":[{"t":"idOrVar","v":"value"},"h barru"]},"$x":[{"t":"idOrVar","v":"plural"},"value"]},{"$i":"days-until-short","$v":{"zero":"gaur","other":[{"t":"idOrVar","v":"value"},"eg. barru"]},"$x":[{"t":"idOrVar","v":"plural"},"value"]},{"$i":"incorrectDate","$v":"(data okerra)"},{"$i":"dateTimeFormat_%c","$v":"%a, %Y.eko %Bren %ea %H:%M:%S"},{"$i":"dateTimeFormat_%x","$v":"%Y/%m/%d"},{"$i":"dateTimeFormat_%X","$v":"%H:%M:%S"},{"$i":"shortTimeFormat","$v":"%I:%M %p"},{"$i":"shortTimeFormat12","$v":"%I:%M %p"},{"$i":"shortTimeFormat24","$v":"%H:%M"},{"$i":"shortDateTimeFormat","$v":"%x %H:%M"},{"$i":"weekStartsOnMonday","$v":"1"},{"$i":"firstDayOfTheWeek","$v":"1"},{"$i":"time_am","$v":"AM"},{"$i":"time_pm","$v":"PM"},{"$i":"tz-region","$v":"Eskualdea"},{"$i":"tz-city","$v":"Hiria"},{"$i":"tzRegion-Africa","$v":"Afrika"},{"$i":"tzRegion-America","$v":"Amerika"},{"$i":"tzRegion-Antarctica","$v":"Antartika"},{"$i":"tzRegion-Asia","$v":"Asia"},{"$i":"tzRegion-Atlantic","$v":"Ozeano Atlantikoa"},{"$i":"tzRegion-Australia","$v":"Australia"},{"$i":"tzRegion-Europe","$v":"Europa"},{"$i":"tzRegion-Indian","$v":"Ozeano Indikoa"},{"$i":"tzRegion-Pacific","$v":"Ozeano Barea"},{"$i":"close","$v":"Itxi"},{"$i":"import","$v":"Inportatu"},{"$i":"update","$v":"Eguneratu"},{"$i":"fbFriends","$v":"FBeko lagunak"},{"$i":"live-serviceName","$v":"Outlook"},{"$i":"gmail-serviceName","$v":"Gmail"},{"$i":"facebook-serviceName","$v":"FBeko lagunak"},{"$i":"selectAll","$v":"Hautatu denak"},{"$i":"deselectAll","$v":"Desautatu denak"},{"$i":"viewAll","$v":"Ikusi Facebookeko lagun guztiak"},{"$i":"viewRecommend","$v":"Ikusi gomendatutakoak soilik"},{"$i":"linkProposal","$v":{"zero":"Bat datorren lagunik ez. Denak erakusten","one":"Hautatu gomendatutakoa","two":"Hautatu bat gomendatutakoen artetik","few":"Hautatu bat gomendatutakoen artetik","many":"Hautatu bat gomendatutakoen artetik","other":"Hautatu bat gomendatutakoen artetik"},"$x":[{"t":"idOrVar","v":"plural"},"numFriends"]},{"$i":"fbFriendsFound","$v":{"zero":"Zure lagun guztiak inportatuta daude","one":"Inportatzeko lagun bat aurkitu da","two":["Inportatzeko ",{"t":"idOrVar","v":"numFriends"}," lagun aurkitu dira"],"few":["Inportatzeko ",{"t":"idOrVar","v":"numFriends"}," lagun aurkitu dira"],"many":["Inportatzeko ",{"t":"idOrVar","v":"numFriends"}," lagun aurkitu dira"],"other":["Inportatzeko ",{"t":"idOrVar","v":"numFriends"}," lagun aurkitu dira"]},"$x":[{"t":"idOrVar","v":"plural"},"numFriends"]},{"$i":"fbNoFriends","$v":"Ez dago kontakturik inportatzeko"},{"$i":"search-contact","placeholder":"Bilatu"},{"$i":"noResults","$v":"Ez da kontakturik aurkitu."},{"$i":"done-search","$v":"Eginda"},{"$i":"progressFB3ImportTitle","$v":"Lagunak kontaktuetara inportatzen"},{"$i":"progressFB","$v":[{"t":"idOrVar","v":"total"},"/",{"t":"idOrVar","v":"current"}]},{"$i":"progressFB3UpdateTitle","$v":"Lagunak kontaktuetan eguneratzen"},{"$i":"message2","$v":"Pare bat minutu har ditzake"},{"$i":"messageLinking","$v":"Itxaron mesedez. Zure laguna eta kontaktua lotzen ari gara."},{"$i":"messageCanceling","$v":"Itxaron mesedez. Martxan dagoen eragiketa uzten ari gara."},{"$i":"error1","$v":["Errorea ",{"t":"idOrVar","v":"from"}]},{"$i":"error2","$v":"Berriro saiatu nahi duzu?"},{"$i":"errorProposal","$v":"proposamendak kalkulatzen"},{"$i":"errorFriends","$v":"lagunak eskuratzen"},{"$i":"errorLinking","$v":"kontaktua lotzen"},{"$i":"timeout1","$v":["Denbora-muga gainditu da ",{"t":"idOrVar","v":"from"}]},{"$i":"timeout2","$v":"Berriro saiatu nahi duzu?"},{"$i":"timeoutProposal","$v":"proposamenak kalkulatzen"},{"$i":"timeoutFriends","$v":"lagunak eskuratzen"},{"$i":"timeoutLinking","$v":"kontaktuak lotzen"},{"$i":"wait1","$v":"Itxaron mesedez"},{"$i":"wait2","$v":"Pare bat minutu har ditzake"},{"$i":"waitProposal","$v":"Itxaron mesedez. Proposamena kalkulatzen ari gara."},{"$i":"waitFriends","$v":"Itxaron mesedez. Zure lagunen zerrenda eskuratzeko konektatzen ari gara."},{"$i":"curtainCancel","$v":"Utzi"},{"$i":"curtainRetry","$v":"Saiatu berriro"},{"$i":"curtainOK","$v":"Ados"},{"$i":"connectionLost","$v":"Interneteko konexiorik ez"},{"$i":"connectionLostMsg","$v":"Lagunen argazkiak ez dira gehituko zure kontaktuetara. Jarraitu halere?"},{"$i":"yesOption","$v":"Ados"},{"$i":"noOption","$v":"Utzi"},{"$i":"friendsUpdated","$v":{"zero":"Ez da lagunik eguneratu","one":"Lagun bat eguneratu da","two":[{"t":"idOrVar","v":"numFriends"}," lagun eguneratu dira"],"few":[{"t":"idOrVar","v":"numFriends"}," lagun eguneratu dira"],"many":[{"t":"idOrVar","v":"numFriends"}," lagun eguneratu dira"],"other":[{"t":"idOrVar","v":"numFriends"}," lagun eguneratu dira"]},"$x":[{"t":"idOrVar","v":"plural"},"numFriends"]},{"$i":"friendsMerged","$v":{"zero":"Ez da bikoiztutako lagunik batu","one":"Bikoiztutako lagun bat batu da","two":[{"t":"idOrVar","v":"numDups"}," lagun batu dira"],"few":[{"t":"idOrVar","v":"numDups"}," lagun batu dira"],"many":[{"t":"idOrVar","v":"numDups"}," lagun batu dira"],"other":[{"t":"idOrVar","v":"numDups"}," lagun batu dira"]},"$x":[{"t":"idOrVar","v":"plural"},"numDups"]},{"$i":"notificationLogin","$v":"Zure Facebook saioa baliogabea da. Hasi saioa mesedez."},{"$i":"syncError","$v":"Errorea gertatu da zure lagunen datuak sinkronizatzean"}]