[{"$i":"brandShortName","$v":"B2G OS"},{"$i":"browserBrandShortName","$v":"Web Browser"},{"$i":"browserBrandFullName","$v":"Mozilla Web Browser"},{"$i":"ringtoneBrandName","$v":"Default"},{"$i":"ringtoneSectionBrandName","$v":"System"},{"$i":"back","$v":"Atrás"},{"$i":"noSimMsg","$v":"Para importar os contactos, insira ou desbloquee a súa tarxeta SIM"},{"$i":"noMemoryCardMsg","$v":"Para importar contactos insira unha tarxeta de memoria"},{"$i":"importMemoryCard","$v":"Tarxeta de memoria"},{"$i":"noConnection11","$v":"Para importar os contactos ou amigos do Facebook, conéctese a unha rede Wi-Fi ou a unha rede de datos"},{"$i":"emptyAccount","$v":"Non se atoparon amigos ou contactos nesta conta."},{"$i":"simContacts-import","$v":"Importar contactos da SIM"},{"$i":"simContacts-importing","$v":"Importando contactos da SIM…"},{"$i":"simContacts-reading","$v":"Lendo contactos da tarxeta SIM…"},{"$i":"simContacts-error","$v":"Non foi posíbel importar os contactos da SIM"},{"$i":"simContacts-imported3","$v":{"zero":"Non se detectaron contactos na SIM para importar","one":"Importouse un contacto","two":["Importáronse ",{"t":"idOrVar","v":"n"}," contactos"],"few":["Importáronse ",{"t":"idOrVar","v":"n"}," contactos"],"many":["Importáronse ",{"t":"idOrVar","v":"n"}," contactos"],"other":["Importáronse ",{"t":"idOrVar","v":"n"}," contactos"]},"$x":[{"t":"idOrVar","v":"plural"},"n"]},{"$i":"memoryCardContacts-import","$v":"Importar contactos da tarxeta de memoria"},{"$i":"memoryCardContacts-importing","$v":"Importando contactos da tarxeta de memoria"},{"$i":"memoryCardContacts-reading","$v":"Lendo contactos da tarxeta de memoria…"},{"$i":"memoryCardContacts-error","$v":"Non foi posíbel importar os contactos da tarxeta de memoria"},{"$i":"memoryCardContacts-imported3","$v":{"zero":"Non se detectaron contactos na tarxeta de memoria para importar","one":"Importouse un contacto","two":["Importáronse ",{"t":"idOrVar","v":"n"}," contactos"],"few":["Importáronse ",{"t":"idOrVar","v":"n"}," contactos"],"many":["Importáronse ",{"t":"idOrVar","v":"n"}," contactos"],"other":["Importáronse ",{"t":"idOrVar","v":"n"}," contactos"]},"$x":[{"t":"idOrVar","v":"plural"},"n"]},{"$i":"genericProgress","$v":[{"t":"idOrVar","v":"current"},"/",{"t":"idOrVar","v":"total"}]},{"$i":"facebook","$v":"Facebook"},{"$i":"facebook-import-msg2","$v":[{"t":"idOrVar","v":"imported"},"/",{"t":"idOrVar","v":"total"}," friends imported"]},{"$i":"contactsMerged","$v":{"zero":"Non se uniu ningún contacto duplicado","one":"Uniuse un contacto duplicado","two":["Uníronse ",{"t":"idOrVar","v":"numDups"}," contactos"],"few":["Uníronse ",{"t":"idOrVar","v":"numDups"}," contactos"],"many":["Uníronse ",{"t":"idOrVar","v":"numDups"}," contactos"],"other":["Uníronse ",{"t":"idOrVar","v":"numDups"}," contactos"]},"$x":[{"t":"idOrVar","v":"plural"},"numDups"]},{"$i":"pincode2","$v":"Escriba o PIN"},{"$i":"type_pin","$v":"Escriba o seu código PIN"},{"$i":"pincodeLabel","$v":["PIN da SIM ",{"t":"idOrVar","v":"n"}]},{"$i":"pinValidation","$v":"O PIN debe ter entre 4 e 8 caracteres."},{"$i":"pinError","$v":"O PIN é incorrecto."},{"$i":"pinAttemptMsg2","$v":{"one":"Só lle queda un intento para escribir o código correcto antes de bloquear a tarxeta SIM.","two":["Quédanlle ",{"t":"idOrVar","v":"n"}," intentos para escribir o código correcto antes de bloquear a tarxeta SIM."],"few":["Quédanlle ",{"t":"idOrVar","v":"n"}," intentos para escribir o código correcto antes de bloquear a tarxeta SIM."],"many":["Quédanlle ",{"t":"idOrVar","v":"n"}," intentos para escribir o código correcto antes de bloquear a tarxeta SIM."],"other":["Quédanlle ",{"t":"idOrVar","v":"n"}," intentos para escribir o código correcto antes de bloquear a tarxeta SIM."]},"$x":[{"t":"idOrVar","v":"plural"},"n"]},{"$i":"pinLastChanceMsg","$v":"Esta é a súa última oportunidade para escribir o PIN correcto. Se non o fai, debe escribir o código PUK para usar esta tarxeta SIM."},{"$i":"pukcode","$v":"Escriba o PUK"},{"$i":"pukcodeTitle","$v":["Escribir PUK da SIM ",{"t":"idOrVar","v":"n"}]},{"$i":"pukcodeLabel","$v":["PUK da SIM ",{"t":"idOrVar","v":"n"}]},{"$i":"type_puk","$v":"Código PUK"},{"$i":"pukValidation","$v":"O código PUK debe ter exactamente 8 caracteres."},{"$i":"pukInfo","$v":"Debe escribir a chave de desbloqueo persoal (código PUK) da tarxeta SIM. Consulte a documentación da súa tarxeta SIM ou contacte coa súa operadora de telefonía para obter máis información."},{"$i":"pukError","$v":"O PUK é incorrecto."},{"$i":"pukAttemptMsg2","$v":{"one":"Só lle queda un intento para escribir o código correcto antes de que esta tarxeta SIM quede inservíbel. Consulte a documentación da súa tarxeta SIM ou contacte coa súa operadora de telefonía para obter máis información.","two":["Quédanlle ",{"t":"idOrVar","v":"n"}," intentos para escribir o código correcto antes de que esta tarxeta SIM quede inservíbel. Consulte a documentación da súa tarxeta SIM ou contacte coa súa operadora de telefonía para obter máis información."],"few":["Quédanlle ",{"t":"idOrVar","v":"n"}," intentos para escribir o código correcto antes de que esta tarxeta SIM quede inservíbel. Consulte a documentación da súa tarxeta SIM ou contacte coa súa operadora de telefonía para obter máis información."],"many":["Quédanlle ",{"t":"idOrVar","v":"n"}," intentos para escribir o código correcto antes de que esta tarxeta SIM quede inservíbel. Consulte a documentación da súa tarxeta SIM ou contacte coa súa operadora de telefonía para obter máis información."],"other":["Quédanlle ",{"t":"idOrVar","v":"n"}," intentos para escribir o código correcto antes de que esta tarxeta SIM quede inservíbel. Consulte a documentación da súa tarxeta SIM ou contacte coa súa operadora de telefonía para obter máis información."]},"$x":[{"t":"idOrVar","v":"plural"},"n"]},{"$i":"pukLastChanceMsg","$v":"Esta é a súa última oportunidade para escribir o código PUK correcto. A súa tarxeta SIM quedará inservíbel se escribe un código PUK incorrecto."},{"$i":"create_newpin","$v":"Crear novo PIN (4 a 8 díxitos)"},{"$i":"confirm_newpin","$v":"Confirmar novo PIN"},{"$i":"newpinConfirmation","$v":"Non coincide o PIN"},{"$i":"nckcode","$v":"Escribir código NCK"},{"$i":"cckcode","$v":"Escribir código CCK"},{"$i":"spckcode","$v":"Escribir código SPCK"},{"$i":"nck1code","$v":"Escribir código NCK1"},{"$i":"nck2code","$v":"Escribir código NCK2"},{"$i":"hnckcode","$v":"Escribir código HNCK"},{"$i":"rcckcode","$v":"Escribir código RCCK"},{"$i":"rspckcode","$v":"Escribir código RSPCK"},{"$i":"nckcodeTitle","$v":["Escribir código NCK da SIM ",{"t":"idOrVar","v":"n"}]},{"$i":"cckcodeTitle","$v":["Escribir código CCK da SIM ",{"t":"idOrVar","v":"n"}]},{"$i":"spckcodeTitle","$v":["Escribir código SPCK da SIM ",{"t":"idOrVar","v":"n"}]},{"$i":"nck1codeTitle","$v":["Escribir código NCK1 da SIM ",{"t":"idOrVar","v":"n"}]},{"$i":"nck2codeTitle","$v":["Escribir código NCK2 da SIM ",{"t":"idOrVar","v":"n"}]},{"$i":"hnckcodeTitle","$v":["Escribir código HNCK da SIM ",{"t":"idOrVar","v":"n"}]},{"$i":"rcckcodeTitle","$v":["Escribir código RCCK da SIM ",{"t":"idOrVar","v":"n"}]},{"$i":"rspckcodeTitle","$v":["Escribir código RSPCK da SIM ",{"t":"idOrVar","v":"n"}]},{"$i":"nckcodeLabel","$v":["NCK da SIM ",{"t":"idOrVar","v":"n"}]},{"$i":"cckcodeLabel","$v":["CCK da SIM ",{"t":"idOrVar","v":"n"}]},{"$i":"spckcodeLabel","$v":["SPCK da SIM ",{"t":"idOrVar","v":"n"}]},{"$i":"nck1codeLabel","$v":["NCK1 da SIM ",{"t":"idOrVar","v":"n"}]},{"$i":"nck2codeLabel","$v":["NCK2 da SIM ",{"t":"idOrVar","v":"n"}]},{"$i":"hnckcodeLabel","$v":["HNCK da SIM ",{"t":"idOrVar","v":"n"}]},{"$i":"rcckcodeLabel","$v":["RCCK da SIM ",{"t":"idOrVar","v":"n"}]},{"$i":"rspckcodeLabel","$v":["RSPCK da SIM ",{"t":"idOrVar","v":"n"}]},{"$i":"type_nck","$v":"Escriba o código NCK"},{"$i":"type_cck","$v":"Escriba o código CCK"},{"$i":"type_spck","$v":"Escriba o código SPCK"},{"$i":"type_nck1","$v":"Escriba o código NCK1"},{"$i":"type_nck2","$v":"Escriba o código NCK2"},{"$i":"type_hnck","$v":"Escriba o código HNCK"},{"$i":"type_rcck","$v":"Escriba o código RCCK"},{"$i":"type_rspck","$v":"Escriba o código RSPCK"},{"$i":"nckValidation","$v":"O código NCK debe ter entre 8 e 16 caracteres."},{"$i":"cckValidation","$v":"O código CCK debe ter entre 8 e 16 caracteres."},{"$i":"spckValidation","$v":"O código SPCK debe ter entre 8 e 16 caracteres."},{"$i":"nck1Validation","$v":"O código NCK1 debe ter entre 8 e 16 caracteres."},{"$i":"nck2Validation","$v":"O código NCK2 debe ter entre 8 e 16 caracteres."},{"$i":"hnckValidation","$v":"O código HNCK debe ter entre 8 e 16 caracteres."},{"$i":"rcckValidation","$v":"O código RCCK debe ter entre 8 e 16 caracteres."},{"$i":"rspckValidation","$v":"O código RSPCK debe ter entre 8 e 16 caracteres."},{"$i":"nckErrorMsg","$v":"O código NCK é incorrecto."},{"$i":"nckAttemptMsg2","$v":{"one":"Fallou a solicitude de despersonalización da rede. Só lle queda un intento para escribir o código correcto. Consulte a documentación do seu dispositivo ou contacte coa súa operadora de telefonía para obter máis información.","two":["Fallou a solicitude de despersonalización da rede. Quédanlle ",{"t":"idOrVar","v":"n"}," intentos para escribir o código correcto. Consulte a documentación do seu dispositivo ou contacte coa súa operadora de telefonía para obter máis información."],"few":["Fallou a solicitude de despersonalización da rede. Quédanlle ",{"t":"idOrVar","v":"n"}," intentos para escribir o código correcto. Consulte a documentación do seu dispositivo ou contacte coa súa operadora de telefonía para obter máis información."],"many":["Fallou a solicitude de despersonalización da rede. Quédanlle ",{"t":"idOrVar","v":"n"}," intentos para escribir o código correcto. Consulte a documentación do seu dispositivo ou contacte coa súa operadora de telefonía para obter máis información."],"other":["Fallou a solicitude de despersonalización da rede. Quédanlle ",{"t":"idOrVar","v":"n"}," intentos para escribir o código correcto. Consulte a documentación do seu dispositivo ou contacte coa súa operadora de telefonía para obter máis información."]},"$x":[{"t":"idOrVar","v":"plural"},"n"]},{"$i":"nckLastChanceMsg","$v":"Fallou a solicitude de despersonalización da rede. Esta é a súa última oportunidade para escribir o código NCK correcto. Consulte a documentación do seu dispositivo ou contacte coa súa operadora de telefonía para obter máis información."},{"$i":"skip","$v":"Skip"},{"$i":"send","$v":"Enviar"},{"$i":"ok","$v":"Aceptar"},{"$i":"simLocked","$v":"A tarxeta SIM está bloqueada"},{"$i":"inputCodeRetriesLeft","$v":{"one":"Último intento.","two":["Quedan",{"t":"idOrVar","v":"n"}," intentos."],"few":["Quedan",{"t":"idOrVar","v":"n"}," intentos."],"many":["Quedan",{"t":"idOrVar","v":"n"}," intentos."],"other":["Quedan",{"t":"idOrVar","v":"n"}," intentos."]},"$x":[{"t":"idOrVar","v":"plural"},"n"]},{"$i":"simManager","$v":"Xestor SIM"},{"$i":"simDetail","$v":["SIM ",{"t":"idOrVar","v":"n"}]},{"$i":"simDefault","$v":"(predeterminado)"},{"$i":"simDefaultMessage","$v":"De forma predeterminada, úsase a SIM 1 para a conexión de datos e as chamadas e mensaxes saíntes"},{"$i":"simSettingsMessage","$v":"Pode cambiar a configuración predeterminada en Axustes > Xestor SIM"},{"$i":"simPinLocked","$v":"PIN da SIM bloqueado"},{"$i":"noOperator","$v":"Sen operadora"},{"$i":"searchingOperator","$v":"Buscando"},{"$i":"language","$v":"Idioma"},{"$i":"3g","$v":"Datos móbiles"},{"$i":"dataConnection","$v":"Activar a conexión"},{"$i":"dataConnectionInfo","$v":"A activación da conexión de datos do móbil, agora permitíralle configurar o seu teléfono sen unha conexión Wi-Fi. Tamén pode activala máis tarde no aplicativo Configuración. Asegúrese de ter un plan de datos coa súa operadora para evitar cargos adicionais."},{"$i":"caution","$v":"Aviso"},{"$i":"geolocation","$v":"Xeolocalización"},{"$i":"geolocationCheckbox","$v":"Activar xeolocalización"},{"$i":"geolocationInfo2","$v":[{"t":"idOrVar","v":"brandShortName"}," usa os datos do GPS, Wi-Fi e de antenas de telefonía móbil que o rodean para determinar a súa localización aproximada."]},{"$i":"geolocationInfoMore","$v":"Os datos envíanse a Mozilla e a outros fornecedores de servizos e agrúpanse para mellorar a precisión das bases de datos de localización. Os datos almacénanse no seu dispositivo e poden recollerse incluso cando non se executa ningún aplicativo."},{"$i":"notice","$v":"Aviso"},{"$i":"aboutYourPrivacy","$v":"Máis información sobre a privacidade"},{"$i":"scanningNetworks","$v":"Buscando redes"},{"$i":"selectNetwork","$v":"Elixa unha rede"},{"$i":"shortStatus-connecting","$v":"Conectando…"},{"$i":"shortStatus-associated","$v":"Obtendo un enderezo IP…"},{"$i":"shortStatus-connected","$v":"Conectado"},{"$i":"shortStatus-connectingfailed","$v":"Fallou a conexión"},{"$i":"shortStatus-disconnected","$v":"Desconectado"},{"$i":"securedBy","$v":["protexida por ",{"t":"idOrVar","v":"capabilities"}]},{"$i":"security","$v":"Seguranza"},{"$i":"securityNone","$v":"Ningún"},{"$i":"securityWEP","$v":"WEP"},{"$i":"securityWPA-PSK","$v":"WPA-PSK"},{"$i":"securityWPA-EAP","$v":"WPA-EAP"},{"$i":"securityOpen","$v":"Abrir","ariaLabel":"Seguranza"},{"$i":"identity","$v":"Usuario"},{"$i":"identityInput","placeholder":"Usuario"},{"$i":"password","$v":"Contrasinal"},{"$i":"passwordInput","placeholder":"Contrasinal"},{"$i":"showPassword","$v":"Amosar contrasinal"},{"$i":"refresh","$v":"Refrescar"},{"$i":"noWifiFound3","$v":"Non se atoparon redes sen fíos"},{"$i":"join-hidden-button","$v":"Unirse a unha rede agochada"},{"$i":"authentication","$v":"Autenticación"},{"$i":"ssid-name","$v":"SSID da rede"},{"$i":"wifiLevel","ariaLabel":[{"t":"idOrVar","v":"level"}," de 4 barras"]},{"$i":"networksList","ariaLabel":"Atopáronse redes"},{"$i":"dateAndTime","$v":"Data e hora"},{"$i":"timezoneTitle","$v":["UTC",{"t":"idOrVar","v":"utcOffset"}," ",{"t":"idOrVar","v":"region"},"/",{"t":"idOrVar","v":"city"}]},{"$i":"timeZone","$v":"Fuso horario"},{"$i":"change","$v":"Cambiar"},{"$i":"region","ariaLabel":"Rexión"},{"$i":"city","ariaLabel":"Cidade"},{"$i":"date","ariaLabel":"Data"},{"$i":"time","ariaLabel":"Hora"},{"$i":"importContacts3","$v":"Importar contactos"},{"$i":"importSim2","$v":"Tarxeta SIM"},{"$i":"importFb2","$v":"Facebook"},{"$i":"importOutlook","$v":"Outlook"},{"$i":"importGmail","$v":"Gmail"},{"$i":"fb-checking","$v":"… comprobando"},{"$i":"notImportedYet","$v":"Aínda sen importar"},{"$i":"otherAccount","$v":"Outras contas"},{"$i":"afterFbImport","$v":"Pode importar e editar os amigos do Facebook en calquera momento na configuración do aplicativo Contactos"},{"$i":"firefox-accounts","$v":"Contas Firefox"},{"$i":"fxa-upsell","innerHTML":"Unha conta Firefox permítelle atopar un teléfono perdido e mercar aplicativos dende o Firefox Marketplace."},{"$i":"fxa-create-account-or-sign-in","$v":"Crear conta ou identificarse"},{"$i":"fxa-email-sent","$v":["Enviouse unha ligazón de verificación a ",{"t":"idOrVar","v":"email"}]},{"$i":"fxa-signed-in","$v":["Accedeu como ",{"t":"idOrVar","v":"email"}]},{"$i":"about-your-rights-0","$v":[{"t":"idOrVar","v":"brandShortName"}," é un software de código aberto e libre, construído por unha comunidade de centos de persoas de todo o mundo. Hai algunhas cousas que debería saber:"]},{"$i":"about-your-rights-1","$v":[{"t":"idOrVar","v":"brandShortName"}," está dispoñíbel nos termos de varias licenzas libres incluíndo a Mozilla Public License. Un dispositivo que execute ",{"t":"idOrVar","v":"brandShortName"}," tamén pode conter software privativo de terceiros. Calquera código con licenza libre outorga o dereito de modificar o código fonte e distribuír as versións modificadas coa condición de respectar os termos da licenza."]},{"$i":"about-your-rights-2","$v":["Non se lle outorga ningún dereito nin licenza sobre as marcas da Fundación Mozilla ou as súas filiais, incluíndo sen limitación o nome ou o logo do ",{"t":"idOrVar","v":"brandShortName"},"."]},{"$i":"about-your-rights-3","$v":["Algunhas funcionalidades do ",{"t":"idOrVar","v":"brandShortName"},", como o Informador de erros, dánlle a opción de fornecer información a Mozilla. Cando escolle enviar esa información, dálle a Mozilla permiso para usala para mellorar os seus produtos, para publicala nos seus sitios web e para distribuíla."]},{"$i":"about-other","$v":"Outros"},{"$i":"SIM_mandatory","$v":"Aviso da tarxeta SIM"},{"$i":"SIM_mandatory_warm","$v":"Insira unha tarxeta SIM e reinicie o teléfono."},{"$i":"telemetry-sends2","$v":["Telemetry envía a Mozilla información sobre o rendemento, o hardware, a configuración, as personalizacións e o uso dos aplicativos no seu dispositivo ",{"t":"idOrVar","v":"brandShortName"},". Esta información úsase para mellorar os nosos produtos, facelos máis rápidos e máis receptivos."]},{"$i":"learn-more-telemetry2","innerHTML":["Obteña máis información en <a href=\"",{"t":"idOrVar","v":"href"},"\" class=\"",{"t":"idOrVar","v":"className"},"\">",{"t":"idOrVar","v":"textContent"},"</a>"]},{"$i":"learn-more-information2","innerHTML":["Infórmese de como xestiona Mozilla a súa información en <a href=\"",{"t":"idOrVar","v":"href"},"\" class=\"",{"t":"idOrVar","v":"className"},"\">",{"t":"idOrVar","v":"textContent"},"</a>"]},{"$i":"htmlWelcome2","innerHTML":["Benvida a <a href=\"",{"t":"idOrVar","v":"href"},"\" class=\"",{"t":"idOrVar","v":"className"},"\">",{"t":"idOrVar","v":"textContent"},"</a>, o sistema operativo libre e de código aberto de Mozilla. A nosa misión é promover os estándares abertos, a innovación e garantir que o poder da Web permanece nas súas mans."]},{"$i":"htmlWelcome-link","$v":[{"t":"idOrVar","v":"brandShortName"}]},{"$i":"helpImprove2","innerHTML":["Pode axudarnos a mellorar os nosos produtos e servizos enviando automaticamente información estatística. Consulte <a href=\"",{"t":"idOrVar","v":"href"},"\" class=\"",{"t":"idOrVar","v":"className"},"\">",{"t":"idOrVar","v":"textContent"},"</a> para informarse de como se xestiona a información do seu dispositivo."]},{"$i":"helpImprove-link","$v":"Política de privacidade"},{"$i":"learn-more-privacy2","innerHTML":["Infórmese de como xestiona Mozilla a súa información na nosa <a href=\"",{"t":"idOrVar","v":"href"},"\" class=\"",{"t":"idOrVar","v":"className"},"\">",{"t":"idOrVar","v":"textContent"},"</a>."]},{"$i":"learn-more-privacy-link","$v":"política de privacidade"},{"$i":"aboutBrowser","$v":["Sobre o ",{"t":"idOrVar","v":"brandShortName"}]},{"$i":"aboutYourPrivacy2","$v":"A súa privacidade"},{"$i":"mozillaCommunity2","$v":["Cando vostede usa ",{"t":"idOrVar","v":"brandShortName"},", entra a formar parte dunha comunidade global que traballa por un futuro mellor para a Web. Se desexa saber máis sobre a comunidade de Mozilla, os nosos produtos e eventos na súa zona, escriba o seu enderezo de correo electrónico a continuación."]},{"$i":"sharePerformanceAndUsageData2","$v":"Si, enviar datos."},{"$i":"emailAddress","placeholder":"Enderezo de correo"},{"$i":"email-successfully-added","$v":"Engadiuse o correo correctamente"},{"$i":"email-loading","$v":"Gardando o seu correo…"},{"$i":"privacy-b2g","$v":[{"t":"idOrVar","v":"brandShortName"}],"title":[{"t":"idOrVar","v":"brandShortName"}]},{"$i":"privacy-marketplace","$v":"Marketplace","title":[{"t":"idOrVar","v":"privacy-marketplace"}]},{"$i":"privacy-eme","$v":"EverythingMe"},{"$i":"privacy-e-me","title":[{"t":"idOrVar","v":"privacy-e-me"}]},{"$i":"navbar-back","$v":"Atrás"},{"$i":"navbar-next","$v":"Seguinte"},{"$i":"navbar-join","$v":"Unirse"},{"$i":"done","$v":"Feito"},{"$i":"thatsIt","$v":"Iso é todo!"},{"$i":"startYourPhone","$v":"Coñeza o seu teléfono!"},{"$i":"startYourTablet","$v":"Coñeza a súa tableta!"},{"$i":"joinTutorial","$v":"Faga unha breve visita guiada polo seu novo teléfono."},{"$i":"joinTutorialUpdated","$v":"Faga unha breve visita guiada polos cambios do seu teléfono!"},{"$i":"enjoyYourPhone","$v":"Todo listo para gozar do seu novo teléfono."},{"$i":"enjoyYourPhoneUpdated","$v":"Todo listo para gozar do seu teléfono actualizado. "},{"$i":"optionsAvailable","$v":"Pode cambiar o idioma, a data/hora e a conexión Wi-Fi en Axustes."},{"$i":"letsGo","$v":"Adiante"},{"$i":"startTour","$v":"Comezar visita"},{"$i":"thatsIt1Tablet-2","$v":"Sempre pode volver á pantalla inicial con só deslizar o dedo dende o borde inferior da pantalla."},{"$i":"thatsIt2Tablet-2","$v":"Próbeo agora!"},{"$i":"tutorial","$v":"Titorial"},{"$i":"tutorial-step1-large-3","$v":"Swipe down to access recent notifications, usage information and settings."},{"$i":"tutorial-step2-large-2","$v":"Deslice o dedo á esquerda ou á dereita para descubrir novos aplicativos na pantalla inicial."},{"$i":"tutorial-step3-large-2","$v":"Toque durante uns segundos unha icona para eliminala ou movela."},{"$i":"tutorial-step4-large-2","$v":"Deslice dous dedos dende o borde inferior para activar a visualización de tarxetas."},{"$i":"tutorial-vertical-scroll-v2-tiny","$v":"Deslice o dedo arriba ou abaixo para ver os seus aplicativos e marcadores. Toque durante uns segundos unha icona para eliminala, movela ou editala."},{"$i":"tutorial-notifications-v2-tiny","$v":"Swipe down to access recent notifications, usage information and settings."},{"$i":"tutorial-sheets-tiny","$v":"Arrastre o borde esquerdo da pantalla para volver aos aplicativos usados recentemente."},{"$i":"tutorial-rocketbar-tiny","$v":"Toque na barra de busca en calquera momento para buscar ou ir a un sitio web."},{"$i":"tutorial-bookmarks-migration-tiny","$v":"Os marcadores movéronse á pantalla inicial. No modo de edición, toque un marcador para editalo ou cambiarlle o nome."},{"$i":"tutorial-app-grouping-tiny","$v":"Tap to expand and collapse app groups. Drag an app into a new space to create a group."},{"$i":"offline-dialog-title","$v":"É necesario estar conectado á Internet para ver a páxina."},{"$i":"offline-dialog-text","$v":["Volva atrás e conéctese á Internet. Tamén pode ver a páxina máis tarde dende os Axustes ou escribindo o enderezo ",{"t":"idOrVar","v":"url"}," en calquera navegador."]},{"$i":"OK","$v":"Aceptar"},{"$i":"offline-newsletter-dialog-title","$v":"É necesario estar conectado á Internet para subscribirse ao boletín de información."},{"$i":"offline-newsletter-dialog-text","$v":"Volva atrás e conéctese á Internet."},{"$i":"invalid-email-dialog-title","$v":"O seu correo é incorrecto"},{"$i":"invalid-email-dialog-text","$v":"Volva atrás e corrixa os datos inseridos."},{"$i":"retry","$v":"Tentar de novo"},{"$i":"cancel","$v":"Cancelar"},{"$i":"progressbar","$v":["Paso ",{"t":"idOrVar","v":"step"}," de ",{"t":"idOrVar","v":"total"}],"ariaLabel":"Titorial de introdución"},{"$i":"weekday-0-long","$v":"Domingo"},{"$i":"weekday-1-long","$v":"Luns"},{"$i":"weekday-2-long","$v":"Martes"},{"$i":"weekday-3-long","$v":"Mércores"},{"$i":"weekday-4-long","$v":"Xoves"},{"$i":"weekday-5-long","$v":"Venres"},{"$i":"weekday-6-long","$v":"Sábado"},{"$i":"weekday-0-short","$v":"Dom"},{"$i":"weekday-1-short","$v":"Lun"},{"$i":"weekday-2-short","$v":"Mar"},{"$i":"weekday-3-short","$v":"Mer"},{"$i":"weekday-4-short","$v":"Xov"},{"$i":"weekday-5-short","$v":"Ven"},{"$i":"weekday-6-short","$v":"Sab"},{"$i":"month-0-long","$v":"Xaneiro"},{"$i":"month-1-long","$v":"Febreiro"},{"$i":"month-2-long","$v":"Marzo"},{"$i":"month-3-long","$v":"Abril"},{"$i":"month-4-long","$v":"Maio"},{"$i":"month-5-long","$v":"Xuño"},{"$i":"month-6-long","$v":"Xullo"},{"$i":"month-7-long","$v":"Agosto"},{"$i":"month-8-long","$v":"Setembro"},{"$i":"month-9-long","$v":"Outubro"},{"$i":"month-10-long","$v":"Novembro"},{"$i":"month-11-long","$v":"Decembro"},{"$i":"month-0-genitive","$v":"Xaneiro"},{"$i":"month-1-genitive","$v":"Febreiro"},{"$i":"month-2-genitive","$v":"Marzo"},{"$i":"month-3-genitive","$v":"Abril"},{"$i":"month-4-genitive","$v":"Maio"},{"$i":"month-5-genitive","$v":"Xuño"},{"$i":"month-6-genitive","$v":"Xullo"},{"$i":"month-7-genitive","$v":"Agosto"},{"$i":"month-8-genitive","$v":"Setembro"},{"$i":"month-9-genitive","$v":"Outubro"},{"$i":"month-10-genitive","$v":"Novembro"},{"$i":"month-11-genitive","$v":"Decembro"},{"$i":"month-0-short","$v":"Xan"},{"$i":"month-1-short","$v":"Feb"},{"$i":"month-2-short","$v":"Mar"},{"$i":"month-3-short","$v":"Abr"},{"$i":"month-4-short","$v":"Maio"},{"$i":"month-5-short","$v":"Xun"},{"$i":"month-6-short","$v":"Xul"},{"$i":"month-7-short","$v":"Ago"},{"$i":"month-8-short","$v":"Set"},{"$i":"month-9-short","$v":"Out"},{"$i":"month-10-short","$v":"Nov"},{"$i":"month-11-short","$v":"Dec"},{"$i":"minutes-ago-long","$v":{"zero":"xusto agora","one":"hai un minuto","two":["hai ",{"t":"idOrVar","v":"value"}," minutos"],"few":["hai ",{"t":"idOrVar","v":"value"}," minutos"],"many":["hai ",{"t":"idOrVar","v":"value"}," minutos"],"other":["hai ",{"t":"idOrVar","v":"value"}," minutos"]},"$x":[{"t":"idOrVar","v":"plural"},"value"]},{"$i":"hours-ago-long","$v":{"zero":"xusto agora","one":"hai unha hora","two":["hai ",{"t":"idOrVar","v":"value"}," horas"],"few":["hai ",{"t":"idOrVar","v":"value"}," horas"],"many":["hai ",{"t":"idOrVar","v":"value"}," horas"],"other":["hai ",{"t":"idOrVar","v":"value"}," horas"]},"$x":[{"t":"idOrVar","v":"plural"},"value"]},{"$i":"days-ago-long","$v":{"zero":"hoxe","one":"onte","two":["hai ",{"t":"idOrVar","v":"value"}," días"],"few":["hai ",{"t":"idOrVar","v":"value"}," días"],"many":["hai ",{"t":"idOrVar","v":"value"}," días"],"other":["hai ",{"t":"idOrVar","v":"value"}," días"]},"$x":[{"t":"idOrVar","v":"plural"},"value"]},{"$i":"weeks-ago-long","$v":{"zero":"esta semana","one":"a semana pasada","two":["hai ",{"t":"idOrVar","v":"value"}," semanas"],"few":["hai ",{"t":"idOrVar","v":"value"}," semanas"],"many":["hai ",{"t":"idOrVar","v":"value"}," semanas"],"other":["hai ",{"t":"idOrVar","v":"value"}," semanas"]},"$x":[{"t":"idOrVar","v":"plural"},"value"]},{"$i":"months-ago-long","$v":{"zero":"Este mes","one":"o mes pasado","two":["hai ",{"t":"idOrVar","v":"value"}," meses"],"few":["hai ",{"t":"idOrVar","v":"value"}," meses"],"many":["hai ",{"t":"idOrVar","v":"value"}," meses"],"other":["hai ",{"t":"idOrVar","v":"value"}," meses"]},"$x":[{"t":"idOrVar","v":"plural"},"value"]},{"$i":"years-ago-long","$v":{"zero":"este ano","one":"o ano pasado","two":["hai ",{"t":"idOrVar","v":"value"}," anos"],"few":["hai ",{"t":"idOrVar","v":"value"}," anos"],"many":["hai ",{"t":"idOrVar","v":"value"}," anos"],"other":["hai ",{"t":"idOrVar","v":"value"}," anos"]},"$x":[{"t":"idOrVar","v":"plural"},"value"]},{"$i":"minutes-until-long","$v":{"zero":"agora","one":"nun minuto","two":["en ",{"t":"idOrVar","v":"value"}," minutos"],"few":["en ",{"t":"idOrVar","v":"value"}," minutos"],"many":["en ",{"t":"idOrVar","v":"value"}," minutos"],"other":["en ",{"t":"idOrVar","v":"value"}," minutos"]},"$x":[{"t":"idOrVar","v":"plural"},"value"]},{"$i":"hours-until-long","$v":{"zero":"agora","one":"nunha hora","two":["en ",{"t":"idOrVar","v":"value"}," horas"],"few":["en ",{"t":"idOrVar","v":"value"}," horas"],"many":["en ",{"t":"idOrVar","v":"value"}," horas"],"other":["en ",{"t":"idOrVar","v":"value"}," horas"]},"$x":[{"t":"idOrVar","v":"plural"},"value"]},{"$i":"days-until-long","$v":{"zero":"hoxe","one":"mañá","two":["en ",{"t":"idOrVar","v":"value"}," días"],"few":["en ",{"t":"idOrVar","v":"value"}," días"],"many":["en ",{"t":"idOrVar","v":"value"}," días"],"other":["en ",{"t":"idOrVar","v":"value"}," días"]},"$x":[{"t":"idOrVar","v":"plural"},"value"]},{"$i":"weeks-until-long","$v":{"zero":"esta semana","one":"a semana que ven","two":["en ",{"t":"idOrVar","v":"value"}," semanas"],"few":["en ",{"t":"idOrVar","v":"value"}," semanas"],"many":["en ",{"t":"idOrVar","v":"value"}," semanas"],"other":["en ",{"t":"idOrVar","v":"value"}," semanas"]},"$x":[{"t":"idOrVar","v":"plural"},"value"]},{"$i":"months-until-long","$v":{"zero":"Este mes","one":"o mes que ven","two":["en ",{"t":"idOrVar","v":"value"}," meses"],"few":["en ",{"t":"idOrVar","v":"value"}," meses"],"many":["en ",{"t":"idOrVar","v":"value"}," meses"],"other":["en ",{"t":"idOrVar","v":"value"}," meses"]},"$x":[{"t":"idOrVar","v":"plural"},"value"]},{"$i":"years-until-long","$v":{"zero":"este ano","one":"o ano que ven","two":["en ",{"t":"idOrVar","v":"value"}," anos"],"few":["en ",{"t":"idOrVar","v":"value"}," anos"],"many":["en ",{"t":"idOrVar","v":"value"}," anos"],"other":["en ",{"t":"idOrVar","v":"value"}," anos"]},"$x":[{"t":"idOrVar","v":"plural"},"value"]},{"$i":"minutes-ago-short","$v":{"zero":"xusto agora","other":["hai ",{"t":"idOrVar","v":"value"},"min"]},"$x":[{"t":"idOrVar","v":"plural"},"value"]},{"$i":"hours-ago-short","$v":{"zero":"xusto agora","other":["hai ",{"t":"idOrVar","v":"value"},"h"]},"$x":[{"t":"idOrVar","v":"plural"},"value"]},{"$i":"days-ago-short","$v":{"zero":"hoxe","other":["hai ",{"t":"idOrVar","v":"value"},"d"]},"$x":[{"t":"idOrVar","v":"plural"},"value"]},{"$i":"minutes-until-short","$v":{"zero":"agora","other":["en ",{"t":"idOrVar","v":"value"},"min"]},"$x":[{"t":"idOrVar","v":"plural"},"value"]},{"$i":"hours-until-short","$v":{"zero":"agora","other":["en ",{"t":"idOrVar","v":"value"},"h"]},"$x":[{"t":"idOrVar","v":"plural"},"value"]},{"$i":"days-until-short","$v":{"zero":"hoxe","other":["en ",{"t":"idOrVar","v":"value"},"d"]},"$x":[{"t":"idOrVar","v":"plural"},"value"]},{"$i":"incorrectDate","$v":"(data incorrecta)"},{"$i":"dateTimeFormat_%c","$v":"%a, %e de %b, %Y %H:%M:%S"},{"$i":"dateTimeFormat_%x","$v":"%d/%m/%Y"},{"$i":"dateTimeFormat_%X","$v":"%H:%M:%S"},{"$i":"shortTimeFormat","$v":"%H:%M"},{"$i":"shortTimeFormat12","$v":"%H:%M"},{"$i":"shortTimeFormat24","$v":"%H:%M"},{"$i":"shortDateTimeFormat","$v":"%x %H:%M %p"},{"$i":"weekStartsOnMonday","$v":"1"},{"$i":"firstDayOfTheWeek","$v":"0"},{"$i":"time_am","$v":"AM"},{"$i":"time_pm","$v":"PM"},{"$i":"tz-region","$v":"Rexión"},{"$i":"tz-city","$v":"Cidade"},{"$i":"tzRegion-Africa","$v":"África"},{"$i":"tzRegion-America","$v":"América"},{"$i":"tzRegion-Antarctica","$v":"Antártida"},{"$i":"tzRegion-Asia","$v":"Asia"},{"$i":"tzRegion-Atlantic","$v":"Océano Atlántico"},{"$i":"tzRegion-Australia","$v":"Australia"},{"$i":"tzRegion-Europe","$v":"Europa"},{"$i":"tzRegion-Indian","$v":"Océano Índico"},{"$i":"tzRegion-Pacific","$v":"Océano Pacífico"},{"$i":"close","$v":"Pechar"},{"$i":"import","$v":"Importar"},{"$i":"update","$v":"Actualizar"},{"$i":"fbFriends","$v":"Amigos Facebook"},{"$i":"live-serviceName","$v":"Outlook"},{"$i":"gmail-serviceName","$v":"Gmail"},{"$i":"facebook-serviceName","$v":"Amigos Facebook"},{"$i":"selectAll","$v":"Marcar todo"},{"$i":"deselectAll","$v":"Desmarcar todo"},{"$i":"viewAll","$v":"Ver todos os amigos do Facebook"},{"$i":"viewRecommend","$v":"ver só as recomendacións"},{"$i":"linkProposal","$v":{"zero":"Ningún amigo coincidente. Amosándoos todos","one":"Seleccionar a recomendación","two":"Seleccionar un dos amigos","few":"Seleccionar un dos amigos","many":"Seleccionar un dos amigos","other":"Seleccionar un dos amigos"},"$x":[{"t":"idOrVar","v":"plural"},"numFriends"]},{"$i":"fbFriendsFound","$v":{"zero":"Importáronse todos os seus amigos","one":"Atopouse un amigo para importar","two":["Atopáronse ",{"t":"idOrVar","v":"numFriends"}," amigos para importar"],"few":["Atopáronse ",{"t":"idOrVar","v":"numFriends"}," amigos para importar"],"many":["Atopáronse ",{"t":"idOrVar","v":"numFriends"}," amigos para importar"],"other":["Atopáronse ",{"t":"idOrVar","v":"numFriends"}," amigos para importar"]},"$x":[{"t":"idOrVar","v":"plural"},"numFriends"]},{"$i":"fbNoFriends","$v":"Ningún contacto dispoñíbel para importar"},{"$i":"search-contact","placeholder":"Buscar"},{"$i":"noResults","$v":"Non se atoparon contactos"},{"$i":"done-search","$v":"Feito"},{"$i":"progressFB3ImportTitle","$v":"Importando amigos a Contactos"},{"$i":"progressFB","$v":[{"t":"idOrVar","v":"current"},"/",{"t":"idOrVar","v":"total"}]},{"$i":"progressFB3UpdateTitle","$v":"Actualizando amigos en Contactos"},{"$i":"message2","$v":"Isto pode levarlle un par de minutos"},{"$i":"messageLinking","$v":"Agarde. Estase ligando ao seu amigo co seu contacto."},{"$i":"messageCanceling","$v":"Agarde. Estase cancelando a operación en curso."},{"$i":"error1","$v":["Erro ",{"t":"idOrVar","v":"from"}]},{"$i":"error2","$v":"Quere tentalo de novo?"},{"$i":"errorProposal","$v":"calculando propostas"},{"$i":"errorFriends","$v":"recuperando amigos"},{"$i":"errorLinking","$v":"ligando contacto"},{"$i":"timeout1","$v":["Excedeuse o tempo de espera ",{"t":"idOrVar","v":"from"}]},{"$i":"timeout2","$v":"Quere tentalo de novo?"},{"$i":"timeoutProposal","$v":"calculando propostas"},{"$i":"timeoutFriends","$v":"recuperando amigos"},{"$i":"timeoutLinking","$v":"ligando contactos"},{"$i":"wait1","$v":"Agarde"},{"$i":"wait2","$v":"Isto pode levarlle un par de minutos"},{"$i":"waitProposal","$v":"Agarde. Estase calculando unha proposta."},{"$i":"waitFriends","$v":"Agarde. Estase conectando para obter a súa lista de amigos."},{"$i":"curtainCancel","$v":"Cancelar"},{"$i":"curtainRetry","$v":"Tentar de novo"},{"$i":"curtainOK","$v":"Aceptar"},{"$i":"connectionLost","$v":"Sen conexión á Internet"},{"$i":"connectionLostMsg","$v":"As fotos dos amigos non se engadirán aos contactos. Continuar de todos os xeitos?"},{"$i":"yesOption","$v":"Aceptar"},{"$i":"noOption","$v":"Cancelar"},{"$i":"friendsUpdated","$v":{"zero":"Non se actualizou ningún amigo","one":"Actualizouse un amigo","two":["Actualizáronse ",{"t":"idOrVar","v":"numFriends"}," amigos"],"few":["Actualizáronse ",{"t":"idOrVar","v":"numFriends"}," amigos"],"many":["Actualizáronse ",{"t":"idOrVar","v":"numFriends"}," amigos"],"other":["Actualizáronse ",{"t":"idOrVar","v":"numFriends"}," amigos"]},"$x":[{"t":"idOrVar","v":"plural"},"numFriends"]},{"$i":"friendsMerged","$v":{"zero":"Non se uniu ningún amigo duplicado","one":"Uniuse un amigo duplicado","two":["Uníronse ",{"t":"idOrVar","v":"numDups"}," amigos"],"few":["Uníronse ",{"t":"idOrVar","v":"numDups"}," amigos"],"many":["Uníronse ",{"t":"idOrVar","v":"numDups"}," amigos"],"other":["Uníronse ",{"t":"idOrVar","v":"numDups"}," amigos"]},"$x":[{"t":"idOrVar","v":"plural"},"numDups"]},{"$i":"notificationLogin","$v":"A súa sesión de Facebook é incorrecta. Identifíquese."},{"$i":"syncError","$v":"Produciuse un erro ao sincronizar os datos do seu amigo"}]