[{"$i":"brandShortName","$v":"B2G OS"},{"$i":"browserBrandShortName","$v":"Web Browser"},{"$i":"browserBrandFullName","$v":"Mozilla Web Browser"},{"$i":"ringtoneBrandName","$v":"Default"},{"$i":"ringtoneSectionBrandName","$v":"System"},{"$i":"back","$v":"Back"},{"$i":"noSimMsg","$v":"To import contacts insert or unlock your SIM card"},{"$i":"noMemoryCardMsg","$v":"To import contacts insert a memory card"},{"$i":"importMemoryCard","$v":"Memory card"},{"$i":"noConnection11","$v":"To import Facebook friends or contacts connect to Wi-Fi or data network"},{"$i":"emptyAccount","$v":"No friends or contacts found in this account."},{"$i":"simContacts-import","$v":"Import SIM contacts"},{"$i":"simContacts-importing","$v":"Importing SIM contacts…"},{"$i":"simContacts-reading","$v":"Reading from SIM card…"},{"$i":"simContacts-error","$v":"Could not import contacts from SIM"},{"$i":"simContacts-imported3","$v":{"zero":"No contacts detected on SIM to import","one":"Imported one contact","two":["Imported ",{"t":"idOrVar","v":"n"}," contacts"],"few":["Imported ",{"t":"idOrVar","v":"n"}," contacts"],"many":["Imported ",{"t":"idOrVar","v":"n"}," contacts"],"other":["Imported ",{"t":"idOrVar","v":"n"}," contacts"]},"$x":[{"t":"idOrVar","v":"plural"},"n"]},{"$i":"memoryCardContacts-import","$v":"Import contacts from memory card"},{"$i":"memoryCardContacts-importing","$v":"Importing contacts from memory card…"},{"$i":"memoryCardContacts-reading","$v":"Reading from memory card…"},{"$i":"memoryCardContacts-error","$v":"Could not import contacts from memory card"},{"$i":"memoryCardContacts-imported3","$v":{"zero":"No contacts detected on memory card to import","one":"Imported one contact","two":["Imported ",{"t":"idOrVar","v":"n"}," contacts"],"few":["Imported ",{"t":"idOrVar","v":"n"}," contacts"],"many":["Imported ",{"t":"idOrVar","v":"n"}," contacts"],"other":["Imported ",{"t":"idOrVar","v":"n"}," contacts"]},"$x":[{"t":"idOrVar","v":"plural"},"n"]},{"$i":"genericProgress","$v":[{"t":"idOrVar","v":"current"},"/",{"t":"idOrVar","v":"total"}]},{"$i":"facebook","$v":"Facebook"},{"$i":"facebook-import-msg2","$v":[{"t":"idOrVar","v":"imported"},"/",{"t":"idOrVar","v":"total"}," friends imported"]},{"$i":"contactsMerged","$v":{"zero":"No duplicated contacts merged","one":"One duplicated contact merged","two":[{"t":"idOrVar","v":"numDups"}," contacts merged"],"few":[{"t":"idOrVar","v":"numDups"}," contacts merged"],"many":[{"t":"idOrVar","v":"numDups"}," contacts merged"],"other":[{"t":"idOrVar","v":"numDups"}," contacts merged"]},"$x":[{"t":"idOrVar","v":"plural"},"numDups"]},{"$i":"pincode2","$v":"Upišite PIN"},{"$i":"type_pin","$v":"Upište svoj PIN"},{"$i":"pincodeLabel","$v":["SIM ",{"t":"idOrVar","v":"n"}," PIN"]},{"$i":"pinValidation","$v":"PIN mora imati 4-8 znamenki."},{"$i":"pinError","$v":"PIN nije bio ispravan."},{"$i":"pinAttemptMsg2","$v":{"one":"Posljednji pokušaj.","two":["Preostala su ",{"t":"idOrVar","v":"n"}," pokušaja za unos ispravnog PIN-a prije zaključavanja SIM kartice."],"few":[{"t":"idOrVar","v":"n"}," preostalih pokušaja."],"many":[{"t":"idOrVar","v":"n"}," preostalih pokušaja."],"other":[{"t":"idOrVar","v":"n"}," preostalih pokušaja."]},"$x":[{"t":"idOrVar","v":"plural"},"n"]},{"$i":"pinLastChanceMsg","$v":"Ovo je posljednja prilika za unos ispravnog PIN-a, u suprotnome ćete trebati upisati PUK kôd ove SIM kartice."},{"$i":"pukcode","$v":"Upišite PUK kôd"},{"$i":"pukcodeTitle","$v":["Unesite SIM ",{"t":"idOrVar","v":"n"}," PUK"]},{"$i":"pukcodeLabel","$v":["SIM ",{"t":"idOrVar","v":"n"}," PUK"]},{"$i":"type_puk","$v":"PUK kôd"},{"$i":"pukValidation","$v":"PUK kôd mora imati točno 8 znakova."},{"$i":"pukInfo","$v":"Morate upisati osobni ključ za otključavanje (PUK kôd) za SIM karticu. Za detalje se konzultirajte s dokumentacijom SIM kartice ili kontaktirajte pružatelja usluge."},{"$i":"pukError","$v":"Morate upisati PUK (Personal Unlocking Key) ove SIM kartice. Konzultirajte se s dokumentacijom SIM kartice ili kontaktirajte pružatelja usluge za pomoć."},{"$i":"pukAttemptMsg2","$v":{"one":"Imate još jedan pokušaj za unos ispravnog kôda prije nego što SIM kartica postane trajno neupotrebljiva. Za detalje se konzultirajte s dokumentacijom SIM kartice ili kontaktirajte pružatelja usluge.","two":["Imate još ",{"t":"idOrVar","v":"n"}," pokušaja za unos ispravnog kôda prije nego što SIM kartica postane trajno neupotrebljiva. Za detalje se konzultirajte s dokumentacijom SIM kartice ili kontaktirajte pružatelja usluge."],"few":["Imate još ",{"t":"idOrVar","v":"n"}," pokušaja za unos ispravnog kôda prije nego što SIM kartica postane trajno neupotrebljiva. Za detalje se konzultirajte s dokumentacijom SIM kartice ili kontaktirajte pružatelja usluge."],"many":["Imate još ",{"t":"idOrVar","v":"n"}," pokušaja za unos ispravnog kôda prije nego što SIM kartica postane trajno neupotrebljiva. Za detalje se konzultirajte s dokumentacijom SIM kartice ili kontaktirajte pružatelja usluge."],"other":["Imate još ",{"t":"idOrVar","v":"n"}," pokušaja za unos ispravnog kôda prije nego što SIM kartica postane trajno neupotrebljiva. Za detalje se konzultirajte s dokumentacijom SIM kartice ili kontaktirajte pružatelja usluge."]},"$x":[{"t":"idOrVar","v":"plural"},"n"]},{"$i":"pukLastChanceMsg","$v":"Ovo je posljednja prilika za unos ispravnog PUK kôda. Ako upišete netočan kôd, vaša će SIM kartica postati trajno neupotrebljiva."},{"$i":"create_newpin","$v":"Stvori novi PIN (4-8 znamenki)"},{"$i":"confirm_newpin","$v":"Potvrdite novi PIN"},{"$i":"newpinConfirmation","$v":"PIN-ovi se ne podudaraju"},{"$i":"nckcode","$v":"Unesite NCK kôd"},{"$i":"cckcode","$v":"Unesite CCK kôd"},{"$i":"spckcode","$v":"Unesite SPCK kôd"},{"$i":"nck1code","$v":"Enter NCK1 code"},{"$i":"nck2code","$v":"Enter NCK2 code"},{"$i":"hnckcode","$v":"Enter HNCK code"},{"$i":"rcckcode","$v":"Enter RCCK code"},{"$i":"rspckcode","$v":"Enter RSPCK code"},{"$i":"nckcodeTitle","$v":["Unesite SIM ",{"t":"idOrVar","v":"n"}," NCK"]},{"$i":"cckcodeTitle","$v":["Unesite SIM ",{"t":"idOrVar","v":"n"}," CCK"]},{"$i":"spckcodeTitle","$v":["Unesite SIM ",{"t":"idOrVar","v":"n"}," SPCK"]},{"$i":"nck1codeTitle","$v":["Enter SIM ",{"t":"idOrVar","v":"n"}," NCK1"]},{"$i":"nck2codeTitle","$v":["Enter SIM ",{"t":"idOrVar","v":"n"}," NCK2"]},{"$i":"hnckcodeTitle","$v":["Enter SIM ",{"t":"idOrVar","v":"n"}," HNCK"]},{"$i":"rcckcodeTitle","$v":["Enter SIM ",{"t":"idOrVar","v":"n"}," RCCK"]},{"$i":"rspckcodeTitle","$v":["Enter SIM ",{"t":"idOrVar","v":"n"}," RSPCK"]},{"$i":"nckcodeLabel","$v":["SIM ",{"t":"idOrVar","v":"n"}," NCK"]},{"$i":"cckcodeLabel","$v":["SIM ",{"t":"idOrVar","v":"n"}," CCK"]},{"$i":"spckcodeLabel","$v":["SIM ",{"t":"idOrVar","v":"n"}," SPCK"]},{"$i":"nck1codeLabel","$v":["SIM ",{"t":"idOrVar","v":"n"}," NCK1"]},{"$i":"nck2codeLabel","$v":["SIM ",{"t":"idOrVar","v":"n"}," NCK2"]},{"$i":"hnckcodeLabel","$v":["SIM ",{"t":"idOrVar","v":"n"}," HNCK"]},{"$i":"rcckcodeLabel","$v":["SIM ",{"t":"idOrVar","v":"n"}," RCCK"]},{"$i":"rspckcodeLabel","$v":["SIM ",{"t":"idOrVar","v":"n"}," RSPCK"]},{"$i":"type_nck","$v":"Upišite svoj NCK kôd"},{"$i":"type_cck","$v":"Upišite svoj CCK kôd"},{"$i":"type_spck","$v":"Upišite svoj SPCK kôd"},{"$i":"type_nck1","$v":"Type your NCK1 code"},{"$i":"type_nck2","$v":"Type your NCK2 code"},{"$i":"type_hnck","$v":"Type your HNCK code"},{"$i":"type_rcck","$v":"Type your RCCK code"},{"$i":"type_rspck","$v":"Type your RSPCK code"},{"$i":"nckValidation","$v":"NCK kôd mora imati između 8 i 16 znakova."},{"$i":"cckValidation","$v":"CCK kôd mora imati između 8 i 16 znakova."},{"$i":"spckValidation","$v":"SPCK kôd mora imati između 8 i 16 znakova."},{"$i":"nck1Validation","$v":"NCK1 must have between 8 and 16 characters."},{"$i":"nck2Validation","$v":"NCK2 must have between 8 and 16 characters."},{"$i":"hnckValidation","$v":"HNCK must have between 8 and 16 characters."},{"$i":"rcckValidation","$v":"RCCK must have between 8 and 16 characters."},{"$i":"rspckValidation","$v":"RSPCK must have between 8 and 16 characters."},{"$i":"nckErrorMsg","$v":"NCK kôd je netočan."},{"$i":"nckAttemptMsg2","$v":{"one":"Zahtjev za otključavanje vašeg uređaja je bio neuspješan. Preostao vam je jedan pokušaj za unos ispravnog kôda. Proučite dokumentaciju koja je došla s Vašim uređajem te konaktirajte Vašeg pružatelja usluga za više informacija.","two":["Zahtjev za otključavanje vašeg uređaja je bio neuspješan. Preostao vam je ",{"t":"idOrVar","v":"n"}," pokušaja za unos ispravnog kôda. Proučite dokumentaciju koja je došla s Vašim uređajem te konaktirajte Vašeg pružatelja usluga za više informacija."],"few":["Zahtjev za otključavanje vašeg uređaja je bio neuspješan. Preostao vam je ",{"t":"idOrVar","v":"n"}," pokušaja za unos ispravnog kôda. Proučite dokumentaciju koja je došla s Vašim uređajem te konaktirajte Vašeg pružatelja usluga za više informacija."],"many":["Zahtjev za otključavanje vašeg uređaja je bio neuspješan. Preostao vam je ",{"t":"idOrVar","v":"n"}," pokušaja za unos ispravnog kôda. Proučite dokumentaciju koja je došla s Vašim uređajem te konaktirajte Vašeg pružatelja usluga za više informacija."],"other":["Zahtjev za otključavanje vašeg uređaja je bio neuspješan. Preostao vam je ",{"t":"idOrVar","v":"n"}," pokušaja za unos ispravnog kôda. Proučite dokumentaciju koja je došla s Vašim uređajem te konaktirajte Vašeg pružatelja usluga za više informacija."]},"$x":[{"t":"idOrVar","v":"plural"},"n"]},{"$i":"nckLastChanceMsg","$v":"Zahtjev za otključavanje vašeg uređaja je bio neuspješan. Ovo je posljednji pokušaj za unos ispravnog kôda. Proučite dokumentaciju koja je došla s Vašim uređajem te konaktirajte Vašeg pružatelja usluga za više informacija."},{"$i":"skip","$v":"Preskoči"},{"$i":"send","$v":"Pošalji"},{"$i":"ok","$v":"U redu"},{"$i":"simLocked","$v":"SIM kartica je zaključana"},{"$i":"inputCodeRetriesLeft","$v":{"two":["preostala ",{"t":"idOrVar","v":"n"}," pokušaja."],"few":["preostalo ",{"t":"idOrVar","v":"n"}," pokušaja."],"many":["preostalo ",{"t":"idOrVar","v":"n"}," pokušaja."],"other":["preostalo ",{"t":"idOrVar","v":"n"}," pokušaja."]},"$x":[{"t":"idOrVar","v":"plural"},"n"]},{"$i":"simManager","$v":"SIM upravitelj"},{"$i":"simDetail","$v":["SIM ",{"t":"idOrVar","v":"n"}]},{"$i":"simDefault","$v":"(uobičajena postavka)"},{"$i":"simDefaultMessage","$v":"Outgoing calls, outgoing messages and data connection are set to SIM 1 as default"},{"$i":"simSettingsMessage","$v":"You can change default settings at Settings > SIM manager"},{"$i":"simPinLocked","$v":"SIM PIN zaključan"},{"$i":"noOperator","$v":"Nema operatera"},{"$i":"searchingOperator","$v":"Searching"},{"$i":"language","$v":"Jezik"},{"$i":"3g","$v":"Podatkovna veza"},{"$i":"dataConnection","$v":"Omogući pod. vezu"},{"$i":"dataConnectionInfo","$v":"Omogućavanje podatkovne veze će vam dopustiti podešavanje uređaja bez Wi-Fi veze. Aktivaciju možete obaviti kasnije u postavkama. Da biste izbjegli neželjene troškove, provjerite da vam je pružatelj usluge omogućio podatkovnu tarifu."},{"$i":"caution","$v":"Upozorenje"},{"$i":"geolocation","$v":"Geolokacija"},{"$i":"geolocationCheckbox","$v":"Omogući geolociranje"},{"$i":"geolocationInfo2","$v":[{"t":"idOrVar","v":"brandShortName"}," koristi podatke iz izvora kao što su GPS, WiFi te mobilne mreže u vašoj blizini kako bi uspješno odredi Vašu približnu lokaciju."]},{"$i":"geolocationInfoMore","$v":"Podaci se šalju Mozilli, te drugim pružateljima usluga i bit će korišteni uz druge prikupljene podatke za poboljšanje geolokacijskih baza podataka. Podaci mogu biti pohranjeni na vaš uređaj, prikupljanje podataka se može dogoditi i kada aplikacije ne rade."},{"$i":"notice","$v":"Obavijest"},{"$i":"aboutYourPrivacy","$v":"Više o Vašoj privatnosti"},{"$i":"scanningNetworks","$v":"Tražim mreže"},{"$i":"selectNetwork","$v":"Odaberite mrežu"},{"$i":"shortStatus-connecting","$v":"Povezivanje…"},{"$i":"shortStatus-associated","$v":"Prikupljanje IP adrese…"},{"$i":"shortStatus-connected","$v":"Povezano"},{"$i":"shortStatus-connectingfailed","$v":"Povezivanje nije uspjelo"},{"$i":"shortStatus-disconnected","$v":"Izvamrežno"},{"$i":"securedBy","$v":["osigurano sa ",{"t":"idOrVar","v":"capabilities"}]},{"$i":"security","$v":"Security"},{"$i":"securityNone","$v":"Ništa"},{"$i":"securityWEP","$v":"WEP"},{"$i":"securityWPA-PSK","$v":"WPA-PSK"},{"$i":"securityWPA-EAP","$v":"WPA-EAP"},{"$i":"securityOpen","$v":"Open","ariaLabel":"Security"},{"$i":"identity","$v":"Korisnik"},{"$i":"identityInput","placeholder":"Korisnik"},{"$i":"password","$v":"Lozinka"},{"$i":"passwordInput","placeholder":"Lozinka"},{"$i":"showPassword","$v":"Prikaži lozinku"},{"$i":"refresh","$v":"Osvježi"},{"$i":"noWifiFound3","$v":"Nema pronađenih bežičnih mreža"},{"$i":"join-hidden-button","$v":"Skrivena mreža"},{"$i":"authentication","$v":"Authentication"},{"$i":"ssid-name","$v":"SSID naziv mreže"},{"$i":"wifiLevel","ariaLabel":[{"t":"idOrVar","v":"level"}," of 4 bars"]},{"$i":"networksList","ariaLabel":"Networks found"},{"$i":"dateAndTime","$v":"Datum i vrijeme"},{"$i":"timezoneTitle","$v":["UTC",{"t":"idOrVar","v":"utcOffset"}," ",{"t":"idOrVar","v":"region"},"/",{"t":"idOrVar","v":"city"}]},{"$i":"timeZone","$v":"Time zone"},{"$i":"change","$v":"Promijeni"},{"$i":"region","ariaLabel":"Region"},{"$i":"city","ariaLabel":"City"},{"$i":"date","ariaLabel":"Datum"},{"$i":"time","ariaLabel":"Vrijeme"},{"$i":"importContacts3","$v":"Uvezite kontakte"},{"$i":"importSim2","$v":"SIM kartice"},{"$i":"importFb2","$v":"Facebooka"},{"$i":"importOutlook","$v":"Outlooka"},{"$i":"importGmail","$v":"Gmaila"},{"$i":"fb-checking","$v":"… provjera"},{"$i":"notImportedYet","$v":"Još nisu uvezeni"},{"$i":"otherAccount","$v":"Ostali računi"},{"$i":"afterFbImport","$v":"U postavkama kontakata možete u bilo kojem trenutku uvesti i uređivati svoje Facebook prijatelje"},{"$i":"firefox-accounts","$v":"Firefox Accounts"},{"$i":"fxa-upsell","innerHTML":"A Firefox Account lets you find a lost phone and buy apps from the Firefox Marketplace."},{"$i":"fxa-create-account-or-sign-in","$v":"Create Account or Sign In"},{"$i":"fxa-email-sent","$v":["A verification link has been sent to ",{"t":"idOrVar","v":"email"}]},{"$i":"fxa-signed-in","$v":["Signed in as ",{"t":"idOrVar","v":"email"}]},{"$i":"about-your-rights-0","$v":[{"t":"idOrVar","v":"brandShortName"}," je izradila globalna zajednica na temelju slobodnog softvera otvorenog kôda. Postoji nekoliko stvari koje trebate znati:"]},{"$i":"about-your-rights-1","$v":[{"t":"idOrVar","v":"brandShortName"}," je dostupan pod uvjetima nekoliko licenci otvorenog kôda uključujući Mozillinu javnu licencu. Uređaj koji pokreće ",{"t":"idOrVar","v":"brandShortName"}," može sadržavati vlasnički softver od trećih strana. Bilo koji dio kôda objavljen pod licencom otvorenog kôda daje vam pravo modifikacije izvornog kôda i daljnju distribuciju izmijenjenih verzija sve dok se pridržavate njihovih uvjeta."]},{"$i":"about-your-rights-2","$v":["Nisu vam odobrena bilo kakva prava ili licence koje se odnose na zaštitni znak Mozilla fundacije ili trećih strana, uključujući ",{"t":"idOrVar","v":"brandShortName"}," naziv ili logotip."]},{"$i":"about-your-rights-3","$v":["Neke mogućnosti u ",{"t":"idOrVar","v":"brandShortName"},", poput Crash Reportera, nude vam mogućnost slanja povratnih informacija Mozilli. Odabirom slanja povratnih informacija, Mozilli dajete dopuštenje za korištenje povratnih informacija za unaprijeđenje njezinih proizvoda, objavu povratnih informacija na njezinim web stranicama i distribuciju povratnih informacija."]},{"$i":"about-other","$v":"Other"},{"$i":"SIM_mandatory","$v":"Upozorenje SIM kartice"},{"$i":"SIM_mandatory_warm","$v":"Molim umetnice SIM karticu i ponovno uključite svoj telefon."},{"$i":"telemetry-sends2","$v":["Telemetry sends Mozilla data about performance, hardware, configurations, customizations and app usage in your ",{"t":"idOrVar","v":"brandShortName"}," device. We use this to make our products better, faster and more responsive."]},{"$i":"learn-more-telemetry2","innerHTML":["Learn more at <a href=\"",{"t":"idOrVar","v":"href"},"\" class=\"",{"t":"idOrVar","v":"className"},"\">",{"t":"idOrVar","v":"textContent"},"</a>"]},{"$i":"learn-more-information2","innerHTML":["Learn how Mozilla handles your information at <a href=\"",{"t":"idOrVar","v":"href"},"\" class=\"",{"t":"idOrVar","v":"className"},"\">",{"t":"idOrVar","v":"textContent"},"</a>"]},{"$i":"htmlWelcome2","innerHTML":["Welcome to <a href=\"",{"t":"idOrVar","v":"href"},"\" class=\"",{"t":"idOrVar","v":"className"},"\">",{"t":"idOrVar","v":"textContent"},"</a>, the free and open source operating system from Mozilla. Our mission is to promote openness, innovation and opportunity by keeping the power of the Web in your hands."]},{"$i":"htmlWelcome-link","$v":[{"t":"idOrVar","v":"brandShortName"}]},{"$i":"helpImprove2","innerHTML":["You can help us improve our products and services by automatically sending analytics data. See our <a href=\"",{"t":"idOrVar","v":"href"},"\" class=\"",{"t":"idOrVar","v":"className"},"\">",{"t":"idOrVar","v":"textContent"},"</a> to learn how we handle data from your device."]},{"$i":"helpImprove-link","$v":"Privacy Notice"},{"$i":"learn-more-privacy2","innerHTML":["Learn how Mozilla handles your information in our <a href=\"",{"t":"idOrVar","v":"href"},"\" class=\"",{"t":"idOrVar","v":"className"},"\">",{"t":"idOrVar","v":"textContent"},"</a>."]},{"$i":"learn-more-privacy-link","$v":"politici privatnosti"},{"$i":"aboutBrowser","$v":["O ",{"t":"idOrVar","v":"brandShortName"}]},{"$i":"aboutYourPrivacy2","$v":"Vaša privatnost"},{"$i":"mozillaCommunity2","$v":["Kada koristite ",{"t":"idOrVar","v":"brandShortName"},", postajete dijelom globalne zajednice koja pomaže stvoriti bolju budućnost za Web. Ako želite saznati više o Mozillinoj zajednici, našim ostalim proizvodima i događajima u vašoj blizini, molim upišite svoju adresu e-pošte."]},{"$i":"sharePerformanceAndUsageData2","$v":"Yes! Send data."},{"$i":"emailAddress","placeholder":"Adresa e-pošte"},{"$i":"email-successfully-added","$v":"E-pošta uspješno dodana"},{"$i":"email-loading","$v":"Spremanje vaše e-pošte…"},{"$i":"privacy-b2g","$v":[{"t":"idOrVar","v":"brandShortName"}],"title":[{"t":"idOrVar","v":"brandShortName"}]},{"$i":"privacy-marketplace","$v":"Trgovina","title":[{"t":"idOrVar","v":"privacy-marketplace"}]},{"$i":"privacy-eme","$v":"EverythingMe"},{"$i":"privacy-e-me","title":[{"t":"idOrVar","v":"privacy-e-me"}]},{"$i":"navbar-back","$v":"Natrag"},{"$i":"navbar-next","$v":"Naprijed"},{"$i":"navbar-join","$v":"Pridruži se"},{"$i":"done","$v":"Done"},{"$i":"thatsIt","$v":"That’s it!"},{"$i":"startYourPhone","$v":"Započnite obilazak vašeg telefona!"},{"$i":"startYourTablet","$v":"Započnite obilazak vašeg tableta!"},{"$i":"joinTutorial","$v":"Pridružite nam se u brzoj vodiču o vašem novom telefonu."},{"$i":"joinTutorialUpdated","$v":"Join us for a quick tutorial about the updates to your phone!"},{"$i":"enjoyYourPhone","$v":"You’re ready to enjoy your new phone."},{"$i":"enjoyYourPhoneUpdated","$v":"You’re ready to enjoy your updated phone."},{"$i":"optionsAvailable","$v":"U postavkama možete promijeniti jezik, datum/vrijeme i Wi-Fi postavke."},{"$i":"letsGo","$v":"Let’s go"},{"$i":"startTour","$v":"Započni obilazak"},{"$i":"thatsIt1Tablet-2","$v":"You can always swipe from the bottom edge to enter home screen."},{"$i":"thatsIt2Tablet-2","$v":"Let’s do it!"},{"$i":"tutorial","$v":"Tutorial"},{"$i":"tutorial-step1-large-3","$v":"Swipe down to access recent notifications, usage information and settings."},{"$i":"tutorial-step2-large-2","$v":"Swipe left or right to discover new apps on home screen."},{"$i":"tutorial-step3-large-2","$v":"Tap and hold on an icon to delete or move it."},{"$i":"tutorial-step4-large-2","$v":"Two fingers swipe up from the bottom edge to trigger card view."},{"$i":"tutorial-vertical-scroll-v2-tiny","$v":"Swipe up and down to browse your apps and bookmarks. Tap and hold an icon to delete, move, or edit it."},{"$i":"tutorial-notifications-v2-tiny","$v":"Swipe down to access recent notifications, usage information and settings."},{"$i":"tutorial-sheets-tiny","$v":"Drag from the left edge of your screen to return to recently used apps."},{"$i":"tutorial-rocketbar-tiny","$v":"Tap on the search box anytime to start a search or go to a website."},{"$i":"tutorial-bookmarks-migration-tiny","$v":"Your bookmarks have been moved to the homescreen. When editing, tap a bookmark to edit or rename it."},{"$i":"tutorial-app-grouping-tiny","$v":"Tap to expand and collapse app groups. Drag an app into a new space to create a group."},{"$i":"offline-dialog-title","$v":"Da biste vidjeli stranicu, morate biti povezani na Internet."},{"$i":"offline-dialog-text","$v":["Molim vratite se natrag i povežite se na Internet. Stranicu možete također vidjeti kasnije iz postavki ili upisivanjem adrese ",{"t":"idOrVar","v":"url"}," u bilo koji preglednik."]},{"$i":"OK","$v":"U redu"},{"$i":"offline-newsletter-dialog-title","$v":"Da biste se mogli pretplatiti na newsletter, trebate biti povezani na Internet."},{"$i":"offline-newsletter-dialog-text","$v":"Molim vratite se natrag i povežite se na Internet."},{"$i":"invalid-email-dialog-title","$v":"Adresa vaše e-pošte nije ispravna"},{"$i":"invalid-email-dialog-text","$v":"Molim vratite se i ispravite svoj unos."},{"$i":"retry","$v":"Retry"},{"$i":"cancel","$v":"Otkaži"},{"$i":"progressbar","$v":["Step ",{"t":"idOrVar","v":"step"}," of ",{"t":"idOrVar","v":"total"}],"ariaLabel":"First Time Experience"},{"$i":"weekday-0-long","$v":"Nedjelja"},{"$i":"weekday-1-long","$v":"Ponedjeljak"},{"$i":"weekday-2-long","$v":"Utorak"},{"$i":"weekday-3-long","$v":"Srijeda"},{"$i":"weekday-4-long","$v":"Četvrtak"},{"$i":"weekday-5-long","$v":"Petak"},{"$i":"weekday-6-long","$v":"Subota"},{"$i":"weekday-0-short","$v":"Ned"},{"$i":"weekday-1-short","$v":"Pon"},{"$i":"weekday-2-short","$v":"Uto"},{"$i":"weekday-3-short","$v":"Sri"},{"$i":"weekday-4-short","$v":"Čet"},{"$i":"weekday-5-short","$v":"Pet"},{"$i":"weekday-6-short","$v":"Sub"},{"$i":"month-0-long","$v":"Siječanj"},{"$i":"month-1-long","$v":"Veljača"},{"$i":"month-2-long","$v":"Ožujak"},{"$i":"month-3-long","$v":"Travanj"},{"$i":"month-4-long","$v":"Svibanj"},{"$i":"month-5-long","$v":"Lipanj"},{"$i":"month-6-long","$v":"Srpanj"},{"$i":"month-7-long","$v":"Kolovoz"},{"$i":"month-8-long","$v":"Rujan"},{"$i":"month-9-long","$v":"Listopad"},{"$i":"month-10-long","$v":"Studeni"},{"$i":"month-11-long","$v":"Prosinac"},{"$i":"month-0-genitive","$v":"Siječnja"},{"$i":"month-1-genitive","$v":"Veljače"},{"$i":"month-2-genitive","$v":"Ožujka"},{"$i":"month-3-genitive","$v":"Travnja"},{"$i":"month-4-genitive","$v":"Svibnja"},{"$i":"month-5-genitive","$v":"Lipnja"},{"$i":"month-6-genitive","$v":"Srpnja"},{"$i":"month-7-genitive","$v":"Kolovoza"},{"$i":"month-8-genitive","$v":"Rujna"},{"$i":"month-9-genitive","$v":"Listopada"},{"$i":"month-10-genitive","$v":"Studenoga"},{"$i":"month-11-genitive","$v":"Prosinca"},{"$i":"month-0-short","$v":"Sij"},{"$i":"month-1-short","$v":"Velj"},{"$i":"month-2-short","$v":"Ožu"},{"$i":"month-3-short","$v":"Tra"},{"$i":"month-4-short","$v":"Svi"},{"$i":"month-5-short","$v":"Lip"},{"$i":"month-6-short","$v":"Srp"},{"$i":"month-7-short","$v":"Kol"},{"$i":"month-8-short","$v":"Ruj"},{"$i":"month-9-short","$v":"Lis"},{"$i":"month-10-short","$v":"Stu"},{"$i":"month-11-short","$v":"Pro"},{"$i":"minutes-ago-long","$v":{"zero":"upravo","one":"prije minutu","two":["prije ",{"t":"idOrVar","v":"value"}," minute"],"few":["prije ",{"t":"idOrVar","v":"value"}," minutes"],"many":["prije ",{"t":"idOrVar","v":"value"}," minuta"],"other":["prije ",{"t":"idOrVar","v":"value"}," minuta"]},"$x":[{"t":"idOrVar","v":"plural"},"value"]},{"$i":"hours-ago-long","$v":{"zero":"upravo","one":"prije sat vremena","two":["prije ",{"t":"idOrVar","v":"value"}," sata"],"few":["prije ",{"t":"idOrVar","v":"value"}," sati"],"many":["prije ",{"t":"idOrVar","v":"value"}," sati"],"other":["prije ",{"t":"idOrVar","v":"value"}," sati"]},"$x":[{"t":"idOrVar","v":"plural"},"value"]},{"$i":"days-ago-long","$v":{"zero":"danas","one":"jučer","two":["prije ",{"t":"idOrVar","v":"value"}," dana"],"few":["prije ",{"t":"idOrVar","v":"value"}," dana"],"many":["prije ",{"t":"idOrVar","v":"value"}," dana"],"other":["prije ",{"t":"idOrVar","v":"value"}," dana"]},"$x":[{"t":"idOrVar","v":"plural"},"value"]},{"$i":"weeks-ago-long","$v":{"zero":"ovaj tjedan","one":"prošli tjedan","two":["prije ",{"t":"idOrVar","v":"value"}," tjedna"],"few":["prije ",{"t":"idOrVar","v":"value"}," tjedana"],"many":["prije ",{"t":"idOrVar","v":"value"}," tjedana"],"other":["prije ",{"t":"idOrVar","v":"value"}," tjedana"]},"$x":[{"t":"idOrVar","v":"plural"},"value"]},{"$i":"months-ago-long","$v":{"zero":"ovaj mjesec","one":"prošli mjesec","two":["prije ",{"t":"idOrVar","v":"value"}," mjeseca"],"few":["prije ",{"t":"idOrVar","v":"value"}," mjeseci"],"many":["prije ",{"t":"idOrVar","v":"value"}," mjeseci"],"other":["prije ",{"t":"idOrVar","v":"value"}," mjeseci"]},"$x":[{"t":"idOrVar","v":"plural"},"value"]},{"$i":"years-ago-long","$v":{"zero":"ove godine","one":"prošle godine","two":["prije ",{"t":"idOrVar","v":"value"}," godine"],"few":["prije ",{"t":"idOrVar","v":"value"}," godina"],"many":["prije ",{"t":"idOrVar","v":"value"}," godina"],"other":["prije ",{"t":"idOrVar","v":"value"}," godina"]},"$x":[{"t":"idOrVar","v":"plural"},"value"]},{"$i":"minutes-until-long","$v":{"zero":"upravo","one":"za minutu","two":["za ",{"t":"idOrVar","v":"value"}," minute"],"few":["za ",{"t":"idOrVar","v":"value"}," minuta"],"many":["za ",{"t":"idOrVar","v":"value"}," minuta"],"other":["za ",{"t":"idOrVar","v":"value"}," minuta"]},"$x":[{"t":"idOrVar","v":"plural"},"value"]},{"$i":"hours-until-long","$v":{"zero":"upravo","one":"za sat vremena","two":["za ",{"t":"idOrVar","v":"value"}," sata"],"few":["za ",{"t":"idOrVar","v":"value"}," sati"],"many":["za ",{"t":"idOrVar","v":"value"}," sati"],"other":["za ",{"t":"idOrVar","v":"value"}," sati"]},"$x":[{"t":"idOrVar","v":"plural"},"value"]},{"$i":"days-until-long","$v":{"zero":"danas","one":"sutra","two":["za ",{"t":"idOrVar","v":"value"}," dana"],"few":["za ",{"t":"idOrVar","v":"value"}," dana"],"many":["za ",{"t":"idOrVar","v":"value"}," dana"],"other":["za ",{"t":"idOrVar","v":"value"}," dana"]},"$x":[{"t":"idOrVar","v":"plural"},"value"]},{"$i":"weeks-until-long","$v":{"zero":"ovaj tjedan","one":"idući tjedan","two":["za ",{"t":"idOrVar","v":"value"}," tjedna"],"few":["za ",{"t":"idOrVar","v":"value"}," tjedana"],"many":["za ",{"t":"idOrVar","v":"value"}," tjedana"],"other":["za ",{"t":"idOrVar","v":"value"}," tjedana"]},"$x":[{"t":"idOrVar","v":"plural"},"value"]},{"$i":"months-until-long","$v":{"zero":"ovaj mjesec","one":"idući mjesec","two":["za ",{"t":"idOrVar","v":"value"}," mjeseca"],"few":["za ",{"t":"idOrVar","v":"value"}," mjeseci"],"many":["za ",{"t":"idOrVar","v":"value"}," mjeseci"],"other":["za ",{"t":"idOrVar","v":"value"}," mjeseci"]},"$x":[{"t":"idOrVar","v":"plural"},"value"]},{"$i":"years-until-long","$v":{"zero":"ove godine","one":"iduće godine","two":["za ",{"t":"idOrVar","v":"value"}," godine"],"few":["za ",{"t":"idOrVar","v":"value"}," godina"],"many":["za ",{"t":"idOrVar","v":"value"}," godina"],"other":["za ",{"t":"idOrVar","v":"value"}," godina"]},"$x":[{"t":"idOrVar","v":"plural"},"value"]},{"$i":"minutes-ago-short","$v":{"zero":"upravo","other":["prije ",{"t":"idOrVar","v":"value"},"m"]},"$x":[{"t":"idOrVar","v":"plural"},"value"]},{"$i":"hours-ago-short","$v":{"zero":"upravo","other":["prije ",{"t":"idOrVar","v":"value"},"s"]},"$x":[{"t":"idOrVar","v":"plural"},"value"]},{"$i":"days-ago-short","$v":{"zero":"danas","other":["prije ",{"t":"idOrVar","v":"value"},"d"]},"$x":[{"t":"idOrVar","v":"plural"},"value"]},{"$i":"minutes-until-short","$v":{"zero":"sada","other":["za ",{"t":"idOrVar","v":"value"},"m"]},"$x":[{"t":"idOrVar","v":"plural"},"value"]},{"$i":"hours-until-short","$v":{"zero":"sada","other":["za ",{"t":"idOrVar","v":"value"},"s"]},"$x":[{"t":"idOrVar","v":"plural"},"value"]},{"$i":"days-until-short","$v":{"zero":"danas","other":["za ",{"t":"idOrVar","v":"value"},"d"]},"$x":[{"t":"idOrVar","v":"plural"},"value"]},{"$i":"incorrectDate","$v":"(netočan datum)"},{"$i":"dateTimeFormat_%c","$v":"%a %e %b %Y %H:%M:%S"},{"$i":"dateTimeFormat_%x","$v":"%d.%m.%Y"},{"$i":"dateTimeFormat_%X","$v":"%H:%M:%S"},{"$i":"shortTimeFormat","$v":"%I:%M %p"},{"$i":"shortTimeFormat12","$v":"%I:%M %p"},{"$i":"shortTimeFormat24","$v":"%H:%M"},{"$i":"shortDateTimeFormat","$v":"%x %H:%M"},{"$i":"weekStartsOnMonday","$v":"1"},{"$i":"firstDayOfTheWeek","$v":"0"},{"$i":"time_am","$v":"AM"},{"$i":"time_pm","$v":"PM"},{"$i":"tz-region","$v":"Regija"},{"$i":"tz-city","$v":"Grad"},{"$i":"tzRegion-Africa","$v":"Afrika"},{"$i":"tzRegion-America","$v":"Amerika"},{"$i":"tzRegion-Antarctica","$v":"Antarktika"},{"$i":"tzRegion-Asia","$v":"Azija"},{"$i":"tzRegion-Atlantic","$v":"Atlantski ocean"},{"$i":"tzRegion-Australia","$v":"Australija"},{"$i":"tzRegion-Europe","$v":"Europa"},{"$i":"tzRegion-Indian","$v":"Indijski ocean"},{"$i":"tzRegion-Pacific","$v":"Tihi ocean"},{"$i":"close","$v":"Zatvori"},{"$i":"import","$v":"Uvezi"},{"$i":"update","$v":"Užuriraj"},{"$i":"fbFriends","$v":"Facebook prijatelji"},{"$i":"live-serviceName","$v":"Windows Live"},{"$i":"gmail-serviceName","$v":"Gmail"},{"$i":"facebook-serviceName","$v":"Facebook prijatelji"},{"$i":"selectAll","$v":"Označi sve"},{"$i":"deselectAll","$v":"Poništi odabir"},{"$i":"viewAll","$v":"Prikaži sve Facebook prijatelje"},{"$i":"viewRecommend","$v":"Prikaži samo preporučene"},{"$i":"linkProposal","$v":{"zero":"Nema prijatelja koji se podudaraju. Prikazuju se svi","one":"Odaberi preporučenog prijatelja","two":"Odaberi preporučene","few":"Odaberi preporučene","many":"Odaberi preporučene","other":"Odaberi preporučene"},"$x":[{"t":"idOrVar","v":"plural"},"numFriends"]},{"$i":"fbFriendsFound","$v":{"zero":"Svi vaši prijatelji su uvezeni","one":"Pronađen je jedan prijatelj za uvoz","two":["Pronađena su ",{"t":"idOrVar","v":"numFriends"}," prijatelja za uvoz"],"few":["Pronađeno je ",{"t":"idOrVar","v":"numFriends"}," prijatelja za uvoz"],"many":["Pronađeno je ",{"t":"idOrVar","v":"numFriends"}," prijatelja za uvoz"],"other":["Pronađeno je ",{"t":"idOrVar","v":"numFriends"}," prijatelja za uvoz"]},"$x":[{"t":"idOrVar","v":"plural"},"numFriends"]},{"$i":"fbNoFriends","$v":"No contacts available to import"},{"$i":"search-contact","placeholder":"Traži"},{"$i":"noResults","$v":"Nema pronađenih kontakata"},{"$i":"done-search","$v":"Gotovo"},{"$i":"progressFB3ImportTitle","$v":"Uvoz prijatelja iz kontakata"},{"$i":"progressFB","$v":[{"t":"idOrVar","v":"current"},"/",{"t":"idOrVar","v":"total"}]},{"$i":"progressFB3UpdateTitle","$v":"Ažuriranje prijatelja u kontaktima"},{"$i":"message2","$v":"Ovo može potrajati nekoliko minuta"},{"$i":"messageLinking","$v":"Molim pričekajte. Povezujemo vašeg prijatelja i kontakta."},{"$i":"messageCanceling","$v":"Trenutna operacija se otkazuje. Molim pričekajte."},{"$i":"error1","$v":["Greška ",{"t":"idOrVar","v":"from"}]},{"$i":"error2","$v":"Želite li pokušati ponovno?"},{"$i":"errorProposal","$v":"računanja prijedloga"},{"$i":"errorFriends","$v":"preuzimanja prijatelja"},{"$i":"errorLinking","$v":"povezivanja kontakta"},{"$i":"timeout1","$v":["Isteklo je vrijeme za ",{"t":"idOrVar","v":"from"}]},{"$i":"timeout2","$v":"Želite li pokušati ponovno?"},{"$i":"timeoutProposal","$v":"računanja prijedloga"},{"$i":"timeoutFriends","$v":"preuzimanje prijatelja"},{"$i":"timeoutLinking","$v":"povezivanje kontakta"},{"$i":"wait1","$v":"Molim pričekajte"},{"$i":"wait2","$v":"Ovo može potrajati nekoliko minuta"},{"$i":"waitProposal","$v":"Molim pričekajte. Računa se prijedlog."},{"$i":"waitFriends","$v":"Molim pričekajte. U tijeku je preuzimanje popisa prijatelja."},{"$i":"curtainCancel","$v":"Otkaži"},{"$i":"curtainRetry","$v":"Pokušaj ponovno"},{"$i":"curtainOK","$v":"U redu"},{"$i":"connectionLost","$v":"Nema Internet veze"},{"$i":"connectionLostMsg","$v":"Slike prijatelja neće biti dodane u vaše kontakte. Svejedno nastaviti?"},{"$i":"yesOption","$v":"U redu"},{"$i":"noOption","$v":"Otkaži"},{"$i":"friendsUpdated","$v":{"zero":"Nema ažuriranih prijatelja","one":"Ažuriran je jedan prijatelj","two":["Ažurirana ",{"t":"idOrVar","v":"numFriends"}," prijatelja"],"few":["Ažurirano ",{"t":"idOrVar","v":"numFriends"}," prijatelja"],"many":["Ažurirano ",{"t":"idOrVar","v":"numFriends"}," prijatelja"],"other":["Ažurirano ",{"t":"idOrVar","v":"numFriends"}," prijatelja"]},"$x":[{"t":"idOrVar","v":"plural"},"numFriends"]},{"$i":"friendsMerged","$v":{"zero":"No duplicated friends merged","one":"One duplicated friend merged","two":[{"t":"idOrVar","v":"numDups"}," friends merged"],"few":[{"t":"idOrVar","v":"numDups"}," friends merged"],"many":[{"t":"idOrVar","v":"numDups"}," friends merged"],"other":[{"t":"idOrVar","v":"numDups"}," friends merged"]},"$x":[{"t":"idOrVar","v":"plural"},"numDups"]},{"$i":"notificationLogin","$v":"Vaša Facebook prijava je neispravna. Molim prijavite se."},{"$i":"syncError","$v":"There was an error synchronizing your friend’s data"}]