[{"$i":"brandShortName","$v":"B2G OS"},{"$i":"browserBrandShortName","$v":"Web Browser"},{"$i":"browserBrandFullName","$v":"Mozilla Web Browser"},{"$i":"ringtoneBrandName","$v":"Default"},{"$i":"ringtoneSectionBrandName","$v":"System"},{"$i":"back","$v":"Vissza"},{"$i":"noSimMsg","$v":"Névjegyek másolásához helyezze be vagy oldja fel SIM-kártyáját"},{"$i":"noMemoryCardMsg","$v":"Névjegyek másolásához helyezzen be egy memóriakártyát"},{"$i":"importMemoryCard","$v":"Memóriakártya"},{"$i":"noConnection11","$v":"Facebook ismerősök vagy névjegyek átmásolásához kapcsolódjon egy Wi-Fi-s vagy mobilos adathálózathoz."},{"$i":"emptyAccount","$v":"No friends or contacts found in this account."},{"$i":"simContacts-import","$v":"Névjegyek másolása SIM-ről"},{"$i":"simContacts-importing","$v":"Névjegyek másolása SIM-ről…"},{"$i":"simContacts-reading","$v":"Olvasás a SIM kártyáról…"},{"$i":"simContacts-error","$v":"Nem lehet névjegyeket másolni a SIM-ről"},{"$i":"simContacts-imported3","$v":{"zero":"Nincsenek átmásolható névjegyek a SIM-en","one":"Egy névjegy átmásolva","two":[{"t":"idOrVar","v":"n"}," névjegy átmásolva"],"few":[{"t":"idOrVar","v":"n"}," névjegy átmásolva"],"many":[{"t":"idOrVar","v":"n"}," névjegy átmásolva"],"other":[{"t":"idOrVar","v":"n"}," névjegy átmásolva"]},"$x":[{"t":"idOrVar","v":"plural"},"n"]},{"$i":"memoryCardContacts-import","$v":"Névjegyek másolása memóriakártyáról"},{"$i":"memoryCardContacts-importing","$v":"Névjegyek másolása memóriakártyáról…"},{"$i":"memoryCardContacts-reading","$v":"Olvasás memóriakártyáról…"},{"$i":"memoryCardContacts-error","$v":"Nem sikerült névjegyeket átmásolni a memóriakártyáról"},{"$i":"memoryCardContacts-imported3","$v":{"zero":"Nincs átmásolható névjegy a memóriakártyán","one":"Egy névjegy átmásolva","two":[{"t":"idOrVar","v":"n"}," névjegy átmásolva"],"few":[{"t":"idOrVar","v":"n"}," névjegy átmásolva"],"many":[{"t":"idOrVar","v":"n"}," névjegy átmásolva"],"other":[{"t":"idOrVar","v":"n"}," névjegy átmásolva"]},"$x":[{"t":"idOrVar","v":"plural"},"n"]},{"$i":"genericProgress","$v":[{"t":"idOrVar","v":"current"},"/",{"t":"idOrVar","v":"total"}]},{"$i":"facebook","$v":"Facebook"},{"$i":"facebook-import-msg2","$v":[{"t":"idOrVar","v":"imported"},"/",{"t":"idOrVar","v":"total"}," friends imported"]},{"$i":"contactsMerged","$v":{"zero":"Nem lettek többszörös névjegyek egyesítve","one":"Egy többszörös névjegy egyesítve","two":[{"t":"idOrVar","v":"numDups"}," névjegy egyesítve"],"few":[{"t":"idOrVar","v":"numDups"}," névjegy egyesítve"],"many":[{"t":"idOrVar","v":"numDups"}," névjegy egyesítve"],"other":[{"t":"idOrVar","v":"numDups"}," névjegy egyesítve"]},"$x":[{"t":"idOrVar","v":"plural"},"numDups"]},{"$i":"pincode2","$v":"Adja meg a PIN kódot"},{"$i":"type_pin","$v":"Írja be PIN kódját"},{"$i":"pincodeLabel","$v":[{"t":"idOrVar","v":"n"},". SIM PIN"]},{"$i":"pinValidation","$v":"A PIN 4 és 8 karakter közti hosszúságú kell legyen."},{"$i":"pinError","$v":"A PIN kód helytelen volt."},{"$i":"pinAttemptMsg2","$v":{"one":"Egy kísérlete van a helyes kód megadására a SIM kártya zárolása előtt.","two":[{"t":"idOrVar","v":"n"}," kísérlete van a helyes kód megadására a SIM kártya zárolása előtt."],"few":[{"t":"idOrVar","v":"n"}," kísérlete van a helyes kód megadására a SIM kártya zárolása előtt."],"many":[{"t":"idOrVar","v":"n"}," kísérlete van a helyes kód megadására a SIM kártya zárolása előtt."],"other":[{"t":"idOrVar","v":"n"}," kísérlete van a helyes kód megadására a SIM kártya zárolása előtt."]},"$x":[{"t":"idOrVar","v":"plural"},"n"]},{"$i":"pinLastChanceMsg","$v":"Ez az utolsó lehetősége a helyes PIN kód megadására. Ellenkező esetben a PUK kódot kell megadnia a SIM kártya használatához."},{"$i":"pukcode","$v":"Írja be a PUK kódot"},{"$i":"pukcodeTitle","$v":[{"t":"idOrVar","v":"n"},". SIM PUK beírása"]},{"$i":"pukcodeLabel","$v":[{"t":"idOrVar","v":"n"},". SIM PUK"]},{"$i":"type_puk","$v":"PUK kód"},{"$i":"pukValidation","$v":"A PUK pontosan 8 karakter hosszú kell legyen."},{"$i":"pukInfo","$v":"Meg kell adnia a SIM kártya PUK (személyes feloldókulcs) kódját. További információkért nézze meg a SIM kártya dokumentációját, vagy keresse meg szolgáltatóját."},{"$i":"pukError","$v":"Meg kell adnia a SIM kártya PUK (személyes feloldókulcs) kódját. További információkért nézze meg a SIM kártya dokumentációját, vagy keresse meg szolgáltatóját."},{"$i":"pukAttemptMsg2","$v":{"one":"Még egy lehetősége van a helyes kód megadására, mielőtt a SIM kártya véglegesen használhatatlanná válik. További információkért nézze meg a SIM kártya dokumentációját, vagy keresse meg szolgáltatóját.","two":["Még ",{"t":"idOrVar","v":"n"}," lehetősége van a helyes kód megadására, mielőtt a SIM kártya véglegesen használhatatlanná válik. További információkért nézze meg a SIM kártya dokumentációját, vagy keresse meg szolgáltatóját."],"few":["Még ",{"t":"idOrVar","v":"n"}," lehetősége van a helyes kód megadására, mielőtt a SIM kártya véglegesen használhatatlanná válik. További információkért nézze meg a SIM kártya dokumentációját, vagy keresse meg szolgáltatóját."],"many":["Még ",{"t":"idOrVar","v":"n"}," lehetősége van a helyes kód megadására, mielőtt a SIM kártya véglegesen használhatatlanná válik. További információkért nézze meg a SIM kártya dokumentációját, vagy keresse meg szolgáltatóját."],"other":["Még ",{"t":"idOrVar","v":"n"}," lehetősége van a helyes kód megadására, mielőtt a SIM kártya véglegesen használhatatlanná válik. További információkért nézze meg a SIM kártya dokumentációját, vagy keresse meg szolgáltatóját."]},"$x":[{"t":"idOrVar","v":"plural"},"n"]},{"$i":"pukLastChanceMsg","$v":"Ez az utolsó lehetősége a helyes PUK kód megadására. A SIM kártyája véglegesen használhatatlan lesz, ha rossz PUK kódot ad meg."},{"$i":"create_newpin","$v":"Új PIN létrehozása (4 – 8 számjegy)"},{"$i":"confirm_newpin","$v":"Új PIN kód megerősítése"},{"$i":"newpinConfirmation","$v":"A PIN kódok nem egyeznek."},{"$i":"nckcode","$v":"Írja be az NCK kódot"},{"$i":"cckcode","$v":"Írja be a CCK kódot"},{"$i":"spckcode","$v":"Írja be az SPCK kódot"},{"$i":"nck1code","$v":"NCK1 kód megadása"},{"$i":"nck2code","$v":"NCK2 kód megadása"},{"$i":"hnckcode","$v":"HNCK kód megadása"},{"$i":"rcckcode","$v":"RCCK kód megadása"},{"$i":"rspckcode","$v":"RSPCK kód megadása"},{"$i":"nckcodeTitle","$v":[{"t":"idOrVar","v":"n"},". SIM NCK beírása"]},{"$i":"cckcodeTitle","$v":[{"t":"idOrVar","v":"n"},". SIM CCK beírása"]},{"$i":"spckcodeTitle","$v":[{"t":"idOrVar","v":"n"},". SIM SPCK beírása"]},{"$i":"nck1codeTitle","$v":[{"t":"idOrVar","v":"n"},". SIM NCK1 beírása"]},{"$i":"nck2codeTitle","$v":[{"t":"idOrVar","v":"n"},". SIM NCK2 beírása"]},{"$i":"hnckcodeTitle","$v":[{"t":"idOrVar","v":"n"},". SIM HNCK beírása"]},{"$i":"rcckcodeTitle","$v":[{"t":"idOrVar","v":"n"},". SIM RCCK beírása"]},{"$i":"rspckcodeTitle","$v":[{"t":"idOrVar","v":"n"},". SIM RSPCK beírása"]},{"$i":"nckcodeLabel","$v":[{"t":"idOrVar","v":"n"},". SIM NCK"]},{"$i":"cckcodeLabel","$v":[{"t":"idOrVar","v":"n"},". SIM CCK"]},{"$i":"spckcodeLabel","$v":[{"t":"idOrVar","v":"n"},". SIM SPCK"]},{"$i":"nck1codeLabel","$v":[{"t":"idOrVar","v":"n"},". SIM NCK1"]},{"$i":"nck2codeLabel","$v":[{"t":"idOrVar","v":"n"},". SIM NCK2"]},{"$i":"hnckcodeLabel","$v":[{"t":"idOrVar","v":"n"},". SIM HNCK"]},{"$i":"rcckcodeLabel","$v":[{"t":"idOrVar","v":"n"},". SIM RCCK"]},{"$i":"rspckcodeLabel","$v":[{"t":"idOrVar","v":"n"},". SIM RSPCK"]},{"$i":"type_nck","$v":"Írja be az NCK kódot"},{"$i":"type_cck","$v":"Írja be a CCK kódot"},{"$i":"type_spck","$v":"Írja be az SPCK kódot"},{"$i":"type_nck1","$v":"Írja be az NCK1 kódot"},{"$i":"type_nck2","$v":"Írja be az NCK2 kódot"},{"$i":"type_hnck","$v":"Írja be az HNCK kódot"},{"$i":"type_rcck","$v":"Írja be az RCCK kódot"},{"$i":"type_rspck","$v":"Írja be az RSPCK kódot"},{"$i":"nckValidation","$v":"Az NCK 8 és 16 karakter közti hosszúságú kell legyen."},{"$i":"cckValidation","$v":"A CCK 8 és 16 karakter közti hosszúságú kell legyen."},{"$i":"spckValidation","$v":"Az SPCK 8 és 16 karakter közti hosszúságú kell legyen."},{"$i":"nck1Validation","$v":"Az NCK1 8 és 16 karakter közti hosszúságú kell legyen."},{"$i":"nck2Validation","$v":"Az NCK2 8 és 16 karakter közti hosszúságú kell legyen."},{"$i":"hnckValidation","$v":"A HNCK 8 és 16 karakter közti hosszúságú kell legyen."},{"$i":"rcckValidation","$v":"Az RCCK 8 és 16 karakter közti hosszúságú kell legyen."},{"$i":"rspckValidation","$v":"Az RSPCK 8 és 16 karakter közti hosszúságú kell legyen."},{"$i":"nckErrorMsg","$v":"Az NCK kód helytelen."},{"$i":"nckAttemptMsg2","$v":{"one":"A hálózat személytelenítésére vonatkozó kérés sikertelen. Még egy lehetősége van a helyes kód megadására. Nézze meg az eszköz dokumentációját, vagy keresse meg szolgáltatóját.","two":["A hálózat személytelenítésére vonatkozó kérés sikertelen. Még ",{"t":"idOrVar","v":"n"}," lehetősége van a helyes kód megadására. Nézze meg az eszköz dokumentációját, vagy keresse meg szolgáltatóját."],"few":["A hálózat személytelenítésére vonatkozó kérés sikertelen. Még ",{"t":"idOrVar","v":"n"}," lehetősége van a helyes kód megadására. Nézze meg az eszköz dokumentációját, vagy keresse meg szolgáltatóját."],"many":["A hálózat személytelenítésére vonatkozó kérés sikertelen. Még ",{"t":"idOrVar","v":"n"}," lehetősége van a helyes kód megadására. Nézze meg az eszköz dokumentációját, vagy keresse meg szolgáltatóját."],"other":["A hálózat személytelenítésére vonatkozó kérés sikertelen. Még ",{"t":"idOrVar","v":"n"}," lehetősége van a helyes kód megadására. Nézze meg az eszköz dokumentációját, vagy keresse meg szolgáltatóját."]},"$x":[{"t":"idOrVar","v":"plural"},"n"]},{"$i":"nckLastChanceMsg","$v":"A hálózat személytelenítésére vonatkozó kérés sikertelen. Ez az utolsó lehetősége a helyes NCK kód megadására. Nézze meg az eszköz dokumentációját, vagy keresse meg szolgáltatóját."},{"$i":"skip","$v":"Kihagyás"},{"$i":"send","$v":"Küldés"},{"$i":"ok","$v":"OK"},{"$i":"simLocked","$v":"A SIM kártya zárolva van"},{"$i":"inputCodeRetriesLeft","$v":{"one":"Utolsó kísérlet.","two":["Még ",{"t":"idOrVar","v":"n"}," kísérlete van."],"few":["Még ",{"t":"idOrVar","v":"n"}," kísérlete van."],"many":["Még ",{"t":"idOrVar","v":"n"}," kísérlete van."],"other":["Még ",{"t":"idOrVar","v":"n"}," kísérlete van."]},"$x":[{"t":"idOrVar","v":"plural"},"n"]},{"$i":"simManager","$v":"SIM-kezelő"},{"$i":"simDetail","$v":[{"t":"idOrVar","v":"n"},". SIM"]},{"$i":"simDefault","$v":"(alapértelmezett)"},{"$i":"simDefaultMessage","$v":"Kimenő hívások, kimenő üzenetek és az adatkapcsolat alapesetben az 1. SIM-re vannak állítva"},{"$i":"simSettingsMessage","$v":"Az alapbeállítások a Beállítások > SIM kártyakezelőben módosíthatók"},{"$i":"simPinLocked","$v":"SIM PIN zárolva"},{"$i":"noOperator","$v":"Nincs szolgáltató"},{"$i":"searchingOperator","$v":"Searching"},{"$i":"language","$v":"Nyelv"},{"$i":"3g","$v":"Mobiladatok"},{"$i":"dataConnection","$v":"Adatkapcsolat"},{"$i":"dataConnectionInfo","$v":"Az adatkapcsolat engedélyezése lehetővé teszi a telefon Wi-Fi kapcsolat nélküli beállítását. Később ezt a Beállításokban is bekapcsolhatja. A borsos számlák elkerülése érdekében győződjön meg arról, hogy van adatkapcsolati előfizetése a szolgáltatójánál."},{"$i":"caution","$v":"Figyelmeztetés"},{"$i":"geolocation","$v":"Helymeghatározás"},{"$i":"geolocationCheckbox","$v":"Helymeghatározás"},{"$i":"geolocationInfo2","$v":["A ",{"t":"idOrVar","v":"brandShortName"}," a GPS, Wi-Fi és a közeli mobil hálózatok adatait használja a megközelítő hely meghatározásához."]},{"$i":"geolocationInfoMore","$v":"A Mozillának és más szolgáltatóknak adatok kerülnek elküldésre, amelyek összesítve azok helyadatbázisainak javítására lesznek felhasználva. Az eszközén adatok kerülhetnek tárolásra, és adatgyűjtés történhet akkor is, ha nem futnak appok."},{"$i":"notice","$v":"Figyelmeztetés"},{"$i":"aboutYourPrivacy","$v":"Információk az adatvédelemről"},{"$i":"scanningNetworks","$v":"Hálózatok keresése"},{"$i":"selectNetwork","$v":"Hálózatok"},{"$i":"shortStatus-connecting","$v":"Kapcsolódás…"},{"$i":"shortStatus-associated","$v":"IP-cím beszerzése…"},{"$i":"shortStatus-connected","$v":"Kapcsolódva"},{"$i":"shortStatus-connectingfailed","$v":"Kapcsolódás sikertelen"},{"$i":"shortStatus-disconnected","$v":"Nincs kapcsolat"},{"$i":"securedBy","$v":["biztosítja: ",{"t":"idOrVar","v":"capabilities"}]},{"$i":"security","$v":"Biztonság"},{"$i":"securityNone","$v":"Nincs"},{"$i":"securityWEP","$v":"WEP"},{"$i":"securityWPA-PSK","$v":"WPA-PSK"},{"$i":"securityWPA-EAP","$v":"WPA-EAP"},{"$i":"securityOpen","$v":"Open","ariaLabel":"Security"},{"$i":"identity","$v":"Felhasználó"},{"$i":"identityInput","placeholder":"Felhasználó"},{"$i":"password","$v":"Jelszó"},{"$i":"passwordInput","placeholder":"Jelszó"},{"$i":"showPassword","$v":"Jelszó megjelenítése"},{"$i":"refresh","$v":"Frissítés"},{"$i":"noWifiFound3","$v":"Nem található vezeték nélküli hálózat"},{"$i":"join-hidden-button","$v":"Rejtett hálózat elérése"},{"$i":"authentication","$v":"Hitelesítés"},{"$i":"ssid-name","$v":"SSID hálózat neve"},{"$i":"wifiLevel","ariaLabel":[{"t":"idOrVar","v":"level"}," of 4 bars"]},{"$i":"networksList","ariaLabel":"Networks found"},{"$i":"dateAndTime","$v":"Dátum és idő"},{"$i":"timezoneTitle","$v":["UTC",{"t":"idOrVar","v":"utcOffset"}," ",{"t":"idOrVar","v":"region"},"/",{"t":"idOrVar","v":"city"}]},{"$i":"timeZone","$v":"Időzóna"},{"$i":"change","$v":"Módosítás"},{"$i":"region","ariaLabel":"Terület"},{"$i":"city","ariaLabel":"Város"},{"$i":"date","ariaLabel":"Dátum"},{"$i":"time","ariaLabel":"Idő"},{"$i":"importContacts3","$v":"Névjegyek másolása"},{"$i":"importSim2","$v":"SIM kártya"},{"$i":"importFb2","$v":"Facebook"},{"$i":"importOutlook","$v":"Outlook"},{"$i":"importGmail","$v":"Gmail"},{"$i":"fb-checking","$v":"… ellenőrzés"},{"$i":"notImportedYet","$v":"Még nincs átmásolva"},{"$i":"otherAccount","$v":"Más fiókok"},{"$i":"afterFbImport","$v":"A Névjegyek beállításai alatt bármikor átmásolhat és szerkeszthet facebookos ismerősöket"},{"$i":"firefox-accounts","$v":"Firefox fiókok"},{"$i":"fxa-upsell","innerHTML":"Firefox fiókkal megtalálható az elveszett telefon, és appok vásárolhatók a Firefox Marketplace-ről."},{"$i":"fxa-create-account-or-sign-in","$v":"Fiók létrehozása vagy bejelentkezés"},{"$i":"fxa-email-sent","$v":["A megerősítő hivatkozás elküldve ide: ",{"t":"idOrVar","v":"email"}]},{"$i":"fxa-signed-in","$v":["Bejelentkezve, mint: ",{"t":"idOrVar","v":"email"}]},{"$i":"about-your-rights-0","$v":["A ",{"t":"idOrVar","v":"brandShortName"}," ingyenes és nyílt forrású szoftver, amelyet világszerte több ezer ember fejleszt. Néhány dologról tudnia kell:"]},{"$i":"about-your-rights-1","$v":["A ",{"t":"idOrVar","v":"brandShortName"}," a Mozilla Public License feltételei szerint lett közreadva. Ez azt jelenti, hogy a ",{"t":"idOrVar","v":"brandShortName"}," használható, másolható és terjeszthető. A ",{"t":"idOrVar","v":"brandShortName"}," forráskódjának igény szerinti módosítása szintén megengedett. A Mozilla Public License megadja a jogot a módosított verziók terjesztésére is."]},{"$i":"about-your-rights-2","$v":["Ön nem kapott jogot vagy felhatalmazást a védjegyek használatára sem a Mozilla Foundationtől, sem mástól, beleértve – de nem csak erre korlátozva – a ",{"t":"idOrVar","v":"brandShortName"}," nevet és logót."]},{"$i":"about-your-rights-3","$v":["A ",{"t":"idOrVar","v":"brandShortName"}," egyes funkciói, például a Hibabejelentő, lehetőséget ad a visszajelzésre a Mozilla felé. A visszajelzés elküldésével Ön engedélyt ad a Mozilla részére, hogy a visszajelzést a termékei fejlesztésére használja fel, a visszajelzést közzétegye a webhelyein, valamint a visszajelzést terjessze."]},{"$i":"about-other","$v":"Egyéb"},{"$i":"SIM_mandatory","$v":"SIM kártya figyelmeztetés"},{"$i":"SIM_mandatory_warm","$v":"Tegye be a SIM kártyát és indítsa újra a telefont."},{"$i":"telemetry-sends2","$v":["A telemetria adatokat küld a Mozillának a ",{"t":"idOrVar","v":"brandShortName"}," eszköz teljesítményéről, hardveréről, beállításairól, testreszabásáról és az appok használatáról. Ezeket a termékeink jobbá, gyorsabbá és válaszkészebbé tételéhez használjuk fel."]},{"$i":"learn-more-telemetry2","innerHTML":["Learn more at <a href=\"",{"t":"idOrVar","v":"href"},"\" class=\"",{"t":"idOrVar","v":"className"},"\">",{"t":"idOrVar","v":"textContent"},"</a>"]},{"$i":"learn-more-information2","innerHTML":["Learn how Mozilla handles your information at <a href=\"",{"t":"idOrVar","v":"href"},"\" class=\"",{"t":"idOrVar","v":"className"},"\">",{"t":"idOrVar","v":"textContent"},"</a>"]},{"$i":"htmlWelcome2","innerHTML":["Welcome to <a href=\"",{"t":"idOrVar","v":"href"},"\" class=\"",{"t":"idOrVar","v":"className"},"\">",{"t":"idOrVar","v":"textContent"},"</a>, the free and open source operating system from Mozilla. Our mission is to promote openness, innovation and opportunity by keeping the power of the Web in your hands."]},{"$i":"htmlWelcome-link","$v":[{"t":"idOrVar","v":"brandShortName"}]},{"$i":"helpImprove2","innerHTML":["You can help us improve our products and services by automatically sending analytics data. See our <a href=\"",{"t":"idOrVar","v":"href"},"\" class=\"",{"t":"idOrVar","v":"className"},"\">",{"t":"idOrVar","v":"textContent"},"</a> to learn how we handle data from your device."]},{"$i":"helpImprove-link","$v":"Adatvédelmi megjegyzést"},{"$i":"learn-more-privacy2","innerHTML":["Learn how Mozilla handles your information in our <a href=\"",{"t":"idOrVar","v":"href"},"\" class=\"",{"t":"idOrVar","v":"className"},"\">",{"t":"idOrVar","v":"textContent"},"</a>."]},{"$i":"learn-more-privacy-link","$v":"adatvédelmi irányelveinkből"},{"$i":"aboutBrowser","$v":[{"t":"idOrVar","v":"brandShortName"}," névjegye"]},{"$i":"aboutYourPrivacy2","$v":"Adatvédelem"},{"$i":"mozillaCommunity2","$v":["A ",{"t":"idOrVar","v":"brandShortName"}," használatával egy globális közösség részévé válik, és segít szebbé tenni a web jövőjét. Ha szeretne többet tudni a Mozilla közösségről, más termékeinkről és Önhöz közeli eseményeinkről, akkor adja meg alább az e-mail címét."]},{"$i":"sharePerformanceAndUsageData2","$v":"Igen, küldök adatokat."},{"$i":"emailAddress","placeholder":"E-mail cím"},{"$i":"email-successfully-added","$v":"Az e-mail sikeresen felvéve!"},{"$i":"email-loading","$v":"E-mail mentése…"},{"$i":"privacy-b2g","$v":[{"t":"idOrVar","v":"brandShortName"}],"title":[{"t":"idOrVar","v":"brandShortName"}]},{"$i":"privacy-marketplace","$v":"Marketplace","title":[{"t":"idOrVar","v":"privacy-marketplace"}]},{"$i":"privacy-eme","$v":"EverythingMe"},{"$i":"privacy-e-me","title":[{"t":"idOrVar","v":"privacy-e-me"}]},{"$i":"navbar-back","$v":"Vissza"},{"$i":"navbar-next","$v":"Tovább"},{"$i":"navbar-join","$v":"Csatlakozás"},{"$i":"done","$v":"Kész"},{"$i":"thatsIt","$v":"Gratulálunk!"},{"$i":"startYourPhone","$v":"A telefonismertető indítása"},{"$i":"startYourTablet","$v":"A tablet ismertető indítása"},{"$i":"joinTutorial","$v":"Hadd mutassuk be új telefonját."},{"$i":"joinTutorialUpdated","$v":"Tekintse meg a következő bemutatót a telefonjára érkező frissítésekről!"},{"$i":"enjoyYourPhone","$v":"Készen áll új telefonja használatára."},{"$i":"enjoyYourPhoneUpdated","$v":"Készen áll frissített telefonja használatához."},{"$i":"optionsAvailable","$v":"A Beállításokban módosíthatja a nyelvet, a dátumot/időt és a Wi-Fi kapcsolatot."},{"$i":"letsGo","$v":"Gyerünk"},{"$i":"startTour","$v":"Bemutató"},{"$i":"thatsIt1Tablet-2","$v":"Lentről felfelé csúsztatva bármikor elérheti a kezdőképernyőt."},{"$i":"thatsIt2Tablet-2","$v":"Csináljuk!"},{"$i":"tutorial","$v":"Ismertető"},{"$i":"tutorial-step1-large-3","$v":"Swipe down to access recent notifications, usage information and settings."},{"$i":"tutorial-step2-large-2","$v":"Jobbra vagy balra csúsztatva új appokat fedezhet fel a kezdőképernyőn."},{"$i":"tutorial-step3-large-2","$v":"Mutasson egy ikonra, és tartsa rajta az ujját a törléséhez vagy az áthelyezéséhez."},{"$i":"tutorial-step4-large-2","$v":"Két ujjal lentről felfelé csúsztatva beléphet a kártya nézetbe."},{"$i":"tutorial-vertical-scroll-v2-tiny","$v":"Csúsztasson felfelé és lefelé az appok és könyvjelzők tallózásához. Mutasson egy ikonra, és tartsa rajta az ujját a törléséhez, áthelyezéséhez vagy szerkesztéséhez."},{"$i":"tutorial-notifications-v2-tiny","$v":"Swipe down to access recent notifications, usage information and settings."},{"$i":"tutorial-sheets-tiny","$v":"A képernyő bal széléről húzva visszatérhet a legutóbb használt alkalmazásokhoz."},{"$i":"tutorial-rocketbar-tiny","$v":"Koppintson a keresőmezőre a kereséshez vagy egy weboldal megnyitásához."},{"$i":"tutorial-bookmarks-migration-tiny","$v":"Könyvjelzői áthelyezésre kerültek a kezdőképernyőre. Szerkesztéskor koppintson egy könyvjelzőre a szerkesztéséhez vagy átnevezéséhez."},{"$i":"tutorial-app-grouping-tiny","$v":"Tap to expand and collapse app groups. Drag an app into a new space to create a group."},{"$i":"offline-dialog-title","$v":"Az oldal megjelenítéséhez csatlakoznia kell az internetre."},{"$i":"offline-dialog-text","$v":["Lépjen vissza, és csatlakozzon az internetre. Az oldalt később a Beállításokból, vagy a ",{"t":"idOrVar","v":"url"}," cím bármely böngészőbe való beírásával is megjelenítheti."]},{"$i":"OK","$v":"OK"},{"$i":"offline-newsletter-dialog-title","$v":"Csatlakoznia kell az internetre a feliratkozáshoz a hírlevélre."},{"$i":"offline-newsletter-dialog-text","$v":"Lépjen vissza, és csatlakozzon az internetre."},{"$i":"invalid-email-dialog-title","$v":"Az e-mail cím érvénytelen."},{"$i":"invalid-email-dialog-text","$v":"Lépjen vissza, és javítsa a bejegyzést."},{"$i":"retry","$v":"Próbálja újra"},{"$i":"cancel","$v":"Mégse"},{"$i":"progressbar","$v":[{"t":"idOrVar","v":"step"}," / ",{"t":"idOrVar","v":"total"}," lépés"],"ariaLabel":"Első használat alkalmazás"},{"$i":"weekday-0-long","$v":"Vasárnap"},{"$i":"weekday-1-long","$v":"Hétfő"},{"$i":"weekday-2-long","$v":"Kedd"},{"$i":"weekday-3-long","$v":"Szerda"},{"$i":"weekday-4-long","$v":"Csütörtök"},{"$i":"weekday-5-long","$v":"Péntek"},{"$i":"weekday-6-long","$v":"Szombat"},{"$i":"weekday-0-short","$v":"Va."},{"$i":"weekday-1-short","$v":"Hé."},{"$i":"weekday-2-short","$v":"Ke."},{"$i":"weekday-3-short","$v":"Sze."},{"$i":"weekday-4-short","$v":"Csü."},{"$i":"weekday-5-short","$v":"Pé."},{"$i":"weekday-6-short","$v":"Szo."},{"$i":"month-0-long","$v":"Január"},{"$i":"month-1-long","$v":"Február"},{"$i":"month-2-long","$v":"Március"},{"$i":"month-3-long","$v":"Április"},{"$i":"month-4-long","$v":"Május"},{"$i":"month-5-long","$v":"Június"},{"$i":"month-6-long","$v":"Július"},{"$i":"month-7-long","$v":"Augusztus"},{"$i":"month-8-long","$v":"Szeptember"},{"$i":"month-9-long","$v":"Október"},{"$i":"month-10-long","$v":"November"},{"$i":"month-11-long","$v":"December"},{"$i":"month-0-genitive","$v":"Január"},{"$i":"month-1-genitive","$v":"Február"},{"$i":"month-2-genitive","$v":"Március"},{"$i":"month-3-genitive","$v":"Április"},{"$i":"month-4-genitive","$v":"Május"},{"$i":"month-5-genitive","$v":"Június"},{"$i":"month-6-genitive","$v":"Július"},{"$i":"month-7-genitive","$v":"Augusztus"},{"$i":"month-8-genitive","$v":"Szeptember"},{"$i":"month-9-genitive","$v":"Október"},{"$i":"month-10-genitive","$v":"November"},{"$i":"month-11-genitive","$v":"December"},{"$i":"month-0-short","$v":"Jan"},{"$i":"month-1-short","$v":"Feb"},{"$i":"month-2-short","$v":"Már"},{"$i":"month-3-short","$v":"Ápr"},{"$i":"month-4-short","$v":"Máj"},{"$i":"month-5-short","$v":"Jún"},{"$i":"month-6-short","$v":"Júl"},{"$i":"month-7-short","$v":"Aug"},{"$i":"month-8-short","$v":"Szep"},{"$i":"month-9-short","$v":"Okt"},{"$i":"month-10-short","$v":"Nov"},{"$i":"month-11-short","$v":"Dec"},{"$i":"minutes-ago-long","$v":{"zero":"épp most","one":"egy perccel ezelőtt","two":[{"t":"idOrVar","v":"value"}," perccel ezelőtt"],"few":[{"t":"idOrVar","v":"value"}," perccel ezelőtt"],"many":[{"t":"idOrVar","v":"value"}," perccel ezelőtt"],"other":[{"t":"idOrVar","v":"value"}," perccel ezelőtt"]},"$x":[{"t":"idOrVar","v":"plural"},"value"]},{"$i":"hours-ago-long","$v":{"zero":"épp most","one":"egy órája","two":[{"t":"idOrVar","v":"value"}," órával ezelőtt"],"few":[{"t":"idOrVar","v":"value"}," órával ezelőtt"],"many":[{"t":"idOrVar","v":"value"}," órával ezelőtt"],"other":[{"t":"idOrVar","v":"value"}," órával ezelőtt"]},"$x":[{"t":"idOrVar","v":"plural"},"value"]},{"$i":"days-ago-long","$v":{"zero":"ma","one":"tegnap","two":[{"t":"idOrVar","v":"value"}," nappal ezelőtt"],"few":[{"t":"idOrVar","v":"value"}," nappal ezelőtt"],"many":[{"t":"idOrVar","v":"value"}," nappal ezelőtt"],"other":[{"t":"idOrVar","v":"value"}," nappal ezelőtt"]},"$x":[{"t":"idOrVar","v":"plural"},"value"]},{"$i":"weeks-ago-long","$v":{"zero":"ez a hét","one":"múlt hét","two":[{"t":"idOrVar","v":"value"}," héttel ezelőtt"],"few":[{"t":"idOrVar","v":"value"}," héttel ezelőtt"],"many":[{"t":"idOrVar","v":"value"}," héttel ezelőtt"],"other":[{"t":"idOrVar","v":"value"}," héttel ezelőtt"]},"$x":[{"t":"idOrVar","v":"plural"},"value"]},{"$i":"months-ago-long","$v":{"zero":"ez a hónap","one":"előző hónap","two":[{"t":"idOrVar","v":"value"}," hónappal ezelőtt"],"few":[{"t":"idOrVar","v":"value"}," hónappal ezelőtt"],"many":[{"t":"idOrVar","v":"value"}," hónappal ezelőtt"],"other":[{"t":"idOrVar","v":"value"}," hónappal ezelőtt"]},"$x":[{"t":"idOrVar","v":"plural"},"value"]},{"$i":"years-ago-long","$v":{"zero":"ez az év","one":"tavaly","two":[{"t":"idOrVar","v":"value"}," évvel ezelőtt"],"few":[{"t":"idOrVar","v":"value"}," évvel ezelőtt"],"many":[{"t":"idOrVar","v":"value"}," évvel ezelőtt"],"other":[{"t":"idOrVar","v":"value"}," évvel ezelőtt"]},"$x":[{"t":"idOrVar","v":"plural"},"value"]},{"$i":"minutes-until-long","$v":{"zero":"most","one":"egy percen belül","two":[{"t":"idOrVar","v":"value"}," percen belül"],"few":[{"t":"idOrVar","v":"value"}," percen belül"],"many":[{"t":"idOrVar","v":"value"}," percen belül"],"other":[{"t":"idOrVar","v":"value"}," percen belül"]},"$x":[{"t":"idOrVar","v":"plural"},"value"]},{"$i":"hours-until-long","$v":{"zero":"most","one":"egy órán belül","two":[{"t":"idOrVar","v":"value"}," órán belül"],"few":[{"t":"idOrVar","v":"value"}," órán belül"],"many":[{"t":"idOrVar","v":"value"}," órán belül"],"other":[{"t":"idOrVar","v":"value"}," órán belül"]},"$x":[{"t":"idOrVar","v":"plural"},"value"]},{"$i":"days-until-long","$v":{"zero":"ma","one":"holnap","two":[{"t":"idOrVar","v":"value"}," napon belül"],"few":[{"t":"idOrVar","v":"value"}," napon belül"],"many":[{"t":"idOrVar","v":"value"}," napon belül"],"other":[{"t":"idOrVar","v":"value"}," napon belül"]},"$x":[{"t":"idOrVar","v":"plural"},"value"]},{"$i":"weeks-until-long","$v":{"zero":"ez a hét","one":"következő hét","two":[{"t":"idOrVar","v":"value"}," héten belül"],"few":[{"t":"idOrVar","v":"value"}," héten belül"],"many":[{"t":"idOrVar","v":"value"}," héten belül"],"other":[{"t":"idOrVar","v":"value"}," héten belül"]},"$x":[{"t":"idOrVar","v":"plural"},"value"]},{"$i":"months-until-long","$v":{"zero":"ez a hónap","one":"következő hónap","two":[{"t":"idOrVar","v":"value"}," héten belül"],"few":[{"t":"idOrVar","v":"value"}," héten belül"],"many":[{"t":"idOrVar","v":"value"}," héten belül"],"other":[{"t":"idOrVar","v":"value"}," héten belül"]},"$x":[{"t":"idOrVar","v":"plural"},"value"]},{"$i":"years-until-long","$v":{"zero":"ez az év","one":"következő év","two":[{"t":"idOrVar","v":"value"}," éven belül"],"few":[{"t":"idOrVar","v":"value"}," éven belül"],"many":[{"t":"idOrVar","v":"value"}," éven belül"],"other":[{"t":"idOrVar","v":"value"}," éven belül"]},"$x":[{"t":"idOrVar","v":"plural"},"value"]},{"$i":"minutes-ago-short","$v":{"zero":"épp most","other":[{"t":"idOrVar","v":"value"},"p ezelőtt"]},"$x":[{"t":"idOrVar","v":"plural"},"value"]},{"$i":"hours-ago-short","$v":{"zero":"épp most","other":[{"t":"idOrVar","v":"value"},"ó ezelőtt"]},"$x":[{"t":"idOrVar","v":"plural"},"value"]},{"$i":"days-ago-short","$v":{"zero":"ma","other":[{"t":"idOrVar","v":"value"},"n ezelőtt"]},"$x":[{"t":"idOrVar","v":"plural"},"value"]},{"$i":"minutes-until-short","$v":{"zero":"most","other":[{"t":"idOrVar","v":"value"}," percen belül"]},"$x":[{"t":"idOrVar","v":"plural"},"value"]},{"$i":"hours-until-short","$v":{"zero":"most","other":[{"t":"idOrVar","v":"value"}," órán belül"]},"$x":[{"t":"idOrVar","v":"plural"},"value"]},{"$i":"days-until-short","$v":{"zero":"ma","other":[{"t":"idOrVar","v":"value"}," napon belül"]},"$x":[{"t":"idOrVar","v":"plural"},"value"]},{"$i":"incorrectDate","$v":"(helytelen dátum)"},{"$i":"dateTimeFormat_%c","$v":"%Y. %b %d %a %H:%M:%S"},{"$i":"dateTimeFormat_%x","$v":"%Y. %m. %d."},{"$i":"dateTimeFormat_%X","$v":"%H:%M:%S"},{"$i":"shortTimeFormat","$v":"%I:%M %p"},{"$i":"shortTimeFormat12","$v":"%I:%M %p"},{"$i":"shortTimeFormat24","$v":"%H:%M"},{"$i":"shortDateTimeFormat","$v":"%x %H:%M"},{"$i":"weekStartsOnMonday","$v":"1"},{"$i":"firstDayOfTheWeek","$v":"0"},{"$i":"time_am","$v":"DE"},{"$i":"time_pm","$v":"DU"},{"$i":"tz-region","$v":"Terület"},{"$i":"tz-city","$v":"Város"},{"$i":"tzRegion-Africa","$v":"Afrika"},{"$i":"tzRegion-America","$v":"Amerika"},{"$i":"tzRegion-Antarctica","$v":"Antarktisz"},{"$i":"tzRegion-Asia","$v":"Ázsia"},{"$i":"tzRegion-Atlantic","$v":"Atlanti-óceán"},{"$i":"tzRegion-Australia","$v":"Ausztrália"},{"$i":"tzRegion-Europe","$v":"Európa"},{"$i":"tzRegion-Indian","$v":"Indiai-óceán"},{"$i":"tzRegion-Pacific","$v":"Csendes-óceán"},{"$i":"close","$v":"Bezárás"},{"$i":"import","$v":"Másolás"},{"$i":"update","$v":"Frissítés"},{"$i":"fbFriends","$v":"Facebook"},{"$i":"live-serviceName","$v":"Outlook"},{"$i":"gmail-serviceName","$v":"Gmail"},{"$i":"facebook-serviceName","$v":"Facebook"},{"$i":"selectAll","$v":"Minden kijelölése"},{"$i":"deselectAll","$v":"Kijelölés törlése"},{"$i":"viewAll","$v":"Az összes Facebook ismerős listája"},{"$i":"viewRecommend","$v":"Ajánlottak megjelenítése"},{"$i":"linkProposal","$v":{"zero":"Nincs egyező ismerős. Az összes megjelenítése","one":"Válasszon ki egy ajánlást","two":"Válasszon ki egy ajánlást","few":"Válasszon ki egy ajánlást","many":"Válasszon ki egy ajánlást","other":"Válasszon ki egy ajánlást"},"$x":[{"t":"idOrVar","v":"plural"},"numFriends"]},{"$i":"fbFriendsFound","$v":{"zero":"Az összes ismerős átmásolva","one":"Egy átmásolandó ismerős van","two":[{"t":"idOrVar","v":"numFriends"}," átmásolandó ismerős van"],"few":[{"t":"idOrVar","v":"numFriends"}," átmásolandó ismerős van"],"many":[{"t":"idOrVar","v":"numFriends"}," átmásolandó ismerős van"],"other":[{"t":"idOrVar","v":"numFriends"}," átmásolandó ismerős van"]},"$x":[{"t":"idOrVar","v":"plural"},"numFriends"]},{"$i":"fbNoFriends","$v":"Nincsenek átmásolható névjegyek"},{"$i":"search-contact","placeholder":"Keresés"},{"$i":"noResults","$v":"Nincsenek névjegyek"},{"$i":"done-search","$v":"Kész"},{"$i":"progressFB3ImportTitle","$v":"Ismerősök másolása a Névjegyekbe"},{"$i":"progressFB","$v":[{"t":"idOrVar","v":"current"},"/",{"t":"idOrVar","v":"total"}]},{"$i":"progressFB3UpdateTitle","$v":"Ismerősök névjegyeinek frissítése"},{"$i":"message2","$v":"Ez eltarthat egy pár percig…"},{"$i":"messageLinking","$v":"Kis türelmet az ismerős és a névjegy összekapcsolásáig."},{"$i":"messageCanceling","$v":"Egy kis türelmet kérünk, amíg megszakítjuk a folyamatban lévő műveletet."},{"$i":"error1","$v":["Hiba ",{"t":"idOrVar","v":"from"}]},{"$i":"error2","$v":"Megpróbálja újra?"},{"$i":"errorProposal","$v":"ajánlások készítése"},{"$i":"errorFriends","$v":"ismerősök adatainak lekérése"},{"$i":"errorLinking","$v":"névjegyek összekapcsolása"},{"$i":"timeout1","$v":["Időtúllépési hiba: ",{"t":"idOrVar","v":"from"}]},{"$i":"timeout2","$v":"Megpróbálja újra?"},{"$i":"timeoutProposal","$v":"ajánlások készítése"},{"$i":"timeoutFriends","$v":"ismerősök adatainak lekérése"},{"$i":"timeoutLinking","$v":"névjegyek összekapcsolása"},{"$i":"wait1","$v":"Kis türelmet"},{"$i":"wait2","$v":"Ez eltarthat egy pár percig…"},{"$i":"waitProposal","$v":"Kis türelmet. Az ajánlatkészítés folyamatban."},{"$i":"waitFriends","$v":"Kis türelmet. Kapcsolódás az ismerősök listájának lekéréséhez."},{"$i":"curtainCancel","$v":"Mégse"},{"$i":"curtainRetry","$v":"Újra"},{"$i":"curtainOK","$v":"OK"},{"$i":"connectionLost","$v":"Nincs internetkapcsolat"},{"$i":"connectionLostMsg","$v":"Az ismerősök képei nem lesznek a névjegyekhez adva. Biztosan folytatja?"},{"$i":"yesOption","$v":"OK"},{"$i":"noOption","$v":"Mégse"},{"$i":"friendsUpdated","$v":{"zero":"Nincs frissített ismerős","one":"Egy frissített ismerős","two":[{"t":"idOrVar","v":"numFriends"}," frissített ismerős"],"few":[{"t":"idOrVar","v":"numFriends"}," frissített ismerős"],"many":[{"t":"idOrVar","v":"numFriends"}," frissített ismerős"],"other":[{"t":"idOrVar","v":"numFriends"}," frissített ismerős"]},"$x":[{"t":"idOrVar","v":"plural"},"numFriends"]},{"$i":"friendsMerged","$v":{"zero":"Nem lettek többszörös ismerősök egyesítve","one":"Egy többszörös ismerős egyesítve","two":[{"t":"idOrVar","v":"numDups"}," ismerős egyesítve"],"few":[{"t":"idOrVar","v":"numDups"}," ismerős egyesítve"],"many":[{"t":"idOrVar","v":"numDups"}," ismerős egyesítve"],"other":[{"t":"idOrVar","v":"numDups"}," ismerős egyesítve"]},"$x":[{"t":"idOrVar","v":"plural"},"numDups"]},{"$i":"notificationLogin","$v":"A Facebook munkamenet lejárt. Jelentkezzen be."},{"$i":"syncError","$v":"Hiba történt az ismerősök adatainak szinkronizálásakor"}]