[{"$i":"brandShortName","$v":"B2G OS"},{"$i":"browserBrandShortName","$v":"Web Browser"},{"$i":"browserBrandFullName","$v":"Mozilla Web Browser"},{"$i":"ringtoneBrandName","$v":"Default"},{"$i":"ringtoneSectionBrandName","$v":"System"},{"$i":"back","$v":"Indietro"},{"$i":"noSimMsg","$v":"Per importare i contatti inserire o sbloccare la scheda SIM"},{"$i":"noMemoryCardMsg","$v":"Inserire una scheda di memoria per importare i contatti"},{"$i":"importMemoryCard","$v":"Scheda di memoria"},{"$i":"noConnection11","$v":"Per importare amici da Facebook o contatti attivare una connessione Wi-Fi o dati"},{"$i":"emptyAccount","$v":"Nessun contatto o amico disponibile per questo account."},{"$i":"simContacts-import","$v":"Importa contatti SIM"},{"$i":"simContacts-importing","$v":"Importazione contatti SIM…"},{"$i":"simContacts-reading","$v":"Lettura SIM…"},{"$i":"simContacts-error","$v":"Impossibile importare contatti dalla scheda SIM"},{"$i":"simContacts-imported3","$v":{"zero":"Non sono stati trovati contatti da importare sulla SIM","one":"Importato un contatto","two":["Importati ",{"t":"idOrVar","v":"n"}," contatti"],"few":["Importati ",{"t":"idOrVar","v":"n"}," contatti"],"many":["Importati ",{"t":"idOrVar","v":"n"}," contatti"],"other":["Importati ",{"t":"idOrVar","v":"n"}," contatti"]},"$x":[{"t":"idOrVar","v":"plural"},"n"]},{"$i":"memoryCardContacts-import","$v":"Importa contatti da scheda di memoria"},{"$i":"memoryCardContacts-importing","$v":"Importazione contatti da scheda di memoria…"},{"$i":"memoryCardContacts-reading","$v":"Lettura scheda di memoria…"},{"$i":"memoryCardContacts-error","$v":"Impossibile importare i contatti dalla scheda di memoria"},{"$i":"memoryCardContacts-imported3","$v":{"zero":"Non sono stati trovati contatti da importare sulla scheda di memoria","one":"Importato un contatto","two":["Importati ",{"t":"idOrVar","v":"n"}," contatti"],"few":["Importati ",{"t":"idOrVar","v":"n"}," contatti"],"many":["Importati ",{"t":"idOrVar","v":"n"}," contatti"],"other":["Importati ",{"t":"idOrVar","v":"n"}," contatti"]},"$x":[{"t":"idOrVar","v":"plural"},"n"]},{"$i":"genericProgress","$v":[{"t":"idOrVar","v":"current"},"/",{"t":"idOrVar","v":"total"}]},{"$i":"facebook","$v":"Facebook"},{"$i":"facebook-import-msg2","$v":[{"t":"idOrVar","v":"imported"},"/",{"t":"idOrVar","v":"total"}," amici importati"]},{"$i":"contactsMerged","$v":{"zero":"Nessun contatto duplicato unito","one":"Unito un contatto duplicato","two":["Uniti ",{"t":"idOrVar","v":"numDups"}," contatti"],"few":["Uniti ",{"t":"idOrVar","v":"numDups"}," contatti"],"many":["Uniti ",{"t":"idOrVar","v":"numDups"}," contatti"],"other":["Uniti ",{"t":"idOrVar","v":"numDups"}," contatti"]},"$x":[{"t":"idOrVar","v":"plural"},"numDups"]},{"$i":"pincode2","$v":"Inserire PIN"},{"$i":"type_pin","$v":"Digitare codice PIN"},{"$i":"pincodeLabel","$v":["PIN SIM ",{"t":"idOrVar","v":"n"}]},{"$i":"pinValidation","$v":"Il PIN deve essere lungo da 4 a 8 caratteri."},{"$i":"pinError","$v":"Il PIN è errato."},{"$i":"pinAttemptMsg2","$v":{"one":"È rimasto un solo tentativo per inserire il codice corretto prima del blocco della SIM.","two":["Rimangono ",{"t":"idOrVar","v":"n"}," tentativi per inserire il codice corretto prima del blocco della SIM."],"few":["Rimangono ",{"t":"idOrVar","v":"n"}," tentativi per inserire il codice corretto prima del blocco della SIM."],"many":["Rimangono ",{"t":"idOrVar","v":"n"}," tentativi per inserire il codice corretto prima del blocco della SIM."],"other":["Rimangono ",{"t":"idOrVar","v":"n"}," tentativi per inserire il codice corretto prima del blocco della SIM."]},"$x":[{"t":"idOrVar","v":"plural"},"n"]},{"$i":"pinLastChanceMsg","$v":"Ultima possibilità per inserire il PIN corretto. In caso contrario sarà necessario inserire il codice PUK per utilizzare questa scheda SIM."},{"$i":"pukcode","$v":"Inserire PUK"},{"$i":"pukcodeTitle","$v":["Inserire PUK per SIM ",{"t":"idOrVar","v":"n"}]},{"$i":"pukcodeLabel","$v":["PUK SIM ",{"t":"idOrVar","v":"n"}]},{"$i":"type_puk","$v":"Codice PUK"},{"$i":"pukValidation","$v":"Il codice PUK contiene esattamente 8 caratteri."},{"$i":"pukInfo","$v":"È necessario inserire il codice PUK della scheda SIM. Fare riferimento alla documentazione rilasciata con la SIM o contattare il proprio gestore per ulteriori informazioni."},{"$i":"pukError","$v":"Il PUK è errato."},{"$i":"pukAttemptMsg2","$v":{"one":"È rimasto un solo tentativo per inserire il codice corretto prima che la SIM diventi completamente inutilizzabile. Per ulteriori informazioni fare riferimento alla documentazione o contattare il gestore.","two":["Rimangono ",{"t":"idOrVar","v":"n"}," tentativi per inserire il codice corretto prima che la SIM diventi completamente inutilizzabile. Per ulteriori informazioni fare riferimento alla documentazione o contattare il gestore."],"few":["Rimangono ",{"t":"idOrVar","v":"n"}," tentativi per inserire il codice corretto prima che la SIM diventi completamente inutilizzabile. Per ulteriori informazioni fare riferimento alla documentazione o contattare il gestore."],"many":["Rimangono ",{"t":"idOrVar","v":"n"}," tentativi per inserire il codice corretto prima che la SIM diventi completamente inutilizzabile. Per ulteriori informazioni fare riferimento alla documentazione o contattare il gestore."],"other":["Rimangono ",{"t":"idOrVar","v":"n"}," tentativi per inserire il codice corretto prima che la SIM diventi completamente inutilizzabile. Per ulteriori informazioni fare riferimento alla documentazione o contattare il gestore."]},"$x":[{"t":"idOrVar","v":"plural"},"n"]},{"$i":"pukLastChanceMsg","$v":"Questo è l’ultimo tentativo rimasto per inserire il codice PUK corretto. Inserendo un codice PUK errato la scheda SIM diventerà inutilizzabile."},{"$i":"create_newpin","$v":"Crea nuovo PIN (da 4 a 8 cifre)"},{"$i":"confirm_newpin","$v":"Conferma nuovo PIN"},{"$i":"newpinConfirmation","$v":"I PIN non corrispondono."},{"$i":"nckcode","$v":"Inserire codice NCK"},{"$i":"cckcode","$v":"Inserire codice CCK"},{"$i":"spckcode","$v":"Inserire codice SPCK"},{"$i":"nck1code","$v":"Inserire codice NCK1"},{"$i":"nck2code","$v":"Inserire codice NCK2"},{"$i":"hnckcode","$v":"Inserire codice HNCK"},{"$i":"rcckcode","$v":"Inserire codice RCCK"},{"$i":"rspckcode","$v":"Inserire codice RSPCK"},{"$i":"nckcodeTitle","$v":["Inserire NCK per SIM ",{"t":"idOrVar","v":"n"}]},{"$i":"cckcodeTitle","$v":["Inserire CCK per SIM ",{"t":"idOrVar","v":"n"}]},{"$i":"spckcodeTitle","$v":["Inserire SPCK per SIM ",{"t":"idOrVar","v":"n"}]},{"$i":"nck1codeTitle","$v":["Inserire NCK1 per SIM ",{"t":"idOrVar","v":"n"}]},{"$i":"nck2codeTitle","$v":["Inserire NCK2 per SIM ",{"t":"idOrVar","v":"n"}]},{"$i":"hnckcodeTitle","$v":["Inserire HNCK per SIM ",{"t":"idOrVar","v":"n"}]},{"$i":"rcckcodeTitle","$v":["Inserire RCCK per SIM ",{"t":"idOrVar","v":"n"}]},{"$i":"rspckcodeTitle","$v":["Inserire RSPCK per SIM ",{"t":"idOrVar","v":"n"}]},{"$i":"nckcodeLabel","$v":["NCK SIM ",{"t":"idOrVar","v":"n"}]},{"$i":"cckcodeLabel","$v":["CCK SIM ",{"t":"idOrVar","v":"n"}]},{"$i":"spckcodeLabel","$v":["SPCK SIM ",{"t":"idOrVar","v":"n"}]},{"$i":"nck1codeLabel","$v":["NCK1 SIM ",{"t":"idOrVar","v":"n"}]},{"$i":"nck2codeLabel","$v":["NCK2 SIM ",{"t":"idOrVar","v":"n"}]},{"$i":"hnckcodeLabel","$v":["HNCK SIM ",{"t":"idOrVar","v":"n"}]},{"$i":"rcckcodeLabel","$v":["RCCK SIM ",{"t":"idOrVar","v":"n"}]},{"$i":"rspckcodeLabel","$v":["RSPCK SIM ",{"t":"idOrVar","v":"n"}]},{"$i":"type_nck","$v":"Digitare codice NCK"},{"$i":"type_cck","$v":"Digitare codice CCK"},{"$i":"type_spck","$v":"Digitare codice SPCK"},{"$i":"type_nck1","$v":"Digitare codice NCK1"},{"$i":"type_nck2","$v":"Digitare codice NCK2"},{"$i":"type_hnck","$v":"Digitare codice HNCK"},{"$i":"type_rcck","$v":"Digitare codice RCCK"},{"$i":"type_rspck","$v":"Digitare codice RSPCK"},{"$i":"nckValidation","$v":"NCK deve essere compreso tra 8 e 16 caratteri."},{"$i":"cckValidation","$v":"CCK deve essere compreso tra 8 e 16 caratteri."},{"$i":"spckValidation","$v":"SPCK deve essere compreso tra 8 e 16 caratteri."},{"$i":"nck1Validation","$v":"NCK1 deve essere compreso tra 8 e 16 caratteri."},{"$i":"nck2Validation","$v":"NCK2 deve essere compreso tra 8 e 16 caratteri."},{"$i":"hnckValidation","$v":"HNCK deve essere compreso tra 8 e 16 caratteri."},{"$i":"rcckValidation","$v":"RCCK deve essere compreso tra 8 e 16 caratteri."},{"$i":"rspckValidation","$v":"RSPCK deve essere compreso tra 8 e 16 caratteri."},{"$i":"nckErrorMsg","$v":"Il codice NCK è errato."},{"$i":"nckAttemptMsg2","$v":{"one":"Richiesta di rimozione della personalizzazione di rete non riuscita. Rimane un solo tentativo per inserire il codice corretto. Fare riferimento alla documentazione del dispositivo o contattare il proprio gestore per ulteriori informazioni.","two":["Richiesta di rimozione della personalizzazione di rete non riuscita. Rimangono ",{"t":"idOrVar","v":"n"}," tentativi per inserire il codice corretto. Fare riferimento alla documentazione del dispositivo o contattare il proprio gestore per ulteriori informazioni."],"few":["Richiesta di rimozione della personalizzazione di rete non riuscita. Rimangono ",{"t":"idOrVar","v":"n"}," tentativi per inserire il codice corretto. Fare riferimento alla documentazione del dispositivo o contattare il proprio gestore per ulteriori informazioni."],"many":["Richiesta di rimozione della personalizzazione di rete non riuscita. Rimangono ",{"t":"idOrVar","v":"n"}," tentativi per inserire il codice corretto. Fare riferimento alla documentazione del dispositivo o contattare il proprio gestore per ulteriori informazioni."],"other":["Richiesta di rimozione della personalizzazione di rete non riuscita. Rimangono ",{"t":"idOrVar","v":"n"}," tentativi per inserire il codice corretto. Fare riferimento alla documentazione del dispositivo o contattare il proprio gestore per ulteriori informazioni."]},"$x":[{"t":"idOrVar","v":"plural"},"n"]},{"$i":"nckLastChanceMsg","$v":"Richiesta di rimozione della personalizzazione di rete non riuscita. Rimane un solo tentativo per inserire il codice NCK corretto. Fare riferimento alla documentazione del dispositivo o contattare il proprio gestore per ulteriori informazioni."},{"$i":"skip","$v":"Ignora"},{"$i":"send","$v":"Invia"},{"$i":"ok","$v":"OK"},{"$i":"simLocked","$v":"La scheda SIM è bloccata."},{"$i":"inputCodeRetriesLeft","$v":{"one":"Ultimo tentativo.","two":[{"t":"idOrVar","v":"n"}," tentativi rimasti."],"few":[{"t":"idOrVar","v":"n"}," tentativi rimasti."],"many":[{"t":"idOrVar","v":"n"}," tentativi rimasti."],"other":[{"t":"idOrVar","v":"n"}," tentativi rimasti."]},"$x":[{"t":"idOrVar","v":"plural"},"n"]},{"$i":"simManager","$v":"Gestore SIM"},{"$i":"simDetail","$v":["SIM ",{"t":"idOrVar","v":"n"}]},{"$i":"simDefault","$v":"(predefinita)"},{"$i":"simDefaultMessage","$v":"Chiamate in uscita, messaggi e connessione dati sono associati alla SIM 1 per impostazione predefinita"},{"$i":"simSettingsMessage","$v":"È possibile modificare le impostazioni predefinite in Impostazioni > Gestione SIM"},{"$i":"simPinLocked","$v":"SIM bloccata da PIN"},{"$i":"noOperator","$v":"Nessun gestore"},{"$i":"searchingOperator","$v":"In ricerca"},{"$i":"language","$v":"Lingua"},{"$i":"3g","$v":"Connessione dati"},{"$i":"dataConnection","$v":"Attiva conness. dati"},{"$i":"dataConnectionInfo","$v":"Attivando una connessione dati sarà possibile configurare il telefono senza una connessione Wi-Fi. È comunque possibile attivarla successivamente in Impostazioni, assicurarsi prima di avere un piano dati con il proprio gestore per evitare addebiti eccessivi."},{"$i":"caution","$v":"Attenzione"},{"$i":"geolocation","$v":"Georilevazione"},{"$i":"geolocationCheckbox","$v":"Attiva georilevazione"},{"$i":"geolocationInfo2","$v":[{"t":"idOrVar","v":"brandShortName"}," utilizza dati quali GPS, Wi-Fi e reti di connessione dati per stabilire una posizione approssimativa del dispositivo."]},{"$i":"geolocationInfoMore","$v":"I dati raccolti vengono inviati a Mozilla e altri fornitori di servizi e vengono utilizzati in forma aggregata per migliorare la funzione di georilevazione. Alcune informazioni potrebbero essere memorizzate sul dispositivo o rilevate anche quando non ci sono applicazioni in esecuzione."},{"$i":"notice","$v":"Attenzione"},{"$i":"aboutYourPrivacy","$v":"Altre informazioni sulla privacy"},{"$i":"scanningNetworks","$v":"Scansione reti"},{"$i":"selectNetwork","$v":"Scelta rete"},{"$i":"shortStatus-connecting","$v":"Connessione…"},{"$i":"shortStatus-associated","$v":"Recupero indirizzo IP…"},{"$i":"shortStatus-connected","$v":"Connesso"},{"$i":"shortStatus-connectingfailed","$v":"Connessione non riuscita"},{"$i":"shortStatus-disconnected","$v":"Disconnesso"},{"$i":"securedBy","$v":["protetta da ",{"t":"idOrVar","v":"capabilities"}]},{"$i":"security","$v":"Sicurezza"},{"$i":"securityNone","$v":"Nessuna"},{"$i":"securityWEP","$v":"WEP"},{"$i":"securityWPA-PSK","$v":"WPA-PSK"},{"$i":"securityWPA-EAP","$v":"WPA-EAP"},{"$i":"securityOpen","$v":"Aperta","ariaLabel":"Sicurezza"},{"$i":"identity","$v":"Utente"},{"$i":"identityInput","placeholder":"Utente"},{"$i":"password","$v":"Password"},{"$i":"passwordInput","placeholder":"Password"},{"$i":"showPassword","$v":"Mostra password"},{"$i":"refresh","$v":"Aggiorna"},{"$i":"noWifiFound3","$v":"Nessuna rete wireless rilevata"},{"$i":"join-hidden-button","$v":"Conness. rete nascosta"},{"$i":"authentication","$v":"Autenticazione"},{"$i":"ssid-name","$v":"SSID rete"},{"$i":"wifiLevel","ariaLabel":[{"t":"idOrVar","v":"level"}," di 4 barre"]},{"$i":"networksList","ariaLabel":"Reti trovate"},{"$i":"dateAndTime","$v":"Data e ora"},{"$i":"timezoneTitle","$v":["UTC",{"t":"idOrVar","v":"utcOffset"}," ",{"t":"idOrVar","v":"region"},"/",{"t":"idOrVar","v":"city"}]},{"$i":"timeZone","$v":"Fuso orario"},{"$i":"change","$v":"Modifica"},{"$i":"region","ariaLabel":"Area"},{"$i":"city","ariaLabel":"Città"},{"$i":"date","ariaLabel":"Data"},{"$i":"time","ariaLabel":"Ora"},{"$i":"importContacts3","$v":"Importa contatti"},{"$i":"importSim2","$v":"Scheda SIM"},{"$i":"importFb2","$v":"Facebook"},{"$i":"importOutlook","$v":"Outlook"},{"$i":"importGmail","$v":"Gmail"},{"$i":"fb-checking","$v":"… controllo in corso"},{"$i":"notImportedYet","$v":"Non ancora importati"},{"$i":"otherAccount","$v":"Altri account"},{"$i":"afterFbImport","$v":"È possibile importare e modificare in qualunque momento gli amici di Facebook nei Contatti"},{"$i":"firefox-accounts","$v":"Firefox Account"},{"$i":"fxa-upsell","innerHTML":"Firefox Account permette di ritrovare il telefono in caso di smarrimento e acquistare app nel Firefox Marketplace."},{"$i":"fxa-create-account-or-sign-in","$v":"Crea account o accedi"},{"$i":"fxa-email-sent","$v":["Un link di verifica è stato inviato a ",{"t":"idOrVar","v":"email"}]},{"$i":"fxa-signed-in","$v":["Account: ",{"t":"idOrVar","v":"email"}]},{"$i":"about-your-rights-0","$v":[{"t":"idOrVar","v":"brandShortName"}," è realizzato sulla base di software libero, gratuito e Open Source da una comunità di migliaia di persone nel mondo. Informazioni che dovresti conoscere:"]},{"$i":"about-your-rights-1","$v":[{"t":"idOrVar","v":"brandShortName"}," è disponibile nei termini di diverse licenze Open Source, inclusa la Mozilla Public License. Un dispositivo con ",{"t":"idOrVar","v":"brandShortName"}," potrebbe includere software proprietario di terze parti. Qualsiasi codice distribuito con licenza aperta garantisce all’utente il diritto di modificare il codice sorgente e distribuire le versioni modificate, purché vengano rispettati i termini della licenza stessa."]},{"$i":"about-your-rights-2","$v":["Mozilla non attribuisce all’Utente alcun diritto o licenza relativamente all’utilizzo dei marchi registrati da Mozilla Foundation o da altri soggetti, inclusi senza alcuna limitazione il nome ",{"t":"idOrVar","v":"brandShortName"}," e i logo associati."]},{"$i":"about-your-rights-3","$v":["Alcune caratteristiche di ",{"t":"idOrVar","v":"brandShortName"},", come ad esempio Crash Reporter, offrono la possibilità di inviare commenti e suggerimenti a Mozilla. Scegliendo di trasmettere questi dati, si garantisce a Mozilla il permesso di utilizzare queste informazioni per migliorare i propri prodotti, pubblicare sui propri siti web o distribuire i dati raccolti."]},{"$i":"about-other","$v":"Altro"},{"$i":"SIM_mandatory","$v":"Avviso scheda SIM"},{"$i":"SIM_mandatory_warm","$v":"Inserire una scheda SIM e riavviare il telefono."},{"$i":"telemetry-sends2","$v":["La telemetria invia a Mozilla informazioni su prestazioni, hardware, configurazioni, personalizzazioni e utilizzo di app sul dispositivo ",{"t":"idOrVar","v":"brandShortName"},". Queste informazioni vengono utilizzate per rendere i nostri prodotti migliori, più veloci e reattivi."]},{"$i":"learn-more-telemetry2","innerHTML":["Ulteriori informazioni alla pagina <a href=\"",{"t":"idOrVar","v":"href"},"\" class=\"",{"t":"idOrVar","v":"className"},"\">",{"t":"idOrVar","v":"textContent"},"</a>"]},{"$i":"learn-more-information2","innerHTML":["Scopri in che modo Mozilla gestisce i dati dell’utente visitando <a href=\"",{"t":"idOrVar","v":"href"},"\" class=\"",{"t":"idOrVar","v":"className"},"\">",{"t":"idOrVar","v":"textContent"},"</a>"]},{"$i":"htmlWelcome2","innerHTML":["Benvenuto in <a href=\"",{"t":"idOrVar","v":"href"},"\" class=\"",{"t":"idOrVar","v":"className"},"\">",{"t":"idOrVar","v":"textContent"},"</a>, il sistema operativo libero, gratuito e Open Source realizzato da Mozilla. La nostra missione è promuovere apertura, innovazione e opportunità garantendo alle persone il pieno controllo del Web."]},{"$i":"htmlWelcome-link","$v":[{"t":"idOrVar","v":"brandShortName"}]},{"$i":"helpImprove2","innerHTML":["Puoi aiutarci a migliorare i nostri prodotti e servizi inviando automaticamente informazioni statistiche. Consulta l’<a href=\"",{"t":"idOrVar","v":"href"},"\" class=\"",{"t":"idOrVar","v":"className"},"\">",{"t":"idOrVar","v":"textContent"},"</a> per scoprire come vengono gestiti i dati inviati dal dispositivo."]},{"$i":"helpImprove-link","$v":"informativa sulla privacy"},{"$i":"learn-more-privacy2","innerHTML":["Scopri in che modo Mozilla gestisce i dati dell’utente nell’<a href=\"",{"t":"idOrVar","v":"href"},"\" class=\"",{"t":"idOrVar","v":"className"},"\">",{"t":"idOrVar","v":"textContent"},"</a>."]},{"$i":"learn-more-privacy-link","$v":"informativa sulla privacy"},{"$i":"aboutBrowser","$v":["Info su ",{"t":"idOrVar","v":"brandShortName"}]},{"$i":"aboutYourPrivacy2","$v":"La tua privacy"},{"$i":"mozillaCommunity2","$v":["Utilizzando ",{"t":"idOrVar","v":"brandShortName"}," entri a far parte di una comunità mondiale impegnata nella realizzazione di un futuro migliore per il Web. Per ulteriori informazioni su Mozilla, scoprire i nostri prodotti o eventi nella tua zona, inserisci il tuo indirizzo email."]},{"$i":"sharePerformanceAndUsageData2","$v":"Sì, invia i dati."},{"$i":"emailAddress","placeholder":"Indirizzo email"},{"$i":"email-successfully-added","$v":"Email aggiunta correttamente"},{"$i":"email-loading","$v":"Salvataggio email…"},{"$i":"privacy-b2g","$v":[{"t":"idOrVar","v":"brandShortName"}],"title":[{"t":"idOrVar","v":"brandShortName"}]},{"$i":"privacy-marketplace","$v":"Marketplace","title":[{"t":"idOrVar","v":"privacy-marketplace"}]},{"$i":"privacy-eme","$v":"EverythingMe"},{"$i":"privacy-e-me","title":[{"t":"idOrVar","v":"privacy-e-me"}]},{"$i":"navbar-back","$v":"Indietro"},{"$i":"navbar-next","$v":"Avanti"},{"$i":"navbar-join","$v":"Connetti"},{"$i":"done","$v":"Fine"},{"$i":"thatsIt","$v":"È tutto."},{"$i":"startYourPhone","$v":"Avvia il tour del telefono"},{"$i":"startYourTablet","$v":"Avvia il tour del tablet"},{"$i":"joinTutorial","$v":"Segui una breve guida sul funzionamento di questo telefono."},{"$i":"joinTutorialUpdated","$v":"Segui una breve guida sugli aggiornamenti di questo telefono."},{"$i":"enjoyYourPhone","$v":"Il telefono è pronto per l’uso."},{"$i":"enjoyYourPhoneUpdated","$v":"Il telefono è aggiornato e pronto per l’uso."},{"$i":"optionsAvailable","$v":"È possibile modificare lingua, data, ora e connessione Wi-Fi in Impostazioni."},{"$i":"letsGo","$v":"Puoi iniziare"},{"$i":"startTour","$v":"Inizia il tour"},{"$i":"thatsIt1Tablet-2","$v":"È sempre possibile scorrere con un dito dal bordo inferiore per tornare alla schermata principale."},{"$i":"thatsIt2Tablet-2","$v":"Prova subito"},{"$i":"tutorial","$v":"Guida introduttiva"},{"$i":"tutorial-step1-large-3","$v":"Scorri con un dito verso il basso per visualizzare notifiche, informazioni sui consumi e impostazioni."},{"$i":"tutorial-step2-large-2","$v":"Scorri con un dito verso sinistra o destra per scoprire nuove applicazioni sulla schermata principale."},{"$i":"tutorial-step3-large-2","$v":"Tocca un’icona e tieni premuto per eliminarla o spostarla."},{"$i":"tutorial-step4-large-2","$v":"Scorri con due dita dal bordo inferiore per attivare la visualizzazione a schede."},{"$i":"tutorial-vertical-scroll-v2-tiny","$v":"Scorri con un dito in alto o in basso per sfogliare le app. Tocca un’icona e tieni premuto per eliminarla, spostarla o modificarla."},{"$i":"tutorial-notifications-v2-tiny","$v":"Scorri con un dito verso il basso per visualizzare notifiche, informazioni sui consumi e impostazioni."},{"$i":"tutorial-sheets-tiny","$v":"Trascina dal bordo sinistro dello schermo per tornare alle app utilizzate di recente."},{"$i":"tutorial-rocketbar-tiny","$v":"Tocca la barra di ricerca in qualunque momento per avviare una ricerca o aprire un sito web."},{"$i":"tutorial-bookmarks-migration-tiny","$v":"I segnalibri sono stati spostati nella schermata principale. In modalità modifica toccare un segnalibro per modificarlo o rinominarlo."},{"$i":"tutorial-app-grouping-tiny","$v":"Tocca per espandere o chiudere un gruppo. Trascina un’app in uno spazio vuoto per creare un nuovo gruppo."},{"$i":"offline-dialog-title","$v":"Per visualizzare questa pagina è necessaria una connessione a Internet."},{"$i":"offline-dialog-text","$v":["Tornare indietro e connettersi a Internet. È possibile visualizzare questa pagina successivamente in Impostazioni o aprendo ",{"t":"idOrVar","v":"url"}," nel browser."]},{"$i":"OK","$v":"OK"},{"$i":"offline-newsletter-dialog-title","$v":"Per iscriversi alla newsletter è necessaria una connessione a Internet."},{"$i":"offline-newsletter-dialog-text","$v":"Tornare indietro e connettersi a Internet."},{"$i":"invalid-email-dialog-title","$v":"L’email non è valida."},{"$i":"invalid-email-dialog-text","$v":"Tornare indietro e correggere i dati inseriti."},{"$i":"retry","$v":"Riprova"},{"$i":"cancel","$v":"Annulla"},{"$i":"progressbar","$v":["Passo ",{"t":"idOrVar","v":"step"}," di ",{"t":"idOrVar","v":"total"}],"ariaLabel":"Guida al primo utilizzo"},{"$i":"weekday-0-long","$v":"domenica"},{"$i":"weekday-1-long","$v":"lunedì"},{"$i":"weekday-2-long","$v":"martedì"},{"$i":"weekday-3-long","$v":"mercoledì"},{"$i":"weekday-4-long","$v":"giovedì"},{"$i":"weekday-5-long","$v":"venerdì"},{"$i":"weekday-6-long","$v":"sabato"},{"$i":"weekday-0-short","$v":"dom"},{"$i":"weekday-1-short","$v":"lun"},{"$i":"weekday-2-short","$v":"mar"},{"$i":"weekday-3-short","$v":"mer"},{"$i":"weekday-4-short","$v":"gio"},{"$i":"weekday-5-short","$v":"ven"},{"$i":"weekday-6-short","$v":"sab"},{"$i":"month-0-long","$v":"gennaio"},{"$i":"month-1-long","$v":"febbraio"},{"$i":"month-2-long","$v":"marzo"},{"$i":"month-3-long","$v":"aprile"},{"$i":"month-4-long","$v":"maggio"},{"$i":"month-5-long","$v":"giugno"},{"$i":"month-6-long","$v":"luglio"},{"$i":"month-7-long","$v":"agosto"},{"$i":"month-8-long","$v":"settembre"},{"$i":"month-9-long","$v":"ottobre"},{"$i":"month-10-long","$v":"novembre"},{"$i":"month-11-long","$v":"dicembre"},{"$i":"month-0-genitive","$v":"gennaio"},{"$i":"month-1-genitive","$v":"febbraio"},{"$i":"month-2-genitive","$v":"marzo"},{"$i":"month-3-genitive","$v":"aprile"},{"$i":"month-4-genitive","$v":"maggio"},{"$i":"month-5-genitive","$v":"giugno"},{"$i":"month-6-genitive","$v":"luglio"},{"$i":"month-7-genitive","$v":"agosto"},{"$i":"month-8-genitive","$v":"settembre"},{"$i":"month-9-genitive","$v":"ottobre"},{"$i":"month-10-genitive","$v":"novembre"},{"$i":"month-11-genitive","$v":"dicembre"},{"$i":"month-0-short","$v":"gen"},{"$i":"month-1-short","$v":"feb"},{"$i":"month-2-short","$v":"mar"},{"$i":"month-3-short","$v":"apr"},{"$i":"month-4-short","$v":"mag"},{"$i":"month-5-short","$v":"giu"},{"$i":"month-6-short","$v":"lug"},{"$i":"month-7-short","$v":"ago"},{"$i":"month-8-short","$v":"set"},{"$i":"month-9-short","$v":"ott"},{"$i":"month-10-short","$v":"nov"},{"$i":"month-11-short","$v":"dic"},{"$i":"minutes-ago-long","$v":{"zero":"adesso","one":"un minuto fa","two":[{"t":"idOrVar","v":"value"}," minuti fa"],"few":[{"t":"idOrVar","v":"value"}," minuti fa"],"many":[{"t":"idOrVar","v":"value"}," minuti fa"],"other":[{"t":"idOrVar","v":"value"}," minuti fa"]},"$x":[{"t":"idOrVar","v":"plural"},"value"]},{"$i":"hours-ago-long","$v":{"zero":"adesso","one":"un’ora fa","two":[{"t":"idOrVar","v":"value"}," ore fa"],"few":[{"t":"idOrVar","v":"value"}," ore fa"],"many":[{"t":"idOrVar","v":"value"}," ore fa"],"other":[{"t":"idOrVar","v":"value"}," ore fa"]},"$x":[{"t":"idOrVar","v":"plural"},"value"]},{"$i":"days-ago-long","$v":{"zero":"oggi","one":"ieri","two":[{"t":"idOrVar","v":"value"}," giorni fa"],"few":[{"t":"idOrVar","v":"value"}," giorni fa"],"many":[{"t":"idOrVar","v":"value"}," giorni fa"],"other":[{"t":"idOrVar","v":"value"}," giorni fa"]},"$x":[{"t":"idOrVar","v":"plural"},"value"]},{"$i":"weeks-ago-long","$v":{"zero":"questa settimana","one":"settimana scorsa","two":[{"t":"idOrVar","v":"value"}," settimane fa"],"few":[{"t":"idOrVar","v":"value"}," settimane fa"],"many":[{"t":"idOrVar","v":"value"}," settimane fa"],"other":[{"t":"idOrVar","v":"value"}," settimane fa"]},"$x":[{"t":"idOrVar","v":"plural"},"value"]},{"$i":"months-ago-long","$v":{"zero":"questo mese","one":"mese scorso","two":[{"t":"idOrVar","v":"value"}," mesi fa"],"few":[{"t":"idOrVar","v":"value"}," mesi fa"],"many":[{"t":"idOrVar","v":"value"}," mesi fa"],"other":[{"t":"idOrVar","v":"value"}," mesi fa"]},"$x":[{"t":"idOrVar","v":"plural"},"value"]},{"$i":"years-ago-long","$v":{"zero":"quest’anno","one":"anno scorso","two":[{"t":"idOrVar","v":"value"}," anni fa"],"few":[{"t":"idOrVar","v":"value"}," anni fa"],"many":[{"t":"idOrVar","v":"value"}," anni fa"],"other":[{"t":"idOrVar","v":"value"}," anni fa"]},"$x":[{"t":"idOrVar","v":"plural"},"value"]},{"$i":"minutes-until-long","$v":{"zero":"adesso","one":"tra un minuto","two":["tra ",{"t":"idOrVar","v":"value"}," minuti"],"few":["tra ",{"t":"idOrVar","v":"value"}," minuti"],"many":["tra ",{"t":"idOrVar","v":"value"}," minuti"],"other":["tra ",{"t":"idOrVar","v":"value"}," minuti"]},"$x":[{"t":"idOrVar","v":"plural"},"value"]},{"$i":"hours-until-long","$v":{"zero":"adesso","one":"tra un’ora","two":["tra ",{"t":"idOrVar","v":"value"}," ore"],"few":["tra ",{"t":"idOrVar","v":"value"}," ore"],"many":["tra ",{"t":"idOrVar","v":"value"}," ore"],"other":["tra ",{"t":"idOrVar","v":"value"}," ore"]},"$x":[{"t":"idOrVar","v":"plural"},"value"]},{"$i":"days-until-long","$v":{"zero":"oggi","one":"domani","two":["tra ",{"t":"idOrVar","v":"value"}," giorni"],"few":["tra ",{"t":"idOrVar","v":"value"}," giorni"],"many":["tra ",{"t":"idOrVar","v":"value"}," giorni"],"other":["tra ",{"t":"idOrVar","v":"value"}," giorni"]},"$x":[{"t":"idOrVar","v":"plural"},"value"]},{"$i":"weeks-until-long","$v":{"zero":"questa settimana","one":"prossima settimana","two":["tra ",{"t":"idOrVar","v":"value"}," settimane"],"few":["tra ",{"t":"idOrVar","v":"value"}," settimane"],"many":["tra ",{"t":"idOrVar","v":"value"}," settimane"],"other":["tra ",{"t":"idOrVar","v":"value"}," settimane"]},"$x":[{"t":"idOrVar","v":"plural"},"value"]},{"$i":"months-until-long","$v":{"zero":"questo mese","one":"prossimo mese","two":["in ",{"t":"idOrVar","v":"value"}," mesi"],"few":["tra ",{"t":"idOrVar","v":"value"}," mesi"],"many":["tra ",{"t":"idOrVar","v":"value"}," mesi"],"other":["in ",{"t":"idOrVar","v":"value"}," mesi"]},"$x":[{"t":"idOrVar","v":"plural"},"value"]},{"$i":"years-until-long","$v":{"zero":"quest’anno","one":"prossimo anno","two":["tra ",{"t":"idOrVar","v":"value"}," anni"],"few":["tra ",{"t":"idOrVar","v":"value"}," anni"],"many":["tra ",{"t":"idOrVar","v":"value"}," anni"],"other":["tra ",{"t":"idOrVar","v":"value"}," anni"]},"$x":[{"t":"idOrVar","v":"plural"},"value"]},{"$i":"minutes-ago-short","$v":{"zero":"adesso","other":[{"t":"idOrVar","v":"value"},"m fa"]},"$x":[{"t":"idOrVar","v":"plural"},"value"]},{"$i":"hours-ago-short","$v":{"zero":"adesso","other":[{"t":"idOrVar","v":"value"},"h fa"]},"$x":[{"t":"idOrVar","v":"plural"},"value"]},{"$i":"days-ago-short","$v":{"zero":"oggi","other":[{"t":"idOrVar","v":"value"},"g fa"]},"$x":[{"t":"idOrVar","v":"plural"},"value"]},{"$i":"minutes-until-short","$v":{"zero":"adesso","other":["tra ",{"t":"idOrVar","v":"value"},"m"]},"$x":[{"t":"idOrVar","v":"plural"},"value"]},{"$i":"hours-until-short","$v":{"zero":"adesso","other":["tra ",{"t":"idOrVar","v":"value"},"h"]},"$x":[{"t":"idOrVar","v":"plural"},"value"]},{"$i":"days-until-short","$v":{"zero":"oggi","other":["tra ",{"t":"idOrVar","v":"value"},"g"]},"$x":[{"t":"idOrVar","v":"plural"},"value"]},{"$i":"incorrectDate","$v":"(data errata)"},{"$i":"dateTimeFormat_%c","$v":"%a %e %b %Y %H:%M:%S"},{"$i":"dateTimeFormat_%x","$v":"%d/%m/%Y"},{"$i":"dateTimeFormat_%X","$v":"%H:%M:%S"},{"$i":"shortTimeFormat","$v":"%H:%M"},{"$i":"shortTimeFormat12","$v":"%I:%M %p"},{"$i":"shortTimeFormat24","$v":"%H:%M"},{"$i":"shortDateTimeFormat","$v":"%x %H:%M"},{"$i":"weekStartsOnMonday","$v":"1"},{"$i":"firstDayOfTheWeek","$v":"1"},{"$i":"time_am","$v":"AM"},{"$i":"time_pm","$v":"PM"},{"$i":"tz-region","$v":"Area"},{"$i":"tz-city","$v":"Città"},{"$i":"tzRegion-Africa","$v":"Africa"},{"$i":"tzRegion-America","$v":"America"},{"$i":"tzRegion-Antarctica","$v":"Antartide"},{"$i":"tzRegion-Asia","$v":"Asia"},{"$i":"tzRegion-Atlantic","$v":"Oceano Atlantico"},{"$i":"tzRegion-Australia","$v":"Australia"},{"$i":"tzRegion-Europe","$v":"Europa"},{"$i":"tzRegion-Indian","$v":"Oceano Indiano"},{"$i":"tzRegion-Pacific","$v":"Oceano Pacifico"},{"$i":"close","$v":"Chiudi"},{"$i":"import","$v":"Importa"},{"$i":"update","$v":"Aggiorna"},{"$i":"fbFriends","$v":"Amici Facebook"},{"$i":"live-serviceName","$v":"Outlook"},{"$i":"gmail-serviceName","$v":"Gmail"},{"$i":"facebook-serviceName","$v":"Amici Facebook"},{"$i":"selectAll","$v":"Seleziona tutto"},{"$i":"deselectAll","$v":"Deseleziona tutto"},{"$i":"viewAll","$v":"Visualizza tutti gli amici di Facebook"},{"$i":"viewRecommend","$v":"Visualizza solo consigliati"},{"$i":"linkProposal","$v":{"zero":"Nessun amico corrispondente. Visualizzazione completa","one":"Seleziona l’elemento consigliato","two":"Seleziona elemento consigliato","few":"Seleziona elemento consigliato","many":"Seleziona elemento consigliato","other":"Seleziona elemento consigliato"},"$x":[{"t":"idOrVar","v":"plural"},"numFriends"]},{"$i":"fbFriendsFound","$v":{"zero":"Tutti i tuoi amici sono stati importati","one":"Trovato un amico da importare","two":["Trovati ",{"t":"idOrVar","v":"numFriends"}," amici da importare"],"few":["Trovati ",{"t":"idOrVar","v":"numFriends"}," amici da importare"],"many":["Trovati ",{"t":"idOrVar","v":"numFriends"}," amici da importare"],"other":["Trovati ",{"t":"idOrVar","v":"numFriends"}," amici da importare"]},"$x":[{"t":"idOrVar","v":"plural"},"numFriends"]},{"$i":"fbNoFriends","$v":"Nessun contatto disponibile da importare"},{"$i":"search-contact","placeholder":"Cerca"},{"$i":"noResults","$v":"Nessun contatto trovato"},{"$i":"done-search","$v":"Fine"},{"$i":"progressFB3ImportTitle","$v":"Importazione amici in Contatti"},{"$i":"progressFB","$v":[{"t":"idOrVar","v":"current"},"/",{"t":"idOrVar","v":"total"}]},{"$i":"progressFB3UpdateTitle","$v":"Aggiornamento amici in Contatti"},{"$i":"message2","$v":"Potrebbe richiedere alcuni minuti"},{"$i":"messageLinking","$v":"Attendere, collegamento degli amici con i contatti esistenti."},{"$i":"messageCanceling","$v":"Attendere, annullamento dell’operazione in corso."},{"$i":"error1","$v":["Errore ",{"t":"idOrVar","v":"from"}]},{"$i":"error2","$v":"Riprovare?"},{"$i":"errorProposal","$v":"determinazione proposta"},{"$i":"errorFriends","$v":"recupero amici"},{"$i":"errorLinking","$v":"collegamento contatto"},{"$i":"timeout1","$v":["Tempo esaurito per ",{"t":"idOrVar","v":"from"}]},{"$i":"timeout2","$v":"Riprovare?"},{"$i":"timeoutProposal","$v":"determinazione proposta"},{"$i":"timeoutFriends","$v":"recupero amici"},{"$i":"timeoutLinking","$v":"collegamento contatti"},{"$i":"wait1","$v":"Attendere"},{"$i":"wait2","$v":"Potrebbe richiedere alcuni minuti"},{"$i":"waitProposal","$v":"Attendere, determinazione proposta in corso."},{"$i":"waitFriends","$v":"Attendere, connessione in corso per ottenere l’elenco degli amici."},{"$i":"curtainCancel","$v":"Annulla"},{"$i":"curtainRetry","$v":"Riprova"},{"$i":"curtainOK","$v":"OK"},{"$i":"connectionLost","$v":"Nessuna connessione internet"},{"$i":"connectionLostMsg","$v":"Le foto degli amici non verranno aggiunte ai contatti. Continuare?"},{"$i":"yesOption","$v":"OK"},{"$i":"noOption","$v":"Annulla"},{"$i":"friendsUpdated","$v":{"zero":"Nessun amico aggiornato","one":"Un amico aggiornato","two":[{"t":"idOrVar","v":"numFriends"}," amici aggiornati"],"few":[{"t":"idOrVar","v":"numFriends"}," amici aggiornati"],"many":[{"t":"idOrVar","v":"numFriends"}," amici aggiornati"],"other":[{"t":"idOrVar","v":"numFriends"}," amici aggiornati"]},"$x":[{"t":"idOrVar","v":"plural"},"numFriends"]},{"$i":"friendsMerged","$v":{"zero":"Nessun amico duplicato unito","one":"Unito un amico duplicato","two":["Uniti ",{"t":"idOrVar","v":"numDups"}," amici"],"few":["Uniti ",{"t":"idOrVar","v":"numDups"}," amici"],"many":["Uniti ",{"t":"idOrVar","v":"numDups"}," amici"],"other":["Uniti ",{"t":"idOrVar","v":"numDups"}," amici"]},"$x":[{"t":"idOrVar","v":"plural"},"numDups"]},{"$i":"notificationLogin","$v":"La sessione di Facebook non è valida. Ripetere l’accesso."},{"$i":"syncError","$v":"SI è verificato un errore durante la sincronizzazione dei dati degli amici"}]