[{"$i":"brandShortName","$v":"B2G OS"},{"$i":"browserBrandShortName","$v":"Web Browser"},{"$i":"browserBrandFullName","$v":"Mozilla Web Browser"},{"$i":"ringtoneBrandName","$v":"Default"},{"$i":"ringtoneSectionBrandName","$v":"System"},{"$i":"back","$v":"戻る"},{"$i":"noSimMsg","$v":"連絡先をインポートするには SIM カードを挿入するかロックを解除してください"},{"$i":"noMemoryCardMsg","$v":"連絡先をインポートするにはメモリーカードを挿入してください"},{"$i":"importMemoryCard","$v":"メモリーカード"},{"$i":"noConnection11","$v":"Facebook の友達や連絡先をインポートするには Wi-Fi かデータ通信ネットワークに接続してください。"},{"$i":"emptyAccount","$v":"このアカウントには友達や連絡先が登録されていません。"},{"$i":"simContacts-import","$v":"SIM の連絡先をインポート"},{"$i":"simContacts-importing","$v":"SIM の連絡先をインポート中…"},{"$i":"simContacts-reading","$v":"SIM カードから読み込み中…"},{"$i":"simContacts-error","$v":"SIM から連絡先をインポートできませんでした"},{"$i":"simContacts-imported3","$v":{"zero":"SIM カードにインポートする連絡先はありません","one":"1件の連絡先をインポートしました","two":[{"t":"idOrVar","v":"n"},"件の連絡先をインポートしました"],"few":[{"t":"idOrVar","v":"n"},"件の連絡先をインポートしました"],"many":[{"t":"idOrVar","v":"n"},"件の連絡先をインポートしました"],"other":[{"t":"idOrVar","v":"n"},"件の連絡先をインポートしました"]},"$x":[{"t":"idOrVar","v":"plural"},"n"]},{"$i":"memoryCardContacts-import","$v":"メモリーカードから連絡先をインポート"},{"$i":"memoryCardContacts-importing","$v":"メモリーカードから連絡先をインポート中…"},{"$i":"memoryCardContacts-reading","$v":"メモリーカードから読み込み中…"},{"$i":"memoryCardContacts-error","$v":"メモリーカードから連絡先をインポートできませんでした"},{"$i":"memoryCardContacts-imported3","$v":{"zero":"メモリーカードにインポートする連絡先はありません","one":"1件の連絡先をインポートしました","two":[{"t":"idOrVar","v":"n"},"件の連絡先をインポートしました"],"few":[{"t":"idOrVar","v":"n"},"件の連絡先をインポートしました"],"many":[{"t":"idOrVar","v":"n"},"件の連絡先をインポートしました"],"other":[{"t":"idOrVar","v":"n"},"件の連絡先をインポートしました"]},"$x":[{"t":"idOrVar","v":"plural"},"n"]},{"$i":"genericProgress","$v":[{"t":"idOrVar","v":"current"},"/",{"t":"idOrVar","v":"total"}]},{"$i":"facebook","$v":"Facebook"},{"$i":"facebook-import-msg2","$v":[{"t":"idOrVar","v":"imported"},"/",{"t":"idOrVar","v":"total"},"名の友達をインポートしました"]},{"$i":"contactsMerged","$v":{"zero":"重複した連絡先はありません","one":"1件の重複した連絡先をまとめました","two":[{"t":"idOrVar","v":"numDups"},"件の連絡先をまとめました"],"few":[{"t":"idOrVar","v":"numDups"},"件の連絡先をまとめました"],"many":[{"t":"idOrVar","v":"numDups"},"件の連絡先をまとめました"],"other":[{"t":"idOrVar","v":"numDups"},"件の連絡先をまとめました"]},"$x":[{"t":"idOrVar","v":"plural"},"numDups"]},{"$i":"pincode2","$v":"PIN コード入力"},{"$i":"type_pin","$v":"PIN コードを入力してください"},{"$i":"pincodeLabel","$v":["SIM",{"t":"idOrVar","v":"n"}," PIN コード"]},{"$i":"pinValidation","$v":"PIN コードは4から8文字です。"},{"$i":"pinError","$v":"PIN コードが正しくありません。"},{"$i":"pinAttemptMsg2","$v":{"one":"残り1回です。SIM カードがロックされる前に正しいコードを入力してください。","two":["残り",{"t":"idOrVar","v":"n"},"回です。SIM カードがロックされる前に正しいコードを入力してください。"],"few":["残り",{"t":"idOrVar","v":"n"},"回です。SIM カードがロックされる前に正しいコードを入力してください。"],"many":["残り",{"t":"idOrVar","v":"n"},"回です。SIM カードがロックされる前に正しいコードを入力してください。"],"other":["残り",{"t":"idOrVar","v":"n"},"回です。SIM カードがロックされる前に正しいコードを入力してください。"]},"$x":[{"t":"idOrVar","v":"plural"},"n"]},{"$i":"pinLastChanceMsg","$v":"正しい PIN コードを入力できるのはこれが最後です。入力に失敗した場合、この SIM カードを使用するには PIN ロック解除コード (PUK コード) を入力しなければなりません。"},{"$i":"pukcode","$v":"PUK コード入力"},{"$i":"pukcodeTitle","$v":["SIM",{"t":"idOrVar","v":"n"}," PUK コード入力"]},{"$i":"pukcodeLabel","$v":["SIM",{"t":"idOrVar","v":"n"}," PUK コード"]},{"$i":"type_puk","$v":"PUK コードを入力してください"},{"$i":"pukValidation","$v":"PUK コードは8文字です。"},{"$i":"pukInfo","$v":"SIM カードを使用するには PIN ロック解除コード (PUK コード) を入力する必要があります。詳しい情報は、SIM カードの取扱い説明書を参照するかご利用の携帯通信事業者にお問い合わせください。"},{"$i":"pukError","$v":"PUK コードが正しくありません。"},{"$i":"pukAttemptMsg2","$v":{"one":"残り1回です。SIM カードが永久に使用不可になる前に正しいコードを入力してください。詳しい情報は、SIM カードの取扱説明書を参照するか、ご利用の携帯通信事業者にお問い合わせください。","two":["残り",{"t":"idOrVar","v":"n"},"回です。SIM カードが永久に使用不可になる前に正しいコードを入力してください。詳しい情報は、SIM カードの取扱説明書を参照するか、ご利用の携帯通信事業者にお問い合わせください。"],"few":["残り",{"t":"idOrVar","v":"n"},"回です。SIM カードが永久に使用不可になる前に正しいコードを入力してください。詳しい情報は、SIM カードの取扱説明書を参照するか、ご利用の携帯通信事業者にお問い合わせください。"],"many":["残り",{"t":"idOrVar","v":"n"},"回です。SIM カードが永久に使用不可になる前に正しいコードを入力してください。詳しい情報は、SIM カードの取扱説明書を参照するか、ご利用の携帯通信事業者にお問い合わせください。"],"other":["残り",{"t":"idOrVar","v":"n"},"回です。SIM カードが永久に使用不可になる前に正しいコードを入力してください。詳しい情報は、SIM カードの取扱説明書を参照するか、ご利用の携帯通信事業者にお問い合わせください。"]},"$x":[{"t":"idOrVar","v":"plural"},"n"]},{"$i":"pukLastChanceMsg","$v":"正しい PIN ロック解除コードを入力できるのはこれが最後です。入力に失敗した場合、この SIM カードは永久に使用できなくなります。詳しい情報は、SIM カードの取扱説明書を参照するか、ご利用の携帯通信事業者にお問い合わせください。"},{"$i":"create_newpin","$v":"新しい PIN コード (4～8桁の数字)"},{"$i":"confirm_newpin","$v":"新しい PIN コード (確認)"},{"$i":"newpinConfirmation","$v":"PIN コードが一致しません。"},{"$i":"nckcode","$v":"NCK コード入力"},{"$i":"cckcode","$v":"CCK コード入力"},{"$i":"spckcode","$v":"SPCK コード入力"},{"$i":"nck1code","$v":"NCK1 コード入力"},{"$i":"nck2code","$v":"NCK2 コード入力"},{"$i":"hnckcode","$v":"HNCK コード入力"},{"$i":"rcckcode","$v":"RCCK コード入力"},{"$i":"rspckcode","$v":"RSPCK コード入力"},{"$i":"nckcodeTitle","$v":["SIM",{"t":"idOrVar","v":"n"}," NCK コード入力"]},{"$i":"cckcodeTitle","$v":["SIM",{"t":"idOrVar","v":"n"}," CCK コード入力"]},{"$i":"spckcodeTitle","$v":["SIM",{"t":"idOrVar","v":"n"}," SPCK コード入力"]},{"$i":"nck1codeTitle","$v":["SIM",{"t":"idOrVar","v":"n"}," NCK1 コード入力"]},{"$i":"nck2codeTitle","$v":["SIM",{"t":"idOrVar","v":"n"}," NCK2 コード入力"]},{"$i":"hnckcodeTitle","$v":["SIM",{"t":"idOrVar","v":"n"}," HNCK コード入力"]},{"$i":"rcckcodeTitle","$v":["SIM",{"t":"idOrVar","v":"n"}," RCCK コード入力"]},{"$i":"rspckcodeTitle","$v":["SIM",{"t":"idOrVar","v":"n"}," RSPCK コード入力"]},{"$i":"nckcodeLabel","$v":["SIM",{"t":"idOrVar","v":"n"}," NCK コード"]},{"$i":"cckcodeLabel","$v":["SIM",{"t":"idOrVar","v":"n"}," CCK コード"]},{"$i":"spckcodeLabel","$v":["SIM",{"t":"idOrVar","v":"n"}," SPCK コード"]},{"$i":"nck1codeLabel","$v":["SIM",{"t":"idOrVar","v":"n"}," NCK1 コード"]},{"$i":"nck2codeLabel","$v":["SIM",{"t":"idOrVar","v":"n"}," NCK2 コード"]},{"$i":"hnckcodeLabel","$v":["SIM",{"t":"idOrVar","v":"n"}," HNCK コード"]},{"$i":"rcckcodeLabel","$v":["SIM",{"t":"idOrVar","v":"n"}," RCCK コード"]},{"$i":"rspckcodeLabel","$v":["SIM",{"t":"idOrVar","v":"n"}," RSPCK コード"]},{"$i":"type_nck","$v":"NCK コードを入力してください"},{"$i":"type_cck","$v":"CCK コードを入力してください"},{"$i":"type_spck","$v":"SPCK コードを入力してください"},{"$i":"type_nck1","$v":"NCK1 コードを入力してください"},{"$i":"type_nck2","$v":"NCK2 コードを入力してください"},{"$i":"type_hnck","$v":"HNCK コードを入力してください"},{"$i":"type_rcck","$v":"RCCK コードを入力してください"},{"$i":"type_rspck","$v":"RSPCK コードを入力してください"},{"$i":"nckValidation","$v":"NCK コードは8から16文字です。"},{"$i":"cckValidation","$v":"CCK コードは8から16文字です。"},{"$i":"spckValidation","$v":"SPCK コードは8から16文字です。"},{"$i":"nck1Validation","$v":"NCK1 コードは8から16文字です。"},{"$i":"nck2Validation","$v":"NCK2 コードは8から16文字です。"},{"$i":"hnckValidation","$v":"HNCK コードは8から16文字です。"},{"$i":"rcckValidation","$v":"RCCK コードは8から16文字です。"},{"$i":"rspckValidation","$v":"RSPCK コードは8から16文字です。"},{"$i":"nckErrorMsg","$v":"NCK コードが正しくありません。"},{"$i":"nckAttemptMsg2","$v":{"one":"ネットワークロックの解除リクエストに失敗しました。あと1回まで入力できます。詳しい情報は、端末の取扱説明書を参照するか、ご利用の携帯通信事業者にお問い合わせください。","two":["ネットワークロックの解除リクエストに失敗しました。あと",{"t":"idOrVar","v":"n"},"回まで入力できます。詳しい情報は、端末の取扱説明書を参照するか、ご利用の携帯通信事業者にお問い合わせください。"],"few":["ネットワークロックの解除リクエストに失敗しました。あと",{"t":"idOrVar","v":"n"},"回まで入力できます。詳しい情報は、端末の取扱説明書を参照するか、ご利用の携帯通信事業者にお問い合わせください。"],"many":["ネットワークロックの解除リクエストに失敗しました。あと",{"t":"idOrVar","v":"n"},"回まで入力できます。詳しい情報は、端末の取扱説明書を参照するか、ご利用の携帯通信事業者にお問い合わせください。"],"other":["ネットワークロックの解除リクエストに失敗しました。あと",{"t":"idOrVar","v":"n"},"回まで入力できます。詳しい情報は、端末の取扱説明書を参照するか、ご利用の携帯通信事業者にお問い合わせください。"]},"$x":[{"t":"idOrVar","v":"plural"},"n"]},{"$i":"nckLastChanceMsg","$v":"ネットワークロックの解除リクエストに失敗しました。正しい NCK コードを入力できるのはこれが最後です。詳しい情報は、端末の取扱説明書を参照するか、ご利用の携帯通信事業者にお問い合わせください。"},{"$i":"skip","$v":"スキップ"},{"$i":"send","$v":"送信"},{"$i":"ok","$v":"OK"},{"$i":"simLocked","$v":"SIM カードがロックされました"},{"$i":"inputCodeRetriesLeft","$v":{"one":"残り1回","two":["残り",{"t":"idOrVar","v":"n"},"回"],"few":["残り",{"t":"idOrVar","v":"n"},"回"],"many":["残り",{"t":"idOrVar","v":"n"},"回"],"other":["残り",{"t":"idOrVar","v":"n"},"回"]},"$x":[{"t":"idOrVar","v":"plural"},"n"]},{"$i":"simManager","$v":"SIM マネージャ"},{"$i":"simDetail","$v":["SIM",{"t":"idOrVar","v":"n"}]},{"$i":"simDefault","$v":"(既定)"},{"$i":"simDefaultMessage","$v":"外部への通話、メッセージ送信、データ通信接続には、既定で SIM1 がセットされます。"},{"$i":"simSettingsMessage","$v":"既定の設定は 環境設定 > SIM マネージャから変更できます。"},{"$i":"simPinLocked","$v":"SIM PIN がロックされています"},{"$i":"noOperator","$v":"通信事業者なし"},{"$i":"searchingOperator","$v":"検索中"},{"$i":"language","$v":"言語"},{"$i":"3g","$v":"データ通信"},{"$i":"dataConnection","$v":"データ通信を有効化"},{"$i":"dataConnectionInfo","$v":"データ通信を有効にすると Wi-Fi 接続なしで携帯電話をセットアップできます。後で設定から有効化することもできます。データ通信により多額の請求が発生することを避けるため、通信キャリアに定額制の料金プランを申し込んでください。"},{"$i":"caution","$v":"警告"},{"$i":"geolocation","$v":"位置情報"},{"$i":"geolocationCheckbox","$v":"位置情報の送信を有効化"},{"$i":"geolocationInfo2","$v":[{"t":"idOrVar","v":"brandShortName"}," は、ご利用地点の GPS や Wi-Fi、その他のモバイルネットワークなどのデータを利用しておおよその位置情報を決定します。"]},{"$i":"geolocationInfoMore","$v":"このデータは、Mozilla と他のサービスプロバイダに送信され、位置情報データベースを改善するために集計されます。このデータは、ご使用の端末に保存され、アプリが実行中でない時にもデータが収集されることがあります。"},{"$i":"notice","$v":"通知"},{"$i":"aboutYourPrivacy","$v":"あなたのプライバシーについて"},{"$i":"scanningNetworks","$v":"ネットワーク検索中"},{"$i":"selectNetwork","$v":"ネットワーク選択"},{"$i":"shortStatus-connecting","$v":"接続中…"},{"$i":"shortStatus-associated","$v":"IP アドレス取得中…"},{"$i":"shortStatus-connected","$v":"接続完了"},{"$i":"shortStatus-connectingfailed","$v":"接続失敗"},{"$i":"shortStatus-disconnected","$v":"オフライン"},{"$i":"securedBy","$v":[{"t":"idOrVar","v":"capabilities"}," による保護"]},{"$i":"security","$v":"セキュリティ"},{"$i":"securityNone","$v":"なし"},{"$i":"securityWEP","$v":"WEP"},{"$i":"securityWPA-PSK","$v":"WPA-PSK"},{"$i":"securityWPA-EAP","$v":"WPA-EAP"},{"$i":"securityOpen","$v":"オープン","ariaLabel":"セキュリティ"},{"$i":"identity","$v":"ID"},{"$i":"identityInput","placeholder":"ID"},{"$i":"password","$v":"パスワード"},{"$i":"passwordInput","placeholder":"パスワード"},{"$i":"showPassword","$v":"パスワードを表示する"},{"$i":"refresh","$v":"更新"},{"$i":"noWifiFound3","$v":"無線ネットワークが見つかりませんでした"},{"$i":"join-hidden-button","$v":"隠しネットワークに参加"},{"$i":"authentication","$v":"認証方式"},{"$i":"ssid-name","$v":"SSID ネットワーク名"},{"$i":"wifiLevel","ariaLabel":[{"t":"idOrVar","v":"level"},"/4本"]},{"$i":"networksList","ariaLabel":"ネットワークが見つかりました"},{"$i":"dateAndTime","$v":"日付と時刻"},{"$i":"timezoneTitle","$v":["UTC",{"t":"idOrVar","v":"utcOffset"}," ",{"t":"idOrVar","v":"region"},"/",{"t":"idOrVar","v":"city"}]},{"$i":"timeZone","$v":"タイムゾーン"},{"$i":"change","$v":"変更"},{"$i":"region","ariaLabel":"地域"},{"$i":"city","ariaLabel":"都市"},{"$i":"date","ariaLabel":"日付"},{"$i":"time","ariaLabel":"時刻"},{"$i":"importContacts3","$v":"連絡先のインポート"},{"$i":"importSim2","$v":"SIM カード"},{"$i":"importFb2","$v":"Facebook"},{"$i":"importOutlook","$v":"Outlook"},{"$i":"importGmail","$v":"Gmail"},{"$i":"fb-checking","$v":"… 確認中"},{"$i":"notImportedYet","$v":"まだインポートされていません"},{"$i":"otherAccount","$v":"他のアカウント"},{"$i":"afterFbImport","$v":"Facebook の友達は連絡先設定からいつでもインポートと編集ができます"},{"$i":"firefox-accounts","$v":"Firefox アカウント"},{"$i":"fxa-upsell","innerHTML":"Firefox アカウントで紛失した携帯を見つけたり Firefox Marketplace からアプリを購入したりできます。"},{"$i":"fxa-create-account-or-sign-in","$v":"アカウント作成またはサインイン"},{"$i":"fxa-email-sent","$v":["アカウント認証リンクを ",{"t":"idOrVar","v":"email"}," に送信しました"]},{"$i":"fxa-signed-in","$v":[{"t":"idOrVar","v":"email"}," でサインインしました"]},{"$i":"about-your-rights-0","$v":[{"t":"idOrVar","v":"brandShortName"}," は無料のオープンソースソフトウェアであり、世界中の多数のコミュニティによって開発されています。ご利用に際してはいくつか知っておいていただきたいことがあります:"]},{"$i":"about-your-rights-1","$v":[{"t":"idOrVar","v":"brandShortName"}," は、Mozilla Public License を含むいくつかのオープンソースライセンスの条項下で提供されます。ただし、",{"t":"idOrVar","v":"brandShortName"}," を実行している端末には、サードパーティから提供された独占的なソフトウェアが含まれていることがあります。あなたは、これらのオープンソースライセンスの条項下で提供されたコードを使用、複製、配布することができます。あなたはまた、Firefox のソースコードを必要に応じて修正することもできます。Mozilla Public License では、あなたが修正したバージョンを配布することも認めています。"]},{"$i":"about-your-rights-2","$v":["Mozilla Foundation とその関係団体の商標およびロゴについては、",{"t":"idOrVar","v":"brandShortName"}," の製品名およびロゴを含めこれに限定されず、何らの権利もあなたに与えるものではありません。"]},{"$i":"about-your-rights-3","$v":["クラッシュレポータなど ",{"t":"idOrVar","v":"brandShortName"}," の一部の機能には、Mozilla へフィードバックを送信するオプションがあります。あなたがフィードバックの送信を選択することにより、Mozilla がそのフィードバックを製品の改善および Mozilla Web サイトでの公開、配布のために使用する許可を Mozilla に与えるものとします。"]},{"$i":"about-other","$v":"その他"},{"$i":"SIM_mandatory","$v":"SIM カード警告"},{"$i":"SIM_mandatory_warm","$v":"SIM カードを挿入し、端末を再起動してください。"},{"$i":"telemetry-sends2","$v":["Telemetry は、",{"t":"idOrVar","v":"brandShortName"}," 端末のパフォーマンス、ハードウェア、設定、カスタマイズとアプリの使用状況についての詳細な情報を Mozilla に送信します。これらの情報は、私たちの製品をより良く、速く、応答性を改善するために使用されます。"]},{"$i":"learn-more-telemetry2","innerHTML":["Telemetry の詳細について: <a href=\"",{"t":"idOrVar","v":"href"},"\" class=\"",{"t":"idOrVar","v":"className"},"\">",{"t":"idOrVar","v":"textContent"},"</a>"]},{"$i":"learn-more-information2","innerHTML":["Mozilla の個人情報の取り扱いについて: <a href=\"",{"t":"idOrVar","v":"href"},"\" class=\"",{"t":"idOrVar","v":"className"},"\">",{"t":"idOrVar","v":"textContent"},"</a>"]},{"$i":"htmlWelcome2","innerHTML":["Mozilla がお届けする自由なオープンソースのオペレーティングシステム <a href=\"",{"t":"idOrVar","v":"href"},"\" class=\"",{"t":"idOrVar","v":"className"},"\">",{"t":"idOrVar","v":"textContent"},"</a> をご使用いただきありがとうございます。私たちの使命は、Web の活力をあなたの手に委ねることによって、オープン性と革新、機会を促進することです。"]},{"$i":"htmlWelcome-link","$v":[{"t":"idOrVar","v":"brandShortName"}]},{"$i":"helpImprove2","innerHTML":["端末の解析データを自動的に送信することにより、私たちの製品とサービスの改善に役立てることができます。端末から収集するデータの取り扱いについては、<a href=\"",{"t":"idOrVar","v":"href"},"\" class=\"",{"t":"idOrVar","v":"className"},"\">",{"t":"idOrVar","v":"textContent"},"</a> をご覧ください。"]},{"$i":"helpImprove-link","$v":"プライバシー通知"},{"$i":"learn-more-privacy2","innerHTML":["Mozilla の個人情報の取り扱いについては、<a href=\"",{"t":"idOrVar","v":"href"},"\" class=\"",{"t":"idOrVar","v":"className"},"\">",{"t":"idOrVar","v":"textContent"},"</a> をお読みください。"]},{"$i":"learn-more-privacy-link","$v":"プライバシーポリシー"},{"$i":"aboutBrowser","$v":[{"t":"idOrVar","v":"brandShortName"}," について"]},{"$i":"aboutYourPrivacy2","$v":"あなたのプライバシーについて"},{"$i":"mozillaCommunity2","$v":[{"t":"idOrVar","v":"brandShortName"}," をご使用いただくと、グローバルコミュニティの一員として、Web の明るい未来を構築する助けになります。Mozilla コミュニティや私たちの他の製品、お近くで開催されるイベントについて詳しく知りたい方は、以下にメールアドレスをご記入ください。"]},{"$i":"sharePerformanceAndUsageData2","$v":"はい、データを送信します。"},{"$i":"emailAddress","placeholder":"メールアドレス"},{"$i":"email-successfully-added","$v":"メールアドレスが追加されました"},{"$i":"email-loading","$v":"メールアドレスを保存しています…"},{"$i":"privacy-b2g","$v":[{"t":"idOrVar","v":"brandShortName"}],"title":[{"t":"idOrVar","v":"brandShortName"}]},{"$i":"privacy-marketplace","$v":"Marketplace","title":[{"t":"idOrVar","v":"privacy-marketplace"}]},{"$i":"privacy-eme","$v":"EverythingMe"},{"$i":"privacy-e-me","title":[{"t":"idOrVar","v":"privacy-e-me"}]},{"$i":"navbar-back","$v":"戻る"},{"$i":"navbar-next","$v":"次へ"},{"$i":"navbar-join","$v":"参加"},{"$i":"done","$v":"完了"},{"$i":"thatsIt","$v":"終わり！"},{"$i":"startYourPhone","$v":"はじめてガイドへようこそ！"},{"$i":"startYourTablet","$v":"はじめてガイドへようこそ！"},{"$i":"joinTutorial","$v":"これから使い始める端末のチュートリアルをご確認ください。"},{"$i":"joinTutorialUpdated","$v":"端末の更新についての簡単なチュートリアルをご確認ください。"},{"$i":"enjoyYourPhone","$v":"基本的な操作はこれだけです。お好みのアプリを開いてみましょう。"},{"$i":"enjoyYourPhoneUpdated","$v":"更新された端末をお楽しみください。"},{"$i":"optionsAvailable","$v":"表示言語や日付と時刻、Wi-Fi 接続は設定から変更できます。"},{"$i":"letsGo","$v":"ホーム画面へ進む"},{"$i":"startTour","$v":"開始"},{"$i":"thatsIt1Tablet-2","$v":"いつでも画面下端からスワイプするとホーム画面へ移動できます。"},{"$i":"thatsIt2Tablet-2","$v":"操作してみましょう！"},{"$i":"tutorial","$v":"チュートリアル"},{"$i":"tutorial-step1-large-3","$v":"Swipe down to access recent notifications, usage information and settings."},{"$i":"tutorial-step2-large-2","$v":"ホーム画面上の新しいアプリを探すには、画面を左または右へスワイプします (指でなぞります) 。"},{"$i":"tutorial-step3-large-2","$v":"アイコンを長押しすると、そのアプリの削除や移動ができます。"},{"$i":"tutorial-step4-large-2","$v":"二本指で画面下端から上へスワイプするとカードビューが開きます。"},{"$i":"tutorial-vertical-scroll-v2-tiny","$v":"画面を上または下へスワイプすると、アプリとブックマークの画面をスクロールします。アイコンを長押しすると、そのアプリの削除、移動、編集ができます。"},{"$i":"tutorial-notifications-v2-tiny","$v":"Swipe down to access recent notifications, usage information and settings."},{"$i":"tutorial-sheets-tiny","$v":"画面を左端からドラッグすると、最近使用したアプリへ戻ります。"},{"$i":"tutorial-rocketbar-tiny","$v":"検索ボックスをタップすると、いつでも検索を開始したり Web サイトを開いたりできます。"},{"$i":"tutorial-bookmarks-migration-tiny","$v":"ブックマークをホーム画面へ移動しました。編集する場合はブックマークをタップして編集または名前変更してください。"},{"$i":"tutorial-app-grouping-tiny","$v":"Tap to expand and collapse app groups. Drag an app into a new space to create a group."},{"$i":"offline-dialog-title","$v":"ページを表示するにはインターネットに接続する必要があります。"},{"$i":"offline-dialog-text","$v":["前のページへ戻り、インターネットに接続してください。このページは後で設定から表示するか、ブラウザに ",{"t":"idOrVar","v":"url"}," を入力して表示することもできます。"]},{"$i":"OK","$v":"OK"},{"$i":"offline-newsletter-dialog-title","$v":"ニュースレターを購読するにはインターネットに接続する必要があります。"},{"$i":"offline-newsletter-dialog-text","$v":"前のページへ戻り、インターネットに接続してください。"},{"$i":"invalid-email-dialog-title","$v":"メールアドレスが正しくありません"},{"$i":"invalid-email-dialog-text","$v":"前のページへ戻り、正しく記入してください。"},{"$i":"retry","$v":"再試行"},{"$i":"cancel","$v":"キャンセル"},{"$i":"progressbar","$v":["ステップ ",{"t":"idOrVar","v":"step"},"/",{"t":"idOrVar","v":"total"}],"ariaLabel":"はじめてガイド"},{"$i":"weekday-0-long","$v":"日曜日"},{"$i":"weekday-1-long","$v":"月曜日"},{"$i":"weekday-2-long","$v":"火曜日"},{"$i":"weekday-3-long","$v":"水曜日"},{"$i":"weekday-4-long","$v":"木曜日"},{"$i":"weekday-5-long","$v":"金曜日"},{"$i":"weekday-6-long","$v":"土曜日"},{"$i":"weekday-0-short","$v":"日"},{"$i":"weekday-1-short","$v":"月"},{"$i":"weekday-2-short","$v":"火"},{"$i":"weekday-3-short","$v":"水"},{"$i":"weekday-4-short","$v":"木"},{"$i":"weekday-5-short","$v":"金"},{"$i":"weekday-6-short","$v":"土"},{"$i":"month-0-long","$v":"1月"},{"$i":"month-1-long","$v":"2月"},{"$i":"month-2-long","$v":"3月"},{"$i":"month-3-long","$v":"4月"},{"$i":"month-4-long","$v":"5月"},{"$i":"month-5-long","$v":"6月"},{"$i":"month-6-long","$v":"7月"},{"$i":"month-7-long","$v":"8月"},{"$i":"month-8-long","$v":"9月"},{"$i":"month-9-long","$v":"10月"},{"$i":"month-10-long","$v":"11月"},{"$i":"month-11-long","$v":"12月"},{"$i":"month-0-genitive","$v":"1月"},{"$i":"month-1-genitive","$v":"2月"},{"$i":"month-2-genitive","$v":"3月"},{"$i":"month-3-genitive","$v":"4月"},{"$i":"month-4-genitive","$v":"5月"},{"$i":"month-5-genitive","$v":"6月"},{"$i":"month-6-genitive","$v":"7月"},{"$i":"month-7-genitive","$v":"8月"},{"$i":"month-8-genitive","$v":"9月"},{"$i":"month-9-genitive","$v":"10月"},{"$i":"month-10-genitive","$v":"11月"},{"$i":"month-11-genitive","$v":"12月"},{"$i":"month-0-short","$v":"1月"},{"$i":"month-1-short","$v":"2月"},{"$i":"month-2-short","$v":"3月"},{"$i":"month-3-short","$v":"4月"},{"$i":"month-4-short","$v":"5月"},{"$i":"month-5-short","$v":"6月"},{"$i":"month-6-short","$v":"7月"},{"$i":"month-7-short","$v":"8月"},{"$i":"month-8-short","$v":"9月"},{"$i":"month-9-short","$v":"10月"},{"$i":"month-10-short","$v":"11月"},{"$i":"month-11-short","$v":"12月"},{"$i":"minutes-ago-long","$v":{"zero":"1分以内","one":"1分前","two":[{"t":"idOrVar","v":"value"},"分前"],"few":[{"t":"idOrVar","v":"value"},"分前"],"many":[{"t":"idOrVar","v":"value"},"分前"],"other":[{"t":"idOrVar","v":"value"},"分前"]},"$x":[{"t":"idOrVar","v":"plural"},"value"]},{"$i":"hours-ago-long","$v":{"zero":"1時間以内","one":"1時間前","two":[{"t":"idOrVar","v":"value"},"時間前"],"few":[{"t":"idOrVar","v":"value"},"時間前"],"many":[{"t":"idOrVar","v":"value"},"時間前"],"other":[{"t":"idOrVar","v":"value"},"時間前"]},"$x":[{"t":"idOrVar","v":"plural"},"value"]},{"$i":"days-ago-long","$v":{"zero":"今日","one":"昨日","two":[{"t":"idOrVar","v":"value"},"日前"],"few":[{"t":"idOrVar","v":"value"},"日前"],"many":[{"t":"idOrVar","v":"value"},"日前"],"other":[{"t":"idOrVar","v":"value"},"日前"]},"$x":[{"t":"idOrVar","v":"plural"},"value"]},{"$i":"weeks-ago-long","$v":{"zero":"今週","one":"先週","two":[{"t":"idOrVar","v":"value"},"週間前"],"few":[{"t":"idOrVar","v":"value"},"週間前"],"many":[{"t":"idOrVar","v":"value"},"週間前"],"other":[{"t":"idOrVar","v":"value"},"週間前"]},"$x":[{"t":"idOrVar","v":"plural"},"value"]},{"$i":"months-ago-long","$v":{"zero":"今月","one":"先月","two":[{"t":"idOrVar","v":"value"},"か月前"],"few":[{"t":"idOrVar","v":"value"},"か月前"],"many":[{"t":"idOrVar","v":"value"},"か月前"],"other":[{"t":"idOrVar","v":"value"},"か月前"]},"$x":[{"t":"idOrVar","v":"plural"},"value"]},{"$i":"years-ago-long","$v":{"zero":"今年","one":"昨年","two":[{"t":"idOrVar","v":"value"},"年前"],"few":[{"t":"idOrVar","v":"value"},"年前"],"many":[{"t":"idOrVar","v":"value"},"年前"],"other":[{"t":"idOrVar","v":"value"},"年前"]},"$x":[{"t":"idOrVar","v":"plural"},"value"]},{"$i":"minutes-until-long","$v":{"zero":"1分以内","one":"1分後","two":[{"t":"idOrVar","v":"value"},"分後"],"few":[{"t":"idOrVar","v":"value"},"分後"],"many":[{"t":"idOrVar","v":"value"},"分後"],"other":[{"t":"idOrVar","v":"value"},"分後"]},"$x":[{"t":"idOrVar","v":"plural"},"value"]},{"$i":"hours-until-long","$v":{"zero":"1時間以内","one":"1時間後","two":[{"t":"idOrVar","v":"value"},"時間後"],"few":[{"t":"idOrVar","v":"value"},"時間後"],"many":[{"t":"idOrVar","v":"value"},"時間後"],"other":[{"t":"idOrVar","v":"value"},"時間後"]},"$x":[{"t":"idOrVar","v":"plural"},"value"]},{"$i":"days-until-long","$v":{"zero":"今日","one":"明日","two":[{"t":"idOrVar","v":"value"},"日後"],"few":[{"t":"idOrVar","v":"value"},"日後"],"many":[{"t":"idOrVar","v":"value"},"日後"],"other":[{"t":"idOrVar","v":"value"},"日後"]},"$x":[{"t":"idOrVar","v":"plural"},"value"]},{"$i":"weeks-until-long","$v":{"zero":"今週","one":"来週","two":[{"t":"idOrVar","v":"value"},"週間後"],"few":[{"t":"idOrVar","v":"value"},"週間後"],"many":[{"t":"idOrVar","v":"value"},"週間後"],"other":[{"t":"idOrVar","v":"value"},"週間後"]},"$x":[{"t":"idOrVar","v":"plural"},"value"]},{"$i":"months-until-long","$v":{"zero":"今月","one":"来月","two":[{"t":"idOrVar","v":"value"},"か月後"],"few":[{"t":"idOrVar","v":"value"},"か月後"],"many":[{"t":"idOrVar","v":"value"},"か月後"],"other":[{"t":"idOrVar","v":"value"},"か月後"]},"$x":[{"t":"idOrVar","v":"plural"},"value"]},{"$i":"years-until-long","$v":{"zero":"今年","one":"来年","two":[{"t":"idOrVar","v":"value"},"年後"],"few":[{"t":"idOrVar","v":"value"},"年後"],"many":[{"t":"idOrVar","v":"value"},"年後"],"other":[{"t":"idOrVar","v":"value"},"年後"]},"$x":[{"t":"idOrVar","v":"plural"},"value"]},{"$i":"minutes-ago-short","$v":{"zero":"直前","other":[{"t":"idOrVar","v":"value"},"分前"]},"$x":[{"t":"idOrVar","v":"plural"},"value"]},{"$i":"hours-ago-short","$v":{"zero":"数分前","other":[{"t":"idOrVar","v":"value"},"時間前"]},"$x":[{"t":"idOrVar","v":"plural"},"value"]},{"$i":"days-ago-short","$v":{"zero":"今日","other":[{"t":"idOrVar","v":"value"},"日前"]},"$x":[{"t":"idOrVar","v":"plural"},"value"]},{"$i":"minutes-until-short","$v":{"zero":"直後","other":[{"t":"idOrVar","v":"value"},"分後"]},"$x":[{"t":"idOrVar","v":"plural"},"value"]},{"$i":"hours-until-short","$v":{"zero":"数分後","other":[{"t":"idOrVar","v":"value"},"時間後"]},"$x":[{"t":"idOrVar","v":"plural"},"value"]},{"$i":"days-until-short","$v":{"zero":"今日","other":[{"t":"idOrVar","v":"value"},"日後"]},"$x":[{"t":"idOrVar","v":"plural"},"value"]},{"$i":"incorrectDate","$v":"(日付が不正です)"},{"$i":"dateTimeFormat_%c","$v":"%Y年%b%e日(%a) %p%I:%M:%S"},{"$i":"dateTimeFormat_%x","$v":"%Y/%m/%d"},{"$i":"dateTimeFormat_%X","$v":"%p%I:%M:%S"},{"$i":"shortTimeFormat","$v":"%p%I:%M"},{"$i":"shortTimeFormat12","$v":"%p%I:%M"},{"$i":"shortTimeFormat24","$v":"%H:%M"},{"$i":"shortDateTimeFormat","$v":"%x %p%I:%M"},{"$i":"weekStartsOnMonday","$v":"0"},{"$i":"firstDayOfTheWeek","$v":"0"},{"$i":"time_am","$v":"午前"},{"$i":"time_pm","$v":"午後"},{"$i":"tz-region","$v":"地域"},{"$i":"tz-city","$v":"都市"},{"$i":"tzRegion-Africa","$v":"アフリカ"},{"$i":"tzRegion-America","$v":"アメリカ"},{"$i":"tzRegion-Antarctica","$v":"南極"},{"$i":"tzRegion-Asia","$v":"アジア"},{"$i":"tzRegion-Atlantic","$v":"大西洋"},{"$i":"tzRegion-Australia","$v":"オーストラリア"},{"$i":"tzRegion-Europe","$v":"ヨーロッパ"},{"$i":"tzRegion-Indian","$v":"インド洋"},{"$i":"tzRegion-Pacific","$v":"太平洋"},{"$i":"close","$v":"閉じる"},{"$i":"import","$v":"インポート"},{"$i":"update","$v":"更新"},{"$i":"fbFriends","$v":"友達"},{"$i":"live-serviceName","$v":"Outlook"},{"$i":"gmail-serviceName","$v":"Gmail"},{"$i":"facebook-serviceName","$v":"Facebook 友達"},{"$i":"selectAll","$v":"すべて選択"},{"$i":"deselectAll","$v":"選択をすべて解除"},{"$i":"viewAll","$v":"すべて見る"},{"$i":"viewRecommend","$v":"おすすめのみを表示"},{"$i":"linkProposal","$v":{"zero":"一致する友達はいません。すべて表示します","one":"おすすめの人を選択","two":"おすすめの人たちを選択","few":"おすすめの人たちを選択","many":"おすすめの人たちを選択","other":"おすすめの人たちを選択"},"$x":[{"t":"idOrVar","v":"plural"},"numFriends"]},{"$i":"fbFriendsFound","$v":{"zero":"すべての友達をインポートしました","one":"インポートする友達が 1 名見つかりました","two":["インポートする友達が ",{"t":"idOrVar","v":"numFriends"}," 名見つかりました"],"few":["インポートする友達が ",{"t":"idOrVar","v":"numFriends"}," 名見つかりました"],"many":["インポートする友達が ",{"t":"idOrVar","v":"numFriends"}," 名見つかりました"],"other":["インポートする友達が ",{"t":"idOrVar","v":"numFriends"}," 名見つかりました"]},"$x":[{"t":"idOrVar","v":"plural"},"numFriends"]},{"$i":"fbNoFriends","$v":"インポートできる連絡先はありません"},{"$i":"search-contact","placeholder":"検索"},{"$i":"noResults","$v":"連絡先が見つかりませんでした"},{"$i":"done-search","$v":"完了"},{"$i":"progressFB3ImportTitle","$v":"友達を連絡先へインポート"},{"$i":"progressFB","$v":[{"t":"idOrVar","v":"current"},"/",{"t":"idOrVar","v":"total"}]},{"$i":"progressFB3UpdateTitle","$v":"連絡先内の友達を更新"},{"$i":"message2","$v":"処理に 2 分ほどかかります"},{"$i":"messageLinking","$v":"そのままお待ちください。友達と連絡先をリンクしています。"},{"$i":"messageCanceling","$v":"そのままお待ちください。実行中の処理をキャンセルしています。"},{"$i":"error1","$v":["エラーが発生しました: ",{"t":"idOrVar","v":"from"}]},{"$i":"error2","$v":"再度試しますか？"},{"$i":"errorProposal","$v":"申し込みの判定"},{"$i":"errorFriends","$v":"友達リストの取得"},{"$i":"errorLinking","$v":"連絡先とのリンク"},{"$i":"timeout1","$v":["制限時間に達しました: ",{"t":"idOrVar","v":"from"}]},{"$i":"timeout2","$v":"再度試しますか？"},{"$i":"timeoutProposal","$v":"申し込みの判定"},{"$i":"timeoutFriends","$v":"友達リストの取得"},{"$i":"timeoutLinking","$v":"連絡先とのリンク"},{"$i":"wait1","$v":"そのままお待ちください"},{"$i":"wait2","$v":"処理に 2 分ほどかかります"},{"$i":"waitProposal","$v":"そのままお待ちください。申し込みを判定しています。"},{"$i":"waitFriends","$v":"そのままお待ちください。友達リストを取得するために接続中です。"},{"$i":"curtainCancel","$v":"キャンセル"},{"$i":"curtainRetry","$v":"再試行"},{"$i":"curtainOK","$v":"OK"},{"$i":"connectionLost","$v":"インターネットに接続されていません"},{"$i":"connectionLostMsg","$v":"友達の写真は連絡先に追加されません。それでも続けますか？"},{"$i":"yesOption","$v":"OK"},{"$i":"noOption","$v":"キャンセル"},{"$i":"friendsUpdated","$v":{"zero":"更新された友達はいません","one":"1 名の友達を更新しました","two":[{"t":"idOrVar","v":"numFriends"}," 名の友達を更新しました"],"few":[{"t":"idOrVar","v":"numFriends"}," 名の友達を更新しました"],"many":[{"t":"idOrVar","v":"numFriends"}," 名の友達を更新しました"],"other":[{"t":"idOrVar","v":"numFriends"}," 名の友達を更新しました"]},"$x":[{"t":"idOrVar","v":"plural"},"numFriends"]},{"$i":"friendsMerged","$v":{"zero":"重複した友達はいません","one":"1 名の重複した友達をまとめました","two":[{"t":"idOrVar","v":"numDups"}," 名の友達をまとめました"],"few":[{"t":"idOrVar","v":"numDups"}," 名の友達をまとめました"],"many":[{"t":"idOrVar","v":"numDups"}," 名の友達をまとめました"],"other":[{"t":"idOrVar","v":"numDups"}," 名の友達をまとめました"]},"$x":[{"t":"idOrVar","v":"plural"},"numDups"]},{"$i":"notificationLogin","$v":"Facebook のセッションが無効です。ログインしてください。"},{"$i":"syncError","$v":"友達データの同期中にエラーが発生しました"}]