[{"$i":"brandShortName","$v":"B2G OS"},{"$i":"browserBrandShortName","$v":"Web Browser"},{"$i":"browserBrandFullName","$v":"Mozilla Web Browser"},{"$i":"ringtoneBrandName","$v":"Default"},{"$i":"ringtoneSectionBrandName","$v":"System"},{"$i":"back","$v":"ថយក្រោយ"},{"$i":"noSimMsg","$v":"ដើម្បីនាំចូលទំនាក់ទំនង បញ្ចូល ឬ​ដោះសោ​ស៊ីមកាត​របស់​អ្នក"},{"$i":"noMemoryCardMsg","$v":"ដើម្បី​នាំចូល​ទំនាក់ទំនង បញ្ចូល​កាត​អង្គចងចាំ"},{"$i":"importMemoryCard","$v":"កាត​អង្គចងចាំ"},{"$i":"noConnection11","$v":"ដើម្បី​នាំចូល​​ទំនាក់ទំនង​ ឬ​មត្តិភ័ក្ដិ​លើ Facebook សូម​ភ្ជាប់បណ្ដាញ​វ៉ាយហ្វាយ ឬ​ទិន្នន័យ"},{"$i":"emptyAccount","$v":"No friends or contacts found in this account."},{"$i":"simContacts-import","$v":"នាំចូល​ទំនាក់ទំនង​ស៊ីមកាត"},{"$i":"simContacts-importing","$v":"កំពុង​នាំចូល​ទំនាក់ទំនង​ស៊ីមកាត…"},{"$i":"simContacts-reading","$v":"កំពុង​អាន​ពី​ស៊ីមកាត…"},{"$i":"simContacts-error","$v":"មិន​អាច​នាំចូល​ទំនាក់ទំនង​ពី​ស៊ីម"},{"$i":"simContacts-imported3","$v":{"zero":"រក​មិន​ឃើញ​ទំនាក់ទំនង​នៅ​លើ​ស៊ីម​ដើម្បី​នាំចូល​ឡើយ","one":"បាន​នាំចូល​ទំនាក់ទំនង​មួយ","two":["បាន​នាំចូល​ទំនាក់ទំនង ",{"t":"idOrVar","v":"n"}],"few":["បាន​នាំចូល​ទំនាក់ទំនង ",{"t":"idOrVar","v":"n"}],"many":["បាន​នាំចូល​ទំនាក់ទំនង ",{"t":"idOrVar","v":"n"}],"other":["បាន​នាំចូល​ទំនាក់ទំនង ",{"t":"idOrVar","v":"n"}]},"$x":[{"t":"idOrVar","v":"plural"},"n"]},{"$i":"memoryCardContacts-import","$v":"នាំចូល​ទំនាក់ទំនង​ពី​កាត​អង្គ​ចងចាំ"},{"$i":"memoryCardContacts-importing","$v":"កំពុង​នាំចូល​ទំនាក់ទំនង​ពី​កាត​អង្គ​ចងចាំ…"},{"$i":"memoryCardContacts-reading","$v":"កំពុង​អាន​ពី​កាត​អង្គ​ចងចាំ…"},{"$i":"memoryCardContacts-error","$v":"មិន​អាច​នាំចូល​ទំនាក់ទំនង​ពី​កាត​អង្គ​ចងចាំ​បាន​ទេ"},{"$i":"memoryCardContacts-imported3","$v":{"zero":"រក​មិន​ឃើញ​ទំនាក់ទំនង​នៅ​លើ​កាត​អង្គ​ចងចាំ​ដើម្បី​នាំចូល​បាន​ទេ","one":"បាន​នាំចូល​ទំនាក់ទំនង​មួយ","two":["បាន​នាំចូល​ទំនាក់ទំនង ",{"t":"idOrVar","v":"n"}],"few":["បាន​នាំចូល​ទំនាក់ទំនង ",{"t":"idOrVar","v":"n"}],"many":["បាន​នាំចូល​ទំនាក់ទំនង ",{"t":"idOrVar","v":"n"}],"other":["បាន​នាំចូល​​ទំនាក់ទំនង ",{"t":"idOrVar","v":"n"}]},"$x":[{"t":"idOrVar","v":"plural"},"n"]},{"$i":"genericProgress","$v":[{"t":"idOrVar","v":"current"},"/",{"t":"idOrVar","v":"total"}]},{"$i":"facebook","$v":"Facebook"},{"$i":"facebook-import-msg2","$v":[{"t":"idOrVar","v":"imported"},"/",{"t":"idOrVar","v":"total"}," friends imported"]},{"$i":"contactsMerged","$v":{"zero":"មិន​មាន​ទំនាក់ទំនង​ស្ទួន​​បាន​បញ្ចូល​គ្នា​ឡើយ","one":"បាន​បញ្ចូល​គ្នា​ទំនាក់ទំនង​ស្ទួន​​​មួយ​","two":["បាន​បញ្ចូល​ទំនាក់ទំនង ",{"t":"idOrVar","v":"numDups"}],"few":["បាន​បញ្ចូល​ទំនាក់ទំនង ",{"t":"idOrVar","v":"numDups"}],"many":["បាន​បញ្ចូល​គ្នា​ទំនាក់ទំនង ",{"t":"idOrVar","v":"numDups"}],"other":["បាន​បញ្ចូល​គ្នា​ទំនាក់ទំនង ",{"t":"idOrVar","v":"numDups"}," "]},"$x":[{"t":"idOrVar","v":"plural"},"numDups"]},{"$i":"pincode2","$v":"បញ្ចូល​​កូដ PIN"},{"$i":"type_pin","$v":"វាយ​លេខ​កូដ PIN របស់​អ្នក"},{"$i":"pincodeLabel","$v":["SIM ",{"t":"idOrVar","v":"n"}," PIN"]},{"$i":"pinValidation","$v":"PIN ត្រូវតែ​មាន​ចន្លោះ​ពី 4 និង 8 តួអក្សរ។"},{"$i":"pinError","$v":"PIN មិន​ត្រឹមត្រូវ។"},{"$i":"pinAttemptMsg2","$v":{"one":"អ្នក​នៅ​សល់​ការ​ព្យាយាម​ម្ដង​ទៀត​ក្នុង​ការ​បញ្ចូល​លេខ​កូដ​ត្រឹមត្រូវ មុន​ពេល​​បិទ​​​ SIM កាតនេះ។","two":["អ្នក​នៅ​សល់​ការ​ព្យាយាម ",{"t":"idOrVar","v":"n"}," ​ទៀត​ក្នុង​ការ​បញ្ចូល​លេខ​កូដ​ត្រឹមត្រូវ មុន​ពេល​​​បិទ SIM កាត​នេះ។"],"few":["អ្នក​នៅ​សល់​ការ​ព្យាយាម ",{"t":"idOrVar","v":"n"}," ​ទៀត​ក្នុង​ការ​បញ្ចូល​លេខ​កូដ​ត្រឹមត្រូវ មុន​ពេល​​បិទ SIM កាត។"],"many":["អ្នក​នៅ​សល់​ការ​ព្យាយាម ",{"t":"idOrVar","v":"n"}," ​ទៀត​ក្នុង​ការ​បញ្ចូល​លេខ​កូដ​ត្រឹមត្រូវ មុន​ពេល​​បិទ SIM កាត។"],"other":["អ្នក​នៅ​សល់​ការ​ព្យាយាម ",{"t":"idOrVar","v":"n"}," ​ទៀត​ក្នុង​ការ​បញ្ចូល​លេខ​កូដ​ត្រឹមត្រូវ មុន​ពេល​​បិទ SIM កាត។"]},"$x":[{"t":"idOrVar","v":"plural"},"n"]},{"$i":"pinLastChanceMsg","$v":"នេះ​ជា​លើក​ចុង​ក្រោយ​​ក្នុង​ការ​បញ្ចូល​កូដ PIN ដែល​ត្រឹមត្រូវ។ បើ​មិន​ដូច្នោះ​ទេ អ្នក​ត្រូវតែ​បញ្ចូល​កូដ PUK ដើម្បី​​អាច​ប្រើ SIM ​កាត​នេះ​បាន។"},{"$i":"pukcode","$v":"បញ្ចូល​កូដ PUK"},{"$i":"pukcodeTitle","$v":["បញ្ចូល SIM ",{"t":"idOrVar","v":"n"}," PUK"]},{"$i":"pukcodeLabel","$v":["SIM ",{"t":"idOrVar","v":"n"}," PUK"]},{"$i":"type_puk","$v":"កូដ PUK"},{"$i":"pukValidation","$v":"កូដ PUK ត្រូវតែ​មាន​ 8 តួអក្សរ។"},{"$i":"pukInfo","$v":"អ្នក​ត្រូវតែ​បញ្ចូល​កូដ​ដោះ​សោ​ផ្ទាល់ខ្លួន (PUK) សម្រាប់​ SIM កាត​នេះ។ យោង​តាម​ឯកសារ SIM ​កាត​របស់​អ្នក ឬ​ទាក់ទង​ក្រុមហ៊ុន​គមនាគមន៍​សម្រាប់​ព័ត៌មាន​បន្ថែម។"},{"$i":"pukError","$v":"PUK មិន​ត្រឹមត្រូវ​ទេ។"},{"$i":"pukAttemptMsg2","$v":{"one":"អ្នក​នៅ​សល់​ការ​ព្យាយាម​ម្ដង​​ទៀត​ក្នុង​ការ​បញ្ចូល​លេខ​កូដ​ត្រឹមត្រូវ មុន​ពេល​​ SIM ​កាត​មិន​អាច​ប្រើ​បាន​ជា​រៀង​រហូត។ យោង​ទៅ​ឯកសារ​ SIM កាត​របស់​អ្នក​ ឬ​ទាក់ទង​ក្រុមហ៊ុន​គមនាគមន៍​របស់​អ្នក​សម្រាប់​ព័ត៌មាន​បន្ថែម។","two":["អ្នក​នៅ​សល់​ការ​ព្យាយាម ",{"t":"idOrVar","v":"n"}," ​​ទៀត​ក្នុង​ការ​បញ្ចូល​លេខ​កូដ​ត្រឹមត្រូវ មុន​ពេល​​ SIM ​កាត​មិន​អាច​ប្រើ​បាន​ជា​រៀង​រហូត។ យោង​ទៅ​ឯកសារ​ SIM កាត​របស់​អ្នក​ ឬ​ទាក់ទង​ក្រុមហ៊ុន​គមនាគមន៍​របស់​អ្នក​សម្រាប់​ព័ត៌មាន​បន្ថែម។"],"few":["អ្នក​​មាន​ការ​ព្យាយាម​ ",{"t":"idOrVar","v":"n"}," ទៀត​ក្នុង​ការ​បញ្ចូល​លេខ​កូដ​​ដែល​ត្រឹមត្រូវ មុន​ពេល​ SIM ​កាត​នេះ​នឹង​​មិន​អាច​ប្រើ​បាន​ជា​បណ្ដោះអាសន្ន។ យោង​​ទៅ​​ឯកសារ​​ SIM កាត​​របស់​អ្នក ឬ​ទាក់ទង​ក្រុមហ៊ុន​គមនាគមន៍​របស់​អ្នក​សម្រាប់​ព័ត៌មាន​បន្ថែម។"],"many":["អ្នក​នៅ​សល់​ការ​ព្យាយាម ",{"t":"idOrVar","v":"n"}," ដង​ទៀត​ដើម្បី​​បញ្ចូល​លេខ​កូដ​ត្រឹមត្រូវ​មុន​​ពេល​​ SIM កាតមិន​អាច​ប្រើ​បាន​​ជា​រៀង​រហូត។ យោង​តាម​ឯកសារ​​ SIM កាត ឬ​​ទាក់ទង​ក្រុមហ៊ុន​គមនាគមន៍​របស់​អ្នក​សម្រាប់​ព័ត៌មាន​បន្ថែម។"],"other":["អ្នក​នៅ​សល់​ការ​ព្យាយាម ",{"t":"idOrVar","v":"n"}," ដង​ទៀត​ដើម្បី​​បញ្ចូល​លេខ​កូដ​ត្រឹមត្រូវ​ មុន​​ពេល SIM កាត​នេះ​នឹង​​មិន​អាច​ប្រើ​បាន​​ជា​រៀង​រហូត។ យោង​​ទៅ​​ឯកសារ​​ SIM កាត ឬ​​ទាក់ទង​ក្រុមហ៊ុន​គមនាគមន៍​របស់​អ្នក​សម្រាប់​ព័ត៌មាន​បន្ថែម។"]},"$x":[{"t":"idOrVar","v":"plural"},"n"]},{"$i":"pukLastChanceMsg","$v":"នេះ​ជា​លើក​ចុង​ក្រោយ​របស់​អ្នក​ក្នុង​ការ​បញ្ចូល​លេខ​​​កូដ PUK ឲ្យ​បាន​ត្រឹមត្រូវ។ SIM ​កាត​របស់​អ្នក​នឹង​មិន​អាច​ប្រើ​បាន​ជា​រៀង​រហូត ប្រសិនបើ​អ្នក​បញ្ចូល​​លេខ​កូដ PUK ខុស។"},{"$i":"create_newpin","$v":"បង្កើត PIN ថ្មី (4 ទៅ 8 ខ្ទង់)"},{"$i":"confirm_newpin","$v":"អះអាង PIN ថ្មី"},{"$i":"newpinConfirmation","$v":"PINs មិន​ត្រូវគ្នា"},{"$i":"nckcode","$v":"បញ្ចូល​កូដ NCK"},{"$i":"cckcode","$v":"បញ្ចូល​កូដ CCK"},{"$i":"spckcode","$v":"បញ្ចូល​កូដ SPCK"},{"$i":"nck1code","$v":"បញ្ចូល​កូដ NCK1"},{"$i":"nck2code","$v":"បញ្ចូល​កូដ NCK2"},{"$i":"hnckcode","$v":"បញ្ចូល​កូដ HNCK"},{"$i":"rcckcode","$v":"បញ្ចូល​លេខ​កូដ RCCK"},{"$i":"rspckcode","$v":"បញ្ចូល​កូដ RSPCK"},{"$i":"nckcodeTitle","$v":["បញ្ចូល SIM ",{"t":"idOrVar","v":"n"}," NCK"]},{"$i":"cckcodeTitle","$v":["បញ្ចូល SIM ",{"t":"idOrVar","v":"n"}," CCK"]},{"$i":"spckcodeTitle","$v":["បញ្ចូល SIM ",{"t":"idOrVar","v":"n"}," SPCK"]},{"$i":"nck1codeTitle","$v":["បញ្ចូល SIM ",{"t":"idOrVar","v":"n"}," NCK1"]},{"$i":"nck2codeTitle","$v":["បញ្ចូល SIM ",{"t":"idOrVar","v":"n"}," NCK2"]},{"$i":"hnckcodeTitle","$v":["បញ្ចូល SIM ",{"t":"idOrVar","v":"n"}," HNCK"]},{"$i":"rcckcodeTitle","$v":["Enter SIM ",{"t":"idOrVar","v":"n"}," RCCK"]},{"$i":"rspckcodeTitle","$v":["បញ្ចូល SIM ",{"t":"idOrVar","v":"n"}," RSPCK"]},{"$i":"nckcodeLabel","$v":["SIM ",{"t":"idOrVar","v":"n"}," NCK"]},{"$i":"cckcodeLabel","$v":["SIM ",{"t":"idOrVar","v":"n"}," CCK"]},{"$i":"spckcodeLabel","$v":["SIM ",{"t":"idOrVar","v":"n"}," SPCK"]},{"$i":"nck1codeLabel","$v":["SIM ",{"t":"idOrVar","v":"n"}," NCK1"]},{"$i":"nck2codeLabel","$v":["SIM ",{"t":"idOrVar","v":"n"}," NCK2"]},{"$i":"hnckcodeLabel","$v":["SIM ",{"t":"idOrVar","v":"n"}," HNCK"]},{"$i":"rcckcodeLabel","$v":["SIM ",{"t":"idOrVar","v":"n"}," RCCK"]},{"$i":"rspckcodeLabel","$v":["SIM ",{"t":"idOrVar","v":"n"}," RSPCK"]},{"$i":"type_nck","$v":"វាយ​លេខ​កូដ NCK របស់​អ្នក"},{"$i":"type_cck","$v":"វាយ​លេខ​កូដ CCK របស់​អ្នក"},{"$i":"type_spck","$v":"វាយ​លេខ​កូដ SPCK របស់​អ្នក"},{"$i":"type_nck1","$v":"បញ្ចូល​លេខ​កូដ NCK1 របស់​អ្នក"},{"$i":"type_nck2","$v":"បញ្ចូល​លេខ​កូដ NCK2 របស់​អ្នក"},{"$i":"type_hnck","$v":"បញ្ចូល​លេខ​កូដ HNCK របស់​អ្នក"},{"$i":"type_rcck","$v":"បញ្ចូល​លេខ​កូដ RCCK របស់​អ្នក"},{"$i":"type_rspck","$v":"បញ្ចូល​លេខ​កូដ RSPCK របស់​អ្នក"},{"$i":"nckValidation","$v":"NCK ត្រូវតែ​មាន​ចន្លោះ​ពី 8 ទៅ 16 តួអក្សរ។"},{"$i":"cckValidation","$v":"CCK ត្រូវតែ​មាន​ចន្លោះ​ពី 8 ទៅ 16 តួអក្សរ។"},{"$i":"spckValidation","$v":"SPCK ត្រូវតែ​មាន​ចន្លោះ​ពី 8 ទៅ 16 តួអក្សរ។"},{"$i":"nck1Validation","$v":"NCK1 ត្រូវតែ​មាន​ចន្លោះ​ពី 8 ទៅ 16 តួអក្សរ។"},{"$i":"nck2Validation","$v":"NCK2 ត្រូវ​តែ​ចន្លោះ​ពី 8 ទៅ 16 តួអក្សរ។"},{"$i":"hnckValidation","$v":"HNCK ត្រូវតែ​មាន​ចន្លោះ​ពី 8 ទៅ 16 តួអក្សរ។"},{"$i":"rcckValidation","$v":"RCCK ត្រូវតែ​ចន្លោះ​ពី 8 ទៅ 16 តួអក្សរ។"},{"$i":"rspckValidation","$v":"RSPCK ត្រូវតែ​ចន្លោះ​ពី 8 ទៅ 16 តួអក្សរ។"},{"$i":"nckErrorMsg","$v":"លេខ​កូដ​ NCK មិន​ត្រឹមត្រូវ។"},{"$i":"nckAttemptMsg2","$v":{"one":"សំណើរ​មិន​មាន​លក្ខណៈ​ផ្ទាល់ខ្លួន​នៃ​បណ្ដញ​បាន​បរាជ័យ។ អ្នក​​មាន​ការ​ព្យាយាម​ម្ដង​ទៀត​ក្នុង​ការ​បញ្ចូល​លេខ​កូដ​​ដែល​ត្រឹមត្រូវ។ យោង​​ទៅ​​ឯកសារ​ឧបករណ៍​របស់​អ្នក ឬ​ទាក់ទង​ក្រុមហ៊ុន​គមនាគមន៍​របស់​អ្នក​សម្រាប់​ព័ត៌មាន​បន្ថែម។","two":["សំណើរ​មិន​មាន​លក្ខណៈ​ផ្ទាល់ខ្លួន​នៃ​បណ្ដញ​បាន​បរាជ័យ។ អ្នក​​មាន​ការ​ព្យាយាម​ ",{"t":"idOrVar","v":"n"}," ទៀត​ក្នុង​ការ​បញ្ចូល​លេខ​កូដ​​ដែល​ត្រឹមត្រូវ។ យោង​​ទៅ​​ឯកសារ​ឧបករណ៍​របស់​អ្នក ឬ​ទាក់ទង​ក្រុមហ៊ុន​គមនាគមន៍​របស់​អ្នក​សម្រាប់​ព័ត៌មាន​បន្ថែម។"],"few":["សំណើរ​មិន​មាន​លក្ខណៈ​ផ្ទាល់ខ្លួន​នៃ​បណ្ដញ​បាន​បរាជ័យ។ អ្នក​​មាន​ការ​ព្យាយាម​ ",{"t":"idOrVar","v":"n"}," ទៀត​ក្នុង​ការ​បញ្ចូល​លេខ​កូដ​​ដែល​ត្រឹមត្រូវ។ យោង​​ទៅ​​ឯកសារ​ឧបករណ៍​របស់​អ្នក ឬ​ទាក់ទង​ក្រុមហ៊ុន​គមនាគមន៍​របស់​អ្នក​សម្រាប់​ព័ត៌មាន​បន្ថែម។"],"many":["សំណើរ​មិន​មាន​លក្ខណៈ​ផ្ទាល់ខ្លួន​នៃ​បណ្ដញ​បាន​បរាជ័យ។ អ្នក​​មាន​ការ​ព្យាយាម​ ",{"t":"idOrVar","v":"n"}," ទៀត​ក្នុង​ការ​បញ្ចូល​លេខ​កូដ​​ដែល​ត្រឹមត្រូវ។ យោង​​ទៅ​​ឯកសារ​ឧបករណ៍​របស់​អ្នក ឬ​ទាក់ទង​ក្រុមហ៊ុន​គមនាគមន៍​របស់​អ្នក​សម្រាប់​ព័ត៌មាន​បន្ថែម។"],"other":["សំណើរ​មិន​មាន​លក្ខណៈ​ផ្ទាល់ខ្លួន​នៃ​បណ្ដញ​បាន​បរាជ័យ។ អ្នក​​មាន​ការ​ព្យាយាម​ ",{"t":"idOrVar","v":"n"}," ទៀត​ក្នុង​ការ​បញ្ចូល​លេខ​កូដ​​ដែល​ត្រឹមត្រូវ។ យោង​​ទៅ​​ឯកសារ​ឧបករណ៍​របស់​អ្នក ឬ​ទាក់ទង​ក្រុមហ៊ុន​គមនាគមន៍​របស់​អ្នក​សម្រាប់​ព័ត៌មាន​បន្ថែម។"]},"$x":[{"t":"idOrVar","v":"plural"},"n"]},{"$i":"nckLastChanceMsg","$v":"សំណើរ​មិន​មាន​លក្ខណៈ​ផ្ទាល់ខ្លួន​នៃ​បណ្ដញ​បាន​បរាជ័យ។ លើក​ចុង​ក្រោយ​​ក្នុង​ការ​បញ្ចូល​លេខ​កូដ NCK ​ត្រឹមត្រូវ។ យោង​​ទៅ​​ឯកសារ​ឧបករណ៍​របស់​អ្នក ឬ​ទាក់ទង​ក្រុមហ៊ុន​គមនាគមន៍​របស់​អ្នក​សម្រាប់​ព័ត៌មាន​បន្ថែម។"},{"$i":"skip","$v":"រំលង"},{"$i":"send","$v":"ផ្ញើ"},{"$i":"ok","$v":"យល់​ព្រម"},{"$i":"simLocked","$v":"ជាប់​សោ SIM ​កាត"},{"$i":"inputCodeRetriesLeft","$v":{"one":"ព្យាយាម​ចុង​ក្រោយ។","two":["នៅ​សល់​ការ​ព្យាយាម ",{"t":"idOrVar","v":"n"}," ដង​ទៀត។"],"few":["នៅ​សល់​ការ​ព្យាយាម ",{"t":"idOrVar","v":"n"}," ដង​ទៀត។"],"many":["នៅ​សល់​ការ​ព្យាយាម ",{"t":"idOrVar","v":"n"}," ដង​ទៀត។"],"other":["នៅ​សល់​ការ​ព្យាយាម ",{"t":"idOrVar","v":"n"}," ដង​ទៀត។"]},"$x":[{"t":"idOrVar","v":"plural"},"n"]},{"$i":"simManager","$v":"កម្មវិធី​គ្រប់គ្រង​ SIM"},{"$i":"simDetail","$v":["SIM ",{"t":"idOrVar","v":"n"}]},{"$i":"simDefault","$v":"(លំនាំដើម)"},{"$i":"simDefaultMessage","$v":"ការ​ហៅ​ចេញ, សារ​ចេញ និង​​ការ​តភ្ជាប់​ទិន្នន័យ​ត្រូវ​បាន​កំណត់​ទៅ​ SIM 1 ជា​លំនាំដើម"},{"$i":"simSettingsMessage","$v":"អ្នក​អាច​ប្ដូរ​ការ​កំណត់​លំនាំដើម​នៅ​ឯ​ ការ​កំណត់ > កម្មវិធី​គ្រប់គ្រង​ SIM"},{"$i":"simPinLocked","$v":"SIM PIN ជាប់​សោ"},{"$i":"noOperator","$v":"មិន​មាន​ការី​"},{"$i":"searchingOperator","$v":"Searching"},{"$i":"language","$v":"ភាសា"},{"$i":"3g","$v":"ទិន្នន័យ​ចល័ត"},{"$i":"dataConnection","$v":"អនុញ្ញាត​ទិន្នន័យ"},{"$i":"dataConnectionInfo","$v":"អនុញ្ញាត​ការ​ភ្ជាប់​ទិន្នន័យ​​ឥឡូវ​នឹង​អាច​ឲ្យ​អ្នក​រៀបចំ​ទូរស័ព្ទ​របស់​អ្នក​ដោយ​​មិន​​មាន​ការ​ភ្ជាប់ Wi-Fi ។ អ្នក​ក៏​អាច​អនុញ្ញាត​វា​ពេល​ក្រោយ​បាន​នៅ​ក្នុង​ការ​កំណត់។ គ្រាន់តែ​ប្រាកដ​ថា​អ្នក​មាន​​ផែនការ​ទិន្នន័យ​ជាមួយ​​ក្រុមហ៊ុន​​ទូរស័ព្ទ​របស់​អ្នក​ដើម្បី​ជៀសវាង​​បន្ទុក​ធ្ងន់ធ្ងរ​ខ្លាំង។"},{"$i":"caution","$v":"ការ​ព្រមាន"},{"$i":"geolocation","$v":"ទីតាំង​ភូមិសាស្ត្រ"},{"$i":"geolocationCheckbox","$v":"បើក​ទីតាំង​ភូមិសាស្ត្រ"},{"$i":"geolocationInfo2","$v":[{"t":"idOrVar","v":"brandShortName"}," ប្រើ​ទិន្នន័យ​ដូច​ជា GPS, វ៉ាយហ្វាយ និង​បណ្ដាញ​ចល័ត​ដែល​នៅ​ជិត​អ្នក​ដើម្បី​ជួយ​កំណត់​ទីតាំង​​ត្រឹមត្រូវ​របស់​អ្នក។"]},{"$i":"geolocationInfoMore","$v":"ទិន្នន័យ​ត្រូវ​បាន​ផ្ញើ​ទៅ Mozilla នឹង​ក្រុមហ៊ុន​ផ្ដល់​សេវាកម្ម​ផ្សេង​ នឹង​ត្រូវ​ប្រើ​នៅ​ក្នុង​​ការ​ចងក្រង ដើម្បី​ធ្វើ​ឲ្យ​មូលដ្ឋាន​ទិន្នន័យ​ទីតាំង​ទាំងនេះ​ប្រសើរ​ឡើង។   ទិន្នន័យ​អាច​ត្រូវ​បាន​ស្ដារ​នៅ​លើ​ឧបករណ៍​​របស់​អ្នក ហើយ​​ការ​ប្រមូល​​ទិន្នន័យ​​អាច​កើត​មាន​ទោះ​​ពេល​គ្មាន​កម្មវិធី​កំពុង​ដំណើរការ​ក៏​ដោយ។"},{"$i":"notice","$v":"ចំណាំ"},{"$i":"aboutYourPrivacy","$v":"បន្ថែម​អំពី​ភាព​ឯកជន​របស់​អ្នក"},{"$i":"scanningNetworks","$v":"ជ្រើស​បណ្ដាញ"},{"$i":"selectNetwork","$v":"ជ្រើស​បណ្ដាញ"},{"$i":"shortStatus-connecting","$v":"កំពុង​ភ្ជាប់..."},{"$i":"shortStatus-associated","$v":"កំពុង​ទទួល​អាសយដ្ឋាន IP..."},{"$i":"shortStatus-connected","$v":"បាន​​ភ្ជាប់"},{"$i":"shortStatus-connectingfailed","$v":"បាន​បរាជ័យ​ក្នុង​ការ​​ភ្ជាប់"},{"$i":"shortStatus-disconnected","$v":"ក្រៅ​បណ្ដាញ"},{"$i":"securedBy","$v":["បាន​ធានា​ដោយ ",{"t":"idOrVar","v":"capabilities"}]},{"$i":"security","$v":"Security"},{"$i":"securityNone","$v":"គ្មាន"},{"$i":"securityWEP","$v":"WEP"},{"$i":"securityWPA-PSK","$v":"WPA-PSK"},{"$i":"securityWPA-EAP","$v":"WPA-EAP"},{"$i":"securityOpen","$v":"Open","ariaLabel":"Security"},{"$i":"identity","$v":"អ្នកប្រើ"},{"$i":"identityInput","placeholder":"អ្នកប្រើ"},{"$i":"password","$v":"ពាក្យ​សម្ងាត់"},{"$i":"passwordInput","placeholder":"ពាក្យ​សម្ងាត់"},{"$i":"showPassword","$v":"បង្ហាញ​ពាក្យ​សម្ងាត់"},{"$i":"refresh","$v":"ធ្វើ​ឲ្យ​ស្រស់"},{"$i":"noWifiFound3","$v":"រក​មិន​ឃើញ​បណ្ដាញ​ឥតខ្សែ"},{"$i":"join-hidden-button","$v":"ចូល​បណ្ដាញ​បានលាក់"},{"$i":"authentication","$v":"ការ​ផ្ទៀងផ្ទាត់​"},{"$i":"ssid-name","$v":"ឈ្មោះ​បណ្ដាញ​​ SSID"},{"$i":"wifiLevel","ariaLabel":[{"t":"idOrVar","v":"level"}," នៃ​របារ​បួន"]},{"$i":"networksList","ariaLabel":"រក​ឃើញ​បណ្ដាញ"},{"$i":"dateAndTime","$v":"កាលបរិច្ឆេទ និង​ពេលវេលា"},{"$i":"timezoneTitle","$v":["UTC",{"t":"idOrVar","v":"utcOffset"}," ",{"t":"idOrVar","v":"region"},"/",{"t":"idOrVar","v":"city"}]},{"$i":"timeZone","$v":"តំបន់​ពេលវេលា"},{"$i":"change","$v":"ផ្លាស់​ប្ដូរ"},{"$i":"region","ariaLabel":"តំបន់"},{"$i":"city","ariaLabel":"ទីក្រុង"},{"$i":"date","ariaLabel":"កាល​បរិច្ឆេទ"},{"$i":"time","ariaLabel":"ពេលវេលា"},{"$i":"importContacts3","$v":"នាំចូល​ទំនាក់ទំនង"},{"$i":"importSim2","$v":"SIM កាត"},{"$i":"importFb2","$v":"Facebook"},{"$i":"importOutlook","$v":"Outlook"},{"$i":"importGmail","$v":"Gmail"},{"$i":"fb-checking","$v":"... កំពុង​ពិនិត្យ"},{"$i":"notImportedYet","$v":"មិន​ទាន់​នាំចូល​នៅ​ឡើយ​ទេ"},{"$i":"otherAccount","$v":"គណនី​ផ្សេង"},{"$i":"afterFbImport","$v":"អ្នក​អាច​នាំចូល និង​កែ​មិត្តភ័ក្ដិ Facebook នៅ​ពេល​ណា​ក៏​បាន​នៅ​ក្នុង​ការ​កំណត់​ទំនាក់ទំនង"},{"$i":"firefox-accounts","$v":"គណនី Firefox"},{"$i":"fxa-upsell","innerHTML":"A Firefox Account lets you find a lost phone and buy apps from the Firefox Marketplace."},{"$i":"fxa-create-account-or-sign-in","$v":"បង្កើត​គណនី ឬ​ចូល"},{"$i":"fxa-email-sent","$v":["តំណ​​សម្រាប់​ការ​ផ្ទៀងផ្ទាត់​ត្រូវ​បាន​ផ្ញើ​ទៅ ",{"t":"idOrVar","v":"email"}]},{"$i":"fxa-signed-in","$v":["បាន​ចូល​ជា ",{"t":"idOrVar","v":"email"}]},{"$i":"about-your-rights-0","$v":[{"t":"idOrVar","v":"brandShortName"}," បាន​បង្កើត​ឡើង​លើ​កម្មវិធី​កូដ​ចំហ និង​ឥត​គិត​ថ្លៃ​ដោយ​​សហគមន៍​រាប់​ពាន់​ពី​ពាសពេញ​ពិភព​លោក។ មាន​រឿង​មួយ​ចំនួន​ដែល​អ្នក​គួរ​ដឹង៖"]},{"$i":"about-your-rights-1","$v":[{"t":"idOrVar","v":"brandShortName"}," បាន​បង្កើត​​ឲ្យ​មាន​សម្រាប់​អ្នក​ក្រោម​លក្ខខណ្ឌ​​នៃ​អាជ្ញាប័ណ្ណ​កូដ​ចំហ​ជា​ច្រើន​រួម​​ទាំង​អាជ្ញាប័ណ្ណ​សាធារណៈ​​របស់ Mozilla។ ឧបករណ៍​ដែល​ដំណើរការ ",{"t":"idOrVar","v":"brandShortName"}," ​ក៏​អាច​មាន​​កម្មវិធី​កម្មសិទ្ធិ​ពី​ភាគី​ទី​បី។ កូដ​ណា​​មួយ​ដែល​​បាន​ផ្ដល់​ក្រោម​អាជ្ញាប័ណ្ណ​បើក​ចំហ​​ ផ្ដល់​ឲ្យ​អ្នក​នូវ​សិទ្ធិ​​កែប្រែ​​កូដ​ប្រភព និង​ចែកចាយ​កំណែ​ដែល​បាន​កែប្រែ​របស់​អ្នក​​​​ដរាប​ណា​​អ្នក​​គោរព​តាម​លក្ខខណ្ឌ​របស់​ពួកគេ។"]},{"$i":"about-your-rights-2","$v":["អ្នក​មិន​ត្រូវ​បាន​ផ្ដល់​សិទ្ធិ ឬ​អាជ្ញាប័ណ្ណ​​ស្លាក​ពាណិជ្ជកម្ម​ណា​មួយ​​​ពី​មូលនិធិ Mozilla ឬ​ភាគី​​ណា​មួយ រួម​ទាំង​មិន​មាន​ការ​កំណត់​ឈ្មោះ ឬ​ស្លាក​សញ្ញា ",{"t":"idOrVar","v":"brandShortName"}," នេះ​ទេ។"]},{"$i":"about-your-rights-3","$v":["លក្ខណៈ​ខ្លះ​នៅ​ក្នុង ",{"t":"idOrVar","v":"brandShortName"},", ដូចជា​របាយការណ៍​គាំង, អាច​ឲ្យ​ជម្រើស​អ្នក​ផ្ដល់​មតិ​ត្រឡប់​ដល់​ Mozilla ។ ដោយ​ជ្រើស​ដាក់​ស្នើ​មតិ​ត្រឡប់ នោះ​អ្នក​ផ្ដល់​សិទ្ធិ​ឲ្យ Mozilla ប្រើ​មតិ​ត្រឡប់​ដើម្បី​ធ្វើ​​ផលិតផល​ឲ្យ​ប្រសើរ ដើម្បី​ផ្សព្វផ្សាយ​មតិ​ត្រឡប់​នៅ​លើ​តំបន់បណ្ដាញ​របស់​ខ្លួន និង​ចែកចាយ​មតិ​ត្រឡប់។"]},{"$i":"about-other","$v":"ផ្សេងៗ"},{"$i":"SIM_mandatory","$v":"ការ​ព្រមាន​​ SIM កាត"},{"$i":"SIM_mandatory_warm","$v":"សូម​បញ្ចូល​ SIM កាត និង​ចាប់ផ្ដើម​ទូរស័ព្ទ​របស់​អ្នក​ឡើង​វិញ។"},{"$i":"telemetry-sends2","$v":["ទូរមាត្រ​វិធី​ផ្ញើ​​​​ទិន្នន័យ Mozilla អំពី​​ការ​ប្រតិបត្តិ ផ្នែក​រឹង ការ​កំណត់​រចនាសម្ព័ន្ធ និង​ការ​កំណត់​ផ្ទាល់ខ្លួន​​នៅ​ក្នុង​ឧបករណ៍ ",{"t":"idOrVar","v":"brandShortName"}," របស់​អ្នក។ យើង​ប្រើ​វា​ដើម្បី​ធ្វើ​ឲ្យ​ផលិតផល​របស់​យើង​ប្រសើរ លឿន និង​ប្រសិទ្ធភាព​ជាង។"]},{"$i":"learn-more-telemetry2","innerHTML":["Learn more at <a href=\"",{"t":"idOrVar","v":"href"},"\" class=\"",{"t":"idOrVar","v":"className"},"\">",{"t":"idOrVar","v":"textContent"},"</a>"]},{"$i":"learn-more-information2","innerHTML":["Learn how Mozilla handles your information at <a href=\"",{"t":"idOrVar","v":"href"},"\" class=\"",{"t":"idOrVar","v":"className"},"\">",{"t":"idOrVar","v":"textContent"},"</a>"]},{"$i":"htmlWelcome2","innerHTML":["Welcome to <a href=\"",{"t":"idOrVar","v":"href"},"\" class=\"",{"t":"idOrVar","v":"className"},"\">",{"t":"idOrVar","v":"textContent"},"</a>, the free and open source operating system from Mozilla. Our mission is to promote openness, innovation and opportunity by keeping the power of the Web in your hands."]},{"$i":"htmlWelcome-link","$v":[{"t":"idOrVar","v":"brandShortName"}]},{"$i":"helpImprove2","innerHTML":["You can help us improve our products and services by automatically sending analytics data. See our <a href=\"",{"t":"idOrVar","v":"href"},"\" class=\"",{"t":"idOrVar","v":"className"},"\">",{"t":"idOrVar","v":"textContent"},"</a> to learn how we handle data from your device."]},{"$i":"helpImprove-link","$v":"Privacy Notice"},{"$i":"learn-more-privacy2","innerHTML":["Learn how Mozilla handles your information in our <a href=\"",{"t":"idOrVar","v":"href"},"\" class=\"",{"t":"idOrVar","v":"className"},"\">",{"t":"idOrVar","v":"textContent"},"</a>."]},{"$i":"learn-more-privacy-link","$v":"គោលនយោបាយ​ភាព​ឯកជន"},{"$i":"aboutBrowser","$v":["អំពី ",{"t":"idOrVar","v":"brandShortName"}]},{"$i":"aboutYourPrivacy2","$v":"ភាព​ឯកជន​របស់​អ្នក"},{"$i":"mozillaCommunity2","$v":["នៅ​ពេល​អ្នក​ប្រើ ",{"t":"idOrVar","v":"brandShortName"}," អ្នក​​ក្លាយ​ជា​ផ្នែក​នៃ​សហគមន៍​​សកល​ដែល​ជួយ​បង្កើត​អនាគត​ដ៏​ត្រចះត្រចង់​សម្រាប់​បណ្ដាញ។ បើ​អ្នក​ចង់​ដឹង​បន្ថែម​អំពី​សហគមន៍ Mozilla ផលិតផល​ និង​ព្រឹត្តិការ​ផ្សេង​ៗ​របស់​យើង​ដែល​នៅ​ជិត​អ្នក សូម​បញ្ចូល​អាសយដ្ឋាន​អ៊ីមែល​របស់​អ្នក​ខាង​ក្រោម។"]},{"$i":"sharePerformanceAndUsageData2","$v":"Yes! Send data."},{"$i":"emailAddress","placeholder":"អាសយដ្ឋាន​អ៊ីមែល"},{"$i":"email-successfully-added","$v":"បាន​បន្ថែម​អ៊ីមែល​ដោយ​ជោគជ័យ"},{"$i":"email-loading","$v":"កំពុង​រក្សាទុក​អ៊ីមែល​របស់​អ្នក..."},{"$i":"privacy-b2g","$v":[{"t":"idOrVar","v":"brandShortName"}],"title":[{"t":"idOrVar","v":"brandShortName"}]},{"$i":"privacy-marketplace","$v":"ឃ្លាំង​ទីផ្សារ","title":[{"t":"idOrVar","v":"privacy-marketplace"}]},{"$i":"privacy-eme","$v":"EverythingMe"},{"$i":"privacy-e-me","title":[{"t":"idOrVar","v":"privacy-e-me"}]},{"$i":"navbar-back","$v":"ថយក្រោយ"},{"$i":"navbar-next","$v":"បន្ទាប់"},{"$i":"navbar-join","$v":"ចូលរួម"},{"$i":"done","$v":"រួចរាល់"},{"$i":"thatsIt","$v":"That’s it!"},{"$i":"startYourPhone","$v":"ចាប់ផ្ដើម​មើល​សាក​ទូរស័ព្ទ​របស់​អ្នក!"},{"$i":"startYourTablet","$v":"ចាប់ផ្ដើម​មើល​​កុំព្យូទ័រ​បន្ទះ​របស់​អ្នក!"},{"$i":"joinTutorial","$v":"ចូលរួម​ជាមួយ​យើង​​​រៀន​​ឆាប់​ចេះ​​អំពី​ទូរស័ព្ទ​ថ្មី​របស់​អ្នក។"},{"$i":"joinTutorialUpdated","$v":"Join us for a quick tutorial about the updates to your phone!"},{"$i":"enjoyYourPhone","$v":"អ្នក​ត្រៀម​រួច​​ហើយ​ដើម្បី​រីករាយ​ជាមួយ​ទូរស័ព្ទ​ថ្មី​របស់​អ្នក។"},{"$i":"enjoyYourPhoneUpdated","$v":"You’re ready to enjoy your updated phone."},{"$i":"optionsAvailable","$v":"អ្នក​អាច​ប្ដូរ​ភាសា កាលបរិច្ឆេទ/ពេលវេលា និង​ការ​ភ្ជាប់ Wi-Fi នៅ​ក្នុង​ការ​កំណត់។"},{"$i":"letsGo","$v":"តោះ​ទៅ"},{"$i":"startTour","$v":"ចាប់ផ្ដើម​មើល​សាក"},{"$i":"thatsIt1Tablet-2","$v":"អ្នក​អាច​អូស​ពី​គែម​ប៊ូតុង​​ដើម្បី​បញ្ចូល​ទៅ​អេក្រង់​ដើម​​ជា​និច្ច។"},{"$i":"thatsIt2Tablet-2","$v":"អនុញ្ញាត​ឲ្យ​ធ្វើ​វា!"},{"$i":"tutorial","$v":"ការ​បង្ហាត់​បង្រៀន"},{"$i":"tutorial-step1-large-3","$v":"Swipe down to access recent notifications, usage information and settings."},{"$i":"tutorial-step2-large-2","$v":"អូស​ពី​ឆ្វេង ឬ​ស្ដាំ​ដើម្បី​រកមើល​កម្មវិធី​ថ្មី​ៗ​លើ​អេក្រង់​ដើម។"},{"$i":"tutorial-step3-large-2","$v":"Tap and hold on an icon to delete or move it."},{"$i":"tutorial-step4-large-2","$v":"អូស​ម្រាម​ដៃ​ពីរ​ពី​គែម​ប៊ូតុង​ដើម្បី​បិទ/បើក​ card view."},{"$i":"tutorial-vertical-scroll-v2-tiny","$v":"Swipe up and down to browse your apps and bookmarks. Tap and hold an icon to delete, move, or edit it."},{"$i":"tutorial-notifications-v2-tiny","$v":"Swipe down to access recent notifications, usage information and settings."},{"$i":"tutorial-sheets-tiny","$v":"អូស​ពី​គែម​អេក្រង់​ខាង​ឆ្វេង​​ត្រឡប់​ទៅ​កាន់​កម្មវិធី​ដែល​បាន​ប្រើ​ថ្មីៗ។"},{"$i":"tutorial-rocketbar-tiny","$v":"Tap on the search box anytime to start a search or go to a website."},{"$i":"tutorial-bookmarks-migration-tiny","$v":"Your bookmarks have been moved to the homescreen. When editing, tap a bookmark to edit or rename it."},{"$i":"tutorial-app-grouping-tiny","$v":"Tap to expand and collapse app groups. Drag an app into a new space to create a group."},{"$i":"offline-dialog-title","$v":"អ្នក​ត្រូវ​តែ​ភ្ជាប់​ទៅ​អ៊ីនធឺណិត​ដើម្បី​មើល​ទំព័រ​នេះ។"},{"$i":"offline-dialog-text","$v":["សូម​​ត្រឡប់​ក្រោយ និង​ភ្ជាប់​ទៅ​អ៊ីនធឺណិត។ អ្នក​ក៏​អាច​មើល​ទំព័រ​នេះ​ពេល​ក្រោយ​ពី​ការ​កំណត់ ឬ​ដោយ​បញ្ចូល ",{"t":"idOrVar","v":"url"}," ក្នុង​កម្មវិធី​អ៊ីនធឺណិត​ណា​មួយ។"]},{"$i":"OK","$v":"យល់​ព្រម"},{"$i":"offline-newsletter-dialog-title","$v":"អ្នក​ត្រូវតែ​ភ្ជាប់​ទៅ​​អ៊ីនធឺណិត​ដើម្បី​ជាវប្រចាំ​ព្រឹត្តិបត្រ​ព័ត៌មាន។"},{"$i":"offline-newsletter-dialog-text","$v":"សូម​ត្រឡប់​ក្រោយ និង​ភ្ជាប់​ទៅ​កាន់​អ៊ីនធឺណិត។"},{"$i":"invalid-email-dialog-title","$v":"អ៊ីមែល​របស់​អ្នក​មិន​ត្រឹមត្រូវ"},{"$i":"invalid-email-dialog-text","$v":"សូម​ត្រឡប់​ក្រោយ រួច​កែ​​ធាតុ​បញ្ចូល​របស់​អ្នក។"},{"$i":"retry","$v":"ព្យាយាម​ម្ដង​ទៀត"},{"$i":"cancel","$v":"បោះបង់"},{"$i":"progressbar","$v":["ជំហាន​ទី ",{"t":"idOrVar","v":"step"}," នៃ ",{"t":"idOrVar","v":"total"}],"ariaLabel":"បទពិសោធន៍​លើក​ដំបូង"},{"$i":"weekday-0-long","$v":"អាទិត្យ"},{"$i":"weekday-1-long","$v":"ច័ន្ទ"},{"$i":"weekday-2-long","$v":"អង្គារ"},{"$i":"weekday-3-long","$v":"ពុធ"},{"$i":"weekday-4-long","$v":"ព្រហស្បតិ៍"},{"$i":"weekday-5-long","$v":"សុក្រ"},{"$i":"weekday-6-long","$v":"សៅរ៍"},{"$i":"weekday-0-short","$v":"អាទិត្យ"},{"$i":"weekday-1-short","$v":"ច័ន្ទ"},{"$i":"weekday-2-short","$v":"អង្គារ"},{"$i":"weekday-3-short","$v":"ពុធ"},{"$i":"weekday-4-short","$v":"ព្រហស្បតិ៍"},{"$i":"weekday-5-short","$v":"សុក្រ"},{"$i":"weekday-6-short","$v":"សៅរ៍"},{"$i":"month-0-long","$v":"មករា"},{"$i":"month-1-long","$v":"កុម្ភៈ"},{"$i":"month-2-long","$v":"មីនា"},{"$i":"month-3-long","$v":"មេសា"},{"$i":"month-4-long","$v":"ឧសភា"},{"$i":"month-5-long","$v":"មិថុនា"},{"$i":"month-6-long","$v":"កក្កដា"},{"$i":"month-7-long","$v":"សីហា"},{"$i":"month-8-long","$v":"កញ្ញា"},{"$i":"month-9-long","$v":"តុលា"},{"$i":"month-10-long","$v":"វិច្ឆិកា"},{"$i":"month-11-long","$v":"ធ្នូ"},{"$i":"month-0-genitive","$v":"មករា"},{"$i":"month-1-genitive","$v":"កុម្ភៈ"},{"$i":"month-2-genitive","$v":"មីនា"},{"$i":"month-3-genitive","$v":"មេសា"},{"$i":"month-4-genitive","$v":"ឧសភា"},{"$i":"month-5-genitive","$v":"មិថុនា"},{"$i":"month-6-genitive","$v":"កក្កដា"},{"$i":"month-7-genitive","$v":"សីហា"},{"$i":"month-8-genitive","$v":"កញ្ញា"},{"$i":"month-9-genitive","$v":"តុលា"},{"$i":"month-10-genitive","$v":"វិច្ឆិកា"},{"$i":"month-11-genitive","$v":"ធ្នូ"},{"$i":"month-0-short","$v":"មករា"},{"$i":"month-1-short","$v":"កុម្ភៈ"},{"$i":"month-2-short","$v":"មីនា"},{"$i":"month-3-short","$v":"មេសា"},{"$i":"month-4-short","$v":"ឧសភា"},{"$i":"month-5-short","$v":"មិថុនា"},{"$i":"month-6-short","$v":"កក្កដា"},{"$i":"month-7-short","$v":"សីហា"},{"$i":"month-8-short","$v":"កញ្ញា"},{"$i":"month-9-short","$v":"តុលា"},{"$i":"month-10-short","$v":"វិច្ឆិកា"},{"$i":"month-11-short","$v":"ធ្នូ"},{"$i":"minutes-ago-long","$v":{"zero":"អម្បាញ់មិញនេះ","one":"មួយ​នាទី​មុន","two":[{"t":"idOrVar","v":"value"}," នាទី​មុន"],"few":[{"t":"idOrVar","v":"value"}," នាទី​មុន"],"many":[{"t":"idOrVar","v":"value"}," នាទី​មុន"],"other":[{"t":"idOrVar","v":"value"}," នាទី​មុន"]},"$x":[{"t":"idOrVar","v":"plural"},"value"]},{"$i":"hours-ago-long","$v":{"zero":"អម្បាញ់មិញនេះ","one":"មួយ​ម៉ោង​មុន","two":[{"t":"idOrVar","v":"value"}," ម៉ោង​មុន"],"few":[{"t":"idOrVar","v":"value"}," ម៉ោង​មុន"],"many":[{"t":"idOrVar","v":"value"}," ម៉ោង​មុន"],"other":[{"t":"idOrVar","v":"value"}," ម៉ោង​មុន"]},"$x":[{"t":"idOrVar","v":"plural"},"value"]},{"$i":"days-ago-long","$v":{"zero":"ថ្ងៃ​នេះ","one":"ម្សិលមិញ","two":[{"t":"idOrVar","v":"value"}," ថ្ងៃ​មុន"],"few":[{"t":"idOrVar","v":"value"}," ថ្ងៃ​មុន"],"many":[{"t":"idOrVar","v":"value"}," ថ្ងៃ​មុន"],"other":[{"t":"idOrVar","v":"value"}," ថ្ងៃ​មុន"]},"$x":[{"t":"idOrVar","v":"plural"},"value"]},{"$i":"weeks-ago-long","$v":{"zero":"សប្ដាហ៍​នេះ","one":"សប្ដាហ៍​មុន","two":[{"t":"idOrVar","v":"value"}," សប្ដាហ៍​មុន"],"few":[{"t":"idOrVar","v":"value"}," សប្ដាហ៍​មុន"],"many":[{"t":"idOrVar","v":"value"}," សប្ដាហ៍​មុន"],"other":[{"t":"idOrVar","v":"value"}," សប្ដាហ៍​មុន"]},"$x":[{"t":"idOrVar","v":"plural"},"value"]},{"$i":"months-ago-long","$v":{"zero":"ខែ​នេះ","one":"ខែ​មុន","two":[{"t":"idOrVar","v":"value"}," ខែ​មុន"],"few":[{"t":"idOrVar","v":"value"}," ខែ​មុន"],"many":[{"t":"idOrVar","v":"value"}," ខែ​មុន"],"other":[{"t":"idOrVar","v":"value"}," ខែ​មុន"]},"$x":[{"t":"idOrVar","v":"plural"},"value"]},{"$i":"years-ago-long","$v":{"zero":"ឆ្នាំនេះ","one":"ឆ្នាំ​មុន","two":[{"t":"idOrVar","v":"value"}," ឆ្នាំ​មុន"],"few":[{"t":"idOrVar","v":"value"}," ឆ្នាំ​មុន"],"many":[{"t":"idOrVar","v":"value"}," ឆ្នាំ​មុន"],"other":[{"t":"idOrVar","v":"value"}," ឆ្នាំ​មុន"]},"$x":[{"t":"idOrVar","v":"plural"},"value"]},{"$i":"minutes-until-long","$v":{"zero":"ឥឡូវ","one":"ក្នុង​ពេល​មួយ​នាទី","two":["ក្នុង​ពេល ",{"t":"idOrVar","v":"value"}," នាទី"],"few":["ក្នុង​ពេល ",{"t":"idOrVar","v":"value"}," នាទី"],"many":["ក្នុង​ពេល​ ",{"t":"idOrVar","v":"value"}," នាទី​"],"other":["ក្នុង​ពេល ",{"t":"idOrVar","v":"value"}," នាទី"]},"$x":[{"t":"idOrVar","v":"plural"},"value"]},{"$i":"hours-until-long","$v":{"zero":"ឥឡូវ","one":"ក្នុង​រយៈពេល​១​ម៉ោង","two":["ក្នុង​ពេល​​ ",{"t":"idOrVar","v":"value"}," ម៉ោង"],"few":["ក្នុង​ពេល​​ ",{"t":"idOrVar","v":"value"}," ម៉ោង"],"many":["ក្នុង​ពេល​​ ",{"t":"idOrVar","v":"value"}," ម៉ោង"],"other":["ក្នុង​ពេល​​ ",{"t":"idOrVar","v":"value"}," ម៉ោង"]},"$x":[{"t":"idOrVar","v":"plural"},"value"]},{"$i":"days-until-long","$v":{"zero":"ថ្ងៃ​នេះ","one":"ថ្ងៃស្អែក","two":["ក្នុង​ពេល​​ ",{"t":"idOrVar","v":"value"}," ថ្ងៃ"],"few":["ក្នុង​ពេល​​ ",{"t":"idOrVar","v":"value"}," ថ្ងៃ"],"many":["ក្នុង​ពេល​​ ",{"t":"idOrVar","v":"value"}," ថ្ងៃ"],"other":["ក្នុង​ពេល​​ ",{"t":"idOrVar","v":"value"}," ថ្ងៃ"]},"$x":[{"t":"idOrVar","v":"plural"},"value"]},{"$i":"weeks-until-long","$v":{"zero":"សប្ដាហ៍​នេះ","one":"សប្ដាហ៍​ក្រោយ","two":["ក្នុង​ពេល ",{"t":"idOrVar","v":"value"}," សប្ដាហ៍"],"few":["ក្នុង​ពេល ",{"t":"idOrVar","v":"value"}," សប្ដាហ៍"],"many":["ក្នុង​ពេល ",{"t":"idOrVar","v":"value"}," សប្ដាហ៍"],"other":["ក្នុង​ពេល ",{"t":"idOrVar","v":"value"}," សប្ដាហ៍"]},"$x":[{"t":"idOrVar","v":"plural"},"value"]},{"$i":"months-until-long","$v":{"zero":"ខែ​នេះ","one":"ខែ​ក្រោយ","two":["ក្នុង​ពេល ",{"t":"idOrVar","v":"value"}," ខែ"],"few":["ក្នុង​ពេល ",{"t":"idOrVar","v":"value"}," ខែ"],"many":["ក្នុង​ពេល ",{"t":"idOrVar","v":"value"}," ខែ"],"other":["ក្នុង​ពេល ",{"t":"idOrVar","v":"value"}," ខែ"]},"$x":[{"t":"idOrVar","v":"plural"},"value"]},{"$i":"years-until-long","$v":{"zero":"ឆ្នាំនេះ","one":"ឆ្នាំ​ក្រោយ","two":["ក្នុង​ពេល ",{"t":"idOrVar","v":"value"}," ឆ្នាំ"],"few":["ក្នុង​ពេល ",{"t":"idOrVar","v":"value"}," ឆ្នាំ"],"many":["ក្នុង​ពេល ",{"t":"idOrVar","v":"value"}," ឆ្នាំ"],"other":["ក្នុង​ពេល ",{"t":"idOrVar","v":"value"}," ឆ្នាំ"]},"$x":[{"t":"idOrVar","v":"plural"},"value"]},{"$i":"minutes-ago-short","$v":{"zero":"អម្បាញ់មិញនេះ","other":[{"t":"idOrVar","v":"value"},"នាទី​មុន"]},"$x":[{"t":"idOrVar","v":"plural"},"value"]},{"$i":"hours-ago-short","$v":{"zero":"អម្បាញ់មិញនេះ","other":[{"t":"idOrVar","v":"value"},"ម៉ោង​មុន"]},"$x":[{"t":"idOrVar","v":"plural"},"value"]},{"$i":"days-ago-short","$v":{"zero":"ថ្ងៃ​នេះ","other":[{"t":"idOrVar","v":"value"},"ថ្ងៃ​មុន"]},"$x":[{"t":"idOrVar","v":"plural"},"value"]},{"$i":"minutes-until-short","$v":{"zero":"ឥឡូវ","other":["ក្នុង​ពេល ",{"t":"idOrVar","v":"value"},"នាទី"]},"$x":[{"t":"idOrVar","v":"plural"},"value"]},{"$i":"hours-until-short","$v":{"zero":"ឥឡូវ","other":["ក្នុង​ពេល ",{"t":"idOrVar","v":"value"},"ម៉ោង"]},"$x":[{"t":"idOrVar","v":"plural"},"value"]},{"$i":"days-until-short","$v":{"zero":"ថ្ងៃ​នេះ","other":["ក្នុង​ពេល ",{"t":"idOrVar","v":"value"},"ថ្ងៃ"]},"$x":[{"t":"idOrVar","v":"plural"},"value"]},{"$i":"incorrectDate","$v":"(កាលបរិច្ឆេទ​មិន​ត្រឹមត្រូវ)"},{"$i":"dateTimeFormat_%c","$v":"%a %b %e %Y %I:%M:%S %p"},{"$i":"dateTimeFormat_%x","$v":"%m/%d/%Y"},{"$i":"dateTimeFormat_%X","$v":"%I:%M:%S %p"},{"$i":"shortTimeFormat","$v":"%I:%M %p"},{"$i":"shortTimeFormat12","$v":"%I:%M %p"},{"$i":"shortTimeFormat24","$v":"%H:%M"},{"$i":"shortDateTimeFormat","$v":"%x %I:%M %p"},{"$i":"weekStartsOnMonday","$v":"0"},{"$i":"firstDayOfTheWeek","$v":"0"},{"$i":"time_am","$v":"ព្រឹក"},{"$i":"time_pm","$v":"PM"},{"$i":"tz-region","$v":"តំបន់"},{"$i":"tz-city","$v":"ទីក្រុង"},{"$i":"tzRegion-Africa","$v":"អាហ្វ្រិក"},{"$i":"tzRegion-America","$v":"អាមេរិក"},{"$i":"tzRegion-Antarctica","$v":"អង់តាកទិក"},{"$i":"tzRegion-Asia","$v":"អាស៊ី"},{"$i":"tzRegion-Atlantic","$v":"មហាសមុទ្រអាត្លង់ទិក"},{"$i":"tzRegion-Australia","$v":"អូស្ត្រាលី"},{"$i":"tzRegion-Europe","$v":"អឺរ៉ុប"},{"$i":"tzRegion-Indian","$v":"មហាសមុទ្រ​ឥណ្ឌា"},{"$i":"tzRegion-Pacific","$v":"មហាសមុទ្រ​ប៉ាស៊ីហ្វិក"},{"$i":"close","$v":"បិទ"},{"$i":"import","$v":"នាំ​ចូល"},{"$i":"update","$v":"ធ្វើបច្ចុប្បន្នភាព"},{"$i":"fbFriends","$v":"មិត្តភ័ក្ដិ​លើ Facebook"},{"$i":"live-serviceName","$v":"Outlook"},{"$i":"gmail-serviceName","$v":"Gmail"},{"$i":"facebook-serviceName","$v":"មិត្តភ័ក្ដិ​លើ Facebook"},{"$i":"selectAll","$v":"ជ្រើស​ទាំងអស់"},{"$i":"deselectAll","$v":"មិន​ជ្រើស​ទាំងអស់"},{"$i":"viewAll","$v":"មើល​មិត្តភ័ក្ដិ Facebook ទាំងអស់"},{"$i":"viewRecommend","$v":"មើល​តែ​​​អ្នក​បាន​ផ្ដល់​អនុសាសន៍"},{"$i":"linkProposal","$v":{"zero":"មិន​មាន​មិត្តភ័ក្ដិ​ដែល​ផ្គូផ្គង​គ្នា​ទេ ។ បង្ហាញ​ទាំងអស់","one":"ជ្រើស​មួយ​ដែល​បាន​ផ្ដល់​អនុសាសន៍","two":"ជ្រើស​មួយ​ដែល​បាន​ផ្ដល់​អនុសាសន៍","few":"ជ្រើស​មួយ​ដែល​បាន​ផ្ដល់​អនុសាសន៍","many":"ជ្រើស​មួយ​ដែល​បាន​ផ្ដល់​អនុសាសន៍","other":"ជ្រើស​មួយ​ដែល​បាន​ផ្ដល់​អនុសាសន៍"},"$x":[{"t":"idOrVar","v":"plural"},"numFriends"]},{"$i":"fbFriendsFound","$v":{"zero":"បាន​នាំចូល​មិត្តភ័ក្ដិ​​របស់​អ្នក​ទាំងអស់","one":"រក​ឃើញ​មិត្តភ័ក្ដិ​ម្នាក់​ដើម្បី​នាំចូល","two":["រកឃើញ​មិត្តភ័ក្ដិ ",{"t":"idOrVar","v":"numFriends"}," ដើម្បី​នាំចូល"],"few":["រក​ឃើញ​មិត្តភ័ក្ដិ ",{"t":"idOrVar","v":"numFriends"}," ដើម្បី​នាំចូល"],"many":["រក​ឃើញ​មិត្តភ័ក្ដិ ",{"t":"idOrVar","v":"numFriends"}," ដើម្បី​នាំចូល"],"other":["រក​ឃើញ​មិត្តភ័ក្ដិ ",{"t":"idOrVar","v":"numFriends"}," ដើម្បី​នាំចូល"]},"$x":[{"t":"idOrVar","v":"plural"},"numFriends"]},{"$i":"fbNoFriends","$v":"មិន​មាន​ទំនាក់ទំនង​ដើម្បី​នាំចូល​ឡើយ"},{"$i":"search-contact","placeholder":"ស្វែងរក"},{"$i":"noResults","$v":"រក​មិន​ឃើញ​ទំនាក់ទំនង"},{"$i":"done-search","$v":"ធ្វើ​រួច"},{"$i":"progressFB3ImportTitle","$v":"នាំចូល​មិត្តភ័ក្ដិ​ទៅ​ទំនាក់ទំនង"},{"$i":"progressFB","$v":[{"t":"idOrVar","v":"current"},"/",{"t":"idOrVar","v":"total"}]},{"$i":"progressFB3UpdateTitle","$v":"ធ្វើ​បច្ចុប្បន្នភាព​មិត្តភ័ក្ដិ​ក្នុង​ទំនាក់ទំនង"},{"$i":"message2","$v":"នេះ​អាច​ចំណាយ​ពេល​ប៉ុន្មាន​នាទី"},{"$i":"messageLinking","$v":"សូម​រងចាំ។ យើង​​កំពុង​តភ្ជាប់​ទៅ​មិត្តភ័ក្ដិ និង​ទំនាក់ទំនង​របស់​អ្នក។"},{"$i":"messageCanceling","$v":"សូម​រង់ចាំ។ យើង​កំពុង​បោះបង់​ចោល​​ប្រតិបត្តិការ​ដែល​កំពុង​ដំណើរការ។"},{"$i":"error1","$v":["កំហុស ",{"t":"idOrVar","v":"from"}]},{"$i":"error2","$v":"តើ​អ្នក​ចង់ព្យាយាម​ម្ដងទៀត​ឬ ?"},{"$i":"errorProposal","$v":"កំពុង​គណនា​សំណើរ"},{"$i":"errorFriends","$v":"កំពុង​ទៅ​រក​មិត្តភ័ក្ដិ"},{"$i":"errorLinking","$v":"កំពុង​ភ្ជាប់​ទំនាក់ទំនង"},{"$i":"timeout1","$v":["ពេលវេលា​ហួស​កំណត់ ",{"t":"idOrVar","v":"from"}]},{"$i":"timeout2","$v":"តើ​អ្នក​ចង់ព្យាយាម​ម្ដងទៀត​ឬ ?"},{"$i":"timeoutProposal","$v":"កំពុង​គណនា​សំណើរ"},{"$i":"timeoutFriends","$v":"កំពុង​រក​មើល​មិត្តភ័ក្ដិ"},{"$i":"timeoutLinking","$v":"កំពុង​ភ្ជាប់​ទំនាក់ទំនង"},{"$i":"wait1","$v":"សូម​រង់ចាំ"},{"$i":"wait2","$v":"វា​អាច​ប្រើ​ពេល​ពីរ​បី​នាទី"},{"$i":"waitProposal","$v":"សូម​រង់ចាំ ។ យើង​កំពុង​គណនា​សំណើ ។"},{"$i":"waitFriends","$v":"សូម​រង់ចាំ ។ យើង​កំពុង​តភ្ជាប់​ដើម្បី​យក​បញ្ជី​មិត្តភ័ក្ដិ​របស់​អ្នក ។"},{"$i":"curtainCancel","$v":"បោះបង់"},{"$i":"curtainRetry","$v":"ព្យាយាម​ម្ដង​ទៀត"},{"$i":"curtainOK","$v":"យល់ព្រម"},{"$i":"connectionLost","$v":"គ្មាន​ការ​ភ្ជាប់​អ៊ីនធឺណិត"},{"$i":"connectionLostMsg","$v":"នឹង​មិន​បន្ថែម​រូបថត​របស់​មិត្តភ័ក្ដិ​​​ទៅ​ទំនាក់ទំនង​របស់​អ្នក​ទេ។ បន្ត​យ៉ាង​ណា​ក៏​​ដោយ​ឬ?"},{"$i":"yesOption","$v":"យល់ព្រម"},{"$i":"noOption","$v":"បោះបង់"},{"$i":"friendsUpdated","$v":{"zero":"មិន​មាន​មិត្ត​ភ័ក្ដិ​​បាន​ធ្វើ​បច្ចុប្បន្នភាព​ឡើយ","one":"បាន​ធ្វើ​បច្ចុប្បន្នភាព​មិត្តភ័ក្ដិ​ម្នាក់","two":["បាន​ធ្វើ​បច្ចុប្បន្នភាព​មិត្តភ័ក្ដិ ",{"t":"idOrVar","v":"numFriends"}],"few":["បាន​ធ្វើ​បច្ចុប្បន្នភាព​មិត្តភ័ក្ដិ ",{"t":"idOrVar","v":"numFriends"}],"many":["បាន​ធ្វើ​បច្ចុប្បន្នភាព​មិត្តភ័ក្ដិ ",{"t":"idOrVar","v":"numFriends"}],"other":["បាន​ធ្វើ​បច្ចុប្បន្នភាព​មិត្តភ័ក្ដិ ",{"t":"idOrVar","v":"numFriends"}]},"$x":[{"t":"idOrVar","v":"plural"},"numFriends"]},{"$i":"friendsMerged","$v":{"zero":"មិន​មាន​ការ​បញ្ចូល​គ្នា​មិត្តភ័ក្ដិ​ដែល​ស្ទួន","one":"បាន​បញ្ចូល​គ្នា​មិត្តភ័ក្ដិ​ម្នាក់​ដែល​ស្ទួន","two":["បាន​បញ្ចូល​គ្នា​មិត្តភ័ក្ដិ ",{"t":"idOrVar","v":"numDups"}],"few":["បាន​បញ្ចូល​គ្នា​មិត្តភ័ក្ដិ ",{"t":"idOrVar","v":"numDups"}],"many":["បាន​បញ្ចូល​គ្នា​មិត្តភ័ក្ដិ ",{"t":"idOrVar","v":"numDups"}],"other":["បាន​បញ្ចូល​គ្នា​មិត្តភ័ក្ដិ ",{"t":"idOrVar","v":"numDups"}]},"$x":[{"t":"idOrVar","v":"plural"},"numDups"]},{"$i":"notificationLogin","$v":"សម័យ Facebook របស់​អ្នក​មិន​ត្រឹមត្រូវ។ សូម​ចូល។"},{"$i":"syncError","$v":"មាន​កំហុស​​​​ក្នុង​ការ​ធ្វើ​សមកាលកម្ម​ទិន្នន័យ​របស់​មិត្តភ័ក្ដិ​អ្នក"}]