[{"$i":"brandShortName","$v":"B2G OS"},{"$i":"browserBrandShortName","$v":"Web Browser"},{"$i":"browserBrandFullName","$v":"Mozilla Web Browser"},{"$i":"ringtoneBrandName","$v":"Default"},{"$i":"ringtoneSectionBrandName","$v":"System"},{"$i":"back","$v":"뒤로"},{"$i":"noSimMsg","$v":"연락처를 가져오려면 SIM를 넣거나 잠금해제 하세요."},{"$i":"noMemoryCardMsg","$v":"연락처를 가져오려면 메모리 카드를 넣으세요."},{"$i":"importMemoryCard","$v":"메모리 카드"},{"$i":"noConnection11","$v":"Facebook 친구나 연락처를 가져오려면 Wi-Fi나 데이터 네트워크에 연결하세요."},{"$i":"emptyAccount","$v":"No friends or contacts found in this account."},{"$i":"simContacts-import","$v":"SIM 연락처 가져오기"},{"$i":"simContacts-importing","$v":"Importing SIM 연락처 가져오는 중…"},{"$i":"simContacts-reading","$v":"SIM 카드 읽는 중…"},{"$i":"simContacts-error","$v":"SIM에서 연락처를 가져오지 못함"},{"$i":"simContacts-imported3","$v":{"zero":"SIM에 가져올 연락처가 없음","one":"1개의 연락처 가져옴","two":[{"t":"idOrVar","v":"n"},"개의 연락처 가져옴"],"few":[{"t":"idOrVar","v":"n"},"개의 연락처 가져옴"],"many":[{"t":"idOrVar","v":"n"},"개의 연락처 가져옴"],"other":[{"t":"idOrVar","v":"n"},"개의 연락처 가져옴"]},"$x":[{"t":"idOrVar","v":"plural"},"n"]},{"$i":"memoryCardContacts-import","$v":"메모리 카드에서 연락처 가져오기"},{"$i":"memoryCardContacts-importing","$v":"메모리 카드에서 연락처 가져오는 중…"},{"$i":"memoryCardContacts-reading","$v":"메모리 카드 읽는 중…"},{"$i":"memoryCardContacts-error","$v":"메모리 카드에서 연락처를 가져오지 못함"},{"$i":"memoryCardContacts-imported3","$v":{"zero":"메모리 카드에 가져올 연락처가 없음","one":"1개의 연락처 가져옴","two":[{"t":"idOrVar","v":"n"},"개의 연락처 가져옴"],"few":[{"t":"idOrVar","v":"n"},"개의 연락처 가져옴"],"many":[{"t":"idOrVar","v":"n"},"개의 연락처 가져옴"],"other":[{"t":"idOrVar","v":"n"},"개의 연락처 가져옴"]},"$x":[{"t":"idOrVar","v":"plural"},"n"]},{"$i":"genericProgress","$v":[{"t":"idOrVar","v":"current"},"/",{"t":"idOrVar","v":"total"}]},{"$i":"facebook","$v":"Facebook"},{"$i":"facebook-import-msg2","$v":[{"t":"idOrVar","v":"imported"},"/",{"t":"idOrVar","v":"total"}," friends imported"]},{"$i":"contactsMerged","$v":{"zero":"병합된 중복 연락처 없음","one":"1개의 중복 연락처 병합됨","two":[{"t":"idOrVar","v":"numDups"},"개의 연락처 병합됨"],"few":[{"t":"idOrVar","v":"numDups"},"개의 연락처 병합됨"],"many":[{"t":"idOrVar","v":"numDups"},"개의 연락처 병합됨"],"other":[{"t":"idOrVar","v":"numDups"},"개의 연락처 병합됨"]},"$x":[{"t":"idOrVar","v":"plural"},"numDups"]},{"$i":"pincode2","$v":"PIN 코드 입력"},{"$i":"type_pin","$v":"PIN 코드 넣기"},{"$i":"pincodeLabel","$v":["SIM ",{"t":"idOrVar","v":"n"}," PIN"]},{"$i":"pinValidation","$v":"PIN은 4~8자리 글자입니다."},{"$i":"pinError","$v":"PIN이 올바르지 않습니다."},{"$i":"pinAttemptMsg2","$v":{"one":"올바른 코드를 입력할 수 있는 기회가 한 번 남았습니다. 만약 틀리면 이 SIM 카드는 잠기게 됩니다.","two":["올바른 코드를 입력할 수 있는 기회가 ",{"t":"idOrVar","v":"n"},"번 남았습니다. 만약 틀리면 이 SIM 카드는 잠기게 됩니다."],"few":["올바른 코드를 입력할 수 있는 기회가 ",{"t":"idOrVar","v":"n"},"번 남았습니다. 만약 틀리면 이 SIM 카드는 잠기게 됩니다."],"many":["올바른 코드를 입력할 수 있는 기회가 ",{"t":"idOrVar","v":"n"},"번 남았습니다. 만약 틀리면 이 SIM 카드는 잠기게 됩니다."],"other":["올바른 코드를 입력할 수 있는 기회가 ",{"t":"idOrVar","v":"n"},"번 남았습니다. 만약 틀리면 이 SIM 카드는 잠기게 됩니다."]},"$x":[{"t":"idOrVar","v":"plural"},"n"]},{"$i":"pinLastChanceMsg","$v":"올바른 PIN을 입력할 수 있는 마지막 기회입니다. 그러지 못하면 PUK를 입력해야 이 SIM 카드를 쓸 수 있습니다."},{"$i":"pukcode","$v":"PUK 코드 입력"},{"$i":"pukcodeTitle","$v":["SIM ",{"t":"idOrVar","v":"n"}," PUK 입력"]},{"$i":"pukcodeLabel","$v":["SIM ",{"t":"idOrVar","v":"n"}," PUK"]},{"$i":"type_puk","$v":"PUK 코드"},{"$i":"pukValidation","$v":"PUK 코드는 반드시 정확히 8자리 숫자여야 합니다."},{"$i":"pukInfo","$v":"SIM 카드의 Personal Unlocking Key (PUK) 코드를 입력해야 합니다. 자세한 정보는 SIM 카드 문서를 참조하거나 통신사에 문의하시기 바랍니다."},{"$i":"pukError","$v":"PUK가 올바르지 않습니다."},{"$i":"pukAttemptMsg2","$v":{"one":"올바른 코드를 입력할 수 있는 기회가 한 번 남았습니다. 만약 틀리면 이 SIM 카드는 영구적으로 사용할 수 없게 됩니다. 자세한 정보는 SIM 카드 문서를 참조하거나 통신사에 문의하시기 바랍니다.","two":["올바른 코드를 입력할 수 있는 기회가 ",{"t":"idOrVar","v":"n"},"번 남았습니다. 만약 틀리면 이 SIM 카드는 영구적으로 사용할 수 없게 됩니다. 자세한 정보는 SIM 카드 문서를 참조하거나 통신사에 문의하시기 바랍니다."],"few":["올바른 코드를 입력할 수 있는 기회가 ",{"t":"idOrVar","v":"n"},"번 남았습니다. 만약 틀리면 이 SIM 카드는 영구적으로 사용할 수 없게 됩니다. 자세한 정보는 SIM 카드 문서를 참조하거나 통신사에 문의하시기 바랍니다."],"many":["올바른 코드를 입력할 수 있는 기회가 ",{"t":"idOrVar","v":"n"},"번 남았습니다. 만약 틀리면 이 SIM 카드는 영구적으로 사용할 수 없게 됩니다. 자세한 정보는 SIM 카드 문서를 참조하거나 통신사에 문의하시기 바랍니다."],"other":["올바른 코드를 입력할 수 있는 기회가 ",{"t":"idOrVar","v":"n"},"번 남았습니다. 만약 틀리면 이 SIM 카드는 영구적으로 사용할 수 없게 됩니다. 자세한 정보는 SIM 카드 문서를 참조하거나 통신사에 문의하시기 바랍니다."]},"$x":[{"t":"idOrVar","v":"plural"},"n"]},{"$i":"pukLastChanceMsg","$v":"올바른 PUK 코드를 입력할 수 있는 마지막 기회입니다. 만약 잘못된 PUK 코드를 입력하면 이 SIM 카드는 영구적으로 사용할 수 없게 됩니다."},{"$i":"create_newpin","$v":"새 PIN 만들기 (4~8자리 숫자)"},{"$i":"confirm_newpin","$v":"새 PIN 확인"},{"$i":"newpinConfirmation","$v":"PIN이 맞지 않음"},{"$i":"nckcode","$v":"NCK 코드 입력"},{"$i":"cckcode","$v":"CCK 코드 입력"},{"$i":"spckcode","$v":"SPCK 코드 입력"},{"$i":"nck1code","$v":"NCK1 코드 입력"},{"$i":"nck2code","$v":"NCK2 코드 입력"},{"$i":"hnckcode","$v":"HNCK 코드 입력"},{"$i":"rcckcode","$v":"RCCK 코드 입력"},{"$i":"rspckcode","$v":"RSPCK 코드 입력"},{"$i":"nckcodeTitle","$v":["SIM ",{"t":"idOrVar","v":"n"}," NCK 입력"]},{"$i":"cckcodeTitle","$v":["SIM ",{"t":"idOrVar","v":"n"}," CCK 입력"]},{"$i":"spckcodeTitle","$v":["SIM ",{"t":"idOrVar","v":"n"}," SPCK 입력"]},{"$i":"nck1codeTitle","$v":["SIM ",{"t":"idOrVar","v":"n"}," NCK1 입력"]},{"$i":"nck2codeTitle","$v":["SIM ",{"t":"idOrVar","v":"n"}," NCK2 입력"]},{"$i":"hnckcodeTitle","$v":["SIM ",{"t":"idOrVar","v":"n"}," HNCK 입력"]},{"$i":"rcckcodeTitle","$v":["SIM ",{"t":"idOrVar","v":"n"}," RCCK 입력"]},{"$i":"rspckcodeTitle","$v":["SIM ",{"t":"idOrVar","v":"n"}," RSPCK 입력"]},{"$i":"nckcodeLabel","$v":["SIM ",{"t":"idOrVar","v":"n"}," NCK"]},{"$i":"cckcodeLabel","$v":["SIM ",{"t":"idOrVar","v":"n"}," CCK"]},{"$i":"spckcodeLabel","$v":["SIM ",{"t":"idOrVar","v":"n"}," SPCK"]},{"$i":"nck1codeLabel","$v":["SIM ",{"t":"idOrVar","v":"n"}," NCK1"]},{"$i":"nck2codeLabel","$v":["SIM ",{"t":"idOrVar","v":"n"}," NCK2"]},{"$i":"hnckcodeLabel","$v":["SIM ",{"t":"idOrVar","v":"n"}," HNCK"]},{"$i":"rcckcodeLabel","$v":["SIM ",{"t":"idOrVar","v":"n"}," RCCK"]},{"$i":"rspckcodeLabel","$v":["SIM ",{"t":"idOrVar","v":"n"}," RSPCK"]},{"$i":"type_nck","$v":"NCK 코드 넣기"},{"$i":"type_cck","$v":"CCK 코드 넣기"},{"$i":"type_spck","$v":"SPCK 코드 넣기"},{"$i":"type_nck1","$v":"NCK1 코드 넣기"},{"$i":"type_nck2","$v":"NCK2 코드 넣기"},{"$i":"type_hnck","$v":"HNCK 코드 넣기"},{"$i":"type_rcck","$v":"RCCK 코드 넣기"},{"$i":"type_rspck","$v":"RSPCK 코드 넣기"},{"$i":"nckValidation","$v":"NCK는 8~16자리 글자입니다."},{"$i":"cckValidation","$v":"CCK는 8~16자리 글자입니다."},{"$i":"spckValidation","$v":"SPCK는 8~16자리 글자입니다."},{"$i":"nck1Validation","$v":"NCK1는 8~16자리 글자입니다."},{"$i":"nck2Validation","$v":"NCK2는 8~16자리 글자입니다."},{"$i":"hnckValidation","$v":"HNCK는 8~16자리 글자입니다."},{"$i":"rcckValidation","$v":"RCCK는 8~16자리 글자입니다."},{"$i":"rspckValidation","$v":"RSPCK는 8~16자리 글자입니다."},{"$i":"nckErrorMsg","$v":"NCK 코드가 올바르지 않습니다."},{"$i":"nckAttemptMsg2","$v":{"one":"네트워크 잠금 해제 요청이 실패했습니다. 올바른 코드를 입력할 수 있는 기회가 한 번 남았습니다. 자세한 정보는 단말기 설명서를 참조하거나 통신사에 문의하시기 바랍니다.","two":["네트워크 잠금 해제 요청이 실패했습니다. 올바른 코드를 입력할 수 있는 기회가 ",{"t":"idOrVar","v":"n"},"번 남았습니다. 자세한 정보는 단말기 설명서를 참조하거나 통신사에 문의하시기 바랍니다."],"few":["네트워크 잠금 해제 요청이 실패했습니다. 올바른 코드를 입력할 수 있는 기회가 ",{"t":"idOrVar","v":"n"},"번 남았습니다. 자세한 정보는 단말기 설명서를 참조하거나 통신사에 문의하시기 바랍니다."],"many":["네트워크 잠금 해제 요청이 실패했습니다. 올바른 코드를 입력할 수 있는 기회가 ",{"t":"idOrVar","v":"n"},"번 남았습니다. 자세한 정보는 단말기 설명서를 참조하거나 통신사에 문의하시기 바랍니다."],"other":["네트워크 잠금 해제 요청이 실패했습니다. 올바른 코드를 입력할 수 있는 기회가 ",{"t":"idOrVar","v":"n"},"번 남았습니다. 자세한 정보는 단말기 설명서를 참조하거나 통신사에 문의하시기 바랍니다."]},"$x":[{"t":"idOrVar","v":"plural"},"n"]},{"$i":"nckLastChanceMsg","$v":"네트워크 잠금 해제 요청이 실패했습니다. 올바른 NCK 코드를 입력할 수 있는 마지막 기회입니다. 자세한 정보는 단말기 설명서를 참조하거나 통신사에 문의하시기 바랍니다."},{"$i":"skip","$v":"건너뛰기"},{"$i":"send","$v":"보내기"},{"$i":"ok","$v":"예"},{"$i":"simLocked","$v":"SIM 카드 잠김"},{"$i":"inputCodeRetriesLeft","$v":{"one":"마지막 기회입니다.","two":[{"t":"idOrVar","v":"n"},"번 남았습니다."],"few":[{"t":"idOrVar","v":"n"},"번 남았습니다."],"many":[{"t":"idOrVar","v":"n"},"번 남았습니다."],"other":[{"t":"idOrVar","v":"n"},"번 남았습니다."]},"$x":[{"t":"idOrVar","v":"plural"},"n"]},{"$i":"simManager","$v":"SIM 관리자"},{"$i":"simDetail","$v":["SIM ",{"t":"idOrVar","v":"n"}]},{"$i":"simDefault","$v":"(기본)"},{"$i":"simDefaultMessage","$v":"착신 통화 및 메시지, 데이터 연결은 SIM 1으로 기본 설정됨"},{"$i":"simSettingsMessage","$v":"설정 > SIM 관리자에서 기본 설정 변경 가능 "},{"$i":"simPinLocked","$v":"SIM PIN 잠금"},{"$i":"noOperator","$v":"통신사 없음"},{"$i":"searchingOperator","$v":"Searching"},{"$i":"language","$v":"언어"},{"$i":"3g","$v":"모바일 네트워크 사용"},{"$i":"dataConnection","$v":"데이터 연결"},{"$i":"dataConnectionInfo","$v":"데이터 연결을 시작하면 통신사에서 제공하는 데이터망에 연결하여, Wi-Fi에 연결하지 않고도 설정할 수 있습니다. 물론 나중에 설정에서 데이터 연결을 시작할 수도 있습니다. 다만 통신사에 요금이 지나치게 많이 나오지 않을 충분한 요금제로 가입되어 있는지 확인하십시오."},{"$i":"caution","$v":"주의"},{"$i":"geolocation","$v":"위치 서비스"},{"$i":"geolocationCheckbox","$v":"위치 서비스 활성화"},{"$i":"geolocationInfo2","$v":[{"t":"idOrVar","v":"brandShortName"}," 폰은 사용자의 대략적인 위치를 파악하기 위해 GPS, Wi-Fi, 모바일 네트워크를 사용합니다."]},{"$i":"geolocationInfoMore","$v":"위치 데이터는 Mozilla와 서비스 제공업체들에 전달하고, 위치 데이터베이스 향상을 위해 사용됩니다. 이 데이터는 여러분의 기기에 저장되고 앱이 실행되지 않을 때도 수집 될 수 있습니다."},{"$i":"notice","$v":"알림"},{"$i":"aboutYourPrivacy","$v":"개인 정보 보호 정책"},{"$i":"scanningNetworks","$v":"Wi-Fi 네트워크 찾는 중"},{"$i":"selectNetwork","$v":"Wi-Fi 선택"},{"$i":"shortStatus-connecting","$v":"연결 중…"},{"$i":"shortStatus-associated","$v":"IP 주소를 받아오는 중…"},{"$i":"shortStatus-connected","$v":"연결됨"},{"$i":"shortStatus-connectingfailed","$v":"연결 실패"},{"$i":"shortStatus-disconnected","$v":"연결되어 있지 않음"},{"$i":"securedBy","$v":[{"t":"idOrVar","v":"capabilities"},"로 보안이 걸려 있음"]},{"$i":"security","$v":"보안"},{"$i":"securityNone","$v":"없음"},{"$i":"securityWEP","$v":"WEP"},{"$i":"securityWPA-PSK","$v":"WPA-PSK"},{"$i":"securityWPA-EAP","$v":"WPA-EAP"},{"$i":"securityOpen","$v":"Open","ariaLabel":"Security"},{"$i":"identity","$v":"사용자"},{"$i":"identityInput","placeholder":"사용자"},{"$i":"password","$v":"암호"},{"$i":"passwordInput","placeholder":"암호"},{"$i":"showPassword","$v":"암호 보이기"},{"$i":"refresh","$v":"새로 고침"},{"$i":"noWifiFound3","$v":"무선 네트워크를 찾을 수 없음"},{"$i":"join-hidden-button","$v":"숨은 네트워크 접속"},{"$i":"authentication","$v":"인증"},{"$i":"ssid-name","$v":"SSID 네트워크 이름"},{"$i":"wifiLevel","ariaLabel":[{"t":"idOrVar","v":"level"}," of 4 bars"]},{"$i":"networksList","ariaLabel":"Networks found"},{"$i":"dateAndTime","$v":"날짜 및 시간"},{"$i":"timezoneTitle","$v":["UTC",{"t":"idOrVar","v":"utcOffset"}," ",{"t":"idOrVar","v":"region"},"/",{"t":"idOrVar","v":"city"}]},{"$i":"timeZone","$v":"시간대"},{"$i":"change","$v":"변경"},{"$i":"region","ariaLabel":"지역"},{"$i":"city","ariaLabel":"도시"},{"$i":"date","ariaLabel":"날짜"},{"$i":"time","ariaLabel":"시간"},{"$i":"importContacts3","$v":"연락처 가져오기"},{"$i":"importSim2","$v":"SIM 카드"},{"$i":"importFb2","$v":"Facebook"},{"$i":"importOutlook","$v":"Outlook"},{"$i":"importGmail","$v":"Gmail"},{"$i":"fb-checking","$v":"… 검사 중"},{"$i":"notImportedYet","$v":"아직 가져오지 않음"},{"$i":"otherAccount","$v":"기타 계정"},{"$i":"afterFbImport","$v":"연락처 설정에서 Facebook 친구를 편집 혹은 가져오기 가능합니다."},{"$i":"firefox-accounts","$v":"Firefox Accounts"},{"$i":"fxa-upsell","innerHTML":"Firefox Account를 사용해서 잃어버린 기기를 찾거나 Firefox Marketplace에서 앱을 구매할 수 있습니다."},{"$i":"fxa-create-account-or-sign-in","$v":"계정 생성 또는 로그인"},{"$i":"fxa-email-sent","$v":[{"t":"idOrVar","v":"email"},"로 인증 링크가 발송됨"]},{"$i":"fxa-signed-in","$v":[{"t":"idOrVar","v":"email"},"로 로그인"]},{"$i":"about-your-rights-0","$v":[{"t":"idOrVar","v":"brandShortName"},"는 전 세계 수천명의 커뮤니티 참여자에 의해 만들어지는 오픈 소스 소프트웨어 입니다. "]},{"$i":"about-your-rights-1","$v":[{"t":"idOrVar","v":"brandShortName"},"는 Mozilla Public License를 비롯한 몇 가지 오픈 소스 라이선스를 기반으로 제공됩니다. ",{"t":"idOrVar","v":"brandShortName"}," 기반 기기는 서드파티가 제공하는 상용 소프트웨어를 포함할 수 있습니다. 오픈 라이선스를 통해 만들어진 소스 코드는 여러분 스스로 직접 수정해서 적용하고 배포할 수 있습니다."]},{"$i":"about-your-rights-2","$v":["단, ",{"t":"idOrVar","v":"brandShortName"}," 상표 및 로고는 Mozilla 재단의 상표권 라이선스를 받아야 사용할 수 있습니다."]},{"$i":"about-your-rights-3","$v":[{"t":"idOrVar","v":"brandShortName"},"의 문제점 보고서를 통해 Mozilla에 여러분의 피드백을 제공할 수 있습니다. 피드백을 통해 제품에 대한 기능 및 성능 향상에 도움을 주실 수 있습니다. "]},{"$i":"about-other","$v":"기타"},{"$i":"SIM_mandatory","$v":"SIM 카드 경고"},{"$i":"SIM_mandatory_warm","$v":"SIM 카드를 넣고 전화기를 재시작 해 주십시오."},{"$i":"telemetry-sends2","$v":["데이터 수집은 성능, 하드웨어, 설정, 사용자 설정에 대한 Mozilla 데이타와 ",{"t":"idOrVar","v":"brandShortName"}," 기기의 앱 사용정보를 보냅니다. 우리는 이 정보를 가지고 제품의 성능을 개선하고 더 빠르고 반응성을 높히는데 사용합니다."]},{"$i":"learn-more-telemetry2","innerHTML":["Learn more at <a href=\"",{"t":"idOrVar","v":"href"},"\" class=\"",{"t":"idOrVar","v":"className"},"\">",{"t":"idOrVar","v":"textContent"},"</a>"]},{"$i":"learn-more-information2","innerHTML":["Learn how Mozilla handles your information at <a href=\"",{"t":"idOrVar","v":"href"},"\" class=\"",{"t":"idOrVar","v":"className"},"\">",{"t":"idOrVar","v":"textContent"},"</a>"]},{"$i":"htmlWelcome2","innerHTML":["Welcome to <a href=\"",{"t":"idOrVar","v":"href"},"\" class=\"",{"t":"idOrVar","v":"className"},"\">",{"t":"idOrVar","v":"textContent"},"</a>, the free and open source operating system from Mozilla. Our mission is to promote openness, innovation and opportunity by keeping the power of the Web in your hands."]},{"$i":"htmlWelcome-link","$v":[{"t":"idOrVar","v":"brandShortName"}]},{"$i":"helpImprove2","innerHTML":["You can help us improve our products and services by automatically sending analytics data. See our <a href=\"",{"t":"idOrVar","v":"href"},"\" class=\"",{"t":"idOrVar","v":"className"},"\">",{"t":"idOrVar","v":"textContent"},"</a> to learn how we handle data from your device."]},{"$i":"helpImprove-link","$v":"개인정보 보호 공지"},{"$i":"learn-more-privacy2","innerHTML":["Learn how Mozilla handles your information in our <a href=\"",{"t":"idOrVar","v":"href"},"\" class=\"",{"t":"idOrVar","v":"className"},"\">",{"t":"idOrVar","v":"textContent"},"</a>."]},{"$i":"learn-more-privacy-link","$v":"개인 정보 보호 정책"},{"$i":"aboutBrowser","$v":[{"t":"idOrVar","v":"brandShortName"}," 정보"]},{"$i":"aboutYourPrivacy2","$v":"개인 정보 보호"},{"$i":"mozillaCommunity2","$v":[{"t":"idOrVar","v":"brandShortName"},"를 사용하면 여러분은 보다 밝은 웹의 미래를 만들어가는 글로벌 커뮤니티의 일원이 된 것입니다. Mozilla 커뮤니티와 제품 및 행사에 대해 알고 싶으시면, 이메일 주소를 적어주십시오."]},{"$i":"sharePerformanceAndUsageData2","$v":"네! 데이터를 보내겠습니다."},{"$i":"emailAddress","placeholder":"이메일 주소"},{"$i":"email-successfully-added","$v":"이메일이 성공적으로 추가됨"},{"$i":"email-loading","$v":"이메일을 저장하는 중…"},{"$i":"privacy-b2g","$v":[{"t":"idOrVar","v":"brandShortName"}],"title":[{"t":"idOrVar","v":"brandShortName"}]},{"$i":"privacy-marketplace","$v":"Marketplace","title":[{"t":"idOrVar","v":"privacy-marketplace"}]},{"$i":"privacy-eme","$v":"EverythingMe"},{"$i":"privacy-e-me","title":[{"t":"idOrVar","v":"privacy-e-me"}]},{"$i":"navbar-back","$v":"뒤로"},{"$i":"navbar-next","$v":"다음"},{"$i":"navbar-join","$v":"접속하기"},{"$i":"done","$v":"완료"},{"$i":"thatsIt","$v":"시작하기"},{"$i":"startYourPhone","$v":"스마트폰 사용법"},{"$i":"startYourTablet","$v":"태블릿 사용법"},{"$i":"joinTutorial","$v":"잠깐 시간을 내서 여러 기능을 알아보십시오."},{"$i":"joinTutorialUpdated","$v":"업데이트된 전화기 기능에 대한 간락한 설명을 확인해 보세요."},{"$i":"enjoyYourPhone","$v":"이제 즐겁게 사용하실 준비가 되었습니다."},{"$i":"enjoyYourPhoneUpdated","$v":"이제 업데이트 된 전화기를 사용할 수 있습니다."},{"$i":"optionsAvailable","$v":"먼저 '설정'에서 언어, 날짜 및 시간, Wi-Fi 연결 방식을 바꿀 수 있습니다."},{"$i":"letsGo","$v":"시작하기"},{"$i":"startTour","$v":"둘러보기"},{"$i":"thatsIt1Tablet-2","$v":"홈 화면으로 가려면 아래에서 위로 밀면 됩니다."},{"$i":"thatsIt2Tablet-2","$v":"해 봅시다!"},{"$i":"tutorial","$v":"사용 방법"},{"$i":"tutorial-step1-large-3","$v":"Swipe down to access recent notifications, usage information and settings."},{"$i":"tutorial-step2-large-2","$v":"홈 화면에 새 앱을 보려면 오른쪽에서 왼쪽으로 미세요."},{"$i":"tutorial-step3-large-2","$v":"아이콘을 길게 누르면 삭제하거나 옮길 수 있습니다."},{"$i":"tutorial-step4-large-2","$v":"카드로 보려면 아래에서 위로 두 손가락으로 미세요."},{"$i":"tutorial-vertical-scroll-v2-tiny","$v":"앱과 즐겨찾기 탐색을 위해서 위와 아래로 스와이프하세요. 아이콘을 삭제하거나 이동, 수정하기 위해서는 탭한 상태에서 잠시 기다리세요."},{"$i":"tutorial-notifications-v2-tiny","$v":"Swipe down to access recent notifications, usage information and settings."},{"$i":"tutorial-sheets-tiny","$v":"가장 최근에 사용한 앱으로 돌아가기 위해서 화면 왼쪽으로 부터 드래그 하세요."},{"$i":"tutorial-rocketbar-tiny","$v":"검색을 하거나 웹사이트 방문을 위해서 언제든지 검색 박스를 탭하세요."},{"$i":"tutorial-bookmarks-migration-tiny","$v":"즐겨찾기가 홈스크린으로 이동됐습니다. 수정하려면 즐겨찾기를 탭해서 수정하거나 이름을 변경하세요."},{"$i":"tutorial-app-grouping-tiny","$v":"Tap to expand and collapse app groups. Drag an app into a new space to create a group."},{"$i":"offline-dialog-title","$v":"인터넷에 연결되어 있어야 이 페이지를 볼 수 있습니다."},{"$i":"offline-dialog-text","$v":["뒤로 간 다음 인터넷을 연결하십시오. 설정이나 브라우저에서 ",{"t":"idOrVar","v":"url"},"을 입력해 다시 볼 수도 있습니다."]},{"$i":"OK","$v":"예"},{"$i":"offline-newsletter-dialog-title","$v":"뉴스레터를 받아보려면 인터넷에 연결되어 있어야 합니다."},{"$i":"offline-newsletter-dialog-text","$v":"뒤로 가서 인터넷에 연결하십시오."},{"$i":"invalid-email-dialog-title","$v":"올바르지 않은 이메일"},{"$i":"invalid-email-dialog-text","$v":"뒤로 가서 항목을 고치십시오."},{"$i":"retry","$v":"재시도"},{"$i":"cancel","$v":"취소"},{"$i":"progressbar","$v":[{"t":"idOrVar","v":"total"}," 단계 중 ",{"t":"idOrVar","v":"step"}," 단계"],"ariaLabel":"첫 사용 실행"},{"$i":"weekday-0-long","$v":"일요일"},{"$i":"weekday-1-long","$v":"월요일"},{"$i":"weekday-2-long","$v":"화요일"},{"$i":"weekday-3-long","$v":"수요일"},{"$i":"weekday-4-long","$v":"목요일"},{"$i":"weekday-5-long","$v":"금요일"},{"$i":"weekday-6-long","$v":"토요일"},{"$i":"weekday-0-short","$v":"일"},{"$i":"weekday-1-short","$v":"월"},{"$i":"weekday-2-short","$v":"화"},{"$i":"weekday-3-short","$v":"수"},{"$i":"weekday-4-short","$v":"목"},{"$i":"weekday-5-short","$v":"금"},{"$i":"weekday-6-short","$v":"토"},{"$i":"month-0-long","$v":"1월"},{"$i":"month-1-long","$v":"2월"},{"$i":"month-2-long","$v":"3월"},{"$i":"month-3-long","$v":"4월"},{"$i":"month-4-long","$v":"5월"},{"$i":"month-5-long","$v":"6월"},{"$i":"month-6-long","$v":"7월"},{"$i":"month-7-long","$v":"8월"},{"$i":"month-8-long","$v":"9월"},{"$i":"month-9-long","$v":"10월"},{"$i":"month-10-long","$v":"11월"},{"$i":"month-11-long","$v":"12월"},{"$i":"month-0-genitive","$v":"1월"},{"$i":"month-1-genitive","$v":"2월"},{"$i":"month-2-genitive","$v":"3월"},{"$i":"month-3-genitive","$v":"4월"},{"$i":"month-4-genitive","$v":"5월"},{"$i":"month-5-genitive","$v":"6월"},{"$i":"month-6-genitive","$v":"7월"},{"$i":"month-7-genitive","$v":"8월"},{"$i":"month-8-genitive","$v":"9월"},{"$i":"month-9-genitive","$v":"10월"},{"$i":"month-10-genitive","$v":"11월"},{"$i":"month-11-genitive","$v":"12월"},{"$i":"month-0-short","$v":"1월"},{"$i":"month-1-short","$v":"2월"},{"$i":"month-2-short","$v":"3월"},{"$i":"month-3-short","$v":"4월"},{"$i":"month-4-short","$v":"5월"},{"$i":"month-5-short","$v":"6월"},{"$i":"month-6-short","$v":"7월"},{"$i":"month-7-short","$v":"8월"},{"$i":"month-8-short","$v":"9월"},{"$i":"month-9-short","$v":"10월"},{"$i":"month-10-short","$v":"11월"},{"$i":"month-11-short","$v":"12월"},{"$i":"minutes-ago-long","$v":{"zero":"지금","one":"1분 전","two":[{"t":"idOrVar","v":"value"},"분 전"],"few":[{"t":"idOrVar","v":"value"},"분 전"],"many":[{"t":"idOrVar","v":"value"},"분 전"],"other":[{"t":"idOrVar","v":"value"},"분 전"]},"$x":[{"t":"idOrVar","v":"plural"},"value"]},{"$i":"hours-ago-long","$v":{"zero":"지금","one":"1시간 전","two":[{"t":"idOrVar","v":"value"},"시간 전"],"few":[{"t":"idOrVar","v":"value"},"시간 전"],"many":[{"t":"idOrVar","v":"value"},"시간 전"],"other":[{"t":"idOrVar","v":"value"},"시간 전"]},"$x":[{"t":"idOrVar","v":"plural"},"value"]},{"$i":"days-ago-long","$v":{"zero":"오늘","one":"어제","two":[{"t":"idOrVar","v":"value"},"일 전"],"few":[{"t":"idOrVar","v":"value"},"일 전"],"many":[{"t":"idOrVar","v":"value"},"일 전"],"other":[{"t":"idOrVar","v":"value"},"일 전"]},"$x":[{"t":"idOrVar","v":"plural"},"value"]},{"$i":"weeks-ago-long","$v":{"zero":"이번 주","one":"지난 주","two":[{"t":"idOrVar","v":"value"},"주 전"],"few":[{"t":"idOrVar","v":"value"},"주 전"],"many":[{"t":"idOrVar","v":"value"},"주 전"],"other":[{"t":"idOrVar","v":"value"},"주 전"]},"$x":[{"t":"idOrVar","v":"plural"},"value"]},{"$i":"months-ago-long","$v":{"zero":"이번 달","one":"지난 달","two":[{"t":"idOrVar","v":"value"},"개월 전"],"few":[{"t":"idOrVar","v":"value"},"개월 전"],"many":[{"t":"idOrVar","v":"value"},"개월 전"],"other":[{"t":"idOrVar","v":"value"},"개월 전"]},"$x":[{"t":"idOrVar","v":"plural"},"value"]},{"$i":"years-ago-long","$v":{"zero":"올해","one":"작년","two":[{"t":"idOrVar","v":"value"},"년 전"],"few":[{"t":"idOrVar","v":"value"},"년 전"],"many":[{"t":"idOrVar","v":"value"},"년 전"],"other":[{"t":"idOrVar","v":"value"},"년 전"]},"$x":[{"t":"idOrVar","v":"plural"},"value"]},{"$i":"minutes-until-long","$v":{"zero":"지금","one":"1분 후","two":[{"t":"idOrVar","v":"value"},"분 후"],"few":[{"t":"idOrVar","v":"value"},"분 후"],"many":[{"t":"idOrVar","v":"value"},"분 후"],"other":[{"t":"idOrVar","v":"value"},"분 후"]},"$x":[{"t":"idOrVar","v":"plural"},"value"]},{"$i":"hours-until-long","$v":{"zero":"지금","one":"한 시간 후","two":[{"t":"idOrVar","v":"value"},"시간 후"],"few":[{"t":"idOrVar","v":"value"},"시간 후"],"many":[{"t":"idOrVar","v":"value"},"시간 후"],"other":[{"t":"idOrVar","v":"value"},"시간 후"]},"$x":[{"t":"idOrVar","v":"plural"},"value"]},{"$i":"days-until-long","$v":{"zero":"오늘","one":"내일","two":[{"t":"idOrVar","v":"value"},"일 후"],"few":[{"t":"idOrVar","v":"value"},"일 후"],"many":[{"t":"idOrVar","v":"value"},"일 후"],"other":[{"t":"idOrVar","v":"value"},"일 후"]},"$x":[{"t":"idOrVar","v":"plural"},"value"]},{"$i":"weeks-until-long","$v":{"zero":"이번 주","one":"다음 주","two":[{"t":"idOrVar","v":"value"},"주 후"],"few":[{"t":"idOrVar","v":"value"},"주 후"],"many":[{"t":"idOrVar","v":"value"},"주 후"],"other":[{"t":"idOrVar","v":"value"},"주 후"]},"$x":[{"t":"idOrVar","v":"plural"},"value"]},{"$i":"months-until-long","$v":{"zero":"이번 달","one":"다음 달","two":[{"t":"idOrVar","v":"value"},"개월 후"],"few":[{"t":"idOrVar","v":"value"},"개월 후"],"many":[{"t":"idOrVar","v":"value"},"개월 후"],"other":[{"t":"idOrVar","v":"value"},"개월 후"]},"$x":[{"t":"idOrVar","v":"plural"},"value"]},{"$i":"years-until-long","$v":{"zero":"올해","one":"내년","two":[{"t":"idOrVar","v":"value"},"년 후"],"few":[{"t":"idOrVar","v":"value"},"년 후"],"many":[{"t":"idOrVar","v":"value"},"년 후"],"other":[{"t":"idOrVar","v":"value"},"년 후"]},"$x":[{"t":"idOrVar","v":"plural"},"value"]},{"$i":"minutes-ago-short","$v":{"zero":"지금","other":[{"t":"idOrVar","v":"value"},"분 전"]},"$x":[{"t":"idOrVar","v":"plural"},"value"]},{"$i":"hours-ago-short","$v":{"zero":"지금","other":[{"t":"idOrVar","v":"value"},"시간 전"]},"$x":[{"t":"idOrVar","v":"plural"},"value"]},{"$i":"days-ago-short","$v":{"zero":"오늘","other":[{"t":"idOrVar","v":"value"},"일 전"]},"$x":[{"t":"idOrVar","v":"plural"},"value"]},{"$i":"minutes-until-short","$v":{"zero":"지금","other":[{"t":"idOrVar","v":"value"},"분 후"]},"$x":[{"t":"idOrVar","v":"plural"},"value"]},{"$i":"hours-until-short","$v":{"zero":"지금","other":[{"t":"idOrVar","v":"value"},"시간 후"]},"$x":[{"t":"idOrVar","v":"plural"},"value"]},{"$i":"days-until-short","$v":{"zero":"오늘","other":[{"t":"idOrVar","v":"value"},"일 후"]},"$x":[{"t":"idOrVar","v":"plural"},"value"]},{"$i":"incorrectDate","$v":"(잘못된 날짜)"},{"$i":"dateTimeFormat_%c","$v":"%Y년 %B %e일 %a %I:%M:%S %p"},{"$i":"dateTimeFormat_%x","$v":"%Y/%m/%d"},{"$i":"dateTimeFormat_%X","$v":"%I:%M:%S %p"},{"$i":"shortTimeFormat","$v":"%I:%M %p"},{"$i":"shortTimeFormat12","$v":"%I:%M %p"},{"$i":"shortTimeFormat24","$v":"%H:%M"},{"$i":"shortDateTimeFormat","$v":"%x %I:%M %p"},{"$i":"weekStartsOnMonday","$v":"0"},{"$i":"firstDayOfTheWeek","$v":"0"},{"$i":"time_am","$v":"오전"},{"$i":"time_pm","$v":"오후"},{"$i":"tz-region","$v":"대륙"},{"$i":"tz-city","$v":"도시"},{"$i":"tzRegion-Africa","$v":"아프리카"},{"$i":"tzRegion-America","$v":"아메리카"},{"$i":"tzRegion-Antarctica","$v":"남극"},{"$i":"tzRegion-Asia","$v":"아시아"},{"$i":"tzRegion-Atlantic","$v":"대서양"},{"$i":"tzRegion-Australia","$v":"호주"},{"$i":"tzRegion-Europe","$v":"유럽"},{"$i":"tzRegion-Indian","$v":"인도"},{"$i":"tzRegion-Pacific","$v":"태평양"},{"$i":"close","$v":"닫기"},{"$i":"import","$v":"가져오기"},{"$i":"update","$v":"업데이트"},{"$i":"fbFriends","$v":"Facebook 친구"},{"$i":"live-serviceName","$v":"Windows Live"},{"$i":"gmail-serviceName","$v":"Gmail"},{"$i":"facebook-serviceName","$v":"Facebook 친구"},{"$i":"selectAll","$v":"모두 선택"},{"$i":"deselectAll","$v":"모두 선택 해제"},{"$i":"viewAll","$v":"Facebook 친구 모두 보기"},{"$i":"viewRecommend","$v":"추천하는 친구만 보기"},{"$i":"linkProposal","$v":{"zero":"일치하는 친구가 없습니다. 모두 보기","one":"추천한 친구 한 명 선택","two":"추천한 친구 선택","few":"추천한 친구 선택","many":"추천한 친구 선택","other":"추천한 친구 선택"},"$x":[{"t":"idOrVar","v":"plural"},"numFriends"]},{"$i":"fbFriendsFound","$v":{"zero":"친구를 모두 가져왔습니다.","one":"가져올 수 있는 친구 한 명 찾음","two":["가져올 수 있는 친구 ",{"t":"idOrVar","v":"numFriends"},"명 찾음"],"few":["가져올 수 있는 친구 ",{"t":"idOrVar","v":"numFriends"},"명 찾음"],"many":["가져올 수 있는 친구 ",{"t":"idOrVar","v":"numFriends"},"명 찾음"],"other":["가져올 수 있는 친구 ",{"t":"idOrVar","v":"numFriends"},"명 찾음"]},"$x":[{"t":"idOrVar","v":"plural"},"numFriends"]},{"$i":"fbNoFriends","$v":"가져올 열락처 없음"},{"$i":"search-contact","placeholder":"찾기"},{"$i":"noResults","$v":"연락처로 찾지 못함"},{"$i":"done-search","$v":"완료"},{"$i":"progressFB3ImportTitle","$v":"연락처로 친구 목록 가져오기"},{"$i":"progressFB","$v":[{"t":"idOrVar","v":"current"},"/",{"t":"idOrVar","v":"total"}]},{"$i":"progressFB3UpdateTitle","$v":"연락처에서 친구 목록 업데이트"},{"$i":"message2","$v":"몇 분 정도 걸릴 수 있습니다"},{"$i":"messageLinking","$v":"친구와 연락처를 연결하고 있습니다. 잠시만 기다려 주십시오."},{"$i":"messageCanceling","$v":"처리중인 작업을 취소하고 있는 중입니다. 잠시만 기다려 주십시오."},{"$i":"error1","$v":[{"t":"idOrVar","v":"from"}," 오류"]},{"$i":"error2","$v":"다시 시도하시겠습니까?"},{"$i":"errorProposal","$v":"제안을 계산하는 중"},{"$i":"errorFriends","$v":"친구를 검색하는 중"},{"$i":"errorLinking","$v":"연락처 연결 중"},{"$i":"timeout1","$v":[{"t":"idOrVar","v":"from"}," 제한 시간 초과"]},{"$i":"timeout2","$v":"다시 시도하시겠습니까?"},{"$i":"timeoutProposal","$v":"제안을 계산하는 중"},{"$i":"timeoutFriends","$v":"친구를 검색하는 중"},{"$i":"timeoutLinking","$v":"연락처 연결 중"},{"$i":"wait1","$v":"잠시 기다리십시오"},{"$i":"wait2","$v":"몇 분 정도 걸릴 수 있습니다"},{"$i":"waitProposal","$v":"제안을 계산하고 있습니다. 잠시만 기다려 주십시오."},{"$i":"waitFriends","$v":"친구 목록을 받아오기 위해 연결하고 있습니다. 잠시만 기다려 주십시오."},{"$i":"curtainCancel","$v":"취소"},{"$i":"curtainRetry","$v":"다시 시도"},{"$i":"curtainOK","$v":"확인"},{"$i":"connectionLost","$v":"인터넷 연결 안됨"},{"$i":"connectionLostMsg","$v":"친구 사진을 연락처에 추가할 수 없습니다. 계속하시겠습니까?"},{"$i":"yesOption","$v":"확인"},{"$i":"noOption","$v":"취소"},{"$i":"friendsUpdated","$v":{"zero":"업데이트된 친구 없음","one":"친구 한 명 업데이트","two":["친구 ",{"t":"idOrVar","v":"numFriends"},"명 업데이트"],"few":["친구 ",{"t":"idOrVar","v":"numFriends"},"명 업데이트Updated ",{"t":"idOrVar","v":"numFriends"}," friends"],"many":["친구 ",{"t":"idOrVar","v":"numFriends"},"명 업데이트"],"other":["친구 ",{"t":"idOrVar","v":"numFriends"},"명 업데이트"]},"$x":[{"t":"idOrVar","v":"plural"},"numFriends"]},{"$i":"friendsMerged","$v":{"zero":"병합된 친구 없음","one":"친구 한 명 병함됨","two":["친구 ",{"t":"idOrVar","v":"numDups"},"명 병합됨"],"few":["친구 ",{"t":"idOrVar","v":"numDups"},"명 병합됨"],"many":["친구 ",{"t":"idOrVar","v":"numDups"},"명 병합됨"],"other":["친구 ",{"t":"idOrVar","v":"numDups"},"명 병합됨"]},"$x":[{"t":"idOrVar","v":"plural"},"numDups"]},{"$i":"notificationLogin","$v":"Facebook 세션이 유효하지 않습니다. 로그인해 주십시오."},{"$i":"syncError","$v":"친구의 데이터와 동기화하다 오류가 발생함"}]