[{"$i":"brandShortName","$v":"B2G OS"},{"$i":"browserBrandShortName","$v":"Web Browser"},{"$i":"browserBrandFullName","$v":"Mozilla Web Browser"},{"$i":"ringtoneBrandName","$v":"Default"},{"$i":"ringtoneSectionBrandName","$v":"System"},{"$i":"back","$v":"Atgal"},{"$i":"noSimMsg","$v":"Adresatams importuoti turite atrakinti savo SIM kortelę"},{"$i":"noMemoryCardMsg","$v":"Adresatams importuoti turite įdėti atminties kortelę"},{"$i":"importMemoryCard","$v":"Atminties kortelė"},{"$i":"noConnection11","$v":"Draugams ir adresatams importuoti iš „Facebook“ turite prisijungti prie interneto"},{"$i":"emptyAccount","$v":"No friends or contacts found in this account."},{"$i":"simContacts-import","$v":"Adresatų importas"},{"$i":"simContacts-importing","$v":"Importuojami adresatai iš SIM kortelės…"},{"$i":"simContacts-reading","$v":"Skaitoma SIM kortelė…"},{"$i":"simContacts-error","$v":"Adresatų importuoti iš SIM kortelės nepavyko"},{"$i":"simContacts-imported3","$v":{"zero":"SIM kortelėje importuotinų adresatų neaptikta","one":["Importuotas ",{"t":"idOrVar","v":"n"}," adresatas"],"two":["Importuoti ",{"t":"idOrVar","v":"n"}," adresatai"],"few":["Importuoti ",{"t":"idOrVar","v":"n"}," adresatai"],"many":["Importuota ",{"t":"idOrVar","v":"n"}," adresatų"],"other":["Importuota ",{"t":"idOrVar","v":"n"}," adresatų"]},"$x":[{"t":"idOrVar","v":"plural"},"n"]},{"$i":"memoryCardContacts-import","$v":"Adresatų importas iš atminties kortelės"},{"$i":"memoryCardContacts-importing","$v":"Importuojami adresatai iš atminties kortelės…"},{"$i":"memoryCardContacts-reading","$v":"Skaitoma atminties kortelė…"},{"$i":"memoryCardContacts-error","$v":"Adresatų importuoti iš atminties kortelės nepavyko"},{"$i":"memoryCardContacts-imported3","$v":{"zero":"Atminties kortelėje importuotų adresatų neaptikta","one":["Importuotas ",{"t":"idOrVar","v":"n"}," adresatas"],"two":["Importuoti ",{"t":"idOrVar","v":"n"}," adresatai"],"few":["Importuoti ",{"t":"idOrVar","v":"n"}," adresatai"],"many":["Importuota ",{"t":"idOrVar","v":"n"}," adresatų"],"other":["Importuota ",{"t":"idOrVar","v":"n"}," adresatų"]},"$x":[{"t":"idOrVar","v":"plural"},"n"]},{"$i":"genericProgress","$v":[{"t":"idOrVar","v":"current"},"/",{"t":"idOrVar","v":"total"}]},{"$i":"facebook","$v":"Facebook"},{"$i":"facebook-import-msg2","$v":[{"t":"idOrVar","v":"imported"},"/",{"t":"idOrVar","v":"total"}," friends imported"]},{"$i":"contactsMerged","$v":{"zero":"Sulietų besidubliuojančių adresatų nėra","one":["Sulietas ",{"t":"idOrVar","v":"numDups"}," besidubliuojantis adresatas"],"two":["Sulieti ",{"t":"idOrVar","v":"numDups"}," besidubliuojantys adresatai"],"few":["Sulieti ",{"t":"idOrVar","v":"numDups"}," besidubliuojantys adresatai"],"many":["Sulieta ",{"t":"idOrVar","v":"numDups"}," besidubliuojančių adresatų"],"other":["Sulieta ",{"t":"idOrVar","v":"numDups"}," besidubliuojančių adresatų"]},"$x":[{"t":"idOrVar","v":"plural"},"numDups"]},{"$i":"pincode2","$v":"Įveskite PIN kodą"},{"$i":"type_pin","$v":"Įveskite savo PIN kodą"},{"$i":"pincodeLabel","$v":["SIM ",{"t":"idOrVar","v":"n"}," PIN"]},{"$i":"pinValidation","$v":"PIN kodą turi sudaryti 4–8 skaitmenys."},{"$i":"pinError","$v":"PIN kodas neteisingas."},{"$i":"pinAttemptMsg2","$v":{"one":["Jums liko ",{"t":"idOrVar","v":"n"}," bandymas įvesti teisingą kodą. Jeigu suklysite, SIM kortelė užsirakins."],"two":["Jums liko ",{"t":"idOrVar","v":"n"}," bandymai įvesti teisingą kodą. Jeigu jie bus nesėkmingi, SIM kortelė užsirakins."],"few":["Jums liko ",{"t":"idOrVar","v":"n"}," bandymai įvesti teisingą kodą. Jeigu jie bus nesėkmingi, SIM kortelė užsirakins."],"many":["Jums liko ",{"t":"idOrVar","v":"n"}," bandymų įvesti teisingą kodą. Jeigu jie bus nesėkmingi, SIM kortelė užsirakins."],"other":["Jums liko ",{"t":"idOrVar","v":"n"}," bandymų įvesti teisingą kodą. Jeigu jie bus nesėkmingi, SIM kortelė užsirakins."]},"$x":[{"t":"idOrVar","v":"plural"},"n"]},{"$i":"pinLastChanceMsg","$v":"Tai – paskutinė galimybė įvesti teisingą PIN kodą. Jeigu dabar suklysite, norėdami toliau naudotis šia SIM kortele, turėsite įvesti jos PUK kodą."},{"$i":"pukcode","$v":"Įveskite PUK kodą"},{"$i":"pukcodeTitle","$v":["Įveskite SIM ",{"t":"idOrVar","v":"n"}," PUK kodą"]},{"$i":"pukcodeLabel","$v":["SIM ",{"t":"idOrVar","v":"n"}," PUK"]},{"$i":"type_puk","$v":"PUK kodas"},{"$i":"pukValidation","$v":"PUK kodą sudaro lygiai 8 skaitmenys."},{"$i":"pukInfo","$v":"Privalote įvesti šios SIM kortelės PUK kodą. Išsamesnės informacijos apie jį ieškokite kortelės dokumentacijoje arba susisiekę su savo mobiliojo ryšio operatoriumi."},{"$i":"pukError","$v":"PUK kodas neteisingas."},{"$i":"pukAttemptMsg2","$v":{"one":["Jums liko ",{"t":"idOrVar","v":"n"}," bandymas įvesti teisingą kodą. Jeigu suklysite, SIM kortelė užsiblokuos visam laikui. Daugiau informacijos ieškokite kortelės dokumentacijoje arba teiraukitės savo mobiliojo ryšio operatoriaus."],"two":["Jums liko ",{"t":"idOrVar","v":"n"}," bandymai įvesti teisingą kodą. Jeigu jie bus nesėkmingi, SIM kortelė užsiblokuos visam laikui. Daugiau informacijos ieškokite kortelės dokumentacijoje arba teiraukitės savo mobiliojo ryšio operatoriaus."],"few":["Jums liko ",{"t":"idOrVar","v":"n"}," bandymai įvesti teisingą kodą. Jeigu jie bus nesėkmingi, SIM kortelė užsiblokuos visam laikui. Daugiau informacijos ieškokite kortelės dokumentacijoje arba teiraukitės savo mobiliojo ryšio operatoriaus.."],"many":["Jums liko ",{"t":"idOrVar","v":"n"}," bandymų įvesti teisingą kodą. Jeigu jie bus nesėkmingi, SIM kortelė užsiblokuos visam laikui. Daugiau informacijos ieškokite kortelės dokumentacijoje arba teiraukitės savo mobiliojo ryšio operatoriaus."],"other":["Jums liko ",{"t":"idOrVar","v":"n"}," bandymų įvesti teisingą kodą. Jeigu jie bus nesėkmingi, SIM kortelė užsiblokuos visam laikui. Daugiau informacijos ieškokite kortelės dokumentacijoje arba teiraukitės savo mobiliojo ryšio operatoriaus."]},"$x":[{"t":"idOrVar","v":"plural"},"n"]},{"$i":"pukLastChanceMsg","$v":"Tai – paskutinė galimybė įvesti teisingą PUK kodą. Jeigu dabar suklysite, jūsų SIM kortelė negrįžtamai užsiblokuos. Daugiau informacijos apie PUK kodą ieškokite kortelės dokumentacijoje arba susisiekę su savo mobiliojo ryšio operatoriumi."},{"$i":"create_newpin","$v":"Įveskite naująjį PIN kodą (4–8 skaitmenis)"},{"$i":"confirm_newpin","$v":"Pakartokite naująjį PIN kodą"},{"$i":"newpinConfirmation","$v":"Įvesti PIN kodai nesutampa"},{"$i":"nckcode","$v":"Įveskite NCK kodą"},{"$i":"cckcode","$v":"Įveskite CCK kodą"},{"$i":"spckcode","$v":"Įveskite SPCK kodą"},{"$i":"nck1code","$v":"Įveskite NCK1 kodą"},{"$i":"nck2code","$v":"Įveskite NCK2 kodą"},{"$i":"hnckcode","$v":"Įveskite HNCK kodą"},{"$i":"rcckcode","$v":"Įveskite RCCK kodą"},{"$i":"rspckcode","$v":"Įveskite RSPCK kodą"},{"$i":"nckcodeTitle","$v":["Įveskite SIM ",{"t":"idOrVar","v":"n"}," NCK kodą"]},{"$i":"cckcodeTitle","$v":["Įveskite SIM ",{"t":"idOrVar","v":"n"}," CCK kodą"]},{"$i":"spckcodeTitle","$v":["Įveskite SIM ",{"t":"idOrVar","v":"n"}," SPCK kodą"]},{"$i":"nck1codeTitle","$v":["Įveskite SIM ",{"t":"idOrVar","v":"n"}," NCK1 kodą"]},{"$i":"nck2codeTitle","$v":["Įveskite SIM ",{"t":"idOrVar","v":"n"}," NCK2 kodą"]},{"$i":"hnckcodeTitle","$v":["Įveskite SIM ",{"t":"idOrVar","v":"n"}," HNCK kodą"]},{"$i":"rcckcodeTitle","$v":["Įveskite SIM ",{"t":"idOrVar","v":"n"}," RCCK kodą"]},{"$i":"rspckcodeTitle","$v":["Įveskite SIM ",{"t":"idOrVar","v":"n"}," RSPCK kodą"]},{"$i":"nckcodeLabel","$v":["SIM ",{"t":"idOrVar","v":"n"}," NCK"]},{"$i":"cckcodeLabel","$v":["SIM ",{"t":"idOrVar","v":"n"}," CCK"]},{"$i":"spckcodeLabel","$v":["SIM ",{"t":"idOrVar","v":"n"}," SPCK"]},{"$i":"nck1codeLabel","$v":["SIM ",{"t":"idOrVar","v":"n"}," NCK1"]},{"$i":"nck2codeLabel","$v":["SIM ",{"t":"idOrVar","v":"n"}," NCK2"]},{"$i":"hnckcodeLabel","$v":["SIM ",{"t":"idOrVar","v":"n"}," HNCK"]},{"$i":"rcckcodeLabel","$v":["SIM ",{"t":"idOrVar","v":"n"}," RCCK"]},{"$i":"rspckcodeLabel","$v":["SIM ",{"t":"idOrVar","v":"n"}," RSPCK"]},{"$i":"type_nck","$v":"Įveskite savo NCK kodą"},{"$i":"type_cck","$v":"Įveskite savo CCK kodą"},{"$i":"type_spck","$v":"Įveskite savo SPCK kodą"},{"$i":"type_nck1","$v":"Įveskite savo NCK1 kodą"},{"$i":"type_nck2","$v":"Įveskite savo NCK2 kodą"},{"$i":"type_hnck","$v":"Įveskite savo HNCK kodą"},{"$i":"type_rcck","$v":"Įveskite savo RCCK kodą"},{"$i":"type_rspck","$v":"Įveskite savo RSPCK kodą"},{"$i":"nckValidation","$v":"NCK kodą turi sudaryti 8–16 simbolių."},{"$i":"cckValidation","$v":"CCK kodą turi sudaryti 8–16 simbolių."},{"$i":"spckValidation","$v":"SPCK kodą turi sudaryti 8–16 simbolių."},{"$i":"nck1Validation","$v":"NCK1 kodą turi sudaryti 8–16 simbolių."},{"$i":"nck2Validation","$v":"NCK2 kodą turi sudaryti 8–16 simbolių."},{"$i":"hnckValidation","$v":"HNCK kodą turi sudaryti 8–16 simbolių."},{"$i":"rcckValidation","$v":"RCCK kodą turi sudaryti 8–16 simbolių."},{"$i":"rspckValidation","$v":"RSPCK kodą turi sudaryti 8–16 simbolių."},{"$i":"nckErrorMsg","$v":"NCK kodas neteisingas."},{"$i":"nckAttemptMsg2","$v":{"one":["Įrenginio „atrišti“ nuo tinklo nepavyko. Jums liko ",{"t":"idOrVar","v":"n"}," bandymas įvesti teisingą NCK kodą. Daugiau informacijos apie šį kodą ieškokite įrenginio dokumentacijoje arba teiraukitės savo mobiliojo ryšio operatoriaus."],"two":["Įrenginio „atrišti“ nuo tinklo nepavyko. Jums liko ",{"t":"idOrVar","v":"n"}," bandymai įvesti teisingą NCK kodą. Daugiau informacijos apie šį kodą ieškokite įrenginio dokumentacijoje arba teiraukitės savo mobiliojo ryšio operatoriaus."],"few":["Įrenginio „atrišti“ nuo tinklo nepavyko. Jums liko ",{"t":"idOrVar","v":"n"}," bandymai įvesti teisingą NCK kodą. Daugiau informacijos apie šį kodą ieškokite įrenginio dokumentacijoje arba teiraukitės savo mobiliojo ryšio operatoriaus."],"many":["Įrenginio „atrišti“ nuo tinklo nepavyko. Jums liko ",{"t":"idOrVar","v":"n"}," bandymų įvesti teisingą NCK kodą. Daugiau informacijos apie šį kodą ieškokite įrenginio dokumentacijoje arba teiraukitės savo mobiliojo ryšio operatoriaus."],"other":["Įrenginio „atrišti“ nuo tinklo nepavyko. Jums liko ",{"t":"idOrVar","v":"n"}," bandymų įvesti teisingą NCK kodą. Daugiau informacijos apie šį kodą ieškokite įrenginio dokumentacijoje arba teiraukitės savo mobiliojo ryšio operatoriaus."]},"$x":[{"t":"idOrVar","v":"plural"},"n"]},{"$i":"nckLastChanceMsg","$v":"Įrenginio „atrišti“ nuo tinklo nepavyko. Jums liko paskutinis bandymas įvesti teisingą NCK kodą. Daugiau informacijos apie šį kodą ieškokite įrenginio dokumentacijoje arba teiraukitės savo mobiliojo ryšio operatoriaus."},{"$i":"skip","$v":"Praleisti"},{"$i":"send","$v":"Siųsti"},{"$i":"ok","$v":"Gerai"},{"$i":"simLocked","$v":"SIM kortelė užrakinta"},{"$i":"inputCodeRetriesLeft","$v":{"one":"Paskutinis bandymas.","two":["Liko ",{"t":"idOrVar","v":"n"}," bandymai."],"few":["Liko ",{"t":"idOrVar","v":"n"}," bandymai."],"many":["Liko ",{"t":"idOrVar","v":"n"}," bandymų."],"other":["Liko ",{"t":"idOrVar","v":"n"}," bandymų."]},"$x":[{"t":"idOrVar","v":"plural"},"n"]},{"$i":"simManager","$v":"SIM tvarkytuvė"},{"$i":"simDetail","$v":["SIM ",{"t":"idOrVar","v":"n"}]},{"$i":"simDefault","$v":"(numatytoji)"},{"$i":"simDefaultMessage","$v":"Išeinantiems skambučiams, siunčiamoms žinutėms ir duomenims siųsti numatytuoju atveju naudojama SIM 1 kortelė"},{"$i":"simSettingsMessage","$v":"Numatytąsias nuostatas galite keisti Nuostatose esančioje SIM tvarkytuvėje"},{"$i":"simPinLocked","$v":"SIM PIN užrakintas"},{"$i":"noOperator","$v":"Operatoriaus nėra"},{"$i":"searchingOperator","$v":"Searching"},{"$i":"language","$v":"Kalba"},{"$i":"3g","$v":"Mobilieji duomenys"},{"$i":"dataConnection","$v":"Įjungti duomenų ryšį"},{"$i":"dataConnectionInfo","$v":"Įjungus duomenų ryšį, telefono konfigūravimą bus galima užbaigti be belaidžio tinklo prieigos. Duomenų ryšį galite įjungti ir vėliau nuostatose. Tik nepamirškite pasirūpinti atitinkamu duomenų planu, kad išvengtumėte skausmingų sąskaitų."},{"$i":"caution","$v":"Įspėjimas"},{"$i":"geolocation","$v":"Geololokavimas"},{"$i":"geolocationCheckbox","$v":"Įgalinti geolokavimą"},{"$i":"geolocationInfo2","$v":["„",{"t":"idOrVar","v":"brandShortName"},"“ jūsų buvimo vietai nustatyti naudoja duomenis, tokius, kaip GPS signalas ir pasiekiamų belaidžių bei mobiliojo ryšio tinklų sąrašas."]},{"$i":"geolocationInfoMore","$v":"Šie duomenys siunčiami „Mozillai“ ir kitiems paslaugų teikėjams ir, agregavus, yra naudojami geografinių vietų duomenų bazėms tobulinti. Šie duomenys gali būti saugomi jūsų įrenginyje ir kaupiami net tada, kai nėra paleistos jokios juos naudojančios programos."},{"$i":"notice","$v":"Pastaba"},{"$i":"aboutYourPrivacy","$v":"Išsamiau apie jūsų privatumą"},{"$i":"scanningNetworks","$v":"Ieškoma tinklų"},{"$i":"selectNetwork","$v":"Išsirinkite tinklą"},{"$i":"shortStatus-connecting","$v":"Jungiamasi…"},{"$i":"shortStatus-associated","$v":"Gaunamas IP adresas…"},{"$i":"shortStatus-connected","$v":"Prisijungta"},{"$i":"shortStatus-connectingfailed","$v":"Prisijungti nepavyko"},{"$i":"shortStatus-disconnected","$v":"Neprisijungta"},{"$i":"securedBy","$v":["apsaugotas naudojant ",{"t":"idOrVar","v":"capabilities"}]},{"$i":"security","$v":"Sauga"},{"$i":"securityNone","$v":"Jokios"},{"$i":"securityWEP","$v":"WEP"},{"$i":"securityWPA-PSK","$v":"WPA-PSK"},{"$i":"securityWPA-EAP","$v":"WPA-EAP"},{"$i":"securityOpen","$v":"Open","ariaLabel":"Security"},{"$i":"identity","$v":"Abonento vardas"},{"$i":"identityInput","placeholder":"Abonento vardas"},{"$i":"password","$v":"Slaptažodis"},{"$i":"passwordInput","placeholder":"Slaptažodis"},{"$i":"showPassword","$v":"Rodyti slaptažodį"},{"$i":"refresh","$v":"Atnaujinti"},{"$i":"noWifiFound3","$v":"Belaidžių tinklų neaptikta"},{"$i":"join-hidden-button","$v":"Jungtis prie paslėpto tinklo"},{"$i":"authentication","$v":"Autentikavimas"},{"$i":"ssid-name","$v":"Tinklo vardas (SSID)"},{"$i":"wifiLevel","ariaLabel":[{"t":"idOrVar","v":"level"}," of 4 bars"]},{"$i":"networksList","ariaLabel":"Networks found"},{"$i":"dateAndTime","$v":"Data ir laikas"},{"$i":"timezoneTitle","$v":["UTC",{"t":"idOrVar","v":"utcOffset"}," ",{"t":"idOrVar","v":"region"},"/",{"t":"idOrVar","v":"city"}]},{"$i":"timeZone","$v":"Laiko juosta"},{"$i":"change","$v":"Keisti"},{"$i":"region","ariaLabel":"Regionas"},{"$i":"city","ariaLabel":"Miestas"},{"$i":"date","ariaLabel":"Data"},{"$i":"time","ariaLabel":"Laikas"},{"$i":"importContacts3","$v":"Adresatų importas"},{"$i":"importSim2","$v":"SIM kortelė"},{"$i":"importFb2","$v":"Facebook"},{"$i":"importOutlook","$v":"Outlook"},{"$i":"importGmail","$v":"Gmail"},{"$i":"fb-checking","$v":"… tikrinama"},{"$i":"notImportedYet","$v":"Dar neimportuoti"},{"$i":"otherAccount","$v":"Kitos paskyros"},{"$i":"afterFbImport","$v":"„Facebook“ draugus importuoti ir redaguoti galėsite bet kada, pasinaudoję adresinės nuostatomis"},{"$i":"firefox-accounts","$v":"„Firefox“ paskyros"},{"$i":"fxa-upsell","innerHTML":"Naudodamiesi „Firefox“ paskyra, galėsite lengviau rasti pamestą telefoną ir įsigyti programų iš „Firefox“ krautuvės."},{"$i":"fxa-create-account-or-sign-in","$v":"Susikurkite paskyrą arba prisijunkite"},{"$i":"fxa-email-sent","$v":["Adresu ",{"t":"idOrVar","v":"email"}," išsiųstas patvirtinimo saitas"]},{"$i":"fxa-signed-in","$v":["Prisijungta kaip ",{"t":"idOrVar","v":"email"}]},{"$i":"about-your-rights-0","$v":["„",{"t":"idOrVar","v":"brandShortName"},"“ yra laisvoji atvirojo kodo programinė įranga, kuriama bendruomenės, apimančios tūkstančius žmonių iš viso pasaulio. Keletas dalykų, kuriuos turėtumėte žinoti:"]},{"$i":"about-your-rights-1","$v":["Jums leidžiama naudotis „",{"t":"idOrVar","v":"brandShortName"},"“, vadovaujantis keletu atvirojo kodo licencijų, viena kurių – „Mozillos“ viešoji licencija („Mozilla Public License“). Įrenginyje, kuriame veikia „",{"t":"idOrVar","v":"brandShortName"},"“, gali būti įdiegtos ir ne atvirojo kodo trečiųjų šalių programinės įrangos. Atvirojo kodo licencijos leidžia pirminius programų, kurioms atitinkamos licencijos taikomos, tekstus keisti ir tokias pakeistas versijas platinti, kol tenkinami ir kiti tose licencijose apibrėžti reikalavimai."]},{"$i":"about-your-rights-2","$v":["Jums nesuteikiamos jokios licencijos ar teisės į „Mozilla Foundation“ ar kitų šalių prekės ženklus, tarp jų – į „",{"t":"idOrVar","v":"brandShortName"},"“ vardą ar logotipą."]},{"$i":"about-your-rights-3","$v":["Kai kurios „",{"t":"idOrVar","v":"brandShortName"},"“ savybės, pavyzdžiui, strigčių pranešiklis, suteikia galimybę siųsti atsiliepimus „Mozillai“. Siųsdami atsiliepimus, jūs suteikiate „Mozillai“ teisę jais naudotis savo kuriamų produktų tobulinimo tikslais, skelbti juos savo svetainėse ir platinti juos kitais būdais."]},{"$i":"about-other","$v":"Kitkas"},{"$i":"SIM_mandatory","$v":"Įspėjimas dėl SIM kortelės"},{"$i":"SIM_mandatory_warm","$v":"Įdėkite SIM kortelę ir įjunkite telefoną iš naujo."},{"$i":"telemetry-sends2","$v":["Telemetrijos būdu „Mozillai“ galima siųsti duomenis apie šio „",{"t":"idOrVar","v":"brandShortName"},"“ įrenginio našumą, aparatinę įrangą, konfigūraciją, individualizuotas nuostatas ir naudojamas programas. Šiais duomenimis mes naudojamės, tobulindami savo produktus."]},{"$i":"learn-more-telemetry2","innerHTML":["Learn more at <a href=\"",{"t":"idOrVar","v":"href"},"\" class=\"",{"t":"idOrVar","v":"className"},"\">",{"t":"idOrVar","v":"textContent"},"</a>"]},{"$i":"learn-more-information2","innerHTML":["Learn how Mozilla handles your information at <a href=\"",{"t":"idOrVar","v":"href"},"\" class=\"",{"t":"idOrVar","v":"className"},"\">",{"t":"idOrVar","v":"textContent"},"</a>"]},{"$i":"htmlWelcome2","innerHTML":["Welcome to <a href=\"",{"t":"idOrVar","v":"href"},"\" class=\"",{"t":"idOrVar","v":"className"},"\">",{"t":"idOrVar","v":"textContent"},"</a>, the free and open source operating system from Mozilla. Our mission is to promote openness, innovation and opportunity by keeping the power of the Web in your hands."]},{"$i":"htmlWelcome-link","$v":[{"t":"idOrVar","v":"brandShortName"}]},{"$i":"helpImprove2","innerHTML":["You can help us improve our products and services by automatically sending analytics data. See our <a href=\"",{"t":"idOrVar","v":"href"},"\" class=\"",{"t":"idOrVar","v":"className"},"\">",{"t":"idOrVar","v":"textContent"},"</a> to learn how we handle data from your device."]},{"$i":"helpImprove-link","$v":"Privatumo nuostatuose"},{"$i":"learn-more-privacy2","innerHTML":["Learn how Mozilla handles your information in our <a href=\"",{"t":"idOrVar","v":"href"},"\" class=\"",{"t":"idOrVar","v":"className"},"\">",{"t":"idOrVar","v":"textContent"},"</a>."]},{"$i":"learn-more-privacy-link","$v":"privatumo nuostatuose"},{"$i":"aboutBrowser","$v":["Apie „",{"t":"idOrVar","v":"brandShortName"},"“"]},{"$i":"aboutYourPrivacy2","$v":"Jūsų privatumas"},{"$i":"mozillaCommunity2","$v":["Naudodamiesi „",{"t":"idOrVar","v":"brandShortName"},"“, jūs tampate dalimi pasaulinės bendruomenės, bendromis jėgomis kuriančios šviesią saityno ateitį. Jeigu norite daugiau sužinoti apie „Mozillos“ bendruomenę, kitus mūsų produktus ar netoliese vyksiančius renginius, žemiau įveskite savo elektroninio pašto adresą."]},{"$i":"sharePerformanceAndUsageData2","$v":"Taip! Siųsti duomenis."},{"$i":"emailAddress","placeholder":"El. pašto adresas"},{"$i":"email-successfully-added","$v":"El. pašto adresas sėkmingai pridėtas"},{"$i":"email-loading","$v":"Įrašomas jūsų el. pašto adresas…"},{"$i":"privacy-b2g","$v":[{"t":"idOrVar","v":"brandShortName"}],"title":[{"t":"idOrVar","v":"brandShortName"}]},{"$i":"privacy-marketplace","$v":"Krautuvė","title":[{"t":"idOrVar","v":"privacy-marketplace"}]},{"$i":"privacy-eme","$v":"EverythingMe"},{"$i":"privacy-e-me","title":[{"t":"idOrVar","v":"privacy-e-me"}]},{"$i":"navbar-back","$v":"Atgal"},{"$i":"navbar-next","$v":"Toliau"},{"$i":"navbar-join","$v":"Jungtis"},{"$i":"done","$v":"Baigta"},{"$i":"thatsIt","$v":"Štai ir viskas!"},{"$i":"startYourPhone","$v":"Susipažinkite su savo telefonu!"},{"$i":"startYourTablet","$v":"Susipažinkite su savo planšete!"},{"$i":"joinTutorial","$v":"Kviečiame pažiūrėti trumpą jūsų naujojo telefono pristatymą."},{"$i":"joinTutorialUpdated","$v":"Kviečiame pažiūrėti trumpą naujovių jūsų telefone pristatymą!"},{"$i":"enjoyYourPhone","$v":"Dabar galite mėgautis savo naujuoju telefonu."},{"$i":"enjoyYourPhoneUpdated","$v":"Dabar galite mėgautis savo atnaujintu telefonu."},{"$i":"optionsAvailable","$v":"Kalbą, datą, naudojamą belaidį tinklą ir kitką galite keisti Nuostatose."},{"$i":"letsGo","$v":"Pirmyn"},{"$i":"startTour","$v":"Pradėti"},{"$i":"thatsIt1Tablet-2","$v":"Į pradžios ekraną bet kada galite patekti, brūkštelėję pirštu nuo apatinio ekrano krašto."},{"$i":"thatsIt2Tablet-2","$v":"Pabandykime!"},{"$i":"tutorial","$v":"Pristatymas"},{"$i":"tutorial-step1-large-3","$v":"Swipe down to access recent notifications, usage information and settings."},{"$i":"tutorial-step2-large-2","$v":"Brūkštelėkite kairėn arba dešinėn naujoms programoms pamatyti ar Pradžios ekranui pasiekti."},{"$i":"tutorial-step3-large-2","$v":"Palieskite piktogramą ir palaikykite ją nuspaustą, jeigu norite ją perkelti ar pašalinti."},{"$i":"tutorial-step4-large-2","$v":"Brūkštelėkite dviem pirštais iš apatinio ekrano krašto, kad įsijungtų kortelių rodinys."},{"$i":"tutorial-vertical-scroll-v2-tiny","$v":"Braukite vertikaliai įdiegtoms programoms ir saitams peržiūrėti. Nuspaudę ir palaikę piktogramą, galėsite ją pašalinti, perkelti ar taisyti."},{"$i":"tutorial-notifications-v2-tiny","$v":"Swipe down to access recent notifications, usage information and settings."},{"$i":"tutorial-sheets-tiny","$v":"Brūkštelėkite nuo kairiojo ekrano krašto grįžimui į paskiausių programų sąrašą."},{"$i":"tutorial-rocketbar-tiny","$v":"Kur bebūtumėte, galite bakstelėti paieškos lauką ir pradėti paiešką arba keliauti į norimą svetainę."},{"$i":"tutorial-bookmarks-migration-tiny","$v":"Jūsų adresyno įrašai perkelti į Pradžios ekraną. Pradžios ekrano taisoje galite bakstelėti saitą, jei norite jį taisyti ar pervardinti."},{"$i":"tutorial-app-grouping-tiny","$v":"Tap to expand and collapse app groups. Drag an app into a new space to create a group."},{"$i":"offline-dialog-title","$v":"Šiam tinklalapiui peržiūrėti turite prisijungti prie interneto."},{"$i":"offline-dialog-text","$v":["Grįžkite atgal ir prisijunkite prie interneto. Šį tinklalapį taip pat galėsite peržiūrėti ir vėliau, nuėję į nuostatas, arba bet kurioje naršyklėje įvedę adresą ",{"t":"idOrVar","v":"url"},"."]},{"$i":"OK","$v":"Gerai"},{"$i":"offline-newsletter-dialog-title","$v":"Naujienlaiškiui prenumeruoti turite prisijungti prie interneto."},{"$i":"offline-newsletter-dialog-text","$v":"Grįžkite atgal ir prisijunkite prie interneto."},{"$i":"invalid-email-dialog-title","$v":"Pateiktas el. pašto adresas neteisingas"},{"$i":"invalid-email-dialog-text","$v":"Grįžkite atgal ir pataisykite jį."},{"$i":"retry","$v":"Bandyti dar kartą"},{"$i":"cancel","$v":"Atsisakyti"},{"$i":"progressbar","$v":[{"t":"idOrVar","v":"step"}," žingsnis iš ",{"t":"idOrVar","v":"total"}],"ariaLabel":"Pirmosios paleisties pristatymas"},{"$i":"weekday-0-long","$v":"Sekmadienis"},{"$i":"weekday-1-long","$v":"Pirmadienis"},{"$i":"weekday-2-long","$v":"Antradienis"},{"$i":"weekday-3-long","$v":"Trečiadienis"},{"$i":"weekday-4-long","$v":"Ketvirtadienis"},{"$i":"weekday-5-long","$v":"Penktadienis"},{"$i":"weekday-6-long","$v":"Šeštadienis"},{"$i":"weekday-0-short","$v":"Sk"},{"$i":"weekday-1-short","$v":"Pr"},{"$i":"weekday-2-short","$v":"An"},{"$i":"weekday-3-short","$v":"Tr"},{"$i":"weekday-4-short","$v":"Kt"},{"$i":"weekday-5-short","$v":"Pn"},{"$i":"weekday-6-short","$v":"Št"},{"$i":"month-0-long","$v":"sausis"},{"$i":"month-1-long","$v":"vasaris"},{"$i":"month-2-long","$v":"kovas"},{"$i":"month-3-long","$v":"balandis"},{"$i":"month-4-long","$v":"gegužė"},{"$i":"month-5-long","$v":"birželis"},{"$i":"month-6-long","$v":"liepa"},{"$i":"month-7-long","$v":"rugpjūtis"},{"$i":"month-8-long","$v":"rugsėjis"},{"$i":"month-9-long","$v":"spalis"},{"$i":"month-10-long","$v":"lapkritis"},{"$i":"month-11-long","$v":"gruodis"},{"$i":"month-0-genitive","$v":"sausio"},{"$i":"month-1-genitive","$v":"vasario"},{"$i":"month-2-genitive","$v":"kovo"},{"$i":"month-3-genitive","$v":"balandžio"},{"$i":"month-4-genitive","$v":"gegužės"},{"$i":"month-5-genitive","$v":"birželio"},{"$i":"month-6-genitive","$v":"liepos"},{"$i":"month-7-genitive","$v":"rugpjūčio"},{"$i":"month-8-genitive","$v":"rugsėjo"},{"$i":"month-9-genitive","$v":"spalio"},{"$i":"month-10-genitive","$v":"lapkričio"},{"$i":"month-11-genitive","$v":"gruodžio"},{"$i":"month-0-short","$v":"Sau"},{"$i":"month-1-short","$v":"Vas"},{"$i":"month-2-short","$v":"Kov"},{"$i":"month-3-short","$v":"Bal"},{"$i":"month-4-short","$v":"Geg"},{"$i":"month-5-short","$v":"Bir"},{"$i":"month-6-short","$v":"Lie"},{"$i":"month-7-short","$v":"Rgp"},{"$i":"month-8-short","$v":"Rgs"},{"$i":"month-9-short","$v":"Spa"},{"$i":"month-10-short","$v":"Lap"},{"$i":"month-11-short","$v":"Grd"},{"$i":"minutes-ago-long","$v":{"zero":"ką tik","one":["prieš ",{"t":"idOrVar","v":"value"}," minutę"],"two":["prieš ",{"t":"idOrVar","v":"value"}," minutes"],"few":["prieš ",{"t":"idOrVar","v":"value"}," minutes"],"many":["prieš ",{"t":"idOrVar","v":"value"}," minučių"],"other":["prieš ",{"t":"idOrVar","v":"value"}," minučių"]},"$x":[{"t":"idOrVar","v":"plural"},"value"]},{"$i":"hours-ago-long","$v":{"zero":"ką tik","one":["prieš ",{"t":"idOrVar","v":"value"}," valandą"],"two":["prieš ",{"t":"idOrVar","v":"value"}," valandas"],"few":["prieš ",{"t":"idOrVar","v":"value"}," valandas"],"many":["prieš ",{"t":"idOrVar","v":"value"}," valandų"],"other":["prieš ",{"t":"idOrVar","v":"value"}," valandų"]},"$x":[{"t":"idOrVar","v":"plural"},"value"]},{"$i":"days-ago-long","$v":{"zero":"šiandien","one":"vakar","two":["prieš ",{"t":"idOrVar","v":"value"}," dienas"],"few":["prieš ",{"t":"idOrVar","v":"value"}," dienas"],"many":["prieš ",{"t":"idOrVar","v":"value"}," dienų"],"other":["prieš ",{"t":"idOrVar","v":"value"}," dienų"]},"$x":[{"t":"idOrVar","v":"plural"},"value"]},{"$i":"weeks-ago-long","$v":{"zero":"šią savaitę","one":"praėjusią savaitę","two":["prieš ",{"t":"idOrVar","v":"value"}," savaites"],"few":["prieš ",{"t":"idOrVar","v":"value"}," savaites"],"many":["prieš ",{"t":"idOrVar","v":"value"}," savaičių"],"other":["prieš ",{"t":"idOrVar","v":"value"}," savaičių"]},"$x":[{"t":"idOrVar","v":"plural"},"value"]},{"$i":"months-ago-long","$v":{"zero":"šį mėnesį","one":"praėjusį mėnesį","two":["prieš ",{"t":"idOrVar","v":"value"}," mėnesius"],"few":["prieš ",{"t":"idOrVar","v":"value"}," mėnesius"],"many":["prieš ",{"t":"idOrVar","v":"value"}," mėnesių"],"other":["prieš ",{"t":"idOrVar","v":"value"}," mėnesių"]},"$x":[{"t":"idOrVar","v":"plural"},"value"]},{"$i":"years-ago-long","$v":{"zero":"šiemet","one":["prieš ",{"t":"idOrVar","v":"value"}," metus"],"two":["prieš ",{"t":"idOrVar","v":"value"}," metus"],"few":["prieš ",{"t":"idOrVar","v":"value"}," metus"],"many":["prieš ",{"t":"idOrVar","v":"value"}," metų"],"other":["prieš ",{"t":"idOrVar","v":"value"}," metų"]},"$x":[{"t":"idOrVar","v":"plural"},"value"]},{"$i":"minutes-until-long","$v":{"zero":"dabar","one":["už ",{"t":"idOrVar","v":"value"}," minutės"],"two":["už ",{"t":"idOrVar","v":"value"}," minučių"],"few":["už ",{"t":"idOrVar","v":"value"}," minučių"],"many":["už ",{"t":"idOrVar","v":"value"}," minučių"],"other":["už ",{"t":"idOrVar","v":"value"}," minučių"]},"$x":[{"t":"idOrVar","v":"plural"},"value"]},{"$i":"hours-until-long","$v":{"zero":"dabar","one":["už ",{"t":"idOrVar","v":"value"}," valandos"],"two":["už ",{"t":"idOrVar","v":"value"}," valandų"],"few":["už ",{"t":"idOrVar","v":"value"}," valandų"],"many":["už ",{"t":"idOrVar","v":"value"}," valandų"],"other":["už ",{"t":"idOrVar","v":"value"}," valandų"]},"$x":[{"t":"idOrVar","v":"plural"},"value"]},{"$i":"days-until-long","$v":{"zero":"šiandien","one":"rytoj","two":["už ",{"t":"idOrVar","v":"value"}," dienų"],"few":["už ",{"t":"idOrVar","v":"value"}," dienų"],"many":["už ",{"t":"idOrVar","v":"value"}," dienų"],"other":["už ",{"t":"idOrVar","v":"value"}," dienų"]},"$x":[{"t":"idOrVar","v":"plural"},"value"]},{"$i":"weeks-until-long","$v":{"zero":"šią savaitę","one":"kitą savaitę","two":["už ",{"t":"idOrVar","v":"value"}," savaičių"],"few":["už ",{"t":"idOrVar","v":"value"}," savaičių"],"many":["už ",{"t":"idOrVar","v":"value"}," savaičių"],"other":["už ",{"t":"idOrVar","v":"value"}," savaičių"]},"$x":[{"t":"idOrVar","v":"plural"},"value"]},{"$i":"months-until-long","$v":{"zero":"šį mėnesį","one":"kitą mėnesį","two":["už ",{"t":"idOrVar","v":"value"}," mėnesių"],"few":["už ",{"t":"idOrVar","v":"value"}," mėnesių"],"many":["už ",{"t":"idOrVar","v":"value"}," mėnesių"],"other":["už ",{"t":"idOrVar","v":"value"}," mėnesių"]},"$x":[{"t":"idOrVar","v":"plural"},"value"]},{"$i":"years-until-long","$v":{"zero":"šiemet","one":"kitais metais","two":["už ",{"t":"idOrVar","v":"value"}," metų"],"few":["už ",{"t":"idOrVar","v":"value"}," metų"],"many":["už ",{"t":"idOrVar","v":"value"}," metų"],"other":["už ",{"t":"idOrVar","v":"value"}," metų"]},"$x":[{"t":"idOrVar","v":"plural"},"value"]},{"$i":"minutes-ago-short","$v":{"zero":"ką tik","other":["prieš ",{"t":"idOrVar","v":"value"}," min."]},"$x":[{"t":"idOrVar","v":"plural"},"value"]},{"$i":"hours-ago-short","$v":{"zero":"ką tik","other":["prieš ",{"t":"idOrVar","v":"value"}," val."]},"$x":[{"t":"idOrVar","v":"plural"},"value"]},{"$i":"days-ago-short","$v":{"zero":"šiandien","other":["prieš ",{"t":"idOrVar","v":"value"}," d."]},"$x":[{"t":"idOrVar","v":"plural"},"value"]},{"$i":"minutes-until-short","$v":{"zero":"dabar","other":["už ",{"t":"idOrVar","v":"value"}," min."]},"$x":[{"t":"idOrVar","v":"plural"},"value"]},{"$i":"hours-until-short","$v":{"zero":"dabar","other":["už ",{"t":"idOrVar","v":"value"}," val."]},"$x":[{"t":"idOrVar","v":"plural"},"value"]},{"$i":"days-until-short","$v":{"zero":"šiandien","other":["už ",{"t":"idOrVar","v":"value"}," d."]},"$x":[{"t":"idOrVar","v":"plural"},"value"]},{"$i":"incorrectDate","$v":"(negalima data)"},{"$i":"dateTimeFormat_%c","$v":"%Y m. %Eb %e d. %H:%M:%S"},{"$i":"dateTimeFormat_%x","$v":"%Y-%m-%d"},{"$i":"dateTimeFormat_%X","$v":"%H:%M:%S"},{"$i":"shortTimeFormat","$v":"%H:%M"},{"$i":"shortTimeFormat12","$v":"%I:%M %p"},{"$i":"shortTimeFormat24","$v":"%H:%M"},{"$i":"shortDateTimeFormat","$v":"%x %H:%M"},{"$i":"weekStartsOnMonday","$v":"1"},{"$i":"firstDayOfTheWeek","$v":"0"},{"$i":"time_am","$v":"AM"},{"$i":"time_pm","$v":"PM"},{"$i":"tz-region","$v":"Regionas"},{"$i":"tz-city","$v":"Miestas"},{"$i":"tzRegion-Africa","$v":"Afrika"},{"$i":"tzRegion-America","$v":"Amerika"},{"$i":"tzRegion-Antarctica","$v":"Antarktida"},{"$i":"tzRegion-Asia","$v":"Azija"},{"$i":"tzRegion-Atlantic","$v":"Atlanto vandenynas"},{"$i":"tzRegion-Australia","$v":"Australija"},{"$i":"tzRegion-Europe","$v":"Europa"},{"$i":"tzRegion-Indian","$v":"Indijos vandenynas"},{"$i":"tzRegion-Pacific","$v":"Ramusis vandenynas"},{"$i":"close","$v":"Užverti"},{"$i":"import","$v":"Importuoti"},{"$i":"update","$v":"Atnaujinti"},{"$i":"fbFriends","$v":"„Facebook“ draugai"},{"$i":"live-serviceName","$v":"Outlook"},{"$i":"gmail-serviceName","$v":"Gmail"},{"$i":"facebook-serviceName","$v":"FB draugai"},{"$i":"selectAll","$v":"Žymėti visus"},{"$i":"deselectAll","$v":"Nužymėti visus"},{"$i":"viewAll","$v":"Rodyti visus „Facebook“ draugus"},{"$i":"viewRecommend","$v":"Rodyti tik siūlomus"},{"$i":"linkProposal","$v":{"zero":"Filtrą atitinkančių draugų nėra. Rodomi visi","one":"Rinktis siūlomą","two":"Rinktis siūlomą","few":"Rinktis siūlomą","many":"Rinktis siūlomą","other":"Rinktis siūlomą"},"$x":[{"t":"idOrVar","v":"plural"},"numFriends"]},{"$i":"fbFriendsFound","$v":{"zero":"Importuoti visi jūsų draugai","one":["Aptiktas ",{"t":"idOrVar","v":"numFriends"}," importuotinas draugas"],"two":["Aptikti ",{"t":"idOrVar","v":"numFriends"}," importuotini draugai"],"few":["Aptikti ",{"t":"idOrVar","v":"numFriends"}," importuotini draugai"],"many":["Aptikta ",{"t":"idOrVar","v":"numFriends"}," importuotinų draugų"],"other":["Aptikta ",{"t":"idOrVar","v":"numFriends"}," importuotinų draugų"]},"$x":[{"t":"idOrVar","v":"plural"},"numFriends"]},{"$i":"fbNoFriends","$v":"Nėra importuotinų draugų"},{"$i":"search-contact","placeholder":"Ieškoti"},{"$i":"noResults","$v":"Adresatų nerasta"},{"$i":"done-search","$v":"Baigta"},{"$i":"progressFB3ImportTitle","$v":"Į adresinę importuojami draugai"},{"$i":"progressFB","$v":[{"t":"idOrVar","v":"current"}," iš ",{"t":"idOrVar","v":"total"}]},{"$i":"progressFB3UpdateTitle","$v":"Adresinėje atnaujinami draugai"},{"$i":"message2","$v":"Tai gali užtrukti keletą minučių"},{"$i":"messageLinking","$v":"Luktelėkite, kol jūsų draugai bus susieti su adresatais."},{"$i":"messageCanceling","$v":"Luktelėkite, kol bus nutraukta šiuo metu vykdoma operacija."},{"$i":"error1","$v":["Klaida ",{"t":"idOrVar","v":"from"}]},{"$i":"error2","$v":"Ar bandyti dar kartą?"},{"$i":"errorProposal","$v":"apskaičiuojant siūlymus"},{"$i":"errorFriends","$v":"gaunant draugų sąrašą"},{"$i":"errorLinking","$v":"susiejant adresatą"},{"$i":"timeout1","$v":["Viršytas ",{"t":"idOrVar","v":"from"}," skirtas laikas"]},{"$i":"timeout2","$v":"Ar bandyti dar kartą?"},{"$i":"timeoutProposal","$v":"siūlymams apskaičiuoti"},{"$i":"timeoutFriends","$v":"draugų sąrašui gauti"},{"$i":"timeoutLinking","$v":"adresatams susieti"},{"$i":"wait1","$v":"Luktelėkite"},{"$i":"wait2","$v":"Tai gali užtrukti keletą minučių"},{"$i":"waitProposal","$v":"Luktelėkite, kol bus apskaičiuoti pasiūlymai."},{"$i":"waitFriends","$v":"Luktelėkite, kol bus prisijungta ir gautas jūsų draugų sąrašas."},{"$i":"curtainCancel","$v":"Atsisakyti"},{"$i":"curtainRetry","$v":"Bandyti vėl"},{"$i":"curtainOK","$v":"Gerai"},{"$i":"connectionLost","$v":"Nėra ryšio su internetu"},{"$i":"connectionLostMsg","$v":"Draugų nuotraukos nebus įtrauktos į adresinę. Ar vis tiek tęsti?"},{"$i":"yesOption","$v":"Gerai"},{"$i":"noOption","$v":"Atsisakyti"},{"$i":"friendsUpdated","$v":{"zero":"Neatnaujintas nė vienas draugas","one":["Atnaujintas ",{"t":"idOrVar","v":"numFriends"}," draugas"],"two":["Atnaujinti ",{"t":"idOrVar","v":"numFriends"}," draugai"],"few":["Atnaujinti ",{"t":"idOrVar","v":"numFriends"}," draugai"],"many":["Atnaujinta ",{"t":"idOrVar","v":"numFriends"}," draugų"],"other":["Atnaujinta ",{"t":"idOrVar","v":"numFriends"}," draugų"]},"$x":[{"t":"idOrVar","v":"plural"},"numFriends"]},{"$i":"friendsMerged","$v":{"zero":"Sulietų besidubliuojančių draugų nėra","one":["Sulietas ",{"t":"idOrVar","v":"numDups"}," besidubliuojantis draugas"],"two":["Sulieti ",{"t":"idOrVar","v":"numDups"}," besidubliuojantys draugai"],"few":["Sulieti ",{"t":"idOrVar","v":"numDups"}," besidubliuojantys draugai"],"many":["Sulieta ",{"t":"idOrVar","v":"numDups"}," besidubliuojančių draugų"],"other":["Sulieta ",{"t":"idOrVar","v":"numDups"}," besidubliuojančių draugų"]},"$x":[{"t":"idOrVar","v":"plural"},"numDups"]},{"$i":"notificationLogin","$v":"Jūsų ryšio su „Facebook“ seansas negaliojantis. Prisijunkite iš naujo."},{"$i":"syncError","$v":"Sinchronizuojant draugo duomenis, įvyko klaida "}]