[{"$i":"brandShortName","$v":"B2G OS"},{"$i":"browserBrandShortName","$v":"Web Browser"},{"$i":"browserBrandFullName","$v":"Mozilla Web Browser"},{"$i":"ringtoneBrandName","$v":"Default"},{"$i":"ringtoneSectionBrandName","$v":"System"},{"$i":"back","$v":"Undur"},{"$i":"noSimMsg","$v":"Untuk import kenalan selitkan atau buka kunci kad SIM anda"},{"$i":"noMemoryCardMsg","$v":"Untuk import kenalan selitkan kad memori"},{"$i":"importMemoryCard","$v":"Kad Memori"},{"$i":"noConnection11","$v":"Untuk mengimport rakan Facebook atau kenalan sambungkan ke Wi0Fi atau rangkaian data"},{"$i":"emptyAccount","$v":"No friends or contacts found in this account."},{"$i":"simContacts-import","$v":"Import kenalan SIM"},{"$i":"simContacts-importing","$v":"Mengimport kenalan SIM…"},{"$i":"simContacts-reading","$v":"Membaca daripada kad SIM…"},{"$i":"simContacts-error","$v":"Tidak dapat mengimport kenalan daripada SIM"},{"$i":"simContacts-imported3","$v":{"zero":"Tiada kenalan dikesan pada SIM untuk diimport","one":"Satu kenalan diimport","two":[{"t":"idOrVar","v":"n"}," kenalan diimport"],"few":[{"t":"idOrVar","v":"n"}," kenalan diimport"],"many":[{"t":"idOrVar","v":"n"}," kenalan diimport"],"other":[{"t":"idOrVar","v":"n"}," kenalan diimport"]},"$x":[{"t":"idOrVar","v":"plural"},"n"]},{"$i":"memoryCardContacts-import","$v":"Import kenalan daripada kad memori"},{"$i":"memoryCardContacts-importing","$v":"Mengimport kenalan daripada kad memori…"},{"$i":"memoryCardContacts-reading","$v":"Membaca daripada kad memori…"},{"$i":"memoryCardContacts-error","$v":"Tidak dapat mengimport kenalan daripada kad memori"},{"$i":"memoryCardContacts-imported3","$v":{"zero":"Tiada kenalan dikesan pada kad memori untuk diimport","one":"Satu kenalan diimport","two":[{"t":"idOrVar","v":"n"}," kenalan diimport"],"few":[{"t":"idOrVar","v":"n"}," kenalan diimport"],"many":[{"t":"idOrVar","v":"n"}," kenalan diimport"],"other":[{"t":"idOrVar","v":"n"}," kenalan diimport"]},"$x":[{"t":"idOrVar","v":"plural"},"n"]},{"$i":"genericProgress","$v":[{"t":"idOrVar","v":"current"},"/",{"t":"idOrVar","v":"total"}]},{"$i":"facebook","$v":"Facebook"},{"$i":"facebook-import-msg2","$v":[{"t":"idOrVar","v":"imported"},"/",{"t":"idOrVar","v":"total"}," friends imported"]},{"$i":"contactsMerged","$v":{"zero":"Tiada kenalan pendua digabung","one":"Satu kenalan pendua digabung","two":[{"t":"idOrVar","v":"numDups"}," kenalan digabung"],"few":[{"t":"idOrVar","v":"numDups"}," kenalan digabung"],"many":[{"t":"idOrVar","v":"numDups"}," kenalan digabung"],"other":[{"t":"idOrVar","v":"numDups"}," kenalan digabung"]},"$x":[{"t":"idOrVar","v":"plural"},"numDups"]},{"$i":"pincode2","$v":"Masukkan kod PIN"},{"$i":"type_pin","$v":"Taip kod PIN anda"},{"$i":"pincodeLabel","$v":["SIM ",{"t":"idOrVar","v":"n"}," PIN"]},{"$i":"pinValidation","$v":"PIN harus mempunyai antara 4 dan 8 aksara."},{"$i":"pinError","$v":"PIN salah."},{"$i":"pinAttemptMsg2","$v":{"one":"Anda mempunyai satu cubaan berbaki untuk memasukkan kod yang betul sebelum mengunci kad SIM.","two":["Anda mempunyai ",{"t":"idOrVar","v":"n"}," cubaan berbaki untuk memasukkan kod yang betul sebelum mengunci kad SIM."],"few":["Anda mempunyai ",{"t":"idOrVar","v":"n"}," cubaan berbaki untuk memasukkan kod yang betul sebelum mengunci kad SIM."],"many":["Anda mempunyai ",{"t":"idOrVar","v":"n"}," cubaan berbaki untuk memasukkan kod yang betul sebelum mengunci kad SIM."],"other":["Anda mempunyai ",{"t":"idOrVar","v":"n"}," cubaan berbaki untuk memasukkan kod yang betul sebelum mengunci kad SIM."]},"$x":[{"t":"idOrVar","v":"plural"},"n"]},{"$i":"pinLastChanceMsg","$v":"Ini adalah peluang terakhir anda untuk memasukkan PIN yang betul. Jika tidak, anda harus memasukkan kod PUK untuk menggunakan kad SIM ini."},{"$i":"pukcode","$v":"Masukkan kod PUK"},{"$i":"pukcodeTitle","$v":["Masukkan SIM ",{"t":"idOrVar","v":"n"}," PUK"]},{"$i":"pukcodeLabel","$v":["SIM ",{"t":"idOrVar","v":"n"}," PUK"]},{"$i":"type_puk","$v":"Kod PUK"},{"$i":"pukValidation","$v":"Kod PUK mesti mempunyai 8 karakter."},{"$i":"pukInfo","$v":"Anda mestilah memasukkan Kod Kunci Pembuka Peribadi (PUK) untuk kad SIM. Rujuk dokumentasi kad SIM anda atau hubungi operator anda untuk maklumat lanjut."},{"$i":"pukError","$v":"PUK salah."},{"$i":"pukAttemptMsg2","$v":{"one":"Anda mempunyai satu cubaan berbaki untuk memasukkan kod yang betul sebelum kad SIM ini tidak boleh digunakan secara kekal. Rujuk dokumentasi kad SIM anda atau hubungi operator anda untuk maklumat lanjut.","two":["Anda mempunyai ",{"t":"idOrVar","v":"n"}," cubaan berbaki untuk memasukkan kod yang betul sebelum kad SIM ini tidak boleh digunakan secara kekal. Rujuk dokumentasi kad SIM anda atau hubungi operator anda untuk maklumat lanjut."],"few":["Anda mempunyai ",{"t":"idOrVar","v":"n"}," cubaan berbaki untuk memasukkan kod yang betul sebelum kad SIM ini tidak boleh digunakan secara kekal. Rujuk dokumentasi kad SIM anda atau hubungi operator anda untuk maklumat lanjut."],"many":["Anda mempunyai ",{"t":"idOrVar","v":"n"}," cubaan berbaki untuk memasukkan kod yang betul sebelum kad SIM ini tidak boleh digunakan secara kekal. Rujuk dokumentasi kad SIM anda atau hubungi operator anda untuk maklumat lanjut."],"other":["Anda mempunyai ",{"t":"idOrVar","v":"n"}," cubaan berbaki untuk memasukkan kod yang betul sebelum kad SIM ini tidak boleh digunakan secara kekal. Rujuk dokumentasi kad SIM anda atau hubungi operator anda untuk maklumat lanjut."]},"$x":[{"t":"idOrVar","v":"plural"},"n"]},{"$i":"pukLastChanceMsg","$v":"Ini adalah peluang terakhir anda untuk memasukkan kod PUK yang betul. Kad SIM anda akan kekal tidak boleh digunakan jika kod PUK salah."},{"$i":"create_newpin","$v":"Cipta PIN baru (4 hingga 8 digit)"},{"$i":"confirm_newpin","$v":"Sahkan PIN baru"},{"$i":"newpinConfirmation","$v":"PIN tidak padan"},{"$i":"nckcode","$v":"Masukkan kod NCK"},{"$i":"cckcode","$v":"Masukkan kod CCK"},{"$i":"spckcode","$v":"Masukkan kod SPCK"},{"$i":"nck1code","$v":"Masukkan kod NCK1"},{"$i":"nck2code","$v":"Masukkan kod NCK2"},{"$i":"hnckcode","$v":"Masukkan kod HNCK"},{"$i":"rcckcode","$v":"Masukkan kod RCCK"},{"$i":"rspckcode","$v":"Masukkan kod RSPCK"},{"$i":"nckcodeTitle","$v":["Masukkan SIM ",{"t":"idOrVar","v":"n"}," NCK"]},{"$i":"cckcodeTitle","$v":["Masukkan SIM ",{"t":"idOrVar","v":"n"}," CCK"]},{"$i":"spckcodeTitle","$v":["Masukkan SIM ",{"t":"idOrVar","v":"n"}," SPCK"]},{"$i":"nck1codeTitle","$v":["Masukkan SIM ",{"t":"idOrVar","v":"n"}," NCK1"]},{"$i":"nck2codeTitle","$v":["Masukkan SIM ",{"t":"idOrVar","v":"n"}," NCK2"]},{"$i":"hnckcodeTitle","$v":["Masukkan SIM ",{"t":"idOrVar","v":"n"}," HNCK"]},{"$i":"rcckcodeTitle","$v":["Masukkan SIM ",{"t":"idOrVar","v":"n"}," RCCK"]},{"$i":"rspckcodeTitle","$v":["Masukkan SIM ",{"t":"idOrVar","v":"n"}," RSPCK"]},{"$i":"nckcodeLabel","$v":["SIM ",{"t":"idOrVar","v":"n"}," NCK"]},{"$i":"cckcodeLabel","$v":["SIM ",{"t":"idOrVar","v":"n"}," CCK"]},{"$i":"spckcodeLabel","$v":["SIM ",{"t":"idOrVar","v":"n"}," SPCK"]},{"$i":"nck1codeLabel","$v":["SIM ",{"t":"idOrVar","v":"n"}," NCK1"]},{"$i":"nck2codeLabel","$v":["SIM ",{"t":"idOrVar","v":"n"}," NCK2"]},{"$i":"hnckcodeLabel","$v":["SIM ",{"t":"idOrVar","v":"n"}," HNCK"]},{"$i":"rcckcodeLabel","$v":["SIM ",{"t":"idOrVar","v":"n"}," RCCK"]},{"$i":"rspckcodeLabel","$v":["SIM ",{"t":"idOrVar","v":"n"}," RSPCK"]},{"$i":"type_nck","$v":"Taip kod NCK anda"},{"$i":"type_cck","$v":"Taip kod CCK anda"},{"$i":"type_spck","$v":"Taip kod SPCK anda"},{"$i":"type_nck1","$v":"Taip kod NCK1 anda"},{"$i":"type_nck2","$v":"Taip kod NCK2 anda"},{"$i":"type_hnck","$v":"Taip kod HNCK anda"},{"$i":"type_rcck","$v":"Taip kod RCCK anda"},{"$i":"type_rspck","$v":"Taip kod RSPCK anda"},{"$i":"nckValidation","$v":"NCK mestilah mempunyai antara 8 dan 16 aksara."},{"$i":"cckValidation","$v":"CCK mestilah mempunyai antara 8 dan 16 aksara."},{"$i":"spckValidation","$v":"SPCK mestilah mempunyai antara 8 dan 16 aksara."},{"$i":"nck1Validation","$v":"NCK1 mestilah mempunyai antara 8 dan 16 aksara."},{"$i":"nck2Validation","$v":"NCK2 mestilah mempunyai antara 8 dan 16 aksara."},{"$i":"hnckValidation","$v":"HNCK mestilah mempunyai antara 8 dan 16 aksara."},{"$i":"rcckValidation","$v":"RCCK mestilah mempunyai antara 8 dan 16 aksara."},{"$i":"rspckValidation","$v":"RSPCK mestilah mempunyai antara 8 dan 16 aksara."},{"$i":"nckErrorMsg","$v":"Kod NCK tidak sah."},{"$i":"nckAttemptMsg2","$v":{"one":"Kegagalan permintaan rangkaian depersonalisasi. Anda mempunyai satu cubaan berbaki untuk memasukkan kod yang betul. Lihat dokumentasi peranti atau hubungi operator anda untuk maklumat lanjut.","two":["Kegagalan permintaan rangkaian depersonalisasi. Anda mempunyai ",{"t":"idOrVar","v":"n"}," cubaan berbaki untuk memasukkan kod yang betul. Lihat dokumentasi peranti atau hubungi operator anda untuk maklumat."],"few":["Kegagalan permintaan rangkaian depersonalisasi. Anda mempunyai ",{"t":"idOrVar","v":"n"}," cubaan berbaki untuk memasukkan kod yang betul. Lihat dokumentasi peranti atau hubungi operator anda untuk maklumat."],"many":["Kegagalan permintaan rangkaian depersonalisasi. Anda mempunyai ",{"t":"idOrVar","v":"n"}," cubaan berbaki untuk memasukkan kod yang betul. Lihat dokumentasi peranti atau hubungi operator anda untuk maklumat."],"other":["Kegagalan permintaan rangkaian depersonalisasi. Anda mempunyai ",{"t":"idOrVar","v":"n"}," cubaan berbaki untuk memasukkan kod yang betul. Lihat dokumentasi peranti atau hubungi operator anda untuk maklumat."]},"$x":[{"t":"idOrVar","v":"plural"},"n"]},{"$i":"nckLastChanceMsg","$v":"Kegagalan permintaan rangkaian depersonalisasi. Peluang terakhir untuk memasukkan kod NCK yang betul. Lihat dokumentasi peranti atau hubungi operator anda untuk maklumat lanjut."},{"$i":"skip","$v":"Langkau"},{"$i":"send","$v":"Hantar"},{"$i":"ok","$v":"OK"},{"$i":"simLocked","$v":"Kad SIM terkunci"},{"$i":"inputCodeRetriesLeft","$v":{"one":"Cubaan terakhir.","two":[{"t":"idOrVar","v":"n"}," cubaan berbaki."],"few":[{"t":"idOrVar","v":"n"}," cubaan berbaki."],"many":[{"t":"idOrVar","v":"n"}," cubaan berbaki."],"other":[{"t":"idOrVar","v":"n"}," cubaan berbaki."]},"$x":[{"t":"idOrVar","v":"plural"},"n"]},{"$i":"simManager","$v":"Pengurus SIM"},{"$i":"simDetail","$v":["SIM ",{"t":"idOrVar","v":"n"}]},{"$i":"simDefault","$v":"(lalai)"},{"$i":"simDefaultMessage","$v":"Panggilan, mesej keluar dan sambungan data ditetapkan pada SIM 1 sebagai lalai"},{"$i":"simSettingsMessage","$v":"Anda boleh mengubah tetapan lalai pada Tetapan > Pengurus SIM"},{"$i":"simPinLocked","$v":"PIN SIM dikunci"},{"$i":"noOperator","$v":"Tiada operator"},{"$i":"searchingOperator","$v":"Searching"},{"$i":"language","$v":"Bahasa"},{"$i":"3g","$v":"Data Selular"},{"$i":"dataConnection","$v":"Hidupkan Data"},{"$i":"dataConnectionInfo","$v":"Menghidupkan sambungan data kini akan membolehkan anda untuk menyediakan telefon anda tanpa sambungan Wi-Fi. Anda juga boleh menghidupkannya kemudian dalam Tetapan. Hanya pastikan yang anda mempunyai pelan data dengan operator anda untuk mengelakkan caj yang berpotensi besar."},{"$i":"caution","$v":"Amaran"},{"$i":"geolocation","$v":"Geolokasi"},{"$i":"geolocationCheckbox","$v":"Hidupkan Geolokasi"},{"$i":"geolocationInfo2","$v":[{"t":"idOrVar","v":"brandShortName"}," menggunakan data seperti GPS, Wi-Fi, dan rangkaian mudah alih yang berdekatan dengan anda untuk membantu menentukan lokasi anggaran anda."]},{"$i":"geolocationInfoMore","$v":"Data dihantar ke Mozilla dan penyedia perkhidmatan yang lain dan akan digunakan dalam agregat untuk memperbaiki pangkalan data lokasi berkenaan. Data boleh disimpan pada peranti anda dan pengumpulan data boleh berlaku walaupun tiada aplikasi yang berjalan."},{"$i":"notice","$v":"Notis"},{"$i":"aboutYourPrivacy","$v":"Lebih lagi perihal privasi anda"},{"$i":"scanningNetworks","$v":"Mengimbas jaringan"},{"$i":"selectNetwork","$v":"Pilih jaringan"},{"$i":"shortStatus-connecting","$v":"Menyambung…"},{"$i":"shortStatus-associated","$v":"Mendapatkan alamat IP…"},{"$i":"shortStatus-connected","$v":"Tersambung"},{"$i":"shortStatus-connectingfailed","$v":"Sambungan gagal"},{"$i":"shortStatus-disconnected","$v":"Luar Talian"},{"$i":"securedBy","$v":["dijamin oleh ",{"t":"idOrVar","v":"capabilities"}]},{"$i":"security","$v":"Keselamatan"},{"$i":"securityNone","$v":"Tiada"},{"$i":"securityWEP","$v":"WEP"},{"$i":"securityWPA-PSK","$v":"WPA-PSK"},{"$i":"securityWPA-EAP","$v":"WPA-EAP"},{"$i":"securityOpen","$v":"Open","ariaLabel":"Security"},{"$i":"identity","$v":"Pengguna"},{"$i":"identityInput","placeholder":"Pengguna"},{"$i":"password","$v":"Kata laluan"},{"$i":"passwordInput","placeholder":"Kata laluan"},{"$i":"showPassword","$v":"Tunjuk Kata Laluan"},{"$i":"refresh","$v":"Ulang segar"},{"$i":"noWifiFound3","$v":"Tiada jaringan tanpa wayar dijumpai"},{"$i":"join-hidden-button","$v":"Sertai rangkaian tersembunyi"},{"$i":"authentication","$v":"Pengesahan"},{"$i":"ssid-name","$v":"Nama Rangkaian SSID"},{"$i":"wifiLevel","ariaLabel":[{"t":"idOrVar","v":"level"}," of 4 bars"]},{"$i":"networksList","ariaLabel":"Networks found"},{"$i":"dateAndTime","$v":"Tarikh & Masa"},{"$i":"timezoneTitle","$v":["UTC",{"t":"idOrVar","v":"utcOffset"}," ",{"t":"idOrVar","v":"region"},"/",{"t":"idOrVar","v":"city"}]},{"$i":"timeZone","$v":"Zon waktu"},{"$i":"change","$v":"Ubah"},{"$i":"region","ariaLabel":"Wilayah"},{"$i":"city","ariaLabel":"Bandar"},{"$i":"date","ariaLabel":"Tarikh"},{"$i":"time","ariaLabel":"Masa"},{"$i":"importContacts3","$v":"Import kenalan"},{"$i":"importSim2","$v":"Kad SIM"},{"$i":"importFb2","$v":"Facebook"},{"$i":"importOutlook","$v":"Outlook"},{"$i":"importGmail","$v":"Gmail"},{"$i":"fb-checking","$v":"...memeriksa"},{"$i":"notImportedYet","$v":"Belum diimport"},{"$i":"otherAccount","$v":"Akaun lain"},{"$i":"afterFbImport","$v":"Anda boleh mengimport dan sunting teman Facebook bila-bila masa dalam tetapan Kenalan"},{"$i":"firefox-accounts","$v":"Akaun Firefox"},{"$i":"fxa-upsell","innerHTML":"A Firefox Account lets you find a lost phone and buy apps from the Firefox Marketplace."},{"$i":"fxa-create-account-or-sign-in","$v":"Cipta Akaun atau Daftar Masuk"},{"$i":"fxa-email-sent","$v":["Pautan pengesahan telah dihantar ke ",{"t":"idOrVar","v":"email"}]},{"$i":"fxa-signed-in","$v":["Daftar masuk sebagai ",{"t":"idOrVar","v":"email"}]},{"$i":"about-your-rights-0","$v":[{"t":"idOrVar","v":"brandShortName"}," dibina pada perisian sumber terbuka dan bebas oleh komuniti ribuan orang dari serata dunia. Terdapat beberapa perkata yang anda perlu tahu:"]},{"$i":"about-your-rights-1","$v":[{"t":"idOrVar","v":"brandShortName"}," dibina untuk anda dibawah terma  beberapa lesen sumber terbuka termasuk Lesen Awam Mozilla. Peranti yang mnggunakan ",{"t":"idOrVar","v":"brandShortName"}," boleh juga mengandungi perisian tertutup daripada pihak ketida. Sebarang kod yang disediakan di bawah lesen terbuka memberikan andan hak untuk mengubah kod sumber dan mengagihkan versi diubahsuai selagi anda anda mematuhi termanya."]},{"$i":"about-your-rights-2","$v":["Anda tidak diberikan sebarang hak tanda dagang atau lesen kepada tanda dagang Yayasan Mozilla atau mana-mana pihak, termasuk tanpa had nama dan logo ",{"t":"idOrVar","v":"brandShortName"},"."]},{"$i":"about-your-rights-3","$v":["Beberapa ciri dalam ",{"t":"idOrVar","v":"brandShortName"},", seperti Pelapor Nahas, memberi anda pilihan untuk menyediakan maklumbalas kepada Mozilla. Dengan memilih untuk hantar maklumbalas, anda memberi Mozilla kebenaran untuk menggunakan maklumbalas bagi menambahbaik produknya, untuk menghantar maklumbalas kepada laman webnya, dan juga mengagihkan maklumbalas."]},{"$i":"about-other","$v":"Lain-lain"},{"$i":"SIM_mandatory","$v":"Amaran Kad SIM"},{"$i":"SIM_mandatory_warm","$v":"Sila masukkaan kad SIM dan ulang mula telefon anda."},{"$i":"telemetry-sends2","$v":["Telemetri menghantar data Mozilla tentang prestasi, perkakasan, konfigurasi, penyesuaian dan penggunaan aplikasi pada peranti ",{"t":"idOrVar","v":"brandShortName"}," anda. Kami menggunakannya bagi menjadikan produk kami lebih baik, lebih pantas dan lebih responsif."]},{"$i":"learn-more-telemetry2","innerHTML":["Learn more at <a href=\"",{"t":"idOrVar","v":"href"},"\" class=\"",{"t":"idOrVar","v":"className"},"\">",{"t":"idOrVar","v":"textContent"},"</a>"]},{"$i":"learn-more-information2","innerHTML":["Learn how Mozilla handles your information at <a href=\"",{"t":"idOrVar","v":"href"},"\" class=\"",{"t":"idOrVar","v":"className"},"\">",{"t":"idOrVar","v":"textContent"},"</a>"]},{"$i":"htmlWelcome2","innerHTML":["Welcome to <a href=\"",{"t":"idOrVar","v":"href"},"\" class=\"",{"t":"idOrVar","v":"className"},"\">",{"t":"idOrVar","v":"textContent"},"</a>, the free and open source operating system from Mozilla. Our mission is to promote openness, innovation and opportunity by keeping the power of the Web in your hands."]},{"$i":"htmlWelcome-link","$v":[{"t":"idOrVar","v":"brandShortName"}]},{"$i":"helpImprove2","innerHTML":["You can help us improve our products and services by automatically sending analytics data. See our <a href=\"",{"t":"idOrVar","v":"href"},"\" class=\"",{"t":"idOrVar","v":"className"},"\">",{"t":"idOrVar","v":"textContent"},"</a> to learn how we handle data from your device."]},{"$i":"helpImprove-link","$v":"Privacy Notice"},{"$i":"learn-more-privacy2","innerHTML":["Learn how Mozilla handles your information in our <a href=\"",{"t":"idOrVar","v":"href"},"\" class=\"",{"t":"idOrVar","v":"className"},"\">",{"t":"idOrVar","v":"textContent"},"</a>."]},{"$i":"learn-more-privacy-link","$v":"dasar privasi"},{"$i":"aboutBrowser","$v":["Perihal ",{"t":"idOrVar","v":"brandShortName"}]},{"$i":"aboutYourPrivacy2","$v":"Privasi Anda"},{"$i":"mozillaCommunity2","$v":["Apabila anda menggunakan ",{"t":"idOrVar","v":"brandShortName"},", anda menjadi sebahagian daripada komuniti global yang membantu untuk membina masa depan Web yang cerah. Jika anda ingin mengetahui lebih lanjut perihal komuniti Mozilla, produk lain kami dan acara berdekatan anda, sila masukkan alamat email anda di bawah."]},{"$i":"sharePerformanceAndUsageData2","$v":"Yes! Send data."},{"$i":"emailAddress","placeholder":"Alamat emel"},{"$i":"email-successfully-added","$v":"Emel berjaya ditambah"},{"$i":"email-loading","$v":"Menyimpan emel anda…"},{"$i":"privacy-b2g","$v":[{"t":"idOrVar","v":"brandShortName"}],"title":[{"t":"idOrVar","v":"brandShortName"}]},{"$i":"privacy-marketplace","$v":"Marketplace","title":[{"t":"idOrVar","v":"privacy-marketplace"}]},{"$i":"privacy-eme","$v":"EverythingMe"},{"$i":"privacy-e-me","title":[{"t":"idOrVar","v":"privacy-e-me"}]},{"$i":"navbar-back","$v":"Undur"},{"$i":"navbar-next","$v":"Maju"},{"$i":"navbar-join","$v":"Sertai"},{"$i":"done","$v":"Selesai"},{"$i":"thatsIt","$v":"Itu sahaja!"},{"$i":"startYourPhone","$v":"Mulakan perjalanan telefon anda!"},{"$i":"startYourTablet","$v":"Mulakan perjalanan tablet anda!"},{"$i":"joinTutorial","$v":"Sertai kami untuk tutorial ringkas perihal telefon baharu anda."},{"$i":"joinTutorialUpdated","$v":"Sertai kami untuk tutorial pantas tentang kemaskini telefon anda!"},{"$i":"enjoyYourPhone","$v":"Anda sudah sedia menikmati telefon baharu anda."},{"$i":"enjoyYourPhoneUpdated","$v":"Anda bersedia menggunakan telefon anda yang baharu dikemaskini."},{"$i":"optionsAvailable","$v":"Anda boleh menukar bahasa, tarikh/masa dan sambungan Wi-Fi dalam tetapan."},{"$i":"letsGo","$v":"Mari"},{"$i":"startTour","$v":"Mulakan perjalanan"},{"$i":"thatsIt1Tablet-2","$v":"Anda sentiasa boleh leret daripada hujung bawah untuk memasuki skrin utama."},{"$i":"thatsIt2Tablet-2","$v":"Mari lakukannya!"},{"$i":"tutorial","$v":"Tutorial"},{"$i":"tutorial-step1-large-3","$v":"Swipe down to access recent notifications, usage information and settings."},{"$i":"tutorial-step2-large-2","$v":"Leret ke kiri atau ke kanan untuk mempelopori aplikasi baru pada laman utama."},{"$i":"tutorial-step3-large-2","$v":"Tap dan berpegang pada ikon untuk menghapus atau memindahkannya."},{"$i":"tutorial-step4-large-2","$v":"Leret dua jari atas ke hujung bawah untuk memicu pandangan kad."},{"$i":"tutorial-vertical-scroll-v2-tiny","$v":"Leret ke atas dan bawah untuk menyemak imbas aplikasi dan penanda buku anda. Sentuh dan tahan ikon untuk padam, pindah, atau edit ia."},{"$i":"tutorial-notifications-v2-tiny","$v":"Swipe down to access recent notifications, usage information and settings."},{"$i":"tutorial-sheets-tiny","$v":"Seret dari sudut kiri skrin anda untuk mengembalikan aplikasi yang digunakan kebelakangan."},{"$i":"tutorial-rocketbar-tiny","$v":"Sentuh pada kotak carian untuk memulakan carian atau pergi ke laman web pada bila-bila masa."},{"$i":"tutorial-bookmarks-migration-tiny","$v":"Penanda buku anda telah dipindahkan ke skrin utama. Semasa menyunting, sentuh penanda buku untuk mengedit atau menamakan semula."},{"$i":"tutorial-app-grouping-tiny","$v":"Tap to expand and collapse app groups. Drag an app into a new space to create a group."},{"$i":"offline-dialog-title","$v":"Anda mesti menyambung kepada Internet untuk melihat laman."},{"$i":"offline-dialog-text","$v":["Sila kembali dan sambung ke Internet. Anda boleh juga melihat laman kemudian daripada Tetapan atau memasukkan ",{"t":"idOrVar","v":"url"}," dalam mana-mana pelayar."]},{"$i":"OK","$v":"OK"},{"$i":"offline-newsletter-dialog-title","$v":"Anda mesti menyambung kepada Internet untuk melanggan surat khabar."},{"$i":"offline-newsletter-dialog-text","$v":"Sila kembali dan sambung ke Internet."},{"$i":"invalid-email-dialog-title","$v":"Alamat email anda tidah sah"},{"$i":"invalid-email-dialog-text","$v":"Sila kembali dan betulkan masukan anda."},{"$i":"retry","$v":"Cuba semula"},{"$i":"cancel","$v":"Batal"},{"$i":"progressbar","$v":["Langkah ",{"t":"idOrVar","v":"step"}," daripada ",{"t":"idOrVar","v":"total"}],"ariaLabel":"Pengalaman Kali Pertama"},{"$i":"weekday-0-long","$v":"Ahad"},{"$i":"weekday-1-long","$v":"Isnin"},{"$i":"weekday-2-long","$v":"Selasa"},{"$i":"weekday-3-long","$v":"Rabu"},{"$i":"weekday-4-long","$v":"Khamis"},{"$i":"weekday-5-long","$v":"Jumaat"},{"$i":"weekday-6-long","$v":"Sabtu"},{"$i":"weekday-0-short","$v":"Ahad"},{"$i":"weekday-1-short","$v":"Isnin"},{"$i":"weekday-2-short","$v":"Selasa"},{"$i":"weekday-3-short","$v":"Rabu"},{"$i":"weekday-4-short","$v":"Khamis"},{"$i":"weekday-5-short","$v":"Jumaat"},{"$i":"weekday-6-short","$v":"Sabtu"},{"$i":"month-0-long","$v":"Januari"},{"$i":"month-1-long","$v":"Februari"},{"$i":"month-2-long","$v":"Mac"},{"$i":"month-3-long","$v":"April"},{"$i":"month-4-long","$v":"Mei"},{"$i":"month-5-long","$v":"Jun"},{"$i":"month-6-long","$v":"Julai"},{"$i":"month-7-long","$v":"Ogos"},{"$i":"month-8-long","$v":"September"},{"$i":"month-9-long","$v":"Oktober"},{"$i":"month-10-long","$v":"November"},{"$i":"month-11-long","$v":"Disember"},{"$i":"month-0-genitive","$v":"Januari"},{"$i":"month-1-genitive","$v":"Februari"},{"$i":"month-2-genitive","$v":"Mac"},{"$i":"month-3-genitive","$v":"April"},{"$i":"month-4-genitive","$v":"Mei"},{"$i":"month-5-genitive","$v":"Jun"},{"$i":"month-6-genitive","$v":"Julai"},{"$i":"month-7-genitive","$v":"Ogos"},{"$i":"month-8-genitive","$v":"September"},{"$i":"month-9-genitive","$v":"Oktober"},{"$i":"month-10-genitive","$v":"November"},{"$i":"month-11-genitive","$v":"Disember"},{"$i":"month-0-short","$v":"Jan"},{"$i":"month-1-short","$v":"Feb"},{"$i":"month-2-short","$v":"Mac"},{"$i":"month-3-short","$v":"Apr"},{"$i":"month-4-short","$v":"Mei"},{"$i":"month-5-short","$v":"Jun"},{"$i":"month-6-short","$v":"Jul"},{"$i":"month-7-short","$v":"Ogos"},{"$i":"month-8-short","$v":"Sep"},{"$i":"month-9-short","$v":"Okt"},{"$i":"month-10-short","$v":"Nov"},{"$i":"month-11-short","$v":"Dis"},{"$i":"minutes-ago-long","$v":{"zero":"sebentar tadi","one":"satu minit lalu","two":[{"t":"idOrVar","v":"value"}," minit lalu"],"few":[{"t":"idOrVar","v":"value"}," minit lalu"],"many":[{"t":"idOrVar","v":"value"}," minit lalu"],"other":[{"t":"idOrVar","v":"value"}," minit lalu"]},"$x":[{"t":"idOrVar","v":"plural"},"value"]},{"$i":"hours-ago-long","$v":{"zero":"sebentar tadi","one":"sejam yang lalu","two":[{"t":"idOrVar","v":"value"}," jam lalu"],"few":[{"t":"idOrVar","v":"value"}," jam lalu"],"many":[{"t":"idOrVar","v":"value"}," jam lalu"],"other":[{"t":"idOrVar","v":"value"}," jam lalu"]},"$x":[{"t":"idOrVar","v":"plural"},"value"]},{"$i":"days-ago-long","$v":{"zero":"hari ini","one":"semalam","two":[{"t":"idOrVar","v":"value"}," hari lalu"],"few":[{"t":"idOrVar","v":"value"}," hari lalu"],"many":[{"t":"idOrVar","v":"value"}," hari lalu"],"other":[{"t":"idOrVar","v":"value"}," hari lalu"]},"$x":[{"t":"idOrVar","v":"plural"},"value"]},{"$i":"weeks-ago-long","$v":{"zero":"minggu ini","one":"minggu lalu","two":[{"t":"idOrVar","v":"value"}," minggu lalu"],"few":[{"t":"idOrVar","v":"value"}," minggu lalu"],"many":[{"t":"idOrVar","v":"value"}," minggu lalu"],"other":[{"t":"idOrVar","v":"value"}," minggu lalu"]},"$x":[{"t":"idOrVar","v":"plural"},"value"]},{"$i":"months-ago-long","$v":{"zero":"bulan ini","one":"bulan lalu","two":[{"t":"idOrVar","v":"value"}," bulan lalu"],"few":[{"t":"idOrVar","v":"value"}," bulan lalu"],"many":[{"t":"idOrVar","v":"value"}," minit lalu"],"other":[{"t":"idOrVar","v":"value"}," minit lalu"]},"$x":[{"t":"idOrVar","v":"plural"},"value"]},{"$i":"years-ago-long","$v":{"zero":"tahun ini","one":"tahun lalu","two":[{"t":"idOrVar","v":"value"}," tahun lalu"],"few":[{"t":"idOrVar","v":"value"}," tahun lalu"],"many":[{"t":"idOrVar","v":"value"}," tahun lalu"],"other":[{"t":"idOrVar","v":"value"}," tahun lalu"]},"$x":[{"t":"idOrVar","v":"plural"},"value"]},{"$i":"minutes-until-long","$v":{"zero":"sekarang","one":"dalam satu minit","two":["dalam ",{"t":"idOrVar","v":"value"}," minit"],"few":["dalam ",{"t":"idOrVar","v":"value"}," minit"],"many":["dalam ",{"t":"idOrVar","v":"value"}," minit"],"other":["dalam ",{"t":"idOrVar","v":"value"}," minit"]},"$x":[{"t":"idOrVar","v":"plural"},"value"]},{"$i":"hours-until-long","$v":{"zero":"sekarang","one":"dalam satu jam","two":["dalam ",{"t":"idOrVar","v":"value"}," jam"],"few":["dalam ",{"t":"idOrVar","v":"value"}," jam"],"many":["dalam ",{"t":"idOrVar","v":"value"}," jam"],"other":["dalam ",{"t":"idOrVar","v":"value"}," jam"]},"$x":[{"t":"idOrVar","v":"plural"},"value"]},{"$i":"days-until-long","$v":{"zero":"hari ini","one":"esok","two":["dalam ",{"t":"idOrVar","v":"value"}," hari"],"few":["dalam ",{"t":"idOrVar","v":"value"}," hari"],"many":["dalam ",{"t":"idOrVar","v":"value"}," hari"],"other":["dalam ",{"t":"idOrVar","v":"value"}," hari"]},"$x":[{"t":"idOrVar","v":"plural"},"value"]},{"$i":"weeks-until-long","$v":{"zero":"minggu ini","one":"minggu depan","two":["dalam ",{"t":"idOrVar","v":"value"}," minggu"],"few":["dalam ",{"t":"idOrVar","v":"value"}," minggu"],"many":["dalam ",{"t":"idOrVar","v":"value"}," minggu"],"other":["dalam ",{"t":"idOrVar","v":"value"}," minggu"]},"$x":[{"t":"idOrVar","v":"plural"},"value"]},{"$i":"months-until-long","$v":{"zero":"bulan ini","one":"bulan depan","two":["dalam ",{"t":"idOrVar","v":"value"}," bulan"],"few":["dalam ",{"t":"idOrVar","v":"value"}," bulan"],"many":["dalam ",{"t":"idOrVar","v":"value"}," bulan"],"other":["dalam ",{"t":"idOrVar","v":"value"}," bulan"]},"$x":[{"t":"idOrVar","v":"plural"},"value"]},{"$i":"years-until-long","$v":{"zero":"tahun ini","one":"tahun depan","two":["dalam ",{"t":"idOrVar","v":"value"}," tahun"],"few":["dalam ",{"t":"idOrVar","v":"value"}," tahun"],"many":["dalam ",{"t":"idOrVar","v":"value"}," tahun"],"other":["dalam ",{"t":"idOrVar","v":"value"}," tahun"]},"$x":[{"t":"idOrVar","v":"plural"},"value"]},{"$i":"minutes-ago-short","$v":{"zero":"sebentar tadi","other":[{"t":"idOrVar","v":"value"}," minit lalu"]},"$x":[{"t":"idOrVar","v":"plural"},"value"]},{"$i":"hours-ago-short","$v":{"zero":"sebentar tadi","other":[{"t":"idOrVar","v":"value"}," jam lalu"]},"$x":[{"t":"idOrVar","v":"plural"},"value"]},{"$i":"days-ago-short","$v":{"zero":"hari ini","other":[{"t":"idOrVar","v":"value"}," hari lalu"]},"$x":[{"t":"idOrVar","v":"plural"},"value"]},{"$i":"minutes-until-short","$v":{"zero":"sekarang","other":["dalam ",{"t":"idOrVar","v":"value"}," minit"]},"$x":[{"t":"idOrVar","v":"plural"},"value"]},{"$i":"hours-until-short","$v":{"zero":"sekarang","other":["dalam ",{"t":"idOrVar","v":"value"}," jam"]},"$x":[{"t":"idOrVar","v":"plural"},"value"]},{"$i":"days-until-short","$v":{"zero":"hari ini","other":["dalam ",{"t":"idOrVar","v":"value"}," hari"]},"$x":[{"t":"idOrVar","v":"plural"},"value"]},{"$i":"incorrectDate","$v":"(tarikh tidak betul)"},{"$i":"dateTimeFormat_%c","$v":"%a %b %e %Y %I:%M:%S %p"},{"$i":"dateTimeFormat_%x","$v":"%m/%d/%Y"},{"$i":"dateTimeFormat_%X","$v":"%I:%M:%S %p"},{"$i":"shortTimeFormat","$v":"%I:%M %p"},{"$i":"shortTimeFormat12","$v":"%I:%M %p"},{"$i":"shortTimeFormat24","$v":"%H:%M"},{"$i":"shortDateTimeFormat","$v":"%x %I:%M %p"},{"$i":"weekStartsOnMonday","$v":"0"},{"$i":"firstDayOfTheWeek","$v":"0"},{"$i":"time_am","$v":"PG"},{"$i":"time_pm","$v":"PTG"},{"$i":"tz-region","$v":"Wilayah"},{"$i":"tz-city","$v":"Bandar"},{"$i":"tzRegion-Africa","$v":"Afrika"},{"$i":"tzRegion-America","$v":"Amerika"},{"$i":"tzRegion-Antarctica","$v":"Antartika"},{"$i":"tzRegion-Asia","$v":"Asia"},{"$i":"tzRegion-Atlantic","$v":"Lautan Atlantik"},{"$i":"tzRegion-Australia","$v":"Australia"},{"$i":"tzRegion-Europe","$v":"Eropah"},{"$i":"tzRegion-Indian","$v":"Lautan India"},{"$i":"tzRegion-Pacific","$v":"Lautan Pasifik"},{"$i":"close","$v":"Tutup"},{"$i":"import","$v":"Import"},{"$i":"update","$v":"Kemaskini"},{"$i":"fbFriends","$v":"Kawan Facebook"},{"$i":"live-serviceName","$v":"Outlook"},{"$i":"gmail-serviceName","$v":"Gmail"},{"$i":"facebook-serviceName","$v":"Kawan Facebook"},{"$i":"selectAll","$v":"Pilih Semua"},{"$i":"deselectAll","$v":"Tidak Pilih Semua"},{"$i":"viewAll","$v":"Lihat semua teman Facebook"},{"$i":"viewRecommend","$v":"Lihat Hanya Disarankan"},{"$i":"linkProposal","$v":{"zero":"Tiada teman sepadan. Tunjukkan semua","one":"Pilih hanya yang disarankan","two":"Pilih hanya yang disarankan","few":"Pilih hanya yang disarankan","many":"Pilih hanya yang disarankan","other":"Pilih hanya yang disarankan"},"$x":[{"t":"idOrVar","v":"plural"},"numFriends"]},{"$i":"fbFriendsFound","$v":{"zero":"Semua teman anda telah diimport","one":"Satu teman ditemui untuk diimport","two":[{"t":"idOrVar","v":"numFriends"}," teman ditemui untuk diimport"],"few":["Menemui ",{"t":"idOrVar","v":"numFriends"}," teman untuk diimport"],"many":["Menemui ",{"t":"idOrVar","v":"numFriends"}," teman untuk diimport"],"other":["Menemui ",{"t":"idOrVar","v":"numFriends"}," teman untuk diimport"]},"$x":[{"t":"idOrVar","v":"plural"},"numFriends"]},{"$i":"fbNoFriends","$v":"Tiada kenalan untuk diimport"},{"$i":"search-contact","placeholder":"Carian"},{"$i":"noResults","$v":"Tiada kenalan ditemui"},{"$i":"done-search","$v":"Selesai"},{"$i":"progressFB3ImportTitle","$v":"Mengimport teman ke Kenalan"},{"$i":"progressFB","$v":[{"t":"idOrVar","v":"current"},"/",{"t":"idOrVar","v":"total"}]},{"$i":"progressFB3UpdateTitle","$v":"Mengemaskini teman dalam Kenalan"},{"$i":"message2","$v":"Ini mungkin mengambil masa beberapa minit"},{"$i":"messageLinking","$v":"Sila tunggu. Kami menghubungkan teman anda dan kenalan anda."},{"$i":"messageCanceling","$v":"Sila tunggu. Kami sedang membatalkan operasi yang sedang berjalan."},{"$i":"error1","$v":["Ralat ",{"t":"idOrVar","v":"from"}]},{"$i":"error2","$v":"Adakah anda ingin mencuba lagi?"},{"$i":"errorProposal","$v":"mengira cadangan"},{"$i":"errorFriends","$v":"mendapatkan semula teman"},{"$i":"errorLinking","$v":"menghubungkan kenalan"},{"$i":"timeout1","$v":["Melebihi had masa ",{"t":"idOrVar","v":"from"}]},{"$i":"timeout2","$v":"Adakah anda ingin mencuba sekali lagi?"},{"$i":"timeoutProposal","$v":"mengira cadangan"},{"$i":"timeoutFriends","$v":"mendapatkan semula teman"},{"$i":"timeoutLinking","$v":"menghubungkan kenalan"},{"$i":"wait1","$v":"Sila tunggu sebentar"},{"$i":"wait2","$v":"Ini mungkin mengambil masa beberapa minit"},{"$i":"waitProposal","$v":"Sila tunggu. Kami mengira cadangan."},{"$i":"waitFriends","$v":"Sila tunggu. Kami sedang menyambung untuk mendapatkan senarai teman anda."},{"$i":"curtainCancel","$v":"Batal"},{"$i":"curtainRetry","$v":"Cuba lagi"},{"$i":"curtainOK","$v":"OK"},{"$i":"connectionLost","$v":"Tiada sambungan Internet"},{"$i":"connectionLostMsg","$v":"Foto teman tidak akan ditambah ke kenalan anda. Teruskan juga?"},{"$i":"yesOption","$v":"OK"},{"$i":"noOption","$v":"Batal"},{"$i":"friendsUpdated","$v":{"zero":"Tiada teman dikemaskini","one":"Seorang teman dikemanskini","two":[{"t":"idOrVar","v":"numFriends"}," teman dikemaskini"],"few":[{"t":"idOrVar","v":"numFriends"}," teman dikemaskini"],"many":[{"t":"idOrVar","v":"numFriends"}," teman dikemaskini"],"other":[{"t":"idOrVar","v":"numFriends"}," teman dikemaskini"]},"$x":[{"t":"idOrVar","v":"plural"},"numFriends"]},{"$i":"friendsMerged","$v":{"zero":"Tiada rakan pendua digabung","one":"Satu rakan pendua digabung","two":[{"t":"idOrVar","v":"numDups"}," rakan digabung"],"few":[{"t":"idOrVar","v":"numDups"}," rakan digabung"],"many":[{"t":"idOrVar","v":"numDups"}," rakan digabung"],"other":[{"t":"idOrVar","v":"numDups"}," rakan digabung"]},"$x":[{"t":"idOrVar","v":"plural"},"numDups"]},{"$i":"notificationLogin","$v":"Sesi Facebook anda tidak sah. Sila log masuk."},{"$i":"syncError","$v":"Terdapat kesilapan ketika menyelaraskan data teman anda"}]