[{"$i":"brandShortName","$v":"B2G OS"},{"$i":"browserBrandShortName","$v":"Web Browser"},{"$i":"browserBrandFullName","$v":"Mozilla Web Browser"},{"$i":"ringtoneBrandName","$v":"Default"},{"$i":"ringtoneSectionBrandName","$v":"System"},{"$i":"back","$v":"Back"},{"$i":"noSimMsg","$v":"To import contacts insert or unlock your SIM card"},{"$i":"noMemoryCardMsg","$v":"To import contacts insert a memory card"},{"$i":"importMemoryCard","$v":"Memory card"},{"$i":"noConnection11","$v":"To import Facebook friends or contacts connect to Wi-Fi or data network"},{"$i":"emptyAccount","$v":"No friends or contacts found in this account."},{"$i":"simContacts-import","$v":"Import SIM contacts"},{"$i":"simContacts-importing","$v":"Importing SIM contacts…"},{"$i":"simContacts-reading","$v":"SIM कार्डबाट पढ्दै ..."},{"$i":"simContacts-error","$v":"Could not import contacts from SIM"},{"$i":"simContacts-imported3","$v":{"zero":"No contacts detected on SIM to import","one":"Imported one contact","two":["Imported ",{"t":"idOrVar","v":"n"}," contacts"],"few":["Imported ",{"t":"idOrVar","v":"n"}," contacts"],"many":["Imported ",{"t":"idOrVar","v":"n"}," contacts"],"other":["Imported ",{"t":"idOrVar","v":"n"}," contacts"]},"$x":[{"t":"idOrVar","v":"plural"},"n"]},{"$i":"memoryCardContacts-import","$v":"Import contacts from memory card"},{"$i":"memoryCardContacts-importing","$v":"Importing contacts from memory card…"},{"$i":"memoryCardContacts-reading","$v":"Reading from memory card…"},{"$i":"memoryCardContacts-error","$v":"Could not import contacts from memory card"},{"$i":"memoryCardContacts-imported3","$v":{"zero":"No contacts detected on memory card to import","one":"Imported one contact","two":["Imported ",{"t":"idOrVar","v":"n"}," contacts"],"few":["Imported ",{"t":"idOrVar","v":"n"}," contacts"],"many":["Imported ",{"t":"idOrVar","v":"n"}," contacts"],"other":["Imported ",{"t":"idOrVar","v":"n"}," contacts"]},"$x":[{"t":"idOrVar","v":"plural"},"n"]},{"$i":"genericProgress","$v":[{"t":"idOrVar","v":"current"},"/",{"t":"idOrVar","v":"total"}]},{"$i":"facebook","$v":"फेसबुक"},{"$i":"facebook-import-msg2","$v":[{"t":"idOrVar","v":"imported"},"/",{"t":"idOrVar","v":"total"}," friends imported"]},{"$i":"contactsMerged","$v":{"zero":"No duplicated contacts merged","one":"One duplicated contact merged","two":[{"t":"idOrVar","v":"numDups"}," contacts merged"],"few":[{"t":"idOrVar","v":"numDups"}," contacts merged"],"many":[{"t":"idOrVar","v":"numDups"}," contacts merged"],"other":[{"t":"idOrVar","v":"numDups"}," contacts merged"]},"$x":[{"t":"idOrVar","v":"plural"},"numDups"]},{"$i":"pincode2","$v":"PIN कोड प्रविष्ट गर्नुहोस्"},{"$i":"type_pin","$v":"PIN कोड लेख्नुहोस्"},{"$i":"pincodeLabel","$v":["SIM ",{"t":"idOrVar","v":"n"}," PIN"]},{"$i":"pinValidation","$v":"PIN ४ देखि ८ क्यारेक्टरहरूको हुनुपर्छ।"},{"$i":"pinError","$v":"PIN गलत थियो।"},{"$i":"pinAttemptMsg2","$v":{"one":"तपाईंसंग सिम कार्ड बन्द हुनु भन्दा अघी साहि कोड प्रविष्ट गर्न एक कोसिस मात्र बाकी छ।","two":["तपाईंसंग सिम कार्ड बन्द हुनु भन्दा अघी साहि कोड प्रविष्ट गर्न ",{"t":"idOrVar","v":"n"}," कोसिस बाकी छन्।"],"few":["तपाईंसंग सिम कार्ड बन्द हुनु भन्दा अघी साहि कोड प्रविष्ट गर्न ",{"t":"idOrVar","v":"n"}," कोसिस बाकी छन्।"],"many":["तपाईंसंग सिम कार्ड बन्द हुनु भन्दा अघी साहि कोड प्रविष्ट गर्न ",{"t":"idOrVar","v":"n"}," कोसिस बाकी छन्।"],"other":["तपाईंसंग सिम कार्ड बन्द हुनु भन्दा अघी साहि कोड प्रविष्ट गर्न ",{"t":"idOrVar","v":"n"}," कोसिस बाकी छन्।"]},"$x":[{"t":"idOrVar","v":"plural"},"n"]},{"$i":"pinLastChanceMsg","$v":"ठिक PIN प्रविष्ट गर्ने तपाईको यो अन्तिम मौका हो।नत्र यो SIM कार्ड प्रयोग गर्न तपाईले PUK कोड प्रविष्ट गर्नुपर्नेछ।"},{"$i":"pukcode","$v":"PUK कोड प्रविष्ट गर्नुहोस्"},{"$i":"pukcodeTitle","$v":["SIM ",{"t":"idOrVar","v":"n"}," PUK प्रविष्ट गर्नुहोस्"]},{"$i":"pukcodeLabel","$v":["SIM ",{"t":"idOrVar","v":"n"}," PUK"]},{"$i":"type_puk","$v":"PUK कोड"},{"$i":"pukValidation","$v":"PUK कोडमा ठ्याक्क ८वटा क्यारेक्टरहरु हुनुपर्छ।"},{"$i":"pukInfo","$v":"सिम कार्डका लागि तपाईले व्यक्तिगत खोल्ने चाबीको (PUK) कोड प्रविष्ट गर्नुपर्नेछ। थप जानकारीका लागि तपाईको सिम कार्ड कागजत हेर्नुहोस् अथवा सिम वाहकसंग सम्पर्क राख्नुहोस्।"},{"$i":"pukError","$v":"PUK गलत भयो।"},{"$i":"pukAttemptMsg2","$v":{"one":"तपाईंसंग सिम कार्ड सधैका लागि चलाउन नमिल्ने हुन भन्दा अघी साहि कोड प्रविष्ट गर्न एक कोसिस बांकी छ।थप जानकारिका लागि सिम कार्ड कागजत वा तपाईको वाहकसंग सम्पर्क राख्नुहोस्।","two":["तपाईंसंग सिम कार्ड सधैका लागि चलाउन नमिल्ने हुन भन्दा अघी साहि कोड प्रविष्ट गर्न ",{"t":"idOrVar","v":"n"}," कोसिस बांकी छन्।थप जानकारिका लागि सिम कार्ड कागजत वा तपाईको वाहकसंग सम्पर्क राख्नुहोस्।"],"few":["तपाईंसंग सिम कार्ड सधैका लागि चलाउन नमिल्ने हुन भन्दा अघी साहि कोड प्रविष्ट गर्न ",{"t":"idOrVar","v":"n"}," कोसिस बांकी छन्।थप जानकारिका लागि सिम कार्ड कागजत वा तपाईको वाहकसंग सम्पर्क राख्नुहोस्।"],"many":["यस सिम कार्ड सधैका लागि नचल्नु अघि तपाईसंग ठिक कोड प्रविष्ट गर्न ",{"t":"idOrVar","v":"n"}," कोसिस बाँकी छन्। थप जानकारीका लागि तपाईको सिम कार्ड कागजात हेर्नुहोस् अथवा तपाईको वाहकसंग सम्पर्क राख्नुहोस्।"],"other":["यस सिम कार्ड सधैका लागि नचल्नु अघि तपाईसंग ठिक कोड प्रविष्ट गर्न ",{"t":"idOrVar","v":"n"}," कोसिस बाँकी छन्। थप जानकारीका लागि तपाईको सिम कार्ड कागजात हेर्नुहोस् अथवा तपाईको वाहकसंग सम्पर्क राख्नुहोस्।"]},"$x":[{"t":"idOrVar","v":"plural"},"n"]},{"$i":"pukLastChanceMsg","$v":"साहि PUK कोड प्रविष्ट गर्न तपाईको यस अन्तिम मैका हो। गलत PUK कोड प्रविष्ट गरेमा तपाईको सिम कार्ड सधैका लागि चलाउन मल्दैन।"},{"$i":"create_newpin","$v":"नँया PIN सृजना गर्नुहोस्(४ देखि ८ अङ्क)"},{"$i":"confirm_newpin","$v":"नँया PIN पुष्टि गर्नुहोस्"},{"$i":"newpinConfirmation","$v":"PINहरु मिलेकोछैन"},{"$i":"nckcode","$v":"NCK कोड प्रविष्ट गर्नुहोस्"},{"$i":"cckcode","$v":"CCK कोड प्रविष्ट गर्नुहोस्"},{"$i":"spckcode","$v":"SPCK कोड प्रविष्ट गर्नुहोस्"},{"$i":"nck1code","$v":"NCK1 कोड प्रविष्ट गर्नुहोस्"},{"$i":"nck2code","$v":"NCK2 कोड प्रविष्ट गर्नुहोस्"},{"$i":"hnckcode","$v":"HNCK कोड प्रविष्ट गर्नुहोस्"},{"$i":"rcckcode","$v":"RCCK कोड प्रविष्ट गर्नुहोस्"},{"$i":"rspckcode","$v":"RSPCK कोड प्रविष्ट गर्नुहोस्"},{"$i":"nckcodeTitle","$v":["SIM ",{"t":"idOrVar","v":"n"}," NCK प्रविष्ट गर्नुहोस्"]},{"$i":"cckcodeTitle","$v":["सिम को ",{"t":"idOrVar","v":"n"}," CCK प्रविष्ट गर्नुहोस्"]},{"$i":"spckcodeTitle","$v":["सिम को ",{"t":"idOrVar","v":"n"}," SPCK प्रविष्ट गर्नुहोस्"]},{"$i":"nck1codeTitle","$v":["SIM ",{"t":"idOrVar","v":"n"}," NCK1 प्रविष्ट गर्नुहोस्"]},{"$i":"nck2codeTitle","$v":["SIM ",{"t":"idOrVar","v":"n"}," NCK2 प्रविष्ट गर्नुहोस्"]},{"$i":"hnckcodeTitle","$v":["SIM ",{"t":"idOrVar","v":"n"}," HNCK प्रविष्ट गर्नुहोस्"]},{"$i":"rcckcodeTitle","$v":["सिम ",{"t":"idOrVar","v":"n"}," को RCCK प्रविष्ट गर्नुहोस्"]},{"$i":"rspckcodeTitle","$v":["SIM ",{"t":"idOrVar","v":"n"}," RSPCK प्रविष्ट गर्नुहोस्"]},{"$i":"nckcodeLabel","$v":["सिम को ",{"t":"idOrVar","v":"n"}," NCK"]},{"$i":"cckcodeLabel","$v":["सिम को ",{"t":"idOrVar","v":"n"}," CCK"]},{"$i":"spckcodeLabel","$v":["SIM ",{"t":"idOrVar","v":"n"}," SPCK"]},{"$i":"nck1codeLabel","$v":["SIM ",{"t":"idOrVar","v":"n"}," NCK1"]},{"$i":"nck2codeLabel","$v":["SIM ",{"t":"idOrVar","v":"n"}," NCK2"]},{"$i":"hnckcodeLabel","$v":["SIM ",{"t":"idOrVar","v":"n"}," HNCK"]},{"$i":"rcckcodeLabel","$v":["SIM ",{"t":"idOrVar","v":"n"}," RCCK"]},{"$i":"rspckcodeLabel","$v":["SIM ",{"t":"idOrVar","v":"n"}," RSPCK"]},{"$i":"type_nck","$v":"तपाईको NCK कोड लेख्नुहोस्"},{"$i":"type_cck","$v":"तपाईको CCK कोड लेख्नुहोस्"},{"$i":"type_spck","$v":"तपाईको SPCK कोड लेख्नुहोस्"},{"$i":"type_nck1","$v":"तपाईको NCK1 कोड लेख्नुहोस्"},{"$i":"type_nck2","$v":"तपाईको NCK2 कोड लेख्नुहोस्"},{"$i":"type_hnck","$v":"तपाईको HNCK कोड लेख्नुहोस्"},{"$i":"type_rcck","$v":"तपाईको RCCK कोड लेख्नुहोस्"},{"$i":"type_rspck","$v":"तपाईको RSPCK कोड लेख्नुहोस्"},{"$i":"nckValidation","$v":"NCKमा ८ देखि१६ क्यारेक्टरहरू हुनुपर्छ।"},{"$i":"cckValidation","$v":"CCK अनिवार्य ८ देखि १६ क्यारेक्टरहरूको हुनुपर्छ।"},{"$i":"spckValidation","$v":"SPCK अनिवार्य ८ देखि १६ क्यारेक्टरहरूको हुनुपर्छ।"},{"$i":"nck1Validation","$v":"NCK1 मा 8 देखि 16 क्यारेक्टरहरू हुनुपर्छ ।"},{"$i":"nck2Validation","$v":"NCK2 मा 8 देखि 16 क्यारेक्टरहरू हुनुपर्छ ।"},{"$i":"hnckValidation","$v":"HNCK मा 8 देखि 16 क्यारेक्टरहरू हुनुपर्छ ।"},{"$i":"rcckValidation","$v":"RCCK अनिवार्य 8 देखि 16 क्यारेक्टरहरूको हुनुपर्छ ।"},{"$i":"rspckValidation","$v":"RSPCK अनिवार्य 8 देखि 16 क्यारेक्टरहरूको हुनुपर्छ ।"},{"$i":"nckErrorMsg","$v":"NCK कोड गलत छ।"},{"$i":"nckAttemptMsg2","$v":{"one":"सञ्जाल निजीकरण नगर्ने अनुरोध असफल। तपाईँसँग ठिक कोड प्रविष्ट गर्न एउटा कोसिस बाँकी छ। थप जानकारीका लागि आफ्नो यन्त्रको कागजत हेर्नुहोस् वा तपाईँको यन्त्र वाहकसँग सम्पर्क राख्नुहोस्।","two":["सञ्जाल निजीकरण नगर्ने अनुरोध असफल। तपाईँसँग ठिक कोड प्रविष्ट गर्न ",{"t":"idOrVar","v":"n"}," कोसिसहरु बाँकी छन्। थप जानकारीका लागि आफ्नो यन्त्रको कागजत हेर्नुहोस् वा तपाईँको यन्त्र वाहकसँग सम्पर्क राख्नुहोस्।"],"few":["सञ्जाल निजीकरण नगर्ने अनुरोध असफल। तपाईँसँग ठिक कोड प्रविष्ट गर्न ",{"t":"idOrVar","v":"n"}," कोसिसहरु बाँकी छन्। थप जानकारीका लागि आफ्नो यन्त्रको कागजत हेर्नुहोस् वा तपाईँको यन्त्र वाहकसँग सम्पर्क राख्नुहोस्।"],"many":["सञ्जाल निजीकरण नगर्ने अनुरोध असफल। तपाईँसँग ठिक कोड प्रविष्ट गर्न ",{"t":"idOrVar","v":"n"}," कोसिसहरु बाँकी छन्। थप जानकारीका लागि आफ्नो यन्त्रको कागजत हेर्नुहोस् वा तपाईँको यन्त्र वाहकसँग सम्पर्क राख्नुहोस्।"],"other":["सञ्जाल निजीकरण नगर्ने अनुरोध असफल। तपाईँसँग ठिक कोड प्रविष्ट गर्न ",{"t":"idOrVar","v":"n"}," कोसिसहरु बाँकी छन्। थप जानकारीका लागि आफ्नो यन्त्रको कागजत हेर्नुहोस् वा तपाईँको यन्त्र वाहकसँग सम्पर्क राख्नुहोस्।"]},"$x":[{"t":"idOrVar","v":"plural"},"n"]},{"$i":"nckLastChanceMsg","$v":"सञ्जाल निजीकरण नगर्ने अनुरोध असफल। ठिक NCK कोड प्रविष्ट गर्न अन्तिम मौका। थप जानकारीका लागि आफ्नो यन्त्रको कागजत हेर्नुहोस् वा तपाईँको यन्त्र वाहकसँग सम्पर्क राख्नुहोस्।"},{"$i":"skip","$v":"छोड्नुहोस्"},{"$i":"send","$v":"पठाउनुहोस्"},{"$i":"ok","$v":"ठीक छ"},{"$i":"simLocked","$v":"सिम कार्ड ताल्चा लगाइएको छ"},{"$i":"inputCodeRetriesLeft","$v":{"one":"अन्तिम प्रयास।","two":[{"t":"idOrVar","v":"n"}," प्रयासहरु बाँकी।"],"few":[{"t":"idOrVar","v":"n"}," प्रयासहरु बाँकी।"],"many":[{"t":"idOrVar","v":"n"}," प्रयासहरु बाँकी।"],"other":[{"t":"idOrVar","v":"n"}," प्रयासहरु बाँकी।"]},"$x":[{"t":"idOrVar","v":"plural"},"n"]},{"$i":"simManager","$v":"सिम व्यवस्थापक"},{"$i":"simDetail","$v":["SIM ",{"t":"idOrVar","v":"n"}]},{"$i":"simDefault","$v":"(अभाव)"},{"$i":"simDefaultMessage","$v":"बहिर्गमन कल, निवर्तमान सन्देश र डेटा जडान पूर्वनिर्धारित रूपमा SIM १ मा सेट छ"},{"$i":"simSettingsMessage","$v":"तपाईँ > सिम प्रबन्धक मा पूर्वनिर्धारित सेटिङ परिवर्तन गर्न सक्नुहुन्छ"},{"$i":"simPinLocked","$v":"सिम को पिन बन्द गरिएकोछ"},{"$i":"noOperator","$v":"सञ्चालक छैन"},{"$i":"searchingOperator","$v":"खोजी हुँदैछ"},{"$i":"language","$v":"भाषा"},{"$i":"3g","$v":"सेलुलर डाटा"},{"$i":"dataConnection","$v":"डाटा सक्षम पार्नुहोस्"},{"$i":"dataConnectionInfo","$v":"अहिले डाटा जडान सक्षम गरेमा तपाईले आफ्नो फोन वाई-फाई बिना जडान गर्न सक्नुहुन्छ | तपाईले यसलाई पछि पनि सेटिङहरूमा गएर सक्षम गर्न सक्नुहुन्छ, मात्र तपाईले आफ्नो डाटा वाहकसँग डाटा प्लान भएको निर्धारण गर्नुहोस् ताकी पछि संभावित ठूलो रकम तिर्नुपर्दैन|"},{"$i":"caution","$v":"चेतावनी"},{"$i":"geolocation","$v":"भू-स्थान"},{"$i":"geolocationCheckbox","$v":"भू-स्थान सक्षम पार्नुहोस्"},{"$i":"geolocationInfo2","$v":[{"t":"idOrVar","v":"brandShortName"},"ले तपाईंको नजिक भएका GPS, वाई-फाई, र मोबाइल सञ्जालहरु जस्ता कुराको डाटा प्रयोग गरी तपाईंको स्थान पत्ता लगाउन मद्दत गर्दछ।"]},{"$i":"geolocationInfoMore","$v":"डाटा मोजिल्ला र अन्य सेवा प्रदायकहरुलाई पठाएको छ र त्यस स्थान डाटाबेसमा सुधार गर्नको लागि समग्र रुपमा उपयोग गरिनेछ।  डाटा आफनो यन्त्रमा भण्डारण गर्न सकिनेछ र अरु कुनै एपहरु नचलिरहेको अवस्थामा पनि डाटा सङ्कलन हुन सक्छ।"},{"$i":"notice","$v":"सूचना"},{"$i":"aboutYourPrivacy","$v":"तपाईँको गोपनीयताका बारे थप"},{"$i":"scanningNetworks","$v":"सञ्जालको लागि स्क्यान गर्दै"},{"$i":"selectNetwork","$v":"एउटा सञ्जाल चयन गर्नुहोस्"},{"$i":"shortStatus-connecting","$v":"जडान हुँदैछ"},{"$i":"shortStatus-associated","$v":"एक IP ठेगाना पाउदै ..."},{"$i":"shortStatus-connected","$v":"जडान गरियो"},{"$i":"shortStatus-connectingfailed","$v":"जडान असफल भयो"},{"$i":"shortStatus-disconnected","$v":"अफलाइन"},{"$i":"securedBy","$v":["सुरछित ",{"t":"idOrVar","v":"capabilities"}," छ"]},{"$i":"security","$v":"सुरक्षा"},{"$i":"securityNone","$v":"कुनै पनि होइन"},{"$i":"securityWEP","$v":"डब्लु इ पी"},{"$i":"securityWPA-PSK","$v":"डब्लु पी ए-पी एस् के"},{"$i":"securityWPA-EAP","$v":"डब्लु पी ए-इ ए पी"},{"$i":"securityOpen","$v":"खुल्ला","ariaLabel":"सुरक्षा"},{"$i":"identity","$v":"प्रयोगकर्ता"},{"$i":"identityInput","placeholder":"प्रयोगकर्ता"},{"$i":"password","$v":"पासवर्ड"},{"$i":"passwordInput","placeholder":"पासवर्ड"},{"$i":"showPassword","$v":"पासवर्ड देखाउनुहोस्"},{"$i":"refresh","$v":"ताजा पार्नुहोस्"},{"$i":"noWifiFound3","$v":"कुनै पनि बेतारका संजाल भेटिएन"},{"$i":"join-hidden-button","$v":"लुकिएका संजाल संग संलग्न हुनुहोस्"},{"$i":"authentication","$v":"प्रमाणीकरण"},{"$i":"ssid-name","$v":"एस् एस् आइ डी सञ्जाल नाम"},{"$i":"wifiLevel","ariaLabel":["4 बारहरू को ",{"t":"idOrVar","v":"level"}]},{"$i":"networksList","ariaLabel":"सञ्जाल फेला"},{"$i":"dateAndTime","$v":"मिति र समय"},{"$i":"timezoneTitle","$v":["यू टि सि",{"t":"idOrVar","v":"utcOffset"}," ",{"t":"idOrVar","v":"region"},"/",{"t":"idOrVar","v":"city"}]},{"$i":"timeZone","$v":"समय क्षेत्र"},{"$i":"change","$v":"परिवर्तन"},{"$i":"region","ariaLabel":"क्षेत्र"},{"$i":"city","ariaLabel":"शहर"},{"$i":"date","ariaLabel":"मिति"},{"$i":"time","ariaLabel":"समय"},{"$i":"importContacts3","$v":"SIM सम्पर्क आयात गर्नुहोस्"},{"$i":"importSim2","$v":"SIM कार्ड"},{"$i":"importFb2","$v":"फेसबुक"},{"$i":"importOutlook","$v":"आउटलूक"},{"$i":"importGmail","$v":"जिमेल"},{"$i":"fb-checking","$v":"...जाँच गर्दै"},{"$i":"notImportedYet","$v":"अझ सम्म आयात गरिएको छैन ।"},{"$i":"otherAccount","$v":"अन्य खाता"},{"$i":"afterFbImport","$v":"तपाईले कुनै पनि समय सम्पर्क सेटिङमा फेसबुकका साथीहरुलाई आयात र सम्पादन गर्नसक्नुहुन्छ"},{"$i":"firefox-accounts","$v":"फायरफक्स खाताहरु"},{"$i":"fxa-upsell","innerHTML":"फायरफक्स खाताले तपाईंको हराएको फोन पाउन र फायरफक्स बजार देखि एप्सहरू किन्न दिन्छ।"},{"$i":"fxa-create-account-or-sign-in","$v":"नयाँ खाता खोल्नुहोस् अथवा साइन इन गर्नुहोस्"},{"$i":"fxa-email-sent","$v":[{"t":"idOrVar","v":"email"}," मा प्रमाणिकरण लिंक पठाइएको छ"]},{"$i":"fxa-signed-in","$v":[{"t":"idOrVar","v":"email"}," को रुपमा साइन्ड इन गर्नुहोस्"]},{"$i":"about-your-rights-0","$v":[{"t":"idOrVar","v":"brandShortName"}," संसार भरीका हजारौ समुदाय मिलि बनाएको नि:शुल्क र ओपन सोर्स सफ्टवेर हो। यहा तपाईले केही जान्नु पर्ने कुराहरु छन्:"]},{"$i":"about-your-rights-1","$v":["मोजिल्ला सार्वजनिक इजाजपत्र सम्मिलित गर्दै कयौँ खुला स्रोत इजाजपत्रहरुको सर्तहरूको तहत तपाईँलाई ",{"t":"idOrVar","v":"brandShortName"}," उपलब्ध पारिएको छ।",{"t":"idOrVar","v":"brandShortName"}," चलाइरहेको यन्त्रमा तेस्रो पार्टीको मालिकाना सफ्टवेर हुन सक्छ। तपाईँले खुला इजाजपत्रहरु अन्तरगत प्रदान गरिएको कुनै पनि कोडले तपाईँलाई स्रोत कोड परिमार्जन गर्ने अधिकार र तपाईँको परिमार्जन गरिएको भर्सनहरु बाँड्न दिनेछ जबसम्म तपाईँले तिनीहरुको सर्तहरु पालना गर्नुहुन्छ।"]},{"$i":"about-your-rights-2","$v":["तपाईँलाई मोजिल्ला संस्था वा अरु कुनै पार्टीको कुनै व्यापारचिन्ह अधिकार वा इजाजतपत्रहरु, साथै कुनै सीमा बिना ",{"t":"idOrVar","v":"brandShortName"}," नाम वा लोगो दिएको छैन।"]},{"$i":"about-your-rights-3","$v":["केहि ",{"t":"idOrVar","v":"brandShortName"}," मा सुविधाहरु जस्तै क्र्यास रिपोर्टरले मोजिल्लालाई पृष्ठपोषण पठाउने विकल्प तपाईलाई दिन्छन्। पृष्ठपोषण निवेदन छानेर, तपाईले मोजिल्लालाई पृष्ठपोषण प्रयोग गरेर उत्पादन सुधार्ने, वेबसाइटमा पृष्ठपोषण प्रकाशन गर्ने र पृष्ठपोषण वितरण गर्ने अनुमति दिनसक्नुहुन्छ ।"]},{"$i":"about-other","$v":"अरु"},{"$i":"SIM_mandatory","$v":"सिम कार्ड चेतावनी"},{"$i":"SIM_mandatory_warm","$v":"कृपया सिम कार्ड घुसाउनुहोस् र आफ्नो फोन फेरि बुट गर्नुहोस्"},{"$i":"telemetry-sends2","$v":["टेलीमेट्रीले मोजिल्लालाई तपाईको ",{"t":"idOrVar","v":"brandShortName"}," यन्त्रमा व्यवहार, हार्डवेयर, कन्फिगुरेसन् र अनुकूलका डाटा पठाउँछ | हामी यस डाटालाई हाम्रो उत्पादनहरु राम्रो, छिटो, र अझ छरितो बनाउन प्रयोग गर्छौ |"]},{"$i":"learn-more-telemetry2","innerHTML":["Learn more at <a href=\"",{"t":"idOrVar","v":"href"},"\" class=\"",{"t":"idOrVar","v":"className"},"\">",{"t":"idOrVar","v":"textContent"},"</a>"]},{"$i":"learn-more-information2","innerHTML":["Learn how Mozilla handles your information at <a href=\"",{"t":"idOrVar","v":"href"},"\" class=\"",{"t":"idOrVar","v":"className"},"\">",{"t":"idOrVar","v":"textContent"},"</a>"]},{"$i":"htmlWelcome2","innerHTML":["Welcome to <a href=\"",{"t":"idOrVar","v":"href"},"\" class=\"",{"t":"idOrVar","v":"className"},"\">",{"t":"idOrVar","v":"textContent"},"</a>, the free and open source operating system from Mozilla. Our mission is to promote openness, innovation and opportunity by keeping the power of the Web in your hands."]},{"$i":"htmlWelcome-link","$v":[{"t":"idOrVar","v":"brandShortName"}]},{"$i":"helpImprove2","innerHTML":["You can help us improve our products and services by automatically sending analytics data. See our <a href=\"",{"t":"idOrVar","v":"href"},"\" class=\"",{"t":"idOrVar","v":"className"},"\">",{"t":"idOrVar","v":"textContent"},"</a> to learn how we handle data from your device."]},{"$i":"helpImprove-link","$v":"गोपनीयता निति"},{"$i":"learn-more-privacy2","innerHTML":["Learn how Mozilla handles your information in our <a href=\"",{"t":"idOrVar","v":"href"},"\" class=\"",{"t":"idOrVar","v":"className"},"\">",{"t":"idOrVar","v":"textContent"},"</a>."]},{"$i":"learn-more-privacy-link","$v":"गोपनीयता निति "},{"$i":"aboutBrowser","$v":[{"t":"idOrVar","v":"brandShortName"}," बारे"]},{"$i":"aboutYourPrivacy2","$v":"तपाईँको गोपनीयता"},{"$i":"mozillaCommunity2","$v":["जब तपाई ",{"t":"idOrVar","v":"brandShortName"},"को प्रयोग गर्नुहुन्छ, तपाई एक सार्वभौम समुदायको हिस्सा बन्नुहुन्छ, जसले वेबको उज्ज्वल भविष्यका बनाउनका लागि सहयोग गर्दैछ। यदि तपाई मोजिल्ला समुदाय, हाम्रो अन्य उत्पादन र कार्यक्रमहरुका बारेमा अझै जान्न चाहनुहुन्छ भने कृपया तपाईको इमेल ठेगाना तल प्रविष्ट गर्नुहोस्।"]},{"$i":"sharePerformanceAndUsageData2","$v":"हुन्छ! डेटा पठाउनुहोस्।"},{"$i":"emailAddress","placeholder":"इमेल ठेगाना"},{"$i":"email-successfully-added","$v":"इमेल सफलतापूर्वक थपियो"},{"$i":"email-loading","$v":"तपाईको इमेल सेभ हुँदैछ..."},{"$i":"privacy-b2g","$v":[{"t":"idOrVar","v":"brandShortName"}],"title":[{"t":"idOrVar","v":"brandShortName"}]},{"$i":"privacy-marketplace","$v":"मार्केटप्लेस","title":[{"t":"idOrVar","v":"privacy-marketplace"}]},{"$i":"privacy-eme","$v":"EverythingMe"},{"$i":"privacy-e-me","title":[{"t":"idOrVar","v":"privacy-e-me"}]},{"$i":"navbar-back","$v":"पछाडि"},{"$i":"navbar-next","$v":"अर्को"},{"$i":"navbar-join","$v":"जोड्नुहोस्"},{"$i":"done","$v":"गरियो"},{"$i":"thatsIt","$v":"यहि हो!"},{"$i":"startYourPhone","$v":"तपाईंको फोन यात्रा सुरु गर्नुहोस्!"},{"$i":"startYourTablet","$v":"तपाईंको ट्याब्लेटको यात्रा सुरु गर्नुहोस्!"},{"$i":"joinTutorial","$v":"तपाईंको नयाँ फोन चलाउने प्रक्रिया बारेमा बुझ्न हामीसँग शामिल हुनुहोस्।"},{"$i":"joinTutorialUpdated","$v":"आफ्नो फोनको अपडेटको बारेमा छिटो ट्यूटोरियलको लागि हामी संग आबद्ध हुनुहोस्!"},{"$i":"enjoyYourPhone","$v":"तपाईंँ आफ्नो नयाँ फोनको मनोरञ्जन लिन तयार हुनुभयो।"},{"$i":"enjoyYourPhoneUpdated","$v":"तपाईंँ आफ्नो नयाँ फोनको मनोरञ्जन लिन तयार हुनुभयो ।"},{"$i":"optionsAvailable","$v":"तपाईंले भाषा, मिति/समय र वाइ-फाइ जडान सेटिङ्हरूमा परिवर्तन गर्नसक्नुहुन्छ।"},{"$i":"letsGo","$v":"ल जाऊँ"},{"$i":"startTour","$v":"भ्रमण सुरु गर्नुहोस्"},{"$i":"thatsIt1Tablet-2","$v":"तपाईं सधैं घर पर्दा प्रवेश गर्न तल किनाराबाट स्वाइप गर्न।"},{"$i":"thatsIt2Tablet-2","$v":"हामी गरौ!"},{"$i":"tutorial","$v":"अभ्यास"},{"$i":"tutorial-step1-large-3","$v":"Swipe down to access recent notifications, usage information and settings."},{"$i":"tutorial-step2-large-2","$v":"गृह पर्दामा नँया अनुप्रयोग पत्तालगाउनु परेमा दाँया अथवा बाँया छोएर सार्नुहोस् ।"},{"$i":"tutorial-step3-large-2","$v":"मेट्न वा ठाउँ सार्नको लागि प्रतिमा थिचिराख्नुहोस्|"},{"$i":"tutorial-step4-large-2","$v":"कार्ड भ्यु ट्रिगर गर्न तल्लो किनारा देखि आफ्ना दुई औंलाहरु माथि सार्नुहोस्।"},{"$i":"tutorial-vertical-scroll-v2-tiny","$v":"आफ्ना एप्स र बुकमार्कहरु पाउन औँला माथि र तल सार्नुहोस्। मेट्न, ठाउँ सार्न वा सम्पादन गर्नका लागि प्रतिमा थिचिराख्नुहोस्|"},{"$i":"tutorial-notifications-v2-tiny","$v":"Swipe down to access recent notifications, usage information and settings."},{"$i":"tutorial-sheets-tiny","$v":"भर्खरै प्रयोग गरिएका एप्सहरुमा फर्कन स्क्रिनको दायाँ किनाराबाट औँला घिसार्नुहोस्।"},{"$i":"tutorial-rocketbar-tiny","$v":"Tap on the search box anytime to start a search or go to a website."},{"$i":"tutorial-bookmarks-migration-tiny","$v":"Your bookmarks have been moved to the homescreen. When editing, tap a bookmark to edit or rename it."},{"$i":"tutorial-app-grouping-tiny","$v":"Tap to expand and collapse app groups. Drag an app into a new space to create a group."},{"$i":"offline-dialog-title","$v":"यो पृष्ठ हेर्नका लागि तपाईको फोन इन्टरनेटमा जडान हुनुपर्छ |"},{"$i":"offline-dialog-text","$v":["कृपया पछाडि गएर इन्टरनेट जडान गर्नुहोला | तपाईले यस पृष्ठ पछि पनि सेटिङमा गएर अथवा कुनै पनि ब्राउजरमा ",{"t":"idOrVar","v":"url"}," प्रविष्ट गरेर हेर्न सक्नुहुन्छ |"]},{"$i":"OK","$v":"ठीक छ"},{"$i":"offline-newsletter-dialog-title","$v":"समाचारपत्रको ग्राहाक बन्नका लागि तपाई इन्टरनेटसंग जडान हुनुपर्छ |"},{"$i":"offline-newsletter-dialog-text","$v":"कृपया पछाडि जानुहोस् र इन्टरनेटमा जडान गर्नुहोस्।"},{"$i":"invalid-email-dialog-title","$v":"तपाईको इमेल अवैध छ"},{"$i":"invalid-email-dialog-text","$v":"कृपया पछाडि गएर तपाईको गलती सच्चाउनुहोस् |"},{"$i":"retry","$v":"पुन: प्रयास गर्नुहोस्"},{"$i":"cancel","$v":"रद्द गर्नुहोस्"},{"$i":"progressbar","$v":[{"t":"idOrVar","v":"total"}," मध्येको ",{"t":"idOrVar","v":"step"}," चरण"],"ariaLabel":"पहिलो चोटिको अनुभव"},{"$i":"weekday-0-long","$v":"आइतबार"},{"$i":"weekday-1-long","$v":"सोमबार"},{"$i":"weekday-2-long","$v":"मंगलबार"},{"$i":"weekday-3-long","$v":"बुधबार"},{"$i":"weekday-4-long","$v":"बिहिबार"},{"$i":"weekday-5-long","$v":"शुक्रबार"},{"$i":"weekday-6-long","$v":"शनिबार"},{"$i":"weekday-0-short","$v":"आइत"},{"$i":"weekday-1-short","$v":"सोम"},{"$i":"weekday-2-short","$v":"मङ्गल"},{"$i":"weekday-3-short","$v":"बुध"},{"$i":"weekday-4-short","$v":"बिहि"},{"$i":"weekday-5-short","$v":"शुक्र"},{"$i":"weekday-6-short","$v":"शनि"},{"$i":"month-0-long","$v":"जनवरी"},{"$i":"month-1-long","$v":"फेब्रुअरी"},{"$i":"month-2-long","$v":"ंमार्च"},{"$i":"month-3-long","$v":"अप्रिल"},{"$i":"month-4-long","$v":"मे"},{"$i":"month-5-long","$v":"जुन"},{"$i":"month-6-long","$v":"जुलाई"},{"$i":"month-7-long","$v":"अगस्ट"},{"$i":"month-8-long","$v":"सेप्टेम्बर"},{"$i":"month-9-long","$v":"अक्टोबर"},{"$i":"month-10-long","$v":"नोभेम्बर"},{"$i":"month-11-long","$v":"डिसेम्बर"},{"$i":"month-0-genitive","$v":"जनवरी"},{"$i":"month-1-genitive","$v":"फेब्रुअरी"},{"$i":"month-2-genitive","$v":"ंमार्च"},{"$i":"month-3-genitive","$v":"अप्रिल"},{"$i":"month-4-genitive","$v":"मे"},{"$i":"month-5-genitive","$v":"जुन"},{"$i":"month-6-genitive","$v":"जुलाई"},{"$i":"month-7-genitive","$v":"अगस्ट"},{"$i":"month-8-genitive","$v":"सेप्टेम्बर"},{"$i":"month-9-genitive","$v":"अक्टोबर"},{"$i":"month-10-genitive","$v":"नोभेम्बर"},{"$i":"month-11-genitive","$v":"डिसेम्बर"},{"$i":"month-0-short","$v":"जन"},{"$i":"month-1-short","$v":"फेब"},{"$i":"month-2-short","$v":"मार्च"},{"$i":"month-3-short","$v":"अप्रिल"},{"$i":"month-4-short","$v":"मे"},{"$i":"month-5-short","$v":"जुन"},{"$i":"month-6-short","$v":"जुलाई"},{"$i":"month-7-short","$v":"अगस्ट"},{"$i":"month-8-short","$v":"सेप्टेम्वर"},{"$i":"month-9-short","$v":"अक्टुवर"},{"$i":"month-10-short","$v":"नोभेम्वर"},{"$i":"month-11-short","$v":"डिसेम्वर"},{"$i":"minutes-ago-long","$v":{"zero":"भर्खरै","one":"एक मिनेट अगाडि","two":[{"t":"idOrVar","v":"value"}," मिनेट अगाडि"],"few":[{"t":"idOrVar","v":"value"}," मिनेट अगाडि"],"many":[{"t":"idOrVar","v":"value"}," मिनेट अगाडि"],"other":[{"t":"idOrVar","v":"value"}," मिनेट अगाडि"]},"$x":[{"t":"idOrVar","v":"plural"},"value"]},{"$i":"hours-ago-long","$v":{"zero":"भर्खरै","one":"एक घन्टा अगाडि","two":[{"t":"idOrVar","v":"value"}," घण्टा अगाडि"],"few":[{"t":"idOrVar","v":"value"}," घण्टा अगाडि"],"many":[{"t":"idOrVar","v":"value"}," घण्टा अगाडि"],"other":[{"t":"idOrVar","v":"value"}," घण्टा अगाडि"]},"$x":[{"t":"idOrVar","v":"plural"},"value"]},{"$i":"days-ago-long","$v":{"zero":"आज","one":"हिजो","two":[{"t":"idOrVar","v":"value"}," दिन अगाडि"],"few":[{"t":"idOrVar","v":"value"}," दिन अगाडि"],"many":[{"t":"idOrVar","v":"value"}," दिन अगाडि"],"other":[{"t":"idOrVar","v":"value"}," दिन अगाडि"]},"$x":[{"t":"idOrVar","v":"plural"},"value"]},{"$i":"weeks-ago-long","$v":{"zero":"यो हप्ता","one":"गएको हप्ता","two":[{"t":"idOrVar","v":"value"}," हप्ता अगाडि"],"few":[{"t":"idOrVar","v":"value"}," हप्ता अगाडि"],"many":[{"t":"idOrVar","v":"value"}," हप्ता अगाडि"],"other":[{"t":"idOrVar","v":"value"}," हप्ता अगाडि"]},"$x":[{"t":"idOrVar","v":"plural"},"value"]},{"$i":"months-ago-long","$v":{"zero":"यो महिना","one":"गएको महिना","two":[{"t":"idOrVar","v":"value"}," महिना अगाडि"],"few":[{"t":"idOrVar","v":"value"}," महिना अगाडि"],"many":[{"t":"idOrVar","v":"value"}," महिना अगाडि"],"other":[{"t":"idOrVar","v":"value"}," महिना अगाडि"]},"$x":[{"t":"idOrVar","v":"plural"},"value"]},{"$i":"years-ago-long","$v":{"zero":"यो वर्ष","one":"अघिल्लो वर्ष","two":[{"t":"idOrVar","v":"value"}," वर्ष अगाडि"],"few":[{"t":"idOrVar","v":"value"}," वर्ष अगाडि"],"many":[{"t":"idOrVar","v":"value"}," वर्ष अगाडि"],"other":[{"t":"idOrVar","v":"value"}," वर्ष अगाडि"]},"$x":[{"t":"idOrVar","v":"plural"},"value"]},{"$i":"minutes-until-long","$v":{"zero":"अहिले","one":"एक मिनेटमा","two":[{"t":"idOrVar","v":"value"}," मिनेटमा"],"few":[{"t":"idOrVar","v":"value"}," मिनेटमा"],"many":[{"t":"idOrVar","v":"value"}," मिनेटमा"],"other":[{"t":"idOrVar","v":"value"}," मिनेटमा"]},"$x":[{"t":"idOrVar","v":"plural"},"value"]},{"$i":"hours-until-long","$v":{"zero":"अहिले","one":"एक घण्टामा","two":[{"t":"idOrVar","v":"value"}," घण्टामा"],"few":[{"t":"idOrVar","v":"value"}," घण्टामा"],"many":[{"t":"idOrVar","v":"value"}," घण्टामा"],"other":[{"t":"idOrVar","v":"value"}," घण्टामा"]},"$x":[{"t":"idOrVar","v":"plural"},"value"]},{"$i":"days-until-long","$v":{"zero":"आज","one":"भोलि","two":[{"t":"idOrVar","v":"value"}," दिनमा"],"few":[{"t":"idOrVar","v":"value"}," दिनमा"],"many":[{"t":"idOrVar","v":"value"}," दिनमा"],"other":[{"t":"idOrVar","v":"value"}," दिनमा"]},"$x":[{"t":"idOrVar","v":"plural"},"value"]},{"$i":"weeks-until-long","$v":{"zero":"यो हप्ता","one":"पछिल्लो हप्ता","two":[{"t":"idOrVar","v":"value"}," हप्तामा"],"few":[{"t":"idOrVar","v":"value"}," हप्तामा"],"many":[{"t":"idOrVar","v":"value"}," हप्तामा"],"other":[{"t":"idOrVar","v":"value"}," हप्तामा"]},"$x":[{"t":"idOrVar","v":"plural"},"value"]},{"$i":"months-until-long","$v":{"zero":"यस महिना","one":"पछिल्लो महिना","two":[{"t":"idOrVar","v":"value"}," महिनामा"],"few":[{"t":"idOrVar","v":"value"}," महिनामा"],"many":[{"t":"idOrVar","v":"value"}," महिनामा"],"other":[{"t":"idOrVar","v":"value"}," महिनामा"]},"$x":[{"t":"idOrVar","v":"plural"},"value"]},{"$i":"years-until-long","$v":{"zero":"यस बर्ष","one":"आर्को बर्ष","two":[{"t":"idOrVar","v":"value"}," बर्षमा"],"few":[{"t":"idOrVar","v":"value"}," बर्षमा"],"many":[{"t":"idOrVar","v":"value"}," वर्षमा"],"other":[{"t":"idOrVar","v":"value"}," वर्षमा"]},"$x":[{"t":"idOrVar","v":"plural"},"value"]},{"$i":"minutes-ago-short","$v":{"zero":"भर्खरै","other":[{"t":"idOrVar","v":"value"},"मिनेट अघि"]},"$x":[{"t":"idOrVar","v":"plural"},"value"]},{"$i":"hours-ago-short","$v":{"zero":"भर्खरै","other":[{"t":"idOrVar","v":"value"},"घण्टा अघि"]},"$x":[{"t":"idOrVar","v":"plural"},"value"]},{"$i":"days-ago-short","$v":{"zero":"आज","other":[{"t":"idOrVar","v":"value"},"दिन अघि"]},"$x":[{"t":"idOrVar","v":"plural"},"value"]},{"$i":"minutes-until-short","$v":{"zero":"अहिले","other":[{"t":"idOrVar","v":"value"},"मिनेटमा"]},"$x":[{"t":"idOrVar","v":"plural"},"value"]},{"$i":"hours-until-short","$v":{"zero":"अहिले","other":[{"t":"idOrVar","v":"value"},"घण्टामा"]},"$x":[{"t":"idOrVar","v":"plural"},"value"]},{"$i":"days-until-short","$v":{"zero":"आज","other":[{"t":"idOrVar","v":"value"},"दिनमा"]},"$x":[{"t":"idOrVar","v":"plural"},"value"]},{"$i":"incorrectDate","$v":"(गलत मिति)"},{"$i":"dateTimeFormat_%c","$v":"%a %b %e %Y %I:%M:%S %p"},{"$i":"dateTimeFormat_%x","$v":"%m/%d/%Y"},{"$i":"dateTimeFormat_%X","$v":"%I:%M:%S %p"},{"$i":"shortTimeFormat","$v":"%I:%M %p"},{"$i":"shortTimeFormat12","$v":"%I:%M %p"},{"$i":"shortTimeFormat24","$v":"%H:%M"},{"$i":"shortDateTimeFormat","$v":"%x %I:%M %p"},{"$i":"weekStartsOnMonday","$v":"0"},{"$i":"firstDayOfTheWeek","$v":"0"},{"$i":"time_am","$v":"ए एम"},{"$i":"time_pm","$v":"पी एम"},{"$i":"tz-region","$v":"क्षेत्र"},{"$i":"tz-city","$v":"शहर"},{"$i":"tzRegion-Africa","$v":"अफ्रिका"},{"$i":"tzRegion-America","$v":"अमेरिका"},{"$i":"tzRegion-Antarctica","$v":"एन्टार्क्टिका"},{"$i":"tzRegion-Asia","$v":"एसिया"},{"$i":"tzRegion-Atlantic","$v":"एटलान्टिक महासागर"},{"$i":"tzRegion-Australia","$v":"अस्ट्रेलिया"},{"$i":"tzRegion-Europe","$v":"युरोप"},{"$i":"tzRegion-Indian","$v":"इण्डियन महासागर"},{"$i":"tzRegion-Pacific","$v":"प्रशान्त महासागर"},{"$i":"close","$v":"बन्द गर्नुहोस्"},{"$i":"import","$v":"आयात गर्नुहोस्"},{"$i":"update","$v":"अद्यावधिक गर्नुहोस्"},{"$i":"fbFriends","$v":"फेसबुकका साथीहरु"},{"$i":"live-serviceName","$v":"आउटलूक"},{"$i":"gmail-serviceName","$v":"जीमेल"},{"$i":"facebook-serviceName","$v":"फेसबुकका साथीहरु"},{"$i":"selectAll","$v":"सबै चयन गर्नुहोस्"},{"$i":"deselectAll","$v":"सबै चयनबाट हटाउनुहोस्"},{"$i":"viewAll","$v":"सबै फेसबुक साथीहरु देखाउनुहोस्"},{"$i":"viewRecommend","$v":"सिफारिश भएकाहरु मात्र हेर्नुहोस्"},{"$i":"linkProposal","$v":{"zero":"नाम मिल्ने साथी भेटिएन। सबै हेर्नुहोस्।","one":"सिफारिस गरिएकोलाई रोज्नुहोस्।","two":"सिफारिस गरिएकोमा एक चयन गर्नुहोस्","few":"सिफारिस गरिएकोमा एक रोज्नुहोस्।","many":"सिफारिस गरिएकोमा एक रोज्नुहोस्।","other":"सिफारिस गरिएकोमा एक रोज्नुहोस्।"},"$x":[{"t":"idOrVar","v":"plural"},"numFriends"]},{"$i":"fbFriendsFound","$v":{"zero":"सबै साथीहरु आयात गरियो","one":"अायात गर्नका लगि एकजना साथी भेटियो","two":["अायात गर्नका लगि ",{"t":"idOrVar","v":"numFriends"},"जना साथीहरु भेटिए"],"few":["अायात गर्नका लगि ",{"t":"idOrVar","v":"numFriends"},"जना साथीहरु भेटिए"],"many":["अायात गर्नका लगि ",{"t":"idOrVar","v":"numFriends"},"जना साथीहरु भेटिए"],"other":["अायात गर्नका लगि ",{"t":"idOrVar","v":"numFriends"},"जना साथीहरु भेटिए"]},"$x":[{"t":"idOrVar","v":"plural"},"numFriends"]},{"$i":"fbNoFriends","$v":"आयात गर्न कुनै सम्पर्क उपलब्ध छैन"},{"$i":"search-contact","placeholder":"खोजी"},{"$i":"noResults","$v":"कुनै पनि सम्पर्क फेला परेन"},{"$i":"done-search","$v":"गरियो"},{"$i":"progressFB3ImportTitle","$v":"साथीहरु सम्पर्कमा आयात हुँदैछ"},{"$i":"progressFB","$v":[{"t":"idOrVar","v":"current"},"/",{"t":"idOrVar","v":"total"}]},{"$i":"progressFB3UpdateTitle","$v":"साथीहरु सम्पर्कमा अद्यावधिक हुँदैछ"},{"$i":"message2","$v":"यो हुन केहि मिनेट लाग्न सक्छ"},{"$i":"messageLinking","$v":"कृपया पर्खिनुहोस्। तपाईको साथी र सम्पर्क को जडान गर्दैछौँ।"},{"$i":"messageCanceling","$v":" कृपया पर्खनुहोस्। हामी कार्यवाहक प्रक्रिया रोक्दै छौ।"},{"$i":"error1","$v":[{"t":"idOrVar","v":"from"}," त्रुटि"]},{"$i":"error2","$v":"के तपाई पुन: प्रयास गर्न चाहनुहुन्छ?"},{"$i":"errorProposal","$v":"प्रस्तावहरुको गणना गर्दै"},{"$i":"errorFriends","$v":"साथीहरु पुन: प्राप्त गर्दै"},{"$i":"errorLinking","$v":"सम्पर्कहरु जडान गर्दै"},{"$i":"timeout1","$v":[{"t":"idOrVar","v":"from"}," बाट समय पार भयो"]},{"$i":"timeout2","$v":"के तपाईँ पुन: प्रयास गर्न चाहनुहुन्छ ?"},{"$i":"timeoutProposal","$v":"प्रस्तावहरुको गणना गर्दै"},{"$i":"timeoutFriends","$v":"साथीहरु पुन: प्राप्त गर्दै"},{"$i":"timeoutLinking","$v":"सम्पर्कहरु जडान गर्दै"},{"$i":"wait1","$v":"कृपया पर्खिनुहोस्"},{"$i":"wait2","$v":"यो कार्य हुन केहि मिनेट लाग्न सक्दछ"},{"$i":"waitProposal","$v":"कृपया पर्खिनुहोस्।हामि एउटा प्रस्तावको गणना गर्दैछौँ।"},{"$i":"waitFriends","$v":"कृपया पर्खनुहोस्। तपाईंको मित्र सुची प्राप्त गर्दैछौँ।"},{"$i":"curtainCancel","$v":"रद्द गर्नुहोस्"},{"$i":"curtainRetry","$v":"पुन:प्रयास गर्नुहोस्"},{"$i":"curtainOK","$v":"ठिक छ"},{"$i":"connectionLost","$v":"इन्टरनेट जडान छैन"},{"$i":"connectionLostMsg","$v":"तपाईको सम्पर्कहरुमा साथीहारुका तास्बिरहरु थपिनछैन। जे भए पनि जारी गर्नुहुन्छ?"},{"$i":"yesOption","$v":"ठिक छ"},{"$i":"noOption","$v":"रद्द गर्नुहोस्"},{"$i":"friendsUpdated","$v":{"zero":"कुनै साथी अपडेट गरिएन","one":"एउटा साथी अपडेट गरियो","two":[{"t":"idOrVar","v":"numFriends"}," साथीहरु अपडेट गरियो।"],"few":[{"t":"idOrVar","v":"numFriends"}," साथीहरु अपडेट गरियो।"],"many":[{"t":"idOrVar","v":"numFriends"}," साथीहरु अपडेट गरियो।"],"other":[{"t":"idOrVar","v":"numFriends"}," साथीहरु अपडेट गरियो।"]},"$x":[{"t":"idOrVar","v":"plural"},"numFriends"]},{"$i":"friendsMerged","$v":{"zero":"कुनै दोब्बर मित्रहरु मर्ज छैन","one":"एक दोब्बर मित्र मर्ज","two":[{"t":"idOrVar","v":"numDups"}," मित्रहरुलाई मर्ज"],"few":[{"t":"idOrVar","v":"numDups"}," मित्रहरुलाई मर्ज"]},"$x":[{"t":"idOrVar","v":"plural"},"numDups"]},{"$i":"notificationLogin","$v":"तपाईंको फेसबूक सेसन अमान्य छ। कृपया साइन इन गर्नुहोस्।"},{"$i":"syncError","$v":"तपाईको साथीको डाटा समक्रमण गर्दा त्रुटि भएको थियो"}]