[{"$i":"brandShortName","$v":"B2G OS"},{"$i":"browserBrandShortName","$v":"Web Browser"},{"$i":"browserBrandFullName","$v":"Mozilla Web Browser"},{"$i":"ringtoneBrandName","$v":"Default"},{"$i":"ringtoneSectionBrandName","$v":"System"},{"$i":"back","$v":"Terug"},{"$i":"noSimMsg","$v":"Plaats of ontgrendel uw simkaart om contacten te importeren"},{"$i":"noMemoryCardMsg","$v":"Plaats een geheugenkaart om contacten te importeren"},{"$i":"importMemoryCard","$v":"Geheugenkaart"},{"$i":"noConnection11","$v":"Maak verbinding met een wifi- of gegevensnetwerk om Facebook-vrienden of contacten te importeren"},{"$i":"emptyAccount","$v":"Geen vrienden of contacten gevonden in deze account."},{"$i":"simContacts-import","$v":"Simcontacten importeren"},{"$i":"simContacts-importing","$v":"Simcontacten importeren…"},{"$i":"simContacts-reading","$v":"Lezen vanaf simkaart…"},{"$i":"simContacts-error","$v":"Kon geen contacten vanaf simkaart importeren"},{"$i":"simContacts-imported3","$v":{"zero":"Geen contacten op simkaart gevonden om te importeren","one":"Eén contact geïmporteerd","two":[{"t":"idOrVar","v":"n"}," contacten geïmporteerd"],"few":[{"t":"idOrVar","v":"n"}," contacten geïmporteerd"],"many":[{"t":"idOrVar","v":"n"}," contacten geïmporteerd"],"other":[{"t":"idOrVar","v":"n"}," contacten geïmporteerd"]},"$x":[{"t":"idOrVar","v":"plural"},"n"]},{"$i":"memoryCardContacts-import","$v":"Contacten van geheugenkaart importeren"},{"$i":"memoryCardContacts-importing","$v":"Contacten van geheugenkaart importeren…"},{"$i":"memoryCardContacts-reading","$v":"Lezen vanaf geheugenkaart…"},{"$i":"memoryCardContacts-error","$v":"Kon geen contacten vanaf geheugenkaart importeren"},{"$i":"memoryCardContacts-imported3","$v":{"zero":"Geen contacten op geheugenkaart gevonden om te importeren","one":"Eén contact geïmporteerd","two":[{"t":"idOrVar","v":"n"}," contacten geïmporteerd"],"few":[{"t":"idOrVar","v":"n"}," contacten geïmporteerd"],"many":[{"t":"idOrVar","v":"n"}," contacten geïmporteerd"],"other":["I",{"t":"idOrVar","v":"n"}," contacten geïmporteerd"]},"$x":[{"t":"idOrVar","v":"plural"},"n"]},{"$i":"genericProgress","$v":[{"t":"idOrVar","v":"current"},"/",{"t":"idOrVar","v":"total"}]},{"$i":"facebook","$v":"Facebook"},{"$i":"facebook-import-msg2","$v":[{"t":"idOrVar","v":"imported"},"/",{"t":"idOrVar","v":"total"}," vrienden geïmporteerd"]},{"$i":"contactsMerged","$v":{"zero":"Geen dubbele contacten samengevoegd","one":"Eén dubbel contact samengevoegd","two":[{"t":"idOrVar","v":"numDups"}," contacten samengevoegd"],"few":[{"t":"idOrVar","v":"numDups"}," contacten samengevoegd"],"many":[{"t":"idOrVar","v":"numDups"}," contacten samengevoegd"],"other":[{"t":"idOrVar","v":"numDups"}," contacten samengevoegd"]},"$x":[{"t":"idOrVar","v":"plural"},"numDups"]},{"$i":"pincode2","$v":"Voer pincode in"},{"$i":"type_pin","$v":"Typ uw pincode"},{"$i":"pincodeLabel","$v":["Pincode van simkaart ",{"t":"idOrVar","v":"n"}]},{"$i":"pinValidation","$v":"De pincode moet tussen 4 en 8 tekens bevatten."},{"$i":"pinError","$v":"De pincode was onjuist."},{"$i":"pinAttemptMsg2","$v":{"one":"U hebt één poging over om de juiste code in te voeren voordat de simkaart wordt vergrendeld.","two":["U hebt ",{"t":"idOrVar","v":"n"}," pogingen over om de juiste code in te voeren voordat de simkaart wordt vergrendeld."],"few":["U hebt ",{"t":"idOrVar","v":"n"}," pogingen over om de juiste code in te voeren voordat de simkaart wordt vergrendeld."],"many":["U hebt ",{"t":"idOrVar","v":"n"}," pogingen over om de juiste code in te voeren voordat de simkaart wordt vergrendeld."],"other":["U hebt ",{"t":"idOrVar","v":"n"}," pogingen over om de juiste code in te voeren voordat de simkaart wordt vergrendeld."]},"$x":[{"t":"idOrVar","v":"plural"},"n"]},{"$i":"pinLastChanceMsg","$v":"Dit is uw laatste kans om de juiste pincode in te voeren. Anders moet u de pukcode invoeren om deze simkaart te gebruiken."},{"$i":"pukcode","$v":"Voer pukcode in"},{"$i":"pukcodeTitle","$v":["Voer pukcode van simkaart ",{"t":"idOrVar","v":"n"}," in"]},{"$i":"pukcodeLabel","$v":["Pukcode van simkaart ",{"t":"idOrVar","v":"n"}]},{"$i":"type_puk","$v":"Pukcode"},{"$i":"pukValidation","$v":"De pukcode moet precies 8 tekens bevatten."},{"$i":"pukInfo","$v":"U moet de persoonlijke deblokkeringscode (pukcode) voor de simkaart invoeren. Kijk in de documentatie van uw simkaart of neem contact op met uw mobiele provider voor meer informatie."},{"$i":"pukError","$v":"De pukcode was onjuist."},{"$i":"pukAttemptMsg2","$v":{"one":"U hebt één poging over om de juiste code in te voeren voordat deze simkaart blijvend onbruikbaar wordt. Kijk in de documentatie van uw simkaart of neem contact op met uw mobiele provider voor meer informatie.","two":["U hebt ",{"t":"idOrVar","v":"n"}," pogingen over om de juiste code in te voeren voordat deze simkaart blijvend onbruikbaar wordt. Kijk in de documentatie van uw simkaart of neem contact op met uw mobiele provider voor meer informatie."],"few":["U hebt ",{"t":"idOrVar","v":"n"}," pogingen over om de juiste code in te voeren voordat deze simkaart blijvend onbruikbaar wordt. Kijk in de documentatie van uw simkaart of neem contact op met uw mobiele provider voor meer informatie."],"many":["U hebt ",{"t":"idOrVar","v":"n"}," pogingen over om de juiste code in te voeren voordat deze simkaart blijvend onbruikbaar wordt. Kijk in de documentatie van uw simkaart of neem contact op met uw mobiele provider voor meer informatie."],"other":["U hebt ",{"t":"idOrVar","v":"n"}," pogingen over om de juiste code in te voeren voordat deze simkaart blijvend onbruikbaar wordt. Kijk in de documentatie van uw simkaart of neem contact op met uw mobiele provider voor meer informatie."]},"$x":[{"t":"idOrVar","v":"plural"},"n"]},{"$i":"pukLastChanceMsg","$v":"Dit is uw laatste kans om de juiste pukcode in te voeren. Uw simkaart wordt blijvend onbruikbaar als u de verkeerde pukcode invoert."},{"$i":"create_newpin","$v":"Creëer nieuwe pincode (4 tot 8 cijfers)"},{"$i":"confirm_newpin","$v":"Bevestig nieuwe pincode"},{"$i":"newpinConfirmation","$v":"Pincodes komen niet overeen"},{"$i":"nckcode","$v":"Voer NCK-code in"},{"$i":"cckcode","$v":"Voer CCK-code in"},{"$i":"spckcode","$v":"Voer SPCK-code in"},{"$i":"nck1code","$v":"Voer NCK1-code in"},{"$i":"nck2code","$v":"Voer NCK2-code in"},{"$i":"hnckcode","$v":"Voer HNCK-code in"},{"$i":"rcckcode","$v":"Voer RCCK-code in"},{"$i":"rspckcode","$v":"Voer RSPCK-code in"},{"$i":"nckcodeTitle","$v":["Voer NCK-code van simkaart ",{"t":"idOrVar","v":"n"}," in"]},{"$i":"cckcodeTitle","$v":["Voer CCK-code van simkaart ",{"t":"idOrVar","v":"n"}," in"]},{"$i":"spckcodeTitle","$v":["Voer SPCK-code van simkaart ",{"t":"idOrVar","v":"n"}," in"]},{"$i":"nck1codeTitle","$v":["Voer NCK1-code van simkaart ",{"t":"idOrVar","v":"n"}," in"]},{"$i":"nck2codeTitle","$v":["Voer NCK2-code van simkaart ",{"t":"idOrVar","v":"n"}," in"]},{"$i":"hnckcodeTitle","$v":["Voer HNCK-code van simkaart ",{"t":"idOrVar","v":"n"}," in"]},{"$i":"rcckcodeTitle","$v":["Voer RCCK-code van simkaart ",{"t":"idOrVar","v":"n"}," in"]},{"$i":"rspckcodeTitle","$v":["Voer RSPCK-code van simkaart ",{"t":"idOrVar","v":"n"}," in"]},{"$i":"nckcodeLabel","$v":["NCK-code van simkaart ",{"t":"idOrVar","v":"n"}]},{"$i":"cckcodeLabel","$v":["CCK-code van simkaart ",{"t":"idOrVar","v":"n"}]},{"$i":"spckcodeLabel","$v":["SPCK-code van simkaart ",{"t":"idOrVar","v":"n"}]},{"$i":"nck1codeLabel","$v":["NCK1-code van simkaart ",{"t":"idOrVar","v":"n"}]},{"$i":"nck2codeLabel","$v":["NCK2-code van simkaart ",{"t":"idOrVar","v":"n"}]},{"$i":"hnckcodeLabel","$v":["HNCK-code van simkaart ",{"t":"idOrVar","v":"n"}]},{"$i":"rcckcodeLabel","$v":["RCCK-code van simkaart ",{"t":"idOrVar","v":"n"}]},{"$i":"rspckcodeLabel","$v":["RSPCK-code van simkaart ",{"t":"idOrVar","v":"n"}]},{"$i":"type_nck","$v":"Typ uw NCK-code"},{"$i":"type_cck","$v":"Typ uw CCK-code"},{"$i":"type_spck","$v":"Typ uw SPCK-code"},{"$i":"type_nck1","$v":"Typ uw NCK1-code"},{"$i":"type_nck2","$v":"Typ uw NCK2-code"},{"$i":"type_hnck","$v":"Typ uw HNCK-code"},{"$i":"type_rcck","$v":"Typ uw RCCK-code"},{"$i":"type_rspck","$v":"Typ uw RSPCK-code"},{"$i":"nckValidation","$v":"NCK moet tussen 8 en 16 tekens bevatten."},{"$i":"cckValidation","$v":"CCK moet tussen 8 en 16 tekens bevatten."},{"$i":"spckValidation","$v":"SPCK moet tussen 8 en 16 tekens bevatten."},{"$i":"nck1Validation","$v":"NCK1 moet tussen 8 en 16 tekens bevatten."},{"$i":"nck2Validation","$v":"NCK2 moet tussen 8 en 16 tekens bevatten."},{"$i":"hnckValidation","$v":"HNCK moet tussen 8 en 16 tekens bevatten."},{"$i":"rcckValidation","$v":"RCCK moet tussen 8 en 16 tekens bevatten."},{"$i":"rspckValidation","$v":"RSPCK moet tussen 8 en 16 tekens bevatten."},{"$i":"nckErrorMsg","$v":"De NCK-code is onjuist."},{"$i":"nckAttemptMsg2","$v":{"one":"Fout bij netwerkdepersonalisatieverzoek. U hebt één poging over om de juiste code in te voeren. Kijk in de documentatie van uw apparaat of neem contact op met uw mobiele provider voor meer informatie.","two":["Fout bij netwerkdepersonalisatieverzoek. U hebt ",{"t":"idOrVar","v":"n"}," pogingen over om de juiste code in te voeren. Kijk in de documentatie van uw apparaat of neem contact op met uw mobiele provider voor meer informatie."],"few":["Fout bij netwerkdepersonalisatieverzoek. U hebt ",{"t":"idOrVar","v":"n"}," pogingen over om de juiste code in te voeren. Kijk in de documentatie van uw apparaat of neem contact op met uw mobiele provider voor meer informatie."],"many":["Fout bij netwerkdepersonalisatieverzoek. U hebt ",{"t":"idOrVar","v":"n"}," pogingen over om de juiste code in te voeren. Kijk in de documentatie van uw apparaat of neem contact op met uw mobiele provider voor meer informatie."],"other":["Fout bij netwerkdepersonalisatieverzoek. U hebt ",{"t":"idOrVar","v":"n"}," pogingen over om de juiste code in te voeren. Kijk in de documentatie van uw apparaat of neem contact op met uw mobiele provider voor meer informatie."]},"$x":[{"t":"idOrVar","v":"plural"},"n"]},{"$i":"nckLastChanceMsg","$v":"Fout bij netwerkdepersonalisatieverzoek. Dit is uw laatste kans om de juiste NCK-code in te voeren. Kijk in de documentatie van uw apparaat of neem contact op met uw mobiele provider voor meer informatie."},{"$i":"skip","$v":"Overslaan"},{"$i":"send","$v":"Bevestigen"},{"$i":"ok","$v":"OK"},{"$i":"simLocked","$v":"De simkaart is vergrendeld"},{"$i":"inputCodeRetriesLeft","$v":{"one":"Laatste poging.","two":[{"t":"idOrVar","v":"n"}," pogingen over."],"few":[{"t":"idOrVar","v":"n"}," pogingen over."],"many":[{"t":"idOrVar","v":"n"}," pogingen over."],"other":[{"t":"idOrVar","v":"n"}," pogingen over."]},"$x":[{"t":"idOrVar","v":"plural"},"n"]},{"$i":"simManager","$v":"Simkaartbeheerder"},{"$i":"simDetail","$v":["Simkaart ",{"t":"idOrVar","v":"n"}]},{"$i":"simDefault","$v":"(standaard)"},{"$i":"simDefaultMessage","$v":"Uitgaande oproepen, uitgaande berichten en de gegevensverbinding worden standaard naar simkaart 1 ingesteld"},{"$i":"simSettingsMessage","$v":"U kunt standaardinstellingen wijzigen bij Instellingen > Simkaartbeheerder"},{"$i":"simPinLocked","$v":"Simpincode vergrendeld"},{"$i":"noOperator","$v":"Geen operator"},{"$i":"searchingOperator","$v":"Zoeken"},{"$i":"language","$v":"Taal"},{"$i":"3g","$v":"Gegevensverkeer"},{"$i":"dataConnection","$v":"Gegevens inschakelen"},{"$i":"dataConnectionInfo","$v":"Door de gegevensverbinding nu in te schakelen kunt u uw telefoon instellen zonder een wifi-verbinding. U kunt dit ook later inschakelen via Instellingen. Zorg ervoor dat u een gegevensabonnement bij uw mobiele provider hebt om mogelijk hoge rekeningen te voorkomen."},{"$i":"caution","$v":"Waarschuwing"},{"$i":"geolocation","$v":"Geolocatie"},{"$i":"geolocationCheckbox","$v":"Geolocatie inschakelen"},{"$i":"geolocationInfo2","$v":[{"t":"idOrVar","v":"brandShortName"}," gebruikt gegevens als gps, wifi en mobiele netwerken in uw omgeving om uw geschatte locatie te helpen bepalen."]},{"$i":"geolocationInfoMore","$v":"Deze gegevens worden naar Mozilla en andere serviceproviders verzonden en gezamenlijk gebruikt om de locatiedatabases te verbeteren. Mogelijk worden gegevens op uw apparaat bewaard, en gegevensverzameling kan ook plaatsvinden als er geen apps actief zijn."},{"$i":"notice","$v":"Kennisgeving"},{"$i":"aboutYourPrivacy","$v":"Meer over uw privacy"},{"$i":"scanningNetworks","$v":"Scannen naar netwerken"},{"$i":"selectNetwork","$v":"Netwerken"},{"$i":"shortStatus-connecting","$v":"Verbinden…"},{"$i":"shortStatus-associated","$v":"IP-adres verkrijgen…"},{"$i":"shortStatus-connected","$v":"Verbonden"},{"$i":"shortStatus-connectingfailed","$v":"Verbinding mislukt"},{"$i":"shortStatus-disconnected","$v":"Offline"},{"$i":"securedBy","$v":["beveiligd door ",{"t":"idOrVar","v":"capabilities"}]},{"$i":"security","$v":"Beveiliging"},{"$i":"securityNone","$v":"Geen"},{"$i":"securityWEP","$v":"WEP"},{"$i":"securityWPA-PSK","$v":"WPA-PSK"},{"$i":"securityWPA-EAP","$v":"WPA-EAP"},{"$i":"securityOpen","$v":"Open","ariaLabel":"Beveiliging"},{"$i":"identity","$v":"Gebruiker"},{"$i":"identityInput","placeholder":"Gebruiker"},{"$i":"password","$v":"Wachtwoord"},{"$i":"passwordInput","placeholder":"Wachtwoord"},{"$i":"showPassword","$v":"Wachtwoord tonen"},{"$i":"refresh","$v":"Vernieuwen"},{"$i":"noWifiFound3","$v":"Geen draadloze netwerken gevonden"},{"$i":"join-hidden-button","$v":"Verborgen netwerk toevoegen"},{"$i":"authentication","$v":"Authenticatie"},{"$i":"ssid-name","$v":"SSID-netwerknaam"},{"$i":"wifiLevel","ariaLabel":[{"t":"idOrVar","v":"level"}," van 4 balkjes"]},{"$i":"networksList","ariaLabel":"Gevonden netwerken"},{"$i":"dateAndTime","$v":"Datum & tijd"},{"$i":"timezoneTitle","$v":["UTC",{"t":"idOrVar","v":"utcOffset"}," ",{"t":"idOrVar","v":"region"},"/",{"t":"idOrVar","v":"city"}]},{"$i":"timeZone","$v":"Tijdzone"},{"$i":"change","$v":"Wijzigen"},{"$i":"region","ariaLabel":"Regio"},{"$i":"city","ariaLabel":"Stad"},{"$i":"date","ariaLabel":"Datum"},{"$i":"time","ariaLabel":"Tijd"},{"$i":"importContacts3","$v":"Contacten importeren"},{"$i":"importSim2","$v":"Simkaart"},{"$i":"importFb2","$v":"Facebook"},{"$i":"importOutlook","$v":"Outlook"},{"$i":"importGmail","$v":"Gmail"},{"$i":"fb-checking","$v":"… controleren"},{"$i":"notImportedYet","$v":"Nog niet geïmporteerd"},{"$i":"otherAccount","$v":"Andere accounts"},{"$i":"afterFbImport","$v":"U kunt Facebook-vrienden altijd importeren en bewerken in de instellingen voor Contacten"},{"$i":"firefox-accounts","$v":"Firefox-accounts"},{"$i":"fxa-upsell","innerHTML":"Met een Firefox-account kunt u een verloren telefoon vinden en apps kopen in de Firefox Marketplace."},{"$i":"fxa-create-account-or-sign-in","$v":"Account aanmaken of aanmelden"},{"$i":"fxa-email-sent","$v":["Er is een verificatiekoppeling naar ",{"t":"idOrVar","v":"email"}," verzonden"]},{"$i":"fxa-signed-in","$v":["Aangemeld als ",{"t":"idOrVar","v":"email"}]},{"$i":"about-your-rights-0","$v":[{"t":"idOrVar","v":"brandShortName"}," is gebouwd op vrije en opensourcesoftware door een gemeenschap van duizenden mensen over de hele wereld. Er zijn een paar zaken die u moet weten:"]},{"$i":"about-your-rights-1","$v":[{"t":"idOrVar","v":"brandShortName"}," wordt voor u beschikbaar gesteld onder de voorwaarden van diverse opensourcelicenties, waaronder de Mozilla Public License. Een apparaat dat met ",{"t":"idOrVar","v":"brandShortName"}," werkt kan tevens bedrijfseigen software van derden bevatten. Code die onder open licenties wordt verschaft geeft u het recht om de broncode te modificeren en uw aangepaste versies te verspreiden, zolang u aan de voorwaarden ervan voldoet."]},{"$i":"about-your-rights-2","$v":["Er worden u geen rechten of licenties verleend op de handelsmerken van de Mozilla Foundation of enige andere partij, met inbegrip van en zonder beperking tot de naam of het logo van ",{"t":"idOrVar","v":"brandShortName"},"."]},{"$i":"about-your-rights-3","$v":["Een aantal onderdelen in ",{"t":"idOrVar","v":"brandShortName"},", zoals de Crashreporter, bieden u de mogelijkheid om feedback aan Mozilla te leveren. Door het indienen van feedback geeft u Mozilla toestemming om de feedback te gebruiken om zijn producten te verbeteren, de feedback op zijn websites te publiceren en de feedback te verspreiden."]},{"$i":"about-other","$v":"Overige"},{"$i":"SIM_mandatory","$v":"Simkaartwaarschuwing"},{"$i":"SIM_mandatory_warm","$v":"Plaats een simkaart en herstart uw telefoon."},{"$i":"telemetry-sends2","$v":["Telemetry verzendt gegevens over prestaties, hardware, configuraties, aanpassingen en appgebruik in uw ",{"t":"idOrVar","v":"brandShortName"},"-apparaat naar Mozilla. We gebruiken dit om onze producten beter, sneller en responsiever te maken."]},{"$i":"learn-more-telemetry2","innerHTML":["Lees meer op <a href=\"",{"t":"idOrVar","v":"href"},"\" class=\"",{"t":"idOrVar","v":"className"},"\">",{"t":"idOrVar","v":"textContent"},"</a>"]},{"$i":"learn-more-information2","innerHTML":["Lees hoe Mozilla met uw gegevens omgaat op <a href=\"",{"t":"idOrVar","v":"href"},"\" class=\"",{"t":"idOrVar","v":"className"},"\">",{"t":"idOrVar","v":"textContent"},"</a>"]},{"$i":"htmlWelcome2","innerHTML":["Welkom bij <a href=\"",{"t":"idOrVar","v":"href"},"\" class=\"",{"t":"idOrVar","v":"className"},"\">",{"t":"idOrVar","v":"textContent"},"</a>, het vrije en opensource-besturingssysteem van Mozilla. Onze missie is het bevorderen van openheid, innovatie en mogelijkheden door de kracht van het internet in uw handen te houden."]},{"$i":"htmlWelcome-link","$v":[{"t":"idOrVar","v":"brandShortName"}]},{"$i":"helpImprove2","innerHTML":["U kunt ons helpen onze producten en services te verbeteren door automatisch analysegegevens te verzenden. Bekijk onze <a href=\"",{"t":"idOrVar","v":"href"},"\" class=\"",{"t":"idOrVar","v":"className"},"\">",{"t":"idOrVar","v":"textContent"},"</a> voor info over hoe we met gegevens van uw apparaat omgaan."]},{"$i":"helpImprove-link","$v":"privacyverklaring"},{"$i":"learn-more-privacy2","innerHTML":["Lees hoe Mozilla met uw gegevens omgaat in ons <a href=\"",{"t":"idOrVar","v":"href"},"\" class=\"",{"t":"idOrVar","v":"className"},"\">",{"t":"idOrVar","v":"textContent"},"</a>."]},{"$i":"learn-more-privacy-link","$v":"privacybeleid"},{"$i":"aboutBrowser","$v":["Over ",{"t":"idOrVar","v":"brandShortName"}]},{"$i":"aboutYourPrivacy2","$v":"Uw privacy"},{"$i":"mozillaCommunity2","$v":["Wanneer u ",{"t":"idOrVar","v":"brandShortName"}," gebruikt, wordt u onderdeel van een wereldwijde gemeenschap die een betere toekomst voor het internet helpt te bouwen. Als u meer wilt weten over de Mozilla-gemeenschap, onze andere producten en evenementen in uw omgeving, voer dan hieronder uw e-mailadres in."]},{"$i":"sharePerformanceAndUsageData2","$v":"Ja! Gegevens verzenden."},{"$i":"emailAddress","placeholder":"E-mailadres"},{"$i":"email-successfully-added","$v":"E-mailadres met succes toegevoegd"},{"$i":"email-loading","$v":"Uw e-mailadres opslaan…"},{"$i":"privacy-b2g","$v":[{"t":"idOrVar","v":"brandShortName"}],"title":[{"t":"idOrVar","v":"brandShortName"}]},{"$i":"privacy-marketplace","$v":"Marketplace","title":[{"t":"idOrVar","v":"privacy-marketplace"}]},{"$i":"privacy-eme","$v":"EverythingMe"},{"$i":"privacy-e-me","title":[{"t":"idOrVar","v":"privacy-e-me"}]},{"$i":"navbar-back","$v":"Terug"},{"$i":"navbar-next","$v":"Volgende"},{"$i":"navbar-join","$v":"Verbinden"},{"$i":"done","$v":"Gereed"},{"$i":"thatsIt","$v":"Dat is alles!"},{"$i":"startYourPhone","$v":"Start uw rondleiding!"},{"$i":"startYourTablet","$v":"Start uw rondleiding!"},{"$i":"joinTutorial","$v":"Volg de snelle zelfstudie over uw nieuwe telefoon."},{"$i":"joinTutorialUpdated","$v":"Volg de snelle zelfstudie over de updates voor uw telefoon!"},{"$i":"enjoyYourPhone","$v":"U kunt nu van uw telefoon genieten."},{"$i":"enjoyYourPhoneUpdated","$v":"U kunt nu van uw bijgewerkte telefoon genieten."},{"$i":"optionsAvailable","$v":"U kunt de taal, datum/tijd en wifi-verbinding wijzigen onder Instellingen."},{"$i":"letsGo","$v":"Beginnen"},{"$i":"startTour","$v":"Starten"},{"$i":"thatsIt1Tablet-2","$v":"U kunt altijd vanaf de onderste rand vegen om het startscherm te benaderen."},{"$i":"thatsIt2Tablet-2","$v":"Ga uw gang!"},{"$i":"tutorial","$v":"Zelfstudie"},{"$i":"tutorial-step1-large-3","$v":"Veeg omlaag om recente meldingen, gebruiksgegevens en instellingen te benaderen."},{"$i":"tutorial-step2-large-2","$v":"Veeg naar links of naar rechts om nieuwe apps op het startscherm te ontdekken."},{"$i":"tutorial-step3-large-2","$v":"Houd uw vinger op een pictogram om het te verwijderen of te verplaatsen."},{"$i":"tutorial-step4-large-2","$v":"Veeg met twee vingers omhoog vanaf de onderkant om kaartweergave te starten."},{"$i":"tutorial-vertical-scroll-v2-tiny","$v":"Veeg omhoog en omlaag om door uw apps en bladwijzers te bladeren. Houd uw vinger op een pictogram om het te verwijderen, verplaatsen of te bewerken."},{"$i":"tutorial-notifications-v2-tiny","$v":"Veeg omlaag om recente meldingen, gebruiksgegevens en instellingen te benaderen."},{"$i":"tutorial-sheets-tiny","$v":"Sleep vanaf de linkerrand van uw scherm om naar onlangs gebruikte apps terug te keren."},{"$i":"tutorial-rocketbar-tiny","$v":"Tik op het zoekveld om een zoekopdracht te starten of naar een website te gaan."},{"$i":"tutorial-bookmarks-migration-tiny","$v":"Uw bladwijzers zijn naar het startscherm verplaatst. Tik bij het bewerken op een bladwijzer om deze te bewerken of te hernoemen."},{"$i":"tutorial-app-grouping-tiny","$v":"Tik om appgroepen uit en samen te vouwen. Sleep een app naar een nieuwe ruimte om een groep te maken."},{"$i":"offline-dialog-title","$v":"U moet verbinding hebben met het internet om de pagina te bekijken."},{"$i":"offline-dialog-text","$v":["Ga terug en maak verbinding met het internet. U kunt de pagina ook later bekijken vanuit Instellingen of door ",{"t":"idOrVar","v":"url"}," in te voeren in een browser."]},{"$i":"OK","$v":"OK"},{"$i":"offline-newsletter-dialog-title","$v":"U moet verbinding hebben met het internet om u op de nieuwsbrief te abonneren."},{"$i":"offline-newsletter-dialog-text","$v":"Ga terug en maak verbinding met het internet."},{"$i":"invalid-email-dialog-title","$v":"Uw e-mailadres is niet geldig"},{"$i":"invalid-email-dialog-text","$v":"Ga terug en corrigeer uw invoer."},{"$i":"retry","$v":"Opnieuw proberen"},{"$i":"cancel","$v":"Annuleren"},{"$i":"progressbar","$v":["Stap ",{"t":"idOrVar","v":"step"}," van ",{"t":"idOrVar","v":"total"}],"ariaLabel":"Eerste gebruik (FTE)"},{"$i":"weekday-0-long","$v":"zondag"},{"$i":"weekday-1-long","$v":"maandag"},{"$i":"weekday-2-long","$v":"dinsdag"},{"$i":"weekday-3-long","$v":"woensdag"},{"$i":"weekday-4-long","$v":"donderdag"},{"$i":"weekday-5-long","$v":"vrijdag"},{"$i":"weekday-6-long","$v":"zaterdag"},{"$i":"weekday-0-short","$v":"zon"},{"$i":"weekday-1-short","$v":"maa"},{"$i":"weekday-2-short","$v":"din"},{"$i":"weekday-3-short","$v":"woe"},{"$i":"weekday-4-short","$v":"don"},{"$i":"weekday-5-short","$v":"vrij"},{"$i":"weekday-6-short","$v":"zat"},{"$i":"month-0-long","$v":"januari"},{"$i":"month-1-long","$v":"februari"},{"$i":"month-2-long","$v":"maart"},{"$i":"month-3-long","$v":"april"},{"$i":"month-4-long","$v":"mei"},{"$i":"month-5-long","$v":"juni"},{"$i":"month-6-long","$v":"juli"},{"$i":"month-7-long","$v":"augustus"},{"$i":"month-8-long","$v":"september"},{"$i":"month-9-long","$v":"oktober"},{"$i":"month-10-long","$v":"november"},{"$i":"month-11-long","$v":"december"},{"$i":"month-0-genitive","$v":"januari"},{"$i":"month-1-genitive","$v":"februari"},{"$i":"month-2-genitive","$v":"maart"},{"$i":"month-3-genitive","$v":"april"},{"$i":"month-4-genitive","$v":"mei"},{"$i":"month-5-genitive","$v":"juni"},{"$i":"month-6-genitive","$v":"juli"},{"$i":"month-7-genitive","$v":"augustus"},{"$i":"month-8-genitive","$v":"september"},{"$i":"month-9-genitive","$v":"oktober"},{"$i":"month-10-genitive","$v":"november"},{"$i":"month-11-genitive","$v":"december"},{"$i":"month-0-short","$v":"jan"},{"$i":"month-1-short","$v":"feb"},{"$i":"month-2-short","$v":"mrt"},{"$i":"month-3-short","$v":"apr"},{"$i":"month-4-short","$v":"mei"},{"$i":"month-5-short","$v":"jun"},{"$i":"month-6-short","$v":"jul"},{"$i":"month-7-short","$v":"aug"},{"$i":"month-8-short","$v":"sep"},{"$i":"month-9-short","$v":"okt"},{"$i":"month-10-short","$v":"nov"},{"$i":"month-11-short","$v":"dec"},{"$i":"minutes-ago-long","$v":{"zero":"zojuist","one":"een minuut geleden","two":[{"t":"idOrVar","v":"value"}," minuten geleden"],"few":[{"t":"idOrVar","v":"value"}," minuten geleden"],"many":[{"t":"idOrVar","v":"value"}," minuten geleden"],"other":[{"t":"idOrVar","v":"value"}," minuten geleden"]},"$x":[{"t":"idOrVar","v":"plural"},"value"]},{"$i":"hours-ago-long","$v":{"zero":"zojuist","one":"een uur geleden","two":[{"t":"idOrVar","v":"value"}," uur geleden"],"few":[{"t":"idOrVar","v":"value"}," uur geleden"],"many":[{"t":"idOrVar","v":"value"}," uur geleden"],"other":[{"t":"idOrVar","v":"value"}," uur geleden"]},"$x":[{"t":"idOrVar","v":"plural"},"value"]},{"$i":"days-ago-long","$v":{"zero":"vandaag","one":"gisteren","two":[{"t":"idOrVar","v":"value"}," dagen geleden"],"few":[{"t":"idOrVar","v":"value"}," dagen geleden"],"many":[{"t":"idOrVar","v":"value"}," dagen geleden"],"other":[{"t":"idOrVar","v":"value"}," dagen geleden"]},"$x":[{"t":"idOrVar","v":"plural"},"value"]},{"$i":"weeks-ago-long","$v":{"zero":"deze week","one":"vorige week","two":[{"t":"idOrVar","v":"value"}," weken geleden"],"few":[{"t":"idOrVar","v":"value"}," weken geleden"],"many":[{"t":"idOrVar","v":"value"}," weken geleden"],"other":[{"t":"idOrVar","v":"value"}," weken geleden"]},"$x":[{"t":"idOrVar","v":"plural"},"value"]},{"$i":"months-ago-long","$v":{"zero":"deze maand","one":"vorige maand","two":[{"t":"idOrVar","v":"value"}," maanden geleden"],"few":[{"t":"idOrVar","v":"value"}," maanden geleden"],"many":[{"t":"idOrVar","v":"value"}," maanden geleden"],"other":[{"t":"idOrVar","v":"value"}," maanden geleden"]},"$x":[{"t":"idOrVar","v":"plural"},"value"]},{"$i":"years-ago-long","$v":{"zero":"dit jaar","one":"vorig jaar","two":[{"t":"idOrVar","v":"value"}," jaar geleden"],"few":[{"t":"idOrVar","v":"value"}," jaar geleden"],"many":[{"t":"idOrVar","v":"value"}," jaar geleden"],"other":[{"t":"idOrVar","v":"value"}," jaar geleden"]},"$x":[{"t":"idOrVar","v":"plural"},"value"]},{"$i":"minutes-until-long","$v":{"zero":"nu","one":"zo meteen","two":["over ",{"t":"idOrVar","v":"value"}," minuten"],"few":["over ",{"t":"idOrVar","v":"value"}," minuten"],"many":["over ",{"t":"idOrVar","v":"value"}," minuten"],"other":["over ",{"t":"idOrVar","v":"value"}," minuten"]},"$x":[{"t":"idOrVar","v":"plural"},"value"]},{"$i":"hours-until-long","$v":{"zero":"nu","one":"over een uur","two":["over ",{"t":"idOrVar","v":"value"}," uur"],"few":["over ",{"t":"idOrVar","v":"value"}," uur"],"many":["over ",{"t":"idOrVar","v":"value"}," uur"],"other":["over ",{"t":"idOrVar","v":"value"}," uur"]},"$x":[{"t":"idOrVar","v":"plural"},"value"]},{"$i":"days-until-long","$v":{"zero":"vandaag","one":"morgen","two":["over ",{"t":"idOrVar","v":"value"}," dagen"],"few":["over ",{"t":"idOrVar","v":"value"}," dagen"],"many":["over ",{"t":"idOrVar","v":"value"}," dagen"],"other":["over ",{"t":"idOrVar","v":"value"}," dagen"]},"$x":[{"t":"idOrVar","v":"plural"},"value"]},{"$i":"weeks-until-long","$v":{"zero":"deze week","one":"volgende week","two":["over ",{"t":"idOrVar","v":"value"}," weken"],"few":["over ",{"t":"idOrVar","v":"value"}," weken"],"many":["over ",{"t":"idOrVar","v":"value"}," weken"],"other":["over ",{"t":"idOrVar","v":"value"}," weken"]},"$x":[{"t":"idOrVar","v":"plural"},"value"]},{"$i":"months-until-long","$v":{"zero":"deze maand","one":"volgende maand","two":["over ",{"t":"idOrVar","v":"value"}," maanden"],"few":["over ",{"t":"idOrVar","v":"value"}," maanden"],"many":["over ",{"t":"idOrVar","v":"value"}," maanden"],"other":["over ",{"t":"idOrVar","v":"value"}," maanden"]},"$x":[{"t":"idOrVar","v":"plural"},"value"]},{"$i":"years-until-long","$v":{"zero":"dit jaar","one":"volgend jaar","two":["over ",{"t":"idOrVar","v":"value"}," jaar"],"few":["over ",{"t":"idOrVar","v":"value"}," jaar"],"many":["over ",{"t":"idOrVar","v":"value"}," jaar"],"other":["over ",{"t":"idOrVar","v":"value"}," jaar"]},"$x":[{"t":"idOrVar","v":"plural"},"value"]},{"$i":"minutes-ago-short","$v":{"zero":"zojuist","other":[{"t":"idOrVar","v":"value"},"m geleden"]},"$x":[{"t":"idOrVar","v":"plural"},"value"]},{"$i":"hours-ago-short","$v":{"zero":"zojuist","other":[{"t":"idOrVar","v":"value"},"u geleden"]},"$x":[{"t":"idOrVar","v":"plural"},"value"]},{"$i":"days-ago-short","$v":{"zero":"vandaag","other":[{"t":"idOrVar","v":"value"},"d geleden"]},"$x":[{"t":"idOrVar","v":"plural"},"value"]},{"$i":"minutes-until-short","$v":{"zero":"nu","other":["over ",{"t":"idOrVar","v":"value"},"m"]},"$x":[{"t":"idOrVar","v":"plural"},"value"]},{"$i":"hours-until-short","$v":{"zero":"nu","other":["over ",{"t":"idOrVar","v":"value"},"h"]},"$x":[{"t":"idOrVar","v":"plural"},"value"]},{"$i":"days-until-short","$v":{"zero":"vandaag","other":["over ",{"t":"idOrVar","v":"value"},"d"]},"$x":[{"t":"idOrVar","v":"plural"},"value"]},{"$i":"incorrectDate","$v":"(onjuiste datum)"},{"$i":"dateTimeFormat_%c","$v":"%a %e %b %Y %H:%M:%S"},{"$i":"dateTimeFormat_%x","$v":"%d-%m-%Y"},{"$i":"dateTimeFormat_%X","$v":"%H:%M:%S"},{"$i":"shortTimeFormat","$v":"%H:%M"},{"$i":"shortTimeFormat12","$v":"%I:%M %p"},{"$i":"shortTimeFormat24","$v":"%H:%M"},{"$i":"shortDateTimeFormat","$v":"%x %H:%M"},{"$i":"weekStartsOnMonday","$v":"1"},{"$i":"firstDayOfTheWeek","$v":"1"},{"$i":"time_am","$v":"AM"},{"$i":"time_pm","$v":"PM"},{"$i":"tz-region","$v":"Regio"},{"$i":"tz-city","$v":"Stad"},{"$i":"tzRegion-Africa","$v":"Afrika"},{"$i":"tzRegion-America","$v":"Amerika"},{"$i":"tzRegion-Antarctica","$v":"Antarctica"},{"$i":"tzRegion-Asia","$v":"Azië"},{"$i":"tzRegion-Atlantic","$v":"Atlantische Oceaan"},{"$i":"tzRegion-Australia","$v":"Australië"},{"$i":"tzRegion-Europe","$v":"Europa"},{"$i":"tzRegion-Indian","$v":"Indische Oceaan"},{"$i":"tzRegion-Pacific","$v":"Stille Oceaan"},{"$i":"close","$v":"Sluiten"},{"$i":"import","$v":"Importeren"},{"$i":"update","$v":"Bijwerken"},{"$i":"fbFriends","$v":"Facebook-vrienden"},{"$i":"live-serviceName","$v":"Outlook"},{"$i":"gmail-serviceName","$v":"Gmail"},{"$i":"facebook-serviceName","$v":"Facebook-vrienden"},{"$i":"selectAll","$v":"Alles selecteren"},{"$i":"deselectAll","$v":"Alles deselecteren"},{"$i":"viewAll","$v":"Alle Facebook-vrienden bekijken"},{"$i":"viewRecommend","$v":"Alleen aanbevolen bekijken"},{"$i":"linkProposal","$v":{"zero":"Geen vrienden gevonden. Alle worden getoond","one":"De aanbevolen selecteren","two":"Een aanbevolen selecteren","few":"Een aanbevolen selecteren","many":"Een aanbevolen selecteren","other":"Een aanbevolen selecteren"},"$x":[{"t":"idOrVar","v":"plural"},"numFriends"]},{"$i":"fbFriendsFound","$v":{"zero":"Al uw vrienden zijn geïmporteerd","one":"Eén te importeren vriend gevonden","two":[{"t":"idOrVar","v":"numFriends"}," te importeren vrienden gevonden"],"few":[{"t":"idOrVar","v":"numFriends"}," te importeren vrienden gevonden"],"many":[{"t":"idOrVar","v":"numFriends"}," te importeren vrienden gevonden"],"other":[{"t":"idOrVar","v":"numFriends"}," te importeren vrienden gevonden"]},"$x":[{"t":"idOrVar","v":"plural"},"numFriends"]},{"$i":"fbNoFriends","$v":"Geen contacten beschikbaar om te importeren"},{"$i":"search-contact","placeholder":"Zoeken"},{"$i":"noResults","$v":"Geen contacten gevonden"},{"$i":"done-search","$v":"Gereed"},{"$i":"progressFB3ImportTitle","$v":"Vrienden naar contacten importeren"},{"$i":"progressFB","$v":[{"t":"idOrVar","v":"current"},"/",{"t":"idOrVar","v":"total"}]},{"$i":"progressFB3UpdateTitle","$v":"Vrienden in contacten bijwerken"},{"$i":"message2","$v":"Dit kan enkele minuten duren"},{"$i":"messageLinking","$v":"Een moment geduld. Uw vriend en uw contact worden aan elkaar gekoppeld."},{"$i":"messageCanceling","$v":"Een moment. De huidige bewerking wordt geannuleerd."},{"$i":"error1","$v":["Fout ",{"t":"idOrVar","v":"from"}]},{"$i":"error2","$v":"Wilt u het nogmaals proberen?"},{"$i":"errorProposal","$v":"voorstellen berekenen"},{"$i":"errorFriends","$v":"vrienden ophalen"},{"$i":"errorLinking","$v":"contact koppelen"},{"$i":"timeout1","$v":["Time-out overschreden ",{"t":"idOrVar","v":"from"}]},{"$i":"timeout2","$v":"Wilt u het nogmaals proberen?"},{"$i":"timeoutProposal","$v":"voorstellen berekenen"},{"$i":"timeoutFriends","$v":"vrienden ophalen"},{"$i":"timeoutLinking","$v":"contacten koppelen"},{"$i":"wait1","$v":"Een moment geduld"},{"$i":"wait2","$v":"Dit kan enkele minuten duren"},{"$i":"waitProposal","$v":"Een moment geduld. Er wordt een voorstel berekend."},{"$i":"waitFriends","$v":"Een moment geduld. Er wordt verbinding gemaakt om uw vriendenlijst te verkrijgen."},{"$i":"curtainCancel","$v":"Annuleren"},{"$i":"curtainRetry","$v":"Opnieuw proberen"},{"$i":"curtainOK","$v":"OK"},{"$i":"connectionLost","$v":"Geen internetverbinding"},{"$i":"connectionLostMsg","$v":"Foto’s van vrienden worden niet aan uw contacten toegevoegd. Toch doorgaan?"},{"$i":"yesOption","$v":"Ok"},{"$i":"noOption","$v":"Annuleren"},{"$i":"friendsUpdated","$v":{"zero":"Geen vrienden bijgewerkt","one":"Eén vriend bijgewerkt","two":[{"t":"idOrVar","v":"numFriends"}," vrienden bijgewerkt"],"few":[{"t":"idOrVar","v":"numFriends"}," vrienden bijgewerkt"],"many":[{"t":"idOrVar","v":"numFriends"}," vrienden bijgewerkt"],"other":[{"t":"idOrVar","v":"numFriends"}," vrienden bijgewerkt"]},"$x":[{"t":"idOrVar","v":"plural"},"numFriends"]},{"$i":"friendsMerged","$v":{"zero":"Geen dubbele vrienden samengevoegd","one":"Eén dubbele vriend samengevoegd","two":[{"t":"idOrVar","v":"numDups"}," vrienden samengevoegd"],"few":[{"t":"idOrVar","v":"numDups"}," vrienden samengevoegd"],"many":[{"t":"idOrVar","v":"numDups"}," vrienden samengevoegd"],"other":[{"t":"idOrVar","v":"numDups"}," vrienden samengevoegd"]},"$x":[{"t":"idOrVar","v":"plural"},"numDups"]},{"$i":"notificationLogin","$v":"Uw Facebook-sessie is ongeldig. Meld u aan."},{"$i":"syncError","$v":"Er is een fout opgetreden tijdens het synchroniseren van de gegevens van uw vriend"}]