[{"$i":"brandShortName","$v":"B2G OS"},{"$i":"browserBrandShortName","$v":"Web Browser"},{"$i":"browserBrandFullName","$v":"Mozilla Web Browser"},{"$i":"ringtoneBrandName","$v":"Default"},{"$i":"ringtoneSectionBrandName","$v":"System"},{"$i":"back","$v":"Wstecz"},{"$i":"noSimMsg","$v":"Aby importować kontakty, włóż lub odblokuj kartę SIM"},{"$i":"noMemoryCardMsg","$v":"Aby importować kontakty, włóż kartę pamięci"},{"$i":"importMemoryCard","$v":"Karta pamięci"},{"$i":"noConnection11","$v":"Aby zaimportować kontakty lub dane znajomych z Facebooka, konieczne jest połączenie z Internetem."},{"$i":"emptyAccount","$v":"Nie znaleziono kontaktów na tym koncie."},{"$i":"simContacts-import","$v":"Import kontaktu z karty SIM"},{"$i":"simContacts-importing","$v":"Importowanie kontaktów z karty SIM…"},{"$i":"simContacts-reading","$v":"Odczytywanie z karty SIM…"},{"$i":"simContacts-error","$v":"Nie udało się zaimportować kontaktów z karty SIM"},{"$i":"simContacts-imported3","$v":{"zero":"Nie znaleziono kontaktów do zaimportowania na karcie SIM","one":"Zaimportowano jeden kontakt","two":"Zaimportowano dwa kontakty","few":["Zaimportowano ",{"t":"idOrVar","v":"n"}," kontakty"],"many":["Zaimportowano ",{"t":"idOrVar","v":"n"}," kontaktów"],"other":""},"$x":[{"t":"idOrVar","v":"plural"},"n"]},{"$i":"memoryCardContacts-import","$v":"Import kontaktów z karty pamięci"},{"$i":"memoryCardContacts-importing","$v":"Importowanie kontaktów z karty pamięci…"},{"$i":"memoryCardContacts-reading","$v":"Odczytywanie z karty pamięci…"},{"$i":"memoryCardContacts-error","$v":"Nie udało się zaimportować kontaktów z karty pamięci"},{"$i":"memoryCardContacts-imported3","$v":{"zero":"Nie znaleziono kontaktów do zaimportowania na karcie pamięci","one":"Zaimportowano jeden kontakt","two":"Zaimportowano dwa kontakty","few":["Zaimportowano ",{"t":"idOrVar","v":"n"}," kontakty"],"many":["Zaimportowano ",{"t":"idOrVar","v":"n"}," kontaktów"],"other":""},"$x":[{"t":"idOrVar","v":"plural"},"n"]},{"$i":"genericProgress","$v":[{"t":"idOrVar","v":"current"},"/",{"t":"idOrVar","v":"total"}]},{"$i":"facebook","$v":"Kontakty znajomych z Facebooka"},{"$i":"facebook-import-msg2","$v":["Zaimportowano ",{"t":"idOrVar","v":"imported"}," z ",{"t":"idOrVar","v":"total"}]},{"$i":"contactsMerged","$v":{"zero":"Nie złączono żadnych powielonych kontaktów","one":"Złączono jeden powielony kontakt","two":"Złączono dwa powielone kontakty","few":["Złączono ",{"t":"idOrVar","v":"numDups"}," powielone kontakty"],"many":["Złączono ",{"t":"idOrVar","v":"numDups"}," powielonych kontaktów"],"other":""},"$x":[{"t":"idOrVar","v":"plural"},"numDups"]},{"$i":"pincode2","$v":"Wprowadź PIN"},{"$i":"type_pin","$v":"Kod PIN:"},{"$i":"pincodeLabel","$v":["SIM ",{"t":"idOrVar","v":"n"}," PIN"]},{"$i":"pinValidation","$v":"Kod PIN musi składać się z 4 do 8 znaków."},{"$i":"pinError","$v":"Wprowadzono nieprawidłowy kod PIN."},{"$i":"pinAttemptMsg2","$v":{"one":"Pozostała jedna próba wprowadzenia poprawnego kodu przed zablokowaniem karty SIM.","two":"Pozostały dwie próby wprowadzenia poprawnego kodu przed zablokowaniem karty SIM.","few":["Pozostały ",{"t":"idOrVar","v":"n"}," próby wprowadzenia poprawnego kodu przed zablokowaniem karty SIM."],"many":["Pozostało ",{"t":"idOrVar","v":"n"}," prób wprowadzenia poprawnego kodu perzed zablokowaniem karty SIM."],"other":""},"$x":[{"t":"idOrVar","v":"plural"},"n"]},{"$i":"pinLastChanceMsg","$v":"Ostatnia szansa na wprowadzenie prawidłowego kodu PIN. W przeciwnym przypadku, konieczne będzie użycie kodu PUK, aby używać tej karty SIM."},{"$i":"pukcode","$v":"Wprowadź PUK"},{"$i":"pukcodeTitle","$v":["Wprowadź PUK karty SIM ",{"t":"idOrVar","v":"n"}]},{"$i":"pukcodeLabel","$v":["SIM ",{"t":"idOrVar","v":"n"}," PUK"]},{"$i":"type_puk","$v":"Kod PUK:"},{"$i":"pukValidation","$v":"Kod PUK musi składać się z dokładnie 8 znaków."},{"$i":"pukInfo","$v":"Konieczne jest wprowadzenie osobistego klucza odblokowującego (kodu PUK) karty SIM. Aby uzyskać więcej informacji, należy sprawdzić dokumentację karty SIM lub skontaktować się z operatorem."},{"$i":"pukError","$v":"Nieprawidłowy kod PUK"},{"$i":"pukAttemptMsg2","$v":{"one":"Pozostała ostatnia próba wprowadzenia prawidłowego kodu przed permanentną blokadą karty SIM powodującą jej bezużyteczność. Aby uzyskać więcej informacji, należy sprawdzić dokumenty karty SIM lub skontaktować się z operatorem.","two":"Pozostały dwie próby wprowadzenia prawidłowego kodu przed permanentną blokadą karty SIM powodującą jej bezużyteczność. Aby uzyskać więcej informacji, należy sprawdzić dokumenty karty SIM lub skontaktować się z operatorem.","few":["Pozostały ",{"t":"idOrVar","v":"n"}," próby wprowadzenia prawidłowego kodu przed permanentną blokadą karty SIM powodującą jej bezużyteczność. Aby uzyskać więcej informacji, należy sprawdzić dokumenty karty SIM lub skontaktować się z operatorem."],"many":["Pozostało ",{"t":"idOrVar","v":"n"}," prób wprowadzenia prawidłowego kodu przed permanentną blokadą karty SIM powodującą jej bezużyteczność. Aby uzyskać więcej informacji, należy sprawdzić dokumenty karty SIM lub skontaktować się z operatorem."],"other":""},"$x":[{"t":"idOrVar","v":"plural"},"n"]},{"$i":"pukLastChanceMsg","$v":"Ostatnia szansa na wprowadzenie prawidłowego kodu PUK. Karta SIM zostanie permanentnie zablokowana i bezużyteczna, jeśli zostanie wprowadzony nieprawidłowy kod PUK."},{"$i":"create_newpin","$v":"Utwórz nowy kod PIN (4 do 8 cyfr)"},{"$i":"confirm_newpin","$v":"Potwierdź nowy PIN"},{"$i":"newpinConfirmation","$v":"Kody PIN nie zgadzają się"},{"$i":"nckcode","$v":"Wprowadź NCK"},{"$i":"cckcode","$v":"Wprowadź CCK"},{"$i":"spckcode","$v":"Wprowadź SPCK"},{"$i":"nck1code","$v":"Wprowadź NCK1"},{"$i":"nck2code","$v":"Wprowadź NCK2"},{"$i":"hnckcode","$v":"Wprowadź HNCK"},{"$i":"rcckcode","$v":"Wprowadź RCCK"},{"$i":"rspckcode","$v":"Wprowadź RSPCK"},{"$i":"nckcodeTitle","$v":["Wprowadź NCK karty SIM ",{"t":"idOrVar","v":"n"}]},{"$i":"cckcodeTitle","$v":["Wprowadź CCK karty SIM ",{"t":"idOrVar","v":"n"}]},{"$i":"spckcodeTitle","$v":["Wprowadź SPCK karty SIM ",{"t":"idOrVar","v":"n"}]},{"$i":"nck1codeTitle","$v":["Wprowadź NCK1 karty SIM ",{"t":"idOrVar","v":"n"}]},{"$i":"nck2codeTitle","$v":["Wprowadź NCK2 karty SIM ",{"t":"idOrVar","v":"n"}]},{"$i":"hnckcodeTitle","$v":["Wprowadź HNCK karty SIM ",{"t":"idOrVar","v":"n"}]},{"$i":"rcckcodeTitle","$v":["Wprowadź RCCK karty SIM ",{"t":"idOrVar","v":"n"}]},{"$i":"rspckcodeTitle","$v":["Wprowadź RSPCK karty SIM ",{"t":"idOrVar","v":"n"}]},{"$i":"nckcodeLabel","$v":["SIM ",{"t":"idOrVar","v":"n"}," NCK"]},{"$i":"cckcodeLabel","$v":["SIM ",{"t":"idOrVar","v":"n"}," CCK"]},{"$i":"spckcodeLabel","$v":["SIM ",{"t":"idOrVar","v":"n"}," SPCK"]},{"$i":"nck1codeLabel","$v":["SIM ",{"t":"idOrVar","v":"n"}," NCK1"]},{"$i":"nck2codeLabel","$v":["SIM ",{"t":"idOrVar","v":"n"}," NCK2"]},{"$i":"hnckcodeLabel","$v":["SIM ",{"t":"idOrVar","v":"n"}," HNCK"]},{"$i":"rcckcodeLabel","$v":["SIM ",{"t":"idOrVar","v":"n"}," RCCK"]},{"$i":"rspckcodeLabel","$v":["SIM ",{"t":"idOrVar","v":"n"}," RSPCK"]},{"$i":"type_nck","$v":"Kod NCK:"},{"$i":"type_cck","$v":"Kod CCK:"},{"$i":"type_spck","$v":"Kod SPCK:"},{"$i":"type_nck1","$v":"Kod NCK1:"},{"$i":"type_nck2","$v":"Kod NCK2:"},{"$i":"type_hnck","$v":"Kod HNCK:"},{"$i":"type_rcck","$v":"Kod RCCK:"},{"$i":"type_rspck","$v":"Kod RSPCK:"},{"$i":"nckValidation","$v":"Kod NCK musi składać się z 8 do 16 znaków."},{"$i":"cckValidation","$v":"Kod CCK musi składać się z 8 do 16 znaków."},{"$i":"spckValidation","$v":"Kod SPCK musi składać się z 8 do 16 znaków."},{"$i":"nck1Validation","$v":"Kod NCK1 musi składać się z 4 do 8 znaków."},{"$i":"nck2Validation","$v":"Kod NCK2 musi składać się z 4 do 8 znaków."},{"$i":"hnckValidation","$v":"Kod HNCK musi składać się z 4 do 8 znaków."},{"$i":"rcckValidation","$v":"Kod RCCK musi składać się z 4 do 8 znaków."},{"$i":"rspckValidation","$v":"Kod RSPCK musi składać się z 4 do 8 znaków."},{"$i":"nckErrorMsg","$v":"Nieprawidłowy kod NCK."},{"$i":"nckAttemptMsg2","$v":{"one":"Błąd żądania depersonalizacji sieci. Pozostała ostatnia próba wprowadzenia poprawnego kodu. Aby uzyskać więcej informacji, należy sprawdzić instrukcję urządzenia lub skontaktować się z operatorem.","two":"Błąd żądania depersonalizacji sieci. Pozostały dwie próby wprowadzenia poprawnego kodu. Aby uzyskać więcej informacji, należy sprawdzić instrukcję urządzenia lub skontaktować się z operatorem.","few":["Błąd żądania depersonalizacji sieci. Pozostały ",{"t":"idOrVar","v":"n"}," próby wprowadzenia poprawnego kodu. Aby uzyskać więcej informacji, należy sprawdzić instrukcję urządzenia lub skontaktować się z operatorem."],"many":["Błąd żądania depersonalizacji sieci. Pozostało ",{"t":"idOrVar","v":"n"}," prób wprowadzenia poprawnego kodu. Aby uzyskać więcej informacji, należy sprawdzić instrukcję urządzenia lub skontaktować się z operatorem."],"other":""},"$x":[{"t":"idOrVar","v":"plural"},"n"]},{"$i":"nckLastChanceMsg","$v":"Błąd żądania depersonalizacji sieci. Ostatnia szansa na wprowadzenie poprawnego kodu NCK. Aby uzyskać więcej informacji, należy sprawdzić instrukcję urządzenia lub skontaktować się z operatorem."},{"$i":"skip","$v":"Pomiń"},{"$i":"send","$v":"Dalej"},{"$i":"ok","$v":"OK"},{"$i":"simLocked","$v":"Zablokowana karta SIM"},{"$i":"inputCodeRetriesLeft","$v":{"one":"Ostatnia próba.","two":"Pozostały dwie próby.","few":["Pozostały ",{"t":"idOrVar","v":"n"}," próby."],"many":["Pozostało ",{"t":"idOrVar","v":"n"}," prób."],"other":""},"$x":[{"t":"idOrVar","v":"plural"},"n"]},{"$i":"simManager","$v":"Menedżer SIM"},{"$i":"simDetail","$v":["SIM ",{"t":"idOrVar","v":"n"}]},{"$i":"simDefault","$v":"(domyślna)"},{"$i":"simDefaultMessage","$v":"Wychodzące rozmowy, wiadomości i dane są domyślnie przypisane do karty SIM 1"},{"$i":"simSettingsMessage","$v":"Można to zmienić w Ustawienia > Menedżer SIM"},{"$i":"simPinLocked","$v":"Blokada SIM"},{"$i":"noOperator","$v":"Brak operatora"},{"$i":"searchingOperator","$v":"Wyszukiwanie"},{"$i":"language","$v":"Język"},{"$i":"3g","$v":"Dane w sieci GSM"},{"$i":"dataConnection","$v":"Przesyłanie danych"},{"$i":"dataConnectionInfo","$v":"Włączenie przesyłania danych pozwoli skonfigurować telefon bez połączenia z siecią Wi-Fi. Przesyłanie danych można również włączyć później w ustawieniach. Warto sprawdzić, jakie opłaty nalicza operator za przesyłanie danych, aby uniknąć znacznych i niespodziewanych kosztów."},{"$i":"caution","$v":"Ostrzeżenie"},{"$i":"geolocation","$v":"Lokalizacja położenia"},{"$i":"geolocationCheckbox","$v":"Usługi lokalizacyjne"},{"$i":"geolocationInfo2","$v":[{"t":"idOrVar","v":"brandShortName"}," wykorzystuje dane pochodzące z GPS, z sieci komórkowych oraz Wi-Fi, aby ustalić przybliżone położenie."]},{"$i":"geolocationInfoMore","$v":"Dane są wysyłane do Mozilli oraz innych usługodawców i zagregowane będą wykorzystywane do doskonalenia ich baz danych położenia. Dane mogą być przechowywane na urządzeniu, a ich zbieranie może następować, nawet jeśli nie uruchomiono żadnych aplikacji."},{"$i":"notice","$v":"Ostrzeżenie"},{"$i":"aboutYourPrivacy","$v":"O politykach prywatności"},{"$i":"scanningNetworks","$v":"Wyszukiwanie sieci Wi-Fi…"},{"$i":"selectNetwork","$v":"Dostępne sieci"},{"$i":"shortStatus-connecting","$v":"Łączenie…"},{"$i":"shortStatus-associated","$v":"Uzyskiwanie adresu IP…"},{"$i":"shortStatus-connected","$v":"Połączono"},{"$i":"shortStatus-connectingfailed","$v":"Nie udało się połączyć"},{"$i":"shortStatus-disconnected","$v":"Offline"},{"$i":"securedBy","$v":["Zabezpieczenia: ",{"t":"idOrVar","v":"capabilities"}]},{"$i":"security","$v":"Zabezpieczenia"},{"$i":"securityNone","$v":"Brak"},{"$i":"securityWEP","$v":"WEP"},{"$i":"securityWPA-PSK","$v":"WPA-PSK"},{"$i":"securityWPA-EAP","$v":"WPA-EAP"},{"$i":"securityOpen","$v":"Otwarta","ariaLabel":"Bezpieczeństwo"},{"$i":"identity","$v":"Nazwa użytkownika"},{"$i":"identityInput","placeholder":"Użytkownik"},{"$i":"password","$v":"Hasło"},{"$i":"passwordInput","placeholder":"Hasło"},{"$i":"showPassword","$v":"Pokaż hasło"},{"$i":"refresh","$v":"Odśwież"},{"$i":"noWifiFound3","$v":"Nie odnaleziono żadnych sieci bezprzewodowych"},{"$i":"join-hidden-button","$v":"Połącz z ukrytą siecią"},{"$i":"authentication","$v":"Uwierzytelnianie"},{"$i":"ssid-name","$v":"Nazwa SSID sieci"},{"$i":"wifiLevel","ariaLabel":[{"t":"idOrVar","v":"level"}," z 4 kresek"]},{"$i":"networksList","ariaLabel":"Wykryte sieci"},{"$i":"dateAndTime","$v":"Data i czas"},{"$i":"timezoneTitle","$v":["UTC",{"t":"idOrVar","v":"utcOffset"}," ",{"t":"idOrVar","v":"region"},"/",{"t":"idOrVar","v":"city"}]},{"$i":"timeZone","$v":"Strefa czasowa"},{"$i":"change","$v":"Zmień"},{"$i":"region","ariaLabel":"Region"},{"$i":"city","ariaLabel":"Miasto"},{"$i":"date","ariaLabel":"Data"},{"$i":"time","ariaLabel":"Czas"},{"$i":"importContacts3","$v":"Import kontaktów"},{"$i":"importSim2","$v":"Karta SIM"},{"$i":"importFb2","$v":"Serwis Facebook"},{"$i":"importOutlook","$v":"Outlook"},{"$i":"importGmail","$v":"Gmail"},{"$i":"fb-checking","$v":"… sprawdzanie"},{"$i":"notImportedYet","$v":"Jeszcze niezaimportowane"},{"$i":"otherAccount","$v":"Inne konta"},{"$i":"afterFbImport","$v":"Kontakty znajomych z Facebooka można importować w dowolnym momencie w ustawieniach kontaktów"},{"$i":"firefox-accounts","$v":"Konta Firefoksa"},{"$i":"fxa-upsell","innerHTML":"Konto Firefoksa pozwala odnaleźć zagubiony telefon i kupować aplikacje w Firefox Marketplace."},{"$i":"fxa-create-account-or-sign-in","$v":"Zaloguj się lub utwórz konto"},{"$i":"fxa-email-sent","$v":["Odnośnik weryfikacyjny został wysłany na adres „",{"t":"idOrVar","v":"email"},"”"]},{"$i":"fxa-signed-in","$v":["Zalogowano jako „",{"t":"idOrVar","v":"email"},"”"]},{"$i":"about-your-rights-0","$v":[{"t":"idOrVar","v":"brandShortName"}," jest zbudowany w oparciu o wolne oprogramowanie o otwartym kodzie źródłowym stworzone przez społeczność tysięcy ludzi z całego świata. Jest kilka zagadnień związanych z tym programem, o których należy wiedzieć:"]},{"$i":"about-your-rights-1","$v":[{"t":"idOrVar","v":"brandShortName"}," został udostępniony użytkownikowi na warunkach kilku otwartych licencji, w tym Mozilla Public License. Urządzenie z systemem ",{"t":"idOrVar","v":"brandShortName"}," może również zawierać własnościowe oprogramowanie od innych dostawców. Kod objęty otwartymi licencjami można modyfikować i rozpowszechniać jego zmodyfikowane wersje pod warunkiem przestrzegania ich pozostałych postanowień."]},{"$i":"about-your-rights-2","$v":["Nie otrzymujesz żadnych licencji ani praw do znaków towarowych Mozilla Foundation i innych podmiotów, w tym w szczególności do nazwy i logotypu ",{"t":"idOrVar","v":"brandShortName"},"."]},{"$i":"about-your-rights-3","$v":["Niektóre funkcje ",{"t":"idOrVar","v":"brandShortName"},", takie jak narzędzie zgłaszania awarii, umożliwiają przesyłanie opinii do Mozilli. Przesyłając takie opinie, wyrażasz zgodę na używanie przez Mozillę przesłanych opinii do celów ulepszenia jego produktów, publikowania tych opinii na stronach internetowych oraz do ich rozpowszechniania."]},{"$i":"about-other","$v":"Inni dostawcy oprogramowania"},{"$i":"SIM_mandatory","$v":"Wymagana karta SIM"},{"$i":"SIM_mandatory_warm","$v":"Proszę włożyć kartę SIM i uruchomić ponownie telefon."},{"$i":"telemetry-sends2","$v":["Informacje na temat wydajności, sprzętu, ustawień, dokonanych zmian i sposobach użytkowania aplikacji są wysyłane do Mozilli, aby uczynić ",{"t":"idOrVar","v":"brandShortName"}," lepszym, szybszym i bardziej responsywnym."]},{"$i":"learn-more-telemetry2","innerHTML":["Więcej szczegółów na stronie <a href=\"",{"t":"idOrVar","v":"href"},"\" class=\"",{"t":"idOrVar","v":"className"},"\">",{"t":"idOrVar","v":"textContent"},"</a>"]},{"$i":"learn-more-information2","innerHTML":["Dowiedz się, jak Mozilla obchodzi się z Twoimi danymi na stronie <a href=\"",{"t":"idOrVar","v":"href"},"\" class=\"",{"t":"idOrVar","v":"className"},"\">",{"t":"idOrVar","v":"textContent"},"</a>"]},{"$i":"htmlWelcome2","innerHTML":["Witaj w <a href=\"",{"t":"idOrVar","v":"href"},"\" class=\"",{"t":"idOrVar","v":"className"},"\">",{"t":"idOrVar","v":"textContent"},"</a>, darmowym systemie operacyjnym o otwartym kodzie źródłowym od Mozilli. Wierzymy, że otwartość, innowacyjność i możliwości są kluczowe dla zapewnienia dostępu do pełnego potencjału Internetu."]},{"$i":"htmlWelcome-link","$v":[{"t":"idOrVar","v":"brandShortName"}]},{"$i":"helpImprove2","innerHTML":["Pomagaj doskonalić nasze produkty i usługi poprzez udostępnianie danych o urządzeniu i sposobach jego używania. Przeczytaj naszą <a href=\"",{"t":"idOrVar","v":"href"},"\" class=\"",{"t":"idOrVar","v":"className"},"\">",{"t":"idOrVar","v":"textContent"},"</a>, aby dowiedzieć się jak postępujemy z otrzymywanymi danymi."]},{"$i":"helpImprove-link","$v":"politykę prywatoności"},{"$i":"learn-more-privacy2","innerHTML":["Dowiedz się, jak Mozilla obchodzi się z Twoimi danymi, czytając o <a href=\"",{"t":"idOrVar","v":"href"},"\" class=\"",{"t":"idOrVar","v":"className"},"\">",{"t":"idOrVar","v":"textContent"},"</a>."]},{"$i":"learn-more-privacy-link","$v":"polityce prywatności"},{"$i":"aboutBrowser","$v":["O ",{"t":"idOrVar","v":"brandShortName"}]},{"$i":"aboutYourPrivacy2","$v":"O polityce prywatności"},{"$i":"mozillaCommunity2","$v":["Używając ",{"t":"idOrVar","v":"brandShortName"},", stajesz się częścią globalnej społeczności pomagającej tworzyć lepszą przyszłość sieci. Aby dowiedzieć się więcej o społeczności, innych produktach i przedsięwzięciach Mozilli, wystarczy poniżej podać swój adres e-mail."]},{"$i":"sharePerformanceAndUsageData2","$v":"Tak, przesyłaj"},{"$i":"emailAddress","placeholder":"Adres e-mail"},{"$i":"email-successfully-added","$v":"Adres e-mail zapisany"},{"$i":"email-loading","$v":"Zapisywanie adresu e-mail…"},{"$i":"privacy-b2g","$v":[{"t":"idOrVar","v":"brandShortName"}],"title":[{"t":"idOrVar","v":"brandShortName"}]},{"$i":"privacy-marketplace","$v":"Marketplace","title":"Marketplace"},{"$i":"privacy-eme","$v":"EverythingMe"},{"$i":"privacy-e-me","title":"EverythingMe"},{"$i":"navbar-back","$v":"Wstecz"},{"$i":"navbar-next","$v":"Dalej"},{"$i":"navbar-join","$v":"Połącz"},{"$i":"done","$v":"Gotowe"},{"$i":"thatsIt","$v":"To wszystko!"},{"$i":"startYourPhone","$v":"Krótki przewodnik"},{"$i":"startYourTablet","$v":"Krótki przewodnik"},{"$i":"joinTutorial","$v":"Kilka wskazówek na temat używania telefonu."},{"$i":"joinTutorialUpdated","$v":"Kilka informacji o funkcjach dodanych przez aktualizację."},{"$i":"enjoyYourPhone","$v":"To już wszystkie wskazówki w tym przewodniku."},{"$i":"enjoyYourPhoneUpdated","$v":"To już wszystkie wskazówki w tym przewodniku."},{"$i":"optionsAvailable","$v":"Ustawienia języka, daty i czasu oraz połączeń Wi-Fi można zmienić w ustawieniach."},{"$i":"letsGo","$v":"Zamknij"},{"$i":"startTour","$v":"Wyświetl"},{"$i":"thatsIt1Tablet-2","$v":"Przesuń palcem z dołu do góry, aby przejść do ekranu głównego."},{"$i":"thatsIt2Tablet-2","$v":"To wszystko!"},{"$i":"tutorial","$v":"Przewodnik"},{"$i":"tutorial-step1-large-3","$v":"Przesuń palcem do dołu, aby wyświetlić powiadomienia, informacje o stanie konta i ustawienia."},{"$i":"tutorial-step2-large-2","$v":"Przesuń palcem w lewo lub prawo, aby odkryć aplikacje na ekranie głównym."},{"$i":"tutorial-step3-large-2","$v":"Przytrzymaj palcem ikonę, aby przesunąć lub usunąć aplikację."},{"$i":"tutorial-step4-large-2","$v":"Przesuń dwoma pacami z dołu do góry, aby otworzyć widok kart."},{"$i":"tutorial-vertical-scroll-v2-tiny","$v":"Przesuwaj palcem z dołu ku górze i odwrotnie, aby przeglądać aplikacje i zakładki. Przytrzymaj palcem ikonę, aby ją przesunąć, usunąć lub edytować."},{"$i":"tutorial-notifications-v2-tiny","$v":"Przesuń palcem na dół, aby wyświetlić ostatnie powiadomienia i informacje o użyciu sieci."},{"$i":"tutorial-sheets-tiny","$v":"Przesuń palcem od lewej krawędzi w prawo, aby powrócić do ostatnio używanych aplikacji."},{"$i":"tutorial-rocketbar-tiny","$v":"Dzięki polu wyszukiwania możesz w dowolnym momencie wyszukiwać i otwierać strony."},{"$i":"tutorial-bookmarks-migration-tiny","$v":"Zakładki zostały przeniesione na ekran główny. Edytując stuknij zakładkę, by zmienić jej nazwę lub ją usunąć."},{"$i":"tutorial-app-grouping-tiny","$v":"Stuknij, by zwijać i rozwijać grupy aplikacji. Przeciągnij aplikację na wolną przestrzeń, by utworzyć nową grupę."},{"$i":"offline-dialog-title","$v":"Urządzenie musi być połączone z Internetem, aby wyświetlić tę stronę."},{"$i":"offline-dialog-text","$v":["Cofnij się, aby połączyć z Internetem. Stronę można również wyświetlić później poprzez ustawienia lub wprowadzając adres „",{"t":"idOrVar","v":"url"},"” na innym urządzeniu."]},{"$i":"OK","$v":"OK"},{"$i":"offline-newsletter-dialog-title","$v":"Do subskrypcji newslettera konieczne jest połączenie z Internetem."},{"$i":"offline-newsletter-dialog-text","$v":"Proszę się cofnąć i połączyć z siecią."},{"$i":"invalid-email-dialog-title","$v":"Nieprawidłowy adres e-mail"},{"$i":"invalid-email-dialog-text","$v":"Proszę się cofnąć i poprawić adres."},{"$i":"retry","$v":"Ponów"},{"$i":"cancel","$v":"Anuluj"},{"$i":"progressbar","$v":["Krok ",{"t":"idOrVar","v":"step"}," z ",{"t":"idOrVar","v":"total"}],"ariaLabel":"Asystent wstępnej konfiguracji"},{"$i":"weekday-0-long","$v":"Niedziela"},{"$i":"weekday-1-long","$v":"Poniedziałek"},{"$i":"weekday-2-long","$v":"Wtorek"},{"$i":"weekday-3-long","$v":"Środa"},{"$i":"weekday-4-long","$v":"Czwartek"},{"$i":"weekday-5-long","$v":"Piątek"},{"$i":"weekday-6-long","$v":"Sobota"},{"$i":"weekday-0-short","$v":"Nd"},{"$i":"weekday-1-short","$v":"Pn"},{"$i":"weekday-2-short","$v":"Wt"},{"$i":"weekday-3-short","$v":"Śr"},{"$i":"weekday-4-short","$v":"Cz"},{"$i":"weekday-5-short","$v":"Pt"},{"$i":"weekday-6-short","$v":"Sb"},{"$i":"month-0-long","$v":"Styczeń"},{"$i":"month-1-long","$v":"Luty"},{"$i":"month-2-long","$v":"Marzec"},{"$i":"month-3-long","$v":"Kwiecień"},{"$i":"month-4-long","$v":"Maj"},{"$i":"month-5-long","$v":"Czerwiec"},{"$i":"month-6-long","$v":"Lipiec"},{"$i":"month-7-long","$v":"Sierpień"},{"$i":"month-8-long","$v":"Wrzesień"},{"$i":"month-9-long","$v":"Październik"},{"$i":"month-10-long","$v":"Listopad"},{"$i":"month-11-long","$v":"Grudzień"},{"$i":"month-0-genitive","$v":"stycznia"},{"$i":"month-1-genitive","$v":"lutego"},{"$i":"month-2-genitive","$v":"marca"},{"$i":"month-3-genitive","$v":"kwietnia"},{"$i":"month-4-genitive","$v":"maja"},{"$i":"month-5-genitive","$v":"czerwca"},{"$i":"month-6-genitive","$v":"lipca"},{"$i":"month-7-genitive","$v":"sierpnia"},{"$i":"month-8-genitive","$v":"września"},{"$i":"month-9-genitive","$v":"października"},{"$i":"month-10-genitive","$v":"listopada"},{"$i":"month-11-genitive","$v":"grudnia"},{"$i":"month-0-short","$v":"sty"},{"$i":"month-1-short","$v":"lut"},{"$i":"month-2-short","$v":"mar"},{"$i":"month-3-short","$v":"kwi"},{"$i":"month-4-short","$v":"maj"},{"$i":"month-5-short","$v":"cze"},{"$i":"month-6-short","$v":"lip"},{"$i":"month-7-short","$v":"sie"},{"$i":"month-8-short","$v":"wrz"},{"$i":"month-9-short","$v":"paź"},{"$i":"month-10-short","$v":"lis"},{"$i":"month-11-short","$v":"gru"},{"$i":"minutes-ago-long","$v":{"zero":"w tym momencie","one":"przed minutą","two":"dwie minuty temu","few":[{"t":"idOrVar","v":"value"}," minuty temu"],"many":[{"t":"idOrVar","v":"value"}," minut temu"],"other":""},"$x":[{"t":"idOrVar","v":"plural"},"value"]},{"$i":"hours-ago-long","$v":{"zero":"w tej godzinie","one":"godzinę temu","two":"dwie godziny temu","few":[{"t":"idOrVar","v":"value"}," godziny temu"],"many":[{"t":"idOrVar","v":"value"}," godzin temu"],"other":""},"$x":[{"t":"idOrVar","v":"plural"},"value"]},{"$i":"days-ago-long","$v":{"zero":"dzisiaj","one":"wczoraj","two":"przedwczoraj","few":[{"t":"idOrVar","v":"value"}," dni temu"],"many":[{"t":"idOrVar","v":"value"}," dni temu"],"other":""},"$x":[{"t":"idOrVar","v":"plural"},"value"]},{"$i":"weeks-ago-long","$v":{"zero":"w tym tygodniu","one":"w zeszłym tygodniu","two":"dwa tygodnie temu","few":[{"t":"idOrVar","v":"value"}," tygodnie temu"],"many":[{"t":"idOrVar","v":"value"}," tygodni temu"],"other":""},"$x":[{"t":"idOrVar","v":"plural"},"value"]},{"$i":"months-ago-long","$v":{"zero":"w tym miesiącu","one":"w zeszłym miesiącu","two":"dwa miesiące temu","few":[{"t":"idOrVar","v":"value"}," miesiące temu"],"many":[{"t":"idOrVar","v":"value"}," miesięcy temu"],"other":""},"$x":[{"t":"idOrVar","v":"plural"},"value"]},{"$i":"years-ago-long","$v":{"zero":"w tym roku","one":"w zeszłym roku","two":"dwa lata temu","few":[{"t":"idOrVar","v":"value"}," lata temu"],"many":[{"t":"idOrVar","v":"value"}," lat temu"],"other":""},"$x":[{"t":"idOrVar","v":"plural"},"value"]},{"$i":"minutes-until-long","$v":{"zero":"teraz","one":"za minutę","two":"za dwie minuty","few":["za ",{"t":"idOrVar","v":"value"}," minuty"],"many":["za ",{"t":"idOrVar","v":"value"}," minut"],"other":""},"$x":[{"t":"idOrVar","v":"plural"},"value"]},{"$i":"hours-until-long","$v":{"zero":"teraz","one":"za godzinę","two":"za dwie godziny","few":["za ",{"t":"idOrVar","v":"value"}," godziny"],"many":["za ",{"t":"idOrVar","v":"value"}," godzin"],"other":""},"$x":[{"t":"idOrVar","v":"plural"},"value"]},{"$i":"days-until-long","$v":{"zero":"dzisiaj","one":"jutro","two":"za dwa dni","few":["za ",{"t":"idOrVar","v":"value"}," dni"],"many":["za ",{"t":"idOrVar","v":"value"}," dni"],"other":""},"$x":[{"t":"idOrVar","v":"plural"},"value"]},{"$i":"weeks-until-long","$v":{"zero":"w tym tygodniu","one":"w przyszłym tygodniu","two":"za dwa tygodnie","few":["za ",{"t":"idOrVar","v":"value"}," tygodnie"],"many":["za ",{"t":"idOrVar","v":"value"}," tygodni"],"other":""},"$x":[{"t":"idOrVar","v":"plural"},"value"]},{"$i":"months-until-long","$v":{"zero":"w tym miesiącu","one":"w przyszłym miesiącu","two":"za dwa miesiące","few":["za ",{"t":"idOrVar","v":"value"}," miesiące"],"many":["za ",{"t":"idOrVar","v":"value"}," miesięcy"],"other":""},"$x":[{"t":"idOrVar","v":"plural"},"value"]},{"$i":"years-until-long","$v":{"zero":"w tym roku","one":"w przyszłym roku","two":"za dwa lata","few":["za ",{"t":"idOrVar","v":"value"}," lata"],"many":["za ",{"t":"idOrVar","v":"value"}," lat"],"other":""},"$x":[{"t":"idOrVar","v":"plural"},"value"]},{"$i":"minutes-ago-short","$v":{"zero":"teraz","other":[{"t":"idOrVar","v":"value"}," min temu"]},"$x":[{"t":"idOrVar","v":"plural"},"value"]},{"$i":"hours-ago-short","$v":{"zero":"teraz","other":[{"t":"idOrVar","v":"value"}," godz. temu"]},"$x":[{"t":"idOrVar","v":"plural"},"value"]},{"$i":"days-ago-short","$v":{"zero":"dzisiaj","other":[{"t":"idOrVar","v":"value"}," dni temu"]},"$x":[{"t":"idOrVar","v":"plural"},"value"]},{"$i":"minutes-until-short","$v":{"zero":"teraz","other":["za ",{"t":"idOrVar","v":"value"}," min"]},"$x":[{"t":"idOrVar","v":"plural"},"value"]},{"$i":"hours-until-short","$v":{"zero":"teraz","other":["za ",{"t":"idOrVar","v":"value"}," godz."]},"$x":[{"t":"idOrVar","v":"plural"},"value"]},{"$i":"days-until-short","$v":{"zero":"dzisiaj","other":["za ",{"t":"idOrVar","v":"value"}," dni"]},"$x":[{"t":"idOrVar","v":"plural"},"value"]},{"$i":"incorrectDate","$v":"(nieprawidłowa data)"},{"$i":"dateTimeFormat_%c","$v":"%a, %e %b %Y, %H:%M:%S"},{"$i":"dateTimeFormat_%x","$v":"%e.%m.%Y"},{"$i":"dateTimeFormat_%X","$v":"%H:%M:%S"},{"$i":"shortTimeFormat","$v":"%H:%M"},{"$i":"shortTimeFormat12","$v":"%I:%M a.m."},{"$i":"shortTimeFormat24","$v":"%H:%M"},{"$i":"shortDateTimeFormat","$v":"%x %H:%M"},{"$i":"weekStartsOnMonday","$v":"1"},{"$i":"firstDayOfTheWeek","$v":"1"},{"$i":"time_am","$v":"a.m."},{"$i":"time_pm","$v":"p.m."},{"$i":"tz-region","$v":"Region"},{"$i":"tz-city","$v":"Miasto"},{"$i":"tzRegion-Africa","$v":"Afryka"},{"$i":"tzRegion-America","$v":"Ameryka"},{"$i":"tzRegion-Antarctica","$v":"Antarktyka"},{"$i":"tzRegion-Asia","$v":"Azja"},{"$i":"tzRegion-Atlantic","$v":"Atlantyk"},{"$i":"tzRegion-Australia","$v":"Australia"},{"$i":"tzRegion-Europe","$v":"Europa"},{"$i":"tzRegion-Indian","$v":"Ocean Indyjski"},{"$i":"tzRegion-Pacific","$v":"Pacyfik"},{"$i":"close","$v":"Zamknij"},{"$i":"import","$v":"Importuj"},{"$i":"update","$v":"Uaktualnij"},{"$i":"fbFriends","$v":"Facebook - znajomi"},{"$i":"live-serviceName","$v":"Outlook"},{"$i":"gmail-serviceName","$v":"Gmail"},{"$i":"facebook-serviceName","$v":"Facebook"},{"$i":"selectAll","$v":"Zaznacz wszystko"},{"$i":"deselectAll","$v":"Odznacz wszystko"},{"$i":"viewAll","$v":"Wyświetl wszystkich znajomych"},{"$i":"viewRecommend","$v":"Wyświetl tylko rekomendowanych"},{"$i":"linkProposal","$v":{"zero":"Nie znaleziono pasujących znajomych. Wyświetlono wszystkich","one":"Wybierz rekomendowanego","two":"Wybierz rekomendowanych","few":"Wybierz rekomendowanych","many":"Wybierz rekomendowanych","other":""},"$x":[{"t":"idOrVar","v":"plural"},"numFriends"]},{"$i":"fbFriendsFound","$v":{"zero":"Kontakty wszystkich zostały wcześniej zaimportowane","one":"Znaleziono kontakt jednego znajomego do zaimportowania","two":["Znaleziono ",{"t":"idOrVar","v":"numFriends"}," kontakty znajomych do zaimportowania"],"few":["Znaleziono ",{"t":"idOrVar","v":"numFriends"}," kontakty znajomych do zaimportowania"],"many":["Znaleziono ",{"t":"idOrVar","v":"numFriends"}," kontaktów znajomych do zaimportowania"],"other":""},"$x":[{"t":"idOrVar","v":"plural"},"numFriends"]},{"$i":"fbNoFriends","$v":"Brak kontaktów do zaimportowania"},{"$i":"search-contact","placeholder":"Wyszukaj"},{"$i":"noResults","$v":"Nie znaleziono znajomych"},{"$i":"done-search","$v":"Gotowe"},{"$i":"progressFB3ImportTitle","$v":"Importowanie kontaktów znajomych"},{"$i":"progressFB","$v":[{"t":"idOrVar","v":"current"},"/",{"t":"idOrVar","v":"total"}]},{"$i":"progressFB3UpdateTitle","$v":"Aktualizowanie lokalnych kontaktów znajomych"},{"$i":"message2","$v":"To może zająć kilka minut"},{"$i":"messageLinking","$v":"Proszę czekać. Trwa łączenie kontaktów znajomych z lokalnymi."},{"$i":"messageCanceling","$v":"Proszę czekać. Trwa anulowanie trwającej operacji."},{"$i":"error1","$v":["Błąd ",{"t":"idOrVar","v":"from"}]},{"$i":"error2","$v":"Spróbować ponownie?"},{"$i":"errorProposal","$v":"tworzenia propozycji"},{"$i":"errorFriends","$v":"uzyskiwania listy znajomych"},{"$i":"errorLinking","$v":"łączenie kontaktów"},{"$i":"timeout1","$v":["Przekroczono limit czasu ",{"t":"idOrVar","v":"from"}]},{"$i":"timeout2","$v":"Spróbować ponownie?"},{"$i":"timeoutProposal","$v":"tworzenia propozycji"},{"$i":"timeoutFriends","$v":"uzyskiwania listy znajomych"},{"$i":"timeoutLinking","$v":"łączenie kontaktów"},{"$i":"wait1","$v":"Proszę czekać"},{"$i":"wait2","$v":"To może zająć kilka minut"},{"$i":"waitProposal","$v":"Proszę czekać. Tworzenie propozycji."},{"$i":"waitFriends","$v":"Proszę czekać. Łączenie w celu pobrania listy znajomych."},{"$i":"curtainCancel","$v":"Anuluj"},{"$i":"curtainRetry","$v":"Ponów"},{"$i":"curtainOK","$v":"OK"},{"$i":"connectionLost","$v":"Brak połączenia z Internetem"},{"$i":"connectionLostMsg","$v":"Zdjęcia znajomych nie zostaną dodane do kontaktów. Kontynuować mimo to?"},{"$i":"yesOption","$v":"OK"},{"$i":"noOption","$v":"Anuluj"},{"$i":"friendsUpdated","$v":{"zero":"Nie uaktualniono żadnych kontaktów znajomych","one":"Uaktualniono jeden kontakt","two":["Uaktualniono ",{"t":"idOrVar","v":"numFriends"}," kontakty"],"few":["Uaktualniono ",{"t":"idOrVar","v":"numFriends"}," kontakty"],"many":["Uaktualniono ",{"t":"idOrVar","v":"numFriends"}," kontaktów"],"other":""},"$x":[{"t":"idOrVar","v":"plural"},"numFriends"]},{"$i":"friendsMerged","$v":{"zero":"Nie złączono żadnych powielonych kontaktów","one":"Złączono jeden powielony kontakt","two":"Złączono dwa powielone kontakty","few":["Złączono ",{"t":"idOrVar","v":"numDups"}," powielone kontakty"],"many":["Złączono ",{"t":"idOrVar","v":"numDups"}," powielonych kontaktów"],"other":""},"$x":[{"t":"idOrVar","v":"plural"},"numDups"]},{"$i":"notificationLogin","$v":"Sesja serwisu Facebook jest nieprawidłowa. Proszę się zalogować."},{"$i":"syncError","$v":"Wystąpił błąd podczas synchronizowania danych znajomych"}]