[{"$i":"brandShortName","$v":"B2G OS"},{"$i":"browserBrandShortName","$v":"Web Browser"},{"$i":"browserBrandFullName","$v":"Mozilla Web Browser"},{"$i":"ringtoneBrandName","$v":"Default"},{"$i":"ringtoneSectionBrandName","$v":"System"},{"$i":"back","$v":"Voltar"},{"$i":"noSimMsg","$v":"Para importar contatos insira ou destrave seu cartão SIM"},{"$i":"noMemoryCardMsg","$v":"Para importar contatos insira um cartão de memória"},{"$i":"importMemoryCard","$v":"Cartão de memória"},{"$i":"noConnection11","$v":"Para importar amigos do Facebook ou contatos, conecte-se a uma rede Wi-Fi ou dados móveis."},{"$i":"emptyAccount","$v":"Nenhum amigo ou contato foi encontrado nesta conta."},{"$i":"simContacts-import","$v":"Importar contatos do chip SIM"},{"$i":"simContacts-importing","$v":"Importando contatos do chip SIM..."},{"$i":"simContacts-reading","$v":"Lendo chip SIM…"},{"$i":"simContacts-error","$v":"Não foi possível importar contatos do SIM"},{"$i":"simContacts-imported3","$v":{"zero":"Nenhum contato encontrado no SIM para importar","one":"Um contato importado","two":[{"t":"idOrVar","v":"n"}," contatos importados"],"few":[{"t":"idOrVar","v":"n"}," contatos importados"],"many":[{"t":"idOrVar","v":"n"}," contatos importados"],"other":[{"t":"idOrVar","v":"n"}," contatos importados"]},"$x":[{"t":"idOrVar","v":"plural"},"n"]},{"$i":"memoryCardContacts-import","$v":"Importar contatos do cartão de memória"},{"$i":"memoryCardContacts-importing","$v":"Importando contatos do cartão de memória..."},{"$i":"memoryCardContacts-reading","$v":"Lendo do cartão de memória..."},{"$i":"memoryCardContacts-error","$v":"Não foi possível importar contatos do cartão de memória"},{"$i":"memoryCardContacts-imported3","$v":{"zero":"Nenhum contato foi encontrado no cartão de memória","one":"Um contato importado","two":[{"t":"idOrVar","v":"n"}," contatos importados"],"few":[{"t":"idOrVar","v":"n"}," contatos importados"],"many":[{"t":"idOrVar","v":"n"}," contatos importados"],"other":[{"t":"idOrVar","v":"n"}," contatos importados"]},"$x":[{"t":"idOrVar","v":"plural"},"n"]},{"$i":"genericProgress","$v":[{"t":"idOrVar","v":"current"},"/",{"t":"idOrVar","v":"total"}]},{"$i":"facebook","$v":"Facebook"},{"$i":"facebook-import-msg2","$v":[{"t":"idOrVar","v":"imported"},"/",{"t":"idOrVar","v":"total"}," friends imported"]},{"$i":"contactsMerged","$v":{"zero":"Nenhum contato duplicado foi agrupado","one":"Um contato duplicado foi agrupado","two":[{"t":"idOrVar","v":"numDups"}," contatos foram agrupados"],"few":[{"t":"idOrVar","v":"numDups"}," contatos foram agrupados"],"many":[{"t":"idOrVar","v":"numDups"}," contatos foram agrupados"],"other":[{"t":"idOrVar","v":"numDups"}," contatos foram agrupados"]},"$x":[{"t":"idOrVar","v":"plural"},"numDups"]},{"$i":"pincode2","$v":"Inserir código PIN"},{"$i":"type_pin","$v":"Digite seu código PIN"},{"$i":"pincodeLabel","$v":["Código PIN do cartão SIM ",{"t":"idOrVar","v":"n"}]},{"$i":"pinValidation","$v":"O PIN deve ter entre 4 e 8 caracteres."},{"$i":"pinError","$v":"O PIN está incorreto."},{"$i":"pinAttemptMsg2","$v":{"one":"Você tem mais uma tentativa para inserir o código correto antes de bloquear o chip SIM.","two":["Você tem ",{"t":"idOrVar","v":"n"}," tentativas para inserir o código correto antes de bloquear o chip SIM."],"few":["Você tem ",{"t":"idOrVar","v":"n"}," tentativas para inserir o código correto antes de bloquear o chip SIM."],"many":["Você tem ",{"t":"idOrVar","v":"n"}," tentativas para inserir o código correto antes de bloquear o chip SIM."],"other":["Você tem ",{"t":"idOrVar","v":"n"}," tentativas para inserir o código correto antes de bloquear o chip SIM."]},"$x":[{"t":"idOrVar","v":"plural"},"n"]},{"$i":"pinLastChanceMsg","$v":"Esta é a sua última chance de inserir o PIN correto. Caso contrário, você deverá inserir o código PUK para usar esse chip SIM."},{"$i":"pukcode","$v":"Inserir código PUK"},{"$i":"pukcodeTitle","$v":["Digite o PUK do cartão SIM ",{"t":"idOrVar","v":"n"}]},{"$i":"pukcodeLabel","$v":["PUK do cartão SIM ",{"t":"idOrVar","v":"n"}]},{"$i":"type_puk","$v":"Código PUK"},{"$i":"pukValidation","$v":"O código PUK deve ter exatamente 8 caracteres."},{"$i":"pukInfo","$v":"Você deve inserir o código PUK do chip SIM. Consulte a documentação do chip SIM ou entre em contato com sua operadora para mais informações."},{"$i":"pukError","$v":"O código PUK está incorreto."},{"$i":"pukAttemptMsg2","$v":{"one":"Você tem mais uma tentativa para inserir o código correto antes de tornar este chip SIM permanentemente inutilizável. Consulte a documentação do chip SIM ou entre em contato com sua operadora para mais informações.","two":["Você tem ",{"t":"idOrVar","v":"n"}," tentativas para inserir o código correto antes de tornar este chip SIM permanentemente inutilizável. Consulte a documentação do chip SIM ou entre em contato com sua operadora para mais informações."],"few":["Você tem ",{"t":"idOrVar","v":"n"}," tentativas para inserir o código correto antes de tornar este chip SIM permanentemente inutilizável. Consulte a documentação do chip SIM ou entre em contato com sua operadora para mais informações."],"many":["Você tem ",{"t":"idOrVar","v":"n"}," tentativas para inserir o código correto antes de tornar este chip SIM permanentemente inutilizável. Consulte a documentação do chip SIM ou entre em contato com sua operadora para mais informações."],"other":["Você tem ",{"t":"idOrVar","v":"n"}," tentativas para inserir o código correto antes de tornar este chip SIM permanentemente inutilizável. Consulte a documentação do chip SIM ou entre em contato com sua operadora para mais informações."]},"$x":[{"t":"idOrVar","v":"plural"},"n"]},{"$i":"pukLastChanceMsg","$v":"Esta é a sua última chance de inserir o código PUK correto. Seu chip SIM se tornará permanentemte inutilizável se você inserir o código PUK errado."},{"$i":"create_newpin","$v":"Criar novo PIN (4 a 8 dígitos)"},{"$i":"confirm_newpin","$v":"Confirmar novo PIN"},{"$i":"newpinConfirmation","$v":"Os PINs não correspondem"},{"$i":"nckcode","$v":"Inserir código NCK"},{"$i":"cckcode","$v":"Inserir código CCK"},{"$i":"spckcode","$v":"Inserir código SPCK"},{"$i":"nck1code","$v":"Insira código NCK1"},{"$i":"nck2code","$v":"Insira código NCK"},{"$i":"hnckcode","$v":"Insira código HNCK"},{"$i":"rcckcode","$v":"Insira código RCCK"},{"$i":"rspckcode","$v":"Insira código RSPCK"},{"$i":"nckcodeTitle","$v":["Insira o código NCK do cartão SIM ",{"t":"idOrVar","v":"n"}]},{"$i":"cckcodeTitle","$v":["Insira o código CCK do cartão SIM ",{"t":"idOrVar","v":"n"}]},{"$i":"spckcodeTitle","$v":["Insira o código SPCK do cartão SIM ",{"t":"idOrVar","v":"n"}]},{"$i":"nck1codeTitle","$v":["Insira o código NCK1 do cartão SIM ",{"t":"idOrVar","v":"n"}]},{"$i":"nck2codeTitle","$v":["Insira o código NCK2 do cartão SIM ",{"t":"idOrVar","v":"n"}]},{"$i":"hnckcodeTitle","$v":["Insira o código HNCK do cartão SIM ",{"t":"idOrVar","v":"n"}]},{"$i":"rcckcodeTitle","$v":["Insira o código RCCK do cartão SIM ",{"t":"idOrVar","v":"n"}]},{"$i":"rspckcodeTitle","$v":["Insira o código RSPCK do cartão SIM ",{"t":"idOrVar","v":"n"}]},{"$i":"nckcodeLabel","$v":["Código NCK do cartão SIM ",{"t":"idOrVar","v":"n"}]},{"$i":"cckcodeLabel","$v":["Código CCK do cartão SIM ",{"t":"idOrVar","v":"n"}]},{"$i":"spckcodeLabel","$v":["SPCK do cartão SIM ",{"t":"idOrVar","v":"n"}]},{"$i":"nck1codeLabel","$v":["NCK1 do cartão SIM ",{"t":"idOrVar","v":"n"}]},{"$i":"nck2codeLabel","$v":["NCK2 do cartão SIM ",{"t":"idOrVar","v":"n"}]},{"$i":"hnckcodeLabel","$v":["HNCK do cartão SIM ",{"t":"idOrVar","v":"n"}]},{"$i":"rcckcodeLabel","$v":["RCCK do cartão SIM ",{"t":"idOrVar","v":"n"}]},{"$i":"rspckcodeLabel","$v":["RSPCK do cartão SIM ",{"t":"idOrVar","v":"n"}]},{"$i":"type_nck","$v":"Digite seu código NCK"},{"$i":"type_cck","$v":"Digite seu código CCK"},{"$i":"type_spck","$v":"Digite seu código SPCK"},{"$i":"type_nck1","$v":"Digite seu código NCK1"},{"$i":"type_nck2","$v":"Digite seu código NCK2"},{"$i":"type_hnck","$v":"Digite seu código HNCK"},{"$i":"type_rcck","$v":"Digite seu código RCCK"},{"$i":"type_rspck","$v":"Digite seu código RSPCK"},{"$i":"nckValidation","$v":"O NCK deve ter entre 8 e 16 caracteres."},{"$i":"cckValidation","$v":"O CCK deve ter entre 8 e 16 caracteres."},{"$i":"spckValidation","$v":"O SPCK deve ter entre 8 e 16 caracteres."},{"$i":"nck1Validation","$v":"O NCK1 deve ter entre 8 e 16 caracteres."},{"$i":"nck2Validation","$v":"O NCK2 deve ter entre 8 e 16 caracteres."},{"$i":"hnckValidation","$v":"O HNCK deve ter entre 8 e 16 caracteres."},{"$i":"rcckValidation","$v":"O RCCK deve ter entre 8 e 16 caracteres."},{"$i":"rspckValidation","$v":"O RSPCK deve ter entre 8 e 16 caracteres."},{"$i":"nckErrorMsg","$v":"O código NCK está incorreto."},{"$i":"nckAttemptMsg2","$v":{"one":"A solicitação de desbloqueio falhou. Você tem mais uma tentativa para inserir o código correto. Consulte a documentação do seu aparelho ou entre em contato com sua operadora para mais informações.","two":["A solicitação de desbloqueio falhou. Você tem ",{"t":"idOrVar","v":"n"}," tentativas para inserir o código correto. Consulte a documentação do seu aparelho ou entre em contato com sua operadora para mais informações."],"few":["A solicitação de desbloqueio falhou. Você tem ",{"t":"idOrVar","v":"n"}," tentativas para inserir o código correto. Consulte a documentação do seu aparelho ou entre em contato com sua operadora para mais informações."],"many":["A solicitação de desbloqueio falhou. Você tem ",{"t":"idOrVar","v":"n"}," tentativas para inserir o código correto. Consulte a documentação do seu aparelho ou entre em contato com sua operadora para mais informações."],"other":["A solicitação de desbloqueio falhou. Você tem ",{"t":"idOrVar","v":"n"}," tentativas para inserir o código correto. Consulte a documentação do seu aparelho ou entre em contato com sua operadora para mais informações."]},"$x":[{"t":"idOrVar","v":"plural"},"n"]},{"$i":"nckLastChanceMsg","$v":"A solicitação de desbloqueio falhou. Esta é a sua última chance de inserir o código correto. Consulte a documentação do seu aparelho ou entre em contato com sua operadora para mais informações."},{"$i":"skip","$v":"Pular"},{"$i":"send","$v":"Enviar"},{"$i":"ok","$v":"OK"},{"$i":"simLocked","$v":"O chip SIM está bloqueado"},{"$i":"inputCodeRetriesLeft","$v":{"one":"última tentativa.","two":["restam ",{"t":"idOrVar","v":"n"}," tentativas."],"few":["restam ",{"t":"idOrVar","v":"n"}," tentativas."],"many":["restam ",{"t":"idOrVar","v":"n"}," tentativas."],"other":["restam ",{"t":"idOrVar","v":"n"}," tentativas."]},"$x":[{"t":"idOrVar","v":"plural"},"n"]},{"$i":"simManager","$v":"Cartões SIM"},{"$i":"simDetail","$v":["Cartão SIM ",{"t":"idOrVar","v":"n"}]},{"$i":"simDefault","$v":"(padrão)"},{"$i":"simDefaultMessage","$v":"Chamadas, mensagens e conexões de dados serão feitas com o cartão SIM 1 por padrão"},{"$i":"simSettingsMessage","$v":"Você pode alterar as configurações em Configurações > Cartões SIM"},{"$i":"simPinLocked","$v":"O PIN do cartão SIM está travado"},{"$i":"noOperator","$v":"Nenhuma operadora"},{"$i":"searchingOperator","$v":"Procurando"},{"$i":"language","$v":"Idioma"},{"$i":"3g","$v":"Dados 3G"},{"$i":"dataConnection","$v":"Ativar dados"},{"$i":"dataConnectionInfo","$v":"Ativar a conexão de dados permite configurar seu aparelho sem uma conexão Wi-Fi. Você também pode ativá-la mais tarde em Configurações. Apenas certifique-se de que você tem um plano de dados com sua operadora para evitar surpresas na sua conta."},{"$i":"caution","$v":"Aviso"},{"$i":"geolocation","$v":"Geolocalização"},{"$i":"geolocationCheckbox","$v":"Ativar Geolocalização"},{"$i":"geolocationInfo2","$v":["O ",{"t":"idOrVar","v":"brandShortName"}," usa dados como GPS, Wi-Fi e redes móveis ao seu redor para ajudar a determinar sua localização aproximada."]},{"$i":"geolocationInfoMore","$v":"Os dados são enviados à Mozilla e outros provedores de serviços e serão usados para melhorar essas bases de dados de localização. Os dados podem ser armazenados no seu aparelho e a coleta de dados pode ocorrer até mesmo quando nenhum aplicativo estiver sendo executado."},{"$i":"notice","$v":"Aviso"},{"$i":"aboutYourPrivacy","$v":"Mais sobre sua privacidade"},{"$i":"scanningNetworks","$v":"Procurando redes"},{"$i":"selectNetwork","$v":"Redes Wi-Fi"},{"$i":"shortStatus-connecting","$v":"Conectando…"},{"$i":"shortStatus-associated","$v":"Obtendo endereço IP…"},{"$i":"shortStatus-connected","$v":"Conectado"},{"$i":"shortStatus-connectingfailed","$v":"A conexão falhou"},{"$i":"shortStatus-disconnected","$v":"Desconectado"},{"$i":"securedBy","$v":["Protegida por ",{"t":"idOrVar","v":"capabilities"}]},{"$i":"security","$v":"Segurança"},{"$i":"securityNone","$v":"Nenhuma"},{"$i":"securityWEP","$v":"WEP"},{"$i":"securityWPA-PSK","$v":"WPA-PSK"},{"$i":"securityWPA-EAP","$v":"WPA-EAP"},{"$i":"securityOpen","$v":"Aberta","ariaLabel":"Segurança"},{"$i":"identity","$v":"Usuário"},{"$i":"identityInput","placeholder":"Usuário"},{"$i":"password","$v":"Senha"},{"$i":"passwordInput","placeholder":"Senha"},{"$i":"showPassword","$v":"Mostrar Senha"},{"$i":"refresh","$v":"Atualizar"},{"$i":"noWifiFound3","$v":"Nenhuma rede sem fio encontrada"},{"$i":"join-hidden-button","$v":"Conectar a uma rede escondida"},{"$i":"authentication","$v":"Autenticação"},{"$i":"ssid-name","$v":"Nome da rede (SSID)"},{"$i":"wifiLevel","ariaLabel":[{"t":"idOrVar","v":"level"}," de 4 barras"]},{"$i":"networksList","ariaLabel":"Redes encontradas"},{"$i":"dateAndTime","$v":"Data e Hora"},{"$i":"timezoneTitle","$v":["UTC",{"t":"idOrVar","v":"utcOffset"}," ",{"t":"idOrVar","v":"region"},"/",{"t":"idOrVar","v":"city"}]},{"$i":"timeZone","$v":"Fuso horário"},{"$i":"change","$v":"Alterar"},{"$i":"region","ariaLabel":"Região"},{"$i":"city","ariaLabel":"Cidade"},{"$i":"date","ariaLabel":"Data"},{"$i":"time","ariaLabel":"Hora"},{"$i":"importContacts3","$v":"Importar contatos"},{"$i":"importSim2","$v":"Chip SIM"},{"$i":"importFb2","$v":"Facebook"},{"$i":"importOutlook","$v":"Outlook"},{"$i":"importGmail","$v":"Gmail"},{"$i":"fb-checking","$v":"… verificando"},{"$i":"notImportedYet","$v":"Ainda não importou"},{"$i":"otherAccount","$v":"Outras contas"},{"$i":"afterFbImport","$v":"Você pode importar e editar seus amigos do Facebook nas configurações do aplicativo Contatos"},{"$i":"firefox-accounts","$v":"Contas Firefox"},{"$i":"fxa-upsell","innerHTML":"A Conta Firefox permite que você encontre um telefone perdido e compre aplicativos do Marketplace."},{"$i":"fxa-create-account-or-sign-in","$v":"Crie uma Conta ou Entre"},{"$i":"fxa-email-sent","$v":["Um link de confirmação foi enviado para ",{"t":"idOrVar","v":"email"}]},{"$i":"fxa-signed-in","$v":["Entrou como ",{"t":"idOrVar","v":"email"}]},{"$i":"about-your-rights-0","$v":["O ",{"t":"idOrVar","v":"brandShortName"}," é um software livre e de código aberto, criado por uma comunidade de milhares de pessoas ao redor do mundo. Há algumas coisas que você deve saber:"]},{"$i":"about-your-rights-1","$v":["O ",{"t":"idOrVar","v":"brandShortName"}," está disponível para você de acordo com os termos da Licença Pública Mozilla. Isso significa que você pode usar, copiar e distribuir o ",{"t":"idOrVar","v":"brandShortName"}," para outras pessoas. Você também é bem-vindo para modificar como quiser o código-fonte do ",{"t":"idOrVar","v":"brandShortName"}," para atender às suas necessidades. A Licença Pública Mozilla também lhe dá o direito de distribuir as suas versões modificadas."]},{"$i":"about-your-rights-2","$v":["Não são concedidos a você quaisquer direitos sobre marcas comerciais ou licenças sobre as marcas comerciais da Mozilla Foundation ou de terceiros, incluindo, entre outros, o nome ou logotipo do ",{"t":"idOrVar","v":"brandShortName"},". Informações adicionais sobre as marcas comerciais podem ser encontradas somente aqui."]},{"$i":"about-your-rights-3","$v":["Alguns dos recursos do ",{"t":"idOrVar","v":"brandShortName"},", como o Crash Reporter, lhe dão a opção de fornecer informações à Mozilla. Ao efetuar o envio destas informações, você dá à Mozilla a permissão de usá-las para aperfeiçoar seus produtos, para publicá-las em seus sites e para distribuí-las."]},{"$i":"about-other","$v":"Outro"},{"$i":"SIM_mandatory","$v":"Alerta do cartão SIM"},{"$i":"SIM_mandatory_warm","$v":"Por favor, insira um cartão SIM e reinicie seu telefone."},{"$i":"telemetry-sends2","$v":["A Telemetria envia dados para a Mozilla sobre performance, hardware, configurações e customizações em seu dispositivo ",{"t":"idOrVar","v":"brandShortName"},". Nós usamos isso para fazer nossos produtos melhores, mais rápidos e responsivos."]},{"$i":"learn-more-telemetry2","innerHTML":["Saiba mais em <a href=\"",{"t":"idOrVar","v":"href"},"\" class=\"",{"t":"idOrVar","v":"className"},"\">",{"t":"idOrVar","v":"textContent"},"</a>"]},{"$i":"learn-more-information2","innerHTML":["Saiba como a Mozilla trata suas informações em <a href=\"",{"t":"idOrVar","v":"href"},"\" class=\"",{"t":"idOrVar","v":"className"},"\">",{"t":"idOrVar","v":"textContent"},"</a>"]},{"$i":"htmlWelcome2","innerHTML":["Bem-vindo ao <a href=\"",{"t":"idOrVar","v":"href"},"\" class=\"",{"t":"idOrVar","v":"className"},"\">",{"t":"idOrVar","v":"textContent"},"</a>, o sistema operacional livre, gratuito e de código aberto da Mozilla. Nossa missão é promover a abertura, inovação e oportunidades, mantendo o poder da Web em suas mãos."]},{"$i":"htmlWelcome-link","$v":[{"t":"idOrVar","v":"brandShortName"}]},{"$i":"helpImprove2","innerHTML":["Você pode ajudar a melhorar os nossos produtos e serviços, enviando automaticamente a análise de dados. Veja nossa <a href=\"",{"t":"idOrVar","v":"href"},"\" class=\"",{"t":"idOrVar","v":"className"},"\">",{"t":"idOrVar","v":"textContent"},"</a> para aprender como lidar com os dados de seu dispositivo."]},{"$i":"helpImprove-link","$v":"Nota de Privacide"},{"$i":"learn-more-privacy2","innerHTML":["Saiba como a Mozilla lida com sua informação em nosso <a href=\"",{"t":"idOrVar","v":"href"},"\" class=\"",{"t":"idOrVar","v":"className"},"\">",{"t":"idOrVar","v":"textContent"},"</a>."]},{"$i":"learn-more-privacy-link","$v":"Política de privacidade"},{"$i":"aboutBrowser","$v":["Sobre o ",{"t":"idOrVar","v":"brandShortName"}]},{"$i":"aboutYourPrivacy2","$v":"Sua privacidade"},{"$i":"mozillaCommunity2","$v":["Ao usar o ",{"t":"idOrVar","v":"brandShortName"},", você se torna parte de uma comunidade global que está ajudando a construir um futuro melhor para a Web. Se você quiser saber mais sobre a comunidade Mozilla, nossos outros produtos e eventos perto de você, por favor, digite seu endereço de e-mail abaixo."]},{"$i":"sharePerformanceAndUsageData2","$v":"Sim! Enviar dados."},{"$i":"emailAddress","placeholder":"Endereço de e-mail"},{"$i":"email-successfully-added","$v":"E-mail adicionado com sucesso"},{"$i":"email-loading","$v":"Salvando seu e-mail…"},{"$i":"privacy-b2g","$v":[{"t":"idOrVar","v":"brandShortName"}],"title":[{"t":"idOrVar","v":"brandShortName"}]},{"$i":"privacy-marketplace","$v":"Marketplace","title":[{"t":"idOrVar","v":"privacy-marketplace"}]},{"$i":"privacy-eme","$v":"EverythingMe"},{"$i":"privacy-e-me","title":[{"t":"idOrVar","v":"privacy-e-me"}]},{"$i":"navbar-back","$v":"Voltar"},{"$i":"navbar-next","$v":"Avançar"},{"$i":"navbar-join","$v":"Entrar"},{"$i":"done","$v":"Concluído"},{"$i":"thatsIt","$v":"É isso!"},{"$i":"startYourPhone","$v":"Iniciar o tour do seu telefone!"},{"$i":"startYourTablet","$v":"Iniciar o tour do seu tablet!"},{"$i":"joinTutorial","$v":"Aproveite este rápido passeio pelo seu novo telefone."},{"$i":"joinTutorialUpdated","$v":"junte-se a nós para um rápido tutorial sobre as atualizações para o seu telefone!"},{"$i":"enjoyYourPhone","$v":"Você está pronto para aproveitar seu novo telefone."},{"$i":"enjoyYourPhoneUpdated","$v":"Você está pronto para aproveitar seu telefone atualizado."},{"$i":"optionsAvailable","$v":"Você pode alterar o idioma, data/hora e conexões Wi-Fi nas configurações."},{"$i":"letsGo","$v":"Vamos lá"},{"$i":"startTour","$v":"Começar"},{"$i":"thatsIt1Tablet-2","$v":"Você sempre pode deslizar a partir da borda inferior para entrar na tela inicial."},{"$i":"thatsIt2Tablet-2","$v":"Vamos fazê-lo!"},{"$i":"tutorial","$v":"Tutorial"},{"$i":"tutorial-step1-large-3","$v":"Swipe down to access recent notifications, usage information and settings."},{"$i":"tutorial-step2-large-2","$v":"Deslize para a direita ou esquerda para descobrir novos aplicativos na tela inicial."},{"$i":"tutorial-step3-large-2","$v":"Toque e segure um ícone para movê-lo ou apagá-lo."},{"$i":"tutorial-step4-large-2","$v":"Deslize de baixo para cima com dois dedos para entrar no modo de cartas"},{"$i":"tutorial-vertical-scroll-v2-tiny","$v":"Desliza para cima ou para baixo para navegar nos seus aplicativos e favoritos. Toque e segure um ícone para excluir, mover ou editá-lo."},{"$i":"tutorial-notifications-v2-tiny","$v":"Swipe down to access recent notifications, usage information and settings."},{"$i":"tutorial-sheets-tiny","$v":"Deslize do canto esquerdo da tela para navegar entre os aplicativos usados recentemente."},{"$i":"tutorial-rocketbar-tiny","$v":"Toque na caixa de busca a qualquer momento para iniciar uma pesquisa ou visitar um site."},{"$i":"tutorial-bookmarks-migration-tiny","$v":"Seus favoritos foram movidos para a tela inicial. Quando editando, toque em um favorito para editar ou renomeá-lo."},{"$i":"tutorial-app-grouping-tiny","$v":"Tap to expand and collapse app groups. Drag an app into a new space to create a group."},{"$i":"offline-dialog-title","$v":"Você deve estar conectado à Internet para ver esta página."},{"$i":"offline-dialog-text","$v":["Por favor, volte e conecte-se à Internet. Você também pode ver a página mais tarde nas Configurações ou digitando ",{"t":"idOrVar","v":"url"}," em qualquer navegador."]},{"$i":"OK","$v":"OK"},{"$i":"offline-newsletter-dialog-title","$v":"Você deve estar conectado à Internet para inscrever-se no informativo."},{"$i":"offline-newsletter-dialog-text","$v":"Por favor volte e conecte-se à Internet."},{"$i":"invalid-email-dialog-title","$v":"E-mail inválido"},{"$i":"invalid-email-dialog-text","$v":"Por favor, volte e corrija os dados digitados."},{"$i":"retry","$v":"Repetir"},{"$i":"cancel","$v":"Cancel"},{"$i":"progressbar","$v":["Passo ",{"t":"idOrVar","v":"step"}," de ",{"t":"idOrVar","v":"total"}],"ariaLabel":"Experiência de Primeiro Uso"},{"$i":"weekday-0-long","$v":"Domingo"},{"$i":"weekday-1-long","$v":"Segunda-feira"},{"$i":"weekday-2-long","$v":"Terça-feira"},{"$i":"weekday-3-long","$v":"Quarta-feira"},{"$i":"weekday-4-long","$v":"Quinta-feira"},{"$i":"weekday-5-long","$v":"Sexta-feira"},{"$i":"weekday-6-long","$v":"Sábado"},{"$i":"weekday-0-short","$v":"Dom"},{"$i":"weekday-1-short","$v":"Seg"},{"$i":"weekday-2-short","$v":"Ter"},{"$i":"weekday-3-short","$v":"Qua"},{"$i":"weekday-4-short","$v":"Qui"},{"$i":"weekday-5-short","$v":"Sex"},{"$i":"weekday-6-short","$v":"Sáb"},{"$i":"month-0-long","$v":"Janeiro"},{"$i":"month-1-long","$v":"Fevereiro"},{"$i":"month-2-long","$v":"Março"},{"$i":"month-3-long","$v":"Abril"},{"$i":"month-4-long","$v":"Maio"},{"$i":"month-5-long","$v":"Junho"},{"$i":"month-6-long","$v":"Julho"},{"$i":"month-7-long","$v":"Agosto"},{"$i":"month-8-long","$v":"Setembro"},{"$i":"month-9-long","$v":"Outubro"},{"$i":"month-10-long","$v":"Novembro"},{"$i":"month-11-long","$v":"Dezembro"},{"$i":"month-0-genitive","$v":"Janeiro"},{"$i":"month-1-genitive","$v":"Fevereiro"},{"$i":"month-2-genitive","$v":"Março"},{"$i":"month-3-genitive","$v":"Abril"},{"$i":"month-4-genitive","$v":"Maio"},{"$i":"month-5-genitive","$v":"Junho"},{"$i":"month-6-genitive","$v":"Julho"},{"$i":"month-7-genitive","$v":"Agosto"},{"$i":"month-8-genitive","$v":"Setembro"},{"$i":"month-9-genitive","$v":"Outubro"},{"$i":"month-10-genitive","$v":"Novembro"},{"$i":"month-11-genitive","$v":"Dezembro"},{"$i":"month-0-short","$v":"Jan"},{"$i":"month-1-short","$v":"Fev"},{"$i":"month-2-short","$v":"Mar"},{"$i":"month-3-short","$v":"Abr"},{"$i":"month-4-short","$v":"Mai"},{"$i":"month-5-short","$v":"Jun"},{"$i":"month-6-short","$v":"Jul"},{"$i":"month-7-short","$v":"Ago"},{"$i":"month-8-short","$v":"Set"},{"$i":"month-9-short","$v":"Out"},{"$i":"month-10-short","$v":"Nov"},{"$i":"month-11-short","$v":"Dez"},{"$i":"minutes-ago-long","$v":{"zero":"há pouco","one":"um minuto atrás","two":[{"t":"idOrVar","v":"value"}," minutos atrás"],"few":[{"t":"idOrVar","v":"value"}," minutos atrás"],"many":[{"t":"idOrVar","v":"value"}," minutos atrás"],"other":[{"t":"idOrVar","v":"value"}," minutos atrás"]},"$x":[{"t":"idOrVar","v":"plural"},"value"]},{"$i":"hours-ago-long","$v":{"zero":"há pouco","one":"uma hora atrás","two":[{"t":"idOrVar","v":"value"}," horas atrás"],"few":[{"t":"idOrVar","v":"value"}," horas atrás"],"many":[{"t":"idOrVar","v":"value"}," horas atrás"],"other":[{"t":"idOrVar","v":"value"}," horas atrás"]},"$x":[{"t":"idOrVar","v":"plural"},"value"]},{"$i":"days-ago-long","$v":{"zero":"hoje","one":"ontem","two":[{"t":"idOrVar","v":"value"}," dias atrás"],"few":[{"t":"idOrVar","v":"value"}," dias atrás"],"many":[{"t":"idOrVar","v":"value"}," dias atrás"],"other":[{"t":"idOrVar","v":"value"}," dias atrás"]},"$x":[{"t":"idOrVar","v":"plural"},"value"]},{"$i":"weeks-ago-long","$v":{"zero":"esta semana","one":"semana passada","two":[{"t":"idOrVar","v":"value"}," semanas atrás"],"few":[{"t":"idOrVar","v":"value"}," semanas atrás"],"many":[{"t":"idOrVar","v":"value"}," semanas atrás"],"other":[{"t":"idOrVar","v":"value"}," semanas atrás"]},"$x":[{"t":"idOrVar","v":"plural"},"value"]},{"$i":"months-ago-long","$v":{"zero":"este mês","one":"mês passado","two":[{"t":"idOrVar","v":"value"}," meses atrás"],"few":[{"t":"idOrVar","v":"value"}," meses atrás"],"many":[{"t":"idOrVar","v":"value"}," meses atrás"],"other":[{"t":"idOrVar","v":"value"}," meses atrás"]},"$x":[{"t":"idOrVar","v":"plural"},"value"]},{"$i":"years-ago-long","$v":{"zero":"este ano","one":"ano passado","two":[{"t":"idOrVar","v":"value"}," anos atrás"],"few":[{"t":"idOrVar","v":"value"}," anos atrás"],"many":[{"t":"idOrVar","v":"value"}," anos atrás"],"other":[{"t":"idOrVar","v":"value"}," anos atrás"]},"$x":[{"t":"idOrVar","v":"plural"},"value"]},{"$i":"minutes-until-long","$v":{"zero":"agora","one":"em um minuto","two":["em ",{"t":"idOrVar","v":"value"}," minutos"],"few":["em ",{"t":"idOrVar","v":"value"}," minutos"],"many":["em ",{"t":"idOrVar","v":"value"}," minutos"],"other":["em ",{"t":"idOrVar","v":"value"}," minutos"]},"$x":[{"t":"idOrVar","v":"plural"},"value"]},{"$i":"hours-until-long","$v":{"zero":"agora","one":"em uma hora","two":["em ",{"t":"idOrVar","v":"value"}," horas"],"few":["em ",{"t":"idOrVar","v":"value"}," horas"],"many":["em ",{"t":"idOrVar","v":"value"}," horas"],"other":["em ",{"t":"idOrVar","v":"value"}," horas"]},"$x":[{"t":"idOrVar","v":"plural"},"value"]},{"$i":"days-until-long","$v":{"zero":"hoje","one":"amanhã","two":["em ",{"t":"idOrVar","v":"value"}," dias"],"few":["em ",{"t":"idOrVar","v":"value"}," dias"],"many":["em ",{"t":"idOrVar","v":"value"}," dias"],"other":["em ",{"t":"idOrVar","v":"value"}," dias"]},"$x":[{"t":"idOrVar","v":"plural"},"value"]},{"$i":"weeks-until-long","$v":{"zero":"esta semana","one":"semana que vem","two":["em ",{"t":"idOrVar","v":"value"}," semanas"],"few":["em ",{"t":"idOrVar","v":"value"}," semanas"],"many":["em ",{"t":"idOrVar","v":"value"}," semanas"],"other":["em ",{"t":"idOrVar","v":"value"}," semanas"]},"$x":[{"t":"idOrVar","v":"plural"},"value"]},{"$i":"months-until-long","$v":{"zero":"este mês","one":"mês que vem","two":["em ",{"t":"idOrVar","v":"value"}," meses"],"few":["em ",{"t":"idOrVar","v":"value"}," meses"],"many":["em ",{"t":"idOrVar","v":"value"}," meses"],"other":["em ",{"t":"idOrVar","v":"value"}," meses"]},"$x":[{"t":"idOrVar","v":"plural"},"value"]},{"$i":"years-until-long","$v":{"zero":"este ano","one":"ano que vem","two":["em ",{"t":"idOrVar","v":"value"}," anos"],"few":["em ",{"t":"idOrVar","v":"value"}," anos"],"many":["em ",{"t":"idOrVar","v":"value"}," anos"],"other":["em ",{"t":"idOrVar","v":"value"}," anos"]},"$x":[{"t":"idOrVar","v":"plural"},"value"]},{"$i":"minutes-ago-short","$v":{"zero":"há pouco","other":[{"t":"idOrVar","v":"value"},"min atrás"]},"$x":[{"t":"idOrVar","v":"plural"},"value"]},{"$i":"hours-ago-short","$v":{"zero":"há pouco","other":[{"t":"idOrVar","v":"value"},"h atrás"]},"$x":[{"t":"idOrVar","v":"plural"},"value"]},{"$i":"days-ago-short","$v":{"zero":"hoje","other":[{"t":"idOrVar","v":"value"},"d atrás"]},"$x":[{"t":"idOrVar","v":"plural"},"value"]},{"$i":"minutes-until-short","$v":{"zero":"agora","other":["em ",{"t":"idOrVar","v":"value"},"min"]},"$x":[{"t":"idOrVar","v":"plural"},"value"]},{"$i":"hours-until-short","$v":{"zero":"agora","other":["em ",{"t":"idOrVar","v":"value"},"h"]},"$x":[{"t":"idOrVar","v":"plural"},"value"]},{"$i":"days-until-short","$v":{"zero":"hoje","other":["em ",{"t":"idOrVar","v":"value"},"d"]},"$x":[{"t":"idOrVar","v":"plural"},"value"]},{"$i":"incorrectDate","$v":"(data incorreta)"},{"$i":"dateTimeFormat_%c","$v":"%A, %e de %B de %Y %H h %M min %S s"},{"$i":"dateTimeFormat_%x","$v":"%d/%m/%Y"},{"$i":"dateTimeFormat_%X","$v":"%H h %M min %S s"},{"$i":"shortTimeFormat","$v":"%H:%M"},{"$i":"shortTimeFormat12","$v":"%I:%M %p"},{"$i":"shortTimeFormat24","$v":"%H:%M"},{"$i":"shortDateTimeFormat","$v":"%x %H:%M"},{"$i":"weekStartsOnMonday","$v":"0"},{"$i":"firstDayOfTheWeek","$v":"0"},{"$i":"time_am","$v":"AM"},{"$i":"time_pm","$v":"PM"},{"$i":"tz-region","$v":"Região"},{"$i":"tz-city","$v":"Cidade"},{"$i":"tzRegion-Africa","$v":"África"},{"$i":"tzRegion-America","$v":"América"},{"$i":"tzRegion-Antarctica","$v":"Antártida"},{"$i":"tzRegion-Asia","$v":"Ásia"},{"$i":"tzRegion-Atlantic","$v":"Oceano Atlântico"},{"$i":"tzRegion-Australia","$v":"Austrália"},{"$i":"tzRegion-Europe","$v":"Europa"},{"$i":"tzRegion-Indian","$v":"Oceano Índico"},{"$i":"tzRegion-Pacific","$v":"Oceano Pacífico"},{"$i":"close","$v":"Fechar"},{"$i":"import","$v":"Importar"},{"$i":"update","$v":"Atualizar"},{"$i":"fbFriends","$v":"Amigos do Facebook"},{"$i":"live-serviceName","$v":"Outlook"},{"$i":"gmail-serviceName","$v":"Gmail"},{"$i":"facebook-serviceName","$v":"Amigos do Facebook"},{"$i":"selectAll","$v":"Selecionar todos"},{"$i":"deselectAll","$v":"Desmarcar tudo"},{"$i":"viewAll","$v":"Visualizar Todos Amigos do Facebook"},{"$i":"viewRecommend","$v":"Visualizar Apenas Recomendados"},{"$i":"linkProposal","$v":{"zero":"Nenhum amigo correspondente. Exibindo todos","one":"Selecionar o sugerido","two":"Selecionar um sugerido","few":"Selecionar um sugerido","many":"Selecionar um sugerido","other":"Selecione um recomendado"},"$x":[{"t":"idOrVar","v":"plural"},"numFriends"]},{"$i":"fbFriendsFound","$v":{"zero":"Todos seus amigos já estão importados","one":"Encontramos um amigo para importar","two":["Encontramos ",{"t":"idOrVar","v":"numFriends"}," amigos para importar"],"few":["Encontramos ",{"t":"idOrVar","v":"numFriends"}," amigos para importar"],"many":["Encontramos ",{"t":"idOrVar","v":"numFriends"}," amigos para importar"],"other":["Encontramos ",{"t":"idOrVar","v":"numFriends"}," amigos para importar"]},"$x":[{"t":"idOrVar","v":"plural"},"numFriends"]},{"$i":"fbNoFriends","$v":"Nenhum contato disponível para importar"},{"$i":"search-contact","placeholder":"Pesquisar"},{"$i":"noResults","$v":"Nenhum contato encontrado"},{"$i":"done-search","$v":"Concluído"},{"$i":"progressFB3ImportTitle","$v":"Importando amigos aos Contatos"},{"$i":"progressFB","$v":[{"t":"idOrVar","v":"current"},"/",{"t":"idOrVar","v":"total"}]},{"$i":"progressFB3UpdateTitle","$v":"Atualizando amigos em Contatos"},{"$i":"message2","$v":"Isso pode demorar alguns minutos"},{"$i":"messageLinking","$v":"Por favor, aguarde. Estamos vinculando seu amigo ao contato."},{"$i":"messageCanceling","$v":"Por favor aguarde. Estamos cancelando a operação atual."},{"$i":"error1","$v":["Erro ",{"t":"idOrVar","v":"from"}]},{"$i":"error2","$v":"Deseja tentar novamente?"},{"$i":"errorProposal","$v":"calculando propostas"},{"$i":"errorFriends","$v":"buscando amigos"},{"$i":"errorLinking","$v":"vinculando contato"},{"$i":"timeout1","$v":["Espera excedida de ",{"t":"idOrVar","v":"from"}]},{"$i":"timeout2","$v":"Deseja tentar novamente?"},{"$i":"timeoutProposal","$v":"calculando propostas"},{"$i":"timeoutFriends","$v":"Obtendo amigos"},{"$i":"timeoutLinking","$v":"Vinculando contatos"},{"$i":"wait1","$v":"Por favor, aguarde"},{"$i":"wait2","$v":"Isso pode demorar alguns minutos"},{"$i":"waitProposal","$v":"Por favor, aguarde. Estamos calculando uma solicitação."},{"$i":"waitFriends","$v":"Por favor, aguarde. Estamos conectando para obter sua lista de amigos."},{"$i":"curtainCancel","$v":"Cancelar"},{"$i":"curtainRetry","$v":"Repetir"},{"$i":"curtainOK","$v":"OK"},{"$i":"connectionLost","$v":"Sem conexão à internet"},{"$i":"connectionLostMsg","$v":"Fotos de amigos não serão adicionadas aos seus contatos. Continuar mesmo assim?"},{"$i":"yesOption","$v":"OK"},{"$i":"noOption","$v":"Cancelar"},{"$i":"friendsUpdated","$v":{"zero":"Nenhum amigo atualizado","one":"Um amigo foi atualizado","two":[{"t":"idOrVar","v":"numFriends"}," amigos foram atualizados"],"few":[{"t":"idOrVar","v":"numFriends"}," amigos foram atualizados"],"many":[{"t":"idOrVar","v":"numFriends"}," amigos atualizados"],"other":[{"t":"idOrVar","v":"numFriends"}," amigos atualizados"]},"$x":[{"t":"idOrVar","v":"plural"},"numFriends"]},{"$i":"friendsMerged","$v":{"zero":"Nenhum amigo duplicado foi agrupado","one":"Um amigo duplicado foi agrupado","two":[{"t":"idOrVar","v":"numDups"}," amigos agrupados"],"few":[{"t":"idOrVar","v":"numDups"}," amigos agrupados"],"many":[{"t":"idOrVar","v":"numDups"}," amigos agrupados"],"other":[{"t":"idOrVar","v":"numDups"}," amigos agrupados"]},"$x":[{"t":"idOrVar","v":"plural"},"numDups"]},{"$i":"notificationLogin","$v":"Sua sessão do Facebook é inválida. Por favor, entre novamente."},{"$i":"syncError","$v":"Ocorreu um erro ao sincronizar as informaçoes do seu amigo"}]