[{"$i":"brandShortName","$v":"B2G OS"},{"$i":"browserBrandShortName","$v":"Web Browser"},{"$i":"browserBrandFullName","$v":"Mozilla Web Browser"},{"$i":"ringtoneBrandName","$v":"Default"},{"$i":"ringtoneSectionBrandName","$v":"System"},{"$i":"back","$v":"Back"},{"$i":"noSimMsg","$v":"To import contacts insert or unlock your SIM card"},{"$i":"noMemoryCardMsg","$v":"To import contacts insert a memory card"},{"$i":"importMemoryCard","$v":"Memory card"},{"$i":"noConnection11","$v":"To import Facebook friends or contacts connect to Wi-Fi or data network"},{"$i":"emptyAccount","$v":"No friends or contacts found in this account."},{"$i":"simContacts-import","$v":"Import SIM contacts"},{"$i":"simContacts-importing","$v":"Importing SIM contacts…"},{"$i":"simContacts-reading","$v":"Reading from SIM card…"},{"$i":"simContacts-error","$v":"Could not import contacts from SIM"},{"$i":"simContacts-imported3","$v":{"zero":"No contacts detected on SIM to import","one":"Imported one contact","two":["Imported ",{"t":"idOrVar","v":"n"}," contacts"],"few":["Imported ",{"t":"idOrVar","v":"n"}," contacts"],"many":["Imported ",{"t":"idOrVar","v":"n"}," contacts"],"other":["Imported ",{"t":"idOrVar","v":"n"}," contacts"]},"$x":[{"t":"idOrVar","v":"plural"},"n"]},{"$i":"memoryCardContacts-import","$v":"Import contacts from memory card"},{"$i":"memoryCardContacts-importing","$v":"Importing contacts from memory card…"},{"$i":"memoryCardContacts-reading","$v":"Reading from memory card…"},{"$i":"memoryCardContacts-error","$v":"Could not import contacts from memory card"},{"$i":"memoryCardContacts-imported3","$v":{"zero":"No contacts detected on memory card to import","one":"Imported one contact","two":["Imported ",{"t":"idOrVar","v":"n"}," contacts"],"few":["Imported ",{"t":"idOrVar","v":"n"}," contacts"],"many":["Imported ",{"t":"idOrVar","v":"n"}," contacts"],"other":["Imported ",{"t":"idOrVar","v":"n"}," contacts"]},"$x":[{"t":"idOrVar","v":"plural"},"n"]},{"$i":"genericProgress","$v":[{"t":"idOrVar","v":"current"},"/",{"t":"idOrVar","v":"total"}]},{"$i":"facebook","$v":"Facebook"},{"$i":"facebook-import-msg2","$v":[{"t":"idOrVar","v":"imported"},"/",{"t":"idOrVar","v":"total"}," friends imported"]},{"$i":"contactsMerged","$v":{"zero":"No duplicated contacts merged","one":"One duplicated contact merged","two":[{"t":"idOrVar","v":"numDups"}," contacts merged"],"few":[{"t":"idOrVar","v":"numDups"}," contacts merged"],"many":[{"t":"idOrVar","v":"numDups"}," contacts merged"],"other":[{"t":"idOrVar","v":"numDups"}," contacts merged"]},"$x":[{"t":"idOrVar","v":"plural"},"numDups"]},{"$i":"pincode2","$v":"Introdu codul PIN"},{"$i":"type_pin","$v":"Tastează codul PIN"},{"$i":"pincodeLabel","$v":["PIN pt. SIM ",{"t":"idOrVar","v":"n"}]},{"$i":"pinValidation","$v":"Codul PIN trebuie să conțină între 4 și 8 caractere."},{"$i":"pinError","$v":"Codul PIN a fost incorect."},{"$i":"pinAttemptMsg2","$v":{"one":"Ai o încercare rămasă pentru a introduce codul corect înainte de a bloca cartela SIM.","two":["Ai ",{"t":"idOrVar","v":"n"}," încercări rămase pentru a introduce codul corect înainte de a bloca cartela SIM."],"few":["Ai ",{"t":"idOrVar","v":"n"}," încercări rămase pentru a introduce codul corect înainte de a bloca cartela SIM."],"many":["Ai ",{"t":"idOrVar","v":"n"}," încercări rămase pentru a introduce codul corect înainte de a bloca cartela SIM."],"other":["Ai ",{"t":"idOrVar","v":"n"}," încercări rămase pentru a introduce codul corect înainte de a bloca cartela SIM."]},"$x":[{"t":"idOrVar","v":"plural"},"n"]},{"$i":"pinLastChanceMsg","$v":"Aceasta este ultima ta șansă pentru a introduce codul PIN corect. În caz contrar, trebuie să introduci codul PUK pentru a folosi această cartelă SIM."},{"$i":"pukcode","$v":"Introdu codul PUK"},{"$i":"pukcodeTitle","$v":["Introdu PUK pt. SIM ",{"t":"idOrVar","v":"n"}]},{"$i":"pukcodeLabel","$v":["PUK pt. SIM ",{"t":"idOrVar","v":"n"}]},{"$i":"type_puk","$v":"Cod PUK"},{"$i":"pukValidation","$v":"Codul PUK trebuie să aibă exact 8 caractere."},{"$i":"pukInfo","$v":"Trebuie să introduci codul cheii personale de deblocare (PUK) pentru cartela SIM. Consultă documentația cartelei SIM sau contactează operatorul pentru mai multe informații."},{"$i":"pukError","$v":"Codul PUK a fost incorect."},{"$i":"pukAttemptMsg2","$v":{"one":"Ai o încercare rămasă pentru a introduce codul corect înainte ca această cartelă SIM să devină inutilizabilă permanent. Consultă documentația cartelei SIM sau contactează operatorul pentru mai multe informații.","two":["Ai ",{"t":"idOrVar","v":"n"}," încercări rămase pentru a introduce codul corect înainte ca această cartelă SIM să devină inutilizabilă permanent. Consultă documentația cartelei SIM sau contactează operatorul pentru mai multe informații."],"few":["Ai ",{"t":"idOrVar","v":"n"}," încercări rămase pentru a introduce codul corect înainte ca această cartelă SIM să devină inutilizabilă permanent. Consultă documentația cartelei SIM sau contactează operatorul pentru mai multe informații."],"many":["Ai ",{"t":"idOrVar","v":"n"}," încercări rămase pentru a introduce codul corect înainte ca această cartelă SIM să devină inutilizabilă permanent. Consultă documentația cartelei SIM sau contactează operatorul pentru mai multe informații."],"other":["Ai ",{"t":"idOrVar","v":"n"}," încercări rămase pentru a introduce codul corect înainte ca această cartelă SIM să devină inutilizabilă permanent. Consultă documentația cartelei SIM sau contactează operatorul pentru mai multe informații."]},"$x":[{"t":"idOrVar","v":"plural"},"n"]},{"$i":"pukLastChanceMsg","$v":"Aceasta este ultima ta șansă pentru a introduce codul PUK corect. Cartela ta SIM va fi inutilizabilă permanent dacă introduci codul PUK greșit."},{"$i":"create_newpin","$v":"Crează un cod PIN nou (4-8 cifre)"},{"$i":"confirm_newpin","$v":"Confirmă codul PIN nou"},{"$i":"newpinConfirmation","$v":"Codurile PIN nu se potrivesc"},{"$i":"nckcode","$v":"Introdu codul NCK"},{"$i":"cckcode","$v":"Introdu codul CCK"},{"$i":"spckcode","$v":"Introdu codul SPCK"},{"$i":"nck1code","$v":"Introdu codul NCK1"},{"$i":"nck2code","$v":"Introdu codul NCK2"},{"$i":"hnckcode","$v":"Introdu codul HNCK"},{"$i":"rcckcode","$v":"Introdu codul RCCK"},{"$i":"rspckcode","$v":"Introdu codul RSPCK"},{"$i":"nckcodeTitle","$v":["Introdu NCK pt. SIM ",{"t":"idOrVar","v":"n"}]},{"$i":"cckcodeTitle","$v":["Introdu CCK pt. SIM ",{"t":"idOrVar","v":"n"}]},{"$i":"spckcodeTitle","$v":["Introdu SPCK pt. SIM ",{"t":"idOrVar","v":"n"}]},{"$i":"nck1codeTitle","$v":["Introdu NCK1 pt. SIM ",{"t":"idOrVar","v":"n"}]},{"$i":"nck2codeTitle","$v":["Introdu NCK2 pt. SIM ",{"t":"idOrVar","v":"n"}]},{"$i":"hnckcodeTitle","$v":["Introdu HNCK pt. SIM ",{"t":"idOrVar","v":"n"}]},{"$i":"rcckcodeTitle","$v":["Introdu RCCK pt. SIM ",{"t":"idOrVar","v":"n"}]},{"$i":"rspckcodeTitle","$v":["Introdu RSPCK pt. SIM ",{"t":"idOrVar","v":"n"}]},{"$i":"nckcodeLabel","$v":["NCK pt. SIM ",{"t":"idOrVar","v":"n"}]},{"$i":"cckcodeLabel","$v":["CCK pt. SIM ",{"t":"idOrVar","v":"n"}]},{"$i":"spckcodeLabel","$v":["SPCK pt. SIM ",{"t":"idOrVar","v":"n"}]},{"$i":"nck1codeLabel","$v":["NCK1 pt. SIM ",{"t":"idOrVar","v":"n"}]},{"$i":"nck2codeLabel","$v":["NCK2 pt. SIM ",{"t":"idOrVar","v":"n"}]},{"$i":"hnckcodeLabel","$v":["HNCK pt. SIM ",{"t":"idOrVar","v":"n"}]},{"$i":"rcckcodeLabel","$v":["RCCK pt. SIM ",{"t":"idOrVar","v":"n"}]},{"$i":"rspckcodeLabel","$v":["RSPCK pt. SIM ",{"t":"idOrVar","v":"n"}]},{"$i":"type_nck","$v":"Introdu codul NCK"},{"$i":"type_cck","$v":"Introdu codul CCK"},{"$i":"type_spck","$v":"Introdu codul SPCK"},{"$i":"type_nck1","$v":"Introdu codul NCK1"},{"$i":"type_nck2","$v":"Introdu codul NCK2"},{"$i":"type_hnck","$v":"Introdu codul HNCK"},{"$i":"type_rcck","$v":"Type your RCCK code"},{"$i":"type_rspck","$v":"Type your RSPCK code"},{"$i":"nckValidation","$v":"Codul NCK trebuie să aibă între 8 și 16 caractere."},{"$i":"cckValidation","$v":"Codul CCK trebuie să aibă între 8 și 16 caractere."},{"$i":"spckValidation","$v":"Codul SPCK trebuie să aibă între 8 și 16 caractere."},{"$i":"nck1Validation","$v":"Codul NCK1 trebuie să aibă între 8 și 16 caractere."},{"$i":"nck2Validation","$v":"Codul NCK2 trebuie să aibă între 8 și 16 caractere."},{"$i":"hnckValidation","$v":"HNCK must have between 8 and 16 characters."},{"$i":"rcckValidation","$v":"RCCK must have between 8 and 16 characters."},{"$i":"rspckValidation","$v":"RSPCK must have between 8 and 16 characters."},{"$i":"nckErrorMsg","$v":"Codul NCK este incorect."},{"$i":"nckAttemptMsg2","$v":{"one":"Cererea de depersonalizare a rețelei a eșuat. Ai o încercare rămasă pentru a introduce codul corect. Consultă documentația dispozitivului sau contactează operatorul pentru mai multe informații.","two":["Cererea de depersonalizare a rețelei a eșuat. Ai ",{"t":"idOrVar","v":"n"}," încercări rămase pentru a introduce codul corect. Consultă documentația dispozitivului sau contactează operatorul pentru mai multe informații."],"few":["Cererea de depersonalizare a rețelei a eșuat. Ai ",{"t":"idOrVar","v":"n"}," încercări rămase pentru a introduce codul corect. Consultă documentația dispozitivului sau contactează operatorul pentru mai multe informații."],"many":["Cererea de depersonalizare a rețelei a eșuat. Ai ",{"t":"idOrVar","v":"n"}," încercări rămase pentru a introduce codul corect. Consultă documentația dispozitivului sau contactează operatorul pentru mai multe informații."],"other":["Cererea de depersonalizare a rețelei a eșuat. Ai ",{"t":"idOrVar","v":"n"}," încercări rămase pentru a introduce codul corect. Consultă documentația dispozitivului sau contactează operatorul pentru mai multe informații."]},"$x":[{"t":"idOrVar","v":"plural"},"n"]},{"$i":"nckLastChanceMsg","$v":"Cererea de depersonalizare a rețelei a eșuat. Ultima șansă pentru a introduce codul NCK corect. Consultă documentația dispozitivului sau contactează operatorul pentru mai multe informații."},{"$i":"skip","$v":"Omite"},{"$i":"send","$v":"Trimite"},{"$i":"ok","$v":"Ok"},{"$i":"simLocked","$v":"Cartela SIM este blocată"},{"$i":"inputCodeRetriesLeft","$v":{"one":"ultima încercare.","two":[{"t":"idOrVar","v":"n"}," încercări rămase."],"few":[{"t":"idOrVar","v":"n"}," încercări rămase."],"many":[{"t":"idOrVar","v":"n"}," încercări rămase."],"other":[{"t":"idOrVar","v":"n"}," încercări rămase."]},"$x":[{"t":"idOrVar","v":"plural"},"n"]},{"$i":"simManager","$v":"Manager SIM"},{"$i":"simDetail","$v":["SIM ",{"t":"idOrVar","v":"n"}]},{"$i":"simDefault","$v":"(implicit)"},{"$i":"simDefaultMessage","$v":"Apelurile efectuate, mesajele trimise și conexiunea de date sunt setate la SIM 1 drept implicit"},{"$i":"simSettingsMessage","$v":"Poți schimba setările implicite la Setări > Manager de cartele SIM"},{"$i":"simPinLocked","$v":"Codul PIN blocat al SIM"},{"$i":"noOperator","$v":"Niciun operator"},{"$i":"searchingOperator","$v":"Searching"},{"$i":"language","$v":"Limbă"},{"$i":"3g","$v":"Date mobile"},{"$i":"dataConnection","$v":"Trafic de date"},{"$i":"dataConnectionInfo","$v":"Activând conexiunea de date acum îți va permite să folosești telefonul fără o conexiune Wi-Fi. Activarea se poate face și mai târziu din Setări. Asigură-te că ai un plan de date cu operatorul tău pentru a evita costurile potențial substanțiale."},{"$i":"caution","$v":"Avertisment"},{"$i":"geolocation","$v":"Geolocație"},{"$i":"geolocationCheckbox","$v":"Activează geolocația"},{"$i":"geolocationInfo2","$v":[{"t":"idOrVar","v":"brandShortName"}," folosește date precum GPS, WiFi și rețelele mobile din apropierea ta pentru a ajuta la determinarea locației tale aproximative."]},{"$i":"geolocationInfoMore","$v":"Datele sunt trimise Mozillei și altor furnizori de servicii și vor fi folosite per ansamblu pentru a îmbunătăți aceste baze de date privind locațiile.  Datele pot fi stocate pe dispozitivul tău și colectarea de date poate avea loc când nicio aplicație nu rulează."},{"$i":"notice","$v":"Aviz"},{"$i":"aboutYourPrivacy","$v":"Mai multe despre confidențialitate"},{"$i":"scanningNetworks","$v":"Se scanează după rețele"},{"$i":"selectNetwork","$v":"Selectează o rețea"},{"$i":"shortStatus-connecting","$v":"Conectare…"},{"$i":"shortStatus-associated","$v":"Se obține o adresă IP…"},{"$i":"shortStatus-connected","$v":"Conectat"},{"$i":"shortStatus-connectingfailed","$v":"Conexiune eșuată"},{"$i":"shortStatus-disconnected","$v":"Offline"},{"$i":"securedBy","$v":["securizat prin ",{"t":"idOrVar","v":"capabilities"}]},{"$i":"security","$v":"Security"},{"$i":"securityNone","$v":"Nimic"},{"$i":"securityWEP","$v":"WEP"},{"$i":"securityWPA-PSK","$v":"WPA-PSK"},{"$i":"securityWPA-EAP","$v":"WPA-EAP"},{"$i":"securityOpen","$v":"Open","ariaLabel":"Security"},{"$i":"identity","$v":"Utilizator"},{"$i":"identityInput","placeholder":"Utilizator"},{"$i":"password","$v":"Parolă"},{"$i":"passwordInput","placeholder":"Parolă"},{"$i":"showPassword","$v":"Arată parola"},{"$i":"refresh","$v":"Caută"},{"$i":"noWifiFound3","$v":"Nicio rețea wireless găsită"},{"$i":"join-hidden-button","$v":"Conectează-te la o rețea ascunsă"},{"$i":"authentication","$v":"Autentificare"},{"$i":"ssid-name","$v":"Numele rețelei SSID"},{"$i":"wifiLevel","ariaLabel":[{"t":"idOrVar","v":"level"}," din 4 bare"]},{"$i":"networksList","ariaLabel":"Networks found"},{"$i":"dateAndTime","$v":"Dată și oră"},{"$i":"timezoneTitle","$v":["UTC",{"t":"idOrVar","v":"utcOffset"}," ",{"t":"idOrVar","v":"region"},"/",{"t":"idOrVar","v":"city"}]},{"$i":"timeZone","$v":"Time zone"},{"$i":"change","$v":"Schimbă"},{"$i":"region","ariaLabel":"Region"},{"$i":"city","ariaLabel":"City"},{"$i":"date","ariaLabel":"Dată"},{"$i":"time","ariaLabel":"Oră"},{"$i":"importContacts3","$v":"Importă contacte"},{"$i":"importSim2","$v":"Cartelă SIM"},{"$i":"importFb2","$v":"Facebook"},{"$i":"importOutlook","$v":"Outlook"},{"$i":"importGmail","$v":"Gmail"},{"$i":"fb-checking","$v":"… se verifică"},{"$i":"notImportedYet","$v":"Neimportat încă"},{"$i":"otherAccount","$v":"Alte conturi"},{"$i":"afterFbImport","$v":"Poți să imporți și să editezi contactele din Facebook oricând din setările aplicației Contacte."},{"$i":"firefox-accounts","$v":"Firefox Accounts"},{"$i":"fxa-upsell","innerHTML":"A Firefox Account lets you find a lost phone and buy apps from the Firefox Marketplace."},{"$i":"fxa-create-account-or-sign-in","$v":"Create Account or Sign In"},{"$i":"fxa-email-sent","$v":["O legătură de verificare a fost trimisă către ",{"t":"idOrVar","v":"email"}," "]},{"$i":"fxa-signed-in","$v":["Autentificat ca ",{"t":"idOrVar","v":"email"}]},{"$i":"about-your-rights-0","$v":[{"t":"idOrVar","v":"brandShortName"}," este un software liber cu sursă deschisă construit de o comunitate formată din mii de persoane din întreaga lume. Iată câteva lucruri pe care ar trebui să le știi:"]},{"$i":"about-your-rights-1","$v":[{"t":"idOrVar","v":"brandShortName"}," îți este făcut disponibil sub termenii câtorva licențe cu sursă deschisă, inclusiv licența publică Mozilla. Un dispozitiv care rulează ",{"t":"idOrVar","v":"brandShortName"}," se poate să conțină și software proprietar de la părți terțe. Orice cod furnizat sub licențele deschise îți oferă dreptul de a modifica codul sursă și de a distribui versiunile tale modificate atâta timp cât te supui termenilor acestora."]},{"$i":"about-your-rights-2","$v":["Nu ți se acordă niciun drept de marcă comercială și nicio licență pentru mărcile comerciale ale Mozilla Foundation sau ale unei alte părți, inclusiv, dar fără a se limita la numele ",{"t":"idOrVar","v":"brandShortName"}," sau siglă."]},{"$i":"about-your-rights-3","$v":["Unele funcționalități din ",{"t":"idOrVar","v":"brandShortName"}," precum Raport de eroare, îți oferă posibilitatea de a trimite opiniile tale la Mozilla. Alegând să trimiți opiniile, îi dai Mozillei permisiunea de a folosi opiniile tale pentru a îmbunătăți produsele sale, de a publica opiniile pe saiturile sale și de a le distribui."]},{"$i":"about-other","$v":"Altele"},{"$i":"SIM_mandatory","$v":"Avertisment privind cartela SIM"},{"$i":"SIM_mandatory_warm","$v":"Te rugăm, inserează o cartelă SIM și repornește telefonul."},{"$i":"telemetry-sends2","$v":["Telemetry sends Mozilla data about performance, hardware, configurations, customizations and app usage in your ",{"t":"idOrVar","v":"brandShortName"}," device. We use this to make our products better, faster and more responsive."]},{"$i":"learn-more-telemetry2","innerHTML":["Learn more at <a href=\"",{"t":"idOrVar","v":"href"},"\" class=\"",{"t":"idOrVar","v":"className"},"\">",{"t":"idOrVar","v":"textContent"},"</a>"]},{"$i":"learn-more-information2","innerHTML":["Learn how Mozilla handles your information at <a href=\"",{"t":"idOrVar","v":"href"},"\" class=\"",{"t":"idOrVar","v":"className"},"\">",{"t":"idOrVar","v":"textContent"},"</a>"]},{"$i":"htmlWelcome2","innerHTML":["Bun venit la <a href=\"",{"t":"idOrVar","v":"href"},"\" class=\"",{"t":"idOrVar","v":"className"},"\">",{"t":"idOrVar","v":"textContent"},"</a>, sistemul de operare cu sursă deschisă și liberă de la Mozilla. Misiunea noastră este de a promova deschiderea, inovația și oportunitatea prin păstrarea puterii internetului în mâinile tale."]},{"$i":"htmlWelcome-link","$v":[{"t":"idOrVar","v":"brandShortName"}]},{"$i":"helpImprove2","innerHTML":["You can help us improve our products and services by automatically sending analytics data. See our <a href=\"",{"t":"idOrVar","v":"href"},"\" class=\"",{"t":"idOrVar","v":"className"},"\">",{"t":"idOrVar","v":"textContent"},"</a> to learn how we handle data from your device."]},{"$i":"helpImprove-link","$v":"Privacy Notice"},{"$i":"learn-more-privacy2","innerHTML":["Learn how Mozilla handles your information in our <a href=\"",{"t":"idOrVar","v":"href"},"\" class=\"",{"t":"idOrVar","v":"className"},"\">",{"t":"idOrVar","v":"textContent"},"</a>."]},{"$i":"learn-more-privacy-link","$v":"politica de confidențialitate"},{"$i":"aboutBrowser","$v":["Despre ",{"t":"idOrVar","v":"brandShortName"}]},{"$i":"aboutYourPrivacy2","$v":"Confidențialitate"},{"$i":"mozillaCommunity2","$v":["Când folosești ",{"t":"idOrVar","v":"brandShortName"},", devii parte a unei comunități globale care ajută la clădirea unui viitor mai bun pentru web. Dacă dorești să cunoști mai multe despre comunitatea Mozilla, celelalte produse ale noastre sau evenimente din apropierea ta, te rugăm introdu adresa ta de e-mail mai jos."]},{"$i":"sharePerformanceAndUsageData2","$v":"Yes! Send data."},{"$i":"emailAddress","placeholder":"Adresă de e-mail"},{"$i":"email-successfully-added","$v":"E-mail adăugat cu succes"},{"$i":"email-loading","$v":"Se salvează e-mailul..."},{"$i":"privacy-b2g","$v":[{"t":"idOrVar","v":"brandShortName"}],"title":[{"t":"idOrVar","v":"brandShortName"}]},{"$i":"privacy-marketplace","$v":"Marketplace","title":[{"t":"idOrVar","v":"privacy-marketplace"}]},{"$i":"privacy-eme","$v":"EverythingMe"},{"$i":"privacy-e-me","title":[{"t":"idOrVar","v":"privacy-e-me"}]},{"$i":"navbar-back","$v":"Înapoi"},{"$i":"navbar-next","$v":"Înainte"},{"$i":"navbar-join","$v":"Conectează-te"},{"$i":"done","$v":"Gata"},{"$i":"thatsIt","$v":"Asta e tot!"},{"$i":"startYourPhone","$v":"Începe turul virtual al telefonului!"},{"$i":"startYourTablet","$v":"Începe turul tabletei!"},{"$i":"joinTutorial","$v":"Vino cu noi pentru un tutorial rapid despre noul tău telefon."},{"$i":"joinTutorialUpdated","$v":"Join us for a quick tutorial about the updates to your phone!"},{"$i":"enjoyYourPhone","$v":"Ești pregătit pentru a te bucura de noul tău telefon."},{"$i":"enjoyYourPhoneUpdated","$v":"You’re ready to enjoy your updated phone."},{"$i":"optionsAvailable","$v":"Poți schimba setările de limbă, dată/oră și conexiunea Wi-Fi."},{"$i":"letsGo","$v":"Să începem"},{"$i":"startTour","$v":"Începe turul"},{"$i":"thatsIt1Tablet-2","$v":"Poți să glisezi mereu din marginea de jos pentru a intra în ecranul principal."},{"$i":"thatsIt2Tablet-2","$v":"Să o facem!"},{"$i":"tutorial","$v":"Tutorial"},{"$i":"tutorial-step1-large-3","$v":"Swipe down to access recent notifications, usage information and settings."},{"$i":"tutorial-step2-large-2","$v":"Glisează în stânga sau dreapta pentru a descoperi aplicații noi pe ecranul principal."},{"$i":"tutorial-step3-large-2","$v":"Tap and hold on an icon to delete or move it."},{"$i":"tutorial-step4-large-2","$v":"Glisează în sus cu două degete din marginea de jos pentru a activa vizualizarea fișei."},{"$i":"tutorial-vertical-scroll-v2-tiny","$v":"Swipe up and down to browse your apps and bookmarks. Tap and hold an icon to delete, move, or edit it."},{"$i":"tutorial-notifications-v2-tiny","$v":"Swipe down to access recent notifications, usage information and settings."},{"$i":"tutorial-sheets-tiny","$v":"Drag from the left edge of your screen to return to recently used apps."},{"$i":"tutorial-rocketbar-tiny","$v":"Tap on the search box anytime to start a search or go to a website."},{"$i":"tutorial-bookmarks-migration-tiny","$v":"Your bookmarks have been moved to the homescreen. When editing, tap a bookmark to edit or rename it."},{"$i":"tutorial-app-grouping-tiny","$v":"Tap to expand and collapse app groups. Drag an app into a new space to create a group."},{"$i":"offline-dialog-title","$v":"Trebuie să fii conectat la internet ca să vezi pagina."},{"$i":"offline-dialog-text","$v":["Te rugăm du-te înapoi și conectează-te la internet. Poți să vezi pagina mai târziu din Setări sau tastând ",{"t":"idOrVar","v":"url"}," în orice navigator."]},{"$i":"OK","$v":"Ok"},{"$i":"offline-newsletter-dialog-title","$v":"Trebuie să fii conectat la net pentru a te abona la buletinul informativ."},{"$i":"offline-newsletter-dialog-text","$v":"Te rugăm du-te înapoi și conectează-te la internet."},{"$i":"invalid-email-dialog-title","$v":"E-mailul tău este incorect"},{"$i":"invalid-email-dialog-text","$v":"Te rugăm du-te înapoi și corectează intrarea."},{"$i":"retry","$v":"Retry"},{"$i":"cancel","$v":"Renunță"},{"$i":"progressbar","$v":["Step ",{"t":"idOrVar","v":"step"}," of ",{"t":"idOrVar","v":"total"}],"ariaLabel":"First Time Experience"},{"$i":"weekday-0-long","$v":"duminică"},{"$i":"weekday-1-long","$v":"luni"},{"$i":"weekday-2-long","$v":"marți"},{"$i":"weekday-3-long","$v":"miercuri"},{"$i":"weekday-4-long","$v":"joi"},{"$i":"weekday-5-long","$v":"vineri"},{"$i":"weekday-6-long","$v":"sâmbătă"},{"$i":"weekday-0-short","$v":"dum"},{"$i":"weekday-1-short","$v":"lun"},{"$i":"weekday-2-short","$v":"mar"},{"$i":"weekday-3-short","$v":"mie"},{"$i":"weekday-4-short","$v":"joi"},{"$i":"weekday-5-short","$v":"vin"},{"$i":"weekday-6-short","$v":"sâm"},{"$i":"month-0-long","$v":"ianuarie"},{"$i":"month-1-long","$v":"februarie"},{"$i":"month-2-long","$v":"martie"},{"$i":"month-3-long","$v":"aprilie"},{"$i":"month-4-long","$v":"mai"},{"$i":"month-5-long","$v":"iunie"},{"$i":"month-6-long","$v":"iulie"},{"$i":"month-7-long","$v":"august"},{"$i":"month-8-long","$v":"septembrie"},{"$i":"month-9-long","$v":"octombrie"},{"$i":"month-10-long","$v":"noiembrie"},{"$i":"month-11-long","$v":"decembrie"},{"$i":"month-0-genitive","$v":"ianuarie"},{"$i":"month-1-genitive","$v":"februarie"},{"$i":"month-2-genitive","$v":"martie"},{"$i":"month-3-genitive","$v":"aprilie"},{"$i":"month-4-genitive","$v":"mai"},{"$i":"month-5-genitive","$v":"iunie"},{"$i":"month-6-genitive","$v":"iulie"},{"$i":"month-7-genitive","$v":"august"},{"$i":"month-8-genitive","$v":"septembrie"},{"$i":"month-9-genitive","$v":"octombrie"},{"$i":"month-10-genitive","$v":"noiembrie"},{"$i":"month-11-genitive","$v":"decembrie"},{"$i":"month-0-short","$v":"ian"},{"$i":"month-1-short","$v":"feb"},{"$i":"month-2-short","$v":"mar"},{"$i":"month-3-short","$v":"apr"},{"$i":"month-4-short","$v":"mai"},{"$i":"month-5-short","$v":"iun"},{"$i":"month-6-short","$v":"iul"},{"$i":"month-7-short","$v":"aug"},{"$i":"month-8-short","$v":"sep"},{"$i":"month-9-short","$v":"oct"},{"$i":"month-10-short","$v":"noi"},{"$i":"month-11-short","$v":"dec"},{"$i":"minutes-ago-long","$v":{"zero":"chiar acum","one":"acum un minut","two":["acum ",{"t":"idOrVar","v":"value"}," minute"],"few":["acum ",{"t":"idOrVar","v":"value"}," minute"],"many":["acum ",{"t":"idOrVar","v":"value"}," minute"],"other":["acum ",{"t":"idOrVar","v":"value"}," minute"]},"$x":[{"t":"idOrVar","v":"plural"},"value"]},{"$i":"hours-ago-long","$v":{"zero":"chiar acum","one":"acum cu o oră","two":["acum ",{"t":"idOrVar","v":"value"}," ore"],"few":["acum ",{"t":"idOrVar","v":"value"}," ore"],"many":["acum ",{"t":"idOrVar","v":"value"}," ore"],"other":["acum ",{"t":"idOrVar","v":"value"}," ore"]},"$x":[{"t":"idOrVar","v":"plural"},"value"]},{"$i":"days-ago-long","$v":{"zero":"astăzi","one":"ieri","two":["acum ",{"t":"idOrVar","v":"value"}," zile"],"few":["acum ",{"t":"idOrVar","v":"value"}," zile"],"many":["acum ",{"t":"idOrVar","v":"value"}," zile"],"other":["acum ",{"t":"idOrVar","v":"value"}," zile"]},"$x":[{"t":"idOrVar","v":"plural"},"value"]},{"$i":"weeks-ago-long","$v":{"zero":"săptămâna aceasta","one":"săptămâna trecută","two":["acum ",{"t":"idOrVar","v":"value"}," săptămâni"],"few":["acum ",{"t":"idOrVar","v":"value"}," săptămâni"],"many":["acum ",{"t":"idOrVar","v":"value"}," săptămâni"],"other":["acum ",{"t":"idOrVar","v":"value"}," săptămâni"]},"$x":[{"t":"idOrVar","v":"plural"},"value"]},{"$i":"months-ago-long","$v":{"zero":"luna aceasta","one":"luna trecută","two":["acum ",{"t":"idOrVar","v":"value"}," luni"],"few":["acum ",{"t":"idOrVar","v":"value"}," luni"],"many":["acum ",{"t":"idOrVar","v":"value"}," luni"],"other":["acum ",{"t":"idOrVar","v":"value"}," luni"]},"$x":[{"t":"idOrVar","v":"plural"},"value"]},{"$i":"years-ago-long","$v":{"zero":"anul acesta","one":"anul trecut","two":["acum ",{"t":"idOrVar","v":"value"}," ani"],"few":["acum ",{"t":"idOrVar","v":"value"}," ani"],"many":["acum ",{"t":"idOrVar","v":"value"}," ani"],"other":["acum ",{"t":"idOrVar","v":"value"}," ani"]},"$x":[{"t":"idOrVar","v":"plural"},"value"]},{"$i":"minutes-until-long","$v":{"zero":"acum","one":"într-un minut","two":["în ",{"t":"idOrVar","v":"value"}," minute"],"few":["în ",{"t":"idOrVar","v":"value"}," minute"],"many":["în ",{"t":"idOrVar","v":"value"}," minute"],"other":["în ",{"t":"idOrVar","v":"value"}," minute"]},"$x":[{"t":"idOrVar","v":"plural"},"value"]},{"$i":"hours-until-long","$v":{"zero":"acum","one":"într-o oră","two":["în ",{"t":"idOrVar","v":"value"}," ore"],"few":["în ",{"t":"idOrVar","v":"value"}," ore"],"many":["în ",{"t":"idOrVar","v":"value"}," ore"],"other":["în ",{"t":"idOrVar","v":"value"}," ore"]},"$x":[{"t":"idOrVar","v":"plural"},"value"]},{"$i":"days-until-long","$v":{"zero":"astăzi","one":"mâine","two":["în ",{"t":"idOrVar","v":"value"}," zile"],"few":["în ",{"t":"idOrVar","v":"value"}," zile"],"many":["în ",{"t":"idOrVar","v":"value"}," zile"],"other":["în ",{"t":"idOrVar","v":"value"}," zile"]},"$x":[{"t":"idOrVar","v":"plural"},"value"]},{"$i":"weeks-until-long","$v":{"zero":"săptămâna aceasta","one":"săptămâna următoare","two":["în ",{"t":"idOrVar","v":"value"}," săptămâni"],"few":["în ",{"t":"idOrVar","v":"value"}," săptămâni"],"many":["în ",{"t":"idOrVar","v":"value"}," săptămâni"],"other":["în ",{"t":"idOrVar","v":"value"}," săptămâni"]},"$x":[{"t":"idOrVar","v":"plural"},"value"]},{"$i":"months-until-long","$v":{"zero":"luna aceasta","one":"luna următoare","two":["în ",{"t":"idOrVar","v":"value"}," luni"],"few":["în ",{"t":"idOrVar","v":"value"}," luni"],"many":["în ",{"t":"idOrVar","v":"value"}," luni"],"other":["în ",{"t":"idOrVar","v":"value"}," luni"]},"$x":[{"t":"idOrVar","v":"plural"},"value"]},{"$i":"years-until-long","$v":{"zero":"anul acesta","one":"anul următor","two":["în ",{"t":"idOrVar","v":"value"}," ani"],"few":["în ",{"t":"idOrVar","v":"value"}," ani"],"many":["în ",{"t":"idOrVar","v":"value"}," ani"],"other":["în ",{"t":"idOrVar","v":"value"}," ani"]},"$x":[{"t":"idOrVar","v":"plural"},"value"]},{"$i":"minutes-ago-short","$v":{"zero":"chiar acum","other":["acum ",{"t":"idOrVar","v":"value"}," min."]},"$x":[{"t":"idOrVar","v":"plural"},"value"]},{"$i":"hours-ago-short","$v":{"zero":"chiar acum","other":["acum ",{"t":"idOrVar","v":"value"},"h"]},"$x":[{"t":"idOrVar","v":"plural"},"value"]},{"$i":"days-ago-short","$v":{"zero":"astăzi","other":["acum ",{"t":"idOrVar","v":"value"},"z"]},"$x":[{"t":"idOrVar","v":"plural"},"value"]},{"$i":"minutes-until-short","$v":{"zero":"acum","other":["în ",{"t":"idOrVar","v":"value"},"m"]},"$x":[{"t":"idOrVar","v":"plural"},"value"]},{"$i":"hours-until-short","$v":{"zero":"acum","other":["în ",{"t":"idOrVar","v":"value"},"h"]},"$x":[{"t":"idOrVar","v":"plural"},"value"]},{"$i":"days-until-short","$v":{"zero":"astăzi","other":["în ",{"t":"idOrVar","v":"value"},"z"]},"$x":[{"t":"idOrVar","v":"plural"},"value"]},{"$i":"incorrectDate","$v":"(dată incorectă)"},{"$i":"dateTimeFormat_%c","$v":"%a, %e %b %Y %H:%M:%S"},{"$i":"dateTimeFormat_%x","$v":"%d/%m/%Y"},{"$i":"dateTimeFormat_%X","$v":"%H:%M:%S"},{"$i":"shortTimeFormat","$v":"%H:%M"},{"$i":"shortTimeFormat12","$v":"%H:%M"},{"$i":"shortTimeFormat24","$v":"%H:%M"},{"$i":"shortDateTimeFormat","$v":"%x %H:%M"},{"$i":"weekStartsOnMonday","$v":"0"},{"$i":"firstDayOfTheWeek","$v":"0"},{"$i":"time_am","$v":"AM"},{"$i":"time_pm","$v":"PM"},{"$i":"tz-region","$v":"Regiune"},{"$i":"tz-city","$v":"Oraș"},{"$i":"tzRegion-Africa","$v":"Africa"},{"$i":"tzRegion-America","$v":"America"},{"$i":"tzRegion-Antarctica","$v":"Antartica"},{"$i":"tzRegion-Asia","$v":"Asia"},{"$i":"tzRegion-Atlantic","$v":"Oceanul Atlantic"},{"$i":"tzRegion-Australia","$v":"Australia"},{"$i":"tzRegion-Europe","$v":"Europa"},{"$i":"tzRegion-Indian","$v":"Oceanul Indian"},{"$i":"tzRegion-Pacific","$v":"Oceanul Pacific"},{"$i":"close","$v":"Închide"},{"$i":"import","$v":"Importă"},{"$i":"update","$v":"Actualizează"},{"$i":"fbFriends","$v":"Prieteni pe Facebook"},{"$i":"live-serviceName","$v":"Outlook"},{"$i":"gmail-serviceName","$v":"Gmail"},{"$i":"facebook-serviceName","$v":"Prieteni pe Facebook"},{"$i":"selectAll","$v":"Selectează tot"},{"$i":"deselectAll","$v":"Deselectează tot"},{"$i":"viewAll","$v":"Vezi toți prietenii de pe Facebook"},{"$i":"viewRecommend","$v":"Vezi doar recomandările"},{"$i":"linkProposal","$v":{"zero":"Niciun prieten găsit. Se afișează toți","one":"Selectează recomandarea","two":"Selectează o recomandare","few":"Selectează o recomandare","many":"Selectează o recomandare","other":"Selectează o recomandare"},"$x":[{"t":"idOrVar","v":"plural"},"numFriends"]},{"$i":"fbFriendsFound","$v":{"zero":"Toți prietenii tăi sunt importați","one":"Un prieten găsit pentru importare","two":["Găsiți ",{"t":"idOrVar","v":"numFriends"}," prieteni pentru importare"],"few":["Găsiți ",{"t":"idOrVar","v":"numFriends"}," prieteni pentru importare"],"many":["Găsiți ",{"t":"idOrVar","v":"numFriends"}," prieteni pentru importare"],"other":["Găsiți ",{"t":"idOrVar","v":"numFriends"}," prieteni pentru importare"]},"$x":[{"t":"idOrVar","v":"plural"},"numFriends"]},{"$i":"fbNoFriends","$v":"Niciun contact disponibil pentru importare"},{"$i":"search-contact","placeholder":"Caută"},{"$i":"noResults","$v":"Niciun contact găsit"},{"$i":"done-search","$v":"Gata"},{"$i":"progressFB3ImportTitle","$v":"Se importă prietenii la Contacte"},{"$i":"progressFB","$v":[{"t":"idOrVar","v":"current"},"/",{"t":"idOrVar","v":"total"}]},{"$i":"progressFB3UpdateTitle","$v":"Se actualizează prietenii în Contacte"},{"$i":"message2","$v":"Aceasta poate dura câteva minute"},{"$i":"messageLinking","$v":"Te rugăm să aștepți. Legăm prietenul și contactul tău."},{"$i":"messageCanceling","$v":"Te rugăm să aștepți. Anulăm operația în curs."},{"$i":"error1","$v":["Eroare ",{"t":"idOrVar","v":"from"}]},{"$i":"error2","$v":"Dorești să reîncerci?"},{"$i":"errorProposal","$v":"de calculare a propunerilor"},{"$i":"errorFriends","$v":"de preluare a prietenilor"},{"$i":"errorLinking","$v":"de legare a contactului"},{"$i":"timeout1","$v":["Timpul de așteptare depășit ",{"t":"idOrVar","v":"from"}]},{"$i":"timeout2","$v":"Dorești să reîncerci?"},{"$i":"timeoutProposal","$v":"de calculare a propunerilor"},{"$i":"timeoutFriends","$v":"de preluare a prietenilor"},{"$i":"timeoutLinking","$v":"de legare a contactelor"},{"$i":"wait1","$v":"Te rugăm să aștepți"},{"$i":"wait2","$v":"Aceasta poate dura câteva minute"},{"$i":"waitProposal","$v":"Te rugăm să aștepți. Calculăm o propunere."},{"$i":"waitFriends","$v":"Te rugăm să aștepți. Ne conectăm pentru a obține lista prietenilor tăi."},{"$i":"curtainCancel","$v":"Renunță"},{"$i":"curtainRetry","$v":"Reîncearcă"},{"$i":"curtainOK","$v":"Ok"},{"$i":"connectionLost","$v":"Nicio conexiune la internet"},{"$i":"connectionLostMsg","$v":"Imaginile prietenilor nu vor fi adăugate contactelor. Continui oricum?"},{"$i":"yesOption","$v":"Ok"},{"$i":"noOption","$v":"Renunță"},{"$i":"friendsUpdated","$v":{"zero":"Niciun prieten actualizat","one":"Un prieten actualizat","two":[{"t":"idOrVar","v":"numFriends"}," prieteni actualizați"],"few":[{"t":"idOrVar","v":"numFriends"}," prieteni actualizați"],"many":[{"t":"idOrVar","v":"numFriends"}," prieteni actualizați"],"other":[{"t":"idOrVar","v":"numFriends"}," prieteni actualizați"]},"$x":[{"t":"idOrVar","v":"plural"},"numFriends"]},{"$i":"friendsMerged","$v":{"zero":"No duplicated friends merged","one":"One duplicated friend merged","two":[{"t":"idOrVar","v":"numDups"}," friends merged"],"few":[{"t":"idOrVar","v":"numDups"}," friends merged"],"many":[{"t":"idOrVar","v":"numDups"}," friends merged"],"other":[{"t":"idOrVar","v":"numDups"}," friends merged"]},"$x":[{"t":"idOrVar","v":"plural"},"numDups"]},{"$i":"notificationLogin","$v":"Sesiunea ta de Facebook este invalidă. Te rugăm să te autentifici."},{"$i":"syncError","$v":"A apărut o eroare la sincronizarea datelor prietenilor tăi"}]