[{"$i":"brandShortName","$v":"B2G OS"},{"$i":"browserBrandShortName","$v":"Web Browser"},{"$i":"browserBrandFullName","$v":"Mozilla Web Browser"},{"$i":"ringtoneBrandName","$v":"Default"},{"$i":"ringtoneSectionBrandName","$v":"System"},{"$i":"back","$v":"Назад"},{"$i":"noSimMsg","$v":"Для импорта контактов вставьте или разблокируйте вашу SIM-карту"},{"$i":"noMemoryCardMsg","$v":"Для импорта контактов вставьте карту памяти"},{"$i":"importMemoryCard","$v":"Карта памяти"},{"$i":"noConnection11","$v":"Чтобы импортировать друзей или контакты Фейсбук подключитесь к сети Wi-Fi или передачи данных"},{"$i":"emptyAccount","$v":"В этой учётной записи не найдено ни друзей, ни контактов."},{"$i":"simContacts-import","$v":"Импорт контактов с SIM"},{"$i":"simContacts-importing","$v":"Импорт контактов с SIM…"},{"$i":"simContacts-reading","$v":"Чтение с SIM-карты…"},{"$i":"simContacts-error","$v":"Не удалось импортировать контакты с SIM"},{"$i":"simContacts-imported3","$v":{"zero":"На SIM не найдено ни одного контакта для импорта","one":["Импортирован ",{"t":"idOrVar","v":"n"}," контакт"],"two":["Импортировано ",{"t":"idOrVar","v":"n"}," контакта"],"few":["Импортировано ",{"t":"idOrVar","v":"n"}," контакта"],"many":["Импортировано ",{"t":"idOrVar","v":"n"}," контактов"],"other":["Импортировано ",{"t":"idOrVar","v":"n"}," контактов"]},"$x":[{"t":"idOrVar","v":"plural"},"n"]},{"$i":"memoryCardContacts-import","$v":"Импорт контактов с карты памяти"},{"$i":"memoryCardContacts-importing","$v":"Импорт контактов с карты памяти…"},{"$i":"memoryCardContacts-reading","$v":"Чтение с карты памяти…"},{"$i":"memoryCardContacts-error","$v":"Не удалось импортировать контакты с карты памяти"},{"$i":"memoryCardContacts-imported3","$v":{"zero":"На карте памяти не найдено контактов для импорта","one":["Импортирован ",{"t":"idOrVar","v":"n"}," контакт"],"two":["Импортировано ",{"t":"idOrVar","v":"n"}," контакта"],"few":["Импортировано ",{"t":"idOrVar","v":"n"}," контакта"],"many":["Импортировано ",{"t":"idOrVar","v":"n"}," контактов"],"other":["Импортировано ",{"t":"idOrVar","v":"n"}," контактов"]},"$x":[{"t":"idOrVar","v":"plural"},"n"]},{"$i":"genericProgress","$v":[{"t":"idOrVar","v":"current"},"/",{"t":"idOrVar","v":"total"}]},{"$i":"facebook","$v":"Фейсбук"},{"$i":"facebook-import-msg2","$v":["Импортировано друзей: ",{"t":"idOrVar","v":"imported"},"/",{"t":"idOrVar","v":"total"}]},{"$i":"contactsMerged","$v":{"zero":"Нет контактов для объединения","one":["Объединён ",{"t":"idOrVar","v":"numDups"}," контакт"],"two":["Объединено ",{"t":"idOrVar","v":"numDups"}," контакта"],"few":["Объединено ",{"t":"idOrVar","v":"numDups"}," контакта"],"many":["Объединено ",{"t":"idOrVar","v":"numDups"}," контактов"],"other":["Объединено ",{"t":"idOrVar","v":"numDups"}," контактов"]},"$x":[{"t":"idOrVar","v":"plural"},"numDups"]},{"$i":"pincode2","$v":"Введите PIN-код"},{"$i":"type_pin","$v":"Наберите свой PIN-код"},{"$i":"pincodeLabel","$v":["SIM ",{"t":"idOrVar","v":"n"}," PIN"]},{"$i":"pinValidation","$v":"Длина PIN должна быть от 4 до 8 символов."},{"$i":"pinError","$v":"Неверный PIN."},{"$i":"pinAttemptMsg2","$v":{"one":["У вас осталась ",{"t":"idOrVar","v":"n"}," попытка для ввода правильного кода перед тем, как ваша SIM-карта будет заблокирована."],"two":["У вас осталось ",{"t":"idOrVar","v":"n"}," попытки для ввода правильного кода перед тем, как ваша SIM-карта будет заблокирована."],"few":["У вас осталось ",{"t":"idOrVar","v":"n"}," попытки для ввода правильного кода перед тем, как ваша SIM-карта будет заблокирована."],"many":["У вас осталось ",{"t":"idOrVar","v":"n"}," попыток для ввода правильного кода перед тем, как ваша SIM-карта будет заблокирована."],"other":["У вас осталось ",{"t":"idOrVar","v":"n"}," попыток для ввода правильного кода перед тем, как ваша SIM-карта будет заблокирована."]},"$x":[{"t":"idOrVar","v":"plural"},"n"]},{"$i":"pinLastChanceMsg","$v":"Это ваша последняя попытка ввода правильного PIN-кода. В случае неудачи для дальнейшего использования этой SIM-карты надо будет ввести PUK-код."},{"$i":"pukcode","$v":"Введите PUK-код"},{"$i":"pukcodeTitle","$v":["Ввод SIM ",{"t":"idOrVar","v":"n"}," PUK"]},{"$i":"pukcodeLabel","$v":["SIM ",{"t":"idOrVar","v":"n"}," PUK"]},{"$i":"type_puk","$v":"PUK-код"},{"$i":"pukValidation","$v":"Длина PUK-кода должна быть ровно 8 символов."},{"$i":"pukInfo","$v":"Вы должны ввести персональный код разблокировки (PUK-код) этой SIM-карты. Для получения дополнительной информации обратитесь к документации на SIM-карту или свяжитесь с вашим оператором."},{"$i":"pukError","$v":"Неверный PUK."},{"$i":"pukAttemptMsg2","$v":{"one":["У вас осталась ",{"t":"idOrVar","v":"n"}," попытка для ввода правильного кода перед тем, как эта SIM-карта будет навсегда заблокирована. Для получения дополнительной информации обратитесь к документации на SIM-карту или свяжитесь с вашим оператором."],"two":["У вас осталось ",{"t":"idOrVar","v":"n"}," попытки для ввода правильного кода перед тем, как эта SIM-карта будет навсегда заблокирована. Для получения дополнительной информации обратитесь к документации на SIM-карту или свяжитесь с вашим оператором."],"few":["У вас осталось ",{"t":"idOrVar","v":"n"}," попытки для ввода правильного кода перед тем, как эта SIM-карта будет навсегда заблокирована. Для получения дополнительной информации обратитесь к документации на SIM-карту или свяжитесь с вашим оператором."],"many":["У вас осталось ",{"t":"idOrVar","v":"n"}," попыток для ввода правильного кода перед тем, как эта SIM-карта будет навсегда заблокирована. Для получения дополнительной информации обратитесь к документации на SIM-карту или свяжитесь с вашим оператором."],"other":["У вас осталось ",{"t":"idOrVar","v":"n"}," попыток для ввода правильного кода перед тем, как эта SIM-карта будет навсегда заблокирована. Для получения дополнительной информации обратитесь к документации на SIM-карту или свяжитесь с вашим оператором."]},"$x":[{"t":"idOrVar","v":"plural"},"n"]},{"$i":"pukLastChanceMsg","$v":"Это ваша последняя попытка ввода правильного PUK-кода. Если вы введёте неправильный PUK-код, ваша SIM-карта будет навсегда заблокирована."},{"$i":"create_newpin","$v":"Создайте новый PIN (от 4 до 8 цифр)"},{"$i":"confirm_newpin","$v":"Подтвердите новый PIN"},{"$i":"newpinConfirmation","$v":"PINы не совпадают"},{"$i":"nckcode","$v":"Введите NCK-код"},{"$i":"cckcode","$v":"Введите CCK-код"},{"$i":"spckcode","$v":"Введите SPCK-код"},{"$i":"nck1code","$v":"Введите NCK1-код"},{"$i":"nck2code","$v":"Введите NCK2-код"},{"$i":"hnckcode","$v":"Введите HNCK-код"},{"$i":"rcckcode","$v":"Введите RCCK-код"},{"$i":"rspckcode","$v":"Введите RSPCK-код"},{"$i":"nckcodeTitle","$v":["Ввод SIM ",{"t":"idOrVar","v":"n"}," NCK"]},{"$i":"cckcodeTitle","$v":["Ввод SIM ",{"t":"idOrVar","v":"n"}," CCK"]},{"$i":"spckcodeTitle","$v":["Ввод SIM ",{"t":"idOrVar","v":"n"}," SPCK"]},{"$i":"nck1codeTitle","$v":["Ввод SIM ",{"t":"idOrVar","v":"n"}," NCK1"]},{"$i":"nck2codeTitle","$v":["Ввод SIM ",{"t":"idOrVar","v":"n"}," NCK2"]},{"$i":"hnckcodeTitle","$v":["Ввод SIM ",{"t":"idOrVar","v":"n"}," HNCK"]},{"$i":"rcckcodeTitle","$v":["Ввод SIM ",{"t":"idOrVar","v":"n"}," RCCK"]},{"$i":"rspckcodeTitle","$v":["Ввод SIM ",{"t":"idOrVar","v":"n"}," RSPCK"]},{"$i":"nckcodeLabel","$v":["SIM ",{"t":"idOrVar","v":"n"}," NCK"]},{"$i":"cckcodeLabel","$v":["SIM ",{"t":"idOrVar","v":"n"}," CCK"]},{"$i":"spckcodeLabel","$v":["SIM ",{"t":"idOrVar","v":"n"}," SPCK"]},{"$i":"nck1codeLabel","$v":["SIM ",{"t":"idOrVar","v":"n"}," NCK1"]},{"$i":"nck2codeLabel","$v":["SIM ",{"t":"idOrVar","v":"n"}," NCK2"]},{"$i":"hnckcodeLabel","$v":["SIM ",{"t":"idOrVar","v":"n"}," HNCK"]},{"$i":"rcckcodeLabel","$v":["SIM ",{"t":"idOrVar","v":"n"}," RCCK"]},{"$i":"rspckcodeLabel","$v":["SIM ",{"t":"idOrVar","v":"n"}," RSPCK"]},{"$i":"type_nck","$v":"Наберите свой NCK-код"},{"$i":"type_cck","$v":"Наберите свой CCK-код"},{"$i":"type_spck","$v":"Наберите свой SPCK-код"},{"$i":"type_nck1","$v":"Наберите свой NCK1-код"},{"$i":"type_nck2","$v":"Наберите свой NCK2-код"},{"$i":"type_hnck","$v":"Наберите свой HNCK-код"},{"$i":"type_rcck","$v":"Наберите свой RCCK-код"},{"$i":"type_rspck","$v":"Наберите свой RSPCK-код"},{"$i":"nckValidation","$v":"Длина NCK должна быть от 8 до 16 символов."},{"$i":"cckValidation","$v":"Длина CCK должна быть от 8 до 16 символов."},{"$i":"spckValidation","$v":"Длина SPCK должна быть от 8 до 16 символов."},{"$i":"nck1Validation","$v":"Длина NCK1 должна быть от 8 до 16 символов."},{"$i":"nck2Validation","$v":"Длина NCK2 должна быть от 8 до 16 символов."},{"$i":"hnckValidation","$v":"Длина HNCK должна быть от 8 до 16 символов."},{"$i":"rcckValidation","$v":"Длина RCCK должна быть от 8 до 16 символов."},{"$i":"rspckValidation","$v":"Длина RSPCK должна быть от 8 до 16 символов."},{"$i":"nckErrorMsg","$v":"Неверный NCK-код."},{"$i":"nckAttemptMsg2","$v":{"one":["Запрос на снятие кодировки под оператора не удался. У вас осталась ",{"t":"idOrVar","v":"n"}," попытка для ввода правильного кода. Для получения дополнительной информации обратитесь к документации на ваше устройство или свяжитесь с вашим оператором."],"two":["Запрос на снятие кодировки под оператора не удался. У вас осталось ",{"t":"idOrVar","v":"n"}," попытки для ввода правильного кода. Для получения дополнительной информации обратитесь к документации на ваше устройство или свяжитесь с вашим оператором."],"few":["Запрос на снятие кодировки под оператора не удался. У вас осталось ",{"t":"idOrVar","v":"n"}," попытки для ввода правильного кода. Для получения дополнительной информации обратитесь к документации на ваше устройство или свяжитесь с вашим оператором."],"many":["Запрос на снятие кодировки под оператора не удался. У вас осталось ",{"t":"idOrVar","v":"n"}," попыток для ввода правильного кода. Для получения дополнительной информации обратитесь к документации на ваше устройство или свяжитесь с вашим оператором."],"other":["Запрос на снятие кодировки под оператора не удался. У вас осталось ",{"t":"idOrVar","v":"n"}," попыток для ввода правильного кода. Для получения дополнительной информации обратитесь к документации на ваше устройство или свяжитесь с вашим оператором."]},"$x":[{"t":"idOrVar","v":"plural"},"n"]},{"$i":"nckLastChanceMsg","$v":"Запрос на снятие кодировки под оператора не удался. Это последняя попытка ввода правильного NCK-кода. Для получения дополнительной информации обратитесь к документации на ваше устройство или свяжитесь с вашим оператором."},{"$i":"skip","$v":"Пропустить"},{"$i":"send","$v":"Послать"},{"$i":"ok","$v":"OK"},{"$i":"simLocked","$v":"SIM-карта заблокирована"},{"$i":"inputCodeRetriesLeft","$v":{"one":["осталась ",{"t":"idOrVar","v":"n"}," попытка."],"two":["осталось ",{"t":"idOrVar","v":"n"}," попытки."],"few":["осталось ",{"t":"idOrVar","v":"n"}," попытки."],"many":["осталось ",{"t":"idOrVar","v":"n"}," попыток."],"other":["осталось ",{"t":"idOrVar","v":"n"}," попыток."]},"$x":[{"t":"idOrVar","v":"plural"},"n"]},{"$i":"simManager","$v":"Менеджер SIM"},{"$i":"simDetail","$v":["SIM ",{"t":"idOrVar","v":"n"}]},{"$i":"simDefault","$v":"(по умолчанию)"},{"$i":"simDefaultMessage","$v":"Исходящие вызовы, исходящие сообщения и передача данных настроены по умолчанию на SIM 1"},{"$i":"simSettingsMessage","$v":"Вы можете изменить настройки по умолчанию в Параметры > Менеджер SIM"},{"$i":"simPinLocked","$v":"SIM PIN заблокирован"},{"$i":"noOperator","$v":"Нет оператора"},{"$i":"searchingOperator","$v":"Поиск"},{"$i":"language","$v":"Язык"},{"$i":"3g","$v":"Мобильный Интернет"},{"$i":"dataConnection","$v":"Вкл. передачу данных"},{"$i":"dataConnectionInfo","$v":"Включение сейчас передачи данных позволит вам настроить телефон, не используя Wi-Fi соединение. Вы также можете включить её позже в \"Параметрах\". Просто уточните у своего оператора, что ваш тарифный план включает в себя передачу данных, чтобы избежать потенциальной траты большой суммы денег."},{"$i":"caution","$v":"Предупреждение"},{"$i":"geolocation","$v":"Местоположение"},{"$i":"geolocationCheckbox","$v":"Вкл. Местоположение"},{"$i":"geolocationInfo2","$v":[{"t":"idOrVar","v":"brandShortName"}," использует данные, полученные от GPS, Wi-Fi и работающих рядом мобильных сетей, чтобы помочь определить ваше приблизительное местоположение."]},{"$i":"geolocationInfoMore","$v":"Данные передаются Mozilla и другим поставщикам услуг и будут использоваться в совокупности для улучшения баз данных этих местоположений. Данные могут храниться на вашем устройстве и сбор данных может происходить даже тогда, когда не запущено никаких приложений."},{"$i":"notice","$v":"Уведомление"},{"$i":"aboutYourPrivacy","$v":"Подробнее о приватности"},{"$i":"scanningNetworks","$v":"Сканирование сетей"},{"$i":"selectNetwork","$v":"Выберите сеть"},{"$i":"shortStatus-connecting","$v":"Соединение…"},{"$i":"shortStatus-associated","$v":"Получение IP-адреса…"},{"$i":"shortStatus-connected","$v":"Подключён"},{"$i":"shortStatus-connectingfailed","$v":"Соединение не удалось"},{"$i":"shortStatus-disconnected","$v":"Отключён"},{"$i":"securedBy","$v":["защищено ",{"t":"idOrVar","v":"capabilities"}]},{"$i":"security","$v":"Защита"},{"$i":"securityNone","$v":"Нет"},{"$i":"securityWEP","$v":"WEP"},{"$i":"securityWPA-PSK","$v":"WPA-PSK"},{"$i":"securityWPA-EAP","$v":"WPA-EAP"},{"$i":"securityOpen","$v":"Открытая","ariaLabel":"Защита"},{"$i":"identity","$v":"Пользователь"},{"$i":"identityInput","placeholder":"Пользователь"},{"$i":"password","$v":"Пароль"},{"$i":"passwordInput","placeholder":"Пароль"},{"$i":"showPassword","$v":"Показать пароль"},{"$i":"refresh","$v":"Обновить"},{"$i":"noWifiFound3","$v":"Беспроводные сети не найдены"},{"$i":"join-hidden-button","$v":"Войти в скрытую сеть"},{"$i":"authentication","$v":"Аутентификация"},{"$i":"ssid-name","$v":"SSID сети"},{"$i":"wifiLevel","ariaLabel":[{"t":"idOrVar","v":"level"}," из 4 столбиков"]},{"$i":"networksList","ariaLabel":"Найденные сети"},{"$i":"dateAndTime","$v":"Дата и время"},{"$i":"timezoneTitle","$v":["UTC",{"t":"idOrVar","v":"utcOffset"}," ",{"t":"idOrVar","v":"region"},"/",{"t":"idOrVar","v":"city"}]},{"$i":"timeZone","$v":"Часовой пояс"},{"$i":"change","$v":"Изменить"},{"$i":"region","ariaLabel":"Регион"},{"$i":"city","ariaLabel":"Город"},{"$i":"date","ariaLabel":"Дата"},{"$i":"time","ariaLabel":"Время"},{"$i":"importContacts3","$v":"Импорт контактов"},{"$i":"importSim2","$v":"SIM-карта"},{"$i":"importFb2","$v":"Фейсбук"},{"$i":"importOutlook","$v":"Outlook"},{"$i":"importGmail","$v":"Gmail"},{"$i":"fb-checking","$v":"… проверка"},{"$i":"notImportedYet","$v":"Ещё не импортирована"},{"$i":"otherAccount","$v":"Другие учётные записи"},{"$i":"afterFbImport","$v":"Вы можете импортировать и редактировать друзей из Фейсбук в любое время в параметрах Контактов"},{"$i":"firefox-accounts","$v":"Аккаунты Firefox"},{"$i":"fxa-upsell","innerHTML":"С помощью Аккаунта Firefox вы можете найти потерянный телефон и покупать приложения на Firefox Marketplace."},{"$i":"fxa-create-account-or-sign-in","$v":"Создайте аккаунт или войдите"},{"$i":"fxa-email-sent","$v":["Ссылка для подтверждения была отправлена на ",{"t":"idOrVar","v":"email"}]},{"$i":"fxa-signed-in","$v":["Вошёл как ",{"t":"idOrVar","v":"email"}]},{"$i":"about-your-rights-0","$v":[{"t":"idOrVar","v":"brandShortName"}," построена на основе бесплатного программного обеспечения с открытым исходным кодом, созданного многотысячным сообществом людей со всего мира. Вот несколько вещей, о которых вам следует знать:"]},{"$i":"about-your-rights-1","$v":[{"t":"idOrVar","v":"brandShortName"}," доступна для вас на условиях нескольких открытых лицензий, в том числе Публичной лицензии Mozilla. Устройство, работающее под управлением ",{"t":"idOrVar","v":"brandShortName"},", также может содержать проприетарное программное обеспечение созданное третьими сторонами. Любой код, предоставленный под открытыми лицензиями, дает вам право модифицировать исходный код и распространять модифицированные версии, если вы придерживаетесь их условий."]},{"$i":"about-your-rights-2","$v":["Вам не предоставляются никакие права или лицензии на товарные знаки Mozilla Foundation или любой другой стороны, в том числе на название или логотип ",{"t":"idOrVar","v":"brandShortName"},"."]},{"$i":"about-your-rights-3","$v":["Некоторые функции ",{"t":"idOrVar","v":"brandShortName"},", такие как Crash Reporter, позволяют вам отправлять отзывы в Mozilla. Отправляя отзыв, вы разрешаете Mozilla использовать отзыв для улучшения её продуктов, размещать отзыв на её веб-сайтах и распространять отзывы любыми другими способами."]},{"$i":"about-other","$v":"Прочее"},{"$i":"SIM_mandatory","$v":"Предупреждение о SIM-карте"},{"$i":"SIM_mandatory_warm","$v":"Пожалуйста, вставьте SIM-карту и перезагрузите ваш телефон."},{"$i":"telemetry-sends2","$v":["Телеметрия отправляет в Mozilla данные о производительности, аппаратном обеспечении, конфигурации, настройках и использовании приложений в вашем устройстве ",{"t":"idOrVar","v":"brandShortName"},". Это помогает нам сделать наши продукты быстрее, лучше и отзывчивее."]},{"$i":"learn-more-telemetry2","innerHTML":["Подробнее на <a href=\"",{"t":"idOrVar","v":"href"},"\" class=\"",{"t":"idOrVar","v":"className"},"\">",{"t":"idOrVar","v":"textContent"},"</a>"]},{"$i":"learn-more-information2","innerHTML":["Узнайте, как Mozilla обрабатывает вашу информацию, по адресу <a href=\"",{"t":"idOrVar","v":"href"},"\" class=\"",{"t":"idOrVar","v":"className"},"\">",{"t":"idOrVar","v":"textContent"},"</a>"]},{"$i":"htmlWelcome2","innerHTML":["Добро пожаловать в <a href=\"",{"t":"idOrVar","v":"href"},"\" class=\"",{"t":"idOrVar","v":"className"},"\">",{"t":"idOrVar","v":"textContent"},"</a>, свободную операционную систему с открытым исходным кодом, созданную Mozilla. Наша миссия заключается в содействии открытости, поощрению инноваций, предоставлению всем равных возможностей и сохранении в ваших руках контроля над Интернетом."]},{"$i":"htmlWelcome-link","$v":[{"t":"idOrVar","v":"brandShortName"}]},{"$i":"helpImprove2","innerHTML":["Вы можете помочь нам улучшить наши продукты и услуги, автоматически отправляя аналитические данные. Прочтите наше <a href=\"",{"t":"idOrVar","v":"href"},"\" class=\"",{"t":"idOrVar","v":"className"},"\">",{"t":"idOrVar","v":"textContent"},"</a>, чтобы узнать, как мы обращаемся с данными с вашего устройства."]},{"$i":"helpImprove-link","$v":"Уведомление о приватности"},{"$i":"learn-more-privacy2","innerHTML":["Узнайте, как Mozilla обрабатывает вашу информацию, из нашей <a href=\"",{"t":"idOrVar","v":"href"},"\" class=\"",{"t":"idOrVar","v":"className"},"\">",{"t":"idOrVar","v":"textContent"},"</a>."]},{"$i":"learn-more-privacy-link","$v":"политики приватности"},{"$i":"aboutBrowser","$v":["О ",{"t":"idOrVar","v":"brandShortName"}]},{"$i":"aboutYourPrivacy2","$v":"Ваша приватность"},{"$i":"mozillaCommunity2","$v":["Когда вы используете ",{"t":"idOrVar","v":"brandShortName"},", вы становитесь частью глобального сообщества, помогающего строить лучшее будущее для всего Интернета. Если вы хотите узнать больше о сообществе Mozilla, других наших продуктах и ближайших событиях, пожалуйста, введите ниже ваш адрес электронной почты."]},{"$i":"sharePerformanceAndUsageData2","$v":"Да! Отправлять данные."},{"$i":"emailAddress","placeholder":"Адрес эл. почты"},{"$i":"email-successfully-added","$v":"Адрес эл. почты успешно добавлен"},{"$i":"email-loading","$v":"Сохранение вашего адреса эл. почты…"},{"$i":"privacy-b2g","$v":[{"t":"idOrVar","v":"brandShortName"}],"title":[{"t":"idOrVar","v":"brandShortName"}]},{"$i":"privacy-marketplace","$v":"Marketplace","title":[{"t":"idOrVar","v":"privacy-marketplace"}]},{"$i":"privacy-eme","$v":"EverythingMe"},{"$i":"privacy-e-me","title":[{"t":"idOrVar","v":"privacy-e-me"}]},{"$i":"navbar-back","$v":"Назад"},{"$i":"navbar-next","$v":"Далее"},{"$i":"navbar-join","$v":"Присоединиться"},{"$i":"done","$v":"Готово"},{"$i":"thatsIt","$v":"Это всё!"},{"$i":"startYourPhone","$v":"Начните тур по вашему телефону!"},{"$i":"startYourTablet","$v":"Начните тур по вашему планшету!"},{"$i":"joinTutorial","$v":"Узнайте больше о вашем новом телефоне."},{"$i":"joinTutorialUpdated","$v":"Узнайте больше об обновлениях в вашем телефоне!"},{"$i":"enjoyYourPhone","$v":"Вы готовы к тому, чтобы начать работать с вашим новым телефоном."},{"$i":"enjoyYourPhoneUpdated","$v":"Вы готовы к тому, чтобы начать работать с вашим обновлённым телефоном."},{"$i":"optionsAvailable","$v":"Вы можете изменить в параметрах язык, дату/время и соединение по Wi-Fi."},{"$i":"letsGo","$v":"Вперёд"},{"$i":"startTour","$v":"Начать тур"},{"$i":"thatsIt1Tablet-2","$v":"Вы всегда можете провести пальцем вверх от нижнего края, чтобы открыть домашний экран."},{"$i":"thatsIt2Tablet-2","$v":"Давайте это сделаем!"},{"$i":"tutorial","$v":"Обучение"},{"$i":"tutorial-step1-large-3","$v":"Проведите пальцем сверху вниз для доступа к недавним уведомлениям, сведениям о расходе трафика и параметрам."},{"$i":"tutorial-step2-large-2","$v":"Проведите пальцем налево или направо, чтобы найти новые приложения на домашнем экране."},{"$i":"tutorial-step3-large-2","$v":"Нажмите и удерживайте значок для его удаления или перемещения."},{"$i":"tutorial-step4-large-2","$v":"Проведите двумя пальцами вверх с нижнего края, чтобы вызвать карточный вид."},{"$i":"tutorial-vertical-scroll-v2-tiny","$v":"Проведите пальцем вверх и вниз для просмотра ваших закладок и приложений. Нажмите и держите значок для его удаления, перемещения или изменения."},{"$i":"tutorial-notifications-v2-tiny","$v":"Проведите пальцем сверху вниз для доступа к недавним уведомлениям, сведениям о расходе трафика и параметрам."},{"$i":"tutorial-sheets-tiny","$v":"Тащите с левого края экрана, чтобы вернуться к недавно использованным приложениям."},{"$i":"tutorial-rocketbar-tiny","$v":"Нажмите на панель поиска, если хотите начать поиск или перейти на веб-сайт."},{"$i":"tutorial-bookmarks-migration-tiny","$v":"Ваши закладки были перемещены на домашний экран. При изменении, нажмите на закладку для её изменения или переименования."},{"$i":"tutorial-app-grouping-tiny","$v":"Нажимайте, чтобы разворачивать и сворачивать группы приложений. Перетащите приложение на новое место, чтобы создать группу."},{"$i":"offline-dialog-title","$v":"Для просмотра этой страницы вы должны быть соединены с Интернетом."},{"$i":"offline-dialog-text","$v":["Пожалуйста, вернитесь и соединитесь с Интернетом. Вы также можете просмотреть эту страницу позже из Параметров или введя в любом браузере ",{"t":"idOrVar","v":"url"},"."]},{"$i":"OK","$v":"OK"},{"$i":"offline-newsletter-dialog-title","$v":"Для подписки на рассылку вы должны подсоединиться к Интернету."},{"$i":"offline-newsletter-dialog-text","$v":"Пожалуйста, вернитесь и подсоединитесь к Интернету."},{"$i":"invalid-email-dialog-title","$v":"Некорректный адрес эл. почты"},{"$i":"invalid-email-dialog-text","$v":"Пожалуйста, вернитесь и исправьте адрес эл. почты."},{"$i":"retry","$v":"Повторить"},{"$i":"cancel","$v":"Отмена"},{"$i":"progressbar","$v":["Шаг ",{"t":"idOrVar","v":"step"}," из ",{"t":"idOrVar","v":"total"}],"ariaLabel":"Запуск в первый раз"},{"$i":"weekday-0-long","$v":"Воскресенье"},{"$i":"weekday-1-long","$v":"Понедельник"},{"$i":"weekday-2-long","$v":"Вторник"},{"$i":"weekday-3-long","$v":"Среда"},{"$i":"weekday-4-long","$v":"Четверг"},{"$i":"weekday-5-long","$v":"Пятница"},{"$i":"weekday-6-long","$v":"Суббота"},{"$i":"weekday-0-short","$v":"Вс"},{"$i":"weekday-1-short","$v":"Пн"},{"$i":"weekday-2-short","$v":"Вт"},{"$i":"weekday-3-short","$v":"Ср"},{"$i":"weekday-4-short","$v":"Чт"},{"$i":"weekday-5-short","$v":"Пт"},{"$i":"weekday-6-short","$v":"Сб"},{"$i":"month-0-long","$v":"Январь"},{"$i":"month-1-long","$v":"Февраль"},{"$i":"month-2-long","$v":"Март"},{"$i":"month-3-long","$v":"Апрель"},{"$i":"month-4-long","$v":"Май"},{"$i":"month-5-long","$v":"Июнь"},{"$i":"month-6-long","$v":"Июль"},{"$i":"month-7-long","$v":"Август"},{"$i":"month-8-long","$v":"Сентябрь"},{"$i":"month-9-long","$v":"Октябрь"},{"$i":"month-10-long","$v":"Ноябрь"},{"$i":"month-11-long","$v":"Декабрь"},{"$i":"month-0-genitive","$v":"января"},{"$i":"month-1-genitive","$v":"февраля"},{"$i":"month-2-genitive","$v":"марта"},{"$i":"month-3-genitive","$v":"апреля"},{"$i":"month-4-genitive","$v":"мая"},{"$i":"month-5-genitive","$v":"июня"},{"$i":"month-6-genitive","$v":"июля"},{"$i":"month-7-genitive","$v":"августа"},{"$i":"month-8-genitive","$v":"сентября"},{"$i":"month-9-genitive","$v":"октября"},{"$i":"month-10-genitive","$v":"ноября"},{"$i":"month-11-genitive","$v":"декабря"},{"$i":"month-0-short","$v":"Январь"},{"$i":"month-1-short","$v":"Февраль"},{"$i":"month-2-short","$v":"Март"},{"$i":"month-3-short","$v":"Апрель"},{"$i":"month-4-short","$v":"Май"},{"$i":"month-5-short","$v":"Июнь"},{"$i":"month-6-short","$v":"Июль"},{"$i":"month-7-short","$v":"Август"},{"$i":"month-8-short","$v":"Сентябрь"},{"$i":"month-9-short","$v":"Октябрь"},{"$i":"month-10-short","$v":"Ноябрь"},{"$i":"month-11-short","$v":"Декабрь"},{"$i":"minutes-ago-long","$v":{"zero":"прямо сейчас","one":[{"t":"idOrVar","v":"value"}," минуту назад"],"two":[{"t":"idOrVar","v":"value"}," минуты назад"],"few":[{"t":"idOrVar","v":"value"}," минуты назад"],"many":[{"t":"idOrVar","v":"value"}," минут назад"],"other":[{"t":"idOrVar","v":"value"}," минут назад"]},"$x":[{"t":"idOrVar","v":"plural"},"value"]},{"$i":"hours-ago-long","$v":{"zero":"прямо сейчас","one":[{"t":"idOrVar","v":"value"}," час назад"],"two":[{"t":"idOrVar","v":"value"}," часа назад"],"few":[{"t":"idOrVar","v":"value"}," часа назад"],"many":[{"t":"idOrVar","v":"value"}," часов назад"],"other":[{"t":"idOrVar","v":"value"}," часов назад"]},"$x":[{"t":"idOrVar","v":"plural"},"value"]},{"$i":"days-ago-long","$v":{"zero":"сегодня","one":[{"t":"idOrVar","v":"value"}," день назад"],"two":[{"t":"idOrVar","v":"value"}," дня назад"],"few":[{"t":"idOrVar","v":"value"}," дня назад"],"many":[{"t":"idOrVar","v":"value"}," дней назад"],"other":[{"t":"idOrVar","v":"value"}," дней назад"]},"$x":[{"t":"idOrVar","v":"plural"},"value"]},{"$i":"weeks-ago-long","$v":{"zero":"эта неделя","one":[{"t":"idOrVar","v":"value"}," неделя назад"],"two":[{"t":"idOrVar","v":"value"}," недели назад"],"few":[{"t":"idOrVar","v":"value"}," недели назад"],"many":[{"t":"idOrVar","v":"value"}," недель назад"],"other":[{"t":"idOrVar","v":"value"}," недель назад"]},"$x":[{"t":"idOrVar","v":"plural"},"value"]},{"$i":"months-ago-long","$v":{"zero":"этот месяц","one":[{"t":"idOrVar","v":"value"}," месяц назад"],"two":[{"t":"idOrVar","v":"value"}," месяца назад"],"few":[{"t":"idOrVar","v":"value"}," месяца назад"],"many":[{"t":"idOrVar","v":"value"}," месяцев назад"],"other":[{"t":"idOrVar","v":"value"}," месяцев назад"]},"$x":[{"t":"idOrVar","v":"plural"},"value"]},{"$i":"years-ago-long","$v":{"zero":"этот год","one":[{"t":"idOrVar","v":"value"}," год назад"],"two":[{"t":"idOrVar","v":"value"}," года назад"],"few":[{"t":"idOrVar","v":"value"}," года назад"],"many":[{"t":"idOrVar","v":"value"}," лет назад"],"other":[{"t":"idOrVar","v":"value"}," лет назад"]},"$x":[{"t":"idOrVar","v":"plural"},"value"]},{"$i":"minutes-until-long","$v":{"zero":"сейчас","one":["через ",{"t":"idOrVar","v":"value"}," минуту"],"two":["через ",{"t":"idOrVar","v":"value"}," минуты"],"few":["через ",{"t":"idOrVar","v":"value"}," минуты"],"many":["через ",{"t":"idOrVar","v":"value"}," минут"],"other":["через ",{"t":"idOrVar","v":"value"}," минут"]},"$x":[{"t":"idOrVar","v":"plural"},"value"]},{"$i":"hours-until-long","$v":{"zero":"сейчас","one":["через ",{"t":"idOrVar","v":"value"}," час"],"two":["через ",{"t":"idOrVar","v":"value"}," часа"],"few":["через ",{"t":"idOrVar","v":"value"}," часа"],"many":["через ",{"t":"idOrVar","v":"value"}," часов"],"other":["через ",{"t":"idOrVar","v":"value"}," часов"]},"$x":[{"t":"idOrVar","v":"plural"},"value"]},{"$i":"days-until-long","$v":{"zero":"сегодня","one":["через ",{"t":"idOrVar","v":"value"}," день"],"two":["через ",{"t":"idOrVar","v":"value"}," дня"],"few":["через ",{"t":"idOrVar","v":"value"}," дня"],"many":["через ",{"t":"idOrVar","v":"value"}," дней"],"other":["через ",{"t":"idOrVar","v":"value"}," дней"]},"$x":[{"t":"idOrVar","v":"plural"},"value"]},{"$i":"weeks-until-long","$v":{"zero":"эта неделя","one":["через ",{"t":"idOrVar","v":"value"}," неделю"],"two":["через ",{"t":"idOrVar","v":"value"}," недели"],"few":["через ",{"t":"idOrVar","v":"value"}," недели"],"many":["через ",{"t":"idOrVar","v":"value"}," недель"],"other":["через ",{"t":"idOrVar","v":"value"}," недель"]},"$x":[{"t":"idOrVar","v":"plural"},"value"]},{"$i":"months-until-long","$v":{"zero":"этот месяц","one":["через ",{"t":"idOrVar","v":"value"}," месяц"],"two":["через ",{"t":"idOrVar","v":"value"}," месяца"],"few":["через ",{"t":"idOrVar","v":"value"}," месяца"],"many":["через ",{"t":"idOrVar","v":"value"}," месяцев"],"other":["через ",{"t":"idOrVar","v":"value"}," месяцев"]},"$x":[{"t":"idOrVar","v":"plural"},"value"]},{"$i":"years-until-long","$v":{"zero":"этот год","one":["через ",{"t":"idOrVar","v":"value"}," год"],"two":["через ",{"t":"idOrVar","v":"value"}," года"],"few":["через ",{"t":"idOrVar","v":"value"}," года"],"many":["через ",{"t":"idOrVar","v":"value"}," лет"],"other":["через ",{"t":"idOrVar","v":"value"}," лет"]},"$x":[{"t":"idOrVar","v":"plural"},"value"]},{"$i":"minutes-ago-short","$v":{"zero":"сейчас","other":[{"t":"idOrVar","v":"value"},"м назад"]},"$x":[{"t":"idOrVar","v":"plural"},"value"]},{"$i":"hours-ago-short","$v":{"zero":"сейчас","other":[{"t":"idOrVar","v":"value"},"ч назад"]},"$x":[{"t":"idOrVar","v":"plural"},"value"]},{"$i":"days-ago-short","$v":{"zero":"сегодня","other":[{"t":"idOrVar","v":"value"},"д назад"]},"$x":[{"t":"idOrVar","v":"plural"},"value"]},{"$i":"minutes-until-short","$v":{"zero":"сейчас","other":["через ",{"t":"idOrVar","v":"value"},"м"]},"$x":[{"t":"idOrVar","v":"plural"},"value"]},{"$i":"hours-until-short","$v":{"zero":"сейчас","other":["через ",{"t":"idOrVar","v":"value"},"ч"]},"$x":[{"t":"idOrVar","v":"plural"},"value"]},{"$i":"days-until-short","$v":{"zero":"сегодня","other":["через ",{"t":"idOrVar","v":"value"},"д"]},"$x":[{"t":"idOrVar","v":"plural"},"value"]},{"$i":"incorrectDate","$v":"(некорректная дата)"},{"$i":"dateTimeFormat_%c","$v":"%a, %e %Eb %Y, %H:%M:%S"},{"$i":"dateTimeFormat_%x","$v":"%d.%m.%Y"},{"$i":"dateTimeFormat_%X","$v":"%H:%M:%S"},{"$i":"shortTimeFormat","$v":"%H:%M"},{"$i":"shortTimeFormat12","$v":"%I:%M %p"},{"$i":"shortTimeFormat24","$v":"%H:%M"},{"$i":"shortDateTimeFormat","$v":"%x %H:%M"},{"$i":"weekStartsOnMonday","$v":"1"},{"$i":"firstDayOfTheWeek","$v":"1"},{"$i":"time_am","$v":"AM"},{"$i":"time_pm","$v":"PM"},{"$i":"tz-region","$v":"Регион"},{"$i":"tz-city","$v":"Город"},{"$i":"tzRegion-Africa","$v":"Африка"},{"$i":"tzRegion-America","$v":"Америка"},{"$i":"tzRegion-Antarctica","$v":"Антарктика"},{"$i":"tzRegion-Asia","$v":"Азия"},{"$i":"tzRegion-Atlantic","$v":"Атлантический океан"},{"$i":"tzRegion-Australia","$v":"Австралия"},{"$i":"tzRegion-Europe","$v":"Европа"},{"$i":"tzRegion-Indian","$v":"Индийский океан"},{"$i":"tzRegion-Pacific","$v":"Тихий океан"},{"$i":"close","$v":"Закрыть"},{"$i":"import","$v":"Импорт"},{"$i":"update","$v":"Обновить"},{"$i":"fbFriends","$v":"Друзья с Фейсбук"},{"$i":"live-serviceName","$v":"Outlook"},{"$i":"gmail-serviceName","$v":"Gmail"},{"$i":"facebook-serviceName","$v":"Друзья с Фейсбук"},{"$i":"selectAll","$v":"Выделить всех"},{"$i":"deselectAll","$v":"Снять со всех"},{"$i":"viewAll","$v":"Показать всех друзей с Фейсбук"},{"$i":"viewRecommend","$v":"Показать только рекомендуемых"},{"$i":"linkProposal","$v":{"zero":"Нет подходящих друзей. Показываю всех","one":"Выбрать рекомендуемого","two":"Выбрать рекомендуемых","few":"Выбрать рекомендуемых","many":"Выбрать рекомендуемых","other":"Выбрать рекомендуемых"},"$x":[{"t":"idOrVar","v":"plural"},"numFriends"]},{"$i":"fbFriendsFound","$v":{"zero":"Все ваши друзья импортированы","one":["Для импорта найден ",{"t":"idOrVar","v":"numFriends"}," друг"],"two":["Для импорта найдено ",{"t":"idOrVar","v":"numFriends"}," друга"],"few":["Для импорта найдено ",{"t":"idOrVar","v":"numFriends"}," друга"],"many":["Для импорта найдено ",{"t":"idOrVar","v":"numFriends"}," друзей"],"other":["Для импорта найдено ",{"t":"idOrVar","v":"numFriends"}," друзей"]},"$x":[{"t":"idOrVar","v":"plural"},"numFriends"]},{"$i":"fbNoFriends","$v":"Контактов для импорта нет"},{"$i":"search-contact","placeholder":"Поиск"},{"$i":"noResults","$v":"Контакты не найдены"},{"$i":"done-search","$v":"Готово"},{"$i":"progressFB3ImportTitle","$v":"Импортирую друзей в Контакты"},{"$i":"progressFB","$v":[{"t":"idOrVar","v":"current"},"/",{"t":"idOrVar","v":"total"}]},{"$i":"progressFB3UpdateTitle","$v":"Обновляю друзей в Контактах"},{"$i":"message2","$v":"Это может занять пару минут"},{"$i":"messageLinking","$v":"Пожалуйста, подождите. Мы связываем вашего друга и ваш контакт."},{"$i":"messageCanceling","$v":"Пожалуйста, подождите. Мы отменяем текущую операцию."},{"$i":"error1","$v":["Ошибка ",{"t":"idOrVar","v":"from"}]},{"$i":"error2","$v":"Хотите повторить попытку?"},{"$i":"errorProposal","$v":"вычисления предложений"},{"$i":"errorFriends","$v":"получения друзей"},{"$i":"errorLinking","$v":"связывания контакта"},{"$i":"timeout1","$v":["Превышено время ожидания ",{"t":"idOrVar","v":"from"}]},{"$i":"timeout2","$v":"Хотите повторить попытку?"},{"$i":"timeoutProposal","$v":"вычисления предложений"},{"$i":"timeoutFriends","$v":"получения друзей"},{"$i":"timeoutLinking","$v":"связывания контактов"},{"$i":"wait1","$v":"Пожалуйста, подождите"},{"$i":"wait2","$v":"Это может занять пару минут"},{"$i":"waitProposal","$v":"Пожалуйста, подождите. Мы вычисляем предложение."},{"$i":"waitFriends","$v":"Пожалуйста, подождите. Мы соединяемся для получения списка ваших друзей."},{"$i":"curtainCancel","$v":"Отменить"},{"$i":"curtainRetry","$v":"Повторить"},{"$i":"curtainOK","$v":"OK"},{"$i":"connectionLost","$v":"Нет соединения с Интернетом"},{"$i":"connectionLostMsg","$v":"Фото друзей не будут добавлены в ваши контакты. Все равно продолжить?"},{"$i":"yesOption","$v":"OK"},{"$i":"noOption","$v":"Отмена"},{"$i":"friendsUpdated","$v":{"zero":"Ни один друг не обновлён","one":["Обновлён ",{"t":"idOrVar","v":"numFriends"}," друг"],"two":["Обновлено ",{"t":"idOrVar","v":"numFriends"}," друга"],"few":["Обновлено ",{"t":"idOrVar","v":"numFriends"}," друга"],"many":["Обновлено ",{"t":"idOrVar","v":"numFriends"}," друзей"],"other":["Обновлено ",{"t":"idOrVar","v":"numFriends"}," друзей"]},"$x":[{"t":"idOrVar","v":"plural"},"numFriends"]},{"$i":"friendsMerged","$v":{"zero":"Нет друзей для объединения","one":["Объединён ",{"t":"idOrVar","v":"numDups"}," друг"],"two":["Объединено ",{"t":"idOrVar","v":"numDups"}," друга"],"few":["Объединено ",{"t":"idOrVar","v":"numDups"}," друга"],"many":["Объединено ",{"t":"idOrVar","v":"numDups"}," друзей"],"other":["Объединено ",{"t":"idOrVar","v":"numDups"}," друзей"]},"$x":[{"t":"idOrVar","v":"plural"},"numDups"]},{"$i":"notificationLogin","$v":"Ваша сессия в Фейсбук некорректна. Пожалуйста, войдите."},{"$i":"syncError","$v":"Ошибка синхронизации данных ваших друзей"}]