[{"$i":"brandShortName","$v":"B2G OS"},{"$i":"browserBrandShortName","$v":"Web Browser"},{"$i":"browserBrandFullName","$v":"Mozilla Web Browser"},{"$i":"ringtoneBrandName","$v":"Default"},{"$i":"ringtoneSectionBrandName","$v":"System"},{"$i":"back","$v":"Naspäť"},{"$i":"noSimMsg","$v":"Ak chcete importovať kontakty, vložte alebo odblokujte svoju kartu SIM"},{"$i":"noMemoryCardMsg","$v":"Ak chcete importovať kontakty, vložte pamäťovú kartu"},{"$i":"importMemoryCard","$v":"Pamäťová karta"},{"$i":"noConnection11","$v":"Ak chcete importovať kontakty alebo svojich priateľov na Facebooku, pripojte sa k sieti Wi-Fi alebo dátovej sieti."},{"$i":"emptyAccount","$v":"Na tomto účte neboli nájdení žiadni priatelia alebo kontakty."},{"$i":"simContacts-import","$v":"Import kontaktov z karty SIM"},{"$i":"simContacts-importing","$v":"Importujú sa kontakty z karty SIM…"},{"$i":"simContacts-reading","$v":"Prebieha čítanie z karty SIM…"},{"$i":"simContacts-error","$v":"Nebolo možné importovať kontakty z karty SIM"},{"$i":"simContacts-imported3","$v":{"zero":"Na karte SIM neboli nájdené žiadne kontakty","one":"Naimportoval sa jeden kontakt","two":["Naimportovali sa ",{"t":"idOrVar","v":"n"}," kontakty"],"few":["Naimportovali sa ",{"t":"idOrVar","v":"n"}," kontakty"],"many":["Naimportovalo sa ",{"t":"idOrVar","v":"n"}," kontaktov"],"other":["Naimportovalo sa ",{"t":"idOrVar","v":"n"}," kontaktov"]},"$x":[{"t":"idOrVar","v":"plural"},"n"]},{"$i":"memoryCardContacts-import","$v":"Import kontaktov z pamäťovej karty"},{"$i":"memoryCardContacts-importing","$v":"Importujú sa kontakty z pamäťovej karty…"},{"$i":"memoryCardContacts-reading","$v":"Prebieha čítanie z pamäťovej karty…"},{"$i":"memoryCardContacts-error","$v":"Nebolo možné importovať kontakty z pamäťovej karty"},{"$i":"memoryCardContacts-imported3","$v":{"zero":"Na pamäťovej karte neboli nájdené žiadne kontakty","one":"Naimportoval sa jeden kontakt","two":["Naimportovali sa ",{"t":"idOrVar","v":"n"}," kontakty"],"few":["Naimportovali sa ",{"t":"idOrVar","v":"n"}," kontakty"],"many":["Naimportovalo sa ",{"t":"idOrVar","v":"n"}," kontaktov"],"other":["Naimportovalo sa ",{"t":"idOrVar","v":"n"}," kontaktov"]},"$x":[{"t":"idOrVar","v":"plural"},"n"]},{"$i":"genericProgress","$v":[{"t":"idOrVar","v":"current"},"/",{"t":"idOrVar","v":"total"}]},{"$i":"facebook","$v":"Facebook"},{"$i":"facebook-import-msg2","$v":["Naimportovaní priatelia: ",{"t":"idOrVar","v":"imported"}," z ",{"t":"idOrVar","v":"total"}]},{"$i":"contactsMerged","$v":{"zero":"Neboli spojené žiadne duplikáty","one":"1 duplikát spojený","two":[{"t":"idOrVar","v":"numDups"}," duplikáty spojené"],"few":[{"t":"idOrVar","v":"numDups"}," duplikáty spojené"],"many":[{"t":"idOrVar","v":"numDups"}," duplikátov spojených"],"other":[{"t":"idOrVar","v":"numDups"}," duplikátov spojených"]},"$x":[{"t":"idOrVar","v":"plural"},"numDups"]},{"$i":"pincode2","$v":"Zadajte kód PIN"},{"$i":"type_pin","$v":"Zadajte svoj kód PIN"},{"$i":"pincodeLabel","$v":["SIM",{"t":"idOrVar","v":"n"}," PIN"]},{"$i":"pinValidation","$v":"Kód PIN musí mať 4 až 8 znakov."},{"$i":"pinError","$v":"Kód PIN nie je platný."},{"$i":"pinAttemptMsg2","$v":{"one":"Máte posledný pokus na zadanie správneho kódu pred uzamknutím karty SIM.","two":["Ostávajú ",{"t":"idOrVar","v":"n"}," pokusy na zadanie správneho kódu pred uzamknutím karty SIM."],"few":["Ostávajú ",{"t":"idOrVar","v":"n"}," pokusy na zadanie správneho kódu pred uzamknutím karty SIM."],"many":["Ostáva ",{"t":"idOrVar","v":"n"}," pokusov na zadanie správneho kódu pred uzamknutím karty SIM."],"other":["Ostáva ",{"t":"idOrVar","v":"n"}," pokusov na zadanie správneho kódu pred uzamknutím karty SIM."]},"$x":[{"t":"idOrVar","v":"plural"},"n"]},{"$i":"pinLastChanceMsg","$v":"Toto je posledná šanca na zadanie správneho kódu PIN. V opačnom prípade bude nutné zadať kód PUK tejto karty SIM."},{"$i":"pukcode","$v":"Zadajte kód PUK"},{"$i":"pukcodeTitle","$v":["Zadajte PUK pre SIM",{"t":"idOrVar","v":"n"}]},{"$i":"pukcodeLabel","$v":["SIM",{"t":"idOrVar","v":"n"}," PUK"]},{"$i":"type_puk","$v":"Kód PUK"},{"$i":"pukValidation","$v":"Dĺžka kódu PUK je presne 8 znakov."},{"$i":"pukInfo","$v":"Musíte zadať kód PUK pridelený vašej karte SIM. Ďalšie informácie nájdete v dokumentácii k vašej karte SIM alebo kontaktujte svojho operátora."},{"$i":"pukError","$v":"Kód PUK nie je platný"},{"$i":"pukAttemptMsg2","$v":{"one":"Máte posledný pokus na zadanie správneho kódu pred úplným zablokovaním karty SIM. Ďalšie informácie nájdete v dokumentácii k vašej karte SIM alebo kontaktujte svojho operátora.","two":["Ostávajú ",{"t":"idOrVar","v":"n"}," pokusy na zadanie správneho kódu pred úplným zablokovaním karty SIM. Ďalšie informácie nájdete v dokumentácii k vašej karte SIM alebo kontaktujte svojho operátora."],"few":["Ostávajú ",{"t":"idOrVar","v":"n"}," pokusy na zadanie správneho kódu pred úplným zablokovaním karty SIM. Ďalšie informácie nájdete v dokumentácii k vašej karte SIM alebo kontaktujte svojho operátora."],"many":["Ostáva ",{"t":"idOrVar","v":"n"}," pokusov na zadanie správneho kódu pred úplným zablokovaním karty SIM. Ďalšie informácie nájdete v dokumentácii k vašej karte SIM alebo kontaktujte svojho operátora."],"other":["Ostáva ",{"t":"idOrVar","v":"n"}," pokusov na zadanie správneho kódu pred úplným zablokovaním karty SIM. Ďalšie informácie nájdete v dokumentácii k vašej karte SIM alebo kontaktujte svojho operátora."]},"$x":[{"t":"idOrVar","v":"plural"},"n"]},{"$i":"pukLastChanceMsg","$v":"Toto je posledná šanca na zadanie správneho kódu PUK. Ak zadáte nesprávny kód, vaša karta SIM bude natrvalo zablokovaná a viac nepoužiteľná."},{"$i":"create_newpin","$v":"Vytvoriť nový PIN (4 až 8 čísiel)"},{"$i":"confirm_newpin","$v":"Potvrďte nový PIN"},{"$i":"newpinConfirmation","$v":"Kódy PIN sa nezhodujú"},{"$i":"nckcode","$v":"Zadajte kód NCK"},{"$i":"cckcode","$v":"Zadajte kód CCK"},{"$i":"spckcode","$v":"Zadajte kód SPCK"},{"$i":"nck1code","$v":"Zadajte kód NCK1"},{"$i":"nck2code","$v":"Zadajte kód NCK2"},{"$i":"hnckcode","$v":"Zadajte kód HNCK"},{"$i":"rcckcode","$v":"Zadajte kód RCCK"},{"$i":"rspckcode","$v":"Zadajte kód RSPCK"},{"$i":"nckcodeTitle","$v":["Zadajte NCK SIM",{"t":"idOrVar","v":"n"}]},{"$i":"cckcodeTitle","$v":["Zadajte CCK SIM",{"t":"idOrVar","v":"n"}]},{"$i":"spckcodeTitle","$v":["Zadajte SPCK SIM",{"t":"idOrVar","v":"n"}]},{"$i":"nck1codeTitle","$v":["Zadajte SIM",{"t":"idOrVar","v":"n"}," NCK1"]},{"$i":"nck2codeTitle","$v":["Zadajte SIM",{"t":"idOrVar","v":"n"}," NCK2"]},{"$i":"hnckcodeTitle","$v":["Zadajte SIM",{"t":"idOrVar","v":"n"}," HNCK"]},{"$i":"rcckcodeTitle","$v":["Zadajte SIM",{"t":"idOrVar","v":"n"}," RCCK"]},{"$i":"rspckcodeTitle","$v":["Zadajte SIM",{"t":"idOrVar","v":"n"}," RSPCK"]},{"$i":"nckcodeLabel","$v":["NCK pre SIM",{"t":"idOrVar","v":"n"}]},{"$i":"cckcodeLabel","$v":["CCK pre SIM",{"t":"idOrVar","v":"n"}]},{"$i":"spckcodeLabel","$v":["SPCK pre SIM",{"t":"idOrVar","v":"n"}]},{"$i":"nck1codeLabel","$v":["NCK1 pre SIM",{"t":"idOrVar","v":"n"}]},{"$i":"nck2codeLabel","$v":["NCK2 pre SIM",{"t":"idOrVar","v":"n"}]},{"$i":"hnckcodeLabel","$v":["HNCK pre SIM",{"t":"idOrVar","v":"n"}]},{"$i":"rcckcodeLabel","$v":["RCCK pre SIM",{"t":"idOrVar","v":"n"}]},{"$i":"rspckcodeLabel","$v":["RSPCK pre SIM",{"t":"idOrVar","v":"n"}]},{"$i":"type_nck","$v":"Zadajte kód NCK"},{"$i":"type_cck","$v":"Zadajte kód CCK"},{"$i":"type_spck","$v":"Zadajte kód SPCK"},{"$i":"type_nck1","$v":"Zadajte kód NCK1"},{"$i":"type_nck2","$v":"Zadajte kód NCK2"},{"$i":"type_hnck","$v":"Zadajte kód HNCK"},{"$i":"type_rcck","$v":"Zadajte kód RCCK"},{"$i":"type_rspck","$v":"Zadajte kód RSPCK"},{"$i":"nckValidation","$v":"Kód NCK musí mať 8 až 16 znakov."},{"$i":"cckValidation","$v":"Kód CCK musí mať 8 až 16 znakov."},{"$i":"spckValidation","$v":"Kód SPCK musí mať 8 až 16 znakov."},{"$i":"nck1Validation","$v":"Kód NCK1 musí mať 8 až 16 znakov."},{"$i":"nck2Validation","$v":"Kód NCK2 musí mať 8 až 16 znakov."},{"$i":"hnckValidation","$v":"Kód HNCK musí mať 8 až 16 znakov."},{"$i":"rcckValidation","$v":"Kód RCCK musí mať 8 až 16 znakov."},{"$i":"rspckValidation","$v":"Kód RSPCK musí mať 8 až 16 znakov."},{"$i":"nckErrorMsg","$v":"Kód NCK nie je platný."},{"$i":"nckAttemptMsg2","$v":{"one":"Požiadavka 'Network depersonalization' zlyhala. Máte posledný pokus na zadanie správneho kódu. Ďalšie informácie nájdete v dokumentácii k vášmu zariadeniu alebo kontaktujte svojho operátora.","two":["Požiadavka 'Network depersonalization' zlyhala. Ostávajú ",{"t":"idOrVar","v":"n"}," pokusy na zadanie správneho kódu. Ďalšie informácie nájdete v dokumentácii k vášmu zariadeniu alebo kontaktujte svojho operátora."],"few":["Požiadavka 'Network depersonalization' zlyhala. Ostávajú ",{"t":"idOrVar","v":"n"}," pokusy na zadanie správneho kódu. Ďalšie informácie nájdete v dokumentácii k vášmu zariadeniu alebo kontaktujte svojho operátora."],"many":["Požiadavka 'Network depersonalization' zlyhala. Ostáva ",{"t":"idOrVar","v":"n"}," pokusov na zadanie správneho kódu. Ďalšie informácie nájdete v dokumentácii k vášmu zariadeniu alebo kontaktujte svojho operátora."],"other":["Požiadavka 'Network depersonalization' zlyhala. Ostáva ",{"t":"idOrVar","v":"n"}," pokusov na zadanie správneho kódu. Ďalšie informácie nájdete v dokumentácii k vášmu zariadeniu alebo kontaktujte svojho operátora."]},"$x":[{"t":"idOrVar","v":"plural"},"n"]},{"$i":"nckLastChanceMsg","$v":"Požiadavka 'Network depersonalization' zlyhala. Toto je posledná šanca na zadanie správneho kódu NCK. Ďalšie informácie nájdete v dokumentácii k vášmu zariadeniu alebo kontaktujte svojho operátora."},{"$i":"skip","$v":"Preskočiť"},{"$i":"send","$v":"Potvrdiť"},{"$i":"ok","$v":"OK"},{"$i":"simLocked","$v":"Karta SIM je zablokovaná"},{"$i":"inputCodeRetriesLeft","$v":{"one":"Posledný pokus.","two":["Ostávajú ",{"t":"idOrVar","v":"n"}," pokusy."],"few":["Ostávajú ",{"t":"idOrVar","v":"n"}," pokusy."],"many":["Ostáva ",{"t":"idOrVar","v":"n"}," pokusov."],"other":["Ostáva ",{"t":"idOrVar","v":"n"}," pokusov."]},"$x":[{"t":"idOrVar","v":"plural"},"n"]},{"$i":"simManager","$v":"Správca kariet SIM"},{"$i":"simDetail","$v":["SIM",{"t":"idOrVar","v":"n"}]},{"$i":"simDefault","$v":"(predvolená)"},{"$i":"simDefaultMessage","$v":"Odchádzajúce hovory, správy a dátové pripojenia predvolene využívajú kartu SIM1"},{"$i":"simSettingsMessage","$v":"Nastavenie môžete zmeniť v okne Nastavenia > Správca kariet SIM"},{"$i":"simPinLocked","$v":"Karta SIM uzamknutá pomocou kódu PIN"},{"$i":"noOperator","$v":"Žiadny operátor"},{"$i":"searchingOperator","$v":"Vyhľadáva sa"},{"$i":"language","$v":"Jazyk"},{"$i":"3g","$v":"Mobilné dáta"},{"$i":"dataConnection","$v":"Povoliť dátové prenosy"},{"$i":"dataConnectionInfo","$v":"Ak teraz povolíte dátové prenosy, budete si môcť nastaviť svoj telefón aj bez pripojenia k sieti Wi-Fi. Tieto prenosy môžete povoliť aj neskôr v nastaveniach telefónu. Predtým sa však uistite u svojho operátora, že máte volací program vhodný k prenosu dát, aby ste sa vyhli prípadným vysokým poplatkom."},{"$i":"caution","$v":"Upozornenie"},{"$i":"geolocation","$v":"Zisťovanie polohy"},{"$i":"geolocationCheckbox","$v":"Povoliť"},{"$i":"geolocationInfo2","$v":[{"t":"idOrVar","v":"brandShortName"}," používa údaje ako GPS, Wi-Fi a mobilné siete vo vašom okolí na zistenie vašej približnej polohy."]},{"$i":"geolocationInfoMore","$v":"Údaje sú odosielané spoločnosti Mozilla a poskytovateľom služby a budú použité na zlepšenie presnosti služby. Údaje môžu byť uložené vo vašom zariadení a ich zbieranie môže prebiehať aj v prípade, že nie sú spustené žiadne aplikácie."},{"$i":"notice","$v":"Oznam"},{"$i":"aboutYourPrivacy","$v":"Ďalšie informácie o súkromí"},{"$i":"scanningNetworks","$v":"Vyhľadávajú sa siete"},{"$i":"selectNetwork","$v":"Zvoľte sieť"},{"$i":"shortStatus-connecting","$v":"Pripája sa…"},{"$i":"shortStatus-associated","$v":"Získava sa adresa IP…"},{"$i":"shortStatus-connected","$v":"Pripojené"},{"$i":"shortStatus-connectingfailed","$v":"Pripojenie zlyhalo"},{"$i":"shortStatus-disconnected","$v":"Offline"},{"$i":"securedBy","$v":["zabezpečené pomocou ",{"t":"idOrVar","v":"capabilities"}]},{"$i":"security","$v":"Zabezpečenie"},{"$i":"securityNone","$v":"Žiadne"},{"$i":"securityWEP","$v":"WEP"},{"$i":"securityWPA-PSK","$v":"WPA-PSK"},{"$i":"securityWPA-EAP","$v":"WPA-EAP"},{"$i":"securityOpen","$v":"Nezabezpečené","ariaLabel":"Bezpečnosť"},{"$i":"identity","$v":"Používateľ"},{"$i":"identityInput","placeholder":"Používateľ"},{"$i":"password","$v":"Heslo"},{"$i":"passwordInput","placeholder":"Heslo"},{"$i":"showPassword","$v":"Zobraziť heslo"},{"$i":"refresh","$v":"Obnoviť"},{"$i":"noWifiFound3","$v":"Neboli nájdené žiadne bezdrôtové siete"},{"$i":"join-hidden-button","$v":"Pripojiť k skrytej sieti"},{"$i":"authentication","$v":"Overenie"},{"$i":"ssid-name","$v":"Názov siete SSID"},{"$i":"wifiLevel","ariaLabel":["Sila ",{"t":"idOrVar","v":"level"}," z 4"]},{"$i":"networksList","ariaLabel":"Nájdené siete"},{"$i":"dateAndTime","$v":"Dátum a čas"},{"$i":"timezoneTitle","$v":["UTC",{"t":"idOrVar","v":"utcOffset"}," ",{"t":"idOrVar","v":"region"},"/",{"t":"idOrVar","v":"city"}]},{"$i":"timeZone","$v":"Časové pásmo"},{"$i":"change","$v":"Upraviť"},{"$i":"region","ariaLabel":"Región"},{"$i":"city","ariaLabel":"Mesto"},{"$i":"date","ariaLabel":"Dátum"},{"$i":"time","ariaLabel":"Čas"},{"$i":"importContacts3","$v":"Import kontaktov"},{"$i":"importSim2","$v":"Karta SIM"},{"$i":"importFb2","$v":"Facebook"},{"$i":"importOutlook","$v":"Outlook"},{"$i":"importGmail","$v":"Gmail"},{"$i":"fb-checking","$v":"… prebieha overovanie"},{"$i":"notImportedYet","$v":"Nebolo nič vložené"},{"$i":"otherAccount","$v":"Ďalšie účty"},{"$i":"afterFbImport","$v":"Vašich priateľov z Facebooku môžete kedykoľvek presunúť a upraviť v nastaveniach kontaktov."},{"$i":"firefox-accounts","$v":"Konto Firefox"},{"$i":"fxa-upsell","innerHTML":"Konto Firefox vám pomôže nájsť svoj stratený telefón alebo zakúpiť aplikácie na Firefox Marketplace."},{"$i":"fxa-create-account-or-sign-in","$v":"Vytvoriť účet alebo prihlásiť sa"},{"$i":"fxa-email-sent","$v":["Overovací odkaz bol odoslaný na adresu ",{"t":"idOrVar","v":"email"}]},{"$i":"fxa-signed-in","$v":["Prihlásený ako ",{"t":"idOrVar","v":"email"}]},{"$i":"about-your-rights-0","$v":[{"t":"idOrVar","v":"brandShortName"}," je voľne dostupný softvér s otvoreným zdrojovým kódom, ktorý je vytváraný komunitou tisícok ľudí po celom svete. Niekoľko vecí, ktoré by ste mali vedieť:"]},{"$i":"about-your-rights-1","$v":[{"t":"idOrVar","v":"brandShortName"}," je dostupný pod podmienkami niekoľkých licencií pre otvorený zdrojový kód vrátane Mozilla Public License. Zariadenie, na ktorom beží ",{"t":"idOrVar","v":"brandShortName"},", môže obsahovať proprietárny softvér tretích strán. Každý kód dostupný pod otvorenými licenciami vám dáva práva ho modifikovať a distribuovať jeho modifikované verzie v súlade s ich požiadavkami."]},{"$i":"about-your-rights-2","$v":["Nie sú vám udelené práva k ľubovoľnej ochrannej známke ani licencie k ochranným známkam Mozilla Foundation či ľubovoľnej strany a to vrátane obmedzení na názov či logo ",{"t":"idOrVar","v":"brandShortName"},"."]},{"$i":"about-your-rights-3","$v":["Niektoré funkcie obsiahnuté v ",{"t":"idOrVar","v":"brandShortName"},", ako napríklad Hlásenie zlyhaní, vám dávajú možnosť poslať reakciu spoločnosti Mozilla. Odoslaním reakcie dávate Mozille právo použiť danú reakciu na vylepšenie jej produktov, publikovať danú reakciu na jej webových stránkach či túto reakciu distribuovať."]},{"$i":"about-other","$v":"Ďalší"},{"$i":"SIM_mandatory","$v":"Upozornenie na kartu SIM"},{"$i":"SIM_mandatory_warm","$v":"Vložte kartu SIM a reštartujte telefón."},{"$i":"telemetry-sends2","$v":["Telemetria odosiela spoločnosti Mozilla údaje o výkone, hardvéri, konfigurácii, nastaveniach a využívaní aplikácií vo vašom zariadení s ",{"t":"idOrVar","v":"brandShortName"},". Pomôže nám to k zvýšeniu rýchlosti, výkonu a používateľského komfortu danej aplikácie."]},{"$i":"learn-more-telemetry2","innerHTML":["Ďalšie informácie na stránke <a href=\"",{"t":"idOrVar","v":"href"},"\" class=\"",{"t":"idOrVar","v":"className"},"\">",{"t":"idOrVar","v":"textContent"},"</a>"]},{"$i":"learn-more-information2","innerHTML":["Informácie o tom, ako Mozilla spracováva vaše údaje nájdete na stránke <a href=\"",{"t":"idOrVar","v":"href"},"\" class=\"",{"t":"idOrVar","v":"className"},"\">",{"t":"idOrVar","v":"textContent"},"</a>"]},{"$i":"htmlWelcome2","innerHTML":["Víta Vás <a href=\"",{"t":"idOrVar","v":"href"},"\" class=\"",{"t":"idOrVar","v":"className"},"\">",{"t":"idOrVar","v":"textContent"},"</a>, slobodný operačný systém s otvoreným zdrojovým kódom od spoločnosti Mozilla. Do vašich rúk prináša otvorenosť, inovácie a príležitosti webových technológií."]},{"$i":"htmlWelcome-link","$v":[{"t":"idOrVar","v":"brandShortName"}]},{"$i":"helpImprove2","innerHTML":["Môžete nám pomôcť vylepšiť naše produkty a služby tým, že umožníte automatické odosielanie analytických údajov o používaní vášho zariadenia. Ak sa chcete dozvedieť, ako spracovávame údaje z vášho zariadenia, pozrite si dokument <a href=\"",{"t":"idOrVar","v":"href"},"\" class=\"",{"t":"idOrVar","v":"className"},"\">",{"t":"idOrVar","v":"textContent"},"</a>."]},{"$i":"helpImprove-link","$v":"Zásady ochrany súkromia"},{"$i":"learn-more-privacy2","innerHTML":["Informácie o tom, ako Mozilla spracováva vaše údaje nájdete v dokumente <a href=\"",{"t":"idOrVar","v":"href"},"\" class=\"",{"t":"idOrVar","v":"className"},"\">",{"t":"idOrVar","v":"textContent"},"</a>."]},{"$i":"learn-more-privacy-link","$v":"Zásady ochrany súkromia"},{"$i":"aboutBrowser","$v":["O ",{"t":"idOrVar","v":"brandShortName"}]},{"$i":"aboutYourPrivacy2","$v":"Vaše súkromie"},{"$i":"mozillaCommunity2","$v":["Používaním ",{"t":"idOrVar","v":"brandShortName"}," sa stávate členom svetovej komunity používateľov snažiacich sa o lepšiu budúcnosť webu. Ak sa chcete dozvedieť viac o nás, našich ďalších produktoch a akciách vo vašom okolí, zadajte vašu e-mailovú adresu."]},{"$i":"sharePerformanceAndUsageData2","$v":"Áno, odosielať údaje"},{"$i":"emailAddress","placeholder":"E-mailová adresa"},{"$i":"email-successfully-added","$v":"E-mail úspešne pridaný"},{"$i":"email-loading","$v":"Prebieha načítanie vášho e-mailu…"},{"$i":"privacy-b2g","$v":[{"t":"idOrVar","v":"brandShortName"}],"title":[{"t":"idOrVar","v":"brandShortName"}]},{"$i":"privacy-marketplace","$v":"Marketplace","title":[{"t":"idOrVar","v":"privacy-marketplace"}]},{"$i":"privacy-eme","$v":"EverythingMe"},{"$i":"privacy-e-me","title":[{"t":"idOrVar","v":"privacy-e-me"}]},{"$i":"navbar-back","$v":"Naspäť"},{"$i":"navbar-next","$v":"Ďalej"},{"$i":"navbar-join","$v":"Pripojiť"},{"$i":"done","$v":"Hotovo"},{"$i":"thatsIt","$v":"A je to!"},{"$i":"startYourPhone","$v":"Sprievodca vašim telefónom!"},{"$i":"startYourTablet","$v":"Sprievodca vašim tabletom!"},{"$i":"joinTutorial","$v":"Krátke zoznámenie sa s vašim novým telefónom."},{"$i":"joinTutorialUpdated","$v":"Krátke zoznámenie sa s novinkami pre váš telefón."},{"$i":"enjoyYourPhone","$v":"Odteraz si môžete užívať Váš nový telefón."},{"$i":"enjoyYourPhoneUpdated","$v":"Odteraz si môžete užívať Váš aktualizovaný telefón."},{"$i":"optionsAvailable","$v":"Jazyk, dátum a čas či pripojenie k sieti Wi-Fi je možné meniť v nastaveniach."},{"$i":"letsGo","$v":"Poďme na to"},{"$i":"startTour","$v":"Začať prehliadku"},{"$i":"thatsIt1Tablet-2","$v":"Na domovskú stránku sa vždy dostanete prejdením prstom smerom od spodného okraja obrazovky."},{"$i":"thatsIt2Tablet-2","$v":"Poďme na to!"},{"$i":"tutorial","$v":"Kurz"},{"$i":"tutorial-step1-large-3","$v":"Prejdením prstom zhora nadol pristupujete k najnovším notifikáciám, informáciám o využívaní a nastaveniam."},{"$i":"tutorial-step2-large-2","$v":"Prechádzaním prstom zľava alebo sprava objavujete nové aplikácie na domovskej obrazovke."},{"$i":"tutorial-step3-large-2","$v":"Pridržaním ikony prstom ju môžete odstrániť alebo presunúť."},{"$i":"tutorial-step4-large-2","$v":"Prejdením dvoma prstami smerom od spodného okraja obrazovky vyvoláte zobrazenie kariet."},{"$i":"tutorial-vertical-scroll-v2-tiny","$v":"Prechádzaním prstom hore a dole prechádzate medzi svojimi aplikáciami a záložkami. Ťuknutím a podržaním prsta na ikone ich môžete presunúť, odstrániť alebo upraviť."},{"$i":"tutorial-notifications-v2-tiny","$v":"Prechádzaním prstom nadol si prezeráte upozornenia, nastavenia a informácie o využívaní zariadenia."},{"$i":"tutorial-sheets-tiny","$v":"Prejdením prstom od ľavého okraja obrazovky sa vrátite k naposledy použitým aplikáciám."},{"$i":"tutorial-rocketbar-tiny","$v":"Ťuknutím na vyhľadávací panel odštartujete vyhľadávanie alebo prejdete na webovú stránku."},{"$i":"tutorial-bookmarks-migration-tiny","$v":"Vaše záložky boli presunuté na Úvodnú obrazovku. Ak si ich chcete prispôsobiť, ťuknutím na záložku ju môžete upraviť alebo premenovať."},{"$i":"tutorial-app-grouping-tiny","$v":"Ťuknutím rozbalíte a zbalíte skupiny aplikácií. Skupinu vytvoríte presunutím aplikácie na prázdne miesto."},{"$i":"offline-dialog-title","$v":"Na prehliadanie tejto stránky potrebujete byť pripojený k internetu."},{"$i":"offline-dialog-text","$v":["Vráťte sa, prosím, naspäť a pripojte sa k internetu. Túto stránku si tiež môžete prehliadať z nastavení, alebo ak zadáte ",{"t":"idOrVar","v":"url"}," do prehliadača."]},{"$i":"OK","$v":"OK"},{"$i":"offline-newsletter-dialog-title","$v":"Na prihlásenie k odberu noviniek musíte byť pripojený k internetu."},{"$i":"offline-newsletter-dialog-text","$v":"Vráťte sa, prosím, naspäť a pripojte sa k internetu."},{"$i":"invalid-email-dialog-title","$v":"Váš e-mail je neplatný"},{"$i":"invalid-email-dialog-text","$v":"Vráťte sa, prosím, naspäť a opravte ho."},{"$i":"retry","$v":"Znova"},{"$i":"cancel","$v":"Zrušiť"},{"$i":"progressbar","$v":["Krok ",{"t":"idOrVar","v":"step"}," z ",{"t":"idOrVar","v":"total"}],"ariaLabel":"Zážitok z prvého spustenia"},{"$i":"weekday-0-long","$v":"Nedeľa"},{"$i":"weekday-1-long","$v":"Pondelok"},{"$i":"weekday-2-long","$v":"Utorok"},{"$i":"weekday-3-long","$v":"Streda"},{"$i":"weekday-4-long","$v":"Štvrtok"},{"$i":"weekday-5-long","$v":"Piatok"},{"$i":"weekday-6-long","$v":"Sobota"},{"$i":"weekday-0-short","$v":"Ne"},{"$i":"weekday-1-short","$v":"Po"},{"$i":"weekday-2-short","$v":"Ut"},{"$i":"weekday-3-short","$v":"St"},{"$i":"weekday-4-short","$v":"Št"},{"$i":"weekday-5-short","$v":"Pi"},{"$i":"weekday-6-short","$v":"So"},{"$i":"month-0-long","$v":"Január"},{"$i":"month-1-long","$v":"Február"},{"$i":"month-2-long","$v":"Marec"},{"$i":"month-3-long","$v":"Apríl"},{"$i":"month-4-long","$v":"Máj"},{"$i":"month-5-long","$v":"Jún"},{"$i":"month-6-long","$v":"Júl"},{"$i":"month-7-long","$v":"August"},{"$i":"month-8-long","$v":"September"},{"$i":"month-9-long","$v":"Október"},{"$i":"month-10-long","$v":"November"},{"$i":"month-11-long","$v":"December"},{"$i":"month-0-genitive","$v":"januára"},{"$i":"month-1-genitive","$v":"februára"},{"$i":"month-2-genitive","$v":"marca"},{"$i":"month-3-genitive","$v":"apríla"},{"$i":"month-4-genitive","$v":"mája"},{"$i":"month-5-genitive","$v":"júna"},{"$i":"month-6-genitive","$v":"júla"},{"$i":"month-7-genitive","$v":"augusta"},{"$i":"month-8-genitive","$v":"septembra"},{"$i":"month-9-genitive","$v":"októbra"},{"$i":"month-10-genitive","$v":"novembra"},{"$i":"month-11-genitive","$v":"decembra"},{"$i":"month-0-short","$v":"jan"},{"$i":"month-1-short","$v":"feb"},{"$i":"month-2-short","$v":"mar"},{"$i":"month-3-short","$v":"apr"},{"$i":"month-4-short","$v":"máj"},{"$i":"month-5-short","$v":"jún"},{"$i":"month-6-short","$v":"júl"},{"$i":"month-7-short","$v":"aug"},{"$i":"month-8-short","$v":"sep"},{"$i":"month-9-short","$v":"okt"},{"$i":"month-10-short","$v":"nov"},{"$i":"month-11-short","$v":"dec"},{"$i":"minutes-ago-long","$v":{"zero":"teraz","one":"pred minútou","two":["pred ",{"t":"idOrVar","v":"value"}," minútami"],"few":["pred ",{"t":"idOrVar","v":"value"}," minútami"],"many":["pred ",{"t":"idOrVar","v":"value"}," minútami"],"other":["pred ",{"t":"idOrVar","v":"value"}," minútami"]},"$x":[{"t":"idOrVar","v":"plural"},"value"]},{"$i":"hours-ago-long","$v":{"zero":"teraz","one":"pred hodinou","two":["pred ",{"t":"idOrVar","v":"value"}," hodinami"],"few":["pred ",{"t":"idOrVar","v":"value"}," hodinami"],"many":["pred ",{"t":"idOrVar","v":"value"}," hodinami"],"other":["pred ",{"t":"idOrVar","v":"value"}," hodinami"]},"$x":[{"t":"idOrVar","v":"plural"},"value"]},{"$i":"days-ago-long","$v":{"zero":"dnes","one":"včera","two":["pred ",{"t":"idOrVar","v":"value"}," dňami"],"few":["pred ",{"t":"idOrVar","v":"value"}," dňami"],"many":["pred ",{"t":"idOrVar","v":"value"}," dňami"],"other":["pred ",{"t":"idOrVar","v":"value"}," dňami"]},"$x":[{"t":"idOrVar","v":"plural"},"value"]},{"$i":"weeks-ago-long","$v":{"zero":"tento týždeň","one":"minulý týždeň","two":["pred ",{"t":"idOrVar","v":"value"}," týždňami"],"few":["pred ",{"t":"idOrVar","v":"value"}," týždňami"],"many":["pred ",{"t":"idOrVar","v":"value"}," týždňami"],"other":["pred ",{"t":"idOrVar","v":"value"}," týždňami"]},"$x":[{"t":"idOrVar","v":"plural"},"value"]},{"$i":"months-ago-long","$v":{"zero":"tento mesiac","one":"minulý mesiac","two":["pred ",{"t":"idOrVar","v":"value"}," mesiacmi"],"few":["pred ",{"t":"idOrVar","v":"value"}," mesiacmi"],"many":["pred ",{"t":"idOrVar","v":"value"}," mesiacmi"],"other":["pred ",{"t":"idOrVar","v":"value"}," mesiacmi"]},"$x":[{"t":"idOrVar","v":"plural"},"value"]},{"$i":"years-ago-long","$v":{"zero":"tento rok","one":"minulý rok","two":["pred ",{"t":"idOrVar","v":"value"}," rokmi"],"few":["pred ",{"t":"idOrVar","v":"value"}," rokmi"],"many":["pred ",{"t":"idOrVar","v":"value"}," rokmi"],"other":["pred ",{"t":"idOrVar","v":"value"}," rokmi"]},"$x":[{"t":"idOrVar","v":"plural"},"value"]},{"$i":"minutes-until-long","$v":{"zero":"teraz","one":"o minútu","two":["o ",{"t":"idOrVar","v":"value"}," minúty"],"few":["o ",{"t":"idOrVar","v":"value"}," minúty"],"many":["o ",{"t":"idOrVar","v":"value"}," minút"],"other":["o ",{"t":"idOrVar","v":"value"}," minút"]},"$x":[{"t":"idOrVar","v":"plural"},"value"]},{"$i":"hours-until-long","$v":{"zero":"teraz","one":"o hodinu","two":["o ",{"t":"idOrVar","v":"value"}," hodiny"],"few":["o ",{"t":"idOrVar","v":"value"}," hodiny"],"many":["o ",{"t":"idOrVar","v":"value"}," hodín"],"other":["o ",{"t":"idOrVar","v":"value"}," hodín"]},"$x":[{"t":"idOrVar","v":"plural"},"value"]},{"$i":"days-until-long","$v":{"zero":"dnes","one":"zajtra","two":["o ",{"t":"idOrVar","v":"value"}," dni"],"few":["o ",{"t":"idOrVar","v":"value"}," dni"],"many":["o ",{"t":"idOrVar","v":"value"}," dní"],"other":["o ",{"t":"idOrVar","v":"value"}," dní"]},"$x":[{"t":"idOrVar","v":"plural"},"value"]},{"$i":"weeks-until-long","$v":{"zero":"tento týždeň","one":"budúci týždeň","two":["o ",{"t":"idOrVar","v":"value"}," týždne"],"few":["o ",{"t":"idOrVar","v":"value"}," týždne"],"many":["o ",{"t":"idOrVar","v":"value"}," týždňov"],"other":["o ",{"t":"idOrVar","v":"value"}," týždňov"]},"$x":[{"t":"idOrVar","v":"plural"},"value"]},{"$i":"months-until-long","$v":{"zero":"tento mesiac","one":"budúci mesiac","two":["o ",{"t":"idOrVar","v":"value"}," mesiace"],"few":["o ",{"t":"idOrVar","v":"value"}," mesiace"],"many":["o ",{"t":"idOrVar","v":"value"}," mesiacov"],"other":["o ",{"t":"idOrVar","v":"value"}," mesiacov"]},"$x":[{"t":"idOrVar","v":"plural"},"value"]},{"$i":"years-until-long","$v":{"zero":"tento rok","one":"budúci rok","two":["o ",{"t":"idOrVar","v":"value"}," roky"],"few":["o ",{"t":"idOrVar","v":"value"}," roky"],"many":["o ",{"t":"idOrVar","v":"value"}," rokov"],"other":["o ",{"t":"idOrVar","v":"value"}," rokov"]},"$x":[{"t":"idOrVar","v":"plural"},"value"]},{"$i":"minutes-ago-short","$v":{"zero":"teraz","other":["pred ",{"t":"idOrVar","v":"value"},"m"]},"$x":[{"t":"idOrVar","v":"plural"},"value"]},{"$i":"hours-ago-short","$v":{"zero":"teraz","other":["pred ",{"t":"idOrVar","v":"value"},"h"]},"$x":[{"t":"idOrVar","v":"plural"},"value"]},{"$i":"days-ago-short","$v":{"zero":"dnes","other":["pred ",{"t":"idOrVar","v":"value"},"d"]},"$x":[{"t":"idOrVar","v":"plural"},"value"]},{"$i":"minutes-until-short","$v":{"zero":"teraz","other":["o ",{"t":"idOrVar","v":"value"},"m"]},"$x":[{"t":"idOrVar","v":"plural"},"value"]},{"$i":"hours-until-short","$v":{"zero":"teraz","other":["o ",{"t":"idOrVar","v":"value"},"h"]},"$x":[{"t":"idOrVar","v":"plural"},"value"]},{"$i":"days-until-short","$v":{"zero":"dnes","other":["o ",{"t":"idOrVar","v":"value"},"d"]},"$x":[{"t":"idOrVar","v":"plural"},"value"]},{"$i":"incorrectDate","$v":"(neplatný dátum)"},{"$i":"dateTimeFormat_%c","$v":"%a, %e. %b %Y %H:%M:%S"},{"$i":"dateTimeFormat_%x","$v":"%d.%m.%Y"},{"$i":"dateTimeFormat_%X","$v":"%H:%M:%S"},{"$i":"shortTimeFormat","$v":"%H:%M"},{"$i":"shortTimeFormat12","$v":"%I:%M %p"},{"$i":"shortTimeFormat24","$v":"%H:%M"},{"$i":"shortDateTimeFormat","$v":"%x %H:%M"},{"$i":"weekStartsOnMonday","$v":"1"},{"$i":"firstDayOfTheWeek","$v":"1"},{"$i":"time_am","$v":"AM"},{"$i":"time_pm","$v":"PM"},{"$i":"tz-region","$v":"Kontinent"},{"$i":"tz-city","$v":"Mesto"},{"$i":"tzRegion-Africa","$v":"Afrika"},{"$i":"tzRegion-America","$v":"Amerika"},{"$i":"tzRegion-Antarctica","$v":"Antarktída"},{"$i":"tzRegion-Asia","$v":"Ázia"},{"$i":"tzRegion-Atlantic","$v":"Atlantik"},{"$i":"tzRegion-Australia","$v":"Austrália"},{"$i":"tzRegion-Europe","$v":"Európa"},{"$i":"tzRegion-Indian","$v":"Oceánia"},{"$i":"tzRegion-Pacific","$v":"Pacifik"},{"$i":"close","$v":"Zavrieť"},{"$i":"import","$v":"Importovať"},{"$i":"update","$v":"Aktualizovať"},{"$i":"fbFriends","$v":"Priatelia na Facebooku"},{"$i":"live-serviceName","$v":"Windows Live"},{"$i":"gmail-serviceName","$v":"Gmail"},{"$i":"facebook-serviceName","$v":"Priatelia"},{"$i":"selectAll","$v":"Vybrať všetko"},{"$i":"deselectAll","$v":"Zrušiť výber"},{"$i":"viewAll","$v":"Zobraziť všetkých priateľov na Facebooku"},{"$i":"viewRecommend","$v":"Zobraziť len odporúčaných"},{"$i":"linkProposal","$v":{"zero":"Žiadni nájdení priatelia. Zobrazujú sa všetci","one":"Vyberte odporúčaného","two":"Vyberte odporúčaných","few":"Vyberte odporúčaných","many":"Vyberte odporúčaných","other":"Vyberte odporúčaných"},"$x":[{"t":"idOrVar","v":"plural"},"numFriends"]},{"$i":"fbFriendsFound","$v":{"zero":"Všetci vaši priatelia boli naimportovaní","one":"Je možné naimportovať 1 priateľa","two":["Je možné naimportovať ",{"t":"idOrVar","v":"numFriends"}," priateľov"],"few":["Je možné naimportovať ",{"t":"idOrVar","v":"numFriends"}," priateľov"],"many":["Je možné naimportovať ",{"t":"idOrVar","v":"numFriends"}," priateľov"],"other":["Je možné naimportovať ",{"t":"idOrVar","v":"numFriends"}," priateľov"]},"$x":[{"t":"idOrVar","v":"plural"},"numFriends"]},{"$i":"fbNoFriends","$v":"Nie sú dostupné žiadne kontakty na importovanie"},{"$i":"search-contact","placeholder":"Hľadať"},{"$i":"noResults","$v":"Neboli nájdené žiadne kontakty"},{"$i":"done-search","$v":"Hotovo"},{"$i":"progressFB3ImportTitle","$v":"Priatelia sa importujú do kontaktov"},{"$i":"progressFB","$v":[{"t":"idOrVar","v":"current"},"/",{"t":"idOrVar","v":"total"}]},{"$i":"progressFB3UpdateTitle","$v":"Aktualizujú sa priatelia v kontaktoch"},{"$i":"message2","$v":"Môže to chvíľu trvať."},{"$i":"messageLinking","$v":"Čakajte, prosím. Prebieha prepájanie priateľov a kontaktov."},{"$i":"messageCanceling","$v":"Čakajte, prosím. Prebieha zrušenie aktuálnej operácie."},{"$i":"error1","$v":["Chyba pri ",{"t":"idOrVar","v":"from"}]},{"$i":"error2","$v":"Chcete to skúsiť znova?"},{"$i":"errorProposal","$v":"počítaní návrhov"},{"$i":"errorFriends","$v":"získavaní priateľov"},{"$i":"errorLinking","$v":"prepájaní kontaktov"},{"$i":"timeout1","$v":["Časový limit pre ",{"t":"idOrVar","v":"from"}," vypršal"]},{"$i":"timeout2","$v":"Chcete to skúsiť znova?"},{"$i":"timeoutProposal","$v":"počítanie návrhov"},{"$i":"timeoutFriends","$v":"získanie priateľov"},{"$i":"timeoutLinking","$v":"prepojenie kontaktov"},{"$i":"wait1","$v":"Prosím, čakajte"},{"$i":"wait2","$v":"Môže to chvíľu trvať"},{"$i":"waitProposal","$v":"Prosím, čakajte. Prebieha prepočet návrhov."},{"$i":"waitFriends","$v":"Prosím, čakajte. Prebieha pripájanie za účelom získania zoznamu priateľov."},{"$i":"curtainCancel","$v":"Zrušiť"},{"$i":"curtainRetry","$v":"Znova"},{"$i":"curtainOK","$v":"OK"},{"$i":"connectionLost","$v":"Žiadne pripojenie k Internetu"},{"$i":"connectionLostMsg","$v":"Fotografie vašich priateľov nebudú pridané medzi vaše kontakty. Chcete pokračovať?"},{"$i":"yesOption","$v":"OK"},{"$i":"noOption","$v":"Zrušiť"},{"$i":"friendsUpdated","$v":{"zero":"Neboli aktualizovaní žiadni priatelia","one":"1 priateľ aktualizovaný","two":[{"t":"idOrVar","v":"numFriends"}," priatelia aktualizovaní"],"few":[{"t":"idOrVar","v":"numFriends"}," priatelia aktualizovaní"],"many":[{"t":"idOrVar","v":"numFriends"}," priateľov aktualizovaných"],"other":[{"t":"idOrVar","v":"numFriends"}," priateľov aktualizovaných"]},"$x":[{"t":"idOrVar","v":"plural"},"numFriends"]},{"$i":"friendsMerged","$v":{"zero":"Neboli spojené žiadne duplikáty","one":"1 duplikát spojený","two":[{"t":"idOrVar","v":"numDups"}," duplikáty spojené"],"few":[{"t":"idOrVar","v":"numDups"}," duplikáty spojené"],"many":[{"t":"idOrVar","v":"numDups"}," duplikátov spojených"],"other":[{"t":"idOrVar","v":"numDups"}," duplikátov spojených"]},"$x":[{"t":"idOrVar","v":"plural"},"numDups"]},{"$i":"notificationLogin","$v":"Vaša relácia s Facebookom vypršala. Prihláste sa znova."},{"$i":"syncError","$v":"Pri synchronizácii údajov o priateľoch sa vyskytla chyba."}]