[{"$i":"brandShortName","$v":"B2G OS"},{"$i":"browserBrandShortName","$v":"Web Browser"},{"$i":"browserBrandFullName","$v":"Mozilla Web Browser"},{"$i":"ringtoneBrandName","$v":"Default"},{"$i":"ringtoneSectionBrandName","$v":"System"},{"$i":"back","$v":"Mbrapsht"},{"$i":"noSimMsg","$v":"Që të importohen kontakte, futni ose çkyçni kartën tuaj SIM"},{"$i":"noMemoryCardMsg","$v":"Që të importohen kontakte, futni një kartë kujtese"},{"$i":"importMemoryCard","$v":"Kartë kujtese"},{"$i":"noConnection11","$v":"Që të importohen miq Facebook-u ose kontakte, lidhuni me Wi-Fi ose te një rrjet të dhënash"},{"$i":"emptyAccount","$v":"Në këtë llogari nuk u gjetën shokë ose kontakte."},{"$i":"simContacts-import","$v":"Importoni kontakte SIM-i"},{"$i":"simContacts-importing","$v":"Po importohen kontakte SIM-i…"},{"$i":"simContacts-reading","$v":"Po lexohet nga karta SIM-i…"},{"$i":"simContacts-error","$v":"Nuk u importuan dot kontakte nga SIM-i"},{"$i":"simContacts-imported3","$v":{"zero":"Te SIM-i nuk u gjetën kontakte për importim","one":"U importua një kontakt","two":["U importuan ",{"t":"idOrVar","v":"n"}," kontakte"],"few":["U importuan ",{"t":"idOrVar","v":"n"}," kontakte"],"many":["U importuan ",{"t":"idOrVar","v":"n"}," kontakte"],"other":["U importuan ",{"t":"idOrVar","v":"n"}," kontakte"]},"$x":[{"t":"idOrVar","v":"plural"},"n"]},{"$i":"memoryCardContacts-import","$v":"Importoni kontakte nga kartë kujtese"},{"$i":"memoryCardContacts-importing","$v":"Po importohen kontakte nga kartë kujtese…"},{"$i":"memoryCardContacts-reading","$v":"Po lexohet nga kartë kujtese…"},{"$i":"memoryCardContacts-error","$v":"Nuk u importuan dot kontakte nga kartë kujtese"},{"$i":"memoryCardContacts-imported3","$v":{"zero":"Te karta e kujtesës nuk u gjetën kontakte për importim","one":"U importua një kontakt","two":["U importuan ",{"t":"idOrVar","v":"n"}," kontakte"],"few":["U importuan ",{"t":"idOrVar","v":"n"}," kontakte"],"many":["U importuan ",{"t":"idOrVar","v":"n"}," kontakte"],"other":["U importuan ",{"t":"idOrVar","v":"n"}," kontakte"]},"$x":[{"t":"idOrVar","v":"plural"},"n"]},{"$i":"genericProgress","$v":[{"t":"idOrVar","v":"current"},"/",{"t":"idOrVar","v":"total"}]},{"$i":"facebook","$v":"Facebook"},{"$i":"facebook-import-msg2","$v":["U importuan ",{"t":"idOrVar","v":"imported"},"/",{"t":"idOrVar","v":"total"}," miq"]},{"$i":"contactsMerged","$v":{"zero":"Nuk u shkri në një ndonjë kontakt i përsëdytur","one":"U shkri në një një kontakt i përsëdytur","two":["U shkrinë në një ",{"t":"idOrVar","v":"numDups"}," kontakte"],"few":["U shkrinë në një ",{"t":"idOrVar","v":"numDups"}," kontakte"],"many":["U shkrinë në një ",{"t":"idOrVar","v":"numDups"}," kontakte"],"other":["U shkrinë në një ",{"t":"idOrVar","v":"numDups"}," kontakte"]},"$x":[{"t":"idOrVar","v":"plural"},"numDups"]},{"$i":"pincode2","$v":"Jepni kodin PIN"},{"$i":"type_pin","$v":"Shtypni kodin tuaj PIN"},{"$i":"pincodeLabel","$v":["PIN SIM-i ",{"t":"idOrVar","v":"n"}]},{"$i":"pinValidation","$v":"PIN-i duhet të ketë nga 4 deri 8 shenja."},{"$i":"pinError","$v":"PIN-i qe i pasaktë."},{"$i":"pinAttemptMsg2","$v":{"one":"Ju mbetet ende një provë që të jepni kodin e saktë, përpara se të kyçet karta SIM.","two":["Ju mbeten ende ",{"t":"idOrVar","v":"n"}," prova që të jepni kodin e saktë, përpara se të kyçet karta SIM."],"few":["Ju mbeten ende ",{"t":"idOrVar","v":"n"}," prova që të jepni kodin e saktë, përpara se të kyçet karta SIM."],"many":["Ju mbeten ende ",{"t":"idOrVar","v":"n"}," prova që të jepni kodin e saktë, përpara se të kyçet karta SIM."],"other":["Ju mbeten ende ",{"t":"idOrVar","v":"n"}," prova që të jepni kodin e saktë, përpara se të kyçet karta SIM."]},"$x":[{"t":"idOrVar","v":"plural"},"n"]},{"$i":"pinLastChanceMsg","$v":"Ky është shansi juaj i fundit që të jepni PIN-in e saktë. Përndryshe, duhet të jepni kodin PUK që të përdorni këtë kartë SIM."},{"$i":"pukcode","$v":"Jepni kodin PUK"},{"$i":"pukcodeTitle","$v":["Jepni PUK SIM-i ",{"t":"idOrVar","v":"n"}]},{"$i":"pukcodeLabel","$v":["PUK SIM-i ",{"t":"idOrVar","v":"n"}]},{"$i":"type_puk","$v":"Kodi PUK"},{"$i":"pukValidation","$v":"Kodi PUK duhet të ketë saktësisht 8 shenja."},{"$i":"pukInfo","$v":"Duhet të jepni Kodin e Kyçit Personal të Çkyçjes (PUK) për kartën SIM. Për më tepër të dhëna shihni dokumentimin e kartës suaj SIM ose lidhuni me operatorin tuaj."},{"$i":"pukError","$v":"PUK-u qe i pasaktë."},{"$i":"pukAttemptMsg2","$v":{"one":"Ju mbetet ende një provë që të jepni kodin e saktë, përpara se kjo kartë SIM të bëhet përgjithmonë e papërdorshme. Për më tepër të dhëna shihni dokumentimin e kartës suaj SIM ose lidhuni me operatorin tuaj.","two":["Ju mbeten ende ",{"t":"idOrVar","v":"n"}," prova që të jepni kodin e saktë, përpara se kjo kartë SIM të bëhet përgjithmonë e papërdorshme. Për më tepër të dhëna shihni dokumentimin e kartës suaj SIM ose lidhuni me operatorin tuaj."],"few":["Ju mbeten ende ",{"t":"idOrVar","v":"n"}," prova që të jepni kodin e saktë, përpara se kjo kartë SIM të bëhet përgjithmonë e papërdorshme. Për më tepër të dhëna shihni dokumentimin e kartës suaj SIM ose lidhuni me operatorin tuaj."],"many":["Ju mbeten ende ",{"t":"idOrVar","v":"n"}," prova që të jepni kodin e saktë, përpara se kjo kartë SIM të bëhet përgjithmonë e papërdorshme. Për më tepër të dhëna shihni dokumentimin e kartës suaj SIM ose lidhuni me operatorin tuaj."],"other":["Ju mbeten ende ",{"t":"idOrVar","v":"n"}," prova që të jepni kodin e saktë, përpara se kjo kartë SIM të bëhet përgjithmonë e papërdorshme. Për më tepër të dhëna shihni dokumentimin e kartës suaj SIM ose lidhuni me operatorin tuaj."]},"$x":[{"t":"idOrVar","v":"plural"},"n"]},{"$i":"pukLastChanceMsg","$v":"Ky është shansi juaj i fundit që të jepni kodin e saktë PUK. Karta juaj SIM do të bëhet përgjithmonë e papërdorshme, nëse jepni kod PUK të gabuar."},{"$i":"create_newpin","$v":"Krijoni PIN të ri (4 deri 8 shifra)"},{"$i":"confirm_newpin","$v":"Ripohoni PIN-in e ri"},{"$i":"newpinConfirmation","$v":"PIN-et nuk përputhen"},{"$i":"nckcode","$v":"Jepni kodin NCK"},{"$i":"cckcode","$v":"Jepni kodin CCK"},{"$i":"spckcode","$v":"Jepni kodin SPCK"},{"$i":"nck1code","$v":"Jepni kodin NCK1"},{"$i":"nck2code","$v":"Jepni kodin NCK2"},{"$i":"hnckcode","$v":"Jepni kodin HNCK"},{"$i":"rcckcode","$v":"Jepni kodin RCCK"},{"$i":"rspckcode","$v":"Jepni kodin RSPCK"},{"$i":"nckcodeTitle","$v":["Jepni NCK SIM-i ",{"t":"idOrVar","v":"n"}]},{"$i":"cckcodeTitle","$v":["Jepni CCK SIM-i ",{"t":"idOrVar","v":"n"}]},{"$i":"spckcodeTitle","$v":["Jepni SPCK SIM-i ",{"t":"idOrVar","v":"n"}]},{"$i":"nck1codeTitle","$v":["Jepni NCK1 SIM-i ",{"t":"idOrVar","v":"n"}]},{"$i":"nck2codeTitle","$v":["Jepni NCK2 SIM-i ",{"t":"idOrVar","v":"n"}]},{"$i":"hnckcodeTitle","$v":["Jepni HNCK SIM-i ",{"t":"idOrVar","v":"n"}]},{"$i":"rcckcodeTitle","$v":["Jepni RCCK SIM-i ",{"t":"idOrVar","v":"n"}]},{"$i":"rspckcodeTitle","$v":["Jepni RSPCK SIM-i ",{"t":"idOrVar","v":"n"}]},{"$i":"nckcodeLabel","$v":["NCK SIM-i ",{"t":"idOrVar","v":"n"}]},{"$i":"cckcodeLabel","$v":["CCK SIM-i ",{"t":"idOrVar","v":"n"}]},{"$i":"spckcodeLabel","$v":["SPCK SIM-i ",{"t":"idOrVar","v":"n"}]},{"$i":"nck1codeLabel","$v":["NCK1 SIM-i ",{"t":"idOrVar","v":"n"}]},{"$i":"nck2codeLabel","$v":["NCK2 SIM-i ",{"t":"idOrVar","v":"n"}]},{"$i":"hnckcodeLabel","$v":["HNCK SIM-i ",{"t":"idOrVar","v":"n"}]},{"$i":"rcckcodeLabel","$v":["RCCK SIM-i ",{"t":"idOrVar","v":"n"}]},{"$i":"rspckcodeLabel","$v":["RSPCK SIM-i ",{"t":"idOrVar","v":"n"}]},{"$i":"type_nck","$v":"Shtypni kodin tuaj NCK"},{"$i":"type_cck","$v":"Shtypni kodin tuaj CCK"},{"$i":"type_spck","$v":"Shtypni kodin tuaj SPCK"},{"$i":"type_nck1","$v":"Shtypni kodin tuaj NCK1"},{"$i":"type_nck2","$v":"Shtypni kodin tuaj NCK2"},{"$i":"type_hnck","$v":"Shtypni kodin tuaj HNCK"},{"$i":"type_rcck","$v":"Shtypni kodin tuaj RCCK"},{"$i":"type_rspck","$v":"Shtypni kodin tuaj RSPCK"},{"$i":"nckValidation","$v":"NCK-ja duhet të ketë nga 8 deri në 16 shenja."},{"$i":"cckValidation","$v":"CCK-ja duhet të ketë nga 8 deri në 16 shenja."},{"$i":"spckValidation","$v":"SPCK-ja duhet të ketë nga 8 deri në 16 shenja."},{"$i":"nck1Validation","$v":"NCK1-ja duhet të ketë nga 8 deri në 16 shenja."},{"$i":"nck2Validation","$v":"NCK2-ja duhet të ketë nga 8 deri në 16 shenja."},{"$i":"hnckValidation","$v":"HNCK-ja duhet të ketë nga 8 deri në 16 shenja."},{"$i":"rcckValidation","$v":"RCCK-ja duhet të ketë nga 8 deri në 16 shenja."},{"$i":"rspckValidation","$v":"RSPCK-ja duhet të ketë nga 8 deri në 16 shenja."},{"$i":"nckErrorMsg","$v":"Kodi NCK është i pasaktë."},{"$i":"nckAttemptMsg2","$v":{"one":"Dështim kërkese heqjeje personalizimi rrjeti. Ju mbetet edhe një provë për dhënien e kodit të saktë. Për më tepër të dhëna shihni dokumentimin e kartës suaj SIM ose lidhuni me operatorin tuaj.","two":["Dështim kërkese heqjeje personalizimi rrjeti. Ju mbeten edhe ",{"t":"idOrVar","v":"n"}," prova për dhënien e kodit të saktë. Për më tepër të dhëna shihni dokumentimin e kartës suaj SIM ose lidhuni me operatorin tuaj."],"few":["Dështim kërkese heqjeje personalizimi rrjeti. Ju mbeten edhe ",{"t":"idOrVar","v":"n"}," prova për dhënien e kodit të saktë. Për më tepër të dhëna shihni dokumentimin e kartës suaj SIM ose lidhuni me operatorin tuaj."],"many":["Dështim kërkese heqjeje personalizimi rrjeti. Ju mbeten edhe ",{"t":"idOrVar","v":"n"}," prova për dhënien e kodit të saktë. Për më tepër të dhëna shihni dokumentimin e kartës suaj SIM ose lidhuni me operatorin tuaj."],"other":["Dështim kërkese heqjeje personalizimi rrjeti. Ju mbeten edhe ",{"t":"idOrVar","v":"n"}," prova për dhënien e kodit të saktë. Për më tepër të dhëna shihni dokumentimin e kartës suaj SIM ose lidhuni me operatorin tuaj."]},"$x":[{"t":"idOrVar","v":"plural"},"n"]},{"$i":"nckLastChanceMsg","$v":"Dështim kërkese heqjeje personalizimi rrjeti. Shansi i fundit të jepni kodin e saktë NCK. Për më tepër të dhëna shihni dokumentimin e kartës suaj SIM ose lidhuni me operatorin tuaj."},{"$i":"skip","$v":"Anashkaloje"},{"$i":"send","$v":"Dërgoje"},{"$i":"ok","$v":"OK"},{"$i":"simLocked","$v":"Karta SIM është kyçur"},{"$i":"inputCodeRetriesLeft","$v":{"one":"Prova e fundit.","two":["Edhe ",{"t":"idOrVar","v":"n"}," prova."],"few":["Edhe ",{"t":"idOrVar","v":"n"}," prova."],"many":["Edhe ",{"t":"idOrVar","v":"n"}," prova."],"other":["Edhe ",{"t":"idOrVar","v":"n"}," prova."]},"$x":[{"t":"idOrVar","v":"plural"},"n"]},{"$i":"simManager","$v":"Përgjegjës SIM-esh"},{"$i":"simDetail","$v":["SIM-i ",{"t":"idOrVar","v":"n"}]},{"$i":"simDefault","$v":"(parazgjedhje)"},{"$i":"simDefaultMessage","$v":"Thirrjet që bëni, mesazhet që dërgoni dhe lidhja për të dhëna i janë përshoqëruar SIM-it 1, si parazgjedhje"},{"$i":"simSettingsMessage","$v":"Rregullimet parazgjedhje mund t’i ndryshoni te Rregullime > Përgjegjës kartash SIM"},{"$i":"simPinLocked","$v":"PIN SIM-i i kyçur"},{"$i":"noOperator","$v":"Nuk ka operator"},{"$i":"searchingOperator","$v":"Po kërkohet"},{"$i":"language","$v":"Gjuhë"},{"$i":"3g","$v":"Të dhëna Celulare"},{"$i":"dataConnection","$v":"Aktivizoji të Dhënat"},{"$i":"dataConnectionInfo","$v":"Aktivizimi tani i lidhjes për të dhëna do t’ju lejojë të formësoni telefonin tuaj pa një lidhje Wi-Fi. Mund ta aktivizoni dhe më vonë te Rregullimet. Thjesht sigurohuni që pajtimi te operatori juaj mbulon edhe të dhëna, që të shmangni fatura të kripura."},{"$i":"caution","$v":"Kujdes"},{"$i":"geolocation","$v":"Gjeovendëzim"},{"$i":"geolocationCheckbox","$v":"Aktivizoni Gjeovendëzimin"},{"$i":"geolocationInfo2","$v":[{"t":"idOrVar","v":"brandShortName"},"-i përdor të dhëna të tilla si GPS, Wi-Fi, dhe rrjete celularësh pranë jush si ndihmë për përcaktimin me përafërsi të vendndodhjes suaj."]},{"$i":"geolocationInfoMore","$v":"Të dhënat dërgohen te Mozilla dhe të tjerë mundësues shërbimesh dhe do të përdoren së toku për të përmirësuar këto baza të dhënash vendndodhjesh.  Të dhënat mund të depozitohen në pajisjen tuaj dhe grumbullimi i të dhënave mund të ngjasë kur nuk ka aplikacione në punë e sipër."},{"$i":"notice","$v":"Shënim"},{"$i":"aboutYourPrivacy","$v":"Më tepër rreth privatësisë suaj"},{"$i":"scanningNetworks","$v":"Po sheh për rrjete"},{"$i":"selectNetwork","$v":"Përzgjidhni një rrjet"},{"$i":"shortStatus-connecting","$v":"Po lidhet…"},{"$i":"shortStatus-associated","$v":"Po merret një adresë IP…"},{"$i":"shortStatus-connected","$v":"I lidhur"},{"$i":"shortStatus-connectingfailed","$v":"Lidhja dështoi"},{"$i":"shortStatus-disconnected","$v":"I shkëputur"},{"$i":"securedBy","$v":["siguruar përmes ",{"t":"idOrVar","v":"capabilities"}]},{"$i":"security","$v":"Siguri"},{"$i":"securityNone","$v":"Asnjë"},{"$i":"securityWEP","$v":"WEP"},{"$i":"securityWPA-PSK","$v":"WPA-PSK"},{"$i":"securityWPA-EAP","$v":"WPA-EAP"},{"$i":"securityOpen","$v":"E hapur","ariaLabel":"Siguri"},{"$i":"identity","$v":"Përdorues"},{"$i":"identityInput","placeholder":"Përdorues"},{"$i":"password","$v":"Fjalëkalim"},{"$i":"passwordInput","placeholder":"Fjalëkalim"},{"$i":"showPassword","$v":"Shfaqe Fjalëkalimin"},{"$i":"refresh","$v":"Rifreskoje"},{"$i":"noWifiFound3","$v":"Nuk u gjetën rrjete pa fill"},{"$i":"join-hidden-button","$v":"Bëhuni pjesë rrjeti të fshehur"},{"$i":"authentication","$v":"Mirëfilltësim"},{"$i":"ssid-name","$v":"Emër Rrjeti SSID"},{"$i":"wifiLevel","ariaLabel":[{"t":"idOrVar","v":"level"}," ",{"t":"idOrVar","v":"level"}," nga 4 viza gjithsej"]},{"$i":"networksList","ariaLabel":"U gjetën rrjete"},{"$i":"dateAndTime","$v":"Datë & Kohë"},{"$i":"timezoneTitle","$v":["UTC",{"t":"idOrVar","v":"utcOffset"}," ",{"t":"idOrVar","v":"region"},"/",{"t":"idOrVar","v":"city"}]},{"$i":"timeZone","$v":"Zonë kohore"},{"$i":"change","$v":"Ndryshoje"},{"$i":"region","ariaLabel":"Zonë"},{"$i":"city","ariaLabel":"Qytet"},{"$i":"date","ariaLabel":"Datë"},{"$i":"time","ariaLabel":"Kohë"},{"$i":"importContacts3","$v":"Importoni kontakte"},{"$i":"importSim2","$v":"Kartë SIM"},{"$i":"importFb2","$v":"Facebook"},{"$i":"importOutlook","$v":"Outlook"},{"$i":"importGmail","$v":"Gmail"},{"$i":"fb-checking","$v":"… po kontrollohet"},{"$i":"notImportedYet","$v":"Ende pa importime"},{"$i":"otherAccount","$v":"Llogari të tjera"},{"$i":"afterFbImport","$v":"Miq nga Facebook-u mund të importoni dhe përpunoni kurdo, te rregullimet Kontakte"},{"$i":"firefox-accounts","$v":"Llogari Firefox"},{"$i":"fxa-upsell","innerHTML":"Një Llogari Firefox ju lejon të gjeni një telefon që humbët dhe të blini aplikacione nga Firefox Marketplace."},{"$i":"fxa-create-account-or-sign-in","$v":"Krijoni Llogari ose Hyni Në Të"},{"$i":"fxa-email-sent","$v":["Një lidhje ripohimi u dërgua te ",{"t":"idOrVar","v":"email"}]},{"$i":"fxa-signed-in","$v":["I futur si ",{"t":"idOrVar","v":"email"}]},{"$i":"about-your-rights-0","$v":[{"t":"idOrVar","v":"brandShortName"},"-i ngrihet mbi software të lirë dhe me burim të hapur, nga një bashkësi mijëra personash anembanë botës. Ja pak gjëra që do të duhej t’i dinit:"]},{"$i":"about-your-rights-1","$v":[{"t":"idOrVar","v":"brandShortName"},"-i ju jepet sipas kushteve të disa licencave për burim të hapur, përfshi Mozilla Public License. Një pajisje që xhiron ",{"t":"idOrVar","v":"brandShortName"},"-in mund të përmbajë edhe software pronësor prej palësh të treta. Çfarëdo pjese kodi e dhënë nën licenca të hapura ju jep të drejtën të modifikoni kodin burim dhe të shpërndani versione tuajt të modifikuar, për sa kohë që u përmbaheni kushteve të tyre."]},{"$i":"about-your-rights-2","$v":["Nuk ju jepet ndonjë e drejtë mbi shenja tregtare ose licenca për shenja tregtare të Mozilla Foundation-it ose cilësdo palë, përfshi këtu, pa kufizime, emrin dhe logon e ",{"t":"idOrVar","v":"brandShortName"},"-it."]},{"$i":"about-your-rights-3","$v":["Disa veçori të ",{"t":"idOrVar","v":"brandShortName"},"-it, të tilla si Raportuesi i Vithisjeve, ju japin mundësinë t’ia parashtroni përshtypjet Mozilla-s. Duke zgjedhur të parashtroni përshtypje, i jepni Mozilla-s leje t’i përdorë përshtypjet për të përmirësuar produktet e saj, t’i botojë përshtypjet në sajtet e veta, dhe t’i shpërndajë ato."]},{"$i":"about-other","$v":"Tjetër"},{"$i":"SIM_mandatory","$v":"Sinjalizim Karte SIM"},{"$i":"SIM_mandatory_warm","$v":"Ju lutemi, futni një kartë SIM dhe rinisni telefonin tuaj."},{"$i":"telemetry-sends2","$v":["Telemetry-a i dërgon Mozilla-s të dhëna mbi funksionimin, hardware-in, formësimet, personalizimet dhe përdorimin e aplikacioneve në pajisjen tuaj ",{"t":"idOrVar","v":"brandShortName"},". Këto i përdorim që t’i bëjmë produktet tona më të mira, më të shpejta dhe më reaguese."]},{"$i":"learn-more-telemetry2","innerHTML":["Mësoni më tepër te <a href=\"",{"t":"idOrVar","v":"href"},"\" class=\"",{"t":"idOrVar","v":"className"},"\">",{"t":"idOrVar","v":"textContent"},"</a>"]},{"$i":"learn-more-information2","innerHTML":["Mësoni se si i trajton Mozilla të dhënat tuaja, te <a href=\"",{"t":"idOrVar","v":"href"},"\" class=\"",{"t":"idOrVar","v":"className"},"\">",{"t":"idOrVar","v":"textContent"},"</a>"]},{"$i":"htmlWelcome2","innerHTML":["Mirë se vini te <a href=\"",{"t":"idOrVar","v":"href"},"\" class=\"",{"t":"idOrVar","v":"className"},"\">",{"t":"idOrVar","v":"textContent"},"</a>, sistemi operativ i lirë dhe me burim të hapur i Mozilla-s. Misioni ynë është të përhapim të qenët i hapur, risitë dhe mundësitë në Web, duke e mbajtur fuqinë e tij në duart tuaja."]},{"$i":"htmlWelcome-link","$v":[{"t":"idOrVar","v":"brandShortName"}]},{"$i":"helpImprove2","innerHTML":["Mund të na ndihmoni të përmirësojmë produktet dhe shërbimet tona përmes dërgimit të vetvetishëm të dhënash analitike. Shihni <a href=\"",{"t":"idOrVar","v":"href"},"\" class=\"",{"t":"idOrVar","v":"className"},"\">",{"t":"idOrVar","v":"textContent"},"</a> që të mësoni se si i trajtojmë të dhënat prej pajisjes tuaj."]},{"$i":"helpImprove-link","$v":"Shënim Mbi Privatësinë"},{"$i":"learn-more-privacy2","innerHTML":["Mësoni se si i trajton të dhënat tuaja Mozilla, te <a href=\"",{"t":"idOrVar","v":"href"},"\" class=\"",{"t":"idOrVar","v":"className"},"\">",{"t":"idOrVar","v":"textContent"},"</a>"]},{"$i":"learn-more-privacy-link","$v":"rregulla privatësie"},{"$i":"aboutBrowser","$v":["Rreth ",{"t":"idOrVar","v":"brandShortName"},"-it"]},{"$i":"aboutYourPrivacy2","$v":"Privatësia Juaj"},{"$i":"mozillaCommunity2","$v":["Kur përdorni ",{"t":"idOrVar","v":"brandShortName"},"-in, bëheni pjesë e një bashkësie mbarëbotërore që ndihmon në ndërtimin e një të ardhmeje më të ndritur për Web-in. Nëse doni të dini më tepër rreth bashkësisë Mozilla, produkteve tona të tjera dhe veprimtarive afër zonës suaj, ju lutemi, jepni më poshtë adresën tuaj email."]},{"$i":"sharePerformanceAndUsageData2","$v":"Po! Dërgo të dhëna."},{"$i":"emailAddress","placeholder":"Adresë email"},{"$i":"email-successfully-added","$v":"Email-i u shtua me sukses"},{"$i":"email-loading","$v":"Po ruhet email-i juaj…"},{"$i":"privacy-b2g","$v":[{"t":"idOrVar","v":"brandShortName"}],"title":[{"t":"idOrVar","v":"brandShortName"}]},{"$i":"privacy-marketplace","$v":"Marketplace","title":[{"t":"idOrVar","v":"privacy-marketplace"}]},{"$i":"privacy-eme","$v":"EverythingMe"},{"$i":"privacy-e-me","title":[{"t":"idOrVar","v":"privacy-e-me"}]},{"$i":"navbar-back","$v":"Mbrapsht"},{"$i":"navbar-next","$v":"Pasuesja"},{"$i":"navbar-join","$v":"Bëhuni Pjesë"},{"$i":"done","$v":"U bë"},{"$i":"thatsIt","$v":"Kaq qe!"},{"$i":"startYourPhone","$v":"Filloni turin e telefonit tuaj!"},{"$i":"startYourTablet","$v":"Filloni turin e tabletit tuaj!"},{"$i":"joinTutorial","$v":"Ejani me ne për një përkujdesore të shpejtë rreth telefonit tuaj të ri."},{"$i":"joinTutorialUpdated","$v":"Ejani me ne për një përkujdesore të shpejtë rreth përditësimeve te telefoni juaj!"},{"$i":"enjoyYourPhone","$v":"Jeni gati t’i gëzoheni telefonit tuaj të ri."},{"$i":"enjoyYourPhoneUpdated","$v":"Jeni gati t’i gëzoheni telefonit tuaj të përditësuar."},{"$i":"optionsAvailable","$v":"Gjuhën, datën/kohën dhe lidhjen me Wi-Fi mund t’i ndryshoni te rregullimet."},{"$i":"letsGo","$v":"Le t’ia fillojmë"},{"$i":"startTour","$v":"Nise turin"},{"$i":"thatsIt1Tablet-2","$v":"Mund të rrëshqisni kurdo gishtin nga skaji i poshtëm për sipër që të kaloni te skena e kreut."},{"$i":"thatsIt2Tablet-2","$v":"Le ta provojmë !"},{"$i":"tutorial","$v":"Përkujdesore"},{"$i":"tutorial-step1-large-3","$v":"Rrëshqiteni gishtin nga lart poshtë që të shihni njoftimet e fundit, të dhëna përdorimi dhe rregullime."},{"$i":"tutorial-step2-large-2","$v":"Rrëshqiteni gishtin majtas ose djathtas që të zbuloni aplikacione të reja te skena e kreut."},{"$i":"tutorial-step3-large-2","$v":"Prekeni një ikonë dhe mbajeni gishtin aty që ta fshini ose lëvizni."},{"$i":"tutorial-step4-large-2","$v":"Rrëshqitni dy gishta nga skaji i poshtëm për sipër që të kryeni parje të kartës."},{"$i":"tutorial-vertical-scroll-v2-tiny","$v":"Rrëshqiteni gishtin sipër dhe poshtë që të shfletoni aplikaconet tuaja. Bjerini një ikone dhe mbajeni gishtin aty që ta fshini, lëvizni ose përpunoni."},{"$i":"tutorial-notifications-v2-tiny","$v":"Rrëshqiteni gishtin për poshtë që të shihni njoftimet e fundit, të dhëna mbi përdorimin dhe rregullimet."},{"$i":"tutorial-sheets-tiny","$v":"Tërhiqni që nga skaji i majtë i ekranit që të ktheheni te aplikacionet e përdorura së fundi."},{"$i":"tutorial-rocketbar-tiny","$v":"Prekni kutizën e kërkimeve kurdo, që të nisni një kërkim ose të shkoni te një sajt."},{"$i":"tutorial-bookmarks-migration-tiny","$v":"Faqerojtësit tuaj janë shpënë te skena e kreut. Kur i përpunoni, prekni një faqerojtës që ta përpunoni ose riemërtoni."},{"$i":"tutorial-app-grouping-tiny","$v":"Prekeni që të zgjerohen ose tkurren grupet e aplikacioneve. Që të krijoni një grup, tërhiqeni një aplikacion te një hapësirë e re."},{"$i":"offline-dialog-title","$v":"Që të shihni këtë faqe, duhet të jeni i lidhur në Internet."},{"$i":"offline-dialog-text","$v":["Ju lutemi, kthehuni mbrapsht dhe bëni lidhjen në Internet. Faqen mund ta shihni edhe më vonë, te Rregullimet, ose duke hapur ",{"t":"idOrVar","v":"url"}," me çfarëdo shfletuesi."]},{"$i":"OK","$v":"OK"},{"$i":"offline-newsletter-dialog-title","$v":"Që të pajtoheni te buletini, duhet të jeni i lidhur në Internet."},{"$i":"offline-newsletter-dialog-text","$v":"Ju lutemi, kthehuni mbrapsht dhe bëni lidhjen në Internet."},{"$i":"invalid-email-dialog-title","$v":"Email-i juaj nuk është i vlefshëm"},{"$i":"invalid-email-dialog-text","$v":"Ju lutemi, kthehuni mbrapsht dhe ndreqni atë çka dhatë."},{"$i":"retry","$v":"Riprovo"},{"$i":"cancel","$v":"Anuloje"},{"$i":"progressbar","$v":["Hapi ",{"t":"idOrVar","v":"step"}," nga ",{"t":"idOrVar","v":"total"}," gjithsej"],"ariaLabel":"Përdorimi Për Herë të Parë"},{"$i":"weekday-0-long","$v":"E diel"},{"$i":"weekday-1-long","$v":"E hënë"},{"$i":"weekday-2-long","$v":"E martë"},{"$i":"weekday-3-long","$v":"E mërkurë"},{"$i":"weekday-4-long","$v":"E enjte"},{"$i":"weekday-5-long","$v":"E premte"},{"$i":"weekday-6-long","$v":"E shtunë"},{"$i":"weekday-0-short","$v":"Die"},{"$i":"weekday-1-short","$v":"Hën"},{"$i":"weekday-2-short","$v":"Mar"},{"$i":"weekday-3-short","$v":"Mër"},{"$i":"weekday-4-short","$v":"Enj"},{"$i":"weekday-5-short","$v":"Pre"},{"$i":"weekday-6-short","$v":"Sht"},{"$i":"month-0-long","$v":"Janar"},{"$i":"month-1-long","$v":"Shkurt"},{"$i":"month-2-long","$v":"Mars"},{"$i":"month-3-long","$v":"Prill"},{"$i":"month-4-long","$v":"Maj"},{"$i":"month-5-long","$v":"Qershor"},{"$i":"month-6-long","$v":"Korrik"},{"$i":"month-7-long","$v":"Gusht"},{"$i":"month-8-long","$v":"Shtator"},{"$i":"month-9-long","$v":"Tetor"},{"$i":"month-10-long","$v":"Nëntor"},{"$i":"month-11-long","$v":"Dhjetor"},{"$i":"month-0-genitive","$v":"të Janarit"},{"$i":"month-1-genitive","$v":"të Shkurtit"},{"$i":"month-2-genitive","$v":"të Marsit"},{"$i":"month-3-genitive","$v":"të Prillit"},{"$i":"month-4-genitive","$v":"të Majit"},{"$i":"month-5-genitive","$v":"të Qershorit"},{"$i":"month-6-genitive","$v":"të Korrikut"},{"$i":"month-7-genitive","$v":"të Gushtit"},{"$i":"month-8-genitive","$v":"të Shtatorit"},{"$i":"month-9-genitive","$v":"të Tetorit"},{"$i":"month-10-genitive","$v":"të Nëntorit"},{"$i":"month-11-genitive","$v":"të Dhjetorit"},{"$i":"month-0-short","$v":"Jan"},{"$i":"month-1-short","$v":"Shk"},{"$i":"month-2-short","$v":"Mar"},{"$i":"month-3-short","$v":"Pri"},{"$i":"month-4-short","$v":"Maj"},{"$i":"month-5-short","$v":"Qer"},{"$i":"month-6-short","$v":"Kor"},{"$i":"month-7-short","$v":"Gus"},{"$i":"month-8-short","$v":"Sht"},{"$i":"month-9-short","$v":"Tet"},{"$i":"month-10-short","$v":"Nën"},{"$i":"month-11-short","$v":"Dhj"},{"$i":"minutes-ago-long","$v":{"zero":"mu tani","one":"një minutë më parë","two":[{"t":"idOrVar","v":"value"}," minuta më parë"],"few":[{"t":"idOrVar","v":"value"}," minuta më parë"],"many":[{"t":"idOrVar","v":"value"}," minuta më parë"],"other":[{"t":"idOrVar","v":"value"}," minuta më parë"]},"$x":[{"t":"idOrVar","v":"plural"},"value"]},{"$i":"hours-ago-long","$v":{"zero":"mu tani","one":"një orë më parë","two":[{"t":"idOrVar","v":"value"}," orë më parë"],"few":[{"t":"idOrVar","v":"value"}," orë më parë"],"many":[{"t":"idOrVar","v":"value"}," orë më parë"],"other":[{"t":"idOrVar","v":"value"}," orë më parë"]},"$x":[{"t":"idOrVar","v":"plural"},"value"]},{"$i":"days-ago-long","$v":{"zero":"sot","one":"dje","two":[{"t":"idOrVar","v":"value"}," ditë më parë"],"few":[{"t":"idOrVar","v":"value"}," ditë më parë"],"many":[{"t":"idOrVar","v":"value"}," ditë më parë"],"other":[{"t":"idOrVar","v":"value"}," ditë më parë"]},"$x":[{"t":"idOrVar","v":"plural"},"value"]},{"$i":"weeks-ago-long","$v":{"zero":"këtë javë","one":"javën e kaluar","two":[{"t":"idOrVar","v":"value"}," javë më parë"],"few":[{"t":"idOrVar","v":"value"}," javë më parë"],"many":[{"t":"idOrVar","v":"value"}," javë më parë"],"other":[{"t":"idOrVar","v":"value"}," javë më parë"]},"$x":[{"t":"idOrVar","v":"plural"},"value"]},{"$i":"months-ago-long","$v":{"zero":"këtë muaj","one":"muajin e kaluar","two":[{"t":"idOrVar","v":"value"}," muaj më parë"],"few":[{"t":"idOrVar","v":"value"}," muaj më parë"],"many":[{"t":"idOrVar","v":"value"}," muaj më parë"],"other":[{"t":"idOrVar","v":"value"}," muaj më parë"]},"$x":[{"t":"idOrVar","v":"plural"},"value"]},{"$i":"years-ago-long","$v":{"zero":"këtë vit","one":"vitin e kaluar","two":[{"t":"idOrVar","v":"value"}," vite më parë"],"few":[{"t":"idOrVar","v":"value"}," vite më parë"],"many":[{"t":"idOrVar","v":"value"}," vite më parë"],"other":[{"t":"idOrVar","v":"value"}," vite më parë"]},"$x":[{"t":"idOrVar","v":"plural"},"value"]},{"$i":"minutes-until-long","$v":{"zero":"tani","one":"për një minutë","two":["për ",{"t":"idOrVar","v":"value"}," minuta"],"few":["për ",{"t":"idOrVar","v":"value"}," minuta"],"many":["për ",{"t":"idOrVar","v":"value"}," minuta"],"other":["për ",{"t":"idOrVar","v":"value"}," minuta"]},"$x":[{"t":"idOrVar","v":"plural"},"value"]},{"$i":"hours-until-long","$v":{"zero":"tani","one":"për një orë","two":["për ",{"t":"idOrVar","v":"value"}," orë"],"few":["për ",{"t":"idOrVar","v":"value"}," orë"],"many":["për ",{"t":"idOrVar","v":"value"}," orë"],"other":["për ",{"t":"idOrVar","v":"value"}," orë"]},"$x":[{"t":"idOrVar","v":"plural"},"value"]},{"$i":"days-until-long","$v":{"zero":"sot","one":"nesër","two":["për ",{"t":"idOrVar","v":"value"}," ditë"],"few":["për ",{"t":"idOrVar","v":"value"}," ditë"],"many":["për ",{"t":"idOrVar","v":"value"}," ditë"],"other":["për ",{"t":"idOrVar","v":"value"}," ditë"]},"$x":[{"t":"idOrVar","v":"plural"},"value"]},{"$i":"weeks-until-long","$v":{"zero":"këtë javë","one":"javën pasuese","two":["për ",{"t":"idOrVar","v":"value"}," javë"],"few":["për ",{"t":"idOrVar","v":"value"}," javë"],"many":["për ",{"t":"idOrVar","v":"value"}," javë"],"other":["për ",{"t":"idOrVar","v":"value"}," javë"]},"$x":[{"t":"idOrVar","v":"plural"},"value"]},{"$i":"months-until-long","$v":{"zero":"këtë muaj","one":"muajin pasues","two":["për ",{"t":"idOrVar","v":"value"}," muaj"],"few":["për ",{"t":"idOrVar","v":"value"}," muaj"],"many":["për ",{"t":"idOrVar","v":"value"}," muaj"],"other":["për ",{"t":"idOrVar","v":"value"}," muaj"]},"$x":[{"t":"idOrVar","v":"plural"},"value"]},{"$i":"years-until-long","$v":{"zero":"këtë vit","one":"vitin pasues","two":["për ",{"t":"idOrVar","v":"value"}," vjet"],"few":["për ",{"t":"idOrVar","v":"value"}," vjet"],"many":["për ",{"t":"idOrVar","v":"value"}," vjet"],"other":["për ",{"t":"idOrVar","v":"value"}," vjet"]},"$x":[{"t":"idOrVar","v":"plural"},"value"]},{"$i":"minutes-ago-short","$v":{"zero":"mu tani","other":[{"t":"idOrVar","v":"value"},"m më parë"]},"$x":[{"t":"idOrVar","v":"plural"},"value"]},{"$i":"hours-ago-short","$v":{"zero":"mu tani","other":[{"t":"idOrVar","v":"value"},"h më parë"]},"$x":[{"t":"idOrVar","v":"plural"},"value"]},{"$i":"days-ago-short","$v":{"zero":"sot","other":[{"t":"idOrVar","v":"value"},"d më parë"]},"$x":[{"t":"idOrVar","v":"plural"},"value"]},{"$i":"minutes-until-short","$v":{"zero":"tani","other":["për ",{"t":"idOrVar","v":"value"},"m"]},"$x":[{"t":"idOrVar","v":"plural"},"value"]},{"$i":"hours-until-short","$v":{"zero":"tani","other":["për ",{"t":"idOrVar","v":"value"},"h"]},"$x":[{"t":"idOrVar","v":"plural"},"value"]},{"$i":"days-until-short","$v":{"zero":"sot","other":["për ",{"t":"idOrVar","v":"value"},"d"]},"$x":[{"t":"idOrVar","v":"plural"},"value"]},{"$i":"incorrectDate","$v":"(datë e pasaktë)"},{"$i":"dateTimeFormat_%c","$v":"%a %e %b %Y %I:%M:%S %p"},{"$i":"dateTimeFormat_%x","$v":"%m/%d/%Y"},{"$i":"dateTimeFormat_%X","$v":"%I:%M:%S %p"},{"$i":"shortTimeFormat","$v":"%I:%M %p"},{"$i":"shortTimeFormat12","$v":"%I:%M %p"},{"$i":"shortTimeFormat24","$v":"%H:%M"},{"$i":"shortDateTimeFormat","$v":"%x %I:%M %p"},{"$i":"weekStartsOnMonday","$v":"0"},{"$i":"firstDayOfTheWeek","$v":"0"},{"$i":"time_am","$v":"AM"},{"$i":"time_pm","$v":"PM"},{"$i":"tz-region","$v":"Rajon"},{"$i":"tz-city","$v":"Qytet"},{"$i":"tzRegion-Africa","$v":"Afrika"},{"$i":"tzRegion-America","$v":"Amerika"},{"$i":"tzRegion-Antarctica","$v":"Antarktida"},{"$i":"tzRegion-Asia","$v":"Azia"},{"$i":"tzRegion-Atlantic","$v":"Oqeani Atlantik"},{"$i":"tzRegion-Australia","$v":"Australia"},{"$i":"tzRegion-Europe","$v":"Europa"},{"$i":"tzRegion-Indian","$v":"Oqeani Indian"},{"$i":"tzRegion-Pacific","$v":"Oqeani Paqësor"},{"$i":"close","$v":"Mbylle"},{"$i":"import","$v":"Importoji"},{"$i":"update","$v":"Përditësoji"},{"$i":"fbFriends","$v":"Miq Facebook-u"},{"$i":"live-serviceName","$v":"Outlook"},{"$i":"gmail-serviceName","$v":"Gmail"},{"$i":"facebook-serviceName","$v":"Miq Facebook-u"},{"$i":"selectAll","$v":"Përzgjidhi krejt"},{"$i":"deselectAll","$v":"Shpërzgjidhi krejt"},{"$i":"viewAll","$v":"Shihni Krejt Miqtë Nga Facebook-u"},{"$i":"viewRecommend","$v":"Shihni Vetëm të Rekomanduarit"},{"$i":"linkProposal","$v":{"zero":"Pa përputhje për miq. Po shfaqen të tërë","one":"Përzgjidhni të rekomanduarin","two":"Përzgjidhni një të rekomanduar","few":"Përzgjidhni një të rekomanduar","many":"Përzgjidhni një të rekomanduar","other":"Përzgjidhni një të rekomanduar"},"$x":[{"t":"idOrVar","v":"plural"},"numFriends"]},{"$i":"fbFriendsFound","$v":{"zero":"U importuan krejt miqtë tuaj","one":"U gjet një mik për importim","two":["U gjetën ",{"t":"idOrVar","v":"numFriends"}," miq për importim"],"few":["U gjetën ",{"t":"idOrVar","v":"numFriends"}," miq për importim"],"many":["U gjetën ",{"t":"idOrVar","v":"numFriends"}," miq për importim"],"other":["U gjetën ",{"t":"idOrVar","v":"numFriends"}," miq për importim"]},"$x":[{"t":"idOrVar","v":"plural"},"numFriends"]},{"$i":"fbNoFriends","$v":"Pa kontakte për importim"},{"$i":"search-contact","placeholder":"Kërkoni"},{"$i":"noResults","$v":"Nuk u gjetën kontakte"},{"$i":"done-search","$v":"U bë"},{"$i":"progressFB3ImportTitle","$v":"Importim miqsh te Kontaktet"},{"$i":"progressFB","$v":[{"t":"idOrVar","v":"current"},"/",{"t":"idOrVar","v":"total"}]},{"$i":"progressFB3UpdateTitle","$v":"Përditësim miqsh te Kontaktet"},{"$i":"message2","$v":"Kjo mund të hajë ca minuta"},{"$i":"messageLinking","$v":"Ju lutemi, prisni. Po lidhim shokun tuaj dhe kontaktin tuaj."},{"$i":"messageCanceling","$v":"Ju lutemi, prisni. Po anulojmë veprimin që po kryhej."},{"$i":"error1","$v":["Gabim ",{"t":"idOrVar","v":"from"}]},{"$i":"error2","$v":"Doni të riprovohet?"},{"$i":"errorProposal","$v":"në përllogaritjen e propozimeve"},{"$i":"errorFriends","$v":"në marrjen e miqve"},{"$i":"errorLinking","$v":"në lidhjen e kontaktit"},{"$i":"timeout1","$v":["Skadoi koha ",{"t":"idOrVar","v":"from"}]},{"$i":"timeout2","$v":"Doni të riprovohet?"},{"$i":"timeoutProposal","$v":"në përllogaritjen e propozimeve"},{"$i":"timeoutFriends","$v":"në marrjen e miqve"},{"$i":"timeoutLinking","$v":"në lidhjen e kontaktit"},{"$i":"wait1","$v":"Ju lutemi, prisni."},{"$i":"wait2","$v":"Kjo mund të hajë ca minuta"},{"$i":"waitProposal","$v":"Ju lutemi, prisni. Po përllogarisim një propozim."},{"$i":"waitFriends","$v":"Ju lutemi, prisni. Po lidhemi që të marrin listën tuaj të miqve."},{"$i":"curtainCancel","$v":"Anuloje"},{"$i":"curtainRetry","$v":"Riprovo"},{"$i":"curtainOK","$v":"OK"},{"$i":"connectionLost","$v":"Pa lidhje Internet"},{"$i":"connectionLostMsg","$v":"Fotot e miqve nuk do të shtohen te kontaktet tuaja. Të vazhdohet, sido qoftë?"},{"$i":"yesOption","$v":"OK"},{"$i":"noOption","$v":"Anuloje"},{"$i":"friendsUpdated","$v":{"zero":"Nuk u përditësuan miq","one":"U përditësua një mik","two":["U përditësuan ",{"t":"idOrVar","v":"numFriends"}," miq"],"few":["U përditësuan ",{"t":"idOrVar","v":"numFriends"}," miq"],"many":["U përditësuan ",{"t":"idOrVar","v":"numFriends"}," miq"],"other":["U përditësuan ",{"t":"idOrVar","v":"numFriends"}," miq"]},"$x":[{"t":"idOrVar","v":"plural"},"numFriends"]},{"$i":"friendsMerged","$v":{"zero":"Nuk u shkri në një ndonjë profil i përsëdytur","one":"U shkri në një një profil i përsëdytur","two":["U shkrinë në një ",{"t":"idOrVar","v":"numDups"}," profile"],"few":["U shkrinë në një ",{"t":"idOrVar","v":"numDups"}," profile"],"many":["U shkrinë në një ",{"t":"idOrVar","v":"numDups"}," profile"],"other":["U shkrinë në një ",{"t":"idOrVar","v":"numDups"}," profile"]},"$x":[{"t":"idOrVar","v":"plural"},"numDups"]},{"$i":"notificationLogin","$v":"Sesioni juaj Facebook është i pavlefshëm. Ju lutemi, bëni hyrjen."},{"$i":"syncError","$v":"Pati një gabim gjatë njëkohësimit të të dhënave të miqve tuaj"}]