[{"$i":"brandShortName","$v":"B2G OS"},{"$i":"browserBrandShortName","$v":"Web Browser"},{"$i":"browserBrandFullName","$v":"Mozilla Web Browser"},{"$i":"ringtoneBrandName","$v":"Default"},{"$i":"ringtoneSectionBrandName","$v":"System"},{"$i":"back","$v":"Назад"},{"$i":"noSimMsg","$v":"Да бисте увезли контакте убаците или откључајте Вашу SIM картицу"},{"$i":"noMemoryCardMsg","$v":"Да бисте увезли контакте убаците меморијску картицу"},{"$i":"importMemoryCard","$v":"Меморијскe картицe"},{"$i":"noConnection11","$v":"Да бисте увезли пријатеље или контакте повежите се на Wi-Fi или мрежу"},{"$i":"emptyAccount","$v":"Пријатељи или контакти нису пронађени на овом налогу."},{"$i":"simContacts-import","$v":"Увезите контакте са SIM картице"},{"$i":"simContacts-importing","$v":"Увожење контаката са SIM картице…"},{"$i":"simContacts-reading","$v":"Читање са SIM картице…"},{"$i":"simContacts-error","$v":"Немогуће је увести контакте са SIM картице"},{"$i":"simContacts-imported3","$v":{"zero":"Ни један контакт није нађен на SIM картици","one":"Увезен је један контакт","two":["Увезена су ",{"t":"idOrVar","v":"n"}," контакта"],"few":["Увезено је ",{"t":"idOrVar","v":"n"}," контаката"],"many":["Увезено је ",{"t":"idOrVar","v":"n"}," контаката"],"other":["Увезено је ",{"t":"idOrVar","v":"n"}," контаката"]},"$x":[{"t":"idOrVar","v":"plural"},"n"]},{"$i":"memoryCardContacts-import","$v":"Увоз контаката са меморијске картице"},{"$i":"memoryCardContacts-importing","$v":"Увоз контаката са меморијске картице…"},{"$i":"memoryCardContacts-reading","$v":"Читам са меморијске картице…"},{"$i":"memoryCardContacts-error","$v":"Није могуће увести контакте са меморијске картице"},{"$i":"memoryCardContacts-imported3","$v":{"zero":"Нису пронађени контакти на меморијској картици","one":"Увезен један контакт","two":["Увезена ",{"t":"idOrVar","v":"n"}," контакта"],"few":["Увезено ",{"t":"idOrVar","v":"n"}," контаката"],"many":["Увезено ",{"t":"idOrVar","v":"n"}," контаката"],"other":["Увезено ",{"t":"idOrVar","v":"n"}," контаката"]},"$x":[{"t":"idOrVar","v":"plural"},"n"]},{"$i":"genericProgress","$v":[{"t":"idOrVar","v":"current"},"/",{"t":"idOrVar","v":"total"}]},{"$i":"facebook","$v":"Facebook"},{"$i":"facebook-import-msg2","$v":[{"t":"idOrVar","v":"imported"},"/",{"t":"idOrVar","v":"total"}," увезенo"]},{"$i":"contactsMerged","$v":{"zero":"Нема дуплираних контаката","one":"Један дуплиран контакт је спојен","two":[{"t":"idOrVar","v":"numDups"}," контакта су спојена"],"few":[{"t":"idOrVar","v":"numDups"}," контаката је спојено"],"many":[{"t":"idOrVar","v":"numDups"}," контаката је спојено"],"other":[{"t":"idOrVar","v":"numDups"}," контаката је спојено"]},"$x":[{"t":"idOrVar","v":"plural"},"numDups"]},{"$i":"pincode2","$v":"Упишите PIN"},{"$i":"type_pin","$v":"Упишите свој PIN"},{"$i":"pincodeLabel","$v":["SIM ",{"t":"idOrVar","v":"n"}," PIN"]},{"$i":"pinValidation","$v":"PIN мора имати између 4 и 8 карактера."},{"$i":"pinError","$v":"Неисправан PIN код."},{"$i":"pinAttemptMsg2","$v":{"one":"Имате још један покушај да унесете исправан код пре него што се SIM картица закључа.","two":["Имате још ",{"t":"idOrVar","v":"n"}," покушаја да унесете исправан код пре него што се SIM картица закључа."],"few":["Имате још ",{"t":"idOrVar","v":"n"}," покушаја да унесете исправан код пре него што се SIM картица закључа."],"many":["Имате још ",{"t":"idOrVar","v":"n"}," покушаја да унесете исправан код пре него што се SIM картица закључа."],"other":["Имате још ",{"t":"idOrVar","v":"n"}," покушаја да унесете исправан код пре него што се SIM картица закључа."]},"$x":[{"t":"idOrVar","v":"plural"},"n"]},{"$i":"pinLastChanceMsg","$v":"Ово Вам је последња шанса да унесете исправан PIN. У супротном, морате унети PUK код да бисте користили SIM картицу."},{"$i":"pukcode","$v":"Унесите PUK код"},{"$i":"pukcodeTitle","$v":["Упишите SIM ",{"t":"idOrVar","v":"n"}," PUK"]},{"$i":"pukcodeLabel","$v":["SIM ",{"t":"idOrVar","v":"n"}," PUK"]},{"$i":"type_puk","$v":"PUK код"},{"$i":"pukValidation","$v":"PUK код мора имати тачно 8 карактера."},{"$i":"pukInfo","$v":"Морате унети лични кључ за откључавање (PUK) за SIM картицу. Прочитајте пропратну документацију или контактирајте мрежног оператера за више информација."},{"$i":"pukError","$v":"PUK је неисправан."},{"$i":"pukAttemptMsg2","$v":{"one":"Имате још један покушај да унесете исправан код пре него што SIM картица буде трајно неупотребљива. Прочитајте пропратну документацију или контактирајте мрежног оператера за више информација.","two":["Имате још ",{"t":"idOrVar","v":"n"}," покушаја да унесете исправан код пре него што SIM картица буде трајно неупотребљива. Прочитајте пропратну документацију или контактирајте мрежног оператера за више информација."],"few":["Имате још ",{"t":"idOrVar","v":"n"}," покушаја да унесете исправан код пре него што SIM картица буде трајно неупотребљива. Прочитајте пропратну документацију или контактирајте мрежног оператера за више информација."],"many":["Имате још ",{"t":"idOrVar","v":"n"}," покушаја да унесете исправан код пре него што SIM картица буде трајно неупотребљива. Прочитајте пропратну документацију или контактирајте мрежног оператера за више информација."],"other":["Имате још ",{"t":"idOrVar","v":"n"}," покушаја да унесете исправан код пре него што SIM картица буде трајно неупотребљива. Прочитајте пропратну документацију или контактирајте мрежног оператера за више информација."]},"$x":[{"t":"idOrVar","v":"plural"},"n"]},{"$i":"pukLastChanceMsg","$v":"Ово је Ваша последња шанса за унос исправног PUK кода. Ваша SIM картица ће бити заувек неупотребљива ако још једном унесете погрешан PUK код."},{"$i":"create_newpin","$v":"Направите нови PIN (4-8 бројева)"},{"$i":"confirm_newpin","$v":"Потврдите нови PIN"},{"$i":"newpinConfirmation","$v":"PIN кодови нису исти"},{"$i":"nckcode","$v":"Унесите NCK код"},{"$i":"cckcode","$v":"Унесите CCK код"},{"$i":"spckcode","$v":"Унесите SPCK код"},{"$i":"nck1code","$v":"Унесите NCK1 код"},{"$i":"nck2code","$v":"Унесите NCK2 код"},{"$i":"hnckcode","$v":"Унесите HNCK код"},{"$i":"rcckcode","$v":"Унесите RCCK код"},{"$i":"rspckcode","$v":"Унесите RSPCK код"},{"$i":"nckcodeTitle","$v":["Унесите SIM ",{"t":"idOrVar","v":"n"}," NCK"]},{"$i":"cckcodeTitle","$v":["Унесите SIM ",{"t":"idOrVar","v":"n"}," CCK"]},{"$i":"spckcodeTitle","$v":["Унесите SIM ",{"t":"idOrVar","v":"n"}," SPCK"]},{"$i":"nck1codeTitle","$v":["Унесите SIM ",{"t":"idOrVar","v":"n"}," NCK1"]},{"$i":"nck2codeTitle","$v":["Унесите SIM ",{"t":"idOrVar","v":"n"}," NCK2"]},{"$i":"hnckcodeTitle","$v":["Унесите SIM ",{"t":"idOrVar","v":"n"}," HNCK"]},{"$i":"rcckcodeTitle","$v":["Унесите SIM ",{"t":"idOrVar","v":"n"}," RCCK"]},{"$i":"rspckcodeTitle","$v":["Унесите SIM ",{"t":"idOrVar","v":"n"}," RSPCK"]},{"$i":"nckcodeLabel","$v":["SIM ",{"t":"idOrVar","v":"n"}," NCK"]},{"$i":"cckcodeLabel","$v":["SIM ",{"t":"idOrVar","v":"n"}," CCK"]},{"$i":"spckcodeLabel","$v":["SIM ",{"t":"idOrVar","v":"n"}," SPCK"]},{"$i":"nck1codeLabel","$v":["SIM ",{"t":"idOrVar","v":"n"}," NCK1"]},{"$i":"nck2codeLabel","$v":["SIM ",{"t":"idOrVar","v":"n"}," NCK2"]},{"$i":"hnckcodeLabel","$v":["SIM ",{"t":"idOrVar","v":"n"}," HNCK"]},{"$i":"rcckcodeLabel","$v":["SIM ",{"t":"idOrVar","v":"n"}," RCCK"]},{"$i":"rspckcodeLabel","$v":["SIM ",{"t":"idOrVar","v":"n"}," RSPCK"]},{"$i":"type_nck","$v":"Упишите свој NCK код"},{"$i":"type_cck","$v":"Упишите свој CCK код"},{"$i":"type_spck","$v":"Упишите свој SPCK код"},{"$i":"type_nck1","$v":"Упишите свој NCK1 код"},{"$i":"type_nck2","$v":"Упишите свој NCK2 код"},{"$i":"type_hnck","$v":"Упишите свој HNCK код"},{"$i":"type_rcck","$v":"Упишите свој RCCK код"},{"$i":"type_rspck","$v":"Упишите свој RSPCK код"},{"$i":"nckValidation","$v":"NCK код мора имати између 8 и 16 карактера."},{"$i":"cckValidation","$v":"CCK код мора имати између 8 и 16 карактера."},{"$i":"spckValidation","$v":"SPCK код мора имати између 8 и 16 карактера."},{"$i":"nck1Validation","$v":"NCK1 код мора имати између 8 и 16 карактера."},{"$i":"nck2Validation","$v":"NCK2 код мора имати између 8 и 16 карактера."},{"$i":"hnckValidation","$v":"HNCK код мора имати између 8 и 16 карактера."},{"$i":"rcckValidation","$v":"RCCK код мора имати између 8 и 16 карактера."},{"$i":"rspckValidation","$v":"RSPCK код мора имати између 8 и 16 карактера."},{"$i":"nckErrorMsg","$v":"Неисправан NCK код."},{"$i":"nckAttemptMsg2","$v":{"one":"Захтев за откључавање телефона није успешан. Имате још један покушај да унесете исправан код. Прочитајте пропратну документацију или контактирајте мрежног оператера за више информација.","two":["Захтев за откључавање телефона није успешан. Имате још ",{"t":"idOrVar","v":"n"}," покушаја да унесете исправан код. Прочитајте пропратну документацију или контактирајте мрежног оператера за више информација."],"few":["Захтев за откључавање телефона није успешан. Имате још ",{"t":"idOrVar","v":"n"}," покушаја да унесете исправан код. Прочитајте пропратну документацију или контактирајте мрежног оператера за више информација."],"many":["Захтев за откључавање телефона није успешан. Имате још ",{"t":"idOrVar","v":"n"}," покушаја да унесете исправан код. Прочитајте пропратну документацију или контактирајте мрежног оператера за више информација."],"other":["Захтев за откључавање телефона није успешан. Имате још ",{"t":"idOrVar","v":"n"}," покушаја да унесете исправан код. Прочитајте пропратну документацију или контактирајте мрежног оператера за више информација."]},"$x":[{"t":"idOrVar","v":"plural"},"n"]},{"$i":"nckLastChanceMsg","$v":"Захтев за откључавање телефона није успешан. Ово је последња шанса да унесете исправан NCK код. Прочитајте пропратну документацију или контактирајте мрежног оператера за више информација."},{"$i":"skip","$v":"Прескочи"},{"$i":"send","$v":"Пошаљи"},{"$i":"ok","$v":"У реду"},{"$i":"simLocked","$v":"SIM картица је закључана"},{"$i":"inputCodeRetriesLeft","$v":{"one":"последњи покушај.","two":["преостало ",{"t":"idOrVar","v":"n"}," покушаја."],"few":["преостало ",{"t":"idOrVar","v":"n"}," покушаја."],"many":["преостало ",{"t":"idOrVar","v":"n"}," покушаја."],"other":["преостало ",{"t":"idOrVar","v":"n"}," покушаја."]},"$x":[{"t":"idOrVar","v":"plural"},"n"]},{"$i":"simManager","$v":"SIM управљач"},{"$i":"simDetail","$v":["SIM ",{"t":"idOrVar","v":"n"}]},{"$i":"simDefault","$v":"(подрзумевана)"},{"$i":"simDefaultMessage","$v":"Одлазни позиви, одлазне поруке и везе података су по подразумеваном постављени на SIM 1"},{"$i":"simSettingsMessage","$v":"Можете променити подразумеванa подешавања: Поставке > Управљач SIM картицама "},{"$i":"simPinLocked","$v":"SIM PIN закључан"},{"$i":"noOperator","$v":"Нема оператера"},{"$i":"searchingOperator","$v":"Претражујем"},{"$i":"language","$v":"Језик"},{"$i":"3g","$v":"Мобилни подаци"},{"$i":"dataConnection","$v":"Пренос података"},{"$i":"dataConnectionInfo","$v":"Омогућавање преноса података ће Вам омогућити да подесите свој телефон без Wi-Fi мреже. Можете је омогућити и касније у поставкама. Само се постарајте да имате добар пакет услуга са својим мрежним оператером како бисте избегли плаћање високих накнада."},{"$i":"caution","$v":"Упозорење"},{"$i":"geolocation","$v":"Геолокација"},{"$i":"geolocationCheckbox","$v":"Геолокација"},{"$i":"geolocationInfo2","$v":[{"t":"idOrVar","v":"brandShortName"}," користи податке мобилне мреже, GPS и Wi-Fi податке како би открили Вашу локацију."]},{"$i":"geolocationInfoMore","$v":"Подаци се шаљу Mozilla фондацији и осталим пружаоцима ових услуга и биће коришћени за употпуњавање базе података о локацијама. Подаци могу бити смештени на Вашем уређају и могу бити послати чак иако ни једна апликација није покренута."},{"$i":"notice","$v":"Обавештење"},{"$i":"aboutYourPrivacy","$v":"Више о Вашој приватности"},{"$i":"scanningNetworks","$v":"Тражим мреже"},{"$i":"selectNetwork","$v":"Одаберите мрежу"},{"$i":"shortStatus-connecting","$v":"Повезивање…"},{"$i":"shortStatus-associated","$v":"Добављање IP адресе…"},{"$i":"shortStatus-connected","$v":"Повезано"},{"$i":"shortStatus-connectingfailed","$v":"Повезивањe није успело"},{"$i":"shortStatus-disconnected","$v":"Ван мреже"},{"$i":"securedBy","$v":["осигурано од стране ",{"t":"idOrVar","v":"capabilities"}]},{"$i":"security","$v":"Сигурност"},{"$i":"securityNone","$v":"Нема"},{"$i":"securityWEP","$v":"WEP"},{"$i":"securityWPA-PSK","$v":"WPA-PSK"},{"$i":"securityWPA-EAP","$v":"WPA-EAP"},{"$i":"securityOpen","$v":"Отворено","ariaLabel":"Сигурност"},{"$i":"identity","$v":"Корисник"},{"$i":"identityInput","placeholder":"Корисник"},{"$i":"password","$v":"Лозинка"},{"$i":"passwordInput","placeholder":"Лозинка"},{"$i":"showPassword","$v":"Прикажи лозинку"},{"$i":"refresh","$v":"Освежи"},{"$i":"noWifiFound3","$v":"Ни једна бежична мрежа није нађена"},{"$i":"join-hidden-button","$v":"Скривена мрежа"},{"$i":"authentication","$v":"Аутентификација"},{"$i":"ssid-name","$v":"SSID назив мреже"},{"$i":"wifiLevel","ariaLabel":[{"t":"idOrVar","v":"level"}," од 4 цртица"]},{"$i":"networksList","ariaLabel":"Пронађене мреже"},{"$i":"dateAndTime","$v":"Датум и време"},{"$i":"timezoneTitle","$v":["UTC",{"t":"idOrVar","v":"utcOffset"}," ",{"t":"idOrVar","v":"region"},"/",{"t":"idOrVar","v":"city"}]},{"$i":"timeZone","$v":"Временска зона"},{"$i":"change","$v":"Промени"},{"$i":"region","ariaLabel":"Регион"},{"$i":"city","ariaLabel":"Град"},{"$i":"date","ariaLabel":"Датум"},{"$i":"time","ariaLabel":"Време"},{"$i":"importContacts3","$v":"Увези контакте"},{"$i":"importSim2","$v":"SIM картице"},{"$i":"importFb2","$v":"Facebook-а"},{"$i":"importOutlook","$v":"Outlook-а"},{"$i":"importGmail","$v":"Gmail-а"},{"$i":"fb-checking","$v":"… провера"},{"$i":"notImportedYet","$v":"Још нису увезени"},{"$i":"otherAccount","$v":"Остали налози"},{"$i":"afterFbImport","$v":"У поставкама контаката можете у било којем тренутку увести и уредити своје Facebook пријатеље"},{"$i":"firefox-accounts","$v":"Firefox налози"},{"$i":"fxa-upsell","innerHTML":"Firefox налог Вам омогућава да пронађете изгубљени телефон или да купите апликације са Firefox Marketplace-а."},{"$i":"fxa-create-account-or-sign-in","$v":"Направи налог или се пријави"},{"$i":"fxa-email-sent","$v":["Верификациона веза је послата на е-пошту ",{"t":"idOrVar","v":"email"}]},{"$i":"fxa-signed-in","$v":["Пријављен као ",{"t":"idOrVar","v":"email"}]},{"$i":"about-your-rights-0","$v":[{"t":"idOrVar","v":"brandShortName"}," је направљен од стране хиљада људи из глобалне заједнице. Неколико ствари би требало да знате:"]},{"$i":"about-your-rights-1","$v":[{"t":"idOrVar","v":"brandShortName"}," је доступан под условима неколико отворених лиценци укључујући јавну лиценцу Mozilla фондацијe. Уређај који покреће ",{"t":"idOrVar","v":"brandShortName"}," такође може садржати софтвер који је власништво трећих лица. Сав код који је под отвореним лиценцама Вам даје за право да измените изворни код и прослеђујете своју модификовану верзију истог док год се придржавате услова лиценци."]},{"$i":"about-your-rights-2","$v":["Нису Вам одобрена било каква права или лиценце које се односе на заштитни знак Mozilla фондације или трећих лица, укључујући ",{"t":"idOrVar","v":"brandShortName"}," назив или логотип."]},{"$i":"about-your-rights-3","$v":["Неке могућности у ",{"t":"idOrVar","v":"brandShortName"},", као што је извештач о грешкама, Вам пружају могућност да пошаљете повратне информације Mozilla фондацији. Ако одлучите да пошаљете повратне информације, тиме дајете Mozilla фондацији дозволу да користи те информације у циљу побољшања својих производа, да објави те информације на свом сајту као и да их дели."]},{"$i":"about-other","$v":"Остало"},{"$i":"SIM_mandatory","$v":"Упозорење SIM картице"},{"$i":"SIM_mandatory_warm","$v":"Молим Вас, уметните SIM картицу и поново покрените телефон."},{"$i":"telemetry-sends2","$v":["Телеметрија шаље Mozilla фондацији информације о перформансама, хардверу, конфигурацији, коришћењу апликација и подешавањима Вашег ",{"t":"idOrVar","v":"brandShortName"}," уређаја. Ове информације користимо да бисмо унапредили наше производе, учинили их бржим и ефикаснијим."]},{"$i":"learn-more-telemetry2","innerHTML":["Сазнајте више на <a href=\"",{"t":"idOrVar","v":"href"},"\" class=\"",{"t":"idOrVar","v":"className"},"\">",{"t":"idOrVar","v":"textContent"},"</a>"]},{"$i":"learn-more-information2","innerHTML":["Сазнајте како Mozilla рукује са информацијама на <a href=\"",{"t":"idOrVar","v":"href"},"\" class=\"",{"t":"idOrVar","v":"className"},"\">",{"t":"idOrVar","v":"textContent"},"</a>"]},{"$i":"htmlWelcome2","innerHTML":["Добродошли у <a href=\"",{"t":"idOrVar","v":"href"},"\" class=\"",{"t":"idOrVar","v":"className"},"\">",{"t":"idOrVar","v":"textContent"},"</a>, бесплатан оперативни систем отвореног кода од Mozilla-е. Наша мисија је промовисање отворености, иновације и могућности тако што остављамо сву моћ веба у Вашим рукама."]},{"$i":"htmlWelcome-link","$v":[{"t":"idOrVar","v":"brandShortName"}]},{"$i":"helpImprove2","innerHTML":["Можете нам помоћи да унапредимо наше производе и услуге тако што ћете нам аутоматским слати аналитичке податке. Погледајте <a href=\"",{"t":"idOrVar","v":"href"},"\" class=\"",{"t":"idOrVar","v":"className"},"\">",{"t":"idOrVar","v":"textContent"},"</a> да бисте сазнали шта радимо са подацима са Вашег уређаја."]},{"$i":"helpImprove-link","$v":"Обавештење о приватности"},{"$i":"learn-more-privacy2","innerHTML":["Сазнајте како Mozilla рукује са информацијама у нашој <a href=\"",{"t":"idOrVar","v":"href"},"\" class=\"",{"t":"idOrVar","v":"className"},"\">",{"t":"idOrVar","v":"textContent"},"</a>."]},{"$i":"learn-more-privacy-link","$v":"полиси приватности"},{"$i":"aboutBrowser","$v":["О ",{"t":"idOrVar","v":"brandShortName"}]},{"$i":"aboutYourPrivacy2","$v":"Ваша приватност"},{"$i":"mozillaCommunity2","$v":["Када користите ",{"t":"idOrVar","v":"brandShortName"},", постајете део глобалне заједнице која помаже у изградњи светлије будућности веба. Ако желите да сазнате више о Mozilla заједници, нашим пројектима и догађајима близу Вас, молимo Вас унесите адресу своје е-поште у поље испод."]},{"$i":"sharePerformanceAndUsageData2","$v":"Да! Пошаљи податке."},{"$i":"emailAddress","placeholder":"Адреса е-поште"},{"$i":"email-successfully-added","$v":"Адреса је успешно додата"},{"$i":"email-loading","$v":"Памћење Ваше е-поште…"},{"$i":"privacy-b2g","$v":[{"t":"idOrVar","v":"brandShortName"}],"title":[{"t":"idOrVar","v":"brandShortName"}]},{"$i":"privacy-marketplace","$v":"Marketplace","title":[{"t":"idOrVar","v":"privacy-marketplace"}]},{"$i":"privacy-eme","$v":"EverythingMe"},{"$i":"privacy-e-me","title":[{"t":"idOrVar","v":"privacy-e-me"}]},{"$i":"navbar-back","$v":"Назад"},{"$i":"navbar-next","$v":"Следеће"},{"$i":"navbar-join","$v":"Прикључи се"},{"$i":"done","$v":"Готово"},{"$i":"thatsIt","$v":"То је то!"},{"$i":"startYourPhone","$v":"Упознајте се са телефоном!"},{"$i":"startYourTablet","$v":"Започните водич за Ваш таблет!"},{"$i":"joinTutorial","$v":"Погледајте брзо упутство за Ваш нов телефон."},{"$i":"joinTutorialUpdated","$v":"Погледајте брзо упутство о надоградњама за Ваш телефон!"},{"$i":"enjoyYourPhone","$v":"Спремни сте да уживате користећи свој нов телефон."},{"$i":"enjoyYourPhoneUpdated","$v":"Спремни сте да уживате користећи Ваш надограђени телефон."},{"$i":"optionsAvailable","$v":"У поставкама можете променити језик, датум/време и Wi-Fi."},{"$i":"letsGo","$v":"Идемо"},{"$i":"startTour","$v":"Започни водич"},{"$i":"thatsIt1Tablet-2","$v":"Увек можете да превучете са доње ивице да бисте дошли на почетни екран."},{"$i":"thatsIt2Tablet-2","$v":"Хајде да то урадимо!"},{"$i":"tutorial","$v":"Водич"},{"$i":"tutorial-step1-large-3","$v":"Превуците прстом на доле да бисте приступили скоријим обавештењима, информацијама о коришћењу и поставкама."},{"$i":"tutorial-step2-large-2","$v":"Превуците прстом лево или десно да бисте открили нове апликације на почетном екрану."},{"$i":"tutorial-step3-large-2","$v":"Притисните и држите прстом неку иконицу апликације да бисте је избрисали или померили."},{"$i":"tutorial-step4-large-2","$v":"Превуците са два прста од доле да бисте активирали приказ картице."},{"$i":"tutorial-vertical-scroll-v2-tiny","$v":"Превуците прстом на горе или на доле да бисте прегледали Ваше апликације. Притисните и држите иконицу да бисте је преместили, избрисали или уредили."},{"$i":"tutorial-notifications-v2-tiny","$v":"Превуците прстом на доле да бисте видели недавна обавештења, информације о коришћењу и поставке."},{"$i":"tutorial-sheets-tiny","$v":"Превуците прстом са леве ивице екрана да се вратите на недавно коришћене апликације."},{"$i":"tutorial-rocketbar-tiny","$v":"Притисните на поље за претрагу било када да бисте започели претрагу или отишли на сајт."},{"$i":"tutorial-bookmarks-migration-tiny","$v":"Ваше забелешке су премештене на почетни екран. При уређивању, притисните на забелешку да бисте је уредили или преименовали."},{"$i":"tutorial-app-grouping-tiny","$v":"Притисните да бисте проширили и скупили групе апликација. Превуците апликацију у нови простор да бисте направили групу."},{"$i":"offline-dialog-title","$v":"Морате бити повезани на интернет да бисте видели страницу."},{"$i":"offline-dialog-text","$v":["Молим Вас повежите се на интернет. Ову страницу можете такође погледати касније из менија поставки или ако унесете адресу ",{"t":"idOrVar","v":"url"}," у било који прегледач интернета."]},{"$i":"OK","$v":"У реду"},{"$i":"offline-newsletter-dialog-title","$v":"Морате бити повезани на интернет да бисте се пријавили на билтен."},{"$i":"offline-newsletter-dialog-text","$v":"Молим Вас повежите се на интернет."},{"$i":"invalid-email-dialog-title","$v":"Адреса Ваше е-поште није исправна"},{"$i":"invalid-email-dialog-text","$v":"Молим Вас вратите се и исправите унос."},{"$i":"retry","$v":"Покушај"},{"$i":"cancel","$v":"Откажи"},{"$i":"progressbar","$v":["Корак ",{"t":"idOrVar","v":"step"}," од ",{"t":"idOrVar","v":"total"}],"ariaLabel":"Прво искуство"},{"$i":"weekday-0-long","$v":"Недеља"},{"$i":"weekday-1-long","$v":"Понедељак"},{"$i":"weekday-2-long","$v":"Уторак"},{"$i":"weekday-3-long","$v":"Среда"},{"$i":"weekday-4-long","$v":"Четвртак"},{"$i":"weekday-5-long","$v":"Петак"},{"$i":"weekday-6-long","$v":"Субота"},{"$i":"weekday-0-short","$v":"Нед"},{"$i":"weekday-1-short","$v":"Пон"},{"$i":"weekday-2-short","$v":"Уто"},{"$i":"weekday-3-short","$v":"Сре"},{"$i":"weekday-4-short","$v":"Чет"},{"$i":"weekday-5-short","$v":"Пет"},{"$i":"weekday-6-short","$v":"Суб"},{"$i":"month-0-long","$v":"јануар"},{"$i":"month-1-long","$v":"фебруар"},{"$i":"month-2-long","$v":"март"},{"$i":"month-3-long","$v":"април"},{"$i":"month-4-long","$v":"мај"},{"$i":"month-5-long","$v":"јун"},{"$i":"month-6-long","$v":"јул"},{"$i":"month-7-long","$v":"август"},{"$i":"month-8-long","$v":"септембар"},{"$i":"month-9-long","$v":"октобар"},{"$i":"month-10-long","$v":"новембар"},{"$i":"month-11-long","$v":"децембар"},{"$i":"month-0-genitive","$v":"јануара"},{"$i":"month-1-genitive","$v":"фебруара"},{"$i":"month-2-genitive","$v":"марта"},{"$i":"month-3-genitive","$v":"априла"},{"$i":"month-4-genitive","$v":"маја"},{"$i":"month-5-genitive","$v":"јуна"},{"$i":"month-6-genitive","$v":"јула"},{"$i":"month-7-genitive","$v":"августа"},{"$i":"month-8-genitive","$v":"септембра"},{"$i":"month-9-genitive","$v":"октобра"},{"$i":"month-10-genitive","$v":"новембра"},{"$i":"month-11-genitive","$v":"децембра"},{"$i":"month-0-short","$v":"јан"},{"$i":"month-1-short","$v":"феб"},{"$i":"month-2-short","$v":"мар"},{"$i":"month-3-short","$v":"апр"},{"$i":"month-4-short","$v":"мај"},{"$i":"month-5-short","$v":"јун"},{"$i":"month-6-short","$v":"јул"},{"$i":"month-7-short","$v":"авг"},{"$i":"month-8-short","$v":"сеп"},{"$i":"month-9-short","$v":"окт"},{"$i":"month-10-short","$v":"нов"},{"$i":"month-11-short","$v":"дец"},{"$i":"minutes-ago-long","$v":{"zero":"управо","one":"пре минут","two":["пре ",{"t":"idOrVar","v":"value"}," минута"],"few":["пре ",{"t":"idOrVar","v":"value"}," минута"],"many":["пре ",{"t":"idOrVar","v":"value"}," минута"],"other":["пре ",{"t":"idOrVar","v":"value"}," минута"]},"$x":[{"t":"idOrVar","v":"plural"},"value"]},{"$i":"hours-ago-long","$v":{"zero":"управо","one":"пре сат времена","two":["пре ",{"t":"idOrVar","v":"value"}," сата"],"few":["пре ",{"t":"idOrVar","v":"value"}," сати"],"many":["пре ",{"t":"idOrVar","v":"value"}," сати"],"other":["пре ",{"t":"idOrVar","v":"value"}," сати"]},"$x":[{"t":"idOrVar","v":"plural"},"value"]},{"$i":"days-ago-long","$v":{"zero":"данас","one":"јуче","two":["пре ",{"t":"idOrVar","v":"value"}," дана"],"few":["пре ",{"t":"idOrVar","v":"value"}," дана"],"many":["пре ",{"t":"idOrVar","v":"value"}," дана"],"other":["пре ",{"t":"idOrVar","v":"value"}," дана"]},"$x":[{"t":"idOrVar","v":"plural"},"value"]},{"$i":"weeks-ago-long","$v":{"zero":"ове недеље","one":"прошле недеље","two":["пре ",{"t":"idOrVar","v":"value"}," недеље"],"few":["пре ",{"t":"idOrVar","v":"value"}," недеља"],"many":["пре ",{"t":"idOrVar","v":"value"}," недеља"],"other":["пре ",{"t":"idOrVar","v":"value"}," недеља"]},"$x":[{"t":"idOrVar","v":"plural"},"value"]},{"$i":"months-ago-long","$v":{"zero":"овог месеца","one":"прошлог месеца","two":["пре ",{"t":"idOrVar","v":"value"}," месеца"],"few":["пре ",{"t":"idOrVar","v":"value"}," месеци"],"many":["пре ",{"t":"idOrVar","v":"value"}," месеци"],"other":["пре ",{"t":"idOrVar","v":"value"}," месеци"]},"$x":[{"t":"idOrVar","v":"plural"},"value"]},{"$i":"years-ago-long","$v":{"zero":"ове године","one":"прошле године","two":["пре ",{"t":"idOrVar","v":"value"}," године"],"few":["пре ",{"t":"idOrVar","v":"value"}," година"],"many":["пре ",{"t":"idOrVar","v":"value"}," година"],"other":["пре ",{"t":"idOrVar","v":"value"}," година"]},"$x":[{"t":"idOrVar","v":"plural"},"value"]},{"$i":"minutes-until-long","$v":{"zero":"управо","one":"за један минут","two":["за ",{"t":"idOrVar","v":"value"}," минута"],"few":["за ",{"t":"idOrVar","v":"value"}," минута"],"many":["за ",{"t":"idOrVar","v":"value"}," минута"],"other":["за ",{"t":"idOrVar","v":"value"}," минута"]},"$x":[{"t":"idOrVar","v":"plural"},"value"]},{"$i":"hours-until-long","$v":{"zero":"управо","one":"за сат времена","two":["за ",{"t":"idOrVar","v":"value"}," сата"],"few":["за ",{"t":"idOrVar","v":"value"}," сати"],"many":["за ",{"t":"idOrVar","v":"value"}," сати"],"other":["за ",{"t":"idOrVar","v":"value"}," сати"]},"$x":[{"t":"idOrVar","v":"plural"},"value"]},{"$i":"days-until-long","$v":{"zero":"данас","one":"сутра","two":["за ",{"t":"idOrVar","v":"value"}," дана"],"few":["за ",{"t":"idOrVar","v":"value"}," дана"],"many":["за ",{"t":"idOrVar","v":"value"}," дана"],"other":["за ",{"t":"idOrVar","v":"value"}," дана"]},"$x":[{"t":"idOrVar","v":"plural"},"value"]},{"$i":"weeks-until-long","$v":{"zero":"ове недеље","one":"следеће недеље","two":["за ",{"t":"idOrVar","v":"value"}," недеље"],"few":["за ",{"t":"idOrVar","v":"value"}," недеља"],"many":["за ",{"t":"idOrVar","v":"value"}," недеља"],"other":["за ",{"t":"idOrVar","v":"value"}," недеља"]},"$x":[{"t":"idOrVar","v":"plural"},"value"]},{"$i":"months-until-long","$v":{"zero":"овог месеца","one":"следећег месеца","two":["за ",{"t":"idOrVar","v":"value"}," месеца"],"few":["за ",{"t":"idOrVar","v":"value"}," месеци"],"many":["за ",{"t":"idOrVar","v":"value"}," месеци"],"other":["за ",{"t":"idOrVar","v":"value"}," месеци"]},"$x":[{"t":"idOrVar","v":"plural"},"value"]},{"$i":"years-until-long","$v":{"zero":"ове године","one":"следеће године","two":["за ",{"t":"idOrVar","v":"value"}," године"],"few":["за ",{"t":"idOrVar","v":"value"}," година"],"many":["за ",{"t":"idOrVar","v":"value"}," година"],"other":["за ",{"t":"idOrVar","v":"value"}," година"]},"$x":[{"t":"idOrVar","v":"plural"},"value"]},{"$i":"minutes-ago-short","$v":{"zero":"управо","other":["пре ",{"t":"idOrVar","v":"value"},"м"]},"$x":[{"t":"idOrVar","v":"plural"},"value"]},{"$i":"hours-ago-short","$v":{"zero":"управо","other":["пре ",{"t":"idOrVar","v":"value"},"с"]},"$x":[{"t":"idOrVar","v":"plural"},"value"]},{"$i":"days-ago-short","$v":{"zero":"данас","other":["пре ",{"t":"idOrVar","v":"value"},"д"]},"$x":[{"t":"idOrVar","v":"plural"},"value"]},{"$i":"minutes-until-short","$v":{"zero":"управо","other":["за ",{"t":"idOrVar","v":"value"},"м"]},"$x":[{"t":"idOrVar","v":"plural"},"value"]},{"$i":"hours-until-short","$v":{"zero":"управо","other":["за ",{"t":"idOrVar","v":"value"},"с"]},"$x":[{"t":"idOrVar","v":"plural"},"value"]},{"$i":"days-until-short","$v":{"zero":"данас","other":["за ",{"t":"idOrVar","v":"value"},"д"]},"$x":[{"t":"idOrVar","v":"plural"},"value"]},{"$i":"incorrectDate","$v":"(нетачан датум)"},{"$i":"dateTimeFormat_%c","$v":"%a %e %b %Y %H:%M:%S"},{"$i":"dateTimeFormat_%x","$v":"%d.%m.%Y"},{"$i":"dateTimeFormat_%X","$v":"%H:%M:%S"},{"$i":"shortTimeFormat","$v":"%H:%M"},{"$i":"shortTimeFormat12","$v":"%I:%M %p"},{"$i":"shortTimeFormat24","$v":"%H:%M"},{"$i":"shortDateTimeFormat","$v":"%x %H:%M"},{"$i":"weekStartsOnMonday","$v":"1"},{"$i":"firstDayOfTheWeek","$v":"1"},{"$i":"time_am","$v":"AM"},{"$i":"time_pm","$v":"PM"},{"$i":"tz-region","$v":"Регион"},{"$i":"tz-city","$v":"Град"},{"$i":"tzRegion-Africa","$v":"Африка"},{"$i":"tzRegion-America","$v":"Америка"},{"$i":"tzRegion-Antarctica","$v":"Антарктик"},{"$i":"tzRegion-Asia","$v":"Азија"},{"$i":"tzRegion-Atlantic","$v":"Атлантски океан"},{"$i":"tzRegion-Australia","$v":"Аустралија"},{"$i":"tzRegion-Europe","$v":"Европа"},{"$i":"tzRegion-Indian","$v":"Индијски океан"},{"$i":"tzRegion-Pacific","$v":"Пацифик"},{"$i":"close","$v":"Затвори"},{"$i":"import","$v":"Увези"},{"$i":"update","$v":"Ажурирај"},{"$i":"fbFriends","$v":"FB пријатељи"},{"$i":"live-serviceName","$v":"Outlook"},{"$i":"gmail-serviceName","$v":"Gmail"},{"$i":"facebook-serviceName","$v":"FB пријатељи"},{"$i":"selectAll","$v":"Означи све"},{"$i":"deselectAll","$v":"Одзначи све"},{"$i":"viewAll","$v":"Погледај све Facebook пријатеље"},{"$i":"viewRecommend","$v":"Погледај само препоручене"},{"$i":"linkProposal","$v":{"zero":"Нема подударања. Приказују се сви","one":"Одабери препорученог","two":"Одабери препорученог","many":"Одабери препорученог","few":"Одабери препорученог","other":"Одабери препорученог"},"$x":[{"t":"idOrVar","v":"plural"},"numFriends"]},{"$i":"fbFriendsFound","$v":{"zero":"Сви пријатељи су увезени","one":"Пронађен један пријатељ за увоз","two":["Пронађена ",{"t":"idOrVar","v":"numFriends"}," пријатеља за увоз"],"few":["Пронађено ",{"t":"idOrVar","v":"numFriends"}," пријатеља за увоз"],"many":["Пронађено ",{"t":"idOrVar","v":"numFriends"}," пријатеља за увоз"],"other":["Пронађено ",{"t":"idOrVar","v":"numFriends"}," пријатеља за увоз"]},"$x":[{"t":"idOrVar","v":"plural"},"numFriends"]},{"$i":"fbNoFriends","$v":"Нема доступних контаката за увоз"},{"$i":"search-contact","placeholder":"Претрага"},{"$i":"noResults","$v":"Нема пронађених контаката"},{"$i":"done-search","$v":"Готово"},{"$i":"progressFB3ImportTitle","$v":"Увожење пријатеља у контакте"},{"$i":"progressFB","$v":[{"t":"idOrVar","v":"current"},"/",{"t":"idOrVar","v":"total"}]},{"$i":"progressFB3UpdateTitle","$v":"Ажурирање пријатеља у контактима"},{"$i":"message2","$v":"Ово би могло потрајати неколико минута"},{"$i":"messageLinking","$v":"Молим Вас сачекајте. Повезујемо Вашег пријатеља и Ваш контакт."},{"$i":"messageCanceling","$v":"Молим Вас сачекајте. Прекидамо текућу операцију."},{"$i":"error1","$v":["Грешка ",{"t":"idOrVar","v":"from"}]},{"$i":"error2","$v":"Да ли желите да покушате поново?"},{"$i":"errorProposal","$v":"израчунавање предлога"},{"$i":"errorFriends","$v":"враћам пријатеље"},{"$i":"errorLinking","$v":"повезивање контакта"},{"$i":"timeout1","$v":["Истекло време чекања ",{"t":"idOrVar","v":"from"}]},{"$i":"timeout2","$v":"Да ли желите да покушате поново?"},{"$i":"timeoutProposal","$v":"израчунавање предлога"},{"$i":"timeoutFriends","$v":"враћам пријатеље"},{"$i":"timeoutLinking","$v":"повезивање контаката"},{"$i":"wait1","$v":"Молим Вас сачекајте"},{"$i":"wait2","$v":"Ово може да потраје неколико минута"},{"$i":"waitProposal","$v":"Молим Вас сачекајте. Израчунавамо предлоге."},{"$i":"waitFriends","$v":"Молим Вас сачекајте. Повезујемо се да би добили Вашу листу пријатеља."},{"$i":"curtainCancel","$v":"Откажи"},{"$i":"curtainRetry","$v":"Покушај"},{"$i":"curtainOK","$v":"У реду"},{"$i":"connectionLost","$v":"Нема интернет конекције"},{"$i":"connectionLostMsg","$v":"Слике пријатеља неће бити додате Вашим контактима. Ипак наставити?"},{"$i":"yesOption","$v":"У реду"},{"$i":"noOption","$v":"Откажи"},{"$i":"friendsUpdated","$v":{"zero":"Нема ажурираних пријатеља","one":"Ажурирај једног пријатеља","two":["Ажурирај ",{"t":"idOrVar","v":"numFriends"}," пријатеља"],"few":["Ажурирај ",{"t":"idOrVar","v":"numFriends"}," пријатеља"],"many":["Ажурирај ",{"t":"idOrVar","v":"numFriends"}," пријатеља"],"other":["Ажурирај ",{"t":"idOrVar","v":"numFriends"}," пријатеља"]},"$x":[{"t":"idOrVar","v":"plural"},"numFriends"]},{"$i":"friendsMerged","$v":{"zero":"Нема дуплираних пријатеља","one":"Један дуплиран пријатељ је спојен","two":[{"t":"idOrVar","v":"numDups"}," пријатеља су спојена"],"few":[{"t":"idOrVar","v":"numDups"}," пријатеља је спојено"],"many":[{"t":"idOrVar","v":"numDups"}," пријатеља је спојено"],"other":[{"t":"idOrVar","v":"numDups"}," пријатеља је спојено"]},"$x":[{"t":"idOrVar","v":"plural"},"numDups"]},{"$i":"notificationLogin","$v":"Ваша Facebook сесија није исправна. Молим Вас пријавите се."},{"$i":"syncError","$v":"Настала је грешка током синхорнизације података Ваших пријатеља"}]