[{"$i":"brandShortName","$v":"B2G OS"},{"$i":"browserBrandShortName","$v":"Web Browser"},{"$i":"browserBrandFullName","$v":"Mozilla Web Browser"},{"$i":"ringtoneBrandName","$v":"Default"},{"$i":"ringtoneSectionBrandName","$v":"System"},{"$i":"back","$v":"Nazad"},{"$i":"noSimMsg","$v":"Da biste uvezli kontakte ubacite ili otključajte Vašu SIM karticu"},{"$i":"noMemoryCardMsg","$v":"Da biste uvezli kontakte ubacite memorijsku karticu"},{"$i":"importMemoryCard","$v":"Memorijske kartice"},{"$i":"noConnection11","$v":"Da biste uvezli prijatelje ili kontakte povežite se na Wi-Fi ili mrežu"},{"$i":"emptyAccount","$v":"Prijatelji ili kontakti nisu pronađeni na ovom nalogu."},{"$i":"simContacts-import","$v":"Uvezite kontakte sa SIM kartice"},{"$i":"simContacts-importing","$v":"Uvoženje kontakata sa SIM kartice…"},{"$i":"simContacts-reading","$v":"Čitanje sa SIM kartice…"},{"$i":"simContacts-error","$v":"Nemoguće je uvesti kontakte sa SIM kartice"},{"$i":"simContacts-imported3","$v":{"zero":"Ni jedan kontakt nije nađen na SIM kartici","one":"Uvezen je jedan kontakt","two":["Uvezena su ",{"t":"idOrVar","v":"n"}," kontakta"],"few":["Uvezeno je ",{"t":"idOrVar","v":"n"}," kontakata"],"many":["Uvezeno je ",{"t":"idOrVar","v":"n"}," kontakata"],"other":["Uvezeno je ",{"t":"idOrVar","v":"n"}," kontakata"]},"$x":[{"t":"idOrVar","v":"plural"},"n"]},{"$i":"memoryCardContacts-import","$v":"Uvoz kontakata sa memorijske kartice"},{"$i":"memoryCardContacts-importing","$v":"Uvoz kontakata sa memorijske kartice…"},{"$i":"memoryCardContacts-reading","$v":"Čitam sa memorijske kartice…"},{"$i":"memoryCardContacts-error","$v":"Nije moguće uvesti kontakte sa memorijske kartice"},{"$i":"memoryCardContacts-imported3","$v":{"zero":"Nisu pronađeni kontakti na memorijskoj kartici","one":"Uvezen jedan kontakt","two":["Uvezena ",{"t":"idOrVar","v":"n"}," kontakta"],"few":["Uvezeno ",{"t":"idOrVar","v":"n"}," kontakata"],"many":["Uvezeno ",{"t":"idOrVar","v":"n"}," kontakata"],"other":["Uvezeno ",{"t":"idOrVar","v":"n"}," kontakata"]},"$x":[{"t":"idOrVar","v":"plural"},"n"]},{"$i":"genericProgress","$v":[{"t":"idOrVar","v":"current"},"/",{"t":"idOrVar","v":"total"}]},{"$i":"facebook","$v":"Facebook"},{"$i":"facebook-import-msg2","$v":[{"t":"idOrVar","v":"imported"},"/",{"t":"idOrVar","v":"total"}," uvezeno"]},{"$i":"contactsMerged","$v":{"zero":"Nema dupliranih kontakata","one":"Jedan dupliran kontakt je spojen","two":[{"t":"idOrVar","v":"numDups"}," kontakta su spojena"],"few":[{"t":"idOrVar","v":"numDups"}," kontakata je spojeno"],"many":[{"t":"idOrVar","v":"numDups"}," kontakata je spojeno"],"other":[{"t":"idOrVar","v":"numDups"}," kontakata je spojeno"]},"$x":[{"t":"idOrVar","v":"plural"},"numDups"]},{"$i":"pincode2","$v":"Upišite PIN"},{"$i":"type_pin","$v":"Upišite svoj PIN"},{"$i":"pincodeLabel","$v":["SIM ",{"t":"idOrVar","v":"n"}," PIN"]},{"$i":"pinValidation","$v":"PIN mora imati između 4 i 8 karaktera."},{"$i":"pinError","$v":"Neispravan PIN kod."},{"$i":"pinAttemptMsg2","$v":{"one":"Imate još jedan pokušaj da unesete ispravan kod pre nego što se SIM kartica zaključa.","two":["Imate još ",{"t":"idOrVar","v":"n"}," pokušaja da unesete ispravan kod pre nego što se SIM kartica zaključa."],"few":["Imate još ",{"t":"idOrVar","v":"n"}," pokušaja da unesete ispravan kod pre nego što se SIM kartica zaključa."],"many":["Imate još ",{"t":"idOrVar","v":"n"}," pokušaja da unesete ispravan kod pre nego što se SIM kartica zaključa."],"other":["Imate još ",{"t":"idOrVar","v":"n"}," pokušaja da unesete ispravan kod pre nego što se SIM kartica zaključa."]},"$x":[{"t":"idOrVar","v":"plural"},"n"]},{"$i":"pinLastChanceMsg","$v":"Ovo Vam je poslednja šansa da unesete ispravan PIN. U suprotnom, morate uneti PUK kod da biste koristili SIM karticu."},{"$i":"pukcode","$v":"Unesite PUK kod"},{"$i":"pukcodeTitle","$v":["Upišite SIM ",{"t":"idOrVar","v":"n"}," PUK"]},{"$i":"pukcodeLabel","$v":["SIM ",{"t":"idOrVar","v":"n"}," PUK"]},{"$i":"type_puk","$v":"PUK kod"},{"$i":"pukValidation","$v":"PUK kod mora imati tačno 8 karaktera."},{"$i":"pukInfo","$v":"Morate uneti lični ključ za otključavanje (PUK) za SIM karticu. Pročitajte propratnu dokumentaciju ili kontaktirajte mrežnog operatera za više informacija."},{"$i":"pukError","$v":"PUK je neispravan."},{"$i":"pukAttemptMsg2","$v":{"one":"Imate još jedan pokušaj da unesete ispravan kod pre nego što SIM kartica bude trajno neupotrebljiva. Pročitajte propratnu dokumentaciju ili kontaktirajte mrežnog operatera za više informacija.","two":["Imate još ",{"t":"idOrVar","v":"n"}," pokušaja da unesete ispravan kod pre nego što SIM kartica bude trajno neupotrebljiva. Pročitajte propratnu dokumentaciju ili kontaktirajte mrežnog operatera za više informacija."],"few":["Imate još ",{"t":"idOrVar","v":"n"}," pokušaja da unesete ispravan kod pre nego što SIM kartica bude trajno neupotrebljiva. Pročitajte propratnu dokumentaciju ili kontaktirajte mrežnog operatera za više informacija."],"many":["Imate još ",{"t":"idOrVar","v":"n"}," pokušaja da unesete ispravan kod pre nego što SIM kartica bude trajno neupotrebljiva. Pročitajte propratnu dokumentaciju ili kontaktirajte mrežnog operatera za više informacija."],"other":["Imate još ",{"t":"idOrVar","v":"n"}," pokušaja da unesete ispravan kod pre nego što SIM kartica bude trajno neupotrebljiva. Pročitajte propratnu dokumentaciju ili kontaktirajte mrežnog operatera za više informacija."]},"$x":[{"t":"idOrVar","v":"plural"},"n"]},{"$i":"pukLastChanceMsg","$v":"Ovo je Vaša poslednja šansa za unos ispravnog PUK koda. Vaša SIM kartica će biti zauvek neupotrebljiva ako još jednom unesete pogrešan PUK kod."},{"$i":"create_newpin","$v":"Napravite novi PIN (4-8 brojeva)"},{"$i":"confirm_newpin","$v":"Potvrdite novi PIN"},{"$i":"newpinConfirmation","$v":"PIN kodovi nisu isti"},{"$i":"nckcode","$v":"Unesite NCK kod"},{"$i":"cckcode","$v":"Unesite CCK kod"},{"$i":"spckcode","$v":"Unesite SPCK kod"},{"$i":"nck1code","$v":"Unesite NCK1 kod"},{"$i":"nck2code","$v":"Unesite NCK2 kod"},{"$i":"hnckcode","$v":"Unesite HNCK kod"},{"$i":"rcckcode","$v":"Unesite RCCK kod"},{"$i":"rspckcode","$v":"Unesite RSPCK kod"},{"$i":"nckcodeTitle","$v":["Unesite SIM ",{"t":"idOrVar","v":"n"}," NCK"]},{"$i":"cckcodeTitle","$v":["Unesite SIM ",{"t":"idOrVar","v":"n"}," CCK"]},{"$i":"spckcodeTitle","$v":["Unesite SIM ",{"t":"idOrVar","v":"n"}," SPCK"]},{"$i":"nck1codeTitle","$v":["Unesite SIM ",{"t":"idOrVar","v":"n"}," NCK1"]},{"$i":"nck2codeTitle","$v":["Unesite SIM ",{"t":"idOrVar","v":"n"}," NCK2"]},{"$i":"hnckcodeTitle","$v":["Unesite SIM ",{"t":"idOrVar","v":"n"}," HNCK"]},{"$i":"rcckcodeTitle","$v":["Unesite SIM ",{"t":"idOrVar","v":"n"}," RCCK"]},{"$i":"rspckcodeTitle","$v":["Unesite SIM ",{"t":"idOrVar","v":"n"}," RSPCK"]},{"$i":"nckcodeLabel","$v":["SIM ",{"t":"idOrVar","v":"n"}," NCK"]},{"$i":"cckcodeLabel","$v":["SIM ",{"t":"idOrVar","v":"n"}," CCK"]},{"$i":"spckcodeLabel","$v":["SIM ",{"t":"idOrVar","v":"n"}," SPCK"]},{"$i":"nck1codeLabel","$v":["SIM ",{"t":"idOrVar","v":"n"}," NCK1"]},{"$i":"nck2codeLabel","$v":["SIM ",{"t":"idOrVar","v":"n"}," NCK2"]},{"$i":"hnckcodeLabel","$v":["SIM ",{"t":"idOrVar","v":"n"}," HNCK"]},{"$i":"rcckcodeLabel","$v":["SIM ",{"t":"idOrVar","v":"n"}," RCCK"]},{"$i":"rspckcodeLabel","$v":["SIM ",{"t":"idOrVar","v":"n"}," RSPCK"]},{"$i":"type_nck","$v":"Upišite svoj NCK kod"},{"$i":"type_cck","$v":"Upišite svoj CCK kod"},{"$i":"type_spck","$v":"Upišite svoj SPCK kod"},{"$i":"type_nck1","$v":"Upišite svoj NCK1 kod"},{"$i":"type_nck2","$v":"Upišite svoj NCK2 kod"},{"$i":"type_hnck","$v":"Upišite svoj HNCK kod"},{"$i":"type_rcck","$v":"Upišite svoj RCCK kod"},{"$i":"type_rspck","$v":"Upišite svoj RSPCK kod"},{"$i":"nckValidation","$v":"NCK kod mora imati između 8 i 16 karaktera."},{"$i":"cckValidation","$v":"CCK kod mora imati između 8 i 16 karaktera."},{"$i":"spckValidation","$v":"SPCK kod mora imati između 8 i 16 karaktera."},{"$i":"nck1Validation","$v":"NCK1 kod mora imati između 8 i 16 karaktera."},{"$i":"nck2Validation","$v":"NCK2 kod mora imati između 8 i 16 karaktera."},{"$i":"hnckValidation","$v":"HNCK kod mora imati između 8 i 16 karaktera."},{"$i":"rcckValidation","$v":"RCCK kod mora imati između 8 i 16 karaktera."},{"$i":"rspckValidation","$v":"RSPCK kod mora imati između 8 i 16 karaktera."},{"$i":"nckErrorMsg","$v":"Neispravan NCK kod."},{"$i":"nckAttemptMsg2","$v":{"one":"Zahtev za otključavanje telefona nije uspešan. Imate još jedan pokušaj da unesete ispravan kod. Pročitajte propratnu dokumentaciju ili kontaktirajte mrežnog operatera za više informacija.","two":["Zahtev za otključavanje telefona nije uspešan. Imate još ",{"t":"idOrVar","v":"n"}," pokušaja da unesete ispravan kod. Pročitajte propratnu dokumentaciju ili kontaktirajte mrežnog operatera za više informacija."],"few":["Zahtev za otključavanje telefona nije uspešan. Imate još ",{"t":"idOrVar","v":"n"}," pokušaja da unesete ispravan kod. Pročitajte propratnu dokumentaciju ili kontaktirajte mrežnog operatera za više informacija."],"many":["Zahtev za otključavanje telefona nije uspešan. Imate još ",{"t":"idOrVar","v":"n"}," pokušaja da unesete ispravan kod. Pročitajte propratnu dokumentaciju ili kontaktirajte mrežnog operatera za više informacija."],"other":["Zahtev za otključavanje telefona nije uspešan. Imate još ",{"t":"idOrVar","v":"n"}," pokušaja da unesete ispravan kod. Pročitajte propratnu dokumentaciju ili kontaktirajte mrežnog operatera za više informacija."]},"$x":[{"t":"idOrVar","v":"plural"},"n"]},{"$i":"nckLastChanceMsg","$v":"Zahtev za otključavanje telefona nije uspešan. Ovo je poslednja šansa da unesete ispravan NCK kod. Pročitajte propratnu dokumentaciju ili kontaktirajte mrežnog operatera za više informacija."},{"$i":"skip","$v":"Preskoči"},{"$i":"send","$v":"Pošalji"},{"$i":"ok","$v":"U redu"},{"$i":"simLocked","$v":"SIM kartica je zaključana"},{"$i":"inputCodeRetriesLeft","$v":{"one":"poslednji pokušaj.","two":["preostalo ",{"t":"idOrVar","v":"n"}," pokušaja."],"few":["preostalo ",{"t":"idOrVar","v":"n"}," pokušaja."],"many":["preostalo ",{"t":"idOrVar","v":"n"}," pokušaja."],"other":["preostalo ",{"t":"idOrVar","v":"n"}," pokušaja."]},"$x":[{"t":"idOrVar","v":"plural"},"n"]},{"$i":"simManager","$v":"SIM upravljač"},{"$i":"simDetail","$v":["SIM ",{"t":"idOrVar","v":"n"}]},{"$i":"simDefault","$v":"(podrzumevana)"},{"$i":"simDefaultMessage","$v":"Odlazni pozivi, odlazne poruke i veze podataka su po podrazumevanom postavljeni na SIM 1"},{"$i":"simSettingsMessage","$v":"Možete promeniti podrazumevana podešavanja: Postavke > Upravljač SIM karticama "},{"$i":"simPinLocked","$v":"SIM PIN zaključan"},{"$i":"noOperator","$v":"Nema operatera"},{"$i":"searchingOperator","$v":"Pretražujem"},{"$i":"language","$v":"Jezik"},{"$i":"3g","$v":"Mobilni podaci"},{"$i":"dataConnection","$v":"Prenos podataka"},{"$i":"dataConnectionInfo","$v":"Omogućavanje prenosa podataka će Vam omogućiti da podesite svoj telefon bez Wi-Fi mreže. Možete je omogućiti i kasnije u postavkama. Samo se postarajte da imate dobar paket usluga sa svojim mrežnim operaterom kako biste izbegli plaćanje visokih naknada."},{"$i":"caution","$v":"Upozorenje"},{"$i":"geolocation","$v":"Geolokacija"},{"$i":"geolocationCheckbox","$v":"Geolokacija"},{"$i":"geolocationInfo2","$v":[{"t":"idOrVar","v":"brandShortName"}," koristi podatke mobilne mreže, GPS i Wi-Fi podatke kako bi otkrili Vašu lokaciju."]},{"$i":"geolocationInfoMore","$v":"Podaci se šalju Mozilla fondaciji i ostalim pružaocima ovih usluga i biće korišćeni za upotpunjavanje baze podataka o lokacijama. Podaci mogu biti smešteni na Vašem uređaju i mogu biti poslati čak iako ni jedna aplikacija nije pokrenuta."},{"$i":"notice","$v":"Obaveštenje"},{"$i":"aboutYourPrivacy","$v":"Više o Vašoj privatnosti"},{"$i":"scanningNetworks","$v":"Tražim mreže"},{"$i":"selectNetwork","$v":"Odaberite mrežu"},{"$i":"shortStatus-connecting","$v":"Povezivanje…"},{"$i":"shortStatus-associated","$v":"Dobavljanje IP adrese…"},{"$i":"shortStatus-connected","$v":"Povezano"},{"$i":"shortStatus-connectingfailed","$v":"Povezivanje nije uspelo"},{"$i":"shortStatus-disconnected","$v":"Van mreže"},{"$i":"securedBy","$v":["osigurano od strane ",{"t":"idOrVar","v":"capabilities"}]},{"$i":"security","$v":"Sigurnost"},{"$i":"securityNone","$v":"Nema"},{"$i":"securityWEP","$v":"WEP"},{"$i":"securityWPA-PSK","$v":"WPA-PSK"},{"$i":"securityWPA-EAP","$v":"WPA-EAP"},{"$i":"securityOpen","$v":"Otvoreno","ariaLabel":"Sigurnost"},{"$i":"identity","$v":"Korisnik"},{"$i":"identityInput","placeholder":"Korisnik"},{"$i":"password","$v":"Lozinka"},{"$i":"passwordInput","placeholder":"Lozinka"},{"$i":"showPassword","$v":"Prikaži lozinku"},{"$i":"refresh","$v":"Osveži"},{"$i":"noWifiFound3","$v":"Ni jedna bežična mreža nije nađena"},{"$i":"join-hidden-button","$v":"Skrivena mreža"},{"$i":"authentication","$v":"Autentifikacija"},{"$i":"ssid-name","$v":"SSID naziv mreže"},{"$i":"wifiLevel","ariaLabel":[{"t":"idOrVar","v":"level"}," od 4 crtica"]},{"$i":"networksList","ariaLabel":"Pronađene mreže"},{"$i":"dateAndTime","$v":"Datum i vreme"},{"$i":"timezoneTitle","$v":["UTC",{"t":"idOrVar","v":"utcOffset"}," ",{"t":"idOrVar","v":"region"},"/",{"t":"idOrVar","v":"city"}]},{"$i":"timeZone","$v":"Vremenska zona"},{"$i":"change","$v":"Promeni"},{"$i":"region","ariaLabel":"Region"},{"$i":"city","ariaLabel":"Grad"},{"$i":"date","ariaLabel":"Datum"},{"$i":"time","ariaLabel":"Vreme"},{"$i":"importContacts3","$v":"Uvezi kontakte"},{"$i":"importSim2","$v":"SIM kartice"},{"$i":"importFb2","$v":"Facebook-a"},{"$i":"importOutlook","$v":"Outlook-a"},{"$i":"importGmail","$v":"Gmail-a"},{"$i":"fb-checking","$v":"… provera"},{"$i":"notImportedYet","$v":"Još nisu uvezeni"},{"$i":"otherAccount","$v":"Ostali nalozi"},{"$i":"afterFbImport","$v":"U postavkama kontakata možete u bilo kojem trenutku uvesti i urediti svoje Facebook prijatelje"},{"$i":"firefox-accounts","$v":"Firefox nalozi"},{"$i":"fxa-upsell","innerHTML":"Firefox nalog Vam omogućava da pronađete izgubljeni telefon ili da kupite aplikacije sa Firefox Marketplace-a."},{"$i":"fxa-create-account-or-sign-in","$v":"Napravi nalog ili se prijavi"},{"$i":"fxa-email-sent","$v":["Verifikaciona veza je poslata na e-poštu ",{"t":"idOrVar","v":"email"}]},{"$i":"fxa-signed-in","$v":["Prijavljen kao ",{"t":"idOrVar","v":"email"}]},{"$i":"about-your-rights-0","$v":[{"t":"idOrVar","v":"brandShortName"}," je napravljen od strane hiljada ljudi iz globalne zajednice. Nekoliko stvari bi trebalo da znate:"]},{"$i":"about-your-rights-1","$v":[{"t":"idOrVar","v":"brandShortName"}," je dostupan pod uslovima nekoliko otvorenih licenci uključujući javnu licencu Mozilla fondacije. Uređaj koji pokreće ",{"t":"idOrVar","v":"brandShortName"}," takođe može sadržati softver koji je vlasništvo trećih lica. Sav kod koji je pod otvorenim licencama Vam daje za pravo da izmenite izvorni kod i prosleđujete svoju modifikovanu verziju istog dok god se pridržavate uslova licenci."]},{"$i":"about-your-rights-2","$v":["Nisu Vam odobrena bilo kakva prava ili licence koje se odnose na zaštitni znak Mozilla fondacije ili trećih lica, uključujući ",{"t":"idOrVar","v":"brandShortName"}," naziv ili logotip."]},{"$i":"about-your-rights-3","$v":["Neke mogućnosti u ",{"t":"idOrVar","v":"brandShortName"},", kao što je izveštač o greškama, Vam pružaju mogućnost da pošaljete povratne informacije Mozilla fondaciji. Ako odlučite da pošaljete povratne informacije, time dajete Mozilla fondaciji dozvolu da koristi te informacije u cilju poboljšanja svojih proizvoda, da objavi te informacije na svom sajtu kao i da ih deli."]},{"$i":"about-other","$v":"Ostalo"},{"$i":"SIM_mandatory","$v":"Upozorenje SIM kartice"},{"$i":"SIM_mandatory_warm","$v":"Molim Vas, umetnite SIM karticu i ponovo pokrenite telefon."},{"$i":"telemetry-sends2","$v":["Telemetrija šalje Mozilla fondaciji informacije o performansama, hardveru, konfiguraciji, korišćenju aplikacija i podešavanjima Vašeg ",{"t":"idOrVar","v":"brandShortName"}," uređaja. Ove informacije koristimo da bismo unapredili naše proizvode, učinili ih bržim i efikasnijim."]},{"$i":"learn-more-telemetry2","innerHTML":["Saznajte više na <a href=\"",{"t":"idOrVar","v":"href"},"\" class=\"",{"t":"idOrVar","v":"className"},"\">",{"t":"idOrVar","v":"textContent"},"</a>"]},{"$i":"learn-more-information2","innerHTML":["Saznajte kako Mozilla rukuje sa informacijama na <a href=\"",{"t":"idOrVar","v":"href"},"\" class=\"",{"t":"idOrVar","v":"className"},"\">",{"t":"idOrVar","v":"textContent"},"</a>"]},{"$i":"htmlWelcome2","innerHTML":["Dobrodošli u <a href=\"",{"t":"idOrVar","v":"href"},"\" class=\"",{"t":"idOrVar","v":"className"},"\">",{"t":"idOrVar","v":"textContent"},"</a>, besplatan operativni sistem otvorenog koda od Mozilla-e. Naša misija je promovisanje otvorenosti, inovacije i mogućnosti tako što ostavljamo svu moć veba u Vašim rukama."]},{"$i":"htmlWelcome-link","$v":[{"t":"idOrVar","v":"brandShortName"}]},{"$i":"helpImprove2","innerHTML":["Možete nam pomoći da unapredimo naše proizvode i usluge tako što ćete nam automatskim slati analitičke podatke. Pogledajte <a href=\"",{"t":"idOrVar","v":"href"},"\" class=\"",{"t":"idOrVar","v":"className"},"\">",{"t":"idOrVar","v":"textContent"},"</a> da biste saznali šta radimo sa podacima sa Vašeg uređaja."]},{"$i":"helpImprove-link","$v":"Obaveštenje o privatnosti"},{"$i":"learn-more-privacy2","innerHTML":["Saznajte kako Mozilla rukuje sa informacijama u našoj <a href=\"",{"t":"idOrVar","v":"href"},"\" class=\"",{"t":"idOrVar","v":"className"},"\">",{"t":"idOrVar","v":"textContent"},"</a>."]},{"$i":"learn-more-privacy-link","$v":"polisi privatnosti"},{"$i":"aboutBrowser","$v":["O ",{"t":"idOrVar","v":"brandShortName"}]},{"$i":"aboutYourPrivacy2","$v":"Vaša privatnost"},{"$i":"mozillaCommunity2","$v":["Kada koristite ",{"t":"idOrVar","v":"brandShortName"},", postajete deo globalne zajednice koja pomaže u izgradnji svetlije budućnosti veba. Ako želite da saznate više o Mozilla zajednici, našim projektima i događajima blizu Vas, molimo Vas unesite adresu svoje e-pošte u polje ispod."]},{"$i":"sharePerformanceAndUsageData2","$v":"Da! Pošalji podatke."},{"$i":"emailAddress","placeholder":"Adresa e-pošte"},{"$i":"email-successfully-added","$v":"Adresa je uspešno dodata"},{"$i":"email-loading","$v":"Pamćenje Vaše e-pošte…"},{"$i":"privacy-b2g","$v":[{"t":"idOrVar","v":"brandShortName"}],"title":[{"t":"idOrVar","v":"brandShortName"}]},{"$i":"privacy-marketplace","$v":"Marketplace","title":[{"t":"idOrVar","v":"privacy-marketplace"}]},{"$i":"privacy-eme","$v":"EverythingMe"},{"$i":"privacy-e-me","title":[{"t":"idOrVar","v":"privacy-e-me"}]},{"$i":"navbar-back","$v":"Nazad"},{"$i":"navbar-next","$v":"Sledeće"},{"$i":"navbar-join","$v":"Priključi se"},{"$i":"done","$v":"Gotovo"},{"$i":"thatsIt","$v":"To je to!"},{"$i":"startYourPhone","$v":"Upoznajte se sa telefonom!"},{"$i":"startYourTablet","$v":"Započnite vodič za Vaš tablet!"},{"$i":"joinTutorial","$v":"Pogledajte brzo uputstvo za Vaš nov telefon."},{"$i":"joinTutorialUpdated","$v":"Pogledajte brzo uputstvo o nadogradnjama za Vaš telefon!"},{"$i":"enjoyYourPhone","$v":"Spremni ste da uživate koristeći svoj nov telefon."},{"$i":"enjoyYourPhoneUpdated","$v":"Spremni ste da uživate koristeći Vaš nadograđeni telefon."},{"$i":"optionsAvailable","$v":"U postavkama možete promeniti jezik, datum/vreme i Wi-Fi."},{"$i":"letsGo","$v":"Idemo"},{"$i":"startTour","$v":"Započni vodič"},{"$i":"thatsIt1Tablet-2","$v":"Uvek možete da prevučete sa donje ivice da biste došli na početni ekran."},{"$i":"thatsIt2Tablet-2","$v":"Hajde da to uradimo!"},{"$i":"tutorial","$v":"Vodič"},{"$i":"tutorial-step1-large-3","$v":"Prevucite prstom na dole da biste pristupili skorijim obaveštenjima, informacijama o korišćenju i postavkama."},{"$i":"tutorial-step2-large-2","$v":"Prevucite prstom levo ili desno da biste otkrili nove aplikacije na početnom ekranu."},{"$i":"tutorial-step3-large-2","$v":"Pritisnite i držite prstom neku ikonicu aplikacije da biste je izbrisali ili pomerili."},{"$i":"tutorial-step4-large-2","$v":"Prevucite sa dva prsta od dole da biste aktivirali prikaz kartice."},{"$i":"tutorial-vertical-scroll-v2-tiny","$v":"Prevucite prstom na gore ili na dole da biste pregledali Vaše aplikacije. Pritisnite i držite ikonicu da biste je premestili, izbrisali ili uredili."},{"$i":"tutorial-notifications-v2-tiny","$v":"Prevucite prstom na dole da biste videli nedavna obaveštenja, informacije o korišćenju i postavke."},{"$i":"tutorial-sheets-tiny","$v":"Prevucite prstom sa leve ivice ekrana da se vratite na nedavno korišćene aplikacije."},{"$i":"tutorial-rocketbar-tiny","$v":"Pritisnite na polje za pretragu bilo kada da biste započeli pretragu ili otišli na sajt."},{"$i":"tutorial-bookmarks-migration-tiny","$v":"Vaše zabeleške su premeštene na početni ekran. Pri uređivanju, pritisnite na zabelešku da biste je uredili ili preimenovali."},{"$i":"tutorial-app-grouping-tiny","$v":"Pritisnite da biste proširili i skupili grupe aplikacija. Prevucite aplikaciju u novi prostor da biste napravili grupu."},{"$i":"offline-dialog-title","$v":"Morate biti povezani na internet da biste videli stranicu."},{"$i":"offline-dialog-text","$v":["Molim Vas povežite se na internet. Ovu stranicu možete takođe pogledati kasnije iz menija postavki ili ako unesete adresu ",{"t":"idOrVar","v":"url"}," u bilo koji pregledač interneta."]},{"$i":"OK","$v":"U redu"},{"$i":"offline-newsletter-dialog-title","$v":"Morate biti povezani na internet da biste se prijavili na bilten."},{"$i":"offline-newsletter-dialog-text","$v":"Molim Vas povežite se na internet."},{"$i":"invalid-email-dialog-title","$v":"Adresa Vaše e-pošte nije ispravna"},{"$i":"invalid-email-dialog-text","$v":"Molim Vas vratite se i ispravite unos."},{"$i":"retry","$v":"Pokušaj"},{"$i":"cancel","$v":"Otkaži"},{"$i":"progressbar","$v":["Korak ",{"t":"idOrVar","v":"step"}," od ",{"t":"idOrVar","v":"total"}],"ariaLabel":"Prvo iskustvo"},{"$i":"weekday-0-long","$v":"Nedelja"},{"$i":"weekday-1-long","$v":"Ponedeljak"},{"$i":"weekday-2-long","$v":"Utorak"},{"$i":"weekday-3-long","$v":"Sreda"},{"$i":"weekday-4-long","$v":"Četvrtak"},{"$i":"weekday-5-long","$v":"Petak"},{"$i":"weekday-6-long","$v":"Subota"},{"$i":"weekday-0-short","$v":"Ned"},{"$i":"weekday-1-short","$v":"Pon"},{"$i":"weekday-2-short","$v":"Uto"},{"$i":"weekday-3-short","$v":"Sre"},{"$i":"weekday-4-short","$v":"Čet"},{"$i":"weekday-5-short","$v":"Pet"},{"$i":"weekday-6-short","$v":"Sub"},{"$i":"month-0-long","$v":"januar"},{"$i":"month-1-long","$v":"februar"},{"$i":"month-2-long","$v":"mart"},{"$i":"month-3-long","$v":"april"},{"$i":"month-4-long","$v":"maj"},{"$i":"month-5-long","$v":"jun"},{"$i":"month-6-long","$v":"jul"},{"$i":"month-7-long","$v":"avgust"},{"$i":"month-8-long","$v":"septembar"},{"$i":"month-9-long","$v":"oktobar"},{"$i":"month-10-long","$v":"novembar"},{"$i":"month-11-long","$v":"decembar"},{"$i":"month-0-genitive","$v":"januara"},{"$i":"month-1-genitive","$v":"februara"},{"$i":"month-2-genitive","$v":"marta"},{"$i":"month-3-genitive","$v":"aprila"},{"$i":"month-4-genitive","$v":"maja"},{"$i":"month-5-genitive","$v":"juna"},{"$i":"month-6-genitive","$v":"jula"},{"$i":"month-7-genitive","$v":"avgusta"},{"$i":"month-8-genitive","$v":"septembra"},{"$i":"month-9-genitive","$v":"oktobra"},{"$i":"month-10-genitive","$v":"novembra"},{"$i":"month-11-genitive","$v":"decembra"},{"$i":"month-0-short","$v":"jan"},{"$i":"month-1-short","$v":"feb"},{"$i":"month-2-short","$v":"mar"},{"$i":"month-3-short","$v":"apr"},{"$i":"month-4-short","$v":"maj"},{"$i":"month-5-short","$v":"jun"},{"$i":"month-6-short","$v":"jul"},{"$i":"month-7-short","$v":"avg"},{"$i":"month-8-short","$v":"sep"},{"$i":"month-9-short","$v":"okt"},{"$i":"month-10-short","$v":"nov"},{"$i":"month-11-short","$v":"dec"},{"$i":"minutes-ago-long","$v":{"zero":"upravo","one":"pre minut","two":["pre ",{"t":"idOrVar","v":"value"}," minuta"],"few":["pre ",{"t":"idOrVar","v":"value"}," minuta"],"many":["pre ",{"t":"idOrVar","v":"value"}," minuta"],"other":["pre ",{"t":"idOrVar","v":"value"}," minuta"]},"$x":[{"t":"idOrVar","v":"plural"},"value"]},{"$i":"hours-ago-long","$v":{"zero":"upravo","one":"pre sat vremena","two":["pre ",{"t":"idOrVar","v":"value"}," sata"],"few":["pre ",{"t":"idOrVar","v":"value"}," sati"],"many":["pre ",{"t":"idOrVar","v":"value"}," sati"],"other":["pre ",{"t":"idOrVar","v":"value"}," sati"]},"$x":[{"t":"idOrVar","v":"plural"},"value"]},{"$i":"days-ago-long","$v":{"zero":"danas","one":"juče","two":["pre ",{"t":"idOrVar","v":"value"}," dana"],"few":["pre ",{"t":"idOrVar","v":"value"}," dana"],"many":["pre ",{"t":"idOrVar","v":"value"}," dana"],"other":["pre ",{"t":"idOrVar","v":"value"}," dana"]},"$x":[{"t":"idOrVar","v":"plural"},"value"]},{"$i":"weeks-ago-long","$v":{"zero":"ove nedelje","one":"prošle nedelje","two":["pre ",{"t":"idOrVar","v":"value"}," nedelje"],"few":["pre ",{"t":"idOrVar","v":"value"}," nedelja"],"many":["pre ",{"t":"idOrVar","v":"value"}," nedelja"],"other":["pre ",{"t":"idOrVar","v":"value"}," nedelja"]},"$x":[{"t":"idOrVar","v":"plural"},"value"]},{"$i":"months-ago-long","$v":{"zero":"ovog meseca","one":"prošlog meseca","two":["pre ",{"t":"idOrVar","v":"value"}," meseca"],"few":["pre ",{"t":"idOrVar","v":"value"}," meseci"],"many":["pre ",{"t":"idOrVar","v":"value"}," meseci"],"other":["pre ",{"t":"idOrVar","v":"value"}," meseci"]},"$x":[{"t":"idOrVar","v":"plural"},"value"]},{"$i":"years-ago-long","$v":{"zero":"ove godine","one":"prošle godine","two":["pre ",{"t":"idOrVar","v":"value"}," godine"],"few":["pre ",{"t":"idOrVar","v":"value"}," godina"],"many":["pre ",{"t":"idOrVar","v":"value"}," godina"],"other":["pre ",{"t":"idOrVar","v":"value"}," godina"]},"$x":[{"t":"idOrVar","v":"plural"},"value"]},{"$i":"minutes-until-long","$v":{"zero":"upravo","one":"za jedan minut","two":["za ",{"t":"idOrVar","v":"value"}," minuta"],"few":["za ",{"t":"idOrVar","v":"value"}," minuta"],"many":["za ",{"t":"idOrVar","v":"value"}," minuta"],"other":["za ",{"t":"idOrVar","v":"value"}," minuta"]},"$x":[{"t":"idOrVar","v":"plural"},"value"]},{"$i":"hours-until-long","$v":{"zero":"upravo","one":"za sat vremena","two":["za ",{"t":"idOrVar","v":"value"}," sata"],"few":["za ",{"t":"idOrVar","v":"value"}," sati"],"many":["za ",{"t":"idOrVar","v":"value"}," sati"],"other":["za ",{"t":"idOrVar","v":"value"}," sati"]},"$x":[{"t":"idOrVar","v":"plural"},"value"]},{"$i":"days-until-long","$v":{"zero":"danas","one":"sutra","two":["za ",{"t":"idOrVar","v":"value"}," dana"],"few":["za ",{"t":"idOrVar","v":"value"}," dana"],"many":["za ",{"t":"idOrVar","v":"value"}," dana"],"other":["za ",{"t":"idOrVar","v":"value"}," dana"]},"$x":[{"t":"idOrVar","v":"plural"},"value"]},{"$i":"weeks-until-long","$v":{"zero":"ove nedelje","one":"sledeće nedelje","two":["za ",{"t":"idOrVar","v":"value"}," nedelje"],"few":["za ",{"t":"idOrVar","v":"value"}," nedelja"],"many":["za ",{"t":"idOrVar","v":"value"}," nedelja"],"other":["za ",{"t":"idOrVar","v":"value"}," nedelja"]},"$x":[{"t":"idOrVar","v":"plural"},"value"]},{"$i":"months-until-long","$v":{"zero":"ovog meseca","one":"sledećeg meseca","two":["za ",{"t":"idOrVar","v":"value"}," meseca"],"few":["za ",{"t":"idOrVar","v":"value"}," meseci"],"many":["za ",{"t":"idOrVar","v":"value"}," meseci"],"other":["za ",{"t":"idOrVar","v":"value"}," meseci"]},"$x":[{"t":"idOrVar","v":"plural"},"value"]},{"$i":"years-until-long","$v":{"zero":"ove godine","one":"sledeće godine","two":["za ",{"t":"idOrVar","v":"value"}," godine"],"few":["za ",{"t":"idOrVar","v":"value"}," godina"],"many":["za ",{"t":"idOrVar","v":"value"}," godina"],"other":["za ",{"t":"idOrVar","v":"value"}," godina"]},"$x":[{"t":"idOrVar","v":"plural"},"value"]},{"$i":"minutes-ago-short","$v":{"zero":"upravo","other":["pre ",{"t":"idOrVar","v":"value"},"m"]},"$x":[{"t":"idOrVar","v":"plural"},"value"]},{"$i":"hours-ago-short","$v":{"zero":"upravo","other":["pre ",{"t":"idOrVar","v":"value"},"s"]},"$x":[{"t":"idOrVar","v":"plural"},"value"]},{"$i":"days-ago-short","$v":{"zero":"danas","other":["pre ",{"t":"idOrVar","v":"value"},"d"]},"$x":[{"t":"idOrVar","v":"plural"},"value"]},{"$i":"minutes-until-short","$v":{"zero":"upravo","other":["za ",{"t":"idOrVar","v":"value"},"m"]},"$x":[{"t":"idOrVar","v":"plural"},"value"]},{"$i":"hours-until-short","$v":{"zero":"upravo","other":["za ",{"t":"idOrVar","v":"value"},"s"]},"$x":[{"t":"idOrVar","v":"plural"},"value"]},{"$i":"days-until-short","$v":{"zero":"danas","other":["za ",{"t":"idOrVar","v":"value"},"d"]},"$x":[{"t":"idOrVar","v":"plural"},"value"]},{"$i":"incorrectDate","$v":"(netačan datum)"},{"$i":"dateTimeFormat_%c","$v":"%a %e %b %Y %H:%M:%S"},{"$i":"dateTimeFormat_%x","$v":"%d.%m.%Y"},{"$i":"dateTimeFormat_%X","$v":"%H:%M:%S"},{"$i":"shortTimeFormat","$v":"%H:%M"},{"$i":"shortTimeFormat12","$v":"%I:%M %p"},{"$i":"shortTimeFormat24","$v":"%H:%M"},{"$i":"shortDateTimeFormat","$v":"%x %H:%M"},{"$i":"weekStartsOnMonday","$v":"1"},{"$i":"firstDayOfTheWeek","$v":"1"},{"$i":"time_am","$v":"AM"},{"$i":"time_pm","$v":"PM"},{"$i":"tz-region","$v":"Region"},{"$i":"tz-city","$v":"Grad"},{"$i":"tzRegion-Africa","$v":"Afrika"},{"$i":"tzRegion-America","$v":"Amerika"},{"$i":"tzRegion-Antarctica","$v":"Antarktik"},{"$i":"tzRegion-Asia","$v":"Azija"},{"$i":"tzRegion-Atlantic","$v":"Atlantski okean"},{"$i":"tzRegion-Australia","$v":"Australija"},{"$i":"tzRegion-Europe","$v":"Evropa"},{"$i":"tzRegion-Indian","$v":"Indijski okean"},{"$i":"tzRegion-Pacific","$v":"Pacifik"},{"$i":"close","$v":"Zatvori"},{"$i":"import","$v":"Uvezi"},{"$i":"update","$v":"Ažuriraj"},{"$i":"fbFriends","$v":"FB prijatelji"},{"$i":"live-serviceName","$v":"Outlook"},{"$i":"gmail-serviceName","$v":"Gmail"},{"$i":"facebook-serviceName","$v":"FB prijatelji"},{"$i":"selectAll","$v":"Označi sve"},{"$i":"deselectAll","$v":"Odznači sve"},{"$i":"viewAll","$v":"Pogledaj sve Facebook prijatelje"},{"$i":"viewRecommend","$v":"Pogledaj samo preporučene"},{"$i":"linkProposal","$v":{"zero":"Nema podudaranja. Prikazuju se svi","one":"Odaberi preporučenog","two":"Odaberi preporučenog","many":"Odaberi preporučenog","few":"Odaberi preporučenog","other":"Odaberi preporučenog"},"$x":[{"t":"idOrVar","v":"plural"},"numFriends"]},{"$i":"fbFriendsFound","$v":{"zero":"Svi prijatelji su uvezeni","one":"Pronađen jedan prijatelj za uvoz","two":["Pronađena ",{"t":"idOrVar","v":"numFriends"}," prijatelja za uvoz"],"few":["Pronađeno ",{"t":"idOrVar","v":"numFriends"}," prijatelja za uvoz"],"many":["Pronađeno ",{"t":"idOrVar","v":"numFriends"}," prijatelja za uvoz"],"other":["Pronađeno ",{"t":"idOrVar","v":"numFriends"}," prijatelja za uvoz"]},"$x":[{"t":"idOrVar","v":"plural"},"numFriends"]},{"$i":"fbNoFriends","$v":"Nema dostupnih kontakata za uvoz"},{"$i":"search-contact","placeholder":"Pretraga"},{"$i":"noResults","$v":"Nema pronađenih kontakata"},{"$i":"done-search","$v":"Gotovo"},{"$i":"progressFB3ImportTitle","$v":"Uvoženje prijatelja u kontakte"},{"$i":"progressFB","$v":[{"t":"idOrVar","v":"current"},"/",{"t":"idOrVar","v":"total"}]},{"$i":"progressFB3UpdateTitle","$v":"Ažuriranje prijatelja u kontaktima"},{"$i":"message2","$v":"Ovo bi moglo potrajati nekoliko minuta"},{"$i":"messageLinking","$v":"Molim Vas sačekajte. Povezujemo Vašeg prijatelja i Vaš kontakt."},{"$i":"messageCanceling","$v":"Molim Vas sačekajte. Prekidamo tekuću operaciju."},{"$i":"error1","$v":["Greška ",{"t":"idOrVar","v":"from"}]},{"$i":"error2","$v":"Da li želite da pokušate ponovo?"},{"$i":"errorProposal","$v":"izračunavanje predloga"},{"$i":"errorFriends","$v":"vraćam prijatelje"},{"$i":"errorLinking","$v":"povezivanje kontakta"},{"$i":"timeout1","$v":["Isteklo vreme čekanja ",{"t":"idOrVar","v":"from"}]},{"$i":"timeout2","$v":"Da li želite da pokušate ponovo?"},{"$i":"timeoutProposal","$v":"izračunavanje predloga"},{"$i":"timeoutFriends","$v":"vraćam prijatelje"},{"$i":"timeoutLinking","$v":"povezivanje kontakata"},{"$i":"wait1","$v":"Molim Vas sačekajte"},{"$i":"wait2","$v":"Ovo može da potraje nekoliko minuta"},{"$i":"waitProposal","$v":"Molim Vas sačekajte. Izračunavamo predloge."},{"$i":"waitFriends","$v":"Molim Vas sačekajte. Povezujemo se da bi dobili Vašu listu prijatelja."},{"$i":"curtainCancel","$v":"Otkaži"},{"$i":"curtainRetry","$v":"Pokušaj"},{"$i":"curtainOK","$v":"U redu"},{"$i":"connectionLost","$v":"Nema internet konekcije"},{"$i":"connectionLostMsg","$v":"Slike prijatelja neće biti dodate Vašim kontaktima. Ipak nastaviti?"},{"$i":"yesOption","$v":"U redu"},{"$i":"noOption","$v":"Otkaži"},{"$i":"friendsUpdated","$v":{"zero":"Nema ažuriranih prijatelja","one":"Ažuriraj jednog prijatelja","two":["Ažuriraj ",{"t":"idOrVar","v":"numFriends"}," prijatelja"],"few":["Ažuriraj ",{"t":"idOrVar","v":"numFriends"}," prijatelja"],"many":["Ažuriraj ",{"t":"idOrVar","v":"numFriends"}," prijatelja"],"other":["Ažuriraj ",{"t":"idOrVar","v":"numFriends"}," prijatelja"]},"$x":[{"t":"idOrVar","v":"plural"},"numFriends"]},{"$i":"friendsMerged","$v":{"zero":"Nema dupliranih prijatelja","one":"Jedan dupliran prijatelj je spojen","two":[{"t":"idOrVar","v":"numDups"}," prijatelja su spojena"],"few":[{"t":"idOrVar","v":"numDups"}," prijatelja je spojeno"],"many":[{"t":"idOrVar","v":"numDups"}," prijatelja je spojeno"],"other":[{"t":"idOrVar","v":"numDups"}," prijatelja je spojeno"]},"$x":[{"t":"idOrVar","v":"plural"},"numDups"]},{"$i":"notificationLogin","$v":"Vaša Facebook sesija nije ispravna. Molim Vas prijavite se."},{"$i":"syncError","$v":"Nastala je greška tokom sinhornizacije podataka Vaših prijatelja"}]