[{"$i":"brandShortName","$v":"B2G OS"},{"$i":"browserBrandShortName","$v":"Web Browser"},{"$i":"browserBrandFullName","$v":"Mozilla Web Browser"},{"$i":"ringtoneBrandName","$v":"Default"},{"$i":"ringtoneSectionBrandName","$v":"System"},{"$i":"back","$v":"Tillbaka"},{"$i":"noSimMsg","$v":"För att importera kontakter sätt i eller lås upp ditt SIM-kort"},{"$i":"noMemoryCardMsg","$v":"För att importera kontakter sätt i ett minneskort"},{"$i":"importMemoryCard","$v":"Minneskort"},{"$i":"noConnection11","$v":"För att importera Facebook-vänner eller kontakter anslut till Wi-Fi eller datanät"},{"$i":"emptyAccount","$v":"Inga vänner eller kontakter hittades i det här kontot."},{"$i":"simContacts-import","$v":"Importera SIM-kontakter"},{"$i":"simContacts-importing","$v":"Importerar SIM-kontakter…"},{"$i":"simContacts-reading","$v":"Läser från SIM-kort…"},{"$i":"simContacts-error","$v":"Det gick inte att importera kontakter från SIM-kortet"},{"$i":"simContacts-imported3","$v":{"zero":"Inga kontakter hittades på SIM-kortet","one":"Importerade en kontakt","two":["Importerade ",{"t":"idOrVar","v":"n"}," kontakter"],"few":["Importerade ",{"t":"idOrVar","v":"n"}," kontakter"],"many":["Importerade ",{"t":"idOrVar","v":"n"}," kontakter"],"other":["Importerade ",{"t":"idOrVar","v":"n"}," kontakter"]},"$x":[{"t":"idOrVar","v":"plural"},"n"]},{"$i":"memoryCardContacts-import","$v":"Importera kontakter från minneskort"},{"$i":"memoryCardContacts-importing","$v":"Importerar kontakter från minneskort…"},{"$i":"memoryCardContacts-reading","$v":"Läser från minneskort…"},{"$i":"memoryCardContacts-error","$v":"Det gick inte att importera kontakter från minneskortet"},{"$i":"memoryCardContacts-imported3","$v":{"zero":"Inga kontakter hittades på minneskortet","one":"Importerade en kontakt","two":["Importerade ",{"t":"idOrVar","v":"n"}," kontakter"],"few":["Importerade ",{"t":"idOrVar","v":"n"}," kontakter"],"many":["Importerade ",{"t":"idOrVar","v":"n"}," kontakter"],"other":["Importerade ",{"t":"idOrVar","v":"n"}," kontakter"]},"$x":[{"t":"idOrVar","v":"plural"},"n"]},{"$i":"genericProgress","$v":[{"t":"idOrVar","v":"current"},"/",{"t":"idOrVar","v":"total"}]},{"$i":"facebook","$v":"Facebook"},{"$i":"facebook-import-msg2","$v":[{"t":"idOrVar","v":"imported"},"/",{"t":"idOrVar","v":"total"}," friends imported"]},{"$i":"contactsMerged","$v":{"zero":"Inga duplicerade kontakter sammanslagna","one":"En duplicerad kontakt sammanslagen","two":[{"t":"idOrVar","v":"numDups"}," kontakter sammanslagna"],"few":[{"t":"idOrVar","v":"numDups"}," kontakter sammanslagna"],"many":[{"t":"idOrVar","v":"numDups"}," kontakter sammanslagna"],"other":[{"t":"idOrVar","v":"numDups"}," kontakter sammanslagna"]},"$x":[{"t":"idOrVar","v":"plural"},"numDups"]},{"$i":"pincode2","$v":"Ange PIN-kod"},{"$i":"type_pin","$v":"Skriv din PIN-kod"},{"$i":"pincodeLabel","$v":["SIM ",{"t":"idOrVar","v":"n"}," PIN-kod"]},{"$i":"pinValidation","$v":"PIN-koden måste ha mellan 4 och 8 tecken."},{"$i":"pinError","$v":"Felaktig PIN-kod."},{"$i":"pinAttemptMsg2","$v":{"one":"Du har ett försök kvar att ange rätt kod innan SIM-kortet låser sig.","two":["Du har ",{"t":"idOrVar","v":"n"}," försök kvar att ange rätt kod innan SIM-kortet låser sig."],"few":["Du har ",{"t":"idOrVar","v":"n"}," försök kvar att ange rätt kod innan SIM-kortet låser sig."],"many":["Du har ",{"t":"idOrVar","v":"n"}," försök kvar att ange rätt kod innan SIM-kortet låser sig."],"other":["Du har ",{"t":"idOrVar","v":"n"}," försök kvar att ange rätt kod innan SIM-kortet låser sig."]},"$x":[{"t":"idOrVar","v":"plural"},"n"]},{"$i":"pinLastChanceMsg","$v":"Detta är sista chansen att ange rätt PIN-kod. Annars måste du ange PUK-koden för att låsa upp SIM-kortet."},{"$i":"pukcode","$v":"Ange PUK-kod"},{"$i":"pukcodeTitle","$v":["Ange SIM ",{"t":"idOrVar","v":"n"}," PUK-kod"]},{"$i":"pukcodeLabel","$v":["SIM ",{"t":"idOrVar","v":"n"}," PUK-kod"]},{"$i":"type_puk","$v":"PUK-kod"},{"$i":"pukValidation","$v":"PUK-koden måste ha exakt 8 tecken."},{"$i":"pukInfo","$v":"Du måste ange din personliga upplåsningskod (PUK) för SIM-kortet. Se SIM-kortets dokumentation eller kontakta din operatör för mer information."},{"$i":"pukError","$v":"Felaktig PUK-kod"},{"$i":"pukAttemptMsg2","$v":{"one":"Du har ett försök kvar att ange rätt kod innan SIM-kortet kommer att vara permanent oanvändbart. Se SIM-kortets dokumentation eller kontakta din operatör för mer information.","two":["Du har ",{"t":"idOrVar","v":"n"}," försök kvar att ange rätt kod innan SIM-kortet kommer att vara permanent oanvändbart. Se SIM-kortets dokumentation eller kontakta din operatör för mer information."],"few":["Du har ",{"t":"idOrVar","v":"n"}," försök kvar att ange rätt kod innan SIM-kortet kommer att vara permanent oanvändbart. Se SIM-kortets dokumentation eller kontakta din operatör för mer information."],"many":["Du har ",{"t":"idOrVar","v":"n"}," försök kvar att ange rätt kod innan SIM-kortet kommer att vara permanent oanvändbart. Se SIM-kortets dokumentation eller kontakta din operatör för mer information."],"other":["Du har ",{"t":"idOrVar","v":"n"}," försök kvar att ange rätt kod innan SIM-kortet kommer att vara permanent oanvändbart. Se SIM-kortets dokumentation eller kontakta din operatör för mer information."]},"$x":[{"t":"idOrVar","v":"plural"},"n"]},{"$i":"pukLastChanceMsg","$v":"Detta är sista chansen att ange rätt PUK-kod. Ditt SIM-kort kommer att vara permanent oanvändbart om du anger fel PUK-kod."},{"$i":"create_newpin","$v":"Skapa ny PIN-kod (4 till 8 siffror)"},{"$i":"confirm_newpin","$v":"Bekräfta ny PIN-kod"},{"$i":"newpinConfirmation","$v":"PIN-koderna matchar inte"},{"$i":"nckcode","$v":"Ange NCK-kod"},{"$i":"cckcode","$v":"Ange CCK-kod"},{"$i":"spckcode","$v":"Ange SPCK-kod"},{"$i":"nck1code","$v":"Ange NCK1-kod"},{"$i":"nck2code","$v":"Ange NCK2-kod"},{"$i":"hnckcode","$v":"Ange HNCK-kod"},{"$i":"rcckcode","$v":"Ange RCCK-kod"},{"$i":"rspckcode","$v":"Ange RSPCK-kod"},{"$i":"nckcodeTitle","$v":["Ange SIM ",{"t":"idOrVar","v":"n"}," NCK"]},{"$i":"cckcodeTitle","$v":["Ange SIM ",{"t":"idOrVar","v":"n"}," CCK"]},{"$i":"spckcodeTitle","$v":["Ange SIM ",{"t":"idOrVar","v":"n"}," SPCK"]},{"$i":"nck1codeTitle","$v":["Ange SIM ",{"t":"idOrVar","v":"n"}," NCK1"]},{"$i":"nck2codeTitle","$v":["Ange SIM ",{"t":"idOrVar","v":"n"}," NCK2"]},{"$i":"hnckcodeTitle","$v":["Ange SIM ",{"t":"idOrVar","v":"n"}," HNCK"]},{"$i":"rcckcodeTitle","$v":["Ange SIM ",{"t":"idOrVar","v":"n"}," RCCK"]},{"$i":"rspckcodeTitle","$v":["Ange SIM ",{"t":"idOrVar","v":"n"}," RSPCK"]},{"$i":"nckcodeLabel","$v":["SIM ",{"t":"idOrVar","v":"n"}," NCK"]},{"$i":"cckcodeLabel","$v":["SIM ",{"t":"idOrVar","v":"n"}," CCK"]},{"$i":"spckcodeLabel","$v":["SIM ",{"t":"idOrVar","v":"n"}," SPCK"]},{"$i":"nck1codeLabel","$v":["SIM ",{"t":"idOrVar","v":"n"}," NCK1"]},{"$i":"nck2codeLabel","$v":["SIM ",{"t":"idOrVar","v":"n"}," NCK2"]},{"$i":"hnckcodeLabel","$v":["SIM ",{"t":"idOrVar","v":"n"}," HNCK"]},{"$i":"rcckcodeLabel","$v":["SIM ",{"t":"idOrVar","v":"n"}," RCCK"]},{"$i":"rspckcodeLabel","$v":["SIM ",{"t":"idOrVar","v":"n"}," RSPCK"]},{"$i":"type_nck","$v":"Skriv din NCK-kod"},{"$i":"type_cck","$v":"Skriv din CCK-kod"},{"$i":"type_spck","$v":"Skriv din SPCK-kod"},{"$i":"type_nck1","$v":"Skriv din NCK1-kod"},{"$i":"type_nck2","$v":"Skriv din NCK2-kod"},{"$i":"type_hnck","$v":"Skriv din HNCK-kod"},{"$i":"type_rcck","$v":"Skriv din RCCK-kod"},{"$i":"type_rspck","$v":"Skriv din RSPCK-kod"},{"$i":"nckValidation","$v":"NCK måste ha mellan 8 och 16 tecken."},{"$i":"cckValidation","$v":"CCK måste ha mellan 8 och 16 tecken."},{"$i":"spckValidation","$v":"SPCK måste ha mellan 8 och 16 tecken."},{"$i":"nck1Validation","$v":"NCK1 måste ha mellan 8 och 16 tecken."},{"$i":"nck2Validation","$v":"NCK2 måste ha mellan 8 och 16 tecken."},{"$i":"hnckValidation","$v":"HNCK måste ha mellan 8 och 16 tecken."},{"$i":"rcckValidation","$v":"RCCK måste ha mellan 8 och 16 tecken."},{"$i":"rspckValidation","$v":"RSPCK måste ha mellan 8 och 16 tecken."},{"$i":"nckErrorMsg","$v":"Felaktig NCK-kod."},{"$i":"nckAttemptMsg2","$v":{"one":"Operatörsupplåsning misslyckades. Du har ett försök kvar att ange rätt kod. Se enhetens dokumentation eller kontakta din operatör för mer information.","two":["Operatörsupplåsning misslyckades. Du har ",{"t":"idOrVar","v":"n"}," försök kvar att ange rätt kod. Se enhetens dokumentation eller kontakta din operatör för mer information."],"few":["Operatörsupplåsning misslyckades. Du har ",{"t":"idOrVar","v":"n"}," försök kvar att ange rätt kod. Se enhetens dokumentation eller kontakta din operatör för mer information."],"many":["Operatörsupplåsning misslyckades. Du har ",{"t":"idOrVar","v":"n"}," försök kvar att ange rätt kod. Se enhetens dokumentation eller kontakta din operatör för mer information."],"other":["Operatörsupplåsning misslyckades. Du har ",{"t":"idOrVar","v":"n"}," försök kvar att ange rätt kod. Se enhetens dokumentation eller kontakta din operatör för mer information."]},"$x":[{"t":"idOrVar","v":"plural"},"n"]},{"$i":"nckLastChanceMsg","$v":"Operatörsupplåsning misslyckades. Sista chansen att ange rätt NCK-kod. Se enhetens dokumentation eller kontakta din operatör för mer information."},{"$i":"skip","$v":"Hoppa över"},{"$i":"send","$v":"Skicka"},{"$i":"ok","$v":"OK"},{"$i":"simLocked","$v":"SIM-kortet är låst"},{"$i":"inputCodeRetriesLeft","$v":{"one":"Sista försöket.","two":[{"t":"idOrVar","v":"n"}," försök kvar."],"few":[{"t":"idOrVar","v":"n"}," försök kvar."],"many":[{"t":"idOrVar","v":"n"}," försök kvar."],"other":[{"t":"idOrVar","v":"n"}," försök kvar."]},"$x":[{"t":"idOrVar","v":"plural"},"n"]},{"$i":"simManager","$v":"SIM-hanterare"},{"$i":"simDetail","$v":["SIM ",{"t":"idOrVar","v":"n"}]},{"$i":"simDefault","$v":"(standard)"},{"$i":"simDefaultMessage","$v":"Utgående samtal, utgående meddelanden och dataanslutning är inställda till SIM 1 som standard"},{"$i":"simSettingsMessage","$v":"Du kan ändra standardinställningar på Inställningar > Hantera SIM-kort"},{"$i":"simPinLocked","$v":"SIM PIN-kod låst"},{"$i":"noOperator","$v":"Ingen operatör"},{"$i":"searchingOperator","$v":"Söker"},{"$i":"language","$v":"Språk"},{"$i":"3g","$v":"Mobil datauppkoppling"},{"$i":"dataConnection","$v":"Aktivera dataanslutning"},{"$i":"dataConnectionInfo","$v":"Genom att aktivera en dataanslutning kan du ställa in din telefon utan en Wi-Fi-anslutning. Du kan även aktivera den senare i telefonens inställningar. Se till att du har ett bra abonnemang med din operatör för att undvika eventuellt höga avgifter."},{"$i":"caution","$v":"Varning"},{"$i":"geolocation","$v":"Geolokalisering"},{"$i":"geolocationCheckbox","$v":"Aktivera geolokalisering"},{"$i":"geolocationInfo2","$v":[{"t":"idOrVar","v":"brandShortName"}," använder data såsom GPS, Wi-Fi, och mobila nätverk i din närhet för att avgöra din ungefärliga position."]},{"$i":"geolocationInfoMore","$v":"Data skickas till Mozilla och andra tjänsteleverantörer och kommer att användas i sammanslagen form för att förbättra positionsdatabaser. Data kan lagras på enheten och datainsamling kan förekomma även om inga appar körs."},{"$i":"notice","$v":"Observera"},{"$i":"aboutYourPrivacy","$v":"Mer om din integritet"},{"$i":"scanningNetworks","$v":"Söker efter nätverk"},{"$i":"selectNetwork","$v":"Välj ett nätverk"},{"$i":"shortStatus-connecting","$v":"Ansluter…"},{"$i":"shortStatus-associated","$v":"Erhåller en IP-adress…"},{"$i":"shortStatus-connected","$v":"Ansluten"},{"$i":"shortStatus-connectingfailed","$v":"Anslutning misslyckades"},{"$i":"shortStatus-disconnected","$v":"Nedkopplad"},{"$i":"securedBy","$v":["säkras genom ",{"t":"idOrVar","v":"capabilities"}]},{"$i":"security","$v":"Säkerhet"},{"$i":"securityNone","$v":"Ingen"},{"$i":"securityWEP","$v":"WEP"},{"$i":"securityWPA-PSK","$v":"WPA-PSK"},{"$i":"securityWPA-EAP","$v":"WPA-EAP"},{"$i":"securityOpen","$v":"Öppen","ariaLabel":"Säkerhet"},{"$i":"identity","$v":"Användare"},{"$i":"identityInput","placeholder":"Användare"},{"$i":"password","$v":"Lösenord"},{"$i":"passwordInput","placeholder":"Lösenord"},{"$i":"showPassword","$v":"Visa lösenord"},{"$i":"refresh","$v":"Uppdatera"},{"$i":"noWifiFound3","$v":"Inga trådlösa nätverk hittades"},{"$i":"join-hidden-button","$v":"Anslut till dolt nätverk"},{"$i":"authentication","$v":"Autentisering"},{"$i":"ssid-name","$v":"SSID nätverksnamn"},{"$i":"wifiLevel","ariaLabel":[{"t":"idOrVar","v":"level"}," av 4 staplar"]},{"$i":"networksList","ariaLabel":"Nätverk hittades"},{"$i":"dateAndTime","$v":"Datum & tid"},{"$i":"timezoneTitle","$v":["UTC",{"t":"idOrVar","v":"utcOffset"}," ",{"t":"idOrVar","v":"region"},"/",{"t":"idOrVar","v":"city"}]},{"$i":"timeZone","$v":"Tidszon"},{"$i":"change","$v":"Ändra"},{"$i":"region","ariaLabel":"Region"},{"$i":"city","ariaLabel":"Stad"},{"$i":"date","ariaLabel":"Datum"},{"$i":"time","ariaLabel":"Tid"},{"$i":"importContacts3","$v":"Importera kontakter"},{"$i":"importSim2","$v":"SIM-kort"},{"$i":"importFb2","$v":"Facebook"},{"$i":"importOutlook","$v":"Outlook"},{"$i":"importGmail","$v":"Gmail"},{"$i":"fb-checking","$v":"… kontrollerar"},{"$i":"notImportedYet","$v":"Inte importerad än"},{"$i":"otherAccount","$v":"Andra konton"},{"$i":"afterFbImport","$v":"Du kan importera och redigera Facebook-vänner när som helst i inställningar för kontakter."},{"$i":"firefox-accounts","$v":"Firefox-konton"},{"$i":"fxa-upsell","innerHTML":"Med ett Firefox-konto kan du hitta en förlorad telefon och köpa appar från Firefox Marketplace."},{"$i":"fxa-create-account-or-sign-in","$v":"Skapa konto eller logga in"},{"$i":"fxa-email-sent","$v":["En verifieringslänk har skickats till ",{"t":"idOrVar","v":"email"}]},{"$i":"fxa-signed-in","$v":["Inloggad som ",{"t":"idOrVar","v":"email"}]},{"$i":"about-your-rights-0","$v":[{"t":"idOrVar","v":"brandShortName"}," bygger på fri och öppen källkod som utvecklats av en gemenskap med tusentals människor från hela världen. Det finns några saker du bör känna till:"]},{"$i":"about-your-rights-1","$v":[{"t":"idOrVar","v":"brandShortName"}," görs tillgänglig för dig enligt villkoren i flera öppna källkods-licenser, inklusive Mozilla Public License. En enhet som kör ",{"t":"idOrVar","v":"brandShortName"}," kan också innehålla egenutvecklade programvaror från tredje part. All kod som ges enligt öppna licenser ger dig rätt att ändra källkoden och sprida modifierade versioner så länge du följer deras villkor."]},{"$i":"about-your-rights-2","$v":["Du har inte beviljats några rättigheter till varumärket eller licenser till varumärken som tillhör Mozilla Foundation eller någon part, inklusive utan begränsning till ",{"t":"idOrVar","v":"brandShortName"},"-namn eller logotyp."]},{"$i":"about-your-rights-3","$v":["Vissa funktioner i ",{"t":"idOrVar","v":"brandShortName"},", som kraschrapporter, ger dig möjlighet att ge återkoppling till Mozilla. Genom att skicka återkoppling, ger du Mozilla tillstånd att använda återkopplingen för att förbättra sina produkter, att offentliggöra återkopplingen på sina webbplatser och att sprida återkopplingen."]},{"$i":"about-other","$v":"Andra"},{"$i":"SIM_mandatory","$v":"SIM-kort varning"},{"$i":"SIM_mandatory_warm","$v":"Vänligen sätt i ett SIM-kort och starta om telefonen."},{"$i":"telemetry-sends2","$v":["Telemetri skickar Mozilla uppgifter om prestanda, hårdvara, konfigurationer, anpassningar och appanvändning i din ",{"t":"idOrVar","v":"brandShortName"},"-enhet. Vi använder detta för att göra våra produkter bättre, snabbare och mer lyhörda."]},{"$i":"learn-more-telemetry2","innerHTML":["Läs mer på <a href=\"",{"t":"idOrVar","v":"href"},"\" class=\"",{"t":"idOrVar","v":"className"},"\">",{"t":"idOrVar","v":"textContent"},"</a>"]},{"$i":"learn-more-information2","innerHTML":["Läs om hur Mozilla hanterar din information på <a href=\"",{"t":"idOrVar","v":"href"},"\" class=\"",{"t":"idOrVar","v":"className"},"\">",{"t":"idOrVar","v":"textContent"},"</a>"]},{"$i":"htmlWelcome2","innerHTML":["Välkommen till <a href=\"",{"t":"idOrVar","v":"href"},"\" class=\"",{"t":"idOrVar","v":"className"},"\">",{"t":"idOrVar","v":"textContent"},"</a> det fria operativsystemet från Mozilla med öppen källkod. Vårt uppdrag är att främja öppenhet, nyskapande och möjligheter på webben."]},{"$i":"htmlWelcome-link","$v":[{"t":"idOrVar","v":"brandShortName"}]},{"$i":"helpImprove2","innerHTML":["Du kan hjälpa oss att förbättra våra produkter och tjänster genom att automatiskt skicka analysdata. Läs vår <a href=\"",{"t":"idOrVar","v":"href"},"\" class=\"",{"t":"idOrVar","v":"className"},"\">",{"t":"idOrVar","v":"textContent"},"</a> för att se hur vi hanterar data från din enhet."]},{"$i":"helpImprove-link","$v":"integritetspolicy"},{"$i":"learn-more-privacy2","innerHTML":["Läs om hur Mozilla hanterar dina uppgifter i vår <a href=\"",{"t":"idOrVar","v":"href"},"\" class=\"",{"t":"idOrVar","v":"className"},"\">",{"t":"idOrVar","v":"textContent"},"</a>."]},{"$i":"learn-more-privacy-link","$v":"sekretesspolicy"},{"$i":"aboutBrowser","$v":["Om ",{"t":"idOrVar","v":"brandShortName"}]},{"$i":"aboutYourPrivacy2","$v":"Din sekretesspolicy"},{"$i":"mozillaCommunity2","$v":["När du använder ",{"t":"idOrVar","v":"brandShortName"},", blir du en del av en global gemenskap som hjälper till att bygga en bättre framtid för internet. Om du vill veta mer om Mozilla, våra andra produkter och evenemang nära dig, vänligen skriv din e-postadress nedan."]},{"$i":"sharePerformanceAndUsageData2","$v":"Ja! Skicka data."},{"$i":"emailAddress","placeholder":"E-postadress"},{"$i":"email-successfully-added","$v":"E-post har lagts till"},{"$i":"email-loading","$v":"Sparar din e-post…"},{"$i":"privacy-b2g","$v":[{"t":"idOrVar","v":"brandShortName"}],"title":[{"t":"idOrVar","v":"brandShortName"}]},{"$i":"privacy-marketplace","$v":"Marketplace","title":[{"t":"idOrVar","v":"privacy-marketplace"}]},{"$i":"privacy-eme","$v":"EverythingMe"},{"$i":"privacy-e-me","title":[{"t":"idOrVar","v":"privacy-e-me"}]},{"$i":"navbar-back","$v":"Tillbaka"},{"$i":"navbar-next","$v":"Nästa"},{"$i":"navbar-join","$v":"Anslut"},{"$i":"done","$v":"Klar"},{"$i":"thatsIt","$v":"Det var det!"},{"$i":"startYourPhone","$v":"Starta guide för telefonen!"},{"$i":"startYourTablet","$v":"Starta guide för surfplattan!"},{"$i":"joinTutorial","$v":"Följ med på en snabb genomgång om din nya telefon."},{"$i":"joinTutorialUpdated","$v":"Följ med på en snabb genomgång om uppdateringarna till din telefon!"},{"$i":"enjoyYourPhone","$v":"Du är redo att njuta av din nya telefon."},{"$i":"enjoyYourPhoneUpdated","$v":"Du är redo att njuta av din uppdaterade telefon."},{"$i":"optionsAvailable","$v":"Du kan ändra språk, datum/tid och Wi-Fi-anslutning i inställningar."},{"$i":"letsGo","$v":"Låt oss börja"},{"$i":"startTour","$v":"Starta guide"},{"$i":"thatsIt1Tablet-2","$v":"Du kan alltid dra från den nedre kanten för att öppna hemskärmen."},{"$i":"thatsIt2Tablet-2","$v":"Låt oss göra det!"},{"$i":"tutorial","$v":"Guide"},{"$i":"tutorial-step1-large-3","$v":"Dra nedåt för att komma åt de senaste aviseringarna, användningsinformation och inställningar."},{"$i":"tutorial-step2-large-2","$v":"Dra från vänster eller höger för att upptäcka ny appar på hemskärmen."},{"$i":"tutorial-step3-large-2","$v":"Peka och håll ned en ikon för att ta bort eller flytta den."},{"$i":"tutorial-step4-large-2","$v":"Två fingrar drar upp från nedre kanten för att utlösa kortvy."},{"$i":"tutorial-vertical-scroll-v2-tiny","$v":"Dra uppåt och nedåt för att bläddra bland dina appar och bokmärken. Peka och håll ned en ikon för att radera, flytta eller redigera den."},{"$i":"tutorial-notifications-v2-tiny","$v":"Dra nedåt för att komma åt de senaste aviseringarna, användningsinformation och inställningar"},{"$i":"tutorial-sheets-tiny","$v":"Dra från den vänstra kanten av skärmen för att återgå till senast använda appar."},{"$i":"tutorial-rocketbar-tiny","$v":"Peka på sökrutan när som helst för att starta en sökning eller gå till en webbplats. "},{"$i":"tutorial-bookmarks-migration-tiny","$v":"Dina bokmärken har flyttats till startskärmen. Peka på ett bokmärke för att redigera eller byta namn på det."},{"$i":"tutorial-app-grouping-tiny","$v":"Tryck här för att maximera och minimera grupper av appar. Dra en app till en ny plats för att skapa en grupp."},{"$i":"offline-dialog-title","$v":"Du måste vara ansluten till internet för att visa sidan."},{"$i":"offline-dialog-text","$v":["Gå tillbaka och anslut till internet. Du kan också visa sidan senare från inställningar eller genom att ange ",{"t":"idOrVar","v":"url"}," i någon webbläsare."]},{"$i":"OK","$v":"OK"},{"$i":"offline-newsletter-dialog-title","$v":"Du måste vara ansluten till internet för att prenumerera på nyhetsbrevet."},{"$i":"offline-newsletter-dialog-text","$v":"Gå tillbaka och anslut till internet."},{"$i":"invalid-email-dialog-title","$v":"Din e-post är inte giltig"},{"$i":"invalid-email-dialog-text","$v":"Gå tillbaka och korrigera inmatningen."},{"$i":"retry","$v":"Försök igen"},{"$i":"cancel","$v":"Avbryt"},{"$i":"progressbar","$v":["Steg ",{"t":"idOrVar","v":"step"}," av ",{"t":"idOrVar","v":"total"}],"ariaLabel":"Första gången erfarenhet"},{"$i":"weekday-0-long","$v":"Söndag"},{"$i":"weekday-1-long","$v":"Måndag"},{"$i":"weekday-2-long","$v":"Tisdag"},{"$i":"weekday-3-long","$v":"Onsdag"},{"$i":"weekday-4-long","$v":"Torsdag"},{"$i":"weekday-5-long","$v":"Fredag"},{"$i":"weekday-6-long","$v":"Lördag"},{"$i":"weekday-0-short","$v":"Sön"},{"$i":"weekday-1-short","$v":"Mån"},{"$i":"weekday-2-short","$v":"Tis"},{"$i":"weekday-3-short","$v":"Ons"},{"$i":"weekday-4-short","$v":"Tor"},{"$i":"weekday-5-short","$v":"Fre"},{"$i":"weekday-6-short","$v":"Lör"},{"$i":"month-0-long","$v":"Januari"},{"$i":"month-1-long","$v":"Februari"},{"$i":"month-2-long","$v":"Mars"},{"$i":"month-3-long","$v":"April"},{"$i":"month-4-long","$v":"Maj"},{"$i":"month-5-long","$v":"Juni"},{"$i":"month-6-long","$v":"Juli"},{"$i":"month-7-long","$v":"Augusti"},{"$i":"month-8-long","$v":"September"},{"$i":"month-9-long","$v":"Oktober"},{"$i":"month-10-long","$v":"November"},{"$i":"month-11-long","$v":"December"},{"$i":"month-0-genitive","$v":"Januari"},{"$i":"month-1-genitive","$v":"Februari"},{"$i":"month-2-genitive","$v":"Mars"},{"$i":"month-3-genitive","$v":"April"},{"$i":"month-4-genitive","$v":"Maj"},{"$i":"month-5-genitive","$v":"Juni"},{"$i":"month-6-genitive","$v":"Juli"},{"$i":"month-7-genitive","$v":"Augusti"},{"$i":"month-8-genitive","$v":"September"},{"$i":"month-9-genitive","$v":"Oktober"},{"$i":"month-10-genitive","$v":"November"},{"$i":"month-11-genitive","$v":"December"},{"$i":"month-0-short","$v":"Jan"},{"$i":"month-1-short","$v":"Feb"},{"$i":"month-2-short","$v":"Mar"},{"$i":"month-3-short","$v":"Apr"},{"$i":"month-4-short","$v":"Maj"},{"$i":"month-5-short","$v":"Jun"},{"$i":"month-6-short","$v":"Jul"},{"$i":"month-7-short","$v":"Aug"},{"$i":"month-8-short","$v":"Sep"},{"$i":"month-9-short","$v":"Okt"},{"$i":"month-10-short","$v":"Nov"},{"$i":"month-11-short","$v":"Dec"},{"$i":"minutes-ago-long","$v":{"zero":"nyss","one":"en minut sen","two":[{"t":"idOrVar","v":"value"}," minuter sen"],"few":[{"t":"idOrVar","v":"value"}," minuter sen"],"many":[{"t":"idOrVar","v":"value"}," minuter sen"],"other":[{"t":"idOrVar","v":"value"}," minuter sen"]},"$x":[{"t":"idOrVar","v":"plural"},"value"]},{"$i":"hours-ago-long","$v":{"zero":"nyss","one":"en timme sen","two":[{"t":"idOrVar","v":"value"}," timmar sen"],"few":[{"t":"idOrVar","v":"value"}," timmar sen"],"many":[{"t":"idOrVar","v":"value"}," timmar sen"],"other":[{"t":"idOrVar","v":"value"}," timmar sen"]},"$x":[{"t":"idOrVar","v":"plural"},"value"]},{"$i":"days-ago-long","$v":{"zero":"idag","one":"igår","two":[{"t":"idOrVar","v":"value"}," dagar sen"],"few":[{"t":"idOrVar","v":"value"}," dagar sen"],"many":[{"t":"idOrVar","v":"value"}," dagar sen"],"other":[{"t":"idOrVar","v":"value"}," dagar sen"]},"$x":[{"t":"idOrVar","v":"plural"},"value"]},{"$i":"weeks-ago-long","$v":{"zero":"denna vecka","one":"förra veckan","two":[{"t":"idOrVar","v":"value"}," veckor sen"],"few":[{"t":"idOrVar","v":"value"}," veckor sen"],"many":[{"t":"idOrVar","v":"value"}," veckor sen"],"other":[{"t":"idOrVar","v":"value"}," veckor sen"]},"$x":[{"t":"idOrVar","v":"plural"},"value"]},{"$i":"months-ago-long","$v":{"zero":"denna månad","one":"förra månaden","two":[{"t":"idOrVar","v":"value"}," månader sen"],"few":[{"t":"idOrVar","v":"value"}," månader sen"],"many":[{"t":"idOrVar","v":"value"}," månader sen"],"other":[{"t":"idOrVar","v":"value"}," månader sen"]},"$x":[{"t":"idOrVar","v":"plural"},"value"]},{"$i":"years-ago-long","$v":{"zero":"detta år","one":"förra året","two":[{"t":"idOrVar","v":"value"}," år sen"],"few":[{"t":"idOrVar","v":"value"}," år sen"],"many":[{"t":"idOrVar","v":"value"}," år sen"],"other":[{"t":"idOrVar","v":"value"}," år sen"]},"$x":[{"t":"idOrVar","v":"plural"},"value"]},{"$i":"minutes-until-long","$v":{"zero":"nu","one":"om en minut","two":["om ",{"t":"idOrVar","v":"value"}," minuter"],"few":["om ",{"t":"idOrVar","v":"value"}," minuter"],"many":["om ",{"t":"idOrVar","v":"value"}," minuter"],"other":["om ",{"t":"idOrVar","v":"value"}," minuter"]},"$x":[{"t":"idOrVar","v":"plural"},"value"]},{"$i":"hours-until-long","$v":{"zero":"nu","one":"om en timme","two":["om ",{"t":"idOrVar","v":"value"}," timmar"],"few":["om ",{"t":"idOrVar","v":"value"}," timmar"],"many":["om ",{"t":"idOrVar","v":"value"}," timmar"],"other":["om ",{"t":"idOrVar","v":"value"}," timmar"]},"$x":[{"t":"idOrVar","v":"plural"},"value"]},{"$i":"days-until-long","$v":{"zero":"idag","one":"imorgon","two":["om ",{"t":"idOrVar","v":"value"}," dagar"],"few":["om ",{"t":"idOrVar","v":"value"}," dagar"],"many":["om ",{"t":"idOrVar","v":"value"}," dagar"],"other":["om ",{"t":"idOrVar","v":"value"}," dagar"]},"$x":[{"t":"idOrVar","v":"plural"},"value"]},{"$i":"weeks-until-long","$v":{"zero":"denna vecka","one":"nästa vecka","two":["om ",{"t":"idOrVar","v":"value"}," veckor"],"few":["om ",{"t":"idOrVar","v":"value"}," veckor"],"many":["om ",{"t":"idOrVar","v":"value"}," veckor"],"other":["om ",{"t":"idOrVar","v":"value"}," veckor"]},"$x":[{"t":"idOrVar","v":"plural"},"value"]},{"$i":"months-until-long","$v":{"zero":"denna månad","one":"nästa månad","two":["om ",{"t":"idOrVar","v":"value"}," månader"],"few":["om ",{"t":"idOrVar","v":"value"}," månader"],"many":["om ",{"t":"idOrVar","v":"value"}," månader"],"other":["om ",{"t":"idOrVar","v":"value"}," månader"]},"$x":[{"t":"idOrVar","v":"plural"},"value"]},{"$i":"years-until-long","$v":{"zero":"detta år","one":"nästa år","two":["om ",{"t":"idOrVar","v":"value"}," år"],"few":["om ",{"t":"idOrVar","v":"value"}," år"],"many":["om ",{"t":"idOrVar","v":"value"}," år"],"other":["om ",{"t":"idOrVar","v":"value"}," år"]},"$x":[{"t":"idOrVar","v":"plural"},"value"]},{"$i":"minutes-ago-short","$v":{"zero":"nyss","other":[{"t":"idOrVar","v":"value"}," min sen"]},"$x":[{"t":"idOrVar","v":"plural"},"value"]},{"$i":"hours-ago-short","$v":{"zero":"nyss","other":[{"t":"idOrVar","v":"value"}," tim. sen"]},"$x":[{"t":"idOrVar","v":"plural"},"value"]},{"$i":"days-ago-short","$v":{"zero":"idag","other":[{"t":"idOrVar","v":"value"}," dygn sen"]},"$x":[{"t":"idOrVar","v":"plural"},"value"]},{"$i":"minutes-until-short","$v":{"zero":"nu","other":["om ",{"t":"idOrVar","v":"value"}," min"]},"$x":[{"t":"idOrVar","v":"plural"},"value"]},{"$i":"hours-until-short","$v":{"zero":"nu","other":["om ",{"t":"idOrVar","v":"value"}," tim."]},"$x":[{"t":"idOrVar","v":"plural"},"value"]},{"$i":"days-until-short","$v":{"zero":"idag","other":["om ",{"t":"idOrVar","v":"value"}," dygn"]},"$x":[{"t":"idOrVar","v":"plural"},"value"]},{"$i":"incorrectDate","$v":"(felaktigt datum)"},{"$i":"dateTimeFormat_%c","$v":"%a %e %b %Y %H:%M:%S"},{"$i":"dateTimeFormat_%x","$v":"%d/%m/%Y"},{"$i":"dateTimeFormat_%X","$v":"%H:%M:%S"},{"$i":"shortTimeFormat","$v":"%H:%M"},{"$i":"shortTimeFormat12","$v":"%I:%M %p"},{"$i":"shortTimeFormat24","$v":"%H:%M"},{"$i":"shortDateTimeFormat","$v":"%x %H:%M"},{"$i":"weekStartsOnMonday","$v":"1"},{"$i":"firstDayOfTheWeek","$v":"1"},{"$i":"time_am","$v":"AM"},{"$i":"time_pm","$v":"PM"},{"$i":"tz-region","$v":"Region"},{"$i":"tz-city","$v":"Stad"},{"$i":"tzRegion-Africa","$v":"Afrika"},{"$i":"tzRegion-America","$v":"Amerika"},{"$i":"tzRegion-Antarctica","$v":"Antarktis"},{"$i":"tzRegion-Asia","$v":"Asien"},{"$i":"tzRegion-Atlantic","$v":"Atlanten"},{"$i":"tzRegion-Australia","$v":"Australien"},{"$i":"tzRegion-Europe","$v":"Europa"},{"$i":"tzRegion-Indian","$v":"Indiska oceanen"},{"$i":"tzRegion-Pacific","$v":"Stilla havet"},{"$i":"close","$v":"Stäng"},{"$i":"import","$v":"Importera"},{"$i":"update","$v":"Uppdatera"},{"$i":"fbFriends","$v":"Facebook-vänner"},{"$i":"live-serviceName","$v":"Outlook"},{"$i":"gmail-serviceName","$v":"Gmail"},{"$i":"facebook-serviceName","$v":"Facebook-vänner"},{"$i":"selectAll","$v":"Markera alla"},{"$i":"deselectAll","$v":"Avmarkera alla"},{"$i":"viewAll","$v":"Visa alla Facebook-vänner"},{"$i":"viewRecommend","$v":"Visa endast rekommenderade"},{"$i":"linkProposal","$v":{"zero":"Inga matchande vänner. Visar alla","one":"Markera den rekommenderade","two":"Markera rekommenderade","few":"Markera rekommenderade","many":"Markera rekommenderade","other":"Markera rekommenderade"},"$x":[{"t":"idOrVar","v":"plural"},"numFriends"]},{"$i":"fbFriendsFound","$v":{"zero":"Alla dina vänner har importerats","one":"Hittade en vän att importera","two":["Hittade ",{"t":"idOrVar","v":"numFriends"}," vänner att importera"],"few":["Hittade ",{"t":"idOrVar","v":"numFriends"}," vänner att importera"],"many":["Hittade ",{"t":"idOrVar","v":"numFriends"}," vänner att importera"],"other":["Hittade ",{"t":"idOrVar","v":"numFriends"}," vänner att importera"]},"$x":[{"t":"idOrVar","v":"plural"},"numFriends"]},{"$i":"fbNoFriends","$v":"Inga kontakter att importera"},{"$i":"search-contact","placeholder":"Sök"},{"$i":"noResults","$v":"Inga kontakter hittades"},{"$i":"done-search","$v":"Klar"},{"$i":"progressFB3ImportTitle","$v":"Importerar vänner till kontakter"},{"$i":"progressFB","$v":[{"t":"idOrVar","v":"current"},"/",{"t":"idOrVar","v":"total"}]},{"$i":"progressFB3UpdateTitle","$v":"Uppdaterar vänner i kontakter"},{"$i":"message2","$v":"Detta kan ta ett par minuter"},{"$i":"messageLinking","$v":"Var god vänta. Länkar din vän och din kontakt."},{"$i":"messageCanceling","$v":"Var god vänta. Avbryter pågående operation."},{"$i":"error1","$v":["Fel ",{"t":"idOrVar","v":"from"}]},{"$i":"error2","$v":"Vill du försöka igen?"},{"$i":"errorProposal","$v":"beräknar förslag"},{"$i":"errorFriends","$v":"hämtar vänner"},{"$i":"errorLinking","$v":"länkar kontakter"},{"$i":"timeout1","$v":["Överskred tidsgräns ",{"t":"idOrVar","v":"from"}]},{"$i":"timeout2","$v":"Vill du försöka igen?"},{"$i":"timeoutProposal","$v":"beräknar förslag"},{"$i":"timeoutFriends","$v":"hämtar vänner"},{"$i":"timeoutLinking","$v":"länkar kontakter"},{"$i":"wait1","$v":"Var god vänta"},{"$i":"wait2","$v":"Detta kan ta ett par minuter"},{"$i":"waitProposal","$v":"Var god vänta. Beräknar förslag."},{"$i":"waitFriends","$v":"Var god vänta. Ansluter för att hämta din vänlista."},{"$i":"curtainCancel","$v":"Avbryt"},{"$i":"curtainRetry","$v":"Försök igen"},{"$i":"curtainOK","$v":"OK"},{"$i":"connectionLost","$v":"Ingen internetanslutning"},{"$i":"connectionLostMsg","$v":"Vänners bilder kommer inte att läggas till i dina kontakter. Fortsätt ändå?"},{"$i":"yesOption","$v":"OK"},{"$i":"noOption","$v":"Avbryt"},{"$i":"friendsUpdated","$v":{"zero":"Inga vänner uppdaterade","one":"Uppdaterade en vän","two":["Uppdaterade ",{"t":"idOrVar","v":"numFriends"}," vänner"],"few":["Uppdaterade ",{"t":"idOrVar","v":"numFriends"}," vänner"],"many":["Uppdaterade ",{"t":"idOrVar","v":"numFriends"}," vänner"],"other":["Uppdaterade ",{"t":"idOrVar","v":"numFriends"}," vänner"]},"$x":[{"t":"idOrVar","v":"plural"},"numFriends"]},{"$i":"friendsMerged","$v":{"zero":"Inga duplicerade vänner sammanslagna","one":"En duplicerad vän sammanslagen","two":[{"t":"idOrVar","v":"numDups"}," vänner sammanslagna"],"few":[{"t":"idOrVar","v":"numDups"}," vänner sammanslagna"],"many":[{"t":"idOrVar","v":"numDups"}," vänner sammanslagna"],"other":[{"t":"idOrVar","v":"numDups"}," vänner sammanslagna"]},"$x":[{"t":"idOrVar","v":"plural"},"numDups"]},{"$i":"notificationLogin","$v":"Din Facebook-session är ogiltig. Vänligen logga in."},{"$i":"syncError","$v":"Det uppstod ett fel vid synkronisering av din väns uppgifter"}]