[{"$i":"brandShortName","$v":"B2G OS"},{"$i":"browserBrandShortName","$v":"Web Browser"},{"$i":"browserBrandFullName","$v":"Mozilla Web Browser"},{"$i":"ringtoneBrandName","$v":"Default"},{"$i":"ringtoneSectionBrandName","$v":"System"},{"$i":"back","$v":"后退"},{"$i":"noSimMsg","$v":"插入或者解锁你的 SIM 卡以导入联系人"},{"$i":"noMemoryCardMsg","$v":"请插入存储卡以导入联系人"},{"$i":"importMemoryCard","$v":"存储卡"},{"$i":"noConnection11","$v":"要导入 Facebook 朋友或联系人，连接到 Wi-Fi 或数据网络"},{"$i":"emptyAccount","$v":"在此账号中没有找到朋友或联系人。"},{"$i":"simContacts-import","$v":"导入 SIM 卡联系人"},{"$i":"simContacts-importing","$v":"正在导入 SIM 卡联系人…"},{"$i":"simContacts-reading","$v":"从 SIM 卡中读取…"},{"$i":"simContacts-error","$v":"无法从 SIM 卡导入联系人"},{"$i":"simContacts-imported3","$v":{"zero":"在 SIM 卡中没有发现可以导入的联系人","one":"已导入一个联系人","two":["已导入 ",{"t":"idOrVar","v":"n"}," 个联系人"],"few":["已导入 ",{"t":"idOrVar","v":"n"}," 个联系人"],"many":["已导入 ",{"t":"idOrVar","v":"n"}," 个联系人"],"other":["已导入 ",{"t":"idOrVar","v":"n"}," 个联系人"]},"$x":[{"t":"idOrVar","v":"plural"},"n"]},{"$i":"memoryCardContacts-import","$v":"从存储卡导入联系人"},{"$i":"memoryCardContacts-importing","$v":"正在从存储卡导入联系人…"},{"$i":"memoryCardContacts-reading","$v":"正在从存储卡读取信息…"},{"$i":"memoryCardContacts-error","$v":"无法从存储卡导入联系人"},{"$i":"memoryCardContacts-imported3","$v":{"zero":"没有在存储卡中找到可导入的联系人","one":"已导入一个联系人","two":["已导入 ",{"t":"idOrVar","v":"n"}," 个联系人"],"few":["已导入 ",{"t":"idOrVar","v":"n"}," 个联系人"],"many":["已导入 ",{"t":"idOrVar","v":"n"}," 个联系人"],"other":["已导入 ",{"t":"idOrVar","v":"n"}," 个联系人"]},"$x":[{"t":"idOrVar","v":"plural"},"n"]},{"$i":"genericProgress","$v":[{"t":"idOrVar","v":"current"},"/",{"t":"idOrVar","v":"total"}]},{"$i":"facebook","$v":"Facebook"},{"$i":"facebook-import-msg2","$v":[{"t":"idOrVar","v":"imported"},"/",{"t":"idOrVar","v":"total"}," friends imported"]},{"$i":"contactsMerged","$v":{"zero":"没有合并重复的联系人","one":"一个重复的联系人已合并","two":[{"t":"idOrVar","v":"numDups"}," 个联系人已合并"],"few":[{"t":"idOrVar","v":"numDups"}," 个联系人已合并"],"many":[{"t":"idOrVar","v":"numDups"}," 个联系人已合并"],"other":[{"t":"idOrVar","v":"numDups"}," 个联系人已合并"]},"$x":[{"t":"idOrVar","v":"plural"},"numDups"]},{"$i":"pincode2","$v":"输入 PIN 码"},{"$i":"type_pin","$v":"请输入您的 PIN 码"},{"$i":"pincodeLabel","$v":["SIM ",{"t":"idOrVar","v":"n"}," PIN"]},{"$i":"pinValidation","$v":"PIN 必须是8至16个字符。"},{"$i":"pinError","$v":"PIN 错误。"},{"$i":"pinAttemptMsg2","$v":{"one":"您还有最后一次机会来输入正确的密码，否则将会锁定您的 SIM 卡。","two":["您还有 ",{"t":"idOrVar","v":"n"}," 次机会来输入正确的密码，否则将会锁定您的 SIM 卡。"],"few":["您还有 ",{"t":"idOrVar","v":"n"}," 次机会来输入正确的密码，否则将会锁定您的 SIM 卡。"],"many":["您还有 ",{"t":"idOrVar","v":"n"}," 次机会来输入正确的密码，否则将会锁定您的 SIM 卡。"],"other":["您还有 ",{"t":"idOrVar","v":"n"}," 次机会来输入正确的密码，否则将会锁定您的 SIM 卡。"]},"$x":[{"t":"idOrVar","v":"plural"},"n"]},{"$i":"pinLastChanceMsg","$v":"这是您最后一次机会来输入正确的 PIN。如果您输入了错误的 PIN，您将必须输入 PUK 码才能使用此 SIM 卡。"},{"$i":"pukcode","$v":"请输入 PUK 码"},{"$i":"pukcodeTitle","$v":["请输入 SIM ",{"t":"idOrVar","v":"n"}," PUK"]},{"$i":"pukcodeLabel","$v":["SIM ",{"t":"idOrVar","v":"n"}," PUK"]},{"$i":"type_puk","$v":"PUK 码"},{"$i":"pukValidation","$v":"PUK 码必须正好8个字符。"},{"$i":"pukInfo","$v":"您必须为此 SIM 卡输入个人解锁密钥（PUK）。请查阅您的 SIM 卡说明书或联系您的运营商以了解详细信息。"},{"$i":"pukError","$v":"您必须为此 SIM 卡输入个人解锁密钥（PUK）。请查阅您的 SIM 卡说明书或联系您的运营商以了解详细信息。"},{"$i":"pukAttemptMsg2","$v":{"one":"如果再次输入错误的代码，这个 SIM 卡将会永久失效。参阅你的 SIM 卡手册或者联系你的运营商了解更多信息。","two":["在您的 SIM 卡被永久锁定前您还有 ",{"t":"idOrVar","v":"n"}," 次机会来输入正确的 PUK 码。请查阅您的 SIM 卡说明书或联系您的运营商以了解详细信息。"],"few":["在您的 SIM 卡被永久锁定前您还有 ",{"t":"idOrVar","v":"n"}," 次机会来输入正确的 PUK 码。请查阅您的 SIM 卡说明书或联系您的运营商以了解详细信息。"],"many":["在您的 SIM 卡被永久锁定前您还有 ",{"t":"idOrVar","v":"n"}," 次机会来输入正确的 PUK 码。请查阅您的 SIM 卡说明书或联系您的运营商以了解详细信息。"],"other":["在您的 SIM 卡被永久锁定前您还有 ",{"t":"idOrVar","v":"n"}," 次机会来输入正确的 PUK 码。请查阅您的 SIM 卡说明书或联系您的运营商以了解详细信息。"]},"$x":[{"t":"idOrVar","v":"plural"},"n"]},{"$i":"pukLastChanceMsg","$v":"这是您输入正确的 PUK 码的最后机会。如果输入的 PUK 码错误，您的 SIM卡 将永久失效。"},{"$i":"create_newpin","$v":"创建新的 PIN （4 至 8 位数字）"},{"$i":"confirm_newpin","$v":"请确认新的 PIN"},{"$i":"newpinConfirmation","$v":"PIN 不匹配。"},{"$i":"nckcode","$v":"请输入 NCK 码"},{"$i":"cckcode","$v":"请输入 CCK 码"},{"$i":"spckcode","$v":"请输入 SPCK 码"},{"$i":"nck1code","$v":"请输入 NCK1 码"},{"$i":"nck2code","$v":"请输入 NCK2 码"},{"$i":"hnckcode","$v":"请输入 HNCK 码"},{"$i":"rcckcode","$v":"请输入 RCCK 码"},{"$i":"rspckcode","$v":"请输入 RSPCK 码"},{"$i":"nckcodeTitle","$v":["请输入 SIM ",{"t":"idOrVar","v":"n"}," NCK"]},{"$i":"cckcodeTitle","$v":["请输入 SIM ",{"t":"idOrVar","v":"n"}," CCK"]},{"$i":"spckcodeTitle","$v":["请输入 SIM ",{"t":"idOrVar","v":"n"}," SPCK"]},{"$i":"nck1codeTitle","$v":["请输入 SIM ",{"t":"idOrVar","v":"n"}," NCK1"]},{"$i":"nck2codeTitle","$v":["请输入 SIM ",{"t":"idOrVar","v":"n"}," NCK2"]},{"$i":"hnckcodeTitle","$v":["请输入 SIM ",{"t":"idOrVar","v":"n"}," HNCK"]},{"$i":"rcckcodeTitle","$v":["请输入 SIM ",{"t":"idOrVar","v":"n"}," RCCK"]},{"$i":"rspckcodeTitle","$v":["请输入 SIM ",{"t":"idOrVar","v":"n"}," RSPCK"]},{"$i":"nckcodeLabel","$v":["SIM ",{"t":"idOrVar","v":"n"}," NCK"]},{"$i":"cckcodeLabel","$v":["SIM ",{"t":"idOrVar","v":"n"}," CCK"]},{"$i":"spckcodeLabel","$v":["SIM ",{"t":"idOrVar","v":"n"}," SPCK"]},{"$i":"nck1codeLabel","$v":["SIM ",{"t":"idOrVar","v":"n"}," NCK1"]},{"$i":"nck2codeLabel","$v":["SIM ",{"t":"idOrVar","v":"n"}," NCK2"]},{"$i":"hnckcodeLabel","$v":["SIM ",{"t":"idOrVar","v":"n"}," HNCK"]},{"$i":"rcckcodeLabel","$v":["SIM ",{"t":"idOrVar","v":"n"}," RCCK"]},{"$i":"rspckcodeLabel","$v":["SIM ",{"t":"idOrVar","v":"n"}," RSPCK"]},{"$i":"type_nck","$v":"请输入您的 NCK 码"},{"$i":"type_cck","$v":"请输入您的 CCK 码"},{"$i":"type_spck","$v":"请输入您的 SPCK 码"},{"$i":"type_nck1","$v":"请输入您的 NCK1 码"},{"$i":"type_nck2","$v":"请输入您的 NCK2 码"},{"$i":"type_hnck","$v":"请输入您的 HNCK 码"},{"$i":"type_rcck","$v":"请输入您的 RCCK 码"},{"$i":"type_rspck","$v":"请输入您的 RSPCK 码"},{"$i":"nckValidation","$v":"NCK 必须是8至16个字符。"},{"$i":"cckValidation","$v":"CCK 必须是8至16个字符。"},{"$i":"spckValidation","$v":"SPCK 必须是8至16个字符。"},{"$i":"nck1Validation","$v":"NCK1 必须是8至16个字符。"},{"$i":"nck2Validation","$v":"NCK2 必须是8至16个字符。"},{"$i":"hnckValidation","$v":"HNCK 必须是8至16个字符。"},{"$i":"rcckValidation","$v":"RCCK 必须是8至16个字符。"},{"$i":"rspckValidation","$v":"RSPCK 必须是8至16个字符。"},{"$i":"nckErrorMsg","$v":"NCK 码不正确。"},{"$i":"nckAttemptMsg2","$v":{"one":"网络解锁请求失败。你还有一次机会输入正确的代码。参阅你的设备文档或者联系你的运营商了解更多信息。","two":["网络解锁请求失败。你还有 ",{"t":"idOrVar","v":"n"}," 次机会可以尝试输入正确代码。参看你的设备文档或者联系你的运营商获取更多信息。"],"few":["网络解锁请求失败。你还有 ",{"t":"idOrVar","v":"n"}," 次机会可以尝试输入正确代码。参看你的设备文档或者联系你的运营商获取更多信息。"],"many":["网络解锁请求失败。你还有 ",{"t":"idOrVar","v":"n"}," 次机会可以尝试输入正确代码。参看你的设备文档或者联系你的运营商获取更多信息。"],"other":["网络解锁请求失败。你还有 ",{"t":"idOrVar","v":"n"}," 次机会可以尝试输入正确代码。参看你的设备文档或者联系你的运营商获取更多信息。"]},"$x":[{"t":"idOrVar","v":"plural"},"n"]},{"$i":"nckLastChanceMsg","$v":"网络解锁请求失败。还有最后一次机会可以输入 NCK 码。参考你的设备文档或者联系你的运营商获取更多信息。"},{"$i":"skip","$v":"跳过"},{"$i":"send","$v":"发送"},{"$i":"ok","$v":"确定"},{"$i":"simLocked","$v":"SIM 卡被锁定"},{"$i":"inputCodeRetriesLeft","$v":{"one":"最后一次尝试。","two":["还有 ",{"t":"idOrVar","v":"n"}," 次机会。"],"few":["还有 ",{"t":"idOrVar","v":"n"}," 次机会。"],"many":["还有 ",{"t":"idOrVar","v":"n"}," 次机会。"],"other":["还有 ",{"t":"idOrVar","v":"n"}," 次机会。"]},"$x":[{"t":"idOrVar","v":"plural"},"n"]},{"$i":"simManager","$v":"SIM 管理器"},{"$i":"simDetail","$v":["SIM ",{"t":"idOrVar","v":"n"}]},{"$i":"simDefault","$v":"（默认）"},{"$i":"simDefaultMessage","$v":"拨出电话、发出短信及数据连接已设置默认使用 SIM 1"},{"$i":"simSettingsMessage","$v":"您可以在“设置”>”SIM 卡管理器“中更改默认设置"},{"$i":"simPinLocked","$v":"SIM PIN 已锁定"},{"$i":"noOperator","$v":"没有运营商"},{"$i":"searchingOperator","$v":"搜索中"},{"$i":"language","$v":"语言"},{"$i":"3g","$v":"蜂窝数据"},{"$i":"dataConnection","$v":"启用数据"},{"$i":"dataConnectionInfo","$v":"现在启用数据连接可以让您在没有 Wi-Fi 连接的情况下设置您的手机。您也可以稍后在“设置”中启用它。只是要确认您与运营商签订的数据套餐计划，以避免可能的高额费用。"},{"$i":"caution","$v":"警告"},{"$i":"geolocation","$v":"定位"},{"$i":"geolocationCheckbox","$v":"启用地理定位"},{"$i":"geolocationInfo2","$v":[{"t":"idOrVar","v":"brandShortName"}," 将使用您附近的如 GPS、Wi-Fi 和移动网络以帮助测定您的大致位置。"]},{"$i":"geolocationInfoMore","$v":"数据将发送到 Mozilla 及其他服务提供商，并将汇集以供改善那些位置数据库。数据可能被存储在您的设备上，并且可能在没有应用运行时收集数据。"},{"$i":"notice","$v":"通知"},{"$i":"aboutYourPrivacy","$v":"有关您的隐私权"},{"$i":"scanningNetworks","$v":"正在扫描网络"},{"$i":"selectNetwork","$v":"选择一个网络"},{"$i":"shortStatus-connecting","$v":"正在连接..."},{"$i":"shortStatus-associated","$v":"正在获取 IP 地址…"},{"$i":"shortStatus-connected","$v":"已连接。"},{"$i":"shortStatus-connectingfailed","$v":"连接失败"},{"$i":"shortStatus-disconnected","$v":"脱机"},{"$i":"securedBy","$v":["由 ",{"t":"idOrVar","v":"capabilities"}," 保障安全"]},{"$i":"security","$v":"安全性"},{"$i":"securityNone","$v":"无"},{"$i":"securityWEP","$v":"WEP"},{"$i":"securityWPA-PSK","$v":"WPA-PSK"},{"$i":"securityWPA-EAP","$v":"WPA-EAP"},{"$i":"securityOpen","$v":"开放","ariaLabel":"安全"},{"$i":"identity","$v":"用户名"},{"$i":"identityInput","placeholder":"用户名"},{"$i":"password","$v":"密码"},{"$i":"passwordInput","placeholder":"密码"},{"$i":"showPassword","$v":"显示密码"},{"$i":"refresh","$v":"刷新"},{"$i":"noWifiFound3","$v":"未找到无线网络"},{"$i":"join-hidden-button","$v":"加入隐藏网络"},{"$i":"authentication","$v":"身份验证"},{"$i":"ssid-name","$v":"SSID 网络名称"},{"$i":"wifiLevel","ariaLabel":["4分之",{"t":"idOrVar","v":"level"},"格"]},{"$i":"networksList","ariaLabel":"发现网络"},{"$i":"dateAndTime","$v":"日期与时间"},{"$i":"timezoneTitle","$v":["UTC",{"t":"idOrVar","v":"utcOffset"}," ",{"t":"idOrVar","v":"region"},"/",{"t":"idOrVar","v":"city"}]},{"$i":"timeZone","$v":"时区"},{"$i":"change","$v":"修改"},{"$i":"region","ariaLabel":"地区"},{"$i":"city","ariaLabel":"城市"},{"$i":"date","ariaLabel":"日期"},{"$i":"time","ariaLabel":"时间"},{"$i":"importContacts3","$v":"导入联系人"},{"$i":"importSim2","$v":"SIM 卡"},{"$i":"importFb2","$v":"Facebook"},{"$i":"importOutlook","$v":"Outlook"},{"$i":"importGmail","$v":"Gmail"},{"$i":"fb-checking","$v":"… 正在检查"},{"$i":"notImportedYet","$v":"尚未导入"},{"$i":"otherAccount","$v":"其他账户"},{"$i":"afterFbImport","$v":"你随时可以在联系人设置中导入和编辑 Facebook 好友"},{"$i":"firefox-accounts","$v":"Firefox 账户"},{"$i":"fxa-upsell","innerHTML":"拥有 Firefox 账户您就可以找回丢失的手机以及从火狐应用市场购买应用。"},{"$i":"fxa-create-account-or-sign-in","$v":"创建账户或登录"},{"$i":"fxa-email-sent","$v":["一个验证链接已发送到 ",{"t":"idOrVar","v":"email"}]},{"$i":"fxa-signed-in","$v":["登录身份为 ",{"t":"idOrVar","v":"email"}]},{"$i":"about-your-rights-0","$v":[{"t":"idOrVar","v":"brandShortName"}," 是由世界各地成千上万的社区成员基于自由且开放源代码的软件制作。以下几点您应该了解："]},{"$i":"about-your-rights-1","$v":["你可以在包括 Mozilla 公共许可证（Mozilla Public License）在内的多个开放源代码协议下使用 ",{"t":"idOrVar","v":"brandShortName"},"。运行 ",{"t":"idOrVar","v":"brandShortName"}," 的设备也可能包含来自第三方的专有软件。你有权在遵守协议条款的前提下修改在开放许可下提供的任何代码，并可再分发你修改后的版本。"]},{"$i":"about-your-rights-2","$v":["你未被授予任何商标权或者许可，包括 Mozilla 基金会或者任意一方的。包括且不限于 ",{"t":"idOrVar","v":"brandShortName"}," 名称或者标志。"]},{"$i":"about-your-rights-3","$v":[{"t":"idOrVar","v":"brandShortName"}," 中的某些功能，例如崩溃报告程序，使你可以向 Mozilla 提供反馈。通过提交反馈，你许可 Mozilla 使用反馈信息改进他的产品，在他的网站发布反馈，并且可以分发反馈信息。"]},{"$i":"about-other","$v":"其他"},{"$i":"SIM_mandatory","$v":"SIM 卡警告"},{"$i":"SIM_mandatory_warm","$v":"请插入 SIM 卡并重启您的手机。"},{"$i":"telemetry-sends2","$v":["遥测会发送您的 ",{"t":"idOrVar","v":"brandShortName"}," 设备中有关性能、硬件、配置、定制和应用使用的数据到 Mozilla。我们会使用这些数据来使我们的产品变得更好、更快、更灵敏。"]},{"$i":"learn-more-telemetry2","innerHTML":["在 <a href=\"",{"t":"idOrVar","v":"href"},"\" class=\"",{"t":"idOrVar","v":"className"},"\">",{"t":"idOrVar","v":"textContent"},"</a> 详细了解"]},{"$i":"learn-more-information2","innerHTML":["了解 Mozilla 如何处理您的信息请到 <a href=\"",{"t":"idOrVar","v":"href"},"\" class=\"",{"t":"idOrVar","v":"className"},"\">",{"t":"idOrVar","v":"textContent"},"</a>"]},{"$i":"htmlWelcome2","innerHTML":["欢迎使用 <a href=\"",{"t":"idOrVar","v":"href"},"\" class=\"",{"t":"idOrVar","v":"className"},"\">",{"t":"idOrVar","v":"textContent"},"</a>，来自 Mozilla 的自由且开放源代码的操作系统。我们的使命是促进开放、创新和机遇，通过保持网络的力量在你手中。"]},{"$i":"htmlWelcome-link","$v":[{"t":"idOrVar","v":"brandShortName"}]},{"$i":"helpImprove2","innerHTML":["您可以帮助我们改进我们的产品和服务，通过自动发送分析数据。参阅我们的 <a href=\"",{"t":"idOrVar","v":"href"},"\" class=\"",{"t":"idOrVar","v":"className"},"\">",{"t":"idOrVar","v":"textContent"},"</a> 了解我们如何处理来自您的设备的数据。"]},{"$i":"helpImprove-link","$v":"隐私声明"},{"$i":"learn-more-privacy2","innerHTML":["了解 Mozilla 如何处理您的信息，参见<a href=\"",{"t":"idOrVar","v":"href"},"\" class=\"",{"t":"idOrVar","v":"className"},"\">",{"t":"idOrVar","v":"textContent"},"</a>。"]},{"$i":"learn-more-privacy-link","$v":"隐私政策"},{"$i":"aboutBrowser","$v":["关于 ",{"t":"idOrVar","v":"brandShortName"}]},{"$i":"aboutYourPrivacy2","$v":"您的隐私"},{"$i":"mozillaCommunity2","$v":["当你使用 ",{"t":"idOrVar","v":"brandShortName"}," 的时候，就成为了全球社区的一部分，帮助创造互联网更光明的未来。如果你希望进一步了解 Mozilla 社区，我们的其他产品以及你周围发生的事情，请在下面输入你的电子邮件地址。"]},{"$i":"sharePerformanceAndUsageData2","$v":"是的，发送数据！"},{"$i":"emailAddress","placeholder":"电子邮件地址"},{"$i":"email-successfully-added","$v":"成功添加邮件地址"},{"$i":"email-loading","$v":"保存你的邮件地址…"},{"$i":"privacy-b2g","$v":[{"t":"idOrVar","v":"brandShortName"}],"title":[{"t":"idOrVar","v":"brandShortName"}]},{"$i":"privacy-marketplace","$v":"应用市场","title":[{"t":"idOrVar","v":"privacy-marketplace"}]},{"$i":"privacy-eme","$v":"EverythingMe"},{"$i":"privacy-e-me","title":[{"t":"idOrVar","v":"privacy-e-me"}]},{"$i":"navbar-back","$v":"上一步"},{"$i":"navbar-next","$v":"下一步"},{"$i":"navbar-join","$v":"加入"},{"$i":"done","$v":"完成"},{"$i":"thatsIt","$v":"就这么简单！"},{"$i":"startYourPhone","$v":"开始使用您的手机！"},{"$i":"startYourTablet","$v":"开启您的平板电脑之旅！"},{"$i":"joinTutorial","$v":"观看一个关于你的新手机的快速指南。"},{"$i":"joinTutorialUpdated","$v":"跟我们了解一下你的手机有什么更新。"},{"$i":"enjoyYourPhone","$v":"准备好享用你的新手机了吗？"},{"$i":"enjoyYourPhoneUpdated","$v":"准备好享用您更新后的新手机了吗？"},{"$i":"optionsAvailable","$v":"您可以在设置中更改语言、日期与时间，以及 Wi-Fi 连接。"},{"$i":"letsGo","$v":"出发！"},{"$i":"startTour","$v":"开始"},{"$i":"thatsIt1Tablet-2","$v":"您始终可以从底部边缘滑动进入主屏幕。"},{"$i":"thatsIt2Tablet-2","$v":"让我们开始吧！"},{"$i":"tutorial","$v":"教程"},{"$i":"tutorial-step1-large-3","$v":"Swipe down to access recent notifications, usage information and settings."},{"$i":"tutorial-step2-large-2","$v":"向左或向右滑动探索主屏幕上的新应用。"},{"$i":"tutorial-step3-large-2","$v":"点按图标几秒即可删除或者移动它。"},{"$i":"tutorial-step4-large-2","$v":"两个手指从底边轻扫触发卡片视图。"},{"$i":"tutorial-vertical-scroll-v2-tiny","$v":"向上或向下滑动以浏览您的应用和书签。按住某个图标以删除、移动或编辑该应用。"},{"$i":"tutorial-notifications-v2-tiny","$v":"Swipe down to access recent notifications, usage information and settings."},{"$i":"tutorial-sheets-tiny","$v":"从您的屏幕左边缘拖动以返回最近使用的应用。"},{"$i":"tutorial-rocketbar-tiny","$v":"随时都可点按搜索框开始搜索或浏览网站。"},{"$i":"tutorial-bookmarks-migration-tiny","$v":"您的书签已移动到主屏幕。在编辑状态中点按一个书签来编辑或重命名它。"},{"$i":"tutorial-app-grouping-tiny","$v":"Tap to expand and collapse app groups. Drag an app into a new space to create a group."},{"$i":"offline-dialog-title","$v":"要查看此页你必须连接到网络。"},{"$i":"offline-dialog-text","$v":["请后退并连接到互联网。以后你还可以从“设置”或在任何浏览器窗口中输入 ",{"t":"idOrVar","v":"url"}," 查看此页。"]},{"$i":"OK","$v":"OK"},{"$i":"offline-newsletter-dialog-title","$v":"你必须连接到互联网才能订阅时事通讯。"},{"$i":"offline-newsletter-dialog-text","$v":"请返回并连接到互联网。"},{"$i":"invalid-email-dialog-title","$v":"你的邮件地址无效"},{"$i":"invalid-email-dialog-text","$v":"请返回并更正您的输入。"},{"$i":"retry","$v":"重试"},{"$i":"cancel","$v":"取消"},{"$i":"progressbar","$v":["第",{"t":"idOrVar","v":"step"},"步，共",{"t":"idOrVar","v":"total"},"步"],"ariaLabel":"首次体验"},{"$i":"weekday-0-long","$v":"星期日"},{"$i":"weekday-1-long","$v":"星期一"},{"$i":"weekday-2-long","$v":"星期二"},{"$i":"weekday-3-long","$v":"星期三"},{"$i":"weekday-4-long","$v":"星期四"},{"$i":"weekday-5-long","$v":"星期五"},{"$i":"weekday-6-long","$v":"星期六"},{"$i":"weekday-0-short","$v":"日"},{"$i":"weekday-1-short","$v":"一"},{"$i":"weekday-2-short","$v":"二"},{"$i":"weekday-3-short","$v":"三"},{"$i":"weekday-4-short","$v":"四"},{"$i":"weekday-5-short","$v":"五"},{"$i":"weekday-6-short","$v":"六"},{"$i":"month-0-long","$v":"1 月"},{"$i":"month-1-long","$v":"2 月"},{"$i":"month-2-long","$v":"3 月"},{"$i":"month-3-long","$v":"4 月"},{"$i":"month-4-long","$v":"5 月"},{"$i":"month-5-long","$v":"6 月"},{"$i":"month-6-long","$v":"7 月"},{"$i":"month-7-long","$v":"8 月"},{"$i":"month-8-long","$v":"9 月"},{"$i":"month-9-long","$v":"10 月"},{"$i":"month-10-long","$v":"11 月"},{"$i":"month-11-long","$v":"12 月"},{"$i":"month-0-genitive","$v":"一月"},{"$i":"month-1-genitive","$v":"二月"},{"$i":"month-2-genitive","$v":"三月"},{"$i":"month-3-genitive","$v":"四月"},{"$i":"month-4-genitive","$v":"五月"},{"$i":"month-5-genitive","$v":"六月"},{"$i":"month-6-genitive","$v":"七月"},{"$i":"month-7-genitive","$v":"八月"},{"$i":"month-8-genitive","$v":"九月"},{"$i":"month-9-genitive","$v":"十月"},{"$i":"month-10-genitive","$v":"十一月"},{"$i":"month-11-genitive","$v":"十二月"},{"$i":"month-0-short","$v":"1 月"},{"$i":"month-1-short","$v":"2 月"},{"$i":"month-2-short","$v":"3 月"},{"$i":"month-3-short","$v":"4 月"},{"$i":"month-4-short","$v":"5 月"},{"$i":"month-5-short","$v":"6 月"},{"$i":"month-6-short","$v":"7 月"},{"$i":"month-7-short","$v":"8 月"},{"$i":"month-8-short","$v":"9 月"},{"$i":"month-9-short","$v":"10 月"},{"$i":"month-10-short","$v":"11 月"},{"$i":"month-11-short","$v":"12 月"},{"$i":"minutes-ago-long","$v":{"zero":"刚才","one":"1 分钟前","two":[{"t":"idOrVar","v":"value"}," 分钟前"],"few":[{"t":"idOrVar","v":"value"}," 分钟前"],"many":[{"t":"idOrVar","v":"value"}," 分钟前"],"other":[{"t":"idOrVar","v":"value"}," 分钟前"]},"$x":[{"t":"idOrVar","v":"plural"},"value"]},{"$i":"hours-ago-long","$v":{"zero":"刚才","one":"1 小时前","two":[{"t":"idOrVar","v":"value"}," 小时前"],"few":[{"t":"idOrVar","v":"value"}," 小时前"],"many":[{"t":"idOrVar","v":"value"}," 小时前"],"other":[{"t":"idOrVar","v":"value"}," 小时前"]},"$x":[{"t":"idOrVar","v":"plural"},"value"]},{"$i":"days-ago-long","$v":{"zero":"今天","one":"昨天","two":[{"t":"idOrVar","v":"value"}," 天前"],"few":[{"t":"idOrVar","v":"value"}," 天前"],"many":[{"t":"idOrVar","v":"value"}," 天前"],"other":[{"t":"idOrVar","v":"value"}," 天前"]},"$x":[{"t":"idOrVar","v":"plural"},"value"]},{"$i":"weeks-ago-long","$v":{"zero":"本周","one":"上周","two":[{"t":"idOrVar","v":"value"}," 周前"],"few":[{"t":"idOrVar","v":"value"}," 周前"],"many":[{"t":"idOrVar","v":"value"}," 周前"],"other":[{"t":"idOrVar","v":"value"}," 周前"]},"$x":[{"t":"idOrVar","v":"plural"},"value"]},{"$i":"months-ago-long","$v":{"zero":"本月","one":"上月","two":[{"t":"idOrVar","v":"value"}," 个月前"],"few":[{"t":"idOrVar","v":"value"}," 个月前"],"many":[{"t":"idOrVar","v":"value"}," 个月前"],"other":[{"t":"idOrVar","v":"value"}," 个月前"]},"$x":[{"t":"idOrVar","v":"plural"},"value"]},{"$i":"years-ago-long","$v":{"zero":"今年","one":"去年","two":[{"t":"idOrVar","v":"value"}," 年前"],"few":[{"t":"idOrVar","v":"value"}," 年前"],"many":[{"t":"idOrVar","v":"value"}," 年前"],"other":[{"t":"idOrVar","v":"value"}," 年前"]},"$x":[{"t":"idOrVar","v":"plural"},"value"]},{"$i":"minutes-until-long","$v":{"zero":"现在","one":"1 分钟内","two":["剩",{"t":"idOrVar","v":"value"},"分钟"],"few":["剩",{"t":"idOrVar","v":"value"},"分钟"],"many":["剩",{"t":"idOrVar","v":"value"},"分钟"],"other":["剩",{"t":"idOrVar","v":"value"},"分钟"]},"$x":[{"t":"idOrVar","v":"plural"},"value"]},{"$i":"hours-until-long","$v":{"zero":"现在","one":"1 小时内","two":["剩",{"t":"idOrVar","v":"value"},"小时"],"few":["剩",{"t":"idOrVar","v":"value"},"小时"],"many":["剩",{"t":"idOrVar","v":"value"},"小时"],"other":["剩",{"t":"idOrVar","v":"value"},"小时"]},"$x":[{"t":"idOrVar","v":"plural"},"value"]},{"$i":"days-until-long","$v":{"zero":"今天","one":"明天","two":["剩",{"t":"idOrVar","v":"value"},"天"],"few":["剩",{"t":"idOrVar","v":"value"},"天"],"many":["剩",{"t":"idOrVar","v":"value"},"天"],"other":["剩",{"t":"idOrVar","v":"value"},"天"]},"$x":[{"t":"idOrVar","v":"plural"},"value"]},{"$i":"weeks-until-long","$v":{"zero":"本周","one":"下周","two":["剩",{"t":"idOrVar","v":"value"},"周"],"few":["剩",{"t":"idOrVar","v":"value"},"周"],"many":["剩",{"t":"idOrVar","v":"value"},"周"],"other":["剩",{"t":"idOrVar","v":"value"},"周"]},"$x":[{"t":"idOrVar","v":"plural"},"value"]},{"$i":"months-until-long","$v":{"zero":"本月","one":"下月","two":["剩",{"t":"idOrVar","v":"value"},"个月"],"few":["剩",{"t":"idOrVar","v":"value"},"个月"],"many":["剩",{"t":"idOrVar","v":"value"},"个月"],"other":["剩",{"t":"idOrVar","v":"value"},"个月"]},"$x":[{"t":"idOrVar","v":"plural"},"value"]},{"$i":"years-until-long","$v":{"zero":"今年","one":"明年","two":["剩",{"t":"idOrVar","v":"value"},"年"],"few":["剩",{"t":"idOrVar","v":"value"},"年"],"many":["剩",{"t":"idOrVar","v":"value"},"年"],"other":["剩",{"t":"idOrVar","v":"value"},"年"]},"$x":[{"t":"idOrVar","v":"plural"},"value"]},{"$i":"minutes-ago-short","$v":{"zero":"刚才","other":[{"t":"idOrVar","v":"value"}," 分钟前"]},"$x":[{"t":"idOrVar","v":"plural"},"value"]},{"$i":"hours-ago-short","$v":{"zero":"刚才","other":[{"t":"idOrVar","v":"value"},"小时前"]},"$x":[{"t":"idOrVar","v":"plural"},"value"]},{"$i":"days-ago-short","$v":{"zero":"今天","other":[{"t":"idOrVar","v":"value"}," 天前"]},"$x":[{"t":"idOrVar","v":"plural"},"value"]},{"$i":"minutes-until-short","$v":{"zero":"现在","other":["剩",{"t":"idOrVar","v":"value"},"分钟"]},"$x":[{"t":"idOrVar","v":"plural"},"value"]},{"$i":"hours-until-short","$v":{"zero":"现在","other":["剩",{"t":"idOrVar","v":"value"},"小时"]},"$x":[{"t":"idOrVar","v":"plural"},"value"]},{"$i":"days-until-short","$v":{"zero":"今天","other":["剩",{"t":"idOrVar","v":"value"},"天"]},"$x":[{"t":"idOrVar","v":"plural"},"value"]},{"$i":"incorrectDate","$v":"（日期不正确）"},{"$i":"dateTimeFormat_%c","$v":"%Y 年 %b %e 日 %a %H:%M:%S"},{"$i":"dateTimeFormat_%x","$v":"%Y/%m/%d"},{"$i":"dateTimeFormat_%X","$v":"%H:%M:%S"},{"$i":"shortTimeFormat","$v":"%H:%M"},{"$i":"shortTimeFormat12","$v":"%p %I:%M"},{"$i":"shortTimeFormat24","$v":"%H:%M"},{"$i":"shortDateTimeFormat","$v":"%x %H:%M"},{"$i":"weekStartsOnMonday","$v":"0"},{"$i":"firstDayOfTheWeek","$v":"0"},{"$i":"time_am","$v":"上午"},{"$i":"time_pm","$v":"下午"},{"$i":"tz-region","$v":"地区"},{"$i":"tz-city","$v":"城市"},{"$i":"tzRegion-Africa","$v":"非洲"},{"$i":"tzRegion-America","$v":"美洲"},{"$i":"tzRegion-Antarctica","$v":"南极洲"},{"$i":"tzRegion-Asia","$v":"亚洲"},{"$i":"tzRegion-Atlantic","$v":"大西洋"},{"$i":"tzRegion-Australia","$v":"澳大利亚"},{"$i":"tzRegion-Europe","$v":"欧洲"},{"$i":"tzRegion-Indian","$v":"印度洋"},{"$i":"tzRegion-Pacific","$v":"太平洋"},{"$i":"close","$v":"关闭"},{"$i":"import","$v":"导入"},{"$i":"update","$v":"更新"},{"$i":"fbFriends","$v":"Facebook 上的朋友"},{"$i":"live-serviceName","$v":"Outlook"},{"$i":"gmail-serviceName","$v":"Gmail"},{"$i":"facebook-serviceName","$v":"Facebook 上的朋友"},{"$i":"selectAll","$v":"选择全部"},{"$i":"deselectAll","$v":"全部不选"},{"$i":"viewAll","$v":"查看所有 Facebook 上的朋友"},{"$i":"viewRecommend","$v":"仅显示推荐的"},{"$i":"linkProposal","$v":{"zero":"没有找到匹配的朋友，显示全部的","one":"选择推荐项","two":"选择建议的一项","few":"选择建议的一项","many":"选择建议的一项","other":"选择建议的一项"},"$x":[{"t":"idOrVar","v":"plural"},"numFriends"]},{"$i":"fbFriendsFound","$v":{"zero":"已导入全部朋友","one":"发现一个可导入的朋友","two":["找到 ",{"t":"idOrVar","v":"numFriends"}," 个要导入的朋友"],"few":["找到 ",{"t":"idOrVar","v":"numFriends"}," 个要导入的朋友"],"many":["找到 ",{"t":"idOrVar","v":"numFriends"}," 个要导入的朋友"],"other":["找到 ",{"t":"idOrVar","v":"numFriends"}," 个要导入的朋友"]},"$x":[{"t":"idOrVar","v":"plural"},"numFriends"]},{"$i":"fbNoFriends","$v":"没有联系人可供导入"},{"$i":"search-contact","placeholder":"搜索"},{"$i":"noResults","$v":"没有找到联系人"},{"$i":"done-search","$v":"完成"},{"$i":"progressFB3ImportTitle","$v":"正在将朋友导入联系人"},{"$i":"progressFB","$v":[{"t":"idOrVar","v":"current"},"/",{"t":"idOrVar","v":"total"}]},{"$i":"progressFB3UpdateTitle","$v":"正在更新联系人中的朋友"},{"$i":"message2","$v":"这可能需要几分钟的时间"},{"$i":"messageLinking","$v":"请等待，正在连接你的朋友和你的联系人。"},{"$i":"messageCanceling","$v":"请稍候，我们正在取消当前的操作。"},{"$i":"error1","$v":["错误 ",{"t":"idOrVar","v":"from"}]},{"$i":"error2","$v":"是否重试？"},{"$i":"errorProposal","$v":"正在计算建议"},{"$i":"errorFriends","$v":"正在获取朋友"},{"$i":"errorLinking","$v":"正在连接联系人"},{"$i":"timeout1","$v":["超过时限 ",{"t":"idOrVar","v":"from"}]},{"$i":"timeout2","$v":"是否重试？"},{"$i":"timeoutProposal","$v":"正在计算建议"},{"$i":"timeoutFriends","$v":"正在获取朋友"},{"$i":"timeoutLinking","$v":"正在连接联系人"},{"$i":"wait1","$v":"请等待"},{"$i":"wait2","$v":"这可能需要几分钟的时间"},{"$i":"waitProposal","$v":"请等待，我们正在计算建议。"},{"$i":"waitFriends","$v":"请等待，我们正在连接以获得你的朋友列表。"},{"$i":"curtainCancel","$v":"取消"},{"$i":"curtainRetry","$v":"重试"},{"$i":"curtainOK","$v":"确定"},{"$i":"connectionLost","$v":"没有互联网连接"},{"$i":"connectionLostMsg","$v":"朋友的照片不会添加到您的联系人中。继续吗？"},{"$i":"yesOption","$v":"确定"},{"$i":"noOption","$v":"取消"},{"$i":"friendsUpdated","$v":{"zero":"没有更新朋友","one":"已更新一个朋友","two":["已更新 ",{"t":"idOrVar","v":"numFriends"}," 个朋友"],"few":["已更新 ",{"t":"idOrVar","v":"numFriends"}," 个朋友"],"many":["已更新 ",{"t":"idOrVar","v":"numFriends"}," 个朋友"],"other":["已更新 ",{"t":"idOrVar","v":"numFriends"}," 个朋友"]},"$x":[{"t":"idOrVar","v":"plural"},"numFriends"]},{"$i":"friendsMerged","$v":{"zero":"没有可合并的重复的朋友","one":"找到一个重复的朋友","two":["找到 ",{"t":"idOrVar","v":"numDups"}," 个重复的朋友"],"few":["找到 ",{"t":"idOrVar","v":"numDups"}," 个重复的朋友"],"many":["找到 ",{"t":"idOrVar","v":"numDups"}," 个重复的朋友"],"other":["找到 ",{"t":"idOrVar","v":"numDups"}," 个重复的朋友"]},"$x":[{"t":"idOrVar","v":"plural"},"numDups"]},{"$i":"notificationLogin","$v":"你的 Facebook 会话无效，请登录。"},{"$i":"syncError","$v":"同步你的朋友数据时发生错误"}]