[{"$i":"brandShortName","$v":"B2G OS"},{"$i":"browserBrandShortName","$v":"Web Browser"},{"$i":"browserBrandFullName","$v":"Mozilla Web Browser"},{"$i":"ringtoneBrandName","$v":"Default"},{"$i":"ringtoneSectionBrandName","$v":"System"},{"$i":"back","$v":"返回"},{"$i":"noSimMsg","$v":"請插入或解鎖 SIM 卡以匯入聯絡人"},{"$i":"noMemoryCardMsg","$v":"請插入記憶卡以匯入聯絡人"},{"$i":"importMemoryCard","$v":"記憶卡"},{"$i":"noConnection11","$v":"請先連線到 Wi-Fi 或數據網路以匯入 Facebook 朋友或聯絡人"},{"$i":"emptyAccount","$v":"未在此帳號找到朋友或聯絡人。"},{"$i":"simContacts-import","$v":"匯入 SIM 卡中的聯絡人"},{"$i":"simContacts-importing","$v":"正在匯入 SIM 卡中的聯絡人…"},{"$i":"simContacts-reading","$v":"正在讀取 SIM 卡…"},{"$i":"simContacts-error","$v":"無法自 SIM 卡中匯入聯絡人"},{"$i":"simContacts-imported3","$v":{"zero":"SIM 卡上找不到可匯入的聯絡人","one":"已匯入 1 位聯絡人","two":["已匯入 ",{"t":"idOrVar","v":"n"}," 位聯絡人"],"few":["已匯入 ",{"t":"idOrVar","v":"n"}," 位聯絡人"],"many":["已匯入 ",{"t":"idOrVar","v":"n"}," 位聯絡人"],"other":["已匯入 ",{"t":"idOrVar","v":"n"}," 位聯絡人"]},"$x":[{"t":"idOrVar","v":"plural"},"n"]},{"$i":"memoryCardContacts-import","$v":"自記憶卡中匯入聯絡人"},{"$i":"memoryCardContacts-importing","$v":"正在自記憶卡中匯入聯絡人…"},{"$i":"memoryCardContacts-reading","$v":"正在讀取記憶卡…"},{"$i":"memoryCardContacts-error","$v":"無法自記憶卡中匯入聯絡人"},{"$i":"memoryCardContacts-imported3","$v":{"zero":"記憶卡中偵測不到聯絡人","one":"已匯入 1 位聯絡人","two":["已匯入 ",{"t":"idOrVar","v":"n"}," 位聯絡人"],"few":["已匯入 ",{"t":"idOrVar","v":"n"}," 位聯絡人"],"many":["已匯入 ",{"t":"idOrVar","v":"n"}," 位聯絡人"],"other":["已匯入 ",{"t":"idOrVar","v":"n"}," 位聯絡人"]},"$x":[{"t":"idOrVar","v":"plural"},"n"]},{"$i":"genericProgress","$v":[{"t":"idOrVar","v":"current"},"/",{"t":"idOrVar","v":"total"}]},{"$i":"facebook","$v":"Facebook"},{"$i":"facebook-import-msg2","$v":["已匯入 ",{"t":"idOrVar","v":"imported"},"/",{"t":"idOrVar","v":"total"}," 位朋友"]},{"$i":"contactsMerged","$v":{"zero":"未合併任何重複聯絡人","one":"已合併 1 位重複聯絡人","two":["已合併 ",{"t":"idOrVar","v":"numDups"}," 位重複聯絡人"],"few":["已合併 ",{"t":"idOrVar","v":"numDups"}," 位重複聯絡人"],"many":["已合併 ",{"t":"idOrVar","v":"numDups"}," 位重複聯絡人"],"other":["已合併 ",{"t":"idOrVar","v":"numDups"}," 位重複聯絡人"]},"$x":[{"t":"idOrVar","v":"plural"},"numDups"]},{"$i":"pincode2","$v":"輸入 PIN 碼"},{"$i":"type_pin","$v":"輸入您的 PIN 碼"},{"$i":"pincodeLabel","$v":["SIM ",{"t":"idOrVar","v":"n"}," PIN"]},{"$i":"pinValidation","$v":"PIN 碼必須為 4~8 字元長。"},{"$i":"pinError","$v":"PIN 不正確。"},{"$i":"pinAttemptMsg2","$v":{"one":"這是您最後一次輸入正確 PIN 碼的機會。若您這次輸入的 PIN 碼還是錯誤，您的 SIM 卡將會被鎖定。","two":["您還有 ",{"t":"idOrVar","v":"n"}," 次輸入正確 PIN 碼的機會。若您一直輸入錯誤的 PIN 碼，您的 SIM 卡將會被鎖定。"],"few":["您還有 ",{"t":"idOrVar","v":"n"}," 次輸入正確 PIN 碼的機會。若您一直輸入錯誤的 PIN 碼，您的 SIM 卡將會被鎖定。"],"many":["您還有 ",{"t":"idOrVar","v":"n"}," 次輸入正確 PIN 碼的機會。若您一直輸入錯誤的 PIN 碼，您的 SIM 卡將會被鎖定。"],"other":["您還有 ",{"t":"idOrVar","v":"n"}," 次輸入正確 PIN 碼的機會。若您一直輸入錯誤的 PIN 碼，您的 SIM 卡將會被鎖定。"]},"$x":[{"t":"idOrVar","v":"plural"},"n"]},{"$i":"pinLastChanceMsg","$v":"這是您最後一次能輸入正確 PIN 碼的機會。否則您必須輸入 PUK 碼才能使用此 SIM 卡。"},{"$i":"pukcode","$v":"輸入 PUK 碼"},{"$i":"pukcodeTitle","$v":["輸入 SIM ",{"t":"idOrVar","v":"n"}," 的 PUK 碼"]},{"$i":"pukcodeLabel","$v":["SIM ",{"t":"idOrVar","v":"n"}," PUK"]},{"$i":"type_puk","$v":"PUK 碼"},{"$i":"pukValidation","$v":"PUK 碼必須為 8 個字元長。"},{"$i":"pukInfo","$v":"您必須輸入 SIM 卡的 PUK 碼。若需更多資訊，請參考您的 SIM 卡文件或洽詢您的電信業者。"},{"$i":"pukError","$v":"PUK 碼不正確。"},{"$i":"pukAttemptMsg2","$v":{"one":"您只剩下最後一次輸入正確 PUK 碼的機會，若您這次輸入的 PUK 碼還是錯誤，您的 SIM 卡將會永久無法使用。請參考您的 SIM 卡文件或聯絡您的電信業者以取得更多資訊。","two":["您還有 ",{"t":"idOrVar","v":"n"}," 次機會可以輸入正確的 PUK 解鎖碼，否則此 SIM 卡將永久失效。若需更多資訊，請參考您的 SIM 卡文件或洽詢您的電信業者。"],"few":["您還有 ",{"t":"idOrVar","v":"n"}," 次機會可以輸入正確的 PUK 解鎖碼，否則此 SIM 卡將永久失效。若需更多資訊，請參考您的 SIM 卡文件或洽詢您的電信業者。"],"many":["您還有 ",{"t":"idOrVar","v":"n"}," 次機會可以輸入正確的 PUK 解鎖碼，否則此 SIM 卡將永久失效。若需更多資訊，請參考您的 SIM 卡文件或洽詢您的電信業者。"],"other":["您還有 ",{"t":"idOrVar","v":"n"}," 次機會可以輸入正確的 PUK 解鎖碼，否則此 SIM 卡將永久失效。若需更多資訊，請參考您的 SIM 卡文件或洽詢您的電信業者。"]},"$x":[{"t":"idOrVar","v":"plural"},"n"]},{"$i":"pukLastChanceMsg","$v":"這是您最後一次輸入正確 PUK 碼的機會，若您這次輸入的 PUK 碼還是錯誤，您的 SIM 卡將會永久無法使用。"},{"$i":"create_newpin","$v":"建立新的 PIN (4 到 8 位數)"},{"$i":"confirm_newpin","$v":"確認新 PIN 碼"},{"$i":"newpinConfirmation","$v":"輸入的 PIN 不相同。"},{"$i":"nckcode","$v":"輸入 NCK 碼"},{"$i":"cckcode","$v":"輸入 CCK 碼"},{"$i":"spckcode","$v":"輸入 SPCK 碼"},{"$i":"nck1code","$v":"輸入 NCK1 碼"},{"$i":"nck2code","$v":"輸入 NCK2 碼"},{"$i":"hnckcode","$v":"輸入 HNCK 碼"},{"$i":"rcckcode","$v":"輸入 RCCK 碼"},{"$i":"rspckcode","$v":"輸入 RSPCK 碼"},{"$i":"nckcodeTitle","$v":["輸入 SIM ",{"t":"idOrVar","v":"n"}," 的 NCK 碼"]},{"$i":"cckcodeTitle","$v":["輸入 SIM ",{"t":"idOrVar","v":"n"}," 的 CCK 碼"]},{"$i":"spckcodeTitle","$v":["輸入 SIM ",{"t":"idOrVar","v":"n"}," 的 SPCK 碼"]},{"$i":"nck1codeTitle","$v":["輸入 SIM ",{"t":"idOrVar","v":"n"}," 的 NCK1 碼"]},{"$i":"nck2codeTitle","$v":["輸入 SIM ",{"t":"idOrVar","v":"n"}," 的 NCK2 碼"]},{"$i":"hnckcodeTitle","$v":["輸入 SIM ",{"t":"idOrVar","v":"n"}," 的 HNCK 碼"]},{"$i":"rcckcodeTitle","$v":["輸入 SIM ",{"t":"idOrVar","v":"n"}," 的 RCCK 碼"]},{"$i":"rspckcodeTitle","$v":["輸入 SIM ",{"t":"idOrVar","v":"n"}," 的 RSPCK 碼"]},{"$i":"nckcodeLabel","$v":["SIM ",{"t":"idOrVar","v":"n"}," NCK"]},{"$i":"cckcodeLabel","$v":["SIM ",{"t":"idOrVar","v":"n"}," CCK"]},{"$i":"spckcodeLabel","$v":["SIM ",{"t":"idOrVar","v":"n"}," SPCK"]},{"$i":"nck1codeLabel","$v":["SIM ",{"t":"idOrVar","v":"n"}," NCK1"]},{"$i":"nck2codeLabel","$v":["SIM ",{"t":"idOrVar","v":"n"}," NCK2"]},{"$i":"hnckcodeLabel","$v":["SIM ",{"t":"idOrVar","v":"n"}," HNCK"]},{"$i":"rcckcodeLabel","$v":["SIM ",{"t":"idOrVar","v":"n"}," RCCK"]},{"$i":"rspckcodeLabel","$v":["SIM ",{"t":"idOrVar","v":"n"}," RSPCK"]},{"$i":"type_nck","$v":"輸入您的 NCK 碼"},{"$i":"type_cck","$v":"輸入您的 CCK 碼"},{"$i":"type_spck","$v":"輸入您的 SPCK 碼"},{"$i":"type_nck1","$v":"輸入您的 NCK1 碼"},{"$i":"type_nck2","$v":"輸入您的 NCK2 碼"},{"$i":"type_hnck","$v":"輸入您的 HNCK 碼"},{"$i":"type_rcck","$v":"輸入您的 RCCK 碼"},{"$i":"type_rspck","$v":"輸入您的 RSPCK 碼"},{"$i":"nckValidation","$v":"NCK 碼必須為 8~16 字元長。"},{"$i":"cckValidation","$v":"CCK 碼必須為 8~16 字元長。"},{"$i":"spckValidation","$v":"SPCK 碼必須為 8~16 字元長。"},{"$i":"nck1Validation","$v":"NCK1 碼必須為 8~16 字元長。"},{"$i":"nck2Validation","$v":"NCK2 碼必須為 8~16 字元長。"},{"$i":"hnckValidation","$v":"HNCK 碼必須為 8~16 字元長。"},{"$i":"rcckValidation","$v":"RCCK 碼必須為 8~16 字元長。"},{"$i":"rspckValidation","$v":"RSPCK 碼必須為 8~16 字元長。"},{"$i":"nckErrorMsg","$v":"NCK 碼不正確。"},{"$i":"nckAttemptMsg2","$v":{"one":"請求網路解鎖失敗。您只剩下最後一次機會可以輸入正確的 NCK 碼。請參考您的裝置說明書或聯絡電信商以取得更多資訊。","two":["請求網路解鎖失敗。您還剩下 ",{"t":"idOrVar","v":"n"}," 次機會可以輸入正確的 NCK 碼。請參考您的裝置說明書或聯絡電信商以取得更多資訊。"],"few":["請求網路解鎖失敗。您還剩下 ",{"t":"idOrVar","v":"n"}," 次機會可以輸入正確的 NCK 碼。請參考您的裝置說明書或聯絡電信商以取得更多資訊。"],"many":["請求網路解鎖失敗。您還剩下 ",{"t":"idOrVar","v":"n"}," 次機會可以輸入正確的 NCK 碼。請參考您的裝置說明書或聯絡電信商以取得更多資訊。"],"other":["請求網路解鎖失敗。您還剩下 ",{"t":"idOrVar","v":"n"}," 次機會可以輸入正確的 NCK 碼。請參考您的裝置說明書或聯絡電信商以取得更多資訊。"]},"$x":[{"t":"idOrVar","v":"plural"},"n"]},{"$i":"nckLastChanceMsg","$v":"請求網路解鎖失敗。您還剩下最後一次機會可以輸入正確的 NCK 碼。請參考您的裝置說明書或聯絡電信商以取得更多資訊。"},{"$i":"skip","$v":"略過"},{"$i":"send","$v":"傳送"},{"$i":"ok","$v":"確定"},{"$i":"simLocked","$v":"SIM 卡已鎖定"},{"$i":"inputCodeRetriesLeft","$v":{"one":"最後一次機會。","two":["還有 ",{"t":"idOrVar","v":"n"}," 次機會。"],"few":["還有 ",{"t":"idOrVar","v":"n"}," 次機會。"],"many":["還有 ",{"t":"idOrVar","v":"n"}," 次機會。"],"other":["還有 ",{"t":"idOrVar","v":"n"}," 次機會。"]},"$x":[{"t":"idOrVar","v":"plural"},"n"]},{"$i":"simManager","$v":"SIM 卡管理員"},{"$i":"simDetail","$v":["SIM ",{"t":"idOrVar","v":"n"}]},{"$i":"simDefault","$v":"(預設)"},{"$i":"simDefaultMessage","$v":"已將 SIM 1 設定為預設撥打通話、傳送簡訊與數據傳輸時使用的 SIM 卡"},{"$i":"simSettingsMessage","$v":"您可以在設定 > SIM 卡管理員修改預設設定"},{"$i":"simPinLocked","$v":"SIM PIN 已鎖定"},{"$i":"noOperator","$v":"無電信業者"},{"$i":"searchingOperator","$v":"搜尋中"},{"$i":"language","$v":"語言"},{"$i":"3g","$v":"行動數據"},{"$i":"dataConnection","$v":"啟用數據連線"},{"$i":"dataConnectionInfo","$v":"現在啟用數據連線將讓您可以在沒有 Wi-Fi 連線的情況下設定手機。您也可以稍後再到設定畫面中啟用。請記得向您的電信商確認您已申辦數據資費方案以避免收到高額帳單。"},{"$i":"caution","$v":"警告"},{"$i":"geolocation","$v":"地理資訊"},{"$i":"geolocationCheckbox","$v":"啟用地理位置"},{"$i":"geolocationInfo2","$v":[{"t":"idOrVar","v":"brandShortName"}," 將會使用您附近 GPS、Wi-Fi 與行動網路資料以幫助判斷您的大略位置。"]},{"$i":"geolocationInfoMore","$v":"資料將會傳送至 Mozilla 與其他服務提供者，用來幫助改善位置資訊資料庫。這些資料可能會儲存在您的裝置上，就算是沒有執行應用程式時也可能會收集這些資料。"},{"$i":"notice","$v":"注意"},{"$i":"aboutYourPrivacy","$v":"關於您的隱私權的更多資訊"},{"$i":"scanningNetworks","$v":"正在掃描網路"},{"$i":"selectNetwork","$v":"選擇網路"},{"$i":"shortStatus-connecting","$v":"連線中…"},{"$i":"shortStatus-associated","$v":"正在取得 IP 地址…"},{"$i":"shortStatus-connected","$v":"已連線"},{"$i":"shortStatus-connectingfailed","$v":"連線失敗"},{"$i":"shortStatus-disconnected","$v":"離線"},{"$i":"securedBy","$v":["使用 ",{"t":"idOrVar","v":"capabilities"}," 加密"]},{"$i":"security","$v":"安全性"},{"$i":"securityNone","$v":"無"},{"$i":"securityWEP","$v":"WEP"},{"$i":"securityWPA-PSK","$v":"WPA-PSK"},{"$i":"securityWPA-EAP","$v":"WPA-EAP"},{"$i":"securityOpen","$v":"開放","ariaLabel":"安全性"},{"$i":"identity","$v":"使用者"},{"$i":"identityInput","placeholder":"使用者"},{"$i":"password","$v":"密碼"},{"$i":"passwordInput","placeholder":"密碼"},{"$i":"showPassword","$v":"顯示密碼"},{"$i":"refresh","$v":"更新"},{"$i":"noWifiFound3","$v":"找不到無線網路"},{"$i":"join-hidden-button","$v":"加入隱藏網路"},{"$i":"authentication","$v":"認證"},{"$i":"ssid-name","$v":"SSID 網路名稱"},{"$i":"wifiLevel","ariaLabel":[{"t":"idOrVar","v":"level"},"/4 格"]},{"$i":"networksList","ariaLabel":"找到的網路"},{"$i":"dateAndTime","$v":"日期與時間"},{"$i":"timezoneTitle","$v":["UTC",{"t":"idOrVar","v":"utcOffset"}," ",{"t":"idOrVar","v":"region"},"/",{"t":"idOrVar","v":"city"}]},{"$i":"timeZone","$v":"時區"},{"$i":"change","$v":"變更"},{"$i":"region","ariaLabel":"區域"},{"$i":"city","ariaLabel":"城市"},{"$i":"date","ariaLabel":"日期"},{"$i":"time","ariaLabel":"時間"},{"$i":"importContacts3","$v":"匯入聯絡人"},{"$i":"importSim2","$v":"SIM 卡"},{"$i":"importFb2","$v":"Facebook"},{"$i":"importOutlook","$v":"Outlook"},{"$i":"importGmail","$v":"Gmail"},{"$i":"fb-checking","$v":"… 檢查中"},{"$i":"notImportedYet","$v":"尚未匯入"},{"$i":"otherAccount","$v":"其他帳號"},{"$i":"afterFbImport","$v":"您可以在聯絡人設定中隨時匯入或編輯 Facebook 朋友"},{"$i":"firefox-accounts","$v":"Firefox 帳號"},{"$i":"fxa-upsell","innerHTML":"Firefox 帳號讓您可以找到搞丟的手機、並於 Firefox Marketplace 購買程式。"},{"$i":"fxa-create-account-or-sign-in","$v":"註冊帳號或登入"},{"$i":"fxa-email-sent","$v":["驗證鏈結已傳送至 ",{"t":"idOrVar","v":"email"}]},{"$i":"fxa-signed-in","$v":["已登入為 ",{"t":"idOrVar","v":"email"}]},{"$i":"about-your-rights-0","$v":[{"t":"idOrVar","v":"brandShortName"}," 是一套自由且開放原始碼的軟體，由來自世界各地數千位成員組成的社群所打造。有一些您應該知道的事："]},{"$i":"about-your-rights-1","$v":[{"t":"idOrVar","v":"brandShortName"}," 是依照幾套不同開放原始碼授權條款的條件所提供給您的，當中也包含了 Mozilla 公眾授權條款。執行 ",{"t":"idOrVar","v":"brandShortName"}," 的裝置可能也包含一些來自第三方的專有授權軟體。只要您遵守條款內容，您就可以修改這些使用開放授權條款的原始碼，並散佈您所修改過的版本。"]},{"$i":"about-your-rights-2","$v":["您並未被授權使用 Mozilla 基金會或任何相關部門的商標，包含且不限於 ",{"t":"idOrVar","v":"brandShortName"}," 的名稱或圖示。"]},{"$i":"about-your-rights-3","$v":[{"t":"idOrVar","v":"brandShortName"}," 當中的一些功能，像是程式錯誤回報員，將會讓您可以選擇是否要送出回饋給 Mozilla。在送出回饋時，您必須授權 Mozilla 使用您所送出的回饋內容以改善其產品、發佈回饋內容於其網站，並散佈這些使用者回饋。"]},{"$i":"about-other","$v":"其他"},{"$i":"SIM_mandatory","$v":"SIM 卡警告"},{"$i":"SIM_mandatory_warm","$v":"請插入 SIM 卡並重新啟動手機。"},{"$i":"telemetry-sends2","$v":["Telemetry 會自動將您 ",{"t":"idOrVar","v":"brandShortName"}," 裝置中的效能、硬體、設定、自訂與應用程式的使用情況等資料傳送給 Mozilla。我們會使用這些資料來讓我們的產品變得更好、速度與反應變得更快。"]},{"$i":"learn-more-telemetry2","innerHTML":["到 <a href=\"",{"t":"idOrVar","v":"href"},"\" class=\"",{"t":"idOrVar","v":"className"},"\">",{"t":"idOrVar","v":"textContent"},"</a> 了解更多資訊"]},{"$i":"learn-more-information2","innerHTML":["於 <a href=\"",{"t":"idOrVar","v":"href"},"\" class=\"",{"t":"idOrVar","v":"className"},"\">",{"t":"idOrVar","v":"textContent"},"</a> 了解 Mozilla 如何處理您的資訊"]},{"$i":"htmlWelcome2","innerHTML":["歡迎使用 <a href=\"",{"t":"idOrVar","v":"href"},"\" class=\"",{"t":"idOrVar","v":"className"},"\">",{"t":"idOrVar","v":"textContent"},"</a>，一套來自 Mozilla，自由且開放原始碼的作業系統。我們的使命是透過將 Web 的威力保存於您的雙手之間來推廣開放、創新與機會。"]},{"$i":"htmlWelcome-link","$v":[{"t":"idOrVar","v":"brandShortName"}]},{"$i":"helpImprove2","innerHTML":["您可以透過讓手機自動傳送一些統計資料來幫助我們改善產品與服務。請參考我們的 <a href=\"",{"t":"idOrVar","v":"href"},"\" class=\"",{"t":"idOrVar","v":"className"},"\">",{"t":"idOrVar","v":"textContent"},"</a> 以了解我們如何處理來自您的裝置的資料。"]},{"$i":"helpImprove-link","$v":"隱私權保護政策"},{"$i":"learn-more-privacy2","innerHTML":["於我們的 <a href=\"",{"t":"idOrVar","v":"href"},"\" class=\"",{"t":"idOrVar","v":"className"},"\">",{"t":"idOrVar","v":"textContent"},"</a> 了解 Mozilla 如何處理您的資訊。"]},{"$i":"learn-more-privacy-link","$v":"隱私權保護政策"},{"$i":"aboutBrowser","$v":["關於 ",{"t":"idOrVar","v":"brandShortName"}]},{"$i":"aboutYourPrivacy2","$v":"您的隱私權"},{"$i":"mozillaCommunity2","$v":["當您使用 ",{"t":"idOrVar","v":"brandShortName"}," 時，您就已經成為全球社群的一員，幫助我們打造網路更光明的未來。若您想要了解更多關於 Mozilla 社群的資訊、Mozilla 其他的產品、或是在您附近所舉辦的活動，請在下面輸入您的電子郵件地址。"]},{"$i":"sharePerformanceAndUsageData2","$v":"好！傳送資料。"},{"$i":"emailAddress","placeholder":"電子郵件地址"},{"$i":"email-successfully-added","$v":"成功新增電子郵件"},{"$i":"email-loading","$v":"正在儲存您的郵件…"},{"$i":"privacy-b2g","$v":[{"t":"idOrVar","v":"brandShortName"}],"title":[{"t":"idOrVar","v":"brandShortName"}]},{"$i":"privacy-marketplace","$v":"Marketplace","title":[{"t":"idOrVar","v":"privacy-marketplace"}]},{"$i":"privacy-eme","$v":"EverythingMe"},{"$i":"privacy-e-me","title":[{"t":"idOrVar","v":"privacy-e-me"}]},{"$i":"navbar-back","$v":"上一步"},{"$i":"navbar-next","$v":"下一步"},{"$i":"navbar-join","$v":"加入"},{"$i":"done","$v":"完成"},{"$i":"thatsIt","$v":"就這麼簡單！"},{"$i":"startYourPhone","$v":"使用您的新手機！"},{"$i":"startYourTablet","$v":"使用您的新平板！"},{"$i":"joinTutorial","$v":"和我們一起參加您新手機的快速教學。"},{"$i":"joinTutorialUpdated","$v":"和我們一起了解您的手機有什麼新鮮事。"},{"$i":"enjoyYourPhone","$v":"一切就緒，盡情享用您的新手機吧！"},{"$i":"enjoyYourPhoneUpdated","$v":"一切就緒，盡情享用您更新好地手機吧！"},{"$i":"optionsAvailable","$v":"您可以在「設定」中更改語言、日期/時間與 Wi-Fi 連線設定。"},{"$i":"letsGo","$v":"出發"},{"$i":"startTour","$v":"開始導覽"},{"$i":"thatsIt1Tablet-2","$v":"您可以從畫面底部向上滑動，回到主畫面。"},{"$i":"thatsIt2Tablet-2","$v":"現在就這麼作！"},{"$i":"tutorial","$v":"使用教學"},{"$i":"tutorial-step1-large-3","$v":"從頂端向下滑動可顯示最近的通知、網路用量資訊或快速切換設定。"},{"$i":"tutorial-step2-large-2","$v":"在主畫面向左或向右滑動以探索新的應用程式。"},{"$i":"tutorial-step3-large-2","$v":"按住某個圖示可讓您刪除或移動應用程式。"},{"$i":"tutorial-step4-large-2","$v":"從畫面底部用兩隻手指向上滑動以觸發卡片檢視畫面。"},{"$i":"tutorial-vertical-scroll-v2-tiny","$v":"上下滑動來瀏覽您的手機程式與書籤，按住某個圖示來移動、刪除或編輯。"},{"$i":"tutorial-notifications-v2-tiny","$v":"從頂端向下滑動可顯示最近的通知、網路用量資訊或快速切換設定。"},{"$i":"tutorial-sheets-tiny","$v":"從螢幕的左邊拖曳，回到最近使用的程式。"},{"$i":"tutorial-rocketbar-tiny","$v":"隨時點擊搜尋框進行搜尋或開啟網站。"},{"$i":"tutorial-bookmarks-migration-tiny","$v":"您的書籤已被移動至裝置主畫面。請點擊書籤進行編輯或修改名稱。"},{"$i":"tutorial-app-grouping-tiny","$v":"點擊以展開或折疊應用程式群組。將程式拖曳至新的空位以建立新群組。"},{"$i":"offline-dialog-title","$v":"您必須連線到網際網路才能檢視此頁面。"},{"$i":"offline-dialog-text","$v":["請回到上一頁並連線到網際網路。您也可以稍後再到手機選項，或是在瀏覽器中輸入 ",{"t":"idOrVar","v":"url"}," 來檢視此頁面。"]},{"$i":"OK","$v":"確定"},{"$i":"offline-newsletter-dialog-title","$v":"您必須連線到網際網路才能訂閱電子報。"},{"$i":"offline-newsletter-dialog-text","$v":"請回到上一步並連線到網路。"},{"$i":"invalid-email-dialog-title","$v":"您的電子郵件地址無效"},{"$i":"invalid-email-dialog-text","$v":"請回到上一步檢查您所輸入的地址。"},{"$i":"retry","$v":"重試"},{"$i":"cancel","$v":"取消"},{"$i":"progressbar","$v":["第 ",{"t":"idOrVar","v":"step"}," 步，共 ",{"t":"idOrVar","v":"total"}," 步"],"ariaLabel":"首次使用體驗"},{"$i":"weekday-0-long","$v":"星期日"},{"$i":"weekday-1-long","$v":"星期一"},{"$i":"weekday-2-long","$v":"星期二"},{"$i":"weekday-3-long","$v":"星期三"},{"$i":"weekday-4-long","$v":"星期四"},{"$i":"weekday-5-long","$v":"星期五"},{"$i":"weekday-6-long","$v":"星期六"},{"$i":"weekday-0-short","$v":"日"},{"$i":"weekday-1-short","$v":"一"},{"$i":"weekday-2-short","$v":"二"},{"$i":"weekday-3-short","$v":"三"},{"$i":"weekday-4-short","$v":"四"},{"$i":"weekday-5-short","$v":"五"},{"$i":"weekday-6-short","$v":"六"},{"$i":"month-0-long","$v":"一月"},{"$i":"month-1-long","$v":"二月"},{"$i":"month-2-long","$v":"三月"},{"$i":"month-3-long","$v":"四月"},{"$i":"month-4-long","$v":"五月"},{"$i":"month-5-long","$v":"六月"},{"$i":"month-6-long","$v":"七月"},{"$i":"month-7-long","$v":"八月"},{"$i":"month-8-long","$v":"九月"},{"$i":"month-9-long","$v":"十月"},{"$i":"month-10-long","$v":"十一月"},{"$i":"month-11-long","$v":"十二月"},{"$i":"month-0-genitive","$v":"1 月"},{"$i":"month-1-genitive","$v":"2 月"},{"$i":"month-2-genitive","$v":"3 月"},{"$i":"month-3-genitive","$v":"4 月"},{"$i":"month-4-genitive","$v":"5 月"},{"$i":"month-5-genitive","$v":"6 月"},{"$i":"month-6-genitive","$v":"7 月"},{"$i":"month-7-genitive","$v":"8 月"},{"$i":"month-8-genitive","$v":"9 月"},{"$i":"month-9-genitive","$v":"10 月"},{"$i":"month-10-genitive","$v":"11 月"},{"$i":"month-11-genitive","$v":"12 月"},{"$i":"month-0-short","$v":"1 月"},{"$i":"month-1-short","$v":"2 月"},{"$i":"month-2-short","$v":"3 月"},{"$i":"month-3-short","$v":"4 月"},{"$i":"month-4-short","$v":"5 月"},{"$i":"month-5-short","$v":"6 月"},{"$i":"month-6-short","$v":"7 月"},{"$i":"month-7-short","$v":"8 月"},{"$i":"month-8-short","$v":"9 月"},{"$i":"month-9-short","$v":"10 月"},{"$i":"month-10-short","$v":"11 月"},{"$i":"month-11-short","$v":"12 月"},{"$i":"minutes-ago-long","$v":{"zero":"剛剛","one":"1 分鐘前","two":[{"t":"idOrVar","v":"value"}," 分鐘前"],"few":[{"t":"idOrVar","v":"value"}," 分鐘前"],"many":[{"t":"idOrVar","v":"value"}," 分鐘前"],"other":[{"t":"idOrVar","v":"value"}," 分鐘前"]},"$x":[{"t":"idOrVar","v":"plural"},"value"]},{"$i":"hours-ago-long","$v":{"zero":"剛剛","one":"1 小時前","two":[{"t":"idOrVar","v":"value"}," 小時前"],"few":[{"t":"idOrVar","v":"value"}," 小時前"],"many":[{"t":"idOrVar","v":"value"}," 小時前"],"other":[{"t":"idOrVar","v":"value"}," 小時前"]},"$x":[{"t":"idOrVar","v":"plural"},"value"]},{"$i":"days-ago-long","$v":{"zero":"今天","one":"昨天","two":[{"t":"idOrVar","v":"value"}," 天前"],"few":[{"t":"idOrVar","v":"value"}," 天前"],"many":[{"t":"idOrVar","v":"value"}," 天前"],"other":[{"t":"idOrVar","v":"value"}," 天前"]},"$x":[{"t":"idOrVar","v":"plural"},"value"]},{"$i":"weeks-ago-long","$v":{"zero":"本週","one":"上週","two":[{"t":"idOrVar","v":"value"}," 週前"],"few":[{"t":"idOrVar","v":"value"}," 週前"],"many":[{"t":"idOrVar","v":"value"}," 週前"],"other":[{"t":"idOrVar","v":"value"}," 週前"]},"$x":[{"t":"idOrVar","v":"plural"},"value"]},{"$i":"months-ago-long","$v":{"zero":"本月","one":"上月","two":[{"t":"idOrVar","v":"value"}," 月前"],"few":[{"t":"idOrVar","v":"value"}," 月前"],"many":[{"t":"idOrVar","v":"value"}," 月前"],"other":[{"t":"idOrVar","v":"value"}," 月前"]},"$x":[{"t":"idOrVar","v":"plural"},"value"]},{"$i":"years-ago-long","$v":{"zero":"今年","one":"去年","two":[{"t":"idOrVar","v":"value"}," 年前"],"few":[{"t":"idOrVar","v":"value"}," 年前"],"many":[{"t":"idOrVar","v":"value"}," 年前"],"other":[{"t":"idOrVar","v":"value"}," 年前"]},"$x":[{"t":"idOrVar","v":"plural"},"value"]},{"$i":"minutes-until-long","$v":{"zero":"現在","one":"1 分鐘內","two":[{"t":"idOrVar","v":"value"}," 分鐘內"],"few":[{"t":"idOrVar","v":"value"}," 分鐘內"],"many":[{"t":"idOrVar","v":"value"}," 分鐘內"],"other":[{"t":"idOrVar","v":"value"}," 分鐘內"]},"$x":[{"t":"idOrVar","v":"plural"},"value"]},{"$i":"hours-until-long","$v":{"zero":"現在","one":"1 小時內","two":[{"t":"idOrVar","v":"value"}," 小時前"],"few":[{"t":"idOrVar","v":"value"}," 小時前"],"many":[{"t":"idOrVar","v":"value"}," 小時前"],"other":[{"t":"idOrVar","v":"value"}," 小時前"]},"$x":[{"t":"idOrVar","v":"plural"},"value"]},{"$i":"days-until-long","$v":{"zero":"今天","one":"明天","two":[{"t":"idOrVar","v":"value"}," 天內"],"few":[{"t":"idOrVar","v":"value"}," 天內"],"many":[{"t":"idOrVar","v":"value"}," 天內"],"other":[{"t":"idOrVar","v":"value"}," 天內"]},"$x":[{"t":"idOrVar","v":"plural"},"value"]},{"$i":"weeks-until-long","$v":{"zero":"本週","one":"下週","two":[{"t":"idOrVar","v":"value"}," 週內"],"few":[{"t":"idOrVar","v":"value"}," 週內"],"many":[{"t":"idOrVar","v":"value"}," 週內"],"other":[{"t":"idOrVar","v":"value"}," 週內"]},"$x":[{"t":"idOrVar","v":"plural"},"value"]},{"$i":"months-until-long","$v":{"zero":"本月","one":"下月","two":[{"t":"idOrVar","v":"value"}," 月內"],"few":[{"t":"idOrVar","v":"value"}," 月內"],"many":[{"t":"idOrVar","v":"value"}," 月內"],"other":[{"t":"idOrVar","v":"value"}," 月內"]},"$x":[{"t":"idOrVar","v":"plural"},"value"]},{"$i":"years-until-long","$v":{"zero":"今年","one":"明年","two":[{"t":"idOrVar","v":"value"}," 年內"],"few":[{"t":"idOrVar","v":"value"}," 年內"],"many":[{"t":"idOrVar","v":"value"}," 年內"],"other":[{"t":"idOrVar","v":"value"}," 年內"]},"$x":[{"t":"idOrVar","v":"plural"},"value"]},{"$i":"minutes-ago-short","$v":{"zero":"剛剛","other":[{"t":"idOrVar","v":"value"}," 分鐘前"]},"$x":[{"t":"idOrVar","v":"plural"},"value"]},{"$i":"hours-ago-short","$v":{"zero":"剛剛","other":[{"t":"idOrVar","v":"value"}," 小時前"]},"$x":[{"t":"idOrVar","v":"plural"},"value"]},{"$i":"days-ago-short","$v":{"zero":"今天","other":[{"t":"idOrVar","v":"value"}," 天前"]},"$x":[{"t":"idOrVar","v":"plural"},"value"]},{"$i":"minutes-until-short","$v":{"zero":"現在","other":[{"t":"idOrVar","v":"value"}," 分內"]},"$x":[{"t":"idOrVar","v":"plural"},"value"]},{"$i":"hours-until-short","$v":{"zero":"現在","other":[{"t":"idOrVar","v":"value"}," 時內"]},"$x":[{"t":"idOrVar","v":"plural"},"value"]},{"$i":"days-until-short","$v":{"zero":"今天","other":[{"t":"idOrVar","v":"value"}," 天內"]},"$x":[{"t":"idOrVar","v":"plural"},"value"]},{"$i":"incorrectDate","$v":"（日期不正確）"},{"$i":"dateTimeFormat_%c","$v":"%Y年%b%d日 %a %p %I:%M:%S"},{"$i":"dateTimeFormat_%x","$v":"%Y/%m/%d"},{"$i":"dateTimeFormat_%X","$v":"%p %I:%M:%S"},{"$i":"shortTimeFormat","$v":"%p %I:%M"},{"$i":"shortTimeFormat12","$v":"%p %I:%M"},{"$i":"shortTimeFormat24","$v":"%H:%M"},{"$i":"shortDateTimeFormat","$v":"%x %p %I:%M"},{"$i":"weekStartsOnMonday","$v":"1"},{"$i":"firstDayOfTheWeek","$v":"1"},{"$i":"time_am","$v":"上午"},{"$i":"time_pm","$v":"下午"},{"$i":"tz-region","$v":"區域"},{"$i":"tz-city","$v":"城市"},{"$i":"tzRegion-Africa","$v":"非洲"},{"$i":"tzRegion-America","$v":"美洲"},{"$i":"tzRegion-Antarctica","$v":"南極洲"},{"$i":"tzRegion-Asia","$v":"亞洲"},{"$i":"tzRegion-Atlantic","$v":"大西洋"},{"$i":"tzRegion-Australia","$v":"澳洲"},{"$i":"tzRegion-Europe","$v":"歐洲"},{"$i":"tzRegion-Indian","$v":"印度洋"},{"$i":"tzRegion-Pacific","$v":"太平洋"},{"$i":"close","$v":"關閉"},{"$i":"import","$v":"匯入"},{"$i":"update","$v":"更新"},{"$i":"fbFriends","$v":"Facebook 朋友"},{"$i":"live-serviceName","$v":"Outlook"},{"$i":"gmail-serviceName","$v":"Gmail"},{"$i":"facebook-serviceName","$v":"Facebook 朋友"},{"$i":"selectAll","$v":"全部選擇"},{"$i":"deselectAll","$v":"全部不選"},{"$i":"viewAll","$v":"檢視所有的 Facebook 朋友"},{"$i":"viewRecommend","$v":"僅檢視推薦項目"},{"$i":"linkProposal","$v":{"zero":"沒有符合的朋友。改顯示全部","one":"選擇建議的朋友","two":"選擇建議的朋友","few":"選擇建議的朋友","many":"選擇建議的朋友","other":"選擇建議的朋友"},"$x":[{"t":"idOrVar","v":"plural"},"numFriends"]},{"$i":"fbFriendsFound","$v":{"zero":"已匯入您所有的朋友","one":"找到一位可匯入的朋友","two":["找到 ",{"t":"idOrVar","v":"numFriends"}," 位可以匯入的朋友"],"few":["找到 ",{"t":"idOrVar","v":"numFriends"}," 位可以匯入的朋友"],"many":["找到 ",{"t":"idOrVar","v":"numFriends"}," 位可以匯入的朋友"],"other":["找到 ",{"t":"idOrVar","v":"numFriends"}," 位可以匯入的朋友"]},"$x":[{"t":"idOrVar","v":"plural"},"numFriends"]},{"$i":"fbNoFriends","$v":"沒有可匯入的連絡人"},{"$i":"search-contact","placeholder":"搜尋"},{"$i":"noResults","$v":"找不到聯絡人"},{"$i":"done-search","$v":"完成"},{"$i":"progressFB3ImportTitle","$v":"正在將朋友匯入至通訊錄"},{"$i":"progressFB","$v":[{"t":"idOrVar","v":"current"},"/",{"t":"idOrVar","v":"total"}]},{"$i":"progressFB3UpdateTitle","$v":"正在更新通訊錄中的朋友"},{"$i":"message2","$v":"這可能要花一點時間"},{"$i":"messageLinking","$v":"請稍候，正在連結您的朋友與聯絡人。"},{"$i":"messageCanceling","$v":"請稍候，正在取消目前的操作。"},{"$i":"error1","$v":["錯誤 ",{"t":"idOrVar","v":"from"}]},{"$i":"error2","$v":"再試一次？"},{"$i":"errorProposal","$v":"正在計算請求"},{"$i":"errorFriends","$v":"正在擷取朋友"},{"$i":"errorLinking","$v":"正在連結聯絡人"},{"$i":"timeout1","$v":["超過時限 ",{"t":"idOrVar","v":"from"}]},{"$i":"timeout2","$v":"再試一次？"},{"$i":"timeoutProposal","$v":"正在計算請求"},{"$i":"timeoutFriends","$v":"正在擷取朋友"},{"$i":"timeoutLinking","$v":"正在連結聯絡人"},{"$i":"wait1","$v":"請稍候"},{"$i":"wait2","$v":"這可能要花一點時間"},{"$i":"waitProposal","$v":"請稍候，正在計算請求。"},{"$i":"waitFriends","$v":"請稍候，正在連線取得您的朋友清單。"},{"$i":"curtainCancel","$v":"取消"},{"$i":"curtainRetry","$v":"重試"},{"$i":"curtainOK","$v":"確定"},{"$i":"connectionLost","$v":"沒有網際網路連線"},{"$i":"connectionLostMsg","$v":"朋友的照片將不會加入您的聯絡人清單。確定要繼續嗎？"},{"$i":"yesOption","$v":"確定"},{"$i":"noOption","$v":"取消"},{"$i":"friendsUpdated","$v":{"zero":"未更新朋友","one":"已更新一位朋友","two":["已更新 ",{"t":"idOrVar","v":"numFriends"}," 位朋友"],"few":["已更新 ",{"t":"idOrVar","v":"numFriends"}," 位朋友"],"many":["已更新 ",{"t":"idOrVar","v":"numFriends"}," 位朋友"],"other":["已更新 ",{"t":"idOrVar","v":"numFriends"}," 位朋友"]},"$x":[{"t":"idOrVar","v":"plural"},"numFriends"]},{"$i":"friendsMerged","$v":{"zero":"未合併任何朋友","one":["已合併 ",{"t":"idOrVar","v":"numDups"}," 位朋友"],"two":["已合併 ",{"t":"idOrVar","v":"numDups"}," 位朋友"],"few":["已合併 ",{"t":"idOrVar","v":"numDups"}," 位朋友"],"many":["已合併 ",{"t":"idOrVar","v":"numDups"}," 位朋友"],"other":["已合併 ",{"t":"idOrVar","v":"numDups"}," 位朋友"]},"$x":[{"t":"idOrVar","v":"plural"},"numDups"]},{"$i":"notificationLogin","$v":"您的 Facebook 作業階段無效。請重新登入。"},{"$i":"syncError","$v":"同步您朋友的資料時發生錯誤。"}]