[{"$i":"nospace2-title","$v":"Nicht genügend freier Speicherplatz auf Speicherkarte"},{"$i":"nospace2-text","$v":"Versuchen Sie durch Löschen von Mediendateien Speicherplatz freizumachen."},{"$i":"error-saving-title","$v":"Bild nicht gespeichert"},{"$i":"error-saving-text","$v":"Ein Fehler hinderte Kamera am Aufnehmen des Bildes."},{"$i":"error-recording-title","$v":"Video nicht aufgenommen"},{"$i":"error-recording-text","$v":"Ein Fehler hinderte Kamera am Aufnehmen des Videos."},{"$i":"error-video-file-path-title","$v":"Video nicht aufgenommen"},{"$i":"error-video-file-path-text","$v":"Fehler beim Erstellen des Dateipfads des Videos"},{"$i":"nocard2-title","$v":"Keine Speicherkarte gefunden"},{"$i":"nocard3-text","$v":"Legen Sie eine Speicherkarte ein, um Bilder aufzunehmen."},{"$i":"pluggedin2-title","$v":"Die Kamera kann nicht verwendet werden, während das Telefon angesteckt ist."},{"$i":"pluggedin2-text","$v":"Ziehen Sie das Telefon ab, um Bilder und Videos aufzunehmen."},{"$i":"storage-size-limit-reached","$v":"Sie verfügen über keinen freien Speicherplatz mehr auf dem Medienspeicher."},{"$i":"activity-size-limit-reached","$v":"Die maximale Dateigröße des Anhangs wurde erreicht."},{"$i":"retake-button","$v":"Erneut aufnehmen"},{"$i":"select-button","$v":"Auswählen"},{"$i":"close-button","$v":"Schließen"},{"$i":"delete-photo?","$v":"Bild löschen?"},{"$i":"delete-video?","$v":"Video löschen?"},{"$i":"cancel","$v":"Abbrechen"},{"$i":"delete","$v":"Löschen"},{"$i":"mp","$v":"MP"},{"$i":"camera-resolution","$v":"Kameraauflösung"},{"$i":"camera-resolution-header","$v":[{"t":"idOrVar","v":"camera-resolution"}]},{"$i":"video-resolution","$v":"Videoauflösung"},{"$i":"video-resolution-header","$v":[{"t":"idOrVar","v":"video-resolution"}]},{"$i":"scene-mode","$v":"Aufnahmemodus"},{"$i":"scene-mode-header","$v":[{"t":"idOrVar","v":"scene-mode"}]},{"$i":"self-timer","$v":"Selbstauslösung"},{"$i":"self-timer-header","$v":[{"t":"idOrVar","v":"self-timer"}]},{"$i":"self-timer-off","$v":"Aus"},{"$i":"self-timer-2-seconds","$v":"2 Sekunden"},{"$i":"self-timer-5-seconds","$v":"5 Sekunden"},{"$i":"self-timer-10-seconds","$v":"10 Sekunden"},{"$i":"battery-shutdown-title","$v":"Batterie fast leer"},{"$i":"battery-shutdown-text","$v":"Der Batteriestand ist zu niedrig, um die Kamera zu benutzen."},{"$i":"battery-critical-text","$v":"Batteriestand kritisch"},{"$i":"battery-verylow-text","$v":"10% Akkuladung verbleibend"},{"$i":"battery-low-text","$v":"15% Akkuladung verbleibend"},{"$i":"camera-unavailable-title","$v":"Kamera nicht verfügbar"},{"$i":"camera-unavailable-text","$v":"Die Kamera wird durch eine andere App verwendet."},{"$i":"hdr","$v":"HDR"},{"$i":"hdr-header","$v":[{"t":"idOrVar","v":"hdr"}]},{"$i":"hdr-on","$v":"Ein"},{"$i":"hdr-off","$v":"Aus"},{"$i":"hdr-deactivated","$v":"(HDR deaktiviert)"},{"$i":"grid","$v":"Gitterlinien"},{"$i":"grid-header","$v":[{"t":"idOrVar","v":"grid"}]},{"$i":"grid-on","$v":"Ein"},{"$i":"grid-off","$v":"Aus"},{"$i":"flash","$v":"Blitz"},{"$i":"flash-on","$v":"Ein"},{"$i":"flash-off","$v":"Aus"},{"$i":"flash-auto","$v":"Automatisch"},{"$i":"flash-deactivated","$v":"(Blitz deaktiviert)"},{"$i":"Photo-Mode","$v":"Fotomodus"},{"$i":"Video-Mode","$v":"Videomodus"},{"$i":"options","$v":"Aktionen"},{"$i":"open-gallery","$v":"Galerie öffnen"},{"$i":"preview","$v":"Vorschau"},{"$i":"weekday-0-long","$v":"Sonntag"},{"$i":"weekday-1-long","$v":"Montag"},{"$i":"weekday-2-long","$v":"Dienstag"},{"$i":"weekday-3-long","$v":"Mittwoch"},{"$i":"weekday-4-long","$v":"Donnerstag"},{"$i":"weekday-5-long","$v":"Freitag"},{"$i":"weekday-6-long","$v":"Samstag"},{"$i":"weekday-0-short","$v":"So"},{"$i":"weekday-1-short","$v":"Mo"},{"$i":"weekday-2-short","$v":"Di"},{"$i":"weekday-3-short","$v":"Mi"},{"$i":"weekday-4-short","$v":"Do"},{"$i":"weekday-5-short","$v":"Fr"},{"$i":"weekday-6-short","$v":"Sa"},{"$i":"month-0-long","$v":"Januar"},{"$i":"month-1-long","$v":"Februar"},{"$i":"month-2-long","$v":"März"},{"$i":"month-3-long","$v":"April"},{"$i":"month-4-long","$v":"Mai"},{"$i":"month-5-long","$v":"Juni"},{"$i":"month-6-long","$v":"Juli"},{"$i":"month-7-long","$v":"August"},{"$i":"month-8-long","$v":"September"},{"$i":"month-9-long","$v":"Oktober"},{"$i":"month-10-long","$v":"November"},{"$i":"month-11-long","$v":"Dezember"},{"$i":"month-0-genitive","$v":"Januar"},{"$i":"month-1-genitive","$v":"Februar"},{"$i":"month-2-genitive","$v":"März"},{"$i":"month-3-genitive","$v":"April"},{"$i":"month-4-genitive","$v":"Mai"},{"$i":"month-5-genitive","$v":"Juni"},{"$i":"month-6-genitive","$v":"Juli"},{"$i":"month-7-genitive","$v":"August"},{"$i":"month-8-genitive","$v":"September"},{"$i":"month-9-genitive","$v":"Oktober"},{"$i":"month-10-genitive","$v":"November"},{"$i":"month-11-genitive","$v":"Dezember"},{"$i":"month-0-short","$v":"Jan"},{"$i":"month-1-short","$v":"Feb"},{"$i":"month-2-short","$v":"Mär"},{"$i":"month-3-short","$v":"Apr"},{"$i":"month-4-short","$v":"Mai"},{"$i":"month-5-short","$v":"Jun"},{"$i":"month-6-short","$v":"Jul"},{"$i":"month-7-short","$v":"Aug"},{"$i":"month-8-short","$v":"Sep"},{"$i":"month-9-short","$v":"Okt"},{"$i":"month-10-short","$v":"Nov"},{"$i":"month-11-short","$v":"Dez"},{"$i":"minutes-ago-long","$v":{"zero":"gerade eben","one":"vor 1 Minute","two":["vor ",{"t":"idOrVar","v":"value"}," Minuten"],"few":["vor ",{"t":"idOrVar","v":"value"}," Minuten"],"many":["vor ",{"t":"idOrVar","v":"value"}," Minuten"],"other":["vor ",{"t":"idOrVar","v":"value"}," Minuten"]},"$x":[{"t":"idOrVar","v":"plural"},"value"]},{"$i":"hours-ago-long","$v":{"zero":"gerade eben","one":"vor 1 Stunde","two":["vor ",{"t":"idOrVar","v":"value"}," Stunden"],"few":["vor ",{"t":"idOrVar","v":"value"}," Stunden"],"many":["vor ",{"t":"idOrVar","v":"value"}," Stunden"],"other":["vor ",{"t":"idOrVar","v":"value"}," Stunden"]},"$x":[{"t":"idOrVar","v":"plural"},"value"]},{"$i":"days-ago-long","$v":{"zero":"heute","one":"gestern","two":["vor ",{"t":"idOrVar","v":"value"}," Tagen"],"few":["vor ",{"t":"idOrVar","v":"value"}," Tagen"],"many":["vor ",{"t":"idOrVar","v":"value"}," Tagen"],"other":["vor ",{"t":"idOrVar","v":"value"}," Tagen"]},"$x":[{"t":"idOrVar","v":"plural"},"value"]},{"$i":"weeks-ago-long","$v":{"zero":"diese Woche","one":"letzte Woche","two":["vor ",{"t":"idOrVar","v":"value"}," Wochen"],"few":["vor ",{"t":"idOrVar","v":"value"}," Wochen"],"many":["vor ",{"t":"idOrVar","v":"value"}," Wochen"],"other":["vor ",{"t":"idOrVar","v":"value"}," Wochen"]},"$x":[{"t":"idOrVar","v":"plural"},"value"]},{"$i":"months-ago-long","$v":{"zero":"diesen Monat","one":"letzten Monat","two":["vor ",{"t":"idOrVar","v":"value"}," Monaten"],"few":["vor ",{"t":"idOrVar","v":"value"}," Monaten"],"many":["vor ",{"t":"idOrVar","v":"value"}," Monaten"],"other":["vor ",{"t":"idOrVar","v":"value"}," Monaten"]},"$x":[{"t":"idOrVar","v":"plural"},"value"]},{"$i":"years-ago-long","$v":{"zero":"dieses Jahr","one":"letztes Jahr","two":["vor ",{"t":"idOrVar","v":"value"}," Jahren"],"few":["vor ",{"t":"idOrVar","v":"value"}," Jahren"],"many":["vor ",{"t":"idOrVar","v":"value"}," Jahren"],"other":["vor ",{"t":"idOrVar","v":"value"}," Jahren"]},"$x":[{"t":"idOrVar","v":"plural"},"value"]},{"$i":"minutes-until-long","$v":{"zero":"jetzt","one":"in 1 Minute","two":["in ",{"t":"idOrVar","v":"value"}," Minuten"],"few":["in ",{"t":"idOrVar","v":"value"}," Minuten"],"many":["in ",{"t":"idOrVar","v":"value"}," Minuten"],"other":["in ",{"t":"idOrVar","v":"value"}," Minuten"]},"$x":[{"t":"idOrVar","v":"plural"},"value"]},{"$i":"hours-until-long","$v":{"zero":"jetzt","one":"in einer Stunde","two":["in ",{"t":"idOrVar","v":"value"}," Stunden"],"few":["in ",{"t":"idOrVar","v":"value"}," Stunden"],"many":["in ",{"t":"idOrVar","v":"value"}," Stunden"],"other":["in ",{"t":"idOrVar","v":"value"}," Stunden"]},"$x":[{"t":"idOrVar","v":"plural"},"value"]},{"$i":"days-until-long","$v":{"zero":"heute","one":"morgen","two":["in ",{"t":"idOrVar","v":"value"}," Tagen"],"few":["in ",{"t":"idOrVar","v":"value"}," Tagen"],"many":["in ",{"t":"idOrVar","v":"value"}," Tagen"],"other":["in ",{"t":"idOrVar","v":"value"}," Tagen"]},"$x":[{"t":"idOrVar","v":"plural"},"value"]},{"$i":"weeks-until-long","$v":{"zero":"diese Woche","one":"nächste Woche","two":["in ",{"t":"idOrVar","v":"value"}," Wochen"],"few":["in ",{"t":"idOrVar","v":"value"}," Wochen"],"many":["in ",{"t":"idOrVar","v":"value"}," Wochen"],"other":["in ",{"t":"idOrVar","v":"value"}," Wochen"]},"$x":[{"t":"idOrVar","v":"plural"},"value"]},{"$i":"months-until-long","$v":{"zero":"diesen Monat","one":"nächsten Monat","two":["in ",{"t":"idOrVar","v":"value"}," Monaten"],"few":["in ",{"t":"idOrVar","v":"value"}," Monaten"],"many":["in ",{"t":"idOrVar","v":"value"}," Monaten"],"other":["in ",{"t":"idOrVar","v":"value"}," Monaten"]},"$x":[{"t":"idOrVar","v":"plural"},"value"]},{"$i":"years-until-long","$v":{"zero":"dieses Jahr","one":"nächstes Jahr","two":["in ",{"t":"idOrVar","v":"value"}," Jahren"],"few":["in ",{"t":"idOrVar","v":"value"}," Jahren"],"many":["in ",{"t":"idOrVar","v":"value"}," Jahren"],"other":["in ",{"t":"idOrVar","v":"value"}," Jahren"]},"$x":[{"t":"idOrVar","v":"plural"},"value"]},{"$i":"minutes-ago-short","$v":{"zero":"jetzt","other":["vor ",{"t":"idOrVar","v":"value"}," m"]},"$x":[{"t":"idOrVar","v":"plural"},"value"]},{"$i":"hours-ago-short","$v":{"zero":"jetzt","other":["vor ",{"t":"idOrVar","v":"value"}," h"]},"$x":[{"t":"idOrVar","v":"plural"},"value"]},{"$i":"days-ago-short","$v":{"zero":"heute","other":["vor ",{"t":"idOrVar","v":"value"}," d"]},"$x":[{"t":"idOrVar","v":"plural"},"value"]},{"$i":"minutes-until-short","$v":{"zero":"jetzt","other":["in ",{"t":"idOrVar","v":"value"}," m"]},"$x":[{"t":"idOrVar","v":"plural"},"value"]},{"$i":"hours-until-short","$v":{"zero":"jetzt","other":["in ",{"t":"idOrVar","v":"value"}," h"]},"$x":[{"t":"idOrVar","v":"plural"},"value"]},{"$i":"days-until-short","$v":{"zero":"heute","other":["in ",{"t":"idOrVar","v":"value"}," d"]},"$x":[{"t":"idOrVar","v":"plural"},"value"]},{"$i":"incorrectDate","$v":"(ungültiges Datum)"},{"$i":"dateTimeFormat_%c","$v":"%a, %e. %b %Y %H:%M:%S"},{"$i":"dateTimeFormat_%x","$v":"%d.%m.%Y"},{"$i":"dateTimeFormat_%X","$v":"%H:%M:%S"},{"$i":"shortTimeFormat","$v":"%H:%M"},{"$i":"shortTimeFormat12","$v":"%I:%M %p"},{"$i":"shortTimeFormat24","$v":"%H:%M"},{"$i":"shortDateTimeFormat","$v":"%x %H:%M"},{"$i":"weekStartsOnMonday","$v":"1"},{"$i":"firstDayOfTheWeek","$v":"1"},{"$i":"time_am","$v":"AM"},{"$i":"time_pm","$v":"PM"}]