[{"$i":"nospace2-title","$v":"No hay suficiente espacio en la tarjeta de memoria"},{"$i":"nospace2-text","$v":"Intente liberar espacio borrando archivos multimedia."},{"$i":"error-saving-title","$v":"Fotografía no guardada"},{"$i":"error-saving-text","$v":"Un error impidió que la aplicación Cámara guardara la fotografía."},{"$i":"error-recording-title","$v":"Vídeo no grabado"},{"$i":"error-recording-text","$v":"Un error impidió que la aplicación Cámara grabara el vídeo."},{"$i":"error-video-file-path-title","$v":"Vídeo no grabado"},{"$i":"error-video-file-path-text","$v":"Error al crear la ruta del archivo."},{"$i":"nocard2-title","$v":"No se encontró ninguna tarjeta de memoria"},{"$i":"nocard3-text","$v":"Inserte una tarjeta de memoria para hacer fotografías."},{"$i":"pluggedin2-title","$v":"No se puede usar la cámara mientras el teléfono esté conectado"},{"$i":"pluggedin2-text","$v":"Desconecte el teléfono para capturar fotos y vídeos"},{"$i":"storage-size-limit-reached","$v":"Ha agotado el espacio de almacenamiento multimedia."},{"$i":"activity-size-limit-reached","$v":"Ha alcanzado el tamaño de archivo máximo para este adjunto."},{"$i":"retake-button","$v":"Repetir"},{"$i":"select-button","$v":"Seleccionar"},{"$i":"close-button","$v":"Cerrar"},{"$i":"delete-photo?","$v":"¿Borrar foto?"},{"$i":"delete-video?","$v":"¿Borrar vídeo?"},{"$i":"cancel","$v":"Cancelar"},{"$i":"delete","$v":"Borrar"},{"$i":"mp","$v":"MP"},{"$i":"camera-resolution","$v":"Resolución de la cámara"},{"$i":"camera-resolution-header","$v":[{"t":"idOrVar","v":"camera-resolution"}]},{"$i":"video-resolution","$v":"Resolución del vídeo"},{"$i":"video-resolution-header","$v":[{"t":"idOrVar","v":"video-resolution"}]},{"$i":"scene-mode","$v":"Modo de escena"},{"$i":"scene-mode-header","$v":[{"t":"idOrVar","v":"scene-mode"}]},{"$i":"self-timer","$v":"Temporizador"},{"$i":"self-timer-header","$v":[{"t":"idOrVar","v":"self-timer"}]},{"$i":"self-timer-off","$v":"No"},{"$i":"self-timer-2-seconds","$v":"2 segundos"},{"$i":"self-timer-5-seconds","$v":"5 segundos"},{"$i":"self-timer-10-seconds","$v":"10 segundos"},{"$i":"battery-shutdown-title","$v":"Batería baja"},{"$i":"battery-shutdown-text","$v":"El nivel de batería es demasiado bajo para utilizar la cámara."},{"$i":"battery-critical-text","$v":"Batería muy baja"},{"$i":"battery-verylow-text","$v":"10% de batería restante"},{"$i":"battery-low-text","$v":"15% de batería restante"},{"$i":"camera-unavailable-title","$v":"Cámara no disponible"},{"$i":"camera-unavailable-text","$v":"Otra app está usando la cámara."},{"$i":"hdr","$v":"HDR"},{"$i":"hdr-header","$v":[{"t":"idOrVar","v":"hdr"}]},{"$i":"hdr-on","$v":"Sí"},{"$i":"hdr-off","$v":"No"},{"$i":"hdr-deactivated","$v":"(HDR desactivado)"},{"$i":"grid","$v":"Líneas de cuadrícula"},{"$i":"grid-header","$v":[{"t":"idOrVar","v":"grid"}]},{"$i":"grid-on","$v":"Sí"},{"$i":"grid-off","$v":"No"},{"$i":"flash","$v":"Flash"},{"$i":"flash-on","$v":"Sí"},{"$i":"flash-off","$v":"No"},{"$i":"flash-auto","$v":"Auto"},{"$i":"flash-deactivated","$v":"(Flash desactivado)"},{"$i":"Photo-Mode","$v":"Modo foto"},{"$i":"Video-Mode","$v":"Modo vídeo"},{"$i":"options","$v":"Opciones"},{"$i":"open-gallery","$v":"Abrir Galería"},{"$i":"preview","$v":"Previsualizar"},{"$i":"weekday-0-long","$v":"Domingo"},{"$i":"weekday-1-long","$v":"Lunes"},{"$i":"weekday-2-long","$v":"Martes"},{"$i":"weekday-3-long","$v":"Miércoles"},{"$i":"weekday-4-long","$v":"Jueves"},{"$i":"weekday-5-long","$v":"Viernes"},{"$i":"weekday-6-long","$v":"Sábado"},{"$i":"weekday-0-short","$v":"Dom"},{"$i":"weekday-1-short","$v":"Lun"},{"$i":"weekday-2-short","$v":"Mar"},{"$i":"weekday-3-short","$v":"Mié"},{"$i":"weekday-4-short","$v":"Jue"},{"$i":"weekday-5-short","$v":"Vie"},{"$i":"weekday-6-short","$v":"Sáb"},{"$i":"month-0-long","$v":"enero"},{"$i":"month-1-long","$v":"febrero"},{"$i":"month-2-long","$v":"marzo"},{"$i":"month-3-long","$v":"abril"},{"$i":"month-4-long","$v":"mayo"},{"$i":"month-5-long","$v":"junio"},{"$i":"month-6-long","$v":"julio"},{"$i":"month-7-long","$v":"agosto"},{"$i":"month-8-long","$v":"septiembre"},{"$i":"month-9-long","$v":"octubre"},{"$i":"month-10-long","$v":"noviembre"},{"$i":"month-11-long","$v":"diciembre"},{"$i":"month-0-genitive","$v":"enero"},{"$i":"month-1-genitive","$v":"febrero"},{"$i":"month-2-genitive","$v":"marzo"},{"$i":"month-3-genitive","$v":"abril"},{"$i":"month-4-genitive","$v":"mayo"},{"$i":"month-5-genitive","$v":"junio"},{"$i":"month-6-genitive","$v":"julio"},{"$i":"month-7-genitive","$v":"agosto"},{"$i":"month-8-genitive","$v":"septiembre"},{"$i":"month-9-genitive","$v":"octubre"},{"$i":"month-10-genitive","$v":"noviembre"},{"$i":"month-11-genitive","$v":"diciembre"},{"$i":"month-0-short","$v":"ene"},{"$i":"month-1-short","$v":"feb"},{"$i":"month-2-short","$v":"mar"},{"$i":"month-3-short","$v":"abr"},{"$i":"month-4-short","$v":"may"},{"$i":"month-5-short","$v":"jun"},{"$i":"month-6-short","$v":"jul"},{"$i":"month-7-short","$v":"ago"},{"$i":"month-8-short","$v":"sep"},{"$i":"month-9-short","$v":"oct"},{"$i":"month-10-short","$v":"nov"},{"$i":"month-11-short","$v":"dic"},{"$i":"minutes-ago-long","$v":{"zero":"ahora","one":"hace un minuto","two":["hace ",{"t":"idOrVar","v":"value"}," minutos"],"few":["hace ",{"t":"idOrVar","v":"value"}," minutos"],"many":["hace ",{"t":"idOrVar","v":"value"}," minutos"],"other":["hace ",{"t":"idOrVar","v":"value"}," minutos"]},"$x":[{"t":"idOrVar","v":"plural"},"value"]},{"$i":"hours-ago-long","$v":{"zero":"ahora","one":"hace una hora","two":["hace ",{"t":"idOrVar","v":"value"}," horas"],"few":["hace ",{"t":"idOrVar","v":"value"}," horas"],"many":["hace ",{"t":"idOrVar","v":"value"}," horas"],"other":["hace ",{"t":"idOrVar","v":"value"}," horas"]},"$x":[{"t":"idOrVar","v":"plural"},"value"]},{"$i":"days-ago-long","$v":{"zero":"hoy","one":"ayer","two":["hace ",{"t":"idOrVar","v":"value"}," días"],"few":["hace ",{"t":"idOrVar","v":"value"}," días"],"many":["hace ",{"t":"idOrVar","v":"value"}," días"],"other":["hace ",{"t":"idOrVar","v":"value"}," días"]},"$x":[{"t":"idOrVar","v":"plural"},"value"]},{"$i":"weeks-ago-long","$v":{"zero":"esta semana","one":"la semana pasada","two":["hace ",{"t":"idOrVar","v":"value"}," semanas"],"few":["hace ",{"t":"idOrVar","v":"value"}," semanas"],"many":["hace ",{"t":"idOrVar","v":"value"}," semanas"],"other":["hace ",{"t":"idOrVar","v":"value"}," semanas"]},"$x":[{"t":"idOrVar","v":"plural"},"value"]},{"$i":"months-ago-long","$v":{"zero":"este mes","one":"el último mes","two":["hace ",{"t":"idOrVar","v":"value"}," meses"],"few":["hace ",{"t":"idOrVar","v":"value"}," meses"],"many":["hace ",{"t":"idOrVar","v":"value"}," meses"],"other":["hace ",{"t":"idOrVar","v":"value"}," meses"]},"$x":[{"t":"idOrVar","v":"plural"},"value"]},{"$i":"years-ago-long","$v":{"zero":"este año","one":"último año","two":["hace ",{"t":"idOrVar","v":"value"}," años"],"few":["hace ",{"t":"idOrVar","v":"value"}," años"],"many":["hace ",{"t":"idOrVar","v":"value"}," años"],"other":["hace ",{"t":"idOrVar","v":"value"}," años"]},"$x":[{"t":"idOrVar","v":"plural"},"value"]},{"$i":"minutes-until-long","$v":{"zero":"ahora","one":"en un minuto","two":["en ",{"t":"idOrVar","v":"value"}," minutos"],"few":["en ",{"t":"idOrVar","v":"value"}," minutos"],"many":["en ",{"t":"idOrVar","v":"value"}," minutos"],"other":["en ",{"t":"idOrVar","v":"value"}," minutos"]},"$x":[{"t":"idOrVar","v":"plural"},"value"]},{"$i":"hours-until-long","$v":{"zero":"ahora","one":"en una hora","two":["en ",{"t":"idOrVar","v":"value"}," horas"],"few":["en ",{"t":"idOrVar","v":"value"}," horas"],"many":["en ",{"t":"idOrVar","v":"value"}," horas"],"other":["en ",{"t":"idOrVar","v":"value"}," horas"]},"$x":[{"t":"idOrVar","v":"plural"},"value"]},{"$i":"days-until-long","$v":{"zero":"hoy","one":"mañana","two":["en ",{"t":"idOrVar","v":"value"}," días"],"few":["en ",{"t":"idOrVar","v":"value"}," días"],"many":["en ",{"t":"idOrVar","v":"value"}," días"],"other":["en ",{"t":"idOrVar","v":"value"}," días"]},"$x":[{"t":"idOrVar","v":"plural"},"value"]},{"$i":"weeks-until-long","$v":{"zero":"esta semana","one":"la próxima semana","two":["en ",{"t":"idOrVar","v":"value"}," semanas"],"few":["en ",{"t":"idOrVar","v":"value"}," semanas"],"many":["en ",{"t":"idOrVar","v":"value"}," semanas"],"other":["en ",{"t":"idOrVar","v":"value"}," semanas"]},"$x":[{"t":"idOrVar","v":"plural"},"value"]},{"$i":"months-until-long","$v":{"zero":"este mes","one":"próximo mes","two":["en ",{"t":"idOrVar","v":"value"}," meses"],"few":["en ",{"t":"idOrVar","v":"value"}," meses"],"many":["en ",{"t":"idOrVar","v":"value"}," meses"],"other":["en ",{"t":"idOrVar","v":"value"}," meses"]},"$x":[{"t":"idOrVar","v":"plural"},"value"]},{"$i":"years-until-long","$v":{"zero":"este año","one":"próximo año","two":["en ",{"t":"idOrVar","v":"value"}," años"],"few":["en ",{"t":"idOrVar","v":"value"}," años"],"many":["en ",{"t":"idOrVar","v":"value"}," años"],"other":["en ",{"t":"idOrVar","v":"value"}," años"]},"$x":[{"t":"idOrVar","v":"plural"},"value"]},{"$i":"minutes-ago-short","$v":{"zero":"ahora","other":["hace ",{"t":"idOrVar","v":"value"}," m"]},"$x":[{"t":"idOrVar","v":"plural"},"value"]},{"$i":"hours-ago-short","$v":{"zero":"ahora","other":["hace ",{"t":"idOrVar","v":"value"}," h"]},"$x":[{"t":"idOrVar","v":"plural"},"value"]},{"$i":"days-ago-short","$v":{"zero":"hoy","other":["hace ",{"t":"idOrVar","v":"value"}," d"]},"$x":[{"t":"idOrVar","v":"plural"},"value"]},{"$i":"minutes-until-short","$v":{"zero":"ahora","other":["en ",{"t":"idOrVar","v":"value"}," m"]},"$x":[{"t":"idOrVar","v":"plural"},"value"]},{"$i":"hours-until-short","$v":{"zero":"ahora","other":["en ",{"t":"idOrVar","v":"value"}," h"]},"$x":[{"t":"idOrVar","v":"plural"},"value"]},{"$i":"days-until-short","$v":{"zero":"hoy","other":["en ",{"t":"idOrVar","v":"value"}," d"]},"$x":[{"t":"idOrVar","v":"plural"},"value"]},{"$i":"incorrectDate","$v":"(fecha incorrecta)"},{"$i":"dateTimeFormat_%c","$v":"%a, %e de %b, %Y %H:%M:%S"},{"$i":"dateTimeFormat_%x","$v":"%d/%m/%Y"},{"$i":"dateTimeFormat_%X","$v":"%H:%M:%S"},{"$i":"shortTimeFormat","$v":"%H:%M"},{"$i":"shortTimeFormat12","$v":"%H:%M"},{"$i":"shortTimeFormat24","$v":"%H:%M"},{"$i":"shortDateTimeFormat","$v":"%x %H:%M"},{"$i":"weekStartsOnMonday","$v":"1"},{"$i":"firstDayOfTheWeek","$v":"1"},{"$i":"time_am","$v":"AM"},{"$i":"time_pm","$v":"PM"}]