[{"$i":"nospace2-title","$v":"Toki librerik ez memoria-txartelean"},{"$i":"nospace2-text","$v":"Saiatu tokia libratzen multimedia ezabatuz."},{"$i":"error-saving-title","$v":"Argazkia ez da gorde"},{"$i":"error-saving-text","$v":"Errore batek kamerak argazkia gordetzea galarazi du."},{"$i":"error-recording-title","$v":"Bideoa ez da grabatu"},{"$i":"error-recording-text","$v":"Errore batek kamerak bideoa grabatzea galarazi du."},{"$i":"error-video-file-path-title","$v":"Bideoa ez da grabatu"},{"$i":"error-video-file-path-text","$v":"Errorea bideoaren fitxategi-bidea sortzean."},{"$i":"nocard2-title","$v":"Ez da memoria-txartelik aurkitu"},{"$i":"nocard3-text","$v":"Sartu memoria-txartela argazkiak hartzeko."},{"$i":"pluggedin2-title","$v":"Ezin da kamera erabili telefonoa entxufatuta dagoen bitartean"},{"$i":"pluggedin2-text","$v":"Desentxufatu telefonoa argazkiak eta bideoak ateratzeko"},{"$i":"storage-size-limit-reached","$v":"Multimedia biltegiratzeko tokirik gabe geratu zara."},{"$i":"activity-size-limit-reached","$v":"Fitxategi-tamaina maximora heldu zara eranskin honentzat."},{"$i":"retake-button","$v":"Hartu berriro"},{"$i":"select-button","$v":"Hautatu"},{"$i":"close-button","$v":"Itxi"},{"$i":"delete-photo?","$v":"Ezabatu argazkia?"},{"$i":"delete-video?","$v":"Ezabatu bideoa?"},{"$i":"cancel","$v":"Utzi"},{"$i":"delete","$v":"Ezabatu"},{"$i":"mp","$v":"MP"},{"$i":"camera-resolution","$v":"Kameraren bereizmena"},{"$i":"camera-resolution-header","$v":[{"t":"idOrVar","v":"camera-resolution"}]},{"$i":"video-resolution","$v":"Bideoaren bereizmena"},{"$i":"video-resolution-header","$v":[{"t":"idOrVar","v":"video-resolution"}]},{"$i":"scene-mode","$v":"Eszenaren modua"},{"$i":"scene-mode-header","$v":[{"t":"idOrVar","v":"scene-mode"}]},{"$i":"self-timer","$v":"Tenporizadorea"},{"$i":"self-timer-header","$v":[{"t":"idOrVar","v":"self-timer"}]},{"$i":"self-timer-off","$v":"Desaktibatu"},{"$i":"self-timer-2-seconds","$v":"2 segundo"},{"$i":"self-timer-5-seconds","$v":"5 segundo"},{"$i":"self-timer-10-seconds","$v":"10 segundo"},{"$i":"battery-shutdown-title","$v":"Bateria baxua"},{"$i":"battery-shutdown-text","$v":"Bateria baxuegi dago kamera erabiltzeko."},{"$i":"battery-critical-text","$v":"Bateria larriki baxua"},{"$i":"battery-verylow-text","$v":"Bateriaren %10 geratzen da"},{"$i":"battery-low-text","$v":"Bateriaren %15 geratzen da"},{"$i":"camera-unavailable-title","$v":"Kamera ez dago erabilgarri"},{"$i":"camera-unavailable-text","$v":"Beste aplikazio bat kamera erabiltzen ari da."},{"$i":"hdr","$v":"HDR"},{"$i":"hdr-header","$v":[{"t":"idOrVar","v":"hdr"}]},{"$i":"hdr-on","$v":"Aktibatu"},{"$i":"hdr-off","$v":"Desaktibatu"},{"$i":"hdr-deactivated","$v":"(HDR desaktibatuta)"},{"$i":"grid","$v":"Sareta-marrak"},{"$i":"grid-header","$v":[{"t":"idOrVar","v":"grid"}]},{"$i":"grid-on","$v":"Aktibatu"},{"$i":"grid-off","$v":"Desaktibatu"},{"$i":"flash","$v":"Flasha"},{"$i":"flash-on","$v":"Aktibatu"},{"$i":"flash-off","$v":"Desaktibatu"},{"$i":"flash-auto","$v":"Automatikoa"},{"$i":"flash-deactivated","$v":"(Flasha desaktibatuta)"},{"$i":"Photo-Mode","$v":"Argazki mota"},{"$i":"Video-Mode","$v":"Bideo modua"},{"$i":"options","$v":"Aukerak"},{"$i":"open-gallery","$v":"Ireki galeria"},{"$i":"preview","$v":"Aurrebista"},{"$i":"weekday-0-long","$v":"Igandea"},{"$i":"weekday-1-long","$v":"Astelehena"},{"$i":"weekday-2-long","$v":"Asteartea"},{"$i":"weekday-3-long","$v":"Asteazkena"},{"$i":"weekday-4-long","$v":"Osteguna"},{"$i":"weekday-5-long","$v":"Ostirala"},{"$i":"weekday-6-long","$v":"Larunbata"},{"$i":"weekday-0-short","$v":"Ig."},{"$i":"weekday-1-short","$v":"Al."},{"$i":"weekday-2-short","$v":"Ar."},{"$i":"weekday-3-short","$v":"Az."},{"$i":"weekday-4-short","$v":"Og."},{"$i":"weekday-5-short","$v":"Or."},{"$i":"weekday-6-short","$v":"Lr."},{"$i":"month-0-long","$v":"Urtarrila"},{"$i":"month-1-long","$v":"Otsaila"},{"$i":"month-2-long","$v":"Martxoa"},{"$i":"month-3-long","$v":"Apirila"},{"$i":"month-4-long","$v":"Maiatza"},{"$i":"month-5-long","$v":"Ekaina"},{"$i":"month-6-long","$v":"Uztaila"},{"$i":"month-7-long","$v":"Abuztua"},{"$i":"month-8-long","$v":"Iraila"},{"$i":"month-9-long","$v":"Urria"},{"$i":"month-10-long","$v":"Azaroa"},{"$i":"month-11-long","$v":"Abendua"},{"$i":"month-0-genitive","$v":"Urtarrilaren"},{"$i":"month-1-genitive","$v":"Otsailaren"},{"$i":"month-2-genitive","$v":"Martxoaren"},{"$i":"month-3-genitive","$v":"Apirilaren"},{"$i":"month-4-genitive","$v":"Maiatzaren"},{"$i":"month-5-genitive","$v":"Ekainaren"},{"$i":"month-6-genitive","$v":"Uztailaren"},{"$i":"month-7-genitive","$v":"Abuztuaren"},{"$i":"month-8-genitive","$v":"Irailaren"},{"$i":"month-9-genitive","$v":"Urriaren"},{"$i":"month-10-genitive","$v":"Azaroaren"},{"$i":"month-11-genitive","$v":"Abenduaren"},{"$i":"month-0-short","$v":"urt."},{"$i":"month-1-short","$v":"ots."},{"$i":"month-2-short","$v":"mar."},{"$i":"month-3-short","$v":"api."},{"$i":"month-4-short","$v":"mai."},{"$i":"month-5-short","$v":"eka."},{"$i":"month-6-short","$v":"uzt."},{"$i":"month-7-short","$v":"abu."},{"$i":"month-8-short","$v":"ira."},{"$i":"month-9-short","$v":"urr."},{"$i":"month-10-short","$v":"aza."},{"$i":"month-11-short","$v":"abe."},{"$i":"minutes-ago-long","$v":{"zero":"orain","one":"duela minutu bat","two":["duela ",{"t":"idOrVar","v":"value"}," minutu"],"few":["duela ",{"t":"idOrVar","v":"value"}," minutu"],"many":["duela ",{"t":"idOrVar","v":"value"}," minutu"],"other":["duela ",{"t":"idOrVar","v":"value"}," minutu"]},"$x":[{"t":"idOrVar","v":"plural"},"value"]},{"$i":"hours-ago-long","$v":{"zero":"orain","one":"duela ordubete","two":["duela ",{"t":"idOrVar","v":"value"}," ordu"],"few":["duela ",{"t":"idOrVar","v":"value"}," ordu"],"many":["duela ",{"t":"idOrVar","v":"value"}," ordu"],"other":["duela ",{"t":"idOrVar","v":"value"}," ordu"]},"$x":[{"t":"idOrVar","v":"plural"},"value"]},{"$i":"days-ago-long","$v":{"zero":"gaur","one":"atzo","two":"herenegun","few":["duela ",{"t":"idOrVar","v":"value"}," egun"],"many":["duela ",{"t":"idOrVar","v":"value"}," egun"],"other":["duela ",{"t":"idOrVar","v":"value"}," egun"]},"$x":[{"t":"idOrVar","v":"plural"},"value"]},{"$i":"weeks-ago-long","$v":{"zero":"aste honetan","one":"azken astean","two":["duela ",{"t":"idOrVar","v":"value"}," aste"],"few":["duela ",{"t":"idOrVar","v":"value"}," aste"],"many":["duela ",{"t":"idOrVar","v":"value"}," aste"],"other":["duela ",{"t":"idOrVar","v":"value"}," aste"]},"$x":[{"t":"idOrVar","v":"plural"},"value"]},{"$i":"months-ago-long","$v":{"zero":"hilabete honetan","one":"azken hilabetean","two":["duela ",{"t":"idOrVar","v":"value"}," hilabete"],"few":["duela ",{"t":"idOrVar","v":"value"}," hilabete"],"many":["duela ",{"t":"idOrVar","v":"value"}," hilabete"],"other":["duela ",{"t":"idOrVar","v":"value"}," hilabete"]},"$x":[{"t":"idOrVar","v":"plural"},"value"]},{"$i":"years-ago-long","$v":{"zero":"aurten","one":"iaz","two":["duela ",{"t":"idOrVar","v":"value"}," urte"],"few":["duela ",{"t":"idOrVar","v":"value"}," urte"],"many":["duela ",{"t":"idOrVar","v":"value"}," urte"],"other":["duela ",{"t":"idOrVar","v":"value"}," urte"]},"$x":[{"t":"idOrVar","v":"plural"},"value"]},{"$i":"minutes-until-long","$v":{"zero":"orain","one":"minutu barru","two":[{"t":"idOrVar","v":"value"}," minutu barru"],"few":[{"t":"idOrVar","v":"value"}," minutu barru"],"many":[{"t":"idOrVar","v":"value"}," minutu barru"],"other":[{"t":"idOrVar","v":"value"}," minutu barru"]},"$x":[{"t":"idOrVar","v":"plural"},"value"]},{"$i":"hours-until-long","$v":{"zero":"orain","one":"ordubete barru","two":[{"t":"idOrVar","v":"value"}," ordu barru"],"few":[{"t":"idOrVar","v":"value"}," ordu barru"],"many":[{"t":"idOrVar","v":"value"}," ordu barru"],"other":[{"t":"idOrVar","v":"value"}," ordu barru"]},"$x":[{"t":"idOrVar","v":"plural"},"value"]},{"$i":"days-until-long","$v":{"zero":"gaur","one":"bihar","two":"etzi","few":[{"t":"idOrVar","v":"value"}," egun barru"],"many":[{"t":"idOrVar","v":"value"}," egun barru"],"other":[{"t":"idOrVar","v":"value"}," egun barru"]},"$x":[{"t":"idOrVar","v":"plural"},"value"]},{"$i":"weeks-until-long","$v":{"zero":"aste honetan","one":"hurrengo astean","two":[{"t":"idOrVar","v":"value"}," aste barru"],"few":[{"t":"idOrVar","v":"value"}," aste barru"],"many":[{"t":"idOrVar","v":"value"}," aste barru"],"other":[{"t":"idOrVar","v":"value"}," aste barru"]},"$x":[{"t":"idOrVar","v":"plural"},"value"]},{"$i":"months-until-long","$v":{"zero":"hil honetan","one":"hurrengo hilean","two":[{"t":"idOrVar","v":"value"}," hilabete barru"],"few":[{"t":"idOrVar","v":"value"}," hilabete barru"],"many":[{"t":"idOrVar","v":"value"}," hilabete barru"],"other":[{"t":"idOrVar","v":"value"}," hilabete barru"]},"$x":[{"t":"idOrVar","v":"plural"},"value"]},{"$i":"years-until-long","$v":{"zero":"aurten","one":"hurrengo urtean","two":[{"t":"idOrVar","v":"value"}," urte barru"],"few":[{"t":"idOrVar","v":"value"}," urte barru"],"many":[{"t":"idOrVar","v":"value"}," urte barru"],"other":[{"t":"idOrVar","v":"value"}," urte barru"]},"$x":[{"t":"idOrVar","v":"plural"},"value"]},{"$i":"minutes-ago-short","$v":{"zero":"orain","other":["duela ",{"t":"idOrVar","v":"value"},"m"]},"$x":[{"t":"idOrVar","v":"plural"},"value"]},{"$i":"hours-ago-short","$v":{"zero":"orain","other":["duela ",{"t":"idOrVar","v":"value"},"h"]},"$x":[{"t":"idOrVar","v":"plural"},"value"]},{"$i":"days-ago-short","$v":{"zero":"gaur","other":["duela ",{"t":"idOrVar","v":"value"},"eg."]},"$x":[{"t":"idOrVar","v":"plural"},"value"]},{"$i":"minutes-until-short","$v":{"zero":"orain","other":[{"t":"idOrVar","v":"value"},"m barru"]},"$x":[{"t":"idOrVar","v":"plural"},"value"]},{"$i":"hours-until-short","$v":{"zero":"orain","other":[{"t":"idOrVar","v":"value"},"h barru"]},"$x":[{"t":"idOrVar","v":"plural"},"value"]},{"$i":"days-until-short","$v":{"zero":"gaur","other":[{"t":"idOrVar","v":"value"},"eg. barru"]},"$x":[{"t":"idOrVar","v":"plural"},"value"]},{"$i":"incorrectDate","$v":"(data okerra)"},{"$i":"dateTimeFormat_%c","$v":"%a, %Y.eko %Bren %ea %H:%M:%S"},{"$i":"dateTimeFormat_%x","$v":"%Y/%m/%d"},{"$i":"dateTimeFormat_%X","$v":"%H:%M:%S"},{"$i":"shortTimeFormat","$v":"%I:%M %p"},{"$i":"shortTimeFormat12","$v":"%I:%M %p"},{"$i":"shortTimeFormat24","$v":"%H:%M"},{"$i":"shortDateTimeFormat","$v":"%x %H:%M"},{"$i":"weekStartsOnMonday","$v":"1"},{"$i":"firstDayOfTheWeek","$v":"1"},{"$i":"time_am","$v":"AM"},{"$i":"time_pm","$v":"PM"}]