[{"$i":"nospace2-title","$v":"Non hai suficiente espazo na tarxeta de memoria"},{"$i":"nospace2-text","$v":"Tente liberar espazo eliminando ficheiros."},{"$i":"error-saving-title","$v":"Non se gardou a foto"},{"$i":"error-saving-text","$v":"Produciuse un erro que impediu que a Cámara gardara a foto."},{"$i":"error-recording-title","$v":"Non se gravou o vídeo"},{"$i":"error-recording-text","$v":"Produciuse un erro que impediu que a Cámara gravara o vídeo."},{"$i":"error-video-file-path-title","$v":"Non se gravou o vídeo"},{"$i":"error-video-file-path-text","$v":"Produciuse un erro ao crear a ruta de acceso para o vídeo."},{"$i":"nocard2-title","$v":"Non se atopou a tarxeta de memoria"},{"$i":"nocard3-text","$v":"Insira unha tarxeta de memoria para sacar fotos."},{"$i":"pluggedin2-title","$v":"Non é posíbel usar o aplicativo Cámara mentres o teléfono está conectado"},{"$i":"pluggedin2-text","$v":"Desconecte o teléfono para sacar fotos e gravar vídeos"},{"$i":"storage-size-limit-reached","$v":"Non ten suficiente espazo na memoria multimedia."},{"$i":"activity-size-limit-reached","$v":"Alcanzou o tamaño máximo dos ficheiros anexos."},{"$i":"retake-button","$v":"Refacer"},{"$i":"select-button","$v":"Seleccionar"},{"$i":"close-button","$v":"Pechar"},{"$i":"delete-photo?","$v":"Quere eliminar a foto?"},{"$i":"delete-video?","$v":"Quere eliminar o vídeo?"},{"$i":"cancel","$v":"Cancelar"},{"$i":"delete","$v":"Eliminar"},{"$i":"mp","$v":"Mpx"},{"$i":"camera-resolution","$v":"Resolución da cámara"},{"$i":"camera-resolution-header","$v":[{"t":"idOrVar","v":"camera-resolution"}]},{"$i":"video-resolution","$v":"Resolución do vídeo"},{"$i":"video-resolution-header","$v":[{"t":"idOrVar","v":"video-resolution"}]},{"$i":"scene-mode","$v":"Modo de escena"},{"$i":"scene-mode-header","$v":[{"t":"idOrVar","v":"scene-mode"}]},{"$i":"self-timer","$v":"Temporizador"},{"$i":"self-timer-header","$v":[{"t":"idOrVar","v":"self-timer"}]},{"$i":"self-timer-off","$v":"Desactivado"},{"$i":"self-timer-2-seconds","$v":"2 segundos"},{"$i":"self-timer-5-seconds","$v":"5 segundos"},{"$i":"self-timer-10-seconds","$v":"10 segundos"},{"$i":"battery-shutdown-title","$v":"Batería baixa"},{"$i":"battery-shutdown-text","$v":"A batería está demasiado baixa para usar a cámara."},{"$i":"battery-critical-text","$v":"Nivel de batería crítico"},{"$i":"battery-verylow-text","$v":"Queda un 10% de batería"},{"$i":"battery-low-text","$v":"Queda un 15% de batería"},{"$i":"camera-unavailable-title","$v":"Cámara non dispoñíbel"},{"$i":"camera-unavailable-text","$v":"Outro aplicativo xa está usando a cámara."},{"$i":"hdr","$v":"HDR"},{"$i":"hdr-header","$v":[{"t":"idOrVar","v":"hdr"}]},{"$i":"hdr-on","$v":"Activado"},{"$i":"hdr-off","$v":"Desactivado"},{"$i":"hdr-deactivated","$v":"(HDR desactivado)"},{"$i":"grid","$v":"Gradicela"},{"$i":"grid-header","$v":[{"t":"idOrVar","v":"grid"}]},{"$i":"grid-on","$v":"Activada"},{"$i":"grid-off","$v":"Desactivada"},{"$i":"flash","$v":"Flash"},{"$i":"flash-on","$v":"Activado"},{"$i":"flash-off","$v":"Desactivado"},{"$i":"flash-auto","$v":"Automático"},{"$i":"flash-deactivated","$v":"(Flash desactivado)"},{"$i":"Photo-Mode","$v":"Modo de foto"},{"$i":"Video-Mode","$v":"Modo de vídeo"},{"$i":"options","$v":"Opcións"},{"$i":"open-gallery","$v":"Abrir a galería"},{"$i":"preview","$v":"Previsualizar"},{"$i":"weekday-0-long","$v":"Domingo"},{"$i":"weekday-1-long","$v":"Luns"},{"$i":"weekday-2-long","$v":"Martes"},{"$i":"weekday-3-long","$v":"Mércores"},{"$i":"weekday-4-long","$v":"Xoves"},{"$i":"weekday-5-long","$v":"Venres"},{"$i":"weekday-6-long","$v":"Sábado"},{"$i":"weekday-0-short","$v":"Dom"},{"$i":"weekday-1-short","$v":"Lun"},{"$i":"weekday-2-short","$v":"Mar"},{"$i":"weekday-3-short","$v":"Mer"},{"$i":"weekday-4-short","$v":"Xov"},{"$i":"weekday-5-short","$v":"Ven"},{"$i":"weekday-6-short","$v":"Sab"},{"$i":"month-0-long","$v":"Xaneiro"},{"$i":"month-1-long","$v":"Febreiro"},{"$i":"month-2-long","$v":"Marzo"},{"$i":"month-3-long","$v":"Abril"},{"$i":"month-4-long","$v":"Maio"},{"$i":"month-5-long","$v":"Xuño"},{"$i":"month-6-long","$v":"Xullo"},{"$i":"month-7-long","$v":"Agosto"},{"$i":"month-8-long","$v":"Setembro"},{"$i":"month-9-long","$v":"Outubro"},{"$i":"month-10-long","$v":"Novembro"},{"$i":"month-11-long","$v":"Decembro"},{"$i":"month-0-genitive","$v":"Xaneiro"},{"$i":"month-1-genitive","$v":"Febreiro"},{"$i":"month-2-genitive","$v":"Marzo"},{"$i":"month-3-genitive","$v":"Abril"},{"$i":"month-4-genitive","$v":"Maio"},{"$i":"month-5-genitive","$v":"Xuño"},{"$i":"month-6-genitive","$v":"Xullo"},{"$i":"month-7-genitive","$v":"Agosto"},{"$i":"month-8-genitive","$v":"Setembro"},{"$i":"month-9-genitive","$v":"Outubro"},{"$i":"month-10-genitive","$v":"Novembro"},{"$i":"month-11-genitive","$v":"Decembro"},{"$i":"month-0-short","$v":"Xan"},{"$i":"month-1-short","$v":"Feb"},{"$i":"month-2-short","$v":"Mar"},{"$i":"month-3-short","$v":"Abr"},{"$i":"month-4-short","$v":"Maio"},{"$i":"month-5-short","$v":"Xun"},{"$i":"month-6-short","$v":"Xul"},{"$i":"month-7-short","$v":"Ago"},{"$i":"month-8-short","$v":"Set"},{"$i":"month-9-short","$v":"Out"},{"$i":"month-10-short","$v":"Nov"},{"$i":"month-11-short","$v":"Dec"},{"$i":"minutes-ago-long","$v":{"zero":"xusto agora","one":"hai un minuto","two":["hai ",{"t":"idOrVar","v":"value"}," minutos"],"few":["hai ",{"t":"idOrVar","v":"value"}," minutos"],"many":["hai ",{"t":"idOrVar","v":"value"}," minutos"],"other":["hai ",{"t":"idOrVar","v":"value"}," minutos"]},"$x":[{"t":"idOrVar","v":"plural"},"value"]},{"$i":"hours-ago-long","$v":{"zero":"xusto agora","one":"hai unha hora","two":["hai ",{"t":"idOrVar","v":"value"}," horas"],"few":["hai ",{"t":"idOrVar","v":"value"}," horas"],"many":["hai ",{"t":"idOrVar","v":"value"}," horas"],"other":["hai ",{"t":"idOrVar","v":"value"}," horas"]},"$x":[{"t":"idOrVar","v":"plural"},"value"]},{"$i":"days-ago-long","$v":{"zero":"hoxe","one":"onte","two":["hai ",{"t":"idOrVar","v":"value"}," días"],"few":["hai ",{"t":"idOrVar","v":"value"}," días"],"many":["hai ",{"t":"idOrVar","v":"value"}," días"],"other":["hai ",{"t":"idOrVar","v":"value"}," días"]},"$x":[{"t":"idOrVar","v":"plural"},"value"]},{"$i":"weeks-ago-long","$v":{"zero":"esta semana","one":"a semana pasada","two":["hai ",{"t":"idOrVar","v":"value"}," semanas"],"few":["hai ",{"t":"idOrVar","v":"value"}," semanas"],"many":["hai ",{"t":"idOrVar","v":"value"}," semanas"],"other":["hai ",{"t":"idOrVar","v":"value"}," semanas"]},"$x":[{"t":"idOrVar","v":"plural"},"value"]},{"$i":"months-ago-long","$v":{"zero":"Este mes","one":"o mes pasado","two":["hai ",{"t":"idOrVar","v":"value"}," meses"],"few":["hai ",{"t":"idOrVar","v":"value"}," meses"],"many":["hai ",{"t":"idOrVar","v":"value"}," meses"],"other":["hai ",{"t":"idOrVar","v":"value"}," meses"]},"$x":[{"t":"idOrVar","v":"plural"},"value"]},{"$i":"years-ago-long","$v":{"zero":"este ano","one":"o ano pasado","two":["hai ",{"t":"idOrVar","v":"value"}," anos"],"few":["hai ",{"t":"idOrVar","v":"value"}," anos"],"many":["hai ",{"t":"idOrVar","v":"value"}," anos"],"other":["hai ",{"t":"idOrVar","v":"value"}," anos"]},"$x":[{"t":"idOrVar","v":"plural"},"value"]},{"$i":"minutes-until-long","$v":{"zero":"agora","one":"nun minuto","two":["en ",{"t":"idOrVar","v":"value"}," minutos"],"few":["en ",{"t":"idOrVar","v":"value"}," minutos"],"many":["en ",{"t":"idOrVar","v":"value"}," minutos"],"other":["en ",{"t":"idOrVar","v":"value"}," minutos"]},"$x":[{"t":"idOrVar","v":"plural"},"value"]},{"$i":"hours-until-long","$v":{"zero":"agora","one":"nunha hora","two":["en ",{"t":"idOrVar","v":"value"}," horas"],"few":["en ",{"t":"idOrVar","v":"value"}," horas"],"many":["en ",{"t":"idOrVar","v":"value"}," horas"],"other":["en ",{"t":"idOrVar","v":"value"}," horas"]},"$x":[{"t":"idOrVar","v":"plural"},"value"]},{"$i":"days-until-long","$v":{"zero":"hoxe","one":"mañá","two":["en ",{"t":"idOrVar","v":"value"}," días"],"few":["en ",{"t":"idOrVar","v":"value"}," días"],"many":["en ",{"t":"idOrVar","v":"value"}," días"],"other":["en ",{"t":"idOrVar","v":"value"}," días"]},"$x":[{"t":"idOrVar","v":"plural"},"value"]},{"$i":"weeks-until-long","$v":{"zero":"esta semana","one":"a semana que ven","two":["en ",{"t":"idOrVar","v":"value"}," semanas"],"few":["en ",{"t":"idOrVar","v":"value"}," semanas"],"many":["en ",{"t":"idOrVar","v":"value"}," semanas"],"other":["en ",{"t":"idOrVar","v":"value"}," semanas"]},"$x":[{"t":"idOrVar","v":"plural"},"value"]},{"$i":"months-until-long","$v":{"zero":"Este mes","one":"o mes que ven","two":["en ",{"t":"idOrVar","v":"value"}," meses"],"few":["en ",{"t":"idOrVar","v":"value"}," meses"],"many":["en ",{"t":"idOrVar","v":"value"}," meses"],"other":["en ",{"t":"idOrVar","v":"value"}," meses"]},"$x":[{"t":"idOrVar","v":"plural"},"value"]},{"$i":"years-until-long","$v":{"zero":"este ano","one":"o ano que ven","two":["en ",{"t":"idOrVar","v":"value"}," anos"],"few":["en ",{"t":"idOrVar","v":"value"}," anos"],"many":["en ",{"t":"idOrVar","v":"value"}," anos"],"other":["en ",{"t":"idOrVar","v":"value"}," anos"]},"$x":[{"t":"idOrVar","v":"plural"},"value"]},{"$i":"minutes-ago-short","$v":{"zero":"xusto agora","other":["hai ",{"t":"idOrVar","v":"value"},"min"]},"$x":[{"t":"idOrVar","v":"plural"},"value"]},{"$i":"hours-ago-short","$v":{"zero":"xusto agora","other":["hai ",{"t":"idOrVar","v":"value"},"h"]},"$x":[{"t":"idOrVar","v":"plural"},"value"]},{"$i":"days-ago-short","$v":{"zero":"hoxe","other":["hai ",{"t":"idOrVar","v":"value"},"d"]},"$x":[{"t":"idOrVar","v":"plural"},"value"]},{"$i":"minutes-until-short","$v":{"zero":"agora","other":["en ",{"t":"idOrVar","v":"value"},"min"]},"$x":[{"t":"idOrVar","v":"plural"},"value"]},{"$i":"hours-until-short","$v":{"zero":"agora","other":["en ",{"t":"idOrVar","v":"value"},"h"]},"$x":[{"t":"idOrVar","v":"plural"},"value"]},{"$i":"days-until-short","$v":{"zero":"hoxe","other":["en ",{"t":"idOrVar","v":"value"},"d"]},"$x":[{"t":"idOrVar","v":"plural"},"value"]},{"$i":"incorrectDate","$v":"(data incorrecta)"},{"$i":"dateTimeFormat_%c","$v":"%a, %e de %b, %Y %H:%M:%S"},{"$i":"dateTimeFormat_%x","$v":"%d/%m/%Y"},{"$i":"dateTimeFormat_%X","$v":"%H:%M:%S"},{"$i":"shortTimeFormat","$v":"%H:%M"},{"$i":"shortTimeFormat12","$v":"%H:%M"},{"$i":"shortTimeFormat24","$v":"%H:%M"},{"$i":"shortDateTimeFormat","$v":"%x %H:%M %p"},{"$i":"weekStartsOnMonday","$v":"1"},{"$i":"firstDayOfTheWeek","$v":"0"},{"$i":"time_am","$v":"AM"},{"$i":"time_pm","$v":"PM"}]