[{"$i":"nospace2-title","$v":"Nincs elég hely a memóriakártyán"},{"$i":"nospace2-text","$v":"Próbáljon meg fájlok törlésével helyet felszabadítani."},{"$i":"error-saving-title","$v":"A kép nem lett elmentve"},{"$i":"error-saving-text","$v":"Egy hiba miatt a Kamera nem tudta elmenteni a képet."},{"$i":"error-recording-title","$v":"A videó nincs mentve"},{"$i":"error-recording-text","$v":"Egy hiba miatt a Kamera nem tudta elmenteni a videót."},{"$i":"error-video-file-path-title","$v":"A videó nincs mentve"},{"$i":"error-video-file-path-text","$v":"A videofájl létrehozása sikertelen."},{"$i":"nocard2-title","$v":"Nem található memóriakártya"},{"$i":"nocard3-text","$v":"Fényképek készítéséhez tegye be a memóriakártyát."},{"$i":"pluggedin2-title","$v":"A Kamera nem használható, amíg a telefon csatlakoztatva van"},{"$i":"pluggedin2-text","$v":"Válassza le a telefont képek és videók rögzítéséhez"},{"$i":"storage-size-limit-reached","$v":"A média-tárterület elfogyott."},{"$i":"activity-size-limit-reached","$v":"Elérte a melléklet maximális fájlméretét."},{"$i":"retake-button","$v":"Újravétel"},{"$i":"select-button","$v":"Kiválasztás"},{"$i":"close-button","$v":"Bezárás"},{"$i":"delete-photo?","$v":"Törli a fotót?"},{"$i":"delete-video?","$v":"Törli a videót?"},{"$i":"cancel","$v":"Mégse"},{"$i":"delete","$v":"Törlés"},{"$i":"mp","$v":"MP"},{"$i":"camera-resolution","$v":"Fényképfelbontás"},{"$i":"camera-resolution-header","$v":[{"t":"idOrVar","v":"camera-resolution"}]},{"$i":"video-resolution","$v":"Videofelbontás"},{"$i":"video-resolution-header","$v":[{"t":"idOrVar","v":"video-resolution"}]},{"$i":"scene-mode","$v":"Jelenet mód"},{"$i":"scene-mode-header","$v":[{"t":"idOrVar","v":"scene-mode"}]},{"$i":"self-timer","$v":"Önidőzítő"},{"$i":"self-timer-header","$v":[{"t":"idOrVar","v":"self-timer"}]},{"$i":"self-timer-off","$v":"Ki"},{"$i":"self-timer-2-seconds","$v":"2 másodperc"},{"$i":"self-timer-5-seconds","$v":"5 másodperc"},{"$i":"self-timer-10-seconds","$v":"10 másodperc"},{"$i":"battery-shutdown-title","$v":"Gyenge akkumulátor"},{"$i":"battery-shutdown-text","$v":"Az akkumulátor túl gyenge a kamera használatához"},{"$i":"battery-critical-text","$v":"Kritikusan gyenge akkumulátor"},{"$i":"battery-verylow-text","$v":"10% töltöttség maradt"},{"$i":"battery-low-text","$v":"15% töltöttség maradt"},{"$i":"camera-unavailable-title","$v":"Camera Unavailable"},{"$i":"camera-unavailable-text","$v":"The camera is in use by another app."},{"$i":"hdr","$v":"HDR"},{"$i":"hdr-header","$v":[{"t":"idOrVar","v":"hdr"}]},{"$i":"hdr-on","$v":"Be"},{"$i":"hdr-off","$v":"Ki"},{"$i":"hdr-deactivated","$v":"(HDR kikapcsolva)"},{"$i":"grid","$v":"Rácsvonalak"},{"$i":"grid-header","$v":[{"t":"idOrVar","v":"grid"}]},{"$i":"grid-on","$v":"Be"},{"$i":"grid-off","$v":"Ki"},{"$i":"flash","$v":"Vaku"},{"$i":"flash-on","$v":"Be"},{"$i":"flash-off","$v":"Ki"},{"$i":"flash-auto","$v":"Auto"},{"$i":"flash-deactivated","$v":"(Vaku kikapcsolva)"},{"$i":"Photo-Mode","$v":"Photo Mode"},{"$i":"Video-Mode","$v":"Video Mode"},{"$i":"options","$v":"Beállítások"},{"$i":"open-gallery","$v":"Galéria megnyitása"},{"$i":"preview","$v":"Előnézet"},{"$i":"weekday-0-long","$v":"Vasárnap"},{"$i":"weekday-1-long","$v":"Hétfő"},{"$i":"weekday-2-long","$v":"Kedd"},{"$i":"weekday-3-long","$v":"Szerda"},{"$i":"weekday-4-long","$v":"Csütörtök"},{"$i":"weekday-5-long","$v":"Péntek"},{"$i":"weekday-6-long","$v":"Szombat"},{"$i":"weekday-0-short","$v":"Va."},{"$i":"weekday-1-short","$v":"Hé."},{"$i":"weekday-2-short","$v":"Ke."},{"$i":"weekday-3-short","$v":"Sze."},{"$i":"weekday-4-short","$v":"Csü."},{"$i":"weekday-5-short","$v":"Pé."},{"$i":"weekday-6-short","$v":"Szo."},{"$i":"month-0-long","$v":"Január"},{"$i":"month-1-long","$v":"Február"},{"$i":"month-2-long","$v":"Március"},{"$i":"month-3-long","$v":"Április"},{"$i":"month-4-long","$v":"Május"},{"$i":"month-5-long","$v":"Június"},{"$i":"month-6-long","$v":"Július"},{"$i":"month-7-long","$v":"Augusztus"},{"$i":"month-8-long","$v":"Szeptember"},{"$i":"month-9-long","$v":"Október"},{"$i":"month-10-long","$v":"November"},{"$i":"month-11-long","$v":"December"},{"$i":"month-0-genitive","$v":"Január"},{"$i":"month-1-genitive","$v":"Február"},{"$i":"month-2-genitive","$v":"Március"},{"$i":"month-3-genitive","$v":"Április"},{"$i":"month-4-genitive","$v":"Május"},{"$i":"month-5-genitive","$v":"Június"},{"$i":"month-6-genitive","$v":"Július"},{"$i":"month-7-genitive","$v":"Augusztus"},{"$i":"month-8-genitive","$v":"Szeptember"},{"$i":"month-9-genitive","$v":"Október"},{"$i":"month-10-genitive","$v":"November"},{"$i":"month-11-genitive","$v":"December"},{"$i":"month-0-short","$v":"Jan"},{"$i":"month-1-short","$v":"Feb"},{"$i":"month-2-short","$v":"Már"},{"$i":"month-3-short","$v":"Ápr"},{"$i":"month-4-short","$v":"Máj"},{"$i":"month-5-short","$v":"Jún"},{"$i":"month-6-short","$v":"Júl"},{"$i":"month-7-short","$v":"Aug"},{"$i":"month-8-short","$v":"Szep"},{"$i":"month-9-short","$v":"Okt"},{"$i":"month-10-short","$v":"Nov"},{"$i":"month-11-short","$v":"Dec"},{"$i":"minutes-ago-long","$v":{"zero":"épp most","one":"egy perccel ezelőtt","two":[{"t":"idOrVar","v":"value"}," perccel ezelőtt"],"few":[{"t":"idOrVar","v":"value"}," perccel ezelőtt"],"many":[{"t":"idOrVar","v":"value"}," perccel ezelőtt"],"other":[{"t":"idOrVar","v":"value"}," perccel ezelőtt"]},"$x":[{"t":"idOrVar","v":"plural"},"value"]},{"$i":"hours-ago-long","$v":{"zero":"épp most","one":"egy órája","two":[{"t":"idOrVar","v":"value"}," órával ezelőtt"],"few":[{"t":"idOrVar","v":"value"}," órával ezelőtt"],"many":[{"t":"idOrVar","v":"value"}," órával ezelőtt"],"other":[{"t":"idOrVar","v":"value"}," órával ezelőtt"]},"$x":[{"t":"idOrVar","v":"plural"},"value"]},{"$i":"days-ago-long","$v":{"zero":"ma","one":"tegnap","two":[{"t":"idOrVar","v":"value"}," nappal ezelőtt"],"few":[{"t":"idOrVar","v":"value"}," nappal ezelőtt"],"many":[{"t":"idOrVar","v":"value"}," nappal ezelőtt"],"other":[{"t":"idOrVar","v":"value"}," nappal ezelőtt"]},"$x":[{"t":"idOrVar","v":"plural"},"value"]},{"$i":"weeks-ago-long","$v":{"zero":"ez a hét","one":"múlt hét","two":[{"t":"idOrVar","v":"value"}," héttel ezelőtt"],"few":[{"t":"idOrVar","v":"value"}," héttel ezelőtt"],"many":[{"t":"idOrVar","v":"value"}," héttel ezelőtt"],"other":[{"t":"idOrVar","v":"value"}," héttel ezelőtt"]},"$x":[{"t":"idOrVar","v":"plural"},"value"]},{"$i":"months-ago-long","$v":{"zero":"ez a hónap","one":"előző hónap","two":[{"t":"idOrVar","v":"value"}," hónappal ezelőtt"],"few":[{"t":"idOrVar","v":"value"}," hónappal ezelőtt"],"many":[{"t":"idOrVar","v":"value"}," hónappal ezelőtt"],"other":[{"t":"idOrVar","v":"value"}," hónappal ezelőtt"]},"$x":[{"t":"idOrVar","v":"plural"},"value"]},{"$i":"years-ago-long","$v":{"zero":"ez az év","one":"tavaly","two":[{"t":"idOrVar","v":"value"}," évvel ezelőtt"],"few":[{"t":"idOrVar","v":"value"}," évvel ezelőtt"],"many":[{"t":"idOrVar","v":"value"}," évvel ezelőtt"],"other":[{"t":"idOrVar","v":"value"}," évvel ezelőtt"]},"$x":[{"t":"idOrVar","v":"plural"},"value"]},{"$i":"minutes-until-long","$v":{"zero":"most","one":"egy percen belül","two":[{"t":"idOrVar","v":"value"}," percen belül"],"few":[{"t":"idOrVar","v":"value"}," percen belül"],"many":[{"t":"idOrVar","v":"value"}," percen belül"],"other":[{"t":"idOrVar","v":"value"}," percen belül"]},"$x":[{"t":"idOrVar","v":"plural"},"value"]},{"$i":"hours-until-long","$v":{"zero":"most","one":"egy órán belül","two":[{"t":"idOrVar","v":"value"}," órán belül"],"few":[{"t":"idOrVar","v":"value"}," órán belül"],"many":[{"t":"idOrVar","v":"value"}," órán belül"],"other":[{"t":"idOrVar","v":"value"}," órán belül"]},"$x":[{"t":"idOrVar","v":"plural"},"value"]},{"$i":"days-until-long","$v":{"zero":"ma","one":"holnap","two":[{"t":"idOrVar","v":"value"}," napon belül"],"few":[{"t":"idOrVar","v":"value"}," napon belül"],"many":[{"t":"idOrVar","v":"value"}," napon belül"],"other":[{"t":"idOrVar","v":"value"}," napon belül"]},"$x":[{"t":"idOrVar","v":"plural"},"value"]},{"$i":"weeks-until-long","$v":{"zero":"ez a hét","one":"következő hét","two":[{"t":"idOrVar","v":"value"}," héten belül"],"few":[{"t":"idOrVar","v":"value"}," héten belül"],"many":[{"t":"idOrVar","v":"value"}," héten belül"],"other":[{"t":"idOrVar","v":"value"}," héten belül"]},"$x":[{"t":"idOrVar","v":"plural"},"value"]},{"$i":"months-until-long","$v":{"zero":"ez a hónap","one":"következő hónap","two":[{"t":"idOrVar","v":"value"}," héten belül"],"few":[{"t":"idOrVar","v":"value"}," héten belül"],"many":[{"t":"idOrVar","v":"value"}," héten belül"],"other":[{"t":"idOrVar","v":"value"}," héten belül"]},"$x":[{"t":"idOrVar","v":"plural"},"value"]},{"$i":"years-until-long","$v":{"zero":"ez az év","one":"következő év","two":[{"t":"idOrVar","v":"value"}," éven belül"],"few":[{"t":"idOrVar","v":"value"}," éven belül"],"many":[{"t":"idOrVar","v":"value"}," éven belül"],"other":[{"t":"idOrVar","v":"value"}," éven belül"]},"$x":[{"t":"idOrVar","v":"plural"},"value"]},{"$i":"minutes-ago-short","$v":{"zero":"épp most","other":[{"t":"idOrVar","v":"value"},"p ezelőtt"]},"$x":[{"t":"idOrVar","v":"plural"},"value"]},{"$i":"hours-ago-short","$v":{"zero":"épp most","other":[{"t":"idOrVar","v":"value"},"ó ezelőtt"]},"$x":[{"t":"idOrVar","v":"plural"},"value"]},{"$i":"days-ago-short","$v":{"zero":"ma","other":[{"t":"idOrVar","v":"value"},"n ezelőtt"]},"$x":[{"t":"idOrVar","v":"plural"},"value"]},{"$i":"minutes-until-short","$v":{"zero":"most","other":[{"t":"idOrVar","v":"value"}," percen belül"]},"$x":[{"t":"idOrVar","v":"plural"},"value"]},{"$i":"hours-until-short","$v":{"zero":"most","other":[{"t":"idOrVar","v":"value"}," órán belül"]},"$x":[{"t":"idOrVar","v":"plural"},"value"]},{"$i":"days-until-short","$v":{"zero":"ma","other":[{"t":"idOrVar","v":"value"}," napon belül"]},"$x":[{"t":"idOrVar","v":"plural"},"value"]},{"$i":"incorrectDate","$v":"(helytelen dátum)"},{"$i":"dateTimeFormat_%c","$v":"%Y. %b %d %a %H:%M:%S"},{"$i":"dateTimeFormat_%x","$v":"%Y. %m. %d."},{"$i":"dateTimeFormat_%X","$v":"%H:%M:%S"},{"$i":"shortTimeFormat","$v":"%I:%M %p"},{"$i":"shortTimeFormat12","$v":"%I:%M %p"},{"$i":"shortTimeFormat24","$v":"%H:%M"},{"$i":"shortDateTimeFormat","$v":"%x %H:%M"},{"$i":"weekStartsOnMonday","$v":"1"},{"$i":"firstDayOfTheWeek","$v":"0"},{"$i":"time_am","$v":"DE"},{"$i":"time_pm","$v":"DU"}]