[{"$i":"nospace2-title","$v":"메모리 카드에 공간 없음"},{"$i":"nospace2-text","$v":"미디어를 삭제해서 공간을 늘려 보십시오."},{"$i":"error-saving-title","$v":"사진을 저장할 수 없음"},{"$i":"error-saving-text","$v":"오류가 발생해 카메라에서 사진을 저장할 수 없습니다."},{"$i":"error-recording-title","$v":"동영상을 녹화할 수 없음"},{"$i":"error-recording-text","$v":"오류가 발생해 카메라에서 동영상을 녹화할 수 없습니다."},{"$i":"error-video-file-path-title","$v":"동영상이 녹화되지 않음"},{"$i":"error-video-file-path-text","$v":"동영상 파일 경로 생성에 실패했습니다."},{"$i":"nocard2-title","$v":"메모리 카드를 찾지 못함"},{"$i":"nocard3-text","$v":"사진을 찍기 위해 메모리 카드를 삽입하십시오."},{"$i":"pluggedin2-title","$v":"폰이 연결되어 있으면 카메라를 쓸 수 없음"},{"$i":"pluggedin2-text","$v":"사진이나 비디오를 찍으려면 폰 연결을 빼십시오."},{"$i":"storage-size-limit-reached","$v":"저장 장소가 거의 다 찼습니다."},{"$i":"activity-size-limit-reached","$v":"첨부할 수 있는 최대 크기를 초과하였습니다."},{"$i":"retake-button","$v":"재촬영"},{"$i":"select-button","$v":"선택"},{"$i":"close-button","$v":"닫기"},{"$i":"delete-photo?","$v":"사진을 삭제하시겠습니까?"},{"$i":"delete-video?","$v":"동영상을 삭제하시겠습니까?"},{"$i":"cancel","$v":"취소"},{"$i":"delete","$v":"삭제"},{"$i":"mp","$v":"MP"},{"$i":"camera-resolution","$v":"카메라 해상도"},{"$i":"camera-resolution-header","$v":[{"t":"idOrVar","v":"camera-resolution"}]},{"$i":"video-resolution","$v":"동영상 해상도"},{"$i":"video-resolution-header","$v":[{"t":"idOrVar","v":"video-resolution"}]},{"$i":"scene-mode","$v":"장면 모드"},{"$i":"scene-mode-header","$v":[{"t":"idOrVar","v":"scene-mode"}]},{"$i":"self-timer","$v":"타이머"},{"$i":"self-timer-header","$v":[{"t":"idOrVar","v":"self-timer"}]},{"$i":"self-timer-off","$v":"사용안함"},{"$i":"self-timer-2-seconds","$v":"2초"},{"$i":"self-timer-5-seconds","$v":"5초"},{"$i":"self-timer-10-seconds","$v":"10초"},{"$i":"battery-shutdown-title","$v":"배터리 부족"},{"$i":"battery-shutdown-text","$v":"카메라를 구동할 수 없을 정도로 배터리가 없습니다."},{"$i":"battery-critical-text","$v":"배터리 위험 수준"},{"$i":"battery-verylow-text","$v":"배터리 10% 남음"},{"$i":"battery-low-text","$v":"배터리 15% 남음"},{"$i":"camera-unavailable-title","$v":"Camera Unavailable"},{"$i":"camera-unavailable-text","$v":"The camera is in use by another app."},{"$i":"hdr","$v":"HDR"},{"$i":"hdr-header","$v":[{"t":"idOrVar","v":"hdr"}]},{"$i":"hdr-on","$v":"켜기"},{"$i":"hdr-off","$v":"끄기"},{"$i":"hdr-deactivated","$v":"(HDR 비활성화)"},{"$i":"grid","$v":"격자"},{"$i":"grid-header","$v":[{"t":"idOrVar","v":"grid"}]},{"$i":"grid-on","$v":"보이기"},{"$i":"grid-off","$v":"보이지 않기"},{"$i":"flash","$v":"플래시"},{"$i":"flash-on","$v":"켜기"},{"$i":"flash-off","$v":"끄기"},{"$i":"flash-auto","$v":"자동"},{"$i":"flash-deactivated","$v":"(플래시 비활성화)"},{"$i":"Photo-Mode","$v":"Photo Mode"},{"$i":"Video-Mode","$v":"Video Mode"},{"$i":"options","$v":"카메라 설정"},{"$i":"open-gallery","$v":"갤러리 열기"},{"$i":"preview","$v":"미리 보기"},{"$i":"weekday-0-long","$v":"일요일"},{"$i":"weekday-1-long","$v":"월요일"},{"$i":"weekday-2-long","$v":"화요일"},{"$i":"weekday-3-long","$v":"수요일"},{"$i":"weekday-4-long","$v":"목요일"},{"$i":"weekday-5-long","$v":"금요일"},{"$i":"weekday-6-long","$v":"토요일"},{"$i":"weekday-0-short","$v":"일"},{"$i":"weekday-1-short","$v":"월"},{"$i":"weekday-2-short","$v":"화"},{"$i":"weekday-3-short","$v":"수"},{"$i":"weekday-4-short","$v":"목"},{"$i":"weekday-5-short","$v":"금"},{"$i":"weekday-6-short","$v":"토"},{"$i":"month-0-long","$v":"1월"},{"$i":"month-1-long","$v":"2월"},{"$i":"month-2-long","$v":"3월"},{"$i":"month-3-long","$v":"4월"},{"$i":"month-4-long","$v":"5월"},{"$i":"month-5-long","$v":"6월"},{"$i":"month-6-long","$v":"7월"},{"$i":"month-7-long","$v":"8월"},{"$i":"month-8-long","$v":"9월"},{"$i":"month-9-long","$v":"10월"},{"$i":"month-10-long","$v":"11월"},{"$i":"month-11-long","$v":"12월"},{"$i":"month-0-genitive","$v":"1월"},{"$i":"month-1-genitive","$v":"2월"},{"$i":"month-2-genitive","$v":"3월"},{"$i":"month-3-genitive","$v":"4월"},{"$i":"month-4-genitive","$v":"5월"},{"$i":"month-5-genitive","$v":"6월"},{"$i":"month-6-genitive","$v":"7월"},{"$i":"month-7-genitive","$v":"8월"},{"$i":"month-8-genitive","$v":"9월"},{"$i":"month-9-genitive","$v":"10월"},{"$i":"month-10-genitive","$v":"11월"},{"$i":"month-11-genitive","$v":"12월"},{"$i":"month-0-short","$v":"1월"},{"$i":"month-1-short","$v":"2월"},{"$i":"month-2-short","$v":"3월"},{"$i":"month-3-short","$v":"4월"},{"$i":"month-4-short","$v":"5월"},{"$i":"month-5-short","$v":"6월"},{"$i":"month-6-short","$v":"7월"},{"$i":"month-7-short","$v":"8월"},{"$i":"month-8-short","$v":"9월"},{"$i":"month-9-short","$v":"10월"},{"$i":"month-10-short","$v":"11월"},{"$i":"month-11-short","$v":"12월"},{"$i":"minutes-ago-long","$v":{"zero":"지금","one":"1분 전","two":[{"t":"idOrVar","v":"value"},"분 전"],"few":[{"t":"idOrVar","v":"value"},"분 전"],"many":[{"t":"idOrVar","v":"value"},"분 전"],"other":[{"t":"idOrVar","v":"value"},"분 전"]},"$x":[{"t":"idOrVar","v":"plural"},"value"]},{"$i":"hours-ago-long","$v":{"zero":"지금","one":"1시간 전","two":[{"t":"idOrVar","v":"value"},"시간 전"],"few":[{"t":"idOrVar","v":"value"},"시간 전"],"many":[{"t":"idOrVar","v":"value"},"시간 전"],"other":[{"t":"idOrVar","v":"value"},"시간 전"]},"$x":[{"t":"idOrVar","v":"plural"},"value"]},{"$i":"days-ago-long","$v":{"zero":"오늘","one":"어제","two":[{"t":"idOrVar","v":"value"},"일 전"],"few":[{"t":"idOrVar","v":"value"},"일 전"],"many":[{"t":"idOrVar","v":"value"},"일 전"],"other":[{"t":"idOrVar","v":"value"},"일 전"]},"$x":[{"t":"idOrVar","v":"plural"},"value"]},{"$i":"weeks-ago-long","$v":{"zero":"이번 주","one":"지난 주","two":[{"t":"idOrVar","v":"value"},"주 전"],"few":[{"t":"idOrVar","v":"value"},"주 전"],"many":[{"t":"idOrVar","v":"value"},"주 전"],"other":[{"t":"idOrVar","v":"value"},"주 전"]},"$x":[{"t":"idOrVar","v":"plural"},"value"]},{"$i":"months-ago-long","$v":{"zero":"이번 달","one":"지난 달","two":[{"t":"idOrVar","v":"value"},"개월 전"],"few":[{"t":"idOrVar","v":"value"},"개월 전"],"many":[{"t":"idOrVar","v":"value"},"개월 전"],"other":[{"t":"idOrVar","v":"value"},"개월 전"]},"$x":[{"t":"idOrVar","v":"plural"},"value"]},{"$i":"years-ago-long","$v":{"zero":"올해","one":"작년","two":[{"t":"idOrVar","v":"value"},"년 전"],"few":[{"t":"idOrVar","v":"value"},"년 전"],"many":[{"t":"idOrVar","v":"value"},"년 전"],"other":[{"t":"idOrVar","v":"value"},"년 전"]},"$x":[{"t":"idOrVar","v":"plural"},"value"]},{"$i":"minutes-until-long","$v":{"zero":"지금","one":"1분 후","two":[{"t":"idOrVar","v":"value"},"분 후"],"few":[{"t":"idOrVar","v":"value"},"분 후"],"many":[{"t":"idOrVar","v":"value"},"분 후"],"other":[{"t":"idOrVar","v":"value"},"분 후"]},"$x":[{"t":"idOrVar","v":"plural"},"value"]},{"$i":"hours-until-long","$v":{"zero":"지금","one":"한 시간 후","two":[{"t":"idOrVar","v":"value"},"시간 후"],"few":[{"t":"idOrVar","v":"value"},"시간 후"],"many":[{"t":"idOrVar","v":"value"},"시간 후"],"other":[{"t":"idOrVar","v":"value"},"시간 후"]},"$x":[{"t":"idOrVar","v":"plural"},"value"]},{"$i":"days-until-long","$v":{"zero":"오늘","one":"내일","two":[{"t":"idOrVar","v":"value"},"일 후"],"few":[{"t":"idOrVar","v":"value"},"일 후"],"many":[{"t":"idOrVar","v":"value"},"일 후"],"other":[{"t":"idOrVar","v":"value"},"일 후"]},"$x":[{"t":"idOrVar","v":"plural"},"value"]},{"$i":"weeks-until-long","$v":{"zero":"이번 주","one":"다음 주","two":[{"t":"idOrVar","v":"value"},"주 후"],"few":[{"t":"idOrVar","v":"value"},"주 후"],"many":[{"t":"idOrVar","v":"value"},"주 후"],"other":[{"t":"idOrVar","v":"value"},"주 후"]},"$x":[{"t":"idOrVar","v":"plural"},"value"]},{"$i":"months-until-long","$v":{"zero":"이번 달","one":"다음 달","two":[{"t":"idOrVar","v":"value"},"개월 후"],"few":[{"t":"idOrVar","v":"value"},"개월 후"],"many":[{"t":"idOrVar","v":"value"},"개월 후"],"other":[{"t":"idOrVar","v":"value"},"개월 후"]},"$x":[{"t":"idOrVar","v":"plural"},"value"]},{"$i":"years-until-long","$v":{"zero":"올해","one":"내년","two":[{"t":"idOrVar","v":"value"},"년 후"],"few":[{"t":"idOrVar","v":"value"},"년 후"],"many":[{"t":"idOrVar","v":"value"},"년 후"],"other":[{"t":"idOrVar","v":"value"},"년 후"]},"$x":[{"t":"idOrVar","v":"plural"},"value"]},{"$i":"minutes-ago-short","$v":{"zero":"지금","other":[{"t":"idOrVar","v":"value"},"분 전"]},"$x":[{"t":"idOrVar","v":"plural"},"value"]},{"$i":"hours-ago-short","$v":{"zero":"지금","other":[{"t":"idOrVar","v":"value"},"시간 전"]},"$x":[{"t":"idOrVar","v":"plural"},"value"]},{"$i":"days-ago-short","$v":{"zero":"오늘","other":[{"t":"idOrVar","v":"value"},"일 전"]},"$x":[{"t":"idOrVar","v":"plural"},"value"]},{"$i":"minutes-until-short","$v":{"zero":"지금","other":[{"t":"idOrVar","v":"value"},"분 후"]},"$x":[{"t":"idOrVar","v":"plural"},"value"]},{"$i":"hours-until-short","$v":{"zero":"지금","other":[{"t":"idOrVar","v":"value"},"시간 후"]},"$x":[{"t":"idOrVar","v":"plural"},"value"]},{"$i":"days-until-short","$v":{"zero":"오늘","other":[{"t":"idOrVar","v":"value"},"일 후"]},"$x":[{"t":"idOrVar","v":"plural"},"value"]},{"$i":"incorrectDate","$v":"(잘못된 날짜)"},{"$i":"dateTimeFormat_%c","$v":"%Y년 %B %e일 %a %I:%M:%S %p"},{"$i":"dateTimeFormat_%x","$v":"%Y/%m/%d"},{"$i":"dateTimeFormat_%X","$v":"%I:%M:%S %p"},{"$i":"shortTimeFormat","$v":"%I:%M %p"},{"$i":"shortTimeFormat12","$v":"%I:%M %p"},{"$i":"shortTimeFormat24","$v":"%H:%M"},{"$i":"shortDateTimeFormat","$v":"%x %I:%M %p"},{"$i":"weekStartsOnMonday","$v":"0"},{"$i":"firstDayOfTheWeek","$v":"0"},{"$i":"time_am","$v":"오전"},{"$i":"time_pm","$v":"오후"}]