[{"$i":"nospace2-title","$v":"मेमोरी कार्डमा पर्याप्त स्थान छैन"},{"$i":"nospace2-text","$v":"मिडिया मेटाइ खाली ठाउँ स्वतन्त्र गर्ने प्रयास गर्नुहोस्।"},{"$i":"error-saving-title","$v":"तस्विर बचत भएकोछैन"},{"$i":"error-saving-text","$v":"एउटा त्रुटिको कारण क्यामेराले तस्विर बचत गर्नसकेन।"},{"$i":"error-recording-title","$v":"भिडियो रेकर्ड भएको छैन"},{"$i":"error-recording-text","$v":"एउटा त्रुटिको कारण क्यामेराले भिडियो रेकर्ड गर्नसकेन।"},{"$i":"error-video-file-path-title","$v":"भिडियो रेकर्ड भएको छैन"},{"$i":"error-video-file-path-text","$v":"भिडियो फाइल मार्ग बनाउन त्रुटि।"},{"$i":"nocard2-title","$v":"कुनै मेमोरी कार्ड भेटिएन"},{"$i":"nocard3-text","$v":"तस्विर लिन मेमोरी कार्ड घुसाउनुहोस्।"},{"$i":"pluggedin2-title","$v":"फोन जोडिएको बेला क्यामेरा प्रयोग गर्न मिल्दैन"},{"$i":"pluggedin2-text","$v":"फोटो र भिडियो खिच्नलाई फोन छुटाउनुहोस्"},{"$i":"storage-size-limit-reached","$v":"भण्डारन स्थान भरियो।"},{"$i":"activity-size-limit-reached","$v":"यस सङ्लग्नका लागि तपाईँले अधिकतम फाइल साइज पुग्नुभयो।"},{"$i":"retake-button","$v":"रि-टेक - बटन"},{"$i":"select-button","$v":"चयन गर्नुहोस्"},{"$i":"close-button","$v":"बन्द गर्नुहोस्"},{"$i":"delete-photo?","$v":"तस्विर मेटाउनुहुन्छ ?"},{"$i":"delete-video?","$v":"भिडियो मेटाउनुहुन्छ ?"},{"$i":"cancel","$v":"रद्द गर्नुहोस्"},{"$i":"delete","$v":"मेटाउनुहोस्"},{"$i":"mp","$v":"एम् पी"},{"$i":"camera-resolution","$v":"क्यामेरा रिजोल्युसन"},{"$i":"camera-resolution-header","$v":["{{क्यामेरा रिजोल्युसन}}"]},{"$i":"video-resolution","$v":"भिडियो रिजोल्युसन"},{"$i":"video-resolution-header","$v":["{{भिडियो रिजोल्युसन}}"]},{"$i":"scene-mode","$v":"दृश्य मोड"},{"$i":"scene-mode-header","$v":["{{दृश्य मोड}}"]},{"$i":"self-timer","$v":"स्वयम-समयसूचक"},{"$i":"self-timer-header","$v":[{"t":"idOrVar","v":"स्वयम-समयसूचक"}]},{"$i":"self-timer-off","$v":"बन्द गर्नुहोस्"},{"$i":"self-timer-2-seconds","$v":"२ सेकेन्ड"},{"$i":"self-timer-5-seconds","$v":"५ सेकेन्ड"},{"$i":"self-timer-10-seconds","$v":"१० सेकेन्ड"},{"$i":"battery-shutdown-title","$v":"ब्याट्री कम"},{"$i":"battery-shutdown-text","$v":"क्यामेरा चलाउन पुग्ने ब्याट्री छैन|"},{"$i":"battery-critical-text","$v":"ब्याट्री साह्रै कम भयो"},{"$i":"battery-verylow-text","$v":"ब्याट्री १०% मात्र बाकी छ"},{"$i":"battery-low-text","$v":"ब्याट्री १५% मात्र बाकी छ"},{"$i":"camera-unavailable-title","$v":"क्यामेरा उपलब्ध भएन"},{"$i":"camera-unavailable-text","$v":"अर्को एपद्वारा क्यामेरा प्रयोग भइरहेको छ।"},{"$i":"hdr","$v":"एच डी आर"},{"$i":"hdr-header","$v":["{{एच डी आर}}"]},{"$i":"hdr-on","$v":"खोल्नुहोस्"},{"$i":"hdr-off","$v":"बन्द गर्नुहोस्"},{"$i":"hdr-deactivated","$v":"(एच डी आरनिस्क्रिय्)"},{"$i":"grid","$v":"ग्रिड रेखाहरू"},{"$i":"grid-header","$v":[{"t":"idOrVar","v":"ग्रिड"}]},{"$i":"grid-on","$v":"खोल्नुहोस्"},{"$i":"grid-off","$v":"बन्द गर्नुहोस्"},{"$i":"flash","$v":"फ्ल्यास"},{"$i":"flash-on","$v":"खोल्नुहोस्"},{"$i":"flash-off","$v":"बन्द गर्नुहोस्"},{"$i":"flash-auto","$v":"स्वत:"},{"$i":"flash-deactivated","$v":"(फ्ल्यास निस्क्रिय्)"},{"$i":"Photo-Mode","$v":"फोटो मोड"},{"$i":"Video-Mode","$v":"भिडियो मोड"},{"$i":"options","$v":"विकल्पहरू"},{"$i":"open-gallery","$v":"सङ्ग्रहालय खोल्नुहोस्"},{"$i":"preview","$v":"पूर्वावलोकन"},{"$i":"weekday-0-long","$v":"आइतबार"},{"$i":"weekday-1-long","$v":"सोमबार"},{"$i":"weekday-2-long","$v":"मंगलबार"},{"$i":"weekday-3-long","$v":"बुधबार"},{"$i":"weekday-4-long","$v":"बिहिबार"},{"$i":"weekday-5-long","$v":"शुक्रबार"},{"$i":"weekday-6-long","$v":"शनिबार"},{"$i":"weekday-0-short","$v":"आइत"},{"$i":"weekday-1-short","$v":"सोम"},{"$i":"weekday-2-short","$v":"मङ्गल"},{"$i":"weekday-3-short","$v":"बुध"},{"$i":"weekday-4-short","$v":"बिहि"},{"$i":"weekday-5-short","$v":"शुक्र"},{"$i":"weekday-6-short","$v":"शनि"},{"$i":"month-0-long","$v":"जनवरी"},{"$i":"month-1-long","$v":"फेब्रुअरी"},{"$i":"month-2-long","$v":"ंमार्च"},{"$i":"month-3-long","$v":"अप्रिल"},{"$i":"month-4-long","$v":"मे"},{"$i":"month-5-long","$v":"जुन"},{"$i":"month-6-long","$v":"जुलाई"},{"$i":"month-7-long","$v":"अगस्ट"},{"$i":"month-8-long","$v":"सेप्टेम्बर"},{"$i":"month-9-long","$v":"अक्टोबर"},{"$i":"month-10-long","$v":"नोभेम्बर"},{"$i":"month-11-long","$v":"डिसेम्बर"},{"$i":"month-0-genitive","$v":"जनवरी"},{"$i":"month-1-genitive","$v":"फेब्रुअरी"},{"$i":"month-2-genitive","$v":"ंमार्च"},{"$i":"month-3-genitive","$v":"अप्रिल"},{"$i":"month-4-genitive","$v":"मे"},{"$i":"month-5-genitive","$v":"जुन"},{"$i":"month-6-genitive","$v":"जुलाई"},{"$i":"month-7-genitive","$v":"अगस्ट"},{"$i":"month-8-genitive","$v":"सेप्टेम्बर"},{"$i":"month-9-genitive","$v":"अक्टोबर"},{"$i":"month-10-genitive","$v":"नोभेम्बर"},{"$i":"month-11-genitive","$v":"डिसेम्बर"},{"$i":"month-0-short","$v":"जन"},{"$i":"month-1-short","$v":"फेब"},{"$i":"month-2-short","$v":"मार्च"},{"$i":"month-3-short","$v":"अप्रिल"},{"$i":"month-4-short","$v":"मे"},{"$i":"month-5-short","$v":"जुन"},{"$i":"month-6-short","$v":"जुलाई"},{"$i":"month-7-short","$v":"अगस्ट"},{"$i":"month-8-short","$v":"सेप्टेम्वर"},{"$i":"month-9-short","$v":"अक्टुवर"},{"$i":"month-10-short","$v":"नोभेम्वर"},{"$i":"month-11-short","$v":"डिसेम्वर"},{"$i":"minutes-ago-long","$v":{"zero":"भर्खरै","one":"एक मिनेट अगाडि","two":[{"t":"idOrVar","v":"value"}," मिनेट अगाडि"],"few":[{"t":"idOrVar","v":"value"}," मिनेट अगाडि"],"many":[{"t":"idOrVar","v":"value"}," मिनेट अगाडि"],"other":[{"t":"idOrVar","v":"value"}," मिनेट अगाडि"]},"$x":[{"t":"idOrVar","v":"plural"},"value"]},{"$i":"hours-ago-long","$v":{"zero":"भर्खरै","one":"एक घन्टा अगाडि","two":[{"t":"idOrVar","v":"value"}," घण्टा अगाडि"],"few":[{"t":"idOrVar","v":"value"}," घण्टा अगाडि"],"many":[{"t":"idOrVar","v":"value"}," घण्टा अगाडि"],"other":[{"t":"idOrVar","v":"value"}," घण्टा अगाडि"]},"$x":[{"t":"idOrVar","v":"plural"},"value"]},{"$i":"days-ago-long","$v":{"zero":"आज","one":"हिजो","two":[{"t":"idOrVar","v":"value"}," दिन अगाडि"],"few":[{"t":"idOrVar","v":"value"}," दिन अगाडि"],"many":[{"t":"idOrVar","v":"value"}," दिन अगाडि"],"other":[{"t":"idOrVar","v":"value"}," दिन अगाडि"]},"$x":[{"t":"idOrVar","v":"plural"},"value"]},{"$i":"weeks-ago-long","$v":{"zero":"यो हप्ता","one":"गएको हप्ता","two":[{"t":"idOrVar","v":"value"}," हप्ता अगाडि"],"few":[{"t":"idOrVar","v":"value"}," हप्ता अगाडि"],"many":[{"t":"idOrVar","v":"value"}," हप्ता अगाडि"],"other":[{"t":"idOrVar","v":"value"}," हप्ता अगाडि"]},"$x":[{"t":"idOrVar","v":"plural"},"value"]},{"$i":"months-ago-long","$v":{"zero":"यो महिना","one":"गएको महिना","two":[{"t":"idOrVar","v":"value"}," महिना अगाडि"],"few":[{"t":"idOrVar","v":"value"}," महिना अगाडि"],"many":[{"t":"idOrVar","v":"value"}," महिना अगाडि"],"other":[{"t":"idOrVar","v":"value"}," महिना अगाडि"]},"$x":[{"t":"idOrVar","v":"plural"},"value"]},{"$i":"years-ago-long","$v":{"zero":"यो वर्ष","one":"अघिल्लो वर्ष","two":[{"t":"idOrVar","v":"value"}," वर्ष अगाडि"],"few":[{"t":"idOrVar","v":"value"}," वर्ष अगाडि"],"many":[{"t":"idOrVar","v":"value"}," वर्ष अगाडि"],"other":[{"t":"idOrVar","v":"value"}," वर्ष अगाडि"]},"$x":[{"t":"idOrVar","v":"plural"},"value"]},{"$i":"minutes-until-long","$v":{"zero":"अहिले","one":"एक मिनेटमा","two":[{"t":"idOrVar","v":"value"}," मिनेटमा"],"few":[{"t":"idOrVar","v":"value"}," मिनेटमा"],"many":[{"t":"idOrVar","v":"value"}," मिनेटमा"],"other":[{"t":"idOrVar","v":"value"}," मिनेटमा"]},"$x":[{"t":"idOrVar","v":"plural"},"value"]},{"$i":"hours-until-long","$v":{"zero":"अहिले","one":"एक घण्टामा","two":[{"t":"idOrVar","v":"value"}," घण्टामा"],"few":[{"t":"idOrVar","v":"value"}," घण्टामा"],"many":[{"t":"idOrVar","v":"value"}," घण्टामा"],"other":[{"t":"idOrVar","v":"value"}," घण्टामा"]},"$x":[{"t":"idOrVar","v":"plural"},"value"]},{"$i":"days-until-long","$v":{"zero":"आज","one":"भोलि","two":[{"t":"idOrVar","v":"value"}," दिनमा"],"few":[{"t":"idOrVar","v":"value"}," दिनमा"],"many":[{"t":"idOrVar","v":"value"}," दिनमा"],"other":[{"t":"idOrVar","v":"value"}," दिनमा"]},"$x":[{"t":"idOrVar","v":"plural"},"value"]},{"$i":"weeks-until-long","$v":{"zero":"यो हप्ता","one":"पछिल्लो हप्ता","two":[{"t":"idOrVar","v":"value"}," हप्तामा"],"few":[{"t":"idOrVar","v":"value"}," हप्तामा"],"many":[{"t":"idOrVar","v":"value"}," हप्तामा"],"other":[{"t":"idOrVar","v":"value"}," हप्तामा"]},"$x":[{"t":"idOrVar","v":"plural"},"value"]},{"$i":"months-until-long","$v":{"zero":"यस महिना","one":"पछिल्लो महिना","two":[{"t":"idOrVar","v":"value"}," महिनामा"],"few":[{"t":"idOrVar","v":"value"}," महिनामा"],"many":[{"t":"idOrVar","v":"value"}," महिनामा"],"other":[{"t":"idOrVar","v":"value"}," महिनामा"]},"$x":[{"t":"idOrVar","v":"plural"},"value"]},{"$i":"years-until-long","$v":{"zero":"यस बर्ष","one":"आर्को बर्ष","two":[{"t":"idOrVar","v":"value"}," बर्षमा"],"few":[{"t":"idOrVar","v":"value"}," बर्षमा"],"many":[{"t":"idOrVar","v":"value"}," वर्षमा"],"other":[{"t":"idOrVar","v":"value"}," वर्षमा"]},"$x":[{"t":"idOrVar","v":"plural"},"value"]},{"$i":"minutes-ago-short","$v":{"zero":"भर्खरै","other":[{"t":"idOrVar","v":"value"},"मिनेट अघि"]},"$x":[{"t":"idOrVar","v":"plural"},"value"]},{"$i":"hours-ago-short","$v":{"zero":"भर्खरै","other":[{"t":"idOrVar","v":"value"},"घण्टा अघि"]},"$x":[{"t":"idOrVar","v":"plural"},"value"]},{"$i":"days-ago-short","$v":{"zero":"आज","other":[{"t":"idOrVar","v":"value"},"दिन अघि"]},"$x":[{"t":"idOrVar","v":"plural"},"value"]},{"$i":"minutes-until-short","$v":{"zero":"अहिले","other":[{"t":"idOrVar","v":"value"},"मिनेटमा"]},"$x":[{"t":"idOrVar","v":"plural"},"value"]},{"$i":"hours-until-short","$v":{"zero":"अहिले","other":[{"t":"idOrVar","v":"value"},"घण्टामा"]},"$x":[{"t":"idOrVar","v":"plural"},"value"]},{"$i":"days-until-short","$v":{"zero":"आज","other":[{"t":"idOrVar","v":"value"},"दिनमा"]},"$x":[{"t":"idOrVar","v":"plural"},"value"]},{"$i":"incorrectDate","$v":"(गलत मिति)"},{"$i":"dateTimeFormat_%c","$v":"%a %b %e %Y %I:%M:%S %p"},{"$i":"dateTimeFormat_%x","$v":"%m/%d/%Y"},{"$i":"dateTimeFormat_%X","$v":"%I:%M:%S %p"},{"$i":"shortTimeFormat","$v":"%I:%M %p"},{"$i":"shortTimeFormat12","$v":"%I:%M %p"},{"$i":"shortTimeFormat24","$v":"%H:%M"},{"$i":"shortDateTimeFormat","$v":"%x %I:%M %p"},{"$i":"weekStartsOnMonday","$v":"0"},{"$i":"firstDayOfTheWeek","$v":"0"},{"$i":"time_am","$v":"ए एम"},{"$i":"time_pm","$v":"पी एम"}]