[{"$i":"nospace2-title","$v":"Niet genoeg ruimte op geheugenkaart"},{"$i":"nospace2-text","$v":"Probeer ruimte vrij te maken door media te verwijderen."},{"$i":"error-saving-title","$v":"Afbeelding niet opgeslagen"},{"$i":"error-saving-text","$v":"Vanwege een fout heeft Camera de afbeelding niet opgeslagen."},{"$i":"error-recording-title","$v":"Video niet opgenomen"},{"$i":"error-recording-text","$v":"Vanwege een fout heeft Camera de video niet opgenomen."},{"$i":"error-video-file-path-title","$v":"Video niet opgenomen"},{"$i":"error-video-file-path-text","$v":"Fout bij aanmaken van videobestandspad."},{"$i":"nocard2-title","$v":"Geen geheugenkaart gevonden"},{"$i":"nocard3-text","$v":"Plaats een geheugenkaart om foto’s te maken."},{"$i":"pluggedin2-title","$v":"Camera kan niet worden gebruikt bij aangesloten telefoon"},{"$i":"pluggedin2-text","$v":"Ontkoppel de telefoon om foto’s en video’s te maken."},{"$i":"storage-size-limit-reached","$v":"U hebt geen mediaopslagruimte meer."},{"$i":"activity-size-limit-reached","$v":"U hebt de maximale bestandsgrootte voor deze bijlage bereikt."},{"$i":"retake-button","$v":"Opnieuw"},{"$i":"select-button","$v":"Selecteren"},{"$i":"close-button","$v":"Sluiten"},{"$i":"delete-photo?","$v":"Foto verwijderen?"},{"$i":"delete-video?","$v":"Video verwijderen?"},{"$i":"cancel","$v":"Annuleren"},{"$i":"delete","$v":"Verwijderen"},{"$i":"mp","$v":"MP"},{"$i":"camera-resolution","$v":"Cameraresolutie"},{"$i":"camera-resolution-header","$v":[{"t":"idOrVar","v":"camera-resolution"}]},{"$i":"video-resolution","$v":"Videoresolutie"},{"$i":"video-resolution-header","$v":[{"t":"idOrVar","v":"video-resolution"}]},{"$i":"scene-mode","$v":"Scènemodus"},{"$i":"scene-mode-header","$v":[{"t":"idOrVar","v":"scene-mode"}]},{"$i":"self-timer","$v":"Zelfontspanner"},{"$i":"self-timer-header","$v":[{"t":"idOrVar","v":"self-timer"}]},{"$i":"self-timer-off","$v":"Uit"},{"$i":"self-timer-2-seconds","$v":"2 seconden"},{"$i":"self-timer-5-seconds","$v":"5 seconden"},{"$i":"self-timer-10-seconds","$v":"10 seconden"},{"$i":"battery-shutdown-title","$v":"Batterij zwak"},{"$i":"battery-shutdown-text","$v":"De batterij is te zwak om de camera te gebruiken."},{"$i":"battery-critical-text","$v":"Batterij bijna leeg"},{"$i":"battery-verylow-text","$v":"10% van batterij resterend"},{"$i":"battery-low-text","$v":"15% van batterij resterend"},{"$i":"camera-unavailable-title","$v":"Camera niet beschikbaar"},{"$i":"camera-unavailable-text","$v":"De camera wordt door een andere app gebruikt."},{"$i":"hdr","$v":"HDR"},{"$i":"hdr-header","$v":[{"t":"idOrVar","v":"hdr"}]},{"$i":"hdr-on","$v":"Aan"},{"$i":"hdr-off","$v":"Uit"},{"$i":"hdr-deactivated","$v":"(HDR gedeactiveerd)"},{"$i":"grid","$v":"Rasterlijnen"},{"$i":"grid-header","$v":[{"t":"idOrVar","v":"grid"}]},{"$i":"grid-on","$v":"Aan"},{"$i":"grid-off","$v":"Uit"},{"$i":"flash","$v":"Flitser"},{"$i":"flash-on","$v":"Aan"},{"$i":"flash-off","$v":"Uit"},{"$i":"flash-auto","$v":"Auto"},{"$i":"flash-deactivated","$v":"(Flitser gedeactiveerd)"},{"$i":"Photo-Mode","$v":"Fotomodus"},{"$i":"Video-Mode","$v":"Videomodus"},{"$i":"options","$v":"Opties"},{"$i":"open-gallery","$v":"Galerij openen"},{"$i":"preview","$v":"Voorbeeld"},{"$i":"weekday-0-long","$v":"zondag"},{"$i":"weekday-1-long","$v":"maandag"},{"$i":"weekday-2-long","$v":"dinsdag"},{"$i":"weekday-3-long","$v":"woensdag"},{"$i":"weekday-4-long","$v":"donderdag"},{"$i":"weekday-5-long","$v":"vrijdag"},{"$i":"weekday-6-long","$v":"zaterdag"},{"$i":"weekday-0-short","$v":"zon"},{"$i":"weekday-1-short","$v":"maa"},{"$i":"weekday-2-short","$v":"din"},{"$i":"weekday-3-short","$v":"woe"},{"$i":"weekday-4-short","$v":"don"},{"$i":"weekday-5-short","$v":"vrij"},{"$i":"weekday-6-short","$v":"zat"},{"$i":"month-0-long","$v":"januari"},{"$i":"month-1-long","$v":"februari"},{"$i":"month-2-long","$v":"maart"},{"$i":"month-3-long","$v":"april"},{"$i":"month-4-long","$v":"mei"},{"$i":"month-5-long","$v":"juni"},{"$i":"month-6-long","$v":"juli"},{"$i":"month-7-long","$v":"augustus"},{"$i":"month-8-long","$v":"september"},{"$i":"month-9-long","$v":"oktober"},{"$i":"month-10-long","$v":"november"},{"$i":"month-11-long","$v":"december"},{"$i":"month-0-genitive","$v":"januari"},{"$i":"month-1-genitive","$v":"februari"},{"$i":"month-2-genitive","$v":"maart"},{"$i":"month-3-genitive","$v":"april"},{"$i":"month-4-genitive","$v":"mei"},{"$i":"month-5-genitive","$v":"juni"},{"$i":"month-6-genitive","$v":"juli"},{"$i":"month-7-genitive","$v":"augustus"},{"$i":"month-8-genitive","$v":"september"},{"$i":"month-9-genitive","$v":"oktober"},{"$i":"month-10-genitive","$v":"november"},{"$i":"month-11-genitive","$v":"december"},{"$i":"month-0-short","$v":"jan"},{"$i":"month-1-short","$v":"feb"},{"$i":"month-2-short","$v":"mrt"},{"$i":"month-3-short","$v":"apr"},{"$i":"month-4-short","$v":"mei"},{"$i":"month-5-short","$v":"jun"},{"$i":"month-6-short","$v":"jul"},{"$i":"month-7-short","$v":"aug"},{"$i":"month-8-short","$v":"sep"},{"$i":"month-9-short","$v":"okt"},{"$i":"month-10-short","$v":"nov"},{"$i":"month-11-short","$v":"dec"},{"$i":"minutes-ago-long","$v":{"zero":"zojuist","one":"een minuut geleden","two":[{"t":"idOrVar","v":"value"}," minuten geleden"],"few":[{"t":"idOrVar","v":"value"}," minuten geleden"],"many":[{"t":"idOrVar","v":"value"}," minuten geleden"],"other":[{"t":"idOrVar","v":"value"}," minuten geleden"]},"$x":[{"t":"idOrVar","v":"plural"},"value"]},{"$i":"hours-ago-long","$v":{"zero":"zojuist","one":"een uur geleden","two":[{"t":"idOrVar","v":"value"}," uur geleden"],"few":[{"t":"idOrVar","v":"value"}," uur geleden"],"many":[{"t":"idOrVar","v":"value"}," uur geleden"],"other":[{"t":"idOrVar","v":"value"}," uur geleden"]},"$x":[{"t":"idOrVar","v":"plural"},"value"]},{"$i":"days-ago-long","$v":{"zero":"vandaag","one":"gisteren","two":[{"t":"idOrVar","v":"value"}," dagen geleden"],"few":[{"t":"idOrVar","v":"value"}," dagen geleden"],"many":[{"t":"idOrVar","v":"value"}," dagen geleden"],"other":[{"t":"idOrVar","v":"value"}," dagen geleden"]},"$x":[{"t":"idOrVar","v":"plural"},"value"]},{"$i":"weeks-ago-long","$v":{"zero":"deze week","one":"vorige week","two":[{"t":"idOrVar","v":"value"}," weken geleden"],"few":[{"t":"idOrVar","v":"value"}," weken geleden"],"many":[{"t":"idOrVar","v":"value"}," weken geleden"],"other":[{"t":"idOrVar","v":"value"}," weken geleden"]},"$x":[{"t":"idOrVar","v":"plural"},"value"]},{"$i":"months-ago-long","$v":{"zero":"deze maand","one":"vorige maand","two":[{"t":"idOrVar","v":"value"}," maanden geleden"],"few":[{"t":"idOrVar","v":"value"}," maanden geleden"],"many":[{"t":"idOrVar","v":"value"}," maanden geleden"],"other":[{"t":"idOrVar","v":"value"}," maanden geleden"]},"$x":[{"t":"idOrVar","v":"plural"},"value"]},{"$i":"years-ago-long","$v":{"zero":"dit jaar","one":"vorig jaar","two":[{"t":"idOrVar","v":"value"}," jaar geleden"],"few":[{"t":"idOrVar","v":"value"}," jaar geleden"],"many":[{"t":"idOrVar","v":"value"}," jaar geleden"],"other":[{"t":"idOrVar","v":"value"}," jaar geleden"]},"$x":[{"t":"idOrVar","v":"plural"},"value"]},{"$i":"minutes-until-long","$v":{"zero":"nu","one":"zo meteen","two":["over ",{"t":"idOrVar","v":"value"}," minuten"],"few":["over ",{"t":"idOrVar","v":"value"}," minuten"],"many":["over ",{"t":"idOrVar","v":"value"}," minuten"],"other":["over ",{"t":"idOrVar","v":"value"}," minuten"]},"$x":[{"t":"idOrVar","v":"plural"},"value"]},{"$i":"hours-until-long","$v":{"zero":"nu","one":"over een uur","two":["over ",{"t":"idOrVar","v":"value"}," uur"],"few":["over ",{"t":"idOrVar","v":"value"}," uur"],"many":["over ",{"t":"idOrVar","v":"value"}," uur"],"other":["over ",{"t":"idOrVar","v":"value"}," uur"]},"$x":[{"t":"idOrVar","v":"plural"},"value"]},{"$i":"days-until-long","$v":{"zero":"vandaag","one":"morgen","two":["over ",{"t":"idOrVar","v":"value"}," dagen"],"few":["over ",{"t":"idOrVar","v":"value"}," dagen"],"many":["over ",{"t":"idOrVar","v":"value"}," dagen"],"other":["over ",{"t":"idOrVar","v":"value"}," dagen"]},"$x":[{"t":"idOrVar","v":"plural"},"value"]},{"$i":"weeks-until-long","$v":{"zero":"deze week","one":"volgende week","two":["over ",{"t":"idOrVar","v":"value"}," weken"],"few":["over ",{"t":"idOrVar","v":"value"}," weken"],"many":["over ",{"t":"idOrVar","v":"value"}," weken"],"other":["over ",{"t":"idOrVar","v":"value"}," weken"]},"$x":[{"t":"idOrVar","v":"plural"},"value"]},{"$i":"months-until-long","$v":{"zero":"deze maand","one":"volgende maand","two":["over ",{"t":"idOrVar","v":"value"}," maanden"],"few":["over ",{"t":"idOrVar","v":"value"}," maanden"],"many":["over ",{"t":"idOrVar","v":"value"}," maanden"],"other":["over ",{"t":"idOrVar","v":"value"}," maanden"]},"$x":[{"t":"idOrVar","v":"plural"},"value"]},{"$i":"years-until-long","$v":{"zero":"dit jaar","one":"volgend jaar","two":["over ",{"t":"idOrVar","v":"value"}," jaar"],"few":["over ",{"t":"idOrVar","v":"value"}," jaar"],"many":["over ",{"t":"idOrVar","v":"value"}," jaar"],"other":["over ",{"t":"idOrVar","v":"value"}," jaar"]},"$x":[{"t":"idOrVar","v":"plural"},"value"]},{"$i":"minutes-ago-short","$v":{"zero":"zojuist","other":[{"t":"idOrVar","v":"value"},"m geleden"]},"$x":[{"t":"idOrVar","v":"plural"},"value"]},{"$i":"hours-ago-short","$v":{"zero":"zojuist","other":[{"t":"idOrVar","v":"value"},"u geleden"]},"$x":[{"t":"idOrVar","v":"plural"},"value"]},{"$i":"days-ago-short","$v":{"zero":"vandaag","other":[{"t":"idOrVar","v":"value"},"d geleden"]},"$x":[{"t":"idOrVar","v":"plural"},"value"]},{"$i":"minutes-until-short","$v":{"zero":"nu","other":["over ",{"t":"idOrVar","v":"value"},"m"]},"$x":[{"t":"idOrVar","v":"plural"},"value"]},{"$i":"hours-until-short","$v":{"zero":"nu","other":["over ",{"t":"idOrVar","v":"value"},"h"]},"$x":[{"t":"idOrVar","v":"plural"},"value"]},{"$i":"days-until-short","$v":{"zero":"vandaag","other":["over ",{"t":"idOrVar","v":"value"},"d"]},"$x":[{"t":"idOrVar","v":"plural"},"value"]},{"$i":"incorrectDate","$v":"(onjuiste datum)"},{"$i":"dateTimeFormat_%c","$v":"%a %e %b %Y %H:%M:%S"},{"$i":"dateTimeFormat_%x","$v":"%d-%m-%Y"},{"$i":"dateTimeFormat_%X","$v":"%H:%M:%S"},{"$i":"shortTimeFormat","$v":"%H:%M"},{"$i":"shortTimeFormat12","$v":"%I:%M %p"},{"$i":"shortTimeFormat24","$v":"%H:%M"},{"$i":"shortDateTimeFormat","$v":"%x %H:%M"},{"$i":"weekStartsOnMonday","$v":"1"},{"$i":"firstDayOfTheWeek","$v":"1"},{"$i":"time_am","$v":"AM"},{"$i":"time_pm","$v":"PM"}]