[{"$i":"nospace2-title","$v":"Za mało miejsca na karcie pamięci"},{"$i":"nospace2-text","$v":"Aby zwolnić miejsce, można usunąć stare pliki."},{"$i":"error-saving-title","$v":"Zdjęcie nie zostało zapisane"},{"$i":"error-saving-text","$v":"Wystąpił błąd, w wyniku którego zdjęcie nie zostało zapisane."},{"$i":"error-recording-title","$v":"Film nie został nagrany"},{"$i":"error-recording-text","$v":"Wystąpił błąd, w wyniku którego film nie został nagrany."},{"$i":"error-video-file-path-title","$v":"Film nie został nagrany"},{"$i":"error-video-file-path-text","$v":"Wystąpił błąd przy tworzeniu ścieżki do pliku."},{"$i":"nocard2-title","$v":"Brak karty pamięci"},{"$i":"nocard3-text","$v":"Aby robić zdjęcia, należy włożyć kartę pamięci."},{"$i":"pluggedin2-title","$v":"Aparat nie może być używany podczas ładowania"},{"$i":"pluggedin2-text","$v":"Należy odłączyć telefon, aby robić zdjęcia lub nagrywać filmy."},{"$i":"storage-size-limit-reached","$v":"Zabrakło wolnego miejsca w domyślnej lokalizacji plików."},{"$i":"activity-size-limit-reached","$v":"Osiągnięto maksymalny rozmiar pliku dla tego załącznika."},{"$i":"retake-button","$v":"Zrób ponownie"},{"$i":"select-button","$v":"Wybierz"},{"$i":"close-button","$v":"Zamknij"},{"$i":"delete-photo?","$v":"Usunąć zdjęcie?"},{"$i":"delete-video?","$v":"Usunąć film?"},{"$i":"cancel","$v":"Anuluj"},{"$i":"delete","$v":"Usuń"},{"$i":"mp","$v":"MP"},{"$i":"camera-resolution","$v":"Rozdzielczość zdjęć"},{"$i":"camera-resolution-header","$v":"Rozdzielczość zdjęć"},{"$i":"video-resolution","$v":"Rozdzielczość filmów"},{"$i":"video-resolution-header","$v":"Rozdzielczość filmów"},{"$i":"scene-mode","$v":"Filtry"},{"$i":"scene-mode-header","$v":"Filtry"},{"$i":"self-timer","$v":"Samowyzwalacz"},{"$i":"self-timer-header","$v":"Samowyzwalacz"},{"$i":"self-timer-off","$v":"Wyłączony"},{"$i":"self-timer-2-seconds","$v":"2 sekundy"},{"$i":"self-timer-5-seconds","$v":"5 sekund"},{"$i":"self-timer-10-seconds","$v":"10 sekund"},{"$i":"battery-shutdown-title","$v":"Słaba bateria"},{"$i":"battery-shutdown-text","$v":"Zbyt niski poziom naładowania baterii, aby używać aparatu."},{"$i":"battery-critical-text","$v":"Bateria prawie rozładowana"},{"$i":"battery-verylow-text","$v":"Pozostało 10% baterii"},{"$i":"battery-low-text","$v":"Pozostało 15% baterii"},{"$i":"camera-unavailable-title","$v":"Aparat niedostępny"},{"$i":"camera-unavailable-text","$v":"Aparat jest wykorzystywany przez inną aplikację."},{"$i":"hdr","$v":"HDR (high dynamic range)"},{"$i":"hdr-header","$v":"HDR"},{"$i":"hdr-on","$v":"Włączony"},{"$i":"hdr-off","$v":"Wyłączony"},{"$i":"hdr-deactivated","$v":"(HDR wyłączone)"},{"$i":"grid","$v":"Siatka"},{"$i":"grid-header","$v":"Siatka"},{"$i":"grid-on","$v":"Włączona"},{"$i":"grid-off","$v":"Wyłączona"},{"$i":"flash","$v":"Lampa błyskowa"},{"$i":"flash-on","$v":"Włączona"},{"$i":"flash-off","$v":"Wyłączona"},{"$i":"flash-auto","$v":"Automatycznie"},{"$i":"flash-deactivated","$v":"(Lampa wyłączona)"},{"$i":"Photo-Mode","$v":"Aparat"},{"$i":"Video-Mode","$v":"Kamera"},{"$i":"options","$v":"Ustawienia"},{"$i":"open-gallery","$v":"Otwórz Galerię"},{"$i":"preview","$v":"Podgląd"},{"$i":"weekday-0-long","$v":"Niedziela"},{"$i":"weekday-1-long","$v":"Poniedziałek"},{"$i":"weekday-2-long","$v":"Wtorek"},{"$i":"weekday-3-long","$v":"Środa"},{"$i":"weekday-4-long","$v":"Czwartek"},{"$i":"weekday-5-long","$v":"Piątek"},{"$i":"weekday-6-long","$v":"Sobota"},{"$i":"weekday-0-short","$v":"Nd"},{"$i":"weekday-1-short","$v":"Pn"},{"$i":"weekday-2-short","$v":"Wt"},{"$i":"weekday-3-short","$v":"Śr"},{"$i":"weekday-4-short","$v":"Cz"},{"$i":"weekday-5-short","$v":"Pt"},{"$i":"weekday-6-short","$v":"Sb"},{"$i":"month-0-long","$v":"Styczeń"},{"$i":"month-1-long","$v":"Luty"},{"$i":"month-2-long","$v":"Marzec"},{"$i":"month-3-long","$v":"Kwiecień"},{"$i":"month-4-long","$v":"Maj"},{"$i":"month-5-long","$v":"Czerwiec"},{"$i":"month-6-long","$v":"Lipiec"},{"$i":"month-7-long","$v":"Sierpień"},{"$i":"month-8-long","$v":"Wrzesień"},{"$i":"month-9-long","$v":"Październik"},{"$i":"month-10-long","$v":"Listopad"},{"$i":"month-11-long","$v":"Grudzień"},{"$i":"month-0-genitive","$v":"stycznia"},{"$i":"month-1-genitive","$v":"lutego"},{"$i":"month-2-genitive","$v":"marca"},{"$i":"month-3-genitive","$v":"kwietnia"},{"$i":"month-4-genitive","$v":"maja"},{"$i":"month-5-genitive","$v":"czerwca"},{"$i":"month-6-genitive","$v":"lipca"},{"$i":"month-7-genitive","$v":"sierpnia"},{"$i":"month-8-genitive","$v":"września"},{"$i":"month-9-genitive","$v":"października"},{"$i":"month-10-genitive","$v":"listopada"},{"$i":"month-11-genitive","$v":"grudnia"},{"$i":"month-0-short","$v":"sty"},{"$i":"month-1-short","$v":"lut"},{"$i":"month-2-short","$v":"mar"},{"$i":"month-3-short","$v":"kwi"},{"$i":"month-4-short","$v":"maj"},{"$i":"month-5-short","$v":"cze"},{"$i":"month-6-short","$v":"lip"},{"$i":"month-7-short","$v":"sie"},{"$i":"month-8-short","$v":"wrz"},{"$i":"month-9-short","$v":"paź"},{"$i":"month-10-short","$v":"lis"},{"$i":"month-11-short","$v":"gru"},{"$i":"minutes-ago-long","$v":{"zero":"w tym momencie","one":"przed minutą","two":"dwie minuty temu","few":[{"t":"idOrVar","v":"value"}," minuty temu"],"many":[{"t":"idOrVar","v":"value"}," minut temu"],"other":""},"$x":[{"t":"idOrVar","v":"plural"},"value"]},{"$i":"hours-ago-long","$v":{"zero":"w tej godzinie","one":"godzinę temu","two":"dwie godziny temu","few":[{"t":"idOrVar","v":"value"}," godziny temu"],"many":[{"t":"idOrVar","v":"value"}," godzin temu"],"other":""},"$x":[{"t":"idOrVar","v":"plural"},"value"]},{"$i":"days-ago-long","$v":{"zero":"dzisiaj","one":"wczoraj","two":"przedwczoraj","few":[{"t":"idOrVar","v":"value"}," dni temu"],"many":[{"t":"idOrVar","v":"value"}," dni temu"],"other":""},"$x":[{"t":"idOrVar","v":"plural"},"value"]},{"$i":"weeks-ago-long","$v":{"zero":"w tym tygodniu","one":"w zeszłym tygodniu","two":"dwa tygodnie temu","few":[{"t":"idOrVar","v":"value"}," tygodnie temu"],"many":[{"t":"idOrVar","v":"value"}," tygodni temu"],"other":""},"$x":[{"t":"idOrVar","v":"plural"},"value"]},{"$i":"months-ago-long","$v":{"zero":"w tym miesiącu","one":"w zeszłym miesiącu","two":"dwa miesiące temu","few":[{"t":"idOrVar","v":"value"}," miesiące temu"],"many":[{"t":"idOrVar","v":"value"}," miesięcy temu"],"other":""},"$x":[{"t":"idOrVar","v":"plural"},"value"]},{"$i":"years-ago-long","$v":{"zero":"w tym roku","one":"w zeszłym roku","two":"dwa lata temu","few":[{"t":"idOrVar","v":"value"}," lata temu"],"many":[{"t":"idOrVar","v":"value"}," lat temu"],"other":""},"$x":[{"t":"idOrVar","v":"plural"},"value"]},{"$i":"minutes-until-long","$v":{"zero":"teraz","one":"za minutę","two":"za dwie minuty","few":["za ",{"t":"idOrVar","v":"value"}," minuty"],"many":["za ",{"t":"idOrVar","v":"value"}," minut"],"other":""},"$x":[{"t":"idOrVar","v":"plural"},"value"]},{"$i":"hours-until-long","$v":{"zero":"teraz","one":"za godzinę","two":"za dwie godziny","few":["za ",{"t":"idOrVar","v":"value"}," godziny"],"many":["za ",{"t":"idOrVar","v":"value"}," godzin"],"other":""},"$x":[{"t":"idOrVar","v":"plural"},"value"]},{"$i":"days-until-long","$v":{"zero":"dzisiaj","one":"jutro","two":"za dwa dni","few":["za ",{"t":"idOrVar","v":"value"}," dni"],"many":["za ",{"t":"idOrVar","v":"value"}," dni"],"other":""},"$x":[{"t":"idOrVar","v":"plural"},"value"]},{"$i":"weeks-until-long","$v":{"zero":"w tym tygodniu","one":"w przyszłym tygodniu","two":"za dwa tygodnie","few":["za ",{"t":"idOrVar","v":"value"}," tygodnie"],"many":["za ",{"t":"idOrVar","v":"value"}," tygodni"],"other":""},"$x":[{"t":"idOrVar","v":"plural"},"value"]},{"$i":"months-until-long","$v":{"zero":"w tym miesiącu","one":"w przyszłym miesiącu","two":"za dwa miesiące","few":["za ",{"t":"idOrVar","v":"value"}," miesiące"],"many":["za ",{"t":"idOrVar","v":"value"}," miesięcy"],"other":""},"$x":[{"t":"idOrVar","v":"plural"},"value"]},{"$i":"years-until-long","$v":{"zero":"w tym roku","one":"w przyszłym roku","two":"za dwa lata","few":["za ",{"t":"idOrVar","v":"value"}," lata"],"many":["za ",{"t":"idOrVar","v":"value"}," lat"],"other":""},"$x":[{"t":"idOrVar","v":"plural"},"value"]},{"$i":"minutes-ago-short","$v":{"zero":"teraz","other":[{"t":"idOrVar","v":"value"}," min temu"]},"$x":[{"t":"idOrVar","v":"plural"},"value"]},{"$i":"hours-ago-short","$v":{"zero":"teraz","other":[{"t":"idOrVar","v":"value"}," godz. temu"]},"$x":[{"t":"idOrVar","v":"plural"},"value"]},{"$i":"days-ago-short","$v":{"zero":"dzisiaj","other":[{"t":"idOrVar","v":"value"}," dni temu"]},"$x":[{"t":"idOrVar","v":"plural"},"value"]},{"$i":"minutes-until-short","$v":{"zero":"teraz","other":["za ",{"t":"idOrVar","v":"value"}," min"]},"$x":[{"t":"idOrVar","v":"plural"},"value"]},{"$i":"hours-until-short","$v":{"zero":"teraz","other":["za ",{"t":"idOrVar","v":"value"}," godz."]},"$x":[{"t":"idOrVar","v":"plural"},"value"]},{"$i":"days-until-short","$v":{"zero":"dzisiaj","other":["za ",{"t":"idOrVar","v":"value"}," dni"]},"$x":[{"t":"idOrVar","v":"plural"},"value"]},{"$i":"incorrectDate","$v":"(nieprawidłowa data)"},{"$i":"dateTimeFormat_%c","$v":"%a, %e %b %Y, %H:%M:%S"},{"$i":"dateTimeFormat_%x","$v":"%e.%m.%Y"},{"$i":"dateTimeFormat_%X","$v":"%H:%M:%S"},{"$i":"shortTimeFormat","$v":"%H:%M"},{"$i":"shortTimeFormat12","$v":"%I:%M a.m."},{"$i":"shortTimeFormat24","$v":"%H:%M"},{"$i":"shortDateTimeFormat","$v":"%x %H:%M"},{"$i":"weekStartsOnMonday","$v":"1"},{"$i":"firstDayOfTheWeek","$v":"1"},{"$i":"time_am","$v":"a.m."},{"$i":"time_pm","$v":"p.m."}]