[{"$i":"nospace2-title","$v":"Spațiu insuficient pe cardul de memorie"},{"$i":"nospace2-text","$v":"Încearcă să eliberezi spațiu ștergând conținut media."},{"$i":"error-saving-title","$v":"Fotografie nesalvată"},{"$i":"error-saving-text","$v":"O eroare a împiedicat camera să salveze fotografia."},{"$i":"error-recording-title","$v":"Videoclip neînregistrat"},{"$i":"error-recording-text","$v":"O eroare a împiedicat camera să înregistreze videoclipul."},{"$i":"error-video-file-path-title","$v":"Videoclip neînregistrat"},{"$i":"error-video-file-path-text","$v":"Eroare la crearea căii pt. fișierul video."},{"$i":"nocard2-title","$v":"Niciun card de memorie găsit"},{"$i":"nocard3-text","$v":"Inserează un card de memorie pentru a realiza fotografii."},{"$i":"pluggedin2-title","$v":"Camera can not be used while phone is plugged in"},{"$i":"pluggedin2-text","$v":"Deconectează telefonul pentru a captura fotografii și videoclipuri"},{"$i":"storage-size-limit-reached","$v":"Ai rămas fără spațiu de stocare media."},{"$i":"activity-size-limit-reached","$v":"Ai atins mărimea maximă a fișierului pentru acest atașament."},{"$i":"retake-button","$v":"Refotografiază"},{"$i":"select-button","$v":"Selectează"},{"$i":"close-button","$v":"Închide"},{"$i":"delete-photo?","$v":"Ștergi fotografia?"},{"$i":"delete-video?","$v":"Ștergi videoclipul?"},{"$i":"cancel","$v":"Renunță"},{"$i":"delete","$v":"Șterge"},{"$i":"mp","$v":"MP"},{"$i":"camera-resolution","$v":"Rezoluția camerei"},{"$i":"camera-resolution-header","$v":[{"t":"idOrVar","v":"camera-resolution"}]},{"$i":"video-resolution","$v":"Rezoluție video"},{"$i":"video-resolution-header","$v":[{"t":"idOrVar","v":"video-resolution"}]},{"$i":"scene-mode","$v":"Mod pt. scenă"},{"$i":"scene-mode-header","$v":[{"t":"idOrVar","v":"scene-mode"}]},{"$i":"self-timer","$v":"Autodeclanșator"},{"$i":"self-timer-header","$v":[{"t":"idOrVar","v":"self-timer"}]},{"$i":"self-timer-off","$v":"Dezactivat"},{"$i":"self-timer-2-seconds","$v":"2 secunde"},{"$i":"self-timer-5-seconds","$v":"5 secunde"},{"$i":"self-timer-10-seconds","$v":"10 secunde"},{"$i":"battery-shutdown-title","$v":"Baterie descărcată"},{"$i":"battery-shutdown-text","$v":"Bateria este prea slabă pentru a folosi camera."},{"$i":"battery-critical-text","$v":"Baterie extrem de descărcată"},{"$i":"battery-verylow-text","$v":"10% baterie rămasă"},{"$i":"battery-low-text","$v":"15% baterie rămasă"},{"$i":"camera-unavailable-title","$v":"Cameră indisponibilă"},{"$i":"camera-unavailable-text","$v":"Camera este folosită de o altă aplicație."},{"$i":"hdr","$v":"HDR"},{"$i":"hdr-header","$v":[{"t":"idOrVar","v":"hdr"}]},{"$i":"hdr-on","$v":"Activat"},{"$i":"hdr-off","$v":"Dezactivat"},{"$i":"hdr-deactivated","$v":"(HDR dezactivat)"},{"$i":"grid","$v":"Linii de grilă"},{"$i":"grid-header","$v":[{"t":"idOrVar","v":"grid"}]},{"$i":"grid-on","$v":"Activat"},{"$i":"grid-off","$v":"Dezactivat"},{"$i":"flash","$v":"Bliț"},{"$i":"flash-on","$v":"Activat"},{"$i":"flash-off","$v":"Dezactivat"},{"$i":"flash-auto","$v":"Automat"},{"$i":"flash-deactivated","$v":"(Bliț dezactivat)"},{"$i":"Photo-Mode","$v":"Photo Mode"},{"$i":"Video-Mode","$v":"Mod video"},{"$i":"options","$v":"Opțiuni"},{"$i":"open-gallery","$v":"Deschide Galerie"},{"$i":"preview","$v":"Previzualizează"},{"$i":"weekday-0-long","$v":"duminică"},{"$i":"weekday-1-long","$v":"luni"},{"$i":"weekday-2-long","$v":"marți"},{"$i":"weekday-3-long","$v":"miercuri"},{"$i":"weekday-4-long","$v":"joi"},{"$i":"weekday-5-long","$v":"vineri"},{"$i":"weekday-6-long","$v":"sâmbătă"},{"$i":"weekday-0-short","$v":"dum"},{"$i":"weekday-1-short","$v":"lun"},{"$i":"weekday-2-short","$v":"mar"},{"$i":"weekday-3-short","$v":"mie"},{"$i":"weekday-4-short","$v":"joi"},{"$i":"weekday-5-short","$v":"vin"},{"$i":"weekday-6-short","$v":"sâm"},{"$i":"month-0-long","$v":"ianuarie"},{"$i":"month-1-long","$v":"februarie"},{"$i":"month-2-long","$v":"martie"},{"$i":"month-3-long","$v":"aprilie"},{"$i":"month-4-long","$v":"mai"},{"$i":"month-5-long","$v":"iunie"},{"$i":"month-6-long","$v":"iulie"},{"$i":"month-7-long","$v":"august"},{"$i":"month-8-long","$v":"septembrie"},{"$i":"month-9-long","$v":"octombrie"},{"$i":"month-10-long","$v":"noiembrie"},{"$i":"month-11-long","$v":"decembrie"},{"$i":"month-0-genitive","$v":"ianuarie"},{"$i":"month-1-genitive","$v":"februarie"},{"$i":"month-2-genitive","$v":"martie"},{"$i":"month-3-genitive","$v":"aprilie"},{"$i":"month-4-genitive","$v":"mai"},{"$i":"month-5-genitive","$v":"iunie"},{"$i":"month-6-genitive","$v":"iulie"},{"$i":"month-7-genitive","$v":"august"},{"$i":"month-8-genitive","$v":"septembrie"},{"$i":"month-9-genitive","$v":"octombrie"},{"$i":"month-10-genitive","$v":"noiembrie"},{"$i":"month-11-genitive","$v":"decembrie"},{"$i":"month-0-short","$v":"ian"},{"$i":"month-1-short","$v":"feb"},{"$i":"month-2-short","$v":"mar"},{"$i":"month-3-short","$v":"apr"},{"$i":"month-4-short","$v":"mai"},{"$i":"month-5-short","$v":"iun"},{"$i":"month-6-short","$v":"iul"},{"$i":"month-7-short","$v":"aug"},{"$i":"month-8-short","$v":"sep"},{"$i":"month-9-short","$v":"oct"},{"$i":"month-10-short","$v":"noi"},{"$i":"month-11-short","$v":"dec"},{"$i":"minutes-ago-long","$v":{"zero":"chiar acum","one":"acum un minut","two":["acum ",{"t":"idOrVar","v":"value"}," minute"],"few":["acum ",{"t":"idOrVar","v":"value"}," minute"],"many":["acum ",{"t":"idOrVar","v":"value"}," minute"],"other":["acum ",{"t":"idOrVar","v":"value"}," minute"]},"$x":[{"t":"idOrVar","v":"plural"},"value"]},{"$i":"hours-ago-long","$v":{"zero":"chiar acum","one":"acum cu o oră","two":["acum ",{"t":"idOrVar","v":"value"}," ore"],"few":["acum ",{"t":"idOrVar","v":"value"}," ore"],"many":["acum ",{"t":"idOrVar","v":"value"}," ore"],"other":["acum ",{"t":"idOrVar","v":"value"}," ore"]},"$x":[{"t":"idOrVar","v":"plural"},"value"]},{"$i":"days-ago-long","$v":{"zero":"astăzi","one":"ieri","two":["acum ",{"t":"idOrVar","v":"value"}," zile"],"few":["acum ",{"t":"idOrVar","v":"value"}," zile"],"many":["acum ",{"t":"idOrVar","v":"value"}," zile"],"other":["acum ",{"t":"idOrVar","v":"value"}," zile"]},"$x":[{"t":"idOrVar","v":"plural"},"value"]},{"$i":"weeks-ago-long","$v":{"zero":"săptămâna aceasta","one":"săptămâna trecută","two":["acum ",{"t":"idOrVar","v":"value"}," săptămâni"],"few":["acum ",{"t":"idOrVar","v":"value"}," săptămâni"],"many":["acum ",{"t":"idOrVar","v":"value"}," săptămâni"],"other":["acum ",{"t":"idOrVar","v":"value"}," săptămâni"]},"$x":[{"t":"idOrVar","v":"plural"},"value"]},{"$i":"months-ago-long","$v":{"zero":"luna aceasta","one":"luna trecută","two":["acum ",{"t":"idOrVar","v":"value"}," luni"],"few":["acum ",{"t":"idOrVar","v":"value"}," luni"],"many":["acum ",{"t":"idOrVar","v":"value"}," luni"],"other":["acum ",{"t":"idOrVar","v":"value"}," luni"]},"$x":[{"t":"idOrVar","v":"plural"},"value"]},{"$i":"years-ago-long","$v":{"zero":"anul acesta","one":"anul trecut","two":["acum ",{"t":"idOrVar","v":"value"}," ani"],"few":["acum ",{"t":"idOrVar","v":"value"}," ani"],"many":["acum ",{"t":"idOrVar","v":"value"}," ani"],"other":["acum ",{"t":"idOrVar","v":"value"}," ani"]},"$x":[{"t":"idOrVar","v":"plural"},"value"]},{"$i":"minutes-until-long","$v":{"zero":"acum","one":"într-un minut","two":["în ",{"t":"idOrVar","v":"value"}," minute"],"few":["în ",{"t":"idOrVar","v":"value"}," minute"],"many":["în ",{"t":"idOrVar","v":"value"}," minute"],"other":["în ",{"t":"idOrVar","v":"value"}," minute"]},"$x":[{"t":"idOrVar","v":"plural"},"value"]},{"$i":"hours-until-long","$v":{"zero":"acum","one":"într-o oră","two":["în ",{"t":"idOrVar","v":"value"}," ore"],"few":["în ",{"t":"idOrVar","v":"value"}," ore"],"many":["în ",{"t":"idOrVar","v":"value"}," ore"],"other":["în ",{"t":"idOrVar","v":"value"}," ore"]},"$x":[{"t":"idOrVar","v":"plural"},"value"]},{"$i":"days-until-long","$v":{"zero":"astăzi","one":"mâine","two":["în ",{"t":"idOrVar","v":"value"}," zile"],"few":["în ",{"t":"idOrVar","v":"value"}," zile"],"many":["în ",{"t":"idOrVar","v":"value"}," zile"],"other":["în ",{"t":"idOrVar","v":"value"}," zile"]},"$x":[{"t":"idOrVar","v":"plural"},"value"]},{"$i":"weeks-until-long","$v":{"zero":"săptămâna aceasta","one":"săptămâna următoare","two":["în ",{"t":"idOrVar","v":"value"}," săptămâni"],"few":["în ",{"t":"idOrVar","v":"value"}," săptămâni"],"many":["în ",{"t":"idOrVar","v":"value"}," săptămâni"],"other":["în ",{"t":"idOrVar","v":"value"}," săptămâni"]},"$x":[{"t":"idOrVar","v":"plural"},"value"]},{"$i":"months-until-long","$v":{"zero":"luna aceasta","one":"luna următoare","two":["în ",{"t":"idOrVar","v":"value"}," luni"],"few":["în ",{"t":"idOrVar","v":"value"}," luni"],"many":["în ",{"t":"idOrVar","v":"value"}," luni"],"other":["în ",{"t":"idOrVar","v":"value"}," luni"]},"$x":[{"t":"idOrVar","v":"plural"},"value"]},{"$i":"years-until-long","$v":{"zero":"anul acesta","one":"anul următor","two":["în ",{"t":"idOrVar","v":"value"}," ani"],"few":["în ",{"t":"idOrVar","v":"value"}," ani"],"many":["în ",{"t":"idOrVar","v":"value"}," ani"],"other":["în ",{"t":"idOrVar","v":"value"}," ani"]},"$x":[{"t":"idOrVar","v":"plural"},"value"]},{"$i":"minutes-ago-short","$v":{"zero":"chiar acum","other":["acum ",{"t":"idOrVar","v":"value"}," min."]},"$x":[{"t":"idOrVar","v":"plural"},"value"]},{"$i":"hours-ago-short","$v":{"zero":"chiar acum","other":["acum ",{"t":"idOrVar","v":"value"},"h"]},"$x":[{"t":"idOrVar","v":"plural"},"value"]},{"$i":"days-ago-short","$v":{"zero":"astăzi","other":["acum ",{"t":"idOrVar","v":"value"},"z"]},"$x":[{"t":"idOrVar","v":"plural"},"value"]},{"$i":"minutes-until-short","$v":{"zero":"acum","other":["în ",{"t":"idOrVar","v":"value"},"m"]},"$x":[{"t":"idOrVar","v":"plural"},"value"]},{"$i":"hours-until-short","$v":{"zero":"acum","other":["în ",{"t":"idOrVar","v":"value"},"h"]},"$x":[{"t":"idOrVar","v":"plural"},"value"]},{"$i":"days-until-short","$v":{"zero":"astăzi","other":["în ",{"t":"idOrVar","v":"value"},"z"]},"$x":[{"t":"idOrVar","v":"plural"},"value"]},{"$i":"incorrectDate","$v":"(dată incorectă)"},{"$i":"dateTimeFormat_%c","$v":"%a, %e %b %Y %H:%M:%S"},{"$i":"dateTimeFormat_%x","$v":"%d/%m/%Y"},{"$i":"dateTimeFormat_%X","$v":"%H:%M:%S"},{"$i":"shortTimeFormat","$v":"%H:%M"},{"$i":"shortTimeFormat12","$v":"%H:%M"},{"$i":"shortTimeFormat24","$v":"%H:%M"},{"$i":"shortDateTimeFormat","$v":"%x %H:%M"},{"$i":"weekStartsOnMonday","$v":"0"},{"$i":"firstDayOfTheWeek","$v":"0"},{"$i":"time_am","$v":"AM"},{"$i":"time_pm","$v":"PM"}]