[{"$i":"wap-push-message","$v":"رسالة WAP Push"},{"$i":"close","$v":"أغلِق"},{"$i":"accept","$v":"اقبل"},{"$i":"quit","$v":"أنهِ"},{"$i":"cancel","$v":"ألغِ"},{"$i":"try-again","$v":"حاول مرة أخرى"},{"$i":"finish","$v":"انهاء"},{"$i":"sim","$v":["SIM ",{"t":"idOrVar","v":"id"}]},{"$i":"next","$v":"التالي"},{"$i":"done","$v":"تم"},{"$i":"dsds-notification-title-with-sim","$v":["(",{"t":"idOrVar","v":"sim"},") ",{"t":"idOrVar","v":"title"}]},{"$i":"this-message-has-expired","$v":"انتهت صلاحية هذه الرسالة"},{"$i":"cp-pin","placeholder":"PIN"},{"$i":"cp-message-received","$v":"اُستلمت رسالة الاعدادات"},{"$i":"cp-container-title","$v":"اعدادت نقطة وصول OTA"},{"$i":"cp-accept-help","$v":"اُستلمت رسالة ضبط، انقر \"تم\" للاستمرار."},{"$i":"cp-accept-help-pin","$v":"كان يجب ان يزودك بالرمز PIN الذي ارسل لك رسالة الاعدادات"},{"$i":"cp-quit-app-confirm-dialog-message","$v":"الرسالة لم تنتهي بعد , هل تريد الخروج؟"},{"$i":"cp-install-configuration-confirm-dialog-message","$v":"يُشارك مزوّد الخدمة الّذي تعتمده معلومات ضبط الهاتف معك. هل ترغب بتثبيتها؟"},{"$i":"cp-auth-failure","$v":"رمز PIN غير صحيح."},{"$i":"cp-finish-confirm-dialog-message-apn-saved","$v":"حُفظت أسماء نقاط الوصول."},{"$i":"cp-finish-confirm-dialog-message-invalid-doc","$v":"رسالة الاعدادات التي استلمتها لن يتم الوثوق بها ضد بطاقة ال SIM , لذلك لا تستطيع استخدانها لإعداد جهازك "},{"$i":"cp-finish-confirm-dialog-message-auth-error","$v":"حدث خطأ خلال السماح لمرسل الرسالة."},{"$i":"cp-finish-confirm-dialog-message-auth-unsupported-mechanism","$v":"آلية الوثوق لم تدعم بعد."},{"$i":"cp-finish-confirm-dialog-message-no-apns","$v":"رسالة الأعدادات التي استلمتها لا تحتوي على ال APNs صالحة ."}]