[{"$i":"wap-push-message","$v":"WAP Push съобщение"},{"$i":"close","$v":"Затваряне"},{"$i":"accept","$v":"Приемане"},{"$i":"quit","$v":"Излизане"},{"$i":"cancel","$v":"Отказ"},{"$i":"try-again","$v":"Опитване отново"},{"$i":"finish","$v":"Край"},{"$i":"sim","$v":["SIM ",{"t":"idOrVar","v":"id"}]},{"$i":"next","$v":"Напред"},{"$i":"done","$v":"Готово"},{"$i":"dsds-notification-title-with-sim","$v":["(",{"t":"idOrVar","v":"sim"},") ",{"t":"idOrVar","v":"title"}]},{"$i":"this-message-has-expired","$v":"Съобщението е изтекло"},{"$i":"cp-pin","placeholder":"PIN"},{"$i":"cp-message-received","$v":"Получено конфигурационно съобщение"},{"$i":"cp-container-title","$v":"Настройка на OTA точка за достъп"},{"$i":"cp-accept-help","$v":"Получено е съобщение с настройки, докоснете „Готово“, за да продължите."},{"$i":"cp-accept-help-pin","$v":"PIN кодът би трябвало да Ви е предоставен от който Ви е пратил конфигурационното съобщение."},{"$i":"cp-quit-app-confirm-dialog-message","$v":"Съобщението не е обработено, наистина ли искате да излезете?"},{"$i":"cp-install-configuration-confirm-dialog-message","$v":"Операторът ви изпраща настройки. Искате ли да ги приложите?"},{"$i":"cp-auth-failure","$v":"Грешен PIN."},{"$i":"cp-finish-confirm-dialog-message-apn-saved","$v":"APN запазен(и)."},{"$i":"cp-finish-confirm-dialog-message-invalid-doc","$v":"Конфигурационното съобщение не може да бъде идентифицирано към Вашата SIM карта, така че не може да бъде използвано за настройка на Вашето устройство."},{"$i":"cp-finish-confirm-dialog-message-auth-error","$v":"Възникна грешка при идентифицирането на изпращача на съобщението."},{"$i":"cp-finish-confirm-dialog-message-auth-unsupported-mechanism","$v":"Механизмът за идентифициране все още не се поддържа."},{"$i":"cp-finish-confirm-dialog-message-no-apns","$v":"Конфигурационното съобщение, което получихте, не съдържа валидни APN-и."}]