[{"$i":"wap-push-message","$v":"ওয়াপ পুশ বার্তা"},{"$i":"close","$v":"বন্ধ"},{"$i":"accept","$v":"গ্রহণ"},{"$i":"quit","$v":"প্রস্থান"},{"$i":"cancel","$v":"বাতিল"},{"$i":"try-again","$v":"পুনরায় চেষ্টা করুন"},{"$i":"finish","$v":"সম্পন্ন"},{"$i":"sim","$v":["SIM ",{"t":"idOrVar","v":"id"}]},{"$i":"next","$v":"Next"},{"$i":"done","$v":"Done"},{"$i":"dsds-notification-title-with-sim","$v":["(",{"t":"idOrVar","v":"sim"},") ",{"t":"idOrVar","v":"title"}]},{"$i":"this-message-has-expired","$v":"এই বার্তাটি মেয়াদোত্তীর্ণ"},{"$i":"cp-pin","placeholder":"পিন"},{"$i":"cp-message-received","$v":"কনফিগারেশন বার্তা পাওয়া গিয়েছে"},{"$i":"cp-container-title","$v":"OTA অ্যাক্সেস পয়েন্ট কনফিগারেশন"},{"$i":"cp-accept-help","$v":"কনফিগারেশন বার্তা পাওয়া গিয়েছে। চালিয়ে যেতে \"গ্রহণ\" এ চাপুন।"},{"$i":"cp-accept-help-pin","$v":"যে আপনাকে কনফিগারেশন বার্তা পাঠিয়েছে তার কাছ থেকেই আপনার পিনটি পাওয়ার কথা।"},{"$i":"cp-quit-app-confirm-dialog-message","$v":"বার্তাটি এখনও তৈরি হয়নি, আপনি সত্যিই বের হয়ে যেতে চান?"},{"$i":"cp-install-configuration-confirm-dialog-message","$v":"Your carrier is sharing configuration information with you. Do you want to install it?"},{"$i":"cp-auth-failure","$v":"PIN is not correct."},{"$i":"cp-finish-confirm-dialog-message-apn-saved","$v":"APN(s) saved."},{"$i":"cp-finish-confirm-dialog-message-invalid-doc","$v":"আপনি যে কনফিগারেশন বার্তাটি পেয়েছেন সেটা আপনার সিম কার্ড এর জন্য অনুমোদিত নয়, তাই এটির সাহায্যে ডিভাইসটি কনফিগার করা সম্ভব নয়।"},{"$i":"cp-finish-confirm-dialog-message-auth-error","$v":"বার্তার প্রেরককে অনুমোদন দেয়ার সময় একটি ত্রুটি হয়েছে।"},{"$i":"cp-finish-confirm-dialog-message-auth-unsupported-mechanism","$v":"অনুমোদন প্রক্রিয়াটি এখনও সমর্থিত নয়।"},{"$i":"cp-finish-confirm-dialog-message-no-apns","$v":"আপনি যে কনফিগারেশন বার্তাটি পেয়েছেন তাতে কোনো বৈধ APN নেই।"}]