[{"$i":"wap-push-message","$v":"Missatge Push WAP"},{"$i":"close","$v":"Tanca"},{"$i":"accept","$v":"Accepta"},{"$i":"quit","$v":"Surt"},{"$i":"cancel","$v":"Cancel·la"},{"$i":"try-again","$v":"Reintenta"},{"$i":"finish","$v":"Finalitza"},{"$i":"sim","$v":["SIM ",{"t":"idOrVar","v":"id"}]},{"$i":"next","$v":"Següent"},{"$i":"done","$v":"Fet"},{"$i":"dsds-notification-title-with-sim","$v":["(",{"t":"idOrVar","v":"sim"},") ",{"t":"idOrVar","v":"title"}]},{"$i":"this-message-has-expired","$v":"Aquest missatge ha caducat"},{"$i":"cp-pin","placeholder":"PIN"},{"$i":"cp-message-received","$v":"S'ha rebut un missatge de configuració"},{"$i":"cp-container-title","$v":"Configuració del punt d'accés OTA"},{"$i":"cp-accept-help","$v":"S'ha rebut un missatge de configuració, toqueu «Fet» per continuar."},{"$i":"cp-accept-help-pin","$v":"El codi PIN us l'hauria d'haver proporcionat qui us ha enviat el missatge de configuració."},{"$i":"cp-quit-app-confirm-dialog-message","$v":"El missatge encara no s'ha processat. Segur que voleu sortir?"},{"$i":"cp-install-configuration-confirm-dialog-message","$v":"El vostre operador us està enviant informació de configuració. Voleu instal·lar-la?"},{"$i":"cp-auth-failure","$v":"El PIN no és correcte."},{"$i":"cp-finish-confirm-dialog-message-apn-saved","$v":"Els APN s'han desat."},{"$i":"cp-finish-confirm-dialog-message-invalid-doc","$v":"El missatge de configuració que heu rebut no s'ha pogut autenticar amb la targeta SIM. Per tant, no es pot utilitzar per configurar el dispositiu."},{"$i":"cp-finish-confirm-dialog-message-auth-error","$v":"S'ha produït un error en autenticar el remitent del missatge."},{"$i":"cp-finish-confirm-dialog-message-auth-unsupported-mechanism","$v":"El mecanisme d'autenticació encara no està implementat."},{"$i":"cp-finish-confirm-dialog-message-no-apns","$v":"El missatge de configuració que heu rebut no conté cap APN vàlid."}]