[{"$i":"wap-push-message","$v":"Zpráva WAP Push"},{"$i":"close","$v":"Zavřít"},{"$i":"accept","$v":"Přijmout"},{"$i":"quit","$v":"Ukončit"},{"$i":"cancel","$v":"Zrušit"},{"$i":"try-again","$v":"Zkusit znovu"},{"$i":"finish","$v":"Dokončit"},{"$i":"sim","$v":["SIM ",{"t":"idOrVar","v":"id"}]},{"$i":"next","$v":"Další"},{"$i":"done","$v":"Hotovo"},{"$i":"dsds-notification-title-with-sim","$v":["(",{"t":"idOrVar","v":"sim"},") ",{"t":"idOrVar","v":"title"}]},{"$i":"this-message-has-expired","$v":"Platnost zprávy vypršela"},{"$i":"cp-pin","placeholder":"PIN"},{"$i":"cp-message-received","$v":"Přijata konfigurační zpráva"},{"$i":"cp-container-title","$v":"Nastavení přístupového bodu OTA"},{"$i":"cp-accept-help","$v":"Přijata konfigurační zpráva. Pro pokračování klepněte na 'Přijmout'."},{"$i":"cp-accept-help-pin","$v":"Kód PIN vám musí být poskytnut odesílatelem konfigurační zprávy."},{"$i":"cp-quit-app-confirm-dialog-message","$v":"Zpráva ještě nebyla zpracována. Skutečně chcete skončit?"},{"$i":"cp-install-configuration-confirm-dialog-message","$v":"Váš operátor s Vámi sdílí konfigurační informace. Chcete je nainstalovat?"},{"$i":"cp-auth-failure","$v":"Zadaný kód PIN je nesprávný."},{"$i":"cp-finish-confirm-dialog-message-apn-saved","$v":"APN uložen(y)."},{"$i":"cp-finish-confirm-dialog-message-invalid-doc","$v":"Přijatá konfigurační zpráva nemohla být ověřena vaší kartou SIM, takže nemůže být použita pro nastavení vašeho zařízení."},{"$i":"cp-finish-confirm-dialog-message-auth-error","$v":"Při ověřování odesílatele této zprávy nastala chyba."},{"$i":"cp-finish-confirm-dialog-message-auth-unsupported-mechanism","$v":"Mechanismus ověření není dosud podporován. "},{"$i":"cp-finish-confirm-dialog-message-no-apns","$v":"Přijatá konfigurační zpráva neobsahuje žádné platné body APN."}]