[{"$i":"wap-push-message","$v":"WAP-push-besked"},{"$i":"close","$v":"Luk"},{"$i":"accept","$v":"Accepter"},{"$i":"quit","$v":"Afslut"},{"$i":"cancel","$v":"Annuller"},{"$i":"try-again","$v":"Prøv igen"},{"$i":"finish","$v":"Afslut"},{"$i":"sim","$v":["Simkort ",{"t":"idOrVar","v":"id"}]},{"$i":"next","$v":"Næste"},{"$i":"done","$v":"Færdig"},{"$i":"dsds-notification-title-with-sim","$v":["(",{"t":"idOrVar","v":"sim"},") ",{"t":"idOrVar","v":"title"}]},{"$i":"this-message-has-expired","$v":"Denne besked er udløbet"},{"$i":"cp-pin","placeholder":"Pinkode"},{"$i":"cp-message-received","$v":"Opsætningsmeddelelse modtaget"},{"$i":"cp-container-title","$v":"Opsætning af OTA-access point"},{"$i":"cp-accept-help","$v":"Opsætningsmeddelelse modtaget, tryk på 'Færdig' for at fortsætte."},{"$i":"cp-accept-help-pin","$v":"Du skulle gerne have modtaget pinkoden af dem, som har sendt dig opsætningsmeddelelsen."},{"$i":"cp-quit-app-confirm-dialog-message","$v":"Meddelelsen er endnu ikke blevet håndteret, er du sikker på, at du vil afslutte?"},{"$i":"cp-install-configuration-confirm-dialog-message","$v":"Din netværksoperatør tilbyder installation af automatisk opsætning. Vil du installere?"},{"$i":"cp-auth-failure","$v":"Forkert pinkode."},{"$i":"cp-finish-confirm-dialog-message-apn-saved","$v":"APN(erne) er nu gemt."},{"$i":"cp-finish-confirm-dialog-message-invalid-doc","$v":"Den modtagne opsætningsmeddelelse kunne ikke godkendes til dit simkort, og kan derfor ikke bruges til at opsætte din enhed."},{"$i":"cp-finish-confirm-dialog-message-auth-error","$v":"Der opstod en fejl ved godkendelse af meddelelsens afsender."},{"$i":"cp-finish-confirm-dialog-message-auth-unsupported-mechanism","$v":"Godkendelsesfunktionen er endnu ikke understøttet."},{"$i":"cp-finish-confirm-dialog-message-no-apns","$v":"Den modtagne opsætningsmeddelelse har ikke et gyldigt APN."}]