[{"$i":"wap-push-message","$v":"WAP-Push-Nachricht"},{"$i":"close","$v":"Schließen"},{"$i":"accept","$v":"Annehmen"},{"$i":"quit","$v":"Beenden"},{"$i":"cancel","$v":"Abbrechen"},{"$i":"try-again","$v":"Erneut versuchen"},{"$i":"finish","$v":"Abschließen"},{"$i":"sim","$v":["SIM ",{"t":"idOrVar","v":"id"}]},{"$i":"next","$v":"Weiter"},{"$i":"done","$v":"Fertig"},{"$i":"dsds-notification-title-with-sim","$v":["(",{"t":"idOrVar","v":"sim"},") ",{"t":"idOrVar","v":"title"}]},{"$i":"this-message-has-expired","$v":"Diese Nachricht ist abgelaufen."},{"$i":"cp-pin","placeholder":"PIN"},{"$i":"cp-message-received","$v":"Konfigurationsnachricht erhalten"},{"$i":"cp-container-title","$v":"Zugangskonfiguration per Mobilfunk"},{"$i":"cp-accept-help","$v":"Konfigurationsnachricht empfangen, zum Fortfahren auf 'Fertig' tippen."},{"$i":"cp-accept-help-pin","$v":"Der PIN-Code sollte Ihnen von demjenigen mitgeteilt worden sein, der Ihnen die Konfigurationsnachricht gesendet hat."},{"$i":"cp-quit-app-confirm-dialog-message","$v":"Die Nachricht wurde noch nicht verarbeitet. Soll wirklich abgebrochen werden?"},{"$i":"cp-install-configuration-confirm-dialog-message","$v":"Ihr Mobilfunkanbieter stellt Ihnen Konfigurationsinformationen zur Verfügung. Sollen diese verwendet werden?"},{"$i":"cp-auth-failure","$v":"Die eingegebene PIN ist falsch."},{"$i":"cp-finish-confirm-dialog-message-apn-saved","$v":"APN(s) gespeichert"},{"$i":"cp-finish-confirm-dialog-message-invalid-doc","$v":"Die empfangene Konfigurationsnachricht konnte nicht mit Ihrer SIM-Karte authentifiziert werden, weshalb Ihr Gerät nicht eingerichtet werden konnte."},{"$i":"cp-finish-confirm-dialog-message-auth-error","$v":"Bei der Authentifizierung des Absenders trat ein Problem auf."},{"$i":"cp-finish-confirm-dialog-message-auth-unsupported-mechanism","$v":"Die Authentifizierungsmethode wird noch nicht unterstützt."},{"$i":"cp-finish-confirm-dialog-message-no-apns","$v":"Die empfangene Konfigurationsnachricht enthält keine gültigen Zugangspunkte (APNs)."}]