[{"$i":"wap-push-message","$v":"Μήνυμα WAP Push"},{"$i":"close","$v":"Κλείσιμο"},{"$i":"accept","$v":"Αποδοχή"},{"$i":"quit","$v":"Κλείσιμο"},{"$i":"cancel","$v":"Ακύρωση"},{"$i":"try-again","$v":"Προσπαθήστε ξανά"},{"$i":"finish","$v":"Τέλος"},{"$i":"sim","$v":["SIM ",{"t":"idOrVar","v":"id"}]},{"$i":"next","$v":"Next"},{"$i":"done","$v":"Done"},{"$i":"dsds-notification-title-with-sim","$v":["(",{"t":"idOrVar","v":"sim"},") ",{"t":"idOrVar","v":"title"}]},{"$i":"this-message-has-expired","$v":"Αυτό το μήνυμα έχει λήξει"},{"$i":"cp-pin","placeholder":"PIN"},{"$i":"cp-message-received","$v":"Ελήφθη μήνυμα ρυθμίσεων"},{"$i":"cp-container-title","$v":"Ρύθμιση σημείου πρόσβασης OTA"},{"$i":"cp-accept-help","$v":"Μήνυμα ρυθμίσεων ελήφθη, πατήστε «Αποδοχή» για να συνεχίσετε."},{"$i":"cp-accept-help-pin","$v":"Ο κωδικός PIN σας έχει διατεθεί από όποιον σας έστειλε το μήνυμα ρύθμισης."},{"$i":"cp-quit-app-confirm-dialog-message","$v":"Το μήνυμα δεν έχει επεξεργαστεί ακόμη, θέλετε σίγουρα να σταματήσετε;"},{"$i":"cp-install-configuration-confirm-dialog-message","$v":"Your carrier is sharing configuration information with you. Do you want to install it?"},{"$i":"cp-auth-failure","$v":"PIN is not correct."},{"$i":"cp-finish-confirm-dialog-message-apn-saved","$v":"APN(s) saved."},{"$i":"cp-finish-confirm-dialog-message-invalid-doc","$v":"Το μήνυμα ρυθμίσεων που λάβατε δεν ήταν δυνατό να αυθεντικοποιηθεί με την κάρτα SIM σας, έτσι δε μπορεί να χρησιμοποιηθεί για τη ρύθμιση της συσκευής σας."},{"$i":"cp-finish-confirm-dialog-message-auth-error","$v":"Υπήρξε κάποιο σφάλμα κατά την αυθεντικοποίηση του αποστολέα του μηνύματος."},{"$i":"cp-finish-confirm-dialog-message-auth-unsupported-mechanism","$v":"Το σύστημα αυθεντικοποίησης δεν υποστηρίζεται ακόμα."},{"$i":"cp-finish-confirm-dialog-message-no-apns","$v":"Το μήνυμα ρυθμίσεων που λάβατε δε διαθέτει έγκυρα APNs."}]