[{"$i":"wap-push-message","$v":"WAP Push message"},{"$i":"close","$v":"Close"},{"$i":"accept","$v":"Accept"},{"$i":"quit","$v":"Quit"},{"$i":"cancel","$v":"Cancel"},{"$i":"try-again","$v":"Try again"},{"$i":"finish","$v":"Finish"},{"$i":"sim","$v":["SIM ",{"t":"idOrVar","v":"id"}]},{"$i":"next","$v":"Next"},{"$i":"done","$v":"Done"},{"$i":"dsds-notification-title-with-sim","$v":["(",{"t":"idOrVar","v":"sim"},") ",{"t":"idOrVar","v":"title"}]},{"$i":"this-message-has-expired","$v":"This message has expired"},{"$i":"cp-pin","placeholder":"PIN"},{"$i":"cp-message-received","$v":"Configuration message received"},{"$i":"cp-container-title","$v":"OTA Access Point Configuration"},{"$i":"cp-accept-help","$v":"Configuration message received, tap on “Done” to continue."},{"$i":"cp-accept-help-pin","$v":"The PIN code should have been provided to you by whomever sent you the configuration message."},{"$i":"cp-quit-app-confirm-dialog-message","$v":"The message has not been processed yet, do you really want to quit?"},{"$i":"cp-install-configuration-confirm-dialog-message","$v":"Your carrier is sharing configuration information with you. Do you want to install it?"},{"$i":"cp-auth-failure","$v":"PIN is not correct."},{"$i":"cp-finish-confirm-dialog-message-apn-saved","$v":"APN(s) saved."},{"$i":"cp-finish-confirm-dialog-message-invalid-doc","$v":"The configuration message you received could not be authenticated against your SIM card, so cannot be used to configure your device."},{"$i":"cp-finish-confirm-dialog-message-auth-error","$v":"There was a error while authenticating the sender of the message."},{"$i":"cp-finish-confirm-dialog-message-auth-unsupported-mechanism","$v":"The authentication mechanism is not supported yet."},{"$i":"cp-finish-confirm-dialog-message-no-apns","$v":"The configuration message you received does not have valid APNs."}]