[{"$i":"wap-push-message","$v":"Mensaje WAP Push"},{"$i":"close","$v":"Cerrar"},{"$i":"accept","$v":"Aceptar"},{"$i":"quit","$v":"Salir"},{"$i":"cancel","$v":"Cancelar"},{"$i":"try-again","$v":"Intentar"},{"$i":"finish","$v":"Finalizar"},{"$i":"sim","$v":["SIM ",{"t":"idOrVar","v":"id"}]},{"$i":"next","$v":"Siguiente"},{"$i":"done","$v":"Hecho"},{"$i":"dsds-notification-title-with-sim","$v":["(",{"t":"idOrVar","v":"sim"},") ",{"t":"idOrVar","v":"title"}]},{"$i":"this-message-has-expired","$v":"Este mensaje ha caducado"},{"$i":"cp-pin","placeholder":"PIN"},{"$i":"cp-message-received","$v":"Mensaje de configuración recibido"},{"$i":"cp-container-title","$v":"Configuración de punto de acceso OTA"},{"$i":"cp-accept-help","$v":"Mensaje de configuración recibido, haga clic en “Hecho” para continuar."},{"$i":"cp-accept-help-pin","$v":"El código PIN debe proporcionarlo quien le envía el mensaje de configuración."},{"$i":"cp-quit-app-confirm-dialog-message","$v":"Todavía no se ha procesado el mensaje, ¿de verdad desea salir?"},{"$i":"cp-install-configuration-confirm-dialog-message","$v":"Su operador va a compartir información de configuración. ¿Desea instalarla?"},{"$i":"cp-auth-failure","$v":"El PIN no es correcto."},{"$i":"cp-finish-confirm-dialog-message-apn-saved","$v":"APN(s) guardado(s)."},{"$i":"cp-finish-confirm-dialog-message-invalid-doc","$v":"El mensaje de configuración que recibió no pudo autenticarse mediante la tarjeta SIM, por lo que no se puede utilizar para configurar el dispositivo."},{"$i":"cp-finish-confirm-dialog-message-auth-error","$v":"Hubo un error al autenticar el remitente del mensaje."},{"$i":"cp-finish-confirm-dialog-message-auth-unsupported-mechanism","$v":"El mecanismo de autenticación no es compatible aún."},{"$i":"cp-finish-confirm-dialog-message-no-apns","$v":"El mensaje de configuración que recibió no tiene APN válidos."}]