[{"$i":"wap-push-message","$v":"WAP Push mezua"},{"$i":"close","$v":"Itxi"},{"$i":"accept","$v":"Onartu"},{"$i":"quit","$v":"Irten"},{"$i":"cancel","$v":"Utzi"},{"$i":"try-again","$v":"Saiatu berriro"},{"$i":"finish","$v":"Amaitu"},{"$i":"sim","$v":[{"t":"idOrVar","v":"id"},". SIMa"]},{"$i":"next","$v":"Hurrengoa"},{"$i":"done","$v":"Eginda"},{"$i":"dsds-notification-title-with-sim","$v":["(",{"t":"idOrVar","v":"sim"},") ",{"t":"idOrVar","v":"title"}]},{"$i":"this-message-has-expired","$v":"Mezua iraungita dago"},{"$i":"cp-pin","placeholder":"PINa"},{"$i":"cp-message-received","$v":"Konfigurazio-mezua jaso da"},{"$i":"cp-container-title","$v":"OTA sarbide-puntuaren konfigurazioa"},{"$i":"cp-accept-help","$v":"Konfigurazio-mezua jaso da, sakatu 'Eginda' jarraitzeko."},{"$i":"cp-accept-help-pin","$v":"Konfigurazio-mezua bidali dizunak eman beharko lizuke PIN kodea."},{"$i":"cp-quit-app-confirm-dialog-message","$v":"Mezua ez da prozesatu oraindik, benetan irten nahi duzu?"},{"$i":"cp-install-configuration-confirm-dialog-message","$v":"Zure hornitzailea konfigurazio-informazioa ari da partekatzen zurekin. Instalatu nahi duzu?"},{"$i":"cp-auth-failure","$v":"PINa ez da zuzena."},{"$i":"cp-finish-confirm-dialog-message-apn-saved","$v":"APNa(k) gorde dira."},{"$i":"cp-finish-confirm-dialog-message-invalid-doc","$v":"Jaso duzun konfigurazio-mezua ezin da autentifikatu zure SIM txartelaren aurka, beraz ezin da zure gailua konfiguratzeko erabili."},{"$i":"cp-finish-confirm-dialog-message-auth-error","$v":"Errore bat gertatu da mezuaren bidaltzailea autentifikatzean."},{"$i":"cp-finish-confirm-dialog-message-auth-unsupported-mechanism","$v":"Autentifikazio-mekanismoa ez da onartzen oraindik."},{"$i":"cp-finish-confirm-dialog-message-no-apns","$v":"Jaso duzun konfigurazio-mezuak ez dauka baliozko APNrik."}]