[{"$i":"wap-push-message","$v":"Message Push WAP"},{"$i":"close","$v":"Fermer"},{"$i":"accept","$v":"Accepter"},{"$i":"quit","$v":"Quitter"},{"$i":"cancel","$v":"Annuler"},{"$i":"try-again","$v":"Réessayer"},{"$i":"finish","$v":"Terminer"},{"$i":"sim","$v":["SIM ",{"t":"idOrVar","v":"id"}]},{"$i":"next","$v":"Suivant"},{"$i":"done","$v":"Terminer"},{"$i":"dsds-notification-title-with-sim","$v":["(",{"t":"idOrVar","v":"sim"},") ",{"t":"idOrVar","v":"title"}]},{"$i":"this-message-has-expired","$v":"Ce message a expiré"},{"$i":"cp-pin","placeholder":"PIN"},{"$i":"cp-message-received","$v":"Message de configuration reçu"},{"$i":"cp-container-title","$v":"Configuration du point d’accès OTA"},{"$i":"cp-accept-help","$v":"Message de configuration reçu, appuyez sur « Terminer » pour continuer."},{"$i":"cp-accept-help-pin","$v":"Le code PIN devrait vous avoir été fourni par l’expéditeur du message de configuration."},{"$i":"cp-quit-app-confirm-dialog-message","$v":"Le message n’a pas encore été traité, voulez-vous vraiment quitter ?"},{"$i":"cp-install-configuration-confirm-dialog-message","$v":"Votre opérateur vous a envoyé des informations de configuration. Voulez-vous les installer ?"},{"$i":"cp-auth-failure","$v":"Le code PIN est incorrect."},{"$i":"cp-finish-confirm-dialog-message-apn-saved","$v":"APN(s) enregistré(s)."},{"$i":"cp-finish-confirm-dialog-message-invalid-doc","$v":"Le message de configuration que vous avez reçu ne peut pas être authentifié avec votre carte SIM. Impossible de configurer l’appareil."},{"$i":"cp-finish-confirm-dialog-message-auth-error","$v":"Une erreur s’est produite lors de l’authentification de l’expéditeur du message."},{"$i":"cp-finish-confirm-dialog-message-auth-unsupported-mechanism","$v":"Le mécanisme d’authentification n’est pas encore pris en charge."},{"$i":"cp-finish-confirm-dialog-message-no-apns","$v":"Le message de configuration que vous avez reçu ne contient pas d’APN valide."}]