[{"$i":"wap-push-message","$v":"Mensaxe Push WAP"},{"$i":"close","$v":"Pechar"},{"$i":"accept","$v":"Aceptar"},{"$i":"quit","$v":"Saír"},{"$i":"cancel","$v":"Cancelar"},{"$i":"try-again","$v":"Tentar de novo"},{"$i":"finish","$v":"Rematar"},{"$i":"sim","$v":["SIM ",{"t":"idOrVar","v":"id"}]},{"$i":"next","$v":"Seguinte"},{"$i":"done","$v":"Feito"},{"$i":"dsds-notification-title-with-sim","$v":["(",{"t":"idOrVar","v":"sim"},") ",{"t":"idOrVar","v":"title"}]},{"$i":"this-message-has-expired","$v":"Esta mensaxe caducou"},{"$i":"cp-pin","placeholder":"PIN"},{"$i":"cp-message-received","$v":"Recibiuse unha mensaxe de configuración"},{"$i":"cp-container-title","$v":"Configuración do punto de acceso OTA"},{"$i":"cp-accept-help","$v":"Recibiuse unha mensaxe de configuración, toque en «Feito» para continuar."},{"$i":"cp-accept-help-pin","$v":"O código PIN debe fornecerllo quen lle enviou a mensaxe de configuración."},{"$i":"cp-quit-app-confirm-dialog-message","$v":"Aínda non se procesou a mensaxe, confirma que quere saír?"},{"$i":"cp-install-configuration-confirm-dialog-message","$v":"A súa operadora está compartindo información de configuración con vostede. Quere instalala?"},{"$i":"cp-auth-failure","$v":"O PIN é incorrecto."},{"$i":"cp-finish-confirm-dialog-message-apn-saved","$v":"Gardouse o APN."},{"$i":"cp-finish-confirm-dialog-message-invalid-doc","$v":"Non foi posíbel autenticar a mensaxe de configuración que recibiu contra a súa tarxeta SIM, polo tanto, non é posíbel usala para configurar o dispositivo."},{"$i":"cp-finish-confirm-dialog-message-auth-error","$v":"Produciuse un erro ao autenticar o remitente da mensaxe."},{"$i":"cp-finish-confirm-dialog-message-auth-unsupported-mechanism","$v":"O mecanismo de autenticación aínda non é compatíbel."},{"$i":"cp-finish-confirm-dialog-message-no-apns","$v":"A mensaxe de configuración que recibiu non ten APN correctos."}]