[{"$i":"wap-push-message","$v":"WAP push poruka"},{"$i":"close","$v":"Zatvori"},{"$i":"accept","$v":"Prihvati"},{"$i":"quit","$v":"Izlaz"},{"$i":"cancel","$v":"Otkaži"},{"$i":"try-again","$v":"Pokušaj ponovno"},{"$i":"finish","$v":"Završi"},{"$i":"sim","$v":["SIM ",{"t":"idOrVar","v":"id"}]},{"$i":"next","$v":"Next"},{"$i":"done","$v":"Done"},{"$i":"dsds-notification-title-with-sim","$v":["(",{"t":"idOrVar","v":"sim"},") ",{"t":"idOrVar","v":"title"}]},{"$i":"this-message-has-expired","$v":"Ova poruka je istekla"},{"$i":"cp-pin","placeholder":"PIN"},{"$i":"cp-message-received","$v":"Konfiguracijska poruka primljena"},{"$i":"cp-container-title","$v":"Podešavanje OTA pristupne točke"},{"$i":"cp-accept-help","$v":"Configuration message received, tap on “Done” to continue."},{"$i":"cp-accept-help-pin","$v":"PIN možete saznati od pošiljatelja konfiguracijske poruke."},{"$i":"cp-quit-app-confirm-dialog-message","$v":"Poruka još nije obrađena, želite li odustati?"},{"$i":"cp-install-configuration-confirm-dialog-message","$v":"Your carrier is sharing configuration information with you. Do you want to install it?"},{"$i":"cp-auth-failure","$v":"PIN is not correct."},{"$i":"cp-finish-confirm-dialog-message-apn-saved","$v":"APN(s) saved."},{"$i":"cp-finish-confirm-dialog-message-invalid-doc","$v":"Postavke poruke koju ste primili ne mogu biti autentificirane s vašom SIM karticom tako da neće biti iskorištene za konfiguraciju vašeg uređaja."},{"$i":"cp-finish-confirm-dialog-message-auth-error","$v":"Došlo je do pogreške kod autentifikacije pošiljatelja poruke."},{"$i":"cp-finish-confirm-dialog-message-auth-unsupported-mechanism","$v":"Način atentifikacije nije podržan."},{"$i":"cp-finish-confirm-dialog-message-no-apns","$v":"Konfiguracijska poruka koju ste primili nema valjane APNove."}]