[{"$i":"wap-push-message","$v":"WAP Push üzenet"},{"$i":"close","$v":"Bezárás"},{"$i":"accept","$v":"Elfogadás"},{"$i":"quit","$v":"Kilépés"},{"$i":"cancel","$v":"Mégse"},{"$i":"try-again","$v":"Újra"},{"$i":"finish","$v":"Befejezés"},{"$i":"sim","$v":["SIM ",{"t":"idOrVar","v":"id"}]},{"$i":"next","$v":"Next"},{"$i":"done","$v":"Done"},{"$i":"dsds-notification-title-with-sim","$v":["(",{"t":"idOrVar","v":"sim"},") ",{"t":"idOrVar","v":"title"}]},{"$i":"this-message-has-expired","$v":"Ez az üzenet lejárt"},{"$i":"cp-pin","placeholder":"PIN kód"},{"$i":"cp-message-received","$v":"Konfigurációs üzenet érkezett"},{"$i":"cp-container-title","$v":"OTA hozzáférési pont beállítása"},{"$i":"cp-accept-help","$v":"Konfigurációs üzenet érkezett, kattintson az „Elfogadás”-ra a folytatáshoz."},{"$i":"cp-accept-help-pin","$v":"A PIN kódot annak kell megadnia Önnek, aki a konfigurációs üzenetet küldte."},{"$i":"cp-quit-app-confirm-dialog-message","$v":"Az üzenet még nincs feldolgozva, valóban ki szeretne lépni?"},{"$i":"cp-install-configuration-confirm-dialog-message","$v":"Your carrier is sharing configuration information with you. Do you want to install it?"},{"$i":"cp-auth-failure","$v":"PIN is not correct."},{"$i":"cp-finish-confirm-dialog-message-apn-saved","$v":"APN(s) saved."},{"$i":"cp-finish-confirm-dialog-message-invalid-doc","$v":"A kapott konfigurációs üzenet nem hitelesíthető a SIM-kártyával, így nem használható az eszköz konfigurálására."},{"$i":"cp-finish-confirm-dialog-message-auth-error","$v":"Hiba történt az üzenet küldőjének hitelesítésekor."},{"$i":"cp-finish-confirm-dialog-message-auth-unsupported-mechanism","$v":"A hitelesítési mechanizmus még nem támogatott."},{"$i":"cp-finish-confirm-dialog-message-no-apns","$v":"A kapott konfigurációs üzenet nem tartalmaz érvényes APN-eket."}]