[{"$i":"wap-push-message","$v":"Messaggio push WAP"},{"$i":"close","$v":"Chiudi"},{"$i":"accept","$v":"Accetta"},{"$i":"quit","$v":"Esci"},{"$i":"cancel","$v":"Annulla"},{"$i":"try-again","$v":"Riprova"},{"$i":"finish","$v":"Completa"},{"$i":"sim","$v":["SIM ",{"t":"idOrVar","v":"id"}]},{"$i":"next","$v":"Avanti"},{"$i":"done","$v":"Fine"},{"$i":"dsds-notification-title-with-sim","$v":["(",{"t":"idOrVar","v":"sim"},") ",{"t":"idOrVar","v":"title"}]},{"$i":"this-message-has-expired","$v":"Questo messaggio è scaduto"},{"$i":"cp-pin","placeholder":"PIN"},{"$i":"cp-message-received","$v":"Ricevuto messaggio configurazione"},{"$i":"cp-container-title","$v":"Configurazione access point OTA"},{"$i":"cp-accept-help","$v":"Messaggio di configurazione ricevuto, toccare “Fatto” per proseguire."},{"$i":"cp-accept-help-pin","$v":"Il codice PIN dovrebbe essere stato fornito dal mittente del messaggio di configurazione."},{"$i":"cp-quit-app-confirm-dialog-message","$v":"Il messaggio non è ancora stato elaborato. Uscire comunque?"},{"$i":"cp-install-configuration-confirm-dialog-message","$v":"Il gestore sta condividendo informazioni sulla configurazione. Procedere con l’installazione?"},{"$i":"cp-auth-failure","$v":"Codice PIN errato."},{"$i":"cp-finish-confirm-dialog-message-apn-saved","$v":"Configurazione APN salvata."},{"$i":"cp-finish-confirm-dialog-message-invalid-doc","$v":"Non è possibile autenticare il messaggio ricevuto con la SIM in uso. Impossibile configurare il dispositivo."},{"$i":"cp-finish-confirm-dialog-message-auth-error","$v":"Si è verificato un errore durante l’autenticazione del mittente del messaggio."},{"$i":"cp-finish-confirm-dialog-message-auth-unsupported-mechanism","$v":"Il meccanismo di autenticazione non è ancora supportato."},{"$i":"cp-finish-confirm-dialog-message-no-apns","$v":"Il messaggio di configurazione ricevuto non include APN validi."}]