[{"$i":"wap-push-message","$v":"WAP プッシュメッセージ"},{"$i":"close","$v":"閉じる"},{"$i":"accept","$v":"受け取る"},{"$i":"quit","$v":"終了"},{"$i":"cancel","$v":"キャンセル"},{"$i":"try-again","$v":"再試行"},{"$i":"finish","$v":"完了"},{"$i":"sim","$v":["SIM",{"t":"idOrVar","v":"id"}]},{"$i":"next","$v":"次へ"},{"$i":"done","$v":"完了"},{"$i":"dsds-notification-title-with-sim","$v":["(",{"t":"idOrVar","v":"sim"},") ",{"t":"idOrVar","v":"title"}]},{"$i":"this-message-has-expired","$v":"このメッセージは失効しました"},{"$i":"cp-pin","placeholder":"PIN コード"},{"$i":"cp-message-received","$v":"設定メッセージを受信しました"},{"$i":"cp-container-title","$v":"OTA アクセスポイント設定"},{"$i":"cp-accept-help","$v":"設定メッセージを受信しました。[完了] をタップして続行してください。"},{"$i":"cp-accept-help-pin","$v":"PIN コードは設定メッセージの送信者から提供されます。"},{"$i":"cp-quit-app-confirm-dialog-message","$v":"メッセージはまだ処理されていません。本当に終了してもよろしいですか？"},{"$i":"cp-install-configuration-confirm-dialog-message","$v":"ネットワーク事業者が設定情報を共有しようとしています。インストールしてもよろしいですか？"},{"$i":"cp-auth-failure","$v":"PIN コードが正しくありません。"},{"$i":"cp-finish-confirm-dialog-message-apn-saved","$v":"APN を保存しました。"},{"$i":"cp-finish-confirm-dialog-message-invalid-doc","$v":"ご使用の SIM カードでは受信した設定メッセージを認証できなかったため、端末の設定には使用できません。"},{"$i":"cp-finish-confirm-dialog-message-auth-error","$v":"メッセージの送信者の認証中にエラーが発生しました。"},{"$i":"cp-finish-confirm-dialog-message-auth-unsupported-mechanism","$v":"認証機構はまだサポートされていません。"},{"$i":"cp-finish-confirm-dialog-message-no-apns","$v":"受信した設定メッセージに正しい APN 情報がありません。"}]