[{"$i":"wap-push-message","$v":"សារ WAP Push"},{"$i":"close","$v":"បិទ"},{"$i":"accept","$v":"ទទួល"},{"$i":"quit","$v":"ចេញ"},{"$i":"cancel","$v":"បោះបង់"},{"$i":"try-again","$v":"ព្យាយាម​ម្ដង​ទៀត"},{"$i":"finish","$v":"បញ្ចប់"},{"$i":"sim","$v":["SIM ",{"t":"idOrVar","v":"id"}]},{"$i":"next","$v":"Next"},{"$i":"done","$v":"Done"},{"$i":"dsds-notification-title-with-sim","$v":["(",{"t":"idOrVar","v":"sim"},") ",{"t":"idOrVar","v":"title"}]},{"$i":"this-message-has-expired","$v":"សារ​នេះ​បាន​ផុត​កំណត់"},{"$i":"cp-pin","placeholder":"កូដ PIN"},{"$i":"cp-message-received","$v":"បាន​ទទួល​សារ​កំណត់​រចនាសម្ព័ន្ធ"},{"$i":"cp-container-title","$v":"ការ​កំណត់​រចនាសម្ព័ន្ធ​ចំណុច​ចូល​ដំណើរការ OTA"},{"$i":"cp-accept-help","$v":"Configuration message received, tap on “Done” to continue."},{"$i":"cp-accept-help-pin","$v":"កូដ PIN គួរ​ត្រូវ​បាន​ផ្ដល់​ឲ្យ​អ្នក​ដោយ​អ្នក​ណា​ម្នាក់​ដែល​បាន​ផ្ញើ​សារ​កំណត់​រចនាសម្ព័ន្ធ​ឲ្យ​អ្នក។"},{"$i":"cp-quit-app-confirm-dialog-message","$v":"សារ​មិន​ត្រូវ​បាន​ដំណើរការ​នៅ​ឡើយ​ទេ តើ​អ្នក​ពិត​ជា​ចង់ចេញ​ឬ?"},{"$i":"cp-install-configuration-confirm-dialog-message","$v":"Your carrier is sharing configuration information with you. Do you want to install it?"},{"$i":"cp-auth-failure","$v":"PIN is not correct."},{"$i":"cp-finish-confirm-dialog-message-apn-saved","$v":"APN(s) saved."},{"$i":"cp-finish-confirm-dialog-message-invalid-doc","$v":"សារ​កំណត់​រចនាសម្ព័ន្ធ​ដែល​អ្នក​បាន​ទទួល​មិន​អាច​ត្រូវ​បាន​ផ្ទៀងផ្ទាត់​ជា​មួយ​ SIM កាត​របស់​អ្នក​បាន​ទេ ដូច្នេះ​មិន​អាច​ត្រូវ​បាន​ប្រើ​ ដើម្បី​កំណត់​រចនាសម្ព័ន្ធ​ឧបករណ៍​របស់​អ្នក​បាន​ទេ។"},{"$i":"cp-finish-confirm-dialog-message-auth-error","$v":"មាន​កំហុស​ខណៈ​ដែល​ផ្ទៀងផ្ទាត់​អ្នក​ផ្ញើ​សារ។"},{"$i":"cp-finish-confirm-dialog-message-auth-unsupported-mechanism","$v":"យន្តការ​ផ្ទៀងផ្ទាត់​មិន​ត្រូវ​បាន​គាំទ្រ​នៅ​ឡើយ​ទេ។"},{"$i":"cp-finish-confirm-dialog-message-no-apns","$v":"អ្នកបាន​ទទួល​សារ​កំណត់​រចនាសម្ព័ន្ធ​ដែលមិន​មាន​ APNs ត្រឹមត្រូវ។"}]