[{"$i":"wap-push-message","$v":"WAP 푸시 메시지"},{"$i":"close","$v":"닫기"},{"$i":"accept","$v":"동의"},{"$i":"quit","$v":"종료"},{"$i":"cancel","$v":"취소"},{"$i":"try-again","$v":"다시 실행"},{"$i":"finish","$v":"완료"},{"$i":"sim","$v":["SIM ",{"t":"idOrVar","v":"id"}]},{"$i":"next","$v":"Next"},{"$i":"done","$v":"Done"},{"$i":"dsds-notification-title-with-sim","$v":["(",{"t":"idOrVar","v":"sim"},") ",{"t":"idOrVar","v":"title"}]},{"$i":"this-message-has-expired","$v":"이 메시지는 취소함"},{"$i":"cp-pin","placeholder":"PIN 코드"},{"$i":"cp-message-received","$v":"설정 메시지를 수신하였습니다."},{"$i":"cp-container-title","$v":"OTA 접속 포인트 설정"},{"$i":"cp-accept-help","$v":"설정 메시지를 수신했습니다. 받기를 클릭하고 계속 하십시오."},{"$i":"cp-accept-help-pin","$v":"PIN 코드는 설정 메시지 보낸이로부터 제공됩니다."},{"$i":"cp-quit-app-confirm-dialog-message","$v":"메시지는 아직 처리되지 않았습니다. 정말로 종료하시겠습니까?"},{"$i":"cp-install-configuration-confirm-dialog-message","$v":"Your carrier is sharing configuration information with you. Do you want to install it?"},{"$i":"cp-auth-failure","$v":"PIN is not correct."},{"$i":"cp-finish-confirm-dialog-message-apn-saved","$v":"APN(s) saved."},{"$i":"cp-finish-confirm-dialog-message-invalid-doc","$v":"사용하는 SIM 카드에서는 수신한 설정 메시지를 인증할 수 없었기 때문에, 단말의 설정에는 사용할 수 없습니다."},{"$i":"cp-finish-confirm-dialog-message-auth-error","$v":"메시지 보낸이 인증 중에 오류가 발생했습니다."},{"$i":"cp-finish-confirm-dialog-message-auth-unsupported-mechanism","$v":"인증 기구는 아직 지원되지 않습니다."},{"$i":"cp-finish-confirm-dialog-message-no-apns","$v":"수신한 설정 메시지에 올바른 APN정보가 없습니다."}]