[{"$i":"wap-push-message","$v":"„WAP Push“ pranešimas"},{"$i":"close","$v":"Užverti"},{"$i":"accept","$v":"Priimti"},{"$i":"quit","$v":"Išeiti"},{"$i":"cancel","$v":"Atsisakyti"},{"$i":"try-again","$v":"Bandyti vėl"},{"$i":"finish","$v":"Baigti"},{"$i":"sim","$v":["SIM ",{"t":"idOrVar","v":"id"}]},{"$i":"next","$v":"Next"},{"$i":"done","$v":"Done"},{"$i":"dsds-notification-title-with-sim","$v":["(",{"t":"idOrVar","v":"sim"},") ",{"t":"idOrVar","v":"title"}]},{"$i":"this-message-has-expired","$v":"Šis pranešimas nebegalioja"},{"$i":"cp-pin","placeholder":"PIN"},{"$i":"cp-message-received","$v":"Gautas konfigūracinis pranešimas"},{"$i":"cp-container-title","$v":"OTA prieigos taškos konfigūracija"},{"$i":"cp-accept-help","$v":"Gautas konfigūracinis pranešimas. Jeigu norite tęsti, bakstelėkite „Priimti“."},{"$i":"cp-accept-help-pin","$v":"PIN kodą turėjo pateikti šio konfigūracinio pranešimo siuntėjas."},{"$i":"cp-quit-app-confirm-dialog-message","$v":"Šis pranešimas dar neapdorotas, ar tikrai norite išeiti?"},{"$i":"cp-install-configuration-confirm-dialog-message","$v":"Your carrier is sharing configuration information with you. Do you want to install it?"},{"$i":"cp-auth-failure","$v":"PIN is not correct."},{"$i":"cp-finish-confirm-dialog-message-apn-saved","$v":"APN(s) saved."},{"$i":"cp-finish-confirm-dialog-message-invalid-doc","$v":"Gautojo konfigūracinio pranešimo nepavyko autentikuoti su šia SIM kortele, todėl jo naudoti su šiuo įrenginiu negalima."},{"$i":"cp-finish-confirm-dialog-message-auth-error","$v":"Autentikuojant šio pranešimo siuntėją, įvyko klaida."},{"$i":"cp-finish-confirm-dialog-message-auth-unsupported-mechanism","$v":"Autentikavimo mechanizmas dar nepalaikomas."},{"$i":"cp-finish-confirm-dialog-message-no-apns","$v":"Gautajame konfigūraciniame pranešime nėra prieigos taškų konfigūracijos."}]