[{"$i":"wap-push-message","$v":"WAP Push message"},{"$i":"close","$v":"Затвори"},{"$i":"accept","$v":"Прифати"},{"$i":"quit","$v":"Исклучи"},{"$i":"cancel","$v":"Откажи"},{"$i":"try-again","$v":"Повторно"},{"$i":"finish","$v":"Заврши"},{"$i":"sim","$v":["SIM ",{"t":"idOrVar","v":"id"}]},{"$i":"next","$v":"Next"},{"$i":"done","$v":"Done"},{"$i":"dsds-notification-title-with-sim","$v":["(",{"t":"idOrVar","v":"sim"},") ",{"t":"idOrVar","v":"title"}]},{"$i":"this-message-has-expired","$v":"Оваа порака е застарена"},{"$i":"cp-pin","placeholder":"ПИН"},{"$i":"cp-message-received","$v":"Конфигурациската порака е примена"},{"$i":"cp-container-title","$v":"Конфигурација на OTA Access Point"},{"$i":"cp-accept-help","$v":"Конфигурациската порака е примена. Кликнете на „Прифати“ за да продолжите."},{"$i":"cp-accept-help-pin","$v":"ПИН-кодот би требало да го добиете од каде што сте ја добиле конфигурациската порака."},{"$i":"cp-quit-app-confirm-dialog-message","$v":"Пораката сѐ уште не е проследена. Навистина сакате да се откажете?"},{"$i":"cp-install-configuration-confirm-dialog-message","$v":"Your carrier is sharing configuration information with you. Do you want to install it?"},{"$i":"cp-auth-failure","$v":"PIN is not correct."},{"$i":"cp-finish-confirm-dialog-message-apn-saved","$v":"APN(s) saved."},{"$i":"cp-finish-confirm-dialog-message-invalid-doc","$v":"Конфигурациската порака што ја примивте не одговара на вашата СИМ-картичка, па не може да се користи на овој уред."},{"$i":"cp-finish-confirm-dialog-message-auth-error","$v":"Се случи грешка при потврдувањето на испраќачот на пораката."},{"$i":"cp-finish-confirm-dialog-message-auth-unsupported-mechanism","$v":"Механизмот на автентификација сѐ уште не е поддржан."},{"$i":"cp-finish-confirm-dialog-message-no-apns","$v":"Конфигурациската порака што ја добивте не содржи валидни имиња на пристапни точки."}]