[{"$i":"wap-push-message","$v":"Mesej Menolak WAP"},{"$i":"close","$v":"Tutup"},{"$i":"accept","$v":"Terima"},{"$i":"quit","$v":"Keluar"},{"$i":"cancel","$v":"Batal"},{"$i":"try-again","$v":"Cuba lagi"},{"$i":"finish","$v":"Tamat"},{"$i":"sim","$v":["SIM ",{"t":"idOrVar","v":"id"}]},{"$i":"next","$v":"Next"},{"$i":"done","$v":"Done"},{"$i":"dsds-notification-title-with-sim","$v":["(",{"t":"idOrVar","v":"sim"},") ",{"t":"idOrVar","v":"title"}]},{"$i":"this-message-has-expired","$v":"Mesej ini telah luput"},{"$i":"cp-pin","placeholder":"PIN"},{"$i":"cp-message-received","$v":"Konfigurasi mesej diterima "},{"$i":"cp-container-title","$v":"Konfigurasi Titik Capaian OTA"},{"$i":"cp-accept-help","$v":"Konfigurasi mesej diterima, klik pada \"Terima\" untuk teruskan."},{"$i":"cp-accept-help-pin","$v":"Kod PIN sepatutnya disediakan untuk anda oleh sesiapa sahaja yang menghantar mesej konfigurasi kepada anda."},{"$i":"cp-quit-app-confirm-dialog-message","$v":"Mesej belum diproses lagi, adakah anda benar-benar ingin keluar?"},{"$i":"cp-install-configuration-confirm-dialog-message","$v":"Your carrier is sharing configuration information with you. Do you want to install it?"},{"$i":"cp-auth-failure","$v":"PIN is not correct."},{"$i":"cp-finish-confirm-dialog-message-apn-saved","$v":"APN(s) saved."},{"$i":"cp-finish-confirm-dialog-message-invalid-doc","$v":"Mesej konfigurasi yang anda terima tidak dapat disahkan kepada kad SIM anda, maka tidak dapat digunakan untuk konfigur peranti anda."},{"$i":"cp-finish-confirm-dialog-message-auth-error","$v":"Ralat berlaku semasa mengesahkan penghantar mesej."},{"$i":"cp-finish-confirm-dialog-message-auth-unsupported-mechanism","$v":"Mekanisma pengesahan belum lagi disokong."},{"$i":"cp-finish-confirm-dialog-message-no-apns","$v":"Mesej konfigurasi yang anda terima tiada APN  yang sah."}]