[{"$i":"wap-push-message","$v":"डब्लु ए पी धकेलेको सन्देश"},{"$i":"close","$v":"बन्द गर्नुहोस्"},{"$i":"accept","$v":"स्वीकार गर्नुहोस्"},{"$i":"quit","$v":"अन्त्य गर्नुहोस्"},{"$i":"cancel","$v":"रद्द गर्नुहोस्"},{"$i":"try-again","$v":"पुन: प्रयास गर्नुहोस्"},{"$i":"finish","$v":"समाप्त"},{"$i":"sim","$v":["SIM ",{"t":"idOrVar","v":"id"}]},{"$i":"next","$v":"Next"},{"$i":"done","$v":"Done"},{"$i":"dsds-notification-title-with-sim","$v":["(",{"t":"idOrVar","v":"sim"},") ",{"t":"idOrVar","v":"title"}]},{"$i":"this-message-has-expired","$v":"यो सन्देशको समाप्ति भइसक्यो"},{"$i":"cp-pin","placeholder":"PIN"},{"$i":"cp-message-received","$v":"कन्फिगरेसन सन्देश प्राप्त भयो"},{"$i":"cp-container-title","$v":"OTA पहुँच बिन्दु कन्फिगरेसन"},{"$i":"cp-accept-help","$v":"Configuration message received, tap on “Done” to continue."},{"$i":"cp-accept-help-pin","$v":"तपाईंलाई जसले कन्फिगरेसन सन्देश पठाएको थियो उसले नै तपाईंलाई PIN कोड प्रदान गरेको हुनुपर्दछ ।"},{"$i":"cp-quit-app-confirm-dialog-message","$v":"यो सन्देस प्रक्रियामा गईसकेको छैन, के तपाई अन्त्य गर्न चाहनु हुन्छ ?"},{"$i":"cp-install-configuration-confirm-dialog-message","$v":"Your carrier is sharing configuration information with you. Do you want to install it?"},{"$i":"cp-auth-failure","$v":"PIN is not correct."},{"$i":"cp-finish-confirm-dialog-message-apn-saved","$v":"APN(s) saved."},{"$i":"cp-finish-confirm-dialog-message-invalid-doc","$v":"तपाईंले प्राप्त गर्नुभएको कन्फिगरेसन सन्देश तपाईंको सिम कार्ड विरुद्ध प्रमाणीकरण गर्न सकिँदैन त्यसकारण तपाईंको यन्त्र कन्फिगर गर्नको लागि प्रयोग गर्न मिल्दैन"},{"$i":"cp-finish-confirm-dialog-message-auth-error","$v":"सन्देसको प्रेषक प्रमाणिकरण गर्दा त्रुटि भेटिएको छ ।"},{"$i":"cp-finish-confirm-dialog-message-auth-unsupported-mechanism","$v":"प्रमणिकारण को क्रियाविधि अझै समर्थन भएको छैन ।"},{"$i":"cp-finish-confirm-dialog-message-no-apns","$v":"तपाइले पाउनुभएको कन्फिगरेसन सन्देसमा मान्य ए पी एन हरु छैन ।"}]