[{"$i":"wap-push-message","$v":"WAP-pushbericht"},{"$i":"close","$v":"Sluiten"},{"$i":"accept","$v":"Accepteren"},{"$i":"quit","$v":"Afsluiten"},{"$i":"cancel","$v":"Annuleren"},{"$i":"try-again","$v":"Opnieuw proberen"},{"$i":"finish","$v":"Voltooien"},{"$i":"sim","$v":["Simkaart ",{"t":"idOrVar","v":"id"}]},{"$i":"next","$v":"Volgende"},{"$i":"done","$v":"Gereed"},{"$i":"dsds-notification-title-with-sim","$v":["(",{"t":"idOrVar","v":"sim"},") ",{"t":"idOrVar","v":"title"}]},{"$i":"this-message-has-expired","$v":"Deze melding is verlopen"},{"$i":"cp-pin","placeholder":"Pincode"},{"$i":"cp-message-received","$v":"Configuratiebericht ontvangen"},{"$i":"cp-container-title","$v":"OTA-toegangspuntconfiguratie"},{"$i":"cp-accept-help","$v":"Configuratiebericht ontvangen, tik op “Gereed” om door te gaan."},{"$i":"cp-accept-help-pin","$v":"De pincode hoort aan u te zijn verstrekt door degene die u het configuratiebericht heeft gestuurd."},{"$i":"cp-quit-app-confirm-dialog-message","$v":"Het bericht is nog niet verwerkt, wilt u echt afsluiten?"},{"$i":"cp-install-configuration-confirm-dialog-message","$v":"Uw provider biedt u configuratiegegevens aan. Wilt u deze installeren?"},{"$i":"cp-auth-failure","$v":"Pincode is onjuist."},{"$i":"cp-finish-confirm-dialog-message-apn-saved","$v":"APN(’s) opgeslagen."},{"$i":"cp-finish-confirm-dialog-message-invalid-doc","$v":"Het configuratiebericht dat u hebt ontvangen kon niet tegen uw simkaart worden geverifieerd, dus het kan niet worden gebruikt om uw apparaat te configureren."},{"$i":"cp-finish-confirm-dialog-message-auth-error","$v":"Er is een fout opgetreden bij het verifiëren van de verzender van het bericht."},{"$i":"cp-finish-confirm-dialog-message-auth-unsupported-mechanism","$v":"Het verificatiemechanisme wordt nog niet ondersteund."},{"$i":"cp-finish-confirm-dialog-message-no-apns","$v":"Het configuratiebericht dat u hebt ontvangen bevat geen geldige APN’s."}]