[{"$i":"wap-push-message","$v":"WAP ਪੁਸ਼ ਸੁਨੇਹਾ"},{"$i":"close","$v":"ਬੰਦ ਕਰੋ"},{"$i":"accept","$v":"ਮਨਜ਼ੂਰ"},{"$i":"quit","$v":"ਬੰਦ ਕਰੋ"},{"$i":"cancel","$v":"ਰੱਦ ਕਰੋ"},{"$i":"try-again","$v":"ਫੇਰ ਕੋਸ਼ਿਸ਼"},{"$i":"finish","$v":"ਮੁਕੰਮਲ"},{"$i":"sim","$v":["ਸਿਮ ",{"t":"idOrVar","v":"id"}]},{"$i":"next","$v":"Next"},{"$i":"done","$v":"Done"},{"$i":"dsds-notification-title-with-sim","$v":["(",{"t":"idOrVar","v":"sim"},") ",{"t":"idOrVar","v":"title"}]},{"$i":"this-message-has-expired","$v":"ਇਹ ਸੁਨੇਹੇ ਦੀ ਮਿਆਦ ਪੁੱਗੀ"},{"$i":"cp-pin","placeholder":"ਪਿੰਨ"},{"$i":"cp-message-received","$v":"ਸੰਰਚਨਾ ਸੁਨੇਹਾ ਮਿਲਿਆ"},{"$i":"cp-container-title","$v":"OTA ਅਸੈਸ ਪੁਆਇੰਟ ਸੰਰਚਨਾ"},{"$i":"cp-accept-help","$v":"ਸੰਰਚਨਾ ਸੁਨੇਹਾ ਮਿਲਿਆ, ਜਾਰੀ ਰੱਖਣ ਲਈ “ਮਨਜ਼ੂਰ” ਉੱਤੇ ਕਲਿੱਕ ਕਰੋ।"},{"$i":"cp-accept-help-pin","$v":"ਤੁਹਾਨੂੰ ਪਿੰਨ ਕੋਡ ਉਸ ਵਲੋਂ ਦਿੱਤਾ ਜਾਣਾ ਚਾਹੀਦਾ ਹੈ, ਜਿਸ ਨੇ ਵੀ ਸੰਰਚਨਾ ਸੁਨੇਹਾ ਭੇਜਿਆ ਹੈ।"},{"$i":"cp-quit-app-confirm-dialog-message","$v":"ਸੁਨੇਹੇ ਉੱਤੇ ਹਾਲੇ ਕਾਰਵਾਈ ਨਹੀਂ ਹੋਈ ਹੈ, ਕੀ ਤੁਸੀਂ ਬੰਦ ਕਰਨਾ ਚਾਹੁੰਦੇ ਹੋ?"},{"$i":"cp-install-configuration-confirm-dialog-message","$v":"Your carrier is sharing configuration information with you. Do you want to install it?"},{"$i":"cp-auth-failure","$v":"PIN is not correct."},{"$i":"cp-finish-confirm-dialog-message-apn-saved","$v":"APN(s) saved."},{"$i":"cp-finish-confirm-dialog-message-invalid-doc","$v":"ਤੁਹਾਨੂੰ ਪ੍ਰਾਪਤ ਸੰਰਚਨਾ ਸੁਨੇਹੇ ਦੀ ਪਰਮਾਣਕਿਤਾ ਤੁਹਾਡੇ ਸਿਮ ਕਾਰਡ ਲਈ ਕੀਤੀ ਨਹੀਂ ਜਾ ਸਕੀ, ਇਸਕਰਕੇ ਤੁਹਾਡੇ ਯੰਤਰ ਲਈ ਸੰਰਚਨਾ ਵਰਤੀ ਨਹੀਂ ਜਾ ਸਕਦੀ ਹੈ।"},{"$i":"cp-finish-confirm-dialog-message-auth-error","$v":"ਸੁਨੇਹਾ ਭੇਜਣ ਵਾਲੇ ਦੀ ਪਰਮਾਣਿਕਤਾ ਕਰਨ ਦੌਰਾਨ ਗਲਤੀ ਆਈ ਹੈ।"},{"$i":"cp-finish-confirm-dialog-message-auth-unsupported-mechanism","$v":"ਪਰਮਾਣਕਿਤਾ ਢੰਗ ਹਾਲੇ ਸਹਾਇਕ ਨਹੀਂ ਹੈ।"},{"$i":"cp-finish-confirm-dialog-message-no-apns","$v":"ਤੁਹਾਡੇ ਵਲੋਂ ਪ੍ਰਾਪਤ ਸੰਰਚਨਾ ਸੁਨੇਹਾ ਠੀਕ APN ਨਹੀਂ ਹੈ।"}]