[{"$i":"wap-push-message","$v":"Wiadomość WAP Push"},{"$i":"close","$v":"Zamknij"},{"$i":"accept","$v":"Zaakceptuj"},{"$i":"quit","$v":"Wyjdź"},{"$i":"cancel","$v":"Anuluj"},{"$i":"try-again","$v":"Spróbuj ponownie"},{"$i":"finish","$v":"Zakończ"},{"$i":"sim","$v":["SIM ",{"t":"idOrVar","v":"id"}]},{"$i":"next","$v":"Dalej"},{"$i":"done","$v":"Gotowe"},{"$i":"dsds-notification-title-with-sim","$v":[{"t":"idOrVar","v":"title"}," (",{"t":"idOrVar","v":"sim"},")"]},{"$i":"this-message-has-expired","$v":"Przedawniona wiadomość"},{"$i":"cp-pin","placeholder":"PIN"},{"$i":"cp-message-received","$v":"Odebrano wiadmość konfiguracyjną"},{"$i":"cp-container-title","$v":"Konfiguracja punktu dostępu"},{"$i":"cp-accept-help","$v":"Otrzymano wiadmość konfiguracyjną. Wybierz „Gotowe”, aby kontynuować."},{"$i":"cp-accept-help-pin","$v":"Kod PIN powinien zostać dostarczony przez wysyłającego wiadomość konfiguracyjną."},{"$i":"cp-quit-app-confirm-dialog-message","$v":"Wiadomość nie została jeszcze przetworzona - na pewno wyjść?"},{"$i":"cp-install-configuration-confirm-dialog-message","$v":"Operator udostępnia informacje konfiguracyjne APN-u - wprowadzić je?"},{"$i":"cp-auth-failure","$v":"Kod PIN jest nieprawidłowy."},{"$i":"cp-finish-confirm-dialog-message-apn-saved","$v":"Zapisano punkty dostępu."},{"$i":"cp-finish-confirm-dialog-message-invalid-doc","$v":"Otrzymana wiadomość konfuguracyjna nie może zostać uwierzytelniona dla tej karty SIM i nie może zostać wykorzystana do skonfigurowania urządzenia."},{"$i":"cp-finish-confirm-dialog-message-auth-error","$v":"Wystąpił błąd podczas uwierzytelniania wysyłającego wiadomość."},{"$i":"cp-finish-confirm-dialog-message-auth-unsupported-mechanism","$v":"Mechanizm uwierzytelniania nie jest jeszcze obsługiwany."},{"$i":"cp-finish-confirm-dialog-message-no-apns","$v":"Otrzymana wiadomość konfiguracyjna nie zawiera prawidłowych nazw punktów dostępu."}]