[{"$i":"wap-push-message","$v":"Mensagens WAP Push"},{"$i":"close","$v":"Fechar"},{"$i":"accept","$v":"Aceitar"},{"$i":"quit","$v":"Sair"},{"$i":"cancel","$v":"Cancelar"},{"$i":"try-again","$v":"Tentar novamente"},{"$i":"finish","$v":"Concluir"},{"$i":"sim","$v":["SIM ",{"t":"idOrVar","v":"id"}]},{"$i":"next","$v":"Próximo"},{"$i":"done","$v":"Concluído"},{"$i":"dsds-notification-title-with-sim","$v":["(",{"t":"idOrVar","v":"sim"},") ",{"t":"idOrVar","v":"title"}]},{"$i":"this-message-has-expired","$v":"Essa mensagem expirou"},{"$i":"cp-pin","placeholder":"PIN"},{"$i":"cp-message-received","$v":"Mensagem de configuração recebida"},{"$i":"cp-container-title","$v":"Configuração do ponto de acesso OTA"},{"$i":"cp-accept-help","$v":"Mensagem de configuração recebida, toque em 'Aceitar' para continuar."},{"$i":"cp-accept-help-pin","$v":"O PIN deve ser informado pelo remetente da mensagem de configuração."},{"$i":"cp-quit-app-confirm-dialog-message","$v":"A mensagem ainda não foi processada, você realmente deseja sair?"},{"$i":"cp-install-configuration-confirm-dialog-message","$v":"Sua operadora está compartilhando informações de configuração com você. Deseja instalar?"},{"$i":"cp-auth-failure","$v":"PIN incorreto."},{"$i":"cp-finish-confirm-dialog-message-apn-saved","$v":"APN(s) salva(s)."},{"$i":"cp-finish-confirm-dialog-message-invalid-doc","$v":"A mensagem de configuração que você recebeu não pode ser autenticada com seu cartão SIM, e por isso não pode ser usada para configurar seu dispositivo."},{"$i":"cp-finish-confirm-dialog-message-auth-error","$v":"Houve um erro ao autenticar o remetente da mensagem."},{"$i":"cp-finish-confirm-dialog-message-auth-unsupported-mechanism","$v":"O mecanismo de autenticação ainda não é suportado."},{"$i":"cp-finish-confirm-dialog-message-no-apns","$v":"A mensagem de configuração não inclui nenhum APN válido."}]