[{"$i":"wap-push-message","$v":"Mesaj push WAP"},{"$i":"close","$v":"Închide"},{"$i":"accept","$v":"Acceptă"},{"$i":"quit","$v":"Ieși"},{"$i":"cancel","$v":"Renunță"},{"$i":"try-again","$v":"Încearcă din nou"},{"$i":"finish","$v":"Finalizează"},{"$i":"sim","$v":["SIM ",{"t":"idOrVar","v":"id"}]},{"$i":"next","$v":"Next"},{"$i":"done","$v":"Gata"},{"$i":"dsds-notification-title-with-sim","$v":["(",{"t":"idOrVar","v":"sim"},") ",{"t":"idOrVar","v":"title"}]},{"$i":"this-message-has-expired","$v":"Acest mesaj a expirat"},{"$i":"cp-pin","placeholder":"Cod PIN"},{"$i":"cp-message-received","$v":"Mesaj de configurare primit"},{"$i":"cp-container-title","$v":"Configurarea punctului de acces OTA"},{"$i":"cp-accept-help","$v":"Mesaj de configurare primit, apasă pe „Gata” pentru a continua."},{"$i":"cp-accept-help-pin","$v":"Codul PIN ar trebui să fi fost furnizat de către cine ți-a trimis mesajul de configurare."},{"$i":"cp-quit-app-confirm-dialog-message","$v":"Mesajul nu a fost procesat încă, sigur dorești să ieși?"},{"$i":"cp-install-configuration-confirm-dialog-message","$v":"Your carrier is sharing configuration information with you. Do you want to install it?"},{"$i":"cp-auth-failure","$v":"PIN is not correct."},{"$i":"cp-finish-confirm-dialog-message-apn-saved","$v":"APN(s) saved."},{"$i":"cp-finish-confirm-dialog-message-invalid-doc","$v":"Mesajul de configurare primit nu a putut fi autentificat folosind cartela SIM, așadar nu poate fi folosit pentru a configura dispozitivul."},{"$i":"cp-finish-confirm-dialog-message-auth-error","$v":"A apărut o eroare la autentificarea expeditorului mesajului."},{"$i":"cp-finish-confirm-dialog-message-auth-unsupported-mechanism","$v":"Mecanismul de autentificare nu este suportat încă."},{"$i":"cp-finish-confirm-dialog-message-no-apns","$v":"Mesajul de configurare pe care l-ai primit nu are APN-uri valide."}]