[{"$i":"wap-push-message","$v":"Сообщение WAP Push"},{"$i":"close","$v":"Закрыть"},{"$i":"accept","$v":"Принять"},{"$i":"quit","$v":"Выход"},{"$i":"cancel","$v":"Отмена"},{"$i":"try-again","$v":"Попробовать снова"},{"$i":"finish","$v":"Готово"},{"$i":"sim","$v":["SIM ",{"t":"idOrVar","v":"id"}]},{"$i":"next","$v":"Следующее"},{"$i":"done","$v":"Готово"},{"$i":"dsds-notification-title-with-sim","$v":["(",{"t":"idOrVar","v":"sim"},") ",{"t":"idOrVar","v":"title"}]},{"$i":"this-message-has-expired","$v":"Это сообщение истекло"},{"$i":"cp-pin","placeholder":"PIN"},{"$i":"cp-message-received","$v":"Получено сообщение с конфигурацией"},{"$i":"cp-container-title","$v":"Конфигурация точки доступа OTA"},{"$i":"cp-accept-help","$v":"Получено сообщение с конфигурацией, нажмите на “Готово” для продолжения."},{"$i":"cp-accept-help-pin","$v":"PIN-код должен быть предоставлен вам тем, кто послал вам сообщение с конфигурацией."},{"$i":"cp-quit-app-confirm-dialog-message","$v":"Сообщение ещё не было обработано, вы действительно хотите выйти?"},{"$i":"cp-install-configuration-confirm-dialog-message","$v":"Ваш оператор поделился с вами информацией о конфигурации. Вы хотите её установить?"},{"$i":"cp-auth-failure","$v":"PIN-код является неверным."},{"$i":"cp-finish-confirm-dialog-message-apn-saved","$v":"APN(s) сохранена."},{"$i":"cp-finish-confirm-dialog-message-invalid-doc","$v":"Полученное вами сообщение с конфигурацией, не могло быть аутентифицировано с вашей SIM-картой, поэтому не могло быть использовано для настройки вашего устройства."},{"$i":"cp-finish-confirm-dialog-message-auth-error","$v":"При аутентификации отправителя сообщения произошла ошибка."},{"$i":"cp-finish-confirm-dialog-message-auth-unsupported-mechanism","$v":"Механизм аутентификации пока не поддерживается."},{"$i":"cp-finish-confirm-dialog-message-no-apns","$v":"Полученное вами сообщение с конфигурацией не содержит корректных APN."}]