[{"$i":"wap-push-message","$v":"Správa WAP Push"},{"$i":"close","$v":"Zavrieť"},{"$i":"accept","$v":"Prijať"},{"$i":"quit","$v":"Koniec"},{"$i":"cancel","$v":"Zrušiť"},{"$i":"try-again","$v":"Skúsiť znova"},{"$i":"finish","$v":"Dokončiť"},{"$i":"sim","$v":["SIM",{"t":"idOrVar","v":"id"}]},{"$i":"next","$v":"Ďalej"},{"$i":"done","$v":"Hotovo"},{"$i":"dsds-notification-title-with-sim","$v":["(",{"t":"idOrVar","v":"sim"},") ",{"t":"idOrVar","v":"title"}]},{"$i":"this-message-has-expired","$v":"Platnosť tejto správy vypršala"},{"$i":"cp-pin","placeholder":"PIN"},{"$i":"cp-message-received","$v":"Prijatá konfiguračná správa"},{"$i":"cp-container-title","$v":"Nastavenie prístupového bodu OTA"},{"$i":"cp-accept-help","$v":"Prijatá konfiguračná správa, pokračujte kliknutím na tlačidlo 'Prijať'."},{"$i":"cp-accept-help-pin","$v":"Kód PIN vám musí poskytnúť odosielateľ konfiguračnej správy"},{"$i":"cp-quit-app-confirm-dialog-message","$v":"Správa ešte nebola spracovaná, naozaj chcete skončiť?"},{"$i":"cp-install-configuration-confirm-dialog-message","$v":"Váš operátor vám poskytol konfiguračné údaje. Pokračovať v inštalácii?"},{"$i":"cp-auth-failure","$v":"Kód PIN je neplatný."},{"$i":"cp-finish-confirm-dialog-message-apn-saved","$v":"APN uložené."},{"$i":"cp-finish-confirm-dialog-message-invalid-doc","$v":"Prijatá konfiguračná správa nemohla byť overená vašou kartou SIM, takže nemôže byť použitá na nastavenie Vášho zariadenia."},{"$i":"cp-finish-confirm-dialog-message-auth-error","$v":"Počas overenia odosielateľa tejto správy sa vyskytla chyba."},{"$i":"cp-finish-confirm-dialog-message-auth-unsupported-mechanism","$v":"Mechanizmus overenia nie je ešte podporovaný."},{"$i":"cp-finish-confirm-dialog-message-no-apns","$v":"Prijatá konfiguračná správa neobsahuje žiadne platné body APN."}]