[{"$i":"wap-push-message","$v":"Mesazh WAP Push"},{"$i":"close","$v":"Mbylle"},{"$i":"accept","$v":"Pranoje"},{"$i":"quit","$v":"Dilni"},{"$i":"cancel","$v":"Anuloje"},{"$i":"try-again","$v":"Riprovo"},{"$i":"finish","$v":"Përfundoje"},{"$i":"sim","$v":["SIM ",{"t":"idOrVar","v":"id"}]},{"$i":"next","$v":"Pasuesi"},{"$i":"done","$v":"U bë"},{"$i":"dsds-notification-title-with-sim","$v":["(",{"t":"idOrVar","v":"sim"},") ",{"t":"idOrVar","v":"title"}]},{"$i":"this-message-has-expired","$v":"Ky mesazh ka skaduar"},{"$i":"cp-pin","placeholder":"PIN"},{"$i":"cp-message-received","$v":"U mor mesazh formësimi"},{"$i":"cp-container-title","$v":"Formësim Pike Aksesi OTA"},{"$i":"cp-accept-help","$v":"U mor mesazh formësimi, prekni “U bë” që të vazhdohet."},{"$i":"cp-accept-help-pin","$v":"Kodi PIN do t’ju jetë dhënë nga cilido që ju dërgoi mesazhin e formësimit."},{"$i":"cp-quit-app-confirm-dialog-message","$v":"Mesazhi nuk është përpunuar ende, doni të dilni vërtet?"},{"$i":"cp-install-configuration-confirm-dialog-message","$v":"Operatori juaj po ndan me ju të dhëna formësimi. Doni të instalohet?"},{"$i":"cp-auth-failure","$v":"PIN-i nuk është i saktë."},{"$i":"cp-finish-confirm-dialog-message-apn-saved","$v":"APN-të u ruajtën."},{"$i":"cp-finish-confirm-dialog-message-invalid-doc","$v":"Mesazhi i formësimit që morët nuk u mirëfilltësua dot kundrejt kartës suaj SIM, ndaj nuk mund të përdoret për të formësuar pajisjen tuaj."},{"$i":"cp-finish-confirm-dialog-message-auth-error","$v":"Pati një gabim gjatë mirëfilltësimit të dërguesit të mesazhit."},{"$i":"cp-finish-confirm-dialog-message-auth-unsupported-mechanism","$v":"Mekanizmi i mirëfilltësimit nuk mbulohet ende."},{"$i":"cp-finish-confirm-dialog-message-no-apns","$v":"Mesazhi i formësimit që morët nuk ka APN të vlefshme."}]