[{"$i":"wap-push-message","$v":"WAP Push порука"},{"$i":"close","$v":"Затвори"},{"$i":"accept","$v":"Прихвати"},{"$i":"quit","$v":"Изађи"},{"$i":"cancel","$v":"Откажи"},{"$i":"try-again","$v":"Покушај"},{"$i":"finish","$v":"Заврши"},{"$i":"sim","$v":["SIM ",{"t":"idOrVar","v":"id"}]},{"$i":"next","$v":"Следеће"},{"$i":"done","$v":"Готово"},{"$i":"dsds-notification-title-with-sim","$v":["(",{"t":"idOrVar","v":"sim"},") ",{"t":"idOrVar","v":"title"}]},{"$i":"this-message-has-expired","$v":"Ова порука је истекла"},{"$i":"cp-pin","placeholder":"PIN"},{"$i":"cp-message-received","$v":"Примљена је порука са поставкама"},{"$i":"cp-container-title","$v":"Поставке OTA AP"},{"$i":"cp-accept-help","$v":"Порука са поставкама је примљена, притисните “Готово” да бисте наставили."},{"$i":"cp-accept-help-pin","$v":"PIN шифра Вам је требала бити обезбеђена од стране оног ко Вам је послао поруку са поставкама."},{"$i":"cp-quit-app-confirm-dialog-message","$v":"Порука још није обрађена, да ли стварно желите да одустанете?"},{"$i":"cp-install-configuration-confirm-dialog-message","$v":"Ваш оператер дели конфигурационе информације са Вама. Да ли желите да их инсталирате?"},{"$i":"cp-auth-failure","$v":"PIN је нетачан."},{"$i":"cp-finish-confirm-dialog-message-apn-saved","$v":"APN сачуван."},{"$i":"cp-finish-confirm-dialog-message-invalid-doc","$v":"Порука са поставкама коју сте примили се није могла аутентификовати од стране Ваше SIM картице, па се не може користити за подешавање Вашег уређаја."},{"$i":"cp-finish-confirm-dialog-message-auth-error","$v":"Дошло је до грешке током аутентификације пошиљаоца поруке."},{"$i":"cp-finish-confirm-dialog-message-auth-unsupported-mechanism","$v":"Механизам аутентификације још није подржан."},{"$i":"cp-finish-confirm-dialog-message-no-apns","$v":"Порука са поставкама коју сте примили не садржи исправне APN-ове."}]