[{"$i":"wap-push-message","$v":"WAP Push poruka"},{"$i":"close","$v":"Zatvori"},{"$i":"accept","$v":"Prihvati"},{"$i":"quit","$v":"Izađi"},{"$i":"cancel","$v":"Otkaži"},{"$i":"try-again","$v":"Pokušaj"},{"$i":"finish","$v":"Završi"},{"$i":"sim","$v":["SIM ",{"t":"idOrVar","v":"id"}]},{"$i":"next","$v":"Sledeće"},{"$i":"done","$v":"Gotovo"},{"$i":"dsds-notification-title-with-sim","$v":["(",{"t":"idOrVar","v":"sim"},") ",{"t":"idOrVar","v":"title"}]},{"$i":"this-message-has-expired","$v":"Ova poruka je istekla"},{"$i":"cp-pin","placeholder":"PIN"},{"$i":"cp-message-received","$v":"Primljena je poruka sa postavkama"},{"$i":"cp-container-title","$v":"Postavke OTA AP"},{"$i":"cp-accept-help","$v":"Poruka sa postavkama je primljena, pritisnite “Gotovo” da biste nastavili."},{"$i":"cp-accept-help-pin","$v":"PIN šifra Vam je trebala biti obezbeđena od strane onog ko Vam je poslao poruku sa postavkama."},{"$i":"cp-quit-app-confirm-dialog-message","$v":"Poruka još nije obrađena, da li stvarno želite da odustanete?"},{"$i":"cp-install-configuration-confirm-dialog-message","$v":"Vaš operater deli konfiguracione informacije sa Vama. Da li želite da ih instalirate?"},{"$i":"cp-auth-failure","$v":"PIN je netačan."},{"$i":"cp-finish-confirm-dialog-message-apn-saved","$v":"APN sačuvan."},{"$i":"cp-finish-confirm-dialog-message-invalid-doc","$v":"Poruka sa postavkama koju ste primili se nije mogla autentifikovati od strane Vaše SIM kartice, pa se ne može koristiti za podešavanje Vašeg uređaja."},{"$i":"cp-finish-confirm-dialog-message-auth-error","$v":"Došlo je do greške tokom autentifikacije pošiljaoca poruke."},{"$i":"cp-finish-confirm-dialog-message-auth-unsupported-mechanism","$v":"Mehanizam autentifikacije još nije podržan."},{"$i":"cp-finish-confirm-dialog-message-no-apns","$v":"Poruka sa postavkama koju ste primili ne sadrži ispravne APN-ove."}]