[{"$i":"wap-push-message","$v":"WAP-pushmeddelande"},{"$i":"close","$v":"Stäng"},{"$i":"accept","$v":"Acceptera"},{"$i":"quit","$v":"Avsluta"},{"$i":"cancel","$v":"Avbryt"},{"$i":"try-again","$v":"Försök igen"},{"$i":"finish","$v":"Slutför"},{"$i":"sim","$v":["SIM ",{"t":"idOrVar","v":"id"}]},{"$i":"next","$v":"Nästa"},{"$i":"done","$v":"Klar"},{"$i":"dsds-notification-title-with-sim","$v":["(",{"t":"idOrVar","v":"sim"},") ",{"t":"idOrVar","v":"title"}]},{"$i":"this-message-has-expired","$v":"Meddelandet har upphört"},{"$i":"cp-pin","placeholder":"PIN"},{"$i":"cp-message-received","$v":"Konfigurationsmeddelande mottaget"},{"$i":"cp-container-title","$v":"OTA åtkomstpunktskonfiguration"},{"$i":"cp-accept-help","$v":"Konfigurationsmeddelande mottaget, klicka på “Klar” för att fortsätta."},{"$i":"cp-accept-help-pin","$v":"PIN-koden ska ha försetts av de som skicka konfigurationsmeddelandet till dig."},{"$i":"cp-quit-app-confirm-dialog-message","$v":"Meddelandet har inte behandlats än, vill du verkligen avsluta?"},{"$i":"cp-install-configuration-confirm-dialog-message","$v":"Din operatör delar med sig av konfigurationsinformation. Vill du installera den?"},{"$i":"cp-auth-failure","$v":"PIN-koden är felaktig."},{"$i":"cp-finish-confirm-dialog-message-apn-saved","$v":"APN sparad."},{"$i":"cp-finish-confirm-dialog-message-invalid-doc","$v":"Konfigurationsmeddelande du fick kunde inte verifieras mot ditt SIM-kort, så det kan inte användas för att konfigurera enheten."},{"$i":"cp-finish-confirm-dialog-message-auth-error","$v":"Det fanns ett fel under autentisering av meddelandets avsändare."},{"$i":"cp-finish-confirm-dialog-message-auth-unsupported-mechanism","$v":"Autentiseringsmekanismen stöds inte än."},{"$i":"cp-finish-confirm-dialog-message-no-apns","$v":"Konfigurationsmeddelande som du fått har inga giltiga APN:er."}]