[{"$i":"wap-push-message","$v":"WAP Push mesajı"},{"$i":"close","$v":"Kapat"},{"$i":"accept","$v":"Kabul et"},{"$i":"quit","$v":"Çık"},{"$i":"cancel","$v":"İptal"},{"$i":"try-again","$v":"Yeniden dene"},{"$i":"finish","$v":"Bitir"},{"$i":"sim","$v":["SIM ",{"t":"idOrVar","v":"id"}]},{"$i":"next","$v":"İleri"},{"$i":"done","$v":"Bitti"},{"$i":"dsds-notification-title-with-sim","$v":["(",{"t":"idOrVar","v":"sim"},") ",{"t":"idOrVar","v":"title"}]},{"$i":"this-message-has-expired","$v":"Bu mesaj zaman aşımına uğramıştır"},{"$i":"cp-pin","placeholder":"PIN"},{"$i":"cp-message-received","$v":"Yapılandırma mesajı alındı"},{"$i":"cp-container-title","$v":"OTA erişim noktası yapılandırması"},{"$i":"cp-accept-help","$v":"Yapılandırma mesajı alındı. Devam etmek için “Bitti”ye dokunun."},{"$i":"cp-accept-help-pin","$v":"PIN kodu, size yapılandırma mesajını gönderen firma tarafından verilmiş olmalıdır."},{"$i":"cp-quit-app-confirm-dialog-message","$v":"Mesaj henüz işlenmedi. Çıkmak istediğinizden emin misiniz?"},{"$i":"cp-install-configuration-confirm-dialog-message","$v":"Şebekeniz sizinle bir yapılandırma bilgisi paylaşıyor. Yüklemek ister misiniz?"},{"$i":"cp-auth-failure","$v":"PIN yanlış."},{"$i":"cp-finish-confirm-dialog-message-apn-saved","$v":"APN(ler) kaydedildi."},{"$i":"cp-finish-confirm-dialog-message-invalid-doc","$v":"Aldığınız yapılandırma mesajı SIM kartınız tarafından doğrulanamadı, o yüzden cihazınızı yapılandırmak için kullanılamıyor."},{"$i":"cp-finish-confirm-dialog-message-auth-error","$v":"Mesajı gönderen doğrulanırken bir hata oluştu."},{"$i":"cp-finish-confirm-dialog-message-auth-unsupported-mechanism","$v":"Doğrulama mekanizması henüz desteklenmiyor."},{"$i":"cp-finish-confirm-dialog-message-no-apns","$v":"Aldığınız yapılandırma mesajı geçerli bir APN içermiyor."}]