[{"$i":"wap-push-message","$v":"WAP 推送信息"},{"$i":"close","$v":"关闭"},{"$i":"accept","$v":"接受"},{"$i":"quit","$v":"退出"},{"$i":"cancel","$v":"取消"},{"$i":"try-again","$v":"重试"},{"$i":"finish","$v":"结束"},{"$i":"sim","$v":["SIM ",{"t":"idOrVar","v":"id"}]},{"$i":"next","$v":"下一步"},{"$i":"done","$v":"完成"},{"$i":"dsds-notification-title-with-sim","$v":["(",{"t":"idOrVar","v":"sim"},") ",{"t":"idOrVar","v":"title"}]},{"$i":"this-message-has-expired","$v":"此消息已过期"},{"$i":"cp-pin","placeholder":"PIN"},{"$i":"cp-message-received","$v":"收到配置信息"},{"$i":"cp-container-title","$v":"OTA 接入点配置"},{"$i":"cp-accept-help","$v":"Configuration message received, tap on “Done” to continue."},{"$i":"cp-accept-help-pin","$v":"PIN 码应该已经由给您发送配置信息的人提供给您了。"},{"$i":"cp-quit-app-confirm-dialog-message","$v":"该消息尚未处理，你确定要退出吗？"},{"$i":"cp-install-configuration-confirm-dialog-message","$v":"您的运营商与您共享了配置信息。您要安装它吗？"},{"$i":"cp-auth-failure","$v":"PIN 码不正确。"},{"$i":"cp-finish-confirm-dialog-message-apn-saved","$v":"APN 已保存。"},{"$i":"cp-finish-confirm-dialog-message-invalid-doc","$v":"SIM 卡无法验证收到的配置信息，因此不能用于配置您的设备。"},{"$i":"cp-finish-confirm-dialog-message-auth-error","$v":"验证短信的发送者时遇到一个错误。"},{"$i":"cp-finish-confirm-dialog-message-auth-unsupported-mechanism","$v":"尚不支持的身份验证机制。"},{"$i":"cp-finish-confirm-dialog-message-no-apns","$v":"您收到的配置消息不具有有效的接入点名称（APN）。"}]