[{"$i":"wap-push-message","$v":"WAP 推播訊息"},{"$i":"close","$v":"關閉"},{"$i":"accept","$v":"接受"},{"$i":"quit","$v":"離開"},{"$i":"cancel","$v":"取消"},{"$i":"try-again","$v":"重試"},{"$i":"finish","$v":"完成"},{"$i":"sim","$v":["SIM ",{"t":"idOrVar","v":"id"}]},{"$i":"next","$v":"下一頁"},{"$i":"done","$v":"完成"},{"$i":"dsds-notification-title-with-sim","$v":["(",{"t":"idOrVar","v":"sim"},") ",{"t":"idOrVar","v":"title"}]},{"$i":"this-message-has-expired","$v":"此訊息已過期"},{"$i":"cp-pin","placeholder":"PIN"},{"$i":"cp-message-received","$v":"已接收設定訊息"},{"$i":"cp-container-title","$v":"OTA 存取點設定"},{"$i":"cp-accept-help","$v":"收到設定簡訊，點擊「完成」繼續。"},{"$i":"cp-accept-help-pin","$v":"傳送設定簡訊給您的人應該已經提供 PIN 碼給您了。"},{"$i":"cp-quit-app-confirm-dialog-message","$v":"並未處理該簡訊，您真的要離開嗎？"},{"$i":"cp-install-configuration-confirm-dialog-message","$v":"您的電信業者正與您分享設定資訊，您想要安裝該設定嗎？"},{"$i":"cp-auth-failure","$v":"PIN 碼不正確。"},{"$i":"cp-finish-confirm-dialog-message-apn-saved","$v":"已儲存 APN。"},{"$i":"cp-finish-confirm-dialog-message-invalid-doc","$v":"無法使用您的 SIM 卡驗證您收到的設定簡訊，故該簡訊無法用來設定您的裝置。"},{"$i":"cp-finish-confirm-dialog-message-auth-error","$v":"驗證簡訊寄件者時發生錯誤。"},{"$i":"cp-finish-confirm-dialog-message-auth-unsupported-mechanism","$v":"未支援該驗證機制。"},{"$i":"cp-finish-confirm-dialog-message-no-apns","$v":"您收到的設定簡訊當中並未包含有效的 APN。"}]