[{"$i":"gaia-grid-stop-download-title","$v":["Ukončení ",{"t":"idOrVar","v":"name"}]},{"$i":"gaia-grid-stop-download-body","$v":"Chcete ukončit probíhající stahování?"},{"$i":"gaia-grid-stop-download-action","$v":"Ukončit"},{"$i":"gaia-grid-resume-download-title","$v":"Obnovení stahování"},{"$i":"gaia-grid-resume-download-body","$v":["Chcete stáhnout aplikaci ",{"t":"idOrVar","v":"name"},"?"]},{"$i":"gaia-grid-resume-download-action","$v":"Stáhnout"},{"$i":"gaia-grid-cancel","$v":"Zrušit"},{"$i":"gaia-grid-toggle-collapsed","ariaLabel":"Expand group"},{"$i":"gaia-grid-toggle-expanded","ariaLabel":"Collapse group"},{"$i":"gaia-grid-enter-group-name","$v":"Zadejte jméno skupiny"},{"$i":"collection-categoryId-22","$v":"Knihy"},{"$i":"collection-categoryId-142","$v":"Hudba"},{"$i":"collection-categoryId-181","$v":"Filmy"},{"$i":"collection-categoryId-194","$v":"Internet"},{"$i":"collection-categoryId-207","$v":"Hry"},{"$i":"collection-categoryId-211","$v":"Video"},{"$i":"collection-categoryId-213","$v":"TV"},{"$i":"collection-categoryId-220","$v":"Restaurace"},{"$i":"collection-categoryId-225","$v":"Celebrity"},{"$i":"collection-categoryId-238","$v":"Nákupy"},{"$i":"collection-categoryId-242","$v":"Obrázky"},{"$i":"collection-categoryId-244","$v":"Technika"},{"$i":"collection-categoryId-245","$v":"Novinky"},{"$i":"collection-categoryId-248","$v":"E-mail"},{"$i":"collection-categoryId-249","$v":"Počasí"},{"$i":"collection-categoryId-256","$v":"Kultura"},{"$i":"collection-categoryId-260","$v":"Sporty"},{"$i":"collection-categoryId-270","$v":"Recepty"},{"$i":"collection-categoryId-271","$v":"Reference"},{"$i":"collection-categoryId-272","$v":"Turističtí průvodci"},{"$i":"collection-categoryId-274","$v":"Práce"},{"$i":"collection-categoryId-275","$v":"Zdraví"},{"$i":"collection-categoryId-277","$v":"Zábava"},{"$i":"collection-categoryId-279","$v":"Vzdělávání"},{"$i":"collection-categoryId-282","$v":"Móda"},{"$i":"collection-categoryId-286","$v":"Elektronika"},{"$i":"collection-categoryId-288","$v":"Auta"},{"$i":"collection-categoryId-289","$v":"Sociální sítě"},{"$i":"collection-categoryId-291","$v":"Videohry"},{"$i":"collection-categoryId-292","$v":"Denní nabídky"},{"$i":"collection-categoryId-294","$v":"Osobní komunikace"},{"$i":"collection-categoryId-296","$v":"Mé okolí"},{"$i":"collection-categoryId-297","$v":"Astrologie"},{"$i":"collection-categoryId-302","$v":"Děti"},{"$i":"collection-categoryId-303","$v":"Finanční služby"},{"$i":"collection-categoryId-306","$v":"Cestování"},{"$i":"collection-categoryId-316","$v":"Hotely"},{"$i":"collection-categoryId-320","$v":"Randění"},{"$i":"collection-categoryId-321","$v":"Finanční novinky"},{"$i":"collection-categoryId-325","$v":"Baseball"},{"$i":"collection-categoryId-338","$v":"Inzerce"},{"$i":"collection-categoryId-347","$v":"Dítě"},{"$i":"collection-categoryId-349","$v":"Fotografie"},{"$i":"collection-categoryId-356","$v":"Krása"},{"$i":"collection-categoryId-357","$v":"Nástroje"},{"$i":"collection-categoryId-360","$v":"Produktivita"},{"$i":"collection-categoryId-365","$v":"Komiks"},{"$i":"collection-categoryId-366","$v":"Životní styl"},{"$i":"collection-categoryId-368","$v":"Personalizace"},{"$i":"collection-categoryId-372","$v":"Doprava"},{"$i":"collection-categoryId-373","$v":"Telekomunikace"},{"$i":"collection-categoryId-376","$v":"Zábava"},{"$i":"collection-categoryId-377","$v":"Fotbal"},{"$i":"collection-categoryId-381","$v":"Náboženství"},{"$i":"collection-categoryId-382","$v":"Zdraví"},{"$i":"collection-categoryId-387","$v":"Venkovní aktivity"},{"$i":"collection-categoryId-399","$v":"Udělej si sám"},{"$i":"collection-categoryId-449","$v":"Jsem znuděn(a)"},{"$i":"collection-categoryId-462","$v":"Telenovely"},{"$i":"collection-categoryId-463","$v":"Politika"},{"$i":"collection-categoryId-473","$v":"Kriket"},{"$i":"collection-categoryId-491","$v":"Světový šampionát"},{"$i":"collection-categoryId-501","$v":"Brazilské aplikace"},{"$i":"collection-categoryId-504","$v":"Bollywood"},{"$i":"collection-categoryId-505","$v":"Jídlo a pití"},{"$i":"collection-categoryId-507","$v":"Cestování a místní"},{"$i":"collection-categoryId-510","$v":"Technika a věda"},{"$i":"collection-categoryId-511","$v":"Média a video"},{"$i":"collection-categoryId-512","$v":"Zdraví a fitness"},{"$i":"collection-categoryId-513","$v":"Obchod"},{"$i":"collection-categoryId-520","$v":"Cyklistika"},{"$i":"collection-categoryId-521","$v":"Surfování"},{"$i":"loading","$v":"Načítání"},{"$i":"cancel","$v":"Zrušit"},{"$i":"custom","$v":"Vlastní"},{"$i":"network-error-message","$v":"Pokud chcete přidat další chytré sbírky, musíte se připojit k Internetu"},{"$i":"no-available-collections","$v":"All smart collections have been added."},{"$i":"add-to-top-of-collection","$v":"Přidat na vrchol sbírky"},{"$i":"add-to-home-screen","$v":"Přidat na domovskou obrazovku"},{"$i":"offline-webresults","$v":["Pokud chcete získat aplikace pro sbírku ",{"t":"idOrVar","v":"collectionName"},", musíte se připojit k Internetu."]},{"$i":"edit-mode","$v":"Úprava"},{"$i":"edit-done","$v":"Hotovo"},{"$i":"delete-generic-title","$v":"Delete Collection"},{"$i":"delete-generic-body","$v":"This collection and all of its data will be deleted."},{"$i":"delete","$v":"Smazat"},{"$i":"edit-collection-header","$v":"Úprava sbírku"},{"$i":"done","$v":"Hotovo"},{"$i":"gaia-menu-cancel","$v":"Zrušit"}]