[{"$i":"gaia-grid-stop-download-title","$v":["Stop ",{"t":"idOrVar","v":"name"}]},{"$i":"gaia-grid-stop-download-body","$v":"Vil du stoppe den igangværende filhentning?"},{"$i":"gaia-grid-stop-download-action","$v":"Stop"},{"$i":"gaia-grid-resume-download-title","$v":"Genstart filhentning"},{"$i":"gaia-grid-resume-download-body","$v":["Vil du hente ",{"t":"idOrVar","v":"name"},"?"]},{"$i":"gaia-grid-resume-download-action","$v":"Hent"},{"$i":"gaia-grid-cancel","$v":"Annuller"},{"$i":"gaia-grid-toggle-collapsed","ariaLabel":"Udvid gruppe"},{"$i":"gaia-grid-toggle-expanded","ariaLabel":"Sammenfold gruppe"},{"$i":"gaia-grid-enter-group-name","$v":"Angiv et gruppenavn"},{"$i":"collection-categoryId-22","$v":"Bøger"},{"$i":"collection-categoryId-142","$v":"Musik"},{"$i":"collection-categoryId-181","$v":"Film"},{"$i":"collection-categoryId-194","$v":"Internet"},{"$i":"collection-categoryId-207","$v":"Spil"},{"$i":"collection-categoryId-211","$v":"Video"},{"$i":"collection-categoryId-213","$v":"TV"},{"$i":"collection-categoryId-220","$v":"Restauranter"},{"$i":"collection-categoryId-225","$v":"Kendte"},{"$i":"collection-categoryId-238","$v":"Indkøb"},{"$i":"collection-categoryId-242","$v":"Billeder"},{"$i":"collection-categoryId-244","$v":"Teknologi"},{"$i":"collection-categoryId-245","$v":"Nyheder"},{"$i":"collection-categoryId-248","$v":"Mail"},{"$i":"collection-categoryId-249","$v":"Vejr"},{"$i":"collection-categoryId-256","$v":"Kultur"},{"$i":"collection-categoryId-260","$v":"Sport"},{"$i":"collection-categoryId-270","$v":"Opskrifter"},{"$i":"collection-categoryId-271","$v":"Opslagsværker"},{"$i":"collection-categoryId-272","$v":"Rejse-guider"},{"$i":"collection-categoryId-274","$v":"Jobs"},{"$i":"collection-categoryId-275","$v":"Medicin"},{"$i":"collection-categoryId-277","$v":"Sjovt"},{"$i":"collection-categoryId-279","$v":"Uddannelse"},{"$i":"collection-categoryId-282","$v":"Mode"},{"$i":"collection-categoryId-286","$v":"Elektronik"},{"$i":"collection-categoryId-288","$v":"Biler"},{"$i":"collection-categoryId-289","$v":"Sociale"},{"$i":"collection-categoryId-291","$v":"Videospil"},{"$i":"collection-categoryId-292","$v":"Daglige tilbud"},{"$i":"collection-categoryId-294","$v":"Personlig kommunikation"},{"$i":"collection-categoryId-296","$v":"I nærheden"},{"$i":"collection-categoryId-297","$v":"Astrologi"},{"$i":"collection-categoryId-302","$v":"Børn"},{"$i":"collection-categoryId-303","$v":"Financielle ydelser"},{"$i":"collection-categoryId-306","$v":"Rejse"},{"$i":"collection-categoryId-316","$v":"Hoteller"},{"$i":"collection-categoryId-320","$v":"Dating"},{"$i":"collection-categoryId-321","$v":"Financielle nyheder"},{"$i":"collection-categoryId-325","$v":"Baseball"},{"$i":"collection-categoryId-338","$v":"Personlige annoncer"},{"$i":"collection-categoryId-347","$v":"Baby"},{"$i":"collection-categoryId-349","$v":"Fotografi"},{"$i":"collection-categoryId-356","$v":"Skønhed"},{"$i":"collection-categoryId-357","$v":"Hjælpeprogrammer"},{"$i":"collection-categoryId-360","$v":"Produktivitet"},{"$i":"collection-categoryId-365","$v":"Tegneserier"},{"$i":"collection-categoryId-366","$v":"Livsstil"},{"$i":"collection-categoryId-368","$v":"Personlig tilpasning"},{"$i":"collection-categoryId-372","$v":"Transport"},{"$i":"collection-categoryId-373","$v":"Telekommunikation"},{"$i":"collection-categoryId-376","$v":"Underholdning"},{"$i":"collection-categoryId-377","$v":"Fodbold"},{"$i":"collection-categoryId-381","$v":"Religion"},{"$i":"collection-categoryId-382","$v":"Fitness"},{"$i":"collection-categoryId-387","$v":"Udendørs aktiviteter"},{"$i":"collection-categoryId-399","$v":"Gør-det-selv"},{"$i":"collection-categoryId-449","$v":"Jeg keder mig"},{"$i":"collection-categoryId-462","$v":"Telenovelas"},{"$i":"collection-categoryId-463","$v":"Politik"},{"$i":"collection-categoryId-473","$v":"Cricket"},{"$i":"collection-categoryId-491","$v":"World Cup"},{"$i":"collection-categoryId-501","$v":"Brasilianske apps"},{"$i":"collection-categoryId-504","$v":"Bollywood"},{"$i":"collection-categoryId-505","$v":"Mad & drikke"},{"$i":"collection-categoryId-507","$v":"Rejser & lokalt"},{"$i":"collection-categoryId-510","$v":"Teknologi & videnskab"},{"$i":"collection-categoryId-511","$v":"Medier & video"},{"$i":"collection-categoryId-512","$v":"Sundhed & fitness"},{"$i":"collection-categoryId-513","$v":"Business"},{"$i":"collection-categoryId-520","$v":"Cykling"},{"$i":"collection-categoryId-521","$v":"Surf"},{"$i":"loading","$v":"Indlæser"},{"$i":"cancel","$v":"Annuller"},{"$i":"custom","$v":"Tilpas"},{"$i":"network-error-message","$v":"Forbind til internettet for at tilføje flere smarte samlinger"},{"$i":"no-available-collections","$v":"Alle smarte samlinger er blevet tilføjet."},{"$i":"add-to-top-of-collection","$v":"Føj til toppen af samling"},{"$i":"add-to-home-screen","$v":"Føj til startskærm"},{"$i":"offline-webresults","$v":["Forbind til internettet for at hente apps til ",{"t":"idOrVar","v":"collectionName"}]},{"$i":"edit-mode","$v":"Rediger"},{"$i":"edit-done","$v":"Færdig"},{"$i":"delete-generic-title","$v":"Slet smart samling"},{"$i":"delete-generic-body","$v":"Denne smarte samling og alle dens data vil blive slettet"},{"$i":"delete","$v":"Slet"},{"$i":"edit-collection-header","$v":"Rediger samling"},{"$i":"done","$v":"Færdig"},{"$i":"gaia-menu-cancel","$v":"Annuller"}]