[{"$i":"gaia-grid-stop-download-title","$v":[{"t":"idOrVar","v":"name"}," anhalten"]},{"$i":"gaia-grid-stop-download-body","$v":"Soll der laufende Download angehalten werden?"},{"$i":"gaia-grid-stop-download-action","$v":"Anhalten"},{"$i":"gaia-grid-resume-download-title","$v":"Download neu starten"},{"$i":"gaia-grid-resume-download-body","$v":["Soll ",{"t":"idOrVar","v":"name"}," heruntergeladen werden?"]},{"$i":"gaia-grid-resume-download-action","$v":"Herunterladen"},{"$i":"gaia-grid-cancel","$v":"Abbrechen"},{"$i":"gaia-grid-toggle-collapsed","ariaLabel":"Expand group"},{"$i":"gaia-grid-toggle-expanded","ariaLabel":"Collapse group"},{"$i":"gaia-grid-enter-group-name","$v":"Gruppennamen eingeben"},{"$i":"collection-categoryId-22","$v":"Bücher"},{"$i":"collection-categoryId-142","$v":"Musik"},{"$i":"collection-categoryId-181","$v":"Filme"},{"$i":"collection-categoryId-194","$v":"Internet"},{"$i":"collection-categoryId-207","$v":"Spiele"},{"$i":"collection-categoryId-211","$v":"Videos"},{"$i":"collection-categoryId-213","$v":"Fernsehen"},{"$i":"collection-categoryId-220","$v":"Restaurants"},{"$i":"collection-categoryId-225","$v":"Boulevard"},{"$i":"collection-categoryId-238","$v":"Einkaufen"},{"$i":"collection-categoryId-242","$v":"Bilder"},{"$i":"collection-categoryId-244","$v":"Technik"},{"$i":"collection-categoryId-245","$v":"Nachrichten"},{"$i":"collection-categoryId-248","$v":"E-Mail"},{"$i":"collection-categoryId-249","$v":"Wetter"},{"$i":"collection-categoryId-256","$v":"Kultur"},{"$i":"collection-categoryId-260","$v":"Sport"},{"$i":"collection-categoryId-270","$v":"Rezepte"},{"$i":"collection-categoryId-271","$v":"Bedienungsanleitungen"},{"$i":"collection-categoryId-272","$v":"Reiseführer"},{"$i":"collection-categoryId-274","$v":"Jobs"},{"$i":"collection-categoryId-275","$v":"Medizin"},{"$i":"collection-categoryId-277","$v":"Spaß"},{"$i":"collection-categoryId-279","$v":"Bildung"},{"$i":"collection-categoryId-282","$v":"Mode"},{"$i":"collection-categoryId-286","$v":"Elektronik"},{"$i":"collection-categoryId-288","$v":"Autos"},{"$i":"collection-categoryId-289","$v":"Sozial"},{"$i":"collection-categoryId-291","$v":"Videospiele"},{"$i":"collection-categoryId-292","$v":"Tägliche Angebote"},{"$i":"collection-categoryId-294","$v":"Persönliche Kommunikation"},{"$i":"collection-categoryId-296","$v":"In meiner Nähe"},{"$i":"collection-categoryId-297","$v":"Astrologie"},{"$i":"collection-categoryId-302","$v":"Kinder"},{"$i":"collection-categoryId-303","$v":"Finanzdienstleistungen"},{"$i":"collection-categoryId-306","$v":"Reise"},{"$i":"collection-categoryId-316","$v":"Hotels"},{"$i":"collection-categoryId-320","$v":"Dating"},{"$i":"collection-categoryId-321","$v":"Finanznachrichten"},{"$i":"collection-categoryId-325","$v":"Baseball"},{"$i":"collection-categoryId-338","$v":"Kleinanzeigen"},{"$i":"collection-categoryId-347","$v":"Baby"},{"$i":"collection-categoryId-349","$v":"Fotografie"},{"$i":"collection-categoryId-356","$v":"Beauty"},{"$i":"collection-categoryId-357","$v":"Werkzeuge"},{"$i":"collection-categoryId-360","$v":"Produktivität"},{"$i":"collection-categoryId-365","$v":"Comics"},{"$i":"collection-categoryId-366","$v":"Lifestyle"},{"$i":"collection-categoryId-368","$v":"Personalisierung"},{"$i":"collection-categoryId-372","$v":"Verkehr"},{"$i":"collection-categoryId-373","$v":"Telekommunikation"},{"$i":"collection-categoryId-376","$v":"Unterhaltung"},{"$i":"collection-categoryId-377","$v":"Fußball"},{"$i":"collection-categoryId-381","$v":"Religion"},{"$i":"collection-categoryId-382","$v":"Fitness"},{"$i":"collection-categoryId-387","$v":"Draußen aktiv"},{"$i":"collection-categoryId-399","$v":"Heimwerken"},{"$i":"collection-categoryId-449","$v":"Mir ist langweilig"},{"$i":"collection-categoryId-462","$v":"Telenovelas"},{"$i":"collection-categoryId-463","$v":"Politik"},{"$i":"collection-categoryId-473","$v":"Cricket"},{"$i":"collection-categoryId-491","$v":"Weltmeisterschaft"},{"$i":"collection-categoryId-501","$v":"Brasilianische Apps"},{"$i":"collection-categoryId-504","$v":"Bollywood"},{"$i":"collection-categoryId-505","$v":"Essen & Trinken"},{"$i":"collection-categoryId-507","$v":"Reise & In der Nähe"},{"$i":"collection-categoryId-510","$v":"Technik & Wissenschaft"},{"$i":"collection-categoryId-511","$v":"Medien & Video"},{"$i":"collection-categoryId-512","$v":"Gesundheit & Fitness"},{"$i":"collection-categoryId-513","$v":"Geschäftlich"},{"$i":"collection-categoryId-520","$v":"Radfahren"},{"$i":"collection-categoryId-521","$v":"Surfen"},{"$i":"loading","$v":"Wird geladen…"},{"$i":"cancel","$v":"Abbrechen"},{"$i":"custom","$v":"Eigene"},{"$i":"network-error-message","$v":"Verbinden Sie mit dem Internet, um mehr Intelligente Sammlungen zu erhalten."},{"$i":"no-available-collections","$v":"Alle Intelligenten Sammlungen wurden hinzugefügt."},{"$i":"add-to-top-of-collection","$v":"An Anfang der Sammlung verschieben"},{"$i":"add-to-home-screen","$v":"Zum Startbildschirm hinzufügen"},{"$i":"offline-webresults","$v":["Stellen Sie eine Internetverbindung her, um Apps für \"",{"t":"idOrVar","v":"collectionName"},"\" zu erhalten."]},{"$i":"edit-mode","$v":"Bearbeiten"},{"$i":"edit-done","$v":"Fertig"},{"$i":"delete-generic-title","$v":"Sammlung löschen"},{"$i":"delete-generic-body","$v":"Diese Sammlung und ihre Daten werden gelöscht."},{"$i":"delete","$v":"Löschen"},{"$i":"edit-collection-header","$v":"Sammlung bearbeiten"},{"$i":"done","$v":"Fertig"},{"$i":"gaia-menu-cancel","$v":"Abbrechen"}]