[{"$i":"gaia-grid-stop-download-title","$v":["Gelditu ",{"t":"idOrVar","v":"name"}]},{"$i":"gaia-grid-stop-download-body","$v":"Uneko deskarga gelditu nahi duzu?"},{"$i":"gaia-grid-stop-download-action","$v":"Gelditu"},{"$i":"gaia-grid-resume-download-title","$v":"Berrabiarazi deskarga"},{"$i":"gaia-grid-resume-download-body","$v":[{"t":"idOrVar","v":"name"}," deskargatu nahi duzu?"]},{"$i":"gaia-grid-resume-download-action","$v":"Deskargatu"},{"$i":"gaia-grid-cancel","$v":"Utzi"},{"$i":"gaia-grid-toggle-collapsed","ariaLabel":"Expand group"},{"$i":"gaia-grid-toggle-expanded","ariaLabel":"Collapse group"},{"$i":"gaia-grid-enter-group-name","$v":"Sartu taldearen izena"},{"$i":"collection-categoryId-22","$v":"Liburuak"},{"$i":"collection-categoryId-142","$v":"Musika"},{"$i":"collection-categoryId-181","$v":"Filmak"},{"$i":"collection-categoryId-194","$v":"Internet"},{"$i":"collection-categoryId-207","$v":"Jokoak"},{"$i":"collection-categoryId-211","$v":"Bideoa"},{"$i":"collection-categoryId-213","$v":"Telebista"},{"$i":"collection-categoryId-220","$v":"Jatetxeak"},{"$i":"collection-categoryId-225","$v":"Ospetsuak"},{"$i":"collection-categoryId-238","$v":"Erosketak"},{"$i":"collection-categoryId-242","$v":"Irudiak"},{"$i":"collection-categoryId-244","$v":"Teknologia"},{"$i":"collection-categoryId-245","$v":"Albisteak"},{"$i":"collection-categoryId-248","$v":"Posta elektronikoa"},{"$i":"collection-categoryId-249","$v":"Eguraldia"},{"$i":"collection-categoryId-256","$v":"Kultura"},{"$i":"collection-categoryId-260","$v":"Kirolak"},{"$i":"collection-categoryId-270","$v":"Errezetak"},{"$i":"collection-categoryId-271","$v":"Erreferentzia"},{"$i":"collection-categoryId-272","$v":"Bidaia-gidak"},{"$i":"collection-categoryId-274","$v":"Lanpostuak"},{"$i":"collection-categoryId-275","$v":"Medikuntza"},{"$i":"collection-categoryId-277","$v":"Dibertigarria"},{"$i":"collection-categoryId-279","$v":"Ikasketak eta hezkuntza"},{"$i":"collection-categoryId-282","$v":"Moda"},{"$i":"collection-categoryId-286","$v":"Elektronika"},{"$i":"collection-categoryId-288","$v":"Autoak"},{"$i":"collection-categoryId-289","$v":"Soziala"},{"$i":"collection-categoryId-291","$v":"Bideo-jokoak"},{"$i":"collection-categoryId-292","$v":"Eguneko eskaintzak"},{"$i":"collection-categoryId-294","$v":"Komunikazio pertsonala"},{"$i":"collection-categoryId-296","$v":"Nire inguruan"},{"$i":"collection-categoryId-297","$v":"Astrologia"},{"$i":"collection-categoryId-302","$v":"Umeak"},{"$i":"collection-categoryId-303","$v":"Finantza-zerbitzuak"},{"$i":"collection-categoryId-306","$v":"Bidaiak"},{"$i":"collection-categoryId-316","$v":"Hotelak"},{"$i":"collection-categoryId-320","$v":"Zitak"},{"$i":"collection-categoryId-321","$v":"Albiste finantzeroak"},{"$i":"collection-categoryId-325","$v":"Beisbola"},{"$i":"collection-categoryId-338","$v":"Iragarkiak"},{"$i":"collection-categoryId-347","$v":"Haurra"},{"$i":"collection-categoryId-349","$v":"Argazkigintza"},{"$i":"collection-categoryId-356","$v":"Edertasuna"},{"$i":"collection-categoryId-357","$v":"Tresnak"},{"$i":"collection-categoryId-360","$v":"Produktibotasuna"},{"$i":"collection-categoryId-365","$v":"Komikiak"},{"$i":"collection-categoryId-366","$v":"Bizimodua"},{"$i":"collection-categoryId-368","$v":"Pertsonalizazioa"},{"$i":"collection-categoryId-372","$v":"Garraioa"},{"$i":"collection-categoryId-373","$v":"Telekomunikazioak"},{"$i":"collection-categoryId-376","$v":"Denbora-pasa"},{"$i":"collection-categoryId-377","$v":"Futbola"},{"$i":"collection-categoryId-381","$v":"Erlijioa"},{"$i":"collection-categoryId-382","$v":"Soinketa"},{"$i":"collection-categoryId-387","$v":"Aire zabaleko jarduerak"},{"$i":"collection-categoryId-399","$v":"Egizu zuk zeuk"},{"$i":"collection-categoryId-449","$v":"Oso aspertuta nago"},{"$i":"collection-categoryId-462","$v":"Telenobelak"},{"$i":"collection-categoryId-463","$v":"Politika"},{"$i":"collection-categoryId-473","$v":"Cricketa"},{"$i":"collection-categoryId-491","$v":"Munduko Kopa"},{"$i":"collection-categoryId-501","$v":"Aplikazio brasildarrak"},{"$i":"collection-categoryId-504","$v":"Bollywood"},{"$i":"collection-categoryId-505","$v":"Jan-edana"},{"$i":"collection-categoryId-507","$v":"Bidaiak eta tokian tokikoak"},{"$i":"collection-categoryId-510","$v":"Zientzia eta teknologia"},{"$i":"collection-categoryId-511","$v":"Multimedia eta bideoa"},{"$i":"collection-categoryId-512","$v":"Osasuna eta soinketa"},{"$i":"collection-categoryId-513","$v":"Negozioak"},{"$i":"collection-categoryId-520","$v":"Txirrindularitza"},{"$i":"collection-categoryId-521","$v":"Surfa"},{"$i":"loading","$v":"Kargatzen"},{"$i":"cancel","$v":"Utzi"},{"$i":"custom","$v":"Pertsonalizatua"},{"$i":"network-error-message","$v":"Konektatu Internetera bilduma dinamiko gehiago gehitzeko"},{"$i":"no-available-collections","$v":"Bilduma dinamiko guztiak gehitu dira."},{"$i":"add-to-top-of-collection","$v":"Gehitu bildumaren goian"},{"$i":"add-to-home-screen","$v":"Gehitu hasierako pantailari"},{"$i":"offline-webresults","$v":["Konektatu Internetera ",{"t":"idOrVar","v":"collectionName"}," bildumako aplikazioak eskuratzeko"]},{"$i":"edit-mode","$v":"Editatu"},{"$i":"edit-done","$v":"Eginda"},{"$i":"delete-generic-title","$v":"Ezabatu bilduma"},{"$i":"delete-generic-body","$v":"Bilduma hau eta haren datu guztiak ezabatuko dira."},{"$i":"delete","$v":"Ezabatu"},{"$i":"edit-collection-header","$v":"Editatu bilduma"},{"$i":"done","$v":"Eginda"},{"$i":"gaia-menu-cancel","$v":"Utzi"}]