[{"$i":"gaia-grid-stop-download-title","$v":["Deter ",{"t":"idOrVar","v":"name"}]},{"$i":"gaia-grid-stop-download-body","$v":"Quere deter a descarga en progreso?"},{"$i":"gaia-grid-stop-download-action","$v":"Deter"},{"$i":"gaia-grid-resume-download-title","$v":"Reiniciar a descarga"},{"$i":"gaia-grid-resume-download-body","$v":["Quere descargar ",{"t":"idOrVar","v":"name"},"?"]},{"$i":"gaia-grid-resume-download-action","$v":"Descargar"},{"$i":"gaia-grid-cancel","$v":"Cancelar"},{"$i":"gaia-grid-toggle-collapsed","ariaLabel":"Expand group"},{"$i":"gaia-grid-toggle-expanded","ariaLabel":"Collapse group"},{"$i":"gaia-grid-enter-group-name","$v":"Escriba un nome de grupo"},{"$i":"collection-categoryId-22","$v":"Libros"},{"$i":"collection-categoryId-142","$v":"Música"},{"$i":"collection-categoryId-181","$v":"Películas"},{"$i":"collection-categoryId-194","$v":"Internet"},{"$i":"collection-categoryId-207","$v":"Xogos"},{"$i":"collection-categoryId-211","$v":"Vídeo"},{"$i":"collection-categoryId-213","$v":"TV"},{"$i":"collection-categoryId-220","$v":"Restaurantes"},{"$i":"collection-categoryId-225","$v":"Famosos"},{"$i":"collection-categoryId-238","$v":"Compras"},{"$i":"collection-categoryId-242","$v":"Imaxes"},{"$i":"collection-categoryId-244","$v":"Tecnoloxía"},{"$i":"collection-categoryId-245","$v":"Noticias"},{"$i":"collection-categoryId-248","$v":"Correo"},{"$i":"collection-categoryId-249","$v":"Tempo"},{"$i":"collection-categoryId-256","$v":"Cultura"},{"$i":"collection-categoryId-260","$v":"Deportes"},{"$i":"collection-categoryId-270","$v":"Receitas"},{"$i":"collection-categoryId-271","$v":"Referencias"},{"$i":"collection-categoryId-272","$v":"Guías turísticas"},{"$i":"collection-categoryId-274","$v":"Traballo"},{"$i":"collection-categoryId-275","$v":"Medicina"},{"$i":"collection-categoryId-277","$v":"Diversión"},{"$i":"collection-categoryId-279","$v":"Cultura e educación"},{"$i":"collection-categoryId-282","$v":"Moda"},{"$i":"collection-categoryId-286","$v":"Electrónica"},{"$i":"collection-categoryId-288","$v":"Coches"},{"$i":"collection-categoryId-289","$v":"Social"},{"$i":"collection-categoryId-291","$v":"Videoxogos"},{"$i":"collection-categoryId-292","$v":"Ofertas"},{"$i":"collection-categoryId-294","$v":"Comunicación persoal"},{"$i":"collection-categoryId-296","$v":"Sobre min"},{"$i":"collection-categoryId-297","$v":"Astroloxía"},{"$i":"collection-categoryId-302","$v":"Nenos"},{"$i":"collection-categoryId-303","$v":"Servizos financeiros"},{"$i":"collection-categoryId-306","$v":"Viaxes"},{"$i":"collection-categoryId-316","$v":"Hoteis"},{"$i":"collection-categoryId-320","$v":"Citas"},{"$i":"collection-categoryId-321","$v":"Finanzas"},{"$i":"collection-categoryId-325","$v":"Baseball"},{"$i":"collection-categoryId-338","$v":"Anuncios"},{"$i":"collection-categoryId-347","$v":"Bebé"},{"$i":"collection-categoryId-349","$v":"Fotografía"},{"$i":"collection-categoryId-356","$v":"Beleza"},{"$i":"collection-categoryId-357","$v":"Utilidades"},{"$i":"collection-categoryId-360","$v":"Produtividade"},{"$i":"collection-categoryId-365","$v":"Cómics"},{"$i":"collection-categoryId-366","$v":"Estilo de vida"},{"$i":"collection-categoryId-368","$v":"Personalización"},{"$i":"collection-categoryId-372","$v":"Transportes"},{"$i":"collection-categoryId-373","$v":"Telecomunicacións"},{"$i":"collection-categoryId-376","$v":"Entretemento"},{"$i":"collection-categoryId-377","$v":"Fútbol"},{"$i":"collection-categoryId-381","$v":"Relixión"},{"$i":"collection-categoryId-382","$v":"Fitness"},{"$i":"collection-categoryId-387","$v":"Actividades ó aire libre"},{"$i":"collection-categoryId-399","$v":"Bricolaxe"},{"$i":"collection-categoryId-449","$v":"Estou aburrido"},{"$i":"collection-categoryId-462","$v":"Telenovelas"},{"$i":"collection-categoryId-463","$v":"Política"},{"$i":"collection-categoryId-473","$v":"Cricket"},{"$i":"collection-categoryId-491","$v":"Copa do mundo"},{"$i":"collection-categoryId-501","$v":"Aplicativos brasileiros"},{"$i":"collection-categoryId-504","$v":"Bollywood"},{"$i":"collection-categoryId-505","$v":"Comida e bebida"},{"$i":"collection-categoryId-507","$v":"Viaxes e local"},{"$i":"collection-categoryId-510","$v":"Tecnoloxía e ciencia"},{"$i":"collection-categoryId-511","$v":"Medios e vídeo"},{"$i":"collection-categoryId-512","$v":"Saúde e fitness"},{"$i":"collection-categoryId-513","$v":"Negocio"},{"$i":"collection-categoryId-520","$v":"Ciclismo"},{"$i":"collection-categoryId-521","$v":"Surf"},{"$i":"loading","$v":"Cargando"},{"$i":"cancel","$v":"Cancelar"},{"$i":"custom","$v":"Personalizar"},{"$i":"network-error-message","$v":"Conéctese á Internet para engadir máis coleccións intelixentes"},{"$i":"no-available-collections","$v":"All smart collections have been added."},{"$i":"add-to-top-of-collection","$v":"Engadir ao inicio da colección"},{"$i":"add-to-home-screen","$v":"Engadir á pantalla inicial"},{"$i":"offline-webresults","$v":["Conéctese á Internet para obter aplicativos para ",{"t":"idOrVar","v":"collectionName"}]},{"$i":"edit-mode","$v":"Editar"},{"$i":"edit-done","$v":"Feito"},{"$i":"delete-generic-title","$v":"Delete Collection"},{"$i":"delete-generic-body","$v":"This collection and all of its data will be deleted."},{"$i":"delete","$v":"Eliminar"},{"$i":"edit-collection-header","$v":"Editar a colección"},{"$i":"done","$v":"Feito"},{"$i":"gaia-menu-cancel","$v":"Cancelar"}]