[{"$i":"gaia-grid-stop-download-title","$v":[{"t":"idOrVar","v":"name"}," leállítása"]},{"$i":"gaia-grid-stop-download-body","$v":"Le szeretné állítani a folyamatban lévő letöltést?"},{"$i":"gaia-grid-stop-download-action","$v":"Leállítás"},{"$i":"gaia-grid-resume-download-title","$v":"Letöltés újraindítása"},{"$i":"gaia-grid-resume-download-body","$v":["Szeretné letölteni ezt: ",{"t":"idOrVar","v":"name"},"?"]},{"$i":"gaia-grid-resume-download-action","$v":"Letöltés"},{"$i":"gaia-grid-cancel","$v":"Mégse"},{"$i":"gaia-grid-toggle-collapsed","ariaLabel":"Expand group"},{"$i":"gaia-grid-toggle-expanded","ariaLabel":"Collapse group"},{"$i":"gaia-grid-enter-group-name","$v":"Enter a group name"},{"$i":"collection-categoryId-22","$v":"Könyv"},{"$i":"collection-categoryId-142","$v":"Zene"},{"$i":"collection-categoryId-181","$v":"Film"},{"$i":"collection-categoryId-194","$v":"Internet"},{"$i":"collection-categoryId-207","$v":"Játék"},{"$i":"collection-categoryId-211","$v":"Videó"},{"$i":"collection-categoryId-213","$v":"TV"},{"$i":"collection-categoryId-220","$v":"Étterem"},{"$i":"collection-categoryId-225","$v":"Celeb"},{"$i":"collection-categoryId-238","$v":"Vásárlás"},{"$i":"collection-categoryId-242","$v":"Képek"},{"$i":"collection-categoryId-244","$v":"Technológia"},{"$i":"collection-categoryId-245","$v":"Hírek"},{"$i":"collection-categoryId-248","$v":"E-mail"},{"$i":"collection-categoryId-249","$v":"Időjárás"},{"$i":"collection-categoryId-256","$v":"Kultúra"},{"$i":"collection-categoryId-260","$v":"Sport"},{"$i":"collection-categoryId-270","$v":"Recept"},{"$i":"collection-categoryId-271","$v":"Lexikon"},{"$i":"collection-categoryId-272","$v":"Útikalauz"},{"$i":"collection-categoryId-274","$v":"Állás"},{"$i":"collection-categoryId-275","$v":"Egészségügy"},{"$i":"collection-categoryId-277","$v":"Vicces"},{"$i":"collection-categoryId-279","$v":"Tanulás és oktatás"},{"$i":"collection-categoryId-282","$v":"Divat"},{"$i":"collection-categoryId-286","$v":"Elektronika"},{"$i":"collection-categoryId-288","$v":"Autó"},{"$i":"collection-categoryId-289","$v":"Közösség"},{"$i":"collection-categoryId-291","$v":"Videojátékok"},{"$i":"collection-categoryId-292","$v":"Kupon"},{"$i":"collection-categoryId-294","$v":"Személyes kapcsolattartás"},{"$i":"collection-categoryId-296","$v":"Körülöttem"},{"$i":"collection-categoryId-297","$v":"Asztrológia"},{"$i":"collection-categoryId-302","$v":"Gyerekek"},{"$i":"collection-categoryId-303","$v":"Pénzügyi szolgáltatások"},{"$i":"collection-categoryId-306","$v":"Utazás"},{"$i":"collection-categoryId-316","$v":"Szálloda"},{"$i":"collection-categoryId-320","$v":"Randizás"},{"$i":"collection-categoryId-321","$v":"Pénzügyi hírek"},{"$i":"collection-categoryId-325","$v":"Baseball"},{"$i":"collection-categoryId-338","$v":"Apróhirdetés"},{"$i":"collection-categoryId-347","$v":"Baba"},{"$i":"collection-categoryId-349","$v":"Fotók"},{"$i":"collection-categoryId-356","$v":"Szépség"},{"$i":"collection-categoryId-357","$v":"Eszközök"},{"$i":"collection-categoryId-360","$v":"Hasznos"},{"$i":"collection-categoryId-365","$v":"Képregény"},{"$i":"collection-categoryId-366","$v":"Életmód"},{"$i":"collection-categoryId-368","$v":"Testreszabás"},{"$i":"collection-categoryId-372","$v":"Tömegközlekedés"},{"$i":"collection-categoryId-373","$v":"Távközlés"},{"$i":"collection-categoryId-376","$v":"Szórakozás"},{"$i":"collection-categoryId-377","$v":"Futball"},{"$i":"collection-categoryId-381","$v":"Vallás"},{"$i":"collection-categoryId-382","$v":"Fitnesz"},{"$i":"collection-categoryId-387","$v":"Szabadtéri programok"},{"$i":"collection-categoryId-399","$v":"Csináld magad"},{"$i":"collection-categoryId-449","$v":"Unatkozom"},{"$i":"collection-categoryId-462","$v":"Szappanoperák"},{"$i":"collection-categoryId-463","$v":"Politika"},{"$i":"collection-categoryId-473","$v":"Krikett"},{"$i":"collection-categoryId-491","$v":"Világbajnokság"},{"$i":"collection-categoryId-501","$v":"Brazil appok"},{"$i":"collection-categoryId-504","$v":"Bollywood"},{"$i":"collection-categoryId-505","$v":"Ételek és italok"},{"$i":"collection-categoryId-507","$v":"Utazás és helyi"},{"$i":"collection-categoryId-510","$v":"Technológia és tudomány"},{"$i":"collection-categoryId-511","$v":"Média és videó"},{"$i":"collection-categoryId-512","$v":"Egészség és fitnesz"},{"$i":"collection-categoryId-513","$v":"Üzlet"},{"$i":"collection-categoryId-520","$v":"Kerékpározás"},{"$i":"collection-categoryId-521","$v":"Szörf"},{"$i":"loading","$v":"Betöltés"},{"$i":"cancel","$v":"Mégse"},{"$i":"custom","$v":"Egyéni"},{"$i":"network-error-message","$v":"Csatlakozzon az internetre több okos gyűjtemény felvételéhez"},{"$i":"no-available-collections","$v":"All smart collections have been added."},{"$i":"add-to-top-of-collection","$v":"Gyűjtemény tetejéhez adás"},{"$i":"add-to-home-screen","$v":"Kezdőképernyőre"},{"$i":"offline-webresults","$v":["Csatlakozzon az internetre további appok beszerzéséhez ",{"t":"idOrVar","v":"collectionName"}," témában"]},{"$i":"edit-mode","$v":"Szerkesztés"},{"$i":"edit-done","$v":"Kész"},{"$i":"delete-generic-title","$v":"Delete Collection"},{"$i":"delete-generic-body","$v":"This collection and all of its data will be deleted."},{"$i":"delete","$v":"Törlés"},{"$i":"edit-collection-header","$v":"Gyűjtemény szerkesztése"},{"$i":"done","$v":"Kész"},{"$i":"gaia-menu-cancel","$v":"Mégse"}]