[{"$i":"gaia-grid-stop-download-title","$v":[{"t":"idOrVar","v":"name"}," を中止"]},{"$i":"gaia-grid-stop-download-body","$v":"ダウンロードを中止してもよろしいですか？"},{"$i":"gaia-grid-stop-download-action","$v":"中止"},{"$i":"gaia-grid-resume-download-title","$v":"ダウンロード再開"},{"$i":"gaia-grid-resume-download-body","$v":[{"t":"idOrVar","v":"name"}," のダウンロードを再開しますか？"]},{"$i":"gaia-grid-resume-download-action","$v":"ダウンロード"},{"$i":"gaia-grid-cancel","$v":"キャンセル"},{"$i":"gaia-grid-toggle-collapsed","ariaLabel":"Expand group"},{"$i":"gaia-grid-toggle-expanded","ariaLabel":"Collapse group"},{"$i":"gaia-grid-enter-group-name","$v":"グループ名を入力してください"},{"$i":"collection-categoryId-22","$v":"書籍"},{"$i":"collection-categoryId-142","$v":"音楽"},{"$i":"collection-categoryId-181","$v":"映画"},{"$i":"collection-categoryId-194","$v":"インターネット"},{"$i":"collection-categoryId-207","$v":"ゲーム"},{"$i":"collection-categoryId-211","$v":"ビデオ"},{"$i":"collection-categoryId-213","$v":"テレビ"},{"$i":"collection-categoryId-220","$v":"レストラン"},{"$i":"collection-categoryId-225","$v":"有名人"},{"$i":"collection-categoryId-238","$v":"買い物"},{"$i":"collection-categoryId-242","$v":"画像"},{"$i":"collection-categoryId-244","$v":"技術"},{"$i":"collection-categoryId-245","$v":"ニュース"},{"$i":"collection-categoryId-248","$v":"メール"},{"$i":"collection-categoryId-249","$v":"天気"},{"$i":"collection-categoryId-256","$v":"文化"},{"$i":"collection-categoryId-260","$v":"スポーツ"},{"$i":"collection-categoryId-270","$v":"料理レシピ"},{"$i":"collection-categoryId-271","$v":"参考書"},{"$i":"collection-categoryId-272","$v":"旅行ガイド"},{"$i":"collection-categoryId-274","$v":"仕事"},{"$i":"collection-categoryId-275","$v":"医療"},{"$i":"collection-categoryId-277","$v":"愉快"},{"$i":"collection-categoryId-279","$v":"学習と教育"},{"$i":"collection-categoryId-282","$v":"ファッション"},{"$i":"collection-categoryId-286","$v":"電子機器"},{"$i":"collection-categoryId-288","$v":"自動車"},{"$i":"collection-categoryId-289","$v":"ソーシャル"},{"$i":"collection-categoryId-291","$v":"テレビゲーム"},{"$i":"collection-categoryId-292","$v":"お得情報"},{"$i":"collection-categoryId-294","$v":"パーソナル通信"},{"$i":"collection-categoryId-296","$v":"周辺情報"},{"$i":"collection-categoryId-297","$v":"占星術"},{"$i":"collection-categoryId-302","$v":"キッズ"},{"$i":"collection-categoryId-303","$v":"金融サービス"},{"$i":"collection-categoryId-306","$v":"旅行"},{"$i":"collection-categoryId-316","$v":"ホテル"},{"$i":"collection-categoryId-320","$v":"デート"},{"$i":"collection-categoryId-321","$v":"金融ニュース"},{"$i":"collection-categoryId-325","$v":"野球"},{"$i":"collection-categoryId-338","$v":"求人広告"},{"$i":"collection-categoryId-347","$v":"乳幼児"},{"$i":"collection-categoryId-349","$v":"写真"},{"$i":"collection-categoryId-356","$v":"美容"},{"$i":"collection-categoryId-357","$v":"ユーティリティ"},{"$i":"collection-categoryId-360","$v":"生産性"},{"$i":"collection-categoryId-365","$v":"コミック"},{"$i":"collection-categoryId-366","$v":"ライフスタイル"},{"$i":"collection-categoryId-368","$v":"パーソナライズ"},{"$i":"collection-categoryId-372","$v":"運送"},{"$i":"collection-categoryId-373","$v":"通信"},{"$i":"collection-categoryId-376","$v":"エンタテインメント"},{"$i":"collection-categoryId-377","$v":"サッカー"},{"$i":"collection-categoryId-381","$v":"宗教"},{"$i":"collection-categoryId-382","$v":"フィットネス"},{"$i":"collection-categoryId-387","$v":"アウトドア活動"},{"$i":"collection-categoryId-399","$v":"DIY"},{"$i":"collection-categoryId-449","$v":"退屈しのぎ"},{"$i":"collection-categoryId-462","$v":"テレビ小説"},{"$i":"collection-categoryId-463","$v":"政治"},{"$i":"collection-categoryId-473","$v":"クリケット"},{"$i":"collection-categoryId-491","$v":"ワールドカップ"},{"$i":"collection-categoryId-501","$v":"ブラジル向けアプリ"},{"$i":"collection-categoryId-504","$v":"インド映画"},{"$i":"collection-categoryId-505","$v":"飲食物"},{"$i":"collection-categoryId-507","$v":"旅行と地域"},{"$i":"collection-categoryId-510","$v":"技術と科学"},{"$i":"collection-categoryId-511","$v":"メディアと映像"},{"$i":"collection-categoryId-512","$v":"健康とフィットネス"},{"$i":"collection-categoryId-513","$v":"ビジネス"},{"$i":"collection-categoryId-520","$v":"自転車"},{"$i":"collection-categoryId-521","$v":"サーフィン"},{"$i":"loading","$v":"読み込み中"},{"$i":"cancel","$v":"キャンセル"},{"$i":"custom","$v":"カスタム"},{"$i":"network-error-message","$v":"スマートコレクションをさらに追加するにはインターネットに接続してください。"},{"$i":"no-available-collections","$v":"All smart collections have been added."},{"$i":"add-to-top-of-collection","$v":"コレクションの最上部に追加"},{"$i":"add-to-home-screen","$v":"ホーム画面に追加"},{"$i":"offline-webresults","$v":[{"t":"idOrVar","v":"collectionName"}," のアプリを入手するにはインターネットに接続してください。"]},{"$i":"edit-mode","$v":"編集"},{"$i":"edit-done","$v":"完了"},{"$i":"delete-generic-title","$v":"Delete Collection"},{"$i":"delete-generic-body","$v":"This collection and all of its data will be deleted."},{"$i":"delete","$v":"削除"},{"$i":"edit-collection-header","$v":"コレクション編集"},{"$i":"done","$v":"完了"},{"$i":"gaia-menu-cancel","$v":"キャンセル"}]