[{"$i":"gaia-grid-stop-download-title","$v":["បញ្ឈប់ ",{"t":"idOrVar","v":"name"}]},{"$i":"gaia-grid-stop-download-body","$v":"តើ​អ្នក​ចង់​បញ្ឈប់​កា​រ​ទាញយក​​ដែល​កំពុង​ដំណើរការ?"},{"$i":"gaia-grid-stop-download-action","$v":"បញ្ឈប់"},{"$i":"gaia-grid-resume-download-title","$v":"ចាប់ផ្ដើម​ទាញ​យក​​ឡើងវិញ"},{"$i":"gaia-grid-resume-download-body","$v":["តើ​អ្នក​ចង់​ទាញយក ",{"t":"idOrVar","v":"name"},"?"]},{"$i":"gaia-grid-resume-download-action","$v":"ទាញយក"},{"$i":"gaia-grid-cancel","$v":"បោះបង់"},{"$i":"gaia-grid-toggle-collapsed","ariaLabel":"Expand group"},{"$i":"gaia-grid-toggle-expanded","ariaLabel":"Collapse group"},{"$i":"gaia-grid-enter-group-name","$v":"Enter a group name"},{"$i":"collection-categoryId-22","$v":"សៀវភៅ"},{"$i":"collection-categoryId-142","$v":"តន្ត្រី"},{"$i":"collection-categoryId-181","$v":"ភាពយន្ត​"},{"$i":"collection-categoryId-194","$v":"អ៊ីនធឺណិត"},{"$i":"collection-categoryId-207","$v":"ល្បែង"},{"$i":"collection-categoryId-211","$v":"វីដេអូ"},{"$i":"collection-categoryId-213","$v":"ទូរទស្សន៍"},{"$i":"collection-categoryId-220","$v":"ភោជនីយដ្ឋាន"},{"$i":"collection-categoryId-225","$v":"Celebs"},{"$i":"collection-categoryId-238","$v":"ទិញ​ទំនិញ"},{"$i":"collection-categoryId-242","$v":"រូបភាព"},{"$i":"collection-categoryId-244","$v":"បច្ចេកវិទ្យា"},{"$i":"collection-categoryId-245","$v":"ព័ត៌មាន​"},{"$i":"collection-categoryId-248","$v":"អ៊ីមែល"},{"$i":"collection-categoryId-249","$v":"អាកាសធាតុ"},{"$i":"collection-categoryId-256","$v":"វប្បធម៌​"},{"$i":"collection-categoryId-260","$v":"កីឡា​"},{"$i":"collection-categoryId-270","$v":"រូបមន្ត​ធ្វើ​ម្ហូប"},{"$i":"collection-categoryId-271","$v":"សេចក្ដី​យោង​"},{"$i":"collection-categoryId-272","$v":"មគ្គុទ្ទេសក៍​ធ្វើ​ដំណើរ"},{"$i":"collection-categoryId-274","$v":"ការងារ"},{"$i":"collection-categoryId-275","$v":"វេជ្ជសាស្ត្រ"},{"$i":"collection-categoryId-277","$v":"រីករាយ"},{"$i":"collection-categoryId-279","$v":"ការ​សិក្សា & អប់រំ"},{"$i":"collection-categoryId-282","$v":"ម៉ូដ"},{"$i":"collection-categoryId-286","$v":"អេឡិចត្រូនិក"},{"$i":"collection-categoryId-288","$v":"ស្វ័យប្រវត្តិ"},{"$i":"collection-categoryId-289","$v":"សង្គម"},{"$i":"collection-categoryId-291","$v":"ហ្គេម​វីដេអូ"},{"$i":"collection-categoryId-292","$v":"ការចែកចាយ​ប្រចាំ​ថ្ងៃ"},{"$i":"collection-categoryId-294","$v":"ការ​ទាក់ទង​ផ្ទាល់​ខ្លួន"},{"$i":"collection-categoryId-296","$v":"ជុំវិញ​ខ្ញុំ"},{"$i":"collection-categoryId-297","$v":"ហោរាសាស្ត្រ"},{"$i":"collection-categoryId-302","$v":"ក្មេងៗ"},{"$i":"collection-categoryId-303","$v":"សេវា​កម្ម​ហិរញ្ញវត្ថុ"},{"$i":"collection-categoryId-306","$v":"ធ្វើ​ដំណើរ​"},{"$i":"collection-categoryId-316","$v":"សណ្ឋាគារ"},{"$i":"collection-categoryId-320","$v":"ការ​ណាត់ជួប"},{"$i":"collection-categoryId-321","$v":"ព័ត៌មាន​ហិរញ្ញវត្ថុ"},{"$i":"collection-categoryId-325","$v":"បាល់​អោប"},{"$i":"collection-categoryId-338","$v":"បាន​ចាត់​ជា​ថ្នាក់"},{"$i":"collection-categoryId-347","$v":"ទារក"},{"$i":"collection-categoryId-349","$v":"រូបថត"},{"$i":"collection-categoryId-356","$v":"សោភ័ណ្ឌភាព"},{"$i":"collection-categoryId-357","$v":"ឧបករណ៍​ប្រើ​ប្រាស់"},{"$i":"collection-categoryId-360","$v":"ផលិតភាព"},{"$i":"collection-categoryId-365","$v":"រូប​កំប្លែង​"},{"$i":"collection-categoryId-366","$v":"បែបផែន​ជីវិត​"},{"$i":"collection-categoryId-368","$v":"ផ្ទាល់​ខ្លួន"},{"$i":"collection-categoryId-372","$v":"ការ​ដឹក​ជញ្ជូន"},{"$i":"collection-categoryId-373","$v":"ទំនាក់ទំនង"},{"$i":"collection-categoryId-376","$v":"កំសាន្ត"},{"$i":"collection-categoryId-377","$v":"កីឡា​បាល់ទាត់"},{"$i":"collection-categoryId-381","$v":"សាសនា"},{"$i":"collection-categoryId-382","$v":"ភាពត្រឹមត្រូវ"},{"$i":"collection-categoryId-387","$v":"សកម្មភាព​ខាង​ក្រៅ"},{"$i":"collection-categoryId-399","$v":"DIY"},{"$i":"collection-categoryId-449","$v":"ខ្ញុំ​អផ្សុក​ណាស់"},{"$i":"collection-categoryId-462","$v":"Telenovelas"},{"$i":"collection-categoryId-463","$v":"នយោបាយ"},{"$i":"collection-categoryId-473","$v":"កីឡា​ក្រីឃីត"},{"$i":"collection-categoryId-491","$v":"ពានរង្វាន់​ពិភពលោក"},{"$i":"collection-categoryId-501","$v":"កម្មវិធី​ប្រេស៊ីល"},{"$i":"collection-categoryId-504","$v":"បូលីវូដ"},{"$i":"collection-categoryId-505","$v":"អាហារ & ភេសជ្ជៈ"},{"$i":"collection-categoryId-507","$v":"ការ​ធ្វើ​ដំណើរ & មូលដ្ឋាន"},{"$i":"collection-categoryId-510","$v":"បច្ចេកវិទ្យា & វិទ្យាសាស្ត្រ"},{"$i":"collection-categoryId-511","$v":"មេឌៀ & វីដេអូ"},{"$i":"collection-categoryId-512","$v":"សុខភាព & កាយសប្បទា"},{"$i":"collection-categoryId-513","$v":"ពាណិជ្ជកម្ម"},{"$i":"collection-categoryId-520","$v":"ការ​ជិះកង់"},{"$i":"collection-categoryId-521","$v":"ស្វែងរក"},{"$i":"loading","$v":"កំពុង​ផ្ទុក"},{"$i":"cancel","$v":"បោះបង់"},{"$i":"custom","$v":"ផ្ទាល់ខ្លួន"},{"$i":"network-error-message","$v":"ភ្ជាប់​អ៊ីនធឺណិត​ ដើម្បី​បន្ថែម​សម្រាំង​វៃ​ឆ្លាត​បន្ថែម"},{"$i":"no-available-collections","$v":"All smart collections have been added."},{"$i":"add-to-top-of-collection","$v":"បន្ថែម​សម្រាំង​ផ្នែក​ខាងលើ"},{"$i":"add-to-home-screen","$v":"បន្ថែម​ទៅ​អេក្រង់​ដើម"},{"$i":"offline-webresults","$v":["ភ្ជាប់​អ៊ីនធឺណិត​ដើម្បីទទួល​កម្មវិធី​សម្រាប់ ",{"t":"idOrVar","v":"collectionName"}]},{"$i":"edit-mode","$v":"កែសម្រួល​"},{"$i":"edit-done","$v":"ធ្វើ​រួច"},{"$i":"delete-generic-title","$v":"Delete Collection"},{"$i":"delete-generic-body","$v":"This collection and all of its data will be deleted."},{"$i":"delete","$v":"លុប"},{"$i":"edit-collection-header","$v":"កែ​ការ​ប្រមូលផ្ដុំ"},{"$i":"done","$v":"ធ្វើ​រួច"},{"$i":"gaia-menu-cancel","$v":"បោះបង់"}]