[{"$i":"gaia-grid-stop-download-title","$v":[{"t":"idOrVar","v":"name"}," 중지"]},{"$i":"gaia-grid-stop-download-body","$v":"진행중인 다운로드를 취소하시겠습니까?"},{"$i":"gaia-grid-stop-download-action","$v":"중지"},{"$i":"gaia-grid-resume-download-title","$v":"다운로드 재시작"},{"$i":"gaia-grid-resume-download-body","$v":[{"t":"idOrVar","v":"name"}," 항목을 다운로드 하시겠습니까?"]},{"$i":"gaia-grid-resume-download-action","$v":"다운로드"},{"$i":"gaia-grid-cancel","$v":"취소"},{"$i":"gaia-grid-toggle-collapsed","ariaLabel":"Expand group"},{"$i":"gaia-grid-toggle-expanded","ariaLabel":"Collapse group"},{"$i":"gaia-grid-enter-group-name","$v":"Enter a group name"},{"$i":"collection-categoryId-22","$v":"책"},{"$i":"collection-categoryId-142","$v":"음악"},{"$i":"collection-categoryId-181","$v":"영화"},{"$i":"collection-categoryId-194","$v":"인터넷"},{"$i":"collection-categoryId-207","$v":"게임"},{"$i":"collection-categoryId-211","$v":"동영상"},{"$i":"collection-categoryId-213","$v":"TV"},{"$i":"collection-categoryId-220","$v":"음식점"},{"$i":"collection-categoryId-225","$v":"연예"},{"$i":"collection-categoryId-238","$v":"쇼핑"},{"$i":"collection-categoryId-242","$v":"사진"},{"$i":"collection-categoryId-244","$v":"기술"},{"$i":"collection-categoryId-245","$v":"뉴스"},{"$i":"collection-categoryId-248","$v":"이메일"},{"$i":"collection-categoryId-249","$v":"날씨"},{"$i":"collection-categoryId-256","$v":"문화"},{"$i":"collection-categoryId-260","$v":"스포츠"},{"$i":"collection-categoryId-270","$v":"요리"},{"$i":"collection-categoryId-271","$v":"참고"},{"$i":"collection-categoryId-272","$v":"여행 가이드"},{"$i":"collection-categoryId-274","$v":"일자리"},{"$i":"collection-categoryId-275","$v":"의료"},{"$i":"collection-categoryId-277","$v":"유머"},{"$i":"collection-categoryId-279","$v":"교육"},{"$i":"collection-categoryId-282","$v":"패션"},{"$i":"collection-categoryId-286","$v":"전자기기"},{"$i":"collection-categoryId-288","$v":"자동차"},{"$i":"collection-categoryId-289","$v":"사회"},{"$i":"collection-categoryId-291","$v":"비디오 게임"},{"$i":"collection-categoryId-292","$v":"데일리 이벤트"},{"$i":"collection-categoryId-294","$v":"개인 의사소통"},{"$i":"collection-categoryId-296","$v":"내 주면"},{"$i":"collection-categoryId-297","$v":"운세"},{"$i":"collection-categoryId-302","$v":"어린이"},{"$i":"collection-categoryId-303","$v":"금융 서비스"},{"$i":"collection-categoryId-306","$v":"여행"},{"$i":"collection-categoryId-316","$v":"호텔"},{"$i":"collection-categoryId-320","$v":"데이트"},{"$i":"collection-categoryId-321","$v":"금융 뉴스"},{"$i":"collection-categoryId-325","$v":"야구"},{"$i":"collection-categoryId-338","$v":"광고"},{"$i":"collection-categoryId-347","$v":"육아"},{"$i":"collection-categoryId-349","$v":"사진"},{"$i":"collection-categoryId-356","$v":"미용"},{"$i":"collection-categoryId-357","$v":"유틸리티"},{"$i":"collection-categoryId-360","$v":"생산성"},{"$i":"collection-categoryId-365","$v":"만화"},{"$i":"collection-categoryId-366","$v":"라이프스타일"},{"$i":"collection-categoryId-368","$v":"개인화"},{"$i":"collection-categoryId-372","$v":"교통"},{"$i":"collection-categoryId-373","$v":"통신"},{"$i":"collection-categoryId-376","$v":"연예"},{"$i":"collection-categoryId-377","$v":"축구"},{"$i":"collection-categoryId-381","$v":"종교"},{"$i":"collection-categoryId-382","$v":"건강"},{"$i":"collection-categoryId-387","$v":"야외 활동"},{"$i":"collection-categoryId-399","$v":"DIY"},{"$i":"collection-categoryId-449","$v":"지루해"},{"$i":"collection-categoryId-462","$v":"연속극"},{"$i":"collection-categoryId-463","$v":"정치"},{"$i":"collection-categoryId-473","$v":"크리켓"},{"$i":"collection-categoryId-491","$v":"월드컵"},{"$i":"collection-categoryId-501","$v":"브라질 앱"},{"$i":"collection-categoryId-504","$v":"인도영화"},{"$i":"collection-categoryId-505","$v":"음식과 음료"},{"$i":"collection-categoryId-507","$v":"지역 여행"},{"$i":"collection-categoryId-510","$v":"기술과 과학"},{"$i":"collection-categoryId-511","$v":"미디어와 동영상"},{"$i":"collection-categoryId-512","$v":"건광과 운동"},{"$i":"collection-categoryId-513","$v":"사업"},{"$i":"collection-categoryId-520","$v":"자전거"},{"$i":"collection-categoryId-521","$v":"서핑"},{"$i":"loading","$v":"로딩"},{"$i":"cancel","$v":"취소"},{"$i":"custom","$v":"커스텀"},{"$i":"network-error-message","$v":"스마트 모음을 추가하기 위해 인터넷에 연결"},{"$i":"no-available-collections","$v":"All smart collections have been added."},{"$i":"add-to-top-of-collection","$v":"모음 상단에 추가"},{"$i":"add-to-home-screen","$v":"홈 스크린에 저장"},{"$i":"offline-webresults","$v":[{"t":"idOrVar","v":"collectionName"},"에 관한 앱을 받기 위해 인터넷에 연결"]},{"$i":"edit-mode","$v":"수정"},{"$i":"edit-done","$v":"완료"},{"$i":"delete-generic-title","$v":"Delete Collection"},{"$i":"delete-generic-body","$v":"This collection and all of its data will be deleted."},{"$i":"delete","$v":"삭제"},{"$i":"edit-collection-header","$v":"모음 수정"},{"$i":"done","$v":"완료"},{"$i":"gaia-menu-cancel","$v":"취소"}]