[{"$i":"gaia-grid-stop-download-title","$v":["Parsiuntimo „",{"t":"idOrVar","v":"name"},"“ nutraukimas"]},{"$i":"gaia-grid-stop-download-body","$v":"Ar norite nutraukti vykstantį parsiuntimą?ss?"},{"$i":"gaia-grid-stop-download-action","$v":"Nutraukti"},{"$i":"gaia-grid-resume-download-title","$v":"Parsiuntimo kartojimas"},{"$i":"gaia-grid-resume-download-body","$v":["Ar norite parsiųsti „",{"t":"idOrVar","v":"name"},"“?"]},{"$i":"gaia-grid-resume-download-action","$v":"Parsiųsti"},{"$i":"gaia-grid-cancel","$v":"Atsisakyti"},{"$i":"gaia-grid-toggle-collapsed","ariaLabel":"Expand group"},{"$i":"gaia-grid-toggle-expanded","ariaLabel":"Collapse group"},{"$i":"gaia-grid-enter-group-name","$v":"Enter a group name"},{"$i":"collection-categoryId-22","$v":"Knygos"},{"$i":"collection-categoryId-142","$v":"Muzika"},{"$i":"collection-categoryId-181","$v":"Filmai"},{"$i":"collection-categoryId-194","$v":"Internetas"},{"$i":"collection-categoryId-207","$v":"Žaidimai"},{"$i":"collection-categoryId-211","$v":"Video"},{"$i":"collection-categoryId-213","$v":"TV"},{"$i":"collection-categoryId-220","$v":"Restoranai"},{"$i":"collection-categoryId-225","$v":"Įžymybės"},{"$i":"collection-categoryId-238","$v":"Apsipirkimas"},{"$i":"collection-categoryId-242","$v":"Paveikslėliai"},{"$i":"collection-categoryId-244","$v":"Technologijos"},{"$i":"collection-categoryId-245","$v":"Naujienos"},{"$i":"collection-categoryId-248","$v":"El. paštas"},{"$i":"collection-categoryId-249","$v":"Orai"},{"$i":"collection-categoryId-256","$v":"Kultūra"},{"$i":"collection-categoryId-260","$v":"Sportas"},{"$i":"collection-categoryId-270","$v":"Receptai"},{"$i":"collection-categoryId-271","$v":"Žinynai"},{"$i":"collection-categoryId-272","$v":"Kelionių vadovai"},{"$i":"collection-categoryId-274","$v":"Darbo paieškos"},{"$i":"collection-categoryId-275","$v":"Medicina"},{"$i":"collection-categoryId-277","$v":"Linksmybės"},{"$i":"collection-categoryId-279","$v":"Mokymslas ir studijos"},{"$i":"collection-categoryId-282","$v":"Mada"},{"$i":"collection-categoryId-286","$v":"Elektronika"},{"$i":"collection-categoryId-288","$v":"Automobiliai"},{"$i":"collection-categoryId-289","$v":"Socialinės"},{"$i":"collection-categoryId-291","$v":"Video žaidimai"},{"$i":"collection-categoryId-292","$v":"Dienos akcijos"},{"$i":"collection-categoryId-294","$v":"Asmeninis bendravimas"},{"$i":"collection-categoryId-296","$v":"Aplink mane"},{"$i":"collection-categoryId-297","$v":"Astrologija"},{"$i":"collection-categoryId-302","$v":"Vaikai"},{"$i":"collection-categoryId-303","$v":"Finansinės paslaugos"},{"$i":"collection-categoryId-306","$v":"Kelionės"},{"$i":"collection-categoryId-316","$v":"Viešbučiai"},{"$i":"collection-categoryId-320","$v":"Pažintys"},{"$i":"collection-categoryId-321","$v":"Finansinės naujienos"},{"$i":"collection-categoryId-325","$v":"Beisbolas"},{"$i":"collection-categoryId-338","$v":"Skelbimai"},{"$i":"collection-categoryId-347","$v":"Kūdikiai"},{"$i":"collection-categoryId-349","$v":"Fotografija"},{"$i":"collection-categoryId-356","$v":"Grožis"},{"$i":"collection-categoryId-357","$v":"Priemonės"},{"$i":"collection-categoryId-360","$v":"Produktyvumas"},{"$i":"collection-categoryId-365","$v":"Komiksai"},{"$i":"collection-categoryId-366","$v":"Pomėgiai"},{"$i":"collection-categoryId-368","$v":"Individualizavimas"},{"$i":"collection-categoryId-372","$v":"Transportas"},{"$i":"collection-categoryId-373","$v":"Telekomunikacijos"},{"$i":"collection-categoryId-376","$v":"Pramogos"},{"$i":"collection-categoryId-377","$v":"Futbolas"},{"$i":"collection-categoryId-381","$v":"Religija"},{"$i":"collection-categoryId-382","$v":"Fitnesas"},{"$i":"collection-categoryId-387","$v":"Veikla gryname ore"},{"$i":"collection-categoryId-399","$v":"Pasidaryk pats"},{"$i":"collection-categoryId-449","$v":"Man taip nuobodu"},{"$i":"collection-categoryId-462","$v":"Teleserialai"},{"$i":"collection-categoryId-463","$v":"Politika"},{"$i":"collection-categoryId-473","$v":"Kriketas"},{"$i":"collection-categoryId-491","$v":"Pasaulio taurė"},{"$i":"collection-categoryId-501","$v":"Brazilų programos"},{"$i":"collection-categoryId-504","$v":"Bolivudas"},{"$i":"collection-categoryId-505","$v":"Maistas ir gėrimai"},{"$i":"collection-categoryId-507","$v":"Kelionės ir vietovės"},{"$i":"collection-categoryId-510","$v":"Technika ir mokslas"},{"$i":"collection-categoryId-511","$v":"Garsas ir vaizdas"},{"$i":"collection-categoryId-512","$v":"Sveikata ir sportas"},{"$i":"collection-categoryId-513","$v":"Verslas"},{"$i":"collection-categoryId-520","$v":"Dviračiai"},{"$i":"collection-categoryId-521","$v":"Banglentės"},{"$i":"loading","$v":"Įkeliama"},{"$i":"cancel","$v":"Atsisakyti"},{"$i":"custom","$v":"Tinkintas"},{"$i":"network-error-message","$v":"Prisijunkite prie interneto, jei norite pridėti daugiau išmaniųjų rinkinių"},{"$i":"no-available-collections","$v":"All smart collections have been added."},{"$i":"add-to-top-of-collection","$v":"Pridėti į rinkinio viršų"},{"$i":"add-to-home-screen","$v":"Pridėti į Pradžios ekraną"},{"$i":"offline-webresults","$v":["Prisijunkite prie interneto, jei norite parsisiųsti programų į rinkinį „",{"t":"idOrVar","v":"collectionName"},"“"]},{"$i":"edit-mode","$v":"Taisyti"},{"$i":"edit-done","$v":"Baigta"},{"$i":"delete-generic-title","$v":"Delete Collection"},{"$i":"delete-generic-body","$v":"This collection and all of its data will be deleted."},{"$i":"delete","$v":"Šalinti"},{"$i":"edit-collection-header","$v":"Rinkinio taisa"},{"$i":"done","$v":"Baigta"},{"$i":"gaia-menu-cancel","$v":"Atsisakyti"}]