[{"$i":"gaia-grid-stop-download-title","$v":["Henti ",{"t":"idOrVar","v":"name"}]},{"$i":"gaia-grid-stop-download-body","$v":"Adakah anda ingin menghentikan muat turun yang sedang berlangsung?"},{"$i":"gaia-grid-stop-download-action","$v":"Henti"},{"$i":"gaia-grid-resume-download-title","$v":"Mula semula Muat turun"},{"$i":"gaia-grid-resume-download-body","$v":["Adakah anda ingin memuat turun ",{"t":"idOrVar","v":"name"},"?"]},{"$i":"gaia-grid-resume-download-action","$v":"Muat Turun"},{"$i":"gaia-grid-cancel","$v":"Batal"},{"$i":"gaia-grid-toggle-collapsed","ariaLabel":"Expand group"},{"$i":"gaia-grid-toggle-expanded","ariaLabel":"Collapse group"},{"$i":"gaia-grid-enter-group-name","$v":"Enter a group name"},{"$i":"collection-categoryId-22","$v":"Buku"},{"$i":"collection-categoryId-142","$v":"Muzik"},{"$i":"collection-categoryId-181","$v":"Wayang"},{"$i":"collection-categoryId-194","$v":"Internet"},{"$i":"collection-categoryId-207","$v":"Permainan"},{"$i":"collection-categoryId-211","$v":"Video"},{"$i":"collection-categoryId-213","$v":"TV"},{"$i":"collection-categoryId-220","$v":"Restoran"},{"$i":"collection-categoryId-225","$v":"Selebriti"},{"$i":"collection-categoryId-238","$v":"Beli-belah"},{"$i":"collection-categoryId-242","$v":"Imej"},{"$i":"collection-categoryId-244","$v":"Teknologi"},{"$i":"collection-categoryId-245","$v":"Berita"},{"$i":"collection-categoryId-248","$v":"Emel"},{"$i":"collection-categoryId-249","$v":"Cuaca"},{"$i":"collection-categoryId-256","$v":"Budaya"},{"$i":"collection-categoryId-260","$v":"Sukan"},{"$i":"collection-categoryId-270","$v":"Resipi"},{"$i":"collection-categoryId-271","$v":"Rujukan"},{"$i":"collection-categoryId-272","$v":"Panduan Kembara"},{"$i":"collection-categoryId-274","$v":"Kerja"},{"$i":"collection-categoryId-275","$v":"Perubatan"},{"$i":"collection-categoryId-277","$v":"Jenaka"},{"$i":"collection-categoryId-279","$v":"Pembelajaran & Pendidikan"},{"$i":"collection-categoryId-282","$v":"Fesyen"},{"$i":"collection-categoryId-286","$v":"Elektronik"},{"$i":"collection-categoryId-288","$v":"Auto"},{"$i":"collection-categoryId-289","$v":"Sosial"},{"$i":"collection-categoryId-291","$v":"Permainan Video"},{"$i":"collection-categoryId-292","$v":"Tawaran Harian"},{"$i":"collection-categoryId-294","$v":"Kominikasi Peribadi"},{"$i":"collection-categoryId-296","$v":"Sekelilingku"},{"$i":"collection-categoryId-297","$v":"Astrologi"},{"$i":"collection-categoryId-302","$v":"Kanak-kanak"},{"$i":"collection-categoryId-303","$v":"Khidmat Kewangan"},{"$i":"collection-categoryId-306","$v":"Kembara"},{"$i":"collection-categoryId-316","$v":"Hotel"},{"$i":"collection-categoryId-320","$v":"Dating"},{"$i":"collection-categoryId-321","$v":"Berita Kewangan"},{"$i":"collection-categoryId-325","$v":"Besbol"},{"$i":"collection-categoryId-338","$v":"Iklaneka"},{"$i":"collection-categoryId-347","$v":"Bayi"},{"$i":"collection-categoryId-349","$v":"Fotografi"},{"$i":"collection-categoryId-356","$v":"Kecantikan"},{"$i":"collection-categoryId-357","$v":"Utiliti"},{"$i":"collection-categoryId-360","$v":"Produktiviti"},{"$i":"collection-categoryId-365","$v":"Komik"},{"$i":"collection-categoryId-366","$v":"Gaya Hidup"},{"$i":"collection-categoryId-368","$v":"Peribadi"},{"$i":"collection-categoryId-372","$v":"Pengangkutan"},{"$i":"collection-categoryId-373","$v":"Telekomunikasi"},{"$i":"collection-categoryId-376","$v":"Hiburan"},{"$i":"collection-categoryId-377","$v":"Bola Sepak"},{"$i":"collection-categoryId-381","$v":"Agama"},{"$i":"collection-categoryId-382","$v":"Kecergasan"},{"$i":"collection-categoryId-387","$v":"Aktiviti Luar"},{"$i":"collection-categoryId-399","$v":"DIY"},{"$i":"collection-categoryId-449","$v":"Saya Kebosanan"},{"$i":"collection-categoryId-462","$v":"Telenovela"},{"$i":"collection-categoryId-463","$v":"Politik"},{"$i":"collection-categoryId-473","$v":"Kriket"},{"$i":"collection-categoryId-491","$v":"Piala Dunia"},{"$i":"collection-categoryId-501","$v":"App Brazil"},{"$i":"collection-categoryId-504","$v":"Bollywood"},{"$i":"collection-categoryId-505","$v":"Makanan & Minuman"},{"$i":"collection-categoryId-507","$v":"Kembara & Lokal"},{"$i":"collection-categoryId-510","$v":"Sains & Teknologi"},{"$i":"collection-categoryId-511","$v":"Media & Video"},{"$i":"collection-categoryId-512","$v":"Kesihatan & Kecergasan"},{"$i":"collection-categoryId-513","$v":"Perniagaan"},{"$i":"collection-categoryId-520","$v":"Berbasikal"},{"$i":"collection-categoryId-521","$v":"Luncur"},{"$i":"loading","$v":"Memuatkan"},{"$i":"cancel","$v":"Batal"},{"$i":"custom","$v":"Suai"},{"$i":"network-error-message","$v":"Sambung kepada internet untuk menambah lagi Koleksi Pintar"},{"$i":"no-available-collections","$v":"All smart collections have been added."},{"$i":"add-to-top-of-collection","$v":"Tambah di atas koleksi"},{"$i":"add-to-home-screen","$v":"Tambah ke Skrin Utama"},{"$i":"offline-webresults","$v":["Sambung ke internet untuk mendapatkan app untuk ",{"t":"idOrVar","v":"collectionName"}]},{"$i":"edit-mode","$v":"Sunting"},{"$i":"edit-done","$v":"Done"},{"$i":"delete-generic-title","$v":"Delete Collection"},{"$i":"delete-generic-body","$v":"This collection and all of its data will be deleted."},{"$i":"delete","$v":"Padam"},{"$i":"edit-collection-header","$v":"Edit collection"},{"$i":"done","$v":"Done"},{"$i":"gaia-menu-cancel","$v":"Batal"}]