[{"$i":"gaia-grid-stop-download-title","$v":[{"t":"idOrVar","v":"name"}," stoppen"]},{"$i":"gaia-grid-stop-download-body","$v":"Wilt u de actieve download stoppen?"},{"$i":"gaia-grid-stop-download-action","$v":"Stoppen"},{"$i":"gaia-grid-resume-download-title","$v":"Download herstarten"},{"$i":"gaia-grid-resume-download-body","$v":["Wilt u ",{"t":"idOrVar","v":"name"}," downloaden?"]},{"$i":"gaia-grid-resume-download-action","$v":"Downloaden"},{"$i":"gaia-grid-cancel","$v":"Annuleren"},{"$i":"gaia-grid-toggle-collapsed","ariaLabel":"Groep uitvouwen"},{"$i":"gaia-grid-toggle-expanded","ariaLabel":"Groep samenvouwen"},{"$i":"gaia-grid-enter-group-name","$v":"Voer een groepsnaam in"},{"$i":"collection-categoryId-22","$v":"Boeken"},{"$i":"collection-categoryId-142","$v":"Muziek"},{"$i":"collection-categoryId-181","$v":"Films"},{"$i":"collection-categoryId-194","$v":"Internet"},{"$i":"collection-categoryId-207","$v":"Games"},{"$i":"collection-categoryId-211","$v":"Video"},{"$i":"collection-categoryId-213","$v":"TV"},{"$i":"collection-categoryId-220","$v":"Restaurants"},{"$i":"collection-categoryId-225","$v":"Celebs"},{"$i":"collection-categoryId-238","$v":"Winkelen"},{"$i":"collection-categoryId-242","$v":"Afbeeldingen"},{"$i":"collection-categoryId-244","$v":"Tech"},{"$i":"collection-categoryId-245","$v":"Nieuws"},{"$i":"collection-categoryId-248","$v":"E-mail"},{"$i":"collection-categoryId-249","$v":"Weer"},{"$i":"collection-categoryId-256","$v":"Cultuur"},{"$i":"collection-categoryId-260","$v":"Sport"},{"$i":"collection-categoryId-270","$v":"Recepten"},{"$i":"collection-categoryId-271","$v":"Naslag"},{"$i":"collection-categoryId-272","$v":"Reisgidsen"},{"$i":"collection-categoryId-274","$v":"Banen"},{"$i":"collection-categoryId-275","$v":"Medisch"},{"$i":"collection-categoryId-277","$v":"Humor"},{"$i":"collection-categoryId-279","$v":"Leren & onderwijs"},{"$i":"collection-categoryId-282","$v":"Mode"},{"$i":"collection-categoryId-286","$v":"Electronica"},{"$i":"collection-categoryId-288","$v":"Auto’s"},{"$i":"collection-categoryId-289","$v":"Sociaal"},{"$i":"collection-categoryId-291","$v":"Videogames"},{"$i":"collection-categoryId-292","$v":"Dagelijkse deals"},{"$i":"collection-categoryId-294","$v":"Persoonlijke communicatie"},{"$i":"collection-categoryId-296","$v":"Omgeving"},{"$i":"collection-categoryId-297","$v":"Astrologie"},{"$i":"collection-categoryId-302","$v":"Kinderen"},{"$i":"collection-categoryId-303","$v":"Financiële diensten"},{"$i":"collection-categoryId-306","$v":"Reizen"},{"$i":"collection-categoryId-316","$v":"Hotels"},{"$i":"collection-categoryId-320","$v":"Dating"},{"$i":"collection-categoryId-321","$v":"Financieel nieuws"},{"$i":"collection-categoryId-325","$v":"Honkbal"},{"$i":"collection-categoryId-338","$v":"Advertenties"},{"$i":"collection-categoryId-347","$v":"Baby"},{"$i":"collection-categoryId-349","$v":"Fotografie"},{"$i":"collection-categoryId-356","$v":"Beauty"},{"$i":"collection-categoryId-357","$v":"Hulpprogramma’s"},{"$i":"collection-categoryId-360","$v":"Productiviteit"},{"$i":"collection-categoryId-365","$v":"Strips"},{"$i":"collection-categoryId-366","$v":"Lifestyle"},{"$i":"collection-categoryId-368","$v":"Personalisatie"},{"$i":"collection-categoryId-372","$v":"Vervoer"},{"$i":"collection-categoryId-373","$v":"Telecommunicatie"},{"$i":"collection-categoryId-376","$v":"Entertainment"},{"$i":"collection-categoryId-377","$v":"Voetbal"},{"$i":"collection-categoryId-381","$v":"Religie"},{"$i":"collection-categoryId-382","$v":"Fitness"},{"$i":"collection-categoryId-387","$v":"Outdooractiviteiten"},{"$i":"collection-categoryId-399","$v":"Doe-het-zelf"},{"$i":"collection-categoryId-449","$v":"Ik verveel me"},{"$i":"collection-categoryId-462","$v":"Soaps"},{"$i":"collection-categoryId-463","$v":"Politiek"},{"$i":"collection-categoryId-473","$v":"Cricket"},{"$i":"collection-categoryId-491","$v":"Wereldbeker"},{"$i":"collection-categoryId-501","$v":"Braziliaanse apps"},{"$i":"collection-categoryId-504","$v":"Bollywood"},{"$i":"collection-categoryId-505","$v":"Eten & drinken"},{"$i":"collection-categoryId-507","$v":"Reizen & lokaal"},{"$i":"collection-categoryId-510","$v":"Wetenschap & techniek"},{"$i":"collection-categoryId-511","$v":"Media & video"},{"$i":"collection-categoryId-512","$v":"Gezondheid & fitness"},{"$i":"collection-categoryId-513","$v":"Zaken"},{"$i":"collection-categoryId-520","$v":"Fietsen"},{"$i":"collection-categoryId-521","$v":"Surfen"},{"$i":"loading","$v":"Laden"},{"$i":"cancel","$v":"Annuleren"},{"$i":"custom","$v":"Aangepast"},{"$i":"network-error-message","$v":"Maak verbinding met het internet om meer Slimme collecties toe te voegen"},{"$i":"no-available-collections","$v":"Alle slimme collecties zijn toegevoegd."},{"$i":"add-to-top-of-collection","$v":"Toevoegen aan bovenkant van collectie"},{"$i":"add-to-home-screen","$v":"Toevoegen aan startscherm"},{"$i":"offline-webresults","$v":["Maak verbinding met het internet om apps voor ",{"t":"idOrVar","v":"collectionName"}," te verkrijgen"]},{"$i":"edit-mode","$v":"Bewerken"},{"$i":"edit-done","$v":"Gereed"},{"$i":"delete-generic-title","$v":"Collectie verwijderen"},{"$i":"delete-generic-body","$v":"Deze collectie en alle gegevens ervan zullen worden verwijderd."},{"$i":"delete","$v":"Verwijderen"},{"$i":"edit-collection-header","$v":"Collectie bewerken"},{"$i":"done","$v":"Gereed"},{"$i":"gaia-menu-cancel","$v":"Annuleren"}]