[{"$i":"gaia-grid-stop-download-title","$v":["Parar ",{"t":"idOrVar","v":"name"}]},{"$i":"gaia-grid-stop-download-body","$v":"Voce deseja interromper o download em progresso?"},{"$i":"gaia-grid-stop-download-action","$v":"Parar"},{"$i":"gaia-grid-resume-download-title","$v":"Reiniciar Download"},{"$i":"gaia-grid-resume-download-body","$v":["Você deseja transferir ",{"t":"idOrVar","v":"name"},"?"]},{"$i":"gaia-grid-resume-download-action","$v":"Download"},{"$i":"gaia-grid-cancel","$v":"Cancelar"},{"$i":"gaia-grid-toggle-collapsed","ariaLabel":"Expand group"},{"$i":"gaia-grid-toggle-expanded","ariaLabel":"Collapse group"},{"$i":"gaia-grid-enter-group-name","$v":"Digite o nome do grupo"},{"$i":"collection-categoryId-22","$v":"Livros"},{"$i":"collection-categoryId-142","$v":"Música"},{"$i":"collection-categoryId-181","$v":"Filmes"},{"$i":"collection-categoryId-194","$v":"Internet"},{"$i":"collection-categoryId-207","$v":"Jogos"},{"$i":"collection-categoryId-211","$v":"Vídeo"},{"$i":"collection-categoryId-213","$v":"TV"},{"$i":"collection-categoryId-220","$v":"Restaurantes"},{"$i":"collection-categoryId-225","$v":"Celebridades"},{"$i":"collection-categoryId-238","$v":"Compras"},{"$i":"collection-categoryId-242","$v":"Imagens"},{"$i":"collection-categoryId-244","$v":"Tecnologia"},{"$i":"collection-categoryId-245","$v":"Notícias"},{"$i":"collection-categoryId-248","$v":"E-Mail"},{"$i":"collection-categoryId-249","$v":"Clima"},{"$i":"collection-categoryId-256","$v":"Cultura"},{"$i":"collection-categoryId-260","$v":"Esportes"},{"$i":"collection-categoryId-270","$v":"Receitas"},{"$i":"collection-categoryId-271","$v":"Referência"},{"$i":"collection-categoryId-272","$v":"Guias Turísticos"},{"$i":"collection-categoryId-274","$v":"Empregos"},{"$i":"collection-categoryId-275","$v":"Medicina"},{"$i":"collection-categoryId-277","$v":"Engraçado"},{"$i":"collection-categoryId-279","$v":"Aprendizado & Educação"},{"$i":"collection-categoryId-282","$v":"Moda"},{"$i":"collection-categoryId-286","$v":"Eletrônicos"},{"$i":"collection-categoryId-288","$v":"Automóveis"},{"$i":"collection-categoryId-289","$v":"Social"},{"$i":"collection-categoryId-291","$v":"Video Games"},{"$i":"collection-categoryId-292","$v":"Ofertas Diárias"},{"$i":"collection-categoryId-294","$v":"Comunicação Pessoal"},{"$i":"collection-categoryId-296","$v":"Ao Meu Redor"},{"$i":"collection-categoryId-297","$v":"Astrologia"},{"$i":"collection-categoryId-302","$v":"Infantil"},{"$i":"collection-categoryId-303","$v":"Serviços Financeiros"},{"$i":"collection-categoryId-306","$v":"Turismo"},{"$i":"collection-categoryId-316","$v":"Hotéis"},{"$i":"collection-categoryId-320","$v":"Relacionamentos"},{"$i":"collection-categoryId-321","$v":"Notícias Financeiras"},{"$i":"collection-categoryId-325","$v":"Baseball"},{"$i":"collection-categoryId-338","$v":"Classificados"},{"$i":"collection-categoryId-347","$v":"Bebê"},{"$i":"collection-categoryId-349","$v":"Fotografia"},{"$i":"collection-categoryId-356","$v":"Beleza"},{"$i":"collection-categoryId-357","$v":"Utilidades"},{"$i":"collection-categoryId-360","$v":"Produtividade"},{"$i":"collection-categoryId-365","$v":"Tirinhas"},{"$i":"collection-categoryId-366","$v":"Estilo de vida"},{"$i":"collection-categoryId-368","$v":"Personalização"},{"$i":"collection-categoryId-372","$v":"Transporte"},{"$i":"collection-categoryId-373","$v":"Telecomunicação"},{"$i":"collection-categoryId-376","$v":"Entretenimento"},{"$i":"collection-categoryId-377","$v":"Futebol"},{"$i":"collection-categoryId-381","$v":"Religião"},{"$i":"collection-categoryId-382","$v":"Fitness"},{"$i":"collection-categoryId-387","$v":"Atividades ao Ar Livre"},{"$i":"collection-categoryId-399","$v":"Faça Você Mesmo"},{"$i":"collection-categoryId-449","$v":"Estou Tão Entediado"},{"$i":"collection-categoryId-462","$v":"Novelas"},{"$i":"collection-categoryId-463","$v":"Política"},{"$i":"collection-categoryId-473","$v":"Críquete"},{"$i":"collection-categoryId-491","$v":"Copa do Mundo"},{"$i":"collection-categoryId-501","$v":"Apps Brasileiros"},{"$i":"collection-categoryId-504","$v":"Bollywood"},{"$i":"collection-categoryId-505","$v":"Comida & Drinques"},{"$i":"collection-categoryId-507","$v":"Turismo & Local"},{"$i":"collection-categoryId-510","$v":"Tecnologia & Ciência"},{"$i":"collection-categoryId-511","$v":"Mídia & Vídeos"},{"$i":"collection-categoryId-512","$v":"Saúde & Corpo"},{"$i":"collection-categoryId-513","$v":"Corporativo"},{"$i":"collection-categoryId-520","$v":"Ciclismo"},{"$i":"collection-categoryId-521","$v":"Surfe"},{"$i":"loading","$v":"Carregando"},{"$i":"cancel","$v":"Cancelar"},{"$i":"custom","$v":"Customizar"},{"$i":"network-error-message","$v":"Conecte-se à Internet para adicionar mais Coleções Inteligentes"},{"$i":"no-available-collections","$v":"All smart collections have been added."},{"$i":"add-to-top-of-collection","$v":"Adicionar ao topo da coleção"},{"$i":"add-to-home-screen","$v":"Adicionar a tela inicial"},{"$i":"offline-webresults","$v":["Conecte-se à Internet para baixar aplicativos para ",{"t":"idOrVar","v":"collectionName"}]},{"$i":"edit-mode","$v":"Editar"},{"$i":"edit-done","$v":"Pronto"},{"$i":"delete-generic-title","$v":"Delete Collection"},{"$i":"delete-generic-body","$v":"This collection and all of its data will be deleted."},{"$i":"delete","$v":"Apagar"},{"$i":"edit-collection-header","$v":"Editar coleção"},{"$i":"done","$v":"Pronto"},{"$i":"gaia-menu-cancel","$v":"Cancelar"}]