[{"$i":"gaia-grid-stop-download-title","$v":["Oprește ",{"t":"idOrVar","v":"name"}]},{"$i":"gaia-grid-stop-download-body","$v":"Dorești să oprești descărcarea în progres?"},{"$i":"gaia-grid-stop-download-action","$v":"Oprește"},{"$i":"gaia-grid-resume-download-title","$v":"Repornește descărcarea"},{"$i":"gaia-grid-resume-download-body","$v":["Dorești să descarci ",{"t":"idOrVar","v":"name"},"?"]},{"$i":"gaia-grid-resume-download-action","$v":"Descarcă"},{"$i":"gaia-grid-cancel","$v":"Renunță"},{"$i":"gaia-grid-toggle-collapsed","ariaLabel":"Extinde grupul"},{"$i":"gaia-grid-toggle-expanded","ariaLabel":"Restânge grupul"},{"$i":"gaia-grid-enter-group-name","$v":"Intro un nume de grup"},{"$i":"collection-categoryId-22","$v":"Cărți"},{"$i":"collection-categoryId-142","$v":"Muzică"},{"$i":"collection-categoryId-181","$v":"Filme"},{"$i":"collection-categoryId-194","$v":"Internet"},{"$i":"collection-categoryId-207","$v":"Jocuri"},{"$i":"collection-categoryId-211","$v":"Video"},{"$i":"collection-categoryId-213","$v":"TV"},{"$i":"collection-categoryId-220","$v":"Restaurante"},{"$i":"collection-categoryId-225","$v":"Celebrități"},{"$i":"collection-categoryId-238","$v":"Cumpărături"},{"$i":"collection-categoryId-242","$v":"Imagini"},{"$i":"collection-categoryId-244","$v":"Tehnologie"},{"$i":"collection-categoryId-245","$v":"Știri"},{"$i":"collection-categoryId-248","$v":"E-mail"},{"$i":"collection-categoryId-249","$v":"Meteo"},{"$i":"collection-categoryId-256","$v":"Cultură"},{"$i":"collection-categoryId-260","$v":"Sporturi"},{"$i":"collection-categoryId-270","$v":"Rețete"},{"$i":"collection-categoryId-271","$v":"Referință"},{"$i":"collection-categoryId-272","$v":"Ghiduri de călătorie"},{"$i":"collection-categoryId-274","$v":"Locuri de muncă"},{"$i":"collection-categoryId-275","$v":"Medical"},{"$i":"collection-categoryId-277","$v":"Amuzament"},{"$i":"collection-categoryId-279","$v":"Învățare și educație"},{"$i":"collection-categoryId-282","$v":"Modă"},{"$i":"collection-categoryId-286","$v":"Electronice"},{"$i":"collection-categoryId-288","$v":"Auto"},{"$i":"collection-categoryId-289","$v":"Social"},{"$i":"collection-categoryId-291","$v":"Jocuri video"},{"$i":"collection-categoryId-292","$v":"Oferte zilnice"},{"$i":"collection-categoryId-294","$v":"Comunicare personală"},{"$i":"collection-categoryId-296","$v":"În zona mea"},{"$i":"collection-categoryId-297","$v":"Astrologie"},{"$i":"collection-categoryId-302","$v":"Copii"},{"$i":"collection-categoryId-303","$v":"Servicii financiare"},{"$i":"collection-categoryId-306","$v":"Călătorie"},{"$i":"collection-categoryId-316","$v":"Hoteluri"},{"$i":"collection-categoryId-320","$v":"Întâlniri"},{"$i":"collection-categoryId-321","$v":"Știri financiare"},{"$i":"collection-categoryId-325","$v":"Baseball"},{"$i":"collection-categoryId-338","$v":"Anunțuri"},{"$i":"collection-categoryId-347","$v":"Bebeluș"},{"$i":"collection-categoryId-349","$v":"Fotografie"},{"$i":"collection-categoryId-356","$v":"Frumusețe"},{"$i":"collection-categoryId-357","$v":"Utilități"},{"$i":"collection-categoryId-360","$v":"Productivitate"},{"$i":"collection-categoryId-365","$v":"Benzi desenate"},{"$i":"collection-categoryId-366","$v":"Stil de viață"},{"$i":"collection-categoryId-368","$v":"Personalizare"},{"$i":"collection-categoryId-372","$v":"Transport"},{"$i":"collection-categoryId-373","$v":"Telecomunicații"},{"$i":"collection-categoryId-376","$v":"Divertisment"},{"$i":"collection-categoryId-377","$v":"Fotbal"},{"$i":"collection-categoryId-381","$v":"Religie"},{"$i":"collection-categoryId-382","$v":"Fitness"},{"$i":"collection-categoryId-387","$v":"Activități în aer liber"},{"$i":"collection-categoryId-399","$v":"Bricolaj"},{"$i":"collection-categoryId-449","$v":"Sunt atât de plictisit"},{"$i":"collection-categoryId-462","$v":"Telenovele"},{"$i":"collection-categoryId-463","$v":"Politică"},{"$i":"collection-categoryId-473","$v":"Crichet"},{"$i":"collection-categoryId-491","$v":"Cupa mondială"},{"$i":"collection-categoryId-501","$v":"Aplicații braziliene"},{"$i":"collection-categoryId-504","$v":"Bollywood"},{"$i":"collection-categoryId-505","$v":"Mâncare și băuturi"},{"$i":"collection-categoryId-507","$v":"Călătorie și localuri"},{"$i":"collection-categoryId-510","$v":"Tehnologie și știință"},{"$i":"collection-categoryId-511","$v":"Media și video"},{"$i":"collection-categoryId-512","$v":"Sănătate și fitness"},{"$i":"collection-categoryId-513","$v":"Afaceri"},{"$i":"collection-categoryId-520","$v":"Cicislm"},{"$i":"collection-categoryId-521","$v":"Surf"},{"$i":"loading","$v":"Loading"},{"$i":"cancel","$v":"Renunță"},{"$i":"custom","$v":"Custom"},{"$i":"network-error-message","$v":"Conectează-te la net pentru a adăuga mai multe colecții inteligente"},{"$i":"no-available-collections","$v":"All smart collections have been added."},{"$i":"add-to-top-of-collection","$v":"Adaugă în fruntea colecției"},{"$i":"add-to-home-screen","$v":"Adaugă la ecran"},{"$i":"offline-webresults","$v":["Conectează-te la net ca să obții aplicații pentru ",{"t":"idOrVar","v":"collectionName"}]},{"$i":"edit-mode","$v":"Editează"},{"$i":"edit-done","$v":"Gata"},{"$i":"delete-generic-title","$v":"Delete Collection"},{"$i":"delete-generic-body","$v":"This collection and all of its data will be deleted."},{"$i":"delete","$v":"Șterge"},{"$i":"edit-collection-header","$v":"Editează colecția"},{"$i":"done","$v":"Gata"},{"$i":"gaia-menu-cancel","$v":"Renunță"}]