[{"$i":"gaia-grid-stop-download-title","$v":["停止 ",{"t":"idOrVar","v":"name"}]},{"$i":"gaia-grid-stop-download-body","$v":"您想要停止正在進行中的下載嗎？"},{"$i":"gaia-grid-stop-download-action","$v":"停止"},{"$i":"gaia-grid-resume-download-title","$v":"重新開始下載"},{"$i":"gaia-grid-resume-download-body","$v":["想要下載 ",{"t":"idOrVar","v":"name"}," 嗎？"]},{"$i":"gaia-grid-resume-download-action","$v":"下載"},{"$i":"gaia-grid-cancel","$v":"取消"},{"$i":"gaia-grid-toggle-collapsed","ariaLabel":"展開群組"},{"$i":"gaia-grid-toggle-expanded","ariaLabel":"摺疊群組"},{"$i":"gaia-grid-enter-group-name","$v":"輸入群組名稱"},{"$i":"collection-categoryId-22","$v":"Books"},{"$i":"collection-categoryId-142","$v":"Music"},{"$i":"collection-categoryId-181","$v":"Movies"},{"$i":"collection-categoryId-194","$v":"Internet"},{"$i":"collection-categoryId-207","$v":"Games"},{"$i":"collection-categoryId-211","$v":"Video"},{"$i":"collection-categoryId-213","$v":"TV"},{"$i":"collection-categoryId-220","$v":"Restaurants"},{"$i":"collection-categoryId-225","$v":"Celebs"},{"$i":"collection-categoryId-238","$v":"Shopping"},{"$i":"collection-categoryId-242","$v":"Images"},{"$i":"collection-categoryId-244","$v":"Tech"},{"$i":"collection-categoryId-245","$v":"News"},{"$i":"collection-categoryId-248","$v":"Email"},{"$i":"collection-categoryId-249","$v":"Weather"},{"$i":"collection-categoryId-256","$v":"Culture"},{"$i":"collection-categoryId-260","$v":"Sports"},{"$i":"collection-categoryId-270","$v":"Recipes"},{"$i":"collection-categoryId-271","$v":"Reference"},{"$i":"collection-categoryId-272","$v":"Travel Guides"},{"$i":"collection-categoryId-274","$v":"Jobs"},{"$i":"collection-categoryId-275","$v":"Medical"},{"$i":"collection-categoryId-277","$v":"Funny"},{"$i":"collection-categoryId-279","$v":"Learning & Education"},{"$i":"collection-categoryId-282","$v":"Fashion"},{"$i":"collection-categoryId-286","$v":"Electronics"},{"$i":"collection-categoryId-288","$v":"Autos"},{"$i":"collection-categoryId-289","$v":"Social"},{"$i":"collection-categoryId-291","$v":"Video Games"},{"$i":"collection-categoryId-292","$v":"Daily Deals"},{"$i":"collection-categoryId-294","$v":"Personal Communication"},{"$i":"collection-categoryId-296","$v":"Around Me"},{"$i":"collection-categoryId-297","$v":"Astrology"},{"$i":"collection-categoryId-302","$v":"Kids"},{"$i":"collection-categoryId-303","$v":"Financial Services"},{"$i":"collection-categoryId-306","$v":"Travel"},{"$i":"collection-categoryId-316","$v":"Hotels"},{"$i":"collection-categoryId-320","$v":"Dating"},{"$i":"collection-categoryId-321","$v":"Financial News"},{"$i":"collection-categoryId-325","$v":"Baseball"},{"$i":"collection-categoryId-338","$v":"Classifieds"},{"$i":"collection-categoryId-347","$v":"Baby"},{"$i":"collection-categoryId-349","$v":"Photography"},{"$i":"collection-categoryId-356","$v":"Beauty"},{"$i":"collection-categoryId-357","$v":"Utilities"},{"$i":"collection-categoryId-360","$v":"Productivity"},{"$i":"collection-categoryId-365","$v":"Comics"},{"$i":"collection-categoryId-366","$v":"Lifestyle"},{"$i":"collection-categoryId-368","$v":"Personalization"},{"$i":"collection-categoryId-372","$v":"Transportation"},{"$i":"collection-categoryId-373","$v":"Telecommunication"},{"$i":"collection-categoryId-376","$v":"Entertainment"},{"$i":"collection-categoryId-377","$v":"Soccer"},{"$i":"collection-categoryId-381","$v":"Religion"},{"$i":"collection-categoryId-382","$v":"Fitness"},{"$i":"collection-categoryId-387","$v":"Outdoor Activities"},{"$i":"collection-categoryId-399","$v":"DIY"},{"$i":"collection-categoryId-449","$v":"I'm So Bored"},{"$i":"collection-categoryId-462","$v":"Telenovelas"},{"$i":"collection-categoryId-463","$v":"Politics"},{"$i":"collection-categoryId-473","$v":"Cricket"},{"$i":"collection-categoryId-491","$v":"World Cup"},{"$i":"collection-categoryId-501","$v":"Brazilian Apps"},{"$i":"collection-categoryId-504","$v":"Bollywood"},{"$i":"collection-categoryId-505","$v":"Food & Drinks"},{"$i":"collection-categoryId-507","$v":"Travel & Local"},{"$i":"collection-categoryId-510","$v":"Tech & Science"},{"$i":"collection-categoryId-511","$v":"Media & Video"},{"$i":"collection-categoryId-512","$v":"Health & Fitness"},{"$i":"collection-categoryId-513","$v":"Business"},{"$i":"collection-categoryId-520","$v":"Cycling"},{"$i":"collection-categoryId-521","$v":"Surf"},{"$i":"loading","$v":"載入中"},{"$i":"cancel","$v":"取消"},{"$i":"custom","$v":"自訂"},{"$i":"network-error-message","$v":"連線到網路以新增更多智慧收藏集"},{"$i":"no-available-collections","$v":"已新增所有智慧收藏集。"},{"$i":"add-to-top-of-collection","$v":"新增至收藏集頂端"},{"$i":"add-to-home-screen","$v":"新增至裝置主畫面"},{"$i":"offline-webresults","$v":["連線到網際網路以取得 ",{"t":"idOrVar","v":"collectionName"}," 的應用程式"]},{"$i":"edit-mode","$v":"編輯"},{"$i":"edit-done","$v":"完成"},{"$i":"delete-generic-title","$v":"刪除收藏集"},{"$i":"delete-generic-body","$v":"此收藏集與其所有資料將會被刪除。"},{"$i":"delete","$v":"刪除"},{"$i":"edit-collection-header","$v":"編輯收藏集"},{"$i":"done","$v":"完成"},{"$i":"gaia-menu-cancel","$v":"取消"}]