[{"$i":"add-to-home-title","$v":"Add to Home"},{"$i":"edit-bookmark-title","$v":"عدّل العلامة المرجعية"},{"$i":"added-to-home-screen-message","$v":"أُضيفَ إلى الشاشة الرئيسية"},{"$i":"updated-bookmark","$v":"حُدِّثت العلامة المرجعيّة"},{"$i":"done-action","$v":"تمّ"},{"$i":"add-action","$v":"Add"},{"$i":"cancel-action","$v":"ألغِ"},{"$i":"add-application","$v":"Add Application"},{"$i":"add","$v":"Add"},{"$i":"application-available","$v":"An application is available for this web site."},{"$i":"remove-title","$v":["احذف ",{"t":"idOrVar","v":"name"}]},{"$i":"remove-message","$v":["أأحذف ",{"t":"idOrVar","v":"name"}," من النظام؟"]},{"$i":"remove-action","$v":"احذف"}]