[{"$i":"add-to-home-title","$v":"Add to Home"},{"$i":"edit-bookmark-title","$v":"Промяна на отметка"},{"$i":"added-to-home-screen-message","$v":"Добавена към началния екран"},{"$i":"updated-bookmark","$v":"Обновена отметка"},{"$i":"done-action","$v":"Готово"},{"$i":"add-action","$v":"Add"},{"$i":"cancel-action","$v":"Отказ"},{"$i":"add-application","$v":"Add Application"},{"$i":"add","$v":"Add"},{"$i":"application-available","$v":"An application is available for this web site."},{"$i":"remove-title","$v":["Премахване на ",{"t":"idOrVar","v":"name"}]},{"$i":"remove-message","$v":["Премахване на ",{"t":"idOrVar","v":"name"}," от системата?"]},{"$i":"remove-action","$v":"Премахване"}]