[{"$i":"add-to-home-title","$v":"Add to Home"},{"$i":"edit-bookmark-title","$v":"Edit bookmark"},{"$i":"added-to-home-screen-message","$v":"Added to home screen"},{"$i":"updated-bookmark","$v":"হালনাগাদকৃত বুকমার্ক"},{"$i":"done-action","$v":"সম্পন্ন"},{"$i":"add-action","$v":"প্রধান স্ক্রিনে যোগ করুন"},{"$i":"cancel-action","$v":"বাতিল"},{"$i":"add-application","$v":"Add Application"},{"$i":"add","$v":"Add"},{"$i":"application-available","$v":"An application is available for this web site."},{"$i":"remove-title","$v":[{"t":"idOrVar","v":"name"}," অপসারণ"]},{"$i":"remove-message","$v":["সিস্টেম থেকে ",{"t":"idOrVar","v":"name"}," অপসারণ করবেন?"]},{"$i":"remove-action","$v":"অপসারণ"}]