[{"$i":"add-to-home-title","$v":"Add to Home"},{"$i":"edit-bookmark-title","$v":"Edita l'adreça d'interès"},{"$i":"added-to-home-screen-message","$v":"S'ha afegit a la pantalla d'inici"},{"$i":"updated-bookmark","$v":"Adreça d'interès actualitzada"},{"$i":"done-action","$v":"Fet"},{"$i":"add-action","$v":"Add"},{"$i":"cancel-action","$v":"Cancel"},{"$i":"add-application","$v":"Add Application"},{"$i":"add","$v":"Add"},{"$i":"application-available","$v":"An application is available for this web site."},{"$i":"remove-title","$v":["Elimina ",{"t":"idOrVar","v":"name"}]},{"$i":"remove-message","$v":["Voleu eliminar «",{"t":"idOrVar","v":"name"},"» del sistema?"]},{"$i":"remove-action","$v":"Elimina"}]