[{"$i":"add-to-home-title","$v":"Add to Home"},{"$i":"edit-bookmark-title","$v":"Upravení záložky"},{"$i":"added-to-home-screen-message","$v":"Přidáno na domovskou obrazovku"},{"$i":"updated-bookmark","$v":"Záložka aktualizována"},{"$i":"done-action","$v":"Hotovo"},{"$i":"add-action","$v":"Add"},{"$i":"cancel-action","$v":"Cancel"},{"$i":"add-application","$v":"Add Application"},{"$i":"add","$v":"Add"},{"$i":"application-available","$v":"An application is available for this web site."},{"$i":"remove-title","$v":["Odebrání ",{"t":"idOrVar","v":"name"}]},{"$i":"remove-message","$v":["Odebrat ",{"t":"idOrVar","v":"name"}," ze systému?"]},{"$i":"remove-action","$v":"Odebrat"}]