[{"$i":"add-to-home-title","$v":"Add to Home"},{"$i":"edit-bookmark-title","$v":"Rediger bogmærke"},{"$i":"added-to-home-screen-message","$v":"Føjet til startskærmen"},{"$i":"updated-bookmark","$v":"Opdaterede bogmærke"},{"$i":"done-action","$v":"Færdig"},{"$i":"add-action","$v":"Add"},{"$i":"cancel-action","$v":"Fortryd"},{"$i":"add-application","$v":"Add Application"},{"$i":"add","$v":"Add"},{"$i":"application-available","$v":"An application is available for this web site."},{"$i":"remove-title","$v":["Fjern ",{"t":"idOrVar","v":"name"}]},{"$i":"remove-message","$v":["Fjern ",{"t":"idOrVar","v":"name"}," frs systemet?"]},{"$i":"remove-action","$v":"Fjern"}]