[{"$i":"add-to-home-title","$v":"Add to Home"},{"$i":"edit-bookmark-title","$v":"Lesezeichen bearbeiten"},{"$i":"added-to-home-screen-message","$v":"Zum Startbildschirm hinzugefügt"},{"$i":"updated-bookmark","$v":"Lesezeichen aktualisieren"},{"$i":"done-action","$v":"Fertig"},{"$i":"add-action","$v":"Add"},{"$i":"cancel-action","$v":"Abbrechen"},{"$i":"add-application","$v":"Add Application"},{"$i":"add","$v":"Add"},{"$i":"application-available","$v":"An application is available for this web site."},{"$i":"remove-title","$v":[{"t":"idOrVar","v":"name"}," entfernen"]},{"$i":"remove-message","$v":[{"t":"idOrVar","v":"name"}," vom System entfernen?"]},{"$i":"remove-action","$v":"Entfernen"}]