[{"$i":"add-to-home-title","$v":"Add to Home"},{"$i":"edit-bookmark-title","$v":"Επεξεργασία σελιδοδείκτη"},{"$i":"added-to-home-screen-message","$v":"Προστέθηκε στην αρχική οθόνη"},{"$i":"updated-bookmark","$v":"Ο σελιδοδείκτης ενημερώθηκε"},{"$i":"done-action","$v":"ΟΚ"},{"$i":"add-action","$v":"Add"},{"$i":"cancel-action","$v":"Cancel"},{"$i":"add-application","$v":"Add Application"},{"$i":"add","$v":"Add"},{"$i":"application-available","$v":"An application is available for this web site."},{"$i":"remove-title","$v":["Αφαίρεση ",{"t":"idOrVar","v":"name"}]},{"$i":"remove-message","$v":["Αφαίρεση ",{"t":"idOrVar","v":"name"}," από το σύστημα;"]},{"$i":"remove-action","$v":"Αφαίρεση"}]