[{"$i":"add-to-home-title","$v":"Add to Home"},{"$i":"edit-bookmark-title","$v":"Edit bookmark"},{"$i":"added-to-home-screen-message","$v":"Added to home screen"},{"$i":"updated-bookmark","$v":"Updated bookmark"},{"$i":"done-action","$v":"Done"},{"$i":"add-action","$v":"Add"},{"$i":"cancel-action","$v":"Cancel"},{"$i":"add-application","$v":"Add Application"},{"$i":"add","$v":"Add"},{"$i":"application-available","$v":"An application is available for this web site."},{"$i":"remove-title","$v":["Remove ",{"t":"idOrVar","v":"name"}]},{"$i":"remove-message","$v":["Remove ",{"t":"idOrVar","v":"name"}," from system?"]},{"$i":"remove-action","$v":"Remove"}]