[{"$i":"add-to-home-title","$v":"Add to Home"},{"$i":"edit-bookmark-title","$v":"Editar marcador"},{"$i":"added-to-home-screen-message","$v":"Añadido a pantalla inicio"},{"$i":"updated-bookmark","$v":"Marcador actualizado"},{"$i":"done-action","$v":"Hecho"},{"$i":"add-action","$v":"Add"},{"$i":"cancel-action","$v":"Cancelar"},{"$i":"add-application","$v":"Add Application"},{"$i":"add","$v":"Add"},{"$i":"application-available","$v":"An application is available for this web site."},{"$i":"remove-title","$v":["Eliminar ",{"t":"idOrVar","v":"name"}]},{"$i":"remove-message","$v":["¿Eliminar ",{"t":"idOrVar","v":"name"}," del sistema?"]},{"$i":"remove-action","$v":"Eliminar"}]