[{"$i":"add-to-home-title","$v":"Add to Home"},{"$i":"edit-bookmark-title","$v":"Editatu laster-marka"},{"$i":"added-to-home-screen-message","$v":"Hasierako pantailara gehituta"},{"$i":"updated-bookmark","$v":"Laster-marka eguneratuta"},{"$i":"done-action","$v":"Eginda"},{"$i":"add-action","$v":"Add"},{"$i":"cancel-action","$v":"Utzi"},{"$i":"add-application","$v":"Add Application"},{"$i":"add","$v":"Add"},{"$i":"application-available","$v":"An application is available for this web site."},{"$i":"remove-title","$v":["Kendu ",{"t":"idOrVar","v":"name"}]},{"$i":"remove-message","$v":[{"t":"idOrVar","v":"name"}," sistematik kendu?"]},{"$i":"remove-action","$v":"Kendu"}]