[{"$i":"add-to-home-title","$v":"Add to Home"},{"$i":"edit-bookmark-title","$v":"Modifier marque-page"},{"$i":"added-to-home-screen-message","$v":"Ajouté à l’écran d’accueil"},{"$i":"updated-bookmark","$v":"Marque-page mis à jour"},{"$i":"done-action","$v":"Terminé"},{"$i":"add-action","$v":"Add"},{"$i":"cancel-action","$v":"Annuler"},{"$i":"add-application","$v":"Add Application"},{"$i":"add","$v":"Add"},{"$i":"application-available","$v":"An application is available for this web site."},{"$i":"remove-title","$v":["Supprimer ",{"t":"idOrVar","v":"name"}]},{"$i":"remove-message","$v":["Supprimer ",{"t":"idOrVar","v":"name"}," du système ?"]},{"$i":"remove-action","$v":"Supprimer"}]