[{"$i":"add-to-home-title","$v":"Add to Home"},{"$i":"edit-bookmark-title","$v":"Editar marcador"},{"$i":"added-to-home-screen-message","$v":"Engadiuse á pantalla inicial"},{"$i":"updated-bookmark","$v":"Marcador actualizado"},{"$i":"done-action","$v":"Feito"},{"$i":"add-action","$v":"Add"},{"$i":"cancel-action","$v":"Cancel"},{"$i":"add-application","$v":"Add Application"},{"$i":"add","$v":"Add"},{"$i":"application-available","$v":"An application is available for this web site."},{"$i":"remove-title","$v":["Retirar ",{"t":"idOrVar","v":"name"}]},{"$i":"remove-message","$v":["Retirar ",{"t":"idOrVar","v":"name"}," do sistema?"]},{"$i":"remove-action","$v":"Retirar"}]