[{"$i":"add-to-home-title","$v":"Add to Home"},{"$i":"edit-bookmark-title","$v":"Uredi zabilješku"},{"$i":"added-to-home-screen-message","$v":"Dodano na početnu stranicu"},{"$i":"updated-bookmark","$v":"Ažurirana zabilješka"},{"$i":"done-action","$v":"Završeno"},{"$i":"add-action","$v":"Add"},{"$i":"cancel-action","$v":"Cancel"},{"$i":"add-application","$v":"Add Application"},{"$i":"add","$v":"Add"},{"$i":"application-available","$v":"An application is available for this web site."},{"$i":"remove-title","$v":["Ukloni ",{"t":"idOrVar","v":"name"}]},{"$i":"remove-message","$v":["Ukloni ",{"t":"idOrVar","v":"name"}," iz sustava?"]},{"$i":"remove-action","$v":"Ukloni"}]