[{"$i":"add-to-home-title","$v":"Add to Home"},{"$i":"edit-bookmark-title","$v":"Könyvjelző írása"},{"$i":"added-to-home-screen-message","$v":"Hozzáadva a kezdőképernyőhöz"},{"$i":"updated-bookmark","$v":"Könyvjelző frissítve"},{"$i":"done-action","$v":"Kész"},{"$i":"add-action","$v":"Add"},{"$i":"cancel-action","$v":"Cancel"},{"$i":"add-application","$v":"Add Application"},{"$i":"add","$v":"Add"},{"$i":"application-available","$v":"An application is available for this web site."},{"$i":"remove-title","$v":[{"t":"idOrVar","v":"name"}," eltávolítása"]},{"$i":"remove-message","$v":["Eltávolítja ezt a rendszerből: ",{"t":"idOrVar","v":"name"},"?"]},{"$i":"remove-action","$v":"Eltávolítás"}]