[{"$i":"add-to-home-title","$v":"Add to Home"},{"$i":"edit-bookmark-title","$v":"Modifica segnalibro"},{"$i":"added-to-home-screen-message","$v":"Aggiunto alla schermata principale"},{"$i":"updated-bookmark","$v":"Segnalibro aggiornato"},{"$i":"done-action","$v":"Fine"},{"$i":"add-action","$v":"Add"},{"$i":"cancel-action","$v":"Annulla"},{"$i":"add-application","$v":"Add Application"},{"$i":"add","$v":"Add"},{"$i":"application-available","$v":"An application is available for this web site."},{"$i":"remove-title","$v":["Elimina ",{"t":"idOrVar","v":"name"}]},{"$i":"remove-message","$v":["Eliminare ",{"t":"idOrVar","v":"name"}," dal sistema?"]},{"$i":"remove-action","$v":"Elimina"}]