[{"$i":"add-to-home-title","$v":"Add to Home"},{"$i":"edit-bookmark-title","$v":"ブックマーク編集"},{"$i":"added-to-home-screen-message","$v":"ホーム画面に追加しました"},{"$i":"updated-bookmark","$v":"ブックマークを更新しました"},{"$i":"done-action","$v":"完了"},{"$i":"add-action","$v":"Add"},{"$i":"cancel-action","$v":"Cancel"},{"$i":"add-application","$v":"Add Application"},{"$i":"add","$v":"Add"},{"$i":"application-available","$v":"An application is available for this web site."},{"$i":"remove-title","$v":[{"t":"idOrVar","v":"name"}," の削除"]},{"$i":"remove-message","$v":[{"t":"idOrVar","v":"name"}," をシステムから削除しますか？"]},{"$i":"remove-action","$v":"削除"}]