[{"$i":"add-to-home-title","$v":"Add to Home"},{"$i":"edit-bookmark-title","$v":"កែ​សម្រួល​ចំណាំ"},{"$i":"added-to-home-screen-message","$v":"បាន​បន្ថែម​ទៅ​អេក្រង់ដើម"},{"$i":"updated-bookmark","$v":"ចាំណាំបានធ្វើ​បច្ចុប្បន្នភាព"},{"$i":"done-action","$v":"ធ្វើរួច"},{"$i":"add-action","$v":"Add"},{"$i":"cancel-action","$v":"បោះបង់"},{"$i":"add-application","$v":"Add Application"},{"$i":"add","$v":"Add"},{"$i":"application-available","$v":"An application is available for this web site."},{"$i":"remove-title","$v":["លុប​ ",{"t":"idOrVar","v":"name"}]},{"$i":"remove-message","$v":["លុប",{"t":"idOrVar","v":"name"}," ចេញ​ពី​ប្រព័ន្ធ?"]},{"$i":"remove-action","$v":"យកចេញ"}]