[{"$i":"add-to-home-title","$v":"Add to Home"},{"$i":"edit-bookmark-title","$v":"즐겨찾기 수정"},{"$i":"added-to-home-screen-message","$v":"홈 스크린에 추가됨"},{"$i":"updated-bookmark","$v":"즐겨찾기 수정됨"},{"$i":"done-action","$v":"완료"},{"$i":"add-action","$v":"Add"},{"$i":"cancel-action","$v":"Cancel"},{"$i":"add-application","$v":"Add Application"},{"$i":"add","$v":"Add"},{"$i":"application-available","$v":"An application is available for this web site."},{"$i":"remove-title","$v":[{"t":"idOrVar","v":"name"}," 삭제"]},{"$i":"remove-message","$v":["시스템에서 ",{"t":"idOrVar","v":"name"}," 항목을 삭제하시겠습니까?"]},{"$i":"remove-action","$v":"삭제"}]