[{"$i":"add-to-home-title","$v":"Add to Home"},{"$i":"edit-bookmark-title","$v":"Saito taisymas"},{"$i":"added-to-home-screen-message","$v":"Saitas pridėtas į Pradžios ekraną"},{"$i":"updated-bookmark","$v":"Saitas atnaujintas"},{"$i":"done-action","$v":"Baigta"},{"$i":"add-action","$v":"Add"},{"$i":"cancel-action","$v":"Cancel"},{"$i":"add-application","$v":"Add Application"},{"$i":"add","$v":"Add"},{"$i":"application-available","$v":"An application is available for this web site."},{"$i":"remove-title","$v":["„",{"t":"idOrVar","v":"name"},"“ šalinimas"]},{"$i":"remove-message","$v":["Ar pašalinti „",{"t":"idOrVar","v":"name"},"“ iš sistemos?"]},{"$i":"remove-action","$v":"Pašalinti"}]