[{"$i":"add-to-home-title","$v":"Add to Home"},{"$i":"edit-bookmark-title","$v":"Sunting penandabuku"},{"$i":"added-to-home-screen-message","$v":"Ditambah ke skrin utama"},{"$i":"updated-bookmark","$v":"Penandabuku dikemaskini"},{"$i":"done-action","$v":"Selesai"},{"$i":"add-action","$v":"Add"},{"$i":"cancel-action","$v":"Cancel"},{"$i":"add-application","$v":"Add Application"},{"$i":"add","$v":"Add"},{"$i":"application-available","$v":"An application is available for this web site."},{"$i":"remove-title","$v":["Singkir ",{"t":"idOrVar","v":"name"}]},{"$i":"remove-message","$v":["Singkir ",{"t":"idOrVar","v":"name"}," dari sistem?"]},{"$i":"remove-action","$v":"Singkir"}]