[{"$i":"add-to-home-title","$v":"Add to Home"},{"$i":"edit-bookmark-title","$v":"पुस्तकचिनो सम्पादन गर्नुहोस्"},{"$i":"added-to-home-screen-message","$v":"होमस्क्रिनमा थपियो"},{"$i":"updated-bookmark","$v":"पुस्तकचिनो अपडेट गरियो"},{"$i":"done-action","$v":"पूरा भयो"},{"$i":"add-action","$v":"Add"},{"$i":"cancel-action","$v":"Cancel"},{"$i":"add-application","$v":"Add Application"},{"$i":"add","$v":"Add"},{"$i":"application-available","$v":"An application is available for this web site."},{"$i":"remove-title","$v":[{"t":"idOrVar","v":"name"}," हटाउनुहोस्"]},{"$i":"remove-message","$v":[{"t":"idOrVar","v":"name"}," लाई प्रणालीबाट हटाउने?"]},{"$i":"remove-action","$v":"हटाउनुहोस्"}]