[{"$i":"add-to-home-title","$v":"Add to Home"},{"$i":"edit-bookmark-title","$v":"Bladwijzer bewerken"},{"$i":"added-to-home-screen-message","$v":"Toegevoegd aan startscherm"},{"$i":"updated-bookmark","$v":"Bladwijzer bijgewerkt"},{"$i":"done-action","$v":"Gereed"},{"$i":"add-action","$v":"Add"},{"$i":"cancel-action","$v":"Annuleren"},{"$i":"add-application","$v":"Add Application"},{"$i":"add","$v":"Add"},{"$i":"application-available","$v":"An application is available for this web site."},{"$i":"remove-title","$v":[{"t":"idOrVar","v":"name"}," verwijderen"]},{"$i":"remove-message","$v":[{"t":"idOrVar","v":"name"}," van systeem verwijderen?"]},{"$i":"remove-action","$v":"Verwijderen"}]