[{"$i":"add-to-home-title","$v":"Add to Home"},{"$i":"edit-bookmark-title","$v":"ਬੁੱਕਮਾਰਕ ਸੋਧ"},{"$i":"added-to-home-screen-message","$v":"ਮੁੱਖ ਸਕਰੀਨ ਉੱਤੇ ਜੋੜਿਆ"},{"$i":"updated-bookmark","$v":"ਬੁੱਕਮਾਰਕ ਅੱਪਡੇਟ ਕੀਤਾ"},{"$i":"done-action","$v":"ਮੁਕੰਮਲ"},{"$i":"add-action","$v":"Add"},{"$i":"cancel-action","$v":"Cancel"},{"$i":"add-application","$v":"Add Application"},{"$i":"add","$v":"Add"},{"$i":"application-available","$v":"An application is available for this web site."},{"$i":"remove-title","$v":[{"t":"idOrVar","v":"name"}," ਹਟਾਓ"]},{"$i":"remove-message","$v":["ਕੀ ਸਿਸਟਮ ਤੋਂ ",{"t":"idOrVar","v":"name"}," ਨੂੰ ਹਟਾਉਣਾ ਹੈ?"]},{"$i":"remove-action","$v":"ਹਟਾਓ"}]