[{"$i":"add-to-home-title","$v":"Dodawanie do ekranu głównego"},{"$i":"edit-bookmark-title","$v":"Edycja zakładki"},{"$i":"added-to-home-screen-message","$v":"Dodano do ekranu głównego"},{"$i":"updated-bookmark","$v":"Uaktualniono zakładkę"},{"$i":"done-action","$v":"Gotowe"},{"$i":"add-action","$v":"Dodaj"},{"$i":"cancel-action","$v":"Anuluj"},{"$i":"add-application","$v":"Dodaj aplikację"},{"$i":"add","$v":"Dodaj"},{"$i":"application-available","$v":"Dla tej strony jest dostępna aplikacja."},{"$i":"remove-title","$v":["Usuwanie „",{"t":"idOrVar","v":"name"},"”"]},{"$i":"remove-message","$v":["Usunąć „",{"t":"idOrVar","v":"name"},"” z systemu?"]},{"$i":"remove-action","$v":"Usuń"}]