[{"$i":"add-to-home-title","$v":"Add to Home"},{"$i":"edit-bookmark-title","$v":"Editar favorito"},{"$i":"added-to-home-screen-message","$v":"Adicionado a tela inicial"},{"$i":"updated-bookmark","$v":"Marcador atualizado"},{"$i":"done-action","$v":"Pronto"},{"$i":"add-action","$v":"Add"},{"$i":"cancel-action","$v":"Cancel"},{"$i":"add-application","$v":"Add Application"},{"$i":"add","$v":"Add"},{"$i":"application-available","$v":"An application is available for this web site."},{"$i":"remove-title","$v":["Remover ",{"t":"idOrVar","v":"name"}]},{"$i":"remove-message","$v":["Remover ",{"t":"idOrVar","v":"name"}," do sistema?"]},{"$i":"remove-action","$v":"Remover"}]