[{"$i":"add-to-home-title","$v":"Add to Home"},{"$i":"edit-bookmark-title","$v":"Editează semnul"},{"$i":"added-to-home-screen-message","$v":"Adăugat la ecranul principal"},{"$i":"updated-bookmark","$v":"Semn de carte actualizat"},{"$i":"done-action","$v":"Gata"},{"$i":"add-action","$v":"Add"},{"$i":"cancel-action","$v":"Renunță"},{"$i":"add-application","$v":"Add Application"},{"$i":"add","$v":"Add"},{"$i":"application-available","$v":"An application is available for this web site."},{"$i":"remove-title","$v":["Elimină ",{"t":"idOrVar","v":"name"}]},{"$i":"remove-message","$v":["Elimini ",{"t":"idOrVar","v":"name"}," din sistem?"]},{"$i":"remove-action","$v":"Remove"}]