[{"$i":"add-to-home-title","$v":"Add to Home"},{"$i":"edit-bookmark-title","$v":"Изменение закладки"},{"$i":"added-to-home-screen-message","$v":"Добавлено на домашний экран"},{"$i":"updated-bookmark","$v":"Обновлённая закладка"},{"$i":"done-action","$v":"Готово"},{"$i":"add-action","$v":"Add"},{"$i":"cancel-action","$v":"Отмена"},{"$i":"add-application","$v":"Add Application"},{"$i":"add","$v":"Add"},{"$i":"application-available","$v":"An application is available for this web site."},{"$i":"remove-title","$v":["Удаление ",{"t":"idOrVar","v":"name"}]},{"$i":"remove-message","$v":["Удалить ",{"t":"idOrVar","v":"name"}," из системы?"]},{"$i":"remove-action","$v":"Удалить"}]