[{"$i":"add-to-home-title","$v":"Add to Home"},{"$i":"edit-bookmark-title","$v":"Úprava záložky"},{"$i":"added-to-home-screen-message","$v":"Pridaný na Úvodnú obrazovku"},{"$i":"updated-bookmark","$v":"Záložka aktualizovaná"},{"$i":"done-action","$v":"Hotovo"},{"$i":"add-action","$v":"Add"},{"$i":"cancel-action","$v":"Zrušiť"},{"$i":"add-application","$v":"Add Application"},{"$i":"add","$v":"Add"},{"$i":"application-available","$v":"An application is available for this web site."},{"$i":"remove-title","$v":["Odstrániť ",{"t":"idOrVar","v":"name"}]},{"$i":"remove-message","$v":["Odstrániť ",{"t":"idOrVar","v":"name"}," zo systému?"]},{"$i":"remove-action","$v":"Odstrániť"}]