[{"$i":"add-to-home-title","$v":"Add to Home"},{"$i":"edit-bookmark-title","$v":"Përpunoni lidhjen"},{"$i":"added-to-home-screen-message","$v":"U shtua te Kreu"},{"$i":"updated-bookmark","$v":"Faqerojtësi u përditësua"},{"$i":"done-action","$v":"U bë"},{"$i":"add-action","$v":"Add"},{"$i":"cancel-action","$v":"Anuloje"},{"$i":"add-application","$v":"Add Application"},{"$i":"add","$v":"Add"},{"$i":"application-available","$v":"An application is available for this web site."},{"$i":"remove-title","$v":["Hiqeni ",{"t":"idOrVar","v":"name"}]},{"$i":"remove-message","$v":["Të hiqet ",{"t":"idOrVar","v":"name"}," nga sistemi?"]},{"$i":"remove-action","$v":"Hiqe"}]