[{"$i":"add-to-home-title","$v":"Add to Home"},{"$i":"edit-bookmark-title","$v":"Уреди забелешку"},{"$i":"added-to-home-screen-message","$v":"Додато na почетни екран"},{"$i":"updated-bookmark","$v":"Ажурирана забелешка"},{"$i":"done-action","$v":"Готово"},{"$i":"add-action","$v":"Add"},{"$i":"cancel-action","$v":"Откажи"},{"$i":"add-application","$v":"Add Application"},{"$i":"add","$v":"Add"},{"$i":"application-available","$v":"An application is available for this web site."},{"$i":"remove-title","$v":["Уклони ",{"t":"idOrVar","v":"name"}]},{"$i":"remove-message","$v":["Уклони ",{"t":"idOrVar","v":"name"}," из система?"]},{"$i":"remove-action","$v":"Уклони"}]