[{"$i":"add-to-home-title","$v":"Add to Home"},{"$i":"edit-bookmark-title","$v":"Uredi zabelešku"},{"$i":"added-to-home-screen-message","$v":"Dodato na početni ekran"},{"$i":"updated-bookmark","$v":"Ažurirana zabeleška"},{"$i":"done-action","$v":"Gotovo"},{"$i":"add-action","$v":"Add"},{"$i":"cancel-action","$v":"Otkaži"},{"$i":"add-application","$v":"Add Application"},{"$i":"add","$v":"Add"},{"$i":"application-available","$v":"An application is available for this web site."},{"$i":"remove-title","$v":["Ukloni ",{"t":"idOrVar","v":"name"}]},{"$i":"remove-message","$v":["Ukloni ",{"t":"idOrVar","v":"name"}," iz sistema?"]},{"$i":"remove-action","$v":"Ukloni"}]