[{"$i":"add-to-home-title","$v":"Add to Home"},{"$i":"edit-bookmark-title","$v":"Redigera bokmärke"},{"$i":"added-to-home-screen-message","$v":"Lades till på hemskärmen"},{"$i":"updated-bookmark","$v":"Uppdaterade bokmärke"},{"$i":"done-action","$v":"Klar"},{"$i":"add-action","$v":"Add"},{"$i":"cancel-action","$v":"Avbryt"},{"$i":"add-application","$v":"Add Application"},{"$i":"add","$v":"Add"},{"$i":"application-available","$v":"An application is available for this web site."},{"$i":"remove-title","$v":["Ta bort ",{"t":"idOrVar","v":"name"}]},{"$i":"remove-message","$v":["Ta bort ",{"t":"idOrVar","v":"name"}," från systemet?"]},{"$i":"remove-action","$v":"Ta bort"}]