[{"$i":"add-to-home-title","$v":"Add to Home"},{"$i":"edit-bookmark-title","$v":"Yer imini düzenle"},{"$i":"added-to-home-screen-message","$v":"Ana ekrana eklendi"},{"$i":"updated-bookmark","$v":"Yer imi güncellendi"},{"$i":"done-action","$v":"Bitti"},{"$i":"add-action","$v":"Add"},{"$i":"cancel-action","$v":"Cancel"},{"$i":"add-application","$v":"Add Application"},{"$i":"add","$v":"Add"},{"$i":"application-available","$v":"An application is available for this web site."},{"$i":"remove-title","$v":["Kaldır: ",{"t":"idOrVar","v":"name"}]},{"$i":"remove-message","$v":[{"t":"idOrVar","v":"name"}," sistemden kaldırılsın mı?"]},{"$i":"remove-action","$v":"Kaldır"}]