[{"$i":"add-to-home-title","$v":"Add to Home"},{"$i":"edit-bookmark-title","$v":"编辑书签"},{"$i":"added-to-home-screen-message","$v":"已添加到主屏幕"},{"$i":"updated-bookmark","$v":"已更新书签"},{"$i":"done-action","$v":"完成"},{"$i":"add-action","$v":"Add"},{"$i":"cancel-action","$v":"Cancel"},{"$i":"add-application","$v":"Add Application"},{"$i":"add","$v":"Add"},{"$i":"application-available","$v":"An application is available for this web site."},{"$i":"remove-title","$v":["移除 ",{"t":"idOrVar","v":"name"}]},{"$i":"remove-message","$v":["从系统中移除 ",{"t":"idOrVar","v":"name"},"？"]},{"$i":"remove-action","$v":"删除"}]