[{"$i":"add-to-home-title","$v":"Add to Home"},{"$i":"edit-bookmark-title","$v":"編輯書籤"},{"$i":"added-to-home-screen-message","$v":"已新增至裝置主畫面"},{"$i":"updated-bookmark","$v":"書籤已更新"},{"$i":"done-action","$v":"完成"},{"$i":"add-action","$v":"Add"},{"$i":"cancel-action","$v":"取消"},{"$i":"add-application","$v":"Add Application"},{"$i":"add","$v":"Add"},{"$i":"application-available","$v":"An application is available for this web site."},{"$i":"remove-title","$v":["移除 ",{"t":"idOrVar","v":"name"}]},{"$i":"remove-message","$v":["自系統移除 ",{"t":"idOrVar","v":"name"},"？"]},{"$i":"remove-action","$v":"移除"}]