[{"$i":"done","$v":"Done"},{"$i":"number-selected2","$v":{"zero":"নির্বাচন","one":[{"t":"idOrVar","v":"n"}," টি নির্বাচিত"],"two":[{"t":"idOrVar","v":"n"}," টি নির্বাচিত হয়েছে"],"few":[{"t":"idOrVar","v":"n"}," টি নির্বাচিত হয়েছে"],"many":[{"t":"idOrVar","v":"n"}," টি নির্বাচিত হয়েছে"],"other":[{"t":"idOrVar","v":"n"}," টি নির্বাচিত হয়েছে"]},"$x":[{"t":"idOrVar","v":"plural"},"n"]},{"$i":"delete-n-items?","$v":{"zero":"কিছুই নির্বাচিত হয়নি","one":"নির্বাচিত আইটেম অপসারণ করবেন?","two":[{"t":"idOrVar","v":"n"}," টি আইটেম অপসারণ করবেন?"],"few":[{"t":"idOrVar","v":"n"}," টি আইটেম অপসারণ করবেন?"],"many":[{"t":"idOrVar","v":"n"}," টি আইটেম অপসারণ করবেন?"],"other":[{"t":"idOrVar","v":"n"}," টি আইটেম অপসারণ করবেন?"]},"$x":[{"t":"idOrVar","v":"plural"},"n"]},{"$i":"share-noprovider","$v":"একবারে একটি ভিডিও শেয়ার করার চেষ্টা করুন।"},{"$i":"videos","$v":"ভিডিও"},{"$i":"cancel","$v":"বাতিল"},{"$i":"delete-video?","$v":"ভিডিও অপসারণ করবেন?"},{"$i":"empty-title","$v":"শুরু করতে ভিডিও যোগ করুন"},{"$i":"empty-text","$v":"মেমরি কার্ডে ভিডিও লোড করুন।"},{"$i":"nocard2-title","$v":"মেমরি কার্ড নেই"},{"$i":"nocard3-text","$v":"ভিডিও দেখতে মেমরী কার্ডযুক্ত করুন।"},{"$i":"pluggedin-title","$v":"ইউএসবি লাগানো অবস্থায় ভিডিও দেখা যাবে না"},{"$i":"pluggedin-text","$v":"ভিডিও দেখতে ফোন থেকে ইউএসবি খুলুন।"},{"$i":"upgrade-title","$v":"ডাটাবেজ হালনাগাদ"},{"$i":"upgrade-text","$v":"ভিডিও ডাটাবেজ হালনাগাদ হওয়া পর্যন্ত অপেক্ষা করুন।"},{"$i":"confirm-delete","$v":"আপনি কি অপসারণের ব্যাপারে নিশ্চিত:"},{"$i":"pick-title","$v":"একটি ভিডিও নির্বাচন করুন"},{"$i":"save","$v":"সংরক্ষণ"},{"$i":"saved","$v":[{"t":"idOrVar","v":"title"}," ভিডিও ফোল্ডারে সংরক্ষিত হয়েছে"]},{"$i":"error-network","$v":"নেটওয়ার্ক জনিত ত্রুটির কারনে ভিডিওটি ডাউনলোড হতে পারছে না।"},{"$i":"error-unsupported","$v":"ভিডিও চালানো যাচ্ছে না: কারণ হতে সার্ভার অথবা নেটওয়ার্ক ত্রুটি কিংবা অসমর্থিত ফাইল ফরম্যাট।"},{"$i":"error-unknown","$v":"একটি অজানা ভিডিও ত্রুটি দেখা দিয়েছে।"},{"$i":"video-hardware-in-use-title","$v":"Cannot play video"},{"$i":"video-hardware-in-use-text","$v":"Another app is currently using the video player."},{"$i":"overlay-cancel-button","$v":"বাতিল"},{"$i":"overlay-camera-button","$v":"ক্যামেরায় যান"},{"$i":"name-label","$v":"নাম"},{"$i":"length-label","$v":"ব্যাপ্তিকাল"},{"$i":"size-label","$v":"আকার"},{"$i":"video-type-label","$v":"ভিডিওর ধরন"},{"$i":"date-taken-label","$v":"ধারনের তারিখ"},{"$i":"resolution-label","$v":"রেজল্যুশন"},{"$i":"close-button","$v":"বন্ধ"},{"$i":"byteUnit-B","$v":"বাইট"},{"$i":"byteUnit-KB","$v":"KB"},{"$i":"byteUnit-MB","$v":"MB"},{"$i":"byteUnit-GB","$v":"GB"},{"$i":"byteUnit-TB","$v":"টেরাবাইট"},{"$i":"byteUnit-PB","$v":"পেটাবাইট"},{"$i":"byteUnit-EB","$v":"এক্সাবাইট"},{"$i":"byteUnit-ZB","$v":"যেট্টাবাইট"},{"$i":"byteUnit-YB","$v":"ইওট্টাবাইট"},{"$i":"date-group-header","$v":"%B %Y"},{"$i":"share","$v":"শেয়ার"},{"$i":"more-info","$v":"আরও তথ্য"},{"$i":"delete","$v":"অপসারণ"},{"$i":"weekday-0-long","$v":"রবিবার"},{"$i":"weekday-1-long","$v":"সোমবার"},{"$i":"weekday-2-long","$v":"মঙ্গলবার"},{"$i":"weekday-3-long","$v":"বুধবার"},{"$i":"weekday-4-long","$v":"বৃহস্পতিবার"},{"$i":"weekday-5-long","$v":"শুক্রবার"},{"$i":"weekday-6-long","$v":"শনিবার"},{"$i":"weekday-0-short","$v":"রবি"},{"$i":"weekday-1-short","$v":"সোম"},{"$i":"weekday-2-short","$v":"মঙ্গল"},{"$i":"weekday-3-short","$v":"বুধ"},{"$i":"weekday-4-short","$v":"বৃহঃ"},{"$i":"weekday-5-short","$v":"শুক্র"},{"$i":"weekday-6-short","$v":"শনি"},{"$i":"month-0-long","$v":"জানুয়ারি"},{"$i":"month-1-long","$v":"ফেব্রুয়ারি"},{"$i":"month-2-long","$v":"মার্চ"},{"$i":"month-3-long","$v":"এপ্রিল"},{"$i":"month-4-long","$v":"মে"},{"$i":"month-5-long","$v":"জুন"},{"$i":"month-6-long","$v":"জুলাই"},{"$i":"month-7-long","$v":"আগস্ট"},{"$i":"month-8-long","$v":"সেপ্টেম্বর"},{"$i":"month-9-long","$v":"অক্টোবর"},{"$i":"month-10-long","$v":"নভেম্বর"},{"$i":"month-11-long","$v":"ডিসেম্বর"},{"$i":"month-0-genitive","$v":"জানুয়ারি"},{"$i":"month-1-genitive","$v":"ফেব্রুয়ারি"},{"$i":"month-2-genitive","$v":"মার্চ"},{"$i":"month-3-genitive","$v":"এপ্রিল"},{"$i":"month-4-genitive","$v":"মে"},{"$i":"month-5-genitive","$v":"জুন"},{"$i":"month-6-genitive","$v":"জুলাই"},{"$i":"month-7-genitive","$v":"আগস্ট"},{"$i":"month-8-genitive","$v":"সেপ্টেম্বর"},{"$i":"month-9-genitive","$v":"অক্টোবর"},{"$i":"month-10-genitive","$v":"নভেম্বর"},{"$i":"month-11-genitive","$v":"ডিসেম্বর"},{"$i":"month-0-short","$v":"জানু"},{"$i":"month-1-short","$v":"ফেব্রু"},{"$i":"month-2-short","$v":"মার্চ"},{"$i":"month-3-short","$v":"এপ্রিল"},{"$i":"month-4-short","$v":"মে"},{"$i":"month-5-short","$v":"জুন"},{"$i":"month-6-short","$v":"জুলাই"},{"$i":"month-7-short","$v":"আগস্ট"},{"$i":"month-8-short","$v":"সেপ্ট"},{"$i":"month-9-short","$v":"অক্টো"},{"$i":"month-10-short","$v":"নভে"},{"$i":"month-11-short","$v":"ডিসে"},{"$i":"minutes-ago-long","$v":{"zero":"এইমাত্র","one":"১ মিনিট পূর্বে","two":[{"t":"idOrVar","v":"value"}," মিনিট পূর্বে"],"few":[{"t":"idOrVar","v":"value"}," মিনিট পূর্বে"],"many":[{"t":"idOrVar","v":"value"}," মিনিট পূর্বে"],"other":[{"t":"idOrVar","v":"value"}," মিনিট পূর্বে"]},"$x":[{"t":"idOrVar","v":"plural"},"value"]},{"$i":"hours-ago-long","$v":{"zero":"এইমাত্র","one":"১ ঘন্টা পূর্বে","two":[{"t":"idOrVar","v":"value"}," ঘন্টা পূর্বে"],"few":[{"t":"idOrVar","v":"value"}," ঘন্টা পূর্বে"],"many":[{"t":"idOrVar","v":"value"}," ঘন্টা পূর্বে"],"other":[{"t":"idOrVar","v":"value"}," ঘন্টা পূর্বে"]},"$x":[{"t":"idOrVar","v":"plural"},"value"]},{"$i":"days-ago-long","$v":{"zero":"আজ","one":"গতকাল","two":[{"t":"idOrVar","v":"value"}," দিন পূর্বে"],"few":[{"t":"idOrVar","v":"value"}," দিন পূর্বে"],"many":[{"t":"idOrVar","v":"value"}," দিন পূর্বে"],"other":[{"t":"idOrVar","v":"value"}," দিন পূর্বে"]},"$x":[{"t":"idOrVar","v":"plural"},"value"]},{"$i":"weeks-ago-long","$v":{"zero":"এই সপ্তাহে","one":"গত সপ্তাহ","two":[{"t":"idOrVar","v":"value"}," সপ্তাহ পূর্বে"],"few":[{"t":"idOrVar","v":"value"}," সপ্তাহ পূর্বে"],"many":[{"t":"idOrVar","v":"value"}," সপ্তাহ পূর্বে"],"other":[{"t":"idOrVar","v":"value"}," সপ্তাহ পূর্বে"]},"$x":[{"t":"idOrVar","v":"plural"},"value"]},{"$i":"months-ago-long","$v":{"zero":"চলতি মাস","one":"গত মাস","two":[{"t":"idOrVar","v":"value"}," মাস পূর্বে"],"few":[{"t":"idOrVar","v":"value"}," মাস পূর্বে"],"many":[{"t":"idOrVar","v":"value"}," মাস পূর্বে"],"other":[{"t":"idOrVar","v":"value"}," মাস পূর্বে"]},"$x":[{"t":"idOrVar","v":"plural"},"value"]},{"$i":"years-ago-long","$v":{"zero":"এই বছর","one":"গত বছর","two":[{"t":"idOrVar","v":"value"}," বছর আগে"],"few":[{"t":"idOrVar","v":"value"}," বছর পূর্বে"],"many":[{"t":"idOrVar","v":"value"}," বছর পূর্বে"],"other":[{"t":"idOrVar","v":"value"}," বছর পূর্বে"]},"$x":[{"t":"idOrVar","v":"plural"},"value"]},{"$i":"minutes-until-long","$v":{"zero":"এখন","one":"এক মিনিটের মধ্যে","two":[{"t":"idOrVar","v":"value"}," মিনিটের মধ্যে"],"few":[{"t":"idOrVar","v":"value"}," মিনিটের মধ্যে"],"many":[{"t":"idOrVar","v":"value"}," মিনিটের মধ্যে"],"other":[{"t":"idOrVar","v":"value"}," মিনিটের মধ্যে"]},"$x":[{"t":"idOrVar","v":"plural"},"value"]},{"$i":"hours-until-long","$v":{"zero":"এখন","one":"এক ঘন্টার মধ্যে","two":[{"t":"idOrVar","v":"value"}," ঘন্টার মধ্যে"],"few":[{"t":"idOrVar","v":"value"}," ঘন্টার মধ্যে"],"many":[{"t":"idOrVar","v":"value"}," ঘন্টার মধ্যে"],"other":[{"t":"idOrVar","v":"value"}," ঘন্টার মধ্যে"]},"$x":[{"t":"idOrVar","v":"plural"},"value"]},{"$i":"days-until-long","$v":{"zero":"আজ","one":"আগামীকাল","two":[{"t":"idOrVar","v":"value"}," দিনের মধ্যে"],"few":[{"t":"idOrVar","v":"value"}," দিনের মধ্যে"],"many":[{"t":"idOrVar","v":"value"}," দিনের মধ্যে"],"other":[{"t":"idOrVar","v":"value"}," দিনের মধ্যে"]},"$x":[{"t":"idOrVar","v":"plural"},"value"]},{"$i":"weeks-until-long","$v":{"zero":"এই সপ্তাহ","one":"পরবর্তী সপ্তাহ","two":[{"t":"idOrVar","v":"value"}," সপ্তাহের মধ্যে"],"few":[{"t":"idOrVar","v":"value"}," সপ্তাহের মধ্যে"],"many":[{"t":"idOrVar","v":"value"}," সপ্তাহের মধ্যে"],"other":[{"t":"idOrVar","v":"value"}," সপ্তাহের মধ্যে"]},"$x":[{"t":"idOrVar","v":"plural"},"value"]},{"$i":"months-until-long","$v":{"zero":"এই মাস","one":"পরবর্তী মাস","two":[{"t":"idOrVar","v":"value"}," মাসের মধ্যে"],"few":[{"t":"idOrVar","v":"value"}," মাসের মধ্যে"],"many":[{"t":"idOrVar","v":"value"}," মাসের মধ্যে"],"other":[{"t":"idOrVar","v":"value"}," মাসের মধ্যে"]},"$x":[{"t":"idOrVar","v":"plural"},"value"]},{"$i":"years-until-long","$v":{"zero":"এই বছর","one":"আগামী বছর","two":[{"t":"idOrVar","v":"value"}," বছরের মধ্যে"],"few":[{"t":"idOrVar","v":"value"}," বছরের মধ্যে"],"many":[{"t":"idOrVar","v":"value"}," বছরের মধ্যে"],"other":[{"t":"idOrVar","v":"value"}," বছরের মধ্যে"]},"$x":[{"t":"idOrVar","v":"plural"},"value"]},{"$i":"minutes-ago-short","$v":{"zero":"এইমাত্র","other":[{"t":"idOrVar","v":"value"},"মি. পূর্বে"]},"$x":[{"t":"idOrVar","v":"plural"},"value"]},{"$i":"hours-ago-short","$v":{"zero":"এইমাত্র","other":[{"t":"idOrVar","v":"value"},"ঘন্টা পূর্বে"]},"$x":[{"t":"idOrVar","v":"plural"},"value"]},{"$i":"days-ago-short","$v":{"zero":"আজ","other":[{"t":"idOrVar","v":"value"},"দিন পূর্বে"]},"$x":[{"t":"idOrVar","v":"plural"},"value"]},{"$i":"minutes-until-short","$v":{"zero":"এখন","other":[{"t":"idOrVar","v":"value"}," মিনিটের মধ্যে"]},"$x":[{"t":"idOrVar","v":"plural"},"value"]},{"$i":"hours-until-short","$v":{"zero":"এখন","other":[{"t":"idOrVar","v":"value"},"ঘন্টার মধ্যে"]},"$x":[{"t":"idOrVar","v":"plural"},"value"]},{"$i":"days-until-short","$v":{"zero":"আজ","other":[{"t":"idOrVar","v":"value"},"দিনের মধ্যে"]},"$x":[{"t":"idOrVar","v":"plural"},"value"]},{"$i":"incorrectDate","$v":"(ভুল তারিখ)"},{"$i":"dateTimeFormat_%c","$v":"%a %b %e %Y %I:%M:%S %p"},{"$i":"dateTimeFormat_%x","$v":"%m/%d/%Y"},{"$i":"dateTimeFormat_%X","$v":"%I:%M:%S %p"},{"$i":"shortTimeFormat","$v":"%I:%M %p"},{"$i":"shortTimeFormat12","$v":"%I:%M %p"},{"$i":"shortTimeFormat24","$v":"%H:%M"},{"$i":"shortDateTimeFormat","$v":"%x %I:%M %p"},{"$i":"weekStartsOnMonday","$v":"0"},{"$i":"firstDayOfTheWeek","$v":"0"},{"$i":"time_am","$v":"AM"},{"$i":"time_pm","$v":"PM"}]