[{"$i":"done","$v":"Færdig"},{"$i":"number-selected2","$v":{"zero":"Vælg","one":[{"t":"idOrVar","v":"n"}," valgt"],"two":[{"t":"idOrVar","v":"n"}," valgt"],"few":[{"t":"idOrVar","v":"n"}," valgt"],"many":[{"t":"idOrVar","v":"n"}," valgt"],"other":[{"t":"idOrVar","v":"n"}," valgt"]},"$x":[{"t":"idOrVar","v":"plural"},"n"]},{"$i":"delete-n-items?","$v":{"zero":"Intet valgt","one":"Slet den valgte video?","two":["Slet ",{"t":"idOrVar","v":"n"}," videoer?"],"few":["Slet ",{"t":"idOrVar","v":"n"}," videoer?"],"many":["Slet ",{"t":"idOrVar","v":"n"}," videoer?"],"other":["Slet ",{"t":"idOrVar","v":"n"}," videoer?"]},"$x":[{"t":"idOrVar","v":"plural"},"n"]},{"$i":"share-noprovider","$v":"Prøv at dele én video ad gangen."},{"$i":"videos","$v":"Videoer"},{"$i":"cancel","$v":"Annuller"},{"$i":"delete-video?","$v":"Slet video?"},{"$i":"empty-title","$v":"Tilføj videoer for at komme i gang"},{"$i":"empty-text","$v":"Gem videoer på hukommelseskortet."},{"$i":"nocard2-title","$v":"Hukommelseskort ikke fundet"},{"$i":"nocard3-text","$v":"Indsæt hukommelseskort for at se videoer."},{"$i":"pluggedin-title","$v":"Videoer kan ikke afspilles, når telefonen er tilsluttet"},{"$i":"pluggedin-text","$v":"Afkobl telefonen for at se videoer."},{"$i":"upgrade-title","$v":"Databasen opdateres"},{"$i":"upgrade-text","$v":"Vent mens Video opdaterer sin database."},{"$i":"confirm-delete","$v":"Er du sikker på, at du vil slette:"},{"$i":"pick-title","$v":"Vælg en video"},{"$i":"save","$v":"Gem"},{"$i":"saved","$v":[{"t":"idOrVar","v":"title"}," er gemt i videosamlingen"]},{"$i":"error-network","$v":"Videoen kunne ikke hentes på grund af en netværksfejl."},{"$i":"error-unsupported","$v":"Videoen kan ikke afspilles: Enten fordi der opstod en fejl på serveren eller en netværksfejl, eller fordi formatet ikke er understøttet."},{"$i":"error-unknown","$v":"Der opstod en ukendt videofejl."},{"$i":"video-hardware-in-use-title","$v":"Kan ikke indlæse video"},{"$i":"video-hardware-in-use-text","$v":"Videoafspilleren bruges i øjeblikket af en anden app."},{"$i":"overlay-cancel-button","$v":"Annuller"},{"$i":"overlay-camera-button","$v":"Skift til kamera"},{"$i":"name-label","$v":"Navn"},{"$i":"length-label","$v":"Længde"},{"$i":"size-label","$v":"Størrelse"},{"$i":"video-type-label","$v":"Videotype"},{"$i":"date-taken-label","$v":"Optaget dato"},{"$i":"resolution-label","$v":"Opløsning"},{"$i":"close-button","$v":"Luk"},{"$i":"byteUnit-B","$v":"Bytes"},{"$i":"byteUnit-KB","$v":"KB"},{"$i":"byteUnit-MB","$v":"MB"},{"$i":"byteUnit-GB","$v":"GB"},{"$i":"byteUnit-TB","$v":"TB"},{"$i":"byteUnit-PB","$v":"PB"},{"$i":"byteUnit-EB","$v":"EB"},{"$i":"byteUnit-ZB","$v":"ZB"},{"$i":"byteUnit-YB","$v":"YB"},{"$i":"date-group-header","$v":"%B %Y"},{"$i":"share","$v":"Del"},{"$i":"more-info","$v":"Mere info"},{"$i":"delete","$v":"Slet"},{"$i":"weekday-0-long","$v":"Søndag"},{"$i":"weekday-1-long","$v":"Mandag"},{"$i":"weekday-2-long","$v":"Tirsdag"},{"$i":"weekday-3-long","$v":"Onsdag"},{"$i":"weekday-4-long","$v":"Torsdag"},{"$i":"weekday-5-long","$v":"Fredag"},{"$i":"weekday-6-long","$v":"Lørdag"},{"$i":"weekday-0-short","$v":"Søn"},{"$i":"weekday-1-short","$v":"Man"},{"$i":"weekday-2-short","$v":"Tir"},{"$i":"weekday-3-short","$v":"Ons"},{"$i":"weekday-4-short","$v":"Tor"},{"$i":"weekday-5-short","$v":"Fre"},{"$i":"weekday-6-short","$v":"Lør"},{"$i":"month-0-long","$v":"Januar"},{"$i":"month-1-long","$v":"Februar"},{"$i":"month-2-long","$v":"Marts"},{"$i":"month-3-long","$v":"April"},{"$i":"month-4-long","$v":"Maj"},{"$i":"month-5-long","$v":"Juni"},{"$i":"month-6-long","$v":"Juli"},{"$i":"month-7-long","$v":"August"},{"$i":"month-8-long","$v":"September"},{"$i":"month-9-long","$v":"Oktober"},{"$i":"month-10-long","$v":"November"},{"$i":"month-11-long","$v":"December"},{"$i":"month-0-genitive","$v":"januar"},{"$i":"month-1-genitive","$v":"februar"},{"$i":"month-2-genitive","$v":"marts"},{"$i":"month-3-genitive","$v":"april"},{"$i":"month-4-genitive","$v":"maj"},{"$i":"month-5-genitive","$v":"juni"},{"$i":"month-6-genitive","$v":"juli"},{"$i":"month-7-genitive","$v":"august"},{"$i":"month-8-genitive","$v":"september"},{"$i":"month-9-genitive","$v":"oktober"},{"$i":"month-10-genitive","$v":"november"},{"$i":"month-11-genitive","$v":"december"},{"$i":"month-0-short","$v":"Jan"},{"$i":"month-1-short","$v":"Feb"},{"$i":"month-2-short","$v":"Mar"},{"$i":"month-3-short","$v":"Apr"},{"$i":"month-4-short","$v":"Maj"},{"$i":"month-5-short","$v":"Jun"},{"$i":"month-6-short","$v":"Jul"},{"$i":"month-7-short","$v":"Aug"},{"$i":"month-8-short","$v":"Sep"},{"$i":"month-9-short","$v":"Okt"},{"$i":"month-10-short","$v":"Nov"},{"$i":"month-11-short","$v":"Dec"},{"$i":"minutes-ago-long","$v":{"zero":"nu","one":"for et minut siden","two":["for ",{"t":"idOrVar","v":"value"}," minutter siden"],"few":["for ",{"t":"idOrVar","v":"value"}," minutter siden"],"many":["for ",{"t":"idOrVar","v":"value"}," minutter siden"],"other":["for ",{"t":"idOrVar","v":"value"}," minutter siden"]},"$x":[{"t":"idOrVar","v":"plural"},"value"]},{"$i":"hours-ago-long","$v":{"zero":"nu","one":"for en time siden","two":["for ",{"t":"idOrVar","v":"value"}," timer siden"],"few":["for ",{"t":"idOrVar","v":"value"}," timer siden"],"many":["for ",{"t":"idOrVar","v":"value"}," timer siden"],"other":["for ",{"t":"idOrVar","v":"value"}," timer siden"]},"$x":[{"t":"idOrVar","v":"plural"},"value"]},{"$i":"days-ago-long","$v":{"zero":"i dag","one":"i går","two":["for ",{"t":"idOrVar","v":"value"}," dage siden"],"few":["for ",{"t":"idOrVar","v":"value"}," dage siden"],"many":["for ",{"t":"idOrVar","v":"value"}," dage siden"],"other":["for ",{"t":"idOrVar","v":"value"}," dage siden"]},"$x":[{"t":"idOrVar","v":"plural"},"value"]},{"$i":"weeks-ago-long","$v":{"zero":"denne uge","one":"sidste uge","two":["for ",{"t":"idOrVar","v":"value"}," uger siden"],"few":["for ",{"t":"idOrVar","v":"value"}," uger siden"],"many":["for ",{"t":"idOrVar","v":"value"}," uger siden"],"other":["for ",{"t":"idOrVar","v":"value"}," uger siden"]},"$x":[{"t":"idOrVar","v":"plural"},"value"]},{"$i":"months-ago-long","$v":{"zero":"denne måned","one":"sidste måned","two":["for ",{"t":"idOrVar","v":"value"}," måneder siden"],"few":["for ",{"t":"idOrVar","v":"value"}," måneder siden"],"many":["for ",{"t":"idOrVar","v":"value"}," måneder siden"],"other":["for ",{"t":"idOrVar","v":"value"}," måneder siden"]},"$x":[{"t":"idOrVar","v":"plural"},"value"]},{"$i":"years-ago-long","$v":{"zero":"dette år","one":"sidste år","two":["for ",{"t":"idOrVar","v":"value"}," år siden"],"few":["for ",{"t":"idOrVar","v":"value"}," år siden"],"many":["for ",{"t":"idOrVar","v":"value"}," år siden"],"other":["for ",{"t":"idOrVar","v":"value"}," år siden"]},"$x":[{"t":"idOrVar","v":"plural"},"value"]},{"$i":"minutes-until-long","$v":{"zero":"nu","one":"om et minut","two":["om ",{"t":"idOrVar","v":"value"}," minutter"],"few":["om ",{"t":"idOrVar","v":"value"}," minutter"],"many":["om ",{"t":"idOrVar","v":"value"}," minutter"],"other":["om ",{"t":"idOrVar","v":"value"}," minutter"]},"$x":[{"t":"idOrVar","v":"plural"},"value"]},{"$i":"hours-until-long","$v":{"zero":"nu","one":"om en time","two":["om ",{"t":"idOrVar","v":"value"}," timer"],"few":["om ",{"t":"idOrVar","v":"value"}," timer"],"many":["om ",{"t":"idOrVar","v":"value"}," timer"],"other":["om ",{"t":"idOrVar","v":"value"}," timer"]},"$x":[{"t":"idOrVar","v":"plural"},"value"]},{"$i":"days-until-long","$v":{"zero":"i dag","one":"i morgen","two":["om ",{"t":"idOrVar","v":"value"}," dage"],"few":["om ",{"t":"idOrVar","v":"value"}," dage"],"many":["om ",{"t":"idOrVar","v":"value"}," dage"],"other":["om ",{"t":"idOrVar","v":"value"}," dage"]},"$x":[{"t":"idOrVar","v":"plural"},"value"]},{"$i":"weeks-until-long","$v":{"zero":"denne uge","one":"næste uge","two":["om ",{"t":"idOrVar","v":"value"}," uger"],"few":["om ",{"t":"idOrVar","v":"value"}," uger"],"many":["om ",{"t":"idOrVar","v":"value"}," uger"],"other":["om ",{"t":"idOrVar","v":"value"}," uger"]},"$x":[{"t":"idOrVar","v":"plural"},"value"]},{"$i":"months-until-long","$v":{"zero":"denne måned","one":"næste måned","two":["om ",{"t":"idOrVar","v":"value"}," måneder"],"few":["om ",{"t":"idOrVar","v":"value"}," måneder"],"many":["om ",{"t":"idOrVar","v":"value"}," måneder"],"other":["om ",{"t":"idOrVar","v":"value"}," måneder"]},"$x":[{"t":"idOrVar","v":"plural"},"value"]},{"$i":"years-until-long","$v":{"zero":"i år","one":"næste år","two":["om ",{"t":"idOrVar","v":"value"}," år"],"few":["om ",{"t":"idOrVar","v":"value"}," år"],"many":["om ",{"t":"idOrVar","v":"value"}," år"],"other":["om ",{"t":"idOrVar","v":"value"}," år"]},"$x":[{"t":"idOrVar","v":"plural"},"value"]},{"$i":"minutes-ago-short","$v":{"zero":"nu","other":[{"t":"idOrVar","v":"value"}," m. siden"]},"$x":[{"t":"idOrVar","v":"plural"},"value"]},{"$i":"hours-ago-short","$v":{"zero":"nu","other":[{"t":"idOrVar","v":"value"}," t. siden"]},"$x":[{"t":"idOrVar","v":"plural"},"value"]},{"$i":"days-ago-short","$v":{"zero":"i dag","other":[{"t":"idOrVar","v":"value"}," d. siden"]},"$x":[{"t":"idOrVar","v":"plural"},"value"]},{"$i":"minutes-until-short","$v":{"zero":"nu","other":["om ",{"t":"idOrVar","v":"value"}," m."]},"$x":[{"t":"idOrVar","v":"plural"},"value"]},{"$i":"hours-until-short","$v":{"zero":"nu","other":["om ",{"t":"idOrVar","v":"value"}," t."]},"$x":[{"t":"idOrVar","v":"plural"},"value"]},{"$i":"days-until-short","$v":{"zero":"i dag","other":["om ",{"t":"idOrVar","v":"value"}," d."]},"$x":[{"t":"idOrVar","v":"plural"},"value"]},{"$i":"incorrectDate","$v":"(forkert dato)"},{"$i":"dateTimeFormat_%c","$v":"%a d. %e. %b %Y %H:%M:%S"},{"$i":"dateTimeFormat_%x","$v":"%d-%m-%Y"},{"$i":"dateTimeFormat_%X","$v":"%H:%M:%S"},{"$i":"shortTimeFormat","$v":"%H:%M"},{"$i":"shortTimeFormat12","$v":"%I:%M %p"},{"$i":"shortTimeFormat24","$v":"%H:%M"},{"$i":"shortDateTimeFormat","$v":"%x %H:%M"},{"$i":"weekStartsOnMonday","$v":"1"},{"$i":"firstDayOfTheWeek","$v":"1"},{"$i":"time_am","$v":"AM"},{"$i":"time_pm","$v":"PM"}]