[{"$i":"done","$v":"Done"},{"$i":"number-selected2","$v":{"zero":"Επιλογή","one":[{"t":"idOrVar","v":"n"}," επιλεγμένο"],"two":[{"t":"idOrVar","v":"n"}," επιλεγμένα"],"few":[{"t":"idOrVar","v":"n"}," επιλεγμένα"],"many":[{"t":"idOrVar","v":"n"}," επιλεγμένα"],"other":[{"t":"idOrVar","v":"n"}," επιλεγμένα"]},"$x":[{"t":"idOrVar","v":"plural"},"n"]},{"$i":"delete-n-items?","$v":{"zero":"Κανένα επιλεγμένο","one":"Διαγραφή επιλεγμένου αντικειμένου;","two":["Διαγραφή ",{"t":"idOrVar","v":"n"}," αντικειμένων;"],"few":["Διαγραφή ",{"t":"idOrVar","v":"n"}," αντικειμένων;"],"many":["Διαγραφή ",{"t":"idOrVar","v":"n"}," αντικειμένων;"],"other":["Διαγραφή ",{"t":"idOrVar","v":"n"}," αντικειμένων;"]},"$x":[{"t":"idOrVar","v":"plural"},"n"]},{"$i":"share-noprovider","$v":"Προσπαθήστε να μοιράζεστε ένα βίντεο τη φορά."},{"$i":"videos","$v":"Βίντεο"},{"$i":"cancel","$v":"Ακύρωση"},{"$i":"delete-video?","$v":"Διαγραφή του βίντεο;"},{"$i":"empty-title","$v":"Προσθέστε βίντεο για να ξεκινήσετε"},{"$i":"empty-text","$v":"Προσθέστε βίντεο στην κάρτα μνήμης."},{"$i":"nocard2-title","$v":"Δε βρέθηκε κάρτα μνήμης"},{"$i":"nocard3-text","$v":"Εισάγετε μια κάρτα μνήμης για να δείτε βίντεο."},{"$i":"pluggedin-title","$v":"Δε μπορείτε να παρακολουθήσετε βίντεο όσο η συσκευή είναι συνδεδεμένη"},{"$i":"pluggedin-text","$v":"Αποσυνδέστε το τηλέφωνο για να παρακολουθήσετε βίντεο."},{"$i":"upgrade-title","$v":"Αναβάθμιση Βάσης"},{"$i":"upgrade-text","$v":"Παρακαλούμε περιμένετε καθώς η εφαρμογή «Βίντεο» ενημερώνει τη βάση της."},{"$i":"confirm-delete","$v":"Είστε σίγουροι πως θέλετε να διαγράψετε το:"},{"$i":"pick-title","$v":"Επιλέξτε ένα βίντεο"},{"$i":"save","$v":"Αποθήκευση"},{"$i":"saved","$v":[{"t":"idOrVar","v":"title"}," αποθηκεύτηκε στα Βίντεο"]},{"$i":"error-network","$v":"Η λήψη του βίντεο απέτυχε λόγω σφάλματος δικτύου."},{"$i":"error-unsupported","$v":"Δεν είναι δυνατή η αναπαραγωγή: είτε λόγω σφάλματος διακομιστή ή δικτύου είτε λόγω μη συμβατού τύπου αρχείου."},{"$i":"error-unknown","$v":"Παρουσιάστηκε άγνωστο σφάλμα."},{"$i":"video-hardware-in-use-title","$v":"Cannot play video"},{"$i":"video-hardware-in-use-text","$v":"Another app is currently using the video player."},{"$i":"overlay-cancel-button","$v":"Ακύρωση"},{"$i":"overlay-camera-button","$v":"Μετάβαση στην Κάμερα"},{"$i":"name-label","$v":"Όνομα"},{"$i":"length-label","$v":"Διάρκεια"},{"$i":"size-label","$v":"Μέγεθος"},{"$i":"video-type-label","$v":"Τύπος βίντεο"},{"$i":"date-taken-label","$v":"Ημερομηνία λήψης"},{"$i":"resolution-label","$v":"Ανάλυση"},{"$i":"close-button","$v":"Κλείσιμο"},{"$i":"byteUnit-B","$v":"Bytes"},{"$i":"byteUnit-KB","$v":"KB"},{"$i":"byteUnit-MB","$v":"MB"},{"$i":"byteUnit-GB","$v":"GB"},{"$i":"byteUnit-TB","$v":"TB"},{"$i":"byteUnit-PB","$v":"PB"},{"$i":"byteUnit-EB","$v":"EB"},{"$i":"byteUnit-ZB","$v":"ZB"},{"$i":"byteUnit-YB","$v":"YB"},{"$i":"date-group-header","$v":"%B %Y"},{"$i":"share","$v":"Μοιραστείτε"},{"$i":"more-info","$v":"Περισσότερες πληροφορίες"},{"$i":"delete","$v":"Διαγραφή"},{"$i":"weekday-0-long","$v":"Κυριακή"},{"$i":"weekday-1-long","$v":"Δευτέρα"},{"$i":"weekday-2-long","$v":"Τρίτη"},{"$i":"weekday-3-long","$v":"Τετάρτη"},{"$i":"weekday-4-long","$v":"Πέμπτη"},{"$i":"weekday-5-long","$v":"Παρασκευή"},{"$i":"weekday-6-long","$v":"Σάββατο"},{"$i":"weekday-0-short","$v":"Κυρ"},{"$i":"weekday-1-short","$v":"Δευ"},{"$i":"weekday-2-short","$v":"Τρι"},{"$i":"weekday-3-short","$v":"Τετ"},{"$i":"weekday-4-short","$v":"Πεμ"},{"$i":"weekday-5-short","$v":"Παρ"},{"$i":"weekday-6-short","$v":"Σαβ"},{"$i":"month-0-long","$v":"Ιανουάριος"},{"$i":"month-1-long","$v":"Φεβρουάριος"},{"$i":"month-2-long","$v":"Μάρτιος"},{"$i":"month-3-long","$v":"Απρίλιος"},{"$i":"month-4-long","$v":"Μάιος"},{"$i":"month-5-long","$v":"Ιούνιος"},{"$i":"month-6-long","$v":"Ιούλιος"},{"$i":"month-7-long","$v":"Αύγουστος"},{"$i":"month-8-long","$v":"Σεπτέμβριος"},{"$i":"month-9-long","$v":"Οκτώβριος"},{"$i":"month-10-long","$v":"Νοέμβριος"},{"$i":"month-11-long","$v":"Δεκέμβριος"},{"$i":"month-0-genitive","$v":"Ιανουαρίου"},{"$i":"month-1-genitive","$v":"Φεβρουαρίου"},{"$i":"month-2-genitive","$v":"Μαρτίου"},{"$i":"month-3-genitive","$v":"Απριλίου"},{"$i":"month-4-genitive","$v":"Μαΐου"},{"$i":"month-5-genitive","$v":"Ιουνίου"},{"$i":"month-6-genitive","$v":"Ιουλίου"},{"$i":"month-7-genitive","$v":"Αυγούστου"},{"$i":"month-8-genitive","$v":"Σεπτεμβρίου"},{"$i":"month-9-genitive","$v":"Οκτωβρίου"},{"$i":"month-10-genitive","$v":"Νοεμβρίου"},{"$i":"month-11-genitive","$v":"Δεκεμβρίου"},{"$i":"month-0-short","$v":"Ιαν"},{"$i":"month-1-short","$v":"Φεβ"},{"$i":"month-2-short","$v":"Μαρ"},{"$i":"month-3-short","$v":"Απρ"},{"$i":"month-4-short","$v":"Μάι"},{"$i":"month-5-short","$v":"Ιουν"},{"$i":"month-6-short","$v":"Ιουλ"},{"$i":"month-7-short","$v":"Αυγ"},{"$i":"month-8-short","$v":"Σεπ"},{"$i":"month-9-short","$v":"Οκτ"},{"$i":"month-10-short","$v":"Νοε"},{"$i":"month-11-short","$v":"Δεκ"},{"$i":"minutes-ago-long","$v":{"zero":"μόλις τώρα","one":"πριν από ένα λεπτό","two":["πριν από ",{"t":"idOrVar","v":"value"}," λεπτά"],"few":["πριν από ",{"t":"idOrVar","v":"value"}," λεπτά"],"many":["πριν από ",{"t":"idOrVar","v":"value"}," λεπτά"],"other":["πριν από ",{"t":"idOrVar","v":"value"}," λεπτά"]},"$x":[{"t":"idOrVar","v":"plural"},"value"]},{"$i":"hours-ago-long","$v":{"zero":"μόλις τώρα","one":"πριν από μία ώρα","two":["πριν από ",{"t":"idOrVar","v":"value"}," ώρες"],"few":["πριν από ",{"t":"idOrVar","v":"value"}," ώρες"],"many":["πριν από ",{"t":"idOrVar","v":"value"}," ώρες"],"other":["πριν από ",{"t":"idOrVar","v":"value"}," ώρες"]},"$x":[{"t":"idOrVar","v":"plural"},"value"]},{"$i":"days-ago-long","$v":{"zero":"σήμερα","one":"χθες","two":["πριν από ",{"t":"idOrVar","v":"value"}," ημέρες"],"few":["πριν από ",{"t":"idOrVar","v":"value"}," ημέρες"],"many":["πριν από ",{"t":"idOrVar","v":"value"}," ημέρες"],"other":["πριν από ",{"t":"idOrVar","v":"value"}," ημέρες"]},"$x":[{"t":"idOrVar","v":"plural"},"value"]},{"$i":"weeks-ago-long","$v":{"zero":"αυτή την εβδομάδα","one":"την τελευταία εβδομάδα","two":["πριν από ",{"t":"idOrVar","v":"value"}," εβδομάδες"],"few":["πριν από ",{"t":"idOrVar","v":"value"}," εβδομάδες"],"many":["πριν από ",{"t":"idOrVar","v":"value"}," εβδομάδες"],"other":["πριν από ",{"t":"idOrVar","v":"value"}," εβδομάδες"]},"$x":[{"t":"idOrVar","v":"plural"},"value"]},{"$i":"months-ago-long","$v":{"zero":"αυτό τον μήνα","one":"τον τελευταίο μήνα","two":["πριν από ",{"t":"idOrVar","v":"value"}," μήνες"],"few":["πριν από ",{"t":"idOrVar","v":"value"}," μήνες"],"many":["πριν από ",{"t":"idOrVar","v":"value"}," μήνες"],"other":["πριν από ",{"t":"idOrVar","v":"value"}," μήνες"]},"$x":[{"t":"idOrVar","v":"plural"},"value"]},{"$i":"years-ago-long","$v":{"zero":"αυτό το έτος","one":"το περασμένο έτος","two":["πριν από ",{"t":"idOrVar","v":"value"}," χρόνια"],"few":["πριν από ",{"t":"idOrVar","v":"value"}," χρόνια"],"many":["πριν από ",{"t":"idOrVar","v":"value"}," χρόνια"],"other":["πριν από ",{"t":"idOrVar","v":"value"}," χρόνια"]},"$x":[{"t":"idOrVar","v":"plural"},"value"]},{"$i":"minutes-until-long","$v":{"zero":"τώρα","one":"σε ένα λεπτό","two":["σε ",{"t":"idOrVar","v":"value"}," λεπτά"],"few":["σε ",{"t":"idOrVar","v":"value"}," λεπτά"],"many":["σε ",{"t":"idOrVar","v":"value"}," λεπτά"],"other":["σε ",{"t":"idOrVar","v":"value"}," λεπτά"]},"$x":[{"t":"idOrVar","v":"plural"},"value"]},{"$i":"hours-until-long","$v":{"zero":"τώρα","one":"σε μία ώρα","two":["σε ",{"t":"idOrVar","v":"value"}," ώρες"],"few":["σε ",{"t":"idOrVar","v":"value"}," ώρες"],"many":["σε ",{"t":"idOrVar","v":"value"}," ώρες"],"other":["σε ",{"t":"idOrVar","v":"value"}," ώρες"]},"$x":[{"t":"idOrVar","v":"plural"},"value"]},{"$i":"days-until-long","$v":{"zero":"σήμερα","one":"αύριο","two":["σε ",{"t":"idOrVar","v":"value"}," ημέρες"],"few":["σε ",{"t":"idOrVar","v":"value"}," ημέρες"],"many":["σε ",{"t":"idOrVar","v":"value"}," ημέρες"],"other":["σε ",{"t":"idOrVar","v":"value"}," ημέρες"]},"$x":[{"t":"idOrVar","v":"plural"},"value"]},{"$i":"weeks-until-long","$v":{"zero":"αυτή την εβδομάδα","one":"την επόμενη εβδομάδα","two":["σε ",{"t":"idOrVar","v":"value"}," εβδομάδες"],"few":["σε ",{"t":"idOrVar","v":"value"}," εβδομάδες"],"many":["σε ",{"t":"idOrVar","v":"value"}," εβδομάδες"],"other":["σε ",{"t":"idOrVar","v":"value"}," εβδομάδες"]},"$x":[{"t":"idOrVar","v":"plural"},"value"]},{"$i":"months-until-long","$v":{"zero":"αυτό τον μήνα","one":"στον επόμενο μήνα","two":["σε ",{"t":"idOrVar","v":"value"}," μήνες"],"few":["σε ",{"t":"idOrVar","v":"value"}," μήνες"],"many":["σε ",{"t":"idOrVar","v":"value"}," μήνες"],"other":["σε ",{"t":"idOrVar","v":"value"}," μήνες"]},"$x":[{"t":"idOrVar","v":"plural"},"value"]},{"$i":"years-until-long","$v":{"zero":"αυτό το έτος","one":"επόμενο έτος","two":["σε ",{"t":"idOrVar","v":"value"}," έτη"],"few":["σε ",{"t":"idOrVar","v":"value"}," έτη"],"many":["σε ",{"t":"idOrVar","v":"value"}," έτη"],"other":["σε ",{"t":"idOrVar","v":"value"}," έτη"]},"$x":[{"t":"idOrVar","v":"plural"},"value"]},{"$i":"minutes-ago-short","$v":{"zero":"τώρα","other":["πριν ",{"t":"idOrVar","v":"value"},"′"]},"$x":[{"t":"idOrVar","v":"plural"},"value"]},{"$i":"hours-ago-short","$v":{"zero":"τώρα","other":["πριν ",{"t":"idOrVar","v":"value"}," ώρ."]},"$x":[{"t":"idOrVar","v":"plural"},"value"]},{"$i":"days-ago-short","$v":{"zero":"σήμερα","other":["πριν ",{"t":"idOrVar","v":"value"}," ημ."]},"$x":[{"t":"idOrVar","v":"plural"},"value"]},{"$i":"minutes-until-short","$v":{"zero":"τώρα","other":["σε ",{"t":"idOrVar","v":"value"},"′"]},"$x":[{"t":"idOrVar","v":"plural"},"value"]},{"$i":"hours-until-short","$v":{"zero":"τώρα","other":["σε ",{"t":"idOrVar","v":"value"}," ώρ."]},"$x":[{"t":"idOrVar","v":"plural"},"value"]},{"$i":"days-until-short","$v":{"zero":"σήμερα","other":["σε ",{"t":"idOrVar","v":"value"}," ημ."]},"$x":[{"t":"idOrVar","v":"plural"},"value"]},{"$i":"incorrectDate","$v":"(λάθος ημερομηνία)"},{"$i":"dateTimeFormat_%c","$v":"%a, %e %Eb %Y, %H:%M:%S"},{"$i":"dateTimeFormat_%x","$v":"%d/%m/%Y"},{"$i":"dateTimeFormat_%X","$v":"%H:%M:%S"},{"$i":"shortTimeFormat","$v":"%H:%M"},{"$i":"shortTimeFormat12","$v":"%I:%M %p"},{"$i":"shortTimeFormat24","$v":"%H:%M"},{"$i":"shortDateTimeFormat","$v":"%x %H:%M"},{"$i":"weekStartsOnMonday","$v":"0"},{"$i":"firstDayOfTheWeek","$v":"0"},{"$i":"time_am","$v":"πμ"},{"$i":"time_pm","$v":"μμ"}]