[{"$i":"done","$v":"Done"},{"$i":"number-selected2","$v":{"zero":"선택","one":[{"t":"idOrVar","v":"n"},"개 선택됨"],"two":[{"t":"idOrVar","v":"n"},"개 선택됨"],"few":[{"t":"idOrVar","v":"n"},"개 선택됨"],"many":[{"t":"idOrVar","v":"n"},"개 선택됨"],"other":[{"t":"idOrVar","v":"n"},"개 선택됨"]},"$x":[{"t":"idOrVar","v":"plural"},"n"]},{"$i":"delete-n-items?","$v":{"zero":"선택된 항목 없음","one":"선택된 항목을 삭제하시겠습니가?","two":[{"t":"idOrVar","v":"n"},"개를 삭제하시겠습니까?"],"few":[{"t":"idOrVar","v":"n"},"개를 삭제하시겠습니까?"],"many":[{"t":"idOrVar","v":"n"},"개를 삭제하시겠습니까?"],"other":[{"t":"idOrVar","v":"n"},"개를 삭제하시겠습니까?"]},"$x":[{"t":"idOrVar","v":"plural"},"n"]},{"$i":"share-noprovider","$v":"한번에 하나의 동영상을 공유할 수 있습니다."},{"$i":"videos","$v":"동영상"},{"$i":"cancel","$v":"취소"},{"$i":"delete-video?","$v":"동영상을 삭제하시겠습니까?"},{"$i":"empty-title","$v":"동영상 시작하기"},{"$i":"empty-text","$v":"동영상을 메모리 카드로 읽어들입니다."},{"$i":"nocard2-title","$v":"메모리 카드를 찾지 못함"},{"$i":"nocard3-text","$v":"동영상을 보기위해 메모리 카드를 삽입하세요."},{"$i":"pluggedin-title","$v":"폰이 꽂혀있으면 동영상을 볼 수 없음"},{"$i":"pluggedin-text","$v":"동영상을 보려면 폰을 빼십시오."},{"$i":"upgrade-title","$v":"데이터베이스 업그레이드"},{"$i":"upgrade-text","$v":"동영상 데이터베이스를 갱신하고 있습니다. 잠시 기다려 주세요."},{"$i":"confirm-delete","$v":"삭제 확인:"},{"$i":"pick-title","$v":"동영상 선택"},{"$i":"save","$v":"저장"},{"$i":"saved","$v":[{"t":"idOrVar","v":"title"}," 동영상을 저장함"]},{"$i":"error-network","$v":"네트워크 오류가 발생하여 동영상을 다운받지 못하였습니다."},{"$i":"error-unsupported","$v":"동영상을 재상할 수 없음: 서버나 네트워크에 오류가 있거나 지원되지 않는 형식입니다."},{"$i":"error-unknown","$v":"알 수 없는 동영상 오류가 발생하였습니다."},{"$i":"video-hardware-in-use-title","$v":"Cannot play video"},{"$i":"video-hardware-in-use-text","$v":"Another app is currently using the video player."},{"$i":"overlay-cancel-button","$v":"취소"},{"$i":"overlay-camera-button","$v":"카메라"},{"$i":"name-label","$v":"이름"},{"$i":"length-label","$v":"길이"},{"$i":"size-label","$v":"크기"},{"$i":"video-type-label","$v":"동영상 형식"},{"$i":"date-taken-label","$v":"촬영 날짜"},{"$i":"resolution-label","$v":"해상도"},{"$i":"close-button","$v":"닫기"},{"$i":"byteUnit-B","$v":"바이트"},{"$i":"byteUnit-KB","$v":"KB"},{"$i":"byteUnit-MB","$v":"MB"},{"$i":"byteUnit-GB","$v":"GB"},{"$i":"byteUnit-TB","$v":"TB"},{"$i":"byteUnit-PB","$v":"PB"},{"$i":"byteUnit-EB","$v":"EB"},{"$i":"byteUnit-ZB","$v":"ZB"},{"$i":"byteUnit-YB","$v":"YB"},{"$i":"date-group-header","$v":"%B %Y"},{"$i":"share","$v":"공유"},{"$i":"more-info","$v":"자세한 정보"},{"$i":"delete","$v":"삭제"},{"$i":"weekday-0-long","$v":"일요일"},{"$i":"weekday-1-long","$v":"월요일"},{"$i":"weekday-2-long","$v":"화요일"},{"$i":"weekday-3-long","$v":"수요일"},{"$i":"weekday-4-long","$v":"목요일"},{"$i":"weekday-5-long","$v":"금요일"},{"$i":"weekday-6-long","$v":"토요일"},{"$i":"weekday-0-short","$v":"일"},{"$i":"weekday-1-short","$v":"월"},{"$i":"weekday-2-short","$v":"화"},{"$i":"weekday-3-short","$v":"수"},{"$i":"weekday-4-short","$v":"목"},{"$i":"weekday-5-short","$v":"금"},{"$i":"weekday-6-short","$v":"토"},{"$i":"month-0-long","$v":"1월"},{"$i":"month-1-long","$v":"2월"},{"$i":"month-2-long","$v":"3월"},{"$i":"month-3-long","$v":"4월"},{"$i":"month-4-long","$v":"5월"},{"$i":"month-5-long","$v":"6월"},{"$i":"month-6-long","$v":"7월"},{"$i":"month-7-long","$v":"8월"},{"$i":"month-8-long","$v":"9월"},{"$i":"month-9-long","$v":"10월"},{"$i":"month-10-long","$v":"11월"},{"$i":"month-11-long","$v":"12월"},{"$i":"month-0-genitive","$v":"1월"},{"$i":"month-1-genitive","$v":"2월"},{"$i":"month-2-genitive","$v":"3월"},{"$i":"month-3-genitive","$v":"4월"},{"$i":"month-4-genitive","$v":"5월"},{"$i":"month-5-genitive","$v":"6월"},{"$i":"month-6-genitive","$v":"7월"},{"$i":"month-7-genitive","$v":"8월"},{"$i":"month-8-genitive","$v":"9월"},{"$i":"month-9-genitive","$v":"10월"},{"$i":"month-10-genitive","$v":"11월"},{"$i":"month-11-genitive","$v":"12월"},{"$i":"month-0-short","$v":"1월"},{"$i":"month-1-short","$v":"2월"},{"$i":"month-2-short","$v":"3월"},{"$i":"month-3-short","$v":"4월"},{"$i":"month-4-short","$v":"5월"},{"$i":"month-5-short","$v":"6월"},{"$i":"month-6-short","$v":"7월"},{"$i":"month-7-short","$v":"8월"},{"$i":"month-8-short","$v":"9월"},{"$i":"month-9-short","$v":"10월"},{"$i":"month-10-short","$v":"11월"},{"$i":"month-11-short","$v":"12월"},{"$i":"minutes-ago-long","$v":{"zero":"지금","one":"1분 전","two":[{"t":"idOrVar","v":"value"},"분 전"],"few":[{"t":"idOrVar","v":"value"},"분 전"],"many":[{"t":"idOrVar","v":"value"},"분 전"],"other":[{"t":"idOrVar","v":"value"},"분 전"]},"$x":[{"t":"idOrVar","v":"plural"},"value"]},{"$i":"hours-ago-long","$v":{"zero":"지금","one":"1시간 전","two":[{"t":"idOrVar","v":"value"},"시간 전"],"few":[{"t":"idOrVar","v":"value"},"시간 전"],"many":[{"t":"idOrVar","v":"value"},"시간 전"],"other":[{"t":"idOrVar","v":"value"},"시간 전"]},"$x":[{"t":"idOrVar","v":"plural"},"value"]},{"$i":"days-ago-long","$v":{"zero":"오늘","one":"어제","two":[{"t":"idOrVar","v":"value"},"일 전"],"few":[{"t":"idOrVar","v":"value"},"일 전"],"many":[{"t":"idOrVar","v":"value"},"일 전"],"other":[{"t":"idOrVar","v":"value"},"일 전"]},"$x":[{"t":"idOrVar","v":"plural"},"value"]},{"$i":"weeks-ago-long","$v":{"zero":"이번 주","one":"지난 주","two":[{"t":"idOrVar","v":"value"},"주 전"],"few":[{"t":"idOrVar","v":"value"},"주 전"],"many":[{"t":"idOrVar","v":"value"},"주 전"],"other":[{"t":"idOrVar","v":"value"},"주 전"]},"$x":[{"t":"idOrVar","v":"plural"},"value"]},{"$i":"months-ago-long","$v":{"zero":"이번 달","one":"지난 달","two":[{"t":"idOrVar","v":"value"},"개월 전"],"few":[{"t":"idOrVar","v":"value"},"개월 전"],"many":[{"t":"idOrVar","v":"value"},"개월 전"],"other":[{"t":"idOrVar","v":"value"},"개월 전"]},"$x":[{"t":"idOrVar","v":"plural"},"value"]},{"$i":"years-ago-long","$v":{"zero":"올해","one":"작년","two":[{"t":"idOrVar","v":"value"},"년 전"],"few":[{"t":"idOrVar","v":"value"},"년 전"],"many":[{"t":"idOrVar","v":"value"},"년 전"],"other":[{"t":"idOrVar","v":"value"},"년 전"]},"$x":[{"t":"idOrVar","v":"plural"},"value"]},{"$i":"minutes-until-long","$v":{"zero":"지금","one":"1분 후","two":[{"t":"idOrVar","v":"value"},"분 후"],"few":[{"t":"idOrVar","v":"value"},"분 후"],"many":[{"t":"idOrVar","v":"value"},"분 후"],"other":[{"t":"idOrVar","v":"value"},"분 후"]},"$x":[{"t":"idOrVar","v":"plural"},"value"]},{"$i":"hours-until-long","$v":{"zero":"지금","one":"한 시간 후","two":[{"t":"idOrVar","v":"value"},"시간 후"],"few":[{"t":"idOrVar","v":"value"},"시간 후"],"many":[{"t":"idOrVar","v":"value"},"시간 후"],"other":[{"t":"idOrVar","v":"value"},"시간 후"]},"$x":[{"t":"idOrVar","v":"plural"},"value"]},{"$i":"days-until-long","$v":{"zero":"오늘","one":"내일","two":[{"t":"idOrVar","v":"value"},"일 후"],"few":[{"t":"idOrVar","v":"value"},"일 후"],"many":[{"t":"idOrVar","v":"value"},"일 후"],"other":[{"t":"idOrVar","v":"value"},"일 후"]},"$x":[{"t":"idOrVar","v":"plural"},"value"]},{"$i":"weeks-until-long","$v":{"zero":"이번 주","one":"다음 주","two":[{"t":"idOrVar","v":"value"},"주 후"],"few":[{"t":"idOrVar","v":"value"},"주 후"],"many":[{"t":"idOrVar","v":"value"},"주 후"],"other":[{"t":"idOrVar","v":"value"},"주 후"]},"$x":[{"t":"idOrVar","v":"plural"},"value"]},{"$i":"months-until-long","$v":{"zero":"이번 달","one":"다음 달","two":[{"t":"idOrVar","v":"value"},"개월 후"],"few":[{"t":"idOrVar","v":"value"},"개월 후"],"many":[{"t":"idOrVar","v":"value"},"개월 후"],"other":[{"t":"idOrVar","v":"value"},"개월 후"]},"$x":[{"t":"idOrVar","v":"plural"},"value"]},{"$i":"years-until-long","$v":{"zero":"올해","one":"내년","two":[{"t":"idOrVar","v":"value"},"년 후"],"few":[{"t":"idOrVar","v":"value"},"년 후"],"many":[{"t":"idOrVar","v":"value"},"년 후"],"other":[{"t":"idOrVar","v":"value"},"년 후"]},"$x":[{"t":"idOrVar","v":"plural"},"value"]},{"$i":"minutes-ago-short","$v":{"zero":"지금","other":[{"t":"idOrVar","v":"value"},"분 전"]},"$x":[{"t":"idOrVar","v":"plural"},"value"]},{"$i":"hours-ago-short","$v":{"zero":"지금","other":[{"t":"idOrVar","v":"value"},"시간 전"]},"$x":[{"t":"idOrVar","v":"plural"},"value"]},{"$i":"days-ago-short","$v":{"zero":"오늘","other":[{"t":"idOrVar","v":"value"},"일 전"]},"$x":[{"t":"idOrVar","v":"plural"},"value"]},{"$i":"minutes-until-short","$v":{"zero":"지금","other":[{"t":"idOrVar","v":"value"},"분 후"]},"$x":[{"t":"idOrVar","v":"plural"},"value"]},{"$i":"hours-until-short","$v":{"zero":"지금","other":[{"t":"idOrVar","v":"value"},"시간 후"]},"$x":[{"t":"idOrVar","v":"plural"},"value"]},{"$i":"days-until-short","$v":{"zero":"오늘","other":[{"t":"idOrVar","v":"value"},"일 후"]},"$x":[{"t":"idOrVar","v":"plural"},"value"]},{"$i":"incorrectDate","$v":"(잘못된 날짜)"},{"$i":"dateTimeFormat_%c","$v":"%Y년 %B %e일 %a %I:%M:%S %p"},{"$i":"dateTimeFormat_%x","$v":"%Y/%m/%d"},{"$i":"dateTimeFormat_%X","$v":"%I:%M:%S %p"},{"$i":"shortTimeFormat","$v":"%I:%M %p"},{"$i":"shortTimeFormat12","$v":"%I:%M %p"},{"$i":"shortTimeFormat24","$v":"%H:%M"},{"$i":"shortDateTimeFormat","$v":"%x %I:%M %p"},{"$i":"weekStartsOnMonday","$v":"0"},{"$i":"firstDayOfTheWeek","$v":"0"},{"$i":"time_am","$v":"오전"},{"$i":"time_pm","$v":"오후"}]