[{"$i":"done","$v":"Done"},{"$i":"number-selected2","$v":{"zero":"Pilih","one":[{"t":"idOrVar","v":"n"}," dipilih"],"two":[{"t":"idOrVar","v":"n"}," dipilih"],"few":[{"t":"idOrVar","v":"n"}," dipilih"],"many":[{"t":"idOrVar","v":"n"}," dipilih"],"other":[{"t":"idOrVar","v":"n"}," dipilih"]},"$x":[{"t":"idOrVar","v":"plural"},"n"]},{"$i":"delete-n-items?","$v":{"zero":"Tiada yang dipilih","one":"Hapus item yang dipilih?","two":["Hapus ",{"t":"idOrVar","v":"n"}," item?"],"few":["Hapus ",{"t":"idOrVar","v":"n"}," item?"],"many":["Hapus ",{"t":"idOrVar","v":"n"}," item?"],"other":["Hapus ",{"t":"idOrVar","v":"n"}," item?"]},"$x":[{"t":"idOrVar","v":"plural"},"n"]},{"$i":"share-noprovider","$v":"Cuba berkongsi satu video pada satu-satu masa."},{"$i":"videos","$v":"Video"},{"$i":"cancel","$v":"Batal"},{"$i":"delete-video?","$v":"Hapus video?"},{"$i":"empty-title","$v":"Tambah video untuk memulakan"},{"$i":"empty-text","$v":"Memuat video pada kad memori."},{"$i":"nocard2-title","$v":"Kad memori tidak ditemui"},{"$i":"nocard3-text","$v":"Masukkan kad memori untuk menonton video."},{"$i":"pluggedin-title","$v":"Video tidak dapat ditonton ketika dicucuk ke palam"},{"$i":"pluggedin-text","$v":"Cabut palam telefon untuk menonton video."},{"$i":"upgrade-title","$v":"Naiktaraf Pangkalan Data"},{"$i":"upgrade-text","$v":"Sila tunggu ketika Video mengemaskini pangkalan datanya."},{"$i":"confirm-delete","$v":"Adakah anda pasti untuk menghapus:"},{"$i":"pick-title","$v":"Pilih video"},{"$i":"save","$v":"Simpan"},{"$i":"saved","$v":["Menyimpan ",{"t":"idOrVar","v":"title"}," pada Video"]},{"$i":"error-network","$v":"Video tidak dapat dimuat turun disebabkan ralat rangkaian."},{"$i":"error-unsupported","$v":"Video tidak dapat dimainkan: sama ada disebabkan pelayan atau rangkaian yang gagal atau disebabkan format yang tidak disokong."},{"$i":"error-unknown","$v":"Ralat video tidak diketahui berlaku."},{"$i":"video-hardware-in-use-title","$v":"Cannot play video"},{"$i":"video-hardware-in-use-text","$v":"Another app is currently using the video player."},{"$i":"overlay-cancel-button","$v":"Batal"},{"$i":"overlay-camera-button","$v":"Pergi ke Kamera"},{"$i":"name-label","$v":"Nama"},{"$i":"length-label","$v":"Panjang"},{"$i":"size-label","$v":"Saiz"},{"$i":"video-type-label","$v":"Jenis Video "},{"$i":"date-taken-label","$v":"Tarikh Diambil"},{"$i":"resolution-label","$v":"Resolusi"},{"$i":"close-button","$v":"Tutup"},{"$i":"byteUnit-B","$v":"Bait"},{"$i":"byteUnit-KB","$v":"KB"},{"$i":"byteUnit-MB","$v":"MB"},{"$i":"byteUnit-GB","$v":"GB"},{"$i":"byteUnit-TB","$v":"TB"},{"$i":"byteUnit-PB","$v":"PB"},{"$i":"byteUnit-EB","$v":"EB"},{"$i":"byteUnit-ZB","$v":"ZB"},{"$i":"byteUnit-YB","$v":"YB"},{"$i":"date-group-header","$v":"%B %Y"},{"$i":"share","$v":"Kongsi"},{"$i":"more-info","$v":"Maklumat lanjut"},{"$i":"delete","$v":"Hapus"},{"$i":"weekday-0-long","$v":"Ahad"},{"$i":"weekday-1-long","$v":"Isnin"},{"$i":"weekday-2-long","$v":"Selasa"},{"$i":"weekday-3-long","$v":"Rabu"},{"$i":"weekday-4-long","$v":"Khamis"},{"$i":"weekday-5-long","$v":"Jumaat"},{"$i":"weekday-6-long","$v":"Sabtu"},{"$i":"weekday-0-short","$v":"Ahad"},{"$i":"weekday-1-short","$v":"Isnin"},{"$i":"weekday-2-short","$v":"Selasa"},{"$i":"weekday-3-short","$v":"Rabu"},{"$i":"weekday-4-short","$v":"Khamis"},{"$i":"weekday-5-short","$v":"Jumaat"},{"$i":"weekday-6-short","$v":"Sabtu"},{"$i":"month-0-long","$v":"Januari"},{"$i":"month-1-long","$v":"Februari"},{"$i":"month-2-long","$v":"Mac"},{"$i":"month-3-long","$v":"April"},{"$i":"month-4-long","$v":"Mei"},{"$i":"month-5-long","$v":"Jun"},{"$i":"month-6-long","$v":"Julai"},{"$i":"month-7-long","$v":"Ogos"},{"$i":"month-8-long","$v":"September"},{"$i":"month-9-long","$v":"Oktober"},{"$i":"month-10-long","$v":"November"},{"$i":"month-11-long","$v":"Disember"},{"$i":"month-0-genitive","$v":"Januari"},{"$i":"month-1-genitive","$v":"Februari"},{"$i":"month-2-genitive","$v":"Mac"},{"$i":"month-3-genitive","$v":"April"},{"$i":"month-4-genitive","$v":"Mei"},{"$i":"month-5-genitive","$v":"Jun"},{"$i":"month-6-genitive","$v":"Julai"},{"$i":"month-7-genitive","$v":"Ogos"},{"$i":"month-8-genitive","$v":"September"},{"$i":"month-9-genitive","$v":"Oktober"},{"$i":"month-10-genitive","$v":"November"},{"$i":"month-11-genitive","$v":"Disember"},{"$i":"month-0-short","$v":"Jan"},{"$i":"month-1-short","$v":"Feb"},{"$i":"month-2-short","$v":"Mac"},{"$i":"month-3-short","$v":"Apr"},{"$i":"month-4-short","$v":"Mei"},{"$i":"month-5-short","$v":"Jun"},{"$i":"month-6-short","$v":"Jul"},{"$i":"month-7-short","$v":"Ogos"},{"$i":"month-8-short","$v":"Sep"},{"$i":"month-9-short","$v":"Okt"},{"$i":"month-10-short","$v":"Nov"},{"$i":"month-11-short","$v":"Dis"},{"$i":"minutes-ago-long","$v":{"zero":"sebentar tadi","one":"satu minit lalu","two":[{"t":"idOrVar","v":"value"}," minit lalu"],"few":[{"t":"idOrVar","v":"value"}," minit lalu"],"many":[{"t":"idOrVar","v":"value"}," minit lalu"],"other":[{"t":"idOrVar","v":"value"}," minit lalu"]},"$x":[{"t":"idOrVar","v":"plural"},"value"]},{"$i":"hours-ago-long","$v":{"zero":"sebentar tadi","one":"sejam yang lalu","two":[{"t":"idOrVar","v":"value"}," jam lalu"],"few":[{"t":"idOrVar","v":"value"}," jam lalu"],"many":[{"t":"idOrVar","v":"value"}," jam lalu"],"other":[{"t":"idOrVar","v":"value"}," jam lalu"]},"$x":[{"t":"idOrVar","v":"plural"},"value"]},{"$i":"days-ago-long","$v":{"zero":"hari ini","one":"semalam","two":[{"t":"idOrVar","v":"value"}," hari lalu"],"few":[{"t":"idOrVar","v":"value"}," hari lalu"],"many":[{"t":"idOrVar","v":"value"}," hari lalu"],"other":[{"t":"idOrVar","v":"value"}," hari lalu"]},"$x":[{"t":"idOrVar","v":"plural"},"value"]},{"$i":"weeks-ago-long","$v":{"zero":"minggu ini","one":"minggu lalu","two":[{"t":"idOrVar","v":"value"}," minggu lalu"],"few":[{"t":"idOrVar","v":"value"}," minggu lalu"],"many":[{"t":"idOrVar","v":"value"}," minggu lalu"],"other":[{"t":"idOrVar","v":"value"}," minggu lalu"]},"$x":[{"t":"idOrVar","v":"plural"},"value"]},{"$i":"months-ago-long","$v":{"zero":"bulan ini","one":"bulan lalu","two":[{"t":"idOrVar","v":"value"}," bulan lalu"],"few":[{"t":"idOrVar","v":"value"}," bulan lalu"],"many":[{"t":"idOrVar","v":"value"}," minit lalu"],"other":[{"t":"idOrVar","v":"value"}," minit lalu"]},"$x":[{"t":"idOrVar","v":"plural"},"value"]},{"$i":"years-ago-long","$v":{"zero":"tahun ini","one":"tahun lalu","two":[{"t":"idOrVar","v":"value"}," tahun lalu"],"few":[{"t":"idOrVar","v":"value"}," tahun lalu"],"many":[{"t":"idOrVar","v":"value"}," tahun lalu"],"other":[{"t":"idOrVar","v":"value"}," tahun lalu"]},"$x":[{"t":"idOrVar","v":"plural"},"value"]},{"$i":"minutes-until-long","$v":{"zero":"sekarang","one":"dalam satu minit","two":["dalam ",{"t":"idOrVar","v":"value"}," minit"],"few":["dalam ",{"t":"idOrVar","v":"value"}," minit"],"many":["dalam ",{"t":"idOrVar","v":"value"}," minit"],"other":["dalam ",{"t":"idOrVar","v":"value"}," minit"]},"$x":[{"t":"idOrVar","v":"plural"},"value"]},{"$i":"hours-until-long","$v":{"zero":"sekarang","one":"dalam satu jam","two":["dalam ",{"t":"idOrVar","v":"value"}," jam"],"few":["dalam ",{"t":"idOrVar","v":"value"}," jam"],"many":["dalam ",{"t":"idOrVar","v":"value"}," jam"],"other":["dalam ",{"t":"idOrVar","v":"value"}," jam"]},"$x":[{"t":"idOrVar","v":"plural"},"value"]},{"$i":"days-until-long","$v":{"zero":"hari ini","one":"esok","two":["dalam ",{"t":"idOrVar","v":"value"}," hari"],"few":["dalam ",{"t":"idOrVar","v":"value"}," hari"],"many":["dalam ",{"t":"idOrVar","v":"value"}," hari"],"other":["dalam ",{"t":"idOrVar","v":"value"}," hari"]},"$x":[{"t":"idOrVar","v":"plural"},"value"]},{"$i":"weeks-until-long","$v":{"zero":"minggu ini","one":"minggu depan","two":["dalam ",{"t":"idOrVar","v":"value"}," minggu"],"few":["dalam ",{"t":"idOrVar","v":"value"}," minggu"],"many":["dalam ",{"t":"idOrVar","v":"value"}," minggu"],"other":["dalam ",{"t":"idOrVar","v":"value"}," minggu"]},"$x":[{"t":"idOrVar","v":"plural"},"value"]},{"$i":"months-until-long","$v":{"zero":"bulan ini","one":"bulan depan","two":["dalam ",{"t":"idOrVar","v":"value"}," bulan"],"few":["dalam ",{"t":"idOrVar","v":"value"}," bulan"],"many":["dalam ",{"t":"idOrVar","v":"value"}," bulan"],"other":["dalam ",{"t":"idOrVar","v":"value"}," bulan"]},"$x":[{"t":"idOrVar","v":"plural"},"value"]},{"$i":"years-until-long","$v":{"zero":"tahun ini","one":"tahun depan","two":["dalam ",{"t":"idOrVar","v":"value"}," tahun"],"few":["dalam ",{"t":"idOrVar","v":"value"}," tahun"],"many":["dalam ",{"t":"idOrVar","v":"value"}," tahun"],"other":["dalam ",{"t":"idOrVar","v":"value"}," tahun"]},"$x":[{"t":"idOrVar","v":"plural"},"value"]},{"$i":"minutes-ago-short","$v":{"zero":"sebentar tadi","other":[{"t":"idOrVar","v":"value"}," minit lalu"]},"$x":[{"t":"idOrVar","v":"plural"},"value"]},{"$i":"hours-ago-short","$v":{"zero":"sebentar tadi","other":[{"t":"idOrVar","v":"value"}," jam lalu"]},"$x":[{"t":"idOrVar","v":"plural"},"value"]},{"$i":"days-ago-short","$v":{"zero":"hari ini","other":[{"t":"idOrVar","v":"value"}," hari lalu"]},"$x":[{"t":"idOrVar","v":"plural"},"value"]},{"$i":"minutes-until-short","$v":{"zero":"sekarang","other":["dalam ",{"t":"idOrVar","v":"value"}," minit"]},"$x":[{"t":"idOrVar","v":"plural"},"value"]},{"$i":"hours-until-short","$v":{"zero":"sekarang","other":["dalam ",{"t":"idOrVar","v":"value"}," jam"]},"$x":[{"t":"idOrVar","v":"plural"},"value"]},{"$i":"days-until-short","$v":{"zero":"hari ini","other":["dalam ",{"t":"idOrVar","v":"value"}," hari"]},"$x":[{"t":"idOrVar","v":"plural"},"value"]},{"$i":"incorrectDate","$v":"(tarikh tidak betul)"},{"$i":"dateTimeFormat_%c","$v":"%a %b %e %Y %I:%M:%S %p"},{"$i":"dateTimeFormat_%x","$v":"%m/%d/%Y"},{"$i":"dateTimeFormat_%X","$v":"%I:%M:%S %p"},{"$i":"shortTimeFormat","$v":"%I:%M %p"},{"$i":"shortTimeFormat12","$v":"%I:%M %p"},{"$i":"shortTimeFormat24","$v":"%H:%M"},{"$i":"shortDateTimeFormat","$v":"%x %I:%M %p"},{"$i":"weekStartsOnMonday","$v":"0"},{"$i":"firstDayOfTheWeek","$v":"0"},{"$i":"time_am","$v":"PG"},{"$i":"time_pm","$v":"PTG"}]