[{"$i":"done","$v":"Done"},{"$i":"number-selected2","$v":{"zero":"ਚੁਣੀ","one":[{"t":"idOrVar","v":"n"}," ਚੁਣੀਆਂ"],"two":[{"t":"idOrVar","v":"n"}," ਚੁਣੀਆਂ"],"few":[{"t":"idOrVar","v":"n"}," ਚੁਣੀਆਂ"],"many":[{"t":"idOrVar","v":"n"}," ਚੁਣੀਆਂ"],"other":[{"t":"idOrVar","v":"n"}," ਚੁਣੀਆਂ"]},"$x":[{"t":"idOrVar","v":"plural"},"n"]},{"$i":"delete-n-items?","$v":{"zero":"ਕੁਝ ਨਹੀਂ ਚੁਣਿਆ","one":"ਚੁਣੀ ਆਈਟਮ ਹਟਾਉਣੀ ਹੈ?","two":[{"t":"idOrVar","v":"n"}," ਆਈਟਮਾਂ ਹਟਾਉਣੀਆਂ ਹਨ?"],"few":[{"t":"idOrVar","v":"n"}," ਆਈਟਮਾਂ ਹਟਾਉਣੀਆਂ ਹਨ?"],"many":[{"t":"idOrVar","v":"n"}," ਆਈਟਮਾਂ ਹਟਾਉਣੀਆਂ ਹਨ?"],"other":[{"t":"idOrVar","v":"n"}," ਆਈਟਮਾਂ ਹਟਾਉਣੀਆਂ ਹਨ?"]},"$x":[{"t":"idOrVar","v":"plural"},"n"]},{"$i":"share-noprovider","$v":"ਇੱਕ ਸਮੇਂ ਇੱਕ ਵੀਡੀਓ ਸਾਂਝੀ ਕਰਕੇ ਕੋਸ਼ਿਸ਼ ਕਰੋ।"},{"$i":"videos","$v":"ਵੀਡੀਓ"},{"$i":"cancel","$v":"ਰੱਦ ਕਰੋ"},{"$i":"delete-video?","$v":"ਵੀਡੀਓ ਹਟਾਉਣੀ ਹੈ?"},{"$i":"empty-title","$v":"ਸ਼ੁਰੂ ਕਰਨ ਲਈ ਵੀਡੀਓ ਚੁਣੋ"},{"$i":"empty-text","$v":"ਮੈਮੋਰੀ ਕਾਰਡ ਤੋਂ ਵੀਡੀਓ ਲੋਡ ਕਰੋ"},{"$i":"nocard2-title","$v":"ਕੋਈ ਮੈਮੋਰੀ ਕਾਰਡ ਨਹੀਂ ਲੱਭਿਆ"},{"$i":"nocard3-text","$v":"ਵੀਡੀਓ ਵੇਖਣ ਲਈ ਮੈਮੋਰੀ ਕਾਰਡ ਪਾਉ।"},{"$i":"pluggedin-title","$v":"ਪਲੱਗ ਲੱਗਾ ਹੋਣ ਦੇ ਦੌਰਾਨ ਵੀਡੀਓ ਵੇਖੀ ਨਹੀਂ ਜਾ ਸਕਦੀ ਹੈ"},{"$i":"pluggedin-text","$v":"ਵੀਡੀਓ ਵੇਖਣ ਲਈ ਫੋਨ ਪਲੱਗ ਕੱਢੋ।"},{"$i":"upgrade-title","$v":"ਡਾਟਾਬੇਸ ਅੱਪਗਰੇਡ"},{"$i":"upgrade-text","$v":"ਵੀਡੀਓ ਵਲੋਂ ਆਪਣਾ ਡਾਟਾਬੇਸ ਅੱਪਡੇਟ ਕਰਨ ਦੌਰਾਨ ਉਡੀਕੋ ਜੀ।"},{"$i":"confirm-delete","$v":"ਕੀ ਤੁਸੀਂ ਹਟਾਉਣਾ ਚਾਹੁੰਦੇ ਹੋ:"},{"$i":"pick-title","$v":"ਵੀਡੀਓ ਚੁਣੋ"},{"$i":"save","$v":"ਸੰਭਾਲੋ"},{"$i":"saved","$v":[{"t":"idOrVar","v":"title"}," ਵੀਡੀਓ ਵਿੱਚ ਸੰਭਾਲੀ ਗਈ"]},{"$i":"error-network","$v":"ਨੈੱਟਵਰਕ ਗਲਤੀ ਕਰਕੇ ਵੀਡੀਓ ਡਾਊਨਲੋਡ ਨਹੀਂ ਕੀਤੀ ਜਾ ਸਕੀ।"},{"$i":"error-unsupported","$v":"ਵੀਡੀਓ ਚਲਾਈ ਨਹੀਂ ਜਾ ਸਕੀ: ਜਾਂ ਤਾਂ ਸਰਵਰ ਜਾਂ ਨੈੱਟਵਰਕ ਫੇਲ੍ਹ ਹੈ ਜਾਂ ਫਾਰਮੈਟ ਸਹਾਇਕ ਨਹੀਂ ਹੈ।"},{"$i":"error-unknown","$v":"ਅਣਜਾਣ ਵੀਡੀਓ ਗਲਤੀ ਆਈ।"},{"$i":"video-hardware-in-use-title","$v":"Cannot play video"},{"$i":"video-hardware-in-use-text","$v":"Another app is currently using the video player."},{"$i":"overlay-cancel-button","$v":"ਰੱਦ ਕਰੋ"},{"$i":"overlay-camera-button","$v":"ਕੈਮਰੇ ਉੱਤੇ ਜਾਓ"},{"$i":"name-label","$v":"ਨਾਂ"},{"$i":"length-label","$v":"ਲੰਬਾਈ"},{"$i":"size-label","$v":"ਆਕਾਰ"},{"$i":"video-type-label","$v":"ਵੀਡੀਓ ਕਿਸਮ"},{"$i":"date-taken-label","$v":"ਬਣਾਉਣ ਮਿਤੀ"},{"$i":"resolution-label","$v":"ਰੈਜ਼ੋਲੁਸ਼ਨ"},{"$i":"close-button","$v":"ਬੰਦ ਕਰੋ"},{"$i":"byteUnit-B","$v":"ਬਾਈਟ"},{"$i":"byteUnit-KB","$v":"KB"},{"$i":"byteUnit-MB","$v":"MB"},{"$i":"byteUnit-GB","$v":"GB"},{"$i":"byteUnit-TB","$v":"TB"},{"$i":"byteUnit-PB","$v":"PB"},{"$i":"byteUnit-EB","$v":"EB"},{"$i":"byteUnit-ZB","$v":"ZB"},{"$i":"byteUnit-YB","$v":"YB"},{"$i":"date-group-header","$v":"%B %Y"},{"$i":"share","$v":"ਸਾਂਝਾ ਕਰੋ"},{"$i":"more-info","$v":"ਹੋਰ ਜਾਣਕਾਰੀ"},{"$i":"delete","$v":"ਹਟਾਓ"},{"$i":"weekday-0-long","$v":"ਐਤਵਾਰ"},{"$i":"weekday-1-long","$v":"ਸੋਮਵਾਰ"},{"$i":"weekday-2-long","$v":"ਮੰਗਲਵਾਰ"},{"$i":"weekday-3-long","$v":"ਬੁੱਧਵਾਰ"},{"$i":"weekday-4-long","$v":"ਵੀਰਵਾਰ"},{"$i":"weekday-5-long","$v":"ਸ਼ੁੱਕਰਵਾਰ"},{"$i":"weekday-6-long","$v":"ਸ਼ਨਿੱਚਰਵਾਰ"},{"$i":"weekday-0-short","$v":"ਐਤ"},{"$i":"weekday-1-short","$v":"ਸੋਮ"},{"$i":"weekday-2-short","$v":"ਮੰਗਲ"},{"$i":"weekday-3-short","$v":"ਬੁੱਧ"},{"$i":"weekday-4-short","$v":"ਵੀਰ"},{"$i":"weekday-5-short","$v":"ਸ਼ੁੱਕਰ"},{"$i":"weekday-6-short","$v":"ਸ਼ਨਿੱ"},{"$i":"month-0-long","$v":"ਜਨਵਰੀ"},{"$i":"month-1-long","$v":"ਫਰਵਰੀ"},{"$i":"month-2-long","$v":"ਮਾਰਚ"},{"$i":"month-3-long","$v":"ਅਪਰੈਲ"},{"$i":"month-4-long","$v":"ਮਈ"},{"$i":"month-5-long","$v":"ਜੂਨ"},{"$i":"month-6-long","$v":"ਜੁਲਾਈ"},{"$i":"month-7-long","$v":"ਅਗਸਤ"},{"$i":"month-8-long","$v":"ਸਤੰਬਰ"},{"$i":"month-9-long","$v":"ਅਕਤੂਬਰ"},{"$i":"month-10-long","$v":"ਨਵੰਬਰ"},{"$i":"month-11-long","$v":"ਦਸੰਬਰ"},{"$i":"month-0-genitive","$v":"ਜਨਵਰੀ"},{"$i":"month-1-genitive","$v":"ਫਰਵਰੀ"},{"$i":"month-2-genitive","$v":"ਮਾਰਚ"},{"$i":"month-3-genitive","$v":"ਅਪਰੈਲ"},{"$i":"month-4-genitive","$v":"ਮਈ"},{"$i":"month-5-genitive","$v":"ਜੂਨ"},{"$i":"month-6-genitive","$v":"ਜੁਲਾਈ"},{"$i":"month-7-genitive","$v":"ਅਗਸਤ"},{"$i":"month-8-genitive","$v":"ਸਤੰਬਰ"},{"$i":"month-9-genitive","$v":"ਅਕਤੂਬਰ"},{"$i":"month-10-genitive","$v":"ਨਵੰਬਰ"},{"$i":"month-11-genitive","$v":"ਦਸੰਬਰ"},{"$i":"month-0-short","$v":"ਜਨ"},{"$i":"month-1-short","$v":"ਫਰ"},{"$i":"month-2-short","$v":"ਮਾਰ"},{"$i":"month-3-short","$v":"ਅਪ"},{"$i":"month-4-short","$v":"ਮਈ"},{"$i":"month-5-short","$v":"ਜੂਨ"},{"$i":"month-6-short","$v":"ਜੁਲਾ"},{"$i":"month-7-short","$v":"ਅਗ"},{"$i":"month-8-short","$v":"ਸਤੰ"},{"$i":"month-9-short","$v":"ਅਕਤੂ"},{"$i":"month-10-short","$v":"ਨਵੰ"},{"$i":"month-11-short","$v":"ਦਸੰ"},{"$i":"minutes-ago-long","$v":{"zero":"ਹੁਣੇ ਹੀਂ","one":"ਮਿੰਟ ਕੁ ਪਹਿਲਾਂ","two":[{"t":"idOrVar","v":"value"}," ਮਿੰਟ ਪਹਿਲਾਂ"],"few":[{"t":"idOrVar","v":"value"}," ਮਿੰਟ ਪਹਿਲਾਂ"],"many":[{"t":"idOrVar","v":"value"}," ਮਿੰਟ ਪਹਿਲਾਂ"],"other":[{"t":"idOrVar","v":"value"},"  ਮਿੰਟ ਪਹਿਲਾਂ"]},"$x":[{"t":"idOrVar","v":"plural"},"value"]},{"$i":"hours-ago-long","$v":{"zero":"ਹੁਣੇ ਹੀ","one":"ਘੰਟਾ ਪਹਿਲਾਂ","two":[{"t":"idOrVar","v":"value"}," ਘੰਟੇ ਪਹਿਲਾਂ"],"few":[{"t":"idOrVar","v":"value"}," ਘੰਟੇ ਪਹਿਲਾਂ"],"many":[{"t":"idOrVar","v":"value"}," ਘੰਟੇ ਪਹਿਲਾਂ"],"other":[{"t":"idOrVar","v":"value"}," ਘੰਟੇ ਪਹਿਲਾਂ"]},"$x":[{"t":"idOrVar","v":"plural"},"value"]},{"$i":"days-ago-long","$v":{"zero":"ਅੱਜ","one":"ਕੱਲ੍ਹ","two":[{"t":"idOrVar","v":"value"}," ਦਿਨ ਪਹਿਲਾਂ"],"few":[{"t":"idOrVar","v":"value"}," ਦਿਨ ਪਹਿਲਾਂ"],"many":[{"t":"idOrVar","v":"value"}," ਦਿਨ ਪਹਿਲਾਂ"],"other":[{"t":"idOrVar","v":"value"}," ਦਿਨ ਪਹਿਲਾਂ"]},"$x":[{"t":"idOrVar","v":"plural"},"value"]},{"$i":"weeks-ago-long","$v":{"zero":"ਇਹ ਹਫ਼ਤੇ","one":"ਪਿਛਲੇ ਹਫ਼ਤੇ","two":[{"t":"idOrVar","v":"value"}," ਹਫ਼ਤੇ ਪਹਿਲਾਂ"],"few":[{"t":"idOrVar","v":"value"}," ਹਫ਼ਤੇ ਪਹਿਲਾਂ"],"many":[{"t":"idOrVar","v":"value"}," ਹਫ਼ਤੇ ਪਹਿਲਾਂ"],"other":[{"t":"idOrVar","v":"value"}," ਹਫ਼ਤੇ ਪਹਿਲਾਂ"]},"$x":[{"t":"idOrVar","v":"plural"},"value"]},{"$i":"months-ago-long","$v":{"zero":"ਇਹ ਮਹੀਨੇ","one":"ਪਿਛਲੇ ਮਹੀਨੇ","two":[{"t":"idOrVar","v":"value"}," ਮਹੀਨੇ ਪਹਿਲਾਂ"],"few":[{"t":"idOrVar","v":"value"}," ਮਹੀਨੇ ਪਹਿਲਾਂ"],"many":[{"t":"idOrVar","v":"value"}," ਮਹੀਨੇ ਪਹਿਲਾਂ"],"other":[{"t":"idOrVar","v":"value"}," ਮਹੀਨੇ ਪਹਿਲਾਂ"]},"$x":[{"t":"idOrVar","v":"plural"},"value"]},{"$i":"years-ago-long","$v":{"zero":"ਇਹ ਸਾਲ","one":"ਪਿਛਲੇ ਸਾਲ","two":[{"t":"idOrVar","v":"value"}," ਸਾਲ ਪਹਿਲਾਂ"],"few":[{"t":"idOrVar","v":"value"}," ਸਾਲ ਪਹਿਲਾਂ"],"many":[{"t":"idOrVar","v":"value"}," ਸਾਲ ਪਹਿਲਾਂ"],"other":[{"t":"idOrVar","v":"value"}," ਸਾਲ ਪਹਿਲਾਂ"]},"$x":[{"t":"idOrVar","v":"plural"},"value"]},{"$i":"minutes-until-long","$v":{"zero":"ਹੁਣ","one":"ਮਿੰਟ ਵਿੱਚ","two":[{"t":"idOrVar","v":"value"}," ਮਿੰਟਾਂ ਵਿੱਚ"],"few":[{"t":"idOrVar","v":"value"}," ਮਿੰਟਾਂ ਵਿੱਚ"],"many":[{"t":"idOrVar","v":"value"}," ਮਿੰਟਾਂ ਵਿੱਚ"],"other":[{"t":"idOrVar","v":"value"}," ਮਿੰਟਾਂ ਵਿੱਚ"]},"$x":[{"t":"idOrVar","v":"plural"},"value"]},{"$i":"hours-until-long","$v":{"zero":"ਹੁਣ","one":"ਇੱਕ ਘੰਟੇ ਵਿੱਚ","two":[{"t":"idOrVar","v":"value"}," ਘੰਟਿਆਂ ਵਿੱਚ"],"few":[{"t":"idOrVar","v":"value"}," ਘੰਟਿਆਂ ਵਿੱਚ"],"many":[{"t":"idOrVar","v":"value"}," ਘੰਟਿਆਂ ਵਿੱਚ"],"other":[{"t":"idOrVar","v":"value"}," ਘੰਟਿਆਂ ਵਿੱਚ"]},"$x":[{"t":"idOrVar","v":"plural"},"value"]},{"$i":"days-until-long","$v":{"zero":"ਅੱਜ","one":"ਭਲਕੇ","two":[{"t":"idOrVar","v":"value"}," ਦਿਨਾਂ ਵਿੱਚ"],"few":[{"t":"idOrVar","v":"value"}," ਦਿਨਾਂ ਵਿੱਚ"],"many":[{"t":"idOrVar","v":"value"}," ਦਿਨਾਂ ਵਿੱਚ"],"other":[{"t":"idOrVar","v":"value"}," ਦਿਨਾਂ ਵਿੱਚ"]},"$x":[{"t":"idOrVar","v":"plural"},"value"]},{"$i":"weeks-until-long","$v":{"zero":"ਇਸ ਹਫ਼ਤੇ","one":"ਅਗਲੇ ਹਫ਼ਤੇ","two":[{"t":"idOrVar","v":"value"}," ਹਫ਼ਤਿਆਂ ਵਿੱਚ"],"few":[{"t":"idOrVar","v":"value"}," ਹਫ਼ਤਿਆਂ ਵਿੱਚ"],"many":[{"t":"idOrVar","v":"value"}," ਹਫ਼ਤਿਆਂ ਵਿੱਚ"],"other":[{"t":"idOrVar","v":"value"}," ਹਫ਼ਤਿਆਂ ਵਿੱਚ"]},"$x":[{"t":"idOrVar","v":"plural"},"value"]},{"$i":"months-until-long","$v":{"zero":"ਇਸ ਮਹੀਨੇ","one":"ਅਗਲੇ ਮਹੀਨੇ","two":[{"t":"idOrVar","v":"value"}," ਮਹੀਨਿਆਂ ਵਿੱਚ"],"few":[{"t":"idOrVar","v":"value"}," ਮਹੀਨਿਆਂ ਵਿੱਚ"],"many":[{"t":"idOrVar","v":"value"}," ਮਹੀਨਿਆਂ ਵਿੱਚ"],"other":[{"t":"idOrVar","v":"value"}," ਮਹੀਨਿਆਂ ਵਿੱਚ"]},"$x":[{"t":"idOrVar","v":"plural"},"value"]},{"$i":"years-until-long","$v":{"zero":"ਇਸ ਸਾਲ","one":"ਅਗਲੇ ਸਾਲ","two":[{"t":"idOrVar","v":"value"}," ਸਾਲਾਂ ਵਿੱਚ"],"few":[{"t":"idOrVar","v":"value"}," ਸਾਲਾਂ ਵਿੱਚ"],"many":[{"t":"idOrVar","v":"value"}," ਸਾਲਾਂ ਵਿੱਚ"],"other":[{"t":"idOrVar","v":"value"}," ਸਾਲਾਂ ਵਿੱਚ"]},"$x":[{"t":"idOrVar","v":"plural"},"value"]},{"$i":"minutes-ago-short","$v":{"zero":"ਹੁਣੇ ਹੀ","other":[{"t":"idOrVar","v":"value"},"ਮਿੰ ਪਹਿਲਾਂ"]},"$x":[{"t":"idOrVar","v":"plural"},"value"]},{"$i":"hours-ago-short","$v":{"zero":"ਹੁਣੇ ਹੀਂ","other":[{"t":"idOrVar","v":"value"},"ਘੰ ਪਹਿਲਾਂ"]},"$x":[{"t":"idOrVar","v":"plural"},"value"]},{"$i":"days-ago-short","$v":{"zero":"ਅੱਜ","other":[{"t":"idOrVar","v":"value"},"ਦਿ ਪਹਿਲਾਂ"]},"$x":[{"t":"idOrVar","v":"plural"},"value"]},{"$i":"minutes-until-short","$v":{"zero":"ਹੁਣ","other":[{"t":"idOrVar","v":"value"},"ਮਿੰ ਵਿੱਚ"]},"$x":[{"t":"idOrVar","v":"plural"},"value"]},{"$i":"hours-until-short","$v":{"zero":"ਹੁਣ","other":[{"t":"idOrVar","v":"value"},"ਘੰ ਵਿੱਚ"]},"$x":[{"t":"idOrVar","v":"plural"},"value"]},{"$i":"days-until-short","$v":{"zero":"ਅੱਜ","other":[{"t":"idOrVar","v":"value"},"ਦਿ ਵਿੱਚ"]},"$x":[{"t":"idOrVar","v":"plural"},"value"]},{"$i":"incorrectDate","$v":"(ਗਲਤ ਮਿਤੀ)"},{"$i":"dateTimeFormat_%c","$v":"%a %e %b  %Y %I:%M:%S %p"},{"$i":"dateTimeFormat_%x","$v":"%d/%m/%Y"},{"$i":"dateTimeFormat_%X","$v":"%I:%M:%S %p"},{"$i":"shortTimeFormat","$v":"%I:%M %p"},{"$i":"shortTimeFormat12","$v":"%I:%M %p"},{"$i":"shortTimeFormat24","$v":"%H:%M"},{"$i":"shortDateTimeFormat","$v":"%x %I:%M %p"},{"$i":"weekStartsOnMonday","$v":"1"},{"$i":"firstDayOfTheWeek","$v":"0"},{"$i":"time_am","$v":"ਸਵੇਰੇ"},{"$i":"time_pm","$v":"ਸ਼ਾਮ"}]