[{"$i":"done","$v":"Bitti"},{"$i":"number-selected2","$v":{"zero":"Seç","one":[{"t":"idOrVar","v":"n"}," seçili"],"two":[{"t":"idOrVar","v":"n"}," seçili"],"few":[{"t":"idOrVar","v":"n"}," seçili"],"many":[{"t":"idOrVar","v":"n"}," seçili"],"other":[{"t":"idOrVar","v":"n"}," seçili"]},"$x":[{"t":"idOrVar","v":"plural"},"n"]},{"$i":"delete-n-items?","$v":{"zero":"Hiçbir şey seçilmedi","one":"Seçilen öğe silinsin mi?","two":[{"t":"idOrVar","v":"n"}," öğe silinsin mi?"],"few":[{"t":"idOrVar","v":"n"}," öğe silinsin mi?"],"many":[{"t":"idOrVar","v":"n"}," öğe silinsin mi?"],"other":[{"t":"idOrVar","v":"n"}," öğe silinsin mi?"]},"$x":[{"t":"idOrVar","v":"plural"},"n"]},{"$i":"share-noprovider","$v":"Her defasında tek video paylaşmayı deneyin."},{"$i":"videos","$v":"Videolar"},{"$i":"cancel","$v":"İptal"},{"$i":"delete-video?","$v":"Video silinsin mi?"},{"$i":"empty-title","$v":"Başlamak için video ekleyin"},{"$i":"empty-text","$v":"Videoları bellek kartına yükleyin."},{"$i":"nocard2-title","$v":"Bellek kartı bulunamadı"},{"$i":"nocard3-text","$v":"Video izlemek için bir bellek kartı takın."},{"$i":"pluggedin-title","$v":"Aygıt bağlıyken video izlenemez"},{"$i":"pluggedin-text","$v":"Video izlemek için kabloyu çıkarın."},{"$i":"upgrade-title","$v":"Veritabanı Yükseltme"},{"$i":"upgrade-text","$v":"Video veritabanı yükseltilirken lütfen bekleyin."},{"$i":"confirm-delete","$v":"Bunu silmek istediğinizden emin misiniz?:"},{"$i":"pick-title","$v":"Bir video seçin"},{"$i":"save","$v":"Kaydet"},{"$i":"saved","$v":[{"t":"idOrVar","v":"title"}," Video'ya kaydedildi"]},{"$i":"error-network","$v":"Video bir ağ hatası nedeniyle indirilemedi."},{"$i":"error-unsupported","$v":"Video oynatılamıyor: Ya sunucu veya ağ hatası oluştu ya da biçim desteklenmiyor."},{"$i":"error-unknown","$v":"Bilinmeyen bir video hatası oluştu."},{"$i":"video-hardware-in-use-title","$v":"Video oynatılamıyor"},{"$i":"video-hardware-in-use-text","$v":"Şu anda başka bir uygulama video oynatıcıyı kullanıyor."},{"$i":"overlay-cancel-button","$v":"İptal"},{"$i":"overlay-camera-button","$v":"Kamera'ya git"},{"$i":"name-label","$v":"Ad"},{"$i":"length-label","$v":"Süre"},{"$i":"size-label","$v":"Boyut"},{"$i":"video-type-label","$v":"Video türü"},{"$i":"date-taken-label","$v":"Çekildiği tarih"},{"$i":"resolution-label","$v":"Çözünürlük"},{"$i":"close-button","$v":"Kapat"},{"$i":"byteUnit-B","$v":"Bayt"},{"$i":"byteUnit-KB","$v":"KB"},{"$i":"byteUnit-MB","$v":"MB"},{"$i":"byteUnit-GB","$v":"GB"},{"$i":"byteUnit-TB","$v":"TB"},{"$i":"byteUnit-PB","$v":"PB"},{"$i":"byteUnit-EB","$v":"EB"},{"$i":"byteUnit-ZB","$v":"ZB"},{"$i":"byteUnit-YB","$v":"YB"},{"$i":"date-group-header","$v":"%B %Y"},{"$i":"share","$v":"Paylaş"},{"$i":"more-info","$v":"Daha fazla bilgi"},{"$i":"delete","$v":"Sil"},{"$i":"weekday-0-long","$v":"Pazar"},{"$i":"weekday-1-long","$v":"Pazartesi"},{"$i":"weekday-2-long","$v":"Salı"},{"$i":"weekday-3-long","$v":"Çarşamba"},{"$i":"weekday-4-long","$v":"Perşembe"},{"$i":"weekday-5-long","$v":"Cuma"},{"$i":"weekday-6-long","$v":"Cumartesi"},{"$i":"weekday-0-short","$v":"Pzr"},{"$i":"weekday-1-short","$v":"Pzt"},{"$i":"weekday-2-short","$v":"Sal"},{"$i":"weekday-3-short","$v":"Çar"},{"$i":"weekday-4-short","$v":"Per"},{"$i":"weekday-5-short","$v":"Cum"},{"$i":"weekday-6-short","$v":"Cmt"},{"$i":"month-0-long","$v":"Ocak"},{"$i":"month-1-long","$v":"Şubat"},{"$i":"month-2-long","$v":"Mart"},{"$i":"month-3-long","$v":"Nisan"},{"$i":"month-4-long","$v":"Mayıs"},{"$i":"month-5-long","$v":"Haziran"},{"$i":"month-6-long","$v":"Temmuz"},{"$i":"month-7-long","$v":"Ağustos"},{"$i":"month-8-long","$v":"Eylül"},{"$i":"month-9-long","$v":"Ekim"},{"$i":"month-10-long","$v":"Kasım"},{"$i":"month-11-long","$v":"Aralık"},{"$i":"month-0-genitive","$v":"Ocak"},{"$i":"month-1-genitive","$v":"Şubat"},{"$i":"month-2-genitive","$v":"Mart"},{"$i":"month-3-genitive","$v":"Nisan"},{"$i":"month-4-genitive","$v":"Mayıs"},{"$i":"month-5-genitive","$v":"Haziran"},{"$i":"month-6-genitive","$v":"Temmuz"},{"$i":"month-7-genitive","$v":"Ağustos"},{"$i":"month-8-genitive","$v":"Eylül"},{"$i":"month-9-genitive","$v":"Ekim"},{"$i":"month-10-genitive","$v":"Kasım"},{"$i":"month-11-genitive","$v":"Aralık"},{"$i":"month-0-short","$v":"Oca"},{"$i":"month-1-short","$v":"Şub"},{"$i":"month-2-short","$v":"Mar"},{"$i":"month-3-short","$v":"Nis"},{"$i":"month-4-short","$v":"May"},{"$i":"month-5-short","$v":"Haz"},{"$i":"month-6-short","$v":"Tem"},{"$i":"month-7-short","$v":"Ağu"},{"$i":"month-8-short","$v":"Eyl"},{"$i":"month-9-short","$v":"Eki"},{"$i":"month-10-short","$v":"Kas"},{"$i":"month-11-short","$v":"Ara"},{"$i":"minutes-ago-long","$v":{"zero":"biraz önce","one":"bir dakika önce","two":[{"t":"idOrVar","v":"value"}," dakika önce"],"few":[{"t":"idOrVar","v":"value"}," dakika önce"],"many":[{"t":"idOrVar","v":"value"}," dakika önce"],"other":[{"t":"idOrVar","v":"value"}," dakika önce"]},"$x":[{"t":"idOrVar","v":"plural"},"value"]},{"$i":"hours-ago-long","$v":{"zero":"biraz önce","one":"bir saat önce","two":[{"t":"idOrVar","v":"value"}," saat önce"],"few":[{"t":"idOrVar","v":"value"}," saat önce"],"many":[{"t":"idOrVar","v":"value"}," saat önce"],"other":[{"t":"idOrVar","v":"value"}," saat önce"]},"$x":[{"t":"idOrVar","v":"plural"},"value"]},{"$i":"days-ago-long","$v":{"zero":"bugün","one":"dün","two":[{"t":"idOrVar","v":"value"}," gün önce"],"few":[{"t":"idOrVar","v":"value"}," gün önce"],"many":[{"t":"idOrVar","v":"value"}," gün önce"],"other":[{"t":"idOrVar","v":"value"}," gün önce"]},"$x":[{"t":"idOrVar","v":"plural"},"value"]},{"$i":"weeks-ago-long","$v":{"zero":"bu hafta","one":"geçen hafta","two":[{"t":"idOrVar","v":"value"}," hafta önce"],"few":[{"t":"idOrVar","v":"value"}," hafta önce"],"many":[{"t":"idOrVar","v":"value"}," hafta önce"],"other":[{"t":"idOrVar","v":"value"}," hafta önce"]},"$x":[{"t":"idOrVar","v":"plural"},"value"]},{"$i":"months-ago-long","$v":{"zero":"bu ay","one":"geçen ay","two":[{"t":"idOrVar","v":"value"}," ay önce"],"few":[{"t":"idOrVar","v":"value"}," ay önce"],"many":[{"t":"idOrVar","v":"value"}," ay önce"],"other":[{"t":"idOrVar","v":"value"}," ay önce"]},"$x":[{"t":"idOrVar","v":"plural"},"value"]},{"$i":"years-ago-long","$v":{"zero":"bu yıl","one":"geçen yıl","two":[{"t":"idOrVar","v":"value"}," yıl önce"],"few":[{"t":"idOrVar","v":"value"}," yıl önce"],"many":[{"t":"idOrVar","v":"value"}," yıl önce"],"other":[{"t":"idOrVar","v":"value"}," yıl önce"]},"$x":[{"t":"idOrVar","v":"plural"},"value"]},{"$i":"minutes-until-long","$v":{"zero":"şimdi","one":"bir dakika önce","two":[{"t":"idOrVar","v":"value"}," dakika içinde"],"few":[{"t":"idOrVar","v":"value"}," dakika içinde"],"many":[{"t":"idOrVar","v":"value"}," dakika içinde"],"other":[{"t":"idOrVar","v":"value"}," dakika içinde"]},"$x":[{"t":"idOrVar","v":"plural"},"value"]},{"$i":"hours-until-long","$v":{"zero":"şimdi","one":"bir saat içinde","two":[{"t":"idOrVar","v":"value"}," saat içinde"],"few":[{"t":"idOrVar","v":"value"}," saat içinde"],"many":[{"t":"idOrVar","v":"value"}," saat içinde"],"other":[{"t":"idOrVar","v":"value"}," saat içinde"]},"$x":[{"t":"idOrVar","v":"plural"},"value"]},{"$i":"days-until-long","$v":{"zero":"bugün","one":"dün","two":[{"t":"idOrVar","v":"value"}," gün içinde"],"few":[{"t":"idOrVar","v":"value"}," gün içinde"],"many":[{"t":"idOrVar","v":"value"}," gün içinde"],"other":[{"t":"idOrVar","v":"value"}," gün içinde"]},"$x":[{"t":"idOrVar","v":"plural"},"value"]},{"$i":"weeks-until-long","$v":{"zero":"bu hafta","one":"gelecek hafta","two":[{"t":"idOrVar","v":"value"}," hafta içinde"],"few":[{"t":"idOrVar","v":"value"}," hafta içinde"],"many":[{"t":"idOrVar","v":"value"}," hafta içinde"],"other":[{"t":"idOrVar","v":"value"}," hafta içinde"]},"$x":[{"t":"idOrVar","v":"plural"},"value"]},{"$i":"months-until-long","$v":{"zero":"bu ay","one":"gelecek ay","two":[{"t":"idOrVar","v":"value"}," ay içinde"],"few":[{"t":"idOrVar","v":"value"}," ay içinde"],"many":[{"t":"idOrVar","v":"value"}," ay içinde"],"other":[{"t":"idOrVar","v":"value"}," ay içinde"]},"$x":[{"t":"idOrVar","v":"plural"},"value"]},{"$i":"years-until-long","$v":{"zero":"bu yıl","one":"gelecek yıl","two":[{"t":"idOrVar","v":"value"}," yıl içinde"],"few":[{"t":"idOrVar","v":"value"}," yıl içinde"],"many":[{"t":"idOrVar","v":"value"}," yıl içinde"],"other":[{"t":"idOrVar","v":"value"}," yıl içinde"]},"$x":[{"t":"idOrVar","v":"plural"},"value"]},{"$i":"minutes-ago-short","$v":{"zero":"biraz önce","other":[{"t":"idOrVar","v":"value"}," dk önce"]},"$x":[{"t":"idOrVar","v":"plural"},"value"]},{"$i":"hours-ago-short","$v":{"zero":"biraz önce","other":[{"t":"idOrVar","v":"value"}," saat önce"]},"$x":[{"t":"idOrVar","v":"plural"},"value"]},{"$i":"days-ago-short","$v":{"zero":"bugün","other":[{"t":"idOrVar","v":"value"}," gün önce"]},"$x":[{"t":"idOrVar","v":"plural"},"value"]},{"$i":"minutes-until-short","$v":{"zero":"şimdi","other":[{"t":"idOrVar","v":"value"}," dk içinde"]},"$x":[{"t":"idOrVar","v":"plural"},"value"]},{"$i":"hours-until-short","$v":{"zero":"şimdi","other":[{"t":"idOrVar","v":"value"}," saat içinde"]},"$x":[{"t":"idOrVar","v":"plural"},"value"]},{"$i":"days-until-short","$v":{"zero":"bugün","other":[{"t":"idOrVar","v":"value"}," gün içinde"]},"$x":[{"t":"idOrVar","v":"plural"},"value"]},{"$i":"incorrectDate","$v":"(geçersiz tarih)"},{"$i":"dateTimeFormat_%c","$v":"%e %b %Y %a %H:%M:%S"},{"$i":"dateTimeFormat_%x","$v":"%d/%m/%Y"},{"$i":"dateTimeFormat_%X","$v":"%H:%M:%S"},{"$i":"shortTimeFormat","$v":"%H:%M"},{"$i":"shortTimeFormat12","$v":"%I:%M %p"},{"$i":"shortTimeFormat24","$v":"%H:%M"},{"$i":"shortDateTimeFormat","$v":"%x %H:%M"},{"$i":"weekStartsOnMonday","$v":"1"},{"$i":"firstDayOfTheWeek","$v":"0"},{"$i":"time_am","$v":"ÖÖ"},{"$i":"time_pm","$v":"ÖS"}]