[{"$i":"noAntenna","$v":"صلِ سماعة الأذنين"},{"$i":"noAntennaMsg","$v":"يحتاج تشغيل مذياع إف‌إم إدخال سماعات الأذنين لاستقبال إشارات المذياع."},{"$i":"airplaneModeHeader","$v":"وضع الطائرة مُفعَّل"},{"$i":"airplaneModeMsg","$v":"أطفئ وضع الطائرة لاستخدام مذياع إف‌إم."},{"$i":"speaker-switch","ariaLabel":"السماعة الخارجية"},{"$i":"bookmark-button","ariaLabel":"فَضِّل"},{"$i":"dialer-container","ariaLabel":"التردّد"},{"$i":"frequency-op-seekdown","ariaLabel":"التمرير للأسفل"},{"$i":"frequency-op-seekup","ariaLabel":"التمرير للأعلى"},{"$i":"power-switch-on","ariaLabel":"فعال"},{"$i":"power-switch-off","ariaLabel":"معطل"},{"$i":"fav-list-container","ariaLabel":"المحطات المفضلة"}]