[{"$i":"noAntenna","$v":"Включване на слушалки"},{"$i":"noAntennaMsg","$v":"FM Радио изисква включени слушалки, за да може да приемате радио сигнал."},{"$i":"airplaneModeHeader","$v":"Самолетен режим включен"},{"$i":"airplaneModeMsg","$v":"Изключете самолетния режим, за да използвате FM Радио."},{"$i":"speaker-switch","ariaLabel":"Високоговорител"},{"$i":"bookmark-button","ariaLabel":"Добавяне към любимите"},{"$i":"dialer-container","ariaLabel":"Честота"},{"$i":"frequency-op-seekdown","ariaLabel":"Търсене надолу по честотите"},{"$i":"frequency-op-seekup","ariaLabel":"Търсене нагоре по честотите"},{"$i":"power-switch-on","ariaLabel":"Включване"},{"$i":"power-switch-off","ariaLabel":"Изключване"},{"$i":"fav-list-container","ariaLabel":"Любими станции"}]