[{"$i":"noAntenna","$v":"হেডসেট সংযুক্ত করুন"},{"$i":"noAntennaMsg","$v":"রেডিও সংকেত পেতে এফএম রেডিওর হেডসেট সংযুক্ত করা প্রয়োজন।"},{"$i":"airplaneModeHeader","$v":"এরোপ্লেন মোড চালু আছে"},{"$i":"airplaneModeMsg","$v":"FM রেডিও ব্যবহার করতে এরোপ্লেন মোড বন্ধ করুন।"},{"$i":"speaker-switch","ariaLabel":"Speaker"},{"$i":"bookmark-button","ariaLabel":"Favorite"},{"$i":"dialer-container","ariaLabel":"Frequency"},{"$i":"frequency-op-seekdown","ariaLabel":"Seek Down"},{"$i":"frequency-op-seekup","ariaLabel":"Seek Up"},{"$i":"power-switch-on","ariaLabel":"On"},{"$i":"power-switch-off","ariaLabel":"Off"},{"$i":"fav-list-container","ariaLabel":"Favorited stations"}]