[{"$i":"noAntenna","$v":"Connecteu uns auriculars"},{"$i":"noAntennaMsg","$v":"Cal connectar uns auriculars per rebre els senyals de ràdio FM."},{"$i":"airplaneModeHeader","$v":"El mode d'avió està activat"},{"$i":"airplaneModeMsg","$v":"Desactiveu el mode d'avió per utilitzar la ràdio FM."},{"$i":"speaker-switch","ariaLabel":"Speaker"},{"$i":"bookmark-button","ariaLabel":"Favorite"},{"$i":"dialer-container","ariaLabel":"Frequency"},{"$i":"frequency-op-seekdown","ariaLabel":"Seek Down"},{"$i":"frequency-op-seekup","ariaLabel":"Seek Up"},{"$i":"power-switch-on","ariaLabel":"On"},{"$i":"power-switch-off","ariaLabel":"Off"},{"$i":"fav-list-container","ariaLabel":"Favorited stations"}]