[{"$i":"noAntenna","$v":"Připojte sluchátka"},{"$i":"noAntennaMsg","$v":"FM rádio vyžaduje připojená sluchátka kvůli příjmu signálu rádia."},{"$i":"airplaneModeHeader","$v":"Režim V letadle je zapnut"},{"$i":"airplaneModeMsg","$v":"Pro použití FM rádia vypněte režim V letadle "},{"$i":"speaker-switch","ariaLabel":"Speaker"},{"$i":"bookmark-button","ariaLabel":"Favorite"},{"$i":"dialer-container","ariaLabel":"Frequency"},{"$i":"frequency-op-seekdown","ariaLabel":"Seek Down"},{"$i":"frequency-op-seekup","ariaLabel":"Seek Up"},{"$i":"power-switch-on","ariaLabel":"On"},{"$i":"power-switch-off","ariaLabel":"Off"},{"$i":"fav-list-container","ariaLabel":"Favorited stations"}]