[{"$i":"noAntenna","$v":"Tilslut headset"},{"$i":"noAntennaMsg","$v":"Du skal tilslutte et headset for at kunne modtage radio (ledningen bruges som antenne)."},{"$i":"airplaneModeHeader","$v":"Flytilstand er aktiveret"},{"$i":"airplaneModeMsg","$v":"Du skal slå flytilstand fra, før du kan bruge FM-radio."},{"$i":"speaker-switch","ariaLabel":"Højtaler"},{"$i":"bookmark-button","ariaLabel":"Foretrukne"},{"$i":"dialer-container","ariaLabel":"Frekvens"},{"$i":"frequency-op-seekdown","ariaLabel":"Søg nedad"},{"$i":"frequency-op-seekup","ariaLabel":"Søg opad"},{"$i":"power-switch-on","ariaLabel":"Tændt"},{"$i":"power-switch-off","ariaLabel":"Slukket"},{"$i":"fav-list-container","ariaLabel":"Foretrukne stationer"}]