[{"$i":"noAntenna","$v":"Bitte stecken Sie Kopfhörer an."},{"$i":"noAntennaMsg","$v":"Das UKW-Radio benötigt Kopfhörer als Antenne."},{"$i":"airplaneModeHeader","$v":"Flugmodus ist aktiv"},{"$i":"airplaneModeMsg","$v":"Deaktivieren Sie den Flugmodus für die Verwendung des UKW-Radios."},{"$i":"speaker-switch","ariaLabel":"Speaker"},{"$i":"bookmark-button","ariaLabel":"Favorite"},{"$i":"dialer-container","ariaLabel":"Frequency"},{"$i":"frequency-op-seekdown","ariaLabel":"Seek Down"},{"$i":"frequency-op-seekup","ariaLabel":"Seek Up"},{"$i":"power-switch-on","ariaLabel":"On"},{"$i":"power-switch-off","ariaLabel":"Off"},{"$i":"fav-list-container","ariaLabel":"Favorited stations"}]