[{"$i":"noAntenna","$v":"Συνδέστε ακουστικά"},{"$i":"noAntennaMsg","$v":"Το ραδιόφωνο χρειάζεται ακουστικά για να λάβει σήμα."},{"$i":"airplaneModeHeader","$v":"Η λειτουργία πτήσης είναι ενεργή"},{"$i":"airplaneModeMsg","$v":"Απενεργοποιήστε την λειτουργία πτήσης για να χρησιμοποιήσετε το ραδιόφωνο."},{"$i":"speaker-switch","ariaLabel":"Speaker"},{"$i":"bookmark-button","ariaLabel":"Favorite"},{"$i":"dialer-container","ariaLabel":"Frequency"},{"$i":"frequency-op-seekdown","ariaLabel":"Seek Down"},{"$i":"frequency-op-seekup","ariaLabel":"Seek Up"},{"$i":"power-switch-on","ariaLabel":"On"},{"$i":"power-switch-off","ariaLabel":"Off"},{"$i":"fav-list-container","ariaLabel":"Favorited stations"}]