[{"$i":"noAntenna","$v":"Plug in a headset"},{"$i":"noAntennaMsg","$v":"FM Radio requires a plugged in headset to receive radio signals."},{"$i":"airplaneModeHeader","$v":"Airplane mode is on"},{"$i":"airplaneModeMsg","$v":"Turn off Airplane mode to use FM Radio."},{"$i":"speaker-switch","ariaLabel":"Speaker"},{"$i":"bookmark-button","ariaLabel":"Favorite"},{"$i":"dialer-container","ariaLabel":"Frequency"},{"$i":"frequency-op-seekdown","ariaLabel":"Seek Down"},{"$i":"frequency-op-seekup","ariaLabel":"Seek Up"},{"$i":"power-switch-on","ariaLabel":"On"},{"$i":"power-switch-off","ariaLabel":"Off"},{"$i":"fav-list-container","ariaLabel":"Favorited stations"}]