[{"$i":"noAntenna","$v":"Conecte unos auriculares"},{"$i":"noAntennaMsg","$v":"La aplicación Radio FM necesita que se conecten unos auriculares para recibir señal de radio."},{"$i":"airplaneModeHeader","$v":"El modo avión está activado"},{"$i":"airplaneModeMsg","$v":"Desactive el modo avión para escuchar Radio FM."},{"$i":"speaker-switch","ariaLabel":"Altavoz"},{"$i":"bookmark-button","ariaLabel":"Favorito"},{"$i":"dialer-container","ariaLabel":"Frecuencia"},{"$i":"frequency-op-seekdown","ariaLabel":"Buscar abajo"},{"$i":"frequency-op-seekup","ariaLabel":"Buscar arriba"},{"$i":"power-switch-on","ariaLabel":"Sí"},{"$i":"power-switch-off","ariaLabel":"No"},{"$i":"fav-list-container","ariaLabel":"Emisoras favoritas"}]