[{"$i":"noAntenna","$v":"Entxufatu aurikularra"},{"$i":"noAntennaMsg","$v":"FM irratiak aurikularrak entxufatuta egotea eskatzen du irrati-seinaleak jasotzeko."},{"$i":"airplaneModeHeader","$v":"Hegazkin modua piztuta dago"},{"$i":"airplaneModeMsg","$v":"Itzali hegazkin modua FM irratia erabiltzeko."},{"$i":"speaker-switch","ariaLabel":"Bozgorailua"},{"$i":"bookmark-button","ariaLabel":"Gogokoa"},{"$i":"dialer-container","ariaLabel":"Maiztasuna"},{"$i":"frequency-op-seekdown","ariaLabel":"Bilatu beherantz"},{"$i":"frequency-op-seekup","ariaLabel":"Bilatu gorantz"},{"$i":"power-switch-on","ariaLabel":"Aktibatuta"},{"$i":"power-switch-off","ariaLabel":"Desaktibatuta"},{"$i":"fav-list-container","ariaLabel":"Gogoko estazioak"}]