[{"$i":"noAntenna","$v":"Conecte uns auriculares"},{"$i":"noAntennaMsg","$v":"O aplicativo Radio FM require que se conecten uns auriculares para recibir sinais de radio."},{"$i":"airplaneModeHeader","$v":"O modo avión está activo"},{"$i":"airplaneModeMsg","$v":"Desactive o modo avión para usar Radio FM."},{"$i":"speaker-switch","ariaLabel":"Speaker"},{"$i":"bookmark-button","ariaLabel":"Favorite"},{"$i":"dialer-container","ariaLabel":"Frequency"},{"$i":"frequency-op-seekdown","ariaLabel":"Seek Down"},{"$i":"frequency-op-seekup","ariaLabel":"Seek Up"},{"$i":"power-switch-on","ariaLabel":"On"},{"$i":"power-switch-off","ariaLabel":"Off"},{"$i":"fav-list-container","ariaLabel":"Favorited stations"}]