[{"$i":"noAntenna","$v":"Priključite slušalice"},{"$i":"noAntennaMsg","$v":"Za primanje signala, FM radio zahtijeva priključene slušalice"},{"$i":"airplaneModeHeader","$v":"Zrakoplovni način rada je uključen"},{"$i":"airplaneModeMsg","$v":"Isključi zrakoplovni način rada za korištenje FM radia."},{"$i":"speaker-switch","ariaLabel":"Speaker"},{"$i":"bookmark-button","ariaLabel":"Favorite"},{"$i":"dialer-container","ariaLabel":"Frequency"},{"$i":"frequency-op-seekdown","ariaLabel":"Seek Down"},{"$i":"frequency-op-seekup","ariaLabel":"Seek Up"},{"$i":"power-switch-on","ariaLabel":"On"},{"$i":"power-switch-off","ariaLabel":"Off"},{"$i":"fav-list-container","ariaLabel":"Favorited stations"}]