[{"$i":"noAntenna","$v":"Csatlakoztasson egy fejhallgatót"},{"$i":"noAntennaMsg","$v":"Az FM-rádiójelek vételéhez csatlakoztasson egy fejhallgatót."},{"$i":"airplaneModeHeader","$v":"Repülő mód bekapcsolva"},{"$i":"airplaneModeMsg","$v":"Kapcsolja ki a repülő módot az FM rádió használatához."},{"$i":"speaker-switch","ariaLabel":"Speaker"},{"$i":"bookmark-button","ariaLabel":"Favorite"},{"$i":"dialer-container","ariaLabel":"Frequency"},{"$i":"frequency-op-seekdown","ariaLabel":"Seek Down"},{"$i":"frequency-op-seekup","ariaLabel":"Seek Up"},{"$i":"power-switch-on","ariaLabel":"On"},{"$i":"power-switch-off","ariaLabel":"Off"},{"$i":"fav-list-container","ariaLabel":"Favorited stations"}]