[{"$i":"noAntenna","$v":"Inserire le cuffie"},{"$i":"noAntennaMsg","$v":"È necessario collegare le cuffie per ricevere il segnale radio."},{"$i":"airplaneModeHeader","$v":"Modalità aereo attiva"},{"$i":"airplaneModeMsg","$v":"Disattivare la modalità aereo per utilizzare la Radio FM."},{"$i":"speaker-switch","ariaLabel":"Altoparlante"},{"$i":"bookmark-button","ariaLabel":"Preferita"},{"$i":"dialer-container","ariaLabel":"Frequenza"},{"$i":"frequency-op-seekdown","ariaLabel":"Ricerca all’indietro"},{"$i":"frequency-op-seekup","ariaLabel":"Ricerca in avanti"},{"$i":"power-switch-on","ariaLabel":"Acceso"},{"$i":"power-switch-off","ariaLabel":"Spento"},{"$i":"fav-list-container","ariaLabel":"Stazioni preferite"}]