[{"$i":"noAntenna","$v":"ヘッドセットを接続してください"},{"$i":"noAntennaMsg","$v":"FM ラジオは信号を受信するためのヘッドセットを接続する必要があります。"},{"$i":"airplaneModeHeader","$v":"機内モードが ON です"},{"$i":"airplaneModeMsg","$v":"FM ラジオを使用するには機内モードを OFF にしてください。"},{"$i":"speaker-switch","ariaLabel":"Speaker"},{"$i":"bookmark-button","ariaLabel":"Favorite"},{"$i":"dialer-container","ariaLabel":"Frequency"},{"$i":"frequency-op-seekdown","ariaLabel":"Seek Down"},{"$i":"frequency-op-seekup","ariaLabel":"Seek Up"},{"$i":"power-switch-on","ariaLabel":"On"},{"$i":"power-switch-off","ariaLabel":"Off"},{"$i":"fav-list-container","ariaLabel":"Favorited stations"}]