[{"$i":"noAntenna","$v":"ដោត​កាស​​ស្ដាប់​ចូល"},{"$i":"noAntennaMsg","$v":"វិទ្យុ FM ទាមទារ​ដោត​កាស​ស្ដាប់​ចូល​ដើម្បី​ទទួល​សញ្ញា​វិទ្យុ។"},{"$i":"airplaneModeHeader","$v":"បាន​បើក​របៀប​លើ​យន្តហោះ"},{"$i":"airplaneModeMsg","$v":"បិទ​របៀប​លើ​យន្ត​ហោះ​ដើម្បី​ប្រើវ​ិទ្យុ FM ។"},{"$i":"speaker-switch","ariaLabel":"Speaker"},{"$i":"bookmark-button","ariaLabel":"Favorite"},{"$i":"dialer-container","ariaLabel":"Frequency"},{"$i":"frequency-op-seekdown","ariaLabel":"Seek Down"},{"$i":"frequency-op-seekup","ariaLabel":"Seek Up"},{"$i":"power-switch-on","ariaLabel":"On"},{"$i":"power-switch-off","ariaLabel":"Off"},{"$i":"fav-list-container","ariaLabel":"Favorited stations"}]