[{"$i":"noAntenna","$v":"헤드셋 연결하기"},{"$i":"noAntennaMsg","$v":"헤드셋이 연결되어 있어야 FM 라디오가 라디오 신호를 수신할 수 있습니다."},{"$i":"airplaneModeHeader","$v":"비행기 모드 켜져 있음"},{"$i":"airplaneModeMsg","$v":"FM 라디오를 들으시려면 비행기 모드를 꺼 주십시오."},{"$i":"speaker-switch","ariaLabel":"Speaker"},{"$i":"bookmark-button","ariaLabel":"Favorite"},{"$i":"dialer-container","ariaLabel":"Frequency"},{"$i":"frequency-op-seekdown","ariaLabel":"Seek Down"},{"$i":"frequency-op-seekup","ariaLabel":"Seek Up"},{"$i":"power-switch-on","ariaLabel":"On"},{"$i":"power-switch-off","ariaLabel":"Off"},{"$i":"fav-list-container","ariaLabel":"Favorited stations"}]