[{"$i":"noAntenna","$v":"Prijunkite ausines"},{"$i":"noAntennaMsg","$v":"FM radijui veikti prie šio įrenginio būtina prijungti laidines ausines."},{"$i":"airplaneModeHeader","$v":"Įgalinta skrydžio veiksena"},{"$i":"airplaneModeMsg","$v":"Jeigu norite klausytis radijo, išjunkite skrydžio veikseną."},{"$i":"speaker-switch","ariaLabel":"Speaker"},{"$i":"bookmark-button","ariaLabel":"Favorite"},{"$i":"dialer-container","ariaLabel":"Frequency"},{"$i":"frequency-op-seekdown","ariaLabel":"Seek Down"},{"$i":"frequency-op-seekup","ariaLabel":"Seek Up"},{"$i":"power-switch-on","ariaLabel":"On"},{"$i":"power-switch-off","ariaLabel":"Off"},{"$i":"fav-list-container","ariaLabel":"Favorited stations"}]