[{"$i":"noAntenna","$v":"Поврзете слушалки"},{"$i":"noAntennaMsg","$v":"Потребни е да поврзете слушаки за ФМ-радиото да прима сигнали."},{"$i":"airplaneModeHeader","$v":"Авионскиот режим е вклучен"},{"$i":"airplaneModeMsg","$v":"Исклучете го авионскиот режим за да слушате радио."},{"$i":"speaker-switch","ariaLabel":"Speaker"},{"$i":"bookmark-button","ariaLabel":"Favorite"},{"$i":"dialer-container","ariaLabel":"Frequency"},{"$i":"frequency-op-seekdown","ariaLabel":"Seek Down"},{"$i":"frequency-op-seekup","ariaLabel":"Seek Up"},{"$i":"power-switch-on","ariaLabel":"On"},{"$i":"power-switch-off","ariaLabel":"Off"},{"$i":"fav-list-container","ariaLabel":"Favorited stations"}]