[{"$i":"noAntenna","$v":"Pasang set kepala"},{"$i":"noAntennaMsg","$v":"Radio FM memerlukan set kepala dipasang untuk menerima isyarat radio."},{"$i":"airplaneModeHeader","$v":"Mod pesawat telah hidup"},{"$i":"airplaneModeMsg","$v":"Matikan mod pesawat untuk menggunakan Radio FM."},{"$i":"speaker-switch","ariaLabel":"Speaker"},{"$i":"bookmark-button","ariaLabel":"Favorite"},{"$i":"dialer-container","ariaLabel":"Frequency"},{"$i":"frequency-op-seekdown","ariaLabel":"Seek Down"},{"$i":"frequency-op-seekup","ariaLabel":"Seek Up"},{"$i":"power-switch-on","ariaLabel":"On"},{"$i":"power-switch-off","ariaLabel":"Off"},{"$i":"fav-list-container","ariaLabel":"Favorited stations"}]