[{"$i":"noAntenna","$v":"हेडसेट जोड्नुहोस्"},{"$i":"noAntennaMsg","$v":"FM रेडियोलाई रेडियो सिग्नल प्राप्त गर्नका लागि हेडसेट जोडिएको हुनुपर्दछ।"},{"$i":"airplaneModeHeader","$v":"उडान शैली चालू छ"},{"$i":"airplaneModeMsg","$v":"FM रेडियो प्रयोग गर्न उडान शैली बन्द गर्नुहोस्।"},{"$i":"speaker-switch","ariaLabel":"Speaker"},{"$i":"bookmark-button","ariaLabel":"Favorite"},{"$i":"dialer-container","ariaLabel":"Frequency"},{"$i":"frequency-op-seekdown","ariaLabel":"Seek Down"},{"$i":"frequency-op-seekup","ariaLabel":"Seek Up"},{"$i":"power-switch-on","ariaLabel":"On"},{"$i":"power-switch-off","ariaLabel":"Off"},{"$i":"fav-list-container","ariaLabel":"Favorited stations"}]