[{"$i":"noAntenna","$v":"Sluit een headset aan"},{"$i":"noAntennaMsg","$v":"FM-radio vereist een aangesloten headset om radiosignalen te ontvangen."},{"$i":"airplaneModeHeader","$v":"Vliegtuigmodus is ingeschakeld"},{"$i":"airplaneModeMsg","$v":"Schakel de vliegtuigmodus uit om FM-radio te gebruiken."},{"$i":"speaker-switch","ariaLabel":"Luidspreker"},{"$i":"bookmark-button","ariaLabel":"Favoriet"},{"$i":"dialer-container","ariaLabel":"Frequentie"},{"$i":"frequency-op-seekdown","ariaLabel":"Omlaag zoeken"},{"$i":"frequency-op-seekup","ariaLabel":"Omhoog zoeken"},{"$i":"power-switch-on","ariaLabel":"Aan"},{"$i":"power-switch-off","ariaLabel":"Uit"},{"$i":"fav-list-container","ariaLabel":"Favoriete stations"}]