[{"$i":"noAntenna","$v":"ਹੈੱਡਸੈੱਟ ਲਗਾਓ"},{"$i":"noAntennaMsg","$v":"FM ਰੇਡੀਓ ਲਈ ਰੇਡੀਓ ਸਿਗਨਲ ਵਾਸਤੇ ਹੈੱਡਸੈੱਟ ਲਗਾਉ।"},{"$i":"airplaneModeHeader","$v":"ਏਅਰਪਲੇਨ ਮੋਡ ਚਾਲੂ ਹੈ"},{"$i":"airplaneModeMsg","$v":"ਐਫਐਮ ਰੇਡੀਓ ਵਰਤਣ ਲਈ ਏਅਰਪਲੇਨ ਮੋਡ ਬੰਦ ਕਰੋ।"},{"$i":"speaker-switch","ariaLabel":"Speaker"},{"$i":"bookmark-button","ariaLabel":"Favorite"},{"$i":"dialer-container","ariaLabel":"Frequency"},{"$i":"frequency-op-seekdown","ariaLabel":"Seek Down"},{"$i":"frequency-op-seekup","ariaLabel":"Seek Up"},{"$i":"power-switch-on","ariaLabel":"On"},{"$i":"power-switch-off","ariaLabel":"Off"},{"$i":"fav-list-container","ariaLabel":"Favorited stations"}]