[{"$i":"noAntenna","$v":"Podłącz słuchawki"},{"$i":"noAntennaMsg","$v":"Radio wymaga słuchawek, aby odbierać sygnał radiowy."},{"$i":"airplaneModeHeader","$v":"Aktywny tryb lotu"},{"$i":"airplaneModeMsg","$v":"Wyłącz tryb lotu, aby korzystać z radia."},{"$i":"speaker-switch","ariaLabel":"Głośnik"},{"$i":"bookmark-button","ariaLabel":"Dodaj do ulubionych"},{"$i":"dialer-container","ariaLabel":"Częstotliwość"},{"$i":"frequency-op-seekdown","ariaLabel":"Szukaj wstecz"},{"$i":"frequency-op-seekup","ariaLabel":"Szukaj"},{"$i":"power-switch-on","ariaLabel":"Włącz"},{"$i":"power-switch-off","ariaLabel":"Wyłącz"},{"$i":"fav-list-container","ariaLabel":"Ulubione stacje"}]