[{"$i":"noAntenna","$v":"Por favor, plugue o fone de ouvido."},{"$i":"noAntennaMsg","$v":"O Rádio FM requer um fone de ouvido para ser usado como antena."},{"$i":"airplaneModeHeader","$v":"Modo avião ativado"},{"$i":"airplaneModeMsg","$v":"Desative o modo avião para usar o rádio FM."},{"$i":"speaker-switch","ariaLabel":"Speaker"},{"$i":"bookmark-button","ariaLabel":"Favorite"},{"$i":"dialer-container","ariaLabel":"Frequency"},{"$i":"frequency-op-seekdown","ariaLabel":"Seek Down"},{"$i":"frequency-op-seekup","ariaLabel":"Seek Up"},{"$i":"power-switch-on","ariaLabel":"On"},{"$i":"power-switch-off","ariaLabel":"Off"},{"$i":"fav-list-container","ariaLabel":"Favorited stations"}]