[{"$i":"noAntenna","$v":"Conectează căștile"},{"$i":"noAntennaMsg","$v":"Radioul FM solicită căștile conectate pentru a recepționa semnale radio."},{"$i":"airplaneModeHeader","$v":"Modul avion este activat"},{"$i":"airplaneModeMsg","$v":"Oprește modul avion pentru a folosi radioul FM."},{"$i":"speaker-switch","ariaLabel":"Speaker"},{"$i":"bookmark-button","ariaLabel":"Favorite"},{"$i":"dialer-container","ariaLabel":"Frequency"},{"$i":"frequency-op-seekdown","ariaLabel":"Seek Down"},{"$i":"frequency-op-seekup","ariaLabel":"Seek Up"},{"$i":"power-switch-on","ariaLabel":"On"},{"$i":"power-switch-off","ariaLabel":"Off"},{"$i":"fav-list-container","ariaLabel":"Favorited stations"}]