[{"$i":"noAntenna","$v":"Подключите проводную гарнитуру"},{"$i":"noAntennaMsg","$v":"Для работы FM радио нужно подключить проводную гарнитуру."},{"$i":"airplaneModeHeader","$v":"Включён Режим Полёта"},{"$i":"airplaneModeMsg","$v":"Отключите режим полета, чтобы использовать FM радио."},{"$i":"speaker-switch","ariaLabel":"Спикер"},{"$i":"bookmark-button","ariaLabel":"Избранное"},{"$i":"dialer-container","ariaLabel":"Частота"},{"$i":"frequency-op-seekdown","ariaLabel":"Искать вниз"},{"$i":"frequency-op-seekup","ariaLabel":"Искать вверх"},{"$i":"power-switch-on","ariaLabel":"Включить"},{"$i":"power-switch-off","ariaLabel":"Отключить"},{"$i":"fav-list-container","ariaLabel":"Избранные станции"}]