[{"$i":"noAntenna","$v":"Pripojte slúchadlá"},{"$i":"noAntennaMsg","$v":"Na príjem rozhlasových staníc je potrebné pripojiť slúchadlá, ktoré slúžia ako anténa."},{"$i":"airplaneModeHeader","$v":"Je aktivovaný režim V lietadle"},{"$i":"airplaneModeMsg","$v":"Ak chcete používať FM Rádio, vypnite režim V lietadle."},{"$i":"speaker-switch","ariaLabel":"Reproduktor"},{"$i":"bookmark-button","ariaLabel":"Obľúbené"},{"$i":"dialer-container","ariaLabel":"Frekvencia"},{"$i":"frequency-op-seekdown","ariaLabel":"Hľadať nadol"},{"$i":"frequency-op-seekup","ariaLabel":"Hľadať nahor"},{"$i":"power-switch-on","ariaLabel":"Zapnuté"},{"$i":"power-switch-off","ariaLabel":"Vypnuté"},{"$i":"fav-list-container","ariaLabel":"Stanice uložené medzi obľúbené"}]