[{"$i":"noAntenna","$v":"Futni një palë kufje"},{"$i":"noAntennaMsg","$v":"Që Radioja FM të marrë sinjal, lyp futjen e një palë kufjeve."},{"$i":"airplaneModeHeader","$v":"Mënyra Aeroplan është aktive"},{"$i":"airplaneModeMsg","$v":"Që të përdorni Radion FM çaktivizoni mënyrën Aeroplan."},{"$i":"speaker-switch","ariaLabel":"Altoparlant"},{"$i":"bookmark-button","ariaLabel":"I parapëlqyer"},{"$i":"dialer-container","ariaLabel":"Frekuencë"},{"$i":"frequency-op-seekdown","ariaLabel":"Më poshtë"},{"$i":"frequency-op-seekup","ariaLabel":"Më sipër"},{"$i":"power-switch-on","ariaLabel":"On"},{"$i":"power-switch-off","ariaLabel":"Off"},{"$i":"fav-list-container","ariaLabel":"Stacione të parapëlqyer"}]