[{"$i":"noAntenna","$v":"Прикључите слушалице"},{"$i":"noAntennaMsg","$v":"FM радио захтева прикључене слушалице да би примао радио сигнале."},{"$i":"airplaneModeHeader","$v":"Режим рада у авиону је укључен"},{"$i":"airplaneModeMsg","$v":"Искључите режим рада у авиону да бисте користили FM радио."},{"$i":"speaker-switch","ariaLabel":"Звучник"},{"$i":"bookmark-button","ariaLabel":"Омиљено"},{"$i":"dialer-container","ariaLabel":"Фреквенција"},{"$i":"frequency-op-seekdown","ariaLabel":"Тражи доле"},{"$i":"frequency-op-seekup","ariaLabel":"Тражи горе"},{"$i":"power-switch-on","ariaLabel":"Укључено"},{"$i":"power-switch-off","ariaLabel":"Искључено"},{"$i":"fav-list-container","ariaLabel":"Омиљене станице"}]