[{"$i":"noAntenna","$v":"Priključite slušalice"},{"$i":"noAntennaMsg","$v":"FM radio zahteva priključene slušalice da bi primao radio signale."},{"$i":"airplaneModeHeader","$v":"Režim rada u avionu je uključen"},{"$i":"airplaneModeMsg","$v":"Isključite režim rada u avionu da biste koristili FM radio."},{"$i":"speaker-switch","ariaLabel":"Zvučnik"},{"$i":"bookmark-button","ariaLabel":"Omiljeno"},{"$i":"dialer-container","ariaLabel":"Frekvencija"},{"$i":"frequency-op-seekdown","ariaLabel":"Traži dole"},{"$i":"frequency-op-seekup","ariaLabel":"Traži gore"},{"$i":"power-switch-on","ariaLabel":"Uključeno"},{"$i":"power-switch-off","ariaLabel":"Isključeno"},{"$i":"fav-list-container","ariaLabel":"Omiljene stanice"}]