[{"$i":"noAntenna","$v":"Koppla in ett headset"},{"$i":"noAntennaMsg","$v":"FM-radio kräver ett inkopplat headset för att ta emot radiosignaler."},{"$i":"airplaneModeHeader","$v":"Flygplansläge är aktiverat"},{"$i":"airplaneModeMsg","$v":"Inaktivera flygplansläge för att använda FM-radio."},{"$i":"speaker-switch","ariaLabel":"Högtalare"},{"$i":"bookmark-button","ariaLabel":"Favorit"},{"$i":"dialer-container","ariaLabel":"Frekvens"},{"$i":"frequency-op-seekdown","ariaLabel":"Sök lägre"},{"$i":"frequency-op-seekup","ariaLabel":"Sök högre"},{"$i":"power-switch-on","ariaLabel":"På"},{"$i":"power-switch-off","ariaLabel":"Av"},{"$i":"fav-list-container","ariaLabel":"Favoritstationer"}]