[{"$i":"noAntenna","$v":"Bir kulaklık takın"},{"$i":"noAntennaMsg","$v":"FM Radyo, radyo sinyallerini almak için kulaklığa ihtiyaç duyar."},{"$i":"airplaneModeHeader","$v":"Uçak modu açık"},{"$i":"airplaneModeMsg","$v":"FM Radyo'yu kullanmak için Uçak modunu kapatın."},{"$i":"speaker-switch","ariaLabel":"Speaker"},{"$i":"bookmark-button","ariaLabel":"Favorite"},{"$i":"dialer-container","ariaLabel":"Frequency"},{"$i":"frequency-op-seekdown","ariaLabel":"Seek Down"},{"$i":"frequency-op-seekup","ariaLabel":"Seek Up"},{"$i":"power-switch-on","ariaLabel":"On"},{"$i":"power-switch-off","ariaLabel":"Off"},{"$i":"fav-list-container","ariaLabel":"Favorited stations"}]