[{"$i":"noAntenna","$v":"请插入耳机"},{"$i":"noAntennaMsg","$v":"FM 收音机需要插入耳机才能收到广播信号。"},{"$i":"airplaneModeHeader","$v":"飞行模式打开"},{"$i":"airplaneModeMsg","$v":"关闭飞行模式以使用调频收音机。"},{"$i":"speaker-switch","ariaLabel":"Speaker"},{"$i":"bookmark-button","ariaLabel":"Favorite"},{"$i":"dialer-container","ariaLabel":"Frequency"},{"$i":"frequency-op-seekdown","ariaLabel":"Seek Down"},{"$i":"frequency-op-seekup","ariaLabel":"Seek Up"},{"$i":"power-switch-on","ariaLabel":"On"},{"$i":"power-switch-off","ariaLabel":"Off"},{"$i":"fav-list-container","ariaLabel":"Favorited stations"}]