[{"$i":"noAntenna","$v":"插入耳機"},{"$i":"noAntennaMsg","$v":"需要插入耳機才能接收廣播訊號。"},{"$i":"airplaneModeHeader","$v":"已開啟飛航模式"},{"$i":"airplaneModeMsg","$v":"關閉飛航模式以使用 FM 收音機。"},{"$i":"speaker-switch","ariaLabel":"擴音"},{"$i":"bookmark-button","ariaLabel":"最愛"},{"$i":"dialer-container","ariaLabel":"頻道"},{"$i":"frequency-op-seekdown","ariaLabel":"向下尋找"},{"$i":"frequency-op-seekup","ariaLabel":"向上尋找"},{"$i":"power-switch-on","ariaLabel":"開啟"},{"$i":"power-switch-off","ariaLabel":"關閉"},{"$i":"fav-list-container","ariaLabel":"最愛電台"}]