[{"$i":"share","$v":"Споделяне"},{"$i":"resend","$v":"Пращане наново"},{"$i":"connecting","$v":"Свързване"},{"$i":"verify","$v":"Проверка"},{"$i":"verifying","$v":"Проверяване"},{"$i":"verified","$v":"Проверено"},{"$i":"mobileIDExplanation","$v":[{"t":"idOrVar","v":"app_name"}," иска да знае и провери вашия номер. Моля, изберете кой да се сподели или да се създаде нов."]},{"$i":"verificationCodeExplanation","$v":["Изпратихме код до ",{"t":"idOrVar","v":"phone_number"},". Ще опитаме да го прихванем автоматично, но ако не е на това устройство, ще трябва да го въведете ръчно."]},{"$i":"successMessage","$v":["Чудесно! Вашият номер ",{"t":"idOrVar","v":"phone_number"}," е вече проверен и достъпен за ",{"t":"idOrVar","v":"app_name"},"."]},{"$i":"serverErrorMessage","$v":"Проверяващият сървър не е достъпен в момента. Моля, проверете свързаността си с Интернет, опитайте отново или изчакайте няколко минути."},{"$i":"timeoutErrorMessage","$v":"Изглежда има проблем с вашия проверяващ код. Нека опитаме още веднъж!"},{"$i":"errorTitle","$v":"Мобилна идентичност"},{"$i":"ok","$v":"Добре"},{"$i":"addPhoneNumber","$v":"Или добавяне на телефонен номер"},{"$i":"selectPhoneNumber","$v":"Или избиране на телефонен номер от списъка"},{"$i":"firefox-accounts-title","$v":"Firefox регистрация"},{"$i":"fxa-next","$v":"Напред"},{"$i":"fxa-back","$v":"Назад"},{"$i":"fxa-done","$v":"Готово"},{"$i":"fxa-ok","$v":"Добре"},{"$i":"fxa-connection-error-title","$v":"Няма връзка"},{"$i":"fxa-connection-error-message","$v":"Можете да създадете регистрация или да се впишете в Настройки."},{"$i":"fxa-reset-password-error-title","$v":"Нулиране на парола"},{"$i":"fxa-reset-password-error-message","$v":"Можете да нулирате паролата си от Настройки."},{"$i":"fxa-coppa-failure-error-title","$v":"Не може да се създаде регистрация"},{"$i":"fxa-coppa-failure-error-message","$v":["За да използвате Firefox регистрация, трябва да отговаряте на определени възрастови изисквания. ",{"t":"idOrVar","v":"learnmore"}]},{"$i":"fxa-learn-more","$v":"Научете повече"},{"$i":"fxa-offline-error-title","$v":"Не може да бъде установена връзка"},{"$i":"fxa-offline-error-message","$v":"Моля, свържете се с мрежа от Настройки."},{"$i":"fxa-invalid-email-title","$v":"Грешка"},{"$i":"fxa-invalid-email-message","$v":"Моля, въведете валидна ел.поща."},{"$i":"fxa-invalid-password-title","$v":"Невалидна парола"},{"$i":"fxa-invalid-password-message","$v":"Моля, проверете вашата парола и опитайте отново."},{"$i":"fxa-unknown-error-title","$v":"Не може да бъде установена връзка"},{"$i":"fxa-unknown-error-message","$v":"Системата е недостъпна, опитайте по-късно."},{"$i":"fxa-connecting","$v":"Свързване"},{"$i":"fxa-enter-email-input","placeholder":"Ел. поща"},{"$i":"fxa-use-email-to-sign-in","$v":"Използвайте вашата ел.поща за регистрация или вписване."},{"$i":"fxa-notice","$v":["Продължавайки, аз се съгласявам с ",{"t":"idOrVar","v":"tos"}," и ",{"t":"idOrVar","v":"pn"}," на облачните услуги на Firefox."]},{"$i":"fxa-tos","$v":"условията за ползване на услугата"},{"$i":"fxa-pn","$v":"политиката за личните данни"},{"$i":"fxa-create-password-title","$v":"Създаване на парола"},{"$i":"fxa-enter-password-title","$v":"Въведете вашата парола"},{"$i":"fxa-hello-user","$v":["Здравей, ",{"t":"idOrVar","v":"email"}]},{"$i":"fxa-password-refresh","$v":"За да продължите, моля, въведете вашата парола за Firefox регистрация."},{"$i":"fxa-password","placeholder":"Парола"},{"$i":"fxa-forgot-your-password","$v":"Забравили сте паролата?"},{"$i":"fxa-show-password","$v":"Показване на паролата"},{"$i":"fxa-password-length-requirement","$v":"Вашата парола трябва да бъде дълга поне 8 знака."},{"$i":"fxa-success","$v":"Успех!"},{"$i":"fxa-ready-to-go","$v":"Firefox регистрацията ви е готова за ползване! "},{"$i":"fxa-use-features","$v":"Сега може да използвате възможности като „Изгубено устройство“ и приложения като Firefox Marketplace."},{"$i":"fxa-access-manage-account-settings","$v":"В бъдеще може да имате достъп и да управлявате сметката си в Настройки."},{"$i":"fxa-confirm-account","$v":"Потвърждаване на вашата регистрация"},{"$i":"fxa-will-send-email","$v":["Ще изпратим писмо до: ",{"t":"idOrVar","v":"email"}]},{"$i":"fxa-signup-click-verification-link-in-email","$v":"При следващата си проверка на ел.поща, щракнете на проверяващата връзка, за да потвърдите Firefox регистрацията си."},{"$i":"fxa-age-verification","$v":"Проверка на възрастта"},{"$i":"fxa-age-earlier","$v":[{"t":"idOrVar","v":"year"}," или по-рано"]},{"$i":"fxa-year-of-birth","$v":"Година на раждане"},{"$i":"brandShortName","$v":"B2G OS"},{"$i":"browserBrandShortName","$v":"Web Browser"},{"$i":"browserBrandFullName","$v":"Mozilla Web Browser"},{"$i":"ringtoneBrandName","$v":"Default"},{"$i":"ringtoneSectionBrandName","$v":"System"},{"$i":"back","$v":"Назад"},{"$i":"help","$v":"Помощ"},{"$i":"cancel","$v":"Отказ"},{"$i":"close","$v":"Затваряне"},{"$i":"skip","$v":"Пропускане"},{"$i":"clear","ariaLabel":"Изчистване"},{"$i":"enable","$v":"Включване"},{"$i":"turnOn","$v":"Включване"},{"$i":"undo","ariaLabel":"Отмяна"},{"$i":"enterPIN","$v":"Въведете PIN"},{"$i":"mediaPlaybackTrack","ariaLabel":"Заглавие или изпълнител"},{"$i":"mediaPlaybackControls","ariaLabel":"Контроли за възпроизвеждане"},{"$i":"mediaPlaybackPrevious","ariaLabel":"Предишно"},{"$i":"mediaPlaybackPlay","ariaLabel":"Старт"},{"$i":"mediaPlaybackPause","ariaLabel":"Пауза"},{"$i":"mediaPlaybackNext","ariaLabel":"Следващо"},{"$i":"UnknownTrack","$v":"Неизвестна песен"},{"$i":"wifiButton-on","$v":"Включен Wi-Fi"},{"$i":"wifiButton-on-initializing","$v":"Включен Wi-Fi, инициализация"},{"$i":"wifiButton-off","$v":"Изключен Wi-Fi"},{"$i":"dataButton-on","$v":["Включени данни ",{"t":"idOrVar","v":"type"}]},{"$i":"dataButton-off","$v":["Изключени данни ",{"t":"idOrVar","v":"type"}]},{"$i":"bluetoothButton-on","$v":"Включен Bluetooth"},{"$i":"bluetoothButton-on-initializing","$v":"Включен Bluetooth, инициализация"},{"$i":"bluetoothButton-off","$v":"Изключен Bluetooth"},{"$i":"airplaneMode-on","$v":"Самолетният режим е включен"},{"$i":"airplaneMode-off","$v":"Самолетният режим е изключен"},{"$i":"settingsButton","ariaLabel":"Настройки"},{"$i":"utilityTray","ariaLabel":"Помощна лента"},{"$i":"statusbarOperator","$v":[{"t":"idOrVar","v":"date"},", ",{"t":"idOrVar","v":"operator"}]},{"$i":"statusbarDateFormat","$v":"%e %B"},{"$i":"statusbar","ariaLabel":"Лента на състоянието"},{"$i":"statusbarBattery","ariaLabel":["Батерия на ",{"t":"idOrVar","v":"level"}," процента"]},{"$i":"statusbarBatteryCharging","ariaLabel":["Батерия на ",{"t":"idOrVar","v":"level"}," процента, зареждане"]},{"$i":"statusbarAirplaneMode","ariaLabel":"Airplane mode on"},{"$i":"statusbarWiFiConnecting","ariaLabel":"Wi-Fi: connecting"},{"$i":"statusbarWiFiConnected","ariaLabel":["Wi-Fi: ",{"t":"idOrVar","v":"level"}," of 4 bars"]},{"$i":"statusbarSignal","ariaLabel":[{"t":"idOrVar","v":"operator"}," network, ",{"t":"idOrVar","v":"level"}," of 5 bars"]},{"$i":"statusbarSignalRoaming","ariaLabel":[{"t":"idOrVar","v":"operator"}," network (roaming), ",{"t":"idOrVar","v":"level"}," of 5 bars"]},{"$i":"statusbarSignalNoneSearching","ariaLabel":"Searching… Emergency calls only"},{"$i":"emergencyCallsOnly","$v":"Само спешни повиквания"},{"$i":"statusbarSignalNoSimCard","ariaLabel":"No SIM card"},{"$i":"statusbarHeadphone","ariaLabel":"Headphones on"},{"$i":"statusbarBluetoothHeadphone","ariaLabel":"Bluetooth headphones on"},{"$i":"statusbarBluetoothTransfer","ariaLabel":"Bluetooth transfer active"},{"$i":"statusbarIconOn-tethering","ariaLabel":"Tethering on"},{"$i":"statusbarIconOnActive-tethering","ariaLabel":"Tethering on, active"},{"$i":"statusbarAlarm","ariaLabel":"Включена аларма"},{"$i":"statusbarIconOn-bluetooth","ariaLabel":"Bluetooth on"},{"$i":"statusbarIconOnActive-bluetooth","ariaLabel":"Bluetooth on, active"},{"$i":"statusbarIconOn-mute","ariaLabel":"Mute on"},{"$i":"statusbarIconOn-vibration","ariaLabel":"Vibration on"},{"$i":"statusbarRecording","ariaLabel":"Включено записване"},{"$i":"statusbarGeolocation","ariaLabel":"Местоположение включено"},{"$i":"statusbarUsb","ariaLabel":"Включен USB"},{"$i":"statusbarCallForwarding","$v":"Call forwarding on"},{"$i":"statusbarPlaying","ariaLabel":"Възпроизвежда се медия"},{"$i":"statusbarNfc","ariaLabel":"Включен NFC"},{"$i":"statusbarDownload","ariaLabel":"Downloading…"},{"$i":"statusbarNetworkActivity","ariaLabel":"Включена мрежа"},{"$i":"statusbarEmergencyCallback","ariaLabel":"Emergency callback"},{"$i":"statusbarNotifications","$v":{"one":[{"t":"idOrVar","v":"n"}," известие"],"two":[{"t":"idOrVar","v":"n"}," известия"],"few":[{"t":"idOrVar","v":"n"}," известия"],"many":[{"t":"idOrVar","v":"n"}," известия"],"other":[{"t":"idOrVar","v":"n"}," известия"]},"$x":[{"t":"idOrVar","v":"plural"},"n"]},{"$i":"statusbarNotifications-unread","ariaLabel":{"$x":[{"t":"idOrVar","v":"plural"},"n"],"$v":{"one":[{"t":"idOrVar","v":"n"}," нечетено известие"],"two":[{"t":"idOrVar","v":"n"}," нечетени известия"],"few":[{"t":"idOrVar","v":"n"}," нечетени известия"],"many":[{"t":"idOrVar","v":"n"}," нечетени известия"],"other":[{"t":"idOrVar","v":"n"}," нечетени известия"]}}},{"$i":"notifications","$v":"Известия"},{"$i":"clear-all","$v":"Изчистване"},{"$i":"attentionScreen-tapToShow","$v":"Докоснете за показване"},{"$i":"newVoicemails","$v":{"zero":"Няма нова гласова поща","one":"Една нова гласова поща","two":[{"t":"idOrVar","v":"n"}," нови гласови пощи"],"few":[{"t":"idOrVar","v":"n"}," нови гласови пощи"],"many":[{"t":"idOrVar","v":"n"}," нови гласови пощи"],"other":[{"t":"idOrVar","v":"n"}," нови гласови пощи"]},"$x":[{"t":"idOrVar","v":"plural"},"n"]},{"$i":"newVoicemailsUnknown","$v":"Нова гласова поща"},{"$i":"dialNumber","$v":["Набиране на ",{"t":"idOrVar","v":"number"}]},{"$i":"voicemailNotificationMultiSim","$v":["(SIM ",{"t":"idOrVar","v":"n"},") ",{"t":"idOrVar","v":"title"}]},{"$i":"euRoamingNotificationTitle","$v":"Разпознат Интернет в ЕС"},{"$i":"euRoamingNotificationMsg","$v":"Докоснете за промяна."},{"$i":"confirmNFCConnectBTenabledNameUnknown","$v":"Сигурни ли сте, че искате да се свържете с устройството?"},{"$i":"confirmNFCConnectBTdisabledNameUnknown","$v":"Включване на Bluetooth и свързване с устройството?"},{"$i":"confirmNFCConnectBTenabledNameKnown","$v":["Сигурни ли сте, че искате да се свържете с ",{"t":"idOrVar","v":"deviceName"},"?"]},{"$i":"confirmNFCConnectBTdisabledNameKnown","$v":["Включване на Bluetooth и свързване с ",{"t":"idOrVar","v":"deviceName"},"?"]},{"$i":"confirmNFCConnectBTdisabled","$v":"Включване"},{"$i":"dismissNFCConnectBTdisabled","$v":"Отказ"},{"$i":"confirmation","$v":"Потвърждение"},{"$i":"deviceMenu","$v":"Телефон"},{"$i":"airplane","$v":"Самолетен режим"},{"$i":"airplaneOff","$v":"Изключване на самолетен режим"},{"$i":"silent","$v":"Безшумен режим"},{"$i":"normal","$v":"Мелодии включени"},{"$i":"restart","$v":"Рестартиране"},{"$i":"power","$v":"Изключване"},{"$i":"no-recent-app-windows","$v":"Тук се показват отворените приложения"},{"$i":"no-recent-browser-windows","$v":"Тук се показват отворените страници"},{"$i":"closeCard","ariaLabel":"Затваряне"},{"$i":"openCard","ariaLabel":"Отваряне"},{"$i":"yes","$v":"Да"},{"$i":"no","$v":"Не"},{"$i":"dontallow","$v":"Отказване"},{"$i":"allow","$v":"Разрешаване"},{"$i":"dontshare-geolocation","$v":"Отказ"},{"$i":"share-geolocation","$v":"Споделяне"},{"$i":"dontshare-audio-capture","$v":"Отказ"},{"$i":"share-audio-capture","$v":"Споделяне"},{"$i":"dontshare-video-capture","$v":"Отказ"},{"$i":"share-video-capture","$v":"Споделяне"},{"$i":"dontshare-media-capture","$v":"Отказ"},{"$i":"share-media-capture","$v":"Споделяне"},{"$i":"device-front","$v":"Предна камера"},{"$i":"device-back","$v":"Задна камера"},{"$i":"remember-my-choice","$v":"Запомняне на избора"},{"$i":"more-info","$v":"Повече информация…"},{"$i":"hide-info","$v":"Скриване на информация"},{"$i":"install-app","$v":["Инсталиране на ",{"t":"idOrVar","v":"name"},"?"]},{"$i":"size","$v":"Размер"},{"$i":"author","$v":"Автор"},{"$i":"size-unknown","$v":"Неизвестно"},{"$i":"author-unknown","$v":"Неизвестен"},{"$i":"install","$v":"Инсталиране"},{"$i":"bytes","$v":"байта"},{"$i":"kB","$v":"KB"},{"$i":"MB","$v":"MB"},{"$i":"GB","$v":"GB"},{"$i":"TB","$v":"TB"},{"$i":"PB","$v":"PB"},{"$i":"app-install-generic-error","$v":["Изтеглянето на ",{"t":"idOrVar","v":"appName"}," е спряно"]},{"$i":"app-install-download-failed","$v":["Изтеглянето на ",{"t":"idOrVar","v":"appName"}," е неуспешно"]},{"$i":"app-install-install-failed","$v":["Инсталирането на ",{"t":"idOrVar","v":"appName"}," е неуспешно"]},{"$i":"cancelling-will-not-refund","$v":"Отказът няма да възстанови сумата за покупката. Възстановяване на платени суми става от оригиналния продавач."},{"$i":"apps-can-be-installed-later","$v":"Приложения могат да бъдат инсталирани по-късно, от оригиналния източник."},{"$i":"are-you-sure-you-want-to-cancel","$v":"Сигурни ли сте, че искате да откажете тази инсталация?"},{"$i":"cancel-install","$v":"Отказ на инсталация"},{"$i":"cancel-install-button","$v":"Отказ на инсталация"},{"$i":"resume","$v":"Възобновяване"},{"$i":"continue","$v":"Продължаване"},{"$i":"stopDownloading","$v":["Отказ от изтеглянето на ",{"t":"idOrVar","v":"app"},"?"]},{"$i":"app-download-can-be-restarted","$v":"Свалянето може да бъде пуснато пак по-късно."},{"$i":"app-download-stop-button","$v":"Спиране на изтегляне"},{"$i":"not-enough-space","$v":"Няма достатъчно място"},{"$i":"not-enough-space-message","$v":"Няма достатъчно място за инсталирането на това приложение. Освободете място, като изтриете стари приложения или медия, и опитайте да инсталирате отново."},{"$i":"app-install-success","$v":["Успешно инсталиране на ",{"t":"idOrVar","v":"appName"}]},{"$i":"langpack-install-success2","$v":[{"t":"idOrVar","v":"appName"}," installed. Go to Settings > Language to enable it."]},{"$i":"setup","$v":"Настройване"},{"$i":"ime-addkeyboards","$v":"Добавяне на клавиатури"},{"$i":"later","$v":"По-късно"},{"$i":"download","$v":"Изтегляне"},{"$i":"wantToDownload","$v":"Изтегляне на обновяването сега?"},{"$i":"wantToInstallNow","$v":"Искате ли обновяването да се инсталира сега? Няма да може да ползвате телефона няколко минути."},{"$i":"installNow","$v":"Инсталиране"},{"$i":"notNow","$v":"Не сега"},{"$i":"downloadingUpdateMessage","innerHTML":["Сваляне на обновявания… <span>",{"t":"idOrVar","v":"progress"}," свалени.</span>"]},{"$i":"downloadingAppMessage","$v":["Сваляне на ",{"t":"idOrVar","v":"appName"}]},{"$i":"downloadingAppProgressNoMax","$v":[{"t":"idOrVar","v":"progress"}," свалени"]},{"$i":"downloadingAppProgressIndeterminate","$v":"Изтегляне"},{"$i":"downloadingAppProgress","$v":[{"t":"idOrVar","v":"progress"}," / ",{"t":"idOrVar","v":"max"}," свалени"]},{"$i":"cancelAllDownloads","$v":"Отказ на всички изтегляния"},{"$i":"wantToCancelAll","$v":"Сигурни ли сте, че искате да откажете всички изтегляния?"},{"$i":"downloadError","$v":"Грешка при изтегляне на обновяванията."},{"$i":"updateAvailableInfo","innerHTML":{"$x":[{"t":"idOrVar","v":"plural"},"n"],"$v":{"one":["Налично е ",{"t":"idOrVar","v":"n"}," обновяване. <span>Докоснете за детайли.</span>"],"two":["Налични са ",{"t":"idOrVar","v":"n"}," обновявания. <span>Докоснете за детайли.</span>"],"few":["Налични са ",{"t":"idOrVar","v":"n"}," обновявания. <span>Докоснете за детайли.</span>"],"many":["Налични са ",{"t":"idOrVar","v":"n"}," обновявания. <span>Докоснете за детайли.</span>"],"other":["Налични са ",{"t":"idOrVar","v":"n"}," обновявания. <span>Докоснете за детайли.</span>"]}}},{"$i":"numberOfUpdates","$v":{"one":["Налично е ",{"t":"idOrVar","v":"n"}," обновяване"],"two":["Налични са ",{"t":"idOrVar","v":"n"}," обновявания"],"few":["Налични са ",{"t":"idOrVar","v":"n"}," обновявания"],"many":["Налични са ",{"t":"idOrVar","v":"n"}," обновявания"],"other":["Налични са ",{"t":"idOrVar","v":"n"}," обновявания"]},"$x":[{"t":"idOrVar","v":"plural"},"n"]},{"$i":"systemUpdate","$v":"Системно обновяване"},{"$i":"systemUpdateReady","$v":"Системното обновяване е готово"},{"$i":"systemUpdateLowBatteryThreshold","$v":["Нивото на батерията трябва да е поне ",{"t":"idOrVar","v":"threshold"},"%, за да се инсталира обновяването."]},{"$i":"required","$v":"Задължително"},{"$i":"uncompressingMessage","innerHTML":"Разкомпресиране… <span>Може да отнеме няколко минути.</span>"},{"$i":"downloadWifiPrioritizedUsing2G","$v":"Обновяванията се изтеглят през връзката за данни, когато няма Wi-Fi. Когато се използва връзка за данни, може да бъдат пропуснати обаждания и може да има допълнителни такси."},{"$i":"downloadWifiPrioritized3","$v":"Обновяванията се изтеглят през връзката за данни, когато липсва Wi-Fi. Когато се използва връзка за данни може да има допълнителни такси."},{"$i":"downloadNoWifiWarning","$v":"Липсва Wi-Fi. Обновяване чрез сегашната връзка може да доведе до допълнителни такси."},{"$i":"downloadOfflineWarning2","$v":"Свържете се към мрежа за изтегляне на обновленията."},{"$i":"downloadUpdatesViaDataConnection","$v":"Да бъдат ли свалени обновяванията през връзката за данни?"},{"$i":"downloadUpdatesVia2GForbidden3","$v":"Изтеглянето на обновявания е невъзможно при бавна връзка (2G). Моля, свържете се през Wi-Fi или 3G (ако е възможно) и пробвайте пак."},{"$i":"downloadUpdatesViaDataConnectionMessage3","$v":"При използване на връзка за данни може да има допълнителни разходи. Искате ли да продължите?"},{"$i":"downloadUpdatesViaDataRoamingConnection","$v":"Изтегляне на обновяванията през роуминг?"},{"$i":"downloadUpdatesViaDataRoamingConnectionMessage","$v":"Сега сте в роуминг и може да има допълнителни разходи. Искате ли да продължите?"},{"$i":"screenshotSaved","$v":"Екранната снимка е запазена"},{"$i":"screenshotFailed","$v":"Грешка при запазването на екранната снимка"},{"$i":"screenshotNoSDCard","$v":"Липсва карта за памет"},{"$i":"screenshotSDCardInUse","$v":"Включен е кабел"},{"$i":"screenshotSDCardLow","$v":"Няма достатъчно място на картата памет"},{"$i":"logsSaved","$v":"Журналите са запазени в паметта"},{"$i":"logsSaveError","$v":"Грешка при запис на журнали"},{"$i":"logsSaving","$v":"Подготвяне на журнали"},{"$i":"logsOperationFailed","$v":["Действието ",{"t":"idOrVar","v":"operation"}," е неуспешно."]},{"$i":"logsGenericError","$v":"Възникна неочаквана грешка."},{"$i":"logsSDCardMaybeShared","$v":"Убедете се, че картата за памет не е споделена с компютър."},{"$i":"emergency-call-button","$v":"Спешно обаждане"},{"$i":"emergency-call","$v":"Спешно обаждане"},{"$i":"unlock-a11y-button","ariaLabel":"Отключване"},{"$i":"camera-a11y-button","ariaLabel":"Камера"},{"$i":"longDateFormat","$v":"%A, %e %B"},{"$i":"panel-passcode","ariaLabel":"Панел за код на парола"},{"$i":"open-notification","$v":"отваряне"},{"$i":"softwareHomeButton","ariaLabel":"Начален екран"},{"$i":"login","$v":"Вписване"},{"$i":"sign-in-to-website","$v":"Вписване в страница"},{"$i":"username","$v":"Потребителско име"},{"$i":"password","$v":"Парола"},{"$i":"http-authentication-message2","$v":["Уебсайтът ",{"t":"idOrVar","v":"host"}," изисква вписване."]},{"$i":"error-message","$v":[{"t":"idOrVar","v":"name"}," не зарежда правилно"]},{"$i":"error-title","$v":[{"t":"idOrVar","v":"name"}," има проблеми"]},{"$i":"unable-to-connect","$v":"Неуспешно свързване"},{"$i":"tap-to-check-settings","$v":"Докоснете за преглед на настройките"},{"$i":"delete-title","$v":["Изтриване на ",{"t":"idOrVar","v":"name"}]},{"$i":"delete-body","$v":[{"t":"idOrVar","v":"name"}," и всички прилежащи данни ще бъдат изтрити."]},{"$i":"delete","$v":"Изтриване"},{"$i":"unrecoverable-error-title","$v":"Премахване на приложение"},{"$i":"unrecoverable-error-body","$v":"Не може да се инсталира приложението заради непоправима грешка. Моля, опитайте да го изтеглите отново. Приложението ще бъде премахнато."},{"$i":"unrecoverable-error-action","$v":"Добре"},{"$i":"data-roaming-enabled-title","$v":"Включване на роуминг за данни?"},{"$i":"data-roaming-enabled-warning2","$v":"За да имате достъп до Мрежата, трябва да включите роуминг за данни. В зависимост от договора ви, това може да доведе до допълнителни разходи. Искате ли да включите роуминга за данни?"},{"$i":"select-time","$v":"Избиране на час"},{"$i":"choose-option","$v":"Избиране"},{"$i":"choose-options","$v":"Избиране"},{"$i":"select-day","$v":"Избиране на ден"},{"$i":"battery-almost-empty3","$v":"Батерията е изтощена."},{"$i":"plug-in-your-charger","$v":"Моля, включете захранване."},{"$i":"new-window","$v":"Нов прозорец"},{"$i":"new-private-window","$v":"Нов поверителен прозорец"},{"$i":"show-windows","$v":"Показване на прозорците"},{"$i":"add-to-home-screen","$v":"Добавяне към началния екран"},{"$i":"crash-dialog2-os","$v":[{"t":"idOrVar","v":"brandShortName"}," току що се възстанови от срив"]},{"$i":"crash-dialog-app","$v":[{"t":"idOrVar","v":"name"}," току що се срина"]},{"$i":"crash-dialog-app-noname","$v":"Нещо"},{"$i":"crash-dialog-message","$v":"Искате ли да изпратите на Mozilla отчет за срива, за да ни помогнете да поправим проблема? (Отчетите се изпращат само по Wi-Fi.)"},{"$i":"crash-info-link","$v":"Какво има в отчета за срива?"},{"$i":"crash-always-report","$v":"При срив, винаги да бъде изпращан отчет на Mozilla."},{"$i":"crash-dont-send","$v":"Отказ"},{"$i":"crash-end","$v":"Изпращане"},{"$i":"crashReports","$v":"Отчети за срив"},{"$i":"done","$v":"Готово"},{"$i":"crash-reports-description-1","$v":"Отчетите за сривове съдържат детайли за срива и устройството Ви, както и моментното състояние на устройството по време на срива."},{"$i":"crash-reports-description-2","$v":"Това може да включва неща като отворени страници и приложения, текст въведен във форми, съдържание на отворени съобщения, история на сърфиране или местоположение, използвано от отворено приложение."},{"$i":"crash-reports-description-3-start","$v":"Използваме отчетите за сривове, за да се опитаме да оправим проблемите и да подобрим продуктите си. Управляваме информацията Ви, както сме описали в нашата"},{"$i":"crash-reports-description-3-privacy","$v":"политика за лични данни"},{"$i":"crash-reports-description-3-end","$v":"."},{"$i":"crash-banner-os2","$v":[{"t":"idOrVar","v":"brandShortName"}," току що се срина."]},{"$i":"crash-banner-app","$v":[{"t":"idOrVar","v":"name"}," току що се срина."]},{"$i":"crash-banner-report","$v":"Отчет"},{"$i":"bluetooth-sending-progress","$v":"Изпращане на Bluetooth трансфер…"},{"$i":"bluetooth-receiving-progress","$v":"Получаване на Bluetooth трансфер…"},{"$i":"acceptFileTransfer","$v":"Да бъде ли приет Bluetooth файл трансфера?"},{"$i":"wantToReceiveFile","$v":[{"t":"idOrVar","v":"deviceName"}," иска да изпрати ",{"t":"idOrVar","v":"fileName"}," (",{"t":"idOrVar","v":"fileSize"},")."]},{"$i":"transfer-confirmation-title","$v":[{"t":"idOrVar","v":"deviceName"}]},{"$i":"transfer-confirmation-description","$v":"Преглеждане на запитването за трансфер."},{"$i":"byteUnit-B","$v":"B"},{"$i":"byteUnit-KB","$v":"KB"},{"$i":"byteUnit-MB","$v":"MB"},{"$i":"byteUnit-GB","$v":"GB"},{"$i":"byteUnit-TB","$v":"TB"},{"$i":"byteUnit-PB","$v":"PB"},{"$i":"byteUnit-EB","$v":"EB"},{"$i":"byteUnit-ZB","$v":"ZB"},{"$i":"byteUnit-YB","$v":"YB"},{"$i":"fileSize","$v":[{"t":"idOrVar","v":"size"}," ",{"t":"idOrVar","v":"unit"}]},{"$i":"deny","$v":"Отхвърляне"},{"$i":"transfer","$v":"Трансфер"},{"$i":"cancelFileTransfer","$v":"Отказ на Bluetooth файлов трансфер?"},{"$i":"continueFileTransfer","$v":"Продължаване"},{"$i":"transfer-has-started-title","$v":"Трансферът беше стартиран"},{"$i":"transfer-has-started-description","$v":"Следете напредъка в известията"},{"$i":"transferFinished-sentSuccessful-title","$v":"Файлът е изпратен"},{"$i":"transferFinished-receivedSuccessful-title","$v":"Файлът е получен"},{"$i":"transferFinished-sentFailed-title","$v":"Файлът не може да бъде изпратен"},{"$i":"transferFinished-receivedFailed-title","$v":"Файлът не може да бъде получен"},{"$i":"transferReport-title","$v":"Резултат от трансфера:"},{"$i":"transferReport-description","$v":[{"t":"idOrVar","v":"numSuccessful"}," файла прехвърлени, ",{"t":"idOrVar","v":"numUnsuccessful"}," неуспешно прехвърлени файла"]},{"$i":"unknown-file","$v":"Непознат файл"},{"$i":"unknown-device","$v":"Непознато устройство"},{"$i":"cannotOpenFile","$v":"Полученият файл не може да бъде отворен"},{"$i":"unknownMediaTypeToOpenFile","$v":["Неизвестният тип медия ",{"t":"idOrVar","v":"fileName"}," не може да бъде отворена"]},{"$i":"cannotReceiveFile","$v":"Файлът не може да бъде получен"},{"$i":"cannotGetStorageState","$v":"Състоянието на паметта не може да бъде получено."},{"$i":"sdcard-not-exist2","$v":"Липсва карта за памет. Моля, поставете карта за памет."},{"$i":"sdcard-in-use","$v":"Bluetooth не може да бъде използван, докато към телефона е включен кабел. Моля, изключете кабела от телефона, за да получите файл(ове)."},{"$i":"sdcard-no-space2","$v":"Трансферът не може да бъде завършен: картата за памет е пълна."},{"$i":"unknown-error","$v":"Непозната грешка"},{"$i":"confirm","$v":"Потвърждение"},{"$i":"sdcard-detected-title","$v":"Разпозната SD памет"},{"$i":"sdcard-total-size-body","$v":["Общо: ",{"t":"idOrVar","v":"size"}," ",{"t":"idOrVar","v":"unit"}]},{"$i":"sdcard-unknown-size-then-tap-to-format-body","$v":"Неизвестна големина, докоснете за форматиране"},{"$i":"sdcard-removed-title","$v":"Премахната SD памет"},{"$i":"sdcard-removed-ejected-successfully","$v":"Изкарана успешно"},{"$i":"sdcard-removed-not-ejected-properly","$v":"Не е изкарана правилно"},{"$i":"microphone-is-on","$v":"Микрофонът е включен"},{"$i":"camera-is-on","$v":"Камерата е включена"},{"$i":"media-is-on","$v":"Камерата и микрофонът са включени"},{"$i":"noSimCard","$v":"Липсва SIM карта"},{"$i":"simPin","$v":"PIN код"},{"$i":"pukCode","$v":"PUK код"},{"$i":"nckCode","$v":"NCK код"},{"$i":"cckCode","$v":"CCK код"},{"$i":"spckCode","$v":"SPCK код"},{"$i":"nck1code","$v":"NCK1 код"},{"$i":"nck2code","$v":"NCK2 код"},{"$i":"hnckcode","$v":"HNCK код"},{"$i":"rcckcode","$v":"RCCK код"},{"$i":"rspckcode","$v":"RSPCK код"},{"$i":"whatIsSimPin","$v":"Какво представлява PIN кодът?"},{"$i":"simPinIntro1","$v":"PIN кодът предотвратява достъпа до мобилната мрежа на SIM картата. Когато е включен, всяко устройство, в което е сложена SIM картата, ще изисква PIN-а при рестартиране."},{"$i":"simPinIntro2","$v":"PIN кодът не е същото като паролата за отключване на устройството."},{"$i":"changeSimPin","$v":"Смяна на PIN"},{"$i":"pinTitle","$v":"Въведете PIN"},{"$i":"multiSIMpinTitle","$v":["Въвеждане на SIM ",{"t":"idOrVar","v":"n"}," PIN"]},{"$i":"pukTitle","$v":"Въведете PUK"},{"$i":"nckTitle","$v":"Въведете NCK"},{"$i":"cckTitle","$v":"Въведете CCK"},{"$i":"spckTitle","$v":"Въведете SPCK"},{"$i":"nck1Title","$v":"Въведете NCK1"},{"$i":"nck2Title","$v":"Въведете NCK2"},{"$i":"hnckTitle","$v":"Въведете HNCK"},{"$i":"rcckTitle","$v":"Въведете RCCK"},{"$i":"rspckTitle","$v":"Въведете RSPCK"},{"$i":"newpinTitle","$v":"Нов PIN"},{"$i":"inputCodeRetriesLeft","$v":{"one":"последен опит.","two":[{"t":"idOrVar","v":"n"}," оставащи опита."],"few":[{"t":"idOrVar","v":"n"}," оставащи опита."],"many":[{"t":"idOrVar","v":"n"}," оставащи опита."],"other":[{"t":"idOrVar","v":"n"}," оставащи опита."]},"$x":[{"t":"idOrVar","v":"plural"},"n"]},{"$i":"pinErrorMsg","$v":"Грешен PIN."},{"$i":"pinAttemptMsg2","$v":{"one":"Имате един опит да въведете правилен код преди да заключите SIM картата.","two":["Имате ",{"t":"idOrVar","v":"n"}," опита да въведете правилен код преди да заключите SIM картата."],"few":["Имате ",{"t":"idOrVar","v":"n"}," опита да въведете правилен код преди да заключите SIM картата."],"many":["Имате ",{"t":"idOrVar","v":"n"}," опита да въведете правилен код преди да заключите SIM картата."],"other":["Имате ",{"t":"idOrVar","v":"n"}," опита да въведете правилен код преди да заключите SIM картата."]},"$x":[{"t":"idOrVar","v":"plural"},"n"]},{"$i":"pinLastChanceMsg","$v":"Това е последен опит да въведете правилен PIN. В противен случай, трябва да въведете PUK, за да използвате SIM картата."},{"$i":"simCardLockedMsg","$v":"Заключена SIM карта."},{"$i":"enterPukMsg","$v":"Трябва да въведете Personal Unlocking Key (PUK) код за SIM картата. Вижте документацията на SIM картата или се свържете с оператор за повече информация."},{"$i":"pukErrorMsg","$v":"PUK кодът е грешен."},{"$i":"pukAttemptMsg2","$v":{"one":"Имате един опит да въведете правилен код, преди тази SIM карта да стане неизползваема. Вижте документацията на SIM картата или се свържете с оператор за повече информация.","two":["Имате ",{"t":"idOrVar","v":"n"}," опита да въведете правилен код преди SIM картата да стане неизползваема. Вижте документацията на SIM картата или се свържете с оператор за повече информация."],"few":["Имате ",{"t":"idOrVar","v":"n"}," опита да въведете правилен код преди SIM картата да стане неизползваема. Вижте документацията на SIM картата или се свържете с оператор за повече информация."],"many":["Имате ",{"t":"idOrVar","v":"n"}," опита да въведете правилен код преди SIM картата да стане неизползваема. Вижте документацията на SIM картата или се свържете с оператор за повече информация."],"other":["Имате ",{"t":"idOrVar","v":"n"}," опита да въведете правилен код преди SIM картата да стане неизползваема. Вижте документацията на SIM картата или се свържете с оператор за повече информация."]},"$x":[{"t":"idOrVar","v":"plural"},"n"]},{"$i":"pukLastChanceMsg","$v":"Това е последен опит да въведете правилен PUK. Вашата SIM карта ще стане неизползваема, ако го сгрешите. Вижте документацията на SIM картата или се свържете с оператор за повече информация."},{"$i":"newSimPinMsg","$v":"Създаване на PIN (4 до 8 цифри)"},{"$i":"confirmNewSimPinMsg","$v":"Потвърждаване на новия PIN"},{"$i":"newPinErrorMsg","$v":"PIN кодовете са различни."},{"$i":"nckErrorMsg","$v":"The NCK кодът е грешен."},{"$i":"nckAttemptMsg2","$v":{"one":"Заявката за мрежово обезличаване е неуспешна. Имате един опит да въведете правилен код. Вижте документацията на SIM картата или се свържете с оператор за повече информация.","two":["Заявката за мрежово обезличаване е неуспешна. Имате ",{"t":"idOrVar","v":"n"}," опита да въведете правилен код. Вижте документацията на SIM картата или се свържете с оператор за повече информация."],"few":["Заявката за мрежово обезличаване е неуспешна. Имате ",{"t":"idOrVar","v":"n"}," опита да въведете правилен код. Вижте документацията на SIM картата или се свържете с оператор за повече информация."],"many":["Заявката за мрежово обезличаване е неуспешна. Имате ",{"t":"idOrVar","v":"n"}," опита да въведете правилен код. Вижте документацията на SIM картата или се свържете с оператор за повече информация."],"other":["Заявката за мрежово обезличаване е неуспешна. Имате ",{"t":"idOrVar","v":"n"}," опита да въведете правилен код. Вижте документацията на SIM картата или се свържете с оператор за повече информация."]},"$x":[{"t":"idOrVar","v":"plural"},"n"]},{"$i":"nckLastChanceMsg","$v":["Заявката за мрежово обезличаване е неуспешна. Имате ",{"t":"idOrVar","v":"n"}," опита да въведете правилен код. Вижте документацията на SIM картата или се свържете с оператор за повече информация."]},{"$i":"activity-pick","$v":"Избиране от:"},{"$i":"activity-view","$v":"Преглеждане с:"},{"$i":"activity-test","$v":"Тестване с:"},{"$i":"activity-share","$v":"Споделяне чрез:"},{"$i":"activity-new","$v":"Създаване с:"},{"$i":"activity-open","$v":"Отваряне с:"},{"$i":"activity-save-bookmark","$v":"Запазване на отметка към:"},{"$i":"activity-record","$v":"Записване от:"},{"$i":"activity-browse","$v":"Сърфиране с:"},{"$i":"activity-configure","$v":"Конфигуриране с:"},{"$i":"activity-dial","$v":"Набиране от:"},{"$i":"persona-signin","$v":"Вписване"},{"$i":"payment-flow","$v":"Покупка"},{"$i":"remoteDebuggerPromptUSB","$v":"Allow USB debugging connection?"},{"$i":"remoteDebuggerPromptTCP","$v":["Allow remote debugging connection from ",{"t":"idOrVar","v":"host"},":",{"t":"idOrVar","v":"port"},"?"]},{"$i":"devtools-auth-scan2","$v":"Scanning for the QR code displayed on your other device…"},{"$i":"fullscreen-request","$v":[{"t":"idOrVar","v":"origin"}," е вече на цял екран."]},{"$i":"captive-wifi-available","$v":["Беше намерена мрежа ",{"t":"idOrVar","v":"networkName"},". Да бъде ли присъединена?"]},{"$i":"ceWarningtitle","$v":"Предупреждение за силен звук"},{"$i":"ceWarningcontent","$v":"За да избегнете повреда на слуха не слушайте с високи нива на звук за дълъг период."},{"$i":"notification-powersaving-mode-on-title","$v":"Енергоспестяващ режим"},{"$i":"notification-powersaving-mode-on-description","$v":"Енергоспестяващ режим включен."},{"$i":"low-device-storage","$v":"Малко останало пространство на устройството.\\n"},{"$i":"free-space","$v":{"zero":"Липсва свободно място.","one":["Остават по-малко от ",{"t":"idOrVar","v":"value"}," ",{"t":"idOrVar","v":"unit"},"."],"two":["Остават по-малко от ",{"t":"idOrVar","v":"value"}," ",{"t":"idOrVar","v":"unit"},"."],"few":["Остават по-малко от ",{"t":"idOrVar","v":"value"}," ",{"t":"idOrVar","v":"unit"},"."],"many":["Остават по-малко от ",{"t":"idOrVar","v":"value"}," ",{"t":"idOrVar","v":"unit"},"."],"other":["Остават по-малко от ",{"t":"idOrVar","v":"value"}," ",{"t":"idOrVar","v":"unit"},"."]},"$x":[{"t":"idOrVar","v":"plural"},"value"]},{"$i":"unknown-free-space","$v":"Неизвестно колко място остава."},{"$i":"system-alert","$v":"Системно предупреждение"},{"$i":"cb-channel","$v":["Канал ",{"t":"idOrVar","v":"channel"}]},{"$i":"cb-etws-warningType-earthquake","$v":"Предупреждение за земетресение!"},{"$i":"cb-etws-warningType-tsunami","$v":"Предупреждение за цунами!"},{"$i":"cb-etws-warningType-earthquake-tsunami","$v":"Предупреждение за земетресение и цунами!"},{"$i":"cb-etws-warningType-test","$v":"Системата за предупреждение се тества."},{"$i":"cb-etws-warningType-other","$v":"Спешно предупреждение!"},{"$i":"icc-message-maintitle","$v":"Съобщение от оператора"},{"$i":"icc-message-subtitle","$v":["SIM ",{"t":"idOrVar","v":"id"}]},{"$i":"icc-confirmCall-defaultmessage","$v":["Да бъде ли набран ",{"t":"idOrVar","v":"number"},"?"]},{"$i":"icc-alertMessage-send-ss","$v":"Send SS"},{"$i":"icc-alertMessage-send-ussd","$v":"Send USSD"},{"$i":"icc-alertMessage-send-sms","$v":"Send SMS"},{"$i":"icc-confirmMessage-defaultmessage","$v":"Да бъде ли изпратено съобщение?"},{"$i":"icc-inputbox-maintitle","$v":"Заявка STK"},{"$i":"icc-inputbox-subtitle","$v":["SIM ",{"t":"idOrVar","v":"id"}]},{"$i":"emergency-callback-mode","$v":"Режим на спешно обратно повикване"},{"$i":"emergency-callback-message","$v":"Не можете да провеждате разговори, да изпращате съобщения или да се свържете с Интернет, защото е активиран режимът на спешни обратни обаждания. Да се изключи ли този режим?"},{"$i":"cdma-record-info","$v":"CDMA информация"},{"$i":"ime-switching-title","$v":[{"t":"idOrVar","v":"appName"},": ",{"t":"idOrVar","v":"name"}]},{"$i":"ime-switching-tip","$v":"Смяна на метода за въвеждане"},{"$i":"shrinking-tip","$v":"Плъзнете, за да споделите"},{"$i":"download_started","$v":"Започнато изтегляне"},{"$i":"download_stopped","$v":"Спряно изтегляне"},{"$i":"download_downloading","$v":"Изтегляне…"},{"$i":"download_succeeded","$v":"Завършено изтегляне"},{"$i":"download_failed","$v":"Провалено изтегляне"},{"$i":"download_text_by_default","$v":[{"t":"idOrVar","v":"name"}]},{"$i":"download_downloading_text_2","$v":[{"t":"idOrVar","v":"percentage"},"% – ",{"t":"idOrVar","v":"name"}]},{"$i":"search-the-web","$v":"Търсене в Мрежата"},{"$i":"search-or-enter-address","$v":"Търсене или адрес","placeholder":"Търсене или адрес"},{"$i":"back-button","ariaLabel":"Назад"},{"$i":"forward-button","ariaLabel":"Напред"},{"$i":"reload-button","ariaLabel":"Презареждане"},{"$i":"stop-button","ariaLabel":"Стоп"},{"$i":"windows-button","ariaLabel":"Показване на прозорците"},{"$i":"noHotspotWhenAPMisOnWifiHotspot","$v":"Изключете самолетния режим, за да използвате Wi-Fi hotspot."},{"$i":"apmActivated","$v":"Самолетен режим включен"},{"$i":"open-in-new-window","$v":"Отваряне в нов прозорец"},{"$i":"open-in-new-private-window","$v":"Отваряне в поверителен прозорец"},{"$i":"add-link-to-home-screen","$v":"Добавяне към началния екран"},{"$i":"share-link","$v":"Споделяне на връзка"},{"$i":"save-image","$v":"Споделяне на изображение"},{"$i":"save-video","$v":"Споделяне на видеозапис"},{"$i":"save-audio","$v":"Споделяне на аудио"},{"$i":"save-link","$v":"Запис на свързания файл"},{"$i":"share-image","$v":"Споделяне на изображение"},{"$i":"share-video","$v":"Споделяне на видеозапис"},{"$i":"share-audio","$v":"Споделяне на аудио"},{"$i":"private-window","$v":"Поверителен прозорец"},{"$i":"private-browser-title","$v":"Сърфирате поверително"},{"$i":"private-window-detail1","$v":"Браузърът няма да пази история, бисквити или временни файлове."},{"$i":"private-window-detail2","$v":"Устройството няма да пази история на сърфирането, но вашият работодател или Интернет доставчик могат да проследят кои страници посещавате."},{"$i":"okCharsLeft","$v":["Добре (",{"t":"idOrVar","v":"n"},")"]},{"$i":"network-error-in-app","$v":"В момента няма достъп до Интернет."},{"$i":"network-error-launching","$v":[{"t":"idOrVar","v":"name"}," изисква връзка с Интернет."]},{"$i":"server-not-found","$v":"Сървърът не е намерен"},{"$i":"server-not-found-error","$v":["Не може да се намери сървърът на ",{"t":"idOrVar","v":"name"},"."]},{"$i":"file-not-found","$v":"Файлът не е намерен"},{"$i":"file-not-found-error","$v":"Устройството не може да покаже страницата, защото файлът не може да бъде намерен."},{"$i":"connection-failed","$v":"Неуспешно свързване"},{"$i":"connection-failed-error","$v":"Получи се мрежова грешка при опит за достигане до сайта."},{"$i":"invalid-connection","$v":"Неуспешно свързване"},{"$i":"invalid-connection-error","$v":"Получи се мрежова грешка при опит за достигане до сайта."},{"$i":"malformed-uri","$v":"URL-ът не е валиден"},{"$i":"malformed-uri-error","$v":"Въведеният URL не е валиден и не може да бъде зареден."},{"$i":"redirect-loop","$v":"Страницата не може да се покаже"},{"$i":"redirect-loop-error","$v":"Устройството не може да покаже страницата, защото тя не пренасочва правилно. Опитайте отново по-късно."},{"$i":"not-cached","$v":"Изтекъл срок на страницата"},{"$i":"not-cached-error","$v":"За ваша сигурност, тази страница не се показва от устройството, защото е с изтекъл срок на актуалност."},{"$i":"is-printing-error","$v":"Документът не може да се променя, докато се отпечатва или преглежда за отпечатване."},{"$i":"denied-port-access","$v":"Този адрес е ограничен"},{"$i":"denied-port-access-error","$v":"Този адрес използва мрежов порт, който обикновено се използва за други цели, а не за браузване. За ваша безопасност, устройството прекъсна тази заявка."},{"$i":"proxy-resolve-failure","$v":"Грешка в прокси сървъра"},{"$i":"proxy-resolve-failure-error","$v":"Устройството е настроено да използва прокси сървър, който не може да бъде намерен."},{"$i":"proxy-connect-failure","$v":"Грешка в прокси сървъра"},{"$i":"proxy-connect-failure-error","$v":"Устройството е настроено да използва прокси сървър, който отказва свързване."},{"$i":"content-encoding","$v":"Страницата не може да се покаже"},{"$i":"content-encoding-error","$v":"Устройството не може да покаже страницата, защото има грешка в кодирането на съдържанието."},{"$i":"remote-xul","$v":"Страницата не се поддържа"},{"$i":"remote-xul-error","$v":"Тази страница не може да се покаже, защото използва технология, която не се поддържа от устройството."},{"$i":"phishing-blocked","$v":"Внимание"},{"$i":"phishing-blocked-error","$v":"Уебсайтът е докладван като измамнически, направен за заблуждаване на потребителите да споделят лична и финансова информация."},{"$i":"malware-blocked","$v":"Блокирана злонамерена атака"},{"$i":"malware-blocked-error","$v":"Сайтът е докладван като атакуващ сайт и е блокиран."},{"$i":"unsafe-content-type","$v":"Опасно съдържание"},{"$i":"unsafe-content-type-error","$v":"Страницата не може да бъде показана, защото може да е опасна за отваряне."},{"$i":"corrupted-content","$v":"Не може да се покаже страницата"},{"$i":"corrupted-content-error","$v":"Страницата не може да се покаже, защото се получи грешка в преноса на данни."},{"$i":"try-again","$v":"Нов опит"},{"$i":"check-settings","$v":"Преглед на настройки"},{"$i":"accessibility-enableScreenReaderSteps","$v":"За включване на екранния четец, натиснете увеличаване на звука и после намаляване на звука, повторете това три пъти"},{"$i":"accessibility-disableScreenReaderSteps","$v":"За изключване на екранния четец, натиснете увеличаване на звука и после намаляване на звука, повторете това три пъти"},{"$i":"accessibility-screenReaderStarted","$v":"Екранният четец е пуснат"},{"$i":"accessibility-screenReaderStopped","$v":"Екранният четец е спрян"},{"$i":"accessibility-menubar","$v":"лента с меню"},{"$i":"accessibility-scrollbar","$v":"лента за плъзгане"},{"$i":"accessibility-grip","$v":"дръжка"},{"$i":"accessibility-alert","$v":"предупреждение"},{"$i":"accessibility-menupopup","$v":"изскачащо меню"},{"$i":"accessibility-document","$v":"документ"},{"$i":"accessibility-pane","$v":"панел"},{"$i":"accessibility-dialog","$v":"диалог"},{"$i":"accessibility-separator","$v":"разделител"},{"$i":"accessibility-toolbar","$v":"лента с инструменти"},{"$i":"accessibility-statusbar","$v":"лента на състоянието"},{"$i":"accessibility-table","$v":"таблица"},{"$i":"accessibility-columnheader","$v":"заглавие на колона"},{"$i":"accessibility-rowheader","$v":"заглавие на ред"},{"$i":"accessibility-column","$v":"колона"},{"$i":"accessibility-row","$v":"ред"},{"$i":"accessibility-cell","$v":"клетка"},{"$i":"accessibility-link","$v":"връзка"},{"$i":"accessibility-list","$v":"списък"},{"$i":"accessibility-listitem","$v":"елемент от списък"},{"$i":"accessibility-outline","$v":"очертание"},{"$i":"accessibility-outlineitem","$v":"елемент от очертание"},{"$i":"accessibility-pagetab","$v":"раздел"},{"$i":"accessibility-propertypage","$v":"страница със свойства"},{"$i":"accessibility-graphic","$v":"графика"},{"$i":"accessibility-pushbutton","$v":"бутон"},{"$i":"accessibility-checkbutton","$v":"бутон за отметка"},{"$i":"accessibility-radiobutton","$v":"радио бутон"},{"$i":"accessibility-combobox","$v":"комбо кутия"},{"$i":"accessibility-progressbar","$v":"лента за напредък"},{"$i":"accessibility-slider","$v":"плъзгач"},{"$i":"accessibility-spinbutton","$v":"въртящ се бутон"},{"$i":"accessibility-diagram","$v":"диаграма"},{"$i":"accessibility-animation","$v":"анимация"},{"$i":"accessibility-equation","$v":"уравнение"},{"$i":"accessibility-buttonmenu","$v":"бутон за меню"},{"$i":"accessibility-whitespace","$v":"интервал"},{"$i":"accessibility-pagetablist","$v":"списък раздели"},{"$i":"accessibility-canvas","$v":"платно"},{"$i":"accessibility-checkmenuitem","$v":"елемент от меню с отметки"},{"$i":"accessibility-label","$v":"етикет"},{"$i":"accessibility-passwordtext","$v":"текст на парола"},{"$i":"accessibility-radiomenuitem","$v":"елемент от меню с радио"},{"$i":"accessibility-textcontainer","$v":"текстов контейнер"},{"$i":"accessibility-togglebutton","$v":"превключващ бутон"},{"$i":"accessibility-treetable","$v":"таблица дърво"},{"$i":"accessibility-header","$v":"начало на страница"},{"$i":"accessibility-footer","$v":"край на страница"},{"$i":"accessibility-paragraph","$v":"абзац"},{"$i":"accessibility-entry","$v":"елемент"},{"$i":"accessibility-caption","$v":"заглавие"},{"$i":"accessibility-heading","$v":"заглавие"},{"$i":"accessibility-section","$v":"раздел"},{"$i":"accessibility-form","$v":"формуляр"},{"$i":"accessibility-comboboxlist","$v":"списък от комбо кутии"},{"$i":"accessibility-comboboxoption","$v":"опция на комбо кутия"},{"$i":"accessibility-imagemap","$v":"карта на изображение"},{"$i":"accessibility-listboxoption","$v":"опция"},{"$i":"accessibility-listbox","$v":"кутия със списък"},{"$i":"accessibility-flatequation","$v":"плоско уравнение"},{"$i":"accessibility-gridcell","$v":"мрежа от клетки"},{"$i":"accessibility-note","$v":"бележка"},{"$i":"accessibility-figure","$v":"илюстрация"},{"$i":"accessibility-definitionlist","$v":"списък определения"},{"$i":"accessibility-term","$v":"термин"},{"$i":"accessibility-definition","$v":"определение"},{"$i":"accessibility-textarea","$v":"текстово поле"},{"$i":"accessibility-textInputType_date","$v":"дата"},{"$i":"accessibility-textInputType_email","$v":"ел. поща"},{"$i":"accessibility-textInputType_search","$v":"търсене"},{"$i":"accessibility-textInputType_tel","$v":"телефон"},{"$i":"accessibility-textInputType_url","$v":"URL"},{"$i":"accessibility-headingLevel","$v":["дълбочина на заглавието ",{"t":"idOrVar","v":"0"}]},{"$i":"accessibility-listStart","$v":"Първи елемент"},{"$i":"accessibility-listEnd","$v":"Последен елемент"},{"$i":"accessibility-listItemsCount","$v":{"zero":[{"t":"idOrVar","v":"count"}," елемента"],"one":[{"t":"idOrVar","v":"count"}," елемент"],"two":[{"t":"idOrVar","v":"count"}," елемента"],"few":[{"t":"idOrVar","v":"count"}," елемента"],"many":[{"t":"idOrVar","v":"count"}," елемента"],"other":[{"t":"idOrVar","v":"count"}," елемента"]},"$x":[{"t":"idOrVar","v":"plural"},"count"]},{"$i":"accessibility-objItemOfN","$v":[{"t":"idOrVar","v":"0"}," от ",{"t":"idOrVar","v":"1"}]},{"$i":"accessibility-banner","$v":"банер"},{"$i":"accessibility-complementary","$v":"допълващ"},{"$i":"accessibility-contentinfo","$v":"информация за съдържанието"},{"$i":"accessibility-main","$v":"основно съдържание"},{"$i":"accessibility-navigation","$v":"навигация"},{"$i":"accessibility-search","$v":"търсене"},{"$i":"accessibility-tblColumnInfo","$v":{"zero":["с ",{"t":"idOrVar","v":"count"}," колони"],"one":["с ",{"t":"idOrVar","v":"count"}," колона"],"two":["с ",{"t":"idOrVar","v":"count"}," колони"],"few":["с ",{"t":"idOrVar","v":"count"}," колони"],"many":["с ",{"t":"idOrVar","v":"count"}," колони"],"other":["с ",{"t":"idOrVar","v":"count"}," колони"]},"$x":[{"t":"idOrVar","v":"plural"},"count"]},{"$i":"accessibility-tblRowInfo","$v":{"zero":["с ",{"t":"idOrVar","v":"count"}," реда"],"one":["с ",{"t":"idOrVar","v":"count"}," ред"],"two":["с ",{"t":"idOrVar","v":"count"}," реда"],"few":["с ",{"t":"idOrVar","v":"count"}," реда"],"many":["с ",{"t":"idOrVar","v":"count"}," реда"],"other":["с ",{"t":"idOrVar","v":"count"}," реда"]},"$x":[{"t":"idOrVar","v":"plural"},"count"]},{"$i":"accessibility-columnInfo","$v":["Колона ",{"t":"idOrVar","v":"0"}]},{"$i":"accessibility-rowInfo","$v":["Ред ",{"t":"idOrVar","v":"0"}]},{"$i":"accessibility-spansColumns","$v":{"zero":["обхваща ",{"t":"idOrVar","v":"0"}," колони"],"one":["обхваща ",{"t":"idOrVar","v":"0"}," колона"],"two":["обхваща ",{"t":"idOrVar","v":"0"}," колони"],"few":["обхваща ",{"t":"idOrVar","v":"0"}," колони"],"many":["обхваща ",{"t":"idOrVar","v":"0"}," колони"],"other":["обхваща ",{"t":"idOrVar","v":"0"}," колони"]},"$x":[{"t":"idOrVar","v":"plural"},"0"]},{"$i":"accessibility-spansRows","$v":{"zero":["обхваща ",{"t":"idOrVar","v":"0"}," реда"],"one":["обхваща ",{"t":"idOrVar","v":"0"}," ред"],"two":["обхваща ",{"t":"idOrVar","v":"0"}," реда"],"few":["обхваща ",{"t":"idOrVar","v":"0"}," реда"],"many":["обхваща ",{"t":"idOrVar","v":"0"}," реда"],"other":["обхваща ",{"t":"idOrVar","v":"0"}," реда"]},"$x":[{"t":"idOrVar","v":"plural"},"0"]},{"$i":"accessibility-jumpAction","$v":"прескочено"},{"$i":"accessibility-pressAction","$v":"натиснато"},{"$i":"accessibility-checkAction","$v":"отметнато"},{"$i":"accessibility-uncheckAction","$v":"неотметнато"},{"$i":"accessibility-selectAction","$v":"избрано"},{"$i":"accessibility-unselectAction","$v":"неизбрано"},{"$i":"accessibility-openAction","$v":"отворено"},{"$i":"accessibility-closeAction","$v":"затворено"},{"$i":"accessibility-switchAction","$v":"превключено"},{"$i":"accessibility-clickAction","$v":"натиснато"},{"$i":"accessibility-collapseAction","$v":"сгънато"},{"$i":"accessibility-expandAction","$v":"разгънато"},{"$i":"accessibility-activateAction","$v":"активирано"},{"$i":"accessibility-cycleAction","$v":"циклично"},{"$i":"accessibility-hidden","$v":"скрито"},{"$i":"accessibility-tabLoading","$v":"зареждане"},{"$i":"accessibility-tabLoaded","$v":"зарадено"},{"$i":"accessibility-tabNew","$v":"нов раздел"},{"$i":"accessibility-tabLoadStopped","$v":"спряно зареждане"},{"$i":"accessibility-tabReload","$v":"презареждане"},{"$i":"accessibility-stateChecked","$v":"отметнато"},{"$i":"accessibility-stateNotChecked","$v":"не е отметнато"},{"$i":"accessibility-statePressed","$v":"натиснато"},{"$i":"accessibility-stateExpanded","$v":"разгънато"},{"$i":"accessibility-stateCollapsed","$v":"свито"},{"$i":"accessibility-stateUnavailable","$v":"неналично"},{"$i":"accessibility-stateRequired","$v":"изисквано"},{"$i":"accessibility-stateTraversed","$v":"посетено"},{"$i":"accessibility-stateHasPopup","$v":"има изскачащо"},{"$i":"accessibility-stateSelected","$v":"избрано"},{"$i":"accessibility-editingMode","$v":"редактиране"},{"$i":"accessibility-navigationMode","$v":"навигиране"},{"$i":"accessibility-quicknav_Simple","$v":"Стандартно"},{"$i":"accessibility-quicknav_Anchor","$v":"Котви"},{"$i":"accessibility-quicknav_Button","$v":"Бутони"},{"$i":"accessibility-quicknav_Combobox","$v":"Комбо кутии"},{"$i":"accessibility-quicknav_Landmark","$v":"Ориентири"},{"$i":"accessibility-quicknav_Entry","$v":"Елементи"},{"$i":"accessibility-quicknav_FormElement","$v":"Елементи от формуляр"},{"$i":"accessibility-quicknav_Graphic","$v":"Изображения"},{"$i":"accessibility-quicknav_Heading","$v":"Заглавия"},{"$i":"accessibility-quicknav_ListItem","$v":"Елементи от списък"},{"$i":"accessibility-quicknav_Link","$v":"Връзки"},{"$i":"accessibility-quicknav_List","$v":"Списъци"},{"$i":"accessibility-quicknav_PageTab","$v":"Раздели на страница"},{"$i":"accessibility-quicknav_RadioButton","$v":"Радио бутони"},{"$i":"accessibility-quicknav_Separator","$v":"Разделители"},{"$i":"accessibility-quicknav_Table","$v":"Таблици"},{"$i":"accessibility-quicknav_Checkbox","$v":"Кутии за отметки"},{"$i":"accessibility-menubarAbbr","$v":"лента на менюто"},{"$i":"accessibility-scrollbarAbbr","$v":"лента за плъзгане"},{"$i":"accessibility-gripAbbr","$v":"дръжка"},{"$i":"accessibility-alertAbbr","$v":"предупреждение"},{"$i":"accessibility-menupopupAbbr","$v":"изскачащо меню"},{"$i":"accessibility-documentAbbr","$v":"документ"},{"$i":"accessibility-paneAbbr","$v":"панел"},{"$i":"accessibility-dialogAbbr","$v":"диалог"},{"$i":"accessibility-separatorAbbr","$v":"разделител"},{"$i":"accessibility-toolbarAbbr","$v":"лента с инструменти"},{"$i":"accessibility-statusbarAbbr","$v":"лента на състоянието"},{"$i":"accessibility-tableAbbr","$v":"табл"},{"$i":"accessibility-columnheaderAbbr","$v":"заглавие на колона"},{"$i":"accessibility-rowheaderAbbr","$v":"заглавие на ред"},{"$i":"accessibility-columnAbbr","$v":"колона"},{"$i":"accessibility-rowAbbr","$v":"ред"},{"$i":"accessibility-cellAbbr","$v":"клетка"},{"$i":"accessibility-linkAbbr","$v":"връзка"},{"$i":"accessibility-listAbbr","$v":"списък"},{"$i":"accessibility-listitemAbbr","$v":"елемент от списък"},{"$i":"accessibility-outlineAbbr","$v":"очертание"},{"$i":"accessibility-outlineitemAbbr","$v":"елемент на очертание"},{"$i":"accessibility-pagetabAbbr","$v":"раздел"},{"$i":"accessibility-propertypageAbbr","$v":"страница на свойствата"},{"$i":"accessibility-graphicAbbr","$v":"графика"},{"$i":"accessibility-pushbuttonAbbr","$v":"бтн"},{"$i":"accessibility-checkbuttonAbbr","$v":"бутон с отметка"},{"$i":"accessibility-radiobuttonAbbr","$v":"радиобутон"},{"$i":"accessibility-comboboxAbbr","$v":"комбо кутия"},{"$i":"accessibility-progressbarAbbr","$v":"лента на напредъка"},{"$i":"accessibility-sliderAbbr","$v":"плъзгач"},{"$i":"accessibility-spinbuttonAbbr","$v":"превъртащ бутон"},{"$i":"accessibility-diagramAbbr","$v":"диаграма"},{"$i":"accessibility-animationAbbr","$v":"анимация"},{"$i":"accessibility-equationAbbr","$v":"уравнение"},{"$i":"accessibility-buttonmenuAbbr","$v":"бутон за меню"},{"$i":"accessibility-whitespaceAbbr","$v":"интервал"},{"$i":"accessibility-pagetablistAbbr","$v":"списък с раздели"},{"$i":"accessibility-canvasAbbr","$v":"платно"},{"$i":"accessibility-checkmenuitemAbbr","$v":"елемент от меню с отметка"},{"$i":"accessibility-labelAbbr","$v":"етикет"},{"$i":"accessibility-passwordtextAbbr","$v":"парола"},{"$i":"accessibility-radiomenuitemAbbr","$v":"елемент от радиоменю"},{"$i":"accessibility-textcontainerAbbr","$v":"текстово съдържание"},{"$i":"accessibility-togglebuttonAbbr","$v":"превключващ бутон"},{"$i":"accessibility-treetableAbbr","$v":"дървовидна таблица"},{"$i":"accessibility-headerAbbr","$v":"начало на страница"},{"$i":"accessibility-footerAbbr","$v":"край на страница"},{"$i":"accessibility-paragraphAbbr","$v":"абзац"},{"$i":"accessibility-entryAbbr","$v":"елемент"},{"$i":"accessibility-captionAbbr","$v":"заглавие"},{"$i":"accessibility-headingAbbr","$v":"заглавие"},{"$i":"accessibility-sectionAbbr","$v":"раздел"},{"$i":"accessibility-formAbbr","$v":"формуляр"},{"$i":"accessibility-comboboxlistAbbr","$v":"списък на комбокутия"},{"$i":"accessibility-comboboxoptionAbbr","$v":"опция на комбокутия"},{"$i":"accessibility-imagemapAbbr","$v":"карта"},{"$i":"accessibility-listboxoptionAbbr","$v":"опция"},{"$i":"accessibility-listboxAbbr","$v":"списъчна кутия"},{"$i":"accessibility-flatequationAbbr","$v":"просто равенство"},{"$i":"accessibility-gridcellAbbr","$v":"клетка на мрежа"},{"$i":"accessibility-noteAbbr","$v":"бележка"},{"$i":"accessibility-figureAbbr","$v":"фиг"},{"$i":"accessibility-definitionlistAbbr","$v":"списък с определения"},{"$i":"accessibility-termAbbr","$v":"термин"},{"$i":"accessibility-definitionAbbr","$v":"определение"},{"$i":"accessibility-textareaAbbr","$v":"текст"},{"$i":"accessibility-tblColumnInfoAbbr","$v":{"one":[{"t":"idOrVar","v":"count"},"к"],"two":[{"t":"idOrVar","v":"count"},"к"],"few":[{"t":"idOrVar","v":"count"},"к"],"many":[{"t":"idOrVar","v":"count"},"к"],"other":[{"t":"idOrVar","v":"count"},"к"]},"$x":[{"t":"idOrVar","v":"plural"},"count"]},{"$i":"accessibility-tblRowInfoAbbr","$v":{"one":[{"t":"idOrVar","v":"count"},"р"],"two":[{"t":"idOrVar","v":"count"},"р"],"few":[{"t":"idOrVar","v":"count"},"р"],"many":[{"t":"idOrVar","v":"count"},"р"],"other":[{"t":"idOrVar","v":"count"},"р"]},"$x":[{"t":"idOrVar","v":"plural"},"count"]},{"$i":"accessibility-cellInfoAbbr","$v":["к",{"t":"idOrVar","v":"0"},"р",{"t":"idOrVar","v":"1"}]},{"$i":"accessibility-stateCheckedAbbr","$v":"(x)"},{"$i":"accessibility-stateUncheckedAbbr","$v":"( )"},{"$i":"accessibility-statePressedAbbr","$v":"(x)"},{"$i":"accessibility-stateUnpressedAbbr","$v":"( )"},{"$i":"accessibility-pushbutton-hint","$v":"Double tap to activate"},{"$i":"accessibility-checkbutton-hint","$v":"Double tap to activate"},{"$i":"accessibility-combobox-hint","$v":"Double tap to activate"},{"$i":"accessibility-key-hint","$v":"Prese and hold to activate"},{"$i":"accessibility-link-hint","$v":"Double tap to activate"},{"$i":"accessibility-menuitem-hint","$v":"Double tap to activate"},{"$i":"accessibility-option-hint","$v":"Double tap to activate"},{"$i":"accessibility-radiobutton-hint","$v":"Double tap to activate"},{"$i":"accessibility-slider-hint","$v":"Swipe up to increase or down to decrease"},{"$i":"accessibility-spinbutton-hint","$v":"Swipe up to increase or down to decrease"},{"$i":"accessibility-pagetab-hint","$v":"Double tap to activate"},{"$i":"accessibility-entry-hint","$v":"Double tap to activate"},{"$i":"accessibility-outlineitem-hint","$v":"Double tap to activate"},{"$i":"weekday-0-long","$v":"неделя"},{"$i":"weekday-1-long","$v":"понеделник"},{"$i":"weekday-2-long","$v":"вторник"},{"$i":"weekday-3-long","$v":"сряда"},{"$i":"weekday-4-long","$v":"четвъртък"},{"$i":"weekday-5-long","$v":"петък"},{"$i":"weekday-6-long","$v":"събота"},{"$i":"weekday-0-short","$v":"нед"},{"$i":"weekday-1-short","$v":"пон"},{"$i":"weekday-2-short","$v":"вто"},{"$i":"weekday-3-short","$v":"сря"},{"$i":"weekday-4-short","$v":"чет"},{"$i":"weekday-5-short","$v":"пет"},{"$i":"weekday-6-short","$v":"съб"},{"$i":"month-0-long","$v":"януари"},{"$i":"month-1-long","$v":"февруари"},{"$i":"month-2-long","$v":"мaрт"},{"$i":"month-3-long","$v":"април"},{"$i":"month-4-long","$v":"май"},{"$i":"month-5-long","$v":"юни"},{"$i":"month-6-long","$v":"юли"},{"$i":"month-7-long","$v":"август"},{"$i":"month-8-long","$v":"септември"},{"$i":"month-9-long","$v":"октомври"},{"$i":"month-10-long","$v":"ноември"},{"$i":"month-11-long","$v":"декември"},{"$i":"month-0-genitive","$v":"януари"},{"$i":"month-1-genitive","$v":"февруари"},{"$i":"month-2-genitive","$v":"мaрт"},{"$i":"month-3-genitive","$v":"април"},{"$i":"month-4-genitive","$v":"май"},{"$i":"month-5-genitive","$v":"юни"},{"$i":"month-6-genitive","$v":"юли"},{"$i":"month-7-genitive","$v":"август"},{"$i":"month-8-genitive","$v":"септември"},{"$i":"month-9-genitive","$v":"октомври"},{"$i":"month-10-genitive","$v":"ноември"},{"$i":"month-11-genitive","$v":"декември"},{"$i":"month-0-short","$v":"яну"},{"$i":"month-1-short","$v":"фев"},{"$i":"month-2-short","$v":"мар"},{"$i":"month-3-short","$v":"апр"},{"$i":"month-4-short","$v":"май"},{"$i":"month-5-short","$v":"юни"},{"$i":"month-6-short","$v":"юли"},{"$i":"month-7-short","$v":"авг"},{"$i":"month-8-short","$v":"сеп"},{"$i":"month-9-short","$v":"окт"},{"$i":"month-10-short","$v":"ное"},{"$i":"month-11-short","$v":"дек"},{"$i":"minutes-ago-long","$v":{"zero":"току-що","one":"преди минута","two":["преди ",{"t":"idOrVar","v":"value"}," минути"],"few":["преди ",{"t":"idOrVar","v":"value"}," минути"],"many":["преди ",{"t":"idOrVar","v":"value"}," минути"],"other":["преди ",{"t":"idOrVar","v":"value"}," минути"]},"$x":[{"t":"idOrVar","v":"plural"},"value"]},{"$i":"hours-ago-long","$v":{"zero":"току-що","one":"преди час","two":["преди ",{"t":"idOrVar","v":"value"}," часа"],"few":["преди ",{"t":"idOrVar","v":"value"}," часа"],"many":["преди ",{"t":"idOrVar","v":"value"}," часа"],"other":["преди ",{"t":"idOrVar","v":"value"}," часа"]},"$x":[{"t":"idOrVar","v":"plural"},"value"]},{"$i":"days-ago-long","$v":{"zero":"днес","one":"вчера","two":["преди ",{"t":"idOrVar","v":"value"}," дена"],"few":["преди ",{"t":"idOrVar","v":"value"}," дена"],"many":["преди ",{"t":"idOrVar","v":"value"}," дена"],"other":["преди ",{"t":"idOrVar","v":"value"}," дена"]},"$x":[{"t":"idOrVar","v":"plural"},"value"]},{"$i":"weeks-ago-long","$v":{"zero":"тази седмица","one":"миналата седмица","two":["преди ",{"t":"idOrVar","v":"value"}," седмици"],"few":["преди ",{"t":"idOrVar","v":"value"}," седмици"],"many":["преди ",{"t":"idOrVar","v":"value"}," седмици"],"other":["преди ",{"t":"idOrVar","v":"value"}," седмици"]},"$x":[{"t":"idOrVar","v":"plural"},"value"]},{"$i":"months-ago-long","$v":{"zero":"този месец","one":"миналия месец","two":["преди ",{"t":"idOrVar","v":"value"}," месеца"],"few":["преди ",{"t":"idOrVar","v":"value"}," месеца"],"many":["преди ",{"t":"idOrVar","v":"value"}," месеца"],"other":["преди ",{"t":"idOrVar","v":"value"}," месеца"]},"$x":[{"t":"idOrVar","v":"plural"},"value"]},{"$i":"years-ago-long","$v":{"zero":"тази година","one":"миналата година","two":["преди ",{"t":"idOrVar","v":"value"}," години"],"few":["преди ",{"t":"idOrVar","v":"value"}," години"],"many":["преди ",{"t":"idOrVar","v":"value"}," години"],"other":["преди ",{"t":"idOrVar","v":"value"}," години"]},"$x":[{"t":"idOrVar","v":"plural"},"value"]},{"$i":"minutes-until-long","$v":{"zero":"сега","one":"до една минута","two":["след ",{"t":"idOrVar","v":"value"}," минути"],"few":["след ",{"t":"idOrVar","v":"value"}," минути"],"many":["след ",{"t":"idOrVar","v":"value"}," минути"],"other":["след ",{"t":"idOrVar","v":"value"}," минути"]},"$x":[{"t":"idOrVar","v":"plural"},"value"]},{"$i":"hours-until-long","$v":{"zero":"сега","one":"до един час","two":["след ",{"t":"idOrVar","v":"value"}," часа"],"few":["след ",{"t":"idOrVar","v":"value"}," часа"],"many":["след ",{"t":"idOrVar","v":"value"}," часа"],"other":["след ",{"t":"idOrVar","v":"value"}," часа"]},"$x":[{"t":"idOrVar","v":"plural"},"value"]},{"$i":"days-until-long","$v":{"zero":"днес","one":"утре","two":["след ",{"t":"idOrVar","v":"value"}," дена"],"few":["след ",{"t":"idOrVar","v":"value"}," дена"],"many":["след ",{"t":"idOrVar","v":"value"}," дена"],"other":["след ",{"t":"idOrVar","v":"value"}," дена"]},"$x":[{"t":"idOrVar","v":"plural"},"value"]},{"$i":"weeks-until-long","$v":{"zero":"тази седмица","one":"другата седмица","two":["след ",{"t":"idOrVar","v":"value"}," седмици"],"few":["след ",{"t":"idOrVar","v":"value"}," седмици"],"many":["след ",{"t":"idOrVar","v":"value"}," седмици"],"other":["след ",{"t":"idOrVar","v":"value"}," седмици"]},"$x":[{"t":"idOrVar","v":"plural"},"value"]},{"$i":"months-until-long","$v":{"zero":"този месец","one":"другия месец","two":["след ",{"t":"idOrVar","v":"value"}," месеца"],"few":["след ",{"t":"idOrVar","v":"value"}," месеца"],"many":["след ",{"t":"idOrVar","v":"value"}," месеца"],"other":["след ",{"t":"idOrVar","v":"value"}," месеца"]},"$x":[{"t":"idOrVar","v":"plural"},"value"]},{"$i":"years-until-long","$v":{"zero":"тази година","one":"следващата година","two":["след ",{"t":"idOrVar","v":"value"}," години"],"few":["след ",{"t":"idOrVar","v":"value"}," години"],"many":["след ",{"t":"idOrVar","v":"value"}," години"],"other":["след ",{"t":"idOrVar","v":"value"}," години"]},"$x":[{"t":"idOrVar","v":"plural"},"value"]},{"$i":"minutes-ago-short","$v":{"zero":"току-що","other":["преди ",{"t":"idOrVar","v":"value"},"м"]},"$x":[{"t":"idOrVar","v":"plural"},"value"]},{"$i":"hours-ago-short","$v":{"zero":"току-що","other":["преди ",{"t":"idOrVar","v":"value"},"ч"]},"$x":[{"t":"idOrVar","v":"plural"},"value"]},{"$i":"days-ago-short","$v":{"zero":"днес","other":["преди ",{"t":"idOrVar","v":"value"},"д"]},"$x":[{"t":"idOrVar","v":"plural"},"value"]},{"$i":"minutes-until-short","$v":{"zero":"сега","other":["след ",{"t":"idOrVar","v":"value"},"м"]},"$x":[{"t":"idOrVar","v":"plural"},"value"]},{"$i":"hours-until-short","$v":{"zero":"сега","other":["след ",{"t":"idOrVar","v":"value"},"ч"]},"$x":[{"t":"idOrVar","v":"plural"},"value"]},{"$i":"days-until-short","$v":{"zero":"днес","other":["след ",{"t":"idOrVar","v":"value"},"д"]},"$x":[{"t":"idOrVar","v":"plural"},"value"]},{"$i":"incorrectDate","$v":"(невалидна дата)"},{"$i":"dateTimeFormat_%c","$v":"%a, %e %b %Y %H:%M:%S"},{"$i":"dateTimeFormat_%x","$v":"%d.%m.%Y"},{"$i":"dateTimeFormat_%X","$v":"%H:%M:%S"},{"$i":"shortTimeFormat","$v":"%I:%M %p"},{"$i":"shortTimeFormat12","$v":"%I:%M %p"},{"$i":"shortTimeFormat24","$v":"%H:%M"},{"$i":"shortDateTimeFormat","$v":"%x %H:%M"},{"$i":"weekStartsOnMonday","$v":"1"},{"$i":"firstDayOfTheWeek","$v":"1"},{"$i":"time_am","$v":"пр.об."},{"$i":"time_pm","$v":"сл.об."},{"$i":"title-app","$v":"Права на приложения"},{"$i":"title-web","$v":"Права на страници"},{"$i":"title-cam","$v":"Избиране на камера"},{"$i":"perm-alarms","$v":"Настройване на аларма"},{"$i":"perm-audio-capture","$v":"Микрофон"},{"$i":"perm-audio-capture-appRequest","$v":["Искате ли споделите микрофона си с ",{"t":"idOrVar","v":"app"},"?"]},{"$i":"perm-audio-capture-webRequest","$v":["Искате ли споделите микрофона си с ",{"t":"idOrVar","v":"site"},"?"]},{"$i":"perm-audio-channel-content","$v":"Издава звуци"},{"$i":"perm-audio-channel-notification","$v":"Издава звуци на известия"},{"$i":"perm-audio-channel-ringer","$v":"Издава звуци на звънене"},{"$i":"perm-background-sensors","$v":"Достъп до сензорни данни"},{"$i":"perm-bluetooth","$v":"Bluetooth"},{"$i":"perm-browser","$v":"Изследване на уебстраници"},{"$i":"perm-camera","$v":"Камери"},{"$i":"perm-camera-selector-appRequest","$v":["Избиране на камера за ",{"t":"idOrVar","v":"app"},"."]},{"$i":"perm-camera-selector-webRequest","$v":["Избиране на камера за ",{"t":"idOrVar","v":"site"},"."]},{"$i":"perm-cellbroadcast","$v":"Масови мобилни съобщения"},{"$i":"perm-contacts","$v":"Контакти"},{"$i":"perm-contacts-appRequest","$v":[{"t":"idOrVar","v":"app"}," иска достъп до списъкa с контакти."]},{"$i":"perm-contacts-webRequest","$v":[{"t":"idOrVar","v":"site"}," иска да има достъп до списъкът с контакти."]},{"$i":"perm-desktop-notification","$v":"Известия"},{"$i":"perm-desktop-notification-appRequest","$v":[{"t":"idOrVar","v":"app"}," иска да показва известия."]},{"$i":"perm-desktop-notification-webRequest","$v":[{"t":"idOrVar","v":"site"}," иска да показва известия."]},{"$i":"perm-device-storage-apps","$v":"Памет за приложения"},{"$i":"perm-device-storage-music","$v":"Запазва музика"},{"$i":"perm-device-storage-music-appRequest","$v":[{"t":"idOrVar","v":"app"}," иска достъп до музиката ви."]},{"$i":"perm-device-storage-music-webRequest","$v":[{"t":"idOrVar","v":"site"}," иска да има достъп до музиката ви."]},{"$i":"perm-device-storage-pictures","$v":"Запазва изображения"},{"$i":"perm-device-storage-pictures-appRequest","$v":[{"t":"idOrVar","v":"app"}," иска достъп до изображенията ви."]},{"$i":"perm-device-storage-pictures-webRequest","$v":[{"t":"idOrVar","v":"site"}," иска да има достъп до изображенията ви."]},{"$i":"perm-device-storage-sdcard","$v":"Запазва в/у карта за памет"},{"$i":"perm-device-storage-sdcard-appRequest","$v":[{"t":"idOrVar","v":"app"}," иска достъп до картата за памет."]},{"$i":"perm-device-storage-sdcard-webRequest","$v":[{"t":"idOrVar","v":"site"}," иска достъп до картата за памет."]},{"$i":"perm-device-storage-videos","$v":"Прави видеозаписи"},{"$i":"perm-device-storage-videos-appRequest","$v":[{"t":"idOrVar","v":"app"}," иска достъп до видеозаписите."]},{"$i":"perm-device-storage-videos-webRequest","$v":[{"t":"idOrVar","v":"site"}," иска достъп до видеозаписите."]},{"$i":"perm-embed-apps","$v":"Вграждане на приложения"},{"$i":"perm-fmradio","$v":"FM радио"},{"$i":"perm-fmradio-appRequest","$v":[{"t":"idOrVar","v":"app"}," иска достъп до FM радиото."]},{"$i":"perm-fmradio-webRequest","$v":[{"t":"idOrVar","v":"site"}," иска да има достъп до FM радиото."]},{"$i":"perm-geolocation","$v":"Местоположение"},{"$i":"perm-geolocation-appRequest","$v":[{"t":"idOrVar","v":"app"}," иска достъп до местоположението ви."]},{"$i":"perm-geolocation-more-info","$v":[{"t":"idOrVar","v":"brandShortName"}," използва данни като GPS, Wi-Fi и близки мобилни мрежи, за да определи приблизително местоположението Ви. Изпращат се общо данни на Mozilla и други доставчици на услуги, които ще бъдат използвани за подобряване на тези бази. Данни може да бъдат запазени на вашето устройство, а също така събиране на данни може да бъде осъществено дори, когато не са пуснати приложения."]},{"$i":"perm-geolocation-webRequest","$v":[{"t":"idOrVar","v":"site"}," иска достъп до местоположението ви."]},{"$i":"perm-idle","$v":"Вижда изчакващо състояние"},{"$i":"perm-indexedDB-chrome-settings","$v":"Привилегирован IndexedDB"},{"$i":"perm-indexedDB-unlimited","$v":"Неограничена памет IndexedDB"},{"$i":"perm-input-manage","$v":"Управление на клавиатури"},{"$i":"perm-input","$v":"Действане като клавиатура"},{"$i":"perm-media-capture","$v":"Камера и микрофон"},{"$i":"perm-media-capture-appRequest","$v":["Искате ли споделите камерата и микрофона си с ",{"t":"idOrVar","v":"app"},"?"]},{"$i":"perm-media-capture-webRequest","$v":["Искате ли споделите камерата и микрофона си с ",{"t":"idOrVar","v":"site"},"?"]},{"$i":"perm-mobileconnection","$v":"Мобилна връзка"},{"$i":"perm-mobileid","$v":"Мобилна идентичност"},{"$i":"perm-network-events","$v":"Мрежови събития"},{"$i":"perm-open-remote-window","$v":"Пускане на приложение"},{"$i":"perm-permissions","$v":"Променя права на прилож."},{"$i":"perm-power","$v":"Настройки на захранването"},{"$i":"perm-settings","$v":"Промяна на настройки"},{"$i":"perm-systemXHR","$v":"Заявки Cross-Origin"},{"$i":"perm-telephony","$v":"Телефония"},{"$i":"perm-video-capture","$v":"Камера"},{"$i":"perm-video-capture-appRequest","$v":["Искате ли споделите камерата си с ",{"t":"idOrVar","v":"app"},"?"]},{"$i":"perm-video-capture-webRequest","$v":["Искате ли споделите камерата си с ",{"t":"idOrVar","v":"site"},"?"]},{"$i":"perm-voicemail","$v":"Управлява гласова поща"},{"$i":"perm-webapps-manage","$v":"Инсталира приложения"},{"$i":"perm-wifi-manage","$v":"Управлява Wi-Fi"},{"$i":"perm-attention","$v":"Покриващи прозорци"},{"$i":"perm-audio-channel-alarm","$v":"Издава звуци на будилник"},{"$i":"perm-audio-channel-normal","$v":"Издава звуци"},{"$i":"perm-audio-channel-publicnotification","$v":"Издава общ звук на известия"},{"$i":"perm-audio-channel-telephony","$v":"Издава звуци на телефония"},{"$i":"perm-backgroundservice","$v":"Действа като фонова услуга"},{"$i":"perm-device-storage-crashes","$v":"Памет за данни за сривове"},{"$i":"perm-downloads","$v":"Достъп до изтеглянията"},{"$i":"perm-embed-widgets","$v":"Вграждане на джаджи"},{"$i":"perm-feature-detection","$v":"Разпознаване на възможности"},{"$i":"perm-firefox-accounts","$v":"Firefox регистрация"},{"$i":"perm-mobilenetwork","$v":"Мобилна мрежа"},{"$i":"perm-moz-attention","$v":"Покриващи прозорци (moz)"},{"$i":"perm-moz-audio-channel-ringer","$v":"Издава звуци на звънене (moz)"},{"$i":"perm-moz-audio-channel-telephony","$v":"Издава звуци на телефония (moz)"},{"$i":"perm-moz-firefox-accounts","$v":"Firefox регистрация (moz)"},{"$i":"perm-networkstats-manage","$v":"Управлява стат. на трафик"},{"$i":"perm-nfc","$v":"NFC"},{"$i":"perm-nfc-hci-events","$v":"Събития HCI на NFC"},{"$i":"perm-nfc-manager","$v":"Управява NFC"},{"$i":"perm-phonenumberservice","$v":"Услуги телефонни номера"},{"$i":"perm-push","$v":"Push API"},{"$i":"perm-resourcestats-manage","$v":"Статистика на ресурсите"},{"$i":"perm-sms","$v":"Изпраща и чете SMS"},{"$i":"perm-speaker-control","$v":"Управлява сила на звука"},{"$i":"perm-storage","$v":"Достъп до памет"},{"$i":"perm-tcp-socket","$v":"TCP сокети"},{"$i":"perm-test-permission","$v":"Права за тестване"},{"$i":"perm-time","$v":"Промяна на дата и час"},{"$i":"perm-udp-socket","$v":"UDP сокети"},{"$i":"perm-wappush","$v":"WAP Push"},{"$i":"stopped_download_title","$v":"Изтеглянето спря"},{"$i":"stopped_download_message","$v":"Изтеглянето спря. Искате ли нов опит?"},{"$i":"stopped_download_left_button","$v":"Отказ"},{"$i":"stopped_download_right_button","$v":"Нов опит"},{"$i":"failed_download_title","$v":"Неуспешно изтегляне"},{"$i":"failed_download_message","$v":["Изтеглянето на ",{"t":"idOrVar","v":"name"}," неуспешно. Искате ли нов опит?"]},{"$i":"failed_download_left_button","$v":"Отказ"},{"$i":"failed_download_right_button","$v":"Нов опит"},{"$i":"stop_download_title","$v":"Спиране на изтеглянето"},{"$i":"stop_download_message","$v":"Сигурни ли сте, че искате да спрете изтеглянето?"},{"$i":"stop_download_left_button","$v":"Не"},{"$i":"stop_download_right_button","$v":"Да"},{"$i":"delete_download_title","$v":"Изтриване"},{"$i":"delete_download_message","$v":["Изтриване на ",{"t":"idOrVar","v":"name"},"?"]},{"$i":"delete_download_left_button","$v":"Отказ"},{"$i":"delete_download_right_button","$v":"Изтриване"},{"$i":"delete_all_download_title","$v":"Изтриване"},{"$i":"delete_all_download_left_button","$v":"Отказ"},{"$i":"delete_all_download_right_button","$v":"Изтриване"},{"$i":"delete_all_download_message","$v":{"zero":"Изтриване на 0 файла?","one":"Изтриване на един файл?","two":["Изтриване на ",{"t":"idOrVar","v":"number"}," файла?"],"few":["Изтриване на ",{"t":"idOrVar","v":"number"}," файла?"],"many":["Изтриване на ",{"t":"idOrVar","v":"number"}," файла?"],"other":["Изтриване на ",{"t":"idOrVar","v":"number"}," файла?"]},"$x":[{"t":"idOrVar","v":"plural"},"number"]},{"$i":"unsupported_file_type_download_title","$v":"Не може да се отвори"},{"$i":"unsupported_file_type_download_message","$v":["Няма приложение, което да отвори ",{"t":"idOrVar","v":"name"},". Искате ли да запишете файла, или той да се изтрие?"]},{"$i":"unsupported_file_type_download_left_button","$v":"Запис"},{"$i":"unsupported_file_type_download_right_button","$v":"Изтриване"},{"$i":"file_not_found_download_title","$v":"Файлът не е намерен"},{"$i":"file_not_found_download_message","$v":"Файлът не е намерен в устройството"},{"$i":"file_not_found_download_right_button","$v":"Добре"},{"$i":"unmounted_sdcard_2_download_title","$v":"Използване на карта за памет"},{"$i":"unmounted_sdcard_2_download_message","$v":"Изкарване на кабела на телефона"},{"$i":"unmounted_sdcard_2_download_right_button","$v":"Добре"},{"$i":"no_provider_download_title","$v":"Не може да се сподели"},{"$i":"no_provider_download_message","$v":"Не е намерен доставчик"},{"$i":"no_provider_download_right_button","$v":"Добре"},{"$i":"no_memory_download_title","$v":"Картата за памет е пълна"},{"$i":"no_memory_download_message","$v":"Няма място на вашата карта за памет, за да се запише изтегленото. Моля, изтрийте файлове преди да рестартирате изтеглянето."},{"$i":"no_memory_download_right_button","$v":"Добре"},{"$i":"no_sdcard_found_2_download_title","$v":"Не е намерена карта за памет"},{"$i":"no_sdcard_found_2_download_message","$v":"Поставете карта за памет или сменете стандартното място за медия в Настройки"},{"$i":"no_sdcard_found_2_download_right_button","$v":"Добре"},{"$i":"file_open_error_download_title","$v":"Не може да се отвори"},{"$i":"file_open_error_download_message","$v":["Има проблем с отварянето на ",{"t":"idOrVar","v":"name"},". Искате ли да запишете файла, или да го изтриете?"]},{"$i":"file_open_error_download_left_button","$v":"Запис"},{"$i":"file_open_error_download_right_button","$v":"Изтриване"},{"$i":"restart_download_error","$v":"Получи се грешка при рестартиране на изтеглянето. Моля, опитайте отново изтеглянето."},{"$i":"no-downloads","$v":"Няма изтегляния"},{"$i":"percentage","$v":[{"t":"idOrVar","v":"percentage"},"%"]},{"$i":"partialResult","$v":[{"t":"idOrVar","v":"partial"}," от общо ",{"t":"idOrVar","v":"total"}]},{"$i":"summary","$v":[{"t":"idOrVar","v":"date"}," – ",{"t":"idOrVar","v":"status"}]},{"$i":"download-stopped","$v":"Спрян"},{"$i":"download-failed","$v":"Грешка при изтегляне"},{"$i":"open_downloaded_file","$v":"Отваряне"},{"$i":"share_downloaded_file","$v":"Споделяне"},{"$i":"wallpaper_downloaded_file","$v":"Поставяне като тапет"},{"$i":"ringtone_downloaded_file","$v":"Задаване като звук за звънене"},{"$i":"cancel_downloaded_file","$v":"Отказ"},{"$i":"voicemailNoNumberTitle","$v":"Няма номер за гласова поща"},{"$i":"voicemailNoNumberText","$v":"Не може да се направи обаждане към гласовата поща. Настройте номер на гласова поща, за да се обадите."},{"$i":"voicemailNoNumberSettings","$v":"Настройки"},{"$i":"voicemailNoNumberCancel","$v":"Отказ"},{"$i":"airplaneMode","$v":"Самолетен режим"},{"$i":"searching","$v":"Търсене…"},{"$i":"noNetwork","$v":"Няма мобилна мрежа"},{"$i":"roaming","$v":[{"t":"idOrVar","v":"operator"}," (роуминг)"]},{"$i":"operator-info","$v":[{"t":"idOrVar","v":"carrier"}," ",{"t":"idOrVar","v":"region"}]},{"$i":"emergencyCallsOnly-unknownSIMState","$v":"(неизвестно състояние на SIM)"},{"$i":"emergencyCallsOnly-noSIM","$v":"(няма SIM)"},{"$i":"emergencyCallsOnly-pinRequired","$v":"(изисква се SIM PIN)"},{"$i":"emergencyCallsOnly-pukRequired","$v":"(изисква се SIM PUK)"},{"$i":"emergencyCallsOnly-networkLocked","$v":"(мрежата е заключена)"},{"$i":"emergencyCallsOnly-serviceProviderLocked","$v":"(доставчикът на услуги е заключен)"},{"$i":"emergencyCallsOnly-corporateLocked","$v":"(корпоративната мрежа е заключена)"},{"$i":"emergencyCallsOnly-network1Locked","$v":"(мрежа1 е заключена)"},{"$i":"emergencyCallsOnly-network2Locked","$v":"(мрежа2 е заключена)"},{"$i":"emergencyCallsOnly-hrpdNetworkLocked","$v":"(мрежата hrpd е заключена)"},{"$i":"emergencyCallsOnly-ruimCorporateLocked","$v":"(корпоративната ruim е заключена)"},{"$i":"emergencyCallsOnly-ruimServiceProviderLocked","$v":"(доставчикът на услуги ruim е заключен)"},{"$i":"lockscreen-sim-id","$v":["SIM ",{"t":"idOrVar","v":"n"}]},{"$i":"charging-status-no-time","$v":["заредена на ",{"t":"idOrVar","v":"level"},"%"]},{"$i":"charging-status-minutes","$v":{"zero":["заредена на ",{"t":"idOrVar","v":"level"},"% (остават ",{"t":"idOrVar","v":"minutes"},"мин)"],"one":["заредена на ",{"t":"idOrVar","v":"level"},"% (остава ",{"t":"idOrVar","v":"minutes"},"мин)"],"two":["заредена на ",{"t":"idOrVar","v":"level"},"% (остават ",{"t":"idOrVar","v":"minutes"},"мин)"],"few":["заредена на ",{"t":"idOrVar","v":"level"},"% (остават ",{"t":"idOrVar","v":"minutes"},"мин)"],"many":["заредена на ",{"t":"idOrVar","v":"level"},"% (остават ",{"t":"idOrVar","v":"minutes"},"мин)"],"other":["заредена на ",{"t":"idOrVar","v":"level"},"% (остават ",{"t":"idOrVar","v":"minutes"},"мин)"]},"$x":[{"t":"idOrVar","v":"plural"},"minutes"]},{"$i":"charging-status-hours","$v":{"zero":["заредена на ",{"t":"idOrVar","v":"level"},"% (остават ",{"t":"idOrVar","v":"hours"},"ч ",{"t":"idOrVar","v":"minutes"},"мин)"],"one":["заредена на ",{"t":"idOrVar","v":"level"},"% (остават ",{"t":"idOrVar","v":"hours"},"ч ",{"t":"idOrVar","v":"minutes"},"мин)"],"two":["заредена на ",{"t":"idOrVar","v":"level"},"% (остават ",{"t":"idOrVar","v":"hours"},"ч ",{"t":"idOrVar","v":"minutes"},"мин)"],"few":["заредена на ",{"t":"idOrVar","v":"level"},"% (остават ",{"t":"idOrVar","v":"hours"},"ч ",{"t":"idOrVar","v":"minutes"},"мин)"],"many":["заредена на ",{"t":"idOrVar","v":"level"},"% (остават ",{"t":"idOrVar","v":"hours"},"ч ",{"t":"idOrVar","v":"minutes"},"мин)"],"other":["заредена на ",{"t":"idOrVar","v":"level"},"% (остават ",{"t":"idOrVar","v":"hours"},"ч ",{"t":"idOrVar","v":"minutes"},"мин)"]},"$x":[{"t":"idOrVar","v":"plural"},"minutes"]},{"$i":"gaia-menu-cancel","$v":"Отказ"}]