[{"$i":"share","$v":"Del"},{"$i":"resend","$v":"Videresend"},{"$i":"connecting","$v":"Forbinder"},{"$i":"verify","$v":"Bekræft"},{"$i":"verifying","$v":"Bekræfter"},{"$i":"verified","$v":"Bekræftet"},{"$i":"mobileIDExplanation","$v":[{"t":"idOrVar","v":"app_name"}," ønsker at kende og bekræfte dit telefonnummer. Vælg hvilket du vil dele eller indtast et nyt nummer."]},{"$i":"verificationCodeExplanation","$v":["Vi har sendt en kode til ",{"t":"idOrVar","v":"phone_number"},". Vi vil prøve at besvare automatisk. Hvis nummeret ikke er i brug på denne enhed, skal du indtaste koden manuelt."]},{"$i":"successMessage","$v":["Telefonnummeret ",{"t":"idOrVar","v":"phone_number"}," er nu bekræftet og tilgængelig for ",{"t":"idOrVar","v":"app_name"},"."]},{"$i":"serverErrorMessage","$v":"Serveren til bekræftelse er ikke tilgængelig i øjeblikket. Kontroller din internetforbindelse og prøv igen, eller vent nogle få minutter."},{"$i":"timeoutErrorMessage","$v":"Der er tilsyneladende problemer med din bekræftelseskode. Prøv igen."},{"$i":"errorTitle","$v":"Mobil-identitet"},{"$i":"ok","$v":"OK"},{"$i":"addPhoneNumber","$v":"Eller tilføj dit telefonnummer"},{"$i":"selectPhoneNumber","$v":"Eller vælg et telefonnummer på listen"},{"$i":"firefox-accounts-title","$v":"Firefox-konti"},{"$i":"fxa-next","$v":"Næste"},{"$i":"fxa-back","$v":"Tilbage"},{"$i":"fxa-done","$v":"Færdig"},{"$i":"fxa-ok","$v":"OK"},{"$i":"fxa-connection-error-title","$v":"Kunne ikke forbinde"},{"$i":"fxa-connection-error-message","$v":"Du kan oprette en konto eller logge ind fra Indstillinger."},{"$i":"fxa-reset-password-error-title","$v":"Nulstil adgangskode"},{"$i":"fxa-reset-password-error-message","$v":"Du kan nulstille din adgangskode fra Indstillinger."},{"$i":"fxa-coppa-failure-error-title","$v":"Kan ikke oprette konto"},{"$i":"fxa-coppa-failure-error-message","$v":["Du skal være over en vis alder for at kunne oprette en konto. ",{"t":"idOrVar","v":"learnmore"}]},{"$i":"fxa-learn-more","$v":"Læs mere"},{"$i":"fxa-offline-error-title","$v":"Kunne ikke forbinde"},{"$i":"fxa-offline-error-message","$v":"Forbind til et netværk fra Indstillinger."},{"$i":"fxa-invalid-email-title","$v":"Fejl"},{"$i":"fxa-invalid-email-message","$v":"Indtast en gyldig mailadresse."},{"$i":"fxa-invalid-password-title","$v":"Ugyldig adgangskode"},{"$i":"fxa-invalid-password-message","$v":"Kontroller din adgangskode og prøv igen."},{"$i":"fxa-unknown-error-title","$v":"Kunne ikke forbinde"},{"$i":"fxa-unknown-error-message","$v":"Systemet er ikke tilgængeligt, prøv igen om lidt."},{"$i":"fxa-connecting","$v":"Forbinder"},{"$i":"fxa-enter-email-input","placeholder":"Indtast mailadresse"},{"$i":"fxa-use-email-to-sign-in","$v":"Brug din mailadresse til at oprette en konto eller log ind."},{"$i":"fxa-notice","$v":["Fortsætter du, accepterer du ",{"t":"idOrVar","v":"tos"}," og ",{"t":"idOrVar","v":"pn"}," for Firefox online-tjenester."]},{"$i":"fxa-tos","$v":"Tjenestevilkår"},{"$i":"fxa-pn","$v":"Privatlivspolitik"},{"$i":"fxa-create-password-title","$v":"Opret en adgangskode"},{"$i":"fxa-enter-password-title","$v":"Indtast din adgangskode"},{"$i":"fxa-hello-user","$v":["Hej ",{"t":"idOrVar","v":"email"}]},{"$i":"fxa-password-refresh","$v":"Indtast adgangskoden til din Firefox-konto for at fortsætte."},{"$i":"fxa-password","placeholder":"Adgangskode"},{"$i":"fxa-forgot-your-password","$v":"Glemt adgangskoden?"},{"$i":"fxa-show-password","$v":"Vis adgangskode"},{"$i":"fxa-password-length-requirement","$v":"Din adgangskode skal være mindst 8 tegn lang."},{"$i":"fxa-success","$v":"Det lykkedes!"},{"$i":"fxa-ready-to-go","$v":"Din Firefox-konto er klar!"},{"$i":"fxa-use-features","$v":"Du kan nu bruge funktioner som fx Find min enhed og apps som fx Firefox Marketplace."},{"$i":"fxa-access-manage-account-settings","$v":"Du kan fremover få adgang til og håndtere din konto fra Indstillinger."},{"$i":"fxa-confirm-account","$v":"Bekræft din konto"},{"$i":"fxa-will-send-email","$v":["Vi sender en mail til: ",{"t":"idOrVar","v":"email"}]},{"$i":"fxa-signup-click-verification-link-in-email","$v":"Tjek din mail, og klik på bekræftelseslinket for at bekræfte din Firefox-konto."},{"$i":"fxa-age-verification","$v":"Bekræftelse af alder"},{"$i":"fxa-age-earlier","$v":[{"t":"idOrVar","v":"year"}," eller tidligere"]},{"$i":"fxa-year-of-birth","$v":"Fødselsår"},{"$i":"brandShortName","$v":"B2G OS"},{"$i":"browserBrandShortName","$v":"Web Browser"},{"$i":"browserBrandFullName","$v":"Mozilla Web Browser"},{"$i":"ringtoneBrandName","$v":"Default"},{"$i":"ringtoneSectionBrandName","$v":"System"},{"$i":"back","$v":"Tilbage"},{"$i":"help","$v":"Hjælp"},{"$i":"cancel","$v":"Annuller"},{"$i":"close","$v":"Luk"},{"$i":"skip","$v":"Spring over"},{"$i":"clear","ariaLabel":"Ryd"},{"$i":"enable","$v":"Aktiver"},{"$i":"turnOn","$v":"Aktiver"},{"$i":"undo","ariaLabel":"Fortryd"},{"$i":"enterPIN","$v":"Indtast pinkode"},{"$i":"mediaPlaybackTrack","ariaLabel":"Titel og kunstner"},{"$i":"mediaPlaybackControls","ariaLabel":"Afspilningsknapper"},{"$i":"mediaPlaybackPrevious","ariaLabel":"Forrige"},{"$i":"mediaPlaybackPlay","ariaLabel":"Afspil"},{"$i":"mediaPlaybackPause","ariaLabel":"Pause"},{"$i":"mediaPlaybackNext","ariaLabel":"Næste"},{"$i":"UnknownTrack","$v":"Ukendt nummer"},{"$i":"wifiButton-on","$v":"Wi-fi aktiveret"},{"$i":"wifiButton-on-initializing","$v":"Wi-fi aktiveret, initialiserer"},{"$i":"wifiButton-off","$v":"Wi-fi deaktiveret"},{"$i":"dataButton-on","$v":[{"t":"idOrVar","v":"type"},"-data aktiveret"]},{"$i":"dataButton-off","$v":[{"t":"idOrVar","v":"type"},"-data deaktiveret"]},{"$i":"bluetoothButton-on","$v":"Bluetooth aktiveret"},{"$i":"bluetoothButton-on-initializing","$v":"Bluetooth aktiveret, initialiserer"},{"$i":"bluetoothButton-off","$v":"Bluetooth deaktiveret"},{"$i":"airplaneMode-on","$v":"Flytilstand aktiveret"},{"$i":"airplaneMode-off","$v":"Flytilstand deaktiveret"},{"$i":"settingsButton","ariaLabel":"Indstillinger"},{"$i":"utilityTray","ariaLabel":"Funktionsbakke"},{"$i":"statusbarOperator","$v":[{"t":"idOrVar","v":"date"},", ",{"t":"idOrVar","v":"operator"}]},{"$i":"statusbarDateFormat","$v":"%e. %b"},{"$i":"statusbar","ariaLabel":"Statuslinje"},{"$i":"statusbarBattery","ariaLabel":["Batteri ",{"t":"idOrVar","v":"level"}," procent"]},{"$i":"statusbarBatteryCharging","ariaLabel":["Batteri ",{"t":"idOrVar","v":"level"}," procent, oplader"]},{"$i":"statusbarAirplaneMode","ariaLabel":"Airplane mode on"},{"$i":"statusbarWiFiConnecting","ariaLabel":"Wi-Fi: connecting"},{"$i":"statusbarWiFiConnected","ariaLabel":["Wi-Fi: ",{"t":"idOrVar","v":"level"}," of 4 bars"]},{"$i":"statusbarSignal","ariaLabel":[{"t":"idOrVar","v":"operator"}," network, ",{"t":"idOrVar","v":"level"}," of 5 bars"]},{"$i":"statusbarSignalRoaming","ariaLabel":[{"t":"idOrVar","v":"operator"}," network (roaming), ",{"t":"idOrVar","v":"level"}," of 5 bars"]},{"$i":"statusbarSignalNoneSearching","ariaLabel":"Searching… Emergency calls only"},{"$i":"emergencyCallsOnly","$v":"Kun nødopkald"},{"$i":"statusbarSignalNoSimCard","ariaLabel":"No SIM card"},{"$i":"statusbarHeadphone","ariaLabel":"Headphones on"},{"$i":"statusbarBluetoothHeadphone","ariaLabel":"Bluetooth headphones on"},{"$i":"statusbarBluetoothTransfer","ariaLabel":"Bluetooth transfer active"},{"$i":"statusbarIconOn-tethering","ariaLabel":"Tethering on"},{"$i":"statusbarIconOnActive-tethering","ariaLabel":"Tethering on, active"},{"$i":"statusbarAlarm","ariaLabel":"Alarm er slået til"},{"$i":"statusbarIconOn-bluetooth","ariaLabel":"Bluetooth on"},{"$i":"statusbarIconOnActive-bluetooth","ariaLabel":"Bluetooth on, active"},{"$i":"statusbarIconOn-mute","ariaLabel":"Mute on"},{"$i":"statusbarIconOn-vibration","ariaLabel":"Vibration on"},{"$i":"statusbarRecording","ariaLabel":"Optager er slået til"},{"$i":"statusbarGeolocation","ariaLabel":"Position er slået til"},{"$i":"statusbarUsb","ariaLabel":"USB er slået til"},{"$i":"statusbarCallForwarding","$v":"Call forwarding on"},{"$i":"statusbarPlaying","ariaLabel":"Medie afspilles"},{"$i":"statusbarNfc","ariaLabel":"NFC er slået til"},{"$i":"statusbarDownload","ariaLabel":"Downloading…"},{"$i":"statusbarNetworkActivity","ariaLabel":"Netværk er slået til"},{"$i":"statusbarEmergencyCallback","ariaLabel":"Emergency callback"},{"$i":"statusbarNotifications","$v":{"one":[{"t":"idOrVar","v":"n"}," meddelelse"],"two":[{"t":"idOrVar","v":"n"}," meddelelser"],"few":[{"t":"idOrVar","v":"n"}," meddelelser"],"many":[{"t":"idOrVar","v":"n"}," meddelelser"],"other":[{"t":"idOrVar","v":"n"}," meddelelser"]},"$x":[{"t":"idOrVar","v":"plural"},"n"]},{"$i":"statusbarNotifications-unread","ariaLabel":{"$x":[{"t":"idOrVar","v":"plural"},"n"],"$v":{"one":[{"t":"idOrVar","v":"n"}," ulæst meddelelse"],"two":[{"t":"idOrVar","v":"n"}," ulæste meddelelser"],"few":[{"t":"idOrVar","v":"n"}," ulæste meddelelser"],"many":[{"t":"idOrVar","v":"n"}," ulæste meddelelser"],"other":[{"t":"idOrVar","v":"n"}," ulæste meddelelser"]}}},{"$i":"notifications","$v":"Meddelelser"},{"$i":"clear-all","$v":"Ryd alle"},{"$i":"attentionScreen-tapToShow","$v":"Tryk for at vise"},{"$i":"newVoicemails","$v":{"zero":"Ingen nye telefonbeskeder","one":"1 ny telefonbesked","two":[{"t":"idOrVar","v":"n"}," nye telefonbeskeder"],"few":[{"t":"idOrVar","v":"n"}," nye telefonbeskeder"],"many":[{"t":"idOrVar","v":"n"}," nye telefonbeskeder"],"other":[{"t":"idOrVar","v":"n"}," nye telefonbeskeder"]},"$x":[{"t":"idOrVar","v":"plural"},"n"]},{"$i":"newVoicemailsUnknown","$v":"Nye telefonbeskeder"},{"$i":"dialNumber","$v":["Ring til ",{"t":"idOrVar","v":"number"}]},{"$i":"voicemailNotificationMultiSim","$v":["(Simkort ",{"t":"idOrVar","v":"n"},") ",{"t":"idOrVar","v":"title"}]},{"$i":"euRoamingNotificationTitle","$v":"EU-internet fundet"},{"$i":"euRoamingNotificationMsg","$v":"Tryk for at skifte."},{"$i":"confirmNFCConnectBTenabledNameUnknown","$v":"Er du sikker på, at du vil forbindes med enheden?"},{"$i":"confirmNFCConnectBTdisabledNameUnknown","$v":"Aktiver Bluetooth og forbind med enheden?"},{"$i":"confirmNFCConnectBTenabledNameKnown","$v":["Er du sikker på, at du vil forbindes med ",{"t":"idOrVar","v":"deviceName"},"?"]},{"$i":"confirmNFCConnectBTdisabledNameKnown","$v":["Aktiver Bluetooth og forbind med ",{"t":"idOrVar","v":"deviceName"},"?"]},{"$i":"confirmNFCConnectBTdisabled","$v":"Aktiver"},{"$i":"dismissNFCConnectBTdisabled","$v":"Annuller"},{"$i":"confirmation","$v":"Bekræftelse"},{"$i":"deviceMenu","$v":"Telefon"},{"$i":"airplane","$v":"Aktiver flytilstand"},{"$i":"airplaneOff","$v":"Deaktiver flytilstand"},{"$i":"silent","$v":"Lydløs ved indkommende opkald"},{"$i":"normal","$v":"Ring ved indkommende opkald"},{"$i":"restart","$v":"Genstart"},{"$i":"power","$v":"Sluk"},{"$i":"no-recent-app-windows","$v":"Dine seneste app-vinduer vises her"},{"$i":"no-recent-browser-windows","$v":"Dine seneste browser-vinduer vises her"},{"$i":"closeCard","ariaLabel":"Luk"},{"$i":"openCard","ariaLabel":"Åbn"},{"$i":"yes","$v":"Ja"},{"$i":"no","$v":"Nej"},{"$i":"dontallow","$v":"Tillad ikke"},{"$i":"allow","$v":"Tillad"},{"$i":"dontshare-geolocation","$v":"Del ikke"},{"$i":"share-geolocation","$v":"Del"},{"$i":"dontshare-audio-capture","$v":"Del ikke"},{"$i":"share-audio-capture","$v":"Del"},{"$i":"dontshare-video-capture","$v":"Del ikke"},{"$i":"share-video-capture","$v":"Del"},{"$i":"dontshare-media-capture","$v":"Del ikke"},{"$i":"share-media-capture","$v":"Del"},{"$i":"device-front","$v":"Frontkamera"},{"$i":"device-back","$v":"Bagsidekamera"},{"$i":"remember-my-choice","$v":"Husk mit valg"},{"$i":"more-info","$v":"Læs mere…"},{"$i":"hide-info","$v":"Skjul info"},{"$i":"install-app","$v":["Installer ",{"t":"idOrVar","v":"name"},"?"]},{"$i":"size","$v":"Størrelse"},{"$i":"author","$v":"Udvikler"},{"$i":"size-unknown","$v":"Ukendt"},{"$i":"author-unknown","$v":"Ukendt"},{"$i":"install","$v":"Installer"},{"$i":"bytes","$v":"bytes"},{"$i":"kB","$v":"kB"},{"$i":"MB","$v":"MB"},{"$i":"GB","$v":"GB"},{"$i":"TB","$v":"TB"},{"$i":"PB","$v":"PB"},{"$i":"app-install-generic-error","$v":["Hentning af ",{"t":"idOrVar","v":"appName"}," er stoppet"]},{"$i":"app-install-download-failed","$v":["Hentning af ",{"t":"idOrVar","v":"appName"}," mislykkedes"]},{"$i":"app-install-install-failed","$v":["Installation af ",{"t":"idOrVar","v":"appName"}," mislykkedes"]},{"$i":"cancelling-will-not-refund","$v":"Du får ikke pengene tilbage, hvis du annullerer. Hvis du vil have penge tilbage, skal du have dem af sælgeren."},{"$i":"apps-can-be-installed-later","$v":"Apps kan installeres senere fra den oprindelige installationskilde."},{"$i":"are-you-sure-you-want-to-cancel","$v":"Er du sikker på, at du vil annullere denne installation?"},{"$i":"cancel-install","$v":"Annuller"},{"$i":"cancel-install-button","$v":"Annuller"},{"$i":"resume","$v":"Genoptag"},{"$i":"continue","$v":"Fortsæt"},{"$i":"stopDownloading","$v":["Stop hentning af ",{"t":"idOrVar","v":"app"},"?"]},{"$i":"app-download-can-be-restarted","$v":"Hentningen kan genstartes senere."},{"$i":"app-download-stop-button","$v":"Stop hentning"},{"$i":"not-enough-space","$v":"Der er ikke plads nok"},{"$i":"not-enough-space-message","$v":"Der er ikke plads nok til at installere denne app. Frigør plads ved at afinstallere ældre apps eller filer, og prøv derefter at installere igen."},{"$i":"app-install-success","$v":[{"t":"idOrVar","v":"appName"}," installeret"]},{"$i":"langpack-install-success2","$v":[{"t":"idOrVar","v":"appName"}," installed. Go to Settings > Language to enable it."]},{"$i":"setup","$v":"Indstillinger"},{"$i":"ime-addkeyboards","$v":"Tilføj tastaturer"},{"$i":"later","$v":"Senere"},{"$i":"download","$v":"Hent"},{"$i":"wantToDownload","$v":"Hent opdatering nu?"},{"$i":"wantToInstallNow","$v":"Vil du installere opdateringen nu? Du vil ikke kunne benytte din telefon i et par minutter."},{"$i":"installNow","$v":"Installer nu"},{"$i":"notNow","$v":"Ikke nu"},{"$i":"downloadingUpdateMessage","innerHTML":["Henter opdateringer… <span>",{"t":"idOrVar","v":"progress"}," hentet.</span>"]},{"$i":"downloadingAppMessage","$v":["Henter ",{"t":"idOrVar","v":"appName"}]},{"$i":"downloadingAppProgressNoMax","$v":[{"t":"idOrVar","v":"progress"}," hentet"]},{"$i":"downloadingAppProgressIndeterminate","$v":"Henter"},{"$i":"downloadingAppProgress","$v":[{"t":"idOrVar","v":"progress"}," / ",{"t":"idOrVar","v":"max"}," hentet"]},{"$i":"cancelAllDownloads","$v":"Annuller alle filhentninger"},{"$i":"wantToCancelAll","$v":"Er du sikker på, at du vil annullere alle filhentninger?"},{"$i":"downloadError","$v":"Der opstod en fejl ved hentning af opdateringer."},{"$i":"updateAvailableInfo","innerHTML":{"$x":[{"t":"idOrVar","v":"plural"},"n"],"$v":{"one":[{"t":"idOrVar","v":"n"}," opdatering er tilgængelig. <span>Tryk for mere info.</span>"],"two":[{"t":"idOrVar","v":"n"}," opdateringer er tilgængelige. <span>Tryk for mere info.</span>"],"few":[{"t":"idOrVar","v":"n"}," opdateringer er tilgængelige. <span>Tryk for mere info.</span>"],"many":[{"t":"idOrVar","v":"n"}," opdateringer er tilgængelige. <span>Tryk for mere info.</span>"],"other":[{"t":"idOrVar","v":"n"}," opdateringer er tilgængelige. <span>Tryk for mere info.</span>"]}}},{"$i":"numberOfUpdates","$v":{"one":[{"t":"idOrVar","v":"n"}," opdatering er tilgængelig"],"two":[{"t":"idOrVar","v":"n"}," opdateringer er tilgængelige"],"few":[{"t":"idOrVar","v":"n"}," opdateringer er tilgængelige"],"many":[{"t":"idOrVar","v":"n"}," opdateringer er tilgængelige"],"other":[{"t":"idOrVar","v":"n"}," opdateringer er tilgængelige"]},"$x":[{"t":"idOrVar","v":"plural"},"n"]},{"$i":"systemUpdate","$v":"Systemopdatering"},{"$i":"systemUpdateReady","$v":"Systemopdatering er klar"},{"$i":"systemUpdateLowBatteryThreshold","$v":["Du skal have mindst ",{"t":"idOrVar","v":"threshold"}," procent batteri tilbage for at kunne installere opdateringen."]},{"$i":"required","$v":"Påkrævet"},{"$i":"uncompressingMessage","innerHTML":"Udpakker… <span>Dette kan tage nogle minutter.</span>"},{"$i":"downloadWifiPrioritizedUsing2G","$v":"Opdateringer hentes via dataforbindelsen, hvis wi-fi ikke er tilgængelig. Dette kan blokere telefonopkald og resultere i dataafgifter."},{"$i":"downloadWifiPrioritized3","$v":"Opdateringer hentes via dataforbindelsen, hvis wi-fi ikke er tilgængelig. Dette kan resultere i dataafgifter."},{"$i":"downloadNoWifiWarning","$v":"Wi-fi er ikke tilgængelig. Opdatering over din nuværende forbindelse kan resultere i dataafgifter."},{"$i":"downloadOfflineWarning2","$v":"Forbind til et netværk for at hente opdateringer."},{"$i":"downloadUpdatesViaDataConnection","$v":"Hent opdateringer via dataforbindelsen?"},{"$i":"downloadUpdatesVia2GForbidden3","$v":"Hentning af opdateringer er ikke mulig med en langsom forbindelse (2G). Forbind via wi-fi eller 3G, og prøv igen."},{"$i":"downloadUpdatesViaDataConnectionMessage3","$v":"Når du bruger en dataforbindelse, kan det resultere i dataafgifter. Vil du fortsætte?"},{"$i":"downloadUpdatesViaDataRoamingConnection","$v":"Hent opdateringer via data-roaming?"},{"$i":"downloadUpdatesViaDataRoamingConnectionMessage","$v":"Du benytter i øjeblikket roaming, hvilket kan resultere i dataafgifter. Vil du fortsætte?"},{"$i":"screenshotSaved","$v":"Billede gemt til galleriet"},{"$i":"screenshotFailed","$v":"Billedet kunne ikke gemmes"},{"$i":"screenshotNoSDCard","$v":"Intet hukommelseskort fundet"},{"$i":"screenshotSDCardInUse","$v":"Hukommelseskortet er i brug"},{"$i":"screenshotSDCardLow","$v":"For lidt plads på hukommelseskortet"},{"$i":"logsSaved","$v":"Logs gemt"},{"$i":"logsSaveError","$v":"Kunne ikke gemme logs"},{"$i":"logsSaving","$v":"Starter logning …"},{"$i":"logsOperationFailed","$v":["Handlingen ",{"t":"idOrVar","v":"operation"}," mislykkedes."]},{"$i":"logsGenericError","$v":"Der opstod en uventet fejl."},{"$i":"logsSDCardMaybeShared","$v":"Kontroller, at dit SD-kort ikke er delt med din computer."},{"$i":"emergency-call-button","$v":"Nødopkald"},{"$i":"emergency-call","$v":"Nødopkald"},{"$i":"unlock-a11y-button","ariaLabel":"Lås op"},{"$i":"camera-a11y-button","ariaLabel":"Kamera"},{"$i":"longDateFormat","$v":"%A d. %e. %B"},{"$i":"panel-passcode","ariaLabel":"Panel til adgangskode"},{"$i":"open-notification","$v":"åben"},{"$i":"softwareHomeButton","ariaLabel":"Hjem"},{"$i":"login","$v":"Log ind"},{"$i":"sign-in-to-website","$v":"Log ind på et websted"},{"$i":"username","$v":"Brugernavn"},{"$i":"password","$v":"Adgangskode"},{"$i":"http-authentication-message2","$v":["Webstedet ",{"t":"idOrVar","v":"host"}," kræver at du logger ind."]},{"$i":"error-message","$v":[{"t":"idOrVar","v":"name"}," indlæses ikke korrekt"]},{"$i":"error-title","$v":[{"t":"idOrVar","v":"name"}," har problemer"]},{"$i":"unable-to-connect","$v":"Kan ikke oprette forbindelse"},{"$i":"tap-to-check-settings","$v":"Tryk for at kontrollere indstillingerne"},{"$i":"delete-title","$v":["Slet ",{"t":"idOrVar","v":"name"}]},{"$i":"delete-body","$v":[{"t":"idOrVar","v":"name"}," og alle tilhørende data vil blive slettet."]},{"$i":"delete","$v":"Slet"},{"$i":"unrecoverable-error-title","$v":"Fjern app"},{"$i":"unrecoverable-error-body","$v":"Kan ikke installere app'en på grund af en uoprettelig fejl. Prøv at hente igen. App'en vil blive fjernet."},{"$i":"unrecoverable-error-action","$v":"OK"},{"$i":"data-roaming-enabled-title","$v":"Aktiver data-roaming?"},{"$i":"data-roaming-enabled-warning2","$v":"Du skal aktivere data-roaming for at få adgang til internettet. Afhængigt af dit abonnement kan dette medføre ekstra udgifter. Vil du aktivere data?"},{"$i":"select-time","$v":"Vælg klokkeslæt"},{"$i":"choose-option","$v":"Vælg"},{"$i":"choose-options","$v":"Vælg"},{"$i":"select-day","$v":"Vælg dato"},{"$i":"battery-almost-empty3","$v":"Batteriet er næsten tomt."},{"$i":"plug-in-your-charger","$v":"Tilslut din oplader."},{"$i":"new-window","$v":"Nyt vindue"},{"$i":"new-private-window","$v":"Nyt privat vindue"},{"$i":"show-windows","$v":"Vis vinduer"},{"$i":"add-to-home-screen","$v":"Føj til startskærm"},{"$i":"crash-dialog2-os","$v":[{"t":"idOrVar","v":"brandShortName"}," blev genstartet efter en fejl"]},{"$i":"crash-dialog-app","$v":[{"t":"idOrVar","v":"name"}," gik ned"]},{"$i":"crash-dialog-app-noname","$v":"Noget"},{"$i":"crash-dialog-message","$v":"Vil du sende en fejlrapport til Mozilla, så du kan hjælpe os med at rette fejlen? (Rapporter sendes kun over wi-fi)."},{"$i":"crash-info-link","$v":"Hvad er der i en fejlrapport?"},{"$i":"crash-always-report","$v":"Send altid en fejlrapport til Mozilla ved fejl."},{"$i":"crash-dont-send","$v":"Send ikke"},{"$i":"crash-end","$v":"Send fejlrapport"},{"$i":"crashReports","$v":"Fejlrapporter"},{"$i":"done","$v":"Færdig"},{"$i":"crash-reports-description-1","$v":"En fejlrapport indeholder oplysninger om fejlen og din enhed samt et øjebliksbillede af din enhed da fejlen opstod."},{"$i":"crash-reports-description-2","$v":"Dette kan inkludere ting som åbne sider og apps, tekst indtastet i formularer og indhold i åbne mails og beskeder, nylig historik fra browseren eller position som bruges i en åben app."},{"$i":"crash-reports-description-3-start","$v":"Vi bruger fejlrapporter til at forbedre vores produkter. Du kan læse, hvordan vi behandler dine informationer, i vores "},{"$i":"crash-reports-description-3-privacy","$v":"privatlivspolitik"},{"$i":"crash-reports-description-3-end","$v":"."},{"$i":"crash-banner-os2","$v":[{"t":"idOrVar","v":"brandShortName"}," gik ned."]},{"$i":"crash-banner-app","$v":[{"t":"idOrVar","v":"name"}," gik ned."]},{"$i":"crash-banner-report","$v":"Rapporter"},{"$i":"bluetooth-sending-progress","$v":"Sender Bluetooth-overførsel…"},{"$i":"bluetooth-receiving-progress","$v":"Modtager Bluetooth-overførsel…"},{"$i":"acceptFileTransfer","$v":"Accepter Bluetooth-filoverførsel?"},{"$i":"wantToReceiveFile","$v":[{"t":"idOrVar","v":"deviceName"}," vil overføre ",{"t":"idOrVar","v":"fileName"}," (",{"t":"idOrVar","v":"fileSize"},")."]},{"$i":"transfer-confirmation-title","$v":[{"t":"idOrVar","v":"deviceName"}]},{"$i":"transfer-confirmation-description","$v":"Gennemgå overførselsforespørgslen."},{"$i":"byteUnit-B","$v":"B"},{"$i":"byteUnit-KB","$v":"KB"},{"$i":"byteUnit-MB","$v":"MB"},{"$i":"byteUnit-GB","$v":"GB"},{"$i":"byteUnit-TB","$v":"TB"},{"$i":"byteUnit-PB","$v":"PB"},{"$i":"byteUnit-EB","$v":"EB"},{"$i":"byteUnit-ZB","$v":"ZB"},{"$i":"byteUnit-YB","$v":"YB"},{"$i":"fileSize","$v":[{"t":"idOrVar","v":"size"}," ",{"t":"idOrVar","v":"unit"}]},{"$i":"deny","$v":"Afvis"},{"$i":"transfer","$v":"Overfør"},{"$i":"cancelFileTransfer","$v":"Annuller Bluetooth-filoverførsel?"},{"$i":"continueFileTransfer","$v":"Fortsæt"},{"$i":"transfer-has-started-title","$v":"Overførsel startet"},{"$i":"transfer-has-started-description","$v":"Se fremgangen i meddelelsescenteret"},{"$i":"transferFinished-sentSuccessful-title","$v":"Fil sendt"},{"$i":"transferFinished-receivedSuccessful-title","$v":"Fil modtaget"},{"$i":"transferFinished-sentFailed-title","$v":"Filen kunne ikke sendes"},{"$i":"transferFinished-receivedFailed-title","$v":"Filen kunne ikke modtages"},{"$i":"transferReport-title","$v":"Overførselsrapport:"},{"$i":"transferReport-description","$v":[{"t":"idOrVar","v":"numSuccessful"}," filer overført, ",{"t":"idOrVar","v":"numUnsuccessful"}," filer ikke overført"]},{"$i":"unknown-file","$v":"Ukendt fil"},{"$i":"unknown-device","$v":"Ukendt enhed"},{"$i":"cannotOpenFile","$v":"Kan ikke åbne den modtagede fil"},{"$i":"unknownMediaTypeToOpenFile","$v":["Kan ikke åbne den ukendte filtype: ",{"t":"idOrVar","v":"fileName"}]},{"$i":"cannotReceiveFile","$v":"Kan ikke modtage fil"},{"$i":"cannotGetStorageState","$v":"Kan ikke hente enhedens lagerstatus."},{"$i":"sdcard-not-exist2","$v":"Hukommelseskort ikke fundet. Indsæt et hukommelseskort."},{"$i":"sdcard-in-use","$v":"Bluetooth kan ikke bruges, mens telefonen er tilsluttet. Frakobl telefonen for at modtage fil(er)."},{"$i":"sdcard-no-space2","$v":"Kan ikke afslutte overførsel. Hukommelseskortet er fyldt op."},{"$i":"unknown-error","$v":"Ukendt fejl"},{"$i":"confirm","$v":"Bekræft"},{"$i":"sdcard-detected-title","$v":"SD-kort fundet"},{"$i":"sdcard-total-size-body","$v":["Størrelse i alt: ",{"t":"idOrVar","v":"size"}," ",{"t":"idOrVar","v":"unit"}]},{"$i":"sdcard-unknown-size-then-tap-to-format-body","$v":"Ukendt størrelse, tryk for at formatere"},{"$i":"sdcard-removed-title","$v":"SD-kort fjernet"},{"$i":"sdcard-removed-ejected-successfully","$v":"Fjernet korrekt"},{"$i":"sdcard-removed-not-ejected-properly","$v":"Ikke fjernet korrekt"},{"$i":"microphone-is-on","$v":"Mikrofon er tændt"},{"$i":"camera-is-on","$v":"Kamera er tændt"},{"$i":"media-is-on","$v":"Kamera og mikrofon er tændt"},{"$i":"noSimCard","$v":"Intet simkort"},{"$i":"simPin","$v":"Pinkode til simkort"},{"$i":"pukCode","$v":"PUK-kode"},{"$i":"nckCode","$v":"NCK-kode"},{"$i":"cckCode","$v":"CCK-kode"},{"$i":"spckCode","$v":"SPCK-kode"},{"$i":"nck1code","$v":"NCK1-kode"},{"$i":"nck2code","$v":"NCK2-kode"},{"$i":"hnckcode","$v":"HNCK-kode"},{"$i":"rcckcode","$v":"RCCK-kode"},{"$i":"rspckcode","$v":"RSPCK-kode"},{"$i":"whatIsSimPin","$v":"Hvad er en pinkode til simkortet?"},{"$i":"simPinIntro1","$v":"Pinkoden til simkortet forhindrer uvedkommende at bruge simkortet til at gå på netværket. Når pinkoden er aktiveret, skal koden indtastes ved start, før enheden kan bruges - uanset hvilken enhed kortet indsættes i."},{"$i":"simPinIntro2","$v":"En pinkode til simkortet er ikke det samme som en adgangskode til at låse en enhed op."},{"$i":"changeSimPin","$v":"Skift pinkode"},{"$i":"pinTitle","$v":"Pinkode til simkort"},{"$i":"multiSIMpinTitle","$v":["Pinkode til simkort ",{"t":"idOrVar","v":"n"}]},{"$i":"pukTitle","$v":"Indtast PUK-kode"},{"$i":"nckTitle","$v":"Indtast NCK-kode"},{"$i":"cckTitle","$v":"Indtast CCK-kode"},{"$i":"spckTitle","$v":"Indtast SPCK-kode"},{"$i":"nck1Title","$v":"Indtast NCK1-kode"},{"$i":"nck2Title","$v":"Indtast NCK2-kode"},{"$i":"hnckTitle","$v":"Indtast HNCK-kode"},{"$i":"rcckTitle","$v":"Indtast RCCK-kode"},{"$i":"rspckTitle","$v":"Indtast RSPCK-kode"},{"$i":"newpinTitle","$v":"Ny pinkode"},{"$i":"inputCodeRetriesLeft","$v":{"one":"Sidste forsøg.","two":[{"t":"idOrVar","v":"n"}," forsøg tilbage."],"few":[{"t":"idOrVar","v":"n"}," forsøg tilbage."],"many":[{"t":"idOrVar","v":"n"}," forsøg tilbage."],"other":[{"t":"idOrVar","v":"n"}," forsøg tilbage."]},"$x":[{"t":"idOrVar","v":"plural"},"n"]},{"$i":"pinErrorMsg","$v":"Forkert pinkode."},{"$i":"pinAttemptMsg2","$v":{"one":"Du har 1 forsøg tilbage til at indtaste den korrekte kode, før simkortet låses.","two":["Du har ",{"t":"idOrVar","v":"n"}," forsøg tilbage til at indtaste den korrekte kode, før simkortet låses."],"few":["Du har ",{"t":"idOrVar","v":"n"}," forsøg tilbage til at indtaste den korrekte kode, før simkortet låses."],"many":["Du har ",{"t":"idOrVar","v":"n"}," forsøg tilbage til at indtaste den korrekte kode, før simkortet låses."],"other":["Du har ",{"t":"idOrVar","v":"n"}," forsøg tilbage til at indtaste den korrekte kode, før simkortet låses."]},"$x":[{"t":"idOrVar","v":"plural"},"n"]},{"$i":"pinLastChanceMsg","$v":"Dette er din sidste mulighed for at indtaste den korrekte kode. Ellers låses simkortet, og du skal indtaste PUK-koden for atter at kunne bruge simkortet."},{"$i":"simCardLockedMsg","$v":"Simkortet er låst."},{"$i":"enterPukMsg","$v":"Du skal indtaste din Personal Unlocking Key (PUK-kode) til simkortet. Tjek dokumentationen for dit simkort, eller kontakt din operatør for yderligere information."},{"$i":"pukErrorMsg","$v":"Forkert PUK-kode."},{"$i":"pukAttemptMsg2","$v":{"one":"Du har 1 forsøg tilbage til at indtaste den korrekte PUK-kode til dette simkort, før kortet låses for bestandigt. Tjek dokumentationen for dit simkort, eller kontakt din operatør for yderligere information.","two":["Du har ",{"t":"idOrVar","v":"n"}," forsøg tilbage til at indtaste den korrekte PUK-kode til dette simkort, før kortet låses for bestandigt. Tjek dokumentationen for dit simkort, eller kontakt din operatør for yderligere information."],"few":["Du har ",{"t":"idOrVar","v":"n"}," forsøg tilbage til at indtaste den korrekte PUK-kode til dette simkort, før kortet låses for bestandigt. Tjek dokumentationen for dit simkort, eller kontakt din operatør for yderligere information."],"many":["Du har ",{"t":"idOrVar","v":"n"}," forsøg tilbage til at indtaste den korrekte PUK-kode til dette simkort, før kortet låses for bestandigt. Tjek dokumentationen for dit simkort, eller kontakt din operatør for yderligere information."],"other":["Du har ",{"t":"idOrVar","v":"n"}," forsøg tilbage til at indtaste den korrekte PUK-kode til dette simkort, før kortet låses for bestandigt. Tjek dokumentationen for dit simkort, eller kontakt din operatør for yderligere information."]},"$x":[{"t":"idOrVar","v":"plural"},"n"]},{"$i":"pukLastChanceMsg","$v":"Dette er din sidste mulighed for at indtaste en korrekt PUK-kode. Hvis du indtaster en forkert PUK-kode, vil dit simkort blive låst for bestandigt. Tjek dokumentationen for dit simkort, eller kontakt din operatør for yderligere information."},{"$i":"newSimPinMsg","$v":"Opret en ny pinkode (4 til 8 cifre)"},{"$i":"confirmNewSimPinMsg","$v":"Bekræft ny pinkode"},{"$i":"newPinErrorMsg","$v":"Pinkoderne er ikke ens."},{"$i":"nckErrorMsg","$v":"Forkert NCK-kode."},{"$i":"nckAttemptMsg2","$v":{"one":"Unlock mislykkedes. Du har 1 forsøg tilbage til at indtaste den korrekte NCK-kode. Tjek dokumentationen for dit simkort, eller kontakt din operatør for yderligere information.","two":["Unlock mislykkedes. Du har ",{"t":"idOrVar","v":"n"}," forsøg tilbage til at indtaste den korrekte NCK-kode. Tjek dokumentationen for dit simkort, eller kontakt din operatør for yderligere information."],"few":["Unlock mislykkedes. Du har ",{"t":"idOrVar","v":"n"}," forsøg tilbage til at indtaste den korrekte NCK-kode. Tjek dokumentationen for dit simkort, eller kontakt din operatør for yderligere information."],"many":["Unlock mislykkedes. Du har ",{"t":"idOrVar","v":"n"}," forsøg tilbage til at indtaste den korrekte NCK-kode. Tjek dokumentationen for dit simkort, eller kontakt din operatør for yderligere information."],"other":["Unlock mislykkedes. Du har ",{"t":"idOrVar","v":"n"}," forsøg tilbage til at indtaste den korrekte NCK-kode. Tjek dokumentationen for dit simkort, eller kontakt din operatør for yderligere information."]},"$x":[{"t":"idOrVar","v":"plural"},"n"]},{"$i":"nckLastChanceMsg","$v":"Unlock mislykkedes. Dette er din sidste mulighed for at indtaste den korrekte NCK-kode. Tjek dokumentationen for dit simkort, eller kontakt din operatør for yderligere information."},{"$i":"activity-pick","$v":"Vælg fra:"},{"$i":"activity-view","$v":"Vis med:"},{"$i":"activity-test","$v":"Test med:"},{"$i":"activity-share","$v":"Del med:"},{"$i":"activity-new","$v":"Opret med:"},{"$i":"activity-open","$v":"Åbn med:"},{"$i":"activity-save-bookmark","$v":"Genvej til:"},{"$i":"activity-record","$v":"Optag fra:"},{"$i":"activity-browse","$v":"Browse med:"},{"$i":"activity-configure","$v":"Indstil med:"},{"$i":"activity-dial","$v":"Ring fra:"},{"$i":"persona-signin","$v":"Log ind"},{"$i":"payment-flow","$v":"Køb"},{"$i":"remoteDebuggerPromptUSB","$v":"Allow USB debugging connection?"},{"$i":"remoteDebuggerPromptTCP","$v":["Allow remote debugging connection from ",{"t":"idOrVar","v":"host"},":",{"t":"idOrVar","v":"port"},"?"]},{"$i":"devtools-auth-scan2","$v":"Scanning for the QR code displayed on your other device…"},{"$i":"fullscreen-request","$v":[{"t":"idOrVar","v":"origin"}," vises nu i fuldskærm."]},{"$i":"captive-wifi-available","$v":["Netværket ",{"t":"idOrVar","v":"networkName"}," blev fundet. Kobl på netværket?"]},{"$i":"ceWarningtitle","$v":"Advarsel om lydstyrke"},{"$i":"ceWarningcontent","$v":"Undlad at benytte høj lydstyrke i længere tid ad gangen, da det kan forårsage høreskader."},{"$i":"notification-powersaving-mode-on-title","$v":"Strømbesparende tilstand"},{"$i":"notification-powersaving-mode-on-description","$v":"Strømbesparende tilstand er aktiveret."},{"$i":"low-device-storage","$v":"Enhedens lagerplads.\\n"},{"$i":"free-space","$v":{"zero":"Der er ingen ledig lagerplads.","one":["Mindre end ",{"t":"idOrVar","v":"value"}," ",{"t":"idOrVar","v":"unit"}," tilbage."],"two":["Mindre end ",{"t":"idOrVar","v":"value"}," ",{"t":"idOrVar","v":"unit"}," tilbage."],"few":["Mindre end ",{"t":"idOrVar","v":"value"}," ",{"t":"idOrVar","v":"unit"}," tilbage."],"many":["Mindre end ",{"t":"idOrVar","v":"value"}," ",{"t":"idOrVar","v":"unit"}," tilbage."],"other":["Mindre end ",{"t":"idOrVar","v":"value"}," ",{"t":"idOrVar","v":"unit"}," tilbage."]},"$x":[{"t":"idOrVar","v":"plural"},"value"]},{"$i":"unknown-free-space","$v":"Ukendt ledig lagerplads."},{"$i":"system-alert","$v":"System-advarsel"},{"$i":"cb-channel","$v":["Kanal ",{"t":"idOrVar","v":"channel"}]},{"$i":"cb-etws-warningType-earthquake","$v":"Advarsel, jordskælv!"},{"$i":"cb-etws-warningType-tsunami","$v":"Advarsel, tsunami!"},{"$i":"cb-etws-warningType-earthquake-tsunami","$v":"Advarsel, jordskælv med tsunami!"},{"$i":"cb-etws-warningType-test","$v":"Advarselssystemet testes."},{"$i":"cb-etws-warningType-other","$v":"Advarsel, nødsituation!"},{"$i":"icc-message-maintitle","$v":"Operatørbesked"},{"$i":"icc-message-subtitle","$v":["simkort ",{"t":"idOrVar","v":"id"}]},{"$i":"icc-confirmCall-defaultmessage","$v":["Ring til ",{"t":"idOrVar","v":"number"},"?"]},{"$i":"icc-alertMessage-send-ss","$v":"Send SS"},{"$i":"icc-alertMessage-send-ussd","$v":"Send USSD"},{"$i":"icc-alertMessage-send-sms","$v":"Send SMS"},{"$i":"icc-confirmMessage-defaultmessage","$v":"Send besked?"},{"$i":"icc-inputbox-maintitle","$v":"STK-forespørgsel"},{"$i":"icc-inputbox-subtitle","$v":["simkort ",{"t":"idOrVar","v":"id"}]},{"$i":"emergency-callback-mode","$v":"Nødopkaldsfunktion"},{"$i":"emergency-callback-message","$v":"Du kan ikke foretage opkald, sende beskeder eller gå på internettet, fordi nødopkaldsfunktion er aktiveret. Vil du deaktivere nødopkaldsfunktion?"},{"$i":"cdma-record-info","$v":"CDMA-information"},{"$i":"ime-switching-title","$v":[{"t":"idOrVar","v":"appName"},": ",{"t":"idOrVar","v":"name"}]},{"$i":"ime-switching-tip","$v":"Tryk for at skifte indput-metode"},{"$i":"shrinking-tip","$v":"Stryg for at dele"},{"$i":"download_started","$v":"Hentning startet"},{"$i":"download_stopped","$v":"Hentning stoppet"},{"$i":"download_downloading","$v":"Henter…"},{"$i":"download_succeeded","$v":"Hentning fuldført"},{"$i":"download_failed","$v":"Hentning mislykkedes"},{"$i":"download_text_by_default","$v":[{"t":"idOrVar","v":"name"}]},{"$i":"download_downloading_text_2","$v":[{"t":"idOrVar","v":"percentage"},"% - ",{"t":"idOrVar","v":"name"}]},{"$i":"search-the-web","$v":"Søg på nettet"},{"$i":"search-or-enter-address","$v":"Søg eller indtast adresse","placeholder":"Søg eller indtast adresse"},{"$i":"back-button","ariaLabel":"Tilbage"},{"$i":"forward-button","ariaLabel":"Frem"},{"$i":"reload-button","ariaLabel":"Genindlæs"},{"$i":"stop-button","ariaLabel":"Stop"},{"$i":"windows-button","ariaLabel":"Vis vinduer"},{"$i":"noHotspotWhenAPMisOnWifiHotspot","$v":"Du skal deaktivere flytilstand for at kunne bruge wi-fi-hotspot."},{"$i":"apmActivated","$v":"Flytilstand aktiveret"},{"$i":"open-in-new-window","$v":"Åbn i et nyt vindue"},{"$i":"open-in-new-private-window","$v":"Åbn i et nyt privat vindue"},{"$i":"add-link-to-home-screen","$v":"Føj link til startskærm"},{"$i":"share-link","$v":"Del link"},{"$i":"save-image","$v":"Gem billede"},{"$i":"save-video","$v":"Gem video"},{"$i":"save-audio","$v":"Gem lyd"},{"$i":"save-link","$v":"Gem linket fil"},{"$i":"share-image","$v":"Del billede"},{"$i":"share-video","$v":"Del video"},{"$i":"share-audio","$v":"Del lyd"},{"$i":"private-window","$v":"Privat vindue"},{"$i":"private-browser-title","$v":"Du browser privat"},{"$i":"private-window-detail1","$v":"Browseren vil ikke gemme historik, cookies og midlertidige internetfiler."},{"$i":"private-window-detail2","$v":"Selvom denne enhed ikke vil gemme din historik, kan din internetudbyder stadig spore, hvilke sider du besøger."},{"$i":"okCharsLeft","$v":["OK (",{"t":"idOrVar","v":"n"},")"]},{"$i":"network-error-in-app","$v":"Der er ikke forbindelse til internettet."},{"$i":"network-error-launching","$v":[{"t":"idOrVar","v":"name"}," kræver en internetforbindelse."]},{"$i":"server-not-found","$v":"Server ikke fundet"},{"$i":"server-not-found-error","$v":["Kan ikke finde serveren på ",{"t":"idOrVar","v":"name"},"."]},{"$i":"file-not-found","$v":"Filen blev ikke fundet"},{"$i":"file-not-found-error","$v":"Enheden kan ikke vise denne side, fordi filen ikke kan findes."},{"$i":"connection-failed","$v":"Kan ikke forbinde"},{"$i":"connection-failed-error","$v":"Der opstod en netværksfejl ved indlæsning af webstedet."},{"$i":"invalid-connection","$v":"Kan ikke forbinde"},{"$i":"invalid-connection-error","$v":"Der opstod en netværksfejl ved indlæsning af webstedet."},{"$i":"malformed-uri","$v":"Ugyldig URL"},{"$i":"malformed-uri-error","$v":"Den angivne URL er ugyldig og kan ikke indlæses."},{"$i":"redirect-loop","$v":"Kan ikke vise side"},{"$i":"redirect-loop-error","$v":"Enheden kan ikke vise denne side, fordi siden ikke viderestiller korrekt. Prøv igen senere."},{"$i":"not-cached","$v":"Siden er udløbet"},{"$i":"not-cached-error","$v":"Af sikkerhedsgrunde kan siden ikke vises af enheden, fordi siden er udløbet."},{"$i":"is-printing-error","$v":"Dokumentet kan ikke ændres, mens der udskrives eller funktionen vis udskrift er aktiv."},{"$i":"denied-port-access","$v":"Adressen er blokeret"},{"$i":"denied-port-access-error","$v":"Denne adresse benytter en netværksport, der normalt er forbeholdt andre formål. Enheden har annulleret forespørgslen for at beskytte dig."},{"$i":"proxy-resolve-failure","$v":"Fejl på proxyserver"},{"$i":"proxy-resolve-failure-error","$v":"Enheden er konfigureret til at benytte en proxyserver, der ikke kan findes."},{"$i":"proxy-connect-failure","$v":"Fejl på proxyserver"},{"$i":"proxy-connect-failure-error","$v":"Enheden er konfigureret til at benytte en proxyserver, der ikke tillader forbindelser."},{"$i":"content-encoding","$v":"Siden kan ikke vises"},{"$i":"content-encoding-error","$v":"Enheden kan ikke vise siden, fordi der opstod en indholdskodningsfejl."},{"$i":"remote-xul","$v":"Ikke understøttet side"},{"$i":"remote-xul-error","$v":"Siden kan ikke vises, fordi den bruger en teknologi, som ikke er understøttet på denne enhed."},{"$i":"phishing-blocked","$v":"Advarsel"},{"$i":"phishing-blocked-error","$v":"Dette websted er blevet rapporteret som en forfalskning med henblik på at narre folk til at oplyse deres personlige eller økonomiske informationer."},{"$i":"malware-blocked","$v":"Malware-angreb blokeret"},{"$i":"malware-blocked-error","$v":"Dette websted er blevet identificeret som indeholdende malware, og er blevet blokeret af hensyn til din sikkerhed."},{"$i":"unsafe-content-type","$v":"Farligt indhold"},{"$i":"unsafe-content-type-error","$v":"Denne side kan ikke vises, da det kan være farligt at åbne den."},{"$i":"corrupted-content","$v":"Siden kan ikke vises"},{"$i":"corrupted-content-error","$v":"Siden kan ikke vises, da der opstod en fejl i overførslen."},{"$i":"try-again","$v":"Prøv igen"},{"$i":"check-settings","$v":"Kontroller indstillinger"},{"$i":"accessibility-enableScreenReaderSteps","$v":"Tryk på lydstyrke op og herefter tre gange på lydstyrke ned for at aktivere skærmlæseren"},{"$i":"accessibility-disableScreenReaderSteps","$v":"Tryk på lydstyrke op og herefter tre gange på lydstyrke ned for at deaktivere skærmlæseren"},{"$i":"accessibility-screenReaderStarted","$v":"Skærmlæser startet"},{"$i":"accessibility-screenReaderStopped","$v":"Skærmlæser stoppet"},{"$i":"accessibility-menubar","$v":"menulinje"},{"$i":"accessibility-scrollbar","$v":"rullepanel"},{"$i":"accessibility-grip","$v":"greb"},{"$i":"accessibility-alert","$v":"besked"},{"$i":"accessibility-menupopup","$v":"pop op-menu"},{"$i":"accessibility-document","$v":"dokument"},{"$i":"accessibility-pane","$v":"rude"},{"$i":"accessibility-dialog","$v":"dialog"},{"$i":"accessibility-separator","$v":"separator"},{"$i":"accessibility-toolbar","$v":"værktøjslinje"},{"$i":"accessibility-statusbar","$v":"statuslinje"},{"$i":"accessibility-table","$v":"tabel"},{"$i":"accessibility-columnheader","$v":"kolonneoverskrift"},{"$i":"accessibility-rowheader","$v":"rækkeoverskrift"},{"$i":"accessibility-column","$v":"kolonne"},{"$i":"accessibility-row","$v":"række"},{"$i":"accessibility-cell","$v":"celle"},{"$i":"accessibility-link","$v":"link"},{"$i":"accessibility-list","$v":"liste"},{"$i":"accessibility-listitem","$v":"listepunkt"},{"$i":"accessibility-outline","$v":"oversigt"},{"$i":"accessibility-outlineitem","$v":"oversigtspunkt"},{"$i":"accessibility-pagetab","$v":"faneblad"},{"$i":"accessibility-propertypage","$v":"egenskabsside"},{"$i":"accessibility-graphic","$v":"grafik"},{"$i":"accessibility-pushbutton","$v":"knap"},{"$i":"accessibility-checkbutton","$v":"afkrydsningsfelt"},{"$i":"accessibility-radiobutton","$v":"alternativknap"},{"$i":"accessibility-combobox","$v":"kombinationsboks"},{"$i":"accessibility-progressbar","$v":"aktivitetslinje"},{"$i":"accessibility-slider","$v":"forskyder"},{"$i":"accessibility-spinbutton","$v":"rotationsknap"},{"$i":"accessibility-diagram","$v":"diagram"},{"$i":"accessibility-animation","$v":"animation"},{"$i":"accessibility-equation","$v":"ligning"},{"$i":"accessibility-buttonmenu","$v":"knapmenu"},{"$i":"accessibility-whitespace","$v":"mellemrum"},{"$i":"accessibility-pagetablist","$v":"fanebladsliste"},{"$i":"accessibility-canvas","$v":"lærred"},{"$i":"accessibility-checkmenuitem","$v":"afkrydsningsmenupunkt"},{"$i":"accessibility-label","$v":"etiket"},{"$i":"accessibility-passwordtext","$v":"adgangskodetekst"},{"$i":"accessibility-radiomenuitem","$v":"valgmulighedsmenupunkt"},{"$i":"accessibility-textcontainer","$v":"tekstboks"},{"$i":"accessibility-togglebutton","$v":"skifteknap"},{"$i":"accessibility-treetable","$v":"trætabel"},{"$i":"accessibility-header","$v":"hoved"},{"$i":"accessibility-footer","$v":"fod"},{"$i":"accessibility-paragraph","$v":"afsnit"},{"$i":"accessibility-entry","$v":"inddatering"},{"$i":"accessibility-caption","$v":"figurtekst"},{"$i":"accessibility-heading","$v":"overskrift"},{"$i":"accessibility-section","$v":"sektion"},{"$i":"accessibility-form","$v":"formular"},{"$i":"accessibility-comboboxlist","$v":"liste til kombinationsboks"},{"$i":"accessibility-comboboxoption","$v":"valgmulighed i kombinationsboks"},{"$i":"accessibility-imagemap","$v":"billedkort"},{"$i":"accessibility-listboxoption","$v":"punkt i valgmulighedsliste"},{"$i":"accessibility-listbox","$v":"valgmulighedsliste"},{"$i":"accessibility-flatequation","$v":"flad ligning"},{"$i":"accessibility-gridcell","$v":"celle i tern"},{"$i":"accessibility-note","$v":"note"},{"$i":"accessibility-figure","$v":"figur"},{"$i":"accessibility-definitionlist","$v":"definitionsliste"},{"$i":"accessibility-term","$v":"term"},{"$i":"accessibility-definition","$v":"definition"},{"$i":"accessibility-textarea","$v":"tekstfelt"},{"$i":"accessibility-textInputType_date","$v":"dato"},{"$i":"accessibility-textInputType_email","$v":"mail"},{"$i":"accessibility-textInputType_search","$v":"søg"},{"$i":"accessibility-textInputType_tel","$v":"telefon"},{"$i":"accessibility-textInputType_url","$v":"URL"},{"$i":"accessibility-headingLevel","$v":["overskrift niveau ",{"t":"idOrVar","v":"0"}]},{"$i":"accessibility-listStart","$v":"Første objekt"},{"$i":"accessibility-listEnd","$v":"Sidste objekt"},{"$i":"accessibility-listItemsCount","$v":{"zero":[{"t":"idOrVar","v":"count"}," objekt"],"one":[{"t":"idOrVar","v":"count"}," objekt"],"two":[{"t":"idOrVar","v":"count"}," objekter"],"few":[{"t":"idOrVar","v":"count"}," objekter"],"many":[{"t":"idOrVar","v":"count"}," objekter"],"other":[{"t":"idOrVar","v":"count"}," objekter"]},"$x":[{"t":"idOrVar","v":"plural"},"count"]},{"$i":"accessibility-objItemOfN","$v":[{"t":"idOrVar","v":"0"}," af ",{"t":"idOrVar","v":"1"}]},{"$i":"accessibility-banner","$v":"banner"},{"$i":"accessibility-complementary","$v":"komplementær"},{"$i":"accessibility-contentinfo","$v":"indholdsinformation"},{"$i":"accessibility-main","$v":"hoveddel"},{"$i":"accessibility-navigation","$v":"navigation"},{"$i":"accessibility-search","$v":"søg"},{"$i":"accessibility-tblColumnInfo","$v":{"zero":["med ",{"t":"idOrVar","v":"count"}," kolonner"],"one":["med ",{"t":"idOrVar","v":"count"}," kolonne"],"two":["med ",{"t":"idOrVar","v":"count"}," kolonner"],"few":["med ",{"t":"idOrVar","v":"count"}," kolonner"],"many":["med ",{"t":"idOrVar","v":"count"}," kolonner"],"other":["med ",{"t":"idOrVar","v":"count"}," kolonner"]},"$x":[{"t":"idOrVar","v":"plural"},"count"]},{"$i":"accessibility-tblRowInfo","$v":{"zero":["og ",{"t":"idOrVar","v":"count"}," rækker"],"one":["og ",{"t":"idOrVar","v":"count"}," række"],"two":["og ",{"t":"idOrVar","v":"count"}," rækker"],"few":["og ",{"t":"idOrVar","v":"count"}," rækker"],"many":["og ",{"t":"idOrVar","v":"count"}," rækker"],"other":["og ",{"t":"idOrVar","v":"count"}," rækker"]},"$x":[{"t":"idOrVar","v":"plural"},"count"]},{"$i":"accessibility-columnInfo","$v":["Kolonne ",{"t":"idOrVar","v":"0"}]},{"$i":"accessibility-rowInfo","$v":["Række ",{"t":"idOrVar","v":"0"}]},{"$i":"accessibility-spansColumns","$v":{"zero":["fylder ",{"t":"idOrVar","v":"0"}," kolonner"],"one":["fylder ",{"t":"idOrVar","v":"0"}," kolonne"],"two":["fylder ",{"t":"idOrVar","v":"0"}," kolonner"],"few":["fylder ",{"t":"idOrVar","v":"0"}," kolonner"],"many":["fylder ",{"t":"idOrVar","v":"0"}," kolonner"],"other":["fylder ",{"t":"idOrVar","v":"0"}," kolonner"]},"$x":[{"t":"idOrVar","v":"plural"},"0"]},{"$i":"accessibility-spansRows","$v":{"zero":["fylder ",{"t":"idOrVar","v":"0"}," rækker"],"one":["fylder ",{"t":"idOrVar","v":"0"}," række"],"two":["fylder ",{"t":"idOrVar","v":"0"}," rækker"],"few":["fylder ",{"t":"idOrVar","v":"0"}," rækker"],"many":["fylder ",{"t":"idOrVar","v":"0"}," rækker"],"other":["fylder ",{"t":"idOrVar","v":"0"}," rækker"]},"$x":[{"t":"idOrVar","v":"plural"},"0"]},{"$i":"accessibility-jumpAction","$v":"hoppede"},{"$i":"accessibility-pressAction","$v":"trykkede"},{"$i":"accessibility-checkAction","$v":"markerede"},{"$i":"accessibility-uncheckAction","$v":"afmarkerede"},{"$i":"accessibility-selectAction","$v":"valgte"},{"$i":"accessibility-unselectAction","$v":"fravalgte"},{"$i":"accessibility-openAction","$v":"åbnede"},{"$i":"accessibility-closeAction","$v":"lukkede"},{"$i":"accessibility-switchAction","$v":"skiftede"},{"$i":"accessibility-clickAction","$v":"klikkede"},{"$i":"accessibility-collapseAction","$v":"sammenfoldede"},{"$i":"accessibility-expandAction","$v":"udfoldede"},{"$i":"accessibility-activateAction","$v":"aktiverede"},{"$i":"accessibility-cycleAction","$v":"cyklede"},{"$i":"accessibility-hidden","$v":"skjult"},{"$i":"accessibility-tabLoading","$v":"indlæser"},{"$i":"accessibility-tabLoaded","$v":"indlæst"},{"$i":"accessibility-tabNew","$v":"ny fane"},{"$i":"accessibility-tabLoadStopped","$v":"Indlæsning stoppet"},{"$i":"accessibility-tabReload","$v":"genindlæser"},{"$i":"accessibility-stateChecked","$v":"markeret"},{"$i":"accessibility-stateNotChecked","$v":"ikke markeret"},{"$i":"accessibility-statePressed","$v":"trykket"},{"$i":"accessibility-stateExpanded","$v":"udvidet"},{"$i":"accessibility-stateCollapsed","$v":"sammenfoldet"},{"$i":"accessibility-stateUnavailable","$v":"ikke tilgængelig"},{"$i":"accessibility-stateRequired","$v":"påkrævet"},{"$i":"accessibility-stateTraversed","$v":"besøgt"},{"$i":"accessibility-stateHasPopup","$v":"har pop op"},{"$i":"accessibility-stateSelected","$v":"markeret"},{"$i":"accessibility-editingMode","$v":"redigering"},{"$i":"accessibility-navigationMode","$v":"navigering"},{"$i":"accessibility-quicknav_Simple","$v":"Standard"},{"$i":"accessibility-quicknav_Anchor","$v":"Ankre"},{"$i":"accessibility-quicknav_Button","$v":"Knapper"},{"$i":"accessibility-quicknav_Combobox","$v":"Kombinationsboks"},{"$i":"accessibility-quicknav_Landmark","$v":"Områder"},{"$i":"accessibility-quicknav_Entry","$v":"Punkter"},{"$i":"accessibility-quicknav_FormElement","$v":"Formularelementer"},{"$i":"accessibility-quicknav_Graphic","$v":"Billeder"},{"$i":"accessibility-quicknav_Heading","$v":"Overskrifter"},{"$i":"accessibility-quicknav_ListItem","$v":"Listeelementer"},{"$i":"accessibility-quicknav_Link","$v":"Links"},{"$i":"accessibility-quicknav_List","$v":"Lister"},{"$i":"accessibility-quicknav_PageTab","$v":"Faneblade"},{"$i":"accessibility-quicknav_RadioButton","$v":"Radioknapper"},{"$i":"accessibility-quicknav_Separator","$v":"Separatorer"},{"$i":"accessibility-quicknav_Table","$v":"Tabeller"},{"$i":"accessibility-quicknav_Checkbox","$v":"Afkrydsningsfelter"},{"$i":"accessibility-menubarAbbr","$v":"menu bar"},{"$i":"accessibility-scrollbarAbbr","$v":"rullepanel"},{"$i":"accessibility-gripAbbr","$v":"greb"},{"$i":"accessibility-alertAbbr","$v":"besked"},{"$i":"accessibility-menupopupAbbr","$v":"pop op-menu"},{"$i":"accessibility-documentAbbr","$v":"dokument"},{"$i":"accessibility-paneAbbr","$v":"rude"},{"$i":"accessibility-dialogAbbr","$v":"dialog"},{"$i":"accessibility-separatorAbbr","$v":"separator"},{"$i":"accessibility-toolbarAbbr","$v":"værktøjslinje"},{"$i":"accessibility-statusbarAbbr","$v":"statuslinje"},{"$i":"accessibility-tableAbbr","$v":"tbl"},{"$i":"accessibility-columnheaderAbbr","$v":"kolonneoverskrift"},{"$i":"accessibility-rowheaderAbbr","$v":"rækkeoverskrift"},{"$i":"accessibility-columnAbbr","$v":"kolonne"},{"$i":"accessibility-rowAbbr","$v":"række"},{"$i":"accessibility-cellAbbr","$v":"celle"},{"$i":"accessibility-linkAbbr","$v":"lnk"},{"$i":"accessibility-listAbbr","$v":"liste"},{"$i":"accessibility-listitemAbbr","$v":"listepunkt"},{"$i":"accessibility-outlineAbbr","$v":"oversigt"},{"$i":"accessibility-outlineitemAbbr","$v":"oversigtspunkt"},{"$i":"accessibility-pagetabAbbr","$v":"faneblad"},{"$i":"accessibility-propertypageAbbr","$v":"egenskabsside"},{"$i":"accessibility-graphicAbbr","$v":"grafik"},{"$i":"accessibility-pushbuttonAbbr","$v":"btn"},{"$i":"accessibility-checkbuttonAbbr","$v":"afkrydsningsfelt"},{"$i":"accessibility-radiobuttonAbbr","$v":"alternativknap"},{"$i":"accessibility-comboboxAbbr","$v":"kombinationsboks"},{"$i":"accessibility-progressbarAbbr","$v":"aktivitetslinje"},{"$i":"accessibility-sliderAbbr","$v":"forskyder"},{"$i":"accessibility-spinbuttonAbbr","$v":"rotationsknap"},{"$i":"accessibility-diagramAbbr","$v":"diagram"},{"$i":"accessibility-animationAbbr","$v":"animation"},{"$i":"accessibility-equationAbbr","$v":"ligning"},{"$i":"accessibility-buttonmenuAbbr","$v":"knapmenu"},{"$i":"accessibility-whitespaceAbbr","$v":"mellemrum"},{"$i":"accessibility-pagetablistAbbr","$v":"fanebladsliste"},{"$i":"accessibility-canvasAbbr","$v":"lærred"},{"$i":"accessibility-checkmenuitemAbbr","$v":"afkrydsningsmenupunkt"},{"$i":"accessibility-labelAbbr","$v":"etiket"},{"$i":"accessibility-passwordtextAbbr","$v":"passwdtxt"},{"$i":"accessibility-radiomenuitemAbbr","$v":"valgmulighedsmenupunkt"},{"$i":"accessibility-textcontainerAbbr","$v":"tekstboks"},{"$i":"accessibility-togglebuttonAbbr","$v":"skifteknap"},{"$i":"accessibility-treetableAbbr","$v":"trætabel"},{"$i":"accessibility-headerAbbr","$v":"hoved"},{"$i":"accessibility-footerAbbr","$v":"fod"},{"$i":"accessibility-paragraphAbbr","$v":"afsnit"},{"$i":"accessibility-entryAbbr","$v":"inddatering"},{"$i":"accessibility-captionAbbr","$v":"figurtekst"},{"$i":"accessibility-headingAbbr","$v":"overskrift"},{"$i":"accessibility-sectionAbbr","$v":"sektion"},{"$i":"accessibility-formAbbr","$v":"formular"},{"$i":"accessibility-comboboxlistAbbr","$v":"liste til kombinationsboks"},{"$i":"accessibility-comboboxoptionAbbr","$v":"valgmulighed i kombinationsboks"},{"$i":"accessibility-imagemapAbbr","$v":"imgmap"},{"$i":"accessibility-listboxoptionAbbr","$v":"option"},{"$i":"accessibility-listboxAbbr","$v":"valgmulighedsliste"},{"$i":"accessibility-flatequationAbbr","$v":"flad ligning"},{"$i":"accessibility-gridcellAbbr","$v":"celle i tern"},{"$i":"accessibility-noteAbbr","$v":"note"},{"$i":"accessibility-figureAbbr","$v":"fig"},{"$i":"accessibility-definitionlistAbbr","$v":"definitionsliste"},{"$i":"accessibility-termAbbr","$v":"term"},{"$i":"accessibility-definitionAbbr","$v":"definition"},{"$i":"accessibility-textareaAbbr","$v":"txtarea"},{"$i":"accessibility-tblColumnInfoAbbr","$v":{"one":[{"t":"idOrVar","v":"count"},"k"],"two":[{"t":"idOrVar","v":"count"},"k"],"few":[{"t":"idOrVar","v":"count"},"k"],"many":[{"t":"idOrVar","v":"count"},"k"],"other":[{"t":"idOrVar","v":"count"},"k"]},"$x":[{"t":"idOrVar","v":"plural"},"count"]},{"$i":"accessibility-tblRowInfoAbbr","$v":{"one":[{"t":"idOrVar","v":"count"},"r"],"two":[{"t":"idOrVar","v":"count"},"r"],"few":[{"t":"idOrVar","v":"count"},"r"],"many":[{"t":"idOrVar","v":"count"},"r"],"other":[{"t":"idOrVar","v":"count"},"r"]},"$x":[{"t":"idOrVar","v":"plural"},"count"]},{"$i":"accessibility-cellInfoAbbr","$v":["k",{"t":"idOrVar","v":"0"},"r",{"t":"idOrVar","v":"1"}]},{"$i":"accessibility-stateCheckedAbbr","$v":"(x)"},{"$i":"accessibility-stateUncheckedAbbr","$v":"( )"},{"$i":"accessibility-statePressedAbbr","$v":"(x)"},{"$i":"accessibility-stateUnpressedAbbr","$v":"( )"},{"$i":"accessibility-pushbutton-hint","$v":"Double tap to activate"},{"$i":"accessibility-checkbutton-hint","$v":"Double tap to activate"},{"$i":"accessibility-combobox-hint","$v":"Double tap to activate"},{"$i":"accessibility-key-hint","$v":"Prese and hold to activate"},{"$i":"accessibility-link-hint","$v":"Double tap to activate"},{"$i":"accessibility-menuitem-hint","$v":"Double tap to activate"},{"$i":"accessibility-option-hint","$v":"Double tap to activate"},{"$i":"accessibility-radiobutton-hint","$v":"Double tap to activate"},{"$i":"accessibility-slider-hint","$v":"Swipe up to increase or down to decrease"},{"$i":"accessibility-spinbutton-hint","$v":"Swipe up to increase or down to decrease"},{"$i":"accessibility-pagetab-hint","$v":"Double tap to activate"},{"$i":"accessibility-entry-hint","$v":"Double tap to activate"},{"$i":"accessibility-outlineitem-hint","$v":"Double tap to activate"},{"$i":"weekday-0-long","$v":"Søndag"},{"$i":"weekday-1-long","$v":"Mandag"},{"$i":"weekday-2-long","$v":"Tirsdag"},{"$i":"weekday-3-long","$v":"Onsdag"},{"$i":"weekday-4-long","$v":"Torsdag"},{"$i":"weekday-5-long","$v":"Fredag"},{"$i":"weekday-6-long","$v":"Lørdag"},{"$i":"weekday-0-short","$v":"Søn"},{"$i":"weekday-1-short","$v":"Man"},{"$i":"weekday-2-short","$v":"Tir"},{"$i":"weekday-3-short","$v":"Ons"},{"$i":"weekday-4-short","$v":"Tor"},{"$i":"weekday-5-short","$v":"Fre"},{"$i":"weekday-6-short","$v":"Lør"},{"$i":"month-0-long","$v":"Januar"},{"$i":"month-1-long","$v":"Februar"},{"$i":"month-2-long","$v":"Marts"},{"$i":"month-3-long","$v":"April"},{"$i":"month-4-long","$v":"Maj"},{"$i":"month-5-long","$v":"Juni"},{"$i":"month-6-long","$v":"Juli"},{"$i":"month-7-long","$v":"August"},{"$i":"month-8-long","$v":"September"},{"$i":"month-9-long","$v":"Oktober"},{"$i":"month-10-long","$v":"November"},{"$i":"month-11-long","$v":"December"},{"$i":"month-0-genitive","$v":"januar"},{"$i":"month-1-genitive","$v":"februar"},{"$i":"month-2-genitive","$v":"marts"},{"$i":"month-3-genitive","$v":"april"},{"$i":"month-4-genitive","$v":"maj"},{"$i":"month-5-genitive","$v":"juni"},{"$i":"month-6-genitive","$v":"juli"},{"$i":"month-7-genitive","$v":"august"},{"$i":"month-8-genitive","$v":"september"},{"$i":"month-9-genitive","$v":"oktober"},{"$i":"month-10-genitive","$v":"november"},{"$i":"month-11-genitive","$v":"december"},{"$i":"month-0-short","$v":"Jan"},{"$i":"month-1-short","$v":"Feb"},{"$i":"month-2-short","$v":"Mar"},{"$i":"month-3-short","$v":"Apr"},{"$i":"month-4-short","$v":"Maj"},{"$i":"month-5-short","$v":"Jun"},{"$i":"month-6-short","$v":"Jul"},{"$i":"month-7-short","$v":"Aug"},{"$i":"month-8-short","$v":"Sep"},{"$i":"month-9-short","$v":"Okt"},{"$i":"month-10-short","$v":"Nov"},{"$i":"month-11-short","$v":"Dec"},{"$i":"minutes-ago-long","$v":{"zero":"nu","one":"for et minut siden","two":["for ",{"t":"idOrVar","v":"value"}," minutter siden"],"few":["for ",{"t":"idOrVar","v":"value"}," minutter siden"],"many":["for ",{"t":"idOrVar","v":"value"}," minutter siden"],"other":["for ",{"t":"idOrVar","v":"value"}," minutter siden"]},"$x":[{"t":"idOrVar","v":"plural"},"value"]},{"$i":"hours-ago-long","$v":{"zero":"nu","one":"for en time siden","two":["for ",{"t":"idOrVar","v":"value"}," timer siden"],"few":["for ",{"t":"idOrVar","v":"value"}," timer siden"],"many":["for ",{"t":"idOrVar","v":"value"}," timer siden"],"other":["for ",{"t":"idOrVar","v":"value"}," timer siden"]},"$x":[{"t":"idOrVar","v":"plural"},"value"]},{"$i":"days-ago-long","$v":{"zero":"i dag","one":"i går","two":["for ",{"t":"idOrVar","v":"value"}," dage siden"],"few":["for ",{"t":"idOrVar","v":"value"}," dage siden"],"many":["for ",{"t":"idOrVar","v":"value"}," dage siden"],"other":["for ",{"t":"idOrVar","v":"value"}," dage siden"]},"$x":[{"t":"idOrVar","v":"plural"},"value"]},{"$i":"weeks-ago-long","$v":{"zero":"denne uge","one":"sidste uge","two":["for ",{"t":"idOrVar","v":"value"}," uger siden"],"few":["for ",{"t":"idOrVar","v":"value"}," uger siden"],"many":["for ",{"t":"idOrVar","v":"value"}," uger siden"],"other":["for ",{"t":"idOrVar","v":"value"}," uger siden"]},"$x":[{"t":"idOrVar","v":"plural"},"value"]},{"$i":"months-ago-long","$v":{"zero":"denne måned","one":"sidste måned","two":["for ",{"t":"idOrVar","v":"value"}," måneder siden"],"few":["for ",{"t":"idOrVar","v":"value"}," måneder siden"],"many":["for ",{"t":"idOrVar","v":"value"}," måneder siden"],"other":["for ",{"t":"idOrVar","v":"value"}," måneder siden"]},"$x":[{"t":"idOrVar","v":"plural"},"value"]},{"$i":"years-ago-long","$v":{"zero":"dette år","one":"sidste år","two":["for ",{"t":"idOrVar","v":"value"}," år siden"],"few":["for ",{"t":"idOrVar","v":"value"}," år siden"],"many":["for ",{"t":"idOrVar","v":"value"}," år siden"],"other":["for ",{"t":"idOrVar","v":"value"}," år siden"]},"$x":[{"t":"idOrVar","v":"plural"},"value"]},{"$i":"minutes-until-long","$v":{"zero":"nu","one":"om et minut","two":["om ",{"t":"idOrVar","v":"value"}," minutter"],"few":["om ",{"t":"idOrVar","v":"value"}," minutter"],"many":["om ",{"t":"idOrVar","v":"value"}," minutter"],"other":["om ",{"t":"idOrVar","v":"value"}," minutter"]},"$x":[{"t":"idOrVar","v":"plural"},"value"]},{"$i":"hours-until-long","$v":{"zero":"nu","one":"om en time","two":["om ",{"t":"idOrVar","v":"value"}," timer"],"few":["om ",{"t":"idOrVar","v":"value"}," timer"],"many":["om ",{"t":"idOrVar","v":"value"}," timer"],"other":["om ",{"t":"idOrVar","v":"value"}," timer"]},"$x":[{"t":"idOrVar","v":"plural"},"value"]},{"$i":"days-until-long","$v":{"zero":"i dag","one":"i morgen","two":["om ",{"t":"idOrVar","v":"value"}," dage"],"few":["om ",{"t":"idOrVar","v":"value"}," dage"],"many":["om ",{"t":"idOrVar","v":"value"}," dage"],"other":["om ",{"t":"idOrVar","v":"value"}," dage"]},"$x":[{"t":"idOrVar","v":"plural"},"value"]},{"$i":"weeks-until-long","$v":{"zero":"denne uge","one":"næste uge","two":["om ",{"t":"idOrVar","v":"value"}," uger"],"few":["om ",{"t":"idOrVar","v":"value"}," uger"],"many":["om ",{"t":"idOrVar","v":"value"}," uger"],"other":["om ",{"t":"idOrVar","v":"value"}," uger"]},"$x":[{"t":"idOrVar","v":"plural"},"value"]},{"$i":"months-until-long","$v":{"zero":"denne måned","one":"næste måned","two":["om ",{"t":"idOrVar","v":"value"}," måneder"],"few":["om ",{"t":"idOrVar","v":"value"}," måneder"],"many":["om ",{"t":"idOrVar","v":"value"}," måneder"],"other":["om ",{"t":"idOrVar","v":"value"}," måneder"]},"$x":[{"t":"idOrVar","v":"plural"},"value"]},{"$i":"years-until-long","$v":{"zero":"i år","one":"næste år","two":["om ",{"t":"idOrVar","v":"value"}," år"],"few":["om ",{"t":"idOrVar","v":"value"}," år"],"many":["om ",{"t":"idOrVar","v":"value"}," år"],"other":["om ",{"t":"idOrVar","v":"value"}," år"]},"$x":[{"t":"idOrVar","v":"plural"},"value"]},{"$i":"minutes-ago-short","$v":{"zero":"nu","other":[{"t":"idOrVar","v":"value"}," m. siden"]},"$x":[{"t":"idOrVar","v":"plural"},"value"]},{"$i":"hours-ago-short","$v":{"zero":"nu","other":[{"t":"idOrVar","v":"value"}," t. siden"]},"$x":[{"t":"idOrVar","v":"plural"},"value"]},{"$i":"days-ago-short","$v":{"zero":"i dag","other":[{"t":"idOrVar","v":"value"}," d. siden"]},"$x":[{"t":"idOrVar","v":"plural"},"value"]},{"$i":"minutes-until-short","$v":{"zero":"nu","other":["om ",{"t":"idOrVar","v":"value"}," m."]},"$x":[{"t":"idOrVar","v":"plural"},"value"]},{"$i":"hours-until-short","$v":{"zero":"nu","other":["om ",{"t":"idOrVar","v":"value"}," t."]},"$x":[{"t":"idOrVar","v":"plural"},"value"]},{"$i":"days-until-short","$v":{"zero":"i dag","other":["om ",{"t":"idOrVar","v":"value"}," d."]},"$x":[{"t":"idOrVar","v":"plural"},"value"]},{"$i":"incorrectDate","$v":"(forkert dato)"},{"$i":"dateTimeFormat_%c","$v":"%a d. %e. %b %Y %H:%M:%S"},{"$i":"dateTimeFormat_%x","$v":"%d-%m-%Y"},{"$i":"dateTimeFormat_%X","$v":"%H:%M:%S"},{"$i":"shortTimeFormat","$v":"%H:%M"},{"$i":"shortTimeFormat12","$v":"%I:%M %p"},{"$i":"shortTimeFormat24","$v":"%H:%M"},{"$i":"shortDateTimeFormat","$v":"%x %H:%M"},{"$i":"weekStartsOnMonday","$v":"1"},{"$i":"firstDayOfTheWeek","$v":"1"},{"$i":"time_am","$v":"AM"},{"$i":"time_pm","$v":"PM"},{"$i":"title-app","$v":"App-tilladelser"},{"$i":"title-web","$v":"Webstedstilladelser"},{"$i":"title-cam","$v":"Vælg kamera"},{"$i":"perm-alarms","$v":"Indstil alarmer"},{"$i":"perm-audio-capture","$v":"Mikrofon"},{"$i":"perm-audio-capture-appRequest","$v":["Vil du dele din mikrofon med ",{"t":"idOrVar","v":"app"},"?"]},{"$i":"perm-audio-capture-webRequest","$v":["Vil du dele din mikrofon med ",{"t":"idOrVar","v":"site"},"?"]},{"$i":"perm-audio-channel-content","$v":"Afspil lyde"},{"$i":"perm-audio-channel-notification","$v":"Afspil påmindelser"},{"$i":"perm-audio-channel-ringer","$v":"Afspil ringetoner"},{"$i":"perm-background-sensors","$v":"Adgang til sensor-data"},{"$i":"perm-bluetooth","$v":"Bluetooth"},{"$i":"perm-browser","$v":"Inspicer websider"},{"$i":"perm-camera","$v":"Kamera"},{"$i":"perm-camera-selector-appRequest","$v":["Vælg kamera til ",{"t":"idOrVar","v":"app"},"."]},{"$i":"perm-camera-selector-webRequest","$v":["Vælg kamera til ",{"t":"idOrVar","v":"site"},"."]},{"$i":"perm-cellbroadcast","$v":"Cell Broadcasts"},{"$i":"perm-contacts","$v":"Kontakter"},{"$i":"perm-contacts-appRequest","$v":[{"t":"idOrVar","v":"app"}," vil have adgang til dine kontakter."]},{"$i":"perm-contacts-webRequest","$v":[{"t":"idOrVar","v":"site"}," vil have adgang til dine kontakter."]},{"$i":"perm-desktop-notification","$v":"Meddelelser"},{"$i":"perm-desktop-notification-appRequest","$v":[{"t":"idOrVar","v":"app"}," vil have lov at vise meddelelser."]},{"$i":"perm-desktop-notification-webRequest","$v":[{"t":"idOrVar","v":"site"}," vil have lov at vise meddelelser."]},{"$i":"perm-device-storage-apps","$v":"Apps-lager"},{"$i":"perm-device-storage-music","$v":"Musiklager"},{"$i":"perm-device-storage-music-appRequest","$v":[{"t":"idOrVar","v":"app"}," vil have adgang til din musik."]},{"$i":"perm-device-storage-music-webRequest","$v":[{"t":"idOrVar","v":"site"}," vil have adgang til din musik."]},{"$i":"perm-device-storage-pictures","$v":"Billeder"},{"$i":"perm-device-storage-pictures-appRequest","$v":[{"t":"idOrVar","v":"app"}," vil have adgang til dine billeder."]},{"$i":"perm-device-storage-pictures-webRequest","$v":[{"t":"idOrVar","v":"site"}," vil have adgang til dine billeder."]},{"$i":"perm-device-storage-sdcard","$v":"Hukommelseskort"},{"$i":"perm-device-storage-sdcard-appRequest","$v":[{"t":"idOrVar","v":"app"}," vil have adgang til dit hukommelseskort."]},{"$i":"perm-device-storage-sdcard-webRequest","$v":[{"t":"idOrVar","v":"site"}," vil have adgang til dit hukommelseskort."]},{"$i":"perm-device-storage-videos","$v":"Videolager"},{"$i":"perm-device-storage-videos-appRequest","$v":[{"t":"idOrVar","v":"app"}," vil have adgang til dine videoer."]},{"$i":"perm-device-storage-videos-webRequest","$v":[{"t":"idOrVar","v":"site"}," vil have adgang til dine videoer."]},{"$i":"perm-embed-apps","$v":"Indlejr apps"},{"$i":"perm-fmradio","$v":"FM-radio"},{"$i":"perm-fmradio-appRequest","$v":[{"t":"idOrVar","v":"app"}," vil have adgang til din FM-radio."]},{"$i":"perm-fmradio-webRequest","$v":[{"t":"idOrVar","v":"site"}," vil have adgang til din FM-radio."]},{"$i":"perm-geolocation","$v":"Position"},{"$i":"perm-geolocation-appRequest","$v":["Vil du dele din position med ",{"t":"idOrVar","v":"app"},"?"]},{"$i":"perm-geolocation-more-info","$v":[{"t":"idOrVar","v":"brandShortName"}," bruger data som fx GPS, wi-fi og mobile netværk i nærheden til at fastsætte din omtrentlige position. Data sendes til Mozilla og andre tjenesteudbydere og vil blive brugt til at forbedre positionsdatabaserne. Data kan blive gemt på din enhed og indsamling af data kan ske, selvom du ikke har apps kørende."]},{"$i":"perm-geolocation-webRequest","$v":["Vil du dele din position med ",{"t":"idOrVar","v":"site"},"?"]},{"$i":"perm-idle","$v":"Se inaktiv-status"},{"$i":"perm-indexedDB-chrome-settings","$v":"Privilegeret IndexedDB"},{"$i":"perm-indexedDB-unlimited","$v":"Ubegrænset IndexedDB-lager"},{"$i":"perm-input-manage","$v":"Håndter tastaturer"},{"$i":"perm-input","$v":"Brug som et tastatur"},{"$i":"perm-media-capture","$v":"Kamera og mikrofon"},{"$i":"perm-media-capture-appRequest","$v":["Vil du dele dit kamera og din mikrofon med ",{"t":"idOrVar","v":"app"},"?"]},{"$i":"perm-media-capture-webRequest","$v":["Vil du dele dit kamera og din mikrofon med ",{"t":"idOrVar","v":"site"},"?"]},{"$i":"perm-mobileconnection","$v":"Mobilforbindelse"},{"$i":"perm-mobileid","$v":"Mobil-identitet"},{"$i":"perm-network-events","$v":"Netværkshændelser"},{"$i":"perm-open-remote-window","$v":"Start en app"},{"$i":"perm-permissions","$v":"Rediger app-tilladelser"},{"$i":"perm-power","$v":"Strømindstillinger"},{"$i":"perm-settings","$v":"Rediger indstillinger"},{"$i":"perm-systemXHR","$v":"Adgang på tværs"},{"$i":"perm-telephony","$v":"Telefoni"},{"$i":"perm-video-capture","$v":"Kamera"},{"$i":"perm-video-capture-appRequest","$v":["Vil du dele dit kamera med ",{"t":"idOrVar","v":"app"},"?"]},{"$i":"perm-video-capture-webRequest","$v":["Vil du dele dit kamera med ",{"t":"idOrVar","v":"site"},"?"]},{"$i":"perm-voicemail","$v":"Håndter telefonbeskeder"},{"$i":"perm-webapps-manage","$v":"Installer webapps"},{"$i":"perm-wifi-manage","$v":"Håndter wi-fi"},{"$i":"perm-attention","$v":"Åbn overlay-pop op'er"},{"$i":"perm-audio-channel-alarm","$v":"Afspil alarmlyde"},{"$i":"perm-audio-channel-normal","$v":"Afspil lyde"},{"$i":"perm-audio-channel-publicnotification","$v":"Afspil vigtige systemlyde"},{"$i":"perm-audio-channel-telephony","$v":"Afspil telefonilyde"},{"$i":"perm-backgroundservice","$v":"Funger som baggrundstjeneste"},{"$i":"perm-device-storage-crashes","$v":"Nedbrudsdata"},{"$i":"perm-downloads","$v":"Tilgå filhentninger"},{"$i":"perm-embed-widgets","$v":"Indlejr widgets"},{"$i":"perm-feature-detection","$v":"Detekter funktioner"},{"$i":"perm-firefox-accounts","$v":"Firefox-konti"},{"$i":"perm-mobilenetwork","$v":"Mobilt netværk"},{"$i":"perm-moz-attention","$v":"Åbn overlay-pop op'er (moz)"},{"$i":"perm-moz-audio-channel-ringer","$v":"Afspil ringetoner (moz)"},{"$i":"perm-moz-audio-channel-telephony","$v":"Afspil telefonilyde (moz)"},{"$i":"perm-moz-firefox-accounts","$v":"Firefox-konti (moz)"},{"$i":"perm-networkstats-manage","$v":"Håndter forbrugsstatistikker"},{"$i":"perm-nfc","$v":"NFC"},{"$i":"perm-nfc-hci-events","$v":"NFC HCI-handlinger"},{"$i":"perm-nfc-manager","$v":"Håndter NFC"},{"$i":"perm-phonenumberservice","$v":"Telefonnummerservice"},{"$i":"perm-push","$v":"Push-API"},{"$i":"perm-resourcestats-manage","$v":"Ressourcestatistikker"},{"$i":"perm-sms","$v":"Send og læs SMS"},{"$i":"perm-speaker-control","$v":"Lydstyrke"},{"$i":"perm-storage","$v":"Tilgå lager"},{"$i":"perm-tcp-socket","$v":"TCP-sockets"},{"$i":"perm-test-permission","$v":"Test-tilladelser"},{"$i":"perm-time","$v":"Indstil dato og klokkeslæt"},{"$i":"perm-udp-socket","$v":"UDP-sockets"},{"$i":"perm-wappush","$v":"WAP-push"},{"$i":"stopped_download_title","$v":"Hentning stoppet"},{"$i":"stopped_download_message","$v":"Hentning blev stoppet. Prøv at hente igen?"},{"$i":"stopped_download_left_button","$v":"Annuller"},{"$i":"stopped_download_right_button","$v":"Prøv igen"},{"$i":"failed_download_title","$v":"Hentning mislykkedes"},{"$i":"failed_download_message","$v":[{"t":"idOrVar","v":"name"}," kunne ikke hentes. Prøv at hente igen?"]},{"$i":"failed_download_left_button","$v":"Annuller"},{"$i":"failed_download_right_button","$v":"Prøv igen"},{"$i":"stop_download_title","$v":"Stop hentning"},{"$i":"stop_download_message","$v":"Er du sikker på, at du vil stoppe hentningen?"},{"$i":"stop_download_left_button","$v":"Nej"},{"$i":"stop_download_right_button","$v":"Ja"},{"$i":"delete_download_title","$v":"Slet"},{"$i":"delete_download_message","$v":["Slet ",{"t":"idOrVar","v":"name"},"?"]},{"$i":"delete_download_left_button","$v":"Annuller"},{"$i":"delete_download_right_button","$v":"Slet"},{"$i":"delete_all_download_title","$v":"Slet"},{"$i":"delete_all_download_left_button","$v":"Annuller"},{"$i":"delete_all_download_right_button","$v":"Slet"},{"$i":"delete_all_download_message","$v":{"zero":"Slet ikke nogen filer?","one":"Slet 1 fil?","two":["Slet ",{"t":"idOrVar","v":"number"}," filer?"],"few":["Slet ",{"t":"idOrVar","v":"number"}," filer?"],"many":["Slet ",{"t":"idOrVar","v":"number"}," filer?"],"other":["Slet ",{"t":"idOrVar","v":"number"}," filer?"]},"$x":[{"t":"idOrVar","v":"plural"},"number"]},{"$i":"unsupported_file_type_download_title","$v":"Kunne ikke åbnes"},{"$i":"unsupported_file_type_download_message","$v":["Der er ikke nogen app der kan åbne ",{"t":"idOrVar","v":"name"},". Vil du beholde filen eller slette den?"]},{"$i":"unsupported_file_type_download_left_button","$v":"Behold fil"},{"$i":"unsupported_file_type_download_right_button","$v":"Slet"},{"$i":"file_not_found_download_title","$v":"Fil ikke fundet"},{"$i":"file_not_found_download_message","$v":"Filen blev ikke fundet på enheden"},{"$i":"file_not_found_download_right_button","$v":"OK"},{"$i":"unmounted_sdcard_2_download_title","$v":"Hukommelseskortet er i brug"},{"$i":"unmounted_sdcard_2_download_message","$v":"Afkobl enheden"},{"$i":"unmounted_sdcard_2_download_right_button","$v":"OK"},{"$i":"no_provider_download_title","$v":"Kunne ikke dele"},{"$i":"no_provider_download_message","$v":"Operatør ikke fundet"},{"$i":"no_provider_download_right_button","$v":"OK"},{"$i":"no_memory_download_title","$v":"SD-kortet er fuldt"},{"$i":"no_memory_download_message","$v":"Der er ikke mere plads på SD-kortet til at gemme din filhentning. Slet nogle filer, før du genstarter filhentningen."},{"$i":"no_memory_download_right_button","$v":"OK"},{"$i":"no_sdcard_found_2_download_title","$v":"Hukommelseskort ikke fundet"},{"$i":"no_sdcard_found_2_download_message","$v":"Indsæt hukommelseskort eller vælg en anden standardplacering af mediefiler under indstillinger"},{"$i":"no_sdcard_found_2_download_right_button","$v":"OK"},{"$i":"file_open_error_download_title","$v":"Kunne ikke åbnes"},{"$i":"file_open_error_download_message","$v":["Der er et problem med at åbne ",{"t":"idOrVar","v":"name"},". Vil du beholde filen eller slette den?"]},{"$i":"file_open_error_download_left_button","$v":"Behold fil"},{"$i":"file_open_error_download_right_button","$v":"Slet"},{"$i":"restart_download_error","$v":"Der opstod en fejl under genstart af hentningen. Prøv at hente igen."},{"$i":"no-downloads","$v":"Ingen filhentninger"},{"$i":"percentage","$v":[{"t":"idOrVar","v":"percentage"}," %"]},{"$i":"partialResult","$v":[{"t":"idOrVar","v":"partial"}," af ",{"t":"idOrVar","v":"total"}]},{"$i":"summary","$v":[{"t":"idOrVar","v":"date"}," - ",{"t":"idOrVar","v":"status"}]},{"$i":"download-stopped","$v":"Stoppet"},{"$i":"download-failed","$v":"Hentning mislykkedes"},{"$i":"open_downloaded_file","$v":"Åbn"},{"$i":"share_downloaded_file","$v":"Del"},{"$i":"wallpaper_downloaded_file","$v":"Brug som baggrundsbillede"},{"$i":"ringtone_downloaded_file","$v":"Brug som ringetone"},{"$i":"cancel_downloaded_file","$v":"Annuller"},{"$i":"voicemailNoNumberTitle","$v":"Telefonsvarerens nummer findes ikke"},{"$i":"voicemailNoNumberText","$v":"Kan ikke ringe til telefonsvareren. Du skal angive et nummer til telefonsvareren for at kunne ringe til den."},{"$i":"voicemailNoNumberSettings","$v":"Indstillinger"},{"$i":"voicemailNoNumberCancel","$v":"Annuller"},{"$i":"airplaneMode","$v":"Flytilstand"},{"$i":"searching","$v":"Søger…"},{"$i":"noNetwork","$v":"Intet netværk"},{"$i":"roaming","$v":[{"t":"idOrVar","v":"operator"}," (Roaming)"]},{"$i":"operator-info","$v":[{"t":"idOrVar","v":"carrier"}," ",{"t":"idOrVar","v":"region"}]},{"$i":"emergencyCallsOnly-unknownSIMState","$v":"(ukendt simtilstand)"},{"$i":"emergencyCallsOnly-noSIM","$v":"(intet simkort)"},{"$i":"emergencyCallsOnly-pinRequired","$v":"(pinkode for simkort påkrævet)"},{"$i":"emergencyCallsOnly-pukRequired","$v":"(PUK-kode for simkort påkrævet)"},{"$i":"emergencyCallsOnly-networkLocked","$v":"(netværket er låst)"},{"$i":"emergencyCallsOnly-serviceProviderLocked","$v":"(operatøren er låst)"},{"$i":"emergencyCallsOnly-corporateLocked","$v":"(låst af operatøren)"},{"$i":"emergencyCallsOnly-network1Locked","$v":"(netværk1 låst)"},{"$i":"emergencyCallsOnly-network2Locked","$v":"(netværk2 låst)"},{"$i":"emergencyCallsOnly-hrpdNetworkLocked","$v":"(hrpd-netværk låst)"},{"$i":"emergencyCallsOnly-ruimCorporateLocked","$v":"(ruim-kort låst)"},{"$i":"emergencyCallsOnly-ruimServiceProviderLocked","$v":"(ruim-operatør låst)"},{"$i":"lockscreen-sim-id","$v":["Simkort ",{"t":"idOrVar","v":"n"}]},{"$i":"charging-status-no-time","$v":[{"t":"idOrVar","v":"level"},"% opladt"]},{"$i":"charging-status-minutes","$v":{"zero":[{"t":"idOrVar","v":"level"},"% opladt (",{"t":"idOrVar","v":"minutes"}," min. tilbage)"],"one":[{"t":"idOrVar","v":"level"},"% opladt (",{"t":"idOrVar","v":"minutes"}," min. tilbage)"],"two":[{"t":"idOrVar","v":"level"},"% opladt (",{"t":"idOrVar","v":"minutes"}," min. tilbage)"],"few":[{"t":"idOrVar","v":"level"},"% opladt (",{"t":"idOrVar","v":"minutes"}," min. tilbage)"],"many":[{"t":"idOrVar","v":"level"},"% opladt (",{"t":"idOrVar","v":"minutes"}," min. tilbage)"],"other":[{"t":"idOrVar","v":"level"},"% opladt (",{"t":"idOrVar","v":"minutes"}," min. tilbage)"]},"$x":[{"t":"idOrVar","v":"plural"},"minutes"]},{"$i":"charging-status-hours","$v":{"zero":[{"t":"idOrVar","v":"level"},"% opladt (",{"t":"idOrVar","v":"hours"}," t. og ",{"t":"idOrVar","v":"minutes"}," min. tilbage)"],"one":[{"t":"idOrVar","v":"level"},"% opladt (",{"t":"idOrVar","v":"hours"}," t. og ",{"t":"idOrVar","v":"minutes"}," min. tilbage)"],"two":[{"t":"idOrVar","v":"level"},"% opladt (",{"t":"idOrVar","v":"hours"}," t. og ",{"t":"idOrVar","v":"minutes"}," min. tilbage)"],"few":[{"t":"idOrVar","v":"level"},"% opladt (",{"t":"idOrVar","v":"hours"}," t. og ",{"t":"idOrVar","v":"minutes"}," min. tilbage)"],"many":[{"t":"idOrVar","v":"level"},"% opladt (",{"t":"idOrVar","v":"hours"}," t. og ",{"t":"idOrVar","v":"minutes"}," min. tilbage)"],"other":[{"t":"idOrVar","v":"level"},"% opladt (",{"t":"idOrVar","v":"hours"}," t. og ",{"t":"idOrVar","v":"minutes"}," min. tilbage)"]},"$x":[{"t":"idOrVar","v":"plural"},"minutes"]},{"$i":"gaia-menu-cancel","$v":"Annuller"}]