[{"$i":"share","$v":"Weitergeben"},{"$i":"resend","$v":"Erneut senden"},{"$i":"connecting","$v":"Verbindung wird hergestellt…"},{"$i":"verify","$v":"Verifizieren"},{"$i":"verifying","$v":"Verifizierung wird durchgeführt…"},{"$i":"verified","$v":"Verifiziert"},{"$i":"mobileIDExplanation","$v":[{"t":"idOrVar","v":"app_name"}," will Ihre Telefonnummer wissen und verifizieren. Bitte wählen Sie die zu verwendende Telefonnummer oder geben Sie eine neue ein."]},{"$i":"verificationCodeExplanation","$v":["Es wurde ein Code an ",{"t":"idOrVar","v":"phone_number"}," gesendet. Es wird versucht, ihn automatisch zu erkennen, aber Sie müssen ihn selbst eingeben, falls er nicht auf diesem Gerät empfangen wird."]},{"$i":"successMessage","$v":["Fertig! Ihre Telefonnummer ",{"t":"idOrVar","v":"phone_number"}," ist jetzt verifiziert und für ",{"t":"idOrVar","v":"app_name"}," verfügbar."]},{"$i":"serverErrorMessage","$v":"Der Verifizierungsserver ist derzeit nicht verfügbar. Bitte überprüfen Sie Ihre Internetverbindung, versuchen Sie es erneut oder warten Sie einige Minuten."},{"$i":"timeoutErrorMessage","$v":"Es gibt ein Problem mit Ihrem Verifizierungscode. Bitte versuchen Sie es noch einmal."},{"$i":"errorTitle","$v":"Mobile Identität"},{"$i":"ok","$v":"OK"},{"$i":"addPhoneNumber","$v":"Oder fügen Sie Ihre Telefonnummer hinzu"},{"$i":"selectPhoneNumber","$v":"Oder wählen Sie eine Telefonnummer aus der Liste"},{"$i":"firefox-accounts-title","$v":"Firefox-Konten"},{"$i":"fxa-next","$v":"Weiter"},{"$i":"fxa-back","$v":"Zurück"},{"$i":"fxa-done","$v":"Fertig"},{"$i":"fxa-ok","$v":"OK"},{"$i":"fxa-connection-error-title","$v":"Verbindung fehlgeschlagen"},{"$i":"fxa-connection-error-message","$v":"Die Erstellung eines Kontos oder Anmeldung mit einem Konto kann in \"Einstellungen\" vorgenommen werden."},{"$i":"fxa-reset-password-error-title","$v":"Passwort zurücksetzen"},{"$i":"fxa-reset-password-error-message","$v":"Das Passwort kann in \"Einstellungen\" zurückgesetzt werden."},{"$i":"fxa-coppa-failure-error-title","$v":"Konto kann nicht erstellt werden"},{"$i":"fxa-coppa-failure-error-message","$v":["Sie müssen bestimmte Altersanforderungen erfüllen, um ein Firefox-Konto zu erstellen. ",{"t":"idOrVar","v":"learnmore"}]},{"$i":"fxa-learn-more","$v":"Weitere Informationen"},{"$i":"fxa-offline-error-title","$v":"Verbindung fehlgeschlagen"},{"$i":"fxa-offline-error-message","$v":"Bitte mittels \"Einstellungen\" mit einem Netzwerk verbinden."},{"$i":"fxa-invalid-email-title","$v":"Fehler"},{"$i":"fxa-invalid-email-message","$v":"Bitte geben Sie eine gültige E-Mail-Adresse ein."},{"$i":"fxa-invalid-password-title","$v":"Falsches Passwort"},{"$i":"fxa-invalid-password-message","$v":"Bitte überprüfen Sie das Passwort und versuchen Sie es erneut."},{"$i":"fxa-unknown-error-title","$v":"Verbindung fehlgeschlagen"},{"$i":"fxa-unknown-error-message","$v":"System nicht verfügbar, bitte versuchen Sie es später noch einmal."},{"$i":"fxa-connecting","$v":"Verbindung wird hergestellt…"},{"$i":"fxa-enter-email-input","placeholder":"E-Mail-Adresse eingeben"},{"$i":"fxa-use-email-to-sign-in","$v":"Verwenden Sie Ihre E-Mail-Adresse zum Erstellen eines Kontos oder zum Anmelden mit einem Konto."},{"$i":"fxa-notice","$v":["Mit dem Fortfahren erklären Sie sich mit den ",{"t":"idOrVar","v":"tos"}," und dem ",{"t":"idOrVar","v":"pn"}," der Firefox-Online-Dienste einverstanden."]},{"$i":"fxa-tos","$v":"Nutzungsbedingungen"},{"$i":"fxa-pn","$v":"Datenschutzhinweis"},{"$i":"fxa-create-password-title","$v":"Passwort erstellen"},{"$i":"fxa-enter-password-title","$v":"Passwort eingeben"},{"$i":"fxa-hello-user","$v":["Willkommen ",{"t":"idOrVar","v":"email"}]},{"$i":"fxa-password-refresh","$v":"Bitte geben Sie das Passwort für Ihr Firefox-Konto ein, um fortzufahren."},{"$i":"fxa-password","placeholder":"Passwort"},{"$i":"fxa-forgot-your-password","$v":"Passwort vergessen?"},{"$i":"fxa-show-password","$v":"Passwort anzeigen"},{"$i":"fxa-password-length-requirement","$v":"Das Passwort muss mindestens 8 Zeichen lang sein."},{"$i":"fxa-success","$v":"Fertig!"},{"$i":"fxa-ready-to-go","$v":"Ihr Firefox-Konto ist bereit zur Verwendung! "},{"$i":"fxa-use-features","$v":"Sie können jetzt Funktionen wie \"Mein Gerät finden\" und Apps wie \"Firefox Marketplace\" verwenden."},{"$i":"fxa-access-manage-account-settings","$v":"In Zukunft können Sie über \"Einstellungen\" auf Ihr Konto zugreifen und es verwalten."},{"$i":"fxa-confirm-account","$v":"Konto bestätigen"},{"$i":"fxa-will-send-email","$v":["Es wird eine E-Mail an ",{"t":"idOrVar","v":"email"}," gesendet."]},{"$i":"fxa-signup-click-verification-link-in-email","$v":"Rufen Sie als Nächstes Ihre E-Mail ab und klicken Sie auf den Verifizierungslink, um Ihr Firefox-Konto zu bestätigen."},{"$i":"fxa-age-verification","$v":"Altersüberprüfung"},{"$i":"fxa-age-earlier","$v":[{"t":"idOrVar","v":"year"}," oder früher"]},{"$i":"fxa-year-of-birth","$v":"Geburtsjahr"},{"$i":"brandShortName","$v":"B2G OS"},{"$i":"browserBrandShortName","$v":"Web Browser"},{"$i":"browserBrandFullName","$v":"Mozilla Web Browser"},{"$i":"ringtoneBrandName","$v":"Default"},{"$i":"ringtoneSectionBrandName","$v":"System"},{"$i":"back","$v":"Zurück"},{"$i":"help","$v":"Hilfe"},{"$i":"cancel","$v":"Abbrechen"},{"$i":"close","$v":"Schließen"},{"$i":"skip","$v":"Überspringen"},{"$i":"clear","ariaLabel":"Leeren"},{"$i":"enable","$v":"Aktivieren"},{"$i":"turnOn","$v":"Aktivieren"},{"$i":"undo","ariaLabel":"Rückgängig machen"},{"$i":"enterPIN","$v":"PIN eingeben"},{"$i":"mediaPlaybackTrack","ariaLabel":"Lied und Interpret"},{"$i":"mediaPlaybackControls","ariaLabel":"Wiedergabesteuerung"},{"$i":"mediaPlaybackPrevious","ariaLabel":"Vorheriges"},{"$i":"mediaPlaybackPlay","ariaLabel":"Wiedergeben"},{"$i":"mediaPlaybackPause","ariaLabel":"Anhalten"},{"$i":"mediaPlaybackNext","ariaLabel":"Nächstes"},{"$i":"UnknownTrack","$v":"Unbekannter Titel"},{"$i":"wifiButton-on","$v":"WLAN aktiviert"},{"$i":"wifiButton-on-initializing","$v":"WLAN aktiviert, wird initialisiert"},{"$i":"wifiButton-off","$v":"WLAN deaktiviert"},{"$i":"dataButton-on","$v":["Datenverbindung vom Typ ",{"t":"idOrVar","v":"type"}," aktiviert"]},{"$i":"dataButton-off","$v":["Datenverbindung vom Typ ",{"t":"idOrVar","v":"type"}," deaktiviert"]},{"$i":"bluetoothButton-on","$v":"Bluetooth aktiviert"},{"$i":"bluetoothButton-on-initializing","$v":"Bluetooth aktiviert, wird initialisiert"},{"$i":"bluetoothButton-off","$v":"Bluetooth deaktiviert"},{"$i":"airplaneMode-on","$v":"Flugmodus aktiviert"},{"$i":"airplaneMode-off","$v":"Flugmodus deaktiviert"},{"$i":"settingsButton","ariaLabel":"Einstellungen"},{"$i":"utilityTray","ariaLabel":"Benachrichtigungsbildschirm"},{"$i":"statusbarOperator","$v":[{"t":"idOrVar","v":"date"},", ",{"t":"idOrVar","v":"operator"}]},{"$i":"statusbarDateFormat","$v":"%e. %B"},{"$i":"statusbar","ariaLabel":"Statusleiste"},{"$i":"statusbarBattery","ariaLabel":["Batterieladezustand: ",{"t":"idOrVar","v":"level"}," Prozent"]},{"$i":"statusbarBatteryCharging","ariaLabel":["Batterie wird geladen: ",{"t":"idOrVar","v":"level"}," Prozent"]},{"$i":"statusbarAirplaneMode","ariaLabel":"Airplane mode on"},{"$i":"statusbarWiFiConnecting","ariaLabel":"Wi-Fi: connecting"},{"$i":"statusbarWiFiConnected","ariaLabel":["Wi-Fi: ",{"t":"idOrVar","v":"level"}," of 4 bars"]},{"$i":"statusbarSignal","ariaLabel":[{"t":"idOrVar","v":"operator"}," network, ",{"t":"idOrVar","v":"level"}," of 5 bars"]},{"$i":"statusbarSignalRoaming","ariaLabel":[{"t":"idOrVar","v":"operator"}," network (roaming), ",{"t":"idOrVar","v":"level"}," of 5 bars"]},{"$i":"statusbarSignalNoneSearching","ariaLabel":"Searching… Emergency calls only"},{"$i":"emergencyCallsOnly","$v":"Nur Notrufe"},{"$i":"statusbarSignalNoSimCard","ariaLabel":"No SIM card"},{"$i":"statusbarHeadphone","ariaLabel":"Headphones on"},{"$i":"statusbarBluetoothHeadphone","ariaLabel":"Bluetooth headphones on"},{"$i":"statusbarBluetoothTransfer","ariaLabel":"Bluetooth transfer active"},{"$i":"statusbarIconOn-tethering","ariaLabel":"Tethering on"},{"$i":"statusbarIconOnActive-tethering","ariaLabel":"Tethering on, active"},{"$i":"statusbarAlarm","ariaLabel":"Alarm aktiviert"},{"$i":"statusbarIconOn-bluetooth","ariaLabel":"Bluetooth on"},{"$i":"statusbarIconOnActive-bluetooth","ariaLabel":"Bluetooth on, active"},{"$i":"statusbarIconOn-mute","ariaLabel":"Mute on"},{"$i":"statusbarIconOn-vibration","ariaLabel":"Vibration on"},{"$i":"statusbarRecording","ariaLabel":"Aufnahme wird durchgeführt"},{"$i":"statusbarGeolocation","ariaLabel":"Standortbestimmung aktiviert"},{"$i":"statusbarUsb","ariaLabel":"USB aktiviert"},{"$i":"statusbarCallForwarding","$v":"Call forwarding on"},{"$i":"statusbarPlaying","ariaLabel":"Medienwiedergabe aktiv"},{"$i":"statusbarNfc","ariaLabel":"NFC aktiviert"},{"$i":"statusbarDownload","ariaLabel":"Downloading…"},{"$i":"statusbarNetworkActivity","ariaLabel":"Netzwerkübertragung wird durchgeführt"},{"$i":"statusbarEmergencyCallback","ariaLabel":"Emergency callback"},{"$i":"statusbarNotifications","$v":{"one":[{"t":"idOrVar","v":"n"}," Benachrichtigung"],"two":[{"t":"idOrVar","v":"n"}," Benachrichtigungen"],"few":[{"t":"idOrVar","v":"n"}," Benachrichtigungen"],"many":[{"t":"idOrVar","v":"n"}," Benachrichtigungen"],"other":[{"t":"idOrVar","v":"n"}," Benachrichtigungen"]},"$x":[{"t":"idOrVar","v":"plural"},"n"]},{"$i":"statusbarNotifications-unread","ariaLabel":{"$x":[{"t":"idOrVar","v":"plural"},"n"],"$v":{"one":[{"t":"idOrVar","v":"n"}," ungelesene Benachrichtigung"],"two":[{"t":"idOrVar","v":"n"}," ungelesene Benachrichtigungen"],"few":[{"t":"idOrVar","v":"n"}," ungelesene Benachrichtigungen"],"many":[{"t":"idOrVar","v":"n"}," ungelesene Benachrichtigungen"],"other":[{"t":"idOrVar","v":"n"}," ungelesene Benachrichtigungen"]}}},{"$i":"notifications","$v":"Benachrichtigungen"},{"$i":"clear-all","$v":"Alle löschen"},{"$i":"attentionScreen-tapToShow","$v":"Zum Anzeigen antippen"},{"$i":"newVoicemails","$v":{"zero":"Keine neuen Mailbox-Nachrichten","one":"Eine neue Mailbox-Nachricht","two":[{"t":"idOrVar","v":"n"}," neue Mailbox-Nachrichten"],"few":[{"t":"idOrVar","v":"n"}," neue Mailbox-Nachrichten"],"many":[{"t":"idOrVar","v":"n"}," neue Mailbox-Nachrichten"],"other":[{"t":"idOrVar","v":"n"}," neue Mailbox-Nachrichten"]},"$x":[{"t":"idOrVar","v":"plural"},"n"]},{"$i":"newVoicemailsUnknown","$v":"Neue Mailbox-Nachrichten"},{"$i":"dialNumber","$v":[{"t":"idOrVar","v":"number"}," wählen"]},{"$i":"voicemailNotificationMultiSim","$v":["(SIM ",{"t":"idOrVar","v":"n"},") ",{"t":"idOrVar","v":"title"}]},{"$i":"euRoamingNotificationTitle","$v":"EU-Internet erkannt"},{"$i":"euRoamingNotificationMsg","$v":"Zum Ändern antippen"},{"$i":"confirmNFCConnectBTenabledNameUnknown","$v":"Soll wirklich eine Verbindung mit dem Gerät hergestellt werden?"},{"$i":"confirmNFCConnectBTdisabledNameUnknown","$v":"Soll Bluetooth aktiviert und eine Verbindung mit dem Gerät hergestellt werden?"},{"$i":"confirmNFCConnectBTenabledNameKnown","$v":["Soll wirklich eine Verbindung mit ",{"t":"idOrVar","v":"deviceName"}," hergestellt werden?"]},{"$i":"confirmNFCConnectBTdisabledNameKnown","$v":["Soll Bluetooth aktiviert und eine Verbindung mit ",{"t":"idOrVar","v":"deviceName"}," hergestellt werden?"]},{"$i":"confirmNFCConnectBTdisabled","$v":"Aktivieren"},{"$i":"dismissNFCConnectBTdisabled","$v":"Abbrechen"},{"$i":"confirmation","$v":"Bestätigung"},{"$i":"deviceMenu","$v":"Telefon"},{"$i":"airplane","$v":"Flugmodus starten"},{"$i":"airplaneOff","$v":"Flugmodus beenden"},{"$i":"silent","$v":"Lautlos schalten"},{"$i":"normal","$v":"Ton einschalten"},{"$i":"restart","$v":"Neu starten"},{"$i":"power","$v":"Ausschalten"},{"$i":"no-recent-app-windows","$v":"Die zuletzt verwendeten App-Fenster werden hier angezeigt."},{"$i":"no-recent-browser-windows","$v":"Die zuletzt verwendeten Browser-Fenster werden hier angezeigt."},{"$i":"closeCard","ariaLabel":"Schließen"},{"$i":"openCard","ariaLabel":"Öffnen"},{"$i":"yes","$v":"Ja"},{"$i":"no","$v":"Nein"},{"$i":"dontallow","$v":"Nicht erlauben"},{"$i":"allow","$v":"Erlauben"},{"$i":"dontshare-geolocation","$v":"Nicht teilen"},{"$i":"share-geolocation","$v":"Teilen"},{"$i":"dontshare-audio-capture","$v":"Nicht teilen"},{"$i":"share-audio-capture","$v":"Teilen"},{"$i":"dontshare-video-capture","$v":"Nicht teilen"},{"$i":"share-video-capture","$v":"Teilen"},{"$i":"dontshare-media-capture","$v":"Nicht teilen"},{"$i":"share-media-capture","$v":"Teilen"},{"$i":"device-front","$v":"Kamera Vorderseite"},{"$i":"device-back","$v":"Kamera Rückseite"},{"$i":"remember-my-choice","$v":"Entscheidung merken"},{"$i":"more-info","$v":"Weitere Informationen…"},{"$i":"hide-info","$v":"Informationen ausblenden"},{"$i":"install-app","$v":[{"t":"idOrVar","v":"name"}," installieren?"]},{"$i":"size","$v":"Größe"},{"$i":"author","$v":"Autor"},{"$i":"size-unknown","$v":"Unbekannt"},{"$i":"author-unknown","$v":"Unbekannt"},{"$i":"install","$v":"Installieren"},{"$i":"bytes","$v":"Bytes"},{"$i":"kB","$v":"kB"},{"$i":"MB","$v":"MB"},{"$i":"GB","$v":"GB"},{"$i":"TB","$v":"TB"},{"$i":"PB","$v":"PB"},{"$i":"app-install-generic-error","$v":["Download von ",{"t":"idOrVar","v":"appName"}," angehalten"]},{"$i":"app-install-download-failed","$v":["Download von ",{"t":"idOrVar","v":"appName"}," fehlgeschlagen"]},{"$i":"app-install-install-failed","$v":["Installation von ",{"t":"idOrVar","v":"appName"}," fehlgeschlagen"]},{"$i":"cancelling-will-not-refund","$v":"Das Abbrechen führt nicht zur Rückzahlung eines Einkaufs. Rückzahlungen für Bezahlinhalte werden durch den ursprünglichen Verkäufer geregelt."},{"$i":"apps-can-be-installed-later","$v":"Apps können später von der ursprünglichen Installationsquelle installiert werden."},{"$i":"are-you-sure-you-want-to-cancel","$v":"Soll diese Installation wirklich abgebrochen werden?"},{"$i":"cancel-install","$v":"Installation abbrechen"},{"$i":"cancel-install-button","$v":"Abbrechen"},{"$i":"resume","$v":"Fortsetzen"},{"$i":"continue","$v":"Weiter"},{"$i":"stopDownloading","$v":["Download von ",{"t":"idOrVar","v":"app"}," anhalten?"]},{"$i":"app-download-can-be-restarted","$v":"Der Download kann später neu gestartet werden."},{"$i":"app-download-stop-button","$v":"Download anhalten"},{"$i":"not-enough-space","$v":"Nicht genügend Speicherplatz"},{"$i":"not-enough-space-message","$v":"Für die Installation dieser App steht nicht genügend Speicherplatz zur Verfügung. Bitte stellen Sie durch das Löschen alter Apps oder Mediendateien Speicherplatz zur Verfügung und versuchen Sie anschließend erneut die Installation von der ursprünglichen Quelle."},{"$i":"app-install-success","$v":[{"t":"idOrVar","v":"appName"}," wurde installiert"]},{"$i":"langpack-install-success2","$v":[{"t":"idOrVar","v":"appName"}," installed. Go to Settings > Language to enable it."]},{"$i":"setup","$v":"Einrichtung"},{"$i":"ime-addkeyboards","$v":"Tastaturen hinzufügen"},{"$i":"later","$v":"Später"},{"$i":"download","$v":"Herunterladen"},{"$i":"wantToDownload","$v":"Update jetzt herunterladen?"},{"$i":"wantToInstallNow","$v":"Soll das Update jetzt installiert werden? Das Telefon kann dann für wenige Minuten nicht benutzt werden."},{"$i":"installNow","$v":"Jetzt installieren"},{"$i":"notNow","$v":"Nicht jetzt"},{"$i":"downloadingUpdateMessage","innerHTML":["Updates werden heruntergeladen…<span>",{"t":"idOrVar","v":"progress"}," heruntergeladen</span>"]},{"$i":"downloadingAppMessage","$v":[{"t":"idOrVar","v":"appName"}," wird heruntergeladen"]},{"$i":"downloadingAppProgressNoMax","$v":[{"t":"idOrVar","v":"progress"}," heruntergeladen"]},{"$i":"downloadingAppProgressIndeterminate","$v":"Wird heruntergeladen"},{"$i":"downloadingAppProgress","$v":[{"t":"idOrVar","v":"progress"}," / ",{"t":"idOrVar","v":"max"}," heruntergeladen"]},{"$i":"cancelAllDownloads","$v":"Alle Downloads abbrechen"},{"$i":"wantToCancelAll","$v":"Sollen wirklich alle Downloads abgebrochen werden?"},{"$i":"downloadError","$v":"Beim Herunterladen der Updates trat ein Fehler auf."},{"$i":"updateAvailableInfo","innerHTML":{"$x":[{"t":"idOrVar","v":"plural"},"n"],"$v":{"one":[{"t":"idOrVar","v":"n"}," Update verfügbar <span>Für weitere Informationen antippen</span>"],"two":[{"t":"idOrVar","v":"n"}," Updates verfügbar <span>Für weitere Informationen antippen</span>"],"few":[{"t":"idOrVar","v":"n"}," Updates verfügbar <span>Für weitere Informationen antippen</span>"],"many":[{"t":"idOrVar","v":"n"}," Updates verfügbar <span>Für weitere Informationen antippen</span>"],"other":[{"t":"idOrVar","v":"n"}," Updates verfügbar <span>Für weitere Informationen antippen</span>"]}}},{"$i":"numberOfUpdates","$v":{"one":[{"t":"idOrVar","v":"n"}," Update verfügbar"],"two":[{"t":"idOrVar","v":"n"}," Updates verfügbar"],"few":[{"t":"idOrVar","v":"n"}," Updates verfügbar"],"many":[{"t":"idOrVar","v":"n"}," Updates verfügbar"],"other":[{"t":"idOrVar","v":"n"}," Updates verfügbar"]},"$x":[{"t":"idOrVar","v":"plural"},"n"]},{"$i":"systemUpdate","$v":"Systemupdate"},{"$i":"systemUpdateReady","$v":"Systemupdate bereit"},{"$i":"systemUpdateLowBatteryThreshold","$v":["Die Batterie muss mindestens zu ",{"t":"idOrVar","v":"threshold"},"% geladen sein, damit das Update installiert werden kann."]},{"$i":"required","$v":"Benötigt"},{"$i":"uncompressingMessage","innerHTML":"Wird entpackt…<span>Dies kann einige Minuten dauern.</span>"},{"$i":"downloadWifiPrioritizedUsing2G","$v":"Updates werden über die Datenverbindung heruntergeladen, falls kein WLAN verfügbar ist. Beim Nutzen der Datenverbindung können Anrufe abgewiesen werden und zusätzliche Gebühren anfallen."},{"$i":"downloadWifiPrioritized3","$v":"Updates werden über die Datenverbindung heruntergeladen, falls kein WLAN verfügbar ist. Beim Nutzen der Datenverbindung können zusätzliche Gebühren anfallen."},{"$i":"downloadNoWifiWarning","$v":"WLAN nicht verfügbar. Update über derzeitige Verbindung kann zusätzliche Gebühren verursachen."},{"$i":"downloadOfflineWarning2","$v":"Stellen Sie eine Verbindung mit einem Netzwerk her, um Updates herunterzuladen."},{"$i":"downloadUpdatesViaDataConnection","$v":"Updates über Datenverbindung herunterladen?"},{"$i":"downloadUpdatesVia2GForbidden3","$v":"Der Downloadvorgang ist auf langsamen Verbindungen (2G) nicht möglich. Bitte verbinden Sie per WLAN oder 3G (falls verfügbar) und versuchen Sie es erneut."},{"$i":"downloadUpdatesViaDataConnectionMessage3","$v":"Beim Verwenden einer Datenverbindung über das Mobilfunknetz können zusätzliche Kosten anfallen. Wollen Sie fortfahren?"},{"$i":"downloadUpdatesViaDataRoamingConnection","$v":"Updates über Roaming herunterladen?"},{"$i":"downloadUpdatesViaDataRoamingConnectionMessage","$v":"Sie verwenden derzeit eine Roaming-Verbindung und es können zusätzliche Kosten anfallen. Wollen Sie fortfahren?"},{"$i":"screenshotSaved","$v":"Bildschirmfoto in Galerie gespeichert"},{"$i":"screenshotFailed","$v":"Bildschirmfoto konnte nicht gespeichert werden"},{"$i":"screenshotNoSDCard","$v":"Keine Speicherkarte eingelegt"},{"$i":"screenshotSDCardInUse","$v":"Speicherkarte in Benutzung"},{"$i":"screenshotSDCardLow","$v":"Nicht genügend Speicher auf der Speicherkarte"},{"$i":"logsSaved","$v":"Protokolle gespeichert"},{"$i":"logsSaveError","$v":"Fehler beim Speichern der Protokolle"},{"$i":"logsSaving","$v":"Protokolle speichern…"},{"$i":"logsOperationFailed","$v":["Operation ",{"t":"idOrVar","v":"operation"}," fehlgeschlagen"]},{"$i":"logsGenericError","$v":"Unerwarteter Fehler aufgetreten"},{"$i":"logsSDCardMaybeShared","$v":"Überprüfen Sie, dass die Speicherkarte nicht gerade mittels USB für einen Computer freigegeben ist."},{"$i":"emergency-call-button","$v":"Notruf"},{"$i":"emergency-call","$v":"Notruf"},{"$i":"unlock-a11y-button","ariaLabel":"Entsperren"},{"$i":"camera-a11y-button","ariaLabel":"Kamera"},{"$i":"longDateFormat","$v":"%A, %e. %B"},{"$i":"panel-passcode","ariaLabel":"Eingabefeld für Entsperrcode"},{"$i":"open-notification","$v":"Öffnen"},{"$i":"softwareHomeButton","ariaLabel":"Startbildschirm"},{"$i":"login","$v":"Anmelden"},{"$i":"sign-in-to-website","$v":"Bei Website anmelden"},{"$i":"username","$v":"Benutzername"},{"$i":"password","$v":"Passwort"},{"$i":"http-authentication-message2","$v":["Die Website ",{"t":"idOrVar","v":"host"}," fordert Sie zur Anmeldung auf."]},{"$i":"error-message","$v":["\"",{"t":"idOrVar","v":"name"},"\" konnte nicht korrekt geladen werden."]},{"$i":"error-title","$v":["\"{{name}\" hat Probleme."]},{"$i":"unable-to-connect","$v":"Verbindung fehlgeschlagen"},{"$i":"tap-to-check-settings","$v":"Zum Überprüfen der Einstellungen antippen"},{"$i":"delete-title","$v":[{"t":"idOrVar","v":"name"}," löschen"]},{"$i":"delete-body","$v":[{"t":"idOrVar","v":"name"}," und die damit verbundenen Daten werden gelöscht."]},{"$i":"delete","$v":"Löschen"},{"$i":"unrecoverable-error-title","$v":"App löschen"},{"$i":"unrecoverable-error-body","$v":"App konnte auf Grund eines nicht behebbaren Fehlers nicht installiert werden. Bitte laden Sie die App erneut herunter. Die App wird jetzt gelöscht."},{"$i":"unrecoverable-error-action","$v":"OK"},{"$i":"data-roaming-enabled-title","$v":"Datenroaming aktivieren?"},{"$i":"data-roaming-enabled-warning2","$v":"Um auf das Internet zugreifen zu können, müssen Sie zusätzlich Datenroaming aktivieren. Abhängig von Ihrem Mobilfunkvertrag können zusätzliche Gebühren anfallen. Wollen Sie fortfahren?"},{"$i":"select-time","$v":"Zeit auswählen"},{"$i":"choose-option","$v":"Auswählen"},{"$i":"choose-options","$v":"Auswählen"},{"$i":"select-day","$v":"Tag auswählen"},{"$i":"battery-almost-empty3","$v":"Batterie fast leer."},{"$i":"plug-in-your-charger","$v":"Bitte an das Ladegerät anschließen."},{"$i":"new-window","$v":"Neues Fenster"},{"$i":"new-private-window","$v":"Neues privates Fenster"},{"$i":"show-windows","$v":"Fenster anzeigen"},{"$i":"add-to-home-screen","$v":"Zum Startbildschirm hinzufügen"},{"$i":"crash-dialog2-os","$v":[{"t":"idOrVar","v":"brandShortName"}," wurde gerade nach einem Absturz neu gestartet"]},{"$i":"crash-dialog-app","$v":[{"t":"idOrVar","v":"name"}," stürzte eben ab"]},{"$i":"crash-dialog-app-noname","$v":"Etwas"},{"$i":"crash-dialog-message","$v":"Wollen Sie einen Absturzbericht an Mozilla senden, um uns beim Beheben des Problems zu helfen? (Absturzberichte werden nur über WLAN versandt.)"},{"$i":"crash-info-link","$v":"Was befindet sich in einem Absturzbericht?"},{"$i":"crash-always-report","$v":"Bei einem Absturz immer einen Bericht an Mozilla senden"},{"$i":"crash-dont-send","$v":"Nicht senden"},{"$i":"crash-end","$v":"Bericht senden"},{"$i":"crashReports","$v":"Absturzberichte"},{"$i":"done","$v":"Fertig"},{"$i":"crash-reports-description-1","$v":"Ein Absturzbericht enthält einige Informationen über den Absturz und Ihr Gerät sowie eine Abbildung des Softwarezustandes Ihres Geräts während des Absturzes."},{"$i":"crash-reports-description-2","$v":"Dies können Informationen wie offene Internetseiten und Anwendungen, in Formulare getippter Text und der Inhalt geöffneter Nachrichten, die neueste Chronik oder Ihr Standpunkt sein, falls dieser von einer geöffneten App abgerufen wurde."},{"$i":"crash-reports-description-3-start","$v":"Wir verwenden Absturzberichte um zu versuchen, diese Probleme zu beheben und unsere Produkte zu verbessern. Wir verwenden die Informationen wie in unserer "},{"$i":"crash-reports-description-3-privacy","$v":"Datenschutzerklärung "},{"$i":"crash-reports-description-3-end","$v":"beschrieben."},{"$i":"crash-banner-os2","$v":[{"t":"idOrVar","v":"brandShortName"}," ist eben abgestürzt."]},{"$i":"crash-banner-app","$v":[{"t":"idOrVar","v":"name"}," ist eben abgestürzt."]},{"$i":"crash-banner-report","$v":"Bericht"},{"$i":"bluetooth-sending-progress","$v":"Ausgehender Bluetooth-Dateitransfer…"},{"$i":"bluetooth-receiving-progress","$v":"Eingehender Bluetooth-Dateitransfer…"},{"$i":"acceptFileTransfer","$v":"Bluetooth-Dateitransfer annehmen?"},{"$i":"wantToReceiveFile","$v":[{"t":"idOrVar","v":"deviceName"}," will ",{"t":"idOrVar","v":"fileName"}," (",{"t":"idOrVar","v":"fileSize"},") übertragen."]},{"$i":"transfer-confirmation-title","$v":[{"t":"idOrVar","v":"deviceName"}]},{"$i":"transfer-confirmation-description","$v":"Übertragungsanfrage ansehen"},{"$i":"byteUnit-B","$v":"B"},{"$i":"byteUnit-KB","$v":"KB"},{"$i":"byteUnit-MB","$v":"MB"},{"$i":"byteUnit-GB","$v":"GB"},{"$i":"byteUnit-TB","$v":"TB"},{"$i":"byteUnit-PB","$v":"PB"},{"$i":"byteUnit-EB","$v":"EB"},{"$i":"byteUnit-ZB","$v":"ZB"},{"$i":"byteUnit-YB","$v":"YB"},{"$i":"fileSize","$v":[{"t":"idOrVar","v":"size"}," ",{"t":"idOrVar","v":"unit"}]},{"$i":"deny","$v":"Ablehnen"},{"$i":"transfer","$v":"Übertragen"},{"$i":"cancelFileTransfer","$v":"Bluetooth-Dateitransfers abbrechen?"},{"$i":"continueFileTransfer","$v":"Fortsetzen"},{"$i":"transfer-has-started-title","$v":"Die Übertragung wurde gestartet"},{"$i":"transfer-has-started-description","$v":"Fortschritt ansehen"},{"$i":"transferFinished-sentSuccessful-title","$v":"Datei gesendet"},{"$i":"transferFinished-receivedSuccessful-title","$v":"Datei empfangen"},{"$i":"transferFinished-sentFailed-title","$v":"Datei konnte nicht gespeichert werden"},{"$i":"transferFinished-receivedFailed-title","$v":"Datei konnte nicht empfangen werden"},{"$i":"transferReport-title","$v":"Übertragungsbericht:"},{"$i":"transferReport-description","$v":[{"t":"idOrVar","v":"numSuccessful"}," Dateien erfolgreich, ",{"t":"idOrVar","v":"numUnsuccessful"}," Dateien fehlgeschlagen"]},{"$i":"unknown-file","$v":"Unbekannte Datei"},{"$i":"unknown-device","$v":"Unbekanntes Gerät"},{"$i":"cannotOpenFile","$v":"Kann Datei nicht öffnen"},{"$i":"unknownMediaTypeToOpenFile","$v":["Kann unbekannten Medientyp nicht öffnen: ",{"t":"idOrVar","v":"fileName"}]},{"$i":"cannotReceiveFile","$v":"Kann Datei nicht empfangen"},{"$i":"cannotGetStorageState","$v":"Kann den Zustand des Gerätespeichers nicht abrufen"},{"$i":"sdcard-not-exist2","$v":"Keine Speicherkarte gefunden. Bitte legen Sie eine Speicherkarte ein."},{"$i":"sdcard-in-use","$v":"Bluetooth kann nicht verwendet werden, während das Telefon angesteckt ist. Bitte ziehen Sie das Telefon ab, um Dateien zu empfangen."},{"$i":"sdcard-no-space2","$v":"Dateitransfer konnte nicht fertiggestellt werden: Speicherkarte ist voll."},{"$i":"unknown-error","$v":"Unbekannter Fehler"},{"$i":"confirm","$v":"OK"},{"$i":"sdcard-detected-title","$v":"Speicherkarte erkannt"},{"$i":"sdcard-total-size-body","$v":["Gesamtgröße: ",{"t":"idOrVar","v":"size"}," ",{"t":"idOrVar","v":"unit"}]},{"$i":"sdcard-unknown-size-then-tap-to-format-body","$v":"Unbekannte Größe, zum Formatieren antippen"},{"$i":"sdcard-removed-title","$v":"Speicherkarte entfernt"},{"$i":"sdcard-removed-ejected-successfully","$v":"Erfolgreich entnommen"},{"$i":"sdcard-removed-not-ejected-properly","$v":"Nicht korrekt entnommen"},{"$i":"microphone-is-on","$v":"Mikrofon ist aktiv"},{"$i":"camera-is-on","$v":"Kamera ist aktiv"},{"$i":"media-is-on","$v":"Kamera & Mikrofon sind aktiv"},{"$i":"noSimCard","$v":"Keine SIM-Karte"},{"$i":"simPin","$v":"SIM-PIN"},{"$i":"pukCode","$v":"PUK-Code"},{"$i":"nckCode","$v":"NCK-Code"},{"$i":"cckCode","$v":"CCK-Code"},{"$i":"spckCode","$v":"SPCK-Code"},{"$i":"nck1code","$v":"NCK1-Code"},{"$i":"nck2code","$v":"NCK2-Code"},{"$i":"hnckcode","$v":"HNCK-Code"},{"$i":"rcckcode","$v":"RCCK-Code"},{"$i":"rspckcode","$v":"RSPCK-Code"},{"$i":"whatIsSimPin","$v":"Was ist eine SIM-PIN?"},{"$i":"simPinIntro1","$v":"Eine SIM-PIN verhindert den Zugriff auf die SIM-Karte von Mobilfunknetzen. Wenn sie aktiviert ist, wird jedes Gerät mit dieser SIM-Karte beim Neustart die PIN abfragen."},{"$i":"simPinIntro2","$v":"Eine SIM-PIN ist etwas anderes als der Zugangscode, mit dem das Gerät entsperrt wird."},{"$i":"changeSimPin","$v":"PIN ändern"},{"$i":"pinTitle","$v":"SIM-PIN eingeben"},{"$i":"multiSIMpinTitle","$v":["SIM-",{"t":"idOrVar","v":"n"},"-PIN eingeben"]},{"$i":"pukTitle","$v":"PUK eingeben"},{"$i":"nckTitle","$v":"NCK-Code eingeben"},{"$i":"cckTitle","$v":"CCK-Code eingeben"},{"$i":"spckTitle","$v":"SPCK-Code eingeben"},{"$i":"nck1Title","$v":"NCK1-Code eingeben"},{"$i":"nck2Title","$v":"NCK2-Code eingeben"},{"$i":"hnckTitle","$v":"HNCK-Code eingeben"},{"$i":"rcckTitle","$v":"RCCK-Code eingeben"},{"$i":"rspckTitle","$v":"RSPCK-Code eingeben"},{"$i":"newpinTitle","$v":"Neue PIN"},{"$i":"inputCodeRetriesLeft","$v":{"one":"Letzter Versuch","two":[{"t":"idOrVar","v":"n"}," Versuche verbleibend"],"few":[{"t":"idOrVar","v":"n"}," Versuche verbleibend"],"many":[{"t":"idOrVar","v":"n"}," Versuche verbleibend"],"other":[{"t":"idOrVar","v":"n"}," Versuche verbleibend"]},"$x":[{"t":"idOrVar","v":"plural"},"n"]},{"$i":"pinErrorMsg","$v":"Die PIN war falsch."},{"$i":"pinAttemptMsg2","$v":{"one":"Sie haben noch einen Versuch, um den richtigen Code einzugeben, bevor die SIM-Karte gesperrt wird.","two":["Sie haben noch ",{"t":"idOrVar","v":"n"}," Versuche, um den richtigen Code einzugeben, bevor die SIM-Karte gesperrt wird."],"few":["Sie haben noch ",{"t":"idOrVar","v":"n"}," Versuche, um den richtigen Code einzugeben, bevor die SIM-Karte gesperrt wird."],"many":["Sie haben noch ",{"t":"idOrVar","v":"n"}," Versuche, um den richtigen Code einzugeben, bevor die SIM-Karte gesperrt wird."],"other":["Sie haben noch ",{"t":"idOrVar","v":"n"}," Versuche, um den richtigen Code einzugeben, bevor die SIM-Karte gesperrt wird."]},"$x":[{"t":"idOrVar","v":"plural"},"n"]},{"$i":"pinLastChanceMsg","$v":"Dies ist Ihre letzte Möglichkeit, die korrekte PIN einzugeben. Ansonsten müssen Sie den PUK-Code eingeben, um diese SIM-Karte zu verwenden."},{"$i":"simCardLockedMsg","$v":"Die SIM-Karte ist gesperrt."},{"$i":"enterPukMsg","$v":"Sie müssen den persönlichen Entsperrschlüssel (PUK-Code) für die SIM-Karte eingeben. Sehen Sie in der Dokumentation Ihrer SIM-Karte nach oder wenden Sie sich an Ihren Mobilfunkbetreiber, um weitere Informationen zu erhalten."},{"$i":"pukErrorMsg","$v":"Der PUK-Code ist falsch."},{"$i":"pukAttemptMsg2","$v":{"one":"Sie haben noch einen Versuch, um den richtigen Code einzugeben, bevor diese SIM-Karte dauerhaft unbenutzbar wird. Sehen Sie in Ihrer SIM-Karten-Dokumentation nach oder wenden Sie sich an Ihren Mobilfunkbetreiber, um weitere Informationen zu erhalten.","two":["Sie haben noch ",{"t":"idOrVar","v":"n"}," Versuche, um den richtigen Code einzugeben, bevor diese SIM-Karte dauerhaft unbenutzbar wird. Sehen Sie in Ihrer SIM-Karten-Dokumentation nach oder wenden Sie sich an Ihren Mobilfunkbetreiber, um weitere Informationen zu erhalten."],"few":["Sie haben noch ",{"t":"idOrVar","v":"n"}," Versuche, um den richtigen Code einzugeben, bevor diese SIM-Karte dauerhaft unbenutzbar wird. Sehen Sie in Ihrer SIM-Karten-Dokumentation nach oder wenden Sie sich an Ihren Mobilfunkbetreiber, um weitere Informationen zu erhalten."],"many":["Sie haben noch ",{"t":"idOrVar","v":"n"}," Versuche, um den richtigen Code einzugeben, bevor diese SIM-Karte dauerhaft unbenutzbar wird. Sehen Sie in Ihrer SIM-Karten-Dokumentation nach oder wenden Sie sich an Ihren Mobilfunkbetreiber, um weitere Informationen zu erhalten."],"other":["Sie haben noch ",{"t":"idOrVar","v":"n"}," Versuche, um den richtigen Code einzugeben, bevor diese SIM-Karte dauerhaft unbenutzbar wird. Sehen Sie in Ihrer SIM-Karten-Dokumentation nach oder wenden Sie sich an Ihren Mobilfunkbetreiber, um weitere Informationen zu erhalten."]},"$x":[{"t":"idOrVar","v":"plural"},"n"]},{"$i":"pukLastChanceMsg","$v":"Letzte Chance, um den korrekten PUK-Code einzugeben. Ihre SIM-Karte wird dauerhaft unbenutzbar, wenn Sie einen falschen PUK-Code eingeben. Sehen Sie in Ihrer SIM-Karten-Dokumentation nach oder wenden Sie sich an Ihren Mobilfunkbetreiber, um weitere Informationen zu erhalten."},{"$i":"newSimPinMsg","$v":"PIN erstellen (muss zwischen 4 und 8 Zeichen enthalten)"},{"$i":"confirmNewSimPinMsg","$v":"Neue PIN bestätigen"},{"$i":"newPinErrorMsg","$v":"PINs stimmen nicht überein."},{"$i":"nckErrorMsg","$v":"Der NCK-Code ist falsch."},{"$i":"nckAttemptMsg2","$v":{"one":"Netzwerkdepersonalisierungsanfrage schlug fehl. Sie haben einen Versuch, um den richtigen Code einzugeben. Sehen Sie in der Dokumentation Ihre Gerätes nach oder wenden Sie sich an Ihren Mobilfunkbetreiber.","two":["Netzwerkdepersonalisierungsanfrage schlug fehl. Sie haben ",{"t":"idOrVar","v":"n"}," Versuche, um den richtigen Code einzugeben. Sehen Sie in der Dokumentation Ihre Gerätes nach oder wenden Sie sich an Ihren Mobilfunkbetreiber."],"few":["Netzwerkdepersonalisierungsanfrage schlug fehl. Sie haben ",{"t":"idOrVar","v":"n"}," Versuche, um den richtigen Code einzugeben. Sehen Sie in der Dokumentation Ihre Gerätes nach oder wenden Sie sich an Ihren Mobilfunkbetreiber."],"many":["Netzwerkdepersonalisierungsanfrage schlug fehl. Sie haben ",{"t":"idOrVar","v":"n"}," Versuche, um den richtigen Code einzugeben. Sehen Sie in der Dokumentation Ihre Gerätes nach oder wenden Sie sich an Ihren Mobilfunkbetreiber."],"other":["Netzwerkdepersonalisierungsanfrage schlug fehl. Sie haben ",{"t":"idOrVar","v":"n"}," Versuche, um den richtigen Code einzugeben. Sehen Sie in der Dokumentation Ihre Gerätes nach oder wenden Sie sich an Ihren Mobilfunkbetreiber."]},"$x":[{"t":"idOrVar","v":"plural"},"n"]},{"$i":"nckLastChanceMsg","$v":"Aufheben der Mobilfunknetzvorgabe war nicht erfolgreich. Dies ist der letzte Versuch, um den richtigen Code einzugeben. Sehen Sie in der Dokumentation Ihre Gerätes nach oder wenden Sie sich an Ihren Mobilfunkbetreiber."},{"$i":"activity-pick","$v":"Auswählen:"},{"$i":"activity-view","$v":"Anzeigen mit"},{"$i":"activity-test","$v":"Testen mit"},{"$i":"activity-share","$v":"Teilen mit"},{"$i":"activity-new","$v":"Erstellen mit"},{"$i":"activity-open","$v":"Öffnen mit"},{"$i":"activity-save-bookmark","$v":"Als Lesezeichen hinzufügen mit"},{"$i":"activity-record","$v":"Aufnehmen mit"},{"$i":"activity-browse","$v":"Durchsuchen mit"},{"$i":"activity-configure","$v":"Konfigurieren mit"},{"$i":"activity-dial","$v":"Anrufen aus"},{"$i":"persona-signin","$v":"Anmelden"},{"$i":"payment-flow","$v":"Kaufen"},{"$i":"remoteDebuggerPromptUSB","$v":"Allow USB debugging connection?"},{"$i":"remoteDebuggerPromptTCP","$v":["Allow remote debugging connection from ",{"t":"idOrVar","v":"host"},":",{"t":"idOrVar","v":"port"},"?"]},{"$i":"devtools-auth-scan2","$v":"Scanning for the QR code displayed on your other device…"},{"$i":"fullscreen-request","$v":[{"t":"idOrVar","v":"origin"}," ist jetzt im Vollbildmodus."]},{"$i":"captive-wifi-available","$v":["Es wurde das WLAN ",{"t":"idOrVar","v":"networkName"}," gefunden. Verbinden?"]},{"$i":"ceWarningtitle","$v":"Lautstärkewarnung"},{"$i":"ceWarningcontent","$v":"Um Hörschäden zu vermeiden, sollten Sie hohe Lautstärken nicht zu lang verwenden."},{"$i":"notification-powersaving-mode-on-title","$v":"Energiesparmodus"},{"$i":"notification-powersaving-mode-on-description","$v":"Energiesparmodus ist aktiv"},{"$i":"low-device-storage","$v":"Wenig Speicherplatz frei.\\n"},{"$i":"free-space","$v":{"zero":"Kein freier Speicherplatz","one":["Weniger als ",{"t":"idOrVar","v":"value"}," ",{"t":"idOrVar","v":"unit"}," verbleibend"],"two":["Weniger als ",{"t":"idOrVar","v":"value"}," ",{"t":"idOrVar","v":"unit"}," verbleibend"],"few":["Weniger als ",{"t":"idOrVar","v":"value"}," ",{"t":"idOrVar","v":"unit"}," verbleibend"],"many":["Weniger als ",{"t":"idOrVar","v":"value"}," ",{"t":"idOrVar","v":"unit"}," verbleibend"],"other":["Weniger als ",{"t":"idOrVar","v":"value"}," ",{"t":"idOrVar","v":"unit"}," verbleibend"]},"$x":[{"t":"idOrVar","v":"plural"},"value"]},{"$i":"unknown-free-space","$v":"Verbleibender Speicherplatz unbekannt"},{"$i":"system-alert","$v":"Systemalarm"},{"$i":"cb-channel","$v":["Kanal ",{"t":"idOrVar","v":"channel"}]},{"$i":"cb-etws-warningType-earthquake","$v":"Erdbebenwarnung!"},{"$i":"cb-etws-warningType-tsunami","$v":"Tsunami-Warnung!"},{"$i":"cb-etws-warningType-earthquake-tsunami","$v":"Erdbeben- und Tsunami-Warnung!"},{"$i":"cb-etws-warningType-test","$v":"Alarmsystem wird getestet."},{"$i":"cb-etws-warningType-other","$v":"Katastrophenwarnung!"},{"$i":"icc-message-maintitle","$v":"Betreibernachricht"},{"$i":"icc-message-subtitle","$v":["SIM ",{"t":"idOrVar","v":"id"}]},{"$i":"icc-confirmCall-defaultmessage","$v":[{"t":"idOrVar","v":"number"}," anrufen?"]},{"$i":"icc-alertMessage-send-ss","$v":"Send SS"},{"$i":"icc-alertMessage-send-ussd","$v":"Send USSD"},{"$i":"icc-alertMessage-send-sms","$v":"Send SMS"},{"$i":"icc-confirmMessage-defaultmessage","$v":"Nachricht senden?"},{"$i":"icc-inputbox-maintitle","$v":"STK-Anfrage"},{"$i":"icc-inputbox-subtitle","$v":["SIM ",{"t":"idOrVar","v":"id"}]},{"$i":"emergency-callback-mode","$v":"Notrufrückrufmodus"},{"$i":"emergency-callback-message","$v":"Sie können keine Anrufe durchführen, Nachrichten senden und nicht online gehen, da der Notrufrückrufmodus aktiv ist. Soll der Modus deaktiviert werden?"},{"$i":"cdma-record-info","$v":"CDMA-Informationen"},{"$i":"ime-switching-title","$v":[{"t":"idOrVar","v":"appName"},": ",{"t":"idOrVar","v":"name"}]},{"$i":"ime-switching-tip","$v":"Antippen: Andere Eingabemethode"},{"$i":"shrinking-tip","$v":"Zum Teilen zur Seite wischen"},{"$i":"download_started","$v":"Download gestartet"},{"$i":"download_stopped","$v":"Download angehalten"},{"$i":"download_downloading","$v":"Download wird durchgeführt…"},{"$i":"download_succeeded","$v":"Download abgeschlossen"},{"$i":"download_failed","$v":"Download fehlgeschlagen"},{"$i":"download_text_by_default","$v":[{"t":"idOrVar","v":"name"}]},{"$i":"download_downloading_text_2","$v":[{"t":"idOrVar","v":"percentage"},"% - ",{"t":"idOrVar","v":"name"}]},{"$i":"search-the-web","$v":"Im Internet suchen"},{"$i":"search-or-enter-address","$v":"Suche oder Adresse","placeholder":"Suche oder Adresse"},{"$i":"back-button","ariaLabel":"Zurück"},{"$i":"forward-button","ariaLabel":"Vor"},{"$i":"reload-button","ariaLabel":"Neu laden"},{"$i":"stop-button","ariaLabel":"Anhalten"},{"$i":"windows-button","ariaLabel":"Fenster anzeigen"},{"$i":"noHotspotWhenAPMisOnWifiHotspot","$v":"Zur Verwendung des WLAN-Hotspots muss der Flugmodus deaktiviert werden."},{"$i":"apmActivated","$v":"Flugmodus aktiv"},{"$i":"open-in-new-window","$v":"Link in neuem Fenster öffnen"},{"$i":"open-in-new-private-window","$v":"Link in neuem privaten Fenster öffnen"},{"$i":"add-link-to-home-screen","$v":"Link zum Startbildschirm hinzufügen"},{"$i":"share-link","$v":"Link weitergeben"},{"$i":"save-image","$v":"Grafik speichern"},{"$i":"save-video","$v":"Video speichern"},{"$i":"save-audio","$v":"Audio speichern"},{"$i":"save-link","$v":"Ziel speichern"},{"$i":"share-image","$v":"Grafik weitergeben"},{"$i":"share-video","$v":"Video weitergeben"},{"$i":"share-audio","$v":"Audio weitergeben"},{"$i":"private-window","$v":"Privates Fenster"},{"$i":"private-browser-title","$v":"Sie surfen im privaten Modus."},{"$i":"private-window-detail1","$v":"Der Browser wird weder die Adressen der besuchten Seiten noch Cookies oder temporäre Internetdateien speichern."},{"$i":"private-window-detail2","$v":"Während auf diesem Gerät keine Spuren Ihrer Browserchronik gespeichert werden, kann Ihr Internetanbieter trotzdem nachverfolgen, welche Seiten Sie besuchen."},{"$i":"okCharsLeft","$v":["OK (",{"t":"idOrVar","v":"n"},")"]},{"$i":"network-error-in-app","$v":"Derzeit keine Verbindung zum Internet."},{"$i":"network-error-launching","$v":[{"t":"idOrVar","v":"name"}," benötigt eine Internetverbindung."]},{"$i":"server-not-found","$v":"Server nicht gefunden"},{"$i":"server-not-found-error","$v":["Server ",{"t":"idOrVar","v":"name"}," wurde nicht gefunden."]},{"$i":"file-not-found","$v":"Datei nicht gefunden"},{"$i":"file-not-found-error","$v":"Das Gerät kann die Seite nicht anzeigen, da die Datei nicht gefunden wurde."},{"$i":"connection-failed","$v":"Fehler: Verbindung fehlgeschlagen"},{"$i":"connection-failed-error","$v":"Beim Aufrufen der Seite trat ein Netzwerkfehler auf."},{"$i":"invalid-connection","$v":"Fehler: Verbindung fehlgeschlagen"},{"$i":"invalid-connection-error","$v":"Beim Aufrufen der Seite trat ein Netzwerkfehler auf."},{"$i":"malformed-uri","$v":"Ungültige Adresse"},{"$i":"malformed-uri-error","$v":"Die eingegebene Adresse ist ungültig und kann nicht geladen werden."},{"$i":"redirect-loop","$v":"Seite kann nicht angezeigt werden"},{"$i":"redirect-loop-error","$v":"Die Seite kann nicht angezeigt werden, weil sie nicht ordnungsgemäßg weiterleitet. Rufen Sie diese Seite später erneut auf."},{"$i":"not-cached","$v":"Seite erloschen"},{"$i":"not-cached-error","$v":"Die Seite kann als Vorsichtsmaßnahme nicht angezeigt werden, da sie abgelaufen ist."},{"$i":"is-printing-error","$v":"Das Dokument kann nicht verändert werden, während es gedruckt wird oder die Druckvorschau angezeigt wird."},{"$i":"denied-port-access","$v":"Fehler: Port aus Sicherheitsgründen blockiert"},{"$i":"denied-port-access-error","$v":"Die aufgerufene Adresse fordert einen Port, der normalerweise nicht zum Browsen im Web verwendet wird. Die Anfrage wurde vom Gerät zu Ihrem Schutz abgebrochen."},{"$i":"proxy-resolve-failure","$v":"Proxy-Server-Fehler"},{"$i":"proxy-resolve-failure-error","$v":"Das Gerät wurde konfiguriert, einen Proxy-Server zu verwenden, der aber nicht gefunden werden kann."},{"$i":"proxy-connect-failure","$v":"Proxy-Server-Fehler"},{"$i":"proxy-connect-failure-error","$v":"Das Gerät wurde konfiguriert, einen Proxy-Server zu verwenden, der aber Verbindungen ablehnt."},{"$i":"content-encoding","$v":"Seite kann nicht angezeigt werden"},{"$i":"content-encoding-error","$v":"Das Gerät kann die Seite nicht anzeigen, da beim Kodieren des Inhalts ein Fehler auftrat."},{"$i":"remote-xul","$v":"Seite nicht unterstützt"},{"$i":"remote-xul-error","$v":"Die Seite verwendet eine Methode (Remote-XUL), welche von diesem Gerät nicht unterstützt wird."},{"$i":"phishing-blocked","$v":"Warnung"},{"$i":"phishing-blocked-error","$v":"Die Webseite wurde als Betrugsversuch gemeldet, die erstellt wurde, um Anwender dazu zu bringen, persönliche bzw. finanzielle Daten preiszugeben."},{"$i":"malware-blocked","$v":"Attackierende Seite blockiert"},{"$i":"malware-blocked-error","$v":"Die Webseite wurde als attackierende Seite (Malware) gemeldet und daher blockiert."},{"$i":"unsafe-content-type","$v":"Nicht sicherer Inhalt"},{"$i":"unsafe-content-type-error","$v":"Der Inhalt dieser Seite kann nicht angezeigt werden, da es nicht sicher ist, ihn zu öffnen."},{"$i":"corrupted-content","$v":"Seite kann nicht angezeigt werden"},{"$i":"corrupted-content-error","$v":"Die Seite kann nicht angezeigt werden, da ein Fehler in der Datenübertragung festgestellt wurde."},{"$i":"try-again","$v":"Neu versuchen"},{"$i":"check-settings","$v":"Einstellungen überprüfen"},{"$i":"accessibility-enableScreenReaderSteps","$v":"Um die Sprachausgabe zu aktivieren, drücken Sie die Tasten \"lauter\" und \"leiser\" abwechselnd je drei Mal."},{"$i":"accessibility-disableScreenReaderSteps","$v":"Um die Sprachausgabe zu deaktivieren, drücken Sie die Tasten \"lauter\" und \"leiser\" abwechselnd je drei Mal."},{"$i":"accessibility-screenReaderStarted","$v":"Sprachausgabe gestartet"},{"$i":"accessibility-screenReaderStopped","$v":"Sprachausgabe beendet"},{"$i":"accessibility-menubar","$v":"Menüleiste"},{"$i":"accessibility-scrollbar","$v":"Bildlaufleiste"},{"$i":"accessibility-grip","$v":"Griff"},{"$i":"accessibility-alert","$v":"Benachrichtigung"},{"$i":"accessibility-menupopup","$v":"Menü-Popup"},{"$i":"accessibility-document","$v":"Dokument"},{"$i":"accessibility-pane","$v":"Bereich"},{"$i":"accessibility-dialog","$v":"Dialog"},{"$i":"accessibility-separator","$v":"Trenner"},{"$i":"accessibility-toolbar","$v":"Symbolleiste"},{"$i":"accessibility-statusbar","$v":"Statusleiste"},{"$i":"accessibility-table","$v":"Tabelle"},{"$i":"accessibility-columnheader","$v":"Spaltenkopf"},{"$i":"accessibility-rowheader","$v":"Zeilenkopf"},{"$i":"accessibility-column","$v":"Spalte"},{"$i":"accessibility-row","$v":"Zeile"},{"$i":"accessibility-cell","$v":"Zelle"},{"$i":"accessibility-link","$v":"Link"},{"$i":"accessibility-list","$v":"Liste"},{"$i":"accessibility-listitem","$v":"Listeneintrag"},{"$i":"accessibility-outline","$v":"Gliederung"},{"$i":"accessibility-outlineitem","$v":"Gliederungseintrag"},{"$i":"accessibility-pagetab","$v":"Tab"},{"$i":"accessibility-propertypage","$v":"Eigenschaftsseite"},{"$i":"accessibility-graphic","$v":"Grafik"},{"$i":"accessibility-pushbutton","$v":"Schaltfläche"},{"$i":"accessibility-checkbutton","$v":"Kontrollfeld"},{"$i":"accessibility-radiobutton","$v":"Auswahl-Schaltfläche"},{"$i":"accessibility-combobox","$v":"Kombinationsfeld"},{"$i":"accessibility-progressbar","$v":"Fortschrittsleiste"},{"$i":"accessibility-slider","$v":"Schieber"},{"$i":"accessibility-spinbutton","$v":"Schritt-Schaltfläche"},{"$i":"accessibility-diagram","$v":"Diagramm"},{"$i":"accessibility-animation","$v":"Animation"},{"$i":"accessibility-equation","$v":"Gleichung"},{"$i":"accessibility-buttonmenu","$v":"Schaltflächen-Menü"},{"$i":"accessibility-whitespace","$v":"Freiraum"},{"$i":"accessibility-pagetablist","$v":"Tab-Liste"},{"$i":"accessibility-canvas","$v":"Canvas"},{"$i":"accessibility-checkmenuitem","$v":"Ein/Aus-Menüeintrag"},{"$i":"accessibility-label","$v":"Beschriftung"},{"$i":"accessibility-passwordtext","$v":"Passwort-Text"},{"$i":"accessibility-radiomenuitem","$v":"Auswahlmenüeintrag"},{"$i":"accessibility-textcontainer","$v":"Textbehälter"},{"$i":"accessibility-togglebutton","$v":"Umschaltfläche"},{"$i":"accessibility-treetable","$v":"Baum-Tabelle"},{"$i":"accessibility-header","$v":"Kopfzeile"},{"$i":"accessibility-footer","$v":"Fußzeile"},{"$i":"accessibility-paragraph","$v":"Absatz"},{"$i":"accessibility-entry","$v":"Eintrag"},{"$i":"accessibility-caption","$v":"Legende"},{"$i":"accessibility-heading","$v":"Überschrift"},{"$i":"accessibility-section","$v":"Abschnitt"},{"$i":"accessibility-form","$v":"Formular"},{"$i":"accessibility-comboboxlist","$v":"Kombinationsfeld-Liste"},{"$i":"accessibility-comboboxoption","$v":"Kombinationsfeld-Option"},{"$i":"accessibility-imagemap","$v":"Image-Map"},{"$i":"accessibility-listboxoption","$v":"Option"},{"$i":"accessibility-listbox","$v":"Auswahlliste"},{"$i":"accessibility-flatequation","$v":"Einfache Gleichung"},{"$i":"accessibility-gridcell","$v":"Rasterzelle"},{"$i":"accessibility-note","$v":"Anmerkung"},{"$i":"accessibility-figure","$v":"Abbildung"},{"$i":"accessibility-definitionlist","$v":"Definitionsliste"},{"$i":"accessibility-term","$v":"Begriff"},{"$i":"accessibility-definition","$v":"Definition"},{"$i":"accessibility-textarea","$v":"Textfeld"},{"$i":"accessibility-textInputType_date","$v":"Datum"},{"$i":"accessibility-textInputType_email","$v":"E-Mail"},{"$i":"accessibility-textInputType_search","$v":"Suchen"},{"$i":"accessibility-textInputType_tel","$v":"Telefon"},{"$i":"accessibility-textInputType_url","$v":"URL"},{"$i":"accessibility-headingLevel","$v":["Überschrift Ebene ",{"t":"idOrVar","v":"0"}]},{"$i":"accessibility-listStart","$v":"Erster Eintrag"},{"$i":"accessibility-listEnd","$v":"Letzter Eintrag"},{"$i":"accessibility-listItemsCount","$v":{"zero":[{"t":"idOrVar","v":"count"}," Einträge"],"one":[{"t":"idOrVar","v":"count"}," Eintrag"],"two":[{"t":"idOrVar","v":"count"}," Einträge"],"few":[{"t":"idOrVar","v":"count"}," Einträge"],"many":[{"t":"idOrVar","v":"count"}," Einträge"],"other":[{"t":"idOrVar","v":"count"}," Einträge"]},"$x":[{"t":"idOrVar","v":"plural"},"count"]},{"$i":"accessibility-objItemOfN","$v":[{"t":"idOrVar","v":"0"}," von ",{"t":"idOrVar","v":"1"}]},{"$i":"accessibility-banner","$v":"Banner"},{"$i":"accessibility-complementary","$v":"Ergänzung"},{"$i":"accessibility-contentinfo","$v":"Inhaltsinfo"},{"$i":"accessibility-main","$v":"Haupt-"},{"$i":"accessibility-navigation","$v":"Navigation"},{"$i":"accessibility-search","$v":"Suche"},{"$i":"accessibility-tblColumnInfo","$v":{"zero":["mit ",{"t":"idOrVar","v":"count"}," Spalten"],"one":["mit ",{"t":"idOrVar","v":"count"}," Spalte"],"two":["mit ",{"t":"idOrVar","v":"count"}," Spalten"],"few":["mit ",{"t":"idOrVar","v":"count"}," Spalten"],"many":["mit ",{"t":"idOrVar","v":"count"}," Spalten"],"other":["mit ",{"t":"idOrVar","v":"count"}," Spalten"]},"$x":[{"t":"idOrVar","v":"plural"},"count"]},{"$i":"accessibility-tblRowInfo","$v":{"zero":["und ",{"t":"idOrVar","v":"count"}," Zeilen"],"one":["und ",{"t":"idOrVar","v":"count"}," Zeile"],"two":["und ",{"t":"idOrVar","v":"count"}," Zeilen"],"few":["und ",{"t":"idOrVar","v":"count"}," Zeilen"],"many":["und ",{"t":"idOrVar","v":"count"}," Zeilen"],"other":["und ",{"t":"idOrVar","v":"count"}," Zeilen"]},"$x":[{"t":"idOrVar","v":"plural"},"count"]},{"$i":"accessibility-columnInfo","$v":["Spalte ",{"t":"idOrVar","v":"0"}]},{"$i":"accessibility-rowInfo","$v":["Zeile ",{"t":"idOrVar","v":"0"}]},{"$i":"accessibility-spansColumns","$v":{"zero":["überspannt ",{"t":"idOrVar","v":"0"}," Spalten"],"one":["überspannt ",{"t":"idOrVar","v":"0"}," Spalte"],"two":["überspannt ",{"t":"idOrVar","v":"0"}," Spalten"],"few":["überspannt ",{"t":"idOrVar","v":"0"}," Spalten"],"many":["überspannt ",{"t":"idOrVar","v":"0"}," Spalten"],"other":["überspannt ",{"t":"idOrVar","v":"0"}," Spalten"]},"$x":[{"t":"idOrVar","v":"plural"},"0"]},{"$i":"accessibility-spansRows","$v":{"zero":["überspannt ",{"t":"idOrVar","v":"0"}," Zeilen"],"one":["überspannt ",{"t":"idOrVar","v":"0"}," Zeile"],"two":["überspannt ",{"t":"idOrVar","v":"0"}," Zeilen"],"few":["überspannt ",{"t":"idOrVar","v":"0"}," Zeilen"],"many":["überspannt ",{"t":"idOrVar","v":"0"}," Zeilen"],"other":["überspannt ",{"t":"idOrVar","v":"0"}," Zeilen"]},"$x":[{"t":"idOrVar","v":"plural"},"0"]},{"$i":"accessibility-jumpAction","$v":"gesprungen"},{"$i":"accessibility-pressAction","$v":"gedrückt"},{"$i":"accessibility-checkAction","$v":"angewählt"},{"$i":"accessibility-uncheckAction","$v":"abgewählt"},{"$i":"accessibility-selectAction","$v":"ausgewählt"},{"$i":"accessibility-unselectAction","$v":"Auswahl aufgehoben"},{"$i":"accessibility-openAction","$v":"geöffnet"},{"$i":"accessibility-closeAction","$v":"geschlossen"},{"$i":"accessibility-switchAction","$v":"(um)geschaltet"},{"$i":"accessibility-clickAction","$v":"angeklickt"},{"$i":"accessibility-collapseAction","$v":"zugeklappt"},{"$i":"accessibility-expandAction","$v":"ausgeklappt"},{"$i":"accessibility-activateAction","$v":"aktiviert"},{"$i":"accessibility-cycleAction","$v":"umgeschaltet"},{"$i":"accessibility-hidden","$v":"versteckt"},{"$i":"accessibility-tabLoading","$v":"laden"},{"$i":"accessibility-tabLoaded","$v":"geladen"},{"$i":"accessibility-tabNew","$v":"neuer Tab"},{"$i":"accessibility-tabLoadStopped","$v":"Laden angehalten"},{"$i":"accessibility-tabReload","$v":"neu laden"},{"$i":"accessibility-stateChecked","$v":"angewählt"},{"$i":"accessibility-stateNotChecked","$v":"nicht angewählt"},{"$i":"accessibility-statePressed","$v":"gedrückt"},{"$i":"accessibility-stateExpanded","$v":"ausgeklappt"},{"$i":"accessibility-stateCollapsed","$v":"zugeklappt"},{"$i":"accessibility-stateUnavailable","$v":"nicht verfügbar"},{"$i":"accessibility-stateRequired","$v":"benötigt"},{"$i":"accessibility-stateTraversed","$v":"besucht"},{"$i":"accessibility-stateHasPopup","$v":"hat Popup"},{"$i":"accessibility-stateSelected","$v":"ausgewählt"},{"$i":"accessibility-editingMode","$v":"Bearbeiten"},{"$i":"accessibility-navigationMode","$v":"Navigieren"},{"$i":"accessibility-quicknav_Simple","$v":"Standard"},{"$i":"accessibility-quicknav_Anchor","$v":"Anker"},{"$i":"accessibility-quicknav_Button","$v":"Schaltflächen"},{"$i":"accessibility-quicknav_Combobox","$v":"Kombinationsfelder"},{"$i":"accessibility-quicknav_Landmark","$v":"Orientierungspunkte"},{"$i":"accessibility-quicknav_Entry","$v":"Einträge"},{"$i":"accessibility-quicknav_FormElement","$v":"Formularelemente"},{"$i":"accessibility-quicknav_Graphic","$v":"Grafiken"},{"$i":"accessibility-quicknav_Heading","$v":"Überschriften"},{"$i":"accessibility-quicknav_ListItem","$v":"Listeneinträge"},{"$i":"accessibility-quicknav_Link","$v":"Links"},{"$i":"accessibility-quicknav_List","$v":"Listen"},{"$i":"accessibility-quicknav_PageTab","$v":"Seiten-Tabs"},{"$i":"accessibility-quicknav_RadioButton","$v":"Auswahl-Schaltflächen"},{"$i":"accessibility-quicknav_Separator","$v":"Trenner"},{"$i":"accessibility-quicknav_Table","$v":"Tabellen"},{"$i":"accessibility-quicknav_Checkbox","$v":"Kontrollfelder"},{"$i":"accessibility-menubarAbbr","$v":"Menüleiste"},{"$i":"accessibility-scrollbarAbbr","$v":"Bildlaufleiste"},{"$i":"accessibility-gripAbbr","$v":"Griff"},{"$i":"accessibility-alertAbbr","$v":"Benachrichtigung"},{"$i":"accessibility-menupopupAbbr","$v":"Menü-Popup"},{"$i":"accessibility-documentAbbr","$v":"Dokument"},{"$i":"accessibility-paneAbbr","$v":"Bereich"},{"$i":"accessibility-dialogAbbr","$v":"Dialog"},{"$i":"accessibility-separatorAbbr","$v":"Trenner"},{"$i":"accessibility-toolbarAbbr","$v":"Symbolleiste"},{"$i":"accessibility-statusbarAbbr","$v":"Statusleiste"},{"$i":"accessibility-tableAbbr","$v":"Tbll"},{"$i":"accessibility-columnheaderAbbr","$v":"Spaltenkopf"},{"$i":"accessibility-rowheaderAbbr","$v":"Zeilenkopf"},{"$i":"accessibility-columnAbbr","$v":"Spalte"},{"$i":"accessibility-rowAbbr","$v":"Zeile"},{"$i":"accessibility-cellAbbr","$v":"Zelle"},{"$i":"accessibility-linkAbbr","$v":"Lnk"},{"$i":"accessibility-listAbbr","$v":"Liste"},{"$i":"accessibility-listitemAbbr","$v":"Listeneintrag"},{"$i":"accessibility-outlineAbbr","$v":"Gliederung"},{"$i":"accessibility-outlineitemAbbr","$v":"Gliederungseintrag"},{"$i":"accessibility-pagetabAbbr","$v":"Tab"},{"$i":"accessibility-propertypageAbbr","$v":"Eigenschaftsseite"},{"$i":"accessibility-graphicAbbr","$v":"Grafik"},{"$i":"accessibility-pushbuttonAbbr","$v":"Schltflch"},{"$i":"accessibility-checkbuttonAbbr","$v":"Kontrollfeld"},{"$i":"accessibility-radiobuttonAbbr","$v":"Auswahl-Schaltfläche"},{"$i":"accessibility-comboboxAbbr","$v":"Kombinationsfeld"},{"$i":"accessibility-progressbarAbbr","$v":"Fortschrittsleiste"},{"$i":"accessibility-sliderAbbr","$v":"Schieber"},{"$i":"accessibility-spinbuttonAbbr","$v":"Schritt-Schaltfläche"},{"$i":"accessibility-diagramAbbr","$v":"Diagramm"},{"$i":"accessibility-animationAbbr","$v":"Animation"},{"$i":"accessibility-equationAbbr","$v":"Gleichung"},{"$i":"accessibility-buttonmenuAbbr","$v":"Schaltflächen-Menü"},{"$i":"accessibility-whitespaceAbbr","$v":"Freiraum"},{"$i":"accessibility-pagetablistAbbr","$v":"Tab-Liste"},{"$i":"accessibility-canvasAbbr","$v":"Canvas"},{"$i":"accessibility-checkmenuitemAbbr","$v":"Ein/Aus-Menüeintrag"},{"$i":"accessibility-labelAbbr","$v":"Beschriftung"},{"$i":"accessibility-passwordtextAbbr","$v":"Passwttxt"},{"$i":"accessibility-radiomenuitemAbbr","$v":"Auswahlmenüeintrag"},{"$i":"accessibility-textcontainerAbbr","$v":"Textbehälter"},{"$i":"accessibility-togglebuttonAbbr","$v":"Umschaltfläche"},{"$i":"accessibility-treetableAbbr","$v":"Baum-Tabelle"},{"$i":"accessibility-headerAbbr","$v":"Kopfzeile"},{"$i":"accessibility-footerAbbr","$v":"Fußzeile"},{"$i":"accessibility-paragraphAbbr","$v":"Absatz"},{"$i":"accessibility-entryAbbr","$v":"Eintrag"},{"$i":"accessibility-captionAbbr","$v":"Legende"},{"$i":"accessibility-headingAbbr","$v":"Überschrift"},{"$i":"accessibility-sectionAbbr","$v":"Abschnitt"},{"$i":"accessibility-formAbbr","$v":"Formular"},{"$i":"accessibility-comboboxlistAbbr","$v":"Kombinationsfeld-Liste"},{"$i":"accessibility-comboboxoptionAbbr","$v":"Kombinationsfeld-Option"},{"$i":"accessibility-imagemapAbbr","$v":"Imgmap"},{"$i":"accessibility-listboxoptionAbbr","$v":"Option"},{"$i":"accessibility-listboxAbbr","$v":"Auswahlliste"},{"$i":"accessibility-flatequationAbbr","$v":"Einfache Gleichung"},{"$i":"accessibility-gridcellAbbr","$v":"Rasterzelle"},{"$i":"accessibility-noteAbbr","$v":"Anmerkung"},{"$i":"accessibility-figureAbbr","$v":"Abbldg"},{"$i":"accessibility-definitionlistAbbr","$v":"Definitionsliste"},{"$i":"accessibility-termAbbr","$v":"Begriff"},{"$i":"accessibility-definitionAbbr","$v":"Definition"},{"$i":"accessibility-textareaAbbr","$v":"Txtfeld"},{"$i":"accessibility-tblColumnInfoAbbr","$v":{"one":[{"t":"idOrVar","v":"count"},"c"],"two":[{"t":"idOrVar","v":"count"},"c"],"few":[{"t":"idOrVar","v":"count"},"c"],"many":[{"t":"idOrVar","v":"count"},"c"],"other":[{"t":"idOrVar","v":"count"},"c"]},"$x":[{"t":"idOrVar","v":"plural"},"count"]},{"$i":"accessibility-tblRowInfoAbbr","$v":{"one":[{"t":"idOrVar","v":"count"},"r"],"two":[{"t":"idOrVar","v":"count"},"r"],"few":[{"t":"idOrVar","v":"count"},"r"],"many":[{"t":"idOrVar","v":"count"},"r"],"other":[{"t":"idOrVar","v":"count"},"r"]},"$x":[{"t":"idOrVar","v":"plural"},"count"]},{"$i":"accessibility-cellInfoAbbr","$v":["c",{"t":"idOrVar","v":"0"},"r",{"t":"idOrVar","v":"1"}]},{"$i":"accessibility-stateCheckedAbbr","$v":"(x)"},{"$i":"accessibility-stateUncheckedAbbr","$v":"( )"},{"$i":"accessibility-statePressedAbbr","$v":"(x)"},{"$i":"accessibility-stateUnpressedAbbr","$v":"( )"},{"$i":"accessibility-pushbutton-hint","$v":"Double tap to activate"},{"$i":"accessibility-checkbutton-hint","$v":"Double tap to activate"},{"$i":"accessibility-combobox-hint","$v":"Double tap to activate"},{"$i":"accessibility-key-hint","$v":"Prese and hold to activate"},{"$i":"accessibility-link-hint","$v":"Double tap to activate"},{"$i":"accessibility-menuitem-hint","$v":"Double tap to activate"},{"$i":"accessibility-option-hint","$v":"Double tap to activate"},{"$i":"accessibility-radiobutton-hint","$v":"Double tap to activate"},{"$i":"accessibility-slider-hint","$v":"Swipe up to increase or down to decrease"},{"$i":"accessibility-spinbutton-hint","$v":"Swipe up to increase or down to decrease"},{"$i":"accessibility-pagetab-hint","$v":"Double tap to activate"},{"$i":"accessibility-entry-hint","$v":"Double tap to activate"},{"$i":"accessibility-outlineitem-hint","$v":"Double tap to activate"},{"$i":"weekday-0-long","$v":"Sonntag"},{"$i":"weekday-1-long","$v":"Montag"},{"$i":"weekday-2-long","$v":"Dienstag"},{"$i":"weekday-3-long","$v":"Mittwoch"},{"$i":"weekday-4-long","$v":"Donnerstag"},{"$i":"weekday-5-long","$v":"Freitag"},{"$i":"weekday-6-long","$v":"Samstag"},{"$i":"weekday-0-short","$v":"So"},{"$i":"weekday-1-short","$v":"Mo"},{"$i":"weekday-2-short","$v":"Di"},{"$i":"weekday-3-short","$v":"Mi"},{"$i":"weekday-4-short","$v":"Do"},{"$i":"weekday-5-short","$v":"Fr"},{"$i":"weekday-6-short","$v":"Sa"},{"$i":"month-0-long","$v":"Januar"},{"$i":"month-1-long","$v":"Februar"},{"$i":"month-2-long","$v":"März"},{"$i":"month-3-long","$v":"April"},{"$i":"month-4-long","$v":"Mai"},{"$i":"month-5-long","$v":"Juni"},{"$i":"month-6-long","$v":"Juli"},{"$i":"month-7-long","$v":"August"},{"$i":"month-8-long","$v":"September"},{"$i":"month-9-long","$v":"Oktober"},{"$i":"month-10-long","$v":"November"},{"$i":"month-11-long","$v":"Dezember"},{"$i":"month-0-genitive","$v":"Januar"},{"$i":"month-1-genitive","$v":"Februar"},{"$i":"month-2-genitive","$v":"März"},{"$i":"month-3-genitive","$v":"April"},{"$i":"month-4-genitive","$v":"Mai"},{"$i":"month-5-genitive","$v":"Juni"},{"$i":"month-6-genitive","$v":"Juli"},{"$i":"month-7-genitive","$v":"August"},{"$i":"month-8-genitive","$v":"September"},{"$i":"month-9-genitive","$v":"Oktober"},{"$i":"month-10-genitive","$v":"November"},{"$i":"month-11-genitive","$v":"Dezember"},{"$i":"month-0-short","$v":"Jan"},{"$i":"month-1-short","$v":"Feb"},{"$i":"month-2-short","$v":"Mär"},{"$i":"month-3-short","$v":"Apr"},{"$i":"month-4-short","$v":"Mai"},{"$i":"month-5-short","$v":"Jun"},{"$i":"month-6-short","$v":"Jul"},{"$i":"month-7-short","$v":"Aug"},{"$i":"month-8-short","$v":"Sep"},{"$i":"month-9-short","$v":"Okt"},{"$i":"month-10-short","$v":"Nov"},{"$i":"month-11-short","$v":"Dez"},{"$i":"minutes-ago-long","$v":{"zero":"gerade eben","one":"vor 1 Minute","two":["vor ",{"t":"idOrVar","v":"value"}," Minuten"],"few":["vor ",{"t":"idOrVar","v":"value"}," Minuten"],"many":["vor ",{"t":"idOrVar","v":"value"}," Minuten"],"other":["vor ",{"t":"idOrVar","v":"value"}," Minuten"]},"$x":[{"t":"idOrVar","v":"plural"},"value"]},{"$i":"hours-ago-long","$v":{"zero":"gerade eben","one":"vor 1 Stunde","two":["vor ",{"t":"idOrVar","v":"value"}," Stunden"],"few":["vor ",{"t":"idOrVar","v":"value"}," Stunden"],"many":["vor ",{"t":"idOrVar","v":"value"}," Stunden"],"other":["vor ",{"t":"idOrVar","v":"value"}," Stunden"]},"$x":[{"t":"idOrVar","v":"plural"},"value"]},{"$i":"days-ago-long","$v":{"zero":"heute","one":"gestern","two":["vor ",{"t":"idOrVar","v":"value"}," Tagen"],"few":["vor ",{"t":"idOrVar","v":"value"}," Tagen"],"many":["vor ",{"t":"idOrVar","v":"value"}," Tagen"],"other":["vor ",{"t":"idOrVar","v":"value"}," Tagen"]},"$x":[{"t":"idOrVar","v":"plural"},"value"]},{"$i":"weeks-ago-long","$v":{"zero":"diese Woche","one":"letzte Woche","two":["vor ",{"t":"idOrVar","v":"value"}," Wochen"],"few":["vor ",{"t":"idOrVar","v":"value"}," Wochen"],"many":["vor ",{"t":"idOrVar","v":"value"}," Wochen"],"other":["vor ",{"t":"idOrVar","v":"value"}," Wochen"]},"$x":[{"t":"idOrVar","v":"plural"},"value"]},{"$i":"months-ago-long","$v":{"zero":"diesen Monat","one":"letzten Monat","two":["vor ",{"t":"idOrVar","v":"value"}," Monaten"],"few":["vor ",{"t":"idOrVar","v":"value"}," Monaten"],"many":["vor ",{"t":"idOrVar","v":"value"}," Monaten"],"other":["vor ",{"t":"idOrVar","v":"value"}," Monaten"]},"$x":[{"t":"idOrVar","v":"plural"},"value"]},{"$i":"years-ago-long","$v":{"zero":"dieses Jahr","one":"letztes Jahr","two":["vor ",{"t":"idOrVar","v":"value"}," Jahren"],"few":["vor ",{"t":"idOrVar","v":"value"}," Jahren"],"many":["vor ",{"t":"idOrVar","v":"value"}," Jahren"],"other":["vor ",{"t":"idOrVar","v":"value"}," Jahren"]},"$x":[{"t":"idOrVar","v":"plural"},"value"]},{"$i":"minutes-until-long","$v":{"zero":"jetzt","one":"in 1 Minute","two":["in ",{"t":"idOrVar","v":"value"}," Minuten"],"few":["in ",{"t":"idOrVar","v":"value"}," Minuten"],"many":["in ",{"t":"idOrVar","v":"value"}," Minuten"],"other":["in ",{"t":"idOrVar","v":"value"}," Minuten"]},"$x":[{"t":"idOrVar","v":"plural"},"value"]},{"$i":"hours-until-long","$v":{"zero":"jetzt","one":"in einer Stunde","two":["in ",{"t":"idOrVar","v":"value"}," Stunden"],"few":["in ",{"t":"idOrVar","v":"value"}," Stunden"],"many":["in ",{"t":"idOrVar","v":"value"}," Stunden"],"other":["in ",{"t":"idOrVar","v":"value"}," Stunden"]},"$x":[{"t":"idOrVar","v":"plural"},"value"]},{"$i":"days-until-long","$v":{"zero":"heute","one":"morgen","two":["in ",{"t":"idOrVar","v":"value"}," Tagen"],"few":["in ",{"t":"idOrVar","v":"value"}," Tagen"],"many":["in ",{"t":"idOrVar","v":"value"}," Tagen"],"other":["in ",{"t":"idOrVar","v":"value"}," Tagen"]},"$x":[{"t":"idOrVar","v":"plural"},"value"]},{"$i":"weeks-until-long","$v":{"zero":"diese Woche","one":"nächste Woche","two":["in ",{"t":"idOrVar","v":"value"}," Wochen"],"few":["in ",{"t":"idOrVar","v":"value"}," Wochen"],"many":["in ",{"t":"idOrVar","v":"value"}," Wochen"],"other":["in ",{"t":"idOrVar","v":"value"}," Wochen"]},"$x":[{"t":"idOrVar","v":"plural"},"value"]},{"$i":"months-until-long","$v":{"zero":"diesen Monat","one":"nächsten Monat","two":["in ",{"t":"idOrVar","v":"value"}," Monaten"],"few":["in ",{"t":"idOrVar","v":"value"}," Monaten"],"many":["in ",{"t":"idOrVar","v":"value"}," Monaten"],"other":["in ",{"t":"idOrVar","v":"value"}," Monaten"]},"$x":[{"t":"idOrVar","v":"plural"},"value"]},{"$i":"years-until-long","$v":{"zero":"dieses Jahr","one":"nächstes Jahr","two":["in ",{"t":"idOrVar","v":"value"}," Jahren"],"few":["in ",{"t":"idOrVar","v":"value"}," Jahren"],"many":["in ",{"t":"idOrVar","v":"value"}," Jahren"],"other":["in ",{"t":"idOrVar","v":"value"}," Jahren"]},"$x":[{"t":"idOrVar","v":"plural"},"value"]},{"$i":"minutes-ago-short","$v":{"zero":"jetzt","other":["vor ",{"t":"idOrVar","v":"value"}," m"]},"$x":[{"t":"idOrVar","v":"plural"},"value"]},{"$i":"hours-ago-short","$v":{"zero":"jetzt","other":["vor ",{"t":"idOrVar","v":"value"}," h"]},"$x":[{"t":"idOrVar","v":"plural"},"value"]},{"$i":"days-ago-short","$v":{"zero":"heute","other":["vor ",{"t":"idOrVar","v":"value"}," d"]},"$x":[{"t":"idOrVar","v":"plural"},"value"]},{"$i":"minutes-until-short","$v":{"zero":"jetzt","other":["in ",{"t":"idOrVar","v":"value"}," m"]},"$x":[{"t":"idOrVar","v":"plural"},"value"]},{"$i":"hours-until-short","$v":{"zero":"jetzt","other":["in ",{"t":"idOrVar","v":"value"}," h"]},"$x":[{"t":"idOrVar","v":"plural"},"value"]},{"$i":"days-until-short","$v":{"zero":"heute","other":["in ",{"t":"idOrVar","v":"value"}," d"]},"$x":[{"t":"idOrVar","v":"plural"},"value"]},{"$i":"incorrectDate","$v":"(ungültiges Datum)"},{"$i":"dateTimeFormat_%c","$v":"%a, %e. %b %Y %H:%M:%S"},{"$i":"dateTimeFormat_%x","$v":"%d.%m.%Y"},{"$i":"dateTimeFormat_%X","$v":"%H:%M:%S"},{"$i":"shortTimeFormat","$v":"%H:%M"},{"$i":"shortTimeFormat12","$v":"%I:%M %p"},{"$i":"shortTimeFormat24","$v":"%H:%M"},{"$i":"shortDateTimeFormat","$v":"%x %H:%M"},{"$i":"weekStartsOnMonday","$v":"1"},{"$i":"firstDayOfTheWeek","$v":"1"},{"$i":"time_am","$v":"AM"},{"$i":"time_pm","$v":"PM"},{"$i":"title-app","$v":"App-Berechtigung"},{"$i":"title-web","$v":"Website-Berechtigung"},{"$i":"title-cam","$v":"Kamera auswählen"},{"$i":"perm-alarms","$v":"Alarme festlegen"},{"$i":"perm-audio-capture","$v":"Mikrofon"},{"$i":"perm-audio-capture-appRequest","$v":["Soll ",{"t":"idOrVar","v":"app"}," auf Ihr Mikrofon zugreifen dürfen?"]},{"$i":"perm-audio-capture-webRequest","$v":["Soll ",{"t":"idOrVar","v":"site"}," auf Ihr Mikrofon zugreifen dürfen?"]},{"$i":"perm-audio-channel-content","$v":"Töne wiedergeben"},{"$i":"perm-audio-channel-notification","$v":"Benachrichtigungstöne wiedergeben"},{"$i":"perm-audio-channel-ringer","$v":"Klingeltöne wiedergeben"},{"$i":"perm-background-sensors","$v":"Auf Sensordaten zugreifen"},{"$i":"perm-bluetooth","$v":"Bluetooth"},{"$i":"perm-browser","$v":"Webseiten untersuchen"},{"$i":"perm-camera","$v":"Kameras"},{"$i":"perm-camera-selector-appRequest","$v":["Kamera auswählen für ",{"t":"idOrVar","v":"app"}]},{"$i":"perm-camera-selector-webRequest","$v":["Kamera auswählen für ",{"t":"idOrVar","v":"site"}]},{"$i":"perm-cellbroadcast","$v":"Zellinfo"},{"$i":"perm-contacts","$v":"Kontakte"},{"$i":"perm-contacts-appRequest","$v":[{"t":"idOrVar","v":"app"}," will auf Ihre Kontakte zugreifen."]},{"$i":"perm-contacts-webRequest","$v":[{"t":"idOrVar","v":"site"}," will auf Ihre Kontakte zugreifen."]},{"$i":"perm-desktop-notification","$v":"Benachrichtigungen"},{"$i":"perm-desktop-notification-appRequest","$v":[{"t":"idOrVar","v":"app"}," will Benachrichtigungen anzeigen."]},{"$i":"perm-desktop-notification-webRequest","$v":[{"t":"idOrVar","v":"site"}," will Benachrichtigungen anzeigen."]},{"$i":"perm-device-storage-apps","$v":"Apps-Speicher"},{"$i":"perm-device-storage-music","$v":"Musikspeicher"},{"$i":"perm-device-storage-music-appRequest","$v":[{"t":"idOrVar","v":"app"}," will auf Ihre Musik zugreifen."]},{"$i":"perm-device-storage-music-webRequest","$v":[{"t":"idOrVar","v":"site"}," will auf Ihre Musik zugreifen."]},{"$i":"perm-device-storage-pictures","$v":"Bilderspeicher"},{"$i":"perm-device-storage-pictures-appRequest","$v":[{"t":"idOrVar","v":"app"}," will auf Ihre Bilder zugreifen."]},{"$i":"perm-device-storage-pictures-webRequest","$v":[{"t":"idOrVar","v":"site"}," will auf Ihre Bilder zugreifen."]},{"$i":"perm-device-storage-sdcard","$v":"SD-Karten-Speicher"},{"$i":"perm-device-storage-sdcard-appRequest","$v":[{"t":"idOrVar","v":"app"}," will auf Ihre SD-Karte zugreifen."]},{"$i":"perm-device-storage-sdcard-webRequest","$v":[{"t":"idOrVar","v":"site"}," will auf Ihre SD-Karte zugreifen."]},{"$i":"perm-device-storage-videos","$v":"Videospeicher"},{"$i":"perm-device-storage-videos-appRequest","$v":[{"t":"idOrVar","v":"app"}," will auf Ihre Videos zugreifen."]},{"$i":"perm-device-storage-videos-webRequest","$v":[{"t":"idOrVar","v":"site"}," will auf Ihre Videos zugreifen."]},{"$i":"perm-embed-apps","$v":"Apps einbinden"},{"$i":"perm-fmradio","$v":"UKW-Radio"},{"$i":"perm-fmradio-appRequest","$v":[{"t":"idOrVar","v":"app"}," will das UKW-Radio benutzen."]},{"$i":"perm-fmradio-webRequest","$v":[{"t":"idOrVar","v":"site"}," will das UKW-Radio benutzen."]},{"$i":"perm-geolocation","$v":"Standort"},{"$i":"perm-geolocation-appRequest","$v":[{"t":"idOrVar","v":"app"}," will Ihren Standort wissen."]},{"$i":"perm-geolocation-more-info","$v":[{"t":"idOrVar","v":"brandShortName"}," verwendet Daten wie GPS sowie WLAN-Netzwerke und Mobilfunknetze in Ihrer Nähe für eine ungefähre Standortbestimmung. Es werden Daten an Mozilla und andere Diensteanbieter gesendet, um mit allen zur Verfügung stehenden Daten diese Datenbanken zu verbessern. Dabei können Daten auf Ihrem Gerät gespeichert werden und die Datenerfassung kann auch stattfinden, während keine Apps laufen."]},{"$i":"perm-geolocation-webRequest","$v":[{"t":"idOrVar","v":"site"}," will Ihren Standort wissen."]},{"$i":"perm-idle","$v":"Inaktivität erfahren"},{"$i":"perm-indexedDB-chrome-settings","$v":"Privilegierter IndexedDB-Speicher"},{"$i":"perm-indexedDB-unlimited","$v":"Unbegrenzter IndexedDB-Speicher"},{"$i":"perm-input-manage","$v":"Tastaturen verwalten"},{"$i":"perm-input","$v":"Als Tastatur agieren"},{"$i":"perm-media-capture","$v":"Kamera und Mikrofon"},{"$i":"perm-media-capture-appRequest","$v":["Soll ",{"t":"idOrVar","v":"app"}," auf Ihre Kamera und Ihr Mikrofon zugreifen dürfen?"]},{"$i":"perm-media-capture-webRequest","$v":["Soll ",{"t":"idOrVar","v":"site"}," auf Ihre Kamera und Ihr Mikrofon zugreifen dürfen?"]},{"$i":"perm-mobileconnection","$v":"Datenverbindung über Mobilfunknetz"},{"$i":"perm-mobileid","$v":"Mobile Identität"},{"$i":"perm-network-events","$v":"Netzwerk-Ereignisse"},{"$i":"perm-open-remote-window","$v":"Apps starten"},{"$i":"perm-permissions","$v":"App-Berechtigungen ändern"},{"$i":"perm-power","$v":"Energie-Einstellungen"},{"$i":"perm-settings","$v":"Einstellungen ändern"},{"$i":"perm-systemXHR","$v":"Anfragen an Fremddomains (XHR)"},{"$i":"perm-telephony","$v":"Telefonie"},{"$i":"perm-video-capture","$v":"Videoaufnahme"},{"$i":"perm-video-capture-appRequest","$v":["Soll ",{"t":"idOrVar","v":"app"}," mit Ihrer Kamera Videos aufnehmen dürfen?"]},{"$i":"perm-video-capture-webRequest","$v":["Soll ",{"t":"idOrVar","v":"site"}," mit Ihrer Kamera Videos aufnehmen dürfen?"]},{"$i":"perm-voicemail","$v":"Mailbox kontrollieren"},{"$i":"perm-webapps-manage","$v":"Webapps installieren"},{"$i":"perm-wifi-manage","$v":"WLAN verwalten"},{"$i":"perm-attention","$v":"Überdeckende Popups öffnen"},{"$i":"perm-audio-channel-alarm","$v":"Alarmtöne wiedergeben"},{"$i":"perm-audio-channel-normal","$v":"Töne wiedergeben"},{"$i":"perm-audio-channel-publicnotification","$v":"Öffentliche Benachrichtigungstöne wiedergeben"},{"$i":"perm-audio-channel-telephony","$v":"Telefongespräch-Audio wiedergeben "},{"$i":"perm-backgroundservice","$v":"Als Hintergrunddienst agieren"},{"$i":"perm-device-storage-crashes","$v":"Datenspeicher für Abstürze"},{"$i":"perm-downloads","$v":"Auf Downloads zugreifen"},{"$i":"perm-embed-widgets","$v":"Elemente einbinden"},{"$i":"perm-feature-detection","$v":"Funktionsunterstützung erkennen"},{"$i":"perm-firefox-accounts","$v":"Firefox-Konten"},{"$i":"perm-mobilenetwork","$v":"Mobilfunknetz"},{"$i":"perm-moz-attention","$v":"Überdeckende Popups öffnen (moz)"},{"$i":"perm-moz-audio-channel-ringer","$v":"Klingeltöne wiedergeben (moz)"},{"$i":"perm-moz-audio-channel-telephony","$v":"Telefongespräche wiedergeben (moz)"},{"$i":"perm-moz-firefox-accounts","$v":"Firefox-Konten (moz)"},{"$i":"perm-networkstats-manage","$v":"Nutzungsstatistiken verwalten"},{"$i":"perm-nfc","$v":"Nahfeldkommunikation (NFC)"},{"$i":"perm-nfc-hci-events","$v":"NFC-HCI-Ereignisse"},{"$i":"perm-nfc-manager","$v":"NFC verwalten"},{"$i":"perm-phonenumberservice","$v":"Telefonnummerndienst"},{"$i":"perm-push","$v":"Push-API"},{"$i":"perm-resourcestats-manage","$v":"Ressourcen-Statistiken"},{"$i":"perm-sms","$v":"SMS senden und lesen"},{"$i":"perm-speaker-control","$v":"Lautstärke kontrollieren"},{"$i":"perm-storage","$v":"Auf Speicher zugreifen"},{"$i":"perm-tcp-socket","$v":"TCP-Sockets"},{"$i":"perm-test-permission","$v":"Testberechtigung"},{"$i":"perm-time","$v":"Datum und Uhrzeit ändern"},{"$i":"perm-udp-socket","$v":"UDP-Sockets"},{"$i":"perm-wappush","$v":"WAP-Push"},{"$i":"stopped_download_title","$v":"Download angehalten"},{"$i":"stopped_download_message","$v":"Download wurde angehalten. Download erneut versuchen?"},{"$i":"stopped_download_left_button","$v":"Abbrechen"},{"$i":"stopped_download_right_button","$v":"Erneut versuchen"},{"$i":"failed_download_title","$v":"Download fehlgeschlagen"},{"$i":"failed_download_message","$v":["Der Download von ",{"t":"idOrVar","v":"name"}," schlug fehl. Erneut versuchen?"]},{"$i":"failed_download_left_button","$v":"Abbrechen"},{"$i":"failed_download_right_button","$v":"Erneut versuchen"},{"$i":"stop_download_title","$v":"Download anhalten"},{"$i":"stop_download_message","$v":"Soll der Download wirklich angehalten werden?"},{"$i":"stop_download_left_button","$v":"Nein"},{"$i":"stop_download_right_button","$v":"Ja"},{"$i":"delete_download_title","$v":"Löschen"},{"$i":"delete_download_message","$v":[{"t":"idOrVar","v":"name"}," löschen?"]},{"$i":"delete_download_left_button","$v":"Abbrechen"},{"$i":"delete_download_right_button","$v":"Löschen"},{"$i":"delete_all_download_title","$v":"Löschen"},{"$i":"delete_all_download_left_button","$v":"Abbrechen"},{"$i":"delete_all_download_right_button","$v":"Löschen"},{"$i":"delete_all_download_message","$v":{"zero":"Keine Datei löschen?","one":"Eine Datei löschen?","two":[{"t":"idOrVar","v":"number"}," Dateien löschen?"],"few":[{"t":"idOrVar","v":"number"}," Dateien löschen?"],"many":[{"t":"idOrVar","v":"number"}," Dateien löschen?"],"other":[{"t":"idOrVar","v":"number"}," Dateien löschen?"]},"$x":[{"t":"idOrVar","v":"plural"},"number"]},{"$i":"unsupported_file_type_download_title","$v":"Kann nicht geöffnet werden"},{"$i":"unsupported_file_type_download_message","$v":["Keine App kann ",{"t":"idOrVar","v":"name"}," öffnen. Soll die Datei gespeichert oder gelöscht werden?"]},{"$i":"unsupported_file_type_download_left_button","$v":"Datei behalten"},{"$i":"unsupported_file_type_download_right_button","$v":"Löschen"},{"$i":"file_not_found_download_title","$v":"Datei nicht gefunden"},{"$i":"file_not_found_download_message","$v":"Die Datei wurde auf dem Gerät nicht gefunden."},{"$i":"file_not_found_download_right_button","$v":"OK"},{"$i":"unmounted_sdcard_2_download_title","$v":"Speicherkarte wird benutzt"},{"$i":"unmounted_sdcard_2_download_message","$v":"Ziehen Sie das Telefon ab."},{"$i":"unmounted_sdcard_2_download_right_button","$v":"OK"},{"$i":"no_provider_download_title","$v":"Weitergabe nicht möglich"},{"$i":"no_provider_download_message","$v":"Kein Anbieter gefunden"},{"$i":"no_provider_download_right_button","$v":"OK"},{"$i":"no_memory_download_title","$v":"Speicherkarte voll"},{"$i":"no_memory_download_message","$v":"Der freie Platz auf der Speicherkarte reicht nicht aus, um den Download abzuspeichern. Löschen Sie einige Dateien, bevor Sie den Download neu starten."},{"$i":"no_memory_download_right_button","$v":"OK"},{"$i":"no_sdcard_found_2_download_title","$v":"Keine Speicherkarte gefunden"},{"$i":"no_sdcard_found_2_download_message","$v":"Legen Sie eine Speicherkarte ein oder wählen Sie einen anderen Standard-Medienspeicher in den Einstellungen."},{"$i":"no_sdcard_found_2_download_right_button","$v":"OK"},{"$i":"file_open_error_download_title","$v":"Kann nicht geöffnet werden"},{"$i":"file_open_error_download_message","$v":["Beim Öffnen von ",{"t":"idOrVar","v":"name"}," trat ein Problem auf. Soll die Datei gespeichert oder gelöscht werden?"]},{"$i":"file_open_error_download_left_button","$v":"Datei behalten"},{"$i":"file_open_error_download_right_button","$v":"Löschen"},{"$i":"restart_download_error","$v":"Beim Fortfahren des Downloads trat ein Fehler auf. Bitte starten Sie den Donwload neu."},{"$i":"no-downloads","$v":"Keine Downloads"},{"$i":"percentage","$v":[{"t":"idOrVar","v":"percentage"}," %"]},{"$i":"partialResult","$v":[{"t":"idOrVar","v":"partial"}," von ",{"t":"idOrVar","v":"total"}]},{"$i":"summary","$v":[{"t":"idOrVar","v":"date"}," - ",{"t":"idOrVar","v":"status"}]},{"$i":"download-stopped","$v":"Angehalten"},{"$i":"download-failed","$v":"Download fehlgeschlagen"},{"$i":"open_downloaded_file","$v":"Öffnen"},{"$i":"share_downloaded_file","$v":"Weitergeben"},{"$i":"wallpaper_downloaded_file","$v":"Als Hintergrund verwenden"},{"$i":"ringtone_downloaded_file","$v":"Als Klingelton verwenden"},{"$i":"cancel_downloaded_file","$v":"Abbrechen"},{"$i":"voicemailNoNumberTitle","$v":"Mailbox-Nummer ist nicht erreichbar"},{"$i":"voicemailNoNumberText","$v":"Mailbox kann nicht angerufen werden. Richten Sie die Mailbox-Nummer ein, um den Anruf durchzuführen."},{"$i":"voicemailNoNumberSettings","$v":"Einstellungen"},{"$i":"voicemailNoNumberCancel","$v":"Abbrechen"},{"$i":"airplaneMode","$v":"Flugmodus"},{"$i":"searching","$v":"Suche läuft…"},{"$i":"noNetwork","$v":"Kein Mobilfunknetz"},{"$i":"roaming","$v":[{"t":"idOrVar","v":"operator"}," (Roaming)"]},{"$i":"operator-info","$v":[{"t":"idOrVar","v":"carrier"}," (",{"t":"idOrVar","v":"region"},")"]},{"$i":"emergencyCallsOnly-unknownSIMState","$v":"(unbekannter Zustand der SIM-Karte)"},{"$i":"emergencyCallsOnly-noSIM","$v":"(keine SIM-Karte)"},{"$i":"emergencyCallsOnly-pinRequired","$v":"(SIM-PIN benötigt)"},{"$i":"emergencyCallsOnly-pukRequired","$v":"(SIM-PUK benötigt)"},{"$i":"emergencyCallsOnly-networkLocked","$v":"(Mobilfunknetz gesperrt)"},{"$i":"emergencyCallsOnly-serviceProviderLocked","$v":"(Mobilfunkanbieter gesperrt)"},{"$i":"emergencyCallsOnly-corporateLocked","$v":"(Unternehmen gesperrt)"},{"$i":"emergencyCallsOnly-network1Locked","$v":"(Netzwerk 1 gesperrt)"},{"$i":"emergencyCallsOnly-network2Locked","$v":"(Netzwerk 2 gesperrt)"},{"$i":"emergencyCallsOnly-hrpdNetworkLocked","$v":"(HRPD-Netzwerk gesperrt)"},{"$i":"emergencyCallsOnly-ruimCorporateLocked","$v":"(RUIM-Unternehmen gesperrt)"},{"$i":"emergencyCallsOnly-ruimServiceProviderLocked","$v":"(RUIM-Dienstanbieter gesperrt)"},{"$i":"lockscreen-sim-id","$v":["SIM ",{"t":"idOrVar","v":"n"}]},{"$i":"charging-status-no-time","$v":[{"t":"idOrVar","v":"level"},"% geladen"]},{"$i":"charging-status-minutes","$v":{"zero":[{"t":"idOrVar","v":"level"},"% geladen (",{"t":"idOrVar","v":"minutes"}," min verbleibend)"],"one":[{"t":"idOrVar","v":"level"},"% geladen (",{"t":"idOrVar","v":"minutes"}," min verbleibend)"],"two":[{"t":"idOrVar","v":"level"},"% geladen (",{"t":"idOrVar","v":"minutes"}," min verbleibend)"],"few":[{"t":"idOrVar","v":"level"},"% geladen (",{"t":"idOrVar","v":"minutes"}," min verbleibend)"],"many":[{"t":"idOrVar","v":"level"},"% geladen (",{"t":"idOrVar","v":"minutes"}," min verbleibend)"],"other":[{"t":"idOrVar","v":"level"},"% geladen (",{"t":"idOrVar","v":"minutes"}," min verbleibend)"]},"$x":[{"t":"idOrVar","v":"plural"},"minutes"]},{"$i":"charging-status-hours","$v":{"zero":[{"t":"idOrVar","v":"level"},"% geladen (",{"t":"idOrVar","v":"hours"}," h ",{"t":"idOrVar","v":"minutes"}," min verbleibend)"],"one":[{"t":"idOrVar","v":"level"},"% geladen (",{"t":"idOrVar","v":"hours"}," h ",{"t":"idOrVar","v":"minutes"}," min verbleibend)"],"two":[{"t":"idOrVar","v":"level"},"% geladen (",{"t":"idOrVar","v":"hours"}," h ",{"t":"idOrVar","v":"minutes"}," min verbleibend)"],"few":[{"t":"idOrVar","v":"level"},"% geladen (",{"t":"idOrVar","v":"hours"}," h ",{"t":"idOrVar","v":"minutes"}," min verbleibend)"],"many":[{"t":"idOrVar","v":"level"},"% geladen (",{"t":"idOrVar","v":"hours"}," h ",{"t":"idOrVar","v":"minutes"}," min verbleibend)"],"other":[{"t":"idOrVar","v":"level"},"% geladen (",{"t":"idOrVar","v":"hours"}," h ",{"t":"idOrVar","v":"minutes"}," min verbleibend)"]},"$x":[{"t":"idOrVar","v":"plural"},"minutes"]},{"$i":"gaia-menu-cancel","$v":"Abbrechen"}]