[{"$i":"share","$v":"Partekatu"},{"$i":"resend","$v":"Birbidali"},{"$i":"connecting","$v":"Konektatzen"},{"$i":"verify","$v":"Egiaztatu"},{"$i":"verifying","$v":"Egiaztatzen"},{"$i":"verified","$v":"Egiaztatuta"},{"$i":"mobileIDExplanation","$v":[{"t":"idOrVar","v":"app_name"}," aplikazioak zure telefono-zenbakia ezagutu eta egiaztatu nahi du. Hautatu zein partekatu nahi duzun edo sartu berri bat."]},{"$i":"verificationCodeExplanation","$v":["Kode bat bidali dugu ",{"t":"idOrVar","v":"phone_number"}," zenbakira. Automatikoki hartzen saiatuko gara, baina eskuz sartu beharko duzu gailu honetan erabilgarri ez badago."]},{"$i":"successMessage","$v":["Bikain! ",{"t":"idOrVar","v":"phone_number"}," zenbakia egiaztatu dugu eta erabilgarri dago ",{"t":"idOrVar","v":"app_name"}," aplikazioarentzat."]},{"$i":"serverErrorMessage","$v":"Egiaztatze-zerbitzaria ez dago eskuragarri une honetan. Egiaztatu zure internet-konexioa, saiatu berriro edo itxaron minutu pare batez."},{"$i":"timeoutErrorMessage","$v":"Zure egiaztatze-kodearekin arazoren bat dagoela dirudi. Saia gaitezen berriro!"},{"$i":"errorTitle","$v":"Mugikorreko identitatea"},{"$i":"ok","$v":"Ados"},{"$i":"addPhoneNumber","$v":"Edo gehitu zure telefono-zenbakia"},{"$i":"selectPhoneNumber","$v":"Edo hautatu telefono-zenbaki bat zerrendatik"},{"$i":"firefox-accounts-title","$v":"Firefoxeko kontuak"},{"$i":"fxa-next","$v":"Hurrengoa"},{"$i":"fxa-back","$v":"Atzera"},{"$i":"fxa-done","$v":"Eginda"},{"$i":"fxa-ok","$v":"Ados"},{"$i":"fxa-connection-error-title","$v":"Ezin da konektatu"},{"$i":"fxa-connection-error-message","$v":"Ezarpenetatik sor dezakezu kontua edo saioa hasi."},{"$i":"fxa-reset-password-error-title","$v":"Berrezarri pasahitza"},{"$i":"fxa-reset-password-error-message","$v":"Ezarpenetatik berrezar dezakezu zure pasahitza."},{"$i":"fxa-coppa-failure-error-title","$v":"Ezin da kontua sortu"},{"$i":"fxa-coppa-failure-error-message","$v":["Adinaren eskakizunak bete behar dituzu Firefoxeko kontua sortu ahal izateko. ",{"t":"idOrVar","v":"learnmore"}]},{"$i":"fxa-learn-more","$v":"Argibide gehiago"},{"$i":"fxa-offline-error-title","$v":"Ezin da konektatu"},{"$i":"fxa-offline-error-message","$v":"Konektatu sare batera ezarpenetatik."},{"$i":"fxa-invalid-email-title","$v":"Errorea"},{"$i":"fxa-invalid-email-message","$v":"Sartu baliozko helbide elektronikoa."},{"$i":"fxa-invalid-password-title","$v":"Pasahitz baliogabea"},{"$i":"fxa-invalid-password-message","$v":"Egiaztatu pasahitza eta saiatu berriro."},{"$i":"fxa-unknown-error-title","$v":"Ezin da konektatu"},{"$i":"fxa-unknown-error-message","$v":"Sistema ez dago erabilgarri, saiatu berriro geroago."},{"$i":"fxa-connecting","$v":"Konektatzen"},{"$i":"fxa-enter-email-input","placeholder":"Sartu zure posta-helbidea"},{"$i":"fxa-use-email-to-sign-in","$v":"Erabili zure posta-helbidea kontu bat sortzeko edo saioa hasteko."},{"$i":"fxa-notice","$v":["Jarraituz gero, Firefoxen hodei-zerbitzuen ",{"t":"idOrVar","v":"tos"}," eta ",{"t":"idOrVar","v":"pn"}," onartzen ditut."]},{"$i":"fxa-tos","$v":"Erabilera-baldintzak"},{"$i":"fxa-pn","$v":"Pribatutasun-oharra"},{"$i":"fxa-create-password-title","$v":"Sortu pasahitza"},{"$i":"fxa-enter-password-title","$v":"Sartu zure pasahitza"},{"$i":"fxa-hello-user","$v":["Kaixo, ",{"t":"idOrVar","v":"email"}]},{"$i":"fxa-password-refresh","$v":"Jarraitzeko, sartu zure Firefox kontuaren pasahitza."},{"$i":"fxa-password","placeholder":"Pasahitza"},{"$i":"fxa-forgot-your-password","$v":"Pasahitza ahaztu duzu?"},{"$i":"fxa-show-password","$v":"Erakutsi pasahitza"},{"$i":"fxa-password-length-requirement","$v":"Pasahitzak gutxienez 8 karaktereko luzera izan behar du."},{"$i":"fxa-success","$v":"Ondo!"},{"$i":"fxa-ready-to-go","$v":"Zure Firefoxeko kontua prest dago! "},{"$i":"fxa-use-features","$v":"'Aurkitu nire gailua' bezalako aukerak eta Firefox Marketplace bezalako aplikazioak erabil ditzakezu orain."},{"$i":"fxa-access-manage-account-settings","$v":"Etorkizunean, zure kontua Ezarpenak ataletik ikus eta kudea dezakezu."},{"$i":"fxa-confirm-account","$v":"Berretsi zure kontua"},{"$i":"fxa-will-send-email","$v":["Helbide honetara bidaliko dugu mezua: ",{"t":"idOrVar","v":"email"}]},{"$i":"fxa-signup-click-verification-link-in-email","$v":"Posta begiratzen duzun hurrengo aldian, egin klik egiaztapen-loturan zure Firefoxeko kontua berresteko."},{"$i":"fxa-age-verification","$v":"Adin-egiaztapena"},{"$i":"fxa-age-earlier","$v":[{"t":"idOrVar","v":"year"}," edo lehenago"]},{"$i":"fxa-year-of-birth","$v":"Jaiotze-urtea"},{"$i":"brandShortName","$v":"B2G OS"},{"$i":"browserBrandShortName","$v":"Web Browser"},{"$i":"browserBrandFullName","$v":"Mozilla Web Browser"},{"$i":"ringtoneBrandName","$v":"Default"},{"$i":"ringtoneSectionBrandName","$v":"System"},{"$i":"back","$v":"Atzera"},{"$i":"help","$v":"Laguntza"},{"$i":"cancel","$v":"Utzi"},{"$i":"close","$v":"Itxi"},{"$i":"skip","$v":"Saltatu"},{"$i":"clear","ariaLabel":"Garbitu"},{"$i":"enable","$v":"Gaitu"},{"$i":"turnOn","$v":"Piztu"},{"$i":"undo","ariaLabel":"Desegin"},{"$i":"enterPIN","$v":"Sartu PINa"},{"$i":"mediaPlaybackTrack","ariaLabel":"Pistaren titulua eta artista"},{"$i":"mediaPlaybackControls","ariaLabel":"Erreprodukzio-kontrolak"},{"$i":"mediaPlaybackPrevious","ariaLabel":"Aurrekoa"},{"$i":"mediaPlaybackPlay","ariaLabel":"Erreproduzitu"},{"$i":"mediaPlaybackPause","ariaLabel":"Pausatu"},{"$i":"mediaPlaybackNext","ariaLabel":"Hurrengoa"},{"$i":"UnknownTrack","$v":"Pista ezezaguna"},{"$i":"wifiButton-on","$v":"Wi-Fia piztuta"},{"$i":"wifiButton-on-initializing","$v":"Wi-Fia piztuta, hasieratzen"},{"$i":"wifiButton-off","$v":"Wi-Fia itzalita"},{"$i":"dataButton-on","$v":[{"t":"idOrVar","v":"type"}," datua piztuta"]},{"$i":"dataButton-off","$v":[{"t":"idOrVar","v":"type"}," datua itzalita"]},{"$i":"bluetoothButton-on","$v":"Bluetooth-a piztuta"},{"$i":"bluetoothButton-on-initializing","$v":"Bluetooth-a piztuta, hasieratzen"},{"$i":"bluetoothButton-off","$v":"Bluetooth-a itzalita"},{"$i":"airplaneMode-on","$v":"Hegazkin modua piztuta"},{"$i":"airplaneMode-off","$v":"Hegazkin modua itzalita"},{"$i":"settingsButton","ariaLabel":"Ezarpenak"},{"$i":"utilityTray","ariaLabel":"Utilitate-erretilua"},{"$i":"statusbarOperator","$v":[{"t":"idOrVar","v":"date"},", ",{"t":"idOrVar","v":"operator"}]},{"$i":"statusbarDateFormat","$v":"%Bk %e"},{"$i":"statusbar","ariaLabel":"Egoera-barra"},{"$i":"statusbarBattery","ariaLabel":["Bateria ehuneko ",{"t":"idOrVar","v":"level"}]},{"$i":"statusbarBatteryCharging","ariaLabel":["Bateria ehuneko ",{"t":"idOrVar","v":"level"},", kargatzen"]},{"$i":"statusbarAirplaneMode","ariaLabel":"Airplane mode on"},{"$i":"statusbarWiFiConnecting","ariaLabel":"Wi-Fi: connecting"},{"$i":"statusbarWiFiConnected","ariaLabel":["Wi-Fi: ",{"t":"idOrVar","v":"level"}," of 4 bars"]},{"$i":"statusbarSignal","ariaLabel":[{"t":"idOrVar","v":"operator"}," network, ",{"t":"idOrVar","v":"level"}," of 5 bars"]},{"$i":"statusbarSignalRoaming","ariaLabel":[{"t":"idOrVar","v":"operator"}," network (roaming), ",{"t":"idOrVar","v":"level"}," of 5 bars"]},{"$i":"statusbarSignalNoneSearching","ariaLabel":"Searching… Emergency calls only"},{"$i":"emergencyCallsOnly","$v":"Larrialdi-deiak soilik"},{"$i":"statusbarSignalNoSimCard","ariaLabel":"No SIM card"},{"$i":"statusbarHeadphone","ariaLabel":"Headphones on"},{"$i":"statusbarBluetoothHeadphone","ariaLabel":"Bluetooth headphones on"},{"$i":"statusbarBluetoothTransfer","ariaLabel":"Bluetooth transfer active"},{"$i":"statusbarIconOn-tethering","ariaLabel":"Tethering on"},{"$i":"statusbarIconOnActive-tethering","ariaLabel":"Tethering on, active"},{"$i":"statusbarAlarm","ariaLabel":"Alarma piztuta"},{"$i":"statusbarIconOn-bluetooth","ariaLabel":"Bluetooth on"},{"$i":"statusbarIconOnActive-bluetooth","ariaLabel":"Bluetooth on, active"},{"$i":"statusbarIconOn-mute","ariaLabel":"Mute on"},{"$i":"statusbarIconOn-vibration","ariaLabel":"Vibration on"},{"$i":"statusbarRecording","ariaLabel":"Grabatzea piztuta"},{"$i":"statusbarGeolocation","ariaLabel":"Geokokapena piztuta"},{"$i":"statusbarUsb","ariaLabel":"USBa piztuta"},{"$i":"statusbarCallForwarding","$v":"Call forwarding on"},{"$i":"statusbarPlaying","ariaLabel":"Multimedia erreproduzitzen"},{"$i":"statusbarNfc","ariaLabel":"NFC piztuta"},{"$i":"statusbarDownload","ariaLabel":"Downloading…"},{"$i":"statusbarNetworkActivity","ariaLabel":"Sarea piztuta"},{"$i":"statusbarEmergencyCallback","ariaLabel":"Emergency callback"},{"$i":"statusbarNotifications","$v":{"one":["Jakinarazpen ",{"t":"idOrVar","v":"n"}],"two":[{"t":"idOrVar","v":"n"}," jakinarazpen"],"few":[{"t":"idOrVar","v":"n"}," jakinarazpen"],"many":[{"t":"idOrVar","v":"n"}," jakinarazpen"],"other":[{"t":"idOrVar","v":"n"}," jakinarazpen"]},"$x":[{"t":"idOrVar","v":"plural"},"n"]},{"$i":"statusbarNotifications-unread","ariaLabel":{"$x":[{"t":"idOrVar","v":"plural"},"n"],"$v":{"one":"Irakurri gabeko jakinarazpen bat","two":["Irakurri gabeko ",{"t":"idOrVar","v":"n"}," jakinarazpen"],"few":["Irakurri gabeko ",{"t":"idOrVar","v":"n"}," jakinarazpen"],"many":["Irakurri gabeko ",{"t":"idOrVar","v":"n"}," jakinarazpen"],"other":["Irakurri gabeko ",{"t":"idOrVar","v":"n"}," jakinarazpen"]}}},{"$i":"notifications","$v":"Jakinarazpenak"},{"$i":"clear-all","$v":"Garbitu dena"},{"$i":"attentionScreen-tapToShow","$v":"Sakatu erakusteko"},{"$i":"newVoicemails","$v":{"zero":"Ahots-mezu berririk ez","one":"Ahots-mezu berri bat","two":[{"t":"idOrVar","v":"n"}," ahots-mezu berri"],"few":[{"t":"idOrVar","v":"n"}," ahots-mezu berri"],"many":[{"t":"idOrVar","v":"n"}," ahots-mezu berri"],"other":[{"t":"idOrVar","v":"n"}," ahots-mezu berri"]},"$x":[{"t":"idOrVar","v":"plural"},"n"]},{"$i":"newVoicemailsUnknown","$v":"Ahots-mezu berria"},{"$i":"dialNumber","$v":["Markatu ",{"t":"idOrVar","v":"number"}]},{"$i":"voicemailNotificationMultiSim","$v":["(",{"t":"idOrVar","v":"n"},". SIMa) ",{"t":"idOrVar","v":"title"}]},{"$i":"euRoamingNotificationTitle","$v":"EU interneta detektatu da"},{"$i":"euRoamingNotificationMsg","$v":"Sakatu aldatzeko."},{"$i":"confirmNFCConnectBTenabledNameUnknown","$v":"Ziur zaude gailura konektatu nahi duzula?"},{"$i":"confirmNFCConnectBTdisabledNameUnknown","$v":"Bluetooth-a piztu eta gailuarekin konektatu?"},{"$i":"confirmNFCConnectBTenabledNameKnown","$v":["Ziur zaude ",{"t":"idOrVar","v":"deviceName"}," gailuarekin konektatu nahi duzula?"]},{"$i":"confirmNFCConnectBTdisabledNameKnown","$v":["Bluetooth-a piztu eta ",{"t":"idOrVar","v":"deviceName"}," gailuarekin konektatu?"]},{"$i":"confirmNFCConnectBTdisabled","$v":"Piztu"},{"$i":"dismissNFCConnectBTdisabled","$v":"Utzi"},{"$i":"confirmation","$v":"Berrespena"},{"$i":"deviceMenu","$v":"Telefonoa"},{"$i":"airplane","$v":"Piztu hegazkin modua"},{"$i":"airplaneOff","$v":"Itzali hegazkin modua"},{"$i":"silent","$v":"Isilarazi sarrerako deiak"},{"$i":"normal","$v":"Jo sarrerako deiak"},{"$i":"restart","$v":"Berrabiarazi"},{"$i":"power","$v":"Itzali"},{"$i":"no-recent-app-windows","$v":"Zure azken aplikazio-leihoak hemen erakutsiko dira"},{"$i":"no-recent-browser-windows","$v":"Zure azken nabigatzaile-leihoak hemen erakutsiko dira"},{"$i":"closeCard","ariaLabel":"Itxi"},{"$i":"openCard","ariaLabel":"Irekia"},{"$i":"yes","$v":"Bai"},{"$i":"no","$v":"Ez"},{"$i":"dontallow","$v":"Ez onartu"},{"$i":"allow","$v":"Onartu"},{"$i":"dontshare-geolocation","$v":"Ez partekatu"},{"$i":"share-geolocation","$v":"Partekatu"},{"$i":"dontshare-audio-capture","$v":"Ez partekatu"},{"$i":"share-audio-capture","$v":"Partekatu"},{"$i":"dontshare-video-capture","$v":"Ez partekatu"},{"$i":"share-video-capture","$v":"Partekatu"},{"$i":"dontshare-media-capture","$v":"Ez partekatu"},{"$i":"share-media-capture","$v":"Partekatu"},{"$i":"device-front","$v":"Aurreko kamera"},{"$i":"device-back","$v":"Atzeko kamera"},{"$i":"remember-my-choice","$v":"Gogoratu nire aukera"},{"$i":"more-info","$v":"Informazio gehiago…"},{"$i":"hide-info","$v":"Ezkutatu informazioa"},{"$i":"install-app","$v":["Instalatu ",{"t":"idOrVar","v":"name"},"?"]},{"$i":"size","$v":"Tamaina"},{"$i":"author","$v":"Egilea"},{"$i":"size-unknown","$v":"Ezezaguna"},{"$i":"author-unknown","$v":"Ezezaguna"},{"$i":"install","$v":"Instalatu"},{"$i":"bytes","$v":"byte"},{"$i":"kB","$v":"KB"},{"$i":"MB","$v":"MB"},{"$i":"GB","$v":"GB"},{"$i":"TB","$v":"TB"},{"$i":"PB","$v":"PB"},{"$i":"app-install-generic-error","$v":[{"t":"idOrVar","v":"appName"},": deskarga geldituta"]},{"$i":"app-install-download-failed","$v":[{"t":"idOrVar","v":"appName"},": deskargak huts egin du"]},{"$i":"app-install-install-failed","$v":[{"t":"idOrVar","v":"appName"},": instalazioak huts egin du"]},{"$i":"cancelling-will-not-refund","$v":"Uzten bada, erosketaren dirua ez da itzuliko. Ordaindutako edukien dirua itzultzea jatorrizko saltzailearen esku dago."},{"$i":"apps-can-be-installed-later","$v":"Aplikazioak geroago instala daitezke jatorrizko instalazio-iturburutik."},{"$i":"are-you-sure-you-want-to-cancel","$v":"Ziur zaude instalazioa utzi nahi duzula?"},{"$i":"cancel-install","$v":"Utzi instalazioa"},{"$i":"cancel-install-button","$v":"Utzi instalazioa"},{"$i":"resume","$v":"Berrabiarazi"},{"$i":"continue","$v":"Jarraitu"},{"$i":"stopDownloading","$v":["Gelditu ",{"t":"idOrVar","v":"app"}," deskargatzen?"]},{"$i":"app-download-can-be-restarted","$v":"Deskarga geroago berrekin daiteke."},{"$i":"app-download-stop-button","$v":"Gelditu deskarga"},{"$i":"not-enough-space","$v":"Toki librerik ez"},{"$i":"not-enough-space-message","$v":"Ez dago toki librerik aplikazio hau instalatzeko. Hustu tokia aplikazio edo multimedia zaharrak ezabatuz, eta saiatu berriro instalatzen jatorrizko iturburutik."},{"$i":"app-install-success","$v":[{"t":"idOrVar","v":"appName"}," instalatuta"]},{"$i":"langpack-install-success2","$v":[{"t":"idOrVar","v":"appName"}," installed. Go to Settings > Language to enable it."]},{"$i":"setup","$v":"Konfiguratu"},{"$i":"ime-addkeyboards","$v":"Gehitu teklatuak"},{"$i":"later","$v":"Geroago"},{"$i":"download","$v":"Deskargatu"},{"$i":"wantToDownload","$v":"Eguneraketa orain deskargatu?"},{"$i":"wantToInstallNow","$v":"Eguneraketa orain instalatu nahi duzu? Ezin izango duzu zure telefonoa minutu batzuetan erabili."},{"$i":"installNow","$v":"Instalatu orain"},{"$i":"notNow","$v":"Orain ez"},{"$i":"downloadingUpdateMessage","innerHTML":["Eguneraketak deskargatzen… <span>",{"t":"idOrVar","v":"progress"}," deskargatuta.</span>"]},{"$i":"downloadingAppMessage","$v":[{"t":"idOrVar","v":"appName"}," deskargatzen"]},{"$i":"downloadingAppProgressNoMax","$v":[{"t":"idOrVar","v":"progress"}," deskargatuta"]},{"$i":"downloadingAppProgressIndeterminate","$v":"Deskargatzen"},{"$i":"downloadingAppProgress","$v":[{"t":"idOrVar","v":"max"}," / ",{"t":"idOrVar","v":"progress"}," deskargatuta"]},{"$i":"cancelAllDownloads","$v":"Utzi deskarga guztiak"},{"$i":"wantToCancelAll","$v":"Ziur zaude deskarga guztiak utzi nahi dituzula?"},{"$i":"downloadError","$v":"Errorea gertatu da eguneraketak deskargatzean."},{"$i":"updateAvailableInfo","innerHTML":{"$x":[{"t":"idOrVar","v":"plural"},"n"],"$v":{"one":["Eguneraketa ",{"t":"idOrVar","v":"n"}," erabilgarri. <span>Sakatu informazio gehiagorako.</span>"],"two":[{"t":"idOrVar","v":"n"}," eguneraketa erabilgarri <span>Sakatu informazio gehiagorako.</span>"],"few":[{"t":"idOrVar","v":"n"}," eguneraketa erabilgarri <span>Sakatu informazio gehiagorako.</span>"],"many":[{"t":"idOrVar","v":"n"}," eguneraketa erabilgarri <span>Sakatu informazio gehiagorako.</span>"],"other":[{"t":"idOrVar","v":"n"}," eguneraketa erabilgarri <span>Sakatu informazio gehiagorako.</span>"]}}},{"$i":"numberOfUpdates","$v":{"one":"Eguneraketa bat erabilgarri","two":[{"t":"idOrVar","v":"n"}," eguneraketa erabilgarri"],"few":[{"t":"idOrVar","v":"n"}," eguneraketa erabilgarri"],"many":[{"t":"idOrVar","v":"n"}," eguneraketa erabilgarri"],"other":[{"t":"idOrVar","v":"n"}," eguneraketa erabilgarri"]},"$x":[{"t":"idOrVar","v":"plural"},"n"]},{"$i":"systemUpdate","$v":"Sistemaren eguneraketa"},{"$i":"systemUpdateReady","$v":"Sistemaren eguneraketa prest"},{"$i":"systemUpdateLowBatteryThreshold","$v":["Bateria-mailak gutxienez % ",{"t":"idOrVar","v":"threshold"},"(e)koa izan behar du eguneraketa instalatzeko."]},{"$i":"required","$v":"Beharrezkoa"},{"$i":"uncompressingMessage","innerHTML":"Deskonprimatzen… <span>Minutu batzuk har ditzake.</span>"},{"$i":"downloadWifiPrioritizedUsing2G","$v":"Eguneraketak datu-konexio bidez deskargatzen dira Wi-Fia ez dagoenean erabilgarri. Datu-konexioa erabiltzean, telefono-deiak blokea litezke eta tarifa gehigarriak ere aplika litezke."},{"$i":"downloadWifiPrioritized3","$v":"Eguneraketak datu-konexio bidez deskargatzen dira Wi-Fia ez dagoenean erabilgarri. Datu-konexioa erabiltzean, tarifa gehigarriak aplika daitezke."},{"$i":"downloadNoWifiWarning","$v":"Wi-Fia ez dago erabilgarri. Eguneraketa uneko konexioa erabiliz aplikatzen bada, datu-tarifa gehigarriak egon daitezke."},{"$i":"downloadOfflineWarning2","$v":"Konektatu sare batekin eguneraketak deskargatzeko."},{"$i":"downloadUpdatesViaDataConnection","$v":"Deskargatu eguneraketak datu-konexio bidez?"},{"$i":"downloadUpdatesVia2GForbidden3","$v":"Eguneraketak ezin dira deskargatu 2G motako konexio moteletan. Konektatu Wi-Fi edo 3G bidez (erabilgarri badaude) eta saiatu berriro."},{"$i":"downloadUpdatesViaDataConnectionMessage3","$v":"Datu-konexioa erabiltzean tarifa gehigarriak aplika daitezke. Jarraitu nahi duzu?"},{"$i":"downloadUpdatesViaDataRoamingConnection","$v":"Deskargatu eguneraketak datu-ibiltaritza bidez?"},{"$i":"downloadUpdatesViaDataRoamingConnectionMessage","$v":"Datu-ibiltaritza erabiltzen ari zara eta datu-tarifa gehigarriak aplika daitezke. Jarraitu nahi duzu?"},{"$i":"screenshotSaved","$v":"Pantaila-argazkia gordeta"},{"$i":"screenshotFailed","$v":"Ezin pantaila-argazkia gorde"},{"$i":"screenshotNoSDCard","$v":"Ez da memoria-txartelik aurkitu"},{"$i":"screenshotSDCardInUse","$v":"Memoria-txartela erabiltzen ari da"},{"$i":"screenshotSDCardLow","$v":"Toki librerik ez memoria-txartelean"},{"$i":"logsSaved","$v":"Egunkariak biltegiratzean gorde dira"},{"$i":"logsSaveError","$v":"Errorea egunkariak gordetzean"},{"$i":"logsSaving","$v":"Egunkariak kapturatzen..."},{"$i":"logsOperationFailed","$v":[{"t":"idOrVar","v":"operation"}," eragiketak huts egin du."]},{"$i":"logsGenericError","$v":"Ustekabeko errore bat gertatu da."},{"$i":"logsSDCardMaybeShared","$v":"Ziurtatu zure SD txartela ez dagoela zure ordenagailuarekin partekatuta."},{"$i":"emergency-call-button","$v":"Larrialdi-deia"},{"$i":"emergency-call","$v":"Larrialdi-deia"},{"$i":"unlock-a11y-button","ariaLabel":"Desblokeatu"},{"$i":"camera-a11y-button","ariaLabel":"Kamera"},{"$i":"longDateFormat","$v":"%A, %Bk %e"},{"$i":"panel-passcode","ariaLabel":"Pasakodearen panela"},{"$i":"open-notification","$v":"irekia"},{"$i":"softwareHomeButton","ariaLabel":"Nagusia"},{"$i":"login","$v":"Hasi saioa"},{"$i":"sign-in-to-website","$v":"Hasi saioa webgunean"},{"$i":"username","$v":"Erabiltzaile-izena"},{"$i":"password","$v":"Pasahitza"},{"$i":"http-authentication-message2","$v":[{"t":"idOrVar","v":"host"}," webguneak saioa has dezazun behar du."]},{"$i":"error-message","$v":[{"t":"idOrVar","v":"name"}," ez da ari ondo kargatzen"]},{"$i":"error-title","$v":[{"t":"idOrVar","v":"name"}," arazoak izaten ari da"]},{"$i":"unable-to-connect","$v":"Ezin da konektatu"},{"$i":"tap-to-check-settings","$v":"Sakatu ezarpenak egiaztatzeko"},{"$i":"delete-title","$v":["Ezabatu ",{"t":"idOrVar","v":"name"}]},{"$i":"delete-body","$v":[{"t":"idOrVar","v":"name"}," eta bere datu guztiak ezabatuko dira."]},{"$i":"delete","$v":"Ezabatu"},{"$i":"unrecoverable-error-title","$v":"Kendu aplikazioa"},{"$i":"unrecoverable-error-body","$v":"Ezin da aplikazioa instalatu errore konponezin baten eraginez. Saiatu berriro deskargatzen. Aplikazioa kendu egingo da."},{"$i":"unrecoverable-error-action","$v":"Ados"},{"$i":"data-roaming-enabled-title","$v":"Aktibatu datu-ibiltaritza?"},{"$i":"data-roaming-enabled-warning2","$v":"Internetara sartzeko, datu-ibiltaritza aktibatu behar duzu. Zure zerbitzu-baldintzen arabera, datu-tarifa gehigarriak aplika daitezke. Datuak aktibatu nahi dituzu?"},{"$i":"select-time","$v":"Hautatu ordua"},{"$i":"choose-option","$v":"Hautatu"},{"$i":"choose-options","$v":"Hautatu"},{"$i":"select-day","$v":"Hautatu eguna"},{"$i":"battery-almost-empty3","$v":"Bateria baxu daukazu."},{"$i":"plug-in-your-charger","$v":"Konektatu zure kargagailua."},{"$i":"new-window","$v":"Leiho berria"},{"$i":"new-private-window","$v":"Leiho pribatu berria"},{"$i":"show-windows","$v":"Erakutsi leihoak"},{"$i":"add-to-home-screen","$v":"Gehitu hasierako pantailari"},{"$i":"crash-dialog2-os","$v":[{"t":"idOrVar","v":"brandShortName"}," hutsegite batetik berreskuratu berri da"]},{"$i":"crash-dialog-app","$v":[{"t":"idOrVar","v":"name"}," aplikazioak huts egin du"]},{"$i":"crash-dialog-app-noname","$v":"Zerbait"},{"$i":"crash-dialog-message","$v":"Nahi duzu hutsegiteari buruzko txostena Mozillara bidaltzea arazoa konpontzen laguntzeko? (Txostenak Wi-Fi bidez soilik bidaltzen dira)"},{"$i":"crash-info-link","$v":"Zer dago hutsegite-txosten batean?"},{"$i":"crash-always-report","$v":"Bidali beti txostena Mozillara hutsegite bat gertatzen denean."},{"$i":"crash-dont-send","$v":"Ez bidali"},{"$i":"crash-end","$v":"Bidali txostena"},{"$i":"crashReports","$v":"Hutsegite-txostenak"},{"$i":"done","$v":"Eginda"},{"$i":"crash-reports-description-1","$v":"Hutsegite-txosten batek hutsegiteari eta zure gailuari buruzko xehetasunak ditu; horrez gain, gailuak huts egin zuen momentuko egoeraren argazkia ere badu."},{"$i":"crash-reports-description-2","$v":"Irekitako orri eta aplikazioak, inprimakietan idatzitako testua eta bestelako edukia izan lezake honek (irekitako aplikazio batek erabilitako mezuak, azken nabigazio-historia edo geokokapena)."},{"$i":"crash-reports-description-3-start","$v":"Arazoak konpondu eta gure produktuak hobetzeko erabiltzen ditugu hutsegite-txostenak. Zure informazioa gure "},{"$i":"crash-reports-description-3-privacy","$v":"pribatutasun-politika"},{"$i":"crash-reports-description-3-end","$v":"n."},{"$i":"crash-banner-os2","$v":[{"t":"idOrVar","v":"brandShortName"},"(e)k huts egin du."]},{"$i":"crash-banner-app","$v":[{"t":"idOrVar","v":"name"}," aplikazioak huts egin du."]},{"$i":"crash-banner-report","$v":"Txostena"},{"$i":"bluetooth-sending-progress","$v":"Bluetooth-transferentzia bidaltzen.."},{"$i":"bluetooth-receiving-progress","$v":"Bluetooth-transferentzia jasotzen.."},{"$i":"acceptFileTransfer","$v":"Onartu Bluetooth fitxategi-transferentzia?"},{"$i":"wantToReceiveFile","$v":[{"t":"idOrVar","v":"deviceName"}," gailuak ",{"t":"idOrVar","v":"fileName"}," transferitu nahi du (",{"t":"idOrVar","v":"fileSize"},")."]},{"$i":"transfer-confirmation-title","$v":[{"t":"idOrVar","v":"deviceName"}]},{"$i":"transfer-confirmation-description","$v":"Berrikusi transferentzia-eskaera."},{"$i":"byteUnit-B","$v":"B"},{"$i":"byteUnit-KB","$v":"KB"},{"$i":"byteUnit-MB","$v":"MB"},{"$i":"byteUnit-GB","$v":"GB"},{"$i":"byteUnit-TB","$v":"TB"},{"$i":"byteUnit-PB","$v":"PB"},{"$i":"byteUnit-EB","$v":"EB"},{"$i":"byteUnit-ZB","$v":"ZB"},{"$i":"byteUnit-YB","$v":"YB"},{"$i":"fileSize","$v":[{"t":"idOrVar","v":"size"}," ",{"t":"idOrVar","v":"unit"}]},{"$i":"deny","$v":"Ukatu"},{"$i":"transfer","$v":"Transferitu"},{"$i":"cancelFileTransfer","$v":"Utzi Bluetooth fitxategi-transferentzia?"},{"$i":"continueFileTransfer","$v":"Jarraitu"},{"$i":"transfer-has-started-title","$v":"Transferentzia hasi da"},{"$i":"transfer-has-started-description","$v":"Begiratu aurrerapena jakinarazpen-zentroan"},{"$i":"transferFinished-sentSuccessful-title","$v":"Fitxategia bidalita"},{"$i":"transferFinished-receivedSuccessful-title","$v":"Fitxategia jasota"},{"$i":"transferFinished-sentFailed-title","$v":"Ezin da fitxategia bidali"},{"$i":"transferFinished-receivedFailed-title","$v":"Ezin da fitxategia jaso"},{"$i":"transferReport-title","$v":"Transferentziaren txostena:"},{"$i":"transferReport-description","$v":[{"t":"idOrVar","v":"numSuccessful"}," fitxategi ondo, ",{"t":"idOrVar","v":"numUnsuccessful"}," fitxategi gaizki"]},{"$i":"unknown-file","$v":"Izenburu ezezaguna"},{"$i":"unknown-device","$v":"Gailu ezezaguna"},{"$i":"cannotOpenFile","$v":"Ezin da jasotako fitxategia ireki"},{"$i":"unknownMediaTypeToOpenFile","$v":["Ezin da ireki multimedia mota ezezaguna: ",{"t":"idOrVar","v":"fileName"}]},{"$i":"cannotReceiveFile","$v":"Ezin da fitxategia jaso"},{"$i":"cannotGetStorageState","$v":"Ezin da gailuaren biltegiratze-egoera eskuratu."},{"$i":"sdcard-not-exist2","$v":"Ez da memoria-txartelik aurkitu. Txertatu memoria-txartel bat."},{"$i":"sdcard-in-use","$v":"Bluetooth-a ezin da erabili telefonoa kargatzen dagoen bitartean. Deskonektatu telefnoa fitxategia(k) jasotzeko."},{"$i":"sdcard-no-space2","$v":"Ezin da transferentzia burutu: memoria-txartela beteta dago."},{"$i":"unknown-error","$v":"Errore ezezaguna"},{"$i":"confirm","$v":"Berretsi"},{"$i":"sdcard-detected-title","$v":"SD txartela detektatu da"},{"$i":"sdcard-total-size-body","$v":["Tamaina osoa: ",{"t":"idOrVar","v":"size"}," ",{"t":"idOrVar","v":"unit"}]},{"$i":"sdcard-unknown-size-then-tap-to-format-body","$v":"Tamaina ezezaguna, sakatu formateatzeko"},{"$i":"sdcard-removed-title","$v":"SD txartela kendu da"},{"$i":"sdcard-removed-ejected-successfully","$v":"Ongi egotzita"},{"$i":"sdcard-removed-not-ejected-properly","$v":"Ez da ongi egotzi"},{"$i":"microphone-is-on","$v":"Mikrofonoa piztuta dago"},{"$i":"camera-is-on","$v":"Kamera piztuta dago"},{"$i":"media-is-on","$v":"Kamera eta mikrofonoa piztuta daude"},{"$i":"noSimCard","$v":"SIM txartelik ez"},{"$i":"simPin","$v":"SIMaren PINa"},{"$i":"pukCode","$v":"PUK kodea"},{"$i":"nckCode","$v":"NCK kodea"},{"$i":"cckCode","$v":"CCK kodea"},{"$i":"spckCode","$v":"SPCK kodea"},{"$i":"nck1code","$v":"NCK1 kodea"},{"$i":"nck2code","$v":"NCK2 kodea"},{"$i":"hnckcode","$v":"HNCK kodea"},{"$i":"rcckcode","$v":"RCCK kodea"},{"$i":"rspckcode","$v":"RSPCK kodea"},{"$i":"whatIsSimPin","$v":"Zer da SIMaren PINa?"},{"$i":"simPinIntro1","$v":"SIMaren PINak SIM txartelaren datu-sareetan sartzea eragozten du. Gaituta dagoenean, SIM txartela duen edozein gailuk PINa eskatuko du berrabioan."},{"$i":"simPinIntro2","$v":"SIMaren PINa ez da gailua desblokeatzeko erabilitako pasakodearen berdina."},{"$i":"changeSimPin","$v":"Aldatu PINa"},{"$i":"pinTitle","$v":"Sartu SIMaren PINa"},{"$i":"multiSIMpinTitle","$v":["Sartu ",{"t":"idOrVar","v":"n"},". SIMaren PINa"]},{"$i":"pukTitle","$v":"Sartu PUK kodea"},{"$i":"nckTitle","$v":"Sartu NCK kodea"},{"$i":"cckTitle","$v":"Sartu CCK kodea"},{"$i":"spckTitle","$v":"Sartu SPCK kodea"},{"$i":"nck1Title","$v":"Sartu NCK1 kodea"},{"$i":"nck2Title","$v":"Sartu NCK2 kodea"},{"$i":"hnckTitle","$v":"Sartu HNCK kodea"},{"$i":"rcckTitle","$v":"Sartu RCCK kodea"},{"$i":"rspckTitle","$v":"Sartu RSPCK kodea"},{"$i":"newpinTitle","$v":"PIN berria"},{"$i":"inputCodeRetriesLeft","$v":{"one":"Azken aukera.","two":[{"t":"idOrVar","v":"n"}," aukera falta dira."],"few":[{"t":"idOrVar","v":"n"}," aukera falta dira."],"many":[{"t":"idOrVar","v":"n"}," aukera falta dira."],"other":[{"t":"idOrVar","v":"n"}," aukera falta dira."]},"$x":[{"t":"idOrVar","v":"plural"},"n"]},{"$i":"pinErrorMsg","$v":"PINa okerra da."},{"$i":"pinAttemptMsg2","$v":{"one":"Azken aukera daukazu kode zuzena sartzeko SIM txartela blokeatu aurretik.","two":[{"t":"idOrVar","v":"n"}," aukera dauzkazu kode zuzena sartzeko SIM txartela blokeatu aurretik."],"few":[{"t":"idOrVar","v":"n"}," aukera dauzkazu kode zuzena sartzeko SIM txartela blokeatu aurretik."],"many":[{"t":"idOrVar","v":"n"}," aukera dauzkazu kode zuzena sartzeko SIM txartela blokeatu aurretik."],"other":[{"t":"idOrVar","v":"n"}," aukera dauzkazu kode zuzena sartzeko SIM txartela blokeatu aurretik."]},"$x":[{"t":"idOrVar","v":"plural"},"n"]},{"$i":"pinLastChanceMsg","$v":"PIN zuzena sartzeko azken aukera duzu. Bestela, PUK kodea sartu beharko duzu SIM txartel hau erabiltzeko."},{"$i":"simCardLockedMsg","$v":"SIM txartela blokeatuta dago."},{"$i":"enterPukMsg","$v":"Personal Unlocking Key (PUK) kodea sartu behar duzu SIM txartel honetarako. Begiratu zure SIM txartelaren dokumentazioa edo jarri harremanetan zure hornitzailearekin informazio gehiagorako."},{"$i":"pukErrorMsg","$v":"PUK kodea okerra da."},{"$i":"pukAttemptMsg2","$v":{"one":"Azken aukera daukazu kode zuzena sartzeko SIM txartela behin-betiko erabilezin geratu aurretik. Begiratu zure SIM txartelaren dokumentazioa edo jarri harremanetan zure hornitzailearekin informazio gehiagorako.","two":[{"t":"idOrVar","v":"n"}," aukera dauzkazu kode zuzena sartzeko SIM txartela behin-betiko erabilezin geratu aurretik. Begiratu zure SIM txartelaren dokumentazioa edo jarri harremanetan zure hornitzailearekin informazio gehiagorako."],"few":[{"t":"idOrVar","v":"n"}," aukera dauzkazu kode zuzena sartzeko SIM txartela behin-betiko erabilezin geratu aurretik. Begiratu zure SIM txartelaren dokumentazioa edo jarri harremanetan zure hornitzailearekin informazio gehiagorako."],"many":[{"t":"idOrVar","v":"n"}," aukera dauzkazu kode zuzena sartzeko SIM txartela behin-betiko erabilezin geratu aurretik. Begiratu zure SIM txartelaren dokumentazioa edo jarri harremanetan zure hornitzailearekin informazio gehiagorako."],"other":[{"t":"idOrVar","v":"n"}," aukera dauzkazu kode zuzena sartzeko SIM txartela behin-betiko erabilezin geratu aurretik. Begiratu zure SIM txartelaren dokumentazioa edo jarri harremanetan zure hornitzailearekin informazio gehiagorako."]},"$x":[{"t":"idOrVar","v":"plural"},"n"]},{"$i":"pukLastChanceMsg","$v":"PUK kode zuzena sartzeko azken aukera. Ezin izango duzu zure SIM txartela berriro erabili PUK kode okerra sartzen baduzu. Begiratu zure SIM txartelaren dokumentazioa edo jarri harremanetan zure hornitzailearekin informazio gehiagorako."},{"$i":"newSimPinMsg","$v":"Sortu PINa (4 eta 8 digitu artean izan behar ditu)"},{"$i":"confirmNewSimPinMsg","$v":"Berretsi PIN berria"},{"$i":"newPinErrorMsg","$v":"PINak ez datoz bat."},{"$i":"nckErrorMsg","$v":"NCK kodea okerra da."},{"$i":"nckAttemptMsg2","$v":{"one":"Sarearen despertsonalizazio-eskaeraren hutsegitea. Azken aukera daukazu kode zuzena sartzeko. Begiratu zure gailuaren dokumentazioa edo jarri harremanetan zure hornitzailearekin informazio gehiagorako.","two":["Sarearen despertsonalizazio-eskaeraren hutsegitea. ",{"t":"idOrVar","v":"n"}," aukera dauzkazu kode zuzena sartzeko. Begiratu zure gailuaren dokumentazioa edo jarri harremanetan zure hornitzailearekin informazio gehiagorako."],"few":["Sarearen despertsonalizazio-eskaeraren hutsegitea. ",{"t":"idOrVar","v":"n"}," aukera dauzkazu kode zuzena sartzeko. Begiratu zure gailuaren dokumentazioa edo jarri harremanetan zure hornitzailearekin informazio gehiagorako."],"many":["Sarearen despertsonalizazio-eskaeraren hutsegitea. ",{"t":"idOrVar","v":"n"}," aukera dauzkazu kode zuzena sartzeko. Begiratu zure gailuaren dokumentazioa edo jarri harremanetan zure hornitzailearekin informazio gehiagorako."],"other":["Sarearen despertsonalizazio-eskaeraren hutsegitea. ",{"t":"idOrVar","v":"n"}," aukera dauzkazu kode zuzena sartzeko. Begiratu zure gailuaren dokumentazioa edo jarri harremanetan zure hornitzailearekin informazio gehiagorako."]},"$x":[{"t":"idOrVar","v":"plural"},"n"]},{"$i":"nckLastChanceMsg","$v":"Sarearen despertsonalizazio-eskaeraren hutsegitea. Azken aukera daukazu NCK kode zuzena sartzeko. Begiratu zure gailuaren dokumentazioa edo jarri harremanetan zure hornitzailearekin informazio gehiagorako."},{"$i":"activity-pick","$v":"Hautatu hauen artetik:"},{"$i":"activity-view","$v":"Ikusi honekin:"},{"$i":"activity-test","$v":"Probatu honekin:"},{"$i":"activity-share","$v":"Partekatu honekin:"},{"$i":"activity-new","$v":"Sortu honekin:"},{"$i":"activity-open","$v":"Ireki honekin:"},{"$i":"activity-save-bookmark","$v":"Egin laster-marka:"},{"$i":"activity-record","$v":"Grabatu hemendik:"},{"$i":"activity-browse","$v":"Arakatu honekin:"},{"$i":"activity-configure","$v":"Konfiguratu honekin:"},{"$i":"activity-dial","$v":"Markatu hemendik:"},{"$i":"persona-signin","$v":"Hasi saioa"},{"$i":"payment-flow","$v":"Erosi"},{"$i":"remoteDebuggerPromptUSB","$v":"Allow USB debugging connection?"},{"$i":"remoteDebuggerPromptTCP","$v":["Allow remote debugging connection from ",{"t":"idOrVar","v":"host"},":",{"t":"idOrVar","v":"port"},"?"]},{"$i":"devtools-auth-scan2","$v":"Scanning for the QR code displayed on your other device…"},{"$i":"fullscreen-request","$v":[{"t":"idOrVar","v":"origin"}," pantaila osoan dago orain."]},{"$i":"captive-wifi-available","$v":[{"t":"idOrVar","v":"networkName"}," sarea aurkitu da. Batu sarearekin?"]},{"$i":"ceWarningtitle","$v":"Bolumenaren abisua"},{"$i":"ceWarningcontent","$v":"Entzumenari kalte egitea saihesteko, ez entzun denbora luzez bolumen-maila altuetan."},{"$i":"notification-powersaving-mode-on-title","$v":"Energia aurrezteko modua"},{"$i":"notification-powersaving-mode-on-description","$v":"Energia aurrezteko modua piztuta dago."},{"$i":"low-device-storage","$v":"Gailuaren leku librea baxu.\\n"},{"$i":"free-space","$v":{"zero":"Ez dago leku librerik.","one":[{"t":"idOrVar","v":"value"}," ",{"t":"idOrVar","v":"unit"}," baino gutxiago geratzen da."],"two":[{"t":"idOrVar","v":"value"}," ",{"t":"idOrVar","v":"unit"}," baino gutxiago geratzen da."],"few":[{"t":"idOrVar","v":"value"}," ",{"t":"idOrVar","v":"unit"}," baino gutxiago geratzen da."],"many":[{"t":"idOrVar","v":"value"}," ",{"t":"idOrVar","v":"unit"}," baino gutxiago geratzen da."],"other":[{"t":"idOrVar","v":"value"}," ",{"t":"idOrVar","v":"unit"}," baino gutxiago geratzen da."]},"$x":[{"t":"idOrVar","v":"plural"},"value"]},{"$i":"unknown-free-space","$v":"Leku libre ezezaguna."},{"$i":"system-alert","$v":"Sistemaren abisua"},{"$i":"cb-channel","$v":[{"t":"idOrVar","v":"channel"}," kanala"]},{"$i":"cb-etws-warningType-earthquake","$v":"Lurrikara abisua!"},{"$i":"cb-etws-warningType-tsunami","$v":"Tsunami abisua!"},{"$i":"cb-etws-warningType-earthquake-tsunami","$v":"Lurrikara-tsunami abisua!"},{"$i":"cb-etws-warningType-test","$v":"Abisuen sistema probetan dago."},{"$i":"cb-etws-warningType-other","$v":"Larrialdi-abisua!"},{"$i":"icc-message-maintitle","$v":"Operatzailearen mezua"},{"$i":"icc-message-subtitle","$v":[{"t":"idOrVar","v":"id"},". SIMa"]},{"$i":"icc-confirmCall-defaultmessage","$v":["Deitu ",{"t":"idOrVar","v":"number"},"?"]},{"$i":"icc-alertMessage-send-ss","$v":"Send SS"},{"$i":"icc-alertMessage-send-ussd","$v":"Send USSD"},{"$i":"icc-alertMessage-send-sms","$v":"Send SMS"},{"$i":"icc-confirmMessage-defaultmessage","$v":"Bidali mezua?"},{"$i":"icc-inputbox-maintitle","$v":"STK kontsulta"},{"$i":"icc-inputbox-subtitle","$v":[{"t":"idOrVar","v":"id"},". SIMa"]},{"$i":"emergency-callback-mode","$v":"Larrialdietan atzera deitzeko modua"},{"$i":"emergency-callback-message","$v":"Ezin duzu deirik egin, mezurik bidali edo linean jarri larrialdietan atzera deitzeko modua gaituta dagoelako. Itzali egin nahi duzu?"},{"$i":"cdma-record-info","$v":"CDMA erregistroaren informazioa"},{"$i":"ime-switching-title","$v":[{"t":"idOrVar","v":"appName"},": ",{"t":"idOrVar","v":"name"}]},{"$i":"ime-switching-tip","$v":"Sakatu sarrera-metodoa aldatzeko"},{"$i":"shrinking-tip","$v":"Pasatu hatza partekatzeko"},{"$i":"download_started","$v":"Deskarga hasita"},{"$i":"download_stopped","$v":"Deskarga geldituta"},{"$i":"download_downloading","$v":"Deskargatzen…"},{"$i":"download_succeeded","$v":"Deskarga burututa"},{"$i":"download_failed","$v":"Deskargak huts egin du"},{"$i":"download_text_by_default","$v":[{"t":"idOrVar","v":"name"}]},{"$i":"download_downloading_text_2","$v":["%",{"t":"idOrVar","v":"percentage"}," - ",{"t":"idOrVar","v":"name"}]},{"$i":"search-the-web","$v":"Arakatu sarea"},{"$i":"search-or-enter-address","$v":"Bilatu edo idatzi helbidea","placeholder":"Bilatu edo idatzi helbidea"},{"$i":"back-button","ariaLabel":"Atzera"},{"$i":"forward-button","ariaLabel":"Aurrera"},{"$i":"reload-button","ariaLabel":"Birkargatu"},{"$i":"stop-button","ariaLabel":"Gelditu"},{"$i":"windows-button","ariaLabel":"Erakutsi leihoak"},{"$i":"noHotspotWhenAPMisOnWifiHotspot","$v":"Itzali hegazkin modua wifigunea erabiltzeko."},{"$i":"apmActivated","$v":"Hegazkin modua aktibatuta"},{"$i":"open-in-new-window","$v":"Ireki leiho berrian"},{"$i":"open-in-new-private-window","$v":"Ireki leiho pribatu berrian"},{"$i":"add-link-to-home-screen","$v":"Gehitu lotura hasierako pantailan"},{"$i":"share-link","$v":"Partekatu lotura"},{"$i":"save-image","$v":"Gorde irudia"},{"$i":"save-video","$v":"Gorde bideoa"},{"$i":"save-audio","$v":"Gorde audioa"},{"$i":"save-link","$v":"Gorde estekatutako fitxategia"},{"$i":"share-image","$v":"Partekatu irudia"},{"$i":"share-video","$v":"Partekatu bideoa"},{"$i":"share-audio","$v":"Partekatu audioa"},{"$i":"private-window","$v":"Leiho pribatua"},{"$i":"private-browser-title","$v":"Modu pribatuan ari zara nabigatzen"},{"$i":"private-window-detail1","$v":"Nabigatzaileak ez ditu historia, cookie-ak eta aldi baterako Internet fitxategiak gordeko."},{"$i":"private-window-detail2","$v":"Gailu honek zure nabigatze-historiaren erregistroa gordetzen ez badu ere, kontuan izan zure enplegatzaileak edo internet hornitzaileak bisitatzen dituzun orrien jarraipena egin dezakeela."},{"$i":"okCharsLeft","$v":["Ados (",{"t":"idOrVar","v":"n"},")"]},{"$i":"network-error-in-app","$v":"Internet-sarbiderik ez une honetan."},{"$i":"network-error-launching","$v":[{"t":"idOrVar","v":"name"},"(e)k Internet-konexioa behar du."]},{"$i":"server-not-found","$v":"Ez da zerbitzaria aurkitu"},{"$i":"server-not-found-error","$v":["Ezin da zerbitzaria aurkitu ",{"t":"idOrVar","v":"name"}," helbidean."]},{"$i":"file-not-found","$v":"Ez da fitxategia aurkitu"},{"$i":"file-not-found-error","$v":"Gailuak ezin du orri hau erakutsi fitxategia ez delako aurkitu."},{"$i":"connection-failed","$v":"Ezin da konektatu"},{"$i":"connection-failed-error","$v":"Sare-errore bat gertatu da gunea atzitzen saiatzean."},{"$i":"invalid-connection","$v":"Ezin da konektatu"},{"$i":"invalid-connection-error","$v":"Sare-errore bat gertatu da gunea atzitzen saiatzean."},{"$i":"malformed-uri","$v":"URLa baiogabea da"},{"$i":"malformed-uri-error","$v":"Idatzitako URLa ez da baliozkoa eta ezin da kargatu."},{"$i":"redirect-loop","$v":"Ezin da orria bistaratu"},{"$i":"redirect-loop-error","$v":"Gailuak ezin du orri hau erakutsi orria ez delako behar den bezala berbideratzen. Saiatu berriro geroago."},{"$i":"not-cached","$v":"Orria iraungita"},{"$i":"not-cached-error","$v":"Orri hau iraungita dagoenez, ez da gailuan erakutsiko segurtasun-neurri gisa."},{"$i":"is-printing-error","$v":"Dokumentua ezin da aldatu inprimatzen edo inprimatze-aurrebistan dagoenean."},{"$i":"denied-port-access","$v":"Helbide hau murriztuta dago"},{"$i":"denied-port-access-error","$v":"Helbide honek darabilen sare-ataka normalean web nabigazioa ez den beste helburu batzuetarako erabiltzen da. Gailuak eskaria bertan behera utzi du zu babesteko."},{"$i":"proxy-resolve-failure","$v":"Proxy-zerbitzariaren errorea"},{"$i":"proxy-resolve-failure-error","$v":"Aurkitu ezin daitekeen proxy-zerbitzari bat erabiltzeko dago konfiguratuta gailua."},{"$i":"proxy-connect-failure","$v":"Proxy-zerbitzariaren errorea"},{"$i":"proxy-connect-failure-error","$v":"Konexioak ukatzen ari den proxy-zerbitzari bat erabiltzeko dago konfiguratuta gailua."},{"$i":"content-encoding","$v":"Ezin da orria bistaratu"},{"$i":"content-encoding-error","$v":"Gailuak ezin du orri hau bistaratu edukiaren kodeketa-errore bat gertatu delako."},{"$i":"remote-xul","$v":"Euskarririk gabeko orria"},{"$i":"remote-xul-error","$v":"Ezin da orria bistaratu gailuan euskarririk ez duen teknologia bat erabiltzen duelako."},{"$i":"phishing-blocked","$v":"Abisua"},{"$i":"phishing-blocked-error","$v":"Webgunea informazio pertsonala edo finantza-informazioa osteko web iruzur bezala salatua dago."},{"$i":"malware-blocked","$v":"Malware erasoa blokeatuta"},{"$i":"malware-blocked-error","$v":"Gune hau gune erasotzaile bezala dago salatuta eta blokeatu egin da."},{"$i":"unsafe-content-type","$v":"Eduki ez-segurua"},{"$i":"unsafe-content-type-error","$v":"Ezin da orria erakutsi irekitzeko ez-segurua izan daitekeelako."},{"$i":"corrupted-content","$v":"Ezin da orria bistaratu"},{"$i":"corrupted-content-error","$v":"Ezin da orria erakutsi datu-transmisioan errore bat detektatu delako."},{"$i":"try-again","$v":"Saiatu berriro"},{"$i":"check-settings","$v":"Egiaztatu ezarpenak"},{"$i":"accessibility-enableScreenReaderSteps","$v":"Pantaila-irakurlea gaitzeko, sakatu bolumena igotzeko botoia eta gero bolumena jaistekoa hiru aldiz"},{"$i":"accessibility-disableScreenReaderSteps","$v":"Pantaila-irakurlea desgaitzeko, sakatu bolumena igotzeko botoia eta gero bolumena jaistekoa hiru aldiz"},{"$i":"accessibility-screenReaderStarted","$v":"Pantaila-irakurlea abiarazi da"},{"$i":"accessibility-screenReaderStopped","$v":"Pantaila-irakurlea gelditu da"},{"$i":"accessibility-menubar","$v":"menu-barra"},{"$i":"accessibility-scrollbar","$v":"korritze-barra"},{"$i":"accessibility-grip","$v":"heldulekua"},{"$i":"accessibility-alert","$v":"abisua"},{"$i":"accessibility-menupopup","$v":"laster-menua"},{"$i":"accessibility-document","$v":"dokumentua"},{"$i":"accessibility-pane","$v":"panela"},{"$i":"accessibility-dialog","$v":"elkarrizketa-koadroa"},{"$i":"accessibility-separator","$v":"bereizlea"},{"$i":"accessibility-toolbar","$v":"tresna-barra"},{"$i":"accessibility-statusbar","$v":"egoera-barra"},{"$i":"accessibility-table","$v":"taula"},{"$i":"accessibility-columnheader","$v":"zutabea-goiburukoa"},{"$i":"accessibility-rowheader","$v":"errenkada-goiburukoa"},{"$i":"accessibility-column","$v":"zutabea"},{"$i":"accessibility-row","$v":"errenkada"},{"$i":"accessibility-cell","$v":"gelaxka"},{"$i":"accessibility-link","$v":"esteka"},{"$i":"accessibility-list","$v":"zerrenda"},{"$i":"accessibility-listitem","$v":"zerrendako elementua"},{"$i":"accessibility-outline","$v":"eskema"},{"$i":"accessibility-outlineitem","$v":"eskemako elementua"},{"$i":"accessibility-pagetab","$v":"tab"},{"$i":"accessibility-propertypage","$v":"propietateen orria"},{"$i":"accessibility-graphic","$v":"grafikoa"},{"$i":"accessibility-pushbutton","$v":"botoia"},{"$i":"accessibility-checkbutton","$v":"kontrol-botoia"},{"$i":"accessibility-radiobutton","$v":"aukera-botoia"},{"$i":"accessibility-combobox","$v":"konbinazio-koadroa"},{"$i":"accessibility-progressbar","$v":"aurrerapen-barra"},{"$i":"accessibility-slider","$v":"graduatzailea"},{"$i":"accessibility-spinbutton","$v":"biratze-botoia"},{"$i":"accessibility-diagram","$v":"diagrama"},{"$i":"accessibility-animation","$v":"animazioa"},{"$i":"accessibility-equation","$v":"ekuazioa"},{"$i":"accessibility-buttonmenu","$v":"botoi-menua"},{"$i":"accessibility-whitespace","$v":"zuriunea"},{"$i":"accessibility-pagetablist","$v":"fitxa-zerrenda"},{"$i":"accessibility-canvas","$v":"oihala"},{"$i":"accessibility-checkmenuitem","$v":"kontrol-menuko elementua"},{"$i":"accessibility-label","$v":"etiketa"},{"$i":"accessibility-passwordtext","$v":"pasahitz-testua"},{"$i":"accessibility-radiomenuitem","$v":"aukera-menuko elementua"},{"$i":"accessibility-textcontainer","$v":"testu-edukiontzia"},{"$i":"accessibility-togglebutton","$v":"txandakatze-botoia"},{"$i":"accessibility-treetable","$v":"zuhaitz-taula"},{"$i":"accessibility-header","$v":"goiburukoa"},{"$i":"accessibility-footer","$v":"orri-oina"},{"$i":"accessibility-paragraph","$v":"paragrafoa"},{"$i":"accessibility-entry","$v":"sarrera"},{"$i":"accessibility-caption","$v":"epigrafea"},{"$i":"accessibility-heading","$v":"Izenburua"},{"$i":"accessibility-section","$v":"sekzioa"},{"$i":"accessibility-form","$v":"inprimakia"},{"$i":"accessibility-comboboxlist","$v":"konbinazio-koadro motako zerrenda"},{"$i":"accessibility-comboboxoption","$v":"konbinazio-koadroko aukera"},{"$i":"accessibility-imagemap","$v":"irudi-mapa"},{"$i":"accessibility-listboxoption","$v":"aukera"},{"$i":"accessibility-listbox","$v":"zerrenda-koadroa"},{"$i":"accessibility-flatequation","$v":"ekuazio laua"},{"$i":"accessibility-gridcell","$v":"sareta-gelaxka"},{"$i":"accessibility-note","$v":"oharra"},{"$i":"accessibility-figure","$v":"irudia"},{"$i":"accessibility-definitionlist","$v":"definizio-zerrenda"},{"$i":"accessibility-term","$v":"terminoa"},{"$i":"accessibility-definition","$v":"definizioa"},{"$i":"accessibility-textarea","$v":"testu-area"},{"$i":"accessibility-textInputType_date","$v":"data"},{"$i":"accessibility-textInputType_email","$v":"posta elektronikoa"},{"$i":"accessibility-textInputType_search","$v":"bilatu"},{"$i":"accessibility-textInputType_tel","$v":"telefonoa"},{"$i":"accessibility-textInputType_url","$v":"URLa"},{"$i":"accessibility-headingLevel","$v":[{"t":"idOrVar","v":"0"},". izenburu-maila"]},{"$i":"accessibility-listStart","$v":"Lehen elementua"},{"$i":"accessibility-listEnd","$v":"Azken elementua"},{"$i":"accessibility-listItemsCount","$v":{"zero":[{"t":"idOrVar","v":"count"}," elementu"],"one":["elementu ",{"t":"idOrVar","v":"count"}],"two":[{"t":"idOrVar","v":"count"}," elementu"],"few":[{"t":"idOrVar","v":"count"}," elementu"],"many":[{"t":"idOrVar","v":"count"}," elementu"],"other":[{"t":"idOrVar","v":"count"}," elementu"]},"$x":[{"t":"idOrVar","v":"plural"},"count"]},{"$i":"accessibility-objItemOfN","$v":[{"t":"idOrVar","v":"0"}," / ",{"t":"idOrVar","v":"1"}]},{"$i":"accessibility-banner","$v":"iragarkia"},{"$i":"accessibility-complementary","$v":"osagarria"},{"$i":"accessibility-contentinfo","$v":"eduki-informazioa"},{"$i":"accessibility-main","$v":"nagusia"},{"$i":"accessibility-navigation","$v":"nabigazioa"},{"$i":"accessibility-search","$v":"bilatu"},{"$i":"accessibility-tblColumnInfo","$v":{"zero":[{"t":"idOrVar","v":"count"}," zutaberekin"],"one":["zutabe ",{"t":"idOrVar","v":"count"},"ekin"],"two":[{"t":"idOrVar","v":"count"}," zutaberekin"],"few":[{"t":"idOrVar","v":"count"}," zutaberekin"],"many":[{"t":"idOrVar","v":"count"}," zutaberekin"],"other":[{"t":"idOrVar","v":"count"}," zutaberekin"]},"$x":[{"t":"idOrVar","v":"plural"},"count"]},{"$i":"accessibility-tblRowInfo","$v":{"zero":["eta ",{"t":"idOrVar","v":"count"}," errenkada"],"one":["eta errenkada ",{"t":"idOrVar","v":"count"}],"two":["eta ",{"t":"idOrVar","v":"count"}," errenkada"],"few":["eta ",{"t":"idOrVar","v":"count"}," errenkada"],"many":["eta ",{"t":"idOrVar","v":"count"}," errenkada"],"other":["eta ",{"t":"idOrVar","v":"count"}," errenkada"]},"$x":[{"t":"idOrVar","v":"plural"},"count"]},{"$i":"accessibility-columnInfo","$v":[{"t":"idOrVar","v":"0"},". zutabea"]},{"$i":"accessibility-rowInfo","$v":[{"t":"idOrVar","v":"0"},". lerroa"]},{"$i":"accessibility-spansColumns","$v":{"zero":"Ez du zutaberik hartzen","one":"zutabe bat hartzen du","two":[{"t":"idOrVar","v":"0"}," zutabe hartzen ditu"],"few":[{"t":"idOrVar","v":"0"}," zutabe hartzen ditu"],"many":[{"t":"idOrVar","v":"0"}," zutabe hartzen ditu"],"other":[{"t":"idOrVar","v":"0"}," zutabe hartzen ditu"]},"$x":[{"t":"idOrVar","v":"plural"},"0"]},{"$i":"accessibility-spansRows","$v":{"zero":"Ez du errenkadarik hartzen","one":["Errenkada ",{"t":"idOrVar","v":"0"}," hartzen du"],"two":[{"t":"idOrVar","v":"0"}," errenkada hartzen ditu"],"few":[{"t":"idOrVar","v":"0"}," errenkada hartzen ditu"],"many":[{"t":"idOrVar","v":"0"}," errenkada hartzen ditu"],"other":[{"t":"idOrVar","v":"0"}," errenkada hartzen ditu"]},"$x":[{"t":"idOrVar","v":"plural"},"0"]},{"$i":"accessibility-jumpAction","$v":"saltatua"},{"$i":"accessibility-pressAction","$v":"sakatua"},{"$i":"accessibility-checkAction","$v":"markatua"},{"$i":"accessibility-uncheckAction","$v":"markatu gabea"},{"$i":"accessibility-selectAction","$v":"hautatua"},{"$i":"accessibility-unselectAction","$v":"hautatu gabea"},{"$i":"accessibility-openAction","$v":"irekia"},{"$i":"accessibility-closeAction","$v":"itxia"},{"$i":"accessibility-switchAction","$v":"txandakatua"},{"$i":"accessibility-clickAction","$v":"klik egina"},{"$i":"accessibility-collapseAction","$v":"tolestua"},{"$i":"accessibility-expandAction","$v":"zabaldua"},{"$i":"accessibility-activateAction","$v":"aktibatua"},{"$i":"accessibility-cycleAction","$v":"ziklatua"},{"$i":"accessibility-hidden","$v":"ezkutua"},{"$i":"accessibility-tabLoading","$v":"kargatzen"},{"$i":"accessibility-tabLoaded","$v":"kargatua"},{"$i":"accessibility-tabNew","$v":"fitxa berria"},{"$i":"accessibility-tabLoadStopped","$v":"kargatzea gelditu da"},{"$i":"accessibility-tabReload","$v":"birkargatzen"},{"$i":"accessibility-stateChecked","$v":"markatua"},{"$i":"accessibility-stateNotChecked","$v":"markatu gabea"},{"$i":"accessibility-statePressed","$v":"sakatua"},{"$i":"accessibility-stateExpanded","$v":"zabaldua"},{"$i":"accessibility-stateCollapsed","$v":"tolestua"},{"$i":"accessibility-stateUnavailable","$v":"ez dago erabilgarri"},{"$i":"accessibility-stateRequired","$v":"beharrezkoa"},{"$i":"accessibility-stateTraversed","$v":"bisitatua"},{"$i":"accessibility-stateHasPopup","$v":"popup-a dauka"},{"$i":"accessibility-stateSelected","$v":"hautatua"},{"$i":"accessibility-editingMode","$v":"editatzen"},{"$i":"accessibility-navigationMode","$v":"nabigatzen"},{"$i":"accessibility-quicknav_Simple","$v":"Lehenetsia"},{"$i":"accessibility-quicknav_Anchor","$v":"Aingurak"},{"$i":"accessibility-quicknav_Button","$v":"Botoiak"},{"$i":"accessibility-quicknav_Combobox","$v":"Konbinazio-koadroak"},{"$i":"accessibility-quicknav_Landmark","$v":"Leku-erreferentziak"},{"$i":"accessibility-quicknav_Entry","$v":"Sarrerak"},{"$i":"accessibility-quicknav_FormElement","$v":"Inprimakien elementuak"},{"$i":"accessibility-quicknav_Graphic","$v":"Irudiak"},{"$i":"accessibility-quicknav_Heading","$v":"Izenburuak"},{"$i":"accessibility-quicknav_ListItem","$v":"Zerrendatu elementuak"},{"$i":"accessibility-quicknav_Link","$v":"Estekak"},{"$i":"accessibility-quicknav_List","$v":"Zerrendak"},{"$i":"accessibility-quicknav_PageTab","$v":"Orri-fitxak"},{"$i":"accessibility-quicknav_RadioButton","$v":"Aukera-botoiak"},{"$i":"accessibility-quicknav_Separator","$v":"Bereizleak"},{"$i":"accessibility-quicknav_Table","$v":"Taulak"},{"$i":"accessibility-quicknav_Checkbox","$v":"Kontrol-koadroak"},{"$i":"accessibility-menubarAbbr","$v":"menu-barra"},{"$i":"accessibility-scrollbarAbbr","$v":"korritze-barra"},{"$i":"accessibility-gripAbbr","$v":"heldulekua"},{"$i":"accessibility-alertAbbr","$v":"abisua"},{"$i":"accessibility-menupopupAbbr","$v":"laster-menua"},{"$i":"accessibility-documentAbbr","$v":"dokumentua"},{"$i":"accessibility-paneAbbr","$v":"panela"},{"$i":"accessibility-dialogAbbr","$v":"elkarrizketa-koadroa"},{"$i":"accessibility-separatorAbbr","$v":"bereizlea"},{"$i":"accessibility-toolbarAbbr","$v":"tresna-barra"},{"$i":"accessibility-statusbarAbbr","$v":"egoera-barra"},{"$i":"accessibility-tableAbbr","$v":"tbl"},{"$i":"accessibility-columnheaderAbbr","$v":"zutabea-goiburukoa"},{"$i":"accessibility-rowheaderAbbr","$v":"errenkada-goiburukoa"},{"$i":"accessibility-columnAbbr","$v":"zutabea"},{"$i":"accessibility-rowAbbr","$v":"errenkada"},{"$i":"accessibility-cellAbbr","$v":"gelaxka"},{"$i":"accessibility-linkAbbr","$v":"lnk"},{"$i":"accessibility-listAbbr","$v":"zerrenda"},{"$i":"accessibility-listitemAbbr","$v":"zerrendako elementua"},{"$i":"accessibility-outlineAbbr","$v":"eskema"},{"$i":"accessibility-outlineitemAbbr","$v":"eskema-elementua"},{"$i":"accessibility-pagetabAbbr","$v":"tab"},{"$i":"accessibility-propertypageAbbr","$v":"propietateen orria"},{"$i":"accessibility-graphicAbbr","$v":"grafikoa"},{"$i":"accessibility-pushbuttonAbbr","$v":"btn"},{"$i":"accessibility-checkbuttonAbbr","$v":"kontrol-botoia"},{"$i":"accessibility-radiobuttonAbbr","$v":"aukera-botoia"},{"$i":"accessibility-comboboxAbbr","$v":"konbinazio-koadroa"},{"$i":"accessibility-progressbarAbbr","$v":"aurrerapen-barra"},{"$i":"accessibility-sliderAbbr","$v":"graduatzailea"},{"$i":"accessibility-spinbuttonAbbr","$v":"biratze-botoia"},{"$i":"accessibility-diagramAbbr","$v":"diagrama"},{"$i":"accessibility-animationAbbr","$v":"animazioa"},{"$i":"accessibility-equationAbbr","$v":"ekuazioa"},{"$i":"accessibility-buttonmenuAbbr","$v":"botoi-menua"},{"$i":"accessibility-whitespaceAbbr","$v":"zuriunea"},{"$i":"accessibility-pagetablistAbbr","$v":"fitxa-zerrenda"},{"$i":"accessibility-canvasAbbr","$v":"oihala"},{"$i":"accessibility-checkmenuitemAbbr","$v":"egiaztatu menu-elementua"},{"$i":"accessibility-labelAbbr","$v":"etiketa"},{"$i":"accessibility-passwordtextAbbr","$v":"pasahitztst"},{"$i":"accessibility-radiomenuitemAbbr","$v":"irratiaren menu-elementua"},{"$i":"accessibility-textcontainerAbbr","$v":"testu-edukiontzia"},{"$i":"accessibility-togglebuttonAbbr","$v":"txandakatze-botoia"},{"$i":"accessibility-treetableAbbr","$v":"zuhaitz-taula"},{"$i":"accessibility-headerAbbr","$v":"goiburukoa"},{"$i":"accessibility-footerAbbr","$v":"orri-oina"},{"$i":"accessibility-paragraphAbbr","$v":"paragrafoa"},{"$i":"accessibility-entryAbbr","$v":"sarrera"},{"$i":"accessibility-captionAbbr","$v":"epigrafea"},{"$i":"accessibility-headingAbbr","$v":"Izenburua"},{"$i":"accessibility-sectionAbbr","$v":"sekzioa"},{"$i":"accessibility-formAbbr","$v":"inprimakia"},{"$i":"accessibility-comboboxlistAbbr","$v":"konbinazio-koadro motako zerrenda"},{"$i":"accessibility-comboboxoptionAbbr","$v":"konbinazio-koadroko aukera"},{"$i":"accessibility-imagemapAbbr","$v":"imgmap"},{"$i":"accessibility-listboxoptionAbbr","$v":"aukera"},{"$i":"accessibility-listboxAbbr","$v":"zerrenda-koadroa"},{"$i":"accessibility-flatequationAbbr","$v":"ekuazio laua"},{"$i":"accessibility-gridcellAbbr","$v":"sareta-gelaxka"},{"$i":"accessibility-noteAbbr","$v":"oharra"},{"$i":"accessibility-figureAbbr","$v":"irud"},{"$i":"accessibility-definitionlistAbbr","$v":"definizio-zerrenda"},{"$i":"accessibility-termAbbr","$v":"terminoa"},{"$i":"accessibility-definitionAbbr","$v":"definizioa"},{"$i":"accessibility-textareaAbbr","$v":"txtarea"},{"$i":"accessibility-tblColumnInfoAbbr","$v":{"one":[{"t":"idOrVar","v":"count"},"z"],"two":[{"t":"idOrVar","v":"count"},"z"],"few":[{"t":"idOrVar","v":"count"},"z"],"many":[{"t":"idOrVar","v":"count"},"z"],"other":[{"t":"idOrVar","v":"count"},"z"]},"$x":[{"t":"idOrVar","v":"plural"},"count"]},{"$i":"accessibility-tblRowInfoAbbr","$v":{"one":[{"t":"idOrVar","v":"count"},"l"],"two":[{"t":"idOrVar","v":"count"},"l"],"few":[{"t":"idOrVar","v":"count"},"l"],"many":[{"t":"idOrVar","v":"count"},"l"],"other":[{"t":"idOrVar","v":"count"},"l"]},"$x":[{"t":"idOrVar","v":"plural"},"count"]},{"$i":"accessibility-cellInfoAbbr","$v":[{"t":"idOrVar","v":"0"},"z",{"t":"idOrVar","v":"1"},"l"]},{"$i":"accessibility-stateCheckedAbbr","$v":"(x)"},{"$i":"accessibility-stateUncheckedAbbr","$v":"( )"},{"$i":"accessibility-statePressedAbbr","$v":"(x)"},{"$i":"accessibility-stateUnpressedAbbr","$v":"( )"},{"$i":"accessibility-pushbutton-hint","$v":"Double tap to activate"},{"$i":"accessibility-checkbutton-hint","$v":"Double tap to activate"},{"$i":"accessibility-combobox-hint","$v":"Double tap to activate"},{"$i":"accessibility-key-hint","$v":"Prese and hold to activate"},{"$i":"accessibility-link-hint","$v":"Double tap to activate"},{"$i":"accessibility-menuitem-hint","$v":"Double tap to activate"},{"$i":"accessibility-option-hint","$v":"Double tap to activate"},{"$i":"accessibility-radiobutton-hint","$v":"Double tap to activate"},{"$i":"accessibility-slider-hint","$v":"Swipe up to increase or down to decrease"},{"$i":"accessibility-spinbutton-hint","$v":"Swipe up to increase or down to decrease"},{"$i":"accessibility-pagetab-hint","$v":"Double tap to activate"},{"$i":"accessibility-entry-hint","$v":"Double tap to activate"},{"$i":"accessibility-outlineitem-hint","$v":"Double tap to activate"},{"$i":"weekday-0-long","$v":"Igandea"},{"$i":"weekday-1-long","$v":"Astelehena"},{"$i":"weekday-2-long","$v":"Asteartea"},{"$i":"weekday-3-long","$v":"Asteazkena"},{"$i":"weekday-4-long","$v":"Osteguna"},{"$i":"weekday-5-long","$v":"Ostirala"},{"$i":"weekday-6-long","$v":"Larunbata"},{"$i":"weekday-0-short","$v":"Ig."},{"$i":"weekday-1-short","$v":"Al."},{"$i":"weekday-2-short","$v":"Ar."},{"$i":"weekday-3-short","$v":"Az."},{"$i":"weekday-4-short","$v":"Og."},{"$i":"weekday-5-short","$v":"Or."},{"$i":"weekday-6-short","$v":"Lr."},{"$i":"month-0-long","$v":"Urtarrila"},{"$i":"month-1-long","$v":"Otsaila"},{"$i":"month-2-long","$v":"Martxoa"},{"$i":"month-3-long","$v":"Apirila"},{"$i":"month-4-long","$v":"Maiatza"},{"$i":"month-5-long","$v":"Ekaina"},{"$i":"month-6-long","$v":"Uztaila"},{"$i":"month-7-long","$v":"Abuztua"},{"$i":"month-8-long","$v":"Iraila"},{"$i":"month-9-long","$v":"Urria"},{"$i":"month-10-long","$v":"Azaroa"},{"$i":"month-11-long","$v":"Abendua"},{"$i":"month-0-genitive","$v":"Urtarrilaren"},{"$i":"month-1-genitive","$v":"Otsailaren"},{"$i":"month-2-genitive","$v":"Martxoaren"},{"$i":"month-3-genitive","$v":"Apirilaren"},{"$i":"month-4-genitive","$v":"Maiatzaren"},{"$i":"month-5-genitive","$v":"Ekainaren"},{"$i":"month-6-genitive","$v":"Uztailaren"},{"$i":"month-7-genitive","$v":"Abuztuaren"},{"$i":"month-8-genitive","$v":"Irailaren"},{"$i":"month-9-genitive","$v":"Urriaren"},{"$i":"month-10-genitive","$v":"Azaroaren"},{"$i":"month-11-genitive","$v":"Abenduaren"},{"$i":"month-0-short","$v":"urt."},{"$i":"month-1-short","$v":"ots."},{"$i":"month-2-short","$v":"mar."},{"$i":"month-3-short","$v":"api."},{"$i":"month-4-short","$v":"mai."},{"$i":"month-5-short","$v":"eka."},{"$i":"month-6-short","$v":"uzt."},{"$i":"month-7-short","$v":"abu."},{"$i":"month-8-short","$v":"ira."},{"$i":"month-9-short","$v":"urr."},{"$i":"month-10-short","$v":"aza."},{"$i":"month-11-short","$v":"abe."},{"$i":"minutes-ago-long","$v":{"zero":"orain","one":"duela minutu bat","two":["duela ",{"t":"idOrVar","v":"value"}," minutu"],"few":["duela ",{"t":"idOrVar","v":"value"}," minutu"],"many":["duela ",{"t":"idOrVar","v":"value"}," minutu"],"other":["duela ",{"t":"idOrVar","v":"value"}," minutu"]},"$x":[{"t":"idOrVar","v":"plural"},"value"]},{"$i":"hours-ago-long","$v":{"zero":"orain","one":"duela ordubete","two":["duela ",{"t":"idOrVar","v":"value"}," ordu"],"few":["duela ",{"t":"idOrVar","v":"value"}," ordu"],"many":["duela ",{"t":"idOrVar","v":"value"}," ordu"],"other":["duela ",{"t":"idOrVar","v":"value"}," ordu"]},"$x":[{"t":"idOrVar","v":"plural"},"value"]},{"$i":"days-ago-long","$v":{"zero":"gaur","one":"atzo","two":"herenegun","few":["duela ",{"t":"idOrVar","v":"value"}," egun"],"many":["duela ",{"t":"idOrVar","v":"value"}," egun"],"other":["duela ",{"t":"idOrVar","v":"value"}," egun"]},"$x":[{"t":"idOrVar","v":"plural"},"value"]},{"$i":"weeks-ago-long","$v":{"zero":"aste honetan","one":"azken astean","two":["duela ",{"t":"idOrVar","v":"value"}," aste"],"few":["duela ",{"t":"idOrVar","v":"value"}," aste"],"many":["duela ",{"t":"idOrVar","v":"value"}," aste"],"other":["duela ",{"t":"idOrVar","v":"value"}," aste"]},"$x":[{"t":"idOrVar","v":"plural"},"value"]},{"$i":"months-ago-long","$v":{"zero":"hilabete honetan","one":"azken hilabetean","two":["duela ",{"t":"idOrVar","v":"value"}," hilabete"],"few":["duela ",{"t":"idOrVar","v":"value"}," hilabete"],"many":["duela ",{"t":"idOrVar","v":"value"}," hilabete"],"other":["duela ",{"t":"idOrVar","v":"value"}," hilabete"]},"$x":[{"t":"idOrVar","v":"plural"},"value"]},{"$i":"years-ago-long","$v":{"zero":"aurten","one":"iaz","two":["duela ",{"t":"idOrVar","v":"value"}," urte"],"few":["duela ",{"t":"idOrVar","v":"value"}," urte"],"many":["duela ",{"t":"idOrVar","v":"value"}," urte"],"other":["duela ",{"t":"idOrVar","v":"value"}," urte"]},"$x":[{"t":"idOrVar","v":"plural"},"value"]},{"$i":"minutes-until-long","$v":{"zero":"orain","one":"minutu barru","two":[{"t":"idOrVar","v":"value"}," minutu barru"],"few":[{"t":"idOrVar","v":"value"}," minutu barru"],"many":[{"t":"idOrVar","v":"value"}," minutu barru"],"other":[{"t":"idOrVar","v":"value"}," minutu barru"]},"$x":[{"t":"idOrVar","v":"plural"},"value"]},{"$i":"hours-until-long","$v":{"zero":"orain","one":"ordubete barru","two":[{"t":"idOrVar","v":"value"}," ordu barru"],"few":[{"t":"idOrVar","v":"value"}," ordu barru"],"many":[{"t":"idOrVar","v":"value"}," ordu barru"],"other":[{"t":"idOrVar","v":"value"}," ordu barru"]},"$x":[{"t":"idOrVar","v":"plural"},"value"]},{"$i":"days-until-long","$v":{"zero":"gaur","one":"bihar","two":"etzi","few":[{"t":"idOrVar","v":"value"}," egun barru"],"many":[{"t":"idOrVar","v":"value"}," egun barru"],"other":[{"t":"idOrVar","v":"value"}," egun barru"]},"$x":[{"t":"idOrVar","v":"plural"},"value"]},{"$i":"weeks-until-long","$v":{"zero":"aste honetan","one":"hurrengo astean","two":[{"t":"idOrVar","v":"value"}," aste barru"],"few":[{"t":"idOrVar","v":"value"}," aste barru"],"many":[{"t":"idOrVar","v":"value"}," aste barru"],"other":[{"t":"idOrVar","v":"value"}," aste barru"]},"$x":[{"t":"idOrVar","v":"plural"},"value"]},{"$i":"months-until-long","$v":{"zero":"hil honetan","one":"hurrengo hilean","two":[{"t":"idOrVar","v":"value"}," hilabete barru"],"few":[{"t":"idOrVar","v":"value"}," hilabete barru"],"many":[{"t":"idOrVar","v":"value"}," hilabete barru"],"other":[{"t":"idOrVar","v":"value"}," hilabete barru"]},"$x":[{"t":"idOrVar","v":"plural"},"value"]},{"$i":"years-until-long","$v":{"zero":"aurten","one":"hurrengo urtean","two":[{"t":"idOrVar","v":"value"}," urte barru"],"few":[{"t":"idOrVar","v":"value"}," urte barru"],"many":[{"t":"idOrVar","v":"value"}," urte barru"],"other":[{"t":"idOrVar","v":"value"}," urte barru"]},"$x":[{"t":"idOrVar","v":"plural"},"value"]},{"$i":"minutes-ago-short","$v":{"zero":"orain","other":["duela ",{"t":"idOrVar","v":"value"},"m"]},"$x":[{"t":"idOrVar","v":"plural"},"value"]},{"$i":"hours-ago-short","$v":{"zero":"orain","other":["duela ",{"t":"idOrVar","v":"value"},"h"]},"$x":[{"t":"idOrVar","v":"plural"},"value"]},{"$i":"days-ago-short","$v":{"zero":"gaur","other":["duela ",{"t":"idOrVar","v":"value"},"eg."]},"$x":[{"t":"idOrVar","v":"plural"},"value"]},{"$i":"minutes-until-short","$v":{"zero":"orain","other":[{"t":"idOrVar","v":"value"},"m barru"]},"$x":[{"t":"idOrVar","v":"plural"},"value"]},{"$i":"hours-until-short","$v":{"zero":"orain","other":[{"t":"idOrVar","v":"value"},"h barru"]},"$x":[{"t":"idOrVar","v":"plural"},"value"]},{"$i":"days-until-short","$v":{"zero":"gaur","other":[{"t":"idOrVar","v":"value"},"eg. barru"]},"$x":[{"t":"idOrVar","v":"plural"},"value"]},{"$i":"incorrectDate","$v":"(data okerra)"},{"$i":"dateTimeFormat_%c","$v":"%a, %Y.eko %Bren %ea %H:%M:%S"},{"$i":"dateTimeFormat_%x","$v":"%Y/%m/%d"},{"$i":"dateTimeFormat_%X","$v":"%H:%M:%S"},{"$i":"shortTimeFormat","$v":"%I:%M %p"},{"$i":"shortTimeFormat12","$v":"%I:%M %p"},{"$i":"shortTimeFormat24","$v":"%H:%M"},{"$i":"shortDateTimeFormat","$v":"%x %H:%M"},{"$i":"weekStartsOnMonday","$v":"1"},{"$i":"firstDayOfTheWeek","$v":"1"},{"$i":"time_am","$v":"AM"},{"$i":"time_pm","$v":"PM"},{"$i":"title-app","$v":"Aplikazioaren baimena"},{"$i":"title-web","$v":"Webgunearen baimena"},{"$i":"title-cam","$v":"Hautatu kamera"},{"$i":"perm-alarms","$v":"Programatu alarmak"},{"$i":"perm-audio-capture","$v":"Mikrofonoa"},{"$i":"perm-audio-capture-appRequest","$v":["Zure mikrofonoa partekatu nahi duzu ",{"t":"idOrVar","v":"app"}," aplikazioarekin?"]},{"$i":"perm-audio-capture-webRequest","$v":["Zure mikrofonoa partekatu nahi duzu ",{"t":"idOrVar","v":"site"}," webgunearekin?"]},{"$i":"perm-audio-channel-content","$v":"Erreproduzitu soinuak"},{"$i":"perm-audio-channel-notification","$v":"Erreproduzitu jakinarazpen-soinuak"},{"$i":"perm-audio-channel-ringer","$v":"Erreproduzitu txirrin-soinuak"},{"$i":"perm-background-sensors","$v":"Atzitu sentsore-datuak"},{"$i":"perm-bluetooth","$v":"Bluetooth-a"},{"$i":"perm-browser","$v":"Ikuskatu web orriak"},{"$i":"perm-camera","$v":"Kamerak"},{"$i":"perm-camera-selector-appRequest","$v":["Hautatu kamera ",{"t":"idOrVar","v":"app"}," aplikazioarentzat."]},{"$i":"perm-camera-selector-webRequest","$v":["Hautatu kamera ",{"t":"idOrVar","v":"site"}," gunearentzat."]},{"$i":"perm-cellbroadcast","$v":"Difusio zelularrak"},{"$i":"perm-contacts","$v":"Kontaktuak"},{"$i":"perm-contacts-appRequest","$v":[{"t":"idOrVar","v":"app"}," aplikazioak zure kontaktu-zerrendarako sarbidea nahi du."]},{"$i":"perm-contacts-webRequest","$v":[{"t":"idOrVar","v":"site"}," guneak zure kontaktu-zerrendarako sarbidea nahi du."]},{"$i":"perm-desktop-notification","$v":"Jakinarazpenak"},{"$i":"perm-desktop-notification-appRequest","$v":[{"t":"idOrVar","v":"app"}," aplikazioak jakinarazpenak bistaratu nahi ditu."]},{"$i":"perm-desktop-notification-webRequest","$v":[{"t":"idOrVar","v":"site"}," guneak jakinarazpenak bistaratu nahi ditu."]},{"$i":"perm-device-storage-apps","$v":"Aplikazioen biltegiratzea"},{"$i":"perm-device-storage-music","$v":"Musika-biltegiratzea"},{"$i":"perm-device-storage-music-appRequest","$v":[{"t":"idOrVar","v":"app"}," aplikazioak zure musikarako sarbidea nahi du."]},{"$i":"perm-device-storage-music-webRequest","$v":[{"t":"idOrVar","v":"site"}," guneak zure musikarako sarbidea nahi du."]},{"$i":"perm-device-storage-pictures","$v":"Irudi-biltegiratzea"},{"$i":"perm-device-storage-pictures-appRequest","$v":[{"t":"idOrVar","v":"app"}," aplikazioak zure irudietarako sarbidea nahi du."]},{"$i":"perm-device-storage-pictures-webRequest","$v":[{"t":"idOrVar","v":"site"}," guneak zure irudietarako sarbidea nahi du."]},{"$i":"perm-device-storage-sdcard","$v":"Memoria-txarteleko biltegiratzea"},{"$i":"perm-device-storage-sdcard-appRequest","$v":[{"t":"idOrVar","v":"app"}," aplikazioak zure memoria-txartelerako sarbidea nahi du."]},{"$i":"perm-device-storage-sdcard-webRequest","$v":[{"t":"idOrVar","v":"site"}," guneak zure memoria-txartelerako sarbidea nahi du."]},{"$i":"perm-device-storage-videos","$v":"Bideo-biltegiratzea"},{"$i":"perm-device-storage-videos-appRequest","$v":[{"t":"idOrVar","v":"app"}," aplikazioak zure bideoetarako sarbidea nahi du."]},{"$i":"perm-device-storage-videos-webRequest","$v":[{"t":"idOrVar","v":"site"}," guneak zure bideoetarako sarbidea nahi du."]},{"$i":"perm-embed-apps","$v":"Kapsulatu aplikazioak"},{"$i":"perm-fmradio","$v":"FM irratia"},{"$i":"perm-fmradio-appRequest","$v":[{"t":"idOrVar","v":"app"}," aplikazioak FM irratia erabili nahi du."]},{"$i":"perm-fmradio-webRequest","$v":[{"t":"idOrVar","v":"site"}," guneak FM irratia erabili nahi du."]},{"$i":"perm-geolocation","$v":"Geokokapena"},{"$i":"perm-geolocation-appRequest","$v":[{"t":"idOrVar","v":"app"}," aplikazioak zure kokapena jakin nahi du."]},{"$i":"perm-geolocation-more-info","$v":["GPSaren, Wi-Fiaren eta zure inguruko sare mugikorren datuak erabiltzen ditu ",{"t":"idOrVar","v":"brandShortName"},"(e)k zure gutxi gorabeherako kokapena zehazteko. Datuak Mozillari eta beste zerbitzu-hornitzaile batzuei bidaltzen zaizkie eta, denak bilduta, kokapen-datubaseak hobetzeko erabiltzen dira.  Datuak zure gailuan gorde daitezke eta datuen biltzea aplikaziorik exekutatzen ez dagoenean ere gerta daiteke."]},{"$i":"perm-geolocation-webRequest","$v":[{"t":"idOrVar","v":"site"}," guneak zure kokapena jakin nahi du."]},{"$i":"perm-idle","$v":"Ikusi egoera inaktiboa"},{"$i":"perm-indexedDB-chrome-settings","$v":"Pribilegiodun IndexedDB"},{"$i":"perm-indexedDB-unlimited","$v":"Muga gabeko IndexedDB biltegiratzea"},{"$i":"perm-input-manage","$v":"Kudeatu teklatuak"},{"$i":"perm-input","$v":"Aritu teklatu gisa"},{"$i":"perm-media-capture","$v":"Kamera eta mikrofonoa"},{"$i":"perm-media-capture-appRequest","$v":["Zure kamera eta mikrofonoa partekatu nahi dituzu ",{"t":"idOrVar","v":"app"}," aplikazioarekin?"]},{"$i":"perm-media-capture-webRequest","$v":["Zure kamera eta mikrofonoa partekatu nahi dituzu ",{"t":"idOrVar","v":"site"}," webgunearekin?"]},{"$i":"perm-mobileconnection","$v":"Konexio mugikorra"},{"$i":"perm-mobileid","$v":"Mugikorreko identitatea"},{"$i":"perm-network-events","$v":"Sare-gertaerak"},{"$i":"perm-open-remote-window","$v":"Abiarazi aplikazio bat"},{"$i":"perm-permissions","$v":"Aldatu aplikazioaren baimenak"},{"$i":"perm-power","$v":"Energia-ezarpenak"},{"$i":"perm-settings","$v":"Aldatu ezarpenak"},{"$i":"perm-systemXHR","$v":"Jatorri gurutzatuko eskaerak"},{"$i":"perm-telephony","$v":"Telefonia"},{"$i":"perm-video-capture","$v":"Kamera"},{"$i":"perm-video-capture-appRequest","$v":["Zure kamera partekatu nahi duzu ",{"t":"idOrVar","v":"app"}," aplikazioarekin?"]},{"$i":"perm-video-capture-webRequest","$v":["Zure kamera partekatu nahi duzu ",{"t":"idOrVar","v":"site"}," webgunearekin?"]},{"$i":"perm-voicemail","$v":"Kontrolatu ahots-mezua"},{"$i":"perm-webapps-manage","$v":"Instalatu web aplikazioak"},{"$i":"perm-wifi-manage","$v":"Kudeatu Wi-Fia"},{"$i":"perm-attention","$v":"Ireki laster-menu gainjarriak"},{"$i":"perm-audio-channel-alarm","$v":"Erreproduzitu alarma-soinuak"},{"$i":"perm-audio-channel-normal","$v":"Erreproduzitu soinuak"},{"$i":"perm-audio-channel-publicnotification","$v":"Erreproduzitu jakinarazpen publikoen soinuak"},{"$i":"perm-audio-channel-telephony","$v":"Erreproduzitu telefonia-soinuak"},{"$i":"perm-backgroundservice","$v":"Aritu atzeko planoko zerbitzu gisa"},{"$i":"perm-device-storage-crashes","$v":"Hutsegite-datuen biltegiratzea"},{"$i":"perm-downloads","$v":"Atzitu deskargak"},{"$i":"perm-embed-widgets","$v":"Kapsulatu widgetak"},{"$i":"perm-feature-detection","$v":"Eginbideen detekzioa"},{"$i":"perm-firefox-accounts","$v":"Firefox kontuak"},{"$i":"perm-mobilenetwork","$v":"Sare mugikorra"},{"$i":"perm-moz-attention","$v":"Ireki laster-menu gainjarriak (moz)"},{"$i":"perm-moz-audio-channel-ringer","$v":"Erreproduzitu txirrin-soinuak (moz)"},{"$i":"perm-moz-audio-channel-telephony","$v":"Erreproduzitu telefonia-soinuak (moz)"},{"$i":"perm-moz-firefox-accounts","$v":"Firefox kontuak (moz)"},{"$i":"perm-networkstats-manage","$v":"Kontrolatu erabilera-estatistikak"},{"$i":"perm-nfc","$v":"NFC"},{"$i":"perm-nfc-hci-events","$v":"NFC HCI gertaerak"},{"$i":"perm-nfc-manager","$v":"Kudeatu NFC"},{"$i":"perm-phonenumberservice","$v":"Telefono-zenbakiaren zerbitzua"},{"$i":"perm-push","$v":"Push APIa"},{"$i":"perm-resourcestats-manage","$v":"Baliabide-estatistikak"},{"$i":"perm-sms","$v":"Bidali eta irakurri SMSak"},{"$i":"perm-speaker-control","$v":"Kontrolatu bolumena"},{"$i":"perm-storage","$v":"Atzitu biltegiratzea"},{"$i":"perm-tcp-socket","$v":"TCP socket-ak"},{"$i":"perm-test-permission","$v":"Proba-baimena"},{"$i":"perm-time","$v":"Ezarri data eta ordua"},{"$i":"perm-udp-socket","$v":"UDP socket-ak"},{"$i":"perm-wappush","$v":"WAP Push"},{"$i":"stopped_download_title","$v":"Deskarga geldituta"},{"$i":"stopped_download_message","$v":"Deskarga gelditu egin da. Saiatu berriro deskargatzen?"},{"$i":"stopped_download_left_button","$v":"Utzi"},{"$i":"stopped_download_right_button","$v":"Saiatu berriro"},{"$i":"failed_download_title","$v":"Deskargak huts egin du"},{"$i":"failed_download_message","$v":[{"t":"idOrVar","v":"name"}," deskargak huts egin du. Saiatu berriro deskargatzen?"]},{"$i":"failed_download_left_button","$v":"Utzi"},{"$i":"failed_download_right_button","$v":"Saiatu berriro"},{"$i":"stop_download_title","$v":"Gelditu deskarga"},{"$i":"stop_download_message","$v":"Ziur zaude deskarga utzi nahi dituzula?"},{"$i":"stop_download_left_button","$v":"Ez"},{"$i":"stop_download_right_button","$v":"Bai"},{"$i":"delete_download_title","$v":"Ezabatu"},{"$i":"delete_download_message","$v":["Ezabatu ",{"t":"idOrVar","v":"name"},"?"]},{"$i":"delete_download_left_button","$v":"Utzi"},{"$i":"delete_download_right_button","$v":"Ezabatu"},{"$i":"delete_all_download_title","$v":"Ezabatu"},{"$i":"delete_all_download_left_button","$v":"Utzi"},{"$i":"delete_all_download_right_button","$v":"Ezabatu"},{"$i":"delete_all_download_message","$v":{"zero":"Ez ezabatu fitxategirik?","one":"Ezabatu fitxategi bat?","two":["Ezabatu ",{"t":"idOrVar","v":"number"}," fitxategi?"],"few":["Ezabatu ",{"t":"idOrVar","v":"number"}," fitxategi?"],"many":["Ezabatu ",{"t":"idOrVar","v":"number"}," fitxategi?"],"other":["Ezabatu ",{"t":"idOrVar","v":"number"}," fitxategi?"]},"$x":[{"t":"idOrVar","v":"plural"},"number"]},{"$i":"unsupported_file_type_download_title","$v":"Ezin da ireki"},{"$i":"unsupported_file_type_download_message","$v":["Ez dago ",{"t":"idOrVar","v":"name"}," ireki dezakeen aplikaziorik. Fitxategia gorde ala ezabatu egin nahi duzu?"]},{"$i":"unsupported_file_type_download_left_button","$v":"Mantendu"},{"$i":"unsupported_file_type_download_right_button","$v":"Ezabatu"},{"$i":"file_not_found_download_title","$v":"Ez da fitxategia aurkitu"},{"$i":"file_not_found_download_message","$v":"Ez da fitxategia aurkitu gailuan"},{"$i":"file_not_found_download_right_button","$v":"Ados"},{"$i":"unmounted_sdcard_2_download_title","$v":"Memoria-txartela erabiltzen ari da"},{"$i":"unmounted_sdcard_2_download_message","$v":"Desentxufatu telefonoa"},{"$i":"unmounted_sdcard_2_download_right_button","$v":"Ados"},{"$i":"no_provider_download_title","$v":"Ezin da partekatu"},{"$i":"no_provider_download_message","$v":"Ez da hornitzailerik aurkitu"},{"$i":"no_provider_download_right_button","$v":"Ados"},{"$i":"no_memory_download_title","$v":"SD txartela beteta dago"},{"$i":"no_memory_download_message","$v":"Ez dago toki libre gehiago zure SD txartelean deskarga gordetzeko. Kendu fitxategi batzuk deskarga berrekin aurretik."},{"$i":"no_memory_download_right_button","$v":"Ados"},{"$i":"no_sdcard_found_2_download_title","$v":"Ez da memoria-txartelik aurkitu"},{"$i":"no_sdcard_found_2_download_message","$v":"Sartu memoria-txartela edo hautatu bestelako multimedia-kokapen lehenetsia ezarpenetan"},{"$i":"no_sdcard_found_2_download_right_button","$v":"Ados"},{"$i":"file_open_error_download_title","$v":"Ezin da ireki"},{"$i":"file_open_error_download_message","$v":["Arazo bat dago ",{"t":"idOrVar","v":"name"}," irekitzen. Fitxategia gorde ala ezabatu egin nahi duzu?"]},{"$i":"file_open_error_download_left_button","$v":"Mantendu"},{"$i":"file_open_error_download_right_button","$v":"Ezabatu"},{"$i":"restart_download_error","$v":"Errorea gertatu da deskarga berriro hastean. Saiatu berriro deskargatzen."},{"$i":"no-downloads","$v":"Deskargarik ez"},{"$i":"percentage","$v":["% ",{"t":"idOrVar","v":"percentage"}]},{"$i":"partialResult","$v":[{"t":"idOrVar","v":"total"}," / ",{"t":"idOrVar","v":"partial"}]},{"$i":"summary","$v":[{"t":"idOrVar","v":"date"}," - ",{"t":"idOrVar","v":"status"}]},{"$i":"download-stopped","$v":"Geldituta"},{"$i":"download-failed","$v":"Deskargak huts egin du"},{"$i":"open_downloaded_file","$v":"Irekia"},{"$i":"share_downloaded_file","$v":"Partekatu"},{"$i":"wallpaper_downloaded_file","$v":"Ezarri horma-paper gisa"},{"$i":"ringtone_downloaded_file","$v":"Ezarri txirrin-tonu gisa"},{"$i":"cancel_downloaded_file","$v":"Utzi"},{"$i":"voicemailNoNumberTitle","$v":"Ahots-postaren zenbakia ez dago erabilgarri"},{"$i":"voicemailNoNumberText","$v":"Ezin da ahots-postara deitu. Konfiguratu ahots-postaren zenbakia deia egin ahal izateko."},{"$i":"voicemailNoNumberSettings","$v":"Ezarpenak"},{"$i":"voicemailNoNumberCancel","$v":"Utzi"},{"$i":"airplaneMode","$v":"Hegazkin modua"},{"$i":"searching","$v":"Bilatzen…"},{"$i":"noNetwork","$v":"Sarerik ez"},{"$i":"roaming","$v":[{"t":"idOrVar","v":"operator"}," (ibiltaritza)"]},{"$i":"operator-info","$v":[{"t":"idOrVar","v":"carrier"}," ",{"t":"idOrVar","v":"region"}]},{"$i":"emergencyCallsOnly-unknownSIMState","$v":"(SIMaren egoera ezezaguna)"},{"$i":"emergencyCallsOnly-noSIM","$v":"(SIMik ez)"},{"$i":"emergencyCallsOnly-pinRequired","$v":"(SIMaren PINa behar da)"},{"$i":"emergencyCallsOnly-pukRequired","$v":"(SIMaren PUKa behar da)"},{"$i":"emergencyCallsOnly-networkLocked","$v":"(sarea blokeatuta)"},{"$i":"emergencyCallsOnly-serviceProviderLocked","$v":"(zerbitzari-hornitzailea blokeatuta)"},{"$i":"emergencyCallsOnly-corporateLocked","$v":"(enpresak blokeatuta)"},{"$i":"emergencyCallsOnly-network1Locked","$v":"(1sarea blokeatuta"},{"$i":"emergencyCallsOnly-network2Locked","$v":"(2sarea blokeatuta)"},{"$i":"emergencyCallsOnly-hrpdNetworkLocked","$v":"(hrpd sarea blokeatuta)"},{"$i":"emergencyCallsOnly-ruimCorporateLocked","$v":"(ruim enpresak blokeatuta)"},{"$i":"emergencyCallsOnly-ruimServiceProviderLocked","$v":"(ruim zerbitzu-hornitzaileak blokeatuta)"},{"$i":"lockscreen-sim-id","$v":[{"t":"idOrVar","v":"n"},". SIMa"]},{"$i":"charging-status-no-time","$v":["% ",{"t":"idOrVar","v":"level"}," kargatuta"]},{"$i":"charging-status-minutes","$v":{"zero":["% ",{"t":"idOrVar","v":"level"}," kargatua (",{"t":"idOrVar","v":"minutes"}," minutu falta dira)"],"one":["% ",{"t":"idOrVar","v":"level"}," kargatua (minutu ",{"t":"idOrVar","v":"minutes"}," falta da)"],"two":["% ",{"t":"idOrVar","v":"level"}," kargatua (",{"t":"idOrVar","v":"minutes"}," minutu falta dira)"],"few":["% ",{"t":"idOrVar","v":"level"}," kargatua (",{"t":"idOrVar","v":"minutes"}," minutu falta dira)"],"many":["% ",{"t":"idOrVar","v":"level"}," kargatua (",{"t":"idOrVar","v":"minutes"}," minutu falta dira)"],"other":["% ",{"t":"idOrVar","v":"level"}," kargatua (",{"t":"idOrVar","v":"minutes"}," minutu falta dira)"]},"$x":[{"t":"idOrVar","v":"plural"},"minutes"]},{"$i":"charging-status-hours","$v":{"zero":["% ",{"t":"idOrVar","v":"level"}," kargatua (",{"t":"idOrVar","v":"hours"}," ordu ",{"t":"idOrVar","v":"minutes"}," minutu falta dira)"],"one":["% ",{"t":"idOrVar","v":"level"}," kargatua (ordu ",{"t":"idOrVar","v":"hours"}," eta ",{"t":"idOrVar","v":"minutes"}," minutu falta dira)"],"two":["% ",{"t":"idOrVar","v":"level"}," kargatua (",{"t":"idOrVar","v":"hours"}," ordu ",{"t":"idOrVar","v":"minutes"}," minutu falta dira)"],"few":["% ",{"t":"idOrVar","v":"level"}," kargatua (",{"t":"idOrVar","v":"hours"}," ordu ",{"t":"idOrVar","v":"minutes"}," minutu falta dira)"],"many":["% ",{"t":"idOrVar","v":"level"}," kargatua (",{"t":"idOrVar","v":"hours"}," ordu ",{"t":"idOrVar","v":"minutes"}," minutu falta dira)"],"other":["% ",{"t":"idOrVar","v":"level"}," kargatua (",{"t":"idOrVar","v":"hours"}," ordu ",{"t":"idOrVar","v":"minutes"}," minutu falta dira)"]},"$x":[{"t":"idOrVar","v":"plural"},"minutes"]},{"$i":"gaia-menu-cancel","$v":"Utzi"}]