[{"$i":"share","$v":"Compartir"},{"$i":"resend","$v":"Enviar de novo"},{"$i":"connecting","$v":"Conectando"},{"$i":"verify","$v":"Verificar"},{"$i":"verifying","$v":"Verificando"},{"$i":"verified","$v":"Verificado"},{"$i":"mobileIDExplanation","$v":[{"t":"idOrVar","v":"app_name"}," desexa saber e verificar o seu número de teléfono. Escolla cal quere compartir ou escriba un novo."]},{"$i":"verificationCodeExplanation","$v":["Envióuselle un código ao ",{"t":"idOrVar","v":"phone_number"},". Tentárase recuperalo automaticamente, pero terá que introducilo manualmente se o número non está activo neste dispositivo."]},{"$i":"successMessage","$v":["O número ",{"t":"idOrVar","v":"phone_number"}," está verificado e dispoñíbel para ",{"t":"idOrVar","v":"app_name"},"."]},{"$i":"serverErrorMessage","$v":"Neste momento o servidor de verificación non está dispoñíbel. Comprobe a súa conexión á Internet, tente de novo ou agarde uns poucos minutos."},{"$i":"timeoutErrorMessage","$v":"Parece que hai un problema co seu código de verificación. Tente de novo."},{"$i":"errorTitle","$v":"Identidade móbil"},{"$i":"ok","$v":"Aceptar"},{"$i":"addPhoneNumber","$v":"Ou engada o seu número"},{"$i":"selectPhoneNumber","$v":"Ou seleccione un número da lista"},{"$i":"firefox-accounts-title","$v":"Contas Firefox"},{"$i":"fxa-next","$v":"Seguinte"},{"$i":"fxa-back","$v":"Atrás"},{"$i":"fxa-done","$v":"Feito"},{"$i":"fxa-ok","$v":"Aceptar"},{"$i":"fxa-connection-error-title","$v":"Imposíbel conectarse"},{"$i":"fxa-connection-error-message","$v":"Pode crear unha conta ou identificarse dende os Axustes."},{"$i":"fxa-reset-password-error-title","$v":"Restabelecer o contrasinal"},{"$i":"fxa-reset-password-error-message","$v":"Pode restabelecer o contrasinal dende os Axustes."},{"$i":"fxa-coppa-failure-error-title","$v":"Imposíbel crear a conta"},{"$i":"fxa-coppa-failure-error-message","$v":["Para crear unha conta Firefox debe cumprir certos requisitos de idade. ",{"t":"idOrVar","v":"learnmore"}]},{"$i":"fxa-learn-more","$v":"Obter máis información"},{"$i":"fxa-offline-error-title","$v":"Imposíbel conectarse"},{"$i":"fxa-offline-error-message","$v":"Conéctese a unha rede dende os Axustes."},{"$i":"fxa-invalid-email-title","$v":"Erro"},{"$i":"fxa-invalid-email-message","$v":"Escriba un correo correcto."},{"$i":"fxa-invalid-password-title","$v":"Contrasinal incorrecto"},{"$i":"fxa-invalid-password-message","$v":"Comprobe o contrasinal e tente de novo."},{"$i":"fxa-unknown-error-title","$v":"Imposíbel conectarse"},{"$i":"fxa-unknown-error-message","$v":"Sistema non dispoñíbel, tente máis tarde."},{"$i":"fxa-connecting","$v":"Conectando"},{"$i":"fxa-enter-email-input","placeholder":"Escriba o correo"},{"$i":"fxa-use-email-to-sign-in","$v":"Use o enderezo de correo para crear unha conta ou identificarse."},{"$i":"fxa-notice","$v":["A continuación, acepte os ",{"t":"idOrVar","v":"tos"}," e a ",{"t":"idOrVar","v":"pn"}," dos servizos en liña de Firefox."]},{"$i":"fxa-tos","$v":"Termos do servizo"},{"$i":"fxa-pn","$v":"Política de privacidade"},{"$i":"fxa-create-password-title","$v":"Crear un contrasinal"},{"$i":"fxa-enter-password-title","$v":"Escriba o contrasinal"},{"$i":"fxa-hello-user","$v":["Benvida, ",{"t":"idOrVar","v":"email"}]},{"$i":"fxa-password-refresh","$v":"Escriba o contrasinal da conta Firefox para continuar."},{"$i":"fxa-password","placeholder":"Contrasinal"},{"$i":"fxa-forgot-your-password","$v":"Esqueceu o contrasinal?"},{"$i":"fxa-show-password","$v":"Amosar contrasinal"},{"$i":"fxa-password-length-requirement","$v":"O contrasinal debe ter como mínimo 8 caracteres."},{"$i":"fxa-success","$v":"Rematou!"},{"$i":"fxa-ready-to-go","$v":"A súa conta Firefox está lista!"},{"$i":"fxa-use-features","$v":"Agora pode usar funcionalidades como Atopa dispositivo e aplicativos como Firefox Marketplace."},{"$i":"fxa-access-manage-account-settings","$v":"No futuro pode acceder e xestionar a súa conta dende os Axustes."},{"$i":"fxa-confirm-account","$v":"Confirme a súa conta"},{"$i":"fxa-will-send-email","$v":["Enviaráselle un correo a: ",{"t":"idOrVar","v":"email"}]},{"$i":"fxa-signup-click-verification-link-in-email","$v":"A próxima vez que comprobe o correo, prema na ligazón de verificación para confirmar a súa conta Firefox."},{"$i":"fxa-age-verification","$v":"Verificación da idade"},{"$i":"fxa-age-earlier","$v":[{"t":"idOrVar","v":"year"}," or earlier"]},{"$i":"fxa-year-of-birth","$v":"Ano de nacemento"},{"$i":"brandShortName","$v":"B2G OS"},{"$i":"browserBrandShortName","$v":"Web Browser"},{"$i":"browserBrandFullName","$v":"Mozilla Web Browser"},{"$i":"ringtoneBrandName","$v":"Default"},{"$i":"ringtoneSectionBrandName","$v":"System"},{"$i":"back","$v":"Atrás"},{"$i":"help","$v":"Axuda"},{"$i":"cancel","$v":"Cancelar"},{"$i":"close","$v":"Pechar"},{"$i":"skip","$v":"Skip"},{"$i":"clear","ariaLabel":"Limpar"},{"$i":"enable","$v":"Activar"},{"$i":"turnOn","$v":"Activar"},{"$i":"undo","ariaLabel":"Desfacer"},{"$i":"enterPIN","$v":"Escriba o PIN"},{"$i":"mediaPlaybackTrack","ariaLabel":"Track title and artist"},{"$i":"mediaPlaybackControls","ariaLabel":"Controis de reprodución"},{"$i":"mediaPlaybackPrevious","ariaLabel":"Anterior"},{"$i":"mediaPlaybackPlay","ariaLabel":"Reproducir"},{"$i":"mediaPlaybackPause","ariaLabel":"Pausa"},{"$i":"mediaPlaybackNext","ariaLabel":"Seguinte"},{"$i":"UnknownTrack","$v":"Pista descoñecida"},{"$i":"wifiButton-on","$v":"Wi-Fi activa"},{"$i":"wifiButton-on-initializing","$v":"Wif-Fi activa, Inicializando"},{"$i":"wifiButton-off","$v":"Wi-Fi desactivada"},{"$i":"dataButton-on","$v":["Datos ",{"t":"idOrVar","v":"type"}," activados"]},{"$i":"dataButton-off","$v":["Datos ",{"t":"idOrVar","v":"type"}," desactivados"]},{"$i":"bluetoothButton-on","$v":"Bluetooth activo"},{"$i":"bluetoothButton-on-initializing","$v":"Bluetooth activo, Inicializando"},{"$i":"bluetoothButton-off","$v":"Bluetooth desactivado"},{"$i":"airplaneMode-on","$v":"Modo avión activo"},{"$i":"airplaneMode-off","$v":"Modo avión desactivado"},{"$i":"settingsButton","ariaLabel":"Axustes"},{"$i":"utilityTray","ariaLabel":"Área de notificacións"},{"$i":"statusbarOperator","$v":[{"t":"idOrVar","v":"date"},", ",{"t":"idOrVar","v":"operator"}]},{"$i":"statusbarDateFormat","$v":"%e de %b"},{"$i":"statusbar","ariaLabel":"Barra de estado"},{"$i":"statusbarBattery","ariaLabel":["Batería ",{"t":"idOrVar","v":"level"}," por cento"]},{"$i":"statusbarBatteryCharging","ariaLabel":["Batería ",{"t":"idOrVar","v":"level"}," por cento, cargando"]},{"$i":"statusbarAirplaneMode","ariaLabel":"Airplane mode on"},{"$i":"statusbarWiFiConnecting","ariaLabel":"Wi-Fi: connecting"},{"$i":"statusbarWiFiConnected","ariaLabel":["Wi-Fi: ",{"t":"idOrVar","v":"level"}," of 4 bars"]},{"$i":"statusbarSignal","ariaLabel":[{"t":"idOrVar","v":"operator"}," network, ",{"t":"idOrVar","v":"level"}," of 5 bars"]},{"$i":"statusbarSignalRoaming","ariaLabel":[{"t":"idOrVar","v":"operator"}," network (roaming), ",{"t":"idOrVar","v":"level"}," of 5 bars"]},{"$i":"statusbarSignalNoneSearching","ariaLabel":"Searching… Emergency calls only"},{"$i":"emergencyCallsOnly","$v":"Só chamadas de emerxencia"},{"$i":"statusbarSignalNoSimCard","ariaLabel":"No SIM card"},{"$i":"statusbarHeadphone","ariaLabel":"Headphones on"},{"$i":"statusbarBluetoothHeadphone","ariaLabel":"Bluetooth headphones on"},{"$i":"statusbarBluetoothTransfer","ariaLabel":"Bluetooth transfer active"},{"$i":"statusbarIconOn-tethering","ariaLabel":"Tethering on"},{"$i":"statusbarIconOnActive-tethering","ariaLabel":"Tethering on, active"},{"$i":"statusbarAlarm","ariaLabel":"Alarma activa"},{"$i":"statusbarIconOn-bluetooth","ariaLabel":"Bluetooth on"},{"$i":"statusbarIconOnActive-bluetooth","ariaLabel":"Bluetooth on, active"},{"$i":"statusbarIconOn-mute","ariaLabel":"Mute on"},{"$i":"statusbarIconOn-vibration","ariaLabel":"Vibration on"},{"$i":"statusbarRecording","ariaLabel":"Gravación activa"},{"$i":"statusbarGeolocation","ariaLabel":"Xeolocalización activa"},{"$i":"statusbarUsb","ariaLabel":"USB activo"},{"$i":"statusbarCallForwarding","$v":"Call forwarding on"},{"$i":"statusbarPlaying","ariaLabel":"Reproducindo"},{"$i":"statusbarNfc","ariaLabel":"NFC activo"},{"$i":"statusbarDownload","ariaLabel":"Downloading…"},{"$i":"statusbarNetworkActivity","ariaLabel":"Rede activa"},{"$i":"statusbarEmergencyCallback","ariaLabel":"Emergency callback"},{"$i":"statusbarNotifications","$v":{"one":[{"t":"idOrVar","v":"n"}," notificación"],"two":[{"t":"idOrVar","v":"n"}," notificacións"],"few":[{"t":"idOrVar","v":"n"}," notificacións"],"many":[{"t":"idOrVar","v":"n"}," notificacións"],"other":[{"t":"idOrVar","v":"n"}," notificacións"]},"$x":[{"t":"idOrVar","v":"plural"},"n"]},{"$i":"statusbarNotifications-unread","ariaLabel":{"$x":[{"t":"idOrVar","v":"plural"},"n"],"$v":{"one":[{"t":"idOrVar","v":"n"}," notificación non lida"],"two":[{"t":"idOrVar","v":"n"}," notificacións non lidas"],"few":[{"t":"idOrVar","v":"n"}," notificacións non lidas"],"many":[{"t":"idOrVar","v":"n"}," notificacións non lidas"],"other":[{"t":"idOrVar","v":"n"}," notificacións non lidas"]}}},{"$i":"notifications","$v":"Notificacións"},{"$i":"clear-all","$v":"Limpar todo"},{"$i":"attentionScreen-tapToShow","$v":"Toque para amosar"},{"$i":"newVoicemails","$v":{"zero":"Non hai mensaxes de voz","one":"Unha nova mensaxe de voz","two":[{"t":"idOrVar","v":"n"}," novas mensaxes de voz"],"few":[{"t":"idOrVar","v":"n"}," novas mensaxes de voz"],"many":[{"t":"idOrVar","v":"n"}," novas mensaxes de voz"],"other":[{"t":"idOrVar","v":"n"}," novas mensaxes de voz"]},"$x":[{"t":"idOrVar","v":"plural"},"n"]},{"$i":"newVoicemailsUnknown","$v":"Nova mensaxe de voz"},{"$i":"dialNumber","$v":["Marcar ",{"t":"idOrVar","v":"number"}]},{"$i":"voicemailNotificationMultiSim","$v":["(SIM ",{"t":"idOrVar","v":"n"},") ",{"t":"idOrVar","v":"title"}]},{"$i":"euRoamingNotificationTitle","$v":"Internet detectado EU"},{"$i":"euRoamingNotificationMsg","$v":"Toque para cambiar."},{"$i":"confirmNFCConnectBTenabledNameUnknown","$v":"Confirma que quere conectar ao dispositivo?"},{"$i":"confirmNFCConnectBTdisabledNameUnknown","$v":"Activar o Bluetooth e conectarse ao dispositivo?"},{"$i":"confirmNFCConnectBTenabledNameKnown","$v":["Confirma que quere conectarse a ",{"t":"idOrVar","v":"deviceName"},"?"]},{"$i":"confirmNFCConnectBTdisabledNameKnown","$v":["Activar o Bluetooth e conectarse a ",{"t":"idOrVar","v":"deviceName"},"?"]},{"$i":"confirmNFCConnectBTdisabled","$v":"Activar"},{"$i":"dismissNFCConnectBTdisabled","$v":"Cancelar"},{"$i":"confirmation","$v":"Confirmación"},{"$i":"deviceMenu","$v":"Teléfono"},{"$i":"airplane","$v":"Activar o modo avión"},{"$i":"airplaneOff","$v":"Desactivar o modo avión"},{"$i":"silent","$v":"Modo silencioso"},{"$i":"normal","$v":"Modo normal"},{"$i":"restart","$v":"Reiniciar"},{"$i":"power","$v":"Apagar"},{"$i":"no-recent-app-windows","$v":"As xanelas dos aplicativos recentes amósanse aquí"},{"$i":"no-recent-browser-windows","$v":"As xanelas de navegación recentes amósanse aquí"},{"$i":"closeCard","ariaLabel":"Pechar"},{"$i":"openCard","ariaLabel":"Abrir"},{"$i":"yes","$v":"Si"},{"$i":"no","$v":"Non"},{"$i":"dontallow","$v":"Non permitir"},{"$i":"allow","$v":"Permitir"},{"$i":"dontshare-geolocation","$v":"Non compartir"},{"$i":"share-geolocation","$v":"Compartir"},{"$i":"dontshare-audio-capture","$v":"Non compartir"},{"$i":"share-audio-capture","$v":"Compartir"},{"$i":"dontshare-video-capture","$v":"Non compartir"},{"$i":"share-video-capture","$v":"Compartir"},{"$i":"dontshare-media-capture","$v":"Non compartir"},{"$i":"share-media-capture","$v":"Compartir"},{"$i":"device-front","$v":"Cámara frontal"},{"$i":"device-back","$v":"Cámara posterior"},{"$i":"remember-my-choice","$v":"Lembrar a miña escolla"},{"$i":"more-info","$v":"Máis información…"},{"$i":"hide-info","$v":"Agochar"},{"$i":"install-app","$v":["Quere instalar ",{"t":"idOrVar","v":"name"},"?"]},{"$i":"size","$v":"Tamaño"},{"$i":"author","$v":"Autor"},{"$i":"size-unknown","$v":"Descoñecido"},{"$i":"author-unknown","$v":"Descoñecido"},{"$i":"install","$v":"Instalar"},{"$i":"bytes","$v":"bytes"},{"$i":"kB","$v":"KB"},{"$i":"MB","$v":"MB"},{"$i":"GB","$v":"GB"},{"$i":"TB","$v":"TB"},{"$i":"PB","$v":"PB"},{"$i":"app-install-generic-error","$v":["Detívose a descarga de ",{"t":"idOrVar","v":"appName"}]},{"$i":"app-install-download-failed","$v":["Fallou a descarga de ",{"t":"idOrVar","v":"appName"}]},{"$i":"app-install-install-failed","$v":["Fallou a instalación de ",{"t":"idOrVar","v":"appName"}]},{"$i":"cancelling-will-not-refund","$v":"A cancelación non devolverá o importe da compra. As devolucións para o contido de pago son fornecidas polo vendedor orixinal."},{"$i":"apps-can-be-installed-later","$v":"É posíbel instalar os aplicativos máis tarde dende a fonte orixinal da instalación."},{"$i":"are-you-sure-you-want-to-cancel","$v":"Confirma que quere cancelar esta instalación?"},{"$i":"cancel-install","$v":"Cancelar"},{"$i":"cancel-install-button","$v":"Cancelar"},{"$i":"resume","$v":"Retomar"},{"$i":"continue","$v":"Continuar"},{"$i":"stopDownloading","$v":["Deter a descarga de ",{"t":"idOrVar","v":"app"},"?"]},{"$i":"app-download-can-be-restarted","$v":"A descarga pode reiniciarse máis tarde."},{"$i":"app-download-stop-button","$v":"Deter a descarga"},{"$i":"not-enough-space","$v":"Non hai suficiente espazo"},{"$i":"not-enough-space-message","$v":"Non hai suficiente espazo para instalar este aplicativo. Libere espazo eliminando aplicativos antigos ou ficheiros multimedia, e tente instalalo de novo dende a fonte orixinal."},{"$i":"app-install-success","$v":["Instalouse ",{"t":"idOrVar","v":"appName"}]},{"$i":"langpack-install-success2","$v":[{"t":"idOrVar","v":"appName"}," installed. Go to Settings > Language to enable it."]},{"$i":"setup","$v":"Configurar"},{"$i":"ime-addkeyboards","$v":"Engadir teclados"},{"$i":"later","$v":"Despois"},{"$i":"download","$v":"Descargar"},{"$i":"wantToDownload","$v":"Descargar a actualización agora?"},{"$i":"wantToInstallNow","$v":"Quere instalar a actualización agora? Non poderá usar o seu teléfono durante uns minutos."},{"$i":"installNow","$v":"Instalar agora"},{"$i":"notNow","$v":"Agora non"},{"$i":"downloadingUpdateMessage","innerHTML":["Descargando actualizacións… <span>",{"t":"idOrVar","v":"progress"}," descargados.</span>"]},{"$i":"downloadingAppMessage","$v":["Descargando ",{"t":"idOrVar","v":"appName"}]},{"$i":"downloadingAppProgressNoMax","$v":[{"t":"idOrVar","v":"progress"}," descargados"]},{"$i":"downloadingAppProgressIndeterminate","$v":"Descargando"},{"$i":"downloadingAppProgress","$v":[{"t":"idOrVar","v":"progress"}," / ",{"t":"idOrVar","v":"max"}," descargados"]},{"$i":"cancelAllDownloads","$v":"Cancelar todas as descargas"},{"$i":"wantToCancelAll","$v":"Confirma que quere cancelar todas as descargas?"},{"$i":"downloadError","$v":"Produciuse un erro ao descargar as actualizacións."},{"$i":"updateAvailableInfo","innerHTML":{"$x":[{"t":"idOrVar","v":"plural"},"n"],"$v":{"one":[{"t":"idOrVar","v":"n"}," actualización dispoñíbel. <span>Toque para máis información.</span>"],"two":[{"t":"idOrVar","v":"n"}," actualizacións dispoñíbeis. <span>Toque para máis información.</span>"],"few":[{"t":"idOrVar","v":"n"}," actualizacións dispoñíbeis. <span>Toque para máis información.</span>"],"many":[{"t":"idOrVar","v":"n"}," actualizacións dispoñíbeis. <span>Toque para máis información.</span>"],"other":[{"t":"idOrVar","v":"n"}," actualizacións dispoñíbeis. <span>Toque para máis información.</span>"]}}},{"$i":"numberOfUpdates","$v":{"one":[{"t":"idOrVar","v":"n"}," actualización dispoñíbel"],"two":[{"t":"idOrVar","v":"n"}," actualizacións dispoñíbeis"],"few":[{"t":"idOrVar","v":"n"}," actualizacións dispoñíbeis"],"many":[{"t":"idOrVar","v":"n"}," actualizacións dispoñíbeis"],"other":[{"t":"idOrVar","v":"n"}," actualizacións dispoñíbeis"]},"$x":[{"t":"idOrVar","v":"plural"},"n"]},{"$i":"systemUpdate","$v":"Actualización do sistema"},{"$i":"systemUpdateReady","$v":"Actualización do sistema lista"},{"$i":"systemUpdateLowBatteryThreshold","$v":["Necesita ter como mínimo un ",{"t":"idOrVar","v":"threshold"},"% de batería para instalar a actualización."]},{"$i":"required","$v":"Requirida"},{"$i":"uncompressingMessage","innerHTML":"Descomprimindo… <span>Isto pode levarlle uns poucos minutos.</span>"},{"$i":"downloadWifiPrioritizedUsing2G","$v":"As actualizacións descárganse pola conexión de datos cando non hai unha conexión Wi-Fi dispoñíbel. Ao usar a conexión de datos, as chamadas do teléfono poden ser bloqueadas e tamén pode supor cargos adicionais."},{"$i":"downloadWifiPrioritized3","$v":"As actualizacións descárganse pola conexión de datos cando non hai unha conexión Wi-Fi dispoñíbel. O uso da conexión de datos pode supor cargos adicionais."},{"$i":"downloadNoWifiWarning","$v":"Conexión Wi-Fi non dispoñíbel. A actualización dende a conexión actual pode supor cargos adicionais."},{"$i":"downloadOfflineWarning2","$v":"Conéctese a unha rede para descargar actualizacións."},{"$i":"downloadUpdatesViaDataConnection","$v":"Descargar as actualizacións a través da conexión Wi-Fi?"},{"$i":"downloadUpdatesVia2GForbidden3","$v":"Non é posíbel descargar as actualizacións nunha conexión lenta (2G). Conéctese a unha rede Wi-Fi ou 3G (se é posíbel) e tente de novo."},{"$i":"downloadUpdatesViaDataConnectionMessage3","$v":"O uso da conexión de datos pode supor custes adicionais. Quere continuar?"},{"$i":"downloadUpdatesViaDataRoamingConnection","$v":"Descargar as actualizacións a través da itinerancia de datos?"},{"$i":"downloadUpdatesViaDataRoamingConnectionMessage","$v":"Neste momento está en itinerancia e poden aplicarse cargos adicionais. Quere continuar?"},{"$i":"screenshotSaved","$v":"Gardouse a captura"},{"$i":"screenshotFailed","$v":"Imposíbel gardar a captura"},{"$i":"screenshotNoSDCard","$v":"Non se atopou a tarxeta de memoria"},{"$i":"screenshotSDCardInUse","$v":"A tarxeta de memoria está en uso"},{"$i":"screenshotSDCardLow","$v":"Non hai suficiente espazo na tarxeta de memoria"},{"$i":"logsSaved","$v":"Rexistros gardados na tarxeta de memoria"},{"$i":"logsSaveError","$v":"Produciuse un erro ao gardar os rexistros"},{"$i":"logsSaving","$v":"Capturando rexistros…"},{"$i":"logsOperationFailed","$v":["A operación ",{"t":"idOrVar","v":"operation"}," fallou."]},{"$i":"logsGenericError","$v":"Produciuse un erro inesperado."},{"$i":"logsSDCardMaybeShared","$v":"Asegúrese de que a tarxeta SD non está compartida co computador."},{"$i":"emergency-call-button","$v":"Chamada de emerxencia"},{"$i":"emergency-call","$v":"Chamada de emerxencia"},{"$i":"unlock-a11y-button","ariaLabel":"Desbloquear"},{"$i":"camera-a11y-button","ariaLabel":"Cámara"},{"$i":"longDateFormat","$v":"%A, %e de %B"},{"$i":"panel-passcode","ariaLabel":"Panel código de acceso"},{"$i":"open-notification","$v":"aberta"},{"$i":"softwareHomeButton","ariaLabel":"Casa"},{"$i":"login","$v":"Identificarse"},{"$i":"sign-in-to-website","$v":"Acceder ao sitio web"},{"$i":"username","$v":"Nome de usuario"},{"$i":"password","$v":"Contrasinal"},{"$i":"http-authentication-message2","$v":["O sitio web ",{"t":"idOrVar","v":"host"}," require que se identifique."]},{"$i":"error-message","$v":[{"t":"idOrVar","v":"name"}," non se carga correctamente"]},{"$i":"error-title","$v":[{"t":"idOrVar","v":"name"}," está tendo problemas"]},{"$i":"unable-to-connect","$v":"Imposíbel conectar"},{"$i":"tap-to-check-settings","$v":"Toque para comprobar os axustes"},{"$i":"delete-title","$v":["Eliminar",{"t":"idOrVar","v":"name"}]},{"$i":"delete-body","$v":["Eliminarase ",{"t":"idOrVar","v":"name"}," e todos os seus datos."]},{"$i":"delete","$v":"Eliminar"},{"$i":"unrecoverable-error-title","$v":"Retirar aplicativo"},{"$i":"unrecoverable-error-body","$v":"Non é posíbel instalar o aplicativo debido a un erro irrecuperábel. Tente descargalo de novo. Retirarase o aplicativo."},{"$i":"unrecoverable-error-action","$v":"Aceptar"},{"$i":"data-roaming-enabled-title","$v":"Activar a itinerancia de datos?"},{"$i":"data-roaming-enabled-warning2","$v":"Para acceder á Internet, precisa activar a itinerancia de datos. Dependendo do contrato coa súa operadora poden aplicarse cargos extra. Quere activar os datos?"},{"$i":"select-time","$v":"Seleccionar hora"},{"$i":"choose-option","$v":"Seleccionar"},{"$i":"choose-options","$v":"Seleccionar"},{"$i":"select-day","$v":"Seleccionar día"},{"$i":"battery-almost-empty3","$v":"A batería está baixa."},{"$i":"plug-in-your-charger","$v":"Conecte o cargador."},{"$i":"new-window","$v":"Nova xanela"},{"$i":"new-private-window","$v":"Nova xanela privada"},{"$i":"show-windows","$v":"Amosar as xanelas"},{"$i":"add-to-home-screen","$v":"Engadir á pantalla inicial"},{"$i":"crash-dialog2-os","$v":[{"t":"idOrVar","v":"brandShortName"}," recuperouse dunha quebra"]},{"$i":"crash-dialog-app","$v":[{"t":"idOrVar","v":"name"}," acaba de quebrar"]},{"$i":"crash-dialog-app-noname","$v":"Something"},{"$i":"crash-dialog-message","$v":"Desexa enviar a Mozilla un informe sobre a quebra para axudarnos a arranxar este problema? (Os informes só se envían por Wi-Fi)."},{"$i":"crash-info-link","$v":"Que contén un informe de erro?"},{"$i":"crash-always-report","$v":"Enviar sempre un informe a Mozilla cando se produza unha quebra."},{"$i":"crash-dont-send","$v":"Non enviar"},{"$i":"crash-end","$v":"Enviar informe"},{"$i":"crashReports","$v":"Informes de erro"},{"$i":"done","$v":"Feito"},{"$i":"crash-reports-description-1","$v":"Un informe de erro contén algúns detalles sobre a quebra e o seu dispositivo, así como unha instantánea do estado do dispositivo cando quebrou."},{"$i":"crash-reports-description-2","$v":"Este pode incluír cousas como as páxinas e os aplicativos abertos, o texto escrito nos formularios e o contido das mensaxes abertas, o historial de navegación recente, ou a xeolocalización usada por un aplicativo aberto."},{"$i":"crash-reports-description-3-start","$v":"Usamos os informes de erro para arranxar problemas e mellorar os nosos produtos. Xestionamos a súa información como se describe na nosa "},{"$i":"crash-reports-description-3-privacy","$v":"política de privacidade"},{"$i":"crash-reports-description-3-end","$v":"."},{"$i":"crash-banner-os2","$v":[{"t":"idOrVar","v":"brandShortName"}," acaba de quebrar."]},{"$i":"crash-banner-app","$v":[{"t":"idOrVar","v":"name"}," acaba de quebrar."]},{"$i":"crash-banner-report","$v":"Informe"},{"$i":"bluetooth-sending-progress","$v":"Enviando transferencia Bluetooth…"},{"$i":"bluetooth-receiving-progress","$v":"Recibindo transferencia Bluetooth…"},{"$i":"acceptFileTransfer","$v":"Aceptar a transferencia por Bluetooth?"},{"$i":"wantToReceiveFile","$v":[{"t":"idOrVar","v":"deviceName"}," desexa transferir ",{"t":"idOrVar","v":"fileName"}," (",{"t":"idOrVar","v":"fileSize"},")."]},{"$i":"transfer-confirmation-title","$v":[{"t":"idOrVar","v":"deviceName"}]},{"$i":"transfer-confirmation-description","$v":"Revise a solicitude de transferencia."},{"$i":"byteUnit-B","$v":"M"},{"$i":"byteUnit-KB","$v":"KB"},{"$i":"byteUnit-MB","$v":"MB"},{"$i":"byteUnit-GB","$v":"GB"},{"$i":"byteUnit-TB","$v":"TB"},{"$i":"byteUnit-PB","$v":"PB"},{"$i":"byteUnit-EB","$v":"EB"},{"$i":"byteUnit-ZB","$v":"ZB"},{"$i":"byteUnit-YB","$v":"YB"},{"$i":"fileSize","$v":[{"t":"idOrVar","v":"size"}," ",{"t":"idOrVar","v":"unit"}]},{"$i":"deny","$v":"Denegar"},{"$i":"transfer","$v":"Transferir"},{"$i":"cancelFileTransfer","$v":"Cancelar a transferencia por Bluetooth?"},{"$i":"continueFileTransfer","$v":"Continuar"},{"$i":"transfer-has-started-title","$v":"Comezou a transferencia"},{"$i":"transfer-has-started-description","$v":"Ver progreso no centro de notificacións"},{"$i":"transferFinished-sentSuccessful-title","$v":"Ficheiro enviado"},{"$i":"transferFinished-receivedSuccessful-title","$v":"Ficheiro recibido"},{"$i":"transferFinished-sentFailed-title","$v":"Non se enviou o ficheiro"},{"$i":"transferFinished-receivedFailed-title","$v":"Non se recibiu o ficheiro"},{"$i":"transferReport-title","$v":"Informe da transferencia:"},{"$i":"transferReport-description","$v":[{"t":"idOrVar","v":"numSuccessful"}," ficheiros transferidos, ",{"t":"idOrVar","v":"numUnsuccessful"}," ficheiros non transferidos"]},{"$i":"unknown-file","$v":"Ficheiro descoñecido"},{"$i":"unknown-device","$v":"Dispositivo descoñecido"},{"$i":"cannotOpenFile","$v":"Imposíbel abrir o ficheiro recibido"},{"$i":"unknownMediaTypeToOpenFile","$v":["Imposíbel abrir o tipo multimedia descoñecido: ",{"t":"idOrVar","v":"fileName"}]},{"$i":"cannotReceiveFile","$v":"Imposíbel recibir o ficheiro"},{"$i":"cannotGetStorageState","$v":"Non é posíbel obter o estado de memoria do dispositivo."},{"$i":"sdcard-not-exist2","$v":"Non se atopou a tarxeta de memoria. Insira unha tarxeta."},{"$i":"sdcard-in-use","$v":"Non é posíbel usar o Bluetooth mentres o teléfono está conectado. Desconecte o teléfono para recibir ficheiro(s)."},{"$i":"sdcard-no-space2","$v":"Non é posíbel completar a transferencia: a tarxeta de memoria está chea."},{"$i":"unknown-error","$v":"Erro descoñecido"},{"$i":"confirm","$v":"Confirmar"},{"$i":"sdcard-detected-title","$v":"Tarxeta SD detectada"},{"$i":"sdcard-total-size-body","$v":["Tamaño total: ",{"t":"idOrVar","v":"size"}," ",{"t":"idOrVar","v":"unit"}]},{"$i":"sdcard-unknown-size-then-tap-to-format-body","$v":"Tamaño descoñecido, toque para formatar"},{"$i":"sdcard-removed-title","$v":"Tarxeta SD retirada"},{"$i":"sdcard-removed-ejected-successfully","$v":"Expulsada correctamente"},{"$i":"sdcard-removed-not-ejected-properly","$v":"Expulsada non correctamente"},{"$i":"microphone-is-on","$v":"Micro activado"},{"$i":"camera-is-on","$v":"Cámara activada"},{"$i":"media-is-on","$v":"Cámara e micro activados"},{"$i":"noSimCard","$v":"Sen tarxeta SIM"},{"$i":"simPin","$v":"PIN da SIM"},{"$i":"pukCode","$v":"Código PUK"},{"$i":"nckCode","$v":"Código NCK"},{"$i":"cckCode","$v":"Código CCK"},{"$i":"spckCode","$v":"Código SPCK"},{"$i":"nck1code","$v":"Código NCK1"},{"$i":"nck2code","$v":"Código NCK2"},{"$i":"hnckcode","$v":"Código HNCK"},{"$i":"rcckcode","$v":"Código RCCK"},{"$i":"rspckcode","$v":"Código RSPCK"},{"$i":"whatIsSimPin","$v":"Que é o código PIN da SIM?"},{"$i":"simPinIntro1","$v":"O código PIN da tarxeta SIM evita o acceso á rede da tarxeta SIM. Cando está activo, calquera dispositivo que conteña a tarxeta SIM solicitará o PIN cada vez que se reinicie."},{"$i":"simPinIntro2","$v":"O PIN da tarxeta SIM non é o mesmo que o código de acceso que se usa para desbloquear o dispositivo."},{"$i":"changeSimPin","$v":"Cambiar PIN"},{"$i":"pinTitle","$v":"Escriba o PIN"},{"$i":"multiSIMpinTitle","$v":["Escribir o PIN da SIM ",{"t":"idOrVar","v":"n"}]},{"$i":"pukTitle","$v":"Escriba o PUK"},{"$i":"nckTitle","$v":"Escribir código NCK"},{"$i":"cckTitle","$v":"Escribir código CCK"},{"$i":"spckTitle","$v":"Escribir código SPCK"},{"$i":"nck1Title","$v":"Escribir código NCK1"},{"$i":"nck2Title","$v":"Escribir código NCK2"},{"$i":"hnckTitle","$v":"Escribir código HNCK"},{"$i":"rcckTitle","$v":"Escribir código RCCK"},{"$i":"rspckTitle","$v":"Escribir código RSPCK"},{"$i":"newpinTitle","$v":"Novo PIN"},{"$i":"inputCodeRetriesLeft","$v":{"one":"Último intento.","two":["Quedan",{"t":"idOrVar","v":"n"}," intentos."],"few":["Quedan",{"t":"idOrVar","v":"n"}," intentos."],"many":["Quedan",{"t":"idOrVar","v":"n"}," intentos."],"other":["Quedan",{"t":"idOrVar","v":"n"}," intentos."]},"$x":[{"t":"idOrVar","v":"plural"},"n"]},{"$i":"pinErrorMsg","$v":"O PIN é incorrecto."},{"$i":"pinAttemptMsg2","$v":{"one":"Só lle queda un intento para escribir o código correcto antes de bloquear a tarxeta SIM.","two":["Quédanlle ",{"t":"idOrVar","v":"n"}," intentos para escribir o código correcto antes de bloquear a tarxeta SIM."],"few":["Quédanlle ",{"t":"idOrVar","v":"n"}," intentos para escribir o código correcto antes de bloquear a tarxeta SIM."],"many":["Quédanlle ",{"t":"idOrVar","v":"n"}," intentos para escribir o código correcto antes de bloquear a tarxeta SIM."],"other":["Quédanlle ",{"t":"idOrVar","v":"n"}," intentos para escribir o código correcto antes de bloquear a tarxeta SIM."]},"$x":[{"t":"idOrVar","v":"plural"},"n"]},{"$i":"pinLastChanceMsg","$v":"Esta é a súa última oportunidade para escribir o PIN correcto. Se non o fai, debe escribir o código PUK para usar esta tarxeta SIM."},{"$i":"simCardLockedMsg","$v":"A tarxeta SIM está bloqueada."},{"$i":"enterPukMsg","$v":"Debe escribir a chave de desbloqueo persoal (código PUK) da tarxeta SIM. Consulte a documentación da súa tarxeta SIM ou contacte coa súa operadora de telefonía para obter máis información."},{"$i":"pukErrorMsg","$v":"O código PUK é incorrecto."},{"$i":"pukAttemptMsg2","$v":{"one":"Só lle queda un intento para escribir o código correcto antes de que esta tarxeta SIM quede inservíbel. Consulte a documentación da súa tarxeta SIM ou contacte coa súa operadora de telefonía para obter máis información.","two":["Quédanlle ",{"t":"idOrVar","v":"n"}," intentos para escribir o código correcto antes de que esta tarxeta SIM quede inservíbel. Consulte a documentación da súa tarxeta SIM ou contacte coa súa operadora de telefonía para obter máis información."],"few":["Quédanlle ",{"t":"idOrVar","v":"n"}," intentos para escribir o código correcto antes de que esta tarxeta SIM quede inservíbel. Consulte a documentación da súa tarxeta SIM ou contacte coa súa operadora de telefonía para obter máis información."],"many":["Quédanlle ",{"t":"idOrVar","v":"n"}," intentos para escribir o código correcto antes de que esta tarxeta SIM quede inservíbel. Consulte a documentación da súa tarxeta SIM ou contacte coa súa operadora de telefonía para obter máis información."],"other":["Quédanlle ",{"t":"idOrVar","v":"n"}," intentos para escribir o código correcto antes de que esta tarxeta SIM quede inservíbel. Consulte a documentación da súa tarxeta SIM ou contacte coa súa operadora de telefonía para obter máis información."]},"$x":[{"t":"idOrVar","v":"plural"},"n"]},{"$i":"pukLastChanceMsg","$v":"Esta é a súa última oportunidade para escribir o código PUK correcto. A súa tarxeta SIM quedará inservíbel se escribe un código PUK incorrecto. Consulte a documentación da súa tarxeta SIM ou contacte coa súa operadora de telefonía para obter máis información."},{"$i":"newSimPinMsg","$v":"Crear PIN (debe conter de 4 a 8 díxitos)"},{"$i":"confirmNewSimPinMsg","$v":"Confirmar novo PIN"},{"$i":"newPinErrorMsg","$v":"Non coincide o PIN."},{"$i":"nckErrorMsg","$v":"O código NCK é incorrecto."},{"$i":"nckAttemptMsg2","$v":{"one":"Fallou a solicitude de despersonalización da rede. Só lle queda un intento para escribir o código correcto. Consulte a documentación do seu dispositivo ou contacte coa súa operadora de telefonía para obter máis información.","two":["Fallou a solicitude de despersonalización da rede. Quédanlle ",{"t":"idOrVar","v":"n"}," intentos para escribir o código correcto. Consulte a documentación do seu dispositivo ou contacte coa súa operadora de telefonía para obter máis información."],"few":["Fallou a solicitude de despersonalización da rede. Quédanlle ",{"t":"idOrVar","v":"n"}," intentos para escribir o código correcto. Consulte a documentación do seu dispositivo ou contacte coa súa operadora de telefonía para obter máis información."],"many":["Fallou a solicitude de despersonalización da rede. Quédanlle ",{"t":"idOrVar","v":"n"}," intentos para escribir o código correcto. Consulte a documentación do seu dispositivo ou contacte coa súa operadora de telefonía para obter máis información."],"other":["Fallou a solicitude de despersonalización da rede. Quédanlle ",{"t":"idOrVar","v":"n"}," intentos para escribir o código correcto. Consulte a documentación do seu dispositivo ou contacte coa súa operadora de telefonía para obter máis información."]},"$x":[{"t":"idOrVar","v":"plural"},"n"]},{"$i":"nckLastChanceMsg","$v":"Fallou a solicitude de despersonalización da rede. Esta é a súa última oportunidade para escribir o código NCK correcto. Consulte a documentación do seu dispositivo ou contacte coa súa operadora de telefonía para obter máis información."},{"$i":"activity-pick","$v":"Seleccionar de:"},{"$i":"activity-view","$v":"Ver con:"},{"$i":"activity-test","$v":"Probar con:"},{"$i":"activity-share","$v":"Compartir con:"},{"$i":"activity-new","$v":"Crear con:"},{"$i":"activity-open","$v":"Abrir con:"},{"$i":"activity-save-bookmark","$v":"Engadir favorito para:"},{"$i":"activity-record","$v":"Gravar de:"},{"$i":"activity-browse","$v":"Examinar con:"},{"$i":"activity-configure","$v":"Configurar con:"},{"$i":"activity-dial","$v":"Chamar dende:"},{"$i":"persona-signin","$v":"Identificarse"},{"$i":"payment-flow","$v":"Comprar"},{"$i":"remoteDebuggerPromptUSB","$v":"Allow USB debugging connection?"},{"$i":"remoteDebuggerPromptTCP","$v":["Allow remote debugging connection from ",{"t":"idOrVar","v":"host"},":",{"t":"idOrVar","v":"port"},"?"]},{"$i":"devtools-auth-scan2","$v":"Scanning for the QR code displayed on your other device…"},{"$i":"fullscreen-request","$v":["Agora ",{"t":"idOrVar","v":"origin"}," está a pantalla completa."]},{"$i":"captive-wifi-available","$v":["Atopouse a rede ",{"t":"idOrVar","v":"networkName"},". Quere conectarse a ela? "]},{"$i":"ceWarningtitle","$v":"Aviso de volume"},{"$i":"ceWarningcontent","$v":"Para evitar posíbeis lesións auditivas, non escoite música a un volume alto durante períodos longos."},{"$i":"notification-powersaving-mode-on-title","$v":"Modo aforro enerxético"},{"$i":"notification-powersaving-mode-on-description","$v":"O modo aforro enerxético está activo."},{"$i":"low-device-storage","$v":"Pouco espazo no dispositivo.\\n"},{"$i":"free-space","$v":{"zero":"Non queda espazo libre.","one":["Queda menos de ",{"t":"idOrVar","v":"value"}," ",{"t":"idOrVar","v":"unit"},"."],"two":["Queda menos de ",{"t":"idOrVar","v":"value"}," ",{"t":"idOrVar","v":"unit"},"."],"few":["Queda menos de ",{"t":"idOrVar","v":"value"}," ",{"t":"idOrVar","v":"unit"},"."],"many":["Queda menos de ",{"t":"idOrVar","v":"value"}," ",{"t":"idOrVar","v":"unit"},"."],"other":["Queda menos de ",{"t":"idOrVar","v":"value"}," ",{"t":"idOrVar","v":"unit"},"."]},"$x":[{"t":"idOrVar","v":"plural"},"value"]},{"$i":"unknown-free-space","$v":"Espazo restante descoñecido."},{"$i":"system-alert","$v":"Alerta do sistema"},{"$i":"cb-channel","$v":["Canle ",{"t":"idOrVar","v":"channel"}]},{"$i":"cb-etws-warningType-earthquake","$v":"Aviso de terremoto!"},{"$i":"cb-etws-warningType-tsunami","$v":"Aviso de tsunami!"},{"$i":"cb-etws-warningType-earthquake-tsunami","$v":"Aviso de terremoto-tsunami!"},{"$i":"cb-etws-warningType-test","$v":"Estase a probar o sistema de alerta."},{"$i":"cb-etws-warningType-other","$v":"Aviso de emerxencia!"},{"$i":"icc-message-maintitle","$v":"Mensaxe da operadora"},{"$i":"icc-message-subtitle","$v":["SIM ",{"t":"idOrVar","v":"id"}]},{"$i":"icc-confirmCall-defaultmessage","$v":["Chamar a ",{"t":"idOrVar","v":"number"},"?"]},{"$i":"icc-alertMessage-send-ss","$v":"Send SS"},{"$i":"icc-alertMessage-send-ussd","$v":"Send USSD"},{"$i":"icc-alertMessage-send-sms","$v":"Send SMS"},{"$i":"icc-confirmMessage-defaultmessage","$v":"Enviar mensaxe?"},{"$i":"icc-inputbox-maintitle","$v":"Consulta STK"},{"$i":"icc-inputbox-subtitle","$v":["SIM ",{"t":"idOrVar","v":"id"}]},{"$i":"emergency-callback-mode","$v":"Modo de devolución de chamada de emerxencia"},{"$i":"emergency-callback-message","$v":"Non é posíbel que facer chamadas, enviar mensaxes ou navegar porque está activo o modo de devolución de chamada de emerxencia. Desexa desactivalo?"},{"$i":"cdma-record-info","$v":"Información de rexistro CDMA"},{"$i":"ime-switching-title","$v":[{"t":"idOrVar","v":"appName"},": ",{"t":"idOrVar","v":"name"}]},{"$i":"ime-switching-tip","$v":"Toque para cambiar o método de entrada"},{"$i":"shrinking-tip","$v":"Deslice o dedo para compartir"},{"$i":"download_started","$v":"Iniciouse a descarga"},{"$i":"download_stopped","$v":"Detívose a descarga"},{"$i":"download_downloading","$v":"Descargando…"},{"$i":"download_succeeded","$v":"Terminou a descarga"},{"$i":"download_failed","$v":"Fallou a descarga"},{"$i":"download_text_by_default","$v":[{"t":"idOrVar","v":"name"}]},{"$i":"download_downloading_text_2","$v":[{"t":"idOrVar","v":"percentage"},"% - ",{"t":"idOrVar","v":"name"}]},{"$i":"search-the-web","$v":"Buscar na web"},{"$i":"search-or-enter-address","$v":"Buscar ou enderezo","placeholder":"Buscar ou enderezo"},{"$i":"back-button","ariaLabel":"Back"},{"$i":"forward-button","ariaLabel":"Forward"},{"$i":"reload-button","ariaLabel":"Recargar"},{"$i":"stop-button","ariaLabel":"Deter"},{"$i":"windows-button","ariaLabel":"Show windows"},{"$i":"noHotspotWhenAPMisOnWifiHotspot","$v":"Desactive o modo avión para usar o punto de acceso Wi-Fi."},{"$i":"apmActivated","$v":"Activouse o modo avión"},{"$i":"open-in-new-window","$v":"Abrir nunha nova xanela"},{"$i":"open-in-new-private-window","$v":"Abrir nunha nova xanela privada"},{"$i":"add-link-to-home-screen","$v":"Engadir ligazón á pantalla inicial"},{"$i":"share-link","$v":"Compartir ligazón"},{"$i":"save-image","$v":"Gardar imaxe"},{"$i":"save-video","$v":"Gardar vídeo"},{"$i":"save-audio","$v":"Gardar son"},{"$i":"save-link","$v":"Gardar ficheiro ligado"},{"$i":"share-image","$v":"Compartir imaxe"},{"$i":"share-video","$v":"Compartir vídeo"},{"$i":"share-audio","$v":"Compartir son"},{"$i":"private-window","$v":"Private Window"},{"$i":"private-browser-title","$v":"Ten activa a navegación privada"},{"$i":"private-window-detail1","$v":"The browser won’t keep any browser history, cookies, or temporary Internet files."},{"$i":"private-window-detail2","$v":"While this device won’t have a record of your browsing history, your Internet service provider can still track the pages you visit."},{"$i":"okCharsLeft","$v":["Aceptar (",{"t":"idOrVar","v":"n"},")"]},{"$i":"network-error-in-app","$v":"Ningún acceso á Internet dispoñíbel."},{"$i":"network-error-launching","$v":[{"t":"idOrVar","v":"name"}," require unha conexión á Internet."]},{"$i":"server-not-found","$v":"Non se atopou o servidor"},{"$i":"server-not-found-error","$v":["Non é posíbel atopar o servidor en ",{"t":"idOrVar","v":"name"},"."]},{"$i":"file-not-found","$v":"Non se atopou o ficheiro"},{"$i":"file-not-found-error","$v":"Non é posíbel que o dispositivo amose esta páxina porque non se atopou o ficheiro."},{"$i":"connection-failed","$v":"Imposíbel conectar"},{"$i":"connection-failed-error","$v":"Produciuse un erro na rede durante a conexión co sitio."},{"$i":"invalid-connection","$v":"Imposíbel conectar"},{"$i":"invalid-connection-error","$v":"Produciuse un erro na rede durante a conexión co sitio."},{"$i":"malformed-uri","$v":"URL incorrecto"},{"$i":"malformed-uri-error","$v":"O URL introducido é incorrecto e non é posíbel cargalo."},{"$i":"redirect-loop","$v":"Páxina non dispoñíbel"},{"$i":"redirect-loop-error","$v":"Non é posíbel que o dispositivo amose esta páxina porque non está a redirixir correctamente. Tente de novo máis tarde."},{"$i":"not-cached","$v":"Páxina caducada"},{"$i":"not-cached-error","$v":"Por razóns de seguranza non é posíbel amosar esta páxina porque caducou."},{"$i":"is-printing-error","$v":"Non é posíbel modificar o documento mentres se imprime ou se visualiza na Previsualización da impresión."},{"$i":"denied-port-access","$v":"Este enderezo está restrinxido"},{"$i":"denied-port-access-error","$v":"Este enderezo usa un porto de rede que normalmente se usa con fins diferentes á navegación web. Para a súa protección, o dispositivo cancelou a solicitude."},{"$i":"proxy-resolve-failure","$v":"Erro do servidor proxy"},{"$i":"proxy-resolve-failure-error","$v":"O dispositivo configurouse para usar un servidor proxy que non é posíbel atopar."},{"$i":"proxy-connect-failure","$v":"Erro do servidor proxy"},{"$i":"proxy-connect-failure-error","$v":"O dispositivo configurouse para usar un servidor proxy que está a rexeitar as conexións."},{"$i":"content-encoding","$v":"Páxina non dispoñíbel"},{"$i":"content-encoding-error","$v":"Non é posíbel que o dispositivo amose esta páxina porque se produciu un erro coa codificación."},{"$i":"remote-xul","$v":"Páxina non admitida"},{"$i":"remote-xul-error","$v":"Non é posíbel que se amose esta páxina porque usa unha tecnoloxía non compatíbel co dispositivo."},{"$i":"phishing-blocked","$v":"Aviso"},{"$i":"phishing-blocked-error","$v":"Identificouse o sitio web como unha falsificación deseñada para enganar aos usuarios e obter información persoal ou financeira."},{"$i":"malware-blocked","$v":"Bloqueouse o malware"},{"$i":"malware-blocked-error","$v":"Identificouse como un sitio atacante e bloqueouse."},{"$i":"unsafe-content-type","$v":"Contido inseguro"},{"$i":"unsafe-content-type-error","$v":"Non é posíbel amosar a páxina porque abrila pode non ser seguro."},{"$i":"corrupted-content","$v":"Páxina non dispoñíbel"},{"$i":"corrupted-content-error","$v":"Non é posíbel amosar a páxina porque se produciu un erro na transmisión dos datos."},{"$i":"try-again","$v":"Tentar de novo"},{"$i":"check-settings","$v":"Comprobar axustes"},{"$i":"accessibility-enableScreenReaderSteps","$v":"Para activar o lector de pantalla, prema os botóns de volume + e logo volume - tres veces máis"},{"$i":"accessibility-disableScreenReaderSteps","$v":"Para desactivar o lector de pantalla, prema os botóns de volume + e logo volume - tres veces máis"},{"$i":"accessibility-screenReaderStarted","$v":"Iniciouse o lector de pantalla"},{"$i":"accessibility-screenReaderStopped","$v":"Detívose o lector de pantalla"},{"$i":"accessibility-menubar","$v":"barra de menú"},{"$i":"accessibility-scrollbar","$v":"barra de desprazamento"},{"$i":"accessibility-grip","$v":"tirador"},{"$i":"accessibility-alert","$v":"alerta"},{"$i":"accessibility-menupopup","$v":"menú emerxente"},{"$i":"accessibility-document","$v":"documento"},{"$i":"accessibility-pane","$v":"panel"},{"$i":"accessibility-dialog","$v":"diálogo"},{"$i":"accessibility-separator","$v":"separador"},{"$i":"accessibility-toolbar","$v":"barra de ferramentas"},{"$i":"accessibility-statusbar","$v":"barra de estado"},{"$i":"accessibility-table","$v":"táboa"},{"$i":"accessibility-columnheader","$v":"cabeceira da columna"},{"$i":"accessibility-rowheader","$v":"cabeceira da fila"},{"$i":"accessibility-column","$v":"columna"},{"$i":"accessibility-row","$v":"fila"},{"$i":"accessibility-cell","$v":"cela"},{"$i":"accessibility-link","$v":"ligazón"},{"$i":"accessibility-list","$v":"lista"},{"$i":"accessibility-listitem","$v":"elemento da lista"},{"$i":"accessibility-outline","$v":"esquema"},{"$i":"accessibility-outlineitem","$v":"elemento do esquema"},{"$i":"accessibility-pagetab","$v":"lapela"},{"$i":"accessibility-propertypage","$v":"páxina de propiedades"},{"$i":"accessibility-graphic","$v":"gráfico"},{"$i":"accessibility-pushbutton","$v":"botón"},{"$i":"accessibility-checkbutton","$v":"caixa de verificación"},{"$i":"accessibility-radiobutton","$v":"botón de opción"},{"$i":"accessibility-combobox","$v":"caixa de combinación"},{"$i":"accessibility-progressbar","$v":"barra de progreso"},{"$i":"accessibility-slider","$v":"control desprazábel"},{"$i":"accessibility-spinbutton","$v":"botón xiratorio"},{"$i":"accessibility-diagram","$v":"diagrama"},{"$i":"accessibility-animation","$v":"animación"},{"$i":"accessibility-equation","$v":"ecuación"},{"$i":"accessibility-buttonmenu","$v":"botón de menú"},{"$i":"accessibility-whitespace","$v":"espazo en branco"},{"$i":"accessibility-pagetablist","$v":"lista de lapelas"},{"$i":"accessibility-canvas","$v":"lenzo"},{"$i":"accessibility-checkmenuitem","$v":"elemento de menú de verificación"},{"$i":"accessibility-label","$v":"etiqueta"},{"$i":"accessibility-passwordtext","$v":"texto do contrasinal"},{"$i":"accessibility-radiomenuitem","$v":"elemento do menú de opcións"},{"$i":"accessibility-textcontainer","$v":"contedor de texto"},{"$i":"accessibility-togglebutton","$v":"botón de estado"},{"$i":"accessibility-treetable","$v":"táboa en árbore"},{"$i":"accessibility-header","$v":"cabeceira"},{"$i":"accessibility-footer","$v":"pé de páxina"},{"$i":"accessibility-paragraph","$v":"parágrafo"},{"$i":"accessibility-entry","$v":"entrada"},{"$i":"accessibility-caption","$v":"lenda"},{"$i":"accessibility-heading","$v":"título"},{"$i":"accessibility-section","$v":"sección"},{"$i":"accessibility-form","$v":"formulario"},{"$i":"accessibility-comboboxlist","$v":"lista da caixa de combinación"},{"$i":"accessibility-comboboxoption","$v":"opción da caixa de combinación"},{"$i":"accessibility-imagemap","$v":"mapa da imaxe"},{"$i":"accessibility-listboxoption","$v":"opción"},{"$i":"accessibility-listbox","$v":"caixa de lista"},{"$i":"accessibility-flatequation","$v":"ecuación"},{"$i":"accessibility-gridcell","$v":"grade de celas"},{"$i":"accessibility-note","$v":"nota"},{"$i":"accessibility-figure","$v":"figura"},{"$i":"accessibility-definitionlist","$v":"Lista de definición"},{"$i":"accessibility-term","$v":"termo"},{"$i":"accessibility-definition","$v":"definición"},{"$i":"accessibility-textarea","$v":"área de texto"},{"$i":"accessibility-textInputType_date","$v":"data"},{"$i":"accessibility-textInputType_email","$v":"correo"},{"$i":"accessibility-textInputType_search","$v":"busca"},{"$i":"accessibility-textInputType_tel","$v":"teléfono"},{"$i":"accessibility-textInputType_url","$v":"URL"},{"$i":"accessibility-headingLevel","$v":["nivel do título ",{"t":"idOrVar","v":"0"}]},{"$i":"accessibility-listStart","$v":"Primeiro elemento"},{"$i":"accessibility-listEnd","$v":"Último elemento"},{"$i":"accessibility-listItemsCount","$v":{"zero":[{"t":"idOrVar","v":"count"}," elementos"],"one":[{"t":"idOrVar","v":"count"}," elemento"],"two":[{"t":"idOrVar","v":"count"}," elementos"],"few":[{"t":"idOrVar","v":"count"}," elementos"],"many":[{"t":"idOrVar","v":"count"}," elementos"],"other":[{"t":"idOrVar","v":"count"}," elementos"]},"$x":[{"t":"idOrVar","v":"plural"},"count"]},{"$i":"accessibility-objItemOfN","$v":[{"t":"idOrVar","v":"0"}," de ",{"t":"idOrVar","v":"1"}]},{"$i":"accessibility-banner","$v":"cartel"},{"$i":"accessibility-complementary","$v":"complementario"},{"$i":"accessibility-contentinfo","$v":"info contido"},{"$i":"accessibility-main","$v":"principal"},{"$i":"accessibility-navigation","$v":"navegación"},{"$i":"accessibility-search","$v":"busca"},{"$i":"accessibility-tblColumnInfo","$v":{"zero":["con ",{"t":"idOrVar","v":"count"}," columnas"],"one":["con ",{"t":"idOrVar","v":"count"}," columna"],"two":["con ",{"t":"idOrVar","v":"count"}," columnas"],"few":["con ",{"t":"idOrVar","v":"count"}," columnas"],"many":["con ",{"t":"idOrVar","v":"count"}," columnas"],"other":["con ",{"t":"idOrVar","v":"count"}," columnas"]},"$x":[{"t":"idOrVar","v":"plural"},"count"]},{"$i":"accessibility-tblRowInfo","$v":{"zero":["e ",{"t":"idOrVar","v":"count"}," filas"],"one":["e ",{"t":"idOrVar","v":"count"}," fila"],"two":["e ",{"t":"idOrVar","v":"count"}," filas"],"few":["e ",{"t":"idOrVar","v":"count"}," filas"],"many":["e ",{"t":"idOrVar","v":"count"}," filas"],"other":["e ",{"t":"idOrVar","v":"count"}," filas"]},"$x":[{"t":"idOrVar","v":"plural"},"count"]},{"$i":"accessibility-columnInfo","$v":["Columna ",{"t":"idOrVar","v":"0"}]},{"$i":"accessibility-rowInfo","$v":["Fila ",{"t":"idOrVar","v":"0"}]},{"$i":"accessibility-spansColumns","$v":{"zero":["expándese ",{"t":"idOrVar","v":"0"}," columnas"],"one":["expándese ",{"t":"idOrVar","v":"0"}," columna"],"two":["expándese ",{"t":"idOrVar","v":"0"}," columnas"],"few":["expándese ",{"t":"idOrVar","v":"0"}," columnas"],"many":["expándese ",{"t":"idOrVar","v":"0"}," columnas"],"other":["expándese ",{"t":"idOrVar","v":"0"}," columnas"]},"$x":[{"t":"idOrVar","v":"plural"},"0"]},{"$i":"accessibility-spansRows","$v":{"zero":["expándese ",{"t":"idOrVar","v":"0"}," filas"],"one":["expándese ",{"t":"idOrVar","v":"0"}," fila"],"two":["expándese ",{"t":"idOrVar","v":"0"}," filas"],"few":["expándese ",{"t":"idOrVar","v":"0"}," filas"],"many":["expándese ",{"t":"idOrVar","v":"0"}," filas"],"other":["expándese ",{"t":"idOrVar","v":"0"}," filas"]},"$x":[{"t":"idOrVar","v":"plural"},"0"]},{"$i":"accessibility-jumpAction","$v":"saltado"},{"$i":"accessibility-pressAction","$v":"premido"},{"$i":"accessibility-checkAction","$v":"marcado"},{"$i":"accessibility-uncheckAction","$v":"desmarcado"},{"$i":"accessibility-selectAction","$v":"seleccionado"},{"$i":"accessibility-unselectAction","$v":"non seleccionado"},{"$i":"accessibility-openAction","$v":"aberto"},{"$i":"accessibility-closeAction","$v":"pechado"},{"$i":"accessibility-switchAction","$v":"cambiado"},{"$i":"accessibility-clickAction","$v":"premido"},{"$i":"accessibility-collapseAction","$v":"contraído"},{"$i":"accessibility-expandAction","$v":"expandido"},{"$i":"accessibility-activateAction","$v":"activado"},{"$i":"accessibility-cycleAction","$v":"ciclo"},{"$i":"accessibility-hidden","$v":"agochado"},{"$i":"accessibility-tabLoading","$v":"cargando"},{"$i":"accessibility-tabLoaded","$v":"cargada"},{"$i":"accessibility-tabNew","$v":"nova lapela"},{"$i":"accessibility-tabLoadStopped","$v":"detívose a carga"},{"$i":"accessibility-tabReload","$v":"recargando"},{"$i":"accessibility-stateChecked","$v":"marcado"},{"$i":"accessibility-stateNotChecked","$v":"sen comprobar"},{"$i":"accessibility-statePressed","$v":"premido"},{"$i":"accessibility-stateExpanded","$v":"expandido"},{"$i":"accessibility-stateCollapsed","$v":"contraído"},{"$i":"accessibility-stateUnavailable","$v":"non dispoñíbel"},{"$i":"accessibility-stateRequired","$v":"requirido"},{"$i":"accessibility-stateTraversed","$v":"visitado"},{"$i":"accessibility-stateHasPopup","$v":"has pop up"},{"$i":"accessibility-stateSelected","$v":"seleccionado"},{"$i":"accessibility-editingMode","$v":"edición"},{"$i":"accessibility-navigationMode","$v":"navegación"},{"$i":"accessibility-quicknav_Simple","$v":"Predeterminado"},{"$i":"accessibility-quicknav_Anchor","$v":"Áncoras"},{"$i":"accessibility-quicknav_Button","$v":"Botóns"},{"$i":"accessibility-quicknav_Combobox","$v":"Caixas de combinación"},{"$i":"accessibility-quicknav_Landmark","$v":"Puntos de referencia"},{"$i":"accessibility-quicknav_Entry","$v":"Entradas"},{"$i":"accessibility-quicknav_FormElement","$v":"Elementos do formulario"},{"$i":"accessibility-quicknav_Graphic","$v":"Imaxes"},{"$i":"accessibility-quicknav_Heading","$v":"Títulos"},{"$i":"accessibility-quicknav_ListItem","$v":"Elementos da lista"},{"$i":"accessibility-quicknav_Link","$v":"Ligazóns"},{"$i":"accessibility-quicknav_List","$v":"Listas"},{"$i":"accessibility-quicknav_PageTab","$v":"Lapelas da páxina"},{"$i":"accessibility-quicknav_RadioButton","$v":"Botóns de opción"},{"$i":"accessibility-quicknav_Separator","$v":"Separadores"},{"$i":"accessibility-quicknav_Table","$v":"Táboas"},{"$i":"accessibility-quicknav_Checkbox","$v":"Caixas de verificación"},{"$i":"accessibility-menubarAbbr","$v":"barra de menú"},{"$i":"accessibility-scrollbarAbbr","$v":"barra de desprazamento"},{"$i":"accessibility-gripAbbr","$v":"tirador"},{"$i":"accessibility-alertAbbr","$v":"alerta"},{"$i":"accessibility-menupopupAbbr","$v":"menú emerxente"},{"$i":"accessibility-documentAbbr","$v":"documento"},{"$i":"accessibility-paneAbbr","$v":"panel"},{"$i":"accessibility-dialogAbbr","$v":"diálogo"},{"$i":"accessibility-separatorAbbr","$v":"separador"},{"$i":"accessibility-toolbarAbbr","$v":"barra de ferramentas"},{"$i":"accessibility-statusbarAbbr","$v":"barra de estado"},{"$i":"accessibility-tableAbbr","$v":"táboa"},{"$i":"accessibility-columnheaderAbbr","$v":"cabeceira da columna"},{"$i":"accessibility-rowheaderAbbr","$v":"cabeceira da fila"},{"$i":"accessibility-columnAbbr","$v":"columna"},{"$i":"accessibility-rowAbbr","$v":"fila"},{"$i":"accessibility-cellAbbr","$v":"cela"},{"$i":"accessibility-linkAbbr","$v":"lgzn"},{"$i":"accessibility-listAbbr","$v":"lista"},{"$i":"accessibility-listitemAbbr","$v":"elemento da lista"},{"$i":"accessibility-outlineAbbr","$v":"esquema"},{"$i":"accessibility-outlineitemAbbr","$v":"elemento do esquema"},{"$i":"accessibility-pagetabAbbr","$v":"lapela"},{"$i":"accessibility-propertypageAbbr","$v":"páxina de propiedades"},{"$i":"accessibility-graphicAbbr","$v":"gráfico"},{"$i":"accessibility-pushbuttonAbbr","$v":"btn"},{"$i":"accessibility-checkbuttonAbbr","$v":"caixa de verificación"},{"$i":"accessibility-radiobuttonAbbr","$v":"botón de opción"},{"$i":"accessibility-comboboxAbbr","$v":"caixa de combinación"},{"$i":"accessibility-progressbarAbbr","$v":"barra de progreso"},{"$i":"accessibility-sliderAbbr","$v":"control desprazábel"},{"$i":"accessibility-spinbuttonAbbr","$v":"botón xiratorio"},{"$i":"accessibility-diagramAbbr","$v":"diagrama"},{"$i":"accessibility-animationAbbr","$v":"animación"},{"$i":"accessibility-equationAbbr","$v":"ecuación"},{"$i":"accessibility-buttonmenuAbbr","$v":"botón de menú"},{"$i":"accessibility-whitespaceAbbr","$v":"espazo en branco"},{"$i":"accessibility-pagetablistAbbr","$v":"lista de lapelas"},{"$i":"accessibility-canvasAbbr","$v":"lenzo"},{"$i":"accessibility-checkmenuitemAbbr","$v":"elemento de menú de verificación"},{"$i":"accessibility-labelAbbr","$v":"etiqueta"},{"$i":"accessibility-passwordtextAbbr","$v":"texto contrasinal"},{"$i":"accessibility-radiomenuitemAbbr","$v":"elemento do menú de opcións"},{"$i":"accessibility-textcontainerAbbr","$v":"contedor de texto"},{"$i":"accessibility-togglebuttonAbbr","$v":"botón de estado"},{"$i":"accessibility-treetableAbbr","$v":"táboa en árbore"},{"$i":"accessibility-headerAbbr","$v":"cabeceira"},{"$i":"accessibility-footerAbbr","$v":"pé de páxina"},{"$i":"accessibility-paragraphAbbr","$v":"parágrafo"},{"$i":"accessibility-entryAbbr","$v":"entrada"},{"$i":"accessibility-captionAbbr","$v":"lenda"},{"$i":"accessibility-headingAbbr","$v":"título"},{"$i":"accessibility-sectionAbbr","$v":"sección"},{"$i":"accessibility-formAbbr","$v":"formulario"},{"$i":"accessibility-comboboxlistAbbr","$v":"lista da caixa de combinación"},{"$i":"accessibility-comboboxoptionAbbr","$v":"opción da caixa de combinación"},{"$i":"accessibility-imagemapAbbr","$v":"mapa imaxe"},{"$i":"accessibility-listboxoptionAbbr","$v":"opción"},{"$i":"accessibility-listboxAbbr","$v":"caixa de lista"},{"$i":"accessibility-flatequationAbbr","$v":"ecuación"},{"$i":"accessibility-gridcellAbbr","$v":"grade de celas"},{"$i":"accessibility-noteAbbr","$v":"nota"},{"$i":"accessibility-figureAbbr","$v":"fig"},{"$i":"accessibility-definitionlistAbbr","$v":"Lista de definición"},{"$i":"accessibility-termAbbr","$v":"termo"},{"$i":"accessibility-definitionAbbr","$v":"definición"},{"$i":"accessibility-textareaAbbr","$v":"área texto"},{"$i":"accessibility-tblColumnInfoAbbr","$v":{"one":[{"t":"idOrVar","v":"count"},"c"],"two":[{"t":"idOrVar","v":"count"},"c"],"few":[{"t":"idOrVar","v":"count"},"c"],"many":[{"t":"idOrVar","v":"count"},"c"],"other":[{"t":"idOrVar","v":"count"},"c"]},"$x":[{"t":"idOrVar","v":"plural"},"count"]},{"$i":"accessibility-tblRowInfoAbbr","$v":{"one":[{"t":"idOrVar","v":"count"},"f"],"two":[{"t":"idOrVar","v":"count"},"f"],"few":[{"t":"idOrVar","v":"count"},"f"],"many":[{"t":"idOrVar","v":"count"},"f"],"other":[{"t":"idOrVar","v":"count"},"f"]},"$x":[{"t":"idOrVar","v":"plural"},"count"]},{"$i":"accessibility-cellInfoAbbr","$v":["c",{"t":"idOrVar","v":"0"},"f",{"t":"idOrVar","v":"1"}]},{"$i":"accessibility-stateCheckedAbbr","$v":"(x)"},{"$i":"accessibility-stateUncheckedAbbr","$v":"( )"},{"$i":"accessibility-statePressedAbbr","$v":"(x)"},{"$i":"accessibility-stateUnpressedAbbr","$v":"( )"},{"$i":"accessibility-pushbutton-hint","$v":"Double tap to activate"},{"$i":"accessibility-checkbutton-hint","$v":"Double tap to activate"},{"$i":"accessibility-combobox-hint","$v":"Double tap to activate"},{"$i":"accessibility-key-hint","$v":"Prese and hold to activate"},{"$i":"accessibility-link-hint","$v":"Double tap to activate"},{"$i":"accessibility-menuitem-hint","$v":"Double tap to activate"},{"$i":"accessibility-option-hint","$v":"Double tap to activate"},{"$i":"accessibility-radiobutton-hint","$v":"Double tap to activate"},{"$i":"accessibility-slider-hint","$v":"Swipe up to increase or down to decrease"},{"$i":"accessibility-spinbutton-hint","$v":"Swipe up to increase or down to decrease"},{"$i":"accessibility-pagetab-hint","$v":"Double tap to activate"},{"$i":"accessibility-entry-hint","$v":"Double tap to activate"},{"$i":"accessibility-outlineitem-hint","$v":"Double tap to activate"},{"$i":"weekday-0-long","$v":"Domingo"},{"$i":"weekday-1-long","$v":"Luns"},{"$i":"weekday-2-long","$v":"Martes"},{"$i":"weekday-3-long","$v":"Mércores"},{"$i":"weekday-4-long","$v":"Xoves"},{"$i":"weekday-5-long","$v":"Venres"},{"$i":"weekday-6-long","$v":"Sábado"},{"$i":"weekday-0-short","$v":"Dom"},{"$i":"weekday-1-short","$v":"Lun"},{"$i":"weekday-2-short","$v":"Mar"},{"$i":"weekday-3-short","$v":"Mer"},{"$i":"weekday-4-short","$v":"Xov"},{"$i":"weekday-5-short","$v":"Ven"},{"$i":"weekday-6-short","$v":"Sab"},{"$i":"month-0-long","$v":"Xaneiro"},{"$i":"month-1-long","$v":"Febreiro"},{"$i":"month-2-long","$v":"Marzo"},{"$i":"month-3-long","$v":"Abril"},{"$i":"month-4-long","$v":"Maio"},{"$i":"month-5-long","$v":"Xuño"},{"$i":"month-6-long","$v":"Xullo"},{"$i":"month-7-long","$v":"Agosto"},{"$i":"month-8-long","$v":"Setembro"},{"$i":"month-9-long","$v":"Outubro"},{"$i":"month-10-long","$v":"Novembro"},{"$i":"month-11-long","$v":"Decembro"},{"$i":"month-0-genitive","$v":"Xaneiro"},{"$i":"month-1-genitive","$v":"Febreiro"},{"$i":"month-2-genitive","$v":"Marzo"},{"$i":"month-3-genitive","$v":"Abril"},{"$i":"month-4-genitive","$v":"Maio"},{"$i":"month-5-genitive","$v":"Xuño"},{"$i":"month-6-genitive","$v":"Xullo"},{"$i":"month-7-genitive","$v":"Agosto"},{"$i":"month-8-genitive","$v":"Setembro"},{"$i":"month-9-genitive","$v":"Outubro"},{"$i":"month-10-genitive","$v":"Novembro"},{"$i":"month-11-genitive","$v":"Decembro"},{"$i":"month-0-short","$v":"Xan"},{"$i":"month-1-short","$v":"Feb"},{"$i":"month-2-short","$v":"Mar"},{"$i":"month-3-short","$v":"Abr"},{"$i":"month-4-short","$v":"Maio"},{"$i":"month-5-short","$v":"Xun"},{"$i":"month-6-short","$v":"Xul"},{"$i":"month-7-short","$v":"Ago"},{"$i":"month-8-short","$v":"Set"},{"$i":"month-9-short","$v":"Out"},{"$i":"month-10-short","$v":"Nov"},{"$i":"month-11-short","$v":"Dec"},{"$i":"minutes-ago-long","$v":{"zero":"xusto agora","one":"hai un minuto","two":["hai ",{"t":"idOrVar","v":"value"}," minutos"],"few":["hai ",{"t":"idOrVar","v":"value"}," minutos"],"many":["hai ",{"t":"idOrVar","v":"value"}," minutos"],"other":["hai ",{"t":"idOrVar","v":"value"}," minutos"]},"$x":[{"t":"idOrVar","v":"plural"},"value"]},{"$i":"hours-ago-long","$v":{"zero":"xusto agora","one":"hai unha hora","two":["hai ",{"t":"idOrVar","v":"value"}," horas"],"few":["hai ",{"t":"idOrVar","v":"value"}," horas"],"many":["hai ",{"t":"idOrVar","v":"value"}," horas"],"other":["hai ",{"t":"idOrVar","v":"value"}," horas"]},"$x":[{"t":"idOrVar","v":"plural"},"value"]},{"$i":"days-ago-long","$v":{"zero":"hoxe","one":"onte","two":["hai ",{"t":"idOrVar","v":"value"}," días"],"few":["hai ",{"t":"idOrVar","v":"value"}," días"],"many":["hai ",{"t":"idOrVar","v":"value"}," días"],"other":["hai ",{"t":"idOrVar","v":"value"}," días"]},"$x":[{"t":"idOrVar","v":"plural"},"value"]},{"$i":"weeks-ago-long","$v":{"zero":"esta semana","one":"a semana pasada","two":["hai ",{"t":"idOrVar","v":"value"}," semanas"],"few":["hai ",{"t":"idOrVar","v":"value"}," semanas"],"many":["hai ",{"t":"idOrVar","v":"value"}," semanas"],"other":["hai ",{"t":"idOrVar","v":"value"}," semanas"]},"$x":[{"t":"idOrVar","v":"plural"},"value"]},{"$i":"months-ago-long","$v":{"zero":"Este mes","one":"o mes pasado","two":["hai ",{"t":"idOrVar","v":"value"}," meses"],"few":["hai ",{"t":"idOrVar","v":"value"}," meses"],"many":["hai ",{"t":"idOrVar","v":"value"}," meses"],"other":["hai ",{"t":"idOrVar","v":"value"}," meses"]},"$x":[{"t":"idOrVar","v":"plural"},"value"]},{"$i":"years-ago-long","$v":{"zero":"este ano","one":"o ano pasado","two":["hai ",{"t":"idOrVar","v":"value"}," anos"],"few":["hai ",{"t":"idOrVar","v":"value"}," anos"],"many":["hai ",{"t":"idOrVar","v":"value"}," anos"],"other":["hai ",{"t":"idOrVar","v":"value"}," anos"]},"$x":[{"t":"idOrVar","v":"plural"},"value"]},{"$i":"minutes-until-long","$v":{"zero":"agora","one":"nun minuto","two":["en ",{"t":"idOrVar","v":"value"}," minutos"],"few":["en ",{"t":"idOrVar","v":"value"}," minutos"],"many":["en ",{"t":"idOrVar","v":"value"}," minutos"],"other":["en ",{"t":"idOrVar","v":"value"}," minutos"]},"$x":[{"t":"idOrVar","v":"plural"},"value"]},{"$i":"hours-until-long","$v":{"zero":"agora","one":"nunha hora","two":["en ",{"t":"idOrVar","v":"value"}," horas"],"few":["en ",{"t":"idOrVar","v":"value"}," horas"],"many":["en ",{"t":"idOrVar","v":"value"}," horas"],"other":["en ",{"t":"idOrVar","v":"value"}," horas"]},"$x":[{"t":"idOrVar","v":"plural"},"value"]},{"$i":"days-until-long","$v":{"zero":"hoxe","one":"mañá","two":["en ",{"t":"idOrVar","v":"value"}," días"],"few":["en ",{"t":"idOrVar","v":"value"}," días"],"many":["en ",{"t":"idOrVar","v":"value"}," días"],"other":["en ",{"t":"idOrVar","v":"value"}," días"]},"$x":[{"t":"idOrVar","v":"plural"},"value"]},{"$i":"weeks-until-long","$v":{"zero":"esta semana","one":"a semana que ven","two":["en ",{"t":"idOrVar","v":"value"}," semanas"],"few":["en ",{"t":"idOrVar","v":"value"}," semanas"],"many":["en ",{"t":"idOrVar","v":"value"}," semanas"],"other":["en ",{"t":"idOrVar","v":"value"}," semanas"]},"$x":[{"t":"idOrVar","v":"plural"},"value"]},{"$i":"months-until-long","$v":{"zero":"Este mes","one":"o mes que ven","two":["en ",{"t":"idOrVar","v":"value"}," meses"],"few":["en ",{"t":"idOrVar","v":"value"}," meses"],"many":["en ",{"t":"idOrVar","v":"value"}," meses"],"other":["en ",{"t":"idOrVar","v":"value"}," meses"]},"$x":[{"t":"idOrVar","v":"plural"},"value"]},{"$i":"years-until-long","$v":{"zero":"este ano","one":"o ano que ven","two":["en ",{"t":"idOrVar","v":"value"}," anos"],"few":["en ",{"t":"idOrVar","v":"value"}," anos"],"many":["en ",{"t":"idOrVar","v":"value"}," anos"],"other":["en ",{"t":"idOrVar","v":"value"}," anos"]},"$x":[{"t":"idOrVar","v":"plural"},"value"]},{"$i":"minutes-ago-short","$v":{"zero":"xusto agora","other":["hai ",{"t":"idOrVar","v":"value"},"min"]},"$x":[{"t":"idOrVar","v":"plural"},"value"]},{"$i":"hours-ago-short","$v":{"zero":"xusto agora","other":["hai ",{"t":"idOrVar","v":"value"},"h"]},"$x":[{"t":"idOrVar","v":"plural"},"value"]},{"$i":"days-ago-short","$v":{"zero":"hoxe","other":["hai ",{"t":"idOrVar","v":"value"},"d"]},"$x":[{"t":"idOrVar","v":"plural"},"value"]},{"$i":"minutes-until-short","$v":{"zero":"agora","other":["en ",{"t":"idOrVar","v":"value"},"min"]},"$x":[{"t":"idOrVar","v":"plural"},"value"]},{"$i":"hours-until-short","$v":{"zero":"agora","other":["en ",{"t":"idOrVar","v":"value"},"h"]},"$x":[{"t":"idOrVar","v":"plural"},"value"]},{"$i":"days-until-short","$v":{"zero":"hoxe","other":["en ",{"t":"idOrVar","v":"value"},"d"]},"$x":[{"t":"idOrVar","v":"plural"},"value"]},{"$i":"incorrectDate","$v":"(data incorrecta)"},{"$i":"dateTimeFormat_%c","$v":"%a, %e de %b, %Y %H:%M:%S"},{"$i":"dateTimeFormat_%x","$v":"%d/%m/%Y"},{"$i":"dateTimeFormat_%X","$v":"%H:%M:%S"},{"$i":"shortTimeFormat","$v":"%H:%M"},{"$i":"shortTimeFormat12","$v":"%H:%M"},{"$i":"shortTimeFormat24","$v":"%H:%M"},{"$i":"shortDateTimeFormat","$v":"%x %H:%M %p"},{"$i":"weekStartsOnMonday","$v":"1"},{"$i":"firstDayOfTheWeek","$v":"0"},{"$i":"time_am","$v":"AM"},{"$i":"time_pm","$v":"PM"},{"$i":"title-app","$v":"Permisos aplicativos"},{"$i":"title-web","$v":"Permisos sitios web"},{"$i":"title-cam","$v":"Seleccionar cámara"},{"$i":"perm-alarms","$v":"Programar alarmas"},{"$i":"perm-audio-capture","$v":"Micrófono"},{"$i":"perm-audio-capture-appRequest","$v":["Desexa compartir o micrófono co aplicativo ",{"t":"idOrVar","v":"app"},"?"]},{"$i":"perm-audio-capture-webRequest","$v":["Desexa compartir o micrófono con ",{"t":"idOrVar","v":"site"},"?"]},{"$i":"perm-audio-channel-content","$v":"Reproducir sons"},{"$i":"perm-audio-channel-notification","$v":"Reproducir sons de notificación"},{"$i":"perm-audio-channel-ringer","$v":"Reproducir sons de tons"},{"$i":"perm-background-sensors","$v":"Acceso aos datos do sensor"},{"$i":"perm-bluetooth","$v":"Bluetooth"},{"$i":"perm-browser","$v":"Inspeccionar páxinas web"},{"$i":"perm-camera","$v":"Cámaras"},{"$i":"perm-camera-selector-appRequest","$v":["Seleccionar unha cámara para ",{"t":"idOrVar","v":"app"},"."]},{"$i":"perm-camera-selector-webRequest","$v":["Seleccionar unha cámara para ",{"t":"idOrVar","v":"site"},"."]},{"$i":"perm-cellbroadcast","$v":"Difusión móbil"},{"$i":"perm-contacts","$v":"Contactos"},{"$i":"perm-contacts-appRequest","$v":["O aplicativo ",{"t":"idOrVar","v":"app"}," quere acceder a súa lista de contactos."]},{"$i":"perm-contacts-webRequest","$v":[{"t":"idOrVar","v":"site"}," quere acceder a súa lista de contactos."]},{"$i":"perm-desktop-notification","$v":"Notificacións"},{"$i":"perm-desktop-notification-appRequest","$v":["O aplicativo ",{"t":"idOrVar","v":"app"}," quere amosar notificacións."]},{"$i":"perm-desktop-notification-webRequest","$v":[{"t":"idOrVar","v":"site"}," quere amosar notificacións."]},{"$i":"perm-device-storage-apps","$v":"Almacenamento de aplicativos"},{"$i":"perm-device-storage-music","$v":"Almacenamento de música"},{"$i":"perm-device-storage-music-appRequest","$v":["O aplicativo ",{"t":"idOrVar","v":"app"}," quere acceder a súa música."]},{"$i":"perm-device-storage-music-webRequest","$v":[{"t":"idOrVar","v":"site"}," quere acceder a súa música."]},{"$i":"perm-device-storage-pictures","$v":"Almacenamento de imaxes"},{"$i":"perm-device-storage-pictures-appRequest","$v":["O aplicativo",{"t":"idOrVar","v":"app"}," quere acceder as súas imaxes."]},{"$i":"perm-device-storage-pictures-webRequest","$v":[{"t":"idOrVar","v":"site"}," quere acceder as súas imaxes."]},{"$i":"perm-device-storage-sdcard","$v":"Almacenamento da tarxeta de memoria"},{"$i":"perm-device-storage-sdcard-appRequest","$v":["O aplicativo ",{"t":"idOrVar","v":"app"}," quere acceder a súa tarxeta de memoria."]},{"$i":"perm-device-storage-sdcard-webRequest","$v":[{"t":"idOrVar","v":"site"}," quere acceder a súa tarxeta de memoria."]},{"$i":"perm-device-storage-videos","$v":"Almacenamento de vídeos"},{"$i":"perm-device-storage-videos-appRequest","$v":["O aplicativo",{"t":"idOrVar","v":"app"}," quere acceder os seus vídeos."]},{"$i":"perm-device-storage-videos-webRequest","$v":[{"t":"idOrVar","v":"site"}," quere acceder os seus vídeos."]},{"$i":"perm-embed-apps","$v":"Incrustar aplicativos"},{"$i":"perm-fmradio","$v":"Radio FM"},{"$i":"perm-fmradio-appRequest","$v":["O aplicativo ",{"t":"idOrVar","v":"app"}," quere usar a radio FM."]},{"$i":"perm-fmradio-webRequest","$v":[{"t":"idOrVar","v":"site"}," quere usar a radio FM."]},{"$i":"perm-geolocation","$v":"Xeolocalización"},{"$i":"perm-geolocation-appRequest","$v":["O aplicativo ",{"t":"idOrVar","v":"app"}," quere coñecer a súa localización."]},{"$i":"perm-geolocation-more-info","$v":[{"t":"idOrVar","v":"brandShortName"}," usa os datos do GPS, Wi-Fi e de antenas de telefonía móbil que o rodean para determinar a súa localización aproximada. Os datos envíanse a Mozilla e a outros fornecedores de servizos e agrúpanse para mellorar a precisión das bases de datos de localización. Os datos almacénanse no seu dispositivo e poden recollerse incluso cando non se executa ningún aplicativo."]},{"$i":"perm-geolocation-webRequest","$v":[{"t":"idOrVar","v":"site"}," quere coñecer a súa localización."]},{"$i":"perm-idle","$v":"Ver estado inactivo"},{"$i":"perm-indexedDB-chrome-settings","$v":"IndexedDB privilexiado"},{"$i":"perm-indexedDB-unlimited","$v":"Almacenamento IndexedDB ilimitado"},{"$i":"perm-input-manage","$v":"Xestionar teclados"},{"$i":"perm-input","$v":"Comportase como un teclado"},{"$i":"perm-media-capture","$v":"Cámara e micrófono"},{"$i":"perm-media-capture-appRequest","$v":["Desexa compartir a cámara e o micrófono co aplicativo ",{"t":"idOrVar","v":"app"},"?"]},{"$i":"perm-media-capture-webRequest","$v":["Desexa compartir a cámara e o micrófono con ",{"t":"idOrVar","v":"site"},"?"]},{"$i":"perm-mobileconnection","$v":"Conexión móbil"},{"$i":"perm-mobileid","$v":"Identidade móbil"},{"$i":"perm-network-events","$v":"Eventos de rede"},{"$i":"perm-open-remote-window","$v":"Iniciar un aplicativo"},{"$i":"perm-permissions","$v":"Modificar os permisos dos aplicativos"},{"$i":"perm-power","$v":"Axustes de enerxía"},{"$i":"perm-settings","$v":"Modificar os axustes"},{"$i":"perm-systemXHR","$v":"Solicitudes Cross-Origin"},{"$i":"perm-telephony","$v":"Telefonía"},{"$i":"perm-video-capture","$v":"Cámara"},{"$i":"perm-video-capture-appRequest","$v":["Desexa compartir a cámara co aplicativo ",{"t":"idOrVar","v":"app"},"?"]},{"$i":"perm-video-capture-webRequest","$v":["Desexa compartir a cámara con ",{"t":"idOrVar","v":"site"},"?"]},{"$i":"perm-voicemail","$v":"Controlar mensaxes de voz"},{"$i":"perm-webapps-manage","$v":"Instalar aplicativos web"},{"$i":"perm-wifi-manage","$v":"Xestionar Wi-Fi"},{"$i":"perm-attention","$v":"Abrir xanelas superpostas"},{"$i":"perm-audio-channel-alarm","$v":"Reproducir sons de alarma"},{"$i":"perm-audio-channel-normal","$v":"Reproducir sons"},{"$i":"perm-audio-channel-publicnotification","$v":"Reproducir sons de notificación pública"},{"$i":"perm-audio-channel-telephony","$v":"Reproducir sons telefónicos"},{"$i":"perm-backgroundservice","$v":"Comportarse como un servizo en segundo plano"},{"$i":"perm-device-storage-crashes","$v":"Almacenamento de datos de erros"},{"$i":"perm-downloads","$v":"Acceso ás descargas"},{"$i":"perm-embed-widgets","$v":"Incrustar trebellos"},{"$i":"perm-feature-detection","$v":"Detección de funcionalidades"},{"$i":"perm-firefox-accounts","$v":"Contas Firefox"},{"$i":"perm-mobilenetwork","$v":"Rede móbil"},{"$i":"perm-moz-attention","$v":"Abrir xanelas superpostas (moz)"},{"$i":"perm-moz-audio-channel-ringer","$v":"Reproducir sons de tons (moz)"},{"$i":"perm-moz-audio-channel-telephony","$v":"Reproducir sons telefónicos (moz)"},{"$i":"perm-moz-firefox-accounts","$v":"Contas Firefox (moz)"},{"$i":"perm-networkstats-manage","$v":"Controlar estatísticas de consumo"},{"$i":"perm-nfc","$v":"NFC"},{"$i":"perm-nfc-hci-events","$v":"Eventos NFC HCI"},{"$i":"perm-nfc-manager","$v":"Xestionar NFC"},{"$i":"perm-phonenumberservice","$v":"Servizo número de teléfono"},{"$i":"perm-push","$v":"API Push"},{"$i":"perm-resourcestats-manage","$v":"Estatísticas do recurso"},{"$i":"perm-sms","$v":"Enviar e ler SMS"},{"$i":"perm-speaker-control","$v":"Controlar volume"},{"$i":"perm-storage","$v":"Acceso á memoria"},{"$i":"perm-tcp-socket","$v":"Sóckets TCP"},{"$i":"perm-test-permission","$v":"Permisos de proba"},{"$i":"perm-time","$v":"Estabelecer data e hora"},{"$i":"perm-udp-socket","$v":"Sóckets UDP"},{"$i":"perm-wappush","$v":"Push WAP"},{"$i":"stopped_download_title","$v":"Detívose a descarga"},{"$i":"stopped_download_message","$v":"Detívose a descarga. Desexa reiniciar a descarga?"},{"$i":"stopped_download_left_button","$v":"Cancelar"},{"$i":"stopped_download_right_button","$v":"Tentar de novo"},{"$i":"failed_download_title","$v":"Fallou a descarga"},{"$i":"failed_download_message","$v":["Fallou a descarga de ",{"t":"idOrVar","v":"name"},". Desexa reiniciar a descarga?"]},{"$i":"failed_download_left_button","$v":"Cancelar"},{"$i":"failed_download_right_button","$v":"Tentar de novo"},{"$i":"stop_download_title","$v":"Deter a descarga"},{"$i":"stop_download_message","$v":"Confirma que quere deter a descarga?"},{"$i":"stop_download_left_button","$v":"Non"},{"$i":"stop_download_right_button","$v":"Si"},{"$i":"delete_download_title","$v":"Eliminar"},{"$i":"delete_download_message","$v":["Eliminar ",{"t":"idOrVar","v":"name"},"?"]},{"$i":"delete_download_left_button","$v":"Cancelar"},{"$i":"delete_download_right_button","$v":"Eliminar"},{"$i":"delete_all_download_title","$v":"Eliminar"},{"$i":"delete_all_download_left_button","$v":"Cancelar"},{"$i":"delete_all_download_right_button","$v":"Eliminar"},{"$i":"delete_all_download_message","$v":{"zero":"Non eliminar calquera ficheiro?","one":"Eliminar un ficheiro?","two":["Eliminar ",{"t":"idOrVar","v":"number"}," ficheiros?"],"few":["Eliminar ",{"t":"idOrVar","v":"number"}," ficheiros?"],"many":["Eliminar ",{"t":"idOrVar","v":"number"}," ficheiros?"],"other":["Eliminar ",{"t":"idOrVar","v":"number"}," ficheiros?"]},"$x":[{"t":"idOrVar","v":"plural"},"number"]},{"$i":"unsupported_file_type_download_title","$v":"Foi imposíbel abrir"},{"$i":"unsupported_file_type_download_message","$v":["Non hai un aplicativo que pode abrir ",{"t":"idOrVar","v":"name"},". Desexa gardar o ficheiro ou eliminalo?"]},{"$i":"unsupported_file_type_download_left_button","$v":"Manter ficheiro"},{"$i":"unsupported_file_type_download_right_button","$v":"Eliminar"},{"$i":"file_not_found_download_title","$v":"Non se atopou o ficheiro"},{"$i":"file_not_found_download_message","$v":"Non se atopou o ficheiro no dispositivo"},{"$i":"file_not_found_download_right_button","$v":"Aceptar"},{"$i":"unmounted_sdcard_2_download_title","$v":"Tarxeta de memoria en uso"},{"$i":"unmounted_sdcard_2_download_message","$v":"Desconecte o teléfono"},{"$i":"unmounted_sdcard_2_download_right_button","$v":"Aceptar"},{"$i":"no_provider_download_title","$v":"Foi imposíbel compartir"},{"$i":"no_provider_download_message","$v":"Non se atoparon fornecedores"},{"$i":"no_provider_download_right_button","$v":"Aceptar"},{"$i":"no_memory_download_title","$v":"Tarxeta SD chea"},{"$i":"no_memory_download_message","$v":"Non hai máis espazo na súa tarxeta SD para gardar a descarga. Retire algúns ficheiros antes de reiniciar a descarga."},{"$i":"no_memory_download_right_button","$v":"Aceptar"},{"$i":"no_sdcard_found_2_download_title","$v":"Non se atopou a tarxeta de memoria"},{"$i":"no_sdcard_found_2_download_message","$v":"Insira unha tarxeta de memoria ou seleccione unha localización alternativa predeterminada para o medios nos axustes"},{"$i":"no_sdcard_found_2_download_right_button","$v":"Aceptar"},{"$i":"file_open_error_download_title","$v":"Foi imposíbel abrir"},{"$i":"file_open_error_download_message","$v":["Produciuse un problema abrindo ",{"t":"idOrVar","v":"name"},". Desexa gardar o ficheiro ou eliminalo?"]},{"$i":"file_open_error_download_left_button","$v":"Manter ficheiro"},{"$i":"file_open_error_download_right_button","$v":"Eliminar"},{"$i":"restart_download_error","$v":"Produciuse un erro ao reiniciar a descarga. Tente descargar de novo."},{"$i":"no-downloads","$v":"Sen descargas"},{"$i":"percentage","$v":[{"t":"idOrVar","v":"percentage"}," %"]},{"$i":"partialResult","$v":[{"t":"idOrVar","v":"partial"}," de ",{"t":"idOrVar","v":"total"}]},{"$i":"summary","$v":[{"t":"idOrVar","v":"date"}," - ",{"t":"idOrVar","v":"status"}]},{"$i":"download-stopped","$v":"Detido"},{"$i":"download-failed","$v":"Fallou a descarga"},{"$i":"open_downloaded_file","$v":"Abrir"},{"$i":"share_downloaded_file","$v":"Compartir"},{"$i":"wallpaper_downloaded_file","$v":"Estabelecer como fondo"},{"$i":"ringtone_downloaded_file","$v":"Estabelecer como ton"},{"$i":"cancel_downloaded_file","$v":"Cancelar"},{"$i":"voicemailNoNumberTitle","$v":"O número do correo de voz non está dispoñíbel"},{"$i":"voicemailNoNumberText","$v":"Imposíbel chamar ao correo de voz. Configure o número do correo de voz para efectuar a chamada."},{"$i":"voicemailNoNumberSettings","$v":"Axustes"},{"$i":"voicemailNoNumberCancel","$v":"Cancelar"},{"$i":"airplaneMode","$v":"Modo avión"},{"$i":"searching","$v":"Buscando…"},{"$i":"noNetwork","$v":"Sen rede"},{"$i":"roaming","$v":[{"t":"idOrVar","v":"operator"}," (Itinerancia)"]},{"$i":"operator-info","$v":[{"t":"idOrVar","v":"carrier"}," ",{"t":"idOrVar","v":"region"}]},{"$i":"emergencyCallsOnly-unknownSIMState","$v":"(estado da SIM descoñecido)"},{"$i":"emergencyCallsOnly-noSIM","$v":"(sen SIM)"},{"$i":"emergencyCallsOnly-pinRequired","$v":"(requírese o PIN da SIM)"},{"$i":"emergencyCallsOnly-pukRequired","$v":"(requírese o PUK da SIM)"},{"$i":"emergencyCallsOnly-networkLocked","$v":"(bloqueo da rede)"},{"$i":"emergencyCallsOnly-serviceProviderLocked","$v":"(bloqueo da operadora))"},{"$i":"emergencyCallsOnly-corporateLocked","$v":"(bloqueo da empresa)"},{"$i":"emergencyCallsOnly-network1Locked","$v":"(bloqueo de network1)"},{"$i":"emergencyCallsOnly-network2Locked","$v":"(bloqueo de network2)"},{"$i":"emergencyCallsOnly-hrpdNetworkLocked","$v":"(bloqueo da rede hrpd)"},{"$i":"emergencyCallsOnly-ruimCorporateLocked","$v":"(bloqueo da empresa da ruim)"},{"$i":"emergencyCallsOnly-ruimServiceProviderLocked","$v":"(bloqueo da operadora da ruim)"},{"$i":"lockscreen-sim-id","$v":["SIM ",{"t":"idOrVar","v":"n"}]},{"$i":"charging-status-no-time","$v":[{"t":"idOrVar","v":"level"},"% Charged"]},{"$i":"charging-status-minutes","$v":{"zero":[{"t":"idOrVar","v":"level"},"% Charged (",{"t":"idOrVar","v":"minutes"}," mins remaining)"],"one":[{"t":"idOrVar","v":"level"},"% Charged (",{"t":"idOrVar","v":"minutes"}," min remaining)"],"two":[{"t":"idOrVar","v":"level"},"% Charged (",{"t":"idOrVar","v":"minutes"}," mins remaining)"],"few":[{"t":"idOrVar","v":"level"},"% Charged (",{"t":"idOrVar","v":"minutes"}," mins remaining)"],"many":[{"t":"idOrVar","v":"level"},"% Charged (",{"t":"idOrVar","v":"minutes"}," mins remaining)"],"other":[{"t":"idOrVar","v":"level"},"% Charged (",{"t":"idOrVar","v":"minutes"}," mins remaining)"]},"$x":[{"t":"idOrVar","v":"plural"},"minutes"]},{"$i":"charging-status-hours","$v":{"zero":[{"t":"idOrVar","v":"level"},"% Charged (",{"t":"idOrVar","v":"hours"},"h ",{"t":"idOrVar","v":"minutes"}," mins remaining)"],"one":[{"t":"idOrVar","v":"level"},"% Charged (",{"t":"idOrVar","v":"hours"},"h ",{"t":"idOrVar","v":"minutes"}," min remaining)"],"two":[{"t":"idOrVar","v":"level"},"% Charged (",{"t":"idOrVar","v":"hours"},"h ",{"t":"idOrVar","v":"minutes"}," mins remaining)"],"few":[{"t":"idOrVar","v":"level"},"% Charged (",{"t":"idOrVar","v":"hours"},"h ",{"t":"idOrVar","v":"minutes"}," mins remaining)"],"many":[{"t":"idOrVar","v":"level"},"% Charged (",{"t":"idOrVar","v":"hours"},"h ",{"t":"idOrVar","v":"minutes"}," mins remaining)"],"other":[{"t":"idOrVar","v":"level"},"% Charged (",{"t":"idOrVar","v":"hours"},"h ",{"t":"idOrVar","v":"minutes"}," mins remaining)"]},"$x":[{"t":"idOrVar","v":"plural"},"minutes"]},{"$i":"gaia-menu-cancel","$v":"Cancelar"}]