[{"$i":"share","$v":"Megosztás"},{"$i":"resend","$v":"Újraküldés"},{"$i":"connecting","$v":"Kapcsolódás"},{"$i":"verify","$v":"Ellenőrzés"},{"$i":"verifying","$v":"Ellenőrzés"},{"$i":"verified","$v":"Ellenőrizve"},{"$i":"mobileIDExplanation","$v":["A(z) ",{"t":"idOrVar","v":"app_name"}," szeretné ismerni és ellenőrizni a telefonszámot. Válassza ki, melyiket szeretné megosztani, vagy adjon meg egy újat."]},{"$i":"verificationCodeExplanation","$v":["Elküldtünk egy kódot ennek: ",{"t":"idOrVar","v":"phone_number"},". Megpróbáljuk automatikusan észlelni, de ha nincs használatban a készüléken, akkor saját kezűleg kell megadnia."]},{"$i":"successMessage","$v":["Nagyszerű! A(z) ",{"t":"idOrVar","v":"phone_number"}," szám mostantól ellenőrzött, és elérhető az ",{"t":"idOrVar","v":"app_name"}," számára."]},{"$i":"serverErrorMessage","$v":"Az ellenőrzési kiszolgáló most nem érhető el. Ellenőrizze internetkapcsolatát, próbálja újra, vagy várjon pár percet."},{"$i":"timeoutErrorMessage","$v":"Úgy tűnik, probléma van az ellenőrzési kóddal. Próbáljuk meg újra!"},{"$i":"errorTitle","$v":"Mobilazonosító"},{"$i":"ok","$v":"OK"},{"$i":"addPhoneNumber","$v":"Vagy vegye fel telefonszámát"},{"$i":"selectPhoneNumber","$v":"Vagy válasszon egy telefonszámot a listából"},{"$i":"firefox-accounts-title","$v":"Firefox fiókok"},{"$i":"fxa-next","$v":"Tovább"},{"$i":"fxa-back","$v":"Vissza"},{"$i":"fxa-done","$v":"Kész"},{"$i":"fxa-ok","$v":"OK"},{"$i":"fxa-connection-error-title","$v":"Nem lehet kapcsolódni"},{"$i":"fxa-connection-error-message","$v":"Létrehozhat egy fiókot, vagy bejelentkezhet a Beállítások appból."},{"$i":"fxa-reset-password-error-title","$v":"Jelszó visszaállítása"},{"$i":"fxa-reset-password-error-message","$v":"Visszaállíthatja jelszavát a Beállítások appból."},{"$i":"fxa-coppa-failure-error-title","$v":"Fiók létrehozása sikertelen"},{"$i":"fxa-coppa-failure-error-message","$v":["Meg kell felelnie bizonyos korkövetelményeknek a Firefox fiók létrehozásához. ",{"t":"idOrVar","v":"learnmore"}]},{"$i":"fxa-learn-more","$v":"További információk"},{"$i":"fxa-offline-error-title","$v":"Nem lehet kapcsolódni"},{"$i":"fxa-offline-error-message","$v":"Kapcsolódjon egy hálózathoz a Beállítások appból."},{"$i":"fxa-invalid-email-title","$v":"Hiba"},{"$i":"fxa-invalid-email-message","$v":"Adjon meg egy érvényes e-mail címet."},{"$i":"fxa-invalid-password-title","$v":"Érvénytelen jelszó"},{"$i":"fxa-invalid-password-message","$v":"Ellenőrizze jelszavát, és próbálja meg újra."},{"$i":"fxa-unknown-error-title","$v":"Nem lehet kapcsolódni"},{"$i":"fxa-unknown-error-message","$v":"A szolgáltatás nem érhető el, próbálja meg később."},{"$i":"fxa-connecting","$v":"Kapcsolódás"},{"$i":"fxa-enter-email-input","placeholder":"Adja meg az e-mail címét"},{"$i":"fxa-use-email-to-sign-in","$v":"Hozzon létre egy fiókot, vagy jelentkezzen be e-mail címével."},{"$i":"fxa-notice","$v":["A folytatással elfogadom a Firefox felhőszolgáltatások ",{"t":"idOrVar","v":"tos"}," és az ",{"t":"idOrVar","v":"pn"},"."]},{"$i":"fxa-tos","$v":"Felhasználási feltételeit"},{"$i":"fxa-pn","$v":"Adatvédelmi megjegyzést"},{"$i":"fxa-create-password-title","$v":"Jelszó létrehozása"},{"$i":"fxa-enter-password-title","$v":"Adja meg a jelszavát"},{"$i":"fxa-hello-user","$v":["Szia, ",{"t":"idOrVar","v":"email"},"!"]},{"$i":"fxa-password-refresh","$v":"A továbblépéshez adja meg a Firefox fiókja jelszavát."},{"$i":"fxa-password","placeholder":"Jelszó"},{"$i":"fxa-forgot-your-password","$v":"Elfelejtette a jelszavát?"},{"$i":"fxa-show-password","$v":"Jelszó megjelenítése"},{"$i":"fxa-password-length-requirement","$v":"Jelszavának legalább 8 karakter hosszúnak kell lennie."},{"$i":"fxa-success","$v":"Sikerült!"},{"$i":"fxa-ready-to-go","$v":"Firefox fiókja használatra készen áll!"},{"$i":"fxa-use-features","$v":"Most már hozzáférhet olyan funkciókhoz, mint az Eszközkereső és a Firefox Marketplace."},{"$i":"fxa-access-manage-account-settings","$v":"A későbbiekben a Beállítások appból érheti el és kezelheti fiókját."},{"$i":"fxa-confirm-account","$v":"Fiók megerősítése"},{"$i":"fxa-will-send-email","$v":["A levelet ide küldjük ki: ",{"t":"idOrVar","v":"email"}]},{"$i":"fxa-signup-click-verification-link-in-email","$v":"Nézze meg postafiókját, kattintson az ellenőrzési hivatkozásra, és erősítse meg Firefox fiókját."},{"$i":"fxa-age-verification","$v":"Korellenőrzés"},{"$i":"fxa-age-earlier","$v":[{"t":"idOrVar","v":"year"}," or earlier"]},{"$i":"fxa-year-of-birth","$v":"Születési év"},{"$i":"brandShortName","$v":"B2G OS"},{"$i":"browserBrandShortName","$v":"Web Browser"},{"$i":"browserBrandFullName","$v":"Mozilla Web Browser"},{"$i":"ringtoneBrandName","$v":"Default"},{"$i":"ringtoneSectionBrandName","$v":"System"},{"$i":"back","$v":"Vissza"},{"$i":"help","$v":"Súgó"},{"$i":"cancel","$v":"Mégse"},{"$i":"close","$v":"Bezárás"},{"$i":"skip","$v":"Kihagyás"},{"$i":"clear","ariaLabel":"Törlés"},{"$i":"enable","$v":"Enable"},{"$i":"turnOn","$v":"Turn On"},{"$i":"undo","ariaLabel":"Visszavonás"},{"$i":"enterPIN","$v":"Írja be a PIN-t"},{"$i":"mediaPlaybackTrack","ariaLabel":"Track title and artist"},{"$i":"mediaPlaybackControls","ariaLabel":"Lejátszóvezérlők"},{"$i":"mediaPlaybackPrevious","ariaLabel":"Előző"},{"$i":"mediaPlaybackPlay","ariaLabel":"Play"},{"$i":"mediaPlaybackPause","ariaLabel":"Pause"},{"$i":"mediaPlaybackNext","ariaLabel":"Tovább"},{"$i":"UnknownTrack","$v":"Ismeretlen szám"},{"$i":"wifiButton-on","$v":"Wi-Fi be"},{"$i":"wifiButton-on-initializing","$v":"Wi-Fi be, előkészítés"},{"$i":"wifiButton-off","$v":"Wi-Fi kikapcsolva"},{"$i":"dataButton-on","$v":["Adat ",{"t":"idOrVar","v":"type"}," be"]},{"$i":"dataButton-off","$v":["Adat ",{"t":"idOrVar","v":"type"}," ki"]},{"$i":"bluetoothButton-on","$v":"Bluetooth be"},{"$i":"bluetoothButton-on-initializing","$v":"Bluetooth be, előkészítés"},{"$i":"bluetoothButton-off","$v":"Bluetooth kikapcsolva"},{"$i":"airplaneMode-on","$v":"Repülő mód be"},{"$i":"airplaneMode-off","$v":"Repülő mód kikapcsolva"},{"$i":"settingsButton","ariaLabel":"Beállítások"},{"$i":"utilityTray","ariaLabel":"Segédeszköztár"},{"$i":"statusbarOperator","$v":[{"t":"idOrVar","v":"date"},", ",{"t":"idOrVar","v":"operator"}]},{"$i":"statusbarDateFormat","$v":"%b %e"},{"$i":"statusbar","ariaLabel":"Állapotsor"},{"$i":"statusbarBattery","ariaLabel":["Battery ",{"t":"idOrVar","v":"level"}," percent"]},{"$i":"statusbarBatteryCharging","ariaLabel":["Battery ",{"t":"idOrVar","v":"level"}," percent, charging"]},{"$i":"statusbarAirplaneMode","ariaLabel":"Airplane mode on"},{"$i":"statusbarWiFiConnecting","ariaLabel":"Wi-Fi: connecting"},{"$i":"statusbarWiFiConnected","ariaLabel":["Wi-Fi: ",{"t":"idOrVar","v":"level"}," of 4 bars"]},{"$i":"statusbarSignal","ariaLabel":[{"t":"idOrVar","v":"operator"}," network, ",{"t":"idOrVar","v":"level"}," of 5 bars"]},{"$i":"statusbarSignalRoaming","ariaLabel":[{"t":"idOrVar","v":"operator"}," network (roaming), ",{"t":"idOrVar","v":"level"}," of 5 bars"]},{"$i":"statusbarSignalNoneSearching","ariaLabel":"Searching… Emergency calls only"},{"$i":"emergencyCallsOnly","$v":"Csak segélyhívások"},{"$i":"statusbarSignalNoSimCard","ariaLabel":"No SIM card"},{"$i":"statusbarHeadphone","ariaLabel":"Headphones on"},{"$i":"statusbarBluetoothHeadphone","ariaLabel":"Bluetooth headphones on"},{"$i":"statusbarBluetoothTransfer","ariaLabel":"Bluetooth transfer active"},{"$i":"statusbarIconOn-tethering","ariaLabel":"Tethering on"},{"$i":"statusbarIconOnActive-tethering","ariaLabel":"Tethering on, active"},{"$i":"statusbarAlarm","ariaLabel":"Ébresztő be"},{"$i":"statusbarIconOn-bluetooth","ariaLabel":"Bluetooth on"},{"$i":"statusbarIconOnActive-bluetooth","ariaLabel":"Bluetooth on, active"},{"$i":"statusbarIconOn-mute","ariaLabel":"Mute on"},{"$i":"statusbarIconOn-vibration","ariaLabel":"Vibration on"},{"$i":"statusbarRecording","ariaLabel":"Rögzítés be"},{"$i":"statusbarGeolocation","ariaLabel":"Helymeghatározás be"},{"$i":"statusbarUsb","ariaLabel":"USB be"},{"$i":"statusbarCallForwarding","$v":"Call forwarding on"},{"$i":"statusbarPlaying","ariaLabel":"Médialejátszás"},{"$i":"statusbarNfc","ariaLabel":"NFC be"},{"$i":"statusbarDownload","ariaLabel":"Downloading…"},{"$i":"statusbarNetworkActivity","ariaLabel":"Hálózat be"},{"$i":"statusbarEmergencyCallback","ariaLabel":"Emergency callback"},{"$i":"statusbarNotifications","$v":{"one":[{"t":"idOrVar","v":"n"}," értesítés"],"two":[{"t":"idOrVar","v":"n"}," értesítés"],"few":[{"t":"idOrVar","v":"n"}," értesítés"],"many":[{"t":"idOrVar","v":"n"}," értesítés"],"other":[{"t":"idOrVar","v":"n"}," értesítés"]},"$x":[{"t":"idOrVar","v":"plural"},"n"]},{"$i":"statusbarNotifications-unread","ariaLabel":{"$x":[{"t":"idOrVar","v":"plural"},"n"],"$v":{"one":[{"t":"idOrVar","v":"n"}," unread notification"],"two":[{"t":"idOrVar","v":"n"}," unread notifications"],"few":[{"t":"idOrVar","v":"n"}," unread notifications"],"many":[{"t":"idOrVar","v":"n"}," unread notifications"],"other":[{"t":"idOrVar","v":"n"}," unread notifications"]}}},{"$i":"notifications","$v":"Értesítések"},{"$i":"clear-all","$v":"Összes törlése"},{"$i":"attentionScreen-tapToShow","$v":"Koppintson a megjelenítéshez"},{"$i":"newVoicemails","$v":{"zero":"Nincs új hangpostaüzenet","one":"Egy új hangpostaüzenet","two":[{"t":"idOrVar","v":"n"}," új hangpostaüzenet"],"few":[{"t":"idOrVar","v":"n"}," új hangpostaüzenet"],"many":[{"t":"idOrVar","v":"n"}," új hangpostaüzenet"],"other":[{"t":"idOrVar","v":"n"}," új hangpostaüzenet"]},"$x":[{"t":"idOrVar","v":"plural"},"n"]},{"$i":"newVoicemailsUnknown","$v":"Új hangpostaüzenet"},{"$i":"dialNumber","$v":[{"t":"idOrVar","v":"number"}," tárcsázása"]},{"$i":"voicemailNotificationMultiSim","$v":["(",{"t":"idOrVar","v":"n"},". SIM) ",{"t":"idOrVar","v":"title"}]},{"$i":"euRoamingNotificationTitle","$v":"EU internetkapcsolat észlelve"},{"$i":"euRoamingNotificationMsg","$v":"Koppintson a módosításhoz."},{"$i":"confirmNFCConnectBTenabledNameUnknown","$v":"Biztosan csatlakozni kíván az eszközhöz?"},{"$i":"confirmNFCConnectBTdisabledNameUnknown","$v":"Bluetooth bekapcsolása és csatlakozás az eszközhöz?"},{"$i":"confirmNFCConnectBTenabledNameKnown","$v":["Biztosan csatlakozni kíván a következőhöz: ",{"t":"idOrVar","v":"deviceName"},"?"]},{"$i":"confirmNFCConnectBTdisabledNameKnown","$v":["Bluetooth bekapcsolása és csatlakozás a következőhöz: ",{"t":"idOrVar","v":"deviceName"},"?"]},{"$i":"confirmNFCConnectBTdisabled","$v":"Bekapcsolás"},{"$i":"dismissNFCConnectBTdisabled","$v":"Mégse"},{"$i":"confirmation","$v":"Megerősítés"},{"$i":"deviceMenu","$v":"Telefon"},{"$i":"airplane","$v":"Repülő mód bekapcsolása"},{"$i":"airplaneOff","$v":"Repülő mód kikapcsolása"},{"$i":"silent","$v":"Bejövő hívások némítása"},{"$i":"normal","$v":"Bejövő hívások jelzése"},{"$i":"restart","$v":"Újraindítás"},{"$i":"power","$v":"Kikapcsolás"},{"$i":"no-recent-app-windows","$v":"A legutóbbi appok ablakai itt jelennek meg"},{"$i":"no-recent-browser-windows","$v":"A legutóbbi böngészőablakok itt jelennek meg"},{"$i":"closeCard","ariaLabel":"Bezárás"},{"$i":"openCard","ariaLabel":"Nyitott"},{"$i":"yes","$v":"Igen"},{"$i":"no","$v":"Nem"},{"$i":"dontallow","$v":"Tiltás"},{"$i":"allow","$v":"Engedélyezés"},{"$i":"dontshare-geolocation","$v":"Ne ossza meg"},{"$i":"share-geolocation","$v":"Megosztás"},{"$i":"dontshare-audio-capture","$v":"Ne ossza meg"},{"$i":"share-audio-capture","$v":"Megosztás"},{"$i":"dontshare-video-capture","$v":"Ne ossza meg"},{"$i":"share-video-capture","$v":"Megosztás"},{"$i":"dontshare-media-capture","$v":"Ne ossza meg"},{"$i":"share-media-capture","$v":"Megosztás"},{"$i":"device-front","$v":"Elülső kamera"},{"$i":"device-back","$v":"Hátsó kamera"},{"$i":"remember-my-choice","$v":"Válasz megjegyzése"},{"$i":"more-info","$v":"Több információ…"},{"$i":"hide-info","$v":"Információ elrejtése"},{"$i":"install-app","$v":["Telepíti ezt: ",{"t":"idOrVar","v":"name"},"?"]},{"$i":"size","$v":"Méret"},{"$i":"author","$v":"Szerző"},{"$i":"size-unknown","$v":"Ismeretlen"},{"$i":"author-unknown","$v":"Ismeretlen"},{"$i":"install","$v":"Telepítés"},{"$i":"bytes","$v":"bájt"},{"$i":"kB","$v":"kB"},{"$i":"MB","$v":"MB"},{"$i":"GB","$v":"GB"},{"$i":"TB","$v":"TB"},{"$i":"PB","$v":"PB"},{"$i":"app-install-generic-error","$v":[{"t":"idOrVar","v":"appName"}," letöltése leállítva"]},{"$i":"app-install-download-failed","$v":[{"t":"idOrVar","v":"appName"}," letöltése meghiúsult"]},{"$i":"app-install-install-failed","$v":[{"t":"idOrVar","v":"appName"}," telepítése meghiúsult"]},{"$i":"cancelling-will-not-refund","$v":"A telepítés megszakítása az app árát nem téríti vissza! Az app árát kizárólag az app értékesítője térítheti vissza Önnek."},{"$i":"apps-can-be-installed-later","$v":"Az app a későbbiek folyamán is telepíthető."},{"$i":"are-you-sure-you-want-to-cancel","$v":"Biztosan megszakítja az app telepítését?"},{"$i":"cancel-install","$v":"Telepítés megszakítása"},{"$i":"cancel-install-button","$v":"Nem telepítem"},{"$i":"resume","$v":"Folytatás"},{"$i":"continue","$v":"Folytatás"},{"$i":"stopDownloading","$v":["Leállítja a(z) ",{"t":"idOrVar","v":"app"}," letöltését?"]},{"$i":"app-download-can-be-restarted","$v":"A letöltés később újraindítható."},{"$i":"app-download-stop-button","$v":"Letöltés leállítása"},{"$i":"not-enough-space","$v":"Nincs elég hely"},{"$i":"not-enough-space-message","$v":"Nincs elég hely az app telepítéséhez. Szabadítson fel helyet régi appok vagy médiafájlok törlésével, és próbálja újra telepíteni az eredeti forrásból."},{"$i":"app-install-success","$v":[{"t":"idOrVar","v":"appName"}," telepítve"]},{"$i":"langpack-install-success2","$v":[{"t":"idOrVar","v":"appName"}," installed. Go to Settings > Language to enable it."]},{"$i":"setup","$v":"Beállítás"},{"$i":"ime-addkeyboards","$v":"Minden billentyűzet"},{"$i":"later","$v":"Később"},{"$i":"download","$v":"Letöltés"},{"$i":"wantToDownload","$v":"Letölti most a frissítést?"},{"$i":"wantToInstallNow","$v":"Biztosan telepíti a frissítést? Pár percig nem tudja majd használni a telefonját."},{"$i":"installNow","$v":"Telepítés most"},{"$i":"notNow","$v":"Most nem"},{"$i":"downloadingUpdateMessage","innerHTML":["Frissítések letöltése… <span>",{"t":"idOrVar","v":"progress"}," letöltve.</span>"]},{"$i":"downloadingAppMessage","$v":[{"t":"idOrVar","v":"appName"}," letöltése"]},{"$i":"downloadingAppProgressNoMax","$v":[{"t":"idOrVar","v":"progress"}," letöltve"]},{"$i":"downloadingAppProgressIndeterminate","$v":"Letöltés"},{"$i":"downloadingAppProgress","$v":[{"t":"idOrVar","v":"progress"}," / ",{"t":"idOrVar","v":"max"}," letöltve"]},{"$i":"cancelAllDownloads","$v":"Összes letöltés megszakítása"},{"$i":"wantToCancelAll","$v":"Biztos, hogy megszakít minden telepítést?"},{"$i":"downloadError","$v":"Hiba történt a frissítések letöltésekor."},{"$i":"updateAvailableInfo","innerHTML":{"$x":[{"t":"idOrVar","v":"plural"},"n"],"$v":{"one":[{"t":"idOrVar","v":"n"}," frissítés érhető el. <span>Koppintson további információkért.</span>"],"two":[{"t":"idOrVar","v":"n"}," frissítés érhető el. <span>Koppintson további információkért.</span>"],"few":[{"t":"idOrVar","v":"n"}," frissítés érhető el. <span>Koppintson további információkért.</span>"],"many":[{"t":"idOrVar","v":"n"}," frissítés érhető el. <span>Koppintson további információkért.</span>"],"other":[{"t":"idOrVar","v":"n"}," frissítés érhető el. <span>Koppintson további információkért.</span>"]}}},{"$i":"numberOfUpdates","$v":{"one":[{"t":"idOrVar","v":"n"}," frissítés érhető el"],"two":[{"t":"idOrVar","v":"n"}," frissítés érhető el"],"few":[{"t":"idOrVar","v":"n"}," frissítés érhető el"],"many":[{"t":"idOrVar","v":"n"}," frissítés érhető el"],"other":[{"t":"idOrVar","v":"n"}," frissítés érhető el"]},"$x":[{"t":"idOrVar","v":"plural"},"n"]},{"$i":"systemUpdate","$v":"Rendszerfrissítés"},{"$i":"systemUpdateReady","$v":"A rendszer frissítésre kész"},{"$i":"systemUpdateLowBatteryThreshold","$v":["Legalább ",{"t":"idOrVar","v":"threshold"},"%-os akkumulátor töltöttségnek kell lennie a frissítés telepítéséhez."]},{"$i":"required","$v":"Szükséges"},{"$i":"uncompressingMessage","innerHTML":"Kibontás… <span>Ez eltarthat egy kis ideig.</span>"},{"$i":"downloadWifiPrioritizedUsing2G","$v":"Updates are downloaded via data connection when Wi-Fi is not available. When using data connection, phone calls may be blocked and additional charges may also apply."},{"$i":"downloadWifiPrioritized3","$v":"Updates are downloaded via data connection when Wi-Fi is not available. When using data connection, additional charges may apply."},{"$i":"downloadNoWifiWarning","$v":"Nem érhető el Wi-Fi. A frissítés a jelenlegi kapcsolaton további költségek felmerülését okozhatja."},{"$i":"downloadOfflineWarning2","$v":"Connect to a network to download updates."},{"$i":"downloadUpdatesViaDataConnection","$v":"Adatkapcsolaton tölti le a frissítéseket?"},{"$i":"downloadUpdatesVia2GForbidden3","$v":"Downloading updates is not possible on slow connections (2G). Please connect via Wi-Fi or 3G (if available) and try again."},{"$i":"downloadUpdatesViaDataConnectionMessage3","$v":"When using a data connection, additional costs may apply. Do you want to continue?"},{"$i":"downloadUpdatesViaDataRoamingConnection","$v":"A frissítéseket adatroamingon tölti le?"},{"$i":"downloadUpdatesViaDataRoamingConnectionMessage","$v":"Jelenleg roamingon van, ezért további költségek merülhetnek fel. Biztosan folytatja?"},{"$i":"screenshotSaved","$v":"Kép mentve a Galériába"},{"$i":"screenshotFailed","$v":"A kép nem menthető"},{"$i":"screenshotNoSDCard","$v":"Nem található memóriakártya"},{"$i":"screenshotSDCardInUse","$v":"A memóriakártya használatban van"},{"$i":"screenshotSDCardLow","$v":"Nincs elég hely a memóriakártyán"},{"$i":"logsSaved","$v":"Naplók lementve a tárhelyre"},{"$i":"logsSaveError","$v":"Error while saving logs"},{"$i":"logsSaving","$v":"Capturing logs…"},{"$i":"logsOperationFailed","$v":["Operation ",{"t":"idOrVar","v":"operation"}," failed."]},{"$i":"logsGenericError","$v":"Unexpected error occurred."},{"$i":"logsSDCardMaybeShared","$v":"Make sure your SD card is not shared with your computer."},{"$i":"emergency-call-button","$v":"Segélyhívó"},{"$i":"emergency-call","$v":"Segélyhívó"},{"$i":"unlock-a11y-button","ariaLabel":"Feloldás"},{"$i":"camera-a11y-button","ariaLabel":"Kamera"},{"$i":"longDateFormat","$v":"%B %d. %A"},{"$i":"panel-passcode","ariaLabel":"Jelkód panel"},{"$i":"open-notification","$v":"Nyitott"},{"$i":"softwareHomeButton","ariaLabel":"Kezdőképernyő"},{"$i":"login","$v":"Bejelentkezés"},{"$i":"sign-in-to-website","$v":"Bejelentkezés webhelyre"},{"$i":"username","$v":"Felhasználónév"},{"$i":"password","$v":"Jelszó"},{"$i":"http-authentication-message2","$v":["A(z) ",{"t":"idOrVar","v":"host"}," webhely bejelentkezést igényel."]},{"$i":"error-message","$v":[{"t":"idOrVar","v":"name"}," nem töltődik be megfelelően"]},{"$i":"error-title","$v":[{"t":"idOrVar","v":"name"}," problémát tapasztalt"]},{"$i":"unable-to-connect","$v":"Nem lehet kapcsolódni"},{"$i":"tap-to-check-settings","$v":"Koppintson a beállítások ellenőrzéséhez"},{"$i":"delete-title","$v":[{"t":"idOrVar","v":"name"}," törlése"]},{"$i":"delete-body","$v":[{"t":"idOrVar","v":"name"}," és minden adata törlésre kerül."]},{"$i":"delete","$v":"Törlés"},{"$i":"unrecoverable-error-title","$v":"Alkalmazás eltávolítása"},{"$i":"unrecoverable-error-body","$v":"Az alkalmazás telepítése egy kijavíthatatlan hiba miatt meghiúsult. Próbálja meg újra letölteni. Az alkalmazás eltávolításra kerül."},{"$i":"unrecoverable-error-action","$v":"OK"},{"$i":"data-roaming-enabled-title","$v":"Turn on data roaming?"},{"$i":"data-roaming-enabled-warning2","$v":"In order to access the Internet, you need to turn on data roaming. Depending on your service agreement, extra charges may apply. Do you want to turn data on?"},{"$i":"select-time","$v":"Válasszon időt"},{"$i":"choose-option","$v":"Válasszon"},{"$i":"choose-options","$v":"Válasszon"},{"$i":"select-day","$v":"Válasszon napot"},{"$i":"battery-almost-empty3","$v":"Az akkumulátor gyenge."},{"$i":"plug-in-your-charger","$v":"Csatlakoztassa a töltőt."},{"$i":"new-window","$v":"Új ablak"},{"$i":"new-private-window","$v":"New private window"},{"$i":"show-windows","$v":"Ablakok megjelenítése"},{"$i":"add-to-home-screen","$v":"Kezdőképernyőre"},{"$i":"crash-dialog2-os","$v":[{"t":"idOrVar","v":"brandShortName"}," helyreállt az összeomlás után"]},{"$i":"crash-dialog-app","$v":[{"t":"idOrVar","v":"name"}," összeomlott"]},{"$i":"crash-dialog-app-noname","$v":"Something"},{"$i":"crash-dialog-message","$v":"Szeretne jelentést küldeni a Mozillának a hibáról, hogy ezzel is segítsen javítani a problémát? (A jelentések csak Wi-Fi használatával kerülnek elküldésre.)"},{"$i":"crash-info-link","$v":"Mit tartalmaz a hibajelentés?"},{"$i":"crash-always-report","$v":"Minden hiba esetén küldjön jelentést a Mozillának."},{"$i":"crash-dont-send","$v":"Ne küldjön"},{"$i":"crash-end","$v":"Jelentés küldése"},{"$i":"crashReports","$v":"Hibajelentések"},{"$i":"done","$v":"Kész"},{"$i":"crash-reports-description-1","$v":"A hibajelentés a hibával és az eszközével kapcsolatos részleteket, valamint az eszköz állapotának pillanatképét tartalmazza."},{"$i":"crash-reports-description-2","$v":"Ebbe a megnyitott lapok és appok, űrlapokba gépelt szövegek és a nyitott üzenetek tartalma, a böngészési előzmények vagy egy nyitott app által használt földrajzi koordináták tartozhatnak."},{"$i":"crash-reports-description-3-start","$v":"A hibajelentéseket a problémák javításához és termékeink tökéletesítéséhez használjuk. Információit az "},{"$i":"crash-reports-description-3-privacy","$v":"adatvédelmi irányelvekben"},{"$i":"crash-reports-description-3-end","$v":"leírtaknak megfelelően kezeljük."},{"$i":"crash-banner-os2","$v":[{"t":"idOrVar","v":"brandShortName"}," összeomlott."]},{"$i":"crash-banner-app","$v":[{"t":"idOrVar","v":"name"}," összeomlott."]},{"$i":"crash-banner-report","$v":"Jelentés"},{"$i":"bluetooth-sending-progress","$v":"Bluetooth átvitel küldése…"},{"$i":"bluetooth-receiving-progress","$v":"Bluetooth átvitel fogadása…"},{"$i":"acceptFileTransfer","$v":"Elfogadja a Bluetooth fájlátvitelt?"},{"$i":"wantToReceiveFile","$v":[{"t":"idOrVar","v":"deviceName"}," szeretné átvinni ezt: ",{"t":"idOrVar","v":"fileName"}," (",{"t":"idOrVar","v":"fileSize"},")."]},{"$i":"transfer-confirmation-title","$v":[{"t":"idOrVar","v":"deviceName"}]},{"$i":"transfer-confirmation-description","$v":"Átviteli kérés áttekintése."},{"$i":"byteUnit-B","$v":"B"},{"$i":"byteUnit-KB","$v":"KB"},{"$i":"byteUnit-MB","$v":"MB"},{"$i":"byteUnit-GB","$v":"GB"},{"$i":"byteUnit-TB","$v":"TB"},{"$i":"byteUnit-PB","$v":"PB"},{"$i":"byteUnit-EB","$v":"EB"},{"$i":"byteUnit-ZB","$v":"ZB"},{"$i":"byteUnit-YB","$v":"YB"},{"$i":"fileSize","$v":[{"t":"idOrVar","v":"size"}," ",{"t":"idOrVar","v":"unit"}]},{"$i":"deny","$v":"Tiltás"},{"$i":"transfer","$v":"Átvitel"},{"$i":"cancelFileTransfer","$v":"Megszakítja a Bluetooth fájlátvitelt?"},{"$i":"continueFileTransfer","$v":"Folytatás"},{"$i":"transfer-has-started-title","$v":"Az átvitel megkezdődött"},{"$i":"transfer-has-started-description","$v":"Haladását lásd az értesítési központban"},{"$i":"transferFinished-sentSuccessful-title","$v":"Fájl elküldve"},{"$i":"transferFinished-receivedSuccessful-title","$v":"Fájl fogadva"},{"$i":"transferFinished-sentFailed-title","$v":"A fájl nem küldhető el"},{"$i":"transferFinished-receivedFailed-title","$v":"A fájl nem fogadható"},{"$i":"transferReport-title","$v":"Átviteli jelentés:"},{"$i":"transferReport-description","$v":[{"t":"idOrVar","v":"numSuccessful"}," fájl sikeres, ",{"t":"idOrVar","v":"numUnsuccessful"}," fájl sikertelen"]},{"$i":"unknown-file","$v":"Ismeretlen fájl"},{"$i":"unknown-device","$v":"Ismeretlen eszköz"},{"$i":"cannotOpenFile","$v":"A kapott fájl nem nyitható meg"},{"$i":"unknownMediaTypeToOpenFile","$v":["Can not open unknown media type: ",{"t":"idOrVar","v":"fileName"}]},{"$i":"cannotReceiveFile","$v":"A fájl nem fogadható"},{"$i":"cannotGetStorageState","$v":"Az eszköz tárhelyállapota nem kérhető le"},{"$i":"sdcard-not-exist2","$v":"Nem található memóriakártya. Helyezzen be egy memóriakártyát."},{"$i":"sdcard-in-use","$v":"A Bluetooth nem használható, ha a telefon be van dugva. Húzza ki a telefont a fájlok fogadásához."},{"$i":"sdcard-no-space2","$v":"Az átvitel nem fejezhető be: a memóriakártya megtelt."},{"$i":"unknown-error","$v":"Ismeretlen hiba"},{"$i":"confirm","$v":"Megerősítés"},{"$i":"sdcard-detected-title","$v":"SD kártya érzékelve"},{"$i":"sdcard-total-size-body","$v":["Teljes méret: ",{"t":"idOrVar","v":"size"}," ",{"t":"idOrVar","v":"unit"}]},{"$i":"sdcard-unknown-size-then-tap-to-format-body","$v":"Ismeretlen méret, koppintson a formázáshoz"},{"$i":"sdcard-removed-title","$v":"SD kártya eltávolítva"},{"$i":"sdcard-removed-ejected-successfully","$v":"Sikeresen kiadva"},{"$i":"sdcard-removed-not-ejected-properly","$v":"Nem sikerült kiadni"},{"$i":"microphone-is-on","$v":"Mikrofon be"},{"$i":"camera-is-on","$v":"Kamera be"},{"$i":"media-is-on","$v":"Kamera és mikrofon be"},{"$i":"noSimCard","$v":"Nincs SIM kártya"},{"$i":"simPin","$v":"SIM PIN kód"},{"$i":"pukCode","$v":"PUK kód"},{"$i":"nckCode","$v":"NCK kód"},{"$i":"cckCode","$v":"CCK kód"},{"$i":"spckCode","$v":"SPCK kód"},{"$i":"nck1code","$v":"NCK1 kód"},{"$i":"nck2code","$v":"NCK2 kód"},{"$i":"hnckcode","$v":"HNCK kód"},{"$i":"rcckcode","$v":"RCCK kód"},{"$i":"rspckcode","$v":"RSPCK kód"},{"$i":"whatIsSimPin","$v":"Mi az a SIM PIN kód?"},{"$i":"simPinIntro1","$v":"A SIM PIN kód megakadályozza a SIM kártya mobil adathálózatainak elérését. Ha be van kapcsolva, a SIM kártyát tartalmazó bármely eszköz újraindításkor bekéri a PIN kódot."},{"$i":"simPinIntro2","$v":"A SIM PIN kód nem azonos az eszköz feloldására használt jelkóddal."},{"$i":"changeSimPin","$v":"PIN kód módosítása"},{"$i":"pinTitle","$v":"Írja be a SIM PIN-t"},{"$i":"multiSIMpinTitle","$v":[{"t":"idOrVar","v":"n"},". SIM PIN beírása"]},{"$i":"pukTitle","$v":"Írja be a PUK kódot"},{"$i":"nckTitle","$v":"Írja be az NCK kódot"},{"$i":"cckTitle","$v":"Írja be a CCK kódot"},{"$i":"spckTitle","$v":"Írja be az SPCK kódot"},{"$i":"nck1Title","$v":"NCK1 kód megadása"},{"$i":"nck2Title","$v":"NCK2 kód megadása"},{"$i":"hnckTitle","$v":"HNCK kód megadása"},{"$i":"rcckTitle","$v":"RCCK kód megadása"},{"$i":"rspckTitle","$v":"RSPCK kód megadása"},{"$i":"newpinTitle","$v":"Új PIN kód"},{"$i":"inputCodeRetriesLeft","$v":{"one":"Utolsó kísérlet.","two":["Még ",{"t":"idOrVar","v":"n"}," kísérlete van."],"few":["Még ",{"t":"idOrVar","v":"n"}," kísérlete van."],"many":["Még ",{"t":"idOrVar","v":"n"}," kísérlete van."],"other":["Még ",{"t":"idOrVar","v":"n"}," kísérlete van."]},"$x":[{"t":"idOrVar","v":"plural"},"n"]},{"$i":"pinErrorMsg","$v":"A PIN kód helytelen volt."},{"$i":"pinAttemptMsg2","$v":{"one":"Egy kísérlete van a helyes kód megadására a SIM kártya zárolása előtt.","two":[{"t":"idOrVar","v":"n"}," kísérlete van a helyes kód megadására a SIM kártya zárolása előtt."],"few":[{"t":"idOrVar","v":"n"}," kísérlete van a helyes kód megadására a SIM kártya zárolása előtt."],"many":[{"t":"idOrVar","v":"n"}," kísérlete van a helyes kód megadására a SIM kártya zárolása előtt."],"other":[{"t":"idOrVar","v":"n"}," kísérlete van a helyes kód megadására a SIM kártya zárolása előtt."]},"$x":[{"t":"idOrVar","v":"plural"},"n"]},{"$i":"pinLastChanceMsg","$v":"Ez az utolsó lehetősége a helyes PIN kód megadására. Ellenkező esetben a PUK kódot kell megadnia a SIM kártya használatához."},{"$i":"simCardLockedMsg","$v":"A SIM kártya zárolva van."},{"$i":"enterPukMsg","$v":"Meg kell adnia a SIM kártya PUK (személyes feloldókulcs) kódját. További információkért nézze meg a SIM kártya dokumentációját, vagy keresse meg szolgáltatóját."},{"$i":"pukErrorMsg","$v":"A PUK kód helytelen."},{"$i":"pukAttemptMsg2","$v":{"one":"Még egy lehetősége van a helyes kód megadására, mielőtt a SIM kártya véglegesen használhatatlanná válik. További információkért nézze meg a SIM kártya dokumentációját, vagy keresse meg szolgáltatóját.","two":["Még ",{"t":"idOrVar","v":"n"}," lehetősége van a helyes kód megadására, mielőtt a SIM kártya véglegesen használhatatlanná válik. További információkért nézze meg a SIM kártya dokumentációját, vagy keresse meg szolgáltatóját."],"few":["Még ",{"t":"idOrVar","v":"n"}," lehetősége van a helyes kód megadására, mielőtt a SIM kártya véglegesen használhatatlanná válik. További információkért nézze meg a SIM kártya dokumentációját, vagy keresse meg szolgáltatóját."],"many":["Még ",{"t":"idOrVar","v":"n"}," lehetősége van a helyes kód megadására, mielőtt a SIM kártya véglegesen használhatatlanná válik. További információkért nézze meg a SIM kártya dokumentációját, vagy keresse meg szolgáltatóját."],"other":["Még ",{"t":"idOrVar","v":"n"}," lehetősége van a helyes kód megadására, mielőtt a SIM kártya véglegesen használhatatlanná válik. További információkért nézze meg a SIM kártya dokumentációját, vagy keresse meg szolgáltatóját."]},"$x":[{"t":"idOrVar","v":"plural"},"n"]},{"$i":"pukLastChanceMsg","$v":"Ez az utolsó lehetősége a helyes PUK kód megadására. A SIM kártyája véglegesen használhatatlan lesz, ha rossz PUK kódot ad meg. További információkért nézze meg a SIM kártya dokumentációját, vagy keresse meg szolgáltatóját."},{"$i":"newSimPinMsg","$v":"PIN kód létrehozása (4 -- 8 számjegyet tartalmazhat)"},{"$i":"confirmNewSimPinMsg","$v":"Új PIN kód megerősítése"},{"$i":"newPinErrorMsg","$v":"A PIN kódok nem egyeznek."},{"$i":"nckErrorMsg","$v":"Az NCK kód helytelen."},{"$i":"nckAttemptMsg2","$v":{"one":"A hálózat személytelenítésére vonatkozó kérés sikertelen. Még egy lehetősége van a helyes kód megadására. Nézze meg az eszköz dokumentációját, vagy keresse meg szolgáltatóját.","two":["A hálózat személytelenítésére vonatkozó kérés sikertelen. Még ",{"t":"idOrVar","v":"n"}," lehetősége van a helyes kód megadására. Nézze meg az eszköz dokumentációját, vagy keresse meg szolgáltatóját."],"few":["A hálózat személytelenítésére vonatkozó kérés sikertelen. Még ",{"t":"idOrVar","v":"n"}," lehetősége van a helyes kód megadására. Nézze meg az eszköz dokumentációját, vagy keresse meg szolgáltatóját."],"many":["A hálózat személytelenítésére vonatkozó kérés sikertelen. Még ",{"t":"idOrVar","v":"n"}," lehetősége van a helyes kód megadására. Nézze meg az eszköz dokumentációját, vagy keresse meg szolgáltatóját."],"other":["A hálózat személytelenítésére vonatkozó kérés sikertelen. Még ",{"t":"idOrVar","v":"n"}," lehetősége van a helyes kód megadására. Nézze meg az eszköz dokumentációját, vagy keresse meg szolgáltatóját."]},"$x":[{"t":"idOrVar","v":"plural"},"n"]},{"$i":"nckLastChanceMsg","$v":"A hálózat személytelenítésére vonatkozó kérés sikertelen. Ez az utolsó lehetősége a helyes NCK kód megadására. Nézze meg az eszköz dokumentációját, vagy keresse meg szolgáltatóját."},{"$i":"activity-pick","$v":"Válasszon ezekből:"},{"$i":"activity-view","$v":"Megjelenítés ezzel:"},{"$i":"activity-test","$v":"Tesztelés ezzel:"},{"$i":"activity-share","$v":"Megosztás ezzel:"},{"$i":"activity-new","$v":"Létrehozás ezzel:"},{"$i":"activity-open","$v":"Megnyitás ezzel:"},{"$i":"activity-save-bookmark","$v":"Könyvjelző ebbe:"},{"$i":"activity-record","$v":"Rögzítés innen:"},{"$i":"activity-browse","$v":"Tallózás ezzel:"},{"$i":"activity-configure","$v":"Konfigurálás ezzel:"},{"$i":"activity-dial","$v":"Tárcsázás innen:"},{"$i":"persona-signin","$v":"Bejelentkezés"},{"$i":"payment-flow","$v":"Vásárlás"},{"$i":"remoteDebuggerPromptUSB","$v":"Allow USB debugging connection?"},{"$i":"remoteDebuggerPromptTCP","$v":["Allow remote debugging connection from ",{"t":"idOrVar","v":"host"},":",{"t":"idOrVar","v":"port"},"?"]},{"$i":"devtools-auth-scan2","$v":"Scanning for the QR code displayed on your other device…"},{"$i":"fullscreen-request","$v":[{"t":"idOrVar","v":"origin"}," teljes képernyős."]},{"$i":"captive-wifi-available","$v":[{"t":"idOrVar","v":"networkName"}," hálózat elérhető. Kapcsolódik?"]},{"$i":"ceWarningtitle","$v":"Hangerő-beállítás"},{"$i":"ceWarningcontent","$v":"A halláskárosodás megelőzése érdekében ne használjon sokáig nagy hangerőt."},{"$i":"notification-powersaving-mode-on-title","$v":"Energiatakarékos mód"},{"$i":"notification-powersaving-mode-on-description","$v":"Energiatakarékos mód be."},{"$i":"low-device-storage","$v":"Kevés a hely az eszközön.\\n"},{"$i":"free-space","$v":{"zero":"Nincs több szabad hely.","one":["Kevesebb, mint ",{"t":"idOrVar","v":"value"}," ",{"t":"idOrVar","v":"unit"}," maradt."],"two":["Kevesebb, mint ",{"t":"idOrVar","v":"value"}," ",{"t":"idOrVar","v":"unit"}," maradt."],"few":["Kevesebb, mint ",{"t":"idOrVar","v":"value"}," ",{"t":"idOrVar","v":"unit"}," maradt."],"many":["Kevesebb, mint ",{"t":"idOrVar","v":"value"}," ",{"t":"idOrVar","v":"unit"}," maradt."],"other":["Kevesebb, mint ",{"t":"idOrVar","v":"value"}," ",{"t":"idOrVar","v":"unit"}," maradt."]},"$x":[{"t":"idOrVar","v":"plural"},"value"]},{"$i":"unknown-free-space","$v":"Ismeretlen maradék hely."},{"$i":"system-alert","$v":"Rendszerértesítés"},{"$i":"cb-channel","$v":[{"t":"idOrVar","v":"channel"}," csatorna"]},{"$i":"cb-etws-warningType-earthquake","$v":"Földrengés veszély!"},{"$i":"cb-etws-warningType-tsunami","$v":"Szökőár veszély!"},{"$i":"cb-etws-warningType-earthquake-tsunami","$v":"Földrengés-szökőár veszély!"},{"$i":"cb-etws-warningType-test","$v":"Riasztórendszer tesztelve."},{"$i":"cb-etws-warningType-other","$v":"Vészhelyzet!"},{"$i":"icc-message-maintitle","$v":"Operátori üzenet"},{"$i":"icc-message-subtitle","$v":["SIM ",{"t":"idOrVar","v":"id"}]},{"$i":"icc-confirmCall-defaultmessage","$v":["Felhívja: ",{"t":"idOrVar","v":"number"},"?"]},{"$i":"icc-alertMessage-send-ss","$v":"Send SS"},{"$i":"icc-alertMessage-send-ussd","$v":"Send USSD"},{"$i":"icc-alertMessage-send-sms","$v":"Send SMS"},{"$i":"icc-confirmMessage-defaultmessage","$v":"Elküldi az üzenetet?"},{"$i":"icc-inputbox-maintitle","$v":"STK lekérdezés"},{"$i":"icc-inputbox-subtitle","$v":["SIM ",{"t":"idOrVar","v":"id"}]},{"$i":"emergency-callback-mode","$v":"Vészvisszahívás mód"},{"$i":"emergency-callback-message","$v":"Nem tud hívást kezdeményezni, üzenetet küldeni és internetezni a bekapcsolt vészvisszahívási mód miatt. Ki szeretné kapcsolni ezt a módot?"},{"$i":"cdma-record-info","$v":"CDMA rekordinformációk"},{"$i":"ime-switching-title","$v":[{"t":"idOrVar","v":"appName"},": ",{"t":"idOrVar","v":"name"}]},{"$i":"ime-switching-tip","$v":"Koppintson a bevitelimód-váltáshoz"},{"$i":"shrinking-tip","$v":"Csúsztasson a megosztáshoz"},{"$i":"download_started","$v":"Letöltés elindult"},{"$i":"download_stopped","$v":"Letöltés leállt"},{"$i":"download_downloading","$v":"Letöltés…"},{"$i":"download_succeeded","$v":"Letöltés befejeződött"},{"$i":"download_failed","$v":"Letöltés meghiúsult"},{"$i":"download_text_by_default","$v":[{"t":"idOrVar","v":"name"}]},{"$i":"download_downloading_text_2","$v":[{"t":"idOrVar","v":"percentage"},"% - ",{"t":"idOrVar","v":"name"}]},{"$i":"search-the-web","$v":"Keresés az interneten"},{"$i":"search-or-enter-address","$v":"Keresés vagy cím megadása","placeholder":"Keresés vagy cím megadása"},{"$i":"back-button","ariaLabel":"Back"},{"$i":"forward-button","ariaLabel":"Forward"},{"$i":"reload-button","ariaLabel":"Reload"},{"$i":"stop-button","ariaLabel":"Stop"},{"$i":"windows-button","ariaLabel":"Show windows"},{"$i":"noHotspotWhenAPMisOnWifiHotspot","$v":"Turn off airplane mode to use Wi-Fi hotspot."},{"$i":"apmActivated","$v":"A repülő mód be van kapcsolva"},{"$i":"open-in-new-window","$v":"Open in new window"},{"$i":"open-in-new-private-window","$v":"Open in new private window"},{"$i":"add-link-to-home-screen","$v":"Link hozzáadása a kezdőképernyőhöz"},{"$i":"share-link","$v":"Link megosztása"},{"$i":"save-image","$v":"Kép mentése"},{"$i":"save-video","$v":"Videó mentése"},{"$i":"save-audio","$v":"Hang mentése"},{"$i":"save-link","$v":"Linkelt fájl mentése"},{"$i":"share-image","$v":"Kép megosztása"},{"$i":"share-video","$v":"Videó megosztása"},{"$i":"share-audio","$v":"Audio megosztása"},{"$i":"private-window","$v":"Private Window"},{"$i":"private-browser-title","$v":"You’re browsing privately"},{"$i":"private-window-detail1","$v":"The browser won’t keep any browser history, cookies, or temporary Internet files."},{"$i":"private-window-detail2","$v":"While this device won’t have a record of your browsing history, your Internet service provider can still track the pages you visit."},{"$i":"okCharsLeft","$v":["OK (",{"t":"idOrVar","v":"n"},")"]},{"$i":"network-error-in-app","$v":"Jelenleg nincs internetkapcsolat."},{"$i":"network-error-launching","$v":[{"t":"idOrVar","v":"name"}," internetkapcsolatot igényel."]},{"$i":"server-not-found","$v":"Kiszolgáló nem található"},{"$i":"server-not-found-error","$v":["Nem található a kiszolgáló itt: ",{"t":"idOrVar","v":"name"},"."]},{"$i":"file-not-found","$v":"A fájl nem található"},{"$i":"file-not-found-error","$v":"A készülék nem tudja megjeleníteni az oldalt, mert a fájl nem található."},{"$i":"connection-failed","$v":"Nem lehet kapcsolódni"},{"$i":"connection-failed-error","$v":"Hálózati hiba lépett fel az oldal elérése közben."},{"$i":"invalid-connection","$v":"Nem lehet kapcsolódni"},{"$i":"invalid-connection-error","$v":"Hálózati hiba lépett fel az oldal elérése közben."},{"$i":"malformed-uri","$v":"Érvénytelen URL"},{"$i":"malformed-uri-error","$v":"A megadott URL érvénytelen, ezért nem tölthető be."},{"$i":"redirect-loop","$v":"Az oldal nem jelenthető meg"},{"$i":"redirect-loop-error","$v":"A készülék nem tudja megjeleníteni az oldalt, mert az átirányítás nem megfelelő. Próbálja meg később."},{"$i":"not-cached","$v":"Az oldal lejárt"},{"$i":"not-cached-error","$v":"Biztonsági elővigyázatosságból az oldal nem jeleníthető meg az eszközzel, mert lejárt."},{"$i":"is-printing-error","$v":"A dokumentum nem változtatható meg nyomtatás vagy nyomtatási nézet közben."},{"$i":"denied-port-access","$v":"Ez egy zárolt cím"},{"$i":"denied-port-access-error","$v":"Ez a cím egy olyan hálózati portot használ, amit normál esetben nem webböngészésre használnak. Az eszköz elutasította a kérést az Ön védelme érdekében."},{"$i":"proxy-resolve-failure","$v":"Proxy kiszolgáló hiba"},{"$i":"proxy-resolve-failure-error","$v":"Az eszköz proxy kiszolgáló használatára lett beállítva, ami nem található."},{"$i":"proxy-connect-failure","$v":"Proxy kiszolgáló hiba"},{"$i":"proxy-connect-failure-error","$v":"A készülék proxy kiszolgáló használatára lett beállítva, ami visszautasítja a kapcsolatokat."},{"$i":"content-encoding","$v":"Az oldal nem jelenthető meg"},{"$i":"content-encoding-error","$v":"A készülék nem tudja megjeleníteni az oldalt, mert a hiba lépett fel a tartalom kódolásában."},{"$i":"remote-xul","$v":"Az oldal nem támogatott"},{"$i":"remote-xul-error","$v":"Az oldal nem jeleníthető meg, mert az a készülék által nem támogatott technológiát használ."},{"$i":"phishing-blocked","$v":"Figyelmeztetés"},{"$i":"phishing-blocked-error","$v":"A weboldal hamisnak van bejelentve, amely megtévesztéssel személyes vagy pénzügyi adatok megosztására veszi rá a felhasználókat."},{"$i":"malware-blocked","$v":"Rosszindulatú támadás blokkolva"},{"$i":"malware-blocked-error","$v":"Ez az oldal támadóoldalként van bejelentve, ezért blokkolva lett."},{"$i":"unsafe-content-type","$v":"Veszélyes tartalom"},{"$i":"unsafe-content-type-error","$v":"Az oldal nem jeleníthető meg, mert valószínűleg az nem biztonságos."},{"$i":"corrupted-content","$v":"Az oldal nem jelenthető meg"},{"$i":"corrupted-content-error","$v":"Az oldal nem jeleníthető meg, mert adatátvitel közben hiba lépett fel."},{"$i":"try-again","$v":"Próbálja újra"},{"$i":"check-settings","$v":"Beállítások ellenőrzése"},{"$i":"accessibility-enableScreenReaderSteps","$v":"A képernyőolvasó bekapcsolásához nyomja meg még háromszor a hangerő fel, majd a hangerő le gombokat"},{"$i":"accessibility-disableScreenReaderSteps","$v":"A képernyőolvasó kikapcsolásához nyomja meg még háromszor a hangerő fel, majd a hangerő le gombokat"},{"$i":"accessibility-screenReaderStarted","$v":"Képernyőolvasó elindítva"},{"$i":"accessibility-screenReaderStopped","$v":"Képernyőolvasó leállítva"},{"$i":"accessibility-menubar","$v":"menüsor"},{"$i":"accessibility-scrollbar","$v":"görgetősáv"},{"$i":"accessibility-grip","$v":"fogantyú"},{"$i":"accessibility-alert","$v":"riasztás"},{"$i":"accessibility-menupopup","$v":"felugró menü"},{"$i":"accessibility-document","$v":"dokumentum"},{"$i":"accessibility-pane","$v":"ablaktábla"},{"$i":"accessibility-dialog","$v":"párbeszédpanel"},{"$i":"accessibility-separator","$v":"elválasztó"},{"$i":"accessibility-toolbar","$v":"eszköztár"},{"$i":"accessibility-statusbar","$v":"állapotsor"},{"$i":"accessibility-table","$v":"táblázat"},{"$i":"accessibility-columnheader","$v":"oszlopfejléc"},{"$i":"accessibility-rowheader","$v":"sorfejléc"},{"$i":"accessibility-column","$v":"oszlop"},{"$i":"accessibility-row","$v":"sor"},{"$i":"accessibility-cell","$v":"cella"},{"$i":"accessibility-link","$v":"hivatkozás"},{"$i":"accessibility-list","$v":"lista"},{"$i":"accessibility-listitem","$v":"listaelem"},{"$i":"accessibility-outline","$v":"körvonal"},{"$i":"accessibility-outlineitem","$v":"körvonalelem"},{"$i":"accessibility-pagetab","$v":"lap"},{"$i":"accessibility-propertypage","$v":"tulajdonságlap"},{"$i":"accessibility-graphic","$v":"grafika"},{"$i":"accessibility-pushbutton","$v":"gomb"},{"$i":"accessibility-checkbutton","$v":"jelölőnégyzet"},{"$i":"accessibility-radiobutton","$v":"választógomb"},{"$i":"accessibility-combobox","$v":"legördülő lista"},{"$i":"accessibility-progressbar","$v":"folyamatjelző"},{"$i":"accessibility-slider","$v":"csúszka"},{"$i":"accessibility-spinbutton","$v":"léptetőgomb"},{"$i":"accessibility-diagram","$v":"diagram"},{"$i":"accessibility-animation","$v":"animáció"},{"$i":"accessibility-equation","$v":"egyenlet"},{"$i":"accessibility-buttonmenu","$v":"gombmenü"},{"$i":"accessibility-whitespace","$v":"üres hely"},{"$i":"accessibility-pagetablist","$v":"oldallap-lista"},{"$i":"accessibility-canvas","$v":"vászon"},{"$i":"accessibility-checkmenuitem","$v":"jelölő menüpont"},{"$i":"accessibility-label","$v":"címke"},{"$i":"accessibility-passwordtext","$v":"jelszószöveg"},{"$i":"accessibility-radiomenuitem","$v":"választó menüpont"},{"$i":"accessibility-textcontainer","$v":"szövegtároló"},{"$i":"accessibility-togglebutton","$v":"kapcsológomb"},{"$i":"accessibility-treetable","$v":"fatáblázat"},{"$i":"accessibility-header","$v":"fejléc"},{"$i":"accessibility-footer","$v":"lábléc"},{"$i":"accessibility-paragraph","$v":"bekezdés"},{"$i":"accessibility-entry","$v":"beviteli mező"},{"$i":"accessibility-caption","$v":"képaláírás"},{"$i":"accessibility-heading","$v":"fejléc"},{"$i":"accessibility-section","$v":"szakasz"},{"$i":"accessibility-form","$v":"űrlap"},{"$i":"accessibility-comboboxlist","$v":"legördülő lista"},{"$i":"accessibility-comboboxoption","$v":"legördülő lista elem"},{"$i":"accessibility-imagemap","$v":"hivatkozásokra osztott kép"},{"$i":"accessibility-listboxoption","$v":"listamező elem"},{"$i":"accessibility-listbox","$v":"lista"},{"$i":"accessibility-flatequation","$v":"egyszerű egyenlet"},{"$i":"accessibility-gridcell","$v":"rácscella"},{"$i":"accessibility-note","$v":"megjegyzés"},{"$i":"accessibility-figure","$v":"ábra"},{"$i":"accessibility-definitionlist","$v":"definíciós lista"},{"$i":"accessibility-term","$v":"kifejezés"},{"$i":"accessibility-definition","$v":"definíció"},{"$i":"accessibility-textarea","$v":"szövegterület"},{"$i":"accessibility-textInputType_date","$v":"dátum"},{"$i":"accessibility-textInputType_email","$v":"e-mail"},{"$i":"accessibility-textInputType_search","$v":"keresés"},{"$i":"accessibility-textInputType_tel","$v":"telefonszám"},{"$i":"accessibility-textInputType_url","$v":"URL"},{"$i":"accessibility-headingLevel","$v":[{"t":"idOrVar","v":"0"},". fejlécszint"]},{"$i":"accessibility-listStart","$v":"Első elem"},{"$i":"accessibility-listEnd","$v":"Utolsó elem"},{"$i":"accessibility-listItemsCount","$v":{"zero":[{"t":"idOrVar","v":"count"}," elem"],"one":[{"t":"idOrVar","v":"count"}," elem"],"two":[{"t":"idOrVar","v":"count"}," elem"],"few":[{"t":"idOrVar","v":"count"}," elem"],"many":[{"t":"idOrVar","v":"count"}," elem"],"other":[{"t":"idOrVar","v":"count"}," elem"]},"$x":[{"t":"idOrVar","v":"plural"},"count"]},{"$i":"accessibility-objItemOfN","$v":[{"t":"idOrVar","v":"0"},". összesen ",{"t":"idOrVar","v":"1"}]},{"$i":"accessibility-banner","$v":"fejléc"},{"$i":"accessibility-complementary","$v":"kiegészítő"},{"$i":"accessibility-contentinfo","$v":"tartalominfó"},{"$i":"accessibility-main","$v":"elsődleges"},{"$i":"accessibility-navigation","$v":"navigáció"},{"$i":"accessibility-search","$v":"keresés"},{"$i":"accessibility-tblColumnInfo","$v":{"zero":[{"t":"idOrVar","v":"count"}," oszloppal"],"one":[{"t":"idOrVar","v":"count"}," oszloppal"],"two":[{"t":"idOrVar","v":"count"}," oszloppal"],"few":[{"t":"idOrVar","v":"count"}," oszloppal"],"many":[{"t":"idOrVar","v":"count"}," oszloppal"],"other":[{"t":"idOrVar","v":"count"}," oszloppal"]},"$x":[{"t":"idOrVar","v":"plural"},"count"]},{"$i":"accessibility-tblRowInfo","$v":{"zero":["és ",{"t":"idOrVar","v":"count"}," sorral"],"one":["és ",{"t":"idOrVar","v":"count"}," sorral"],"two":["és ",{"t":"idOrVar","v":"count"}," sorral"],"few":["és ",{"t":"idOrVar","v":"count"}," sorral"],"many":["és ",{"t":"idOrVar","v":"count"}," sorral"],"other":["és ",{"t":"idOrVar","v":"count"}," sorral"]},"$x":[{"t":"idOrVar","v":"plural"},"count"]},{"$i":"accessibility-columnInfo","$v":[{"t":"idOrVar","v":"0"},". oszlop"]},{"$i":"accessibility-rowInfo","$v":[{"t":"idOrVar","v":"0"},". sor"]},{"$i":"accessibility-spansColumns","$v":{"zero":[{"t":"idOrVar","v":"0"}," oszlopra terjed ki"],"one":[{"t":"idOrVar","v":"0"}," oszlopra terjed ki"],"two":[{"t":"idOrVar","v":"0"}," oszlopra terjed ki"],"few":[{"t":"idOrVar","v":"0"}," oszlopra terjed ki"],"many":[{"t":"idOrVar","v":"0"}," oszlopra terjed ki"],"other":[{"t":"idOrVar","v":"0"}," oszlopra terjed ki"]},"$x":[{"t":"idOrVar","v":"plural"},"0"]},{"$i":"accessibility-spansRows","$v":{"zero":[{"t":"idOrVar","v":"0"}," sorra terjed ki"],"one":[{"t":"idOrVar","v":"0"}," sorra terjed ki"],"two":[{"t":"idOrVar","v":"0"}," sorra terjed ki"],"few":[{"t":"idOrVar","v":"0"}," sorra terjed ki"],"many":[{"t":"idOrVar","v":"0"}," sorra terjed ki"],"other":[{"t":"idOrVar","v":"0"}," sorra terjed ki"]},"$x":[{"t":"idOrVar","v":"plural"},"0"]},{"$i":"accessibility-jumpAction","$v":"ugrott"},{"$i":"accessibility-pressAction","$v":"megnyomva"},{"$i":"accessibility-checkAction","$v":"bejelölve"},{"$i":"accessibility-uncheckAction","$v":"törölve"},{"$i":"accessibility-selectAction","$v":"kiválasztva"},{"$i":"accessibility-unselectAction","$v":"kijelöletlen"},{"$i":"accessibility-openAction","$v":"megnyitva"},{"$i":"accessibility-closeAction","$v":"bezárva"},{"$i":"accessibility-switchAction","$v":"átkapcsolva"},{"$i":"accessibility-clickAction","$v":"rákattintva"},{"$i":"accessibility-collapseAction","$v":"összecsukva"},{"$i":"accessibility-expandAction","$v":"kibontva"},{"$i":"accessibility-activateAction","$v":"aktiválva"},{"$i":"accessibility-cycleAction","$v":"léptetve"},{"$i":"accessibility-hidden","$v":"rejtett"},{"$i":"accessibility-tabLoading","$v":"betöltés"},{"$i":"accessibility-tabLoaded","$v":"betöltve"},{"$i":"accessibility-tabNew","$v":"új lap"},{"$i":"accessibility-tabLoadStopped","$v":"betöltés leállítva"},{"$i":"accessibility-tabReload","$v":"újratöltés"},{"$i":"accessibility-stateChecked","$v":"bejelölve"},{"$i":"accessibility-stateNotChecked","$v":"nincs bejelölve"},{"$i":"accessibility-statePressed","$v":"megnyomva"},{"$i":"accessibility-stateExpanded","$v":"kibontva"},{"$i":"accessibility-stateCollapsed","$v":"összecsukva"},{"$i":"accessibility-stateUnavailable","$v":"nem érhető el"},{"$i":"accessibility-stateRequired","$v":"szükséges"},{"$i":"accessibility-stateTraversed","$v":"meglátogatott"},{"$i":"accessibility-stateHasPopup","$v":"van felugró"},{"$i":"accessibility-stateSelected","$v":"kiválasztva"},{"$i":"accessibility-editingMode","$v":"szerkesztés"},{"$i":"accessibility-navigationMode","$v":"navigáció"},{"$i":"accessibility-quicknav_Simple","$v":"Alapértelmezett"},{"$i":"accessibility-quicknav_Anchor","$v":"Horgonyok"},{"$i":"accessibility-quicknav_Button","$v":"Gombok"},{"$i":"accessibility-quicknav_Combobox","$v":"Legördülő listák"},{"$i":"accessibility-quicknav_Landmark","$v":"Tereptárgyak"},{"$i":"accessibility-quicknav_Entry","$v":"Bejegyzések"},{"$i":"accessibility-quicknav_FormElement","$v":"Űrlapelemek"},{"$i":"accessibility-quicknav_Graphic","$v":"Képek"},{"$i":"accessibility-quicknav_Heading","$v":"Címsorok"},{"$i":"accessibility-quicknav_ListItem","$v":"Listaelemek"},{"$i":"accessibility-quicknav_Link","$v":"Hivatkozások"},{"$i":"accessibility-quicknav_List","$v":"Listák"},{"$i":"accessibility-quicknav_PageTab","$v":"Lapfülek"},{"$i":"accessibility-quicknav_RadioButton","$v":"Választógombok"},{"$i":"accessibility-quicknav_Separator","$v":"Elválasztók"},{"$i":"accessibility-quicknav_Table","$v":"Táblázatok"},{"$i":"accessibility-quicknav_Checkbox","$v":"Jelölőnégyzetek"},{"$i":"accessibility-menubarAbbr","$v":"menüsor"},{"$i":"accessibility-scrollbarAbbr","$v":"görgetősáv"},{"$i":"accessibility-gripAbbr","$v":"fogantyú"},{"$i":"accessibility-alertAbbr","$v":"riasztás"},{"$i":"accessibility-menupopupAbbr","$v":"felugró menü"},{"$i":"accessibility-documentAbbr","$v":"dokumentum"},{"$i":"accessibility-paneAbbr","$v":"ablaktábla"},{"$i":"accessibility-dialogAbbr","$v":"párbeszédpanel"},{"$i":"accessibility-separatorAbbr","$v":"elválasztó"},{"$i":"accessibility-toolbarAbbr","$v":"eszköztár"},{"$i":"accessibility-statusbarAbbr","$v":"állapotsor"},{"$i":"accessibility-tableAbbr","$v":"tbl"},{"$i":"accessibility-columnheaderAbbr","$v":"oszlopfejléc"},{"$i":"accessibility-rowheaderAbbr","$v":"sorfejléc"},{"$i":"accessibility-columnAbbr","$v":"oszlop"},{"$i":"accessibility-rowAbbr","$v":"sor"},{"$i":"accessibility-cellAbbr","$v":"cella"},{"$i":"accessibility-linkAbbr","$v":"hiv"},{"$i":"accessibility-listAbbr","$v":"lista"},{"$i":"accessibility-listitemAbbr","$v":"listaelem"},{"$i":"accessibility-outlineAbbr","$v":"körvonal"},{"$i":"accessibility-outlineitemAbbr","$v":"körvonalelem"},{"$i":"accessibility-pagetabAbbr","$v":"lap"},{"$i":"accessibility-propertypageAbbr","$v":"tulajdonságlap"},{"$i":"accessibility-graphicAbbr","$v":"grafika"},{"$i":"accessibility-pushbuttonAbbr","$v":"gmb"},{"$i":"accessibility-checkbuttonAbbr","$v":"jelölőnégyzet"},{"$i":"accessibility-radiobuttonAbbr","$v":"választógomb"},{"$i":"accessibility-comboboxAbbr","$v":"legördülő lista"},{"$i":"accessibility-progressbarAbbr","$v":"folyamatjelző"},{"$i":"accessibility-sliderAbbr","$v":"csúszka"},{"$i":"accessibility-spinbuttonAbbr","$v":"léptetőgomb"},{"$i":"accessibility-diagramAbbr","$v":"diagram"},{"$i":"accessibility-animationAbbr","$v":"animáció"},{"$i":"accessibility-equationAbbr","$v":"egyenlet"},{"$i":"accessibility-buttonmenuAbbr","$v":"gombmenü"},{"$i":"accessibility-whitespaceAbbr","$v":"üres hely"},{"$i":"accessibility-pagetablistAbbr","$v":"oldallap-lista"},{"$i":"accessibility-canvasAbbr","$v":"vászon"},{"$i":"accessibility-checkmenuitemAbbr","$v":"jelölő menüpont"},{"$i":"accessibility-labelAbbr","$v":"címke"},{"$i":"accessibility-passwordtextAbbr","$v":"jelszószöveg"},{"$i":"accessibility-radiomenuitemAbbr","$v":"választó menüpont"},{"$i":"accessibility-textcontainerAbbr","$v":"szövegtároló"},{"$i":"accessibility-togglebuttonAbbr","$v":"kapcsológomb"},{"$i":"accessibility-treetableAbbr","$v":"fatáblázat"},{"$i":"accessibility-headerAbbr","$v":"fejléc"},{"$i":"accessibility-footerAbbr","$v":"lábléc"},{"$i":"accessibility-paragraphAbbr","$v":"bekezdés"},{"$i":"accessibility-entryAbbr","$v":"beviteli mező"},{"$i":"accessibility-captionAbbr","$v":"képaláírás"},{"$i":"accessibility-headingAbbr","$v":"fejléc"},{"$i":"accessibility-sectionAbbr","$v":"szakasz"},{"$i":"accessibility-formAbbr","$v":"űrlap"},{"$i":"accessibility-comboboxlistAbbr","$v":"legördülő lista"},{"$i":"accessibility-comboboxoptionAbbr","$v":"legördülő lista elem"},{"$i":"accessibility-imagemapAbbr","$v":"képtrkp"},{"$i":"accessibility-listboxoptionAbbr","$v":"listamező elem"},{"$i":"accessibility-listboxAbbr","$v":"lista"},{"$i":"accessibility-flatequationAbbr","$v":"egyszerű egyenlet"},{"$i":"accessibility-gridcellAbbr","$v":"rácscella"},{"$i":"accessibility-noteAbbr","$v":"megjegyzés"},{"$i":"accessibility-figureAbbr","$v":"ábr"},{"$i":"accessibility-definitionlistAbbr","$v":"definíciós lista"},{"$i":"accessibility-termAbbr","$v":"kifejezés"},{"$i":"accessibility-definitionAbbr","$v":"definíció"},{"$i":"accessibility-textareaAbbr","$v":"szövter"},{"$i":"accessibility-tblColumnInfoAbbr","$v":{"one":[{"t":"idOrVar","v":"count"},"o"],"two":[{"t":"idOrVar","v":"count"},"o"],"few":[{"t":"idOrVar","v":"count"},"o"],"many":[{"t":"idOrVar","v":"count"},"o"],"other":[{"t":"idOrVar","v":"count"},"o"]},"$x":[{"t":"idOrVar","v":"plural"},"count"]},{"$i":"accessibility-tblRowInfoAbbr","$v":{"one":[{"t":"idOrVar","v":"count"},"s"],"two":[{"t":"idOrVar","v":"count"},"s"],"few":[{"t":"idOrVar","v":"count"},"s"],"many":[{"t":"idOrVar","v":"count"},"s"],"other":[{"t":"idOrVar","v":"count"},"s"]},"$x":[{"t":"idOrVar","v":"plural"},"count"]},{"$i":"accessibility-cellInfoAbbr","$v":["o",{"t":"idOrVar","v":"0"},"s",{"t":"idOrVar","v":"1"}]},{"$i":"accessibility-stateCheckedAbbr","$v":"(x)"},{"$i":"accessibility-stateUncheckedAbbr","$v":"( )"},{"$i":"accessibility-statePressedAbbr","$v":"(x)"},{"$i":"accessibility-stateUnpressedAbbr","$v":"( )"},{"$i":"accessibility-pushbutton-hint","$v":"Double tap to activate"},{"$i":"accessibility-checkbutton-hint","$v":"Double tap to activate"},{"$i":"accessibility-combobox-hint","$v":"Double tap to activate"},{"$i":"accessibility-key-hint","$v":"Prese and hold to activate"},{"$i":"accessibility-link-hint","$v":"Double tap to activate"},{"$i":"accessibility-menuitem-hint","$v":"Double tap to activate"},{"$i":"accessibility-option-hint","$v":"Double tap to activate"},{"$i":"accessibility-radiobutton-hint","$v":"Double tap to activate"},{"$i":"accessibility-slider-hint","$v":"Swipe up to increase or down to decrease"},{"$i":"accessibility-spinbutton-hint","$v":"Swipe up to increase or down to decrease"},{"$i":"accessibility-pagetab-hint","$v":"Double tap to activate"},{"$i":"accessibility-entry-hint","$v":"Double tap to activate"},{"$i":"accessibility-outlineitem-hint","$v":"Double tap to activate"},{"$i":"weekday-0-long","$v":"Vasárnap"},{"$i":"weekday-1-long","$v":"Hétfő"},{"$i":"weekday-2-long","$v":"Kedd"},{"$i":"weekday-3-long","$v":"Szerda"},{"$i":"weekday-4-long","$v":"Csütörtök"},{"$i":"weekday-5-long","$v":"Péntek"},{"$i":"weekday-6-long","$v":"Szombat"},{"$i":"weekday-0-short","$v":"Va."},{"$i":"weekday-1-short","$v":"Hé."},{"$i":"weekday-2-short","$v":"Ke."},{"$i":"weekday-3-short","$v":"Sze."},{"$i":"weekday-4-short","$v":"Csü."},{"$i":"weekday-5-short","$v":"Pé."},{"$i":"weekday-6-short","$v":"Szo."},{"$i":"month-0-long","$v":"Január"},{"$i":"month-1-long","$v":"Február"},{"$i":"month-2-long","$v":"Március"},{"$i":"month-3-long","$v":"Április"},{"$i":"month-4-long","$v":"Május"},{"$i":"month-5-long","$v":"Június"},{"$i":"month-6-long","$v":"Július"},{"$i":"month-7-long","$v":"Augusztus"},{"$i":"month-8-long","$v":"Szeptember"},{"$i":"month-9-long","$v":"Október"},{"$i":"month-10-long","$v":"November"},{"$i":"month-11-long","$v":"December"},{"$i":"month-0-genitive","$v":"Január"},{"$i":"month-1-genitive","$v":"Február"},{"$i":"month-2-genitive","$v":"Március"},{"$i":"month-3-genitive","$v":"Április"},{"$i":"month-4-genitive","$v":"Május"},{"$i":"month-5-genitive","$v":"Június"},{"$i":"month-6-genitive","$v":"Július"},{"$i":"month-7-genitive","$v":"Augusztus"},{"$i":"month-8-genitive","$v":"Szeptember"},{"$i":"month-9-genitive","$v":"Október"},{"$i":"month-10-genitive","$v":"November"},{"$i":"month-11-genitive","$v":"December"},{"$i":"month-0-short","$v":"Jan"},{"$i":"month-1-short","$v":"Feb"},{"$i":"month-2-short","$v":"Már"},{"$i":"month-3-short","$v":"Ápr"},{"$i":"month-4-short","$v":"Máj"},{"$i":"month-5-short","$v":"Jún"},{"$i":"month-6-short","$v":"Júl"},{"$i":"month-7-short","$v":"Aug"},{"$i":"month-8-short","$v":"Szep"},{"$i":"month-9-short","$v":"Okt"},{"$i":"month-10-short","$v":"Nov"},{"$i":"month-11-short","$v":"Dec"},{"$i":"minutes-ago-long","$v":{"zero":"épp most","one":"egy perccel ezelőtt","two":[{"t":"idOrVar","v":"value"}," perccel ezelőtt"],"few":[{"t":"idOrVar","v":"value"}," perccel ezelőtt"],"many":[{"t":"idOrVar","v":"value"}," perccel ezelőtt"],"other":[{"t":"idOrVar","v":"value"}," perccel ezelőtt"]},"$x":[{"t":"idOrVar","v":"plural"},"value"]},{"$i":"hours-ago-long","$v":{"zero":"épp most","one":"egy órája","two":[{"t":"idOrVar","v":"value"}," órával ezelőtt"],"few":[{"t":"idOrVar","v":"value"}," órával ezelőtt"],"many":[{"t":"idOrVar","v":"value"}," órával ezelőtt"],"other":[{"t":"idOrVar","v":"value"}," órával ezelőtt"]},"$x":[{"t":"idOrVar","v":"plural"},"value"]},{"$i":"days-ago-long","$v":{"zero":"ma","one":"tegnap","two":[{"t":"idOrVar","v":"value"}," nappal ezelőtt"],"few":[{"t":"idOrVar","v":"value"}," nappal ezelőtt"],"many":[{"t":"idOrVar","v":"value"}," nappal ezelőtt"],"other":[{"t":"idOrVar","v":"value"}," nappal ezelőtt"]},"$x":[{"t":"idOrVar","v":"plural"},"value"]},{"$i":"weeks-ago-long","$v":{"zero":"ez a hét","one":"múlt hét","two":[{"t":"idOrVar","v":"value"}," héttel ezelőtt"],"few":[{"t":"idOrVar","v":"value"}," héttel ezelőtt"],"many":[{"t":"idOrVar","v":"value"}," héttel ezelőtt"],"other":[{"t":"idOrVar","v":"value"}," héttel ezelőtt"]},"$x":[{"t":"idOrVar","v":"plural"},"value"]},{"$i":"months-ago-long","$v":{"zero":"ez a hónap","one":"előző hónap","two":[{"t":"idOrVar","v":"value"}," hónappal ezelőtt"],"few":[{"t":"idOrVar","v":"value"}," hónappal ezelőtt"],"many":[{"t":"idOrVar","v":"value"}," hónappal ezelőtt"],"other":[{"t":"idOrVar","v":"value"}," hónappal ezelőtt"]},"$x":[{"t":"idOrVar","v":"plural"},"value"]},{"$i":"years-ago-long","$v":{"zero":"ez az év","one":"tavaly","two":[{"t":"idOrVar","v":"value"}," évvel ezelőtt"],"few":[{"t":"idOrVar","v":"value"}," évvel ezelőtt"],"many":[{"t":"idOrVar","v":"value"}," évvel ezelőtt"],"other":[{"t":"idOrVar","v":"value"}," évvel ezelőtt"]},"$x":[{"t":"idOrVar","v":"plural"},"value"]},{"$i":"minutes-until-long","$v":{"zero":"most","one":"egy percen belül","two":[{"t":"idOrVar","v":"value"}," percen belül"],"few":[{"t":"idOrVar","v":"value"}," percen belül"],"many":[{"t":"idOrVar","v":"value"}," percen belül"],"other":[{"t":"idOrVar","v":"value"}," percen belül"]},"$x":[{"t":"idOrVar","v":"plural"},"value"]},{"$i":"hours-until-long","$v":{"zero":"most","one":"egy órán belül","two":[{"t":"idOrVar","v":"value"}," órán belül"],"few":[{"t":"idOrVar","v":"value"}," órán belül"],"many":[{"t":"idOrVar","v":"value"}," órán belül"],"other":[{"t":"idOrVar","v":"value"}," órán belül"]},"$x":[{"t":"idOrVar","v":"plural"},"value"]},{"$i":"days-until-long","$v":{"zero":"ma","one":"holnap","two":[{"t":"idOrVar","v":"value"}," napon belül"],"few":[{"t":"idOrVar","v":"value"}," napon belül"],"many":[{"t":"idOrVar","v":"value"}," napon belül"],"other":[{"t":"idOrVar","v":"value"}," napon belül"]},"$x":[{"t":"idOrVar","v":"plural"},"value"]},{"$i":"weeks-until-long","$v":{"zero":"ez a hét","one":"következő hét","two":[{"t":"idOrVar","v":"value"}," héten belül"],"few":[{"t":"idOrVar","v":"value"}," héten belül"],"many":[{"t":"idOrVar","v":"value"}," héten belül"],"other":[{"t":"idOrVar","v":"value"}," héten belül"]},"$x":[{"t":"idOrVar","v":"plural"},"value"]},{"$i":"months-until-long","$v":{"zero":"ez a hónap","one":"következő hónap","two":[{"t":"idOrVar","v":"value"}," héten belül"],"few":[{"t":"idOrVar","v":"value"}," héten belül"],"many":[{"t":"idOrVar","v":"value"}," héten belül"],"other":[{"t":"idOrVar","v":"value"}," héten belül"]},"$x":[{"t":"idOrVar","v":"plural"},"value"]},{"$i":"years-until-long","$v":{"zero":"ez az év","one":"következő év","two":[{"t":"idOrVar","v":"value"}," éven belül"],"few":[{"t":"idOrVar","v":"value"}," éven belül"],"many":[{"t":"idOrVar","v":"value"}," éven belül"],"other":[{"t":"idOrVar","v":"value"}," éven belül"]},"$x":[{"t":"idOrVar","v":"plural"},"value"]},{"$i":"minutes-ago-short","$v":{"zero":"épp most","other":[{"t":"idOrVar","v":"value"},"p ezelőtt"]},"$x":[{"t":"idOrVar","v":"plural"},"value"]},{"$i":"hours-ago-short","$v":{"zero":"épp most","other":[{"t":"idOrVar","v":"value"},"ó ezelőtt"]},"$x":[{"t":"idOrVar","v":"plural"},"value"]},{"$i":"days-ago-short","$v":{"zero":"ma","other":[{"t":"idOrVar","v":"value"},"n ezelőtt"]},"$x":[{"t":"idOrVar","v":"plural"},"value"]},{"$i":"minutes-until-short","$v":{"zero":"most","other":[{"t":"idOrVar","v":"value"}," percen belül"]},"$x":[{"t":"idOrVar","v":"plural"},"value"]},{"$i":"hours-until-short","$v":{"zero":"most","other":[{"t":"idOrVar","v":"value"}," órán belül"]},"$x":[{"t":"idOrVar","v":"plural"},"value"]},{"$i":"days-until-short","$v":{"zero":"ma","other":[{"t":"idOrVar","v":"value"}," napon belül"]},"$x":[{"t":"idOrVar","v":"plural"},"value"]},{"$i":"incorrectDate","$v":"(helytelen dátum)"},{"$i":"dateTimeFormat_%c","$v":"%Y. %b %d %a %H:%M:%S"},{"$i":"dateTimeFormat_%x","$v":"%Y. %m. %d."},{"$i":"dateTimeFormat_%X","$v":"%H:%M:%S"},{"$i":"shortTimeFormat","$v":"%I:%M %p"},{"$i":"shortTimeFormat12","$v":"%I:%M %p"},{"$i":"shortTimeFormat24","$v":"%H:%M"},{"$i":"shortDateTimeFormat","$v":"%x %H:%M"},{"$i":"weekStartsOnMonday","$v":"1"},{"$i":"firstDayOfTheWeek","$v":"0"},{"$i":"time_am","$v":"DE"},{"$i":"time_pm","$v":"DU"},{"$i":"title-app","$v":"App jogosultságok"},{"$i":"title-web","$v":"Webhely jogosultságok"},{"$i":"title-cam","$v":"Kamera kiválasztása"},{"$i":"perm-alarms","$v":"Riasztások ütemezése"},{"$i":"perm-audio-capture","$v":"Mikrofon"},{"$i":"perm-audio-capture-appRequest","$v":["Szeretné megosztani mikrofonját ezzel: ",{"t":"idOrVar","v":"app"},"?"]},{"$i":"perm-audio-capture-webRequest","$v":["Szeretné megosztani mikrofonját ezzel: ",{"t":"idOrVar","v":"site"},"?"]},{"$i":"perm-audio-channel-content","$v":"Hangok lejátszása"},{"$i":"perm-audio-channel-notification","$v":"Értesítési hangok lejátszása"},{"$i":"perm-audio-channel-ringer","$v":"Csengőhangok lejátszása"},{"$i":"perm-background-sensors","$v":"Érzékelőadatok elérése"},{"$i":"perm-bluetooth","$v":"Bluetooth"},{"$i":"perm-browser","$v":"Weboldalak vizsgálata"},{"$i":"perm-camera","$v":"Kamerák"},{"$i":"perm-camera-selector-appRequest","$v":["Kamera kiválasztása ehhez: ",{"t":"idOrVar","v":"app"},"."]},{"$i":"perm-camera-selector-webRequest","$v":["Kamera kiválasztása ehhez: ",{"t":"idOrVar","v":"site"},"."]},{"$i":"perm-cellbroadcast","$v":"Cellaszórások"},{"$i":"perm-contacts","$v":"Névjegyek"},{"$i":"perm-contacts-appRequest","$v":[{"t":"idOrVar","v":"app"}," el szeretné érni a névjegyek listáját."]},{"$i":"perm-contacts-webRequest","$v":[{"t":"idOrVar","v":"site"}," el szeretné érni a névjegyek listáját."]},{"$i":"perm-desktop-notification","$v":"Értesítések"},{"$i":"perm-desktop-notification-appRequest","$v":[{"t":"idOrVar","v":"app"}," szeretne értesítéseket megjeleníteni."]},{"$i":"perm-desktop-notification-webRequest","$v":[{"t":"idOrVar","v":"site"}," szeretne értesítéseket megjeleníteni."]},{"$i":"perm-device-storage-apps","$v":"Appok tárhelye"},{"$i":"perm-device-storage-music","$v":"Zene tárhely"},{"$i":"perm-device-storage-music-appRequest","$v":[{"t":"idOrVar","v":"app"}," el szeretné érni a zenéit."]},{"$i":"perm-device-storage-music-webRequest","$v":[{"t":"idOrVar","v":"site"}," el szeretné érni a zenéit."]},{"$i":"perm-device-storage-pictures","$v":"Képek tárhely"},{"$i":"perm-device-storage-pictures-appRequest","$v":[{"t":"idOrVar","v":"app"}," el szeretné érni a képeit."]},{"$i":"perm-device-storage-pictures-webRequest","$v":[{"t":"idOrVar","v":"site"}," el szeretné érni a képeit."]},{"$i":"perm-device-storage-sdcard","$v":"SD-kártya tárhely"},{"$i":"perm-device-storage-sdcard-appRequest","$v":[{"t":"idOrVar","v":"app"}," el szeretné érni a memóriakártyáját."]},{"$i":"perm-device-storage-sdcard-webRequest","$v":[{"t":"idOrVar","v":"site"}," el szeretné érni a memóriakártyáját."]},{"$i":"perm-device-storage-videos","$v":"Videotárhely"},{"$i":"perm-device-storage-videos-appRequest","$v":[{"t":"idOrVar","v":"app"}," el szeretné érni a videóit."]},{"$i":"perm-device-storage-videos-webRequest","$v":[{"t":"idOrVar","v":"site"}," el szeretné érni a videóit."]},{"$i":"perm-embed-apps","$v":"Appok beágyazása"},{"$i":"perm-fmradio","$v":"FM rádió"},{"$i":"perm-fmradio-appRequest","$v":[{"t":"idOrVar","v":"app"}," szeretné használni az FM rádiót."]},{"$i":"perm-fmradio-webRequest","$v":[{"t":"idOrVar","v":"site"}," szeretné használni az FM rádiót."]},{"$i":"perm-geolocation","$v":"Helymeghatározás"},{"$i":"perm-geolocation-appRequest","$v":[{"t":"idOrVar","v":"app"}," szeretné tudni az Ön földrajzi helyzetét."]},{"$i":"perm-geolocation-more-info","$v":["A ",{"t":"idOrVar","v":"brandShortName"}," a GPS, Wi-Fi és a közeli mobil hálózatok adatainak használatával határozza meg a megközelítő helyét. A Mozillának és más szolgáltatóknak adatok kerülnek elküldésre, amelyek összesítve azok helyadatbázisainak javítására lesznek felhasználva. Az eszközén adatok kerülhetnek tárolásra, és adatgyűjtés történhet akkor is, ha nem futnak appok."]},{"$i":"perm-geolocation-webRequest","$v":[{"t":"idOrVar","v":"site"}," szeretné tudni az Ön földrajzi helyzetét."]},{"$i":"perm-idle","$v":"Tétlen állapot megjelenítése"},{"$i":"perm-indexedDB-chrome-settings","$v":"Privilegizált IndexedDB"},{"$i":"perm-indexedDB-unlimited","$v":"Korlátlan IndexedDB tárolás"},{"$i":"perm-input-manage","$v":"Billentyűzetek kezelése"},{"$i":"perm-input","$v":"Viselkedés billentyűzetként"},{"$i":"perm-media-capture","$v":"Kamera és mikrofon"},{"$i":"perm-media-capture-appRequest","$v":["Szeretné megosztani kameráját és mikrofonját ezzel: ",{"t":"idOrVar","v":"app"},"?"]},{"$i":"perm-media-capture-webRequest","$v":["Szeretné megosztani kameráját és mikrofonját ezzel: ",{"t":"idOrVar","v":"site"},"?"]},{"$i":"perm-mobileconnection","$v":"Mobilkapcsolat"},{"$i":"perm-mobileid","$v":"Mobilazonosító"},{"$i":"perm-network-events","$v":"Hálózati események"},{"$i":"perm-open-remote-window","$v":"Egy app elindítása"},{"$i":"perm-permissions","$v":"App jogosultságok módosítása"},{"$i":"perm-power","$v":"Energiabeállítások"},{"$i":"perm-settings","$v":"Beállítások módosítása"},{"$i":"perm-systemXHR","$v":"Kereszteredetű kérések"},{"$i":"perm-telephony","$v":"Telefonálás"},{"$i":"perm-video-capture","$v":"Kamera"},{"$i":"perm-video-capture-appRequest","$v":["Szeretné megosztani kameráját ezzel: ",{"t":"idOrVar","v":"app"},"?"]},{"$i":"perm-video-capture-webRequest","$v":["Szeretné megosztani kameráját ezzel: ",{"t":"idOrVar","v":"site"},"?"]},{"$i":"perm-voicemail","$v":"Hanposta beállítása"},{"$i":"perm-webapps-manage","$v":"Webappok telepítése"},{"$i":"perm-wifi-manage","$v":"Wi-Fi kezelése"},{"$i":"perm-attention","$v":"Értesítőközpontbeli felbukkanók megnyitása"},{"$i":"perm-audio-channel-alarm","$v":"Riasztáshangok lejátszása"},{"$i":"perm-audio-channel-normal","$v":"Hangok lejátszása"},{"$i":"perm-audio-channel-publicnotification","$v":"Nyilvános értesítési hangok lejátszása"},{"$i":"perm-audio-channel-telephony","$v":"Telefon hangok lejátszása"},{"$i":"perm-backgroundservice","$v":"Viselkedés háttérfolyamatként"},{"$i":"perm-device-storage-crashes","$v":"Hibaadatok tárolása"},{"$i":"perm-downloads","$v":"Letöltések elérése"},{"$i":"perm-embed-widgets","$v":"Felületi elemek beágyazása"},{"$i":"perm-feature-detection","$v":"Funkciók felismerése"},{"$i":"perm-firefox-accounts","$v":"Firefox fiókok"},{"$i":"perm-mobilenetwork","$v":"Mobilhálózat"},{"$i":"perm-moz-attention","$v":"Értesítőközpontbeli felbukkanók megnyitása (moz)"},{"$i":"perm-moz-audio-channel-ringer","$v":"Csengőhangok lejátszása (moz)"},{"$i":"perm-moz-audio-channel-telephony","$v":"Telefon hangok lejátszása (moz)"},{"$i":"perm-moz-firefox-accounts","$v":"Firefox fiókok (moz)"},{"$i":"perm-networkstats-manage","$v":"Használati statisztika vezérlése"},{"$i":"perm-nfc","$v":"NFC"},{"$i":"perm-nfc-hci-events","$v":"NFC HCI események"},{"$i":"perm-nfc-manager","$v":"NFC kezelése"},{"$i":"perm-phonenumberservice","$v":"Telefonszám szolgáltatás"},{"$i":"perm-push","$v":"Push API"},{"$i":"perm-resourcestats-manage","$v":"Erőforrás-statisztikák"},{"$i":"perm-sms","$v":"SMS-ek küldése és fogadása"},{"$i":"perm-speaker-control","$v":"Hangerő vezérlése"},{"$i":"perm-storage","$v":"Tárhely elérése"},{"$i":"perm-tcp-socket","$v":"TCP foglalatok"},{"$i":"perm-test-permission","$v":"Teszt jogosultság"},{"$i":"perm-time","$v":"Idő és dátum beállítása"},{"$i":"perm-udp-socket","$v":"UDP foglalatok"},{"$i":"perm-wappush","$v":"WAP küldés"},{"$i":"stopped_download_title","$v":"A letöltés leállítva"},{"$i":"stopped_download_message","$v":"A letöltés le lett állítva. Megpróbálja újra?"},{"$i":"stopped_download_left_button","$v":"Mégse"},{"$i":"stopped_download_right_button","$v":"Újra"},{"$i":"failed_download_title","$v":"Letöltés sikertelen"},{"$i":"failed_download_message","$v":[{"t":"idOrVar","v":"name"}," letöltése nem sikerült. Megpróbálja újra?"]},{"$i":"failed_download_left_button","$v":"Mégse"},{"$i":"failed_download_right_button","$v":"Újra"},{"$i":"stop_download_title","$v":"Letöltés leállítása"},{"$i":"stop_download_message","$v":"Biztos, hogy leállítja a letöltést?"},{"$i":"stop_download_left_button","$v":"Nem"},{"$i":"stop_download_right_button","$v":"Igen"},{"$i":"delete_download_title","$v":"Törlés"},{"$i":"delete_download_message","$v":["Törli ezt: ",{"t":"idOrVar","v":"name"},"?"]},{"$i":"delete_download_left_button","$v":"Mégse"},{"$i":"delete_download_right_button","$v":"Törlés"},{"$i":"delete_all_download_title","$v":"Törlés"},{"$i":"delete_all_download_left_button","$v":"Mégse"},{"$i":"delete_all_download_right_button","$v":"Törlés"},{"$i":"delete_all_download_message","$v":{"zero":"Egy fájlt sem töröl?","one":"Töröl egy fájlt?","two":["Töröl ",{"t":"idOrVar","v":"number"}," fájlt?"],"few":["Töröl ",{"t":"idOrVar","v":"number"}," fájlt?"],"many":["Töröl ",{"t":"idOrVar","v":"number"}," fájlt?"],"other":["Töröl ",{"t":"idOrVar","v":"number"}," fájlt?"]},"$x":[{"t":"idOrVar","v":"plural"},"number"]},{"$i":"unsupported_file_type_download_title","$v":"Nem lehet megnyitni"},{"$i":"unsupported_file_type_download_message","$v":["Nincs a(z) ",{"t":"idOrVar","v":"name"}," megnyitására képes app. Menteni vagy törölni szeretné a fájlt?"]},{"$i":"unsupported_file_type_download_left_button","$v":"Megtartás"},{"$i":"unsupported_file_type_download_right_button","$v":"Törlés"},{"$i":"file_not_found_download_title","$v":"A fájl nem található"},{"$i":"file_not_found_download_message","$v":"A fájl nem található az eszközön"},{"$i":"file_not_found_download_right_button","$v":"OK"},{"$i":"unmounted_sdcard_2_download_title","$v":"A memóriakártya használatban van"},{"$i":"unmounted_sdcard_2_download_message","$v":"Húzza ki a telefont"},{"$i":"unmounted_sdcard_2_download_right_button","$v":"OK"},{"$i":"no_provider_download_title","$v":"Nem lehet megosztani"},{"$i":"no_provider_download_message","$v":"Nem található szolgáltató"},{"$i":"no_provider_download_right_button","$v":"OK"},{"$i":"no_memory_download_title","$v":"Az SD-kártya tele"},{"$i":"no_memory_download_message","$v":"Nincs több szabad tárhely az SD-kártyán a letöltés tárolásához. A letöltés újraindítása előtt távolítson el néhány fájlt az SD-kártyáról."},{"$i":"no_memory_download_right_button","$v":"OK"},{"$i":"no_sdcard_found_2_download_title","$v":"Nem található memóriakártya"},{"$i":"no_sdcard_found_2_download_message","$v":"Helyezzen be memóriakártyát, vagy válasszon másik alapértelmezett médiahelyet a beállításokban."},{"$i":"no_sdcard_found_2_download_right_button","$v":"OK"},{"$i":"file_open_error_download_title","$v":"Nem lehet megnyitni"},{"$i":"file_open_error_download_message","$v":["Hiba a(z) ",{"t":"idOrVar","v":"name"}," megnyitásakor. Menteni vagy törölni szeretné a fájlt?"]},{"$i":"file_open_error_download_left_button","$v":"Megtartás"},{"$i":"file_open_error_download_right_button","$v":"Törlés"},{"$i":"restart_download_error","$v":"Hiba történt a letöltés újraindításakor. Próbálja újra letölteni."},{"$i":"no-downloads","$v":"Nincs letöltés"},{"$i":"percentage","$v":[{"t":"idOrVar","v":"percentage"}," %"]},{"$i":"partialResult","$v":[{"t":"idOrVar","v":"partial"},"/",{"t":"idOrVar","v":"total"}]},{"$i":"summary","$v":[{"t":"idOrVar","v":"date"}," - ",{"t":"idOrVar","v":"status"}]},{"$i":"download-stopped","$v":"Leállítva"},{"$i":"download-failed","$v":"A letöltés meghiúsult"},{"$i":"open_downloaded_file","$v":"Megnyitás"},{"$i":"share_downloaded_file","$v":"Megosztás"},{"$i":"wallpaper_downloaded_file","$v":"Beállítás háttérképként"},{"$i":"ringtone_downloaded_file","$v":"Beállítás csengőhangként"},{"$i":"cancel_downloaded_file","$v":"Mégse"},{"$i":"voicemailNoNumberTitle","$v":"A hangposta száma nem érhető el"},{"$i":"voicemailNoNumberText","$v":"A hangposta hívása sikertelen. Állítson be egy telefonszámot a híváshoz."},{"$i":"voicemailNoNumberSettings","$v":"Beállítások"},{"$i":"voicemailNoNumberCancel","$v":"Mégse"},{"$i":"airplaneMode","$v":"Repülő mód"},{"$i":"searching","$v":"Keresés…"},{"$i":"noNetwork","$v":"Nincs hálózat"},{"$i":"roaming","$v":[{"t":"idOrVar","v":"operator"}," (Roaming)"]},{"$i":"operator-info","$v":[{"t":"idOrVar","v":"carrier"}," ",{"t":"idOrVar","v":"region"}]},{"$i":"emergencyCallsOnly-unknownSIMState","$v":"(ismeretlen SIM állapot)"},{"$i":"emergencyCallsOnly-noSIM","$v":"(nincs SIM)"},{"$i":"emergencyCallsOnly-pinRequired","$v":"(SIM PIN kód szükséges)"},{"$i":"emergencyCallsOnly-pukRequired","$v":"(SIM PUK kód szükséges)"},{"$i":"emergencyCallsOnly-networkLocked","$v":"(hálózat zárolva)"},{"$i":"emergencyCallsOnly-serviceProviderLocked","$v":"(szolgáltató zárolta)"},{"$i":"emergencyCallsOnly-corporateLocked","$v":"(cég zárolta)"},{"$i":"emergencyCallsOnly-network1Locked","$v":"(hálózat1 zárolva)"},{"$i":"emergencyCallsOnly-network2Locked","$v":"(hálózat2 zárolva)"},{"$i":"emergencyCallsOnly-hrpdNetworkLocked","$v":"(hrpd hálózat zárolva)"},{"$i":"emergencyCallsOnly-ruimCorporateLocked","$v":"(ruim cég zárolva)"},{"$i":"emergencyCallsOnly-ruimServiceProviderLocked","$v":"(ruim szolgáltató zárolva)"},{"$i":"lockscreen-sim-id","$v":[{"t":"idOrVar","v":"n"},". SIM"]},{"$i":"charging-status-no-time","$v":[{"t":"idOrVar","v":"level"},"% Charged"]},{"$i":"charging-status-minutes","$v":{"zero":[{"t":"idOrVar","v":"level"},"% Charged (",{"t":"idOrVar","v":"minutes"}," mins remaining)"],"one":[{"t":"idOrVar","v":"level"},"% Charged (",{"t":"idOrVar","v":"minutes"}," min remaining)"],"two":[{"t":"idOrVar","v":"level"},"% Charged (",{"t":"idOrVar","v":"minutes"}," mins remaining)"],"few":[{"t":"idOrVar","v":"level"},"% Charged (",{"t":"idOrVar","v":"minutes"}," mins remaining)"],"many":[{"t":"idOrVar","v":"level"},"% Charged (",{"t":"idOrVar","v":"minutes"}," mins remaining)"],"other":[{"t":"idOrVar","v":"level"},"% Charged (",{"t":"idOrVar","v":"minutes"}," mins remaining)"]},"$x":[{"t":"idOrVar","v":"plural"},"minutes"]},{"$i":"charging-status-hours","$v":{"zero":[{"t":"idOrVar","v":"level"},"% Charged (",{"t":"idOrVar","v":"hours"},"h ",{"t":"idOrVar","v":"minutes"}," mins remaining)"],"one":[{"t":"idOrVar","v":"level"},"% Charged (",{"t":"idOrVar","v":"hours"},"h ",{"t":"idOrVar","v":"minutes"}," min remaining)"],"two":[{"t":"idOrVar","v":"level"},"% Charged (",{"t":"idOrVar","v":"hours"},"h ",{"t":"idOrVar","v":"minutes"}," mins remaining)"],"few":[{"t":"idOrVar","v":"level"},"% Charged (",{"t":"idOrVar","v":"hours"},"h ",{"t":"idOrVar","v":"minutes"}," mins remaining)"],"many":[{"t":"idOrVar","v":"level"},"% Charged (",{"t":"idOrVar","v":"hours"},"h ",{"t":"idOrVar","v":"minutes"}," mins remaining)"],"other":[{"t":"idOrVar","v":"level"},"% Charged (",{"t":"idOrVar","v":"hours"},"h ",{"t":"idOrVar","v":"minutes"}," mins remaining)"]},"$x":[{"t":"idOrVar","v":"plural"},"minutes"]},{"$i":"gaia-menu-cancel","$v":"Mégse"}]