[{"$i":"share","$v":"共有"},{"$i":"resend","$v":"再送信"},{"$i":"connecting","$v":"接続中"},{"$i":"verify","$v":"検証"},{"$i":"verifying","$v":"検証中"},{"$i":"verified","$v":"検証完了"},{"$i":"mobileIDExplanation","$v":[{"t":"idOrVar","v":"app_name"}," が検証のため携帯端末の電話番号を求めています。共有するものを選ぶか新しいものを入力してください。"]},{"$i":"verificationCodeExplanation","$v":[{"t":"idOrVar","v":"phone_number"}," にコードを送信しました。これは自動的にピックアップされますが、この端末で使用しているものでない場合は手動で入力する必要があります。"]},{"$i":"successMessage","$v":["あなたの電話番号 ",{"t":"idOrVar","v":"phone_number"}," が検証され、",{"t":"idOrVar","v":"app_name"}," で利用できるようになりました。"]},{"$i":"serverErrorMessage","$v":"現在、検証サーバが利用できません。インターネット接続を確認して再度試すか、数分お待ちください。"},{"$i":"timeoutErrorMessage","$v":"検証コードに問題があるようです。もう一度お試しください。"},{"$i":"errorTitle","$v":"モバイル個人認証"},{"$i":"ok","$v":"OK"},{"$i":"addPhoneNumber","$v":"または、あなたの電話番号を追加してください"},{"$i":"selectPhoneNumber","$v":"または、リストから電話番号を選択してください"},{"$i":"firefox-accounts-title","$v":"Firefox アカウント"},{"$i":"fxa-next","$v":"次へ"},{"$i":"fxa-back","$v":"戻る"},{"$i":"fxa-done","$v":"完了"},{"$i":"fxa-ok","$v":"OK"},{"$i":"fxa-connection-error-title","$v":"接続できません"},{"$i":"fxa-connection-error-message","$v":"設定からアカウントを作成またはサインインできます。"},{"$i":"fxa-reset-password-error-title","$v":"パスワードリセット"},{"$i":"fxa-reset-password-error-message","$v":"設定からパスワードをリセットできます。"},{"$i":"fxa-coppa-failure-error-title","$v":"アカウントを作成できません"},{"$i":"fxa-coppa-failure-error-message","$v":["Firefox アカウントの作成には年齢制限があります。",{"t":"idOrVar","v":"learnmore"}]},{"$i":"fxa-learn-more","$v":"詳細情報"},{"$i":"fxa-offline-error-title","$v":"接続できません"},{"$i":"fxa-offline-error-message","$v":"設定からネットワークに接続してください。"},{"$i":"fxa-invalid-email-title","$v":"エラー"},{"$i":"fxa-invalid-email-message","$v":"正しいメールアドレスを入力してください。"},{"$i":"fxa-invalid-password-title","$v":"パスワードが不正です"},{"$i":"fxa-invalid-password-message","$v":"パスワードをよく確認して再度試してください。"},{"$i":"fxa-unknown-error-title","$v":"接続できません"},{"$i":"fxa-unknown-error-message","$v":"システムが利用できません。後で再度試してください。"},{"$i":"fxa-connecting","$v":"接続中"},{"$i":"fxa-enter-email-input","placeholder":"メールアドレスを入力してください"},{"$i":"fxa-use-email-to-sign-in","$v":"メールアドレスを入力してアカウントを作成またはサインインしてください。"},{"$i":"fxa-notice","$v":["手続きを進めると、Firefox クラウドサービスの ",{"t":"idOrVar","v":"tos"}," および ",{"t":"idOrVar","v":"pn"}," に同意したものとみなされます。"]},{"$i":"fxa-tos","$v":"サービス利用規約"},{"$i":"fxa-pn","$v":"プライバシー通知"},{"$i":"fxa-create-password-title","$v":"パスワードの作成"},{"$i":"fxa-enter-password-title","$v":"パスワードを入力してください"},{"$i":"fxa-hello-user","$v":[{"t":"idOrVar","v":"email"}," さん、こんにちは"]},{"$i":"fxa-password-refresh","$v":"続けるには、Firefox アカウントのパスワードを入力してください。"},{"$i":"fxa-password","placeholder":"パスワード"},{"$i":"fxa-forgot-your-password","$v":"パスワードをお忘れですか？"},{"$i":"fxa-show-password","$v":"パスワードを表示する"},{"$i":"fxa-password-length-requirement","$v":"パスワードは 8 文字以上の長さにする必要があります。"},{"$i":"fxa-success","$v":"登録完了！"},{"$i":"fxa-ready-to-go","$v":"Firefox アカウントの準備が整いました。"},{"$i":"fxa-use-features","$v":"Find My Device や Firefox Marketplace などの機能が利用できます。"},{"$i":"fxa-access-manage-account-settings","$v":"将来、設定からアカウントへのアクセスと管理ができるようになります。"},{"$i":"fxa-confirm-account","$v":"アカウントの確認"},{"$i":"fxa-will-send-email","$v":["次のメールアドレスに確認のメールを送信しました: ",{"t":"idOrVar","v":"email"}]},{"$i":"fxa-signup-click-verification-link-in-email","$v":"送信されたメールを確認し、メールに書かれたリンクをクリックして Firefox アカウントを認証してください。"},{"$i":"fxa-age-verification","$v":"年齢認証"},{"$i":"fxa-age-earlier","$v":[{"t":"idOrVar","v":"year"}," or earlier"]},{"$i":"fxa-year-of-birth","$v":"誕生年"},{"$i":"brandShortName","$v":"B2G OS"},{"$i":"browserBrandShortName","$v":"Web Browser"},{"$i":"browserBrandFullName","$v":"Mozilla Web Browser"},{"$i":"ringtoneBrandName","$v":"Default"},{"$i":"ringtoneSectionBrandName","$v":"System"},{"$i":"back","$v":"戻る"},{"$i":"help","$v":"ヘルプ"},{"$i":"cancel","$v":"キャンセル"},{"$i":"close","$v":"閉じる"},{"$i":"skip","$v":"スキップ"},{"$i":"clear","ariaLabel":"消去"},{"$i":"enable","$v":"有効"},{"$i":"turnOn","$v":"Turn On"},{"$i":"undo","ariaLabel":"元に戻す"},{"$i":"enterPIN","$v":"PIN コードを入力"},{"$i":"mediaPlaybackTrack","ariaLabel":"Track title and artist"},{"$i":"mediaPlaybackControls","ariaLabel":"再生コントロール"},{"$i":"mediaPlaybackPrevious","ariaLabel":"前の曲"},{"$i":"mediaPlaybackPlay","ariaLabel":"再生"},{"$i":"mediaPlaybackPause","ariaLabel":"一時停止"},{"$i":"mediaPlaybackNext","ariaLabel":"次の曲"},{"$i":"UnknownTrack","$v":"詳細不明のトラック"},{"$i":"wifiButton-on","$v":"Wi-Fi ON"},{"$i":"wifiButton-on-initializing","$v":"Wi-Fi ON、初期化中"},{"$i":"wifiButton-off","$v":"Wi-Fi OFF"},{"$i":"dataButton-on","$v":["データ通信 ",{"t":"idOrVar","v":"type"}," ON"]},{"$i":"dataButton-off","$v":["データ通信 ",{"t":"idOrVar","v":"type"}," OFF"]},{"$i":"bluetoothButton-on","$v":"Bluetooth ON"},{"$i":"bluetoothButton-on-initializing","$v":"Bluetooth ON、初期化中"},{"$i":"bluetoothButton-off","$v":"Bluetooth OFF"},{"$i":"airplaneMode-on","$v":"機内モード ON"},{"$i":"airplaneMode-off","$v":"機内モード OFF"},{"$i":"settingsButton","ariaLabel":"設定"},{"$i":"utilityTray","ariaLabel":"ユーティリティトレイ"},{"$i":"statusbarOperator","$v":[{"t":"idOrVar","v":"date"},", ",{"t":"idOrVar","v":"operator"}]},{"$i":"statusbarDateFormat","$v":"%b%e日"},{"$i":"statusbar","ariaLabel":"ステータスバー"},{"$i":"statusbarBattery","ariaLabel":["電池残量 ",{"t":"idOrVar","v":"level"},"%"]},{"$i":"statusbarBatteryCharging","ariaLabel":["電池残量 ",{"t":"idOrVar","v":"level"},"%、充電中"]},{"$i":"statusbarAirplaneMode","ariaLabel":"Airplane mode on"},{"$i":"statusbarWiFiConnecting","ariaLabel":"Wi-Fi: connecting"},{"$i":"statusbarWiFiConnected","ariaLabel":["Wi-Fi: ",{"t":"idOrVar","v":"level"}," of 4 bars"]},{"$i":"statusbarSignal","ariaLabel":[{"t":"idOrVar","v":"operator"}," network, ",{"t":"idOrVar","v":"level"}," of 5 bars"]},{"$i":"statusbarSignalRoaming","ariaLabel":[{"t":"idOrVar","v":"operator"}," network (roaming), ",{"t":"idOrVar","v":"level"}," of 5 bars"]},{"$i":"statusbarSignalNoneSearching","ariaLabel":"Searching… Emergency calls only"},{"$i":"emergencyCallsOnly","$v":"緊急通報のみ"},{"$i":"statusbarSignalNoSimCard","ariaLabel":"No SIM card"},{"$i":"statusbarHeadphone","ariaLabel":"Headphones on"},{"$i":"statusbarBluetoothHeadphone","ariaLabel":"Bluetooth headphones on"},{"$i":"statusbarBluetoothTransfer","ariaLabel":"Bluetooth transfer active"},{"$i":"statusbarIconOn-tethering","ariaLabel":"Tethering on"},{"$i":"statusbarIconOnActive-tethering","ariaLabel":"Tethering on, active"},{"$i":"statusbarAlarm","ariaLabel":"アラーム ON"},{"$i":"statusbarIconOn-bluetooth","ariaLabel":"Bluetooth on"},{"$i":"statusbarIconOnActive-bluetooth","ariaLabel":"Bluetooth on, active"},{"$i":"statusbarIconOn-mute","ariaLabel":"Mute on"},{"$i":"statusbarIconOn-vibration","ariaLabel":"Vibration on"},{"$i":"statusbarRecording","ariaLabel":"録音 ON"},{"$i":"statusbarGeolocation","ariaLabel":"位置情報 ON"},{"$i":"statusbarUsb","ariaLabel":"USB ON"},{"$i":"statusbarCallForwarding","$v":"Call forwarding on"},{"$i":"statusbarPlaying","ariaLabel":"メディア再生中"},{"$i":"statusbarNfc","ariaLabel":"NFC ON"},{"$i":"statusbarDownload","ariaLabel":"Downloading…"},{"$i":"statusbarNetworkActivity","ariaLabel":"ネットワーク ON"},{"$i":"statusbarEmergencyCallback","ariaLabel":"Emergency callback"},{"$i":"statusbarNotifications","$v":{"one":["通知",{"t":"idOrVar","v":"n"},"件"],"two":["通知",{"t":"idOrVar","v":"n"},"件"],"few":["通知",{"t":"idOrVar","v":"n"},"件"],"many":["通知",{"t":"idOrVar","v":"n"},"件"],"other":["通知",{"t":"idOrVar","v":"n"},"件"]},"$x":[{"t":"idOrVar","v":"plural"},"n"]},{"$i":"statusbarNotifications-unread","ariaLabel":{"$x":[{"t":"idOrVar","v":"plural"},"n"],"$v":{"one":["未読の通知",{"t":"idOrVar","v":"n"},"件"],"two":["未読の通知",{"t":"idOrVar","v":"n"},"件s"],"few":["未読の通知",{"t":"idOrVar","v":"n"},"件s"],"many":["未読の通知",{"t":"idOrVar","v":"n"},"件s"],"other":["未読の通知",{"t":"idOrVar","v":"n"},"件s"]}}},{"$i":"notifications","$v":"通知"},{"$i":"clear-all","$v":"すべて消去"},{"$i":"attentionScreen-tapToShow","$v":"タップして表示"},{"$i":"newVoicemails","$v":{"zero":"新着ボイスメールなし","one":"新着ボイスメール1件","two":["新着ボイスメール",{"t":"idOrVar","v":"n"},"件"],"few":["新着ボイスメール",{"t":"idOrVar","v":"n"},"件"],"many":["新着ボイスメール",{"t":"idOrVar","v":"n"},"件"],"other":["新着ボイスメール",{"t":"idOrVar","v":"n"},"件"]},"$x":[{"t":"idOrVar","v":"plural"},"n"]},{"$i":"newVoicemailsUnknown","$v":"新着ボイスメールあり"},{"$i":"dialNumber","$v":["着信番号 ",{"t":"idOrVar","v":"number"}]},{"$i":"voicemailNotificationMultiSim","$v":["(SIM",{"t":"idOrVar","v":"n"},") ",{"t":"idOrVar","v":"title"}]},{"$i":"euRoamingNotificationTitle","$v":"EU インターネットを検出しました"},{"$i":"euRoamingNotificationMsg","$v":"タップして変更します。"},{"$i":"confirmNFCConnectBTenabledNameUnknown","$v":"端末に接続してもよろしいですか？"},{"$i":"confirmNFCConnectBTdisabledNameUnknown","$v":"Bluetooth を ON にして端末に接続しますか？"},{"$i":"confirmNFCConnectBTenabledNameKnown","$v":[{"t":"idOrVar","v":"deviceName"}," に接続してもよろしいですか？"]},{"$i":"confirmNFCConnectBTdisabledNameKnown","$v":["Bluetooth を ON にして ",{"t":"idOrVar","v":"deviceName"}," に接続しますか？"]},{"$i":"confirmNFCConnectBTdisabled","$v":"ON にする"},{"$i":"dismissNFCConnectBTdisabled","$v":"キャンセル"},{"$i":"confirmation","$v":"接続確認"},{"$i":"deviceMenu","$v":"端末モード変更"},{"$i":"airplane","$v":"機内モード ON"},{"$i":"airplaneOff","$v":"機内モード OFF"},{"$i":"silent","$v":"マナーモード ON"},{"$i":"normal","$v":"マナーモード OFF"},{"$i":"restart","$v":"再起動"},{"$i":"power","$v":"電源 OFF"},{"$i":"no-recent-app-windows","$v":"最近開いたアプリのウィンドウがここに表示されます"},{"$i":"no-recent-browser-windows","$v":"最近開いたブラウザウィンドウがここに表示されます"},{"$i":"closeCard","ariaLabel":"閉じる"},{"$i":"openCard","ariaLabel":"開く"},{"$i":"yes","$v":"はい"},{"$i":"no","$v":"いいえ"},{"$i":"dontallow","$v":"許可しない"},{"$i":"allow","$v":"許可する"},{"$i":"dontshare-geolocation","$v":"共有しない"},{"$i":"share-geolocation","$v":"共有する"},{"$i":"dontshare-audio-capture","$v":"共有しない"},{"$i":"share-audio-capture","$v":"共有する"},{"$i":"dontshare-video-capture","$v":"共有しない"},{"$i":"share-video-capture","$v":"共有する"},{"$i":"dontshare-media-capture","$v":"共有しない"},{"$i":"share-media-capture","$v":"共有する"},{"$i":"device-front","$v":"前面カメラ"},{"$i":"device-back","$v":"背面カメラ"},{"$i":"remember-my-choice","$v":"今後同様に処理する"},{"$i":"more-info","$v":"詳細情報…"},{"$i":"hide-info","$v":"情報を隠す"},{"$i":"install-app","$v":[{"t":"idOrVar","v":"name"}," をインストールしますか？"]},{"$i":"size","$v":"サイズ"},{"$i":"author","$v":"作者"},{"$i":"size-unknown","$v":"サイズ不明"},{"$i":"author-unknown","$v":"作者不明"},{"$i":"install","$v":"インストール"},{"$i":"bytes","$v":"バイト"},{"$i":"kB","$v":"KB"},{"$i":"MB","$v":"MB"},{"$i":"GB","$v":"GB"},{"$i":"TB","$v":"TB"},{"$i":"PB","$v":"PB"},{"$i":"app-install-generic-error","$v":[{"t":"idOrVar","v":"appName"}," のダウンロードを停止しました"]},{"$i":"app-install-download-failed","$v":[{"t":"idOrVar","v":"appName"}," のダウンロードに失敗しました"]},{"$i":"app-install-install-failed","$v":[{"t":"idOrVar","v":"appName"}," のインストールに失敗しました"]},{"$i":"cancelling-will-not-refund","$v":"キャンセルしても払い戻しはありません。有料コンテンツの払い戻しはコンテンツの販売者により行われます。"},{"$i":"apps-can-be-installed-later","$v":"アプリは後でコンテンツの配布元からインストールすることができます。"},{"$i":"are-you-sure-you-want-to-cancel","$v":"このインストールをキャンセルしてもよろしいですか？"},{"$i":"cancel-install","$v":"インストール中止"},{"$i":"cancel-install-button","$v":"インストール中止"},{"$i":"resume","$v":"再開"},{"$i":"continue","$v":"続行"},{"$i":"stopDownloading","$v":[{"t":"idOrVar","v":"app"}," のダウンロードを停止しますか？"]},{"$i":"app-download-can-be-restarted","$v":"ダウンロードは後で再開できます。"},{"$i":"app-download-stop-button","$v":"ダウンロード停止"},{"$i":"not-enough-space","$v":"十分な空き領域がありません"},{"$i":"not-enough-space-message","$v":"このアプリのインストールに必要な空き領域がありません。古いアプリやメディアを削除するなどして空きを増やし、配布元からインストールしてください。"},{"$i":"app-install-success","$v":[{"t":"idOrVar","v":"appName"}," のインストールが完了しました"]},{"$i":"langpack-install-success2","$v":[{"t":"idOrVar","v":"appName"}," installed. Go to Settings > Language to enable it."]},{"$i":"setup","$v":"セットアップ"},{"$i":"ime-addkeyboards","$v":"キーボードを追加"},{"$i":"later","$v":"後にする"},{"$i":"download","$v":"ダウンロード"},{"$i":"wantToDownload","$v":"更新をダウンロードしますか？"},{"$i":"wantToInstallNow","$v":"更新を今すぐインストールしますか？ インストール中は電話が使用できなくなります。"},{"$i":"installNow","$v":"インストール"},{"$i":"notNow","$v":"後で"},{"$i":"downloadingUpdateMessage","innerHTML":["更新ファイルをダウンロードしています… <span>",{"t":"idOrVar","v":"progress"}," 完了。</span>"]},{"$i":"downloadingAppMessage","$v":[{"t":"idOrVar","v":"appName"}," をダウンロードしています"]},{"$i":"downloadingAppProgressNoMax","$v":[{"t":"idOrVar","v":"progress"}," 完了"]},{"$i":"downloadingAppProgressIndeterminate","$v":"ダウンロード中"},{"$i":"downloadingAppProgress","$v":[{"t":"idOrVar","v":"progress"}," / ",{"t":"idOrVar","v":"max"}," 完了"]},{"$i":"cancelAllDownloads","$v":"すべてのダウンロードをキャンセル"},{"$i":"wantToCancelAll","$v":"すべてのダウンロードをキャンセルしてもよろしいですか？"},{"$i":"downloadError","$v":"更新ファイルのダウンロード中にエラーが発生しました。"},{"$i":"updateAvailableInfo","innerHTML":{"$x":[{"t":"idOrVar","v":"plural"},"n"],"$v":{"one":[{"t":"idOrVar","v":"n"},"個のソフトウェアが更新可能です。 <span>詳細はタップしてください。</span>"],"two":[{"t":"idOrVar","v":"n"},"個のソフトウェアが更新可能です。 <span>詳細はタップしてください。</span>"],"few":[{"t":"idOrVar","v":"n"},"個のソフトウェアが更新可能です。 <span>詳細はタップしてください。</span>"],"many":[{"t":"idOrVar","v":"n"},"個のソフトウェアが更新可能です。 <span>詳細はタップしてください。</span>"],"other":[{"t":"idOrVar","v":"n"},"個のソフトウェアが更新可能です。 <span>詳細はタップしてください。</span>"]}}},{"$i":"numberOfUpdates","$v":{"one":[{"t":"idOrVar","v":"n"},"個のソフトウェアが更新可能です"],"two":[{"t":"idOrVar","v":"n"},"個のソフトウェアが更新可能です"],"few":[{"t":"idOrVar","v":"n"},"個のソフトウェアが更新可能です"],"many":[{"t":"idOrVar","v":"n"},"個のソフトウェアが更新可能です"],"other":[{"t":"idOrVar","v":"n"},"個のソフトウェアが更新可能です"]},"$x":[{"t":"idOrVar","v":"plural"},"n"]},{"$i":"systemUpdate","$v":"システムの更新"},{"$i":"systemUpdateReady","$v":"システムの更新が可能です"},{"$i":"systemUpdateLowBatteryThreshold","$v":["更新をインストールするには電池残量が ",{"t":"idOrVar","v":"threshold"},"% 以上必要です。"]},{"$i":"required","$v":"必須"},{"$i":"uncompressingMessage","innerHTML":"展開中です… <span>この処理は数分かかることがあります。</span>"},{"$i":"downloadWifiPrioritizedUsing2G","$v":"Wi-Fi が利用できない場合、データ通信を通じて更新ファイルがダウンロードされます。データ通信を利用する場合、通話がブロックされ、追加料金がかかる可能性があります。"},{"$i":"downloadWifiPrioritized3","$v":"Wi-Fi が利用できない場合、データ通信を通じて更新ファイルがダウンロードされます。データ通信を利用する場合、追加料金がかかる可能性があります。"},{"$i":"downloadNoWifiWarning","$v":"Wi-Fi が利用できません。現在の接続で更新を行うと追加料金がかかる可能性があります。"},{"$i":"downloadOfflineWarning2","$v":"ネットワークに接続して更新ファイルをダウンロードしてください。"},{"$i":"downloadUpdatesViaDataConnection","$v":"データ通信を通じて更新ファイルをダウンロードしますか？"},{"$i":"downloadUpdatesVia2GForbidden3","$v":"低速回線 (2G) では更新をダウンロードできません。Wi-Fi 経由か (可能であれば) 3G 回線に接続して再度試してください。"},{"$i":"downloadUpdatesViaDataConnectionMessage3","$v":"データ通信を利用すると追加の通信料金がかかる可能性があります。続けてもよろしいですか？"},{"$i":"downloadUpdatesViaDataRoamingConnection","$v":"データローミング経由で更新をダウンロードしますか？"},{"$i":"downloadUpdatesViaDataRoamingConnectionMessage","$v":"現在ローミング接続しているため追加料金がかかる可能性があります。続けてもよろしいですか？"},{"$i":"screenshotSaved","$v":"画面をギャラリーに保存しました"},{"$i":"screenshotFailed","$v":"画面の保存に失敗しました"},{"$i":"screenshotNoSDCard","$v":"メモリーカードが見つかりません"},{"$i":"screenshotSDCardInUse","$v":"メモリーカードが使用中です"},{"$i":"screenshotSDCardLow","$v":"メモリーカードに十分な空き領域がありません"},{"$i":"logsSaved","$v":"ログをストレージに保存しました"},{"$i":"logsSaveError","$v":"ログの保存中にエラーが発生しました"},{"$i":"logsSaving","$v":"ログの取得中…"},{"$i":"logsOperationFailed","$v":[{"t":"idOrVar","v":"operation"}," の操作に失敗しました。"]},{"$i":"logsGenericError","$v":"予期しないエラーが発生しました。"},{"$i":"logsSDCardMaybeShared","$v":"SD カードがコンピュータと共有されていないことを確認してください。"},{"$i":"emergency-call-button","$v":"緊急通報"},{"$i":"emergency-call","$v":"緊急通報"},{"$i":"unlock-a11y-button","ariaLabel":"ロック解除"},{"$i":"camera-a11y-button","ariaLabel":"カメラ"},{"$i":"longDateFormat","$v":"%B%e日(%a)"},{"$i":"panel-passcode","ariaLabel":"パスコードパネル"},{"$i":"open-notification","$v":"開く"},{"$i":"softwareHomeButton","ariaLabel":"ホーム"},{"$i":"login","$v":"サインイン"},{"$i":"sign-in-to-website","$v":"Web サイトにサインイン"},{"$i":"username","$v":"ユーザ名"},{"$i":"password","$v":"パスワード"},{"$i":"http-authentication-message2","$v":[{"t":"idOrVar","v":"host"}," の Web サイトにサインインしてください。"]},{"$i":"error-message","$v":[{"t":"idOrVar","v":"name"}," を正しく読み込めません"]},{"$i":"error-title","$v":[{"t":"idOrVar","v":"name"}," に問題があります"]},{"$i":"unable-to-connect","$v":"接続できません"},{"$i":"tap-to-check-settings","$v":"タップして設定を確認してください"},{"$i":"delete-title","$v":[{"t":"idOrVar","v":"name"}," の削除"]},{"$i":"delete-body","$v":[{"t":"idOrVar","v":"name"}," およびそのすべてのデータが削除されます。"]},{"$i":"delete","$v":"削除"},{"$i":"unrecoverable-error-title","$v":"アプリケーションの削除"},{"$i":"unrecoverable-error-body","$v":"復旧不能なエラーが原因でアプリケーションをインストールできません。再度ダウンロードしてください。このアプリケーションは削除されます。"},{"$i":"unrecoverable-error-action","$v":"OK"},{"$i":"data-roaming-enabled-title","$v":"データローミングを ON にしますか？"},{"$i":"data-roaming-enabled-warning2","$v":"インターネットにアクセスするにはデータローミングを ON 煮する必要があります。ご利用の通信事業者の利用規約により、追加料金がかかる可能性があります。データローミングを ON にしてもよろしいですか？"},{"$i":"select-time","$v":"時刻選択"},{"$i":"choose-option","$v":"オプション選択"},{"$i":"choose-options","$v":"オプション選択(複数可)"},{"$i":"select-day","$v":"日時選択"},{"$i":"battery-almost-empty3","$v":"電池残量が少なくなっています。"},{"$i":"plug-in-your-charger","$v":"充電してください。"},{"$i":"new-window","$v":"新しいウィンドウ"},{"$i":"new-private-window","$v":"新しいプライベートウィンドウ"},{"$i":"show-windows","$v":"ウィンドウを表示"},{"$i":"add-to-home-screen","$v":"ホーム画面に追加"},{"$i":"crash-dialog2-os","$v":[{"t":"idOrVar","v":"brandShortName"}," がクラッシュから復旧しました"]},{"$i":"crash-dialog-app","$v":[{"t":"idOrVar","v":"name"}," がクラッシュしました"]},{"$i":"crash-dialog-app-noname","$v":"Something"},{"$i":"crash-dialog-message","$v":"問題の修正に役立てるクラッシュについての情報を Mozilla に送信しますか？ (レポートは Wi-Fi 経由でのみ送信されます)"},{"$i":"crash-info-link","$v":"クラッシュレポートに含まれる内容は？"},{"$i":"crash-always-report","$v":"クラッシュ発生時に常にレポートを Mozilla に送信する。"},{"$i":"crash-dont-send","$v":"送信しない"},{"$i":"crash-end","$v":"レポートを送信する"},{"$i":"crashReports","$v":"クラッシュレポート"},{"$i":"done","$v":"完了"},{"$i":"crash-reports-description-1","$v":"クラッシュレポートには、クラッシュについての詳細とクラッシュ時の端末の状態のスナップショット情報が含まれます。"},{"$i":"crash-reports-description-2","$v":"これには、開いていたページやアプリ、フォームに入力したテキスト、オープンメッセージのコンテンツ、最近表示したページの履歴、オープンアプリに使用される位置情報などが含まれます。"},{"$i":"crash-reports-description-3-start","$v":"クラッシュレポートは、問題の修正や製品の改善のために使用されます。上記のあなたについての情報は、"},{"$i":"crash-reports-description-3-privacy","$v":"プライバシーポリシー"},{"$i":"crash-reports-description-3-end","$v":"に従って扱われます。"},{"$i":"crash-banner-os2","$v":[{"t":"idOrVar","v":"brandShortName"}," がクラッシュしました。"]},{"$i":"crash-banner-app","$v":[{"t":"idOrVar","v":"name"}," がクラッシュしました。"]},{"$i":"crash-banner-report","$v":"報告"},{"$i":"bluetooth-sending-progress","$v":"Bluetooth 転送で送信中…"},{"$i":"bluetooth-receiving-progress","$v":"Bluetooth 転送で受信中…"},{"$i":"acceptFileTransfer","$v":"Bluetooth ファイル転送を許可しますか？"},{"$i":"wantToReceiveFile","$v":[{"t":"idOrVar","v":"deviceName"}," が ",{"t":"idOrVar","v":"fileName"}," (",{"t":"idOrVar","v":"fileSize"},") の転送許可を求めています。"]},{"$i":"transfer-confirmation-title","$v":[{"t":"idOrVar","v":"deviceName"}]},{"$i":"transfer-confirmation-description","$v":"転送要求を検討してください。"},{"$i":"byteUnit-B","$v":"B"},{"$i":"byteUnit-KB","$v":"KB"},{"$i":"byteUnit-MB","$v":"MB"},{"$i":"byteUnit-GB","$v":"GB"},{"$i":"byteUnit-TB","$v":"TB"},{"$i":"byteUnit-PB","$v":"PB"},{"$i":"byteUnit-EB","$v":"EB"},{"$i":"byteUnit-ZB","$v":"ZB"},{"$i":"byteUnit-YB","$v":"YB"},{"$i":"fileSize","$v":[{"t":"idOrVar","v":"size"},{"t":"idOrVar","v":"unit"}]},{"$i":"deny","$v":"拒否"},{"$i":"transfer","$v":"転送"},{"$i":"cancelFileTransfer","$v":"Bluetooth 転送をキャンセルしますか？"},{"$i":"continueFileTransfer","$v":"転送続行"},{"$i":"transfer-has-started-title","$v":"転送を開始しました"},{"$i":"transfer-has-started-description","$v":"経過は通知センターで確認できます。"},{"$i":"transferFinished-sentSuccessful-title","$v":"ファイルを送信しました"},{"$i":"transferFinished-receivedSuccessful-title","$v":"ファイルを受信しました"},{"$i":"transferFinished-sentFailed-title","$v":"ファイルを送信できませんでした"},{"$i":"transferFinished-receivedFailed-title","$v":"ファイルを受信できませんでした"},{"$i":"transferReport-title","$v":"転送レポート:"},{"$i":"transferReport-description","$v":["転送成功 ",{"t":"idOrVar","v":"numSuccessful"},"個、転送失敗 ",{"t":"idOrVar","v":"numUnsuccessful"},"個"]},{"$i":"unknown-file","$v":"不明なファイル"},{"$i":"unknown-device","$v":"不明な端末"},{"$i":"cannotOpenFile","$v":"受信したファイルを開けません"},{"$i":"unknownMediaTypeToOpenFile","$v":["不明なメディアタイプは開けません: ",{"t":"idOrVar","v":"fileName"}]},{"$i":"cannotReceiveFile","$v":"ファイルを受信できません"},{"$i":"cannotGetStorageState","$v":"端末のストレージの状態を取得できません。"},{"$i":"sdcard-not-exist2","$v":"メモリーカードが見つかりませんでした。メモリーカードを挿入してください。"},{"$i":"sdcard-in-use","$v":"ケーブル接続中は Bluetooth を使用できません。ファイルを受信するにはケーブルを外してください。"},{"$i":"sdcard-no-space2","$v":"転送を完了できません: メモリーカードの空き容量が不足しています。"},{"$i":"unknown-error","$v":"原因不明のエラー"},{"$i":"confirm","$v":"確認"},{"$i":"sdcard-detected-title","$v":"SD カードを検出しました"},{"$i":"sdcard-total-size-body","$v":["合計サイズ: ",{"t":"idOrVar","v":"size"}," ",{"t":"idOrVar","v":"unit"}]},{"$i":"sdcard-unknown-size-then-tap-to-format-body","$v":"サイズ不明、タップして初期化"},{"$i":"sdcard-removed-title","$v":"SD カードを取り出しました"},{"$i":"sdcard-removed-ejected-successfully","$v":"取り出しました"},{"$i":"sdcard-removed-not-ejected-properly","$v":"正しく取り出せませんでした"},{"$i":"microphone-is-on","$v":"マイクが ON です"},{"$i":"camera-is-on","$v":"カメラが ON です"},{"$i":"media-is-on","$v":"カメラとマイクが ON です"},{"$i":"noSimCard","$v":"SIM カードが挿入されていません"},{"$i":"simPin","$v":"SIM PIN コード"},{"$i":"pukCode","$v":"PIN ロック解除コード"},{"$i":"nckCode","$v":"NCK コード (ネットワークロックコントロールキー)"},{"$i":"cckCode","$v":"CCK コード"},{"$i":"spckCode","$v":"SPCK コード"},{"$i":"nck1code","$v":"NCK1 コード"},{"$i":"nck2code","$v":"NCK2 コード"},{"$i":"hnckcode","$v":"HNCK コード"},{"$i":"rcckcode","$v":"RCCK コード"},{"$i":"rspckcode","$v":"RSPCK コード"},{"$i":"whatIsSimPin","$v":"SIM カードロックとは"},{"$i":"simPinIntro1","$v":"SIM カードロック設定を有効にした場合、携帯電話の再起動時に SIM カードロックの解除が求められます。解除されるまで携帯電話のネットワーク接続が行われません。"},{"$i":"simPinIntro2","$v":"SIM PIN コードは端末のロック解除に使用するパスコードとは異なります。"},{"$i":"changeSimPin","$v":"SIM PIN コードの変更"},{"$i":"pinTitle","$v":"SIM PIN コードを入力"},{"$i":"multiSIMpinTitle","$v":["SIM",{"t":"idOrVar","v":"n"}," の PIN コードを入力"]},{"$i":"pukTitle","$v":"PIN ロック解除コードを入力"},{"$i":"nckTitle","$v":"NCK コードを入力"},{"$i":"cckTitle","$v":"CCK コードを入力"},{"$i":"spckTitle","$v":"SPCK コードを入力"},{"$i":"nck1Title","$v":"NCK1 コードを入力"},{"$i":"nck2Title","$v":"NCK2 コードを入力"},{"$i":"hnckTitle","$v":"HNCK コードを入力"},{"$i":"rcckTitle","$v":"RCCK コードを入力"},{"$i":"rspckTitle","$v":"RSPCK コードを入力"},{"$i":"newpinTitle","$v":"新しい SIM PIN コード"},{"$i":"inputCodeRetriesLeft","$v":{"one":"残り1回","two":["残り",{"t":"idOrVar","v":"n"},"回"],"few":["残り",{"t":"idOrVar","v":"n"},"回"],"many":["残り",{"t":"idOrVar","v":"n"},"回"],"other":["残り",{"t":"idOrVar","v":"n"},"回"]},"$x":[{"t":"idOrVar","v":"plural"},"n"]},{"$i":"pinErrorMsg","$v":"PIN コードが正しくありません。"},{"$i":"pinAttemptMsg2","$v":{"one":"残り1回です。SIM カードがロックされる前に正しいコードを入力してください。","two":["残り",{"t":"idOrVar","v":"n"},"回です。SIM カードがロックされる前に正しいコードを入力してください。"],"few":["残り",{"t":"idOrVar","v":"n"},"回です。SIM カードがロックされる前に正しいコードを入力してください。"],"many":["残り",{"t":"idOrVar","v":"n"},"回です。SIM カードがロックされる前に正しいコードを入力してください。"],"other":["残り",{"t":"idOrVar","v":"n"},"回です。SIM カードがロックされる前に正しいコードを入力してください。"]},"$x":[{"t":"idOrVar","v":"plural"},"n"]},{"$i":"pinLastChanceMsg","$v":"正しい PIN コードを入力できるのはこれが最後です。入力に失敗した場合、この SIM カードを使用するには PIN ロック解除コード (PUK コード) を入力しなければなりません。"},{"$i":"simCardLockedMsg","$v":"この SIM カードはロックされています。"},{"$i":"enterPukMsg","$v":"使用するには PIN ロック解除コード (PUK コード) が必要です。詳しい情報は、ご利用の携帯通信事業者にお問い合わせください。"},{"$i":"pukErrorMsg","$v":"PIN ロック解除コードが正しくありません。"},{"$i":"pukAttemptMsg2","$v":{"one":"残り1回です。SIM カードが永久に使用不可になる前に正しいコードを入力してください。詳しい情報は、SIM カードの取扱説明書を参照するか、ご利用の携帯通信事業者にお問い合わせください。","two":["残り",{"t":"idOrVar","v":"n"},"回です。SIM カードが永久に使用不可になる前に正しいコードを入力してください。詳しい情報は、SIM カードの取扱説明書を参照するか、ご利用の携帯通信事業者にお問い合わせください。"],"few":["残り",{"t":"idOrVar","v":"n"},"回です。SIM カードが永久に使用不可になる前に正しいコードを入力してください。詳しい情報は、SIM カードの取扱説明書を参照するか、ご利用の携帯通信事業者にお問い合わせください。"],"many":["残り",{"t":"idOrVar","v":"n"},"回です。SIM カードが永久に使用不可になる前に正しいコードを入力してください。詳しい情報は、SIM カードの取扱説明書を参照するか、ご利用の携帯通信事業者にお問い合わせください。"],"other":["残り",{"t":"idOrVar","v":"n"},"回です。SIM カードが永久に使用不可になる前に正しいコードを入力してください。詳しい情報は、SIM カードの取扱説明書を参照するか、ご利用の携帯通信事業者にお問い合わせください。"]},"$x":[{"t":"idOrVar","v":"plural"},"n"]},{"$i":"pukLastChanceMsg","$v":"正しい PIN ロック解除コードを入力できるのはこれが最後です。入力に失敗した場合、この SIM カードは永久に使用できなくなります。詳しい情報は、SIM カードの取扱説明書を参照するか、ご利用の携帯通信事業者にお問い合わせください。"},{"$i":"newSimPinMsg","$v":"PIN コードを入力してください (4～8桁)"},{"$i":"confirmNewSimPinMsg","$v":"新しい PIN コードの確認"},{"$i":"newPinErrorMsg","$v":"PIN コードが一致しません"},{"$i":"nckErrorMsg","$v":"NCK コードが正しくありません。"},{"$i":"nckAttemptMsg2","$v":{"one":"ネットワークロックの解除リクエストに失敗しました。あと1回まで入力できます。詳しい情報は、端末の取扱説明書を参照するか、ご利用の携帯通信事業者にお問い合わせください。","two":["ネットワークロックの解除リクエストに失敗しました。あと",{"t":"idOrVar","v":"n"},"回まで入力できます。詳しい情報は、端末の取扱説明書を参照するか、ご利用の携帯通信事業者にお問い合わせください。"],"few":["ネットワークロックの解除リクエストに失敗しました。あと",{"t":"idOrVar","v":"n"},"回まで入力できます。詳しい情報は、端末の取扱説明書を参照するか、ご利用の携帯通信事業者にお問い合わせください。"],"many":["ネットワークロックの解除リクエストに失敗しました。あと",{"t":"idOrVar","v":"n"},"回まで入力できます。詳しい情報は、端末の取扱説明書を参照するか、ご利用の携帯通信事業者にお問い合わせください。"],"other":["ネットワークロックの解除リクエストに失敗しました。あと",{"t":"idOrVar","v":"n"},"回まで入力できます。詳しい情報は、端末の取扱説明書を参照するか、ご利用の携帯通信事業者にお問い合わせください。"]},"$x":[{"t":"idOrVar","v":"plural"},"n"]},{"$i":"nckLastChanceMsg","$v":"ネットワークロックの解除リクエストに失敗しました。正しい NCK コードを入力できるのはこれが最後です。詳しい情報は、端末の取扱説明書を参照するか、ご利用の携帯通信事業者にお問い合わせください。"},{"$i":"activity-pick","$v":"選択:"},{"$i":"activity-view","$v":"表示:"},{"$i":"activity-test","$v":"テスト:"},{"$i":"activity-share","$v":"共有:"},{"$i":"activity-new","$v":"作成:"},{"$i":"activity-open","$v":"開く:"},{"$i":"activity-save-bookmark","$v":"ブックマーク保存:"},{"$i":"activity-record","$v":"記録:"},{"$i":"activity-browse","$v":"ブラウズ:"},{"$i":"activity-configure","$v":"設定:"},{"$i":"activity-dial","$v":"ダイヤル:"},{"$i":"persona-signin","$v":"サインイン"},{"$i":"payment-flow","$v":"支払い"},{"$i":"remoteDebuggerPromptUSB","$v":"Allow USB debugging connection?"},{"$i":"remoteDebuggerPromptTCP","$v":["Allow remote debugging connection from ",{"t":"idOrVar","v":"host"},":",{"t":"idOrVar","v":"port"},"?"]},{"$i":"devtools-auth-scan2","$v":"Scanning for the QR code displayed on your other device…"},{"$i":"fullscreen-request","$v":[{"t":"idOrVar","v":"origin"}," を全画面表示します。"]},{"$i":"captive-wifi-available","$v":[{"t":"idOrVar","v":"networkName"}," のネットワークが見つかりました。ネットワークに接続しますか？"]},{"$i":"ceWarningtitle","$v":"音量警告"},{"$i":"ceWarningcontent","$v":"聴覚障害を予防するため、大音量で長時間聴き続けないでください。"},{"$i":"notification-powersaving-mode-on-title","$v":"節電モード"},{"$i":"notification-powersaving-mode-on-description","$v":"節電モードは ON です。"},{"$i":"low-device-storage","$v":"端末の空き領域が残り少なくなっています。\\n"},{"$i":"free-space","$v":{"zero":"空き領域がありません。","one":["残り ",{"t":"idOrVar","v":"value"},{"t":"idOrVar","v":"unit"}," 未満です。"],"two":["残り ",{"t":"idOrVar","v":"value"},{"t":"idOrVar","v":"unit"}," 以下です。"],"few":["残り ",{"t":"idOrVar","v":"value"},{"t":"idOrVar","v":"unit"}," 以下です。"],"many":["残り ",{"t":"idOrVar","v":"value"},{"t":"idOrVar","v":"unit"}," 以下です。"],"other":["残り ",{"t":"idOrVar","v":"value"},{"t":"idOrVar","v":"unit"}," 以下です。"]},"$x":[{"t":"idOrVar","v":"plural"},"value"]},{"$i":"unknown-free-space","$v":"空き領域の残りサイズは不明です。"},{"$i":"system-alert","$v":"システム警報"},{"$i":"cb-channel","$v":["チャンネル ",{"t":"idOrVar","v":"channel"}]},{"$i":"cb-etws-warningType-earthquake","$v":"地震警報！"},{"$i":"cb-etws-warningType-tsunami","$v":"津波警報！"},{"$i":"cb-etws-warningType-earthquake-tsunami","$v":"地震津波警報！"},{"$i":"cb-etws-warningType-test","$v":"警報システムの試験中です。"},{"$i":"cb-etws-warningType-other","$v":"非常事態警報！"},{"$i":"icc-message-maintitle","$v":"通信事業者メッセージ"},{"$i":"icc-message-subtitle","$v":["SIM",{"t":"idOrVar","v":"id"}]},{"$i":"icc-confirmCall-defaultmessage","$v":[{"t":"idOrVar","v":"number"}," に発信しますか？"]},{"$i":"icc-alertMessage-send-ss","$v":"Send SS"},{"$i":"icc-alertMessage-send-ussd","$v":"Send USSD"},{"$i":"icc-alertMessage-send-sms","$v":"Send SMS"},{"$i":"icc-confirmMessage-defaultmessage","$v":"メッセージを送信しますか？"},{"$i":"icc-inputbox-maintitle","$v":"STK クエリ"},{"$i":"icc-inputbox-subtitle","$v":["SIM",{"t":"idOrVar","v":"id"}]},{"$i":"emergency-callback-mode","$v":"緊急コールバックモード"},{"$i":"emergency-callback-message","$v":"緊急コールバックモードが有効なため、通話およびメッセージ送信、オンライン接続はできません。このモードを OFF にしますか？"},{"$i":"cdma-record-info","$v":"CDMA 記録情報"},{"$i":"ime-switching-title","$v":[{"t":"idOrVar","v":"appName"},": ",{"t":"idOrVar","v":"name"}]},{"$i":"ime-switching-tip","$v":"タップして入力方式を切り替えます"},{"$i":"shrinking-tip","$v":"奥へスワイプして共有します"},{"$i":"download_started","$v":"ダウンロード開始しました"},{"$i":"download_stopped","$v":"ダウンロード停止しました"},{"$i":"download_downloading","$v":"ダウンロード中…"},{"$i":"download_succeeded","$v":"ダウンロード完了"},{"$i":"download_failed","$v":"ダウンロード失敗"},{"$i":"download_text_by_default","$v":[{"t":"idOrVar","v":"name"}]},{"$i":"download_downloading_text_2","$v":[{"t":"idOrVar","v":"percentage"},"% - ",{"t":"idOrVar","v":"name"}]},{"$i":"search-the-web","$v":"Web 検索"},{"$i":"search-or-enter-address","$v":"検索語またはアドレスを入力してください","placeholder":"検索語またはアドレスを入力"},{"$i":"back-button","ariaLabel":"Back"},{"$i":"forward-button","ariaLabel":"Forward"},{"$i":"reload-button","ariaLabel":"再読み込み"},{"$i":"stop-button","ariaLabel":"読み込み中止"},{"$i":"windows-button","ariaLabel":"Show windows"},{"$i":"noHotspotWhenAPMisOnWifiHotspot","$v":"Wi-Fi アクセスポイントを使用するには機内モードを OFF にしてください。"},{"$i":"apmActivated","$v":"機内モードは ON です"},{"$i":"open-in-new-window","$v":"新しいウィンドウで開く"},{"$i":"open-in-new-private-window","$v":"新しいプライベートウィンドウで開く"},{"$i":"add-link-to-home-screen","$v":"リンクをホーム画面に追加"},{"$i":"share-link","$v":"リンクを共有"},{"$i":"save-image","$v":"画像を保存"},{"$i":"save-video","$v":"動画を保存"},{"$i":"save-audio","$v":"音声を保存"},{"$i":"save-link","$v":"リンク先のファイルを保存"},{"$i":"share-image","$v":"画像を共有"},{"$i":"share-video","$v":"動画を共有"},{"$i":"share-audio","$v":"音声を共有"},{"$i":"private-window","$v":"Private Window"},{"$i":"private-browser-title","$v":"プライベートモードでブラウジングします"},{"$i":"private-window-detail1","$v":"The browser won’t keep any browser history, cookies, or temporary Internet files."},{"$i":"private-window-detail2","$v":"While this device won’t have a record of your browsing history, your Internet service provider can still track the pages you visit."},{"$i":"okCharsLeft","$v":["OK (",{"t":"idOrVar","v":"n"},")"]},{"$i":"network-error-in-app","$v":"現在インターネットに接続していません。"},{"$i":"network-error-launching","$v":[{"t":"idOrVar","v":"name"}," はインターネット接続を必要とします。"]},{"$i":"server-not-found","$v":"サーバが見つかりませんでした"},{"$i":"server-not-found-error","$v":[{"t":"idOrVar","v":"name"}," のサーバを見つけられません。"]},{"$i":"file-not-found","$v":"ファイルが見つかりませんでした"},{"$i":"file-not-found-error","$v":"ファイルが見つからないため、端末がこのページを表示できません。"},{"$i":"connection-failed","$v":"接続できません"},{"$i":"connection-failed-error","$v":"サイトへの接続試行中にネットワークエラーが発生しました。"},{"$i":"invalid-connection","$v":"接続できません"},{"$i":"invalid-connection-error","$v":"サイトへの接続試行中にネットワークエラーが発生しました。"},{"$i":"malformed-uri","$v":"URL が正しくありません"},{"$i":"malformed-uri-error","$v":"入力された URL が正しくないため読み込めません。"},{"$i":"redirect-loop","$v":"ページを表示できません"},{"$i":"redirect-loop-error","$v":"ページが正しくリダイレクトされないため、端末がこのページを表示できません。しばらく経ってから再度お試しください。"},{"$i":"not-cached","$v":"ページが有効期限切れです"},{"$i":"not-cached-error","$v":"セキュリティ上の予防措置により、有効期限が切れたページは端末に表示できません。"},{"$i":"is-printing-error","$v":"印刷中または印刷プレビュー中はドキュメントを変更できません。"},{"$i":"denied-port-access","$v":"このアドレスは制限されています"},{"$i":"denied-port-access-error","$v":"このアドレスは通常の Web ブラウズ以外の目的に使用されるネットワークポートを使用します。ユーザ保護のため端末の要求がキャンセルされました。"},{"$i":"proxy-resolve-failure","$v":"プロキシサーバエラー"},{"$i":"proxy-resolve-failure-error","$v":"端末に設定されたプロキシサーバが見つかりません。"},{"$i":"proxy-connect-failure","$v":"プロキシサーバエラー"},{"$i":"proxy-connect-failure-error","$v":"端末に設定されたプロキシサーバへの接続が拒否されました。"},{"$i":"content-encoding","$v":"ページを表示できません"},{"$i":"content-encoding-error","$v":"コンテンツのエンコーディングエラーが発生したため、端末がこのページを表示できません。"},{"$i":"remote-xul","$v":"未対応のページです"},{"$i":"remote-xul-error","$v":"端末が対応していない技術が使われているため、このページを表示できません。"},{"$i":"phishing-blocked","$v":"警告"},{"$i":"phishing-blocked-error","$v":"この Web サイトはユーザを陥れて個人情報や金融情報を盗む偽装サイトとして報告されています。"},{"$i":"malware-blocked","$v":"マルウェアの攻撃をブロックしました"},{"$i":"malware-blocked-error","$v":"このサイトは攻撃サイトとして報告されているためブロックされました。"},{"$i":"unsafe-content-type","$v":"安全でないコンテンツ"},{"$i":"unsafe-content-type-error","$v":"安全に開けない可能性があるため、このページは表示されません。"},{"$i":"corrupted-content","$v":"ページを表示できません"},{"$i":"corrupted-content-error","$v":"データ転送中にエラーが検出されたため、このページは表示されません。"},{"$i":"try-again","$v":"再試行"},{"$i":"check-settings","$v":"設定確認"},{"$i":"accessibility-enableScreenReaderSteps","$v":"スクリーンリーダを有効にするには、音量上げボタンと音量下げボタンを交互に押し、3 回以上繰り返してください。"},{"$i":"accessibility-disableScreenReaderSteps","$v":"スクリーンリーダを無効にするには、音量上げボタンと音量下げボタンを交互に押し、3 回以上繰り返してください。"},{"$i":"accessibility-screenReaderStarted","$v":"スクリーンリーダを起動しました"},{"$i":"accessibility-screenReaderStopped","$v":"スクリーンリーダを停止しました"},{"$i":"accessibility-menubar","$v":"メニューバー"},{"$i":"accessibility-scrollbar","$v":"スクロールバー"},{"$i":"accessibility-grip","$v":"グリップ"},{"$i":"accessibility-alert","$v":"アラート"},{"$i":"accessibility-menupopup","$v":"メニューポップアップ"},{"$i":"accessibility-document","$v":"ドキュメント"},{"$i":"accessibility-pane","$v":"ペイン"},{"$i":"accessibility-dialog","$v":"ダイアログ"},{"$i":"accessibility-separator","$v":"区切り"},{"$i":"accessibility-toolbar","$v":"ツールバー"},{"$i":"accessibility-statusbar","$v":"ステータスバー"},{"$i":"accessibility-table","$v":"表"},{"$i":"accessibility-columnheader","$v":"列ヘッダ"},{"$i":"accessibility-rowheader","$v":"行ヘッダ"},{"$i":"accessibility-column","$v":"列"},{"$i":"accessibility-row","$v":"行"},{"$i":"accessibility-cell","$v":"セル"},{"$i":"accessibility-link","$v":"リンク"},{"$i":"accessibility-list","$v":"リスト"},{"$i":"accessibility-listitem","$v":"リスト項目"},{"$i":"accessibility-outline","$v":"アウトライン"},{"$i":"accessibility-outlineitem","$v":"アウトライン項目"},{"$i":"accessibility-pagetab","$v":"タブ"},{"$i":"accessibility-propertypage","$v":"プロパティページ"},{"$i":"accessibility-graphic","$v":"グラフィック"},{"$i":"accessibility-pushbutton","$v":"ボタン"},{"$i":"accessibility-checkbutton","$v":"チェックボタン"},{"$i":"accessibility-radiobutton","$v":"ラジオボタン"},{"$i":"accessibility-combobox","$v":"コンボボックス"},{"$i":"accessibility-progressbar","$v":"進捗バー"},{"$i":"accessibility-slider","$v":"スライダ"},{"$i":"accessibility-spinbutton","$v":"スピンボタン"},{"$i":"accessibility-diagram","$v":"ダイアグラム"},{"$i":"accessibility-animation","$v":"アニメーション"},{"$i":"accessibility-equation","$v":"方程式"},{"$i":"accessibility-buttonmenu","$v":"ボタンメニュー"},{"$i":"accessibility-whitespace","$v":"空白"},{"$i":"accessibility-pagetablist","$v":"タブリスト"},{"$i":"accessibility-canvas","$v":"キャンバス"},{"$i":"accessibility-checkmenuitem","$v":"チェックメニュー項目"},{"$i":"accessibility-label","$v":"ラベル"},{"$i":"accessibility-passwordtext","$v":"パスワードテキスト"},{"$i":"accessibility-radiomenuitem","$v":"ラジオメニュー項目"},{"$i":"accessibility-textcontainer","$v":"テキストコンテナ"},{"$i":"accessibility-togglebutton","$v":"トグルボタン"},{"$i":"accessibility-treetable","$v":"ツリー表"},{"$i":"accessibility-header","$v":"ヘッダ"},{"$i":"accessibility-footer","$v":"フッタ"},{"$i":"accessibility-paragraph","$v":"段落"},{"$i":"accessibility-entry","$v":"エントリ"},{"$i":"accessibility-caption","$v":"キャプション"},{"$i":"accessibility-heading","$v":"見出し"},{"$i":"accessibility-section","$v":"セクション"},{"$i":"accessibility-form","$v":"フォーム"},{"$i":"accessibility-comboboxlist","$v":"コンボボックスリスト"},{"$i":"accessibility-comboboxoption","$v":"コンボボックスオプション"},{"$i":"accessibility-imagemap","$v":"イメージマップ"},{"$i":"accessibility-listboxoption","$v":"オプション"},{"$i":"accessibility-listbox","$v":"リストボックス"},{"$i":"accessibility-flatequation","$v":"平面方程式"},{"$i":"accessibility-gridcell","$v":"グリッドセル"},{"$i":"accessibility-note","$v":"注釈"},{"$i":"accessibility-figure","$v":"図"},{"$i":"accessibility-definitionlist","$v":"定義リスト"},{"$i":"accessibility-term","$v":"用語"},{"$i":"accessibility-definition","$v":"定義"},{"$i":"accessibility-textarea","$v":"テキスト領域"},{"$i":"accessibility-textInputType_date","$v":"日付"},{"$i":"accessibility-textInputType_email","$v":"メールアドレス"},{"$i":"accessibility-textInputType_search","$v":"検索"},{"$i":"accessibility-textInputType_tel","$v":"電話番号"},{"$i":"accessibility-textInputType_url","$v":"URL"},{"$i":"accessibility-headingLevel","$v":["見出しレベル ",{"t":"idOrVar","v":"0"}]},{"$i":"accessibility-listStart","$v":"最初の項目"},{"$i":"accessibility-listEnd","$v":"最後の項目"},{"$i":"accessibility-listItemsCount","$v":{"zero":[{"t":"idOrVar","v":"count"}," 項目"],"one":[{"t":"idOrVar","v":"count"}," 項目"],"two":[{"t":"idOrVar","v":"count"}," 項目"],"few":[{"t":"idOrVar","v":"count"}," 項目"],"many":[{"t":"idOrVar","v":"count"}," 項目"],"other":[{"t":"idOrVar","v":"count"}," 項目"]},"$x":[{"t":"idOrVar","v":"plural"},"count"]},{"$i":"accessibility-objItemOfN","$v":[{"t":"idOrVar","v":"0"}," / ",{"t":"idOrVar","v":"1"}]},{"$i":"accessibility-banner","$v":"バナー"},{"$i":"accessibility-complementary","$v":"補足"},{"$i":"accessibility-contentinfo","$v":"コンテンツ情報"},{"$i":"accessibility-main","$v":"メイン"},{"$i":"accessibility-navigation","$v":"ナビゲーション"},{"$i":"accessibility-search","$v":"検索"},{"$i":"accessibility-tblColumnInfo","$v":{"zero":[{"t":"idOrVar","v":"count"}," 列"],"one":[{"t":"idOrVar","v":"count"}," 列"],"two":[{"t":"idOrVar","v":"count"}," 列"],"few":[{"t":"idOrVar","v":"count"}," 列"],"many":[{"t":"idOrVar","v":"count"}," 列"],"other":[{"t":"idOrVar","v":"count"}," 列"]},"$x":[{"t":"idOrVar","v":"plural"},"count"]},{"$i":"accessibility-tblRowInfo","$v":{"zero":[{"t":"idOrVar","v":"count"}," 行"],"one":[{"t":"idOrVar","v":"count"}," 行"],"two":[{"t":"idOrVar","v":"count"}," 行"],"few":[{"t":"idOrVar","v":"count"}," 行"],"many":[{"t":"idOrVar","v":"count"}," 行"],"other":[{"t":"idOrVar","v":"count"}," 行"]},"$x":[{"t":"idOrVar","v":"plural"},"count"]},{"$i":"accessibility-columnInfo","$v":["列 ",{"t":"idOrVar","v":"0"}]},{"$i":"accessibility-rowInfo","$v":["行 ",{"t":"idOrVar","v":"0"}]},{"$i":"accessibility-spansColumns","$v":{"zero":["幅 ",{"t":"idOrVar","v":"0"}," 列"],"one":["幅 ",{"t":"idOrVar","v":"0"}," 列"],"two":["幅 ",{"t":"idOrVar","v":"0"}," 列"],"few":["幅 ",{"t":"idOrVar","v":"0"}," 列"],"many":["幅 ",{"t":"idOrVar","v":"0"}," 列"],"other":["幅 ",{"t":"idOrVar","v":"0"}," 列"]},"$x":[{"t":"idOrVar","v":"plural"},"0"]},{"$i":"accessibility-spansRows","$v":{"zero":["高さ ",{"t":"idOrVar","v":"0"}," 行"],"one":["高さ ",{"t":"idOrVar","v":"0"}," 行"],"two":["高さ ",{"t":"idOrVar","v":"0"}," 行"],"few":["高さ ",{"t":"idOrVar","v":"0"}," 行"],"many":["高さ ",{"t":"idOrVar","v":"0"}," 行"],"other":["高さ ",{"t":"idOrVar","v":"0"}," 行"]},"$x":[{"t":"idOrVar","v":"plural"},"0"]},{"$i":"accessibility-jumpAction","$v":"ジャンプしました"},{"$i":"accessibility-pressAction","$v":"押しました"},{"$i":"accessibility-checkAction","$v":"チェックを入れました"},{"$i":"accessibility-uncheckAction","$v":"チェックをはずしました"},{"$i":"accessibility-selectAction","$v":"選択しました"},{"$i":"accessibility-unselectAction","$v":"選択解除しました"},{"$i":"accessibility-openAction","$v":"開きました"},{"$i":"accessibility-closeAction","$v":"閉じました"},{"$i":"accessibility-switchAction","$v":"切り替えました"},{"$i":"accessibility-clickAction","$v":"クリックしました"},{"$i":"accessibility-collapseAction","$v":"折りたたみました"},{"$i":"accessibility-expandAction","$v":"展開しました"},{"$i":"accessibility-activateAction","$v":"有効にしました"},{"$i":"accessibility-cycleAction","$v":"一周しました"},{"$i":"accessibility-hidden","$v":"隠し"},{"$i":"accessibility-tabLoading","$v":"読み込み中"},{"$i":"accessibility-tabLoaded","$v":"読み込み完了"},{"$i":"accessibility-tabNew","$v":"新しいタブ"},{"$i":"accessibility-tabLoadStopped","$v":"読み込み中止"},{"$i":"accessibility-tabReload","$v":"再読み込み中"},{"$i":"accessibility-stateChecked","$v":"チェック入り"},{"$i":"accessibility-stateNotChecked","$v":"チェック無し"},{"$i":"accessibility-statePressed","$v":"押下中"},{"$i":"accessibility-stateExpanded","$v":"展開中"},{"$i":"accessibility-stateCollapsed","$v":"折りたたみ"},{"$i":"accessibility-stateUnavailable","$v":"利用不可"},{"$i":"accessibility-stateRequired","$v":"必須"},{"$i":"accessibility-stateTraversed","$v":"訪問済み"},{"$i":"accessibility-stateHasPopup","$v":"ポップアップ有り"},{"$i":"accessibility-stateSelected","$v":"選択済み"},{"$i":"accessibility-editingMode","$v":"編集中"},{"$i":"accessibility-navigationMode","$v":"移動中"},{"$i":"accessibility-quicknav_Simple","$v":"既定"},{"$i":"accessibility-quicknav_Anchor","$v":"アンカー"},{"$i":"accessibility-quicknav_Button","$v":"ボタン"},{"$i":"accessibility-quicknav_Combobox","$v":"コンボボックス"},{"$i":"accessibility-quicknav_Landmark","$v":"ランドマーク"},{"$i":"accessibility-quicknav_Entry","$v":"エントリ"},{"$i":"accessibility-quicknav_FormElement","$v":"フォーム要素"},{"$i":"accessibility-quicknav_Graphic","$v":"画像"},{"$i":"accessibility-quicknav_Heading","$v":"見出し"},{"$i":"accessibility-quicknav_ListItem","$v":"リスト項目"},{"$i":"accessibility-quicknav_Link","$v":"リンク"},{"$i":"accessibility-quicknav_List","$v":"リスト"},{"$i":"accessibility-quicknav_PageTab","$v":"ページタブ"},{"$i":"accessibility-quicknav_RadioButton","$v":"ラジオボタン"},{"$i":"accessibility-quicknav_Separator","$v":"区切り"},{"$i":"accessibility-quicknav_Table","$v":"表"},{"$i":"accessibility-quicknav_Checkbox","$v":"チェックボックス"},{"$i":"accessibility-menubarAbbr","$v":"メニューバー"},{"$i":"accessibility-scrollbarAbbr","$v":"スクロールバー"},{"$i":"accessibility-gripAbbr","$v":"グリップ"},{"$i":"accessibility-alertAbbr","$v":"アラート"},{"$i":"accessibility-menupopupAbbr","$v":"メニューポップアップ"},{"$i":"accessibility-documentAbbr","$v":"ドキュメント"},{"$i":"accessibility-paneAbbr","$v":"ペイン"},{"$i":"accessibility-dialogAbbr","$v":"ダイアログ"},{"$i":"accessibility-separatorAbbr","$v":"区切り"},{"$i":"accessibility-toolbarAbbr","$v":"ツールバー"},{"$i":"accessibility-statusbarAbbr","$v":"ステータスバー"},{"$i":"accessibility-tableAbbr","$v":"表"},{"$i":"accessibility-columnheaderAbbr","$v":"列ヘッダ"},{"$i":"accessibility-rowheaderAbbr","$v":"行ヘッダ"},{"$i":"accessibility-columnAbbr","$v":"列"},{"$i":"accessibility-rowAbbr","$v":"行"},{"$i":"accessibility-cellAbbr","$v":"セル"},{"$i":"accessibility-linkAbbr","$v":"リンク"},{"$i":"accessibility-listAbbr","$v":"リスト"},{"$i":"accessibility-listitemAbbr","$v":"リスト項目"},{"$i":"accessibility-outlineAbbr","$v":"アウトライン"},{"$i":"accessibility-outlineitemAbbr","$v":"アウトライン項目"},{"$i":"accessibility-pagetabAbbr","$v":"タブ"},{"$i":"accessibility-propertypageAbbr","$v":"プロパティページ"},{"$i":"accessibility-graphicAbbr","$v":"グラフィック"},{"$i":"accessibility-pushbuttonAbbr","$v":"ボタン"},{"$i":"accessibility-checkbuttonAbbr","$v":"チェックボタン"},{"$i":"accessibility-radiobuttonAbbr","$v":"ラジオボタン"},{"$i":"accessibility-comboboxAbbr","$v":"コンボボックス"},{"$i":"accessibility-progressbarAbbr","$v":"進捗バー"},{"$i":"accessibility-sliderAbbr","$v":"スライダ"},{"$i":"accessibility-spinbuttonAbbr","$v":"スピンボタン"},{"$i":"accessibility-diagramAbbr","$v":"ダイアグラム"},{"$i":"accessibility-animationAbbr","$v":"アニメーション"},{"$i":"accessibility-equationAbbr","$v":"方程式"},{"$i":"accessibility-buttonmenuAbbr","$v":"ボタンメニュー"},{"$i":"accessibility-whitespaceAbbr","$v":"空白"},{"$i":"accessibility-pagetablistAbbr","$v":"タブリスト"},{"$i":"accessibility-canvasAbbr","$v":"キャンバス"},{"$i":"accessibility-checkmenuitemAbbr","$v":"チェックメニュー項目"},{"$i":"accessibility-labelAbbr","$v":"ラベル"},{"$i":"accessibility-passwordtextAbbr","$v":"パスワード"},{"$i":"accessibility-radiomenuitemAbbr","$v":"ラジオメニュー項目"},{"$i":"accessibility-textcontainerAbbr","$v":"テキストコンテナ"},{"$i":"accessibility-togglebuttonAbbr","$v":"トグルボタン"},{"$i":"accessibility-treetableAbbr","$v":"ツリー表"},{"$i":"accessibility-headerAbbr","$v":"ヘッダ"},{"$i":"accessibility-footerAbbr","$v":"フッタ"},{"$i":"accessibility-paragraphAbbr","$v":"段落"},{"$i":"accessibility-entryAbbr","$v":"エントリ"},{"$i":"accessibility-captionAbbr","$v":"キャプション"},{"$i":"accessibility-headingAbbr","$v":"見出し"},{"$i":"accessibility-sectionAbbr","$v":"セクション"},{"$i":"accessibility-formAbbr","$v":"フォーム"},{"$i":"accessibility-comboboxlistAbbr","$v":"コンボボックスリスト"},{"$i":"accessibility-comboboxoptionAbbr","$v":"コンボボックスオプション"},{"$i":"accessibility-imagemapAbbr","$v":"イメージマップ"},{"$i":"accessibility-listboxoptionAbbr","$v":"オプション"},{"$i":"accessibility-listboxAbbr","$v":"リストボックス"},{"$i":"accessibility-flatequationAbbr","$v":"平面方程式"},{"$i":"accessibility-gridcellAbbr","$v":"グリッドセル"},{"$i":"accessibility-noteAbbr","$v":"注釈"},{"$i":"accessibility-figureAbbr","$v":"図"},{"$i":"accessibility-definitionlistAbbr","$v":"定義リスト"},{"$i":"accessibility-termAbbr","$v":"用語"},{"$i":"accessibility-definitionAbbr","$v":"定義"},{"$i":"accessibility-textareaAbbr","$v":"テキスト領域"},{"$i":"accessibility-tblColumnInfoAbbr","$v":{"one":[{"t":"idOrVar","v":"count"},"c"],"two":[{"t":"idOrVar","v":"count"},"c"],"few":[{"t":"idOrVar","v":"count"},"c"],"many":[{"t":"idOrVar","v":"count"},"c"],"other":[{"t":"idOrVar","v":"count"},"c"]},"$x":[{"t":"idOrVar","v":"plural"},"count"]},{"$i":"accessibility-tblRowInfoAbbr","$v":{"one":[{"t":"idOrVar","v":"count"},"r"],"two":[{"t":"idOrVar","v":"count"},"r"],"few":[{"t":"idOrVar","v":"count"},"r"],"many":[{"t":"idOrVar","v":"count"},"r"],"other":[{"t":"idOrVar","v":"count"},"r"]},"$x":[{"t":"idOrVar","v":"plural"},"count"]},{"$i":"accessibility-cellInfoAbbr","$v":["c",{"t":"idOrVar","v":"0"},"r",{"t":"idOrVar","v":"1"}]},{"$i":"accessibility-stateCheckedAbbr","$v":"(x)"},{"$i":"accessibility-stateUncheckedAbbr","$v":"( )"},{"$i":"accessibility-statePressedAbbr","$v":"(x)"},{"$i":"accessibility-stateUnpressedAbbr","$v":"( )"},{"$i":"accessibility-pushbutton-hint","$v":"Double tap to activate"},{"$i":"accessibility-checkbutton-hint","$v":"Double tap to activate"},{"$i":"accessibility-combobox-hint","$v":"Double tap to activate"},{"$i":"accessibility-key-hint","$v":"Prese and hold to activate"},{"$i":"accessibility-link-hint","$v":"Double tap to activate"},{"$i":"accessibility-menuitem-hint","$v":"Double tap to activate"},{"$i":"accessibility-option-hint","$v":"Double tap to activate"},{"$i":"accessibility-radiobutton-hint","$v":"Double tap to activate"},{"$i":"accessibility-slider-hint","$v":"Swipe up to increase or down to decrease"},{"$i":"accessibility-spinbutton-hint","$v":"Swipe up to increase or down to decrease"},{"$i":"accessibility-pagetab-hint","$v":"Double tap to activate"},{"$i":"accessibility-entry-hint","$v":"Double tap to activate"},{"$i":"accessibility-outlineitem-hint","$v":"Double tap to activate"},{"$i":"weekday-0-long","$v":"日曜日"},{"$i":"weekday-1-long","$v":"月曜日"},{"$i":"weekday-2-long","$v":"火曜日"},{"$i":"weekday-3-long","$v":"水曜日"},{"$i":"weekday-4-long","$v":"木曜日"},{"$i":"weekday-5-long","$v":"金曜日"},{"$i":"weekday-6-long","$v":"土曜日"},{"$i":"weekday-0-short","$v":"日"},{"$i":"weekday-1-short","$v":"月"},{"$i":"weekday-2-short","$v":"火"},{"$i":"weekday-3-short","$v":"水"},{"$i":"weekday-4-short","$v":"木"},{"$i":"weekday-5-short","$v":"金"},{"$i":"weekday-6-short","$v":"土"},{"$i":"month-0-long","$v":"1月"},{"$i":"month-1-long","$v":"2月"},{"$i":"month-2-long","$v":"3月"},{"$i":"month-3-long","$v":"4月"},{"$i":"month-4-long","$v":"5月"},{"$i":"month-5-long","$v":"6月"},{"$i":"month-6-long","$v":"7月"},{"$i":"month-7-long","$v":"8月"},{"$i":"month-8-long","$v":"9月"},{"$i":"month-9-long","$v":"10月"},{"$i":"month-10-long","$v":"11月"},{"$i":"month-11-long","$v":"12月"},{"$i":"month-0-genitive","$v":"1月"},{"$i":"month-1-genitive","$v":"2月"},{"$i":"month-2-genitive","$v":"3月"},{"$i":"month-3-genitive","$v":"4月"},{"$i":"month-4-genitive","$v":"5月"},{"$i":"month-5-genitive","$v":"6月"},{"$i":"month-6-genitive","$v":"7月"},{"$i":"month-7-genitive","$v":"8月"},{"$i":"month-8-genitive","$v":"9月"},{"$i":"month-9-genitive","$v":"10月"},{"$i":"month-10-genitive","$v":"11月"},{"$i":"month-11-genitive","$v":"12月"},{"$i":"month-0-short","$v":"1月"},{"$i":"month-1-short","$v":"2月"},{"$i":"month-2-short","$v":"3月"},{"$i":"month-3-short","$v":"4月"},{"$i":"month-4-short","$v":"5月"},{"$i":"month-5-short","$v":"6月"},{"$i":"month-6-short","$v":"7月"},{"$i":"month-7-short","$v":"8月"},{"$i":"month-8-short","$v":"9月"},{"$i":"month-9-short","$v":"10月"},{"$i":"month-10-short","$v":"11月"},{"$i":"month-11-short","$v":"12月"},{"$i":"minutes-ago-long","$v":{"zero":"1分以内","one":"1分前","two":[{"t":"idOrVar","v":"value"},"分前"],"few":[{"t":"idOrVar","v":"value"},"分前"],"many":[{"t":"idOrVar","v":"value"},"分前"],"other":[{"t":"idOrVar","v":"value"},"分前"]},"$x":[{"t":"idOrVar","v":"plural"},"value"]},{"$i":"hours-ago-long","$v":{"zero":"1時間以内","one":"1時間前","two":[{"t":"idOrVar","v":"value"},"時間前"],"few":[{"t":"idOrVar","v":"value"},"時間前"],"many":[{"t":"idOrVar","v":"value"},"時間前"],"other":[{"t":"idOrVar","v":"value"},"時間前"]},"$x":[{"t":"idOrVar","v":"plural"},"value"]},{"$i":"days-ago-long","$v":{"zero":"今日","one":"昨日","two":[{"t":"idOrVar","v":"value"},"日前"],"few":[{"t":"idOrVar","v":"value"},"日前"],"many":[{"t":"idOrVar","v":"value"},"日前"],"other":[{"t":"idOrVar","v":"value"},"日前"]},"$x":[{"t":"idOrVar","v":"plural"},"value"]},{"$i":"weeks-ago-long","$v":{"zero":"今週","one":"先週","two":[{"t":"idOrVar","v":"value"},"週間前"],"few":[{"t":"idOrVar","v":"value"},"週間前"],"many":[{"t":"idOrVar","v":"value"},"週間前"],"other":[{"t":"idOrVar","v":"value"},"週間前"]},"$x":[{"t":"idOrVar","v":"plural"},"value"]},{"$i":"months-ago-long","$v":{"zero":"今月","one":"先月","two":[{"t":"idOrVar","v":"value"},"か月前"],"few":[{"t":"idOrVar","v":"value"},"か月前"],"many":[{"t":"idOrVar","v":"value"},"か月前"],"other":[{"t":"idOrVar","v":"value"},"か月前"]},"$x":[{"t":"idOrVar","v":"plural"},"value"]},{"$i":"years-ago-long","$v":{"zero":"今年","one":"昨年","two":[{"t":"idOrVar","v":"value"},"年前"],"few":[{"t":"idOrVar","v":"value"},"年前"],"many":[{"t":"idOrVar","v":"value"},"年前"],"other":[{"t":"idOrVar","v":"value"},"年前"]},"$x":[{"t":"idOrVar","v":"plural"},"value"]},{"$i":"minutes-until-long","$v":{"zero":"1分以内","one":"1分後","two":[{"t":"idOrVar","v":"value"},"分後"],"few":[{"t":"idOrVar","v":"value"},"分後"],"many":[{"t":"idOrVar","v":"value"},"分後"],"other":[{"t":"idOrVar","v":"value"},"分後"]},"$x":[{"t":"idOrVar","v":"plural"},"value"]},{"$i":"hours-until-long","$v":{"zero":"1時間以内","one":"1時間後","two":[{"t":"idOrVar","v":"value"},"時間後"],"few":[{"t":"idOrVar","v":"value"},"時間後"],"many":[{"t":"idOrVar","v":"value"},"時間後"],"other":[{"t":"idOrVar","v":"value"},"時間後"]},"$x":[{"t":"idOrVar","v":"plural"},"value"]},{"$i":"days-until-long","$v":{"zero":"今日","one":"明日","two":[{"t":"idOrVar","v":"value"},"日後"],"few":[{"t":"idOrVar","v":"value"},"日後"],"many":[{"t":"idOrVar","v":"value"},"日後"],"other":[{"t":"idOrVar","v":"value"},"日後"]},"$x":[{"t":"idOrVar","v":"plural"},"value"]},{"$i":"weeks-until-long","$v":{"zero":"今週","one":"来週","two":[{"t":"idOrVar","v":"value"},"週間後"],"few":[{"t":"idOrVar","v":"value"},"週間後"],"many":[{"t":"idOrVar","v":"value"},"週間後"],"other":[{"t":"idOrVar","v":"value"},"週間後"]},"$x":[{"t":"idOrVar","v":"plural"},"value"]},{"$i":"months-until-long","$v":{"zero":"今月","one":"来月","two":[{"t":"idOrVar","v":"value"},"か月後"],"few":[{"t":"idOrVar","v":"value"},"か月後"],"many":[{"t":"idOrVar","v":"value"},"か月後"],"other":[{"t":"idOrVar","v":"value"},"か月後"]},"$x":[{"t":"idOrVar","v":"plural"},"value"]},{"$i":"years-until-long","$v":{"zero":"今年","one":"来年","two":[{"t":"idOrVar","v":"value"},"年後"],"few":[{"t":"idOrVar","v":"value"},"年後"],"many":[{"t":"idOrVar","v":"value"},"年後"],"other":[{"t":"idOrVar","v":"value"},"年後"]},"$x":[{"t":"idOrVar","v":"plural"},"value"]},{"$i":"minutes-ago-short","$v":{"zero":"直前","other":[{"t":"idOrVar","v":"value"},"分前"]},"$x":[{"t":"idOrVar","v":"plural"},"value"]},{"$i":"hours-ago-short","$v":{"zero":"数分前","other":[{"t":"idOrVar","v":"value"},"時間前"]},"$x":[{"t":"idOrVar","v":"plural"},"value"]},{"$i":"days-ago-short","$v":{"zero":"今日","other":[{"t":"idOrVar","v":"value"},"日前"]},"$x":[{"t":"idOrVar","v":"plural"},"value"]},{"$i":"minutes-until-short","$v":{"zero":"直後","other":[{"t":"idOrVar","v":"value"},"分後"]},"$x":[{"t":"idOrVar","v":"plural"},"value"]},{"$i":"hours-until-short","$v":{"zero":"数分後","other":[{"t":"idOrVar","v":"value"},"時間後"]},"$x":[{"t":"idOrVar","v":"plural"},"value"]},{"$i":"days-until-short","$v":{"zero":"今日","other":[{"t":"idOrVar","v":"value"},"日後"]},"$x":[{"t":"idOrVar","v":"plural"},"value"]},{"$i":"incorrectDate","$v":"(日付が不正です)"},{"$i":"dateTimeFormat_%c","$v":"%Y年%b%e日(%a) %p%I:%M:%S"},{"$i":"dateTimeFormat_%x","$v":"%Y/%m/%d"},{"$i":"dateTimeFormat_%X","$v":"%p%I:%M:%S"},{"$i":"shortTimeFormat","$v":"%p%I:%M"},{"$i":"shortTimeFormat12","$v":"%p%I:%M"},{"$i":"shortTimeFormat24","$v":"%H:%M"},{"$i":"shortDateTimeFormat","$v":"%x %p%I:%M"},{"$i":"weekStartsOnMonday","$v":"0"},{"$i":"firstDayOfTheWeek","$v":"0"},{"$i":"time_am","$v":"午前"},{"$i":"time_pm","$v":"午後"},{"$i":"title-app","$v":"アプリの許可設定"},{"$i":"title-web","$v":"Web サイトの許可設定"},{"$i":"title-cam","$v":"カメラ選択"},{"$i":"perm-alarms","$v":"スケジュールアラーム"},{"$i":"perm-audio-capture","$v":"マイク"},{"$i":"perm-audio-capture-appRequest","$v":["マイクの共有を ",{"t":"idOrVar","v":"app"}," に許可しますか？"]},{"$i":"perm-audio-capture-webRequest","$v":["マイクの共有を ",{"t":"idOrVar","v":"site"}," に許可しますか？"]},{"$i":"perm-audio-channel-content","$v":"サウンド再生"},{"$i":"perm-audio-channel-notification","$v":"通知サウンド再生"},{"$i":"perm-audio-channel-ringer","$v":"着信音再生"},{"$i":"perm-background-sensors","$v":"センサデータへのアクセス"},{"$i":"perm-bluetooth","$v":"Bluetooth"},{"$i":"perm-browser","$v":"Web ページ調査"},{"$i":"perm-camera","$v":"カメラ"},{"$i":"perm-camera-selector-appRequest","$v":[{"t":"idOrVar","v":"app"}," で使用するカメラを選択してください。"]},{"$i":"perm-camera-selector-webRequest","$v":[{"t":"idOrVar","v":"site"}," で使用するカメラを選択してください。"]},{"$i":"perm-cellbroadcast","$v":"セルブロードキャスト"},{"$i":"perm-contacts","$v":"連絡先"},{"$i":"perm-contacts-appRequest","$v":[{"t":"idOrVar","v":"app"}," が連絡先リストへのアクセス許可を求めています。"]},{"$i":"perm-contacts-webRequest","$v":[{"t":"idOrVar","v":"site"}," サイトが連絡先リストへのアクセス許可を求めています。"]},{"$i":"perm-desktop-notification","$v":"通知"},{"$i":"perm-desktop-notification-appRequest","$v":[{"t":"idOrVar","v":"app"}," が通知の表示を求めています。"]},{"$i":"perm-desktop-notification-webRequest","$v":[{"t":"idOrVar","v":"site"}," サイトが通知の表示を求めています。"]},{"$i":"perm-device-storage-apps","$v":"アプリのストレージ"},{"$i":"perm-device-storage-music","$v":"音楽のストレージ"},{"$i":"perm-device-storage-music-appRequest","$v":[{"t":"idOrVar","v":"app"}," が音楽へのアクセス許可を求めています。"]},{"$i":"perm-device-storage-music-webRequest","$v":[{"t":"idOrVar","v":"site"}," サイトが音楽へのアクセス許可を求めています。"]},{"$i":"perm-device-storage-pictures","$v":"写真のストレージ"},{"$i":"perm-device-storage-pictures-appRequest","$v":[{"t":"idOrVar","v":"app"}," が写真へのアクセス許可を求めています。"]},{"$i":"perm-device-storage-pictures-webRequest","$v":[{"t":"idOrVar","v":"site"}," サイトが写真へのアクセス許可を求めています。"]},{"$i":"perm-device-storage-sdcard","$v":"メモリーカードのストレージ"},{"$i":"perm-device-storage-sdcard-appRequest","$v":[{"t":"idOrVar","v":"app"}," がメモリーカードへのアクセス許可を求めています。"]},{"$i":"perm-device-storage-sdcard-webRequest","$v":[{"t":"idOrVar","v":"site"}," サイトがメモリーカードへのアクセス許可を求めています。"]},{"$i":"perm-device-storage-videos","$v":"動画のストレージ"},{"$i":"perm-device-storage-videos-appRequest","$v":[{"t":"idOrVar","v":"app"}," が動画へのアクセス許可を求めています。"]},{"$i":"perm-device-storage-videos-webRequest","$v":[{"t":"idOrVar","v":"site"}," サイトが動画へのアクセス許可を求めています。"]},{"$i":"perm-embed-apps","$v":"組み込みアプリ"},{"$i":"perm-fmradio","$v":"FM ラジオ"},{"$i":"perm-fmradio-appRequest","$v":[{"t":"idOrVar","v":"app"}," が FM ラジオの使用許可を求めています。"]},{"$i":"perm-fmradio-webRequest","$v":[{"t":"idOrVar","v":"site"}," サイトが FM ラジオの使用許可を求めています。"]},{"$i":"perm-geolocation","$v":"位置情報の送信"},{"$i":"perm-geolocation-appRequest","$v":[{"t":"idOrVar","v":"app"}," があなたの位置情報を求めています。"]},{"$i":"perm-geolocation-more-info","$v":[{"t":"idOrVar","v":"brandShortName"}," は、GPS や Wi-Fi、近くのモバイルネットワークなどのデータを、ユーザのおおよその現在位置の決定に利用します。このデータは、 Mozilla と他のサービスプロバイダに送信され、位置情報データベースを改善するために集計されます。このデータは、ご使用の端末に保存され、アプリが実行中でない時にもデータが収集されることがあります。"]},{"$i":"perm-geolocation-webRequest","$v":[{"t":"idOrVar","v":"site"}," サイトがあなたの位置情報を求めています。"]},{"$i":"perm-idle","$v":"アイドル状態の確認"},{"$i":"perm-indexedDB-chrome-settings","$v":"特権 IndexedDB"},{"$i":"perm-indexedDB-unlimited","$v":"無制限 IndexedDB ストレージ"},{"$i":"perm-input-manage","$v":"キーボードの管理"},{"$i":"perm-input","$v":"キーボードとして動作"},{"$i":"perm-media-capture","$v":"カメラとマイク"},{"$i":"perm-media-capture-appRequest","$v":["カメラとマイクの共有を ",{"t":"idOrVar","v":"app"}," に許可しますか？"]},{"$i":"perm-media-capture-webRequest","$v":["カメラとマイクの共有を ",{"t":"idOrVar","v":"site"}," に許可しますか？"]},{"$i":"perm-mobileconnection","$v":"モバイル通信接続"},{"$i":"perm-mobileid","$v":"モバイル個人認証"},{"$i":"perm-network-events","$v":"ネットワークイベント"},{"$i":"perm-open-remote-window","$v":"アプリの起動"},{"$i":"perm-permissions","$v":"アプリの許可設定を変更"},{"$i":"perm-power","$v":"電源設定"},{"$i":"perm-settings","$v":"環境設定変更"},{"$i":"perm-systemXHR","$v":"クロスオリジン要求"},{"$i":"perm-telephony","$v":"電話"},{"$i":"perm-video-capture","$v":"カメラ"},{"$i":"perm-video-capture-appRequest","$v":["カメラの共有を ",{"t":"idOrVar","v":"app"}," に許可しますか？"]},{"$i":"perm-video-capture-webRequest","$v":["カメラの共有を ",{"t":"idOrVar","v":"site"}," に許可しますか？"]},{"$i":"perm-voicemail","$v":"ボイスメールの制御"},{"$i":"perm-webapps-manage","$v":"Web アプリのインストール"},{"$i":"perm-wifi-manage","$v":"Wi-Fi の管理"},{"$i":"perm-attention","$v":"オーバーレイポップアップを開く"},{"$i":"perm-audio-channel-alarm","$v":"アラーム音を再生"},{"$i":"perm-audio-channel-normal","$v":"サウンドを再生"},{"$i":"perm-audio-channel-publicnotification","$v":"通知音を再生"},{"$i":"perm-audio-channel-telephony","$v":"通話音を再生"},{"$i":"perm-backgroundservice","$v":"バックグラウンドサービスとして動作"},{"$i":"perm-device-storage-crashes","$v":"クラッシュデータの保存"},{"$i":"perm-downloads","$v":"ダウンロードファイルへのアクセス"},{"$i":"perm-embed-widgets","$v":"組み込みウィジェット"},{"$i":"perm-feature-detection","$v":"機能検出"},{"$i":"perm-firefox-accounts","$v":"Firefox アカウント"},{"$i":"perm-mobilenetwork","$v":"モバイルネットワーク"},{"$i":"perm-moz-attention","$v":"オーバーレイポップアップを開く (moz)"},{"$i":"perm-moz-audio-channel-ringer","$v":"着信音を再生 (moz)"},{"$i":"perm-moz-audio-channel-telephony","$v":"通話音を再生 (moz)"},{"$i":"perm-moz-firefox-accounts","$v":"Firefox アカウント (moz)"},{"$i":"perm-networkstats-manage","$v":"通信量状態のコントロール"},{"$i":"perm-nfc","$v":"NFC"},{"$i":"perm-nfc-hci-events","$v":"NFC HCI イベント"},{"$i":"perm-nfc-manager","$v":"NFC の管理"},{"$i":"perm-phonenumberservice","$v":"電話番号サービス"},{"$i":"perm-push","$v":"Push API"},{"$i":"perm-resourcestats-manage","$v":"リソース状態"},{"$i":"perm-sms","$v":"SMS の送信と表示"},{"$i":"perm-speaker-control","$v":"音量コントロール"},{"$i":"perm-storage","$v":"ストレージへのアクセス"},{"$i":"perm-tcp-socket","$v":"TCP ソケット"},{"$i":"perm-test-permission","$v":"許可設定のテスト"},{"$i":"perm-time","$v":"日付と時刻の設定"},{"$i":"perm-udp-socket","$v":"UDP ソケット"},{"$i":"perm-wappush","$v":"WAP プッシュ"},{"$i":"stopped_download_title","$v":"ダウンロードを中止しました"},{"$i":"stopped_download_message","$v":"ダウンロードが中止されました。再度ダウンロードしますか？"},{"$i":"stopped_download_left_button","$v":"キャンセル"},{"$i":"stopped_download_right_button","$v":"再試行"},{"$i":"failed_download_title","$v":"ダウンロードに失敗しました"},{"$i":"failed_download_message","$v":[{"t":"idOrVar","v":"name"}," のダウンロードに失敗しました。再度ダウンロードしますか？"]},{"$i":"failed_download_left_button","$v":"キャンセル"},{"$i":"failed_download_right_button","$v":"再試行"},{"$i":"stop_download_title","$v":"ダウンロードを中止します"},{"$i":"stop_download_message","$v":"本当にダウンロードを中止してもよろしいですか？"},{"$i":"stop_download_left_button","$v":"いいえ"},{"$i":"stop_download_right_button","$v":"はい"},{"$i":"delete_download_title","$v":"削除"},{"$i":"delete_download_message","$v":[{"t":"idOrVar","v":"name"}," を削除しますか？"]},{"$i":"delete_download_left_button","$v":"キャンセル"},{"$i":"delete_download_right_button","$v":"削除"},{"$i":"delete_all_download_title","$v":"削除"},{"$i":"delete_all_download_left_button","$v":"キャンセル"},{"$i":"delete_all_download_right_button","$v":"削除"},{"$i":"delete_all_download_message","$v":{"zero":"ファイルを削除しません","one":"1 個のファイルを削除しますか？","two":[{"t":"idOrVar","v":"number"}," 個のファイルを削除しますか？"],"few":[{"t":"idOrVar","v":"number"}," 個のファイルを削除しますか？"],"many":[{"t":"idOrVar","v":"number"}," 個のファイルを削除しますか？"],"other":[{"t":"idOrVar","v":"number"}," 個のファイルを削除しますか？"]},"$x":[{"t":"idOrVar","v":"plural"},"number"]},{"$i":"unsupported_file_type_download_title","$v":"データが開けません"},{"$i":"unsupported_file_type_download_message","$v":[{"t":"idOrVar","v":"name"}," を扱えるアプリがありません。これをファイルに保存または削除してください。"]},{"$i":"unsupported_file_type_download_left_button","$v":"ファイルに保存"},{"$i":"unsupported_file_type_download_right_button","$v":"削除"},{"$i":"file_not_found_download_title","$v":"ファイルが見つかりませんでした"},{"$i":"file_not_found_download_message","$v":"端末上にファイルが見つかりませんでした。"},{"$i":"file_not_found_download_right_button","$v":"OK"},{"$i":"unmounted_sdcard_2_download_title","$v":"メモリーカードが使用中です"},{"$i":"unmounted_sdcard_2_download_message","$v":"USB ケーブルを抜いてください"},{"$i":"unmounted_sdcard_2_download_right_button","$v":"OK"},{"$i":"no_provider_download_title","$v":"共有できません"},{"$i":"no_provider_download_message","$v":"プロバイダが見つかりませんでした。"},{"$i":"no_provider_download_right_button","$v":"OK"},{"$i":"no_memory_download_title","$v":"SD カードの空き容量が不足しています"},{"$i":"no_memory_download_message","$v":"SD カードにダウンロードしたファイルを保存するための空き領域が足りません。ダウンロードを再開する前に不要なファイルを削除してください。"},{"$i":"no_memory_download_right_button","$v":"OK"},{"$i":"no_sdcard_found_2_download_title","$v":"メモリーカードが見つかりませんでした"},{"$i":"no_sdcard_found_2_download_message","$v":"メモリーカードを挿入するか、環境設定で既定のメディアの場所を選択してください。"},{"$i":"no_sdcard_found_2_download_right_button","$v":"OK"},{"$i":"file_open_error_download_title","$v":"データが開けません"},{"$i":"file_open_error_download_message","$v":[{"t":"idOrVar","v":"name"}," を開く時に問題が発生しました。これをファイルに保存または削除してください。"]},{"$i":"file_open_error_download_left_button","$v":"ファイルに保存"},{"$i":"file_open_error_download_right_button","$v":"削除"},{"$i":"restart_download_error","$v":"ダウンロードの再開中にエラーが発生しました。ダウンロードを再度試してください。"},{"$i":"no-downloads","$v":"ダウンロードなし"},{"$i":"percentage","$v":[{"t":"idOrVar","v":"percentage"}," %"]},{"$i":"partialResult","$v":[{"t":"idOrVar","v":"partial"}," / ",{"t":"idOrVar","v":"total"}]},{"$i":"summary","$v":[{"t":"idOrVar","v":"date"}," - ",{"t":"idOrVar","v":"status"}]},{"$i":"download-stopped","$v":"ダウンロード中止"},{"$i":"download-failed","$v":"ダウンロード失敗"},{"$i":"open_downloaded_file","$v":"開く"},{"$i":"share_downloaded_file","$v":"共有する"},{"$i":"wallpaper_downloaded_file","$v":"壁紙に設定する"},{"$i":"ringtone_downloaded_file","$v":"着信音に設定する"},{"$i":"cancel_downloaded_file","$v":"キャンセル"},{"$i":"voicemailNoNumberTitle","$v":"ボイスメール番号が利用できません"},{"$i":"voicemailNoNumberText","$v":"ボイスメールを呼び出せません。呼び出すためのボイスメール番号を設定してください。"},{"$i":"voicemailNoNumberSettings","$v":"設定"},{"$i":"voicemailNoNumberCancel","$v":"キャンセル"},{"$i":"airplaneMode","$v":"機内モード"},{"$i":"searching","$v":"検索中…"},{"$i":"noNetwork","$v":"ネットワークが見つかりません"},{"$i":"roaming","$v":[{"t":"idOrVar","v":"operator"}," (ローミング)"]},{"$i":"operator-info","$v":[{"t":"idOrVar","v":"carrier"}," ",{"t":"idOrVar","v":"region"}]},{"$i":"emergencyCallsOnly-unknownSIMState","$v":"(SIM の状態不明)"},{"$i":"emergencyCallsOnly-noSIM","$v":"(SIM カード未挿入)"},{"$i":"emergencyCallsOnly-pinRequired","$v":"(要 PIN コード)"},{"$i":"emergencyCallsOnly-pukRequired","$v":"(要 PIN ロック解除コード)"},{"$i":"emergencyCallsOnly-networkLocked","$v":"(ネットワーク固定)"},{"$i":"emergencyCallsOnly-serviceProviderLocked","$v":"(サービスプロバイダ固定)"},{"$i":"emergencyCallsOnly-corporateLocked","$v":"(法人固定)"},{"$i":"emergencyCallsOnly-network1Locked","$v":"(ネットワーク1 固定)"},{"$i":"emergencyCallsOnly-network2Locked","$v":"(ネットワーク2 固定)"},{"$i":"emergencyCallsOnly-hrpdNetworkLocked","$v":"(HRPD ネットワーク固定)"},{"$i":"emergencyCallsOnly-ruimCorporateLocked","$v":"(R-UIM 法人固定)"},{"$i":"emergencyCallsOnly-ruimServiceProviderLocked","$v":"(R-UIM サービスプロバイダ固定)"},{"$i":"lockscreen-sim-id","$v":["SIM",{"t":"idOrVar","v":"n"}]},{"$i":"charging-status-no-time","$v":[{"t":"idOrVar","v":"level"},"% 充電完了"]},{"$i":"charging-status-minutes","$v":{"zero":[{"t":"idOrVar","v":"level"},"% 充電完了 (あと",{"t":"idOrVar","v":"minutes"},"分)"],"one":[{"t":"idOrVar","v":"level"},"% 充電完了 (あと",{"t":"idOrVar","v":"minutes"},"分)"],"two":[{"t":"idOrVar","v":"level"},"% 充電完了 (あと",{"t":"idOrVar","v":"minutes"},"分)"],"few":[{"t":"idOrVar","v":"level"},"% 充電完了 (あと",{"t":"idOrVar","v":"minutes"},"分)"],"many":[{"t":"idOrVar","v":"level"},"% 充電完了 (あと",{"t":"idOrVar","v":"minutes"},"分)"],"other":[{"t":"idOrVar","v":"level"},"% 充電完了 (あと",{"t":"idOrVar","v":"minutes"},"分)"]},"$x":[{"t":"idOrVar","v":"plural"},"minutes"]},{"$i":"charging-status-hours","$v":{"zero":[{"t":"idOrVar","v":"level"},"% 充電完了 (あと",{"t":"idOrVar","v":"hours"},"時間",{"t":"idOrVar","v":"minutes"},"分)"],"one":[{"t":"idOrVar","v":"level"},"% 充電完了 (あと",{"t":"idOrVar","v":"hours"},"時間",{"t":"idOrVar","v":"minutes"},"分)"],"two":[{"t":"idOrVar","v":"level"},"% 充電完了 (あと",{"t":"idOrVar","v":"hours"},"時間",{"t":"idOrVar","v":"minutes"},"分)"],"few":[{"t":"idOrVar","v":"level"},"% 充電完了 (あと",{"t":"idOrVar","v":"hours"},"時間",{"t":"idOrVar","v":"minutes"},"分)"],"many":[{"t":"idOrVar","v":"level"},"% 充電完了 (あと",{"t":"idOrVar","v":"hours"},"時間",{"t":"idOrVar","v":"minutes"},"分)"],"other":[{"t":"idOrVar","v":"level"},"% 充電完了 (あと",{"t":"idOrVar","v":"hours"},"時間",{"t":"idOrVar","v":"minutes"},"分)"]},"$x":[{"t":"idOrVar","v":"plural"},"minutes"]},{"$i":"gaia-menu-cancel","$v":"キャンセル"}]