[{"$i":"share","$v":"Kongsi"},{"$i":"resend","$v":"Hantar Semula"},{"$i":"connecting","$v":"Menyambung"},{"$i":"verify","$v":"Tentusah"},{"$i":"verifying","$v":"Mengesahkan"},{"$i":"verified","$v":"Disahkan"},{"$i":"mobileIDExplanation","$v":[{"t":"idOrVar","v":"app_name"}," ingin mengetahui dan menentusahkan nombor telefon anda. Sila pilih yang mana anda ingin kongsikan atau masukkan yang baru."]},{"$i":"verificationCodeExplanation","$v":["Kami telah menghantar kod kepada ",{"t":"idOrVar","v":"phone_number"},". Kami akan cuba mengambilnya secara automatik, tetapi anda perlu memasukkannya secara manual jika ianya tidak digunakan pada peranti ini."]},{"$i":"successMessage","$v":["Terbaik! Nombor anda ",{"t":"idOrVar","v":"phone_number"}," telah disahkan dan tersedia untuk ",{"t":"idOrVar","v":"app_name"},"."]},{"$i":"serverErrorMessage","$v":"Pelayan pengesahan tidak tersedia buat masa ini. Sila periksa sambungan Internet anda, cuba lagi atau tunggu beberapa minit."},{"$i":"timeoutErrorMessage","$v":"Kemungkinan terdapat masalah dengan kod pengesahan. Mari cuba sekali lagi!"},{"$i":"errorTitle","$v":"Identiti bimbit"},{"$i":"ok","$v":"OK"},{"$i":"addPhoneNumber","$v":"Atau tambah nombor telefon anda"},{"$i":"selectPhoneNumber","$v":"Atau pilih nombor telefon daripada senarai"},{"$i":"firefox-accounts-title","$v":"Akaun Firefox"},{"$i":"fxa-next","$v":"Berikut"},{"$i":"fxa-back","$v":"Kembali"},{"$i":"fxa-done","$v":"Selesai"},{"$i":"fxa-ok","$v":"OK"},{"$i":"fxa-connection-error-title","$v":"Tidak dapat Menyambung"},{"$i":"fxa-connection-error-message","$v":"Anda boleh mencipta akaun atau daftar masuk daripada Tetapan."},{"$i":"fxa-reset-password-error-title","$v":"Ulang tetap Kata laluan"},{"$i":"fxa-reset-password-error-message","$v":"Anda boleh ulang tetap kata laluan daripada Tetapan."},{"$i":"fxa-coppa-failure-error-title","$v":"Tidak Dapat Cipta Akaun"},{"$i":"fxa-coppa-failure-error-message","$v":["Anda mesti mencapai keperluan umur tertentu untuk mencipta Akaun Firefox. ",{"t":"idOrVar","v":"learnmode"}]},{"$i":"fxa-learn-more","$v":"Ketahui lanjut"},{"$i":"fxa-offline-error-title","$v":"Tidak dapat Menyambung"},{"$i":"fxa-offline-error-message","$v":"Sila sambung ke rangkaian daripada Tetapan."},{"$i":"fxa-invalid-email-title","$v":"Ralat"},{"$i":"fxa-invalid-email-message","$v":"Sila masukkan emel yang sah."},{"$i":"fxa-invalid-password-title","$v":"Kata Laluan Tidak Sah"},{"$i":"fxa-invalid-password-message","$v":"Sila periksa kata laluan dan cuba lagi."},{"$i":"fxa-unknown-error-title","$v":"Tidak dapat Menyambung"},{"$i":"fxa-unknown-error-message","$v":"Sistem tidak tersedia, cuba lagi kemudian."},{"$i":"fxa-connecting","$v":"Menyambung"},{"$i":"fxa-enter-email-input","placeholder":"Masukkan emel anda"},{"$i":"fxa-use-email-to-sign-in","$v":"Gunakan alamat emel anda untuk mencipta akaun atau daftar masuk."},{"$i":"fxa-notice","$v":["Dengan meneruskannya, Saya bersetuju dengan ",{"t":"idOrVar","v":"tos"}," dan ",{"t":"idOrVar","v":"pn"}," khidmat awanan Firefox."]},{"$i":"fxa-tos","$v":"Terma Perkhidmatan"},{"$i":"fxa-pn","$v":"Notis Privasi"},{"$i":"fxa-create-password-title","$v":"Cipta Kata Laluan"},{"$i":"fxa-enter-password-title","$v":"Masukkan Kata laluan Anda"},{"$i":"fxa-hello-user","$v":["Hello, ",{"t":"idOrVar","v":"email"}]},{"$i":"fxa-password-refresh","$v":"Sila masukkan kata laluan Akaun Firefox anda untuk meneruskan."},{"$i":"fxa-password","placeholder":"Kata laluan"},{"$i":"fxa-forgot-your-password","$v":"Terlupa kata laluan anda?"},{"$i":"fxa-show-password","$v":"Tunjuk kata laluan"},{"$i":"fxa-password-length-requirement","$v":"Kata laluan anda mestilah sekurang-kurangnya 8 aksara panjang."},{"$i":"fxa-success","$v":"Berjaya!"},{"$i":"fxa-ready-to-go","$v":"Akaun Firefox Anda sedia untuk digunakan! "},{"$i":"fxa-use-features","$v":"Kini anda boleh menggunakan ciri seperti Cari Peranti Ku dan aplikasi seperti Firefox Marketplace."},{"$i":"fxa-access-manage-account-settings","$v":"Pada masa depan, anda boleh mencapai dan menguruskan akaun anda daripada Tetapan."},{"$i":"fxa-confirm-account","$v":"Pastikan Akaun Anda"},{"$i":"fxa-will-send-email","$v":["Kami akan menghantar emel kepada: ",{"t":"idOrVar","v":"email"}]},{"$i":"fxa-signup-click-verification-link-in-email","$v":"Pada waktu lain anda memeriksa emel anda, klik pada pautan pengesahan untuk mengesahkan akaun Firefox anda."},{"$i":"fxa-age-verification","$v":"Pengesahan Umur"},{"$i":"fxa-age-earlier","$v":[{"t":"idOrVar","v":"year"}," or earlier"]},{"$i":"fxa-year-of-birth","$v":"Tahun Lahir"},{"$i":"brandShortName","$v":"B2G OS"},{"$i":"browserBrandShortName","$v":"Web Browser"},{"$i":"browserBrandFullName","$v":"Mozilla Web Browser"},{"$i":"ringtoneBrandName","$v":"Default"},{"$i":"ringtoneSectionBrandName","$v":"System"},{"$i":"back","$v":"Undur"},{"$i":"help","$v":"Bantuan"},{"$i":"cancel","$v":"Batal"},{"$i":"close","$v":"Tutup"},{"$i":"skip","$v":"Langkau"},{"$i":"clear","ariaLabel":"Lapang"},{"$i":"enable","$v":"Enable"},{"$i":"turnOn","$v":"Turn On"},{"$i":"undo","ariaLabel":"Nyahcara"},{"$i":"enterPIN","$v":"Masukkan PIN"},{"$i":"mediaPlaybackTrack","ariaLabel":"Track title and artist"},{"$i":"mediaPlaybackControls","ariaLabel":"Kawalan mainbalik"},{"$i":"mediaPlaybackPrevious","ariaLabel":"Terdahulu"},{"$i":"mediaPlaybackPlay","ariaLabel":"Play"},{"$i":"mediaPlaybackPause","ariaLabel":"Pause"},{"$i":"mediaPlaybackNext","ariaLabel":"Berikut"},{"$i":"UnknownTrack","$v":"Trek tidak diketahui"},{"$i":"wifiButton-on","$v":"Wi-Fi hidup"},{"$i":"wifiButton-on-initializing","$v":"Wi-Fi hidup, memulakan"},{"$i":"wifiButton-off","$v":"Wi-Fi mati"},{"$i":"dataButton-on","$v":["Data ",{"t":"idOrVar","v":"type"}," hidup"]},{"$i":"dataButton-off","$v":["Data ",{"t":"idOrVar","v":"type"}," mati"]},{"$i":"bluetoothButton-on","$v":"Bluetooth hidup"},{"$i":"bluetoothButton-on-initializing","$v":"Bluetooth hidup, memulakan"},{"$i":"bluetoothButton-off","$v":"Bluetooth mati"},{"$i":"airplaneMode-on","$v":"Mod pesawat hidup"},{"$i":"airplaneMode-off","$v":"Mod pesawat telah hidup"},{"$i":"settingsButton","ariaLabel":"Tetapan"},{"$i":"utilityTray","ariaLabel":"Talam utiliti"},{"$i":"statusbarOperator","$v":[{"t":"idOrVar","v":"date"},", ",{"t":"idOrVar","v":"operator"}]},{"$i":"statusbarDateFormat","$v":"%b %e"},{"$i":"statusbar","ariaLabel":"Bar Status"},{"$i":"statusbarBattery","ariaLabel":["Battery ",{"t":"idOrVar","v":"level"}," percent"]},{"$i":"statusbarBatteryCharging","ariaLabel":["Battery ",{"t":"idOrVar","v":"level"}," percent, charging"]},{"$i":"statusbarAirplaneMode","ariaLabel":"Airplane mode on"},{"$i":"statusbarWiFiConnecting","ariaLabel":"Wi-Fi: connecting"},{"$i":"statusbarWiFiConnected","ariaLabel":["Wi-Fi: ",{"t":"idOrVar","v":"level"}," of 4 bars"]},{"$i":"statusbarSignal","ariaLabel":[{"t":"idOrVar","v":"operator"}," network, ",{"t":"idOrVar","v":"level"}," of 5 bars"]},{"$i":"statusbarSignalRoaming","ariaLabel":[{"t":"idOrVar","v":"operator"}," network (roaming), ",{"t":"idOrVar","v":"level"}," of 5 bars"]},{"$i":"statusbarSignalNoneSearching","ariaLabel":"Searching… Emergency calls only"},{"$i":"emergencyCallsOnly","$v":"Hanya panggilan kecemasan"},{"$i":"statusbarSignalNoSimCard","ariaLabel":"No SIM card"},{"$i":"statusbarHeadphone","ariaLabel":"Headphones on"},{"$i":"statusbarBluetoothHeadphone","ariaLabel":"Bluetooth headphones on"},{"$i":"statusbarBluetoothTransfer","ariaLabel":"Bluetooth transfer active"},{"$i":"statusbarIconOn-tethering","ariaLabel":"Tethering on"},{"$i":"statusbarIconOnActive-tethering","ariaLabel":"Tethering on, active"},{"$i":"statusbarAlarm","ariaLabel":"Penggera hidup"},{"$i":"statusbarIconOn-bluetooth","ariaLabel":"Bluetooth on"},{"$i":"statusbarIconOnActive-bluetooth","ariaLabel":"Bluetooth on, active"},{"$i":"statusbarIconOn-mute","ariaLabel":"Mute on"},{"$i":"statusbarIconOn-vibration","ariaLabel":"Vibration on"},{"$i":"statusbarRecording","ariaLabel":"Merakam hidup"},{"$i":"statusbarGeolocation","ariaLabel":"Geolokasi hidup"},{"$i":"statusbarUsb","ariaLabel":"USB hidup"},{"$i":"statusbarCallForwarding","$v":"Call forwarding on"},{"$i":"statusbarPlaying","ariaLabel":"Memainkan media"},{"$i":"statusbarNfc","ariaLabel":"NFC hidup"},{"$i":"statusbarDownload","ariaLabel":"Downloading…"},{"$i":"statusbarNetworkActivity","ariaLabel":"Rangkaian hidup"},{"$i":"statusbarEmergencyCallback","ariaLabel":"Emergency callback"},{"$i":"statusbarNotifications","$v":{"one":[{"t":"idOrVar","v":"n"}," pemberitahuan"],"two":[{"t":"idOrVar","v":"n"}," pemberitahuan"],"few":[{"t":"idOrVar","v":"n"}," pemberitahuan"],"many":[{"t":"idOrVar","v":"n"}," pemberitahuan"],"other":[{"t":"idOrVar","v":"n"}," pemberitahuan"]},"$x":[{"t":"idOrVar","v":"plural"},"n"]},{"$i":"statusbarNotifications-unread","ariaLabel":{"$x":[{"t":"idOrVar","v":"plural"},"n"],"$v":{"one":[{"t":"idOrVar","v":"n"}," unread notification"],"two":[{"t":"idOrVar","v":"n"}," unread notifications"],"few":[{"t":"idOrVar","v":"n"}," unread notifications"],"many":[{"t":"idOrVar","v":"n"}," unread notifications"],"other":[{"t":"idOrVar","v":"n"}," unread notifications"]}}},{"$i":"notifications","$v":"Pemberitahuan"},{"$i":"clear-all","$v":"Lapangkan semua"},{"$i":"attentionScreen-tapToShow","$v":"Ketik untuk tunjuk"},{"$i":"newVoicemails","$v":{"zero":"Tiada mel suara baru","one":"Satu mel suara baru","two":[{"t":"idOrVar","v":"n"}," mel suara baru"],"few":[{"t":"idOrVar","v":"n"}," mel suara baru"],"many":[{"t":"idOrVar","v":"n"}," mel suara baru"],"other":[{"t":"idOrVar","v":"n"}," mel suara baru"]},"$x":[{"t":"idOrVar","v":"plural"},"n"]},{"$i":"newVoicemailsUnknown","$v":"Mel suara baru"},{"$i":"dialNumber","$v":["Dial ",{"t":"idOrVar","v":"number"}]},{"$i":"voicemailNotificationMultiSim","$v":["(SIM ",{"t":"idOrVar","v":"n"},") ",{"t":"idOrVar","v":"title"}]},{"$i":"euRoamingNotificationTitle","$v":"Internet EU dikesan"},{"$i":"euRoamingNotificationMsg","$v":"Ketik untuk berubah."},{"$i":"confirmNFCConnectBTenabledNameUnknown","$v":"Adakah anda ingin menyambung kepada peranti?"},{"$i":"confirmNFCConnectBTdisabledNameUnknown","$v":"Menghidupkan Bluetooth dan sambung kepada peranti?"},{"$i":"confirmNFCConnectBTenabledNameKnown","$v":["Adakah anda pasti yang anda ingin menyambung kepada ",{"t":"idOrVar","v":"deviceName"},"?"]},{"$i":"confirmNFCConnectBTdisabledNameKnown","$v":["Menghidupkan Bluetooth dan sambung ke ",{"t":"idOrVar","v":"deviceName"},"?"]},{"$i":"confirmNFCConnectBTdisabled","$v":"Hidupkan"},{"$i":"dismissNFCConnectBTdisabled","$v":"Batal"},{"$i":"confirmation","$v":"Kepastian"},{"$i":"deviceMenu","$v":"Telefon"},{"$i":"airplane","$v":"Hidupkan mod pesawat"},{"$i":"airplaneOff","$v":"Matikan mod pesawat"},{"$i":"silent","$v":"Senyapkan panggilan masuk"},{"$i":"normal","$v":"Dering panggilan masuk"},{"$i":"restart","$v":"Ulang mula"},{"$i":"power","$v":"Tutup kuasa"},{"$i":"no-recent-app-windows","$v":"Your recent app windows show up here"},{"$i":"no-recent-browser-windows","$v":"Tetingkap pelayar terbaru anda dipaparkan di sini"},{"$i":"closeCard","ariaLabel":"Tutup"},{"$i":"openCard","ariaLabel":"Buka"},{"$i":"yes","$v":"Ya"},{"$i":"no","$v":"Tidak"},{"$i":"dontallow","$v":"Jangan benarkan"},{"$i":"allow","$v":"Benarkan"},{"$i":"dontshare-geolocation","$v":"Jangan Kongsi"},{"$i":"share-geolocation","$v":"Kongsi"},{"$i":"dontshare-audio-capture","$v":"Jangan Kongsi"},{"$i":"share-audio-capture","$v":"Kongsi"},{"$i":"dontshare-video-capture","$v":"Jangan Kongsi"},{"$i":"share-video-capture","$v":"Kongsi"},{"$i":"dontshare-media-capture","$v":"Jangan Kongsi"},{"$i":"share-media-capture","$v":"Kongsi"},{"$i":"device-front","$v":"Kamera Depan"},{"$i":"device-back","$v":"Kamera Belakang"},{"$i":"remember-my-choice","$v":"Ingiti pilihan saya"},{"$i":"more-info","$v":"Info lanjut…"},{"$i":"hide-info","$v":"Sorok info"},{"$i":"install-app","$v":["Pasang ",{"t":"idOrVar","v":"name"},"?"]},{"$i":"size","$v":"Saiz"},{"$i":"author","$v":"Pengarang"},{"$i":"size-unknown","$v":"Tidak diketahui"},{"$i":"author-unknown","$v":"Tidak diketahui"},{"$i":"install","$v":"Pemasangan"},{"$i":"bytes","$v":"bait"},{"$i":"kB","$v":"KB"},{"$i":"MB","$v":"MB"},{"$i":"GB","$v":"GB"},{"$i":"TB","$v":"TB"},{"$i":"PB","$v":"PB"},{"$i":"app-install-generic-error","$v":["Muat turun ",{"t":"idOrVar","v":"appName"}," terhenti"]},{"$i":"app-install-download-failed","$v":["Muat turun ",{"t":"idOrVar","v":"appName"}," gagal"]},{"$i":"app-install-install-failed","$v":["Pemasangan ",{"t":"idOrVar","v":"appName"}," gagal"]},{"$i":"cancelling-will-not-refund","$v":"Pembatalan tidak dapat memulangkan pembelian. Pemulangan kandungan yang telah dibeli disediakan oleh penjual asal."},{"$i":"apps-can-be-installed-later","$v":"App dapat dipasang kemudiannya daripada sumber pemasangan asal."},{"$i":"are-you-sure-you-want-to-cancel","$v":"Pastikah anda ingin batalkan pemasangan ini?"},{"$i":"cancel-install","$v":"Batal Pemasangan"},{"$i":"cancel-install-button","$v":"Batal Pemasangan"},{"$i":"resume","$v":"Sambung"},{"$i":"continue","$v":"Teruskan"},{"$i":"stopDownloading","$v":["Henti muat turun ",{"t":"idOrVar","v":"app"},"?"]},{"$i":"app-download-can-be-restarted","$v":"Muat turun boleh diulang mula kemudia."},{"$i":"app-download-stop-button","$v":"Henti Muat turun"},{"$i":"not-enough-space","$v":"Tidak cukup ruang"},{"$i":"not-enough-space-message","$v":"Ruang tidak mencukupi untuk memasang app ini. Lapangkan ruang dengan menghapus app atau media lama, dan cuba lagi daripada sumber asal."},{"$i":"app-install-success","$v":[{"t":"idOrVar","v":"appName"}," dipasang"]},{"$i":"langpack-install-success2","$v":[{"t":"idOrVar","v":"appName"}," installed. Go to Settings > Language to enable it."]},{"$i":"setup","$v":"Penetapan"},{"$i":"ime-addkeyboards","$v":"Tambah papan kekunci"},{"$i":"later","$v":"Kemudian"},{"$i":"download","$v":"Muat turun"},{"$i":"wantToDownload","$v":"Muat turun kemaskini sekarang?"},{"$i":"wantToInstallNow","$v":"Adakah anda ingin memasang kemaskini sekarang? Anda tidak akan dapat menggunakan telefon anda untuk beberapa minit."},{"$i":"installNow","$v":"Pasang Sekarang"},{"$i":"notNow","$v":"Bukan Sekarang"},{"$i":"downloadingUpdateMessage","innerHTML":["Muat turun kemaskini... <span>",{"t":"idOrVar","v":"progress"}," dimaut turun.</span>"]},{"$i":"downloadingAppMessage","$v":["Memuat turun ",{"t":"idOrVar","v":"appName"}]},{"$i":"downloadingAppProgressNoMax","$v":[{"t":"idOrVar","v":"progress"}," dimuat turun"]},{"$i":"downloadingAppProgressIndeterminate","$v":"Memuat turun"},{"$i":"downloadingAppProgress","$v":[{"t":"idOrVar","v":"progress"}," / ",{"t":"idOrVar","v":"max"}," dimuat turun"]},{"$i":"cancelAllDownloads","$v":"Batal semua muat turun"},{"$i":"wantToCancelAll","$v":"Pastikah anda untuk membatalkan semua muat turun?"},{"$i":"downloadError","$v":"Terdapat ralat ketika memuat turun kemaskini."},{"$i":"updateAvailableInfo","innerHTML":{"$x":[{"t":"idOrVar","v":"plural"},"n"],"$v":{"one":[{"t":"idOrVar","v":"n"}," kemaskini tersedia. <span>Tap untuk info lanjut.</span>"],"two":[{"t":"idOrVar","v":"n"}," kemaskini tersedia. <span>Tap untuk info lanjut.</span>"],"few":[{"t":"idOrVar","v":"n"}," kemaskini tersedia. <span>Tap untuk info lanjut.</span>"],"many":[{"t":"idOrVar","v":"n"}," kemaskini tersedia. <span>Tap untuk info lanjut.</span>"],"other":[{"t":"idOrVar","v":"n"}," kemaskini tersedia. <span>Tap untuk info lanjut.</span>"]}}},{"$i":"numberOfUpdates","$v":{"one":[{"t":"idOrVar","v":"n"}," kemaskini tersedia"],"two":[{"t":"idOrVar","v":"n"}," kemaskini tersedia"],"few":[{"t":"idOrVar","v":"n"}," kemaskini tersedia"],"many":[{"t":"idOrVar","v":"n"}," kemaskini tersedia"],"other":[{"t":"idOrVar","v":"n"}," kemaskini tersedia"]},"$x":[{"t":"idOrVar","v":"plural"},"n"]},{"$i":"systemUpdate","$v":"Kemaskini sistem"},{"$i":"systemUpdateReady","$v":"Kemaskini Sistem Sedia"},{"$i":"systemUpdateLowBatteryThreshold","$v":["Anda memerlukan sekurang-kurangnya ",{"t":"idOrVar","v":"threshold"}," % paras bateri untuk memasang kemaskini."]},{"$i":"required","$v":"Diperlukan"},{"$i":"uncompressingMessage","innerHTML":"Menyahmampat... <span>Ini akan mengambil masam beberapa minit.</span>"},{"$i":"downloadWifiPrioritizedUsing2G","$v":"Updates are downloaded via data connection when Wi-Fi is not available. When using data connection, phone calls may be blocked and additional charges may also apply."},{"$i":"downloadWifiPrioritized3","$v":"Updates are downloaded via data connection when Wi-Fi is not available. When using data connection, additional charges may apply."},{"$i":"downloadNoWifiWarning","$v":"Wi-Fi tidak tersedia. Mengemaskini menggunakan sambungan semasa bakal menanggung cas tambahan."},{"$i":"downloadOfflineWarning2","$v":"Connect to a network to download updates."},{"$i":"downloadUpdatesViaDataConnection","$v":"Muat turun kemaskini melalui sambungan data?"},{"$i":"downloadUpdatesVia2GForbidden3","$v":"Downloading updates is not possible on slow connections (2G). Please connect via Wi-Fi or 3G (if available) and try again."},{"$i":"downloadUpdatesViaDataConnectionMessage3","$v":"When using a data connection, additional costs may apply. Do you want to continue?"},{"$i":"downloadUpdatesViaDataRoamingConnection","$v":"Muat turun kemaskini melalui perayauan data?"},{"$i":"downloadUpdatesViaDataRoamingConnectionMessage","$v":"Anda kini dalam perayauan dan caj tambahan mungkin dikenakan. Adakah anda ingin teruskan?"},{"$i":"screenshotSaved","$v":"Cekupan layar disimpan ke Galeri"},{"$i":"screenshotFailed","$v":"Cekupan layar tidak dapat disimpan"},{"$i":"screenshotNoSDCard","$v":"Kad memori tidak ditemui"},{"$i":"screenshotSDCardInUse","$v":"Kad memori sedang diguna"},{"$i":"screenshotSDCardLow","$v":"Tidak cukup ruang pada kad memori"},{"$i":"logsSaved","$v":"Log disimpan pada storan"},{"$i":"logsSaveError","$v":"Error while saving logs"},{"$i":"logsSaving","$v":"Capturing logs…"},{"$i":"logsOperationFailed","$v":["Operation ",{"t":"idOrVar","v":"operation"}," failed."]},{"$i":"logsGenericError","$v":"Unexpected error occurred."},{"$i":"logsSDCardMaybeShared","$v":"Make sure your SD card is not shared with your computer."},{"$i":"emergency-call-button","$v":"Panggilan Kecemasan"},{"$i":"emergency-call","$v":"Panggilan Kecemasan"},{"$i":"unlock-a11y-button","ariaLabel":"Buka kunci"},{"$i":"camera-a11y-button","ariaLabel":"Kamera"},{"$i":"longDateFormat","$v":"%A, %B %e"},{"$i":"panel-passcode","ariaLabel":"Kod laluan panel"},{"$i":"open-notification","$v":"buka"},{"$i":"softwareHomeButton","ariaLabel":"Laman Utama"},{"$i":"login","$v":"Daftar masuk"},{"$i":"sign-in-to-website","$v":"Daftar masuk ke laman web"},{"$i":"username","$v":"Nama pengguna"},{"$i":"password","$v":"Kata laluan"},{"$i":"http-authentication-message2","$v":["Laman web ",{"t":"idOrVar","v":"host"}," memerlukan anda mendaftar masuk."]},{"$i":"error-message","$v":[{"t":"idOrVar","v":"name"}," tidak dimuat dengan sempurna"]},{"$i":"error-title","$v":[{"t":"idOrVar","v":"name"}," terdapat masalah"]},{"$i":"unable-to-connect","$v":"Tidak dapat menyambung"},{"$i":"tap-to-check-settings","$v":"Ketik untuk memeriksa tetapan"},{"$i":"delete-title","$v":["Hapus ",{"t":"idOrVar","v":"name"}]},{"$i":"delete-body","$v":[{"t":"idOrVar","v":"name"}," dan semua datanya akan dihapuskan."]},{"$i":"delete","$v":"Hapus"},{"$i":"unrecoverable-error-title","$v":"Singkir Aplikasi"},{"$i":"unrecoverable-error-body","$v":"Tidak dapat memasang aplikasi disebabkan terdapat ralat yang tidak boleh dibaiki. Sila cuba muat turun semula. Aplikasi akan disingkirkan."},{"$i":"unrecoverable-error-action","$v":"OK"},{"$i":"data-roaming-enabled-title","$v":"Turn on data roaming?"},{"$i":"data-roaming-enabled-warning2","$v":"In order to access the Internet, you need to turn on data roaming. Depending on your service agreement, extra charges may apply. Do you want to turn data on?"},{"$i":"select-time","$v":"Pilih masa"},{"$i":"choose-option","$v":"Pilih"},{"$i":"choose-options","$v":"Pilih"},{"$i":"select-day","$v":"Pilih hari"},{"$i":"battery-almost-empty3","$v":"Your battery is low."},{"$i":"plug-in-your-charger","$v":"Please plug in your charger."},{"$i":"new-window","$v":"Tetingkap baru"},{"$i":"new-private-window","$v":"New private window"},{"$i":"show-windows","$v":"Tunjuk tetingkap"},{"$i":"add-to-home-screen","$v":"Tambah ke skrin utama"},{"$i":"crash-dialog2-os","$v":[{"t":"idOrVar","v":"brandShortName"}," telah pulih dari kemusnahan"]},{"$i":"crash-dialog-app","$v":[{"t":"idOrVar","v":"name"}," telah musnah"]},{"$i":"crash-dialog-app-noname","$v":"Something"},{"$i":"crash-dialog-message","$v":"Adakah anda ingin menghantar laporan ke Mozilla perihal kemusnahan bagi membantu kami memperbaiki masalah? (Laporan dihantar melalui Wi-Fi sahaja.)"},{"$i":"crash-info-link","$v":"Apa kandungan laporan nahas?"},{"$i":"crash-always-report","$v":"Sentiasa menghantar ke Mozilla laporan apabila kemusnahan berlaku."},{"$i":"crash-dont-send","$v":"Jangan Hantar"},{"$i":"crash-end","$v":"Hantar Laporan"},{"$i":"crashReports","$v":"Laporan Nahas"},{"$i":"done","$v":"Selesai"},{"$i":"crash-reports-description-1","$v":"Laporan nahas mengandungi beberapa perincian perihal nahas dan peranti anda, juga cekupan layar keadaan peranti anda ketika ia musnah."},{"$i":"crash-reports-description-2","$v":"Ini juga termasuk perkara seperti laman dibuka dan app, teks ditaip pada borang dan kandungan mesej dibuka, sejarah pelayaran kebelakangan, atau geolokasi digunakan oleh app yang dibuka."},{"$i":"crash-reports-description-3-start","$v":"Kami gunakan laporan nahas untuk memperbaiki masalah dan memperbaiki produk kami. Kami mengendalikan maklumat anda sebagaimana yang diterangkan di dalam "},{"$i":"crash-reports-description-3-privacy","$v":"dasar privasi kami"},{"$i":"crash-reports-description-3-end","$v":"."},{"$i":"crash-banner-os2","$v":[{"t":"idOrVar","v":"brandShortName"}," telah musnah."]},{"$i":"crash-banner-app","$v":[{"t":"idOrVar","v":"name"}," telah musnah."]},{"$i":"crash-banner-report","$v":"Laporan"},{"$i":"bluetooth-sending-progress","$v":"Menghantar pemindahan Bluetooth…"},{"$i":"bluetooth-receiving-progress","$v":"Menerima pemindahan Bluetooth…"},{"$i":"acceptFileTransfer","$v":"Menerima pemindahan fail Bluetooth?"},{"$i":"wantToReceiveFile","$v":[{"t":"idOrVar","v":"deviceName"}," meminta untuk memindahkan ",{"t":"idOrVar","v":"fileName"}," (",{"t":"idOrVar","v":"fileSize"},")."]},{"$i":"transfer-confirmation-title","$v":[{"t":"idOrVar","v":"deviceName"}]},{"$i":"transfer-confirmation-description","$v":"Semak permohonan pindahan."},{"$i":"byteUnit-B","$v":"B"},{"$i":"byteUnit-KB","$v":"KB"},{"$i":"byteUnit-MB","$v":"MB"},{"$i":"byteUnit-GB","$v":"GB"},{"$i":"byteUnit-TB","$v":"TB"},{"$i":"byteUnit-PB","$v":"PB"},{"$i":"byteUnit-EB","$v":"EB"},{"$i":"byteUnit-ZB","$v":"ZB"},{"$i":"byteUnit-YB","$v":"YB"},{"$i":"fileSize","$v":[{"t":"idOrVar","v":"size"}," ",{"t":"idOrVar","v":"unit"}]},{"$i":"deny","$v":"Nafi"},{"$i":"transfer","$v":"Pindah"},{"$i":"cancelFileTransfer","$v":"Batal pemindahan fail Bluetooth?"},{"$i":"continueFileTransfer","$v":"Teruskan"},{"$i":"transfer-has-started-title","$v":"Pemindahan telah bermula"},{"$i":"transfer-has-started-description","$v":"Periksa kemajuan dalam pusat Pemberitahuan"},{"$i":"transferFinished-sentSuccessful-title","$v":"Fail dihantar"},{"$i":"transferFinished-receivedSuccessful-title","$v":"Fail diterima"},{"$i":"transferFinished-sentFailed-title","$v":"Fail tidak dapat dihantar"},{"$i":"transferFinished-receivedFailed-title","$v":"Fail tidak dapat diterima"},{"$i":"transferReport-title","$v":"Laporan pemindahan:"},{"$i":"transferReport-description","$v":[{"t":"idOrVar","v":"numSuccessful"}," fail berjaya, ",{"t":"idOrVar","v":"numUnsuccessful"}," fail tidak berjaya"]},{"$i":"unknown-file","$v":"Fail tidak dikenali"},{"$i":"unknown-device","$v":"Peranti tidak dikenali"},{"$i":"cannotOpenFile","$v":"Tidak dapat membuka fail yang diterima"},{"$i":"unknownMediaTypeToOpenFile","$v":["Can not open unknown media type: ",{"t":"idOrVar","v":"fileName"}]},{"$i":"cannotReceiveFile","$v":"Tidak dapat menerima fail"},{"$i":"cannotGetStorageState","$v":"Gagal mendapatkan keadaan storan peranti."},{"$i":"sdcard-not-exist2","$v":"Tiada kad memori ditemui. Sila masukkan kad memori."},{"$i":"sdcard-in-use","$v":"Bluetooth tidak dapat digunakan ketika telefon dipalam. Sila cabut palam telefon untuk menerima fail."},{"$i":"sdcard-no-space2","$v":"Tidak dapat menyelesaikan pemindahan: kad memori penuh."},{"$i":"unknown-error","$v":"Ralat tidak dikenali"},{"$i":"confirm","$v":"Pasti"},{"$i":"sdcard-detected-title","$v":"Kad SD dikesan"},{"$i":"sdcard-total-size-body","$v":["Jumlah saiz\" ",{"t":"idOrVar","v":"saiz"}," ",{"t":"idOrVar","v":"unit"}]},{"$i":"sdcard-unknown-size-then-tap-to-format-body","$v":"Unknown size, tap to format"},{"$i":"sdcard-removed-title","$v":"Kad SD disingkirkan"},{"$i":"sdcard-removed-ejected-successfully","$v":"Ejected successfully"},{"$i":"sdcard-removed-not-ejected-properly","$v":"Not ejected properly"},{"$i":"microphone-is-on","$v":"Mikrofon hidup"},{"$i":"camera-is-on","$v":"Kamera hidup"},{"$i":"media-is-on","$v":"Kamera & Mikrofon HIDUP"},{"$i":"noSimCard","$v":"Tiada kad SIM"},{"$i":"simPin","$v":"PIN SIM"},{"$i":"pukCode","$v":"Kod PUK"},{"$i":"nckCode","$v":"Kod NCK"},{"$i":"cckCode","$v":"Koc CCK"},{"$i":"spckCode","$v":"Koc SPCK"},{"$i":"nck1code","$v":"Kod NCK1"},{"$i":"nck2code","$v":"Kod NCK2"},{"$i":"hnckcode","$v":"Kod HNCK"},{"$i":"rcckcode","$v":"Kod RCCK"},{"$i":"rspckcode","$v":"Kod RSPCK"},{"$i":"whatIsSimPin","$v":"Apa itu PIN SIM?"},{"$i":"simPinIntro1","$v":"PIN SIm menghalang capaian kepada kad SIM rangkaran data selular. Apabila dibolehkan, sebarang peranti yang mengandungi kad SIM akan memohon PIN apabile dimulakan."},{"$i":"simPinIntro2","$v":"PIN SIM tidak sama dengan kod laluan yang digunakan untuk buka kunci peranti."},{"$i":"changeSimPin","$v":"Tukar PIN"},{"$i":"pinTitle","$v":"Masukkan PIN SIM"},{"$i":"multiSIMpinTitle","$v":["Masukkan PIN SIM ",{"t":"idOrVar","v":"n"}]},{"$i":"pukTitle","$v":"Masukkan kod PUK"},{"$i":"nckTitle","$v":"Masukkan kod NCK"},{"$i":"cckTitle","$v":"Masukkan kod CCK"},{"$i":"spckTitle","$v":"Masukkan kod SPCK"},{"$i":"nck1Title","$v":"Masukkan kod NCK1"},{"$i":"nck2Title","$v":"Masukkan kod NCK2"},{"$i":"hnckTitle","$v":"Masukkan kod HNCK"},{"$i":"rcckTitle","$v":"Masukkan kod RCCK"},{"$i":"rspckTitle","$v":"Masukkan kod RSPCK"},{"$i":"newpinTitle","$v":"PIN Baru"},{"$i":"inputCodeRetriesLeft","$v":{"one":"Cubaan terakhir.","two":[{"t":"idOrVar","v":"n"}," cubaan berbaki."],"few":[{"t":"idOrVar","v":"n"}," cubaan berbaki."],"many":[{"t":"idOrVar","v":"n"}," cubaan berbaki."],"other":[{"t":"idOrVar","v":"n"}," cubaan berbaki."]},"$x":[{"t":"idOrVar","v":"plural"},"n"]},{"$i":"pinErrorMsg","$v":"PIN salah."},{"$i":"pinAttemptMsg2","$v":{"one":"Anda mempunyai satu cubaan berbaki untuk memasukkan kod yang betul sebelum mengunci kad SIM.","two":["Anda mempunyai ",{"t":"idOrVar","v":"n"}," cubaan berbaki untuk memasukkan kod yang betul sebelum mengunci kad SIM."],"few":["Anda mempunyai ",{"t":"idOrVar","v":"n"}," cubaan berbaki untuk memasukkan kod yang betul sebelum mengunci kad SIM."],"many":["Anda mempunyai ",{"t":"idOrVar","v":"n"}," cubaan berbaki untuk memasukkan kod yang betul sebelum mengunci kad SIM."],"other":["Anda mempunyai ",{"t":"idOrVar","v":"n"}," cubaan berbaki untuk memasukkan kod yang betul sebelum mengunci kad SIM."]},"$x":[{"t":"idOrVar","v":"plural"},"n"]},{"$i":"pinLastChanceMsg","$v":"Ini adalah peluang terakhir anda untuk memasukkan PIN yang betul. Jika tidak, anda harus memasukkan kod PUK untuk menggunakan kad sim ini."},{"$i":"simCardLockedMsg","$v":"Kad SIM terkunci."},{"$i":"enterPukMsg","$v":"Anda mestilah memasukkan Kod Pembuka Kunci Peribadi (PUK) untuk kad SIM. Rujuk dokumentasi kad SIM anda atau hubungi operator anda untuk maklumat lanjut."},{"$i":"pukErrorMsg","$v":"Kod PUK salah."},{"$i":"pukAttemptMsg2","$v":{"one":"Anda mempunyai satu cubaan berbaki untuk memasukkan kod yang betul sebelum kad SIM ini tidak boleh digunakan secara kekal. Rujuk dokumentasi kad SIM anda atau hubungi operator anda untuk maklumat lanjut.","two":["Anda mempunyai ",{"t":"idOrVar","v":"n"}," cubaan berbaki untuk memasukkan kod yang betul sebelum kad SIM ini tidak boleh digunakan secara kekal. Rujuk dokumentasi kad SIM anda atau hubungi operator anda untuk maklumat lanjut."],"few":["Anda mempunyai ",{"t":"idOrVar","v":"n"}," cubaan berbaki untuk memasukkan kod yang betul sebelum kad SIM ini tidak boleh digunakan secara kekal. Rujuk dokumentasi kad SIM anda atau hubungi operator anda untuk maklumat lanjut."],"many":["Anda mempunyai ",{"t":"idOrVar","v":"n"}," cubaan berbaki untuk memasukkan kod yang betul sebelum kad SIM ini tidak boleh digunakan secara kekal. Rujuk dokumentasi kad SIM anda atau hubungi operator anda untuk maklumat lanjut."],"other":["Anda mempunyai ",{"t":"idOrVar","v":"n"}," cubaan berbaki untuk memasukkan kod yang betul sebelum kad SIM ini tidak boleh digunakan secara kekal. Rujuk dokumentasi kad SIM anda atau hubungi operator anda untuk maklumat lanjut."]},"$x":[{"t":"idOrVar","v":"plural"},"n"]},{"$i":"pukLastChanceMsg","$v":"Percubaan terakhir untuk memasukkan kod PUK yang betul. Kad SIM anda akan kekal tidak berguna jika anda memasukkan kod PUK yang salah. RUjuk dokumentasi kad SIM anda atau hubungi operator anda untuk maklumat lanjut."},{"$i":"newSimPinMsg","$v":"Buat PIN (mesti mengandungi antara 4 k 8 digit)"},{"$i":"confirmNewSimPinMsg","$v":"Sahkan PIN baru"},{"$i":"newPinErrorMsg","$v":"PIN tidak sepadan."},{"$i":"nckErrorMsg","$v":"Kod NCK salah."},{"$i":"nckAttemptMsg2","$v":{"one":"Kegagalan permintaan rangkaian depersonalisasi. Anda mempunyai satu cubaan berbaki untuk memasukkan kod yang betul. Lihat dokumentasi peranti atau hubungi operator anda untuk maklumat lanjut.","two":["Kegagalan permintaan rangkaian depersonalisasi. Anda mempunyai ",{"t":"idOrVar","v":"n"}," cubaan berbaki untuk memasukkan kod yang betul. Lihat dokumentasi peranti atau hubungi operator anda untuk maklumat."],"few":["Kegagalan permintaan rangkaian depersonalisasi. Anda mempunyai ",{"t":"idOrVar","v":"n"}," cubaan berbaki untuk memasukkan kod yang betul. Lihat dokumentasi peranti atau hubungi operator anda untuk maklumat."],"many":["Kegagalan permintaan rangkaian depersonalisasi. Anda mempunyai ",{"t":"idOrVar","v":"n"}," cubaan berbaki untuk memasukkan kod yang betul. Lihat dokumentasi peranti atau hubungi operator anda untuk maklumat."],"other":["Kegagalan permintaan rangkaian depersonalisasi. Anda mempunyai ",{"t":"idOrVar","v":"n"}," cubaan berbaki untuk memasukkan kod yang betul. Lihat dokumentasi peranti atau hubungi operator anda untuk maklumat."]},"$x":[{"t":"idOrVar","v":"plural"},"n"]},{"$i":"nckLastChanceMsg","$v":"Kegagalan permintaan rangkaian depersonalisasi. Peluang terakhir untuk memasukkan kod NCK yang betul. Lihat dokumentasi peranti atau hubungi operator anda untuk maklumat lanjut."},{"$i":"activity-pick","$v":"Pilih daripada:"},{"$i":"activity-view","$v":"Lihat dengan:"},{"$i":"activity-test","$v":"Cuba dengan:"},{"$i":"activity-share","$v":"Kongsi dengan:"},{"$i":"activity-new","$v":"Buat dengan:"},{"$i":"activity-open","$v":"Buka dengan:"},{"$i":"activity-save-bookmark","$v":"Tandabuku dengan:"},{"$i":"activity-record","$v":"Rakam dengan:"},{"$i":"activity-browse","$v":"Layari dengan:"},{"$i":"activity-configure","$v":"Konfigur dengan:"},{"$i":"activity-dial","$v":"Dial dengan:"},{"$i":"persona-signin","$v":"Daftar Masuk"},{"$i":"payment-flow","$v":"Beli"},{"$i":"remoteDebuggerPromptUSB","$v":"Allow USB debugging connection?"},{"$i":"remoteDebuggerPromptTCP","$v":["Allow remote debugging connection from ",{"t":"idOrVar","v":"host"},":",{"t":"idOrVar","v":"port"},"?"]},{"$i":"devtools-auth-scan2","$v":"Scanning for the QR code displayed on your other device…"},{"$i":"fullscreen-request","$v":[{"t":"idOrVar","v":"origin"}," kini dengan skrin penuh."]},{"$i":"captive-wifi-available","$v":["Rangkaian ",{"t":"idOrVar","v":"networkName"}," telah ditemui. Sertai rangkaian?"]},{"$i":"ceWarningtitle","$v":"Amaran bahana"},{"$i":"ceWarningcontent","$v":"Bagi mengelakkan kemungkinan berlaku kerosakan pendengaran, jangan dengar pada paras bahana yang tinggi dalam jangka masa yang panjang."},{"$i":"notification-powersaving-mode-on-title","$v":"Mod Jimat Kuasa"},{"$i":"notification-powersaving-mode-on-description","$v":"Mod penjimatan kuasa hidup."},{"$i":"low-device-storage","$v":"Ruang peranti rendah.\\n"},{"$i":"free-space","$v":{"zero":"Tiada baki ruang kosong.","one":["Kurang daripada ",{"t":"idOrVar","v":"value"}," ",{"t":"idOrVar","v":"unit"}," berbaki."],"two":["Kurang daripada ",{"t":"idOrVar","v":"value"}," ",{"t":"idOrVar","v":"unit"}," berbaki."],"few":["Kurang daripada ",{"t":"idOrVar","v":"value"}," ",{"t":"idOrVar","v":"unit"}," berbaki."],"many":["Kurang daripada ",{"t":"idOrVar","v":"value"}," ",{"t":"idOrVar","v":"unit"}," berbaki."],"other":["Kurang daripada ",{"t":"idOrVar","v":"value"}," ",{"t":"idOrVar","v":"unit"}," berbaki."]},"$x":[{"t":"idOrVar","v":"plural"},"value"]},{"$i":"unknown-free-space","$v":"Ruang berbaki tidak diketahui."},{"$i":"system-alert","$v":"Waspada Sistem"},{"$i":"cb-channel","$v":["Saluran ",{"t":"idOrVar","v":"channel"}]},{"$i":"cb-etws-warningType-earthquake","$v":"Amaran gempa bumi!"},{"$i":"cb-etws-warningType-tsunami","$v":"Amaran Tsunami!"},{"$i":"cb-etws-warningType-earthquake-tsunami","$v":"Amaran Gempa-tsnunami!"},{"$i":"cb-etws-warningType-test","$v":"Sistem waspada sedang dicuba."},{"$i":"cb-etws-warningType-other","$v":"Amaran kecemasan!"},{"$i":"icc-message-maintitle","$v":"Mesej operator"},{"$i":"icc-message-subtitle","$v":["SIM ",{"t":"idOrVar","v":"id"}]},{"$i":"icc-confirmCall-defaultmessage","$v":["Panggil ",{"t":"idOrVar","v":"number"},"?"]},{"$i":"icc-alertMessage-send-ss","$v":"Send SS"},{"$i":"icc-alertMessage-send-ussd","$v":"Send USSD"},{"$i":"icc-alertMessage-send-sms","$v":"Send SMS"},{"$i":"icc-confirmMessage-defaultmessage","$v":"Hantar mesej?"},{"$i":"icc-inputbox-maintitle","$v":"Pertanyaan STK"},{"$i":"icc-inputbox-subtitle","$v":["SIM ",{"t":"idOrVar","v":"id"}]},{"$i":"emergency-callback-mode","$v":"Mod panggil balik kecemasan"},{"$i":"emergency-callback-message","$v":"Anda tidak boleh membuat panggilan, menghantar mesej atau pergi ke dalam talian kerana mod panggil balik kecemasan yang aktif. Adakah anda ingin untuk menjadikan ia di luar?"},{"$i":"cdma-record-info","$v":"Maklumat rakaman CDMA"},{"$i":"ime-switching-title","$v":[{"t":"idOrVar","v":"appName"},": ",{"t":"idOrVar","v":"name"}]},{"$i":"ime-switching-tip","$v":"Tap untuk tukar kaedah input"},{"$i":"shrinking-tip","$v":"Leret untuk kongsi"},{"$i":"download_started","$v":"Muat turun bermula"},{"$i":"download_stopped","$v":"Muat turun dihentikan"},{"$i":"download_downloading","$v":"Memuat turun…"},{"$i":"download_succeeded","$v":"Muat turun selesai"},{"$i":"download_failed","$v":"Muat turun gagal"},{"$i":"download_text_by_default","$v":[{"t":"idOrVar","v":"name"}]},{"$i":"download_downloading_text_2","$v":[{"t":"idOrVar","v":"percentage"},"% - ",{"t":"idOrVar","v":"name"}]},{"$i":"search-the-web","$v":"Carian web"},{"$i":"search-or-enter-address","$v":"Carian atau masukkan alamat","placeholder":"Carian atau masukkan alamat"},{"$i":"back-button","ariaLabel":"Back"},{"$i":"forward-button","ariaLabel":"Forward"},{"$i":"reload-button","ariaLabel":"Reload"},{"$i":"stop-button","ariaLabel":"Stop"},{"$i":"windows-button","ariaLabel":"Show windows"},{"$i":"noHotspotWhenAPMisOnWifiHotspot","$v":"Turn off airplane mode to use Wi-Fi hotspot."},{"$i":"apmActivated","$v":"Mod pesawat diaktifkan"},{"$i":"open-in-new-window","$v":"Open in new window"},{"$i":"open-in-new-private-window","$v":"Open in new private window"},{"$i":"add-link-to-home-screen","$v":"Tambah pautan pada skrin utama"},{"$i":"share-link","$v":"Kongsi pautan"},{"$i":"save-image","$v":"Simpan Imej"},{"$i":"save-video","$v":"Simpan Video"},{"$i":"save-audio","$v":"Simpan Audio"},{"$i":"save-link","$v":"Simpan fail dipautkan"},{"$i":"share-image","$v":"Kongsi Imej"},{"$i":"share-video","$v":"Kongsi Video"},{"$i":"share-audio","$v":"Simpan Audio"},{"$i":"private-window","$v":"Private Window"},{"$i":"private-browser-title","$v":"You’re browsing privately"},{"$i":"private-window-detail1","$v":"The browser won’t keep any browser history, cookies, or temporary Internet files."},{"$i":"private-window-detail2","$v":"While this device won’t have a record of your browsing history, your Internet service provider can still track the pages you visit."},{"$i":"okCharsLeft","$v":["OK (",{"t":"idOrVar","v":"n"},")"]},{"$i":"network-error-in-app","$v":"Tiada capaian ke Internet ketika ini."},{"$i":"network-error-launching","$v":[{"t":"idOrVar","v":"name"}," memerlukan sambungan Internet."]},{"$i":"server-not-found","$v":"Pelayan tidak ditemui"},{"$i":"server-not-found-error","$v":["Tidak dapat mencari pelayan di ",{"t":"idOrVar","v":"name"},"."]},{"$i":"file-not-found","$v":"Fail tidak ditemui"},{"$i":"file-not-found-error","$v":"Peranti tidak dapat memaparkan laman ini kerana dail tidak dapat ditemui."},{"$i":"connection-failed","$v":"Tidak dapat menyambung"},{"$i":"connection-failed-error","$v":"Rakat rangkaian berlaku ketika cuba untuk mencapai laman."},{"$i":"invalid-connection","$v":"Tidak dapat menyambung"},{"$i":"invalid-connection-error","$v":"Ralat rangkaian berlaku ketika cuba mencapai laman."},{"$i":"malformed-uri","$v":"URL tidak sah"},{"$i":"malformed-uri-error","$v":"URL yang dimasukkan tidak sah dan todak dapat dimuatkan."},{"$i":"redirect-loop","$v":"Tidak dapat memaparkan laman"},{"$i":"redirect-loop-error","$v":"Peranti tidak dapat memaparkan laman ini kerana laman tidak dilencongkan dengan betul. Cuba lagi laman ini kemudian."},{"$i":"not-cached","$v":"Laman telah luput"},{"$i":"not-cached-error","$v":"Sebagai langkah berjaga-jaga, laman ini tidak dapat dipaparkan oleh peranti kerana ianya telah luput."},{"$i":"is-printing-error","$v":"Dokumen ini tidak dapat diubah ketika Mencetak atau dalam Pralihat Cetak."},{"$i":"denied-port-access","$v":"Alamat ini dihadkan"},{"$i":"denied-port-access-error","$v":"Alamat ini menggunakan port rangkaian yang kebiasaannya digunakan untuk kegunaan lain selain pelayaran Web. Peranti telah membatalkan permintaan untuk perlindungan anda."},{"$i":"proxy-resolve-failure","$v":"Ralat Pelayan Proksi"},{"$i":"proxy-resolve-failure-error","$v":"Peranti tertatarajah untuk menggunakan pelayan proksi yang tidak dapat ditemui."},{"$i":"proxy-connect-failure","$v":"Ralat Pelayan Proksi"},{"$i":"proxy-connect-failure-error","$v":"Peranti tertatarajah menggunakan pelayan proksi yang menolak sambungan."},{"$i":"content-encoding","$v":"Tidak dapat memaparkan laman"},{"$i":"content-encoding-error","$v":"Peranti tidak dapat memaparkan laman ini kerana ralat mengkod kandungan telah berlaku."},{"$i":"remote-xul","$v":"Laman tidak disokong"},{"$i":"remote-xul-error","$v":"Laman ini tidak dapat dipaparkan kerana ia menggunakan teknologi yang tidak lagi disokong pada peranti ini."},{"$i":"phishing-blocked","$v":"Amaran"},{"$i":"phishing-blocked-error","$v":"Laman web ini telah melaporkan web palsu yang direka bagi mengaburi pengguna untuk berkongsi maklumat peribadi dan kewangan."},{"$i":"malware-blocked","$v":"Serangan Malware disekat"},{"$i":"malware-blocked-error","$v":"Laman itu telah dilaporkan sebagai laman penyerang dan telah disekat."},{"$i":"unsafe-content-type","$v":"Kandungan tidak selamat"},{"$i":"unsafe-content-type-error","$v":"Laman tidak dapat ditunjukkan kerana ia mungkin tidak selamat untuk dibuka."},{"$i":"corrupted-content","$v":"Tidak dapat memapar laman"},{"$i":"corrupted-content-error","$v":"Laman tidak dapat ditunjukkan kerana terdapat ralat di dalam penghantaran data telah dikesan."},{"$i":"try-again","$v":"Cuba lagi"},{"$i":"check-settings","$v":"Semak tetapan"},{"$i":"accessibility-enableScreenReaderSteps","$v":"Untuk mendayakan pembaca skrin, tekan butang volum naik kemudian volum turun tiga kali lagi"},{"$i":"accessibility-disableScreenReaderSteps","$v":"Untuk melumpuhkan pembaca skrin, butang volum atas kemudian volum turun tiga kali lagi"},{"$i":"accessibility-screenReaderStarted","$v":"Pembaca skrin dimulakan"},{"$i":"accessibility-screenReaderStopped","$v":"Pembaca skrin dihentikan"},{"$i":"accessibility-menubar","$v":"bar menu"},{"$i":"accessibility-scrollbar","$v":"bar tatal"},{"$i":"accessibility-grip","$v":"genggam"},{"$i":"accessibility-alert","$v":"waspada"},{"$i":"accessibility-menupopup","$v":"menu timbul"},{"$i":"accessibility-document","$v":"dokumen"},{"$i":"accessibility-pane","$v":"tetingkap"},{"$i":"accessibility-dialog","$v":"dialog"},{"$i":"accessibility-separator","$v":"pemisah"},{"$i":"accessibility-toolbar","$v":"bar alatan"},{"$i":"accessibility-statusbar","$v":"bar status"},{"$i":"accessibility-table","$v":"jadual"},{"$i":"accessibility-columnheader","$v":"pengepala lajur"},{"$i":"accessibility-rowheader","$v":"pengepala baris"},{"$i":"accessibility-column","$v":"lajur"},{"$i":"accessibility-row","$v":"baris"},{"$i":"accessibility-cell","$v":"sel"},{"$i":"accessibility-link","$v":"pautan"},{"$i":"accessibility-list","$v":"senarai"},{"$i":"accessibility-listitem","$v":"item senarai"},{"$i":"accessibility-outline","$v":"garis panduan"},{"$i":"accessibility-outlineitem","$v":"item garis panduan"},{"$i":"accessibility-pagetab","$v":"tab"},{"$i":"accessibility-propertypage","$v":"ciri laman"},{"$i":"accessibility-graphic","$v":"grafik"},{"$i":"accessibility-pushbutton","$v":"butang"},{"$i":"accessibility-checkbutton","$v":"butang semak"},{"$i":"accessibility-radiobutton","$v":"butang radio"},{"$i":"accessibility-combobox","$v":"kekotak kombo"},{"$i":"accessibility-progressbar","$v":"bar kemajuan"},{"$i":"accessibility-slider","$v":"gelangsar"},{"$i":"accessibility-spinbutton","$v":"butang putar"},{"$i":"accessibility-diagram","$v":"gambarajah"},{"$i":"accessibility-animation","$v":"animasi"},{"$i":"accessibility-equation","$v":"persamaan"},{"$i":"accessibility-buttonmenu","$v":"butang menu"},{"$i":"accessibility-whitespace","$v":"ruang putih"},{"$i":"accessibility-pagetablist","$v":"senarai tab"},{"$i":"accessibility-canvas","$v":"kanvas"},{"$i":"accessibility-checkmenuitem","$v":"item menu semak"},{"$i":"accessibility-label","$v":"label"},{"$i":"accessibility-passwordtext","$v":"teks kata laluan"},{"$i":"accessibility-radiomenuitem","$v":"item menu radio"},{"$i":"accessibility-textcontainer","$v":"bekas teks"},{"$i":"accessibility-togglebutton","$v":"butang togol"},{"$i":"accessibility-treetable","$v":"jadual pepohon"},{"$i":"accessibility-header","$v":"pengepala"},{"$i":"accessibility-footer","$v":"pekaki"},{"$i":"accessibility-paragraph","$v":"perenggan"},{"$i":"accessibility-entry","$v":"kemasukan"},{"$i":"accessibility-caption","$v":"kapsyen"},{"$i":"accessibility-heading","$v":"tajuk"},{"$i":"accessibility-section","$v":"seksyen"},{"$i":"accessibility-form","$v":"borang"},{"$i":"accessibility-comboboxlist","$v":"senarai kekotak kombo"},{"$i":"accessibility-comboboxoption","$v":"pilihan kekotak kombo"},{"$i":"accessibility-imagemap","$v":"peta imej"},{"$i":"accessibility-listboxoption","$v":"pilihan"},{"$i":"accessibility-listbox","$v":"kekotak senarai"},{"$i":"accessibility-flatequation","$v":"persamaan rata"},{"$i":"accessibility-gridcell","$v":"sel grid"},{"$i":"accessibility-note","$v":"nota"},{"$i":"accessibility-figure","$v":"rajah"},{"$i":"accessibility-definitionlist","$v":"senarai definisi"},{"$i":"accessibility-term","$v":"terma"},{"$i":"accessibility-definition","$v":"definisi"},{"$i":"accessibility-textarea","$v":"kawasan teks"},{"$i":"accessibility-textInputType_date","$v":"tarikh"},{"$i":"accessibility-textInputType_email","$v":"e-mel"},{"$i":"accessibility-textInputType_search","$v":"carian"},{"$i":"accessibility-textInputType_tel","$v":"telefon"},{"$i":"accessibility-textInputType_url","$v":"URL"},{"$i":"accessibility-headingLevel","$v":["tajuk tahap ",{"t":"idOrVar","v":"0"}]},{"$i":"accessibility-listStart","$v":"Item terawal"},{"$i":"accessibility-listEnd","$v":"Item terakhir"},{"$i":"accessibility-listItemsCount","$v":{"zero":[{"t":"idOrVar","v":"count"}," item"],"one":[{"t":"idOrVar","v":"count"}," item"],"two":[{"t":"idOrVar","v":"count"}," item"],"few":[{"t":"idOrVar","v":"count"}," item"],"many":[{"t":"idOrVar","v":"count"}," item "],"other":[{"t":"idOrVar","v":"count"}," item "]},"$x":[{"t":"idOrVar","v":"plural"},"count"]},{"$i":"accessibility-objItemOfN","$v":[{"t":"idOrVar","v":"0"}," daripada ",{"t":"idOrVar","v":"1"}]},{"$i":"accessibility-banner","$v":"sepanduk"},{"$i":"accessibility-complementary","$v":"pelengkap"},{"$i":"accessibility-contentinfo","$v":"info kandungan"},{"$i":"accessibility-main","$v":"utama"},{"$i":"accessibility-navigation","$v":"navigasi"},{"$i":"accessibility-search","$v":"carian"},{"$i":"accessibility-tblColumnInfo","$v":{"zero":["dengan ",{"t":"idOrVar","v":"count"}," lajur"],"one":["dengan ",{"t":"idOrVar","v":"count"}," lajur"],"two":["dengan ",{"t":"idOrVar","v":"count"}," lajur"],"few":["dengan ",{"t":"idOrVar","v":"count"}," lajur"],"many":["dengan ",{"t":"idOrVar","v":"count"}," lajur"],"other":["dengan ",{"t":"idOrVar","v":"count"}," lajur"]},"$x":[{"t":"idOrVar","v":"plural"},"count"]},{"$i":"accessibility-tblRowInfo","$v":{"zero":["dan ",{"t":"idOrVar","v":"count"}," baris"],"one":["dan ",{"t":"idOrVar","v":"count"}," baris"],"two":["dan ",{"t":"idOrVar","v":"count"}," baris"],"few":["dan ",{"t":"idOrVar","v":"count"}," baris "],"many":["dan ",{"t":"idOrVar","v":"count"}," baris "],"other":["dan ",{"t":"idOrVar","v":"count"}," baris "]},"$x":[{"t":"idOrVar","v":"plural"},"count"]},{"$i":"accessibility-columnInfo","$v":["Lajur ",{"t":"idOrVar","v":"0"}]},{"$i":"accessibility-rowInfo","$v":["Baris ",{"t":"idOrVar","v":"0"}]},{"$i":"accessibility-spansColumns","$v":{"zero":["rentang ",{"t":"idOrVar","v":"0"}," lajur"],"one":["rentang ",{"t":"idOrVar","v":"0"}," lajur"],"two":["rentang ",{"t":"idOrVar","v":"0"}," lajur"],"few":["rentang ",{"t":"idOrVar","v":"0"}," lajur"],"many":["rentang ",{"t":"idOrVar","v":"0"}," lajur"],"other":["rentang ",{"t":"idOrVar","v":"0"}," lajur"]},"$x":[{"t":"idOrVar","v":"plural"},"0"]},{"$i":"accessibility-spansRows","$v":{"zero":["rentang ",{"t":"idOrVar","v":"0"}," baris"],"one":["rentang ",{"t":"idOrVar","v":"0"}," baris"],"two":["rentang ",{"t":"idOrVar","v":"0"}," baris"],"few":["rentang ",{"t":"idOrVar","v":"0"}," baris"],"many":["rentang ",{"t":"idOrVar","v":"0"}," baris"],"other":["rentang ",{"t":"idOrVar","v":"0"}," baris"]},"$x":[{"t":"idOrVar","v":"plural"},"0"]},{"$i":"accessibility-jumpAction","$v":"dilompat"},{"$i":"accessibility-pressAction","$v":"ditekan"},{"$i":"accessibility-checkAction","$v":"diperiksa"},{"$i":"accessibility-uncheckAction","$v":"tidak ditanda"},{"$i":"accessibility-selectAction","$v":"dipilih"},{"$i":"accessibility-unselectAction","$v":"tidak dipilih"},{"$i":"accessibility-openAction","$v":"dibuka"},{"$i":"accessibility-closeAction","$v":"ditutup"},{"$i":"accessibility-switchAction","$v":"ditukar"},{"$i":"accessibility-clickAction","$v":"diklik"},{"$i":"accessibility-collapseAction","$v":"dikuncup"},{"$i":"accessibility-expandAction","$v":"dikembang"},{"$i":"accessibility-activateAction","$v":"diaktifkan"},{"$i":"accessibility-cycleAction","$v":"dikitar"},{"$i":"accessibility-hidden","$v":"disorok"},{"$i":"accessibility-tabLoading","$v":"memuat"},{"$i":"accessibility-tabLoaded","$v":"dimuat"},{"$i":"accessibility-tabNew","$v":"tab baru"},{"$i":"accessibility-tabLoadStopped","$v":"memuat dihentikan"},{"$i":"accessibility-tabReload","$v":"memuat semula"},{"$i":"accessibility-stateChecked","$v":"diperiksa"},{"$i":"accessibility-stateNotChecked","$v":"tidak diperiksa"},{"$i":"accessibility-statePressed","$v":"ditekan"},{"$i":"accessibility-stateExpanded","$v":"dikembang"},{"$i":"accessibility-stateCollapsed","$v":"dikuncup"},{"$i":"accessibility-stateUnavailable","$v":"tidak tersedia"},{"$i":"accessibility-stateRequired","$v":"diperlukan"},{"$i":"accessibility-stateTraversed","$v":"dilawati"},{"$i":"accessibility-stateHasPopup","$v":"telah timbul"},{"$i":"accessibility-stateSelected","$v":"dipilih"},{"$i":"accessibility-editingMode","$v":"menyunting"},{"$i":"accessibility-navigationMode","$v":"menavigasi"},{"$i":"accessibility-quicknav_Simple","$v":"Lalai"},{"$i":"accessibility-quicknav_Anchor","$v":"Sauh"},{"$i":"accessibility-quicknav_Button","$v":"Butang"},{"$i":"accessibility-quicknav_Combobox","$v":"Kekotak kombo"},{"$i":"accessibility-quicknav_Landmark","$v":"Mercu Tanda"},{"$i":"accessibility-quicknav_Entry","$v":"Masukan"},{"$i":"accessibility-quicknav_FormElement","$v":"Elemen borang"},{"$i":"accessibility-quicknav_Graphic","$v":"Imej"},{"$i":"accessibility-quicknav_Heading","$v":"Tajuk"},{"$i":"accessibility-quicknav_ListItem","$v":"Senarai item"},{"$i":"accessibility-quicknav_Link","$v":"Pautan"},{"$i":"accessibility-quicknav_List","$v":"Senarai"},{"$i":"accessibility-quicknav_PageTab","$v":"Tab laman"},{"$i":"accessibility-quicknav_RadioButton","$v":"Butang radio"},{"$i":"accessibility-quicknav_Separator","$v":"Pemisah"},{"$i":"accessibility-quicknav_Table","$v":"Jadual"},{"$i":"accessibility-quicknav_Checkbox","$v":"Kekotak semak"},{"$i":"accessibility-menubarAbbr","$v":"bar menu"},{"$i":"accessibility-scrollbarAbbr","$v":"bar skrol"},{"$i":"accessibility-gripAbbr","$v":"genggam"},{"$i":"accessibility-alertAbbr","$v":"waspada"},{"$i":"accessibility-menupopupAbbr","$v":"menu timbul"},{"$i":"accessibility-documentAbbr","$v":"dokumen"},{"$i":"accessibility-paneAbbr","$v":"tetingkap"},{"$i":"accessibility-dialogAbbr","$v":"dialog"},{"$i":"accessibility-separatorAbbr","$v":"pemisah"},{"$i":"accessibility-toolbarAbbr","$v":"bar alatan"},{"$i":"accessibility-statusbarAbbr","$v":"bar status"},{"$i":"accessibility-tableAbbr","$v":"tbl"},{"$i":"accessibility-columnheaderAbbr","$v":"pengepala lajur"},{"$i":"accessibility-rowheaderAbbr","$v":"pengepala baris"},{"$i":"accessibility-columnAbbr","$v":"lajur"},{"$i":"accessibility-rowAbbr","$v":"baris"},{"$i":"accessibility-cellAbbr","$v":"sel"},{"$i":"accessibility-linkAbbr","$v":"lnk"},{"$i":"accessibility-listAbbr","$v":"senarai"},{"$i":"accessibility-listitemAbbr","$v":"item senarai"},{"$i":"accessibility-outlineAbbr","$v":"garis panduan"},{"$i":"accessibility-outlineitemAbbr","$v":"item garis panduan"},{"$i":"accessibility-pagetabAbbr","$v":"tab"},{"$i":"accessibility-propertypageAbbr","$v":"laman ciri"},{"$i":"accessibility-graphicAbbr","$v":"grafik"},{"$i":"accessibility-pushbuttonAbbr","$v":"btn"},{"$i":"accessibility-checkbuttonAbbr","$v":"butang semak"},{"$i":"accessibility-radiobuttonAbbr","$v":"butang radio"},{"$i":"accessibility-comboboxAbbr","$v":"kekotak kombo"},{"$i":"accessibility-progressbarAbbr","$v":"bar kemajuan"},{"$i":"accessibility-sliderAbbr","$v":"gelangsar"},{"$i":"accessibility-spinbuttonAbbr","$v":"butang putar"},{"$i":"accessibility-diagramAbbr","$v":"gambarajah"},{"$i":"accessibility-animationAbbr","$v":"animasi"},{"$i":"accessibility-equationAbbr","$v":"persamaan"},{"$i":"accessibility-buttonmenuAbbr","$v":"butang menu"},{"$i":"accessibility-whitespaceAbbr","$v":"ruangan putih"},{"$i":"accessibility-pagetablistAbbr","$v":"senarai tab"},{"$i":"accessibility-canvasAbbr","$v":"kanvas"},{"$i":"accessibility-checkmenuitemAbbr","$v":"semak item menu"},{"$i":"accessibility-labelAbbr","$v":"label"},{"$i":"accessibility-passwordtextAbbr","$v":"passwdtxt"},{"$i":"accessibility-radiomenuitemAbbr","$v":"senarai menu radio"},{"$i":"accessibility-textcontainerAbbr","$v":"bekas teks"},{"$i":"accessibility-togglebuttonAbbr","$v":"butang togol"},{"$i":"accessibility-treetableAbbr","$v":"jadual pepohon"},{"$i":"accessibility-headerAbbr","$v":"pengepala"},{"$i":"accessibility-footerAbbr","$v":"pekaki"},{"$i":"accessibility-paragraphAbbr","$v":"perenggan"},{"$i":"accessibility-entryAbbr","$v":"masukan"},{"$i":"accessibility-captionAbbr","$v":"kapsyen"},{"$i":"accessibility-headingAbbr","$v":"tajuk"},{"$i":"accessibility-sectionAbbr","$v":"seksyen"},{"$i":"accessibility-formAbbr","$v":"borang"},{"$i":"accessibility-comboboxlistAbbr","$v":"senarai kekotak kombo"},{"$i":"accessibility-comboboxoptionAbbr","$v":"pilihan kekotak kombo"},{"$i":"accessibility-imagemapAbbr","$v":"imgmap"},{"$i":"accessibility-listboxoptionAbbr","$v":"option"},{"$i":"accessibility-listboxAbbr","$v":"kekotak senarai"},{"$i":"accessibility-flatequationAbbr","$v":"persamaan rata"},{"$i":"accessibility-gridcellAbbr","$v":"sel grid"},{"$i":"accessibility-noteAbbr","$v":"nota"},{"$i":"accessibility-figureAbbr","$v":"fig"},{"$i":"accessibility-definitionlistAbbr","$v":"senarai definisi"},{"$i":"accessibility-termAbbr","$v":"terma"},{"$i":"accessibility-definitionAbbr","$v":"definisi"},{"$i":"accessibility-textareaAbbr","$v":"txtarea"},{"$i":"accessibility-tblColumnInfoAbbr","$v":{"one":[{"t":"idOrVar","v":"count"},"c"],"two":[{"t":"idOrVar","v":"count"},"c"],"few":[{"t":"idOrVar","v":"count"},"c"],"many":[{"t":"idOrVar","v":"count"},"c"],"other":[{"t":"idOrVar","v":"count"},"c"]},"$x":[{"t":"idOrVar","v":"plural"},"count"]},{"$i":"accessibility-tblRowInfoAbbr","$v":{"one":[{"t":"idOrVar","v":"count"},"r"],"two":[{"t":"idOrVar","v":"count"},"r"],"few":[{"t":"idOrVar","v":"count"},"r"],"many":[{"t":"idOrVar","v":"count"},"r"],"other":[{"t":"idOrVar","v":"count"},"r"]},"$x":[{"t":"idOrVar","v":"plural"},"count"]},{"$i":"accessibility-cellInfoAbbr","$v":["c",{"t":"idOrVar","v":"0"},"r",{"t":"idOrVar","v":"1"}]},{"$i":"accessibility-stateCheckedAbbr","$v":"(x)"},{"$i":"accessibility-stateUncheckedAbbr","$v":"( )"},{"$i":"accessibility-statePressedAbbr","$v":"(x)"},{"$i":"accessibility-stateUnpressedAbbr","$v":"( )"},{"$i":"accessibility-pushbutton-hint","$v":"Double tap to activate"},{"$i":"accessibility-checkbutton-hint","$v":"Double tap to activate"},{"$i":"accessibility-combobox-hint","$v":"Double tap to activate"},{"$i":"accessibility-key-hint","$v":"Prese and hold to activate"},{"$i":"accessibility-link-hint","$v":"Double tap to activate"},{"$i":"accessibility-menuitem-hint","$v":"Double tap to activate"},{"$i":"accessibility-option-hint","$v":"Double tap to activate"},{"$i":"accessibility-radiobutton-hint","$v":"Double tap to activate"},{"$i":"accessibility-slider-hint","$v":"Swipe up to increase or down to decrease"},{"$i":"accessibility-spinbutton-hint","$v":"Swipe up to increase or down to decrease"},{"$i":"accessibility-pagetab-hint","$v":"Double tap to activate"},{"$i":"accessibility-entry-hint","$v":"Double tap to activate"},{"$i":"accessibility-outlineitem-hint","$v":"Double tap to activate"},{"$i":"weekday-0-long","$v":"Ahad"},{"$i":"weekday-1-long","$v":"Isnin"},{"$i":"weekday-2-long","$v":"Selasa"},{"$i":"weekday-3-long","$v":"Rabu"},{"$i":"weekday-4-long","$v":"Khamis"},{"$i":"weekday-5-long","$v":"Jumaat"},{"$i":"weekday-6-long","$v":"Sabtu"},{"$i":"weekday-0-short","$v":"Ahad"},{"$i":"weekday-1-short","$v":"Isnin"},{"$i":"weekday-2-short","$v":"Selasa"},{"$i":"weekday-3-short","$v":"Rabu"},{"$i":"weekday-4-short","$v":"Khamis"},{"$i":"weekday-5-short","$v":"Jumaat"},{"$i":"weekday-6-short","$v":"Sabtu"},{"$i":"month-0-long","$v":"Januari"},{"$i":"month-1-long","$v":"Februari"},{"$i":"month-2-long","$v":"Mac"},{"$i":"month-3-long","$v":"April"},{"$i":"month-4-long","$v":"Mei"},{"$i":"month-5-long","$v":"Jun"},{"$i":"month-6-long","$v":"Julai"},{"$i":"month-7-long","$v":"Ogos"},{"$i":"month-8-long","$v":"September"},{"$i":"month-9-long","$v":"Oktober"},{"$i":"month-10-long","$v":"November"},{"$i":"month-11-long","$v":"Disember"},{"$i":"month-0-genitive","$v":"Januari"},{"$i":"month-1-genitive","$v":"Februari"},{"$i":"month-2-genitive","$v":"Mac"},{"$i":"month-3-genitive","$v":"April"},{"$i":"month-4-genitive","$v":"Mei"},{"$i":"month-5-genitive","$v":"Jun"},{"$i":"month-6-genitive","$v":"Julai"},{"$i":"month-7-genitive","$v":"Ogos"},{"$i":"month-8-genitive","$v":"September"},{"$i":"month-9-genitive","$v":"Oktober"},{"$i":"month-10-genitive","$v":"November"},{"$i":"month-11-genitive","$v":"Disember"},{"$i":"month-0-short","$v":"Jan"},{"$i":"month-1-short","$v":"Feb"},{"$i":"month-2-short","$v":"Mac"},{"$i":"month-3-short","$v":"Apr"},{"$i":"month-4-short","$v":"Mei"},{"$i":"month-5-short","$v":"Jun"},{"$i":"month-6-short","$v":"Jul"},{"$i":"month-7-short","$v":"Ogos"},{"$i":"month-8-short","$v":"Sep"},{"$i":"month-9-short","$v":"Okt"},{"$i":"month-10-short","$v":"Nov"},{"$i":"month-11-short","$v":"Dis"},{"$i":"minutes-ago-long","$v":{"zero":"sebentar tadi","one":"satu minit lalu","two":[{"t":"idOrVar","v":"value"}," minit lalu"],"few":[{"t":"idOrVar","v":"value"}," minit lalu"],"many":[{"t":"idOrVar","v":"value"}," minit lalu"],"other":[{"t":"idOrVar","v":"value"}," minit lalu"]},"$x":[{"t":"idOrVar","v":"plural"},"value"]},{"$i":"hours-ago-long","$v":{"zero":"sebentar tadi","one":"sejam yang lalu","two":[{"t":"idOrVar","v":"value"}," jam lalu"],"few":[{"t":"idOrVar","v":"value"}," jam lalu"],"many":[{"t":"idOrVar","v":"value"}," jam lalu"],"other":[{"t":"idOrVar","v":"value"}," jam lalu"]},"$x":[{"t":"idOrVar","v":"plural"},"value"]},{"$i":"days-ago-long","$v":{"zero":"hari ini","one":"semalam","two":[{"t":"idOrVar","v":"value"}," hari lalu"],"few":[{"t":"idOrVar","v":"value"}," hari lalu"],"many":[{"t":"idOrVar","v":"value"}," hari lalu"],"other":[{"t":"idOrVar","v":"value"}," hari lalu"]},"$x":[{"t":"idOrVar","v":"plural"},"value"]},{"$i":"weeks-ago-long","$v":{"zero":"minggu ini","one":"minggu lalu","two":[{"t":"idOrVar","v":"value"}," minggu lalu"],"few":[{"t":"idOrVar","v":"value"}," minggu lalu"],"many":[{"t":"idOrVar","v":"value"}," minggu lalu"],"other":[{"t":"idOrVar","v":"value"}," minggu lalu"]},"$x":[{"t":"idOrVar","v":"plural"},"value"]},{"$i":"months-ago-long","$v":{"zero":"bulan ini","one":"bulan lalu","two":[{"t":"idOrVar","v":"value"}," bulan lalu"],"few":[{"t":"idOrVar","v":"value"}," bulan lalu"],"many":[{"t":"idOrVar","v":"value"}," minit lalu"],"other":[{"t":"idOrVar","v":"value"}," minit lalu"]},"$x":[{"t":"idOrVar","v":"plural"},"value"]},{"$i":"years-ago-long","$v":{"zero":"tahun ini","one":"tahun lalu","two":[{"t":"idOrVar","v":"value"}," tahun lalu"],"few":[{"t":"idOrVar","v":"value"}," tahun lalu"],"many":[{"t":"idOrVar","v":"value"}," tahun lalu"],"other":[{"t":"idOrVar","v":"value"}," tahun lalu"]},"$x":[{"t":"idOrVar","v":"plural"},"value"]},{"$i":"minutes-until-long","$v":{"zero":"sekarang","one":"dalam satu minit","two":["dalam ",{"t":"idOrVar","v":"value"}," minit"],"few":["dalam ",{"t":"idOrVar","v":"value"}," minit"],"many":["dalam ",{"t":"idOrVar","v":"value"}," minit"],"other":["dalam ",{"t":"idOrVar","v":"value"}," minit"]},"$x":[{"t":"idOrVar","v":"plural"},"value"]},{"$i":"hours-until-long","$v":{"zero":"sekarang","one":"dalam satu jam","two":["dalam ",{"t":"idOrVar","v":"value"}," jam"],"few":["dalam ",{"t":"idOrVar","v":"value"}," jam"],"many":["dalam ",{"t":"idOrVar","v":"value"}," jam"],"other":["dalam ",{"t":"idOrVar","v":"value"}," jam"]},"$x":[{"t":"idOrVar","v":"plural"},"value"]},{"$i":"days-until-long","$v":{"zero":"hari ini","one":"esok","two":["dalam ",{"t":"idOrVar","v":"value"}," hari"],"few":["dalam ",{"t":"idOrVar","v":"value"}," hari"],"many":["dalam ",{"t":"idOrVar","v":"value"}," hari"],"other":["dalam ",{"t":"idOrVar","v":"value"}," hari"]},"$x":[{"t":"idOrVar","v":"plural"},"value"]},{"$i":"weeks-until-long","$v":{"zero":"minggu ini","one":"minggu depan","two":["dalam ",{"t":"idOrVar","v":"value"}," minggu"],"few":["dalam ",{"t":"idOrVar","v":"value"}," minggu"],"many":["dalam ",{"t":"idOrVar","v":"value"}," minggu"],"other":["dalam ",{"t":"idOrVar","v":"value"}," minggu"]},"$x":[{"t":"idOrVar","v":"plural"},"value"]},{"$i":"months-until-long","$v":{"zero":"bulan ini","one":"bulan depan","two":["dalam ",{"t":"idOrVar","v":"value"}," bulan"],"few":["dalam ",{"t":"idOrVar","v":"value"}," bulan"],"many":["dalam ",{"t":"idOrVar","v":"value"}," bulan"],"other":["dalam ",{"t":"idOrVar","v":"value"}," bulan"]},"$x":[{"t":"idOrVar","v":"plural"},"value"]},{"$i":"years-until-long","$v":{"zero":"tahun ini","one":"tahun depan","two":["dalam ",{"t":"idOrVar","v":"value"}," tahun"],"few":["dalam ",{"t":"idOrVar","v":"value"}," tahun"],"many":["dalam ",{"t":"idOrVar","v":"value"}," tahun"],"other":["dalam ",{"t":"idOrVar","v":"value"}," tahun"]},"$x":[{"t":"idOrVar","v":"plural"},"value"]},{"$i":"minutes-ago-short","$v":{"zero":"sebentar tadi","other":[{"t":"idOrVar","v":"value"}," minit lalu"]},"$x":[{"t":"idOrVar","v":"plural"},"value"]},{"$i":"hours-ago-short","$v":{"zero":"sebentar tadi","other":[{"t":"idOrVar","v":"value"}," jam lalu"]},"$x":[{"t":"idOrVar","v":"plural"},"value"]},{"$i":"days-ago-short","$v":{"zero":"hari ini","other":[{"t":"idOrVar","v":"value"}," hari lalu"]},"$x":[{"t":"idOrVar","v":"plural"},"value"]},{"$i":"minutes-until-short","$v":{"zero":"sekarang","other":["dalam ",{"t":"idOrVar","v":"value"}," minit"]},"$x":[{"t":"idOrVar","v":"plural"},"value"]},{"$i":"hours-until-short","$v":{"zero":"sekarang","other":["dalam ",{"t":"idOrVar","v":"value"}," jam"]},"$x":[{"t":"idOrVar","v":"plural"},"value"]},{"$i":"days-until-short","$v":{"zero":"hari ini","other":["dalam ",{"t":"idOrVar","v":"value"}," hari"]},"$x":[{"t":"idOrVar","v":"plural"},"value"]},{"$i":"incorrectDate","$v":"(tarikh tidak betul)"},{"$i":"dateTimeFormat_%c","$v":"%a %b %e %Y %I:%M:%S %p"},{"$i":"dateTimeFormat_%x","$v":"%m/%d/%Y"},{"$i":"dateTimeFormat_%X","$v":"%I:%M:%S %p"},{"$i":"shortTimeFormat","$v":"%I:%M %p"},{"$i":"shortTimeFormat12","$v":"%I:%M %p"},{"$i":"shortTimeFormat24","$v":"%H:%M"},{"$i":"shortDateTimeFormat","$v":"%x %I:%M %p"},{"$i":"weekStartsOnMonday","$v":"0"},{"$i":"firstDayOfTheWeek","$v":"0"},{"$i":"time_am","$v":"PG"},{"$i":"time_pm","$v":"PTG"},{"$i":"title-app","$v":"Keizinan App"},{"$i":"title-web","$v":"Keizinan Tapak Web"},{"$i":"title-cam","$v":"Pilih Kamera"},{"$i":"perm-alarms","$v":"Menjadual Penggera"},{"$i":"perm-audio-capture","$v":"Mikrofon"},{"$i":"perm-audio-capture-appRequest","$v":["Mahukah anda berkongsi mikrofon dengan ",{"t":"idOrVar","v":"app"},"?"]},{"$i":"perm-audio-capture-webRequest","$v":["Mahukah anda berkongsi mikrofon dengan ",{"t":"idOrVar","v":"site"},"?"]},{"$i":"perm-audio-channel-content","$v":"Mainkan Bunyi"},{"$i":"perm-audio-channel-notification","$v":"Mainkan Bunyi Pemakluman"},{"$i":"perm-audio-channel-ringer","$v":"Mainkan Bunyi Nada Dering"},{"$i":"perm-background-sensors","$v":"Capai Data Penderia"},{"$i":"perm-bluetooth","$v":"Bluetooth"},{"$i":"perm-browser","$v":"Periksa Laman Web"},{"$i":"perm-camera","$v":"Kamera"},{"$i":"perm-camera-selector-appRequest","$v":["Pilih kamera untuk ",{"t":"idOrVar","v":"app"},"."]},{"$i":"perm-camera-selector-webRequest","$v":["Pilih kamera untuk ",{"t":"idOrVar","v":"site"},"."]},{"$i":"perm-cellbroadcast","$v":"Sel Siaran"},{"$i":"perm-contacts","$v":"Kenalan"},{"$i":"perm-contacts-appRequest","$v":[{"t":"idOrVar","v":"app"}," ingin mencapai senarai kenalan anda."]},{"$i":"perm-contacts-webRequest","$v":[{"t":"idOrVar","v":"site"}," ingin mencapai senarai kenalan anda."]},{"$i":"perm-desktop-notification","$v":"Notifikasi"},{"$i":"perm-desktop-notification-appRequest","$v":[{"t":"idOrVar","v":"app"}," ingin memaparkan notis."]},{"$i":"perm-desktop-notification-webRequest","$v":[{"t":"idOrVar","v":"site"}," ingin memaparkan notis."]},{"$i":"perm-device-storage-apps","$v":"Storan Aplikasi"},{"$i":"perm-device-storage-music","$v":"Storan Muzik"},{"$i":"perm-device-storage-music-appRequest","$v":[{"t":"idOrVar","v":"app"}," ingin mencapai muzik anda."]},{"$i":"perm-device-storage-music-webRequest","$v":[{"t":"idOrVar","v":"site"}," ingin mencapai muzik anda."]},{"$i":"perm-device-storage-pictures","$v":"Storan Imej"},{"$i":"perm-device-storage-pictures-appRequest","$v":[{"t":"idOrVar","v":"app"}," ingin mencapai imej anda."]},{"$i":"perm-device-storage-pictures-webRequest","$v":[{"t":"idOrVar","v":"site"},"ingin mencapai imej anda."]},{"$i":"perm-device-storage-sdcard","$v":"Storan Kad Ingatan"},{"$i":"perm-device-storage-sdcard-appRequest","$v":[{"t":"idOrVar","v":"app"}," ingin mencapat kad ingatan anda."]},{"$i":"perm-device-storage-sdcard-webRequest","$v":[{"t":"idOrVar","v":"site"},"ingin mencapai kad ingatan anda."]},{"$i":"perm-device-storage-videos","$v":"Storan Video"},{"$i":"perm-device-storage-videos-appRequest","$v":[{"t":"idOrVar","v":"app"}," ingin mencapai video anda."]},{"$i":"perm-device-storage-videos-webRequest","$v":[{"t":"idOrVar","v":"site"}," ingin mencapai video anda."]},{"$i":"perm-embed-apps","$v":"Benamkan Aplikasi"},{"$i":"perm-fmradio","$v":"Radio FM"},{"$i":"perm-fmradio-appRequest","$v":[{"t":"idOrVar","v":"app"}," ingin menggunakan Radio FM."]},{"$i":"perm-fmradio-webRequest","$v":[{"t":"idOrVar","v":"site"}," ingin menggunakan Radio FM."]},{"$i":"perm-geolocation","$v":"Geolokasi"},{"$i":"perm-geolocation-appRequest","$v":[{"t":"idOrVar","v":"app"}," ingin mengetahui lokasi anda."]},{"$i":"perm-geolocation-more-info","$v":[{"t":"idOrVar","v":"brandShortName"}," menggunakan data seperti GPS, Wi-Fi, dan rangkaian selular berhampiran anda untuk menentukan anggaran lokasi anda. Data dihantar kepada Mozilla dan penyedia servis lain dan akan digabungkan untuk menambah baik pangkalan data lokasi.  Data mungkin disimpan pada peranti anda dan pengumpulan data mungkin berlaku apabila tiada aplikasi yang dilarikan."]},{"$i":"perm-geolocation-webRequest","$v":[{"t":"idOrVar","v":"site"}," ingin mengetahui lokasi anda."]},{"$i":"perm-idle","$v":"Lihat Status Melahu"},{"$i":"perm-indexedDB-chrome-settings","$v":"Hak Keistimewaan IndexedDB"},{"$i":"perm-indexedDB-unlimited","$v":"Storan IndexedDB Tanpa Had"},{"$i":"perm-input-manage","$v":"Urus Papan Kekunci"},{"$i":"perm-input","$v":"Bertindak sebagai papan kekunci"},{"$i":"perm-media-capture","$v":"Kamera dan Mikrofon"},{"$i":"perm-media-capture-appRequest","$v":["Mahukah anda berkongsi kameran dan mikrofon dengan ",{"t":"idOrVar","v":"app"},"?"]},{"$i":"perm-media-capture-webRequest","$v":["Mahukah anda berkongsi kamera dan mikrofon dengan ",{"t":"idOrVar","v":"site"},"?"]},{"$i":"perm-mobileconnection","$v":"Sambungan Bimbit"},{"$i":"perm-mobileid","$v":"Identiti Bimbit"},{"$i":"perm-network-events","$v":"Acara Rangkaian"},{"$i":"perm-open-remote-window","$v":"Mulakan Aplikasi"},{"$i":"perm-permissions","$v":"Ubahsuai Keizinaan Aplikasi"},{"$i":"perm-power","$v":"Tetapan Kuasa"},{"$i":"perm-settings","$v":"Ubahsuai Tetapan"},{"$i":"perm-systemXHR","$v":"Permintaan Asalan-Silang"},{"$i":"perm-telephony","$v":"Telefoni"},{"$i":"perm-video-capture","$v":"Kamera"},{"$i":"perm-video-capture-appRequest","$v":["Mahukah anda berkongsi kamera dengan ",{"t":"idOrVar","v":"app"},"?"]},{"$i":"perm-video-capture-webRequest","$v":["Mahukah anda berkongsi kamera dengan ",{"t":"idOrVar","v":"site"},"?"]},{"$i":"perm-voicemail","$v":"Kawalan Mel Suara"},{"$i":"perm-webapps-manage","$v":"Pasang Webapps"},{"$i":"perm-wifi-manage","$v":"Urus Wi-Fi"},{"$i":"perm-attention","$v":"Buka Popup Bertindih"},{"$i":"perm-audio-channel-alarm","$v":"Mainkan Bunyi Penggera"},{"$i":"perm-audio-channel-normal","$v":"Mainkan Bunyi"},{"$i":"perm-audio-channel-publicnotification","$v":"Play public notification sounds"},{"$i":"perm-audio-channel-telephony","$v":"Mainkan Bunyi Telefoni"},{"$i":"perm-backgroundservice","$v":"Bertindak sebagai Khidmat Latar"},{"$i":"perm-device-storage-crashes","$v":"Storan Data Musnah"},{"$i":"perm-downloads","$v":"Capaian Muat Turun"},{"$i":"perm-embed-widgets","$v":"Widget Benam"},{"$i":"perm-feature-detection","$v":"Ciri Pengesanan"},{"$i":"perm-firefox-accounts","$v":"Akaun Firefox"},{"$i":"perm-mobilenetwork","$v":"Rangkaian Selular"},{"$i":"perm-moz-attention","$v":"Buka Popup Bertindih (moz)"},{"$i":"perm-moz-audio-channel-ringer","$v":"Mainkan Bunyi Nada Dering (moz)"},{"$i":"perm-moz-audio-channel-telephony","$v":"Mainkan Bunyi Telefoni (moz)"},{"$i":"perm-moz-firefox-accounts","$v":"Akaun Firefox (moz)"},{"$i":"perm-networkstats-manage","$v":"Stat Kawalan Penggunaan"},{"$i":"perm-nfc","$v":"NFC"},{"$i":"perm-nfc-hci-events","$v":"Acara NFC HCI"},{"$i":"perm-nfc-manager","$v":"Urus NFC"},{"$i":"perm-phonenumberservice","$v":"Servis Nombor Telefon"},{"$i":"perm-push","$v":"Tolakan API"},{"$i":"perm-resourcestats-manage","$v":"Stat Sumber"},{"$i":"perm-sms","$v":"Hantar dan Baca SMS"},{"$i":"perm-speaker-control","$v":"Kawal Kelantangan Bunyi"},{"$i":"perm-storage","$v":"Capaian Storan"},{"$i":"perm-tcp-socket","$v":"Soket TCP"},{"$i":"perm-test-permission","$v":"Keizinan Ujian"},{"$i":"perm-time","$v":"Tetapkan Tarikh dan Masa"},{"$i":"perm-udp-socket","$v":"Soket UDP"},{"$i":"perm-wappush","$v":"Tolakan WAP"},{"$i":"stopped_download_title","$v":"Muat turun terhenti"},{"$i":"stopped_download_message","$v":"Muat turun terhenti. Cuba muat turun semula?"},{"$i":"stopped_download_left_button","$v":"Batal"},{"$i":"stopped_download_right_button","$v":"Cuba lagi"},{"$i":"failed_download_title","$v":"Muat turun gagal"},{"$i":"failed_download_message","$v":[{"t":"idOrVar","v":"name"}," gagal memuat turun. Cuba muat turun semula?"]},{"$i":"failed_download_left_button","$v":"Batal"},{"$i":"failed_download_right_button","$v":"Cuba lagi"},{"$i":"stop_download_title","$v":"Henti muat turun"},{"$i":"stop_download_message","$v":"Pastikah anda untuk menghentikan muat turun?"},{"$i":"stop_download_left_button","$v":"Tidak"},{"$i":"stop_download_right_button","$v":"Ya"},{"$i":"delete_download_title","$v":"Hapus"},{"$i":"delete_download_message","$v":["Hapus ",{"t":"idOrVar","v":"name"},"?"]},{"$i":"delete_download_left_button","$v":"Batal"},{"$i":"delete_download_right_button","$v":"Hapus"},{"$i":"delete_all_download_title","$v":"Hapus"},{"$i":"delete_all_download_left_button","$v":"Batal"},{"$i":"delete_all_download_right_button","$v":"Hapus"},{"$i":"delete_all_download_message","$v":{"zero":"Tiada fail dihapus?","one":"Hapus satu fail?","two":["Hapus ",{"t":"idOrVar","v":"number"}," fail?"],"few":["Hapus ",{"t":"idOrVar","v":"number"}," fail?"],"many":["Hapus ",{"t":"idOrVar","v":"number"}," fail?"],"other":["Hapus ",{"t":"idOrVar","v":"number"}," fail?"]},"$x":[{"t":"idOrVar","v":"plural"},"number"]},{"$i":"unsupported_file_type_download_title","$v":"Tidak dapat membuka"},{"$i":"unsupported_file_type_download_message","$v":["Tidak terdapat app yang dapat membuka ",{"t":"idOrVar","v":"name"},". Mahukan anda meyimpan fail ini atau menghapuskannya?"]},{"$i":"unsupported_file_type_download_left_button","$v":"Kekalkan Fail"},{"$i":"unsupported_file_type_download_right_button","$v":"Hapus"},{"$i":"file_not_found_download_title","$v":"Fail tidak ditemui"},{"$i":"file_not_found_download_message","$v":"Fail ini tidak ditemui pada peranti"},{"$i":"file_not_found_download_right_button","$v":"OK"},{"$i":"unmounted_sdcard_2_download_title","$v":"Kad memori sedang diguna"},{"$i":"unmounted_sdcard_2_download_message","$v":"Cabut palam telefon"},{"$i":"unmounted_sdcard_2_download_right_button","$v":"OK"},{"$i":"no_provider_download_title","$v":"Tidak dapat berkongsi"},{"$i":"no_provider_download_message","$v":"Tiada pembekal ditemui"},{"$i":"no_provider_download_right_button","$v":"OK"},{"$i":"no_memory_download_title","$v":"Kad SD penuh"},{"$i":"no_memory_download_message","$v":"Tiada ruang lagi pada kad SD anda untuk menyimpan muat turun anda. Sila singkirkan beberapa fail sebelum mengulang mula muat turun."},{"$i":"no_memory_download_right_button","$v":"OK"},{"$i":"no_sdcard_found_2_download_title","$v":"Tiada kad memori ditemui"},{"$i":"no_sdcard_found_2_download_message","$v":"Masukkan kad memori atau pilih lokasi media lalai alternatif pada tetapan"},{"$i":"no_sdcard_found_2_download_right_button","$v":"OK"},{"$i":"file_open_error_download_title","$v":"Tidak dapat membuka"},{"$i":"file_open_error_download_message","$v":["Terdapat masalah membuka ",{"t":"idOrVar","v":"name"},". Mahukah anda menyimpannya atau menghapuskannya?"]},{"$i":"file_open_error_download_left_button","$v":"Kekalkan Fail"},{"$i":"file_open_error_download_right_button","$v":"Hapus"},{"$i":"restart_download_error","$v":"Terdapat rakat ketika mengulang mula muat turun. Sila cuba muat turun semula."},{"$i":"no-downloads","$v":"Tiada muat turun"},{"$i":"percentage","$v":[{"t":"idOrVar","v":"percentage"}," %"]},{"$i":"partialResult","$v":[{"t":"idOrVar","v":"partial"}," daripada ",{"t":"idOrVar","v":"total"}]},{"$i":"summary","$v":[{"t":"idOrVar","v":"date"}," - ",{"t":"idOrVar","v":"status"}]},{"$i":"download-stopped","$v":"Terhenti"},{"$i":"download-failed","$v":"Muat turun gagal"},{"$i":"open_downloaded_file","$v":"Buka"},{"$i":"share_downloaded_file","$v":"Kongsi"},{"$i":"wallpaper_downloaded_file","$v":"Setkan sebagai wallpaper"},{"$i":"ringtone_downloaded_file","$v":"Setkan sebagai nada dering"},{"$i":"cancel_downloaded_file","$v":"Batal"},{"$i":"voicemailNoNumberTitle","$v":"Nombor mel suara tidak tersedia"},{"$i":"voicemailNoNumberText","$v":"Tidak dapat membuat panggilan ke mel suara. Tetapkan nombor mel suara untuk membuat panggilan."},{"$i":"voicemailNoNumberSettings","$v":"Tetapan"},{"$i":"voicemailNoNumberCancel","$v":"Batal"},{"$i":"airplaneMode","$v":"Mod pesawat udara"},{"$i":"searching","$v":"Mencari…"},{"$i":"noNetwork","$v":"Tiada rangkaian"},{"$i":"roaming","$v":[{"t":"idOrVar","v":"operator"}," (Perayauan)"]},{"$i":"operator-info","$v":[{"t":"idOrVar","v":"carrier"}," ",{"t":"idOrVar","v":"region"}]},{"$i":"emergencyCallsOnly-unknownSIMState","$v":"(keadaan SIM tidak diketahui)"},{"$i":"emergencyCallsOnly-noSIM","$v":"(tiada SIM)"},{"$i":"emergencyCallsOnly-pinRequired","$v":"(PIN SIM diperlukan)"},{"$i":"emergencyCallsOnly-pukRequired","$v":"(PUK SIM diperlukan)"},{"$i":"emergencyCallsOnly-networkLocked","$v":"(rangkaian dikunci)"},{"$i":"emergencyCallsOnly-serviceProviderLocked","$v":"(penyedia perkhidmatan dikunci)"},{"$i":"emergencyCallsOnly-corporateLocked","$v":"(korporat dikunci)"},{"$i":"emergencyCallsOnly-network1Locked","$v":"(network1 dikunci)"},{"$i":"emergencyCallsOnly-network2Locked","$v":"(network2 dikunci)"},{"$i":"emergencyCallsOnly-hrpdNetworkLocked","$v":"(rangkaian hrpd dikunci)"},{"$i":"emergencyCallsOnly-ruimCorporateLocked","$v":"(ruim korporat dikunci)"},{"$i":"emergencyCallsOnly-ruimServiceProviderLocked","$v":"(penyedia khidmat ruim dikunci)"},{"$i":"lockscreen-sim-id","$v":["SIM ",{"t":"idOrVar","v":"n"}]},{"$i":"charging-status-no-time","$v":[{"t":"idOrVar","v":"level"},"% Charged"]},{"$i":"charging-status-minutes","$v":{"zero":[{"t":"idOrVar","v":"level"},"% Charged (",{"t":"idOrVar","v":"minutes"}," mins remaining)"],"one":[{"t":"idOrVar","v":"level"},"% Charged (",{"t":"idOrVar","v":"minutes"}," min remaining)"],"two":[{"t":"idOrVar","v":"level"},"% Charged (",{"t":"idOrVar","v":"minutes"}," mins remaining)"],"few":[{"t":"idOrVar","v":"level"},"% Charged (",{"t":"idOrVar","v":"minutes"}," mins remaining)"],"many":[{"t":"idOrVar","v":"level"},"% Charged (",{"t":"idOrVar","v":"minutes"}," mins remaining)"],"other":[{"t":"idOrVar","v":"level"},"% Charged (",{"t":"idOrVar","v":"minutes"}," mins remaining)"]},"$x":[{"t":"idOrVar","v":"plural"},"minutes"]},{"$i":"charging-status-hours","$v":{"zero":[{"t":"idOrVar","v":"level"},"% Charged (",{"t":"idOrVar","v":"hours"},"h ",{"t":"idOrVar","v":"minutes"}," mins remaining)"],"one":[{"t":"idOrVar","v":"level"},"% Charged (",{"t":"idOrVar","v":"hours"},"h ",{"t":"idOrVar","v":"minutes"}," min remaining)"],"two":[{"t":"idOrVar","v":"level"},"% Charged (",{"t":"idOrVar","v":"hours"},"h ",{"t":"idOrVar","v":"minutes"}," mins remaining)"],"few":[{"t":"idOrVar","v":"level"},"% Charged (",{"t":"idOrVar","v":"hours"},"h ",{"t":"idOrVar","v":"minutes"}," mins remaining)"],"many":[{"t":"idOrVar","v":"level"},"% Charged (",{"t":"idOrVar","v":"hours"},"h ",{"t":"idOrVar","v":"minutes"}," mins remaining)"],"other":[{"t":"idOrVar","v":"level"},"% Charged (",{"t":"idOrVar","v":"hours"},"h ",{"t":"idOrVar","v":"minutes"}," mins remaining)"]},"$x":[{"t":"idOrVar","v":"plural"},"minutes"]},{"$i":"gaia-menu-cancel","$v":"Batal"}]