[{"$i":"share","$v":"Share"},{"$i":"resend","$v":"Resend"},{"$i":"connecting","$v":"Connecting"},{"$i":"verify","$v":"Verify"},{"$i":"verifying","$v":"रूजु गर्दै"},{"$i":"verified","$v":"Verified"},{"$i":"mobileIDExplanation","$v":[{"t":"idOrVar","v":"app_name"}," would like to know and verify your phone number. Please choose which one you want to share or enter a new one."]},{"$i":"verificationCodeExplanation","$v":["We’ve sent a code to ",{"t":"idOrVar","v":"phone_number"},". We’ll try to pick it up automatically, but you’ll have to enter it manually if it’s not in use in this device."]},{"$i":"successMessage","$v":["Awesome! Your number ",{"t":"idOrVar","v":"phone_number"}," is now verified and available to ",{"t":"idOrVar","v":"app_name"},"."]},{"$i":"serverErrorMessage","$v":"The verification server is unavailable at this time. Please check your Internet connection, try again or wait a few minutes."},{"$i":"timeoutErrorMessage","$v":"There seems to be a problem with your verification code. Let's try once again!"},{"$i":"errorTitle","$v":"Mobile identity"},{"$i":"ok","$v":"ठीक छ"},{"$i":"addPhoneNumber","$v":"Or add your phone number"},{"$i":"selectPhoneNumber","$v":"Or select a phone number from the list"},{"$i":"firefox-accounts-title","$v":"फायरफक्स खाताहरु"},{"$i":"fxa-next","$v":"अर्को"},{"$i":"fxa-back","$v":"पछाडि"},{"$i":"fxa-done","$v":"भयो"},{"$i":"fxa-ok","$v":"ठीक छ"},{"$i":"fxa-connection-error-title","$v":"जडान गर्न असक्षम"},{"$i":"fxa-connection-error-message","$v":"You can create an account or sign in from Settings."},{"$i":"fxa-reset-password-error-title","$v":"पासवर्ड रिसेट गर्नुहोस्"},{"$i":"fxa-reset-password-error-message","$v":"You can reset your password from Settings."},{"$i":"fxa-coppa-failure-error-title","$v":"Cannot Create Account"},{"$i":"fxa-coppa-failure-error-message","$v":["You must meet certain age requirements to create a Firefox Account. ",{"t":"idOrVar","v":"learnmore"}]},{"$i":"fxa-learn-more","$v":"Learn more"},{"$i":"fxa-offline-error-title","$v":"Unable to Connect"},{"$i":"fxa-offline-error-message","$v":"Please connect to a network from Settings."},{"$i":"fxa-invalid-email-title","$v":"Error"},{"$i":"fxa-invalid-email-message","$v":"Please enter a valid email."},{"$i":"fxa-invalid-password-title","$v":"Invalid Password"},{"$i":"fxa-invalid-password-message","$v":"Please check your password and try again."},{"$i":"fxa-unknown-error-title","$v":"जडान गर्न असक्षम"},{"$i":"fxa-unknown-error-message","$v":"System unavailable, try again soon."},{"$i":"fxa-connecting","$v":"जडान गरिँदैछ"},{"$i":"fxa-enter-email-input","placeholder":"Enter your email"},{"$i":"fxa-use-email-to-sign-in","$v":"Use your email address to create an account or sign in."},{"$i":"fxa-notice","$v":["By proceeding, I agree to the ",{"t":"idOrVar","v":"tos"}," and ",{"t":"idOrVar","v":"pn"}," of Firefox cloud services."]},{"$i":"fxa-tos","$v":"सेवाका सर्तहरू"},{"$i":"fxa-pn","$v":"Privacy Notice"},{"$i":"fxa-create-password-title","$v":"Create a Password"},{"$i":"fxa-enter-password-title","$v":"Enter Your Password"},{"$i":"fxa-hello-user","$v":["Hello, ",{"t":"idOrVar","v":"email"}]},{"$i":"fxa-password-refresh","$v":"Please enter your Firefox Account password to continue."},{"$i":"fxa-password","placeholder":"Password"},{"$i":"fxa-forgot-your-password","$v":"Forgot your password?"},{"$i":"fxa-show-password","$v":"Show password"},{"$i":"fxa-password-length-requirement","$v":"Your password must be at least 8 characters long."},{"$i":"fxa-success","$v":"सफल!"},{"$i":"fxa-ready-to-go","$v":"Your Firefox Account is ready to go! "},{"$i":"fxa-use-features","$v":"Now you can use features like Find My Device and apps like the Firefox Marketplace."},{"$i":"fxa-access-manage-account-settings","$v":"In the future, you can access and manage your account from Settings."},{"$i":"fxa-confirm-account","$v":"तपाईँको खाता यकिन गर्नुहोस्"},{"$i":"fxa-will-send-email","$v":["We will send an email to: ",{"t":"idOrVar","v":"email"}]},{"$i":"fxa-signup-click-verification-link-in-email","$v":"Next time you check your email, click the verification link to confirm your Firefox Account."},{"$i":"fxa-age-verification","$v":"Age Verification"},{"$i":"fxa-age-earlier","$v":[{"t":"idOrVar","v":"year"}," or earlier"]},{"$i":"fxa-year-of-birth","$v":"Year of Birth"},{"$i":"brandShortName","$v":"B2G OS"},{"$i":"browserBrandShortName","$v":"Web Browser"},{"$i":"browserBrandFullName","$v":"Mozilla Web Browser"},{"$i":"ringtoneBrandName","$v":"Default"},{"$i":"ringtoneSectionBrandName","$v":"System"},{"$i":"back","$v":"पछाडि"},{"$i":"help","$v":"मद्दत गर्नुहोस्"},{"$i":"cancel","$v":"रद्द गर्नुहोस्"},{"$i":"close","$v":"बन्द गर्नुहोस्"},{"$i":"skip","$v":"फड्काउनुहोस्"},{"$i":"clear","ariaLabel":"खाली गर्नुहोस्"},{"$i":"enable","$v":"सक्षम पार्नुहोस्"},{"$i":"turnOn","$v":"खोल्नुहोस्"},{"$i":"undo","ariaLabel":"पूर्वस्थितिमा फर्काउनुहोस्"},{"$i":"enterPIN","$v":"PIN प्रविष्ट गर्नुहोस्"},{"$i":"mediaPlaybackTrack","ariaLabel":"Track title and artist"},{"$i":"mediaPlaybackControls","ariaLabel":"Playback controls"},{"$i":"mediaPlaybackPrevious","ariaLabel":"Previous"},{"$i":"mediaPlaybackPlay","ariaLabel":"Play"},{"$i":"mediaPlaybackPause","ariaLabel":"Pause"},{"$i":"mediaPlaybackNext","ariaLabel":"अर्को"},{"$i":"UnknownTrack","$v":"अज्ञात ट्रयाक"},{"$i":"wifiButton-on","$v":"Wi-Fi on"},{"$i":"wifiButton-on-initializing","$v":"Wi-Fi on, initializing"},{"$i":"wifiButton-off","$v":"Wi-Fi off"},{"$i":"dataButton-on","$v":["Data ",{"t":"idOrVar","v":"type"}," on"]},{"$i":"dataButton-off","$v":["Data ",{"t":"idOrVar","v":"type"}," off"]},{"$i":"bluetoothButton-on","$v":"Bluetooth on"},{"$i":"bluetoothButton-on-initializing","$v":"Bluetooth on, initializing"},{"$i":"bluetoothButton-off","$v":"Bluetooth off"},{"$i":"airplaneMode-on","$v":"Airplane mode on"},{"$i":"airplaneMode-off","$v":"Airplane mode off"},{"$i":"settingsButton","ariaLabel":"Settings"},{"$i":"utilityTray","ariaLabel":"Utility tray"},{"$i":"statusbarOperator","$v":[{"t":"idOrVar","v":"date"},", ",{"t":"idOrVar","v":"operator"}]},{"$i":"statusbarDateFormat","$v":"%b %e"},{"$i":"statusbar","ariaLabel":"Status Bar"},{"$i":"statusbarBattery","ariaLabel":["Battery ",{"t":"idOrVar","v":"level"}," percent"]},{"$i":"statusbarBatteryCharging","ariaLabel":["Battery ",{"t":"idOrVar","v":"level"}," percent, charging"]},{"$i":"statusbarAirplaneMode","ariaLabel":"Airplane mode on"},{"$i":"statusbarWiFiConnecting","ariaLabel":"Wi-Fi: connecting"},{"$i":"statusbarWiFiConnected","ariaLabel":["Wi-Fi: ",{"t":"idOrVar","v":"level"}," of 4 bars"]},{"$i":"statusbarSignal","ariaLabel":[{"t":"idOrVar","v":"operator"}," network, ",{"t":"idOrVar","v":"level"}," of 5 bars"]},{"$i":"statusbarSignalRoaming","ariaLabel":[{"t":"idOrVar","v":"operator"}," network (roaming), ",{"t":"idOrVar","v":"level"}," of 5 bars"]},{"$i":"statusbarSignalNoneSearching","ariaLabel":"Searching… Emergency calls only"},{"$i":"emergencyCallsOnly","$v":"Emergency calls only"},{"$i":"statusbarSignalNoSimCard","ariaLabel":"No SIM card"},{"$i":"statusbarHeadphone","ariaLabel":"Headphones on"},{"$i":"statusbarBluetoothHeadphone","ariaLabel":"Bluetooth headphones on"},{"$i":"statusbarBluetoothTransfer","ariaLabel":"Bluetooth transfer active"},{"$i":"statusbarIconOn-tethering","ariaLabel":"Tethering on"},{"$i":"statusbarIconOnActive-tethering","ariaLabel":"Tethering on, active"},{"$i":"statusbarAlarm","ariaLabel":"Alarm on"},{"$i":"statusbarIconOn-bluetooth","ariaLabel":"Bluetooth on"},{"$i":"statusbarIconOnActive-bluetooth","ariaLabel":"Bluetooth on, active"},{"$i":"statusbarIconOn-mute","ariaLabel":"Mute on"},{"$i":"statusbarIconOn-vibration","ariaLabel":"Vibration on"},{"$i":"statusbarRecording","ariaLabel":"Recording on"},{"$i":"statusbarGeolocation","ariaLabel":"Geolocation on"},{"$i":"statusbarUsb","ariaLabel":"USB on"},{"$i":"statusbarCallForwarding","$v":"Call forwarding on"},{"$i":"statusbarPlaying","ariaLabel":"Media playing"},{"$i":"statusbarNfc","ariaLabel":"NFC on"},{"$i":"statusbarDownload","ariaLabel":"Downloading…"},{"$i":"statusbarNetworkActivity","ariaLabel":"Networking on"},{"$i":"statusbarEmergencyCallback","ariaLabel":"Emergency callback"},{"$i":"statusbarNotifications","$v":{"one":[{"t":"idOrVar","v":"n"}," Notification"],"two":[{"t":"idOrVar","v":"n"}," Notifications"],"few":[{"t":"idOrVar","v":"n"}," Notifications"],"many":[{"t":"idOrVar","v":"n"}," Notifications"],"other":[{"t":"idOrVar","v":"n"}," Notifications"]},"$x":[{"t":"idOrVar","v":"plural"},"n"]},{"$i":"statusbarNotifications-unread","ariaLabel":{"$x":[{"t":"idOrVar","v":"plural"},"n"],"$v":{"one":[{"t":"idOrVar","v":"n"}," unread notification"],"two":[{"t":"idOrVar","v":"n"}," unread notifications"],"few":[{"t":"idOrVar","v":"n"}," unread notifications"],"many":[{"t":"idOrVar","v":"n"}," unread notifications"],"other":[{"t":"idOrVar","v":"n"}," unread notifications"]}}},{"$i":"notifications","$v":"सूचनाहरु"},{"$i":"clear-all","$v":"सबै खाली गर्नुहोस्"},{"$i":"attentionScreen-tapToShow","$v":"Tap to show"},{"$i":"newVoicemails","$v":{"zero":"नयाँ ध्वनिमेल छैन","one":"एउटा नयाँ ध्वनिमेल","two":[{"t":"idOrVar","v":"n"}," नयाँ ध्वनिमेलहरु"],"few":[{"t":"idOrVar","v":"n"}," नयाँ ध्वनिमेलहरु"],"many":[{"t":"idOrVar","v":"n"}," नयाँ ध्वनिमेलहरु"],"other":[{"t":"idOrVar","v":"n"}," नयाँ ध्वनिमेलहरु"]},"$x":[{"t":"idOrVar","v":"plural"},"n"]},{"$i":"newVoicemailsUnknown","$v":"नयाँ ध्वनिमेलहरु"},{"$i":"dialNumber","$v":["डायल ",{"t":"idOrVar","v":"number"}]},{"$i":"voicemailNotificationMultiSim","$v":["(SIM ",{"t":"idOrVar","v":"n"},") ",{"t":"idOrVar","v":"title"}]},{"$i":"euRoamingNotificationTitle","$v":"EU internet detected"},{"$i":"euRoamingNotificationMsg","$v":"Tap to change."},{"$i":"confirmNFCConnectBTenabledNameUnknown","$v":"Are you sure you want to connect to the device?"},{"$i":"confirmNFCConnectBTdisabledNameUnknown","$v":"Turn on Bluetooth and connect to the device?"},{"$i":"confirmNFCConnectBTenabledNameKnown","$v":["Are you sure you want to connect to ",{"t":"idOrVar","v":"deviceName"},"?"]},{"$i":"confirmNFCConnectBTdisabledNameKnown","$v":["Turn on Bluetooth and connect to ",{"t":"idOrVar","v":"deviceName"},"?"]},{"$i":"confirmNFCConnectBTdisabled","$v":"Turn on"},{"$i":"dismissNFCConnectBTdisabled","$v":"रद्द गर्नुहोस्"},{"$i":"confirmation","$v":"Confirmation"},{"$i":"deviceMenu","$v":"फोन"},{"$i":"airplane","$v":"उडान शैली अन गर्नुहोस्"},{"$i":"airplaneOff","$v":"उडान शैली अफ गर्नुहोस्"},{"$i":"silent","$v":"आगमन कलहरु शान्त पार्नुहोस्"},{"$i":"normal","$v":"आगमन कलहरु बजाउनुहोस्"},{"$i":"restart","$v":"पुन:सुरु गर्नुहोस्"},{"$i":"power","$v":"पावर बन्द"},{"$i":"no-recent-app-windows","$v":"Your recent app windows show up here"},{"$i":"no-recent-browser-windows","$v":"Your recent browser windows show up here"},{"$i":"closeCard","ariaLabel":"बन्द गर्नुहोस्"},{"$i":"openCard","ariaLabel":"Open"},{"$i":"yes","$v":"हो"},{"$i":"no","$v":"हँदैन"},{"$i":"dontallow","$v":"Don’t allow"},{"$i":"allow","$v":"अनुमति दिनुहोस्"},{"$i":"dontshare-geolocation","$v":"नबाँड्नुहोस्"},{"$i":"share-geolocation","$v":"साझेदारी"},{"$i":"dontshare-audio-capture","$v":"नबाँड्नुहोस्"},{"$i":"share-audio-capture","$v":"साझेदारी"},{"$i":"dontshare-video-capture","$v":"नबाँड्नुहोस्"},{"$i":"share-video-capture","$v":"बाँड्नुहोस्"},{"$i":"dontshare-media-capture","$v":"नबाँड्नुहोस्"},{"$i":"share-media-capture","$v":"बाँड्नुहोस्"},{"$i":"device-front","$v":"अगाडिको क्यामेरा"},{"$i":"device-back","$v":"पछाडिको क्यामेरा"},{"$i":"remember-my-choice","$v":"मेरो छनोट सम्झनुहोस्"},{"$i":"more-info","$v":"थप जानकारी…"},{"$i":"hide-info","$v":"Hide info"},{"$i":"install-app","$v":[{"t":"idOrVar","v":"name"}," स्थापित गर्ने?"]},{"$i":"size","$v":"साइज"},{"$i":"author","$v":"लेखक"},{"$i":"size-unknown","$v":"अज्ञात"},{"$i":"author-unknown","$v":"अज्ञात"},{"$i":"install","$v":"स्थापना गर्नुहोस्"},{"$i":"bytes","$v":"बाइट्स"},{"$i":"kB","$v":"किलो बाइट"},{"$i":"MB","$v":"MB"},{"$i":"GB","$v":"GB"},{"$i":"TB","$v":"TB"},{"$i":"PB","$v":"PB"},{"$i":"app-install-generic-error","$v":[{"t":"idOrVar","v":"appName"},"को डाउनलोड रोकियो"]},{"$i":"app-install-download-failed","$v":[{"t":"idOrVar","v":"appName"},"को डाउनलोड असफल भयो"]},{"$i":"app-install-install-failed","$v":[{"t":"idOrVar","v":"appName"},"को डाउनलोड असफल भयो"]},{"$i":"cancelling-will-not-refund","$v":"सामग्री रद्द गरेमा पैसा फिर्ता हुने छैन | पैसा तिरेको सामग्री रद्द गरेमा मूल बिक्रेताले पैसा दिनेछन्|"},{"$i":"apps-can-be-installed-later","$v":"एपहरु पछि पनि मूल स्थापना स्रोतबाट स्थापित गर्न सकिन्छ।"},{"$i":"are-you-sure-you-want-to-cancel","$v":"के तपाईँ यो कार्य रद्द गर्न निश्चित हुनुहुन्छ?"},{"$i":"cancel-install","$v":"स्थापना रद्द गर्नुहोस्"},{"$i":"cancel-install-button","$v":"स्थापना रद्द गर्नुहोस्"},{"$i":"resume","$v":"पुन: निरन्तरता दिनुहोस्"},{"$i":"continue","$v":"जारी राख्नुहोस्"},{"$i":"stopDownloading","$v":[" ",{"t":"idOrVar","v":"app"},"को डाउनलोड रोक्ने?"]},{"$i":"app-download-can-be-restarted","$v":"डाउनलोडलाई पछि पुन: शुरु गर्न सकिन्छ।"},{"$i":"app-download-stop-button","$v":"डाउनलोड रोक्नुहोस्"},{"$i":"not-enough-space","$v":"पर्याप्त खाली स्थान छैन"},{"$i":"not-enough-space-message","$v":"यो एप स्थापना गर्नका लागि पर्याप्त स्वतन्त्र स्थान छैन। पुराना एपहरु वा मिडियाहारु मेटाएर खाली स्थान बनाउनुहोस् र मूल स्रोतबाट फेरी स्थापनाको प्रयास गर्नुहोस्।"},{"$i":"app-install-success","$v":[{"t":"idOrVar","v":"appName"}," इन्स्टल भयो"]},{"$i":"langpack-install-success2","$v":[{"t":"idOrVar","v":"appName"}," installed. Go to Settings > Language to enable it."]},{"$i":"setup","$v":"सेटअप"},{"$i":"ime-addkeyboards","$v":"कुञ्जीपाटीहरु थप्नुहोस्"},{"$i":"later","$v":"पछि"},{"$i":"download","$v":"डाउनलोड"},{"$i":"wantToDownload","$v":"अपडेटहरु अहिले डाउनलोड गर्ने?"},{"$i":"wantToInstallNow","$v":"Do you want to install the update now? You will not be able to use your phone for a few minutes."},{"$i":"installNow","$v":"अहिले स्थापना गर्नुहोस्"},{"$i":"notNow","$v":"अहिले होइन"},{"$i":"downloadingUpdateMessage","innerHTML":["अपडेटहरु डाउनलोड हुदैछन्...<span>",{"t":"idOrVar","v":"progress"}," डाउनलोड भइसक्यो.</span>"]},{"$i":"downloadingAppMessage","$v":[{"t":"idOrVar","v":"appName"}," डाउनलोड गर्दै"]},{"$i":"downloadingAppProgressNoMax","$v":[{"t":"idOrVar","v":"progress"}," डाउनलोड भइसक्यो"]},{"$i":"downloadingAppProgressIndeterminate","$v":"डाउनलोड हुँदैछ"},{"$i":"downloadingAppProgress","$v":[{"t":"idOrVar","v":"progress"}," / ",{"t":"idOrVar","v":"max"}," डाउनलोड भइसक्यो"]},{"$i":"cancelAllDownloads","$v":"सबै डाउनलोडहरु रद्द गर्नुहोस्"},{"$i":"wantToCancelAll","$v":"तपाईँ सबै डाउनलोडहरु रद्द गर्न निश्चित हुनुहुन्छ?"},{"$i":"downloadError","$v":"अपडेटहरु डाउनलोड गर्दा एउटा त्रुटि भेटियो।"},{"$i":"updateAvailableInfo","innerHTML":{"$x":[{"t":"idOrVar","v":"plural"},"n"],"$v":{"one":[{"t":"idOrVar","v":"n"}," अपडेटहरु उपलब्ध छन् | <span>थप जानकारीका लागि थिच्नुहोस्।</span>"],"two":[{"t":"idOrVar","v":"n"}," अपडेटहरु उपलब्ध छन्। <span>थप जानकारीको लागि थिच्नुहोस् |</span>"],"few":[{"t":"idOrVar","v":"n"}," अपडेटहरु उपलब्ध छन्। <span>थप जानकारीका लागि थिच्नुहोस् |</span>"],"many":[{"t":"idOrVar","v":"n"}," अपडेटहरु उपलब्ध छन्। <span>थप जानकारीका लागि थिच्नुहोस् |</span>"],"other":[{"t":"idOrVar","v":"n"}," अपडेटहरु उपलब्ध छन्। <span>थप जानकारीका लागि थिच्नुहोस् |</span>"]}}},{"$i":"numberOfUpdates","$v":{"one":[{"t":"idOrVar","v":"n"}," अपडेटहरु उपलब्ध छन्"],"two":[{"t":"idOrVar","v":"n"}," अपडेटहरु उपलब्ध छन्"],"few":[{"t":"idOrVar","v":"n"}," अपडेटहरु उपलब्ध छन्"],"many":[{"t":"idOrVar","v":"n"}," अपडेटहरु उपलब्ध छन्"],"other":[{"t":"idOrVar","v":"n"}," अपडेटहरु उपलब्ध छन्"]},"$x":[{"t":"idOrVar","v":"plural"},"n"]},{"$i":"systemUpdate","$v":"प्रणाली अपडेट"},{"$i":"systemUpdateReady","$v":"प्रणाली अपडेट तयार"},{"$i":"systemUpdateLowBatteryThreshold","$v":["You need at least ",{"t":"idOrVar","v":"threshold"},"% battery level to install the update."]},{"$i":"required","$v":"आवश्यक"},{"$i":"uncompressingMessage","innerHTML":"फुकाउदै…<span>केही मिनेट लग्न सक्छ |</span>"},{"$i":"downloadWifiPrioritizedUsing2G","$v":"वाई-फाई अनउपलब्ध भएको खन्डमा डाटा जडान मर्फत अपडेटहरु डाउनलोड गरिन्छ। डाटा जडान प्रयोग गरेको बेलामा, फोन कलहरु बन्द हुन सक्छन् र थप डाटा पनि शुल्क लाग्न सक्छ।"},{"$i":"downloadWifiPrioritized3","$v":"Updates are downloaded via data connection when Wi-Fi is not available. When using data connection, additional charges may apply."},{"$i":"downloadNoWifiWarning","$v":"वाई-फाई अनुपलब्ध | हाल जडान आधुनिकतम गरे थप रकम लाग्न सक्नेछ |"},{"$i":"downloadOfflineWarning2","$v":"Connect to a network to download updates."},{"$i":"downloadUpdatesViaDataConnection","$v":"डाटा जडान मर्फत अपडेटहरु डाउनलोड गर्नु चाहानुहुन्छ?"},{"$i":"downloadUpdatesVia2GForbidden3","$v":"Downloading updates is not possible on slow connections (2G). Please connect via Wi-Fi or 3G (if available) and try again."},{"$i":"downloadUpdatesViaDataConnectionMessage3","$v":"When using a data connection, additional costs may apply. Do you want to continue?"},{"$i":"downloadUpdatesViaDataRoamingConnection","$v":"Download updates via data roaming?"},{"$i":"downloadUpdatesViaDataRoamingConnectionMessage","$v":"You are currently roaming and additional charges may apply. Do you want to continue?"},{"$i":"screenshotSaved","$v":"स्क्रिनसट गलिअरीमा बचत गर्नुहोस्"},{"$i":"screenshotFailed","$v":"स्क्रिनसट बचत हुन सकेन ।"},{"$i":"screenshotNoSDCard","$v":"कुनैपनि मेमोरी कार्ड भेटिएन"},{"$i":"screenshotSDCardInUse","$v":"मेमोरी कार्ड प्रयोगमा छ"},{"$i":"screenshotSDCardLow","$v":"मेमोरी कार्डमा पर्याप्त खाली स्थान छैन"},{"$i":"logsSaved","$v":"Logs saved to storage"},{"$i":"logsSaveError","$v":"Error while saving logs"},{"$i":"logsSaving","$v":"Capturing logs…"},{"$i":"logsOperationFailed","$v":["Operation ",{"t":"idOrVar","v":"operation"}," failed."]},{"$i":"logsGenericError","$v":"Unexpected error occurred."},{"$i":"logsSDCardMaybeShared","$v":"Make sure your SD card is not shared with your computer."},{"$i":"emergency-call-button","$v":"आपतकालिन कल"},{"$i":"emergency-call","$v":"आपतकालिन कल"},{"$i":"unlock-a11y-button","ariaLabel":"ताल्चा खोल्नुहोस्"},{"$i":"camera-a11y-button","ariaLabel":"क्यामेरा"},{"$i":"longDateFormat","$v":"%A, %B %e"},{"$i":"panel-passcode","ariaLabel":"Passcode panel"},{"$i":"open-notification","$v":"open"},{"$i":"softwareHomeButton","ariaLabel":"गृह"},{"$i":"login","$v":"हस्ताक्षर गर्दै"},{"$i":"sign-in-to-website","$v":"Sign in to website"},{"$i":"username","$v":"प्रयोगकर्ता नाम"},{"$i":"password","$v":"पासवर्ड"},{"$i":"http-authentication-message2","$v":["The website ",{"t":"idOrVar","v":"host"}," requires you to sign in."]},{"$i":"error-message","$v":[{"t":"idOrVar","v":"name"}," गतिलोसँग लोड भइरहेको छैन"]},{"$i":"error-title","$v":[{"t":"idOrVar","v":"name"}," मा समस्या हुदैछ"]},{"$i":"unable-to-connect","$v":"Unable to connect"},{"$i":"tap-to-check-settings","$v":"Tap to check settings"},{"$i":"delete-title","$v":["Delete ",{"t":"idOrVar","v":"name"}]},{"$i":"delete-body","$v":[{"t":"idOrVar","v":"name"}," and all of its data will be deleted."]},{"$i":"delete","$v":"Delete"},{"$i":"unrecoverable-error-title","$v":"Remove Application"},{"$i":"unrecoverable-error-body","$v":"Cannot install application due to an unrecoverable error. Please try downloading again. The application will be removed."},{"$i":"unrecoverable-error-action","$v":"OK"},{"$i":"data-roaming-enabled-title","$v":"Turn on data roaming?"},{"$i":"data-roaming-enabled-warning2","$v":"In order to access the Internet, you need to turn on data roaming. Depending on your service agreement, extra charges may apply. Do you want to turn data on?"},{"$i":"select-time","$v":"समय चयन गर्नुहोस"},{"$i":"choose-option","$v":"छान्नुहोस्"},{"$i":"choose-options","$v":"चयन गर्नुहोस्"},{"$i":"select-day","$v":"दिन चयन गर्नुहोस"},{"$i":"battery-almost-empty3","$v":"Your battery is low."},{"$i":"plug-in-your-charger","$v":"Please plug in your charger."},{"$i":"new-window","$v":"New window"},{"$i":"new-private-window","$v":"New private window"},{"$i":"show-windows","$v":"Show windows"},{"$i":"add-to-home-screen","$v":"Add to home screen"},{"$i":"crash-dialog2-os","$v":[{"t":"idOrVar","v":"brandShortName"}," भर्खरै क्र्यासबाट रिकभर भयो"]},{"$i":"crash-dialog-app","$v":[{"t":"idOrVar","v":"name"}," भर्खरै क्र्यास भयो"]},{"$i":"crash-dialog-app-noname","$v":"Something"},{"$i":"crash-dialog-message","$v":"के समस्याको समाधानका लागि तपाईको क्र्यासको प्रतिवेदन मोजिल्लालाई दिन चाहनुहुन्छ ? (प्रतिवेदनहरु Wi-Fi का माध्यम बाट मात्रय पठाइनेछ।)"},{"$i":"crash-info-link","$v":"क्र्यास प्रतिवेदनमा के छ ?"},{"$i":"crash-always-report","$v":"क्र्यास भएकि सधै मोजिल्लालाई प्रतिवेदन पठाउनुहोस्।"},{"$i":"crash-dont-send","$v":"नपठाउनुहोस्"},{"$i":"crash-end","$v":"प्रतिवेदन पठाउनुहोस्"},{"$i":"crashReports","$v":"क्र्यास प्रतिवेदनहरू"},{"$i":"done","$v":"गरियो"},{"$i":"crash-reports-description-1","$v":"एउटा क्र्यास प्रतिवेदनमा क्र्यास र तपाईँको यन्त्रको बारे केही विवरण साथसाथै तपाईँको यन्त्र क्र्यास भएको अवस्थाको एउटा स्न्यापसट हुन्छ।"},{"$i":"crash-reports-description-2","$v":"खुला पृष्ठहरु र एपहरु, फारममा लेखिएका अक्षरहरु र खुला सन्देशका  सामग्रीहरु, हालसालैको ब्राउजिङ्ग इतिहास, अथवा खुला एपले प्रयोग गरेकाो भू-स्थानजस्ता कुराहरु यसमा समावेश हुन सक्छन।"},{"$i":"crash-reports-description-3-start","$v":"We use crash reports to try to fix problems and improve our products. We handle your information as we describe in our "},{"$i":"crash-reports-description-3-privacy","$v":"गोपनीयता नीति"},{"$i":"crash-reports-description-3-end","$v":"।"},{"$i":"crash-banner-os2","$v":[{"t":"idOrVar","v":"brandShortName"}," भर्खरै क्र्यास भयो।"]},{"$i":"crash-banner-app","$v":[{"t":"idOrVar","v":"name"}," भर्खरै क्र्यास भयो।"]},{"$i":"crash-banner-report","$v":"प्रतिवेदन"},{"$i":"bluetooth-sending-progress","$v":"Sending Bluetooth transfer…"},{"$i":"bluetooth-receiving-progress","$v":"Receiving Bluetooth transfer…"},{"$i":"acceptFileTransfer","$v":"ब्लुटुथ फाइल स्थानान्तरण स्वीकार गर्नुहुन्छ?"},{"$i":"wantToReceiveFile","$v":[{"t":"idOrVar","v":"deviceName"},"ले ",{"t":"idOrVar","v":"fileName"}," (",{"t":"idOrVar","v":"fileSize"},"byte) स्थानान्तर गर्न चाहन्छ |"]},{"$i":"transfer-confirmation-title","$v":[{"t":"idOrVar","v":"deviceName"}]},{"$i":"transfer-confirmation-description","$v":"स्थानान्तर अनुरोध पुनरावलोकन गर्नुहोस् ।"},{"$i":"byteUnit-B","$v":"बाईट"},{"$i":"byteUnit-KB","$v":"किलोबाइट"},{"$i":"byteUnit-MB","$v":"मेगाबाइट"},{"$i":"byteUnit-GB","$v":"गिगाबाइट"},{"$i":"byteUnit-TB","$v":"टि बि"},{"$i":"byteUnit-PB","$v":"PB"},{"$i":"byteUnit-EB","$v":"EB"},{"$i":"byteUnit-ZB","$v":"ZB"},{"$i":"byteUnit-YB","$v":"YB"},{"$i":"fileSize","$v":[{"t":"idOrVar","v":"size"}," ",{"t":"idOrVar","v":"unit"}]},{"$i":"deny","$v":"अस्वीकार गर्नुहोस्"},{"$i":"transfer","$v":"स्थानान्तर गर्नुहोस्"},{"$i":"cancelFileTransfer","$v":"ब्लुटुथ फाइल स्थानान्तर गर्नुहोस रद्द गर्न चाहनुहुन्छ?"},{"$i":"continueFileTransfer","$v":"Continue"},{"$i":"transfer-has-started-title","$v":"स्थानान्तरण सुरु भइसकेको छ"},{"$i":"transfer-has-started-description","$v":"सूचना केन्द्रमा प्रगति जाँच्नुहोस्"},{"$i":"transferFinished-sentSuccessful-title","$v":"फाइल पठाइयो"},{"$i":"transferFinished-receivedSuccessful-title","$v":"फाइल प्राप्त गरियो"},{"$i":"transferFinished-sentFailed-title","$v":"फाइल पठाउन सकिएन"},{"$i":"transferFinished-receivedFailed-title","$v":"फाइल प्राप्त गर्न सकिएन"},{"$i":"transferReport-title","$v":"स्थानान्तर प्रतिवेदन:"},{"$i":"transferReport-description","$v":[{"t":"idOrVar","v":"numSuccessful"}," फाइलमा सफलता, ",{"t":"idOrVar","v":"numUnsuccessful"}," फाइलमा असफलता"]},{"$i":"unknown-file","$v":"अज्ञात फाइल"},{"$i":"unknown-device","$v":"अज्ञात यन्त्र"},{"$i":"cannotOpenFile","$v":"प्राप्त गरिएको फाइल खोल्न सकिएन"},{"$i":"unknownMediaTypeToOpenFile","$v":["Can not open unknown media type: ",{"t":"idOrVar","v":"fileName"}]},{"$i":"cannotReceiveFile","$v":"फाइल प्राप्त गर्न सकिदैन"},{"$i":"cannotGetStorageState","$v":"यन्त्र भण्डार स्थिति पाउन सकिएन ।"},{"$i":"sdcard-not-exist2","$v":"स्मृति कार्ड भेटिएन । कृपया स्मृति कार्ड घुसाउनुहोस् ।"},{"$i":"sdcard-in-use","$v":"फोन जोडिएको बेलामा ब्लुटुथको प्रयोग गर्न सकिदैन। फाइल(हरु) प्राप्त गर्नका लागि कृपया फोन छुटाउनुहोस्।"},{"$i":"sdcard-no-space2","$v":"स्थानान्तरण पूरा हुनसकेन:मेमोरी कार्ड भरि छ।"},{"$i":"unknown-error","$v":"अज्ञात त्रुटि"},{"$i":"confirm","$v":"यकिन गर्नुहोस्"},{"$i":"sdcard-detected-title","$v":"SD card detected"},{"$i":"sdcard-total-size-body","$v":["Total size: ",{"t":"idOrVar","v":"size"}," ",{"t":"idOrVar","v":"unit"}]},{"$i":"sdcard-unknown-size-then-tap-to-format-body","$v":"Unknown size, tap to format"},{"$i":"sdcard-removed-title","$v":"SD card removed"},{"$i":"sdcard-removed-ejected-successfully","$v":"Ejected successfully"},{"$i":"sdcard-removed-not-ejected-properly","$v":"Not ejected properly"},{"$i":"microphone-is-on","$v":"माइक्रोफोन चालू छ"},{"$i":"camera-is-on","$v":"क्यामेरा चालू छ"},{"$i":"media-is-on","$v":"क्यामेरा र माइक्रोफोन चालू छ"},{"$i":"noSimCard","$v":"सिम कार्ड छैन"},{"$i":"simPin","$v":"सिम PIN"},{"$i":"pukCode","$v":"PUK कोड"},{"$i":"nckCode","$v":"NCK कोड"},{"$i":"cckCode","$v":"CCK कोड"},{"$i":"spckCode","$v":"SPCK कोड"},{"$i":"nck1code","$v":"NCK1 code"},{"$i":"nck2code","$v":"NCK2 code"},{"$i":"hnckcode","$v":"HNCK code"},{"$i":"rcckcode","$v":"RCCK code"},{"$i":"rspckcode","$v":"RSPCK code"},{"$i":"whatIsSimPin","$v":"सिम PIN क हो?"},{"$i":"simPinIntro1","$v":"SIM PINले सिम कार्डमा सेलुलर डाटा सञ्जालहरु रोक्छ | जब SIM PIN सक्षम पर्नुहुन्छ, कुनै पनि सिम कार्ड भएको यन्त्रले फेरि सुरु हुदा PIN माग्छ |"},{"$i":"simPinIntro2","$v":"यन्त्र खोल्न प्रयोग हुने पासकोड र SIM PIN एउटै होइनन् |"},{"$i":"changeSimPin","$v":"PIN परिवर्तन गर्नुहोस्"},{"$i":"pinTitle","$v":"सिम PIN प्रविष्ट गर्नुहोस्"},{"$i":"multiSIMpinTitle","$v":["सिम ",{"t":"idOrVar","v":"n"}," PIN प्रविष्ट गर्नुहोस्"]},{"$i":"pukTitle","$v":"PUK कोड प्रविष्ट गर्नुहोस्"},{"$i":"nckTitle","$v":"NCK कोड प्रविष्ट गर्नुहोस्"},{"$i":"cckTitle","$v":"CCK कोड प्रविष्ट गर्नुहोस्"},{"$i":"spckTitle","$v":"SPCK कोड प्रविष्ट गर्नुहोस्"},{"$i":"nck1Title","$v":"Enter NCK1 code"},{"$i":"nck2Title","$v":"Enter NCK2 code"},{"$i":"hnckTitle","$v":"Enter HNCK code"},{"$i":"rcckTitle","$v":"Enter RCCK code"},{"$i":"rspckTitle","$v":"Enter RSPCK code"},{"$i":"newpinTitle","$v":"नयाँ PIN"},{"$i":"inputCodeRetriesLeft","$v":{"one":"अन्तिम कोशिस ।","two":[{"t":"idOrVar","v":"n"}," प्रयासहरु बाँकी।"],"few":[{"t":"idOrVar","v":"n"}," प्रयासहरु बाँकी।"],"many":[{"t":"idOrVar","v":"n"}," प्रयासहरु बाँकी।"],"other":[{"t":"idOrVar","v":"n"}," प्रयासहरु बाँकी।"]},"$x":[{"t":"idOrVar","v":"plural"},"n"]},{"$i":"pinErrorMsg","$v":"PIN गलत रहेछ।"},{"$i":"pinAttemptMsg2","$v":{"one":"यस सिम कार्ड बन्द हुनु अघि तपाईसंग ठिक कोड प्रविष्ट गर्न एक कोसिस बाँकी छ।","two":["तपाईसंग यस सिम कार्ड बन्द हुन अघि ठिक कोड प्रविष्ट गर्न ",{"t":"idOrVar","v":"n"}," कोसिस बाँकी छन्।"],"few":["तपाईसंग यस सिम कार्ड बन्द हुन अघि ठिक कोड प्रविष्ट गर्न ",{"t":"idOrVar","v":"n"}," कोसिस बाँकी छन्।"],"many":["तपाईसंग यस सिम कार्ड बन्द हुन अघि ठिक कोड प्रविष्ट गर्न ",{"t":"idOrVar","v":"n"}," कोसिस बाँकी छन्।"],"other":["तपाईसंग यस सिम कार्ड बन्द हुन अघि ठिक कोड प्रविष्ट गर्न ",{"t":"idOrVar","v":"n"}," कोसिस बाँकी छन्।"]},"$x":[{"t":"idOrVar","v":"plural"},"n"]},{"$i":"pinLastChanceMsg","$v":"सहि PIN प्रविष्ट गर्ने यो तपाईको अन्तिम मौका हो। नत्रभने, तपाईले यो सिम कार्ड प्रयोग गर्नका लागि PUK कोड प्रविष्ट गर्नुपर्दछ।"},{"$i":"simCardLockedMsg","$v":"सिम कार्ड बन्द भयो।"},{"$i":"enterPukMsg","$v":"तपाईले सिम कार्डका लागि व्यक्तिगत ताल्चा खोल्ने चाबी (PUK) कोड प्रविष्ट गर्नुपर्छ | थप जानकारीका लागि तपाईले आफ्नो सिम कार्ड कागजात अथवा तपाईको सिम कार्ड वाहकसंग सम्पर्क राख्नुहोस् |"},{"$i":"pukErrorMsg","$v":"PUK कोड गलत छ।"},{"$i":"pukAttemptMsg2","$v":{"one":"यस सिम कार्ड सधैका लागि नचल्नु अघि तपाईसंग ठिक कोड प्रविष्ट गर्न एक कोसिस बाँकी छ। थप जानकारीका लागि तपाईको सिम कार्ड कागजात हेर्नुहोस् अथवा सिम कार्ड वाहकसंग सम्पर्क राख्नुहोस्।","two":["यस सिम कार्ड सधैका लागि नचल्नु अघि तपाईसंग ठिक कोड प्रविष्ट गर्न ",{"t":"idOrVar","v":"n"}," कोसिस बाँकी छन्। थप जानकारीका लागि तपाईको सिम कार्ड कागजात हेर्नुहोस् अथवा सिम कार्ड वाहकसंग सम्पर्क राख्नुहोस्।"],"few":["यस सिम कार्ड सधैका लागि नचल्नु अघि तपाईसंग ठिक कोड प्रविष्ट गर्न ",{"t":"idOrVar","v":"n"}," कोसिस बाँकी छन्। थप जानकारीका लागि तपाईको सिम कार्ड कागजात हेर्नुहोस् अथवा सिम कार्ड वाहकसंग सम्पर्क राख्नुहोस्।"],"many":["यस सिम कार्ड सधैका लागि नचल्नु अघि तपाईसंग ठिक कोड प्रविष्ट गर्न ",{"t":"idOrVar","v":"n"}," कोसिस बाँकी छन्। थप जानकारीका लागि तपाईको सिम कार्ड कागजात हेर्नुहोस् अथवा सिम कार्ड वाहकसंग सम्पर्क राख्नुहोस्।"],"other":["यस सिम कार्ड सधैका लागि नचल्नु अघि तपाईसंग ठिक कोड प्रविष्ट गर्न ",{"t":"idOrVar","v":"n"}," कोसिस बाँकी छन्। थप जानकारीका लागि तपाईको सिम कार्ड कागजात हेर्नुहोस् अथवा सिम कार्ड वाहकसंग सम्पर्क राख्नुहोस्।"]},"$x":[{"t":"idOrVar","v":"plural"},"n"]},{"$i":"pukLastChanceMsg","$v":"ठिक PUK कोड प्रविष्ट गर्न यो अन्तिम मौका हो | तपाईले गलत PUK कोड प्रविष्ट गरेमा तपाईको यस सिम कार्ड सधैका लागि चल्दैन | थप जानकारीका लागि तपाईको सिम कार्ड कागजात हेर्नुहोस् अथवा सिम कार्ड वाहकसंग सम्पर्क राख्नुहोस् |"},{"$i":"newSimPinMsg","$v":"PIN सृजना गर्नुहोस् (४ देखि ८ वटा अङ्कहरु हुनु पर्दछ)"},{"$i":"confirmNewSimPinMsg","$v":"नयाँ PIN को पुष्टि गर्नुहोस्"},{"$i":"newPinErrorMsg","$v":"PIN हरु मिल्दैनन्।"},{"$i":"nckErrorMsg","$v":"NCK कोड गलत छ।"},{"$i":"nckAttemptMsg2","$v":{"one":"सञ्जाल निजीकरण नगर्ने अनुरोध असफल। तपाईँसँग ठिक कोड प्रविष्ट गर्न एउटा कोसिस बाँकी छ। थप जानकारीका लागि आफ्नो यन्त्रको कागजत हेर्नुहोस् वा तपाईँको यन्त्र वाहकसँग सम्पर्क राख्नुहोस्।","two":["व्यक्तिगत अपहिचान सञ्जाल अनुरोध असफल। तपाईसंग ठिक कोड प्रविष्ट गर्न ",{"t":"idOrVar","v":"n"}," कोसिस बाँकी छन्। थप जानकारीका लागि आफ्नो यन्त्रको कागजत हेर्नुहोस् वा तपाईको यन्त्र वाहकसंग सम्पर्क राख्नुहोस्।"],"few":["व्यक्तिगत अपहिचान सञ्जाल अनुरोध असफल। तपाईसंग ठिक कोड प्रविष्ट गर्न ",{"t":"idOrVar","v":"n"}," कोसिस बाँकी छन्। थप जानकारीका लागि आफ्नो यन्त्रको कागजत हेर्नुहोस् वा तपाईको यन्त्र वाहकसंग सम्पर्क राख्नुहोस्।"],"many":["व्यक्तिगत अपहिचान सञ्जाल अनुरोध असफल। तपाईसंग ठिक कोड प्रविष्ट गर्न ",{"t":"idOrVar","v":"n"}," कोसिस बाँकी छन्। थप जानकारीका लागि आफ्नो यन्त्रको कागजत हेर्नुहोस् वा तपाईको यन्त्र वाहकसंग सम्पर्क राख्नुहोस्।"],"other":["व्यक्तिगत अपहिचान सञ्जाल अनुरोध असफल। तपाईसंग ठिक कोड प्रविष्ट गर्न ",{"t":"idOrVar","v":"n"}," कोसिस बाँकी छन्। थप जानकारीका लागि आफ्नो यन्त्रको कागजत हेर्नुहोस् वा तपाईको यन्त्र वाहकसंग सम्पर्क राख्नुहोस्।"]},"$x":[{"t":"idOrVar","v":"plural"},"n"]},{"$i":"nckLastChanceMsg","$v":"वेक्तिगत अपहिचान सञ्जाल अनुरोध असफल | ठिक NCK कोड प्रविष्ट गर्ने अन्तिम मौका | थप जानकारीका लागि आफ्नो यन्त्रको कागजत हेर्नुहोस् वा तपाईको यन्त्र वाहकसंग सम्पर्क राख्नुहोस् |"},{"$i":"activity-pick","$v":"यहादेखि चयन गर:"},{"$i":"activity-view","$v":"यससँग अवोलोकन गर्ने:"},{"$i":"activity-test","$v":"यससँग जाँच्ने:"},{"$i":"activity-share","$v":"यससँग बाँड्ने:"},{"$i":"activity-new","$v":"यससँग सृजना गर्ने :"},{"$i":"activity-open","$v":"योसँग खोल्ने:"},{"$i":"activity-save-bookmark","$v":"यहाँ पुस्तकचिनो:"},{"$i":"activity-record","$v":"यहाँदेखि रेकर्ड:"},{"$i":"activity-browse","$v":"यससँग हेर्ने:"},{"$i":"activity-configure","$v":"यससँग कन्फिगर गर्ने:"},{"$i":"activity-dial","$v":"यहाँदेखि डायल:"},{"$i":"persona-signin","$v":"साइन इन"},{"$i":"payment-flow","$v":"खरीद गर्नुहोस्"},{"$i":"remoteDebuggerPromptUSB","$v":"Allow USB debugging connection?"},{"$i":"remoteDebuggerPromptTCP","$v":["Allow remote debugging connection from ",{"t":"idOrVar","v":"host"},":",{"t":"idOrVar","v":"port"},"?"]},{"$i":"devtools-auth-scan2","$v":"Scanning for the QR code displayed on your other device…"},{"$i":"fullscreen-request","$v":[{"t":"idOrVar","v":"origin"}," अब पूर्ण पर्दा भयो |"]},{"$i":"captive-wifi-available","$v":[{"t":"idOrVar","v":"networkName"}," भन्ने सञ्जाल भेटियो। सञ्जालसँग जोड्न चाहानुहुन्छ?"]},{"$i":"ceWarningtitle","$v":"भोल्युम सवधान"},{"$i":"ceWarningcontent","$v":"संभवत सुनवाई नष्ट नगुनबाट रोकनका लागी, लामो समयसम्म उच्च भोल्युमको स्तरमा नसुन्नहोला।"},{"$i":"notification-powersaving-mode-on-title","$v":"शक्ति बचत शैली"},{"$i":"notification-powersaving-mode-on-description","$v":"शक्ति बचत शैली चालू छ।"},{"$i":"low-device-storage","$v":"यन्त्रको खाली स्थान थोरै छ।\\n"},{"$i":"free-space","$v":{"zero":"कुनै पनि खाली स्थान बाकि छैन।","one":[{"t":"idOrVar","v":"value"}," ",{"t":"idOrVar","v":"unit"}," भन्दा कम बाँकि।"],"two":[{"t":"idOrVar","v":"value"}," ",{"t":"idOrVar","v":"unit"}," भन्दा कम बाँकि।"],"few":[{"t":"idOrVar","v":"value"}," ",{"t":"idOrVar","v":"unit"}," भन्दा कम बाँकि।"],"many":[{"t":"idOrVar","v":"value"}," ",{"t":"idOrVar","v":"unit"}," भन्दा कम बांकी छ।"],"other":[{"t":"idOrVar","v":"value"}," ",{"t":"idOrVar","v":"unit"}," भन्दा कम बांकी छ।"]},"$x":[{"t":"idOrVar","v":"plural"},"value"]},{"$i":"unknown-free-space","$v":"अज्ञात खाली स्थान।"},{"$i":"system-alert","$v":"प्रणाली सतर्कता"},{"$i":"cb-channel","$v":["माध्यम ",{"t":"idOrVar","v":"channel"}]},{"$i":"cb-etws-warningType-earthquake","$v":"Earthquake warning!"},{"$i":"cb-etws-warningType-tsunami","$v":"Tsunami warning!"},{"$i":"cb-etws-warningType-earthquake-tsunami","$v":"Earthquake-tsunami warning!"},{"$i":"cb-etws-warningType-test","$v":"Alert system is being tested."},{"$i":"cb-etws-warningType-other","$v":"Emergency warning!"},{"$i":"icc-message-maintitle","$v":"सञ्चालक सन्देश"},{"$i":"icc-message-subtitle","$v":["SIM ",{"t":"idOrVar","v":"id"}]},{"$i":"icc-confirmCall-defaultmessage","$v":["कल ",{"t":"idOrVar","v":"number"},"?"]},{"$i":"icc-alertMessage-send-ss","$v":"Send SS"},{"$i":"icc-alertMessage-send-ussd","$v":"Send USSD"},{"$i":"icc-alertMessage-send-sms","$v":"Send SMS"},{"$i":"icc-confirmMessage-defaultmessage","$v":"सन्देश पठाउनुहोस्?"},{"$i":"icc-inputbox-maintitle","$v":"STK क्वेरी"},{"$i":"icc-inputbox-subtitle","$v":["SIM ",{"t":"idOrVar","v":"id"}]},{"$i":"emergency-callback-mode","$v":"आपतकालीन कल फिर्ता गर्ने शैली"},{"$i":"emergency-callback-message","$v":"तपाईंले कल गर्न, सन्देश पठाउन अथवा अनलाइन जान सक्नुहुन्न किनभने आकसमिक कलब्याक मोड सक्षम परिएको छैन । के तपाईं यसलाई बन्द गर्न चाहनुहुन्छ ?"},{"$i":"cdma-record-info","$v":"सि डी एम् ए रेकर्ड सूचना"},{"$i":"ime-switching-title","$v":[{"t":"idOrVar","v":"appName"},": ",{"t":"idOrVar","v":"name"}]},{"$i":"ime-switching-tip","$v":"प्रणाली बदल्न थिच्नुहोस"},{"$i":"shrinking-tip","$v":"साझेदारी गर्नका लागि स्वाइप गर्नुहोस्"},{"$i":"download_started","$v":"डाउनलोड सुरु गरियो"},{"$i":"download_stopped","$v":"डाउनलोड रोकियो"},{"$i":"download_downloading","$v":"Downloading…"},{"$i":"download_succeeded","$v":"डाउनलोड समाप्त"},{"$i":"download_failed","$v":"डाउनलोड असफल भयो"},{"$i":"download_text_by_default","$v":[{"t":"idOrVar","v":"name"}]},{"$i":"download_downloading_text_2","$v":[{"t":"idOrVar","v":"percentage"},"%-",{"t":"idOrVar","v":"name"}]},{"$i":"search-the-web","$v":"Search the web"},{"$i":"search-or-enter-address","$v":"Search or enter address","placeholder":"Search or enter address"},{"$i":"back-button","ariaLabel":"Back"},{"$i":"forward-button","ariaLabel":"Forward"},{"$i":"reload-button","ariaLabel":"Reload"},{"$i":"stop-button","ariaLabel":"Stop"},{"$i":"windows-button","ariaLabel":"Show windows"},{"$i":"noHotspotWhenAPMisOnWifiHotspot","$v":"Turn off airplane mode to use Wi-Fi hotspot."},{"$i":"apmActivated","$v":"Airplane mode activated"},{"$i":"open-in-new-window","$v":"Open in new window"},{"$i":"open-in-new-private-window","$v":"Open in new private window"},{"$i":"add-link-to-home-screen","$v":"Add link to home screen"},{"$i":"share-link","$v":"Share link"},{"$i":"save-image","$v":"Save Image"},{"$i":"save-video","$v":"Save Video"},{"$i":"save-audio","$v":"Save Audio"},{"$i":"save-link","$v":"Save linked file"},{"$i":"share-image","$v":"Share Image"},{"$i":"share-video","$v":"Share Video"},{"$i":"share-audio","$v":"Share Audio"},{"$i":"private-window","$v":"Private Window"},{"$i":"private-browser-title","$v":"You’re browsing privately"},{"$i":"private-window-detail1","$v":"The browser won’t keep any browser history, cookies, or temporary Internet files."},{"$i":"private-window-detail2","$v":"While this device won’t have a record of your browsing history, your Internet service provider can still track the pages you visit."},{"$i":"okCharsLeft","$v":["OK (",{"t":"idOrVar","v":"n"},")"]},{"$i":"network-error-in-app","$v":"No access to the Internet right now."},{"$i":"network-error-launching","$v":[{"t":"idOrVar","v":"name"}," requires an Internet connection."]},{"$i":"server-not-found","$v":"सर्भर फेला परेन"},{"$i":"server-not-found-error","$v":[{"t":"idOrVar","v":"name"}," मा सर्भर फेला परेन"]},{"$i":"file-not-found","$v":"फाइल फेला परेन"},{"$i":"file-not-found-error","$v":"The device can’t display this page because the file cannot be found."},{"$i":"connection-failed","$v":"जडान गर्न असक्षम"},{"$i":"connection-failed-error","$v":"A network error occurred while trying to reach the site."},{"$i":"invalid-connection","$v":"जडान गर्न असक्षम"},{"$i":"invalid-connection-error","$v":"A network error occurred while trying to reach the site."},{"$i":"malformed-uri","$v":"URL not valid"},{"$i":"malformed-uri-error","$v":"The URL entered is not valid and cannot be loaded."},{"$i":"redirect-loop","$v":"Can’t display page"},{"$i":"redirect-loop-error","$v":"The device can’t display this page because the page is not redirecting properly. Try this page again at a later time."},{"$i":"not-cached","$v":"Page expired"},{"$i":"not-cached-error","$v":"As a security precaution, this page cannot be displayed by the device because it has expired."},{"$i":"is-printing-error","$v":"The document cannot change while Printing or in Print Preview."},{"$i":"denied-port-access","$v":"This address is restricted"},{"$i":"denied-port-access-error","$v":"This address uses a network port which is normally used for purposes other than Web browsing. The device has cancelled the request for your protection."},{"$i":"proxy-resolve-failure","$v":"Proxy Server Error"},{"$i":"proxy-resolve-failure-error","$v":"The device is configured to use a proxy server that can’t be found."},{"$i":"proxy-connect-failure","$v":"Proxy Server Error"},{"$i":"proxy-connect-failure-error","$v":"The device is configured to use a proxy server that is refusing connections."},{"$i":"content-encoding","$v":"Can’t display page"},{"$i":"content-encoding-error","$v":"The device can’t display this page because a content encoding error occurred."},{"$i":"remote-xul","$v":"Page unsupported"},{"$i":"remote-xul-error","$v":"This page can’t be displayed because it uses a technology that is not supported on the device."},{"$i":"phishing-blocked","$v":"चेतावनी"},{"$i":"phishing-blocked-error","$v":"The website has been reported as a web forgery designed to trick users into sharing personal or financial information."},{"$i":"malware-blocked","$v":"Malware attack blocked"},{"$i":"malware-blocked-error","$v":"The site at has been reported as an attack site and has been blocked."},{"$i":"unsafe-content-type","$v":"Unsafe content"},{"$i":"unsafe-content-type-error","$v":"The page cannot be shown because it may not be safe to open."},{"$i":"corrupted-content","$v":"Can’t display page"},{"$i":"corrupted-content-error","$v":"The page cannot be shown because an error in the data transmission was detected."},{"$i":"try-again","$v":"पुन: प्रयास गर्नुहोस्"},{"$i":"check-settings","$v":"Check settings"},{"$i":"accessibility-enableScreenReaderSteps","$v":"To enable screen reader, press volume up then volume down buttons three more times"},{"$i":"accessibility-disableScreenReaderSteps","$v":"To disable screen reader, press volume up then volume down buttons three more times"},{"$i":"accessibility-screenReaderStarted","$v":"Screen reader started"},{"$i":"accessibility-screenReaderStopped","$v":"Screen reader stopped"},{"$i":"accessibility-menubar","$v":"menu bar"},{"$i":"accessibility-scrollbar","$v":"scroll bar"},{"$i":"accessibility-grip","$v":"grip"},{"$i":"accessibility-alert","$v":"alert"},{"$i":"accessibility-menupopup","$v":"menu popup"},{"$i":"accessibility-document","$v":"कागजात"},{"$i":"accessibility-pane","$v":"pane"},{"$i":"accessibility-dialog","$v":"संवाद"},{"$i":"accessibility-separator","$v":"विभाजक"},{"$i":"accessibility-toolbar","$v":"उपकरणपट्टी"},{"$i":"accessibility-statusbar","$v":"वस्तुस्थिति पट्टी"},{"$i":"accessibility-table","$v":"तालिका"},{"$i":"accessibility-columnheader","$v":"स्तम्भ हेडर"},{"$i":"accessibility-rowheader","$v":"पङ्क्ति हेडर"},{"$i":"accessibility-column","$v":"column"},{"$i":"accessibility-row","$v":"row"},{"$i":"accessibility-cell","$v":"cell"},{"$i":"accessibility-link","$v":"link"},{"$i":"accessibility-list","$v":"list"},{"$i":"accessibility-listitem","$v":"list item"},{"$i":"accessibility-outline","$v":"outline"},{"$i":"accessibility-outlineitem","$v":"वस्तुको बाह्यरेखा"},{"$i":"accessibility-pagetab","$v":"ट्याब"},{"$i":"accessibility-propertypage","$v":"गुण पृष्ठ"},{"$i":"accessibility-graphic","$v":"ग्राफिक"},{"$i":"accessibility-pushbutton","$v":"बटन"},{"$i":"accessibility-checkbutton","$v":"ठीकचिन्ह बटन"},{"$i":"accessibility-radiobutton","$v":"रेडियो बटन"},{"$i":"accessibility-combobox","$v":"कम्बो बाकस"},{"$i":"accessibility-progressbar","$v":"प्रगति पट्टी"},{"$i":"accessibility-slider","$v":"slider"},{"$i":"accessibility-spinbutton","$v":"spin button"},{"$i":"accessibility-diagram","$v":"diagram"},{"$i":"accessibility-animation","$v":"animation"},{"$i":"accessibility-equation","$v":"equation"},{"$i":"accessibility-buttonmenu","$v":"button menu"},{"$i":"accessibility-whitespace","$v":"white space"},{"$i":"accessibility-pagetablist","$v":"tab list"},{"$i":"accessibility-canvas","$v":"क्यानभास"},{"$i":"accessibility-checkmenuitem","$v":"मेनु वस्तु जाँच्नुहोस्"},{"$i":"accessibility-label","$v":"लेबल"},{"$i":"accessibility-passwordtext","$v":"password text"},{"$i":"accessibility-radiomenuitem","$v":"रेडियो मेनु वस्तु"},{"$i":"accessibility-textcontainer","$v":"text container"},{"$i":"accessibility-togglebutton","$v":"टगल बटन"},{"$i":"accessibility-treetable","$v":"ट्रि तालिका"},{"$i":"accessibility-header","$v":"हेडर"},{"$i":"accessibility-footer","$v":"footer"},{"$i":"accessibility-paragraph","$v":"paragraph"},{"$i":"accessibility-entry","$v":"entry"},{"$i":"accessibility-caption","$v":"caption"},{"$i":"accessibility-heading","$v":"heading"},{"$i":"accessibility-section","$v":"section"},{"$i":"accessibility-form","$v":"form"},{"$i":"accessibility-comboboxlist","$v":"combo box list"},{"$i":"accessibility-comboboxoption","$v":"combo box option"},{"$i":"accessibility-imagemap","$v":"छवि मानचित्र"},{"$i":"accessibility-listboxoption","$v":"विकल्प"},{"$i":"accessibility-listbox","$v":"सूची बाकस"},{"$i":"accessibility-flatequation","$v":"flat equation"},{"$i":"accessibility-gridcell","$v":"ग्रिडसेल"},{"$i":"accessibility-note","$v":"द्रष्टव्य"},{"$i":"accessibility-figure","$v":"स्वरूप"},{"$i":"accessibility-definitionlist","$v":"परिभाषा सूची"},{"$i":"accessibility-term","$v":"term"},{"$i":"accessibility-definition","$v":"definition"},{"$i":"accessibility-textarea","$v":"text area"},{"$i":"accessibility-textInputType_date","$v":"date"},{"$i":"accessibility-textInputType_email","$v":"e-mail"},{"$i":"accessibility-textInputType_search","$v":"search"},{"$i":"accessibility-textInputType_tel","$v":"telephone"},{"$i":"accessibility-textInputType_url","$v":"URL"},{"$i":"accessibility-headingLevel","$v":["शीर्षक स्तर ",{"t":"idOrVar","v":"0"}]},{"$i":"accessibility-listStart","$v":"पहिलो वस्तु"},{"$i":"accessibility-listEnd","$v":"अन्तिम वस्तु"},{"$i":"accessibility-listItemsCount","$v":{"zero":[{"t":"idOrVar","v":"count"}," वस्तुहरु"],"one":[{"t":"idOrVar","v":"count"}," वस्तु"],"two":[{"t":"idOrVar","v":"count"}," वस्तुहरु"],"few":[{"t":"idOrVar","v":"count"}," वस्तुहरु"],"many":[{"t":"idOrVar","v":"count"}," वस्तुहरु"]},"$x":[{"t":"idOrVar","v":"plural"},"count"]},{"$i":"accessibility-objItemOfN","$v":[{"t":"idOrVar","v":"0"}," of ",{"t":"idOrVar","v":"1"}]},{"$i":"accessibility-banner","$v":"banner"},{"$i":"accessibility-complementary","$v":"complementary"},{"$i":"accessibility-contentinfo","$v":"content info"},{"$i":"accessibility-main","$v":"main"},{"$i":"accessibility-navigation","$v":"navigation"},{"$i":"accessibility-search","$v":"खोजी"},{"$i":"accessibility-tblColumnInfo","$v":{"zero":[{"t":"idOrVar","v":"count"}," स्तम्भहरु सहित"],"one":[{"t":"idOrVar","v":"count"}," स्तम्भ सहित"],"two":[{"t":"idOrVar","v":"count"}," स्तम्भहरु सहित"],"few":[{"t":"idOrVar","v":"count"}," स्तम्भहरु सहित"],"many":[{"t":"idOrVar","v":"count"}," स्तम्भहरु सहित"],"other":[{"t":"idOrVar","v":"count"}," स्तम्भहरु सहित"]},"$x":[{"t":"idOrVar","v":"plural"},"count"]},{"$i":"accessibility-tblRowInfo","$v":{"zero":["and ",{"t":"idOrVar","v":"count"}," rows"],"one":["and ",{"t":"idOrVar","v":"count"}," row"],"two":["and ",{"t":"idOrVar","v":"count"}," rows"],"few":["and ",{"t":"idOrVar","v":"count"}," rows"],"many":["and ",{"t":"idOrVar","v":"count"}," rows"],"other":["and ",{"t":"idOrVar","v":"count"}," rows"]},"$x":[{"t":"idOrVar","v":"plural"},"count"]},{"$i":"accessibility-columnInfo","$v":["Column ",{"t":"idOrVar","v":"0"}]},{"$i":"accessibility-rowInfo","$v":["Row ",{"t":"idOrVar","v":"0"}]},{"$i":"accessibility-spansColumns","$v":{"zero":["spans ",{"t":"idOrVar","v":"0"}," columns"],"one":["spans ",{"t":"idOrVar","v":"0"}," column"],"two":["spans ",{"t":"idOrVar","v":"0"}," columns"],"few":["spans ",{"t":"idOrVar","v":"0"}," columns"],"many":["spans ",{"t":"idOrVar","v":"0"}," columns"],"other":["spans ",{"t":"idOrVar","v":"0"}," columns"]},"$x":[{"t":"idOrVar","v":"plural"},"0"]},{"$i":"accessibility-spansRows","$v":{"zero":["spans ",{"t":"idOrVar","v":"0"}," rows"],"one":["spans ",{"t":"idOrVar","v":"0"}," row"],"two":["spans ",{"t":"idOrVar","v":"0"}," rows"],"few":["spans ",{"t":"idOrVar","v":"0"}," rows"],"many":["spans ",{"t":"idOrVar","v":"0"}," rows"],"other":["spans ",{"t":"idOrVar","v":"0"}," rows"]},"$x":[{"t":"idOrVar","v":"plural"},"0"]},{"$i":"accessibility-jumpAction","$v":"jumped"},{"$i":"accessibility-pressAction","$v":"pressed"},{"$i":"accessibility-checkAction","$v":"checked"},{"$i":"accessibility-uncheckAction","$v":"unchecked"},{"$i":"accessibility-selectAction","$v":"चयन गरिएको"},{"$i":"accessibility-unselectAction","$v":"चयन नगरिएको"},{"$i":"accessibility-openAction","$v":"खोलिएको"},{"$i":"accessibility-closeAction","$v":"बन्द गरिएको"},{"$i":"accessibility-switchAction","$v":"बदलिएको"},{"$i":"accessibility-clickAction","$v":"क्लिक गरिएको"},{"$i":"accessibility-collapseAction","$v":"साँगुरिएको"},{"$i":"accessibility-expandAction","$v":"विस्तारित"},{"$i":"accessibility-activateAction","$v":"सक्रिय पारिएको"},{"$i":"accessibility-cycleAction","$v":"cycled"},{"$i":"accessibility-hidden","$v":"लुकाइएको"},{"$i":"accessibility-tabLoading","$v":"लोड हुँदैछ"},{"$i":"accessibility-tabLoaded","$v":"लोड गरियो"},{"$i":"accessibility-tabNew","$v":"नयाँ ट्याब"},{"$i":"accessibility-tabLoadStopped","$v":"लोड हुन बन्द भयो"},{"$i":"accessibility-tabReload","$v":"पुन: लोड हुँदै"},{"$i":"accessibility-stateChecked","$v":"चयन गरिएको"},{"$i":"accessibility-stateNotChecked","$v":"चयन नगरिएको"},{"$i":"accessibility-statePressed","$v":"थिचिएको"},{"$i":"accessibility-stateExpanded","$v":"expanded"},{"$i":"accessibility-stateCollapsed","$v":"collapsed"},{"$i":"accessibility-stateUnavailable","$v":"unavailable"},{"$i":"accessibility-stateRequired","$v":"required"},{"$i":"accessibility-stateTraversed","$v":"visited"},{"$i":"accessibility-stateHasPopup","$v":"has pop up"},{"$i":"accessibility-stateSelected","$v":"selected"},{"$i":"accessibility-editingMode","$v":"editing"},{"$i":"accessibility-navigationMode","$v":"navigating"},{"$i":"accessibility-quicknav_Simple","$v":"पूर्वनिर्धारित"},{"$i":"accessibility-quicknav_Anchor","$v":"एङ्करहरु"},{"$i":"accessibility-quicknav_Button","$v":"बटनहरू"},{"$i":"accessibility-quicknav_Combobox","$v":"कम्बो बाकसहरू"},{"$i":"accessibility-quicknav_Landmark","$v":"स्थलचिह्नहरु"},{"$i":"accessibility-quicknav_Entry","$v":"प्रविष्टिहरू"},{"$i":"accessibility-quicknav_FormElement","$v":"फाराम तत्वहरू"},{"$i":"accessibility-quicknav_Graphic","$v":"चित्रहरु"},{"$i":"accessibility-quicknav_Heading","$v":"शिर्षकहरू"},{"$i":"accessibility-quicknav_ListItem","$v":"List items"},{"$i":"accessibility-quicknav_Link","$v":"Links"},{"$i":"accessibility-quicknav_List","$v":"Lists"},{"$i":"accessibility-quicknav_PageTab","$v":"Page tabs"},{"$i":"accessibility-quicknav_RadioButton","$v":"Radio buttons"},{"$i":"accessibility-quicknav_Separator","$v":"Separators"},{"$i":"accessibility-quicknav_Table","$v":"Tables"},{"$i":"accessibility-quicknav_Checkbox","$v":"Check boxes"},{"$i":"accessibility-menubarAbbr","$v":"menu bar"},{"$i":"accessibility-scrollbarAbbr","$v":"स्क्रोल पट्टी"},{"$i":"accessibility-gripAbbr","$v":"पकड"},{"$i":"accessibility-alertAbbr","$v":"सतर्कता"},{"$i":"accessibility-menupopupAbbr","$v":"मेनु पपअप"},{"$i":"accessibility-documentAbbr","$v":"कागजात"},{"$i":"accessibility-paneAbbr","$v":"pane"},{"$i":"accessibility-dialogAbbr","$v":"संवाद"},{"$i":"accessibility-separatorAbbr","$v":"विभाजक"},{"$i":"accessibility-toolbarAbbr","$v":"उपकरणपट्टी"},{"$i":"accessibility-statusbarAbbr","$v":"status bar"},{"$i":"accessibility-tableAbbr","$v":"tbl"},{"$i":"accessibility-columnheaderAbbr","$v":"column header"},{"$i":"accessibility-rowheaderAbbr","$v":"row header"},{"$i":"accessibility-columnAbbr","$v":"column"},{"$i":"accessibility-rowAbbr","$v":"row"},{"$i":"accessibility-cellAbbr","$v":"cell"},{"$i":"accessibility-linkAbbr","$v":"lnk"},{"$i":"accessibility-listAbbr","$v":"list"},{"$i":"accessibility-listitemAbbr","$v":"वस्तु सूची"},{"$i":"accessibility-outlineAbbr","$v":"बाह्यरेखा"},{"$i":"accessibility-outlineitemAbbr","$v":"वस्तुको बाह्यरेखा"},{"$i":"accessibility-pagetabAbbr","$v":"ट्याब"},{"$i":"accessibility-propertypageAbbr","$v":"गुण पृष्ठ"},{"$i":"accessibility-graphicAbbr","$v":"ग्राफिक"},{"$i":"accessibility-pushbuttonAbbr","$v":"btn"},{"$i":"accessibility-checkbuttonAbbr","$v":"ठीकचिन्ह बटन"},{"$i":"accessibility-radiobuttonAbbr","$v":"रेडियो बटन"},{"$i":"accessibility-comboboxAbbr","$v":"combo box"},{"$i":"accessibility-progressbarAbbr","$v":"progress bar"},{"$i":"accessibility-sliderAbbr","$v":"slider"},{"$i":"accessibility-spinbuttonAbbr","$v":"spin button"},{"$i":"accessibility-diagramAbbr","$v":"diagram"},{"$i":"accessibility-animationAbbr","$v":"animation"},{"$i":"accessibility-equationAbbr","$v":"equation"},{"$i":"accessibility-buttonmenuAbbr","$v":"button menu"},{"$i":"accessibility-whitespaceAbbr","$v":"white space"},{"$i":"accessibility-pagetablistAbbr","$v":"ट्याब सूची"},{"$i":"accessibility-canvasAbbr","$v":"क्यानभास"},{"$i":"accessibility-checkmenuitemAbbr","$v":"मेनु वस्तु जाँच्नुहोस्"},{"$i":"accessibility-labelAbbr","$v":"लेबल"},{"$i":"accessibility-passwordtextAbbr","$v":"passwdtxt"},{"$i":"accessibility-radiomenuitemAbbr","$v":"रेडियो मेनु वस्तु"},{"$i":"accessibility-textcontainerAbbr","$v":"text container"},{"$i":"accessibility-togglebuttonAbbr","$v":"टगल बटन"},{"$i":"accessibility-treetableAbbr","$v":"tree table"},{"$i":"accessibility-headerAbbr","$v":"header"},{"$i":"accessibility-footerAbbr","$v":"footer"},{"$i":"accessibility-paragraphAbbr","$v":"paragraph"},{"$i":"accessibility-entryAbbr","$v":"entry"},{"$i":"accessibility-captionAbbr","$v":"caption"},{"$i":"accessibility-headingAbbr","$v":"heading"},{"$i":"accessibility-sectionAbbr","$v":"खण्ड"},{"$i":"accessibility-formAbbr","$v":"फारम"},{"$i":"accessibility-comboboxlistAbbr","$v":"कम्बो बाकस सूची"},{"$i":"accessibility-comboboxoptionAbbr","$v":"कम्बो बाकस विकल्प"},{"$i":"accessibility-imagemapAbbr","$v":"imgmap"},{"$i":"accessibility-listboxoptionAbbr","$v":"विकल्प"},{"$i":"accessibility-listboxAbbr","$v":"सूची बाकस"},{"$i":"accessibility-flatequationAbbr","$v":"flat equation"},{"$i":"accessibility-gridcellAbbr","$v":"gridcell"},{"$i":"accessibility-noteAbbr","$v":"note"},{"$i":"accessibility-figureAbbr","$v":"fig"},{"$i":"accessibility-definitionlistAbbr","$v":"definition list"},{"$i":"accessibility-termAbbr","$v":"term"},{"$i":"accessibility-definitionAbbr","$v":"definition"},{"$i":"accessibility-textareaAbbr","$v":"txtarea"},{"$i":"accessibility-tblColumnInfoAbbr","$v":{"one":[{"t":"idOrVar","v":"count"},"c"],"two":[{"t":"idOrVar","v":"count"},"c"],"few":[{"t":"idOrVar","v":"count"},"c"],"many":[{"t":"idOrVar","v":"count"},"c"],"other":[{"t":"idOrVar","v":"count"},"c"]},"$x":[{"t":"idOrVar","v":"plural"},"count"]},{"$i":"accessibility-tblRowInfoAbbr","$v":{"one":[{"t":"idOrVar","v":"count"},"r"],"two":[{"t":"idOrVar","v":"count"},"r"],"few":[{"t":"idOrVar","v":"count"},"r"]},"$x":[{"t":"idOrVar","v":"plural"},"count"]},{"$i":"accessibility-cellInfoAbbr","$v":["c",{"t":"idOrVar","v":"0"},"r",{"t":"idOrVar","v":"1"}]},{"$i":"accessibility-stateCheckedAbbr","$v":"(x)"},{"$i":"accessibility-stateUncheckedAbbr","$v":"( )"},{"$i":"accessibility-statePressedAbbr","$v":"(x)"},{"$i":"accessibility-stateUnpressedAbbr","$v":"( )"},{"$i":"accessibility-pushbutton-hint","$v":"Double tap to activate"},{"$i":"accessibility-checkbutton-hint","$v":"Double tap to activate"},{"$i":"accessibility-combobox-hint","$v":"Double tap to activate"},{"$i":"accessibility-key-hint","$v":"Prese and hold to activate"},{"$i":"accessibility-link-hint","$v":"Double tap to activate"},{"$i":"accessibility-menuitem-hint","$v":"Double tap to activate"},{"$i":"accessibility-option-hint","$v":"Double tap to activate"},{"$i":"accessibility-radiobutton-hint","$v":"Double tap to activate"},{"$i":"accessibility-slider-hint","$v":"Swipe up to increase or down to decrease"},{"$i":"accessibility-spinbutton-hint","$v":"Swipe up to increase or down to decrease"},{"$i":"accessibility-pagetab-hint","$v":"Double tap to activate"},{"$i":"accessibility-entry-hint","$v":"Double tap to activate"},{"$i":"accessibility-outlineitem-hint","$v":"Double tap to activate"},{"$i":"weekday-0-long","$v":"आइतबार"},{"$i":"weekday-1-long","$v":"सोमबार"},{"$i":"weekday-2-long","$v":"मंगलबार"},{"$i":"weekday-3-long","$v":"बुधबार"},{"$i":"weekday-4-long","$v":"बिहिबार"},{"$i":"weekday-5-long","$v":"शुक्रबार"},{"$i":"weekday-6-long","$v":"शनिबार"},{"$i":"weekday-0-short","$v":"आइत"},{"$i":"weekday-1-short","$v":"सोम"},{"$i":"weekday-2-short","$v":"मङ्गल"},{"$i":"weekday-3-short","$v":"बुध"},{"$i":"weekday-4-short","$v":"बिहि"},{"$i":"weekday-5-short","$v":"शुक्र"},{"$i":"weekday-6-short","$v":"शनि"},{"$i":"month-0-long","$v":"जनवरी"},{"$i":"month-1-long","$v":"फेब्रुअरी"},{"$i":"month-2-long","$v":"ंमार्च"},{"$i":"month-3-long","$v":"अप्रिल"},{"$i":"month-4-long","$v":"मे"},{"$i":"month-5-long","$v":"जुन"},{"$i":"month-6-long","$v":"जुलाई"},{"$i":"month-7-long","$v":"अगस्ट"},{"$i":"month-8-long","$v":"सेप्टेम्बर"},{"$i":"month-9-long","$v":"अक्टोबर"},{"$i":"month-10-long","$v":"नोभेम्बर"},{"$i":"month-11-long","$v":"डिसेम्बर"},{"$i":"month-0-genitive","$v":"जनवरी"},{"$i":"month-1-genitive","$v":"फेब्रुअरी"},{"$i":"month-2-genitive","$v":"ंमार्च"},{"$i":"month-3-genitive","$v":"अप्रिल"},{"$i":"month-4-genitive","$v":"मे"},{"$i":"month-5-genitive","$v":"जुन"},{"$i":"month-6-genitive","$v":"जुलाई"},{"$i":"month-7-genitive","$v":"अगस्ट"},{"$i":"month-8-genitive","$v":"सेप्टेम्बर"},{"$i":"month-9-genitive","$v":"अक्टोबर"},{"$i":"month-10-genitive","$v":"नोभेम्बर"},{"$i":"month-11-genitive","$v":"डिसेम्बर"},{"$i":"month-0-short","$v":"जन"},{"$i":"month-1-short","$v":"फेब"},{"$i":"month-2-short","$v":"मार्च"},{"$i":"month-3-short","$v":"अप्रिल"},{"$i":"month-4-short","$v":"मे"},{"$i":"month-5-short","$v":"जुन"},{"$i":"month-6-short","$v":"जुलाई"},{"$i":"month-7-short","$v":"अगस्ट"},{"$i":"month-8-short","$v":"सेप्टेम्वर"},{"$i":"month-9-short","$v":"अक्टुवर"},{"$i":"month-10-short","$v":"नोभेम्वर"},{"$i":"month-11-short","$v":"डिसेम्वर"},{"$i":"minutes-ago-long","$v":{"zero":"भर्खरै","one":"एक मिनेट अगाडि","two":[{"t":"idOrVar","v":"value"}," मिनेट अगाडि"],"few":[{"t":"idOrVar","v":"value"}," मिनेट अगाडि"],"many":[{"t":"idOrVar","v":"value"}," मिनेट अगाडि"],"other":[{"t":"idOrVar","v":"value"}," मिनेट अगाडि"]},"$x":[{"t":"idOrVar","v":"plural"},"value"]},{"$i":"hours-ago-long","$v":{"zero":"भर्खरै","one":"एक घन्टा अगाडि","two":[{"t":"idOrVar","v":"value"}," घण्टा अगाडि"],"few":[{"t":"idOrVar","v":"value"}," घण्टा अगाडि"],"many":[{"t":"idOrVar","v":"value"}," घण्टा अगाडि"],"other":[{"t":"idOrVar","v":"value"}," घण्टा अगाडि"]},"$x":[{"t":"idOrVar","v":"plural"},"value"]},{"$i":"days-ago-long","$v":{"zero":"आज","one":"हिजो","two":[{"t":"idOrVar","v":"value"}," दिन अगाडि"],"few":[{"t":"idOrVar","v":"value"}," दिन अगाडि"],"many":[{"t":"idOrVar","v":"value"}," दिन अगाडि"],"other":[{"t":"idOrVar","v":"value"}," दिन अगाडि"]},"$x":[{"t":"idOrVar","v":"plural"},"value"]},{"$i":"weeks-ago-long","$v":{"zero":"यो हप्ता","one":"गएको हप्ता","two":[{"t":"idOrVar","v":"value"}," हप्ता अगाडि"],"few":[{"t":"idOrVar","v":"value"}," हप्ता अगाडि"],"many":[{"t":"idOrVar","v":"value"}," हप्ता अगाडि"],"other":[{"t":"idOrVar","v":"value"}," हप्ता अगाडि"]},"$x":[{"t":"idOrVar","v":"plural"},"value"]},{"$i":"months-ago-long","$v":{"zero":"यो महिना","one":"गएको महिना","two":[{"t":"idOrVar","v":"value"}," महिना अगाडि"],"few":[{"t":"idOrVar","v":"value"}," महिना अगाडि"],"many":[{"t":"idOrVar","v":"value"}," महिना अगाडि"],"other":[{"t":"idOrVar","v":"value"}," महिना अगाडि"]},"$x":[{"t":"idOrVar","v":"plural"},"value"]},{"$i":"years-ago-long","$v":{"zero":"यो वर्ष","one":"अघिल्लो वर्ष","two":[{"t":"idOrVar","v":"value"}," वर्ष अगाडि"],"few":[{"t":"idOrVar","v":"value"}," वर्ष अगाडि"],"many":[{"t":"idOrVar","v":"value"}," वर्ष अगाडि"],"other":[{"t":"idOrVar","v":"value"}," वर्ष अगाडि"]},"$x":[{"t":"idOrVar","v":"plural"},"value"]},{"$i":"minutes-until-long","$v":{"zero":"अहिले","one":"एक मिनेटमा","two":[{"t":"idOrVar","v":"value"}," मिनेटमा"],"few":[{"t":"idOrVar","v":"value"}," मिनेटमा"],"many":[{"t":"idOrVar","v":"value"}," मिनेटमा"],"other":[{"t":"idOrVar","v":"value"}," मिनेटमा"]},"$x":[{"t":"idOrVar","v":"plural"},"value"]},{"$i":"hours-until-long","$v":{"zero":"अहिले","one":"एक घण्टामा","two":[{"t":"idOrVar","v":"value"}," घण्टामा"],"few":[{"t":"idOrVar","v":"value"}," घण्टामा"],"many":[{"t":"idOrVar","v":"value"}," घण्टामा"],"other":[{"t":"idOrVar","v":"value"}," घण्टामा"]},"$x":[{"t":"idOrVar","v":"plural"},"value"]},{"$i":"days-until-long","$v":{"zero":"आज","one":"भोलि","two":[{"t":"idOrVar","v":"value"}," दिनमा"],"few":[{"t":"idOrVar","v":"value"}," दिनमा"],"many":[{"t":"idOrVar","v":"value"}," दिनमा"],"other":[{"t":"idOrVar","v":"value"}," दिनमा"]},"$x":[{"t":"idOrVar","v":"plural"},"value"]},{"$i":"weeks-until-long","$v":{"zero":"यो हप्ता","one":"पछिल्लो हप्ता","two":[{"t":"idOrVar","v":"value"}," हप्तामा"],"few":[{"t":"idOrVar","v":"value"}," हप्तामा"],"many":[{"t":"idOrVar","v":"value"}," हप्तामा"],"other":[{"t":"idOrVar","v":"value"}," हप्तामा"]},"$x":[{"t":"idOrVar","v":"plural"},"value"]},{"$i":"months-until-long","$v":{"zero":"यस महिना","one":"पछिल्लो महिना","two":[{"t":"idOrVar","v":"value"}," महिनामा"],"few":[{"t":"idOrVar","v":"value"}," महिनामा"],"many":[{"t":"idOrVar","v":"value"}," महिनामा"],"other":[{"t":"idOrVar","v":"value"}," महिनामा"]},"$x":[{"t":"idOrVar","v":"plural"},"value"]},{"$i":"years-until-long","$v":{"zero":"यस बर्ष","one":"आर्को बर्ष","two":[{"t":"idOrVar","v":"value"}," बर्षमा"],"few":[{"t":"idOrVar","v":"value"}," बर्षमा"],"many":[{"t":"idOrVar","v":"value"}," वर्षमा"],"other":[{"t":"idOrVar","v":"value"}," वर्षमा"]},"$x":[{"t":"idOrVar","v":"plural"},"value"]},{"$i":"minutes-ago-short","$v":{"zero":"भर्खरै","other":[{"t":"idOrVar","v":"value"},"मिनेट अघि"]},"$x":[{"t":"idOrVar","v":"plural"},"value"]},{"$i":"hours-ago-short","$v":{"zero":"भर्खरै","other":[{"t":"idOrVar","v":"value"},"घण्टा अघि"]},"$x":[{"t":"idOrVar","v":"plural"},"value"]},{"$i":"days-ago-short","$v":{"zero":"आज","other":[{"t":"idOrVar","v":"value"},"दिन अघि"]},"$x":[{"t":"idOrVar","v":"plural"},"value"]},{"$i":"minutes-until-short","$v":{"zero":"अहिले","other":[{"t":"idOrVar","v":"value"},"मिनेटमा"]},"$x":[{"t":"idOrVar","v":"plural"},"value"]},{"$i":"hours-until-short","$v":{"zero":"अहिले","other":[{"t":"idOrVar","v":"value"},"घण्टामा"]},"$x":[{"t":"idOrVar","v":"plural"},"value"]},{"$i":"days-until-short","$v":{"zero":"आज","other":[{"t":"idOrVar","v":"value"},"दिनमा"]},"$x":[{"t":"idOrVar","v":"plural"},"value"]},{"$i":"incorrectDate","$v":"(गलत मिति)"},{"$i":"dateTimeFormat_%c","$v":"%a %b %e %Y %I:%M:%S %p"},{"$i":"dateTimeFormat_%x","$v":"%m/%d/%Y"},{"$i":"dateTimeFormat_%X","$v":"%I:%M:%S %p"},{"$i":"shortTimeFormat","$v":"%I:%M %p"},{"$i":"shortTimeFormat12","$v":"%I:%M %p"},{"$i":"shortTimeFormat24","$v":"%H:%M"},{"$i":"shortDateTimeFormat","$v":"%x %I:%M %p"},{"$i":"weekStartsOnMonday","$v":"0"},{"$i":"firstDayOfTheWeek","$v":"0"},{"$i":"time_am","$v":"ए एम"},{"$i":"time_pm","$v":"पी एम"},{"$i":"title-app","$v":"App Permission"},{"$i":"title-web","$v":"Website Permission"},{"$i":"title-cam","$v":"Select Camera"},{"$i":"perm-alarms","$v":"Schedule Alarms"},{"$i":"perm-audio-capture","$v":"माईक्रोफोन"},{"$i":"perm-audio-capture-appRequest","$v":["के तपाईं ",{"t":"idOrVar","v":"app"}," सँग आफ्नो माईक्रोफोन बाँड्न चाहनुहुन्छ?"]},{"$i":"perm-audio-capture-webRequest","$v":["के तपाईं ",{"t":"idOrVar","v":"site"},"सँग आफ्नो माईक्रोफोन बाँड्न चाहनुहुन्छ?"]},{"$i":"perm-audio-channel-content","$v":"Play Sounds"},{"$i":"perm-audio-channel-notification","$v":"Play Notification Sounds"},{"$i":"perm-audio-channel-ringer","$v":"Play Ringtone Sounds"},{"$i":"perm-background-sensors","$v":"Access Sensor Data"},{"$i":"perm-bluetooth","$v":"ब्लुटुथ"},{"$i":"perm-browser","$v":"Inspect Web Pages"},{"$i":"perm-camera","$v":"Cameras"},{"$i":"perm-camera-selector-appRequest","$v":["Select a camera for ",{"t":"idOrVar","v":"app"},"."]},{"$i":"perm-camera-selector-webRequest","$v":["Select a camera for ",{"t":"idOrVar","v":"site"},"."]},{"$i":"perm-cellbroadcast","$v":"Cell Broadcasts"},{"$i":"perm-contacts","$v":"सम्पर्कहरू"},{"$i":"perm-contacts-appRequest","$v":[{"t":"idOrVar","v":"app"},"ले तपाईको सम्पर्क सूचीसंग पहुंच पुग्न चाहन्छ |"]},{"$i":"perm-contacts-webRequest","$v":[{"t":"idOrVar","v":"site"},"ले तपाईको सम्पर्क सूचीसंग पहुंच पुग्न चाहन्छ |"]},{"$i":"perm-desktop-notification","$v":"सूचनाहरु"},{"$i":"perm-desktop-notification-appRequest","$v":[{"t":"idOrVar","v":"app"},"ले सूचनाहरू देखाउन चाहन्छ |"]},{"$i":"perm-desktop-notification-webRequest","$v":[{"t":"idOrVar","v":"site"},"ले सूचनाहरू देखाउन चाहन्छ।"]},{"$i":"perm-device-storage-apps","$v":"Apps Storage"},{"$i":"perm-device-storage-music","$v":"सङ्गित भण्डारण"},{"$i":"perm-device-storage-music-appRequest","$v":[{"t":"idOrVar","v":"app"}," तपाईको संगीत प्रयोग गर्ने चाहन्छ |"]},{"$i":"perm-device-storage-music-webRequest","$v":[{"t":"idOrVar","v":"site"}," तपाईको संगीतको उपयोग गर्ने चाहन्छ |"]},{"$i":"perm-device-storage-pictures","$v":"छवि भण्डारण"},{"$i":"perm-device-storage-pictures-appRequest","$v":[{"t":"idOrVar","v":"app"}," तपाईको चित्रहरु प्रयोग गर्ने चाहन्छ |"]},{"$i":"perm-device-storage-pictures-webRequest","$v":[{"t":"idOrVar","v":"site"},"ले तपाईको चित्रहरुसंग पहुंच पुग्न चाहन्छ |"]},{"$i":"perm-device-storage-sdcard","$v":"मेमोरी कार्ड भण्डार"},{"$i":"perm-device-storage-sdcard-appRequest","$v":[{"t":"idOrVar","v":"app"}," तपाईको मेमोरी कार्डसंग पहुंच पुग्न चाहन्छ |"]},{"$i":"perm-device-storage-sdcard-webRequest","$v":[{"t":"idOrVar","v":"site"},"ले तपाईको मेमोरी कार्डसंग पहुंच पुग्न चाहन्छ |"]},{"$i":"perm-device-storage-videos","$v":"भिडियो भण्डार"},{"$i":"perm-device-storage-videos-appRequest","$v":[{"t":"idOrVar","v":"app"},"ले तपाईको भिडियोहरुसंग पहुंच पुग्न चाहन्छ |"]},{"$i":"perm-device-storage-videos-webRequest","$v":[{"t":"idOrVar","v":"site"},"ले तपाईको भिडियोहरुसंग पहुंच पुग्न चाहन्छ |"]},{"$i":"perm-embed-apps","$v":"Embed Apps"},{"$i":"perm-fmradio","$v":"FM रेडियो"},{"$i":"perm-fmradio-appRequest","$v":[{"t":"idOrVar","v":"app"}," FM रेडियो प्रयोग गर्न चाहन्छ |"]},{"$i":"perm-fmradio-webRequest","$v":[{"t":"idOrVar","v":"site"}," FM रेडियो प्रयोग गर्न चाहन्छ |"]},{"$i":"perm-geolocation","$v":"भू-स्थान"},{"$i":"perm-geolocation-appRequest","$v":[{"t":"idOrVar","v":"app"}," तपाईको स्थान जान्न चाहन्छ ।"]},{"$i":"perm-geolocation-more-info","$v":[{"t":"idOrVar","v":"brandShortName"}," तपाईको अनुमानित स्थान निर्धारित गर्न मद्दत गर्नको लागि  जिपिएस, वाई फाई, र तपाई सँग भएको मोबाइल नेटवर्कको रुपमा डाटाको उपयोग गर्छ । डाटा मोजिला र अन्य सेवा प्रदाताको लागि पठाएको छ र त्यस स्थान डाटाबेसमा सुधार गर्नको लागि समग्र रुपमा उपयोग गरिनेछ। डाटा आफनो डिवाइसमा संग्रहित गर्न सकिन्छ र अरु कुनै एप्स चलिरहेछ, तब पनि जब डाटा संग्रह हुन सक्छ ।"]},{"$i":"perm-geolocation-webRequest","$v":[{"t":"idOrVar","v":"site"}," तपाईको स्थान जान्न चाहन्छ।"]},{"$i":"perm-idle","$v":"See Idle Status"},{"$i":"perm-indexedDB-chrome-settings","$v":"Privileged IndexedDB"},{"$i":"perm-indexedDB-unlimited","$v":"Unlimited IndexedDB Storage"},{"$i":"perm-input-manage","$v":"Manage Keyboards"},{"$i":"perm-input","$v":"Act as a Keyboard"},{"$i":"perm-media-capture","$v":"क्यामेरा र माइऋोफोन"},{"$i":"perm-media-capture-appRequest","$v":["के तपाई आफ्नो क्यामेरा र माइक्रोफोन ",{"t":"idOrVar","v":"app"}," संग बाँड्न चाहनु हुन्छ ?"]},{"$i":"perm-media-capture-webRequest","$v":["के तपाई आफ्नो क्यामेरा र माइक्रोफोन ",{"t":"idOrVar","v":"site"}," संग बाँड्न चाहनु हुन्छ ?"]},{"$i":"perm-mobileconnection","$v":"Mobile Connection"},{"$i":"perm-mobileid","$v":"Mobile Identity"},{"$i":"perm-network-events","$v":"Network Events"},{"$i":"perm-open-remote-window","$v":"Start an App"},{"$i":"perm-permissions","$v":"Modify Apps Permissions"},{"$i":"perm-power","$v":"Power Settings"},{"$i":"perm-settings","$v":"Modify Settings"},{"$i":"perm-systemXHR","$v":"Cross-Origin Requests"},{"$i":"perm-telephony","$v":"दूरभाषी"},{"$i":"perm-video-capture","$v":"क्यामेरा"},{"$i":"perm-video-capture-appRequest","$v":["के तपाईं ",{"t":"idOrVar","v":"app"}," सँग आफ्नो क्यामेरा बाँड्न चाहनुहुन्छ?"]},{"$i":"perm-video-capture-webRequest","$v":["के तपाईं ",{"t":"idOrVar","v":"site"}," सँग आफ्नो क्यामेरा बाँड्न चाहनुहुन्छ?"]},{"$i":"perm-voicemail","$v":"Control Voicemail"},{"$i":"perm-webapps-manage","$v":"Install Webapps"},{"$i":"perm-wifi-manage","$v":"Manage Wi-Fi"},{"$i":"perm-attention","$v":"Open Overlay Popups"},{"$i":"perm-audio-channel-alarm","$v":"Play Alarm Sounds"},{"$i":"perm-audio-channel-normal","$v":"Play Sounds"},{"$i":"perm-audio-channel-publicnotification","$v":"Play public notification sounds"},{"$i":"perm-audio-channel-telephony","$v":"Play Telephony Sounds"},{"$i":"perm-backgroundservice","$v":"Act as a Background Service"},{"$i":"perm-device-storage-crashes","$v":"Crash Data Storage"},{"$i":"perm-downloads","$v":"Access Downloads"},{"$i":"perm-embed-widgets","$v":"Embed Widgets"},{"$i":"perm-feature-detection","$v":"Feature Detection"},{"$i":"perm-firefox-accounts","$v":"Firefox Accounts"},{"$i":"perm-mobilenetwork","$v":"Mobile Network"},{"$i":"perm-moz-attention","$v":"Open Overlay Popups (moz)"},{"$i":"perm-moz-audio-channel-ringer","$v":"Play Ringtone Sounds (moz)"},{"$i":"perm-moz-audio-channel-telephony","$v":"Play Telephony Sounds (moz)"},{"$i":"perm-moz-firefox-accounts","$v":"Firefox Accounts (moz)"},{"$i":"perm-networkstats-manage","$v":"Control Usage Stats"},{"$i":"perm-nfc","$v":"NFC"},{"$i":"perm-nfc-hci-events","$v":"NFC HCI Events"},{"$i":"perm-nfc-manager","$v":"Manage NFC"},{"$i":"perm-phonenumberservice","$v":"Phone Number Service"},{"$i":"perm-push","$v":"Push API"},{"$i":"perm-resourcestats-manage","$v":"Resource Stats"},{"$i":"perm-sms","$v":"Send and Read SMS"},{"$i":"perm-speaker-control","$v":"Control Volume"},{"$i":"perm-storage","$v":"Access Storage"},{"$i":"perm-tcp-socket","$v":"TCP Sockets"},{"$i":"perm-test-permission","$v":"Test Permission"},{"$i":"perm-time","$v":"Set Date and Time"},{"$i":"perm-udp-socket","$v":"UDP Sockets"},{"$i":"perm-wappush","$v":"WAP Push"},{"$i":"stopped_download_title","$v":"डाउनलोड रोकिएको"},{"$i":"stopped_download_message","$v":"डाउनलोड रोकिएको थियो । पुन: डाउनलोड गर्ने प्रयास गर्न चाहनु हुन्छ ?"},{"$i":"stopped_download_left_button","$v":"रद्द गर्नुहोस्"},{"$i":"stopped_download_right_button","$v":"फेरि प्रयास गर्नुहोस्"},{"$i":"failed_download_title","$v":"डाउनलोड असफल भयो"},{"$i":"failed_download_message","$v":[{"t":"idOrVar","v":"name"}," डाउनलोड गर्न असफल भयो । पुन: डाउनलोड गर्न चाहनुहुन्छ ?"]},{"$i":"failed_download_left_button","$v":"रद्द गर्नुहोस्"},{"$i":"failed_download_right_button","$v":"पुन: प्रयास गर्नुहोस्"},{"$i":"stop_download_title","$v":"डाउनलोड रोक"},{"$i":"stop_download_message","$v":"के तपाईँ डाउनलोड विराम गर्न चाहानुमा निश्चित हुनुहुन्छ ?"},{"$i":"stop_download_left_button","$v":"हुन्न"},{"$i":"stop_download_right_button","$v":"हो"},{"$i":"delete_download_title","$v":"मेटाउनुहोस्"},{"$i":"delete_download_message","$v":[{"t":"idOrVar","v":"name"}," मेटाउने?"]},{"$i":"delete_download_left_button","$v":"रद्द गर्नुहोस्"},{"$i":"delete_download_right_button","$v":"मेटाउनुहोस्"},{"$i":"delete_all_download_title","$v":"मेटाउनुहोस्"},{"$i":"delete_all_download_left_button","$v":"रद्द गर्नुहोस्"},{"$i":"delete_all_download_right_button","$v":"मेटाउनुहोस्"},{"$i":"delete_all_download_message","$v":{"zero":"कुनै फाइल मेटाउन चाहनु हुन्न ?","one":"एउटा फाइल मेटाउन चाहनु हुन्छ ?","two":[{"t":"idOrVar","v":"number"}," फाइलहरु मेटाउनुहुन्छ ?"],"few":[{"t":"idOrVar","v":"number"}," फाइलहरु मेटाउनुहुन्छ ?"],"many":[{"t":"idOrVar","v":"number"}," फाइलहरु मेटाउनुहुन्छ ?"],"other":[{"t":"idOrVar","v":"number"}," फाइलहरु मेटाउनुहुन्छ ?"]},"$x":[{"t":"idOrVar","v":"plural"},"number"]},{"$i":"unsupported_file_type_download_title","$v":"खोल्न असक्षम"},{"$i":"unsupported_file_type_download_message","$v":[{"t":"idOrVar","v":"name"}," खोल्नमा समस्या भयो। बचत गर्न चाहनु हुन्छ कि मेटाउन चाहनु हुन्छ?"]},{"$i":"unsupported_file_type_download_left_button","$v":"फाइल राख्नुहोस्"},{"$i":"unsupported_file_type_download_right_button","$v":"मेट्नुहोस्"},{"$i":"file_not_found_download_title","$v":"फाइल फेला परेन"},{"$i":"file_not_found_download_message","$v":"डिभाइसमा फाइल फेला परेन"},{"$i":"file_not_found_download_right_button","$v":"ठिक छ"},{"$i":"unmounted_sdcard_2_download_title","$v":"मेमोरी कार्ड प्रयोगमा छ"},{"$i":"unmounted_sdcard_2_download_message","$v":"फोन निकाल्नुहोस्"},{"$i":"unmounted_sdcard_2_download_right_button","$v":"ठीक छ"},{"$i":"no_provider_download_title","$v":"सेयर गर्न असक्षम छ"},{"$i":"no_provider_download_message","$v":"कुनै पार्श्वचित्र पाइएन ।"},{"$i":"no_provider_download_right_button","$v":"ठीक छ"},{"$i":"no_memory_download_title","$v":"SD कार्ड भरियो"},{"$i":"no_memory_download_message","$v":"एसडी कार्डमा डाउनलोड बचत गर्न ठाउँ छैन । कृपया डाउनलोड सुरु गर्नु अघि केहि फाइलहरु हटाउनु होस् ।"},{"$i":"no_memory_download_right_button","$v":"ठीक छ"},{"$i":"no_sdcard_found_2_download_title","$v":"मेमोरी कार्ड भेटिएन"},{"$i":"no_sdcard_found_2_download_message","$v":"मेमोरी कार्ड घुसाउनुहोस् अथवा सेटिंगमा अन्य बैकल्पिक मिडिया स्थान चयन गर्नु होस् "},{"$i":"no_sdcard_found_2_download_right_button","$v":"ठीक छ"},{"$i":"file_open_error_download_title","$v":"खोल्न असक्षम"},{"$i":"file_open_error_download_message","$v":[{"t":"idOrVar","v":"name"}," खोल्नमा समस्या भयो । बचत गर्न चाहनु हुन्छ कि मेटाउन ?"]},{"$i":"file_open_error_download_left_button","$v":"फाइल राख्नुहोस्"},{"$i":"file_open_error_download_right_button","$v":"मेटाउनुहोस्"},{"$i":"restart_download_error","$v":"डाउनलोड पुन सुचारु गर्न समस्या भयो । कृपया पुन प्रयास गर्नु होस् ।"},{"$i":"no-downloads","$v":"डाउनलोड हुन्न"},{"$i":"percentage","$v":[{"t":"idOrVar","v":"percentage"},"%"]},{"$i":"partialResult","$v":[{"t":"idOrVar","v":"total"}," को ",{"t":"idOrVar","v":"partial"}]},{"$i":"summary","$v":[{"t":"idOrVar","v":"date"},"-",{"t":"idOrVar","v":"status"}]},{"$i":"download-stopped","$v":"रोकियो"},{"$i":"download-failed","$v":"डाउनलोड असफल भयो"},{"$i":"open_downloaded_file","$v":"खोल्नुहोस्"},{"$i":"share_downloaded_file","$v":"साझेदारी गर्नुहोस्"},{"$i":"wallpaper_downloaded_file","$v":"वालपेपरको रुपमा सेट गर्नुहोस्"},{"$i":"ringtone_downloaded_file","$v":"रिङ्गटोनको रुपमा सेट गर्नुहोस् "},{"$i":"cancel_downloaded_file","$v":"रद्द गर्नुहोस्"},{"$i":"voicemailNoNumberTitle","$v":"Voicemail number is unavailable"},{"$i":"voicemailNoNumberText","$v":"Unable to call the voicemail. Set up the voicemail number to place the call."},{"$i":"voicemailNoNumberSettings","$v":"Settings"},{"$i":"voicemailNoNumberCancel","$v":"Cancel"},{"$i":"airplaneMode","$v":"Airplane mode"},{"$i":"searching","$v":"Searching…"},{"$i":"noNetwork","$v":"No network"},{"$i":"roaming","$v":[{"t":"idOrVar","v":"operator"}," (Roaming)"]},{"$i":"operator-info","$v":[{"t":"idOrVar","v":"carrier"}," ",{"t":"idOrVar","v":"region"}]},{"$i":"emergencyCallsOnly-unknownSIMState","$v":"(unknown SIM state)"},{"$i":"emergencyCallsOnly-noSIM","$v":"(no SIM)"},{"$i":"emergencyCallsOnly-pinRequired","$v":"(SIM PIN required)"},{"$i":"emergencyCallsOnly-pukRequired","$v":"(SIM PUK required)"},{"$i":"emergencyCallsOnly-networkLocked","$v":"(network locked)"},{"$i":"emergencyCallsOnly-serviceProviderLocked","$v":"(service provider locked)"},{"$i":"emergencyCallsOnly-corporateLocked","$v":"(corporate locked)"},{"$i":"emergencyCallsOnly-network1Locked","$v":"(network1 locked)"},{"$i":"emergencyCallsOnly-network2Locked","$v":"(network2 locked)"},{"$i":"emergencyCallsOnly-hrpdNetworkLocked","$v":"(hrpd network locked)"},{"$i":"emergencyCallsOnly-ruimCorporateLocked","$v":"(ruim corporate locked)"},{"$i":"emergencyCallsOnly-ruimServiceProviderLocked","$v":"(ruim service provider locked)"},{"$i":"lockscreen-sim-id","$v":["SIM ",{"t":"idOrVar","v":"n"}]},{"$i":"charging-status-no-time","$v":[{"t":"idOrVar","v":"level"},"% Charged"]},{"$i":"charging-status-minutes","$v":{"zero":[{"t":"idOrVar","v":"level"},"% Charged (",{"t":"idOrVar","v":"minutes"}," mins remaining)"],"one":[{"t":"idOrVar","v":"level"},"% Charged (",{"t":"idOrVar","v":"minutes"}," min remaining)"],"two":[{"t":"idOrVar","v":"level"},"% Charged (",{"t":"idOrVar","v":"minutes"}," mins remaining)"],"few":[{"t":"idOrVar","v":"level"},"% Charged (",{"t":"idOrVar","v":"minutes"}," mins remaining)"],"many":[{"t":"idOrVar","v":"level"},"% Charged (",{"t":"idOrVar","v":"minutes"}," mins remaining)"],"other":[{"t":"idOrVar","v":"level"},"% Charged (",{"t":"idOrVar","v":"minutes"}," mins remaining)"]},"$x":[{"t":"idOrVar","v":"plural"},"minutes"]},{"$i":"charging-status-hours","$v":{"zero":[{"t":"idOrVar","v":"level"},"% Charged (",{"t":"idOrVar","v":"hours"},"h ",{"t":"idOrVar","v":"minutes"}," mins remaining)"],"one":[{"t":"idOrVar","v":"level"},"% Charged (",{"t":"idOrVar","v":"hours"},"h ",{"t":"idOrVar","v":"minutes"}," min remaining)"],"two":[{"t":"idOrVar","v":"level"},"% Charged (",{"t":"idOrVar","v":"hours"},"h ",{"t":"idOrVar","v":"minutes"}," mins remaining)"],"few":[{"t":"idOrVar","v":"level"},"% Charged (",{"t":"idOrVar","v":"hours"},"h ",{"t":"idOrVar","v":"minutes"}," mins remaining)"],"many":[{"t":"idOrVar","v":"level"},"% Charged (",{"t":"idOrVar","v":"hours"},"h ",{"t":"idOrVar","v":"minutes"}," mins remaining)"],"other":[{"t":"idOrVar","v":"level"},"% Charged (",{"t":"idOrVar","v":"hours"},"h ",{"t":"idOrVar","v":"minutes"}," mins remaining)"]},"$x":[{"t":"idOrVar","v":"plural"},"minutes"]},{"$i":"gaia-menu-cancel","$v":"रद्द गर्नुहोस्"}]