[{"$i":"share","$v":"ਸਾਂਝਾ ਕਰੋ"},{"$i":"resend","$v":"ਮੁੜ-ਭੇਜੋ"},{"$i":"connecting","$v":"ਕੁਨੈਕਟ ਕੀਤਾ ਜਾ ਰਿਹਾ ਹੈ"},{"$i":"verify","$v":"ਜਾਂਚ"},{"$i":"verifying","$v":"ਜਾਂਚ ਜਾਰੀ"},{"$i":"verified","$v":"ਜਾਂਚ ਕੀਤੀ"},{"$i":"mobileIDExplanation","$v":[{"t":"idOrVar","v":"app_name"}," ਤੁਹਾਡੇ ਫੋਨ ਨੰਬਰ ਨੂੰ ਪਤਾ ਕਰਨਾ ਤੇ ਤਸਦੀਕ ਕਰਨਾ ਚਾਹੁੰਦੀ ਹੈ। ਚੋਣ ਕਰੋ ਕਿ ਕਿਹੜਾ ਤੁਸੀਂ ਸਾਂਝਾ ਕਰਨਾ ਚਾਹੁੰਦੇ ਹੋ ਜਾਂ ਨਵਾਂ ਦਿਉ।"]},{"$i":"verificationCodeExplanation","$v":["ਅਸੀਂ ",{"t":"idOrVar","v":"phone_number"}," ਉੱਤੇ ਕੋਡ ਭੇਜ ਚੁੱਕੇ ਹਾਂ। ਅਸੀਂ ਇਸ ਨੂੰ ਆਪਣੇ-ਆਪ ਹੀ ਚੁਣਨ ਦੀ ਕੋਸ਼ਿਸ਼ ਕਰਾਂਗੇ, ਪਰ ਜੇ ਇਹ ਯੰਤਰ ਵਰਤੋਂ ਵਿੱਚ ਨਾ ਹੋਵੇ ਤਾਂ ਤੁਹਾਨੂੰ ਖੁਦ ਦੇਣਾ ਪਵੇਗਾ।"]},{"$i":"successMessage","$v":["ਵਾਹ! ਤੁਹਾਡੇ ਨੰਬਰ ",{"t":"idOrVar","v":"phone_number"}," ਦੀ ਜਾਂਚ ਹੋ ਗਈ ਹੈ ਅਤੇ ",{"t":"idOrVar","v":"app_name"}," ਲਈ ਉਪਲੱਬਧ ਹੈ।"]},{"$i":"serverErrorMessage","$v":"ਇਸ ਸਮੇਂ ਤਸਦੀਕ ਸਰਵਰ ਉਪਲੱਬਧ ਨਹੀਂ ਹੈ। ਆਪਣੇ ਇੰਟਰਨੈੱਟ ਕੁਨੈਕਸ਼ਨ ਦੀ ਜਾਂਚ ਕਰੋ  ਤੇ ਫੇਰ ਕੋਸ਼ਿਸ਼ ਕਰੋ ਜਾਂ ਕੁਝ ਮਿੰਟਾਂ ਲਈ ਉਡੀਕ ਕਰੋ।"},{"$i":"timeoutErrorMessage","$v":"ਤੁਹਾਡੇ ਤਸਦੀਕ ਕੋਡ ਵਿੱਚ ਸਮੱਸਿਆ ਜਾਪਦੀ ਹੈ। ਆਉ ਇੱਕ ਵਾਰ ਫੇਰ ਕੋਸ਼ਿਸ਼ ਕਰੀਏ!"},{"$i":"errorTitle","$v":"ਮੋਬਾਇਲ ਪਛਾਣ"},{"$i":"ok","$v":"ਠੀਕ ਹੈ"},{"$i":"addPhoneNumber","$v":"ਜਾਂ ਆਪਣਾ ਫੋਨ ਨੰਬਰ ਜੋੜੋ"},{"$i":"selectPhoneNumber","$v":"ਜਾਂ ਸੂਚੀ ਵਿੱਚੋਂ ਫੋਨ ਨੰਬਰ ਚੁਣੋ"},{"$i":"firefox-accounts-title","$v":"ਫਾਇਰਫਾਕਸ ਖਾਤੇ"},{"$i":"fxa-next","$v":"ਅੱਗੇ"},{"$i":"fxa-back","$v":"ਪਿੱਛੇ"},{"$i":"fxa-done","$v":"ਮੁਕੰਮਲ"},{"$i":"fxa-ok","$v":"ਠੀਕ ਹੈ"},{"$i":"fxa-connection-error-title","$v":"ਕੁਨੈਕਟ ਕਰਨ ਲਈ ਅਸਮਰੱਥ"},{"$i":"fxa-connection-error-message","$v":"ਤੁਸੀਂ ਸੈਟਿੰਗ ਤੋਂ ਖਾਤਾ ਬਣਾ ਸਕਦੇ ਹੋ ਜਾਂ ਦਾਖਲ ਹੋ ਸਕਦੇ ਹੋ।"},{"$i":"fxa-reset-password-error-title","$v":"ਪਾਸਵਰਡ ਮੁੜ-ਸੈੱਟ"},{"$i":"fxa-reset-password-error-message","$v":"ਤੁਸੀਂ ਸੈਟਿੰਗ ਵਿੱਚ ਜਾ ਕੇ ਆਪਣਾ ਪਾਸਵਰਡ ਮੁੜ-ਸੈੱਟ ਕਰ ਸਕਦੇ ਹੋ।"},{"$i":"fxa-coppa-failure-error-title","$v":"ਖਾਤਾ ਬਣਾਇਆ ਨਹੀਂ ਜਾ ਸਕਦੀ"},{"$i":"fxa-coppa-failure-error-message","$v":["ਤੁਹਾਨੂੰ ਫਾਇਰਫਾਕਸ ਖਾਤਾ ਬਣਾਉਣ ਲਈ ਉਮਰ ਸ਼ਰਤ ਨੂੰ ਪੂਰਾ ਕਰਨਾ ਪਵੇਗਾ। ",{"t":"idOrVar","v":"learnmore"}]},{"$i":"fxa-learn-more","$v":"ਹੋਰ ਜਾਣੋ"},{"$i":"fxa-offline-error-title","$v":"ਕੁਨੈਕਟ ਕਰਨ ਲਈ ਅਸਮਰੱਥ"},{"$i":"fxa-offline-error-message","$v":"ਸੈਟਿੰਗ ਤੋਂ ਨੈੱਟਵਰਕ ਨਾਲ ਕੁਨੈਕਟ ਕਰੋ।"},{"$i":"fxa-invalid-email-title","$v":"ਗਲਤੀ"},{"$i":"fxa-invalid-email-message","$v":"ਠੀਕ ਈਮੇਲ ਸਿਰਨਾਵਾਂ ਦਿਉ ਜੀ।"},{"$i":"fxa-invalid-password-title","$v":"ਗਲਤ ਪਾਸਵਰਡ"},{"$i":"fxa-invalid-password-message","$v":"ਆਪਣਾ ਪਾਸਵਰਡ ਚੈੱਕ ਕਰੋ ਅਤੇ ਮੁੜ-ਕੋਸ਼ਿਸ਼ ਕਰੋ।"},{"$i":"fxa-unknown-error-title","$v":"ਕੁਨੈਕਟ ਕਰਨ ਲਈ ਅਸਮਰੱਥ"},{"$i":"fxa-unknown-error-message","$v":"ਸਿਸਟਮ ਉਪਲੱਬਧ ਨਹੀਂ ਹੈ, ਛੇਤੀ ਹੀ ਮੁੜ-ਕੋਸ਼ਿਸ਼ ਕਰੋ।"},{"$i":"fxa-connecting","$v":"ਕੁਨੈਕਟ ਕੀਤਾ ਜਾ ਰਿਹਾ ਹੈ"},{"$i":"fxa-enter-email-input","placeholder":"ਆਪਣਾ ਈਮੇਲ ਦਿਓ"},{"$i":"fxa-use-email-to-sign-in","$v":"ਖਾਤਾ ਬਣਾਉਣ ਜਾਂ ਦਾਖਲ ਹੋਣ ਲਈ ਆਪਣਾ ਈਮੇਲ ਸਿਰਨਾਵਾਂ ਦਿਉ।"},{"$i":"fxa-notice","$v":["ਜਾਰੀ ਰੱਖਣ ਨਾਲ, ਮੈਂ ਫਾਇਰਫਾਕਸ ਕਲਾਉਡ ਸੇਵਾਵਾਂ ਦੀਆਂ ",{"t":"idOrVar","v":"tos"}," ਤੇ ",{"t":"idOrVar","v":"pn"}," ਨਾਲ ਸਹਿਮਤ ਹਾਂ।"]},{"$i":"fxa-tos","$v":"ਸੇਵਾ ਦੀਆਂ ਸ਼ਰਤਾਂ"},{"$i":"fxa-pn","$v":"ਪਰਦੇਦਾਰੀ ਸੂਚਨਾ"},{"$i":"fxa-create-password-title","$v":"ਪਾਸਵਰਡ ਬਣਾਓ"},{"$i":"fxa-enter-password-title","$v":"ਆਪਣਾ ਪਾਸਵਰਡ ਦਿਓ"},{"$i":"fxa-hello-user","$v":["ਹੈਲੋ, ",{"t":"idOrVar","v":"email"}]},{"$i":"fxa-password-refresh","$v":"ਜਾਰੀ ਰੱਖਣ ਲਈ ਆਪਣਾ ਫਾਇਰਫਾਕਸ ਖਾਤਾ ਪਾਸਵਰਡ ਦਿਉ ਜੀ।"},{"$i":"fxa-password","placeholder":"ਪਾਸਵਰਡ"},{"$i":"fxa-forgot-your-password","$v":"ਆਪਣਾ ਪਾਸਵਰਡ ਭੁੱਲ ਗਏ?"},{"$i":"fxa-show-password","$v":"ਪਾਸਵਰਡ ਵੇਖਾਓ"},{"$i":"fxa-password-length-requirement","$v":"ਤੁਹਾਡਾ ਪਾਸਵਰਡ ਘੱਟੋ-ਘੱਟ 8 ਅੱਖਰ ਲੰਮਾ ਹੋਣਾ ਚਾਹੀਦਾ ਹੈ।"},{"$i":"fxa-success","$v":"ਸਫ਼ਲ!"},{"$i":"fxa-ready-to-go","$v":"ਤੁਹਾਡਾ ਫਾਇਰਫਾਕਸ ਤਿਆਰ ਹੈ!"},{"$i":"fxa-use-features","$v":"ਹੁਣ ਤੁਸੀਂ ਮੇਰਾ ਯੰਤਰ ਲੱਭੋ ਫੀਚਰ ਅਤੇ ਫਾਇਰਫਾਕਸ ਮੰਡੀ ਵਰਗੇ ਐਪਸ ਦੀ ਵਰਤੋਂ ਕਰ ਸਕਦੇ ਹੋ।"},{"$i":"fxa-access-manage-account-settings","$v":"ਭਵਿੱਖ ਵਿੱਚ, ਤੁਸੀਂ ਸੈਟਿੰਗ ਵਿੱਚੋਂ ਆਪਣੇ ਖਾਤੇ ਨੂੰ ਵਰਤ ਸਕਦੇ ਹੋ ਤੇ ਪ੍ਰਬੰਧ ਕਰ ਸਕਦੇ ਹੋ।"},{"$i":"fxa-confirm-account","$v":"ਆਪਣੇ ਖਾਤੇ ਦੀ ਪੁਸ਼ਟੀ"},{"$i":"fxa-will-send-email","$v":["ਅਸੀਂ ਈਮੇਲ ਭੇਜਾਂਗੇ: ",{"t":"idOrVar","v":"email"}]},{"$i":"fxa-signup-click-verification-link-in-email","$v":"ਅਗਲੀ ਵਾਰ ਤੁਸੀਂ ਆਪਣੀ ਈਮੇਲ ਦੀ ਜਾਂਚ ਕਰੋ, ਆਪਣੇ ਫਾਇਰਫਾਕਸ ਕਆਤੇ ਦੀ ਪੁਸ਼ਟੀ ਲਈ ਤਸਦੀਕੀ ਕੋਡ ਉੱਤੇ ਕਲਿੱਕ ਕਰੋ।"},{"$i":"fxa-age-verification","$v":"ਉਮਰ ਜਾਂਚ"},{"$i":"fxa-age-earlier","$v":[{"t":"idOrVar","v":"year"}," or earlier"]},{"$i":"fxa-year-of-birth","$v":"ਜਨਮ ਦਾ ਸਾਲ"},{"$i":"brandShortName","$v":"B2G OS"},{"$i":"browserBrandShortName","$v":"Web Browser"},{"$i":"browserBrandFullName","$v":"Mozilla Web Browser"},{"$i":"ringtoneBrandName","$v":"Default"},{"$i":"ringtoneSectionBrandName","$v":"System"},{"$i":"back","$v":"ਪਿੱਛੇ"},{"$i":"help","$v":"ਮਦਦ"},{"$i":"cancel","$v":"ਰੱਦ ਕਰੋ"},{"$i":"close","$v":"ਬੰਦ"},{"$i":"skip","$v":"ਛੱਡੋ"},{"$i":"clear","ariaLabel":"ਸਾਫ਼ ਕਰੋ"},{"$i":"enable","$v":"Enable"},{"$i":"turnOn","$v":"Turn On"},{"$i":"undo","ariaLabel":"ਪਰਤਾਉ"},{"$i":"enterPIN","$v":"ਪਿੰਨ ਦਿਉ"},{"$i":"mediaPlaybackTrack","ariaLabel":"Track title and artist"},{"$i":"mediaPlaybackControls","ariaLabel":"ਪਲੇਅਬੈਕ ਕੰਟਰੋਲ"},{"$i":"mediaPlaybackPrevious","ariaLabel":"ਪਿਛਲਾ"},{"$i":"mediaPlaybackPlay","ariaLabel":"Play"},{"$i":"mediaPlaybackPause","ariaLabel":"Pause"},{"$i":"mediaPlaybackNext","ariaLabel":"ਅਗਲਾ"},{"$i":"UnknownTrack","$v":"ਅਣਜਾਣ ਟਰੈਕ"},{"$i":"wifiButton-on","$v":"Wi-Fi ਚਾਲੂ"},{"$i":"wifiButton-on-initializing","$v":"Wi-Fi ਚਾਲੂ, ਸ਼ੁਰੂ ਕੀਤਾ ਜਾ ਰਿਹਾ ਹੈ"},{"$i":"wifiButton-off","$v":"Wi-Fi ਬੰਦ"},{"$i":"dataButton-on","$v":["ਡਾਟਾ ",{"t":"idOrVar","v":"type"}," ਚਾਲੂ"]},{"$i":"dataButton-off","$v":["ਡਾਟਾ ",{"t":"idOrVar","v":"type"}," ਬੰਦ"]},{"$i":"bluetoothButton-on","$v":"ਬਲਿਊਟੁੱਥ ਚਾਲੂ "},{"$i":"bluetoothButton-on-initializing","$v":"ਬਲਿਊਟੁੱਥ ਚਾਲੂ , ਸ਼ੁਰੂ ਕੀਤਾ ਜਾ ਰਿਹਾ ਰਿਹਾ ਹੈ"},{"$i":"bluetoothButton-off","$v":"ਬਲਿਊਟੁੱਥ ਬੰਦ"},{"$i":"airplaneMode-on","$v":"ਏਅਰਪਲੇਨ ਮੋਡ ਚਾਲੂ ਹੈ"},{"$i":"airplaneMode-off","$v":"ਏਅਰਪਲੇਨ ਮੋਡ ਬੰਦ ਹੈ"},{"$i":"settingsButton","ariaLabel":"ਸੈਟਿੰਗ"},{"$i":"utilityTray","ariaLabel":"ਸਹੂਲਤ ਟਰੇ"},{"$i":"statusbarOperator","$v":[{"t":"idOrVar","v":"date"},", ",{"t":"idOrVar","v":"operator"}]},{"$i":"statusbarDateFormat","$v":"%b %e"},{"$i":"statusbar","ariaLabel":"ਸਥਿਤੀ ਪੱਟੀ"},{"$i":"statusbarBattery","ariaLabel":["Battery ",{"t":"idOrVar","v":"level"}," percent"]},{"$i":"statusbarBatteryCharging","ariaLabel":["Battery ",{"t":"idOrVar","v":"level"}," percent, charging"]},{"$i":"statusbarAirplaneMode","ariaLabel":"Airplane mode on"},{"$i":"statusbarWiFiConnecting","ariaLabel":"Wi-Fi: connecting"},{"$i":"statusbarWiFiConnected","ariaLabel":["Wi-Fi: ",{"t":"idOrVar","v":"level"}," of 4 bars"]},{"$i":"statusbarSignal","ariaLabel":[{"t":"idOrVar","v":"operator"}," network, ",{"t":"idOrVar","v":"level"}," of 5 bars"]},{"$i":"statusbarSignalRoaming","ariaLabel":[{"t":"idOrVar","v":"operator"}," network (roaming), ",{"t":"idOrVar","v":"level"}," of 5 bars"]},{"$i":"statusbarSignalNoneSearching","ariaLabel":"Searching… Emergency calls only"},{"$i":"emergencyCallsOnly","$v":"ਕੇਵਲ ਐਮਰਜੈਂਸੀ ਕਾਲਾਂ ਹੀ"},{"$i":"statusbarSignalNoSimCard","ariaLabel":"No SIM card"},{"$i":"statusbarHeadphone","ariaLabel":"Headphones on"},{"$i":"statusbarBluetoothHeadphone","ariaLabel":"Bluetooth headphones on"},{"$i":"statusbarBluetoothTransfer","ariaLabel":"Bluetooth transfer active"},{"$i":"statusbarIconOn-tethering","ariaLabel":"Tethering on"},{"$i":"statusbarIconOnActive-tethering","ariaLabel":"Tethering on, active"},{"$i":"statusbarAlarm","ariaLabel":"ਅਲਾਰਮ ਚਾਲੂ"},{"$i":"statusbarIconOn-bluetooth","ariaLabel":"Bluetooth on"},{"$i":"statusbarIconOnActive-bluetooth","ariaLabel":"Bluetooth on, active"},{"$i":"statusbarIconOn-mute","ariaLabel":"Mute on"},{"$i":"statusbarIconOn-vibration","ariaLabel":"Vibration on"},{"$i":"statusbarRecording","ariaLabel":"ਰਿਕਾਰਡਿੰਗ ਚਾਲੂ"},{"$i":"statusbarGeolocation","ariaLabel":"ਭੂਗੋਲਿਕ ਟਿਕਾਣਾ ਚਾਲੂ"},{"$i":"statusbarUsb","ariaLabel":"USB ਚਾਲੂ"},{"$i":"statusbarCallForwarding","$v":"Call forwarding on"},{"$i":"statusbarPlaying","ariaLabel":"ਮੀਡੀਆ ਚੱਲ ਰਿਹਾ ਹੈ"},{"$i":"statusbarNfc","ariaLabel":"NFC ਚਾਲੂ"},{"$i":"statusbarDownload","ariaLabel":"Downloading…"},{"$i":"statusbarNetworkActivity","ariaLabel":"ਨੈਟਵਰਕਿੰਗ ਚਾਲੂ ਹੈ"},{"$i":"statusbarEmergencyCallback","ariaLabel":"Emergency callback"},{"$i":"statusbarNotifications","$v":{"one":[{"t":"idOrVar","v":"n"}," ਸੂਚਨਾ"],"two":[{"t":"idOrVar","v":"n"}," ਸੂਚਨਾਵਾਂ"],"few":[{"t":"idOrVar","v":"n"}," ਸੂਚਨਾਵਾਂ"],"many":[{"t":"idOrVar","v":"n"}," ਸੂਚਨਾਵਾਂ"],"other":[{"t":"idOrVar","v":"n"}," ਸੂਚਨਾਵਾਂ"]},"$x":[{"t":"idOrVar","v":"plural"},"n"]},{"$i":"statusbarNotifications-unread","ariaLabel":{"$x":[{"t":"idOrVar","v":"plural"},"n"],"$v":{"one":[{"t":"idOrVar","v":"n"}," unread notification"],"two":[{"t":"idOrVar","v":"n"}," unread notifications"],"few":[{"t":"idOrVar","v":"n"}," unread notifications"],"many":[{"t":"idOrVar","v":"n"}," unread notifications"],"other":[{"t":"idOrVar","v":"n"}," unread notifications"]}}},{"$i":"notifications","$v":"ਸੂਚਨਾਵਾਂ"},{"$i":"clear-all","$v":"ਸਭ ਸਾਫ਼ ਕਰੋ"},{"$i":"attentionScreen-tapToShow","$v":"ਵਿਖਾਉਣ ਲਈ ਟੈਪ ਕਰੋ"},{"$i":"newVoicemails","$v":{"zero":"ਕੋਈ ਨਵੀਂ ਵੋਆਇਸਮੇਲ ਨਹੀਂ","one":"ਇੱਕ ਨਵੀਂ ਵੋਆਇਸਮੇਲ","two":[{"t":"idOrVar","v":"n"}," ਨਵੀਆਂ ਵੋਆਇਸਮੇਲਾਂ"],"few":[{"t":"idOrVar","v":"n"}," ਨਵੀਆਂ ਵੋਆਇਸਮੇਲਾਂ"],"many":[{"t":"idOrVar","v":"n"}," ਨਵੀਆਂ ਵੋਆਇਸਮੇਲਾਂ"],"other":[{"t":"idOrVar","v":"n"}," ਨਵੀਆਂ ਵੋਆਇਸਮੇਲਾਂ"]},"$x":[{"t":"idOrVar","v":"plural"},"n"]},{"$i":"newVoicemailsUnknown","$v":"ਨਵੀਂ ਵੋਆਇਸਮੇਲ"},{"$i":"dialNumber","$v":[{"t":"idOrVar","v":"number"}," ਡਾਇਲ ਕਰੋ"]},{"$i":"voicemailNotificationMultiSim","$v":["(ਸਿਮ ",{"t":"idOrVar","v":"n"},") ",{"t":"idOrVar","v":"title"}]},{"$i":"euRoamingNotificationTitle","$v":"EU ਇੰਟਰਨੈਟ ਖੋਜਿਆ"},{"$i":"euRoamingNotificationMsg","$v":"ਬਦਲਣ ਲਈ ਛੂਹੋ।"},{"$i":"confirmNFCConnectBTenabledNameUnknown","$v":"Are you sure you want to connect to the device?"},{"$i":"confirmNFCConnectBTdisabledNameUnknown","$v":"Turn on Bluetooth and connect to the device?"},{"$i":"confirmNFCConnectBTenabledNameKnown","$v":["Are you sure you want to connect to ",{"t":"idOrVar","v":"deviceName"},"?"]},{"$i":"confirmNFCConnectBTdisabledNameKnown","$v":["Turn on Bluetooth and connect to ",{"t":"idOrVar","v":"deviceName"},"?"]},{"$i":"confirmNFCConnectBTdisabled","$v":"ਚਾਲੂ ਕਰੋ"},{"$i":"dismissNFCConnectBTdisabled","$v":"ਰੱਦ ਕਰੋ"},{"$i":"confirmation","$v":"ਪੁਸ਼ਟੀ ਕਰੋ"},{"$i":"deviceMenu","$v":"ਫ਼ੋਨ"},{"$i":"airplane","$v":"ਏਅਰਪਲੇਨ ਮੋਡ ਚਾਲੂ ਕਰੋ"},{"$i":"airplaneOff","$v":"ਏਅਰਪਲੇਨ ਮੋਡ ਬੰਦ ਕਰੋ"},{"$i":"silent","$v":"ਆਉਣ ਵਾਲੀਆਂ ਕਾਲਾਂ ਨੂੰ ਸ਼ਾਤ ਕਰੋ"},{"$i":"normal","$v":"ਆਉਣ ਵਾਲੀਆਂ ਕਾਲਾਂ ਲਈ ਘੰਟੀ ਕਰੋ"},{"$i":"restart","$v":"ਮੁੜ-ਚਾਲੂ ਕਰੋ"},{"$i":"power","$v":"ਬੰਦ ਕਰੋ"},{"$i":"no-recent-app-windows","$v":"ਤੁਹਾਡੀਆਂ ਤਾਜ਼ਾ ਐਪ ਵਿੰਡੋ ਨੂੰ ਇੱਥੇ ਵਿਖਾਇਆ ਜਾਂਦਾ ਹੈ"},{"$i":"no-recent-browser-windows","$v":"ਤੁਹਾਡੀਆਂ ਤਾਜ਼ਾ ਬਰਾਊਜ਼ਰ ਵਿੰਡੋ ਨੂੰ ਇੱਥੇ ਵਿਖਾਇਆ ਜਾਂਦਾ ਹੈ"},{"$i":"closeCard","ariaLabel":"ਖੋਲ੍ਹੋ"},{"$i":"openCard","ariaLabel":"ਬੰਦ ਕਰੋ"},{"$i":"yes","$v":"ਹਾ"},{"$i":"no","$v":"ਨਹੀਂ"},{"$i":"dontallow","$v":"ਇਜਾਜ਼ਤ ਨਾ ਦਿਉ"},{"$i":"allow","$v":"ਇਜਾਜ਼ਤ"},{"$i":"dontshare-geolocation","$v":"ਸਾਂਝਾ ਨਾ ਕਰੋ"},{"$i":"share-geolocation","$v":"ਸਾਂਝਾ ਕਰੋ"},{"$i":"dontshare-audio-capture","$v":"ਸਾਂਝਾ ਨਾ ਕਰੋ"},{"$i":"share-audio-capture","$v":"ਸਾਂਝਾ ਕਰੋ"},{"$i":"dontshare-video-capture","$v":"ਸਾਂਝਾ ਨਾ ਕਰੋ"},{"$i":"share-video-capture","$v":"ਸਾਂਝਾ ਕਰੋ"},{"$i":"dontshare-media-capture","$v":"ਸਾਂਝਾ ਨਾ ਕਰੋ"},{"$i":"share-media-capture","$v":"ਸਾਂਝਾ ਕਰੋ"},{"$i":"device-front","$v":"ਅਗਲਾ ਕੈਮਰਾ"},{"$i":"device-back","$v":"ਪਿਛਲਾ ਕੈਮਰਾ"},{"$i":"remember-my-choice","$v":"ਮੇਰੀ ਚੋਣ ਯਾਦ ਰੱਖੋ"},{"$i":"more-info","$v":"ਹੋਰ ਜਾਣਕਾਰੀ…"},{"$i":"hide-info","$v":"ਜਾਣਕਾਰੀ ਓਹਲੇ ਕਰੋ"},{"$i":"install-app","$v":["ਕੀ ",{"t":"idOrVar","v":"name"}," ਇੰਸਟਾਲ ਕਰਨੀ ਹੈ?"]},{"$i":"size","$v":"ਆਕਾਰ"},{"$i":"author","$v":"ਲੇਖਕ"},{"$i":"size-unknown","$v":"ਅਣਜਾਣ"},{"$i":"author-unknown","$v":"ਅਣਜਾਣ"},{"$i":"install","$v":"ਇੰਸਟਾਲ ਕਰੋ"},{"$i":"bytes","$v":"ਬਾਈਟ"},{"$i":"kB","$v":"KB"},{"$i":"MB","$v":"MB"},{"$i":"GB","$v":"GB"},{"$i":"TB","$v":"TB"},{"$i":"PB","$v":"PB"},{"$i":"app-install-generic-error","$v":[{"t":"idOrVar","v":"appName"}," download stopped"]},{"$i":"app-install-download-failed","$v":[{"t":"idOrVar","v":"appName"}," download failed"]},{"$i":"app-install-install-failed","$v":[{"t":"idOrVar","v":"appName"}," install failed"]},{"$i":"cancelling-will-not-refund","$v":"Cancelling will not refund a purchase. Refunds for paid content are provided by the original seller."},{"$i":"apps-can-be-installed-later","$v":"Apps can be installed later from the original installation source."},{"$i":"are-you-sure-you-want-to-cancel","$v":"ਕੀ ਤੁਸੀਂ ਇਹ ਇੰਸਟਾਲ ਨੂੰ ਰੱਦ ਕਰਨਾ ਚਾਹੁੰਦੇ ਹੋ?"},{"$i":"cancel-install","$v":"ਇੰਸਟਾਲ ਰੱਦ ਕਰੋ"},{"$i":"cancel-install-button","$v":"ਇੰਸਟਾਲ ਰੱਦ"},{"$i":"resume","$v":"ਮੁੜ-ਪ੍ਰਾਪਤ ਕਰੋ"},{"$i":"continue","$v":"ਜਾਰੀ ਰੱਖੋ"},{"$i":"stopDownloading","$v":[{"t":"idOrVar","v":"app"}," ਡਾਊਨਲੋਡ ਕਰਨ ਨੂੰ ਰੋਕਣਾ ਹੈ?"]},{"$i":"app-download-can-be-restarted","$v":"The download can be restarted later."},{"$i":"app-download-stop-button","$v":"ਡਾਊਨਲੋਡ ਰੋਕੋ"},{"$i":"not-enough-space","$v":"ਲੋੜੀਂਦੀ ਥਾਂ ਨਹੀਂ ਹੈ"},{"$i":"not-enough-space-message","$v":"There is not enough space to install this app. Free up space by deleting old apps or media, and try installing again from the original source."},{"$i":"app-install-success","$v":[{"t":"idOrVar","v":"appName"}," ਇੰਸਟਾਲ ਨਹੀਂ ਹੈ"]},{"$i":"langpack-install-success2","$v":[{"t":"idOrVar","v":"appName"}," installed. Go to Settings > Language to enable it."]},{"$i":"setup","$v":"ਸੈਟਅੱਪ"},{"$i":"ime-addkeyboards","$v":"ਕੀਬੋਰਡ ਜੋੜੋ"},{"$i":"later","$v":"ਬਾਅਦ ਵਿੱਚ"},{"$i":"download","$v":"ਡਾਊਨਲੋਡ ਕਰੋ"},{"$i":"wantToDownload","$v":"ਕੀ ਅੱਪਡੇਟ ਨੂੰ ਡਾਊਨਲੋਡ ਕਰਨਾ ਹੈ?"},{"$i":"wantToInstallNow","$v":"Do you want to install the update now? You will not be able to use your phone for a few minutes."},{"$i":"installNow","$v":"ਹੁਣੇ ਇੰਸਟਾਲ ਕਰੋ"},{"$i":"notNow","$v":"ਹੁਣੇ ਨਹੀਂ"},{"$i":"downloadingUpdateMessage","innerHTML":["Downloading updates… <span>",{"t":"idOrVar","v":"progress"}," downloaded.</span>"]},{"$i":"downloadingAppMessage","$v":[{"t":"idOrVar","v":"appName"}," ਡਾਊਨਲੋਡ ਕੀਤੀ ਜਾ ਰਹੀ ਹੈ"]},{"$i":"downloadingAppProgressNoMax","$v":[{"t":"idOrVar","v":"progress"}," ਡਾਊਨਲੋਡ ਕੀਤੀ"]},{"$i":"downloadingAppProgressIndeterminate","$v":"ਡਾਊਨਲੋਡ ਜਾਰੀ ਹੈ"},{"$i":"downloadingAppProgress","$v":[{"t":"idOrVar","v":"progress"}," / ",{"t":"idOrVar","v":"max"}," ਡਾਊਨਲੋਡ ਕੀਤਾ"]},{"$i":"cancelAllDownloads","$v":"ਸਭ ਡਾਊਨਲੋਡ ਰੱਦ ਕਰੋ"},{"$i":"wantToCancelAll","$v":"Are you sure you want to cancel all downloads?"},{"$i":"downloadError","$v":"There was an error while downloading the updates."},{"$i":"updateAvailableInfo","innerHTML":{"$x":[{"t":"idOrVar","v":"plural"},"n"],"$v":{"one":[{"t":"idOrVar","v":"n"}," update available. <span>Tap for more info.</span>"],"two":[{"t":"idOrVar","v":"n"}," updates available. <span>Tap for more info.</span>"],"few":[{"t":"idOrVar","v":"n"}," updates available. <span>Tap for more info.</span>"],"many":[{"t":"idOrVar","v":"n"}," updates available. <span>Tap for more info.</span>"],"other":[{"t":"idOrVar","v":"n"}," updates available. <span>Tap for more info.</span>"]}}},{"$i":"numberOfUpdates","$v":{"one":[{"t":"idOrVar","v":"n"}," ਅੱਪਡੇਟ ਮੌਜੂਦ ਹੈ"],"two":[{"t":"idOrVar","v":"n"}," ਅੱਪਡੇਟ ਮੌਜੂਦ ਹਨ"],"few":[{"t":"idOrVar","v":"n"}," ਅੱਪਡੇਟ ਮੌਜੂਦ ਹਨ"],"many":[{"t":"idOrVar","v":"n"}," ਅੱਪਡੇਟ ਮੌਜੂਦ ਹਨ"],"other":[{"t":"idOrVar","v":"n"}," ਅੱਪਡੇਟ ਮੌਜੂਦ ਹਨ"]},"$x":[{"t":"idOrVar","v":"plural"},"n"]},{"$i":"systemUpdate","$v":"ਸਿਸਟਮ ਅੱਪਡੇਟ"},{"$i":"systemUpdateReady","$v":"ਸਿਸਟਮ ਅੱਪਡੇਟ ਤਿਆਰ ਹੈ"},{"$i":"systemUpdateLowBatteryThreshold","$v":["You need at least ",{"t":"idOrVar","v":"threshold"},"% battery level to install the update."]},{"$i":"required","$v":"ਚਾਹੀਦੀ ਹੈ"},{"$i":"uncompressingMessage","innerHTML":"Uncompressing… <span>This can take a few minutes.</span>"},{"$i":"downloadWifiPrioritizedUsing2G","$v":"Updates are downloaded via data connection when Wi-Fi is not available. When using data connection, phone calls may be blocked and additional charges may also apply."},{"$i":"downloadWifiPrioritized3","$v":"Updates are downloaded via data connection when Wi-Fi is not available. When using data connection, additional charges may apply."},{"$i":"downloadNoWifiWarning","$v":"Wi-Fi unavailable. Updating over current connection may incur additional charges."},{"$i":"downloadOfflineWarning2","$v":"Connect to a network to download updates."},{"$i":"downloadUpdatesViaDataConnection","$v":"Download updates via data connection?"},{"$i":"downloadUpdatesVia2GForbidden3","$v":"Downloading updates is not possible on slow connections (2G). Please connect via Wi-Fi or 3G (if available) and try again."},{"$i":"downloadUpdatesViaDataConnectionMessage3","$v":"When using a data connection, additional costs may apply. Do you want to continue?"},{"$i":"downloadUpdatesViaDataRoamingConnection","$v":"Download updates via data roaming?"},{"$i":"downloadUpdatesViaDataRoamingConnectionMessage","$v":"You are currently roaming and additional charges may apply. Do you want to continue?"},{"$i":"screenshotSaved","$v":"ਸਕਰੀਨਸ਼ਾਟ ਨੂੰ ਗੈਲਰੀ ਵਿੱਚ ਸੰਭਾਲਿਆ"},{"$i":"screenshotFailed","$v":"ਸਕਰੀਨਸ਼ਾਟ ਨੂੰ ਸੰਭਾਲਿਆ ਨਹੀਂ ਜਾ ਸਕਿਆ"},{"$i":"screenshotNoSDCard","$v":"ਕੋਈ ਮੈਮੋਰੀ ਕਾਰਡ ਨਹੀਂ ਲੱਭਿਆ"},{"$i":"screenshotSDCardInUse","$v":"ਮੈਮੋਰੀ ਕਾਰਡ ਵਰਤੋਂ ਵਿੱਚ ਹੈ"},{"$i":"screenshotSDCardLow","$v":"Not enough space on memory card"},{"$i":"logsSaved","$v":"Logs saved to storage"},{"$i":"logsSaveError","$v":"Error while saving logs"},{"$i":"logsSaving","$v":"Capturing logs…"},{"$i":"logsOperationFailed","$v":["Operation ",{"t":"idOrVar","v":"operation"}," failed."]},{"$i":"logsGenericError","$v":"Unexpected error occurred."},{"$i":"logsSDCardMaybeShared","$v":"Make sure your SD card is not shared with your computer."},{"$i":"emergency-call-button","$v":"ਐਮਰਜੈਂਸੀ ਕਾਲ"},{"$i":"emergency-call","$v":"ਐਮਰਜੈਂਸੀ ਕਾਲ"},{"$i":"unlock-a11y-button","ariaLabel":"ਅਣਲਾਕ ਕਰੋ"},{"$i":"camera-a11y-button","ariaLabel":"ਕੈਮਰਾ"},{"$i":"longDateFormat","$v":"%B %A  %e"},{"$i":"panel-passcode","ariaLabel":"ਪਾਸਕੋਡ ਪੈਨ"},{"$i":"open-notification","$v":"ਖੋਲ੍ਹੋ"},{"$i":"softwareHomeButton","ariaLabel":"ਘਰ"},{"$i":"login","$v":"ਸਾਈਨ ਇਨ"},{"$i":"sign-in-to-website","$v":"ਵੈੱਬਸਾਈਟ ਵਿੱਚ ਸਾਇਨ ਇਨ"},{"$i":"username","$v":"ਵਰਤੋਂਕਾਰ ਨਾਂ"},{"$i":"password","$v":"ਪਾਸਵਰਡ"},{"$i":"http-authentication-message2","$v":["The website ",{"t":"idOrVar","v":"host"}," requires you to sign in."]},{"$i":"error-message","$v":[{"t":"idOrVar","v":"name"}," is not loading properly"]},{"$i":"error-title","$v":[{"t":"idOrVar","v":"name"}," is having problems"]},{"$i":"unable-to-connect","$v":"Unable to connect"},{"$i":"tap-to-check-settings","$v":"Tap to check settings"},{"$i":"delete-title","$v":[{"t":"idOrVar","v":"name"}," ਨੂੰ ਹਟਾਓ"]},{"$i":"delete-body","$v":[{"t":"idOrVar","v":"name"}," and all of its data will be deleted."]},{"$i":"delete","$v":"ਹਟਾਓ"},{"$i":"unrecoverable-error-title","$v":"ਐਪਲੀਕੇਸ਼ਨ ਹਟਾਓ"},{"$i":"unrecoverable-error-body","$v":"Cannot install application due to an unrecoverable error. Please try downloading again. The application will be removed."},{"$i":"unrecoverable-error-action","$v":"ਠੀਕ ਹੈ"},{"$i":"data-roaming-enabled-title","$v":"Turn on data roaming?"},{"$i":"data-roaming-enabled-warning2","$v":"In order to access the Internet, you need to turn on data roaming. Depending on your service agreement, extra charges may apply. Do you want to turn data on?"},{"$i":"select-time","$v":"ਸਮਾਂ ਚੁਣੋ"},{"$i":"choose-option","$v":"ਚੁਣੋ"},{"$i":"choose-options","$v":"ਚੁਣੋ"},{"$i":"select-day","$v":"ਦਿਨ ਚੁਣੋ"},{"$i":"battery-almost-empty3","$v":"ਤੁਹਾਡੀ ਬੈਟਰੀ ਘੱਟ ਹੈ"},{"$i":"plug-in-your-charger","$v":"ਆਪਣੇ ਚਾਰਜਰ ਦਾ ਪਲੱਗ ਲਗਾਉ।"},{"$i":"new-window","$v":"ਨਵੀਂ ਵਿੰਡੋ"},{"$i":"new-private-window","$v":"New private window"},{"$i":"show-windows","$v":"Show windows"},{"$i":"add-to-home-screen","$v":"ਮੁੱਖ ਸਕਰੀਨ ਵਿੱਚ ਜੋੜੋ"},{"$i":"crash-dialog2-os","$v":[{"t":"idOrVar","v":"brandShortName"}," just recovered from a crash"]},{"$i":"crash-dialog-app","$v":[{"t":"idOrVar","v":"name"}," just crashed"]},{"$i":"crash-dialog-app-noname","$v":"Something"},{"$i":"crash-dialog-message","$v":"Would you like to send Mozilla a report about the crash to help us fix the problem? (Reports are sent over Wi-Fi only.)"},{"$i":"crash-info-link","$v":"What’s in a crash report?"},{"$i":"crash-always-report","$v":"Always send Mozilla a report when a crash occurs."},{"$i":"crash-dont-send","$v":"Don’t Send"},{"$i":"crash-end","$v":"Send Report"},{"$i":"crashReports","$v":"Crash Reports"},{"$i":"done","$v":"Done"},{"$i":"crash-reports-description-1","$v":"A crash report contains some details about the crash and your device, as well as a snapshot of the state of your device when it crashed."},{"$i":"crash-reports-description-2","$v":"This may include things like open pages and apps, text typed into forms and the content of open messages, recent browsing history, or geolocation used by an open app."},{"$i":"crash-reports-description-3-start","$v":"We use crash reports to try to fix problems and improve our products. We handle your information as we describe in our "},{"$i":"crash-reports-description-3-privacy","$v":"ਪਰਦੇਦਾਰੀ ਨੀਤੀ"},{"$i":"crash-reports-description-3-end","$v":"।"},{"$i":"crash-banner-os2","$v":[{"t":"idOrVar","v":"brandShortName"}," just crashed."]},{"$i":"crash-banner-app","$v":[{"t":"idOrVar","v":"name"}," just crashed."]},{"$i":"crash-banner-report","$v":"Report"},{"$i":"bluetooth-sending-progress","$v":"Sending Bluetooth transfer…"},{"$i":"bluetooth-receiving-progress","$v":"Receiving Bluetooth transfer…"},{"$i":"acceptFileTransfer","$v":"Accept Bluetooth file transfer?"},{"$i":"wantToReceiveFile","$v":[{"t":"idOrVar","v":"deviceName"}," would like to transfer ",{"t":"idOrVar","v":"fileName"}," (",{"t":"idOrVar","v":"fileSize"},")."]},{"$i":"transfer-confirmation-title","$v":[{"t":"idOrVar","v":"deviceName"}]},{"$i":"transfer-confirmation-description","$v":"Review transfer request."},{"$i":"byteUnit-B","$v":"B"},{"$i":"byteUnit-KB","$v":"KB"},{"$i":"byteUnit-MB","$v":"MB"},{"$i":"byteUnit-GB","$v":"GB"},{"$i":"byteUnit-TB","$v":"TB"},{"$i":"byteUnit-PB","$v":"PB"},{"$i":"byteUnit-EB","$v":"EB"},{"$i":"byteUnit-ZB","$v":"ZB"},{"$i":"byteUnit-YB","$v":"YB"},{"$i":"fileSize","$v":[{"t":"idOrVar","v":"size"}," ",{"t":"idOrVar","v":"unit"}]},{"$i":"deny","$v":"ਇਨਕਾਰ"},{"$i":"transfer","$v":"ਟਰਾਂਸਫਰ ਕਰੋ"},{"$i":"cancelFileTransfer","$v":"Cancel Bluetooth file transfer?"},{"$i":"continueFileTransfer","$v":"Continue"},{"$i":"transfer-has-started-title","$v":"The transfer has started"},{"$i":"transfer-has-started-description","$v":"Check the progress in Notification center"},{"$i":"transferFinished-sentSuccessful-title","$v":"File sent"},{"$i":"transferFinished-receivedSuccessful-title","$v":"File received"},{"$i":"transferFinished-sentFailed-title","$v":"File could not be sent"},{"$i":"transferFinished-receivedFailed-title","$v":"File could not be received"},{"$i":"transferReport-title","$v":"Transfer report:"},{"$i":"transferReport-description","$v":[{"t":"idOrVar","v":"numSuccessful"}," files successful, ",{"t":"idOrVar","v":"numUnsuccessful"}," files unsuccessful"]},{"$i":"unknown-file","$v":"ਅਣਜਾਣ ਫ਼ਾਈਲ"},{"$i":"unknown-device","$v":"ਅਣਜਾਣ ਯੰਤਰ"},{"$i":"cannotOpenFile","$v":"Can not open received file"},{"$i":"unknownMediaTypeToOpenFile","$v":["Can not open unknown media type: ",{"t":"idOrVar","v":"fileName"}]},{"$i":"cannotReceiveFile","$v":"Can not receive file"},{"$i":"cannotGetStorageState","$v":"Can not get device storage state."},{"$i":"sdcard-not-exist2","$v":"No memory card found. Please insert a memory card."},{"$i":"sdcard-in-use","$v":"Bluetooth can not be used while phone is plugged in. Please unplug the phone to receive file(s)."},{"$i":"sdcard-no-space2","$v":"Can not complete transfer: memory card is full."},{"$i":"unknown-error","$v":"ਅਣਜਾਣ ਗਲਤੀ"},{"$i":"confirm","$v":"ਤਸਦੀਕ"},{"$i":"sdcard-detected-title","$v":"SD card detected"},{"$i":"sdcard-total-size-body","$v":["Total size: ",{"t":"idOrVar","v":"size"}," ",{"t":"idOrVar","v":"unit"}]},{"$i":"sdcard-unknown-size-then-tap-to-format-body","$v":"Unknown size, tap to format"},{"$i":"sdcard-removed-title","$v":"SD card removed"},{"$i":"sdcard-removed-ejected-successfully","$v":"Ejected successfully"},{"$i":"sdcard-removed-not-ejected-properly","$v":"Not ejected properly"},{"$i":"microphone-is-on","$v":"ਮਾਈਕ ਚਾਲੂ ਹੈ"},{"$i":"camera-is-on","$v":"ਕੈਮਰਾ ਚਾਲੂ ਹੈ"},{"$i":"media-is-on","$v":"Camera & Mic are ON"},{"$i":"noSimCard","$v":"ਸਿਮ ਕਾਰਡ ਨਹੀਂ"},{"$i":"simPin","$v":"ਸਿਮ ਪਿੰਨ"},{"$i":"pukCode","$v":"PUK ਕੋਡ"},{"$i":"nckCode","$v":"NCK ਕੋਡ"},{"$i":"cckCode","$v":"CCK ਕੋਡ"},{"$i":"spckCode","$v":"SPCK ਕੋਡ"},{"$i":"nck1code","$v":"NCK1 ਕੋਡ"},{"$i":"nck2code","$v":"NCK2 ਕੋਡ"},{"$i":"hnckcode","$v":"HNCK ਕੋਡ"},{"$i":"rcckcode","$v":"RCCK ਕੋਡ"},{"$i":"rspckcode","$v":"RSPCK ਕੋਡ"},{"$i":"whatIsSimPin","$v":"What is a SIM PIN?"},{"$i":"simPinIntro1","$v":"A SIM PIN prevents access to the SIM card cellular data networks. When it’s enabled, any device containing the SIM card will request the PIN upon restart."},{"$i":"simPinIntro2","$v":"A SIM PIN is not the same as the passcode used to unlock the device."},{"$i":"changeSimPin","$v":"Change PIN"},{"$i":"pinTitle","$v":"ਸਿਮ ਪਿੰਨ ਦਿਉ"},{"$i":"multiSIMpinTitle","$v":["Enter SIM ",{"t":"idOrVar","v":"n"}," PIN"]},{"$i":"pukTitle","$v":"PUK ਕੋਡ ਦਿਉ"},{"$i":"nckTitle","$v":"NCK ਕੋਡ ਦਿਉ"},{"$i":"cckTitle","$v":"CCK ਕੋਡ ਦਿਉ"},{"$i":"spckTitle","$v":"SCK ਕੋਡ ਦਿਉ"},{"$i":"nck1Title","$v":"NCK1 ਕੋਡ ਦਿਉ"},{"$i":"nck2Title","$v":"NCK2 ਕੋਡ ਦਿਉ"},{"$i":"hnckTitle","$v":"HNCK ਕੋਡ ਦਿਉ"},{"$i":"rcckTitle","$v":"RCCK ਕੋਡ ਦਿਉ"},{"$i":"rspckTitle","$v":"Enter RSPCK ਕੋਡ ਦਿਉ"},{"$i":"newpinTitle","$v":"ਨਵਾਂ ਪਿੰਨ"},{"$i":"inputCodeRetriesLeft","$v":{"one":"Last try.","two":[{"t":"idOrVar","v":"n"}," tries left."],"few":[{"t":"idOrVar","v":"n"}," tries left."],"many":[{"t":"idOrVar","v":"n"}," tries left."],"other":[{"t":"idOrVar","v":"n"}," tries left."]},"$x":[{"t":"idOrVar","v":"plural"},"n"]},{"$i":"pinErrorMsg","$v":"The PIN was incorrect."},{"$i":"pinAttemptMsg2","$v":{"one":"You have one try left to enter the correct code before locking the SIM card.","two":["You have ",{"t":"idOrVar","v":"n"}," tries left to enter the correct code before locking the SIM card."],"few":["You have ",{"t":"idOrVar","v":"n"}," tries left to enter the correct code before locking the SIM card."],"many":["You have ",{"t":"idOrVar","v":"n"}," tries left to enter the correct code before locking the SIM card."],"other":["You have ",{"t":"idOrVar","v":"n"}," tries left to enter the correct code before locking the SIM card."]},"$x":[{"t":"idOrVar","v":"plural"},"n"]},{"$i":"pinLastChanceMsg","$v":"This is your last chance to enter the correct PIN. Otherwise, you must enter the PUK code to use this SIM card."},{"$i":"simCardLockedMsg","$v":"The SIM card is locked."},{"$i":"enterPukMsg","$v":"You must enter the Personal Unlocking Key (PUK) code for the SIM card. Refer to your SIM card documentation or contact your carrier for more information."},{"$i":"pukErrorMsg","$v":"The PUK code is incorrect."},{"$i":"pukAttemptMsg2","$v":{"one":"You have one try left to enter the correct code before this SIM card will be permanently unusable. Refer to your SIM card documentation or contact your carrier for more information.","two":["You have ",{"t":"idOrVar","v":"n"}," tries left to enter the correct code before this SIM card will be permanently unusable. Refer to your SIM card documentation or contact your carrier for more information."],"few":["You have ",{"t":"idOrVar","v":"n"}," tries left to enter the correct code before this SIM card will be permanently unusable. Refer to your SIM card documentation or contact your carrier for more information."],"many":["You have ",{"t":"idOrVar","v":"n"}," tries left to enter the correct code before this SIM card will be permanently unusable. Refer to your SIM card documentation or contact your carrier for more information."],"other":["You have ",{"t":"idOrVar","v":"n"}," tries left to enter the correct code before this SIM card will be permanently unusable. Refer to your SIM card documentation or contact your carrier for more information."]},"$x":[{"t":"idOrVar","v":"plural"},"n"]},{"$i":"pukLastChanceMsg","$v":"Last chance to enter the correct PUK code. Your SIM card will be permanently unusable if you enter in the wrong PUK code. Refer to your SIM card documentation or contact your carrier for more information."},{"$i":"newSimPinMsg","$v":"Create PIN (must contain 4 to 8 digits)"},{"$i":"confirmNewSimPinMsg","$v":"Confirm new PIN"},{"$i":"newPinErrorMsg","$v":"PINs don’t match."},{"$i":"nckErrorMsg","$v":"The NCK code is incorrect."},{"$i":"nckAttemptMsg2","$v":{"one":"Network depersonalization request failure. You have one try left to enter the correct code. Refer to your device documentation or contact your carrier for more information.","two":["Network depersonalization request failure. You have ",{"t":"idOrVar","v":"n"}," tries left to enter the correct code. Refer to your device documentation or contact your carrier for more information."],"few":["Network depersonalization request failure. You have ",{"t":"idOrVar","v":"n"}," tries left to enter the correct code. Refer to your device documentation or contact your carrier for more information."],"many":["Network depersonalization request failure. You have ",{"t":"idOrVar","v":"n"}," tries left to enter the correct code. Refer to your device documentation or contact your carrier for more information."],"other":["Network depersonalization request failure. You have ",{"t":"idOrVar","v":"n"}," tries left to enter the correct code. Refer to your device documentation or contact your carrier for more information."]},"$x":[{"t":"idOrVar","v":"plural"},"n"]},{"$i":"nckLastChanceMsg","$v":"Network depersonalization request failure. Last chance to enter the correct NCK code. Refer to your device documentation or contact your carrier for more information."},{"$i":"activity-pick","$v":"ਤੋਂ ਚੁਣੋ:"},{"$i":"activity-view","$v":"ਨਾਲ ਵੇਖੋ:"},{"$i":"activity-test","$v":"Test with:"},{"$i":"activity-share","$v":"ਨਾਲ ਸਾਂਝਾ ਕਰੋ:"},{"$i":"activity-new","$v":"Create with:"},{"$i":"activity-open","$v":"Open with:"},{"$i":"activity-save-bookmark","$v":"Bookmark to:"},{"$i":"activity-record","$v":"Record from:"},{"$i":"activity-browse","$v":"Browse with:"},{"$i":"activity-configure","$v":"Configure with:"},{"$i":"activity-dial","$v":"Dial from:"},{"$i":"persona-signin","$v":"ਸਾਈਨ ਇਨ"},{"$i":"payment-flow","$v":"ਖਰੀਦੋ"},{"$i":"remoteDebuggerPromptUSB","$v":"Allow USB debugging connection?"},{"$i":"remoteDebuggerPromptTCP","$v":["Allow remote debugging connection from ",{"t":"idOrVar","v":"host"},":",{"t":"idOrVar","v":"port"},"?"]},{"$i":"devtools-auth-scan2","$v":"Scanning for the QR code displayed on your other device…"},{"$i":"fullscreen-request","$v":[{"t":"idOrVar","v":"origin"}," is now fullscreen."]},{"$i":"captive-wifi-available","$v":["The network ",{"t":"idOrVar","v":"networkName"}," was found. Join network?"]},{"$i":"ceWarningtitle","$v":"Volume warning"},{"$i":"ceWarningcontent","$v":"To prevent possible hearing damage, do not listen at high volume levels for long periods."},{"$i":"notification-powersaving-mode-on-title","$v":"ਊਰਜਾ ਬੱਚਤ ਮੋਡ"},{"$i":"notification-powersaving-mode-on-description","$v":"ਊਰਜਾ ਬੱਚਤ ਮੋਡ ਚਾਲੂ ਹੈ।"},{"$i":"low-device-storage","$v":"Device space low.\\n"},{"$i":"free-space","$v":{"zero":"No remaining free space.","one":["Less than ",{"t":"idOrVar","v":"value"}," ",{"t":"idOrVar","v":"unit"}," remaining."],"two":["Less than ",{"t":"idOrVar","v":"value"}," ",{"t":"idOrVar","v":"unit"}," remaining."],"few":["Less than ",{"t":"idOrVar","v":"value"}," ",{"t":"idOrVar","v":"unit"}," remaining."],"many":["Less than ",{"t":"idOrVar","v":"value"}," ",{"t":"idOrVar","v":"unit"}," remaining."],"other":["Less than ",{"t":"idOrVar","v":"value"}," ",{"t":"idOrVar","v":"unit"}," remaining."]},"$x":[{"t":"idOrVar","v":"plural"},"value"]},{"$i":"unknown-free-space","$v":"Unknown remaining space."},{"$i":"system-alert","$v":"ਸਿਸਟਮ ਚੇਤਾਵਨੀ"},{"$i":"cb-channel","$v":["ਚੈਨਲ ",{"t":"idOrVar","v":"channel"}]},{"$i":"cb-etws-warningType-earthquake","$v":"ਭੁਚਾਲ ਚੇਤਾਵਨੀ!"},{"$i":"cb-etws-warningType-tsunami","$v":"Tsunami warning!"},{"$i":"cb-etws-warningType-earthquake-tsunami","$v":"Earthquake-tsunami warning!"},{"$i":"cb-etws-warningType-test","$v":"Alert system is being tested."},{"$i":"cb-etws-warningType-other","$v":"Emergency warning!"},{"$i":"icc-message-maintitle","$v":"Operator message"},{"$i":"icc-message-subtitle","$v":["SIM ",{"t":"idOrVar","v":"id"}]},{"$i":"icc-confirmCall-defaultmessage","$v":["Call ",{"t":"idOrVar","v":"number"},"?"]},{"$i":"icc-alertMessage-send-ss","$v":"Send SS"},{"$i":"icc-alertMessage-send-ussd","$v":"Send USSD"},{"$i":"icc-alertMessage-send-sms","$v":"Send SMS"},{"$i":"icc-confirmMessage-defaultmessage","$v":"Send message?"},{"$i":"icc-inputbox-maintitle","$v":"STK Query"},{"$i":"icc-inputbox-subtitle","$v":["ਸਿਮ ",{"t":"idOrVar","v":"id"}]},{"$i":"emergency-callback-mode","$v":"Emergency call back mode"},{"$i":"emergency-callback-message","$v":"You can not make calls, send messages or go online because emergency callback mode is enabled. Would you like to turn it off?"},{"$i":"cdma-record-info","$v":"CDMA record information"},{"$i":"ime-switching-title","$v":[{"t":"idOrVar","v":"appName"},": ",{"t":"idOrVar","v":"name"}]},{"$i":"ime-switching-tip","$v":"Tap to switch input method"},{"$i":"shrinking-tip","$v":"ਸਾਂਝਾ ਕਰਨ ਲਈ ਸਕਰਾਉ"},{"$i":"download_started","$v":"Download started"},{"$i":"download_stopped","$v":"Download stopped"},{"$i":"download_downloading","$v":"Downloading…"},{"$i":"download_succeeded","$v":"Download complete"},{"$i":"download_failed","$v":"Download failed"},{"$i":"download_text_by_default","$v":[{"t":"idOrVar","v":"name"}]},{"$i":"download_downloading_text_2","$v":[{"t":"idOrVar","v":"percentage"},"% - ",{"t":"idOrVar","v":"name"}]},{"$i":"search-the-web","$v":"ਵੈੱਬ ਉੱਤੇ ਖੋਜ ਕਰੋ the web"},{"$i":"search-or-enter-address","$v":"ਖੋਜੋ ਜਾਂ ਸਿਰਨਾਵਾਂ ਦਿਉ","placeholder":"Search or enter address"},{"$i":"back-button","ariaLabel":"Back"},{"$i":"forward-button","ariaLabel":"Forward"},{"$i":"reload-button","ariaLabel":"Reload"},{"$i":"stop-button","ariaLabel":"Stop"},{"$i":"windows-button","ariaLabel":"Show windows"},{"$i":"noHotspotWhenAPMisOnWifiHotspot","$v":"Turn off airplane mode to use Wi-Fi hotspot."},{"$i":"apmActivated","$v":"Airplane mode activated"},{"$i":"open-in-new-window","$v":"Open in new window"},{"$i":"open-in-new-private-window","$v":"Open in new private window"},{"$i":"add-link-to-home-screen","$v":"Add link to home screen"},{"$i":"share-link","$v":"Share link"},{"$i":"save-image","$v":"Save Image"},{"$i":"save-video","$v":"Save Video"},{"$i":"save-audio","$v":"Save Audio"},{"$i":"save-link","$v":"Save linked file"},{"$i":"share-image","$v":"Share Image"},{"$i":"share-video","$v":"Share Video"},{"$i":"share-audio","$v":"Share Audio"},{"$i":"private-window","$v":"Private Window"},{"$i":"private-browser-title","$v":"You’re browsing privately"},{"$i":"private-window-detail1","$v":"The browser won’t keep any browser history, cookies, or temporary Internet files."},{"$i":"private-window-detail2","$v":"While this device won’t have a record of your browsing history, your Internet service provider can still track the pages you visit."},{"$i":"okCharsLeft","$v":["OK (",{"t":"idOrVar","v":"n"},")"]},{"$i":"network-error-in-app","$v":"No access to the Internet right now."},{"$i":"network-error-launching","$v":[{"t":"idOrVar","v":"name"}," requires an Internet connection."]},{"$i":"server-not-found","$v":"Server not found"},{"$i":"server-not-found-error","$v":["Can’t find the server at ",{"t":"idOrVar","v":"name"},"."]},{"$i":"file-not-found","$v":"File not found"},{"$i":"file-not-found-error","$v":"The device can’t display this page because the file cannot be found."},{"$i":"connection-failed","$v":"Unable to connect"},{"$i":"connection-failed-error","$v":"A network error occurred while trying to reach the site."},{"$i":"invalid-connection","$v":"Unable to connect"},{"$i":"invalid-connection-error","$v":"A network error occurred while trying to reach the site."},{"$i":"malformed-uri","$v":"URL not valid"},{"$i":"malformed-uri-error","$v":"The URL entered is not valid and cannot be loaded."},{"$i":"redirect-loop","$v":"Can’t display page"},{"$i":"redirect-loop-error","$v":"The device can’t display this page because the page is not redirecting properly. Try this page again at a later time."},{"$i":"not-cached","$v":"Page expired"},{"$i":"not-cached-error","$v":"As a security precaution, this page cannot be displayed by the device because it has expired."},{"$i":"is-printing-error","$v":"The document cannot change while Printing or in Print Preview."},{"$i":"denied-port-access","$v":"This address is restricted"},{"$i":"denied-port-access-error","$v":"This address uses a network port which is normally used for purposes other than Web browsing. The device has cancelled the request for your protection."},{"$i":"proxy-resolve-failure","$v":"Proxy Server Error"},{"$i":"proxy-resolve-failure-error","$v":"The device is configured to use a proxy server that can’t be found."},{"$i":"proxy-connect-failure","$v":"Proxy Server Error"},{"$i":"proxy-connect-failure-error","$v":"The device is configured to use a proxy server that is refusing connections."},{"$i":"content-encoding","$v":"Can’t display page"},{"$i":"content-encoding-error","$v":"The device can’t display this page because a content encoding error occurred."},{"$i":"remote-xul","$v":"Page unsupported"},{"$i":"remote-xul-error","$v":"This page can’t be displayed because it uses a technology that is not supported on the device."},{"$i":"phishing-blocked","$v":"Warning"},{"$i":"phishing-blocked-error","$v":"The website has been reported as a web forgery designed to trick users into sharing personal or financial information."},{"$i":"malware-blocked","$v":"Malware attack blocked"},{"$i":"malware-blocked-error","$v":"The site at has been reported as an attack site and has been blocked."},{"$i":"unsafe-content-type","$v":"Unsafe content"},{"$i":"unsafe-content-type-error","$v":"The page cannot be shown because it may not be safe to open."},{"$i":"corrupted-content","$v":"Can’t display page"},{"$i":"corrupted-content-error","$v":"The page cannot be shown because an error in the data transmission was detected."},{"$i":"try-again","$v":"ਫੇਰ ਕੋਸ਼ਿਸ਼ ਕਰੋ"},{"$i":"check-settings","$v":"ਸੈਟਿੰਗ ਚੈੱਕ ਕਰੋ"},{"$i":"accessibility-enableScreenReaderSteps","$v":"To enable screen reader, press volume up then volume down buttons three more times"},{"$i":"accessibility-disableScreenReaderSteps","$v":"To disable screen reader, press volume up then volume down buttons three more times"},{"$i":"accessibility-screenReaderStarted","$v":"Screen reader started"},{"$i":"accessibility-screenReaderStopped","$v":"Screen reader stopped"},{"$i":"accessibility-menubar","$v":"menu bar"},{"$i":"accessibility-scrollbar","$v":"scroll bar"},{"$i":"accessibility-grip","$v":"grip"},{"$i":"accessibility-alert","$v":"alert"},{"$i":"accessibility-menupopup","$v":"menu popup"},{"$i":"accessibility-document","$v":"document"},{"$i":"accessibility-pane","$v":"pane"},{"$i":"accessibility-dialog","$v":"dialog"},{"$i":"accessibility-separator","$v":"separator"},{"$i":"accessibility-toolbar","$v":"toolbar"},{"$i":"accessibility-statusbar","$v":"status bar"},{"$i":"accessibility-table","$v":"table"},{"$i":"accessibility-columnheader","$v":"column header"},{"$i":"accessibility-rowheader","$v":"row header"},{"$i":"accessibility-column","$v":"column"},{"$i":"accessibility-row","$v":"row"},{"$i":"accessibility-cell","$v":"cell"},{"$i":"accessibility-link","$v":"link"},{"$i":"accessibility-list","$v":"list"},{"$i":"accessibility-listitem","$v":"list item"},{"$i":"accessibility-outline","$v":"outline"},{"$i":"accessibility-outlineitem","$v":"outline item"},{"$i":"accessibility-pagetab","$v":"tab"},{"$i":"accessibility-propertypage","$v":"property page"},{"$i":"accessibility-graphic","$v":"graphic"},{"$i":"accessibility-pushbutton","$v":"button"},{"$i":"accessibility-checkbutton","$v":"check button"},{"$i":"accessibility-radiobutton","$v":"radio button"},{"$i":"accessibility-combobox","$v":"combo box"},{"$i":"accessibility-progressbar","$v":"progress bar"},{"$i":"accessibility-slider","$v":"slider"},{"$i":"accessibility-spinbutton","$v":"spin button"},{"$i":"accessibility-diagram","$v":"diagram"},{"$i":"accessibility-animation","$v":"animation"},{"$i":"accessibility-equation","$v":"equation"},{"$i":"accessibility-buttonmenu","$v":"button menu"},{"$i":"accessibility-whitespace","$v":"white space"},{"$i":"accessibility-pagetablist","$v":"tab list"},{"$i":"accessibility-canvas","$v":"canvas"},{"$i":"accessibility-checkmenuitem","$v":"check menu item"},{"$i":"accessibility-label","$v":"label"},{"$i":"accessibility-passwordtext","$v":"password text"},{"$i":"accessibility-radiomenuitem","$v":"radio menu item"},{"$i":"accessibility-textcontainer","$v":"text container"},{"$i":"accessibility-togglebutton","$v":"toggle button"},{"$i":"accessibility-treetable","$v":"tree table"},{"$i":"accessibility-header","$v":"header"},{"$i":"accessibility-footer","$v":"footer"},{"$i":"accessibility-paragraph","$v":"paragraph"},{"$i":"accessibility-entry","$v":"entry"},{"$i":"accessibility-caption","$v":"caption"},{"$i":"accessibility-heading","$v":"heading"},{"$i":"accessibility-section","$v":"section"},{"$i":"accessibility-form","$v":"form"},{"$i":"accessibility-comboboxlist","$v":"combo box list"},{"$i":"accessibility-comboboxoption","$v":"combo box option"},{"$i":"accessibility-imagemap","$v":"image map"},{"$i":"accessibility-listboxoption","$v":"option"},{"$i":"accessibility-listbox","$v":"list box"},{"$i":"accessibility-flatequation","$v":"flat equation"},{"$i":"accessibility-gridcell","$v":"gridcell"},{"$i":"accessibility-note","$v":"note"},{"$i":"accessibility-figure","$v":"figure"},{"$i":"accessibility-definitionlist","$v":"definition list"},{"$i":"accessibility-term","$v":"term"},{"$i":"accessibility-definition","$v":"definition"},{"$i":"accessibility-textarea","$v":"text area"},{"$i":"accessibility-textInputType_date","$v":"date"},{"$i":"accessibility-textInputType_email","$v":"e-mail"},{"$i":"accessibility-textInputType_search","$v":"search"},{"$i":"accessibility-textInputType_tel","$v":"telephone"},{"$i":"accessibility-textInputType_url","$v":"URL"},{"$i":"accessibility-headingLevel","$v":["heading level ",{"t":"idOrVar","v":"0"}]},{"$i":"accessibility-listStart","$v":"First item"},{"$i":"accessibility-listEnd","$v":"Last item"},{"$i":"accessibility-listItemsCount","$v":{"zero":[{"t":"idOrVar","v":"count"}," items"],"one":[{"t":"idOrVar","v":"count"}," item"],"two":[{"t":"idOrVar","v":"count"}," items"],"few":[{"t":"idOrVar","v":"count"}," items"],"many":[{"t":"idOrVar","v":"count"}," items"],"other":[{"t":"idOrVar","v":"count"}," items"]},"$x":[{"t":"idOrVar","v":"plural"},"count"]},{"$i":"accessibility-objItemOfN","$v":[{"t":"idOrVar","v":"0"}," of ",{"t":"idOrVar","v":"1"}]},{"$i":"accessibility-banner","$v":"banner"},{"$i":"accessibility-complementary","$v":"complementary"},{"$i":"accessibility-contentinfo","$v":"content info"},{"$i":"accessibility-main","$v":"main"},{"$i":"accessibility-navigation","$v":"navigation"},{"$i":"accessibility-search","$v":"search"},{"$i":"accessibility-tblColumnInfo","$v":{"zero":["with ",{"t":"idOrVar","v":"count"}," columns"],"one":["with ",{"t":"idOrVar","v":"count"}," column"],"two":["with ",{"t":"idOrVar","v":"count"}," columns"],"few":["with ",{"t":"idOrVar","v":"count"}," columns"],"many":["with ",{"t":"idOrVar","v":"count"}," columns"],"other":["with ",{"t":"idOrVar","v":"count"}," columns"]},"$x":[{"t":"idOrVar","v":"plural"},"count"]},{"$i":"accessibility-tblRowInfo","$v":{"zero":["and ",{"t":"idOrVar","v":"count"}," rows"],"one":["and ",{"t":"idOrVar","v":"count"}," row"],"two":["and ",{"t":"idOrVar","v":"count"}," rows"],"few":["and ",{"t":"idOrVar","v":"count"}," rows"],"many":["and ",{"t":"idOrVar","v":"count"}," rows"],"other":["and ",{"t":"idOrVar","v":"count"}," rows"]},"$x":[{"t":"idOrVar","v":"plural"},"count"]},{"$i":"accessibility-columnInfo","$v":["Column ",{"t":"idOrVar","v":"0"}]},{"$i":"accessibility-rowInfo","$v":["Row ",{"t":"idOrVar","v":"0"}]},{"$i":"accessibility-spansColumns","$v":{"zero":["spans ",{"t":"idOrVar","v":"0"}," columns"],"one":["spans ",{"t":"idOrVar","v":"0"}," column"],"two":["spans ",{"t":"idOrVar","v":"0"}," columns"],"few":["spans ",{"t":"idOrVar","v":"0"}," columns"],"many":["spans ",{"t":"idOrVar","v":"0"}," columns"],"other":["spans ",{"t":"idOrVar","v":"0"}," columns"]},"$x":[{"t":"idOrVar","v":"plural"},"0"]},{"$i":"accessibility-spansRows","$v":{"zero":["spans ",{"t":"idOrVar","v":"0"}," rows"],"one":["spans ",{"t":"idOrVar","v":"0"}," row"],"two":["spans ",{"t":"idOrVar","v":"0"}," rows"],"few":["spans ",{"t":"idOrVar","v":"0"}," rows"],"many":["spans ",{"t":"idOrVar","v":"0"}," rows"],"other":["spans ",{"t":"idOrVar","v":"0"}," rows"]},"$x":[{"t":"idOrVar","v":"plural"},"0"]},{"$i":"accessibility-jumpAction","$v":"jumped"},{"$i":"accessibility-pressAction","$v":"pressed"},{"$i":"accessibility-checkAction","$v":"checked"},{"$i":"accessibility-uncheckAction","$v":"unchecked"},{"$i":"accessibility-selectAction","$v":"selected"},{"$i":"accessibility-unselectAction","$v":"unselected"},{"$i":"accessibility-openAction","$v":"opened"},{"$i":"accessibility-closeAction","$v":"closed"},{"$i":"accessibility-switchAction","$v":"switched"},{"$i":"accessibility-clickAction","$v":"clicked"},{"$i":"accessibility-collapseAction","$v":"collapsed"},{"$i":"accessibility-expandAction","$v":"expanded"},{"$i":"accessibility-activateAction","$v":"activated"},{"$i":"accessibility-cycleAction","$v":"cycled"},{"$i":"accessibility-hidden","$v":"hidden"},{"$i":"accessibility-tabLoading","$v":"loading"},{"$i":"accessibility-tabLoaded","$v":"loaded"},{"$i":"accessibility-tabNew","$v":"new tab"},{"$i":"accessibility-tabLoadStopped","$v":"loading stopped"},{"$i":"accessibility-tabReload","$v":"reloading"},{"$i":"accessibility-stateChecked","$v":"checked"},{"$i":"accessibility-stateNotChecked","$v":"not checked"},{"$i":"accessibility-statePressed","$v":"pressed"},{"$i":"accessibility-stateExpanded","$v":"expanded"},{"$i":"accessibility-stateCollapsed","$v":"collapsed"},{"$i":"accessibility-stateUnavailable","$v":"unavailable"},{"$i":"accessibility-stateRequired","$v":"required"},{"$i":"accessibility-stateTraversed","$v":"visited"},{"$i":"accessibility-stateHasPopup","$v":"has pop up"},{"$i":"accessibility-stateSelected","$v":"selected"},{"$i":"accessibility-editingMode","$v":"editing"},{"$i":"accessibility-navigationMode","$v":"navigating"},{"$i":"accessibility-quicknav_Simple","$v":"Default"},{"$i":"accessibility-quicknav_Anchor","$v":"Anchors"},{"$i":"accessibility-quicknav_Button","$v":"Buttons"},{"$i":"accessibility-quicknav_Combobox","$v":"Combo boxes"},{"$i":"accessibility-quicknav_Landmark","$v":"Landmarks"},{"$i":"accessibility-quicknav_Entry","$v":"Entries"},{"$i":"accessibility-quicknav_FormElement","$v":"Form elements"},{"$i":"accessibility-quicknav_Graphic","$v":"Images"},{"$i":"accessibility-quicknav_Heading","$v":"Headings"},{"$i":"accessibility-quicknav_ListItem","$v":"List items"},{"$i":"accessibility-quicknav_Link","$v":"Links"},{"$i":"accessibility-quicknav_List","$v":"Lists"},{"$i":"accessibility-quicknav_PageTab","$v":"Page tabs"},{"$i":"accessibility-quicknav_RadioButton","$v":"Radio buttons"},{"$i":"accessibility-quicknav_Separator","$v":"Separators"},{"$i":"accessibility-quicknav_Table","$v":"Tables"},{"$i":"accessibility-quicknav_Checkbox","$v":"Check boxes"},{"$i":"accessibility-menubarAbbr","$v":"menu bar"},{"$i":"accessibility-scrollbarAbbr","$v":"scroll bar"},{"$i":"accessibility-gripAbbr","$v":"grip"},{"$i":"accessibility-alertAbbr","$v":"alert"},{"$i":"accessibility-menupopupAbbr","$v":"menu popup"},{"$i":"accessibility-documentAbbr","$v":"document"},{"$i":"accessibility-paneAbbr","$v":"pane"},{"$i":"accessibility-dialogAbbr","$v":"dialog"},{"$i":"accessibility-separatorAbbr","$v":"separator"},{"$i":"accessibility-toolbarAbbr","$v":"toolbar"},{"$i":"accessibility-statusbarAbbr","$v":"status bar"},{"$i":"accessibility-tableAbbr","$v":"tbl"},{"$i":"accessibility-columnheaderAbbr","$v":"column header"},{"$i":"accessibility-rowheaderAbbr","$v":"row header"},{"$i":"accessibility-columnAbbr","$v":"column"},{"$i":"accessibility-rowAbbr","$v":"row"},{"$i":"accessibility-cellAbbr","$v":"cell"},{"$i":"accessibility-linkAbbr","$v":"lnk"},{"$i":"accessibility-listAbbr","$v":"list"},{"$i":"accessibility-listitemAbbr","$v":"list item"},{"$i":"accessibility-outlineAbbr","$v":"outline"},{"$i":"accessibility-outlineitemAbbr","$v":"outline item"},{"$i":"accessibility-pagetabAbbr","$v":"tab"},{"$i":"accessibility-propertypageAbbr","$v":"property page"},{"$i":"accessibility-graphicAbbr","$v":"graphic"},{"$i":"accessibility-pushbuttonAbbr","$v":"btn"},{"$i":"accessibility-checkbuttonAbbr","$v":"check button"},{"$i":"accessibility-radiobuttonAbbr","$v":"radio button"},{"$i":"accessibility-comboboxAbbr","$v":"combo box"},{"$i":"accessibility-progressbarAbbr","$v":"progress bar"},{"$i":"accessibility-sliderAbbr","$v":"slider"},{"$i":"accessibility-spinbuttonAbbr","$v":"spin button"},{"$i":"accessibility-diagramAbbr","$v":"diagram"},{"$i":"accessibility-animationAbbr","$v":"animation"},{"$i":"accessibility-equationAbbr","$v":"equation"},{"$i":"accessibility-buttonmenuAbbr","$v":"button menu"},{"$i":"accessibility-whitespaceAbbr","$v":"white space"},{"$i":"accessibility-pagetablistAbbr","$v":"tab list"},{"$i":"accessibility-canvasAbbr","$v":"canvas"},{"$i":"accessibility-checkmenuitemAbbr","$v":"check menu item"},{"$i":"accessibility-labelAbbr","$v":"label"},{"$i":"accessibility-passwordtextAbbr","$v":"passwdtxt"},{"$i":"accessibility-radiomenuitemAbbr","$v":"radio menu item"},{"$i":"accessibility-textcontainerAbbr","$v":"text container"},{"$i":"accessibility-togglebuttonAbbr","$v":"toggle button"},{"$i":"accessibility-treetableAbbr","$v":"tree table"},{"$i":"accessibility-headerAbbr","$v":"header"},{"$i":"accessibility-footerAbbr","$v":"footer"},{"$i":"accessibility-paragraphAbbr","$v":"paragraph"},{"$i":"accessibility-entryAbbr","$v":"entry"},{"$i":"accessibility-captionAbbr","$v":"caption"},{"$i":"accessibility-headingAbbr","$v":"heading"},{"$i":"accessibility-sectionAbbr","$v":"section"},{"$i":"accessibility-formAbbr","$v":"form"},{"$i":"accessibility-comboboxlistAbbr","$v":"combo box list"},{"$i":"accessibility-comboboxoptionAbbr","$v":"combo box option"},{"$i":"accessibility-imagemapAbbr","$v":"imgmap"},{"$i":"accessibility-listboxoptionAbbr","$v":"option"},{"$i":"accessibility-listboxAbbr","$v":"list box"},{"$i":"accessibility-flatequationAbbr","$v":"flat equation"},{"$i":"accessibility-gridcellAbbr","$v":"gridcell"},{"$i":"accessibility-noteAbbr","$v":"note"},{"$i":"accessibility-figureAbbr","$v":"fig"},{"$i":"accessibility-definitionlistAbbr","$v":"definition list"},{"$i":"accessibility-termAbbr","$v":"term"},{"$i":"accessibility-definitionAbbr","$v":"definition"},{"$i":"accessibility-textareaAbbr","$v":"txtarea"},{"$i":"accessibility-tblColumnInfoAbbr","$v":{"one":[{"t":"idOrVar","v":"count"},"c"],"two":[{"t":"idOrVar","v":"count"},"c"],"few":[{"t":"idOrVar","v":"count"},"c"],"many":[{"t":"idOrVar","v":"count"},"c"],"other":[{"t":"idOrVar","v":"count"},"c"]},"$x":[{"t":"idOrVar","v":"plural"},"count"]},{"$i":"accessibility-tblRowInfoAbbr","$v":{"one":[{"t":"idOrVar","v":"count"},"r"],"two":[{"t":"idOrVar","v":"count"},"r"],"few":[{"t":"idOrVar","v":"count"},"r"],"many":[{"t":"idOrVar","v":"count"},"r"],"other":[{"t":"idOrVar","v":"count"},"r"]},"$x":[{"t":"idOrVar","v":"plural"},"count"]},{"$i":"accessibility-cellInfoAbbr","$v":["c",{"t":"idOrVar","v":"0"},"r",{"t":"idOrVar","v":"1"}]},{"$i":"accessibility-stateCheckedAbbr","$v":"(x)"},{"$i":"accessibility-stateUncheckedAbbr","$v":"( )"},{"$i":"accessibility-statePressedAbbr","$v":"(x)"},{"$i":"accessibility-stateUnpressedAbbr","$v":"( )"},{"$i":"accessibility-pushbutton-hint","$v":"Double tap to activate"},{"$i":"accessibility-checkbutton-hint","$v":"Double tap to activate"},{"$i":"accessibility-combobox-hint","$v":"Double tap to activate"},{"$i":"accessibility-key-hint","$v":"Prese and hold to activate"},{"$i":"accessibility-link-hint","$v":"Double tap to activate"},{"$i":"accessibility-menuitem-hint","$v":"Double tap to activate"},{"$i":"accessibility-option-hint","$v":"Double tap to activate"},{"$i":"accessibility-radiobutton-hint","$v":"Double tap to activate"},{"$i":"accessibility-slider-hint","$v":"Swipe up to increase or down to decrease"},{"$i":"accessibility-spinbutton-hint","$v":"Swipe up to increase or down to decrease"},{"$i":"accessibility-pagetab-hint","$v":"Double tap to activate"},{"$i":"accessibility-entry-hint","$v":"Double tap to activate"},{"$i":"accessibility-outlineitem-hint","$v":"Double tap to activate"},{"$i":"weekday-0-long","$v":"ਐਤਵਾਰ"},{"$i":"weekday-1-long","$v":"ਸੋਮਵਾਰ"},{"$i":"weekday-2-long","$v":"ਮੰਗਲਵਾਰ"},{"$i":"weekday-3-long","$v":"ਬੁੱਧਵਾਰ"},{"$i":"weekday-4-long","$v":"ਵੀਰਵਾਰ"},{"$i":"weekday-5-long","$v":"ਸ਼ੁੱਕਰਵਾਰ"},{"$i":"weekday-6-long","$v":"ਸ਼ਨਿੱਚਰਵਾਰ"},{"$i":"weekday-0-short","$v":"ਐਤ"},{"$i":"weekday-1-short","$v":"ਸੋਮ"},{"$i":"weekday-2-short","$v":"ਮੰਗਲ"},{"$i":"weekday-3-short","$v":"ਬੁੱਧ"},{"$i":"weekday-4-short","$v":"ਵੀਰ"},{"$i":"weekday-5-short","$v":"ਸ਼ੁੱਕਰ"},{"$i":"weekday-6-short","$v":"ਸ਼ਨਿੱ"},{"$i":"month-0-long","$v":"ਜਨਵਰੀ"},{"$i":"month-1-long","$v":"ਫਰਵਰੀ"},{"$i":"month-2-long","$v":"ਮਾਰਚ"},{"$i":"month-3-long","$v":"ਅਪਰੈਲ"},{"$i":"month-4-long","$v":"ਮਈ"},{"$i":"month-5-long","$v":"ਜੂਨ"},{"$i":"month-6-long","$v":"ਜੁਲਾਈ"},{"$i":"month-7-long","$v":"ਅਗਸਤ"},{"$i":"month-8-long","$v":"ਸਤੰਬਰ"},{"$i":"month-9-long","$v":"ਅਕਤੂਬਰ"},{"$i":"month-10-long","$v":"ਨਵੰਬਰ"},{"$i":"month-11-long","$v":"ਦਸੰਬਰ"},{"$i":"month-0-genitive","$v":"ਜਨਵਰੀ"},{"$i":"month-1-genitive","$v":"ਫਰਵਰੀ"},{"$i":"month-2-genitive","$v":"ਮਾਰਚ"},{"$i":"month-3-genitive","$v":"ਅਪਰੈਲ"},{"$i":"month-4-genitive","$v":"ਮਈ"},{"$i":"month-5-genitive","$v":"ਜੂਨ"},{"$i":"month-6-genitive","$v":"ਜੁਲਾਈ"},{"$i":"month-7-genitive","$v":"ਅਗਸਤ"},{"$i":"month-8-genitive","$v":"ਸਤੰਬਰ"},{"$i":"month-9-genitive","$v":"ਅਕਤੂਬਰ"},{"$i":"month-10-genitive","$v":"ਨਵੰਬਰ"},{"$i":"month-11-genitive","$v":"ਦਸੰਬਰ"},{"$i":"month-0-short","$v":"ਜਨ"},{"$i":"month-1-short","$v":"ਫਰ"},{"$i":"month-2-short","$v":"ਮਾਰ"},{"$i":"month-3-short","$v":"ਅਪ"},{"$i":"month-4-short","$v":"ਮਈ"},{"$i":"month-5-short","$v":"ਜੂਨ"},{"$i":"month-6-short","$v":"ਜੁਲਾ"},{"$i":"month-7-short","$v":"ਅਗ"},{"$i":"month-8-short","$v":"ਸਤੰ"},{"$i":"month-9-short","$v":"ਅਕਤੂ"},{"$i":"month-10-short","$v":"ਨਵੰ"},{"$i":"month-11-short","$v":"ਦਸੰ"},{"$i":"minutes-ago-long","$v":{"zero":"ਹੁਣੇ ਹੀਂ","one":"ਮਿੰਟ ਕੁ ਪਹਿਲਾਂ","two":[{"t":"idOrVar","v":"value"}," ਮਿੰਟ ਪਹਿਲਾਂ"],"few":[{"t":"idOrVar","v":"value"}," ਮਿੰਟ ਪਹਿਲਾਂ"],"many":[{"t":"idOrVar","v":"value"}," ਮਿੰਟ ਪਹਿਲਾਂ"],"other":[{"t":"idOrVar","v":"value"},"  ਮਿੰਟ ਪਹਿਲਾਂ"]},"$x":[{"t":"idOrVar","v":"plural"},"value"]},{"$i":"hours-ago-long","$v":{"zero":"ਹੁਣੇ ਹੀ","one":"ਘੰਟਾ ਪਹਿਲਾਂ","two":[{"t":"idOrVar","v":"value"}," ਘੰਟੇ ਪਹਿਲਾਂ"],"few":[{"t":"idOrVar","v":"value"}," ਘੰਟੇ ਪਹਿਲਾਂ"],"many":[{"t":"idOrVar","v":"value"}," ਘੰਟੇ ਪਹਿਲਾਂ"],"other":[{"t":"idOrVar","v":"value"}," ਘੰਟੇ ਪਹਿਲਾਂ"]},"$x":[{"t":"idOrVar","v":"plural"},"value"]},{"$i":"days-ago-long","$v":{"zero":"ਅੱਜ","one":"ਕੱਲ੍ਹ","two":[{"t":"idOrVar","v":"value"}," ਦਿਨ ਪਹਿਲਾਂ"],"few":[{"t":"idOrVar","v":"value"}," ਦਿਨ ਪਹਿਲਾਂ"],"many":[{"t":"idOrVar","v":"value"}," ਦਿਨ ਪਹਿਲਾਂ"],"other":[{"t":"idOrVar","v":"value"}," ਦਿਨ ਪਹਿਲਾਂ"]},"$x":[{"t":"idOrVar","v":"plural"},"value"]},{"$i":"weeks-ago-long","$v":{"zero":"ਇਹ ਹਫ਼ਤੇ","one":"ਪਿਛਲੇ ਹਫ਼ਤੇ","two":[{"t":"idOrVar","v":"value"}," ਹਫ਼ਤੇ ਪਹਿਲਾਂ"],"few":[{"t":"idOrVar","v":"value"}," ਹਫ਼ਤੇ ਪਹਿਲਾਂ"],"many":[{"t":"idOrVar","v":"value"}," ਹਫ਼ਤੇ ਪਹਿਲਾਂ"],"other":[{"t":"idOrVar","v":"value"}," ਹਫ਼ਤੇ ਪਹਿਲਾਂ"]},"$x":[{"t":"idOrVar","v":"plural"},"value"]},{"$i":"months-ago-long","$v":{"zero":"ਇਹ ਮਹੀਨੇ","one":"ਪਿਛਲੇ ਮਹੀਨੇ","two":[{"t":"idOrVar","v":"value"}," ਮਹੀਨੇ ਪਹਿਲਾਂ"],"few":[{"t":"idOrVar","v":"value"}," ਮਹੀਨੇ ਪਹਿਲਾਂ"],"many":[{"t":"idOrVar","v":"value"}," ਮਹੀਨੇ ਪਹਿਲਾਂ"],"other":[{"t":"idOrVar","v":"value"}," ਮਹੀਨੇ ਪਹਿਲਾਂ"]},"$x":[{"t":"idOrVar","v":"plural"},"value"]},{"$i":"years-ago-long","$v":{"zero":"ਇਹ ਸਾਲ","one":"ਪਿਛਲੇ ਸਾਲ","two":[{"t":"idOrVar","v":"value"}," ਸਾਲ ਪਹਿਲਾਂ"],"few":[{"t":"idOrVar","v":"value"}," ਸਾਲ ਪਹਿਲਾਂ"],"many":[{"t":"idOrVar","v":"value"}," ਸਾਲ ਪਹਿਲਾਂ"],"other":[{"t":"idOrVar","v":"value"}," ਸਾਲ ਪਹਿਲਾਂ"]},"$x":[{"t":"idOrVar","v":"plural"},"value"]},{"$i":"minutes-until-long","$v":{"zero":"ਹੁਣ","one":"ਮਿੰਟ ਵਿੱਚ","two":[{"t":"idOrVar","v":"value"}," ਮਿੰਟਾਂ ਵਿੱਚ"],"few":[{"t":"idOrVar","v":"value"}," ਮਿੰਟਾਂ ਵਿੱਚ"],"many":[{"t":"idOrVar","v":"value"}," ਮਿੰਟਾਂ ਵਿੱਚ"],"other":[{"t":"idOrVar","v":"value"}," ਮਿੰਟਾਂ ਵਿੱਚ"]},"$x":[{"t":"idOrVar","v":"plural"},"value"]},{"$i":"hours-until-long","$v":{"zero":"ਹੁਣ","one":"ਇੱਕ ਘੰਟੇ ਵਿੱਚ","two":[{"t":"idOrVar","v":"value"}," ਘੰਟਿਆਂ ਵਿੱਚ"],"few":[{"t":"idOrVar","v":"value"}," ਘੰਟਿਆਂ ਵਿੱਚ"],"many":[{"t":"idOrVar","v":"value"}," ਘੰਟਿਆਂ ਵਿੱਚ"],"other":[{"t":"idOrVar","v":"value"}," ਘੰਟਿਆਂ ਵਿੱਚ"]},"$x":[{"t":"idOrVar","v":"plural"},"value"]},{"$i":"days-until-long","$v":{"zero":"ਅੱਜ","one":"ਭਲਕੇ","two":[{"t":"idOrVar","v":"value"}," ਦਿਨਾਂ ਵਿੱਚ"],"few":[{"t":"idOrVar","v":"value"}," ਦਿਨਾਂ ਵਿੱਚ"],"many":[{"t":"idOrVar","v":"value"}," ਦਿਨਾਂ ਵਿੱਚ"],"other":[{"t":"idOrVar","v":"value"}," ਦਿਨਾਂ ਵਿੱਚ"]},"$x":[{"t":"idOrVar","v":"plural"},"value"]},{"$i":"weeks-until-long","$v":{"zero":"ਇਸ ਹਫ਼ਤੇ","one":"ਅਗਲੇ ਹਫ਼ਤੇ","two":[{"t":"idOrVar","v":"value"}," ਹਫ਼ਤਿਆਂ ਵਿੱਚ"],"few":[{"t":"idOrVar","v":"value"}," ਹਫ਼ਤਿਆਂ ਵਿੱਚ"],"many":[{"t":"idOrVar","v":"value"}," ਹਫ਼ਤਿਆਂ ਵਿੱਚ"],"other":[{"t":"idOrVar","v":"value"}," ਹਫ਼ਤਿਆਂ ਵਿੱਚ"]},"$x":[{"t":"idOrVar","v":"plural"},"value"]},{"$i":"months-until-long","$v":{"zero":"ਇਸ ਮਹੀਨੇ","one":"ਅਗਲੇ ਮਹੀਨੇ","two":[{"t":"idOrVar","v":"value"}," ਮਹੀਨਿਆਂ ਵਿੱਚ"],"few":[{"t":"idOrVar","v":"value"}," ਮਹੀਨਿਆਂ ਵਿੱਚ"],"many":[{"t":"idOrVar","v":"value"}," ਮਹੀਨਿਆਂ ਵਿੱਚ"],"other":[{"t":"idOrVar","v":"value"}," ਮਹੀਨਿਆਂ ਵਿੱਚ"]},"$x":[{"t":"idOrVar","v":"plural"},"value"]},{"$i":"years-until-long","$v":{"zero":"ਇਸ ਸਾਲ","one":"ਅਗਲੇ ਸਾਲ","two":[{"t":"idOrVar","v":"value"}," ਸਾਲਾਂ ਵਿੱਚ"],"few":[{"t":"idOrVar","v":"value"}," ਸਾਲਾਂ ਵਿੱਚ"],"many":[{"t":"idOrVar","v":"value"}," ਸਾਲਾਂ ਵਿੱਚ"],"other":[{"t":"idOrVar","v":"value"}," ਸਾਲਾਂ ਵਿੱਚ"]},"$x":[{"t":"idOrVar","v":"plural"},"value"]},{"$i":"minutes-ago-short","$v":{"zero":"ਹੁਣੇ ਹੀ","other":[{"t":"idOrVar","v":"value"},"ਮਿੰ ਪਹਿਲਾਂ"]},"$x":[{"t":"idOrVar","v":"plural"},"value"]},{"$i":"hours-ago-short","$v":{"zero":"ਹੁਣੇ ਹੀਂ","other":[{"t":"idOrVar","v":"value"},"ਘੰ ਪਹਿਲਾਂ"]},"$x":[{"t":"idOrVar","v":"plural"},"value"]},{"$i":"days-ago-short","$v":{"zero":"ਅੱਜ","other":[{"t":"idOrVar","v":"value"},"ਦਿ ਪਹਿਲਾਂ"]},"$x":[{"t":"idOrVar","v":"plural"},"value"]},{"$i":"minutes-until-short","$v":{"zero":"ਹੁਣ","other":[{"t":"idOrVar","v":"value"},"ਮਿੰ ਵਿੱਚ"]},"$x":[{"t":"idOrVar","v":"plural"},"value"]},{"$i":"hours-until-short","$v":{"zero":"ਹੁਣ","other":[{"t":"idOrVar","v":"value"},"ਘੰ ਵਿੱਚ"]},"$x":[{"t":"idOrVar","v":"plural"},"value"]},{"$i":"days-until-short","$v":{"zero":"ਅੱਜ","other":[{"t":"idOrVar","v":"value"},"ਦਿ ਵਿੱਚ"]},"$x":[{"t":"idOrVar","v":"plural"},"value"]},{"$i":"incorrectDate","$v":"(ਗਲਤ ਮਿਤੀ)"},{"$i":"dateTimeFormat_%c","$v":"%a %e %b  %Y %I:%M:%S %p"},{"$i":"dateTimeFormat_%x","$v":"%d/%m/%Y"},{"$i":"dateTimeFormat_%X","$v":"%I:%M:%S %p"},{"$i":"shortTimeFormat","$v":"%I:%M %p"},{"$i":"shortTimeFormat12","$v":"%I:%M %p"},{"$i":"shortTimeFormat24","$v":"%H:%M"},{"$i":"shortDateTimeFormat","$v":"%x %I:%M %p"},{"$i":"weekStartsOnMonday","$v":"1"},{"$i":"firstDayOfTheWeek","$v":"0"},{"$i":"time_am","$v":"ਸਵੇਰੇ"},{"$i":"time_pm","$v":"ਸ਼ਾਮ"},{"$i":"title-app","$v":"ਐਪ ਮਨਜ਼ੂਰੀ"},{"$i":"title-web","$v":"ਵੈੱਬਸਾਈਟ ਮਨਜ਼ੂਰੀ"},{"$i":"title-cam","$v":"ਕੈਮਰਾ ਚੁਣੋ"},{"$i":"perm-alarms","$v":"Schedule Alarms"},{"$i":"perm-audio-capture","$v":"ਮਾਈਕਰੋਫੋਨ"},{"$i":"perm-audio-capture-appRequest","$v":["ਕੀ ਤੁਸੀਂ ",{"t":"idOrVar","v":"app"}," ਨਾਲ ਮਾਈਕਰੋਫੋਨ ਸਾਂਝਾ ਕਰਨਾ ਚਾਹੁੰਦੇ ਹੋ?"]},{"$i":"perm-audio-capture-webRequest","$v":["ਕੀ ਤੁਸੀਂ ",{"t":"idOrVar","v":"site"}," ਨਾਲ ਮਾਈਕਰੋਫੋਨ ਸਾਂਝਾ ਕਰਨਾ ਚਾਹੁੰਦੇ ਹੋ?"]},{"$i":"perm-audio-channel-content","$v":"Play Sounds"},{"$i":"perm-audio-channel-notification","$v":"Play Notification Sounds"},{"$i":"perm-audio-channel-ringer","$v":"Play Ringtone Sounds"},{"$i":"perm-background-sensors","$v":"Access Sensor Data"},{"$i":"perm-bluetooth","$v":"Bluetooth"},{"$i":"perm-browser","$v":"Inspect Web Pages"},{"$i":"perm-camera","$v":"Cameras"},{"$i":"perm-camera-selector-appRequest","$v":[{"t":"idOrVar","v":"app"}," ਲਈ ਕੈਮਰਾ ਚੁਣੋ।"]},{"$i":"perm-camera-selector-webRequest","$v":[{"t":"idOrVar","v":"site"}," ਲਈ ਕੈਮਰਾ ਚੁਣੋ।"]},{"$i":"perm-cellbroadcast","$v":"Cell Broadcasts"},{"$i":"perm-contacts","$v":"ਸੰਪਰਕ"},{"$i":"perm-contacts-appRequest","$v":[{"t":"idOrVar","v":"app"}," ਤੁਹਾਡੀ ਸੰਪਰਕ ਸੂਚੀ ਨੂੰ ਵਰਤਣਾ ਚਾਹੁੰਦੀ ਹੈ।"]},{"$i":"perm-contacts-webRequest","$v":[{"t":"idOrVar","v":"site"}," ਤੁਹਾਡੀ ਸੰਪਰਕ ਸੂਚੀ ਨੂੰ ਵਰਤਣਾ ਚਾਹੁੰਦੀ ਹੈ।"]},{"$i":"perm-desktop-notification","$v":"ਸੂਚਨਾਵਾਂ"},{"$i":"perm-desktop-notification-appRequest","$v":[{"t":"idOrVar","v":"app"}," ਸੂਚਨਾ ਵਿਖਾਉਣਾ ਚਾਹੁੰਦੀ ਹੈ।"]},{"$i":"perm-desktop-notification-webRequest","$v":[{"t":"idOrVar","v":"site"}," ਸੂਚਨਾ ਵਿਖਾਉਣਾ ਚਾਹੁੰਦੀ ਹੈ।"]},{"$i":"perm-device-storage-apps","$v":"Apps Storage"},{"$i":"perm-device-storage-music","$v":"ਸੰਗੀਤ ਸਟੋਰੇਜ਼"},{"$i":"perm-device-storage-music-appRequest","$v":[{"t":"idOrVar","v":"app"}," ਤੁਹਾਡੇ ਸੰਗੀਤ ਨੂੰ ਵਰਤਣਾ ਚਾਹੁੰਦੀ ਹੈ।"]},{"$i":"perm-device-storage-music-webRequest","$v":[{"t":"idOrVar","v":"site"}," ਤੁਹਾਡੇ ਚਿੱਤਰਾਂ ਨੂੰ ਵਰਤਣਾ ਚਾਹੁੰਦੀ ਹੈ।"]},{"$i":"perm-device-storage-pictures","$v":"ਚਿੱਤਰ ਸਟੋਰੇਜ਼"},{"$i":"perm-device-storage-pictures-appRequest","$v":[{"t":"idOrVar","v":"app"},"  ਤੁਹਾਡੇ ਚਿੱਤਰਾਂ ਨੂੰ ਵਰਤਣਾ ਚਾਹੁੰਦੀ ਹੈ।"]},{"$i":"perm-device-storage-pictures-webRequest","$v":[{"t":"idOrVar","v":"site"}," ਤੁਹਾਡੇ ਚਿੱਤਰਾਂ ਨੂੰ ਵਰਤਣਾ ਚਾਹੁੰਦੀ ਹੈ।"]},{"$i":"perm-device-storage-sdcard","$v":"ਮੈਮੋਰੀ ਕਾਰਡ ਸਟੋਰੇਜ਼"},{"$i":"perm-device-storage-sdcard-appRequest","$v":[{"t":"idOrVar","v":"app"}," ਤੁਹਾਡੇ ਮੈਮੋਰੀ ਕਾਰਡ ਨੂੰ ਵਰਤਣਾ ਚਾਹੁੰਦੀ ਹੈ।"]},{"$i":"perm-device-storage-sdcard-webRequest","$v":[{"t":"idOrVar","v":"site"}," ਤੁਹਾਡੇ ਮੈਮੋਰੀ ਕਾਰਡ ਨੂੰ ਵਰਤਣਾ ਚਾਹੁੰਦੀ ਹੈ।"]},{"$i":"perm-device-storage-videos","$v":"ਵੀਡੀਓ ਸਟੋਰੇਜ਼"},{"$i":"perm-device-storage-videos-appRequest","$v":[{"t":"idOrVar","v":"app"}," ਤੁਹਾਡੀਆਂ ਵੀਡੀਓ ਨੂੰ ਵਰਤਣਾ ਚਾਹੁੰਦੀ ਹੈ।"]},{"$i":"perm-device-storage-videos-webRequest","$v":[{"t":"idOrVar","v":"site"}," ਤੁਹਾਡੀਆਂ ਵੀਡੀਓ ਨੂੰ ਵਰਤਣਾ ਚਾਹੁੰਦੀ ਹੈ।"]},{"$i":"perm-embed-apps","$v":"Embed Apps"},{"$i":"perm-fmradio","$v":"FM ਰੇਡੀਓ"},{"$i":"perm-fmradio-appRequest","$v":[{"t":"idOrVar","v":"app"}," FM ਰੇਡੀਓ ਵਰਤਣਾ ਚਾਹੁੰਦੀ ਹੈ।"]},{"$i":"perm-fmradio-webRequest","$v":[{"t":"idOrVar","v":"site"}," FM ਰੇਡੀਓ ਵਰਤਣਾ ਚਾਹੁੰਦੀ ਹੈ।"]},{"$i":"perm-geolocation","$v":"ਭੂਗੋਲਿਕ ਟਿਕਾਣਾ"},{"$i":"perm-geolocation-appRequest","$v":[{"t":"idOrVar","v":"app"}," ਤੁਹਾਡਾ ਟਿਕਾਣਾ ਪਤਾ ਕਰਨਾ ਚਾਹੁੰਦੀ ਹੈ।"]},{"$i":"perm-geolocation-more-info","$v":[{"t":"idOrVar","v":"brandShortName"}," ਡਾਟਾ ਜਿਵੇਂ ਕਿ GPS, ਵਾਈ-ਫਾਈ, ਅਤੇ ਤੁਹਾਡੇ ਨੇੜਲੇ ਮੋਬਾਇਲ ਨੈੱਟਵਰਕ ਨੂੰ ਤੁਹਾਡਾ ਲਗਭਗ ਟਿਕਾਣਾ ਪਤਾ ਕਰਨ ਲਈ ਮਦਦ ਵਾਸਤੇ ਵਰਤਦਾ ਹੈ। ਡਾਟਾ ਮੋਜ਼ੀਲਾ ਅਤੇ ਹੋਰ ਸੇਵਾ ਦੇਣ ਵਾਲਿਆਂ ਨੂੰ ਭੇਜਿਆ ਜਾਂਦਾ ਹੈ ਅਤੇ ਉਹ ਟਿਕਾਣਾ ਡਾਟਾਬੇਸ ਨੂੰ ਸੁਧਾਰਨ ਲਈ ਵਰਤਿਆ ਜਾਵੇਗਾ। ਡਾਟਾ ਤੁਹਾਡੇ ਯੰਤਰ ਉੱਤੇ ਸਟੋਰ ਕੀਤਾ ਜਾ ਸਕਦਾ ਹੈ ਅਤੇ ਤਾਂ ਵੀ ਇੱਕਠੀ ਕੀਤਾ ਜਾ ਸਕਦਾ ਹੈ, ਜਦੋਂ ਕੋਈ ਵੀ ਐਪਸ ਨਾਲ ਚੱਲ ਰਹੀ ਹੋਵੇ।"]},{"$i":"perm-geolocation-webRequest","$v":[{"t":"idOrVar","v":"site"}," would like to know your location."]},{"$i":"perm-idle","$v":"See Idle Status"},{"$i":"perm-indexedDB-chrome-settings","$v":"Privileged IndexedDB"},{"$i":"perm-indexedDB-unlimited","$v":"Unlimited IndexedDB Storage"},{"$i":"perm-input-manage","$v":"Manage Keyboards"},{"$i":"perm-input","$v":"Act as a Keyboard"},{"$i":"perm-media-capture","$v":"ਕੈਮਰਾ ਤੇ ਮਾਈਕਰੋਫੋਨ"},{"$i":"perm-media-capture-appRequest","$v":["ਕੀ ਤੁਸੀਂ ",{"t":"idOrVar","v":"app"}," ਨਾਲ ਕੈਮਰਾ ਅਤੇ ਮਾਈਕਰੋਫੋਨ ਸਾਂਝਾ ਕਰਨਾ ਚਾਹੁੰਦੇ ਹੋ?"]},{"$i":"perm-media-capture-webRequest","$v":["ਕੀ ਤੁਸੀਂ ",{"t":"idOrVar","v":"site"}," ਨਾਲ ਕੈਮਰਾ ਅਤੇ ਮਾਈਕਰੋਫੋਨ ਸਾਂਝਾ ਕਰਨਾ ਚਾਹੁੰਦੇ ਹੋ?"]},{"$i":"perm-mobileconnection","$v":"Mobile Connection"},{"$i":"perm-mobileid","$v":"ਮੋਬਾਇਲ ਪਛਾਣ"},{"$i":"perm-network-events","$v":"Network Events"},{"$i":"perm-open-remote-window","$v":"Start an App"},{"$i":"perm-permissions","$v":"Modify Apps Permissions"},{"$i":"perm-power","$v":"Power Settings"},{"$i":"perm-settings","$v":"Modify Settings"},{"$i":"perm-systemXHR","$v":"Cross-Origin Requests"},{"$i":"perm-telephony","$v":"Telephony"},{"$i":"perm-video-capture","$v":"Camera"},{"$i":"perm-video-capture-appRequest","$v":["Would you like to share your camera with ",{"t":"idOrVar","v":"app"},"?"]},{"$i":"perm-video-capture-webRequest","$v":["Would you like to share your camera with ",{"t":"idOrVar","v":"site"},"?"]},{"$i":"perm-voicemail","$v":"Control Voicemail"},{"$i":"perm-webapps-manage","$v":"Install Webapps"},{"$i":"perm-wifi-manage","$v":"Manage Wi-Fi"},{"$i":"perm-attention","$v":"Open Overlay Popups"},{"$i":"perm-audio-channel-alarm","$v":"Play Alarm Sounds"},{"$i":"perm-audio-channel-normal","$v":"Play Sounds"},{"$i":"perm-audio-channel-publicnotification","$v":"Play public notification sounds"},{"$i":"perm-audio-channel-telephony","$v":"Play Telephony Sounds"},{"$i":"perm-backgroundservice","$v":"Act as a Background Service"},{"$i":"perm-device-storage-crashes","$v":"Crash Data Storage"},{"$i":"perm-downloads","$v":"Access Downloads"},{"$i":"perm-embed-widgets","$v":"Embed Widgets"},{"$i":"perm-feature-detection","$v":"Feature Detection"},{"$i":"perm-firefox-accounts","$v":"Firefox Accounts"},{"$i":"perm-mobilenetwork","$v":"Mobile Network"},{"$i":"perm-moz-attention","$v":"Open Overlay Popups (moz)"},{"$i":"perm-moz-audio-channel-ringer","$v":"Play Ringtone Sounds (moz)"},{"$i":"perm-moz-audio-channel-telephony","$v":"Play Telephony Sounds (moz)"},{"$i":"perm-moz-firefox-accounts","$v":"Firefox Accounts (moz)"},{"$i":"perm-networkstats-manage","$v":"Control Usage Stats"},{"$i":"perm-nfc","$v":"NFC"},{"$i":"perm-nfc-hci-events","$v":"NFC HCI Events"},{"$i":"perm-nfc-manager","$v":"Manage NFC"},{"$i":"perm-phonenumberservice","$v":"Phone Number Service"},{"$i":"perm-push","$v":"Push API"},{"$i":"perm-resourcestats-manage","$v":"Resource Stats"},{"$i":"perm-sms","$v":"Send and Read SMS"},{"$i":"perm-speaker-control","$v":"Control Volume"},{"$i":"perm-storage","$v":"Access Storage"},{"$i":"perm-tcp-socket","$v":"TCP Sockets"},{"$i":"perm-test-permission","$v":"Test Permission"},{"$i":"perm-time","$v":"Set Date and Time"},{"$i":"perm-udp-socket","$v":"UDP Sockets"},{"$i":"perm-wappush","$v":"WAP Push"},{"$i":"stopped_download_title","$v":"ਡਾਊਨਲੋਡ ਰੋਕਿਆ ਗਿਆ"},{"$i":"stopped_download_message","$v":"ਡਾਊਨਲੋਡ ਨੂੰ ਰੋਕਿਆ ਗਿਆ ਸੀ। ਫੇਰ ਡਾਊਨਲੋਡ ਕਰਨ ਦੀ ਕੋਸ਼ਿਸ਼ ਕਰਨੀ ਹੈ?"},{"$i":"stopped_download_left_button","$v":"ਰੱਦ ਕਰੋ"},{"$i":"stopped_download_right_button","$v":"ਫੇਰ ਕੋਸ਼ਿਸ਼ ਕਰੋ"},{"$i":"failed_download_title","$v":"ਡਾਊਨਲੋਡ ਫੇਲ੍ਹ ਹੈ"},{"$i":"failed_download_message","$v":[{"t":"idOrVar","v":"name"}," ਡਾਊਨਲੋਡ ਕਰਨ ਲਈ ਫੇਲ੍ਹ ਹੈ। ਫੇਰ ਡਾਊਨਲੋਡ ਕਰਨ ਦੀ ਕੋਸ਼ਿਸ਼ ਕਰਨੀ ਹੈ?"]},{"$i":"failed_download_left_button","$v":"ਰੱਦ ਕਰੋ"},{"$i":"failed_download_right_button","$v":"ਫੇਰ ਕੋਸ਼ਿਸ਼ ਕਰੋ"},{"$i":"stop_download_title","$v":"ਡਾਊਨਲੋਡ ਰੋਕੋ"},{"$i":"stop_download_message","$v":"ਕੀ ਤੁਸੀਂ ਡਾਊਨਲੋਡ ਨੂੰ ਰੋਕਣਾ ਚਾਹੁੰਦੇ ਹੋ?"},{"$i":"stop_download_left_button","$v":"ਨਹੀਂ"},{"$i":"stop_download_right_button","$v":"ਹਾਂ"},{"$i":"delete_download_title","$v":"ਹਟਾਓ"},{"$i":"delete_download_message","$v":[{"t":"idOrVar","v":"name"}," ਹਟਾਉਣਾ ਹੈ?"]},{"$i":"delete_download_left_button","$v":"ਰੱਦ ਕਰੋ"},{"$i":"delete_download_right_button","$v":"ਹਟਾਓ"},{"$i":"delete_all_download_title","$v":"ਹਟਾਓ"},{"$i":"delete_all_download_left_button","$v":"ਰੱਦ ਕਰੋ"},{"$i":"delete_all_download_right_button","$v":"ਹਟਾਓ"},{"$i":"delete_all_download_message","$v":{"zero":"ਕਈ ਫਾਈਲ ਨਹੀਂ ਹਟਾਉਣੀ?","one":"ਇੱਕ ਫਾਈਲ ਹਟਾਉਣੀ ਹੈ?","two":[{"t":"idOrVar","v":"number"}," ਫਾਈਲਾਂ ਹਟਾਉਣੀਆਂ ਹਨ?"],"few":[{"t":"idOrVar","v":"number"}," ਫਾਈਲਾਂ ਹਟਾਉਣੀਆਂ ਹਨ?"],"many":[{"t":"idOrVar","v":"number"}," ਫਾਈਲਾਂ ਹਟਾਉਣੀਆਂ ਹਨ?"],"other":[{"t":"idOrVar","v":"number"}," ਫਾਈਲਾਂ ਹਟਾਉਣੀਆਂ ਹਨ?"]},"$x":[{"t":"idOrVar","v":"plural"},"number"]},{"$i":"unsupported_file_type_download_title","$v":"ਖੋਲ੍ਹਣ ਲਈ ਅਸਮਰੱਥ"},{"$i":"unsupported_file_type_download_message","$v":[{"t":"idOrVar","v":"name"}," ਨੂੰ ਖੋਲ੍ਹਣ ਲਈ ਕੋਈ ਐਪ ਨਹੀਂ ਹੈ। ਕੀ ਤੁਸੀਂ ਫਾਈਲ ਨੂੰ ਸੰਭਾਲਣਾ ਚਾਹੁੰਦੇ ਹੋ ਜਾਂ ਹਟਾਉਣਾ?"]},{"$i":"unsupported_file_type_download_left_button","$v":"ਫਾਈਲ ਰੱਖੋ"},{"$i":"unsupported_file_type_download_right_button","$v":"ਹਟਾਓ"},{"$i":"file_not_found_download_title","$v":"ਫਾਈਲ ਨਹੀਂ ਲੱਭੀ"},{"$i":"file_not_found_download_message","$v":"ਫਾਈਲ ਯੰਤਰ ਉੱਤੇ ਨਹੀਂ ਲੱਭੀ"},{"$i":"file_not_found_download_right_button","$v":"ਠੀਕ ਹੈ"},{"$i":"unmounted_sdcard_2_download_title","$v":"ਮੈਮੋਰੀ ਕਾਰਡ ਵਿੱਚ ਵਰਤੋਂ ਵਿੱਚ ਹੈ"},{"$i":"unmounted_sdcard_2_download_message","$v":"ਫੋਨ ਦੀ ਤਾਰ ਕੱਢੋ"},{"$i":"unmounted_sdcard_2_download_right_button","$v":"ਠੀਕ ਹੈ"},{"$i":"no_provider_download_title","$v":"ਸਾਂਝਾ ਕਰਨ ਲਈ ਅਸਮਰੱਥ"},{"$i":"no_provider_download_message","$v":"ਕੋਈ ਉਪਲੱਬਧ ਕਰਤਾ ਨਹੀਂ ਲੱਭਿਆ"},{"$i":"no_provider_download_right_button","$v":"ਠੀਕ ਹੈ"},{"$i":"no_memory_download_title","$v":"SD ਕਾਰਡ ਭਰ ਗਿਆ"},{"$i":"no_memory_download_message","$v":"ਤੁਹਾਡੇ ਡਾਊਨਲੋਡ ਨੂੰ ਸੰਭਾਲਣ ਲਈ ਤੁਹਾਡੇ SD ਕਾਰਡ ਉੱਤੇ ਥਾਂ ਨਹੀਂ ਹੈ। ਡਾਊਨਲੋਡ ਨੂੰ ਮੁੜ-ਸ਼ੁਰੂ ਕਰਨ ਤੋਂ ਪਹਿਲਾਂ ਕੁਝ ਫਾਈਲਾਂ ਨੂੰ ਹਟਾਉ ਜੀ।"},{"$i":"no_memory_download_right_button","$v":"ਠੀਕ ਹੈ"},{"$i":"no_sdcard_found_2_download_title","$v":"ਕੋਈ ਮੈਮੋਰੀ ਕਾਰਡ ਨਹੀਂ ਲੱਭਿਆ"},{"$i":"no_sdcard_found_2_download_message","$v":"ਮੈਮੋਰੀ ਕਾਰਡ ਪਾਉ ਜਾਂ ਸੈਟਿੰਗ ਵਿੱਚ ਬਦਲਵਾਂ ਮੂਲ ਮੀਡਿਆ ਟਿਕਾਣਾ ਚੁਣੋ"},{"$i":"no_sdcard_found_2_download_right_button","$v":"ਠੀਕ ਹੈ"},{"$i":"file_open_error_download_title","$v":"ਖੋਲ੍ਹਣ ਲਈ ਅਸਮਰੱਥ"},{"$i":"file_open_error_download_message","$v":[{"t":"idOrVar","v":"name"}," ਖੋਲ੍ਹਣ ਵਿੱਚ ਗਲਤੀ ਹੈ। ਕੀ ਤੁਸੀਂ ਫਾਈਲ ਸੰਭਾਲਣੀ ਚਾਹੁੰਦੇ ਹੋ ਜਾਂ ਹਟਾਉਣਾ ਚਾਹੁੰਦੇ ਹੋ?"]},{"$i":"file_open_error_download_left_button","$v":"ਫਾਈਲ ਰੱਖੋ"},{"$i":"file_open_error_download_right_button","$v":"ਹਟਾਓ"},{"$i":"restart_download_error","$v":"ਡਾਊਨਲੋਡ ਮੁੜ-ਚਾਲੂ ਕਰਨ ਦੌਰਾਨ ਗਲਤੀ ਸੀ। ਡਾਊਨਲੋਡ ਕਰਨ ਦੀ ਫੇਰ ਕੋਸ਼ਿਸ਼ ਕਰੋ ਜੀ।"},{"$i":"no-downloads","$v":"ਕੋਈ ਡਾਊਨਲੋਡ ਨਹੀਂ ਹੈ"},{"$i":"percentage","$v":[{"t":"idOrVar","v":"percentage"}," %"]},{"$i":"partialResult","$v":[{"t":"idOrVar","v":"total"}," ਵਿੱਚੋਂ ",{"t":"idOrVar","v":"partial"}]},{"$i":"summary","$v":[{"t":"idOrVar","v":"date"}," - ",{"t":"idOrVar","v":"status"}]},{"$i":"download-stopped","$v":"ਰੁਕੇ"},{"$i":"download-failed","$v":"ਡਾਊਨਲੋਡ ਫੇਲ੍ਹ ਹੈ"},{"$i":"open_downloaded_file","$v":"ਖੋਲ੍ਹੋ"},{"$i":"share_downloaded_file","$v":"ਸਾਂਝਾ ਕਰੋ"},{"$i":"wallpaper_downloaded_file","$v":"ਵਾਲਪੇਪਰ ਲਗਾਓ"},{"$i":"ringtone_downloaded_file","$v":"ਰਿੰਗਟੋਨ ਲਗਾਓ"},{"$i":"cancel_downloaded_file","$v":"ਰੱਦ ਕਰੋ"},{"$i":"voicemailNoNumberTitle","$v":"ਵਾਇਸਮੇਲ ਨੰਬਰ ਉਪਲੱਬਧ ਨਹੀਂ"},{"$i":"voicemailNoNumberText","$v":"ਵਾਇਸਮੇਲ ਨੂੰ ਕਾਲ ਕਰਨ ਲਈ ਅਸਮਰੱਥ। ਕਾਲ ਕਰਨ ਲਈ ਵਾਇਸਮੇਲ ਨੰਬਰ ਦਿਉ।"},{"$i":"voicemailNoNumberSettings","$v":"ਸੈਟਿੰਗ"},{"$i":"voicemailNoNumberCancel","$v":"ਰੱਦ ਕਰੋ"},{"$i":"airplaneMode","$v":"ਏਅਰਪਲੇਨ ਮੋਡ"},{"$i":"searching","$v":"…ਖੋਜ ਜਾਰੀ ਹੈ"},{"$i":"noNetwork","$v":"ਕੋਈ ਨੈੱਟਵਰਕ ਨਹੀਂ"},{"$i":"roaming","$v":[{"t":"idOrVar","v":"operator"}," (Roaming)"]},{"$i":"operator-info","$v":[{"t":"idOrVar","v":"carrier"}," ",{"t":"idOrVar","v":"region"}]},{"$i":"emergencyCallsOnly-unknownSIMState","$v":"(ਅਣਜਾਣ ਸਿਮ ਹਾਲਤ)"},{"$i":"emergencyCallsOnly-noSIM","$v":"(ਕੋਈ ਸਿਮ ਨਹੀਂ)"},{"$i":"emergencyCallsOnly-pinRequired","$v":"(SIM PIN required)"},{"$i":"emergencyCallsOnly-pukRequired","$v":"(SIM PUK required)"},{"$i":"emergencyCallsOnly-networkLocked","$v":"(network locked)"},{"$i":"emergencyCallsOnly-serviceProviderLocked","$v":"(service provider locked)"},{"$i":"emergencyCallsOnly-corporateLocked","$v":"(corporate locked)"},{"$i":"emergencyCallsOnly-network1Locked","$v":"(network1 locked)"},{"$i":"emergencyCallsOnly-network2Locked","$v":"(network2 locked)"},{"$i":"emergencyCallsOnly-hrpdNetworkLocked","$v":"(hrpd network locked)"},{"$i":"emergencyCallsOnly-ruimCorporateLocked","$v":"(ruim corporate locked)"},{"$i":"emergencyCallsOnly-ruimServiceProviderLocked","$v":"(ruim service provider locked)"},{"$i":"lockscreen-sim-id","$v":["ਸਿਮ ",{"t":"idOrVar","v":"n"}]},{"$i":"charging-status-no-time","$v":[{"t":"idOrVar","v":"level"},"% Charged"]},{"$i":"charging-status-minutes","$v":{"zero":[{"t":"idOrVar","v":"level"},"% Charged (",{"t":"idOrVar","v":"minutes"}," mins remaining)"],"one":[{"t":"idOrVar","v":"level"},"% Charged (",{"t":"idOrVar","v":"minutes"}," min remaining)"],"two":[{"t":"idOrVar","v":"level"},"% Charged (",{"t":"idOrVar","v":"minutes"}," mins remaining)"],"few":[{"t":"idOrVar","v":"level"},"% Charged (",{"t":"idOrVar","v":"minutes"}," mins remaining)"],"many":[{"t":"idOrVar","v":"level"},"% Charged (",{"t":"idOrVar","v":"minutes"}," mins remaining)"],"other":[{"t":"idOrVar","v":"level"},"% Charged (",{"t":"idOrVar","v":"minutes"}," mins remaining)"]},"$x":[{"t":"idOrVar","v":"plural"},"minutes"]},{"$i":"charging-status-hours","$v":{"zero":[{"t":"idOrVar","v":"level"},"% Charged (",{"t":"idOrVar","v":"hours"},"h ",{"t":"idOrVar","v":"minutes"}," mins remaining)"],"one":[{"t":"idOrVar","v":"level"},"% Charged (",{"t":"idOrVar","v":"hours"},"h ",{"t":"idOrVar","v":"minutes"}," min remaining)"],"two":[{"t":"idOrVar","v":"level"},"% Charged (",{"t":"idOrVar","v":"hours"},"h ",{"t":"idOrVar","v":"minutes"}," mins remaining)"],"few":[{"t":"idOrVar","v":"level"},"% Charged (",{"t":"idOrVar","v":"hours"},"h ",{"t":"idOrVar","v":"minutes"}," mins remaining)"],"many":[{"t":"idOrVar","v":"level"},"% Charged (",{"t":"idOrVar","v":"hours"},"h ",{"t":"idOrVar","v":"minutes"}," mins remaining)"],"other":[{"t":"idOrVar","v":"level"},"% Charged (",{"t":"idOrVar","v":"hours"},"h ",{"t":"idOrVar","v":"minutes"}," mins remaining)"]},"$x":[{"t":"idOrVar","v":"plural"},"minutes"]},{"$i":"gaia-menu-cancel","$v":"ਰੱਦ ਕਰੋ"}]