[{"$i":"share","$v":"Share"},{"$i":"resend","$v":"Resend"},{"$i":"connecting","$v":"Connecting"},{"$i":"verify","$v":"Verify"},{"$i":"verifying","$v":"Verifying"},{"$i":"verified","$v":"Verified"},{"$i":"mobileIDExplanation","$v":[{"t":"idOrVar","v":"app_name"}," would like to know and verify your phone number. Please choose which one you want to share or enter a new one."]},{"$i":"verificationCodeExplanation","$v":["We’ve sent a code to ",{"t":"idOrVar","v":"phone_number"},". We’ll try to pick it up automatically, but you’ll have to enter it manually if it’s not in use in this device."]},{"$i":"successMessage","$v":["Awesome! Your number ",{"t":"idOrVar","v":"phone_number"}," is now verified and available to ",{"t":"idOrVar","v":"app_name"},"."]},{"$i":"serverErrorMessage","$v":"The verification server is unavailable at this time. Please check your Internet connection, try again or wait a few minutes."},{"$i":"timeoutErrorMessage","$v":"Se pare că există o problemă cu codul de verificare. Să încercăm încă o dată!"},{"$i":"errorTitle","$v":"Identitate mobilă"},{"$i":"ok","$v":"Ok"},{"$i":"addPhoneNumber","$v":"Or add your phone number"},{"$i":"selectPhoneNumber","$v":"Or select a phone number from the list"},{"$i":"firefox-accounts-title","$v":"Firefox Accounts"},{"$i":"fxa-next","$v":"Next"},{"$i":"fxa-back","$v":"Back"},{"$i":"fxa-done","$v":"Gata"},{"$i":"fxa-ok","$v":"Ok"},{"$i":"fxa-connection-error-title","$v":"Unable to Connect"},{"$i":"fxa-connection-error-message","$v":"You can create an account or sign in from Settings."},{"$i":"fxa-reset-password-error-title","$v":"Reset Password"},{"$i":"fxa-reset-password-error-message","$v":"You can reset your password from Settings."},{"$i":"fxa-coppa-failure-error-title","$v":"Cannot Create Account"},{"$i":"fxa-coppa-failure-error-message","$v":["Trebuie să îndeplinești anumite cerințe de vârstă pentru a crea un cont Firefox. ",{"t":"idOrVar","v":"learnmore"}]},{"$i":"fxa-learn-more","$v":"Learn more"},{"$i":"fxa-offline-error-title","$v":"Unable to Connect"},{"$i":"fxa-offline-error-message","$v":"Please connect to a network from Settings."},{"$i":"fxa-invalid-email-title","$v":"Error"},{"$i":"fxa-invalid-email-message","$v":"Please enter a valid email."},{"$i":"fxa-invalid-password-title","$v":"Invalid Password"},{"$i":"fxa-invalid-password-message","$v":"Please check your password and try again."},{"$i":"fxa-unknown-error-title","$v":"Unable to Connect"},{"$i":"fxa-unknown-error-message","$v":"System unavailable, try again soon."},{"$i":"fxa-connecting","$v":"Connecting"},{"$i":"fxa-enter-email-input","placeholder":"Introdu e-mailul tău"},{"$i":"fxa-use-email-to-sign-in","$v":"Use your email address to create an account or sign in."},{"$i":"fxa-notice","$v":["Continunând, sunt de acord cu ",{"t":"idOrVar","v":"tos"}," și ",{"t":"idOrVar","v":"pn"}," a serviciilor cloud Firefox."]},{"$i":"fxa-tos","$v":"Terms of Service"},{"$i":"fxa-pn","$v":"Privacy Notice"},{"$i":"fxa-create-password-title","$v":"Create a Password"},{"$i":"fxa-enter-password-title","$v":"Enter Your Password"},{"$i":"fxa-hello-user","$v":["Salutare, ",{"t":"idOrVar","v":"email"}]},{"$i":"fxa-password-refresh","$v":"Please enter your Firefox Account password to continue."},{"$i":"fxa-password","placeholder":"Password"},{"$i":"fxa-forgot-your-password","$v":"Forgot your password?"},{"$i":"fxa-show-password","$v":"Show password"},{"$i":"fxa-password-length-requirement","$v":"Your password must be at least 8 characters long."},{"$i":"fxa-success","$v":"Success!"},{"$i":"fxa-ready-to-go","$v":"Your Firefox Account is ready to go! "},{"$i":"fxa-use-features","$v":"Acum poți folosi funcții precum Găsește-mi dispozitivul și aplicații precum Firefox Marketplace."},{"$i":"fxa-access-manage-account-settings","$v":"In the future, you can access and manage your account from Settings."},{"$i":"fxa-confirm-account","$v":"Confirmă contul"},{"$i":"fxa-will-send-email","$v":["Vom trimite un e-mail către: ",{"t":"idOrVar","v":"email"}]},{"$i":"fxa-signup-click-verification-link-in-email","$v":"Next time you check your email, click the verification link to confirm your Firefox Account."},{"$i":"fxa-age-verification","$v":"Verificarea vârstei"},{"$i":"fxa-age-earlier","$v":[{"t":"idOrVar","v":"year"}," or earlier"]},{"$i":"fxa-year-of-birth","$v":"Year of Birth"},{"$i":"brandShortName","$v":"B2G OS"},{"$i":"browserBrandShortName","$v":"Web Browser"},{"$i":"browserBrandFullName","$v":"Mozilla Web Browser"},{"$i":"ringtoneBrandName","$v":"Default"},{"$i":"ringtoneSectionBrandName","$v":"System"},{"$i":"back","$v":"Back"},{"$i":"help","$v":"Ajutor"},{"$i":"cancel","$v":"Renunță"},{"$i":"close","$v":"Close"},{"$i":"skip","$v":"Omite"},{"$i":"clear","ariaLabel":"Clear"},{"$i":"enable","$v":"Enable"},{"$i":"turnOn","$v":"Turn On"},{"$i":"undo","ariaLabel":"Undo"},{"$i":"enterPIN","$v":"Introdu codul PIN"},{"$i":"mediaPlaybackTrack","ariaLabel":"Track title and artist"},{"$i":"mediaPlaybackControls","ariaLabel":"Playback controls"},{"$i":"mediaPlaybackPrevious","ariaLabel":"Previous"},{"$i":"mediaPlaybackPlay","ariaLabel":"Play"},{"$i":"mediaPlaybackPause","ariaLabel":"Pause"},{"$i":"mediaPlaybackNext","ariaLabel":"Next"},{"$i":"UnknownTrack","$v":"Unknown track"},{"$i":"wifiButton-on","$v":"Wi-Fi on"},{"$i":"wifiButton-on-initializing","$v":"Wi-Fi on, initializing"},{"$i":"wifiButton-off","$v":"Wi-Fi off"},{"$i":"dataButton-on","$v":["Data ",{"t":"idOrVar","v":"type"}," on"]},{"$i":"dataButton-off","$v":["Data ",{"t":"idOrVar","v":"type"}," off"]},{"$i":"bluetoothButton-on","$v":"Bluetooth activat"},{"$i":"bluetoothButton-on-initializing","$v":"Bluetooth activat, se inițializează"},{"$i":"bluetoothButton-off","$v":"Bluetooth off"},{"$i":"airplaneMode-on","$v":"Airplane mode on"},{"$i":"airplaneMode-off","$v":"Airplane mode off"},{"$i":"settingsButton","ariaLabel":"Settings"},{"$i":"utilityTray","ariaLabel":"Utility tray"},{"$i":"statusbarOperator","$v":[{"t":"idOrVar","v":"date"},", ",{"t":"idOrVar","v":"operator"}]},{"$i":"statusbarDateFormat","$v":"%e %b."},{"$i":"statusbar","ariaLabel":"Status Bar"},{"$i":"statusbarBattery","ariaLabel":["Battery ",{"t":"idOrVar","v":"level"}," percent"]},{"$i":"statusbarBatteryCharging","ariaLabel":["Battery ",{"t":"idOrVar","v":"level"}," percent, charging"]},{"$i":"statusbarAirplaneMode","ariaLabel":"Airplane mode on"},{"$i":"statusbarWiFiConnecting","ariaLabel":"Wi-Fi: connecting"},{"$i":"statusbarWiFiConnected","ariaLabel":["Wi-Fi: ",{"t":"idOrVar","v":"level"}," of 4 bars"]},{"$i":"statusbarSignal","ariaLabel":[{"t":"idOrVar","v":"operator"}," network, ",{"t":"idOrVar","v":"level"}," of 5 bars"]},{"$i":"statusbarSignalRoaming","ariaLabel":[{"t":"idOrVar","v":"operator"}," network (roaming), ",{"t":"idOrVar","v":"level"}," of 5 bars"]},{"$i":"statusbarSignalNoneSearching","ariaLabel":"Searching… Emergency calls only"},{"$i":"emergencyCallsOnly","$v":"Emergency calls only"},{"$i":"statusbarSignalNoSimCard","ariaLabel":"No SIM card"},{"$i":"statusbarHeadphone","ariaLabel":"Headphones on"},{"$i":"statusbarBluetoothHeadphone","ariaLabel":"Bluetooth headphones on"},{"$i":"statusbarBluetoothTransfer","ariaLabel":"Bluetooth transfer active"},{"$i":"statusbarIconOn-tethering","ariaLabel":"Tethering on"},{"$i":"statusbarIconOnActive-tethering","ariaLabel":"Tethering on, active"},{"$i":"statusbarAlarm","ariaLabel":"Alarm on"},{"$i":"statusbarIconOn-bluetooth","ariaLabel":"Bluetooth on"},{"$i":"statusbarIconOnActive-bluetooth","ariaLabel":"Bluetooth on, active"},{"$i":"statusbarIconOn-mute","ariaLabel":"Mute on"},{"$i":"statusbarIconOn-vibration","ariaLabel":"Vibration on"},{"$i":"statusbarRecording","ariaLabel":"Recording on"},{"$i":"statusbarGeolocation","ariaLabel":"Geolocation on"},{"$i":"statusbarUsb","ariaLabel":"USB on"},{"$i":"statusbarCallForwarding","$v":"Call forwarding on"},{"$i":"statusbarPlaying","ariaLabel":"Media playing"},{"$i":"statusbarNfc","ariaLabel":"NFC on"},{"$i":"statusbarDownload","ariaLabel":"Downloading…"},{"$i":"statusbarNetworkActivity","ariaLabel":"Networking on"},{"$i":"statusbarEmergencyCallback","ariaLabel":"Emergency callback"},{"$i":"statusbarNotifications","$v":{"one":[{"t":"idOrVar","v":"n"}," Notification"],"two":[{"t":"idOrVar","v":"n"}," Notifications"],"few":[{"t":"idOrVar","v":"n"}," Notifications"],"many":[{"t":"idOrVar","v":"n"}," Notifications"],"other":[{"t":"idOrVar","v":"n"}," Notifications"]},"$x":[{"t":"idOrVar","v":"plural"},"n"]},{"$i":"statusbarNotifications-unread","ariaLabel":"{[ plural(n) ]}"},{"$i":"notifications","$v":"Notificări"},{"$i":"clear-all","$v":"Curăță toate"},{"$i":"attentionScreen-tapToShow","$v":"Tap to show"},{"$i":"newVoicemails","$v":{"zero":"Niciun mesaj vocal nou","one":"Un mesaj vocal nou","two":[{"t":"idOrVar","v":"n"}," mesaje vocale noi"],"few":[{"t":"idOrVar","v":"n"}," mesaje vocale noi"],"many":[{"t":"idOrVar","v":"n"}," mesaje vocale noi"],"other":[{"t":"idOrVar","v":"n"}," mesaje vocale noi"]},"$x":[{"t":"idOrVar","v":"plural"},"n"]},{"$i":"newVoicemailsUnknown","$v":"Mesaj vocal nou"},{"$i":"dialNumber","$v":["Apelează ",{"t":"idOrVar","v":"number"}]},{"$i":"voicemailNotificationMultiSim","$v":["(SIM ",{"t":"idOrVar","v":"n"},") ",{"t":"idOrVar","v":"title"}]},{"$i":"euRoamingNotificationTitle","$v":"EU internet detected"},{"$i":"euRoamingNotificationMsg","$v":"Tap to change."},{"$i":"confirmNFCConnectBTenabledNameUnknown","$v":"Sigur dorești conectarea cu dispozitivul?"},{"$i":"confirmNFCConnectBTdisabledNameUnknown","$v":"Pornești Bluetooth-ul și te conectezi cu dispozitivul?"},{"$i":"confirmNFCConnectBTenabledNameKnown","$v":["Sigur dorești conectarea cu ",{"t":"idOrVar","v":"deviceName"},"?"]},{"$i":"confirmNFCConnectBTdisabledNameKnown","$v":["Pornești Bluetooth-ul și te conectezi cu ",{"t":"idOrVar","v":"deviceName"},"?"]},{"$i":"confirmNFCConnectBTdisabled","$v":"Turn on"},{"$i":"dismissNFCConnectBTdisabled","$v":"Renunță"},{"$i":"confirmation","$v":"Confirmare"},{"$i":"deviceMenu","$v":"Telefon"},{"$i":"airplane","$v":"Pornește modul avion"},{"$i":"airplaneOff","$v":"Oprește modul avion"},{"$i":"silent","$v":"Silențios pentru apeluri"},{"$i":"normal","$v":"Sonerie pentru apeluri"},{"$i":"restart","$v":"Repornește"},{"$i":"power","$v":"Oprește alimentarea"},{"$i":"no-recent-app-windows","$v":"Your recent app windows show up here"},{"$i":"no-recent-browser-windows","$v":"Your recent browser windows show up here"},{"$i":"closeCard","ariaLabel":"Close"},{"$i":"openCard","ariaLabel":"Open"},{"$i":"yes","$v":"Da"},{"$i":"no","$v":"Nu"},{"$i":"dontallow","$v":"Don’t allow"},{"$i":"allow","$v":"Permite"},{"$i":"dontshare-geolocation","$v":"Nu împărtăși"},{"$i":"share-geolocation","$v":"Împărtășește"},{"$i":"dontshare-audio-capture","$v":"Nu împărtăși"},{"$i":"share-audio-capture","$v":"Împărtășește"},{"$i":"dontshare-video-capture","$v":"Nu împărtăși"},{"$i":"share-video-capture","$v":"Împărtășește"},{"$i":"dontshare-media-capture","$v":"Nu împărtăși"},{"$i":"share-media-capture","$v":"Împărtășește"},{"$i":"device-front","$v":"Cameră frontală"},{"$i":"device-back","$v":"Camera din spate"},{"$i":"remember-my-choice","$v":"Ține minte alegerea mea"},{"$i":"more-info","$v":"Mai multe informații…"},{"$i":"hide-info","$v":"Hide info"},{"$i":"install-app","$v":["Instalezi ",{"t":"idOrVar","v":"name"},"?"]},{"$i":"size","$v":"Mărime"},{"$i":"author","$v":"Autor"},{"$i":"size-unknown","$v":"Necunoscută"},{"$i":"author-unknown","$v":"Necunoscută"},{"$i":"install","$v":"Instalează"},{"$i":"bytes","$v":"bytes"},{"$i":"kB","$v":"KB"},{"$i":"MB","$v":"MB"},{"$i":"GB","$v":"GB"},{"$i":"TB","$v":"TB"},{"$i":"PB","$v":"PB"},{"$i":"app-install-generic-error","$v":["Descărcarea ",{"t":"idOrVar","v":"appName"}," a fost oprită"]},{"$i":"app-install-download-failed","$v":["Descărcarea ",{"t":"idOrVar","v":"appName"}," a eșuat"]},{"$i":"app-install-install-failed","$v":["Instalarea ",{"t":"idOrVar","v":"appName"}," a eșuat"]},{"$i":"cancelling-will-not-refund","$v":"Anularea nu va rambursa o achiziție. Rambursările pentru conținutul plătit sunt furnizate de către vânzătorul original."},{"$i":"apps-can-be-installed-later","$v":"Aplicațiile nu pot fi instalate mai târziu din sursa de instalare originală."},{"$i":"are-you-sure-you-want-to-cancel","$v":"Sigur dorești să anulezi această instalare?"},{"$i":"cancel-install","$v":"Anulează instalarea"},{"$i":"cancel-install-button","$v":"Anulează"},{"$i":"resume","$v":"Reia"},{"$i":"continue","$v":"Continue"},{"$i":"stopDownloading","$v":["Oprești descărcarea ",{"t":"idOrVar","v":"app"},"?"]},{"$i":"app-download-can-be-restarted","$v":"Descărcarea poate fi repornită mai târziu."},{"$i":"app-download-stop-button","$v":"Oprește descărcarea"},{"$i":"not-enough-space","$v":"Spațiu insuficient"},{"$i":"not-enough-space-message","$v":"Nu există spațiu suficient pentru a instala această aplicație. Eliberează spațiu ștergând aplicații sau conținut media vechi și încearcă să instalezi din nou de la sursa originală."},{"$i":"app-install-success","$v":[{"t":"idOrVar","v":"appName"}," s-a instalat"]},{"$i":"langpack-install-success2","$v":[{"t":"idOrVar","v":"appName"}," installed. Go to Settings > Language to enable it."]},{"$i":"setup","$v":"Configurare"},{"$i":"ime-addkeyboards","$v":"Adaugă tastaturi"},{"$i":"later","$v":"Mai târziu"},{"$i":"download","$v":"Descarcă"},{"$i":"wantToDownload","$v":"Descarci actualizarea acum?"},{"$i":"wantToInstallNow","$v":"Do you want to install the update now? You will not be able to use your phone for a few minutes."},{"$i":"installNow","$v":"Instalează acum"},{"$i":"notNow","$v":"Nu acum"},{"$i":"downloadingUpdateMessage","innerHTML":["Se descarcă actualizările… <span>",{"t":"idOrVar","v":"progress"}," descărcat.</span>"]},{"$i":"downloadingAppMessage","$v":["Se descarcă ",{"t":"idOrVar","v":"appName"}]},{"$i":"downloadingAppProgressNoMax","$v":[{"t":"idOrVar","v":"progress"}," descărcat"]},{"$i":"downloadingAppProgressIndeterminate","$v":"Se descarcă"},{"$i":"downloadingAppProgress","$v":[{"t":"idOrVar","v":"progress"}," / ",{"t":"idOrVar","v":"max"}," descărcați"]},{"$i":"cancelAllDownloads","$v":"Anulează toate descărcările"},{"$i":"wantToCancelAll","$v":"Sigur dorești să anulezi toate descărcările?"},{"$i":"downloadError","$v":"A apărut o eroare la descărcarea actualizărilor."},{"$i":"updateAvailableInfo","innerHTML":{"$x":[{"t":"idOrVar","v":"plural"},"n"],"$v":{"one":[{"t":"idOrVar","v":"n"}," actualizări disponibile. <span>Apasă pentru mai multe informații.</span>"],"two":[{"t":"idOrVar","v":"n"}," actualizări disponibile. <span>Apasă pentru mai multe informații.</span>"],"few":[{"t":"idOrVar","v":"n"}," actualizări disponibile. <span>Apasă pentru mai multe informații.</span>"],"many":[{"t":"idOrVar","v":"n"}," actualizări disponibile. <span>Apasă pentru mai multe informații.</span>"],"other":[{"t":"idOrVar","v":"n"}," actualizări disponibile. <span>Apasă pentru mai multe informații.</span>"]}}},{"$i":"numberOfUpdates","$v":{"one":[{"t":"idOrVar","v":"n"}," actualizare disponibilă"],"two":[{"t":"idOrVar","v":"n"}," actualizări disponibile"],"few":[{"t":"idOrVar","v":"n"}," actualizări disponibile"],"many":[{"t":"idOrVar","v":"n"}," actualizări disponibile"],"other":[{"t":"idOrVar","v":"n"}," actualizări disponibile"]},"$x":[{"t":"idOrVar","v":"plural"},"n"]},{"$i":"systemUpdate","$v":"Actualizare de sistem"},{"$i":"systemUpdateReady","$v":"Actualizare de sistem pregătită"},{"$i":"systemUpdateLowBatteryThreshold","$v":["Ai nevoie de cel puțin ",{"t":"idOrVar","v":"threshold"},"% nivelul bateriei pentru a instala actualizarea."]},{"$i":"required","$v":"Necesară"},{"$i":"uncompressingMessage","innerHTML":"Dezarhivare… <span>Aceasta poate dura câteva minute.</span>"},{"$i":"downloadWifiPrioritizedUsing2G","$v":"Actualizările sunt descărcate via conexiunea de date când Wi-Fi nu este disponibil. Când folosești conexiunea de date, apelurile telefonice pot fi blocate și se pot aplica și costuri în plus."},{"$i":"downloadWifiPrioritized3","$v":"Updates are downloaded via data connection when Wi-Fi is not available. When using data connection, additional charges may apply."},{"$i":"downloadNoWifiWarning","$v":"Wi-Fi indisponibil. Actualizarea de pe conexiunea actuală poate atrage costuri în plus."},{"$i":"downloadOfflineWarning2","$v":"Connect to a network to download updates."},{"$i":"downloadUpdatesViaDataConnection","$v":"Descarci actualizările via conexiunea de date?"},{"$i":"downloadUpdatesVia2GForbidden3","$v":"Downloading updates is not possible on slow connections (2G). Please connect via Wi-Fi or 3G (if available) and try again."},{"$i":"downloadUpdatesViaDataConnectionMessage3","$v":"When using a data connection, additional costs may apply. Do you want to continue?"},{"$i":"downloadUpdatesViaDataRoamingConnection","$v":"Descarci actualizările via roaming de date?"},{"$i":"downloadUpdatesViaDataRoamingConnectionMessage","$v":"You are currently roaming and additional charges may apply. Do you want to continue?"},{"$i":"screenshotSaved","$v":"Captură salvată în Galerie"},{"$i":"screenshotFailed","$v":"Captura n-a putut fi salvată"},{"$i":"screenshotNoSDCard","$v":"Niciun card de memorie găsit"},{"$i":"screenshotSDCardInUse","$v":"Cardul de memorie e în uz"},{"$i":"screenshotSDCardLow","$v":"Spațiu insuficient pe cardul de memorie"},{"$i":"logsSaved","$v":"Logs saved to storage"},{"$i":"logsSaveError","$v":"Error while saving logs"},{"$i":"logsSaving","$v":"Capturing logs…"},{"$i":"logsOperationFailed","$v":["Operation ",{"t":"idOrVar","v":"operation"}," failed."]},{"$i":"logsGenericError","$v":"Unexpected error occurred."},{"$i":"logsSDCardMaybeShared","$v":"Make sure your SD card is not shared with your computer."},{"$i":"emergency-call-button","$v":"Apel de urgență"},{"$i":"emergency-call","$v":"Apel de urgență"},{"$i":"unlock-a11y-button","ariaLabel":"Deblochează"},{"$i":"camera-a11y-button","ariaLabel":"Cameră"},{"$i":"longDateFormat","$v":"%A, %e %B"},{"$i":"panel-passcode","ariaLabel":"Passcode panel"},{"$i":"open-notification","$v":"open"},{"$i":"softwareHomeButton","ariaLabel":"Acasă"},{"$i":"login","$v":"Autentificare"},{"$i":"sign-in-to-website","$v":"Sign in to website"},{"$i":"username","$v":"Utilizator"},{"$i":"password","$v":"Parolă"},{"$i":"http-authentication-message2","$v":["The website ",{"t":"idOrVar","v":"host"}," requires you to sign in."]},{"$i":"error-message","$v":[{"t":"idOrVar","v":"name"}," nu se încarcă corespunzător"]},{"$i":"error-title","$v":[{"t":"idOrVar","v":"name"}," are probleme"]},{"$i":"unable-to-connect","$v":"Unable to connect"},{"$i":"tap-to-check-settings","$v":"Tap to check settings"},{"$i":"delete-title","$v":["Șterge ",{"t":"idOrVar","v":"name"}]},{"$i":"delete-body","$v":[{"t":"idOrVar","v":"name"}," și toate datele sale vor fi șterse."]},{"$i":"delete","$v":"Șterge"},{"$i":"unrecoverable-error-title","$v":"Remove Application"},{"$i":"unrecoverable-error-body","$v":"Cannot install application due to an unrecoverable error. Please try downloading again. The application will be removed."},{"$i":"unrecoverable-error-action","$v":"Ok"},{"$i":"data-roaming-enabled-title","$v":"Turn on data roaming?"},{"$i":"data-roaming-enabled-warning2","$v":"In order to access the Internet, you need to turn on data roaming. Depending on your service agreement, extra charges may apply. Do you want to turn data on?"},{"$i":"select-time","$v":"Selectează ora"},{"$i":"choose-option","$v":"Selectează"},{"$i":"choose-options","$v":"Selectează"},{"$i":"select-day","$v":"Selectează ziua"},{"$i":"battery-almost-empty3","$v":"Your battery is low."},{"$i":"plug-in-your-charger","$v":"Please plug in your charger."},{"$i":"new-window","$v":"New window"},{"$i":"new-private-window","$v":"New private window"},{"$i":"show-windows","$v":"Show windows"},{"$i":"add-to-home-screen","$v":"Adaugă pe ecran"},{"$i":"crash-dialog2-os","$v":[{"t":"idOrVar","v":"brandShortName"}," tocmai s-a recuperat după o defecțiune"]},{"$i":"crash-dialog-app","$v":[{"t":"idOrVar","v":"name"}," tocmai s-a închis neașteptat"]},{"$i":"crash-dialog-app-noname","$v":"Something"},{"$i":"crash-dialog-message","$v":"Dorești să trimiți Mozillei un raport cu privire la defecțiune pentru a ne ajuta să reparăm problema? (Rapoartele sunt trimise numai prin Wi-Fi)"},{"$i":"crash-info-link","$v":"Ce este într-un raport de eroare?"},{"$i":"crash-always-report","$v":"Trimite mereu Mozillei un raport când apare o defecțiune."},{"$i":"crash-dont-send","$v":"Nu trimite"},{"$i":"crash-end","$v":"Trimite raportul"},{"$i":"crashReports","$v":"Raport de eroare"},{"$i":"done","$v":"Gata"},{"$i":"crash-reports-description-1","$v":"Un raport de eroare conține niște detalii despre defecțiune și despre dispozitiv, precum și un instantaneu al stării telefonului în momentul în care s-a închis neașteptat."},{"$i":"crash-reports-description-2","$v":"Aceasta se poate să includă lucruri precum paginile și aplicațiile deschise, textele tastate în formulare și conținutul din mesajele deschise, istoricul recent a navigării sau geolocația folosită de către o altă aplicație deschisă."},{"$i":"crash-reports-description-3-start","$v":"We use crash reports to try to fix problems and improve our products. We handle your information as we describe in our "},{"$i":"crash-reports-description-3-privacy","$v":"politica de confidențialitate"},{"$i":"crash-reports-description-3-end","$v":"."},{"$i":"crash-banner-os2","$v":[{"t":"idOrVar","v":"brandShortName"}," tocmai s-a închis neașteptat."]},{"$i":"crash-banner-app","$v":[{"t":"idOrVar","v":"name"}," tocmai s-a închis neașteptat."]},{"$i":"crash-banner-report","$v":"Raportează"},{"$i":"bluetooth-sending-progress","$v":"Se trimite transferul prin Bluetooth…"},{"$i":"bluetooth-receiving-progress","$v":"Se primește transferul prin Bluetooth…"},{"$i":"acceptFileTransfer","$v":"Accepți transferul de fișiere prin Bluetooth?"},{"$i":"wantToReceiveFile","$v":[{"t":"idOrVar","v":"deviceName"}," dorește să transfere ",{"t":"idOrVar","v":"fileName"}," (",{"t":"idOrVar","v":"fileSize"},")."]},{"$i":"transfer-confirmation-title","$v":[{"t":"idOrVar","v":"deviceName"}]},{"$i":"transfer-confirmation-description","$v":"Verifică cererea de transfer."},{"$i":"byteUnit-B","$v":"B"},{"$i":"byteUnit-KB","$v":"KB"},{"$i":"byteUnit-MB","$v":"MB"},{"$i":"byteUnit-GB","$v":"GB"},{"$i":"byteUnit-TB","$v":"TB"},{"$i":"byteUnit-PB","$v":"PB"},{"$i":"byteUnit-EB","$v":"EB"},{"$i":"byteUnit-ZB","$v":"ZB"},{"$i":"byteUnit-YB","$v":"YB"},{"$i":"fileSize","$v":[{"t":"idOrVar","v":"size"}," ",{"t":"idOrVar","v":"unit"}]},{"$i":"deny","$v":"Nu permite"},{"$i":"transfer","$v":"Transferă"},{"$i":"cancelFileTransfer","$v":"Anulezi transferul de fișiere prin Bluetooth?"},{"$i":"continueFileTransfer","$v":"Continue"},{"$i":"transfer-has-started-title","$v":"Transferul a început"},{"$i":"transfer-has-started-description","$v":"Verifică progresul în centrul de notificare"},{"$i":"transferFinished-sentSuccessful-title","$v":"Fișier trimis"},{"$i":"transferFinished-receivedSuccessful-title","$v":"Fișier primit"},{"$i":"transferFinished-sentFailed-title","$v":"Fișierul nu a putut fi trimis"},{"$i":"transferFinished-receivedFailed-title","$v":"Fișierul nu a putut fi primit"},{"$i":"transferReport-title","$v":"Raport de transfer:"},{"$i":"transferReport-description","$v":[{"t":"idOrVar","v":"numSuccessful"}," fișiere cu succes, ",{"t":"idOrVar","v":"numUnsuccessful"}," fișiere fără succes"]},{"$i":"unknown-file","$v":"Fișier necunoscut"},{"$i":"unknown-device","$v":"Dispozitiv necunoscut"},{"$i":"cannotOpenFile","$v":"Nu se poate deschide fișierul primit"},{"$i":"unknownMediaTypeToOpenFile","$v":["Can not open unknown media type: ",{"t":"idOrVar","v":"fileName"}]},{"$i":"cannotReceiveFile","$v":"Nu se poate primi fișierul"},{"$i":"cannotGetStorageState","$v":"Nu se poate obține situația de stocare a dispozitivului"},{"$i":"sdcard-not-exist2","$v":"Niciun card de memorie găsit. Te rugăm să inserezi un card de memorie."},{"$i":"sdcard-in-use","$v":"Bluetooth nu poate fi folosit cât timp telefonul este conectat. Te rugăm deconectează telefonul pentru a primi fișierul/fișierele."},{"$i":"sdcard-no-space2","$v":"Nu se poate încheia transferul: cardul de memorie este plin."},{"$i":"unknown-error","$v":"Eroare necunoscută"},{"$i":"confirm","$v":"Confirmă"},{"$i":"sdcard-detected-title","$v":"SD card detected"},{"$i":"sdcard-total-size-body","$v":["Total size: ",{"t":"idOrVar","v":"size"}," ",{"t":"idOrVar","v":"unit"}]},{"$i":"sdcard-unknown-size-then-tap-to-format-body","$v":"Unknown size, tap to format"},{"$i":"sdcard-removed-title","$v":"SD card removed"},{"$i":"sdcard-removed-ejected-successfully","$v":"Ejected successfully"},{"$i":"sdcard-removed-not-ejected-properly","$v":"Not ejected properly"},{"$i":"microphone-is-on","$v":"Microfonul e pornit"},{"$i":"camera-is-on","$v":"Camera e pornită"},{"$i":"media-is-on","$v":"Camera și microfonul sunt pornite"},{"$i":"noSimCard","$v":"Nicio cartelă SIM"},{"$i":"simPin","$v":"Cod PIN"},{"$i":"pukCode","$v":"Cod PUK"},{"$i":"nckCode","$v":"Cod NCK"},{"$i":"cckCode","$v":"Cod CCK"},{"$i":"spckCode","$v":"Cod SPCK"},{"$i":"nck1code","$v":"Cod NCK1"},{"$i":"nck2code","$v":"Cod NCK2"},{"$i":"hnckcode","$v":"Cod HNCK"},{"$i":"rcckcode","$v":"Cod RCCK"},{"$i":"rspckcode","$v":"Cod RSPCK"},{"$i":"whatIsSimPin","$v":"Ce este un cod PIN pentru cartela SIM?"},{"$i":"simPinIntro1","$v":"Un cod PIN împiedică accesul la rețelele telefonice de date ale cartelei SIM. Când codul este activ, orice telefon care conține o cartelă SIM va solicita codul PIN la repornire."},{"$i":"simPinIntro2","$v":"Un cod PIN pentru SIM nu este același lucru cu codul de acces folosit pentru a debloca dispozitivul."},{"$i":"changeSimPin","$v":"Schimbă codul PIN"},{"$i":"pinTitle","$v":"Introdu codul PIN pentru SIM"},{"$i":"multiSIMpinTitle","$v":["Introdu PIN pt. SIM ",{"t":"idOrVar","v":"n"}]},{"$i":"pukTitle","$v":"Introdu codul PUK"},{"$i":"nckTitle","$v":"Introdu codul NCK"},{"$i":"cckTitle","$v":"Introdu codul CCK"},{"$i":"spckTitle","$v":"Introdu codul SPCK"},{"$i":"nck1Title","$v":"Introdu codul NCK1"},{"$i":"nck2Title","$v":"Introdu codul NCK2"},{"$i":"hnckTitle","$v":"Introdu codul HNCK"},{"$i":"rcckTitle","$v":"Introdu codul RCCK"},{"$i":"rspckTitle","$v":"Introdu codul RSPCK"},{"$i":"newpinTitle","$v":"Cod PIN nou"},{"$i":"inputCodeRetriesLeft","$v":{"one":"ultima încercare.","two":[{"t":"idOrVar","v":"n"}," încercări rămase."],"few":[{"t":"idOrVar","v":"n"}," încercări rămase."],"many":[{"t":"idOrVar","v":"n"}," încercări rămase."],"other":[{"t":"idOrVar","v":"n"}," încercări rămase."]},"$x":[{"t":"idOrVar","v":"plural"},"n"]},{"$i":"pinErrorMsg","$v":"Codul PIN a fost incorect."},{"$i":"pinAttemptMsg2","$v":{"one":"Ai o încercare rămasă pentru a introduce codul corect înainte de a bloca cartela SIM.","two":["Ai ",{"t":"idOrVar","v":"n"}," încercări rămase pentru a introduce codul corect înainte de a bloca cartela SIM."],"few":["Ai ",{"t":"idOrVar","v":"n"}," încercări rămase pentru a introduce codul corect înainte de a bloca cartela SIM."],"many":["Ai ",{"t":"idOrVar","v":"n"}," încercări rămase pentru a introduce codul corect înainte de a bloca cartela SIM."],"other":["Ai ",{"t":"idOrVar","v":"n"}," încercări rămase pentru a introduce codul corect înainte de a bloca cartela SIM."]},"$x":[{"t":"idOrVar","v":"plural"},"n"]},{"$i":"pinLastChanceMsg","$v":"Aceasta este ultima ta șansă pentru a introduce codul PIN corect. În caz contrar, trebuie să introduci codul PUK pentru a folosi această cartelă SIM."},{"$i":"simCardLockedMsg","$v":"Cartela SIM este blocată."},{"$i":"enterPukMsg","$v":"Trebuie să introduci codul cheii personale de deblocare (PUK) pentru cartela SIM. Consultă documentația cartelei SIM sau contactează operatorul pentru mai multe informații."},{"$i":"pukErrorMsg","$v":"Codul PUK este incorect."},{"$i":"pukAttemptMsg2","$v":{"one":"Ai o încercare rămasă pentru a introduce codul corect înainte ca această cartelă SIM să devină inutilizabilă permanent. Consultă documentația cartelei SIM sau contactează operatorul pentru mai multe informații.","two":["Ai ",{"t":"idOrVar","v":"n"}," încercări rămase pentru a introduce codul corect înainte ca această cartelă SIM să devină inutilizabilă permanent. Consultă documentația cartelei SIM sau contactează operatorul pentru mai multe informații."],"few":["Ai ",{"t":"idOrVar","v":"n"}," încercări rămase pentru a introduce codul corect înainte ca această cartelă SIM să devină inutilizabilă permanent. Consultă documentația cartelei SIM sau contactează operatorul pentru mai multe informații."],"many":["Ai ",{"t":"idOrVar","v":"n"}," încercări rămase pentru a introduce codul corect înainte ca această cartelă SIM să devină inutilizabilă permanent. Consultă documentația cartelei SIM sau contactează operatorul pentru mai multe informații."],"other":["Ai ",{"t":"idOrVar","v":"n"}," încercări rămase pentru a introduce codul corect înainte ca această cartelă SIM să devină inutilizabilă permanent. Consultă documentația cartelei SIM sau contactează operatorul pentru mai multe informații."]},"$x":[{"t":"idOrVar","v":"plural"},"n"]},{"$i":"pukLastChanceMsg","$v":"Ultima șansă pentru a introduce codul PUK corect. Cartela ta SIM va deveni inutilizabilă permanent dacă introduci codul PUK greșit. Consultă documentația cartelei SIM sau contactează operatorul pentru mai multe informații."},{"$i":"newSimPinMsg","$v":"Crează un cod PIN (trebuie să conțină între 4 și 8 cifre)"},{"$i":"confirmNewSimPinMsg","$v":"Confirmă codul PIN nou"},{"$i":"newPinErrorMsg","$v":"Codurile PIN nu se potrivesc."},{"$i":"nckErrorMsg","$v":"Codul NCK este incorect."},{"$i":"nckAttemptMsg2","$v":{"one":"Cererea de depersonalizare a rețelei a eșuat. Ai o încercare rămasă pentru a introduce codul corect. Consultă documentația dispozitivului sau contactează operatorul pentru mai multe informații.","two":["Cererea de depersonalizare a rețelei a eșuat. Ai ",{"t":"idOrVar","v":"n"}," încercări rămase pentru a introduce codul corect. Consultă documentația dispozitivului sau contactează operatorul pentru mai multe informații."],"few":["Cererea de depersonalizare a rețelei a eșuat. Ai ",{"t":"idOrVar","v":"n"}," încercări rămase pentru a introduce codul corect. Consultă documentația dispozitivului sau contactează operatorul pentru mai multe informații."],"many":["Cererea de depersonalizare a rețelei a eșuat. Ai ",{"t":"idOrVar","v":"n"}," încercări rămase pentru a introduce codul corect. Consultă documentația dispozitivului sau contactează operatorul pentru mai multe informații."],"other":["Cererea de depersonalizare a rețelei a eșuat. Ai ",{"t":"idOrVar","v":"n"}," încercări rămase pentru a introduce codul corect. Consultă documentația dispozitivului sau contactează operatorul pentru mai multe informații."]},"$x":[{"t":"idOrVar","v":"plural"},"n"]},{"$i":"nckLastChanceMsg","$v":"Cererea de depersonalizare a rețelei a eșuat. Ultima șansă pentru a introduce codul NCK corect. Consultă documentația dispozitivului sau contactează operatorul pentru mai multe informații."},{"$i":"activity-pick","$v":"Selectează de la:"},{"$i":"activity-view","$v":"Vezi cu:"},{"$i":"activity-test","$v":"Testează cu:"},{"$i":"activity-share","$v":"Împărtășește cu:"},{"$i":"activity-new","$v":"Creează cu:"},{"$i":"activity-open","$v":"Deschide cu:"},{"$i":"activity-save-bookmark","$v":"Semn de carte la:"},{"$i":"activity-record","$v":"Înregistrare de la:"},{"$i":"activity-browse","$v":"Navighează cu:"},{"$i":"activity-configure","$v":"Configurează cu:"},{"$i":"activity-dial","$v":"Apel de la:"},{"$i":"persona-signin","$v":"Autentificare"},{"$i":"payment-flow","$v":"Achiziționează"},{"$i":"remoteDebuggerPromptUSB","$v":"Allow USB debugging connection?"},{"$i":"remoteDebuggerPromptTCP","$v":["Allow remote debugging connection from ",{"t":"idOrVar","v":"host"},":",{"t":"idOrVar","v":"port"},"?"]},{"$i":"devtools-auth-scan2","$v":"Scanning for the QR code displayed on your other device…"},{"$i":"fullscreen-request","$v":[{"t":"idOrVar","v":"origin"}," este acum pe tot ecranul."]},{"$i":"captive-wifi-available","$v":["A fost găsită rețeaua ",{"t":"idOrVar","v":"networkName"},". Te conectezi la rețea?"]},{"$i":"ceWarningtitle","$v":"Avertizare pentru volum"},{"$i":"ceWarningcontent","$v":"Pentru a preveni posibila deteriorare a auzului, nu asculta sunete la volum ridicat pentru perioade lungi de timp."},{"$i":"notification-powersaving-mode-on-title","$v":"Mod de economisire a energiei"},{"$i":"notification-powersaving-mode-on-description","$v":"Modul de economisire al energiei este activat."},{"$i":"low-device-storage","$v":"Spațiu redus pe dispozitiv.\\n"},{"$i":"free-space","$v":{"zero":"Fără spațiu liber rămas.","one":["Mai puțin de ",{"t":"idOrVar","v":"value"}," ",{"t":"idOrVar","v":"unit"}," rămas."],"two":["Mai puțin de ",{"t":"idOrVar","v":"value"}," ",{"t":"idOrVar","v":"unit"}," rămas."],"few":["Mai puțin de ",{"t":"idOrVar","v":"value"}," ",{"t":"idOrVar","v":"unit"}," rămas."],"many":["Mai puțin de ",{"t":"idOrVar","v":"value"}," ",{"t":"idOrVar","v":"unit"}," rămas."],"other":["Mai puțin de ",{"t":"idOrVar","v":"value"}," ",{"t":"idOrVar","v":"unit"}," rămas."]},"$x":[{"t":"idOrVar","v":"plural"},"value"]},{"$i":"unknown-free-space","$v":"Spațiu rămas necunoscut."},{"$i":"system-alert","$v":"Alertă de sistem"},{"$i":"cb-channel","$v":["Sursa ",{"t":"idOrVar","v":"channel"}]},{"$i":"cb-etws-warningType-earthquake","$v":"Earthquake warning!"},{"$i":"cb-etws-warningType-tsunami","$v":"Tsunami warning!"},{"$i":"cb-etws-warningType-earthquake-tsunami","$v":"Earthquake-tsunami warning!"},{"$i":"cb-etws-warningType-test","$v":"Alert system is being tested."},{"$i":"cb-etws-warningType-other","$v":"Emergency warning!"},{"$i":"icc-message-maintitle","$v":"Operator message"},{"$i":"icc-message-subtitle","$v":["SIM ",{"t":"idOrVar","v":"id"}]},{"$i":"icc-confirmCall-defaultmessage","$v":["Apelezi ",{"t":"idOrVar","v":"number"},"?"]},{"$i":"icc-alertMessage-send-ss","$v":"Send SS"},{"$i":"icc-alertMessage-send-ussd","$v":"Send USSD"},{"$i":"icc-alertMessage-send-sms","$v":"Send SMS"},{"$i":"icc-confirmMessage-defaultmessage","$v":"Trimiți mesajul?"},{"$i":"icc-inputbox-maintitle","$v":"STK Query"},{"$i":"icc-inputbox-subtitle","$v":["SIM ",{"t":"idOrVar","v":"id"}]},{"$i":"emergency-callback-mode","$v":"Regim de apelare inversă de urgență"},{"$i":"emergency-callback-message","$v":"Nu poți realiza apeluri, trimite mesaje sau să fii online deoarece regimul de apelare inversă de urgență este activat. Dorești să-l oprești?"},{"$i":"cdma-record-info","$v":"Informații de înregistrare CDMA"},{"$i":"ime-switching-title","$v":[{"t":"idOrVar","v":"appName"},": ",{"t":"idOrVar","v":"name"}]},{"$i":"ime-switching-tip","$v":"Apasă pt. a comuta metoda intrare"},{"$i":"shrinking-tip","$v":"Glisează pentru a partaja"},{"$i":"download_started","$v":"Descărcarea a început"},{"$i":"download_stopped","$v":"Descărcare oprită"},{"$i":"download_downloading","$v":"Downloading…"},{"$i":"download_succeeded","$v":"Descărcare încheiată"},{"$i":"download_failed","$v":"Descărcare eșuată"},{"$i":"download_text_by_default","$v":[{"t":"idOrVar","v":"name"}]},{"$i":"download_downloading_text_2","$v":[{"t":"idOrVar","v":"percentage"},"% - ",{"t":"idOrVar","v":"name"}]},{"$i":"search-the-web","$v":"Search the web"},{"$i":"search-or-enter-address","$v":"Search or enter address","placeholder":"Search or enter address"},{"$i":"back-button","ariaLabel":"Back"},{"$i":"forward-button","ariaLabel":"Forward"},{"$i":"reload-button","ariaLabel":"Reload"},{"$i":"stop-button","ariaLabel":"Stop"},{"$i":"windows-button","ariaLabel":"Show windows"},{"$i":"noHotspotWhenAPMisOnWifiHotspot","$v":"Turn off airplane mode to use Wi-Fi hotspot."},{"$i":"apmActivated","$v":"Airplane mode activated"},{"$i":"open-in-new-window","$v":"Open in new window"},{"$i":"open-in-new-private-window","$v":"Open in new private window"},{"$i":"add-link-to-home-screen","$v":"Add link to home screen"},{"$i":"share-link","$v":"Share link"},{"$i":"save-image","$v":"Save Image"},{"$i":"save-video","$v":"Salvează videoclipul"},{"$i":"save-audio","$v":"Salvează fișierul audio"},{"$i":"save-link","$v":"Save linked file"},{"$i":"share-image","$v":"Share Image"},{"$i":"share-video","$v":"Partajează videoclipul"},{"$i":"share-audio","$v":"Share Audio"},{"$i":"private-window","$v":"Private Window"},{"$i":"private-browser-title","$v":"You’re browsing privately"},{"$i":"private-window-detail1","$v":"The browser won’t keep any browser history, cookies, or temporary Internet files."},{"$i":"private-window-detail2","$v":"While this device won’t have a record of your browsing history, your Internet service provider can still track the pages you visit."},{"$i":"okCharsLeft","$v":["Ok (",{"t":"idOrVar","v":"n"},")"]},{"$i":"network-error-in-app","$v":"No access to the Internet right now."},{"$i":"network-error-launching","$v":[{"t":"idOrVar","v":"name"}," requires an Internet connection."]},{"$i":"server-not-found","$v":"Server negăsit"},{"$i":"server-not-found-error","$v":["Can’t find the server at ",{"t":"idOrVar","v":"name"},"."]},{"$i":"file-not-found","$v":"File not found"},{"$i":"file-not-found-error","$v":"The device can’t display this page because the file cannot be found."},{"$i":"connection-failed","$v":"Unable to connect"},{"$i":"connection-failed-error","$v":"A network error occurred while trying to reach the site."},{"$i":"invalid-connection","$v":"Unable to connect"},{"$i":"invalid-connection-error","$v":"A network error occurred while trying to reach the site."},{"$i":"malformed-uri","$v":"URL not valid"},{"$i":"malformed-uri-error","$v":"The URL entered is not valid and cannot be loaded."},{"$i":"redirect-loop","$v":"Can’t display page"},{"$i":"redirect-loop-error","$v":"Dispozitivul nu poate afișa această pagină deoarece pagina nu redirecționează corect. Încearcă din nou pagina mai târziu."},{"$i":"not-cached","$v":"Page expired"},{"$i":"not-cached-error","$v":"As a security precaution, this page cannot be displayed by the device because it has expired."},{"$i":"is-printing-error","$v":"The document cannot change while Printing or in Print Preview."},{"$i":"denied-port-access","$v":"This address is restricted"},{"$i":"denied-port-access-error","$v":"This address uses a network port which is normally used for purposes other than Web browsing. The device has cancelled the request for your protection."},{"$i":"proxy-resolve-failure","$v":"Eroare la serverul proxy"},{"$i":"proxy-resolve-failure-error","$v":"The device is configured to use a proxy server that can’t be found."},{"$i":"proxy-connect-failure","$v":"Eroare la serverul proxy"},{"$i":"proxy-connect-failure-error","$v":"Dispozitivul este configurat să folosească un server proxy care refuză conexiuni."},{"$i":"content-encoding","$v":"Can’t display page"},{"$i":"content-encoding-error","$v":"The device can’t display this page because a content encoding error occurred."},{"$i":"remote-xul","$v":"Page unsupported"},{"$i":"remote-xul-error","$v":"This page can’t be displayed because it uses a technology that is not supported on the device."},{"$i":"phishing-blocked","$v":"Warning"},{"$i":"phishing-blocked-error","$v":"The website has been reported as a web forgery designed to trick users into sharing personal or financial information."},{"$i":"malware-blocked","$v":"Malware attack blocked"},{"$i":"malware-blocked-error","$v":"The site at has been reported as an attack site and has been blocked."},{"$i":"unsafe-content-type","$v":"Unsafe content"},{"$i":"unsafe-content-type-error","$v":"Pagina nu poate fi afișată deoarece v-ar putea compromite siguranța."},{"$i":"corrupted-content","$v":"Can’t display page"},{"$i":"corrupted-content-error","$v":"The page cannot be shown because an error in the data transmission was detected."},{"$i":"try-again","$v":"Try again"},{"$i":"check-settings","$v":"Check settings"},{"$i":"accessibility-enableScreenReaderSteps","$v":"To enable screen reader, press volume up then volume down buttons three more times"},{"$i":"accessibility-disableScreenReaderSteps","$v":"To disable screen reader, press volume up then volume down buttons three more times"},{"$i":"accessibility-screenReaderStarted","$v":"Screen reader started"},{"$i":"accessibility-screenReaderStopped","$v":"Screen reader stopped"},{"$i":"accessibility-menubar","$v":"menu bar"},{"$i":"accessibility-scrollbar","$v":"scroll bar"},{"$i":"accessibility-grip","$v":"grip"},{"$i":"accessibility-alert","$v":"alert"},{"$i":"accessibility-menupopup","$v":"menu popup"},{"$i":"accessibility-document","$v":"document"},{"$i":"accessibility-pane","$v":"pane"},{"$i":"accessibility-dialog","$v":"dialog"},{"$i":"accessibility-separator","$v":"separator"},{"$i":"accessibility-toolbar","$v":"toolbar"},{"$i":"accessibility-statusbar","$v":"status bar"},{"$i":"accessibility-table","$v":"table"},{"$i":"accessibility-columnheader","$v":"column header"},{"$i":"accessibility-rowheader","$v":"row header"},{"$i":"accessibility-column","$v":"column"},{"$i":"accessibility-row","$v":"row"},{"$i":"accessibility-cell","$v":"cell"},{"$i":"accessibility-link","$v":"link"},{"$i":"accessibility-list","$v":"list"},{"$i":"accessibility-listitem","$v":"list item"},{"$i":"accessibility-outline","$v":"outline"},{"$i":"accessibility-outlineitem","$v":"outline item"},{"$i":"accessibility-pagetab","$v":"tab"},{"$i":"accessibility-propertypage","$v":"property page"},{"$i":"accessibility-graphic","$v":"graphic"},{"$i":"accessibility-pushbutton","$v":"button"},{"$i":"accessibility-checkbutton","$v":"check button"},{"$i":"accessibility-radiobutton","$v":"radio button"},{"$i":"accessibility-combobox","$v":"combo box"},{"$i":"accessibility-progressbar","$v":"progress bar"},{"$i":"accessibility-slider","$v":"slider"},{"$i":"accessibility-spinbutton","$v":"spin button"},{"$i":"accessibility-diagram","$v":"diagram"},{"$i":"accessibility-animation","$v":"animation"},{"$i":"accessibility-equation","$v":"equation"},{"$i":"accessibility-buttonmenu","$v":"button menu"},{"$i":"accessibility-whitespace","$v":"white space"},{"$i":"accessibility-pagetablist","$v":"tab list"},{"$i":"accessibility-canvas","$v":"canvas"},{"$i":"accessibility-checkmenuitem","$v":"Double tap to activate"},{"$i":"accessibility-label","$v":"label"},{"$i":"accessibility-passwordtext","$v":"password text"},{"$i":"accessibility-radiomenuitem","$v":"Double tap to activate"},{"$i":"accessibility-textcontainer","$v":"text container"},{"$i":"accessibility-togglebutton","$v":"toggle button"},{"$i":"accessibility-treetable","$v":"tree table"},{"$i":"accessibility-header","$v":"header"},{"$i":"accessibility-footer","$v":"footer"},{"$i":"accessibility-paragraph","$v":"paragraph"},{"$i":"accessibility-entry","$v":"entry"},{"$i":"accessibility-caption","$v":"caption"},{"$i":"accessibility-heading","$v":"heading"},{"$i":"accessibility-section","$v":"section"},{"$i":"accessibility-form","$v":"form"},{"$i":"accessibility-comboboxlist","$v":"combo box list"},{"$i":"accessibility-comboboxoption","$v":"combo box option"},{"$i":"accessibility-imagemap","$v":"image map"},{"$i":"accessibility-listboxoption","$v":"option"},{"$i":"accessibility-listbox","$v":"list box"},{"$i":"accessibility-flatequation","$v":"flat equation"},{"$i":"accessibility-gridcell","$v":"gridcell"},{"$i":"accessibility-note","$v":"note"},{"$i":"accessibility-figure","$v":"figure"},{"$i":"accessibility-definitionlist","$v":"definition list"},{"$i":"accessibility-term","$v":"term"},{"$i":"accessibility-definition","$v":"definition"},{"$i":"accessibility-textarea","$v":"text area"},{"$i":"accessibility-textInputType_date","$v":"date"},{"$i":"accessibility-textInputType_email","$v":"e-mail"},{"$i":"accessibility-textInputType_search","$v":"search"},{"$i":"accessibility-textInputType_tel","$v":"telephone"},{"$i":"accessibility-textInputType_url","$v":"URL"},{"$i":"accessibility-headingLevel","$v":["heading level ",{"t":"idOrVar","v":"0"}]},{"$i":"accessibility-listStart","$v":"First item"},{"$i":"accessibility-listEnd","$v":"Last item"},{"$i":"accessibility-listItemsCount","$v":{"zero":[{"t":"idOrVar","v":"count"}," items"],"one":[{"t":"idOrVar","v":"count"}," item"],"two":[{"t":"idOrVar","v":"count"}," items"],"few":[{"t":"idOrVar","v":"count"}," items"],"many":[{"t":"idOrVar","v":"count"}," items"],"other":[{"t":"idOrVar","v":"count"}," items"]},"$x":[{"t":"idOrVar","v":"plural"},"count"]},{"$i":"accessibility-objItemOfN","$v":[{"t":"idOrVar","v":"0"}," of ",{"t":"idOrVar","v":"1"}]},{"$i":"accessibility-banner","$v":"banner"},{"$i":"accessibility-complementary","$v":"complementary"},{"$i":"accessibility-contentinfo","$v":"content info"},{"$i":"accessibility-main","$v":"main"},{"$i":"accessibility-navigation","$v":"navigation"},{"$i":"accessibility-search","$v":"search"},{"$i":"accessibility-tblColumnInfo","$v":{"zero":["with ",{"t":"idOrVar","v":"count"}," columns"],"one":["with ",{"t":"idOrVar","v":"count"}," column"],"two":["with ",{"t":"idOrVar","v":"count"}," columns"],"few":["with ",{"t":"idOrVar","v":"count"}," columns"],"many":["with ",{"t":"idOrVar","v":"count"}," columns"],"other":["with ",{"t":"idOrVar","v":"count"}," columns"]},"$x":[{"t":"idOrVar","v":"plural"},"count"]},{"$i":"accessibility-tblRowInfo","$v":{"zero":["and ",{"t":"idOrVar","v":"count"}," rows"],"one":["and ",{"t":"idOrVar","v":"count"}," row"],"two":["and ",{"t":"idOrVar","v":"count"}," rows"],"few":["and ",{"t":"idOrVar","v":"count"}," rows"],"many":["and ",{"t":"idOrVar","v":"count"}," rows"],"other":["and ",{"t":"idOrVar","v":"count"}," rows"]},"$x":[{"t":"idOrVar","v":"plural"},"count"]},{"$i":"accessibility-columnInfo","$v":["Column ",{"t":"idOrVar","v":"0"}]},{"$i":"accessibility-rowInfo","$v":["Row ",{"t":"idOrVar","v":"0"}]},{"$i":"accessibility-spansColumns","$v":{"zero":["spans ",{"t":"idOrVar","v":"0"}," columns"],"one":["spans ",{"t":"idOrVar","v":"0"}," column"],"two":["spans ",{"t":"idOrVar","v":"0"}," columns"],"few":["spans ",{"t":"idOrVar","v":"0"}," columns"],"many":["spans ",{"t":"idOrVar","v":"0"}," columns"],"other":["spans ",{"t":"idOrVar","v":"0"}," columns"]},"$x":[{"t":"idOrVar","v":"plural"},"0"]},{"$i":"accessibility-spansRows","$v":{"zero":["spans ",{"t":"idOrVar","v":"0"}," rows"],"one":["spans ",{"t":"idOrVar","v":"0"}," row"],"two":["spans ",{"t":"idOrVar","v":"0"}," rows"],"few":["spans ",{"t":"idOrVar","v":"0"}," rows"],"many":["spans ",{"t":"idOrVar","v":"0"}," rows"],"other":["spans ",{"t":"idOrVar","v":"0"}," rows"]},"$x":[{"t":"idOrVar","v":"plural"},"0"]},{"$i":"accessibility-jumpAction","$v":"jumped"},{"$i":"accessibility-pressAction","$v":"pressed"},{"$i":"accessibility-checkAction","$v":"checked"},{"$i":"accessibility-uncheckAction","$v":"unchecked"},{"$i":"accessibility-selectAction","$v":"selected"},{"$i":"accessibility-unselectAction","$v":"unselected"},{"$i":"accessibility-openAction","$v":"opened"},{"$i":"accessibility-closeAction","$v":"closed"},{"$i":"accessibility-switchAction","$v":"switched"},{"$i":"accessibility-clickAction","$v":"clicked"},{"$i":"accessibility-collapseAction","$v":"collapsed"},{"$i":"accessibility-expandAction","$v":"expanded"},{"$i":"accessibility-activateAction","$v":"activated"},{"$i":"accessibility-cycleAction","$v":"cycled"},{"$i":"accessibility-hidden","$v":"hidden"},{"$i":"accessibility-tabLoading","$v":"loading"},{"$i":"accessibility-tabLoaded","$v":"loaded"},{"$i":"accessibility-tabNew","$v":"new tab"},{"$i":"accessibility-tabLoadStopped","$v":"loading stopped"},{"$i":"accessibility-tabReload","$v":"reloading"},{"$i":"accessibility-stateChecked","$v":"checked"},{"$i":"accessibility-stateNotChecked","$v":"not checked"},{"$i":"accessibility-statePressed","$v":"pressed"},{"$i":"accessibility-stateExpanded","$v":"expanded"},{"$i":"accessibility-stateCollapsed","$v":"collapsed"},{"$i":"accessibility-stateUnavailable","$v":"unavailable"},{"$i":"accessibility-stateRequired","$v":"required"},{"$i":"accessibility-stateTraversed","$v":"visited"},{"$i":"accessibility-stateHasPopup","$v":"has pop up"},{"$i":"accessibility-stateSelected","$v":"selected"},{"$i":"accessibility-editingMode","$v":"editing"},{"$i":"accessibility-navigationMode","$v":"navigating"},{"$i":"accessibility-quicknav_Simple","$v":"Default"},{"$i":"accessibility-quicknav_Anchor","$v":"Anchors"},{"$i":"accessibility-quicknav_Button","$v":"Buttons"},{"$i":"accessibility-quicknav_Combobox","$v":"Combo boxes"},{"$i":"accessibility-quicknav_Landmark","$v":"Landmarks"},{"$i":"accessibility-quicknav_Entry","$v":"Entries"},{"$i":"accessibility-quicknav_FormElement","$v":"Form elements"},{"$i":"accessibility-quicknav_Graphic","$v":"Images"},{"$i":"accessibility-quicknav_Heading","$v":"Headings"},{"$i":"accessibility-quicknav_ListItem","$v":"List items"},{"$i":"accessibility-quicknav_Link","$v":"Links"},{"$i":"accessibility-quicknav_List","$v":"Lists"},{"$i":"accessibility-quicknav_PageTab","$v":"Page tabs"},{"$i":"accessibility-quicknav_RadioButton","$v":"Radio buttons"},{"$i":"accessibility-quicknav_Separator","$v":"Separators"},{"$i":"accessibility-quicknav_Table","$v":"Tables"},{"$i":"accessibility-quicknav_Checkbox","$v":"Check boxes"},{"$i":"accessibility-menubarAbbr","$v":"menu bar"},{"$i":"accessibility-scrollbarAbbr","$v":"scroll bar"},{"$i":"accessibility-gripAbbr","$v":"grip"},{"$i":"accessibility-alertAbbr","$v":"alert"},{"$i":"accessibility-menupopupAbbr","$v":"menu popup"},{"$i":"accessibility-documentAbbr","$v":"document"},{"$i":"accessibility-paneAbbr","$v":"pane"},{"$i":"accessibility-dialogAbbr","$v":"dialog"},{"$i":"accessibility-separatorAbbr","$v":"separator"},{"$i":"accessibility-toolbarAbbr","$v":"toolbar"},{"$i":"accessibility-statusbarAbbr","$v":"status bar"},{"$i":"accessibility-tableAbbr","$v":"tbl"},{"$i":"accessibility-columnheaderAbbr","$v":"column header"},{"$i":"accessibility-rowheaderAbbr","$v":"row header"},{"$i":"accessibility-columnAbbr","$v":"column"},{"$i":"accessibility-rowAbbr","$v":"row"},{"$i":"accessibility-cellAbbr","$v":"cell"},{"$i":"accessibility-linkAbbr","$v":"lnk"},{"$i":"accessibility-listAbbr","$v":"list"},{"$i":"accessibility-listitemAbbr","$v":"list item"},{"$i":"accessibility-outlineAbbr","$v":"outline"},{"$i":"accessibility-outlineitemAbbr","$v":"outline item"},{"$i":"accessibility-pagetabAbbr","$v":"tab"},{"$i":"accessibility-propertypageAbbr","$v":"property page"},{"$i":"accessibility-graphicAbbr","$v":"graphic"},{"$i":"accessibility-pushbuttonAbbr","$v":"btn"},{"$i":"accessibility-checkbuttonAbbr","$v":"check button"},{"$i":"accessibility-radiobuttonAbbr","$v":"radio button"},{"$i":"accessibility-comboboxAbbr","$v":"combo box"},{"$i":"accessibility-progressbarAbbr","$v":"progress bar"},{"$i":"accessibility-sliderAbbr","$v":"slider"},{"$i":"accessibility-spinbuttonAbbr","$v":"spin button"},{"$i":"accessibility-diagramAbbr","$v":"diagram"},{"$i":"accessibility-animationAbbr","$v":"animation"},{"$i":"accessibility-equationAbbr","$v":"equation"},{"$i":"accessibility-buttonmenuAbbr","$v":"button menu"},{"$i":"accessibility-whitespaceAbbr","$v":"white space"},{"$i":"accessibility-pagetablistAbbr","$v":"tab list"},{"$i":"accessibility-canvasAbbr","$v":"canvas"},{"$i":"accessibility-checkmenuitemAbbr","$v":"check menu item"},{"$i":"accessibility-labelAbbr","$v":"label"},{"$i":"accessibility-passwordtextAbbr","$v":"passwdtxt"},{"$i":"accessibility-radiomenuitemAbbr","$v":"radio menu item"},{"$i":"accessibility-textcontainerAbbr","$v":"text container"},{"$i":"accessibility-togglebuttonAbbr","$v":"toggle button"},{"$i":"accessibility-treetableAbbr","$v":"tree table"},{"$i":"accessibility-headerAbbr","$v":"header"},{"$i":"accessibility-footerAbbr","$v":"footer"},{"$i":"accessibility-paragraphAbbr","$v":"paragraph"},{"$i":"accessibility-entryAbbr","$v":"entry"},{"$i":"accessibility-captionAbbr","$v":"caption"},{"$i":"accessibility-headingAbbr","$v":"heading"},{"$i":"accessibility-sectionAbbr","$v":"section"},{"$i":"accessibility-formAbbr","$v":"form"},{"$i":"accessibility-comboboxlistAbbr","$v":"combo box list"},{"$i":"accessibility-comboboxoptionAbbr","$v":"combo box option"},{"$i":"accessibility-imagemapAbbr","$v":"imgmap"},{"$i":"accessibility-listboxoptionAbbr","$v":"option"},{"$i":"accessibility-listboxAbbr","$v":"list box"},{"$i":"accessibility-flatequationAbbr","$v":"flat equation"},{"$i":"accessibility-gridcellAbbr","$v":"gridcell"},{"$i":"accessibility-noteAbbr","$v":"note"},{"$i":"accessibility-figureAbbr","$v":"fig"},{"$i":"accessibility-definitionlistAbbr","$v":"definition list"},{"$i":"accessibility-termAbbr","$v":"term"},{"$i":"accessibility-definitionAbbr","$v":"definition"},{"$i":"accessibility-textareaAbbr","$v":"txtarea"},{"$i":"accessibility-tblColumnInfoAbbr","$v":{"one":[{"t":"idOrVar","v":"count"},"c"],"two":[{"t":"idOrVar","v":"count"},"c"],"few":[{"t":"idOrVar","v":"count"},"c"],"many":[{"t":"idOrVar","v":"count"},"c"],"other":[{"t":"idOrVar","v":"count"},"c"]},"$x":[{"t":"idOrVar","v":"plural"},"count"]},{"$i":"accessibility-tblRowInfoAbbr","$v":{"one":[{"t":"idOrVar","v":"count"},"r"],"two":[{"t":"idOrVar","v":"count"},"r"],"few":[{"t":"idOrVar","v":"count"},"r"],"many":[{"t":"idOrVar","v":"count"},"r"],"other":[{"t":"idOrVar","v":"count"},"r"]},"$x":[{"t":"idOrVar","v":"plural"},"count"]},{"$i":"accessibility-cellInfoAbbr","$v":["c",{"t":"idOrVar","v":"0"},"r",{"t":"idOrVar","v":"1"}]},{"$i":"accessibility-stateCheckedAbbr","$v":"(x)"},{"$i":"accessibility-stateUncheckedAbbr","$v":"( )"},{"$i":"accessibility-statePressedAbbr","$v":"(x)"},{"$i":"accessibility-stateUnpressedAbbr","$v":"( )"},{"$i":"accessibility-pushbutton-hint","$v":"Double tap to activate"},{"$i":"accessibility-checkbutton-hint","$v":"Double tap to activate"},{"$i":"accessibility-combobox-hint","$v":"Double tap to activate"},{"$i":"accessibility-key-hint","$v":"Prese and hold to activate"},{"$i":"accessibility-link-hint","$v":"Double tap to activate"},{"$i":"accessibility-menuitem-hint","$v":"Double tap to activate"},{"$i":"accessibility-option-hint","$v":"Double tap to activate"},{"$i":"accessibility-radiobutton-hint","$v":"Double tap to activate"},{"$i":"accessibility-slider-hint","$v":"Swipe up to increase or down to decrease"},{"$i":"accessibility-spinbutton-hint","$v":"Swipe up to increase or down to decrease"},{"$i":"accessibility-pagetab-hint","$v":"Double tap to activate"},{"$i":"accessibility-entry-hint","$v":"Double tap to activate"},{"$i":"accessibility-outlineitem-hint","$v":"Double tap to activate"},{"$i":"weekday-0-long","$v":"duminică"},{"$i":"weekday-1-long","$v":"luni"},{"$i":"weekday-2-long","$v":"marți"},{"$i":"weekday-3-long","$v":"miercuri"},{"$i":"weekday-4-long","$v":"joi"},{"$i":"weekday-5-long","$v":"vineri"},{"$i":"weekday-6-long","$v":"sâmbătă"},{"$i":"weekday-0-short","$v":"dum"},{"$i":"weekday-1-short","$v":"lun"},{"$i":"weekday-2-short","$v":"mar"},{"$i":"weekday-3-short","$v":"mie"},{"$i":"weekday-4-short","$v":"joi"},{"$i":"weekday-5-short","$v":"vin"},{"$i":"weekday-6-short","$v":"sâm"},{"$i":"month-0-long","$v":"ianuarie"},{"$i":"month-1-long","$v":"februarie"},{"$i":"month-2-long","$v":"martie"},{"$i":"month-3-long","$v":"aprilie"},{"$i":"month-4-long","$v":"mai"},{"$i":"month-5-long","$v":"iunie"},{"$i":"month-6-long","$v":"iulie"},{"$i":"month-7-long","$v":"august"},{"$i":"month-8-long","$v":"septembrie"},{"$i":"month-9-long","$v":"octombrie"},{"$i":"month-10-long","$v":"noiembrie"},{"$i":"month-11-long","$v":"decembrie"},{"$i":"month-0-genitive","$v":"ianuarie"},{"$i":"month-1-genitive","$v":"februarie"},{"$i":"month-2-genitive","$v":"martie"},{"$i":"month-3-genitive","$v":"aprilie"},{"$i":"month-4-genitive","$v":"mai"},{"$i":"month-5-genitive","$v":"iunie"},{"$i":"month-6-genitive","$v":"iulie"},{"$i":"month-7-genitive","$v":"august"},{"$i":"month-8-genitive","$v":"septembrie"},{"$i":"month-9-genitive","$v":"octombrie"},{"$i":"month-10-genitive","$v":"noiembrie"},{"$i":"month-11-genitive","$v":"decembrie"},{"$i":"month-0-short","$v":"ian"},{"$i":"month-1-short","$v":"feb"},{"$i":"month-2-short","$v":"mar"},{"$i":"month-3-short","$v":"apr"},{"$i":"month-4-short","$v":"mai"},{"$i":"month-5-short","$v":"iun"},{"$i":"month-6-short","$v":"iul"},{"$i":"month-7-short","$v":"aug"},{"$i":"month-8-short","$v":"sep"},{"$i":"month-9-short","$v":"oct"},{"$i":"month-10-short","$v":"noi"},{"$i":"month-11-short","$v":"dec"},{"$i":"minutes-ago-long","$v":{"zero":"chiar acum","one":"acum un minut","two":["acum ",{"t":"idOrVar","v":"value"}," minute"],"few":["acum ",{"t":"idOrVar","v":"value"}," minute"],"many":["acum ",{"t":"idOrVar","v":"value"}," minute"],"other":["acum ",{"t":"idOrVar","v":"value"}," minute"]},"$x":[{"t":"idOrVar","v":"plural"},"value"]},{"$i":"hours-ago-long","$v":{"zero":"chiar acum","one":"acum cu o oră","two":["acum ",{"t":"idOrVar","v":"value"}," ore"],"few":["acum ",{"t":"idOrVar","v":"value"}," ore"],"many":["acum ",{"t":"idOrVar","v":"value"}," ore"],"other":["acum ",{"t":"idOrVar","v":"value"}," ore"]},"$x":[{"t":"idOrVar","v":"plural"},"value"]},{"$i":"days-ago-long","$v":{"zero":"astăzi","one":"ieri","two":["acum ",{"t":"idOrVar","v":"value"}," zile"],"few":["acum ",{"t":"idOrVar","v":"value"}," zile"],"many":["acum ",{"t":"idOrVar","v":"value"}," zile"],"other":["acum ",{"t":"idOrVar","v":"value"}," zile"]},"$x":[{"t":"idOrVar","v":"plural"},"value"]},{"$i":"weeks-ago-long","$v":{"zero":"săptămâna aceasta","one":"săptămâna trecută","two":["acum ",{"t":"idOrVar","v":"value"}," săptămâni"],"few":["acum ",{"t":"idOrVar","v":"value"}," săptămâni"],"many":["acum ",{"t":"idOrVar","v":"value"}," săptămâni"],"other":["acum ",{"t":"idOrVar","v":"value"}," săptămâni"]},"$x":[{"t":"idOrVar","v":"plural"},"value"]},{"$i":"months-ago-long","$v":{"zero":"luna aceasta","one":"luna trecută","two":["acum ",{"t":"idOrVar","v":"value"}," luni"],"few":["acum ",{"t":"idOrVar","v":"value"}," luni"],"many":["acum ",{"t":"idOrVar","v":"value"}," luni"],"other":["acum ",{"t":"idOrVar","v":"value"}," luni"]},"$x":[{"t":"idOrVar","v":"plural"},"value"]},{"$i":"years-ago-long","$v":{"zero":"anul acesta","one":"anul trecut","two":["acum ",{"t":"idOrVar","v":"value"}," ani"],"few":["acum ",{"t":"idOrVar","v":"value"}," ani"],"many":["acum ",{"t":"idOrVar","v":"value"}," ani"],"other":["acum ",{"t":"idOrVar","v":"value"}," ani"]},"$x":[{"t":"idOrVar","v":"plural"},"value"]},{"$i":"minutes-until-long","$v":{"zero":"acum","one":"într-un minut","two":["în ",{"t":"idOrVar","v":"value"}," minute"],"few":["în ",{"t":"idOrVar","v":"value"}," minute"],"many":["în ",{"t":"idOrVar","v":"value"}," minute"],"other":["în ",{"t":"idOrVar","v":"value"}," minute"]},"$x":[{"t":"idOrVar","v":"plural"},"value"]},{"$i":"hours-until-long","$v":{"zero":"acum","one":"într-o oră","two":["în ",{"t":"idOrVar","v":"value"}," ore"],"few":["în ",{"t":"idOrVar","v":"value"}," ore"],"many":["în ",{"t":"idOrVar","v":"value"}," ore"],"other":["în ",{"t":"idOrVar","v":"value"}," ore"]},"$x":[{"t":"idOrVar","v":"plural"},"value"]},{"$i":"days-until-long","$v":{"zero":"astăzi","one":"mâine","two":["în ",{"t":"idOrVar","v":"value"}," zile"],"few":["în ",{"t":"idOrVar","v":"value"}," zile"],"many":["în ",{"t":"idOrVar","v":"value"}," zile"],"other":["în ",{"t":"idOrVar","v":"value"}," zile"]},"$x":[{"t":"idOrVar","v":"plural"},"value"]},{"$i":"weeks-until-long","$v":{"zero":"săptămâna aceasta","one":"săptămâna următoare","two":["în ",{"t":"idOrVar","v":"value"}," săptămâni"],"few":["în ",{"t":"idOrVar","v":"value"}," săptămâni"],"many":["în ",{"t":"idOrVar","v":"value"}," săptămâni"],"other":["în ",{"t":"idOrVar","v":"value"}," săptămâni"]},"$x":[{"t":"idOrVar","v":"plural"},"value"]},{"$i":"months-until-long","$v":{"zero":"luna aceasta","one":"luna următoare","two":["în ",{"t":"idOrVar","v":"value"}," luni"],"few":["în ",{"t":"idOrVar","v":"value"}," luni"],"many":["în ",{"t":"idOrVar","v":"value"}," luni"],"other":["în ",{"t":"idOrVar","v":"value"}," luni"]},"$x":[{"t":"idOrVar","v":"plural"},"value"]},{"$i":"years-until-long","$v":{"zero":"anul acesta","one":"anul următor","two":["în ",{"t":"idOrVar","v":"value"}," ani"],"few":["în ",{"t":"idOrVar","v":"value"}," ani"],"many":["în ",{"t":"idOrVar","v":"value"}," ani"],"other":["în ",{"t":"idOrVar","v":"value"}," ani"]},"$x":[{"t":"idOrVar","v":"plural"},"value"]},{"$i":"minutes-ago-short","$v":{"zero":"chiar acum","other":["acum ",{"t":"idOrVar","v":"value"}," min."]},"$x":[{"t":"idOrVar","v":"plural"},"value"]},{"$i":"hours-ago-short","$v":{"zero":"chiar acum","other":["acum ",{"t":"idOrVar","v":"value"},"h"]},"$x":[{"t":"idOrVar","v":"plural"},"value"]},{"$i":"days-ago-short","$v":{"zero":"astăzi","other":["acum ",{"t":"idOrVar","v":"value"},"z"]},"$x":[{"t":"idOrVar","v":"plural"},"value"]},{"$i":"minutes-until-short","$v":{"zero":"acum","other":["în ",{"t":"idOrVar","v":"value"},"m"]},"$x":[{"t":"idOrVar","v":"plural"},"value"]},{"$i":"hours-until-short","$v":{"zero":"acum","other":["în ",{"t":"idOrVar","v":"value"},"h"]},"$x":[{"t":"idOrVar","v":"plural"},"value"]},{"$i":"days-until-short","$v":{"zero":"astăzi","other":["în ",{"t":"idOrVar","v":"value"},"z"]},"$x":[{"t":"idOrVar","v":"plural"},"value"]},{"$i":"incorrectDate","$v":"(dată incorectă)"},{"$i":"dateTimeFormat_%c","$v":"%a, %e %b %Y %H:%M:%S"},{"$i":"dateTimeFormat_%x","$v":"%d/%m/%Y"},{"$i":"dateTimeFormat_%X","$v":"%H:%M:%S"},{"$i":"shortTimeFormat","$v":"%H:%M"},{"$i":"shortTimeFormat12","$v":"%H:%M"},{"$i":"shortTimeFormat24","$v":"%H:%M"},{"$i":"shortDateTimeFormat","$v":"%x %H:%M"},{"$i":"weekStartsOnMonday","$v":"0"},{"$i":"firstDayOfTheWeek","$v":"0"},{"$i":"time_am","$v":"AM"},{"$i":"time_pm","$v":"PM"},{"$i":"title-app","$v":"App Permission"},{"$i":"title-web","$v":"Website Permission"},{"$i":"title-cam","$v":"Select Camera"},{"$i":"perm-alarms","$v":"Schedule Alarms"},{"$i":"perm-audio-capture","$v":"Microfon"},{"$i":"perm-audio-capture-appRequest","$v":["Dorești să împărtășești microfonul cu ",{"t":"idOrVar","v":"app"},"?"]},{"$i":"perm-audio-capture-webRequest","$v":["Dorești să împărtășești camera cu ",{"t":"idOrVar","v":"site"},"?"]},{"$i":"perm-audio-channel-content","$v":"Play Sounds"},{"$i":"perm-audio-channel-notification","$v":"Play Notification Sounds"},{"$i":"perm-audio-channel-ringer","$v":"Play Ringtone Sounds"},{"$i":"perm-background-sensors","$v":"Access Sensor Data"},{"$i":"perm-bluetooth","$v":"Bluetooth"},{"$i":"perm-browser","$v":"Inspect Web Pages"},{"$i":"perm-camera","$v":"Cameras"},{"$i":"perm-camera-selector-appRequest","$v":["Select a camera for ",{"t":"idOrVar","v":"app"},"."]},{"$i":"perm-camera-selector-webRequest","$v":["Select a camera for ",{"t":"idOrVar","v":"site"},"."]},{"$i":"perm-cellbroadcast","$v":"Transmisiuni celulare"},{"$i":"perm-contacts","$v":"Contacte"},{"$i":"perm-contacts-appRequest","$v":["Aplicația ",{"t":"idOrVar","v":"app"}," dorește să-ți acceseze lista de contacte."]},{"$i":"perm-contacts-webRequest","$v":[{"t":"idOrVar","v":"site"}," dorește să-ți acceseze lista de contacte."]},{"$i":"perm-desktop-notification","$v":"Notificări"},{"$i":"perm-desktop-notification-appRequest","$v":["Aplicația ",{"t":"idOrVar","v":"app"}," dorește să afișeze notificări."]},{"$i":"perm-desktop-notification-webRequest","$v":[{"t":"idOrVar","v":"site"}," dorește să afișeze notificări."]},{"$i":"perm-device-storage-apps","$v":"Stocare de aplicații"},{"$i":"perm-device-storage-music","$v":"Stocare de muzică"},{"$i":"perm-device-storage-music-appRequest","$v":["Aplicația ",{"t":"idOrVar","v":"app"}," dorește să-ți acceseze muzica."]},{"$i":"perm-device-storage-music-webRequest","$v":[{"t":"idOrVar","v":"site"}," dorește să-ți acceseze muzica."]},{"$i":"perm-device-storage-pictures","$v":"Stocare de imagini"},{"$i":"perm-device-storage-pictures-appRequest","$v":["Aplicația ",{"t":"idOrVar","v":"app"}," dorește să-ți acceseze imaginile."]},{"$i":"perm-device-storage-pictures-webRequest","$v":[{"t":"idOrVar","v":"site"}," dorește să-ți acceseze imaginile."]},{"$i":"perm-device-storage-sdcard","$v":"Stocare pe cardul de memorie"},{"$i":"perm-device-storage-sdcard-appRequest","$v":["Aplicația ",{"t":"idOrVar","v":"app"}," dorește să acceseze cardul de memorie."]},{"$i":"perm-device-storage-sdcard-webRequest","$v":[{"t":"idOrVar","v":"site"}," dorește să acceseze cardul de memorie."]},{"$i":"perm-device-storage-videos","$v":"Stocare de videoclipuri"},{"$i":"perm-device-storage-videos-appRequest","$v":["Aplicația ",{"t":"idOrVar","v":"app"}," dorește să-ți acceseze videoclipurile."]},{"$i":"perm-device-storage-videos-webRequest","$v":[{"t":"idOrVar","v":"site"}," dorește să-ți acceseze videoclipurile."]},{"$i":"perm-embed-apps","$v":"Aplicații integrate"},{"$i":"perm-fmradio","$v":"Radio FM"},{"$i":"perm-fmradio-appRequest","$v":["Aplicația ",{"t":"idOrVar","v":"app"}," dorește să-ți folosească radioul FM."]},{"$i":"perm-fmradio-webRequest","$v":[{"t":"idOrVar","v":"site"}," dorește să-ți folosească radioul FM."]},{"$i":"perm-geolocation","$v":"Geolocație"},{"$i":"perm-geolocation-appRequest","$v":["Aplicația ",{"t":"idOrVar","v":"app"}," dorește să-ți cunoască locația."]},{"$i":"perm-geolocation-more-info","$v":[{"t":"idOrVar","v":"brandShortName"}," folosește date precum GPS, Wi-Fi și rețele mobile din apropierea ta pentru a ajuta la determinarea locației tale actuale. Datele sunt trimise Mozillei și altor furnizori de servicii și vor fi folosite per ansamblu pentru a îmbunătăți aceste baze de date privind locațiile.  Datele pot fi stocate pe dispozitivul tău și colectarea de date poate avea loc când nicio aplicație nu rulează."]},{"$i":"perm-geolocation-webRequest","$v":[{"t":"idOrVar","v":"site"}," dorește să-ți cunoască locația."]},{"$i":"perm-idle","$v":"Vezi starea inactivă"},{"$i":"perm-indexedDB-chrome-settings","$v":"IndexedDB privilegiat"},{"$i":"perm-indexedDB-unlimited","$v":"Stocare IndexedDB nelimitată"},{"$i":"perm-input-manage","$v":"Gestionează tastaturile"},{"$i":"perm-input","$v":"Comportă-te ca o tastatură"},{"$i":"perm-media-capture","$v":"Cameră și microfon"},{"$i":"perm-media-capture-appRequest","$v":["Dorești să împărtășești camera și microfonul cu ",{"t":"idOrVar","v":"app"},"?"]},{"$i":"perm-media-capture-webRequest","$v":["Dorești să împărtășești camera și microfonul cu ",{"t":"idOrVar","v":"site"},"?"]},{"$i":"perm-mobileconnection","$v":"Conexiune mobilă"},{"$i":"perm-mobileid","$v":"Identitate mobilă"},{"$i":"perm-network-events","$v":"Evenimente în rețea"},{"$i":"perm-open-remote-window","$v":"Pornește o aplicație"},{"$i":"perm-permissions","$v":"Modify Apps Permissions"},{"$i":"perm-power","$v":"Power Settings"},{"$i":"perm-settings","$v":"Modify Settings"},{"$i":"perm-systemXHR","$v":"Cross-Origin Requests"},{"$i":"perm-telephony","$v":"Telephony"},{"$i":"perm-video-capture","$v":"Cameră"},{"$i":"perm-video-capture-appRequest","$v":["Dorești să împărtășești camera cu ",{"t":"idOrVar","v":"app"},"?"]},{"$i":"perm-video-capture-webRequest","$v":["Dorești să împărtășești camera cu ",{"t":"idOrVar","v":"site"},"?"]},{"$i":"perm-voicemail","$v":"Control Voicemail"},{"$i":"perm-webapps-manage","$v":"Install Webapps"},{"$i":"perm-wifi-manage","$v":"Manage Wi-Fi"},{"$i":"perm-attention","$v":"Open Overlay Popups"},{"$i":"perm-audio-channel-alarm","$v":"Play Alarm Sounds"},{"$i":"perm-audio-channel-normal","$v":"Play Sounds"},{"$i":"perm-audio-channel-publicnotification","$v":"Play public notification sounds"},{"$i":"perm-audio-channel-telephony","$v":"Play Telephony Sounds"},{"$i":"perm-backgroundservice","$v":"Act as a Background Service"},{"$i":"perm-device-storage-crashes","$v":"Crash Data Storage"},{"$i":"perm-downloads","$v":"Access Downloads"},{"$i":"perm-embed-widgets","$v":"Embed Widgets"},{"$i":"perm-feature-detection","$v":"Feature Detection"},{"$i":"perm-firefox-accounts","$v":"Firefox Accounts"},{"$i":"perm-mobilenetwork","$v":"Mobile Network"},{"$i":"perm-moz-attention","$v":"Open Overlay Popups (moz)"},{"$i":"perm-moz-audio-channel-ringer","$v":"Play Ringtone Sounds (moz)"},{"$i":"perm-moz-audio-channel-telephony","$v":"Play Telephony Sounds (moz)"},{"$i":"perm-moz-firefox-accounts","$v":"Firefox Accounts (moz)"},{"$i":"perm-networkstats-manage","$v":"Control Usage Stats"},{"$i":"perm-nfc","$v":"NFC"},{"$i":"perm-nfc-hci-events","$v":"NFC HCI Events"},{"$i":"perm-nfc-manager","$v":"Manage NFC"},{"$i":"perm-phonenumberservice","$v":"Phone Number Service"},{"$i":"perm-push","$v":"Push API"},{"$i":"perm-resourcestats-manage","$v":"Resource Stats"},{"$i":"perm-sms","$v":"Send and Read SMS"},{"$i":"perm-speaker-control","$v":"Control Volume"},{"$i":"perm-storage","$v":"Access Storage"},{"$i":"perm-tcp-socket","$v":"TCP Sockets"},{"$i":"perm-test-permission","$v":"Test Permission"},{"$i":"perm-time","$v":"Set Date and Time"},{"$i":"perm-udp-socket","$v":"UDP Sockets"},{"$i":"perm-wappush","$v":"WAP Push"},{"$i":"stopped_download_title","$v":"Descărcare oprită"},{"$i":"stopped_download_message","$v":"Descărcarea a fost oprită. Încerci descărcarea din nou?"},{"$i":"stopped_download_left_button","$v":"Renunță"},{"$i":"stopped_download_right_button","$v":"Încearcă din nou"},{"$i":"failed_download_title","$v":"Descărcare eșuată"},{"$i":"failed_download_message","$v":["A eșuat descărcarea lui ",{"t":"idOrVar","v":"name"},". Încerci să descarci din nou?"]},{"$i":"failed_download_left_button","$v":"Renunță"},{"$i":"failed_download_right_button","$v":"Încearcă din nou"},{"$i":"stop_download_title","$v":"Oprește descărcarea"},{"$i":"stop_download_message","$v":"Sigur dorești să oprești descărcarea?"},{"$i":"stop_download_left_button","$v":"Nu"},{"$i":"stop_download_right_button","$v":"Da"},{"$i":"delete_download_title","$v":"Șterge"},{"$i":"delete_download_message","$v":["Ștergi ",{"t":"idOrVar","v":"name"},"?"]},{"$i":"delete_download_left_button","$v":"Renunță"},{"$i":"delete_download_right_button","$v":"Șterge"},{"$i":"delete_all_download_title","$v":"Șterge"},{"$i":"delete_all_download_left_button","$v":"Renunță"},{"$i":"delete_all_download_right_button","$v":"Șterge"},{"$i":"delete_all_download_message","$v":{"zero":"Nu ștergi niciun fișier?","one":"Ștergi un fișier?","two":["Ștergi ",{"t":"idOrVar","v":"number"}," fișiere?"],"few":["Ștergi ",{"t":"idOrVar","v":"number"}," fișiere?"],"many":["Ștergi ",{"t":"idOrVar","v":"number"}," fișiere?"],"other":["Ștergi ",{"t":"idOrVar","v":"number"}," fișiere?"]},"$x":[{"t":"idOrVar","v":"plural"},"number"]},{"$i":"unsupported_file_type_download_title","$v":"Nu se poate deschide"},{"$i":"unsupported_file_type_download_message","$v":["Nu există o aplicație care poate deschide ",{"t":"idOrVar","v":"name"},". Dorești să salvezi fișierul sau să-l ștergi?"]},{"$i":"unsupported_file_type_download_left_button","$v":"Păstrează fișierul"},{"$i":"unsupported_file_type_download_right_button","$v":"Șterge"},{"$i":"file_not_found_download_title","$v":"Fișier negăsit"},{"$i":"file_not_found_download_message","$v":"Fișierul nu a fost găsit pe dispozitiv"},{"$i":"file_not_found_download_right_button","$v":"Ok"},{"$i":"unmounted_sdcard_2_download_title","$v":"Card de memorie în uz"},{"$i":"unmounted_sdcard_2_download_message","$v":"Deconectează telefonul"},{"$i":"unmounted_sdcard_2_download_right_button","$v":"Ok"},{"$i":"no_provider_download_title","$v":"Nu se poate partaja"},{"$i":"no_provider_download_message","$v":"Niciun furnizor găsit"},{"$i":"no_provider_download_right_button","$v":"Ok"},{"$i":"no_memory_download_title","$v":"Cardul SD este plin"},{"$i":"no_memory_download_message","$v":"Nu mai ai loc pe cardul SD pentru a salva descărcarea. Te rugăm să ștergi niște fișiere înainte de a reporni descărcarea."},{"$i":"no_memory_download_right_button","$v":"Ok"},{"$i":"no_sdcard_found_2_download_title","$v":"Niciun card de memorie găsit"},{"$i":"no_sdcard_found_2_download_message","$v":"Inserează un card de memorie sau selectează o locație media implicită alternativă în Setări."},{"$i":"no_sdcard_found_2_download_right_button","$v":"Ok"},{"$i":"file_open_error_download_title","$v":"Nu se poate deschide"},{"$i":"file_open_error_download_message","$v":["A apărut o eroare la deschiderea ",{"t":"idOrVar","v":"name"},". Dorești să salvezi fișierul sau să-l ștergi?"]},{"$i":"file_open_error_download_left_button","$v":"Păstrează fișierul"},{"$i":"file_open_error_download_right_button","$v":"Șterge"},{"$i":"restart_download_error","$v":"A apărut o eroare la repornirea descărcării. Te rugăm să reîncerci descărcarea."},{"$i":"no-downloads","$v":"Nicio descărcare"},{"$i":"percentage","$v":[{"t":"idOrVar","v":"percentage"}," %"]},{"$i":"partialResult","$v":[{"t":"idOrVar","v":"partial"}," din ",{"t":"idOrVar","v":"total"}]},{"$i":"summary","$v":[{"t":"idOrVar","v":"date"}," - ",{"t":"idOrVar","v":"status"}]},{"$i":"download-stopped","$v":"Oprită"},{"$i":"download-failed","$v":"Descărcare eșuată"},{"$i":"open_downloaded_file","$v":"Deschide"},{"$i":"share_downloaded_file","$v":"Partajează"},{"$i":"wallpaper_downloaded_file","$v":"Setează ca fundal"},{"$i":"ringtone_downloaded_file","$v":"Setează ca ton de apel"},{"$i":"cancel_downloaded_file","$v":"Renunță"},{"$i":"voicemailNoNumberTitle","$v":"Voicemail number is unavailable"},{"$i":"voicemailNoNumberText","$v":"Unable to call the voicemail. Set up the voicemail number to place the call."},{"$i":"voicemailNoNumberSettings","$v":"Settings"},{"$i":"voicemailNoNumberCancel","$v":"Renunță"},{"$i":"airplaneMode","$v":"Airplane mode"},{"$i":"searching","$v":"Searching…"},{"$i":"noNetwork","$v":"No network"},{"$i":"roaming","$v":[{"t":"idOrVar","v":"operator"}," (Roaming)"]},{"$i":"operator-info","$v":[{"t":"idOrVar","v":"carrier"}," ",{"t":"idOrVar","v":"region"}]},{"$i":"emergencyCallsOnly-unknownSIMState","$v":"(unknown SIM state)"},{"$i":"emergencyCallsOnly-noSIM","$v":"(no SIM)"},{"$i":"emergencyCallsOnly-pinRequired","$v":"(SIM PIN required)"},{"$i":"emergencyCallsOnly-pukRequired","$v":"(SIM PUK required)"},{"$i":"emergencyCallsOnly-networkLocked","$v":"(network locked)"},{"$i":"emergencyCallsOnly-serviceProviderLocked","$v":"(service provider locked)"},{"$i":"emergencyCallsOnly-corporateLocked","$v":"(corporate locked)"},{"$i":"emergencyCallsOnly-network1Locked","$v":"(network1 blocat)"},{"$i":"emergencyCallsOnly-network2Locked","$v":"(network2 blocat)"},{"$i":"emergencyCallsOnly-hrpdNetworkLocked","$v":"(hrpd network locked)"},{"$i":"emergencyCallsOnly-ruimCorporateLocked","$v":"(corporație ruim blocată)"},{"$i":"emergencyCallsOnly-ruimServiceProviderLocked","$v":"(furnizor de servicii ruim blocat)"},{"$i":"lockscreen-sim-id","$v":["SIM ",{"t":"idOrVar","v":"n"}]},{"$i":"charging-status-no-time","$v":[{"t":"idOrVar","v":"level"},"% Charged"]},{"$i":"charging-status-minutes","$v":{"zero":[{"t":"idOrVar","v":"level"},"% Charged (",{"t":"idOrVar","v":"minutes"}," mins remaining)"],"one":[{"t":"idOrVar","v":"level"},"% Charged (",{"t":"idOrVar","v":"minutes"}," min remaining)"],"two":[{"t":"idOrVar","v":"level"},"% Charged (",{"t":"idOrVar","v":"minutes"}," mins remaining)"],"few":[{"t":"idOrVar","v":"level"},"% Charged (",{"t":"idOrVar","v":"minutes"}," mins remaining)"],"many":[{"t":"idOrVar","v":"level"},"% Charged (",{"t":"idOrVar","v":"minutes"}," mins remaining)"],"other":[{"t":"idOrVar","v":"level"},"% Charged (",{"t":"idOrVar","v":"minutes"}," mins remaining)"]},"$x":[{"t":"idOrVar","v":"plural"},"minutes"]},{"$i":"charging-status-hours","$v":{"zero":[{"t":"idOrVar","v":"level"},"% Charged (",{"t":"idOrVar","v":"hours"},"h ",{"t":"idOrVar","v":"minutes"}," mins remaining)"],"one":[{"t":"idOrVar","v":"level"},"% Charged (",{"t":"idOrVar","v":"hours"},"h ",{"t":"idOrVar","v":"minutes"}," min remaining)"],"two":[{"t":"idOrVar","v":"level"},"% Charged (",{"t":"idOrVar","v":"hours"},"h ",{"t":"idOrVar","v":"minutes"}," mins remaining)"],"few":[{"t":"idOrVar","v":"level"},"% Charged (",{"t":"idOrVar","v":"hours"},"h ",{"t":"idOrVar","v":"minutes"}," mins remaining)"],"many":[{"t":"idOrVar","v":"level"},"% Charged (",{"t":"idOrVar","v":"hours"},"h ",{"t":"idOrVar","v":"minutes"}," mins remaining)"],"other":[{"t":"idOrVar","v":"level"},"% Charged (",{"t":"idOrVar","v":"hours"},"h ",{"t":"idOrVar","v":"minutes"}," mins remaining)"]},"$x":[{"t":"idOrVar","v":"plural"},"minutes"]},{"$i":"gaia-menu-cancel","$v":"Renunță"}]