[{"$i":"share","$v":"Ndajeni me të tjerë"},{"$i":"resend","$v":"Ridërgoje"},{"$i":"connecting","$v":"Po lidhet"},{"$i":"verify","$v":"Verifikoje"},{"$i":"verifying","$v":"Po verifikohet"},{"$i":"verified","$v":"U verifikua"},{"$i":"mobileIDExplanation","$v":[{"t":"idOrVar","v":"app_name"}," dëshiron të dijë dhe të verifikojë numrin tuaj të telefonit. Ju lutemi, zgjidhni cilin doni ta ndani me të ose jepni një të ri."]},{"$i":"verificationCodeExplanation","$v":["Kemi dërguar një kod te ",{"t":"idOrVar","v":"phone_number"},". Do të provojmë ta kapim vetvetiu, por do t’ju duhet ta jepni dorazi, nëse lihet pa u përdorur në këtë pajisje."]},{"$i":"successMessage","$v":["Shkëlqyeshëm! Numri juaj ",{"t":"idOrVar","v":"phone_number"}," tani u verifikua dhe mund të përdoret nga ",{"t":"idOrVar","v":"app_name"},"."]},{"$i":"serverErrorMessage","$v":"Shërbyesi i verifikimit nuk kapet dot këtë çast. Ju lutemi, kontrolloni lidhjen tuaj në internet, riprovoni ose pritni pak minuta."},{"$i":"timeoutErrorMessage","$v":"Duket se ka një problem me kodin tuaj të verifikimit. Le ta provojmë edhe një herë!"},{"$i":"errorTitle","$v":"Identitet celulari"},{"$i":"ok","$v":"OK"},{"$i":"addPhoneNumber","$v":"Ose shtoni numrin e telefonit tuaj"},{"$i":"selectPhoneNumber","$v":"Ose përzgjidhni një numër telefoni nga lista"},{"$i":"firefox-accounts-title","$v":"Llogari Firefox"},{"$i":"fxa-next","$v":"Pasuesi"},{"$i":"fxa-back","$v":"Mbrapsht"},{"$i":"fxa-done","$v":"U bë"},{"$i":"fxa-ok","$v":"OK"},{"$i":"fxa-connection-error-title","$v":"I pazoti të Lidhet"},{"$i":"fxa-connection-error-message","$v":"Mund të krijoni një llogari ose të bëni hyrjen që nga Rregullimet."},{"$i":"fxa-reset-password-error-title","$v":"Ricaktoni Fjalëkalimin"},{"$i":"fxa-reset-password-error-message","$v":"Fjalëkalimin mund ta ricaktoni te Rregullimet."},{"$i":"fxa-coppa-failure-error-title","$v":"Nuk Krijohet Dot Llogaria"},{"$i":"fxa-coppa-failure-error-message","$v":["Duhet të plotësoni disa domosdoshmëri mbi moshën, para se të mundni të krijoni një Llogari Firefox. ",{"t":"idOrVar","v":"learnmore"}]},{"$i":"fxa-learn-more","$v":"Mësoni më tepër"},{"$i":"fxa-offline-error-title","$v":"I pazoti të Lidhet"},{"$i":"fxa-offline-error-message","$v":"Ju lutemi, lidhuni me një rrjet, te Rregullimet."},{"$i":"fxa-invalid-email-title","$v":"Gabim"},{"$i":"fxa-invalid-email-message","$v":"Ju lutemi, jepni një email të vlefshëm."},{"$i":"fxa-invalid-password-title","$v":"Fjalëkalim i Pavlefshëm"},{"$i":"fxa-invalid-password-message","$v":"Ju lutemi, kontrolloni fjalëkalimin tuaj dhe riprovoni."},{"$i":"fxa-unknown-error-title","$v":"I pazoti të Lidhet"},{"$i":"fxa-unknown-error-message","$v":"Sistem ende jo gati, riprovoni së shpejti."},{"$i":"fxa-connecting","$v":"Po lidhet"},{"$i":"fxa-enter-email-input","placeholder":"Jepni email-in tuaj"},{"$i":"fxa-use-email-to-sign-in","$v":"Përdorni adresën tuaj email për të krijuar një logari ose për të hyrë në të."},{"$i":"fxa-notice","$v":["Duke vazhduar, pajtohem me ",{"t":"idOrVar","v":"tos"}," dhe ",{"t":"idOrVar","v":"pn"}," të shërbimeve re Firefox."]},{"$i":"fxa-tos","$v":"Kushtet e Shërbimit"},{"$i":"fxa-pn","$v":"Shënimet Mbi Privatësinë"},{"$i":"fxa-create-password-title","$v":"Krijoni një Fjalëkalim"},{"$i":"fxa-enter-password-title","$v":"Jepni Fjalëkalimin Tuaj"},{"$i":"fxa-hello-user","$v":["Tungjatjeta, ",{"t":"idOrVar","v":"email"}]},{"$i":"fxa-password-refresh","$v":"Ju lutemi, që të vazhdoni jepni fjalëkalimin tuaj për Llogarinë Firefox."},{"$i":"fxa-password","placeholder":"Fjalëkalimi"},{"$i":"fxa-forgot-your-password","$v":"Harruat fjalëkalimin tuaj?"},{"$i":"fxa-show-password","$v":"Shfaqe fjalëkalimin"},{"$i":"fxa-password-length-requirement","$v":"Fjalëkalimi duhet të jetë të paktën 8 shenja i gjatë."},{"$i":"fxa-success","$v":"Sukses!"},{"$i":"fxa-ready-to-go","$v":"Llogaria juaj Firefox është gati! "},{"$i":"fxa-use-features","$v":"Tani mund të përdorni veçori të tilla si Gjeje Pajisjen Time dhe aplikacione si Firefox Marketplace-i."},{"$i":"fxa-access-manage-account-settings","$v":"Në të ardhmen, mund të hyni dhe administroni llogarinë tuaj që nga Rregullimet."},{"$i":"fxa-confirm-account","$v":"Ripohoni Llogarinë Tuaj"},{"$i":"fxa-will-send-email","$v":["Do të dërgojmë një email te: ",{"t":"idOrVar","v":"email"}]},{"$i":"fxa-signup-click-verification-link-in-email","$v":"Herës tjetër që hapni postën tuaj, klikoni mbi lidhjen e verifikimit që të ripohoni Llogarinë tuaj Firefox."},{"$i":"fxa-age-verification","$v":"Kontrollor Moshe"},{"$i":"fxa-age-earlier","$v":[{"t":"idOrVar","v":"year"}," ose më herët"]},{"$i":"fxa-year-of-birth","$v":"Vit i Lindjes"},{"$i":"brandShortName","$v":"B2G OS"},{"$i":"browserBrandShortName","$v":"Web Browser"},{"$i":"browserBrandFullName","$v":"Mozilla Web Browser"},{"$i":"ringtoneBrandName","$v":"Default"},{"$i":"ringtoneSectionBrandName","$v":"System"},{"$i":"back","$v":"Mbrapsht"},{"$i":"help","$v":"Ndihmë"},{"$i":"cancel","$v":"Anuloje"},{"$i":"close","$v":"Mbylle"},{"$i":"skip","$v":"Anashkaloje"},{"$i":"clear","ariaLabel":"Fshije"},{"$i":"enable","$v":"Aktivizoje"},{"$i":"turnOn","$v":"Hape"},{"$i":"undo","ariaLabel":"Zhbëje"},{"$i":"enterPIN","$v":"Jepni PIN-in"},{"$i":"mediaPlaybackTrack","ariaLabel":"Titull pjese dhe artist "},{"$i":"mediaPlaybackControls","ariaLabel":"Kontrolle loje"},{"$i":"mediaPlaybackPrevious","ariaLabel":"E mëparshmja"},{"$i":"mediaPlaybackPlay","ariaLabel":"Luaje"},{"$i":"mediaPlaybackPause","ariaLabel":"Pushoje"},{"$i":"mediaPlaybackNext","ariaLabel":"Pasuesja"},{"$i":"UnknownTrack","$v":"Pjesë e panjohur"},{"$i":"wifiButton-on","$v":"Wi-Fi on"},{"$i":"wifiButton-on-initializing","$v":"Wi-Fi on, po gatitet"},{"$i":"wifiButton-off","$v":"Wi-Fi off"},{"$i":"dataButton-on","$v":["Të dhëna ",{"t":"idOrVar","v":"type"}," on"]},{"$i":"dataButton-off","$v":["Të dhëna ",{"t":"idOrVar","v":"type"}," off"]},{"$i":"bluetoothButton-on","$v":"Bluetooth on"},{"$i":"bluetoothButton-on-initializing","$v":"Bluetooth on, po gatitet"},{"$i":"bluetoothButton-off","$v":"Bluetooth off"},{"$i":"airplaneMode-on","$v":"Mënyra aeroplan on"},{"$i":"airplaneMode-off","$v":"Mënyra aeroplan off"},{"$i":"settingsButton","ariaLabel":"Rregullime"},{"$i":"utilityTray","ariaLabel":"Panel të dobishmesh"},{"$i":"statusbarOperator","$v":[{"t":"idOrVar","v":"date"},", ",{"t":"idOrVar","v":"operator"}]},{"$i":"statusbarDateFormat","$v":"%e %b"},{"$i":"statusbar","ariaLabel":"Shtyllë Gjendjeje"},{"$i":"statusbarBattery","ariaLabel":["Bateri ",{"t":"idOrVar","v":"level"}," për qind"]},{"$i":"statusbarBatteryCharging","ariaLabel":["Bateri ",{"t":"idOrVar","v":"level"}," për qind, po ngarkohet"]},{"$i":"statusbarAirplaneMode","ariaLabel":"Airplane mode on"},{"$i":"statusbarWiFiConnecting","ariaLabel":"Wi-Fi: connecting"},{"$i":"statusbarWiFiConnected","ariaLabel":["Wi-Fi: ",{"t":"idOrVar","v":"level"}," of 4 bars"]},{"$i":"statusbarSignal","ariaLabel":[{"t":"idOrVar","v":"operator"}," network, ",{"t":"idOrVar","v":"level"}," of 5 bars"]},{"$i":"statusbarSignalRoaming","ariaLabel":[{"t":"idOrVar","v":"operator"}," network (roaming), ",{"t":"idOrVar","v":"level"}," of 5 bars"]},{"$i":"statusbarSignalNoneSearching","ariaLabel":"Searching… Emergency calls only"},{"$i":"emergencyCallsOnly","$v":"Vetëm thirrje urgjencash"},{"$i":"statusbarSignalNoSimCard","ariaLabel":"No SIM card"},{"$i":"statusbarHeadphone","ariaLabel":"Headphones on"},{"$i":"statusbarBluetoothHeadphone","ariaLabel":"Bluetooth headphones on"},{"$i":"statusbarBluetoothTransfer","ariaLabel":"Bluetooth transfer active"},{"$i":"statusbarIconOn-tethering","ariaLabel":"Tethering on"},{"$i":"statusbarIconOnActive-tethering","ariaLabel":"Tethering on, active"},{"$i":"statusbarAlarm","ariaLabel":"Nën alarm"},{"$i":"statusbarIconOn-bluetooth","ariaLabel":"Bluetooth on"},{"$i":"statusbarIconOnActive-bluetooth","ariaLabel":"Bluetooth on, active"},{"$i":"statusbarIconOn-mute","ariaLabel":"Mute on"},{"$i":"statusbarIconOn-vibration","ariaLabel":"Vibration on"},{"$i":"statusbarRecording","ariaLabel":"Nën regjistrim"},{"$i":"statusbarGeolocation","ariaLabel":"Me gjeovendëzim hapur"},{"$i":"statusbarUsb","ariaLabel":"Me USB aktive"},{"$i":"statusbarCallForwarding","$v":"Call forwarding on"},{"$i":"statusbarPlaying","ariaLabel":"Po luhet media"},{"$i":"statusbarNfc","ariaLabel":"NFC aktive"},{"$i":"statusbarDownload","ariaLabel":"Downloading…"},{"$i":"statusbarNetworkActivity","ariaLabel":"Me punim në rrjet"},{"$i":"statusbarEmergencyCallback","ariaLabel":"Emergency callback"},{"$i":"statusbarNotifications","$v":{"one":[{"t":"idOrVar","v":"n"}," njoftim"],"two":[{"t":"idOrVar","v":"n"}," njoftime"],"few":[{"t":"idOrVar","v":"n"}," njoftime"],"many":[{"t":"idOrVar","v":"n"}," njoftime"],"other":[{"t":"idOrVar","v":"n"}," njoftime"]},"$x":[{"t":"idOrVar","v":"plural"},"n"]},{"$i":"statusbarNotifications-unread","ariaLabel":{"$x":[{"t":"idOrVar","v":"plural"},"n"],"$v":{"one":[{"t":"idOrVar","v":"n"}," njoftim i palexuar"],"two":[{"t":"idOrVar","v":"n"}," njoftime të palexuar"],"few":[{"t":"idOrVar","v":"n"}," njoftime të palexuar"],"many":[{"t":"idOrVar","v":"n"}," njoftime të palexuar"],"other":[{"t":"idOrVar","v":"n"}," njoftime të palexuar"]}}},{"$i":"notifications","$v":"Njoftime"},{"$i":"clear-all","$v":"Fshiji krejt"},{"$i":"attentionScreen-tapToShow","$v":"Prekeni që të shfaqet"},{"$i":"newVoicemails","$v":{"zero":"Pa mesazh zanor të ri","one":"Një mesazh zanor i ri","two":[{"t":"idOrVar","v":"n"}," mesazhe zanorë të rinj"],"few":[{"t":"idOrVar","v":"n"}," mesazhe zanorë të rinj"],"many":[{"t":"idOrVar","v":"n"}," mesazhe zanorë të rinj"],"other":[{"t":"idOrVar","v":"n"}," mesazhe zanorë të rinj"]},"$x":[{"t":"idOrVar","v":"plural"},"n"]},{"$i":"newVoicemailsUnknown","$v":"Mesazh i ri zanor"},{"$i":"dialNumber","$v":["Bjeri ",{"t":"idOrVar","v":"number"}]},{"$i":"voicemailNotificationMultiSim","$v":["(SIM ",{"t":"idOrVar","v":"n"},") ",{"t":"idOrVar","v":"title"}]},{"$i":"euRoamingNotificationTitle","$v":"U kap internet BE-je"},{"$i":"euRoamingNotificationMsg","$v":"Prekeni që të ndryshohet."},{"$i":"confirmNFCConnectBTenabledNameUnknown","$v":"Jeni i sigurt se doni të lidheni me pajisjen?"},{"$i":"confirmNFCConnectBTdisabledNameUnknown","$v":"Të hapet Bluetooth-i dhe të lidhet me pajisjen?"},{"$i":"confirmNFCConnectBTenabledNameKnown","$v":["Jeni i sigurt se doni të lidheni me ",{"t":"idOrVar","v":"deviceName"},"?"]},{"$i":"confirmNFCConnectBTdisabledNameKnown","$v":["Të hapet Bluetooth-i dhe të lidhet me ",{"t":"idOrVar","v":"deviceName"},"?"]},{"$i":"confirmNFCConnectBTdisabled","$v":"Hape"},{"$i":"dismissNFCConnectBTdisabled","$v":"Anuloje"},{"$i":"confirmation","$v":"Ripohim"},{"$i":"deviceMenu","$v":"Telefon"},{"$i":"airplane","$v":"Aktivizoni Mënyrën Aeroplan"},{"$i":"airplaneOff","$v":"Dil nga Mënyra Aeroplan"},{"$i":"silent","$v":"Heshturazi për thirrjet ardhëse"},{"$i":"normal","$v":"Thirrjet ardhëse të dëgjohen"},{"$i":"restart","$v":"Riniseni"},{"$i":"power","$v":"Fikeni"},{"$i":"no-recent-app-windows","$v":"Këtu shfaqen dritaret e aplikacioneve të hapura së fundi"},{"$i":"no-recent-browser-windows","$v":"Këtu shfaqen dritaret e shfletuesit të hapura së fundi"},{"$i":"closeCard","ariaLabel":"Mbylle"},{"$i":"openCard","ariaLabel":"Hape"},{"$i":"yes","$v":"Po"},{"$i":"no","$v":"Jo"},{"$i":"dontallow","$v":"Mos e lejo"},{"$i":"allow","$v":"Lejoje"},{"$i":"dontshare-geolocation","$v":"Mos e Jep"},{"$i":"share-geolocation","$v":"Jepe"},{"$i":"dontshare-audio-capture","$v":"Mos e Jep"},{"$i":"share-audio-capture","$v":"Jepe"},{"$i":"dontshare-video-capture","$v":"Mos e Jep"},{"$i":"share-video-capture","$v":"Jepe"},{"$i":"dontshare-media-capture","$v":"Mos e Jep"},{"$i":"share-media-capture","$v":"Jepe"},{"$i":"device-front","$v":"Kamera Ballore"},{"$i":"device-back","$v":"Kamera e Pasme"},{"$i":"remember-my-choice","$v":"Mbaje mend zgjedhjen time"},{"$i":"more-info","$v":"Më tepër të dhëna…"},{"$i":"hide-info","$v":"Fshihi të dhënat"},{"$i":"install-app","$v":["Të instalohet ",{"t":"idOrVar","v":"name"},"?"]},{"$i":"size","$v":"Madhësi"},{"$i":"author","$v":"Autor"},{"$i":"size-unknown","$v":"E panjohur"},{"$i":"author-unknown","$v":"I panjohur"},{"$i":"install","$v":"Instaloje"},{"$i":"bytes","$v":"bajte"},{"$i":"kB","$v":"kB"},{"$i":"MB","$v":"MB"},{"$i":"GB","$v":"GB"},{"$i":"TB","$v":"TB"},{"$i":"PB","$v":"PB"},{"$i":"app-install-generic-error","$v":["Shkarkimi i ",{"t":"idOrVar","v":"appName"}," u ndal"]},{"$i":"app-install-download-failed","$v":["Shkarkimi i ",{"t":"idOrVar","v":"appName"}," dështoi"]},{"$i":"app-install-install-failed","$v":["Instalimi i ",{"t":"idOrVar","v":"appName"}," dështoi"]},{"$i":"cancelling-will-not-refund","$v":"Anulimi nuk do të sjellë rimbursim blerjeje. Rimbursimi për lëndë të paguar bëhet nga shitësi origjinal."},{"$i":"apps-can-be-installed-later","$v":"Aplikacionet mund të instalohen më vonë nga burimi origjinal i instalimit."},{"$i":"are-you-sure-you-want-to-cancel","$v":"Jeni i sigurt se doni të anulohet ky instalim?"},{"$i":"cancel-install","$v":"Anulojeni Instalimin"},{"$i":"cancel-install-button","$v":"Anuloje Instalimin"},{"$i":"resume","$v":"Rimerre"},{"$i":"continue","$v":"Vazhdo"},{"$i":"stopDownloading","$v":["Të ndalet shkarkimi i ",{"t":"idOrVar","v":"app"},"?"]},{"$i":"app-download-can-be-restarted","$v":"Shkarkimi mund të riniset më vonë."},{"$i":"app-download-stop-button","$v":"Ndale Shkarkimin"},{"$i":"not-enough-space","$v":"Hapësirë e pamjaftueshme"},{"$i":"not-enough-space-message","$v":"Nuk ka hapësirë të mjaftueshme për instalimin e këtij aplikacioni. Lironi ca vend, duke fshirë aplikacione media të vjetër, dhe riprovoni instalimin prej burimit origjinal."},{"$i":"app-install-success","$v":[{"t":"idOrVar","v":"appName"}," u instalua"]},{"$i":"langpack-install-success2","$v":[{"t":"idOrVar","v":"appName"}," installed. Go to Settings > Language to enable it."]},{"$i":"setup","$v":"Rregullim"},{"$i":"ime-addkeyboards","$v":"Shtoni fjalëkyçe"},{"$i":"later","$v":"Më vonë"},{"$i":"download","$v":"Shkarkoje"},{"$i":"wantToDownload","$v":"Të shkarkohet përditësimi tani?"},{"$i":"wantToInstallNow","$v":"Doni të instalohet tani përditësimi? Nuk do të jeni në gjendje të përdorni telefonin tuaj për pak minuta."},{"$i":"installNow","$v":"Instaloje Tani"},{"$i":"notNow","$v":"Jo Tani"},{"$i":"downloadingUpdateMessage","innerHTML":["Po shkarkohen përditësime… <span>është shkarkuar ",{"t":"idOrVar","v":"progress"},".</span>"]},{"$i":"downloadingAppMessage","$v":["Po shkarkohet ",{"t":"idOrVar","v":"appName"}]},{"$i":"downloadingAppProgressNoMax","$v":[{"t":"idOrVar","v":"progress"}," e shkarkimit"]},{"$i":"downloadingAppProgressIndeterminate","$v":"Po shkarkohet"},{"$i":"downloadingAppProgress","$v":[{"t":"idOrVar","v":"progress"}," / ",{"t":"idOrVar","v":"max"}," e shkarkuar"]},{"$i":"cancelAllDownloads","$v":"Anuloji krejt shkarkimet"},{"$i":"wantToCancelAll","$v":"Jeni i sigurt se doni të anuloni krejt shkarkimet?"},{"$i":"downloadError","$v":"Pati një gabim gjatë shkarkimit të përditësimeve."},{"$i":"updateAvailableInfo","innerHTML":{"$x":[{"t":"idOrVar","v":"plural"},"n"],"$v":{"one":[{"t":"idOrVar","v":"n"}," përditësim gati. <span>Për më tepër info, prekeni.</span>"],"two":[{"t":"idOrVar","v":"n"}," përditësime gati. <span>Për më tepër info, prekeni.</span>"],"few":[{"t":"idOrVar","v":"n"}," përditësime gati. <span>Për më tepër info, prekeni.</span>"],"many":[{"t":"idOrVar","v":"n"}," përditësime gati. <span>Për më tepër info, prekeni.</span>"],"other":[{"t":"idOrVar","v":"n"}," përditësime gati. <span>Për më tepër info, prekeni.</span>"]}}},{"$i":"numberOfUpdates","$v":{"one":[{"t":"idOrVar","v":"n"}," përditësim gati"],"two":[{"t":"idOrVar","v":"n"}," përditësime gati"],"few":[{"t":"idOrVar","v":"n"}," përditësime gati"],"many":[{"t":"idOrVar","v":"n"}," përditësime gati"],"other":[{"t":"idOrVar","v":"n"}," përditësime gati"]},"$x":[{"t":"idOrVar","v":"plural"},"n"]},{"$i":"systemUpdate","$v":"Përditësim sistemi"},{"$i":"systemUpdateReady","$v":"Gati Përditësimi i Sistemit"},{"$i":"systemUpdateLowBatteryThreshold","$v":["Për instalimin e përditësimit ju duhet të paktën një nivel baterie ",{"t":"idOrVar","v":"threshold"},"%."]},{"$i":"required","$v":"I domosdoshëm"},{"$i":"uncompressingMessage","innerHTML":"Po çngjeshet… <span>Kjo mund të hajë ca minuta.</span>"},{"$i":"downloadWifiPrioritizedUsing2G","$v":"Kur nuk ka Wi-Fi, përditësimet shkarkohen përmes lidhjes për të dhënat. Kur përdoret lidhje të dhënash, thirrjet telefonike mund të bllokohen dhe përdorimi të sjellë pagesa shtesë."},{"$i":"downloadWifiPrioritized3","$v":"Kur nuk ka Wi-Fi, përditësimet shkarkohen përmes lidhjes për të dhënat. Kur përdoret lidhje të dhënash, përdorimi mund të sjellë pagesa shtesë."},{"$i":"downloadNoWifiWarning","$v":"Nuk gjendet Wi-Fi. Përditësimi përmes lidhjes së tanishme mund të sjellë pagesa shtesë."},{"$i":"downloadOfflineWarning2","$v":"Lidhuni me një rrjet që të shkarkohen përditësimet."},{"$i":"downloadUpdatesViaDataConnection","$v":"Të shkarkohen përditësimet përmes lidhjesh për të dhëna?"},{"$i":"downloadUpdatesVia2GForbidden3","$v":"Shkarkimi i përditësimeve nuk është i mundur në lidhje të ngadalta (2G). Ju lutemi, lidhuni me Wi-Fi ose 3G (në pastë) dhe riprovoni."},{"$i":"downloadUpdatesViaDataConnectionMessage3","$v":"When using a data connection, additional costs may apply. Do you want to continue?"},{"$i":"downloadUpdatesViaDataRoamingConnection","$v":"Të shkarkohen përditësimet përmes roaming të dhënash?"},{"$i":"downloadUpdatesViaDataRoamingConnectionMessage","$v":"Jeni duke përdorur roaming dhe kjo mund të sjellë pagesa shtesë. Doni të vazhdohet?"},{"$i":"screenshotSaved","$v":"Fotoja u ruajt te Galeria"},{"$i":"screenshotFailed","$v":"S’u ruajt dot foto ekrani"},{"$i":"screenshotNoSDCard","$v":"S’u gjet kartë kujtese"},{"$i":"screenshotSDCardInUse","$v":"Karta e kujtesës e zënë gjetiu"},{"$i":"screenshotSDCardLow","$v":"Vend i pakët te kartë kujtese"},{"$i":"logsSaved","$v":"Regjistrimet u ruajtën"},{"$i":"logsSaveError","$v":"Gabim gjatë ruajtjes së regjistrimeve"},{"$i":"logsSaving","$v":"Po merren regjistrimet…"},{"$i":"logsOperationFailed","$v":["Veprimi ",{"t":"idOrVar","v":"operation"}," dështoi."]},{"$i":"logsGenericError","$v":"Ndodhi një gabim i papritur."},{"$i":"logsSDCardMaybeShared","$v":"Sigurohuni që karta juaj SD nuk po përdoret edhe nga kompjuteri juaj."},{"$i":"emergency-call-button","$v":"Thirrje Urgjence"},{"$i":"emergency-call","$v":"Thirrje Urgjence"},{"$i":"unlock-a11y-button","ariaLabel":"Çkyçe"},{"$i":"camera-a11y-button","ariaLabel":"Kamera"},{"$i":"longDateFormat","$v":"%A, %e %B"},{"$i":"panel-passcode","ariaLabel":"Panel kodkalimesh"},{"$i":"open-notification","$v":"hape"},{"$i":"softwareHomeButton","ariaLabel":"Kreu"},{"$i":"login","$v":"Hyni"},{"$i":"sign-in-to-website","$v":"Bëni hyrjen te sajti"},{"$i":"username","$v":"Emër përdoruesi"},{"$i":"password","$v":"Fjalëkalim"},{"$i":"http-authentication-message2","$v":["Sajti ",{"t":"idOrVar","v":"host"}," lyp të bëni hyrjen në të."]},{"$i":"error-message","$v":[{"t":"idOrVar","v":"name"}," nuk po ngarkohet siç duhet"]},{"$i":"error-title","$v":[{"t":"idOrVar","v":"name"}," po ka probleme"]},{"$i":"unable-to-connect","$v":"Nuk arrin të lidhet"},{"$i":"tap-to-check-settings","$v":"Prekeni që të kontrolloni rregullimet"},{"$i":"delete-title","$v":["Fshini ",{"t":"idOrVar","v":"name"}]},{"$i":"delete-body","$v":[{"t":"idOrVar","v":"name"}," dhe krejt të dhënat e tij do të fshihen."]},{"$i":"delete","$v":"Fshije"},{"$i":"unrecoverable-error-title","$v":"Hiqeni Aplikacionin"},{"$i":"unrecoverable-error-body","$v":"Nuk instalon dot aplikacionin, për shkak të një gabimi të pazgjidhshëm. Ju lutemi, provoni ta shkarkoni sërish. Aplikacioni do të hiqet."},{"$i":"unrecoverable-error-action","$v":"OK"},{"$i":"data-roaming-enabled-title","$v":"Të aktivizohet roaming të dhënash?"},{"$i":"data-roaming-enabled-warning2","$v":"Që të mund të përdorni Internetin, lypset të aktivizoni roaming të dhënash. Në varësi të kontratës suaj me shërbimin, kjo mund të sjellë pagesa shtesë. Doni të aktivizohet?"},{"$i":"select-time","$v":"Përzgjidhni kohën"},{"$i":"choose-option","$v":"Përzgjidheni"},{"$i":"choose-options","$v":"Përzgjidhini"},{"$i":"select-day","$v":"Përzgjidhni ditën"},{"$i":"battery-almost-empty3","$v":"Bateria juaj ka edhe pak."},{"$i":"plug-in-your-charger","$v":"Ju lutemi, futni në prizë ngarkuesin tuaj."},{"$i":"new-window","$v":"Dritare e re"},{"$i":"new-private-window","$v":"Dritare e re private"},{"$i":"show-windows","$v":"Shfaqi dritaret"},{"$i":"add-to-home-screen","$v":"Shtojeni te skena e kreut"},{"$i":"crash-dialog2-os","$v":[{"t":"idOrVar","v":"brandShortName"}," sapo u rikthye pas një vithisjeje"]},{"$i":"crash-dialog-app","$v":[{"t":"idOrVar","v":"name"}," sapo u vithis"]},{"$i":"crash-dialog-app-noname","$v":"Diçka"},{"$i":"crash-dialog-message","$v":"Do të donit t’i dërgonit Mozilla-s një njoftim rreth vithisjes që të na ndihmonte ta zgjidhim problemin? (Njoftimet dërgohen vetëm përmes Wi-Fi-së.)"},{"$i":"crash-info-link","$v":"Ç’përmban njoftimi i vithisjes?"},{"$i":"crash-always-report","$v":"Dërgoji përherë Mozilla-s një njoftim, kur ndodh një vithisje."},{"$i":"crash-dont-send","$v":"Mos e Dërgo"},{"$i":"crash-end","$v":"Dërgoje"},{"$i":"crashReports","$v":"Njoftime Vithisjesh"},{"$i":"done","$v":"U bë"},{"$i":"crash-reports-description-1","$v":"Një njoftim vithisjeje përmban disa hollësi rreth vithisjes dhe pajisjes suaj, si dhe një përshkrim të gjendjes së pajisjes suaj në kohën kur u vithis."},{"$i":"crash-reports-description-2","$v":"Këtu mund të përfshihen gjëra të tilla si faqet dhe aplikacionet e hapura, tekst i shtypur në formularë, lëndë në mesazhe të hapur, historiku i shfletimeve së fundi, ose të dhëna gjeovendëzimi të përdorura nga një aplikacion i hapur."},{"$i":"crash-reports-description-3-start","$v":"Njoftimet e vithisjeve përpiqemi t’i përdorim për zgjidhjen e problemeve dhe për përmirësimin e produkteve tona. Të dhënat tuaja i përdorim siç e përshkruajmë te"},{"$i":"crash-reports-description-3-privacy","$v":"rregullat tona mbi privatësinë"},{"$i":"crash-reports-description-3-end","$v":"."},{"$i":"crash-banner-os2","$v":[{"t":"idOrVar","v":"brandShortName"}," sapo u vithis."]},{"$i":"crash-banner-app","$v":[{"t":"idOrVar","v":"name"}," sapo u vithis."]},{"$i":"crash-banner-report","$v":"Njoftojeni"},{"$i":"bluetooth-sending-progress","$v":"Po dërgohet mbartje Bluetooth…"},{"$i":"bluetooth-receiving-progress","$v":"Po merret mbartje Bluetooth…"},{"$i":"acceptFileTransfer","$v":"Të pranohet kartelë mbartjeje Bluetooth?"},{"$i":"wantToReceiveFile","$v":[{"t":"idOrVar","v":"deviceName"}," do të donte të mbarte ",{"t":"idOrVar","v":"fileName"}," (",{"t":"idOrVar","v":"fileSize"},")."]},{"$i":"transfer-confirmation-title","$v":[{"t":"idOrVar","v":"deviceName"}]},{"$i":"transfer-confirmation-description","$v":"Shqyrtoni kërkesën për mbartje."},{"$i":"byteUnit-B","$v":"B"},{"$i":"byteUnit-KB","$v":"KB"},{"$i":"byteUnit-MB","$v":"MB"},{"$i":"byteUnit-GB","$v":"GB"},{"$i":"byteUnit-TB","$v":"TB"},{"$i":"byteUnit-PB","$v":"PB"},{"$i":"byteUnit-EB","$v":"EB"},{"$i":"byteUnit-ZB","$v":"ZB"},{"$i":"byteUnit-YB","$v":"YB"},{"$i":"fileSize","$v":[{"t":"idOrVar","v":"size"}," ",{"t":"idOrVar","v":"unit"}]},{"$i":"deny","$v":"Mos e Prano"},{"$i":"transfer","$v":"Mbarte"},{"$i":"cancelFileTransfer","$v":"Të anulohet mbartja e kartelës Bluetooth?"},{"$i":"continueFileTransfer","$v":"Vazhdoje"},{"$i":"transfer-has-started-title","$v":"Mbartja filloi"},{"$i":"transfer-has-started-description","$v":"Ndiqini përmbushjen te qendra e Njoftimeve"},{"$i":"transferFinished-sentSuccessful-title","$v":"Kartela u dërgua"},{"$i":"transferFinished-receivedSuccessful-title","$v":"Kartela u mor"},{"$i":"transferFinished-sentFailed-title","$v":"Kartela nuk u dërgua dot"},{"$i":"transferFinished-receivedFailed-title","$v":"Kartela nuk u mor dot"},{"$i":"transferReport-title","$v":"Njoftim mbartjeje:"},{"$i":"transferReport-description","$v":["Sukses për ",{"t":"idOrVar","v":"numSuccessful"}," kartela, dështim për ",{"t":"idOrVar","v":"numUnsuccessful"}," kartela"]},{"$i":"unknown-file","$v":"Kartelë e panjohur"},{"$i":"unknown-device","$v":"Pajisje e panjohur"},{"$i":"cannotOpenFile","$v":"Nuk hapet dot kartela e marrë"},{"$i":"unknownMediaTypeToOpenFile","$v":["Nuk hapet dot lloji i panjohur i medias: ",{"t":"idOrVar","v":"fileName"}]},{"$i":"cannotReceiveFile","$v":"Kartela nuk merret dot"},{"$i":"cannotGetStorageState","$v":"Nuk analizohet dot gjendje depozitimi e pajisjes"},{"$i":"sdcard-not-exist2","$v":"Nuk u gjet kartë kujtese. Ju lutemi, futni një kartë kujtese."},{"$i":"sdcard-in-use","$v":"Bluetooth-i nuk mund të përdoret, sa kohë që telefoni është në prizë. Ju lutemi, hiqeni telefonin nga priza që të merrni kartela."},{"$i":"sdcard-no-space2","$v":"Nuk plotësohet dot mbartja: karta e kujtesës është plot."},{"$i":"unknown-error","$v":"Gabim i panjohur"},{"$i":"confirm","$v":"Ripohojeni"},{"$i":"sdcard-detected-title","$v":"U kap kartë SD"},{"$i":"sdcard-total-size-body","$v":["Madhësi gjithsej: ",{"t":"idOrVar","v":"size"}," ",{"t":"idOrVar","v":"unit"}]},{"$i":"sdcard-unknown-size-then-tap-to-format-body","$v":"Madhësi e panjohur, prekeni që të formatohet"},{"$i":"sdcard-removed-title","$v":"Karta SD u hoq"},{"$i":"sdcard-removed-ejected-successfully","$v":"U nxorr me sukses"},{"$i":"sdcard-removed-not-ejected-properly","$v":"Nuk u nxorr siç duhet"},{"$i":"microphone-is-on","$v":"Mikrofoni është i hapur"},{"$i":"camera-is-on","$v":"Kamera është e hapur"},{"$i":"media-is-on","$v":"Kamera & Mikrofoni janë HAPUR"},{"$i":"noSimCard","$v":"Pa kartë SIM"},{"$i":"simPin","$v":"PIN SIM-i"},{"$i":"pukCode","$v":"Kod PUK-u"},{"$i":"nckCode","$v":"Kod NCK-je"},{"$i":"cckCode","$v":"Kod CCK-je"},{"$i":"spckCode","$v":"Kod SPCK-je"},{"$i":"nck1code","$v":"Kod NCK1-shi"},{"$i":"nck2code","$v":"Kod NCK2-shi"},{"$i":"hnckcode","$v":"Kod HNCK-je"},{"$i":"rcckcode","$v":"Kod RCCK-je"},{"$i":"rspckcode","$v":"Kod RSPCK-je"},{"$i":"whatIsSimPin","$v":"Çfarë është një PIN SIM-i?"},{"$i":"simPinIntro1","$v":"PIN-i i SIM-it pengon hyrjen te rrjete të dhënash celulari me kartë SIM. Kur është i aktivizuar, cilado pajisje që përmban kartën SIM do të kërkojë PIN-in gjatë rinisjes."},{"$i":"simPinIntro2","$v":"PIN-i i SIM-it nuk është i njëjtë me kodkalimin e përdorur për çkyçjen e pajisjes."},{"$i":"changeSimPin","$v":"Ndryshoni PIN-in"},{"$i":"pinTitle","$v":"Jepni PIN SIM-i"},{"$i":"multiSIMpinTitle","$v":["Jepni PIN SIM-i ",{"t":"idOrVar","v":"n"}]},{"$i":"pukTitle","$v":"Jepni kodin PUK"},{"$i":"nckTitle","$v":"Jepni kodin NCK"},{"$i":"cckTitle","$v":"Jepni kodin CCK"},{"$i":"spckTitle","$v":"Jepni kodin SPCK"},{"$i":"nck1Title","$v":"Jepni kodin NCK1"},{"$i":"nck2Title","$v":"Jepni kodin NCK2"},{"$i":"hnckTitle","$v":"Jepni kodin HNCK"},{"$i":"rcckTitle","$v":"Jepni kodin RCCK"},{"$i":"rspckTitle","$v":"Jepni kodin RSPCK"},{"$i":"newpinTitle","$v":"PIN i ri"},{"$i":"inputCodeRetriesLeft","$v":{"one":"Prova e fundit.","two":["Edhe ",{"t":"idOrVar","v":"n"}," prova."],"few":["Edhe ",{"t":"idOrVar","v":"n"}," prova."],"many":["Edhe ",{"t":"idOrVar","v":"n"}," prova."],"other":["Edhe ",{"t":"idOrVar","v":"n"}," prova."]},"$x":[{"t":"idOrVar","v":"plural"},"n"]},{"$i":"pinErrorMsg","$v":"PIN-i nu qe i saktë."},{"$i":"pinAttemptMsg2","$v":{"one":"Ju mbetet ende një provë për të dhënë kodin e saktë, përpara se të kyçet karta SIM.","two":["Ju mbeten ende ",{"t":"idOrVar","v":"n"}," prova për të dhënë kodin e saktë, përpara se të kyçet karta SIM."],"few":["Ju mbeten ende ",{"t":"idOrVar","v":"n"}," prova për të dhënë kodin e saktë, përpara se të kyçet karta SIM."],"many":["Ju mbeten ende ",{"t":"idOrVar","v":"n"}," prova për të dhënë kodin e saktë, përpara se të kyçet karta SIM."],"other":["Ju mbeten ende ",{"t":"idOrVar","v":"n"}," prova për të dhënë kodin e saktë, përpara se të kyçet karta SIM."]},"$x":[{"t":"idOrVar","v":"plural"},"n"]},{"$i":"pinLastChanceMsg","$v":"Ky është shansi juaj i fundit për të dhënë PIN-in e saktë. Përndryshe, që të përdorni këtë kartë SIM duhet të jepni kodin PUK."},{"$i":"simCardLockedMsg","$v":"Karta SIM është kyçur."},{"$i":"enterPukMsg","$v":"Duhet të jepni kodin e Kyçit Personal të Çkyçjes (PUK) për kartën SIM. Për më tepër të dhëna, shihni dokumentimin e kartës suaj SIM ose lidhuni me operatorin tuaj."},{"$i":"pukErrorMsg","$v":"Kodi PUK është i pasaktë."},{"$i":"pukAttemptMsg2","$v":{"one":"Ju mbetet edhe një provë që të jepni kodin e saktë, përpara se kjo kartë SIM të bëhet përgjithmonë e papërdorshme. Për më tepër të dhëna, shihni dokumentimin e kartës suaj SIM ose lidhuni me operatorin tuaj.","two":["Ju mbeten ende ",{"t":"idOrVar","v":"n"}," prova që të jepni kodin e saktë, përpara se kjo kartë SIM të bëhet përgjithmonë e papërdorshme. Për më tepër të dhëna, shihni dokumentimin e kartës suaj SIM ose lidhuni me operatorin tuaj."],"few":["Ju mbeten ende ",{"t":"idOrVar","v":"n"}," prova që të jepni kodin e saktë, përpara se kjo kartë SIM të bëhet përgjithmonë e papërdorshme. Për më tepër të dhëna, shihni dokumentimin e kartës suaj SIM ose lidhuni me operatorin tuaj."],"many":["Ju mbeten ende ",{"t":"idOrVar","v":"n"}," prova që të jepni e saktë, përpara se kjo kartë SIM të bëhet përgjithmonë e papërdorshme. Për më tepër të dhëna, shihni dokumentimin e kartës suaj SIM ose lidhuni me operatorin tuaj."],"other":["Ju mbeten ende ",{"t":"idOrVar","v":"n"}," prova që të jepni kodin e saktë, përpara se kjo kartë SIM të bëhet përgjithmonë e papërdorshme. Për më tepër të dhëna, shihni dokumentimin e kartës suaj SIM ose lidhuni me operatorin tuaj."]},"$x":[{"t":"idOrVar","v":"plural"},"n"]},{"$i":"pukLastChanceMsg","$v":"Shansi i fundit që të jepni kodin e saktë PUK. Karta juaj SIM do të bëhet përgjithmonë e papërdorshme, në rast se jepni gabim kodin PUK. Për më tepër të dhëna, shihni dokumentimin e kartës suaj SIM ose lidhuni me operatorin tuaj."},{"$i":"newSimPinMsg","$v":"Krijoni PIN-in (duhet të përmbajë 4 deri në 8 shifra)"},{"$i":"confirmNewSimPinMsg","$v":"Ripohoni PIN-in e ri"},{"$i":"newPinErrorMsg","$v":"PIN-et nuk përputhen."},{"$i":"nckErrorMsg","$v":"Kodi NCK është i pasaktë."},{"$i":"nckAttemptMsg2","$v":{"one":"Dështim kërkese heqjeje personalizimi të rrjetit. Ju mbetet edhe një provë që të jepni kodin e saktë. Për më tepër të dhëna, shihni dokumentimin e kartës suaj SIM ose lidhuni me operatorin tuaj.","two":["Dështim kërkese heqjeje personalizimi të rrjetit. Ju mbeten ende ",{"t":"idOrVar","v":"n"}," prova që të jepni kodin e saktë. Për më tepër të dhëna, shihni dokumentimin e kartës suaj SIM ose lidhuni me operatorin tuaj."],"few":["Dështim kërkese heqjeje personalizimi të rrjetit. Ju mbeten ende ",{"t":"idOrVar","v":"n"}," prova që të jepni kodin e saktë. Për më tepër të dhëna, shihni dokumentimin e kartës suaj SIM ose lidhuni me operatorin tuaj."],"many":["Dështim kërkese heqjeje personalizimi të rrjetit. Ju mbeten ende ",{"t":"idOrVar","v":"n"}," prova që të jepni kodin e saktë. Për më tepër të dhëna, shihni dokumentimin e kartës suaj SIM ose lidhuni me operatorin tuaj."],"other":["Dështim kërkese heqjeje personalizimi të rrjetit. Ju mbeten ende ",{"t":"idOrVar","v":"n"}," prova që të jepni kodin e saktë. Për më tepër të dhëna, shihni dokumentimin e kartës suaj SIM ose lidhuni me operatorin tuaj."]},"$x":[{"t":"idOrVar","v":"plural"},"n"]},{"$i":"nckLastChanceMsg","$v":"Dështim kërkese heqjeje personalizimi të rrjetit. Shansi i fundit që të jepni kodin e saktë NCK. Për më tepër të dhëna, shihni dokumentimin e kartës suaj SIM ose lidhuni me operatorin tuaj."},{"$i":"activity-pick","$v":"Përzgjidhni një prej:"},{"$i":"activity-view","$v":"Shiheni me:"},{"$i":"activity-test","$v":"Testojeni me:"},{"$i":"activity-share","$v":"Ndajeni me të tjerët përmes:"},{"$i":"activity-new","$v":"Krijoni me:"},{"$i":"activity-open","$v":"Hapeni me:"},{"$i":"activity-save-bookmark","$v":"Faqeruajeni te:"},{"$i":"activity-record","$v":"Regjistroni nga:"},{"$i":"activity-browse","$v":"Shfletoni me:"},{"$i":"activity-configure","$v":"Formësojeni me:"},{"$i":"activity-dial","$v":"Formoni numrin prej:"},{"$i":"persona-signin","$v":"Hyni"},{"$i":"payment-flow","$v":"Blini"},{"$i":"remoteDebuggerPromptUSB","$v":"Allow USB debugging connection?"},{"$i":"remoteDebuggerPromptTCP","$v":["Allow remote debugging connection from ",{"t":"idOrVar","v":"host"},":",{"t":"idOrVar","v":"port"},"?"]},{"$i":"devtools-auth-scan2","$v":"Scanning for the QR code displayed on your other device…"},{"$i":"fullscreen-request","$v":[{"t":"idOrVar","v":"origin"}," shfaqet tani sa krejt ekrani."]},{"$i":"captive-wifi-available","$v":["U gjet rrjeti ",{"t":"idOrVar","v":"networkName"},". Të hyhet në rrjet?"]},{"$i":"ceWarningtitle","$v":"Sinjalizim volumi"},{"$i":"ceWarningcontent","$v":"Për të parandaluar dëmtim të mundshëm të dëgjimit, mos dëgjoni për kohë të gjatë me volum të lartë."},{"$i":"notification-powersaving-mode-on-title","$v":"Mënyrë Ruajtje Energjie"},{"$i":"notification-powersaving-mode-on-description","$v":"Mënyra e ruajtjes së energjisë është aktive."},{"$i":"low-device-storage","$v":"Hapësirë e pakët në pajisje.\\n"},{"$i":"free-space","$v":{"zero":"Nuk ka më hapësirë të lirë.","one":["Mbetet më pak se ",{"t":"idOrVar","v":"value"}," ",{"t":"idOrVar","v":"unit"},"."],"two":["Mbetet më pak se ",{"t":"idOrVar","v":"value"}," ",{"t":"idOrVar","v":"unit"},"."],"few":["Mbetet më pak se ",{"t":"idOrVar","v":"value"}," ",{"t":"idOrVar","v":"unit"},"."],"many":["Mbetet më pak se ",{"t":"idOrVar","v":"value"}," ",{"t":"idOrVar","v":"unit"},"."],"other":["Mbetet më pak se ",{"t":"idOrVar","v":"value"}," ",{"t":"idOrVar","v":"unit"},"."]},"$x":[{"t":"idOrVar","v":"plural"},"value"]},{"$i":"unknown-free-space","$v":"Nuk dihet sa hapësirë ka mbetur."},{"$i":"system-alert","$v":"Sinjalizim Sistemi"},{"$i":"cb-channel","$v":["Kanali ",{"t":"idOrVar","v":"channel"}]},{"$i":"cb-etws-warningType-earthquake","$v":"Alarm tërmeti!"},{"$i":"cb-etws-warningType-tsunami","$v":"Alarm cunami!"},{"$i":"cb-etws-warningType-earthquake-tsunami","$v":"Alarm tërmeti dhe cunami!"},{"$i":"cb-etws-warningType-test","$v":"Sistemi i alarme=it po testohet."},{"$i":"cb-etws-warningType-other","$v":"Alarm urgjence!"},{"$i":"icc-message-maintitle","$v":"Mesazh operatori"},{"$i":"icc-message-subtitle","$v":["SIM ",{"t":"idOrVar","v":"id"}]},{"$i":"icc-confirmCall-defaultmessage","$v":["Të thirret ",{"t":"idOrVar","v":"number"},"?"]},{"$i":"icc-alertMessage-send-ss","$v":"Send SS"},{"$i":"icc-alertMessage-send-ussd","$v":"Send USSD"},{"$i":"icc-alertMessage-send-sms","$v":"Send SMS"},{"$i":"icc-confirmMessage-defaultmessage","$v":"Të dërgohet mesazhi?"},{"$i":"icc-inputbox-maintitle","$v":"Kërkesë STK prej"},{"$i":"icc-inputbox-subtitle","$v":["SIM-i ",{"t":"idOrVar","v":"id"}]},{"$i":"emergency-callback-mode","$v":"Mënyra rithirrje urgjence"},{"$i":"emergency-callback-message","$v":"Nuk mund të bëni thirrje, të dërgoni mesazhe, ose të jeni në linjë, ngaqë është e aktivizuar mënyra emergency callback. Do të donit të çaktivizohet?"},{"$i":"cdma-record-info","$v":"Të dhëna regjistrimi CDMA"},{"$i":"ime-switching-title","$v":[{"t":"idOrVar","v":"appName"},": ",{"t":"idOrVar","v":"name"}]},{"$i":"ime-switching-tip","$v":"Prekeni që të ndryshoni metodë futjesh"},{"$i":"shrinking-tip","$v":"Rrëshqisni gishtin që të ndahet"},{"$i":"download_started","$v":"Shkarkimi filloi"},{"$i":"download_stopped","$v":"Shkarkimi u ndal"},{"$i":"download_downloading","$v":"Po shkarkohet…"},{"$i":"download_succeeded","$v":"Shkarkim i plotë"},{"$i":"download_failed","$v":"Shkarkimi dështoi"},{"$i":"download_text_by_default","$v":[{"t":"idOrVar","v":"name"}]},{"$i":"download_downloading_text_2","$v":[{"t":"idOrVar","v":"percentage"},"% - ",{"t":"idOrVar","v":"name"}]},{"$i":"search-the-web","$v":"Kërkoni në web"},{"$i":"search-or-enter-address","$v":"Kërkoni ose jepni adresë","placeholder":"Kërkoni ose jepni adresë"},{"$i":"back-button","ariaLabel":"Mbrapsht"},{"$i":"forward-button","ariaLabel":"Përpara"},{"$i":"reload-button","ariaLabel":"Ringarkoje"},{"$i":"stop-button","ariaLabel":"Ndale"},{"$i":"windows-button","ariaLabel":"Shfaqi dritaret"},{"$i":"noHotspotWhenAPMisOnWifiHotspot","$v":"Dilni nga mënyra aeroplan që të përdorni pikë aksesi Wi-Fi."},{"$i":"apmActivated","$v":"Mënyra aeroplan është aktive"},{"$i":"open-in-new-window","$v":"Hape lidhjen në dritare të re"},{"$i":"open-in-new-private-window","$v":"Hape lidhjen në dritare të re private"},{"$i":"add-link-to-home-screen","$v":"Shtoje lidhjen te kreu"},{"$i":"share-link","$v":"Ndajeni Lidhjen Me të Tjerët"},{"$i":"save-image","$v":"Ruaje Figurën"},{"$i":"save-video","$v":"Ruaje Videon"},{"$i":"save-audio","$v":"Ruaje Audion"},{"$i":"save-link","$v":"Ruaje kartelën e lidhjes"},{"$i":"share-image","$v":"Ndajeni Figurën Me të Tjerët"},{"$i":"share-video","$v":"Ndajeni Videon Me të Tjerët"},{"$i":"share-audio","$v":"Ndajeni Audion Me të Tjerët"},{"$i":"private-window","$v":"Dritare Private"},{"$i":"private-browser-title","$v":"Po shfletoni privatisht"},{"$i":"private-window-detail1","$v":"Shfletuesi s’do të ruajë ndonjë historik shfletimesh, cookies, apo kartela të përkohshme Internet."},{"$i":"private-window-detail2","$v":"Edhe pse në këtë pajisje nuk do të ketë ndonjë regjistrim të historikut të shfletimit tuaj për këtë rast, mundësuesi juaj i Internetit prapë mund të gjurmojë cilat faqe vizitoni."},{"$i":"okCharsLeft","$v":["OK (",{"t":"idOrVar","v":"n"},")"]},{"$i":"network-error-in-app","$v":"Pa lidhje në Internet hëpërhë."},{"$i":"network-error-launching","$v":[{"t":"idOrVar","v":"name"}," lyp lidhje në Internet."]},{"$i":"server-not-found","$v":"S’u gjet shërbyes"},{"$i":"server-not-found-error","$v":["S’gjendet shërbyesi te ",{"t":"idOrVar","v":"name"},"."]},{"$i":"file-not-found","$v":"S’u gjet kartelë"},{"$i":"file-not-found-error","$v":"Pajisja nuk e shfaq dot këtë faqe, ngaqë kartela nuk gjendet dot."},{"$i":"connection-failed","$v":"Nuk arrin të lidhet"},{"$i":"connection-failed-error","$v":"Ndodhi një gabim rrjeti teksa provohej kapja e sajtit."},{"$i":"invalid-connection","$v":"Nuk arrin të lidhet"},{"$i":"invalid-connection-error","$v":"Ndodhi një gabim rrjeti teksa provohej kapja e sajtit."},{"$i":"malformed-uri","$v":"URL jo e vlefshme"},{"$i":"malformed-uri-error","$v":"URL-ja e dhënë nuk është e vlefshme dhe nuk mund të ngarkohet."},{"$i":"redirect-loop","$v":"S’shfaqet dot faqja"},{"$i":"redirect-loop-error","$v":"Pajisja s’e shfaq dot këtë faqe, ngaqë nuk po ridrejtohet si duhet. Riprovojeni këtë faqe më vonë."},{"$i":"not-cached","$v":"Faqja ka skaduar"},{"$i":"not-cached-error","$v":"Si masë paraprake sigurie, kjo faqe nuk mund të shfaqet nga pajisja, pasi ka skaduar."},{"$i":"is-printing-error","$v":"Dokumenti nuk mund të ndryshohet teksa Shtypet ose i Parashihet Shtypja."},{"$i":"denied-port-access","$v":"Kjo adresë është e ndaluar"},{"$i":"denied-port-access-error","$v":"Kjo adresë përdor një portë rrjeti e cila normalisht përdoret për qëllime të ndryshme nga shfletimi në Web. Për t’ju mbrojtur, pajisja e ka anuluar kërkesën."},{"$i":"proxy-resolve-failure","$v":"Gabim Shërbyesi Ndërmjetës"},{"$i":"proxy-resolve-failure-error","$v":"Pajisja është formësuar të përdorë një shërbyes ndërmjetës që nuk gjendet."},{"$i":"proxy-connect-failure","$v":"Gabim Shërbyesi Ndërmjetës"},{"$i":"proxy-connect-failure-error","$v":"Pajisja është formësuar të përdorë një shërbyes ndërmjetës që nuk po i pranon lidhjet."},{"$i":"content-encoding","$v":"S’shfaqet dot faqja"},{"$i":"content-encoding-error","$v":"Pajisja s’e shfaq dot këtë faqe, ngaqë ndodhi një gabim kodimi lënde."},{"$i":"remote-xul","$v":"Faqe e pambuluar"},{"$i":"remote-xul-error","$v":"Kjo faqe s’shfaqet dot, ngaqë përdor një teknologji që nuk mbulohet nga pajisja."},{"$i":"phishing-blocked","$v":"Kujdes"},{"$i":"phishing-blocked-error","$v":"Sajti është raportuar si sajesë web, e hartuar të mashtrojë përdoruesit, për t’i bërë ata të japin të dhëna vetjake ose financiare."},{"$i":"malware-blocked","$v":"U bllokua sulm nga malware"},{"$i":"malware-blocked-error","$v":"Sajti është raportuar si sajt sulmesh dhe është bllokuar."},{"$i":"unsafe-content-type","$v":"Lëndë e pasigurt"},{"$i":"unsafe-content-type-error","$v":"Faqja nuk mund të shfaqet, ngaqë hapja mund të jetë e rrezikshme."},{"$i":"corrupted-content","$v":"Faqja s’shfaqet dot"},{"$i":"corrupted-content-error","$v":"Faqja nuk shfaqet dot, ngaqë u zbulua një gabim në transmetimin e të dhënave."},{"$i":"try-again","$v":"Riprovoni"},{"$i":"check-settings","$v":"Kontrolloni rregullimet"},{"$i":"accessibility-enableScreenReaderSteps","$v":"Për të aktivizuar lexuesin e ekranit, shtypni butonin e rritjes së volumit dhe mandej atë të zvogëlimit, tre herë rresht"},{"$i":"accessibility-disableScreenReaderSteps","$v":"Për të çaktivizuar lexuesin e ekranit, shtypni butonin e rritjes së volumit dhe mandej atë të zvogëlimit, tre herë rresht"},{"$i":"accessibility-screenReaderStarted","$v":"Lexuesi i ekranit u vu në punë"},{"$i":"accessibility-screenReaderStopped","$v":"Lexuesi i ekranit u ndal"},{"$i":"accessibility-menubar","$v":"shtyllë menuje"},{"$i":"accessibility-scrollbar","$v":"shtyllë rrëshqitjeje"},{"$i":"accessibility-grip","$v":"dorezë"},{"$i":"accessibility-alert","$v":"sinjalizim"},{"$i":"accessibility-menupopup","$v":"flluskë menuje"},{"$i":"accessibility-document","$v":"dokument"},{"$i":"accessibility-pane","$v":"kuadrat"},{"$i":"accessibility-dialog","$v":"dialog"},{"$i":"accessibility-separator","$v":"ndarës"},{"$i":"accessibility-toolbar","$v":"panel"},{"$i":"accessibility-statusbar","$v":"shtyllë gjendjesh"},{"$i":"accessibility-table","$v":"tabelë"},{"$i":"accessibility-columnheader","$v":"krye shtyllë"},{"$i":"accessibility-rowheader","$v":"krye rreshti"},{"$i":"accessibility-column","$v":"shtyllë"},{"$i":"accessibility-row","$v":"rresht"},{"$i":"accessibility-cell","$v":"kuti"},{"$i":"accessibility-link","$v":"lidhje"},{"$i":"accessibility-list","$v":"listë"},{"$i":"accessibility-listitem","$v":"element liste"},{"$i":"accessibility-outline","$v":"plan"},{"$i":"accessibility-outlineitem","$v":"element plani"},{"$i":"accessibility-pagetab","$v":"skedë"},{"$i":"accessibility-propertypage","$v":"faqe vetije"},{"$i":"accessibility-graphic","$v":"grafikë"},{"$i":"accessibility-pushbutton","$v":"buton"},{"$i":"accessibility-checkbutton","$v":"buton shenjë"},{"$i":"accessibility-radiobutton","$v":"buton rrethor"},{"$i":"accessibility-combobox","$v":"kuti përzgjedhjesh"},{"$i":"accessibility-progressbar","$v":"shtyllë ecurie"},{"$i":"accessibility-slider","$v":"rrëshqitës"},{"$i":"accessibility-spinbutton","$v":"buton përzgjedhjesh"},{"$i":"accessibility-diagram","$v":"diagramë"},{"$i":"accessibility-animation","$v":"animacion"},{"$i":"accessibility-equation","$v":"ekuacion"},{"$i":"accessibility-buttonmenu","$v":"menu butoni"},{"$i":"accessibility-whitespace","$v":"hapësirë"},{"$i":"accessibility-pagetablist","$v":"listë skedash"},{"$i":"accessibility-canvas","$v":"kanavacë"},{"$i":"accessibility-checkmenuitem","$v":"element menuje me shenjë"},{"$i":"accessibility-label","$v":"etiketë"},{"$i":"accessibility-passwordtext","$v":"tekst fjalëkalimi"},{"$i":"accessibility-radiomenuitem","$v":"zë menuje"},{"$i":"accessibility-textcontainer","$v":"përmbajtës teksti"},{"$i":"accessibility-togglebutton","$v":"buton këmbimesh"},{"$i":"accessibility-treetable","$v":"tabelë me degëzime"},{"$i":"accessibility-header","$v":"krye"},{"$i":"accessibility-footer","$v":"fund"},{"$i":"accessibility-paragraph","$v":"paragraf"},{"$i":"accessibility-entry","$v":"zë"},{"$i":"accessibility-caption","$v":"diçiturë"},{"$i":"accessibility-heading","$v":"titulli"},{"$i":"accessibility-section","$v":"seksion"},{"$i":"accessibility-form","$v":"formular"},{"$i":"accessibility-comboboxlist","$v":"listë me përzgjedhje"},{"$i":"accessibility-comboboxoption","$v":"mundësi kutie përzgjedhjeje"},{"$i":"accessibility-imagemap","$v":"hartë figure"},{"$i":"accessibility-listboxoption","$v":"mundësi"},{"$i":"accessibility-listbox","$v":"kuti liste"},{"$i":"accessibility-flatequation","$v":"ekuacion"},{"$i":"accessibility-gridcell","$v":"kutizë rrjete"},{"$i":"accessibility-note","$v":"shënim"},{"$i":"accessibility-figure","$v":"figurë"},{"$i":"accessibility-definitionlist","$v":"listë përkufizimesh"},{"$i":"accessibility-term","$v":"term"},{"$i":"accessibility-definition","$v":"përkufizim"},{"$i":"accessibility-textarea","$v":"zonë teksti"},{"$i":"accessibility-textInputType_date","$v":"datë"},{"$i":"accessibility-textInputType_email","$v":"e-mail"},{"$i":"accessibility-textInputType_search","$v":"kërkim"},{"$i":"accessibility-textInputType_tel","$v":"telefon"},{"$i":"accessibility-textInputType_url","$v":"URL"},{"$i":"accessibility-headingLevel","$v":["shkallë kryeradhe ",{"t":"idOrVar","v":"0"}]},{"$i":"accessibility-listStart","$v":"Elementi i parë"},{"$i":"accessibility-listEnd","$v":"Elementi i fundit"},{"$i":"accessibility-listItemsCount","$v":{"zero":[{"t":"idOrVar","v":"count"}," elementë"],"one":[{"t":"idOrVar","v":"count"}," element"],"two":[{"t":"idOrVar","v":"count"}," elementë"],"few":[{"t":"idOrVar","v":"count"}," elementë"],"many":[{"t":"idOrVar","v":"count"}," elementë"],"other":[{"t":"idOrVar","v":"count"}," elementë"]},"$x":[{"t":"idOrVar","v":"plural"},"count"]},{"$i":"accessibility-objItemOfN","$v":[{"t":"idOrVar","v":"0"}," nga ",{"t":"idOrVar","v":"1"}," gjithsej"]},{"$i":"accessibility-banner","$v":"banner"},{"$i":"accessibility-complementary","$v":"plotësuese"},{"$i":"accessibility-contentinfo","$v":"të dhëna lënde"},{"$i":"accessibility-main","$v":"kryesore"},{"$i":"accessibility-navigation","$v":"lëvizje"},{"$i":"accessibility-search","$v":"kërkim"},{"$i":"accessibility-tblColumnInfo","$v":{"zero":["with ",{"t":"idOrVar","v":"count"}," shtylla"],"one":["with ",{"t":"idOrVar","v":"count"}," shtyllë"],"two":["with ",{"t":"idOrVar","v":"count"}," shtylla"],"few":["with ",{"t":"idOrVar","v":"count"}," shtylla"],"many":["with ",{"t":"idOrVar","v":"count"}," shtylla"],"other":["with ",{"t":"idOrVar","v":"count"}," shtylla"]},"$x":[{"t":"idOrVar","v":"plural"},"count"]},{"$i":"accessibility-tblRowInfo","$v":{"zero":["and ",{"t":"idOrVar","v":"count"}," rreshta"],"one":["and ",{"t":"idOrVar","v":"count"}," rresht"],"two":["and ",{"t":"idOrVar","v":"count"}," rreshta"],"few":["and ",{"t":"idOrVar","v":"count"}," rreshta"],"many":["and ",{"t":"idOrVar","v":"count"}," rreshta"],"other":["and ",{"t":"idOrVar","v":"count"}," rreshta"]},"$x":[{"t":"idOrVar","v":"plural"},"count"]},{"$i":"accessibility-columnInfo","$v":["Shtylla ",{"t":"idOrVar","v":"0"}]},{"$i":"accessibility-rowInfo","$v":["Rreshti ",{"t":"idOrVar","v":"0"}]},{"$i":"accessibility-spansColumns","$v":{"zero":["spans ",{"t":"idOrVar","v":"0"}," shtylla"],"one":["spans ",{"t":"idOrVar","v":"0"}," shtyllë"],"two":["spans ",{"t":"idOrVar","v":"0"}," shtylla"],"few":["spans ",{"t":"idOrVar","v":"0"}," shtylla"],"many":["spans ",{"t":"idOrVar","v":"0"}," shtylla"],"other":["spans ",{"t":"idOrVar","v":"0"}," shtylla"]},"$x":[{"t":"idOrVar","v":"plural"},"0"]},{"$i":"accessibility-spansRows","$v":{"zero":["spans ",{"t":"idOrVar","v":"0"}," rreshta"],"one":["spans ",{"t":"idOrVar","v":"0"}," rresht"],"two":["spans ",{"t":"idOrVar","v":"0"}," rreshta"],"few":["spans ",{"t":"idOrVar","v":"0"}," rreshta"],"many":["spans ",{"t":"idOrVar","v":"0"}," rreshta"],"other":["spans ",{"t":"idOrVar","v":"0"}," rreshta"]},"$x":[{"t":"idOrVar","v":"plural"},"0"]},{"$i":"accessibility-jumpAction","$v":"u kapërcye"},{"$i":"accessibility-pressAction","$v":"u shtyp"},{"$i":"accessibility-checkAction","$v":"iu vu shenjë"},{"$i":"accessibility-uncheckAction","$v":"iu hoq shenja"},{"$i":"accessibility-selectAction","$v":"u përzgjodh"},{"$i":"accessibility-unselectAction","$v":"u shpërzgjodh"},{"$i":"accessibility-openAction","$v":"u hap"},{"$i":"accessibility-closeAction","$v":"u mbyll"},{"$i":"accessibility-switchAction","$v":"u këmbye"},{"$i":"accessibility-clickAction","$v":"u klikua"},{"$i":"accessibility-collapseAction","$v":"u tkurr"},{"$i":"accessibility-expandAction","$v":"u zgjerua"},{"$i":"accessibility-activateAction","$v":"u aktivizua"},{"$i":"accessibility-cycleAction","$v":"u ciklua"},{"$i":"accessibility-hidden","$v":"e fshehur"},{"$i":"accessibility-tabLoading","$v":"po ngarkohet"},{"$i":"accessibility-tabLoaded","$v":"u ngarkua"},{"$i":"accessibility-tabNew","$v":"skedë e re"},{"$i":"accessibility-tabLoadStopped","$v":"ngarkimi u ndal"},{"$i":"accessibility-tabReload","$v":"po ringarkohet"},{"$i":"accessibility-stateChecked","$v":"me shenjë"},{"$i":"accessibility-stateNotChecked","$v":"pa shenjë"},{"$i":"accessibility-statePressed","$v":"i shtypur"},{"$i":"accessibility-stateExpanded","$v":"e zgjeruar"},{"$i":"accessibility-stateCollapsed","$v":"e tkurrur"},{"$i":"accessibility-stateUnavailable","$v":"jo gati"},{"$i":"accessibility-stateRequired","$v":"e domosdoshme"},{"$i":"accessibility-stateTraversed","$v":"e vizituar"},{"$i":"accessibility-stateHasPopup","$v":"ka flluskë"},{"$i":"accessibility-stateSelected","$v":"e përzgjedhur"},{"$i":"accessibility-editingMode","$v":"për përpunim"},{"$i":"accessibility-navigationMode","$v":"për lëvizje"},{"$i":"accessibility-quicknav_Simple","$v":"Parazgjedhje"},{"$i":"accessibility-quicknav_Anchor","$v":"Spiranca"},{"$i":"accessibility-quicknav_Button","$v":"Butona"},{"$i":"accessibility-quicknav_Combobox","$v":"Kuti përzgjedhjesh"},{"$i":"accessibility-quicknav_Landmark","$v":"Piketa"},{"$i":"accessibility-quicknav_Entry","$v":"Zëra"},{"$i":"accessibility-quicknav_FormElement","$v":"Elementë formulari"},{"$i":"accessibility-quicknav_Graphic","$v":"Figura"},{"$i":"accessibility-quicknav_Heading","$v":"Krye"},{"$i":"accessibility-quicknav_ListItem","$v":"Elemente liste"},{"$i":"accessibility-quicknav_Link","$v":"Lidhje"},{"$i":"accessibility-quicknav_List","$v":"Lista"},{"$i":"accessibility-quicknav_PageTab","$v":"Skeda faqeje"},{"$i":"accessibility-quicknav_RadioButton","$v":"Butona rrethorë"},{"$i":"accessibility-quicknav_Separator","$v":"Ndarës"},{"$i":"accessibility-quicknav_Table","$v":"Tabela"},{"$i":"accessibility-quicknav_Checkbox","$v":"Kuti shenje"},{"$i":"accessibility-menubarAbbr","$v":"shtyllë menuje"},{"$i":"accessibility-scrollbarAbbr","$v":"shtyllë rrëshqitjeje"},{"$i":"accessibility-gripAbbr","$v":"dorezë"},{"$i":"accessibility-alertAbbr","$v":"sinjalizim"},{"$i":"accessibility-menupopupAbbr","$v":"flluskë menuje"},{"$i":"accessibility-documentAbbr","$v":"dokument"},{"$i":"accessibility-paneAbbr","$v":"kuadrat"},{"$i":"accessibility-dialogAbbr","$v":"dialog"},{"$i":"accessibility-separatorAbbr","$v":"ndarës"},{"$i":"accessibility-toolbarAbbr","$v":"panel"},{"$i":"accessibility-statusbarAbbr","$v":"shtyllë gjendjesh"},{"$i":"accessibility-tableAbbr","$v":"tbl"},{"$i":"accessibility-columnheaderAbbr","$v":"krye shtyllë"},{"$i":"accessibility-rowheaderAbbr","$v":"krye rreshti"},{"$i":"accessibility-columnAbbr","$v":"shtyllë"},{"$i":"accessibility-rowAbbr","$v":"rresht"},{"$i":"accessibility-cellAbbr","$v":"kuti"},{"$i":"accessibility-linkAbbr","$v":"ldh"},{"$i":"accessibility-listAbbr","$v":"listë"},{"$i":"accessibility-listitemAbbr","$v":"element liste"},{"$i":"accessibility-outlineAbbr","$v":"plan"},{"$i":"accessibility-outlineitemAbbr","$v":"element plani"},{"$i":"accessibility-pagetabAbbr","$v":"skedë"},{"$i":"accessibility-propertypageAbbr","$v":"faqe vetije"},{"$i":"accessibility-graphicAbbr","$v":"grafikë"},{"$i":"accessibility-pushbuttonAbbr","$v":"btn"},{"$i":"accessibility-checkbuttonAbbr","$v":"buton shenjë"},{"$i":"accessibility-radiobuttonAbbr","$v":"buton rrethor"},{"$i":"accessibility-comboboxAbbr","$v":"kuti përzgjedhjesh"},{"$i":"accessibility-progressbarAbbr","$v":"shtyllë ecurie"},{"$i":"accessibility-sliderAbbr","$v":"rrëshqitës"},{"$i":"accessibility-spinbuttonAbbr","$v":"buton përzgjedhjesh"},{"$i":"accessibility-diagramAbbr","$v":"diagramë"},{"$i":"accessibility-animationAbbr","$v":"animacion"},{"$i":"accessibility-equationAbbr","$v":"ekuacion"},{"$i":"accessibility-buttonmenuAbbr","$v":"menu butoni"},{"$i":"accessibility-whitespaceAbbr","$v":"hapësirë"},{"$i":"accessibility-pagetablistAbbr","$v":"listë skedash"},{"$i":"accessibility-canvasAbbr","$v":"kanavacë"},{"$i":"accessibility-checkmenuitemAbbr","$v":"element menuje me shenjë"},{"$i":"accessibility-labelAbbr","$v":"etiketë"},{"$i":"accessibility-passwordtextAbbr","$v":"tkstfjlkl"},{"$i":"accessibility-radiomenuitemAbbr","$v":"zë menuje"},{"$i":"accessibility-textcontainerAbbr","$v":"përmbajtës teksti"},{"$i":"accessibility-togglebuttonAbbr","$v":"buton këmbimesh"},{"$i":"accessibility-treetableAbbr","$v":"tabelë me degëzime"},{"$i":"accessibility-headerAbbr","$v":"krye"},{"$i":"accessibility-footerAbbr","$v":"fund"},{"$i":"accessibility-paragraphAbbr","$v":"paragraf"},{"$i":"accessibility-entryAbbr","$v":"zë"},{"$i":"accessibility-captionAbbr","$v":"diçiturë"},{"$i":"accessibility-headingAbbr","$v":"titull"},{"$i":"accessibility-sectionAbbr","$v":"seksion"},{"$i":"accessibility-formAbbr","$v":"formular"},{"$i":"accessibility-comboboxlistAbbr","$v":"listë me përzgjedhje"},{"$i":"accessibility-comboboxoptionAbbr","$v":"mundësi kutie përzgjedhjeje"},{"$i":"accessibility-imagemapAbbr","$v":"hrtfig"},{"$i":"accessibility-listboxoptionAbbr","$v":"mundësi"},{"$i":"accessibility-listboxAbbr","$v":"kuti liste"},{"$i":"accessibility-flatequationAbbr","$v":"ekuacion"},{"$i":"accessibility-gridcellAbbr","$v":"kutizë rrjete"},{"$i":"accessibility-noteAbbr","$v":"shënim"},{"$i":"accessibility-figureAbbr","$v":"fig"},{"$i":"accessibility-definitionlistAbbr","$v":"listë përkufizimesh"},{"$i":"accessibility-termAbbr","$v":"term"},{"$i":"accessibility-definitionAbbr","$v":"përkufizim"},{"$i":"accessibility-textareaAbbr","$v":"zntksti"},{"$i":"accessibility-tblColumnInfoAbbr","$v":{"one":[{"t":"idOrVar","v":"count"},"c"],"two":[{"t":"idOrVar","v":"count"},"c"],"few":[{"t":"idOrVar","v":"count"},"c"],"many":[{"t":"idOrVar","v":"count"},"c"],"other":[{"t":"idOrVar","v":"count"},"c"]},"$x":[{"t":"idOrVar","v":"plural"},"count"]},{"$i":"accessibility-tblRowInfoAbbr","$v":{"one":[{"t":"idOrVar","v":"count"},"r"],"two":[{"t":"idOrVar","v":"count"},"r"],"few":[{"t":"idOrVar","v":"count"},"r"],"many":[{"t":"idOrVar","v":"count"},"r"],"other":[{"t":"idOrVar","v":"count"},"r"]},"$x":[{"t":"idOrVar","v":"plural"},"count"]},{"$i":"accessibility-cellInfoAbbr","$v":["c",{"t":"idOrVar","v":"0"},"r",{"t":"idOrVar","v":"1"}]},{"$i":"accessibility-stateCheckedAbbr","$v":"(x)"},{"$i":"accessibility-stateUncheckedAbbr","$v":"( )"},{"$i":"accessibility-statePressedAbbr","$v":"(x)"},{"$i":"accessibility-stateUnpressedAbbr","$v":"( )"},{"$i":"accessibility-pushbutton-hint","$v":"Double tap to activate"},{"$i":"accessibility-checkbutton-hint","$v":"Double tap to activate"},{"$i":"accessibility-combobox-hint","$v":"Double tap to activate"},{"$i":"accessibility-key-hint","$v":"Prese and hold to activate"},{"$i":"accessibility-link-hint","$v":"Double tap to activate"},{"$i":"accessibility-menuitem-hint","$v":"Double tap to activate"},{"$i":"accessibility-option-hint","$v":"Double tap to activate"},{"$i":"accessibility-radiobutton-hint","$v":"Double tap to activate"},{"$i":"accessibility-slider-hint","$v":"Swipe up to increase or down to decrease"},{"$i":"accessibility-spinbutton-hint","$v":"Swipe up to increase or down to decrease"},{"$i":"accessibility-pagetab-hint","$v":"Double tap to activate"},{"$i":"accessibility-entry-hint","$v":"Double tap to activate"},{"$i":"accessibility-outlineitem-hint","$v":"Double tap to activate"},{"$i":"weekday-0-long","$v":"E diel"},{"$i":"weekday-1-long","$v":"E hënë"},{"$i":"weekday-2-long","$v":"E martë"},{"$i":"weekday-3-long","$v":"E mërkurë"},{"$i":"weekday-4-long","$v":"E enjte"},{"$i":"weekday-5-long","$v":"E premte"},{"$i":"weekday-6-long","$v":"E shtunë"},{"$i":"weekday-0-short","$v":"Die"},{"$i":"weekday-1-short","$v":"Hën"},{"$i":"weekday-2-short","$v":"Mar"},{"$i":"weekday-3-short","$v":"Mër"},{"$i":"weekday-4-short","$v":"Enj"},{"$i":"weekday-5-short","$v":"Pre"},{"$i":"weekday-6-short","$v":"Sht"},{"$i":"month-0-long","$v":"Janar"},{"$i":"month-1-long","$v":"Shkurt"},{"$i":"month-2-long","$v":"Mars"},{"$i":"month-3-long","$v":"Prill"},{"$i":"month-4-long","$v":"Maj"},{"$i":"month-5-long","$v":"Qershor"},{"$i":"month-6-long","$v":"Korrik"},{"$i":"month-7-long","$v":"Gusht"},{"$i":"month-8-long","$v":"Shtator"},{"$i":"month-9-long","$v":"Tetor"},{"$i":"month-10-long","$v":"Nëntor"},{"$i":"month-11-long","$v":"Dhjetor"},{"$i":"month-0-genitive","$v":"të Janarit"},{"$i":"month-1-genitive","$v":"të Shkurtit"},{"$i":"month-2-genitive","$v":"të Marsit"},{"$i":"month-3-genitive","$v":"të Prillit"},{"$i":"month-4-genitive","$v":"të Majit"},{"$i":"month-5-genitive","$v":"të Qershorit"},{"$i":"month-6-genitive","$v":"të Korrikut"},{"$i":"month-7-genitive","$v":"të Gushtit"},{"$i":"month-8-genitive","$v":"të Shtatorit"},{"$i":"month-9-genitive","$v":"të Tetorit"},{"$i":"month-10-genitive","$v":"të Nëntorit"},{"$i":"month-11-genitive","$v":"të Dhjetorit"},{"$i":"month-0-short","$v":"Jan"},{"$i":"month-1-short","$v":"Shk"},{"$i":"month-2-short","$v":"Mar"},{"$i":"month-3-short","$v":"Pri"},{"$i":"month-4-short","$v":"Maj"},{"$i":"month-5-short","$v":"Qer"},{"$i":"month-6-short","$v":"Kor"},{"$i":"month-7-short","$v":"Gus"},{"$i":"month-8-short","$v":"Sht"},{"$i":"month-9-short","$v":"Tet"},{"$i":"month-10-short","$v":"Nën"},{"$i":"month-11-short","$v":"Dhj"},{"$i":"minutes-ago-long","$v":{"zero":"mu tani","one":"një minutë më parë","two":[{"t":"idOrVar","v":"value"}," minuta më parë"],"few":[{"t":"idOrVar","v":"value"}," minuta më parë"],"many":[{"t":"idOrVar","v":"value"}," minuta më parë"],"other":[{"t":"idOrVar","v":"value"}," minuta më parë"]},"$x":[{"t":"idOrVar","v":"plural"},"value"]},{"$i":"hours-ago-long","$v":{"zero":"mu tani","one":"një orë më parë","two":[{"t":"idOrVar","v":"value"}," orë më parë"],"few":[{"t":"idOrVar","v":"value"}," orë më parë"],"many":[{"t":"idOrVar","v":"value"}," orë më parë"],"other":[{"t":"idOrVar","v":"value"}," orë më parë"]},"$x":[{"t":"idOrVar","v":"plural"},"value"]},{"$i":"days-ago-long","$v":{"zero":"sot","one":"dje","two":[{"t":"idOrVar","v":"value"}," ditë më parë"],"few":[{"t":"idOrVar","v":"value"}," ditë më parë"],"many":[{"t":"idOrVar","v":"value"}," ditë më parë"],"other":[{"t":"idOrVar","v":"value"}," ditë më parë"]},"$x":[{"t":"idOrVar","v":"plural"},"value"]},{"$i":"weeks-ago-long","$v":{"zero":"këtë javë","one":"javën e kaluar","two":[{"t":"idOrVar","v":"value"}," javë më parë"],"few":[{"t":"idOrVar","v":"value"}," javë më parë"],"many":[{"t":"idOrVar","v":"value"}," javë më parë"],"other":[{"t":"idOrVar","v":"value"}," javë më parë"]},"$x":[{"t":"idOrVar","v":"plural"},"value"]},{"$i":"months-ago-long","$v":{"zero":"këtë muaj","one":"muajin e kaluar","two":[{"t":"idOrVar","v":"value"}," muaj më parë"],"few":[{"t":"idOrVar","v":"value"}," muaj më parë"],"many":[{"t":"idOrVar","v":"value"}," muaj më parë"],"other":[{"t":"idOrVar","v":"value"}," muaj më parë"]},"$x":[{"t":"idOrVar","v":"plural"},"value"]},{"$i":"years-ago-long","$v":{"zero":"këtë vit","one":"vitin e kaluar","two":[{"t":"idOrVar","v":"value"}," vite më parë"],"few":[{"t":"idOrVar","v":"value"}," vite më parë"],"many":[{"t":"idOrVar","v":"value"}," vite më parë"],"other":[{"t":"idOrVar","v":"value"}," vite më parë"]},"$x":[{"t":"idOrVar","v":"plural"},"value"]},{"$i":"minutes-until-long","$v":{"zero":"tani","one":"për një minutë","two":["për ",{"t":"idOrVar","v":"value"}," minuta"],"few":["për ",{"t":"idOrVar","v":"value"}," minuta"],"many":["për ",{"t":"idOrVar","v":"value"}," minuta"],"other":["për ",{"t":"idOrVar","v":"value"}," minuta"]},"$x":[{"t":"idOrVar","v":"plural"},"value"]},{"$i":"hours-until-long","$v":{"zero":"tani","one":"për një orë","two":["për ",{"t":"idOrVar","v":"value"}," orë"],"few":["për ",{"t":"idOrVar","v":"value"}," orë"],"many":["për ",{"t":"idOrVar","v":"value"}," orë"],"other":["për ",{"t":"idOrVar","v":"value"}," orë"]},"$x":[{"t":"idOrVar","v":"plural"},"value"]},{"$i":"days-until-long","$v":{"zero":"sot","one":"nesër","two":["për ",{"t":"idOrVar","v":"value"}," ditë"],"few":["për ",{"t":"idOrVar","v":"value"}," ditë"],"many":["për ",{"t":"idOrVar","v":"value"}," ditë"],"other":["për ",{"t":"idOrVar","v":"value"}," ditë"]},"$x":[{"t":"idOrVar","v":"plural"},"value"]},{"$i":"weeks-until-long","$v":{"zero":"këtë javë","one":"javën pasuese","two":["për ",{"t":"idOrVar","v":"value"}," javë"],"few":["për ",{"t":"idOrVar","v":"value"}," javë"],"many":["për ",{"t":"idOrVar","v":"value"}," javë"],"other":["për ",{"t":"idOrVar","v":"value"}," javë"]},"$x":[{"t":"idOrVar","v":"plural"},"value"]},{"$i":"months-until-long","$v":{"zero":"këtë muaj","one":"muajin pasues","two":["për ",{"t":"idOrVar","v":"value"}," muaj"],"few":["për ",{"t":"idOrVar","v":"value"}," muaj"],"many":["për ",{"t":"idOrVar","v":"value"}," muaj"],"other":["për ",{"t":"idOrVar","v":"value"}," muaj"]},"$x":[{"t":"idOrVar","v":"plural"},"value"]},{"$i":"years-until-long","$v":{"zero":"këtë vit","one":"vitin pasues","two":["për ",{"t":"idOrVar","v":"value"}," vjet"],"few":["për ",{"t":"idOrVar","v":"value"}," vjet"],"many":["për ",{"t":"idOrVar","v":"value"}," vjet"],"other":["për ",{"t":"idOrVar","v":"value"}," vjet"]},"$x":[{"t":"idOrVar","v":"plural"},"value"]},{"$i":"minutes-ago-short","$v":{"zero":"mu tani","other":[{"t":"idOrVar","v":"value"},"m më parë"]},"$x":[{"t":"idOrVar","v":"plural"},"value"]},{"$i":"hours-ago-short","$v":{"zero":"mu tani","other":[{"t":"idOrVar","v":"value"},"h më parë"]},"$x":[{"t":"idOrVar","v":"plural"},"value"]},{"$i":"days-ago-short","$v":{"zero":"sot","other":[{"t":"idOrVar","v":"value"},"d më parë"]},"$x":[{"t":"idOrVar","v":"plural"},"value"]},{"$i":"minutes-until-short","$v":{"zero":"tani","other":["për ",{"t":"idOrVar","v":"value"},"m"]},"$x":[{"t":"idOrVar","v":"plural"},"value"]},{"$i":"hours-until-short","$v":{"zero":"tani","other":["për ",{"t":"idOrVar","v":"value"},"h"]},"$x":[{"t":"idOrVar","v":"plural"},"value"]},{"$i":"days-until-short","$v":{"zero":"sot","other":["për ",{"t":"idOrVar","v":"value"},"d"]},"$x":[{"t":"idOrVar","v":"plural"},"value"]},{"$i":"incorrectDate","$v":"(datë e pasaktë)"},{"$i":"dateTimeFormat_%c","$v":"%a %e %b %Y %I:%M:%S %p"},{"$i":"dateTimeFormat_%x","$v":"%m/%d/%Y"},{"$i":"dateTimeFormat_%X","$v":"%I:%M:%S %p"},{"$i":"shortTimeFormat","$v":"%I:%M %p"},{"$i":"shortTimeFormat12","$v":"%I:%M %p"},{"$i":"shortTimeFormat24","$v":"%H:%M"},{"$i":"shortDateTimeFormat","$v":"%x %I:%M %p"},{"$i":"weekStartsOnMonday","$v":"0"},{"$i":"firstDayOfTheWeek","$v":"0"},{"$i":"time_am","$v":"AM"},{"$i":"time_pm","$v":"PM"},{"$i":"title-app","$v":"Lejim Aplikacioni"},{"$i":"title-web","$v":"Lejim Sajti Web"},{"$i":"title-cam","$v":"Përzgjidhni Kamerë"},{"$i":"perm-alarms","$v":"Planifikoni Alarme"},{"$i":"perm-audio-capture","$v":"Mikrofon"},{"$i":"perm-audio-capture-appRequest","$v":["Do të donit ta ndanit mikrofonin tuaj me ",{"t":"idOrVar","v":"app"},"?"]},{"$i":"perm-audio-capture-webRequest","$v":["Do të donit ta ndanit mikrofonin tuaj me ",{"t":"idOrVar","v":"site"},"?"]},{"$i":"perm-audio-channel-content","$v":"Luani Tinguj"},{"$i":"perm-audio-channel-notification","$v":"Luani Tinguj Njoftimesh"},{"$i":"perm-audio-channel-ringer","$v":"Luani Tinguj Zilesh"},{"$i":"perm-background-sensors","$v":"Përdorni të Dhëna Ndjesori"},{"$i":"perm-bluetooth","$v":"Bluetooth"},{"$i":"perm-browser","$v":"Mbikëqyrni Faqe Web"},{"$i":"perm-camera","$v":"Kamera"},{"$i":"perm-camera-selector-appRequest","$v":["Përzgjidhni një kamerë për ",{"t":"idOrVar","v":"app"},"."]},{"$i":"perm-camera-selector-webRequest","$v":["Përzgjidhni një kamerë për ",{"t":"idOrVar","v":"site"},"."]},{"$i":"perm-cellbroadcast","$v":"Transmetime Celulare"},{"$i":"perm-contacts","$v":"Kontakte"},{"$i":"perm-contacts-appRequest","$v":[{"t":"idOrVar","v":"app"}," dëshiron të përdorë listën e kontakteve tuaja."]},{"$i":"perm-contacts-webRequest","$v":[{"t":"idOrVar","v":"site"}," dëshiron të përdorë listën e kontakteve tuaja."]},{"$i":"perm-desktop-notification","$v":"Njoftime"},{"$i":"perm-desktop-notification-appRequest","$v":[{"t":"idOrVar","v":"app"}," dëshiron të shfaqë njoftime."]},{"$i":"perm-desktop-notification-webRequest","$v":[{"t":"idOrVar","v":"site"}," dëshiron të shfaqë njoftime."]},{"$i":"perm-device-storage-apps","$v":"Depozitim Aplikacionesh"},{"$i":"perm-device-storage-music","$v":"Depozitim Muzike"},{"$i":"perm-device-storage-music-appRequest","$v":[{"t":"idOrVar","v":"app"}," dëshiron të përdorë muzikë nga e juaja."]},{"$i":"perm-device-storage-music-webRequest","$v":[{"t":"idOrVar","v":"site"}," dëshiron të përdorë muzikë nga e juaja."]},{"$i":"perm-device-storage-pictures","$v":"Depozitim Figurash"},{"$i":"perm-device-storage-pictures-appRequest","$v":[{"t":"idOrVar","v":"app"}," dëshiron të përdorë figura nga të tuajat."]},{"$i":"perm-device-storage-pictures-webRequest","$v":[{"t":"idOrVar","v":"site"}," dëshiron të përdorë figura nga të tuajat."]},{"$i":"perm-device-storage-sdcard","$v":"Depozitim Në Kartë Kujtese"},{"$i":"perm-device-storage-sdcard-appRequest","$v":[{"t":"idOrVar","v":"app"}," dëshiron të përdorë kartën tuaj të kujtesës."]},{"$i":"perm-device-storage-sdcard-webRequest","$v":[{"t":"idOrVar","v":"site"}," dëshiron të përdorë kartën tuaj të kujtesës."]},{"$i":"perm-device-storage-videos","$v":"Depozitim Videosh"},{"$i":"perm-device-storage-videos-appRequest","$v":[{"t":"idOrVar","v":"app"}," dëshiron të përdorë video nga të tuajat."]},{"$i":"perm-device-storage-videos-webRequest","$v":[{"t":"idOrVar","v":"site"}," dëshiron të përdorë video nga të tuajat."]},{"$i":"perm-embed-apps","$v":"Trupëzim Aplikacionesh"},{"$i":"perm-fmradio","$v":"Radio FM"},{"$i":"perm-fmradio-appRequest","$v":[{"t":"idOrVar","v":"app"}," dëshiron të përdorë Radion FM."]},{"$i":"perm-fmradio-webRequest","$v":[{"t":"idOrVar","v":"site"}," dëshiron të përdorë Radion FM."]},{"$i":"perm-geolocation","$v":"Gjeovendëzim"},{"$i":"perm-geolocation-appRequest","$v":[{"t":"idOrVar","v":"app"}," dëshiron të dijë vendndodhjen tuaj."]},{"$i":"perm-geolocation-more-info","$v":["Në ndihmë të përcaktimit përafërsisht të vendndodhjes suaj, ",{"t":"idOrVar","v":"brandShortName"},"-i përdor të dhëna të tilla si GPS, Wi-Fi, dhe rrjete celularësh pranë jush. Të dhënat dërgohen te Mozilla dhe të tjerë mundësues shërbimesh dhe do të përdoren si pjesë e të dhënave për përmirësimin e këtyre bazave të të dhënave.  Të dhënat mund të depozitohen në pajisjen tuaj dhe grumbullimi i të dhënave mund të ngjasë edhe kur nuk ka aplikacione në punë e sipër."]},{"$i":"perm-geolocation-webRequest","$v":[{"t":"idOrVar","v":"site"}," dëshiron të dijë vendndodhjen tuaj."]},{"$i":"perm-idle","$v":"Shihni Gjendje Plogështie"},{"$i":"perm-indexedDB-chrome-settings","$v":"IndexedDB e Privilegjuar"},{"$i":"perm-indexedDB-unlimited","$v":"Depozitim i Pakufizuar Për IndexedDB"},{"$i":"perm-input-manage","$v":"Administroni Tastiera"},{"$i":"perm-input","$v":"Sillu si Tastierë"},{"$i":"perm-media-capture","$v":"Kamerë dhe Mikrofon"},{"$i":"perm-media-capture-appRequest","$v":["Do të donit ta ndanit kamerën dhe mikrofonin tuaj me ",{"t":"idOrVar","v":"app"},"?"]},{"$i":"perm-media-capture-webRequest","$v":["Do të donit ta ndanit kamerën dhe mikrofonin tuaj me ",{"t":"idOrVar","v":"site"},"?"]},{"$i":"perm-mobileconnection","$v":"Lidhje Celulare"},{"$i":"perm-mobileid","$v":"Identitet Celulari"},{"$i":"perm-network-events","$v":"Aktivitete Rrjeti"},{"$i":"perm-open-remote-window","$v":"Nisni një Aplikacion"},{"$i":"perm-permissions","$v":"Ndryshoni Leje Aplikacionesh"},{"$i":"perm-power","$v":"Rregullime Energjie"},{"$i":"perm-settings","$v":"Ndryshoni Rregullime"},{"$i":"perm-systemXHR","$v":"Kërkesa Cross-Origin"},{"$i":"perm-telephony","$v":"Telefoni"},{"$i":"perm-video-capture","$v":"Kamerë"},{"$i":"perm-video-capture-appRequest","$v":["Do të donit ta ndanit kamerën tuaj me ",{"t":"idOrVar","v":"app"},"?"]},{"$i":"perm-video-capture-webRequest","$v":["Do të donit ta ndanit kamerën tuaj me ",{"t":"idOrVar","v":"site"},"?"]},{"$i":"perm-voicemail","$v":"Control Voicemail"},{"$i":"perm-webapps-manage","$v":"Instaloni Aplikacione Web"},{"$i":"perm-wifi-manage","$v":"Administroni Wi-Fi-n"},{"$i":"perm-attention","$v":"Hapni Flluska Përmbledhjesh"},{"$i":"perm-audio-channel-alarm","$v":"Luani Tinguj Alarmesh"},{"$i":"perm-audio-channel-normal","$v":"Luani Tinguj"},{"$i":"perm-audio-channel-publicnotification","$v":"Luani tinguj njoftimesh publike"},{"$i":"perm-audio-channel-telephony","$v":"Luani Tinguj të Bashkëbiseduesit"},{"$i":"perm-backgroundservice","$v":"Sillu si Shërbim Në Sfond"},{"$i":"perm-device-storage-crashes","$v":"Depozitim të Dhënash Vithisjesh"},{"$i":"perm-downloads","$v":"Hyni te Shkarkimet"},{"$i":"perm-embed-widgets","$v":"Trupëzoni Widget-e"},{"$i":"perm-feature-detection","$v":"Zbulim Veçorish"},{"$i":"perm-firefox-accounts","$v":"Llogari Firefox"},{"$i":"perm-mobilenetwork","$v":"Rrjet Celular"},{"$i":"perm-moz-attention","$v":"Hapni Flluska Përmbledhjesh (moz)"},{"$i":"perm-moz-audio-channel-ringer","$v":"Luani Tinguj Zilesh (moz)"},{"$i":"perm-moz-audio-channel-telephony","$v":"Luani Tinguj Telefonie (moz)"},{"$i":"perm-moz-firefox-accounts","$v":"Llogari Firefox (moz)"},{"$i":"perm-networkstats-manage","$v":"Kontrolloni Statistika Përdorimi"},{"$i":"perm-nfc","$v":"NFC"},{"$i":"perm-nfc-hci-events","$v":"Akte NFC HCI"},{"$i":"perm-nfc-manager","$v":"Administroni NFC-në"},{"$i":"perm-phonenumberservice","$v":"Shërbim Numrash Telefoni"},{"$i":"perm-push","$v":"API Push"},{"$i":"perm-resourcestats-manage","$v":"Statistika Burimesh"},{"$i":"perm-sms","$v":"Dërgoni dhe Lexoni SMS"},{"$i":"perm-speaker-control","$v":"Kontrollo Volumin"},{"$i":"perm-storage","$v":"Hyni Në Depozitim"},{"$i":"perm-tcp-socket","$v":"Socket-e TCP"},{"$i":"perm-test-permission","$v":"Provojeni Lejen"},{"$i":"perm-time","$v":"Rregulloni Datën dhe Kohën"},{"$i":"perm-udp-socket","$v":"Socket-e UDP"},{"$i":"perm-wappush","$v":"WAP Push"},{"$i":"stopped_download_title","$v":"Shkarkimi u ndal"},{"$i":"stopped_download_message","$v":"Shkarkimi u ndal. Të provohet të shkarkohet sërish?"},{"$i":"stopped_download_left_button","$v":"Anuloje"},{"$i":"stopped_download_right_button","$v":"Riprovo"},{"$i":"failed_download_title","$v":"Shkarkimi dështoi"},{"$i":"failed_download_message","$v":["Shkarkimi i ",{"t":"idOrVar","v":"name"}," dështoi. Të provohet të shkarkohet sërish?"]},{"$i":"failed_download_left_button","$v":"Anuloje"},{"$i":"failed_download_right_button","$v":"Riprovo"},{"$i":"stop_download_title","$v":"Ndalni shkarkimin"},{"$i":"stop_download_message","$v":"Jeni i sigurt se doni të ndalet shkarkimi?"},{"$i":"stop_download_left_button","$v":"Po"},{"$i":"stop_download_right_button","$v":"Jo"},{"$i":"delete_download_title","$v":"Fshijeni"},{"$i":"delete_download_message","$v":["Të fshihet ",{"t":"idOrVar","v":"name"},"?"]},{"$i":"delete_download_left_button","$v":"Anuloje"},{"$i":"delete_download_right_button","$v":"Fshije"},{"$i":"delete_all_download_title","$v":"Fshini"},{"$i":"delete_all_download_left_button","$v":"Anuloje"},{"$i":"delete_all_download_right_button","$v":"Fshije"},{"$i":"delete_all_download_message","$v":{"zero":"Të fshihen 0 kartela?","one":"Të fshihet një kartelë?","two":["Të fshihen ",{"t":"idOrVar","v":"number"}," kartela?"],"few":["Të fshihen ",{"t":"idOrVar","v":"number"}," kartela?"],"many":["Të fshihen ",{"t":"idOrVar","v":"number"}," kartela?"],"other":["Të fshihen ",{"t":"idOrVar","v":"number"}," kartela?"]},"$x":[{"t":"idOrVar","v":"plural"},"number"]},{"$i":"unsupported_file_type_download_title","$v":"Nuk arrin ta hapë"},{"$i":"unsupported_file_type_download_message","$v":["Nuk ka aplikacion që mund të hapë ",{"t":"idOrVar","v":"name"},". Doni ta ruani kartelën apo të fshihet?"]},{"$i":"unsupported_file_type_download_left_button","$v":"Mbaje Kartelën"},{"$i":"unsupported_file_type_download_right_button","$v":"Fshije"},{"$i":"file_not_found_download_title","$v":"Nuk u gjetë kartelë"},{"$i":"file_not_found_download_message","$v":"Nuk u gjet kartela te pajisja"},{"$i":"file_not_found_download_right_button","$v":"OK"},{"$i":"unmounted_sdcard_2_download_title","$v":"Karta e kujtesës po përdoret"},{"$i":"unmounted_sdcard_2_download_message","$v":"Hiqeni telefonin nga priza"},{"$i":"unmounted_sdcard_2_download_right_button","$v":"OK"},{"$i":"no_provider_download_title","$v":"Nuk arrin ta ndajë me të tjerët"},{"$i":"no_provider_download_message","$v":"Nuk u gjet mundësues shërbimi"},{"$i":"no_provider_download_right_button","$v":"OK"},{"$i":"no_memory_download_title","$v":"Karta SD është plot"},{"$i":"no_memory_download_message","$v":"Në kartën tuaj SD nuk ka më vend ku të ruhet shkarkimi juaj. Ju lutemi, hiqni ca kartela, përpara se të rifilloni shkarkimin."},{"$i":"no_memory_download_right_button","$v":"OK"},{"$i":"no_sdcard_found_2_download_title","$v":"Nuk u gjet kartë kujtese"},{"$i":"no_sdcard_found_2_download_message","$v":"Futni një kartë kujtese ose përzgjidhni te rregullimet një vend alternativ si parazgjedhje për media"},{"$i":"no_sdcard_found_2_download_right_button","$v":"OK"},{"$i":"file_open_error_download_title","$v":"Nuk arrin ta hapë"},{"$i":"file_open_error_download_message","$v":["Ka një problem me hapjen e ",{"t":"idOrVar","v":"name"},". Doni ta ruani kartelën apo të fshihet?"]},{"$i":"file_open_error_download_left_button","$v":"Mbaje Kartelën"},{"$i":"file_open_error_download_right_button","$v":"Fshije"},{"$i":"restart_download_error","$v":"Pati një gabim teksa rinisej shkarkimi. Ju lutemi, riprovoni ta shkarkoni."},{"$i":"no-downloads","$v":"Pa shkarkime"},{"$i":"percentage","$v":[{"t":"idOrVar","v":"percentage"}," %"]},{"$i":"partialResult","$v":[{"t":"idOrVar","v":"partial"}," nga ",{"t":"idOrVar","v":"total"}]},{"$i":"summary","$v":[{"t":"idOrVar","v":"date"}," - ",{"t":"idOrVar","v":"status"}]},{"$i":"download-stopped","$v":"I ndalur"},{"$i":"download-failed","$v":"Shkarkimi dështoi"},{"$i":"open_downloaded_file","$v":"Hape"},{"$i":"share_downloaded_file","$v":"Ndaje me të tjerët"},{"$i":"wallpaper_downloaded_file","$v":"Vëre si sfond"},{"$i":"ringtone_downloaded_file","$v":"Vëre si zile"},{"$i":"cancel_downloaded_file","$v":"Anuloje"},{"$i":"voicemailNoNumberTitle","$v":"Numri për mesazhe zanorë nuk funksionon"},{"$i":"voicemailNoNumberText","$v":"I pazoti të lidhet me shërbimin e mesazheve zanorë. Rregulloni numrin për mesazhe zanorë që të depozitohet thirrja."},{"$i":"voicemailNoNumberSettings","$v":"Rregullime"},{"$i":"voicemailNoNumberCancel","$v":"Anuloje"},{"$i":"airplaneMode","$v":"Mënyra Aeroplan"},{"$i":"searching","$v":"Po kërkohet…"},{"$i":"noNetwork","$v":"Pa rrjet"},{"$i":"roaming","$v":[{"t":"idOrVar","v":"operator"}," (Roaming)"]},{"$i":"operator-info","$v":[{"t":"idOrVar","v":"carrier"}," ",{"t":"idOrVar","v":"region"}]},{"$i":"emergencyCallsOnly-unknownSIMState","$v":"(gjendje e panjohur SIM-i)"},{"$i":"emergencyCallsOnly-noSIM","$v":"(pa SIM)"},{"$i":"emergencyCallsOnly-pinRequired","$v":"(PIN SIM-i i domosdoshëm)"},{"$i":"emergencyCallsOnly-pukRequired","$v":"(PUK SIM-i i domosdoshëm)"},{"$i":"emergencyCallsOnly-networkLocked","$v":"(kyçur nga rrjeti)"},{"$i":"emergencyCallsOnly-serviceProviderLocked","$v":"(kyçur nga mundësuesi i shërbimit)"},{"$i":"emergencyCallsOnly-corporateLocked","$v":"(kyçur nga korporata)"},{"$i":"emergencyCallsOnly-network1Locked","$v":"(kyçur nga network1)"},{"$i":"emergencyCallsOnly-network2Locked","$v":"(kyçur nga network2)"},{"$i":"emergencyCallsOnly-hrpdNetworkLocked","$v":"(kyçur nga rrjeti hrpd)"},{"$i":"emergencyCallsOnly-ruimCorporateLocked","$v":"(ruim i kyçur nga korporata)"},{"$i":"emergencyCallsOnly-ruimServiceProviderLocked","$v":"(ruim i kyçur nga mundësuesi i shërbimit)"},{"$i":"lockscreen-sim-id","$v":["SIM ",{"t":"idOrVar","v":"n"}]},{"$i":"charging-status-no-time","$v":["E ngarkuar ",{"t":"idOrVar","v":"level"},"%"]},{"$i":"charging-status-minutes","$v":{"zero":["E ngarkuar ",{"t":"idOrVar","v":"level"},"% (edhe ",{"t":"idOrVar","v":"minutes"}," minuta akoma)"],"one":["E ngarkuar ",{"t":"idOrVar","v":"level"},"% (edhe ",{"t":"idOrVar","v":"minutes"}," minutë akoma)"],"two":["E ngarkuar ",{"t":"idOrVar","v":"level"},"% (edhe ",{"t":"idOrVar","v":"minutes"}," minuta akoma)"],"few":["E ngarkuar ",{"t":"idOrVar","v":"level"},"% (edhe ",{"t":"idOrVar","v":"minutes"}," minuta akoma)"],"many":["E ngarkuar ",{"t":"idOrVar","v":"level"},"% (edhe ",{"t":"idOrVar","v":"minutes"}," minuta akoma)"],"other":["E ngarkuar ",{"t":"idOrVar","v":"level"},"% (edhe ",{"t":"idOrVar","v":"minutes"}," minuta akoma)"]},"$x":[{"t":"idOrVar","v":"plural"},"minutes"]},{"$i":"charging-status-hours","$v":{"zero":["E ngarkuar ",{"t":"idOrVar","v":"level"},"% (edhe ",{"t":"idOrVar","v":"hours"}," orë ",{"t":"idOrVar","v":"minutes"}," minuta akoma)"],"one":["E ngarkuar ",{"t":"idOrVar","v":"level"},"% (edhe ",{"t":"idOrVar","v":"hours"}," orë ",{"t":"idOrVar","v":"minutes"}," minutë akoma)"],"two":["E ngarkuar ",{"t":"idOrVar","v":"level"},"% (edhe ",{"t":"idOrVar","v":"hours"}," orë ",{"t":"idOrVar","v":"minutes"}," minuta akoma)"],"few":["E ngarkuar ",{"t":"idOrVar","v":"level"},"% (edhe ",{"t":"idOrVar","v":"hours"}," orë ",{"t":"idOrVar","v":"minutes"}," minuta akoma)"],"many":["E ngarkuar ",{"t":"idOrVar","v":"level"},"% (edhe ",{"t":"idOrVar","v":"hours"}," orë ",{"t":"idOrVar","v":"minutes"}," minuta akoma)"],"other":["E ngarkuar ",{"t":"idOrVar","v":"level"},"% (edhe ",{"t":"idOrVar","v":"hours"}," orë ",{"t":"idOrVar","v":"minutes"}," minuta akoma)"]},"$x":[{"t":"idOrVar","v":"plural"},"minutes"]},{"$i":"gaia-menu-cancel","$v":"Anuloje"}]