[{"$i":"share","$v":"Подели"},{"$i":"resend","$v":"Поново пошаљи"},{"$i":"connecting","$v":"Повезивање"},{"$i":"verify","$v":"Потврди"},{"$i":"verifying","$v":"Потврђујем"},{"$i":"verified","$v":"Потврђено"},{"$i":"mobileIDExplanation","$v":[{"t":"idOrVar","v":"app_name"}," жели да зна да ли желите да потврдите Ваш број телефона. Молимо одаберите који желите да поделите или укуцајте нови."]},{"$i":"verificationCodeExplanation","$v":["Послали смо код на ",{"t":"idOrVar","v":"phone_number"},". Покушат ћемо да га аутоматки учитамо, али ћете морати ручно да га укуцате ако није у употреби на овом уређају."]},{"$i":"successMessage","$v":["Супер! Ваш број ",{"t":"idOrVar","v":"phone_number"}," је сада потврђен и доступан је ",{"t":"idOrVar","v":"app_name"},"."]},{"$i":"serverErrorMessage","$v":"Сервер за потврду тренутно није доступан. Проверите Вашу конекцију са интернетом или покушајте поново за неколико минута."},{"$i":"timeoutErrorMessage","$v":"Изгледа да је дошло до проблема са кодом за потврду. Ајмо да покушамо опет!"},{"$i":"errorTitle","$v":"Идентитет мобилног"},{"$i":"ok","$v":"У реду"},{"$i":"addPhoneNumber","$v":"Или додајте Ваш број телефона"},{"$i":"selectPhoneNumber","$v":"Или изабарите број телефона са листе"},{"$i":"firefox-accounts-title","$v":"Firefox налози"},{"$i":"fxa-next","$v":"Даље"},{"$i":"fxa-back","$v":"Назад"},{"$i":"fxa-done","$v":"Готово"},{"$i":"fxa-ok","$v":"У реду"},{"$i":"fxa-connection-error-title","$v":"Не могу се повезати"},{"$i":"fxa-connection-error-message","$v":"Можете направити налог или се пријавити у поставкама."},{"$i":"fxa-reset-password-error-title","$v":"Ресетуј лозинку"},{"$i":"fxa-reset-password-error-message","$v":"Можете ресетовати лозинку у поставкама."},{"$i":"fxa-coppa-failure-error-title","$v":"Не могу направити налог"},{"$i":"fxa-coppa-failure-error-message","$v":["Ви морате да испуните старосне услове да бисте направили Firefox налог. ",{"t":"idOrVar","v":"learnmore"}]},{"$i":"fxa-learn-more","$v":"Сазнајте више"},{"$i":"fxa-offline-error-title","$v":"Не могу се повезати"},{"$i":"fxa-offline-error-message","$v":"Повежите се на мрежу из поставки."},{"$i":"fxa-invalid-email-title","$v":"Грешка"},{"$i":"fxa-invalid-email-message","$v":"Молим унесите валидну е-пошту."},{"$i":"fxa-invalid-password-title","$v":"Неисправна лозинка"},{"$i":"fxa-invalid-password-message","$v":"Проверите Вашу лозинку и поново покушајте."},{"$i":"fxa-unknown-error-title","$v":"Не могу се повезати"},{"$i":"fxa-unknown-error-message","$v":"Систем је недоступан, покушајте поново."},{"$i":"fxa-connecting","$v":"Повезивање"},{"$i":"fxa-enter-email-input","placeholder":"Унесите адресу е-поште"},{"$i":"fxa-use-email-to-sign-in","$v":"Користите Вашу адресу е-поште да бисте направили или се пријавили на налог."},{"$i":"fxa-notice","$v":["Ако наставите, слажете се са ",{"t":"idOrVar","v":"tos"}," и ",{"t":"idOrVar","v":"pn"}," Firefox cloud сервиса."]},{"$i":"fxa-tos","$v":"Условима коришћења"},{"$i":"fxa-pn","$v":"Полисом приватности"},{"$i":"fxa-create-password-title","$v":"Направи лозинку"},{"$i":"fxa-enter-password-title","$v":"Унесите лозинку"},{"$i":"fxa-hello-user","$v":["Здраво, ",{"t":"idOrVar","v":"email"}]},{"$i":"fxa-password-refresh","$v":"Молим унесите лозинку Вашег Firefox налога."},{"$i":"fxa-password","placeholder":"Лозинка"},{"$i":"fxa-forgot-your-password","$v":"Заборавили сте лозинку?"},{"$i":"fxa-show-password","$v":"Прикажи лозинку"},{"$i":"fxa-password-length-requirement","$v":"Ваша лозинка мора бити минимално 8 карактера."},{"$i":"fxa-success","$v":"Успешно!"},{"$i":"fxa-ready-to-go","$v":"Ваш Firefox налог је спреман! "},{"$i":"fxa-use-features","$v":"Сада можете да користите могућности као што су Пронађи мој уређај и апликације као Firefox Marketplace."},{"$i":"fxa-access-manage-account-settings","$v":"У будућности, можете приступити и управљати са Вашим налогом из поставки."},{"$i":"fxa-confirm-account","$v":"Потврдите Ваш налог"},{"$i":"fxa-will-send-email","$v":["Послат ћемо е-пошту на: ",{"t":"idOrVar","v":"email"}]},{"$i":"fxa-signup-click-verification-link-in-email","$v":"Следећи пут када проверите е-пошту, кликните на везу за верификацију Вашег Firefox налога."},{"$i":"fxa-age-verification","$v":"Потврда старости"},{"$i":"fxa-age-earlier","$v":[{"t":"idOrVar","v":"year"}," или раније"]},{"$i":"fxa-year-of-birth","$v":"Година рођења"},{"$i":"brandShortName","$v":"B2G OS"},{"$i":"browserBrandShortName","$v":"Web Browser"},{"$i":"browserBrandFullName","$v":"Mozilla Web Browser"},{"$i":"ringtoneBrandName","$v":"Default"},{"$i":"ringtoneSectionBrandName","$v":"System"},{"$i":"back","$v":"Назад"},{"$i":"help","$v":"Помоћ"},{"$i":"cancel","$v":"Откажи"},{"$i":"close","$v":"Затвори"},{"$i":"skip","$v":"Прескочи"},{"$i":"clear","ariaLabel":"Очисти"},{"$i":"enable","$v":"Омогући"},{"$i":"turnOn","$v":"Укључи"},{"$i":"undo","ariaLabel":"Опозови"},{"$i":"enterPIN","$v":"Унесите PIN"},{"$i":"mediaPlaybackTrack","ariaLabel":"Наслов и извођач"},{"$i":"mediaPlaybackControls","ariaLabel":"Контроле"},{"$i":"mediaPlaybackPrevious","ariaLabel":"Претходна"},{"$i":"mediaPlaybackPlay","ariaLabel":"Пусти"},{"$i":"mediaPlaybackPause","ariaLabel":"Паузирај"},{"$i":"mediaPlaybackNext","ariaLabel":"Следећа"},{"$i":"UnknownTrack","$v":"Непознат запис"},{"$i":"wifiButton-on","$v":"Wi-Fi укључен"},{"$i":"wifiButton-on-initializing","$v":"Wi-Fi укључен, иницијализација"},{"$i":"wifiButton-off","$v":"Wi-Fi искључен"},{"$i":"dataButton-on","$v":["Подаци ",{"t":"idOrVar","v":"type"}," укључени"]},{"$i":"dataButton-off","$v":["Подаци ",{"t":"idOrVar","v":"type"}," искључени"]},{"$i":"bluetoothButton-on","$v":"Bluetooth укључен"},{"$i":"bluetoothButton-on-initializing","$v":"Bluetooth укључен, иницијализација"},{"$i":"bluetoothButton-off","$v":"Bluetooth искључен"},{"$i":"airplaneMode-on","$v":"Режим у авиону укључен"},{"$i":"airplaneMode-off","$v":"Режим у авиону искључен"},{"$i":"settingsButton","ariaLabel":"Поставке"},{"$i":"utilityTray","ariaLabel":"Палета за обавештења"},{"$i":"statusbarOperator","$v":[{"t":"idOrVar","v":"date"},", ",{"t":"idOrVar","v":"operator"}]},{"$i":"statusbarDateFormat","$v":"%e %b"},{"$i":"statusbar","ariaLabel":"Статусна трака"},{"$i":"statusbarBattery","ariaLabel":["Батерија ",{"t":"idOrVar","v":"level"}," процената"]},{"$i":"statusbarBatteryCharging","ariaLabel":["Батерија ",{"t":"idOrVar","v":"level"}," процената, пуни се"]},{"$i":"statusbarAirplaneMode","ariaLabel":"Airplane mode on"},{"$i":"statusbarWiFiConnecting","ariaLabel":"Wi-Fi: connecting"},{"$i":"statusbarWiFiConnected","ariaLabel":["Wi-Fi: ",{"t":"idOrVar","v":"level"}," of 4 bars"]},{"$i":"statusbarSignal","ariaLabel":[{"t":"idOrVar","v":"operator"}," network, ",{"t":"idOrVar","v":"level"}," of 5 bars"]},{"$i":"statusbarSignalRoaming","ariaLabel":[{"t":"idOrVar","v":"operator"}," network (roaming), ",{"t":"idOrVar","v":"level"}," of 5 bars"]},{"$i":"statusbarSignalNoneSearching","ariaLabel":"Searching… Emergency calls only"},{"$i":"emergencyCallsOnly","$v":"Само хитни позиви"},{"$i":"statusbarSignalNoSimCard","ariaLabel":"No SIM card"},{"$i":"statusbarHeadphone","ariaLabel":"Headphones on"},{"$i":"statusbarBluetoothHeadphone","ariaLabel":"Bluetooth headphones on"},{"$i":"statusbarBluetoothTransfer","ariaLabel":"Bluetooth transfer active"},{"$i":"statusbarIconOn-tethering","ariaLabel":"Tethering on"},{"$i":"statusbarIconOnActive-tethering","ariaLabel":"Tethering on, active"},{"$i":"statusbarAlarm","ariaLabel":"Будилник укључен"},{"$i":"statusbarIconOn-bluetooth","ariaLabel":"Bluetooth on"},{"$i":"statusbarIconOnActive-bluetooth","ariaLabel":"Bluetooth on, active"},{"$i":"statusbarIconOn-mute","ariaLabel":"Mute on"},{"$i":"statusbarIconOn-vibration","ariaLabel":"Vibration on"},{"$i":"statusbarRecording","ariaLabel":"Снимање укључено"},{"$i":"statusbarGeolocation","ariaLabel":"Геолокација укључена"},{"$i":"statusbarUsb","ariaLabel":"USB укључен"},{"$i":"statusbarCallForwarding","$v":"Call forwarding on"},{"$i":"statusbarPlaying","ariaLabel":"Пушта се медија"},{"$i":"statusbarNfc","ariaLabel":"NFC укључен"},{"$i":"statusbarDownload","ariaLabel":"Downloading…"},{"$i":"statusbarNetworkActivity","ariaLabel":"Мрежа укључена"},{"$i":"statusbarEmergencyCallback","ariaLabel":"Emergency callback"},{"$i":"statusbarNotifications","$v":{"one":[{"t":"idOrVar","v":"n"}," обавештење"],"two":[{"t":"idOrVar","v":"n"}," обавештења"],"few":[{"t":"idOrVar","v":"n"}," обавештења"],"many":[{"t":"idOrVar","v":"n"}," обавештења"],"other":[{"t":"idOrVar","v":"n"}," обавештења"]},"$x":[{"t":"idOrVar","v":"plural"},"n"]},{"$i":"statusbarNotifications-unread","ariaLabel":{"$x":[{"t":"idOrVar","v":"plural"},"n"],"$v":{"one":[{"t":"idOrVar","v":"n"}," непрочитано обавештење"],"two":[{"t":"idOrVar","v":"n"}," непрочитана обавештења"],"few":[{"t":"idOrVar","v":"n"}," непрочитаних обавештења"],"many":[{"t":"idOrVar","v":"n"}," непрочитаних обавештења"],"other":[{"t":"idOrVar","v":"n"}," непрочитаних обавештења"]}}},{"$i":"notifications","$v":"Обавештења"},{"$i":"clear-all","$v":"Очисти све"},{"$i":"attentionScreen-tapToShow","$v":"Додирните да се прикаже"},{"$i":"newVoicemails","$v":{"zero":"Нема гов. порука","one":"1 нова гов. порука","two":[{"t":"idOrVar","v":"n"}," нове гов. поруке"],"few":[{"t":"idOrVar","v":"n"}," нових гов. порука"],"many":[{"t":"idOrVar","v":"n"}," нових гов. порука"],"other":[{"t":"idOrVar","v":"n"}," нових гов. порука"]},"$x":[{"t":"idOrVar","v":"plural"},"n"]},{"$i":"newVoicemailsUnknown","$v":"Нова гов. порука"},{"$i":"dialNumber","$v":["Позови ",{"t":"idOrVar","v":"number"}]},{"$i":"voicemailNotificationMultiSim","$v":["(SIM ",{"t":"idOrVar","v":"n"},") ",{"t":"idOrVar","v":"title"}]},{"$i":"euRoamingNotificationTitle","$v":"EU интернет детектован"},{"$i":"euRoamingNotificationMsg","$v":"Притисните да промените."},{"$i":"confirmNFCConnectBTenabledNameUnknown","$v":"Да ли сте сигурни да желите да се повежете на уређај?"},{"$i":"confirmNFCConnectBTdisabledNameUnknown","$v":"Укључити Bluetooth и повезати се на уређај?"},{"$i":"confirmNFCConnectBTenabledNameKnown","$v":["Да ли сте сигурни да желите да се повежете на ",{"t":"idOrVar","v":"deviceName"},"?"]},{"$i":"confirmNFCConnectBTdisabledNameKnown","$v":["Укључити Bluetooth и повезати се на ",{"t":"idOrVar","v":"deviceName"},"?"]},{"$i":"confirmNFCConnectBTdisabled","$v":"Укључи"},{"$i":"dismissNFCConnectBTdisabled","$v":"Откажи"},{"$i":"confirmation","$v":"Потврда"},{"$i":"deviceMenu","$v":"Телефон"},{"$i":"airplane","$v":"Укључи режим рада у авиону"},{"$i":"airplaneOff","$v":"Искључи режим рада у авиону"},{"$i":"silent","$v":"Утишај долазне позиве"},{"$i":"normal","$v":"Укључи звоно долазним позивима"},{"$i":"restart","$v":"Поново покрени систем"},{"$i":"power","$v":"Искључи"},{"$i":"no-recent-app-windows","$v":"Ваши скорашњи прозори апликација се појављују овде"},{"$i":"no-recent-browser-windows","$v":"Ваши скорашњи прозори прегледача се појављују овде"},{"$i":"closeCard","ariaLabel":"Затвори"},{"$i":"openCard","ariaLabel":"Отвори"},{"$i":"yes","$v":"Да"},{"$i":"no","$v":"Не"},{"$i":"dontallow","$v":"Одбиј"},{"$i":"allow","$v":"Дозволи"},{"$i":"dontshare-geolocation","$v":"Немој"},{"$i":"share-geolocation","$v":"Дозволи"},{"$i":"dontshare-audio-capture","$v":"Немој\t"},{"$i":"share-audio-capture","$v":"Дозволи"},{"$i":"dontshare-video-capture","$v":"Немој"},{"$i":"share-video-capture","$v":"Дозволи"},{"$i":"dontshare-media-capture","$v":"Немој"},{"$i":"share-media-capture","$v":"Дозволи"},{"$i":"device-front","$v":"Предња камера"},{"$i":"device-back","$v":"Камера на полеђини"},{"$i":"remember-my-choice","$v":"Запамти мој избор"},{"$i":"more-info","$v":"Више информација…"},{"$i":"hide-info","$v":"Сакриј информације"},{"$i":"install-app","$v":["Инсталирати ",{"t":"idOrVar","v":"name"},"?"]},{"$i":"size","$v":"Величина"},{"$i":"author","$v":"Аутор"},{"$i":"size-unknown","$v":"Непозната"},{"$i":"author-unknown","$v":"Непознат"},{"$i":"install","$v":"Инсталирај"},{"$i":"bytes","$v":"бајта"},{"$i":"kB","$v":"KB"},{"$i":"MB","$v":"MB"},{"$i":"GB","$v":"GB"},{"$i":"TB","$v":"TB"},{"$i":"PB","$v":"PB"},{"$i":"app-install-generic-error","$v":["Преузимање ",{"t":"idOrVar","v":"appName"}," заустављено"]},{"$i":"app-install-download-failed","$v":[{"t":"idOrVar","v":"appName"}," неуспешно преузет"]},{"$i":"app-install-install-failed","$v":[{"t":"idOrVar","v":"appName"}," неуспешно инсталиран"]},{"$i":"cancelling-will-not-refund","$v":"Одустанак неће поништити извршено плаћање. Повраћај плаћеног садржаја пружа продавац."},{"$i":"apps-can-be-installed-later","$v":"Апликације могу бити инсталиране касније из изворног порекла инсталације."},{"$i":"are-you-sure-you-want-to-cancel","$v":"Да ли сте сигурни да желите отказати инсталацију?"},{"$i":"cancel-install","$v":"Откажи"},{"$i":"cancel-install-button","$v":"Откажи"},{"$i":"resume","$v":"Настави"},{"$i":"continue","$v":"Настави"},{"$i":"stopDownloading","$v":["Зауставити преузимање ",{"t":"idOrVar","v":"app"},"?"]},{"$i":"app-download-can-be-restarted","$v":"Преузимање може бити настављено касније."},{"$i":"app-download-stop-button","$v":"Заустави преузимање"},{"$i":"not-enough-space","$v":"Нема довољно простора"},{"$i":"not-enough-space-message","$v":"Нема довољно простора за инсталацију ове апликације. Ослободите простор брисањем старих апликација или садржаја, затим поновите инсталацију из првобитног извора."},{"$i":"app-install-success","$v":[{"t":"idOrVar","v":"appName"}," инсталиран"]},{"$i":"langpack-install-success2","$v":[{"t":"idOrVar","v":"appName"}," installed. Go to Settings > Language to enable it."]},{"$i":"setup","$v":"Конфигурација"},{"$i":"ime-addkeyboards","$v":"Додај тастатуре"},{"$i":"later","$v":"Касније"},{"$i":"download","$v":"Преузимање"},{"$i":"wantToDownload","$v":"Преузети надоградњу сада?"},{"$i":"wantToInstallNow","$v":"Да ли желите да инсталирате надоградњу сада? Нећете моћи да користите свој телефон неколико минута."},{"$i":"installNow","$v":"Инсталирај сада"},{"$i":"notNow","$v":"Не сада"},{"$i":"downloadingUpdateMessage","innerHTML":["Преузимање надоградњи… <span>",{"t":"idOrVar","v":"progress"}," преузето.</span>"]},{"$i":"downloadingAppMessage","$v":["Преузимање ",{"t":"idOrVar","v":"appName"}]},{"$i":"downloadingAppProgressNoMax","$v":[{"t":"idOrVar","v":"progress"}," је преузето"]},{"$i":"downloadingAppProgressIndeterminate","$v":"Преузимање"},{"$i":"downloadingAppProgress","$v":[{"t":"idOrVar","v":"progress"}," / ",{"t":"idOrVar","v":"max"}," је преузето"]},{"$i":"cancelAllDownloads","$v":"Откажи сва преузимања"},{"$i":"wantToCancelAll","$v":"Да ли сте сигурни да желите отказати сва преузимања?"},{"$i":"downloadError","$v":"Десила се грешка приликом преузимања надоградњи."},{"$i":"updateAvailableInfo","innerHTML":{"$x":[{"t":"idOrVar","v":"plural"},"n"],"$v":{"one":[{"t":"idOrVar","v":"n"}," надоградња је доступна. <span>Притисните за више информација.</span>"],"two":[{"t":"idOrVar","v":"n"}," надоградње су доступне. <span>Притисните за више информација.</span>"],"few":[{"t":"idOrVar","v":"n"}," надоградњи је доступно. <span>Притисните за више информација.</span>"],"many":[{"t":"idOrVar","v":"n"}," надоградњи је доступно. <span>Притисните за више информација.</span>"],"other":[{"t":"idOrVar","v":"n"}," надоградњи је доступно. <span>Притисните за више информација.</span>"]}}},{"$i":"numberOfUpdates","$v":{"one":[{"t":"idOrVar","v":"n"}," надоградња је доступна"],"two":[{"t":"idOrVar","v":"n"}," надоградње су доступне"],"few":[{"t":"idOrVar","v":"n"}," надоградњи је доступно"],"many":[{"t":"idOrVar","v":"n"}," надорадњи је доступно"],"other":[{"t":"idOrVar","v":"n"}," надорадњи је доступно"]},"$x":[{"t":"idOrVar","v":"plural"},"n"]},{"$i":"systemUpdate","$v":"Надоградња система"},{"$i":"systemUpdateReady","$v":"Надоградња система је спремна"},{"$i":"systemUpdateLowBatteryThreshold","$v":["Потребно Вам је барем ",{"t":"idOrVar","v":"threshold"},"% батерије да бисте инсталирали надоградње."]},{"$i":"required","$v":"Неопходна"},{"$i":"uncompressingMessage","innerHTML":"Распакивање… <span>Ово може потрајати неколико минута.</span>"},{"$i":"downloadWifiPrioritizedUsing2G","$v":"Надоградње се преузимају путем мобилне мреже када Wi-Fi мрежа није доступна. Када користите податке мобилне мреже, позиви ће можда бити блокирани и може доћи до додатних трошкова."},{"$i":"downloadWifiPrioritized3","$v":"Надоградње се преузимају путем мобилне мреже када Wi-Fi мрежа није доступнаe. Када користите податке мобилне мреже, може доћи до додатних трошкова."},{"$i":"downloadNoWifiWarning","$v":"Wi-Fi мрежа није доступна. Надоградња преко тренутне везе може узроковати додатне трошкове."},{"$i":"downloadOfflineWarning2","$v":"Повежите се на мрежу да бисте преузели надоградње."},{"$i":"downloadUpdatesViaDataConnection","$v":"Преузми надоградње преко мобилне мреже?"},{"$i":"downloadUpdatesVia2GForbidden3","$v":"Процес преузимање није могућ на спорим везама (2G). Повежите се преко Wi-Fi или 3G (ако је могуће) и затим покушајте поново."},{"$i":"downloadUpdatesViaDataConnectionMessage3","$v":"Када користите мобилну мрежу ,додатни трошкови се могу применити. Да ли желите да наставите?"},{"$i":"downloadUpdatesViaDataRoamingConnection","$v":"Преузети надоградње преко мреже у ромингу?"},{"$i":"downloadUpdatesViaDataRoamingConnectionMessage","$v":"Тренутно сте у ромингу и додатни трошкови се могу применити. Да ли желите да наставите?"},{"$i":"screenshotSaved","$v":"Снимак екрана сачуван"},{"$i":"screenshotFailed","$v":"Снимак није сачуван"},{"$i":"screenshotNoSDCard","$v":"Није пронађена меморијска картица"},{"$i":"screenshotSDCardInUse","$v":"Меморијска картица је у употреби"},{"$i":"screenshotSDCardLow","$v":"Нема довољно простора на меморијској картици"},{"$i":"logsSaved","$v":"Дневници су снимљени у складиште"},{"$i":"logsSaveError","$v":"Грешка приликом снимања дневника"},{"$i":"logsSaving","$v":"Снимам дневнике…"},{"$i":"logsOperationFailed","$v":["Операција ",{"t":"idOrVar","v":"operation"}," је неуспешна."]},{"$i":"logsGenericError","$v":"Десила се неочекивана грешка."},{"$i":"logsSDCardMaybeShared","$v":"Уверите се да Ваша SD картица није подељена са Вашим рачунаром."},{"$i":"emergency-call-button","$v":"Хитан позив"},{"$i":"emergency-call","$v":"Хитaн позив"},{"$i":"unlock-a11y-button","ariaLabel":"Откључај"},{"$i":"camera-a11y-button","ariaLabel":"Камера"},{"$i":"longDateFormat","$v":"%A, %e %B"},{"$i":"panel-passcode","ariaLabel":"Приступни панел"},{"$i":"open-notification","$v":"отвори"},{"$i":"softwareHomeButton","ariaLabel":"Почетна"},{"$i":"login","$v":"Пријави се"},{"$i":"sign-in-to-website","$v":"Пријави се на веб сајт"},{"$i":"username","$v":"Корисничко име"},{"$i":"password","$v":"Лозинка"},{"$i":"http-authentication-message2","$v":["Веб сајт ",{"t":"idOrVar","v":"host"}," захтева да се пријавите."]},{"$i":"error-message","$v":[{"t":"idOrVar","v":"name"}," се не учитава ваљано"]},{"$i":"error-title","$v":[{"t":"idOrVar","v":"name"}," има потешкоћа"]},{"$i":"unable-to-connect","$v":"Није се могуће повезати"},{"$i":"tap-to-check-settings","$v":"Провери поставке"},{"$i":"delete-title","$v":["Брисање ",{"t":"idOrVar","v":"name"}]},{"$i":"delete-body","$v":[{"t":"idOrVar","v":"name"}," и сви његови подаци ће бити обрисани."]},{"$i":"delete","$v":"Избриши"},{"$i":"unrecoverable-error-title","$v":"Уклони апликацију"},{"$i":"unrecoverable-error-body","$v":"Не могу инсталирати апликацију због грешке. Молим покушајте поново. Апликација ће бити уклоњена."},{"$i":"unrecoverable-error-action","$v":"У реду"},{"$i":"data-roaming-enabled-title","$v":"Укључити роминг података?"},{"$i":"data-roaming-enabled-warning2","$v":"Да бисте приступили интернету, морате укључити роминг података. У зависности од уговора, може доћи до додатних трошкова. Да ли желите да укључите роминг података?"},{"$i":"select-time","$v":"Одаберите време"},{"$i":"choose-option","$v":"Одабери"},{"$i":"choose-options","$v":"Одабери"},{"$i":"select-day","$v":"Одаберите дан"},{"$i":"battery-almost-empty3","$v":"Батерија је скоро празна."},{"$i":"plug-in-your-charger","$v":"Прикључите Ваш пуњач."},{"$i":"new-window","$v":"Нови прозор"},{"$i":"new-private-window","$v":"Нови приватан прозор"},{"$i":"show-windows","$v":"Прикажи прозоре"},{"$i":"add-to-home-screen","$v":"Додај на почетни екран"},{"$i":"crash-dialog2-os","$v":[{"t":"idOrVar","v":"brandShortName"}," се управо опоравио од рушења"]},{"$i":"crash-dialog-app","$v":[{"t":"idOrVar","v":"name"}," се управо срушио"]},{"$i":"crash-dialog-app-noname","$v":"Нешто"},{"$i":"crash-dialog-message","$v":"Да ли бисте желели да пошаљете Mozilla фондацији извештај о рушењу како бисте нам помогли да решимо потешкоће? (Извештаји се шаљу само преко Wi-Fi мреже)"},{"$i":"crash-info-link","$v":"Шта садржи извештај о рушењу?"},{"$i":"crash-always-report","$v":"Увек пошаљи извештај Mozilla фондацији када дође до рушења."},{"$i":"crash-dont-send","$v":"Не шаљи"},{"$i":"crash-end","$v":"Пошаљи"},{"$i":"crashReports","$v":"Извештај"},{"$i":"done","$v":"Готово"},{"$i":"crash-reports-description-1","$v":"Извештај о рушењу садржи неке појединости о рушењу и Вашем уређају, као и слику стања уређаја у тренутку рушења"},{"$i":"crash-reports-description-2","$v":"У њему могу бити обухваћене ставке попут отворених страница и апликација, текста уношеног у образце, садржаја отворених порука или геолокацијске информације коришћеног у отвореној апликацији."},{"$i":"crash-reports-description-3-start","$v":"Извештаје о рушењу користимо да бисмо покушали исправити потешкоће и побољшали наше производе. Вашим подацима управљамо на начин описан у нашој"},{"$i":"crash-reports-description-3-privacy","$v":"полиси приватности"},{"$i":"crash-reports-description-3-end","$v":"."},{"$i":"crash-banner-os2","$v":[{"t":"idOrVar","v":"brandShortName"}," се управо срушио."]},{"$i":"crash-banner-app","$v":[{"t":"idOrVar","v":"name"}," се управо срушио."]},{"$i":"crash-banner-report","$v":"Извештај"},{"$i":"bluetooth-sending-progress","$v":"Шаљем датотеку…"},{"$i":"bluetooth-receiving-progress","$v":"Примам датотеку…"},{"$i":"acceptFileTransfer","$v":"Прихвати датотеку?"},{"$i":"wantToReceiveFile","$v":[{"t":"idOrVar","v":"deviceName"}," би желео да пренесе ",{"t":"idOrVar","v":"fileName"}," (",{"t":"idOrVar","v":"fileSize"},")."]},{"$i":"transfer-confirmation-title","$v":[{"t":"idOrVar","v":"deviceName"}]},{"$i":"transfer-confirmation-description","$v":"Прегледајте захтев за пренос."},{"$i":"byteUnit-B","$v":"B"},{"$i":"byteUnit-KB","$v":"KB"},{"$i":"byteUnit-MB","$v":"MB"},{"$i":"byteUnit-GB","$v":"GB"},{"$i":"byteUnit-TB","$v":"TB"},{"$i":"byteUnit-PB","$v":"PB"},{"$i":"byteUnit-EB","$v":"EB"},{"$i":"byteUnit-ZB","$v":"ZB"},{"$i":"byteUnit-YB","$v":"YB"},{"$i":"fileSize","$v":[{"t":"idOrVar","v":"size"}," ",{"t":"idOrVar","v":"unit"}]},{"$i":"deny","$v":"Одбиј"},{"$i":"transfer","$v":"Пренеси"},{"$i":"cancelFileTransfer","$v":"Откажи пренос датотека преко Bluetooth-a?"},{"$i":"continueFileTransfer","$v":"Настави"},{"$i":"transfer-has-started-title","$v":"Пренос је почео"},{"$i":"transfer-has-started-description","$v":"Проверите ток преноса"},{"$i":"transferFinished-sentSuccessful-title","$v":"Датотека послата"},{"$i":"transferFinished-receivedSuccessful-title","$v":"Датотека примљена"},{"$i":"transferFinished-sentFailed-title","$v":"Датотека није послата"},{"$i":"transferFinished-receivedFailed-title","$v":"Примање нeуспело"},{"$i":"transferReport-title","$v":"Извештај преноса:"},{"$i":"transferReport-description","$v":[{"t":"idOrVar","v":"numSuccessful"}," успешно, ",{"t":"idOrVar","v":"numUnsuccessful"}," неуспешно"]},{"$i":"unknown-file","$v":"Непозната датотека"},{"$i":"unknown-device","$v":"Непознати уређај"},{"$i":"cannotOpenFile","$v":"Примљена датотека се не може отворити"},{"$i":"unknownMediaTypeToOpenFile","$v":["Не може се отворити непозната врста медија: ",{"t":"idOrVar","v":"fileName"}]},{"$i":"cannotReceiveFile","$v":"Не може се примити датотека"},{"$i":"cannotGetStorageState","$v":"Није могуће добавити стање складишта уређаја"},{"$i":"sdcard-not-exist2","$v":"Није пронађена меморијска картица. Молим Вас, уметните меморијску картицу."},{"$i":"sdcard-in-use","$v":"Bluetooth се не може користити док је телефон прикачен на кабел. Молим Вас, откачите кабел за примање датотеке(а)."},{"$i":"sdcard-no-space2","$v":"Није могуће завршити пренос: меморијска картица је пуна."},{"$i":"unknown-error","$v":"Непозната грешка"},{"$i":"confirm","$v":"Потврди"},{"$i":"sdcard-detected-title","$v":"SD картица је детектована"},{"$i":"sdcard-total-size-body","$v":["Величина: ",{"t":"idOrVar","v":"size"}," ",{"t":"idOrVar","v":"unit"}]},{"$i":"sdcard-unknown-size-then-tap-to-format-body","$v":"Непозната величина, притисните да форматирате"},{"$i":"sdcard-removed-title","$v":"SD каритца је уклоњена"},{"$i":"sdcard-removed-ejected-successfully","$v":"Избацивање успешно"},{"$i":"sdcard-removed-not-ejected-properly","$v":"Избацивање није успело"},{"$i":"microphone-is-on","$v":"Микрофон је укључен"},{"$i":"camera-is-on","$v":"Камера је укључена"},{"$i":"media-is-on","$v":"Камера и микрофон су укључени"},{"$i":"noSimCard","$v":"Нема SIM картице"},{"$i":"simPin","$v":"SIM PIN"},{"$i":"pukCode","$v":"PUK код"},{"$i":"nckCode","$v":"NCK код"},{"$i":"cckCode","$v":"CCK код"},{"$i":"spckCode","$v":"SPCK код"},{"$i":"nck1code","$v":"NCK1 код"},{"$i":"nck2code","$v":"NCK2 код"},{"$i":"hnckcode","$v":"HNCK код"},{"$i":"rcckcode","$v":"RCCK код"},{"$i":"rspckcode","$v":"RSPCK код"},{"$i":"whatIsSimPin","$v":"Шта је SIM PIN?"},{"$i":"simPinIntro1","$v":"SIM PIN спречава приступ мрежним подацима мобилне телефоније SIM картице. Када је омогућен, било који уређај који садржи SIM картицу ће тражити унос PIN-а после поновног покретања"},{"$i":"simPinIntro2","$v":"SIM PIN није исто што и лозинка која се користи за откључавање уређаја."},{"$i":"changeSimPin","$v":"Промени PIN"},{"$i":"pinTitle","$v":"Унесите SIM PIN"},{"$i":"multiSIMpinTitle","$v":["Унесите SIM ",{"t":"idOrVar","v":"n"}," PIN"]},{"$i":"pukTitle","$v":"Унесите PUK код"},{"$i":"nckTitle","$v":"Унесите NCK код"},{"$i":"cckTitle","$v":"Унесите CCK код"},{"$i":"spckTitle","$v":"Унесите SPCK код"},{"$i":"nck1Title","$v":"Унесите NCK1 код"},{"$i":"nck2Title","$v":"Унесите NCK2 код"},{"$i":"hnckTitle","$v":"Унесите HNCK код"},{"$i":"rcckTitle","$v":"Унесите RCCK код"},{"$i":"rspckTitle","$v":"Унесите RSPCK код"},{"$i":"newpinTitle","$v":"Нови PIN"},{"$i":"inputCodeRetriesLeft","$v":{"one":"последњи покушај.","two":["преостала ",{"t":"idOrVar","v":"n"}," покушаја."],"few":["преостало ",{"t":"idOrVar","v":"n"}," покушаја."],"many":["преостало ",{"t":"idOrVar","v":"n"}," покушаја."],"other":["преостало ",{"t":"idOrVar","v":"n"}," покушаја."]},"$x":[{"t":"idOrVar","v":"plural"},"n"]},{"$i":"pinErrorMsg","$v":"PIN није исправан."},{"$i":"pinAttemptMsg2","$v":{"one":"Имате још један покушај да унесете исправан код пре него што SIM картица буде закључана.","few":["Имате још ",{"t":"idOrVar","v":"n"}," покушаја да унесете исправан код пре него што SIM картица буде закључана."],"two":["Имате још ",{"t":"idOrVar","v":"n"}," покушаја да унесете исправан код пре него што SIM картица буде закључана."],"many":["Имате још ",{"t":"idOrVar","v":"n"}," покушаја да унесете исправан код пре него што SIM картица буде закључана."],"other":["Имате још ",{"t":"idOrVar","v":"n"}," покушаја да унесете исправан код пре него што SIM картица буде закључана."]},"$x":[{"t":"idOrVar","v":"plural"},"n"]},{"$i":"pinLastChanceMsg","$v":"Ово је последња прилика да унесете исправан PIN. У супротном, морате унети PUK код да би користили ову SIM картицу."},{"$i":"simCardLockedMsg","$v":"SIM картица је закључана."},{"$i":"enterPukMsg","$v":"Морате унети Лични кључ за откључавање (PUK) SIM картице. Погледајте упутство SIM картице или се обратите оператеру за више информација."},{"$i":"pukErrorMsg","$v":"PUK код је нетачан."},{"$i":"pukAttemptMsg2","$v":{"one":"Имате још један покушај да унесете исправан код пре него што Вам се трајно закључа SIM картица. Погледајте документацију коју сте добили уз SIM картицу или контактирајте мрежног оператера за више информација.","two":["Имате још ",{"t":"idOrVar","v":"n"}," покушаја да унесете исправан код пре него што Вам се трајно закључа SIM картица. Погледајте документацију коју сте добили уз SIM картицу или контактирајте мрежног оператера за више информација."],"few":["Имате још ",{"t":"idOrVar","v":"n"}," покушаја да унесете исправан код пре него што Вам се трајно закључа SIM картица. Погледајте документацију коју сте добили уз SIM картицу или контактирајте мрежног оператера за више информација."],"many":["Имате још ",{"t":"idOrVar","v":"n"}," покушаја да унесете исправан код пре него што Вам се трајно закључа SIM картица. Погледајте документацију коју сте добили уз SIM картицу или контактирајте мрежног оператера за више информација."],"other":["Имате још ",{"t":"idOrVar","v":"n"}," покушаја да унесете исправан код пре него што Вам се трајно закључа SIM картица. Погледајте документацију коју сте добили уз SIM картицу или контактирајте мрежног оператера за више информација."]},"$x":[{"t":"idOrVar","v":"plural"},"n"]},{"$i":"pukLastChanceMsg","$v":"Ово је последња прилика да унесете исправну PUK шифру. Ваша SIM картица ће бити трајно неупотребљива уколико унесете погрешну PUK шифру. Погледајте упутство SIM картице или се обратите оператеру за више информација."},{"$i":"newSimPinMsg","$v":"Направите PIN (мора садржати 4 до 8 цифара)"},{"$i":"confirmNewSimPinMsg","$v":"Потврдите нови PIN"},{"$i":"newPinErrorMsg","$v":"PIN шифре се не слажу."},{"$i":"nckErrorMsg","$v":"NCK је нетачан."},{"$i":"nckAttemptMsg2","$v":{"one":"Грешка при захтеву за откључавање телефона (Network depersonalization request). Имате још један покушај да унесете исправан код. Погледајте документацију коју сте добили уз уређај који користите или контактирајте свог мрежног оператера за више информација.","two":["Грешка при захтеву за откључавање телефона (Network depersonalization request). Имате још ",{"t":"idOrVar","v":"n"}," покушаја да унесете исправан код. Погледајте документацију коју сте добили уз уређај који користите или контактирајте свог мрежног оператера за више информација."],"few":["Грешка при захтеву за откључавање телефона (Network depersonalization request). Имате још ",{"t":"idOrVar","v":"n"}," покушаја да унесете исправан код. Погледајте документацију коју сте добили уз уређај који користите или контактирајте свог мрежног оператера за више информација."],"many":["Грешка при захтеву за откључавање телефона (Network depersonalization request). Имате још ",{"t":"idOrVar","v":"n"}," покушаја да унесете исправан код. Погледајте документацију коју сте добили уз уређај који користите или контактирајте свог мрежног оператера за више информација."],"other":["Грешка при захтеву за откључавање телефона (Network depersonalization request). Имате још ",{"t":"idOrVar","v":"n"}," покушаја да унесете исправан код. Погледајте документацију коју сте добили уз уређај који користите или контактирајте свог мрежног оператера за више информација."]},"$x":[{"t":"idOrVar","v":"plural"},"n"]},{"$i":"nckLastChanceMsg","$v":"Неуспешан захтев деперсонализације мреже. Ово је последња прилика за унос исправне NCK шифре. Погледајте упутство за уређај или се обратите оператеру за више информација."},{"$i":"activity-pick","$v":"Изабери у:"},{"$i":"activity-view","$v":"Прегледај помоћу:"},{"$i":"activity-test","$v":"Испробај помоћу:"},{"$i":"activity-share","$v":"Подели са:"},{"$i":"activity-new","$v":"Направи помоћу:"},{"$i":"activity-open","$v":"Отвори помоћу:"},{"$i":"activity-save-bookmark","$v":"Забележи у:"},{"$i":"activity-record","$v":"Сними из:"},{"$i":"activity-browse","$v":"Прегледај помоћу:"},{"$i":"activity-configure","$v":"Подеси помоћу:"},{"$i":"activity-dial","$v":"Позови из:"},{"$i":"persona-signin","$v":"Пријава"},{"$i":"payment-flow","$v":"Купи"},{"$i":"remoteDebuggerPromptUSB","$v":"Allow USB debugging connection?"},{"$i":"remoteDebuggerPromptTCP","$v":["Allow remote debugging connection from ",{"t":"idOrVar","v":"host"},":",{"t":"idOrVar","v":"port"},"?"]},{"$i":"devtools-auth-scan2","$v":"Scanning for the QR code displayed on your other device…"},{"$i":"fullscreen-request","$v":[{"t":"idOrVar","v":"origin"}," је сада преко целог екрана."]},{"$i":"captive-wifi-available","$v":["Нађена је мрежа ",{"t":"idOrVar","v":"networkName"},". Повезати се?"]},{"$i":"ceWarningtitle","$v":"Упозорење о јачини"},{"$i":"ceWarningcontent","$v":"Да бисте избегли могуће оштећење слуха, немојте дуго користити максималну јачину звука."},{"$i":"notification-powersaving-mode-on-title","$v":"Режим штедње батерије"},{"$i":"notification-powersaving-mode-on-description","$v":"Режим штедње батерије је укључен."},{"$i":"low-device-storage","$v":"Понестаје Вам простора на уређају.\\n"},{"$i":"free-space","$v":{"zero":"Нема слободног простора.","one":["Остало је мање од ",{"t":"idOrVar","v":"value"}," ",{"t":"idOrVar","v":"unit"},"."],"two":["Остало је мање од ",{"t":"idOrVar","v":"value"}," ",{"t":"idOrVar","v":"unit"},"."],"few":["Остало је мање од ",{"t":"idOrVar","v":"value"}," ",{"t":"idOrVar","v":"unit"},"."],"many":["Остало је мање од ",{"t":"idOrVar","v":"value"}," ",{"t":"idOrVar","v":"unit"},"."],"other":["Остало је мање од ",{"t":"idOrVar","v":"value"}," ",{"t":"idOrVar","v":"unit"},"."]},"$x":[{"t":"idOrVar","v":"plural"},"value"]},{"$i":"unknown-free-space","$v":"Непозната величина слободног простора."},{"$i":"system-alert","$v":"Системска узбуна"},{"$i":"cb-channel","$v":["Канал ",{"t":"idOrVar","v":"channel"}]},{"$i":"cb-etws-warningType-earthquake","$v":"Земљотрес!"},{"$i":"cb-etws-warningType-tsunami","$v":"Цунами!"},{"$i":"cb-etws-warningType-earthquake-tsunami","$v":"Земљотрес-цунами!"},{"$i":"cb-etws-warningType-test","$v":"Систем упозорења се тестира."},{"$i":"cb-etws-warningType-other","$v":"Хитно упозорење!"},{"$i":"icc-message-maintitle","$v":"Порука оператера"},{"$i":"icc-message-subtitle","$v":["SIM ",{"t":"idOrVar","v":"id"}]},{"$i":"icc-confirmCall-defaultmessage","$v":["Позвати ",{"t":"idOrVar","v":"number"},"?"]},{"$i":"icc-alertMessage-send-ss","$v":"Send SS"},{"$i":"icc-alertMessage-send-ussd","$v":"Send USSD"},{"$i":"icc-alertMessage-send-sms","$v":"Send SMS"},{"$i":"icc-confirmMessage-defaultmessage","$v":"Послати поруку?"},{"$i":"icc-inputbox-maintitle","$v":"STK упит"},{"$i":"icc-inputbox-subtitle","$v":["SIM ",{"t":"idOrVar","v":"id"}]},{"$i":"emergency-callback-mode","$v":"Режим хитног позива"},{"$i":"emergency-callback-message","$v":"Позиви, поруке и интернет су онемогућени због режима хитног позива. Да ли желите да искључите овај режим?"},{"$i":"cdma-record-info","$v":"Информације CDMA записа"},{"$i":"ime-switching-title","$v":[{"t":"idOrVar","v":"appName"},": ",{"t":"idOrVar","v":"name"}]},{"$i":"ime-switching-tip","$v":"Притисните за промену методе уноса"},{"$i":"shrinking-tip","$v":"Превуците да бисте поделили"},{"$i":"download_started","$v":"Преузимање је започело"},{"$i":"download_stopped","$v":"Преузимање је заустављено"},{"$i":"download_downloading","$v":"Преузимам…"},{"$i":"download_succeeded","$v":"Преузимање успешно"},{"$i":"download_failed","$v":"Преузимање неуспешно"},{"$i":"download_text_by_default","$v":[{"t":"idOrVar","v":"name"}]},{"$i":"download_downloading_text_2","$v":[{"t":"idOrVar","v":"percentage"},"% - ",{"t":"idOrVar","v":"name"}]},{"$i":"search-the-web","$v":"Претражи веб"},{"$i":"search-or-enter-address","$v":"Појам или адреса","placeholder":"Појам или адреса"},{"$i":"back-button","ariaLabel":"Назад"},{"$i":"forward-button","ariaLabel":"Проследи"},{"$i":"reload-button","ariaLabel":"Поново учитај"},{"$i":"stop-button","ariaLabel":"Заустави"},{"$i":"windows-button","ariaLabel":"Прикажи прозоре"},{"$i":"noHotspotWhenAPMisOnWifiHotspot","$v":"Искључите режим рада у авиону да бисте користили Wi-Fi hotspot."},{"$i":"apmActivated","$v":"Режим у авиону активиран"},{"$i":"open-in-new-window","$v":"Отвори везу у новом прозору"},{"$i":"open-in-new-private-window","$v":"Отвори везу у новом приватном прозору"},{"$i":"add-link-to-home-screen","$v":"Додај везу на почетни екран"},{"$i":"share-link","$v":"Подели везу"},{"$i":"save-image","$v":"Сачувај слику"},{"$i":"save-video","$v":"Сачувај видео"},{"$i":"save-audio","$v":"Сачувај аудио"},{"$i":"save-link","$v":"Сачувај повезану датотеку"},{"$i":"share-image","$v":"Подели слику"},{"$i":"share-video","$v":"Подели видео"},{"$i":"share-audio","$v":"Подели аудио"},{"$i":"private-window","$v":"Приватни прозор"},{"$i":"private-browser-title","$v":"Прегледавате приватно"},{"$i":"private-window-detail1","$v":"Прегледач неће бележити историји прегледања, колачиће или привремене интернет датотеке."},{"$i":"private-window-detail2","$v":"Док овај уређај не бележи Вашу историју прегедања, Ваш интернет провајдер и даље може да прати које странице Ви посећујете."},{"$i":"okCharsLeft","$v":["У реду(",{"t":"idOrVar","v":"n"},")"]},{"$i":"network-error-in-app","$v":"Тренутно нема приступ интернету."},{"$i":"network-error-launching","$v":[{"t":"idOrVar","v":"name"}," захтева интернет конекцију."]},{"$i":"server-not-found","$v":"Сервер није пронађен"},{"$i":"server-not-found-error","$v":["Не могу пронаћи сервер на ",{"t":"idOrVar","v":"name"},"."]},{"$i":"file-not-found","$v":"Датотека није пронађена"},{"$i":"file-not-found-error","$v":"Уређај не може да прикаже ову страницу зато што датотека није пронађена."},{"$i":"connection-failed","$v":"Не могу се повезати"},{"$i":"connection-failed-error","$v":"Десила се грешка на мрежи при покушају повезивања на овај сајт."},{"$i":"invalid-connection","$v":"Не могу се повезати"},{"$i":"invalid-connection-error","$v":"Десила се грешка на мрежи при покушају повезивања на овај сајт."},{"$i":"malformed-uri","$v":"URL није валидан"},{"$i":"malformed-uri-error","$v":"Унесен URL није валидан и не може се учитати."},{"$i":"redirect-loop","$v":"Не могу приказати страницу"},{"$i":"redirect-loop-error","$v":"Уређај не може приказати страницу зато што се страница не прослеђује правилно. Покушајте поново касније."},{"$i":"not-cached","$v":"Страница је истекла"},{"$i":"not-cached-error","$v":"Као мера безбедности, ова страница не може бити приказана јер је истекла."},{"$i":"is-printing-error","$v":"Овај документ се не може променити при штампању или при приказу у режиму за штампање."},{"$i":"denied-port-access","$v":"Ова страница је забрањена"},{"$i":"denied-port-access-error","$v":"Ова страница користи порт мреже који је обично за сврхе које нису веб прегледање. Овај уређај је отказао захтев ради Ваше безбедности."},{"$i":"proxy-resolve-failure","$v":"Грешка на прокси серверу"},{"$i":"proxy-resolve-failure-error","$v":"Овај уређај је подешен да користи прокси сервер који није пронађен."},{"$i":"proxy-connect-failure","$v":"Грешка на прокси серверу"},{"$i":"proxy-connect-failure-error","$v":"Овај уређај је подешен да користи прокси сервер који одбија да се повеже."},{"$i":"content-encoding","$v":"Не могу приказати страницу"},{"$i":"content-encoding-error","$v":"Уређај не може приказати ову страницу јер се десила грешка у кодовању садржаја."},{"$i":"remote-xul","$v":"Страница није подржана"},{"$i":"remote-xul-error","$v":"Ова страница се не може приказати јер користи технологију коју овај уређај не подржава."},{"$i":"phishing-blocked","$v":"Упозорење"},{"$i":"phishing-blocked-error","$v":"Веб сајт је пријављен као веб фалсификат који је направљен да Вам на превару узме личне и финанцијске информације."},{"$i":"malware-blocked","$v":"Напад малвера је блокиран"},{"$i":"malware-blocked-error","$v":"Веб сајт је пријављен као сајт који напада Ваш уређај и он је блокиран."},{"$i":"unsafe-content-type","$v":"Несигуран садржај"},{"$i":"unsafe-content-type-error","$v":"Ова страница не може бити приказана јер њено отварање није сигурно."},{"$i":"corrupted-content","$v":"Не могу приказати страницу"},{"$i":"corrupted-content-error","$v":"Ова страница не може бити приказана јер се десила грешка приликом преноса података."},{"$i":"try-again","$v":"Покушај"},{"$i":"check-settings","$v":"Провери поставке"},{"$i":"accessibility-enableScreenReaderSteps","$v":"Да омогућите читач екрана, притисните дугме да појачавање тона и затим дугме за смањивање тона три пута"},{"$i":"accessibility-disableScreenReaderSteps","$v":"Да онемогућите читач екрана, притисните дугме да појачавање тона и затим дугме за смањивање тона три пута"},{"$i":"accessibility-screenReaderStarted","$v":"Читач екрана започео"},{"$i":"accessibility-screenReaderStopped","$v":"Читач екрана заустављен"},{"$i":"accessibility-menubar","$v":"трака са менијем"},{"$i":"accessibility-scrollbar","$v":"линија за померање"},{"$i":"accessibility-grip","$v":"грип"},{"$i":"accessibility-alert","$v":"упозорење"},{"$i":"accessibility-menupopup","$v":"искачући мени"},{"$i":"accessibility-document","$v":"документ"},{"$i":"accessibility-pane","$v":"панел"},{"$i":"accessibility-dialog","$v":"дијалог"},{"$i":"accessibility-separator","$v":"сепаратор"},{"$i":"accessibility-toolbar","$v":"трака са алаткама"},{"$i":"accessibility-statusbar","$v":"статусна трака"},{"$i":"accessibility-table","$v":"табела"},{"$i":"accessibility-columnheader","$v":"заглавље колоне"},{"$i":"accessibility-rowheader","$v":"заглавље реда"},{"$i":"accessibility-column","$v":"колона"},{"$i":"accessibility-row","$v":"ред"},{"$i":"accessibility-cell","$v":"поље"},{"$i":"accessibility-link","$v":"веза"},{"$i":"accessibility-list","$v":"листа"},{"$i":"accessibility-listitem","$v":"ставка листе"},{"$i":"accessibility-outline","$v":"оквир"},{"$i":"accessibility-outlineitem","$v":"ставка оквира"},{"$i":"accessibility-pagetab","$v":"језичак"},{"$i":"accessibility-propertypage","$v":"страница са својствима"},{"$i":"accessibility-graphic","$v":"графика"},{"$i":"accessibility-pushbutton","$v":"дугме"},{"$i":"accessibility-checkbutton","$v":"check дугме"},{"$i":"accessibility-radiobutton","$v":"radio дугме"},{"$i":"accessibility-combobox","$v":"combo поље"},{"$i":"accessibility-progressbar","$v":"линија напредовања"},{"$i":"accessibility-slider","$v":"клизач"},{"$i":"accessibility-spinbutton","$v":"дугме за мењање вредности"},{"$i":"accessibility-diagram","$v":"дијаграм"},{"$i":"accessibility-animation","$v":"анимација"},{"$i":"accessibility-equation","$v":"једначина"},{"$i":"accessibility-buttonmenu","$v":"мени са дугмадима"},{"$i":"accessibility-whitespace","$v":"размак"},{"$i":"accessibility-pagetablist","$v":"списак језичака"},{"$i":"accessibility-canvas","$v":"платно"},{"$i":"accessibility-checkmenuitem","$v":"ставка check менија"},{"$i":"accessibility-label","$v":"ознака"},{"$i":"accessibility-passwordtext","$v":"текст лозинке"},{"$i":"accessibility-radiomenuitem","$v":"ставка radio менија"},{"$i":"accessibility-textcontainer","$v":"садржалац текста"},{"$i":"accessibility-togglebutton","$v":"toggle дугме"},{"$i":"accessibility-treetable","$v":"табела стабла"},{"$i":"accessibility-header","$v":"заглавље"},{"$i":"accessibility-footer","$v":"подножје"},{"$i":"accessibility-paragraph","$v":"пасус"},{"$i":"accessibility-entry","$v":"ставка"},{"$i":"accessibility-caption","$v":"натпис"},{"$i":"accessibility-heading","$v":"наслов"},{"$i":"accessibility-section","$v":"одељак"},{"$i":"accessibility-form","$v":"форма"},{"$i":"accessibility-comboboxlist","$v":"листа combo поља "},{"$i":"accessibility-comboboxoption","$v":"опције combo поља"},{"$i":"accessibility-imagemap","$v":"мапа слике"},{"$i":"accessibility-listboxoption","$v":"опције"},{"$i":"accessibility-listbox","$v":"листа"},{"$i":"accessibility-flatequation","$v":"линеарна једначина"},{"$i":"accessibility-gridcell","$v":"gridcell"},{"$i":"accessibility-note","$v":"примедба"},{"$i":"accessibility-figure","$v":"слика"},{"$i":"accessibility-definitionlist","$v":"листа дефиниција"},{"$i":"accessibility-term","$v":"термин"},{"$i":"accessibility-definition","$v":"дефиниција"},{"$i":"accessibility-textarea","$v":"подручје текста"},{"$i":"accessibility-textInputType_date","$v":"датум"},{"$i":"accessibility-textInputType_email","$v":"е-пошта"},{"$i":"accessibility-textInputType_search","$v":"претрага"},{"$i":"accessibility-textInputType_tel","$v":"телефон"},{"$i":"accessibility-textInputType_url","$v":"URL"},{"$i":"accessibility-headingLevel","$v":["ниво заглавља ",{"t":"idOrVar","v":"0"}]},{"$i":"accessibility-listStart","$v":"Прва ставка"},{"$i":"accessibility-listEnd","$v":"Последња ставка"},{"$i":"accessibility-listItemsCount","$v":{"zero":[{"t":"idOrVar","v":"count"}," ставки"],"one":[{"t":"idOrVar","v":"count"}," ставка"],"two":[{"t":"idOrVar","v":"count"}," ставке"],"few":[{"t":"idOrVar","v":"count"}," ставки"],"many":[{"t":"idOrVar","v":"count"}," ставки"],"other":[{"t":"idOrVar","v":"count"}," ставки"]},"$x":[{"t":"idOrVar","v":"plural"},"count"]},{"$i":"accessibility-objItemOfN","$v":[{"t":"idOrVar","v":"0"}," од ",{"t":"idOrVar","v":"1"}]},{"$i":"accessibility-banner","$v":"банер"},{"$i":"accessibility-complementary","$v":"додатни"},{"$i":"accessibility-contentinfo","$v":"информације о садржају"},{"$i":"accessibility-main","$v":"главни"},{"$i":"accessibility-navigation","$v":"навигација"},{"$i":"accessibility-search","$v":"претрага"},{"$i":"accessibility-tblColumnInfo","$v":{"zero":["са ",{"t":"idOrVar","v":"count"}," колона"],"one":["са ",{"t":"idOrVar","v":"count"}," колоном"],"two":["са ",{"t":"idOrVar","v":"count"}," колоне"],"few":["са ",{"t":"idOrVar","v":"count"}," колона"],"many":["са ",{"t":"idOrVar","v":"count"}," колона"],"other":["са ",{"t":"idOrVar","v":"count"}," колона"]},"$x":[{"t":"idOrVar","v":"plural"},"count"]},{"$i":"accessibility-tblRowInfo","$v":{"zero":["и ",{"t":"idOrVar","v":"count"}," реда"],"one":["и ",{"t":"idOrVar","v":"count"}," редом"],"two":["и ",{"t":"idOrVar","v":"count"}," реда"],"few":["и ",{"t":"idOrVar","v":"count"}," реда"],"many":["и ",{"t":"idOrVar","v":"count"}," реда"],"other":["и ",{"t":"idOrVar","v":"count"}," реда"]},"$x":[{"t":"idOrVar","v":"plural"},"count"]},{"$i":"accessibility-columnInfo","$v":["Колона ",{"t":"idOrVar","v":"0"}]},{"$i":"accessibility-rowInfo","$v":["Ред ",{"t":"idOrVar","v":"0"}]},{"$i":"accessibility-spansColumns","$v":{"zero":["распон ",{"t":"idOrVar","v":"0"}," колона"],"one":["распон ",{"t":"idOrVar","v":"0"}," колона"],"two":["распон ",{"t":"idOrVar","v":"0"}," колоне"],"few":["распон ",{"t":"idOrVar","v":"0"}," колона"],"many":["распон ",{"t":"idOrVar","v":"0"}," колона"],"other":["распон ",{"t":"idOrVar","v":"0"}," колона"]},"$x":[{"t":"idOrVar","v":"plural"},"0"]},{"$i":"accessibility-spansRows","$v":{"zero":["распон ",{"t":"idOrVar","v":"0"}," реда"],"one":["распон ",{"t":"idOrVar","v":"0"}," ред"],"two":["распон ",{"t":"idOrVar","v":"0"}," реда"],"few":["распон ",{"t":"idOrVar","v":"0"}," реда"],"many":["распон ",{"t":"idOrVar","v":"0"}," реда"],"other":["распон ",{"t":"idOrVar","v":"0"}," реда"]},"$x":[{"t":"idOrVar","v":"plural"},"0"]},{"$i":"accessibility-jumpAction","$v":"скочио"},{"$i":"accessibility-pressAction","$v":"притиснут"},{"$i":"accessibility-checkAction","$v":"означено"},{"$i":"accessibility-uncheckAction","$v":"искључи"},{"$i":"accessibility-selectAction","$v":"изабрано"},{"$i":"accessibility-unselectAction","$v":"није изабрано"},{"$i":"accessibility-openAction","$v":"отворено"},{"$i":"accessibility-closeAction","$v":"затворено"},{"$i":"accessibility-switchAction","$v":"пребачено"},{"$i":"accessibility-clickAction","$v":"кликнуто"},{"$i":"accessibility-collapseAction","$v":"скупљено"},{"$i":"accessibility-expandAction","$v":"раширен"},{"$i":"accessibility-activateAction","$v":"активирано"},{"$i":"accessibility-cycleAction","$v":"цикличан"},{"$i":"accessibility-hidden","$v":"сакривено"},{"$i":"accessibility-tabLoading","$v":"учитавам"},{"$i":"accessibility-tabLoaded","$v":"учитано"},{"$i":"accessibility-tabNew","$v":"нови језичак"},{"$i":"accessibility-tabLoadStopped","$v":"учитавање заустављено"},{"$i":"accessibility-tabReload","$v":"поново учитавам"},{"$i":"accessibility-stateChecked","$v":"означено"},{"$i":"accessibility-stateNotChecked","$v":"није означено"},{"$i":"accessibility-statePressed","$v":"притиснуто"},{"$i":"accessibility-stateExpanded","$v":"раширен"},{"$i":"accessibility-stateCollapsed","$v":"скупљено"},{"$i":"accessibility-stateUnavailable","$v":"недоступно"},{"$i":"accessibility-stateRequired","$v":"обавезно"},{"$i":"accessibility-stateTraversed","$v":"посећено"},{"$i":"accessibility-stateHasPopup","$v":"има искачући прозор"},{"$i":"accessibility-stateSelected","$v":"изабрано"},{"$i":"accessibility-editingMode","$v":"уређивање"},{"$i":"accessibility-navigationMode","$v":"навигација"},{"$i":"accessibility-quicknav_Simple","$v":"Подразумевано"},{"$i":"accessibility-quicknav_Anchor","$v":"Везе"},{"$i":"accessibility-quicknav_Button","$v":"Дугмад"},{"$i":"accessibility-quicknav_Combobox","$v":"Combo кућице"},{"$i":"accessibility-quicknav_Landmark","$v":"Обележја"},{"$i":"accessibility-quicknav_Entry","$v":"Уноси"},{"$i":"accessibility-quicknav_FormElement","$v":"Елементи форме"},{"$i":"accessibility-quicknav_Graphic","$v":"Слике"},{"$i":"accessibility-quicknav_Heading","$v":"Заглавља"},{"$i":"accessibility-quicknav_ListItem","$v":"Ставке листа"},{"$i":"accessibility-quicknav_Link","$v":"Везе"},{"$i":"accessibility-quicknav_List","$v":"Листе"},{"$i":"accessibility-quicknav_PageTab","$v":"Језичци страница"},{"$i":"accessibility-quicknav_RadioButton","$v":"Радио дугмад"},{"$i":"accessibility-quicknav_Separator","$v":"Сепаратори"},{"$i":"accessibility-quicknav_Table","$v":"Табеле"},{"$i":"accessibility-quicknav_Checkbox","$v":"Check поља"},{"$i":"accessibility-menubarAbbr","$v":"трака са менијем"},{"$i":"accessibility-scrollbarAbbr","$v":"линија за померање"},{"$i":"accessibility-gripAbbr","$v":"грип"},{"$i":"accessibility-alertAbbr","$v":"упозорење"},{"$i":"accessibility-menupopupAbbr","$v":"искачући мени"},{"$i":"accessibility-documentAbbr","$v":"документ"},{"$i":"accessibility-paneAbbr","$v":"панел"},{"$i":"accessibility-dialogAbbr","$v":"дијалог"},{"$i":"accessibility-separatorAbbr","$v":"сепаратор"},{"$i":"accessibility-toolbarAbbr","$v":"трака са алаткама"},{"$i":"accessibility-statusbarAbbr","$v":"статусна трака"},{"$i":"accessibility-tableAbbr","$v":"таб"},{"$i":"accessibility-columnheaderAbbr","$v":"заглавље колоне"},{"$i":"accessibility-rowheaderAbbr","$v":"заглавље реда"},{"$i":"accessibility-columnAbbr","$v":"колона"},{"$i":"accessibility-rowAbbr","$v":"ред"},{"$i":"accessibility-cellAbbr","$v":"поље"},{"$i":"accessibility-linkAbbr","$v":"веза"},{"$i":"accessibility-listAbbr","$v":"листа"},{"$i":"accessibility-listitemAbbr","$v":"ставка листе"},{"$i":"accessibility-outlineAbbr","$v":"оквир"},{"$i":"accessibility-outlineitemAbbr","$v":"ставка оквира"},{"$i":"accessibility-pagetabAbbr","$v":"језичак"},{"$i":"accessibility-propertypageAbbr","$v":"страница са својствима"},{"$i":"accessibility-graphicAbbr","$v":"графика"},{"$i":"accessibility-pushbuttonAbbr","$v":"дуг"},{"$i":"accessibility-checkbuttonAbbr","$v":"check дугме"},{"$i":"accessibility-radiobuttonAbbr","$v":"radio дугме"},{"$i":"accessibility-comboboxAbbr","$v":"combo поље"},{"$i":"accessibility-progressbarAbbr","$v":"линија напредовања"},{"$i":"accessibility-sliderAbbr","$v":"клизач"},{"$i":"accessibility-spinbuttonAbbr","$v":"дугме за мењање вредности"},{"$i":"accessibility-diagramAbbr","$v":"дијаграм"},{"$i":"accessibility-animationAbbr","$v":"анимација"},{"$i":"accessibility-equationAbbr","$v":"једначина"},{"$i":"accessibility-buttonmenuAbbr","$v":"мени са дугмадима"},{"$i":"accessibility-whitespaceAbbr","$v":"размак"},{"$i":"accessibility-pagetablistAbbr","$v":"списак језичака"},{"$i":"accessibility-canvasAbbr","$v":"платно"},{"$i":"accessibility-checkmenuitemAbbr","$v":"ставка check менија"},{"$i":"accessibility-labelAbbr","$v":"ознака"},{"$i":"accessibility-passwordtextAbbr","$v":"текстлоз"},{"$i":"accessibility-radiomenuitemAbbr","$v":"ставка radio менија"},{"$i":"accessibility-textcontainerAbbr","$v":"садржалац текста"},{"$i":"accessibility-togglebuttonAbbr","$v":"toggle дугме"},{"$i":"accessibility-treetableAbbr","$v":"табела стабла"},{"$i":"accessibility-headerAbbr","$v":"заглавље"},{"$i":"accessibility-footerAbbr","$v":"подножје"},{"$i":"accessibility-paragraphAbbr","$v":"пасус"},{"$i":"accessibility-entryAbbr","$v":"ставка"},{"$i":"accessibility-captionAbbr","$v":"натпис"},{"$i":"accessibility-headingAbbr","$v":"наслов"},{"$i":"accessibility-sectionAbbr","$v":"одељак"},{"$i":"accessibility-formAbbr","$v":"форма"},{"$i":"accessibility-comboboxlistAbbr","$v":"листа combo поља "},{"$i":"accessibility-comboboxoptionAbbr","$v":"опције combo поља"},{"$i":"accessibility-imagemapAbbr","$v":"мапасл"},{"$i":"accessibility-listboxoptionAbbr","$v":"опције"},{"$i":"accessibility-listboxAbbr","$v":"листа"},{"$i":"accessibility-flatequationAbbr","$v":"линеарна једначина"},{"$i":"accessibility-gridcellAbbr","$v":"gridcell"},{"$i":"accessibility-noteAbbr","$v":"примедба"},{"$i":"accessibility-figureAbbr","$v":"сл"},{"$i":"accessibility-definitionlistAbbr","$v":"листа дефиниција"},{"$i":"accessibility-termAbbr","$v":"термин"},{"$i":"accessibility-definitionAbbr","$v":"дефиниција"},{"$i":"accessibility-textareaAbbr","$v":"подртек"},{"$i":"accessibility-tblColumnInfoAbbr","$v":{"one":[{"t":"idOrVar","v":"count"},"к"],"two":[{"t":"idOrVar","v":"count"},"к"],"few":[{"t":"idOrVar","v":"count"},"к"],"many":[{"t":"idOrVar","v":"count"},"к"],"other":[{"t":"idOrVar","v":"count"},"к"]},"$x":[{"t":"idOrVar","v":"plural"},"count"]},{"$i":"accessibility-tblRowInfoAbbr","$v":{"one":[{"t":"idOrVar","v":"count"},"р"],"two":[{"t":"idOrVar","v":"count"},"р"],"few":[{"t":"idOrVar","v":"count"},"р"],"many":[{"t":"idOrVar","v":"count"},"р"],"other":[{"t":"idOrVar","v":"count"},"р"]},"$x":[{"t":"idOrVar","v":"plural"},"count"]},{"$i":"accessibility-cellInfoAbbr","$v":["к",{"t":"idOrVar","v":"0"},"р",{"t":"idOrVar","v":"1"}]},{"$i":"accessibility-stateCheckedAbbr","$v":"(x)"},{"$i":"accessibility-stateUncheckedAbbr","$v":"( )"},{"$i":"accessibility-statePressedAbbr","$v":"(x)"},{"$i":"accessibility-stateUnpressedAbbr","$v":"( )"},{"$i":"accessibility-pushbutton-hint","$v":"Double tap to activate"},{"$i":"accessibility-checkbutton-hint","$v":"Double tap to activate"},{"$i":"accessibility-combobox-hint","$v":"Double tap to activate"},{"$i":"accessibility-key-hint","$v":"Prese and hold to activate"},{"$i":"accessibility-link-hint","$v":"Double tap to activate"},{"$i":"accessibility-menuitem-hint","$v":"Double tap to activate"},{"$i":"accessibility-option-hint","$v":"Double tap to activate"},{"$i":"accessibility-radiobutton-hint","$v":"Double tap to activate"},{"$i":"accessibility-slider-hint","$v":"Swipe up to increase or down to decrease"},{"$i":"accessibility-spinbutton-hint","$v":"Swipe up to increase or down to decrease"},{"$i":"accessibility-pagetab-hint","$v":"Double tap to activate"},{"$i":"accessibility-entry-hint","$v":"Double tap to activate"},{"$i":"accessibility-outlineitem-hint","$v":"Double tap to activate"},{"$i":"weekday-0-long","$v":"Недеља"},{"$i":"weekday-1-long","$v":"Понедељак"},{"$i":"weekday-2-long","$v":"Уторак"},{"$i":"weekday-3-long","$v":"Среда"},{"$i":"weekday-4-long","$v":"Четвртак"},{"$i":"weekday-5-long","$v":"Петак"},{"$i":"weekday-6-long","$v":"Субота"},{"$i":"weekday-0-short","$v":"Нед"},{"$i":"weekday-1-short","$v":"Пон"},{"$i":"weekday-2-short","$v":"Уто"},{"$i":"weekday-3-short","$v":"Сре"},{"$i":"weekday-4-short","$v":"Чет"},{"$i":"weekday-5-short","$v":"Пет"},{"$i":"weekday-6-short","$v":"Суб"},{"$i":"month-0-long","$v":"јануар"},{"$i":"month-1-long","$v":"фебруар"},{"$i":"month-2-long","$v":"март"},{"$i":"month-3-long","$v":"април"},{"$i":"month-4-long","$v":"мај"},{"$i":"month-5-long","$v":"јун"},{"$i":"month-6-long","$v":"јул"},{"$i":"month-7-long","$v":"август"},{"$i":"month-8-long","$v":"септембар"},{"$i":"month-9-long","$v":"октобар"},{"$i":"month-10-long","$v":"новембар"},{"$i":"month-11-long","$v":"децембар"},{"$i":"month-0-genitive","$v":"јануара"},{"$i":"month-1-genitive","$v":"фебруара"},{"$i":"month-2-genitive","$v":"марта"},{"$i":"month-3-genitive","$v":"априла"},{"$i":"month-4-genitive","$v":"маја"},{"$i":"month-5-genitive","$v":"јуна"},{"$i":"month-6-genitive","$v":"јула"},{"$i":"month-7-genitive","$v":"августа"},{"$i":"month-8-genitive","$v":"септембра"},{"$i":"month-9-genitive","$v":"октобра"},{"$i":"month-10-genitive","$v":"новембра"},{"$i":"month-11-genitive","$v":"децембра"},{"$i":"month-0-short","$v":"јан"},{"$i":"month-1-short","$v":"феб"},{"$i":"month-2-short","$v":"мар"},{"$i":"month-3-short","$v":"апр"},{"$i":"month-4-short","$v":"мај"},{"$i":"month-5-short","$v":"јун"},{"$i":"month-6-short","$v":"јул"},{"$i":"month-7-short","$v":"авг"},{"$i":"month-8-short","$v":"сеп"},{"$i":"month-9-short","$v":"окт"},{"$i":"month-10-short","$v":"нов"},{"$i":"month-11-short","$v":"дец"},{"$i":"minutes-ago-long","$v":{"zero":"управо","one":"пре минут","two":["пре ",{"t":"idOrVar","v":"value"}," минута"],"few":["пре ",{"t":"idOrVar","v":"value"}," минута"],"many":["пре ",{"t":"idOrVar","v":"value"}," минута"],"other":["пре ",{"t":"idOrVar","v":"value"}," минута"]},"$x":[{"t":"idOrVar","v":"plural"},"value"]},{"$i":"hours-ago-long","$v":{"zero":"управо","one":"пре сат времена","two":["пре ",{"t":"idOrVar","v":"value"}," сата"],"few":["пре ",{"t":"idOrVar","v":"value"}," сати"],"many":["пре ",{"t":"idOrVar","v":"value"}," сати"],"other":["пре ",{"t":"idOrVar","v":"value"}," сати"]},"$x":[{"t":"idOrVar","v":"plural"},"value"]},{"$i":"days-ago-long","$v":{"zero":"данас","one":"јуче","two":["пре ",{"t":"idOrVar","v":"value"}," дана"],"few":["пре ",{"t":"idOrVar","v":"value"}," дана"],"many":["пре ",{"t":"idOrVar","v":"value"}," дана"],"other":["пре ",{"t":"idOrVar","v":"value"}," дана"]},"$x":[{"t":"idOrVar","v":"plural"},"value"]},{"$i":"weeks-ago-long","$v":{"zero":"ове недеље","one":"прошле недеље","two":["пре ",{"t":"idOrVar","v":"value"}," недеље"],"few":["пре ",{"t":"idOrVar","v":"value"}," недеља"],"many":["пре ",{"t":"idOrVar","v":"value"}," недеља"],"other":["пре ",{"t":"idOrVar","v":"value"}," недеља"]},"$x":[{"t":"idOrVar","v":"plural"},"value"]},{"$i":"months-ago-long","$v":{"zero":"овог месеца","one":"прошлог месеца","two":["пре ",{"t":"idOrVar","v":"value"}," месеца"],"few":["пре ",{"t":"idOrVar","v":"value"}," месеци"],"many":["пре ",{"t":"idOrVar","v":"value"}," месеци"],"other":["пре ",{"t":"idOrVar","v":"value"}," месеци"]},"$x":[{"t":"idOrVar","v":"plural"},"value"]},{"$i":"years-ago-long","$v":{"zero":"ове године","one":"прошле године","two":["пре ",{"t":"idOrVar","v":"value"}," године"],"few":["пре ",{"t":"idOrVar","v":"value"}," година"],"many":["пре ",{"t":"idOrVar","v":"value"}," година"],"other":["пре ",{"t":"idOrVar","v":"value"}," година"]},"$x":[{"t":"idOrVar","v":"plural"},"value"]},{"$i":"minutes-until-long","$v":{"zero":"управо","one":"за један минут","two":["за ",{"t":"idOrVar","v":"value"}," минута"],"few":["за ",{"t":"idOrVar","v":"value"}," минута"],"many":["за ",{"t":"idOrVar","v":"value"}," минута"],"other":["за ",{"t":"idOrVar","v":"value"}," минута"]},"$x":[{"t":"idOrVar","v":"plural"},"value"]},{"$i":"hours-until-long","$v":{"zero":"управо","one":"за сат времена","two":["за ",{"t":"idOrVar","v":"value"}," сата"],"few":["за ",{"t":"idOrVar","v":"value"}," сати"],"many":["за ",{"t":"idOrVar","v":"value"}," сати"],"other":["за ",{"t":"idOrVar","v":"value"}," сати"]},"$x":[{"t":"idOrVar","v":"plural"},"value"]},{"$i":"days-until-long","$v":{"zero":"данас","one":"сутра","two":["за ",{"t":"idOrVar","v":"value"}," дана"],"few":["за ",{"t":"idOrVar","v":"value"}," дана"],"many":["за ",{"t":"idOrVar","v":"value"}," дана"],"other":["за ",{"t":"idOrVar","v":"value"}," дана"]},"$x":[{"t":"idOrVar","v":"plural"},"value"]},{"$i":"weeks-until-long","$v":{"zero":"ове недеље","one":"следеће недеље","two":["за ",{"t":"idOrVar","v":"value"}," недеље"],"few":["за ",{"t":"idOrVar","v":"value"}," недеља"],"many":["за ",{"t":"idOrVar","v":"value"}," недеља"],"other":["за ",{"t":"idOrVar","v":"value"}," недеља"]},"$x":[{"t":"idOrVar","v":"plural"},"value"]},{"$i":"months-until-long","$v":{"zero":"овог месеца","one":"следећег месеца","two":["за ",{"t":"idOrVar","v":"value"}," месеца"],"few":["за ",{"t":"idOrVar","v":"value"}," месеци"],"many":["за ",{"t":"idOrVar","v":"value"}," месеци"],"other":["за ",{"t":"idOrVar","v":"value"}," месеци"]},"$x":[{"t":"idOrVar","v":"plural"},"value"]},{"$i":"years-until-long","$v":{"zero":"ове године","one":"следеће године","two":["за ",{"t":"idOrVar","v":"value"}," године"],"few":["за ",{"t":"idOrVar","v":"value"}," година"],"many":["за ",{"t":"idOrVar","v":"value"}," година"],"other":["за ",{"t":"idOrVar","v":"value"}," година"]},"$x":[{"t":"idOrVar","v":"plural"},"value"]},{"$i":"minutes-ago-short","$v":{"zero":"управо","other":["пре ",{"t":"idOrVar","v":"value"},"м"]},"$x":[{"t":"idOrVar","v":"plural"},"value"]},{"$i":"hours-ago-short","$v":{"zero":"управо","other":["пре ",{"t":"idOrVar","v":"value"},"с"]},"$x":[{"t":"idOrVar","v":"plural"},"value"]},{"$i":"days-ago-short","$v":{"zero":"данас","other":["пре ",{"t":"idOrVar","v":"value"},"д"]},"$x":[{"t":"idOrVar","v":"plural"},"value"]},{"$i":"minutes-until-short","$v":{"zero":"управо","other":["за ",{"t":"idOrVar","v":"value"},"м"]},"$x":[{"t":"idOrVar","v":"plural"},"value"]},{"$i":"hours-until-short","$v":{"zero":"управо","other":["за ",{"t":"idOrVar","v":"value"},"с"]},"$x":[{"t":"idOrVar","v":"plural"},"value"]},{"$i":"days-until-short","$v":{"zero":"данас","other":["за ",{"t":"idOrVar","v":"value"},"д"]},"$x":[{"t":"idOrVar","v":"plural"},"value"]},{"$i":"incorrectDate","$v":"(нетачан датум)"},{"$i":"dateTimeFormat_%c","$v":"%a %e %b %Y %H:%M:%S"},{"$i":"dateTimeFormat_%x","$v":"%d.%m.%Y"},{"$i":"dateTimeFormat_%X","$v":"%H:%M:%S"},{"$i":"shortTimeFormat","$v":"%H:%M"},{"$i":"shortTimeFormat12","$v":"%I:%M %p"},{"$i":"shortTimeFormat24","$v":"%H:%M"},{"$i":"shortDateTimeFormat","$v":"%x %H:%M"},{"$i":"weekStartsOnMonday","$v":"1"},{"$i":"firstDayOfTheWeek","$v":"1"},{"$i":"time_am","$v":"AM"},{"$i":"time_pm","$v":"PM"},{"$i":"title-app","$v":"Дозволе апл."},{"$i":"title-web","$v":"Дозволе сајтова"},{"$i":"title-cam","$v":"Изабери камеру"},{"$i":"perm-alarms","$v":"Направи будилник"},{"$i":"perm-audio-capture","$v":"Микрофон"},{"$i":"perm-audio-capture-appRequest","$v":["Да ли бисте желели да поделите Ваш микрофон са ",{"t":"idOrVar","v":"app"},"?"]},{"$i":"perm-audio-capture-webRequest","$v":["Да ли бисте желели да поделите Ваш микрофон са ",{"t":"idOrVar","v":"site"},"?"]},{"$i":"perm-audio-channel-content","$v":"Репродукуј звукове"},{"$i":"perm-audio-channel-notification","$v":"Репродукуј звукове за обавештења"},{"$i":"perm-audio-channel-ringer","$v":"Репродукуј мелодију"},{"$i":"perm-background-sensors","$v":"Приступи подацимма сензора"},{"$i":"perm-bluetooth","$v":"Bluetooth"},{"$i":"perm-browser","$v":"Прегледај веб странице"},{"$i":"perm-camera","$v":"Камере"},{"$i":"perm-camera-selector-appRequest","$v":["Изабери камеру за ",{"t":"idOrVar","v":"app"},"."]},{"$i":"perm-camera-selector-webRequest","$v":["Изабери камеру за ",{"t":"idOrVar","v":"site"},"."]},{"$i":"perm-cellbroadcast","$v":"Инфо сервис"},{"$i":"perm-contacts","$v":"Контакти"},{"$i":"perm-contacts-appRequest","$v":[{"t":"idOrVar","v":"app"}," жели да приступи Вашим контактима."]},{"$i":"perm-contacts-webRequest","$v":[{"t":"idOrVar","v":"site"}," жели да приступи Вашим контактима."]},{"$i":"perm-desktop-notification","$v":"Обавештења"},{"$i":"perm-desktop-notification-appRequest","$v":[{"t":"idOrVar","v":"app"}," жели да приказује обавештења."]},{"$i":"perm-desktop-notification-webRequest","$v":[{"t":"idOrVar","v":"site"}," жели да приказује обавештења."]},{"$i":"perm-device-storage-apps","$v":"Складиште апликације"},{"$i":"perm-device-storage-music","$v":"Складиште музике"},{"$i":"perm-device-storage-music-appRequest","$v":[{"t":"idOrVar","v":"app"}," жели да приступи Вашој музици."]},{"$i":"perm-device-storage-music-webRequest","$v":[{"t":"idOrVar","v":"site"}," жели да приступи Вашој музици."]},{"$i":"perm-device-storage-pictures","$v":"Складиште слика"},{"$i":"perm-device-storage-pictures-appRequest","$v":[{"t":"idOrVar","v":"app"}," жели да приступи Вашим сликама."]},{"$i":"perm-device-storage-pictures-webRequest","$v":[{"t":"idOrVar","v":"site"}," жели да приступи Вашим сликама."]},{"$i":"perm-device-storage-sdcard","$v":"Складиште меморијске картице"},{"$i":"perm-device-storage-sdcard-appRequest","$v":[{"t":"idOrVar","v":"app"}," жели да приступи Вашој меморијској картици."]},{"$i":"perm-device-storage-sdcard-webRequest","$v":[{"t":"idOrVar","v":"site"}," жели да приступи Вашој меморијској картици."]},{"$i":"perm-device-storage-videos","$v":"Складиште видео снимака"},{"$i":"perm-device-storage-videos-appRequest","$v":[{"t":"idOrVar","v":"app"}," жели да приступи Вашим видео снимцима."]},{"$i":"perm-device-storage-videos-webRequest","$v":[{"t":"idOrVar","v":"site"}," жели да приступи Вашим видео снимцима."]},{"$i":"perm-embed-apps","$v":"Уграђене апл."},{"$i":"perm-fmradio","$v":"FМ Радио"},{"$i":"perm-fmradio-appRequest","$v":[{"t":"idOrVar","v":"app"}," жели да користи FM радио."]},{"$i":"perm-fmradio-webRequest","$v":[{"t":"idOrVar","v":"site"}," жели да користи FM радио."]},{"$i":"perm-geolocation","$v":"Геолокација"},{"$i":"perm-geolocation-appRequest","$v":[{"t":"idOrVar","v":"app"}," жели да зна Вашу локацију."]},{"$i":"perm-geolocation-more-info","$v":[{"t":"idOrVar","v":"brandShortName"}," користи GPS податке, Wi-Fi податке и податке мобилних мрежа у Вашој близини ради утврђивања Ваше приближне локације. Подаци се шаљу Mozilla фондацији и осталим пружаоцима услуга и биће коришћени за унапређивање базе података са локацијама. Подаци могу бити смештени на Вашем уређају а прикупљање података може почети у било ком тренутку, чак и када ни једна апликација није покренута."]},{"$i":"perm-geolocation-webRequest","$v":[{"t":"idOrVar","v":"site"}," жели да зна Вашу локацију."]},{"$i":"perm-idle","$v":"Погледај статус мировања"},{"$i":"perm-indexedDB-chrome-settings","$v":"Привилегован IndexedDB"},{"$i":"perm-indexedDB-unlimited","$v":"Бесконачно IndexedDB складишта"},{"$i":"perm-input-manage","$v":"Управљај тастатурама"},{"$i":"perm-input","$v":"Понашај се као тастатура"},{"$i":"perm-media-capture","$v":"Камера и микрофон"},{"$i":"perm-media-capture-appRequest","$v":["Да ли бисте желели да поделите Вашу камеру и микрофон са ",{"t":"idOrVar","v":"app"},"?"]},{"$i":"perm-media-capture-webRequest","$v":["Да ли бисте желели да поделите Вашу камеру и микрофон са ",{"t":"idOrVar","v":"site"},"?"]},{"$i":"perm-mobileconnection","$v":"Мобилна веза"},{"$i":"perm-mobileid","$v":"Мобилни идентитет"},{"$i":"perm-network-events","$v":"Мрежни догађаји"},{"$i":"perm-open-remote-window","$v":"Покрени апликацију"},{"$i":"perm-permissions","$v":"Измени овлашћења апл."},{"$i":"perm-power","$v":"Поставке за напајање"},{"$i":"perm-settings","$v":"Измени поставке"},{"$i":"perm-systemXHR","$v":"Cross-Origin захтев"},{"$i":"perm-telephony","$v":"Телефонија"},{"$i":"perm-video-capture","$v":"Камера"},{"$i":"perm-video-capture-appRequest","$v":["Да ли бисте желели да поделите Вашу камеру са ",{"t":"idOrVar","v":"app"},"?"]},{"$i":"perm-video-capture-webRequest","$v":["Да ли бисте желели да поделите Вашу камеру са ",{"t":"idOrVar","v":"site"},"?"]},{"$i":"perm-voicemail","$v":"Управљај говорну пошту"},{"$i":"perm-webapps-manage","$v":"Инсталирај web апл."},{"$i":"perm-wifi-manage","$v":"Управљај Wi-Fi"},{"$i":"perm-attention","$v":"Отвори Overlay Popups"},{"$i":"perm-audio-channel-alarm","$v":"Репродукуј звук аларма"},{"$i":"perm-audio-channel-normal","$v":"Репродукуј звук"},{"$i":"perm-audio-channel-publicnotification","$v":"Репродукуј звукове јавног обавештења"},{"$i":"perm-audio-channel-telephony","$v":"Репродукуј звукове телефоније"},{"$i":"perm-backgroundservice","$v":"Понашај се као позадински сервис"},{"$i":"perm-device-storage-crashes","$v":"Складиште за податке пада"},{"$i":"perm-downloads","$v":"Приступи преузимањима"},{"$i":"perm-embed-widgets","$v":"Ургађени Widget-и"},{"$i":"perm-feature-detection","$v":"Детекција могућности"},{"$i":"perm-firefox-accounts","$v":"Firefox налози"},{"$i":"perm-mobilenetwork","$v":"Мобилна мрежа"},{"$i":"perm-moz-attention","$v":"Отвори Overlay Popups (moz)"},{"$i":"perm-moz-audio-channel-ringer","$v":"Репродукуј звук аларма (moz)"},{"$i":"perm-moz-audio-channel-telephony","$v":"Репродукуј звукове телефоније (moz)"},{"$i":"perm-moz-firefox-accounts","$v":"Firefox налози (moz)"},{"$i":"perm-networkstats-manage","$v":"Контролиши статистику коришћења"},{"$i":"perm-nfc","$v":"NFC"},{"$i":"perm-nfc-hci-events","$v":"NFC HCI догађаји"},{"$i":"perm-nfc-manager","$v":"Управљај NFC"},{"$i":"perm-phonenumberservice","$v":"Телефонски број сервиса"},{"$i":"perm-push","$v":"Push API"},{"$i":"perm-resourcestats-manage","$v":"Статистка ресурса"},{"$i":"perm-sms","$v":"Пошаљи и прочитај SMS"},{"$i":"perm-speaker-control","$v":"Контролиши јачину звука"},{"$i":"perm-storage","$v":"Приступи складишту"},{"$i":"perm-tcp-socket","$v":"TCP сокети"},{"$i":"perm-test-permission","$v":"Овлашћење за тест"},{"$i":"perm-time","$v":"Постави датум и време"},{"$i":"perm-udp-socket","$v":"UDP сокети"},{"$i":"perm-wappush","$v":"WAP Push"},{"$i":"stopped_download_title","$v":"Преузимање заустављено"},{"$i":"stopped_download_message","$v":"Преузимање је заустављено. Покушати поново преузети?"},{"$i":"stopped_download_left_button","$v":"Откажи"},{"$i":"stopped_download_right_button","$v":"Покушај"},{"$i":"failed_download_title","$v":"Преузимање неуспешно"},{"$i":"failed_download_message","$v":[{"t":"idOrVar","v":"name"}," није преузет. Покушати поново преузети?"]},{"$i":"failed_download_left_button","$v":"Откажи"},{"$i":"failed_download_right_button","$v":"Покушај"},{"$i":"stop_download_title","$v":"Заустави преузимање"},{"$i":"stop_download_message","$v":"Да ли сте сигурни да желите зауставити преузимање?"},{"$i":"stop_download_left_button","$v":"Не"},{"$i":"stop_download_right_button","$v":"Да"},{"$i":"delete_download_title","$v":"Избриши"},{"$i":"delete_download_message","$v":["Избриши ",{"t":"idOrVar","v":"name"},"?"]},{"$i":"delete_download_left_button","$v":"Откажи"},{"$i":"delete_download_right_button","$v":"Избриши"},{"$i":"delete_all_download_title","$v":"Избриши"},{"$i":"delete_all_download_left_button","$v":"Откажи"},{"$i":"delete_all_download_right_button","$v":"Избриши"},{"$i":"delete_all_download_message","$v":{"zero":"Немој избрисати датотеке?","one":"Избрисати једну датотеку?","two":["Избрисати ",{"t":"idOrVar","v":"number"}," датотеке?"],"few":["Избрисати ",{"t":"idOrVar","v":"number"}," датотека?"],"many":["Избрисати ",{"t":"idOrVar","v":"number"}," датотека?"],"other":["Избрисати ",{"t":"idOrVar","v":"number"}," датотека?"]},"$x":[{"t":"idOrVar","v":"plural"},"number"]},{"$i":"unsupported_file_type_download_title","$v":"Не могу отворити"},{"$i":"unsupported_file_type_download_message","$v":["Не постоји апликација са којом можете отворити ",{"t":"idOrVar","v":"name"},". Да ли желите да сачувате датотеку или да је избришете?"]},{"$i":"unsupported_file_type_download_left_button","$v":"Сачувај"},{"$i":"unsupported_file_type_download_right_button","$v":"Избриши"},{"$i":"file_not_found_download_title","$v":"Датотека није пронађена"},{"$i":"file_not_found_download_message","$v":"Датотека није пронађена на уређају"},{"$i":"file_not_found_download_right_button","$v":"У реду"},{"$i":"unmounted_sdcard_2_download_title","$v":"Меморијска картица је у употреби"},{"$i":"unmounted_sdcard_2_download_message","$v":"Искључите кабел из телефона"},{"$i":"unmounted_sdcard_2_download_right_button","$v":"У реду"},{"$i":"no_provider_download_title","$v":"Не могу делити"},{"$i":"no_provider_download_message","$v":"Није пронађен провајдер"},{"$i":"no_provider_download_right_button","$v":"У реду"},{"$i":"no_memory_download_title","$v":"SD картица је пуна"},{"$i":"no_memory_download_message","$v":"Нема више места на Вашој SD картици за чувавање преузимања. Молимо Вас избришите неке датотеке пре него што поново покушате преузети датотеке."},{"$i":"no_memory_download_right_button","$v":"У реду"},{"$i":"no_sdcard_found_2_download_title","$v":"Није пронађена меморијска картица"},{"$i":"no_sdcard_found_2_download_message","$v":"Убаците меморијску картицу или одаберите друго подразумевано место за чување медија у поставкама"},{"$i":"no_sdcard_found_2_download_right_button","$v":"У реду"},{"$i":"file_open_error_download_title","$v":"Не могу отворити"},{"$i":"file_open_error_download_message","$v":["Не могу отворити датотеку ",{"t":"idOrVar","v":"name"},". Да ли желите да је сачувате или избришете?"]},{"$i":"file_open_error_download_left_button","$v":"Сачувај"},{"$i":"file_open_error_download_right_button","$v":"Избриши"},{"$i":"restart_download_error","$v":"Дошло је до грешке приликом поновног покушаја преузимања. Молимо Вас покушајте да поново преузмете."},{"$i":"no-downloads","$v":"Нема преузимања"},{"$i":"percentage","$v":[{"t":"idOrVar","v":"percentage"}," %"]},{"$i":"partialResult","$v":[{"t":"idOrVar","v":"partial"}," од ",{"t":"idOrVar","v":"total"}]},{"$i":"summary","$v":[{"t":"idOrVar","v":"date"}," - ",{"t":"idOrVar","v":"status"}]},{"$i":"download-stopped","$v":"Заустављено"},{"$i":"download-failed","$v":"Преузимање неуспешно"},{"$i":"open_downloaded_file","$v":"Отвори"},{"$i":"share_downloaded_file","$v":"Подели"},{"$i":"wallpaper_downloaded_file","$v":"Постави као позадину"},{"$i":"ringtone_downloaded_file","$v":"Постави као мелодију"},{"$i":"cancel_downloaded_file","$v":"Откажи"},{"$i":"voicemailNoNumberTitle","$v":"Број говорне поште је недоступан"},{"$i":"voicemailNoNumberText","$v":"Позивање говорне поште није могуће. Подесите број говорне поште да бисте позвали."},{"$i":"voicemailNoNumberSettings","$v":"Поставке"},{"$i":"voicemailNoNumberCancel","$v":"Откажи"},{"$i":"airplaneMode","$v":"Режим рада у авиону"},{"$i":"searching","$v":"Претрага…"},{"$i":"noNetwork","$v":"Нема мреже"},{"$i":"roaming","$v":[{"t":"idOrVar","v":"operator"}," (Роминг)"]},{"$i":"operator-info","$v":[{"t":"idOrVar","v":"carrier"}," ",{"t":"idOrVar","v":"region"}]},{"$i":"emergencyCallsOnly-unknownSIMState","$v":"(непознат SIM статус)"},{"$i":"emergencyCallsOnly-noSIM","$v":"(Нема SIM картице)"},{"$i":"emergencyCallsOnly-pinRequired","$v":"(SIM PIN је неопходан)"},{"$i":"emergencyCallsOnly-pukRequired","$v":"(SIM PUK је неопходан)"},{"$i":"emergencyCallsOnly-networkLocked","$v":"(мрежа је закључана)"},{"$i":"emergencyCallsOnly-serviceProviderLocked","$v":"(закључан од стране провајдера)"},{"$i":"emergencyCallsOnly-corporateLocked","$v":"(закључан од стране компаније)"},{"$i":"emergencyCallsOnly-network1Locked","$v":"(мрежа1 је закључана)"},{"$i":"emergencyCallsOnly-network2Locked","$v":"(мрежа2 је закључана)"},{"$i":"emergencyCallsOnly-hrpdNetworkLocked","$v":"(hrpd мрежа је закључана)"},{"$i":"emergencyCallsOnly-ruimCorporateLocked","$v":"(ruim мрежа је закључана)"},{"$i":"emergencyCallsOnly-ruimServiceProviderLocked","$v":"(ruim провајдер сервиса је закључан)"},{"$i":"lockscreen-sim-id","$v":["SIM ",{"t":"idOrVar","v":"n"}]},{"$i":"charging-status-no-time","$v":[{"t":"idOrVar","v":"level"},"% напуњено"]},{"$i":"charging-status-minutes","$v":{"zero":[{"t":"idOrVar","v":"level"},"% напуњено (",{"t":"idOrVar","v":"minutes"}," мин остало)"],"one":[{"t":"idOrVar","v":"level"},"% напуњено (",{"t":"idOrVar","v":"minutes"}," мин остао)"],"two":[{"t":"idOrVar","v":"level"},"% напуњено (",{"t":"idOrVar","v":"minutes"}," мин остала)"],"few":[{"t":"idOrVar","v":"level"},"% напуњено (",{"t":"idOrVar","v":"minutes"}," мин остало)"],"many":[{"t":"idOrVar","v":"level"},"% напуњено (",{"t":"idOrVar","v":"minutes"}," мин остало)"],"other":[{"t":"idOrVar","v":"level"},"% напуњено (",{"t":"idOrVar","v":"minutes"}," мин остало)"]},"$x":[{"t":"idOrVar","v":"plural"},"minutes"]},{"$i":"charging-status-hours","$v":{"zero":[{"t":"idOrVar","v":"level"},"% напуњено (",{"t":"idOrVar","v":"hours"},"с ",{"t":"idOrVar","v":"minutes"}," мин остало)"],"one":[{"t":"idOrVar","v":"level"},"% напуњено (",{"t":"idOrVar","v":"hours"},"с ",{"t":"idOrVar","v":"minutes"}," мин остао)"],"two":[{"t":"idOrVar","v":"level"},"% напуњено (",{"t":"idOrVar","v":"hours"},"с ",{"t":"idOrVar","v":"minutes"}," мин остала)"],"few":[{"t":"idOrVar","v":"level"},"% напуњено (",{"t":"idOrVar","v":"hours"},"с ",{"t":"idOrVar","v":"minutes"}," мин остало)"],"many":[{"t":"idOrVar","v":"level"},"% напуњено (",{"t":"idOrVar","v":"hours"},"с ",{"t":"idOrVar","v":"minutes"}," мин остало)"],"other":[{"t":"idOrVar","v":"level"},"% напуњено (",{"t":"idOrVar","v":"hours"},"с ",{"t":"idOrVar","v":"minutes"}," мин остало)"]},"$x":[{"t":"idOrVar","v":"plural"},"minutes"]},{"$i":"gaia-menu-cancel","$v":"Откажи"}]