[{"$i":"share","$v":"Paylaş"},{"$i":"resend","$v":"Yeniden gönder"},{"$i":"connecting","$v":"Bağlanılıyor"},{"$i":"verify","$v":"Doğrula"},{"$i":"verifying","$v":"Doğrulanıyor"},{"$i":"verified","$v":"Doğrulandı"},{"$i":"mobileIDExplanation","$v":[{"t":"idOrVar","v":"app_name"}," telefon numaranızı öğrenmek ve doğrulamak istiyor. Lütfen hangisini paylaşmak istediğinizi seçin veya yeni bir numara girin."]},{"$i":"verificationCodeExplanation","$v":[{"t":"idOrVar","v":"phone_number"}," numarasına bir kod gönderdik. Kodu otomatik olarak okumaya çalışacağız ama numara bu cihazda değilse kodu elle girmeniz gerekecek."]},{"$i":"successMessage","$v":["Şahane! ",{"t":"idOrVar","v":"phone_number"}," numaranız doğrulandı ve artık ",{"t":"idOrVar","v":"app_name"}," tarafından kullanılabilir."]},{"$i":"serverErrorMessage","$v":"Doğrulama sunucusuna erişilemiyor. Lütfen internet bağlantınızı kontrol edip yeniden deneyin veya birkaç dakika bekleyin."},{"$i":"timeoutErrorMessage","$v":"Doğrulama kodunuzda bir sorun var gibi görünüyor. Bir daha deneyelim!"},{"$i":"errorTitle","$v":"Mobil kimlik"},{"$i":"ok","$v":"Tamam"},{"$i":"addPhoneNumber","$v":"veya telefon numaranızı ekleyin"},{"$i":"selectPhoneNumber","$v":"veya listeden bir telefon numarası seçin"},{"$i":"firefox-accounts-title","$v":"Firefox Hesapları"},{"$i":"fxa-next","$v":"İleri"},{"$i":"fxa-back","$v":"Geri"},{"$i":"fxa-done","$v":"Bitti"},{"$i":"fxa-ok","$v":"Tamam"},{"$i":"fxa-connection-error-title","$v":"Bağlanılamadı"},{"$i":"fxa-connection-error-message","$v":"Ayarlar'dan hesap oluşturabilir veya oturum açabilirsiniz."},{"$i":"fxa-reset-password-error-title","$v":"Parolayı sıfırla"},{"$i":"fxa-reset-password-error-message","$v":"Parolanızı Ayarlar'dan sıfırlayabilirsiniz."},{"$i":"fxa-coppa-failure-error-title","$v":"Hesap oluşturulamadı"},{"$i":"fxa-coppa-failure-error-message","$v":["Firefox Hesabı oluşturmak için belli bir yaşta olmalısınız. ",{"t":"idOrVar","v":"learnmore"}]},{"$i":"fxa-learn-more","$v":"Daha fazla bilgi alın"},{"$i":"fxa-offline-error-title","$v":"Bağlanılamadı"},{"$i":"fxa-offline-error-message","$v":"Lütfen Ayarlar üzerinden bir ağa bağlanın."},{"$i":"fxa-invalid-email-title","$v":"Hata"},{"$i":"fxa-invalid-email-message","$v":"Lütfen geçerli bir e-posta girin."},{"$i":"fxa-invalid-password-title","$v":"Geçersiz parola"},{"$i":"fxa-invalid-password-message","$v":"Lütfen parolanızı kontrol edip tekrar deneyin."},{"$i":"fxa-unknown-error-title","$v":"Bağlanılamadı"},{"$i":"fxa-unknown-error-message","$v":"Sistem kullanılamıyor. Daha sonra tekrar deneyin."},{"$i":"fxa-connecting","$v":"Bağlanılıyor"},{"$i":"fxa-enter-email-input","placeholder":"E-postanızı yazın"},{"$i":"fxa-use-email-to-sign-in","$v":"Hesap oluşturmak veya oturum açmak için e-posta adresinizi kullanın."},{"$i":"fxa-notice","$v":["Devam ederek Firefox bulut hizmetlerinin ",{"t":"idOrVar","v":"tos"}," ve ",{"t":"idOrVar","v":"pn"}," kabul ediyorum."]},{"$i":"fxa-tos","$v":"Kullanım Koşullarını"},{"$i":"fxa-pn","$v":"Gizlilik İlkelerini"},{"$i":"fxa-create-password-title","$v":"Parola oluşturun"},{"$i":"fxa-enter-password-title","$v":"Parolanızı girin"},{"$i":"fxa-hello-user","$v":["Merhaba ",{"t":"idOrVar","v":"email"}]},{"$i":"fxa-password-refresh","$v":"Devam etmek için lütfen Firefox Hesabı parolanızı girin."},{"$i":"fxa-password","placeholder":"Parola"},{"$i":"fxa-forgot-your-password","$v":"Parolanızı mı unuttunuz?"},{"$i":"fxa-show-password","$v":"Parolayı göster"},{"$i":"fxa-password-length-requirement","$v":"Parolanız en az 8 karakter uzunluğunda olmalıdır."},{"$i":"fxa-success","$v":"Tebrikler!"},{"$i":"fxa-ready-to-go","$v":"Firefox Hesabınız kullanıma hazır! "},{"$i":"fxa-use-features","$v":"Cihazımı Bul gibi özellikleri ve Firefox Marketplace gibi uygulamaları artık kullanabilirsiniz."},{"$i":"fxa-access-manage-account-settings","$v":"Bundan sonra hesabınızı Ayarlar içinden yönetebilirsiniz."},{"$i":"fxa-confirm-account","$v":"Hesabınızı doğrulayın"},{"$i":"fxa-will-send-email","$v":[{"t":"idOrVar","v":"email"}," adresine bir e-posta göndereceğiz"]},{"$i":"fxa-signup-click-verification-link-in-email","$v":"Firefox Hesabınızı onaylamak için e-postanızı kontrol ederek doğrulama linkine tıklayın."},{"$i":"fxa-age-verification","$v":"Yaş doğrulama"},{"$i":"fxa-age-earlier","$v":[{"t":"idOrVar","v":"year"}," or earlier"]},{"$i":"fxa-year-of-birth","$v":"Doğum yılı"},{"$i":"brandShortName","$v":"B2G OS"},{"$i":"browserBrandShortName","$v":"Web Browser"},{"$i":"browserBrandFullName","$v":"Mozilla Web Browser"},{"$i":"ringtoneBrandName","$v":"Default"},{"$i":"ringtoneSectionBrandName","$v":"System"},{"$i":"back","$v":"Geri"},{"$i":"help","$v":"Yardım"},{"$i":"cancel","$v":"İptal"},{"$i":"close","$v":"Kapat"},{"$i":"skip","$v":"Atla"},{"$i":"clear","ariaLabel":"Temizle"},{"$i":"enable","$v":"Etkinleştir"},{"$i":"turnOn","$v":"Aç"},{"$i":"undo","ariaLabel":"Geri al"},{"$i":"enterPIN","$v":"PIN'i girin"},{"$i":"mediaPlaybackTrack","ariaLabel":"Track title and artist"},{"$i":"mediaPlaybackControls","ariaLabel":"Oynatma denetimleri"},{"$i":"mediaPlaybackPrevious","ariaLabel":"Önceki"},{"$i":"mediaPlaybackPlay","ariaLabel":"Oynat"},{"$i":"mediaPlaybackPause","ariaLabel":"Duraklat"},{"$i":"mediaPlaybackNext","ariaLabel":"Sonraki"},{"$i":"UnknownTrack","$v":"Bilinmeyen parça"},{"$i":"wifiButton-on","$v":"Wi-Fi açık"},{"$i":"wifiButton-on-initializing","$v":"Wi-Fi açık, başlatılıyor"},{"$i":"wifiButton-off","$v":"Wi-Fi kapalı"},{"$i":"dataButton-on","$v":[{"t":"idOrVar","v":"type"}," verisi açık"]},{"$i":"dataButton-off","$v":[{"t":"idOrVar","v":"type"}," verisi kapalı"]},{"$i":"bluetoothButton-on","$v":"Bluetooth açık"},{"$i":"bluetoothButton-on-initializing","$v":"Bluetooth açık, başlatılıyor"},{"$i":"bluetoothButton-off","$v":"Bluetooth kapalı"},{"$i":"airplaneMode-on","$v":"Uçak modu açık"},{"$i":"airplaneMode-off","$v":"Uçak modu kapalı"},{"$i":"settingsButton","ariaLabel":"Ayarlar"},{"$i":"utilityTray","ariaLabel":"Araç tepsisi"},{"$i":"statusbarOperator","$v":[{"t":"idOrVar","v":"date"},", ",{"t":"idOrVar","v":"operator"}]},{"$i":"statusbarDateFormat","$v":"%e %B"},{"$i":"statusbar","ariaLabel":"Durum çubuğu"},{"$i":"statusbarBattery","ariaLabel":["Pil %",{"t":"idOrVar","v":"level"}]},{"$i":"statusbarBatteryCharging","ariaLabel":["Pil %",{"t":"idOrVar","v":"level"},", şarj oluyor"]},{"$i":"statusbarAirplaneMode","ariaLabel":"Airplane mode on"},{"$i":"statusbarWiFiConnecting","ariaLabel":"Wi-Fi: connecting"},{"$i":"statusbarWiFiConnected","ariaLabel":["Wi-Fi: ",{"t":"idOrVar","v":"level"}," of 4 bars"]},{"$i":"statusbarSignal","ariaLabel":[{"t":"idOrVar","v":"operator"}," network, ",{"t":"idOrVar","v":"level"}," of 5 bars"]},{"$i":"statusbarSignalRoaming","ariaLabel":[{"t":"idOrVar","v":"operator"}," network (roaming), ",{"t":"idOrVar","v":"level"}," of 5 bars"]},{"$i":"statusbarSignalNoneSearching","ariaLabel":"Searching… Emergency calls only"},{"$i":"emergencyCallsOnly","$v":"Yalnızca acil aramalar"},{"$i":"statusbarSignalNoSimCard","ariaLabel":"No SIM card"},{"$i":"statusbarHeadphone","ariaLabel":"Headphones on"},{"$i":"statusbarBluetoothHeadphone","ariaLabel":"Bluetooth headphones on"},{"$i":"statusbarBluetoothTransfer","ariaLabel":"Bluetooth transfer active"},{"$i":"statusbarIconOn-tethering","ariaLabel":"Tethering on"},{"$i":"statusbarIconOnActive-tethering","ariaLabel":"Tethering on, active"},{"$i":"statusbarAlarm","ariaLabel":"Alarm açık"},{"$i":"statusbarIconOn-bluetooth","ariaLabel":"Bluetooth on"},{"$i":"statusbarIconOnActive-bluetooth","ariaLabel":"Bluetooth on, active"},{"$i":"statusbarIconOn-mute","ariaLabel":"Mute on"},{"$i":"statusbarIconOn-vibration","ariaLabel":"Vibration on"},{"$i":"statusbarRecording","ariaLabel":"Kayıt açık"},{"$i":"statusbarGeolocation","ariaLabel":"Coğrafi konum açık"},{"$i":"statusbarUsb","ariaLabel":"USB açık"},{"$i":"statusbarCallForwarding","$v":"Call forwarding on"},{"$i":"statusbarPlaying","ariaLabel":"Medya oynatılıyor"},{"$i":"statusbarNfc","ariaLabel":"NFC açık"},{"$i":"statusbarDownload","ariaLabel":"Downloading…"},{"$i":"statusbarNetworkActivity","ariaLabel":"Ağ açık"},{"$i":"statusbarEmergencyCallback","ariaLabel":"Emergency callback"},{"$i":"statusbarNotifications","$v":{"one":[{"t":"idOrVar","v":"n"}," bildirim"],"two":[{"t":"idOrVar","v":"n"}," bildirim"],"few":[{"t":"idOrVar","v":"n"}," bildirim"],"many":[{"t":"idOrVar","v":"n"}," bildirim"],"other":[{"t":"idOrVar","v":"n"}," bildirim"]},"$x":[{"t":"idOrVar","v":"plural"},"n"]},{"$i":"statusbarNotifications-unread","ariaLabel":{"$x":[{"t":"idOrVar","v":"plural"},"n"],"$v":{"one":[{"t":"idOrVar","v":"n"}," okunmamış bildirim"],"two":[{"t":"idOrVar","v":"n"}," okunmamış bildirim"],"few":[{"t":"idOrVar","v":"n"}," okunmamış bildirim"],"many":[{"t":"idOrVar","v":"n"}," okunmamış bildirim"],"other":[{"t":"idOrVar","v":"n"}," okunmamış bildirim"]}}},{"$i":"notifications","$v":"Bildirimler"},{"$i":"clear-all","$v":"Temizle"},{"$i":"attentionScreen-tapToShow","$v":"Görmek için dokunun"},{"$i":"newVoicemails","$v":{"zero":"Yeni sesli mesaj yok","one":"Bir yeni sesli mesaj","two":[{"t":"idOrVar","v":"n"}," yeni sesli mesaj"],"few":[{"t":"idOrVar","v":"n"}," yeni sesli mesaj"],"many":[{"t":"idOrVar","v":"n"}," yeni sesli mesaj"],"other":[{"t":"idOrVar","v":"n"}," yeni sesli mesaj"]},"$x":[{"t":"idOrVar","v":"plural"},"n"]},{"$i":"newVoicemailsUnknown","$v":"Yeni sesli mesaj"},{"$i":"dialNumber","$v":["Ara: ",{"t":"idOrVar","v":"number"}]},{"$i":"voicemailNotificationMultiSim","$v":["(SIM ",{"t":"idOrVar","v":"n"},") ",{"t":"idOrVar","v":"title"}]},{"$i":"euRoamingNotificationTitle","$v":"AB interneti tespit edili"},{"$i":"euRoamingNotificationMsg","$v":"Değiştirmek için dokunun."},{"$i":"confirmNFCConnectBTenabledNameUnknown","$v":"Cihaza bağlanmak istediğinizden emin misiniz?"},{"$i":"confirmNFCConnectBTdisabledNameUnknown","$v":"Bluetooth açılsın ve cihaza bağlanılsın mı?"},{"$i":"confirmNFCConnectBTenabledNameKnown","$v":[{"t":"idOrVar","v":"deviceName"}," adlı cihaza bağlanmak istediğinizden emin misiniz?"]},{"$i":"confirmNFCConnectBTdisabledNameKnown","$v":["Bluetooth açılsın ve ",{"t":"idOrVar","v":"deviceName"}," adlı cihaza bağlanılsın mı? "]},{"$i":"confirmNFCConnectBTdisabled","$v":"Aç"},{"$i":"dismissNFCConnectBTdisabled","$v":"İptal"},{"$i":"confirmation","$v":"Onay"},{"$i":"deviceMenu","$v":"Telefon"},{"$i":"airplane","$v":"Uçak modunu aç"},{"$i":"airplaneOff","$v":"Uçak modunu kapat"},{"$i":"silent","$v":"Gelen aramalar sessiz"},{"$i":"normal","$v":"Gelen aramalarda sesli çal"},{"$i":"restart","$v":"Yeniden başlat"},{"$i":"power","$v":"Kapat"},{"$i":"no-recent-app-windows","$v":"Son uygulama pencereleriniz burada görünür"},{"$i":"no-recent-browser-windows","$v":"Son tarayıcı pencereleriniz burada görünür"},{"$i":"closeCard","ariaLabel":"Kapat"},{"$i":"openCard","ariaLabel":"Aç"},{"$i":"yes","$v":"Evet"},{"$i":"no","$v":"Hayır"},{"$i":"dontallow","$v":"İzin verme"},{"$i":"allow","$v":"İzin ver"},{"$i":"dontshare-geolocation","$v":"Paylaşma"},{"$i":"share-geolocation","$v":"Paylaş"},{"$i":"dontshare-audio-capture","$v":"Paylaşma"},{"$i":"share-audio-capture","$v":"Paylaş"},{"$i":"dontshare-video-capture","$v":"Paylaşma"},{"$i":"share-video-capture","$v":"Paylaş"},{"$i":"dontshare-media-capture","$v":"Paylaşma"},{"$i":"share-media-capture","$v":"Paylaş"},{"$i":"device-front","$v":"Ön kamera"},{"$i":"device-back","$v":"Arka kamera"},{"$i":"remember-my-choice","$v":"Tercihimi hatırla"},{"$i":"more-info","$v":"Daha fazla bilgi…"},{"$i":"hide-info","$v":"Bilgiyi gizle"},{"$i":"install-app","$v":[{"t":"idOrVar","v":"name"}," yüklensin mi?"]},{"$i":"size","$v":"Boyut"},{"$i":"author","$v":"Yazan"},{"$i":"size-unknown","$v":"Bilinmiyor"},{"$i":"author-unknown","$v":"Bilinmiyor"},{"$i":"install","$v":"Yükle"},{"$i":"bytes","$v":"bayt"},{"$i":"kB","$v":"KB"},{"$i":"MB","$v":"MB"},{"$i":"GB","$v":"GB"},{"$i":"TB","$v":"TB"},{"$i":"PB","$v":"PB"},{"$i":"app-install-generic-error","$v":[{"t":"idOrVar","v":"appName"}," indirmesi durduruldu"]},{"$i":"app-install-download-failed","$v":[{"t":"idOrVar","v":"appName"}," indirmesi başarısız oldu"]},{"$i":"app-install-install-failed","$v":[{"t":"idOrVar","v":"appName"}," yüklenmesi başarısız oldu"]},{"$i":"cancelling-will-not-refund","$v":"Siparişi iptal etmek para iadesi yapmaz. Satın alınmış içerikler için iadeler satıcı tarafından yapılır."},{"$i":"apps-can-be-installed-later","$v":"Uygulamalar daha sonra orijinal yükleme kaynağından yüklenebilir."},{"$i":"are-you-sure-you-want-to-cancel","$v":"Bu yüklemeyi iptal etmek istediğinizden emin misiniz?"},{"$i":"cancel-install","$v":"Yüklemeyi iptal et"},{"$i":"cancel-install-button","$v":"Yüklemeyi iptal et"},{"$i":"resume","$v":"Devam et"},{"$i":"continue","$v":"Devam et"},{"$i":"stopDownloading","$v":[{"t":"idOrVar","v":"app"}," indirmesi durdurulsun mu?"]},{"$i":"app-download-can-be-restarted","$v":"İndirme daha sonra yeniden başlatılabilir."},{"$i":"app-download-stop-button","$v":"İndirmeyi durdur"},{"$i":"not-enough-space","$v":"Yeterli alan yok"},{"$i":"not-enough-space-message","$v":"Bu uygulamayı yüklemek için yeterli alan yok. Eski uygulamaları ve medyaları silerek yer açın ve orijinal kaynağından tekrar yüklemeyi deneyin."},{"$i":"app-install-success","$v":[{"t":"idOrVar","v":"appName"}," yüklendi"]},{"$i":"langpack-install-success2","$v":[{"t":"idOrVar","v":"appName"}," installed. Go to Settings > Language to enable it."]},{"$i":"setup","$v":"Kur"},{"$i":"ime-addkeyboards","$v":"Klavye ekle"},{"$i":"later","$v":"Daha sonra"},{"$i":"download","$v":"İndir"},{"$i":"wantToDownload","$v":"Güncelleme şimdi indirilsin mi?"},{"$i":"wantToInstallNow","$v":"Güncellemeyi şimdi yüklemek istiyor musunuz? Telefonunuzu birkaç dakika boyunca kullanamayacaksınız."},{"$i":"installNow","$v":"Şimdi yükle"},{"$i":"notNow","$v":"Daha sonra"},{"$i":"downloadingUpdateMessage","innerHTML":["Güncellemeler indiriliyor… <span>",{"t":"idOrVar","v":"progress"}," indirildi.</span>"]},{"$i":"downloadingAppMessage","$v":[{"t":"idOrVar","v":"appName"}," indiriliyor"]},{"$i":"downloadingAppProgressNoMax","$v":[{"t":"idOrVar","v":"progress"}," indirildi"]},{"$i":"downloadingAppProgressIndeterminate","$v":"İndiriliyor"},{"$i":"downloadingAppProgress","$v":[{"t":"idOrVar","v":"progress"}," / ",{"t":"idOrVar","v":"max"}," indirildi"]},{"$i":"cancelAllDownloads","$v":"Tüm indirmeleri iptal et"},{"$i":"wantToCancelAll","$v":"Tüm indirmeleri iptal etmek istediğinizden emin misiniz?"},{"$i":"downloadError","$v":"Güncellemeler indirilirken bir hata oluştu."},{"$i":"updateAvailableInfo","innerHTML":{"$x":[{"t":"idOrVar","v":"plural"},"n"],"$v":{"one":[{"t":"idOrVar","v":"n"}," güncelleme var. <span>Daha fazla bilgi için dokunun.</span>"],"two":[{"t":"idOrVar","v":"n"}," güncelleme var. <span>Daha fazla bilgi için dokunun.</span>"],"few":[{"t":"idOrVar","v":"n"}," güncelleme var. <span>Daha fazla bilgi için dokunun.</span>"],"many":[{"t":"idOrVar","v":"n"}," güncelleme var. <span>Daha fazla bilgi için dokunun.</span>"],"other":[{"t":"idOrVar","v":"n"}," güncelleme var. <span>Daha fazla bilgi için dokunun.</span>"]}}},{"$i":"numberOfUpdates","$v":{"one":[{"t":"idOrVar","v":"n"}," güncelleme var"],"two":[{"t":"idOrVar","v":"n"}," güncelleme var"],"few":[{"t":"idOrVar","v":"n"}," güncelleme var"],"many":[{"t":"idOrVar","v":"n"}," güncelleme var"],"other":[{"t":"idOrVar","v":"n"}," güncelleme var"]},"$x":[{"t":"idOrVar","v":"plural"},"n"]},{"$i":"systemUpdate","$v":"Sistem güncellemesi"},{"$i":"systemUpdateReady","$v":"Sistem güncellemesi hazır"},{"$i":"systemUpdateLowBatteryThreshold","$v":["Güncellemeyi yüklemek için piliniz en az %",{"t":"idOrVar","v":"threshold"}," dolu olmalıdır."]},{"$i":"required","$v":"Gerekli"},{"$i":"uncompressingMessage","innerHTML":"Genişletiliyor… <span>Bu işlem birkaç dakika sürebilir.</span>"},{"$i":"downloadWifiPrioritizedUsing2G","$v":"Wi-Fi kullanılamadığında güncellemeler veri şebekesi üzerinden indirilir. Veri şebekesi kullanılırken telefon görüşmeleri engellenebilir ve ek ücretlendirmeler de uygulanabilir."},{"$i":"downloadWifiPrioritized3","$v":"Wi-Fi olmadığı zaman güncellemeler veri bağlantısı üzerinden indirilir. Veri bağlantısı kullanılırken ek ücretlendirmeler de uygulanabilir."},{"$i":"downloadNoWifiWarning","$v":"Wi-Fi kullanılamıyor. Mevcut bağlantı üzerinden güncelleme ek ücretlendirmeye neden olabilir."},{"$i":"downloadOfflineWarning2","$v":"Güncellemeleri indirmek için bir ağa bağlanın."},{"$i":"downloadUpdatesViaDataConnection","$v":"Güncellemeler veri şebekesi üzerinden indirilsin mi?"},{"$i":"downloadUpdatesVia2GForbidden3","$v":"Yavaş bağlantılarda (2G) güncellemeler indirilemez. Lütfen Wi-Fi veya 3G (varsa) üzerinden bağlanıp tekrar deneyin."},{"$i":"downloadUpdatesViaDataConnectionMessage3","$v":"Veri bağlantısı kullanılırken ek ücretler oluşabilir. Devam etmek isiyor musunuz?"},{"$i":"downloadUpdatesViaDataRoamingConnection","$v":"Güncellemeler uluslararası dolaşımda indirilsin mi?"},{"$i":"downloadUpdatesViaDataRoamingConnectionMessage","$v":"Şu anda uluslararası dolaşımdasınız ve ek ücretler oluşabilir. Devam etmek istiyor musunuz?"},{"$i":"screenshotSaved","$v":"Ekran, Galeri'ye kaydedildi"},{"$i":"screenshotFailed","$v":"Görüntü kaydedilemedi"},{"$i":"screenshotNoSDCard","$v":"Bellek kartı bulunamadı"},{"$i":"screenshotSDCardInUse","$v":"Bellek kartı kullanımda"},{"$i":"screenshotSDCardLow","$v":"Bellek kartında yeterli alan yok"},{"$i":"logsSaved","$v":"Günlükler depolamaya kaydedildi"},{"$i":"logsSaveError","$v":"Günlükler kaydedilirken hata oluştu"},{"$i":"logsSaving","$v":"Günlükler yakalanıyor…"},{"$i":"logsOperationFailed","$v":[{"t":"idOrVar","v":"operation"}," operasyonu başarısız oldu."]},{"$i":"logsGenericError","$v":"Beklenmeyen hata oluştu."},{"$i":"logsSDCardMaybeShared","$v":"SD kartınızın bilgisayarınızla paylaşılmadığından emin olun."},{"$i":"emergency-call-button","$v":"Acil Arama"},{"$i":"emergency-call","$v":"Acil Arama"},{"$i":"unlock-a11y-button","ariaLabel":"Kilidi Aç"},{"$i":"camera-a11y-button","ariaLabel":"Kamera"},{"$i":"longDateFormat","$v":"%e %B %A"},{"$i":"panel-passcode","ariaLabel":"Şifre paneli"},{"$i":"open-notification","$v":"aç"},{"$i":"softwareHomeButton","ariaLabel":"Başlangıç"},{"$i":"login","$v":"Giriş yap"},{"$i":"sign-in-to-website","$v":"Web sitesine giriş yap"},{"$i":"username","$v":"Kullanıcı adı"},{"$i":"password","$v":"Parola"},{"$i":"http-authentication-message2","$v":[{"t":"idOrVar","v":"host"}," sitesi giriş yapmanızı istiyor."]},{"$i":"error-message","$v":[{"t":"idOrVar","v":"name"}," doğru şekilde yüklenemiyor"]},{"$i":"error-title","$v":[{"t":"idOrVar","v":"name"}," sorun yaşıyor"]},{"$i":"unable-to-connect","$v":"Bağlanılamadı"},{"$i":"tap-to-check-settings","$v":"Ayarları kontrol etmek için dokunun"},{"$i":"delete-title","$v":["Sil: ",{"t":"idOrVar","v":"name"}]},{"$i":"delete-body","$v":[{"t":"idOrVar","v":"name"}," ve tüm verileri silinecektir."]},{"$i":"delete","$v":"Sil"},{"$i":"unrecoverable-error-title","$v":"Uygulamayı kaldır"},{"$i":"unrecoverable-error-body","$v":"Kurtarılamaz bir hata nedeniyle uygulama yüklenemedi. Lütfen tekrar indirmeyi deneyin. Bu uygulama kaldırılacaktır."},{"$i":"unrecoverable-error-action","$v":"Tamam"},{"$i":"data-roaming-enabled-title","$v":"Uluslararası veri dolaşımı açılsın mı?"},{"$i":"data-roaming-enabled-warning2","$v":"İnternete erişmek için veri dolaşımını açmanız gerekiyor. Hizmet sözleşmenize bağlı olarak ek ücret ödemeniz gerekebilir. Veri dolaşımını açmak istiyor musunuz?"},{"$i":"select-time","$v":"Saati seçin"},{"$i":"choose-option","$v":"Seç"},{"$i":"choose-options","$v":"Seç"},{"$i":"select-day","$v":"Günü seçin"},{"$i":"battery-almost-empty3","$v":"Piliniz azaldı."},{"$i":"plug-in-your-charger","$v":"Lütfen şarj aletinizi takın."},{"$i":"new-window","$v":"Yeni pencere"},{"$i":"new-private-window","$v":"Yeni gizli pencere"},{"$i":"show-windows","$v":"Pencereleri göster"},{"$i":"add-to-home-screen","$v":"Ana ekrana ekle"},{"$i":"crash-dialog2-os","$v":[{"t":"idOrVar","v":"brandShortName"}," az önce bir çökmeden kurtarıldı"]},{"$i":"crash-dialog-app","$v":[{"t":"idOrVar","v":"name"}," biraz önce çöktü"]},{"$i":"crash-dialog-app-noname","$v":"Something"},{"$i":"crash-dialog-message","$v":"Bu sorunu düzeltmemize yardım etmek için Mozilla'ya bu çökme hakkındaki raporu göndermek ister misiniz? (Raporlar yalnızca Wi-Fi üzerinden gönderilir.)"},{"$i":"crash-info-link","$v":"Raporda neler var?"},{"$i":"crash-always-report","$v":"Çökme olduğunda her zaman Mozilla'ya rapor gönder."},{"$i":"crash-dont-send","$v":"Gönderme"},{"$i":"crash-end","$v":"Raporu Gönder"},{"$i":"crashReports","$v":"Çökme Raporları"},{"$i":"done","$v":"Bitti"},{"$i":"crash-reports-description-1","$v":"Bir çökme raporu, çökme ve aygıtınız hakkında bazı ayrıntıların yanı sıra aygıtınızın çökme zamandaki durumunu gösteren bir anlık görüntüsünü içerir."},{"$i":"crash-reports-description-2","$v":"Bu rapor; açık sayfalar ve uygulamalar, formlara yazılmış metinler ve açık mesajların içeriği, yakın tarama geçmişi veya açık bir uygulamanın kullandığı coğrafi konum gibi şeyleri içerebilir."},{"$i":"crash-reports-description-3-start","$v":"Çökme raporlarını sorunları düzeltmek ve ürünlerimizi geliştirmek için kullanıyoruz. Bilgilerinizi "},{"$i":"crash-reports-description-3-privacy","$v":"gizlilik ilkelerimizde"},{"$i":"crash-reports-description-3-end","$v":" açıklandığı şekilde kullanıyoruz."},{"$i":"crash-banner-os2","$v":[{"t":"idOrVar","v":"brandShortName"}," az önce çöktü."]},{"$i":"crash-banner-app","$v":[{"t":"idOrVar","v":"name"}," biraz önce çöktü."]},{"$i":"crash-banner-report","$v":"Rapor gönder"},{"$i":"bluetooth-sending-progress","$v":"Bluetooth aktarımı yapılıyor…"},{"$i":"bluetooth-receiving-progress","$v":"Bluetooth aktarımı alınıyor…"},{"$i":"acceptFileTransfer","$v":"Bluetooth dosya aktarımı kabul edilsin mi?"},{"$i":"wantToReceiveFile","$v":[{"t":"idOrVar","v":"deviceName"},", ",{"t":"idOrVar","v":"fileName"}," (",{"t":"idOrVar","v":"fileSize"},") dosyasını aktarmak istiyor."]},{"$i":"transfer-confirmation-title","$v":[{"t":"idOrVar","v":"deviceName"}]},{"$i":"transfer-confirmation-description","$v":"Aktarım isteğini gözden geçirin."},{"$i":"byteUnit-B","$v":"B"},{"$i":"byteUnit-KB","$v":"KB"},{"$i":"byteUnit-MB","$v":"MB"},{"$i":"byteUnit-GB","$v":"GB"},{"$i":"byteUnit-TB","$v":"TB"},{"$i":"byteUnit-PB","$v":"PB"},{"$i":"byteUnit-EB","$v":"EB"},{"$i":"byteUnit-ZB","$v":"ZB"},{"$i":"byteUnit-YB","$v":"YB"},{"$i":"fileSize","$v":[{"t":"idOrVar","v":"size"}," ",{"t":"idOrVar","v":"unit"}]},{"$i":"deny","$v":"Reddet"},{"$i":"transfer","$v":"Aktar"},{"$i":"cancelFileTransfer","$v":"Bluetooth dosya aktarımı iptal edilsin mi?"},{"$i":"continueFileTransfer","$v":"Devam et"},{"$i":"transfer-has-started-title","$v":"Aktarım başladı"},{"$i":"transfer-has-started-description","$v":"Bildirim merkezinden kontrol edin"},{"$i":"transferFinished-sentSuccessful-title","$v":"Dosya gönderildi"},{"$i":"transferFinished-receivedSuccessful-title","$v":"Dosya alındı"},{"$i":"transferFinished-sentFailed-title","$v":"Dosya gönderilemedi"},{"$i":"transferFinished-receivedFailed-title","$v":"Dosya alınamadı"},{"$i":"transferReport-title","$v":"Aktarım raporu:"},{"$i":"transferReport-description","$v":[{"t":"idOrVar","v":"numSuccessful"}," dosya başarılı, ",{"t":"idOrVar","v":"numUnsuccessful"}," dosya başarısız"]},{"$i":"unknown-file","$v":"Bilinmeyen dosya"},{"$i":"unknown-device","$v":"Bilinmeyen aygıt"},{"$i":"cannotOpenFile","$v":"Alınan dosya açılamıyor"},{"$i":"unknownMediaTypeToOpenFile","$v":["Bilinmeyen ortam türü açılamadı: ",{"t":"idOrVar","v":"fileName"}]},{"$i":"cannotReceiveFile","$v":"Dosya alınamıyor"},{"$i":"cannotGetStorageState","$v":"Aygıt depolama durumu alınamadı."},{"$i":"sdcard-not-exist2","$v":"Bellek kartı bulunamadı. Lütfen bir bellek kartı takın."},{"$i":"sdcard-in-use","$v":"Bluetooth, telefon fişe takılıyken kullanılamaz. Dosya almak için telefonun fişini çekin."},{"$i":"sdcard-no-space2","$v":"Aktarım tamamlanamadı: Bellek kartı dolu."},{"$i":"unknown-error","$v":"Bilinmeyen hata"},{"$i":"confirm","$v":"Onayla"},{"$i":"sdcard-detected-title","$v":"SD kart tespit edildi"},{"$i":"sdcard-total-size-body","$v":["Toplam boyut: ",{"t":"idOrVar","v":"size"}," ",{"t":"idOrVar","v":"unit"}]},{"$i":"sdcard-unknown-size-then-tap-to-format-body","$v":"Bilinmeyen boyut, biçimlendirmek için dokun"},{"$i":"sdcard-removed-title","$v":"SD kart çıkarıldı"},{"$i":"sdcard-removed-ejected-successfully","$v":"Başarıyla çıkarıldı"},{"$i":"sdcard-removed-not-ejected-properly","$v":"Düzgün çıkarılmadı"},{"$i":"microphone-is-on","$v":"Mikrofon açık"},{"$i":"camera-is-on","$v":"Kamera açık"},{"$i":"media-is-on","$v":"Kamera ve mikrofon AÇIK"},{"$i":"noSimCard","$v":"SIM kartı yok"},{"$i":"simPin","$v":"SIM PIN'i"},{"$i":"pukCode","$v":"PUK kodu"},{"$i":"nckCode","$v":"NCK kodu"},{"$i":"cckCode","$v":"CCK kodu"},{"$i":"spckCode","$v":"SPCK kodu"},{"$i":"nck1code","$v":"NCK1 kodu"},{"$i":"nck2code","$v":"NCK2 kodu"},{"$i":"hnckcode","$v":"HNCK kodu"},{"$i":"rcckcode","$v":"RCCK kodu"},{"$i":"rspckcode","$v":"RSPCK kodu"},{"$i":"whatIsSimPin","$v":"SIM PIN'i nedir?"},{"$i":"simPinIntro1","$v":"SIM PIN'i, SIM kartın hücresel veri şebekelerine erişmesini önler. Etkinleştirildiğinde, SIM kartın bulunduğu herhangi bir aygıt başlatılırken PIN'i soracaktır."},{"$i":"simPinIntro2","$v":"SIM PIN'i cihazın kilidini açmak için kullanılan şifre ile aynı değildir."},{"$i":"changeSimPin","$v":"PIN'i değiştir"},{"$i":"pinTitle","$v":"SIM PIN'ini girin"},{"$i":"multiSIMpinTitle","$v":["SIM ",{"t":"idOrVar","v":"n"}," PIN'ini girin"]},{"$i":"pukTitle","$v":"PUK kodunu girin"},{"$i":"nckTitle","$v":"NCK kodunu girin"},{"$i":"cckTitle","$v":"CCK kodunu girin"},{"$i":"spckTitle","$v":"SPCK kodunu girin"},{"$i":"nck1Title","$v":"NCK1 kodunu girin"},{"$i":"nck2Title","$v":"NCK2 kodunu girin"},{"$i":"hnckTitle","$v":"HNCK kodunu girin"},{"$i":"rcckTitle","$v":"RCCK kodunu girin"},{"$i":"rspckTitle","$v":"RSPCK kodunu girin"},{"$i":"newpinTitle","$v":"Yeni PIN"},{"$i":"inputCodeRetriesLeft","$v":{"one":"son hakkınız.","two":[{"t":"idOrVar","v":"n"}," deneme kaldı."],"few":[{"t":"idOrVar","v":"n"}," deneme kaldı."],"many":[{"t":"idOrVar","v":"n"}," deneme kaldı."],"other":[{"t":"idOrVar","v":"n"}," deneme kaldı."]},"$x":[{"t":"idOrVar","v":"plural"},"n"]},{"$i":"pinErrorMsg","$v":"PIN yanlış."},{"$i":"pinAttemptMsg2","$v":{"one":"SIM kart kilitlenmeden önce doğru kodu girmek için sadece bir hakkınız kaldı.","two":["SIM kart kilitlenmeden önce doğru kodu girmek için ",{"t":"idOrVar","v":"n"}," deneme hakkınız kaldı."],"few":["SIM kart kilitlenmeden önce doğru kodu girmek için ",{"t":"idOrVar","v":"n"}," deneme hakkınız kaldı."],"many":["SIM kart kilitlenmeden önce doğru kodu girmek için ",{"t":"idOrVar","v":"n"}," deneme hakkınız kaldı."],"other":["SIM kart kilitlenmeden önce doğru kodu girmek için ",{"t":"idOrVar","v":"n"}," deneme hakkınız kaldı."]},"$x":[{"t":"idOrVar","v":"plural"},"n"]},{"$i":"pinLastChanceMsg","$v":"Bu sizin doğru PIN'i girmek için son şansınız. Aksi halde, bu SIM kartını kullanmak için PUK kodunu girmeniz gerekecek."},{"$i":"simCardLockedMsg","$v":"SIM kart kilitli."},{"$i":"enterPukMsg","$v":"SIM kartınızın Kişisel Kilit Açma Anahtarı'nı (PUK) girmelisiniz. Daha fazla bilgi için SIM kartınızın belgelerine bakın veya operatörünüzle irtibata geçin."},{"$i":"pukErrorMsg","$v":"PUK kodu yanlış."},{"$i":"pukAttemptMsg2","$v":{"one":"Bu SIM kart kalıcı olarak kullanılamaz halde gelmeden önce doğru kodu girmeniz için sadece bir hakkınız kaldı. Daha fazla bilgi için SIM kartınızın belgelerine başvurun veya operatörünüzle iletişime geçin.","two":["Bu SIM kart kalıcı olarak kullanılamaz halde gelmeden önce doğru kodu girmeniz için ",{"t":"idOrVar","v":"n"}," hakkınız kaldı. Daha fazla bilgi için SIM kartınızın belgelerine başvurun veya operatörünüzle iletişime geçin."],"few":["Bu SIM kart kalıcı olarak kullanılamaz halde gelmeden önce doğru kodu girmeniz için ",{"t":"idOrVar","v":"n"}," hakkınız kaldı. Daha fazla bilgi için SIM kartınızın belgelerine başvurun veya operatörünüzle iletişime geçin."],"many":["Bu SIM kart kalıcı olarak kullanılamaz halde gelmeden önce doğru kodu girmeniz için ",{"t":"idOrVar","v":"n"}," hakkınız kaldı. Daha fazla bilgi için SIM kartınızın belgelerine başvurun veya operatörünüzle iletişime geçin."],"other":["Bu SIM kart kalıcı olarak kullanılamaz halde gelmeden önce doğru kodu girmeniz için ",{"t":"idOrVar","v":"n"}," hakkınız kaldı. Daha fazla bilgi için SIM kartınızın belgelerine başvurun veya operatörünüzle iletişime geçin."]},"$x":[{"t":"idOrVar","v":"plural"},"n"]},{"$i":"pukLastChanceMsg","$v":"Doğru PUK'u girmek için son şansınız. Yanlış PUK girerseniz SIM kartınız kalıcı olarak kullanılamaz halde gelecektir. Daha fazla bilgi için SIM kartınızın belgelerine bakın veya operatörünüzle iletişime geçin."},{"$i":"newSimPinMsg","$v":"PIN oluştur (4-8 haneli olmalı)"},{"$i":"confirmNewSimPinMsg","$v":"Yeni PIN'i onaylayın"},{"$i":"newPinErrorMsg","$v":"PIN'ler uyuşmuyor."},{"$i":"nckErrorMsg","$v":"NCK kodu yanlış."},{"$i":"nckAttemptMsg2","$v":{"one":"Şebeke kişiselleştirmesini kaldırma isteği başarısız oldu. Doğru kodu girmek için bir hakkınız kaldı. Daha fazla bilgi için aygıt belgelerinize bakın veya operatörünüzle iletişime geçin.","two":["Şebeke kişiselleştirmesini kaldırma isteği başarısız oldu. Doğru kodu girmek için ",{"t":"idOrVar","v":"n"}," hakkınız kaldı. Daha fazla bilgi için aygıt belgelerinize bakın veya operatörünüzle iletişime geçin."],"few":["Şebeke kişiselleştirmesini kaldırma isteği başarısız oldu. Doğru kodu girmek için ",{"t":"idOrVar","v":"n"}," hakkınız kaldı. Daha fazla bilgi için aygıt belgelerinize bakın veya operatörünüzle iletişime geçin."],"many":["Şebeke kişiselleştirmesini kaldırma isteği başarısız oldu. Doğru kodu girmek için ",{"t":"idOrVar","v":"n"}," hakkınız kaldı. Daha fazla bilgi için aygıt belgelerinize bakın veya operatörünüzle iletişime geçin."],"other":["Şebeke kişiselleştirmesini kaldırma isteği başarısız oldu. Doğru kodu girmek için ",{"t":"idOrVar","v":"n"}," hakkınız kaldı. Daha fazla bilgi için aygıt belgelerinize bakın veya operatörünüzle iletişime geçin."]},"$x":[{"t":"idOrVar","v":"plural"},"n"]},{"$i":"nckLastChanceMsg","$v":"Şebeke kişiselleştirmesini kaldırma isteği başarısız oldu. Doğru NCK kodunu girmek için son şansınız. Daha fazla bilgi için aygıt belgelerinize bakın veya operatörünüzle iletişime geçin."},{"$i":"activity-pick","$v":"Şuradan seç:"},{"$i":"activity-view","$v":"Bununla görüntüle:"},{"$i":"activity-test","$v":"Bununla test et:"},{"$i":"activity-share","$v":"Bununla paylaş:"},{"$i":"activity-new","$v":"Bununla oluştur:"},{"$i":"activity-open","$v":"Bununla aç:"},{"$i":"activity-save-bookmark","$v":"Yer imi ekle:"},{"$i":"activity-record","$v":"Buradan kaydet:"},{"$i":"activity-browse","$v":"Bununla göz at:"},{"$i":"activity-configure","$v":"Bununla yapılandır:"},{"$i":"activity-dial","$v":"Buradan ara:"},{"$i":"persona-signin","$v":"Giriş yap"},{"$i":"payment-flow","$v":"Satın al"},{"$i":"remoteDebuggerPromptUSB","$v":"Allow USB debugging connection?"},{"$i":"remoteDebuggerPromptTCP","$v":["Allow remote debugging connection from ",{"t":"idOrVar","v":"host"},":",{"t":"idOrVar","v":"port"},"?"]},{"$i":"devtools-auth-scan2","$v":"Scanning for the QR code displayed on your other device…"},{"$i":"fullscreen-request","$v":[{"t":"idOrVar","v":"origin"}," şimdi tam ekran."]},{"$i":"captive-wifi-available","$v":[{"t":"idOrVar","v":"networkName"}," ağı bulundu. Ağa katılınsın mı?"]},{"$i":"ceWarningtitle","$v":"Ses düzeyi uyarısı"},{"$i":"ceWarningcontent","$v":"Olası işitme hasarını önlemek için yüksek ses düzeyinde uzun süre dinlemeyin.                "},{"$i":"notification-powersaving-mode-on-title","$v":"Güç Tasarrufu Modu"},{"$i":"notification-powersaving-mode-on-description","$v":"Güç tasarrufu modu açık."},{"$i":"low-device-storage","$v":"Aygıtta boş alan az.\\n"},{"$i":"free-space","$v":{"zero":"Boş alan kalmadı.","one":[{"t":"idOrVar","v":"value"}," ",{"t":"idOrVar","v":"unit"}," kaldı."],"two":[{"t":"idOrVar","v":"value"}," ",{"t":"idOrVar","v":"unit"}," kaldı."],"few":[{"t":"idOrVar","v":"value"}," ",{"t":"idOrVar","v":"unit"}," kaldı."],"many":[{"t":"idOrVar","v":"value"}," ",{"t":"idOrVar","v":"unit"}," kaldı."],"other":[{"t":"idOrVar","v":"value"}," ",{"t":"idOrVar","v":"unit"}," kaldı."]},"$x":[{"t":"idOrVar","v":"plural"},"value"]},{"$i":"unknown-free-space","$v":"Kalan alan bilinmiyor."},{"$i":"system-alert","$v":"Sistem Uyarısı"},{"$i":"cb-channel","$v":["Kanal ",{"t":"idOrVar","v":"channel"}]},{"$i":"cb-etws-warningType-earthquake","$v":"Deprem uyarısı!"},{"$i":"cb-etws-warningType-tsunami","$v":"Tsunami uyarısı!"},{"$i":"cb-etws-warningType-earthquake-tsunami","$v":"Deprem-tsunami uyarısı!"},{"$i":"cb-etws-warningType-test","$v":"Uyarı sistemi test aşamasındadır."},{"$i":"cb-etws-warningType-other","$v":"Acil durum uyarısı!"},{"$i":"icc-message-maintitle","$v":"Operatör mesajı"},{"$i":"icc-message-subtitle","$v":["SIM ",{"t":"idOrVar","v":"id"}]},{"$i":"icc-confirmCall-defaultmessage","$v":["Ara: ",{"t":"idOrVar","v":"number"}]},{"$i":"icc-alertMessage-send-ss","$v":"Send SS"},{"$i":"icc-alertMessage-send-ussd","$v":"Send USSD"},{"$i":"icc-alertMessage-send-sms","$v":"Send SMS"},{"$i":"icc-confirmMessage-defaultmessage","$v":"Mesaj gönderilsin mi?"},{"$i":"icc-inputbox-maintitle","$v":"STK Sorgusu"},{"$i":"icc-inputbox-subtitle","$v":["SIM ",{"t":"idOrVar","v":"id"}]},{"$i":"emergency-callback-mode","$v":"Acil durum geri arama modu"},{"$i":"emergency-callback-message","$v":"Acil geri arama modu etkin olduğu için arama yapamaz, mesaj gönderemez ve internete giremezsiniz. Bu modu kapatmak ister misiniz?"},{"$i":"cdma-record-info","$v":"CDMA kayıt bilgileri"},{"$i":"ime-switching-title","$v":[{"t":"idOrVar","v":"appName"},": ",{"t":"idOrVar","v":"name"}]},{"$i":"ime-switching-tip","$v":"Giriş yöntemini değiştirmek için dokunun"},{"$i":"shrinking-tip","$v":"Paylaşmak için kaydır"},{"$i":"download_started","$v":"İndirme başlatıldı"},{"$i":"download_stopped","$v":"İndirme durduruldu"},{"$i":"download_downloading","$v":"İndiriliyor…"},{"$i":"download_succeeded","$v":"İndirme tamamlandı"},{"$i":"download_failed","$v":"İndirme başarısız"},{"$i":"download_text_by_default","$v":[{"t":"idOrVar","v":"name"}]},{"$i":"download_downloading_text_2","$v":["%",{"t":"idOrVar","v":"percentage"}," - ",{"t":"idOrVar","v":"name"}]},{"$i":"search-the-web","$v":"Web'de ara"},{"$i":"search-or-enter-address","$v":"Arama yap veya adres gir","placeholder":"Arama yap veya adres gir"},{"$i":"back-button","ariaLabel":"Back"},{"$i":"forward-button","ariaLabel":"Forward"},{"$i":"reload-button","ariaLabel":"Yeniden yükle"},{"$i":"stop-button","ariaLabel":"Durdur"},{"$i":"windows-button","ariaLabel":"Show windows"},{"$i":"noHotspotWhenAPMisOnWifiHotspot","$v":"Wi-Fi erişim noktasını kullanmak için uçak modunu kapatın."},{"$i":"apmActivated","$v":"Uçak modu etkinleştirildi"},{"$i":"open-in-new-window","$v":"Yeni pencerede aç"},{"$i":"open-in-new-private-window","$v":"Yeni gizli pencerede aç"},{"$i":"add-link-to-home-screen","$v":"Bağlantıyı ana ekrana ekle"},{"$i":"share-link","$v":"Bağlantıyı paylaş"},{"$i":"save-image","$v":"Resmi kaydet"},{"$i":"save-video","$v":"Videoyu kaydet"},{"$i":"save-audio","$v":"Sesi kaydet"},{"$i":"save-link","$v":"Bağlı dosyayı kaydet"},{"$i":"share-image","$v":"Resmi kaydet"},{"$i":"share-video","$v":"Videoyu kaydet"},{"$i":"share-audio","$v":"Sesi kaydet"},{"$i":"private-window","$v":"Private Window"},{"$i":"private-browser-title","$v":"Gizli gezintidesiniz"},{"$i":"private-window-detail1","$v":"The browser won’t keep any browser history, cookies, or temporary Internet files."},{"$i":"private-window-detail2","$v":"While this device won’t have a record of your browsing history, your Internet service provider can still track the pages you visit."},{"$i":"okCharsLeft","$v":["Tamam (",{"t":"idOrVar","v":"n"},")"]},{"$i":"network-error-in-app","$v":"Şu anda internet erişimi yok."},{"$i":"network-error-launching","$v":[{"t":"idOrVar","v":"name"}," internet erişimine ihtiyaç duyuyor."]},{"$i":"server-not-found","$v":"Sunucu bulunamadı"},{"$i":"server-not-found-error","$v":[{"t":"idOrVar","v":"name"}," sunucusu bulunamadı."]},{"$i":"file-not-found","$v":"Dosya bulunamadı"},{"$i":"file-not-found-error","$v":"Dosya bulunamadığı için aygıt bu sayfayı görüntüleyemiyor."},{"$i":"connection-failed","$v":"Bağlanılamadı"},{"$i":"connection-failed-error","$v":"Siteye erişmeye çalışırken bir ağ hatası oluştu."},{"$i":"invalid-connection","$v":"Bağlanılamadı"},{"$i":"invalid-connection-error","$v":"Siteye erişmeye çalışırken bir ağ hatası oluştu."},{"$i":"malformed-uri","$v":"URL geçerli değil"},{"$i":"malformed-uri-error","$v":"Girilen URL geçersiz olduğundan yüklenemiyor."},{"$i":"redirect-loop","$v":"Sayfa görüntülenemiyor"},{"$i":"redirect-loop-error","$v":"Sayfa düzgün yönlendirilmediği için cihaz bu sayfayı görüntüleyemiyor. Daha sonra tekrar deneyin."},{"$i":"not-cached","$v":"Sayfa zaman aşımına uğradı"},{"$i":"not-cached-error","$v":"Bu sayfa zaman aşımına uğradığı için güvenlik önlemi olarak bu cihazda görüntülenemez."},{"$i":"is-printing-error","$v":"Belge yazdırılırken veya yazdırma ön izlemesindeyken değiştirilemez."},{"$i":"denied-port-access","$v":"Bu adres kısıtlıdır"},{"$i":"denied-port-access-error","$v":"Bu adres taramadan başka amaçlar için kullanılan bir ağ bağlantı noktası kullanıyor. Cihazınız, güvenliğiniz için bu bağlanma isteğini iptal etti."},{"$i":"proxy-resolve-failure","$v":"Vekil sunucu hatası"},{"$i":"proxy-resolve-failure-error","$v":"Cihaz, bulunamayan bir vekil sunucuya bağlanmak üzere ayarlanmış."},{"$i":"proxy-connect-failure","$v":"Vekil sunucu hatası"},{"$i":"proxy-connect-failure-error","$v":"Cihaz, bağlanma isteklerini geri çeviren bir vekil sunucuya bağlanmak üzere ayarlanmış."},{"$i":"content-encoding","$v":"Sayfa görüntülenemiyor"},{"$i":"content-encoding-error","$v":"İçerik kodlama hatası oluştuğu için cihaz bu sayfayı görüntüleyemiyor."},{"$i":"remote-xul","$v":"Sayfa desteklenmiyor"},{"$i":"remote-xul-error","$v":"Bu cihazda desteklenmeyen bir teknoloji kullandığı için bu sayfa görüntülenemiyor."},{"$i":"phishing-blocked","$v":"Uyarı"},{"$i":"phishing-blocked-error","$v":"Bu web sitesinin ullanıcıları kandırarak onları kişisel ve mali bilgilerini paylaşmaya yönelten bir sahtekârlık girişimi içerdiği bildirilmiştir."},{"$i":"malware-blocked","$v":"Zararlı yazılım saldırısı engellendi"},{"$i":"malware-blocked-error","$v":"Bu site bir saldırı sitesi olarak rapor edilmiş ve engellenmiştir."},{"$i":"unsafe-content-type","$v":"Güvensiz içerik"},{"$i":"unsafe-content-type-error","$v":"Bu sayfanın açılması güvensiz olabileceği için sayfa görüntülenemiyor."},{"$i":"corrupted-content","$v":"Sayfa görüntülenemiyor"},{"$i":"corrupted-content-error","$v":"Veri aktarımında bir hata tespit edildiği için sayfa gösterilemiyor."},{"$i":"try-again","$v":"Tekrar dene"},{"$i":"check-settings","$v":"Ayarları kontrol et"},{"$i":"accessibility-enableScreenReaderSteps","$v":"Ekran okuyucuyu açmak için ses açma ve ardından ses kısma düğmelerine üç kez daha basın"},{"$i":"accessibility-disableScreenReaderSteps","$v":"Ekran okuyucuyu kapatmak için ses açma ve ardından ses kısma düğmelerine üç kez daha basın"},{"$i":"accessibility-screenReaderStarted","$v":"Ekran okuyucu başlatıldı"},{"$i":"accessibility-screenReaderStopped","$v":"Ekran okuyucu durduruldu"},{"$i":"accessibility-menubar","$v":"menü çubuğu"},{"$i":"accessibility-scrollbar","$v":"kaydırma çubuğu"},{"$i":"accessibility-grip","$v":"tut"},{"$i":"accessibility-alert","$v":"uyarı"},{"$i":"accessibility-menupopup","$v":"açılır menü"},{"$i":"accessibility-document","$v":"belge"},{"$i":"accessibility-pane","$v":"bölme"},{"$i":"accessibility-dialog","$v":"iletişim kutusu"},{"$i":"accessibility-separator","$v":"ayraç"},{"$i":"accessibility-toolbar","$v":"araç çubuğu"},{"$i":"accessibility-statusbar","$v":"durum çubuğu"},{"$i":"accessibility-table","$v":"tablo"},{"$i":"accessibility-columnheader","$v":"sütun başlığı"},{"$i":"accessibility-rowheader","$v":"satır başlığı"},{"$i":"accessibility-column","$v":"sütun"},{"$i":"accessibility-row","$v":"satır"},{"$i":"accessibility-cell","$v":"hücre"},{"$i":"accessibility-link","$v":"bağlantı"},{"$i":"accessibility-list","$v":"liste"},{"$i":"accessibility-listitem","$v":"liste öğesi"},{"$i":"accessibility-outline","$v":"dış hat"},{"$i":"accessibility-outlineitem","$v":"dış hat öğesi"},{"$i":"accessibility-pagetab","$v":"sekme"},{"$i":"accessibility-propertypage","$v":"özellik sayfası"},{"$i":"accessibility-graphic","$v":"grafik"},{"$i":"accessibility-pushbutton","$v":"düğme"},{"$i":"accessibility-checkbutton","$v":"onay düğmesi"},{"$i":"accessibility-radiobutton","$v":"radyo düğmesi"},{"$i":"accessibility-combobox","$v":"kombo kutu"},{"$i":"accessibility-progressbar","$v":"ilerleme çubuğu"},{"$i":"accessibility-slider","$v":"sürgü"},{"$i":"accessibility-spinbutton","$v":"çevirme düğmesi"},{"$i":"accessibility-diagram","$v":"diyagram"},{"$i":"accessibility-animation","$v":"animasyon"},{"$i":"accessibility-equation","$v":"denklem"},{"$i":"accessibility-buttonmenu","$v":"düğme menüsü"},{"$i":"accessibility-whitespace","$v":"beyaz alan"},{"$i":"accessibility-pagetablist","$v":"sekme listesi"},{"$i":"accessibility-canvas","$v":"kanvas"},{"$i":"accessibility-checkmenuitem","$v":"onay menüsü öğesi"},{"$i":"accessibility-label","$v":"etiket"},{"$i":"accessibility-passwordtext","$v":"parola metni"},{"$i":"accessibility-radiomenuitem","$v":"radyo menü ögesi"},{"$i":"accessibility-textcontainer","$v":"metin alanı"},{"$i":"accessibility-togglebutton","$v":"aç/kapat düğmesi"},{"$i":"accessibility-treetable","$v":"ağaç tablo"},{"$i":"accessibility-header","$v":"başlık"},{"$i":"accessibility-footer","$v":"alt bilgi"},{"$i":"accessibility-paragraph","$v":"paragraf"},{"$i":"accessibility-entry","$v":"girdi"},{"$i":"accessibility-caption","$v":"alt yazı"},{"$i":"accessibility-heading","$v":"başlık"},{"$i":"accessibility-section","$v":"bölüm"},{"$i":"accessibility-form","$v":"form"},{"$i":"accessibility-comboboxlist","$v":"kombo kutu listesi"},{"$i":"accessibility-comboboxoption","$v":"kombo kutu seçeneği"},{"$i":"accessibility-imagemap","$v":"resim haritası"},{"$i":"accessibility-listboxoption","$v":"seçenek"},{"$i":"accessibility-listbox","$v":"liste kutusu"},{"$i":"accessibility-flatequation","$v":"düz denklem"},{"$i":"accessibility-gridcell","$v":"ızgara hücresi"},{"$i":"accessibility-note","$v":"not"},{"$i":"accessibility-figure","$v":"şekil"},{"$i":"accessibility-definitionlist","$v":"tanım listesi"},{"$i":"accessibility-term","$v":"terim"},{"$i":"accessibility-definition","$v":"tanım"},{"$i":"accessibility-textarea","$v":"metin alanı"},{"$i":"accessibility-textInputType_date","$v":"tarih"},{"$i":"accessibility-textInputType_email","$v":"e-posta"},{"$i":"accessibility-textInputType_search","$v":"arama"},{"$i":"accessibility-textInputType_tel","$v":"telefon"},{"$i":"accessibility-textInputType_url","$v":"URL"},{"$i":"accessibility-headingLevel","$v":["başlık düzeyi ",{"t":"idOrVar","v":"0"}]},{"$i":"accessibility-listStart","$v":"İlk öğe"},{"$i":"accessibility-listEnd","$v":"Son öğe"},{"$i":"accessibility-listItemsCount","$v":{"zero":[{"t":"idOrVar","v":"count"}," öğe"],"one":[{"t":"idOrVar","v":"count"}," öğe"],"two":[{"t":"idOrVar","v":"count"}," öğe"],"few":[{"t":"idOrVar","v":"count"}," öğe"],"many":[{"t":"idOrVar","v":"count"}," öğe"],"other":[{"t":"idOrVar","v":"count"}," öğe"]},"$x":[{"t":"idOrVar","v":"plural"},"count"]},{"$i":"accessibility-objItemOfN","$v":[{"t":"idOrVar","v":"0"}," / ",{"t":"idOrVar","v":"1"}]},{"$i":"accessibility-banner","$v":"reklam"},{"$i":"accessibility-complementary","$v":"ek"},{"$i":"accessibility-contentinfo","$v":"içerik bilgisi"},{"$i":"accessibility-main","$v":"ana"},{"$i":"accessibility-navigation","$v":"gezinti"},{"$i":"accessibility-search","$v":"arama"},{"$i":"accessibility-tblColumnInfo","$v":{"zero":[{"t":"idOrVar","v":"count"}," sütunla"],"one":[{"t":"idOrVar","v":"count"}," sütunla"],"two":[{"t":"idOrVar","v":"count"}," sütunla"],"few":[{"t":"idOrVar","v":"count"}," sütunla"],"many":[{"t":"idOrVar","v":"count"}," sütunla"],"other":[{"t":"idOrVar","v":"count"}," sütunla"]},"$x":[{"t":"idOrVar","v":"plural"},"count"]},{"$i":"accessibility-tblRowInfo","$v":{"zero":["and ",{"t":"idOrVar","v":"count"}," rows"],"one":["ve ",{"t":"idOrVar","v":"count"}," satır"],"two":["ve ",{"t":"idOrVar","v":"count"}," satır"],"few":["ve ",{"t":"idOrVar","v":"count"}," satır"],"many":["ve ",{"t":"idOrVar","v":"count"}," satır"],"other":["ve ",{"t":"idOrVar","v":"count"}," satır"]},"$x":[{"t":"idOrVar","v":"plural"},"count"]},{"$i":"accessibility-columnInfo","$v":["Sütun ",{"t":"idOrVar","v":"0"}]},{"$i":"accessibility-rowInfo","$v":["Satır ",{"t":"idOrVar","v":"0"}]},{"$i":"accessibility-spansColumns","$v":{"zero":[{"t":"idOrVar","v":"0"}," sütuna yayılıyor"],"one":[{"t":"idOrVar","v":"0"}," sütuna yayılıyor"],"two":[{"t":"idOrVar","v":"0"}," sütuna yayılıyor"],"few":[{"t":"idOrVar","v":"0"}," sütuna yayılıyor"],"many":[{"t":"idOrVar","v":"0"}," sütuna yayılıyor"],"other":[{"t":"idOrVar","v":"0"}," sütuna yayılıyor"]},"$x":[{"t":"idOrVar","v":"plural"},"0"]},{"$i":"accessibility-spansRows","$v":{"zero":[{"t":"idOrVar","v":"0"}," satıra yayılıyor"],"one":[{"t":"idOrVar","v":"0"}," satıra yayılıyor"],"two":[{"t":"idOrVar","v":"0"}," satıra yayılıyor"],"few":[{"t":"idOrVar","v":"0"}," satıra yayılıyor"],"many":[{"t":"idOrVar","v":"0"}," satıra yayılıyor"],"other":[{"t":"idOrVar","v":"0"}," satıra yayılıyor"]},"$x":[{"t":"idOrVar","v":"plural"},"0"]},{"$i":"accessibility-jumpAction","$v":"sıçrandı"},{"$i":"accessibility-pressAction","$v":"basıldı"},{"$i":"accessibility-checkAction","$v":"işaretlendi"},{"$i":"accessibility-uncheckAction","$v":"işaretlenmedi"},{"$i":"accessibility-selectAction","$v":"seçildi"},{"$i":"accessibility-unselectAction","$v":"seçilmedi"},{"$i":"accessibility-openAction","$v":"açıldı"},{"$i":"accessibility-closeAction","$v":"kapatıldı"},{"$i":"accessibility-switchAction","$v":"değiştirildi"},{"$i":"accessibility-clickAction","$v":"tıklandı"},{"$i":"accessibility-collapseAction","$v":"daraltıldı"},{"$i":"accessibility-expandAction","$v":"genişletildi"},{"$i":"accessibility-activateAction","$v":"etkinleştirildi"},{"$i":"accessibility-cycleAction","$v":"değişti"},{"$i":"accessibility-hidden","$v":"gizli"},{"$i":"accessibility-tabLoading","$v":"yükleniyor"},{"$i":"accessibility-tabLoaded","$v":"yüklendi"},{"$i":"accessibility-tabNew","$v":"yeni sekme"},{"$i":"accessibility-tabLoadStopped","$v":"yükleme durduruldu"},{"$i":"accessibility-tabReload","$v":"yeniden yükleniyor"},{"$i":"accessibility-stateChecked","$v":"işaretlendi"},{"$i":"accessibility-stateNotChecked","$v":"işaretlenmedi"},{"$i":"accessibility-statePressed","$v":"basılı"},{"$i":"accessibility-stateExpanded","$v":"genişletildi"},{"$i":"accessibility-stateCollapsed","$v":"daraltıldı"},{"$i":"accessibility-stateUnavailable","$v":"kullanılamaz"},{"$i":"accessibility-stateRequired","$v":"zorunlu"},{"$i":"accessibility-stateTraversed","$v":"ziyaret edildi"},{"$i":"accessibility-stateHasPopup","$v":"açılır penceresi var"},{"$i":"accessibility-stateSelected","$v":"seçildi"},{"$i":"accessibility-editingMode","$v":"düzenleniyor"},{"$i":"accessibility-navigationMode","$v":"gezinti"},{"$i":"accessibility-quicknav_Simple","$v":"Varsayılan"},{"$i":"accessibility-quicknav_Anchor","$v":"Çapalar"},{"$i":"accessibility-quicknav_Button","$v":"Düğmeler"},{"$i":"accessibility-quicknav_Combobox","$v":"Kombo kutuları"},{"$i":"accessibility-quicknav_Landmark","$v":"Sınır noktaları"},{"$i":"accessibility-quicknav_Entry","$v":"Girdiler"},{"$i":"accessibility-quicknav_FormElement","$v":"Form öğeleri"},{"$i":"accessibility-quicknav_Graphic","$v":"Resimler"},{"$i":"accessibility-quicknav_Heading","$v":"Başlıklar"},{"$i":"accessibility-quicknav_ListItem","$v":"Liste öğeleri"},{"$i":"accessibility-quicknav_Link","$v":"Bağlantılar"},{"$i":"accessibility-quicknav_List","$v":"Listeler"},{"$i":"accessibility-quicknav_PageTab","$v":"Sayfa sekmeleri"},{"$i":"accessibility-quicknav_RadioButton","$v":"Radyo düğmeleri"},{"$i":"accessibility-quicknav_Separator","$v":"Ayraçlar"},{"$i":"accessibility-quicknav_Table","$v":"Tablolar"},{"$i":"accessibility-quicknav_Checkbox","$v":"Onay kutuları"},{"$i":"accessibility-menubarAbbr","$v":"menü çubuğu"},{"$i":"accessibility-scrollbarAbbr","$v":"kaydırma çubuğu"},{"$i":"accessibility-gripAbbr","$v":"tut"},{"$i":"accessibility-alertAbbr","$v":"uyarı"},{"$i":"accessibility-menupopupAbbr","$v":"açılır menü"},{"$i":"accessibility-documentAbbr","$v":"belge"},{"$i":"accessibility-paneAbbr","$v":"bölme"},{"$i":"accessibility-dialogAbbr","$v":"diyalog"},{"$i":"accessibility-separatorAbbr","$v":"ayraç"},{"$i":"accessibility-toolbarAbbr","$v":"araç çubuğu"},{"$i":"accessibility-statusbarAbbr","$v":"durum çubuğu"},{"$i":"accessibility-tableAbbr","$v":"tbl"},{"$i":"accessibility-columnheaderAbbr","$v":"sütun başlığı"},{"$i":"accessibility-rowheaderAbbr","$v":"satır başlığı"},{"$i":"accessibility-columnAbbr","$v":"sütun"},{"$i":"accessibility-rowAbbr","$v":"satır"},{"$i":"accessibility-cellAbbr","$v":"hücre"},{"$i":"accessibility-linkAbbr","$v":"lnk"},{"$i":"accessibility-listAbbr","$v":"liste"},{"$i":"accessibility-listitemAbbr","$v":"liste öğesi"},{"$i":"accessibility-outlineAbbr","$v":"dış hat"},{"$i":"accessibility-outlineitemAbbr","$v":"dış hat öğesi"},{"$i":"accessibility-pagetabAbbr","$v":"sekme"},{"$i":"accessibility-propertypageAbbr","$v":"özellik sayfası"},{"$i":"accessibility-graphicAbbr","$v":"grafik"},{"$i":"accessibility-pushbuttonAbbr","$v":"btn"},{"$i":"accessibility-checkbuttonAbbr","$v":"onay düğmesi"},{"$i":"accessibility-radiobuttonAbbr","$v":"radyo düğmesi"},{"$i":"accessibility-comboboxAbbr","$v":"kombo kutu"},{"$i":"accessibility-progressbarAbbr","$v":"ilerleme çubuğu"},{"$i":"accessibility-sliderAbbr","$v":"sürgü"},{"$i":"accessibility-spinbuttonAbbr","$v":"çevirme düğmesi"},{"$i":"accessibility-diagramAbbr","$v":"diyagram"},{"$i":"accessibility-animationAbbr","$v":"animasyon"},{"$i":"accessibility-equationAbbr","$v":"denklem"},{"$i":"accessibility-buttonmenuAbbr","$v":"düğme menüsü"},{"$i":"accessibility-whitespaceAbbr","$v":"beyaz alan"},{"$i":"accessibility-pagetablistAbbr","$v":"sekme listesi"},{"$i":"accessibility-canvasAbbr","$v":"kanvas"},{"$i":"accessibility-checkmenuitemAbbr","$v":"kontrol menüsü öğesi"},{"$i":"accessibility-labelAbbr","$v":"etiket"},{"$i":"accessibility-passwordtextAbbr","$v":"passwdtxt"},{"$i":"accessibility-radiomenuitemAbbr","$v":"radyo menü öğesi"},{"$i":"accessibility-textcontainerAbbr","$v":"metin alanı"},{"$i":"accessibility-togglebuttonAbbr","$v":"aç/kapat düğmesi"},{"$i":"accessibility-treetableAbbr","$v":"ağaç tablo"},{"$i":"accessibility-headerAbbr","$v":"başlık"},{"$i":"accessibility-footerAbbr","$v":"alt bilgi"},{"$i":"accessibility-paragraphAbbr","$v":"paragraf"},{"$i":"accessibility-entryAbbr","$v":"girdi"},{"$i":"accessibility-captionAbbr","$v":"alt yazı"},{"$i":"accessibility-headingAbbr","$v":"başlık"},{"$i":"accessibility-sectionAbbr","$v":"bölüm"},{"$i":"accessibility-formAbbr","$v":"form"},{"$i":"accessibility-comboboxlistAbbr","$v":"kombo kutu listesi"},{"$i":"accessibility-comboboxoptionAbbr","$v":"kombo kutu seçeneği"},{"$i":"accessibility-imagemapAbbr","$v":"resim haritası"},{"$i":"accessibility-listboxoptionAbbr","$v":"seçenek"},{"$i":"accessibility-listboxAbbr","$v":"liste kutusu"},{"$i":"accessibility-flatequationAbbr","$v":"düz denklem"},{"$i":"accessibility-gridcellAbbr","$v":"ızgara hücresi"},{"$i":"accessibility-noteAbbr","$v":"not"},{"$i":"accessibility-figureAbbr","$v":"şekil"},{"$i":"accessibility-definitionlistAbbr","$v":"tanım listesi"},{"$i":"accessibility-termAbbr","$v":"terim"},{"$i":"accessibility-definitionAbbr","$v":"tanım"},{"$i":"accessibility-textareaAbbr","$v":"metin alanı"},{"$i":"accessibility-tblColumnInfoAbbr","$v":{"one":[{"t":"idOrVar","v":"count"}," sü"],"two":[{"t":"idOrVar","v":"count"}," sü"],"few":[{"t":"idOrVar","v":"count"}," sü"],"many":[{"t":"idOrVar","v":"count"}," sü"],"other":[{"t":"idOrVar","v":"count"}," sü"]},"$x":[{"t":"idOrVar","v":"plural"},"count"]},{"$i":"accessibility-tblRowInfoAbbr","$v":{"one":[{"t":"idOrVar","v":"count"}," sa"],"two":[{"t":"idOrVar","v":"count"}," sa"],"few":[{"t":"idOrVar","v":"count"}," sa"],"many":[{"t":"idOrVar","v":"count"}," sa"],"other":[{"t":"idOrVar","v":"count"}," sa"]},"$x":[{"t":"idOrVar","v":"plural"},"count"]},{"$i":"accessibility-cellInfoAbbr","$v":["sü ",{"t":"idOrVar","v":"0"}," sa ",{"t":"idOrVar","v":"1"}]},{"$i":"accessibility-stateCheckedAbbr","$v":"(x)"},{"$i":"accessibility-stateUncheckedAbbr","$v":"( )"},{"$i":"accessibility-statePressedAbbr","$v":"(x)"},{"$i":"accessibility-stateUnpressedAbbr","$v":"( )"},{"$i":"accessibility-pushbutton-hint","$v":"Double tap to activate"},{"$i":"accessibility-checkbutton-hint","$v":"Double tap to activate"},{"$i":"accessibility-combobox-hint","$v":"Double tap to activate"},{"$i":"accessibility-key-hint","$v":"Prese and hold to activate"},{"$i":"accessibility-link-hint","$v":"Double tap to activate"},{"$i":"accessibility-menuitem-hint","$v":"Double tap to activate"},{"$i":"accessibility-option-hint","$v":"Double tap to activate"},{"$i":"accessibility-radiobutton-hint","$v":"Double tap to activate"},{"$i":"accessibility-slider-hint","$v":"Swipe up to increase or down to decrease"},{"$i":"accessibility-spinbutton-hint","$v":"Swipe up to increase or down to decrease"},{"$i":"accessibility-pagetab-hint","$v":"Double tap to activate"},{"$i":"accessibility-entry-hint","$v":"Double tap to activate"},{"$i":"accessibility-outlineitem-hint","$v":"Double tap to activate"},{"$i":"weekday-0-long","$v":"Pazar"},{"$i":"weekday-1-long","$v":"Pazartesi"},{"$i":"weekday-2-long","$v":"Salı"},{"$i":"weekday-3-long","$v":"Çarşamba"},{"$i":"weekday-4-long","$v":"Perşembe"},{"$i":"weekday-5-long","$v":"Cuma"},{"$i":"weekday-6-long","$v":"Cumartesi"},{"$i":"weekday-0-short","$v":"Pzr"},{"$i":"weekday-1-short","$v":"Pzt"},{"$i":"weekday-2-short","$v":"Sal"},{"$i":"weekday-3-short","$v":"Çar"},{"$i":"weekday-4-short","$v":"Per"},{"$i":"weekday-5-short","$v":"Cum"},{"$i":"weekday-6-short","$v":"Cmt"},{"$i":"month-0-long","$v":"Ocak"},{"$i":"month-1-long","$v":"Şubat"},{"$i":"month-2-long","$v":"Mart"},{"$i":"month-3-long","$v":"Nisan"},{"$i":"month-4-long","$v":"Mayıs"},{"$i":"month-5-long","$v":"Haziran"},{"$i":"month-6-long","$v":"Temmuz"},{"$i":"month-7-long","$v":"Ağustos"},{"$i":"month-8-long","$v":"Eylül"},{"$i":"month-9-long","$v":"Ekim"},{"$i":"month-10-long","$v":"Kasım"},{"$i":"month-11-long","$v":"Aralık"},{"$i":"month-0-genitive","$v":"Ocak"},{"$i":"month-1-genitive","$v":"Şubat"},{"$i":"month-2-genitive","$v":"Mart"},{"$i":"month-3-genitive","$v":"Nisan"},{"$i":"month-4-genitive","$v":"Mayıs"},{"$i":"month-5-genitive","$v":"Haziran"},{"$i":"month-6-genitive","$v":"Temmuz"},{"$i":"month-7-genitive","$v":"Ağustos"},{"$i":"month-8-genitive","$v":"Eylül"},{"$i":"month-9-genitive","$v":"Ekim"},{"$i":"month-10-genitive","$v":"Kasım"},{"$i":"month-11-genitive","$v":"Aralık"},{"$i":"month-0-short","$v":"Oca"},{"$i":"month-1-short","$v":"Şub"},{"$i":"month-2-short","$v":"Mar"},{"$i":"month-3-short","$v":"Nis"},{"$i":"month-4-short","$v":"May"},{"$i":"month-5-short","$v":"Haz"},{"$i":"month-6-short","$v":"Tem"},{"$i":"month-7-short","$v":"Ağu"},{"$i":"month-8-short","$v":"Eyl"},{"$i":"month-9-short","$v":"Eki"},{"$i":"month-10-short","$v":"Kas"},{"$i":"month-11-short","$v":"Ara"},{"$i":"minutes-ago-long","$v":{"zero":"biraz önce","one":"bir dakika önce","two":[{"t":"idOrVar","v":"value"}," dakika önce"],"few":[{"t":"idOrVar","v":"value"}," dakika önce"],"many":[{"t":"idOrVar","v":"value"}," dakika önce"],"other":[{"t":"idOrVar","v":"value"}," dakika önce"]},"$x":[{"t":"idOrVar","v":"plural"},"value"]},{"$i":"hours-ago-long","$v":{"zero":"biraz önce","one":"bir saat önce","two":[{"t":"idOrVar","v":"value"}," saat önce"],"few":[{"t":"idOrVar","v":"value"}," saat önce"],"many":[{"t":"idOrVar","v":"value"}," saat önce"],"other":[{"t":"idOrVar","v":"value"}," saat önce"]},"$x":[{"t":"idOrVar","v":"plural"},"value"]},{"$i":"days-ago-long","$v":{"zero":"bugün","one":"dün","two":[{"t":"idOrVar","v":"value"}," gün önce"],"few":[{"t":"idOrVar","v":"value"}," gün önce"],"many":[{"t":"idOrVar","v":"value"}," gün önce"],"other":[{"t":"idOrVar","v":"value"}," gün önce"]},"$x":[{"t":"idOrVar","v":"plural"},"value"]},{"$i":"weeks-ago-long","$v":{"zero":"bu hafta","one":"geçen hafta","two":[{"t":"idOrVar","v":"value"}," hafta önce"],"few":[{"t":"idOrVar","v":"value"}," hafta önce"],"many":[{"t":"idOrVar","v":"value"}," hafta önce"],"other":[{"t":"idOrVar","v":"value"}," hafta önce"]},"$x":[{"t":"idOrVar","v":"plural"},"value"]},{"$i":"months-ago-long","$v":{"zero":"bu ay","one":"geçen ay","two":[{"t":"idOrVar","v":"value"}," ay önce"],"few":[{"t":"idOrVar","v":"value"}," ay önce"],"many":[{"t":"idOrVar","v":"value"}," ay önce"],"other":[{"t":"idOrVar","v":"value"}," ay önce"]},"$x":[{"t":"idOrVar","v":"plural"},"value"]},{"$i":"years-ago-long","$v":{"zero":"bu yıl","one":"geçen yıl","two":[{"t":"idOrVar","v":"value"}," yıl önce"],"few":[{"t":"idOrVar","v":"value"}," yıl önce"],"many":[{"t":"idOrVar","v":"value"}," yıl önce"],"other":[{"t":"idOrVar","v":"value"}," yıl önce"]},"$x":[{"t":"idOrVar","v":"plural"},"value"]},{"$i":"minutes-until-long","$v":{"zero":"şimdi","one":"bir dakika önce","two":[{"t":"idOrVar","v":"value"}," dakika içinde"],"few":[{"t":"idOrVar","v":"value"}," dakika içinde"],"many":[{"t":"idOrVar","v":"value"}," dakika içinde"],"other":[{"t":"idOrVar","v":"value"}," dakika içinde"]},"$x":[{"t":"idOrVar","v":"plural"},"value"]},{"$i":"hours-until-long","$v":{"zero":"şimdi","one":"bir saat içinde","two":[{"t":"idOrVar","v":"value"}," saat içinde"],"few":[{"t":"idOrVar","v":"value"}," saat içinde"],"many":[{"t":"idOrVar","v":"value"}," saat içinde"],"other":[{"t":"idOrVar","v":"value"}," saat içinde"]},"$x":[{"t":"idOrVar","v":"plural"},"value"]},{"$i":"days-until-long","$v":{"zero":"bugün","one":"dün","two":[{"t":"idOrVar","v":"value"}," gün içinde"],"few":[{"t":"idOrVar","v":"value"}," gün içinde"],"many":[{"t":"idOrVar","v":"value"}," gün içinde"],"other":[{"t":"idOrVar","v":"value"}," gün içinde"]},"$x":[{"t":"idOrVar","v":"plural"},"value"]},{"$i":"weeks-until-long","$v":{"zero":"bu hafta","one":"gelecek hafta","two":[{"t":"idOrVar","v":"value"}," hafta içinde"],"few":[{"t":"idOrVar","v":"value"}," hafta içinde"],"many":[{"t":"idOrVar","v":"value"}," hafta içinde"],"other":[{"t":"idOrVar","v":"value"}," hafta içinde"]},"$x":[{"t":"idOrVar","v":"plural"},"value"]},{"$i":"months-until-long","$v":{"zero":"bu ay","one":"gelecek ay","two":[{"t":"idOrVar","v":"value"}," ay içinde"],"few":[{"t":"idOrVar","v":"value"}," ay içinde"],"many":[{"t":"idOrVar","v":"value"}," ay içinde"],"other":[{"t":"idOrVar","v":"value"}," ay içinde"]},"$x":[{"t":"idOrVar","v":"plural"},"value"]},{"$i":"years-until-long","$v":{"zero":"bu yıl","one":"gelecek yıl","two":[{"t":"idOrVar","v":"value"}," yıl içinde"],"few":[{"t":"idOrVar","v":"value"}," yıl içinde"],"many":[{"t":"idOrVar","v":"value"}," yıl içinde"],"other":[{"t":"idOrVar","v":"value"}," yıl içinde"]},"$x":[{"t":"idOrVar","v":"plural"},"value"]},{"$i":"minutes-ago-short","$v":{"zero":"biraz önce","other":[{"t":"idOrVar","v":"value"}," dk önce"]},"$x":[{"t":"idOrVar","v":"plural"},"value"]},{"$i":"hours-ago-short","$v":{"zero":"biraz önce","other":[{"t":"idOrVar","v":"value"}," saat önce"]},"$x":[{"t":"idOrVar","v":"plural"},"value"]},{"$i":"days-ago-short","$v":{"zero":"bugün","other":[{"t":"idOrVar","v":"value"}," gün önce"]},"$x":[{"t":"idOrVar","v":"plural"},"value"]},{"$i":"minutes-until-short","$v":{"zero":"şimdi","other":[{"t":"idOrVar","v":"value"}," dk içinde"]},"$x":[{"t":"idOrVar","v":"plural"},"value"]},{"$i":"hours-until-short","$v":{"zero":"şimdi","other":[{"t":"idOrVar","v":"value"}," saat içinde"]},"$x":[{"t":"idOrVar","v":"plural"},"value"]},{"$i":"days-until-short","$v":{"zero":"bugün","other":[{"t":"idOrVar","v":"value"}," gün içinde"]},"$x":[{"t":"idOrVar","v":"plural"},"value"]},{"$i":"incorrectDate","$v":"(geçersiz tarih)"},{"$i":"dateTimeFormat_%c","$v":"%e %b %Y %a %H:%M:%S"},{"$i":"dateTimeFormat_%x","$v":"%d/%m/%Y"},{"$i":"dateTimeFormat_%X","$v":"%H:%M:%S"},{"$i":"shortTimeFormat","$v":"%H:%M"},{"$i":"shortTimeFormat12","$v":"%I:%M %p"},{"$i":"shortTimeFormat24","$v":"%H:%M"},{"$i":"shortDateTimeFormat","$v":"%x %H:%M"},{"$i":"weekStartsOnMonday","$v":"1"},{"$i":"firstDayOfTheWeek","$v":"0"},{"$i":"time_am","$v":"ÖÖ"},{"$i":"time_pm","$v":"ÖS"},{"$i":"title-app","$v":"Uygulama izni"},{"$i":"title-web","$v":"Web sitesi izni"},{"$i":"title-cam","$v":"Kamera seçin"},{"$i":"perm-alarms","$v":"Alarm kur"},{"$i":"perm-audio-capture","$v":"Mikrofon"},{"$i":"perm-audio-capture-appRequest","$v":["Mikrofonunuzu ",{"t":"idOrVar","v":"app"}," ile paylaşmak istiyor musunuz?"]},{"$i":"perm-audio-capture-webRequest","$v":["Mikrofonunuzu ",{"t":"idOrVar","v":"site"}," ile paylaşmak istiyor musunuz?"]},{"$i":"perm-audio-channel-content","$v":"Ses çal"},{"$i":"perm-audio-channel-notification","$v":"Bildirim sesi çal"},{"$i":"perm-audio-channel-ringer","$v":"Zil sesi çal"},{"$i":"perm-background-sensors","$v":"Sensör verilerine eriş"},{"$i":"perm-bluetooth","$v":"Bluetooth"},{"$i":"perm-browser","$v":"Web sayfalarını denetle"},{"$i":"perm-camera","$v":"Kameralar"},{"$i":"perm-camera-selector-appRequest","$v":[{"t":"idOrVar","v":"app"}," için bir kamera seçin."]},{"$i":"perm-camera-selector-webRequest","$v":[{"t":"idOrVar","v":"site"}," için bir kamera seçin."]},{"$i":"perm-cellbroadcast","$v":"Hücresel yayınlar"},{"$i":"perm-contacts","$v":"Kişiler"},{"$i":"perm-contacts-appRequest","$v":[{"t":"idOrVar","v":"app"}," kişi listenize erişmek istiyor."]},{"$i":"perm-contacts-webRequest","$v":[{"t":"idOrVar","v":"site"}," kişi listenize erişmek istiyor."]},{"$i":"perm-desktop-notification","$v":"Bildirimler"},{"$i":"perm-desktop-notification-appRequest","$v":[{"t":"idOrVar","v":"app"}," bildirimler göstermek istiyor."]},{"$i":"perm-desktop-notification-webRequest","$v":[{"t":"idOrVar","v":"site"}," bildirimler göstermek istiyor."]},{"$i":"perm-device-storage-apps","$v":"Uygulama depolama"},{"$i":"perm-device-storage-music","$v":"Müzik Depolama"},{"$i":"perm-device-storage-music-appRequest","$v":[{"t":"idOrVar","v":"app"}," müziklerinize erişmek istiyor."]},{"$i":"perm-device-storage-music-webRequest","$v":[{"t":"idOrVar","v":"site"}," müziklerinize erişmek istiyor."]},{"$i":"perm-device-storage-pictures","$v":"Resim Depolama"},{"$i":"perm-device-storage-pictures-appRequest","$v":[{"t":"idOrVar","v":"app"}," resimlerinize erişmek istiyor."]},{"$i":"perm-device-storage-pictures-webRequest","$v":[{"t":"idOrVar","v":"site"}," resimlerinize erişmek istiyor."]},{"$i":"perm-device-storage-sdcard","$v":"Bellek Kartı Depolama"},{"$i":"perm-device-storage-sdcard-appRequest","$v":[{"t":"idOrVar","v":"app"}," bellek kartınıza erişmek istiyor."]},{"$i":"perm-device-storage-sdcard-webRequest","$v":[{"t":"idOrVar","v":"site"}," bellek kartınıza erişmek istiyor."]},{"$i":"perm-device-storage-videos","$v":"Video Depolama"},{"$i":"perm-device-storage-videos-appRequest","$v":[{"t":"idOrVar","v":"app"}," videolarınıza erişmek istiyor."]},{"$i":"perm-device-storage-videos-webRequest","$v":[{"t":"idOrVar","v":"site"}," videolarınıza erişmek istiyor."]},{"$i":"perm-embed-apps","$v":"Uygulama göm"},{"$i":"perm-fmradio","$v":"FM Radyo"},{"$i":"perm-fmradio-appRequest","$v":[{"t":"idOrVar","v":"app"}," FM Radyo'yu kullanmak istiyor."]},{"$i":"perm-fmradio-webRequest","$v":[{"t":"idOrVar","v":"site"}," FM Radyo'yu kullanmak istiyor."]},{"$i":"perm-geolocation","$v":"Coğrafi Konum"},{"$i":"perm-geolocation-appRequest","$v":[{"t":"idOrVar","v":"app"}," konumunuzu bilmek istiyor."]},{"$i":"perm-geolocation-more-info","$v":[{"t":"idOrVar","v":"brandShortName"}," yaklaşık konumunuzu belirlemek için GPS, Wi-Fi ve yakınınızdaki baz istasyonları gibi verileri kullanır. Bu veriler Mozilla'ya ve diğer hizmet sağlayıcılara gönderilir, ilgili konum veritabanlarını geliştirmek için toplanarak kullanılır. Veriler cihazınızda depolanabilir ve hiçbir uygulama çalışmadığı sırada dahi veri toplanabilir."]},{"$i":"perm-geolocation-webRequest","$v":[{"t":"idOrVar","v":"site"}," konumunuzu bilmek istiyor."]},{"$i":"perm-idle","$v":"Bekleme durumunu gör"},{"$i":"perm-indexedDB-chrome-settings","$v":"Ayrıcaklıklı IndexedDB"},{"$i":"perm-indexedDB-unlimited","$v":"Sınırsız IndexedDB depolama"},{"$i":"perm-input-manage","$v":"Klavyeleri yönet"},{"$i":"perm-input","$v":"Klavye gibi davran"},{"$i":"perm-media-capture","$v":"Kamera ve Mikrofon"},{"$i":"perm-media-capture-appRequest","$v":["Kamera ve mikrofonunuzu ",{"t":"idOrVar","v":"app"}," ile paylaşmak istiyor musunuz?"]},{"$i":"perm-media-capture-webRequest","$v":["Kamera ve mikrofonunuzu ",{"t":"idOrVar","v":"site"}," ile paylaşmak istiyor musunuz?"]},{"$i":"perm-mobileconnection","$v":"Mobil bağlantı"},{"$i":"perm-mobileid","$v":"Mobil kimlik"},{"$i":"perm-network-events","$v":"Ağ olayları"},{"$i":"perm-open-remote-window","$v":"Uygulama başlat"},{"$i":"perm-permissions","$v":"Uygulama izinlerini değiştir"},{"$i":"perm-power","$v":"Güç Ayarları"},{"$i":"perm-settings","$v":"Ayarları değiştir"},{"$i":"perm-systemXHR","$v":"Kökenler arası istekler"},{"$i":"perm-telephony","$v":"Telefon"},{"$i":"perm-video-capture","$v":"Kamera"},{"$i":"perm-video-capture-appRequest","$v":["Kameranızı ",{"t":"idOrVar","v":"app"}," ile paylaşmak istiyor musunuz?"]},{"$i":"perm-video-capture-webRequest","$v":["Kameranızı ",{"t":"idOrVar","v":"site"}," ile paylaşmak istiyor musunuz?"]},{"$i":"perm-voicemail","$v":"Telesekreter kontrolü"},{"$i":"perm-webapps-manage","$v":"Web uygulamaları yükle"},{"$i":"perm-wifi-manage","$v":"Wi-Fi'ı yönet"},{"$i":"perm-attention","$v":"Overlay popup'ları aç"},{"$i":"perm-audio-channel-alarm","$v":"Alarm seslerini çal"},{"$i":"perm-audio-channel-normal","$v":"Sesleri çal"},{"$i":"perm-audio-channel-publicnotification","$v":"Açık bildirim seslerini çal"},{"$i":"perm-audio-channel-telephony","$v":"Telefon seslerini çal"},{"$i":"perm-backgroundservice","$v":"Arka plan hizmeti olarak çalış"},{"$i":"perm-device-storage-crashes","$v":"Çökme verisi depolama"},{"$i":"perm-downloads","$v":"İndirilenlere eriş"},{"$i":"perm-embed-widgets","$v":"Widget göm"},{"$i":"perm-feature-detection","$v":"Özellik tespiti"},{"$i":"perm-firefox-accounts","$v":"Firefox Hesapları"},{"$i":"perm-mobilenetwork","$v":"Mobil şebeke"},{"$i":"perm-moz-attention","$v":"Overlay popup'ları aç (moz)"},{"$i":"perm-moz-audio-channel-ringer","$v":"Zil seslerini çal (moz)"},{"$i":"perm-moz-audio-channel-telephony","$v":"Telefon seslerini çal (moz)"},{"$i":"perm-moz-firefox-accounts","$v":"Firefox Hesapları (moz)"},{"$i":"perm-networkstats-manage","$v":"Kullanım istatistiklerini kontrol et"},{"$i":"perm-nfc","$v":"NFC"},{"$i":"perm-nfc-hci-events","$v":"NFC HCI olayları"},{"$i":"perm-nfc-manager","$v":"NFC'yi yönet"},{"$i":"perm-phonenumberservice","$v":"Telefon numarası hizmeti"},{"$i":"perm-push","$v":"Push API'si"},{"$i":"perm-resourcestats-manage","$v":"Kaynak istatistikleri"},{"$i":"perm-sms","$v":"SMS gönder ve oku"},{"$i":"perm-speaker-control","$v":"Ses düzeyini yönet"},{"$i":"perm-storage","$v":"Depolamaya eriş"},{"$i":"perm-tcp-socket","$v":"TCP soketleri"},{"$i":"perm-test-permission","$v":"Test izni"},{"$i":"perm-time","$v":"Tarih ve saati ayarla"},{"$i":"perm-udp-socket","$v":"UDP soketleri"},{"$i":"perm-wappush","$v":"WAP Push"},{"$i":"stopped_download_title","$v":"İndirme durduruldu"},{"$i":"stopped_download_message","$v":"İndirme durduruldu. Tekrar denensin mi?"},{"$i":"stopped_download_left_button","$v":"İptal"},{"$i":"stopped_download_right_button","$v":"Tekrar dene"},{"$i":"failed_download_title","$v":"İndirme başarısız"},{"$i":"failed_download_message","$v":[{"t":"idOrVar","v":"name"}," indirmesi başarısız oldu. Tekrar denensin mi?"]},{"$i":"failed_download_left_button","$v":"İptal"},{"$i":"failed_download_right_button","$v":"Tekrar dene"},{"$i":"stop_download_title","$v":"İndirmeyi durdur"},{"$i":"stop_download_message","$v":"İndirmeyi durdurmak istediğinizden emin misiniz?"},{"$i":"stop_download_left_button","$v":"Hayır"},{"$i":"stop_download_right_button","$v":"Evet"},{"$i":"delete_download_title","$v":"Sil"},{"$i":"delete_download_message","$v":[{"t":"idOrVar","v":"name"}," silinsin mi?"]},{"$i":"delete_download_left_button","$v":"İptal"},{"$i":"delete_download_right_button","$v":"Sil"},{"$i":"delete_all_download_title","$v":"Sil"},{"$i":"delete_all_download_left_button","$v":"İptal"},{"$i":"delete_all_download_right_button","$v":"Sil"},{"$i":"delete_all_download_message","$v":{"zero":"Hiçbir dosya silinmesin mi?","one":"Bir dosya silinsin mi?","two":[{"t":"idOrVar","v":"number"}," dosya silinsin mi?"],"few":[{"t":"idOrVar","v":"number"}," dosya silinsin mi?"],"many":[{"t":"idOrVar","v":"number"}," dosya silinsin mi?"],"other":[{"t":"idOrVar","v":"number"}," dosya silinsin mi?"]},"$x":[{"t":"idOrVar","v":"plural"},"number"]},{"$i":"unsupported_file_type_download_title","$v":"Açılamadı"},{"$i":"unsupported_file_type_download_message","$v":[{"t":"idOrVar","v":"name"}," dosyasını açabilen bir uygulama yok. Dosyayı kaydetmek mi yoksa silmek mi istersiniz?"]},{"$i":"unsupported_file_type_download_left_button","$v":"Dosyayı tut"},{"$i":"unsupported_file_type_download_right_button","$v":"Sil"},{"$i":"file_not_found_download_title","$v":"Dosya bulunamadı"},{"$i":"file_not_found_download_message","$v":"Dosya cihazda bulunamadı"},{"$i":"file_not_found_download_right_button","$v":"Tamam"},{"$i":"unmounted_sdcard_2_download_title","$v":"Bellek kartı kullanımda"},{"$i":"unmounted_sdcard_2_download_message","$v":"Telefonun bağlantısını kesin"},{"$i":"unmounted_sdcard_2_download_right_button","$v":"Tamam"},{"$i":"no_provider_download_title","$v":"Paylaşılamadı"},{"$i":"no_provider_download_message","$v":"Sağlayıcı bulunamadı"},{"$i":"no_provider_download_right_button","$v":"Tamam"},{"$i":"no_memory_download_title","$v":"SD kart dolu"},{"$i":"no_memory_download_message","$v":"İndirdiğiniz dosyayı kaydetmek için SD kartınızda yer kalmadı. İndirmeyi yeniden başlatmadan önce lütfen bazı dosyaları silin."},{"$i":"no_memory_download_right_button","$v":"Tamam"},{"$i":"no_sdcard_found_2_download_title","$v":"Bellek kartı bulunamadı"},{"$i":"no_sdcard_found_2_download_message","$v":"Bellek kartı takın veya ayarlardan alternatif bir varsayılan medya konumu seçin"},{"$i":"no_sdcard_found_2_download_right_button","$v":"Tamam"},{"$i":"file_open_error_download_title","$v":"Açılamıyor"},{"$i":"file_open_error_download_message","$v":[{"t":"idOrVar","v":"name"}," açılırken bir sorun oluştu. Dosyayı kaydetmek mi yoksa silmek mi istersiniz?"]},{"$i":"file_open_error_download_left_button","$v":"Dosyayı tut"},{"$i":"file_open_error_download_right_button","$v":"Sil"},{"$i":"restart_download_error","$v":"İndirme yeniden başlatılırken bir hata oluştu. Lütfen tekrar indirmeyi deneyin."},{"$i":"no-downloads","$v":"İndirme yok"},{"$i":"percentage","$v":["% ",{"t":"idOrVar","v":"percentage"}]},{"$i":"partialResult","$v":[{"t":"idOrVar","v":"partial"}," / ",{"t":"idOrVar","v":"total"}]},{"$i":"summary","$v":[{"t":"idOrVar","v":"date"}," - ",{"t":"idOrVar","v":"status"}]},{"$i":"download-stopped","$v":"Durduruldu"},{"$i":"download-failed","$v":"İndirme başarısız"},{"$i":"open_downloaded_file","$v":"Aç"},{"$i":"share_downloaded_file","$v":"Paylaş"},{"$i":"wallpaper_downloaded_file","$v":"Duvar kâğıdı yap"},{"$i":"ringtone_downloaded_file","$v":"Zil sesi yap"},{"$i":"cancel_downloaded_file","$v":"İptal"},{"$i":"voicemailNoNumberTitle","$v":"Telesekreter numarası yok"},{"$i":"voicemailNoNumberText","$v":"Telesekreter aranamadı. Arama yapmak için telesekreter numarasını ayarlayın."},{"$i":"voicemailNoNumberSettings","$v":"Ayarlar"},{"$i":"voicemailNoNumberCancel","$v":"İptal"},{"$i":"airplaneMode","$v":"Uçak modu"},{"$i":"searching","$v":"Aranıyor…"},{"$i":"noNetwork","$v":"Şebeke yok"},{"$i":"roaming","$v":[{"t":"idOrVar","v":"operator"}," (Dolaşımda)"]},{"$i":"operator-info","$v":[{"t":"idOrVar","v":"carrier"}," ",{"t":"idOrVar","v":"region"}]},{"$i":"emergencyCallsOnly-unknownSIMState","$v":"(bilinmeyen SIM durumu)"},{"$i":"emergencyCallsOnly-noSIM","$v":"(SIM yok)"},{"$i":"emergencyCallsOnly-pinRequired","$v":"(SIM PIN'i gerekli)"},{"$i":"emergencyCallsOnly-pukRequired","$v":"(SIM PUK gerekli)"},{"$i":"emergencyCallsOnly-networkLocked","$v":"(şebeke kilitli)"},{"$i":"emergencyCallsOnly-serviceProviderLocked","$v":"(servis sağlayıcı kilitli)"},{"$i":"emergencyCallsOnly-corporateLocked","$v":"(kurumsal kilitli)"},{"$i":"emergencyCallsOnly-network1Locked","$v":"(şebeke 1 kilitli)"},{"$i":"emergencyCallsOnly-network2Locked","$v":"(şebeke 2 kilitli)"},{"$i":"emergencyCallsOnly-hrpdNetworkLocked","$v":"(hrpd şebekesi kilitli)"},{"$i":"emergencyCallsOnly-ruimCorporateLocked","$v":"(ruim kurumsal kilitli)"},{"$i":"emergencyCallsOnly-ruimServiceProviderLocked","$v":"(ruim servis sağlayıcı kilitli)"},{"$i":"lockscreen-sim-id","$v":["SIM ",{"t":"idOrVar","v":"n"}]},{"$i":"charging-status-no-time","$v":[{"t":"idOrVar","v":"level"},"% Charged"]},{"$i":"charging-status-minutes","$v":{"zero":[{"t":"idOrVar","v":"level"},"% Charged (",{"t":"idOrVar","v":"minutes"}," mins remaining)"],"one":[{"t":"idOrVar","v":"level"},"% Charged (",{"t":"idOrVar","v":"minutes"}," min remaining)"],"two":[{"t":"idOrVar","v":"level"},"% Charged (",{"t":"idOrVar","v":"minutes"}," mins remaining)"],"few":[{"t":"idOrVar","v":"level"},"% Charged (",{"t":"idOrVar","v":"minutes"}," mins remaining)"],"many":[{"t":"idOrVar","v":"level"},"% Charged (",{"t":"idOrVar","v":"minutes"}," mins remaining)"],"other":[{"t":"idOrVar","v":"level"},"% Charged (",{"t":"idOrVar","v":"minutes"}," mins remaining)"]},"$x":[{"t":"idOrVar","v":"plural"},"minutes"]},{"$i":"charging-status-hours","$v":{"zero":[{"t":"idOrVar","v":"level"},"% Charged (",{"t":"idOrVar","v":"hours"},"h ",{"t":"idOrVar","v":"minutes"}," mins remaining)"],"one":[{"t":"idOrVar","v":"level"},"% Charged (",{"t":"idOrVar","v":"hours"},"h ",{"t":"idOrVar","v":"minutes"}," min remaining)"],"two":[{"t":"idOrVar","v":"level"},"% Charged (",{"t":"idOrVar","v":"hours"},"h ",{"t":"idOrVar","v":"minutes"}," mins remaining)"],"few":[{"t":"idOrVar","v":"level"},"% Charged (",{"t":"idOrVar","v":"hours"},"h ",{"t":"idOrVar","v":"minutes"}," mins remaining)"],"many":[{"t":"idOrVar","v":"level"},"% Charged (",{"t":"idOrVar","v":"hours"},"h ",{"t":"idOrVar","v":"minutes"}," mins remaining)"],"other":[{"t":"idOrVar","v":"level"},"% Charged (",{"t":"idOrVar","v":"hours"},"h ",{"t":"idOrVar","v":"minutes"}," mins remaining)"]},"$x":[{"t":"idOrVar","v":"plural"},"minutes"]},{"$i":"gaia-menu-cancel","$v":"İptal"}]