[{"$i":"share","$v":"分享"},{"$i":"resend","$v":"重新发送"},{"$i":"connecting","$v":"正在连接"},{"$i":"verify","$v":"验证"},{"$i":"verifying","$v":"正在验证"},{"$i":"verified","$v":"已验证"},{"$i":"mobileIDExplanation","$v":[{"t":"idOrVar","v":"app_name"}," 想要获知并验证您的电话号码。请选择一个您想要分享的号码，或者输入一个号码。"]},{"$i":"verificationCodeExplanation","$v":["我们已经发送代码到 ",{"t":"idOrVar","v":"phone_number"},"。我们将尝试自动拾取它，但如果您并未正在使用这个设备，您就必须手动输入该代码。"]},{"$i":"successMessage","$v":["很好！您的号码 ",{"t":"idOrVar","v":"phone_number"}," 已经验证，并且现在将提供给 ",{"t":"idOrVar","v":"app_name"},"。"]},{"$i":"serverErrorMessage","$v":"验证服务器此时不可用。请检查您的互联网连接、尝试重试，或者等待几分钟再试。"},{"$i":"timeoutErrorMessage","$v":"您的验证码似乎有点问题。让我们再试一次！"},{"$i":"errorTitle","$v":"移动电话身份"},{"$i":"ok","$v":"确定"},{"$i":"addPhoneNumber","$v":"或者添加您的电话号码"},{"$i":"selectPhoneNumber","$v":"或者从该列表中选择一个电话号码"},{"$i":"firefox-accounts-title","$v":"Firefox 账户"},{"$i":"fxa-next","$v":"下一步"},{"$i":"fxa-back","$v":"上一步"},{"$i":"fxa-done","$v":"完成"},{"$i":"fxa-ok","$v":"确定"},{"$i":"fxa-connection-error-title","$v":"无法连接"},{"$i":"fxa-connection-error-message","$v":"您可以在“设置”中创建或登录一个账户。"},{"$i":"fxa-reset-password-error-title","$v":"重置密码"},{"$i":"fxa-reset-password-error-message","$v":"您可以在“设置”中重置您的密码。"},{"$i":"fxa-coppa-failure-error-title","$v":"无法创建账户"},{"$i":"fxa-coppa-failure-error-message","$v":["您必须符合一定的年龄要求才能创建一个 Firefox 账户。",{"t":"idOrVar","v":"learnmore"}]},{"$i":"fxa-learn-more","$v":"了解更多"},{"$i":"fxa-offline-error-title","$v":"无法连接"},{"$i":"fxa-offline-error-message","$v":"请在“设置”中连接到一个网络。"},{"$i":"fxa-invalid-email-title","$v":"错误"},{"$i":"fxa-invalid-email-message","$v":"请输入有效的电子邮件地址。"},{"$i":"fxa-invalid-password-title","$v":"无效的密码"},{"$i":"fxa-invalid-password-message","$v":"请检查您的密码并重试。"},{"$i":"fxa-unknown-error-title","$v":"无法连接"},{"$i":"fxa-unknown-error-message","$v":"系统不可用，请稍候重试。"},{"$i":"fxa-connecting","$v":"正在连接"},{"$i":"fxa-enter-email-input","placeholder":"请输入您的电子邮箱"},{"$i":"fxa-use-email-to-sign-in","$v":"使用您的电子邮件地址以创建或登录一个账户。"},{"$i":"fxa-notice","$v":["继续则代表我同意 ",{"t":"idOrVar","v":"tos"}," 和 Firefox 云服务的 ",{"t":"idOrVar","v":"pn"},"。"]},{"$i":"fxa-tos","$v":"服务条款"},{"$i":"fxa-pn","$v":"隐私声明"},{"$i":"fxa-create-password-title","$v":"创建密码"},{"$i":"fxa-enter-password-title","$v":"请输入您的密码"},{"$i":"fxa-hello-user","$v":["你好，",{"t":"idOrVar","v":"email"}]},{"$i":"fxa-password-refresh","$v":"请输入您的 Firefox 账户密码以继续。"},{"$i":"fxa-password","placeholder":"密码"},{"$i":"fxa-forgot-your-password","$v":"忘记了密码？"},{"$i":"fxa-show-password","$v":"显示密码"},{"$i":"fxa-password-length-requirement","$v":"您的密码长度至少要有8个字符。"},{"$i":"fxa-success","$v":"成功！"},{"$i":"fxa-ready-to-go","$v":"您的 Firefox 账户已经就绪！ "},{"$i":"fxa-use-features","$v":"现在您可以使用“查找我的设备”之类的功能和“火狐应用市场”之类的应用了。"},{"$i":"fxa-access-manage-account-settings","$v":"未来您将可以在“设置”中访问和管理您的账户。"},{"$i":"fxa-confirm-account","$v":"验证您的账户"},{"$i":"fxa-will-send-email","$v":["我们会发送一封邮件到：",{"t":"idOrVar","v":"email"}]},{"$i":"fxa-signup-click-verification-link-in-email","$v":"在您下一次查阅您的邮箱时，点击验证链接确认您的 Firefox 账户。"},{"$i":"fxa-age-verification","$v":"年龄验证"},{"$i":"fxa-age-earlier","$v":[{"t":"idOrVar","v":"year"}," or earlier"]},{"$i":"fxa-year-of-birth","$v":"出生年份"},{"$i":"brandShortName","$v":"B2G OS"},{"$i":"browserBrandShortName","$v":"Web Browser"},{"$i":"browserBrandFullName","$v":"Mozilla Web Browser"},{"$i":"ringtoneBrandName","$v":"Default"},{"$i":"ringtoneSectionBrandName","$v":"System"},{"$i":"back","$v":"后退"},{"$i":"help","$v":"帮助"},{"$i":"cancel","$v":"取消"},{"$i":"close","$v":"关闭"},{"$i":"skip","$v":"跳过"},{"$i":"clear","ariaLabel":"清空"},{"$i":"enable","$v":"启用"},{"$i":"turnOn","$v":"打开"},{"$i":"undo","ariaLabel":"撤销"},{"$i":"enterPIN","$v":"输入 PIN"},{"$i":"mediaPlaybackTrack","ariaLabel":"Track title and artist"},{"$i":"mediaPlaybackControls","ariaLabel":"播放控制"},{"$i":"mediaPlaybackPrevious","ariaLabel":"上一首"},{"$i":"mediaPlaybackPlay","ariaLabel":"播放"},{"$i":"mediaPlaybackPause","ariaLabel":"暂停"},{"$i":"mediaPlaybackNext","ariaLabel":"下一首"},{"$i":"UnknownTrack","$v":"未知音轨"},{"$i":"wifiButton-on","$v":"Wi-Fi 已开启"},{"$i":"wifiButton-on-initializing","$v":"Wi-Fi 已开启，初始化中"},{"$i":"wifiButton-off","$v":"Wi-Fi 已关闭"},{"$i":"dataButton-on","$v":["数据 ",{"t":"idOrVar","v":"type"}," 已开启"]},{"$i":"dataButton-off","$v":["数据 ",{"t":"idOrVar","v":"type"}," 已关闭"]},{"$i":"bluetoothButton-on","$v":"蓝牙已开启"},{"$i":"bluetoothButton-on-initializing","$v":"蓝牙已开启，初始化中"},{"$i":"bluetoothButton-off","$v":"蓝牙已关闭"},{"$i":"airplaneMode-on","$v":"飞行模式已开启"},{"$i":"airplaneMode-off","$v":"飞行模式已关闭"},{"$i":"settingsButton","ariaLabel":"设置"},{"$i":"utilityTray","ariaLabel":"实用托盘"},{"$i":"statusbarOperator","$v":[{"t":"idOrVar","v":"date"},", ",{"t":"idOrVar","v":"operator"}]},{"$i":"statusbarDateFormat","$v":"%b %e 日"},{"$i":"statusbar","ariaLabel":"状态栏"},{"$i":"statusbarBattery","ariaLabel":["电量：",{"t":"idOrVar","v":"level"},"%"]},{"$i":"statusbarBatteryCharging","ariaLabel":["电量：",{"t":"idOrVar","v":"level"},"% (充电中)"]},{"$i":"statusbarAirplaneMode","ariaLabel":"Airplane mode on"},{"$i":"statusbarWiFiConnecting","ariaLabel":"Wi-Fi: connecting"},{"$i":"statusbarWiFiConnected","ariaLabel":["Wi-Fi: ",{"t":"idOrVar","v":"level"}," of 4 bars"]},{"$i":"statusbarSignal","ariaLabel":[{"t":"idOrVar","v":"operator"}," network, ",{"t":"idOrVar","v":"level"}," of 5 bars"]},{"$i":"statusbarSignalRoaming","ariaLabel":[{"t":"idOrVar","v":"operator"}," network (roaming), ",{"t":"idOrVar","v":"level"}," of 5 bars"]},{"$i":"statusbarSignalNoneSearching","ariaLabel":"Searching… Emergency calls only"},{"$i":"emergencyCallsOnly","$v":"仅限紧急呼叫"},{"$i":"statusbarSignalNoSimCard","ariaLabel":"No SIM card"},{"$i":"statusbarHeadphone","ariaLabel":"Headphones on"},{"$i":"statusbarBluetoothHeadphone","ariaLabel":"Bluetooth headphones on"},{"$i":"statusbarBluetoothTransfer","ariaLabel":"Bluetooth transfer active"},{"$i":"statusbarIconOn-tethering","ariaLabel":"Tethering on"},{"$i":"statusbarIconOnActive-tethering","ariaLabel":"Tethering on, active"},{"$i":"statusbarAlarm","ariaLabel":"闹钟已打开"},{"$i":"statusbarIconOn-bluetooth","ariaLabel":"Bluetooth on"},{"$i":"statusbarIconOnActive-bluetooth","ariaLabel":"Bluetooth on, active"},{"$i":"statusbarIconOn-mute","ariaLabel":"Mute on"},{"$i":"statusbarIconOn-vibration","ariaLabel":"Vibration on"},{"$i":"statusbarRecording","ariaLabel":"录音已打开"},{"$i":"statusbarGeolocation","ariaLabel":"地理位置定位已打开"},{"$i":"statusbarUsb","ariaLabel":"USB 已打开"},{"$i":"statusbarCallForwarding","$v":"Call forwarding on"},{"$i":"statusbarPlaying","ariaLabel":"媒体播放"},{"$i":"statusbarNfc","ariaLabel":"NFC 已打开"},{"$i":"statusbarDownload","ariaLabel":"Downloading…"},{"$i":"statusbarNetworkActivity","ariaLabel":"网络已打开"},{"$i":"statusbarEmergencyCallback","ariaLabel":"Emergency callback"},{"$i":"statusbarNotifications","$v":{"one":[{"t":"idOrVar","v":"n"}," 个通知"],"two":[{"t":"idOrVar","v":"n"}," 个通知"],"few":[{"t":"idOrVar","v":"n"}," 个通知"],"many":[{"t":"idOrVar","v":"n"}," 个通知"],"other":[{"t":"idOrVar","v":"n"}," 个通知"]},"$x":[{"t":"idOrVar","v":"plural"},"n"]},{"$i":"statusbarNotifications-unread","ariaLabel":{"$x":[{"t":"idOrVar","v":"plural"},"n"],"$v":{"one":[{"t":"idOrVar","v":"n"}," 个未读通知"],"two":[{"t":"idOrVar","v":"n"}," 个未读通知"],"few":[{"t":"idOrVar","v":"n"}," 个未读通知"],"many":[{"t":"idOrVar","v":"n"}," 个未读通知"],"other":[{"t":"idOrVar","v":"n"}," 个未读通知"]}}},{"$i":"notifications","$v":"通知"},{"$i":"clear-all","$v":"全部清除"},{"$i":"attentionScreen-tapToShow","$v":"点击显示"},{"$i":"newVoicemails","$v":{"zero":"没有新的语音邮件","one":"1 封新语音邮件","two":[{"t":"idOrVar","v":"n"}," 封新语音邮件"],"few":[{"t":"idOrVar","v":"n"}," 封新语音邮件"],"many":[{"t":"idOrVar","v":"n"}," 封新语音邮件"],"other":[{"t":"idOrVar","v":"n"}," 封新语音邮件"]},"$x":[{"t":"idOrVar","v":"plural"},"n"]},{"$i":"newVoicemailsUnknown","$v":"新语音邮件"},{"$i":"dialNumber","$v":["拨打 ",{"t":"idOrVar","v":"number"}]},{"$i":"voicemailNotificationMultiSim","$v":["(SIM ",{"t":"idOrVar","v":"n"},") ",{"t":"idOrVar","v":"title"}]},{"$i":"euRoamingNotificationTitle","$v":"检测到欧盟网络"},{"$i":"euRoamingNotificationMsg","$v":"点按以更改。"},{"$i":"confirmNFCConnectBTenabledNameUnknown","$v":"您确定要连接该设备吗？"},{"$i":"confirmNFCConnectBTdisabledNameUnknown","$v":"打开蓝牙并连接该设备？"},{"$i":"confirmNFCConnectBTenabledNameKnown","$v":["您确定要连接到 ",{"t":"idOrVar","v":"deviceName"}," 吗？"]},{"$i":"confirmNFCConnectBTdisabledNameKnown","$v":["打开蓝牙并连接到 ",{"t":"idOrVar","v":"deviceName"},"？"]},{"$i":"confirmNFCConnectBTdisabled","$v":"打开"},{"$i":"dismissNFCConnectBTdisabled","$v":"取消"},{"$i":"confirmation","$v":"确认"},{"$i":"deviceMenu","$v":"手机"},{"$i":"airplane","$v":"打开飞行模式"},{"$i":"airplaneOff","$v":"关闭飞行模式"},{"$i":"silent","$v":"来电静音"},{"$i":"normal","$v":"来电响铃"},{"$i":"restart","$v":"重新启动"},{"$i":"power","$v":"关机"},{"$i":"no-recent-app-windows","$v":"您最近的应用窗口显示在这里"},{"$i":"no-recent-browser-windows","$v":"您最近的浏览器窗口显示在这里"},{"$i":"closeCard","ariaLabel":"关闭"},{"$i":"openCard","ariaLabel":"打开"},{"$i":"yes","$v":"是"},{"$i":"no","$v":"否"},{"$i":"dontallow","$v":"不允许"},{"$i":"allow","$v":"允许"},{"$i":"dontshare-geolocation","$v":"不分享"},{"$i":"share-geolocation","$v":"分享"},{"$i":"dontshare-audio-capture","$v":"不分享"},{"$i":"share-audio-capture","$v":"分享"},{"$i":"dontshare-video-capture","$v":"不分享"},{"$i":"share-video-capture","$v":"分享"},{"$i":"dontshare-media-capture","$v":"不分享"},{"$i":"share-media-capture","$v":"分享"},{"$i":"device-front","$v":"前置摄像头"},{"$i":"device-back","$v":"后置摄像头"},{"$i":"remember-my-choice","$v":"记住我的选择"},{"$i":"more-info","$v":"更多信息…"},{"$i":"hide-info","$v":"隐藏信息"},{"$i":"install-app","$v":["安装 ",{"t":"idOrVar","v":"name"},"？"]},{"$i":"size","$v":"大小"},{"$i":"author","$v":"作者"},{"$i":"size-unknown","$v":"未知"},{"$i":"author-unknown","$v":"未知"},{"$i":"install","$v":"安装"},{"$i":"bytes","$v":"字节"},{"$i":"kB","$v":"kB"},{"$i":"MB","$v":"MB"},{"$i":"GB","$v":"GB"},{"$i":"TB","$v":"TB"},{"$i":"PB","$v":"PB"},{"$i":"app-install-generic-error","$v":["“",{"t":"idOrVar","v":"appName"},"”下载已停止"]},{"$i":"app-install-download-failed","$v":["下载 ",{"t":"idOrVar","v":"appName"}," 失败"]},{"$i":"app-install-install-failed","$v":["安装 ",{"t":"idOrVar","v":"appName"}," 失败"]},{"$i":"cancelling-will-not-refund","$v":"取消不会导致退款。付费内容的退款由原始销售者提供。"},{"$i":"apps-can-be-installed-later","$v":"也可以以后再从最初的安装来源安装应用。"},{"$i":"are-you-sure-you-want-to-cancel","$v":"确定要取消此次安装吗？"},{"$i":"cancel-install","$v":"取消安装"},{"$i":"cancel-install-button","$v":"取消安装"},{"$i":"resume","$v":"继续"},{"$i":"continue","$v":"继续"},{"$i":"stopDownloading","$v":["停止下载“",{"t":"idOrVar","v":"app"},"”？"]},{"$i":"app-download-can-be-restarted","$v":"以后可以重新开始下载。"},{"$i":"app-download-stop-button","$v":"停止下载"},{"$i":"not-enough-space","$v":"空间不足"},{"$i":"not-enough-space-message","$v":"没有足够的空间安装此应用。请通过删除旧的应用或媒体文件释放空间，然后再尝试从原始来源安装。"},{"$i":"app-install-success","$v":[{"t":"idOrVar","v":"appName"}," 已安装"]},{"$i":"langpack-install-success2","$v":[{"t":"idOrVar","v":"appName"}," installed. Go to Settings > Language to enable it."]},{"$i":"setup","$v":"设置"},{"$i":"ime-addkeyboards","$v":"添加键盘"},{"$i":"later","$v":"稍后"},{"$i":"download","$v":"下载"},{"$i":"wantToDownload","$v":"现在下载更新吗？"},{"$i":"wantToInstallNow","$v":"您想立即安装此更新吗？几分钟内您将暂时无法使用此手机。"},{"$i":"installNow","$v":"立即安装"},{"$i":"notNow","$v":"暂不操作"},{"$i":"downloadingUpdateMessage","innerHTML":["正在下载更新…<span>已下载 ",{"t":"idOrVar","v":"progress"},"。</span>"]},{"$i":"downloadingAppMessage","$v":["正在下载“",{"t":"idOrVar","v":"appName"},"”"]},{"$i":"downloadingAppProgressNoMax","$v":["已下载 ",{"t":"idOrVar","v":"progress"}]},{"$i":"downloadingAppProgressIndeterminate","$v":"正在下载"},{"$i":"downloadingAppProgress","$v":["已下载 ",{"t":"idOrVar","v":"progress"}," / ",{"t":"idOrVar","v":"max"}]},{"$i":"cancelAllDownloads","$v":"取消所有下载"},{"$i":"wantToCancelAll","$v":"您确定要取消所有下载吗？"},{"$i":"downloadError","$v":"下载更新时发生错误。"},{"$i":"updateAvailableInfo","innerHTML":{"$x":[{"t":"idOrVar","v":"plural"},"n"],"$v":{"one":[{"t":"idOrVar","v":"n"}," 个可用更新。<span>点按查看更多信息。</span>"],"two":[{"t":"idOrVar","v":"n"}," 个可用更新。<span>点按查看更多信息。</span>"],"few":[{"t":"idOrVar","v":"n"}," 个可用更新。<span>点按查看更多信息。</span>"],"many":[{"t":"idOrVar","v":"n"}," 个可用更新。<span>点按查看更多信息。</span>"],"other":[{"t":"idOrVar","v":"n"}," 个可用更新。<span>点按查看更多信息。</span>"]}}},{"$i":"numberOfUpdates","$v":{"one":[{"t":"idOrVar","v":"n"}," 个可用更新"],"two":[{"t":"idOrVar","v":"n"}," 个可用更新"],"few":[{"t":"idOrVar","v":"n"}," 个可用更新"],"many":[{"t":"idOrVar","v":"n"}," 个可用更新"],"other":[{"t":"idOrVar","v":"n"}," 个可用更新"]},"$x":[{"t":"idOrVar","v":"plural"},"n"]},{"$i":"systemUpdate","$v":"系统更新"},{"$i":"systemUpdateReady","$v":"系统更新已就绪"},{"$i":"systemUpdateLowBatteryThreshold","$v":["您需要至少 ",{"t":"idOrVar","v":"threshold"},"% 的电量来安装此更新。"]},{"$i":"required","$v":"必需"},{"$i":"uncompressingMessage","innerHTML":"正在解压缩… <span>这可能需要花费几分钟。</span>"},{"$i":"downloadWifiPrioritizedUsing2G","$v":"Wi-Fi 不可用时更新会通过数据连接下载。使用数据连接时，电话可能被阻塞且数据可能被收取附加费用。"},{"$i":"downloadWifiPrioritized3","$v":"Wi-Fi 不可用时更新会通过数据连接下载。使用数据连接可能被收取额外的费用。"},{"$i":"downloadNoWifiWarning","$v":"Wi-Fi 不可用。通过当前连接进行更新可能会产生额外费用。"},{"$i":"downloadOfflineWarning2","$v":"连接到一个网络以下载更新。"},{"$i":"downloadUpdatesViaDataConnection","$v":"通过数据连接下载更新？"},{"$i":"downloadUpdatesVia2GForbidden3","$v":"下载更新不可能通过慢速连接（2G）进行。请通过 Wi-Fi 或 3G (如可能) 连接后再试。"},{"$i":"downloadUpdatesViaDataConnectionMessage3","$v":"使用数据连接可能被收取额外的费用。您确定要继续吗？"},{"$i":"downloadUpdatesViaDataRoamingConnection","$v":"通过漫游的数据连接下载更新？"},{"$i":"downloadUpdatesViaDataRoamingConnectionMessage","$v":"您当前处在漫游状态，这可能被收取额外的费用。您要继续吗？"},{"$i":"screenshotSaved","$v":"屏幕截图已保存到相册"},{"$i":"screenshotFailed","$v":"屏幕截图无法保存"},{"$i":"screenshotNoSDCard","$v":"没有找到存储卡"},{"$i":"screenshotSDCardInUse","$v":"存储卡正在使用中"},{"$i":"screenshotSDCardLow","$v":"存储卡空间不足"},{"$i":"logsSaved","$v":"日志已保存到存储区"},{"$i":"logsSaveError","$v":"保存日志时出错"},{"$i":"logsSaving","$v":"捕捉日志中…"},{"$i":"logsOperationFailed","$v":[{"t":"idOrVar","v":"operation"}," 操作失败。"]},{"$i":"logsGenericError","$v":"发生意外错误。"},{"$i":"logsSDCardMaybeShared","$v":"请确保您的 SD 卡未与您的计算机共享。"},{"$i":"emergency-call-button","$v":"紧急呼叫"},{"$i":"emergency-call","$v":"紧急呼叫"},{"$i":"unlock-a11y-button","ariaLabel":"解锁"},{"$i":"camera-a11y-button","ariaLabel":"相机"},{"$i":"longDateFormat","$v":"%B %e 日 %A"},{"$i":"panel-passcode","ariaLabel":"密码面板"},{"$i":"open-notification","$v":"打开"},{"$i":"softwareHomeButton","ariaLabel":"住宅"},{"$i":"login","$v":"登录"},{"$i":"sign-in-to-website","$v":"登录到网站"},{"$i":"username","$v":"用户名"},{"$i":"password","$v":"密码"},{"$i":"http-authentication-message2","$v":["网站“",{"t":"idOrVar","v":"host"},"”要求您登录。"]},{"$i":"error-message","$v":["“",{"t":"idOrVar","v":"name"},"”未能正常载入"]},{"$i":"error-title","$v":["“",{"t":"idOrVar","v":"name"},"”存在问题"]},{"$i":"unable-to-connect","$v":"无法连接"},{"$i":"tap-to-check-settings","$v":"点按以检查设置"},{"$i":"delete-title","$v":["删除“",{"t":"idOrVar","v":"name"},"”"]},{"$i":"delete-body","$v":["“",{"t":"idOrVar","v":"name"},"”及其所有数据将被删除。"]},{"$i":"delete","$v":"删除"},{"$i":"unrecoverable-error-title","$v":"移除应用程序"},{"$i":"unrecoverable-error-body","$v":"因为未知错误，无法安装应用程序。请重新尝试下载。此应用程序将被移除。"},{"$i":"unrecoverable-error-action","$v":"确定"},{"$i":"data-roaming-enabled-title","$v":"打开数据漫游？"},{"$i":"data-roaming-enabled-warning2","$v":"为了访问互联网，您需要打开数据漫游。依据您的服务协议，在漫游地区的数据服务可能会产生额外的费用。您要打开数据漫游吗？"},{"$i":"select-time","$v":"选择时间"},{"$i":"choose-option","$v":"选择"},{"$i":"choose-options","$v":"选择"},{"$i":"select-day","$v":"选择日期"},{"$i":"battery-almost-empty3","$v":"您的电量较低。"},{"$i":"plug-in-your-charger","$v":"请插入您的充电器。"},{"$i":"new-window","$v":"新建窗口"},{"$i":"new-private-window","$v":"New private window"},{"$i":"show-windows","$v":"显示窗口"},{"$i":"add-to-home-screen","$v":"添加到主屏幕"},{"$i":"crash-dialog2-os","$v":[{"t":"idOrVar","v":"brandShortName"}," 刚刚从崩溃中恢复"]},{"$i":"crash-dialog-app","$v":[{"t":"idOrVar","v":"name"}," 刚刚崩溃了"]},{"$i":"crash-dialog-app-noname","$v":"Something"},{"$i":"crash-dialog-message","$v":"你是否愿意向 Mozilla 发送关于本次崩溃的报告以帮助我们修复问题？（报告仅通过 Wi-Fi 发送。）"},{"$i":"crash-info-link","$v":"崩溃报告里有什么内容？"},{"$i":"crash-always-report","$v":"发生崩溃时总是向 Mozilla 发送报告。"},{"$i":"crash-dont-send","$v":"不发送"},{"$i":"crash-end","$v":"发送报告"},{"$i":"crashReports","$v":"崩溃报告"},{"$i":"done","$v":"完成"},{"$i":"crash-reports-description-1","$v":"崩溃报告包含关于崩溃及您的设备的一些详细信息，相当于崩溃发生时您的设备的状态快照。"},{"$i":"crash-reports-description-2","$v":"这份报告可能包含像打开的页面和应用、输入到表单的文本和打开的信息的内容、最近的浏览历史记录或是打开的应用程序使用的地理位置定位信息等内容。"},{"$i":"crash-reports-description-3-start","$v":"我们使用崩溃报告尝试修复问题和改进我们的产品，我们处理您提交的信息时会遵照我们的"},{"$i":"crash-reports-description-3-privacy","$v":"隐私政策"},{"$i":"crash-reports-description-3-end","$v":"。"},{"$i":"crash-banner-os2","$v":[{"t":"idOrVar","v":"brandShortName"}," 刚刚崩溃了。"]},{"$i":"crash-banner-app","$v":[{"t":"idOrVar","v":"name"}," 刚刚崩溃了。"]},{"$i":"crash-banner-report","$v":"报告"},{"$i":"bluetooth-sending-progress","$v":"正在发送蓝牙传输…"},{"$i":"bluetooth-receiving-progress","$v":"正在接收蓝牙传输…"},{"$i":"acceptFileTransfer","$v":"要接受蓝牙文件传输吗？"},{"$i":"wantToReceiveFile","$v":[{"t":"idOrVar","v":"deviceName"}," 想要传输 ",{"t":"idOrVar","v":"fileName"}," (",{"t":"idOrVar","v":"fileSize"},")。"]},{"$i":"transfer-confirmation-title","$v":[{"t":"idOrVar","v":"deviceName"}]},{"$i":"transfer-confirmation-description","$v":"审核传输请求。"},{"$i":"byteUnit-B","$v":"B"},{"$i":"byteUnit-KB","$v":"kB"},{"$i":"byteUnit-MB","$v":"MB"},{"$i":"byteUnit-GB","$v":"GB"},{"$i":"byteUnit-TB","$v":"TB"},{"$i":"byteUnit-PB","$v":"PB"},{"$i":"byteUnit-EB","$v":"EB"},{"$i":"byteUnit-ZB","$v":"ZB"},{"$i":"byteUnit-YB","$v":"YB"},{"$i":"fileSize","$v":[{"t":"idOrVar","v":"size"}," ",{"t":"idOrVar","v":"unit"}]},{"$i":"deny","$v":"拒绝"},{"$i":"transfer","$v":"传输"},{"$i":"cancelFileTransfer","$v":"要取消蓝牙文件传输吗？"},{"$i":"continueFileTransfer","$v":"继续"},{"$i":"transfer-has-started-title","$v":"传输已开始"},{"$i":"transfer-has-started-description","$v":"请在通知中心查看进度"},{"$i":"transferFinished-sentSuccessful-title","$v":"文件已发送"},{"$i":"transferFinished-receivedSuccessful-title","$v":"文件已接收"},{"$i":"transferFinished-sentFailed-title","$v":"文件无法发送"},{"$i":"transferFinished-receivedFailed-title","$v":"文件无法接收"},{"$i":"transferReport-title","$v":"传输报告："},{"$i":"transferReport-description","$v":[{"t":"idOrVar","v":"numSuccessful"}," 个文件成功，",{"t":"idOrVar","v":"numUnsuccessful"}," 个文件失败"]},{"$i":"unknown-file","$v":"未知文件"},{"$i":"unknown-device","$v":"未知设备"},{"$i":"cannotOpenFile","$v":"无法打开接收的文件"},{"$i":"unknownMediaTypeToOpenFile","$v":["无法打开未知的媒体类型：",{"t":"idOrVar","v":"fileName"}]},{"$i":"cannotReceiveFile","$v":"无法接收文件"},{"$i":"cannotGetStorageState","$v":"无法获取设备存储状态"},{"$i":"sdcard-not-exist2","$v":"没有找到存储卡。请插入一个存储卡。"},{"$i":"sdcard-in-use","$v":"手机处于插接状态时不能使用蓝牙。请拔出手机以接收文件。"},{"$i":"sdcard-no-space2","$v":"无法完成传输：存储卡已满。"},{"$i":"unknown-error","$v":"未知错误"},{"$i":"confirm","$v":"确认"},{"$i":"sdcard-detected-title","$v":"检测到 SD 卡"},{"$i":"sdcard-total-size-body","$v":["总大小: ",{"t":"idOrVar","v":"size"}," ",{"t":"idOrVar","v":"unit"}]},{"$i":"sdcard-unknown-size-then-tap-to-format-body","$v":"未知大小，点按进行格式化"},{"$i":"sdcard-removed-title","$v":"SD 卡已移除"},{"$i":"sdcard-removed-ejected-successfully","$v":"弹出成功"},{"$i":"sdcard-removed-not-ejected-properly","$v":"未能正确弹出"},{"$i":"microphone-is-on","$v":"麦克风已打开"},{"$i":"camera-is-on","$v":"摄像头已打开"},{"$i":"media-is-on","$v":"摄像头和麦克风已打开"},{"$i":"noSimCard","$v":"无 SIM 卡"},{"$i":"simPin","$v":"SIM 卡 PIN"},{"$i":"pukCode","$v":"PUK 码"},{"$i":"nckCode","$v":"NCK 码"},{"$i":"cckCode","$v":"CCK码"},{"$i":"spckCode","$v":"SPCK码"},{"$i":"nck1code","$v":"NCK1 码"},{"$i":"nck2code","$v":"NCK2 码"},{"$i":"hnckcode","$v":"HNCK 码"},{"$i":"rcckcode","$v":"RCCK 码"},{"$i":"rspckcode","$v":"RSPCK 码"},{"$i":"whatIsSimPin","$v":"SIM 卡 PIN 是什么？"},{"$i":"simPinIntro1","$v":"SIM 卡 PIN 可以防止对 SIM 卡蜂窝数据网络的非授权访问。当它被启用时，任何装有该 SIM 卡的设备在重新启动后都将被要求提供 PIN。"},{"$i":"simPinIntro2","$v":"SIM 卡 PIN 与用于解锁设备的密码是不同的。"},{"$i":"changeSimPin","$v":"更改 PIN"},{"$i":"pinTitle","$v":"输入 SIM 卡 PIN"},{"$i":"multiSIMpinTitle","$v":["请输入 SIM ",{"t":"idOrVar","v":"n"}," PIN"]},{"$i":"pukTitle","$v":"输入 PUK 码"},{"$i":"nckTitle","$v":"输入 NCK 码"},{"$i":"cckTitle","$v":"请输入CCK码"},{"$i":"spckTitle","$v":"请输入SPCK码"},{"$i":"nck1Title","$v":"请输入 NCK1 码"},{"$i":"nck2Title","$v":"请输入 NCK2 码"},{"$i":"hnckTitle","$v":"请输入 HNCK 码"},{"$i":"rcckTitle","$v":"请输入 RCCK 码"},{"$i":"rspckTitle","$v":"请输入 RSPCK 码"},{"$i":"newpinTitle","$v":"新的 PIN"},{"$i":"inputCodeRetriesLeft","$v":{"one":"最后一次尝试。","two":["还有 ",{"t":"idOrVar","v":"n"}," 次机会。"],"few":["还有 ",{"t":"idOrVar","v":"n"}," 次机会。"],"many":["还有 ",{"t":"idOrVar","v":"n"}," 次机会。"],"other":["还有 ",{"t":"idOrVar","v":"n"}," 次机会。"]},"$x":[{"t":"idOrVar","v":"plural"},"n"]},{"$i":"pinErrorMsg","$v":"PIN 错误。"},{"$i":"pinAttemptMsg2","$v":{"one":"您还有最后一次机会来输入正确的密码，否则将会锁定您的 SIM 卡。","two":["您还有 ",{"t":"idOrVar","v":"n"}," 次机会来输入正确的密码，否则将会锁定您的 SIM 卡。"],"few":["您还有 ",{"t":"idOrVar","v":"n"}," 次机会来输入正确的密码，否则将会锁定您的 SIM 卡。"],"many":["您还有 ",{"t":"idOrVar","v":"n"}," 次机会来输入正确的密码，否则将会锁定您的 SIM 卡。"],"other":["您还有 ",{"t":"idOrVar","v":"n"}," 次机会来输入正确的密码，否则将会锁定您的 SIM 卡。"]},"$x":[{"t":"idOrVar","v":"plural"},"n"]},{"$i":"pinLastChanceMsg","$v":"这是您最后一次机会来输入正确的 PIN。如果您输入了错误的 PIN，您将必须输入 PUK 码才能使用此 SIM 卡。"},{"$i":"simCardLockedMsg","$v":"SIM 卡已被锁定。"},{"$i":"enterPukMsg","$v":"您必须为此 SIM 卡输入个人解锁密钥（PUK）。请查阅您的 SIM 卡说明书或联系您的运营商以了解详细信息。"},{"$i":"pukErrorMsg","$v":"PUK 码错误。"},{"$i":"pukAttemptMsg2","$v":{"one":"如果再次输入错误的代码，这个 SIM 卡将会永久失效。参阅你的 SIM 卡手册或者联系你的运营商了解更多信息。","two":["在您的 SIM 卡被永久锁定前您还有 ",{"t":"idOrVar","v":"n"}," 次机会来输入正确的 PUK 码。请查阅您的 SIM 卡说明书或联系您的运营商以了解详细信息。"],"few":["在您的 SIM 卡被永久锁定前您还有 ",{"t":"idOrVar","v":"n"}," 次机会来输入正确的 PUK 码。请查阅您的 SIM 卡说明书或联系您的运营商以了解详细信息。"],"many":["在您的 SIM 卡被永久锁定前您还有 ",{"t":"idOrVar","v":"n"}," 次机会来输入正确的 PUK 码。请查阅您的 SIM 卡说明书或联系您的运营商以了解详细信息。"],"other":["在您的 SIM 卡被永久锁定前您还有 ",{"t":"idOrVar","v":"n"}," 次机会来输入正确的 PUK 码。请查阅您的 SIM 卡说明书或联系您的运营商以了解详细信息。"]},"$x":[{"t":"idOrVar","v":"plural"},"n"]},{"$i":"pukLastChanceMsg","$v":"这是您最后一次机会来输入正确的 PUK 码。如果您输入了错误的 PUK 码，您的 SIM 卡将被永久锁定。请查阅您的 SIM 卡说明书或联系您的运营商以了解详细信息。"},{"$i":"newSimPinMsg","$v":"创建 PIN（4 至 8 位数字）"},{"$i":"confirmNewSimPinMsg","$v":"请确认新的 PIN"},{"$i":"newPinErrorMsg","$v":"PIN 不匹配。"},{"$i":"nckErrorMsg","$v":"NCK 码不正确。"},{"$i":"nckAttemptMsg2","$v":{"one":"网络解锁请求失败。你还有一次机会输入正确的代码。参阅你的设备文档或者联系你的运营商了解更多信息。","two":["网络解锁请求失败。你还有 ",{"t":"idOrVar","v":"n"}," 次机会可以尝试输入正确代码。参看你的设备文档或者联系你的运营商获取更多信息。"],"few":["网络解锁请求失败。你还有 ",{"t":"idOrVar","v":"n"}," 次机会可以尝试输入正确代码。参看你的设备文档或者联系你的运营商获取更多信息。"],"many":["网络解锁请求失败。你还有 ",{"t":"idOrVar","v":"n"}," 次机会可以尝试输入正确代码。参看你的设备文档或者联系你的运营商获取更多信息。"],"other":["网络解锁请求失败。你还有 ",{"t":"idOrVar","v":"n"}," 次机会可以尝试输入正确代码。参看你的设备文档或者联系你的运营商获取更多信息。"]},"$x":[{"t":"idOrVar","v":"plural"},"n"]},{"$i":"nckLastChanceMsg","$v":"网络解锁请求失败。还有最后一次机会可以输入 NCK 码。参考你的设备文档或者联系你的运营商获取更多信息。"},{"$i":"activity-pick","$v":"选择来源："},{"$i":"activity-view","$v":"查看方式："},{"$i":"activity-test","$v":"测试方式："},{"$i":"activity-share","$v":"分享方式："},{"$i":"activity-new","$v":"创建方式："},{"$i":"activity-open","$v":"打开方式："},{"$i":"activity-save-bookmark","$v":"书签添加到："},{"$i":"activity-record","$v":"录音来源："},{"$i":"activity-browse","$v":"浏览方式："},{"$i":"activity-configure","$v":"配置方式："},{"$i":"activity-dial","$v":"拨号来源："},{"$i":"persona-signin","$v":"登录"},{"$i":"payment-flow","$v":"购买"},{"$i":"remoteDebuggerPromptUSB","$v":"Allow USB debugging connection?"},{"$i":"remoteDebuggerPromptTCP","$v":["Allow remote debugging connection from ",{"t":"idOrVar","v":"host"},":",{"t":"idOrVar","v":"port"},"?"]},{"$i":"devtools-auth-scan2","$v":"Scanning for the QR code displayed on your other device…"},{"$i":"fullscreen-request","$v":[{"t":"idOrVar","v":"origin"}," 现在全屏显示。"]},{"$i":"captive-wifi-available","$v":["发现 ",{"t":"idOrVar","v":"networkName"}," 网络。加入网络？"]},{"$i":"ceWarningtitle","$v":"音量警告"},{"$i":"ceWarningcontent","$v":"为了避免可能的听力损伤，请勿在高音量下长时间倾听。"},{"$i":"notification-powersaving-mode-on-title","$v":"省电模式"},{"$i":"notification-powersaving-mode-on-description","$v":"省电模式已打开。"},{"$i":"low-device-storage","$v":"设备空间紧缺。\\n"},{"$i":"free-space","$v":{"zero":"没有剩余的可用空间。","one":["剩余空间少于 ",{"t":"idOrVar","v":"value"}," ",{"t":"idOrVar","v":"unit"},"。"],"two":["剩余空间少于 ",{"t":"idOrVar","v":"value"}," ",{"t":"idOrVar","v":"unit"},"。"],"few":["剩余空间少于 ",{"t":"idOrVar","v":"value"}," ",{"t":"idOrVar","v":"unit"},"。"],"many":["剩余空间少于 ",{"t":"idOrVar","v":"value"}," ",{"t":"idOrVar","v":"unit"},"。"],"other":["剩余空间少于 ",{"t":"idOrVar","v":"value"}," ",{"t":"idOrVar","v":"unit"},"。"]},"$x":[{"t":"idOrVar","v":"plural"},"value"]},{"$i":"unknown-free-space","$v":"剩余空间未知。"},{"$i":"system-alert","$v":"系统警报"},{"$i":"cb-channel","$v":["频道 ",{"t":"idOrVar","v":"channel"}]},{"$i":"cb-etws-warningType-earthquake","$v":"地震警报！"},{"$i":"cb-etws-warningType-tsunami","$v":"海啸警报！"},{"$i":"cb-etws-warningType-earthquake-tsunami","$v":"地震-海啸警报！"},{"$i":"cb-etws-warningType-test","$v":"正在测试告警系统。"},{"$i":"cb-etws-warningType-other","$v":"紧急警报！"},{"$i":"icc-message-maintitle","$v":"运营商消息"},{"$i":"icc-message-subtitle","$v":["SIM ",{"t":"idOrVar","v":"id"}]},{"$i":"icc-confirmCall-defaultmessage","$v":["呼叫",{"t":"idOrVar","v":"number"},"？"]},{"$i":"icc-alertMessage-send-ss","$v":"Send SS"},{"$i":"icc-alertMessage-send-ussd","$v":"Send USSD"},{"$i":"icc-alertMessage-send-sms","$v":"Send SMS"},{"$i":"icc-confirmMessage-defaultmessage","$v":"发送信息？"},{"$i":"icc-inputbox-maintitle","$v":"STK 查询"},{"$i":"icc-inputbox-subtitle","$v":["SIM ",{"t":"idOrVar","v":"id"}]},{"$i":"emergency-callback-mode","$v":"紧急回拨模式"},{"$i":"emergency-callback-message","$v":"因为紧急呼叫模式已打开，您不能拨叫电话、发送短信或上网。您要关闭紧急呼叫模式吗？"},{"$i":"cdma-record-info","$v":"CDMA 记录信息"},{"$i":"ime-switching-title","$v":[{"t":"idOrVar","v":"appName"},"：",{"t":"idOrVar","v":"name"}]},{"$i":"ime-switching-tip","$v":"点按即可切换输入法"},{"$i":"shrinking-tip","$v":"滑动分享"},{"$i":"download_started","$v":"下载已开始"},{"$i":"download_stopped","$v":"下载已停止"},{"$i":"download_downloading","$v":"正在下载…"},{"$i":"download_succeeded","$v":"下载完成"},{"$i":"download_failed","$v":"下载失败"},{"$i":"download_text_by_default","$v":[{"t":"idOrVar","v":"name"}]},{"$i":"download_downloading_text_2","$v":[{"t":"idOrVar","v":"percentage"},"% - ",{"t":"idOrVar","v":"name"}]},{"$i":"search-the-web","$v":"搜索网络"},{"$i":"search-or-enter-address","$v":"搜索或输入网址","placeholder":"搜索或输入网址"},{"$i":"back-button","ariaLabel":"Back"},{"$i":"forward-button","ariaLabel":"Forward"},{"$i":"reload-button","ariaLabel":"重新载入"},{"$i":"stop-button","ariaLabel":"停止"},{"$i":"windows-button","ariaLabel":"Show windows"},{"$i":"noHotspotWhenAPMisOnWifiHotspot","$v":"关闭飞行模式以使用 Wi-Fi 热点。"},{"$i":"apmActivated","$v":"飞行模式已开启"},{"$i":"open-in-new-window","$v":"在新窗口中打开"},{"$i":"open-in-new-private-window","$v":"Open in new private window"},{"$i":"add-link-to-home-screen","$v":"添加链接到主屏幕"},{"$i":"share-link","$v":"分享链接"},{"$i":"save-image","$v":"保存图像"},{"$i":"save-video","$v":"保存视频"},{"$i":"save-audio","$v":"保存音频"},{"$i":"save-link","$v":"保存链接的文件"},{"$i":"share-image","$v":"分享图片"},{"$i":"share-video","$v":"分享视频"},{"$i":"share-audio","$v":"共享音频"},{"$i":"private-window","$v":"Private Window"},{"$i":"private-browser-title","$v":"You’re browsing privately"},{"$i":"private-window-detail1","$v":"The browser won’t keep any browser history, cookies, or temporary Internet files."},{"$i":"private-window-detail2","$v":"While this device won’t have a record of your browsing history, your Internet service provider can still track the pages you visit."},{"$i":"okCharsLeft","$v":["OK (",{"t":"idOrVar","v":"n"},")"]},{"$i":"network-error-in-app","$v":"现在没有连接到互联网。"},{"$i":"network-error-launching","$v":[{"t":"idOrVar","v":"name"}," 需要互联网连接。"]},{"$i":"server-not-found","$v":"找不到服务器"},{"$i":"server-not-found-error","$v":["无法找到服务器 ",{"t":"idOrVar","v":"name"},"。"]},{"$i":"file-not-found","$v":"未找到文件"},{"$i":"file-not-found-error","$v":"无法找到该文件，设备无法显示此页面。"},{"$i":"connection-failed","$v":"无法连接"},{"$i":"connection-failed-error","$v":"尝试到达此站点时遇到一个网络错误。"},{"$i":"invalid-connection","$v":"无法连接"},{"$i":"invalid-connection-error","$v":"尝试到达此站点时遇到一个网络错误。"},{"$i":"malformed-uri","$v":"网址无效"},{"$i":"malformed-uri-error","$v":"输入的网址无效，无法加载。"},{"$i":"redirect-loop","$v":"无法显示页面"},{"$i":"redirect-loop-error","$v":"因为该页面进行不正确地重定向，设备无法显示此页面。请以后再尝试此页面。"},{"$i":"not-cached","$v":"页面已过期"},{"$i":"not-cached-error","$v":"它已过期，出于安全考虑，设备无法显示此页面。"},{"$i":"is-printing-error","$v":"正在打印或者打印预览时文档无法修改。"},{"$i":"denied-port-access","$v":"此地址访问受限"},{"$i":"denied-port-access-error","$v":"此地址使用了一个通常用于网络浏览以外目的的端口。为了保护您的安全，设备取消了该请求。"},{"$i":"proxy-resolve-failure","$v":"代理服务器错误"},{"$i":"proxy-resolve-failure-error","$v":"无法找到此设备配置使用的代理服务器。"},{"$i":"proxy-connect-failure","$v":"代理服务器错误"},{"$i":"proxy-connect-failure-error","$v":"此设备配置使用的代理服务器拒绝连接。"},{"$i":"content-encoding","$v":"无法显示页面"},{"$i":"content-encoding-error","$v":"发生内容编码错误，设备无法显示此页面。"},{"$i":"remote-xul","$v":"页面不支持"},{"$i":"remote-xul-error","$v":"该页面采用了设备不支持的一项技术，因而无法显示。"},{"$i":"phishing-blocked","$v":"警告"},{"$i":"phishing-blocked-error","$v":"此网站已被举报为是一个诱骗用户透露个人或财务信息的钓鱼网站。"},{"$i":"malware-blocked","$v":"恶意攻击已阻止"},{"$i":"malware-blocked-error","$v":"此网站已被举报为是一个攻击性网站，现已被阻止。"},{"$i":"unsafe-content-type","$v":"不安全的内容"},{"$i":"unsafe-content-type-error","$v":"此页面因不是安全地打开而无法显示。"},{"$i":"corrupted-content","$v":"无法显示页面"},{"$i":"corrupted-content-error","$v":"因检测到数据传输错误，无法显示此页面。"},{"$i":"try-again","$v":"重试"},{"$i":"check-settings","$v":"检查设置"},{"$i":"accessibility-enableScreenReaderSteps","$v":"若要启用屏幕阅读器，按“音量+”后再按“音量-”按钮三次以上"},{"$i":"accessibility-disableScreenReaderSteps","$v":"若要禁用屏幕阅读器，按“音量+”后再按“音量-”按钮三次以上"},{"$i":"accessibility-screenReaderStarted","$v":"屏幕阅读器已启动"},{"$i":"accessibility-screenReaderStopped","$v":"屏幕阅读器已停止"},{"$i":"accessibility-menubar","$v":"菜单栏"},{"$i":"accessibility-scrollbar","$v":"滚动条"},{"$i":"accessibility-grip","$v":"抓手"},{"$i":"accessibility-alert","$v":"警告"},{"$i":"accessibility-menupopup","$v":"弹出菜单"},{"$i":"accessibility-document","$v":"文档"},{"$i":"accessibility-pane","$v":"面板"},{"$i":"accessibility-dialog","$v":"对话框"},{"$i":"accessibility-separator","$v":"分隔符"},{"$i":"accessibility-toolbar","$v":"工具栏"},{"$i":"accessibility-statusbar","$v":"状态栏"},{"$i":"accessibility-table","$v":"表格"},{"$i":"accessibility-columnheader","$v":"列标题"},{"$i":"accessibility-rowheader","$v":"行标题"},{"$i":"accessibility-column","$v":"列"},{"$i":"accessibility-row","$v":"行"},{"$i":"accessibility-cell","$v":"单元格"},{"$i":"accessibility-link","$v":"链接"},{"$i":"accessibility-list","$v":"列表"},{"$i":"accessibility-listitem","$v":"表项"},{"$i":"accessibility-outline","$v":"大纲"},{"$i":"accessibility-outlineitem","$v":"大纲项"},{"$i":"accessibility-pagetab","$v":"标签页"},{"$i":"accessibility-propertypage","$v":"属性页"},{"$i":"accessibility-graphic","$v":"图形"},{"$i":"accessibility-pushbutton","$v":"按键"},{"$i":"accessibility-checkbutton","$v":"复选按钮"},{"$i":"accessibility-radiobutton","$v":"单选按钮"},{"$i":"accessibility-combobox","$v":"组合框"},{"$i":"accessibility-progressbar","$v":"进度条"},{"$i":"accessibility-slider","$v":"滑动块"},{"$i":"accessibility-spinbutton","$v":"旋钮"},{"$i":"accessibility-diagram","$v":"图表"},{"$i":"accessibility-animation","$v":"动画"},{"$i":"accessibility-equation","$v":"等式"},{"$i":"accessibility-buttonmenu","$v":"按钮菜单"},{"$i":"accessibility-whitespace","$v":"空白"},{"$i":"accessibility-pagetablist","$v":"标签页列表"},{"$i":"accessibility-canvas","$v":"画布"},{"$i":"accessibility-checkmenuitem","$v":"复选菜单项"},{"$i":"accessibility-label","$v":"标签"},{"$i":"accessibility-passwordtext","$v":"密码文本"},{"$i":"accessibility-radiomenuitem","$v":"单选菜单项"},{"$i":"accessibility-textcontainer","$v":"文本容器"},{"$i":"accessibility-togglebutton","$v":"切换按钮"},{"$i":"accessibility-treetable","$v":"树状表"},{"$i":"accessibility-header","$v":"页眉"},{"$i":"accessibility-footer","$v":"页脚"},{"$i":"accessibility-paragraph","$v":"段落"},{"$i":"accessibility-entry","$v":"条目"},{"$i":"accessibility-caption","$v":"大标题"},{"$i":"accessibility-heading","$v":"小标题"},{"$i":"accessibility-section","$v":"章节"},{"$i":"accessibility-form","$v":"表单"},{"$i":"accessibility-comboboxlist","$v":"组合框列表"},{"$i":"accessibility-comboboxoption","$v":"组合框选项"},{"$i":"accessibility-imagemap","$v":"图像映射"},{"$i":"accessibility-listboxoption","$v":"列表框选项"},{"$i":"accessibility-listbox","$v":"列表框"},{"$i":"accessibility-flatequation","$v":"平面等式"},{"$i":"accessibility-gridcell","$v":"网格"},{"$i":"accessibility-note","$v":"注释"},{"$i":"accessibility-figure","$v":"图形"},{"$i":"accessibility-definitionlist","$v":"定义列表"},{"$i":"accessibility-term","$v":"条件"},{"$i":"accessibility-definition","$v":"定义"},{"$i":"accessibility-textarea","$v":"文本区"},{"$i":"accessibility-textInputType_date","$v":"日期"},{"$i":"accessibility-textInputType_email","$v":"电子邮件"},{"$i":"accessibility-textInputType_search","$v":"搜索"},{"$i":"accessibility-textInputType_tel","$v":"电话"},{"$i":"accessibility-textInputType_url","$v":"网址"},{"$i":"accessibility-headingLevel","$v":["标题级别 ",{"t":"idOrVar","v":"0"}]},{"$i":"accessibility-listStart","$v":"第一项"},{"$i":"accessibility-listEnd","$v":"最后一项"},{"$i":"accessibility-listItemsCount","$v":{"zero":[{"t":"idOrVar","v":"count"}," 项"],"one":[{"t":"idOrVar","v":"count"}," 项"],"two":[{"t":"idOrVar","v":"count"}," 项"],"few":[{"t":"idOrVar","v":"count"}," 项"],"many":[{"t":"idOrVar","v":"count"}," 项"],"other":[{"t":"idOrVar","v":"count"}," 项"]},"$x":[{"t":"idOrVar","v":"plural"},"count"]},{"$i":"accessibility-objItemOfN","$v":[{"t":"idOrVar","v":"0"}," / ",{"t":"idOrVar","v":"1"}]},{"$i":"accessibility-banner","$v":"横幅"},{"$i":"accessibility-complementary","$v":"补充"},{"$i":"accessibility-contentinfo","$v":"内容信息"},{"$i":"accessibility-main","$v":"主要"},{"$i":"accessibility-navigation","$v":"导航"},{"$i":"accessibility-search","$v":"搜索"},{"$i":"accessibility-tblColumnInfo","$v":{"zero":[{"t":"idOrVar","v":"count"}," 列"],"one":[{"t":"idOrVar","v":"count"}," 列"],"two":[{"t":"idOrVar","v":"count"}," 列"],"few":[{"t":"idOrVar","v":"count"}," 列"],"many":[{"t":"idOrVar","v":"count"}," 列"],"other":[{"t":"idOrVar","v":"count"}," 列"]},"$x":[{"t":"idOrVar","v":"plural"},"count"]},{"$i":"accessibility-tblRowInfo","$v":{"zero":[{"t":"idOrVar","v":"count"}," 行"],"one":[{"t":"idOrVar","v":"count"}," 行"],"two":[{"t":"idOrVar","v":"count"}," 行"],"few":[{"t":"idOrVar","v":"count"}," 行"],"many":[{"t":"idOrVar","v":"count"}," 行"],"other":[{"t":"idOrVar","v":"count"}," 行"]},"$x":[{"t":"idOrVar","v":"plural"},"count"]},{"$i":"accessibility-columnInfo","$v":["列 ",{"t":"idOrVar","v":"0"}]},{"$i":"accessibility-rowInfo","$v":["行 ",{"t":"idOrVar","v":"0"}]},{"$i":"accessibility-spansColumns","$v":{"zero":["跨越 ",{"t":"idOrVar","v":"0"}," 列"],"one":["跨越 ",{"t":"idOrVar","v":"0"}," 列"],"two":["跨越 ",{"t":"idOrVar","v":"0"}," 列"],"few":["跨越 ",{"t":"idOrVar","v":"0"}," 列"],"many":["跨越 ",{"t":"idOrVar","v":"0"}," 列"],"other":["跨越 ",{"t":"idOrVar","v":"0"}," 列"]},"$x":[{"t":"idOrVar","v":"plural"},"0"]},{"$i":"accessibility-spansRows","$v":{"zero":["跨越 ",{"t":"idOrVar","v":"0"}," 行"],"one":["跨越 ",{"t":"idOrVar","v":"0"}," 行"],"two":["跨越 ",{"t":"idOrVar","v":"0"}," 行"],"few":["跨越 ",{"t":"idOrVar","v":"0"}," 行"],"many":["跨越 ",{"t":"idOrVar","v":"0"}," 行"],"other":["跨越 ",{"t":"idOrVar","v":"0"}," 行"]},"$x":[{"t":"idOrVar","v":"plural"},"0"]},{"$i":"accessibility-jumpAction","$v":"已跳过"},{"$i":"accessibility-pressAction","$v":"已按下"},{"$i":"accessibility-checkAction","$v":"已选中"},{"$i":"accessibility-uncheckAction","$v":"未选中"},{"$i":"accessibility-selectAction","$v":"已选定"},{"$i":"accessibility-unselectAction","$v":"未选中"},{"$i":"accessibility-openAction","$v":"已打开"},{"$i":"accessibility-closeAction","$v":"已关闭"},{"$i":"accessibility-switchAction","$v":"已切换"},{"$i":"accessibility-clickAction","$v":"已点击"},{"$i":"accessibility-collapseAction","$v":"已收起"},{"$i":"accessibility-expandAction","$v":"已展开"},{"$i":"accessibility-activateAction","$v":"已激活"},{"$i":"accessibility-cycleAction","$v":"循环的"},{"$i":"accessibility-hidden","$v":"隐藏的"},{"$i":"accessibility-tabLoading","$v":"载入中"},{"$i":"accessibility-tabLoaded","$v":"已载入"},{"$i":"accessibility-tabNew","$v":"新标签页"},{"$i":"accessibility-tabLoadStopped","$v":"载入已停止"},{"$i":"accessibility-tabReload","$v":"正在重新载入"},{"$i":"accessibility-stateChecked","$v":"已选中"},{"$i":"accessibility-stateNotChecked","$v":"未选中"},{"$i":"accessibility-statePressed","$v":"已按下"},{"$i":"accessibility-stateExpanded","$v":"已展开"},{"$i":"accessibility-stateCollapsed","$v":"已收起"},{"$i":"accessibility-stateUnavailable","$v":"请勿打扰"},{"$i":"accessibility-stateRequired","$v":"必需"},{"$i":"accessibility-stateTraversed","$v":"已访问"},{"$i":"accessibility-stateHasPopup","$v":"已弹出"},{"$i":"accessibility-stateSelected","$v":"已选定"},{"$i":"accessibility-editingMode","$v":"编辑中"},{"$i":"accessibility-navigationMode","$v":"操纵中"},{"$i":"accessibility-quicknav_Simple","$v":"默认"},{"$i":"accessibility-quicknav_Anchor","$v":"锚点"},{"$i":"accessibility-quicknav_Button","$v":"按钮"},{"$i":"accessibility-quicknav_Combobox","$v":"组合框"},{"$i":"accessibility-quicknav_Landmark","$v":"界标"},{"$i":"accessibility-quicknav_Entry","$v":"条目"},{"$i":"accessibility-quicknav_FormElement","$v":"表单元素"},{"$i":"accessibility-quicknav_Graphic","$v":"图像"},{"$i":"accessibility-quicknav_Heading","$v":"标题"},{"$i":"accessibility-quicknav_ListItem","$v":"列表项"},{"$i":"accessibility-quicknav_Link","$v":"链接"},{"$i":"accessibility-quicknav_List","$v":"列表"},{"$i":"accessibility-quicknav_PageTab","$v":"页面标签"},{"$i":"accessibility-quicknav_RadioButton","$v":"单选按钮"},{"$i":"accessibility-quicknav_Separator","$v":"分隔符"},{"$i":"accessibility-quicknav_Table","$v":"表格"},{"$i":"accessibility-quicknav_Checkbox","$v":"复选框"},{"$i":"accessibility-menubarAbbr","$v":"菜单栏"},{"$i":"accessibility-scrollbarAbbr","$v":"滚动条"},{"$i":"accessibility-gripAbbr","$v":"抓手"},{"$i":"accessibility-alertAbbr","$v":"警示框"},{"$i":"accessibility-menupopupAbbr","$v":"弹出菜单"},{"$i":"accessibility-documentAbbr","$v":"文档"},{"$i":"accessibility-paneAbbr","$v":"面板"},{"$i":"accessibility-dialogAbbr","$v":"对话框"},{"$i":"accessibility-separatorAbbr","$v":"分隔符"},{"$i":"accessibility-toolbarAbbr","$v":"工具栏"},{"$i":"accessibility-statusbarAbbr","$v":"状态栏"},{"$i":"accessibility-tableAbbr","$v":"表格"},{"$i":"accessibility-columnheaderAbbr","$v":"列头"},{"$i":"accessibility-rowheaderAbbr","$v":"行头"},{"$i":"accessibility-columnAbbr","$v":"列"},{"$i":"accessibility-rowAbbr","$v":"行"},{"$i":"accessibility-cellAbbr","$v":"单元格"},{"$i":"accessibility-linkAbbr","$v":"链接"},{"$i":"accessibility-listAbbr","$v":"列表"},{"$i":"accessibility-listitemAbbr","$v":"列表项"},{"$i":"accessibility-outlineAbbr","$v":"大纲"},{"$i":"accessibility-outlineitemAbbr","$v":"大纲项"},{"$i":"accessibility-pagetabAbbr","$v":"页面标签"},{"$i":"accessibility-propertypageAbbr","$v":"属性页"},{"$i":"accessibility-graphicAbbr","$v":"图形"},{"$i":"accessibility-pushbuttonAbbr","$v":"按钮"},{"$i":"accessibility-checkbuttonAbbr","$v":"复选按钮"},{"$i":"accessibility-radiobuttonAbbr","$v":"单选按钮"},{"$i":"accessibility-comboboxAbbr","$v":"组合框"},{"$i":"accessibility-progressbarAbbr","$v":"进度条"},{"$i":"accessibility-sliderAbbr","$v":"滑块"},{"$i":"accessibility-spinbuttonAbbr","$v":"旋钮"},{"$i":"accessibility-diagramAbbr","$v":"图表"},{"$i":"accessibility-animationAbbr","$v":"动画"},{"$i":"accessibility-equationAbbr","$v":"等式"},{"$i":"accessibility-buttonmenuAbbr","$v":"按钮菜单"},{"$i":"accessibility-whitespaceAbbr","$v":"空白"},{"$i":"accessibility-pagetablistAbbr","$v":"页面标签列表"},{"$i":"accessibility-canvasAbbr","$v":"画布"},{"$i":"accessibility-checkmenuitemAbbr","$v":"复选菜单项"},{"$i":"accessibility-labelAbbr","$v":"标签"},{"$i":"accessibility-passwordtextAbbr","$v":"密码文本"},{"$i":"accessibility-radiomenuitemAbbr","$v":"单选菜单项"},{"$i":"accessibility-textcontainerAbbr","$v":"文本容器"},{"$i":"accessibility-togglebuttonAbbr","$v":"切换按钮"},{"$i":"accessibility-treetableAbbr","$v":"树状表"},{"$i":"accessibility-headerAbbr","$v":"页眉"},{"$i":"accessibility-footerAbbr","$v":"页脚"},{"$i":"accessibility-paragraphAbbr","$v":"段落"},{"$i":"accessibility-entryAbbr","$v":"条目"},{"$i":"accessibility-captionAbbr","$v":"大标题"},{"$i":"accessibility-headingAbbr","$v":"小标题"},{"$i":"accessibility-sectionAbbr","$v":"章节"},{"$i":"accessibility-formAbbr","$v":"表单"},{"$i":"accessibility-comboboxlistAbbr","$v":"组合框列表"},{"$i":"accessibility-comboboxoptionAbbr","$v":"组合框选项"},{"$i":"accessibility-imagemapAbbr","$v":"图像映射"},{"$i":"accessibility-listboxoptionAbbr","$v":"列表框选项"},{"$i":"accessibility-listboxAbbr","$v":"列表框"},{"$i":"accessibility-flatequationAbbr","$v":"平面等式"},{"$i":"accessibility-gridcellAbbr","$v":"网格"},{"$i":"accessibility-noteAbbr","$v":"注释"},{"$i":"accessibility-figureAbbr","$v":"图"},{"$i":"accessibility-definitionlistAbbr","$v":"定义列表"},{"$i":"accessibility-termAbbr","$v":"条件"},{"$i":"accessibility-definitionAbbr","$v":"定义"},{"$i":"accessibility-textareaAbbr","$v":"文本域"},{"$i":"accessibility-tblColumnInfoAbbr","$v":{"one":[{"t":"idOrVar","v":"count"},"列"],"two":[{"t":"idOrVar","v":"count"},"列"],"few":[{"t":"idOrVar","v":"count"},"列"],"many":[{"t":"idOrVar","v":"count"},"列"],"other":[{"t":"idOrVar","v":"count"},"列"]},"$x":[{"t":"idOrVar","v":"plural"},"count"]},{"$i":"accessibility-tblRowInfoAbbr","$v":{"one":[{"t":"idOrVar","v":"count"},"行"],"two":[{"t":"idOrVar","v":"count"},"行"],"few":[{"t":"idOrVar","v":"count"},"行"],"many":[{"t":"idOrVar","v":"count"},"行"],"other":[{"t":"idOrVar","v":"count"},"行"]},"$x":[{"t":"idOrVar","v":"plural"},"count"]},{"$i":"accessibility-cellInfoAbbr","$v":["列",{"t":"idOrVar","v":"0"},"行",{"t":"idOrVar","v":"1"}]},{"$i":"accessibility-stateCheckedAbbr","$v":"(x)"},{"$i":"accessibility-stateUncheckedAbbr","$v":"( )"},{"$i":"accessibility-statePressedAbbr","$v":"(x)"},{"$i":"accessibility-stateUnpressedAbbr","$v":"( )"},{"$i":"accessibility-pushbutton-hint","$v":"Double tap to activate"},{"$i":"accessibility-checkbutton-hint","$v":"Double tap to activate"},{"$i":"accessibility-combobox-hint","$v":"Double tap to activate"},{"$i":"accessibility-key-hint","$v":"Prese and hold to activate"},{"$i":"accessibility-link-hint","$v":"Double tap to activate"},{"$i":"accessibility-menuitem-hint","$v":"Double tap to activate"},{"$i":"accessibility-option-hint","$v":"Double tap to activate"},{"$i":"accessibility-radiobutton-hint","$v":"Double tap to activate"},{"$i":"accessibility-slider-hint","$v":"Swipe up to increase or down to decrease"},{"$i":"accessibility-spinbutton-hint","$v":"Swipe up to increase or down to decrease"},{"$i":"accessibility-pagetab-hint","$v":"Double tap to activate"},{"$i":"accessibility-entry-hint","$v":"Double tap to activate"},{"$i":"accessibility-outlineitem-hint","$v":"Double tap to activate"},{"$i":"weekday-0-long","$v":"星期日"},{"$i":"weekday-1-long","$v":"星期一"},{"$i":"weekday-2-long","$v":"星期二"},{"$i":"weekday-3-long","$v":"星期三"},{"$i":"weekday-4-long","$v":"星期四"},{"$i":"weekday-5-long","$v":"星期五"},{"$i":"weekday-6-long","$v":"星期六"},{"$i":"weekday-0-short","$v":"日"},{"$i":"weekday-1-short","$v":"一"},{"$i":"weekday-2-short","$v":"二"},{"$i":"weekday-3-short","$v":"三"},{"$i":"weekday-4-short","$v":"四"},{"$i":"weekday-5-short","$v":"五"},{"$i":"weekday-6-short","$v":"六"},{"$i":"month-0-long","$v":"1 月"},{"$i":"month-1-long","$v":"2 月"},{"$i":"month-2-long","$v":"3 月"},{"$i":"month-3-long","$v":"4 月"},{"$i":"month-4-long","$v":"5 月"},{"$i":"month-5-long","$v":"6 月"},{"$i":"month-6-long","$v":"7 月"},{"$i":"month-7-long","$v":"8 月"},{"$i":"month-8-long","$v":"9 月"},{"$i":"month-9-long","$v":"10 月"},{"$i":"month-10-long","$v":"11 月"},{"$i":"month-11-long","$v":"12 月"},{"$i":"month-0-genitive","$v":"一月"},{"$i":"month-1-genitive","$v":"二月"},{"$i":"month-2-genitive","$v":"三月"},{"$i":"month-3-genitive","$v":"四月"},{"$i":"month-4-genitive","$v":"五月"},{"$i":"month-5-genitive","$v":"六月"},{"$i":"month-6-genitive","$v":"七月"},{"$i":"month-7-genitive","$v":"八月"},{"$i":"month-8-genitive","$v":"九月"},{"$i":"month-9-genitive","$v":"十月"},{"$i":"month-10-genitive","$v":"十一月"},{"$i":"month-11-genitive","$v":"十二月"},{"$i":"month-0-short","$v":"1 月"},{"$i":"month-1-short","$v":"2 月"},{"$i":"month-2-short","$v":"3 月"},{"$i":"month-3-short","$v":"4 月"},{"$i":"month-4-short","$v":"5 月"},{"$i":"month-5-short","$v":"6 月"},{"$i":"month-6-short","$v":"7 月"},{"$i":"month-7-short","$v":"8 月"},{"$i":"month-8-short","$v":"9 月"},{"$i":"month-9-short","$v":"10 月"},{"$i":"month-10-short","$v":"11 月"},{"$i":"month-11-short","$v":"12 月"},{"$i":"minutes-ago-long","$v":{"zero":"刚才","one":"1 分钟前","two":[{"t":"idOrVar","v":"value"}," 分钟前"],"few":[{"t":"idOrVar","v":"value"}," 分钟前"],"many":[{"t":"idOrVar","v":"value"}," 分钟前"],"other":[{"t":"idOrVar","v":"value"}," 分钟前"]},"$x":[{"t":"idOrVar","v":"plural"},"value"]},{"$i":"hours-ago-long","$v":{"zero":"刚才","one":"1 小时前","two":[{"t":"idOrVar","v":"value"}," 小时前"],"few":[{"t":"idOrVar","v":"value"}," 小时前"],"many":[{"t":"idOrVar","v":"value"}," 小时前"],"other":[{"t":"idOrVar","v":"value"}," 小时前"]},"$x":[{"t":"idOrVar","v":"plural"},"value"]},{"$i":"days-ago-long","$v":{"zero":"今天","one":"昨天","two":[{"t":"idOrVar","v":"value"}," 天前"],"few":[{"t":"idOrVar","v":"value"}," 天前"],"many":[{"t":"idOrVar","v":"value"}," 天前"],"other":[{"t":"idOrVar","v":"value"}," 天前"]},"$x":[{"t":"idOrVar","v":"plural"},"value"]},{"$i":"weeks-ago-long","$v":{"zero":"本周","one":"上周","two":[{"t":"idOrVar","v":"value"}," 周前"],"few":[{"t":"idOrVar","v":"value"}," 周前"],"many":[{"t":"idOrVar","v":"value"}," 周前"],"other":[{"t":"idOrVar","v":"value"}," 周前"]},"$x":[{"t":"idOrVar","v":"plural"},"value"]},{"$i":"months-ago-long","$v":{"zero":"本月","one":"上月","two":[{"t":"idOrVar","v":"value"}," 个月前"],"few":[{"t":"idOrVar","v":"value"}," 个月前"],"many":[{"t":"idOrVar","v":"value"}," 个月前"],"other":[{"t":"idOrVar","v":"value"}," 个月前"]},"$x":[{"t":"idOrVar","v":"plural"},"value"]},{"$i":"years-ago-long","$v":{"zero":"今年","one":"去年","two":[{"t":"idOrVar","v":"value"}," 年前"],"few":[{"t":"idOrVar","v":"value"}," 年前"],"many":[{"t":"idOrVar","v":"value"}," 年前"],"other":[{"t":"idOrVar","v":"value"}," 年前"]},"$x":[{"t":"idOrVar","v":"plural"},"value"]},{"$i":"minutes-until-long","$v":{"zero":"现在","one":"1 分钟内","two":["剩",{"t":"idOrVar","v":"value"},"分钟"],"few":["剩",{"t":"idOrVar","v":"value"},"分钟"],"many":["剩",{"t":"idOrVar","v":"value"},"分钟"],"other":["剩",{"t":"idOrVar","v":"value"},"分钟"]},"$x":[{"t":"idOrVar","v":"plural"},"value"]},{"$i":"hours-until-long","$v":{"zero":"现在","one":"1 小时内","two":["剩",{"t":"idOrVar","v":"value"},"小时"],"few":["剩",{"t":"idOrVar","v":"value"},"小时"],"many":["剩",{"t":"idOrVar","v":"value"},"小时"],"other":["剩",{"t":"idOrVar","v":"value"},"小时"]},"$x":[{"t":"idOrVar","v":"plural"},"value"]},{"$i":"days-until-long","$v":{"zero":"今天","one":"明天","two":["剩",{"t":"idOrVar","v":"value"},"天"],"few":["剩",{"t":"idOrVar","v":"value"},"天"],"many":["剩",{"t":"idOrVar","v":"value"},"天"],"other":["剩",{"t":"idOrVar","v":"value"},"天"]},"$x":[{"t":"idOrVar","v":"plural"},"value"]},{"$i":"weeks-until-long","$v":{"zero":"本周","one":"下周","two":["剩",{"t":"idOrVar","v":"value"},"周"],"few":["剩",{"t":"idOrVar","v":"value"},"周"],"many":["剩",{"t":"idOrVar","v":"value"},"周"],"other":["剩",{"t":"idOrVar","v":"value"},"周"]},"$x":[{"t":"idOrVar","v":"plural"},"value"]},{"$i":"months-until-long","$v":{"zero":"本月","one":"下月","two":["剩",{"t":"idOrVar","v":"value"},"个月"],"few":["剩",{"t":"idOrVar","v":"value"},"个月"],"many":["剩",{"t":"idOrVar","v":"value"},"个月"],"other":["剩",{"t":"idOrVar","v":"value"},"个月"]},"$x":[{"t":"idOrVar","v":"plural"},"value"]},{"$i":"years-until-long","$v":{"zero":"今年","one":"明年","two":["剩",{"t":"idOrVar","v":"value"},"年"],"few":["剩",{"t":"idOrVar","v":"value"},"年"],"many":["剩",{"t":"idOrVar","v":"value"},"年"],"other":["剩",{"t":"idOrVar","v":"value"},"年"]},"$x":[{"t":"idOrVar","v":"plural"},"value"]},{"$i":"minutes-ago-short","$v":{"zero":"刚才","other":[{"t":"idOrVar","v":"value"}," 分钟前"]},"$x":[{"t":"idOrVar","v":"plural"},"value"]},{"$i":"hours-ago-short","$v":{"zero":"刚才","other":[{"t":"idOrVar","v":"value"},"小时前"]},"$x":[{"t":"idOrVar","v":"plural"},"value"]},{"$i":"days-ago-short","$v":{"zero":"今天","other":[{"t":"idOrVar","v":"value"}," 天前"]},"$x":[{"t":"idOrVar","v":"plural"},"value"]},{"$i":"minutes-until-short","$v":{"zero":"现在","other":["剩",{"t":"idOrVar","v":"value"},"分钟"]},"$x":[{"t":"idOrVar","v":"plural"},"value"]},{"$i":"hours-until-short","$v":{"zero":"现在","other":["剩",{"t":"idOrVar","v":"value"},"小时"]},"$x":[{"t":"idOrVar","v":"plural"},"value"]},{"$i":"days-until-short","$v":{"zero":"今天","other":["剩",{"t":"idOrVar","v":"value"},"天"]},"$x":[{"t":"idOrVar","v":"plural"},"value"]},{"$i":"incorrectDate","$v":"（日期不正确）"},{"$i":"dateTimeFormat_%c","$v":"%Y 年 %b %e 日 %a %H:%M:%S"},{"$i":"dateTimeFormat_%x","$v":"%Y/%m/%d"},{"$i":"dateTimeFormat_%X","$v":"%H:%M:%S"},{"$i":"shortTimeFormat","$v":"%H:%M"},{"$i":"shortTimeFormat12","$v":"%p %I:%M"},{"$i":"shortTimeFormat24","$v":"%H:%M"},{"$i":"shortDateTimeFormat","$v":"%x %H:%M"},{"$i":"weekStartsOnMonday","$v":"0"},{"$i":"firstDayOfTheWeek","$v":"0"},{"$i":"time_am","$v":"上午"},{"$i":"time_pm","$v":"下午"},{"$i":"title-app","$v":"应用权限"},{"$i":"title-web","$v":"网站权限"},{"$i":"title-cam","$v":"选择摄像头"},{"$i":"perm-alarms","$v":"日程表闹钟"},{"$i":"perm-audio-capture","$v":"麦克风"},{"$i":"perm-audio-capture-appRequest","$v":["您想要与 ",{"t":"idOrVar","v":"app"}," 分享您的麦克风吗？"]},{"$i":"perm-audio-capture-webRequest","$v":["您想要与 ",{"t":"idOrVar","v":"site"}," 分享您的麦克风吗？"]},{"$i":"perm-audio-channel-content","$v":"播放音效"},{"$i":"perm-audio-channel-notification","$v":"播放通知音效"},{"$i":"perm-audio-channel-ringer","$v":"播放铃声音效"},{"$i":"perm-background-sensors","$v":"访问传感器数据"},{"$i":"perm-bluetooth","$v":"蓝牙"},{"$i":"perm-browser","$v":"探查网页"},{"$i":"perm-camera","$v":"相机"},{"$i":"perm-camera-selector-appRequest","$v":["选择 ",{"t":"idOrVar","v":"app"}," 使用的摄像头。"]},{"$i":"perm-camera-selector-webRequest","$v":["选择 ",{"t":"idOrVar","v":"site"}," 使用的摄像头。"]},{"$i":"perm-cellbroadcast","$v":"小区广播"},{"$i":"perm-contacts","$v":"联系人"},{"$i":"perm-contacts-appRequest","$v":[{"t":"idOrVar","v":"app"}," 想要访问你的联系人列表。"]},{"$i":"perm-contacts-webRequest","$v":[{"t":"idOrVar","v":"site"}," 想要访问你的联系人。"]},{"$i":"perm-desktop-notification","$v":"通知"},{"$i":"perm-desktop-notification-appRequest","$v":[{"t":"idOrVar","v":"app"}," 想要显示通知。"]},{"$i":"perm-desktop-notification-webRequest","$v":[{"t":"idOrVar","v":"site"}," 想要显示通知。"]},{"$i":"perm-device-storage-apps","$v":"应用存储"},{"$i":"perm-device-storage-music","$v":"音乐存储"},{"$i":"perm-device-storage-music-appRequest","$v":[{"t":"idOrVar","v":"app"}," 想要访问你的音乐。"]},{"$i":"perm-device-storage-music-webRequest","$v":[{"t":"idOrVar","v":"site"}," 想要访问你的音乐。"]},{"$i":"perm-device-storage-pictures","$v":"图片存储"},{"$i":"perm-device-storage-pictures-appRequest","$v":[{"t":"idOrVar","v":"app"}," 想要访问你的照片。"]},{"$i":"perm-device-storage-pictures-webRequest","$v":[{"t":"idOrVar","v":"site"}," 想要访问你的照片。"]},{"$i":"perm-device-storage-sdcard","$v":"存储卡存储"},{"$i":"perm-device-storage-sdcard-appRequest","$v":[{"t":"idOrVar","v":"app"}," 想要访问你的存储卡。"]},{"$i":"perm-device-storage-sdcard-webRequest","$v":[{"t":"idOrVar","v":"site"}," 想要访问的存储卡。"]},{"$i":"perm-device-storage-videos","$v":"视频存储"},{"$i":"perm-device-storage-videos-appRequest","$v":[{"t":"idOrVar","v":"app"}," 想要访问你的视频。"]},{"$i":"perm-device-storage-videos-webRequest","$v":[{"t":"idOrVar","v":"site"}," 想要访问你的视频。"]},{"$i":"perm-embed-apps","$v":"嵌入应用"},{"$i":"perm-fmradio","$v":"调频收音机"},{"$i":"perm-fmradio-appRequest","$v":[{"t":"idOrVar","v":"app"}," 想要使用你的调频收音机。"]},{"$i":"perm-fmradio-webRequest","$v":[{"t":"idOrVar","v":"site"}," 想要使用调频收音机。"]},{"$i":"perm-geolocation","$v":"地理位置定位"},{"$i":"perm-geolocation-appRequest","$v":[{"t":"idOrVar","v":"app"}," 想要获取你的位置。"]},{"$i":"perm-geolocation-more-info","$v":[{"t":"idOrVar","v":"brandShortName"}," 使用诸如 GPS、Wi-Fi 以及您附近的移动网络帮助测定您的地理位置。数据将发送到 Mozilla 及其他服务提供商，并将用作改善这些地理位置数据库。数据可能被存储在您的设备上，以及可能在没有应用在运行时收集数据。"]},{"$i":"perm-geolocation-webRequest","$v":[{"t":"idOrVar","v":"site"}," 想要获取你的位置。"]},{"$i":"perm-idle","$v":"获知闲置状态"},{"$i":"perm-indexedDB-chrome-settings","$v":"提权的 IndexedDB"},{"$i":"perm-indexedDB-unlimited","$v":"无限的 IndexedDB 存储"},{"$i":"perm-input-manage","$v":"管理键盘"},{"$i":"perm-input","$v":"作为一个键盘"},{"$i":"perm-media-capture","$v":"相机与麦克风"},{"$i":"perm-media-capture-appRequest","$v":["您想要与 ",{"t":"idOrVar","v":"app"}," 分享您的相机和麦克风吗？"]},{"$i":"perm-media-capture-webRequest","$v":["您想要与 ",{"t":"idOrVar","v":"site"}," 分享您的相机和麦克风吗？"]},{"$i":"perm-mobileconnection","$v":"移动数据连接"},{"$i":"perm-mobileid","$v":"移动身份识别"},{"$i":"perm-network-events","$v":"网络事件"},{"$i":"perm-open-remote-window","$v":"启动应用"},{"$i":"perm-permissions","$v":"修改应用权限"},{"$i":"perm-power","$v":"电源设置"},{"$i":"perm-settings","$v":"修改设置"},{"$i":"perm-systemXHR","$v":"跨源请求"},{"$i":"perm-telephony","$v":"通话"},{"$i":"perm-video-capture","$v":"相机"},{"$i":"perm-video-capture-appRequest","$v":["您想要与 ",{"t":"idOrVar","v":"app"}," 分享您的相机吗？"]},{"$i":"perm-video-capture-webRequest","$v":["您想要与 ",{"t":"idOrVar","v":"site"}," 分享您的相机吗？"]},{"$i":"perm-voicemail","$v":"控制语音信箱"},{"$i":"perm-webapps-manage","$v":"安装网页应用"},{"$i":"perm-wifi-manage","$v":"管理 Wi-Fi"},{"$i":"perm-attention","$v":"打开覆盖性弹出"},{"$i":"perm-audio-channel-alarm","$v":"播放警示音"},{"$i":"perm-audio-channel-normal","$v":"播放音效"},{"$i":"perm-audio-channel-publicnotification","$v":"播放公用通知音效"},{"$i":"perm-audio-channel-telephony","$v":"播放通话音"},{"$i":"perm-backgroundservice","$v":"作为一个后台服务"},{"$i":"perm-device-storage-crashes","$v":"崩溃数据存储"},{"$i":"perm-downloads","$v":"存取下载项"},{"$i":"perm-embed-widgets","$v":"嵌入式小工具"},{"$i":"perm-feature-detection","$v":"功能检测"},{"$i":"perm-firefox-accounts","$v":"Firefox 账户"},{"$i":"perm-mobilenetwork","$v":"移动网络"},{"$i":"perm-moz-attention","$v":"打开覆盖性弹出 (moz)"},{"$i":"perm-moz-audio-channel-ringer","$v":"播放铃声 (moz)"},{"$i":"perm-moz-audio-channel-telephony","$v":"播放通话音 (moz)"},{"$i":"perm-moz-firefox-accounts","$v":"Firefox 账户 (moz)"},{"$i":"perm-networkstats-manage","$v":"控制用量统计"},{"$i":"perm-nfc","$v":"NFC"},{"$i":"perm-nfc-hci-events","$v":"NFC HCI 事件"},{"$i":"perm-nfc-manager","$v":"管理 NFC"},{"$i":"perm-phonenumberservice","$v":"电话号码服务"},{"$i":"perm-push","$v":"推送 API"},{"$i":"perm-resourcestats-manage","$v":"资源统计"},{"$i":"perm-sms","$v":"发送和读取短信（SMS）"},{"$i":"perm-speaker-control","$v":"控制音量"},{"$i":"perm-storage","$v":"访问存储设备"},{"$i":"perm-tcp-socket","$v":"TCP 套接字"},{"$i":"perm-test-permission","$v":"测试权限"},{"$i":"perm-time","$v":"设置日期和时间"},{"$i":"perm-udp-socket","$v":"UDP 套接字"},{"$i":"perm-wappush","$v":"WAP 推送"},{"$i":"stopped_download_title","$v":"下载已停止"},{"$i":"stopped_download_message","$v":"下载已停止。尝试继续下载吗？"},{"$i":"stopped_download_left_button","$v":"取消"},{"$i":"stopped_download_right_button","$v":"重试"},{"$i":"failed_download_title","$v":"下载失败"},{"$i":"failed_download_message","$v":["下载 ",{"t":"idOrVar","v":"name"}," 失败。再次尝试吗？"]},{"$i":"failed_download_left_button","$v":"取消"},{"$i":"failed_download_right_button","$v":"重试"},{"$i":"stop_download_title","$v":"停止下载"},{"$i":"stop_download_message","$v":"你确定要停止这个下载吗？"},{"$i":"stop_download_left_button","$v":"否"},{"$i":"stop_download_right_button","$v":"是"},{"$i":"delete_download_title","$v":"删除"},{"$i":"delete_download_message","$v":["删除 ",{"t":"idOrVar","v":"name"},"？"]},{"$i":"delete_download_left_button","$v":"取消"},{"$i":"delete_download_right_button","$v":"删除"},{"$i":"delete_all_download_title","$v":"删除"},{"$i":"delete_all_download_left_button","$v":"取消"},{"$i":"delete_all_download_right_button","$v":"删除"},{"$i":"delete_all_download_message","$v":{"zero":"不删除文件？","one":"删除一个文件？","two":["删除 ",{"t":"idOrVar","v":"number"}," 个文件？"],"few":["删除 ",{"t":"idOrVar","v":"number"}," 个文件？"],"many":["删除 ",{"t":"idOrVar","v":"number"}," 个文件？"],"other":["删除 ",{"t":"idOrVar","v":"number"}," 个文件？"]},"$x":[{"t":"idOrVar","v":"plural"},"number"]},{"$i":"unsupported_file_type_download_title","$v":"无法打开"},{"$i":"unsupported_file_type_download_message","$v":["还没有应用可以打开 ",{"t":"idOrVar","v":"name"},"。你想保存或删除该文件吗？"]},{"$i":"unsupported_file_type_download_left_button","$v":"保留文件"},{"$i":"unsupported_file_type_download_right_button","$v":"删除"},{"$i":"file_not_found_download_title","$v":"未找到文件"},{"$i":"file_not_found_download_message","$v":"未能在设备上找到此文件"},{"$i":"file_not_found_download_right_button","$v":"确定"},{"$i":"unmounted_sdcard_2_download_title","$v":"存储卡使用中"},{"$i":"unmounted_sdcard_2_download_message","$v":"拔出手机"},{"$i":"unmounted_sdcard_2_download_right_button","$v":"确定"},{"$i":"no_provider_download_title","$v":"无法分享"},{"$i":"no_provider_download_message","$v":"未找到提供者"},{"$i":"no_provider_download_right_button","$v":"确定"},{"$i":"no_memory_download_title","$v":"SD 卡已满"},{"$i":"no_memory_download_message","$v":"您的 SD 卡没有更多闲置空间保存您的下载。请在再次尝试下载前删除一些文件。"},{"$i":"no_memory_download_right_button","$v":"确定"},{"$i":"no_sdcard_found_2_download_title","$v":"没有找到存储卡"},{"$i":"no_sdcard_found_2_download_message","$v":"请插入一个存储卡，或者在设置中选择一个替代的默认媒体位置"},{"$i":"no_sdcard_found_2_download_right_button","$v":"确定"},{"$i":"file_open_error_download_title","$v":"无法打开"},{"$i":"file_open_error_download_message","$v":["打开 ",{"t":"idOrVar","v":"name"}," 时遇到问题。你想保存或删除该文件吗？"]},{"$i":"file_open_error_download_left_button","$v":"保留文件"},{"$i":"file_open_error_download_right_button","$v":"删除"},{"$i":"restart_download_error","$v":"重新开始该下载时遇到错误。请尝试重新下载。"},{"$i":"no-downloads","$v":"没有下载项"},{"$i":"percentage","$v":[{"t":"idOrVar","v":"percentage"}," %"]},{"$i":"partialResult","$v":[{"t":"idOrVar","v":"partial"}," / ",{"t":"idOrVar","v":"total"}]},{"$i":"summary","$v":[{"t":"idOrVar","v":"date"}," - ",{"t":"idOrVar","v":"status"}]},{"$i":"download-stopped","$v":"已停止"},{"$i":"download-failed","$v":"下载失败"},{"$i":"open_downloaded_file","$v":"打开"},{"$i":"share_downloaded_file","$v":"分享"},{"$i":"wallpaper_downloaded_file","$v":"设置为壁纸"},{"$i":"ringtone_downloaded_file","$v":"设为铃声"},{"$i":"cancel_downloaded_file","$v":"取消"},{"$i":"voicemailNoNumberTitle","$v":"语音信箱号码不可用"},{"$i":"voicemailNoNumberText","$v":"无法拨叫语音信箱。设置语音信箱号码以放置呼叫。"},{"$i":"voicemailNoNumberSettings","$v":"设置"},{"$i":"voicemailNoNumberCancel","$v":"取消"},{"$i":"airplaneMode","$v":"飞行模式"},{"$i":"searching","$v":"正在搜索…"},{"$i":"noNetwork","$v":"无网络"},{"$i":"roaming","$v":[{"t":"idOrVar","v":"operator"},"（漫游）"]},{"$i":"operator-info","$v":[{"t":"idOrVar","v":"carrier"}," ",{"t":"idOrVar","v":"region"}]},{"$i":"emergencyCallsOnly-unknownSIMState","$v":"（未知的 SIM 状态）"},{"$i":"emergencyCallsOnly-noSIM","$v":"（无 SIM 卡）"},{"$i":"emergencyCallsOnly-pinRequired","$v":"（需要 SIM PIN 码）"},{"$i":"emergencyCallsOnly-pukRequired","$v":"（需要 SIM PUK 码）"},{"$i":"emergencyCallsOnly-networkLocked","$v":"（网络锁开启）"},{"$i":"emergencyCallsOnly-serviceProviderLocked","$v":"（服务提供者已锁定）"},{"$i":"emergencyCallsOnly-corporateLocked","$v":"（公司已锁定）"},{"$i":"emergencyCallsOnly-network1Locked","$v":"（网络 1 已锁定）"},{"$i":"emergencyCallsOnly-network2Locked","$v":"（网络 2 已锁定）"},{"$i":"emergencyCallsOnly-hrpdNetworkLocked","$v":"（HRPD 网络已锁定）"},{"$i":"emergencyCallsOnly-ruimCorporateLocked","$v":"（RUIM 公司已锁定）"},{"$i":"emergencyCallsOnly-ruimServiceProviderLocked","$v":"（RUIM 服务提供者已锁定）"},{"$i":"lockscreen-sim-id","$v":["SIM ",{"t":"idOrVar","v":"n"}]},{"$i":"charging-status-no-time","$v":[{"t":"idOrVar","v":"level"},"% Charged"]},{"$i":"charging-status-minutes","$v":{"zero":[{"t":"idOrVar","v":"level"},"% Charged (",{"t":"idOrVar","v":"minutes"}," mins remaining)"],"one":[{"t":"idOrVar","v":"level"},"% Charged (",{"t":"idOrVar","v":"minutes"}," min remaining)"],"two":[{"t":"idOrVar","v":"level"},"% Charged (",{"t":"idOrVar","v":"minutes"}," mins remaining)"],"few":[{"t":"idOrVar","v":"level"},"% Charged (",{"t":"idOrVar","v":"minutes"}," mins remaining)"],"many":[{"t":"idOrVar","v":"level"},"% Charged (",{"t":"idOrVar","v":"minutes"}," mins remaining)"],"other":[{"t":"idOrVar","v":"level"},"% Charged (",{"t":"idOrVar","v":"minutes"}," mins remaining)"]},"$x":[{"t":"idOrVar","v":"plural"},"minutes"]},{"$i":"charging-status-hours","$v":{"zero":[{"t":"idOrVar","v":"level"},"% Charged (",{"t":"idOrVar","v":"hours"},"h ",{"t":"idOrVar","v":"minutes"}," mins remaining)"],"one":[{"t":"idOrVar","v":"level"},"% Charged (",{"t":"idOrVar","v":"hours"},"h ",{"t":"idOrVar","v":"minutes"}," min remaining)"],"two":[{"t":"idOrVar","v":"level"},"% Charged (",{"t":"idOrVar","v":"hours"},"h ",{"t":"idOrVar","v":"minutes"}," mins remaining)"],"few":[{"t":"idOrVar","v":"level"},"% Charged (",{"t":"idOrVar","v":"hours"},"h ",{"t":"idOrVar","v":"minutes"}," mins remaining)"],"many":[{"t":"idOrVar","v":"level"},"% Charged (",{"t":"idOrVar","v":"hours"},"h ",{"t":"idOrVar","v":"minutes"}," mins remaining)"],"other":[{"t":"idOrVar","v":"level"},"% Charged (",{"t":"idOrVar","v":"hours"},"h ",{"t":"idOrVar","v":"minutes"}," mins remaining)"]},"$x":[{"t":"idOrVar","v":"plural"},"minutes"]},{"$i":"gaia-menu-cancel","$v":"取消"}]