[{"$i":"share","$v":"分享"},{"$i":"resend","$v":"重新傳送"},{"$i":"connecting","$v":"連線中"},{"$i":"verify","$v":"驗證"},{"$i":"verifying","$v":"驗證中"},{"$i":"verified","$v":"已驗證"},{"$i":"mobileIDExplanation","$v":[{"t":"idOrVar","v":"app_name"}," 想要知道並驗證您的手機號碼。請指定您要分享哪一個號碼，或輸入新號碼。"]},{"$i":"verificationCodeExplanation","$v":["已傳送到驗證碼到 ",{"t":"idOrVar","v":"phone_number"},"。我們將嘗試自動偵測驗證碼，但此裝置若無法自動偵測的話須請您手動輸入。"]},{"$i":"successMessage","$v":["恭喜！已驗證您的手機號碼 ",{"t":"idOrVar","v":"phone_number"},"，並已可使用 ",{"t":"idOrVar","v":"app_name"},"。"]},{"$i":"serverErrorMessage","$v":"驗證伺服器暫時無法使用。請檢查您的網際網路連線並重試，或稍後再試一次。"},{"$i":"timeoutErrorMessage","$v":"您的驗證碼看起來有問題，從頭再來一次吧！"},{"$i":"errorTitle","$v":"行動身分識別"},{"$i":"ok","$v":"確定"},{"$i":"addPhoneNumber","$v":"或新增您的手機號碼"},{"$i":"selectPhoneNumber","$v":"或自清單選擇您的手機號碼"},{"$i":"firefox-accounts-title","$v":"Firefox 帳號"},{"$i":"fxa-next","$v":"下一步"},{"$i":"fxa-back","$v":"上一步"},{"$i":"fxa-done","$v":"完成"},{"$i":"fxa-ok","$v":"確定"},{"$i":"fxa-connection-error-title","$v":"無法連線"},{"$i":"fxa-connection-error-message","$v":"您可以於設定畫面中註冊帳號或登入。"},{"$i":"fxa-reset-password-error-title","$v":"重設密碼"},{"$i":"fxa-reset-password-error-message","$v":"您可以於設定畫面中重設密碼。"},{"$i":"fxa-coppa-failure-error-title","$v":"無法註冊帳號"},{"$i":"fxa-coppa-failure-error-message","$v":["您必須符合年齡條件才能註冊 Firefox 帳號。",{"t":"idOrVar","v":"learnmore"}]},{"$i":"fxa-learn-more","$v":"詳細資訊"},{"$i":"fxa-offline-error-title","$v":"無法連線"},{"$i":"fxa-offline-error-message","$v":"請於設定畫面中連線至網路。"},{"$i":"fxa-invalid-email-title","$v":"錯誤"},{"$i":"fxa-invalid-email-message","$v":"請輸入有效的電子郵件地址。"},{"$i":"fxa-invalid-password-title","$v":"密碼不正確"},{"$i":"fxa-invalid-password-message","$v":"請檢查您輸入的密碼，並再試一次。"},{"$i":"fxa-unknown-error-title","$v":"無法連線"},{"$i":"fxa-unknown-error-message","$v":"系統無法使用，請稍後再試一次。"},{"$i":"fxa-connecting","$v":"連線中"},{"$i":"fxa-enter-email-input","placeholder":"輸入您的電子郵件地址"},{"$i":"fxa-use-email-to-sign-in","$v":"使用您的電子郵件地址註冊帳號或登入。"},{"$i":"fxa-notice","$v":["若繼續，代表我同意 Firefox 雲端服務的 ",{"t":"idOrVar","v":"tos"}," 與 ",{"t":"idOrVar","v":"pn"},"。"]},{"$i":"fxa-tos","$v":"服務條款"},{"$i":"fxa-pn","$v":"隱私權保護政策"},{"$i":"fxa-create-password-title","$v":"建立密碼"},{"$i":"fxa-enter-password-title","$v":"輸入您的密碼"},{"$i":"fxa-hello-user","$v":["嗨，",{"t":"idOrVar","v":"email"}]},{"$i":"fxa-password-refresh","$v":"請輸入您的 Firefox 帳號密碼以繼續。"},{"$i":"fxa-password","placeholder":"密碼"},{"$i":"fxa-forgot-your-password","$v":"忘記密碼了？"},{"$i":"fxa-show-password","$v":"顯示密碼"},{"$i":"fxa-password-length-requirement","$v":"您的密碼必須至少要有 8 個英數字元長。"},{"$i":"fxa-success","$v":"成功！"},{"$i":"fxa-ready-to-go","$v":"您的 Firefox Account 已經可以使用了！"},{"$i":"fxa-use-features","$v":"您現在就可以使用 Find My Device 或 Firefox Marketplace 上的應用程式等功能。"},{"$i":"fxa-access-manage-account-settings","$v":"未來您將可以在設定畫面中存取並管理您的帳號。"},{"$i":"fxa-confirm-account","$v":"確認您的帳號"},{"$i":"fxa-will-send-email","$v":["我們將寄信到: ",{"t":"idOrVar","v":"email"}]},{"$i":"fxa-signup-click-verification-link-in-email","$v":"您下次收信時，請點即帳戶驗證信當中的驗證鏈結來確認您的 Firefox 帳號。"},{"$i":"fxa-age-verification","$v":"年齡驗證"},{"$i":"fxa-age-earlier","$v":[{"t":"idOrVar","v":"year"}," 之前"]},{"$i":"fxa-year-of-birth","$v":"出生年"},{"$i":"brandShortName","$v":"B2G OS"},{"$i":"browserBrandShortName","$v":"Web Browser"},{"$i":"browserBrandFullName","$v":"Mozilla Web Browser"},{"$i":"ringtoneBrandName","$v":"Default"},{"$i":"ringtoneSectionBrandName","$v":"System"},{"$i":"back","$v":"上一頁"},{"$i":"help","$v":"說明"},{"$i":"cancel","$v":"取消"},{"$i":"close","$v":"關閉"},{"$i":"skip","$v":"略過"},{"$i":"clear","ariaLabel":"清除"},{"$i":"enable","$v":"啟用"},{"$i":"turnOn","$v":"開啟"},{"$i":"undo","ariaLabel":"復原"},{"$i":"enterPIN","$v":"輸入 PIN"},{"$i":"mediaPlaybackTrack","ariaLabel":"曲名與藝術家"},{"$i":"mediaPlaybackControls","ariaLabel":"播放控制"},{"$i":"mediaPlaybackPrevious","ariaLabel":"上一首"},{"$i":"mediaPlaybackPlay","ariaLabel":"播放"},{"$i":"mediaPlaybackPause","ariaLabel":"暫停"},{"$i":"mediaPlaybackNext","ariaLabel":"下一首"},{"$i":"UnknownTrack","$v":"未知的曲目"},{"$i":"wifiButton-on","$v":"已開啟 Wi-Fi"},{"$i":"wifiButton-on-initializing","$v":"Wi-Fi 啟動中"},{"$i":"wifiButton-off","$v":"Wi-Fi 關閉"},{"$i":"dataButton-on","$v":["已開啟 ",{"t":"idOrVar","v":"type"}," 數據連線"]},{"$i":"dataButton-off","$v":["已關閉 ",{"t":"idOrVar","v":"type"}," 數據連線"]},{"$i":"bluetoothButton-on","$v":"已開啟藍牙"},{"$i":"bluetoothButton-on-initializing","$v":"藍牙開啟中"},{"$i":"bluetoothButton-off","$v":"已關閉藍牙"},{"$i":"airplaneMode-on","$v":"已開啟飛航模式"},{"$i":"airplaneMode-off","$v":"已關閉飛航模式"},{"$i":"settingsButton","ariaLabel":"設定"},{"$i":"utilityTray","ariaLabel":"工具列"},{"$i":"statusbarOperator","$v":[{"t":"idOrVar","v":"date"},", ",{"t":"idOrVar","v":"operator"}]},{"$i":"statusbarDateFormat","$v":"%b %e 日"},{"$i":"statusbar","ariaLabel":"狀態列"},{"$i":"statusbarBattery","ariaLabel":["電力剩餘百分之 ",{"t":"idOrVar","v":"level"}]},{"$i":"statusbarBatteryCharging","ariaLabel":["電力剩餘百分之 ",{"t":"idOrVar","v":"level"},"，充電中"]},{"$i":"statusbarAirplaneMode","ariaLabel":"Airplane mode on"},{"$i":"statusbarWiFiConnecting","ariaLabel":"Wi-Fi: connecting"},{"$i":"statusbarWiFiConnected","ariaLabel":["Wi-Fi: ",{"t":"idOrVar","v":"level"}," of 4 bars"]},{"$i":"statusbarSignal","ariaLabel":[{"t":"idOrVar","v":"operator"}," network, ",{"t":"idOrVar","v":"level"}," of 5 bars"]},{"$i":"statusbarSignalRoaming","ariaLabel":[{"t":"idOrVar","v":"operator"}," network (roaming), ",{"t":"idOrVar","v":"level"}," of 5 bars"]},{"$i":"statusbarSignalNoneSearching","ariaLabel":"Searching… Emergency calls only"},{"$i":"emergencyCallsOnly","$v":"僅可撥打緊急電話"},{"$i":"statusbarSignalNoSimCard","ariaLabel":"No SIM card"},{"$i":"statusbarHeadphone","ariaLabel":"Headphones on"},{"$i":"statusbarBluetoothHeadphone","ariaLabel":"Bluetooth headphones on"},{"$i":"statusbarBluetoothTransfer","ariaLabel":"Bluetooth transfer active"},{"$i":"statusbarIconOn-tethering","ariaLabel":"Tethering on"},{"$i":"statusbarIconOnActive-tethering","ariaLabel":"Tethering on, active"},{"$i":"statusbarAlarm","ariaLabel":"已開啟鬧鈴"},{"$i":"statusbarIconOn-bluetooth","ariaLabel":"Bluetooth on"},{"$i":"statusbarIconOnActive-bluetooth","ariaLabel":"Bluetooth on, active"},{"$i":"statusbarIconOn-mute","ariaLabel":"Mute on"},{"$i":"statusbarIconOn-vibration","ariaLabel":"Vibration on"},{"$i":"statusbarRecording","ariaLabel":"已開始錄音"},{"$i":"statusbarGeolocation","ariaLabel":"已開啟地理位置偵測"},{"$i":"statusbarUsb","ariaLabel":"已開啟 USB"},{"$i":"statusbarCallForwarding","$v":"Call forwarding on"},{"$i":"statusbarPlaying","ariaLabel":"媒體播放中"},{"$i":"statusbarNfc","ariaLabel":"已開啟 NFC"},{"$i":"statusbarDownload","ariaLabel":"Downloading…"},{"$i":"statusbarNetworkActivity","ariaLabel":"已開啟網路"},{"$i":"statusbarEmergencyCallback","ariaLabel":"Emergency callback"},{"$i":"statusbarNotifications","$v":{"one":[{"t":"idOrVar","v":"n"}," 個通知"],"two":[{"t":"idOrVar","v":"n"}," 個通知"],"few":[{"t":"idOrVar","v":"n"}," 個通知"],"many":[{"t":"idOrVar","v":"n"}," 個通知"],"other":[{"t":"idOrVar","v":"n"}," 個通知"]},"$x":[{"t":"idOrVar","v":"plural"},"n"]},{"$i":"statusbarNotifications-unread","ariaLabel":{"$x":[{"t":"idOrVar","v":"plural"},"n"],"$v":{"one":[{"t":"idOrVar","v":"n"}," 個未讀通知"],"two":[{"t":"idOrVar","v":"n"}," 個未讀通知"],"few":[{"t":"idOrVar","v":"n"}," 個未讀通知"],"many":[{"t":"idOrVar","v":"n"}," 個未讀通知"],"other":[{"t":"idOrVar","v":"n"}," 個未讀通知"]}}},{"$i":"notifications","$v":"通知"},{"$i":"clear-all","$v":"清除全部"},{"$i":"attentionScreen-tapToShow","$v":"點擊以顯示"},{"$i":"newVoicemails","$v":{"zero":"沒有新的語音留言","one":"一通新的語音留言","two":[{"t":"idOrVar","v":"n"}," 通新的語音留言"],"few":[{"t":"idOrVar","v":"n"}," 通新的語音留言"],"many":[{"t":"idOrVar","v":"n"}," 通新的語音留言"],"other":[{"t":"idOrVar","v":"n"}," 通新的語音留言"]},"$x":[{"t":"idOrVar","v":"plural"},"n"]},{"$i":"newVoicemailsUnknown","$v":"有新的語音留言"},{"$i":"dialNumber","$v":["撥給 ",{"t":"idOrVar","v":"number"}]},{"$i":"voicemailNotificationMultiSim","$v":["(SIM ",{"t":"idOrVar","v":"n"},") ",{"t":"idOrVar","v":"title"}]},{"$i":"euRoamingNotificationTitle","$v":"偵測到歐盟境內的網際網路連線"},{"$i":"euRoamingNotificationMsg","$v":"點擊此處變更。"},{"$i":"confirmNFCConnectBTenabledNameUnknown","$v":"您想要連線到裝置嗎？"},{"$i":"confirmNFCConnectBTdisabledNameUnknown","$v":"開啟藍牙並連線至裝置？"},{"$i":"confirmNFCConnectBTenabledNameKnown","$v":["您想要連線到 ",{"t":"idOrVar","v":"deviceName"}," 嗎？"]},{"$i":"confirmNFCConnectBTdisabledNameKnown","$v":["開啟藍牙並連線至 ",{"t":"idOrVar","v":"deviceName"},"？"]},{"$i":"confirmNFCConnectBTdisabled","$v":"開啟"},{"$i":"dismissNFCConnectBTdisabled","$v":"取消"},{"$i":"confirmation","$v":"確認"},{"$i":"deviceMenu","$v":"電話"},{"$i":"airplane","$v":"開啟飛航模式"},{"$i":"airplaneOff","$v":"關閉飛航模式"},{"$i":"silent","$v":"來電靜音"},{"$i":"normal","$v":"取消來電靜音"},{"$i":"restart","$v":"重新啟動"},{"$i":"power","$v":"關機"},{"$i":"no-recent-app-windows","$v":"您最近開啟過的程式將在此顯示"},{"$i":"no-recent-browser-windows","$v":"您最近開啟的網頁將在此顯示"},{"$i":"closeCard","ariaLabel":"關閉"},{"$i":"openCard","ariaLabel":"開啟"},{"$i":"yes","$v":"是"},{"$i":"no","$v":"否"},{"$i":"dontallow","$v":"不允許"},{"$i":"allow","$v":"允許"},{"$i":"dontshare-geolocation","$v":"不要透露"},{"$i":"share-geolocation","$v":"透露"},{"$i":"dontshare-audio-capture","$v":"不要分享"},{"$i":"share-audio-capture","$v":"分享"},{"$i":"dontshare-video-capture","$v":"不要分享"},{"$i":"share-video-capture","$v":"分享"},{"$i":"dontshare-media-capture","$v":"不要分享"},{"$i":"share-media-capture","$v":"分享"},{"$i":"device-front","$v":"前鏡頭"},{"$i":"device-back","$v":"後鏡頭"},{"$i":"remember-my-choice","$v":"記住我的選擇"},{"$i":"more-info","$v":"更多資訊…"},{"$i":"hide-info","$v":"隱藏資訊"},{"$i":"install-app","$v":["要安裝 ",{"t":"idOrVar","v":"name"}," 嗎?"]},{"$i":"size","$v":"大小"},{"$i":"author","$v":"作者"},{"$i":"size-unknown","$v":"未知"},{"$i":"author-unknown","$v":"未知"},{"$i":"install","$v":"安裝"},{"$i":"bytes","$v":"位元組"},{"$i":"kB","$v":"KB"},{"$i":"MB","$v":"MB"},{"$i":"GB","$v":"GB"},{"$i":"TB","$v":"TB"},{"$i":"PB","$v":"PB"},{"$i":"app-install-generic-error","$v":[{"t":"idOrVar","v":"appName"}," 下載已停止"]},{"$i":"app-install-download-failed","$v":[{"t":"idOrVar","v":"appName"}," 下載失敗"]},{"$i":"app-install-install-failed","$v":[{"t":"idOrVar","v":"appName"}," 安裝失敗"]},{"$i":"cancelling-will-not-refund","$v":"現在取消將不會退費。付費內容的退費機制將由原內容銷售商提供。"},{"$i":"apps-can-be-installed-later","$v":"您之後可以於原始安裝來源再次安裝應用程式"},{"$i":"are-you-sure-you-want-to-cancel","$v":"您確定要取消這次的安裝嗎?"},{"$i":"cancel-install","$v":"取消安裝"},{"$i":"cancel-install-button","$v":"取消安裝"},{"$i":"resume","$v":"繼續"},{"$i":"continue","$v":"繼續"},{"$i":"stopDownloading","$v":["要停止下載 ",{"t":"idOrVar","v":"app"}," 嗎?"]},{"$i":"app-download-can-be-restarted","$v":"可在稍後重新開始下載。"},{"$i":"app-download-stop-button","$v":"停止下載"},{"$i":"not-enough-space","$v":"空間不足"},{"$i":"not-enough-space-message","$v":"沒有足夠的空間可安裝此程式。您可以刪除舊程式或媒體檔案來釋放空間，接著再從原始來源嘗試安裝。"},{"$i":"app-install-success","$v":["已安裝 ",{"t":"idOrVar","v":"appName"}]},{"$i":"langpack-install-success2","$v":[{"t":"idOrVar","v":"appName"}," installed. Go to Settings > Language to enable it."]},{"$i":"setup","$v":"設定"},{"$i":"ime-addkeyboards","$v":"新增鍵盤"},{"$i":"later","$v":"稍候"},{"$i":"download","$v":"下載"},{"$i":"wantToDownload","$v":"現在開始下載更新？"},{"$i":"wantToInstallNow","$v":"您要立刻安裝更新嗎？您將有幾分鐘時間無法使用手機。"},{"$i":"installNow","$v":"立刻安裝"},{"$i":"notNow","$v":"現在不要"},{"$i":"downloadingUpdateMessage","innerHTML":["正在下載更新… <span>已下載 ",{"t":"idOrVar","v":"progress"},"。</span>"]},{"$i":"downloadingAppMessage","$v":["正在下載 ",{"t":"idOrVar","v":"appName"}]},{"$i":"downloadingAppProgressNoMax","$v":["已下載 ",{"t":"idOrVar","v":"progress"}]},{"$i":"downloadingAppProgressIndeterminate","$v":"下載中"},{"$i":"downloadingAppProgress","$v":["已下載 ",{"t":"idOrVar","v":"progress"}," / ",{"t":"idOrVar","v":"max"}]},{"$i":"cancelAllDownloads","$v":"取消所有下載"},{"$i":"wantToCancelAll","$v":"您確定要取消所有下載?"},{"$i":"downloadError","$v":"下載更新時發生錯誤。"},{"$i":"updateAvailableInfo","innerHTML":{"$x":[{"t":"idOrVar","v":"plural"},"n"],"$v":{"one":["有 ",{"t":"idOrVar","v":"n"}," 個可用更新。<span>點擊這裡取得更多資訊。</span>"],"two":["有 ",{"t":"idOrVar","v":"n"}," 個可用更新。<span>點擊這裡取得更多資訊。</span>"],"few":["有 ",{"t":"idOrVar","v":"n"}," 個可用更新。<span>點擊這裡取得更多資訊。</span>"],"many":["有 ",{"t":"idOrVar","v":"n"}," 個可用更新。<span>點擊這裡取得更多資訊。</span>"],"other":["有 ",{"t":"idOrVar","v":"n"}," 個可用更新。<span>點擊這裡取得更多資訊。</span>"]}}},{"$i":"numberOfUpdates","$v":{"one":["有 ",{"t":"idOrVar","v":"n"}," 個更新可用"],"two":["有 ",{"t":"idOrVar","v":"n"}," 個更新可用"],"few":["有 ",{"t":"idOrVar","v":"n"}," 個更新可用"],"many":["有 ",{"t":"idOrVar","v":"n"}," 個更新可用"],"other":["有 ",{"t":"idOrVar","v":"n"}," 個更新可用"]},"$x":[{"t":"idOrVar","v":"plural"},"n"]},{"$i":"systemUpdate","$v":"系統更新"},{"$i":"systemUpdateReady","$v":"已準備好進行系統更新"},{"$i":"systemUpdateLowBatteryThreshold","$v":["您必須要有至少 ",{"t":"idOrVar","v":"threshold"},"% 剩餘電力才能安裝更新。"]},{"$i":"required","$v":"必需"},{"$i":"uncompressingMessage","innerHTML":"正在解壓縮… <span>可能會花上幾分鐘。</span>"},{"$i":"downloadWifiPrioritizedUsing2G","$v":"無法使用 Wi-Fi 連線時將透過數據連線下載更新。使用數據連線時，可能暫時無法接到來電且可能需要另外付費。"},{"$i":"downloadWifiPrioritized3","$v":"無法使用 Wi-Fi 時將透過數據連線下載更新，使用數據連線時可能需要付費。"},{"$i":"downloadNoWifiWarning","$v":"無法使用 Wi-Fi。透過目前的連線更新可能需要另外付費。"},{"$i":"downloadOfflineWarning2","$v":"請連線至網路以下載更新。"},{"$i":"downloadUpdatesViaDataConnection","$v":"透過數據連線下載更新？"},{"$i":"downloadUpdatesVia2GForbidden3","$v":"無法在使用慢速連線 (2G) 時下載更新。可以的話請連線至 Wi-Fi 或 3G 網路後網路再嘗試下載。"},{"$i":"downloadUpdatesViaDataConnectionMessage3","$v":"使用數據連線時可能需要付費，您要繼續嗎？"},{"$i":"downloadUpdatesViaDataRoamingConnection","$v":"透過漫遊網路下載更新？"},{"$i":"downloadUpdatesViaDataRoamingConnectionMessage","$v":"您正在漫遊中，下載更新可能需要額外付費。您要繼續嗎？"},{"$i":"screenshotSaved","$v":"已將畫面擷圖儲存至圖片庫"},{"$i":"screenshotFailed","$v":"無法儲存畫面擷圖"},{"$i":"screenshotNoSDCard","$v":"找不到記憶卡"},{"$i":"screenshotSDCardInUse","$v":"記憶卡使用中"},{"$i":"screenshotSDCardLow","$v":"記憶卡的空間不足"},{"$i":"logsSaved","$v":"已將記錄檔儲存至儲存空間"},{"$i":"logsSaveError","$v":"儲存記錄時發生錯誤"},{"$i":"logsSaving","$v":"正在捕捉記錄…"},{"$i":"logsOperationFailed","$v":[{"t":"idOrVar","v":"operation"}," 操作失敗。"]},{"$i":"logsGenericError","$v":"發生未知錯誤。"},{"$i":"logsSDCardMaybeShared","$v":"確定您未與電腦分享 SD 卡。"},{"$i":"emergency-call-button","$v":"緊急電話"},{"$i":"emergency-call","$v":"緊急電話"},{"$i":"unlock-a11y-button","ariaLabel":"解鎖"},{"$i":"camera-a11y-button","ariaLabel":"相機"},{"$i":"longDateFormat","$v":"%b %e 日 %A"},{"$i":"panel-passcode","ariaLabel":"解鎖碼面板"},{"$i":"open-notification","$v":"開啟"},{"$i":"softwareHomeButton","ariaLabel":"主畫面"},{"$i":"login","$v":"登入"},{"$i":"sign-in-to-website","$v":"登入至網站"},{"$i":"username","$v":"使用者名稱"},{"$i":"password","$v":"密碼"},{"$i":"http-authentication-message2","$v":[{"t":"idOrVar","v":"host"}," 網站要求您登入。"]},{"$i":"error-message","$v":["無法正確載入 ",{"t":"idOrVar","v":"name"}]},{"$i":"error-title","$v":["發生問題 ",{"t":"idOrVar","v":"name"}]},{"$i":"unable-to-connect","$v":"連線失敗"},{"$i":"tap-to-check-settings","$v":"點擊以檢查設定"},{"$i":"delete-title","$v":["刪除 ",{"t":"idOrVar","v":"name"}]},{"$i":"delete-body","$v":[{"t":"idOrVar","v":"name"}," 與其所有資料將會被刪除。"]},{"$i":"delete","$v":"刪除"},{"$i":"unrecoverable-error-title","$v":"移除應用程式"},{"$i":"unrecoverable-error-body","$v":"因為發生無法復原的錯誤，無法安裝應用程式。將移除此應用程式，請試著再次下載安裝。"},{"$i":"unrecoverable-error-action","$v":"確定"},{"$i":"data-roaming-enabled-title","$v":"要開啟數據漫遊嗎？"},{"$i":"data-roaming-enabled-warning2","$v":"您必須開啟數據漫遊才能存取網際網路。開啟數據漫遊視您申辦的電信方案而定，可能會被額外收費。您要開啟數據漫遊連線嗎？"},{"$i":"select-time","$v":"選擇時間"},{"$i":"choose-option","$v":"選取"},{"$i":"choose-options","$v":"選取"},{"$i":"select-day","$v":"選擇日期"},{"$i":"battery-almost-empty3","$v":"快沒電了。"},{"$i":"plug-in-your-charger","$v":"請接上充電器。"},{"$i":"new-window","$v":"新視窗"},{"$i":"new-private-window","$v":"新增隱私視窗"},{"$i":"show-windows","$v":"顯示視窗"},{"$i":"add-to-home-screen","$v":"新增至裝置主畫面"},{"$i":"crash-dialog2-os","$v":[{"t":"idOrVar","v":"brandShortName"}," 剛自錯誤中恢復"]},{"$i":"crash-dialog-app","$v":[{"t":"idOrVar","v":"name"}," 剛發生錯誤"]},{"$i":"crash-dialog-app-noname","$v":"某個東西"},{"$i":"crash-dialog-message","$v":"您願意傳送關於此錯誤的報告至 Mozilla，以幫助我們修正這個問題嗎？（報告將只透過 Wi-Fi 傳送。）"},{"$i":"crash-info-link","$v":"錯誤報告當中有哪些東西？"},{"$i":"crash-always-report","$v":"總是在發生程式錯誤時傳送報告給 Mozilla。"},{"$i":"crash-dont-send","$v":"不要傳送"},{"$i":"crash-end","$v":"傳送報告"},{"$i":"crashReports","$v":"錯誤報告"},{"$i":"done","$v":"完成"},{"$i":"crash-reports-description-1","$v":"錯誤報告包含了該次錯誤與您的裝置的一些詳細資訊，以及錯誤發生時您的裝置的使用狀態。"},{"$i":"crash-reports-description-2","$v":"可能包含諸如開啟的頁面與應用程式、輸入至表單中的文字、開啟訊息的內容、最近的瀏覽紀錄、與開啟的應用程式所取得的地理位置資訊。"},{"$i":"crash-reports-description-3-start","$v":"我們使用錯誤報告來試著修復問題並改進產品。我們將依照"},{"$i":"crash-reports-description-3-privacy","$v":"隱私權保護政策"},{"$i":"crash-reports-description-3-end","$v":"當中所描述的方式處理您的資訊。"},{"$i":"crash-banner-os2","$v":[{"t":"idOrVar","v":"brandShortName"}," 剛發生錯誤。"]},{"$i":"crash-banner-app","$v":[{"t":"idOrVar","v":"name"}," 剛發生錯誤。"]},{"$i":"crash-banner-report","$v":"回報"},{"$i":"bluetooth-sending-progress","$v":"正在傳送藍牙傳輸資料…"},{"$i":"bluetooth-receiving-progress","$v":"正在接收藍牙傳輸資料…"},{"$i":"acceptFileTransfer","$v":"允許藍牙檔案傳輸嗎？"},{"$i":"wantToReceiveFile","$v":[{"t":"idOrVar","v":"deviceName"}," 想要傳送 ",{"t":"idOrVar","v":"fileName"}," (",{"t":"idOrVar","v":"fileSize"},")。"]},{"$i":"transfer-confirmation-title","$v":[{"t":"idOrVar","v":"deviceName"}]},{"$i":"transfer-confirmation-description","$v":"確認傳輸請求。"},{"$i":"byteUnit-B","$v":"B"},{"$i":"byteUnit-KB","$v":"KB"},{"$i":"byteUnit-MB","$v":"MB"},{"$i":"byteUnit-GB","$v":"GB"},{"$i":"byteUnit-TB","$v":"TB"},{"$i":"byteUnit-PB","$v":"PB"},{"$i":"byteUnit-EB","$v":"EB"},{"$i":"byteUnit-ZB","$v":"ZB"},{"$i":"byteUnit-YB","$v":"YB"},{"$i":"fileSize","$v":[{"t":"idOrVar","v":"size"}," ",{"t":"idOrVar","v":"unit"}]},{"$i":"deny","$v":"拒絕"},{"$i":"transfer","$v":"傳輸"},{"$i":"cancelFileTransfer","$v":"取消藍牙檔案傳輸？"},{"$i":"continueFileTransfer","$v":"繼續"},{"$i":"transfer-has-started-title","$v":"已開始傳輸"},{"$i":"transfer-has-started-description","$v":"請在通知中心檢視進度"},{"$i":"transferFinished-sentSuccessful-title","$v":"已傳送檔案"},{"$i":"transferFinished-receivedSuccessful-title","$v":"已接收檔案"},{"$i":"transferFinished-sentFailed-title","$v":"無法傳送檔案"},{"$i":"transferFinished-receivedFailed-title","$v":"無法接收檔案"},{"$i":"transferReport-title","$v":"傳輸報告:"},{"$i":"transferReport-description","$v":["成功傳輸 ",{"t":"idOrVar","v":"numSuccessful"}," 個檔案、未成功傳輸 ",{"t":"idOrVar","v":"numUnsuccessful"}," 個檔案"]},{"$i":"unknown-file","$v":"未知檔案"},{"$i":"unknown-device","$v":"未知的裝置"},{"$i":"cannotOpenFile","$v":"無法開啟接收的檔案"},{"$i":"unknownMediaTypeToOpenFile","$v":["無法開啟未知的媒體類型: ",{"t":"idOrVar","v":"fileName"}]},{"$i":"cannotReceiveFile","$v":"無法接收檔案"},{"$i":"cannotGetStorageState","$v":"無法取得裝置儲存空間狀態。"},{"$i":"sdcard-not-exist2","$v":"找不到記憶卡，請插入記憶卡。"},{"$i":"sdcard-in-use","$v":"當手機連接至電腦時無法使用藍牙。請拔除手機傳輸線以接收檔案。"},{"$i":"sdcard-no-space2","$v":"無法完成傳輸：記憶卡已滿。"},{"$i":"unknown-error","$v":"未知錯誤"},{"$i":"confirm","$v":"確認"},{"$i":"sdcard-detected-title","$v":"已偵測到 SD 卡"},{"$i":"sdcard-total-size-body","$v":["總大小: ",{"t":"idOrVar","v":"size"}," ",{"t":"idOrVar","v":"unit"}]},{"$i":"sdcard-unknown-size-then-tap-to-format-body","$v":"未知大小，點擊此處進行格式化"},{"$i":"sdcard-removed-title","$v":"已移除 SD 卡"},{"$i":"sdcard-removed-ejected-successfully","$v":"已成功退出"},{"$i":"sdcard-removed-not-ejected-properly","$v":"未正確退出"},{"$i":"microphone-is-on","$v":"麥克風已開啟"},{"$i":"camera-is-on","$v":"已開啟相機"},{"$i":"media-is-on","$v":"已開啟相機與麥克風"},{"$i":"noSimCard","$v":"未插入 SIM 卡"},{"$i":"simPin","$v":"SIM PIN"},{"$i":"pukCode","$v":"PUK 碼"},{"$i":"nckCode","$v":"NCK 碼"},{"$i":"cckCode","$v":"CCK 碼"},{"$i":"spckCode","$v":"SPCK 碼"},{"$i":"nck1code","$v":"NCK1 碼"},{"$i":"nck2code","$v":"NCK2 碼"},{"$i":"hnckcode","$v":"HNCK 碼"},{"$i":"rcckcode","$v":"RCCK 碼"},{"$i":"rspckcode","$v":"RSPCK 碼"},{"$i":"whatIsSimPin","$v":"SIM PIN 是什麼?"},{"$i":"simPinIntro1","$v":"SIM PIN 阻止了手機存取行動數據網路。開啟 PIN 時，任何插入了 SIM 卡的裝置將會在重開機時向您詢問 PIN 碼。"},{"$i":"simPinIntro2","$v":"SIM 卡的 PIN 碼與用來解鎖裝置的解鎖碼不同。"},{"$i":"changeSimPin","$v":"修改 PIN 碼"},{"$i":"pinTitle","$v":"輸入 SIM PIN 碼"},{"$i":"multiSIMpinTitle","$v":["輸入 SIM ",{"t":"idOrVar","v":"n"}," 的 PIN 碼"]},{"$i":"pukTitle","$v":"輸入 PUK 碼"},{"$i":"nckTitle","$v":"輸入 NCK 碼"},{"$i":"cckTitle","$v":"輸入 CCK 碼"},{"$i":"spckTitle","$v":"輸入 SPCK 碼"},{"$i":"nck1Title","$v":"輸入 NCK1 碼"},{"$i":"nck2Title","$v":"輸入 NCK2 碼"},{"$i":"hnckTitle","$v":"輸入 HNCK 碼"},{"$i":"rcckTitle","$v":"輸入 RCCK 碼"},{"$i":"rspckTitle","$v":"輸入 RSPCK 碼"},{"$i":"newpinTitle","$v":"設定 PIN 碼"},{"$i":"inputCodeRetriesLeft","$v":{"one":"最後一次機會。","two":["還有 ",{"t":"idOrVar","v":"n"}," 次機會。"],"few":["還有 ",{"t":"idOrVar","v":"n"}," 次機會。"],"many":["還有 ",{"t":"idOrVar","v":"n"}," 次機會。"],"other":["還有 ",{"t":"idOrVar","v":"n"}," 次機會。"]},"$x":[{"t":"idOrVar","v":"plural"},"n"]},{"$i":"pinErrorMsg","$v":"PIN 不正確。"},{"$i":"pinAttemptMsg2","$v":{"one":"這是您最後一次輸入正確 PIN 碼的機會。若您這次輸入的 PIN 碼還是錯誤，您的 SIM 卡將會被鎖定。","two":["您還有 ",{"t":"idOrVar","v":"n"}," 次輸入正確 PIN 碼的機會。若您一直輸入錯誤的 PIN 碼，您的 SIM 卡將會被鎖定。"],"few":["您還有 ",{"t":"idOrVar","v":"n"}," 次輸入正確 PIN 碼的機會。若您一直輸入錯誤的 PIN 碼，您的 SIM 卡將會被鎖定。"],"many":["您還有 ",{"t":"idOrVar","v":"n"}," 次輸入正確 PIN 碼的機會。若您一直輸入錯誤的 PIN 碼，您的 SIM 卡將會被鎖定。"],"other":["您還有 ",{"t":"idOrVar","v":"n"}," 次輸入正確 PIN 碼的機會。若您一直輸入錯誤的 PIN 碼，您的 SIM 卡將會被鎖定。"]},"$x":[{"t":"idOrVar","v":"plural"},"n"]},{"$i":"pinLastChanceMsg","$v":"這是您最後一次能輸入正確 PIN 碼的機會。否則您必須輸入 PUK 碼才能使用此 SIM 卡。"},{"$i":"simCardLockedMsg","$v":"SIM 卡已鎖定。"},{"$i":"enterPukMsg","$v":"您必須輸入 SIM 卡的 PUK 碼。若需更多資訊，請參考您的 SIM 卡文件或洽詢您的電信業者。"},{"$i":"pukErrorMsg","$v":"PUK 碼不正確。"},{"$i":"pukAttemptMsg2","$v":{"one":"您只剩下最後一次輸入正確 PUK 碼的機會，若您這次輸入的 PUK 碼還是錯誤，您的 SIM 卡將會永久無法使用。請參考您的 SIM 卡文件或聯絡您的電信業者以取得更多資訊。","two":["您還有 ",{"t":"idOrVar","v":"n"}," 次機會可以輸入正確的 PUK 解鎖碼，否則此 SIM 卡將永久失效。若需更多資訊，請參考您的 SIM 卡文件或洽詢您的電信業者。"],"few":["您還有 ",{"t":"idOrVar","v":"n"}," 次機會可以輸入正確的 PUK 解鎖碼，否則此 SIM 卡將永久失效。若需更多資訊，請參考您的 SIM 卡文件或洽詢您的電信業者。"],"many":["您還有 ",{"t":"idOrVar","v":"n"}," 次機會可以輸入正確的 PUK 解鎖碼，否則此 SIM 卡將永久失效。若需更多資訊，請參考您的 SIM 卡文件或洽詢您的電信業者。"],"other":["您還有 ",{"t":"idOrVar","v":"n"}," 次機會可以輸入正確的 PUK 解鎖碼，否則此 SIM 卡將永久失效。若需更多資訊，請參考您的 SIM 卡文件或洽詢您的電信業者。"]},"$x":[{"t":"idOrVar","v":"plural"},"n"]},{"$i":"pukLastChanceMsg","$v":"這是您最後一次能輸入正確 PUK 解鎖碼的機會。若您這次還是輸入錯誤，您的 SIM 將會永久失效。若需更多資訊，請參考您的 SIM 卡文件或洽詢您的電信業者。"},{"$i":"newSimPinMsg","$v":"設定 PIN（須包含 4 ~ 8 碼數字）"},{"$i":"confirmNewSimPinMsg","$v":"確認新 PIN 碼"},{"$i":"newPinErrorMsg","$v":"兩次輸入的 PIN 不相同。"},{"$i":"nckErrorMsg","$v":"NCK 碼不正確。"},{"$i":"nckAttemptMsg2","$v":{"one":"請求網路解鎖失敗。您只剩下最後一次機會可以輸入正確的 NCK 碼。請參考您的裝置說明書或聯絡電信商以取得更多資訊。","two":["請求網路解鎖失敗。您還剩下 ",{"t":"idOrVar","v":"n"}," 次機會可以輸入正確的 NCK 碼。請參考您的裝置說明書或聯絡電信商以取得更多資訊。"],"few":["請求網路解鎖失敗。您還剩下 ",{"t":"idOrVar","v":"n"}," 次機會可以輸入正確的 NCK 碼。請參考您的裝置說明書或聯絡電信商以取得更多資訊。"],"many":["請求網路解鎖失敗。您還剩下 ",{"t":"idOrVar","v":"n"}," 次機會可以輸入正確的 NCK 碼。請參考您的裝置說明書或聯絡電信商以取得更多資訊。"],"other":["請求網路解鎖失敗。您還剩下 ",{"t":"idOrVar","v":"n"}," 次機會可以輸入正確的 NCK 碼。請參考您的裝置說明書或聯絡電信商以取得更多資訊。"]},"$x":[{"t":"idOrVar","v":"plural"},"n"]},{"$i":"nckLastChanceMsg","$v":"請求網路解鎖失敗。您還剩下最後一次機會可以輸入正確的 NCK 碼。請參考您的裝置說明書或聯絡電信商以取得更多資訊。"},{"$i":"activity-pick","$v":"自下列項目選擇:"},{"$i":"activity-view","$v":"使用下列項目檢視:"},{"$i":"activity-test","$v":"使用下列項目測試:"},{"$i":"activity-share","$v":"使用下列項目分享:"},{"$i":"activity-new","$v":"使用下列項目建立:"},{"$i":"activity-open","$v":"使用下列項目開啟:"},{"$i":"activity-save-bookmark","$v":"加入書籤到:"},{"$i":"activity-record","$v":"使用下列項目錄製:"},{"$i":"activity-browse","$v":"使用下列項目瀏覽:"},{"$i":"activity-configure","$v":"使用下列項目設定:"},{"$i":"activity-dial","$v":"使用下列項目撥號:"},{"$i":"persona-signin","$v":"登入"},{"$i":"payment-flow","$v":"購買"},{"$i":"remoteDebuggerPromptUSB","$v":"Allow USB debugging connection?"},{"$i":"remoteDebuggerPromptTCP","$v":["Allow remote debugging connection from ",{"t":"idOrVar","v":"host"},":",{"t":"idOrVar","v":"port"},"?"]},{"$i":"devtools-auth-scan2","$v":"Scanning for the QR code displayed on your other device…"},{"$i":"fullscreen-request","$v":[{"t":"idOrVar","v":"origin"}," 已進入全螢幕模式。"]},{"$i":"captive-wifi-available","$v":["找到 ",{"t":"idOrVar","v":"networkName"},"。加入該網路？"]},{"$i":"ceWarningtitle","$v":"音量警告"},{"$i":"ceWarningcontent","$v":"為了避免聽力損傷發生，請不要長時間使用大音量聆聽音樂。"},{"$i":"notification-powersaving-mode-on-title","$v":"省電模式"},{"$i":"notification-powersaving-mode-on-description","$v":"已開啟省電模式。"},{"$i":"low-device-storage","$v":"裝置空間不足。\\n"},{"$i":"free-space","$v":{"zero":"剩餘空間不足。","one":["剩下不到 ",{"t":"idOrVar","v":"value"}," ",{"t":"idOrVar","v":"unit"},"。"],"two":["剩下不到 ",{"t":"idOrVar","v":"value"}," ",{"t":"idOrVar","v":"unit"},"。"],"few":["剩下不到 ",{"t":"idOrVar","v":"value"}," ",{"t":"idOrVar","v":"unit"},"。"],"many":["剩下不到 ",{"t":"idOrVar","v":"value"}," ",{"t":"idOrVar","v":"unit"},"。"],"other":["剩下不到 ",{"t":"idOrVar","v":"value"}," ",{"t":"idOrVar","v":"unit"},"。"]},"$x":[{"t":"idOrVar","v":"plural"},"value"]},{"$i":"unknown-free-space","$v":"剩餘空間未知。"},{"$i":"system-alert","$v":"系統警示"},{"$i":"cb-channel","$v":["頻道 ",{"t":"idOrVar","v":"channel"}]},{"$i":"cb-etws-warningType-earthquake","$v":"地震警報！"},{"$i":"cb-etws-warningType-tsunami","$v":"海嘯警報！"},{"$i":"cb-etws-warningType-earthquake-tsunami","$v":"地震、海嘯警報！"},{"$i":"cb-etws-warningType-test","$v":"正在測試警告系統。"},{"$i":"cb-etws-warningType-other","$v":"緊急警報！"},{"$i":"icc-message-maintitle","$v":"電信業者訊息"},{"$i":"icc-message-subtitle","$v":["SIM ",{"t":"idOrVar","v":"id"}]},{"$i":"icc-confirmCall-defaultmessage","$v":["打給 ",{"t":"idOrVar","v":"number"},"？"]},{"$i":"icc-alertMessage-send-ss","$v":"Send SS"},{"$i":"icc-alertMessage-send-ussd","$v":"Send USSD"},{"$i":"icc-alertMessage-send-sms","$v":"Send SMS"},{"$i":"icc-confirmMessage-defaultmessage","$v":"傳送訊息？"},{"$i":"icc-inputbox-maintitle","$v":"STK 請求"},{"$i":"icc-inputbox-subtitle","$v":["SIM ",{"t":"idOrVar","v":"id"}]},{"$i":"emergency-callback-mode","$v":"緊急通話回電模式"},{"$i":"emergency-callback-message","$v":"您不能在開啟緊急回撥模式時撥打電話、傳送簡訊或連線至網路。您想要關閉嗎？"},{"$i":"cdma-record-info","$v":"CDMA 紀錄資訊"},{"$i":"ime-switching-title","$v":[{"t":"idOrVar","v":"appName"},": ",{"t":"idOrVar","v":"name"}]},{"$i":"ime-switching-tip","$v":"點擊以切換輸入法"},{"$i":"shrinking-tip","$v":"滑動以分享"},{"$i":"download_started","$v":"已開始下載"},{"$i":"download_stopped","$v":"已停止下載"},{"$i":"download_downloading","$v":"下載中…"},{"$i":"download_succeeded","$v":"下載完成"},{"$i":"download_failed","$v":"下載失敗"},{"$i":"download_text_by_default","$v":[{"t":"idOrVar","v":"name"}]},{"$i":"download_downloading_text_2","$v":[{"t":"idOrVar","v":"percentage"},"% - ",{"t":"idOrVar","v":"name"}]},{"$i":"search-the-web","$v":"搜尋 Web"},{"$i":"search-or-enter-address","$v":"搜尋或輸入網址","placeholder":"搜尋或輸入網址"},{"$i":"back-button","ariaLabel":"返回"},{"$i":"forward-button","ariaLabel":"轉接"},{"$i":"reload-button","ariaLabel":"重新載入"},{"$i":"stop-button","ariaLabel":"停止"},{"$i":"windows-button","ariaLabel":"顯示視窗"},{"$i":"noHotspotWhenAPMisOnWifiHotspot","$v":"關閉飛航模式以使用 Wi-Fi 熱點。"},{"$i":"apmActivated","$v":"已啟用飛航模式"},{"$i":"open-in-new-window","$v":"用新視窗開啟"},{"$i":"open-in-new-private-window","$v":"用新隱私視窗開啟"},{"$i":"add-link-to-home-screen","$v":"新增至裝置主畫面"},{"$i":"share-link","$v":"分享鏈結"},{"$i":"save-image","$v":"儲存圖片"},{"$i":"save-video","$v":"儲存影片"},{"$i":"save-audio","$v":"儲存音訊檔案"},{"$i":"save-link","$v":"儲存鏈結檔案"},{"$i":"share-image","$v":"分享圖片"},{"$i":"share-video","$v":"分享影片"},{"$i":"share-audio","$v":"分享音樂"},{"$i":"private-window","$v":"隱私視窗"},{"$i":"private-browser-title","$v":"您正在隱私瀏覽模式當中"},{"$i":"private-window-detail1","$v":"瀏覽器將不會保留任何瀏覽紀錄、Cookie 與暫存的網際網路檔案。"},{"$i":"private-window-detail2","$v":"雖然此裝置不會保留您的瀏覽紀錄，但您的電信業者還是能追蹤您開過哪些網頁。"},{"$i":"okCharsLeft","$v":["確定 (",{"t":"idOrVar","v":"n"},")"]},{"$i":"network-error-in-app","$v":"目前無法連線至網際網路。"},{"$i":"network-error-launching","$v":[{"t":"idOrVar","v":"name"}," 需要網際網路連線。"]},{"$i":"server-not-found","$v":"找不到伺服器"},{"$i":"server-not-found-error","$v":["找不到伺服器 ",{"t":"idOrVar","v":"name"},"。"]},{"$i":"file-not-found","$v":"找不到檔案"},{"$i":"file-not-found-error","$v":"因為找不到檔案，無法顯示此網頁"},{"$i":"connection-failed","$v":"連線失敗"},{"$i":"connection-failed-error","$v":"連線至網站時發生網路錯誤。"},{"$i":"invalid-connection","$v":"連線失敗"},{"$i":"invalid-connection-error","$v":"連線至網站時發生網路錯誤。"},{"$i":"malformed-uri","$v":"網址無效"},{"$i":"malformed-uri-error","$v":"輸入的網址無效，無法載入。"},{"$i":"redirect-loop","$v":"無法顯示頁面"},{"$i":"redirect-loop-error","$v":"因為頁面重導不正常，無法顯示此網頁。請稍後再重開此頁面。"},{"$i":"not-cached","$v":"頁面已過期"},{"$i":"not-cached-error","$v":"因為此網頁已經過期，為了保護您而無法顯示此網頁。"},{"$i":"is-printing-error","$v":"不能修改列印或預覽列印中的文件。"},{"$i":"denied-port-access","$v":"此網址已被限制"},{"$i":"denied-port-access-error","$v":"此網址使用了通常不被用來作為網頁瀏覽的通訊埠，為了保護您已取消此瀏覽請求。"},{"$i":"proxy-resolve-failure","$v":"代理伺服器錯誤"},{"$i":"proxy-resolve-failure-error","$v":"設定了要使用代理伺服器連線，卻找不到該伺服器。"},{"$i":"proxy-connect-failure","$v":"代理伺服器錯誤"},{"$i":"proxy-connect-failure-error","$v":"代理伺服器拒絕連線。"},{"$i":"content-encoding","$v":"無法顯示頁面"},{"$i":"content-encoding-error","$v":"因為內容編碼錯誤，無法顯示此頁面。"},{"$i":"remote-xul","$v":"不支援的頁面"},{"$i":"remote-xul-error","$v":"因為使用了裝置不支援的技術，無法顯示此頁面。"},{"$i":"phishing-blocked","$v":"警告"},{"$i":"phishing-blocked-error","$v":"此網站已被回報為偽造網站，用來欺騙使用者提供個人財務資訊。"},{"$i":"malware-blocked","$v":"已封鎖惡意程式攻擊"},{"$i":"malware-blocked-error","$v":"此網站被回報為惡意攻擊網站，已被封鎖。"},{"$i":"unsafe-content-type","$v":"不安全的內容"},{"$i":"unsafe-content-type-error","$v":"因為內容可能不安全，無法顯示此頁面。"},{"$i":"corrupted-content","$v":"無法顯示頁面"},{"$i":"corrupted-content-error","$v":"因為資料傳輸時偵測到錯誤，無法顯示此頁面。"},{"$i":"try-again","$v":"重試"},{"$i":"check-settings","$v":"檢查設定"},{"$i":"accessibility-enableScreenReaderSteps","$v":"要啟用螢幕閱讀器，請按增加音量，然後按降低音量按鈕三次"},{"$i":"accessibility-disableScreenReaderSteps","$v":"要停用螢幕閱讀器，請按增加音量，然後按降低音量按鈕三次"},{"$i":"accessibility-screenReaderStarted","$v":"已啟動螢幕閱讀器"},{"$i":"accessibility-screenReaderStopped","$v":"已停止螢幕閱讀器"},{"$i":"accessibility-menubar","$v":"選單列"},{"$i":"accessibility-scrollbar","$v":"捲動列"},{"$i":"accessibility-grip","$v":"尺寸調整框"},{"$i":"accessibility-alert","$v":"警告"},{"$i":"accessibility-menupopup","$v":"彈出選單"},{"$i":"accessibility-document","$v":"文件"},{"$i":"accessibility-pane","$v":"窗格"},{"$i":"accessibility-dialog","$v":"對話框"},{"$i":"accessibility-separator","$v":"分隔線"},{"$i":"accessibility-toolbar","$v":"工具列"},{"$i":"accessibility-statusbar","$v":"狀態列"},{"$i":"accessibility-table","$v":"表格"},{"$i":"accessibility-columnheader","$v":"欄標題"},{"$i":"accessibility-rowheader","$v":"行標題"},{"$i":"accessibility-column","$v":"欄"},{"$i":"accessibility-row","$v":"行"},{"$i":"accessibility-cell","$v":"格子"},{"$i":"accessibility-link","$v":"鏈結"},{"$i":"accessibility-list","$v":"清單"},{"$i":"accessibility-listitem","$v":"清單項目"},{"$i":"accessibility-outline","$v":"大綱"},{"$i":"accessibility-outlineitem","$v":"大綱項目"},{"$i":"accessibility-pagetab","$v":"頁面導覽標籤"},{"$i":"accessibility-propertypage","$v":"屬性頁面"},{"$i":"accessibility-graphic","$v":"圖形"},{"$i":"accessibility-pushbutton","$v":"按鈕"},{"$i":"accessibility-checkbutton","$v":"多選按鈕"},{"$i":"accessibility-radiobutton","$v":"單選按鈕"},{"$i":"accessibility-combobox","$v":"下拉選單"},{"$i":"accessibility-progressbar","$v":"進度列"},{"$i":"accessibility-slider","$v":"滾動條"},{"$i":"accessibility-spinbutton","$v":"旋轉按鈕"},{"$i":"accessibility-diagram","$v":"圖表"},{"$i":"accessibility-animation","$v":"動畫"},{"$i":"accessibility-equation","$v":"方程式"},{"$i":"accessibility-buttonmenu","$v":"按鈕選單"},{"$i":"accessibility-whitespace","$v":"空白"},{"$i":"accessibility-pagetablist","$v":"導覽標籤清單"},{"$i":"accessibility-canvas","$v":"畫布"},{"$i":"accessibility-checkmenuitem","$v":"複選清單項目"},{"$i":"accessibility-label","$v":"標籤"},{"$i":"accessibility-passwordtext","$v":"密碼文字"},{"$i":"accessibility-radiomenuitem","$v":"單選清單項目"},{"$i":"accessibility-textcontainer","$v":"文字容器"},{"$i":"accessibility-togglebutton","$v":"開關按鈕"},{"$i":"accessibility-treetable","$v":"樹狀表格"},{"$i":"accessibility-header","$v":"檔頭"},{"$i":"accessibility-footer","$v":"檔尾"},{"$i":"accessibility-paragraph","$v":"段落"},{"$i":"accessibility-entry","$v":"項目"},{"$i":"accessibility-caption","$v":"表格標題"},{"$i":"accessibility-heading","$v":"標題"},{"$i":"accessibility-section","$v":"區段"},{"$i":"accessibility-form","$v":"表單"},{"$i":"accessibility-comboboxlist","$v":"複選下拉清單"},{"$i":"accessibility-comboboxoption","$v":"複選下拉清單項目"},{"$i":"accessibility-imagemap","$v":"影像地圖"},{"$i":"accessibility-listboxoption","$v":"下拉選單項目"},{"$i":"accessibility-listbox","$v":"下拉選單"},{"$i":"accessibility-flatequation","$v":"方程式"},{"$i":"accessibility-gridcell","$v":"網格欄位"},{"$i":"accessibility-note","$v":"注意"},{"$i":"accessibility-figure","$v":"圖片"},{"$i":"accessibility-definitionlist","$v":"定義清單"},{"$i":"accessibility-term","$v":"詞彙"},{"$i":"accessibility-definition","$v":"定義"},{"$i":"accessibility-textarea","$v":"文字區域"},{"$i":"accessibility-textInputType_date","$v":"日期"},{"$i":"accessibility-textInputType_email","$v":"電子郵件"},{"$i":"accessibility-textInputType_search","$v":"搜尋"},{"$i":"accessibility-textInputType_tel","$v":"電話號碼"},{"$i":"accessibility-textInputType_url","$v":"網址"},{"$i":"accessibility-headingLevel","$v":["標題等級 ",{"t":"idOrVar","v":"0"}]},{"$i":"accessibility-listStart","$v":"第一個項目"},{"$i":"accessibility-listEnd","$v":"最後一個項目"},{"$i":"accessibility-listItemsCount","$v":{"zero":[{"t":"idOrVar","v":"count"}," 個項目"],"one":[{"t":"idOrVar","v":"count"}," 個項目"],"two":[{"t":"idOrVar","v":"count"}," 個項目"],"few":[{"t":"idOrVar","v":"count"}," 個項目"],"many":[{"t":"idOrVar","v":"count"}," 個項目"],"other":[{"t":"idOrVar","v":"count"}," 個項目"]},"$x":[{"t":"idOrVar","v":"plural"},"count"]},{"$i":"accessibility-objItemOfN","$v":["第 ",{"t":"idOrVar","v":"0"}," 個，共 ",{"t":"idOrVar","v":"1"}," 個"]},{"$i":"accessibility-banner","$v":"橫幅"},{"$i":"accessibility-complementary","$v":"補充"},{"$i":"accessibility-contentinfo","$v":"內容資訊"},{"$i":"accessibility-main","$v":"主要"},{"$i":"accessibility-navigation","$v":"導覽"},{"$i":"accessibility-search","$v":"搜尋"},{"$i":"accessibility-tblColumnInfo","$v":{"zero":["包含 ",{"t":"idOrVar","v":"count"}," 欄"],"one":["包含 ",{"t":"idOrVar","v":"count"}," 欄"],"two":["包含 ",{"t":"idOrVar","v":"count"}," 欄"],"few":["包含 ",{"t":"idOrVar","v":"count"}," 欄"],"many":["包含 ",{"t":"idOrVar","v":"count"}," 欄"],"other":["包含 ",{"t":"idOrVar","v":"count"}," 欄"]},"$x":[{"t":"idOrVar","v":"plural"},"count"]},{"$i":"accessibility-tblRowInfo","$v":{"zero":["及 ",{"t":"idOrVar","v":"count"}," 列"],"one":["及 ",{"t":"idOrVar","v":"count"}," 列"],"two":["及 ",{"t":"idOrVar","v":"count"}," 列"],"few":["及 ",{"t":"idOrVar","v":"count"}," 列"],"many":["及 ",{"t":"idOrVar","v":"count"}," 列"],"other":["及 ",{"t":"idOrVar","v":"count"}," 列"]},"$x":[{"t":"idOrVar","v":"plural"},"count"]},{"$i":"accessibility-columnInfo","$v":["第 ",{"t":"idOrVar","v":"0"}," 欄"]},{"$i":"accessibility-rowInfo","$v":["第 ",{"t":"idOrVar","v":"0"}," 列"]},{"$i":"accessibility-spansColumns","$v":{"zero":["跨過 ",{"t":"idOrVar","v":"0"}," 欄"],"one":["跨過 ",{"t":"idOrVar","v":"0"}," 欄"],"two":["跨過 ",{"t":"idOrVar","v":"0"}," 欄"],"few":["跨過 ",{"t":"idOrVar","v":"0"}," 欄"],"many":["跨過 ",{"t":"idOrVar","v":"0"}," 欄"],"other":["跨過 ",{"t":"idOrVar","v":"0"}," 欄"]},"$x":[{"t":"idOrVar","v":"plural"},"0"]},{"$i":"accessibility-spansRows","$v":{"zero":["跨過 ",{"t":"idOrVar","v":"0"}," 列"],"one":["跨過 ",{"t":"idOrVar","v":"0"}," 列"],"two":["跨過 ",{"t":"idOrVar","v":"0"}," 列"],"few":["跨過 ",{"t":"idOrVar","v":"0"}," 列"],"many":["跨過 ",{"t":"idOrVar","v":"0"}," 列"],"other":["跨過 ",{"t":"idOrVar","v":"0"}," 列"]},"$x":[{"t":"idOrVar","v":"plural"},"0"]},{"$i":"accessibility-jumpAction","$v":"已開啟鏈結"},{"$i":"accessibility-pressAction","$v":"已點擊"},{"$i":"accessibility-checkAction","$v":"已勾選"},{"$i":"accessibility-uncheckAction","$v":"已取消勾選"},{"$i":"accessibility-selectAction","$v":"已選擇"},{"$i":"accessibility-unselectAction","$v":"未選擇"},{"$i":"accessibility-openAction","$v":"已開啟"},{"$i":"accessibility-closeAction","$v":"已關閉"},{"$i":"accessibility-switchAction","$v":"已切換"},{"$i":"accessibility-clickAction","$v":"已點選"},{"$i":"accessibility-collapseAction","$v":"已摺疊"},{"$i":"accessibility-expandAction","$v":"已展開"},{"$i":"accessibility-activateAction","$v":"已啟用"},{"$i":"accessibility-cycleAction","$v":"已切換"},{"$i":"accessibility-hidden","$v":"已隱藏"},{"$i":"accessibility-tabLoading","$v":"載入中"},{"$i":"accessibility-tabLoaded","$v":"已載入"},{"$i":"accessibility-tabNew","$v":"新分頁"},{"$i":"accessibility-tabLoadStopped","$v":"已停止載入"},{"$i":"accessibility-tabReload","$v":"正在重新載入"},{"$i":"accessibility-stateChecked","$v":"已勾選"},{"$i":"accessibility-stateNotChecked","$v":"未勾選"},{"$i":"accessibility-statePressed","$v":"已點擊"},{"$i":"accessibility-stateExpanded","$v":"已展開"},{"$i":"accessibility-stateCollapsed","$v":"已摺疊"},{"$i":"accessibility-stateUnavailable","$v":"無法使用"},{"$i":"accessibility-stateRequired","$v":"必要的"},{"$i":"accessibility-stateTraversed","$v":"開啟過"},{"$i":"accessibility-stateHasPopup","$v":"已彈出"},{"$i":"accessibility-stateSelected","$v":"已選擇"},{"$i":"accessibility-editingMode","$v":"編輯中"},{"$i":"accessibility-navigationMode","$v":"網頁瀏覽中"},{"$i":"accessibility-quicknav_Simple","$v":"預設"},{"$i":"accessibility-quicknav_Anchor","$v":"錨點"},{"$i":"accessibility-quicknav_Button","$v":"按鈕"},{"$i":"accessibility-quicknav_Combobox","$v":"下拉式選單"},{"$i":"accessibility-quicknav_Landmark","$v":"地標"},{"$i":"accessibility-quicknav_Entry","$v":"項目"},{"$i":"accessibility-quicknav_FormElement","$v":"表單元素"},{"$i":"accessibility-quicknav_Graphic","$v":"圖片"},{"$i":"accessibility-quicknav_Heading","$v":"標題"},{"$i":"accessibility-quicknav_ListItem","$v":"清單項目"},{"$i":"accessibility-quicknav_Link","$v":"鏈結"},{"$i":"accessibility-quicknav_List","$v":"清單"},{"$i":"accessibility-quicknav_PageTab","$v":"分頁標籤"},{"$i":"accessibility-quicknav_RadioButton","$v":"單選按鈕"},{"$i":"accessibility-quicknav_Separator","$v":"分隔器"},{"$i":"accessibility-quicknav_Table","$v":"表格"},{"$i":"accessibility-quicknav_Checkbox","$v":"複選盒"},{"$i":"accessibility-menubarAbbr","$v":"選單列"},{"$i":"accessibility-scrollbarAbbr","$v":"捲動列"},{"$i":"accessibility-gripAbbr","$v":"尺寸調整框"},{"$i":"accessibility-alertAbbr","$v":"警告"},{"$i":"accessibility-menupopupAbbr","$v":"彈出選單"},{"$i":"accessibility-documentAbbr","$v":"文件"},{"$i":"accessibility-paneAbbr","$v":"窗格"},{"$i":"accessibility-dialogAbbr","$v":"對話框"},{"$i":"accessibility-separatorAbbr","$v":"分隔線"},{"$i":"accessibility-toolbarAbbr","$v":"工具列"},{"$i":"accessibility-statusbarAbbr","$v":"狀態列"},{"$i":"accessibility-tableAbbr","$v":"表格"},{"$i":"accessibility-columnheaderAbbr","$v":"欄標題"},{"$i":"accessibility-rowheaderAbbr","$v":"行標題"},{"$i":"accessibility-columnAbbr","$v":"欄"},{"$i":"accessibility-rowAbbr","$v":"行"},{"$i":"accessibility-cellAbbr","$v":"格子"},{"$i":"accessibility-linkAbbr","$v":"鏈結"},{"$i":"accessibility-listAbbr","$v":"清單"},{"$i":"accessibility-listitemAbbr","$v":"清單項目"},{"$i":"accessibility-outlineAbbr","$v":"大綱"},{"$i":"accessibility-outlineitemAbbr","$v":"大綱項目"},{"$i":"accessibility-pagetabAbbr","$v":"頁面導覽標籤"},{"$i":"accessibility-propertypageAbbr","$v":"屬性頁面"},{"$i":"accessibility-graphicAbbr","$v":"圖形"},{"$i":"accessibility-pushbuttonAbbr","$v":"按鈕"},{"$i":"accessibility-checkbuttonAbbr","$v":"多選按鈕"},{"$i":"accessibility-radiobuttonAbbr","$v":"單選按鈕"},{"$i":"accessibility-comboboxAbbr","$v":"下拉選單"},{"$i":"accessibility-progressbarAbbr","$v":"進度列"},{"$i":"accessibility-sliderAbbr","$v":"滾動條"},{"$i":"accessibility-spinbuttonAbbr","$v":"旋轉按鈕"},{"$i":"accessibility-diagramAbbr","$v":"圖表"},{"$i":"accessibility-animationAbbr","$v":"動畫"},{"$i":"accessibility-equationAbbr","$v":"方程式"},{"$i":"accessibility-buttonmenuAbbr","$v":"按鈕選單"},{"$i":"accessibility-whitespaceAbbr","$v":"空白"},{"$i":"accessibility-pagetablistAbbr","$v":"導覽標籤清單"},{"$i":"accessibility-canvasAbbr","$v":"畫布"},{"$i":"accessibility-checkmenuitemAbbr","$v":"複選清單項目"},{"$i":"accessibility-labelAbbr","$v":"標籤"},{"$i":"accessibility-passwordtextAbbr","$v":"密碼欄位"},{"$i":"accessibility-radiomenuitemAbbr","$v":"單選清單項目"},{"$i":"accessibility-textcontainerAbbr","$v":"文字容器"},{"$i":"accessibility-togglebuttonAbbr","$v":"開關按鈕"},{"$i":"accessibility-treetableAbbr","$v":"樹狀表格"},{"$i":"accessibility-headerAbbr","$v":"檔頭"},{"$i":"accessibility-footerAbbr","$v":"檔尾"},{"$i":"accessibility-paragraphAbbr","$v":"段落"},{"$i":"accessibility-entryAbbr","$v":"項目"},{"$i":"accessibility-captionAbbr","$v":"表格標題"},{"$i":"accessibility-headingAbbr","$v":"標題"},{"$i":"accessibility-sectionAbbr","$v":"區段"},{"$i":"accessibility-formAbbr","$v":"表單"},{"$i":"accessibility-comboboxlistAbbr","$v":"複選下拉清單"},{"$i":"accessibility-comboboxoptionAbbr","$v":"複選下拉清單項目"},{"$i":"accessibility-imagemapAbbr","$v":"影像地圖"},{"$i":"accessibility-listboxoptionAbbr","$v":"下拉選單項目"},{"$i":"accessibility-listboxAbbr","$v":"下拉選單"},{"$i":"accessibility-flatequationAbbr","$v":"方程式"},{"$i":"accessibility-gridcellAbbr","$v":"網格欄位"},{"$i":"accessibility-noteAbbr","$v":"注意"},{"$i":"accessibility-figureAbbr","$v":"圖表"},{"$i":"accessibility-definitionlistAbbr","$v":"定義清單"},{"$i":"accessibility-termAbbr","$v":"詞彙"},{"$i":"accessibility-definitionAbbr","$v":"定義"},{"$i":"accessibility-textareaAbbr","$v":"多行文字框"},{"$i":"accessibility-tblColumnInfoAbbr","$v":{"one":[{"t":"idOrVar","v":"count"},"欄"],"two":[{"t":"idOrVar","v":"count"},"欄"],"few":[{"t":"idOrVar","v":"count"},"欄"],"many":[{"t":"idOrVar","v":"count"},"欄"],"other":[{"t":"idOrVar","v":"count"},"欄"]},"$x":[{"t":"idOrVar","v":"plural"},"count"]},{"$i":"accessibility-tblRowInfoAbbr","$v":{"one":[{"t":"idOrVar","v":"count"},"列"],"two":[{"t":"idOrVar","v":"count"},"列"],"few":[{"t":"idOrVar","v":"count"},"列"],"many":[{"t":"idOrVar","v":"count"},"列"],"other":[{"t":"idOrVar","v":"count"},"列"]},"$x":[{"t":"idOrVar","v":"plural"},"count"]},{"$i":"accessibility-cellInfoAbbr","$v":[{"t":"idOrVar","v":"0"},"欄",{"t":"idOrVar","v":"1"},"列"]},{"$i":"accessibility-stateCheckedAbbr","$v":"已選"},{"$i":"accessibility-stateUncheckedAbbr","$v":"未選"},{"$i":"accessibility-statePressedAbbr","$v":"已選"},{"$i":"accessibility-stateUnpressedAbbr","$v":"未選"},{"$i":"accessibility-pushbutton-hint","$v":"Double tap to activate"},{"$i":"accessibility-checkbutton-hint","$v":"Double tap to activate"},{"$i":"accessibility-combobox-hint","$v":"Double tap to activate"},{"$i":"accessibility-key-hint","$v":"Prese and hold to activate"},{"$i":"accessibility-link-hint","$v":"Double tap to activate"},{"$i":"accessibility-menuitem-hint","$v":"Double tap to activate"},{"$i":"accessibility-option-hint","$v":"Double tap to activate"},{"$i":"accessibility-radiobutton-hint","$v":"Double tap to activate"},{"$i":"accessibility-slider-hint","$v":"Swipe up to increase or down to decrease"},{"$i":"accessibility-spinbutton-hint","$v":"Swipe up to increase or down to decrease"},{"$i":"accessibility-pagetab-hint","$v":"Double tap to activate"},{"$i":"accessibility-entry-hint","$v":"Double tap to activate"},{"$i":"accessibility-outlineitem-hint","$v":"Double tap to activate"},{"$i":"weekday-0-long","$v":"星期日"},{"$i":"weekday-1-long","$v":"星期一"},{"$i":"weekday-2-long","$v":"星期二"},{"$i":"weekday-3-long","$v":"星期三"},{"$i":"weekday-4-long","$v":"星期四"},{"$i":"weekday-5-long","$v":"星期五"},{"$i":"weekday-6-long","$v":"星期六"},{"$i":"weekday-0-short","$v":"日"},{"$i":"weekday-1-short","$v":"一"},{"$i":"weekday-2-short","$v":"二"},{"$i":"weekday-3-short","$v":"三"},{"$i":"weekday-4-short","$v":"四"},{"$i":"weekday-5-short","$v":"五"},{"$i":"weekday-6-short","$v":"六"},{"$i":"month-0-long","$v":"一月"},{"$i":"month-1-long","$v":"二月"},{"$i":"month-2-long","$v":"三月"},{"$i":"month-3-long","$v":"四月"},{"$i":"month-4-long","$v":"五月"},{"$i":"month-5-long","$v":"六月"},{"$i":"month-6-long","$v":"七月"},{"$i":"month-7-long","$v":"八月"},{"$i":"month-8-long","$v":"九月"},{"$i":"month-9-long","$v":"十月"},{"$i":"month-10-long","$v":"十一月"},{"$i":"month-11-long","$v":"十二月"},{"$i":"month-0-genitive","$v":"1 月"},{"$i":"month-1-genitive","$v":"2 月"},{"$i":"month-2-genitive","$v":"3 月"},{"$i":"month-3-genitive","$v":"4 月"},{"$i":"month-4-genitive","$v":"5 月"},{"$i":"month-5-genitive","$v":"6 月"},{"$i":"month-6-genitive","$v":"7 月"},{"$i":"month-7-genitive","$v":"8 月"},{"$i":"month-8-genitive","$v":"9 月"},{"$i":"month-9-genitive","$v":"10 月"},{"$i":"month-10-genitive","$v":"11 月"},{"$i":"month-11-genitive","$v":"12 月"},{"$i":"month-0-short","$v":"1 月"},{"$i":"month-1-short","$v":"2 月"},{"$i":"month-2-short","$v":"3 月"},{"$i":"month-3-short","$v":"4 月"},{"$i":"month-4-short","$v":"5 月"},{"$i":"month-5-short","$v":"6 月"},{"$i":"month-6-short","$v":"7 月"},{"$i":"month-7-short","$v":"8 月"},{"$i":"month-8-short","$v":"9 月"},{"$i":"month-9-short","$v":"10 月"},{"$i":"month-10-short","$v":"11 月"},{"$i":"month-11-short","$v":"12 月"},{"$i":"minutes-ago-long","$v":{"zero":"剛剛","one":"1 分鐘前","two":[{"t":"idOrVar","v":"value"}," 分鐘前"],"few":[{"t":"idOrVar","v":"value"}," 分鐘前"],"many":[{"t":"idOrVar","v":"value"}," 分鐘前"],"other":[{"t":"idOrVar","v":"value"}," 分鐘前"]},"$x":[{"t":"idOrVar","v":"plural"},"value"]},{"$i":"hours-ago-long","$v":{"zero":"剛剛","one":"1 小時前","two":[{"t":"idOrVar","v":"value"}," 小時前"],"few":[{"t":"idOrVar","v":"value"}," 小時前"],"many":[{"t":"idOrVar","v":"value"}," 小時前"],"other":[{"t":"idOrVar","v":"value"}," 小時前"]},"$x":[{"t":"idOrVar","v":"plural"},"value"]},{"$i":"days-ago-long","$v":{"zero":"今天","one":"昨天","two":[{"t":"idOrVar","v":"value"}," 天前"],"few":[{"t":"idOrVar","v":"value"}," 天前"],"many":[{"t":"idOrVar","v":"value"}," 天前"],"other":[{"t":"idOrVar","v":"value"}," 天前"]},"$x":[{"t":"idOrVar","v":"plural"},"value"]},{"$i":"weeks-ago-long","$v":{"zero":"本週","one":"上週","two":[{"t":"idOrVar","v":"value"}," 週前"],"few":[{"t":"idOrVar","v":"value"}," 週前"],"many":[{"t":"idOrVar","v":"value"}," 週前"],"other":[{"t":"idOrVar","v":"value"}," 週前"]},"$x":[{"t":"idOrVar","v":"plural"},"value"]},{"$i":"months-ago-long","$v":{"zero":"本月","one":"上月","two":[{"t":"idOrVar","v":"value"}," 月前"],"few":[{"t":"idOrVar","v":"value"}," 月前"],"many":[{"t":"idOrVar","v":"value"}," 月前"],"other":[{"t":"idOrVar","v":"value"}," 月前"]},"$x":[{"t":"idOrVar","v":"plural"},"value"]},{"$i":"years-ago-long","$v":{"zero":"今年","one":"去年","two":[{"t":"idOrVar","v":"value"}," 年前"],"few":[{"t":"idOrVar","v":"value"}," 年前"],"many":[{"t":"idOrVar","v":"value"}," 年前"],"other":[{"t":"idOrVar","v":"value"}," 年前"]},"$x":[{"t":"idOrVar","v":"plural"},"value"]},{"$i":"minutes-until-long","$v":{"zero":"現在","one":"1 分鐘內","two":[{"t":"idOrVar","v":"value"}," 分鐘內"],"few":[{"t":"idOrVar","v":"value"}," 分鐘內"],"many":[{"t":"idOrVar","v":"value"}," 分鐘內"],"other":[{"t":"idOrVar","v":"value"}," 分鐘內"]},"$x":[{"t":"idOrVar","v":"plural"},"value"]},{"$i":"hours-until-long","$v":{"zero":"現在","one":"1 小時內","two":[{"t":"idOrVar","v":"value"}," 小時前"],"few":[{"t":"idOrVar","v":"value"}," 小時前"],"many":[{"t":"idOrVar","v":"value"}," 小時前"],"other":[{"t":"idOrVar","v":"value"}," 小時前"]},"$x":[{"t":"idOrVar","v":"plural"},"value"]},{"$i":"days-until-long","$v":{"zero":"今天","one":"明天","two":[{"t":"idOrVar","v":"value"}," 天內"],"few":[{"t":"idOrVar","v":"value"}," 天內"],"many":[{"t":"idOrVar","v":"value"}," 天內"],"other":[{"t":"idOrVar","v":"value"}," 天內"]},"$x":[{"t":"idOrVar","v":"plural"},"value"]},{"$i":"weeks-until-long","$v":{"zero":"本週","one":"下週","two":[{"t":"idOrVar","v":"value"}," 週內"],"few":[{"t":"idOrVar","v":"value"}," 週內"],"many":[{"t":"idOrVar","v":"value"}," 週內"],"other":[{"t":"idOrVar","v":"value"}," 週內"]},"$x":[{"t":"idOrVar","v":"plural"},"value"]},{"$i":"months-until-long","$v":{"zero":"本月","one":"下月","two":[{"t":"idOrVar","v":"value"}," 月內"],"few":[{"t":"idOrVar","v":"value"}," 月內"],"many":[{"t":"idOrVar","v":"value"}," 月內"],"other":[{"t":"idOrVar","v":"value"}," 月內"]},"$x":[{"t":"idOrVar","v":"plural"},"value"]},{"$i":"years-until-long","$v":{"zero":"今年","one":"明年","two":[{"t":"idOrVar","v":"value"}," 年內"],"few":[{"t":"idOrVar","v":"value"}," 年內"],"many":[{"t":"idOrVar","v":"value"}," 年內"],"other":[{"t":"idOrVar","v":"value"}," 年內"]},"$x":[{"t":"idOrVar","v":"plural"},"value"]},{"$i":"minutes-ago-short","$v":{"zero":"剛剛","other":[{"t":"idOrVar","v":"value"}," 分鐘前"]},"$x":[{"t":"idOrVar","v":"plural"},"value"]},{"$i":"hours-ago-short","$v":{"zero":"剛剛","other":[{"t":"idOrVar","v":"value"}," 小時前"]},"$x":[{"t":"idOrVar","v":"plural"},"value"]},{"$i":"days-ago-short","$v":{"zero":"今天","other":[{"t":"idOrVar","v":"value"}," 天前"]},"$x":[{"t":"idOrVar","v":"plural"},"value"]},{"$i":"minutes-until-short","$v":{"zero":"現在","other":[{"t":"idOrVar","v":"value"}," 分內"]},"$x":[{"t":"idOrVar","v":"plural"},"value"]},{"$i":"hours-until-short","$v":{"zero":"現在","other":[{"t":"idOrVar","v":"value"}," 時內"]},"$x":[{"t":"idOrVar","v":"plural"},"value"]},{"$i":"days-until-short","$v":{"zero":"今天","other":[{"t":"idOrVar","v":"value"}," 天內"]},"$x":[{"t":"idOrVar","v":"plural"},"value"]},{"$i":"incorrectDate","$v":"（日期不正確）"},{"$i":"dateTimeFormat_%c","$v":"%Y年%b%d日 %a %p %I:%M:%S"},{"$i":"dateTimeFormat_%x","$v":"%Y/%m/%d"},{"$i":"dateTimeFormat_%X","$v":"%p %I:%M:%S"},{"$i":"shortTimeFormat","$v":"%p %I:%M"},{"$i":"shortTimeFormat12","$v":"%p %I:%M"},{"$i":"shortTimeFormat24","$v":"%H:%M"},{"$i":"shortDateTimeFormat","$v":"%x %p %I:%M"},{"$i":"weekStartsOnMonday","$v":"1"},{"$i":"firstDayOfTheWeek","$v":"1"},{"$i":"time_am","$v":"上午"},{"$i":"time_pm","$v":"下午"},{"$i":"title-app","$v":"應用程式權限"},{"$i":"title-web","$v":"網站權限"},{"$i":"title-cam","$v":"選擇相機"},{"$i":"perm-alarms","$v":"設定鬧鐘"},{"$i":"perm-audio-capture","$v":"麥克風"},{"$i":"perm-audio-capture-appRequest","$v":["您想要與 ",{"t":"idOrVar","v":"app"}," 分享您的麥克風嗎？"]},{"$i":"perm-audio-capture-webRequest","$v":["您想要與 ",{"t":"idOrVar","v":"site"}," 分享您的麥克風嗎？"]},{"$i":"perm-audio-channel-content","$v":"播放音效"},{"$i":"perm-audio-channel-notification","$v":"播放通知音效"},{"$i":"perm-audio-channel-ringer","$v":"播放鈴聲"},{"$i":"perm-background-sensors","$v":"存取感測器資料"},{"$i":"perm-bluetooth","$v":"藍牙"},{"$i":"perm-browser","$v":"檢測網頁"},{"$i":"perm-camera","$v":"相機"},{"$i":"perm-camera-selector-appRequest","$v":["為 ",{"t":"idOrVar","v":"app"}," 選擇相機。"]},{"$i":"perm-camera-selector-webRequest","$v":["為 ",{"t":"idOrVar","v":"site"}," 選擇相機。"]},{"$i":"perm-cellbroadcast","$v":"區域廣播"},{"$i":"perm-contacts","$v":"聯絡人"},{"$i":"perm-contacts-appRequest","$v":[{"t":"idOrVar","v":"app"}," 想要存取您的聯絡人清單。"]},{"$i":"perm-contacts-webRequest","$v":[{"t":"idOrVar","v":"site"}," 想要存取您的聯絡人清單。"]},{"$i":"perm-desktop-notification","$v":"通知"},{"$i":"perm-desktop-notification-appRequest","$v":[{"t":"idOrVar","v":"app"}," 想要顯示通知。"]},{"$i":"perm-desktop-notification-webRequest","$v":[{"t":"idOrVar","v":"site"}," 想要顯示通知。"]},{"$i":"perm-device-storage-apps","$v":"應用程式儲存空間"},{"$i":"perm-device-storage-music","$v":"音樂儲存空間"},{"$i":"perm-device-storage-music-appRequest","$v":[{"t":"idOrVar","v":"app"}," 想要存取您的音樂。"]},{"$i":"perm-device-storage-music-webRequest","$v":[{"t":"idOrVar","v":"site"}," 想要存取您的音樂。"]},{"$i":"perm-device-storage-pictures","$v":"圖片儲存空間"},{"$i":"perm-device-storage-pictures-appRequest","$v":[{"t":"idOrVar","v":"app"}," 想要存取您的圖片。"]},{"$i":"perm-device-storage-pictures-webRequest","$v":[{"t":"idOrVar","v":"site"}," 想要存取您的圖片。"]},{"$i":"perm-device-storage-sdcard","$v":"記憶卡儲存空間"},{"$i":"perm-device-storage-sdcard-appRequest","$v":[{"t":"idOrVar","v":"app"}," 想要存取您的記憶卡。"]},{"$i":"perm-device-storage-sdcard-webRequest","$v":[{"t":"idOrVar","v":"site"}," 想要存取您的記憶卡。"]},{"$i":"perm-device-storage-videos","$v":"影片儲存空間"},{"$i":"perm-device-storage-videos-appRequest","$v":[{"t":"idOrVar","v":"app"}," 想要存取您的影片庫。"]},{"$i":"perm-device-storage-videos-webRequest","$v":[{"t":"idOrVar","v":"site"}," 想要存取您的影片庫。"]},{"$i":"perm-embed-apps","$v":"內嵌應用程式"},{"$i":"perm-fmradio","$v":"FM 收音機"},{"$i":"perm-fmradio-appRequest","$v":[{"t":"idOrVar","v":"app"}," 想要使用 FM 收音機。"]},{"$i":"perm-fmradio-webRequest","$v":[{"t":"idOrVar","v":"site"}," 想要使用 FM 收音機。"]},{"$i":"perm-geolocation","$v":"地理資訊"},{"$i":"perm-geolocation-appRequest","$v":[{"t":"idOrVar","v":"app"}," 想要知道您所在的地理位置。"]},{"$i":"perm-geolocation-more-info","$v":[{"t":"idOrVar","v":"brandShortName"}," 將會使用諸如 GPS、Wi-Fi、與您附近的數據網路基地台等資料來幫助判斷您的大略位置。這些資料將會傳送到 Mozilla 與其他的服務提供者，並結合起來改善位置資料庫的準確度。這些資料可能也會儲存在您的裝置上；就算沒有執行程式時也可能會收集這些資料。"]},{"$i":"perm-geolocation-webRequest","$v":[{"t":"idOrVar","v":"site"}," 想要知道您所在的地理位置。"]},{"$i":"perm-idle","$v":"檢視閒置狀態"},{"$i":"perm-indexedDB-chrome-settings","$v":"有權限的 IndexedDB"},{"$i":"perm-indexedDB-unlimited","$v":"無限 IndexedDB 儲存空間"},{"$i":"perm-input-manage","$v":"管理鍵盤"},{"$i":"perm-input","$v":"輸入文字"},{"$i":"perm-media-capture","$v":"相機與麥克風"},{"$i":"perm-media-capture-appRequest","$v":["您想要與 ",{"t":"idOrVar","v":"app"}," 分享您的相機與麥克風嗎？"]},{"$i":"perm-media-capture-webRequest","$v":["您想要與 ",{"t":"idOrVar","v":"site"}," 分享您的相機與麥克風嗎？"]},{"$i":"perm-mobileconnection","$v":"行動連線"},{"$i":"perm-mobileid","$v":"行動識別"},{"$i":"perm-network-events","$v":"網路事件"},{"$i":"perm-open-remote-window","$v":"啟動程式"},{"$i":"perm-permissions","$v":"修改應用程式權限"},{"$i":"perm-power","$v":"電源設定"},{"$i":"perm-settings","$v":"修改設定"},{"$i":"perm-systemXHR","$v":"跨來源請求"},{"$i":"perm-telephony","$v":"通話"},{"$i":"perm-video-capture","$v":"相機"},{"$i":"perm-video-capture-appRequest","$v":["您想要與 ",{"t":"idOrVar","v":"app"}," 分享您的相機嗎？"]},{"$i":"perm-video-capture-webRequest","$v":["您想要與 ",{"t":"idOrVar","v":"site"}," 分享您的相機嗎？"]},{"$i":"perm-voicemail","$v":"控制語音信箱"},{"$i":"perm-webapps-manage","$v":"安裝 Webapp"},{"$i":"perm-wifi-manage","$v":"管理 Wi-Fi"},{"$i":"perm-attention","$v":"覆疊視窗"},{"$i":"perm-audio-channel-alarm","$v":"播放警示音效"},{"$i":"perm-audio-channel-normal","$v":"播放音效"},{"$i":"perm-audio-channel-publicnotification","$v":"播放公開通知音效"},{"$i":"perm-audio-channel-telephony","$v":"播放通話語音"},{"$i":"perm-backgroundservice","$v":"成為背景服務"},{"$i":"perm-device-storage-crashes","$v":"儲存錯誤資料"},{"$i":"perm-downloads","$v":"存取下載項目"},{"$i":"perm-embed-widgets","$v":"嵌入小工具"},{"$i":"perm-feature-detection","$v":"功能偵測"},{"$i":"perm-firefox-accounts","$v":"Firefox 帳號"},{"$i":"perm-mobilenetwork","$v":"行動網路"},{"$i":"perm-moz-attention","$v":"覆疊視窗 (moz)"},{"$i":"perm-moz-audio-channel-ringer","$v":"播放鈴聲 (moz)"},{"$i":"perm-moz-audio-channel-telephony","$v":"播放通話語音 (moz)"},{"$i":"perm-moz-firefox-accounts","$v":"Firefox 帳號 (moz)"},{"$i":"perm-networkstats-manage","$v":"控制使用量統計資料"},{"$i":"perm-nfc","$v":"NFC"},{"$i":"perm-nfc-hci-events","$v":"NFC HCI 事件"},{"$i":"perm-nfc-manager","$v":"管理 NFC"},{"$i":"perm-phonenumberservice","$v":"電話號碼服務"},{"$i":"perm-push","$v":"推送 API"},{"$i":"perm-resourcestats-manage","$v":"資源統計"},{"$i":"perm-sms","$v":"收發簡訊"},{"$i":"perm-speaker-control","$v":"控制音量"},{"$i":"perm-storage","$v":"存取儲存空間"},{"$i":"perm-tcp-socket","$v":"TCP Sockets"},{"$i":"perm-test-permission","$v":"測試用權限"},{"$i":"perm-time","$v":"設定日期與時間"},{"$i":"perm-udp-socket","$v":"UDP Sockets"},{"$i":"perm-wappush","$v":"WAP 推播"},{"$i":"stopped_download_title","$v":"已停止下載"},{"$i":"stopped_download_message","$v":"已經停止下載，要再試著下載一次嗎？"},{"$i":"stopped_download_left_button","$v":"取消"},{"$i":"stopped_download_right_button","$v":"重試"},{"$i":"failed_download_title","$v":"下載失敗"},{"$i":"failed_download_message","$v":[{"t":"idOrVar","v":"name"}," 下載失敗，要再試著下載一次嗎？"]},{"$i":"failed_download_left_button","$v":"取消"},{"$i":"failed_download_right_button","$v":"重試"},{"$i":"stop_download_title","$v":"停止下載"},{"$i":"stop_download_message","$v":"確定要停止下載嗎？"},{"$i":"stop_download_left_button","$v":"否"},{"$i":"stop_download_right_button","$v":"是"},{"$i":"delete_download_title","$v":"刪除"},{"$i":"delete_download_message","$v":["刪除 ",{"t":"idOrVar","v":"name"},"？"]},{"$i":"delete_download_left_button","$v":"取消"},{"$i":"delete_download_right_button","$v":"刪除"},{"$i":"delete_all_download_title","$v":"刪除"},{"$i":"delete_all_download_left_button","$v":"取消"},{"$i":"delete_all_download_right_button","$v":"刪除"},{"$i":"delete_all_download_message","$v":{"zero":"不刪除檔案？","one":"刪除 1 個檔案？","two":["刪除 ",{"t":"idOrVar","v":"number"}," 個檔案？"],"few":["刪除 ",{"t":"idOrVar","v":"number"}," 個檔案？"],"many":["刪除 ",{"t":"idOrVar","v":"number"}," 個檔案？"],"other":["刪除 ",{"t":"idOrVar","v":"number"}," 個檔案？"]},"$x":[{"t":"idOrVar","v":"plural"},"number"]},{"$i":"unsupported_file_type_download_title","$v":"無法開啟"},{"$i":"unsupported_file_type_download_message","$v":["沒有應用程式可開啟 ",{"t":"idOrVar","v":"name"},"。您想要儲存或刪除該檔案？"]},{"$i":"unsupported_file_type_download_left_button","$v":"保留檔案"},{"$i":"unsupported_file_type_download_right_button","$v":"刪除"},{"$i":"file_not_found_download_title","$v":"找不到檔案"},{"$i":"file_not_found_download_message","$v":"無法在裝置中找到該檔案"},{"$i":"file_not_found_download_right_button","$v":"確定"},{"$i":"unmounted_sdcard_2_download_title","$v":"記憶卡現正使用中"},{"$i":"unmounted_sdcard_2_download_message","$v":"拔除傳輸線"},{"$i":"unmounted_sdcard_2_download_right_button","$v":"確定"},{"$i":"no_provider_download_title","$v":"無法分享"},{"$i":"no_provider_download_message","$v":"找不到提供者"},{"$i":"no_provider_download_right_button","$v":"確定"},{"$i":"no_memory_download_title","$v":"SD 卡已滿"},{"$i":"no_memory_download_message","$v":"您的 SD 卡上已經沒有剩餘空間可以儲存下載檔案，請先移除一些檔案再重新下載。"},{"$i":"no_memory_download_right_button","$v":"確定"},{"$i":"no_sdcard_found_2_download_title","$v":"找不到記憶卡"},{"$i":"no_sdcard_found_2_download_message","$v":"插入記憶卡或在設定中選擇不同的預設媒體儲存位置"},{"$i":"no_sdcard_found_2_download_right_button","$v":"確定"},{"$i":"file_open_error_download_title","$v":"無法開啟"},{"$i":"file_open_error_download_message","$v":["開啟 ",{"t":"idOrVar","v":"name"}," 時發生問題。您想要儲存或刪除該檔案？"]},{"$i":"file_open_error_download_left_button","$v":"保留檔案"},{"$i":"file_open_error_download_right_button","$v":"刪除"},{"$i":"restart_download_error","$v":"重新開始下載時發生錯誤，請再次下載。"},{"$i":"no-downloads","$v":"沒有任何下載檔案"},{"$i":"percentage","$v":[{"t":"idOrVar","v":"percentage"}," %"]},{"$i":"partialResult","$v":["已下載 ",{"t":"idOrVar","v":"partial"},"，共 ",{"t":"idOrVar","v":"total"}]},{"$i":"summary","$v":[{"t":"idOrVar","v":"date"}," - ",{"t":"idOrVar","v":"status"}]},{"$i":"download-stopped","$v":"停止"},{"$i":"download-failed","$v":"下載失敗"},{"$i":"open_downloaded_file","$v":"開啟"},{"$i":"share_downloaded_file","$v":"分享"},{"$i":"wallpaper_downloaded_file","$v":"設為桌面背景"},{"$i":"ringtone_downloaded_file","$v":"設為鈴聲"},{"$i":"cancel_downloaded_file","$v":"取消"},{"$i":"voicemailNoNumberTitle","$v":"無法使用語音信箱號碼"},{"$i":"voicemailNoNumberText","$v":"無法撥號至語音信箱，請先設定語音信箱號碼再撥。"},{"$i":"voicemailNoNumberSettings","$v":"設定"},{"$i":"voicemailNoNumberCancel","$v":"取消"},{"$i":"airplaneMode","$v":"飛航模式"},{"$i":"searching","$v":"搜尋中…"},{"$i":"noNetwork","$v":"無網路"},{"$i":"roaming","$v":[{"t":"idOrVar","v":"operator"},"（漫遊中）"]},{"$i":"operator-info","$v":[{"t":"idOrVar","v":"carrier"}," ",{"t":"idOrVar","v":"region"}]},{"$i":"emergencyCallsOnly-unknownSIMState","$v":"（SIM 卡狀態未知）"},{"$i":"emergencyCallsOnly-noSIM","$v":"（無 SIM 卡）"},{"$i":"emergencyCallsOnly-pinRequired","$v":"（需要輸入 SIM PIN）"},{"$i":"emergencyCallsOnly-pukRequired","$v":"（需要輸入 SIM PUK）"},{"$i":"emergencyCallsOnly-networkLocked","$v":"（網路已鎖定）"},{"$i":"emergencyCallsOnly-serviceProviderLocked","$v":"（電信業者已鎖定）"},{"$i":"emergencyCallsOnly-corporateLocked","$v":"（公司已鎖定）"},{"$i":"emergencyCallsOnly-network1Locked","$v":"（網路 1 已鎖定）"},{"$i":"emergencyCallsOnly-network2Locked","$v":"（網路 2 已鎖定）"},{"$i":"emergencyCallsOnly-hrpdNetworkLocked","$v":"（hrpd 網路鎖定）"},{"$i":"emergencyCallsOnly-ruimCorporateLocked","$v":"（ruim 公司鎖定）"},{"$i":"emergencyCallsOnly-ruimServiceProviderLocked","$v":"（ruim 電信業者鎖定）"},{"$i":"lockscreen-sim-id","$v":["SIM ",{"t":"idOrVar","v":"n"}]},{"$i":"charging-status-no-time","$v":["已充電 ",{"t":"idOrVar","v":"level"},"%"]},{"$i":"charging-status-minutes","$v":{"zero":["已充電 ",{"t":"idOrVar","v":"level"},"%（剩下 ",{"t":"idOrVar","v":"minutes"}," 分）"],"one":["已充電 ",{"t":"idOrVar","v":"level"},"%（剩下 ",{"t":"idOrVar","v":"minutes"}," 分）"],"two":["已充電 ",{"t":"idOrVar","v":"level"},"%（剩下 ",{"t":"idOrVar","v":"minutes"}," 分）"],"few":["已充電 ",{"t":"idOrVar","v":"level"},"%（剩下 ",{"t":"idOrVar","v":"minutes"}," 分）"],"many":["已充電 ",{"t":"idOrVar","v":"level"},"%（剩下 ",{"t":"idOrVar","v":"minutes"}," 分）"],"other":["已充電 ",{"t":"idOrVar","v":"level"},"%（剩下 ",{"t":"idOrVar","v":"minutes"}," 分）"]},"$x":[{"t":"idOrVar","v":"plural"},"minutes"]},{"$i":"charging-status-hours","$v":{"zero":["已充電 ",{"t":"idOrVar","v":"level"},"%（剩下 ",{"t":"idOrVar","v":"hours"}," 時 ",{"t":"idOrVar","v":"minutes"}," 分）"],"one":["已充電 ",{"t":"idOrVar","v":"level"},"%（剩下 ",{"t":"idOrVar","v":"hours"}," 時 ",{"t":"idOrVar","v":"minutes"}," 分）"],"two":["已充電 ",{"t":"idOrVar","v":"level"},"%（剩下 ",{"t":"idOrVar","v":"hours"}," 時 ",{"t":"idOrVar","v":"minutes"}," 分）"],"few":["已充電 ",{"t":"idOrVar","v":"level"},"%（剩下 ",{"t":"idOrVar","v":"hours"}," 時 ",{"t":"idOrVar","v":"minutes"}," 分）"],"many":["已充電 ",{"t":"idOrVar","v":"level"},"%（剩下 ",{"t":"idOrVar","v":"hours"}," 時 ",{"t":"idOrVar","v":"minutes"}," 分）"],"other":["已充電 ",{"t":"idOrVar","v":"level"},"%（剩下 ",{"t":"idOrVar","v":"hours"}," 時 ",{"t":"idOrVar","v":"minutes"}," 分）"]},"$x":[{"t":"idOrVar","v":"plural"},"minutes"]},{"$i":"gaia-menu-cancel","$v":"取消"}]