[{"$i":"bluetooth-header","$v":[{"t":"idOrVar","v":"bluetooth"}]},{"$i":"bluetooth-enable-msg","$v":"আশেপাশের ডিভাইসগুলো দেখার জন্য ব্লুটুথ চালু করুন।"},{"$i":"bluetooth-paired-devices","$v":"জুটিবদ্ধ ডিভাইস"},{"$i":"bluetooth-devices-in-area","$v":"আসপাশে যেসব ডিভাইস আছে"},{"$i":"bluetooth-visible-to-all","$v":"সবার কাছে দৃশ্যমান"},{"$i":"bluetooth-name-maxlength-alert","$v":["Your device name exceeds ",{"t":"idOrVar","v":"length"}," characters. Please retry again."]},{"$i":"bluetooth-address","$v":"ব্লুটুথ ঠিকানা"},{"$i":"bluetooth-address-unavailable","$v":"বিদ্যমান নেই"},{"$i":"bt-status-nopaired","$v":"No devices paired"},{"$i":"bt-status-turnoff","$v":"Turned off"},{"$i":"bt-status-paired","$v":{"zero":[{"t":"idOrVar","v":"name"}],"one":[{"t":"idOrVar","v":"name"},", +",{"t":"idOrVar","v":"n"}," more"],"two":[{"t":"idOrVar","v":"name"},", +",{"t":"idOrVar","v":"n"}," more"],"few":[{"t":"idOrVar","v":"name"},", +",{"t":"idOrVar","v":"n"}," more"],"many":[{"t":"idOrVar","v":"name"},", +",{"t":"idOrVar","v":"n"}," more"],"other":[{"t":"idOrVar","v":"name"},", +",{"t":"idOrVar","v":"n"}," more"]},"$x":[{"t":"idOrVar","v":"plural"},"n"]},{"$i":"device-status-tap-connect","$v":"সংযুক্ত করতে ট্যাপ করুন"},{"$i":"device-status-pairing","$v":"ডিভাইসের সাথে জুটিবদ্ধ হচ্ছে…"},{"$i":"device-status-waiting","$v":"অপর ডিভাইসের জন্য অপেক্ষমান…"},{"$i":"device-status-paired","$v":"জুটিবদ্ধ"},{"$i":"device-status-connecting","$v":"সংযুক্ত হচ্ছে…"},{"$i":"device-status-connected","$v":"সংযুক্ত হয়েছে"},{"$i":"device-status-connected-phone","$v":"Connected to phone audio"},{"$i":"device-status-connected-media","$v":"Connected to media audio"},{"$i":"device-status-connected-phone-media","$v":"Connected to phone/media audio"},{"$i":"device-option-unpair","$v":"Unpair"},{"$i":"device-option-confirm","$v":"Confirm"},{"$i":"device-option-unpair-confirmation","$v":"Confirmation"},{"$i":"device-option-unpair-device","$v":"Unpair device?"},{"$i":"device-option-connect","$v":"Connect"},{"$i":"device-option-disconnect","$v":"Disconnect"},{"$i":"search-for-device","$v":"ডিভাইসের জন্য অনুসন্ধান করা হচ্ছে..."},{"$i":"search-device","$v":"ডিভাইস অনুসন্ধান করুন"},{"$i":"rename-device","$v":"Rename my device"},{"$i":"unnamed-device","$v":"অজানা ডিভাইস"},{"$i":"change-phone-name","$v":"Change phone name"},{"$i":"change-phone-name-desc","$v":"Change the name of your device as it appears in your computer"},{"$i":"bluetooth-new-name","$v":"New name"},{"$i":"error-pair-title","$v":"ডিভাইস জুটিবদ্ধ করা সম্ভব নয়"},{"$i":"error-pair-pincode","$v":"এই ডিভাইসের সাথে জুটিবদ্ধ হওয়া সম্ভব নয়। PIN সঠিক কিনা পরীক্ষা করুন।"},{"$i":"error-pair-toofast","$v":"এই ডিভাইসের সাথে জুটিবদ্ধ হওয়া সম্ভব নয়। মাত্রাতিরিক্ত অনুরোধ রয়েছে।"},{"$i":"error-connect-title","$v":"Unable to connect devices"},{"$i":"error-connect-msg","$v":"Check that the device you’re trying to connect with is still in range and has Bluetooth turned on."},{"$i":"unpair-title","$v":"Unpair a connected device?"},{"$i":"unpair-msg","$v":"You are currently connected to this device. Unpairing will also disconnect from it."},{"$i":"bluetooth","$v":"ব্লুটুথ"},{"$i":"confirmation","$v":"Confirmation"},{"$i":"bluetooth-status-description","$v":"ব্লুটুথ নিষ্ক্রিয় করা হয়েছে"},{"$i":"turn-bluetooth-on","$v":"আপনি কি ব্লুটুথ চালু করতে চান?"},{"$i":"cancel","$v":"বাতিল"},{"$i":"turn-on","$v":"চালু করুন"},{"$i":"error-transfer-title","$v":"ব্লটুথ ফাইল স্থানান্তর ব্যর্থ হয়েছে"},{"$i":"error-transfer-settings","$v":"ব্লটুথ ফাইল স্থানান্তর ব্যর্থ হয়েছে। ব্লুটুথ সেটিং ঠিক আছে কিনা দেখুন।"},{"$i":"ok","$v":"ঠিক আছে"},{"$i":"pair","$v":"জুটিবদ্ধ"},{"$i":"active-pair","$v":"ডিভাইস জুটিবদ্ধ করা হবে কিনা তা নিশ্চিত করুন"},{"$i":"active-pair-confirmation","$v":[{"t":"idOrVar","v":"device"}," এর সাথে জুটিবদ্ধ হওয়ার জন্য, নিশ্চিত করুন যে উভয় ডিভাইসে নিচের পিন প্রদর্শন করছে:"]},{"$i":"active-pair-pincode","$v":[{"t":"idOrVar","v":"device"}," এর সাথে জুটিবদ্ধ হতে, ডিভাইসটিতে পিনটি প্রবেশ করান।"]},{"$i":"active-pair-passkey","$v":[{"t":"idOrVar","v":"device"}," এর সাথে জুটিবদ্ধ হতে, ডিভাইসটিতে পাসকী টি প্রবেশ করান।"]},{"$i":"passive-pair","$v":"ব্লুটুথের পেয়ার অনুরোধ"},{"$i":"passive-pair-confirmation","$v":[{"t":"idOrVar","v":"device"}," এই ফোনের সাথে জুটিবদ্ধ হতে চাচ্ছে। গ্রহণ করতে, নিশ্চিত করুন যে উভয় ডিভাইসে নিচের এই পিন প্রদর্শন করছে:"]},{"$i":"passive-pair-pincode","$v":[{"t":"idOrVar","v":"device"}," এই ফোনের সাথে জুটিবদ্ধ হতে চাচ্ছে। গ্রহণ করতে, ডিভাইসে পিনটি প্রবেশ করান:"]},{"$i":"passive-pair-passkey","$v":[{"t":"idOrVar","v":"device"}," এই ফোনের সাথে জুটিবদ্ধ হতে চাচ্ছে। গ্রহণ করতে, ডিভাইসে পাসকী টি প্রবেশ করান:"]},{"$i":"pair-view-title","$v":"যেখান থেকে ব্লুটুথ অনুরোধ এসেছে"},{"$i":"bluetooth-pairing-request-now-title","$v":"ব্লুটুথ জুটিবদ্ধের অনুরোধ"},{"$i":"pairing-request-timeout-title","$v":"ব্লুটুথ জুটিবদ্ধের অনুরোধ"},{"$i":"pairing-request-timeout-description","$v":"ব্লুটুথ জুটিবদ্ধ রিকোয়েস্ট অতিক্রান্ত। আবার জুটিবদ্ধ হবার চেষ্টা করুন।"}]