[{"$i":"bluetooth-header","$v":[{"t":"idOrVar","v":"bluetooth"}]},{"$i":"bluetooth-enable-msg","$v":"Aktiver Bluetooth for at se enheder i nærheden."},{"$i":"bluetooth-paired-devices","$v":"Parrede enheder"},{"$i":"bluetooth-devices-in-area","$v":"Enheder i området"},{"$i":"bluetooth-visible-to-all","$v":"Synlig for alle"},{"$i":"bluetooth-name-maxlength-alert","$v":["Din enheds navn indeholder flere end ",{"t":"idOrVar","v":"length"}," tegn. Prøv igen."]},{"$i":"bluetooth-address","$v":"Bluetooth-adresse"},{"$i":"bluetooth-address-unavailable","$v":"Ikke tilgængelig"},{"$i":"bt-status-nopaired","$v":"Ingen enheder parret"},{"$i":"bt-status-turnoff","$v":"Deaktiveret"},{"$i":"bt-status-paired","$v":{"zero":[{"t":"idOrVar","v":"name"}],"one":[{"t":"idOrVar","v":"name"},", +",{"t":"idOrVar","v":"n"}," mere"],"two":[{"t":"idOrVar","v":"name"},", +",{"t":"idOrVar","v":"n"}," mere"],"few":[{"t":"idOrVar","v":"name"},", +",{"t":"idOrVar","v":"n"}," mere"],"many":[{"t":"idOrVar","v":"name"},", +",{"t":"idOrVar","v":"n"}," mere"],"other":[{"t":"idOrVar","v":"name"},", +",{"t":"idOrVar","v":"n"}," mere"]},"$x":[{"t":"idOrVar","v":"plural"},"n"]},{"$i":"device-status-tap-connect","$v":"Tryk for at forbinde"},{"$i":"device-status-pairing","$v":"Parrer med enhed…"},{"$i":"device-status-waiting","$v":"Venter på den anden enhed…"},{"$i":"device-status-paired","$v":"Parret"},{"$i":"device-status-connecting","$v":"Forbinder…"},{"$i":"device-status-connected","$v":"Forbundet"},{"$i":"device-status-connected-phone","$v":"Forbundet til telefonens lyd"},{"$i":"device-status-connected-media","$v":"Forbundet til medielyd"},{"$i":"device-status-connected-phone-media","$v":"Forbundet til telefon-/medielyd"},{"$i":"device-option-unpair","$v":"Afbryd parring"},{"$i":"device-option-confirm","$v":"Bekræft"},{"$i":"device-option-unpair-confirmation","$v":"Bekræftelse"},{"$i":"device-option-unpair-device","$v":"Afbryd parring?"},{"$i":"device-option-connect","$v":"Forbind"},{"$i":"device-option-disconnect","$v":"Afbryd"},{"$i":"search-for-device","$v":"Søger efter enheder…"},{"$i":"search-device","$v":"Søg efter enheder"},{"$i":"rename-device","$v":"Omdøb min enhed"},{"$i":"unnamed-device","$v":"Ukendt enhed"},{"$i":"change-phone-name","$v":"Skift telefonnavn"},{"$i":"change-phone-name-desc","$v":"Skift navnet, som din enhed vises med på din computer"},{"$i":"bluetooth-new-name","$v":"Nyt navn"},{"$i":"error-pair-title","$v":"Kunne ikke parre enheder"},{"$i":"error-pair-pincode","$v":"Kunne ikke parre med enheden. Kontroller at pinkoden er korrekt."},{"$i":"error-pair-toofast","$v":"Kunne ikke parre med enheden. For mange forespørgsler."},{"$i":"error-connect-title","$v":"Kunne ikke parre med enheden"},{"$i":"error-connect-msg","$v":"Kontroller at enheden, du vil parre med, stadig er inden for rækkevidde, og at Bluetooth er aktiveret."},{"$i":"unpair-title","$v":"Afbryd parring af en forbundet enhed?"},{"$i":"unpair-msg","$v":"Du er i øjeblikket forbundet med denne enhed. Hvis du afbryder parring, vil du miste forbindelsen."},{"$i":"bluetooth","$v":"Bluetooth"},{"$i":"confirmation","$v":"Bekræft"},{"$i":"bluetooth-status-description","$v":"Bluetooth er deaktiveret"},{"$i":"turn-bluetooth-on","$v":"Vil du aktivere Bluetooth?"},{"$i":"cancel","$v":"Annuller"},{"$i":"turn-on","$v":"Aktiver"},{"$i":"error-transfer-title","$v":"Filoverførsel via Bluetooth mislykkedes"},{"$i":"error-transfer-settings","$v":"Filoverførsel via Bluetooth mislykkedes. Kontroller dine indstillinger for Bluetooth."},{"$i":"ok","$v":"OK"},{"$i":"pair","$v":"Par"},{"$i":"active-pair","$v":"Bekræft enheder der skal parres"},{"$i":"active-pair-confirmation","$v":["Parring med ",{"t":"idOrVar","v":"device"},". Sørg for at begge enheder viser den samme pinkode:"]},{"$i":"active-pair-pincode","$v":["Parring med ",{"t":"idOrVar","v":"device"},". Indtast pinkode på enheden."]},{"$i":"active-pair-passkey","$v":["Parring med ",{"t":"idOrVar","v":"device"},". Indtast adgangskode på enheden."]},{"$i":"passive-pair","$v":"Forespørgsel på Bluetooth-parring"},{"$i":"passive-pair-confirmation","$v":[{"t":"idOrVar","v":"device"}," vil gerne parres med denne enhed. Hvis du vil acceptere, så sørg for at begge enheder viser den samme pinkode:"]},{"$i":"passive-pair-pincode","$v":[{"t":"idOrVar","v":"device"}," vil gerne parres med denne enhed. Hvis du vil acceptere, så indtast pinkoden på enheden."]},{"$i":"passive-pair-passkey","$v":[{"t":"idOrVar","v":"device"}," vil gerne parres med denne enhed. Hvis du vil acceptere, så indtast adgangskoden på enheden."]},{"$i":"pair-view-title","$v":"Bluetooth-forespørgsel fra"},{"$i":"bluetooth-pairing-request-now-title","$v":"Forespørgsel på Bluetooth-parring"},{"$i":"pairing-request-timeout-title","$v":"Forespørgsel på Bluetooth-parring"},{"$i":"pairing-request-timeout-description","$v":"Forespørgsel på Bluetooth-parring er udløbet. Prøv at parre igen."}]