[{"$i":"bluetooth-header","$v":[{"t":"idOrVar","v":"bluetooth"}]},{"$i":"bluetooth-enable-msg","$v":"Ενεργοποιήστε το Bluetooth για να δείτε τις συσκευές γύρω σας."},{"$i":"bluetooth-paired-devices","$v":"Συζευγμένες συσκευές"},{"$i":"bluetooth-devices-in-area","$v":"Συσκευές στη περιοχή"},{"$i":"bluetooth-visible-to-all","$v":"Ορατό σε όλους"},{"$i":"bluetooth-name-maxlength-alert","$v":["Το όνομα της συσκευής σας ξεπερνά τους ",{"t":"idOrVar","v":"length"}," χαρακτήρες. Παρακαλούμε προσπαθήστε ξανά."]},{"$i":"bluetooth-address","$v":"Διεύθυνση Bluetooth"},{"$i":"bluetooth-address-unavailable","$v":"Μη διαθέσιμη"},{"$i":"bt-status-nopaired","$v":"Καμία συζευγμένη συσκευή"},{"$i":"bt-status-turnoff","$v":"Απενεργοποιημένο"},{"$i":"bt-status-paired","$v":{"zero":[{"t":"idOrVar","v":"name"}],"one":[{"t":"idOrVar","v":"name"},", +",{"t":"idOrVar","v":"n"}," ακόμα"],"two":[{"t":"idOrVar","v":"name"},", +",{"t":"idOrVar","v":"n"}," ακόμα"],"few":[{"t":"idOrVar","v":"name"},", +",{"t":"idOrVar","v":"n"}," ακόμα"],"many":[{"t":"idOrVar","v":"name"},", +",{"t":"idOrVar","v":"n"}," ακόμα"],"other":[{"t":"idOrVar","v":"name"},", +",{"t":"idOrVar","v":"n"}," ακόμα"]},"$x":[{"t":"idOrVar","v":"plural"},"n"]},{"$i":"device-status-tap-connect","$v":"Πατήστε για σύνδεση"},{"$i":"device-status-pairing","$v":"Σύζευξη με την συσκευή…"},{"$i":"device-status-waiting","$v":"Αναμονή για την άλλη συσκευή…"},{"$i":"device-status-paired","$v":"Συζευγμένη"},{"$i":"device-status-connecting","$v":"Συνδέεται…"},{"$i":"device-status-connected","$v":"Συνδεδεμένη"},{"$i":"device-status-connected-phone","$v":"Σύνδεση ήχου τηλεφώνου"},{"$i":"device-status-connected-media","$v":"Σύνδεση ήχου πολυμέσων"},{"$i":"device-status-connected-phone-media","$v":"Σύνδεση ήχου τηλεφώνου/πολυμέσων"},{"$i":"device-option-unpair","$v":"Διακοπή σύζευξης"},{"$i":"device-option-confirm","$v":"Επιβεβαίωση"},{"$i":"device-option-unpair-confirmation","$v":"Επιβεβαίωση"},{"$i":"device-option-unpair-device","$v":"Διακοπή σύζευξης;"},{"$i":"device-option-connect","$v":"Σύνδεση"},{"$i":"device-option-disconnect","$v":"Αποσύνδεση"},{"$i":"search-for-device","$v":"Αναζήτηση συσκευών…"},{"$i":"search-device","$v":"Αναζήτηση για συσκευές"},{"$i":"rename-device","$v":"Μετονομασία της συσκευής μου"},{"$i":"unnamed-device","$v":"Άγνωστη συσκευή"},{"$i":"change-phone-name","$v":"Αλλαγή ονόματος τηλεφώνου"},{"$i":"change-phone-name-desc","$v":"Αλλαγή ονόματος συσκευής όπως εμφανίζεται στον υπολογιστή σας"},{"$i":"bluetooth-new-name","$v":"Νέο όνομα"},{"$i":"error-pair-title","$v":"Δεν είναι δυνατή η σύζευξη των συσκευών"},{"$i":"error-pair-pincode","$v":"Δεν είναι δυνατή η σύζευξη με τη συσκευή. Ελέγξτε ότι το PIN είναι σωστό."},{"$i":"error-pair-toofast","$v":"Αδυναμία σύζευξης με τη συσκευή. Πάρα πολλά αιτήματα."},{"$i":"error-connect-title","$v":"Δεν είναι δυνατή η σύνδεση των συσκευών"},{"$i":"error-connect-msg","$v":"Ελέγξτε ότι η συσκευή με την οποία προσπαθείτε να συνδεθείτε, εξακολουθεί να είναι εντός εμβέλειας και έχει ενεργοποιημένο το Bluetooth."},{"$i":"unpair-title","$v":"Διακοπή σύζευξης με συζευγμένη συσκευή;"},{"$i":"unpair-msg","$v":"Είστε συνδεδεμένος με αυτή τη συσκευή. Η διακοπή της σύζευξης θα σας αποσυνδέσει από αυτήν."},{"$i":"bluetooth","$v":"Bluetooth"},{"$i":"confirmation","$v":"Επιβεβαίωση"},{"$i":"bluetooth-status-description","$v":"Το Bluetooth είναι απενεργοποιημένο"},{"$i":"turn-bluetooth-on","$v":"Θέλετε να ενεργοποιήσετε το Bluetooth;"},{"$i":"cancel","$v":"Ακύρωση"},{"$i":"turn-on","$v":"Ενεργοποίηση"},{"$i":"error-transfer-title","$v":"Η αποστολή αρχείου μέσω bluetooth απέτυχε"},{"$i":"error-transfer-settings","$v":"Η αποστολή αρχείου μέσω bluetooth απέτυχε. Ελέγξτε την ορθότητα των ρυθμίσεων του bluetooth."},{"$i":"ok","$v":"ΟΚ"},{"$i":"pair","$v":"Σύζευξη"},{"$i":"active-pair","$v":"Επιβεβαίωση σύζευξης συσκευών"},{"$i":"active-pair-confirmation","$v":["Για σύζευξη με τη συσκευή ",{"t":"idOrVar","v":"device"},", βεβαιωθείτε ότι και στις δύο συσκευές εμφανίζεται το ακόλουθο PIN:"]},{"$i":"active-pair-pincode","$v":["Για σύζευξη με τη συσκευή ",{"t":"idOrVar","v":"device"},", εισάγετε το PIN στη συσκευή."]},{"$i":"active-pair-passkey","$v":["Για σύζευξη με τη συσκευή ",{"t":"idOrVar","v":"device"},", εισάγετε το κλειδί πρόσβασης στη συσκευή."]},{"$i":"passive-pair","$v":"Αίτημα σύζευξης μέσω Bluetooth"},{"$i":"passive-pair-confirmation","$v":["Η συσκευή ",{"t":"idOrVar","v":"device"}," επιθυμεί σύζευξη με αυτό το τηλέφωνο. Για αποδοχή, βεβαιωθείτε ότι και στις δύο συσκευές εμφανίζεται το ακόλουθο PIN:"]},{"$i":"passive-pair-pincode","$v":["Η συσκευή ",{"t":"idOrVar","v":"device"}," επιθυμεί σύζευξη με αυτό το τηλέφωνο. Για αποδοχή, εισάγετε το PIN στη συσκευή."]},{"$i":"passive-pair-passkey","$v":["Η συσκευή ",{"t":"idOrVar","v":"device"}," επιθυμεί σύζευξη με αυτό το τηλέφωνο. Για αποδοχή, εισάγετε το κλειδί πρόσβασης στη συσκευή."]},{"$i":"pair-view-title","$v":"Αίτημα Bluetooth από"},{"$i":"bluetooth-pairing-request-now-title","$v":"Αίτημα σύζευξης μέσω Bluetooth"},{"$i":"pairing-request-timeout-title","$v":"Αίτημα σύζευξης μέσω Bluetooth"},{"$i":"pairing-request-timeout-description","$v":"Το αίτημα σύζευξης έχει λήξει. Δοκιμάστε ξανά."}]