[{"$i":"bluetooth-header","$v":[{"t":"idOrVar","v":"bluetooth"}]},{"$i":"bluetooth-enable-msg","$v":"Active Bluetooth para ver los dispositivos."},{"$i":"bluetooth-paired-devices","$v":"Dispositivos vinculados"},{"$i":"bluetooth-devices-in-area","$v":"Dispositivos en el área"},{"$i":"bluetooth-visible-to-all","$v":"Visible a todos"},{"$i":"bluetooth-name-maxlength-alert","$v":["Su nombre de dispositivo excede ",{"t":"idOrVar","v":"length"}," caracteres. Inténtelo de nuevo."]},{"$i":"bluetooth-address","$v":"Dirección Bluetooth"},{"$i":"bluetooth-address-unavailable","$v":"No disponible"},{"$i":"bt-status-nopaired","$v":"Ningún dispositivo vinculado"},{"$i":"bt-status-turnoff","$v":"Desactivado"},{"$i":"bt-status-paired","$v":{"zero":[{"t":"idOrVar","v":"name"}],"one":[{"t":"idOrVar","v":"name"},", +",{"t":"idOrVar","v":"n"}," más"],"two":[{"t":"idOrVar","v":"name"},", +",{"t":"idOrVar","v":"n"}," más"],"few":[{"t":"idOrVar","v":"name"},", +",{"t":"idOrVar","v":"n"}," más"],"many":[{"t":"idOrVar","v":"name"},", +",{"t":"idOrVar","v":"n"}," más"],"other":[{"t":"idOrVar","v":"name"},", +",{"t":"idOrVar","v":"n"}," más"]},"$x":[{"t":"idOrVar","v":"plural"},"n"]},{"$i":"device-status-tap-connect","$v":"Pulse para conectar"},{"$i":"device-status-pairing","$v":"Vinculando dispositivos…"},{"$i":"device-status-waiting","$v":"Esperando a otro dispositivo…"},{"$i":"device-status-paired","$v":"Vinculados"},{"$i":"device-status-connecting","$v":"Conectando…"},{"$i":"device-status-connected","$v":"Conectado"},{"$i":"device-status-connected-phone","$v":"Conectado al audio del teléfono"},{"$i":"device-status-connected-media","$v":"Conectado al audio multimedia"},{"$i":"device-status-connected-phone-media","$v":"Conectado al audio del dispositivo"},{"$i":"device-option-unpair","$v":"Desvincular"},{"$i":"device-option-confirm","$v":"Confirmar"},{"$i":"device-option-unpair-confirmation","$v":"Confirmación"},{"$i":"device-option-unpair-device","$v":"¿Desvincular dispositivo?"},{"$i":"device-option-connect","$v":"Conectar"},{"$i":"device-option-disconnect","$v":"Desconectar"},{"$i":"search-for-device","$v":"Buscando dispositivos…"},{"$i":"search-device","$v":"Buscar dispositivos"},{"$i":"rename-device","$v":"Renombrar dispositivo"},{"$i":"unnamed-device","$v":"Dispositivo desconocido"},{"$i":"change-phone-name","$v":"Cambiar el nombre"},{"$i":"change-phone-name-desc","$v":"Cambie el nombre del dispositivo al que aparece en el equipo"},{"$i":"bluetooth-new-name","$v":"Nuevo nombre"},{"$i":"error-pair-title","$v":"Imposible vincular dispositivos"},{"$i":"error-pair-pincode","$v":"Imposible vincular el dispositivo. Compruebe que el PIN es correcto."},{"$i":"error-pair-toofast","$v":"Imposible vincular el dispositivo. Demasiadas peticiones."},{"$i":"error-connect-title","$v":"Imposible conectar dispositivos"},{"$i":"error-connect-msg","$v":"Compruebe que el dispositivo al que intenta conectarse está al alcance y tiene el Bluetooth activado."},{"$i":"unpair-title","$v":"¿Desvincular un dispositivo conectado?"},{"$i":"unpair-msg","$v":"Está conectado actualmente a este dispositivo. Al desvincularse también se desconectará de él."},{"$i":"bluetooth","$v":"Bluetooth"},{"$i":"confirmation","$v":"Confirmación"},{"$i":"bluetooth-status-description","$v":"El Bluetooth está desactivado"},{"$i":"turn-bluetooth-on","$v":"¿Le gustaría activar el Bluetooth?"},{"$i":"cancel","$v":"Cancelar"},{"$i":"turn-on","$v":"Activar"},{"$i":"error-transfer-title","$v":"Falló la transferencia Bluetooth"},{"$i":"error-transfer-settings","$v":"Hubo un error en la transferencia Bluetooth. Compruebe que su configuración de Bluetooth es correcta."},{"$i":"ok","$v":"Aceptar"},{"$i":"pair","$v":"Vincular"},{"$i":"active-pair","$v":"Confirmar vinculación de dispositivos"},{"$i":"active-pair-confirmation","$v":["Para vincularse con ",{"t":"idOrVar","v":"device"},", asegúrese de que ambos dispositivos muestran el siguiente PIN:"]},{"$i":"active-pair-pincode","$v":["Para vincularse con ",{"t":"idOrVar","v":"device"},", escriba el PIN en el dispositivo."]},{"$i":"active-pair-passkey","$v":["Para vincularse con ",{"t":"idOrVar","v":"device"},", escriba la clave en el dispositivo."]},{"$i":"passive-pair","$v":"Petición de vinculación Bluetooth"},{"$i":"passive-pair-confirmation","$v":[{"t":"idOrVar","v":"device"}," quiere vincularse con este dispositivo. Para aceptar, asegúrese de que ambos dispositivos muestran el siguiente PIN:"]},{"$i":"passive-pair-pincode","$v":[{"t":"idOrVar","v":"device"}," quiere vincularse con este dispositivo. Para aceptar, escriba el PIN en el dispositivo."]},{"$i":"passive-pair-passkey","$v":[{"t":"idOrVar","v":"device"}," quiere vincularse con este dispositivo. Para aceptar, escriba la clave en el dispositivo."]},{"$i":"pair-view-title","$v":"Petición Bluetooth de"},{"$i":"bluetooth-pairing-request-now-title","$v":"Petición de vinculación Bluetooth"},{"$i":"pairing-request-timeout-title","$v":"Petición de vinculación Bluetooth"},{"$i":"pairing-request-timeout-description","$v":"Caducó la petición de vinculación Bluetooth. Intente vincularlos de nuevo."}]