[{"$i":"bluetooth-header","$v":[{"t":"idOrVar","v":"bluetooth"}]},{"$i":"bluetooth-enable-msg","$v":"Įjunkite „Bluetooth“ netoliese esantiems įrenginiams pamatyti."},{"$i":"bluetooth-paired-devices","$v":"Susieti įrenginiai"},{"$i":"bluetooth-devices-in-area","$v":"Įrenginiai netoliese"},{"$i":"bluetooth-visible-to-all","$v":"Matomas visiems"},{"$i":"bluetooth-name-maxlength-alert","$v":["Įvesto vardo ilgis viršija ",{"t":"idOrVar","v":"length"}," simb. Bandykite įvesti kitą vardą."]},{"$i":"bluetooth-address","$v":"„Bluetooth“ adresas"},{"$i":"bluetooth-address-unavailable","$v":"Nežinomas"},{"$i":"bt-status-nopaired","$v":"Nėra susietų įrenginių"},{"$i":"bt-status-turnoff","$v":"Išjungtas"},{"$i":"bt-status-paired","$v":{"zero":[{"t":"idOrVar","v":"name"}],"one":[{"t":"idOrVar","v":"name"},", dar ",{"t":"idOrVar","v":"n"}],"two":[{"t":"idOrVar","v":"name"},", dar ",{"t":"idOrVar","v":"n"}],"few":[{"t":"idOrVar","v":"name"},", dar ",{"t":"idOrVar","v":"n"}],"many":[{"t":"idOrVar","v":"name"},", dar ",{"t":"idOrVar","v":"n"}],"other":[{"t":"idOrVar","v":"name"},", dar ",{"t":"idOrVar","v":"n"}]},"$x":[{"t":"idOrVar","v":"plural"},"n"]},{"$i":"device-status-tap-connect","$v":"Bakstelėkite susijungimui"},{"$i":"device-status-pairing","$v":"Siejamasi su įrenginiu…"},{"$i":"device-status-waiting","$v":"Laukiama kito įrenginio…"},{"$i":"device-status-paired","$v":"Susisieta"},{"$i":"device-status-connecting","$v":"Jungiamasi…"},{"$i":"device-status-connected","$v":"Prisijungta"},{"$i":"device-status-connected-phone","$v":"Nukreiptas pokalbių garsas"},{"$i":"device-status-connected-media","$v":"Nukreiptas medijos garsas"},{"$i":"device-status-connected-phone-media","$v":"Nukreiptas pokalbių ir medijos garsas"},{"$i":"device-option-unpair","$v":"Atsieti"},{"$i":"device-option-confirm","$v":"Atsieti"},{"$i":"device-option-unpair-confirmation","$v":"Patvirtinkite"},{"$i":"device-option-unpair-device","$v":"Atsieti įrenginius?"},{"$i":"device-option-connect","$v":"Prisijungti"},{"$i":"device-option-disconnect","$v":"Atsijungti"},{"$i":"search-for-device","$v":"Ieškoma įrenginių…"},{"$i":"search-device","$v":"Ieškoti įrenginių"},{"$i":"rename-device","$v":"Pervardinti šį įrenginį"},{"$i":"unnamed-device","$v":"Nežinomas įrenginys"},{"$i":"change-phone-name","$v":"Įrenginio pervardinimas"},{"$i":"change-phone-name-desc","$v":"Čia galite pakeisti šio įrenginio vardą, rodomą kituose įrenginiuose"},{"$i":"bluetooth-new-name","$v":"Naujas vardas"},{"$i":"error-pair-title","$v":"Susieti įrenginių nepavyko"},{"$i":"error-pair-pincode","$v":"Susisieti su įrenginiu nepavyko. Patikrinkite, ar įvedėte teisingą PIN kodą."},{"$i":"error-pair-toofast","$v":"Susisieti su įrenginiu nepavyko. Pateikta per daug užklausų."},{"$i":"error-connect-title","$v":"Prisijungti prie įrenginio nepavyko"},{"$i":"error-connect-msg","$v":"Įsitikinkite, jog įrenginys, prie kurio bandote prisijungti, vis dar yra „Bluetooth“ ryšio zonoje ir jame šis ryšys įjungtas."},{"$i":"unpair-title","$v":"Atsieti prijungtą įrenginį?"},{"$i":"unpair-msg","$v":"Šiuo metu prie šio įrenginio yra prisijungta. Nutraukus susiejimą, nuo jo bus atsijungta."},{"$i":"bluetooth","$v":"Bluetooth"},{"$i":"confirmation","$v":"Patvirtinkite"},{"$i":"bluetooth-status-description","$v":"„Bluetooth“ ryšys išjungtas"},{"$i":"turn-bluetooth-on","$v":"Ar norite įjungti „Bluetooth“ ryšį?"},{"$i":"cancel","$v":"Atsisakyti"},{"$i":"turn-on","$v":"Įjungti"},{"$i":"error-transfer-title","$v":"Failo persiųsti per „Bluetooth“ nepavyko"},{"$i":"error-transfer-settings","$v":"Failo persiųsti per „Bluetooth“ nepavyko. Patikrinkite, ar teisingos „Bluetooth“ nuostatos."},{"$i":"ok","$v":"Gerai"},{"$i":"pair","$v":"Susisieti"},{"$i":"active-pair","$v":"Patvirtinkite įrenginių susiejimą"},{"$i":"active-pair-confirmation","$v":["Kad šis įrenginys būtų susietas su „",{"t":"idOrVar","v":"device"},"“, įsitikinkite ir patvirtinkite, jog abiejuose juose dabar rodomas šis PIN kodas:"]},{"$i":"active-pair-pincode","$v":["Jeigu norite šį įrenginį susieti su „",{"t":"idOrVar","v":"device"},"“, įveskite pastarojo įrenginio PIN kodą."]},{"$i":"active-pair-passkey","$v":["Jeigu norite šį įrenginį susieti su „",{"t":"idOrVar","v":"device"},"“, įveskite pastarojo įrenginio saugos kodą."]},{"$i":"passive-pair","$v":"„Bluetooth“ susiejimo užklausa"},{"$i":"passive-pair-confirmation","$v":["Įrenginys „",{"t":"idOrVar","v":"device"},"“ bando susisieti su šiuo įrenginiu. Jeigu sutinkate, įsitikinkite ir patvirtinkite, jog abiejuose juos dabar rodomas šis PIN kodas:"]},{"$i":"passive-pair-pincode","$v":["Įrenginys „",{"t":"idOrVar","v":"device"},"“ bando susisieti su šiuo įrenginiu. Jeigu sutinkate, įveskite siejamo įrenginio PIN kodą."]},{"$i":"passive-pair-passkey","$v":["Įrenginys „",{"t":"idOrVar","v":"device"},"“ bando susisieti su šiuo įrenginiu. Jeigu sutinkate, įveskite siejamo įrenginio saugos kodą."]},{"$i":"pair-view-title","$v":"„Bluetooth“ užklausa nuo"},{"$i":"bluetooth-pairing-request-now-title","$v":"„Bluetooth“ susiejimo užklausa"},{"$i":"pairing-request-timeout-title","$v":"„Bluetooth“ susiejimo užklausa"},{"$i":"pairing-request-timeout-description","$v":"„Bluetooth“ susiejimo užklausa nebegalioja. Bandykite įrenginius suporuoti iš naujo."}]