[{"$i":"bluetooth-header","$v":[{"t":"idOrVar","v":"bluetooth"}]},{"$i":"bluetooth-enable-msg","$v":"Hidupkan bluetooth untuk melihat peranti dalam kawasan."},{"$i":"bluetooth-paired-devices","$v":"Peranti digandingkan"},{"$i":"bluetooth-devices-in-area","$v":"Peranti dalam kawasan"},{"$i":"bluetooth-visible-to-all","$v":"Tampak kepada semua"},{"$i":"bluetooth-name-maxlength-alert","$v":["Nama peranti anda melebihi ",{"t":"idOrVar","v":"length"}," aksara. Sila cuba lagi."]},{"$i":"bluetooth-address","$v":"Alamat Bluetooth"},{"$i":"bluetooth-address-unavailable","$v":"Tidak tersedia"},{"$i":"bt-status-nopaired","$v":"Tiada peranti diganding"},{"$i":"bt-status-turnoff","$v":"Dimatikan"},{"$i":"bt-status-paired","$v":{"zero":[{"t":"idOrVar","v":"name"}],"one":[{"t":"idOrVar","v":"name"},", +",{"t":"idOrVar","v":"n"}," lagi"],"two":[{"t":"idOrVar","v":"name"},", +",{"t":"idOrVar","v":"n"}," lagi"],"few":[{"t":"idOrVar","v":"name"},", +",{"t":"idOrVar","v":"n"}," lagi"],"many":[{"t":"idOrVar","v":"name"},", +",{"t":"idOrVar","v":"n"}," lagi"],"other":[{"t":"idOrVar","v":"name"},", +",{"t":"idOrVar","v":"n"}," lagi"]},"$x":[{"t":"idOrVar","v":"plural"},"n"]},{"$i":"device-status-tap-connect","$v":"Tap untuk sambung"},{"$i":"device-status-pairing","$v":"Menggandingkan peranti…"},{"$i":"device-status-waiting","$v":"Menanti peranti yang lain…"},{"$i":"device-status-paired","$v":"Digandingkan"},{"$i":"device-status-connecting","$v":"Menyambung…"},{"$i":"device-status-connected","$v":"Bersambung"},{"$i":"device-status-connected-phone","$v":"Bersambung ke audio telefon"},{"$i":"device-status-connected-media","$v":"Bersambung ke audio media"},{"$i":"device-status-connected-phone-media","$v":"Bersambung ke audio telefon/media"},{"$i":"device-option-unpair","$v":"Cerai"},{"$i":"device-option-confirm","$v":"Pasti"},{"$i":"device-option-unpair-confirmation","$v":"Kepastian"},{"$i":"device-option-unpair-device","$v":"Ceraikan peranti?"},{"$i":"device-option-connect","$v":"Sambung"},{"$i":"device-option-disconnect","$v":"Putus"},{"$i":"search-for-device","$v":"Mencari peranti…"},{"$i":"search-device","$v":"Carian peranti"},{"$i":"rename-device","$v":"Namakan semula peranti"},{"$i":"unnamed-device","$v":"Peranti tidak dikenali"},{"$i":"change-phone-name","$v":"Tukar nama telefon"},{"$i":"change-phone-name-desc","$v":"Tukar nama peranti anda sebaik sahaja muncul di komputer anda"},{"$i":"bluetooth-new-name","$v":"Nama baru"},{"$i":"error-pair-title","$v":"Tidak dapat menggandingkan peranti"},{"$i":"error-pair-pincode","$v":"Tidak dapat menggandingkan peranti. Semak sama ada PIN betul."},{"$i":"error-pair-toofast","$v":"Tidak dapat menggandingkan peranti. Terlalu banyak permintaan."},{"$i":"error-connect-title","$v":"Tidak dapat menyambung peranti"},{"$i":"error-connect-msg","$v":"Periksa yang peranti anda ingin sambungkan masih di dalam lingkungan dan Bluetooth terpasang."},{"$i":"unpair-title","$v":"Cerai peranti yang bersambung?"},{"$i":"unpair-msg","$v":"Anda kini bersambung dengan peranti ini. Menceraikan bakal memutuskan dengannya."},{"$i":"bluetooth","$v":"Bluetooth"},{"$i":"confirmation","$v":"Kepastian"},{"$i":"bluetooth-status-description","$v":"Bluetooth dilumpuhkan"},{"$i":"turn-bluetooth-on","$v":"Adakah anda mahu menghidupkan Bluetooth?"},{"$i":"cancel","$v":"Batal"},{"$i":"turn-on","$v":"Hidupkan"},{"$i":"error-transfer-title","$v":"Penghantaran fail Bluetooth gagal"},{"$i":"error-transfer-settings","$v":"Penghantaran fail Bluetooth gagal. Semak sama ada tetapan Bluetooh adalah betul."},{"$i":"ok","$v":"OK"},{"$i":"pair","$v":"Ganding"},{"$i":"active-pair","$v":"Mengesahkan peranti untuk berpasangan"},{"$i":"active-pair-confirmation","$v":["Untuk berpasangan dengan ",{"t":"idOrVar","v":"device"},", pastikan kedua-dua peranti pada masa ini mempunyai PIN yang tertera:"]},{"$i":"active-pair-pincode","$v":["Untuk berpasangan dengan ",{"t":"idOrVar","v":"device"},", masukkan PIN pada peranti."]},{"$i":"active-pair-passkey","$v":["Untuk berpasangan dengan ",{"t":"idOrVar","v":"device"},", masukkan kunci khas pada peranti."]},{"$i":"passive-pair","$v":"Permintaan bergandingan Bluetooth"},{"$i":"passive-pair-confirmation","$v":[{"t":"idOrVar","v":"device"}," ingin berpasangan dengan telefon ini. Untuk menerima, pastikan kedua-dua peranti pada masa ini mempunyai PIN yang tertera:"]},{"$i":"passive-pair-pincode","$v":[{"t":"idOrVar","v":"device"}," ingin berpasangan dengan telefon ini. Untuk menerima, masukkan PIN pada peranti."]},{"$i":"passive-pair-passkey","$v":[{"t":"idOrVar","v":"device"}," ingin berpasangan dengan telefon ini. Untuk menerima, masukkan kunci khas pada peranti."]},{"$i":"pair-view-title","$v":"Permintaan Bluetooth Dari"},{"$i":"bluetooth-pairing-request-now-title","$v":"Permintaan mengganding Bluetooth"},{"$i":"pairing-request-timeout-title","$v":"Permintaan Berpasangan Bluetooth"},{"$i":"pairing-request-timeout-description","$v":"Permintaan berpasangan Bluetooth tamat tempoh. Cuba pasangkan semula."}]