[{"$i":"bluetooth-header","$v":[{"t":"idOrVar","v":"bluetooth"}]},{"$i":"bluetooth-enable-msg","$v":"यो क्षेत्रमा यन्त्रहरू हेर्न ब्लुटुथ खोल्नुहोस्।"},{"$i":"bluetooth-paired-devices","$v":"जडान गरेको यन्त्रहरु"},{"$i":"bluetooth-devices-in-area","$v":"यो ठाउँमा भएको यन्त्रहरु"},{"$i":"bluetooth-visible-to-all","$v":"सबैलाई देखिने"},{"$i":"bluetooth-name-maxlength-alert","$v":["तपाईंको यन्त्रको नामले ",{"t":"idOrVar","v":"लम्बाइ"}," वर्ण नाघ्यो। कृपया फेरि पुन:प्रयास गर्नुहोस्।"]},{"$i":"bluetooth-address","$v":"ब्लूटूथ ठेगाना"},{"$i":"bluetooth-address-unavailable","$v":"उपलब्ध छैन"},{"$i":"bt-status-nopaired","$v":"कुनै यन्त्रहरु जोडीत छैनन्"},{"$i":"bt-status-turnoff","$v":"बन्द गरियो"},{"$i":"bt-status-paired","$v":{"zero":[{"t":"idOrVar","v":"name"}],"one":[{"t":"idOrVar","v":"name"},", +",{"t":"idOrVar","v":"n"}," more"],"two":[{"t":"idOrVar","v":"name"},", +",{"t":"idOrVar","v":"n"}," more"],"few":[{"t":"idOrVar","v":"name"},", +",{"t":"idOrVar","v":"n"}," more"],"many":[{"t":"idOrVar","v":"name"},", +",{"t":"idOrVar","v":"n"}," more"],"other":[{"t":"idOrVar","v":"name"},", +",{"t":"idOrVar","v":"n"}," more"]},"$x":[{"t":"idOrVar","v":"plural"},"n"]},{"$i":"device-status-tap-connect","$v":"जडान गर्न थिच्नुहोस्"},{"$i":"device-status-pairing","$v":"यन्त्रसँग जोडि बनाउँदै..."},{"$i":"device-status-waiting","$v":"अर्को यन्त्रको प्रतिक्षा गर्दै"},{"$i":"device-status-paired","$v":"जोडि मिलाइएको"},{"$i":"device-status-connecting","$v":"जडान हुँदैछ…"},{"$i":"device-status-connected","$v":"जडान गरियो"},{"$i":"device-status-connected-phone","$v":"फोन अडियोमा जडित"},{"$i":"device-status-connected-media","$v":"मिडिया अडियोमा जडित"},{"$i":"device-status-connected-phone-media","$v":"मिडिया अडियोमा जडित"},{"$i":"device-option-unpair","$v":"जडान छुटाउनुहोस्"},{"$i":"device-option-confirm","$v":"पक्का गर्नुहोस्"},{"$i":"device-option-unpair-confirmation","$v":"पक्का गर्नु"},{"$i":"device-option-unpair-device","$v":"यन्त्रलाई हटाउनुहोस्?"},{"$i":"device-option-connect","$v":"जडान गर्नुहोस्"},{"$i":"device-option-disconnect","$v":"विच्छेद गर्नुहोस्"},{"$i":"search-for-device","$v":"डिभाइसहरु खोज्दै..."},{"$i":"search-device","$v":"डिभाइसहरु खोजी गर्नुहोस्"},{"$i":"rename-device","$v":"मेरो डिभाइस पुनःनामाकरण"},{"$i":"unnamed-device","$v":"अज्ञात डिभाइस"},{"$i":"change-phone-name","$v":"फोनको नाम परिवर्तन गर्नुहोस्"},{"$i":"change-phone-name-desc","$v":"तपाईको कम्प्युटरमा देखाए अनुसार आफ्नो यन्त्र को नाम परिवर्तन गर्नुहोस"},{"$i":"bluetooth-new-name","$v":"नयाँ नाम"},{"$i":"error-pair-title","$v":"डिभाइसहरु बिच सम्पर्क स्थापना हुन सकेन।"},{"$i":"error-pair-pincode","$v":"सम्पर्क स्थापना हुन सकेन। PIN ठीक छ कि छैन जाँच्नुहोस्।"},{"$i":"error-pair-toofast","$v":"धेरै अनुरोधहरुका कारण डिभाइससँग सम्पर्क स्थापना हुन सकेन।"},{"$i":"error-connect-title","$v":"यन्त्रहरू जडान गर्न असमर्थ छ"},{"$i":"error-connect-msg","$v":"तपाईंले जडान गर्न प्रयास गरिरहनुभएको यन्त्र सीमा मा अझै पनि छ र ब्लुटुथ चालू छ भनेर जाँच गर्नुहोस्।"},{"$i":"unpair-title","$v":"एक जडान गरिएको यन्त्र निकाल्नु?"},{"$i":"unpair-msg","$v":"तपाईं हाल यो यन्त्रमा जडान हुनुन्छ। Unpairing पनि यो विच्छेद हुनेछ।"},{"$i":"bluetooth","$v":"ब्लुटुथ"},{"$i":"confirmation","$v":"यकिन"},{"$i":"bluetooth-status-description","$v":"ब्लुटुथ असक्षम भएको छ"},{"$i":"turn-bluetooth-on","$v":"के तपाईँ ब्लुटुथ सुरु गर्न चहानुहुन्छ ?"},{"$i":"cancel","$v":"रद्द गर्नुहोस्"},{"$i":"turn-on","$v":"सुचारु गर्नुहोस्"},{"$i":"error-transfer-title","$v":"ब्लुटुथ फाइल स्थानान्तर गर्न असफल भयो"},{"$i":"error-transfer-settings","$v":"ब्लुटुथ फाइल स्थानान्तर गर्न असफल भयो। ब्लुटुथ सेटिङहरू ठिक छन् भनेर जाँच्नुहोस्।"},{"$i":"ok","$v":"ठीक छ"},{"$i":"pair","$v":"जोडि बनाउ"},{"$i":"active-pair","$v":"जोडि बनाउने यन्त्र पक्का गर्नुहोस्"},{"$i":"active-pair-confirmation","$v":[{"t":"idOrVar","v":"device"}," सँग जोडि बनाउन दुबैमा यो PIN देखाएको छ कि छैन हेर्नुस्:"]},{"$i":"active-pair-pincode","$v":[{"t":"idOrVar","v":"device"}," सँग जोडि बनाउन, यो PIN प्रविष्ट गर्नुहोस्।"]},{"$i":"active-pair-passkey","$v":[{"t":"idOrVar","v":"device"},"सँग जोडि बनाउन passkey प्रविष्ट गर्नुहोस्।"]},{"$i":"passive-pair","$v":"ब्लुटुथसँग जोडि बनाउने निवेदन"},{"$i":"passive-pair-confirmation","$v":["यो ",{"t":"idOrVar","v":"device"}," तपाईको फोनसँग जोडि बनाउनु चाहन्छ। यसलाई स्वीकार गर्न दुवै फोनमा तल दिएको PIN हुनुपर्छः"]},{"$i":"passive-pair-pincode","$v":[{"t":"idOrVar","v":"device"}," तपाईको फोनसँग जोडी बनाउन चाहन्छ। स्वीकार गर्न PIN अाफ्नो यन्त्रमा हाल्नुहोस्।"]},{"$i":"passive-pair-passkey","$v":[{"t":"idOrVar","v":"device"}," तपाईको फोनसँग जोडी बनाउन चाहन्छ। स्वीकार गर्न, passkey अाफ्नो यन्त्रमा हाल्नुहोस्।"]},{"$i":"pair-view-title","$v":"ब्लुटुथबाट अनुरोध"},{"$i":"bluetooth-pairing-request-now-title","$v":"ब्लुटुथसँग जोडी बनाउने अनुरोध"},{"$i":"pairing-request-timeout-title","$v":"ब्लुटुथसँग जोडी बनाउने अनुरोध"},{"$i":"pairing-request-timeout-description","$v":"ब्लुटुथसँग जोडी बनाउने अवधि समाप्त भयो। फेरि जोडी बनाउने प्रयास गर्नुहोस्।"}]