[{"$i":"bluetooth-header","$v":[{"t":"idOrVar","v":"bluetooth"}]},{"$i":"bluetooth-enable-msg","$v":"Ative o Bluetooth para ver os dispositivos ao seu redor."},{"$i":"bluetooth-paired-devices","$v":"Dispositivos pareados"},{"$i":"bluetooth-devices-in-area","$v":"Dispositivos na área"},{"$i":"bluetooth-visible-to-all","$v":"Visível para todos"},{"$i":"bluetooth-name-maxlength-alert","$v":["O nome do seu dispositivo excede ",{"t":"idOrVar","v":"length"}," caracteres. Tente novamente."]},{"$i":"bluetooth-address","$v":"Endereço do Bluetooth"},{"$i":"bluetooth-address-unavailable","$v":"Não disponível"},{"$i":"bt-status-nopaired","$v":"Nenhum dispositivo pareado"},{"$i":"bt-status-turnoff","$v":"Desligado"},{"$i":"bt-status-paired","$v":{"zero":[{"t":"idOrVar","v":"name"}],"one":[{"t":"idOrVar","v":"name"},", +",{"t":"idOrVar","v":"n"}," mais"],"two":[{"t":"idOrVar","v":"name"},", +",{"t":"idOrVar","v":"n"}," mais"],"few":[{"t":"idOrVar","v":"name"},", +",{"t":"idOrVar","v":"n"}," mais"],"many":[{"t":"idOrVar","v":"name"},", +",{"t":"idOrVar","v":"n"}," mais"],"other":[{"t":"idOrVar","v":"name"},", +",{"t":"idOrVar","v":"n"}," mais"]},"$x":[{"t":"idOrVar","v":"plural"},"n"]},{"$i":"device-status-tap-connect","$v":"Toque para conectar"},{"$i":"device-status-pairing","$v":"Pareando com o dispositivo…"},{"$i":"device-status-waiting","$v":"Esperando pelo dispositivo…"},{"$i":"device-status-paired","$v":"Pareado"},{"$i":"device-status-connecting","$v":"Conectando…"},{"$i":"device-status-connected","$v":"Conectado"},{"$i":"device-status-connected-phone","$v":"Conectado ao áudio do telefone"},{"$i":"device-status-connected-media","$v":"Conectado ao áudio da mídia"},{"$i":"device-status-connected-phone-media","$v":"Conectado ao áudio do telefone/mídia"},{"$i":"device-option-unpair","$v":"Desparear"},{"$i":"device-option-confirm","$v":"Confirmar"},{"$i":"device-option-unpair-confirmation","$v":"Confirmação"},{"$i":"device-option-unpair-device","$v":"Desparear dispositivo?"},{"$i":"device-option-connect","$v":"Conectar"},{"$i":"device-option-disconnect","$v":"Desconectar"},{"$i":"search-for-device","$v":"Procurando dispositivos…"},{"$i":"search-device","$v":"Buscar dispositivos"},{"$i":"rename-device","$v":"Renomear meu dispositivo"},{"$i":"unnamed-device","$v":"Dispositivo desconhecido"},{"$i":"change-phone-name","$v":"Alterar o nome do telefone"},{"$i":"change-phone-name-desc","$v":"Altere o nome do dispositivo que aparece em seu computador"},{"$i":"bluetooth-new-name","$v":"Novo nome"},{"$i":"error-pair-title","$v":"Não foi possível parear"},{"$i":"error-pair-pincode","$v":"Não foi possível parear. Confira se o PIN está correto."},{"$i":"error-pair-toofast","$v":"Não foi possível parear. Requisições demais foram feitas."},{"$i":"error-connect-title","$v":"Habilitar a conexão de dispositivos"},{"$i":"error-connect-msg","$v":"Verifique se o dispositivo que você está tentando conectar, está no alcance e se o Bluetooth está ativado."},{"$i":"unpair-title","$v":"Desparear um dispositivo conectado?"},{"$i":"unpair-msg","$v":"Você está conectado a este dispositivo. Despareá-lo também o desconectará."},{"$i":"bluetooth","$v":"Bluetooth"},{"$i":"confirmation","$v":"Confirmação"},{"$i":"bluetooth-status-description","$v":"O Bluetooth está desativado"},{"$i":"turn-bluetooth-on","$v":"Deseja ativar o Bluetooth?"},{"$i":"cancel","$v":"Cancelar"},{"$i":"turn-on","$v":"Ativar"},{"$i":"error-transfer-title","$v":"Falha ao transferir o arquivo via Bluetooth"},{"$i":"error-transfer-settings","$v":"Falha ao transferir o arquivo via Bluetooth. Verfique se suas configurações Bluetooth estão corretas."},{"$i":"ok","$v":"OK"},{"$i":"pair","$v":"Parear"},{"$i":"active-pair","$v":"Confirmar dispositivos a serem pareados"},{"$i":"active-pair-confirmation","$v":["Para parear com ",{"t":"idOrVar","v":"device"},", confira se ambos os dispositivos mostram o seguinte código:"]},{"$i":"active-pair-pincode","$v":["Para parear com ",{"t":"idOrVar","v":"device"},", digite o código no dispositivo."]},{"$i":"active-pair-passkey","$v":["Para parear com ",{"t":"idOrVar","v":"device"},", digite a senha no dispositivo."]},{"$i":"passive-pair","$v":"Pedido de pareamento Bluetooth"},{"$i":"passive-pair-confirmation","$v":[{"t":"idOrVar","v":"device"}," gostaria de parear com esse telefone. Para aceitar, confira se ambos os dispositivos mostram o seguinte código:"]},{"$i":"passive-pair-pincode","$v":[{"t":"idOrVar","v":"device"}," gostaria de parear com esse telefone. Para aceitar, digite o código no dispositivo."]},{"$i":"passive-pair-passkey","$v":[{"t":"idOrVar","v":"device"}," gostaria de parear com esse telefone. Para aceitar, digite a senha no dispositivo."]},{"$i":"pair-view-title","$v":"Pedido Bluetooth de"},{"$i":"bluetooth-pairing-request-now-title","$v":"Pedido de pareamento Bluetooth"},{"$i":"pairing-request-timeout-title","$v":"Pedido de pareamento Bluetooth"},{"$i":"pairing-request-timeout-description","$v":"Pedido de pareamento Bluetooth expirado. Tente novamente."}]