[{"$i":"bluetooth-header","$v":[{"t":"idOrVar","v":"bluetooth"}]},{"$i":"bluetooth-enable-msg","$v":"Hapeni Bluetooth-in që të shihni pajisje brenda zonës."},{"$i":"bluetooth-paired-devices","$v":"Pajisje të çiftuara"},{"$i":"bluetooth-devices-in-area","$v":"Pajisje brenda zonës"},{"$i":"bluetooth-visible-to-all","$v":"E dukshme për këdo"},{"$i":"bluetooth-name-maxlength-alert","$v":["Emri i pajisjes suaj i tejkalon ",{"t":"idOrVar","v":"length"}," shenjat. Ju lutemi, riprovoni."]},{"$i":"bluetooth-address","$v":"Adresë Bluetooth"},{"$i":"bluetooth-address-unavailable","$v":"Nuk ka të passhme"},{"$i":"bt-status-nopaired","$v":"Pa pajisje të çiftuara"},{"$i":"bt-status-turnoff","$v":"I fikur"},{"$i":"bt-status-paired","$v":{"zero":[{"t":"idOrVar","v":"name"}],"one":[{"t":"idOrVar","v":"name"},", +",{"t":"idOrVar","v":"n"}," tjetër"],"two":[{"t":"idOrVar","v":"name"},", +",{"t":"idOrVar","v":"n"}," të tjera"],"few":[{"t":"idOrVar","v":"name"},", +",{"t":"idOrVar","v":"n"}," të tjera"],"many":[{"t":"idOrVar","v":"name"},", +",{"t":"idOrVar","v":"n"}," të tjera"],"other":[{"t":"idOrVar","v":"name"},", +",{"t":"idOrVar","v":"n"}," të tjera"]},"$x":[{"t":"idOrVar","v":"plural"},"n"]},{"$i":"device-status-tap-connect","$v":"Prekeni që të lidhet"},{"$i":"device-status-pairing","$v":"Po çiftohet me pajisje…"},{"$i":"device-status-waiting","$v":"Po pritet për pajisjen tjetër…"},{"$i":"device-status-paired","$v":"U çiftua"},{"$i":"device-status-connecting","$v":"Po lidhet…"},{"$i":"device-status-connected","$v":"E lidhur"},{"$i":"device-status-connected-phone","$v":"E lidhur te audio telefoni"},{"$i":"device-status-connected-media","$v":"E lidhur te audio mediash"},{"$i":"device-status-connected-phone-media","$v":"E lidhur te audio telefoni/media"},{"$i":"device-option-unpair","$v":"Shçiftoji"},{"$i":"device-option-confirm","$v":"Ripohojeni"},{"$i":"device-option-unpair-confirmation","$v":"Ripohim"},{"$i":"device-option-unpair-device","$v":"Të shçiftohen pajisjet?"},{"$i":"device-option-connect","$v":"Lidhi"},{"$i":"device-option-disconnect","$v":"Shkëputi"},{"$i":"search-for-device","$v":"Po kërkohet për pajisje…"},{"$i":"search-device","$v":"Kërkoni për pajisje"},{"$i":"rename-device","$v":"Riemërto pajisjen time"},{"$i":"unnamed-device","$v":"Pajisje e panjohur"},{"$i":"change-phone-name","$v":"Ndryshoni emrin e telefonit"},{"$i":"change-phone-name-desc","$v":"Ndryshoni emrin e pajisjes suaj që shfaqet te kompjuteri juaj"},{"$i":"bluetooth-new-name","$v":"Emër i ri"},{"$i":"error-pair-title","$v":"Nuk arrin të çiftojë pajisje"},{"$i":"error-pair-pincode","$v":"Nuk çiftohet dot me pajisje. Kontrolloni nëse PIN-i është i saktë."},{"$i":"error-pair-toofast","$v":"Nuk çiftohet dot me pajisje. Shumë kërkesa."},{"$i":"error-connect-title","$v":"I pazoti të lidhë pajisjet"},{"$i":"error-connect-msg","$v":"Kontrolloni nëse është ende brenda zonës pajisja që po provoni të lidheni dhe se e keni të hapur Bluetooth-in."},{"$i":"unpair-title","$v":"Të shçiftohet një pajisje e lidhur?"},{"$i":"unpair-msg","$v":"Jeni ende i lidhur me këtë pajisje. Shçiftimi do të bëjë edhe shkëputjen prej saj."},{"$i":"bluetooth","$v":"Bluetooth"},{"$i":"confirmation","$v":"Ripohim"},{"$i":"bluetooth-status-description","$v":"Bluetooth-i është i çaktivizuar"},{"$i":"turn-bluetooth-on","$v":"Doni ta aktivizoni Bluetooth-in?"},{"$i":"cancel","$v":"Anuloje"},{"$i":"turn-on","$v":"Aktivizoje"},{"$i":"error-transfer-title","$v":"Mbartja me Bluetooth e kartelës dështoi"},{"$i":"error-transfer-settings","$v":"Mbartja me Bluetooth e kartelës dështoi. Kontrolloni nëse janë të sakta rregullimet për Bluetooth-in."},{"$i":"ok","$v":"OK"},{"$i":"pair","$v":"Çiftoji"},{"$i":"active-pair","$v":"Ripohoni pajisjet për çiftim"},{"$i":"active-pair-confirmation","$v":["Për çiftim me ",{"t":"idOrVar","v":"device"},", sigurohuni që të dyja pajisjes kanë të shfaqur PIN-in vijues:"]},{"$i":"active-pair-pincode","$v":["Për çiftim me ",{"t":"idOrVar","v":"device"},", jepeni PIN-in te pajisja."]},{"$i":"active-pair-passkey","$v":["Për çiftim me ",{"t":"idOrVar","v":"device"},", jepeni kodkalimin te pajisja."]},{"$i":"passive-pair","$v":"Kërkesë çiftimi Bluetooth"},{"$i":"passive-pair-confirmation","$v":[{"t":"idOrVar","v":"device"}," do të donte të çiftohej me këtë telefon. Për pranim, sigurohuni se të dyja pajisjet shfaqin PIN-in vijues:"]},{"$i":"passive-pair-pincode","$v":[{"t":"idOrVar","v":"device"}," do të donte të çiftohej me këtë telefon. Për pranim, jepeni PIN-in te pajisja."]},{"$i":"passive-pair-passkey","$v":[{"t":"idOrVar","v":"device"}," do të donte të çiftohej me këtë telefon. Për pranim, jepeni kodkalimin te pajisja."]},{"$i":"pair-view-title","$v":"Kërkesë Bluetooth Nga"},{"$i":"bluetooth-pairing-request-now-title","$v":"Kërkesë çiftimi Bluetooth"},{"$i":"pairing-request-timeout-title","$v":"Kërkesë Çiftimi Bluetooth"},{"$i":"pairing-request-timeout-description","$v":"Kërkesa për çiftim Bluetooth skadoi. Riprovoni çiftimin."}]