[{"$i":"bluetooth-header","$v":[{"t":"idOrVar","v":"bluetooth"}]},{"$i":"bluetooth-enable-msg","$v":"Uključite Bluetooth da biste videli uređaje u okolini."},{"$i":"bluetooth-paired-devices","$v":"Upareni uređaji"},{"$i":"bluetooth-devices-in-area","$v":"Uređaji u okolini"},{"$i":"bluetooth-visible-to-all","$v":"Vidljiv svima"},{"$i":"bluetooth-name-maxlength-alert","$v":["Vaše ime uređaj premašuje ",{"t":"idOrVar","v":"length"}," karaktera. Molimo Vas pokušajte ponovo."]},{"$i":"bluetooth-address","$v":"Bluetooth adresa"},{"$i":"bluetooth-address-unavailable","$v":"Nije dostupna"},{"$i":"bt-status-nopaired","$v":"Nema uparenih uređaja"},{"$i":"bt-status-turnoff","$v":"Isključeno"},{"$i":"bt-status-paired","$v":{"zero":[{"t":"idOrVar","v":"name"}],"one":[{"t":"idOrVar","v":"name"},", + još ",{"t":"idOrVar","v":"n"}],"two":[{"t":"idOrVar","v":"name"},", + još ",{"t":"idOrVar","v":"n"}],"few":[{"t":"idOrVar","v":"name"},", + još ",{"t":"idOrVar","v":"n"}],"many":[{"t":"idOrVar","v":"name"},", + još ",{"t":"idOrVar","v":"n"}],"other":[{"t":"idOrVar","v":"name"},", + još ",{"t":"idOrVar","v":"n"}]},"$x":[{"t":"idOrVar","v":"plural"},"n"]},{"$i":"device-status-tap-connect","$v":"Pritisnite za povezivanje"},{"$i":"device-status-pairing","$v":"Uparivanje sa uređajem…"},{"$i":"device-status-waiting","$v":"Čekam drugi uređaj…"},{"$i":"device-status-paired","$v":"Uparen"},{"$i":"device-status-connecting","$v":"Povezivanje…"},{"$i":"device-status-connected","$v":"Povezano"},{"$i":"device-status-connected-phone","$v":"Povezan na audio telefona"},{"$i":"device-status-connected-media","$v":"Povezan na audio medije"},{"$i":"device-status-connected-phone-media","$v":"Povezan na audio telefona/medije"},{"$i":"device-option-unpair","$v":"Raspari"},{"$i":"device-option-confirm","$v":"Potvrdi"},{"$i":"device-option-unpair-confirmation","$v":"Potvrda"},{"$i":"device-option-unpair-device","$v":"Raspari uređaj?"},{"$i":"device-option-connect","$v":"Poveži"},{"$i":"device-option-disconnect","$v":"Prekini vezu"},{"$i":"search-for-device","$v":"Traženje uređaja…"},{"$i":"search-device","$v":"Traži uređaje"},{"$i":"rename-device","$v":"Preimenuj uređaj"},{"$i":"unnamed-device","$v":"Nepoznat uređaj"},{"$i":"change-phone-name","$v":"Preimenuj telefon"},{"$i":"change-phone-name-desc","$v":"Promenite naziv Vašeg uređaja koji se prikazuje na Vašem računaru"},{"$i":"bluetooth-new-name","$v":"Novo ime"},{"$i":"error-pair-title","$v":"Uparivanje nije moguće"},{"$i":"error-pair-pincode","$v":"Nije moguće upariti uređaje. Proverite da li je PIN ispravan."},{"$i":"error-pair-toofast","$v":"Nije moguće upariti uređaje. Previše zahteva."},{"$i":"error-connect-title","$v":"Neuspešno povezivanje uređaja"},{"$i":"error-connect-msg","$v":"Proverite da li je uređaj sa kojim pokušavate da se povežete u dometu i da li mu je uključen Bluetooth."},{"$i":"unpair-title","$v":"Raspariti povezan uređaj?"},{"$i":"unpair-msg","$v":"Trenutno ste povezani sa ovim uređajem. Rasparivanje će takođe i prekinuti vezu."},{"$i":"bluetooth","$v":"Bluetooth"},{"$i":"confirmation","$v":"Potvrda"},{"$i":"bluetooth-status-description","$v":"Bluetooth je isključen"},{"$i":"turn-bluetooth-on","$v":"Da li želite da uključite Bluetooth?"},{"$i":"cancel","$v":"Otkaži"},{"$i":"turn-on","$v":"Uključi"},{"$i":"error-transfer-title","$v":"Bluetooth prenos datoteka neuspešan"},{"$i":"error-transfer-settings","$v":"Bluetooth prenos datoteka neuspešan. Proverite da li su Bluetooth postavke ispravne."},{"$i":"ok","$v":"U redu"},{"$i":"pair","$v":"Upari"},{"$i":"active-pair","$v":"Potvrda uređaja za uparivanje"},{"$i":"active-pair-confirmation","$v":["Da bi uparili telefon sa ",{"t":"idOrVar","v":"device"},", uverite se da oba uređaja imaju prikazan sledeći PIN:"]},{"$i":"active-pair-pincode","$v":["Da bi uparili telefon sa ",{"t":"idOrVar","v":"device"},", unesite PIN na uređaj."]},{"$i":"active-pair-passkey","$v":["Da bi uparili telefon sa ",{"t":"idOrVar","v":"device"},", unesite šifru na uređaj."]},{"$i":"passive-pair","$v":"Zahtev za Bluetooth uparivanje"},{"$i":"passive-pair-confirmation","$v":[{"t":"idOrVar","v":"device"}," bi želeo da se upari sa ovim telefonom. Da biste prihvatili, oba uređaja trebaju imati ovaj PIN prikazan:"]},{"$i":"passive-pair-pincode","$v":[{"t":"idOrVar","v":"device"}," bi želeo da se upari sa ovim telefonom. Za pristanak, unesite PIN na uređaj."]},{"$i":"passive-pair-passkey","$v":[{"t":"idOrVar","v":"device"}," bi želeo da se upari sa ovim telefonom. Za pristanak, unesite lozinku na uređaj."]},{"$i":"pair-view-title","$v":"Bluetooth zahtev od"},{"$i":"bluetooth-pairing-request-now-title","$v":"Bluetooth zahtev za uparivanje"},{"$i":"pairing-request-timeout-title","$v":"Bluetooth zahtev za uparivanje"},{"$i":"pairing-request-timeout-description","$v":"Bluetooth zahtev za uparivanje je istekao. Pokušajte da ponovo uparite."}]