[{"$i":"bluetooth-header","$v":[{"t":"idOrVar","v":"bluetooth"}]},{"$i":"bluetooth-enable-msg","$v":"Etraftaki aygıtları görmek için Bluetooth'u açın."},{"$i":"bluetooth-paired-devices","$v":"Eşleştirilmiş aygıtlar"},{"$i":"bluetooth-devices-in-area","$v":"Etraftaki aygıtlar"},{"$i":"bluetooth-visible-to-all","$v":"Herkese görünür"},{"$i":"bluetooth-name-maxlength-alert","$v":["Aygıt adınız ",{"t":"idOrVar","v":"length"}," karakterden uzun. Lütfen tekrar deneyin."]},{"$i":"bluetooth-address","$v":"Bluetooth adresi"},{"$i":"bluetooth-address-unavailable","$v":"Kullanılamaz"},{"$i":"bt-status-nopaired","$v":"Eşleştirilmiş aygıt yok"},{"$i":"bt-status-turnoff","$v":"Kapalı"},{"$i":"bt-status-paired","$v":{"zero":[{"t":"idOrVar","v":"name"}],"one":[{"t":"idOrVar","v":"name"},", +",{"t":"idOrVar","v":"n"}," daha"],"two":[{"t":"idOrVar","v":"name"},", +",{"t":"idOrVar","v":"n"}," daha"],"few":[{"t":"idOrVar","v":"name"},", +",{"t":"idOrVar","v":"n"}," daha"],"many":[{"t":"idOrVar","v":"name"},", +",{"t":"idOrVar","v":"n"}," daha"],"other":[{"t":"idOrVar","v":"name"},", +",{"t":"idOrVar","v":"n"}," daha"]},"$x":[{"t":"idOrVar","v":"plural"},"n"]},{"$i":"device-status-tap-connect","$v":"Bağlanmak için dokunun"},{"$i":"device-status-pairing","$v":"Aygıtla eşleştiriliyor…"},{"$i":"device-status-waiting","$v":"Diğer aygıt bekleniyor…"},{"$i":"device-status-paired","$v":"Eşleştirildi"},{"$i":"device-status-connecting","$v":"Bağlanıyor…"},{"$i":"device-status-connected","$v":"Bağlandı"},{"$i":"device-status-connected-phone","$v":"Telefon sesine bağlandı"},{"$i":"device-status-connected-media","$v":"Medya sesine bağlandı"},{"$i":"device-status-connected-phone-media","$v":"Telefon/medya sesine bağlandı"},{"$i":"device-option-unpair","$v":"Eşleşmeyi kes"},{"$i":"device-option-confirm","$v":"Onayla"},{"$i":"device-option-unpair-confirmation","$v":"Onay"},{"$i":"device-option-unpair-device","$v":"Eşleşme iptal edilsin mi?"},{"$i":"device-option-connect","$v":"Bağlan"},{"$i":"device-option-disconnect","$v":"Bağlantıyı kes"},{"$i":"search-for-device","$v":"Aygıtlar aranıyor…"},{"$i":"search-device","$v":"Aygıtları ara"},{"$i":"rename-device","$v":"Aygıtımın adını değiştir"},{"$i":"unnamed-device","$v":"Bilinmeyen aygıt"},{"$i":"change-phone-name","$v":"Telefon adını değiştir"},{"$i":"change-phone-name-desc","$v":"Aygıtınızın bilgisayarınızda görünen adını değiştirin"},{"$i":"bluetooth-new-name","$v":"Yeni ad"},{"$i":"error-pair-title","$v":"Aygıtlar eşleştirilemedi"},{"$i":"error-pair-pincode","$v":"Aygıtla eşleştirilemedi. PIN'i kontrol edin."},{"$i":"error-pair-toofast","$v":"Aygıtla eşleştirilemedi. Çok fazla istek."},{"$i":"error-connect-title","$v":"Aygıtlar bağlanamadı"},{"$i":"error-connect-msg","$v":"Bağlanmaya çalıştığınız aygıtın hâlâ kapsama alanında olduğunu ve Bluetooth'un açık olduğunu kontrol edin."},{"$i":"unpair-title","$v":"Bağlı aygıtın eşlemesi iptal edilsin mi?"},{"$i":"unpair-msg","$v":"Şu anda bu aygıta bağlısınız. Eşlemeyi iptal ederseniz bağlantınız kesilecektir."},{"$i":"bluetooth","$v":"Bluetooth"},{"$i":"confirmation","$v":"Onay"},{"$i":"bluetooth-status-description","$v":"Bluetooth devre dışı"},{"$i":"turn-bluetooth-on","$v":"Bluetooth'u açmak istiyor musunuz?"},{"$i":"cancel","$v":"İptal"},{"$i":"turn-on","$v":"Aç"},{"$i":"error-transfer-title","$v":"Bluetooth dosya aktarımı başarısız oldu"},{"$i":"error-transfer-settings","$v":"Bluetooth dosya aktarımı başarısız oldu. Bluetooth ayarlarının doğruluğunu kontrol edin."},{"$i":"ok","$v":"Tamam"},{"$i":"pair","$v":"Eşleştir"},{"$i":"active-pair","$v":"Eşleştirilecek cihazları onaylayın"},{"$i":"active-pair-confirmation","$v":[{"t":"idOrVar","v":"device"}," ile eşleştirmek için her iki cihazda da şu PIN'in göründüğünden emin olun:"]},{"$i":"active-pair-pincode","$v":[{"t":"idOrVar","v":"device"}," ile eşleştirmek için cihazdaki PIN'i girin."]},{"$i":"active-pair-passkey","$v":[{"t":"idOrVar","v":"device"}," ile eşleştirmek için cihazdaki parolayı girin."]},{"$i":"passive-pair","$v":"Bluetooth eşleştirme isteği"},{"$i":"passive-pair-confirmation","$v":[{"t":"idOrVar","v":"device"}," bu telefonla eşleşmek istiyor. Kabul etmek için şu anda her iki cihazda da şu PIN'in göründüğünden emin olun:"]},{"$i":"passive-pair-pincode","$v":[{"t":"idOrVar","v":"device"}," bu telefonla eşleşmek istiyor. Kabul etmek için cihazdaki PIN'i girin."]},{"$i":"passive-pair-passkey","$v":[{"t":"idOrVar","v":"device"}," bu telefonla eşleşmek istiyor. Kabul etmek için cihazdaki parolayı girin."]},{"$i":"pair-view-title","$v":"Bluetooth istek formu"},{"$i":"bluetooth-pairing-request-now-title","$v":"Bluetooth eşleştirme isteği"},{"$i":"pairing-request-timeout-title","$v":"Bluetooth eşleştirme isteği"},{"$i":"pairing-request-timeout-description","$v":"Bluetooth eşleştirme isteği zaman aşımına uğradı. Yeniden eşleştirmeyi deneyin."}]