[{"$i":"bluetooth-header","$v":[{"t":"idOrVar","v":"bluetooth"}]},{"$i":"bluetooth-enable-msg","$v":"打开蓝牙以查看该区域内的设备。"},{"$i":"bluetooth-paired-devices","$v":"已配对的设备"},{"$i":"bluetooth-devices-in-area","$v":"附近的设备"},{"$i":"bluetooth-visible-to-all","$v":"对所有设备公开"},{"$i":"bluetooth-name-maxlength-alert","$v":["您的设备名长度超过 ",{"t":"idOrVar","v":"length"}," 个字符，请重试。"]},{"$i":"bluetooth-address","$v":"蓝牙地址"},{"$i":"bluetooth-address-unavailable","$v":"不可用"},{"$i":"bt-status-nopaired","$v":"没有已配对的设备"},{"$i":"bt-status-turnoff","$v":"关闭"},{"$i":"bt-status-paired","$v":{"zero":[{"t":"idOrVar","v":"name"}],"one":[{"t":"idOrVar","v":"name"},", 以及其他 ",{"t":"idOrVar","v":"n"}," 个"],"two":[{"t":"idOrVar","v":"name"},", 以及其他 ",{"t":"idOrVar","v":"n"}," 个"],"few":[{"t":"idOrVar","v":"name"},", 以及其他 ",{"t":"idOrVar","v":"n"}," 个"],"many":[{"t":"idOrVar","v":"name"},", 以及其他 ",{"t":"idOrVar","v":"n"}," 个"],"other":[{"t":"idOrVar","v":"name"},", 以及其他 ",{"t":"idOrVar","v":"n"}," 个"]},"$x":[{"t":"idOrVar","v":"plural"},"n"]},{"$i":"device-status-tap-connect","$v":"点按以连接"},{"$i":"device-status-pairing","$v":"与设备配对"},{"$i":"device-status-waiting","$v":"正在等待其他设备…"},{"$i":"device-status-paired","$v":"已配对"},{"$i":"device-status-connecting","$v":"正在连接..."},{"$i":"device-status-connected","$v":"已连接。"},{"$i":"device-status-connected-phone","$v":"已连接至手机音频"},{"$i":"device-status-connected-media","$v":"已连接至媒体音频"},{"$i":"device-status-connected-phone-media","$v":"已连接至手机/媒体音频"},{"$i":"device-option-unpair","$v":"取消配对"},{"$i":"device-option-confirm","$v":"确定"},{"$i":"device-option-unpair-confirmation","$v":"确认"},{"$i":"device-option-unpair-device","$v":"取消配对设备？"},{"$i":"device-option-connect","$v":"连接"},{"$i":"device-option-disconnect","$v":"断开"},{"$i":"search-for-device","$v":"正在搜索设备…"},{"$i":"search-device","$v":"搜索设备"},{"$i":"rename-device","$v":"重命名我的设备"},{"$i":"unnamed-device","$v":"未知设备"},{"$i":"change-phone-name","$v":"更改手机名称"},{"$i":"change-phone-name-desc","$v":"更改您的计算机上显示的设备名称"},{"$i":"bluetooth-new-name","$v":"新名称"},{"$i":"error-pair-title","$v":"无法与设备配对"},{"$i":"error-pair-pincode","$v":"无法与设备配对，请检查 PIN 是否正确。"},{"$i":"error-pair-toofast","$v":"无法配对设备，请求过多。"},{"$i":"error-connect-title","$v":"无法连接设备"},{"$i":"error-connect-msg","$v":"请检查您试图连接的设备仍在范围内并且蓝牙已打开。"},{"$i":"unpair-title","$v":"将已连接的设备取消配对？"},{"$i":"unpair-msg","$v":"您目前已连接到此设备，取消配对也将与其断开连接。"},{"$i":"bluetooth","$v":"蓝牙"},{"$i":"confirmation","$v":"确认"},{"$i":"bluetooth-status-description","$v":"蓝牙已禁用"},{"$i":"turn-bluetooth-on","$v":"要打开蓝牙吗？"},{"$i":"cancel","$v":"取消"},{"$i":"turn-on","$v":"打开"},{"$i":"error-transfer-title","$v":"蓝牙文件传输失败"},{"$i":"error-transfer-settings","$v":"蓝牙文件传输失败。请检查蓝牙设置是否正确。"},{"$i":"ok","$v":"确定"},{"$i":"pair","$v":"配对"},{"$i":"active-pair","$v":"确认设备以配对"},{"$i":"active-pair-confirmation","$v":["要与 ",{"t":"idOrVar","v":"device"}," 配对，请确认两个设备当前都显示了以下 PIN："]},{"$i":"active-pair-pincode","$v":["要与 ",{"t":"idOrVar","v":"device"}," 配对，请在设备上输入 PIN。"]},{"$i":"active-pair-passkey","$v":["要与“",{"t":"idOrVar","v":"device"},"”配对，请在设备上输入密钥。"]},{"$i":"passive-pair","$v":"蓝牙配对请求"},{"$i":"passive-pair-confirmation","$v":[{"t":"idOrVar","v":"device"}," 请求与此手机配对。如果同意，请确认两个设备当前都显示了以下 PIN："]},{"$i":"passive-pair-pincode","$v":[{"t":"idOrVar","v":"device"}," 请求与此手机配对。如果同意，请在设备上输入 PIN。"]},{"$i":"passive-pair-passkey","$v":["“",{"t":"idOrVar","v":"device"},"”请求与此手机配对。如果同意，请在设备上输入密钥。"]},{"$i":"pair-view-title","$v":"蓝牙请求来自"},{"$i":"bluetooth-pairing-request-now-title","$v":"蓝牙配对请求"},{"$i":"pairing-request-timeout-title","$v":"蓝牙配对请求"},{"$i":"pairing-request-timeout-description","$v":"蓝牙配对请求已过期。请重新尝试配对。"}]