[{"$i":"bluetooth-header","$v":[{"t":"idOrVar","v":"bluetooth"}]},{"$i":"bluetooth-enable-msg","$v":"開啟藍牙以檢視附近的裝置。"},{"$i":"bluetooth-paired-devices","$v":"已配對裝置"},{"$i":"bluetooth-devices-in-area","$v":"附近的裝置"},{"$i":"bluetooth-visible-to-all","$v":"讓所有人可見"},{"$i":"bluetooth-name-maxlength-alert","$v":["您的裝置名稱超過 ",{"t":"idOrVar","v":"length"}," 字元，請重試。"]},{"$i":"bluetooth-address","$v":"藍牙地址"},{"$i":"bluetooth-address-unavailable","$v":"無法使用"},{"$i":"bt-status-nopaired","$v":"沒有已經配對的裝置"},{"$i":"bt-status-turnoff","$v":"已關閉"},{"$i":"bt-status-paired","$v":{"zero":[{"t":"idOrVar","v":"name"}],"one":[{"t":"idOrVar","v":"name"},"，還有 ",{"t":"idOrVar","v":"n"}," 個"],"two":[{"t":"idOrVar","v":"name"},"，還有 ",{"t":"idOrVar","v":"n"}," 個"],"few":[{"t":"idOrVar","v":"name"},"，還有 ",{"t":"idOrVar","v":"n"}," 個"],"many":[{"t":"idOrVar","v":"name"},"，還有 ",{"t":"idOrVar","v":"n"}," 個"],"other":[{"t":"idOrVar","v":"name"},"，還有 ",{"t":"idOrVar","v":"n"}," 個"]},"$x":[{"t":"idOrVar","v":"plural"},"n"]},{"$i":"device-status-tap-connect","$v":"點擊以連線"},{"$i":"device-status-pairing","$v":"正在配對…"},{"$i":"device-status-waiting","$v":"正在等待另一台裝置…"},{"$i":"device-status-paired","$v":"已配對"},{"$i":"device-status-connecting","$v":"連線中…"},{"$i":"device-status-connected","$v":"已連線"},{"$i":"device-status-connected-phone","$v":"已連結至手機音訊"},{"$i":"device-status-connected-media","$v":"已連結至媒體音訊"},{"$i":"device-status-connected-phone-media","$v":"已連結至手機/媒體音訊"},{"$i":"device-option-unpair","$v":"取消配對"},{"$i":"device-option-confirm","$v":"確認"},{"$i":"device-option-unpair-confirmation","$v":"確認"},{"$i":"device-option-unpair-device","$v":"取消配對裝置？"},{"$i":"device-option-connect","$v":"連線"},{"$i":"device-option-disconnect","$v":"取消連線"},{"$i":"search-for-device","$v":"正在搜尋裝置…"},{"$i":"search-device","$v":"搜尋裝置"},{"$i":"rename-device","$v":"修改我的裝置名稱"},{"$i":"unnamed-device","$v":"未知的裝置"},{"$i":"change-phone-name","$v":"修改手機名稱"},{"$i":"change-phone-name-desc","$v":"修改您的裝置要顯示在電腦裡的名稱"},{"$i":"bluetooth-new-name","$v":"新增名稱"},{"$i":"error-pair-title","$v":"無法與裝置配對"},{"$i":"error-pair-pincode","$v":"無法與裝置配對。請確定 PIN 正確。"},{"$i":"error-pair-toofast","$v":"太多請求，無法與裝置配對。"},{"$i":"error-connect-title","$v":"無法連線到裝置"},{"$i":"error-connect-msg","$v":"請確定您想要連線到的裝置還在附近，藍牙也仍然開啟。"},{"$i":"unpair-title","$v":"取消已連線裝置的配對？"},{"$i":"unpair-msg","$v":"您目前已連接到此裝置。取消配對的同時也將會取消連線。"},{"$i":"bluetooth","$v":"藍牙"},{"$i":"confirmation","$v":"確認"},{"$i":"bluetooth-status-description","$v":"藍牙已關閉"},{"$i":"turn-bluetooth-on","$v":"您想要開啓藍牙嗎？"},{"$i":"cancel","$v":"取消"},{"$i":"turn-on","$v":"開啟"},{"$i":"error-transfer-title","$v":"藍牙檔案傳輸失敗"},{"$i":"error-transfer-settings","$v":"藍牙檔案傳輸失敗。請檢查藍牙設定是否正確。"},{"$i":"ok","$v":"確定"},{"$i":"pair","$v":"配對"},{"$i":"active-pair","$v":"確認要配對的裝置"},{"$i":"active-pair-confirmation","$v":["若要與 ",{"t":"idOrVar","v":"device"}," 配對，請確定裝置雙方目前皆顯示下列 PIN:"]},{"$i":"active-pair-pincode","$v":["若要與 ",{"t":"idOrVar","v":"device"}," 配對，請在裝置上輸入 PIN。"]},{"$i":"active-pair-passkey","$v":["若要與 ",{"t":"idOrVar","v":"device"}," 配對，請在裝置上輸入配對金鑰。"]},{"$i":"passive-pair","$v":"藍牙配對請求"},{"$i":"passive-pair-confirmation","$v":[{"t":"idOrVar","v":"device"}," 想要與這支手機配對。若要接受配對請求，請確定裝置雙方目前皆顯示下列 PIN:"]},{"$i":"passive-pair-pincode","$v":[{"t":"idOrVar","v":"device"}," 想要與這支手機配對。若要接受配對請求，請在裝置上輸入 PIN。"]},{"$i":"passive-pair-passkey","$v":[{"t":"idOrVar","v":"device"}," 想要與這支手機配對。若要接受配對請求，請在裝置上輸入配對金鑰。"]},{"$i":"pair-view-title","$v":"藍牙請求來自"},{"$i":"bluetooth-pairing-request-now-title","$v":"藍牙配對請求"},{"$i":"pairing-request-timeout-title","$v":"藍牙配對請求"},{"$i":"pairing-request-timeout-description","$v":"藍牙配對請求已逾時，請重新配對。"}]