[{"$i":"stopped_download_title","$v":"Baixada aturada"},{"$i":"stopped_download_message","$v":"La baixada s'ha aturat. Voleu tornar-ho a provar?"},{"$i":"stopped_download_left_button","$v":"Cancel·la"},{"$i":"stopped_download_right_button","$v":"Reintenta"},{"$i":"failed_download_title","$v":"Ha fallat la baixada"},{"$i":"failed_download_message","$v":["Ha fallat la baixada de ",{"t":"idOrVar","v":"name"},". Voleu tornar-ho a provar?"]},{"$i":"failed_download_left_button","$v":"Cancel·la"},{"$i":"failed_download_right_button","$v":"Reintenta"},{"$i":"stop_download_title","$v":"Atura la baixada"},{"$i":"stop_download_message","$v":"Segur que voleu aturar la baixada?"},{"$i":"stop_download_left_button","$v":"No"},{"$i":"stop_download_right_button","$v":"Sí"},{"$i":"delete_download_title","$v":"Elimina"},{"$i":"delete_download_message","$v":["Voleu eliminar ",{"t":"idOrVar","v":"name"},"?"]},{"$i":"delete_download_left_button","$v":"Cancel·la"},{"$i":"delete_download_right_button","$v":"Elimina"},{"$i":"delete_all_download_title","$v":"Elimina"},{"$i":"delete_all_download_left_button","$v":"Cancel·la"},{"$i":"delete_all_download_right_button","$v":"Elimina"},{"$i":"delete_all_download_message","$v":{"zero":"No voleu eliminar cap fitxer?","one":"Voleu eliminar un fitxer?","two":["Voleu eliminar ",{"t":"idOrVar","v":"number"}," fitxers?"],"few":["Voleu eliminar ",{"t":"idOrVar","v":"number"}," fitxers?"],"many":["Voleu eliminar ",{"t":"idOrVar","v":"number"}," fitxers?"],"other":["Voleu eliminar ",{"t":"idOrVar","v":"number"}," fitxers?"]},"$x":[{"t":"idOrVar","v":"plural"},"number"]},{"$i":"unsupported_file_type_download_title","$v":"No es pot obrir"},{"$i":"unsupported_file_type_download_message","$v":["No hi ha cap aplicació que pugui obrir ",{"t":"idOrVar","v":"name"},". Voleu desar el fitxer o eliminar-lo?"]},{"$i":"unsupported_file_type_download_left_button","$v":"Desa el fitxer"},{"$i":"unsupported_file_type_download_right_button","$v":"Elimina"},{"$i":"file_not_found_download_title","$v":"No s'ha trobat el fitxer"},{"$i":"file_not_found_download_message","$v":"No s'ha trobat el fitxer en el dispositiu"},{"$i":"file_not_found_download_right_button","$v":"D'acord"},{"$i":"unmounted_sdcard_2_download_title","$v":"La targeta de memòria és en ús"},{"$i":"unmounted_sdcard_2_download_message","$v":"Desconnecteu el telèfon"},{"$i":"unmounted_sdcard_2_download_right_button","$v":"D'acord"},{"$i":"no_provider_download_title","$v":"No es pot compartir"},{"$i":"no_provider_download_message","$v":"No s'ha trobat cap proveïdor"},{"$i":"no_provider_download_right_button","$v":"D'acord"},{"$i":"no_memory_download_title","$v":"La targeta SD és plena"},{"$i":"no_memory_download_message","$v":"No hi ha prou espai a la targeta SD per desar la baixada. Elimineu alguns fitxers abans de reiniciar la baixada."},{"$i":"no_memory_download_right_button","$v":"D'acord"},{"$i":"no_sdcard_found_2_download_title","$v":"No s'ha trobat cap targeta de memòria"},{"$i":"no_sdcard_found_2_download_message","$v":"Inseriu una targeta de memòria o trieu una ubicació alternativa per defecte als paràmetres"},{"$i":"no_sdcard_found_2_download_right_button","$v":"D'acord"},{"$i":"file_open_error_download_title","$v":"No es pot obrir"},{"$i":"file_open_error_download_message","$v":["Hi ha un problema per obrir ",{"t":"idOrVar","v":"name"},". Voleu desar el fitxer o eliminar-lo?"]},{"$i":"file_open_error_download_left_button","$v":"Desa el fitxer"},{"$i":"file_open_error_download_right_button","$v":"Elimina"},{"$i":"restart_download_error","$v":"S'ha produït un error en reiniciar la baixada. Torneu-ho a intentar."},{"$i":"no-downloads","$v":"Cap baixada"},{"$i":"byteUnit-B","$v":"B"},{"$i":"byteUnit-KB","$v":"kB"},{"$i":"byteUnit-MB","$v":"MB"},{"$i":"byteUnit-GB","$v":"GB"},{"$i":"byteUnit-TB","$v":"TB"},{"$i":"fileSize","$v":[{"t":"idOrVar","v":"size"}," ",{"t":"idOrVar","v":"unit"}]},{"$i":"percentage","$v":[{"t":"idOrVar","v":"percentage"}," %"]},{"$i":"partialResult","$v":[{"t":"idOrVar","v":"partial"}," de ",{"t":"idOrVar","v":"total"}]},{"$i":"summary","$v":[{"t":"idOrVar","v":"date"}," - ",{"t":"idOrVar","v":"status"}]},{"$i":"download-stopped","$v":"Aturada"},{"$i":"download-failed","$v":"Ha fallat la baixada"},{"$i":"open_downloaded_file","$v":"Obre"},{"$i":"share_downloaded_file","$v":"Comparteix"},{"$i":"wallpaper_downloaded_file","$v":"Defineix com a fons"},{"$i":"ringtone_downloaded_file","$v":"Desa com a to de trucada"},{"$i":"cancel_downloaded_file","$v":"Cancel·la"},{"$i":"brandShortName","$v":"B2G OS"},{"$i":"browserBrandShortName","$v":"Web Browser"},{"$i":"browserBrandFullName","$v":"Mozilla Web Browser"},{"$i":"ringtoneBrandName","$v":"Default"},{"$i":"ringtoneSectionBrandName","$v":"System"},{"$i":"weekday-0-long","$v":"diumenge"},{"$i":"weekday-1-long","$v":"dilluns"},{"$i":"weekday-2-long","$v":"dimarts"},{"$i":"weekday-3-long","$v":"dimecres"},{"$i":"weekday-4-long","$v":"dijous"},{"$i":"weekday-5-long","$v":"divendres"},{"$i":"weekday-6-long","$v":"dissabte"},{"$i":"weekday-0-short","$v":"dg"},{"$i":"weekday-1-short","$v":"dl"},{"$i":"weekday-2-short","$v":"dt"},{"$i":"weekday-3-short","$v":"dc"},{"$i":"weekday-4-short","$v":"dj"},{"$i":"weekday-5-short","$v":"dv"},{"$i":"weekday-6-short","$v":"ds"},{"$i":"month-0-long","$v":"gener"},{"$i":"month-1-long","$v":"febrer"},{"$i":"month-2-long","$v":"març"},{"$i":"month-3-long","$v":"abril"},{"$i":"month-4-long","$v":"maig"},{"$i":"month-5-long","$v":"juny"},{"$i":"month-6-long","$v":"juliol"},{"$i":"month-7-long","$v":"agost"},{"$i":"month-8-long","$v":"setembre"},{"$i":"month-9-long","$v":"octubre"},{"$i":"month-10-long","$v":"novembre"},{"$i":"month-11-long","$v":"desembre"},{"$i":"month-0-genitive","$v":"de gener"},{"$i":"month-1-genitive","$v":"de febrer"},{"$i":"month-2-genitive","$v":"de març"},{"$i":"month-3-genitive","$v":"d'abril"},{"$i":"month-4-genitive","$v":"de maig"},{"$i":"month-5-genitive","$v":"de juny"},{"$i":"month-6-genitive","$v":"de juliol"},{"$i":"month-7-genitive","$v":"d'agost"},{"$i":"month-8-genitive","$v":"de setembre"},{"$i":"month-9-genitive","$v":"d'octubre"},{"$i":"month-10-genitive","$v":"de novembre"},{"$i":"month-11-genitive","$v":"de desembre"},{"$i":"month-0-short","$v":"gen"},{"$i":"month-1-short","$v":"febr"},{"$i":"month-2-short","$v":"març"},{"$i":"month-3-short","$v":"abr"},{"$i":"month-4-short","$v":"maig"},{"$i":"month-5-short","$v":"juny"},{"$i":"month-6-short","$v":"jul"},{"$i":"month-7-short","$v":"ag"},{"$i":"month-8-short","$v":"set"},{"$i":"month-9-short","$v":"oct"},{"$i":"month-10-short","$v":"nov"},{"$i":"month-11-short","$v":"des"},{"$i":"minutes-ago-long","$v":{"zero":"ara","one":"fa un minut","two":["fa ",{"t":"idOrVar","v":"value"}," minuts"],"few":["fa ",{"t":"idOrVar","v":"value"}," minuts"],"many":["fa ",{"t":"idOrVar","v":"value"}," minuts"],"other":["fa ",{"t":"idOrVar","v":"value"}," minuts"]},"$x":[{"t":"idOrVar","v":"plural"},"value"]},{"$i":"hours-ago-long","$v":{"zero":"ara","one":"fa una hora","two":["fa ",{"t":"idOrVar","v":"value"}," hores"],"few":["fa ",{"t":"idOrVar","v":"value"}," hores"],"many":["fa ",{"t":"idOrVar","v":"value"}," hores"],"other":["fa ",{"t":"idOrVar","v":"value"}," hores"]},"$x":[{"t":"idOrVar","v":"plural"},"value"]},{"$i":"days-ago-long","$v":{"zero":"avui","one":"ahir","two":["fa ",{"t":"idOrVar","v":"value"}," dies"],"few":["fa ",{"t":"idOrVar","v":"value"}," dies"],"many":["fa ",{"t":"idOrVar","v":"value"}," dies"],"other":["fa ",{"t":"idOrVar","v":"value"}," dies"]},"$x":[{"t":"idOrVar","v":"plural"},"value"]},{"$i":"weeks-ago-long","$v":{"zero":"aquesta setmana","one":"la setmana passada","two":["fa ",{"t":"idOrVar","v":"value"}," setmanes"],"few":["fa ",{"t":"idOrVar","v":"value"}," setmanes"],"many":["fa ",{"t":"idOrVar","v":"value"}," setmanes"],"other":["fa ",{"t":"idOrVar","v":"value"}," setmanes"]},"$x":[{"t":"idOrVar","v":"plural"},"value"]},{"$i":"months-ago-long","$v":{"zero":"aquest mes","one":"el mes passat","two":["fa ",{"t":"idOrVar","v":"value"}," mesos"],"few":["fa ",{"t":"idOrVar","v":"value"}," mesos"],"many":["fa ",{"t":"idOrVar","v":"value"}," mesos"],"other":["fa ",{"t":"idOrVar","v":"value"}," mesos"]},"$x":[{"t":"idOrVar","v":"plural"},"value"]},{"$i":"years-ago-long","$v":{"zero":"enguany","one":"l'any passat","two":["fa ",{"t":"idOrVar","v":"value"}," anys"],"few":["fa ",{"t":"idOrVar","v":"value"}," anys"],"many":["fa ",{"t":"idOrVar","v":"value"}," anys"],"other":["fa ",{"t":"idOrVar","v":"value"}," anys"]},"$x":[{"t":"idOrVar","v":"plural"},"value"]},{"$i":"minutes-until-long","$v":{"zero":"ara","one":"d'aquí un minut","two":["d'aquí ",{"t":"idOrVar","v":"value"}," minuts"],"few":["d'aquí ",{"t":"idOrVar","v":"value"}," minuts"],"many":["d'aquí ",{"t":"idOrVar","v":"value"}," minuts"],"other":["d'aquí ",{"t":"idOrVar","v":"value"}," minuts"]},"$x":[{"t":"idOrVar","v":"plural"},"value"]},{"$i":"hours-until-long","$v":{"zero":"ara","one":"d'aquí una hora","two":["d'aquí ",{"t":"idOrVar","v":"value"}," hores"],"few":["d'aquí ",{"t":"idOrVar","v":"value"}," hores"],"many":["d'aquí ",{"t":"idOrVar","v":"value"}," hores"],"other":["d'aquí ",{"t":"idOrVar","v":"value"}," hores"]},"$x":[{"t":"idOrVar","v":"plural"},"value"]},{"$i":"days-until-long","$v":{"zero":"avui","one":"demà","two":["d'aquí ",{"t":"idOrVar","v":"value"}," dies"],"few":["d'aquí ",{"t":"idOrVar","v":"value"}," dies"],"many":["d'aquí ",{"t":"idOrVar","v":"value"}," dies"],"other":["d'aquí ",{"t":"idOrVar","v":"value"}," dies"]},"$x":[{"t":"idOrVar","v":"plural"},"value"]},{"$i":"weeks-until-long","$v":{"zero":"aquesta setmana","one":"la setmana que ve","two":["d'aquí ",{"t":"idOrVar","v":"value"}," setmanes"],"few":["d'aquí ",{"t":"idOrVar","v":"value"}," setmanes"],"many":["d'aquí ",{"t":"idOrVar","v":"value"}," setmanes"],"other":["d'aquí ",{"t":"idOrVar","v":"value"}," setmanes"]},"$x":[{"t":"idOrVar","v":"plural"},"value"]},{"$i":"months-until-long","$v":{"zero":"aquest mes","one":"el mes que ve","two":["d'aquí ",{"t":"idOrVar","v":"value"}," mesos"],"few":["d'aquí ",{"t":"idOrVar","v":"value"}," mesos"],"many":["d'aquí ",{"t":"idOrVar","v":"value"}," mesos"],"other":["d'aquí ",{"t":"idOrVar","v":"value"}," mesos"]},"$x":[{"t":"idOrVar","v":"plural"},"value"]},{"$i":"years-until-long","$v":{"zero":"enguany","one":"l'any que ve","two":["d'aquí ",{"t":"idOrVar","v":"value"}," anys"],"few":["d'aquí ",{"t":"idOrVar","v":"value"}," anys"],"many":["d'aquí ",{"t":"idOrVar","v":"value"}," anys"],"other":["d'aquí ",{"t":"idOrVar","v":"value"}," anys"]},"$x":[{"t":"idOrVar","v":"plural"},"value"]},{"$i":"minutes-ago-short","$v":{"zero":"ara","other":["fa ",{"t":"idOrVar","v":"value"}," m"]},"$x":[{"t":"idOrVar","v":"plural"},"value"]},{"$i":"hours-ago-short","$v":{"zero":"ara","other":["fa ",{"t":"idOrVar","v":"value"}," h"]},"$x":[{"t":"idOrVar","v":"plural"},"value"]},{"$i":"days-ago-short","$v":{"zero":"avui","other":["fa ",{"t":"idOrVar","v":"value"}," d"]},"$x":[{"t":"idOrVar","v":"plural"},"value"]},{"$i":"minutes-until-short","$v":{"zero":"ara","other":["d'aquí ",{"t":"idOrVar","v":"value"}," m"]},"$x":[{"t":"idOrVar","v":"plural"},"value"]},{"$i":"hours-until-short","$v":{"zero":"ara","other":["d'aquí ",{"t":"idOrVar","v":"value"}," h"]},"$x":[{"t":"idOrVar","v":"plural"},"value"]},{"$i":"days-until-short","$v":{"zero":"avui","other":["d'aquí ",{"t":"idOrVar","v":"value"}," d"]},"$x":[{"t":"idOrVar","v":"plural"},"value"]},{"$i":"incorrectDate","$v":"(data no vàlida)"},{"$i":"dateTimeFormat_%c","$v":"%a %e %Eb, %Y %H:%M:%S"},{"$i":"dateTimeFormat_%x","$v":"%d/%m/%Y"},{"$i":"dateTimeFormat_%X","$v":"%H:%M:%S"},{"$i":"shortTimeFormat","$v":"%H:%M"},{"$i":"shortTimeFormat12","$v":"%I:%M %p"},{"$i":"shortTimeFormat24","$v":"%H:%M"},{"$i":"shortDateTimeFormat","$v":"%x %H:%M"},{"$i":"weekStartsOnMonday","$v":"1"},{"$i":"firstDayOfTheWeek","$v":"0"},{"$i":"time_am","$v":"am"},{"$i":"time_pm","$v":"pm"},{"$i":"title-app","$v":"Permís d'aplicació"},{"$i":"title-web","$v":"Permís de lloc web"},{"$i":"title-cam","$v":"Trieu la càmera"},{"$i":"perm-alarms","$v":"Programar alarmes"},{"$i":"perm-audio-capture","$v":"Micròfon"},{"$i":"perm-audio-capture-appRequest","$v":["Voleu compartir el micròfon amb l'aplicació ",{"t":"idOrVar","v":"app"},"?"]},{"$i":"perm-audio-capture-webRequest","$v":["Voleu compartir el micròfon amb ",{"t":"idOrVar","v":"site"},"?"]},{"$i":"perm-audio-channel-content","$v":"Reproduir sons"},{"$i":"perm-audio-channel-notification","$v":"Reproduir sons de notificació"},{"$i":"perm-audio-channel-ringer","$v":"Reproduir tons de trucada"},{"$i":"perm-background-sensors","$v":"Accedir a dades dels sensors"},{"$i":"perm-bluetooth","$v":"Bluetooth"},{"$i":"perm-browser","$v":"Inspeccionar llocs web"},{"$i":"perm-camera","$v":"Càmeres"},{"$i":"perm-camera-selector-appRequest","$v":["Trieu una càmera per a ",{"t":"idOrVar","v":"app"},"."]},{"$i":"perm-camera-selector-webRequest","$v":["Trieu una càmera per a ",{"t":"idOrVar","v":"site"},"."]},{"$i":"perm-cellbroadcast","$v":"Difusió mòbil"},{"$i":"perm-contacts","$v":"Contactes"},{"$i":"perm-contacts-appRequest","$v":[{"t":"idOrVar","v":"app"}," vol accedir a la vostra llista de contactes."]},{"$i":"perm-contacts-webRequest","$v":[{"t":"idOrVar","v":"site"}," vol accedir a la vostra llista de contactes."]},{"$i":"perm-desktop-notification","$v":"Notificacions"},{"$i":"perm-desktop-notification-appRequest","$v":[{"t":"idOrVar","v":"app"}," vol mostrar notificacions."]},{"$i":"perm-desktop-notification-webRequest","$v":[{"t":"idOrVar","v":"site"}," vol mostrar notificacions."]},{"$i":"perm-device-storage-apps","$v":"Emmagatzematge d'aplicacions"},{"$i":"perm-device-storage-music","$v":"Emmagatzematge de música"},{"$i":"perm-device-storage-music-appRequest","$v":[{"t":"idOrVar","v":"app"}," vol accedir a la vostra música."]},{"$i":"perm-device-storage-music-webRequest","$v":[{"t":"idOrVar","v":"site"}," vol accedir a la vostra música."]},{"$i":"perm-device-storage-pictures","$v":"Emmagatzematge d'imatges"},{"$i":"perm-device-storage-pictures-appRequest","$v":[{"t":"idOrVar","v":"app"}," vol accedir a les vostres imatges."]},{"$i":"perm-device-storage-pictures-webRequest","$v":[{"t":"idOrVar","v":"site"}," vol accedir a les vostres imatges."]},{"$i":"perm-device-storage-sdcard","$v":"Emmagatzematge de la targeta de memòria"},{"$i":"perm-device-storage-sdcard-appRequest","$v":[{"t":"idOrVar","v":"app"}," vol accedir a la targeta de memòria."]},{"$i":"perm-device-storage-sdcard-webRequest","$v":[{"t":"idOrVar","v":"site"}," vol accedir a la targeta de memòria."]},{"$i":"perm-device-storage-videos","$v":"Emmagatzematge de vídeos"},{"$i":"perm-device-storage-videos-appRequest","$v":[{"t":"idOrVar","v":"app"}," vol accedir als vostres vídeos."]},{"$i":"perm-device-storage-videos-webRequest","$v":[{"t":"idOrVar","v":"site"}," vol accedir als vostres vídeos."]},{"$i":"perm-embed-apps","$v":"Incrustar aplicacions"},{"$i":"perm-fmradio","$v":"Ràdio FM"},{"$i":"perm-fmradio-appRequest","$v":[{"t":"idOrVar","v":"app"}," vol utilitzar la ràdio FM."]},{"$i":"perm-fmradio-webRequest","$v":[{"t":"idOrVar","v":"site"}," vol utilitzar la ràdio FM."]},{"$i":"perm-geolocation","$v":"Geolocalització"},{"$i":"perm-geolocation-appRequest","$v":[{"t":"idOrVar","v":"app"}," vol conèixer la vostra ubicació."]},{"$i":"perm-geolocation-more-info","$v":["El ",{"t":"idOrVar","v":"brandShortName"}," utilitza dades del GPS i de les xarxes Wi-Fi i mòbils properes per ajudar a determinar la vostra ubicació aproximada. Les dades s'envien a Mozilla i a altres proveïdors de serveis i s'utilitzen a l'engròs per millorar la precisió de les bases de dades d'ubicacions. Les dades s'emmagatzemen en el vostre dispositiu i poden recollir-se fins i tot quan no s'executi cap aplicació."]},{"$i":"perm-geolocation-webRequest","$v":[{"t":"idOrVar","v":"site"}," vol conèixer la vostra ubicació."]},{"$i":"perm-idle","$v":"Conèixer l'estat d'inactivitat"},{"$i":"perm-indexedDB-chrome-settings","$v":"IndexedDB privilegiat"},{"$i":"perm-indexedDB-unlimited","$v":"Emmagatzematge IndexedDB il·limitat"},{"$i":"perm-input-manage","$v":"Gestionar teclats"},{"$i":"perm-input","$v":"Actuar com un teclat"},{"$i":"perm-media-capture","$v":"Càmera i micròfon"},{"$i":"perm-media-capture-appRequest","$v":["Voleu compartir la càmera i el micròfon amb l'aplicació ",{"t":"idOrVar","v":"app"},"?"]},{"$i":"perm-media-capture-webRequest","$v":["Voleu compartir la càmera i el micròfon amb ",{"t":"idOrVar","v":"site"},"?"]},{"$i":"perm-mobileconnection","$v":"Connexió mòbil"},{"$i":"perm-mobileid","$v":"Identitat del mòbil"},{"$i":"perm-network-events","$v":"Esdeveniments de xarxa"},{"$i":"perm-open-remote-window","$v":"Iniciar una aplicació"},{"$i":"perm-permissions","$v":"Modificar permisos d'aplicacions"},{"$i":"perm-power","$v":"Paràmetres d'energia"},{"$i":"perm-settings","$v":"Modificar paràmetres"},{"$i":"perm-systemXHR","$v":"Sol·licituds multiorigen"},{"$i":"perm-telephony","$v":"Telefonia"},{"$i":"perm-video-capture","$v":"Càmera"},{"$i":"perm-video-capture-appRequest","$v":["Voleu compartir la càmera amb l'aplicació ",{"t":"idOrVar","v":"app"},"?"]},{"$i":"perm-video-capture-webRequest","$v":["Voleu compartir la càmera amb ",{"t":"idOrVar","v":"site"},"?"]},{"$i":"perm-voicemail","$v":"Controlar la bústia de veu"},{"$i":"perm-webapps-manage","$v":"Instal·lar aplicacions web"},{"$i":"perm-wifi-manage","$v":"Gestionar la connexió Wi-Fi"},{"$i":"perm-attention","$v":"Obrir finestres superposades"},{"$i":"perm-audio-channel-alarm","$v":"Reproduir sons d'alarmes"},{"$i":"perm-audio-channel-normal","$v":"Reproduir sons"},{"$i":"perm-audio-channel-publicnotification","$v":"Reproduir sons de notificació pública"},{"$i":"perm-audio-channel-telephony","$v":"Reproduir sons de telefonia"},{"$i":"perm-backgroundservice","$v":"Actuar com a servei en segon pla"},{"$i":"perm-device-storage-crashes","$v":"Emmagatzematge de dades de fallada"},{"$i":"perm-downloads","$v":"Accedir a les baixades"},{"$i":"perm-embed-widgets","$v":"Incrustar ginys"},{"$i":"perm-feature-detection","$v":"Detecció de característiques"},{"$i":"perm-firefox-accounts","$v":"Comptes del Firefox"},{"$i":"perm-mobilenetwork","$v":"Xarxa mòbil"},{"$i":"perm-moz-attention","$v":"Obrir finestres superposades (moz)"},{"$i":"perm-moz-audio-channel-ringer","$v":"Reproduir tons de trucada (moz)"},{"$i":"perm-moz-audio-channel-telephony","$v":"Reproduir sons de telefonia (moz)"},{"$i":"perm-moz-firefox-accounts","$v":"Comptes del Firefox (moz)"},{"$i":"perm-networkstats-manage","$v":"Controlar estadístiques d'ús"},{"$i":"perm-nfc","$v":"NFC"},{"$i":"perm-nfc-hci-events","$v":"Esdeveniments HCI NFC"},{"$i":"perm-nfc-manager","$v":"Gestionar l'NFC"},{"$i":"perm-phonenumberservice","$v":"Servei de número de telèfon"},{"$i":"perm-push","$v":"API Push"},{"$i":"perm-resourcestats-manage","$v":"Estadístiques de recursos"},{"$i":"perm-sms","$v":"Enviar i llegir SMS"},{"$i":"perm-speaker-control","$v":"Controlar el volum"},{"$i":"perm-storage","$v":"Accedir a l'emmagatzematge"},{"$i":"perm-tcp-socket","$v":"Sòcols TCP"},{"$i":"perm-test-permission","$v":"Permís de prova"},{"$i":"perm-time","$v":"Definir la data i l'hora"},{"$i":"perm-udp-socket","$v":"Sòcols UDP"},{"$i":"perm-wappush","$v":"Push WAP"},{"$i":"tz-region","$v":"Regió"},{"$i":"tz-city","$v":"Ciutat"},{"$i":"tzRegion-Africa","$v":"Àfrica"},{"$i":"tzRegion-America","$v":"Amèrica"},{"$i":"tzRegion-Antarctica","$v":"Antàrtida"},{"$i":"tzRegion-Asia","$v":"Àsia"},{"$i":"tzRegion-Atlantic","$v":"Oceà Atlàntic"},{"$i":"tzRegion-Australia","$v":"Austràlia"},{"$i":"tzRegion-Europe","$v":"Europa"},{"$i":"tzRegion-Indian","$v":"Oceà Índic"},{"$i":"tzRegion-Pacific","$v":"Oceà Pacífic"},{"$i":"ringtone-none","$v":"Cap"},{"$i":"ringer_bubble","$v":"Bubble"},{"$i":"ringer_chimer","$v":"Chimer"},{"$i":"ringer_cunning","$v":"Cunning"},{"$i":"ringer_dulco","$v":"Dulco"},{"$i":"ringer_firefox2","$v":[{"t":"idOrVar","v":"ringtoneBrandName"}]},{"$i":"ringer_garden","$v":"Garden"},{"$i":"ringer_marbled","$v":"Marbled"},{"$i":"ringer_opti","$v":"Opti"},{"$i":"ringer_pecko","$v":"Pecko"},{"$i":"ringer_pingy","$v":"Pingy"},{"$i":"ringer_poppop","$v":"Pop Pop"},{"$i":"ringer_sata","$v":"Sata"},{"$i":"ringer_simple","$v":"Clean"},{"$i":"ringer_standard1","$v":"Classic"},{"$i":"ringer_standard2","$v":"Classic Fast"},{"$i":"ringer_stutter","$v":"Stutter"},{"$i":"ringer_symmetry","$v":"Symmetry"},{"$i":"ringer_tailwind","$v":"Tail Wind"},{"$i":"ringer_thoughtful","$v":"Thoughtful"},{"$i":"ringer_wit","$v":"Wit"},{"$i":"ringer_zen","$v":"Zen"},{"$i":"notifier_bells","$v":"Bells"},{"$i":"notifier_bloom","$v":"Bloom"},{"$i":"notifier_chime","$v":"Chime"},{"$i":"notifier_clicka","$v":"Clicka"},{"$i":"notifier_digi","$v":"Digi"},{"$i":"notifier_dropplet","$v":"Dropplet"},{"$i":"notifier_firefox2","$v":[{"t":"idOrVar","v":"ringtoneBrandName"}]},{"$i":"notifier_hello","$v":"Hello"},{"$i":"notifier_lowmarble","$v":"Low Marble"},{"$i":"notifier_ping","$v":"Ping"},{"$i":"notifier_plickle","$v":"Plickle"},{"$i":"notifier_pocko","$v":"Pocko"},{"$i":"notifier_quado","$v":"Quado"},{"$i":"notifier_red","$v":"Red"},{"$i":"notifier_sato","$v":"Sato"},{"$i":"notifier_swipo","$v":"Swipo"},{"$i":"notifier_trickleup","$v":"Trickle Up"},{"$i":"notifier_trink","$v":"Trink"},{"$i":"notifier_verse","$v":"Verse"},{"$i":"settings","$v":"Paràmetres"},{"$i":"advancedSettings","$v":"Paràmetres avançats"},{"$i":"default","$v":"Per defecte"},{"$i":"enabled","$v":"Activat"},{"$i":"enable","$v":"Activa"},{"$i":"disabled","$v":"Desactivat"},{"$i":"error","$v":"Error"},{"$i":"ok","$v":"D'acord"},{"$i":"yes","$v":"Sí"},{"$i":"no","$v":"No"},{"$i":"reset","$v":"Reinicia"},{"$i":"cancel","$v":"Cancel·la"},{"$i":"close","$v":"Tanca"},{"$i":"back","$v":"Enrere"},{"$i":"continue","$v":"Continua"},{"$i":"skip","$v":"Omet"},{"$i":"pair","$v":"Aparella"},{"$i":"add","$v":"Afegeix"},{"$i":"done","$v":"Fet"},{"$i":"set","$v":"Defineix"},{"$i":"notNow","$v":"Ara no"},{"$i":"turnOn","$v":"Activa"},{"$i":"selectASIMCard","$v":"Trieu una targeta SIM"},{"$i":"sim1","$v":"SIM 1"},{"$i":"sim2","$v":"SIM 2"},{"$i":"unavailable","$v":"No disponible"},{"$i":"confirmation","$v":"Confirmació"},{"$i":"simSettingsWithIndex","$v":["Paràmetres de la SIM ",{"t":"idOrVar","v":"index"}]},{"$i":"networkAndConnectivity","$v":"Xarxa i connectivitat"},{"$i":"airplaneMode","$v":"Mode d'avió"},{"$i":"geolocation","$v":"Geolocalització"},{"$i":"wifi","$v":"Wi-Fi"},{"$i":"wifi-header","$v":[{"t":"idOrVar","v":"wifi"}]},{"$i":"wifi-disabled","$v":"Activeu Wi-Fi per veure les xarxes disponibles."},{"$i":"availableNetworks","$v":"Xarxes disponibles"},{"$i":"knownNetworks","$v":"Xarxes conegudes"},{"$i":"hiddenNetworks","$v":"Xarxes ocultes"},{"$i":"scanning","$v":"S'està cercant…"},{"$i":"scanNetworks","$v":"Torna a cercar"},{"$i":"fullStatus-initializing","$v":"S'està inicialitzant…"},{"$i":"fullStatus-connecting","$v":["S'està connectant a ",{"t":"idOrVar","v":"ssid"},"…"]},{"$i":"fullStatus-associated","$v":"S'està obtenint una adreça IP…"},{"$i":"fullStatus-connected","$v":["S'ha connectat a ",{"t":"idOrVar","v":"ssid"}]},{"$i":"fullStatus-connectingfailed","$v":"Ha fallat la connexió"},{"$i":"fullStatus-disconnected","$v":"Sense connexió"},{"$i":"shortStatus-connecting","$v":"S'està connectant…"},{"$i":"shortStatus-associated","$v":"S'està obtenint una adreça IP…"},{"$i":"shortStatus-connected","$v":"Connectada"},{"$i":"shortStatus-connectingfailed","$v":"Ha fallat la connexió"},{"$i":"shortStatus-disconnected","$v":"Sense connexió"},{"$i":"wifi-sleep","$v":"Wi-Fi Sleep"},{"$i":"wifi-sleep-description","$v":"Enable to automatically turn off Wi-Fi during sleep to save battery power.  "},{"$i":"manageNetworks","$v":"Gestiona les xarxes"},{"$i":"wifi-bad-credentials-title","$v":"Error de connexió a Wi-Fi"},{"$i":"wifi-bad-credentials-confirm","$v":["No s'ha pogut connectar a ",{"t":"idOrVar","v":"ssid"},": l'autenticació ha fallat perquè les credencials són incorrectes. Torneu a escriure la contrasenya de la xarxa."]},{"$i":"manageNetworks-header","$v":[{"t":"idOrVar","v":"manageNetworks"}]},{"$i":"manageCertificates","$v":"Gestiona els certificats"},{"$i":"manageCert","$v":"Gestiona cert."},{"$i":"joinHiddenNetwork","$v":"Connecta a una xarxa oculta"},{"$i":"securedBy","$v":["Protegida per ",{"t":"idOrVar","v":"capabilities"}]},{"$i":"security","$v":"Seguretat"},{"$i":"securityNone","$v":"Cap"},{"$i":"securityOpen","$v":"Oberta"},{"$i":"notInRange","$v":"Fora de l'abast"},{"$i":"ipAddress","$v":"Adreça IP"},{"$i":"linkSpeed","$v":"Velocitat de l'enllaç"},{"$i":"linkSpeedMbs","$v":[{"t":"idOrVar","v":"linkSpeed"}," Mbit/s"]},{"$i":"signalStrength","$v":"Potència del senyal"},{"$i":"signalLevel0","$v":"Molt feble"},{"$i":"signalLevel1","$v":"Feble"},{"$i":"signalLevel2","$v":"Mitjana"},{"$i":"signalLevel3","$v":"Bona"},{"$i":"signalLevel4","$v":"Molt bona"},{"$i":"forget","$v":"Oblida"},{"$i":"forgetNetwork-dialog","$v":"Voleu oblidar la xarxa?"},{"$i":"forgetNetwork-confirmation","$v":"Confirmació"},{"$i":"authentication","$v":"Autenticació"},{"$i":"authentication-header","$v":[{"t":"idOrVar","v":"authentication"}]},{"$i":"eap","$v":"Mètode EAP"},{"$i":"auth-phase2","$v":"Autenticació de fase 2"},{"$i":"server-certificate","$v":"Certificat de servidor"},{"$i":"import-certificate-msg","$v":"Avís: Si heu d'importar certificats nous, aneu a \"Gestiona els certificats\"."},{"$i":"identity","$v":"Identificador"},{"$i":"password","$v":"Contrasenya"},{"$i":"showPassword","$v":"Mostra la contrasenya"},{"$i":"networkNotification","$v":"Notificació de xarxes"},{"$i":"networkNotification-expl","$v":"Notifica'm si hi ha xarxes obertes disponibles"},{"$i":"macAddress","$v":"Adreça MAC"},{"$i":"deviceInfo_software","$v":[{"t":"idOrVar","v":"brandShortName"}," ",{"t":"idOrVar","v":"os"}]},{"$i":"macUnavailable","$v":"No disponible"},{"$i":"noNetworksFound","$v":"No s'han trobat xarxes"},{"$i":"noKnownNetworks","$v":"No hi ha xarxes conegudes"},{"$i":"edit","$v":"Edita"},{"$i":"certificateList","$v":"Llista de certificats"},{"$i":"noCertificate","$v":"No s'ha importat cap certificat"},{"$i":"deleteCertificate","$v":"Elimina el certificat"},{"$i":"importCertificate","$v":"Importa un certificat"},{"$i":"selectCertificateFile","$v":"Trieu el fitxer de certificat"},{"$i":"enterCertificateNickname","$v":"Introduïu el sobrenom del certificat"},{"$i":"nickname","$v":"Sobrenom"},{"$i":"enter-certificate-name-msg","$v":"Podeu canviar el sobrenom o deixar el nom per defecte."},{"$i":"certificate-deletion-failed","$v":"No s'ha pogut eliminar el certificat"},{"$i":"certificate-deletion-failed-description","$v":"La causa pot ser un problema d'emmagatzematge, per exemple."},{"$i":"certificate-import-failed","$v":"No s'ha pogut importar el certificat"},{"$i":"certificate-import-failed-description","$v":"La causa pot ser que el fitxer de certificat està malmès, per exemple."},{"$i":"wpsMessage","$v":"Connexió WPS"},{"$i":"wpsMessage-header","$v":[{"t":"idOrVar","v":"wpsMessage"}]},{"$i":"fullStatus-wps-inprogress","$v":"S'està connectant amb WPS…"},{"$i":"fullStatus-wps-canceled","$v":"S'ha cancel·lat la connexió WPS"},{"$i":"fullStatus-wps-timedout","$v":"S'ha esgotat el temps d'espera de la connexió WPS"},{"$i":"fullStatus-wps-failed-error","$v":["La connexió WPS ha fallat [",{"t":"idOrVar","v":"error"},"]"]},{"$i":"fullStatus-wps-overlapped","$v":"S'ha trobat un altre punt d'accés WPS PBC"},{"$i":"wpsDescription2","$v":"Configuració Wi-Fi automàtica"},{"$i":"wpsMethodSelection","$v":"Trieu un mètode de connexió WPS:"},{"$i":"wpsPbcLabel","$v":"Amb el botó"},{"$i":"wpsMyPinLabel","$v":"Amb el meu PIN"},{"$i":"wpsApPinLabel","$v":"Amb PIN del punt d'accés"},{"$i":"wpsPinDescription","$v":"El PIN és de 4 o 8 dígits"},{"$i":"wpsPinInput","$v":["Inseriu el codi ",{"t":"idOrVar","v":"pin"}," a l'altre dispositiu"]},{"$i":"wpsPinAps","$v":"Trieu l'altre dispositiu"},{"$i":"wpsAnyAp","$v":"Qualsevol"},{"$i":"wpsCancelMessage","$v":"Cancel·la el WPS"},{"$i":"wpsCancelFailedMessageError","$v":["Ha fallat la cancel·lació del WPS [",{"t":"idOrVar","v":"error"},"]"]},{"$i":"callSettings","$v":"Trucades"},{"$i":"callSettings-header","$v":[{"t":"idOrVar","v":"callSettings"}]},{"$i":"callSettingsQuery","$v":"S'està sol·licitant informació de xarxa…"},{"$i":"callSettingsQueryError","$v":"Error en la consulta"},{"$i":"voiceMail","$v":"Bústia de veu"},{"$i":"voiceMail-header","$v":[{"t":"idOrVar","v":"voiceMail"}]},{"$i":"voiceMail-number","$v":"Número de la bústia de veu"},{"$i":"voiceMail-number-notSet","$v":"No definit"},{"$i":"voicePrivacyMode","$v":"Privadesa de veu"},{"$i":"callWaiting","$v":"Trucada en espera"},{"$i":"confirmCallWaitingTitle","$v":"No es poden confirmar les preferències de trucada en espera"},{"$i":"confirmCallWaitingDesc","$v":"El dispositiu ara mateix no es pot comunicar amb l'operador. Proveu de tornar a definir la preferència."},{"$i":"callForwarding","$v":"Desviació de trucades"},{"$i":"callForwarding-header","$v":"Desv. de trucades"},{"$i":"callForwardingForward","$v":"Desvia"},{"$i":"callForwardingUnconditional","$v":"Desvia sempre"},{"$i":"callForwardingUnconditionalShort","$v":"Sempre"},{"$i":"callForwardingMobileBusy","$v":"Desvia si comunico"},{"$i":"callForwardingMobileBusyShort","$v":"Si comunico"},{"$i":"callForwardingNoReply","$v":"Desvia si no contesto"},{"$i":"callForwardingNoReplyShort","$v":"Si no contesto"},{"$i":"callForwardingNotReachable","$v":"Desvia si estic il·localitzable"},{"$i":"callForwardingNotReachableShort","$v":"Si estic il·localitzable"},{"$i":"callForwardingForwardingVoiceToNumber","$v":["Trucades de veu al ",{"t":"idOrVar","v":"number"}]},{"$i":"callForwardingNotForwarding","$v":"Desactivat"},{"$i":"callForwardingConfirmTitle","$v":"Missatge de confirmació de la desviació de trucades"},{"$i":"cf-alwaysUseThisNumber","$v":"Utilitza sempre aquest núm."},{"$i":"cf-numberWhenUnreachable","$v":"Número si estic il·localitzable"},{"$i":"cf-numberWhenUnanswered","$v":"Número si no contesto"},{"$i":"cf-numberWhenBusy","$v":"Número si comunico"},{"$i":"callForwardingInvalidNumberError","$v":"El número de telèfon no és vàlid."},{"$i":"callForwardingSetSuccess","$v":"L'operació s'ha realitzat correctament."},{"$i":"callForwardingSetForbidden","$v":"El vostre operador no admet aquesta operació."},{"$i":"callForwardingSetError","$v":"Error dels paràmetres de trucada."},{"$i":"callerId","$v":"Identificació de trucada"},{"$i":"callBarring","$v":"Call Barring"},{"$i":"callBarring-header","$v":[{"t":"idOrVar","v":"callBarring"}]},{"$i":"callBarring-outgoing","$v":"Outgoing calls"},{"$i":"callBarring-baoc","$v":"All"},{"$i":"callBarring-boic","$v":"International"},{"$i":"callBarring-boicExhc","$v":"International except Home Country"},{"$i":"callBarring-incoming","$v":"Incoming calls"},{"$i":"callBarring-baic","$v":"All"},{"$i":"callBarring-baicR","$v":"All while roaming"},{"$i":"callBarring-passcode","$v":"Passcode"},{"$i":"callBarring-change-passcode","$v":"Change passcode"},{"$i":"callBarring-passcode-enter","$v":"Enter passcode"},{"$i":"callBarring-passcode-unknown","$v":"In case you don't know your passcode, please contact your carrier"},{"$i":"callBarring-current-passcode","$v":"Current passcode"},{"$i":"callBarring-new-passcode","$v":"New passcode"},{"$i":"callBarring-create-passcode","$v":"Create a Passcode"},{"$i":"callBarring-confirm-passcode","$v":"Confirm passcode"},{"$i":"callBarring-passcode-error-generic","$v":"Passcode error."},{"$i":"callBarring-passcode-error-incorrect","$v":"Passcode is incorrect."},{"$i":"callBarring-passcode-error-mismatch","$v":"Passcode doesn’t match."},{"$i":"callBarring-update-item-error","$v":["Error while updating the item: ",{"t":"idOrVar","v":"error"},"."]},{"$i":"callBarring-change-passcode-success","$v":"Passcode changed."},{"$i":"callerId-default","$v":"Per defecte de la xarxa"},{"$i":"callerId-hide","$v":"Amaga el número"},{"$i":"callerId-show","$v":"Mostra el número"},{"$i":"fdn","$v":"Números prefixats"},{"$i":"fdnSettings","$v":"Números prefixats"},{"$i":"fdnSettings-header","$v":[{"t":"idOrVar","v":"fdnSettings"}]},{"$i":"fdn-authorizedNumbers","$v":"Números permesos"},{"$i":"fdn-authorizedNumbers-header","$v":"Núm. permesos"},{"$i":"fdn-authorizedNumbers-desc","$v":"Llista de números que es poden marcar"},{"$i":"fdn-explanation1","$v":"Restringiu els números que poden marcar-se en aquest telèfon."},{"$i":"fdn-explanation2","$v":"(Els telèfons d'emergència sempre es podran marcar)"},{"$i":"fdnEnable","$v":"Activa l'FDN"},{"$i":"fdnDisable","$v":"Desactiva l'FDN"},{"$i":"fdnReset","$v":"Reinicia el PIN2"},{"$i":"fdnAttemptMsg3","$v":{"one":"Us queda un intent per introduir el codi correcte abans que es bloquegi la targeta SIM.","two":["Us queden ",{"t":"idOrVar","v":"n"}," intents per introduir el codi correcte abans que es bloquegi la targeta SIM."],"few":["Us queden ",{"t":"idOrVar","v":"n"}," intents per introduir el codi correcte abans que es bloquegi la targeta SIM."],"many":["Us queden ",{"t":"idOrVar","v":"n"}," intents per introduir el codi correcte abans que es bloquegi la targeta SIM."],"other":["Us queden ",{"t":"idOrVar","v":"n"}," intents per introduir el codi correcte abans que es bloquegi la targeta SIM."]},"$x":[{"t":"idOrVar","v":"plural"},"n"]},{"$i":"fdnLastChanceMsg","$v":"Aquesta és l'última oportunitat d'introduir el PIN2 correcte. Si torneu a fallar, haureu d'introduir el codi PUK2 per utilitzar aquesta targeta SIM."},{"$i":"fdnErrorMsg","$v":"El codi PIN2 és incorrecte."},{"$i":"fdn-enabled-warning","$v":"La desviació de trucades no està disponible perquè la funció de números prefixats està activada."},{"$i":"fdnContact-name","$v":"nom"},{"$i":"fdnContact-number","$v":"número"},{"$i":"fdnContact-submit","$v":"envia"},{"$i":"fdnAction-add","$v":"Afegeix contacte"},{"$i":"fdnAction-call","$v":"Truca"},{"$i":"fdnAction-edit","$v":"Edita contacte"},{"$i":"fdnAction-edit-header","$v":"Edita contacte"},{"$i":"fdnAction-delete","$v":"Elimina contacte"},{"$i":"fdnNoFDNFreeRecord","$v":"S'ha arribat al màxim de números prefixats. No podeu afegir més números."},{"$i":"messagingSettings","$v":"Missatges"},{"$i":"messagingSettings-header","$v":[{"t":"idOrVar","v":"messagingSettings"}]},{"$i":"message-confirmation","$v":"Confirmació de missatges"},{"$i":"message-delivery-reports","$v":"Informes de tramesa"},{"$i":"message-delivery-reports-details","$v":"Sol·licita la notificació de tramesa de cada missatge enviat"},{"$i":"message-read-reports","$v":"Informes de lectura"},{"$i":"message-read-reports-details","$v":"Sol·licita l'informe de lectura de cada missatge enviat"},{"$i":"mmsTitle","$v":"Missatges multimèdia (MMS)"},{"$i":"auto-retrieve","$v":"Recupera automàticament"},{"$i":"auto-retrieve-details","$v":"Recupera automàticament els missatges"},{"$i":"manual-retrieve","$v":"Desactivat"},{"$i":"auto-roaming-retrieve","$v":"Activat amb itinerància"},{"$i":"auto-no-roaming-retrieve","$v":"Activat sense itinerància"},{"$i":"autoConfigure","$v":"Configuració automàtica"},{"$i":"wapPushMessages","$v":"Missatges Push WAP"},{"$i":"wapPush","$v":"Push WAP"},{"$i":"cellBroadcastMessages","$v":"Missatges de difusió mòbil"},{"$i":"cellBroadcast","$v":"Difusió mòbil"},{"$i":"emergencyAlert","$v":"Alerta d'emergència"},{"$i":"messagingInformation","$v":"Informació"},{"$i":"messaging-SMSC","$v":"Centre de serveis"},{"$i":"messaging-sim-settings","$v":["Paràmetres de la SIM ",{"t":"idOrVar","v":"index"}]},{"$i":"unknown-SMSC","$v":"Cap informació disponible"},{"$i":"cellularAndData","$v":"Xarxa mòbil i dades"},{"$i":"cellularAndData-header","$v":[{"t":"idOrVar","v":"cellularAndData"}]},{"$i":"dataNetwork","$v":"Operador"},{"$i":"dataConnectivity","$v":"Dades"},{"$i":"dataConnection","$v":"Connexió de dades"},{"$i":"dataRoaming","$v":"Itinerància de dades"},{"$i":"networkOperator","$v":"Operador de xarxa"},{"$i":"networkOperator-header","$v":[{"t":"idOrVar","v":"networkOperator"}]},{"$i":"availableOperators","$v":"Operadors de xarxa en l'àrea"},{"$i":"preferredNetworkTypeAlertTitle","$v":"Tipus de xarxa preferit"},{"$i":"preferredNetworkTypeAlertErrorMessage","$v":"No s'ha pogut definir el tipus de xarxa"},{"$i":"operator-networkType","$v":"Tipus de xarxa"},{"$i":"operator-networkType-auto","$v":"Automàtic"},{"$i":"operator-networkType-prefer3G","$v":"Preferible 3G"},{"$i":"operator-networkType-2G","$v":"Només 2G"},{"$i":"operator-networkType-3G","$v":"Només 3G"},{"$i":"operator-networkType-GSM","$v":"GSM"},{"$i":"operator-networkType-WCDMA","$v":"WCDMA"},{"$i":"operator-networkType-CDMA","$v":"CDMA"},{"$i":"operator-networkType-EVDO","$v":"EVDO"},{"$i":"operator-networkType-LTE","$v":"LTE"},{"$i":"operator-networkType-preferWCDMA","$v":"Preferible WCDMA"},{"$i":"operator-networkType-auto-2G-3G","$v":"Automàtic (2G/3G)"},{"$i":"operator-networkType-auto-CDMA-EVDO","$v":"Automàtic (CDMA/EVDO)"},{"$i":"operator-networkType-auto-WCDMA-GSM","$v":"Automàtic (WCDMA/GSM)"},{"$i":"operator-networkType-auto-LTE-WCDMA-GSM","$v":"Automàtic (LTE/WCDMA/GSM)"},{"$i":"operator-networkType-auto-LTE-CDMA-EVDO","$v":"Automàtic (LTE/CDMA/EVDO)"},{"$i":"operator-networkType-auto-WCDMA-GSM-CDMA-EVDO","$v":"Automàtic (WCDMA/GSM/CDMA/EVDO)"},{"$i":"operator-autoSelect","$v":"Selecció automàtica"},{"$i":"operator-networkSelect-auto","$v":"Automàtic"},{"$i":"operator-networkSelect-manual","$v":"Manual"},{"$i":"operator-turnAutoSelectOff","$v":"Desactiveu la selecció automàtica per veure els operadors de xarxa."},{"$i":"operator-status-connecting","$v":"S'està connectant…"},{"$i":"operator-status-connectingfailed","$v":"Ha fallat la connexió"},{"$i":"operator-status-connected","$v":"Connectat"},{"$i":"operator-roamingPreference","$v":"Preferència d'itinerància"},{"$i":"operator-roamingPreference-home","$v":"Casa"},{"$i":"operator-roamingPreference-any","$v":"Qualsevol"},{"$i":"operator-roamingPreference-affiliated","$v":"Afiliat"},{"$i":"apn","$v":"APN"},{"$i":"apnSettings","$v":"Paràmetres d'APN"},{"$i":"apnSettings-header","$v":[{"t":"idOrVar","v":"apnSettings"}]},{"$i":"dataSettings","$v":"Paràmetres de dades"},{"$i":"dataSettings-header","$v":"Dades"},{"$i":"suplSettings","$v":"Paràmetres d'A-GPS"},{"$i":"suplSettings-header","$v":"A-GPS"},{"$i":"messageSettings","$v":"Paràmetres de missatges"},{"$i":"messageSettings-header","$v":"Missatges"},{"$i":"dunSettings","$v":"Paràmetres de compartir Internet"},{"$i":"dunSettings-header","$v":"Compart. Internet"},{"$i":"imsSettings","$v":"Paràmetres d'IMS"},{"$i":"imsSettings-header2","$v":[{"t":"idOrVar","v":"imsSettings"}]},{"$i":"apn-editor-header","$v":"Editor d'APN"},{"$i":"mmsport","$v":"Port MMS"},{"$i":"mmsproxy","$v":"Servidor intermediari MMS"},{"$i":"mmsc","$v":"MMSC"},{"$i":"httpProxyHost","$v":"Servidor intermediari HTTP"},{"$i":"httpProxyPort","$v":"Port servidor interm. HTTP"},{"$i":"custom","$v":"(personalitzats)"},{"$i":"apn-authType","$v":"Autenticació"},{"$i":"apn-authType-notDefined","$v":"No s'ha definit"},{"$i":"apn-authType-none","$v":"Cap"},{"$i":"apn-authType-pap","$v":"PAP"},{"$i":"apn-authType-chap","$v":"CHAP"},{"$i":"apn-authType-papOrChap","$v":"PAP o CHAP"},{"$i":"apn-protocol","$v":"Protocol"},{"$i":"apn-roaming-protocol","$v":"Protocol d'itinerància"},{"$i":"apn-protocol-notDefined","$v":"No s'ha definit"},{"$i":"apn-protocol-ip","$v":"IPv4"},{"$i":"apn-protocol-ipv6","$v":"IPv6"},{"$i":"apn-protocol-ipv4v6","$v":"IPv4/IPv6"},{"$i":"apn-type","$v":"Tipus d'APN"},{"$i":"dataConnection-warning-head","$v":"Voleu activar la connexió de dades?"},{"$i":"dataConnection-warning-message","$v":"Les aplicacions baixaran dades automàticament per la connexió de dades quan sigui necessari. Això pot comportar despeses addicionals."},{"$i":"dataRoaming-warning-head","$v":"Voleu activar la itinerància de dades?"},{"$i":"dataRoaming-warning-message","$v":"Depenent del vostre contracte de servei, poden aplicar-se càrrecs addicionals quan us trobeu en una àrea d'itinerància."},{"$i":"change-apn-warning-message1","$v":"Depending on your service agreement, changing your APN setting may result in extra charges when roaming. Do you want to proceed?"},{"$i":"reset-apn-warning-title","$v":"Reinicia als valors per defecte"},{"$i":"reset-apn-warning-message","$v":"Això restableix els paràmetres als valors per defecte. No es pot desfer l'acció."},{"$i":"state-unknown","$v":"Estat desconegut"},{"$i":"state-available","$v":"Disponible"},{"$i":"state-connected","$v":"Connectat"},{"$i":"state-current","$v":"Connectat"},{"$i":"state-forbidden","$v":"Prohibit"},{"$i":"delete-apn-confirm","$v":"Voleu eliminar aquest APN?"},{"$i":"delete-apn","$v":"Elimina"},{"$i":"add-apn","$v":"Afegeix un APN nou"},{"$i":"reset-apn","$v":"Reinicia als valors per defecte"},{"$i":"apnSettings-reset","$v":"Reinici dels paràmetres d'APN"},{"$i":"bluetooth","$v":"Bluetooth"},{"$i":"bluetooth-header","$v":[{"t":"idOrVar","v":"bluetooth"}]},{"$i":"bluetooth-enable-msg","$v":"Activeu el Bluetooth per veure els dispositius disponibles."},{"$i":"bluetooth-paired-devices","$v":"Dispositius aparellats"},{"$i":"bluetooth-devices-in-area","$v":"Dispositius propers"},{"$i":"bluetooth-visible-to-all","$v":"Visible per a tothom"},{"$i":"bluetooth-name-maxlength-alert","$v":["El nom del dispositiu té més de ",{"t":"idOrVar","v":"length"}," caràcters. Torneu-ho a provar."]},{"$i":"bluetooth-address","$v":"Adreça de Bluetooth"},{"$i":"bluetooth-address-unavailable","$v":"No disponible"},{"$i":"bt-status-nopaired","$v":"Cap dispositiu aparellat"},{"$i":"bt-status-turnoff","$v":"Desactivat"},{"$i":"bt-status-paired","$v":{"zero":[{"t":"idOrVar","v":"name"}],"one":[{"t":"idOrVar","v":"name"},", +",{"t":"idOrVar","v":"n"}," més"],"two":[{"t":"idOrVar","v":"name"},", +",{"t":"idOrVar","v":"n"}," més"],"few":[{"t":"idOrVar","v":"name"},", +",{"t":"idOrVar","v":"n"}," més"],"many":[{"t":"idOrVar","v":"name"},", +",{"t":"idOrVar","v":"n"}," més"],"other":[{"t":"idOrVar","v":"name"},", +",{"t":"idOrVar","v":"n"}," més"]},"$x":[{"t":"idOrVar","v":"plural"},"n"]},{"$i":"device-status-tap-connect","$v":"Toqueu per connectar"},{"$i":"device-status-pairing","$v":"S'està aparellant amb el dispositiu…"},{"$i":"device-status-waiting","$v":"S'està esperant l'altre dispositiu…"},{"$i":"device-status-paired","$v":"Aparellat"},{"$i":"device-status-connecting","$v":"S'està connectant…"},{"$i":"device-status-connected","$v":"Connectada"},{"$i":"device-status-connected-media","$v":"Connectat a l'àudio del suport"},{"$i":"device-option-unpair","$v":"Desaparella"},{"$i":"device-option-confirm","$v":"Confirma"},{"$i":"device-option-unpair-confirmation","$v":"Confirmació"},{"$i":"device-option-unpair-device","$v":"Voleu desaparellar dispositiu?"},{"$i":"device-option-connect","$v":"Connecta"},{"$i":"device-option-disconnect","$v":"Desconnecta"},{"$i":"search-for-device","$v":"S'estan cercant dispositius…"},{"$i":"search-device","$v":"Cerca dispositius"},{"$i":"rename-device","$v":"Reanomena el meu dispositiu"},{"$i":"unnamed-device","$v":"Dispositiu desconegut"},{"$i":"change-phone-name-desc","$v":"Canvieu el nom del dispositiu que es mostra a l'ordinador"},{"$i":"bluetooth-new-name","$v":"Nom nou"},{"$i":"error-pair-title","$v":"No s'han pogut aparellar els dispositius"},{"$i":"error-pair-pincode","$v":"No s'han pogut aparellar els dispositius. Verifiqueu que el PIN introduït és correcte."},{"$i":"error-pair-toofast","$v":"No s'han pogut aparellar els dispositius. Massa sol·licituds."},{"$i":"error-connect-title","$v":"No s'han pogut connectar els dispositius"},{"$i":"error-connect-msg","$v":"Verifiqueu que el dispositiu al qual us voleu connectar encara és a dins de l'àrea i té el Bluetooth activat."},{"$i":"unpair-title","$v":"Voleu desaparellar un dispositiu connectat?"},{"$i":"unpair-msg","$v":"Esteu connectat al dispositiu. En desaparellar-lo també us desconnectareu."},{"$i":"nfc","$v":"NFC"},{"$i":"SSIDCannotBeEmpty","$v":"L'SSID no pot estar en blanc"},{"$i":"internetSharing","$v":"Compartició d'Internet"},{"$i":"internetSharing-header","$v":[{"t":"idOrVar","v":"internetSharing"}]},{"$i":"internetSharing-usb","$v":"USB"},{"$i":"internetSharing-wifi","$v":"Wi-Fi"},{"$i":"wifi-hotspot","$v":"Punt d'accés Wi-Fi"},{"$i":"wifi-name","$v":"Nom"},{"$i":"wifi-password","$v":"Contrasenya"},{"$i":"wifi-security","$v":"Seguretat"},{"$i":"usb-tethering","$v":"Comparteix per USB"},{"$i":"hotspotSettings","$v":"Paràmetres del punt d'accés"},{"$i":"wifi-auth-username","$v":"Nom d'usuari"},{"$i":"wifi-auth-password","$v":"Contrasenya"},{"$i":"wifi-join-username","$v":"Nom d'usuari"},{"$i":"wifi-join-password","$v":"Contrasenya"},{"$i":"hotspotSettings-header","$v":"Punt d'accés"},{"$i":"ssid-name","$v":"Nom de xarxa SSID"},{"$i":"hotspot-open","$v":"oberta"},{"$i":"hotspot-wpa-psk","innerHTML":"WPA (TKIP)"},{"$i":"hotspot-wpa2-psk","innerHTML":"WPA2 (AES)"},{"$i":"hotspot-password-desc","$v":"La contrasenya ha de tenir almenys 8 caràcters."},{"$i":"personalization","$v":"Personalització"},{"$i":"sound","$v":"So"},{"$i":"sound-header","$v":[{"t":"idOrVar","v":"sound"}]},{"$i":"volume","$v":"Volum"},{"$i":"tones","$v":"Tons"},{"$i":"touch-tones","$v":"Tons sonors dels tocs"},{"$i":"touch-tone-short","$v":"Curt"},{"$i":"touch-tone-long","$v":"Llarg"},{"$i":"select-tone","$v":"Trieu un to"},{"$i":"ringtones","$v":"Tons de trucada"},{"$i":"alerts","$v":"Alertes"},{"$i":"manage-tones","$v":"Gestió dels tons de trucada"},{"$i":"other-sounds","$v":"Altres sons"},{"$i":"unlock-screen","$v":"Desbloqueig de la pantalla"},{"$i":"camera","$v":"Càmera"},{"$i":"sent-message","$v":"Missatge enviat"},{"$i":"alarm-sound","$v":"Alarma"},{"$i":"ringtone-and-notification-sound","$v":"Tons de trucada i notificacions"},{"$i":"media-sound","$v":"Multimèdia"},{"$i":"saving-tone","$v":"S'està desant…"},{"$i":"no-ringtone-app","$v":"No s'ha pogut trobar cap aplicació per gestionar els tons de trucada!"},{"$i":"display","$v":"Pantalla"},{"$i":"display-header","$v":[{"t":"idOrVar","v":"display"}]},{"$i":"brightness","$v":"Brillantor"},{"$i":"brightness-autoAdjust","$v":"Ajusta automàticament"},{"$i":"lockScreen","$v":"Bloqueja la pantalla"},{"$i":"wallpaper","$v":"Fons de pantalla"},{"$i":"screen-timeout","$v":"Temps d'espera de la pantalla"},{"$i":"one-minute","$v":"1 minut"},{"$i":"two-minutes","$v":"2 minuts"},{"$i":"five-minutes","$v":"5 minuts"},{"$i":"ten-minutes","$v":"10 minuts"},{"$i":"never","$v":"mai"},{"$i":"lock-orientation","$v":"Bloqueja l'orientació"},{"$i":"navigation","$v":"Navegació"},{"$i":"navigation-header","$v":[{"t":"idOrVar","v":"navigation"}]},{"$i":"edge-swipe-navigation","$v":"Gest de les vores"},{"$i":"edge-swipe-navigation-enable-msg","$v":"Arrossegueu el dit des de la vora esquerra o dreta de la pantalla per passar d'una aplicació a l'altra."},{"$i":"notifications","$v":"Notificacions"},{"$i":"notifications-header","$v":[{"t":"idOrVar","v":"notifications"}]},{"$i":"lockscreen-notifications","$v":"En la pantalla de bloqueig"},{"$i":"notifications-resend","$v":"Mostra en reiniciar"},{"$i":"dateAndTime","$v":"Data i hora"},{"$i":"dateAndTime-header","$v":[{"t":"idOrVar","v":"dateAndTime"}]},{"$i":"setTimeAutomatically","$v":"Ajusta automàticament"},{"$i":"setTimeManually","$v":"Ajusta manualment"},{"$i":"timezoneMessage","$v":"Fus horari"},{"$i":"dateMessage","$v":"Data"},{"$i":"timeMessage","$v":"Hora"},{"$i":"selectTimezoneContinent","$v":"Trieu un continent"},{"$i":"selectTimezone","$v":"Trieu un fus horari"},{"$i":"time-format","$v":"Formata"},{"$i":"time-format-time","$v":"Format d'hora"},{"$i":"hour-12","$v":"12 hores"},{"$i":"hour-24","$v":"24 hores"},{"$i":"languageAndRegion","$v":"Llengua i regió"},{"$i":"language","$v":"Llengua"},{"$i":"language-header","$v":[{"t":"idOrVar","v":"language"}]},{"$i":"region","$v":"Regió"},{"$i":"more-languages","$v":"Get More Languages"},{"$i":"sample-format","$v":"Format d'exemple"},{"$i":"longDateFormat","$v":"%a %d %Eb, %Y"},{"$i":"simManager","$v":"Gestor de targetes SIM"},{"$i":"simManager-header","$v":[{"t":"idOrVar","v":"simManager"}]},{"$i":"simSettings","$v":"Paràmetres de SIM"},{"$i":"sim-manager-outgoing-calls","$v":"Trucades de sortida"},{"$i":"sim-manager-outgoing-call-desc","$v":"Les trucades es realitzaran des de"},{"$i":"sim-manager-outgoing-messages","$v":"Missatges de sortida"},{"$i":"sim-manager-outgoing-messages-desc","$v":"Els SMS s'enviaran des de"},{"$i":"sim-manager-outgoing-data","$v":"Dades"},{"$i":"sim-manager-outgoing-data-description","$v":"Xarxa de servei de dades i pagaments del Marketplace"},{"$i":"sim-manager-always-ask","$v":"Demana-m'ho sempre"},{"$i":"sim-pin-locked","$v":"PIN de la SIM bloquejat"},{"$i":"no-operator","$v":"Cap operador"},{"$i":"cant-disable-simcard-alert","$v":"Hi ha d'haver almenys una targeta SIM activada"},{"$i":"disable-simcard-confirm","$v":["La SIM ",{"t":"idOrVar","v":"disableCardIndex"}," no pot rebre trucades ni missatges. S'inhabilitaran les trucades i els missatges de sortida configurats per enviar-se amb la SIM ",{"t":"idOrVar","v":"disableCardIndex"},"."]},{"$i":"change-outgoing-data-confirm","$v":"La transferència de dades actual se suspendrà. Voleu continuar?"},{"$i":"homescreen","$v":"Pantalla d'inici"},{"$i":"vertical-homescreen-header","$v":"Pantalla d'inici"},{"$i":"vertical-homescreen-layout","$v":"Disposició"},{"$i":"vertical-homescreen-icon-layout","$v":"Disposició de les icones"},{"$i":"vertical-homescreen-three-columns","$v":"Tres columnes"},{"$i":"vertical-homescreen-four-columns","$v":"Quatre columnes"},{"$i":"notice","$v":"Avís"},{"$i":"search","$v":"Cerca"},{"$i":"search-header","$v":"Cerca"},{"$i":"search-engine","$v":"Motor de cerca"},{"$i":"search-suggestions","$v":"Suggeriments de cerca"},{"$i":"search-suggestions-description","$v":"Els caràcters que escriviu quan feu una cerca s'enviaran a diversos proveïdors i s'utilitzaran per mostrar-vos suggeriments de cerca. Aquesta funció pot comportar despeses addicionals en la connexió de dades."},{"$i":"homescreens","$v":"Pantalles d'inici"},{"$i":"homescreens-header","$v":[{"t":"idOrVar","v":"homescreens"}]},{"$i":"changeHomescreen","$v":"Canvia la pantalla d'inici"},{"$i":"changeHomescreenButton","$v":"Canvia"},{"$i":"description","$v":"Descripció"},{"$i":"keyboardSettings","$v":"Paràmetres del teclat"},{"$i":"selectedKeyboards","$v":"Teclats actius"},{"$i":"keyboards","$v":"Teclats"},{"$i":"keyboards-header","$v":[{"t":"idOrVar","v":"keyboards"}]},{"$i":"numberKeyboardLayouts","$v":"Teclats numèrics"},{"$i":"optionKeyboardLayouts","$v":"Disposicions d'opcions"},{"$i":"keypad","$v":"Teclat numèric"},{"$i":"dialpad","$v":"Teclat telefònic"},{"$i":"selectKeyboards","$v":"Afegeix més teclats"},{"$i":"selectKeyboards-header","$v":"Trieu els teclats"},{"$i":"mustHaveOneKeyboard","$v":["Heu de triar com a mínim un teclat ",{"t":"idOrVar","v":"type"}]},{"$i":"keyboardType-text","$v":"de text"},{"$i":"keyboardType-url","$v":"d'URL"},{"$i":"keyboardType-number","$v":"numèric"},{"$i":"defaultKeyboardEnabled","$v":[{"t":"idOrVar","v":"appName"},": ",{"t":"idOrVar","v":"layoutName"}," és el mètode d'entrada per defecte"]},{"$i":"themes","$v":"Temes"},{"$i":"themes-header","$v":[{"t":"idOrVar","v":"themes"}]},{"$i":"fxa","$v":"Comptes del Firefox"},{"$i":"accounts","$v":"Gestió dels comptes"},{"$i":"fxa-accounts","$v":"Comptes del Firefox"},{"$i":"fxa-accounts-header","$v":[{"t":"idOrVar","v":"fxa-accounts"}]},{"$i":"fxa-overview","$v":"El compte del Firefox permet utilitzar funcions com «Troba el meu aparell» i aplicacions com el Firefox Marketplace."},{"$i":"fxa-invitation","$v":"Crea un compte o inicia la sessió"},{"$i":"fxa-confirm-account","$v":"Confirmeu el vostre compte"},{"$i":"fxa-verification-email-sent-msg","$v":["Enviarem un correu electrònic a: ",{"t":"idOrVar","v":"email"}]},{"$i":"fxa-please-verify","$v":"Feu clic en l'enllaç de verificació del missatge de correu per confirmar el compte."},{"$i":"fxa-cancel-confirmation","$v":"Confirmació de cancel·lació del compte"},{"$i":"fxa-resend-alert","$v":["S'ha enviat un enllaç de verificació a ",{"t":"idOrVar","v":"email"},"."]},{"$i":"fxa-dont-see-email","$v":["No ha arribat el missatge? ",{"t":"idOrVar","v":"resend"},"."]},{"$i":"fxa-resend","$v":"Torna'l a enviar"},{"$i":"fxa-about","$v":"Quant a"},{"$i":"fxa-logged-in-text","$v":["Connectat: ",{"t":"idOrVar","v":"email"}]},{"$i":"fxa-signed-in-header","$v":"Sessió iniciada"},{"$i":"fxa-marketplace-app","$v":"Marketplace"},{"$i":"fxa-find-my-device-app","$v":"Troba el meu aparell"},{"$i":"fxa-options","$v":"Opcions"},{"$i":"fxa-sign-out","$v":"Finalitza la sessió"},{"$i":"fxa-confirm-email","$v":["Confirmeu ",{"t":"idOrVar","v":"email"}]},{"$i":"findmydevice","$v":"Troba el meu aparell"},{"$i":"findmydevice-create-account","$v":"Crea un compte o inicia la sessió"},{"$i":"findmydevice-enable","$v":"Activa"},{"$i":"findmydevice-about","$v":"Quant a «Troba el meu aparell»"},{"$i":"findmydevice-enable-geolocation-prompt","$v":"Voleu activar la geolocalització?"},{"$i":"findmydevice-enable-geolocation-description","$v":"Per poder veure la ubicació del dispositiu, cal que activeu la geolocalització."},{"$i":"findmydevice-geolocation-enabled","$v":"Geolocalització activa"},{"$i":"findmydevice-enable-network","$v":"Actualment aquest dispositiu està fora de línia. Connecteu-vos a una xarxa i torneu-ho a provar."},{"$i":"findmydevice-error","$v":"S'ha produït un error de «Troba el meu aparell»."},{"$i":"findmydevice-please-try","$v":"Torneu-ho a provar."},{"$i":"findmydevice-please-tap","$v":"Toqueu per tornar-ho a provar."},{"$i":"privacyAndSecurity","$v":"Privadesa i seguretat"},{"$i":"passcode-lock","$v":"Bloqueja amb codi"},{"$i":"passcode-lock-desc","$v":["Codi d'accés: ",{"t":"idOrVar","v":"code"}]},{"$i":"screenLock","$v":"Bloqueig de pantalla"},{"$i":"screenLock-header","$v":[{"t":"idOrVar","v":"screenLock"}]},{"$i":"simSecurity","$v":"Seguretat de la SIM"},{"$i":"simSecurity-header","$v":[{"t":"idOrVar","v":"simSecurity"}]},{"$i":"appPermissions","$v":"Permisos d'aplicacions"},{"$i":"appPermissions-header","$v":[{"t":"idOrVar","v":"appPermissions"}]},{"$i":"author","$v":"Autor"},{"$i":"permissions","$v":"Permisos"},{"$i":"revoke","$v":"Revoca"},{"$i":"ask","$v":"Demana"},{"$i":"deny","$v":"Denega"},{"$i":"allow","$v":"Permet"},{"$i":"uninstallApp","$v":"Desinstal·la l'aplicació"},{"$i":"phone","$v":"Telèfon"},{"$i":"messages","$v":"Missatges"},{"$i":"vibrate","$v":"Vibració"},{"$i":"ring","$v":"So de trucada"},{"$i":"change","$v":"Canvia"},{"$i":"create","$v":"Crea"},{"$i":"create-a-passcode","$v":"Codi d'accés"},{"$i":"passcode","$v":"Codi d'accés"},{"$i":"passcode-heading","$v":"Codi d'accés"},{"$i":"enter-passcode","$v":"Introduïu codi d'accés"},{"$i":"new-passcode","$v":"Codi nou"},{"$i":"current-passcode","$v":"Codi d'accés actual"},{"$i":"incorrect-passcode","$v":"El codi d'accés és incorrecte"},{"$i":"passcode-doesnt-match","$v":"Els codis no coincideixen. Torneu-hi."},{"$i":"confirm-passcode","$v":"Confirmeu el codi d'accés"},{"$i":"immediately","$v":"Immediatament"},{"$i":"after-one-minute","$v":"Després d'1 minut"},{"$i":"after-five-minutes","$v":"Després de 5 minuts"},{"$i":"after-fifteen-minutes","$v":"Després de 15 minuts"},{"$i":"after-thirty-minutes","$v":"Després de 30 minuts"},{"$i":"after-one-hour","$v":"Després d'1 hora"},{"$i":"require-passcode","$v":"Requereix el codi d'accés"},{"$i":"change-passcode","$v":"Canvia el codi d'accés"},{"$i":"noSimCard","$v":"No hi ha cap targeta SIM"},{"$i":"simPin","$v":"PIN de la SIM"},{"$i":"simPin2","$v":"PIN2 de la SIM"},{"$i":"simPinWithIndex","$v":["PIN de la SIM ",{"t":"idOrVar","v":"index"}]},{"$i":"pukCode","$v":"Codi PUK"},{"$i":"puk2Code","$v":"Codi PUK2"},{"$i":"whatIsSimPin","$v":"Què és el PIN de la SIM?"},{"$i":"simPinIntro1","$v":"El PIN de la SIM impedeix l'accés a les xarxes de dades mòbils de la targeta SIM. Si està activat, qualsevol dispositiu que contingui la targeta SIM sol·licitarà el PIN en reiniciar."},{"$i":"simPinIntro2","$v":"El PIN de la SIM no és el mateix que el codi d'accés utilitzat per desbloquejar el dispositiu."},{"$i":"changeSimPin","$v":"Canvia el PIN"},{"$i":"simPinChangedSuccessfully","$v":"El PIN de la SIM s'ha canviat correctament"},{"$i":"simPinChangedSuccessfullyWithIndex","$v":["El PIN de la SIM ",{"t":"idOrVar","v":"index"}," s'ha canviat correctament"]},{"$i":"pinTitle","$v":"Introduïu el PIN"},{"$i":"pin2Title","$v":"Introduïu el PIN2"},{"$i":"pukTitle","$v":"Introduïu el PUK"},{"$i":"puk2Title","$v":"Introduïu el PUK2"},{"$i":"newpinTitle","$v":"PIN nou"},{"$i":"inputCodeRetriesLeft","$v":{"one":"Darrer intent.","two":["Queden ",{"t":"idOrVar","v":"n"}," intents."],"few":["Queden ",{"t":"idOrVar","v":"n"}," intents."],"many":["Queden ",{"t":"idOrVar","v":"n"}," intents."],"other":["Queden ",{"t":"idOrVar","v":"n"}," intents."]},"$x":[{"t":"idOrVar","v":"plural"},"n"]},{"$i":"pinAttemptMsg3","$v":{"one":"Us queda un intent per introduir el codi correcte abans que es bloquegi la targeta SIM.","two":["Us queden ",{"t":"idOrVar","v":"n"}," intents per introduir el codi correcte abans que es bloquegi la targeta SIM."],"few":["Us queden ",{"t":"idOrVar","v":"n"}," intents per introduir el codi correcte abans que es bloquegi la targeta SIM."],"many":["Us queden ",{"t":"idOrVar","v":"n"}," intents per introduir el codi correcte abans que es bloquegi la targeta SIM."],"other":["Us queden ",{"t":"idOrVar","v":"n"}," intents per introduir el codi correcte abans que es bloquegi la targeta SIM."]},"$x":[{"t":"idOrVar","v":"plural"},"n"]},{"$i":"pinLastChanceMsg","$v":"Aquesta és l'última oportunitat d'introduir el PIN correcte. Si torneu a fallar, haureu d'introduir el codi PUK per utilitzar aquesta targeta SIM."},{"$i":"simCardLockedMsg","$v":"La targeta SIM està bloquejada."},{"$i":"simCardBlockedMsg","$v":"La targeta SIM està blocada."},{"$i":"enterPukMsg","$v":"Heu d'introduir el número personal de desbloqueig (PUK) de la targeta SIM. Consulteu la documentació de la targeta SIM o contacteu amb el vostre operador per a més informació."},{"$i":"enterPuk2Msg","$v":"Heu d'introduir la clau de desbloqueig personal (PUK2) de la targeta SIM. Consulteu la documentació de la targeta SIM o contacteu amb el vostre operador per a més informació."},{"$i":"pukErrorMsg","$v":"El codi PUK és incorrecte."},{"$i":"pukAttemptMsg3","$v":{"one":"Us queda un intent per introduir el codi correcte abans que la targeta SIM quedi inservible permanentment. Consulteu la documentació de la targeta SIM o contacteu amb el vostre operador per a més informació.","two":["Us queden ",{"t":"idOrVar","v":"n"}," intents per introduir el codi correcte abans que la targeta SIM quedi inservible permanentment. Consulteu la documentació de la targeta SIM o contacteu amb el vostre operador per a més informació."],"few":["Us queden ",{"t":"idOrVar","v":"n"}," intents per introduir el codi correcte abans que la targeta SIM quedi inservible permanentment. Consulteu la documentació de la targeta SIM o contacteu amb el vostre operador per a més informació."],"many":["Us queden ",{"t":"idOrVar","v":"n"}," intents per introduir el codi correcte abans que la targeta SIM quedi inservible permanentment. Consulteu la documentació de la targeta SIM o contacteu amb el vostre operador per a més informació."],"other":["Us queden ",{"t":"idOrVar","v":"n"}," intents per introduir el codi correcte abans que la targeta SIM quedi inservible permanentment. Consulteu la documentació de la targeta SIM o contacteu amb el vostre operador per a més informació."]},"$x":[{"t":"idOrVar","v":"plural"},"n"]},{"$i":"pukLastChanceMsg","$v":"Aquesta és l'última oportunitat d'introduir el codi PUK correcte. La targeta SIM quedarà inservible permanentment si introduïu un codi PUK incorrecte. Consulteu la documentació de la targeta SIM o contacteu amb el vostre operador per a més informació."},{"$i":"newSimPinMsg","$v":"Creeu un PIN (de 4 a 8 dígits)"},{"$i":"newSimPin2Msg","$v":"Creeu un PIN2 (de 4 a 8 dígits)"},{"$i":"confirmNewSimPinMsg","$v":"Confirmeu el PIN nou"},{"$i":"confirmNewSimPin2Msg","$v":"Confirmeu el PIN2 nou"},{"$i":"newPinErrorMsg","$v":"Els PIN no coincideixen"},{"$i":"simLockedPhone","$v":"Telèfon amb SIM bloquejada"},{"$i":"unknownSimCardState","$v":"L'estat de la targeta SIM és desconegut"},{"$i":"simCardNotReady","$v":"La targeta SIM no està preparada"},{"$i":"simCardIllegal","$v":"La targeta SIM no està autoritzada"},{"$i":"doNotTrack","$v":"No vull ser seguit"},{"$i":"doNotTrack-header","$v":[{"t":"idOrVar","v":"doNotTrack"}]},{"$i":"doNotTrackActions","$v":"Digues a llocs web i aplicacions que no vull ser seguit"},{"$i":"allowTracking","$v":"Digues a llocs web i aplicacions que vull ser seguit"},{"$i":"doNotHavePrefOnTracking","$v":"No diguis a llocs web i aplicacions res sobre les preferències de seguiment"},{"$i":"doNotTrack-dt","$v":"Com funciona aquesta funció?"},{"$i":"doNotTrack-dd1","$v":"Si activeu «No vull ser seguit», el dispositiu informarà cada lloc web i aplicació (així com anunciants i altres proveïdors de contingut) que no voleu que facin el seguiment de la vostra activitat."},{"$i":"doNotTrack-dd2","$v":"Activar «No vull ser seguit» no afectarà la vostra capacitat d'iniciar la sessió en llocs web ni farà que el dispositiu oblidi la vostra informació privada, com ara el contingut de carrets de compra, la informació d'ubicació o la informació d'inici de sessió."},{"$i":"browsingPrivacy","$v":"Privadesa de navegació"},{"$i":"browsingPrivacy-header","$v":[{"t":"idOrVar","v":"browsingPrivacy"}]},{"$i":"confirm-clear-title","$v":"Confirmació"},{"$i":"clear-browsing-history","$v":"Esborra l'historial de navegació"},{"$i":"confirm-clear-browsing-history","$v":"Voleu esborrar l'historial de navegació?"},{"$i":"clear-cookies-and-stored-data","$v":"Esborra les galetes i dades emmagatzemades"},{"$i":"confirm-clear-cookies-and-stored-data","$v":"Voleu esborrar les galetes i altres dades de llocs web emmagatzemades en aquest dispositiu?"},{"$i":"clear","$v":"Esborra"},{"$i":"privacy-controls","$v":"Privacy Controls"},{"$i":"no-privacy-panel","$v":"No privacy panel app found"},{"$i":"storage","$v":"Emmagatzematge"},{"$i":"enableUSBStorage1","$v":"Mode de disc USB"},{"$i":"umsUnplugToDisable","$v":"Desconnecteu el cable USB"},{"$i":"appStorage","$v":"Espai per a aplicacions"},{"$i":"appStorage-header","$v":[{"t":"idOrVar","v":"appStorage"}]},{"$i":"storageSize","$v":[{"t":"idOrVar","v":"size"}," ",{"t":"idOrVar","v":"unit"}]},{"$i":"availableSize","$v":{"zero":[{"t":"idOrVar","v":"size"}," ",{"t":"idOrVar","v":"unit"}," disponibles"],"one":[{"t":"idOrVar","v":"size"}," ",{"t":"idOrVar","v":"unit"}," disponible"],"two":[{"t":"idOrVar","v":"size"}," ",{"t":"idOrVar","v":"unit"}," disponibles"],"few":[{"t":"idOrVar","v":"size"}," ",{"t":"idOrVar","v":"unit"}," disponibles"],"many":[{"t":"idOrVar","v":"size"}," ",{"t":"idOrVar","v":"unit"}," disponibles"],"other":[{"t":"idOrVar","v":"size"}," ",{"t":"idOrVar","v":"unit"}," disponibles"]},"$x":[{"t":"idOrVar","v":"plural"},"size"]},{"$i":"apps-total-space","$v":"Espai total"},{"$i":"apps-used-space","$v":"En ús"},{"$i":"apps-free-space","$v":"Lliure"},{"$i":"storage-details","$v":"Les fotos, els vídeos i la música s'emmagatzemen apart de les aplicacions. Vegeu-ne els detalls a «Espai per a multimèdia»."},{"$i":"ums-shared-volumes","$v":[{"t":"idOrVar","v":"list"}," (compart.)"]},{"$i":"transferProtocol-header","$v":"Mode de transferència"},{"$i":"protocol-mtp","$v":"Protocol de transferència multimèdia (MTP)"},{"$i":"protocol-ums","$v":"Mode de disc USB (UMS)"},{"$i":"mediaStorage","$v":"Espai per a multimèdia"},{"$i":"mediaStorage-header","$v":[{"t":"idOrVar","v":"mediaStorage"}]},{"$i":"storage-name-internal","$v":"Emmagatzematge intern"},{"$i":"storage-name-external-0","$v":"Emmagatzematge de la targeta SD"},{"$i":"storage-name-external-1","$v":"Emmagatzematge de la targeta SD 2"},{"$i":"short-storage-name-internal","$v":"Intern"},{"$i":"short-storage-name-external-0","$v":"Targeta SD"},{"$i":"short-storage-name-external-1","$v":"Targeta SD 2"},{"$i":"music-space","$v":"Música"},{"$i":"pictures-space","$v":"Imatges"},{"$i":"videos-space","$v":"Vídeos"},{"$i":"left-space","$v":"Espai lliure"},{"$i":"free-space","$v":"Espai lliure"},{"$i":"total-space","$v":"Espai total"},{"$i":"size-not-available","$v":"No disponible"},{"$i":"no-storage","$v":"No s'ha trobat cap dispositiu d'emmagatzematge"},{"$i":"advanced","$v":"Avançat"},{"$i":"ums-warning-title","$v":"Voleu activar el mode de disc USB?"},{"$i":"default-media-location","$v":"Ubicació per defecte"},{"$i":"default-media-location-msg","$v":"Trieu on es desaran per defecte les fotos, els vídeos, la música i les baixades."},{"$i":"change-default-media-location-confirmation","$v":"El canvi de la ubicació d'emmagatzematge per defecte afectarà la ubicació on es desaran per defecte tots els fitxers multimèdia. Les dades ja existents continuaran a la seva ubicació actual. Voleu continuar?"},{"$i":"eject-sdcard-external-0","$v":"Extreu la targeta SD"},{"$i":"eject-sdcard-external-1","$v":"Extreu la targeta SD 2"},{"$i":"format-sdcard-internal","$v":"Formata l'emmagatzematge intern"},{"$i":"format-sdcard-external-0","$v":"Formata la targeta SD"},{"$i":"format-sdcard-external-1","$v":"Formata la targeta SD 2"},{"$i":"formatting","$v":"S'està formatant..."},{"$i":"unmount-sdcard-confirmation","$v":"Després de desmuntar la targeta SD, no podreu accedir al seu contingut. Voleu continuar?"},{"$i":"format-sdcard-title","$v":"Formata la targeta SD"},{"$i":"format-sdcard-message","$v":"S'eliminaran totes les dades emmagatzemades a la targeta SD, com ara música o fotos."},{"$i":"format-sdcard-internal-title","$v":"Formata l'emmagatzematge intern"},{"$i":"format-sdcard-internal-message","$v":"S'eliminaran totes les dades emmagatzemades a la targeta interna, com ara música i fotos."},{"$i":"format-sdcard-btnformat","$v":"Formata"},{"$i":"sdcardUnmounted","$v":"S'ha desmuntat la targeta SD"},{"$i":"device","$v":"Dispositiu"},{"$i":"help","$v":"Ajuda"},{"$i":"deviceInfo","$v":"Informació del dispositiu"},{"$i":"deviceInfo-header","$v":"Dispositiu"},{"$i":"deviceInfo-IMEI","$v":"IMEI"},{"$i":"deviceInfo-ICCID","$v":"ICCID"},{"$i":"deviceInfo-MSISDN","$v":"Número de telèfon"},{"$i":"deviceInfo-ICCID-unavailable-sim","$v":["SIM ",{"t":"idOrVar","v":"index"},": No disponible"]},{"$i":"downloads","$v":"Baixades"},{"$i":"downloads-header","$v":[{"t":"idOrVar","v":"downloads"}]},{"$i":"unknown-phoneNumber","$v":"Desconegut"},{"$i":"unknown-phoneNumber-sim","$v":["SIM ",{"t":"idOrVar","v":"index"},": Desconegut"]},{"$i":"gitInfo","$v":"Informació de commit del Git"},{"$i":"developer","$v":"Desenvolupador"},{"$i":"developer-header","$v":[{"t":"idOrVar","v":"developer"}]},{"$i":"hud-settings-button","$v":"Informació per al desenvolupador"},{"$i":"hud-settings-header","$v":"Info. desenvolupador"},{"$i":"hud-devtools","$v":"Eines de desenvolupament"},{"$i":"hud-devtools-header","$v":[{"t":"idOrVar","v":"hud-devtools"}]},{"$i":"hud-logging","$v":"Registra els canvis a ADB"},{"$i":"hud-system","$v":"Mostra el HUD del sistema"},{"$i":"hud-problems","$v":"Problemes"},{"$i":"hud-warnings","$v":"Avisos"},{"$i":"hud-errors","$v":"Errors"},{"$i":"hud-security","$v":"Problemes de seguretat"},{"$i":"hud-performance","$v":"Rendiment"},{"$i":"hud-reflows","$v":"Reajustaments"},{"$i":"hud-jank","$v":"Jank"},{"$i":"jank-threshold","$v":"Llindar de Jank"},{"$i":"hud-fps","$v":"Fotogrames/segon"},{"$i":"hud-ttl","$v":"Temps de càrrega"},{"$i":"hud-memory","$v":"Memòria"},{"$i":"hud-uss","$v":"Mida del conjunt únic"},{"$i":"hud-appmemory","$v":"Memòria d'aplicació"},{"$i":"hud-jsobjects","$v":"Objectes JS"},{"$i":"hud-jsstrings","$v":"Cadenes JS"},{"$i":"hud-jsother","$v":"Altres JS"},{"$i":"hud-dom","$v":"DOM"},{"$i":"hud-style","$v":"Estil"},{"$i":"hud-other","$v":"Altres"},{"$i":"software","$v":"Programari"},{"$i":"devSettings","$v":"Paràmetres per a desenvolupadors"},{"$i":"debug","$v":"Depuració"},{"$i":"developer-menu","$v":"Menú de desenvolupador"},{"$i":"developer-tools","$v":"Eines de desenvolupament"},{"$i":"graphics","$v":"Gràfics"},{"$i":"hardware-composer","$v":"Compon per programari"},{"$i":"paint-flashing","$v":"Ressalta àrea actualitzada"},{"$i":"dumps-layers","$v":"Aboca l'arbre de capes"},{"$i":"dumps-layerscope","$v":"Aboca l'àmbit de capes"},{"$i":"apz-overscroll","$v":"Sobredesplaçament"},{"$i":"tiling","$v":"Mosaic"},{"$i":"low-precision","$v":"Dibuixos de baixa precisió"},{"$i":"low-opacity","$v":"Transparència de baixa precisió"},{"$i":"draw-tile-borders","$v":"Dibuixa vores del mosaic"},{"$i":"draw-layer-borders","$v":"Dibuixa vores de les capes"},{"$i":"log-animations","$v":"Reg. animacions lentes"},{"$i":"remote-debugging-usb","$v":"Depuració per USB"},{"$i":"dev-tools-wifi","$v":"DevTools per Wi-Fi"},{"$i":"dev-tools-qps","$v":"Pseudolocalització"},{"$i":"debugger-disabled","$v":"Desactivat"},{"$i":"debugger-adb-only","$v":"Només ADB"},{"$i":"debugger-adb-and-devtools","$v":"ADB i DevTools"},{"$i":"wifi-debugging","$v":"Sortida Wi-Fi a ADB"},{"$i":"bluetooth-debugging","$v":"Sortida Bluetooth a ADB"},{"$i":"bluetooth-snoop-debugging","$v":"Bluetooth HCI sniffing logs to sdcard"},{"$i":"nfc-debugging","$v":"Sortida NFC a ADB"},{"$i":"ril-debugging","$v":"RIL output in ADB"},{"$i":"console-enabled","$v":"Consola activada"},{"$i":"cards-view-screenshots","$v":"Visualització de targetes: captures de pantalla"},{"$i":"geolocation-debugging-enabled","$v":"Sortida geolocalització a ADB"},{"$i":"geolocation-debugging-gps-locations-ignored","$v":"Ignora ubicacions del GPS"},{"$i":"use-reviewer-certs","$v":"Utilitza certificats de revisor del Marketplace"},{"$i":"shake-to-log","$v":"Agita per desar el registre del sistema"},{"$i":"model-name","$v":"Model"},{"$i":"os-version","$v":"Versió del sistema operatiu"},{"$i":"firmware_revision","$v":"Revisió del microprogramari"},{"$i":"hardware_revision","$v":"Revisió del maquinari"},{"$i":"platform_version","$v":"Versió de la plataforma"},{"$i":"build-id","$v":"Identificador del muntatge"},{"$i":"update-channel","$v":"Canal d'actualitzacions"},{"$i":"build_number","$v":"Número de compilació"},{"$i":"update-url","$v":"URL d'actualització"},{"$i":"last-updated","$v":"Darrera actualització"},{"$i":"more-info","$v":"Més informació"},{"$i":"more-info-header","$v":[{"t":"idOrVar","v":"more-info"}]},{"$i":"softwareUpdates","$v":"Actualitzacions de programari"},{"$i":"check-update-daily","$v":"Diàriament"},{"$i":"check-update-weekly","$v":"Setmanalment"},{"$i":"check-update-monthly","$v":"Mensualment"},{"$i":"check-for-updates","$v":"Cerca actualitzacions"},{"$i":"check-update-now","$v":"Cerca actualitzacions ara"},{"$i":"update-status","$v":"Estat de l'actualització"},{"$i":"no-network-when-update","$v":"Connecteu-vos a Internet per continuar l'actualització."},{"$i":"checking-for-update","$v":"S'estan cercant actualitzacions…"},{"$i":"no-updates","$v":"No s'han trobat actualitzacions"},{"$i":"retry-when-online","$v":"La xarxa és fora de línia. Es tornarà a comprovar quan la xarxa estigui en línia."},{"$i":"already-latest-version","$v":["Aquesta ja és l'última versió del ",{"t":"idOrVar","v":"brandShortName"}]},{"$i":"check-error","$v":"S'ha produït un error en cercar actualitzacions."},{"$i":"aboutBrowserOS","$v":["Quant al ",{"t":"idOrVar","v":"brandShortName"}]},{"$i":"browser-os-desc","$v":["El ",{"t":"idOrVar","v":"brandShortName"}," és el sistema operatiu lliure i de codi obert de Mozilla. La nostra missió es promoure els estàndards oberts, la innovació i l'oportunitat bo i mantenint el potencial de la web a les vostres mans. La traducció al català del ",{"t":"idOrVar","v":"brandShortName"}," ha estat realitzada per Softcatalà."]},{"$i":"learn-more","$v":"Més informació"},{"$i":"reset-head","$v":"Reinicia"},{"$i":"reset-warning-title","$v":"PRECAUCIÓ"},{"$i":"unlock-privileges","$v":"Unlock Privileges"},{"$i":"reset-devtools","$v":"Reset and enable full DevTools"},{"$i":"reset-devtools-warning-title","$v":"CAUTION"},{"$i":"your-rights","$v":"Els vostres drets"},{"$i":"your-rights-header","$v":[{"t":"idOrVar","v":"your-rights"}]},{"$i":"about-your-rights-0","$v":["El ",{"t":"idOrVar","v":"brandShortName"}," està construït amb programari lliure i de codi obert per una comunitat de milers de persones de tot el món. Hi ha algunes coses que hauríeu de saber:"]},{"$i":"about-your-rights-1","$v":["El ",{"t":"idOrVar","v":"brandShortName"}," és a la vostra disposició sota els termes de diverses llicències lliures, inclosa la llicència pública de Mozilla. Un dispositiu amb el ",{"t":"idOrVar","v":"brandShortName"}," també pot contenir programari privatiu de tercers. Tot el codi proporcionat sota llicències obertes us dóna el dret de modificar-lo i de distribuir-ne versions modificades sempre que compliu els termes respectius."]},{"$i":"about-your-rights-2","$v":["No se us atorga cap dret de marca o llicències per a les marques registrades de la Fundació Mozilla ni de tercers, inclosos, sense limitació, el nom o el logotip del ",{"t":"idOrVar","v":"brandShortName"},"."]},{"$i":"about-your-rights-3","$v":["Algunes funcions del ",{"t":"idOrVar","v":"brandShortName"},", com ara el Generador d'informes de fallada, us donen l'opció d'enviar comentaris a Mozilla. Si opteu per enviar els vostres comentaris, autoritzeu Mozilla a utilitzar la informació per millorar els seus productes, a publicar-la en els seus llocs web i a distribuir-la."]},{"$i":"about-legal-info","$v":"Informació legal"},{"$i":"about-credit-info","$v":"Crèdits"},{"$i":"about-legal-info-header","$v":[{"t":"idOrVar","v":"about-legal-info"}]},{"$i":"open-source-notices","$v":"Avisos de programari lliure"},{"$i":"open-source-notices-header","$v":"Avisos program. lliure"},{"$i":"obtaining-source-code","$v":"Obtenció del codi font"},{"$i":"obtaining-source-code-header","$v":[{"t":"idOrVar","v":"obtaining-source-code"}]},{"$i":"about-mozilla","$v":"Mozilla"},{"$i":"about-other","$v":"Altres"},{"$i":"your-privacy","$v":"La vostra privadesa"},{"$i":"your-privacy-header","$v":[{"t":"idOrVar","v":"your-privacy"}]},{"$i":"licensing-1","$v":"El Projecte Mozilla posa a la vostra disposició els binaris d'aquest producte sota la llicència pública de Mozilla 2.0 (MPL). Conegueu els vostres drets."},{"$i":"licensing-2","$v":"Tot el codi font d'aquest producte es publica sota llicències que són alhora lliures i de codi obert. La majoria estan disponibles sota la llicència pública de Mozilla 2.0 (MPL)."},{"$i":"licensing-3","$v":"La resta del programari que no estigui sota la llicència pública de Mozilla 2.0 (MPL) està disponible sota una altra llicència, d'entre una varietat d'elles. A continuació s'informen aquelles que requereixen de reproducció del text de la llicència en la distribució. (Nota: La vostra còpia d'aquest producte no pot contenir codi cobert per una o més de les llicències enumerades aquí, depenent del producte i la versió exacta que hàgiu triat)."},{"$i":"licensing-MPL","$v":"Llicència pública de Mozilla 2.0"},{"$i":"licensing-Apache","$v":"Llicència Apache 2.0"},{"$i":"launch-ftu","$v":"Obre l'aplicació de primer ús"},{"$i":"no-ftu","$v":"No s'ha trobat cap aplicació de primer ús"},{"$i":"software-home-button","$v":"Botó d'inici virtual"},{"$i":"home-gesture","$v":"Gest per anar a l'inici"},{"$i":"continuous-transition","$v":"Transició contínua"},{"$i":"debug-gaia-enabled","$v":"Traces depuració del Gaia"},{"$i":"showScreenReaderSettings","$v":"Mostra els paràmetres del lector de pantalla"},{"$i":"app-transition","$v":"Transició d'aplicacions"},{"$i":"app-suspending","$v":"Suspensió d'aplicacions"},{"$i":"copypaste","$v":"Copy/paste"},{"$i":"verbose-app-permissions","$v":"Permisos d'aplicacions detallats"},{"$i":"window-management","$v":"Gestió de finestres"},{"$i":"downloads-edit","$v":"Edita les baixades"},{"$i":"downloads-select-all","$v":"Marca-ho tot"},{"$i":"downloads-deselect-all","$v":"Desmarca-ho tot"},{"$i":"downloads-delete","$v":"Elimina"},{"$i":"battery","$v":"Bateria"},{"$i":"battery-header","$v":[{"t":"idOrVar","v":"battery"}]},{"$i":"batteryLevel","$v":"Nivell actual"},{"$i":"batteryLevel-percent-unplugged","$v":[{"t":"idOrVar","v":"level"},"%"]},{"$i":"batteryLevel-percent-charging","$v":[{"t":"idOrVar","v":"level"},"% (carregant)"]},{"$i":"batteryLevel-percent-charged","$v":[{"t":"idOrVar","v":"level"},"% (carregada)"]},{"$i":"powerSaveModeTitle","$v":"Estalvi d'energia"},{"$i":"powerSaveMode","$v":"Estalvi d'energia"},{"$i":"powerSave-threshold","$v":[{"t":"idOrVar","v":"level"},"% de bateria restant"]},{"$i":"turnOnAuto","$v":"Activa automàticament"},{"$i":"accessibility","$v":"Accessibilitat"},{"$i":"accessibility-header","$v":[{"t":"idOrVar","v":"accessibility"}]},{"$i":"screenReader","$v":"Lector de pantalla"},{"$i":"screenReader-header","$v":[{"t":"idOrVar","v":"screenReader"}]},{"$i":"screenReader-toggle","$v":[{"t":"idOrVar","v":"screenReader"}]},{"$i":"colorFilter","$v":"Filtre de color"},{"$i":"colorFilter-header","$v":[{"t":"idOrVar","v":"colorFilter"}]},{"$i":"colorFilter-toggle","$v":[{"t":"idOrVar","v":"colorFilter"}]},{"$i":"screenReader-captions","$v":"Veu de la pantalla"},{"$i":"screenReader-enable-msg","$v":"Quan el lector de pantalla estigui habilitat, el dispositiu proporcionarà ajuda per guiar els usuaris cecs i amb visió reduïda."},{"$i":"screen-reader-speech-volume","$v":"Volum de la veu"},{"$i":"screen-reader-speech-rate","$v":"Velocitat de la veu"},{"$i":"screenReader-confirm-title-start","$v":"Voleu iniciar el lector de pantalla?"},{"$i":"screenReader-confirm-description-start","$v":"En activar el lector de pantalla canviarà la forma com funciona la pantalla tàctil. Toqueu a qualsevol punt per escoltar quin és l'element sota el vostre dit i feu doble toc per activar-lo."},{"$i":"screenReader-confirm-button-start","$v":"Inicia"},{"$i":"screenReader-confirm-title-stop","$v":"Voleu aturar el lector de pantalla?"},{"$i":"screenReader-confirm-description-stop","$v":"En aturar el lector de pantalla finalitzarà l'ajuda per veu."},{"$i":"screenReader-confirm-button-stop","$v":"Atura"},{"$i":"colorFilter-invert","$v":"Inverteix"},{"$i":"colorFilter-grayscale","$v":"Escala de grisos"},{"$i":"colorFilter-contrast","$v":"Contrast"},{"$i":"improveBrowserOS","$v":["Millora el ",{"t":"idOrVar","v":"brandShortName"}]},{"$i":"improveBrowserOSTitle","$v":["Millora el ",{"t":"idOrVar","v":"brandShortName"}]},{"$i":"sendMozillaFeedback","$v":"Envia comentaris a Mozilla"},{"$i":"performanceAndUsageData","$v":"Dades de rendiment i d'ús"},{"$i":"sharePerformanceAndUsageData","$v":"Envia les dades"},{"$i":"appUsageByRegion","$v":"App usage by region"},{"$i":"crashReports","$v":"Informes de fallada"},{"$i":"crashReports-header","$v":[{"t":"idOrVar","v":"crashReports"}]},{"$i":"crashReportInfo","$v":"La tramesa d'un informe a Mozilla quan es produeix una fallada ens ajuda a solucionar el problema per a tothom. Els informes només s'envien per Wi-Fi."},{"$i":"alwaysSendReport","$v":"Envia'l sempre"},{"$i":"neverSendReport","$v":"No l'enviïs mai"},{"$i":"askToSendReport2","$v":"Demana-ho sempre"},{"$i":"crash-reports-description-1","$v":"Un informe de fallada conté detalls de la fallada i del vostre dispositiu, així com una instantània de l'estat del dispositiu quan va fallar."},{"$i":"crash-reports-description-2","$v":"Pot incloure les pàgines i aplicacions obertes, el text escrit en formularis i el contingut de missatges oberts, de l'historial de navegació recent o de la geolocalització utilitzats per una aplicació oberta."},{"$i":"crash-reports-description-3-start","$v":"Fem servir els informes de fallada per resoldre problemes i millorar els nostres productes. Gestionem la vostra informació tal com ho descrivim a la nostra "},{"$i":"crash-reports-description-3-privacy","$v":"política de privadesa"},{"$i":"crash-reports-description-3-end","$v":"."},{"$i":"sendFeedbackTitle","$v":"Envieu-nos l'opinió"},{"$i":"feedback-description","$v":"La vostra opinió ens ajudarà a millorar el Firefox OS."},{"$i":"feedback-happy","$v":"Content"},{"$i":"feedback-sad","$v":"Trist"},{"$i":"feedback-mood-description","$v":"Com us sentiu?"},{"$i":"feedback_whyfeel_happy","$v":"Per què esteu content?"},{"$i":"feedback_whyfeel_sad","$v":"Per què esteu trist?"},{"$i":"feedback-mood-explain","$v":"Expliqueu-nos-ho en detall."},{"$i":"feedback-public-description","$v":"El contingut de la vostra opinió serà públic, assegureu-vos de no posar-hi cap informació personal."},{"$i":"feedback-contactyou","$v":"Feu clic aquí per permetre que us enviem correu."},{"$i":"email-address1","$v":"Adreça electrònica:"},{"$i":"email-keepprivate","$v":"No us preocupeu, la vostra adreça electrònica no es publicarà."},{"$i":"feedback-sendbtn","$v":"Envia l'opinió"},{"$i":"feedback-errormessage-connect-error","$v":"El sistema no pot enviar el vostre suggeriment per un problema de connexió. Torneu-ho a provar quan el problema s'hagi resolt."},{"$i":"feedback-errormessage-server-off","$v":"El sistema no pot enviar el vostre suggeriment perquè el servidor no està disponible. Espereu un moment i torneu-ho a provar."},{"$i":"feedback-errormessage-timeout","$v":"El sistema no pot enviar el vostre suggeriment perquè s'ha excedit el temps d'espera. Reinicieu i torneu-ho a provar."},{"$i":"feedback-errormessage-wrong-email","$v":"El sistema no pot enviar el vostre suggeriment perquè falta l'adreça electrònica o té un format incorrecte. Indiqueu una adreça correcta i torneu-ho a provar."},{"$i":"feedback-errormessage-empty-comment","$v":"El sistema no pot enviar el vostre suggeriment perquè el camp de comentaris és buit. Empleneu el camp i torneu-ho a provar."},{"$i":"feedback-errormessage-just-sent","$v":"El sistema no pot enviar el vostre suggeriment perquè ja ens n'heu enviat abans. Proveu la següent actualització de programari i torneu-ne a enviar llavors."},{"$i":"feedback-complete-msg","$v":"Gràcies pel comentari! El farem servir per ajudar a millorar properes versions del Firefox OS."},{"$i":"online-support","$v":"Assistència en línia:"},{"$i":"call-support","$v":"Telèfon d'assistència:"},{"$i":"user-guide","$v":"Guia de l'usuari"},{"$i":"default-support","$v":"Contacteu amb el vostre proveïdor local per obtenir assistència."},{"$i":"operatorServices","$v":"Serveis de l'operador"},{"$i":"operatorServices-help","$v":"Ajuda"},{"$i":"operatorServices-helpmenu","$v":"Menú d'ajuda"},{"$i":"stkAppsNotAvailable","$v":"No hi ha disponibles aplicacions de la targeta SIM."},{"$i":"simToolkit","$v":"Joc d'eines de la SIM"},{"$i":"stkItemsNaiSetUpCall","$v":"Configura la trucada"},{"$i":"stkItemsNaiSendSs","$v":"Envia SS"},{"$i":"stkItemsNaiSendUssd","$v":"Envia USSD"},{"$i":"stkItemsNaiSendSms","$v":"Envia SMS"},{"$i":"stkItemsNaiSendDtmf","$v":"Envia DTMF"},{"$i":"stkItemsNaiLaunchBrowser","$v":"Executa el navegador"},{"$i":"stkItemsNaiPlayTone","$v":"Reprodueix un so"},{"$i":"stkItemsNaiDisplayText","$v":"Mostra text"},{"$i":"stkItemsNaiGetInkey","$v":"Obtén la tecla"},{"$i":"stkItemsNaiGetInput","$v":"Obtén l'entrada"},{"$i":"stkItemsNaiSelectItem","$v":"Selecciona l'element"},{"$i":"stkItemsNaiSetUpMenu","$v":"Configura el menú"},{"$i":"stkItemsNaiProvideLocalInfo","$v":"Proporciona informació local"},{"$i":"stkItemsNaiSetIdleModeText","$v":"Defineix text de mode inactiu"},{"$i":"stkItemsNaiPerformCardApdu","$v":"Perform Card APDU"},{"$i":"stkItemsNaiPowerOnCard","$v":"Power On Card"},{"$i":"stkItemsNaiPowerOffCard","$v":"Power Off Card"},{"$i":"stkItemsNaiGetReaderStatus","$v":"Get Reader Status"},{"$i":"stkItemsNaiOpenChannel","$v":"Obre el canal"},{"$i":"stkItemsNaiCloseChannel","$v":"Tanca el canal"},{"$i":"stkItemsNaiReceiveData","$v":"Rep dades"},{"$i":"stkItemsNaiSendData","$v":"Envia dades"},{"$i":"stkItemsNaiGetChannelStatus","$v":"Obtén l'estat del canal"},{"$i":"stkItemsNaiEndOfTheProactiveSession","$v":"End of the proactive session"},{"$i":"is-warning-storage-header","$v":"Mode de disc USB"},{"$i":"is-warning-tethering-header","$v":"Comparteix per USB"},{"$i":"is-warning-wifi-header","$v":"Punt d'accés Wi-Fi"},{"$i":"is-warning-storage-tethering-message","$v":"En activar el mode de disc USB, es desactivarà la compartició d'Internet per USB. Voleu activar el mode de disc USB?"},{"$i":"is-warning-tethering-storage-message","$v":"En activar la compartició d'Internet per USB, es desactivarà el mode de disc USB. Voleu activar la compartició d'Internet per USB?"},{"$i":"is-warning-tethering-wifi-message","$v":"En activar la compartició d'Internet per USB, es desactivarà el punt d'accés Wi-Fi. Voleu activar la compartició d'Internet per USB?"},{"$i":"is-warning-wifi-tethering-message","$v":"En activar el punt d'accés Wi-Fi, es desactivarà la compartició d'Internet per USB. Voleu activar el punt d'accés Wi-Fi?"},{"$i":"settings-dialog-alert","$v":"Alert"},{"$i":"settings-dialog-confirm","$v":"Confirm"},{"$i":"settings-dialog-prompt","$v":"Prompt"},{"$i":"settings-alert-dialog-header","$v":[{"t":"idOrVar","v":"settings-dialog-alert"}]},{"$i":"settings-confirm-dialog-header","$v":[{"t":"idOrVar","v":"settings-dialog-confirm"}]},{"$i":"settings-prompt-dialog-header","$v":[{"t":"idOrVar","v":"settings-dialog-prompt"}]},{"$i":"addons","$v":"Addons"},{"$i":"addons-header","$v":[{"t":"idOrVar","v":"addons"}]},{"$i":"change-device-name","$v":"Canvia el nom del telèfon"},{"$i":"internetSharing-usb-desc","$v":"Comparteix la connexió a Internet del telèfon amb un dispositiu connectat per USB."},{"$i":"internetSharing-wifi-desc","$v":"Permet a altres dispositius compartir la connexió a Internet del telèfon connectant-se amb Wi-Fi."},{"$i":"unplayable-ringtone","$v":"No s'ha canviat el to de trucada perquè el fitxer que heu triat no es pot reproduir en aquest telèfon."},{"$i":"findmydevice-signup-description","$v":"«Troba el meu aparell» permet localitzar, bloquejar o esborrar el vostre telèfon"},{"$i":"findmydevice-settings-description","$v":"«Troba el meu aparell» permet localitzar, bloquejar o esborrar el vostre telèfon des d'un lloc web:"},{"$i":"findmydevice-active-tracking","$v":"Un altre dispositiu està fent el seguiment del vostre telèfon mitjançant el lloc web."},{"$i":"findmydevice-not-tracking","$v":"Actualment cap dispositiu està fent el seguiment del vostre telèfon mitjançant el lloc web."},{"$i":"ums-confirm","$v":"El mode de disc USB permet que un altre ordinador o dispositiu connectats per USB accedeixin als fitxers d'aquest telèfon."},{"$i":"reset-device","$v":"Reinicialitza el telèfon"},{"$i":"reset-warning-body","$v":"La reinicialització esborrarà totes les dades, incloses totes les aplicacions que hàgiu comprat. El telèfon es restaurarà a l'estat inicial de fàbrica. No es desarà cap dels vostres paràmetres ni dades."},{"$i":"reset-devtools-warning-body","$v":"Resetting will erase all your data, including any apps you’ve purchased. None of your settings or data will be saved. But your phone will have unrestricted developer tools, allowing you to modify and debug system applications."},{"$i":"powerSave-explanation","$v":"El mode d'estalvi d'energia desactivarà les connexions de dades, Bluetooth i geolocalització del telèfon per tal que la bateria duri més. Tot i així, podeu tornar a activar els serveis manualment."},{"$i":"performanceAndUsageDataInfo","$v":["Ajudeu-nos a millor el ",{"t":"idOrVar","v":"brandShortName"}," compartint dades del vostre telèfon i de com l'utilitzeu."]},{"$i":"device-status-connected-device","$v":"Connectat a l'àudio del telèfon"},{"$i":"device-status-connected-device-media","$v":"Connectat a l'àudio del telèfon/suport"}]