[{"$i":"stopped_download_title","$v":"Stahování přerušeno"},{"$i":"stopped_download_message","$v":"Stahování bylo přerušeno. Chcete jej znovu zahájit?"},{"$i":"stopped_download_left_button","$v":"Zrušit"},{"$i":"stopped_download_right_button","$v":"Znovu zahájit"},{"$i":"failed_download_title","$v":"Stahování selhalo"},{"$i":"failed_download_message","$v":["Stahování ",{"t":"idOrVar","v":"name"}," se nezdařilo. Chcete jej zahájit znovu?"]},{"$i":"failed_download_left_button","$v":"Zrušit"},{"$i":"failed_download_right_button","$v":"Znovu zahájit"},{"$i":"stop_download_title","$v":"Přerušit stahování"},{"$i":"stop_download_message","$v":"Opravdu chcete přerušit toto stahování?"},{"$i":"stop_download_left_button","$v":"Ne"},{"$i":"stop_download_right_button","$v":"Ano"},{"$i":"delete_download_title","$v":"Smazat"},{"$i":"delete_download_message","$v":["Smazat ",{"t":"idOrVar","v":"name"},"?"]},{"$i":"delete_download_left_button","$v":"Zrušit"},{"$i":"delete_download_right_button","$v":"Smazat"},{"$i":"delete_all_download_title","$v":"Smazat"},{"$i":"delete_all_download_left_button","$v":"Zrušit"},{"$i":"delete_all_download_right_button","$v":"Smazat"},{"$i":"delete_all_download_message","$v":{"zero":"Smazat žádné soubory?","one":"Smazat jeden soubor?","two":["Smazat ",{"t":"idOrVar","v":"number"}," soubory?"],"few":["Smazat ",{"t":"idOrVar","v":"number"}," souborů?"],"many":["Smazat ",{"t":"idOrVar","v":"number"}," souborů?"],"other":["Smazat ",{"t":"idOrVar","v":"number"}," souborů?"]},"$x":[{"t":"idOrVar","v":"plural"},"number"]},{"$i":"unsupported_file_type_download_title","$v":"Soubor nelze otevřít"},{"$i":"unsupported_file_type_download_message","$v":["Nebyla nalezena žádná aplikace pro otevření ",{"t":"idOrVar","v":"name"},". Chcete tento soubor uložit nebo smazat?"]},{"$i":"unsupported_file_type_download_left_button","$v":"Uchovat soubor"},{"$i":"unsupported_file_type_download_right_button","$v":"Smazat"},{"$i":"file_not_found_download_title","$v":"Soubor nenalezen"},{"$i":"file_not_found_download_message","$v":"Soubor nebyl v zařízení nalezen"},{"$i":"file_not_found_download_right_button","$v":"OK"},{"$i":"unmounted_sdcard_2_download_title","$v":"Paměťová karta je využívána"},{"$i":"unmounted_sdcard_2_download_message","$v":"Odpojte telefon"},{"$i":"unmounted_sdcard_2_download_right_button","$v":"OK"},{"$i":"no_provider_download_title","$v":"Nelze sdílet"},{"$i":"no_provider_download_message","$v":"Nebyl nalezen žádný poskytovatel"},{"$i":"no_provider_download_right_button","$v":"OK"},{"$i":"no_memory_download_title","$v":"SD karta je plná"},{"$i":"no_memory_download_message","$v":"Na vaší SD kartě není dostatek prostoru pro uložení stahovaného souboru. Před opakování pokusu o stažení prosím vymažte některé jiné soubory."},{"$i":"no_memory_download_right_button","$v":"OK"},{"$i":"no_sdcard_found_2_download_title","$v":"Paměťová karta nebyla nalezena"},{"$i":"no_sdcard_found_2_download_message","$v":"Vložte paměťovou kartu nebo vyberte v Nastavení jiné výchozí umístění médií"},{"$i":"no_sdcard_found_2_download_right_button","$v":"OK"},{"$i":"file_open_error_download_title","$v":"Soubor nelze otevřít"},{"$i":"file_open_error_download_message","$v":["Při otevírání ",{"t":"idOrVar","v":"name"}," došlo k chybě. Chcete tento soubor uložit nebo smazat?"]},{"$i":"file_open_error_download_left_button","$v":"Uchovat soubor"},{"$i":"file_open_error_download_right_button","$v":"Smazat"},{"$i":"restart_download_error","$v":"Při opětovném zahájení stahování došli k chybě. Zkuste to prosím později."},{"$i":"no-downloads","$v":"Žádná stahování"},{"$i":"byteUnit-B","$v":"B"},{"$i":"byteUnit-KB","$v":"KB"},{"$i":"byteUnit-MB","$v":"MB"},{"$i":"byteUnit-GB","$v":"GB"},{"$i":"byteUnit-TB","$v":"TB"},{"$i":"fileSize","$v":[{"t":"idOrVar","v":"size"}," ",{"t":"idOrVar","v":"unit"}]},{"$i":"percentage","$v":[{"t":"idOrVar","v":"percentage"}," %"]},{"$i":"partialResult","$v":[{"t":"idOrVar","v":"partial"}," z ",{"t":"idOrVar","v":"total"}]},{"$i":"summary","$v":[{"t":"idOrVar","v":"date"}," - ",{"t":"idOrVar","v":"status"}]},{"$i":"download-stopped","$v":"Přerušeno"},{"$i":"download-failed","$v":"Stahování selhalo"},{"$i":"open_downloaded_file","$v":"Otevřít"},{"$i":"share_downloaded_file","$v":"Sdílet"},{"$i":"wallpaper_downloaded_file","$v":"Nastavit jako tapetu"},{"$i":"ringtone_downloaded_file","$v":"Nastavit jako vyzvánění"},{"$i":"cancel_downloaded_file","$v":"Zrušit"},{"$i":"brandShortName","$v":"B2G OS"},{"$i":"browserBrandShortName","$v":"Web Browser"},{"$i":"browserBrandFullName","$v":"Mozilla Web Browser"},{"$i":"ringtoneBrandName","$v":"Default"},{"$i":"ringtoneSectionBrandName","$v":"System"},{"$i":"weekday-0-long","$v":"Neděle"},{"$i":"weekday-1-long","$v":"Pondělí"},{"$i":"weekday-2-long","$v":"Úterý"},{"$i":"weekday-3-long","$v":"Středa"},{"$i":"weekday-4-long","$v":"Čtvrtek"},{"$i":"weekday-5-long","$v":"Pátek"},{"$i":"weekday-6-long","$v":"Sobota"},{"$i":"weekday-0-short","$v":"Ne"},{"$i":"weekday-1-short","$v":"Po"},{"$i":"weekday-2-short","$v":"Út"},{"$i":"weekday-3-short","$v":"St"},{"$i":"weekday-4-short","$v":"Čt"},{"$i":"weekday-5-short","$v":"Pá"},{"$i":"weekday-6-short","$v":"So"},{"$i":"month-0-long","$v":"Leden"},{"$i":"month-1-long","$v":"Únor"},{"$i":"month-2-long","$v":"Březen"},{"$i":"month-3-long","$v":"Duben"},{"$i":"month-4-long","$v":"Květen"},{"$i":"month-5-long","$v":"Červen"},{"$i":"month-6-long","$v":"Červenec"},{"$i":"month-7-long","$v":"Srpen"},{"$i":"month-8-long","$v":"Září"},{"$i":"month-9-long","$v":"Říjen"},{"$i":"month-10-long","$v":"Listopad"},{"$i":"month-11-long","$v":"Prosinec"},{"$i":"month-0-genitive","$v":"Leden"},{"$i":"month-1-genitive","$v":"Únor"},{"$i":"month-2-genitive","$v":"Březen"},{"$i":"month-3-genitive","$v":"Duben"},{"$i":"month-4-genitive","$v":"Květen"},{"$i":"month-5-genitive","$v":"Červen"},{"$i":"month-6-genitive","$v":"Červenec"},{"$i":"month-7-genitive","$v":"Srpen"},{"$i":"month-8-genitive","$v":"Září"},{"$i":"month-9-genitive","$v":"Říjen"},{"$i":"month-10-genitive","$v":"Listopad"},{"$i":"month-11-genitive","$v":"Prosinec"},{"$i":"month-0-short","$v":"leden"},{"$i":"month-1-short","$v":"únor"},{"$i":"month-2-short","$v":"březen"},{"$i":"month-3-short","$v":"duben"},{"$i":"month-4-short","$v":"květen"},{"$i":"month-5-short","$v":"červen"},{"$i":"month-6-short","$v":"červenec"},{"$i":"month-7-short","$v":"srpen"},{"$i":"month-8-short","$v":"září"},{"$i":"month-9-short","$v":"říjen"},{"$i":"month-10-short","$v":"listopad"},{"$i":"month-11-short","$v":"prosinec"},{"$i":"minutes-ago-long","$v":{"zero":"právě teď","one":"před minutou","two":"před 2 minutami","few":["před ",{"t":"idOrVar","v":"value"}," minutami"],"many":["před ",{"t":"idOrVar","v":"value"}," minutami"],"other":["před ",{"t":"idOrVar","v":"value"}," minutami"]},"$x":[{"t":"idOrVar","v":"plural"},"value"]},{"$i":"hours-ago-long","$v":{"zero":"právě teď","one":"před hodinou","two":"před 2 hodinami","few":["před ",{"t":"idOrVar","v":"value"}," hodinami"],"many":["před ",{"t":"idOrVar","v":"value"}," hodinami"],"other":["před ",{"t":"idOrVar","v":"value"}," hodinami"]},"$x":[{"t":"idOrVar","v":"plural"},"value"]},{"$i":"days-ago-long","$v":{"zero":"dnes","one":"včera","two":"předevčírem","few":["před ",{"t":"idOrVar","v":"value"}," dny"],"many":["před ",{"t":"idOrVar","v":"value"}," dny"],"other":["před ",{"t":"idOrVar","v":"value"}," dny"]},"$x":[{"t":"idOrVar","v":"plural"},"value"]},{"$i":"weeks-ago-long","$v":{"zero":"tento týden","one":"minutý týden","two":["před ",{"t":"idOrVar","v":"value"}," týdny"],"few":["před ",{"t":"idOrVar","v":"value"}," týdny"],"many":["před ",{"t":"idOrVar","v":"value"}," týdny"],"other":["před ",{"t":"idOrVar","v":"value"}," týdny"]},"$x":[{"t":"idOrVar","v":"plural"},"value"]},{"$i":"months-ago-long","$v":{"zero":"tento měsíc","one":"minulý měsíc","two":["před ",{"t":"idOrVar","v":"value"}," měsíci"],"few":["před ",{"t":"idOrVar","v":"value"}," měsíci"],"many":["před ",{"t":"idOrVar","v":"value"}," měsíci"],"other":["před ",{"t":"idOrVar","v":"value"}," měsíci"]},"$x":[{"t":"idOrVar","v":"plural"},"value"]},{"$i":"years-ago-long","$v":{"zero":"tento rok","one":"minulý rok","two":["před ",{"t":"idOrVar","v":"value"}," roky"],"few":["před ",{"t":"idOrVar","v":"value"}," roky"],"many":["před ",{"t":"idOrVar","v":"value"}," roky"],"other":["před ",{"t":"idOrVar","v":"value"}," roky"]},"$x":[{"t":"idOrVar","v":"plural"},"value"]},{"$i":"minutes-until-long","$v":{"zero":"nyní","one":"za minutu","two":"za 2 minuty","few":["za ",{"t":"idOrVar","v":"value"}," minuty"],"many":["za ",{"t":"idOrVar","v":"value"}," minut"],"other":["za ",{"t":"idOrVar","v":"value"}," minut"]},"$x":[{"t":"idOrVar","v":"plural"},"value"]},{"$i":"hours-until-long","$v":{"zero":"nyní","one":"za hodinu","two":"za 2 hodiny","few":["za ",{"t":"idOrVar","v":"value"}," hodiny"],"many":["za ",{"t":"idOrVar","v":"value"}," hodin"],"other":["za ",{"t":"idOrVar","v":"value"}," hodin"]},"$x":[{"t":"idOrVar","v":"plural"},"value"]},{"$i":"days-until-long","$v":{"zero":"dnes","one":"zítra","two":"pozítří","few":["za ",{"t":"idOrVar","v":"value"}," dny"],"many":["za ",{"t":"idOrVar","v":"value"}," dnů"],"other":["za ",{"t":"idOrVar","v":"value"}," dnů"]},"$x":[{"t":"idOrVar","v":"plural"},"value"]},{"$i":"weeks-until-long","$v":{"zero":"tento týden","one":"příští týden","two":["za ",{"t":"idOrVar","v":"value"}," týdny"],"few":["za ",{"t":"idOrVar","v":"value"}," týdny"],"many":["za ",{"t":"idOrVar","v":"value"}," týdnů"],"other":["za ",{"t":"idOrVar","v":"value"}," týdnů"]},"$x":[{"t":"idOrVar","v":"plural"},"value"]},{"$i":"months-until-long","$v":{"zero":"tento měsíc","one":"příští měsíc","two":["za ",{"t":"idOrVar","v":"value"}," měsíce"],"few":["za ",{"t":"idOrVar","v":"value"}," měsíce"],"many":["za ",{"t":"idOrVar","v":"value"}," měsíců"],"other":["za ",{"t":"idOrVar","v":"value"}," měsíců"]},"$x":[{"t":"idOrVar","v":"plural"},"value"]},{"$i":"years-until-long","$v":{"zero":"tento rok","one":"příští rok","two":["za ",{"t":"idOrVar","v":"value"}," roky"],"few":["za ",{"t":"idOrVar","v":"value"}," roky"],"many":["za ",{"t":"idOrVar","v":"value"}," roků"],"other":["za ",{"t":"idOrVar","v":"value"}," roků"]},"$x":[{"t":"idOrVar","v":"plural"},"value"]},{"$i":"minutes-ago-short","$v":{"zero":"právě teď","other":["před ",{"t":"idOrVar","v":"value"}," min"]},"$x":[{"t":"idOrVar","v":"plural"},"value"]},{"$i":"hours-ago-short","$v":{"zero":"právě teď","other":["před ",{"t":"idOrVar","v":"value"}," hod"]},"$x":[{"t":"idOrVar","v":"plural"},"value"]},{"$i":"days-ago-short","$v":{"zero":"dnes","other":["před ",{"t":"idOrVar","v":"value"}," dny"]},"$x":[{"t":"idOrVar","v":"plural"},"value"]},{"$i":"minutes-until-short","$v":{"zero":"nyní","other":["za ",{"t":"idOrVar","v":"value"}," min"]},"$x":[{"t":"idOrVar","v":"plural"},"value"]},{"$i":"hours-until-short","$v":{"zero":"nyní","other":["za ",{"t":"idOrVar","v":"value"}," hod"]},"$x":[{"t":"idOrVar","v":"plural"},"value"]},{"$i":"days-until-short","$v":{"zero":"dnes","other":["za ",{"t":"idOrVar","v":"value"}," dny"]},"$x":[{"t":"idOrVar","v":"plural"},"value"]},{"$i":"incorrectDate","$v":"(neplatné datum)"},{"$i":"dateTimeFormat_%c","$v":"%a %e. %b %Y %H:%M:%S"},{"$i":"dateTimeFormat_%x","$v":"%e. %m. %Y"},{"$i":"dateTimeFormat_%X","$v":"%H:%M:%S"},{"$i":"shortTimeFormat","$v":"%H:%M"},{"$i":"shortTimeFormat12","$v":"%I:%M"},{"$i":"shortTimeFormat24","$v":"%H:%M"},{"$i":"shortDateTimeFormat","$v":"%x %H:%M"},{"$i":"weekStartsOnMonday","$v":"1"},{"$i":"firstDayOfTheWeek","$v":"0"},{"$i":"time_am","$v":"AM"},{"$i":"time_pm","$v":"PM"},{"$i":"title-app","$v":"Práva aplikace"},{"$i":"title-web","$v":"Práva webové stránky"},{"$i":"title-cam","$v":"Volba kamery"},{"$i":"perm-alarms","$v":"Nastavit budíky"},{"$i":"perm-audio-capture","$v":"Mikrofon"},{"$i":"perm-audio-capture-appRequest","$v":["Chcete sdílet mikrofon s ",{"t":"idOrVar","v":"app"},"?"]},{"$i":"perm-audio-capture-webRequest","$v":["Chcete sdílet mikrofon s ",{"t":"idOrVar","v":"site"},"?"]},{"$i":"perm-audio-channel-content","$v":"Přehrát zvuky"},{"$i":"perm-audio-channel-notification","$v":"Přehrát zvuky upozornění"},{"$i":"perm-audio-channel-ringer","$v":"Přehrát vyzváněcí zvuky"},{"$i":"perm-background-sensors","$v":"Přístup k datům ze senzoru"},{"$i":"perm-bluetooth","$v":"Bluetooth"},{"$i":"perm-browser","$v":"Zkontrolovat webové stránky"},{"$i":"perm-camera","$v":"Fotoaparát"},{"$i":"perm-camera-selector-appRequest","$v":["Zvolit fotoaparát pro ",{"t":"idOrVar","v":"app"},"."]},{"$i":"perm-camera-selector-webRequest","$v":["Zvolit fotoaparát pro ",{"t":"idOrVar","v":"site"},"."]},{"$i":"perm-cellbroadcast","$v":"Mobilní přenosy"},{"$i":"perm-contacts","$v":"Kontakty"},{"$i":"perm-contacts-appRequest","$v":["Aplikace ",{"t":"idOrVar","v":"app"}," požaduje přístup k vašim kontaktům."]},{"$i":"perm-contacts-webRequest","$v":["Stránka ",{"t":"idOrVar","v":"site"}," požaduje přístup k vašim kontaktům."]},{"$i":"perm-desktop-notification","$v":"Upozornění"},{"$i":"perm-desktop-notification-appRequest","$v":["Aplikace ",{"t":"idOrVar","v":"app"}," požaduje zobrazování upozornění."]},{"$i":"perm-desktop-notification-webRequest","$v":["Stránka ",{"t":"idOrVar","v":"site"}," požaduje zobrazování upozornění."]},{"$i":"perm-device-storage-apps","$v":"Úložiště aplikací"},{"$i":"perm-device-storage-music","$v":"Úložiště hudby"},{"$i":"perm-device-storage-music-appRequest","$v":["Aplikace ",{"t":"idOrVar","v":"app"}," požaduje přístup k vaší hudbě."]},{"$i":"perm-device-storage-music-webRequest","$v":["Stránka ",{"t":"idOrVar","v":"site"}," požaduje přístup k vaší hudbě."]},{"$i":"perm-device-storage-pictures","$v":"Úložiště obrázků"},{"$i":"perm-device-storage-pictures-appRequest","$v":["Aplikace ",{"t":"idOrVar","v":"app"}," požaduje přístup k vašim obrázkům."]},{"$i":"perm-device-storage-pictures-webRequest","$v":["Stránka ",{"t":"idOrVar","v":"site"}," požaduje přístup k vašim obrázkům."]},{"$i":"perm-device-storage-sdcard","$v":"Úložiště na paměťové kartě"},{"$i":"perm-device-storage-sdcard-appRequest","$v":["Aplikace ",{"t":"idOrVar","v":"app"}," požaduje přístup k vaší paměťové kartě."]},{"$i":"perm-device-storage-sdcard-webRequest","$v":["Stránka ",{"t":"idOrVar","v":"site"}," požaduje přístup k vaší paměťové kartě."]},{"$i":"perm-device-storage-videos","$v":"Úložiště videa"},{"$i":"perm-device-storage-videos-appRequest","$v":["Aplikace ",{"t":"idOrVar","v":"app"}," požaduje přístup k vašim videím."]},{"$i":"perm-device-storage-videos-webRequest","$v":["Stránka ",{"t":"idOrVar","v":"site"}," požaduje přístup k vašim videím."]},{"$i":"perm-embed-apps","$v":"Vložit aplikace"},{"$i":"perm-fmradio","$v":"FM rádio"},{"$i":"perm-fmradio-appRequest","$v":["Aplikace ",{"t":"idOrVar","v":"app"}," požaduje užít FM rádio."]},{"$i":"perm-fmradio-webRequest","$v":["Stránka ",{"t":"idOrVar","v":"site"}," požaduje užít FM rádio."]},{"$i":"perm-geolocation","$v":"Geolokace"},{"$i":"perm-geolocation-appRequest","$v":["Aplikace ",{"t":"idOrVar","v":"app"}," požaduje přístup k vaší poloze."]},{"$i":"perm-geolocation-more-info","$v":[{"t":"idOrVar","v":"brandShortName"}," používá data z GPS, Wi-Fi a mobilních sítí okolo vás pro přibližné určení vaší polohy. Tato data jsou posílána Mozille a dalším poskytovatelům služeb, kteří je používají k vylepšování informací o umístění. Data mohou být uložena na vašem zařízení a sbírání dat může probíhat i tehdy, když není žádná aplikace spuštěna."]},{"$i":"perm-geolocation-webRequest","$v":["Stránka ",{"t":"idOrVar","v":"site"}," by ráda znala vaši polohu."]},{"$i":"perm-idle","$v":"Zobrazit nečinný status"},{"$i":"perm-indexedDB-chrome-settings","$v":"Privilegované IndexedDB"},{"$i":"perm-indexedDB-unlimited","$v":"Neomezené IndexedDB úložiště"},{"$i":"perm-input-manage","$v":"Správa klávesnic"},{"$i":"perm-input","$v":"Pracovat jako klávesnice"},{"$i":"perm-media-capture","$v":"Fotoaparát a mikrofon"},{"$i":"perm-media-capture-appRequest","$v":["Chcete sdílet fotoaparát a mikrofon s ",{"t":"idOrVar","v":"app"},"?"]},{"$i":"perm-media-capture-webRequest","$v":["Chcete sdílet fotoaparát a mikrofon s ",{"t":"idOrVar","v":"site"},"?"]},{"$i":"perm-mobileconnection","$v":"Mobilní připojení"},{"$i":"perm-mobileid","$v":"Mobilní identita"},{"$i":"perm-network-events","$v":"Síťové události"},{"$i":"perm-open-remote-window","$v":"Spustit aplikaci"},{"$i":"perm-permissions","$v":"Upravit oprávnění aplikací"},{"$i":"perm-power","$v":"Nastavení napájení"},{"$i":"perm-settings","$v":"Modifikovat Nastavení"},{"$i":"perm-systemXHR","$v":"Žádosti Cross-Origin"},{"$i":"perm-telephony","$v":"Telefonování"},{"$i":"perm-video-capture","$v":"Fotoaparát"},{"$i":"perm-video-capture-appRequest","$v":["Chcete sdílet svůj fotoaparát s aplikací ",{"t":"idOrVar","v":"app"},"?"]},{"$i":"perm-video-capture-webRequest","$v":["Chcete sdílet svůj fotoaparát se stránkou ",{"t":"idOrVar","v":"site"},"?"]},{"$i":"perm-voicemail","$v":"Správa hlasové schránky"},{"$i":"perm-webapps-manage","$v":"Instalovat webové aplikace"},{"$i":"perm-wifi-manage","$v":"Spravovat Wi-Fi"},{"$i":"perm-attention","$v":"Otevírat překrývací okna"},{"$i":"perm-audio-channel-alarm","$v":"Přehrávat zvuk budíku"},{"$i":"perm-audio-channel-normal","$v":"Přehrávat zvuky"},{"$i":"perm-audio-channel-publicnotification","$v":"Přehrávat zvuky upozornění"},{"$i":"perm-audio-channel-telephony","$v":"Přehrávat zvuk hovoru"},{"$i":"perm-backgroundservice","$v":"Jednat jako služba v pozadí"},{"$i":"perm-device-storage-crashes","$v":"Úložiště poškozených dat"},{"$i":"perm-downloads","$v":"Přístup ke stahování"},{"$i":"perm-embed-widgets","$v":"Vkládat widgety"},{"$i":"perm-feature-detection","$v":"Detekce funkcí"},{"$i":"perm-firefox-accounts","$v":"Účet Firefox"},{"$i":"perm-mobilenetwork","$v":"Mobilní síť"},{"$i":"perm-moz-attention","$v":"Otevírat překrývací okna (moz)"},{"$i":"perm-moz-audio-channel-ringer","$v":"Přehrávat vyzváněcí tón (moz)"},{"$i":"perm-moz-audio-channel-telephony","$v":"Přehrávat zvuk hovoru (moz)"},{"$i":"perm-moz-firefox-accounts","$v":"Účet Firefox (moz)"},{"$i":"perm-networkstats-manage","$v":"Kontrola statistiky Využití"},{"$i":"perm-nfc","$v":"NFC"},{"$i":"perm-nfc-hci-events","$v":"Událosit NFC HCI"},{"$i":"perm-nfc-manager","$v":"Spravovat NFC"},{"$i":"perm-phonenumberservice","$v":"Služby telefonního čísla"},{"$i":"perm-push","$v":"Push API"},{"$i":"perm-resourcestats-manage","$v":"Statistiky zdrojů"},{"$i":"perm-sms","$v":"Odeslat a přečíst SMS"},{"$i":"perm-speaker-control","$v":"Ovládat hlasitost"},{"$i":"perm-storage","$v":"Přístup do úložiště"},{"$i":"perm-tcp-socket","$v":"TCP sokety"},{"$i":"perm-test-permission","$v":"Testovací oprávnění"},{"$i":"perm-time","$v":"Nastavit datum a čas"},{"$i":"perm-udp-socket","$v":"UDP sokety"},{"$i":"perm-wappush","$v":"WAP Push"},{"$i":"tz-region","$v":"Oblast"},{"$i":"tz-city","$v":"Město"},{"$i":"tzRegion-Africa","$v":"Afrika"},{"$i":"tzRegion-America","$v":"Amerika"},{"$i":"tzRegion-Antarctica","$v":"Antarktida"},{"$i":"tzRegion-Asia","$v":"Asie"},{"$i":"tzRegion-Atlantic","$v":"Atlantský oceán"},{"$i":"tzRegion-Australia","$v":"Austrálie"},{"$i":"tzRegion-Europe","$v":"Evropa"},{"$i":"tzRegion-Indian","$v":"Indický oceán"},{"$i":"tzRegion-Pacific","$v":"Tichý oceán"},{"$i":"ringtone-none","$v":"Žádný"},{"$i":"ringer_bubble","$v":"Bubble"},{"$i":"ringer_chimer","$v":"Chimer"},{"$i":"ringer_cunning","$v":"Cunning"},{"$i":"ringer_dulco","$v":"Dulco"},{"$i":"ringer_firefox2","$v":[{"t":"idOrVar","v":"ringtoneBrandName"}]},{"$i":"ringer_garden","$v":"Garden"},{"$i":"ringer_marbled","$v":"Marbled"},{"$i":"ringer_opti","$v":"Opti"},{"$i":"ringer_pecko","$v":"Pecko"},{"$i":"ringer_pingy","$v":"Pingy"},{"$i":"ringer_poppop","$v":"Pop Pop"},{"$i":"ringer_sata","$v":"Sata"},{"$i":"ringer_simple","$v":"Clean"},{"$i":"ringer_standard1","$v":"Classic"},{"$i":"ringer_standard2","$v":"Classic Fast"},{"$i":"ringer_stutter","$v":"Stutter"},{"$i":"ringer_symmetry","$v":"Symmetry"},{"$i":"ringer_tailwind","$v":"Tail Wind"},{"$i":"ringer_thoughtful","$v":"Thoughtful"},{"$i":"ringer_wit","$v":"Wit"},{"$i":"ringer_zen","$v":"Zen"},{"$i":"notifier_bells","$v":"Bells"},{"$i":"notifier_bloom","$v":"Bloom"},{"$i":"notifier_chime","$v":"Chime"},{"$i":"notifier_clicka","$v":"Clicka"},{"$i":"notifier_digi","$v":"Digi"},{"$i":"notifier_dropplet","$v":"Dropplet"},{"$i":"notifier_firefox2","$v":[{"t":"idOrVar","v":"ringtoneBrandName"}]},{"$i":"notifier_hello","$v":"Hello"},{"$i":"notifier_lowmarble","$v":"Low Marble"},{"$i":"notifier_ping","$v":"Ping"},{"$i":"notifier_plickle","$v":"Plickle"},{"$i":"notifier_pocko","$v":"Pocko"},{"$i":"notifier_quado","$v":"Quado"},{"$i":"notifier_red","$v":"Red"},{"$i":"notifier_sato","$v":"Sato"},{"$i":"notifier_swipo","$v":"Swipo"},{"$i":"notifier_trickleup","$v":"Trickle Up"},{"$i":"notifier_trink","$v":"Trink"},{"$i":"notifier_verse","$v":"Verse"},{"$i":"settings","$v":"Nastavení"},{"$i":"advancedSettings","$v":"Pokročilé nastavení"},{"$i":"default","$v":"Výchozí"},{"$i":"enabled","$v":"Povoleno"},{"$i":"enable","$v":"Povolit"},{"$i":"disabled","$v":"Zakázáno"},{"$i":"error","$v":"Chyba"},{"$i":"ok","$v":"OK"},{"$i":"yes","$v":"Ano"},{"$i":"no","$v":"Ne"},{"$i":"reset","$v":"Obnovit"},{"$i":"cancel","$v":"Zrušit"},{"$i":"close","$v":"Zavřít"},{"$i":"back","$v":"Zpět"},{"$i":"continue","$v":"Pokračovat"},{"$i":"skip","$v":"Přeskočit"},{"$i":"pair","$v":"Spárovat"},{"$i":"add","$v":"Přidat"},{"$i":"done","$v":"Hotovo"},{"$i":"set","$v":"Nastavit"},{"$i":"notNow","$v":"Nyní ne"},{"$i":"turnOn","$v":"Zapnout"},{"$i":"selectASIMCard","$v":"Volba karty SIM"},{"$i":"sim1","$v":"SIM 1"},{"$i":"sim2","$v":"SIM 2"},{"$i":"unavailable","$v":"Není dostupná"},{"$i":"confirmation","$v":"Potvrzení"},{"$i":"simSettingsWithIndex","$v":["Nastavení karty SIM ",{"t":"idOrVar","v":"index"}]},{"$i":"networkAndConnectivity","$v":"Síť a připojení"},{"$i":"airplaneMode","$v":"Režim V letadle"},{"$i":"geolocation","$v":"Geolokace"},{"$i":"wifi","$v":"Wi-Fi"},{"$i":"wifi-header","$v":[{"t":"idOrVar","v":"wifi"}]},{"$i":"wifi-disabled","$v":"Pro zobrazení dostupných sítí povolte Wi-Fi. "},{"$i":"availableNetworks","$v":"Dostupné sítě"},{"$i":"knownNetworks","$v":"Známé sítě"},{"$i":"hiddenNetworks","$v":"Skryté sítě"},{"$i":"scanning","$v":"Probíhá vyhledávání…"},{"$i":"scanNetworks","$v":"Znovu vyhledat"},{"$i":"fullStatus-initializing","$v":"Inicializace…"},{"$i":"fullStatus-connecting","$v":["Připojování k ",{"t":"idOrVar","v":"ssid"},"…"]},{"$i":"fullStatus-associated","$v":"Získávání IP adresy…"},{"$i":"fullStatus-connected","$v":["Připojeno k ",{"t":"idOrVar","v":"ssid"}]},{"$i":"fullStatus-connectingfailed","$v":"Připojení selhalo"},{"$i":"fullStatus-disconnected","$v":"Offline"},{"$i":"shortStatus-connecting","$v":"Připojování…"},{"$i":"shortStatus-associated","$v":"Získávání IP adresy…"},{"$i":"shortStatus-connected","$v":"Připojeno"},{"$i":"shortStatus-connectingfailed","$v":"Připojení selhalo"},{"$i":"shortStatus-disconnected","$v":"Offline"},{"$i":"wifi-sleep","$v":"Wi-Fi Sleep"},{"$i":"wifi-sleep-description","$v":"Enable to automatically turn off Wi-Fi during sleep to save battery power.  "},{"$i":"manageNetworks","$v":"Správa sítí"},{"$i":"wifi-bad-credentials-title","$v":"Nepodařilo se připojit k síti Wi-Fi"},{"$i":"wifi-bad-credentials-confirm","$v":["Nepodařilo se připojit k ",{"t":"idOrVar","v":"ssid"},", ověření selhalo. Prosím, zadejte znovu heslo sítě."]},{"$i":"manageNetworks-header","$v":[{"t":"idOrVar","v":"manageNetworks"}]},{"$i":"manageCertificates","$v":"Správa certifikátů"},{"$i":"manageCert","$v":"Správa cert."},{"$i":"joinHiddenNetwork","$v":"Připojení ke skryté síti"},{"$i":"securedBy","$v":["Zabezpečeno ",{"t":"idOrVar","v":"capabilities"}]},{"$i":"security","$v":"Zabezpečení"},{"$i":"securityNone","$v":"Žádná"},{"$i":"securityOpen","$v":"Otevřená"},{"$i":"notInRange","$v":"Není v dosahu"},{"$i":"ipAddress","$v":"IP adresa"},{"$i":"linkSpeed","$v":"Rychlost linky"},{"$i":"linkSpeedMbs","$v":[{"t":"idOrVar","v":"linkSpeed"}," Mbit/s"]},{"$i":"signalStrength","$v":"Síla signálu"},{"$i":"signalLevel0","$v":"Velmi slabá"},{"$i":"signalLevel1","$v":"Slabá"},{"$i":"signalLevel2","$v":"Průměrná"},{"$i":"signalLevel3","$v":"Dobrá"},{"$i":"signalLevel4","$v":"Velmi dobrá"},{"$i":"forget","$v":"Odebrat"},{"$i":"forgetNetwork-dialog","$v":"Odebrat síť?"},{"$i":"forgetNetwork-confirmation","$v":"Potvrzení"},{"$i":"authentication","$v":"Autentizace"},{"$i":"authentication-header","$v":[{"t":"idOrVar","v":"authentication"}]},{"$i":"eap","$v":"Metoda EAP"},{"$i":"auth-phase2","$v":"Dvoufázová autentizace"},{"$i":"server-certificate","$v":"Certifikát serveru"},{"$i":"import-certificate-msg","$v":"Poznámka: Pokud potřebujete naimportovat nové certifikáty, přejděte do “Správce certifikátů\"."},{"$i":"identity","$v":"Identifikátor"},{"$i":"password","$v":"Heslo"},{"$i":"showPassword","$v":"Zobrazit heslo"},{"$i":"networkNotification","$v":"Upozornění na sítě"},{"$i":"networkNotification-expl","$v":"Upozornit, když bude dostupná otevřená síť"},{"$i":"macAddress","$v":"MAC adresa"},{"$i":"deviceInfo_software","$v":[{"t":"idOrVar","v":"brandShortName"}," ",{"t":"idOrVar","v":"os"}]},{"$i":"macUnavailable","$v":"Není dostupná"},{"$i":"noNetworksFound","$v":"Žádná síť nebyla nalezena"},{"$i":"noKnownNetworks","$v":"Žádná známá síť"},{"$i":"edit","$v":"Upravit"},{"$i":"certificateList","$v":"Seznam certifikátů"},{"$i":"noCertificate","$v":"Žádné naimportované certifikáty"},{"$i":"deleteCertificate","$v":"Smazat certifikát"},{"$i":"importCertificate","$v":"Importovat certifikát"},{"$i":"selectCertificateFile","$v":"Volba souboru s certifikátem"},{"$i":"enterCertificateNickname","$v":"Vložte pojmenování certifikátu"},{"$i":"nickname","$v":"Pojmenování"},{"$i":"enter-certificate-name-msg","$v":"Můžete změnit pojmenování certifikátu nebo nechat výchozí název."},{"$i":"certificate-deletion-failed","$v":"Smazání certifikátu selhalo"},{"$i":"certificate-deletion-failed-description","$v":"Důvodem může být například problém s úložištěm."},{"$i":"certificate-import-failed","$v":"Import certifikátu selhal"},{"$i":"certificate-import-failed-description","$v":"Důvodem může být například poškozený soubor s certifikátem."},{"$i":"wpsMessage","$v":"Připojení pomocí WPS"},{"$i":"wpsMessage-header","$v":[{"t":"idOrVar","v":"wpsMessage"}]},{"$i":"fullStatus-wps-inprogress","$v":"WPS probíhá…"},{"$i":"fullStatus-wps-canceled","$v":"WPS bylo zrušeno"},{"$i":"fullStatus-wps-timedout","$v":"WPS vypršel čas"},{"$i":"fullStatus-wps-failed-error","$v":["WPS selhalo [",{"t":"idOrVar","v":"error"},"]"]},{"$i":"fullStatus-wps-overlapped","$v":"Byl nalezen další WPS PBC AP"},{"$i":"wpsDescription2","$v":"Automatické nastavení Wi-Fi"},{"$i":"wpsMethodSelection","$v":"Volba metody WPS:"},{"$i":"wpsPbcLabel","$v":"Automaticky"},{"$i":"wpsMyPinLabel","$v":"Připojení mým PIN"},{"$i":"wpsApPinLabel","$v":"Připojení PINem AP"},{"$i":"wpsPinDescription","$v":"PIN má 4 nebo 8 čísel"},{"$i":"wpsPinInput","$v":["Zadejte ",{"t":"idOrVar","v":"pin"}," na protějším zařízení"]},{"$i":"wpsPinAps","$v":"Výběr protějšího zařízení"},{"$i":"wpsAnyAp","$v":"Libovolné"},{"$i":"wpsCancelMessage","$v":"Zrušení WPS"},{"$i":"wpsCancelFailedMessageError","$v":["Selhalo zrušení WPS [",{"t":"idOrVar","v":"error"},"]"]},{"$i":"callSettings","$v":"Nastavení volání"},{"$i":"callSettings-header","$v":[{"t":"idOrVar","v":"callSettings"}]},{"$i":"callSettingsQuery","$v":"Načítání informací o síti…"},{"$i":"callSettingsQueryError","$v":"Při dotazu nastala chyba"},{"$i":"voiceMail","$v":"Hlasová schránka"},{"$i":"voiceMail-header","$v":[{"t":"idOrVar","v":"voiceMail"}]},{"$i":"voiceMail-number","$v":"Číslo hlasové schránky"},{"$i":"voiceMail-number-notSet","$v":"Nenastaveno"},{"$i":"voicePrivacyMode","$v":"Zabezpečení hovorů"},{"$i":"callWaiting","$v":"Další hovor na lince"},{"$i":"confirmCallWaitingTitle","$v":"Nepodařilo se potvrdit nastavení dalšího hovoru"},{"$i":"confirmCallWaitingDesc","$v":"Zařízení aktuálně nemůže komunikovat s operátorem. Zkuste provést nastavení později."},{"$i":"callForwarding","$v":"Přesměrování hovoru"},{"$i":"callForwarding-header","$v":[{"t":"idOrVar","v":"callForwarding"}]},{"$i":"callForwardingForward","$v":"Přesměrovávat"},{"$i":"callForwardingUnconditional","$v":"Vždy přesměrovávat"},{"$i":"callForwardingUnconditionalShort","$v":"Vždy"},{"$i":"callForwardingMobileBusy","$v":"Při zaneprázdnění"},{"$i":"callForwardingMobileBusyShort","$v":"Při zaneprázdnění"},{"$i":"callForwardingNoReply","$v":"Při neodpovědi"},{"$i":"callForwardingNoReplyShort","$v":"Při neodpovědi"},{"$i":"callForwardingNotReachable","$v":"Při nedostupnosti"},{"$i":"callForwardingNotReachableShort","$v":"Při nedostupnosti"},{"$i":"callForwardingForwardingVoiceToNumber","$v":["Hlasové hovory na ",{"t":"idOrVar","v":"number"}]},{"$i":"callForwardingNotForwarding","$v":"Zakázáno"},{"$i":"callForwardingConfirmTitle","$v":"Potvrzující zpráva pro přesměrování hovorů"},{"$i":"cf-alwaysUseThisNumber","$v":"Vždy použít toto číslo"},{"$i":"cf-numberWhenUnreachable","$v":"Číslo při nedostupnosti"},{"$i":"cf-numberWhenUnanswered","$v":"Číslo při neodpovědi"},{"$i":"cf-numberWhenBusy","$v":"Číslo při zaneprázdnění"},{"$i":"callForwardingInvalidNumberError","$v":"Toto telefonní číslo je neplatné."},{"$i":"callForwardingSetSuccess","$v":"Operace úspěšně nastavena."},{"$i":"callForwardingSetForbidden","$v":"Váš operátor tuto operaci nepodporuje."},{"$i":"callForwardingSetError","$v":"Chyba při nastavení hovorů."},{"$i":"callerId","$v":"ID volajícího"},{"$i":"callBarring","$v":"Call Barring"},{"$i":"callBarring-header","$v":[{"t":"idOrVar","v":"callBarring"}]},{"$i":"callBarring-outgoing","$v":"Outgoing calls"},{"$i":"callBarring-baoc","$v":"All"},{"$i":"callBarring-boic","$v":"International"},{"$i":"callBarring-boicExhc","$v":"International except Home Country"},{"$i":"callBarring-incoming","$v":"Incoming calls"},{"$i":"callBarring-baic","$v":"All"},{"$i":"callBarring-baicR","$v":"All while roaming"},{"$i":"callBarring-passcode","$v":"Passcode"},{"$i":"callBarring-change-passcode","$v":"Change passcode"},{"$i":"callBarring-passcode-enter","$v":"Enter passcode"},{"$i":"callBarring-passcode-unknown","$v":"In case you don't know your passcode, please contact your carrier"},{"$i":"callBarring-current-passcode","$v":"Current passcode"},{"$i":"callBarring-new-passcode","$v":"New passcode"},{"$i":"callBarring-create-passcode","$v":"Create a Passcode"},{"$i":"callBarring-confirm-passcode","$v":"Confirm passcode"},{"$i":"callBarring-passcode-error-generic","$v":"Passcode error."},{"$i":"callBarring-passcode-error-incorrect","$v":"Passcode is incorrect."},{"$i":"callBarring-passcode-error-mismatch","$v":"Passcode doesn’t match."},{"$i":"callBarring-update-item-error","$v":["Error while updating the item: ",{"t":"idOrVar","v":"error"},"."]},{"$i":"callBarring-change-passcode-success","$v":"Passcode changed."},{"$i":"callerId-default","$v":"Výchozí dle sítě"},{"$i":"callerId-hide","$v":"Skrýt číslo"},{"$i":"callerId-show","$v":"Zobrazit číslo"},{"$i":"fdn","$v":"Povolená čísla"},{"$i":"fdnSettings","$v":"Povolená čísla"},{"$i":"fdnSettings-header","$v":[{"t":"idOrVar","v":"fdnSettings"}]},{"$i":"fdn-authorizedNumbers","$v":"Autorizovaná čísla"},{"$i":"fdn-authorizedNumbers-header","$v":[{"t":"idOrVar","v":"fdn-authorizedNumbers"}]},{"$i":"fdn-authorizedNumbers-desc","$v":"Seznam čísel, která mohou být volána"},{"$i":"fdn-explanation1","$v":"Omezení na čísla, která mohou být z tohoto telefonu volána."},{"$i":"fdn-explanation2","$v":"(Tísňová volání budou vždy povolena)"},{"$i":"fdnEnable","$v":"Povolit FDN"},{"$i":"fdnDisable","$v":"Zakázat FDN"},{"$i":"fdnReset","$v":"Obnovit PIN2"},{"$i":"fdnAttemptMsg3","$v":{"one":"Máte poslední pokus vložit správný kód předtím, než bude vaše karta SIM zablokována.","two":["Zbývají vám ",{"t":"idOrVar","v":"n"}," pokusy vložit správný kód předtím, než bude vaše karta SIM zablokována.  "],"few":["Zbývají vám ",{"t":"idOrVar","v":"n"}," pokusy vložit správný kód předtím, než bude vaše karta SIM zablokována."],"many":["Zbývá vám ",{"t":"idOrVar","v":"n"}," pokusů vložit správný kód předtím, než bude vaše karta SIM zablokována."],"other":["Zbývá vám ",{"t":"idOrVar","v":"n"}," pokusů vložit správný kód předtím, než bude vaše karta SIM zablokována."]},"$x":[{"t":"idOrVar","v":"plural"},"n"]},{"$i":"fdnLastChanceMsg","$v":"Máte poslední pokus vložit správný kód PIN2. V opačném případě budete muset pro použití karty SIM vložit kód PUK2."},{"$i":"fdnErrorMsg","$v":"PIN2 je neplatný"},{"$i":"fdn-enabled-warning","$v":"Přesměrování hovorů je skrze FDN zakázáno."},{"$i":"fdnContact-name","$v":"název"},{"$i":"fdnContact-number","$v":"číslo"},{"$i":"fdnContact-submit","$v":"odeslání"},{"$i":"fdnAction-add","$v":"Přidat kontakt"},{"$i":"fdnAction-call","$v":"Hovor"},{"$i":"fdnAction-edit","$v":"Upravit kontakt"},{"$i":"fdnAction-edit-header","$v":"Úprava kontaktu"},{"$i":"fdnAction-delete","$v":"Smazat kontakt"},{"$i":"fdnNoFDNFreeRecord","$v":"Bylo dosaženo maximálního počtu čísel v FDN. Další čísla nelze přidat."},{"$i":"messagingSettings","$v":"Nastavení zpráv"},{"$i":"messagingSettings-header","$v":[{"t":"idOrVar","v":"messagingSettings"}]},{"$i":"message-confirmation","$v":"Potvrzení doručení zpráv"},{"$i":"message-delivery-reports","$v":"Zpráva o doručení"},{"$i":"message-delivery-reports-details","$v":"Vyžadovat potvrzení o doručení každé odeslané zprávy"},{"$i":"message-read-reports","$v":"Zprávy o přečtení"},{"$i":"message-read-reports-details","$v":"Vyžádat zprávu o přečtení pro každou odeslanou zprávu "},{"$i":"mmsTitle","$v":"Multimediální zprávy (MMS)"},{"$i":"auto-retrieve","$v":"Automaticky získávat"},{"$i":"auto-retrieve-details","$v":"Automaticky získávat zprávy"},{"$i":"manual-retrieve","$v":"Vypnuté"},{"$i":"auto-roaming-retrieve","$v":"Zapnuto s roamingem"},{"$i":"auto-no-roaming-retrieve","$v":"Zapnuto bez roamingu"},{"$i":"autoConfigure","$v":"Automatická konfigurace"},{"$i":"wapPushMessages","$v":"Zprávy WAP Push"},{"$i":"wapPush","$v":"WAP Push"},{"$i":"cellBroadcastMessages","$v":"Zprávy s informacemi buňky"},{"$i":"cellBroadcast","$v":"Zprávy buňky"},{"$i":"emergencyAlert","$v":"Nouzová výstraha"},{"$i":"messagingInformation","$v":"Informace"},{"$i":"messaging-SMSC","$v":"SMS centrum"},{"$i":"messaging-sim-settings","$v":["Nastavení SIM ",{"t":"idOrVar","v":"index"}]},{"$i":"unknown-SMSC","$v":"Informace nejsou dostupné"},{"$i":"cellularAndData","$v":"Mobilní síť a data"},{"$i":"cellularAndData-header","$v":[{"t":"idOrVar","v":"cellularAndData"}]},{"$i":"dataNetwork","$v":"Operátor"},{"$i":"dataConnectivity","$v":"Data"},{"$i":"dataConnection","$v":"Datové připojení"},{"$i":"dataRoaming","$v":"Datový roaming"},{"$i":"networkOperator","$v":"Síťový operátor"},{"$i":"networkOperator-header","$v":[{"t":"idOrVar","v":"networkOperator"}]},{"$i":"availableOperators","$v":"Síťoví operátoři dle umístění"},{"$i":"preferredNetworkTypeAlertTitle","$v":"Preferovaný typ sítě"},{"$i":"preferredNetworkTypeAlertErrorMessage","$v":"Preferovaný typ sítě nemohl být nastaven"},{"$i":"operator-networkType","$v":"Typ sítě"},{"$i":"operator-networkType-auto","$v":"Automatické"},{"$i":"operator-networkType-prefer3G","$v":"Preferováno 3G"},{"$i":"operator-networkType-2G","$v":"Pouze 2G"},{"$i":"operator-networkType-3G","$v":"Pouze 3G"},{"$i":"operator-networkType-GSM","$v":"GSM"},{"$i":"operator-networkType-WCDMA","$v":"WCDMA"},{"$i":"operator-networkType-CDMA","$v":"CDMA"},{"$i":"operator-networkType-EVDO","$v":"EVDO"},{"$i":"operator-networkType-LTE","$v":"LTE"},{"$i":"operator-networkType-preferWCDMA","$v":"Preferováno WCDMA"},{"$i":"operator-networkType-auto-2G-3G","$v":"Automaticky (2G/3G)"},{"$i":"operator-networkType-auto-CDMA-EVDO","$v":"Automaticky (CDMA/EVDO)"},{"$i":"operator-networkType-auto-WCDMA-GSM","$v":"Automaticky (WCDMA/GSM)"},{"$i":"operator-networkType-auto-LTE-WCDMA-GSM","$v":"Automaticky (LTE/WCDMA/GSM)"},{"$i":"operator-networkType-auto-LTE-CDMA-EVDO","$v":"Automaticky (LTE/CDMA/EVDO)"},{"$i":"operator-networkType-auto-WCDMA-GSM-CDMA-EVDO","$v":"Automaticky (WCDMA/GSM/CDMA/EVDO)"},{"$i":"operator-autoSelect","$v":"Automatický výběr"},{"$i":"operator-networkSelect-auto","$v":"Automaticky"},{"$i":"operator-networkSelect-manual","$v":"Ručně"},{"$i":"operator-turnAutoSelectOff","$v":"Vypnutím automatického výběru zobrazíte všechny dostupné síťové operátory."},{"$i":"operator-status-connecting","$v":"Připojování…"},{"$i":"operator-status-connectingfailed","$v":"Připojení selhalo"},{"$i":"operator-status-connected","$v":"Připojeno"},{"$i":"operator-roamingPreference","$v":"Nastavení roamingu"},{"$i":"operator-roamingPreference-home","$v":"Doma"},{"$i":"operator-roamingPreference-any","$v":"Kdekoliv"},{"$i":"operator-roamingPreference-affiliated","$v":"Přidružené"},{"$i":"apn","$v":"APN"},{"$i":"apnSettings","$v":"Nastavení APN"},{"$i":"apnSettings-header","$v":[{"t":"idOrVar","v":"apnSettings"}]},{"$i":"dataSettings","$v":"Nastavení dat"},{"$i":"dataSettings-header","$v":[{"t":"idOrVar","v":"dataSettings"}]},{"$i":"suplSettings","$v":"Nastavení A-GPS"},{"$i":"suplSettings-header","$v":[{"t":"idOrVar","v":"suplSettings"}]},{"$i":"messageSettings","$v":"Nastavení zpráv"},{"$i":"messageSettings-header","$v":[{"t":"idOrVar","v":"messageSettings"}]},{"$i":"dunSettings","$v":"Nastavení tetheringu"},{"$i":"dunSettings-header","$v":[{"t":"idOrVar","v":"dunSettings"}]},{"$i":"imsSettings","$v":"Nastavení IMS"},{"$i":"imsSettings-header2","$v":[{"t":"idOrVar","v":"imsSettings"}]},{"$i":"apn-editor-header","$v":"Editor APN"},{"$i":"mmsport","$v":"MMS port"},{"$i":"mmsproxy","$v":"MMS proxy"},{"$i":"mmsc","$v":"MMSC"},{"$i":"httpProxyHost","$v":"HTTP proxy host"},{"$i":"httpProxyPort","$v":"HTTP proxy port"},{"$i":"custom","$v":"(vlastní nastavení)"},{"$i":"apn-authType","$v":"Autentizace"},{"$i":"apn-authType-notDefined","$v":"Neuvedena"},{"$i":"apn-authType-none","$v":"Žádná"},{"$i":"apn-authType-pap","$v":"PAP"},{"$i":"apn-authType-chap","$v":"CHAP"},{"$i":"apn-authType-papOrChap","$v":"PAP nebo CHAP"},{"$i":"apn-protocol","$v":"Protokol"},{"$i":"apn-roaming-protocol","$v":"Protokol pro roaming"},{"$i":"apn-protocol-notDefined","$v":"Není definován"},{"$i":"apn-protocol-ip","$v":"IPv4"},{"$i":"apn-protocol-ipv6","$v":"IPv6"},{"$i":"apn-protocol-ipv4v6","$v":"IPv4/IPv6"},{"$i":"apn-type","$v":"Typ APN"},{"$i":"dataConnection-warning-head","$v":"Povolit datové připojení?"},{"$i":"dataConnection-warning-message","$v":"Aplikace budou automaticky stahovat data pomocí datového připojení, pokud to budou potřebovat. Tato data mohou být zpoplatněna."},{"$i":"dataRoaming-warning-head","$v":"Povolit datové připojení v roamingu?"},{"$i":"dataRoaming-warning-message","$v":"V závislosti na sjednané službě mohou být data v roamingu speciálně zpoplatněna."},{"$i":"change-apn-warning-message1","$v":"Depending on your service agreement, changing your APN setting may result in extra charges when roaming. Do you want to proceed?"},{"$i":"reset-apn-warning-title","$v":"Obnovit výchozí nastavení"},{"$i":"reset-apn-warning-message","$v":"Bude obnoveno výchozí nastavení. Tato akce nemůže být vrácena."},{"$i":"state-unknown","$v":"Neznámý stav"},{"$i":"state-available","$v":"K dispozici"},{"$i":"state-connected","$v":"Připojeno"},{"$i":"state-current","$v":"Připojeno"},{"$i":"state-forbidden","$v":"Odmítnuto"},{"$i":"delete-apn-confirm","$v":"Odstranit tuto APN?"},{"$i":"delete-apn","$v":"Odstranit"},{"$i":"add-apn","$v":"Přidat novou APN"},{"$i":"reset-apn","$v":"Obnovit výchozí nastavení"},{"$i":"apnSettings-reset","$v":"Obnovit nastavení APN"},{"$i":"bluetooth","$v":"Bluetooth"},{"$i":"bluetooth-header","$v":[{"t":"idOrVar","v":"bluetooth"}]},{"$i":"bluetooth-enable-msg","$v":"Chcete-li zobrazit zařízení v dosahu, zapněte Bluetooth."},{"$i":"bluetooth-paired-devices","$v":"Párovaná zařízení"},{"$i":"bluetooth-devices-in-area","$v":"Zařízení v dosahu"},{"$i":"bluetooth-visible-to-all","$v":"Viditelný pro všechny"},{"$i":"bluetooth-name-maxlength-alert","$v":["Název zařízení přesáhl ",{"t":"idOrVar","v":"length"}," znaku. Prosím, opakujte akci."]},{"$i":"bluetooth-address","$v":"Adresa Bluetooth"},{"$i":"bluetooth-address-unavailable","$v":"Není dostupná "},{"$i":"bt-status-nopaired","$v":"Nejsou spárována žádná zařízení"},{"$i":"bt-status-turnoff","$v":"Vypnuto"},{"$i":"bt-status-paired","$v":{"zero":[{"t":"idOrVar","v":"name"}],"one":[{"t":"idOrVar","v":"name"},", +",{"t":"idOrVar","v":"n"}," další"],"two":[{"t":"idOrVar","v":"name"},", +",{"t":"idOrVar","v":"n"}," další"],"few":[{"t":"idOrVar","v":"name"},", +",{"t":"idOrVar","v":"n"}," další"],"many":[{"t":"idOrVar","v":"name"},", +",{"t":"idOrVar","v":"n"}," další"],"other":[{"t":"idOrVar","v":"name"},", +",{"t":"idOrVar","v":"n"}," další"]},"$x":[{"t":"idOrVar","v":"plural"},"n"]},{"$i":"device-status-tap-connect","$v":"Pro připojení klepněte"},{"$i":"device-status-pairing","$v":"Probíhá párování se zařízením…"},{"$i":"device-status-waiting","$v":"Čeká se na jiné zařízení…"},{"$i":"device-status-paired","$v":"Spárování"},{"$i":"device-status-connecting","$v":"Probíhá připojování…"},{"$i":"device-status-connected","$v":"Připojeno"},{"$i":"device-status-connected-media","$v":"Připojeno k médiím"},{"$i":"device-option-unpair","$v":"Zrušení párování"},{"$i":"device-option-confirm","$v":"Potvrdit"},{"$i":"device-option-unpair-confirmation","$v":"Potvrzení"},{"$i":"device-option-unpair-device","$v":"Zrušit párování se zařízením?"},{"$i":"device-option-connect","$v":"Připojit"},{"$i":"device-option-disconnect","$v":"Odpojit"},{"$i":"search-for-device","$v":"Vyhledávání zařízení..."},{"$i":"search-device","$v":"Vyhledat zařízení"},{"$i":"rename-device","$v":"Přejmenovat mé zařízení"},{"$i":"unnamed-device","$v":"Neznámé zařízení"},{"$i":"change-phone-name-desc","$v":"Změna názvu vašeho zařízení, které se zobrazí ve vašem počítači"},{"$i":"bluetooth-new-name","$v":"Nový název"},{"$i":"error-pair-title","$v":"Nepodařilo se spárovat zařízení"},{"$i":"error-pair-pincode","$v":"Nepodařilo se spárovat zařízení. Zkontrolujte, zda je PIN správný."},{"$i":"error-pair-toofast","$v":"Nepodařilo se spárovat zařízení. Příliš mnoho požadavků."},{"$i":"error-connect-title","$v":"Nepodařilo se propojit zařízení"},{"$i":"error-connect-msg","$v":"Zkontrolujte, zda je zařízení, ke kterému se chcete připojit, stále v dosahu a má zapnuto Bluetooth."},{"$i":"unpair-title","$v":"Zrušit párování připojeného zařízení?"},{"$i":"unpair-msg","$v":"Aktuálně jste připojeni k tomuto zařízení. Zrušením párování se taktéž odpojíte."},{"$i":"nfc","$v":"NFC"},{"$i":"SSIDCannotBeEmpty","$v":"SSID nemůže být prázdné"},{"$i":"internetSharing","$v":"Sdílení Internetu"},{"$i":"internetSharing-header","$v":[{"t":"idOrVar","v":"internetSharing"}]},{"$i":"internetSharing-usb","$v":"USB"},{"$i":"internetSharing-wifi","$v":"Wi-Fi"},{"$i":"wifi-hotspot","$v":"Wi-Fi hotspot"},{"$i":"wifi-name","$v":"Název"},{"$i":"wifi-password","$v":"Heslo"},{"$i":"wifi-security","$v":"Zabezpečení"},{"$i":"usb-tethering","$v":"USB tethering"},{"$i":"hotspotSettings","$v":"Nastavení hotspotu"},{"$i":"wifi-auth-username","$v":"Uživatelské jméno"},{"$i":"wifi-auth-password","$v":"Heslo"},{"$i":"wifi-join-username","$v":"Uživatelské jméno"},{"$i":"wifi-join-password","$v":"Heslo"},{"$i":"hotspotSettings-header","$v":[{"t":"idOrVar","v":"hotspotSettings"}]},{"$i":"ssid-name","$v":"Název sítě"},{"$i":"hotspot-open","$v":"otevřená"},{"$i":"hotspot-wpa-psk","innerHTML":"WPA (TKIP)"},{"$i":"hotspot-wpa2-psk","innerHTML":"WPA2 (AES)"},{"$i":"hotspot-password-desc","$v":"Heslo musí mít alespoň 8 znaků."},{"$i":"personalization","$v":"Přizpůsobení"},{"$i":"sound","$v":"Zvuk"},{"$i":"sound-header","$v":[{"t":"idOrVar","v":"sound"}]},{"$i":"volume","$v":"Hlasitost"},{"$i":"tones","$v":"Tóny"},{"$i":"touch-tones","$v":"Slyšitelné tóny tlačítek"},{"$i":"touch-tone-short","$v":"Krátké"},{"$i":"touch-tone-long","$v":"Dlouhé"},{"$i":"select-tone","$v":"Volba tónu"},{"$i":"ringtones","$v":"Vyzvánění"},{"$i":"alerts","$v":"Upozornění"},{"$i":"manage-tones","$v":"Spravovat vyzvánění"},{"$i":"other-sounds","$v":"Ostatní zvuky"},{"$i":"unlock-screen","$v":"Odemčení obrazovky"},{"$i":"camera","$v":"Fotoaparát"},{"$i":"sent-message","$v":"Odesílání zprávy"},{"$i":"alarm-sound","$v":"Budík"},{"$i":"ringtone-and-notification-sound","$v":"Vyzvánění a upozornění"},{"$i":"media-sound","$v":"Média"},{"$i":"saving-tone","$v":"Ukládání..."},{"$i":"no-ringtone-app","$v":"Nebyla nalezena žádná aplikace pro správu vyzvánění!"},{"$i":"display","$v":"Zobrazení"},{"$i":"display-header","$v":[{"t":"idOrVar","v":"display"}]},{"$i":"brightness","$v":"Jas"},{"$i":"brightness-autoAdjust","$v":"Automatické nastavení"},{"$i":"lockScreen","$v":"Zamčení obrazovky"},{"$i":"wallpaper","$v":"Tapeta"},{"$i":"screen-timeout","$v":"Časový limit pro obrazovku"},{"$i":"one-minute","$v":"1 minuta"},{"$i":"two-minutes","$v":"2 minuty"},{"$i":"five-minutes","$v":"5 minut"},{"$i":"ten-minutes","$v":"10 minut"},{"$i":"never","$v":"nikdy"},{"$i":"lock-orientation","$v":"Uzamčení orientace"},{"$i":"navigation","$v":"Navigace"},{"$i":"navigation-header","$v":[{"t":"idOrVar","v":"navigation"}]},{"$i":"edge-swipe-navigation","$v":"Navigace od okrajů"},{"$i":"edge-swipe-navigation-enable-msg","$v":"Tažením prstu od levého nebo pravého rohu obrazovky se přepínáte mezi aplikacemi."},{"$i":"notifications","$v":"Upozornění"},{"$i":"notifications-header","$v":[{"t":"idOrVar","v":"notifications"}]},{"$i":"lockscreen-notifications","$v":"Na uzamčené obrazovce"},{"$i":"notifications-resend","$v":"Zobrazit po restartu"},{"$i":"dateAndTime","$v":"Datum a čas"},{"$i":"dateAndTime-header","$v":[{"t":"idOrVar","v":"dateAndTime"}]},{"$i":"setTimeAutomatically","$v":"Automaticky"},{"$i":"setTimeManually","$v":"Ruční nastavení"},{"$i":"timezoneMessage","$v":"Časová zóna"},{"$i":"dateMessage","$v":"Datum"},{"$i":"timeMessage","$v":"Čas"},{"$i":"selectTimezoneContinent","$v":"Volba kontinentu"},{"$i":"selectTimezone","$v":"Volba časové zóny"},{"$i":"time-format","$v":"Formát"},{"$i":"time-format-time","$v":"Formát času"},{"$i":"hour-12","$v":"12-hodinový"},{"$i":"hour-24","$v":"24-hodinový"},{"$i":"languageAndRegion","$v":"Jazyk a region"},{"$i":"language","$v":"Jazyk"},{"$i":"language-header","$v":[{"t":"idOrVar","v":"language"}]},{"$i":"region","$v":"Region"},{"$i":"more-languages","$v":"Get More Languages"},{"$i":"sample-format","$v":"Ukázka formátování"},{"$i":"longDateFormat","$v":"%A %d. %B %Y"},{"$i":"simManager","$v":"Správce SIM"},{"$i":"simManager-header","$v":[{"t":"idOrVar","v":"simManager"}]},{"$i":"simSettings","$v":"Nastavení SIM"},{"$i":"sim-manager-outgoing-calls","$v":"Odchozí hovory"},{"$i":"sim-manager-outgoing-call-desc","$v":"Hovory budou odcházet z"},{"$i":"sim-manager-outgoing-messages","$v":"Odchozí zprávy"},{"$i":"sim-manager-outgoing-messages-desc","$v":"SMS budou odeslané z"},{"$i":"sim-manager-outgoing-data","$v":"Data"},{"$i":"sim-manager-outgoing-data-description","$v":"Datové služby sítě a platby na Marketplace"},{"$i":"sim-manager-always-ask","$v":"Vždy se ptát"},{"$i":"sim-pin-locked","$v":"SIM je uzamčena PINem"},{"$i":"no-operator","$v":"Žádný operátor"},{"$i":"cant-disable-simcard-alert","$v":"Musí být aktivní alespoň jedna karta SIM"},{"$i":"disable-simcard-confirm","$v":["SIM ",{"t":"idOrVar","v":"disableCardIndex"}," nemůže přijímat hovory a zprávy. Odchozí hovory a zprávy z karty SIM ",{"t":"idOrVar","v":"disableCardIndex"}," jsou zakázány.  "]},{"$i":"change-outgoing-data-confirm","$v":"Aktuální přenos dat bude pozastaven. Pokračovat?"},{"$i":"homescreen","$v":"Domovská obrazovka"},{"$i":"vertical-homescreen-header","$v":"Domovská obrazovka"},{"$i":"vertical-homescreen-layout","$v":"Rozložení"},{"$i":"vertical-homescreen-icon-layout","$v":"Uspořádání ikon"},{"$i":"vertical-homescreen-three-columns","$v":"Tři sloupce"},{"$i":"vertical-homescreen-four-columns","$v":"Čtyři sloupce"},{"$i":"notice","$v":"Upozornění"},{"$i":"search","$v":"Hledat"},{"$i":"search-header","$v":"Hledat"},{"$i":"search-engine","$v":"Vyhledávací modul"},{"$i":"search-suggestions","$v":"Našeptávání"},{"$i":"search-suggestions-description","$v":"Znaky, které zadáte při vyhledávání, jsou zasílány více poskytovatelům vyhledávání a jsou použity pro funkci našeptávání. Při používání této funkce může být zpoplatněn datový přenos."},{"$i":"homescreens","$v":"Domovské obrazovky"},{"$i":"homescreens-header","$v":[{"t":"idOrVar","v":"homescreens"}]},{"$i":"changeHomescreen","$v":"Změna domovské obrazovky"},{"$i":"changeHomescreenButton","$v":"Změnit"},{"$i":"description","$v":"Popis"},{"$i":"keyboardSettings","$v":"Nastavení klávesnice"},{"$i":"selectedKeyboards","$v":"Zvolená klávesnice"},{"$i":"keyboards","$v":"Klávesnice"},{"$i":"keyboards-header","$v":[{"t":"idOrVar","v":"keyboards"}]},{"$i":"numberKeyboardLayouts","$v":"Číslo rozvržení"},{"$i":"optionKeyboardLayouts","$v":"Možnosti rozvržení"},{"$i":"keypad","$v":"Klávesnice"},{"$i":"dialpad","$v":"Číselná klávesnice"},{"$i":"selectKeyboards","$v":"Výběr klávesnice"},{"$i":"selectKeyboards-header","$v":[{"t":"idOrVar","v":"selectKeyboards"}]},{"$i":"mustHaveOneKeyboard","$v":["Musí být vybrána alespoň jedna klávesnice pro ",{"t":"idOrVar","v":"type"}]},{"$i":"keyboardType-text","$v":"text"},{"$i":"keyboardType-url","$v":"url"},{"$i":"keyboardType-number","$v":"čísla"},{"$i":"defaultKeyboardEnabled","$v":["Výchozí metoda vstupu je ",{"t":"idOrVar","v":"appName"}," ",{"t":"idOrVar","v":"layoutName"}]},{"$i":"themes","$v":"Motivy"},{"$i":"themes-header","$v":[{"t":"idOrVar","v":"themes"}]},{"$i":"fxa","$v":"Účet Firefox"},{"$i":"accounts","$v":"Účty"},{"$i":"fxa-accounts","$v":"Účet Firefox"},{"$i":"fxa-accounts-header","$v":[{"t":"idOrVar","v":"fxa-accounts"}]},{"$i":"fxa-overview","$v":"Účet Firefox vám umožní používat služby jako je Nalézt mé zařízení a aplikace jako Firefox Marketplace."},{"$i":"fxa-invitation","$v":"Přihlásit se nebo vytvořit účet"},{"$i":"fxa-confirm-account","$v":"Potvrďte svůj účet"},{"$i":"fxa-verification-email-sent-msg","$v":["Na e-mail: ",{"t":"idOrVar","v":"email"}," byl odeslán ověřovací odkaz"]},{"$i":"fxa-please-verify","$v":"Pro potvrzení účtu klepněte na ověřovací odkaz ve svém e-mailu"},{"$i":"fxa-cancel-confirmation","$v":"Zrušit ověření účtu"},{"$i":"fxa-resend-alert","$v":["Odkaz pro ověření byl odeslán na e-mail ",{"t":"idOrVar","v":"email"},"."]},{"$i":"fxa-dont-see-email","$v":["Neobdrželi jste e-mail? ",{"t":"idOrVar","v":"resend"},"."]},{"$i":"fxa-resend","$v":"Znovu odeslat"},{"$i":"fxa-about","$v":"O účtu"},{"$i":"fxa-logged-in-text","$v":["Přihlášen(a) jako ",{"t":"idOrVar","v":"email"}]},{"$i":"fxa-signed-in-header","$v":"Přihlášen(a)"},{"$i":"fxa-marketplace-app","$v":"Marketplace"},{"$i":"fxa-find-my-device-app","$v":"Nalézt mé zařízení"},{"$i":"fxa-options","$v":"Možnosti"},{"$i":"fxa-sign-out","$v":"Odhlásit"},{"$i":"fxa-confirm-email","$v":["Prosím potvrďte ",{"t":"idOrVar","v":"email"}]},{"$i":"findmydevice","$v":"Nalézt mé zařízení"},{"$i":"findmydevice-create-account","$v":"Vytvořit účet nebo se přihlásit"},{"$i":"findmydevice-enable","$v":"Aktivovat službu"},{"$i":"findmydevice-about","$v":"O službě Nalézt mé zařízení"},{"$i":"findmydevice-enable-geolocation-prompt","$v":"Povolit geolokaci?"},{"$i":"findmydevice-enable-geolocation-description","$v":"Pro zobrazení polohy svého zařízení musíte povolit sledování jeho umístění."},{"$i":"findmydevice-geolocation-enabled","$v":"Geolokace povolena"},{"$i":"findmydevice-enable-network","$v":"Zařízení je aktuálně offline. Připojte se k síti a zkuste to znovu."},{"$i":"findmydevice-error","$v":"Ve službě Nalézt mé zařízení došlo k chybě."},{"$i":"findmydevice-please-try","$v":"Zkuste to prosím znovu."},{"$i":"findmydevice-please-tap","$v":"Klepněte pro nový pokus."},{"$i":"privacyAndSecurity","$v":"Soukromí a zabezpečení"},{"$i":"passcode-lock","$v":"Heslo zámku"},{"$i":"passcode-lock-desc","$v":["Heslo: ",{"t":"idOrVar","v":"code"}]},{"$i":"screenLock","$v":"Zamykání telefonu"},{"$i":"screenLock-header","$v":[{"t":"idOrVar","v":"screenLock"}]},{"$i":"simSecurity","$v":"Zabezpečení SIM"},{"$i":"simSecurity-header","$v":[{"t":"idOrVar","v":"simSecurity"}]},{"$i":"appPermissions","$v":"Práva aplikací"},{"$i":"appPermissions-header","$v":[{"t":"idOrVar","v":"appPermissions"}]},{"$i":"author","$v":"Autor"},{"$i":"permissions","$v":"Práva"},{"$i":"revoke","$v":"Odvolat"},{"$i":"ask","$v":"Dotázat se"},{"$i":"deny","$v":"Zakázat"},{"$i":"allow","$v":"Povolit"},{"$i":"uninstallApp","$v":"Odinstalace aplikace"},{"$i":"phone","$v":"Telefon"},{"$i":"messages","$v":"Zprávy"},{"$i":"vibrate","$v":"Vibrace"},{"$i":"ring","$v":"Vyzvánění"},{"$i":"change","$v":"Změnit"},{"$i":"create","$v":"Vytvořit"},{"$i":"create-a-passcode","$v":"Vytvoření hesla"},{"$i":"passcode","$v":"Heslo"},{"$i":"passcode-heading","$v":"Heslo"},{"$i":"enter-passcode","$v":"Zadejte heslo"},{"$i":"new-passcode","$v":"Nové heslo"},{"$i":"current-passcode","$v":"Aktuální heslo"},{"$i":"incorrect-passcode","$v":"Heslo je neplatné"},{"$i":"passcode-doesnt-match","$v":"Heslo neodpovídá. Zkuste to prosím znovu."},{"$i":"confirm-passcode","$v":"Potvrdit heslo"},{"$i":"immediately","$v":"Okamžitě"},{"$i":"after-one-minute","$v":"Po 1 minutě"},{"$i":"after-five-minutes","$v":"Po 5 minutách"},{"$i":"after-fifteen-minutes","$v":"Po 15 minutách"},{"$i":"after-thirty-minutes","$v":"Po 30 minutách"},{"$i":"after-one-hour","$v":"Po 1 hodině"},{"$i":"require-passcode","$v":"Vyžadováno heslo"},{"$i":"change-passcode","$v":"Změna hesla"},{"$i":"noSimCard","$v":"Žádná karta SIM"},{"$i":"simPin","$v":"PIN karty SIM"},{"$i":"simPin2","$v":"PIN2 karty SIM"},{"$i":"simPinWithIndex","$v":["PIN karty SIM ",{"t":"idOrVar","v":"index"}]},{"$i":"pukCode","$v":"PUK kód"},{"$i":"puk2Code","$v":"PUK2 kód"},{"$i":"whatIsSimPin","$v":"Co je PIN karty SIM?"},{"$i":"simPinIntro1","$v":"PIN karty SIM zamezuje přístup SIM karty k mobilním datovým sítím. Když je nastaven, bude každé zařízení se SIM kartou po restartu vyžadovat PIN. "},{"$i":"simPinIntro2","$v":"PIN karty SIM není to samé jako heslo, které je používáno pro odblokování zařízení."},{"$i":"changeSimPin","$v":"Změna PIN"},{"$i":"simPinChangedSuccessfully","$v":"Kód PIN karty SIM byl úspěšně změněn"},{"$i":"simPinChangedSuccessfullyWithIndex","$v":["Kód PIN karty SIM ",{"t":"idOrVar","v":"index"}," PIN byl úspěšně změněn"]},{"$i":"pinTitle","$v":"Zadání PIN"},{"$i":"pin2Title","$v":"Zadání PIN2"},{"$i":"pukTitle","$v":"Zadání PUK"},{"$i":"puk2Title","$v":"Zadání PUK2"},{"$i":"newpinTitle","$v":"Nový PIN"},{"$i":"inputCodeRetriesLeft","$v":{"one":"poslední možnost.","two":["Zbývají ",{"t":"idOrVar","v":"n"}," pokusy."],"few":["Zbývají ",{"t":"idOrVar","v":"n"}," pokusy."],"many":["Zbývá ",{"t":"idOrVar","v":"n"}," pokusů."],"other":["Zbývá ",{"t":"idOrVar","v":"n"}," pokusů."]},"$x":[{"t":"idOrVar","v":"plural"},"n"]},{"$i":"pinAttemptMsg3","$v":{"one":"Pro zadání správného kódu vám zbývá poslední pokus předtím, než bude vaše SIM karta zablokována.","two":["Pro zadání správného kódu vám zbývají ",{"t":"idOrVar","v":"n"}," pokusy předtím, než bude vaše SIM karta zablokována."],"few":["Pro zadání správného kódu vám zbývají ",{"t":"idOrVar","v":"n"}," pokusy předtím, než bude vaše SIM karta zablokována."],"many":["Pro zadání správného kódu vám zbývá ",{"t":"idOrVar","v":"n"}," pokusů předtím, než bude vaše SIM karta zablokována."],"other":["Pro zadání správného kódu vám zbývá ",{"t":"idOrVar","v":"n"}," pokusů předtím, než bude vaše SIM karta zablokována."]},"$x":[{"t":"idOrVar","v":"plural"},"n"]},{"$i":"pinLastChanceMsg","$v":"Toto je vaše poslední šance zadat správný PIN. Příště již budete muset pro použití této SIM karty zadat PUK kód."},{"$i":"simCardLockedMsg","$v":"Karta SIM je uzamčena."},{"$i":"simCardBlockedMsg","$v":"Karta SIM je zablokována"},{"$i":"enterPukMsg","$v":"Pro použití SIM karty musíte zadat Personal Unlocking Key (PUK). Nahlédněte do dokumentace k vaší kartě SIM nebo pro více informací kontaktujte vašeho operátora."},{"$i":"enterPuk2Msg","$v":"Pro použití SIM karty musíte zadat Personal Unlocking Key (PUK2). Nahlédněte do dokumentace k vaší kartě SIM nebo pro více informací kontaktujte vašeho operátora."},{"$i":"pukErrorMsg","$v":"PUK kód je neplatný."},{"$i":"pukAttemptMsg3","$v":{"one":"Zbývá vám jeden pokus zadat správný kód předtím, než bude vaše SIM karta trvale nepoužitelná. Nahlédněte do dokumentace ke své kartě SIM nebo pro více informací kontaktujte vašeho operátora.","two":["Zbývají vám ",{"t":"idOrVar","v":"n"}," pokusy zadat správný kód předtím, než bude vaše SIM karta trvale nepoužitelná. Nahlédněte do dokumentace ke své kartě SIM nebo pro více informací kontaktujte vašeho operátora."],"few":["Zbývají vám ",{"t":"idOrVar","v":"n"}," pokusy zadat správný kód předtím, než bude vaše SIM karta trvale nepoužitelná. Nahlédněte do dokumentace ke své kartě SIM nebo pro více informací kontaktujte vašeho operátora."],"many":["Zbývá vám ",{"t":"idOrVar","v":"n"}," pokusů zadat správný kód předtím, než bude vaše SIM karta trvale nepoužitelná. Nahlédněte do dokumentace ke své kartě SIM nebo pro více informací kontaktujte vašeho operátora."],"other":["Zbývá vám ",{"t":"idOrVar","v":"n"}," pokusů zadat správný kód předtím, než bude vaše SIM karta trvale nepoužitelná. Nahlédněte do dokumentace ke své kartě SIM nebo pro více informací kontaktujte vašeho operátora."]},"$x":[{"t":"idOrVar","v":"plural"},"n"]},{"$i":"pukLastChanceMsg","$v":"Poslední šance zadat správný PUK kód. Pokud zadáte chybný PUK kód, bude vaše SIM karta trvale nepoužitelná. Nahlédněte do dokumentace k vaší kartě SIM nebo pro více informací kontaktujte vašeho operátora."},{"$i":"newSimPinMsg","$v":"Vytvoření PIN (musí obsahovat 4 až 8 číslic)"},{"$i":"newSimPin2Msg","$v":"Vytvoření PIN2 (musí obsahovat 4 až 8 číslic)"},{"$i":"confirmNewSimPinMsg","$v":"Potvrzení nového PIN"},{"$i":"confirmNewSimPin2Msg","$v":"Potvrzení nového PIN2"},{"$i":"newPinErrorMsg","$v":"Zadané kódy PIN neodpovídají"},{"$i":"simLockedPhone","$v":"Telefon se zamčenou kartou SIM"},{"$i":"unknownSimCardState","$v":"Neznámý stav karty SIM"},{"$i":"simCardNotReady","$v":"Karta SIM není připravena"},{"$i":"simCardIllegal","$v":"Neověřená karta SIM "},{"$i":"doNotTrack","$v":"Funkce Do Not Track"},{"$i":"doNotTrack-header","$v":[{"t":"idOrVar","v":"doNotTrack"}]},{"$i":"doNotTrackActions","$v":"Říci webovým stránkám a aplikacím, že nechci být sledován"},{"$i":"allowTracking","$v":"Říci webovým stránkám a aplikacím, že mohu být sledován"},{"$i":"doNotHavePrefOnTracking","$v":"Neříkat webovým stránkám a aplikacím o mém nastavení sledování"},{"$i":"doNotTrack-dt","$v":"Jak funkce Do Not Track funguje?"},{"$i":"doNotTrack-dd1","$v":"Když aktivujete funkci Do Not Track, začne vaše zařízení říkat každé webové stránce a aplikaci (stejně tak reklamním a jiným službám), že si nepřejete, aby sledovali vaši aktivitu."},{"$i":"doNotTrack-dd2","$v":"Zapnutí funkce Do Not Track nezpůsobí, že byste se nemohli přihlašovat k webovým stránkám či vaše zařízení zapomínalo soukromé informace jako je obsah nákupních košíků, informace o umístění či stav přihlášení."},{"$i":"browsingPrivacy","$v":"Nastavení soukromí"},{"$i":"browsingPrivacy-header","$v":[{"t":"idOrVar","v":"browsingPrivacy"}]},{"$i":"confirm-clear-title","$v":"Potvrzení"},{"$i":"clear-browsing-history","$v":"Vymazat historii prohlížení"},{"$i":"confirm-clear-browsing-history","$v":"Vymazat historii prohlížení?"},{"$i":"clear-cookies-and-stored-data","$v":"Vymazat cookies a uložená data"},{"$i":"confirm-clear-cookies-and-stored-data","$v":"Vymazat cookies a další data uložená stránkami na tomto zařízení?"},{"$i":"clear","$v":"Vymazat"},{"$i":"privacy-controls","$v":"Privacy Controls"},{"$i":"no-privacy-panel","$v":"No privacy panel app found"},{"$i":"storage","$v":"Úložiště"},{"$i":"enableUSBStorage1","$v":"USB úložiště"},{"$i":"umsUnplugToDisable","$v":"Odpojte USB kabel"},{"$i":"appStorage","$v":"Úložiště aplikací"},{"$i":"appStorage-header","$v":[{"t":"idOrVar","v":"appStorage"}]},{"$i":"storageSize","$v":[{"t":"idOrVar","v":"size"}," ",{"t":"idOrVar","v":"unit"}]},{"$i":"availableSize","$v":{"zero":["Dostupný ",{"t":"idOrVar","v":"size"}," ",{"t":"idOrVar","v":"unit"}],"one":["Dostupné ",{"t":"idOrVar","v":"size"}," ",{"t":"idOrVar","v":"unit"}],"two":["Dostupné ",{"t":"idOrVar","v":"size"}," ",{"t":"idOrVar","v":"unit"}],"few":["Dostupné ",{"t":"idOrVar","v":"size"}," ",{"t":"idOrVar","v":"unit"}],"many":["Dostupné ",{"t":"idOrVar","v":"size"}," ",{"t":"idOrVar","v":"unit"}],"other":["Dostupné ",{"t":"idOrVar","v":"size"}," ",{"t":"idOrVar","v":"unit"}]},"$x":[{"t":"idOrVar","v":"plural"},"size"]},{"$i":"apps-total-space","$v":"Místo celkem"},{"$i":"apps-used-space","$v":"Použito"},{"$i":"apps-free-space","$v":"Zbývá"},{"$i":"storage-details","$v":"Fotografie, videa a hudba jsou uloženy odděleně od aplikací. Pro více informací se podívejte na úložiště médií. "},{"$i":"ums-shared-volumes","$v":[{"t":"idOrVar","v":"list"}," nasdíleno"]},{"$i":"transferProtocol-header","$v":"Přenosový protokol"},{"$i":"protocol-mtp","$v":"Přenosový protokol médií (MTP)"},{"$i":"protocol-ums","$v":"Velkokapacitní paměťové zařízení USB (UMS)"},{"$i":"mediaStorage","$v":"Úložiště médií"},{"$i":"mediaStorage-header","$v":[{"t":"idOrVar","v":"mediaStorage"}]},{"$i":"storage-name-internal","$v":"Vnitřní úložiště"},{"$i":"storage-name-external-0","$v":"Úložiště na kartě SD"},{"$i":"storage-name-external-1","$v":"Úložiště na druhé kartě SD"},{"$i":"short-storage-name-internal","$v":"Vnitřní"},{"$i":"short-storage-name-external-0","$v":"SD karta"},{"$i":"short-storage-name-external-1","$v":"Druhá SD karta"},{"$i":"music-space","$v":"Hudba"},{"$i":"pictures-space","$v":"Obrázky"},{"$i":"videos-space","$v":"Filmy"},{"$i":"left-space","$v":"Volné místo"},{"$i":"free-space","$v":"Volné místo"},{"$i":"total-space","$v":"Celkem místa"},{"$i":"size-not-available","$v":"Není dostupné"},{"$i":"no-storage","$v":"Nebylo nalezeno úložiště"},{"$i":"advanced","$v":"Pokročilé"},{"$i":"ums-warning-title","$v":"Povolit USB úložiště?"},{"$i":"default-media-location","$v":"Výchozí umístění médií"},{"$i":"default-media-location-msg","$v":"Zvolte místo, kde budou ve výchozím nastavení ukládány fotky, videa, hudba a stažené soubory."},{"$i":"change-default-media-location-confirmation","$v":"Změnou výchozího umístění pro uložení ovlivníte, kam budou ve výchozím nastavení ukládána všechna média. Existující data zůstanou ve svém stávajícím umístění. Chcete pokračovat?"},{"$i":"eject-sdcard-external-0","$v":"Vysunout SD kartu"},{"$i":"eject-sdcard-external-1","$v":"Vysunout SD kartu 2"},{"$i":"format-sdcard-internal","$v":"Formátovat vnitřní úložiště "},{"$i":"format-sdcard-external-0","$v":"Formátovat SD kartu"},{"$i":"format-sdcard-external-1","$v":"Formátovat SD kartu 2"},{"$i":"formatting","$v":"Formátování..."},{"$i":"unmount-sdcard-confirmation","$v":"Po odpojení SD karty nebudete moci přistupovat k obsahu na ní uloženému. Chcete pokračovat?"},{"$i":"format-sdcard-title","$v":"Formátování SD karty"},{"$i":"format-sdcard-message","$v":"Tato operace smaže všechna data, která jsou uložena na vaší SD kartě (např. hudba či fotografie)."},{"$i":"format-sdcard-internal-title","$v":"Formátování interního úložiště"},{"$i":"format-sdcard-internal-message","$v":"Tato operace smaže všechna data, která jsou uložena v interním úložišti (např. hudba či fotografie)."},{"$i":"format-sdcard-btnformat","$v":"Naformátovat"},{"$i":"sdcardUnmounted","$v":"Karta SD odpojena"},{"$i":"device","$v":"Zařízení"},{"$i":"help","$v":"Nápověda"},{"$i":"deviceInfo","$v":"Informace o zařízení"},{"$i":"deviceInfo-header","$v":[{"t":"idOrVar","v":"deviceInfo"}]},{"$i":"deviceInfo-IMEI","$v":"IMEI"},{"$i":"deviceInfo-ICCID","$v":"ICCID"},{"$i":"deviceInfo-MSISDN","$v":"Telefonní číslo"},{"$i":"deviceInfo-ICCID-unavailable-sim","$v":["SIM ",{"t":"idOrVar","v":"index"},": Není dostupná"]},{"$i":"downloads","$v":"Stahování"},{"$i":"downloads-header","$v":[{"t":"idOrVar","v":"downloads"}]},{"$i":"unknown-phoneNumber","$v":"Neznámé"},{"$i":"unknown-phoneNumber-sim","$v":["SIM ",{"t":"idOrVar","v":"index"},": Neznámá"]},{"$i":"gitInfo","$v":"Informace o commitu do Gitu"},{"$i":"developer","$v":"Vývojář"},{"$i":"developer-header","$v":[{"t":"idOrVar","v":"developer"}]},{"$i":"hud-settings-button","$v":"Vývojářské rozhraní"},{"$i":"hud-settings-header","$v":[{"t":"idOrVar","v":"hud-settings-button"}]},{"$i":"hud-devtools","$v":"Vývojářské nástroje"},{"$i":"hud-devtools-header","$v":[{"t":"idOrVar","v":"hud-devtools"}]},{"$i":"hud-logging","$v":"Zaznamenávat změny v adb"},{"$i":"hud-system","$v":"Ukázat systémové HUD"},{"$i":"hud-problems","$v":"Problémy"},{"$i":"hud-warnings","$v":"Varování"},{"$i":"hud-errors","$v":"Chyby"},{"$i":"hud-security","$v":"Bezpečnostní problémy"},{"$i":"hud-performance","$v":"Výkon"},{"$i":"hud-reflows","$v":"Překreslování"},{"$i":"hud-jank","$v":"Zasekávání"},{"$i":"jank-threshold","$v":"Práh zasekávání"},{"$i":"hud-fps","$v":"Snímky za sekundu"},{"$i":"hud-ttl","$v":"Čas načítání"},{"$i":"hud-memory","$v":"Paměť"},{"$i":"hud-uss","$v":"Unikátní nastavená velikost"},{"$i":"hud-appmemory","$v":"Paměť aplikace"},{"$i":"hud-jsobjects","$v":"JS objekty"},{"$i":"hud-jsstrings","$v":"JS řetězce"},{"$i":"hud-jsother","$v":"JS ostatní"},{"$i":"hud-dom","$v":"DOM"},{"$i":"hud-style","$v":"Styl"},{"$i":"hud-other","$v":"Ostatní"},{"$i":"software","$v":"Software"},{"$i":"devSettings","$v":"Vývojářská nastavení"},{"$i":"debug","$v":"Ladění"},{"$i":"developer-menu","$v":"Nabídka vývojáře"},{"$i":"developer-tools","$v":"Vývojářské nástroje"},{"$i":"graphics","$v":"Grafika"},{"$i":"hardware-composer","$v":"Hardware composer"},{"$i":"paint-flashing","$v":"Překreslování oblasti"},{"$i":"dumps-layers","$v":"Výpis stromu vrstev"},{"$i":"dumps-layerscope","$v":"Výpis layerscope"},{"$i":"apz-overscroll","$v":"Overscrolling"},{"$i":"tiling","$v":"Dlaždice"},{"$i":"low-precision","$v":"Nízká přesnost vykreslování"},{"$i":"low-opacity","$v":"Nízká přesnost transparence"},{"$i":"draw-tile-borders","$v":"Vykreslovat hranice dlaždic"},{"$i":"draw-layer-borders","$v":"Vykreslovat okraje vrstev"},{"$i":"log-animations","$v":"Logovat pomalé animace"},{"$i":"remote-debugging-usb","$v":"Ladění přes USB"},{"$i":"dev-tools-wifi","$v":"DevTools přes Wi-Fi"},{"$i":"dev-tools-qps","$v":"Pseudo-lokalizace"},{"$i":"debugger-disabled","$v":"Vypnuto"},{"$i":"debugger-adb-only","$v":"Pouze ADB"},{"$i":"debugger-adb-and-devtools","$v":"ADB a DevTools"},{"$i":"wifi-debugging","$v":"Výstup Wi-Fi v adb"},{"$i":"bluetooth-debugging","$v":"Výstup Bluetooth v adb"},{"$i":"bluetooth-snoop-debugging","$v":"Bluetooth HCI sniffing logs to sdcard"},{"$i":"nfc-debugging","$v":"Výstup NFC v adb"},{"$i":"ril-debugging","$v":"RIL output in ADB"},{"$i":"console-enabled","$v":"Povolit konzolu"},{"$i":"cards-view-screenshots","$v":"Cards View: Screenshots"},{"$i":"geolocation-debugging-enabled","$v":"Geolocation output in ADB"},{"$i":"geolocation-debugging-gps-locations-ignored","$v":"Ignorovat lokalizaci prostřednictvím GPS"},{"$i":"use-reviewer-certs","$v":"Použít schválené certifikáty Marketplace"},{"$i":"shake-to-log","$v":"Zatřeste telefonem pro uložení systémového logu"},{"$i":"model-name","$v":"Model"},{"$i":"os-version","$v":"Verze OS"},{"$i":"firmware_revision","$v":"Revize firmware"},{"$i":"hardware_revision","$v":"Revize hardware"},{"$i":"platform_version","$v":"Verze platformy"},{"$i":"build-id","$v":"Identifikátor buildu"},{"$i":"update-channel","$v":"Kanál aktualizací"},{"$i":"build_number","$v":"Číslo sestavení"},{"$i":"update-url","$v":"URL aktualizací"},{"$i":"last-updated","$v":"Poslední aktualizace"},{"$i":"more-info","$v":"Více informací"},{"$i":"more-info-header","$v":[{"t":"idOrVar","v":"more-info"}]},{"$i":"softwareUpdates","$v":"Aktualizace software"},{"$i":"check-update-daily","$v":"Denně"},{"$i":"check-update-weekly","$v":"Týdně"},{"$i":"check-update-monthly","$v":"Měsíčně"},{"$i":"check-for-updates","$v":"Kontrola aktualizací"},{"$i":"check-update-now","$v":"Zkontrolovat"},{"$i":"update-status","$v":"Stav aktualizací"},{"$i":"no-network-when-update","$v":"Pro pokračování aktualizace je třeba se připojit k Internetu."},{"$i":"checking-for-update","$v":"Kontrola dostupnosti aktualizací…"},{"$i":"no-updates","$v":"Nebyly nalezeny žádné aktualizace"},{"$i":"retry-when-online","$v":"Síť není dostupná. Kontrola bude znovu provedena, jakmile bude dostupná. "},{"$i":"already-latest-version","$v":["Používáte poslední verzi ",{"t":"idOrVar","v":"brandShortName"}]},{"$i":"check-error","$v":"Při kontrole dostupnosti aktualizací nastala chyba."},{"$i":"aboutBrowserOS","$v":["O ",{"t":"idOrVar","v":"brandShortName"}]},{"$i":"browser-os-desc","$v":[{"t":"idOrVar","v":"brandShortName"}," je open source operační systém od Mozilly, který je dostupný zdarma. Naší misí je propagovat otevřenost, inovace a příležitosti při zachování síly webu ve vašich rukou."]},{"$i":"learn-more","$v":"Dozvědět se více"},{"$i":"reset-head","$v":"Obnovení"},{"$i":"reset-warning-title","$v":"UPOZORNĚNÍ"},{"$i":"unlock-privileges","$v":"Unlock Privileges"},{"$i":"reset-devtools","$v":"Reset and enable full DevTools"},{"$i":"reset-devtools-warning-title","$v":"CAUTION"},{"$i":"your-rights","$v":"Vaše práva"},{"$i":"your-rights-header","$v":[{"t":"idOrVar","v":"your-rights"}]},{"$i":"about-your-rights-0","$v":[{"t":"idOrVar","v":"brandShortName"}," je zdarma dostupný open source software, který je vytvářen komunitou tisíců lidí po celém světě. Je zde několik věcí, které byste měli znát:"]},{"$i":"about-your-rights-1","$v":[{"t":"idOrVar","v":"brandShortName"}," je dostupný pod podmínkami několika open source licencí včetně Mozilla Public License. Zařízení, na kterém běží ",{"t":"idOrVar","v":"brandShortName"},", může obsahovat proprietární software třetích stran. Každý kód dostupný pod otevřenými licencemi vám dává práva jej modifikovat open source kód a distribuovat jeho modifikované verze v souladu s jejich požadavky."]},{"$i":"about-your-rights-2","$v":["Nejsou vám udělována práva k libovolné ochranné známce či licenci k ochranným známkám Mozilla Foundation či libovolné strany a to bez omezení na jméno či logo ",{"t":"idOrVar","v":"brandShortName"},"."]},{"$i":"about-your-rights-3","$v":["Některé funkce obsažené v ",{"t":"idOrVar","v":"brandShortName"},", jako je například Hlášení pádů, vám dává možnost poslat reakci Mozille. Odesláním reakce dáváte Mozilla právo použít reakci pro vylepšení svých produktů, publikovat reakci na svých webových stránkách a tuto reakci distribuovat."]},{"$i":"about-legal-info","$v":"Právní informace"},{"$i":"about-credit-info","$v":"Zásluhy"},{"$i":"about-legal-info-header","$v":[{"t":"idOrVar","v":"about-legal-info"}]},{"$i":"open-source-notices","$v":"K open source"},{"$i":"open-source-notices-header","$v":[{"t":"idOrVar","v":"open-source-notices"}]},{"$i":"obtaining-source-code","$v":"Získání zdrojového kódu"},{"$i":"obtaining-source-code-header","$v":[{"t":"idOrVar","v":"obtaining-source-code"}]},{"$i":"about-mozilla","$v":"Mozilla"},{"$i":"about-other","$v":"Ostatní"},{"$i":"your-privacy","$v":"Vaše soukromí"},{"$i":"your-privacy-header","$v":[{"t":"idOrVar","v":"your-privacy"}]},{"$i":"licensing-1","$v":"Binární podoba tohoto produktu vám byla poskytnuta projektem Mozilla pod licencí Mozilla Public License 2.0 (MPL). Poznejte svá práva. "},{"$i":"licensing-2","$v":"Všechen zdrojový kód tohoto produktu je dostupný pod licencemi, které jsou volné a open source. Většina je dostupná pod licencí Mozilla Public License 2.0 (MPL). "},{"$i":"licensing-3","$v":"Zbytek software, který není dostupný pod licencí Mozilla Public License 2.0 MPL, je dostupný pod jednou z řady jiných licencí. Ty, které vyžadují zahrnutí textu licence v distribuci, jsou uvedeny níže. (Poznámka: Vaše kopie tohoto produktu nemusí obsahovat kód pokrytý jednou či více licencemi, které jsou zde uvedeny. Záleží na konkrétním produktu a jeho verzi, kterou zvolíte.) "},{"$i":"licensing-MPL","$v":"Mozilla Public License 2.0"},{"$i":"licensing-Apache","$v":"Apache License 2.0"},{"$i":"launch-ftu","$v":"První spuštění"},{"$i":"no-ftu","$v":"Nebyla nalezena aplikace prvního spuštění"},{"$i":"software-home-button","$v":"Softwarové tlačítko Domů"},{"$i":"home-gesture","$v":"Domovské gesto"},{"$i":"continuous-transition","$v":"Kontinuální přechody"},{"$i":"debug-gaia-enabled","$v":"Ladění rozhraní Gaia"},{"$i":"showScreenReaderSettings","$v":"Zobrazit nastavení čtečky obrazovky"},{"$i":"app-transition","$v":"App transition"},{"$i":"app-suspending","$v":"App suspending"},{"$i":"copypaste","$v":"Copy/paste"},{"$i":"verbose-app-permissions","$v":"Podrobné oprávnění aplikace"},{"$i":"window-management","$v":"Správa okna"},{"$i":"downloads-edit","$v":"Upravit stahování"},{"$i":"downloads-select-all","$v":"Vybrat vše"},{"$i":"downloads-deselect-all","$v":"Zrušit výběr"},{"$i":"downloads-delete","$v":"Smazat"},{"$i":"battery","$v":"Baterie"},{"$i":"battery-header","$v":[{"t":"idOrVar","v":"battery"}]},{"$i":"batteryLevel","$v":"Aktuální stav"},{"$i":"batteryLevel-percent-unplugged","$v":[{"t":"idOrVar","v":"level"},"%"]},{"$i":"batteryLevel-percent-charging","$v":[{"t":"idOrVar","v":"level"},"% (nabíjení)"]},{"$i":"batteryLevel-percent-charged","$v":[{"t":"idOrVar","v":"level"},"% (nabito)"]},{"$i":"powerSaveModeTitle","$v":"Úsporný režim"},{"$i":"powerSaveMode","$v":"Úsporný režim"},{"$i":"powerSave-threshold","$v":["Zbývá ",{"t":"idOrVar","v":"level"},"% baterie"]},{"$i":"turnOnAuto","$v":"Zapnout automaticky"},{"$i":"accessibility","$v":"Přístupnost"},{"$i":"accessibility-header","$v":[{"t":"idOrVar","v":"accessibility"}]},{"$i":"screenReader","$v":"Čtečka obrazovky"},{"$i":"screenReader-header","$v":[{"t":"idOrVar","v":"screenReader"}]},{"$i":"screenReader-toggle","$v":[{"t":"idOrVar","v":"screenReader"}," "]},{"$i":"colorFilter","$v":"Barevný filtr"},{"$i":"colorFilter-header","$v":[{"t":"idOrVar","v":"colorFilter"}]},{"$i":"colorFilter-toggle","$v":[{"t":"idOrVar","v":"colorFilter"}]},{"$i":"screenReader-captions","$v":"Čtečka obrazovky"},{"$i":"screenReader-enable-msg","$v":"Když je čtečka obrazu povolena, vaše zařízení vám bude předčítat všechen text, aby tak pomohlo uživatelům s nižším stupněm vidění. "},{"$i":"screen-reader-speech-volume","$v":"Hlasitost předčítání"},{"$i":"screen-reader-speech-rate","$v":"Hodnocení předčítání "},{"$i":"screenReader-confirm-title-start","$v":"Spustit čtení obrazovky?"},{"$i":"screenReader-confirm-description-start","$v":"Aktivováním čtečky obrazovky změníte způsob, jakým funguje dotyková obrazovka. Po klepnutí na libovolné místo uslyšíte, jaký prvek je pod vaším prstem, dvojklepnutím jej aktivujete. "},{"$i":"screenReader-confirm-button-start","$v":"Spustit"},{"$i":"screenReader-confirm-title-stop","$v":"Ukončit čtečku obrazovky?"},{"$i":"screenReader-confirm-description-stop","$v":"Ukončením čtečky obrazovky ukončíte předčítání libovolného textu."},{"$i":"screenReader-confirm-button-stop","$v":"Ukončit"},{"$i":"colorFilter-invert","$v":"Invertování barev"},{"$i":"colorFilter-grayscale","$v":"Stupně šedi"},{"$i":"colorFilter-contrast","$v":"Kontrast"},{"$i":"improveBrowserOS","$v":["Vylepšení ",{"t":"idOrVar","v":"brandShortName"}]},{"$i":"improveBrowserOSTitle","$v":["Vylepšení ",{"t":"idOrVar","v":"brandShortName"}]},{"$i":"sendMozillaFeedback","$v":"Poslat zpětnou vazbu"},{"$i":"performanceAndUsageData","$v":"Data o výkonu a využití"},{"$i":"sharePerformanceAndUsageData","$v":"Odesílat data"},{"$i":"appUsageByRegion","$v":"App usage by region"},{"$i":"crashReports","$v":"Hlášení pádů"},{"$i":"crashReports-header","$v":[{"t":"idOrVar","v":"crashReports"}]},{"$i":"crashReportInfo","$v":"Posíláním informací o pádech Mozille pomůžete váš problém odstranit. Hlášení jsou posílána pouze přes Wi-Fi."},{"$i":"alwaysSendReport","$v":"Vždy poslat hlášení"},{"$i":"neverSendReport","$v":"Hlášení nikdy neposílat"},{"$i":"askToSendReport2","$v":"Pokaždé se dotázat"},{"$i":"crash-reports-description-1","$v":"Hlášení o pádu obsahuje některé detaily o pádu a vašem zařízení. Stejně tak obsahuje snímek stavu vašeho zařízení v době pádu."},{"$i":"crash-reports-description-2","$v":"Může se jednat o otevřené stránky, aplikace, text zadaný do formulářů, obsah otevřených zpráv, nedávná historie prohlížení či informace o umístění používané otevřenou aplikací."},{"$i":"crash-reports-description-3-start","$v":"Hlášení o pádech používáme pro opravy problémů a vylepšování našich produktů. S vašimi informacemi pracujeme tak, jak je popsáno v našich"},{"$i":"crash-reports-description-3-privacy","$v":"zásadách soukromí"},{"$i":"crash-reports-description-3-end","$v":"."},{"$i":"sendFeedbackTitle","$v":"Zaslání reakce"},{"$i":"feedback-description","$v":"Vaše reakce nám pomůže vylepšit Firefox OS."},{"$i":"feedback-happy","$v":"Šťastný"},{"$i":"feedback-sad","$v":"Smutný"},{"$i":"feedback-mood-description","$v":"Jak se cítíte?"},{"$i":"feedback_whyfeel_happy","$v":"Proč se cítíte šťastný?"},{"$i":"feedback_whyfeel_sad","$v":"Proč se cítíte smutný?"},{"$i":"feedback-mood-explain","$v":"Řekněte nám prosím detaily"},{"$i":"feedback-public-description","$v":"Obsah vaší reakce bude veřejný. Nevkládejte proto prosím žádné soukromé informace."},{"$i":"feedback-contactyou","$v":"Zaškrtněte, pokud nám dovolujete vás kontaktovat e-mailem."},{"$i":"email-address1","$v":"E-mailová adresa:"},{"$i":"email-keepprivate","$v":"Nemusíte se obávat. Váš e-mail je brán jako soukromý."},{"$i":"feedback-sendbtn","$v":"Odeslat reakci"},{"$i":"feedback-errormessage-connect-error","$v":"Omlouváme se, ale vyskytl se problém s připojením. Systém nyní nemůže vaši reakci odeslat. Opravte problém s datovým připojením a proveďte opětovné odeslání."},{"$i":"feedback-errormessage-server-off","$v":"Omlouváme se, ale server nyní neběží. Systém nyní nemůže vaši reakci odeslat. Počkejte chvíli a zkuste to znovu."},{"$i":"feedback-errormessage-timeout","$v":"Omlouváme se, ale vypršel čas. Systém nyní nemůže vaši reakci odeslat. Proveďte prosím restart telefonu a zkuste to znovu."},{"$i":"feedback-errormessage-wrong-email","$v":"Omlouváme se, ale e-mailová adresa je prázdná nebo v neplatném formátu. Systém nyní nemůže vaši reakci odeslat. Opravte e-mailovou adresu a proveďte opětovné odeslání."},{"$i":"feedback-errormessage-empty-comment","$v":"Omlouváme se, ale systém nemůže odeslat vaši připomínku, protože je pole s komentářem prázdné. Vložte nějaký text a zkuste to znovu."},{"$i":"feedback-errormessage-just-sent","$v":"Omlouváme se, ale reakce již byla odeslána. Systém nyní nemůže vaši reakci odeslat. Pošlete reakci znovu po další softwarové aktualizaci."},{"$i":"feedback-complete-msg","$v":"Děkujeme za odeslání reakce! Pomůže nám vylepšit příští verze Firefox OS."},{"$i":"online-support","$v":"Online podpora:"},{"$i":"call-support","$v":"Telefonická podpora:"},{"$i":"user-guide","$v":"Uživatelská příručka"},{"$i":"default-support","$v":"Pro podporu kontaktujte svého místního poskytovatele."},{"$i":"operatorServices","$v":"Služby operátora"},{"$i":"operatorServices-help","$v":"Nápověda"},{"$i":"operatorServices-helpmenu","$v":"Nabídka Nápověda"},{"$i":"stkAppsNotAvailable","$v":"Aplikace SIM karty nejsou dostupné."},{"$i":"simToolkit","$v":"SIM toolkit"},{"$i":"stkItemsNaiSetUpCall","$v":"Nastavení hovorů"},{"$i":"stkItemsNaiSendSs","$v":"Odeslat SS"},{"$i":"stkItemsNaiSendUssd","$v":"Odeslat USSD"},{"$i":"stkItemsNaiSendSms","$v":"Odeslat SMS"},{"$i":"stkItemsNaiSendDtmf","$v":"Odeslat DTMF"},{"$i":"stkItemsNaiLaunchBrowser","$v":"Spustit prohlížeč"},{"$i":"stkItemsNaiPlayTone","$v":"Přehrát tón"},{"$i":"stkItemsNaiDisplayText","$v":"Zobrazit text"},{"$i":"stkItemsNaiGetInkey","$v":"Získat Inkey"},{"$i":"stkItemsNaiGetInput","$v":"Získat vstup"},{"$i":"stkItemsNaiSelectItem","$v":"Volba položky"},{"$i":"stkItemsNaiSetUpMenu","$v":"Nastavení nabídky"},{"$i":"stkItemsNaiProvideLocalInfo","$v":"Poskytnout místní informaci"},{"$i":"stkItemsNaiSetIdleModeText","$v":"Nastavit zprávu o neaktivnosti"},{"$i":"stkItemsNaiPerformCardApdu","$v":"Perform Card APDU"},{"$i":"stkItemsNaiPowerOnCard","$v":"Power On Card"},{"$i":"stkItemsNaiPowerOffCard","$v":"Power Off Card"},{"$i":"stkItemsNaiGetReaderStatus","$v":"Get Reader Status"},{"$i":"stkItemsNaiOpenChannel","$v":"Otevřít kanál"},{"$i":"stkItemsNaiCloseChannel","$v":"Zavřít kanál"},{"$i":"stkItemsNaiReceiveData","$v":"Obdržet data"},{"$i":"stkItemsNaiSendData","$v":"Odeslat data"},{"$i":"stkItemsNaiGetChannelStatus","$v":"Získání stavu kanálu"},{"$i":"stkItemsNaiEndOfTheProactiveSession","$v":"End of the proactive session"},{"$i":"is-warning-storage-header","$v":"Úložiště USB"},{"$i":"is-warning-tethering-header","$v":"USB tethering"},{"$i":"is-warning-wifi-header","$v":"Wi-Fi hotspot"},{"$i":"is-warning-storage-tethering-message","$v":"Spuštění úložiště USB ukončí USB tethering. Opravdu zapnout úložiště USB?"},{"$i":"is-warning-tethering-storage-message","$v":"Spuštění USB tetheringu ukončí úložiště USB. Opravdu zapnout USB tethering?"},{"$i":"is-warning-tethering-wifi-message","$v":"Spuštění USB tetheringu ukončí Wi-Fi hotspot. Opravdu zapnout USB tethering?"},{"$i":"is-warning-wifi-tethering-message","$v":"Spuštění Wi-Fi hotspotu ukončí USB tethering. Opravdu zapnout Wi-Fi hotspot?"},{"$i":"settings-dialog-alert","$v":"Alert"},{"$i":"settings-dialog-confirm","$v":"Confirm"},{"$i":"settings-dialog-prompt","$v":"Prompt"},{"$i":"settings-alert-dialog-header","$v":[{"t":"idOrVar","v":"settings-dialog-alert"}]},{"$i":"settings-confirm-dialog-header","$v":[{"t":"idOrVar","v":"settings-dialog-confirm"}]},{"$i":"settings-prompt-dialog-header","$v":[{"t":"idOrVar","v":"settings-dialog-prompt"}]},{"$i":"addons","$v":"Addons"},{"$i":"addons-header","$v":[{"t":"idOrVar","v":"addons"}]},{"$i":"change-device-name","$v":"Změna názvu telefonu"},{"$i":"internetSharing-usb-desc","$v":"Sdílení internetového připojení telefonu se zařízením připojeným přes USB."},{"$i":"internetSharing-wifi-desc","$v":"Dovolí ostatním zařízením sdílet mé připojení k Internetu pomocí Wi-Fi."},{"$i":"unplayable-ringtone","$v":"Vyzvánění nebylo změněno, protože zvolený soubor nemůže být na tomto telefonu přehrán."},{"$i":"findmydevice-signup-description","$v":"Nalézt mé zařízení vám umožní nalézt, zamknout nebo smazat váš telefon"},{"$i":"findmydevice-settings-description","$v":"Nalézt mé zařízení vám umožní nalézt, zamknout nebo smazat váš telefon z webové stránky:"},{"$i":"findmydevice-active-tracking","$v":"Váš telefon je sledován jiným zařízením pomocí webové stránky."},{"$i":"findmydevice-not-tracking","$v":"Žádná zařízení aktivně nesledují váš telefon pomocí webové stránky."},{"$i":"ums-confirm","$v":"Povolení USB storage umožní počítači nebo jinému zařízení připojenému pomocí USB přístup k souborům na tomto telefonu."},{"$i":"reset-device","$v":"Obnovit telefon"},{"$i":"reset-warning-body","$v":"Obnovením vymažete všechna vaše data včetně aplikací, které jste si zakoupili. Telefon bude obnoven do svého továrního nastavení. Žádná z vašich nastavení nebo dat nebudou zachována."},{"$i":"reset-devtools-warning-body","$v":"Resetting will erase all your data, including any apps you’ve purchased. None of your settings or data will be saved. But your phone will have unrestricted developer tools, allowing you to modify and debug system applications."},{"$i":"powerSave-explanation","$v":"Zapnutím úsporného režimu vypnete mobilní data, Bluetooth a Geolokaci, čímž prodloužíte životnost baterie. Tyto služby můžete znovu ručně zapnout."},{"$i":"performanceAndUsageDataInfo","$v":["Pomozte nám vylepšit ",{"t":"idOrVar","v":"brandShortName"}," sdílením dat o vašem telefonu a způsobu, jakým jej využíváte."]},{"$i":"device-status-connected-device","$v":"Připojeno k telefonu"},{"$i":"device-status-connected-device-media","$v":"Připojeno k telefonu/médiím"}]