[{"$i":"stopped_download_title","$v":"Hentning stoppet"},{"$i":"stopped_download_message","$v":"Hentning blev stoppet. Prøv at hente igen?"},{"$i":"stopped_download_left_button","$v":"Annuller"},{"$i":"stopped_download_right_button","$v":"Prøv igen"},{"$i":"failed_download_title","$v":"Hentning mislykkedes"},{"$i":"failed_download_message","$v":[{"t":"idOrVar","v":"name"}," kunne ikke hentes. Prøv at hente igen?"]},{"$i":"failed_download_left_button","$v":"Annuller"},{"$i":"failed_download_right_button","$v":"Prøv igen"},{"$i":"stop_download_title","$v":"Stop hentning"},{"$i":"stop_download_message","$v":"Er du sikker på, at du vil stoppe hentningen?"},{"$i":"stop_download_left_button","$v":"Nej"},{"$i":"stop_download_right_button","$v":"Ja"},{"$i":"delete_download_title","$v":"Slet"},{"$i":"delete_download_message","$v":["Slet ",{"t":"idOrVar","v":"name"},"?"]},{"$i":"delete_download_left_button","$v":"Annuller"},{"$i":"delete_download_right_button","$v":"Slet"},{"$i":"delete_all_download_title","$v":"Slet"},{"$i":"delete_all_download_left_button","$v":"Annuller"},{"$i":"delete_all_download_right_button","$v":"Slet"},{"$i":"delete_all_download_message","$v":{"zero":"Slet ikke nogen filer?","one":"Slet 1 fil?","two":["Slet ",{"t":"idOrVar","v":"number"}," filer?"],"few":["Slet ",{"t":"idOrVar","v":"number"}," filer?"],"many":["Slet ",{"t":"idOrVar","v":"number"}," filer?"],"other":["Slet ",{"t":"idOrVar","v":"number"}," filer?"]},"$x":[{"t":"idOrVar","v":"plural"},"number"]},{"$i":"unsupported_file_type_download_title","$v":"Kunne ikke åbnes"},{"$i":"unsupported_file_type_download_message","$v":["Der er ikke nogen app der kan åbne ",{"t":"idOrVar","v":"name"},". Vil du beholde filen eller slette den?"]},{"$i":"unsupported_file_type_download_left_button","$v":"Behold fil"},{"$i":"unsupported_file_type_download_right_button","$v":"Slet"},{"$i":"file_not_found_download_title","$v":"Fil ikke fundet"},{"$i":"file_not_found_download_message","$v":"Filen blev ikke fundet på enheden"},{"$i":"file_not_found_download_right_button","$v":"OK"},{"$i":"unmounted_sdcard_2_download_title","$v":"Hukommelseskortet er i brug"},{"$i":"unmounted_sdcard_2_download_message","$v":"Afkobl enheden"},{"$i":"unmounted_sdcard_2_download_right_button","$v":"OK"},{"$i":"no_provider_download_title","$v":"Kunne ikke dele"},{"$i":"no_provider_download_message","$v":"Operatør ikke fundet"},{"$i":"no_provider_download_right_button","$v":"OK"},{"$i":"no_memory_download_title","$v":"SD-kortet er fuldt"},{"$i":"no_memory_download_message","$v":"Der er ikke mere plads på SD-kortet til at gemme din filhentning. Slet nogle filer, før du genstarter filhentningen."},{"$i":"no_memory_download_right_button","$v":"OK"},{"$i":"no_sdcard_found_2_download_title","$v":"Hukommelseskort ikke fundet"},{"$i":"no_sdcard_found_2_download_message","$v":"Indsæt hukommelseskort eller vælg en anden standardplacering af mediefiler under indstillinger"},{"$i":"no_sdcard_found_2_download_right_button","$v":"OK"},{"$i":"file_open_error_download_title","$v":"Kunne ikke åbnes"},{"$i":"file_open_error_download_message","$v":["Der er et problem med at åbne ",{"t":"idOrVar","v":"name"},". Vil du beholde filen eller slette den?"]},{"$i":"file_open_error_download_left_button","$v":"Behold fil"},{"$i":"file_open_error_download_right_button","$v":"Slet"},{"$i":"restart_download_error","$v":"Der opstod en fejl under genstart af hentningen. Prøv at hente igen."},{"$i":"no-downloads","$v":"Ingen filhentninger"},{"$i":"byteUnit-B","$v":"B"},{"$i":"byteUnit-KB","$v":"KB"},{"$i":"byteUnit-MB","$v":"MB"},{"$i":"byteUnit-GB","$v":"GB"},{"$i":"byteUnit-TB","$v":"TB"},{"$i":"fileSize","$v":[{"t":"idOrVar","v":"size"}," ",{"t":"idOrVar","v":"unit"}]},{"$i":"percentage","$v":[{"t":"idOrVar","v":"percentage"}," %"]},{"$i":"partialResult","$v":[{"t":"idOrVar","v":"partial"}," af ",{"t":"idOrVar","v":"total"}]},{"$i":"summary","$v":[{"t":"idOrVar","v":"date"}," - ",{"t":"idOrVar","v":"status"}]},{"$i":"download-stopped","$v":"Stoppet"},{"$i":"download-failed","$v":"Hentning mislykkedes"},{"$i":"open_downloaded_file","$v":"Åbn"},{"$i":"share_downloaded_file","$v":"Del"},{"$i":"wallpaper_downloaded_file","$v":"Brug som baggrundsbillede"},{"$i":"ringtone_downloaded_file","$v":"Brug som ringetone"},{"$i":"cancel_downloaded_file","$v":"Annuller"},{"$i":"brandShortName","$v":"B2G OS"},{"$i":"browserBrandShortName","$v":"Web Browser"},{"$i":"browserBrandFullName","$v":"Mozilla Web Browser"},{"$i":"ringtoneBrandName","$v":"Default"},{"$i":"ringtoneSectionBrandName","$v":"System"},{"$i":"weekday-0-long","$v":"Søndag"},{"$i":"weekday-1-long","$v":"Mandag"},{"$i":"weekday-2-long","$v":"Tirsdag"},{"$i":"weekday-3-long","$v":"Onsdag"},{"$i":"weekday-4-long","$v":"Torsdag"},{"$i":"weekday-5-long","$v":"Fredag"},{"$i":"weekday-6-long","$v":"Lørdag"},{"$i":"weekday-0-short","$v":"Søn"},{"$i":"weekday-1-short","$v":"Man"},{"$i":"weekday-2-short","$v":"Tir"},{"$i":"weekday-3-short","$v":"Ons"},{"$i":"weekday-4-short","$v":"Tor"},{"$i":"weekday-5-short","$v":"Fre"},{"$i":"weekday-6-short","$v":"Lør"},{"$i":"month-0-long","$v":"Januar"},{"$i":"month-1-long","$v":"Februar"},{"$i":"month-2-long","$v":"Marts"},{"$i":"month-3-long","$v":"April"},{"$i":"month-4-long","$v":"Maj"},{"$i":"month-5-long","$v":"Juni"},{"$i":"month-6-long","$v":"Juli"},{"$i":"month-7-long","$v":"August"},{"$i":"month-8-long","$v":"September"},{"$i":"month-9-long","$v":"Oktober"},{"$i":"month-10-long","$v":"November"},{"$i":"month-11-long","$v":"December"},{"$i":"month-0-genitive","$v":"januar"},{"$i":"month-1-genitive","$v":"februar"},{"$i":"month-2-genitive","$v":"marts"},{"$i":"month-3-genitive","$v":"april"},{"$i":"month-4-genitive","$v":"maj"},{"$i":"month-5-genitive","$v":"juni"},{"$i":"month-6-genitive","$v":"juli"},{"$i":"month-7-genitive","$v":"august"},{"$i":"month-8-genitive","$v":"september"},{"$i":"month-9-genitive","$v":"oktober"},{"$i":"month-10-genitive","$v":"november"},{"$i":"month-11-genitive","$v":"december"},{"$i":"month-0-short","$v":"Jan"},{"$i":"month-1-short","$v":"Feb"},{"$i":"month-2-short","$v":"Mar"},{"$i":"month-3-short","$v":"Apr"},{"$i":"month-4-short","$v":"Maj"},{"$i":"month-5-short","$v":"Jun"},{"$i":"month-6-short","$v":"Jul"},{"$i":"month-7-short","$v":"Aug"},{"$i":"month-8-short","$v":"Sep"},{"$i":"month-9-short","$v":"Okt"},{"$i":"month-10-short","$v":"Nov"},{"$i":"month-11-short","$v":"Dec"},{"$i":"minutes-ago-long","$v":{"zero":"nu","one":"for et minut siden","two":["for ",{"t":"idOrVar","v":"value"}," minutter siden"],"few":["for ",{"t":"idOrVar","v":"value"}," minutter siden"],"many":["for ",{"t":"idOrVar","v":"value"}," minutter siden"],"other":["for ",{"t":"idOrVar","v":"value"}," minutter siden"]},"$x":[{"t":"idOrVar","v":"plural"},"value"]},{"$i":"hours-ago-long","$v":{"zero":"nu","one":"for en time siden","two":["for ",{"t":"idOrVar","v":"value"}," timer siden"],"few":["for ",{"t":"idOrVar","v":"value"}," timer siden"],"many":["for ",{"t":"idOrVar","v":"value"}," timer siden"],"other":["for ",{"t":"idOrVar","v":"value"}," timer siden"]},"$x":[{"t":"idOrVar","v":"plural"},"value"]},{"$i":"days-ago-long","$v":{"zero":"i dag","one":"i går","two":["for ",{"t":"idOrVar","v":"value"}," dage siden"],"few":["for ",{"t":"idOrVar","v":"value"}," dage siden"],"many":["for ",{"t":"idOrVar","v":"value"}," dage siden"],"other":["for ",{"t":"idOrVar","v":"value"}," dage siden"]},"$x":[{"t":"idOrVar","v":"plural"},"value"]},{"$i":"weeks-ago-long","$v":{"zero":"denne uge","one":"sidste uge","two":["for ",{"t":"idOrVar","v":"value"}," uger siden"],"few":["for ",{"t":"idOrVar","v":"value"}," uger siden"],"many":["for ",{"t":"idOrVar","v":"value"}," uger siden"],"other":["for ",{"t":"idOrVar","v":"value"}," uger siden"]},"$x":[{"t":"idOrVar","v":"plural"},"value"]},{"$i":"months-ago-long","$v":{"zero":"denne måned","one":"sidste måned","two":["for ",{"t":"idOrVar","v":"value"}," måneder siden"],"few":["for ",{"t":"idOrVar","v":"value"}," måneder siden"],"many":["for ",{"t":"idOrVar","v":"value"}," måneder siden"],"other":["for ",{"t":"idOrVar","v":"value"}," måneder siden"]},"$x":[{"t":"idOrVar","v":"plural"},"value"]},{"$i":"years-ago-long","$v":{"zero":"dette år","one":"sidste år","two":["for ",{"t":"idOrVar","v":"value"}," år siden"],"few":["for ",{"t":"idOrVar","v":"value"}," år siden"],"many":["for ",{"t":"idOrVar","v":"value"}," år siden"],"other":["for ",{"t":"idOrVar","v":"value"}," år siden"]},"$x":[{"t":"idOrVar","v":"plural"},"value"]},{"$i":"minutes-until-long","$v":{"zero":"nu","one":"om et minut","two":["om ",{"t":"idOrVar","v":"value"}," minutter"],"few":["om ",{"t":"idOrVar","v":"value"}," minutter"],"many":["om ",{"t":"idOrVar","v":"value"}," minutter"],"other":["om ",{"t":"idOrVar","v":"value"}," minutter"]},"$x":[{"t":"idOrVar","v":"plural"},"value"]},{"$i":"hours-until-long","$v":{"zero":"nu","one":"om en time","two":["om ",{"t":"idOrVar","v":"value"}," timer"],"few":["om ",{"t":"idOrVar","v":"value"}," timer"],"many":["om ",{"t":"idOrVar","v":"value"}," timer"],"other":["om ",{"t":"idOrVar","v":"value"}," timer"]},"$x":[{"t":"idOrVar","v":"plural"},"value"]},{"$i":"days-until-long","$v":{"zero":"i dag","one":"i morgen","two":["om ",{"t":"idOrVar","v":"value"}," dage"],"few":["om ",{"t":"idOrVar","v":"value"}," dage"],"many":["om ",{"t":"idOrVar","v":"value"}," dage"],"other":["om ",{"t":"idOrVar","v":"value"}," dage"]},"$x":[{"t":"idOrVar","v":"plural"},"value"]},{"$i":"weeks-until-long","$v":{"zero":"denne uge","one":"næste uge","two":["om ",{"t":"idOrVar","v":"value"}," uger"],"few":["om ",{"t":"idOrVar","v":"value"}," uger"],"many":["om ",{"t":"idOrVar","v":"value"}," uger"],"other":["om ",{"t":"idOrVar","v":"value"}," uger"]},"$x":[{"t":"idOrVar","v":"plural"},"value"]},{"$i":"months-until-long","$v":{"zero":"denne måned","one":"næste måned","two":["om ",{"t":"idOrVar","v":"value"}," måneder"],"few":["om ",{"t":"idOrVar","v":"value"}," måneder"],"many":["om ",{"t":"idOrVar","v":"value"}," måneder"],"other":["om ",{"t":"idOrVar","v":"value"}," måneder"]},"$x":[{"t":"idOrVar","v":"plural"},"value"]},{"$i":"years-until-long","$v":{"zero":"i år","one":"næste år","two":["om ",{"t":"idOrVar","v":"value"}," år"],"few":["om ",{"t":"idOrVar","v":"value"}," år"],"many":["om ",{"t":"idOrVar","v":"value"}," år"],"other":["om ",{"t":"idOrVar","v":"value"}," år"]},"$x":[{"t":"idOrVar","v":"plural"},"value"]},{"$i":"minutes-ago-short","$v":{"zero":"nu","other":[{"t":"idOrVar","v":"value"}," m. siden"]},"$x":[{"t":"idOrVar","v":"plural"},"value"]},{"$i":"hours-ago-short","$v":{"zero":"nu","other":[{"t":"idOrVar","v":"value"}," t. siden"]},"$x":[{"t":"idOrVar","v":"plural"},"value"]},{"$i":"days-ago-short","$v":{"zero":"i dag","other":[{"t":"idOrVar","v":"value"}," d. siden"]},"$x":[{"t":"idOrVar","v":"plural"},"value"]},{"$i":"minutes-until-short","$v":{"zero":"nu","other":["om ",{"t":"idOrVar","v":"value"}," m."]},"$x":[{"t":"idOrVar","v":"plural"},"value"]},{"$i":"hours-until-short","$v":{"zero":"nu","other":["om ",{"t":"idOrVar","v":"value"}," t."]},"$x":[{"t":"idOrVar","v":"plural"},"value"]},{"$i":"days-until-short","$v":{"zero":"i dag","other":["om ",{"t":"idOrVar","v":"value"}," d."]},"$x":[{"t":"idOrVar","v":"plural"},"value"]},{"$i":"incorrectDate","$v":"(forkert dato)"},{"$i":"dateTimeFormat_%c","$v":"%a d. %e. %b %Y %H:%M:%S"},{"$i":"dateTimeFormat_%x","$v":"%d-%m-%Y"},{"$i":"dateTimeFormat_%X","$v":"%H:%M:%S"},{"$i":"shortTimeFormat","$v":"%H:%M"},{"$i":"shortTimeFormat12","$v":"%I:%M %p"},{"$i":"shortTimeFormat24","$v":"%H:%M"},{"$i":"shortDateTimeFormat","$v":"%x %H:%M"},{"$i":"weekStartsOnMonday","$v":"1"},{"$i":"firstDayOfTheWeek","$v":"1"},{"$i":"time_am","$v":"AM"},{"$i":"time_pm","$v":"PM"},{"$i":"title-app","$v":"App-tilladelser"},{"$i":"title-web","$v":"Webstedstilladelser"},{"$i":"title-cam","$v":"Vælg kamera"},{"$i":"perm-alarms","$v":"Indstil alarmer"},{"$i":"perm-audio-capture","$v":"Mikrofon"},{"$i":"perm-audio-capture-appRequest","$v":["Vil du dele din mikrofon med ",{"t":"idOrVar","v":"app"},"?"]},{"$i":"perm-audio-capture-webRequest","$v":["Vil du dele din mikrofon med ",{"t":"idOrVar","v":"site"},"?"]},{"$i":"perm-audio-channel-content","$v":"Afspil lyde"},{"$i":"perm-audio-channel-notification","$v":"Afspil påmindelser"},{"$i":"perm-audio-channel-ringer","$v":"Afspil ringetoner"},{"$i":"perm-background-sensors","$v":"Adgang til sensor-data"},{"$i":"perm-bluetooth","$v":"Bluetooth"},{"$i":"perm-browser","$v":"Inspicer websider"},{"$i":"perm-camera","$v":"Kamera"},{"$i":"perm-camera-selector-appRequest","$v":["Vælg kamera til ",{"t":"idOrVar","v":"app"},"."]},{"$i":"perm-camera-selector-webRequest","$v":["Vælg kamera til ",{"t":"idOrVar","v":"site"},"."]},{"$i":"perm-cellbroadcast","$v":"Cell Broadcasts"},{"$i":"perm-contacts","$v":"Kontakter"},{"$i":"perm-contacts-appRequest","$v":[{"t":"idOrVar","v":"app"}," vil have adgang til dine kontakter."]},{"$i":"perm-contacts-webRequest","$v":[{"t":"idOrVar","v":"site"}," vil have adgang til dine kontakter."]},{"$i":"perm-desktop-notification","$v":"Meddelelser"},{"$i":"perm-desktop-notification-appRequest","$v":[{"t":"idOrVar","v":"app"}," vil have lov at vise meddelelser."]},{"$i":"perm-desktop-notification-webRequest","$v":[{"t":"idOrVar","v":"site"}," vil have lov at vise meddelelser."]},{"$i":"perm-device-storage-apps","$v":"Apps-lager"},{"$i":"perm-device-storage-music","$v":"Musiklager"},{"$i":"perm-device-storage-music-appRequest","$v":[{"t":"idOrVar","v":"app"}," vil have adgang til din musik."]},{"$i":"perm-device-storage-music-webRequest","$v":[{"t":"idOrVar","v":"site"}," vil have adgang til din musik."]},{"$i":"perm-device-storage-pictures","$v":"Billeder"},{"$i":"perm-device-storage-pictures-appRequest","$v":[{"t":"idOrVar","v":"app"}," vil have adgang til dine billeder."]},{"$i":"perm-device-storage-pictures-webRequest","$v":[{"t":"idOrVar","v":"site"}," vil have adgang til dine billeder."]},{"$i":"perm-device-storage-sdcard","$v":"Hukommelseskort"},{"$i":"perm-device-storage-sdcard-appRequest","$v":[{"t":"idOrVar","v":"app"}," vil have adgang til dit hukommelseskort."]},{"$i":"perm-device-storage-sdcard-webRequest","$v":[{"t":"idOrVar","v":"site"}," vil have adgang til dit hukommelseskort."]},{"$i":"perm-device-storage-videos","$v":"Videolager"},{"$i":"perm-device-storage-videos-appRequest","$v":[{"t":"idOrVar","v":"app"}," vil have adgang til dine videoer."]},{"$i":"perm-device-storage-videos-webRequest","$v":[{"t":"idOrVar","v":"site"}," vil have adgang til dine videoer."]},{"$i":"perm-embed-apps","$v":"Indlejr apps"},{"$i":"perm-fmradio","$v":"FM-radio"},{"$i":"perm-fmradio-appRequest","$v":[{"t":"idOrVar","v":"app"}," vil have adgang til din FM-radio."]},{"$i":"perm-fmradio-webRequest","$v":[{"t":"idOrVar","v":"site"}," vil have adgang til din FM-radio."]},{"$i":"perm-geolocation","$v":"Position"},{"$i":"perm-geolocation-appRequest","$v":["Vil du dele din position med ",{"t":"idOrVar","v":"app"},"?"]},{"$i":"perm-geolocation-more-info","$v":[{"t":"idOrVar","v":"brandShortName"}," bruger data som fx GPS, wi-fi og mobile netværk i nærheden til at fastsætte din omtrentlige position. Data sendes til Mozilla og andre tjenesteudbydere og vil blive brugt til at forbedre positionsdatabaserne. Data kan blive gemt på din enhed og indsamling af data kan ske, selvom du ikke har apps kørende."]},{"$i":"perm-geolocation-webRequest","$v":["Vil du dele din position med ",{"t":"idOrVar","v":"site"},"?"]},{"$i":"perm-idle","$v":"Se inaktiv-status"},{"$i":"perm-indexedDB-chrome-settings","$v":"Privilegeret IndexedDB"},{"$i":"perm-indexedDB-unlimited","$v":"Ubegrænset IndexedDB-lager"},{"$i":"perm-input-manage","$v":"Håndter tastaturer"},{"$i":"perm-input","$v":"Brug som et tastatur"},{"$i":"perm-media-capture","$v":"Kamera og mikrofon"},{"$i":"perm-media-capture-appRequest","$v":["Vil du dele dit kamera og din mikrofon med ",{"t":"idOrVar","v":"app"},"?"]},{"$i":"perm-media-capture-webRequest","$v":["Vil du dele dit kamera og din mikrofon med ",{"t":"idOrVar","v":"site"},"?"]},{"$i":"perm-mobileconnection","$v":"Mobilforbindelse"},{"$i":"perm-mobileid","$v":"Mobil-identitet"},{"$i":"perm-network-events","$v":"Netværkshændelser"},{"$i":"perm-open-remote-window","$v":"Start en app"},{"$i":"perm-permissions","$v":"Rediger app-tilladelser"},{"$i":"perm-power","$v":"Strømindstillinger"},{"$i":"perm-settings","$v":"Rediger indstillinger"},{"$i":"perm-systemXHR","$v":"Adgang på tværs"},{"$i":"perm-telephony","$v":"Telefoni"},{"$i":"perm-video-capture","$v":"Kamera"},{"$i":"perm-video-capture-appRequest","$v":["Vil du dele dit kamera med ",{"t":"idOrVar","v":"app"},"?"]},{"$i":"perm-video-capture-webRequest","$v":["Vil du dele dit kamera med ",{"t":"idOrVar","v":"site"},"?"]},{"$i":"perm-voicemail","$v":"Håndter telefonbeskeder"},{"$i":"perm-webapps-manage","$v":"Installer webapps"},{"$i":"perm-wifi-manage","$v":"Håndter wi-fi"},{"$i":"perm-attention","$v":"Åbn overlay-pop op'er"},{"$i":"perm-audio-channel-alarm","$v":"Afspil alarmlyde"},{"$i":"perm-audio-channel-normal","$v":"Afspil lyde"},{"$i":"perm-audio-channel-publicnotification","$v":"Afspil vigtige systemlyde"},{"$i":"perm-audio-channel-telephony","$v":"Afspil telefonilyde"},{"$i":"perm-backgroundservice","$v":"Funger som baggrundstjeneste"},{"$i":"perm-device-storage-crashes","$v":"Nedbrudsdata"},{"$i":"perm-downloads","$v":"Tilgå filhentninger"},{"$i":"perm-embed-widgets","$v":"Indlejr widgets"},{"$i":"perm-feature-detection","$v":"Detekter funktioner"},{"$i":"perm-firefox-accounts","$v":"Firefox-konti"},{"$i":"perm-mobilenetwork","$v":"Mobilt netværk"},{"$i":"perm-moz-attention","$v":"Åbn overlay-pop op'er (moz)"},{"$i":"perm-moz-audio-channel-ringer","$v":"Afspil ringetoner (moz)"},{"$i":"perm-moz-audio-channel-telephony","$v":"Afspil telefonilyde (moz)"},{"$i":"perm-moz-firefox-accounts","$v":"Firefox-konti (moz)"},{"$i":"perm-networkstats-manage","$v":"Håndter forbrugsstatistikker"},{"$i":"perm-nfc","$v":"NFC"},{"$i":"perm-nfc-hci-events","$v":"NFC HCI-handlinger"},{"$i":"perm-nfc-manager","$v":"Håndter NFC"},{"$i":"perm-phonenumberservice","$v":"Telefonnummerservice"},{"$i":"perm-push","$v":"Push-API"},{"$i":"perm-resourcestats-manage","$v":"Ressourcestatistikker"},{"$i":"perm-sms","$v":"Send og læs SMS"},{"$i":"perm-speaker-control","$v":"Lydstyrke"},{"$i":"perm-storage","$v":"Tilgå lager"},{"$i":"perm-tcp-socket","$v":"TCP-sockets"},{"$i":"perm-test-permission","$v":"Test-tilladelser"},{"$i":"perm-time","$v":"Indstil dato og klokkeslæt"},{"$i":"perm-udp-socket","$v":"UDP-sockets"},{"$i":"perm-wappush","$v":"WAP-push"},{"$i":"tz-region","$v":"Område"},{"$i":"tz-city","$v":"By"},{"$i":"tzRegion-Africa","$v":"Afrika"},{"$i":"tzRegion-America","$v":"Amerika"},{"$i":"tzRegion-Antarctica","$v":"Antarktis"},{"$i":"tzRegion-Asia","$v":"Asien"},{"$i":"tzRegion-Atlantic","$v":"Atlanterhavet"},{"$i":"tzRegion-Australia","$v":"Australien"},{"$i":"tzRegion-Europe","$v":"Europa"},{"$i":"tzRegion-Indian","$v":"Det Indiske Ocean"},{"$i":"tzRegion-Pacific","$v":"Stillehavet"},{"$i":"ringtone-none","$v":"Ingen"},{"$i":"ringer_bubble","$v":"Bobler"},{"$i":"ringer_chimer","$v":"Harper"},{"$i":"ringer_cunning","$v":"Listig"},{"$i":"ringer_dulco","$v":"Dulco"},{"$i":"ringer_firefox2","$v":[{"t":"idOrVar","v":"ringtoneBrandName"}]},{"$i":"ringer_garden","$v":"Have"},{"$i":"ringer_marbled","$v":"Marmoreret"},{"$i":"ringer_opti","$v":"Opti"},{"$i":"ringer_pecko","$v":"Pecko"},{"$i":"ringer_pingy","$v":"Pingy"},{"$i":"ringer_poppop","$v":"Pop Pop"},{"$i":"ringer_sata","$v":"Sata"},{"$i":"ringer_simple","$v":"Ren"},{"$i":"ringer_standard1","$v":"Klassisk"},{"$i":"ringer_standard2","$v":"Klassisk, hurtig"},{"$i":"ringer_stutter","$v":"Stammen"},{"$i":"ringer_symmetry","$v":"Symmetri"},{"$i":"ringer_tailwind","$v":"Medvind"},{"$i":"ringer_thoughtful","$v":"Tankefuld"},{"$i":"ringer_wit","$v":"Humor"},{"$i":"ringer_zen","$v":"Zen"},{"$i":"notifier_bells","$v":"Klokker"},{"$i":"notifier_bloom","$v":"Blomstre"},{"$i":"notifier_chime","$v":"Harper"},{"$i":"notifier_clicka","$v":"Clicka"},{"$i":"notifier_digi","$v":"Digi"},{"$i":"notifier_dropplet","$v":"Dråber"},{"$i":"notifier_firefox2","$v":[{"t":"idOrVar","v":"ringtoneBrandName"}]},{"$i":"notifier_hello","$v":"Hallo"},{"$i":"notifier_lowmarble","$v":"Marmor, lav"},{"$i":"notifier_ping","$v":"Ping"},{"$i":"notifier_plickle","$v":"Plickle"},{"$i":"notifier_pocko","$v":"Pocko"},{"$i":"notifier_quado","$v":"Quado"},{"$i":"notifier_red","$v":"Rød"},{"$i":"notifier_sato","$v":"Sato"},{"$i":"notifier_swipo","$v":"Swipo"},{"$i":"notifier_trickleup","$v":"Sive op"},{"$i":"notifier_trink","$v":"Trink"},{"$i":"notifier_verse","$v":"Vers"},{"$i":"settings","$v":"Indstillinger"},{"$i":"advancedSettings","$v":"Avancerede indstillinger"},{"$i":"default","$v":"Standard"},{"$i":"enabled","$v":"Aktiveret"},{"$i":"enable","$v":"Aktiver"},{"$i":"disabled","$v":"Deaktiveret"},{"$i":"error","$v":"Fejl"},{"$i":"ok","$v":"OK"},{"$i":"yes","$v":"Ja"},{"$i":"no","$v":"Nej"},{"$i":"reset","$v":"Nulstil"},{"$i":"cancel","$v":"Annuller"},{"$i":"close","$v":"Luk"},{"$i":"back","$v":"Tilbage"},{"$i":"continue","$v":"Fortsæt"},{"$i":"skip","$v":"Spring over"},{"$i":"pair","$v":"Par"},{"$i":"add","$v":"Tilføj"},{"$i":"done","$v":"Færdig"},{"$i":"set","$v":"Opret"},{"$i":"notNow","$v":"Ikke nu"},{"$i":"turnOn","$v":"Aktiver"},{"$i":"selectASIMCard","$v":"Vælg et simkort"},{"$i":"sim1","$v":"Simkort 1"},{"$i":"sim2","$v":"Simkort 2"},{"$i":"unavailable","$v":"Ikke tilgængeligt"},{"$i":"confirmation","$v":"Bekræftelse"},{"$i":"simSettingsWithIndex","$v":["Simkort ",{"t":"idOrVar","v":"index"},"-indstillinger"]},{"$i":"networkAndConnectivity","$v":"Netværk og forbindelse"},{"$i":"airplaneMode","$v":"Flytilstand"},{"$i":"geolocation","$v":"Position"},{"$i":"wifi","$v":"Wi-fi"},{"$i":"wifi-header","$v":[{"t":"idOrVar","v":"wifi"}]},{"$i":"wifi-disabled","$v":"Aktiver wi-fi for at se tilgængelige netværk."},{"$i":"availableNetworks","$v":"Tilgængelige netværk"},{"$i":"knownNetworks","$v":"Kendte netværk"},{"$i":"hiddenNetworks","$v":"Skjulte netværk"},{"$i":"scanning","$v":"Søger…"},{"$i":"scanNetworks","$v":"Søg igen"},{"$i":"fullStatus-initializing","$v":"Initialiserer…"},{"$i":"fullStatus-connecting","$v":["Forbinder til ",{"t":"idOrVar","v":"ssid"},"…"]},{"$i":"fullStatus-associated","$v":"Henter en IP-adresse…"},{"$i":"fullStatus-connected","$v":["Forbundet til ",{"t":"idOrVar","v":"ssid"}]},{"$i":"fullStatus-connectingfailed","$v":"Forbindelse mislykkedes"},{"$i":"fullStatus-disconnected","$v":"Offline"},{"$i":"shortStatus-connecting","$v":"Forbinder…"},{"$i":"shortStatus-associated","$v":"Henter en IP-adresse…"},{"$i":"shortStatus-connected","$v":"Forbundet"},{"$i":"shortStatus-connectingfailed","$v":"Forbindelse mislykkedes"},{"$i":"shortStatus-disconnected","$v":"Offline"},{"$i":"wifi-sleep","$v":"Wi-fi-dvale"},{"$i":"wifi-sleep-description","$v":"Automatisk deaktivering af wi-fi, når enheden er i strømsparetilstand. "},{"$i":"manageNetworks","$v":"Håndter netværk"},{"$i":"wifi-bad-credentials-title","$v":"Kunne ikke forbinde til wi-fi"},{"$i":"wifi-bad-credentials-confirm","$v":["Kunne ikke forbinde til ",{"t":"idOrVar","v":"ssid"},", godkendelsen mislykkedes pga. forkerte login-oplysninger. Genindtast adgangskoden til netværket."]},{"$i":"manageNetworks-header","$v":[{"t":"idOrVar","v":"manageNetworks"}]},{"$i":"manageCertificates","$v":"Håndter certifikater"},{"$i":"manageCert","$v":"Håndter cert."},{"$i":"joinHiddenNetwork","$v":"Forbind til skjult netværk"},{"$i":"securedBy","$v":["Sikkerhed: ",{"t":"idOrVar","v":"capabilities"}]},{"$i":"security","$v":"Sikkerhed"},{"$i":"securityNone","$v":"Ingen"},{"$i":"securityOpen","$v":"Åben"},{"$i":"notInRange","$v":"Ikke inden for rækkevidde"},{"$i":"ipAddress","$v":"IP-adresse"},{"$i":"linkSpeed","$v":"Hastighed"},{"$i":"linkSpeedMbs","$v":[{"t":"idOrVar","v":"linkSpeed"}," Mbit/s"]},{"$i":"signalStrength","$v":"Signalstyrke"},{"$i":"signalLevel0","$v":"Meget svag"},{"$i":"signalLevel1","$v":"Svag"},{"$i":"signalLevel2","$v":"Middel"},{"$i":"signalLevel3","$v":"God"},{"$i":"signalLevel4","$v":"Meget god"},{"$i":"forget","$v":"Glem"},{"$i":"forgetNetwork-dialog","$v":"Glem netværk?"},{"$i":"forgetNetwork-confirmation","$v":"Bekræftelse"},{"$i":"authentication","$v":"Godkendelse"},{"$i":"authentication-header","$v":[{"t":"idOrVar","v":"authentication"}]},{"$i":"eap","$v":"EAP-metode"},{"$i":"auth-phase2","$v":"Godkendelsesfase 2"},{"$i":"server-certificate","$v":"Servercertifikat"},{"$i":"import-certificate-msg","$v":"Bemærk: Gå til \"Håndter certifikater\", hvis du har brug for at importere nye certifikater"},{"$i":"identity","$v":"Identifikator"},{"$i":"password","$v":"Adgangskode"},{"$i":"showPassword","$v":"Vis adgangskode"},{"$i":"networkNotification","$v":"Netværksbeskeder"},{"$i":"networkNotification-expl","$v":"Giv mig besked, når et åbent netværk er tilgængeligt"},{"$i":"macAddress","$v":"MAC-adresse"},{"$i":"deviceInfo_software","$v":[{"t":"idOrVar","v":"brandShortName"}," ",{"t":"idOrVar","v":"os"}]},{"$i":"macUnavailable","$v":"Ikke tilgængelig"},{"$i":"noNetworksFound","$v":"Ingen netværk fundet"},{"$i":"noKnownNetworks","$v":"Ingen kendte netværk"},{"$i":"edit","$v":"Rediger"},{"$i":"certificateList","$v":"Certifikatliste"},{"$i":"noCertificate","$v":"Ingen importerede certifikater"},{"$i":"deleteCertificate","$v":"Slet certifikat"},{"$i":"importCertificate","$v":"Importer certifikat"},{"$i":"selectCertificateFile","$v":"Vælg certifikatfil"},{"$i":"enterCertificateNickname","$v":"Indtast certifikats kaldenavn"},{"$i":"nickname","$v":"Kaldenavn"},{"$i":"enter-certificate-name-msg","$v":"Du kan ændre kaldenavnet eller beholde standardnavnet."},{"$i":"certificate-deletion-failed","$v":"Sletning af certifikat mislykkedes"},{"$i":"certificate-deletion-failed-description","$v":"Dette kan fx skyldes et lagerproblem."},{"$i":"certificate-import-failed","$v":"Import af certifikat mislykkedes"},{"$i":"certificate-import-failed-description","$v":"Dette kan fx skyldes en ødelagt certifikatfil."},{"$i":"wpsMessage","$v":"Forbind med WPS"},{"$i":"wpsMessage-header","$v":[{"t":"idOrVar","v":"wpsMessage"}]},{"$i":"fullStatus-wps-inprogress","$v":"Forbinder med WPS…"},{"$i":"fullStatus-wps-canceled","$v":"WPS blev annulleret"},{"$i":"fullStatus-wps-timedout","$v":"forbindelsestiden udløb for WPS"},{"$i":"fullStatus-wps-failed-error","$v":["WPS mislykkedes [",{"t":"idOrVar","v":"error"},"]"]},{"$i":"fullStatus-wps-overlapped","$v":"En anden WPS PBC AP blev fundet"},{"$i":"wpsDescription2","$v":"Automatisk opsætning af wi-fi"},{"$i":"wpsMethodSelection","$v":"Vælg en WPS-metode:"},{"$i":"wpsPbcLabel","$v":"Knapforbindelse"},{"$i":"wpsMyPinLabel","$v":"Min pinforbindelse"},{"$i":"wpsApPinLabel","$v":"AP-pinforbindelse"},{"$i":"wpsPinDescription","$v":"Pinkoden er 4 eller 8 cifre"},{"$i":"wpsPinInput","$v":["Angiv ",{"t":"idOrVar","v":"pin"}," til en anden enhed"]},{"$i":"wpsPinAps","$v":"Vælg den anden enhed"},{"$i":"wpsAnyAp","$v":"Enhver"},{"$i":"wpsCancelMessage","$v":"Annuller WPS"},{"$i":"wpsCancelFailedMessageError","$v":["Kunne ikke annullere WPS [",{"t":"idOrVar","v":"error"},"]"]},{"$i":"callSettings","$v":"Opkald"},{"$i":"callSettings-header","$v":[{"t":"idOrVar","v":"callSettings"}]},{"$i":"callSettingsQuery","$v":"Forespørger netværksinfo…"},{"$i":"callSettingsQueryError","$v":"Fejl i forespørgsel"},{"$i":"voiceMail","$v":"Telefonsvarer"},{"$i":"voiceMail-header","$v":[{"t":"idOrVar","v":"voiceMail"}]},{"$i":"voiceMail-number","$v":"Nummer til telefonsvarer"},{"$i":"voiceMail-number-notSet","$v":"Ikke angivet"},{"$i":"voicePrivacyMode","$v":"Voice privacy-tilstand"},{"$i":"callWaiting","$v":"Opkald venter"},{"$i":"confirmCallWaitingTitle","$v":"Kunne ikke bekræfte indstillinger for ventende opkald"},{"$i":"confirmCallWaitingDesc","$v":"Enheden kunne ikke kommunikere med operatøren. Prøv at ændre indstillingen igen senere."},{"$i":"callForwarding","$v":"Viderestil opkald"},{"$i":"callForwarding-header","$v":[{"t":"idOrVar","v":"callForwarding"}]},{"$i":"callForwardingForward","$v":"Viderestil"},{"$i":"callForwardingUnconditional","$v":"Viderestil altid"},{"$i":"callForwardingUnconditionalShort","$v":"Altid"},{"$i":"callForwardingMobileBusy","$v":"Viderestil når optaget"},{"$i":"callForwardingMobileBusyShort","$v":"Når optaget"},{"$i":"callForwardingNoReply","$v":"Viderestil ved ubesvaret"},{"$i":"callForwardingNoReplyShort","$v":"Ved ubesvaret"},{"$i":"callForwardingNotReachable","$v":"Viderestil når utilgængelig"},{"$i":"callForwardingNotReachableShort","$v":"Når utilgængelig"},{"$i":"callForwardingForwardingVoiceToNumber","$v":["Opkald til ",{"t":"idOrVar","v":"number"}]},{"$i":"callForwardingNotForwarding","$v":"Deaktiveret"},{"$i":"callForwardingConfirmTitle","$v":"Bekræftelse ved viderestilling"},{"$i":"cf-alwaysUseThisNumber","$v":"Brug altid dette nummer"},{"$i":"cf-numberWhenUnreachable","$v":"Nummer når utilgængelig"},{"$i":"cf-numberWhenUnanswered","$v":"Nummer når ubesvaret"},{"$i":"cf-numberWhenBusy","$v":"Nummer når optaget"},{"$i":"callForwardingInvalidNumberError","$v":"Telefonnummeret er ugyldigt."},{"$i":"callForwardingSetSuccess","$v":"Ændringen er gemt."},{"$i":"callForwardingSetForbidden","$v":"Din operatør understøtter ikke denne indstilling."},{"$i":"callForwardingSetError","$v":"Opsætning af viderestilling mislykkedes."},{"$i":"callerId","$v":"Nummervisning"},{"$i":"callBarring","$v":"Spærring af opkald"},{"$i":"callBarring-header","$v":[{"t":"idOrVar","v":"callBarring"}]},{"$i":"callBarring-outgoing","$v":"Udgående opkald"},{"$i":"callBarring-baoc","$v":"Alle"},{"$i":"callBarring-boic","$v":"Internationale"},{"$i":"callBarring-boicExhc","$v":"Internationale undtagen hjemland"},{"$i":"callBarring-incoming","$v":"Indkommende opkald"},{"$i":"callBarring-baic","$v":"Alle"},{"$i":"callBarring-baicR","$v":"Alle ved roaming"},{"$i":"callBarring-passcode","$v":"Adgangskode"},{"$i":"callBarring-change-passcode","$v":"Skift adgangskode"},{"$i":"callBarring-passcode-enter","$v":"Indtast adgangskode"},{"$i":"callBarring-passcode-unknown","$v":"Hvis du ikke kender din adgangskode, skal du kontakte din operatør"},{"$i":"callBarring-current-passcode","$v":"Nuværende adgangskode"},{"$i":"callBarring-new-passcode","$v":"Ny adgangskode"},{"$i":"callBarring-create-passcode","$v":"Opret en adgangskode"},{"$i":"callBarring-confirm-passcode","$v":"Bekræft adgangskoden"},{"$i":"callBarring-passcode-error-generic","$v":"Adgangskodefejl."},{"$i":"callBarring-passcode-error-incorrect","$v":"Adgangskoden er forkert."},{"$i":"callBarring-passcode-error-mismatch","$v":"Adgangskoderne er ikke ens."},{"$i":"callBarring-update-item-error","$v":["Der opstod en fejl ved opdatering af: ",{"t":"idOrVar","v":"error"},"."]},{"$i":"callBarring-change-passcode-success","$v":"Adgangskoden er ændret."},{"$i":"callerId-default","$v":"Standard for netværket"},{"$i":"callerId-hide","$v":"Skjul nummer"},{"$i":"callerId-show","$v":"Vis nummer"},{"$i":"fdn","$v":"Faste opkaldsnumre"},{"$i":"fdnSettings","$v":"Faste opkaldsnumre"},{"$i":"fdnSettings-header","$v":[{"t":"idOrVar","v":"fdnSettings"}]},{"$i":"fdn-authorizedNumbers","$v":"Godkendte numre"},{"$i":"fdn-authorizedNumbers-header","$v":[{"t":"idOrVar","v":"fdn-authorizedNumbers"}]},{"$i":"fdn-authorizedNumbers-desc","$v":"Liste over numre der kan ringes til"},{"$i":"fdn-explanation1","$v":"Begræns hvilke numre der kan ringes til."},{"$i":"fdn-explanation2","$v":"(Nødopkald er altid mulige)"},{"$i":"fdnEnable","$v":"Aktiver FON"},{"$i":"fdnDisable","$v":"Deaktiver FON"},{"$i":"fdnReset","$v":"Nulstil PIN2"},{"$i":"fdnAttemptMsg3","$v":{"one":"Du har 1 forsøg tilbage til at indtaste den korrekte kode, før simkortet låses.","two":["Du har ",{"t":"idOrVar","v":"n"}," forsøg tilbage til at indtaste den korrekte kode, før simkortet låses."],"few":["Du har ",{"t":"idOrVar","v":"n"}," forsøg tilbage til at indtaste den korrekte kode, før simkortet låses."],"many":["Du har ",{"t":"idOrVar","v":"n"}," forsøg tilbage til at indtaste den korrekte kode, før simkortet låses."],"other":["Du har ",{"t":"idOrVar","v":"n"}," forsøg tilbage til at indtaste den korrekte kode, før simkortet låses."]},"$x":[{"t":"idOrVar","v":"plural"},"n"]},{"$i":"fdnLastChanceMsg","$v":"Dette er din sidste mulighed for at indtaste den korrekte kode. Ellers låses simkortet, og du skal indtaste PUK2-koden for atter at kunne bruge simkortet."},{"$i":"fdnErrorMsg","$v":"Forkert PIN2-kode."},{"$i":"fdn-enabled-warning","$v":"Viderestillen af opkald er deaktiveret af FON."},{"$i":"fdnContact-name","$v":"navn"},{"$i":"fdnContact-number","$v":"nummer"},{"$i":"fdnContact-submit","$v":"send"},{"$i":"fdnAction-add","$v":"Tilføj kontakt"},{"$i":"fdnAction-call","$v":"Ring"},{"$i":"fdnAction-edit","$v":"Rediger kontakt"},{"$i":"fdnAction-edit-header","$v":"Rediger kontakt"},{"$i":"fdnAction-delete","$v":"Slet kontakt"},{"$i":"fdnNoFDNFreeRecord","$v":"Det maksimale antal numre nået. Du kan ikke tilføje flere numre."},{"$i":"messagingSettings","$v":"Beskeder"},{"$i":"messagingSettings-header","$v":[{"t":"idOrVar","v":"messagingSettings"}]},{"$i":"message-confirmation","$v":"Bekræftelse af besked"},{"$i":"message-delivery-reports","$v":"Leveringsrapporter"},{"$i":"message-delivery-reports-details","$v":"Bed om kvittering for hver afsendt besked"},{"$i":"message-read-reports","$v":"Læst-rapporter"},{"$i":"message-read-reports-details","$v":"Bed om læst-rapporter for hver sendte besked"},{"$i":"mmsTitle","$v":"Multimediebeskeder (MMS)"},{"$i":"auto-retrieve","$v":"Hent automatisk"},{"$i":"auto-retrieve-details","$v":"Hent automatisk beskeder"},{"$i":"manual-retrieve","$v":"Deaktiver"},{"$i":"auto-roaming-retrieve","$v":"Aktiver roaming"},{"$i":"auto-no-roaming-retrieve","$v":"Aktiver uden roaming"},{"$i":"autoConfigure","$v":"Konfigurer automatisk"},{"$i":"wapPushMessages","$v":"WAP-push-beskeder"},{"$i":"wapPush","$v":"WAP-push"},{"$i":"cellBroadcastMessages","$v":"Cell broadcast-beskeder"},{"$i":"cellBroadcast","$v":"Cell broadcast"},{"$i":"emergencyAlert","$v":"Varsel om ulykker"},{"$i":"messagingInformation","$v":"Information"},{"$i":"messaging-SMSC","$v":"Servicecenter"},{"$i":"messaging-sim-settings","$v":["Indstillinger for simkort ",{"t":"idOrVar","v":"index"}]},{"$i":"unknown-SMSC","$v":"Ukendt nummer"},{"$i":"cellularAndData","$v":"Mobil og data"},{"$i":"cellularAndData-header","$v":[{"t":"idOrVar","v":"cellularAndData"}]},{"$i":"dataNetwork","$v":"Operatør"},{"$i":"dataConnectivity","$v":"Data"},{"$i":"dataConnection","$v":"Dataforbindelse"},{"$i":"dataRoaming","$v":"Data-roaming"},{"$i":"networkOperator","$v":"Netværksoperatør"},{"$i":"networkOperator-header","$v":[{"t":"idOrVar","v":"networkOperator"}]},{"$i":"availableOperators","$v":"Netværksoperatører i området"},{"$i":"preferredNetworkTypeAlertTitle","$v":"Foretrukket netværkstype"},{"$i":"preferredNetworkTypeAlertErrorMessage","$v":"Netværkstypen kunne ikke sættes."},{"$i":"operator-networkType","$v":"Netværkstype"},{"$i":"operator-networkType-auto","$v":"Automatisk"},{"$i":"operator-networkType-prefer3G","$v":"3G foretrukket"},{"$i":"operator-networkType-2G","$v":"Kun 2G"},{"$i":"operator-networkType-3G","$v":"Kun 3G"},{"$i":"operator-networkType-GSM","$v":"GSM"},{"$i":"operator-networkType-WCDMA","$v":"WCDMA"},{"$i":"operator-networkType-CDMA","$v":"CDMA"},{"$i":"operator-networkType-EVDO","$v":"EVDO"},{"$i":"operator-networkType-LTE","$v":"LTE"},{"$i":"operator-networkType-preferWCDMA","$v":"WCDMA foretrukket"},{"$i":"operator-networkType-auto-2G-3G","$v":"Auto (2G/3G)"},{"$i":"operator-networkType-auto-CDMA-EVDO","$v":"Automatisk (CDMA/EVDO)"},{"$i":"operator-networkType-auto-WCDMA-GSM","$v":"Automatisk (WCDMA/GSM)"},{"$i":"operator-networkType-auto-LTE-WCDMA-GSM","$v":"Automatisk (LTE/WCDMA/GSM)"},{"$i":"operator-networkType-auto-LTE-CDMA-EVDO","$v":"Automatisk (LTE/CDMA/EVDO)"},{"$i":"operator-networkType-auto-WCDMA-GSM-CDMA-EVDO","$v":"Automatisk (WCDMA/GSM/CDMA/EVDO)"},{"$i":"operator-autoSelect","$v":"Automatisk valg"},{"$i":"operator-networkSelect-auto","$v":"Automatisk"},{"$i":"operator-networkSelect-manual","$v":"Manuelt"},{"$i":"operator-turnAutoSelectOff","$v":"Deaktiver automatisk valg for at se tilgængelige netværksoperatører."},{"$i":"operator-status-connecting","$v":"Forbinder…"},{"$i":"operator-status-connectingfailed","$v":"Forbindelse mislykkes"},{"$i":"operator-status-connected","$v":"Forbundet"},{"$i":"operator-roamingPreference","$v":"Roaming-indstillinger"},{"$i":"operator-roamingPreference-home","$v":"Hjem"},{"$i":"operator-roamingPreference-any","$v":"Enhver"},{"$i":"operator-roamingPreference-affiliated","$v":"Partner"},{"$i":"apn","$v":"APN"},{"$i":"apnSettings","$v":"APN-indstillinger"},{"$i":"apnSettings-header","$v":[{"t":"idOrVar","v":"apnSettings"}]},{"$i":"dataSettings","$v":"Data"},{"$i":"dataSettings-header","$v":[{"t":"idOrVar","v":"dataSettings"}]},{"$i":"suplSettings","$v":"A-GPS"},{"$i":"suplSettings-header","$v":[{"t":"idOrVar","v":"suplSettings"}]},{"$i":"messageSettings","$v":"Beskeder"},{"$i":"messageSettings-header","$v":[{"t":"idOrVar","v":"messageSettings"}]},{"$i":"dunSettings","$v":"Netdeling"},{"$i":"dunSettings-header","$v":"Netdeling"},{"$i":"imsSettings","$v":"IMS"},{"$i":"imsSettings-header2","$v":[{"t":"idOrVar","v":"imsSettings"}]},{"$i":"apn-editor-header","$v":"APN-editor"},{"$i":"mmsport","$v":"MMS-port"},{"$i":"mmsproxy","$v":"MMS-proxy"},{"$i":"mmsc","$v":"MMSC"},{"$i":"httpProxyHost","$v":"HTTP-proxyvært"},{"$i":"httpProxyPort","$v":"HTTP-proxyport"},{"$i":"custom","$v":"(dine indstillinger)"},{"$i":"apn-authType","$v":"Godkendelse"},{"$i":"apn-authType-notDefined","$v":"Ikke defineret"},{"$i":"apn-authType-none","$v":"Ingen"},{"$i":"apn-authType-pap","$v":"PAP"},{"$i":"apn-authType-chap","$v":"CHAP"},{"$i":"apn-authType-papOrChap","$v":"PAP eller CHAP"},{"$i":"apn-protocol","$v":"Protokol"},{"$i":"apn-roaming-protocol","$v":"Roaming-protokol"},{"$i":"apn-protocol-notDefined","$v":"Ikke defineret"},{"$i":"apn-protocol-ip","$v":"IPv4"},{"$i":"apn-protocol-ipv6","$v":"IPv6"},{"$i":"apn-protocol-ipv4v6","$v":"IPv4/IPv6"},{"$i":"apn-type","$v":"APN-type"},{"$i":"dataConnection-warning-head","$v":"Aktiver dataforbindelse?"},{"$i":"dataConnection-warning-message","$v":"Apps vil automatisk hente nødvendige data via dataforbindelsen. Det kan resultere i dataafgifter."},{"$i":"dataRoaming-warning-head","$v":"Aktiver data-roaming?"},{"$i":"dataRoaming-warning-message","$v":"Afhængig af dit abonnement kan det resultere i yderligere dataafgifter, når du benytter roaming."},{"$i":"change-apn-warning-message1","$v":"Afhængig af dit abonnement kan ændring af dine APN-indstillinger resultere i yderligere dataafgifter, når du benytter roaming. Vil du fortsætte?"},{"$i":"reset-apn-warning-title","$v":"Nulstil til standard"},{"$i":"reset-apn-warning-message","$v":"Dette nulstiller dine indstillinger til standardindstillingerne. Denne handling kan ikke fortrydes."},{"$i":"state-unknown","$v":"Ukendt tilstand"},{"$i":"state-available","$v":"Tilgængelig"},{"$i":"state-connected","$v":"Forbundet"},{"$i":"state-current","$v":"Forbundet"},{"$i":"state-forbidden","$v":"Ikke tilladt"},{"$i":"delete-apn-confirm","$v":"Slette dette APN?"},{"$i":"delete-apn","$v":"Slet"},{"$i":"add-apn","$v":"Tilføj ny APN"},{"$i":"reset-apn","$v":"Nulstil til standard"},{"$i":"apnSettings-reset","$v":"Nulstil APN-indstillinger"},{"$i":"bluetooth","$v":"Bluetooth"},{"$i":"bluetooth-header","$v":[{"t":"idOrVar","v":"bluetooth"}]},{"$i":"bluetooth-enable-msg","$v":"Aktiver Bluetooth for at se enheder i nærheden."},{"$i":"bluetooth-paired-devices","$v":"Parrede enheder"},{"$i":"bluetooth-devices-in-area","$v":"Enheder i området"},{"$i":"bluetooth-visible-to-all","$v":"Synlig for alle"},{"$i":"bluetooth-name-maxlength-alert","$v":["Din enheds navn indeholder flere end ",{"t":"idOrVar","v":"length"}," tegn. Prøv igen."]},{"$i":"bluetooth-address","$v":"Bluetooth-adresse"},{"$i":"bluetooth-address-unavailable","$v":"Ikke tilgængelig"},{"$i":"bt-status-nopaired","$v":"Ingen enheder parret"},{"$i":"bt-status-turnoff","$v":"Deaktiveret"},{"$i":"bt-status-paired","$v":{"zero":[{"t":"idOrVar","v":"name"}],"one":[{"t":"idOrVar","v":"name"},", +",{"t":"idOrVar","v":"n"}," mere"],"two":[{"t":"idOrVar","v":"name"},", +",{"t":"idOrVar","v":"n"}," mere"],"few":[{"t":"idOrVar","v":"name"},", +",{"t":"idOrVar","v":"n"}," mere"],"many":[{"t":"idOrVar","v":"name"},", +",{"t":"idOrVar","v":"n"}," mere"],"other":[{"t":"idOrVar","v":"name"},", +",{"t":"idOrVar","v":"n"}," mere"]},"$x":[{"t":"idOrVar","v":"plural"},"n"]},{"$i":"device-status-tap-connect","$v":"Tryk for at forbinde"},{"$i":"device-status-pairing","$v":"Parrer med enhed…"},{"$i":"device-status-waiting","$v":"Venter på den anden enhed…"},{"$i":"device-status-paired","$v":"Parret"},{"$i":"device-status-connecting","$v":"Forbinder…"},{"$i":"device-status-connected","$v":"Forbundet"},{"$i":"device-status-connected-media","$v":"Forbundet til medielyd"},{"$i":"device-option-unpair","$v":"Afbryd parring"},{"$i":"device-option-confirm","$v":"Bekræft"},{"$i":"device-option-unpair-confirmation","$v":"Bekræftelse"},{"$i":"device-option-unpair-device","$v":"Afbryd parring med enhed?"},{"$i":"device-option-connect","$v":"Forbind"},{"$i":"device-option-disconnect","$v":"Afbryd"},{"$i":"search-for-device","$v":"Søger efter enheder…"},{"$i":"search-device","$v":"Søg efter enheder"},{"$i":"rename-device","$v":"Omdøb min enhed"},{"$i":"unnamed-device","$v":"Ukendt enhed"},{"$i":"change-phone-name-desc","$v":"Skift navnet, som din enhed vises med på din computer"},{"$i":"bluetooth-new-name","$v":"Nyt navn"},{"$i":"error-pair-title","$v":"Kunne ikke parre enheder"},{"$i":"error-pair-pincode","$v":"Kunne ikke parre med enheden. Kontroller at pinkoden er korrekt."},{"$i":"error-pair-toofast","$v":"Kunne ikke parre med enheden. For mange forespørgsler."},{"$i":"error-connect-title","$v":"Kunne ikke parre med enheden"},{"$i":"error-connect-msg","$v":"Kontroller at enheden, du vil parre med, stadig er inden for rækkevidde, og at Bluetooth er aktiveret."},{"$i":"unpair-title","$v":"Afbryd parring af en forbundet enhed?"},{"$i":"unpair-msg","$v":"Du er i øjeblikket forbundet med denne enhed. Hvis du afbryder parring, vil du miste forbindelsen."},{"$i":"nfc","$v":"NFC"},{"$i":"SSIDCannotBeEmpty","$v":"SSID må ikke være tom"},{"$i":"internetSharing","$v":"Netdeling"},{"$i":"internetSharing-header","$v":[{"t":"idOrVar","v":"internetSharing"}]},{"$i":"internetSharing-usb","$v":"USB"},{"$i":"internetSharing-wifi","$v":"Wi-fi"},{"$i":"wifi-hotspot","$v":"Wi-fi hotspot"},{"$i":"wifi-name","$v":"Navn"},{"$i":"wifi-password","$v":"Adgangskode"},{"$i":"wifi-security","$v":"Sikkerhed"},{"$i":"usb-tethering","$v":"Netdeling via USB"},{"$i":"hotspotSettings","$v":"Indstillinger for hotspot"},{"$i":"wifi-auth-username","$v":"Brugernavn"},{"$i":"wifi-auth-password","$v":"Adgangskode"},{"$i":"wifi-join-username","$v":"Brugernavn"},{"$i":"wifi-join-password","$v":"Adgangskode"},{"$i":"hotspotSettings-header","$v":"Hotspot"},{"$i":"ssid-name","$v":"SSID-netværksnavn"},{"$i":"hotspot-open","$v":"Åben"},{"$i":"hotspot-wpa-psk","innerHTML":"WPA (TKIP)"},{"$i":"hotspot-wpa2-psk","innerHTML":"WPA2 (AES)"},{"$i":"hotspot-password-desc","$v":"Adgangskoden skal have mindst 8 tegn."},{"$i":"personalization","$v":"Generelle indstillinger"},{"$i":"sound","$v":"Lyd"},{"$i":"sound-header","$v":[{"t":"idOrVar","v":"sound"}]},{"$i":"volume","$v":"Lydstyrke"},{"$i":"tones","$v":"Lyde"},{"$i":"touch-tones","$v":"Hørbare touch-tones"},{"$i":"touch-tone-short","$v":"Kort"},{"$i":"touch-tone-long","$v":"Lang"},{"$i":"select-tone","$v":"Vælg en lyd"},{"$i":"ringtones","$v":"Ringetoner"},{"$i":"alerts","$v":"Alarmer"},{"$i":"manage-tones","$v":"Håndter ringetoner"},{"$i":"other-sounds","$v":"Andre lyde"},{"$i":"unlock-screen","$v":"Lås skærm op"},{"$i":"camera","$v":"Kamera"},{"$i":"sent-message","$v":"Sendt besked"},{"$i":"alarm-sound","$v":"Alarm"},{"$i":"ringtone-and-notification-sound","$v":"Ringetoner og meddelelser"},{"$i":"media-sound","$v":"Medie"},{"$i":"saving-tone","$v":"Gemmer…"},{"$i":"no-ringtone-app","$v":"Vi kunne ikke finde en ringetone-app til at håndtere ringetoner!"},{"$i":"display","$v":"Skærm"},{"$i":"display-header","$v":[{"t":"idOrVar","v":"display"}]},{"$i":"brightness","$v":"Lysstyrke"},{"$i":"brightness-autoAdjust","$v":"Juster automatisk"},{"$i":"lockScreen","$v":"Låseskærm"},{"$i":"wallpaper","$v":"Baggrund"},{"$i":"screen-timeout","$v":"Lås skærm:"},{"$i":"one-minute","$v":"Efter 1 minut"},{"$i":"two-minutes","$v":"Efter 2 minutter"},{"$i":"five-minutes","$v":"Efter 5 minutter"},{"$i":"ten-minutes","$v":"Efter 10 minutter"},{"$i":"never","$v":"Aldrig"},{"$i":"lock-orientation","$v":"Lås orientering"},{"$i":"navigation","$v":"Navigation"},{"$i":"navigation-header","$v":[{"t":"idOrVar","v":"navigation"}]},{"$i":"edge-swipe-navigation","$v":"Kantstrygning"},{"$i":"edge-swipe-navigation-enable-msg","$v":"Træk fra venstre eller højre kant af skærmen for at skifte mellem apps."},{"$i":"notifications","$v":"Meddelelser"},{"$i":"notifications-header","$v":[{"t":"idOrVar","v":"notifications"}]},{"$i":"lockscreen-notifications","$v":"Vis på låseskærm"},{"$i":"notifications-resend","$v":"Vis efter genstart"},{"$i":"dateAndTime","$v":"Dato og klokkeslæt"},{"$i":"dateAndTime-header","$v":[{"t":"idOrVar","v":"dateAndTime"}]},{"$i":"setTimeAutomatically","$v":"Indstil automatisk"},{"$i":"setTimeManually","$v":"Indstil manuelt"},{"$i":"timezoneMessage","$v":"Tidszone"},{"$i":"dateMessage","$v":"Dato"},{"$i":"timeMessage","$v":"Klokkeslæt"},{"$i":"selectTimezoneContinent","$v":"Vælg kontinent"},{"$i":"selectTimezone","$v":"Vælg tidszone"},{"$i":"time-format","$v":"Format"},{"$i":"time-format-time","$v":"Tidsformat"},{"$i":"hour-12","$v":"12-timer"},{"$i":"hour-24","$v":"24-timer"},{"$i":"languageAndRegion","$v":"Sprog og område"},{"$i":"language","$v":"Sprog"},{"$i":"language-header","$v":[{"t":"idOrVar","v":"language"}]},{"$i":"region","$v":"Område"},{"$i":"more-languages","$v":"Hent flere sprog"},{"$i":"sample-format","$v":"Datoformat"},{"$i":"longDateFormat","$v":"%A d. %d. %B %Y"},{"$i":"simManager","$v":"Simkort-manager"},{"$i":"simManager-header","$v":[{"t":"idOrVar","v":"simManager"}]},{"$i":"simSettings","$v":"Indstillinger for simkort"},{"$i":"sim-manager-outgoing-calls","$v":"Udgående opkald"},{"$i":"sim-manager-outgoing-call-desc","$v":"Opkald vil blive sendt fra"},{"$i":"sim-manager-outgoing-messages","$v":"Udgående beskeder"},{"$i":"sim-manager-outgoing-messages-desc","$v":"SMS vil blive sendt fra"},{"$i":"sim-manager-outgoing-data","$v":"Data"},{"$i":"sim-manager-outgoing-data-description","$v":"Dataoperatør og Marketplace-betalinger"},{"$i":"sim-manager-always-ask","$v":"Spørg altid"},{"$i":"sim-pin-locked","$v":"Pinkoden til simkortet er låst"},{"$i":"no-operator","$v":"Ingen operatør"},{"$i":"cant-disable-simcard-alert","$v":"Mindst ét simkort skal aktiveres"},{"$i":"disable-simcard-confirm","$v":["Simkortet ",{"t":"idOrVar","v":"disableCardIndex"}," kan ikke modtage opkald eller beskeder. Udgående opkald og udgående beskeder med simkortet ",{"t":"idOrVar","v":"disableCardIndex"}," vil blive deaktiveret."]},{"$i":"change-outgoing-data-confirm","$v":"Den nuværende dataoverførsel vil blive suspenderet. Fortsæt alligevel?"},{"$i":"homescreen","$v":"Startskærm"},{"$i":"vertical-homescreen-header","$v":"Startskærm"},{"$i":"vertical-homescreen-layout","$v":"Layout"},{"$i":"vertical-homescreen-icon-layout","$v":"Ikon-layout"},{"$i":"vertical-homescreen-three-columns","$v":"Tre kolonner"},{"$i":"vertical-homescreen-four-columns","$v":"Fire kolonner"},{"$i":"notice","$v":"Bemærk"},{"$i":"search","$v":"Søgning"},{"$i":"search-header","$v":"Søgning"},{"$i":"search-engine","$v":"Søgetjeneste"},{"$i":"search-suggestions","$v":"Søgeforslag"},{"$i":"search-suggestions-description","$v":"Efterhånden som du indtaster, sendes tegnene til flere søgemaskiner, og vil blive brugt til at sende dig søgeforslag. Der kan forekomme yderligere dataafgifter når denne funktion bruges."},{"$i":"homescreens","$v":"Startskærme"},{"$i":"homescreens-header","$v":[{"t":"idOrVar","v":"homescreens"}]},{"$i":"changeHomescreen","$v":"Skift startskærm"},{"$i":"changeHomescreenButton","$v":"Skift"},{"$i":"description","$v":"Beskrivelse"},{"$i":"keyboardSettings","$v":"Indstillinger for tastatur"},{"$i":"selectedKeyboards","$v":"Valgte tastaturer"},{"$i":"keyboards","$v":"Tastaturer"},{"$i":"keyboards-header","$v":[{"t":"idOrVar","v":"keyboards"}]},{"$i":"numberKeyboardLayouts","$v":"Numerisk layout"},{"$i":"optionKeyboardLayouts","$v":"Indstilling for layouts"},{"$i":"keypad","$v":"Numerisk tastatur"},{"$i":"dialpad","$v":"Opkaldstastatur"},{"$i":"selectKeyboards","$v":"Vælg tastaturer"},{"$i":"selectKeyboards-header","$v":[{"t":"idOrVar","v":"selectKeyboards"}]},{"$i":"mustHaveOneKeyboard","$v":["Mindst 1 ",{"t":"idOrVar","v":"type"}," tastatur skal vælges"]},{"$i":"keyboardType-text","$v":"tekst"},{"$i":"keyboardType-url","$v":"URL"},{"$i":"keyboardType-number","$v":"nummer"},{"$i":"defaultKeyboardEnabled","$v":[{"t":"idOrVar","v":"appName"}," ",{"t":"idOrVar","v":"layoutName"}," er angivet som standard til indput"]},{"$i":"themes","$v":"Temaer"},{"$i":"themes-header","$v":[{"t":"idOrVar","v":"themes"}]},{"$i":"fxa","$v":"Firefox-konti"},{"$i":"accounts","$v":"Konti"},{"$i":"fxa-accounts","$v":"Firefox-konti"},{"$i":"fxa-accounts-header","$v":[{"t":"idOrVar","v":"fxa-accounts"}]},{"$i":"fxa-overview","$v":"Din Firefox-konto gør det muligt at bruge funktioner som fx Find min enhed og apps som fx Firefox Marketplace."},{"$i":"fxa-invitation","$v":"Opret en konto og log ind"},{"$i":"fxa-confirm-account","$v":"Bekræft din konto"},{"$i":"fxa-verification-email-sent-msg","$v":["Vi sender en mail til: ",{"t":"idOrVar","v":"email"}]},{"$i":"fxa-please-verify","$v":"Klik på bekræftelseslinket i mailen for at bekræfte din konto."},{"$i":"fxa-cancel-confirmation","$v":"Annuller bekræftelse af konto"},{"$i":"fxa-resend-alert","$v":["Et bekræftelseslink er blevet sendt til ",{"t":"idOrVar","v":"email"},"."]},{"$i":"fxa-dont-see-email","$v":["Har du ikke fået mailen? ",{"t":"idOrVar","v":"resend"},"."]},{"$i":"fxa-resend","$v":"Send igen"},{"$i":"fxa-about","$v":"Om"},{"$i":"fxa-logged-in-text","$v":["Logget ind som ",{"t":"idOrVar","v":"email"}]},{"$i":"fxa-signed-in-header","$v":"Logget ind"},{"$i":"fxa-marketplace-app","$v":"Marketplace"},{"$i":"fxa-find-my-device-app","$v":"Find min enhed"},{"$i":"fxa-options","$v":"Indstillinger"},{"$i":"fxa-sign-out","$v":"Log ud"},{"$i":"fxa-confirm-email","$v":["Bekræft ",{"t":"idOrVar","v":"email"}]},{"$i":"findmydevice","$v":"Find min enhed"},{"$i":"findmydevice-create-account","$v":"Opret konto eller log ind"},{"$i":"findmydevice-enable","$v":"Aktiver min enhed"},{"$i":"findmydevice-about","$v":"Om Find min enhed"},{"$i":"findmydevice-enable-geolocation-prompt","$v":"Aktiver lokalisering?"},{"$i":"findmydevice-enable-geolocation-description","$v":"For at kunne se din enheds position skal du aktivere lokalisering."},{"$i":"findmydevice-geolocation-enabled","$v":"Lokalisering er aktiveret"},{"$i":"findmydevice-enable-network","$v":"Denne enhed er i øjeblikket offline. Forbind til et netværk og prøv igen."},{"$i":"findmydevice-error","$v":"Der opstod en fejl i Find min enhed."},{"$i":"findmydevice-please-try","$v":"Prøv igen."},{"$i":"findmydevice-please-tap","$v":"Tryk for at prøve igen."},{"$i":"privacyAndSecurity","$v":"Privatliv og sikkerhed"},{"$i":"passcode-lock","$v":"Kodelås"},{"$i":"passcode-lock-desc","$v":["Adgangskode: ",{"t":"idOrVar","v":"code"}]},{"$i":"screenLock","$v":"Skærmlås"},{"$i":"screenLock-header","$v":[{"t":"idOrVar","v":"screenLock"}]},{"$i":"simSecurity","$v":"Sim-sikkerhed"},{"$i":"simSecurity-header","$v":[{"t":"idOrVar","v":"simSecurity"}]},{"$i":"appPermissions","$v":"Tilladelser for apps"},{"$i":"appPermissions-header","$v":[{"t":"idOrVar","v":"appPermissions"}]},{"$i":"author","$v":"Udvikler"},{"$i":"permissions","$v":"Tilladelser"},{"$i":"revoke","$v":"Tilbagekald"},{"$i":"ask","$v":"Spørg"},{"$i":"deny","$v":"Afvis"},{"$i":"allow","$v":"Tillad"},{"$i":"uninstallApp","$v":"Afinstaller app"},{"$i":"phone","$v":"Telefon"},{"$i":"messages","$v":"Beskeder"},{"$i":"vibrate","$v":"Vibrer"},{"$i":"ring","$v":"Ring"},{"$i":"change","$v":"Skift"},{"$i":"create","$v":"Opret"},{"$i":"create-a-passcode","$v":"Opret en adgangskode"},{"$i":"passcode","$v":"Adgangskode"},{"$i":"passcode-heading","$v":"Adgangskode"},{"$i":"enter-passcode","$v":"Indtast adgangskode"},{"$i":"new-passcode","$v":"Ny adgangskode"},{"$i":"current-passcode","$v":"Nuværende adgangskode"},{"$i":"incorrect-passcode","$v":"Adgangskoden er forkert"},{"$i":"passcode-doesnt-match","$v":"Adgangskoderne er ikke ens. Prøv igen."},{"$i":"confirm-passcode","$v":"Bekræft adgangskoden"},{"$i":"immediately","$v":"Med det samme"},{"$i":"after-one-minute","$v":"Efter 1 minut"},{"$i":"after-five-minutes","$v":"Efter 5 minutter"},{"$i":"after-fifteen-minutes","$v":"Efter 15 minutter"},{"$i":"after-thirty-minutes","$v":"Efter 30 minutter"},{"$i":"after-one-hour","$v":"Efter 1 time"},{"$i":"require-passcode","$v":"Kræv adgangskode"},{"$i":"change-passcode","$v":"Skift adgangskode"},{"$i":"noSimCard","$v":"Intet simkort"},{"$i":"simPin","$v":"Pinkode til simkort"},{"$i":"simPin2","$v":"PIN2-kode til simkort"},{"$i":"simPinWithIndex","$v":["Pinkode til simkort ",{"t":"idOrVar","v":"index"}]},{"$i":"pukCode","$v":"PUK-kode"},{"$i":"puk2Code","$v":"PUK2-kode"},{"$i":"whatIsSimPin","$v":"Hvad er en pinkode til simkortet?"},{"$i":"simPinIntro1","$v":"Pinkoden til simkortet forhindrer uvedkommende at bruge simkortet til at gå på netværket. Når pinkoden er aktiveret, skal koden indtastes ved start af enheden."},{"$i":"simPinIntro2","$v":"En pinkode til simkortet er ikke det samme som en adgangskode til at låse en enhed op."},{"$i":"changeSimPin","$v":"Skift pinkode"},{"$i":"simPinChangedSuccessfully","$v":"Simkortets pinkode er ændret"},{"$i":"simPinChangedSuccessfullyWithIndex","$v":["Pinkoden på simkort ",{"t":"idOrVar","v":"index"}," er blevet ændret"]},{"$i":"pinTitle","$v":"Indtast pinkode"},{"$i":"pin2Title","$v":"PIN2-kode til simkort"},{"$i":"pukTitle","$v":"Indtast PUK-kode"},{"$i":"puk2Title","$v":"Indtast PUK2-kode"},{"$i":"newpinTitle","$v":"Ny pinkode"},{"$i":"inputCodeRetriesLeft","$v":{"one":"Sidste forsøg.","two":[{"t":"idOrVar","v":"n"}," forsøg tilbage."],"few":[{"t":"idOrVar","v":"n"}," forsøg tilbage."],"many":[{"t":"idOrVar","v":"n"}," forsøg tilbage."],"other":[{"t":"idOrVar","v":"n"}," forsøg tilbage."]},"$x":[{"t":"idOrVar","v":"plural"},"n"]},{"$i":"pinAttemptMsg3","$v":{"one":"Du har 1 forsøg tilbage til at indtaste den korrekte kode, før simkortet låses.","two":["Du har ",{"t":"idOrVar","v":"n"}," forsøg tilbage til at indtaste den korrekte kode, før simkortet låses."],"few":["Du har ",{"t":"idOrVar","v":"n"}," forsøg tilbage til at indtaste den korrekte kode, før simkortet låses."],"many":["Du har ",{"t":"idOrVar","v":"n"}," forsøg tilbage til at indtaste den korrekte kode, før simkortet låses."],"other":["Du har ",{"t":"idOrVar","v":"n"}," forsøg tilbage til at indtaste den korrekte kode, før simkortet låses."]},"$x":[{"t":"idOrVar","v":"plural"},"n"]},{"$i":"pinLastChanceMsg","$v":"Dette er din sidste mulighed for at indtaste den korrekte pinkode. Ellers låses simkortet, og du skal indtaste PUK-koden for atter at kunne bruge simkortet."},{"$i":"simCardLockedMsg","$v":"Simkortet er låst."},{"$i":"simCardBlockedMsg","$v":"Simkortet er blokeret."},{"$i":"enterPukMsg","$v":"Du skal indtaste din Personal Unlocking Key (PUK-kode) til simkortet. Tjek dokumentationen for dit simkort, eller kontakt din operatør for yderligere information."},{"$i":"enterPuk2Msg","$v":"Du skal indtaste din Personal Unlocking Key (PUK2-kode) til simkortet.Tjek dokumentationen for dit simkort, eller kontakt din operatør for yderligere information."},{"$i":"pukErrorMsg","$v":"Forkert PUK-kode."},{"$i":"pukAttemptMsg3","$v":{"one":"Du har 1 forsøg tilbage til at indtaste den korrekte PUK-kode til dette simkort, før kortet låses for bestandigt. Tjek dokumentationen for dit simkort, eller kontakt din operatør for yderligere information.","two":["Du har ",{"t":"idOrVar","v":"n"}," forsøg tilbage til at indtaste den korrekte PUK-kode til dette simkort, før kortet låses for bestandigt. Tjek dokumentationen for dit simkort, eller kontakt din operatør for yderligere information."],"few":["Du har ",{"t":"idOrVar","v":"n"}," forsøg tilbage til at indtaste den korrekte PUK-kode til dette simkort, før kortet låses for bestandigt. Tjek dokumentationen for dit simkort, eller kontakt din operatør for yderligere information."],"many":["Du har ",{"t":"idOrVar","v":"n"}," forsøg tilbage til at indtaste den korrekte PUK-kode til dette simkort, før kortet låses for bestandigt. Tjek dokumentationen for dit simkort, eller kontakt din operatør for yderligere information."],"other":["Du har ",{"t":"idOrVar","v":"n"}," forsøg tilbage til at indtaste den korrekte PUK-kode til dette simkort, før kortet låses for bestandigt. Tjek dokumentationen for dit simkort, eller kontakt din operatør for yderligere information."]},"$x":[{"t":"idOrVar","v":"plural"},"n"]},{"$i":"pukLastChanceMsg","$v":"Dette er din sidste mulighed for at indtaste en korrekt PUK-kode. Hvis du indtaster en forkert PUK-kode, vil dit simkort blive låst for bestandigt. Tjek dokumentationen for dit simkort, eller kontakt din operatør for yderligere information."},{"$i":"newSimPinMsg","$v":"Opret en ny pinkode (4 til 8 cifre)"},{"$i":"newSimPin2Msg","$v":"Opret en ny PIN2-kode (4 til 8 cifre)"},{"$i":"confirmNewSimPinMsg","$v":"Bekræft ny pinkode"},{"$i":"confirmNewSimPin2Msg","$v":"Bekræft ny PIN2-kode"},{"$i":"newPinErrorMsg","$v":"Pinkoderne er ikke ens"},{"$i":"simLockedPhone","$v":"Telefonen er simlåst"},{"$i":"unknownSimCardState","$v":"Ukendt simtilstand"},{"$i":"simCardNotReady","$v":"Simkortet er ikke klart"},{"$i":"simCardIllegal","$v":"Uautoriseret simkort"},{"$i":"doNotTrack","$v":"Spor mig ikke"},{"$i":"doNotTrack-header","$v":[{"t":"idOrVar","v":"doNotTrack"}]},{"$i":"doNotTrackActions","$v":"Fortæl websteder og apps, at jeg ikke vil spores"},{"$i":"allowTracking","$v":"Fortæl websteder og apps, at jeg vil spores"},{"$i":"doNotHavePrefOnTracking","$v":"Fortæl ikke websteder og apps om mine sporingsindstillinger"},{"$i":"doNotTrack-dt","$v":"Hvordan virker spor mig ikke?"},{"$i":"doNotTrack-dd1","$v":"Når du aktiverer spor mig ikke, vil din enhed fortælle websteder og apps (samt annoncører og andre indholdsleverandører), at du ikke vil spores."},{"$i":"doNotTrack-dd2","$v":"Aktivering af spor mig ikke vil ikke påvirke din mulighed for at logge ind på websteder, eller få din enhed til at glemme private oplysninger, såsom indhold i en indkøbsvogn, positionsinfo eller logins."},{"$i":"browsingPrivacy","$v":"Browserprivatliv"},{"$i":"browsingPrivacy-header","$v":[{"t":"idOrVar","v":"browsingPrivacy"}]},{"$i":"confirm-clear-title","$v":"Bekræft"},{"$i":"clear-browsing-history","$v":"Ryd browserhistorik"},{"$i":"confirm-clear-browsing-history","$v":"Ryd browserhistorik?"},{"$i":"clear-cookies-and-stored-data","$v":"Ryd cookies og gemte data"},{"$i":"confirm-clear-cookies-and-stored-data","$v":"Ryd cookies og andre gemte data, som websites har gemt på denne enhed?"},{"$i":"clear","$v":"Ryd"},{"$i":"privacy-controls","$v":"Privatlivsindstillinger"},{"$i":"no-privacy-panel","$v":"Der blev ikke fundet en app til privatlivsindstillinger"},{"$i":"storage","$v":"Lager"},{"$i":"enableUSBStorage1","$v":"USB-lager"},{"$i":"umsUnplugToDisable","$v":"Frakobl USB-kabel for at deaktivere"},{"$i":"appStorage","$v":"Apps-lager"},{"$i":"appStorage-header","$v":[{"t":"idOrVar","v":"appStorage"}]},{"$i":"storageSize","$v":[{"t":"idOrVar","v":"size"}," ",{"t":"idOrVar","v":"unit"}]},{"$i":"availableSize","$v":{"zero":[{"t":"idOrVar","v":"size"}," ",{"t":"idOrVar","v":"unit"}," tilgængelig"],"one":[{"t":"idOrVar","v":"size"}," ",{"t":"idOrVar","v":"unit"}," tilgængelig"],"two":[{"t":"idOrVar","v":"size"}," ",{"t":"idOrVar","v":"unit"}," tilgængelig"],"few":[{"t":"idOrVar","v":"size"}," ",{"t":"idOrVar","v":"unit"}," tilgængelig"],"many":[{"t":"idOrVar","v":"size"}," ",{"t":"idOrVar","v":"unit"}," tilgængelig"],"other":[{"t":"idOrVar","v":"size"}," ",{"t":"idOrVar","v":"unit"}," tilgængelig"]},"$x":[{"t":"idOrVar","v":"plural"},"size"]},{"$i":"apps-total-space","$v":"Samlet plads"},{"$i":"apps-used-space","$v":"Benyttet"},{"$i":"apps-free-space","$v":"Tilgængelig"},{"$i":"storage-details","$v":"Billeder, videoer og musik gemmes separat fra dine apps. Se medielager for detaljer."},{"$i":"ums-shared-volumes","$v":[{"t":"idOrVar","v":"list"}," delt"]},{"$i":"transferProtocol-header","$v":"Overførselsprotokol"},{"$i":"protocol-mtp","$v":"Overførselsprotokol til media (MTP)"},{"$i":"protocol-ums","$v":"Protokol til USB-lager (UMS)"},{"$i":"mediaStorage","$v":"Medielager"},{"$i":"mediaStorage-header","$v":[{"t":"idOrVar","v":"mediaStorage"}]},{"$i":"storage-name-internal","$v":"Internt lager"},{"$i":"storage-name-external-0","$v":"SD-kort-lager"},{"$i":"storage-name-external-1","$v":"SD-kort-lager 2"},{"$i":"short-storage-name-internal","$v":"Internt"},{"$i":"short-storage-name-external-0","$v":"SD-kort"},{"$i":"short-storage-name-external-1","$v":"SD-kort 2"},{"$i":"music-space","$v":"Musik"},{"$i":"pictures-space","$v":"Billeder"},{"$i":"videos-space","$v":"Film"},{"$i":"left-space","$v":"Ledig plads"},{"$i":"free-space","$v":"Ledig plads"},{"$i":"total-space","$v":"Plads i alt"},{"$i":"size-not-available","$v":"Ukendt"},{"$i":"no-storage","$v":"Intet lager fundet"},{"$i":"advanced","$v":"Avanceret"},{"$i":"ums-warning-title","$v":"Aktiver USB-lager?"},{"$i":"default-media-location","$v":"Standardplacering af filer"},{"$i":"default-media-location-msg","$v":"Vælg hvor billeder, videoer, musik og filhentninger som standard skal gemmes."},{"$i":"change-default-media-location-confirmation","$v":"Ændring af standardplaceringen for mediefiler vil påvirke, hvor alle mediefiler fremover gemmes som standard. Eksisterende filer vil forblive på deres nuværende plads. Vil du fortsætte?"},{"$i":"eject-sdcard-external-0","$v":"Skub SD-kort ud"},{"$i":"eject-sdcard-external-1","$v":"Skub SD-kort 2 ud"},{"$i":"format-sdcard-internal","$v":"Formater internt lager"},{"$i":"format-sdcard-external-0","$v":"Formater SD-kort"},{"$i":"format-sdcard-external-1","$v":"Formater SD-kort 2"},{"$i":"formatting","$v":"Formatterer..."},{"$i":"unmount-sdcard-confirmation","$v":"Du vil ikke kunne få adgang til data på SD-kortet, når du afmonterer det. Vil du fortsætte?"},{"$i":"format-sdcard-title","$v":"Formater SD-kort"},{"$i":"format-sdcard-message","$v":"Dette vil slette alle data på SD-kortet, fx musik og billeder."},{"$i":"format-sdcard-internal-title","$v":"Formatér internt lager"},{"$i":"format-sdcard-internal-message","$v":"Dette vil slette alle data, der opbevares på dit interne lager, såsom musik og billeder."},{"$i":"format-sdcard-btnformat","$v":"Formater"},{"$i":"sdcardUnmounted","$v":"SD-kort afmonteret"},{"$i":"device","$v":"Enhed"},{"$i":"help","$v":"Hjælp"},{"$i":"deviceInfo","$v":"Enhedsinformation"},{"$i":"deviceInfo-header","$v":[{"t":"idOrVar","v":"deviceInfo"}]},{"$i":"deviceInfo-IMEI","$v":"IMEI"},{"$i":"deviceInfo-ICCID","$v":"ICCID"},{"$i":"deviceInfo-MSISDN","$v":"Telefonnummer"},{"$i":"deviceInfo-ICCID-unavailable-sim","$v":["Simkort ",{"t":"idOrVar","v":"index"},": Ikke tilgængeligt"]},{"$i":"downloads","$v":"Filhentninger"},{"$i":"downloads-header","$v":[{"t":"idOrVar","v":"downloads"}]},{"$i":"unknown-phoneNumber","$v":"Ukendt"},{"$i":"unknown-phoneNumber-sim","$v":["Simkort ",{"t":"idOrVar","v":"index"},": Ukendt"]},{"$i":"gitInfo","$v":"Git commit-info"},{"$i":"developer","$v":"Udvikler"},{"$i":"developer-header","$v":[{"t":"idOrVar","v":"developer"}]},{"$i":"hud-settings-button","$v":"Udviklerpanel"},{"$i":"hud-settings-header","$v":[{"t":"idOrVar","v":"hud-settings-button"}]},{"$i":"hud-devtools","$v":"Udviklerværktøjer"},{"$i":"hud-devtools-header","$v":[{"t":"idOrVar","v":"hud-devtools"}]},{"$i":"hud-logging","$v":"Logfør ændringer i ADB"},{"$i":"hud-system","$v":"Vis systempanel"},{"$i":"hud-problems","$v":"Problemer"},{"$i":"hud-warnings","$v":"Advarsler"},{"$i":"hud-errors","$v":"Fejl"},{"$i":"hud-security","$v":"Sikkerhedsproblemer"},{"$i":"hud-performance","$v":"Ydelse"},{"$i":"hud-reflows","$v":"Reformateringer"},{"$i":"hud-jank","$v":"JavaScript Jank"},{"$i":"jank-threshold","$v":"Grænse for JavaScript Jank"},{"$i":"hud-fps","$v":"Antal billeder pr. sek."},{"$i":"hud-ttl","$v":"Indlæsningstid"},{"$i":"hud-memory","$v":"Hukommelse"},{"$i":"hud-uss","$v":"Unik sætstørrelse"},{"$i":"hud-appmemory","$v":"App-hukommelse"},{"$i":"hud-jsobjects","$v":"JS-objekter"},{"$i":"hud-jsstrings","$v":"JS-strenge"},{"$i":"hud-jsother","$v":"JS-andet"},{"$i":"hud-dom","$v":"DOM"},{"$i":"hud-style","$v":"Style"},{"$i":"hud-other","$v":"Andet"},{"$i":"software","$v":"Program"},{"$i":"devSettings","$v":"Udviklerindstillinger"},{"$i":"debug","$v":"Debug"},{"$i":"developer-menu","$v":"Udviklermenu"},{"$i":"developer-tools","$v":"Udviklerværktøjer"},{"$i":"graphics","$v":"Grafik"},{"$i":"hardware-composer","$v":"Hardware-composer"},{"$i":"paint-flashing","$v":"Vis genoptegnede områder"},{"$i":"dumps-layers","$v":"Dump layer-træ"},{"$i":"dumps-layerscope","$v":"Dump layer-område"},{"$i":"apz-overscroll","$v":"Overrul"},{"$i":"tiling","$v":"Fliser"},{"$i":"low-precision","$v":"Optegning med lav nøjagtighed"},{"$i":"low-opacity","$v":"Gennemsigtighed med lav nøjagtighed"},{"$i":"draw-tile-borders","$v":"Optegn flisekanter"},{"$i":"draw-layer-borders","$v":"Optegn lagkanter"},{"$i":"log-animations","$v":"Log sløve animationer"},{"$i":"remote-debugging-usb","$v":"Debugging via USB"},{"$i":"dev-tools-wifi","$v":"Udviklerværktøjer via wi-fi"},{"$i":"dev-tools-qps","$v":"Pseudosprog"},{"$i":"debugger-disabled","$v":"Deaktiveret"},{"$i":"debugger-adb-only","$v":"Kun ADB"},{"$i":"debugger-adb-and-devtools","$v":"ADB og udviklerværktøjer"},{"$i":"wifi-debugging","$v":"Output fra wi-fi i ADB"},{"$i":"bluetooth-debugging","$v":"Output fra Bluetooth i ADB"},{"$i":"bluetooth-snoop-debugging","$v":"Bluetooth HCI sniffing logs to sdcard"},{"$i":"nfc-debugging","$v":"Output fra NFC i ADB"},{"$i":"ril-debugging","$v":"RIL output in ADB"},{"$i":"console-enabled","$v":"Konsol aktiveret"},{"$i":"cards-view-screenshots","$v":"Kortvisning: skærmklip"},{"$i":"geolocation-debugging-enabled","$v":"Output fra position i ADB"},{"$i":"geolocation-debugging-gps-locations-ignored","$v":"Ignorér GPS-positioner"},{"$i":"use-reviewer-certs","$v":"Brug Marketplace-certifikater"},{"$i":"shake-to-log","$v":"Ryst for at gemme systemlog"},{"$i":"model-name","$v":"Model"},{"$i":"os-version","$v":"OS-version"},{"$i":"firmware_revision","$v":"Firmware-revision"},{"$i":"hardware_revision","$v":"Hardware-revision"},{"$i":"platform_version","$v":"Platform-version"},{"$i":"build-id","$v":"Build-identifikator"},{"$i":"update-channel","$v":"Opdateringskanal"},{"$i":"build_number","$v":"Build-nummer"},{"$i":"update-url","$v":"Opdaterings-URL"},{"$i":"last-updated","$v":"Seneste opdatering"},{"$i":"more-info","$v":"Mere information"},{"$i":"more-info-header","$v":[{"t":"idOrVar","v":"more-info"}]},{"$i":"softwareUpdates","$v":"Programopdateringer"},{"$i":"check-update-daily","$v":"Dagligt"},{"$i":"check-update-weekly","$v":"Ugentligt"},{"$i":"check-update-monthly","$v":"Månedligt"},{"$i":"check-for-updates","$v":"Søg efter opdateringer"},{"$i":"check-update-now","$v":"Søg nu"},{"$i":"update-status","$v":"Opdateringsstatus"},{"$i":"no-network-when-update","$v":"Forbind til internettet for at fortsætte med din opdatering."},{"$i":"checking-for-update","$v":"Søger efter opdateringer…"},{"$i":"no-updates","$v":"Ingen opdateringer fundet"},{"$i":"retry-when-online","$v":"Enheden er offline. Vil kontrollere igen, når enheden er online."},{"$i":"already-latest-version","$v":["Du har allerede den seneste version af ",{"t":"idOrVar","v":"brandShortName"}]},{"$i":"check-error","$v":"Der opstod en fejl ved søgning efter opdateringer"},{"$i":"aboutBrowserOS","$v":["Om ",{"t":"idOrVar","v":"brandShortName"}]},{"$i":"browser-os-desc","$v":[{"t":"idOrVar","v":"brandShortName"}," er det gratis og open source styresystem fra Mozilla. Vores mission er at fremme åbenhed, innovation og muligheder ved at lade dig styre web'ets kræfter."]},{"$i":"learn-more","$v":"Læs mere"},{"$i":"reset-head","$v":"Nulstil"},{"$i":"reset-warning-title","$v":"ADVARSEL!"},{"$i":"unlock-privileges","$v":"Lås op for rettigheder"},{"$i":"reset-devtools","$v":"Nulstil og aktivér alle uviklingsværktøjer"},{"$i":"reset-devtools-warning-title","$v":"FORSIGTIG"},{"$i":"your-rights","$v":"Dine rettigheder"},{"$i":"your-rights-header","$v":[{"t":"idOrVar","v":"your-rights"}]},{"$i":"about-your-rights-0","$v":[{"t":"idOrVar","v":"brandShortName"}," er gratis og open source software, skabt af et fællesskab af tusindvis af mennesker over hele kloden. Der er et par ting, som du bør vide:"]},{"$i":"about-your-rights-1","$v":[{"t":"idOrVar","v":"brandShortName"}," er omfattet af flere forskellige open source-licenser, inklusive Mozilla Public License. En enhed med ",{"t":"idOrVar","v":"brandShortName"}," kan også indeholde proprietær software fra tredjepart. Enhver kode omfattet af en open source-licens giver dig ret til at ændre i koden og distribuere din version, så længe du overholder dens betingelser."]},{"$i":"about-your-rights-2","$v":["Du har ikke ret til at bruge varemærker fra Mozilla Foundation eller andre, hvilket inkluderer navn og logo for ",{"t":"idOrVar","v":"brandShortName"},"."]},{"$i":"about-your-rights-3","$v":["Nogle funktioner i ",{"t":"idOrVar","v":"brandShortName"},", fx fejlrapportering, giver dig mulighed for at sende feedback til Mozilla. Hvis du vælger at sende feedback, giver du Mozilla tilladelse til at bruge feedbacken til at forbedre sine produkter, at offentliggøre feedbacken på sine websider og at videredistribuere feedbacken frit."]},{"$i":"about-legal-info","$v":"Juridiske bemærkninger"},{"$i":"about-credit-info","$v":"Tak til"},{"$i":"about-legal-info-header","$v":[{"t":"idOrVar","v":"about-legal-info"}]},{"$i":"open-source-notices","$v":"Open Source-bemærkninger"},{"$i":"open-source-notices-header","$v":"Licens"},{"$i":"obtaining-source-code","$v":"Sådan får du kildekoden"},{"$i":"obtaining-source-code-header","$v":[{"t":"idOrVar","v":"obtaining-source-code"}]},{"$i":"about-mozilla","$v":"Mozilla"},{"$i":"about-other","$v":"Andre"},{"$i":"your-privacy","$v":"Dit privatliv"},{"$i":"your-privacy-header","$v":[{"t":"idOrVar","v":"your-privacy"}]},{"$i":"licensing-1","$v":"Den kompilerede kode af dette produkt er fremstillet af Mozilla Project, under Mozilla Public License 2.0 (MPL).  Kend dine rettigheder"},{"$i":"licensing-2","$v":"Al kildekode til dette produkt er tilgængelig under licenseer som er både gratis og open source. Størstedelen af koden er tilgængelig under Mozilla Public License 2.0 (MPL)."},{"$i":"licensing-3","$v":"Kode, som ikke er tilgængelig under Mozilla Public License 2.0 MPL, er tilgængelig under en række andre licenser. De licenser, som kræver gengivelse af licensteksten, nævnes nedenfor. (Bemærk: Din kopi af produktet indeholder måske ikke kode, som hører under en eller flere af de nedenstående licenser. Det afhænger af produktet og den valgte version.)"},{"$i":"licensing-MPL","$v":"Mozilla Public License 2.0"},{"$i":"licensing-Apache","$v":"Apache License 2.0"},{"$i":"launch-ftu","$v":"Start Kom godt i gang"},{"$i":"no-ftu","$v":"Kom godt i gang-app ikke fundet"},{"$i":"software-home-button","$v":"Software-hjemknap"},{"$i":"home-gesture","$v":"Hjem-bevægelse"},{"$i":"continuous-transition","$v":"Kontinuerlig overgang"},{"$i":"debug-gaia-enabled","$v":"Gaia debug-traces"},{"$i":"showScreenReaderSettings","$v":"Vis indstillinger for skærmlæser"},{"$i":"app-transition","$v":"App-overgang"},{"$i":"app-suspending","$v":"App-suspension"},{"$i":"copypaste","$v":"Kopier/indsæt"},{"$i":"verbose-app-permissions","$v":"Detaljerede app-tilladelser"},{"$i":"window-management","$v":"Vindueshåndtering"},{"$i":"downloads-edit","$v":"Rediger hentninger"},{"$i":"downloads-select-all","$v":"Marker alle"},{"$i":"downloads-deselect-all","$v":"Fjern markeringer"},{"$i":"downloads-delete","$v":"Slet"},{"$i":"battery","$v":"Batteri"},{"$i":"battery-header","$v":[{"t":"idOrVar","v":"battery"}]},{"$i":"batteryLevel","$v":"Niveau"},{"$i":"batteryLevel-percent-unplugged","$v":[{"t":"idOrVar","v":"level"},"%"]},{"$i":"batteryLevel-percent-charging","$v":[{"t":"idOrVar","v":"level"},"% (oplader)"]},{"$i":"batteryLevel-percent-charged","$v":[{"t":"idOrVar","v":"level"},"% (opladt)"]},{"$i":"powerSaveModeTitle","$v":"Strømsparetilstand"},{"$i":"powerSaveMode","$v":"Strømsparetilstand"},{"$i":"powerSave-threshold","$v":[{"t":"idOrVar","v":"level"},"% batteri tilbage"]},{"$i":"turnOnAuto","$v":"Aktiver automatisk"},{"$i":"accessibility","$v":"Tilgængelighed"},{"$i":"accessibility-header","$v":[{"t":"idOrVar","v":"accessibility"}]},{"$i":"screenReader","$v":"Skærmlæser"},{"$i":"screenReader-header","$v":[{"t":"idOrVar","v":"screenReader"}]},{"$i":"screenReader-toggle","$v":[{"t":"idOrVar","v":"screenReader"}]},{"$i":"colorFilter","$v":"Farvefilter"},{"$i":"colorFilter-header","$v":[{"t":"idOrVar","v":"colorFilter"}]},{"$i":"colorFilter-toggle","$v":[{"t":"idOrVar","v":"colorFilter"}]},{"$i":"screenReader-captions","$v":"Vis tale"},{"$i":"screenReader-enable-msg","$v":"Når skærmlæseren er aktiveret, vil din enhed give verbal feedback som hjælp til blinde og svagtseende brugere."},{"$i":"screen-reader-speech-volume","$v":"Talestyrke"},{"$i":"screen-reader-speech-rate","$v":"Talehastighed"},{"$i":"screenReader-confirm-title-start","$v":"Start skærmlæser?"},{"$i":"screenReader-confirm-description-start","$v":"Aktivering af skærmlæseren vil ændre funktionen af din berøringsfølsomme skærm. Berør et sted på skærmen for at høre om det under din finger, og dobbelttryk for at aktivere det."},{"$i":"screenReader-confirm-button-start","$v":"Start"},{"$i":"screenReader-confirm-title-stop","$v":"Stop skærmlæser?"},{"$i":"screenReader-confirm-description-stop","$v":"Stopper du skærmlæseren, vil du stoppe verbal feedback."},{"$i":"screenReader-confirm-button-stop","$v":"Stop"},{"$i":"colorFilter-invert","$v":"Negative farver"},{"$i":"colorFilter-grayscale","$v":"Gråtoner"},{"$i":"colorFilter-contrast","$v":"Kontrast"},{"$i":"improveBrowserOS","$v":["Gør ",{"t":"idOrVar","v":"brandShortName"}," bedre"]},{"$i":"improveBrowserOSTitle","$v":["Gør ",{"t":"idOrVar","v":"brandShortName"}," bedre"]},{"$i":"sendMozillaFeedback","$v":"Send feedback til Mozilla"},{"$i":"performanceAndUsageData","$v":"Brug- og ydelsesdata"},{"$i":"sharePerformanceAndUsageData","$v":"Send data"},{"$i":"appUsageByRegion","$v":"App usage by region"},{"$i":"crashReports","$v":"Fejlrapporter"},{"$i":"crashReports-header","$v":[{"t":"idOrVar","v":"crashReports"}]},{"$i":"crashReportInfo","$v":"Ved at sende en fejlrapport, hvis telefonen går ned, hjælper du os med at rette fejlen. Fejlrapporter sendes kun over wi-fi."},{"$i":"alwaysSendReport","$v":"Send altid fejlrapport"},{"$i":"neverSendReport","$v":"Send aldrig fejlrapport"},{"$i":"askToSendReport2","$v":"Spørg hver gang"},{"$i":"crash-reports-description-1","$v":"En fejlrapport indeholder oplysninger om fejlen og din enhed samt et øjebliksbillede af din enhed da fejlen opstod."},{"$i":"crash-reports-description-2","$v":"Dette kan inkludere ting som åbne sider og apps, tekst indtastet i formularer og indhold i åbne mails og beskeder, nylig historik fra browseren eller position som bruges i en åben app."},{"$i":"crash-reports-description-3-start","$v":"Vi bruger fejlrapporter til at forbedre vores produkter. Du kan læse, hvordan vi behandler dine informationer, i vores "},{"$i":"crash-reports-description-3-privacy","$v":"privatlivspolitik"},{"$i":"crash-reports-description-3-end","$v":"."},{"$i":"sendFeedbackTitle","$v":"Indsend feedback"},{"$i":"feedback-description","$v":"Din mening vil hjælpe os med at forbedre Firefox OS."},{"$i":"feedback-happy","$v":"Glad"},{"$i":"feedback-sad","$v":"Bedrøvet"},{"$i":"feedback-mood-description","$v":"Hvad er du?"},{"$i":"feedback_whyfeel_happy","$v":"Hvorfor er du glad?"},{"$i":"feedback_whyfeel_sad","$v":"Hvorfor er du bedrøvet?"},{"$i":"feedback-mood-explain","$v":"Fortæl mere detaljeret her."},{"$i":"feedback-public-description","$v":"Indholdet i din feedback vil være offentlig tilgængelig, så sørg for ikke at inkludere personlige oplysninger."},{"$i":"feedback-contactyou","$v":"Marker her, hvis vi må kontakte dig via mail."},{"$i":"email-address1","$v":"Mailadresse:"},{"$i":"email-keepprivate","$v":"Bare rolig, din mailadresse offentliggøres ikke."},{"$i":"feedback-sendbtn","$v":"Send Feedback"},{"$i":"feedback-errormessage-connect-error","$v":"Det er ikke muligt at sende din feedback på grund af en forbindelsesfejl. Prøv igen, når der er forbindelse."},{"$i":"feedback-errormessage-server-off","$v":"Det er ikke muligt at sende din feedback på grund af en fejl på serveren. Vent et øjeblik og prøv igen."},{"$i":"feedback-errormessage-timeout","$v":"Det er ikke muligt at sende din feedback på grund af en time-out. Genstart og prøv igen."},{"$i":"feedback-errormessage-wrong-email","$v":"Det er ikke muligt at sende din feedback, fordi der mangler en mailadresse eller på grund af en formateringsfejl. Benyt en gyldig mailadresse og prøv igen."},{"$i":"feedback-errormessage-empty-comment","$v":"Det er ikke muligt at sende din feedback, fordi kommentarfeltet er tomt. Indtast en kommentar og prøv igen."},{"$i":"feedback-errormessage-just-sent","$v":"Det er ikke muligt at sende din feedback, fordi du tidligere har sendt os din feedback. Du kan sende en ny feedback i næste version af programmet."},{"$i":"feedback-complete-msg","$v":"Tak for din feedback! Vi vil bruge den til forbedre kommende udgaver af Firefox OS."},{"$i":"online-support","$v":"Online support:"},{"$i":"call-support","$v":"Telefonisk support:"},{"$i":"user-guide","$v":"Brugermanual"},{"$i":"default-support","$v":"Kontakt din operatør for support."},{"$i":"operatorServices","$v":"Operatørtjenester"},{"$i":"operatorServices-help","$v":"Hjælp"},{"$i":"operatorServices-helpmenu","$v":"Hjælp-menu"},{"$i":"stkAppsNotAvailable","$v":"Simkort-programmer er ikke tilgængelige."},{"$i":"simToolkit","$v":"Simværktøj"},{"$i":"stkItemsNaiSetUpCall","$v":"Opsætning af opkald"},{"$i":"stkItemsNaiSendSs","$v":"Send SS"},{"$i":"stkItemsNaiSendUssd","$v":"Send USSD"},{"$i":"stkItemsNaiSendSms","$v":"Send SMS"},{"$i":"stkItemsNaiSendDtmf","$v":"Send DTMF"},{"$i":"stkItemsNaiLaunchBrowser","$v":"Start Browser"},{"$i":"stkItemsNaiPlayTone","$v":"Afspil tone"},{"$i":"stkItemsNaiDisplayText","$v":"Vis tekst"},{"$i":"stkItemsNaiGetInkey","$v":"Hent Inkey"},{"$i":"stkItemsNaiGetInput","$v":"Hent Input"},{"$i":"stkItemsNaiSelectItem","$v":"Vælg objekt"},{"$i":"stkItemsNaiSetUpMenu","$v":"Opsætning af menu"},{"$i":"stkItemsNaiProvideLocalInfo","$v":"Lever lokal info"},{"$i":"stkItemsNaiSetIdleModeText","$v":"Opsæt pause-tekst"},{"$i":"stkItemsNaiPerformCardApdu","$v":"Udfør smartkort-APDU"},{"$i":"stkItemsNaiPowerOnCard","$v":"Slå strømmen til for smartkort"},{"$i":"stkItemsNaiPowerOffCard","$v":"Slå strømmen fra for smartkort"},{"$i":"stkItemsNaiGetReaderStatus","$v":"Hent status for smartkortlæser"},{"$i":"stkItemsNaiOpenChannel","$v":"Åbn kanal"},{"$i":"stkItemsNaiCloseChannel","$v":"Luk kanal"},{"$i":"stkItemsNaiReceiveData","$v":"Modtag data"},{"$i":"stkItemsNaiSendData","$v":"Send data"},{"$i":"stkItemsNaiGetChannelStatus","$v":"Hent kanalstatus"},{"$i":"stkItemsNaiEndOfTheProactiveSession","$v":"Afslutning af den proaktive session"},{"$i":"is-warning-storage-header","$v":"USB-lager"},{"$i":"is-warning-tethering-header","$v":"USB-netdeling"},{"$i":"is-warning-wifi-header","$v":"Wi-fi-hotspot"},{"$i":"is-warning-storage-tethering-message","$v":"Aktivering af USB-lager vil deaktivere USB-netdeling. Vil du aktivere USB-lager?"},{"$i":"is-warning-tethering-storage-message","$v":"Aktivering af USB-netdeling vil deaktivere USB-lager. Vil du aktivere USB-netdeling?"},{"$i":"is-warning-tethering-wifi-message","$v":"Aktivering af USB-netdeling vil deaktivere wi-fi-hotspot. Vil du aktivere USB-netdeling?"},{"$i":"is-warning-wifi-tethering-message","$v":"Aktivering af Wi-Fi-hotspot vil deaktivere USB-netdeling. Vil du aktivere wi-fi-hotspot?"},{"$i":"settings-dialog-alert","$v":"Advarsel"},{"$i":"settings-dialog-confirm","$v":"Bekræft"},{"$i":"settings-dialog-prompt","$v":"Spørg"},{"$i":"settings-alert-dialog-header","$v":[{"t":"idOrVar","v":"settings-dialog-alert"}]},{"$i":"settings-confirm-dialog-header","$v":[{"t":"idOrVar","v":"settings-dialog-confirm"}]},{"$i":"settings-prompt-dialog-header","$v":[{"t":"idOrVar","v":"settings-dialog-prompt"}]},{"$i":"addons","$v":"Addons"},{"$i":"addons-header","$v":[{"t":"idOrVar","v":"addons"}]},{"$i":"change-device-name","$v":"Skift telefonnavn"},{"$i":"internetSharing-usb-desc","$v":"Del min telefons internetforbindelse med en enhed forbundet via USB."},{"$i":"internetSharing-wifi-desc","$v":"Tillad andre enheder at dele min telefons internetforbindelse ved at oprette forbindelse via wi-fi."},{"$i":"unplayable-ringtone","$v":"Ringetonen blev ikke ændret, fordi den valgte fil ikke kan afspilles på denne telefon."},{"$i":"findmydevice-signup-description","$v":"Find min enhed gør det muligt at lokalisere og låse din mobil og slette indholdet på den"},{"$i":"findmydevice-settings-description","$v":"Find min enhed gør det muligt fra et websted at lokalisere og låse din mobil og slette indholdet på den:"},{"$i":"findmydevice-active-tracking","$v":"Din telefon bliver sporet af en anden enhed via webstedet."},{"$i":"findmydevice-not-tracking","$v":"Ingen enheder sporer din telefon via webstedet."},{"$i":"ums-confirm","$v":"Vælger du at aktivere USB-lager, kan en computer eller en anden enhed, som er forbundet med et USB-kabel, få adgang til filer på denne telefon."},{"$i":"reset-device","$v":"Nulstil telefon"},{"$i":"reset-warning-body","$v":"Nulstilling vil slette alle dine data, inklusive alle apps du har købt. Telefonen vil blive nulstillet til fabriksindstillingerne. Dine indstillinger og data vil ikke blive gemt."},{"$i":"reset-devtools-warning-body","$v":"Nulstilling vil slette alle dine data, inklusive alle apps du har købt. Ingen af dine indstillinger og data vil blive gemt. Men din telefon vil få ubegrænsede udviklingsværktøjer, der giver dig mulighed for at ændre og debugge systemprogrammer."},{"$i":"powerSave-explanation","$v":"Ved aktivering af strømsparetilstand deaktiveres telefonens data- Bluetooth- og positionsforbindelser for at forlænge batteriets levetid. Du kan stadig aktivere disse tjenester manuelt."},{"$i":"performanceAndUsageDataInfo","$v":["Hjælp os med at forbedre ",{"t":"idOrVar","v":"brandShortName"}," ved at dele data om din telefon, og hvordan du bruger den."]},{"$i":"device-status-connected-device","$v":"Forbundet til telefonens lyd"},{"$i":"device-status-connected-device-media","$v":"Forbundet til telefon-/medie-lyd"}]