[{"$i":"stopped_download_title","$v":"Download angehalten"},{"$i":"stopped_download_message","$v":"Download wurde angehalten. Download erneut versuchen?"},{"$i":"stopped_download_left_button","$v":"Abbrechen"},{"$i":"stopped_download_right_button","$v":"Erneut versuchen"},{"$i":"failed_download_title","$v":"Download fehlgeschlagen"},{"$i":"failed_download_message","$v":["Der Download von ",{"t":"idOrVar","v":"name"}," schlug fehl. Erneut versuchen?"]},{"$i":"failed_download_left_button","$v":"Abbrechen"},{"$i":"failed_download_right_button","$v":"Erneut versuchen"},{"$i":"stop_download_title","$v":"Download anhalten"},{"$i":"stop_download_message","$v":"Soll der Download wirklich angehalten werden?"},{"$i":"stop_download_left_button","$v":"Nein"},{"$i":"stop_download_right_button","$v":"Ja"},{"$i":"delete_download_title","$v":"Löschen"},{"$i":"delete_download_message","$v":[{"t":"idOrVar","v":"name"}," löschen?"]},{"$i":"delete_download_left_button","$v":"Abbrechen"},{"$i":"delete_download_right_button","$v":"Löschen"},{"$i":"delete_all_download_title","$v":"Löschen"},{"$i":"delete_all_download_left_button","$v":"Abbrechen"},{"$i":"delete_all_download_right_button","$v":"Löschen"},{"$i":"delete_all_download_message","$v":{"zero":"Keine Datei löschen?","one":"Eine Datei löschen?","two":[{"t":"idOrVar","v":"number"}," Dateien löschen?"],"few":[{"t":"idOrVar","v":"number"}," Dateien löschen?"],"many":[{"t":"idOrVar","v":"number"}," Dateien löschen?"],"other":[{"t":"idOrVar","v":"number"}," Dateien löschen?"]},"$x":[{"t":"idOrVar","v":"plural"},"number"]},{"$i":"unsupported_file_type_download_title","$v":"Kann nicht geöffnet werden"},{"$i":"unsupported_file_type_download_message","$v":["Keine App kann ",{"t":"idOrVar","v":"name"}," öffnen. Soll die Datei gespeichert oder gelöscht werden?"]},{"$i":"unsupported_file_type_download_left_button","$v":"Datei behalten"},{"$i":"unsupported_file_type_download_right_button","$v":"Löschen"},{"$i":"file_not_found_download_title","$v":"Datei nicht gefunden"},{"$i":"file_not_found_download_message","$v":"Die Datei wurde auf dem Gerät nicht gefunden."},{"$i":"file_not_found_download_right_button","$v":"OK"},{"$i":"unmounted_sdcard_2_download_title","$v":"Speicherkarte wird benutzt"},{"$i":"unmounted_sdcard_2_download_message","$v":"Ziehen Sie das Telefon ab."},{"$i":"unmounted_sdcard_2_download_right_button","$v":"OK"},{"$i":"no_provider_download_title","$v":"Weitergabe nicht möglich"},{"$i":"no_provider_download_message","$v":"Kein Anbieter gefunden"},{"$i":"no_provider_download_right_button","$v":"OK"},{"$i":"no_memory_download_title","$v":"Speicherkarte voll"},{"$i":"no_memory_download_message","$v":"Der freie Platz auf der Speicherkarte reicht nicht aus, um den Download abzuspeichern. Löschen Sie einige Dateien, bevor Sie den Download neu starten."},{"$i":"no_memory_download_right_button","$v":"OK"},{"$i":"no_sdcard_found_2_download_title","$v":"Keine Speicherkarte gefunden"},{"$i":"no_sdcard_found_2_download_message","$v":"Legen Sie eine Speicherkarte ein oder wählen Sie einen anderen Standard-Medienspeicher in den Einstellungen."},{"$i":"no_sdcard_found_2_download_right_button","$v":"OK"},{"$i":"file_open_error_download_title","$v":"Kann nicht geöffnet werden"},{"$i":"file_open_error_download_message","$v":["Beim Öffnen von ",{"t":"idOrVar","v":"name"}," trat ein Problem auf. Soll die Datei gespeichert oder gelöscht werden?"]},{"$i":"file_open_error_download_left_button","$v":"Datei behalten"},{"$i":"file_open_error_download_right_button","$v":"Löschen"},{"$i":"restart_download_error","$v":"Beim Fortfahren des Downloads trat ein Fehler auf. Bitte starten Sie den Donwload neu."},{"$i":"no-downloads","$v":"Keine Downloads"},{"$i":"byteUnit-B","$v":"Bytes"},{"$i":"byteUnit-KB","$v":"KB"},{"$i":"byteUnit-MB","$v":"MB"},{"$i":"byteUnit-GB","$v":"GB"},{"$i":"byteUnit-TB","$v":"TB"},{"$i":"fileSize","$v":[{"t":"idOrVar","v":"size"}," ",{"t":"idOrVar","v":"unit"}]},{"$i":"percentage","$v":[{"t":"idOrVar","v":"percentage"}," %"]},{"$i":"partialResult","$v":[{"t":"idOrVar","v":"partial"}," von ",{"t":"idOrVar","v":"total"}]},{"$i":"summary","$v":[{"t":"idOrVar","v":"date"}," - ",{"t":"idOrVar","v":"status"}]},{"$i":"download-stopped","$v":"Angehalten"},{"$i":"download-failed","$v":"Download fehlgeschlagen"},{"$i":"open_downloaded_file","$v":"Öffnen"},{"$i":"share_downloaded_file","$v":"Weitergeben"},{"$i":"wallpaper_downloaded_file","$v":"Als Hintergrund verwenden"},{"$i":"ringtone_downloaded_file","$v":"Als Klingelton verwenden"},{"$i":"cancel_downloaded_file","$v":"Abbrechen"},{"$i":"brandShortName","$v":"B2G OS"},{"$i":"browserBrandShortName","$v":"Web Browser"},{"$i":"browserBrandFullName","$v":"Mozilla Web Browser"},{"$i":"ringtoneBrandName","$v":"Default"},{"$i":"ringtoneSectionBrandName","$v":"System"},{"$i":"weekday-0-long","$v":"Sonntag"},{"$i":"weekday-1-long","$v":"Montag"},{"$i":"weekday-2-long","$v":"Dienstag"},{"$i":"weekday-3-long","$v":"Mittwoch"},{"$i":"weekday-4-long","$v":"Donnerstag"},{"$i":"weekday-5-long","$v":"Freitag"},{"$i":"weekday-6-long","$v":"Samstag"},{"$i":"weekday-0-short","$v":"So"},{"$i":"weekday-1-short","$v":"Mo"},{"$i":"weekday-2-short","$v":"Di"},{"$i":"weekday-3-short","$v":"Mi"},{"$i":"weekday-4-short","$v":"Do"},{"$i":"weekday-5-short","$v":"Fr"},{"$i":"weekday-6-short","$v":"Sa"},{"$i":"month-0-long","$v":"Januar"},{"$i":"month-1-long","$v":"Februar"},{"$i":"month-2-long","$v":"März"},{"$i":"month-3-long","$v":"April"},{"$i":"month-4-long","$v":"Mai"},{"$i":"month-5-long","$v":"Juni"},{"$i":"month-6-long","$v":"Juli"},{"$i":"month-7-long","$v":"August"},{"$i":"month-8-long","$v":"September"},{"$i":"month-9-long","$v":"Oktober"},{"$i":"month-10-long","$v":"November"},{"$i":"month-11-long","$v":"Dezember"},{"$i":"month-0-genitive","$v":"Januar"},{"$i":"month-1-genitive","$v":"Februar"},{"$i":"month-2-genitive","$v":"März"},{"$i":"month-3-genitive","$v":"April"},{"$i":"month-4-genitive","$v":"Mai"},{"$i":"month-5-genitive","$v":"Juni"},{"$i":"month-6-genitive","$v":"Juli"},{"$i":"month-7-genitive","$v":"August"},{"$i":"month-8-genitive","$v":"September"},{"$i":"month-9-genitive","$v":"Oktober"},{"$i":"month-10-genitive","$v":"November"},{"$i":"month-11-genitive","$v":"Dezember"},{"$i":"month-0-short","$v":"Jan"},{"$i":"month-1-short","$v":"Feb"},{"$i":"month-2-short","$v":"Mär"},{"$i":"month-3-short","$v":"Apr"},{"$i":"month-4-short","$v":"Mai"},{"$i":"month-5-short","$v":"Jun"},{"$i":"month-6-short","$v":"Jul"},{"$i":"month-7-short","$v":"Aug"},{"$i":"month-8-short","$v":"Sep"},{"$i":"month-9-short","$v":"Okt"},{"$i":"month-10-short","$v":"Nov"},{"$i":"month-11-short","$v":"Dez"},{"$i":"minutes-ago-long","$v":{"zero":"gerade eben","one":"vor 1 Minute","two":["vor ",{"t":"idOrVar","v":"value"}," Minuten"],"few":["vor ",{"t":"idOrVar","v":"value"}," Minuten"],"many":["vor ",{"t":"idOrVar","v":"value"}," Minuten"],"other":["vor ",{"t":"idOrVar","v":"value"}," Minuten"]},"$x":[{"t":"idOrVar","v":"plural"},"value"]},{"$i":"hours-ago-long","$v":{"zero":"gerade eben","one":"vor 1 Stunde","two":["vor ",{"t":"idOrVar","v":"value"}," Stunden"],"few":["vor ",{"t":"idOrVar","v":"value"}," Stunden"],"many":["vor ",{"t":"idOrVar","v":"value"}," Stunden"],"other":["vor ",{"t":"idOrVar","v":"value"}," Stunden"]},"$x":[{"t":"idOrVar","v":"plural"},"value"]},{"$i":"days-ago-long","$v":{"zero":"heute","one":"gestern","two":["vor ",{"t":"idOrVar","v":"value"}," Tagen"],"few":["vor ",{"t":"idOrVar","v":"value"}," Tagen"],"many":["vor ",{"t":"idOrVar","v":"value"}," Tagen"],"other":["vor ",{"t":"idOrVar","v":"value"}," Tagen"]},"$x":[{"t":"idOrVar","v":"plural"},"value"]},{"$i":"weeks-ago-long","$v":{"zero":"diese Woche","one":"letzte Woche","two":["vor ",{"t":"idOrVar","v":"value"}," Wochen"],"few":["vor ",{"t":"idOrVar","v":"value"}," Wochen"],"many":["vor ",{"t":"idOrVar","v":"value"}," Wochen"],"other":["vor ",{"t":"idOrVar","v":"value"}," Wochen"]},"$x":[{"t":"idOrVar","v":"plural"},"value"]},{"$i":"months-ago-long","$v":{"zero":"diesen Monat","one":"letzten Monat","two":["vor ",{"t":"idOrVar","v":"value"}," Monaten"],"few":["vor ",{"t":"idOrVar","v":"value"}," Monaten"],"many":["vor ",{"t":"idOrVar","v":"value"}," Monaten"],"other":["vor ",{"t":"idOrVar","v":"value"}," Monaten"]},"$x":[{"t":"idOrVar","v":"plural"},"value"]},{"$i":"years-ago-long","$v":{"zero":"dieses Jahr","one":"letztes Jahr","two":["vor ",{"t":"idOrVar","v":"value"}," Jahren"],"few":["vor ",{"t":"idOrVar","v":"value"}," Jahren"],"many":["vor ",{"t":"idOrVar","v":"value"}," Jahren"],"other":["vor ",{"t":"idOrVar","v":"value"}," Jahren"]},"$x":[{"t":"idOrVar","v":"plural"},"value"]},{"$i":"minutes-until-long","$v":{"zero":"jetzt","one":"in 1 Minute","two":["in ",{"t":"idOrVar","v":"value"}," Minuten"],"few":["in ",{"t":"idOrVar","v":"value"}," Minuten"],"many":["in ",{"t":"idOrVar","v":"value"}," Minuten"],"other":["in ",{"t":"idOrVar","v":"value"}," Minuten"]},"$x":[{"t":"idOrVar","v":"plural"},"value"]},{"$i":"hours-until-long","$v":{"zero":"jetzt","one":"in einer Stunde","two":["in ",{"t":"idOrVar","v":"value"}," Stunden"],"few":["in ",{"t":"idOrVar","v":"value"}," Stunden"],"many":["in ",{"t":"idOrVar","v":"value"}," Stunden"],"other":["in ",{"t":"idOrVar","v":"value"}," Stunden"]},"$x":[{"t":"idOrVar","v":"plural"},"value"]},{"$i":"days-until-long","$v":{"zero":"heute","one":"morgen","two":["in ",{"t":"idOrVar","v":"value"}," Tagen"],"few":["in ",{"t":"idOrVar","v":"value"}," Tagen"],"many":["in ",{"t":"idOrVar","v":"value"}," Tagen"],"other":["in ",{"t":"idOrVar","v":"value"}," Tagen"]},"$x":[{"t":"idOrVar","v":"plural"},"value"]},{"$i":"weeks-until-long","$v":{"zero":"diese Woche","one":"nächste Woche","two":["in ",{"t":"idOrVar","v":"value"}," Wochen"],"few":["in ",{"t":"idOrVar","v":"value"}," Wochen"],"many":["in ",{"t":"idOrVar","v":"value"}," Wochen"],"other":["in ",{"t":"idOrVar","v":"value"}," Wochen"]},"$x":[{"t":"idOrVar","v":"plural"},"value"]},{"$i":"months-until-long","$v":{"zero":"diesen Monat","one":"nächsten Monat","two":["in ",{"t":"idOrVar","v":"value"}," Monaten"],"few":["in ",{"t":"idOrVar","v":"value"}," Monaten"],"many":["in ",{"t":"idOrVar","v":"value"}," Monaten"],"other":["in ",{"t":"idOrVar","v":"value"}," Monaten"]},"$x":[{"t":"idOrVar","v":"plural"},"value"]},{"$i":"years-until-long","$v":{"zero":"dieses Jahr","one":"nächstes Jahr","two":["in ",{"t":"idOrVar","v":"value"}," Jahren"],"few":["in ",{"t":"idOrVar","v":"value"}," Jahren"],"many":["in ",{"t":"idOrVar","v":"value"}," Jahren"],"other":["in ",{"t":"idOrVar","v":"value"}," Jahren"]},"$x":[{"t":"idOrVar","v":"plural"},"value"]},{"$i":"minutes-ago-short","$v":{"zero":"jetzt","other":["vor ",{"t":"idOrVar","v":"value"}," m"]},"$x":[{"t":"idOrVar","v":"plural"},"value"]},{"$i":"hours-ago-short","$v":{"zero":"jetzt","other":["vor ",{"t":"idOrVar","v":"value"}," h"]},"$x":[{"t":"idOrVar","v":"plural"},"value"]},{"$i":"days-ago-short","$v":{"zero":"heute","other":["vor ",{"t":"idOrVar","v":"value"}," d"]},"$x":[{"t":"idOrVar","v":"plural"},"value"]},{"$i":"minutes-until-short","$v":{"zero":"jetzt","other":["in ",{"t":"idOrVar","v":"value"}," m"]},"$x":[{"t":"idOrVar","v":"plural"},"value"]},{"$i":"hours-until-short","$v":{"zero":"jetzt","other":["in ",{"t":"idOrVar","v":"value"}," h"]},"$x":[{"t":"idOrVar","v":"plural"},"value"]},{"$i":"days-until-short","$v":{"zero":"heute","other":["in ",{"t":"idOrVar","v":"value"}," d"]},"$x":[{"t":"idOrVar","v":"plural"},"value"]},{"$i":"incorrectDate","$v":"(ungültiges Datum)"},{"$i":"dateTimeFormat_%c","$v":"%a, %e. %b %Y %H:%M:%S"},{"$i":"dateTimeFormat_%x","$v":"%d.%m.%Y"},{"$i":"dateTimeFormat_%X","$v":"%H:%M:%S"},{"$i":"shortTimeFormat","$v":"%H:%M"},{"$i":"shortTimeFormat12","$v":"%I:%M %p"},{"$i":"shortTimeFormat24","$v":"%H:%M"},{"$i":"shortDateTimeFormat","$v":"%x %H:%M"},{"$i":"weekStartsOnMonday","$v":"1"},{"$i":"firstDayOfTheWeek","$v":"1"},{"$i":"time_am","$v":"AM"},{"$i":"time_pm","$v":"PM"},{"$i":"title-app","$v":"App-Berechtigung"},{"$i":"title-web","$v":"Website-Berechtigung"},{"$i":"title-cam","$v":"Kamera auswählen"},{"$i":"perm-alarms","$v":"Alarme festlegen"},{"$i":"perm-audio-capture","$v":"Mikrofon"},{"$i":"perm-audio-capture-appRequest","$v":["Soll ",{"t":"idOrVar","v":"app"}," auf Ihr Mikrofon zugreifen dürfen?"]},{"$i":"perm-audio-capture-webRequest","$v":["Soll ",{"t":"idOrVar","v":"site"}," auf Ihr Mikrofon zugreifen dürfen?"]},{"$i":"perm-audio-channel-content","$v":"Töne wiedergeben"},{"$i":"perm-audio-channel-notification","$v":"Benachrichtigungstöne wiedergeben"},{"$i":"perm-audio-channel-ringer","$v":"Klingeltöne wiedergeben"},{"$i":"perm-background-sensors","$v":"Auf Sensordaten zugreifen"},{"$i":"perm-bluetooth","$v":"Bluetooth"},{"$i":"perm-browser","$v":"Webseiten untersuchen"},{"$i":"perm-camera","$v":"Kameras"},{"$i":"perm-camera-selector-appRequest","$v":["Kamera auswählen für ",{"t":"idOrVar","v":"app"}]},{"$i":"perm-camera-selector-webRequest","$v":["Kamera auswählen für ",{"t":"idOrVar","v":"site"}]},{"$i":"perm-cellbroadcast","$v":"Zellinfo"},{"$i":"perm-contacts","$v":"Kontakte"},{"$i":"perm-contacts-appRequest","$v":[{"t":"idOrVar","v":"app"}," will auf Ihre Kontakte zugreifen."]},{"$i":"perm-contacts-webRequest","$v":[{"t":"idOrVar","v":"site"}," will auf Ihre Kontakte zugreifen."]},{"$i":"perm-desktop-notification","$v":"Benachrichtigungen"},{"$i":"perm-desktop-notification-appRequest","$v":[{"t":"idOrVar","v":"app"}," will Benachrichtigungen anzeigen."]},{"$i":"perm-desktop-notification-webRequest","$v":[{"t":"idOrVar","v":"site"}," will Benachrichtigungen anzeigen."]},{"$i":"perm-device-storage-apps","$v":"Apps-Speicher"},{"$i":"perm-device-storage-music","$v":"Musikspeicher"},{"$i":"perm-device-storage-music-appRequest","$v":[{"t":"idOrVar","v":"app"}," will auf Ihre Musik zugreifen."]},{"$i":"perm-device-storage-music-webRequest","$v":[{"t":"idOrVar","v":"site"}," will auf Ihre Musik zugreifen."]},{"$i":"perm-device-storage-pictures","$v":"Bilderspeicher"},{"$i":"perm-device-storage-pictures-appRequest","$v":[{"t":"idOrVar","v":"app"}," will auf Ihre Bilder zugreifen."]},{"$i":"perm-device-storage-pictures-webRequest","$v":[{"t":"idOrVar","v":"site"}," will auf Ihre Bilder zugreifen."]},{"$i":"perm-device-storage-sdcard","$v":"SD-Karten-Speicher"},{"$i":"perm-device-storage-sdcard-appRequest","$v":[{"t":"idOrVar","v":"app"}," will auf Ihre SD-Karte zugreifen."]},{"$i":"perm-device-storage-sdcard-webRequest","$v":[{"t":"idOrVar","v":"site"}," will auf Ihre SD-Karte zugreifen."]},{"$i":"perm-device-storage-videos","$v":"Videospeicher"},{"$i":"perm-device-storage-videos-appRequest","$v":[{"t":"idOrVar","v":"app"}," will auf Ihre Videos zugreifen."]},{"$i":"perm-device-storage-videos-webRequest","$v":[{"t":"idOrVar","v":"site"}," will auf Ihre Videos zugreifen."]},{"$i":"perm-embed-apps","$v":"Apps einbinden"},{"$i":"perm-fmradio","$v":"UKW-Radio"},{"$i":"perm-fmradio-appRequest","$v":[{"t":"idOrVar","v":"app"}," will das UKW-Radio benutzen."]},{"$i":"perm-fmradio-webRequest","$v":[{"t":"idOrVar","v":"site"}," will das UKW-Radio benutzen."]},{"$i":"perm-geolocation","$v":"Standort"},{"$i":"perm-geolocation-appRequest","$v":[{"t":"idOrVar","v":"app"}," will Ihren Standort wissen."]},{"$i":"perm-geolocation-more-info","$v":[{"t":"idOrVar","v":"brandShortName"}," verwendet Daten wie GPS sowie WLAN-Netzwerke und Mobilfunknetze in Ihrer Nähe für eine ungefähre Standortbestimmung. Es werden Daten an Mozilla und andere Diensteanbieter gesendet, um mit allen zur Verfügung stehenden Daten diese Datenbanken zu verbessern. Dabei können Daten auf Ihrem Gerät gespeichert werden und die Datenerfassung kann auch stattfinden, während keine Apps laufen."]},{"$i":"perm-geolocation-webRequest","$v":[{"t":"idOrVar","v":"site"}," will Ihren Standort wissen."]},{"$i":"perm-idle","$v":"Inaktivität erfahren"},{"$i":"perm-indexedDB-chrome-settings","$v":"Privilegierter IndexedDB-Speicher"},{"$i":"perm-indexedDB-unlimited","$v":"Unbegrenzter IndexedDB-Speicher"},{"$i":"perm-input-manage","$v":"Tastaturen verwalten"},{"$i":"perm-input","$v":"Als Tastatur agieren"},{"$i":"perm-media-capture","$v":"Kamera und Mikrofon"},{"$i":"perm-media-capture-appRequest","$v":["Soll ",{"t":"idOrVar","v":"app"}," auf Ihre Kamera und Ihr Mikrofon zugreifen dürfen?"]},{"$i":"perm-media-capture-webRequest","$v":["Soll ",{"t":"idOrVar","v":"site"}," auf Ihre Kamera und Ihr Mikrofon zugreifen dürfen?"]},{"$i":"perm-mobileconnection","$v":"Datenverbindung über Mobilfunknetz"},{"$i":"perm-mobileid","$v":"Mobile Identität"},{"$i":"perm-network-events","$v":"Netzwerk-Ereignisse"},{"$i":"perm-open-remote-window","$v":"Apps starten"},{"$i":"perm-permissions","$v":"App-Berechtigungen ändern"},{"$i":"perm-power","$v":"Energie-Einstellungen"},{"$i":"perm-settings","$v":"Einstellungen ändern"},{"$i":"perm-systemXHR","$v":"Anfragen an Fremddomains (XHR)"},{"$i":"perm-telephony","$v":"Telefonie"},{"$i":"perm-video-capture","$v":"Videoaufnahme"},{"$i":"perm-video-capture-appRequest","$v":["Soll ",{"t":"idOrVar","v":"app"}," mit Ihrer Kamera Videos aufnehmen dürfen?"]},{"$i":"perm-video-capture-webRequest","$v":["Soll ",{"t":"idOrVar","v":"site"}," mit Ihrer Kamera Videos aufnehmen dürfen?"]},{"$i":"perm-voicemail","$v":"Mailbox kontrollieren"},{"$i":"perm-webapps-manage","$v":"Webapps installieren"},{"$i":"perm-wifi-manage","$v":"WLAN verwalten"},{"$i":"perm-attention","$v":"Überdeckende Popups öffnen"},{"$i":"perm-audio-channel-alarm","$v":"Alarmtöne wiedergeben"},{"$i":"perm-audio-channel-normal","$v":"Töne wiedergeben"},{"$i":"perm-audio-channel-publicnotification","$v":"Öffentliche Benachrichtigungstöne wiedergeben"},{"$i":"perm-audio-channel-telephony","$v":"Telefongespräch-Audio wiedergeben "},{"$i":"perm-backgroundservice","$v":"Als Hintergrunddienst agieren"},{"$i":"perm-device-storage-crashes","$v":"Datenspeicher für Abstürze"},{"$i":"perm-downloads","$v":"Auf Downloads zugreifen"},{"$i":"perm-embed-widgets","$v":"Elemente einbinden"},{"$i":"perm-feature-detection","$v":"Funktionsunterstützung erkennen"},{"$i":"perm-firefox-accounts","$v":"Firefox-Konten"},{"$i":"perm-mobilenetwork","$v":"Mobilfunknetz"},{"$i":"perm-moz-attention","$v":"Überdeckende Popups öffnen (moz)"},{"$i":"perm-moz-audio-channel-ringer","$v":"Klingeltöne wiedergeben (moz)"},{"$i":"perm-moz-audio-channel-telephony","$v":"Telefongespräche wiedergeben (moz)"},{"$i":"perm-moz-firefox-accounts","$v":"Firefox-Konten (moz)"},{"$i":"perm-networkstats-manage","$v":"Nutzungsstatistiken verwalten"},{"$i":"perm-nfc","$v":"Nahfeldkommunikation (NFC)"},{"$i":"perm-nfc-hci-events","$v":"NFC-HCI-Ereignisse"},{"$i":"perm-nfc-manager","$v":"NFC verwalten"},{"$i":"perm-phonenumberservice","$v":"Telefonnummerndienst"},{"$i":"perm-push","$v":"Push-API"},{"$i":"perm-resourcestats-manage","$v":"Ressourcen-Statistiken"},{"$i":"perm-sms","$v":"SMS senden und lesen"},{"$i":"perm-speaker-control","$v":"Lautstärke kontrollieren"},{"$i":"perm-storage","$v":"Auf Speicher zugreifen"},{"$i":"perm-tcp-socket","$v":"TCP-Sockets"},{"$i":"perm-test-permission","$v":"Testberechtigung"},{"$i":"perm-time","$v":"Datum und Uhrzeit ändern"},{"$i":"perm-udp-socket","$v":"UDP-Sockets"},{"$i":"perm-wappush","$v":"WAP-Push"},{"$i":"tz-region","$v":"Region"},{"$i":"tz-city","$v":"Stadt"},{"$i":"tzRegion-Africa","$v":"Afrika"},{"$i":"tzRegion-America","$v":"Amerika"},{"$i":"tzRegion-Antarctica","$v":"Antarktis"},{"$i":"tzRegion-Asia","$v":"Asien"},{"$i":"tzRegion-Atlantic","$v":"Atlantik"},{"$i":"tzRegion-Australia","$v":"Australien"},{"$i":"tzRegion-Europe","$v":"Europa"},{"$i":"tzRegion-Indian","$v":"Indischer Ozean"},{"$i":"tzRegion-Pacific","$v":"Pazifik"},{"$i":"ringtone-none","$v":"Nichts"},{"$i":"ringer_bubble","$v":"Bubble"},{"$i":"ringer_chimer","$v":"Chimer"},{"$i":"ringer_cunning","$v":"Cunning"},{"$i":"ringer_dulco","$v":"Dulco"},{"$i":"ringer_firefox2","$v":[{"t":"idOrVar","v":"ringtoneBrandName"}]},{"$i":"ringer_garden","$v":"Garden"},{"$i":"ringer_marbled","$v":"Marbled"},{"$i":"ringer_opti","$v":"Opti"},{"$i":"ringer_pecko","$v":"Pecko"},{"$i":"ringer_pingy","$v":"Pingy"},{"$i":"ringer_poppop","$v":"Pop Pop"},{"$i":"ringer_sata","$v":"Sata"},{"$i":"ringer_simple","$v":"Clean"},{"$i":"ringer_standard1","$v":"Classic"},{"$i":"ringer_standard2","$v":"Classic Fast"},{"$i":"ringer_stutter","$v":"Stutter"},{"$i":"ringer_symmetry","$v":"Symmetry"},{"$i":"ringer_tailwind","$v":"Tail Wind"},{"$i":"ringer_thoughtful","$v":"Thoughtful"},{"$i":"ringer_wit","$v":"Wit"},{"$i":"ringer_zen","$v":"Zen"},{"$i":"notifier_bells","$v":"Bells"},{"$i":"notifier_bloom","$v":"Bloom"},{"$i":"notifier_chime","$v":"Chime"},{"$i":"notifier_clicka","$v":"Clicka"},{"$i":"notifier_digi","$v":"Digi"},{"$i":"notifier_dropplet","$v":"Dropplet"},{"$i":"notifier_firefox2","$v":[{"t":"idOrVar","v":"ringtoneBrandName"}]},{"$i":"notifier_hello","$v":"Hello"},{"$i":"notifier_lowmarble","$v":"Low Marble"},{"$i":"notifier_ping","$v":"Ping"},{"$i":"notifier_plickle","$v":"Plickle"},{"$i":"notifier_pocko","$v":"Pocko"},{"$i":"notifier_quado","$v":"Quado"},{"$i":"notifier_red","$v":"Red"},{"$i":"notifier_sato","$v":"Sato"},{"$i":"notifier_swipo","$v":"Swipo"},{"$i":"notifier_trickleup","$v":"Trickle Up"},{"$i":"notifier_trink","$v":"Trink"},{"$i":"notifier_verse","$v":"Verse"},{"$i":"settings","$v":"Einstellungen"},{"$i":"advancedSettings","$v":"Erweiterte Einstellungen"},{"$i":"default","$v":"Standard"},{"$i":"enabled","$v":"Aktiviert"},{"$i":"enable","$v":"Aktivieren"},{"$i":"disabled","$v":"Deaktiviert"},{"$i":"error","$v":"Fehler"},{"$i":"ok","$v":"OK"},{"$i":"yes","$v":"Ja"},{"$i":"no","$v":"Nein"},{"$i":"reset","$v":"Zurücksetzen"},{"$i":"cancel","$v":"Abbrechen"},{"$i":"close","$v":"Schließen"},{"$i":"back","$v":"Zurück"},{"$i":"continue","$v":"Weiter"},{"$i":"skip","$v":"Überspringen"},{"$i":"pair","$v":"Koppeln"},{"$i":"add","$v":"Hinzufügen"},{"$i":"done","$v":"Fertig"},{"$i":"set","$v":"Übernehmen"},{"$i":"notNow","$v":"Nicht jetzt"},{"$i":"turnOn","$v":"Aktivieren"},{"$i":"selectASIMCard","$v":"Wählen Sie eine SIM-Karte aus"},{"$i":"sim1","$v":"SIM 1"},{"$i":"sim2","$v":"SIM 2"},{"$i":"unavailable","$v":"Nicht verfügbar"},{"$i":"confirmation","$v":"Bestätigung"},{"$i":"simSettingsWithIndex","$v":["SIM-",{"t":"idOrVar","v":"index"},"-Einstellungen"]},{"$i":"networkAndConnectivity","$v":"Netzwerk & Verbindungen"},{"$i":"airplaneMode","$v":"Flugmodus"},{"$i":"geolocation","$v":"Standortzugriff"},{"$i":"wifi","$v":"WLAN"},{"$i":"wifi-header","$v":[{"t":"idOrVar","v":"wifi"}]},{"$i":"wifi-disabled","$v":"Aktivieren Sie WLAN, um verfügbare Netzwerke zu sehen."},{"$i":"availableNetworks","$v":"Verfügbare Netzwerke"},{"$i":"knownNetworks","$v":"Bekannte Netzwerke"},{"$i":"hiddenNetworks","$v":"Versteckte Netzwerke"},{"$i":"scanning","$v":"Suchen…"},{"$i":"scanNetworks","$v":"Erneut suchen"},{"$i":"fullStatus-initializing","$v":"Initialisierung läuft…"},{"$i":"fullStatus-connecting","$v":["Verbinden mit ",{"t":"idOrVar","v":"ssid"},"…"]},{"$i":"fullStatus-associated","$v":"IP-Adresse wird angefordert…"},{"$i":"fullStatus-connected","$v":["Verbunden mit ",{"t":"idOrVar","v":"ssid"}]},{"$i":"fullStatus-connectingfailed","$v":"Verbindung fehlgeschlagen"},{"$i":"fullStatus-disconnected","$v":"Offline"},{"$i":"shortStatus-connecting","$v":"Verbinden…"},{"$i":"shortStatus-associated","$v":"IP-Adresse wird angefordert…"},{"$i":"shortStatus-connected","$v":"Verbunden"},{"$i":"shortStatus-connectingfailed","$v":"Verbindung fehlgeschlagen"},{"$i":"shortStatus-disconnected","$v":"Offline"},{"$i":"wifi-sleep","$v":"WLAN-Schlafmodus"},{"$i":"wifi-sleep-description","$v":"WLAN im Ruhezustand automatisch deaktivieren, um weniger Strom zu verbrauchen."},{"$i":"manageNetworks","$v":"Netzwerke verwalten"},{"$i":"wifi-bad-credentials-title","$v":"Verbindung mit WLAN fehlgeschlagen"},{"$i":"wifi-bad-credentials-confirm","$v":["Verbindung mit ",{"t":"idOrVar","v":"ssid"}," konnte nicht hergestellt werden, da die Authentifizierung auf Grund falscher Zugangsdaten fehlschlug. Bitte geben Sie das Netzwerk-Passwort erneut ein."]},{"$i":"manageNetworks-header","$v":[{"t":"idOrVar","v":"manageNetworks"}]},{"$i":"manageCertificates","$v":"Zertifikate verwalten"},{"$i":"manageCert","$v":"Zert. verwalten"},{"$i":"joinHiddenNetwork","$v":"Verstecktes WLAN verwenden"},{"$i":"securedBy","$v":["durch ",{"t":"idOrVar","v":"capabilities"}," gesichert"]},{"$i":"security","$v":"Schutz"},{"$i":"securityNone","$v":"Keiner"},{"$i":"securityOpen","$v":"Offen"},{"$i":"notInRange","$v":"Nicht in Reichweite"},{"$i":"ipAddress","$v":"IP-Adresse"},{"$i":"linkSpeed","$v":"Geschwindigkeit"},{"$i":"linkSpeedMbs","$v":[{"t":"idOrVar","v":"linkSpeed"}," Mbit/s"]},{"$i":"signalStrength","$v":"Signalstärke"},{"$i":"signalLevel0","$v":"Sehr schwach"},{"$i":"signalLevel1","$v":"Schwach"},{"$i":"signalLevel2","$v":"Mittel"},{"$i":"signalLevel3","$v":"Gut"},{"$i":"signalLevel4","$v":"Sehr gut"},{"$i":"forget","$v":"Vergessen"},{"$i":"forgetNetwork-dialog","$v":"Netzwerk vergessen?"},{"$i":"forgetNetwork-confirmation","$v":"Bestätigung"},{"$i":"authentication","$v":"Authentifizierung"},{"$i":"authentication-header","$v":[{"t":"idOrVar","v":"authentication"}]},{"$i":"eap","$v":"EAP-Methode"},{"$i":"auth-phase2","$v":"Phase-2-Authentifizierung"},{"$i":"server-certificate","$v":"Serverzertifikat"},{"$i":"import-certificate-msg","$v":"Hinweis: Falls Sie Zertifikate importieren müssen, so verwenden Sie stattdessen \"Zertifikate verwalten\"."},{"$i":"identity","$v":"Bezeichner"},{"$i":"password","$v":"Passwort"},{"$i":"showPassword","$v":"Passwort anzeigen"},{"$i":"networkNotification","$v":"Netzwerkbenachrichtigung"},{"$i":"networkNotification-expl","$v":"Auf verfügbare offene Netzwerke hinweisen"},{"$i":"macAddress","$v":"MAC-Adresse"},{"$i":"deviceInfo_software","$v":[{"t":"idOrVar","v":"brandShortName"}," ",{"t":"idOrVar","v":"os"}]},{"$i":"macUnavailable","$v":"Nicht verfügbar"},{"$i":"noNetworksFound","$v":"Keine Netzwerke gefunden"},{"$i":"noKnownNetworks","$v":"Keine bekannten Netzwerke gefunden"},{"$i":"edit","$v":"Bearbeiten"},{"$i":"certificateList","$v":"Zertifikatliste"},{"$i":"noCertificate","$v":"Keine Zertifikate importiert"},{"$i":"deleteCertificate","$v":"Zertifikat löschen"},{"$i":"importCertificate","$v":"Zertifikat importieren"},{"$i":"selectCertificateFile","$v":"Zertifikatdatei auswählen"},{"$i":"enterCertificateNickname","$v":"Name für Zertifikat eingeben"},{"$i":"nickname","$v":"Name"},{"$i":"enter-certificate-name-msg","$v":"Sie können den Bezeichner ändern oder den Standardnamen beibehalten."},{"$i":"certificate-deletion-failed","$v":"Löschen des Zertifikats schlug fehl"},{"$i":"certificate-deletion-failed-description","$v":"Dies kann zum Beispiel durch ein Speicherproblem verursacht werden."},{"$i":"certificate-import-failed","$v":"Import des Zertifikats schlug fehl"},{"$i":"certificate-import-failed-description","$v":"Dies kann zum Beispiel durch eine beschädigte Zertifikatdatei verursacht werden."},{"$i":"wpsMessage","$v":"WLAN-Einrichtung per WPS"},{"$i":"wpsMessage-header","$v":"WLAN-Einrichtung"},{"$i":"fullStatus-wps-inprogress","$v":"WPS läuft gerade…"},{"$i":"fullStatus-wps-canceled","$v":"WPS wurde abgebrochen."},{"$i":"fullStatus-wps-timedout","$v":"Zeitüberschreitung bei WPS."},{"$i":"fullStatus-wps-failed-error","$v":["WPS fehlgeschlagen [",{"t":"idOrVar","v":"error"},"]"]},{"$i":"fullStatus-wps-overlapped","$v":"Ein anderer durch WPS geschützter Zugriffspunkt mit Push-Button-Verbindung wurde gefunden."},{"$i":"wpsDescription2","$v":"Automatische Konfiguration von WLANs"},{"$i":"wpsMethodSelection","$v":"Wählen Sie eine WPS-Methode aus:"},{"$i":"wpsPbcLabel","$v":"Push-Button-Verbindung"},{"$i":"wpsMyPinLabel","$v":"PIN für Zugriffspunkt"},{"$i":"wpsApPinLabel","$v":"PIN vom Zugriffspunkt"},{"$i":"wpsPinDescription","$v":"PIN (4 oder 8 Zeichen)"},{"$i":"wpsPinInput","$v":["Geben Sie ",{"t":"idOrVar","v":"pin"}," am anderen Gerät ein."]},{"$i":"wpsPinAps","$v":"Wählen Sie das andere Gerät"},{"$i":"wpsAnyAp","$v":"Beliebig"},{"$i":"wpsCancelMessage","$v":"WPS abbrechen"},{"$i":"wpsCancelFailedMessageError","$v":["Abbrechen des WPS fehlgeschlagen [",{"t":"idOrVar","v":"error"},"]"]},{"$i":"callSettings","$v":"Anrufeinstellungen"},{"$i":"callSettings-header","$v":[{"t":"idOrVar","v":"callSettings"}]},{"$i":"callSettingsQuery","$v":"Netzinformationen werden abgerufen…"},{"$i":"callSettingsQueryError","$v":"Fehler bei der Anfrage"},{"$i":"voiceMail","$v":"Mailbox"},{"$i":"voiceMail-header","$v":[{"t":"idOrVar","v":"voiceMail"}]},{"$i":"voiceMail-number","$v":"Mailbox-Nummer"},{"$i":"voiceMail-number-notSet","$v":"Nicht eingerichtet"},{"$i":"voicePrivacyMode","$v":"Privater Anrufmodus"},{"$i":"callWaiting","$v":"Anklopfen"},{"$i":"confirmCallWaitingTitle","$v":"Einstellungen für wartende Anrufe können nicht bestätigt werden"},{"$i":"confirmCallWaitingDesc","$v":"Das Gerät kann derzeit nicht mit dem Mobilfunkanbieter kommunizieren. Versuchen Sie das Festlegen der Einstellung erneut."},{"$i":"callForwarding","$v":"Anrufweiterleitung"},{"$i":"callForwarding-header","$v":[{"t":"idOrVar","v":"callForwarding"}]},{"$i":"callForwardingForward","$v":"Weiterleiten"},{"$i":"callForwardingUnconditional","$v":"Immer"},{"$i":"callForwardingUnconditionalShort","$v":"Immer"},{"$i":"callForwardingMobileBusy","$v":"Falls besetzt"},{"$i":"callForwardingMobileBusyShort","$v":"Falls besetzt"},{"$i":"callForwardingNoReply","$v":"Falls nicht angenommen"},{"$i":"callForwardingNoReplyShort","$v":"Falls nicht angenommen"},{"$i":"callForwardingNotReachable","$v":"Falls nicht erreichbar"},{"$i":"callForwardingNotReachableShort","$v":"Falls nicht erreichbar"},{"$i":"callForwardingForwardingVoiceToNumber","$v":["Anrufe an ",{"t":"idOrVar","v":"number"}]},{"$i":"callForwardingNotForwarding","$v":"Deaktiviert"},{"$i":"callForwardingConfirmTitle","$v":"Bestätigungsmeldung für Anrufweiterleitung"},{"$i":"cf-alwaysUseThisNumber","$v":"Immer an diese Nummer"},{"$i":"cf-numberWhenUnreachable","$v":"Nummer falls nicht erreichbar"},{"$i":"cf-numberWhenUnanswered","$v":"Nummer bei Nichtannahme"},{"$i":"cf-numberWhenBusy","$v":"Nummer falls besetzt"},{"$i":"callForwardingInvalidNumberError","$v":"Diese Telefonnummer ist ungültig."},{"$i":"callForwardingSetSuccess","$v":"Vorgang erfolgreich durchgeführt"},{"$i":"callForwardingSetForbidden","$v":"Ihr Mobilfunkbetreiber unterstützt diesen Vorgang nicht"},{"$i":"callForwardingSetError","$v":"Fehler in den Anrufeinstellungen"},{"$i":"callerId","$v":"Rufnummerübermittlung"},{"$i":"callBarring","$v":"Anrufe blockieren"},{"$i":"callBarring-header","$v":[{"t":"idOrVar","v":"callBarring"}]},{"$i":"callBarring-outgoing","$v":"Ausgehende Anrufe"},{"$i":"callBarring-baoc","$v":"Alle"},{"$i":"callBarring-boic","$v":"International"},{"$i":"callBarring-boicExhc","$v":"International, ausgenommen ins Heimatland"},{"$i":"callBarring-incoming","$v":"Eingehende Anrufe"},{"$i":"callBarring-baic","$v":"Alle"},{"$i":"callBarring-baicR","$v":"Alle während Roaming"},{"$i":"callBarring-passcode","$v":"Passwort"},{"$i":"callBarring-change-passcode","$v":"Passwort ändern"},{"$i":"callBarring-passcode-enter","$v":"Passwort eingeben"},{"$i":"callBarring-passcode-unknown","$v":"Falls Sie Ihr Passwort nicht wissen, so kontaktieren Sie bitte Ihren Mobilfunkanbieter."},{"$i":"callBarring-current-passcode","$v":"Derzeitiges Passwort"},{"$i":"callBarring-new-passcode","$v":"Neues Passwort"},{"$i":"callBarring-create-passcode","$v":"Passwort erstellen"},{"$i":"callBarring-confirm-passcode","$v":"Passwort bestätigen"},{"$i":"callBarring-passcode-error-generic","$v":"Passwortfehler"},{"$i":"callBarring-passcode-error-incorrect","$v":"Passwort stimmt nicht."},{"$i":"callBarring-passcode-error-mismatch","$v":"Passwörter stimmen nicht überein."},{"$i":"callBarring-update-item-error","$v":["Fehler beim Aktualisieren folgenden Eintrags: ",{"t":"idOrVar","v":"error"},"."]},{"$i":"callBarring-change-passcode-success","$v":"Passwort geändert"},{"$i":"callerId-default","$v":"Funknetz-Standard"},{"$i":"callerId-hide","$v":"Nummer unterdrücken"},{"$i":"callerId-show","$v":"Nummer anzeigen"},{"$i":"fdn","$v":"Anrufbare Nummern"},{"$i":"fdnSettings","$v":"Anrufbare Nummern"},{"$i":"fdnSettings-header","$v":[{"t":"idOrVar","v":"fdnSettings"}]},{"$i":"fdn-authorizedNumbers","$v":"Autorisierte Nummern"},{"$i":"fdn-authorizedNumbers-header","$v":[{"t":"idOrVar","v":"fdn-authorizedNumbers"}]},{"$i":"fdn-authorizedNumbers-desc","$v":"Liste mit anrufbaren Nummern"},{"$i":"fdn-explanation1","$v":"Grenzt ein, welche Nummern von diesem Telefon aus angerufen werden können."},{"$i":"fdn-explanation2","$v":"(Notrufnummern können immer gewählt werden)"},{"$i":"fdnEnable","$v":"FDN aktivieren"},{"$i":"fdnDisable","$v":"FDN deaktivieren"},{"$i":"fdnReset","$v":"PIN2 zurücksetzen"},{"$i":"fdnAttemptMsg3","$v":{"one":"Sie haben noch einen Versuch, um den richtigen Code einzugeben, bevor die SIM-Karte gesperrt wird.","two":["Sie haben noch ",{"t":"idOrVar","v":"n"}," Versuche, um den richtigen Code einzugeben, bevor die SIM-Karte gesperrt wird."],"few":["Sie haben noch ",{"t":"idOrVar","v":"n"}," Versuche, um den richtigen Code einzugeben, bevor die SIM-Karte gesperrt wird."],"many":["Sie haben noch ",{"t":"idOrVar","v":"n"}," Versuche, um den richtigen Code einzugeben, bevor die SIM-Karte gesperrt wird."],"other":["Sie haben noch ",{"t":"idOrVar","v":"n"}," Versuche, um den richtigen Code einzugeben, bevor die SIM-Karte gesperrt wird."]},"$x":[{"t":"idOrVar","v":"plural"},"n"]},{"$i":"fdnLastChanceMsg","$v":"Dies ist Ihr letzter Versuch, um die richtige PIN2 einzugeben. Danach müssen Sie den PUK2-Code eingeben, um die SIM-Karte zu entsperren."},{"$i":"fdnErrorMsg","$v":"Der PIN2-Code ist falsch."},{"$i":"fdn-enabled-warning","$v":"Anrufweiterleitung durch FDN deaktiviert."},{"$i":"fdnContact-name","$v":"Name"},{"$i":"fdnContact-number","$v":"Nummer"},{"$i":"fdnContact-submit","$v":"Absenden"},{"$i":"fdnAction-add","$v":"Kontakt hinzufügen"},{"$i":"fdnAction-call","$v":"Anrufen"},{"$i":"fdnAction-edit","$v":"Kontakt bearbeiten"},{"$i":"fdnAction-edit-header","$v":"Kontakt bearbeiten"},{"$i":"fdnAction-delete","$v":"Kontakt löschen"},{"$i":"fdnNoFDNFreeRecord","$v":"Maximale Anzahl anrufbarer Nummern erreicht. Es können keine weiteren Nummern hinzufügt werden."},{"$i":"messagingSettings","$v":"Nachrichteneinstellungen"},{"$i":"messagingSettings-header","$v":"Nachrichten"},{"$i":"message-confirmation","$v":"Bestätigungen für Nachrichten"},{"$i":"message-delivery-reports","$v":"Empfangsbestätigung"},{"$i":"message-delivery-reports-details","$v":"Empfangsbestätigung für jede gesendete Nachricht anfordern"},{"$i":"message-read-reports","$v":"Lesebestätigung"},{"$i":"message-read-reports-details","$v":"Lesebestätigung für jede gesendete Nachricht anfordern"},{"$i":"mmsTitle","$v":"Multimedia-Nachrichten (MMS)"},{"$i":"auto-retrieve","$v":"Automatischer Download"},{"$i":"auto-retrieve-details","$v":"Nachrichten automatisch herunterladen"},{"$i":"manual-retrieve","$v":"Deaktiviert"},{"$i":"auto-roaming-retrieve","$v":"Aktiviert mit Roaming"},{"$i":"auto-no-roaming-retrieve","$v":"Aktiviert ohne Roaming"},{"$i":"autoConfigure","$v":"Auto-Konfiguration"},{"$i":"wapPushMessages","$v":"WAP-Push-Nachrichten"},{"$i":"wapPush","$v":"WAP-Push"},{"$i":"cellBroadcastMessages","$v":"Zellinfo-Nachrichten"},{"$i":"cellBroadcast","$v":"Zellinfo empfangen"},{"$i":"emergencyAlert","$v":"Katastrophen-Benachrichtigung"},{"$i":"messagingInformation","$v":"Information"},{"$i":"messaging-SMSC","$v":"Service-Center"},{"$i":"messaging-sim-settings","$v":["SIM ",{"t":"idOrVar","v":"index"}," - Einstellungen"]},{"$i":"unknown-SMSC","$v":"Information nicht verfügbar"},{"$i":"cellularAndData","$v":"Mobilfunk & Daten"},{"$i":"cellularAndData-header","$v":[{"t":"idOrVar","v":"cellularAndData"}]},{"$i":"dataNetwork","$v":"Netzbetreiber"},{"$i":"dataConnectivity","$v":"Daten"},{"$i":"dataConnection","$v":"Datenverbindung"},{"$i":"dataRoaming","$v":"Datenroaming"},{"$i":"networkOperator","$v":"Mobilfunknetzbetreiber"},{"$i":"networkOperator-header","$v":[{"t":"idOrVar","v":"networkOperator"}]},{"$i":"availableOperators","$v":"Verfügbare Mobilfunknetzbetreiber"},{"$i":"preferredNetworkTypeAlertTitle","$v":"Bevorzugter Funknetztyp"},{"$i":"preferredNetworkTypeAlertErrorMessage","$v":"Funknetztyp konnte nicht festgelegt werden"},{"$i":"operator-networkType","$v":"Funknetztyp"},{"$i":"operator-networkType-auto","$v":"Automatisch"},{"$i":"operator-networkType-prefer3G","$v":"3G bevorzugen"},{"$i":"operator-networkType-2G","$v":"Nur 2G"},{"$i":"operator-networkType-3G","$v":"Nur 3G"},{"$i":"operator-networkType-GSM","$v":"GSM"},{"$i":"operator-networkType-WCDMA","$v":"WCDMA"},{"$i":"operator-networkType-CDMA","$v":"CDMA"},{"$i":"operator-networkType-EVDO","$v":"EVDO"},{"$i":"operator-networkType-LTE","$v":"LTE"},{"$i":"operator-networkType-preferWCDMA","$v":"WCDMA bevorzugen"},{"$i":"operator-networkType-auto-2G-3G","$v":"Auto (2G/3G)"},{"$i":"operator-networkType-auto-CDMA-EVDO","$v":"Auto (CDMA/EVDO)"},{"$i":"operator-networkType-auto-WCDMA-GSM","$v":"Auto (WCDMA/GSM)"},{"$i":"operator-networkType-auto-LTE-WCDMA-GSM","$v":"Auto (LTE/WCDMA/GSM)"},{"$i":"operator-networkType-auto-LTE-CDMA-EVDO","$v":"Auto (LTE/CDMA/EVDO)"},{"$i":"operator-networkType-auto-WCDMA-GSM-CDMA-EVDO","$v":"Auto (WCDMA/GSM/CDMA/EVDO)"},{"$i":"operator-autoSelect","$v":"Automatische Auswahl"},{"$i":"operator-networkSelect-auto","$v":"Automatisch"},{"$i":"operator-networkSelect-manual","$v":"Manuell"},{"$i":"operator-turnAutoSelectOff","$v":"Zur Ansicht der verfügbaren Mobilfunknetze die automatische Auswahl deaktivieren"},{"$i":"operator-status-connecting","$v":"Verbindet…"},{"$i":"operator-status-connectingfailed","$v":"Verbindung fehlgeschlagen"},{"$i":"operator-status-connected","$v":"Verbunden"},{"$i":"operator-roamingPreference","$v":"Bevorzugtes Roaming-Netz"},{"$i":"operator-roamingPreference-home","$v":"Heimnetz"},{"$i":"operator-roamingPreference-any","$v":"Jedes"},{"$i":"operator-roamingPreference-affiliated","$v":"Assoziierte Netze"},{"$i":"apn","$v":"APN"},{"$i":"apnSettings","$v":"APN"},{"$i":"apnSettings-header","$v":"APN-Einstellungen"},{"$i":"dataSettings","$v":"Daten"},{"$i":"dataSettings-header","$v":"Daten-Einstellungen"},{"$i":"suplSettings","$v":"A-GPS"},{"$i":"suplSettings-header","$v":"A-GPS-Einstellungen"},{"$i":"messageSettings","$v":"Nachrichten"},{"$i":"messageSettings-header","$v":[{"t":"idOrVar","v":"messageSettings"}]},{"$i":"dunSettings","$v":"Tethering"},{"$i":"dunSettings-header","$v":[{"t":"idOrVar","v":"dunSettings"}]},{"$i":"imsSettings","$v":"IMS"},{"$i":"imsSettings-header2","$v":"IMS-Einstellungen"},{"$i":"apn-editor-header","$v":"APN-Bearbeitung"},{"$i":"mmsport","$v":"MMS-Port"},{"$i":"mmsproxy","$v":"MMS-Proxy"},{"$i":"mmsc","$v":"MMSC"},{"$i":"httpProxyHost","$v":"Server des HTTP-Proxys"},{"$i":"httpProxyPort","$v":"Port des HTTP-Proxys"},{"$i":"custom","$v":"(Benutzerdefiniert)"},{"$i":"apn-authType","$v":"Authentifizierung"},{"$i":"apn-authType-notDefined","$v":"Nicht festgelegt"},{"$i":"apn-authType-none","$v":"Keine"},{"$i":"apn-authType-pap","$v":"PAP"},{"$i":"apn-authType-chap","$v":"CHAP"},{"$i":"apn-authType-papOrChap","$v":"PAP oder CHAP"},{"$i":"apn-protocol","$v":"Protokoll"},{"$i":"apn-roaming-protocol","$v":"Roaming-Protokoll"},{"$i":"apn-protocol-notDefined","$v":"Nicht festgelegt"},{"$i":"apn-protocol-ip","$v":"IPv4"},{"$i":"apn-protocol-ipv6","$v":"IPv6"},{"$i":"apn-protocol-ipv4v6","$v":"IPv4/IPv6"},{"$i":"apn-type","$v":"APN-Typ"},{"$i":"dataConnection-warning-head","$v":"Datenverbindung aktivieren?"},{"$i":"dataConnection-warning-message","$v":"Anwendungen werden automatisch Daten über eine Datenverbindung laden, wenn dies nötig ist. Es können zusätzliche Kosten für Datennutzung anfallen."},{"$i":"dataRoaming-warning-head","$v":"Datenroaming aktivieren?"},{"$i":"dataRoaming-warning-message","$v":"Abhängig von Ihren Vertragsbedingungen können zusätzliche Kosten für Datennutzung anfallen, wenn Sie sich in einem Roaming-Gebiet befinden."},{"$i":"change-apn-warning-message1","$v":"Abhängig von Ihren Vertragsbedingungen kann das Ändern der APN-Einstellungen zu zusätzlichen Kosten beim Roaming führen. Wollen Sie fortfahren?"},{"$i":"reset-apn-warning-title","$v":"Auf Standard zurücksetzen"},{"$i":"reset-apn-warning-message","$v":"Dies führt zum Zurücksetzen auf die Standardeinstellungen und kann nicht rückgängig gemacht werden."},{"$i":"state-unknown","$v":"Unbekannter Zustand"},{"$i":"state-available","$v":"Verfügbar"},{"$i":"state-connected","$v":"Verbunden"},{"$i":"state-current","$v":"Verbunden"},{"$i":"state-forbidden","$v":"Verweigert"},{"$i":"delete-apn-confirm","$v":"Diesen APN entfernen?"},{"$i":"delete-apn","$v":"Entfernen"},{"$i":"add-apn","$v":"Neuen APN hinzufügen"},{"$i":"reset-apn","$v":"Auf Standard zurücksetzen"},{"$i":"apnSettings-reset","$v":"APN-Einstellungen zurücksetzen"},{"$i":"bluetooth","$v":"Bluetooth"},{"$i":"bluetooth-header","$v":[{"t":"idOrVar","v":"bluetooth"}]},{"$i":"bluetooth-enable-msg","$v":"Aktivieren Sie Bluetooth, um Geräte in der Umgebung angezeigt zu bekommen."},{"$i":"bluetooth-paired-devices","$v":"Geräte koppeln"},{"$i":"bluetooth-devices-in-area","$v":"Verfügbare Geräte"},{"$i":"bluetooth-visible-to-all","$v":"Für alle sichtbar"},{"$i":"bluetooth-name-maxlength-alert","$v":["Der Name des Geräts ist länger als ",{"t":"idOrVar","v":"length"}," Zeichen. Bitte versuchen Sie es erneut."]},{"$i":"bluetooth-address","$v":"Bluetooth-Adresse"},{"$i":"bluetooth-address-unavailable","$v":"Nicht verfügbar"},{"$i":"bt-status-nopaired","$v":"Keine gekoppelten Geräte"},{"$i":"bt-status-turnoff","$v":"Deaktiviert"},{"$i":"bt-status-paired","$v":{"zero":[{"t":"idOrVar","v":"name"}],"one":[{"t":"idOrVar","v":"name"},", +",{"t":"idOrVar","v":"n"}," weiteres"],"two":[{"t":"idOrVar","v":"name"},", +",{"t":"idOrVar","v":"n"}," weitere"],"few":[{"t":"idOrVar","v":"name"},", +",{"t":"idOrVar","v":"n"}," weitere"],"many":[{"t":"idOrVar","v":"name"},", +",{"t":"idOrVar","v":"n"}," weitere"],"other":[{"t":"idOrVar","v":"name"},", +",{"t":"idOrVar","v":"n"}," weitere"]},"$x":[{"t":"idOrVar","v":"plural"},"n"]},{"$i":"device-status-tap-connect","$v":"Zum Verbinden antippen"},{"$i":"device-status-pairing","$v":"Koppeln mit Gerät…"},{"$i":"device-status-waiting","$v":"Warten auf anderes Gerät…"},{"$i":"device-status-paired","$v":"Gekoppelt"},{"$i":"device-status-connecting","$v":"Verbinden…"},{"$i":"device-status-connected","$v":"Verbunden"},{"$i":"device-status-connected-media","$v":"Verbunden mit Medien-Audio"},{"$i":"device-option-unpair","$v":"Entkoppeln"},{"$i":"device-option-confirm","$v":"Bestätigen"},{"$i":"device-option-unpair-confirmation","$v":"Bestätigung"},{"$i":"device-option-unpair-device","$v":"Gerät entkoppeln?"},{"$i":"device-option-connect","$v":"Verbinden"},{"$i":"device-option-disconnect","$v":"Verbindung trennen"},{"$i":"search-for-device","$v":"Nach Geräten wird gesucht…"},{"$i":"search-device","$v":"Nach Geräten suchen"},{"$i":"rename-device","$v":"Mein Gerät umbenennen"},{"$i":"unnamed-device","$v":"Unbekanntes Gerät"},{"$i":"change-phone-name-desc","$v":"Ändern Sie den Namen des Gerätes, welcher bei einer Verbindung mit einem anderen Gerät angezeigt wird"},{"$i":"bluetooth-new-name","$v":"Neuer Name"},{"$i":"error-pair-title","$v":"Geräte konnten nicht gekoppelt werden."},{"$i":"error-pair-pincode","$v":"Kopplung mit dem Gerät nicht möglich. Überprüfen Sie, ob die PIN korrekt ist."},{"$i":"error-pair-toofast","$v":"Kopplung mit dem Gerät nicht möglich. Zu viele Anfragen."},{"$i":"error-connect-title","$v":"Verbindung der Geräte nicht möglich"},{"$i":"error-connect-msg","$v":"Überprüfen Sie, ob das Gerät, mit dem eine Verbindung hergestellt werden soll, noch in Reichweite ist und Bluetooth aktiviert hat."},{"$i":"unpair-title","$v":"Kopplung mit verbundenem Gerät aufheben?"},{"$i":"unpair-msg","$v":"Sie sind derzeit mit diesem Gerät verbunden. Aufheben der Kopplung wird auch die Verbindung trennen."},{"$i":"nfc","$v":"NFC"},{"$i":"SSIDCannotBeEmpty","$v":"Die SSID darf nicht leer sein."},{"$i":"internetSharing","$v":"Internetverbindung teilen"},{"$i":"internetSharing-header","$v":"Internet teilen"},{"$i":"internetSharing-usb","$v":"USB"},{"$i":"internetSharing-wifi","$v":"WLAN"},{"$i":"wifi-hotspot","$v":"WLAN-Hotspot"},{"$i":"wifi-name","$v":"Name"},{"$i":"wifi-password","$v":"Passwort"},{"$i":"wifi-security","$v":"Sicherheit"},{"$i":"usb-tethering","$v":"USB-Tethering"},{"$i":"hotspotSettings","$v":"Hotspot-Einstellungen"},{"$i":"wifi-auth-username","$v":"Benutzername"},{"$i":"wifi-auth-password","$v":"Passwort"},{"$i":"wifi-join-username","$v":"Benutzername"},{"$i":"wifi-join-password","$v":"Passwort"},{"$i":"hotspotSettings-header","$v":[{"t":"idOrVar","v":"hotspotSettings"}]},{"$i":"ssid-name","$v":"SSID-Netzwerkname"},{"$i":"hotspot-open","$v":"Offen"},{"$i":"hotspot-wpa-psk","innerHTML":"WPA (TKIP)"},{"$i":"hotspot-wpa2-psk","innerHTML":"WPA2 (AES)"},{"$i":"hotspot-password-desc","$v":"Das Passwort muss mindestens 8 Zeichen lang sein."},{"$i":"personalization","$v":"Personalisierung"},{"$i":"sound","$v":"Töne"},{"$i":"sound-header","$v":[{"t":"idOrVar","v":"sound"}]},{"$i":"volume","$v":"Lautstärke"},{"$i":"tones","$v":"Töne"},{"$i":"touch-tones","$v":"Hörbare Töne bei Berührung"},{"$i":"touch-tone-short","$v":"Kurz"},{"$i":"touch-tone-long","$v":"Lang"},{"$i":"select-tone","$v":"Ton auswählen"},{"$i":"ringtones","$v":"Klingeltöne"},{"$i":"alerts","$v":"Alarme"},{"$i":"manage-tones","$v":"Töne verwalten"},{"$i":"other-sounds","$v":"Andere Töne"},{"$i":"unlock-screen","$v":"Bildschirm entsperren"},{"$i":"camera","$v":"Kamera"},{"$i":"sent-message","$v":"Nachricht gesendet"},{"$i":"alarm-sound","$v":"Alarm"},{"$i":"ringtone-and-notification-sound","$v":"Klingeltöne & Benachrichtigungen"},{"$i":"media-sound","$v":"Multimedia"},{"$i":"saving-tone","$v":"Wird gespeichert…"},{"$i":"no-ringtone-app","$v":"Die App zum Verwalten der Klingeltöne wurde nicht gefunden."},{"$i":"display","$v":"Anzeige"},{"$i":"display-header","$v":[{"t":"idOrVar","v":"display"}]},{"$i":"brightness","$v":"Helligkeit"},{"$i":"brightness-autoAdjust","$v":"Automatisch"},{"$i":"lockScreen","$v":"Sperrbildschirm"},{"$i":"wallpaper","$v":"Hintergrund"},{"$i":"screen-timeout","$v":"Bildschirm abschalten"},{"$i":"one-minute","$v":"Nach 1 Minute"},{"$i":"two-minutes","$v":"Nach 2 Minuten"},{"$i":"five-minutes","$v":"Nach 5 Minuten"},{"$i":"ten-minutes","$v":"Nach 10 Minuten"},{"$i":"never","$v":"Nie"},{"$i":"lock-orientation","$v":"Ausrichtungssperre"},{"$i":"navigation","$v":"Navigation"},{"$i":"navigation-header","$v":[{"t":"idOrVar","v":"navigation"}]},{"$i":"edge-swipe-navigation","$v":"Randwischgesten"},{"$i":"edge-swipe-navigation-enable-msg","$v":"Wechseln zwischen den zuletzt verwendeten Apps durch Wischen vom linken oder rechten Bildschirmrand"},{"$i":"notifications","$v":"Benachrichtigungen"},{"$i":"notifications-header","$v":[{"t":"idOrVar","v":"notifications"}]},{"$i":"lockscreen-notifications","$v":"Auf Sperrbildschirm"},{"$i":"notifications-resend","$v":"Bei Neustart behalten"},{"$i":"dateAndTime","$v":"Datum & Uhrzeit"},{"$i":"dateAndTime-header","$v":[{"t":"idOrVar","v":"dateAndTime"}]},{"$i":"setTimeAutomatically","$v":"Automatische Zeit"},{"$i":"setTimeManually","$v":"Manuell einstellen"},{"$i":"timezoneMessage","$v":"Zeitzone"},{"$i":"dateMessage","$v":"Datum"},{"$i":"timeMessage","$v":"Uhrzeit"},{"$i":"selectTimezoneContinent","$v":"Kontinent auswählen"},{"$i":"selectTimezone","$v":"Zeitzone auswählen"},{"$i":"time-format","$v":"Format"},{"$i":"time-format-time","$v":"Zeitformat"},{"$i":"hour-12","$v":"12 Stunden"},{"$i":"hour-24","$v":"24 Stunden"},{"$i":"languageAndRegion","$v":"Sprache & Region"},{"$i":"language","$v":"Sprache"},{"$i":"language-header","$v":[{"t":"idOrVar","v":"language"}]},{"$i":"region","$v":"Region"},{"$i":"more-languages","$v":"Weitere Sprachen installieren"},{"$i":"sample-format","$v":"Formatierungsbeispiel"},{"$i":"longDateFormat","$v":"%A, %d. %B %Y"},{"$i":"simManager","$v":"SIM-Verwaltung"},{"$i":"simManager-header","$v":[{"t":"idOrVar","v":"simManager"}]},{"$i":"simSettings","$v":"SIM-Einstellungen"},{"$i":"sim-manager-outgoing-calls","$v":"Ausgehende Anrufe"},{"$i":"sim-manager-outgoing-call-desc","$v":"Anrufe tätigen mittels"},{"$i":"sim-manager-outgoing-messages","$v":"Ausgehende Nachrichten"},{"$i":"sim-manager-outgoing-messages-desc","$v":"SMS senden mittels"},{"$i":"sim-manager-outgoing-data","$v":"Daten"},{"$i":"sim-manager-outgoing-data-description","$v":"Netzwerk für Datendienste und Zahlungen im Marketplace"},{"$i":"sim-manager-always-ask","$v":"Immer fragen"},{"$i":"sim-pin-locked","$v":"SIM-PIN gesperrt"},{"$i":"no-operator","$v":"Kein Mobilfunkbetreiber"},{"$i":"cant-disable-simcard-alert","$v":"Es sollte mindestens eine SIM-Karte aktiviert sein."},{"$i":"disable-simcard-confirm","$v":["SIM ",{"t":"idOrVar","v":"disableCardIndex"}," kann keine Anrufe und Nachrichten empfangen. Ausgehende Anrufe und Nachrichten, bei denen die Verwendung von SIM ",{"t":"idOrVar","v":"disableCardIndex"}," eingestellt ist, werden nicht möglich sein."]},{"$i":"change-outgoing-data-confirm","$v":"Die laufende Datenübertragung wird angehalten. Trotzdem fortfahren?"},{"$i":"homescreen","$v":"Startbildschirm"},{"$i":"vertical-homescreen-header","$v":"Startbildschirm"},{"$i":"vertical-homescreen-layout","$v":"Ansicht"},{"$i":"vertical-homescreen-icon-layout","$v":"Symbolanordnung"},{"$i":"vertical-homescreen-three-columns","$v":"3 Spalten"},{"$i":"vertical-homescreen-four-columns","$v":"4 Spalten"},{"$i":"notice","$v":"Hinweis"},{"$i":"search","$v":"Suche"},{"$i":"search-header","$v":"Suche"},{"$i":"search-engine","$v":"Suchmaschine"},{"$i":"search-suggestions","$v":"Suchvorschläge"},{"$i":"search-suggestions-description","$v":"Die eingegebenen Zeichen werden direkt nach der Eingabe an mehrere Suchanbieter gesendet, um Suchvorschläge für Sie zu erstellen. Abhängig von Ihrem Tarif können bei Nutzung dieser Funktion zusätzliche Kosten anfallen."},{"$i":"homescreens","$v":"Startbildschirme"},{"$i":"homescreens-header","$v":[{"t":"idOrVar","v":"homescreens"}]},{"$i":"changeHomescreen","$v":"Startbildschirm ändern"},{"$i":"changeHomescreenButton","$v":"Ändern"},{"$i":"description","$v":"Beschreibung"},{"$i":"keyboardSettings","$v":"Tastatureinstellungen"},{"$i":"selectedKeyboards","$v":"Aktivierte Tastaturen"},{"$i":"keyboards","$v":"Tastaturen"},{"$i":"keyboards-header","$v":[{"t":"idOrVar","v":"keyboards"}]},{"$i":"numberKeyboardLayouts","$v":"Zahlenkonfigurationen"},{"$i":"optionKeyboardLayouts","$v":"Optionskonfigurationen"},{"$i":"keypad","$v":"Tasten"},{"$i":"dialpad","$v":"Zahlenwahlfeld"},{"$i":"selectKeyboards","$v":"Tastaturen auswählen"},{"$i":"selectKeyboards-header","$v":[{"t":"idOrVar","v":"selectKeyboards"}]},{"$i":"mustHaveOneKeyboard","$v":["Mindestens eine ",{"t":"idOrVar","v":"type"},"-Tastatur muss aktiviert bleiben."]},{"$i":"keyboardType-text","$v":"Text"},{"$i":"keyboardType-url","$v":"Adressen"},{"$i":"keyboardType-number","$v":"Zahlen"},{"$i":"defaultKeyboardEnabled","$v":[{"t":"idOrVar","v":"appName"}," \"",{"t":"idOrVar","v":"layoutName"},"\" ist als Standard-Tastatur festgelegt."]},{"$i":"themes","$v":"Erscheinungsbild"},{"$i":"themes-header","$v":[{"t":"idOrVar","v":"themes"}]},{"$i":"fxa","$v":"Firefox-Konten"},{"$i":"accounts","$v":"Konten"},{"$i":"fxa-accounts","$v":"Firefox-Konten"},{"$i":"fxa-accounts-header","$v":[{"t":"idOrVar","v":"fxa-accounts"}]},{"$i":"fxa-overview","$v":"Ihr Firefox-Konto ermöglicht Ihnen die Nutzung von Funktionen wie \"Mein Gerät finden\" und von Apps wie dem Firefox Marketplace."},{"$i":"fxa-invitation","$v":"Konto erstellen oder anmelden"},{"$i":"fxa-confirm-account","$v":"Bestätigung Ihres Kontos"},{"$i":"fxa-verification-email-sent-msg","$v":["Wir werden eine E-Mail an ",{"t":"idOrVar","v":"email"}," senden."]},{"$i":"fxa-please-verify","$v":"Klicken Sie zur Verifizierung auf den Link in Ihrer E-Mail, um Ihr Konto zu bestätigen."},{"$i":"fxa-cancel-confirmation","$v":"Kontobestätigung abbrechen"},{"$i":"fxa-resend-alert","$v":["Ein Verifizierungslink wurde an ",{"t":"idOrVar","v":"email"}," gesendet."]},{"$i":"fxa-dont-see-email","$v":["Keine E-Mail empfangen? ",{"t":"idOrVar","v":"resend"},"."]},{"$i":"fxa-resend","$v":"Erneut senden"},{"$i":"fxa-about","$v":"Über"},{"$i":"fxa-logged-in-text","$v":["Angemeldet als ",{"t":"idOrVar","v":"email"}]},{"$i":"fxa-signed-in-header","$v":"Angemeldet"},{"$i":"fxa-marketplace-app","$v":"Marketplace"},{"$i":"fxa-find-my-device-app","$v":"Mein Gerät finden"},{"$i":"fxa-options","$v":"Einstellungen"},{"$i":"fxa-sign-out","$v":"Abmelden"},{"$i":"fxa-confirm-email","$v":["Bitte verifizieren Sie ",{"t":"idOrVar","v":"email"},"."]},{"$i":"findmydevice","$v":"Mein Gerät finden"},{"$i":"findmydevice-create-account","$v":"Konto erstellen oder anmelden"},{"$i":"findmydevice-enable","$v":"\"Mein Gerät finden\" aktivieren"},{"$i":"findmydevice-about","$v":"Über \"Mein Gerät finden\""},{"$i":"findmydevice-enable-geolocation-prompt","$v":"Standortbestimmung aktivieren?"},{"$i":"findmydevice-enable-geolocation-description","$v":"Um die Position Ihres Gerätes angezeigt zu bekommen, müssen Sie die Standortübermittelung aktivieren."},{"$i":"findmydevice-geolocation-enabled","$v":"Standortbestimmung aktiviert"},{"$i":"findmydevice-enable-network","$v":"Das Gerät ist derzeit offline. Verbinden Sie mit einem Netzwerk und versuchen Sie es erneut."},{"$i":"findmydevice-error","$v":"In \"Mein Gerät finden\" trat ein Fehler auf."},{"$i":"findmydevice-please-try","$v":"Bitte erneut versuchen."},{"$i":"findmydevice-please-tap","$v":"Für einen erneuten Versuch antippen"},{"$i":"privacyAndSecurity","$v":"Datenschutz & Sicherheit"},{"$i":"passcode-lock","$v":"Entsperrcode"},{"$i":"passcode-lock-desc","$v":["Zugangscode: ",{"t":"idOrVar","v":"code"}]},{"$i":"screenLock","$v":"Sperrbildschirm"},{"$i":"screenLock-header","$v":[{"t":"idOrVar","v":"screenLock"}]},{"$i":"simSecurity","$v":"SIM-Sicherheit"},{"$i":"simSecurity-header","$v":[{"t":"idOrVar","v":"simSecurity"}]},{"$i":"appPermissions","$v":"App-Berechtigungen"},{"$i":"appPermissions-header","$v":[{"t":"idOrVar","v":"appPermissions"}]},{"$i":"author","$v":"Entwickler"},{"$i":"permissions","$v":"Berechtigungen"},{"$i":"revoke","$v":"Entziehen"},{"$i":"ask","$v":"Fragen"},{"$i":"deny","$v":"Ablehnen"},{"$i":"allow","$v":"Erlauben"},{"$i":"uninstallApp","$v":"App deinstallieren"},{"$i":"phone","$v":"Telefon"},{"$i":"messages","$v":"Nachrichten"},{"$i":"vibrate","$v":"Vibrieren"},{"$i":"ring","$v":"Klingeln"},{"$i":"change","$v":"Ändern"},{"$i":"create","$v":"Erstellen"},{"$i":"create-a-passcode","$v":"Ein Passwort erstellen"},{"$i":"passcode","$v":"Passwort"},{"$i":"passcode-heading","$v":"Passwort"},{"$i":"enter-passcode","$v":"Passwort eingeben"},{"$i":"new-passcode","$v":"Neues Passwort"},{"$i":"current-passcode","$v":"Derzeitiges Passwort"},{"$i":"incorrect-passcode","$v":"Passwort ist falsch"},{"$i":"passcode-doesnt-match","$v":"Passwörter stimmen nicht überein. Versuchen Sie es erneut."},{"$i":"confirm-passcode","$v":"Passwort bestätigen"},{"$i":"immediately","$v":"Sofort"},{"$i":"after-one-minute","$v":"Nach 1 Minute"},{"$i":"after-five-minutes","$v":"Nach 5 Minuten"},{"$i":"after-fifteen-minutes","$v":"Nach 15 Minuten"},{"$i":"after-thirty-minutes","$v":"Nach 30 Minuten"},{"$i":"after-one-hour","$v":"Nach 1 Stunde"},{"$i":"require-passcode","$v":"Passwort abfragen"},{"$i":"change-passcode","$v":"Passwort ändern"},{"$i":"noSimCard","$v":"Keine SIM-Karte"},{"$i":"simPin","$v":"SIM-PIN"},{"$i":"simPin2","$v":"SIM-PIN2"},{"$i":"simPinWithIndex","$v":["PIN für SIM ",{"t":"idOrVar","v":"index"}]},{"$i":"pukCode","$v":"PUK-Code"},{"$i":"puk2Code","$v":"PUK2-Code"},{"$i":"whatIsSimPin","$v":"Was ist eine SIM-PIN?"},{"$i":"simPinIntro1","$v":"Eine SIM-PIN verhindert den Zugriff auf die SIM-Karte von Mobilfunknetzen. Wenn sie aktiviert ist, wird jedes Gerät mit dieser SIM-Karte beim Neustart die PIN abfragen."},{"$i":"simPinIntro2","$v":"Eine SIM-PIN ist etwas anderes als der Zugangscode, mit dem das Gerät entsperrt wird."},{"$i":"changeSimPin","$v":"PIN ändern"},{"$i":"simPinChangedSuccessfully","$v":"SIM-PIN erfolgreich geändert"},{"$i":"simPinChangedSuccessfullyWithIndex","$v":["SIM-",{"t":"idOrVar","v":"index"},"-PIN erfolgreich geändert"]},{"$i":"pinTitle","$v":"SIM-PIN eingeben"},{"$i":"pin2Title","$v":"SIM-PIN2 eingeben"},{"$i":"pukTitle","$v":"PUK eingeben"},{"$i":"puk2Title","$v":"PUK2-Code eingeben"},{"$i":"newpinTitle","$v":"Neue PIN"},{"$i":"inputCodeRetriesLeft","$v":{"one":"Letzter Versuch","two":[{"t":"idOrVar","v":"n"}," Versuche verbleibend"],"few":[{"t":"idOrVar","v":"n"}," Versuche verbleibend"],"many":[{"t":"idOrVar","v":"n"}," Versuche verbleibend"],"other":[{"t":"idOrVar","v":"n"}," Versuche verbleibend"]},"$x":[{"t":"idOrVar","v":"plural"},"n"]},{"$i":"pinAttemptMsg3","$v":{"one":"Sie haben noch einen Versuch, um den richtigen Code einzugeben, bevor die SIM-Karte gesperrt wird.","two":["Sie haben noch ",{"t":"idOrVar","v":"n"}," Versuche, um den richtigen Code einzugeben, bevor die SIM-Karte gesperrt wird."],"few":["Sie haben noch ",{"t":"idOrVar","v":"n"}," Versuche, um den richtigen Code einzugeben, bevor die SIM-Karte gesperrt wird."],"many":["Sie haben noch ",{"t":"idOrVar","v":"n"}," Versuche, um den richtigen Code einzugeben, bevor die SIM-Karte gesperrt wird."],"other":["Sie haben noch ",{"t":"idOrVar","v":"n"}," Versuche, um den richtigen Code einzugeben, bevor die SIM-Karte gesperrt wird."]},"$x":[{"t":"idOrVar","v":"plural"},"n"]},{"$i":"pinLastChanceMsg","$v":"Dies ist Ihre letzte Möglichkeit, die korrekte PIN einzugeben. Ansonsten müssen Sie den PUK-Code eingeben, um diese SIM-Karte zu verwenden."},{"$i":"simCardLockedMsg","$v":"Die SIM-Karte ist gesperrt."},{"$i":"simCardBlockedMsg","$v":"Die SIM-Karte ist dauerhaft gesperrt."},{"$i":"enterPukMsg","$v":"Sie müssen den persönlichen Entsperrschlüssel (PUK-Code) für die SIM-Karte eingeben. Sehen Sie in der Dokumentation Ihrer SIM-Karte nach oder wenden Sie sich an Ihren Mobilfunkbetreiber, um weitere Informationen zu erhalten."},{"$i":"enterPuk2Msg","$v":"Sie müssen den persönlichen Entsperrschlüssel (PUK2-Code) für die SIM-Karte eingeben. Sehen Sie in der Dokumentation Ihrer SIM-Karte nach oder wenden Sie sich an Ihren Mobilfunkbetreiber, um weitere Informationen zu erhalten."},{"$i":"pukErrorMsg","$v":"Der PUK-Code ist falsch."},{"$i":"pukAttemptMsg3","$v":{"one":"Sie haben noch einen Versuch, um den richtigen Code einzugeben, bevor diese SIM-Karte dauerhaft unbenutzbar wird. Sehen Sie in Ihrer SIM-Karten-Dokumentation nach oder wenden Sie sich an Ihren Mobilfunkbetreiber, um weitere Informationen zu erhalten.","two":["Sie haben noch ",{"t":"idOrVar","v":"n"}," Versuche, um den richtigen Code einzugeben, bevor diese SIM-Karte dauerhaft unbenutzbar wird. Sehen Sie in Ihrer SIM-Karten-Dokumentation nach oder wenden Sie sich an Ihren Mobilfunkbetreiber, um weitere Informationen zu erhalten."],"few":["Sie haben noch ",{"t":"idOrVar","v":"n"}," Versuche, um den richtigen Code einzugeben, bevor diese SIM-Karte dauerhaft unbenutzbar wird. Sehen Sie in Ihrer SIM-Karten-Dokumentation nach oder wenden Sie sich an Ihren Mobilfunkbetreiber, um weitere Informationen zu erhalten."],"many":["Sie haben noch ",{"t":"idOrVar","v":"n"}," Versuche, um den richtigen Code einzugeben, bevor diese SIM-Karte dauerhaft unbenutzbar wird. Sehen Sie in Ihrer SIM-Karten-Dokumentation nach oder wenden Sie sich an Ihren Mobilfunkbetreiber, um weitere Informationen zu erhalten."],"other":["Sie haben noch ",{"t":"idOrVar","v":"n"}," Versuche, um den richtigen Code einzugeben, bevor diese SIM-Karte dauerhaft unbenutzbar wird. Sehen Sie in Ihrer SIM-Karten-Dokumentation nach oder wenden Sie sich an Ihren Mobilfunkbetreiber, um weitere Informationen zu erhalten."]},"$x":[{"t":"idOrVar","v":"plural"},"n"]},{"$i":"pukLastChanceMsg","$v":"Letzte Chance, um den korrekten PUK-Code einzugeben. Ihre SIM-Karte wird dauerhaft unbenutzbar, wenn Sie einen falschen PUK-Code eingeben. Sehen Sie in Ihrer SIM-Karten-Dokumentation nach oder wenden Sie sich an Ihren Mobilfunkbetreiber, um weitere Informationen zu erhalten."},{"$i":"newSimPinMsg","$v":"PIN erstellen (muss zwischen 4 und 8 Zeichen enthalten)"},{"$i":"newSimPin2Msg","$v":"PIN2 erstellen (muss zwischen 4 und 8 Zeichen enthalten)"},{"$i":"confirmNewSimPinMsg","$v":"Neue PIN bestätigen"},{"$i":"confirmNewSimPin2Msg","$v":"Neue PIN2 bestätigen"},{"$i":"newPinErrorMsg","$v":"PINs stimmen nicht überein."},{"$i":"simLockedPhone","$v":"Telefon akzeptiert nur bestimmte SIM-Karten (SIM-Lock)"},{"$i":"unknownSimCardState","$v":"Unbekannter Status der SIM-Karte"},{"$i":"simCardNotReady","$v":"SIM-Karte nicht bereit"},{"$i":"simCardIllegal","$v":"Nicht autorisierte SIM-Karte"},{"$i":"doNotTrack","$v":"Nicht verfolgen"},{"$i":"doNotTrack-header","$v":[{"t":"idOrVar","v":"doNotTrack"}]},{"$i":"doNotTrackActions","$v":"Websites und Apps mitteilen, meine Aktivitäten nicht zu verfolgen"},{"$i":"allowTracking","$v":"Websites und Apps mitteilen, meine Aktivitäten zu verfolgen"},{"$i":"doNotHavePrefOnTracking","$v":"Websites und Apps keine Präferenz zur Verfolgung meiner Aktivitäten mitteilen"},{"$i":"doNotTrack-dt","$v":"Wie funktioniert die Funktion \"Nicht verfolgen\"?"},{"$i":"doNotTrack-dd1","$v":"Falls Sie \"Nicht verfolgen\" aktiviert haben, so sagt Ihr Gerät jeder Website und App (wie auch Werbetreibenden und anderen Inhalteanbietern), dass Ihr Verhalten nicht verfolgt werden soll."},{"$i":"doNotTrack-dd2","$v":"Das Aktivieren von \"Nicht verfolgen\" beeinflusst weder Ihre Fähigkeit, sich bei Websites anzumelden, noch verursacht es ein Vergessen privater Informationen wie Inhalte von Warenkörben, Standortinformationen oder Anmeldedaten."},{"$i":"browsingPrivacy","$v":"Browser-Privatsphäre"},{"$i":"browsingPrivacy-header","$v":[{"t":"idOrVar","v":"browsingPrivacy"}]},{"$i":"confirm-clear-title","$v":"Bestätigung"},{"$i":"clear-browsing-history","$v":"Browser-Chronik löschen"},{"$i":"confirm-clear-browsing-history","$v":"Browser-Chronik löschen?"},{"$i":"clear-cookies-and-stored-data","$v":"Cookies und gespeicherte Daten löschen"},{"$i":"confirm-clear-cookies-and-stored-data","$v":"Cookies und andere auf diesem Gerät gespeicherte Daten löschen?"},{"$i":"clear","$v":"Löschen"},{"$i":"privacy-controls","$v":"Datenschutz-Steuerung"},{"$i":"no-privacy-panel","$v":"App zur Datenschutz-Steuerung nicht gefunden"},{"$i":"storage","$v":"Speicher"},{"$i":"enableUSBStorage1","$v":"USB-Speicher"},{"$i":"umsUnplugToDisable","$v":"USB-Kabel entfernen für Deaktivierung"},{"$i":"appStorage","$v":"Anwendungsspeicher"},{"$i":"appStorage-header","$v":[{"t":"idOrVar","v":"appStorage"}]},{"$i":"storageSize","$v":[{"t":"idOrVar","v":"size"}," ",{"t":"idOrVar","v":"unit"}]},{"$i":"availableSize","$v":{"zero":[{"t":"idOrVar","v":"size"}," ",{"t":"idOrVar","v":"unit"}," verfügbar"],"one":[{"t":"idOrVar","v":"size"}," ",{"t":"idOrVar","v":"unit"}," verfügbar"],"two":[{"t":"idOrVar","v":"size"}," ",{"t":"idOrVar","v":"unit"}," verfügbar"],"few":[{"t":"idOrVar","v":"size"}," ",{"t":"idOrVar","v":"unit"}," verfügbar"],"many":[{"t":"idOrVar","v":"size"}," ",{"t":"idOrVar","v":"unit"}," verfügbar"],"other":[{"t":"idOrVar","v":"size"}," ",{"t":"idOrVar","v":"unit"}," verfügbar"]},"$x":[{"t":"idOrVar","v":"plural"},"size"]},{"$i":"apps-total-space","$v":"Speicher gesamt"},{"$i":"apps-used-space","$v":"Belegt"},{"$i":"apps-free-space","$v":"Frei"},{"$i":"storage-details","$v":"Bilder, Videos und Musik werden getrennt von Apps auf der Speicherkarte gespeichert. Sehen Sie für Details in den Medienspeicher."},{"$i":"ums-shared-volumes","$v":["Geteilt: ",{"t":"idOrVar","v":"list"}]},{"$i":"transferProtocol-header","$v":"Transport-Protokoll"},{"$i":"protocol-mtp","$v":"Medien-Transfer-Protokoll (MTP)"},{"$i":"protocol-ums","$v":"USB-Massenspeicher (UMS)"},{"$i":"mediaStorage","$v":"Medienspeicher"},{"$i":"mediaStorage-header","$v":[{"t":"idOrVar","v":"mediaStorage"}]},{"$i":"storage-name-internal","$v":"Interner Speicher"},{"$i":"storage-name-external-0","$v":"SD-Karten-Speicher"},{"$i":"storage-name-external-1","$v":"SD-Karten-Speicher 2"},{"$i":"short-storage-name-internal","$v":"Intern"},{"$i":"short-storage-name-external-0","$v":"SD-Karte"},{"$i":"short-storage-name-external-1","$v":"SD-Karte 2"},{"$i":"music-space","$v":"Musik"},{"$i":"pictures-space","$v":"Bilder"},{"$i":"videos-space","$v":"Filme"},{"$i":"left-space","$v":"Frei"},{"$i":"free-space","$v":"Verfügbar"},{"$i":"total-space","$v":"Gesamt"},{"$i":"size-not-available","$v":"Nicht verfügbar"},{"$i":"no-storage","$v":"Keinen Speicher gefunden"},{"$i":"advanced","$v":"Erweitert"},{"$i":"ums-warning-title","$v":"USB-Speicher aktivieren?"},{"$i":"default-media-location","$v":"Standard-Medienspeicher"},{"$i":"default-media-location-msg","$v":"Legt fest, wo Bilder, Videos, Musik und Downloads standardmäßig gespeichert werden."},{"$i":"change-default-media-location-confirmation","$v":"Das Ändern des Standardspeicherortes für Mediendateien beeinflusst, wo in Zukunft Mediendateien standardmäßig gespeichert werden. Bereits bestehende Dateien verbleiben an ihrem Ort. Wollen Sie fortfahren?"},{"$i":"eject-sdcard-external-0","$v":"Speicherkarte entnehmen"},{"$i":"eject-sdcard-external-1","$v":"Speicherkarte 2 entnehmen"},{"$i":"format-sdcard-internal","$v":"Internen Speicher formatieren"},{"$i":"format-sdcard-external-0","$v":"Speicherkarte formatieren"},{"$i":"format-sdcard-external-1","$v":"Speicherkarte 2 formatieren"},{"$i":"formatting","$v":"Wird formatiert…"},{"$i":"unmount-sdcard-confirmation","$v":"Nach dem Aufheben der Bereitstellung der Speicherkarte können Sie nicht auf diese zugreifen. Wollen Sie fortfahren?"},{"$i":"format-sdcard-title","$v":"Speicherkarte formatieren"},{"$i":"format-sdcard-message","$v":"Dies wird alle auf der Speicherkarte enthaltenen Daten, wie z.B. Bilder und Videos, löschen."},{"$i":"format-sdcard-internal-title","$v":"Internen Speicher formatieren"},{"$i":"format-sdcard-internal-message","$v":"Dies wird alle auf dem internen Speicher enthaltenen Daten, wie z.B. Bilder und Videos, löschen."},{"$i":"format-sdcard-btnformat","$v":"Formatieren"},{"$i":"sdcardUnmounted","$v":"Bereitstellung der Speicherkarte aufheben"},{"$i":"device","$v":"Gerät"},{"$i":"help","$v":"Hilfe"},{"$i":"deviceInfo","$v":"Geräteinformationen"},{"$i":"deviceInfo-header","$v":[{"t":"idOrVar","v":"deviceInfo"}]},{"$i":"deviceInfo-IMEI","$v":"IMEI"},{"$i":"deviceInfo-ICCID","$v":"ICCID"},{"$i":"deviceInfo-MSISDN","$v":"Telefonnummer"},{"$i":"deviceInfo-ICCID-unavailable-sim","$v":["SIM ",{"t":"idOrVar","v":"index"},": Nicht verfügbar"]},{"$i":"downloads","$v":"Downloads"},{"$i":"downloads-header","$v":[{"t":"idOrVar","v":"downloads"}]},{"$i":"unknown-phoneNumber","$v":"Unbekannt"},{"$i":"unknown-phoneNumber-sim","$v":["SIM ",{"t":"idOrVar","v":"index"},": Unbekannt"]},{"$i":"gitInfo","$v":"Informationen zum Commit auf Git"},{"$i":"developer","$v":"Entwickler"},{"$i":"developer-header","$v":[{"t":"idOrVar","v":"developer"}]},{"$i":"hud-settings-button","$v":"Entwickler-Head-up-Display (HUD)"},{"$i":"hud-settings-header","$v":"Entwickler-HUD"},{"$i":"hud-devtools","$v":"Entwickler-Werkzeuge"},{"$i":"hud-devtools-header","$v":[{"t":"idOrVar","v":"hud-devtools"}]},{"$i":"hud-logging","$v":"Änderungen in adb"},{"$i":"hud-system","$v":"System-HUD"},{"$i":"hud-problems","$v":"Probleme"},{"$i":"hud-warnings","$v":"Warnungen"},{"$i":"hud-errors","$v":"Fehler"},{"$i":"hud-security","$v":"Sicherheitsprobleme"},{"$i":"hud-performance","$v":"Performanz"},{"$i":"hud-reflows","$v":"DOM-Neuberechnung (Reflow)"},{"$i":"hud-jank","$v":"Verzögerung"},{"$i":"jank-threshold","$v":"Verzögerungsschwelle"},{"$i":"hud-fps","$v":"Frames pro Sekunde"},{"$i":"hud-ttl","$v":"Ladezeit"},{"$i":"hud-memory","$v":"Speicher"},{"$i":"hud-uss","$v":"Vom Prozess genutzter Speicher (USS)"},{"$i":"hud-appmemory","$v":"App-Speicher"},{"$i":"hud-jsobjects","$v":"JavaScript: Objekte"},{"$i":"hud-jsstrings","$v":"JavaScript: Texte"},{"$i":"hud-jsother","$v":"JavaScript: Sonstiges"},{"$i":"hud-dom","$v":"DOM"},{"$i":"hud-style","$v":"Stil"},{"$i":"hud-other","$v":"Sonstiges"},{"$i":"software","$v":"Software"},{"$i":"devSettings","$v":"Entwicklereinstellungen"},{"$i":"debug","$v":"Debugging"},{"$i":"developer-menu","$v":"Entwicklermenü"},{"$i":"developer-tools","$v":"Entwicklerwerkzeuge"},{"$i":"graphics","$v":"Grafik"},{"$i":"hardware-composer","$v":"Hardware-Composer"},{"$i":"paint-flashing","$v":"Neu Gezeichnetes aufblitzen"},{"$i":"dumps-layers","$v":"Ebenenbaum protokollieren"},{"$i":"dumps-layerscope","$v":"Ebeneninformationen protokollieren"},{"$i":"apz-overscroll","$v":"Bildlauf über Inhaltsrand"},{"$i":"tiling","$v":"Kacheln"},{"$i":"low-precision","$v":"Zeichnen in niedriger Qualität"},{"$i":"low-opacity","$v":"Transparenz in niedriger Qualität"},{"$i":"draw-tile-borders","$v":"Kachelränder"},{"$i":"draw-layer-borders","$v":"Ebenenränder"},{"$i":"log-animations","$v":"Langsame Animationen protokollieren"},{"$i":"remote-debugging-usb","$v":"Debugging über USB"},{"$i":"dev-tools-wifi","$v":"Entwicklerwerkzeuge über WLAN"},{"$i":"dev-tools-qps","$v":"Pseudo-Lokalisierungen"},{"$i":"debugger-disabled","$v":"Deaktiviert"},{"$i":"debugger-adb-only","$v":"Nur ADB"},{"$i":"debugger-adb-and-devtools","$v":"ADB und Werkzeuge"},{"$i":"wifi-debugging","$v":"WLAN-Info in adb"},{"$i":"bluetooth-debugging","$v":"Bluetooth-Ausgabe in adb"},{"$i":"bluetooth-snoop-debugging","$v":"Bluetooth HCI sniffing logs to sdcard"},{"$i":"nfc-debugging","$v":"NFC-Ausgabe in adb"},{"$i":"ril-debugging","$v":"RIL output in ADB"},{"$i":"console-enabled","$v":"Konsole"},{"$i":"cards-view-screenshots","$v":"Kartenansicht: Vorschau"},{"$i":"geolocation-debugging-enabled","$v":"Standortausgabe in adb"},{"$i":"geolocation-debugging-gps-locations-ignored","$v":"GPS-Standorte ignorieren"},{"$i":"use-reviewer-certs","$v":"Marketplace-Editor-Zertifikate verwenden"},{"$i":"shake-to-log","$v":"Logs durch Schütteln speichern"},{"$i":"model-name","$v":"Modell"},{"$i":"os-version","$v":"Betriebssystemversion"},{"$i":"firmware_revision","$v":"Firmware-Version"},{"$i":"hardware_revision","$v":"Hardware-Version"},{"$i":"platform_version","$v":"Plattform-Version"},{"$i":"build-id","$v":"Build-ID"},{"$i":"update-channel","$v":"Updatekanal"},{"$i":"build_number","$v":"Build-Nummer"},{"$i":"update-url","$v":"Update-Adresse"},{"$i":"last-updated","$v":"Zuletzt aktualisiert"},{"$i":"more-info","$v":"Weitere Informationen"},{"$i":"more-info-header","$v":[{"t":"idOrVar","v":"more-info"}]},{"$i":"softwareUpdates","$v":"Software-Updates"},{"$i":"check-update-daily","$v":"Täglich"},{"$i":"check-update-weekly","$v":"Wöchentlich"},{"$i":"check-update-monthly","$v":"Monatlich"},{"$i":"check-for-updates","$v":"Nach Updates suchen"},{"$i":"check-update-now","$v":"Jetzt suchen"},{"$i":"update-status","$v":"Update-Status"},{"$i":"no-network-when-update","$v":"Verbinden Sie mit dem Internet, um das Update fortzusetzen."},{"$i":"checking-for-update","$v":"Updates werden gesucht…"},{"$i":"no-updates","$v":"Keine Updates gefunden"},{"$i":"retry-when-online","$v":"Netzwerk ist offline. Suche wird erneut gestartet, wenn das Netzwerk online ist."},{"$i":"already-latest-version","$v":["Dies ist bereits die neueste Version von ",{"t":"idOrVar","v":"brandShortName"},"."]},{"$i":"check-error","$v":"Bei der Suche nach Updates trat ein Problem auf."},{"$i":"aboutBrowserOS","$v":["Über ",{"t":"idOrVar","v":"brandShortName"}]},{"$i":"browser-os-desc","$v":[{"t":"idOrVar","v":"brandShortName"}," ist ein freies und quelloffenes Betriebssystem von Mozilla. Unsere Mission ist das Fördern von Offenheit, Innovationen und Möglichkeiten, wozu die Macht des Internets in Ihren Händen liegen soll."]},{"$i":"learn-more","$v":"Mehr erfahren"},{"$i":"reset-head","$v":"Zurücksetzen"},{"$i":"reset-warning-title","$v":"WARNUNG"},{"$i":"unlock-privileges","$v":"Höhere Rechte freischalten"},{"$i":"reset-devtools","$v":"Zurücksetzen und vollständige Entwicklerwerkzeuge aktivieren"},{"$i":"reset-devtools-warning-title","$v":"WARNUNG"},{"$i":"your-rights","$v":"Ihre Rechte"},{"$i":"your-rights-header","$v":[{"t":"idOrVar","v":"your-rights"}]},{"$i":"about-your-rights-0","$v":[{"t":"idOrVar","v":"brandShortName"}," basiert auf kostenloser und quelloffener Software, entwickelt von einer Gemeinschaft tausender Gleichgesinnter, verteilt über die gesamte Welt. Es gibt da einige Dinge, die Sie wissen sollten:"]},{"$i":"about-your-rights-1","$v":[{"t":"idOrVar","v":"brandShortName"}," wird Ihnen ermöglicht durch Code, der unter den Bedingungen verschiedener Lizenzen für quelloffene Projekte einschließlich der Mozilla Public License steht. Ein Gerät, auf dem ",{"t":"idOrVar","v":"brandShortName"}," läuft, kann auch durch Urheberrechte geschützte Software dritter Parteien enthalten. Jeder unter einer Lizenz für quelloffene Software bereitgestellte Code gibt Ihnen das Recht, den Quellcode zu verändern und die veränderten Versionen zu verteilen, so lang Sie sich an die Bedingungen halten."]},{"$i":"about-your-rights-2","$v":["Mozilla gibt Ihnen keine Markenrechte oder Lizenzen an den Handelsmarken der Mozilla Foundation oder irgendeiner Partei, einschließlich ohne Einschränkungen am Namen ",{"t":"idOrVar","v":"brandShortName"}," oder dem Logo von ",{"t":"idOrVar","v":"brandShortName"},"."]},{"$i":"about-your-rights-3","$v":["Einige Funktionen in ",{"t":"idOrVar","v":"brandShortName"}," wie der Absturzmelder geben Ihnen die Möglichkeit, Feedback an Mozilla zu senden. Mit dem Absenden des Feedbacks erklären Sie sich damit einverstanden, dass Mozilla die Erlaubnis hat, das Feedback zur Verbesserung seiner Produkte einzusetzen, es auf seiner Website zu veröffentlichen sowie es weiterzugeben."]},{"$i":"about-legal-info","$v":"Rechtliche Informationen"},{"$i":"about-credit-info","$v":"Danksagungen"},{"$i":"about-legal-info-header","$v":[{"t":"idOrVar","v":"about-legal-info"}]},{"$i":"open-source-notices","$v":"Hinweise offene Quelltexte"},{"$i":"open-source-notices-header","$v":"Offene Quelltexte"},{"$i":"obtaining-source-code","$v":"Quellcode erhalten"},{"$i":"obtaining-source-code-header","$v":[{"t":"idOrVar","v":"obtaining-source-code"}]},{"$i":"about-mozilla","$v":"Mozilla"},{"$i":"about-other","$v":"Andere"},{"$i":"your-privacy","$v":"Ihre Privatsphäre"},{"$i":"your-privacy-header","$v":[{"t":"idOrVar","v":"your-privacy"}]},{"$i":"licensing-1","$v":"Binaries of this product have been made available to you by the Mozilla Project, under the Mozilla Public License 2.0 (MPL). Know your rights."},{"$i":"licensing-2","$v":"All of the source code to this product is available under licenses that are both free and open source. Most of it is available under the Mozilla Public License 2.0 (MPL)."},{"$i":"licensing-3","$v":"The remainder of the software that is not under the Mozilla Public License 2.0 MPL is available under one of a variety of other licenses. Those that require reproduction of the license text in the distribution are given below. (Note: Your copy of this product may not contain code covered by one or more of the licenses listed here, depending on the exact product and version you choose.)"},{"$i":"licensing-MPL","$v":"Mozilla Public License 2.0"},{"$i":"licensing-Apache","$v":"Apache License 2.0"},{"$i":"launch-ftu","$v":"Erstbenutzung starten"},{"$i":"no-ftu","$v":"Keine App für Erstbenutzung gefunden"},{"$i":"software-home-button","$v":"Software-Startschaltfläche"},{"$i":"home-gesture","$v":"Startbildschirm-Geste"},{"$i":"continuous-transition","$v":"Fortlaufender Übergang"},{"$i":"debug-gaia-enabled","$v":"Gaia-Debug-Traces"},{"$i":"showScreenReaderSettings","$v":"Barrierefreiheiteinstellungen anzeigen"},{"$i":"app-transition","$v":"App-Übergänge"},{"$i":"app-suspending","$v":"App pausieren"},{"$i":"copypaste","$v":"Kopieren/Einfügen"},{"$i":"verbose-app-permissions","$v":"Ausführliche App-Berechtigungen"},{"$i":"window-management","$v":"Fensterverwaltung"},{"$i":"downloads-edit","$v":"Verwalten"},{"$i":"downloads-select-all","$v":"Alle auswählen"},{"$i":"downloads-deselect-all","$v":"Alle abwählen"},{"$i":"downloads-delete","$v":"Löschen"},{"$i":"battery","$v":"Batterie"},{"$i":"battery-header","$v":[{"t":"idOrVar","v":"battery"}]},{"$i":"batteryLevel","$v":"Ladestand"},{"$i":"batteryLevel-percent-unplugged","$v":[{"t":"idOrVar","v":"level"},"%"]},{"$i":"batteryLevel-percent-charging","$v":[{"t":"idOrVar","v":"level"},"% (wird geladen)"]},{"$i":"batteryLevel-percent-charged","$v":[{"t":"idOrVar","v":"level"},"% (aufgeladen)"]},{"$i":"powerSaveModeTitle","$v":"Energiesparmodus"},{"$i":"powerSaveMode","$v":"Energiesparmodus"},{"$i":"powerSave-threshold","$v":["Bei ",{"t":"idOrVar","v":"level"},"% Akkuladestand"]},{"$i":"turnOnAuto","$v":"Automatisch aktivieren"},{"$i":"accessibility","$v":"Barrierefreiheit"},{"$i":"accessibility-header","$v":[{"t":"idOrVar","v":"accessibility"}]},{"$i":"screenReader","$v":"Sprachausgabe"},{"$i":"screenReader-header","$v":[{"t":"idOrVar","v":"screenReader"}]},{"$i":"screenReader-toggle","$v":[{"t":"idOrVar","v":"screenReader"}]},{"$i":"colorFilter","$v":"Farbfilter"},{"$i":"colorFilter-header","$v":[{"t":"idOrVar","v":"colorFilter"}]},{"$i":"colorFilter-toggle","$v":[{"t":"idOrVar","v":"colorFilter"}]},{"$i":"screenReader-captions","$v":"Sprachausgabe anzeigen"},{"$i":"screenReader-enable-msg","$v":"Bei aktivierter Sprachausgabe gibt das Gerät gesprochene Rückmeldungen, um blinde Benutzer oder Personen mit eingeschränkter Sehfähigkeit zu unterstützen."},{"$i":"screen-reader-speech-volume","$v":"Lautstärke der Ausgabe"},{"$i":"screen-reader-speech-rate","$v":"Geschwindigkeit der Ausgabe"},{"$i":"screenReader-confirm-title-start","$v":"Sprachausgabe starten?"},{"$i":"screenReader-confirm-description-start","$v":"Das Aktivieren der Sprachausgabe ändert die Funktionsweise des berührungsempfindlichen Bildschirms. Bei einer Berührung eines Elements wird dieses genannt. Zum Aktivieren des Elements muss dieses doppelt angetippt werden."},{"$i":"screenReader-confirm-button-start","$v":"Starten"},{"$i":"screenReader-confirm-title-stop","$v":"Sprachausgabe beenden"},{"$i":"screenReader-confirm-description-stop","$v":"Das Deaktivieren der Sprachausgabe beendet jede sprachliche Rückmeldung."},{"$i":"screenReader-confirm-button-stop","$v":"Beenden"},{"$i":"colorFilter-invert","$v":"Invertieren"},{"$i":"colorFilter-grayscale","$v":"Graustufen"},{"$i":"colorFilter-contrast","$v":"Kontrast"},{"$i":"improveBrowserOS","$v":[{"t":"idOrVar","v":"brandShortName"}," verbessern"]},{"$i":"improveBrowserOSTitle","$v":[{"t":"idOrVar","v":"brandShortName"}," verbessern"]},{"$i":"sendMozillaFeedback","$v":"Feedback an Mozilla senden"},{"$i":"performanceAndUsageData","$v":"Performanz- und Nutzungsdaten"},{"$i":"sharePerformanceAndUsageData","$v":"Daten senden"},{"$i":"appUsageByRegion","$v":"App usage by region"},{"$i":"crashReports","$v":"Absturzberichte"},{"$i":"crashReports-header","$v":[{"t":"idOrVar","v":"crashReports"}]},{"$i":"crashReportInfo","$v":"Das Senden eines Berichts im Falle eines Absturzes hilft uns beim Beheben des Problems für jeden Benutzer. Berichte werden nur über WLAN versandt."},{"$i":"alwaysSendReport","$v":"Immer senden"},{"$i":"neverSendReport","$v":"Nie senden"},{"$i":"askToSendReport2","$v":"Jedes Mal fragen"},{"$i":"crash-reports-description-1","$v":"Ein Absturzbericht enthält einige Informationen über den Absturz und Ihr Gerät sowie eine Abbildung des Softwarezustandes Ihres Geräts während des Absturzes."},{"$i":"crash-reports-description-2","$v":"Dies können Informationen wie offene Internetseiten und Anwendungen, in Formulare eingegebener Text und der Inhalt geöffneter Nachrichten, die neueste Chronik oder Ihr Standort sein, falls dieser von einer geöffneten App abgerufen wurde."},{"$i":"crash-reports-description-3-start","$v":"Wir verwenden Absturzberichte um zu versuchen, diese Probleme zu beheben und unsere Produkte zu verbessern. Wir verwenden die Informationen wie in unserer "},{"$i":"crash-reports-description-3-privacy","$v":"Datenschutzerklärung "},{"$i":"crash-reports-description-3-end","$v":"beschrieben."},{"$i":"sendFeedbackTitle","$v":"Ihr Feedback mitteilen"},{"$i":"feedback-description","$v":"Ihr Feedback hilft uns, Firefox OS zu verbessern."},{"$i":"feedback-happy","$v":"Glücklich"},{"$i":"feedback-sad","$v":"Traurig"},{"$i":"feedback-mood-description","$v":"Wie fühlen Sie sich?"},{"$i":"feedback_whyfeel_happy","$v":"Warum glücklich?"},{"$i":"feedback_whyfeel_sad","$v":"Warum traurig?"},{"$i":"feedback-mood-explain","$v":"Bitte beschreiben Sie es uns im Detail."},{"$i":"feedback-public-description","$v":"Der Inhalt Ihres Feedback wird öffentlich sein, stellen Sie daher sicher, dass keine persönlichen Informationen enthalten sind."},{"$i":"feedback-contactyou","$v":"Hier können Sie uns erlauben, Sie per E-Mail zu kontaktieren."},{"$i":"email-address1","$v":"E-Mail-Adresse:"},{"$i":"email-keepprivate","$v":"Machen Sie sich keine Sorgen. Ihre E-Mail-Adresse wird immer privat gehalten werden."},{"$i":"feedback-sendbtn","$v":"Feedback senden"},{"$i":"feedback-errormessage-connect-error","$v":"Es tut uns leid, wegen eines Datenverbindungsfehlers konnte das System Ihren Vorschlag nicht senden. Bitte beheben Sie das Datenverbindungsproblem und senden Sie ihn erneut."},{"$i":"feedback-errormessage-server-off","$v":"Es tut uns leid, der Server ist nicht erreichbar. Das System konnte Ihren Vorschlag nicht senden. Bitte warten Sie einen Moment und senden Sie ihn dann erneut."},{"$i":"feedback-errormessage-timeout","$v":"Es tut uns leid, das Zeitlimit wurde überschritten. Das System konnte Ihren Vorschlag nicht senden. Bitte starten Sie das Gerät neu und senden Sie den Vorschlag nochmals."},{"$i":"feedback-errormessage-wrong-email","$v":"Es tut uns leid, die E-Mail-Adresse ist leer oder falsch formatiert. Das System konnte Ihren Vorschlag nicht senden. Bitte verwenden Sie eine korrekte E-Mail-Adresse und senden Sie ihn erneut."},{"$i":"feedback-errormessage-empty-comment","$v":"Es tut uns leid, das Kommentarfeld ist leer. Das System konnte Ihren Vorschlag nicht senden. Bitte füllen Sie das Formular aus und senden Sie es erneut."},{"$i":"feedback-errormessage-just-sent","$v":"Es tut uns leid, Sie haben uns bereits Feedback geschickt. Das System konnte Ihren Vorschlag nicht senden. Bitte versuchen Sie unser nächstes Softwareupdate und senden Sie erneut Feedback."},{"$i":"feedback-complete-msg","$v":"Vielen Dank für das Feedback! Wir verwenden es, um ein besseres Erlebnis in zukünftigen Versionen von Firefox OS zu schaffen."},{"$i":"online-support","$v":"Online-Support:"},{"$i":"call-support","$v":"Telefon-Support:"},{"$i":"user-guide","$v":"Benutzerdokumentation"},{"$i":"default-support","$v":"Bitte fragen Sie Ihren Anbieter um Hilfe."},{"$i":"operatorServices","$v":"Mobilfunkanbieter-Dienste"},{"$i":"operatorServices-help","$v":"Hilfe"},{"$i":"operatorServices-helpmenu","$v":"Hilfe-Menü"},{"$i":"stkAppsNotAvailable","$v":"SIM-Karten-Anwendungen nicht verfügbar"},{"$i":"simToolkit","$v":"SIM-Toolkit"},{"$i":"stkItemsNaiSetUpCall","$v":"Anruf durchführen"},{"$i":"stkItemsNaiSendSs","$v":"SS senden"},{"$i":"stkItemsNaiSendUssd","$v":"USSD senden"},{"$i":"stkItemsNaiSendSms","$v":"SMS senden"},{"$i":"stkItemsNaiSendDtmf","$v":"DTMF senden"},{"$i":"stkItemsNaiLaunchBrowser","$v":"Browser öffnen"},{"$i":"stkItemsNaiPlayTone","$v":"Ton wiedergeben"},{"$i":"stkItemsNaiDisplayText","$v":"Text anzeigen"},{"$i":"stkItemsNaiGetInkey","$v":"Ein Zeichen eingeben"},{"$i":"stkItemsNaiGetInput","$v":"Zeichen eingeben"},{"$i":"stkItemsNaiSelectItem","$v":"Eintrag auswählen"},{"$i":"stkItemsNaiSetUpMenu","$v":"Menü einrichten"},{"$i":"stkItemsNaiProvideLocalInfo","$v":"Lokalisierungsinformationen abrufen"},{"$i":"stkItemsNaiSetIdleModeText","$v":"Text für Abwesenheit einrichten"},{"$i":"stkItemsNaiPerformCardApdu","$v":"Karten-APDU durchführen"},{"$i":"stkItemsNaiPowerOnCard","$v":"Karte aktivieren"},{"$i":"stkItemsNaiPowerOffCard","$v":"Karte deaktivieren"},{"$i":"stkItemsNaiGetReaderStatus","$v":"Lesestatus abfragen"},{"$i":"stkItemsNaiOpenChannel","$v":"Kanal öffnen"},{"$i":"stkItemsNaiCloseChannel","$v":"Kanal schließen"},{"$i":"stkItemsNaiReceiveData","$v":"Daten empfangen"},{"$i":"stkItemsNaiSendData","$v":"Daten senden"},{"$i":"stkItemsNaiGetChannelStatus","$v":"Kanalstatus anzeigen"},{"$i":"stkItemsNaiEndOfTheProactiveSession","$v":"Ende der proaktiven Sitzung"},{"$i":"is-warning-storage-header","$v":"USB-Speicher"},{"$i":"is-warning-tethering-header","$v":"USB-Tethering"},{"$i":"is-warning-wifi-header","$v":"WLAN-Hotspot"},{"$i":"is-warning-storage-tethering-message","$v":"Das Aktivieren des USB-Speichers wird USB-Tethering deaktivieren. Soll der USB-Speicher aktiviert werden?"},{"$i":"is-warning-tethering-storage-message","$v":"Das Aktivieren von USB-Tethering wird die Bereitstellung des USB-Speichers beenden. Soll USB-Tethering aktiviert werden?"},{"$i":"is-warning-tethering-wifi-message","$v":"Das Aktivieren von USB-Tethering wird den WLAN-Hotspot deaktivieren. Soll USB-Tethering aktiviert werden?"},{"$i":"is-warning-wifi-tethering-message","$v":"Das Aktivieren des WLAN-Hotspots wird USB-Tethering deaktivieren. Soll der WLAN-Hotspot aktiviert werden?"},{"$i":"settings-dialog-alert","$v":"Alarm"},{"$i":"settings-dialog-confirm","$v":"Bestätigung"},{"$i":"settings-dialog-prompt","$v":"Abfrage"},{"$i":"settings-alert-dialog-header","$v":[{"t":"idOrVar","v":"settings-dialog-alert"}]},{"$i":"settings-confirm-dialog-header","$v":[{"t":"idOrVar","v":"settings-dialog-confirm"}]},{"$i":"settings-prompt-dialog-header","$v":[{"t":"idOrVar","v":"settings-dialog-prompt"}]},{"$i":"addons","$v":"Addons"},{"$i":"addons-header","$v":[{"t":"idOrVar","v":"addons"}]},{"$i":"change-device-name","$v":"Namen des Telefons ändern"},{"$i":"internetSharing-usb-desc","$v":"Internetverbindung des Telefons mit einem per USB angeschlossenen Gerät teilen"},{"$i":"internetSharing-wifi-desc","$v":"Anderen Geräten das Mitbenutzen der Internetverbindung des Telefons über WLAN erlauben"},{"$i":"unplayable-ringtone","$v":"Der Klingelton wurde nicht geändert, da die ausgewählte Datei auf diesem Telefon nicht wiedergegeben werden kann."},{"$i":"findmydevice-signup-description","$v":"\"Mein Gerät finden\" erlaubt Ihnen, Ihr Telefon über das Internet zu suchen, zu sperren und zu löschen."},{"$i":"findmydevice-settings-description","$v":"\"Mein Gerät finden\" erlaubt Ihnen, Ihr Telefon mittels einer Website zu suchen, zu sperren und zu löschen:"},{"$i":"findmydevice-active-tracking","$v":"Die Position Ihres Telefons wird auf der Website durch ein Gerät überwacht."},{"$i":"findmydevice-not-tracking","$v":"Derzeit wird die Position Ihres Telefons auf der Website durch kein Gerät überwacht."},{"$i":"ums-confirm","$v":"Das Aktivieren des USB-Speichers erlaubt einem anderen über USB verbundenen Computer oder Gerät, auf die Dateien auf diesem Telefon zuzugreifen."},{"$i":"reset-device","$v":"Telefon zurücksetzen"},{"$i":"reset-warning-body","$v":"Beim Zurücksetzen werden alle Ihre Daten einschließlich gekaufter Apps gelöscht. Das Telefon wird in den Fabrikzustand zurückversetzt. Keine Ihrer Einstellungen oder Daten bleiben erhalten."},{"$i":"reset-devtools-warning-body","$v":"Beim Zurücksetzen werden alle Ihre Daten einschließlich gekaufter Apps gelöscht. Keine Ihrer Einstellungen oder Daten bleiben erhalten. Dafür erhalten Sie uneingeschränkten Zugriff auf die Entwickler-Werkzeuge, welche das Verändern und Debuggen von System-Apps ermöglichen."},{"$i":"powerSave-explanation","$v":"Das Aktivieren des Energiesparmodus deaktiviert die Daten- und Bluetooth-Verbindungen sowie den Standortzugriff des Telefons, um die Laufzeit der verbleibenden Batterieladung zu erhöhen. Sie können diese Dienste weiterhin manuell aktivieren."},{"$i":"performanceAndUsageDataInfo","$v":["Helfen Sie uns beim Verbessern von ",{"t":"idOrVar","v":"brandShortName"},", indem Sie uns Informationen über Ihr Telefon und Ihre Nutzung mitteilen."]},{"$i":"device-status-connected-device","$v":"Verbunden mit Telefon-Audio"},{"$i":"device-status-connected-device-media","$v":"Verbunden mit Telefon-/Medien-Audio"}]