[{"$i":"stopped_download_title","$v":"Descarga parada"},{"$i":"stopped_download_message","$v":"Se detuvo la descarga. ¿Intentar descargar de nuevo?"},{"$i":"stopped_download_left_button","$v":"Cancelar"},{"$i":"stopped_download_right_button","$v":"Intentar"},{"$i":"failed_download_title","$v":"Falló la descarga"},{"$i":"failed_download_message","$v":[{"t":"idOrVar","v":"name"}," interrumpió la descarga. ¿Intentar descargar de nuevo?"]},{"$i":"failed_download_left_button","$v":"Cancelar"},{"$i":"failed_download_right_button","$v":"Intentar"},{"$i":"stop_download_title","$v":"Parar descarga"},{"$i":"stop_download_message","$v":"¿Seguro que desea parar la descarga?"},{"$i":"stop_download_left_button","$v":"No"},{"$i":"stop_download_right_button","$v":"Sí"},{"$i":"delete_download_title","$v":"Borrar"},{"$i":"delete_download_message","$v":["¿Borrar ",{"t":"idOrVar","v":"name"},"?"]},{"$i":"delete_download_left_button","$v":"Cancelar"},{"$i":"delete_download_right_button","$v":"Borrar"},{"$i":"delete_all_download_title","$v":"Borrar"},{"$i":"delete_all_download_left_button","$v":"Cancelar"},{"$i":"delete_all_download_right_button","$v":"Borrar"},{"$i":"delete_all_download_message","$v":{"zero":"¿No borrar ficheros?","one":"¿Borrar un fichero?","two":["¿Borrar ",{"t":"idOrVar","v":"number"}," ficheros?"],"few":["¿Borrar ",{"t":"idOrVar","v":"number"}," ficheros?"],"many":["¿Borrar ",{"t":"idOrVar","v":"number"}," ficheros?"],"other":["¿Borrar ",{"t":"idOrVar","v":"number"}," ficheros?"]},"$x":[{"t":"idOrVar","v":"plural"},"number"]},{"$i":"unsupported_file_type_download_title","$v":"Imposible abrir"},{"$i":"unsupported_file_type_download_message","$v":["No hay ninguna aplicación que pueda abrir ",{"t":"idOrVar","v":"name"},". ¿Desea guardar el archivo o borrarlo?"]},{"$i":"unsupported_file_type_download_left_button","$v":"Guardar archivo"},{"$i":"unsupported_file_type_download_right_button","$v":"Borrar"},{"$i":"file_not_found_download_title","$v":"Archivo no encontrado"},{"$i":"file_not_found_download_message","$v":"No se encontró el archivo en el dispositivo"},{"$i":"file_not_found_download_right_button","$v":"Aceptar"},{"$i":"unmounted_sdcard_2_download_title","$v":"Tarjeta de memoria en uso"},{"$i":"unmounted_sdcard_2_download_message","$v":"Desconecte el teléfono"},{"$i":"unmounted_sdcard_2_download_right_button","$v":"Aceptar"},{"$i":"no_provider_download_title","$v":"Imposible compartir"},{"$i":"no_provider_download_message","$v":"No se encuentra operador"},{"$i":"no_provider_download_right_button","$v":"Aceptar"},{"$i":"no_memory_download_title","$v":"La tarjeta SD está llena"},{"$i":"no_memory_download_message","$v":"No hay más espacio en la tarjeta SD para guardar la descarga. Elimine algunos archivos antes de reiniciarla."},{"$i":"no_memory_download_right_button","$v":"Aceptar"},{"$i":"no_sdcard_found_2_download_title","$v":"No se encuentra tarjeta de memoria"},{"$i":"no_sdcard_found_2_download_message","$v":"Inserte una tarjeta de memoria o seleccione en Ajustes una ubicación predeterminada alternativa para los archivos multimedia"},{"$i":"no_sdcard_found_2_download_right_button","$v":"Aceptar"},{"$i":"file_open_error_download_title","$v":"Imposible abrir"},{"$i":"file_open_error_download_message","$v":["Hubo un problema al abrir ",{"t":"idOrVar","v":"name"},". ¿Desea guardar el archivo o borrarlo?"]},{"$i":"file_open_error_download_left_button","$v":"Guardar archivo"},{"$i":"file_open_error_download_right_button","$v":"Borrar"},{"$i":"restart_download_error","$v":"Hubo un error al reiniciar la descarga. Intente descargar de nuevo."},{"$i":"no-downloads","$v":"Sin descargas"},{"$i":"byteUnit-B","$v":"B"},{"$i":"byteUnit-KB","$v":"Kb"},{"$i":"byteUnit-MB","$v":"Mb"},{"$i":"byteUnit-GB","$v":"Gb"},{"$i":"byteUnit-TB","$v":"Tb"},{"$i":"fileSize","$v":[{"t":"idOrVar","v":"size"}," ",{"t":"idOrVar","v":"unit"}]},{"$i":"percentage","$v":[{"t":"idOrVar","v":"percentage"}," %"]},{"$i":"partialResult","$v":[{"t":"idOrVar","v":"partial"}," de ",{"t":"idOrVar","v":"total"}]},{"$i":"summary","$v":[{"t":"idOrVar","v":"date"}," - ",{"t":"idOrVar","v":"status"}]},{"$i":"download-stopped","$v":"Parada"},{"$i":"download-failed","$v":"Descarga fallida"},{"$i":"open_downloaded_file","$v":"Abrir"},{"$i":"share_downloaded_file","$v":"Compartir"},{"$i":"wallpaper_downloaded_file","$v":"Usar como fondo de pantalla"},{"$i":"ringtone_downloaded_file","$v":"Usar como tono de llamada"},{"$i":"cancel_downloaded_file","$v":"Cancelar"},{"$i":"brandShortName","$v":"B2G OS"},{"$i":"browserBrandShortName","$v":"Web Browser"},{"$i":"browserBrandFullName","$v":"Mozilla Web Browser"},{"$i":"ringtoneBrandName","$v":"Default"},{"$i":"ringtoneSectionBrandName","$v":"System"},{"$i":"weekday-0-long","$v":"Domingo"},{"$i":"weekday-1-long","$v":"Lunes"},{"$i":"weekday-2-long","$v":"Martes"},{"$i":"weekday-3-long","$v":"Miércoles"},{"$i":"weekday-4-long","$v":"Jueves"},{"$i":"weekday-5-long","$v":"Viernes"},{"$i":"weekday-6-long","$v":"Sábado"},{"$i":"weekday-0-short","$v":"Dom"},{"$i":"weekday-1-short","$v":"Lun"},{"$i":"weekday-2-short","$v":"Mar"},{"$i":"weekday-3-short","$v":"Mié"},{"$i":"weekday-4-short","$v":"Jue"},{"$i":"weekday-5-short","$v":"Vie"},{"$i":"weekday-6-short","$v":"Sáb"},{"$i":"month-0-long","$v":"enero"},{"$i":"month-1-long","$v":"febrero"},{"$i":"month-2-long","$v":"marzo"},{"$i":"month-3-long","$v":"abril"},{"$i":"month-4-long","$v":"mayo"},{"$i":"month-5-long","$v":"junio"},{"$i":"month-6-long","$v":"julio"},{"$i":"month-7-long","$v":"agosto"},{"$i":"month-8-long","$v":"septiembre"},{"$i":"month-9-long","$v":"octubre"},{"$i":"month-10-long","$v":"noviembre"},{"$i":"month-11-long","$v":"diciembre"},{"$i":"month-0-genitive","$v":"enero"},{"$i":"month-1-genitive","$v":"febrero"},{"$i":"month-2-genitive","$v":"marzo"},{"$i":"month-3-genitive","$v":"abril"},{"$i":"month-4-genitive","$v":"mayo"},{"$i":"month-5-genitive","$v":"junio"},{"$i":"month-6-genitive","$v":"julio"},{"$i":"month-7-genitive","$v":"agosto"},{"$i":"month-8-genitive","$v":"septiembre"},{"$i":"month-9-genitive","$v":"octubre"},{"$i":"month-10-genitive","$v":"noviembre"},{"$i":"month-11-genitive","$v":"diciembre"},{"$i":"month-0-short","$v":"ene"},{"$i":"month-1-short","$v":"feb"},{"$i":"month-2-short","$v":"mar"},{"$i":"month-3-short","$v":"abr"},{"$i":"month-4-short","$v":"may"},{"$i":"month-5-short","$v":"jun"},{"$i":"month-6-short","$v":"jul"},{"$i":"month-7-short","$v":"ago"},{"$i":"month-8-short","$v":"sep"},{"$i":"month-9-short","$v":"oct"},{"$i":"month-10-short","$v":"nov"},{"$i":"month-11-short","$v":"dic"},{"$i":"minutes-ago-long","$v":{"zero":"ahora","one":"hace un minuto","two":["hace ",{"t":"idOrVar","v":"value"}," minutos"],"few":["hace ",{"t":"idOrVar","v":"value"}," minutos"],"many":["hace ",{"t":"idOrVar","v":"value"}," minutos"],"other":["hace ",{"t":"idOrVar","v":"value"}," minutos"]},"$x":[{"t":"idOrVar","v":"plural"},"value"]},{"$i":"hours-ago-long","$v":{"zero":"ahora","one":"hace una hora","two":["hace ",{"t":"idOrVar","v":"value"}," horas"],"few":["hace ",{"t":"idOrVar","v":"value"}," horas"],"many":["hace ",{"t":"idOrVar","v":"value"}," horas"],"other":["hace ",{"t":"idOrVar","v":"value"}," horas"]},"$x":[{"t":"idOrVar","v":"plural"},"value"]},{"$i":"days-ago-long","$v":{"zero":"hoy","one":"ayer","two":["hace ",{"t":"idOrVar","v":"value"}," días"],"few":["hace ",{"t":"idOrVar","v":"value"}," días"],"many":["hace ",{"t":"idOrVar","v":"value"}," días"],"other":["hace ",{"t":"idOrVar","v":"value"}," días"]},"$x":[{"t":"idOrVar","v":"plural"},"value"]},{"$i":"weeks-ago-long","$v":{"zero":"esta semana","one":"la semana pasada","two":["hace ",{"t":"idOrVar","v":"value"}," semanas"],"few":["hace ",{"t":"idOrVar","v":"value"}," semanas"],"many":["hace ",{"t":"idOrVar","v":"value"}," semanas"],"other":["hace ",{"t":"idOrVar","v":"value"}," semanas"]},"$x":[{"t":"idOrVar","v":"plural"},"value"]},{"$i":"months-ago-long","$v":{"zero":"este mes","one":"el último mes","two":["hace ",{"t":"idOrVar","v":"value"}," meses"],"few":["hace ",{"t":"idOrVar","v":"value"}," meses"],"many":["hace ",{"t":"idOrVar","v":"value"}," meses"],"other":["hace ",{"t":"idOrVar","v":"value"}," meses"]},"$x":[{"t":"idOrVar","v":"plural"},"value"]},{"$i":"years-ago-long","$v":{"zero":"este año","one":"último año","two":["hace ",{"t":"idOrVar","v":"value"}," años"],"few":["hace ",{"t":"idOrVar","v":"value"}," años"],"many":["hace ",{"t":"idOrVar","v":"value"}," años"],"other":["hace ",{"t":"idOrVar","v":"value"}," años"]},"$x":[{"t":"idOrVar","v":"plural"},"value"]},{"$i":"minutes-until-long","$v":{"zero":"ahora","one":"en un minuto","two":["en ",{"t":"idOrVar","v":"value"}," minutos"],"few":["en ",{"t":"idOrVar","v":"value"}," minutos"],"many":["en ",{"t":"idOrVar","v":"value"}," minutos"],"other":["en ",{"t":"idOrVar","v":"value"}," minutos"]},"$x":[{"t":"idOrVar","v":"plural"},"value"]},{"$i":"hours-until-long","$v":{"zero":"ahora","one":"en una hora","two":["en ",{"t":"idOrVar","v":"value"}," horas"],"few":["en ",{"t":"idOrVar","v":"value"}," horas"],"many":["en ",{"t":"idOrVar","v":"value"}," horas"],"other":["en ",{"t":"idOrVar","v":"value"}," horas"]},"$x":[{"t":"idOrVar","v":"plural"},"value"]},{"$i":"days-until-long","$v":{"zero":"hoy","one":"mañana","two":["en ",{"t":"idOrVar","v":"value"}," días"],"few":["en ",{"t":"idOrVar","v":"value"}," días"],"many":["en ",{"t":"idOrVar","v":"value"}," días"],"other":["en ",{"t":"idOrVar","v":"value"}," días"]},"$x":[{"t":"idOrVar","v":"plural"},"value"]},{"$i":"weeks-until-long","$v":{"zero":"esta semana","one":"la próxima semana","two":["en ",{"t":"idOrVar","v":"value"}," semanas"],"few":["en ",{"t":"idOrVar","v":"value"}," semanas"],"many":["en ",{"t":"idOrVar","v":"value"}," semanas"],"other":["en ",{"t":"idOrVar","v":"value"}," semanas"]},"$x":[{"t":"idOrVar","v":"plural"},"value"]},{"$i":"months-until-long","$v":{"zero":"este mes","one":"próximo mes","two":["en ",{"t":"idOrVar","v":"value"}," meses"],"few":["en ",{"t":"idOrVar","v":"value"}," meses"],"many":["en ",{"t":"idOrVar","v":"value"}," meses"],"other":["en ",{"t":"idOrVar","v":"value"}," meses"]},"$x":[{"t":"idOrVar","v":"plural"},"value"]},{"$i":"years-until-long","$v":{"zero":"este año","one":"próximo año","two":["en ",{"t":"idOrVar","v":"value"}," años"],"few":["en ",{"t":"idOrVar","v":"value"}," años"],"many":["en ",{"t":"idOrVar","v":"value"}," años"],"other":["en ",{"t":"idOrVar","v":"value"}," años"]},"$x":[{"t":"idOrVar","v":"plural"},"value"]},{"$i":"minutes-ago-short","$v":{"zero":"ahora","other":["hace ",{"t":"idOrVar","v":"value"}," m"]},"$x":[{"t":"idOrVar","v":"plural"},"value"]},{"$i":"hours-ago-short","$v":{"zero":"ahora","other":["hace ",{"t":"idOrVar","v":"value"}," h"]},"$x":[{"t":"idOrVar","v":"plural"},"value"]},{"$i":"days-ago-short","$v":{"zero":"hoy","other":["hace ",{"t":"idOrVar","v":"value"}," d"]},"$x":[{"t":"idOrVar","v":"plural"},"value"]},{"$i":"minutes-until-short","$v":{"zero":"ahora","other":["en ",{"t":"idOrVar","v":"value"}," m"]},"$x":[{"t":"idOrVar","v":"plural"},"value"]},{"$i":"hours-until-short","$v":{"zero":"ahora","other":["en ",{"t":"idOrVar","v":"value"}," h"]},"$x":[{"t":"idOrVar","v":"plural"},"value"]},{"$i":"days-until-short","$v":{"zero":"hoy","other":["en ",{"t":"idOrVar","v":"value"}," d"]},"$x":[{"t":"idOrVar","v":"plural"},"value"]},{"$i":"incorrectDate","$v":"(fecha incorrecta)"},{"$i":"dateTimeFormat_%c","$v":"%a, %e de %b, %Y %H:%M:%S"},{"$i":"dateTimeFormat_%x","$v":"%d/%m/%Y"},{"$i":"dateTimeFormat_%X","$v":"%H:%M:%S"},{"$i":"shortTimeFormat","$v":"%H:%M"},{"$i":"shortTimeFormat12","$v":"%H:%M"},{"$i":"shortTimeFormat24","$v":"%H:%M"},{"$i":"shortDateTimeFormat","$v":"%x %H:%M"},{"$i":"weekStartsOnMonday","$v":"1"},{"$i":"firstDayOfTheWeek","$v":"1"},{"$i":"time_am","$v":"AM"},{"$i":"time_pm","$v":"PM"},{"$i":"title-app","$v":"Permisos de apps"},{"$i":"title-web","$v":"Permisos de sitios web"},{"$i":"title-cam","$v":"Elegir cámara"},{"$i":"perm-alarms","$v":"Programar alarmas"},{"$i":"perm-audio-capture","$v":"Micrófono"},{"$i":"perm-audio-capture-appRequest","$v":["¿Le gustaría compartir su micrófono con la aplicación ",{"t":"idOrVar","v":"app"},"?"]},{"$i":"perm-audio-capture-webRequest","$v":["¿Le gustaría compartir su micrófono con el sitio ",{"t":"idOrVar","v":"site"},"?"]},{"$i":"perm-audio-channel-content","$v":"Reproducir sonidos"},{"$i":"perm-audio-channel-notification","$v":"Reproducir sonidos notificación"},{"$i":"perm-audio-channel-ringer","$v":"Reproducir sonidos tono"},{"$i":"perm-background-sensors","$v":"Acceder a datos de sensores"},{"$i":"perm-bluetooth","$v":"Bluetooth"},{"$i":"perm-browser","$v":"Inspeccionar páginas web"},{"$i":"perm-camera","$v":"Cámaras"},{"$i":"perm-camera-selector-appRequest","$v":["Seleccione cámara para ",{"t":"idOrVar","v":"app"},"."]},{"$i":"perm-camera-selector-webRequest","$v":["Seleccione cámara para ",{"t":"idOrVar","v":"site"},"."]},{"$i":"perm-cellbroadcast","$v":"Difusiones"},{"$i":"perm-contacts","$v":"Contactos"},{"$i":"perm-contacts-appRequest","$v":["A la aplicación ",{"t":"idOrVar","v":"app"}," le gustaría acceder a su lista de contactos."]},{"$i":"perm-contacts-webRequest","$v":["Al sitio ",{"t":"idOrVar","v":"site"}," le gustaría acceder a su lista de contactos."]},{"$i":"perm-desktop-notification","$v":"Notificaciones"},{"$i":"perm-desktop-notification-appRequest","$v":["A la aplicación ",{"t":"idOrVar","v":"app"}," le gustaría mostrar notificaciones."]},{"$i":"perm-desktop-notification-webRequest","$v":["Al sitio ",{"t":"idOrVar","v":"site"}," le gustaría mostrar notificaciones."]},{"$i":"perm-device-storage-apps","$v":"Espacio para apps"},{"$i":"perm-device-storage-music","$v":"Archivos de música"},{"$i":"perm-device-storage-music-appRequest","$v":["A la aplicación ",{"t":"idOrVar","v":"app"}," le gustaría acceder a su música."]},{"$i":"perm-device-storage-music-webRequest","$v":["Al sitio ",{"t":"idOrVar","v":"site"}," le gustaría acceder a su música."]},{"$i":"perm-device-storage-pictures","$v":"Archivos de imágenes"},{"$i":"perm-device-storage-pictures-appRequest","$v":["A la aplicación ",{"t":"idOrVar","v":"app"}," le gustaría acceder a sus imágenes."]},{"$i":"perm-device-storage-pictures-webRequest","$v":["Al sitio ",{"t":"idOrVar","v":"site"}," le gustaría acceder a sus imágenes."]},{"$i":"perm-device-storage-sdcard","$v":"Tarjeta de memoria"},{"$i":"perm-device-storage-sdcard-appRequest","$v":["A la aplicación ",{"t":"idOrVar","v":"app"}," le gustaría acceder a su tarjeta de memoria."]},{"$i":"perm-device-storage-sdcard-webRequest","$v":["Al sitio ",{"t":"idOrVar","v":"site"}," le gustaría acceder a su tarjeta de memoria."]},{"$i":"perm-device-storage-videos","$v":"Archivos de vídeo"},{"$i":"perm-device-storage-videos-appRequest","$v":["A la aplicación ",{"t":"idOrVar","v":"app"}," le gustaría acceder a sus vídeos."]},{"$i":"perm-device-storage-videos-webRequest","$v":["Al sitio ",{"t":"idOrVar","v":"site"}," le gustaría acceder a sus vídeos."]},{"$i":"perm-embed-apps","$v":"Insertar apps"},{"$i":"perm-fmradio","$v":"Radio FM"},{"$i":"perm-fmradio-appRequest","$v":["A la aplicación ",{"t":"idOrVar","v":"app"}," le gustaría acceder a Radio FM."]},{"$i":"perm-fmradio-webRequest","$v":["Al sitio ",{"t":"idOrVar","v":"site"}," le gustaría acceder a Radio FM."]},{"$i":"perm-geolocation","$v":"Geolocalización"},{"$i":"perm-geolocation-appRequest","$v":["A la aplicación ",{"t":"idOrVar","v":"app"}," le gustaría conocer su ubicación."]},{"$i":"perm-geolocation-more-info","$v":[{"t":"idOrVar","v":"brandShortName"}," utiliza datos como GPS, wifi y redes móviles próximas a usted para determinar su ubicación aproximada. Los datos se envían a Mozilla y otros operadores, y se usarán agregados con el fin de mejorar las bases de datos sobre ubicaciones. Los datos se guardarán en su dispositivo y la recopilación de los mismos se efectuará incluso cuando no se esté ejecutando ninguna aplicación."]},{"$i":"perm-geolocation-webRequest","$v":["Al sitio ",{"t":"idOrVar","v":"site"}," le gustaría conocer su ubicación."]},{"$i":"perm-idle","$v":"Ver estado inactivo"},{"$i":"perm-indexedDB-chrome-settings","$v":"IndexedDB privilegiado"},{"$i":"perm-indexedDB-unlimited","$v":"Archivo IndexedDB ilimitado"},{"$i":"perm-input-manage","$v":"Administrar teclados"},{"$i":"perm-input","$v":"Actuar como teclado"},{"$i":"perm-media-capture","$v":"Cámara y micrófono"},{"$i":"perm-media-capture-appRequest","$v":["¿Le gustaría compartir su cámara y su micrófono con la aplicación ",{"t":"idOrVar","v":"app"},"?"]},{"$i":"perm-media-capture-webRequest","$v":["¿Le gustaría compartir su cámara y su micrófono con el sitio ",{"t":"idOrVar","v":"site"},"?"]},{"$i":"perm-mobileconnection","$v":"Conexión móvil"},{"$i":"perm-mobileid","$v":"Identidad móvil"},{"$i":"perm-network-events","$v":"Eventos de red"},{"$i":"perm-open-remote-window","$v":"Iniciar una app"},{"$i":"perm-permissions","$v":"Modificar permisos de apps"},{"$i":"perm-power","$v":"Ajustes de energía"},{"$i":"perm-settings","$v":"Modificar ajustes"},{"$i":"perm-systemXHR","$v":"Solicitudes cross-origin"},{"$i":"perm-telephony","$v":"Telefonía"},{"$i":"perm-video-capture","$v":"Cámara"},{"$i":"perm-video-capture-appRequest","$v":["¿Le gustaría compartir su cámara con la aplicación ",{"t":"idOrVar","v":"app"},"?"]},{"$i":"perm-video-capture-webRequest","$v":["¿Le gustaría compartir su cámara con el sitio ",{"t":"idOrVar","v":"site"},"?"]},{"$i":"perm-voicemail","$v":"Controlar buzón de voz"},{"$i":"perm-webapps-manage","$v":"Instalar webapps"},{"$i":"perm-wifi-manage","$v":"Administrar wifi"},{"$i":"perm-attention","$v":"Abrir overlay popups"},{"$i":"perm-audio-channel-alarm","$v":"Reproducir sonidos de alarma"},{"$i":"perm-audio-channel-normal","$v":"Reproducir sonidos"},{"$i":"perm-audio-channel-publicnotification","$v":"Reproducir sonidos notificaciones públicas"},{"$i":"perm-audio-channel-telephony","$v":"Reproducir sonidos telefonía"},{"$i":"perm-backgroundservice","$v":"Actuar como servicio en segundo plano"},{"$i":"perm-device-storage-crashes","$v":"Archivo datos de bloqueos"},{"$i":"perm-downloads","$v":"Acceder a descargas"},{"$i":"perm-embed-widgets","$v":"Insertar widgets"},{"$i":"perm-feature-detection","$v":"Detectar características"},{"$i":"perm-firefox-accounts","$v":"Firefox Accounts"},{"$i":"perm-mobilenetwork","$v":"Red móvil"},{"$i":"perm-moz-attention","$v":"Abrir overlay popups (moz)"},{"$i":"perm-moz-audio-channel-ringer","$v":"Reproducir sonidos tono (moz)"},{"$i":"perm-moz-audio-channel-telephony","$v":"Reproducir sonidos telefonía (moz)"},{"$i":"perm-moz-firefox-accounts","$v":"Firefox Accounts (moz)"},{"$i":"perm-networkstats-manage","$v":"Controlar estadísticas consumo"},{"$i":"perm-nfc","$v":"NFC"},{"$i":"perm-nfc-hci-events","$v":"Eventos NFC HCI"},{"$i":"perm-nfc-manager","$v":"Administrar NFC"},{"$i":"perm-phonenumberservice","$v":"Servicio núm. teléfono"},{"$i":"perm-push","$v":"API push"},{"$i":"perm-resourcestats-manage","$v":"Estadísticas de recursos"},{"$i":"perm-sms","$v":"Enviar y leer SMS"},{"$i":"perm-speaker-control","$v":"Controlar volumen"},{"$i":"perm-storage","$v":"Acceder a archivos"},{"$i":"perm-tcp-socket","$v":"Sockets TCP"},{"$i":"perm-test-permission","$v":"Permisos de pruebas"},{"$i":"perm-time","$v":"Establecer fecha y hora"},{"$i":"perm-udp-socket","$v":"Sockets UDP"},{"$i":"perm-wappush","$v":"WAP Push"},{"$i":"tz-region","$v":"Región"},{"$i":"tz-city","$v":"Ciudad"},{"$i":"tzRegion-Africa","$v":"África"},{"$i":"tzRegion-America","$v":"América"},{"$i":"tzRegion-Antarctica","$v":"Antártida"},{"$i":"tzRegion-Asia","$v":"Asia"},{"$i":"tzRegion-Atlantic","$v":"Océano Atlántico"},{"$i":"tzRegion-Australia","$v":"Australia"},{"$i":"tzRegion-Europe","$v":"Europa"},{"$i":"tzRegion-Indian","$v":"Océano Índico"},{"$i":"tzRegion-Pacific","$v":"Océano Pacífico"},{"$i":"ringtone-none","$v":"Ninguno"},{"$i":"ringer_bubble","$v":"Bubble"},{"$i":"ringer_chimer","$v":"Chimer"},{"$i":"ringer_cunning","$v":"Cunning"},{"$i":"ringer_dulco","$v":"Dulco"},{"$i":"ringer_firefox2","$v":[{"t":"idOrVar","v":"ringtoneBrandName"}]},{"$i":"ringer_garden","$v":"Garden"},{"$i":"ringer_marbled","$v":"Marbled"},{"$i":"ringer_opti","$v":"Opti"},{"$i":"ringer_pecko","$v":"Pecko"},{"$i":"ringer_pingy","$v":"Pingy"},{"$i":"ringer_poppop","$v":"Pop Pop"},{"$i":"ringer_sata","$v":"Sata"},{"$i":"ringer_simple","$v":"Clean"},{"$i":"ringer_standard1","$v":"Classic"},{"$i":"ringer_standard2","$v":"Classic Fast"},{"$i":"ringer_stutter","$v":"Stutter"},{"$i":"ringer_symmetry","$v":"Symmetry"},{"$i":"ringer_tailwind","$v":"Tail Wind"},{"$i":"ringer_thoughtful","$v":"Thoughtful"},{"$i":"ringer_wit","$v":"Wit"},{"$i":"ringer_zen","$v":"Zen"},{"$i":"notifier_bells","$v":"Bells"},{"$i":"notifier_bloom","$v":"Bloom"},{"$i":"notifier_chime","$v":"Chime"},{"$i":"notifier_clicka","$v":"Clicka"},{"$i":"notifier_digi","$v":"Digi"},{"$i":"notifier_dropplet","$v":"Dropplet"},{"$i":"notifier_firefox2","$v":[{"t":"idOrVar","v":"ringtoneBrandName"}]},{"$i":"notifier_hello","$v":"Hola"},{"$i":"notifier_lowmarble","$v":"Low Marble"},{"$i":"notifier_ping","$v":"Ping"},{"$i":"notifier_plickle","$v":"Plickle"},{"$i":"notifier_pocko","$v":"Pocko"},{"$i":"notifier_quado","$v":"Quado"},{"$i":"notifier_red","$v":"Red"},{"$i":"notifier_sato","$v":"Sato"},{"$i":"notifier_swipo","$v":"Swipo"},{"$i":"notifier_trickleup","$v":"Trickle Up"},{"$i":"notifier_trink","$v":"Trink"},{"$i":"notifier_verse","$v":"Verse"},{"$i":"settings","$v":"Ajustes"},{"$i":"advancedSettings","$v":"Ajustes avanzados"},{"$i":"default","$v":"Por defecto"},{"$i":"enabled","$v":"Activado"},{"$i":"enable","$v":"Activar"},{"$i":"disabled","$v":"Desactivado"},{"$i":"error","$v":"Error"},{"$i":"ok","$v":"Aceptar"},{"$i":"yes","$v":"Sí"},{"$i":"no","$v":"No"},{"$i":"reset","$v":"Restablecer"},{"$i":"cancel","$v":"Cancelar"},{"$i":"close","$v":"Cerrar"},{"$i":"back","$v":"Atrás"},{"$i":"continue","$v":"Continuar"},{"$i":"skip","$v":"Omitir"},{"$i":"pair","$v":"Vincular"},{"$i":"add","$v":"Agregar"},{"$i":"done","$v":"Hecho"},{"$i":"set","$v":"Establecer"},{"$i":"notNow","$v":"Ahora no"},{"$i":"turnOn","$v":"Activar"},{"$i":"selectASIMCard","$v":"Seleccione una tarjeta SIM"},{"$i":"sim1","$v":"SIM 1"},{"$i":"sim2","$v":"SIM 2"},{"$i":"unavailable","$v":"No disponible"},{"$i":"confirmation","$v":"Confirmación"},{"$i":"simSettingsWithIndex","$v":["Ajustes de SIM ",{"t":"idOrVar","v":"index"}]},{"$i":"networkAndConnectivity","$v":"Red y conectividad"},{"$i":"airplaneMode","$v":"Modo avión"},{"$i":"geolocation","$v":"Geolocalización"},{"$i":"wifi","$v":"Wifi"},{"$i":"wifi-header","$v":[{"t":"idOrVar","v":"wifi"}]},{"$i":"wifi-disabled","$v":"Active wifi para ver las redes disponibles."},{"$i":"availableNetworks","$v":"Redes disponibles"},{"$i":"knownNetworks","$v":"Redes conocidas"},{"$i":"hiddenNetworks","$v":"Redes ocultas"},{"$i":"scanning","$v":"Buscando…"},{"$i":"scanNetworks","$v":"Buscar de nuevo"},{"$i":"fullStatus-initializing","$v":"Inicializando…"},{"$i":"fullStatus-connecting","$v":["Conectando con ",{"t":"idOrVar","v":"ssid"},"…"]},{"$i":"fullStatus-associated","$v":"Obteniendo una dirección IP…"},{"$i":"fullStatus-connected","$v":["Conectado con ",{"t":"idOrVar","v":"ssid"}]},{"$i":"fullStatus-connectingfailed","$v":"Falló la conexión"},{"$i":"fullStatus-disconnected","$v":"Sin conexión"},{"$i":"shortStatus-connecting","$v":"Conectando…"},{"$i":"shortStatus-associated","$v":"Obteniendo una dirección IP…"},{"$i":"shortStatus-connected","$v":"Conectado"},{"$i":"shortStatus-connectingfailed","$v":"Falló la conexión"},{"$i":"shortStatus-disconnected","$v":"Sin conexión"},{"$i":"wifi-sleep","$v":"Wifi en espera"},{"$i":"wifi-sleep-description","$v":"Permite desactivar automáticamente la conexión wifi para ahorrar batería."},{"$i":"manageNetworks","$v":"Administrar redes"},{"$i":"wifi-bad-credentials-title","$v":"Error al conectar con wifi"},{"$i":"wifi-bad-credentials-confirm","$v":["Imposible conectar con ",{"t":"idOrVar","v":"ssid"},", la autenticación falló debido a un error en las credenciales. Escriba de nuevo la contraseña de red."]},{"$i":"manageNetworks-header","$v":[{"t":"idOrVar","v":"manageNetworks"}]},{"$i":"manageCertificates","$v":"Administrar certificados"},{"$i":"manageCert","$v":"Administrar cert."},{"$i":"joinHiddenNetwork","$v":"Unirse a una red oculta"},{"$i":"securedBy","$v":["Protegida por ",{"t":"idOrVar","v":"capabilities"}]},{"$i":"security","$v":"Seguridad"},{"$i":"securityNone","$v":"Ninguna"},{"$i":"securityOpen","$v":"Abierta"},{"$i":"notInRange","$v":"Fuera de rango"},{"$i":"ipAddress","$v":"Dirección IP"},{"$i":"linkSpeed","$v":"Velocidad"},{"$i":"linkSpeedMbs","$v":[{"t":"idOrVar","v":"linkSpeed"}," Mbit/s"]},{"$i":"signalStrength","$v":"Intensidad"},{"$i":"signalLevel0","$v":"Muy débil"},{"$i":"signalLevel1","$v":"Débil"},{"$i":"signalLevel2","$v":"Media"},{"$i":"signalLevel3","$v":"Buena"},{"$i":"signalLevel4","$v":"Muy buena"},{"$i":"forget","$v":"Olvidar"},{"$i":"forgetNetwork-dialog","$v":"¿Olvidar red?"},{"$i":"forgetNetwork-confirmation","$v":"Confirmación"},{"$i":"authentication","$v":"Autenticación"},{"$i":"authentication-header","$v":[{"t":"idOrVar","v":"authentication"}]},{"$i":"eap","$v":"Método EAP"},{"$i":"auth-phase2","$v":"Autenticación fase 2"},{"$i":"server-certificate","$v":"Certificado del servidor"},{"$i":"import-certificate-msg","$v":"Aviso: Si necesita importar nuevos certificados, vaya a \"Administrar certificados\"."},{"$i":"identity","$v":"Identificador"},{"$i":"password","$v":"Contraseña"},{"$i":"showPassword","$v":"Mostrar contraseña"},{"$i":"networkNotification","$v":"Notificación de red"},{"$i":"networkNotification-expl","$v":"Notificarme cuando haya disponible una red abierta"},{"$i":"macAddress","$v":"Dirección MAC"},{"$i":"deviceInfo_software","$v":[{"t":"idOrVar","v":"brandShortName"}," ",{"t":"idOrVar","v":"os"}]},{"$i":"macUnavailable","$v":"No disponible"},{"$i":"noNetworksFound","$v":"No se encontró ninguna red"},{"$i":"noKnownNetworks","$v":"Ninguna red conocida"},{"$i":"edit","$v":"Editar"},{"$i":"certificateList","$v":"Lista de certificados"},{"$i":"noCertificate","$v":"Ningún certificado importado"},{"$i":"deleteCertificate","$v":"Borrar certificado"},{"$i":"importCertificate","$v":"Importar certificado"},{"$i":"selectCertificateFile","$v":"Seleccionar archivo de certificado"},{"$i":"enterCertificateNickname","$v":"Escribir alias del certificado"},{"$i":"nickname","$v":"Alias"},{"$i":"enter-certificate-name-msg","$v":"Puede cambiar el alias o mantener el predeterminado."},{"$i":"certificate-deletion-failed","$v":"Falló la eliminación del certificado"},{"$i":"certificate-deletion-failed-description","$v":"Puede deberse, por ejemplo, a un problema de almacenamiento."},{"$i":"certificate-import-failed","$v":"Falló la importación del certificado"},{"$i":"certificate-import-failed-description","$v":"Puede deberse, por ejemplo, a que un archivo de certificado esté dañado."},{"$i":"wpsMessage","$v":"Conectar con WPS"},{"$i":"wpsMessage-header","$v":[{"t":"idOrVar","v":"wpsMessage"}]},{"$i":"fullStatus-wps-inprogress","$v":"Procesando WPS…"},{"$i":"fullStatus-wps-canceled","$v":"Se canceló WPS"},{"$i":"fullStatus-wps-timedout","$v":"WPS tardó demasiado"},{"$i":"fullStatus-wps-failed-error","$v":["Falló WPS [",{"t":"idOrVar","v":"error"},"]"]},{"$i":"fullStatus-wps-overlapped","$v":"Se encontró otro WPS PBC AP"},{"$i":"wpsDescription2","$v":"Configuración automática de wifi"},{"$i":"wpsMethodSelection","$v":"Seleccione un método WPS:"},{"$i":"wpsPbcLabel","$v":"Botón de conexión"},{"$i":"wpsMyPinLabel","$v":"Mi conexión PIN"},{"$i":"wpsApPinLabel","$v":"Conexión AP PIN"},{"$i":"wpsPinDescription","$v":"PIN de 4 u 8 dígitos"},{"$i":"wpsPinInput","$v":["Escriba ",{"t":"idOrVar","v":"pin"}," en el otro dispositivo"]},{"$i":"wpsPinAps","$v":"Elija el otro dispositivo"},{"$i":"wpsAnyAp","$v":"Cualquiera"},{"$i":"wpsCancelMessage","$v":"Cancelar WPS"},{"$i":"wpsCancelFailedMessageError","$v":["Falló la cancelación de WPS [",{"t":"idOrVar","v":"error"},"]"]},{"$i":"callSettings","$v":"Ajustes de llamadas"},{"$i":"callSettings-header","$v":[{"t":"idOrVar","v":"callSettings"}]},{"$i":"callSettingsQuery","$v":"Pidiendo información a la red…"},{"$i":"callSettingsQueryError","$v":"Error en consulta"},{"$i":"voiceMail","$v":"Buzón de voz"},{"$i":"voiceMail-header","$v":[{"t":"idOrVar","v":"voiceMail"}]},{"$i":"voiceMail-number","$v":"Núm. buzón de voz"},{"$i":"voiceMail-number-notSet","$v":"No establecido"},{"$i":"voicePrivacyMode","$v":"Modo privado de voz"},{"$i":"callWaiting","$v":"Llamada en espera"},{"$i":"confirmCallWaitingTitle","$v":"Imposible confirmar preferencias de llamada en espera"},{"$i":"confirmCallWaitingDesc","$v":"El dispositivo no puede comunicarse con el operador. Pruebe a configurarlo de nuevo."},{"$i":"callForwarding","$v":"Desvío llamadas"},{"$i":"callForwarding-header","$v":[{"t":"idOrVar","v":"callForwarding"}]},{"$i":"callForwardingForward","$v":"Desviar"},{"$i":"callForwardingUnconditional","$v":"Desviar siempre"},{"$i":"callForwardingUnconditionalShort","$v":"Siempre"},{"$i":"callForwardingMobileBusy","$v":"Desviar si estoy ocupado/a"},{"$i":"callForwardingMobileBusyShort","$v":"Si estoy ocupado/a"},{"$i":"callForwardingNoReply","$v":"Desviar si no respondo"},{"$i":"callForwardingNoReplyShort","$v":"Si no respondo"},{"$i":"callForwardingNotReachable","$v":"Desviar si no estoy localizable"},{"$i":"callForwardingNotReachableShort","$v":"Si no estoy localizable"},{"$i":"callForwardingForwardingVoiceToNumber","$v":["Llamadas a ",{"t":"idOrVar","v":"number"}]},{"$i":"callForwardingNotForwarding","$v":"Desactivado"},{"$i":"callForwardingConfirmTitle","$v":"Mensaje de confirmación de desvío de llamadas"},{"$i":"cf-alwaysUseThisNumber","$v":"Usar siempre este número"},{"$i":"cf-numberWhenUnreachable","$v":"Núm. si estoy ilocalizable"},{"$i":"cf-numberWhenUnanswered","$v":"Núm. si no respondo"},{"$i":"cf-numberWhenBusy","$v":"Núm. si estoy ocupado/a"},{"$i":"callForwardingInvalidNumberError","$v":"Este número de teléfono no es válido."},{"$i":"callForwardingSetSuccess","$v":"Operación configurada correctamente."},{"$i":"callForwardingSetForbidden","$v":"Su operador no admite esa operación."},{"$i":"callForwardingSetError","$v":"Error de configuración de llamadas."},{"$i":"callerId","$v":"ID interlocutor"},{"$i":"callBarring","$v":"Bloqueo llamadas"},{"$i":"callBarring-header","$v":[{"t":"idOrVar","v":"callBarring"}]},{"$i":"callBarring-outgoing","$v":"Llamadas salientes"},{"$i":"callBarring-baoc","$v":"Todas"},{"$i":"callBarring-boic","$v":"Internacionales"},{"$i":"callBarring-boicExhc","$v":"Internacionales excepto país de residencia"},{"$i":"callBarring-incoming","$v":"Llamadas entrantes"},{"$i":"callBarring-baic","$v":"Todas"},{"$i":"callBarring-baicR","$v":"Todas en itinerancia"},{"$i":"callBarring-passcode","$v":"Código"},{"$i":"callBarring-change-passcode","$v":"Cambiar código"},{"$i":"callBarring-passcode-enter","$v":"Escribir código"},{"$i":"callBarring-passcode-unknown","$v":"Si desconoce el código, contacte con su operador"},{"$i":"callBarring-current-passcode","$v":"Código actual"},{"$i":"callBarring-new-passcode","$v":"Nuevo código"},{"$i":"callBarring-create-passcode","$v":"Crear un código"},{"$i":"callBarring-confirm-passcode","$v":"Confirmar código"},{"$i":"callBarring-passcode-error-generic","$v":"Error de código."},{"$i":"callBarring-passcode-error-incorrect","$v":"El código es incorrecto."},{"$i":"callBarring-passcode-error-mismatch","$v":"El código no coincide."},{"$i":"callBarring-update-item-error","$v":["Error al actualizar el elemento: ",{"t":"idOrVar","v":"error"},"."]},{"$i":"callBarring-change-passcode-success","$v":"Código cambiado."},{"$i":"callerId-default","$v":"Predeterminado por la red"},{"$i":"callerId-hide","$v":"Ocultar número"},{"$i":"callerId-show","$v":"Mostrar número"},{"$i":"fdn","$v":"Números de marcación fija"},{"$i":"fdnSettings","$v":"Números de marcación fija"},{"$i":"fdnSettings-header","$v":[{"t":"idOrVar","v":"fdnSettings"}]},{"$i":"fdn-authorizedNumbers","$v":"Núm. autorizados"},{"$i":"fdn-authorizedNumbers-header","$v":[{"t":"idOrVar","v":"fdn-authorizedNumbers"}]},{"$i":"fdn-authorizedNumbers-desc","$v":"Números a los que se puede llamar"},{"$i":"fdn-explanation1","$v":"Restrinja a qué números puede llamarse desde este teléfono."},{"$i":"fdn-explanation2","$v":"(Siempre podrá llamar a los números de emergencia)."},{"$i":"fdnEnable","$v":"Activar NMF"},{"$i":"fdnDisable","$v":"Desactivar NMF"},{"$i":"fdnReset","$v":"Restablecer PIN2"},{"$i":"fdnAttemptMsg3","$v":{"one":"Sólo le queda un intento para escribir el código correcto antes de bloquear la SIM.","two":["Le quedan ",{"t":"idOrVar","v":"n"}," intentos para escribir el código correcto antes de bloquear la SIM."],"few":["Le quedan ",{"t":"idOrVar","v":"n"}," intentos para escribir el código correcto antes de bloquear la SIM."],"many":["Le quedan ",{"t":"idOrVar","v":"n"}," intentos para escribir el código correcto antes de bloquear la SIM."],"other":["Le quedan ",{"t":"idOrVar","v":"n"}," intentos para escribir el código correcto antes de bloquear la SIM."]},"$x":[{"t":"idOrVar","v":"plural"},"n"]},{"$i":"fdnLastChanceMsg","$v":"Esta es su última oportunidad para escribir el PIN2 correcto. En caso contrario, deberá escribir el código PUK2 para usar esta tarjeta SIM."},{"$i":"fdnErrorMsg","$v":"El código PIN2 es incorrecto."},{"$i":"fdn-enabled-warning","$v":"El desvío de llamada está desactivado por NMF."},{"$i":"fdnContact-name","$v":"nombre"},{"$i":"fdnContact-number","$v":"número"},{"$i":"fdnContact-submit","$v":"enviar"},{"$i":"fdnAction-add","$v":"Agregar contacto"},{"$i":"fdnAction-call","$v":"Llamar"},{"$i":"fdnAction-edit","$v":"Editar contacto"},{"$i":"fdnAction-edit-header","$v":"Editar contacto"},{"$i":"fdnAction-delete","$v":"Borrar contacto"},{"$i":"fdnNoFDNFreeRecord","$v":"Máximo de NMF alcanzado. No puede agregar más números."},{"$i":"messagingSettings","$v":"Ajustes de mensajes"},{"$i":"messagingSettings-header","$v":[{"t":"idOrVar","v":"messagingSettings"}]},{"$i":"message-confirmation","$v":"Confirmación de mensaje"},{"$i":"message-delivery-reports","$v":"Informes de envío"},{"$i":"message-delivery-reports-details","$v":"Solicitar notificación de entrega para cada mensaje enviado"},{"$i":"message-read-reports","$v":"Informes de lectura"},{"$i":"message-read-reports-details","$v":"Solicitar notificación de lectura para cada mensaje enviado"},{"$i":"mmsTitle","$v":"Mensajería multimedia (MMS)"},{"$i":"auto-retrieve","$v":"Recuperación automática"},{"$i":"auto-retrieve-details","$v":"Recuperar mensajes automáticamente"},{"$i":"manual-retrieve","$v":"No"},{"$i":"auto-roaming-retrieve","$v":"Activada con itinerancia"},{"$i":"auto-no-roaming-retrieve","$v":"Activada sin itinerancia"},{"$i":"autoConfigure","$v":"Configuración auto."},{"$i":"wapPushMessages","$v":"Mensajes WAP Push"},{"$i":"wapPush","$v":"WAP Push"},{"$i":"cellBroadcastMessages","$v":"Mensajes de difusión"},{"$i":"cellBroadcast","$v":"Difusión"},{"$i":"emergencyAlert","$v":"Alerta de emergencia"},{"$i":"messagingInformation","$v":"Información"},{"$i":"messaging-SMSC","$v":"Centro de servicios"},{"$i":"messaging-sim-settings","$v":["Ajustes de SIM ",{"t":"idOrVar","v":"index"}]},{"$i":"unknown-SMSC","$v":"Info no disponible"},{"$i":"cellularAndData","$v":"Teléfono y datos"},{"$i":"cellularAndData-header","$v":[{"t":"idOrVar","v":"cellularAndData"}]},{"$i":"dataNetwork","$v":"Operador"},{"$i":"dataConnectivity","$v":"Datos"},{"$i":"dataConnection","$v":"Conexión de datos"},{"$i":"dataRoaming","$v":"Itinerancia de datos"},{"$i":"networkOperator","$v":"Operador de red"},{"$i":"networkOperator-header","$v":[{"t":"idOrVar","v":"networkOperator"}]},{"$i":"availableOperators","$v":"Operadores de red en la zona"},{"$i":"preferredNetworkTypeAlertTitle","$v":"Tipo de red preferida"},{"$i":"preferredNetworkTypeAlertErrorMessage","$v":"No se puedo establecer el tipo de red"},{"$i":"operator-networkType","$v":"Tipo de red"},{"$i":"operator-networkType-auto","$v":"Automática"},{"$i":"operator-networkType-prefer3G","$v":"3G preferido"},{"$i":"operator-networkType-2G","$v":"Sólo 2G"},{"$i":"operator-networkType-3G","$v":"Sólo 3G"},{"$i":"operator-networkType-GSM","$v":"GSM"},{"$i":"operator-networkType-WCDMA","$v":"WCDMA"},{"$i":"operator-networkType-CDMA","$v":"CDMA"},{"$i":"operator-networkType-EVDO","$v":"EVDO"},{"$i":"operator-networkType-LTE","$v":"LTE"},{"$i":"operator-networkType-preferWCDMA","$v":"WCDMA preferida"},{"$i":"operator-networkType-auto-2G-3G","$v":"Auto (2G/3G)"},{"$i":"operator-networkType-auto-CDMA-EVDO","$v":"Auto (CDMA/EVDO)"},{"$i":"operator-networkType-auto-WCDMA-GSM","$v":"Auto (WCDMA/GSM)"},{"$i":"operator-networkType-auto-LTE-WCDMA-GSM","$v":"Auto (WCDMA/GSM)"},{"$i":"operator-networkType-auto-LTE-CDMA-EVDO","$v":"Auto (CDMA/EVDO)"},{"$i":"operator-networkType-auto-WCDMA-GSM-CDMA-EVDO","$v":"Auto (WCDMA/GSM/CDMA/EVDO)"},{"$i":"operator-autoSelect","$v":"Selección automática"},{"$i":"operator-networkSelect-auto","$v":"Automática"},{"$i":"operator-networkSelect-manual","$v":"Manual"},{"$i":"operator-turnAutoSelectOff","$v":"Desactive la selección automática para visualizar los operadores de red disponibles."},{"$i":"operator-status-connecting","$v":"Conectando…"},{"$i":"operator-status-connectingfailed","$v":"Falló la conexión"},{"$i":"operator-status-connected","$v":"Conectado"},{"$i":"operator-roamingPreference","$v":"Preferencia de itinerancia"},{"$i":"operator-roamingPreference-home","$v":"Inicio"},{"$i":"operator-roamingPreference-any","$v":"Cualquiera"},{"$i":"operator-roamingPreference-affiliated","$v":"Afiliados"},{"$i":"apn","$v":"APN"},{"$i":"apnSettings","$v":"Ajustes APN"},{"$i":"apnSettings-header","$v":[{"t":"idOrVar","v":"apnSettings"}]},{"$i":"dataSettings","$v":"Ajustes de datos"},{"$i":"dataSettings-header","$v":[{"t":"idOrVar","v":"dataSettings"}]},{"$i":"suplSettings","$v":"Ajustes A-GPS"},{"$i":"suplSettings-header","$v":[{"t":"idOrVar","v":"suplSettings"}]},{"$i":"messageSettings","$v":"Ajustes de mensajes"},{"$i":"messageSettings-header","$v":[{"t":"idOrVar","v":"messageSettings"}]},{"$i":"dunSettings","$v":"Ajustes tethering"},{"$i":"dunSettings-header","$v":[{"t":"idOrVar","v":"dunSettings"}]},{"$i":"imsSettings","$v":"Ajustes IMS"},{"$i":"imsSettings-header2","$v":[{"t":"idOrVar","v":"imsSettings"}]},{"$i":"apn-editor-header","$v":"Editor APN"},{"$i":"mmsport","$v":"Puerto MMS"},{"$i":"mmsproxy","$v":"Proxy MMS"},{"$i":"mmsc","$v":"MMSC"},{"$i":"httpProxyHost","$v":"Servidor Proxy HTTP"},{"$i":"httpProxyPort","$v":"Puerto HTTP Proxy"},{"$i":"custom","$v":"(personalizado)"},{"$i":"apn-authType","$v":"Autenticación"},{"$i":"apn-authType-notDefined","$v":"Sin definir"},{"$i":"apn-authType-none","$v":"Ninguna"},{"$i":"apn-authType-pap","$v":"PAP"},{"$i":"apn-authType-chap","$v":"CHAP"},{"$i":"apn-authType-papOrChap","$v":"PAP o CHAP"},{"$i":"apn-protocol","$v":"Protocolo"},{"$i":"apn-roaming-protocol","$v":"Protocolo de itinerancia"},{"$i":"apn-protocol-notDefined","$v":"Sin definir"},{"$i":"apn-protocol-ip","$v":"IPv4"},{"$i":"apn-protocol-ipv6","$v":"IPv6"},{"$i":"apn-protocol-ipv4v6","$v":"IPv4/IPv6"},{"$i":"apn-type","$v":"Tipo APN"},{"$i":"dataConnection-warning-head","$v":"¿Activar la conexión de datos?"},{"$i":"dataConnection-warning-message","$v":"Las aplicaciones descargarán datos de forma automática a través de su conexión de datos cuando sea necesario. Podrán aplicarse tarifas adicionales."},{"$i":"dataRoaming-warning-head","$v":"¿Activar datos en itinerancia?"},{"$i":"dataRoaming-warning-message","$v":"En función del acuerdo de servicio que haya establecido, podrán aplicarse tarifas adicionales cuando esté en itinerancia."},{"$i":"change-apn-warning-message1","$v":"En función del acuerdo de servicio que haya establecido, podrán aplicarse tarifas adicionales si cambia los ajustes del APN estando en itinerancia. ¿Desea continuar?"},{"$i":"reset-apn-warning-title","$v":"Restablecer a predeterminados"},{"$i":"reset-apn-warning-message","$v":"Restablece los ajustes a los valores predeterminados. No puede deshacerse."},{"$i":"state-unknown","$v":"Estado desconocido"},{"$i":"state-available","$v":"Disponible"},{"$i":"state-connected","$v":"Conectado"},{"$i":"state-current","$v":"Conectado"},{"$i":"state-forbidden","$v":"Prohibido"},{"$i":"delete-apn-confirm","$v":"¿Borrar este APN?"},{"$i":"delete-apn","$v":"Borrar"},{"$i":"add-apn","$v":"Agregar nuevo APN"},{"$i":"reset-apn","$v":"Restablecer a predeterminados"},{"$i":"apnSettings-reset","$v":"Ajustes APN restablecidos"},{"$i":"bluetooth","$v":"Bluetooth"},{"$i":"bluetooth-header","$v":[{"t":"idOrVar","v":"bluetooth"}]},{"$i":"bluetooth-enable-msg","$v":"Active Bluetooth para ver los dispositivos."},{"$i":"bluetooth-paired-devices","$v":"Dispositivos vinculados"},{"$i":"bluetooth-devices-in-area","$v":"Dispositivos en el área"},{"$i":"bluetooth-visible-to-all","$v":"Visible a todos"},{"$i":"bluetooth-name-maxlength-alert","$v":["Su nombre de dispositivo supera los ",{"t":"idOrVar","v":"length"}," caracteres. Inténtelo de nuevo."]},{"$i":"bluetooth-address","$v":"Dirección Bluetooth"},{"$i":"bluetooth-address-unavailable","$v":"No disponible"},{"$i":"bt-status-nopaired","$v":"Ningún dispositivo vinculado"},{"$i":"bt-status-turnoff","$v":"Desactivado"},{"$i":"bt-status-paired","$v":{"zero":[{"t":"idOrVar","v":"name"}],"one":[{"t":"idOrVar","v":"name"},", +",{"t":"idOrVar","v":"n"}," más"],"two":[{"t":"idOrVar","v":"name"},", +",{"t":"idOrVar","v":"n"}," más"],"few":[{"t":"idOrVar","v":"name"},", +",{"t":"idOrVar","v":"n"}," más"],"many":[{"t":"idOrVar","v":"name"},", +",{"t":"idOrVar","v":"n"}," más"],"other":[{"t":"idOrVar","v":"name"},", +",{"t":"idOrVar","v":"n"}," más"]},"$x":[{"t":"idOrVar","v":"plural"},"n"]},{"$i":"device-status-tap-connect","$v":"Pulse para conectar"},{"$i":"device-status-pairing","$v":"Vinculando dispositivos…"},{"$i":"device-status-waiting","$v":"Esperando a otro dispositivo…"},{"$i":"device-status-paired","$v":"Vinculados"},{"$i":"device-status-connecting","$v":"Conectando…"},{"$i":"device-status-connected","$v":"Conectado"},{"$i":"device-status-connected-media","$v":"Conectado al audio multimedia"},{"$i":"device-option-unpair","$v":"Desvincular"},{"$i":"device-option-confirm","$v":"Confirmar"},{"$i":"device-option-unpair-confirmation","$v":"Confirmación"},{"$i":"device-option-unpair-device","$v":"¿Desvincular dispositivo?"},{"$i":"device-option-connect","$v":"Conectar"},{"$i":"device-option-disconnect","$v":"Desconectar"},{"$i":"search-for-device","$v":"Buscando dispositivos…"},{"$i":"search-device","$v":"Buscar dispositivos"},{"$i":"rename-device","$v":"Renombrar dispositivo"},{"$i":"unnamed-device","$v":"Dispositivo desconocido"},{"$i":"change-phone-name-desc","$v":"Cambie el nombre del dispositivo al que aparece en el equipo"},{"$i":"bluetooth-new-name","$v":"Nuevo nombre"},{"$i":"error-pair-title","$v":"Imposible vincular los dispositivos"},{"$i":"error-pair-pincode","$v":"Imposible vincular el dispositivo. Compruebe que el PIN es correcto."},{"$i":"error-pair-toofast","$v":"Imposible vincular el dispositivo. Demasiadas peticiones."},{"$i":"error-connect-title","$v":"Imposible conectar dispositivos"},{"$i":"error-connect-msg","$v":"Compruebe que el dispositivo al que intenta conectarse está al alcance y tiene el Bluetooth activado."},{"$i":"unpair-title","$v":"¿Desvincular un dispositivo conectado?"},{"$i":"unpair-msg","$v":"En este momento está conectado a este dispositivo. Al desvincularse también se desconectará de él."},{"$i":"nfc","$v":"NFC"},{"$i":"SSIDCannotBeEmpty","$v":"El SSID no puede estar vacío"},{"$i":"internetSharing","$v":"Compartir Internet"},{"$i":"internetSharing-header","$v":[{"t":"idOrVar","v":"internetSharing"}]},{"$i":"internetSharing-usb","$v":"USB"},{"$i":"internetSharing-wifi","$v":"Wifi"},{"$i":"wifi-hotspot","$v":"Punto acceso wifi"},{"$i":"wifi-name","$v":"Nombre"},{"$i":"wifi-password","$v":"Contraseña"},{"$i":"wifi-security","$v":"Seguridad"},{"$i":"usb-tethering","$v":"Tethering USB"},{"$i":"hotspotSettings","$v":"Ajustes punto de acceso"},{"$i":"wifi-auth-username","$v":"Usuario"},{"$i":"wifi-auth-password","$v":"Contraseña"},{"$i":"wifi-join-username","$v":"Usuario"},{"$i":"wifi-join-password","$v":"Contraseña"},{"$i":"hotspotSettings-header","$v":"Ajustes"},{"$i":"ssid-name","$v":"Nombre SSID de red"},{"$i":"hotspot-open","$v":"abierta"},{"$i":"hotspot-wpa-psk","innerHTML":"WPA (TKIP)"},{"$i":"hotspot-wpa2-psk","innerHTML":"WPA2 (AES)"},{"$i":"hotspot-password-desc","$v":"La contraseña debe tener al menos 8 caracteres."},{"$i":"personalization","$v":"Personalización"},{"$i":"sound","$v":"Sonido"},{"$i":"sound-header","$v":[{"t":"idOrVar","v":"sound"}]},{"$i":"volume","$v":"Volumen"},{"$i":"tones","$v":"Tonos"},{"$i":"touch-tones","$v":"Tonos audibles de toque"},{"$i":"touch-tone-short","$v":"Cortos"},{"$i":"touch-tone-long","$v":"Largos"},{"$i":"select-tone","$v":"Elija un tono"},{"$i":"ringtones","$v":"Tonos de llamada"},{"$i":"alerts","$v":"Alertas"},{"$i":"manage-tones","$v":"Administrar tonos"},{"$i":"other-sounds","$v":"Otros sonidos"},{"$i":"unlock-screen","$v":"Desbloquear pantalla"},{"$i":"camera","$v":"Cámara"},{"$i":"sent-message","$v":"Mensaje enviado"},{"$i":"alarm-sound","$v":"Alarma"},{"$i":"ringtone-and-notification-sound","$v":"Tonos y notificaciones"},{"$i":"media-sound","$v":"Medios"},{"$i":"saving-tone","$v":"Guardando..."},{"$i":"no-ringtone-app","$v":"¡No hemos encontrado una aplicación para administrar los tonos!"},{"$i":"display","$v":"Pantalla"},{"$i":"display-header","$v":[{"t":"idOrVar","v":"display"}]},{"$i":"brightness","$v":"Luminosidad"},{"$i":"brightness-autoAdjust","$v":"Ajustar automáticamente"},{"$i":"lockScreen","$v":"Bloquear pantalla"},{"$i":"wallpaper","$v":"Fondo de pantalla"},{"$i":"screen-timeout","$v":"Tiempo de espera"},{"$i":"one-minute","$v":"1 minuto"},{"$i":"two-minutes","$v":"2 minutos"},{"$i":"five-minutes","$v":"5 minutos"},{"$i":"ten-minutes","$v":"10 minutos"},{"$i":"never","$v":"nunca"},{"$i":"lock-orientation","$v":"Bloquear orientación"},{"$i":"navigation","$v":"Navegación"},{"$i":"navigation-header","$v":[{"t":"idOrVar","v":"navigation"}]},{"$i":"edge-swipe-navigation","$v":"Navegación gestual"},{"$i":"edge-swipe-navigation-enable-msg","$v":"Deslice el borde izquierdo o derecho de la pantalla para saltar entre aplicaciones."},{"$i":"notifications","$v":"Notificaciones"},{"$i":"notifications-header","$v":[{"t":"idOrVar","v":"notifications"}]},{"$i":"lockscreen-notifications","$v":"En pantalla de bloqueo"},{"$i":"notifications-resend","$v":"Mostrar al reiniciar"},{"$i":"dateAndTime","$v":"Fecha y hora"},{"$i":"dateAndTime-header","$v":[{"t":"idOrVar","v":"dateAndTime"}]},{"$i":"setTimeAutomatically","$v":"Ajustar automática."},{"$i":"setTimeManually","$v":"Ajustar manualmente"},{"$i":"timezoneMessage","$v":"Zona horaria"},{"$i":"dateMessage","$v":"Fecha"},{"$i":"timeMessage","$v":"Hora"},{"$i":"selectTimezoneContinent","$v":"Seleccionar continente"},{"$i":"selectTimezone","$v":"Seleccionar zona horaria"},{"$i":"time-format","$v":"Formatear"},{"$i":"time-format-time","$v":"Formato de hora"},{"$i":"hour-12","$v":"12 horas"},{"$i":"hour-24","$v":"24 horas"},{"$i":"languageAndRegion","$v":"Idioma y región"},{"$i":"language","$v":"Idioma"},{"$i":"language-header","$v":[{"t":"idOrVar","v":"language"}]},{"$i":"region","$v":"Región"},{"$i":"more-languages","$v":"Obtener más idiomas"},{"$i":"sample-format","$v":"Formato de ejemplo"},{"$i":"longDateFormat","$v":"%A, %d de %B, %Y"},{"$i":"simManager","$v":"Administrador SIM"},{"$i":"simManager-header","$v":[{"t":"idOrVar","v":"simManager"}]},{"$i":"simSettings","$v":"Ajustes SIM"},{"$i":"sim-manager-outgoing-calls","$v":"Llamadas salientes"},{"$i":"sim-manager-outgoing-call-desc","$v":"Las llamadas se realizarán desde"},{"$i":"sim-manager-outgoing-messages","$v":"Mensajes salientes"},{"$i":"sim-manager-outgoing-messages-desc","$v":"Las SMS se enviarán desde"},{"$i":"sim-manager-outgoing-data","$v":"Datos"},{"$i":"sim-manager-outgoing-data-description","$v":"Pagos Marketplace y red de servicios de datos"},{"$i":"sim-manager-always-ask","$v":"Preguntar siempre"},{"$i":"sim-pin-locked","$v":"PIN de SIM bloqueado"},{"$i":"no-operator","$v":"Sin operador"},{"$i":"cant-disable-simcard-alert","$v":"Al menos una SIM debe estar activada"},{"$i":"disable-simcard-confirm","$v":["La SIM ",{"t":"idOrVar","v":"disableCardIndex"}," no puede recibir llamadas ni mensajes. Se desactivarán las llamadas y los mensajes salientes que estén configurados para la SIM ",{"t":"idOrVar","v":"disableCardIndex"},"."]},{"$i":"change-outgoing-data-confirm","$v":"Se suspenderá la transferencia actual de datos. ¿Desea continuar?"},{"$i":"homescreen","$v":"Pantalla de inicio"},{"$i":"vertical-homescreen-header","$v":"Pantalla de inicio"},{"$i":"vertical-homescreen-layout","$v":"Disposición"},{"$i":"vertical-homescreen-icon-layout","$v":"Disposición de iconos"},{"$i":"vertical-homescreen-three-columns","$v":"Tres columnas"},{"$i":"vertical-homescreen-four-columns","$v":"Cuatro columnas"},{"$i":"notice","$v":"Aviso"},{"$i":"search","$v":"Buscar"},{"$i":"search-header","$v":"Buscar"},{"$i":"search-engine","$v":"Buscador"},{"$i":"search-suggestions","$v":"Sugerencias búsqueda"},{"$i":"search-suggestions-description","$v":"Los caracteres que escribe cuando realiza una búsqueda se envían a múltiples proveedores de búsqueda y se utilizan para enviarle sugerencias. Se pueden aplicar tarifas adicionales por datos al usar esta característica."},{"$i":"homescreens","$v":"Pantallas de inicio"},{"$i":"homescreens-header","$v":[{"t":"idOrVar","v":"homescreens"}]},{"$i":"changeHomescreen","$v":"Cambiar pantalla de inicio"},{"$i":"changeHomescreenButton","$v":"Cambiar"},{"$i":"description","$v":"Descripción"},{"$i":"keyboardSettings","$v":"Ajustes teclado"},{"$i":"selectedKeyboards","$v":"Teclados seleccionados"},{"$i":"keyboards","$v":"Teclados"},{"$i":"keyboards-header","$v":[{"t":"idOrVar","v":"keyboards"}]},{"$i":"numberKeyboardLayouts","$v":"Disposiciones de números"},{"$i":"optionKeyboardLayouts","$v":"Disposiciones de opciones"},{"$i":"keypad","$v":"Teclado numérico"},{"$i":"dialpad","$v":"Teclado de marcado"},{"$i":"selectKeyboards","$v":"Seleccionar teclados"},{"$i":"selectKeyboards-header","$v":[{"t":"idOrVar","v":"selectKeyboards"}]},{"$i":"mustHaveOneKeyboard","$v":["Debería seleccionarse al menos un teclado ",{"t":"idOrVar","v":"type"}]},{"$i":"keyboardType-text","$v":"texto"},{"$i":"keyboardType-url","$v":"url"},{"$i":"keyboardType-number","$v":"numérico"},{"$i":"defaultKeyboardEnabled","$v":[{"t":"idOrVar","v":"layoutName"}," de ",{"t":"idOrVar","v":"appName"}," está configurada como método de entrada predeterminado"]},{"$i":"themes","$v":"Temas"},{"$i":"themes-header","$v":[{"t":"idOrVar","v":"themes"}]},{"$i":"fxa","$v":"Firefox Accounts"},{"$i":"accounts","$v":"Administración de cuenta"},{"$i":"fxa-accounts","$v":"Firefox Accounts"},{"$i":"fxa-accounts-header","$v":[{"t":"idOrVar","v":"fxa-accounts"}]},{"$i":"fxa-overview","$v":"Su cuenta de Firefox le permite utilizar características como Buscar mi dispositivo y apps como Firefox Marketplace."},{"$i":"fxa-invitation","$v":"Crear cuenta o conectarse"},{"$i":"fxa-confirm-account","$v":"Confirmar su cuenta"},{"$i":"fxa-verification-email-sent-msg","$v":["Enviaremos un correo a: ",{"t":"idOrVar","v":"email"}]},{"$i":"fxa-please-verify","$v":"Haga clic en el enlace de verificación de su correo para confirmar la cuenta."},{"$i":"fxa-cancel-confirmation","$v":"Cancelar confirmación de cuenta"},{"$i":"fxa-resend-alert","$v":["Un enlace de verificación se ha enviado a ",{"t":"idOrVar","v":"email"},"."]},{"$i":"fxa-dont-see-email","$v":["¿No ve un correo? ",{"t":"idOrVar","v":"resend"},"."]},{"$i":"fxa-resend","$v":"Reenviar"},{"$i":"fxa-about","$v":"Acerca de"},{"$i":"fxa-logged-in-text","$v":["Conectado como ",{"t":"idOrVar","v":"email"}]},{"$i":"fxa-signed-in-header","$v":"Conectado"},{"$i":"fxa-marketplace-app","$v":"Marketplace"},{"$i":"fxa-find-my-device-app","$v":"Buscar mi dispositivo"},{"$i":"fxa-options","$v":"Opciones"},{"$i":"fxa-sign-out","$v":"Salir"},{"$i":"fxa-confirm-email","$v":["Confirme ",{"t":"idOrVar","v":"email"}]},{"$i":"findmydevice","$v":"Buscar mi dispositivo"},{"$i":"findmydevice-create-account","$v":"Crear cuenta o conectarse"},{"$i":"findmydevice-enable","$v":"Buscar mi dispositivo"},{"$i":"findmydevice-about","$v":"Acerca de Buscar mi dispositivo"},{"$i":"findmydevice-enable-geolocation-prompt","$v":"¿Activar geolocalización?"},{"$i":"findmydevice-enable-geolocation-description","$v":"Para ver la ubicación de su dispositivo, debe activar el rastreo por geolocalización."},{"$i":"findmydevice-geolocation-enabled","$v":"Geolocalización activada"},{"$i":"findmydevice-enable-network","$v":"El dispositivo está desconectado. Conéctese a una red y pruebe de nuevo."},{"$i":"findmydevice-error","$v":"Se ha producido un error en Buscar mi dispositivo."},{"$i":"findmydevice-please-try","$v":"Inténtelo de nuevo."},{"$i":"findmydevice-please-tap","$v":"Pulse para intentarlo de nuevo."},{"$i":"privacyAndSecurity","$v":"Privacidad y seguridad"},{"$i":"passcode-lock","$v":"Bloqueo con código"},{"$i":"passcode-lock-desc","$v":["Código acceso: ",{"t":"idOrVar","v":"code"}]},{"$i":"screenLock","$v":"Bloqueo de pantalla"},{"$i":"screenLock-header","$v":[{"t":"idOrVar","v":"screenLock"}]},{"$i":"simSecurity","$v":"Seguridad de SIM"},{"$i":"simSecurity-header","$v":[{"t":"idOrVar","v":"simSecurity"}]},{"$i":"appPermissions","$v":"Permisos de apps"},{"$i":"appPermissions-header","$v":[{"t":"idOrVar","v":"appPermissions"}]},{"$i":"author","$v":"Autor"},{"$i":"permissions","$v":"Permisos"},{"$i":"revoke","$v":"Revocar"},{"$i":"ask","$v":"Preguntar"},{"$i":"deny","$v":"Denegar"},{"$i":"allow","$v":"Conceder"},{"$i":"uninstallApp","$v":"Desinstalar app"},{"$i":"phone","$v":"Teléfono"},{"$i":"messages","$v":"Mensajes"},{"$i":"vibrate","$v":"Vibrar"},{"$i":"ring","$v":"Tono"},{"$i":"change","$v":"Cambiar"},{"$i":"create","$v":"Crear"},{"$i":"create-a-passcode","$v":"Crear un código"},{"$i":"passcode","$v":"Código"},{"$i":"passcode-heading","$v":"Código"},{"$i":"enter-passcode","$v":"Escribir código"},{"$i":"new-passcode","$v":"Nuevo código"},{"$i":"current-passcode","$v":"Código actual"},{"$i":"incorrect-passcode","$v":"El código es incorrecto"},{"$i":"passcode-doesnt-match","$v":"Los códigos no coinciden. Pruebe de nuevo."},{"$i":"confirm-passcode","$v":"Confirmar código"},{"$i":"immediately","$v":"Inmediatamente"},{"$i":"after-one-minute","$v":"Tras 1 minuto"},{"$i":"after-five-minutes","$v":"Tras 5 minutos"},{"$i":"after-fifteen-minutes","$v":"Tras 15 minutos"},{"$i":"after-thirty-minutes","$v":"Tras 30 minutos"},{"$i":"after-one-hour","$v":"Tras 1 hora"},{"$i":"require-passcode","$v":"Solicitar código"},{"$i":"change-passcode","$v":"Cambiar código"},{"$i":"noSimCard","$v":"Ninguna tarjeta SIM"},{"$i":"simPin","$v":"PIN de la SIM"},{"$i":"simPin2","$v":"PIN2 de la SIM"},{"$i":"simPinWithIndex","$v":["PIN de la SIM ",{"t":"idOrVar","v":"index"}]},{"$i":"pukCode","$v":"Código PUK"},{"$i":"puk2Code","$v":"Código PUK2"},{"$i":"whatIsSimPin","$v":"¿Qué es el número PIN de la tarjeta SIM?"},{"$i":"simPinIntro1","$v":"El número PIN evita el acceso a las redes móviles de datos de la tarjeta SIM. Cuando está activo, cualquier dispositivo con SIM pide el PIN al reiniciar."},{"$i":"simPinIntro2","$v":"El número PIN de la tarjeta SIM no es el mismo código que se usa para desbloquear el dispositivo."},{"$i":"changeSimPin","$v":"Cambiar PIN"},{"$i":"simPinChangedSuccessfully","$v":"PIN de la SIM cambiado correctamente"},{"$i":"simPinChangedSuccessfullyWithIndex","$v":["PIN de la SIM ",{"t":"idOrVar","v":"index"}," cambiado correctamente"]},{"$i":"pinTitle","$v":"Escribir PIN de SIM"},{"$i":"pin2Title","$v":"Escribir PIN2 de SIM"},{"$i":"pukTitle","$v":"Escribir PUK"},{"$i":"puk2Title","$v":"Escribir PUK2"},{"$i":"newpinTitle","$v":"Nuevo PIN"},{"$i":"inputCodeRetriesLeft","$v":{"one":"Último intento.","two":["Quedan ",{"t":"idOrVar","v":"n"}," intentos."],"few":["Quedan ",{"t":"idOrVar","v":"n"}," intentos."],"many":["Quedan ",{"t":"idOrVar","v":"n"}," intentos."],"other":["Quedan ",{"t":"idOrVar","v":"n"}," intentos."]},"$x":[{"t":"idOrVar","v":"plural"},"n"]},{"$i":"pinAttemptMsg3","$v":{"one":"Sólo le queda un intento para escribir el código correcto antes de bloquear la SIM.","two":["Le quedan ",{"t":"idOrVar","v":"n"}," intentos para escribir el código correcto antes de bloquear la SIM."],"few":["Le quedan ",{"t":"idOrVar","v":"n"}," intentos para escribir el código correcto antes de bloquear la SIM."],"many":["Le quedan ",{"t":"idOrVar","v":"n"}," intentos para escribir el código correcto antes de bloquear la SIM."],"other":["Le quedan ",{"t":"idOrVar","v":"n"}," intentos para escribir el código correcto antes de bloquear la SIM."]},"$x":[{"t":"idOrVar","v":"plural"},"n"]},{"$i":"pinLastChanceMsg","$v":"Esta es su última oportunidad para escribir el PIN correcto. En caso contrario, deberá escribir el código PUK para usar esta tarjeta SIM."},{"$i":"simCardLockedMsg","$v":"La tarjeta SIM está bloqueada."},{"$i":"simCardBlockedMsg","$v":"La tarjeta SIM está bloqueada."},{"$i":"enterPukMsg","$v":"Debe escribir la Clave Personal de Desbloqueo (PUK) para la tarjeta SIM. Consulte la documentación de su tarjeta SIM o contacte con su operador para tener más información."},{"$i":"enterPuk2Msg","$v":"Debe escribir la Clave Personal de Desbloqueo (PUK2) de la tarjeta SIM. Consulte la documentación de su tarjeta SIM o contacte con su operador para más información."},{"$i":"pukErrorMsg","$v":"El código PUK es incorrecto."},{"$i":"pukAttemptMsg3","$v":{"one":"Sólo le queda un intento para escribir el código correcto antes de que la tarjeta SIM quede definitivamente inutilizable. Consulte la documentación de su tarjeta SIM o contacte con su operador para tener más información.","two":["Le quedan ",{"t":"idOrVar","v":"n"}," intentos para escribir el código correcto antes de que la tarjeta SIM quede definitivamente inutilizable. Consulte la documentación de su tarjeta SIM o contacte con su operador para tener más información."],"few":["Le quedan ",{"t":"idOrVar","v":"n"}," intentos para escribir el código correcto antes de que la tarjeta SIM quede definitivamente inutilizable. Consulte la documentación de su tarjeta SIM o contacte con su operador para tener más información."],"many":["Le quedan ",{"t":"idOrVar","v":"n"}," intentos para escribir el código correcto antes de que la tarjeta SIM quede definitivamente inutilizable. Consulte la documentación de su tarjeta SIM o contacte con su operador para tener más información."],"other":["Le quedan ",{"t":"idOrVar","v":"n"}," intentos para escribir el código correcto antes de que la tarjeta SIM quede definitivamente inutilizable. Consulte la documentación de su tarjeta SIM o contacte con su operador para tener más información."]},"$x":[{"t":"idOrVar","v":"plural"},"n"]},{"$i":"pukLastChanceMsg","$v":"Última oportunidad de escribir el código PUK correcto. Su tarjeta SIM quedará definitivamente inutilizable si escribe un código PUK incorrecto. Consulte la documentación de su tarjeta SIM o contacte con su operador para tener más información."},{"$i":"newSimPinMsg","$v":"Crear nuevo número PIN (debe tener entre 4 y 8 dígitos)"},{"$i":"newSimPin2Msg","$v":"Crear PIN2 (debe contener entre 4 y 8 dígitos)"},{"$i":"confirmNewSimPinMsg","$v":"Confirmar el nuevo PIN"},{"$i":"confirmNewSimPin2Msg","$v":"Confirmar el nuevo PIN2"},{"$i":"newPinErrorMsg","$v":"Los PIN no coinciden"},{"$i":"simLockedPhone","$v":"Teléfono bloqueado por SIM"},{"$i":"unknownSimCardState","$v":"Estado de la tarjeta SIM desconocido"},{"$i":"simCardNotReady","$v":"La tarjeta SIM no está lista"},{"$i":"simCardIllegal","$v":"SIM no autorizada"},{"$i":"doNotTrack","$v":"No quiero ser rastreado"},{"$i":"doNotTrack-header","$v":[{"t":"idOrVar","v":"doNotTrack"}]},{"$i":"doNotTrackActions","$v":"Indicar a los sitios web y aplicaciones que no quiero ser rastreado"},{"$i":"allowTracking","$v":"Indicar a los sitios web y aplicaciones que quiero ser rastreado"},{"$i":"doNotHavePrefOnTracking","$v":"No indicar nada a los sitios web y aplicaciones sobre mis preferencias de rastreo"},{"$i":"doNotTrack-dt","$v":"¿Cómo funciona No quiero ser rastreado?"},{"$i":"doNotTrack-dd1","$v":"Cuando activa la característica No quiero ser rastreado, su dispositivo le indica a todos los sitios web y aplicaciones (así como a anunciantes y otros proveedores de contenidos) que no desea que rastreen sus hábitos de navegación."},{"$i":"doNotTrack-dd2","$v":"La activación de No quiero ser rastreado no afecta a cómo se conecta a los sitios web, ni hace que su dispositivo olvide su información privada, como los contenidos de carritos de compras, información de ubicación o información de conexión."},{"$i":"browsingPrivacy","$v":"Privacidad navegación"},{"$i":"browsingPrivacy-header","$v":[{"t":"idOrVar","v":"browsingPrivacy"}]},{"$i":"confirm-clear-title","$v":"Confirmación"},{"$i":"clear-browsing-history","$v":"Borrar historial"},{"$i":"confirm-clear-browsing-history","$v":"¿Desea borrar el historial de navegación?"},{"$i":"clear-cookies-and-stored-data","$v":"Borrar cookies y datos"},{"$i":"confirm-clear-cookies-and-stored-data","$v":"¿Desea borrar las cookies y otros datos guardados por los sitios web en este dispositivo?"},{"$i":"clear","$v":"Borrar"},{"$i":"privacy-controls","$v":"Controles de privacidad"},{"$i":"no-privacy-panel","$v":"Ninguna app de panel de privacidad"},{"$i":"storage","$v":"Almacenamiento"},{"$i":"enableUSBStorage1","$v":"Disco USB"},{"$i":"umsUnplugToDisable","$v":"Retirar cable USB para terminar"},{"$i":"appStorage","$v":"Espacio para apps"},{"$i":"appStorage-header","$v":"Espacio para apps"},{"$i":"storageSize","$v":[{"t":"idOrVar","v":"size"}," ",{"t":"idOrVar","v":"unit"}]},{"$i":"availableSize","$v":{"zero":[{"t":"idOrVar","v":"size"}," ",{"t":"idOrVar","v":"unit"}," disponible"],"one":[{"t":"idOrVar","v":"size"}," ",{"t":"idOrVar","v":"unit"}," disponible"],"two":[{"t":"idOrVar","v":"size"}," ",{"t":"idOrVar","v":"unit"}," disponibles"],"few":[{"t":"idOrVar","v":"size"}," ",{"t":"idOrVar","v":"unit"}," disponibles"],"many":[{"t":"idOrVar","v":"size"}," ",{"t":"idOrVar","v":"unit"}," disponibles"],"other":[{"t":"idOrVar","v":"size"}," ",{"t":"idOrVar","v":"unit"}," disponibles"]},"$x":[{"t":"idOrVar","v":"plural"},"size"]},{"$i":"apps-total-space","$v":"Espacio total"},{"$i":"apps-used-space","$v":"Utilizado"},{"$i":"apps-free-space","$v":"Libre"},{"$i":"storage-details","$v":"Las fotos, los vídeos y la música se guardan por separado de las aplicaciones. Vea los datos multimedia para más información."},{"$i":"ums-shared-volumes","$v":[{"t":"idOrVar","v":"list"}," compartidos"]},{"$i":"transferProtocol-header","$v":"Protocolo transferencia"},{"$i":"protocol-mtp","$v":"Protocolo transferencia multimedia"},{"$i":"protocol-ums","$v":"Modo de disco USB"},{"$i":"mediaStorage","$v":"Datos multimedia"},{"$i":"mediaStorage-header","$v":[{"t":"idOrVar","v":"mediaStorage"}]},{"$i":"storage-name-internal","$v":"Almacenamiento interno"},{"$i":"storage-name-external-0","$v":"Almacenamiento tarjeta SD"},{"$i":"storage-name-external-1","$v":"Almacenamiento tarjeta SD 2"},{"$i":"short-storage-name-internal","$v":"Interno"},{"$i":"short-storage-name-external-0","$v":"Tarjeta SD"},{"$i":"short-storage-name-external-1","$v":"Tarjeta SD 2"},{"$i":"music-space","$v":"Música"},{"$i":"pictures-space","$v":"Fotos"},{"$i":"videos-space","$v":"Películas"},{"$i":"left-space","$v":"Espacio libre"},{"$i":"free-space","$v":"Espacio libre"},{"$i":"total-space","$v":"Espacio total"},{"$i":"size-not-available","$v":"No disponible"},{"$i":"no-storage","$v":"No hay tarjeta de almacenamiento"},{"$i":"advanced","$v":"Avanzado"},{"$i":"ums-warning-title","$v":"¿Activar disco USB?"},{"$i":"default-media-location","$v":"Ubicación predeterminada"},{"$i":"default-media-location-msg","$v":"Seleccione dónde se guardan de manera predeterminada fotos, descargas, vídeos y música."},{"$i":"change-default-media-location-confirmation","$v":"El cambio de ubicación predeterminada de los datos multimedia afectará al lugar donde se guardan por defecto fotos, descargas, vídeos y otros archivos multimedia. Los datos actuales continuarán en su ubicación actual. ¿Desea continuar?"},{"$i":"eject-sdcard-external-0","$v":"Extraer tarjeta SD"},{"$i":"eject-sdcard-external-1","$v":"Extraer tarjeta SD 2"},{"$i":"format-sdcard-internal","$v":"Formatear almacenamiento interno"},{"$i":"format-sdcard-external-0","$v":"Formatear tarjeta SD"},{"$i":"format-sdcard-external-1","$v":"Formatear tarjeta SD 2"},{"$i":"formatting","$v":"Formateando..."},{"$i":"unmount-sdcard-confirmation","$v":"No podrá acceder al contenido de la tarjeta SD una vez desmontada. ¿Desea continuar?"},{"$i":"format-sdcard-title","$v":"Formatear tarjeta SD"},{"$i":"format-sdcard-message","$v":"Se eliminarán todos los datos almacenados en su tarjeta SD, como música y fotografías."},{"$i":"format-sdcard-internal-title","$v":"Formatear almacenamiento interno"},{"$i":"format-sdcard-internal-message","$v":"Se eliminarán todos los datos almacenados en su tarjeta SD, como música y fotografías."},{"$i":"format-sdcard-btnformat","$v":"Formatear"},{"$i":"sdcardUnmounted","$v":"Tarjeta SD desmontada"},{"$i":"device","$v":"Dispositivo"},{"$i":"help","$v":"Ayuda"},{"$i":"deviceInfo","$v":"Información"},{"$i":"deviceInfo-header","$v":[{"t":"idOrVar","v":"deviceInfo"}]},{"$i":"deviceInfo-IMEI","$v":"IMEI"},{"$i":"deviceInfo-ICCID","$v":"ICCID"},{"$i":"deviceInfo-MSISDN","$v":"Núm. de teléfono"},{"$i":"deviceInfo-ICCID-unavailable-sim","$v":["SIM ",{"t":"idOrVar","v":"index"},": no disponible"]},{"$i":"downloads","$v":"Descargas"},{"$i":"downloads-header","$v":"Descargas"},{"$i":"unknown-phoneNumber","$v":"Desconocido"},{"$i":"unknown-phoneNumber-sim","$v":["SIM ",{"t":"idOrVar","v":"index"},": desconocida"]},{"$i":"gitInfo","$v":"Información del commit de Git"},{"$i":"developer","$v":"Desarrollador"},{"$i":"developer-header","$v":[{"t":"idOrVar","v":"developer"}]},{"$i":"hud-settings-button","$v":"HUD desarrolladores"},{"$i":"hud-settings-header","$v":[{"t":"idOrVar","v":"hud-settings-button"}]},{"$i":"hud-devtools","$v":"Herramientas para desarrolladores"},{"$i":"hud-devtools-header","$v":[{"t":"idOrVar","v":"hud-devtools"}]},{"$i":"hud-logging","$v":"Registrar cambios en ADB"},{"$i":"hud-system","$v":"Mostrar HUD del sistema"},{"$i":"hud-problems","$v":"Problemas"},{"$i":"hud-warnings","$v":"Advertencias"},{"$i":"hud-errors","$v":"Errores"},{"$i":"hud-security","$v":"Problemas de seguridad"},{"$i":"hud-performance","$v":"Rendimiento"},{"$i":"hud-reflows","$v":"Reflujos"},{"$i":"hud-jank","$v":"Jank"},{"$i":"jank-threshold","$v":"Jank Threshold"},{"$i":"hud-fps","$v":"Cuadros por segundo"},{"$i":"hud-ttl","$v":"Tiempo de carga"},{"$i":"hud-memory","$v":"Memoria"},{"$i":"hud-uss","$v":"Tamaño ajuste único"},{"$i":"hud-appmemory","$v":"Memoria de apps"},{"$i":"hud-jsobjects","$v":"Objetos JS"},{"$i":"hud-jsstrings","$v":"Cadenas JS"},{"$i":"hud-jsother","$v":"Otro JS"},{"$i":"hud-dom","$v":"DOM"},{"$i":"hud-style","$v":"Estilo"},{"$i":"hud-other","$v":"Otro"},{"$i":"software","$v":"Software"},{"$i":"devSettings","$v":"Ajustes para desarrolladores"},{"$i":"debug","$v":"Depurar"},{"$i":"developer-menu","$v":"Menú de desarrolladores"},{"$i":"developer-tools","$v":"Herramientas para desarrolladores"},{"$i":"graphics","$v":"Gráficos"},{"$i":"hardware-composer","$v":"Compositor hardware"},{"$i":"paint-flashing","$v":"Área repintada"},{"$i":"dumps-layers","$v":"Volcar árbol de capas"},{"$i":"dumps-layerscope","$v":"Volcar árbol de capas"},{"$i":"apz-overscroll","$v":"Desplazamiento sobrante"},{"$i":"tiling","$v":"Mosaico"},{"$i":"low-precision","$v":"Dibujado de baja precisión"},{"$i":"low-opacity","$v":"Transparencia de baja precisión"},{"$i":"draw-tile-borders","$v":"Dibujar bordes de mosaicos"},{"$i":"draw-layer-borders","$v":"Dibujar bordes de capas"},{"$i":"log-animations","$v":"Reg. animaciones lentas"},{"$i":"remote-debugging-usb","$v":"Depurar vía USB"},{"$i":"dev-tools-wifi","$v":"DevTools a través de wifi"},{"$i":"dev-tools-qps","$v":"Pseudolocalización"},{"$i":"debugger-disabled","$v":"Desactivado"},{"$i":"debugger-adb-only","$v":"Sólo ADB"},{"$i":"debugger-adb-and-devtools","$v":"ADB y DevTools"},{"$i":"wifi-debugging","$v":"Salida ADB por wifi"},{"$i":"bluetooth-debugging","$v":"Salida de Bluetooth en ADB"},{"$i":"bluetooth-snoop-debugging","$v":"Bluetooth HCI sniffing logs to sdcard"},{"$i":"nfc-debugging","$v":"Salida NFC en ADB"},{"$i":"ril-debugging","$v":"RIL output in ADB"},{"$i":"console-enabled","$v":"Consola activada"},{"$i":"cards-view-screenshots","$v":"Vista tarjetas: capturas"},{"$i":"geolocation-debugging-enabled","$v":"Salida de geolocalización en ADB"},{"$i":"geolocation-debugging-gps-locations-ignored","$v":"Ignorar ubicaciones GPS"},{"$i":"use-reviewer-certs","$v":"Usar cert. revisor de Marketplace"},{"$i":"shake-to-log","$v":"Agitar para guardar registro del sistema"},{"$i":"model-name","$v":"Modelo"},{"$i":"os-version","$v":"Versión de SO"},{"$i":"firmware_revision","$v":"Revisión de firmware"},{"$i":"hardware_revision","$v":"Revisión de hardware"},{"$i":"platform_version","$v":"Versión de plataforma"},{"$i":"build-id","$v":"Identificador de compilación"},{"$i":"update-channel","$v":"Canal de actualizaciones"},{"$i":"build_number","$v":"Núm. build"},{"$i":"update-url","$v":"URL de actualización"},{"$i":"last-updated","$v":"Última actualización"},{"$i":"more-info","$v":"Más información"},{"$i":"more-info-header","$v":[{"t":"idOrVar","v":"more-info"}]},{"$i":"softwareUpdates","$v":"Actualizaciones de software"},{"$i":"check-update-daily","$v":"Diariamente"},{"$i":"check-update-weekly","$v":"Semanalmente"},{"$i":"check-update-monthly","$v":"Mensualmente"},{"$i":"check-for-updates","$v":"Buscar actualizaciones"},{"$i":"check-update-now","$v":"Buscar ahora"},{"$i":"update-status","$v":"Estado de actualización"},{"$i":"no-network-when-update","$v":"Conéctese a internet para continuar con la actualización."},{"$i":"checking-for-update","$v":"Buscando actualizaciones…"},{"$i":"no-updates","$v":"No se encontró ninguna actualización"},{"$i":"retry-when-online","$v":"La red no dispone de conexión. Se comprobará de nuevo cuando la red esté disponible."},{"$i":"already-latest-version","$v":["Esta es la versión más reciente de ",{"t":"idOrVar","v":"brandShortName"}]},{"$i":"check-error","$v":"Hubo un error al buscar actualizaciones."},{"$i":"aboutBrowserOS","$v":["Acerca de ",{"t":"idOrVar","v":"brandShortName"}]},{"$i":"browser-os-desc","$v":[{"t":"idOrVar","v":"brandShortName"}," es el sistema operativo gratuito y abierto de Mozilla. Nuestra misión es promover la transparencia, la innovación y la oportunidad para todos poniendo el poder de la Web en sus manos."]},{"$i":"learn-more","$v":"Más información"},{"$i":"reset-head","$v":"Restablecer"},{"$i":"reset-warning-title","$v":"ATENCIÓN"},{"$i":"unlock-privileges","$v":"Desbloquear privilegios"},{"$i":"reset-devtools","$v":"Restablecer y activar DevTools"},{"$i":"reset-devtools-warning-title","$v":"ATENCIÓN"},{"$i":"your-rights","$v":"Sus derechos"},{"$i":"your-rights-header","$v":[{"t":"idOrVar","v":"your-rights"}]},{"$i":"about-your-rights-0","$v":[{"t":"idOrVar","v":"brandShortName"}," es software gratuito y de código libre desarrollado por una comunidad de miles de colaboradores de todo el mundo. Hay algunas cosas que debe saber:"]},{"$i":"about-your-rights-1","$v":[{"t":"idOrVar","v":"brandShortName"}," está disponible bajo los términos de varias licencias de código libre, entre ellas la Mozilla Public License. Un dispositivo que ejecute ",{"t":"idOrVar","v":"brandShortName"}," puede contener software patentado de terceros. Cualquier código proporcionado bajo licencias abiertas le otorga el derecho de modificar el código fuente y distribuir sus versiones modificadas en tanto en cuanto cumpla con sus términos."]},{"$i":"about-your-rights-2","$v":["No se le otorga ningún derecho de marca registrada o licencia para las marcas registradas de Mozilla Foundation u otra parte, lo que incluye a modo enunciativo, pero no limitativo, el nombre o logotipo de ",{"t":"idOrVar","v":"brandShortName"},"."]},{"$i":"about-your-rights-3","$v":["Algunas características en ",{"t":"idOrVar","v":"brandShortName"}," como Crash Reporter le ofrecen la oportunidad de dar su opinión a Mozilla. Al elegir enviar su opinión, autoriza a Mozilla a utilizarla para mejorar sus productos, publicarla en sus sitios web y distribuirla."]},{"$i":"about-legal-info","$v":"Información legal"},{"$i":"about-credit-info","$v":"Créditos"},{"$i":"about-legal-info-header","$v":[{"t":"idOrVar","v":"about-legal-info"}]},{"$i":"open-source-notices","$v":"Info. sobre código fuente"},{"$i":"open-source-notices-header","$v":[{"t":"idOrVar","v":"open-source-notices"}]},{"$i":"obtaining-source-code","$v":"Obtener el código fuente"},{"$i":"obtaining-source-code-header","$v":[{"t":"idOrVar","v":"obtaining-source-code"}]},{"$i":"about-mozilla","$v":"Mozilla"},{"$i":"about-other","$v":"Otro"},{"$i":"your-privacy","$v":"Su privacidad"},{"$i":"your-privacy-header","$v":[{"t":"idOrVar","v":"your-privacy"}]},{"$i":"licensing-1","$v":"El código binario de este producto ha sido puesto a su disposición por el Proyecto Mozilla bajo la Mozilla Public License 2.0 (MPL). Conozca sus derechos."},{"$i":"licensing-2","$v":"Todo el código fuente de este producto está disponible bajo licencias gratuitas y de código libre, y en su mayor parte está disponible bajo la Mozilla Public License 2.0 (MPL)."},{"$i":"licensing-3","$v":"El resto del software que no está bajo la MLP 2.0 está disponible bajo una de las otras muchas licencias que existen. A continuación se muestran aquellas que requieren la reproducción del texto de la licencia en la distribución. (Nota: En función del producto concreto y versión que elija, puede que su copia de este producto no contenga código cubierto por una o más de las licencias que se listan aquí)."},{"$i":"licensing-MPL","$v":"Mozilla Public License 2.0"},{"$i":"licensing-Apache","$v":"Apache License 2.0"},{"$i":"launch-ftu","$v":"Lanzar FTU"},{"$i":"no-ftu","$v":"No se encuentra la app FTU"},{"$i":"software-home-button","$v":"Botón inicio software"},{"$i":"home-gesture","$v":"Gesto Ir a inicio"},{"$i":"continuous-transition","$v":"Transición continua"},{"$i":"debug-gaia-enabled","$v":"Trazas de depuración de Gaia"},{"$i":"showScreenReaderSettings","$v":"Mostrar ajustes lector de pantalla"},{"$i":"app-transition","$v":"Transición de apps"},{"$i":"app-suspending","$v":"Suspensión de apps"},{"$i":"copypaste","$v":"Copiar/pegar"},{"$i":"verbose-app-permissions","$v":"Permisos detallados de apps"},{"$i":"window-management","$v":"Administración de ventanas"},{"$i":"downloads-edit","$v":"Editar descargas"},{"$i":"downloads-select-all","$v":"Marcar todo"},{"$i":"downloads-deselect-all","$v":"Desmarcar todo"},{"$i":"downloads-delete","$v":"Borrar"},{"$i":"battery","$v":"Batería"},{"$i":"battery-header","$v":[{"t":"idOrVar","v":"battery"}]},{"$i":"batteryLevel","$v":"Nivel actual"},{"$i":"batteryLevel-percent-unplugged","$v":[{"t":"idOrVar","v":"level"},"%"]},{"$i":"batteryLevel-percent-charging","$v":[{"t":"idOrVar","v":"level"},"% (cargando)"]},{"$i":"batteryLevel-percent-charged","$v":[{"t":"idOrVar","v":"level"},"% (cargado)"]},{"$i":"powerSaveModeTitle","$v":"Modo ahorro energía"},{"$i":"powerSaveMode","$v":"Modo ahorro energía"},{"$i":"powerSave-threshold","$v":[{"t":"idOrVar","v":"level"},"% de batería restante"]},{"$i":"turnOnAuto","$v":"Activar automáticamente"},{"$i":"accessibility","$v":"Accesibilidad"},{"$i":"accessibility-header","$v":[{"t":"idOrVar","v":"accessibility"}]},{"$i":"screenReader","$v":"Lector de pantalla"},{"$i":"screenReader-header","$v":[{"t":"idOrVar","v":"screenReader"}]},{"$i":"screenReader-toggle","$v":[{"t":"idOrVar","v":"screenReader"}]},{"$i":"colorFilter","$v":"Filtro cromático"},{"$i":"colorFilter-header","$v":[{"t":"idOrVar","v":"colorFilter"}]},{"$i":"colorFilter-toggle","$v":[{"t":"idOrVar","v":"colorFilter"}]},{"$i":"screenReader-captions","$v":"Mostrar voz"},{"$i":"screenReader-enable-msg","$v":"Cuando el lector de pantalla esté activado, el dispositivo proporcionará respuesta hablada para asistir a usuarios ciegos o con poca visión."},{"$i":"screen-reader-speech-volume","$v":"Volumen de voz"},{"$i":"screen-reader-speech-rate","$v":"Velocidad de voz"},{"$i":"screenReader-confirm-title-start","$v":"¿Iniciar lector de pantalla?"},{"$i":"screenReader-confirm-description-start","$v":"Al activar el lector de pantalla, cambiará el funcionamiento de la pantalla táctil. Toque una vez en cualquier ítem para escucharlo; toque dos veces para activarlo."},{"$i":"screenReader-confirm-button-start","$v":"Iniciar"},{"$i":"screenReader-confirm-title-stop","$v":"¿Parar lector de pantalla?"},{"$i":"screenReader-confirm-description-stop","$v":"Al detener el lector de pantalla, finalizarán los comentarios de voz."},{"$i":"screenReader-confirm-button-stop","$v":"Parar"},{"$i":"colorFilter-invert","$v":"Invertir"},{"$i":"colorFilter-grayscale","$v":"Escala grises"},{"$i":"colorFilter-contrast","$v":"Contraste"},{"$i":"improveBrowserOS","$v":["Mejorar ",{"t":"idOrVar","v":"brandShortName"}]},{"$i":"improveBrowserOSTitle","$v":["Mejorar ",{"t":"idOrVar","v":"brandShortName"}]},{"$i":"sendMozillaFeedback","$v":"Enviar su opinión a Mozilla"},{"$i":"performanceAndUsageData","$v":"Datos de rendimiento y consumo"},{"$i":"sharePerformanceAndUsageData","$v":"Enviar datos"},{"$i":"appUsageByRegion","$v":"App usage by region"},{"$i":"crashReports","$v":"Informes de error"},{"$i":"crashReports-header","$v":[{"t":"idOrVar","v":"crashReports"}]},{"$i":"crashReportInfo","$v":"Al enviar un informe de error a Mozilla, nos ayuda a solucionarlo en beneficio de todos. Los informes sólo se envían bajo wifi."},{"$i":"alwaysSendReport","$v":"Enviar siempre"},{"$i":"neverSendReport","$v":"No enviar nunca"},{"$i":"askToSendReport2","$v":"Preguntar cada vez"},{"$i":"crash-reports-description-1","$v":"Un informe de error contiene una serie de datos que describen el fallo y su dispositivo, así como una instantánea del estado en el que se encontraba su dispositivo cuando ocurrió el fallo."},{"$i":"crash-reports-description-2","$v":"Incluirá datos como páginas y aplicaciones abiertas, texto escrito en formularios, el contenido de mensajes abiertos, el historial reciente de navegación o la geolocalización que la aplicación abierta utilizó."},{"$i":"crash-reports-description-3-start","$v":"Utilizamos los informes de error para solucionar problemas y mejorar nuestros productos. Gestionamos su información según se describe en nuestra "},{"$i":"crash-reports-description-3-privacy","$v":"política de privacidad"},{"$i":"crash-reports-description-3-end","$v":"."},{"$i":"sendFeedbackTitle","$v":"Enviar su opinión"},{"$i":"feedback-description","$v":"Su opinión nos ayudará a mejorar Firefox OS."},{"$i":"feedback-happy","$v":"Feliz"},{"$i":"feedback-sad","$v":"Triste"},{"$i":"feedback-mood-description","$v":"¿Cómo se siente?"},{"$i":"feedback_whyfeel_happy","$v":"¿Por qué se siente feliz?"},{"$i":"feedback_whyfeel_sad","$v":"¿Por qué se siente triste?"},{"$i":"feedback-mood-explain","$v":"Cuéntenos con más detalle."},{"$i":"feedback-public-description","$v":"El contenido de sus opiniones será público, por lo que le recomendamos que no incluya ninguna información personal."},{"$i":"feedback-contactyou","$v":"Marque aquí para contactar con usted por correo."},{"$i":"email-address1","$v":"Dirección de correo:"},{"$i":"email-keepprivate","$v":"No se preocupe: su correo siempre se mantendrá privado."},{"$i":"feedback-sendbtn","$v":"Enviar comentarios"},{"$i":"feedback-errormessage-connect-error","$v":"Discúlpenos, debido a un error en la conexión de datos, el sistema no puede enviar su sugerencia. Pruebe de nuevo cuando el problema se resuelva."},{"$i":"feedback-errormessage-server-off","$v":"Discúlpenos, al estar el servidor caído, el sistema no puede enviar su sugerencia. Espere un momento y pruebe de nuevo."},{"$i":"feedback-errormessage-timeout","$v":"Discúlpenos, al agotarse el tiempo, el sistema no puede enviar su sugerencia. Reinicie y pruebe de nuevo."},{"$i":"feedback-errormessage-wrong-email","$v":"Discúlpenos, al dejar en blanco el campo del correo electrónico o debido a un error de formato, el sistema no puede enviar su sugerencia. Use una dirección válida y pruebe de nuevo."},{"$i":"feedback-errormessage-empty-comment","$v":"Discúlpenos, al dejar en blanco el campo de comentarios, el sistema no puede enviar su sugerencia. Escriba un comentario y pruebe de nuevo."},{"$i":"feedback-errormessage-just-sent","$v":"Discúlpenos, al habernos enviado ya su opinión, el sistema no puede enviar su sugerencia. Por favor, pruebe nuestra próxima actualización de software y envíela de nuevo."},{"$i":"feedback-complete-msg","$v":"¡Gracias por sus comentarios! Los necesitamos para ayudar a crear mejores experiencias en futuras versiones de Firefox OS."},{"$i":"online-support","$v":"Ayuda en línea:"},{"$i":"call-support","$v":"Ayuda telefónica:"},{"$i":"user-guide","$v":"Guía del usuario"},{"$i":"default-support","$v":"Contacte con su operador local para obtener asistencia técnica."},{"$i":"operatorServices","$v":"Servicios de operador"},{"$i":"operatorServices-help","$v":"Ayuda"},{"$i":"operatorServices-helpmenu","$v":"Menú de ayuda"},{"$i":"stkAppsNotAvailable","$v":"Las aplicaciones SIM no están disponibles."},{"$i":"simToolkit","$v":"Herramientas SIM"},{"$i":"stkItemsNaiSetUpCall","$v":"Configurar llamada"},{"$i":"stkItemsNaiSendSs","$v":"Enviar SS"},{"$i":"stkItemsNaiSendUssd","$v":"Enviar USSD"},{"$i":"stkItemsNaiSendSms","$v":"Enviar SMS"},{"$i":"stkItemsNaiSendDtmf","$v":"Enviar DTMF"},{"$i":"stkItemsNaiLaunchBrowser","$v":"Lanzar navegador"},{"$i":"stkItemsNaiPlayTone","$v":"Reproducir tono"},{"$i":"stkItemsNaiDisplayText","$v":"Mostrar texto"},{"$i":"stkItemsNaiGetInkey","$v":"Obtener inkey"},{"$i":"stkItemsNaiGetInput","$v":"Obtener entrada"},{"$i":"stkItemsNaiSelectItem","$v":"Seleccionar elemento"},{"$i":"stkItemsNaiSetUpMenu","$v":"Configurar menú"},{"$i":"stkItemsNaiProvideLocalInfo","$v":"Proporcionar info local"},{"$i":"stkItemsNaiSetIdleModeText","$v":"Establecer texto para modo inactivo"},{"$i":"stkItemsNaiPerformCardApdu","$v":"Lanzar APDU de tarjeta"},{"$i":"stkItemsNaiPowerOnCard","$v":"Activar tarjeta"},{"$i":"stkItemsNaiPowerOffCard","$v":"Desactivar tarjeta"},{"$i":"stkItemsNaiGetReaderStatus","$v":"Obtener estado del lector"},{"$i":"stkItemsNaiOpenChannel","$v":"Abrir canal"},{"$i":"stkItemsNaiCloseChannel","$v":"Cerrar canal"},{"$i":"stkItemsNaiReceiveData","$v":"Recibir datos"},{"$i":"stkItemsNaiSendData","$v":"Enviar datos"},{"$i":"stkItemsNaiGetChannelStatus","$v":"Obtener estado del canal"},{"$i":"stkItemsNaiEndOfTheProactiveSession","$v":"Final de la sesión proactiva"},{"$i":"is-warning-storage-header","$v":"Disco USB"},{"$i":"is-warning-tethering-header","$v":"Tethering USB"},{"$i":"is-warning-wifi-header","$v":"Punto acceso wifi"},{"$i":"is-warning-storage-tethering-message","$v":"Al activar el disco USB, se desactivará el tethering USB. ¿Desea activar el disco USB?"},{"$i":"is-warning-tethering-storage-message","$v":"Al activar el tethering USB, se desactivará el disco USB. ¿Desea activar el tethering USB?"},{"$i":"is-warning-tethering-wifi-message","$v":"Al activar el tethering USB, se desactivará el punto de acceso wifi. ¿Desea activar el tethering USB?"},{"$i":"is-warning-wifi-tethering-message","$v":"Al activar el punto de acceso wifi, se desactivará el tethering USB. ¿Desea activar el punto de acceso wifi?"},{"$i":"settings-dialog-alert","$v":"Alerta"},{"$i":"settings-dialog-confirm","$v":"Confirmar"},{"$i":"settings-dialog-prompt","$v":"Aviso"},{"$i":"settings-alert-dialog-header","$v":[{"t":"idOrVar","v":"settings-dialog-alert"}]},{"$i":"settings-confirm-dialog-header","$v":[{"t":"idOrVar","v":"settings-dialog-confirm"}]},{"$i":"settings-prompt-dialog-header","$v":[{"t":"idOrVar","v":"settings-dialog-prompt"}]},{"$i":"addons","$v":"Addons"},{"$i":"addons-header","$v":[{"t":"idOrVar","v":"addons"}]},{"$i":"change-device-name","$v":"Cambiar nombre del teléfono"},{"$i":"internetSharing-usb-desc","$v":"Compartir la conexión a Internet de mi teléfono con un dispositivo conectado por USB."},{"$i":"internetSharing-wifi-desc","$v":"Permitir que otros dispositivos compartan la conexión a Internet de mi teléfono a través de wifi."},{"$i":"unplayable-ringtone","$v":"No se cambió el tono porque el archivo seleccionado no puede reproducirse en este teléfono."},{"$i":"findmydevice-signup-description","$v":"Buscar mi dispositivo le permite ubicar, bloquear o borrar su teléfono"},{"$i":"findmydevice-settings-description","$v":"Buscar mi dispositivo le permite ubicar, bloquear o borrar su teléfono desde una web:"},{"$i":"findmydevice-active-tracking","$v":"Su teléfono está siendo rastreado a través de la web por otro dispositivo."},{"$i":"findmydevice-not-tracking","$v":"Ningún dispositivo está rastreando su teléfono a través de la web."},{"$i":"ums-confirm","$v":"La activación del disco USB le permite a otro PC o dispositivo conectado a través de USB acceder a archivos del teléfono."},{"$i":"reset-device","$v":"Restablecer teléfono"},{"$i":"reset-warning-body","$v":"Al restablecerlo, se borrarán todos sus datos, incluso cualquier app que haya adquirido. El teléfono se restablecerá a su condición de fábrica. No se guardarán ni su configuración ni sus datos."},{"$i":"reset-devtools-warning-body","$v":"Al restablecer se eliminarán todos sus datos, incluso cualquier app que haya comprado. No se guardarán ni su configuración ni sus datos. No obstante, el teléfono dispondrá, sin restricciones, de herramientas para desarrolladores, lo que le permitirá modificar y depurar las aplicaciones del sistema."},{"$i":"powerSave-explanation","$v":"La activación del modo ahorro de energía inhabilita las conexiones de datos, Bluetooth y geolocalización del teléfono para ampliar la vida de la batería. No obstante, puede activar de nuevo estos servicios de forma manual."},{"$i":"performanceAndUsageDataInfo","$v":["Ayúdenos a mejorar ",{"t":"idOrVar","v":"brandShortName"}," compartiendo datos sobre su teléfono y su forma de uso."]},{"$i":"device-status-connected-device","$v":"Conectado a audio de teléfono"},{"$i":"device-status-connected-device-media","$v":"Conectado a audio multimedia/teléfono"}]