[{"$i":"stopped_download_title","$v":"Deskarga geldituta"},{"$i":"stopped_download_message","$v":"Deskarga gelditu egin da. Saiatu berriro deskargatzen?"},{"$i":"stopped_download_left_button","$v":"Utzi"},{"$i":"stopped_download_right_button","$v":"Saiatu berriro"},{"$i":"failed_download_title","$v":"Deskargak huts egin du"},{"$i":"failed_download_message","$v":[{"t":"idOrVar","v":"name"}," deskargak huts egin du. Saiatu berriro deskargatzen?"]},{"$i":"failed_download_left_button","$v":"Utzi"},{"$i":"failed_download_right_button","$v":"Saiatu berriro"},{"$i":"stop_download_title","$v":"Gelditu deskarga"},{"$i":"stop_download_message","$v":"Ziur zaude deskarga utzi nahi dituzula?"},{"$i":"stop_download_left_button","$v":"Ez"},{"$i":"stop_download_right_button","$v":"Bai"},{"$i":"delete_download_title","$v":"Ezabatu"},{"$i":"delete_download_message","$v":["Ezabatu ",{"t":"idOrVar","v":"name"},"?"]},{"$i":"delete_download_left_button","$v":"Utzi"},{"$i":"delete_download_right_button","$v":"Ezabatu"},{"$i":"delete_all_download_title","$v":"Ezabatu"},{"$i":"delete_all_download_left_button","$v":"Utzi"},{"$i":"delete_all_download_right_button","$v":"Ezabatu"},{"$i":"delete_all_download_message","$v":{"zero":"Ez ezabatu fitxategirik?","one":"Ezabatu fitxategi bat?","two":["Ezabatu ",{"t":"idOrVar","v":"number"}," fitxategi?"],"few":["Ezabatu ",{"t":"idOrVar","v":"number"}," fitxategi?"],"many":["Ezabatu ",{"t":"idOrVar","v":"number"}," fitxategi?"],"other":["Ezabatu ",{"t":"idOrVar","v":"number"}," fitxategi?"]},"$x":[{"t":"idOrVar","v":"plural"},"number"]},{"$i":"unsupported_file_type_download_title","$v":"Ezin da ireki"},{"$i":"unsupported_file_type_download_message","$v":["Ez dago ",{"t":"idOrVar","v":"name"}," ireki dezakeen aplikaziorik. Fitxategia gorde ala ezabatu egin nahi duzu?"]},{"$i":"unsupported_file_type_download_left_button","$v":"Mantendu"},{"$i":"unsupported_file_type_download_right_button","$v":"Ezabatu"},{"$i":"file_not_found_download_title","$v":"Ez da fitxategia aurkitu"},{"$i":"file_not_found_download_message","$v":"Ez da fitxategia aurkitu gailuan"},{"$i":"file_not_found_download_right_button","$v":"Ados"},{"$i":"unmounted_sdcard_2_download_title","$v":"Memoria-txartela erabiltzen ari da"},{"$i":"unmounted_sdcard_2_download_message","$v":"Desentxufatu telefonoa"},{"$i":"unmounted_sdcard_2_download_right_button","$v":"Ados"},{"$i":"no_provider_download_title","$v":"Ezin da partekatu"},{"$i":"no_provider_download_message","$v":"Ez da hornitzailerik aurkitu"},{"$i":"no_provider_download_right_button","$v":"Ados"},{"$i":"no_memory_download_title","$v":"SD txartela beteta dago"},{"$i":"no_memory_download_message","$v":"Ez dago toki libre gehiago zure SD txartelean deskarga gordetzeko. Kendu fitxategi batzuk deskarga berrekin aurretik."},{"$i":"no_memory_download_right_button","$v":"Ados"},{"$i":"no_sdcard_found_2_download_title","$v":"Ez da memoria-txartelik aurkitu"},{"$i":"no_sdcard_found_2_download_message","$v":"Sartu memoria-txartela edo hautatu bestelako multimedia-kokapen lehenetsia ezarpenetan"},{"$i":"no_sdcard_found_2_download_right_button","$v":"Ados"},{"$i":"file_open_error_download_title","$v":"Ezin da ireki"},{"$i":"file_open_error_download_message","$v":["Arazo bat dago ",{"t":"idOrVar","v":"name"}," irekitzen. Fitxategia gorde ala ezabatu egin nahi duzu?"]},{"$i":"file_open_error_download_left_button","$v":"Mantendu"},{"$i":"file_open_error_download_right_button","$v":"Ezabatu"},{"$i":"restart_download_error","$v":"Errorea gertatu da deskarga berriro hastean. Saiatu berriro deskargatzen."},{"$i":"no-downloads","$v":"Deskargarik ez"},{"$i":"byteUnit-B","$v":"B"},{"$i":"byteUnit-KB","$v":"KB"},{"$i":"byteUnit-MB","$v":"MB"},{"$i":"byteUnit-GB","$v":"GB"},{"$i":"byteUnit-TB","$v":"TB"},{"$i":"fileSize","$v":[{"t":"idOrVar","v":"size"}," ",{"t":"idOrVar","v":"unit"}]},{"$i":"percentage","$v":["% ",{"t":"idOrVar","v":"percentage"}]},{"$i":"partialResult","$v":[{"t":"idOrVar","v":"total"}," / ",{"t":"idOrVar","v":"partial"}]},{"$i":"summary","$v":[{"t":"idOrVar","v":"date"}," - ",{"t":"idOrVar","v":"status"}]},{"$i":"download-stopped","$v":"Geldituta"},{"$i":"download-failed","$v":"Deskargak huts egin du"},{"$i":"open_downloaded_file","$v":"Irekia"},{"$i":"share_downloaded_file","$v":"Partekatu"},{"$i":"wallpaper_downloaded_file","$v":"Ezarri horma-paper gisa"},{"$i":"ringtone_downloaded_file","$v":"Ezarri txirrin-tonu gisa"},{"$i":"cancel_downloaded_file","$v":"Utzi"},{"$i":"brandShortName","$v":"B2G OS"},{"$i":"browserBrandShortName","$v":"Web Browser"},{"$i":"browserBrandFullName","$v":"Mozilla Web Browser"},{"$i":"ringtoneBrandName","$v":"Default"},{"$i":"ringtoneSectionBrandName","$v":"System"},{"$i":"weekday-0-long","$v":"Igandea"},{"$i":"weekday-1-long","$v":"Astelehena"},{"$i":"weekday-2-long","$v":"Asteartea"},{"$i":"weekday-3-long","$v":"Asteazkena"},{"$i":"weekday-4-long","$v":"Osteguna"},{"$i":"weekday-5-long","$v":"Ostirala"},{"$i":"weekday-6-long","$v":"Larunbata"},{"$i":"weekday-0-short","$v":"Ig."},{"$i":"weekday-1-short","$v":"Al."},{"$i":"weekday-2-short","$v":"Ar."},{"$i":"weekday-3-short","$v":"Az."},{"$i":"weekday-4-short","$v":"Og."},{"$i":"weekday-5-short","$v":"Or."},{"$i":"weekday-6-short","$v":"Lr."},{"$i":"month-0-long","$v":"Urtarrila"},{"$i":"month-1-long","$v":"Otsaila"},{"$i":"month-2-long","$v":"Martxoa"},{"$i":"month-3-long","$v":"Apirila"},{"$i":"month-4-long","$v":"Maiatza"},{"$i":"month-5-long","$v":"Ekaina"},{"$i":"month-6-long","$v":"Uztaila"},{"$i":"month-7-long","$v":"Abuztua"},{"$i":"month-8-long","$v":"Iraila"},{"$i":"month-9-long","$v":"Urria"},{"$i":"month-10-long","$v":"Azaroa"},{"$i":"month-11-long","$v":"Abendua"},{"$i":"month-0-genitive","$v":"Urtarrilaren"},{"$i":"month-1-genitive","$v":"Otsailaren"},{"$i":"month-2-genitive","$v":"Martxoaren"},{"$i":"month-3-genitive","$v":"Apirilaren"},{"$i":"month-4-genitive","$v":"Maiatzaren"},{"$i":"month-5-genitive","$v":"Ekainaren"},{"$i":"month-6-genitive","$v":"Uztailaren"},{"$i":"month-7-genitive","$v":"Abuztuaren"},{"$i":"month-8-genitive","$v":"Irailaren"},{"$i":"month-9-genitive","$v":"Urriaren"},{"$i":"month-10-genitive","$v":"Azaroaren"},{"$i":"month-11-genitive","$v":"Abenduaren"},{"$i":"month-0-short","$v":"urt."},{"$i":"month-1-short","$v":"ots."},{"$i":"month-2-short","$v":"mar."},{"$i":"month-3-short","$v":"api."},{"$i":"month-4-short","$v":"mai."},{"$i":"month-5-short","$v":"eka."},{"$i":"month-6-short","$v":"uzt."},{"$i":"month-7-short","$v":"abu."},{"$i":"month-8-short","$v":"ira."},{"$i":"month-9-short","$v":"urr."},{"$i":"month-10-short","$v":"aza."},{"$i":"month-11-short","$v":"abe."},{"$i":"minutes-ago-long","$v":{"zero":"orain","one":"duela minutu bat","two":["duela ",{"t":"idOrVar","v":"value"}," minutu"],"few":["duela ",{"t":"idOrVar","v":"value"}," minutu"],"many":["duela ",{"t":"idOrVar","v":"value"}," minutu"],"other":["duela ",{"t":"idOrVar","v":"value"}," minutu"]},"$x":[{"t":"idOrVar","v":"plural"},"value"]},{"$i":"hours-ago-long","$v":{"zero":"orain","one":"duela ordubete","two":["duela ",{"t":"idOrVar","v":"value"}," ordu"],"few":["duela ",{"t":"idOrVar","v":"value"}," ordu"],"many":["duela ",{"t":"idOrVar","v":"value"}," ordu"],"other":["duela ",{"t":"idOrVar","v":"value"}," ordu"]},"$x":[{"t":"idOrVar","v":"plural"},"value"]},{"$i":"days-ago-long","$v":{"zero":"gaur","one":"atzo","two":"herenegun","few":["duela ",{"t":"idOrVar","v":"value"}," egun"],"many":["duela ",{"t":"idOrVar","v":"value"}," egun"],"other":["duela ",{"t":"idOrVar","v":"value"}," egun"]},"$x":[{"t":"idOrVar","v":"plural"},"value"]},{"$i":"weeks-ago-long","$v":{"zero":"aste honetan","one":"azken astean","two":["duela ",{"t":"idOrVar","v":"value"}," aste"],"few":["duela ",{"t":"idOrVar","v":"value"}," aste"],"many":["duela ",{"t":"idOrVar","v":"value"}," aste"],"other":["duela ",{"t":"idOrVar","v":"value"}," aste"]},"$x":[{"t":"idOrVar","v":"plural"},"value"]},{"$i":"months-ago-long","$v":{"zero":"hilabete honetan","one":"azken hilabetean","two":["duela ",{"t":"idOrVar","v":"value"}," hilabete"],"few":["duela ",{"t":"idOrVar","v":"value"}," hilabete"],"many":["duela ",{"t":"idOrVar","v":"value"}," hilabete"],"other":["duela ",{"t":"idOrVar","v":"value"}," hilabete"]},"$x":[{"t":"idOrVar","v":"plural"},"value"]},{"$i":"years-ago-long","$v":{"zero":"aurten","one":"iaz","two":["duela ",{"t":"idOrVar","v":"value"}," urte"],"few":["duela ",{"t":"idOrVar","v":"value"}," urte"],"many":["duela ",{"t":"idOrVar","v":"value"}," urte"],"other":["duela ",{"t":"idOrVar","v":"value"}," urte"]},"$x":[{"t":"idOrVar","v":"plural"},"value"]},{"$i":"minutes-until-long","$v":{"zero":"orain","one":"minutu barru","two":[{"t":"idOrVar","v":"value"}," minutu barru"],"few":[{"t":"idOrVar","v":"value"}," minutu barru"],"many":[{"t":"idOrVar","v":"value"}," minutu barru"],"other":[{"t":"idOrVar","v":"value"}," minutu barru"]},"$x":[{"t":"idOrVar","v":"plural"},"value"]},{"$i":"hours-until-long","$v":{"zero":"orain","one":"ordubete barru","two":[{"t":"idOrVar","v":"value"}," ordu barru"],"few":[{"t":"idOrVar","v":"value"}," ordu barru"],"many":[{"t":"idOrVar","v":"value"}," ordu barru"],"other":[{"t":"idOrVar","v":"value"}," ordu barru"]},"$x":[{"t":"idOrVar","v":"plural"},"value"]},{"$i":"days-until-long","$v":{"zero":"gaur","one":"bihar","two":"etzi","few":[{"t":"idOrVar","v":"value"}," egun barru"],"many":[{"t":"idOrVar","v":"value"}," egun barru"],"other":[{"t":"idOrVar","v":"value"}," egun barru"]},"$x":[{"t":"idOrVar","v":"plural"},"value"]},{"$i":"weeks-until-long","$v":{"zero":"aste honetan","one":"hurrengo astean","two":[{"t":"idOrVar","v":"value"}," aste barru"],"few":[{"t":"idOrVar","v":"value"}," aste barru"],"many":[{"t":"idOrVar","v":"value"}," aste barru"],"other":[{"t":"idOrVar","v":"value"}," aste barru"]},"$x":[{"t":"idOrVar","v":"plural"},"value"]},{"$i":"months-until-long","$v":{"zero":"hil honetan","one":"hurrengo hilean","two":[{"t":"idOrVar","v":"value"}," hilabete barru"],"few":[{"t":"idOrVar","v":"value"}," hilabete barru"],"many":[{"t":"idOrVar","v":"value"}," hilabete barru"],"other":[{"t":"idOrVar","v":"value"}," hilabete barru"]},"$x":[{"t":"idOrVar","v":"plural"},"value"]},{"$i":"years-until-long","$v":{"zero":"aurten","one":"hurrengo urtean","two":[{"t":"idOrVar","v":"value"}," urte barru"],"few":[{"t":"idOrVar","v":"value"}," urte barru"],"many":[{"t":"idOrVar","v":"value"}," urte barru"],"other":[{"t":"idOrVar","v":"value"}," urte barru"]},"$x":[{"t":"idOrVar","v":"plural"},"value"]},{"$i":"minutes-ago-short","$v":{"zero":"orain","other":["duela ",{"t":"idOrVar","v":"value"},"m"]},"$x":[{"t":"idOrVar","v":"plural"},"value"]},{"$i":"hours-ago-short","$v":{"zero":"orain","other":["duela ",{"t":"idOrVar","v":"value"},"h"]},"$x":[{"t":"idOrVar","v":"plural"},"value"]},{"$i":"days-ago-short","$v":{"zero":"gaur","other":["duela ",{"t":"idOrVar","v":"value"},"eg."]},"$x":[{"t":"idOrVar","v":"plural"},"value"]},{"$i":"minutes-until-short","$v":{"zero":"orain","other":[{"t":"idOrVar","v":"value"},"m barru"]},"$x":[{"t":"idOrVar","v":"plural"},"value"]},{"$i":"hours-until-short","$v":{"zero":"orain","other":[{"t":"idOrVar","v":"value"},"h barru"]},"$x":[{"t":"idOrVar","v":"plural"},"value"]},{"$i":"days-until-short","$v":{"zero":"gaur","other":[{"t":"idOrVar","v":"value"},"eg. barru"]},"$x":[{"t":"idOrVar","v":"plural"},"value"]},{"$i":"incorrectDate","$v":"(data okerra)"},{"$i":"dateTimeFormat_%c","$v":"%a, %Y.eko %Bren %ea %H:%M:%S"},{"$i":"dateTimeFormat_%x","$v":"%Y/%m/%d"},{"$i":"dateTimeFormat_%X","$v":"%H:%M:%S"},{"$i":"shortTimeFormat","$v":"%I:%M %p"},{"$i":"shortTimeFormat12","$v":"%I:%M %p"},{"$i":"shortTimeFormat24","$v":"%H:%M"},{"$i":"shortDateTimeFormat","$v":"%x %H:%M"},{"$i":"weekStartsOnMonday","$v":"1"},{"$i":"firstDayOfTheWeek","$v":"1"},{"$i":"time_am","$v":"AM"},{"$i":"time_pm","$v":"PM"},{"$i":"title-app","$v":"Aplikazioaren baimena"},{"$i":"title-web","$v":"Webgunearen baimena"},{"$i":"title-cam","$v":"Hautatu kamera"},{"$i":"perm-alarms","$v":"Programatu alarmak"},{"$i":"perm-audio-capture","$v":"Mikrofonoa"},{"$i":"perm-audio-capture-appRequest","$v":["Zure mikrofonoa partekatu nahi duzu ",{"t":"idOrVar","v":"app"}," aplikazioarekin?"]},{"$i":"perm-audio-capture-webRequest","$v":["Zure mikrofonoa partekatu nahi duzu ",{"t":"idOrVar","v":"site"}," webgunearekin?"]},{"$i":"perm-audio-channel-content","$v":"Erreproduzitu soinuak"},{"$i":"perm-audio-channel-notification","$v":"Erreproduzitu jakinarazpen-soinuak"},{"$i":"perm-audio-channel-ringer","$v":"Erreproduzitu txirrin-soinuak"},{"$i":"perm-background-sensors","$v":"Atzitu sentsore-datuak"},{"$i":"perm-bluetooth","$v":"Bluetooth-a"},{"$i":"perm-browser","$v":"Ikuskatu web orriak"},{"$i":"perm-camera","$v":"Kamerak"},{"$i":"perm-camera-selector-appRequest","$v":["Hautatu kamera ",{"t":"idOrVar","v":"app"}," aplikazioarentzat."]},{"$i":"perm-camera-selector-webRequest","$v":["Hautatu kamera ",{"t":"idOrVar","v":"site"}," gunearentzat."]},{"$i":"perm-cellbroadcast","$v":"Difusio zelularrak"},{"$i":"perm-contacts","$v":"Kontaktuak"},{"$i":"perm-contacts-appRequest","$v":[{"t":"idOrVar","v":"app"}," aplikazioak zure kontaktu-zerrendarako sarbidea nahi du."]},{"$i":"perm-contacts-webRequest","$v":[{"t":"idOrVar","v":"site"}," guneak zure kontaktu-zerrendarako sarbidea nahi du."]},{"$i":"perm-desktop-notification","$v":"Jakinarazpenak"},{"$i":"perm-desktop-notification-appRequest","$v":[{"t":"idOrVar","v":"app"}," aplikazioak jakinarazpenak bistaratu nahi ditu."]},{"$i":"perm-desktop-notification-webRequest","$v":[{"t":"idOrVar","v":"site"}," guneak jakinarazpenak bistaratu nahi ditu."]},{"$i":"perm-device-storage-apps","$v":"Aplikazioen biltegiratzea"},{"$i":"perm-device-storage-music","$v":"Musika-biltegiratzea"},{"$i":"perm-device-storage-music-appRequest","$v":[{"t":"idOrVar","v":"app"}," aplikazioak zure musikarako sarbidea nahi du."]},{"$i":"perm-device-storage-music-webRequest","$v":[{"t":"idOrVar","v":"site"}," guneak zure musikarako sarbidea nahi du."]},{"$i":"perm-device-storage-pictures","$v":"Irudi-biltegiratzea"},{"$i":"perm-device-storage-pictures-appRequest","$v":[{"t":"idOrVar","v":"app"}," aplikazioak zure irudietarako sarbidea nahi du."]},{"$i":"perm-device-storage-pictures-webRequest","$v":[{"t":"idOrVar","v":"site"}," guneak zure irudietarako sarbidea nahi du."]},{"$i":"perm-device-storage-sdcard","$v":"Memoria-txarteleko biltegiratzea"},{"$i":"perm-device-storage-sdcard-appRequest","$v":[{"t":"idOrVar","v":"app"}," aplikazioak zure memoria-txartelerako sarbidea nahi du."]},{"$i":"perm-device-storage-sdcard-webRequest","$v":[{"t":"idOrVar","v":"site"}," guneak zure memoria-txartelerako sarbidea nahi du."]},{"$i":"perm-device-storage-videos","$v":"Bideo-biltegiratzea"},{"$i":"perm-device-storage-videos-appRequest","$v":[{"t":"idOrVar","v":"app"}," aplikazioak zure bideoetarako sarbidea nahi du."]},{"$i":"perm-device-storage-videos-webRequest","$v":[{"t":"idOrVar","v":"site"}," guneak zure bideoetarako sarbidea nahi du."]},{"$i":"perm-embed-apps","$v":"Kapsulatu aplikazioak"},{"$i":"perm-fmradio","$v":"FM irratia"},{"$i":"perm-fmradio-appRequest","$v":[{"t":"idOrVar","v":"app"}," aplikazioak FM irratia erabili nahi du."]},{"$i":"perm-fmradio-webRequest","$v":[{"t":"idOrVar","v":"site"}," guneak FM irratia erabili nahi du."]},{"$i":"perm-geolocation","$v":"Geokokapena"},{"$i":"perm-geolocation-appRequest","$v":[{"t":"idOrVar","v":"app"}," aplikazioak zure kokapena jakin nahi du."]},{"$i":"perm-geolocation-more-info","$v":["GPSaren, Wi-Fiaren eta zure inguruko sare mugikorren datuak erabiltzen ditu ",{"t":"idOrVar","v":"brandShortName"},"(e)k zure gutxi gorabeherako kokapena zehazteko. Datuak Mozillari eta beste zerbitzu-hornitzaile batzuei bidaltzen zaizkie eta, denak bilduta, kokapen-datubaseak hobetzeko erabiltzen dira.  Datuak zure gailuan gorde daitezke eta datuen biltzea aplikaziorik exekutatzen ez dagoenean ere gerta daiteke."]},{"$i":"perm-geolocation-webRequest","$v":[{"t":"idOrVar","v":"site"}," guneak zure kokapena jakin nahi du."]},{"$i":"perm-idle","$v":"Ikusi egoera inaktiboa"},{"$i":"perm-indexedDB-chrome-settings","$v":"Pribilegiodun IndexedDB"},{"$i":"perm-indexedDB-unlimited","$v":"Muga gabeko IndexedDB biltegiratzea"},{"$i":"perm-input-manage","$v":"Kudeatu teklatuak"},{"$i":"perm-input","$v":"Aritu teklatu gisa"},{"$i":"perm-media-capture","$v":"Kamera eta mikrofonoa"},{"$i":"perm-media-capture-appRequest","$v":["Zure kamera eta mikrofonoa partekatu nahi dituzu ",{"t":"idOrVar","v":"app"}," aplikazioarekin?"]},{"$i":"perm-media-capture-webRequest","$v":["Zure kamera eta mikrofonoa partekatu nahi dituzu ",{"t":"idOrVar","v":"site"}," webgunearekin?"]},{"$i":"perm-mobileconnection","$v":"Konexio mugikorra"},{"$i":"perm-mobileid","$v":"Mugikorreko identitatea"},{"$i":"perm-network-events","$v":"Sare-gertaerak"},{"$i":"perm-open-remote-window","$v":"Abiarazi aplikazio bat"},{"$i":"perm-permissions","$v":"Aldatu aplikazioaren baimenak"},{"$i":"perm-power","$v":"Energia-ezarpenak"},{"$i":"perm-settings","$v":"Aldatu ezarpenak"},{"$i":"perm-systemXHR","$v":"Jatorri gurutzatuko eskaerak"},{"$i":"perm-telephony","$v":"Telefonia"},{"$i":"perm-video-capture","$v":"Kamera"},{"$i":"perm-video-capture-appRequest","$v":["Zure kamera partekatu nahi duzu ",{"t":"idOrVar","v":"app"}," aplikazioarekin?"]},{"$i":"perm-video-capture-webRequest","$v":["Zure kamera partekatu nahi duzu ",{"t":"idOrVar","v":"site"}," webgunearekin?"]},{"$i":"perm-voicemail","$v":"Kontrolatu ahots-mezua"},{"$i":"perm-webapps-manage","$v":"Instalatu web aplikazioak"},{"$i":"perm-wifi-manage","$v":"Kudeatu Wi-Fia"},{"$i":"perm-attention","$v":"Ireki laster-menu gainjarriak"},{"$i":"perm-audio-channel-alarm","$v":"Erreproduzitu alarma-soinuak"},{"$i":"perm-audio-channel-normal","$v":"Erreproduzitu soinuak"},{"$i":"perm-audio-channel-publicnotification","$v":"Erreproduzitu jakinarazpen publikoen soinuak"},{"$i":"perm-audio-channel-telephony","$v":"Erreproduzitu telefonia-soinuak"},{"$i":"perm-backgroundservice","$v":"Aritu atzeko planoko zerbitzu gisa"},{"$i":"perm-device-storage-crashes","$v":"Hutsegite-datuen biltegiratzea"},{"$i":"perm-downloads","$v":"Atzitu deskargak"},{"$i":"perm-embed-widgets","$v":"Kapsulatu widgetak"},{"$i":"perm-feature-detection","$v":"Eginbideen detekzioa"},{"$i":"perm-firefox-accounts","$v":"Firefox kontuak"},{"$i":"perm-mobilenetwork","$v":"Sare mugikorra"},{"$i":"perm-moz-attention","$v":"Ireki laster-menu gainjarriak (moz)"},{"$i":"perm-moz-audio-channel-ringer","$v":"Erreproduzitu txirrin-soinuak (moz)"},{"$i":"perm-moz-audio-channel-telephony","$v":"Erreproduzitu telefonia-soinuak (moz)"},{"$i":"perm-moz-firefox-accounts","$v":"Firefox kontuak (moz)"},{"$i":"perm-networkstats-manage","$v":"Kontrolatu erabilera-estatistikak"},{"$i":"perm-nfc","$v":"NFC"},{"$i":"perm-nfc-hci-events","$v":"NFC HCI gertaerak"},{"$i":"perm-nfc-manager","$v":"Kudeatu NFC"},{"$i":"perm-phonenumberservice","$v":"Telefono-zenbakiaren zerbitzua"},{"$i":"perm-push","$v":"Push APIa"},{"$i":"perm-resourcestats-manage","$v":"Baliabide-estatistikak"},{"$i":"perm-sms","$v":"Bidali eta irakurri SMSak"},{"$i":"perm-speaker-control","$v":"Kontrolatu bolumena"},{"$i":"perm-storage","$v":"Atzitu biltegiratzea"},{"$i":"perm-tcp-socket","$v":"TCP socket-ak"},{"$i":"perm-test-permission","$v":"Proba-baimena"},{"$i":"perm-time","$v":"Ezarri data eta ordua"},{"$i":"perm-udp-socket","$v":"UDP socket-ak"},{"$i":"perm-wappush","$v":"WAP Push"},{"$i":"tz-region","$v":"Eskualdea"},{"$i":"tz-city","$v":"Hiria"},{"$i":"tzRegion-Africa","$v":"Afrika"},{"$i":"tzRegion-America","$v":"Amerika"},{"$i":"tzRegion-Antarctica","$v":"Antartika"},{"$i":"tzRegion-Asia","$v":"Asia"},{"$i":"tzRegion-Atlantic","$v":"Ozeano Atlantikoa"},{"$i":"tzRegion-Australia","$v":"Australia"},{"$i":"tzRegion-Europe","$v":"Europa"},{"$i":"tzRegion-Indian","$v":"Ozeano Indikoa"},{"$i":"tzRegion-Pacific","$v":"Ozeano Barea"},{"$i":"ringtone-none","$v":"Bat ere ez"},{"$i":"ringer_bubble","$v":"Burbuila"},{"$i":"ringer_chimer","$v":"Ezkila-hotsak"},{"$i":"ringer_cunning","$v":"Zuhurra"},{"$i":"ringer_dulco","$v":"Orientala"},{"$i":"ringer_firefox2","$v":[{"t":"idOrVar","v":"ringtoneBrandName"}]},{"$i":"ringer_garden","$v":"Lorategia"},{"$i":"ringer_marbled","$v":"Marmolairea"},{"$i":"ringer_opti","$v":"Opti"},{"$i":"ringer_pecko","$v":"Okiltxoa"},{"$i":"ringer_pingy","$v":"Txilina"},{"$i":"ringer_poppop","$v":"Pil-pila"},{"$i":"ringer_sata","$v":"Sata"},{"$i":"ringer_simple","$v":"Garbia"},{"$i":"ringer_standard1","$v":"Klasikoa"},{"$i":"ringer_standard2","$v":"Klasiko azkarra"},{"$i":"ringer_stutter","$v":"Totela"},{"$i":"ringer_symmetry","$v":"Simetria"},{"$i":"ringer_tailwind","$v":"Atzeko haizea"},{"$i":"ringer_thoughtful","$v":"Atsegina"},{"$i":"ringer_wit","$v":"Burutsua"},{"$i":"ringer_zen","$v":"Zen"},{"$i":"notifier_bells","$v":"Kanpaiak"},{"$i":"notifier_bloom","$v":"Lorea"},{"$i":"notifier_chime","$v":"Kanpaia"},{"$i":"notifier_clicka","$v":"Clicka"},{"$i":"notifier_digi","$v":"Digi"},{"$i":"notifier_dropplet","$v":"Tantatxoa"},{"$i":"notifier_firefox2","$v":[{"t":"idOrVar","v":"ringtoneBrandName"}]},{"$i":"notifier_hello","$v":"Kaixo"},{"$i":"notifier_lowmarble","$v":"Marmolaire baxua"},{"$i":"notifier_ping","$v":"Ping-a"},{"$i":"notifier_plickle","$v":"Plickle"},{"$i":"notifier_pocko","$v":"Pocko"},{"$i":"notifier_quado","$v":"Quado"},{"$i":"notifier_red","$v":"Gorria"},{"$i":"notifier_sato","$v":"Sato"},{"$i":"notifier_swipo","$v":"Swipo"},{"$i":"notifier_trickleup","$v":"Itogina"},{"$i":"notifier_trink","$v":"Trink"},{"$i":"notifier_verse","$v":"Bertsoa"},{"$i":"settings","$v":"Ezarpenak"},{"$i":"advancedSettings","$v":"Ezarpen aurreratuak"},{"$i":"default","$v":"Lehenetsia"},{"$i":"enabled","$v":"Gaituta"},{"$i":"enable","$v":"Gaitu"},{"$i":"disabled","$v":"Desgaituta"},{"$i":"error","$v":"Errorea"},{"$i":"ok","$v":"Ados"},{"$i":"yes","$v":"Bai"},{"$i":"no","$v":"Ez"},{"$i":"reset","$v":"Berrezarri"},{"$i":"cancel","$v":"Utzi"},{"$i":"close","$v":"Itxi"},{"$i":"back","$v":"Atzera"},{"$i":"continue","$v":"Jarraitu"},{"$i":"skip","$v":"Saltatu"},{"$i":"pair","$v":"Parekatu"},{"$i":"add","$v":"Gehitu"},{"$i":"done","$v":"Eginda"},{"$i":"set","$v":"Ezarri"},{"$i":"notNow","$v":"Orain ez"},{"$i":"turnOn","$v":"Piztu"},{"$i":"selectASIMCard","$v":"Hautatu SIM txartela"},{"$i":"sim1","$v":"1. SIMa"},{"$i":"sim2","$v":"2. SIMa"},{"$i":"unavailable","$v":"Ez dago erabilgarri"},{"$i":"confirmation","$v":"Berrespena"},{"$i":"simSettingsWithIndex","$v":[{"t":"idOrVar","v":"index"},". SIMaren ezarpenak"]},{"$i":"networkAndConnectivity","$v":"Sarea eta konektibitatea"},{"$i":"airplaneMode","$v":"Hegazkin modua"},{"$i":"geolocation","$v":"Geokokapena"},{"$i":"wifi","$v":"Wi-Fia"},{"$i":"wifi-header","$v":[{"t":"idOrVar","v":"wifi"}]},{"$i":"wifi-disabled","$v":"Piztu Wi-Fia sare erabilgarriak ikusteko."},{"$i":"availableNetworks","$v":"Sare erabilgarriak"},{"$i":"knownNetworks","$v":"Sare ezagunak"},{"$i":"hiddenNetworks","$v":"Sare ezkutuak"},{"$i":"scanning","$v":"Bilatzen…"},{"$i":"scanNetworks","$v":"Bilatu berriro"},{"$i":"fullStatus-initializing","$v":"Hasieratzen…"},{"$i":"fullStatus-connecting","$v":[{"t":"idOrVar","v":"ssid"}," sarera konektatzen…"]},{"$i":"fullStatus-associated","$v":"IP helbidea eskuratzen…"},{"$i":"fullStatus-connected","$v":[{"t":"idOrVar","v":"ssid"}," sarera konektatuta"]},{"$i":"fullStatus-connectingfailed","$v":"Konexioak huts egin du"},{"$i":"fullStatus-disconnected","$v":"Lineaz kanpo"},{"$i":"shortStatus-connecting","$v":"Konektatzen…"},{"$i":"shortStatus-associated","$v":"IP helbidea eskuratzen…"},{"$i":"shortStatus-connected","$v":"Konektatuta"},{"$i":"shortStatus-connectingfailed","$v":"Konexioak huts egin du"},{"$i":"shortStatus-disconnected","$v":"Lineaz kanpo"},{"$i":"wifi-sleep","$v":"Wi-Fi loa"},{"$i":"wifi-sleep-description","$v":"Gaitu loa Wi-Fia automatikoki itzaltzeko eta horrela bateria aurrezteko."},{"$i":"manageNetworks","$v":"Kudeatu sareak"},{"$i":"wifi-bad-credentials-title","$v":"WiFirako konexioak huts egin du"},{"$i":"wifi-bad-credentials-confirm","$v":["Ezin da ",{"t":"idOrVar","v":"ssid"},"rekin konektatu, autentifikazioak huts egin du kredentzialak okerrak direlako. Sartu berriro sarearen pasahitza."]},{"$i":"manageNetworks-header","$v":[{"t":"idOrVar","v":"manageNetworks"}]},{"$i":"manageCertificates","$v":"Kudeatu ziurtagiriak"},{"$i":"manageCert","$v":"Kudeatu ziurt."},{"$i":"joinHiddenNetwork","$v":"Batu sare ezkutuarekin"},{"$i":"securedBy","$v":["Babesa: ",{"t":"idOrVar","v":"capabilities"}]},{"$i":"security","$v":"Segurtasuna"},{"$i":"securityNone","$v":"Bat ere ez"},{"$i":"securityOpen","$v":"Irekia"},{"$i":"notInRange","$v":"Barrutitik kanpo"},{"$i":"ipAddress","$v":"IP helbidea"},{"$i":"linkSpeed","$v":"Lotura-abiadura"},{"$i":"linkSpeedMbs","$v":[{"t":"idOrVar","v":"linkSpeed"}," Mbit/s"]},{"$i":"signalStrength","$v":"Seinalearen indarra"},{"$i":"signalLevel0","$v":"Oso ahula"},{"$i":"signalLevel1","$v":"Ahula"},{"$i":"signalLevel2","$v":"Ertaina"},{"$i":"signalLevel3","$v":"Ona"},{"$i":"signalLevel4","$v":"Oso ona"},{"$i":"forget","$v":"Ahaztu"},{"$i":"forgetNetwork-dialog","$v":"Ahaztu sarea?"},{"$i":"forgetNetwork-confirmation","$v":"Berrespena"},{"$i":"authentication","$v":"Autentifikazioa"},{"$i":"authentication-header","$v":[{"t":"idOrVar","v":"authentication"}]},{"$i":"eap","$v":"EAP metodoa"},{"$i":"auth-phase2","$v":"2. faseko autentifikazioa"},{"$i":"server-certificate","$v":"Zerbitzari-ziurtagiria"},{"$i":"import-certificate-msg","$v":"Oharra: ziurtagiri berriak inportatu behar badituzu, joan \"Kudeatu ziurtagiriak\"era."},{"$i":"identity","$v":"Identifikatzailea"},{"$i":"password","$v":"Pasahitza"},{"$i":"showPassword","$v":"Erakutsi pasahitza"},{"$i":"networkNotification","$v":"Sarearen jakinarazpena"},{"$i":"networkNotification-expl","$v":"Jakinarazi sare ireki bat erabilgarri dagoenean"},{"$i":"macAddress","$v":"MAC helbidea"},{"$i":"deviceInfo_software","$v":[{"t":"idOrVar","v":"brandShortName"}," ",{"t":"idOrVar","v":"os"}]},{"$i":"macUnavailable","$v":"Ez dago erabilgarri"},{"$i":"noNetworksFound","$v":"Ez da sarerik aurkitu"},{"$i":"noKnownNetworks","$v":"Ez dago sare ezagunik"},{"$i":"edit","$v":"Editatu"},{"$i":"certificateList","$v":"Ziurtagiri-zerrenda"},{"$i":"noCertificate","$v":"Inportatutako ziurtagirik ez"},{"$i":"deleteCertificate","$v":"Ezabatu ziurtagiria"},{"$i":"importCertificate","$v":"Inportatu ziurtagiria"},{"$i":"selectCertificateFile","$v":"Hautatu ziurtagiri-fitxategia"},{"$i":"enterCertificateNickname","$v":"Idatzi ziurtagiriaren goitizena"},{"$i":"nickname","$v":"Goitizena"},{"$i":"enter-certificate-name-msg","$v":"Goitizena aldatu edo izen lehenetsia manten dezakezu."},{"$i":"certificate-deletion-failed","$v":"Huts egin du ziurtagiria ezabatzeak"},{"$i":"certificate-deletion-failed-description","$v":"Biltegiratze-arazo batengatik izan daiteke hau, adibidez."},{"$i":"certificate-import-failed","$v":"Huts egin du ziurtagiria inportatzeak"},{"$i":"certificate-import-failed-description","$v":"Hondatutako ziurtagiri-fitxategi batengatik izan daiteke hau, adibidez."},{"$i":"wpsMessage","$v":"Konektatu WPS erabiliz"},{"$i":"wpsMessage-header","$v":"Konek. WPS erabiliz"},{"$i":"fullStatus-wps-inprogress","$v":"WPSa lanean dago…"},{"$i":"fullStatus-wps-canceled","$v":"WPSa utzi egin da"},{"$i":"fullStatus-wps-timedout","$v":"WPSaren denbora-muga gaindituta"},{"$i":"fullStatus-wps-failed-error","$v":["WPSak huts egin du [",{"t":"idOrVar","v":"error"},"]"]},{"$i":"fullStatus-wps-overlapped","$v":"Beste WPS PBC AP bat aurkitu da"},{"$i":"wpsDescription2","$v":"Wi-Fiaren konfigurazio automatikoa"},{"$i":"wpsMethodSelection","$v":"Hautatu WPS metodoa:"},{"$i":"wpsPbcLabel","$v":"Botoi bidezko konexioa"},{"$i":"wpsMyPinLabel","$v":"PINaren bidezko konexioa"},{"$i":"wpsApPinLabel","$v":"AP PINaren bidezko konexioa"},{"$i":"wpsPinDescription","$v":"PINa 4 edo 8 digitukoa da"},{"$i":"wpsPinInput","$v":["Sartu ",{"t":"idOrVar","v":"pin"}," beste gailuan"]},{"$i":"wpsPinAps","$v":"Hautatu beste gailua"},{"$i":"wpsAnyAp","$v":"Edozein"},{"$i":"wpsCancelMessage","$v":"Utzi WPSa"},{"$i":"wpsCancelFailedMessageError","$v":["Huts egin du WPSa uzteak [",{"t":"idOrVar","v":"error"},"]"]},{"$i":"callSettings","$v":"Deien ezarpenak"},{"$i":"callSettings-header","$v":[{"t":"idOrVar","v":"callSettings"}]},{"$i":"callSettingsQuery","$v":"Sarearen informazioa eskatzen…"},{"$i":"callSettingsQueryError","$v":"Errorea kontsultan"},{"$i":"voiceMail","$v":"Ahots-posta"},{"$i":"voiceMail-header","$v":[{"t":"idOrVar","v":"voiceMail"}]},{"$i":"voiceMail-number","$v":"Ahots-posta zenbakia"},{"$i":"voiceMail-number-notSet","$v":"Ezarri gabe"},{"$i":"voicePrivacyMode","$v":"Ahotsaren pribatutasun modua"},{"$i":"callWaiting","$v":"Dei-itxarotea"},{"$i":"confirmCallWaitingTitle","$v":"Ezin dira berretsi dei-itxaroteko hobespenak"},{"$i":"confirmCallWaitingDesc","$v":"Une honetan gailuak ezin du hornitzailearekin komunikatu. Saiatu ezarpena berriro ezartzen."},{"$i":"callForwarding","$v":"Dei-birbidalketa"},{"$i":"callForwarding-header","$v":[{"t":"idOrVar","v":"callForwarding"}]},{"$i":"callForwardingForward","$v":"Birbidali"},{"$i":"callForwardingUnconditional","$v":"Birbidali beti"},{"$i":"callForwardingUnconditionalShort","$v":"Beti"},{"$i":"callForwardingMobileBusy","$v":"Birbidali lanpetuta egotean"},{"$i":"callForwardingMobileBusyShort","$v":"Lanpetuta egotean"},{"$i":"callForwardingNoReply","$v":"Birbidali erantzuten ez denean"},{"$i":"callForwardingNoReplyShort","$v":"Erantzuten ez denean"},{"$i":"callForwardingNotReachable","$v":"Birbidali ezin denean eskuratu"},{"$i":"callForwardingNotReachableShort","$v":"Ezin denean eskuratu"},{"$i":"callForwardingForwardingVoiceToNumber","$v":["Ahots-deiak ",{"t":"idOrVar","v":"number"}," zenbakira"]},{"$i":"callForwardingNotForwarding","$v":"Desgaituta"},{"$i":"callForwardingConfirmTitle","$v":"Dei-birbidalketaren berrespen-mezua"},{"$i":"cf-alwaysUseThisNumber","$v":"Erabili beti zenbaki hau"},{"$i":"cf-numberWhenUnreachable","$v":"Zenbaki alternatiboa"},{"$i":"cf-numberWhenUnanswered","$v":"Zenbaki alternatiboa"},{"$i":"cf-numberWhenBusy","$v":"Zenbaki alternatiboa"},{"$i":"callForwardingInvalidNumberError","$v":"Telefono-zenbakia baliogabea da."},{"$i":"callForwardingSetSuccess","$v":"Eragiketa ondo ezarri da."},{"$i":"callForwardingSetForbidden","$v":"Zure operatzaileak ez du eragiketa hori onartzen."},{"$i":"callForwardingSetError","$v":"Dei-ezarpenen errorea."},{"$i":"callerId","$v":"Deitzailearen IDa"},{"$i":"callBarring","$v":"Deien esklusioa"},{"$i":"callBarring-header","$v":[{"t":"idOrVar","v":"callBarring"}]},{"$i":"callBarring-outgoing","$v":"Irteerako deiak"},{"$i":"callBarring-baoc","$v":"Denak"},{"$i":"callBarring-boic","$v":"Nazioartekoa"},{"$i":"callBarring-boicExhc","$v":"Nazioartekoa nire herrialdea salbu"},{"$i":"callBarring-incoming","$v":"Sarrerako deiak"},{"$i":"callBarring-baic","$v":"Denak"},{"$i":"callBarring-baicR","$v":"Dena ibiltaritza bitartean"},{"$i":"callBarring-passcode","$v":"Pasakodea"},{"$i":"callBarring-change-passcode","$v":"Aldatu pasakodea"},{"$i":"callBarring-passcode-enter","$v":"Sartu pasakodea"},{"$i":"callBarring-passcode-unknown","$v":"Zure pasakodea ezagutzen ez baduzu, hitz egin zure hornitzailearekin"},{"$i":"callBarring-current-passcode","$v":"Uneko pasakodea"},{"$i":"callBarring-new-passcode","$v":"Pasakode berria"},{"$i":"callBarring-create-passcode","$v":"Sortu pasakodea"},{"$i":"callBarring-confirm-passcode","$v":"Berretsi pasakodea"},{"$i":"callBarring-passcode-error-generic","$v":"Pasakode-errorea."},{"$i":"callBarring-passcode-error-incorrect","$v":"Pasakodea okerra da."},{"$i":"callBarring-passcode-error-mismatch","$v":"Pasakodea ez dator bat."},{"$i":"callBarring-update-item-error","$v":["Errorea elementua eguneratzean: ",{"t":"idOrVar","v":"error"},"."]},{"$i":"callBarring-change-passcode-success","$v":"Pasakodea aldatu da."},{"$i":"callerId-default","$v":"Sarearen lehenetsia"},{"$i":"callerId-hide","$v":"Ezkutatu zenbakia"},{"$i":"callerId-show","$v":"Erakutsi zenbakia"},{"$i":"fdn","$v":"Markatze-zenbaki finkoak"},{"$i":"fdnSettings","$v":"Markatze-zenbaki finkoak"},{"$i":"fdnSettings-header","$v":[{"t":"idOrVar","v":"fdnSettings"}]},{"$i":"fdn-authorizedNumbers","$v":"Baimendutako zenbakiak"},{"$i":"fdn-authorizedNumbers-header","$v":[{"t":"idOrVar","v":"fdn-authorizedNumbers"}]},{"$i":"fdn-authorizedNumbers-desc","$v":"Dei daitezkeen zenbakien zerrenda"},{"$i":"fdn-explanation1","$v":"Mugatu telefono honetatik dei daitezkeen zenbakiak."},{"$i":"fdn-explanation2","$v":"(Larrialdi-zenbakiak beti deitu ahal izango dira)"},{"$i":"fdnEnable","$v":"Gaitu FDNa"},{"$i":"fdnDisable","$v":"Desgaitu FDNa"},{"$i":"fdnReset","$v":"Berrezarri PIN2a"},{"$i":"fdnAttemptMsg3","$v":{"one":"Azken aukera daukazu kode zuzena sartzeko SIM txartela blokeatu aurretik.","two":[{"t":"idOrVar","v":"n"}," aukera dauzkazu kode zuzena sartzeko SIM txartela blokeatu aurretik."],"few":[{"t":"idOrVar","v":"n"}," aukera dauzkazu kode zuzena sartzeko SIM txartela blokeatu aurretik."],"many":[{"t":"idOrVar","v":"n"}," aukera dauzkazu kode zuzena sartzeko SIM txartela blokeatu aurretik."],"other":[{"t":"idOrVar","v":"n"}," aukera dauzkazu kode zuzena sartzeko SIM txartela blokeatu aurretik."]},"$x":[{"t":"idOrVar","v":"plural"},"n"]},{"$i":"fdnLastChanceMsg","$v":"PIN2 zuzena sartzeko azken aukera duzu. Bestela, PUK2 kodea sartu beharko duzu SIM txartela erabiltzeko."},{"$i":"fdnErrorMsg","$v":"PIN2 kodea okerra da."},{"$i":"fdn-enabled-warning","$v":"Dei-birbidalketa FDNagatik desgaituta dago."},{"$i":"fdnContact-name","$v":"izena"},{"$i":"fdnContact-number","$v":"zenbakia"},{"$i":"fdnContact-submit","$v":"bidali"},{"$i":"fdnAction-add","$v":"Gehitu kontaktua"},{"$i":"fdnAction-call","$v":"Deitu"},{"$i":"fdnAction-edit","$v":"Editatu kontaktua"},{"$i":"fdnAction-edit-header","$v":"Editatu kontaktua"},{"$i":"fdnAction-delete","$v":"Ezabatu kontaktua"},{"$i":"fdnNoFDNFreeRecord","$v":"Gehieneko markatze-zenbaki finkoak. Ezin da zenbaki gehiagorik gehitu."},{"$i":"messagingSettings","$v":"Mezularitza-ezarpenak"},{"$i":"messagingSettings-header","$v":[{"t":"idOrVar","v":"messagingSettings"}]},{"$i":"message-confirmation","$v":"Mezuaren berrespena"},{"$i":"message-delivery-reports","$v":"Banaketa-txostenak"},{"$i":"message-delivery-reports-details","$v":"Eskatu banaketa-jakinarazpena bidalitako mezu bakoitzeko"},{"$i":"message-read-reports","$v":"Irakurketa-txostenak"},{"$i":"message-read-reports-details","$v":"Eskatu irakurketa-txostena bidalitako mezu bakoitzeko"},{"$i":"mmsTitle","$v":"Multimedia-mezularitza (MMS)"},{"$i":"auto-retrieve","$v":"Automatikoki eskuratu"},{"$i":"auto-retrieve-details","$v":"Automatikoki eskuratu mezuak"},{"$i":"manual-retrieve","$v":"Desaktibatu"},{"$i":"auto-roaming-retrieve","$v":"Aktibatu ibiltaritzan"},{"$i":"auto-no-roaming-retrieve","$v":"Aktibatu ibiltaritzarik gabe"},{"$i":"autoConfigure","$v":"Autokonfiguratu"},{"$i":"wapPushMessages","$v":"WAP Push mezuak"},{"$i":"wapPush","$v":"WAP Push"},{"$i":"cellBroadcastMessages","$v":"Difusio zelularreko mezuak"},{"$i":"cellBroadcast","$v":"Difusio zelularra"},{"$i":"emergencyAlert","$v":"Larrialdi-alerta"},{"$i":"messagingInformation","$v":"Informazioa"},{"$i":"messaging-SMSC","$v":"Zerbitzu-zentroa"},{"$i":"messaging-sim-settings","$v":[{"t":"idOrVar","v":"index"},". SIMaren ezarpenak"]},{"$i":"unknown-SMSC","$v":"Ez dago informaziorik"},{"$i":"cellularAndData","$v":"Mugikorra eta datuak"},{"$i":"cellularAndData-header","$v":[{"t":"idOrVar","v":"cellularAndData"}]},{"$i":"dataNetwork","$v":"Hornitzailea"},{"$i":"dataConnectivity","$v":"Datuak"},{"$i":"dataConnection","$v":"Datu-konexioa"},{"$i":"dataRoaming","$v":"Datu-ibiltaritza"},{"$i":"networkOperator","$v":"Sare-operatzailea"},{"$i":"networkOperator-header","$v":[{"t":"idOrVar","v":"networkOperator"}]},{"$i":"availableOperators","$v":"Inguruko sare-operatzaileak"},{"$i":"preferredNetworkTypeAlertTitle","$v":"Hobetsitako sare mota"},{"$i":"preferredNetworkTypeAlertErrorMessage","$v":"Ezin izan da sare mota ezarri"},{"$i":"operator-networkType","$v":"Sare mota"},{"$i":"operator-networkType-auto","$v":"Automatikoa"},{"$i":"operator-networkType-prefer3G","$v":"3G hobetsia"},{"$i":"operator-networkType-2G","$v":"2G soilik"},{"$i":"operator-networkType-3G","$v":"3G soilik"},{"$i":"operator-networkType-GSM","$v":"GSM"},{"$i":"operator-networkType-WCDMA","$v":"WCDMA"},{"$i":"operator-networkType-CDMA","$v":"CDMA"},{"$i":"operator-networkType-EVDO","$v":"EVDO"},{"$i":"operator-networkType-LTE","$v":"LTE"},{"$i":"operator-networkType-preferWCDMA","$v":"WCDMA hobetsia"},{"$i":"operator-networkType-auto-2G-3G","$v":"Automatikoa (2G/3G)"},{"$i":"operator-networkType-auto-CDMA-EVDO","$v":"Automatikoa (CDMA/EVDO)"},{"$i":"operator-networkType-auto-WCDMA-GSM","$v":"Automatikoa (WCDMA/GSM)"},{"$i":"operator-networkType-auto-LTE-WCDMA-GSM","$v":"Automatikoa (LTE/WCDMA/GSM)"},{"$i":"operator-networkType-auto-LTE-CDMA-EVDO","$v":"Automatikoa (LTE/CDMA/EVDO)"},{"$i":"operator-networkType-auto-WCDMA-GSM-CDMA-EVDO","$v":"Automatikoa (WCDMA/GSM/CDMA/EVDO)"},{"$i":"operator-autoSelect","$v":"Hautapen automatikoa"},{"$i":"operator-networkSelect-auto","$v":"Automatikoa"},{"$i":"operator-networkSelect-manual","$v":"Eskuzkoa"},{"$i":"operator-turnAutoSelectOff","$v":"Desgaitu hautapen automatikoa sare-operatzaile erabilgarriak ikusteko."},{"$i":"operator-status-connecting","$v":"Konektatzen…"},{"$i":"operator-status-connectingfailed","$v":"Konexioak huts egin du"},{"$i":"operator-status-connected","$v":"Konektatuta"},{"$i":"operator-roamingPreference","$v":"Ibiltaritza-hobespenak"},{"$i":"operator-roamingPreference-home","$v":"Nagusia"},{"$i":"operator-roamingPreference-any","$v":"Edozein"},{"$i":"operator-roamingPreference-affiliated","$v":"Afiliatua"},{"$i":"apn","$v":"APNa"},{"$i":"apnSettings","$v":"APN ezarpenak"},{"$i":"apnSettings-header","$v":[{"t":"idOrVar","v":"apnSettings"}]},{"$i":"dataSettings","$v":"Datu-ezarpenak"},{"$i":"dataSettings-header","$v":[{"t":"idOrVar","v":"dataSettings"}]},{"$i":"suplSettings","$v":"A-GPS ezarpenak"},{"$i":"suplSettings-header","$v":[{"t":"idOrVar","v":"suplSettings"}]},{"$i":"messageSettings","$v":"Mezuen ezarpenak"},{"$i":"messageSettings-header","$v":[{"t":"idOrVar","v":"messageSettings"}]},{"$i":"dunSettings","$v":"Tethering ezarpenak"},{"$i":"dunSettings-header","$v":[{"t":"idOrVar","v":"dunSettings"}]},{"$i":"imsSettings","$v":"IMS ezarpenak"},{"$i":"imsSettings-header2","$v":[{"t":"idOrVar","v":"imsSettings"}]},{"$i":"apn-editor-header","$v":"APN editorea"},{"$i":"mmsport","$v":"MMS ataka"},{"$i":"mmsproxy","$v":"MMS proxya"},{"$i":"mmsc","$v":"MMSC"},{"$i":"httpProxyHost","$v":"HTTP proxyaren ostalaria"},{"$i":"httpProxyPort","$v":"HTTP proxyaren ataka"},{"$i":"custom","$v":"(ezarpen pertsonalizatuak)"},{"$i":"apn-authType","$v":"Autentifikazioa"},{"$i":"apn-authType-notDefined","$v":"Zehaztu gabea"},{"$i":"apn-authType-none","$v":"Bat ere ez"},{"$i":"apn-authType-pap","$v":"PAP"},{"$i":"apn-authType-chap","$v":"CHAP"},{"$i":"apn-authType-papOrChap","$v":"PAP edo CHAP"},{"$i":"apn-protocol","$v":"Protokoloa"},{"$i":"apn-roaming-protocol","$v":"Ibiltaritza-protokoloa"},{"$i":"apn-protocol-notDefined","$v":"Zehaztu gabea"},{"$i":"apn-protocol-ip","$v":"IPv4"},{"$i":"apn-protocol-ipv6","$v":"IPv6"},{"$i":"apn-protocol-ipv4v6","$v":"IPv4/IPv6"},{"$i":"apn-type","$v":"APN mota"},{"$i":"dataConnection-warning-head","$v":"Gaitu datu-konexioa?"},{"$i":"dataConnection-warning-message","$v":"Aplikazioek automatikoki atzitzuko dituzte datuak datu-konexioaren bidez, beharrezkoa denean. Datu-tarifa gehigarriak aplika daitezke."},{"$i":"dataRoaming-warning-head","$v":"Datu-ibiltaritza gaitu?"},{"$i":"dataRoaming-warning-message","$v":"Zure zerbitzu-baldintzen arabera, datu-tarifa gehigarriak aplika daitezke ibiltaritza-eskualde batean zaudenean."},{"$i":"change-apn-warning-message1","$v":"Zure zerbitzu-baldintzen arabera, datu-tarifa gehigarriak aplika daitezke ibiltaritza-eskualde batean APN ezarpenak aldatzen dituzunean. Aurrera jarraitu nahi duzu?"},{"$i":"reset-apn-warning-title","$v":"Berrezarri lehenetsia"},{"$i":"reset-apn-warning-message","$v":"Ezarpenak balio lehenetsietara berrezartzen ditu. Hau ezin da desegin."},{"$i":"state-unknown","$v":"Egoera ezezaguna"},{"$i":"state-available","$v":"Erabilgarri"},{"$i":"state-connected","$v":"Konektatuta"},{"$i":"state-current","$v":"Konektatuta"},{"$i":"state-forbidden","$v":"Debekatuta"},{"$i":"delete-apn-confirm","$v":"APN hau ezabatu?"},{"$i":"delete-apn","$v":"Ezabatu"},{"$i":"add-apn","$v":"Gehitu APN berria"},{"$i":"reset-apn","$v":"Berrezarri lehenetsia"},{"$i":"apnSettings-reset","$v":"Leheneratu APNaren ezarpenak"},{"$i":"bluetooth","$v":"Bluetooth"},{"$i":"bluetooth-header","$v":[{"t":"idOrVar","v":"bluetooth"}]},{"$i":"bluetooth-enable-msg","$v":"Piztu Bluetooth-a inguruko gailuak ikusteko."},{"$i":"bluetooth-paired-devices","$v":"Parekatutako gailuak"},{"$i":"bluetooth-devices-in-area","$v":"Inguruko gailuak"},{"$i":"bluetooth-visible-to-all","$v":"Ikusgai denentzako"},{"$i":"bluetooth-name-maxlength-alert","$v":["Zure gailu-izenak ",{"t":"idOrVar","v":"length"}," karaktere baino gehiago ditu. Saiatu berriro."]},{"$i":"bluetooth-address","$v":"Bluetooth helbidea"},{"$i":"bluetooth-address-unavailable","$v":"Ez dago erabilgarri"},{"$i":"bt-status-nopaired","$v":"Ez dago parekatutako gailurik"},{"$i":"bt-status-turnoff","$v":"Itzalita"},{"$i":"bt-status-paired","$v":{"zero":[{"t":"idOrVar","v":"name"}],"one":[{"t":"idOrVar","v":"name"}," eta ",{"t":"idOrVar","v":"n"}," gehiago"],"two":[{"t":"idOrVar","v":"name"}," eta ",{"t":"idOrVar","v":"n"}," gehiago"],"few":[{"t":"idOrVar","v":"name"}," eta ",{"t":"idOrVar","v":"n"}," gehiago"],"many":[{"t":"idOrVar","v":"name"}," eta ",{"t":"idOrVar","v":"n"}," gehiago"],"other":[{"t":"idOrVar","v":"name"}," eta ",{"t":"idOrVar","v":"n"}," gehiago"]},"$x":[{"t":"idOrVar","v":"plural"},"n"]},{"$i":"device-status-tap-connect","$v":"Sakatu konektatzeko"},{"$i":"device-status-pairing","$v":"Gailuarekin parekatzen…"},{"$i":"device-status-waiting","$v":"Beste gailuari itxoiten…"},{"$i":"device-status-paired","$v":"Parekatuta"},{"$i":"device-status-connecting","$v":"Konektatzen…"},{"$i":"device-status-connected","$v":"Konektatuta"},{"$i":"device-status-connected-media","$v":"Multimediaren audiora konektatuta"},{"$i":"device-option-unpair","$v":"Desparekatu"},{"$i":"device-option-confirm","$v":"Berretsi"},{"$i":"device-option-unpair-confirmation","$v":"Berrespena"},{"$i":"device-option-unpair-device","$v":"Desparekatu gailua?"},{"$i":"device-option-connect","$v":"Konektatu"},{"$i":"device-option-disconnect","$v":"Deskonektatu"},{"$i":"search-for-device","$v":"Gailuak bilatzen…"},{"$i":"search-device","$v":"Bilatu gailuak"},{"$i":"rename-device","$v":"Aldatu nire gailuaren izena"},{"$i":"unnamed-device","$v":"Gailu ezezaguna"},{"$i":"change-phone-name-desc","$v":"Aldatu ordenagailuan agertzen den gailuaren izena"},{"$i":"bluetooth-new-name","$v":"Izen berria"},{"$i":"error-pair-title","$v":"Ezin dira gailuak parekatu"},{"$i":"error-pair-pincode","$v":"Ezin izan da gailuarekin parekatu. Egiaztatu PINa zuzena dela."},{"$i":"error-pair-toofast","$v":"Ezin izan da gailuarekin parekatu. Eskari gehiegi."},{"$i":"error-connect-title","$v":"Ezin dira gailuak konektatu"},{"$i":"error-connect-msg","$v":"Egiaztatu konektatzen saiatzen ari zaren gailua oraindik barrutian dagoela eta Bluetooth-a piztuta daukala."},{"$i":"unpair-title","$v":"Desparekatu konektatutako gailua?"},{"$i":"unpair-msg","$v":"Orain gailu honekin konektatuta zaude. Desparekatzeak harekin deskonektatzea eragingo du."},{"$i":"nfc","$v":"NFC"},{"$i":"SSIDCannotBeEmpty","$v":"SSIDak ezin du hutsik egon"},{"$i":"internetSharing","$v":"Internet partekatzea"},{"$i":"internetSharing-header","$v":[{"t":"idOrVar","v":"internetSharing"}]},{"$i":"internetSharing-usb","$v":"USB"},{"$i":"internetSharing-wifi","$v":"Wi-Fia"},{"$i":"wifi-hotspot","$v":"Wifigunea"},{"$i":"wifi-name","$v":"Izena"},{"$i":"wifi-password","$v":"Pasahitza"},{"$i":"wifi-security","$v":"Segurtasuna"},{"$i":"usb-tethering","$v":"USB tethering-a"},{"$i":"hotspotSettings","$v":"Wifigunearen ezarpenak"},{"$i":"wifi-auth-username","$v":"Erabiltzaile-izena"},{"$i":"wifi-auth-password","$v":"Pasahitza"},{"$i":"wifi-join-username","$v":"Erabiltzaile-izena"},{"$i":"wifi-join-password","$v":"Pasahitza"},{"$i":"hotspotSettings-header","$v":"Wifigune-ezarpenak"},{"$i":"ssid-name","$v":"SSID sarearen izena"},{"$i":"hotspot-open","$v":"irekia"},{"$i":"hotspot-wpa-psk","innerHTML":"WPA (TKIP)"},{"$i":"hotspot-wpa2-psk","innerHTML":"WPA2 (AES)"},{"$i":"hotspot-password-desc","$v":"Pasahitzak gutxienez 8 karaktere izan behar ditu."},{"$i":"personalization","$v":"Pertsonalizazioa"},{"$i":"sound","$v":"Soinua"},{"$i":"sound-header","$v":[{"t":"idOrVar","v":"sound"}]},{"$i":"volume","$v":"Bolumena"},{"$i":"tones","$v":"Tonuak"},{"$i":"touch-tones","$v":"Ukipen-tonu entzungarriak"},{"$i":"touch-tone-short","$v":"Laburra"},{"$i":"touch-tone-long","$v":"Luzea"},{"$i":"select-tone","$v":"Hautatu tonua"},{"$i":"ringtones","$v":"Txirrin-tonuak"},{"$i":"alerts","$v":"Alertak"},{"$i":"manage-tones","$v":"Kudeatu soinuak"},{"$i":"other-sounds","$v":"Beste soinuak"},{"$i":"unlock-screen","$v":"Desblokeatu pantaila"},{"$i":"camera","$v":"Kamera"},{"$i":"sent-message","$v":"Bidalitako mezua"},{"$i":"alarm-sound","$v":"Alarma"},{"$i":"ringtone-and-notification-sound","$v":"Txirrina eta jakinarazpenak"},{"$i":"media-sound","$v":"Multimedia"},{"$i":"saving-tone","$v":"Gordetzen..."},{"$i":"no-ringtone-app","$v":"Ez dugu aplikazioarik aurkitu txirrin-tonuak kudeatzeko!"},{"$i":"display","$v":"Pantaila"},{"$i":"display-header","$v":[{"t":"idOrVar","v":"display"}]},{"$i":"brightness","$v":"Distira"},{"$i":"brightness-autoAdjust","$v":"Doitu automatikoki"},{"$i":"lockScreen","$v":"Blokeatu pantaila"},{"$i":"wallpaper","$v":"Horma-papera"},{"$i":"screen-timeout","$v":"Pantailaren denbora-muga"},{"$i":"one-minute","$v":"minutu bat"},{"$i":"two-minutes","$v":"2 minutu"},{"$i":"five-minutes","$v":"5 minutu"},{"$i":"ten-minutes","$v":"10 minutu"},{"$i":"never","$v":"inoiz ez"},{"$i":"lock-orientation","$v":"Blokeatu orientazioa"},{"$i":"navigation","$v":"Nabigazioa"},{"$i":"navigation-header","$v":[{"t":"idOrVar","v":"navigation"}]},{"$i":"edge-swipe-navigation","$v":"Hatza ertzetatik pasaz"},{"$i":"edge-swipe-navigation-enable-msg","$v":"Pasatu hatza pantailaren ezkerreko edo eskuineko ertzetik aplikazioen artean mugitzeko."},{"$i":"notifications","$v":"Jakinarazpenak"},{"$i":"notifications-header","$v":[{"t":"idOrVar","v":"notifications"}]},{"$i":"lockscreen-notifications","$v":"Erakutsi blokeo-pantailan"},{"$i":"notifications-resend","$v":"Erak. berrabiarazi ondoren"},{"$i":"dateAndTime","$v":"Data eta ordua"},{"$i":"dateAndTime-header","$v":[{"t":"idOrVar","v":"dateAndTime"}]},{"$i":"setTimeAutomatically","$v":"Ezarri automatikoki"},{"$i":"setTimeManually","$v":"Ezarri eskuz"},{"$i":"timezoneMessage","$v":"Ordu-zona"},{"$i":"dateMessage","$v":"Data"},{"$i":"timeMessage","$v":"Ordua"},{"$i":"selectTimezoneContinent","$v":"Hautatu kontinentea"},{"$i":"selectTimezone","$v":"Hautatu ordu-zona"},{"$i":"time-format","$v":"Formatua"},{"$i":"time-format-time","$v":"Ordu-formatua"},{"$i":"hour-12","$v":"12 ordu"},{"$i":"hour-24","$v":"24 ordu"},{"$i":"languageAndRegion","$v":"Hizkuntza eta eskualdea"},{"$i":"language","$v":"Hizkuntza"},{"$i":"language-header","$v":[{"t":"idOrVar","v":"language"}]},{"$i":"region","$v":"Eskualdea"},{"$i":"more-languages","$v":"Eskuratu hizkuntza gehiago"},{"$i":"sample-format","$v":"Adibideko formatua"},{"$i":"longDateFormat","$v":"%A, %Y.eko %Bren %da"},{"$i":"simManager","$v":"SIM kudeatzailea"},{"$i":"simManager-header","$v":[{"t":"idOrVar","v":"simManager"}]},{"$i":"simSettings","$v":"SIM ezarpenak"},{"$i":"sim-manager-outgoing-calls","$v":"Irteerako deiak"},{"$i":"sim-manager-outgoing-call-desc","$v":"Deiak hemendik bidaliko dira"},{"$i":"sim-manager-outgoing-messages","$v":"Irteerako mezuak"},{"$i":"sim-manager-outgoing-messages-desc","$v":"SMSak hemendik bidaliko dira"},{"$i":"sim-manager-outgoing-data","$v":"Datuak"},{"$i":"sim-manager-outgoing-data-description","$v":"Datuen zerbitzu-sarea eta Marketplace-ko ordainketak"},{"$i":"sim-manager-always-ask","$v":"Galdetu beti"},{"$i":"sim-pin-locked","$v":"SIMaren PINa blokeatuta"},{"$i":"no-operator","$v":"Operatzailerik ez"},{"$i":"cant-disable-simcard-alert","$v":"Gutxienez SIM batek aktibatuta egon behar du uneoro"},{"$i":"disable-simcard-confirm","$v":[{"t":"idOrVar","v":"disableCardIndex"},". SIMak ezin du deirik eta mezurik jaso. ",{"t":"idOrVar","v":"disableCardIndex"},". SIMerako ezarrita dauden irteerako deiak eta mezuak desgaitu egingo dira."]},{"$i":"change-outgoing-data-confirm","$v":"Uneko datu-transferentzia bertan behera geratuko da. Jarraitu hala ere?"},{"$i":"homescreen","$v":"Hasierako pantaila"},{"$i":"vertical-homescreen-header","$v":"Hasierako pantaila"},{"$i":"vertical-homescreen-layout","$v":"Diseinua"},{"$i":"vertical-homescreen-icon-layout","$v":"Ikonoen antolaketa"},{"$i":"vertical-homescreen-three-columns","$v":"Hiru zutabe"},{"$i":"vertical-homescreen-four-columns","$v":"Lau zutabe"},{"$i":"notice","$v":"Oharra"},{"$i":"search","$v":"Bilatu"},{"$i":"search-header","$v":"Bilatu"},{"$i":"search-engine","$v":"Bilaketa-motorra"},{"$i":"search-suggestions","$v":"Bilaketa-iradokizunak"},{"$i":"search-suggestions-description","$v":"Bilaketa bat egitean idazten dituzun karaktereak hainbat bilatzailetara bidaltzen dira eta zuri bilaketa-iradokizunak egiteko erabiliko da. Datu-tarifa gehigarriak aplika daitezke aukera hau erabiltzean."},{"$i":"homescreens","$v":"Hasierako pantailak"},{"$i":"homescreens-header","$v":[{"t":"idOrVar","v":"homescreens"}]},{"$i":"changeHomescreen","$v":"Aldatu hasierako pantaila"},{"$i":"changeHomescreenButton","$v":"Aldatu"},{"$i":"description","$v":"Deskribapena"},{"$i":"keyboardSettings","$v":"Teklatuaren ezarpenak"},{"$i":"selectedKeyboards","$v":"Hautatutako teklatuak"},{"$i":"keyboards","$v":"Teklatuak"},{"$i":"keyboards-header","$v":[{"t":"idOrVar","v":"keyboards"}]},{"$i":"numberKeyboardLayouts","$v":"Zenbakizko diseinuak"},{"$i":"optionKeyboardLayouts","$v":"Aukeren diseinuak"},{"$i":"keypad","$v":"Zenbakizko teklatua"},{"$i":"dialpad","$v":"Markatze-teklatua"},{"$i":"selectKeyboards","$v":"Hautatu teklatuak"},{"$i":"selectKeyboards-header","$v":[{"t":"idOrVar","v":"selectKeyboards"}]},{"$i":"mustHaveOneKeyboard","$v":["Gutxienez ",{"t":"idOrVar","v":"type"}," motako teklatu bat hautatu behar da"]},{"$i":"keyboardType-text","$v":"testua"},{"$i":"keyboardType-url","$v":"URLa"},{"$i":"keyboardType-number","$v":"zenbakia"},{"$i":"defaultKeyboardEnabled","$v":[{"t":"idOrVar","v":"appName"}," ",{"t":"idOrVar","v":"layoutName"}," sarrera-metodo lehenetsi gisa dago ezarrita"]},{"$i":"themes","$v":"Gaiak"},{"$i":"themes-header","$v":[{"t":"idOrVar","v":"themes"}]},{"$i":"fxa","$v":"Firefox kontuak"},{"$i":"accounts","$v":"Kontuak"},{"$i":"fxa-accounts","$v":"Firefox kontuak"},{"$i":"fxa-accounts-header","$v":[{"t":"idOrVar","v":"fxa-accounts"}]},{"$i":"fxa-overview","$v":"Zure Firefox kontuari esker, 'Aurkitu nire gailua' bezalako aukerak eta Firefox Marketplace bezalako aplikazioak erabil ditzakezu."},{"$i":"fxa-invitation","$v":"Sortu kontua edo hasi saioa"},{"$i":"fxa-confirm-account","$v":"Baieztatu zure kontua"},{"$i":"fxa-verification-email-sent-msg","$v":["Posta bat bidaliko dugu hona: ",{"t":"idOrVar","v":"email"}]},{"$i":"fxa-please-verify","$v":"Egin klik zure postaren egiaztapen-estekan zure kontua baieztatzeko."},{"$i":"fxa-cancel-confirmation","$v":"Utzi kontu-baieztapena"},{"$i":"fxa-resend-alert","$v":["Egiaztapen-esteka bat bidali da ",{"t":"idOrVar","v":"email"}," helbidera."]},{"$i":"fxa-dont-see-email","$v":["Ez duzu postarik ikusten? ",{"t":"idOrVar","v":"resend"},"."]},{"$i":"fxa-resend","$v":"Birbidali"},{"$i":"fxa-about","$v":"Honi buruz"},{"$i":"fxa-logged-in-text","$v":[{"t":"idOrVar","v":"email"}," gisa saioa hasita"]},{"$i":"fxa-signed-in-header","$v":"Saioa hasi da"},{"$i":"fxa-marketplace-app","$v":"Marketplace"},{"$i":"fxa-find-my-device-app","$v":"Aurkitu nire gailua"},{"$i":"fxa-options","$v":"Aukerak"},{"$i":"fxa-sign-out","$v":"Amaitu saioa"},{"$i":"fxa-confirm-email","$v":["Baieztatu ",{"t":"idOrVar","v":"email"}]},{"$i":"findmydevice","$v":"Aurkitu nire gailua"},{"$i":"findmydevice-create-account","$v":"Sortu kontua edo hasi saioa"},{"$i":"findmydevice-enable","$v":"Gaitu 'Aurkitu nire gailua'"},{"$i":"findmydevice-about","$v":"'Aurkitu nire gailua' aukerari buruz"},{"$i":"findmydevice-enable-geolocation-prompt","$v":"Gaitu geokokapena?"},{"$i":"findmydevice-enable-geolocation-description","$v":"Zure gailuaren kokapena ikusteko, geokokapen bidezko jarraipena gaitu behar duzu."},{"$i":"findmydevice-geolocation-enabled","$v":"Geokokapena gaituta"},{"$i":"findmydevice-enable-network","$v":"Gailua lineaz kanpo dago. Konektatu sare batekin eta saiatu berriro."},{"$i":"findmydevice-error","$v":"'Aurkitu nire gailua' errorea gertatu da."},{"$i":"findmydevice-please-try","$v":"Saiatu berriro."},{"$i":"findmydevice-please-tap","$v":"Sakatu berriro saiatzeko."},{"$i":"privacyAndSecurity","$v":"Pribatutasuna eta segurtasuna"},{"$i":"passcode-lock","$v":"Pasakode-blokeoa"},{"$i":"passcode-lock-desc","$v":["Pasakodea: ",{"t":"idOrVar","v":"code"}]},{"$i":"screenLock","$v":"Pantaila-blokeoa"},{"$i":"screenLock-header","$v":[{"t":"idOrVar","v":"screenLock"}]},{"$i":"simSecurity","$v":"SIM segurtasuna"},{"$i":"simSecurity-header","$v":[{"t":"idOrVar","v":"simSecurity"}]},{"$i":"appPermissions","$v":"Aplikazioen baimenak"},{"$i":"appPermissions-header","$v":[{"t":"idOrVar","v":"appPermissions"}]},{"$i":"author","$v":"Egilea"},{"$i":"permissions","$v":"Baimenak"},{"$i":"revoke","$v":"Ezeztatu"},{"$i":"ask","$v":"Galdetu"},{"$i":"deny","$v":"Ukatu"},{"$i":"allow","$v":"Baimendu"},{"$i":"uninstallApp","$v":"Desinstalatu aplikazioa"},{"$i":"phone","$v":"Telefonoa"},{"$i":"messages","$v":"Mezuak"},{"$i":"vibrate","$v":"Bibratu"},{"$i":"ring","$v":"Txirrina"},{"$i":"change","$v":"Aldatu"},{"$i":"create","$v":"Sortu"},{"$i":"create-a-passcode","$v":"Sortu pasakodea"},{"$i":"passcode","$v":"Pasakodea"},{"$i":"passcode-heading","$v":"Pasakodea"},{"$i":"enter-passcode","$v":"Sartu pasakodea"},{"$i":"new-passcode","$v":"Pasakode berria"},{"$i":"current-passcode","$v":"Uneko pasakodea"},{"$i":"incorrect-passcode","$v":"Pasakodea okerra da"},{"$i":"passcode-doesnt-match","$v":"Pasakodea ez dator bat. Saiatu berriro."},{"$i":"confirm-passcode","$v":"Berretsi pasakodea"},{"$i":"immediately","$v":"Berehala"},{"$i":"after-one-minute","$v":"Minutu baten ondoren"},{"$i":"after-five-minutes","$v":"5 minutu ondoren"},{"$i":"after-fifteen-minutes","$v":"15 minutu ondoren"},{"$i":"after-thirty-minutes","$v":"30 minutu ondoren"},{"$i":"after-one-hour","$v":"Ordubete ondoren"},{"$i":"require-passcode","$v":"Eskatu pasakodea"},{"$i":"change-passcode","$v":"Aldatu pasakodea"},{"$i":"noSimCard","$v":"SIM txartelik ez"},{"$i":"simPin","$v":"SIMaren PINa"},{"$i":"simPin2","$v":"SIM PIN2a"},{"$i":"simPinWithIndex","$v":[{"t":"idOrVar","v":"index"},". SIMaren PINa"]},{"$i":"pukCode","$v":"PUK kodea"},{"$i":"puk2Code","$v":"PUK2 kodea"},{"$i":"whatIsSimPin","$v":"Zer da SIMaren PINa?"},{"$i":"simPinIntro1","$v":"SIMaren PINak SIM txartelaren datu-sareetan sartzea eragozten du. Gaituta dagoenean, SIM txartela duen edozein gailuk PINa eskatuko du berrabioan."},{"$i":"simPinIntro2","$v":"SIMaren PINa ez da gailua desblokeatzeko erabilitako pasakodearen berdina."},{"$i":"changeSimPin","$v":"Aldatu PINa"},{"$i":"simPinChangedSuccessfully","$v":"SIMaren PINa ondo aldatu da"},{"$i":"simPinChangedSuccessfullyWithIndex","$v":[{"t":"idOrVar","v":"index"},". SIMaren PINa ondo aldatu da"]},{"$i":"pinTitle","$v":"Sartu SIMaren PINa"},{"$i":"pin2Title","$v":"Sartu SIM PIN2a"},{"$i":"pukTitle","$v":"Sartu PUK kodea"},{"$i":"puk2Title","$v":"Sartu PUK2 kodea"},{"$i":"newpinTitle","$v":"PIN berria"},{"$i":"inputCodeRetriesLeft","$v":{"one":"Azken aukera.","two":[{"t":"idOrVar","v":"n"}," aukera falta dira."],"few":[{"t":"idOrVar","v":"n"}," aukera falta dira."],"many":[{"t":"idOrVar","v":"n"}," aukera falta dira."],"other":[{"t":"idOrVar","v":"n"}," aukera falta dira."]},"$x":[{"t":"idOrVar","v":"plural"},"n"]},{"$i":"pinAttemptMsg3","$v":{"one":"Azken aukera daukazu kode zuzena sartzeko SIM txartela blokeatu aurretik.","two":[{"t":"idOrVar","v":"n"}," aukera dauzkazu kode zuzena sartzeko SIM txartela blokeatu aurretik."],"few":[{"t":"idOrVar","v":"n"}," aukera dauzkazu kode zuzena sartzeko SIM txartela blokeatu aurretik."],"many":[{"t":"idOrVar","v":"n"}," aukera dauzkazu kode zuzena sartzeko SIM txartela blokeatu aurretik."],"other":[{"t":"idOrVar","v":"n"}," aukera dauzkazu kode zuzena sartzeko SIM txartela blokeatu aurretik."]},"$x":[{"t":"idOrVar","v":"plural"},"n"]},{"$i":"pinLastChanceMsg","$v":"PIN zuzena sartzeko azken aukera duzu. Bestela, PUK kodea sartu beharko duzu SIM txartel hau erabiltzeko."},{"$i":"simCardLockedMsg","$v":"SIM txartela blokeatuta dago."},{"$i":"simCardBlockedMsg","$v":"SIM txartela blokeatuta dago."},{"$i":"enterPukMsg","$v":"Personal Unlocking Key (PUK) kodea sartu behar duzu SIM txartel honetarako. Begiratu zure SIM txartelaren dokumentazioa edo jarri harremanetan zure hornitzailearekin informazio gehiagorako."},{"$i":"enterPuk2Msg","$v":"Personal Unlocking Key (PUK2) kodea sartu behar duzu SIM txartelerako. Begiratu zure SIM txartelaren dokumentazioa edo jarri harremanetan zure hornitzailearekin informazio gehiagorako."},{"$i":"pukErrorMsg","$v":"PUK kodea okerra da."},{"$i":"pukAttemptMsg3","$v":{"one":"Azken aukera daukazu kode zuzena sartzeko SIM txartela behin-betiko erabilezin geratu aurretik. Begiratu zure SIM txartelaren dokumentazioa edo jarri harremanetan zure hornitzailearekin informazio gehiagorako.","two":[{"t":"idOrVar","v":"n"}," aukera dauzkazu kode zuzena sartzeko SIM txartela behin-betiko erabilezin geratu aurretik. Begiratu zure SIM txartelaren dokumentazioa edo jarri harremanetan zure hornitzailearekin informazio gehiagorako."],"few":[{"t":"idOrVar","v":"n"}," aukera dauzkazu kode zuzena sartzeko SIM txartela behin-betiko erabilezin geratu aurretik. Begiratu zure SIM txartelaren dokumentazioa edo jarri harremanetan zure hornitzailearekin informazio gehiagorako."],"many":[{"t":"idOrVar","v":"n"}," aukera dauzkazu kode zuzena sartzeko SIM txartela behin-betiko erabilezin geratu aurretik. Begiratu zure SIM txartelaren dokumentazioa edo jarri harremanetan zure hornitzailearekin informazio gehiagorako."],"other":[{"t":"idOrVar","v":"n"}," aukera dauzkazu kode zuzena sartzeko SIM txartela behin-betiko erabilezin geratu aurretik. Begiratu zure SIM txartelaren dokumentazioa edo jarri harremanetan zure hornitzailearekin informazio gehiagorako."]},"$x":[{"t":"idOrVar","v":"plural"},"n"]},{"$i":"pukLastChanceMsg","$v":"PUK kode zuzena sartzeko azken aukera. Ezin izango duzu zure SIM txartela berriro erabili PUK kode okerra sartzen baduzu. Begiratu zure SIM txartelaren dokumentazioa edo jarri harremanetan zure hornitzailearekin informazio gehiagorako."},{"$i":"newSimPinMsg","$v":"Sortu PINa (4 eta 8 digitu artean izan behar ditu)"},{"$i":"newSimPin2Msg","$v":"Sortu PIN2a (4 eta 8 digitu artean izan behar ditu)"},{"$i":"confirmNewSimPinMsg","$v":"Berretsi PIN berria"},{"$i":"confirmNewSimPin2Msg","$v":"Berretsi PIN2 berria"},{"$i":"newPinErrorMsg","$v":"PINak ez datoz bat."},{"$i":"simLockedPhone","$v":"Telefonoa SIMez blokeatuta"},{"$i":"unknownSimCardState","$v":"SIM txartelaren egoera ezezaguna"},{"$i":"simCardNotReady","$v":"SIM txartela ez dago prest"},{"$i":"simCardIllegal","$v":"Baimenik gabeko SIM txartela"},{"$i":"doNotTrack","$v":"Do Not Track"},{"$i":"doNotTrack-header","$v":[{"t":"idOrVar","v":"doNotTrack"}]},{"$i":"doNotTrackActions","$v":"Esan webguneei eta aplikazioei nire jarraipenik ez egiteko"},{"$i":"allowTracking","$v":"Esan webguneei eta aplikazioei nire jarraipena egiteko"},{"$i":"doNotHavePrefOnTracking","$v":"Ez eman webguneei eta aplikazioei nire jarraipen-hobespenen berri"},{"$i":"doNotTrack-dt","$v":"Nola dabil 'Do Not Track'?"},{"$i":"doNotTrack-dd1","$v":"'Do No Track' aktibatzean, zure gailuak webgune eta aplikazio guztiei (bai eta iragarle eta beste eduki-hornitzaileei ere) esaten die ez duzula zure portaeraren jarraipenik egitea nahi."},{"$i":"doNotTrack-dd2","$v":"'Do No Track' aktibatzeak ez du eraginik webguneetan saioa hasteko gaitasunean eta ez du zure informazio pribaturik ahaztuko, hala nola erosketa-saskietako edukiak, kokapen-informazioa edo saio-hasierako informazioa."},{"$i":"browsingPrivacy","$v":"Nabigazio-pribatutasuna"},{"$i":"browsingPrivacy-header","$v":[{"t":"idOrVar","v":"browsingPrivacy"}]},{"$i":"confirm-clear-title","$v":"Berrespena"},{"$i":"clear-browsing-history","$v":"Garbitu nabigatze-historia"},{"$i":"confirm-clear-browsing-history","$v":"Garbitu nabigatze-historia?"},{"$i":"clear-cookies-and-stored-data","$v":"Garbitu cookie-ak eta gordetako datuak"},{"$i":"confirm-clear-cookies-and-stored-data","$v":"Garbitu gailu honetan gordeta dauden cookie-ak eta datuak?"},{"$i":"clear","$v":"Garbitu"},{"$i":"privacy-controls","$v":"Pribatutasun-kontrolak"},{"$i":"no-privacy-panel","$v":"Ez da pribatutasun-panelaren aplikazioa aurkitu"},{"$i":"storage","$v":"Biltegiratzea"},{"$i":"enableUSBStorage1","$v":"USB biltegiratzea"},{"$i":"umsUnplugToDisable","$v":"Desgaitzeko, desentxufatu USB kablea"},{"$i":"appStorage","$v":"Aplikazioen biltegiratzea"},{"$i":"appStorage-header","$v":[{"t":"idOrVar","v":"appStorage"}]},{"$i":"storageSize","$v":[{"t":"idOrVar","v":"size"}," ",{"t":"idOrVar","v":"unit"}]},{"$i":"availableSize","$v":{"zero":[{"t":"idOrVar","v":"size"}," ",{"t":"idOrVar","v":"unit"}," erabilgarri"],"one":[{"t":"idOrVar","v":"size"}," ",{"t":"idOrVar","v":"unit"}," erabilgarri"],"two":[{"t":"idOrVar","v":"size"}," ",{"t":"idOrVar","v":"unit"}," erabilgarri"],"few":[{"t":"idOrVar","v":"size"}," ",{"t":"idOrVar","v":"unit"}," erabilgarri"],"many":[{"t":"idOrVar","v":"size"}," ",{"t":"idOrVar","v":"unit"}," erabilgarri"],"other":[{"t":"idOrVar","v":"size"}," ",{"t":"idOrVar","v":"unit"}," erabilgarri"]},"$x":[{"t":"idOrVar","v":"plural"},"size"]},{"$i":"apps-total-space","$v":"Lekua guztira"},{"$i":"apps-used-space","$v":"Erabilita"},{"$i":"apps-free-space","$v":"Libre"},{"$i":"storage-details","$v":"Argazkiak, bideoak eta musika aplikazioetatik aparte gordetzen dira. Begiratu multimedia-biltegiratzea xehetasun gehiago ezagutzeko."},{"$i":"ums-shared-volumes","$v":[{"t":"idOrVar","v":"list"}," partekatuta"]},{"$i":"transferProtocol-header","$v":"Transferentzia-protokoloa"},{"$i":"protocol-mtp","$v":"Media transfer protocol (MTP)"},{"$i":"protocol-ums","$v":"USB mass Storage (UMS)"},{"$i":"mediaStorage","$v":"Multimedia-biltegiratzea"},{"$i":"mediaStorage-header","$v":[{"t":"idOrVar","v":"mediaStorage"}]},{"$i":"storage-name-internal","$v":"Barne-biltegiratzea"},{"$i":"storage-name-external-0","$v":"SD txartelaren biltegiratzea"},{"$i":"storage-name-external-1","$v":"SD txartelaren 2. biltegiratzea"},{"$i":"short-storage-name-internal","$v":"Barnekoa"},{"$i":"short-storage-name-external-0","$v":"SD txartela"},{"$i":"short-storage-name-external-1","$v":"2. SD txartela"},{"$i":"music-space","$v":"Musika"},{"$i":"pictures-space","$v":"Argazkiak"},{"$i":"videos-space","$v":"Filmak"},{"$i":"left-space","$v":"Leku librea"},{"$i":"free-space","$v":"Leku librea"},{"$i":"total-space","$v":"Lekua guztira"},{"$i":"size-not-available","$v":"Ez erabilgarri"},{"$i":"no-storage","$v":"Ez da biltegiratzerik aurkitu"},{"$i":"advanced","$v":"Aurreratua"},{"$i":"ums-warning-title","$v":"Gaitu USB biltegiratzea?"},{"$i":"default-media-location","$v":"Multimedia-kokapen lehenetsia"},{"$i":"default-media-location-msg","$v":"Aukeratu argazkiak, bideoak, musika eta deskargak non biltegiratuko diren lehenespenez."},{"$i":"change-default-media-location-confirmation","$v":"Multimedia-biltegiratzearen kokapen lehenetsia aldatzen bada, multimedia guztiak modu lehenetsian non gordeko diren aldatuko da. Lehendik dauden datuek haien egungo kokapenean jarraituko dute. Aurrera jarraitu nahi duzu?"},{"$i":"eject-sdcard-external-0","$v":"Egotzi SD txartela"},{"$i":"eject-sdcard-external-1","$v":"Egotzi 2. SD txartela"},{"$i":"format-sdcard-internal","$v":"Formateatu barne-biltegiratzea"},{"$i":"format-sdcard-external-0","$v":"Formateatu SD txartela"},{"$i":"format-sdcard-external-1","$v":"Formateatu 2. SD txartela"},{"$i":"formatting","$v":"Formateatzen..."},{"$i":"unmount-sdcard-confirmation","$v":"Ezin izango dituzu SD txartelean gordetako edukiak atzitu hura desmuntatu ondoren. Aurrera jarraitu nahi duzu?"},{"$i":"format-sdcard-title","$v":"Formateatu SD txartela"},{"$i":"format-sdcard-message","$v":"Honek zure SD txartelean biltegiratutako datu gutziak ezabatuko ditu, adibidez musika eta argazkiak."},{"$i":"format-sdcard-internal-title","$v":"Formateatu barne-biltegiratzea"},{"$i":"format-sdcard-internal-message","$v":"Honek zure barne-biltegiratzean gordetako datu guztiak ezabatuko ditu, adibidez musika eta argazkiak."},{"$i":"format-sdcard-btnformat","$v":"Formateatu"},{"$i":"sdcardUnmounted","$v":"SD txartela desmuntatu da"},{"$i":"device","$v":"Gailua"},{"$i":"help","$v":"Laguntza"},{"$i":"deviceInfo","$v":"Gailuaren informazioa"},{"$i":"deviceInfo-header","$v":[{"t":"idOrVar","v":"deviceInfo"}]},{"$i":"deviceInfo-IMEI","$v":"IMEI"},{"$i":"deviceInfo-ICCID","$v":"ICCID"},{"$i":"deviceInfo-MSISDN","$v":"Telefono-zenbakia"},{"$i":"deviceInfo-ICCID-unavailable-sim","$v":[{"t":"idOrVar","v":"index"},". SIMa: ez dago erabilgarri"]},{"$i":"downloads","$v":"Deskargak"},{"$i":"downloads-header","$v":[{"t":"idOrVar","v":"downloads"}]},{"$i":"unknown-phoneNumber","$v":"Ezezaguna"},{"$i":"unknown-phoneNumber-sim","$v":[{"t":"idOrVar","v":"index"},". SIMa: ezezaguna"]},{"$i":"gitInfo","$v":"Git commit informazioa"},{"$i":"developer","$v":"Garatzailea"},{"$i":"developer-header","$v":[{"t":"idOrVar","v":"developer"}]},{"$i":"hud-settings-button","$v":"Garatzailearen HUDa"},{"$i":"hud-settings-header","$v":[{"t":"idOrVar","v":"hud-settings-button"}]},{"$i":"hud-devtools","$v":"Garatzaile-tresnak"},{"$i":"hud-devtools-header","$v":[{"t":"idOrVar","v":"hud-devtools"}]},{"$i":"hud-logging","$v":"Erregistr. aldaketak ADBn"},{"$i":"hud-system","$v":"Erakutsi sistemaren HUDa"},{"$i":"hud-problems","$v":"Arazoak"},{"$i":"hud-warnings","$v":"Abisuak"},{"$i":"hud-errors","$v":"Erroreak"},{"$i":"hud-security","$v":"Segurtasun-arazoak"},{"$i":"hud-performance","$v":"Errendimendua"},{"$i":"hud-reflows","$v":"Egokitzeak"},{"$i":"hud-jank","$v":"Atzerapena"},{"$i":"jank-threshold","$v":"Atzerapenaren atalasea"},{"$i":"hud-fps","$v":"Fotogramak segundoko"},{"$i":"hud-ttl","$v":"Kargatzeko denbora"},{"$i":"hud-memory","$v":"Memoria"},{"$i":"hud-uss","$v":"Memoria ez partekatua"},{"$i":"hud-appmemory","$v":"Aplikazioen memoria"},{"$i":"hud-jsobjects","$v":"JS objektuak"},{"$i":"hud-jsstrings","$v":"JS kateak"},{"$i":"hud-jsother","$v":"JS bestelakoa"},{"$i":"hud-dom","$v":"DOMa"},{"$i":"hud-style","$v":"Estiloa"},{"$i":"hud-other","$v":"Bestelakoak"},{"$i":"software","$v":"Softwarea"},{"$i":"devSettings","$v":"Garatzaileen ezarpenak"},{"$i":"debug","$v":"Arazketa"},{"$i":"developer-menu","$v":"Garatzaile-menua"},{"$i":"developer-tools","$v":"Garatzaile-tresnak"},{"$i":"graphics","$v":"Grafikoak"},{"$i":"hardware-composer","$v":"Hardware-konposatzailea"},{"$i":"paint-flashing","$v":"Distiratu birmargotzeak"},{"$i":"dumps-layers","$v":"Irauli geruzen zuhaitza"},{"$i":"dumps-layerscope","$v":"Irauli geruzen esparrua"},{"$i":"apz-overscroll","$v":"Gainkorritzea"},{"$i":"tiling","$v":"Mosaikoa egitea"},{"$i":"low-precision","$v":"Doitasun txikiko margotzea"},{"$i":"low-opacity","$v":"Doitasun txikiko gardentasuna"},{"$i":"draw-tile-borders","$v":"Marraztu mosaikoen ertzak"},{"$i":"draw-layer-borders","$v":"Marraztu geruzen ertzak"},{"$i":"log-animations","$v":"Erregistratu animazio motelak"},{"$i":"remote-debugging-usb","$v":"USB bidezko arazketa"},{"$i":"dev-tools-wifi","$v":"Wi-Fi bidezko garatzaile-tresnak"},{"$i":"dev-tools-qps","$v":"Sasiitzulpena"},{"$i":"debugger-disabled","$v":"Desgaituta"},{"$i":"debugger-adb-only","$v":"ADB soilik"},{"$i":"debugger-adb-and-devtools","$v":"ADB eta garatzaile-tresnak"},{"$i":"wifi-debugging","$v":"Wi-Fiaren irteera ADBn"},{"$i":"bluetooth-debugging","$v":"Blueetooh-irteera ADBn"},{"$i":"bluetooth-snoop-debugging","$v":"Bluetooth HCI sniffing logs to sdcard"},{"$i":"nfc-debugging","$v":"NFC irteera ADBn"},{"$i":"ril-debugging","$v":"RIL output in ADB"},{"$i":"console-enabled","$v":"Kontsola gaituta"},{"$i":"cards-view-screenshots","$v":"Txartel-ikuspegia: pantaila-argazkiak"},{"$i":"geolocation-debugging-enabled","$v":"Geokokapen-irteera ADBn"},{"$i":"geolocation-debugging-gps-locations-ignored","$v":"Ezikusi GPS kokapenak"},{"$i":"use-reviewer-certs","$v":"Erabili Marketplace berrikusleen ziurtagiriak"},{"$i":"shake-to-log","$v":"Astindu sistema-egunkaria gordetzeko"},{"$i":"model-name","$v":"Modeloa"},{"$i":"os-version","$v":"SE bertsioa"},{"$i":"firmware_revision","$v":"Firmwarearen berrikuspena"},{"$i":"hardware_revision","$v":"Hardwarearen berrikuspena"},{"$i":"platform_version","$v":"Plataformaren bertsioa"},{"$i":"build-id","$v":"Eraikitze-identifikatzailea"},{"$i":"update-channel","$v":"Eguneraketa-kanala"},{"$i":"build_number","$v":"Eraikitze-zenbakia"},{"$i":"update-url","$v":"Eguneraketen URLa"},{"$i":"last-updated","$v":"Azken eguneratzea"},{"$i":"more-info","$v":"Informazio gehiago"},{"$i":"more-info-header","$v":[{"t":"idOrVar","v":"more-info"}]},{"$i":"softwareUpdates","$v":"Software-eguneraketak"},{"$i":"check-update-daily","$v":"Egunero"},{"$i":"check-update-weekly","$v":"Astero"},{"$i":"check-update-monthly","$v":"Hilero"},{"$i":"check-for-updates","$v":"Egiaztatu eguneraketak dauden"},{"$i":"check-update-now","$v":"Egiaztatu orain"},{"$i":"update-status","$v":"Eguneratze-egoera"},{"$i":"no-network-when-update","$v":"Konektatu Internetekin zure eguneraketa gauzatzeko."},{"$i":"checking-for-update","$v":"Eguneraketak bilatzen…"},{"$i":"no-updates","$v":"Ez da eguneraketarik aurkitu"},{"$i":"retry-when-online","$v":"Sarea lineaz kanpo dago. Berriro egiaztatuko da sarea linean dagoenean."},{"$i":"already-latest-version","$v":[{"t":"idOrVar","v":"brandShortName"},"(r)en azken bertsioa da hau"]},{"$i":"check-error","$v":"Errorea gertatu da eguneraketak bilatzean."},{"$i":"aboutBrowserOS","$v":[{"t":"idOrVar","v":"brandShortName"},"(r)i buruz"]},{"$i":"browser-os-desc","$v":["Mozillaren kode irekiko sistema eragile librea da ",{"t":"idOrVar","v":"brandShortName"},". Webaren indarra zure eskuetan mantenduz, irekitasuna, berrikuntza eta aukerak sustatzea da gure misioa."]},{"$i":"learn-more","$v":"Argibide gehiago"},{"$i":"reset-head","$v":"Berrezarri"},{"$i":"reset-warning-title","$v":"KONTUZ"},{"$i":"unlock-privileges","$v":"Desblokeatu pribilegioak"},{"$i":"reset-devtools","$v":"Berrezarri eta gaitu DevTools osorik"},{"$i":"reset-devtools-warning-title","$v":"KONTUZ"},{"$i":"your-rights","$v":"Zure eskubideak"},{"$i":"your-rights-header","$v":[{"t":"idOrVar","v":"your-rights"}]},{"$i":"about-your-rights-0","$v":["Mundu osoko milaka pertsonek osatutako komunitateak kode irekiko software librea erabiliz eraiki da ",{"t":"idOrVar","v":"brandShortName"},". Badira jakin beharko zenituzkeen gauza batzuk:"]},{"$i":"about-your-rights-1","$v":["Iturburu irekiko hainbat lizentzien baldintzapean (Mozilla Public License barne) eskuratu duzu ",{"t":"idOrVar","v":"brandShortName"},". ",{"t":"idOrVar","v":"brandShortName"}," exekutatzen duen gailu batek hirugarrenen software jabeduna ere izan lezake. Lizentzia librepean eskaintzen den edozein kodek eskubidea ematen dizu iturburu-kodea aldatu eta egindako aldaketak banatzeko, beti ere baldintzak obeditzen dituzun bitartean."]},{"$i":"about-your-rights-2","$v":["Ez zaizu ematen Mozilla Fundazioaren edo beste inoren erregistratutako marken eskubiderik ezta hauen gaineko lizentziarik ere, ",{"t":"idOrVar","v":"brandShortName"}," izena edo logoak barne."]},{"$i":"about-your-rights-3","$v":[{"t":"idOrVar","v":"brandShortName"},"(e)ko hainbat eginbidek, hala nola hutsegiteen berriemaileak, Mozillari iritzia emateko aukera ematen dizute. Iritzia bidaltzea aukeratuz gero, Mozillari baimena ematen diozu iritzi hori erabiltzeko bere produktuak hobetzeko, bere webguneetan argitaratzeko eta banatzeko."]},{"$i":"about-legal-info","$v":"Lege-informazioa"},{"$i":"about-credit-info","$v":"Kredituak"},{"$i":"about-legal-info-header","$v":[{"t":"idOrVar","v":"about-legal-info"}]},{"$i":"open-source-notices","$v":"Iturb. irekiari buruzko oharrak"},{"$i":"open-source-notices-header","$v":"Iturb. irekiaren oharrak"},{"$i":"obtaining-source-code","$v":"Iturburu-kodea eskuratzea"},{"$i":"obtaining-source-code-header","$v":"Iturb.-kodea eskuratzea"},{"$i":"about-mozilla","$v":"Mozilla"},{"$i":"about-other","$v":"Bestelakoak"},{"$i":"your-privacy","$v":"Zure pribatutasuna"},{"$i":"your-privacy-header","$v":[{"t":"idOrVar","v":"your-privacy"}]},{"$i":"licensing-1","$v":"Produktu honen bitarrak Mozilla proiektuak eskaintzen dizkizu, Mozilla Public License 2.0 (MPL) lizentziapean. Ezagutu zure eskubideak."},{"$i":"licensing-2","$v":"Produktu honen iturburu-kode guztia libreak eta iturburu irekikoak diren lizentzien pean eskura daiteke. Gehiena Mozilla Public License 2.0 (MPL) lizentiziapean dago eskuragarri."},{"$i":"licensing-3","$v":"Mozilla Public License 2.0 MPL lizentziapean ez dagoen gainerako softwarea, bestelako lizentzia-aukeretan eskura daiteke. Banatzerako orduan lizentziaren testua erreproduzitzea eskatzen dutenak azpian daude. (Oharra: aukeratu duzun produktu eta bertsio zehatzaren arabera, produktu honen zure kopiak hemen zerrendatu diren lizentzien pean dagoen kodea ez izatea posible da)."},{"$i":"licensing-MPL","$v":"Mozilla Public License 2.0"},{"$i":"licensing-Apache","$v":"Apache License 2.0"},{"$i":"launch-ftu","$v":"Abiarazi lehen erabilpeneko aplikazioa"},{"$i":"no-ftu","$v":"Ez da lehen erabilpeneko aplikazioa aurkitu"},{"$i":"software-home-button","$v":"Software bidezko hasiera-botoia"},{"$i":"home-gesture","$v":"Etxerako mugimendua"},{"$i":"continuous-transition","$v":"Etengabeko trantsizioa"},{"$i":"debug-gaia-enabled","$v":"Gaia arazketa-aztarnak"},{"$i":"showScreenReaderSettings","$v":"Erakutsi pantaila-irakurlearen ezarpenak"},{"$i":"app-transition","$v":"Aplikazioen trantsizioa"},{"$i":"app-suspending","$v":"Aplikazioa esekitzea"},{"$i":"copypaste","$v":"Kopiatu/itsatsi"},{"$i":"verbose-app-permissions","$v":"Aplikazioen baimen xehatuak"},{"$i":"window-management","$v":"Leiho-kudeaketa"},{"$i":"downloads-edit","$v":"Editatu deskargak"},{"$i":"downloads-select-all","$v":"Hautatu denak"},{"$i":"downloads-deselect-all","$v":"Desautatu denak"},{"$i":"downloads-delete","$v":"Ezabatu"},{"$i":"battery","$v":"Bateria"},{"$i":"battery-header","$v":[{"t":"idOrVar","v":"battery"}]},{"$i":"batteryLevel","$v":"Uneko maila"},{"$i":"batteryLevel-percent-unplugged","$v":["%",{"t":"idOrVar","v":"level"}]},{"$i":"batteryLevel-percent-charging","$v":["%",{"t":"idOrVar","v":"level"}," (kargatzen)"]},{"$i":"batteryLevel-percent-charged","$v":["%",{"t":"idOrVar","v":"level"}," (kargatuta)"]},{"$i":"powerSaveModeTitle","$v":"Energia aurreztea"},{"$i":"powerSaveMode","$v":"Energia aurrezteko modua"},{"$i":"powerSave-threshold","$v":["Bateriaren %",{"t":"idOrVar","v":"level"}," geratzen bada"]},{"$i":"turnOnAuto","$v":"Aktibatu automatikoki"},{"$i":"accessibility","$v":"Erabilerraztasuna"},{"$i":"accessibility-header","$v":[{"t":"idOrVar","v":"accessibility"}]},{"$i":"screenReader","$v":"Pantaila-irakurlea"},{"$i":"screenReader-header","$v":[{"t":"idOrVar","v":"screenReader"}]},{"$i":"screenReader-toggle","$v":[{"t":"idOrVar","v":"screenReader"}]},{"$i":"colorFilter","$v":"Kolore-iragazkia"},{"$i":"colorFilter-header","$v":[{"t":"idOrVar","v":"colorFilter"}]},{"$i":"colorFilter-toggle","$v":[{"t":"idOrVar","v":"colorFilter"}]},{"$i":"screenReader-captions","$v":"Bistaratu hizketa"},{"$i":"screenReader-enable-msg","$v":"Pantaila-irakurlea gaituta dagoenean, gailuak hizketa bidezko oharrak eskainiko du erabiltzaile itsuak eta ikusmen-urrikoak laguntzeko."},{"$i":"screen-reader-speech-volume","$v":"Hizketaren bolumena"},{"$i":"screen-reader-speech-rate","$v":"Hizketaren emaria"},{"$i":"screenReader-confirm-title-start","$v":"Abiarazi pantaila-irakurlea?"},{"$i":"screenReader-confirm-description-start","$v":"Pantaila-irakurlea aktibatzean ukipen-pantailaren portaera aldatuko da. Ukitu edozein tokitan zure hatzaren azpiko elementua entzuteko eta sakatu bi aldiz aktibatzeko."},{"$i":"screenReader-confirm-button-start","$v":"Abiarazi"},{"$i":"screenReader-confirm-title-stop","$v":"Gelditu pantaila-irakurlea?"},{"$i":"screenReader-confirm-description-stop","$v":"Pantaila-irakurlea gelditzeak hizketa-ohar guztiak amaituko ditu."},{"$i":"screenReader-confirm-button-stop","$v":"Gelditu"},{"$i":"colorFilter-invert","$v":"Alderantzikatu"},{"$i":"colorFilter-grayscale","$v":"Gris-eskala"},{"$i":"colorFilter-contrast","$v":"Kontrastea"},{"$i":"improveBrowserOS","$v":["Hobetu ",{"t":"idOrVar","v":"brandShortName"}]},{"$i":"improveBrowserOSTitle","$v":["Hobetu ",{"t":"idOrVar","v":"brandShortName"}]},{"$i":"sendMozillaFeedback","$v":"Bidali iritzia Mozillari"},{"$i":"performanceAndUsageData","$v":"Errendimendu- eta erabilera-datuak"},{"$i":"sharePerformanceAndUsageData","$v":"Bidali datuak"},{"$i":"appUsageByRegion","$v":"App usage by region"},{"$i":"crashReports","$v":"Hutsegite-txostenak"},{"$i":"crashReports-header","$v":[{"t":"idOrVar","v":"crashReports"}]},{"$i":"crashReportInfo","$v":"Hutsegite bat gertatzen denean Mozillari txostena bidaltzen badiozu, arazoa denontzat konpontzen laguntzen digu. Txostenak Wi-Fi bidez soilik bidaltzen dira."},{"$i":"alwaysSendReport","$v":"Bidali beti txostena"},{"$i":"neverSendReport","$v":"Inoiz ez bidali txostena"},{"$i":"askToSendReport2","$v":"Galdetu aldiro"},{"$i":"crash-reports-description-1","$v":"Hutsegite-txosten batek hutsegiteari eta zure gailuari buruzko xehetasunak ditu; horrez gain, gailuak huts egin zuen momentuko egoeraren argazkia ere badu."},{"$i":"crash-reports-description-2","$v":"Irekitako orri eta aplikazioak, inprimakietan idatzitako testua eta bestelako edukia izan lezake honek (irekitako aplikazio batek erabilitako mezuak, azken nabigazio-historia edo geokokapena)."},{"$i":"crash-reports-description-3-start","$v":"Arazoak konpondu eta gure produktuak hobetzeko erabiltzen ditugu hutsegite-txostenak. Zure informazioa gure "},{"$i":"crash-reports-description-3-privacy","$v":"pribatutasun-politika"},{"$i":"crash-reports-description-3-end","$v":"n."},{"$i":"sendFeedbackTitle","$v":"Bidali zure iritzia"},{"$i":"feedback-description","$v":"Zure iritziak Firefox OS hobetzen lagunduko digu."},{"$i":"feedback-happy","$v":"Zoriontsu"},{"$i":"feedback-sad","$v":"Triste"},{"$i":"feedback-mood-description","$v":"Nola zaude?"},{"$i":"feedback_whyfeel_happy","$v":"Zergatik zoriontsu?"},{"$i":"feedback_whyfeel_sad","$v":"Zergatik triste?"},{"$i":"feedback-mood-explain","$v":"Mesedez kontaiguzu xehetasun guztiekin."},{"$i":"feedback-public-description","$v":"Zure iritziaren edukia publikoa izango da, beraz ez sartu inongo informazio pertsonalik."},{"$i":"feedback-contactyou","$v":"Markatu hau zurekin posta elektroniko bidez harremanetan jartzen uzteko."},{"$i":"email-address1","$v":"Helbide elektronikoa:"},{"$i":"email-keepprivate","$v":"Ez kezkatu. Zure posta-helbidea pribatua izango da beti."},{"$i":"feedback-sendbtn","$v":"Bidali iritzia"},{"$i":"feedback-errormessage-connect-error","$v":"Sistemak ezin du zure iradokizuna bidali datu-konexioan errorea gertatu delako. Saiatu berriro arazoa konponduta dagoenean."},{"$i":"feedback-errormessage-server-off","$v":"Sistemak ezin du zure iradokizuna bidali zerbitzaria itzali delako. Itxaron momentu bat eta saiatu berriro."},{"$i":"feedback-errormessage-timeout","$v":"Sistemak ezin izan du zure iradokizuna bidali denbora-muga gainditu delako. Berrabiarazi eta saiatu berriro."},{"$i":"feedback-errormessage-wrong-email","$v":"Sistemak ezin du zure iradokizuna bidali posta-helbidea falta delako eta formatu-errore bat dagoelako. Erabili posta-helbide zuzen bat eta saiatu berriro."},{"$i":"feedback-errormessage-empty-comment","$v":"Sistemak ezin du zure iradokizuna bidali iruzkinen eremua hutsik dagoelako. Sartu testuren bat eta saiatu berriro."},{"$i":"feedback-errormessage-just-sent","$v":"Sistemak ezin du zure iradokizuna bidali lehenago ere bidali zenigulako zure iritzia. Probatu gure hurrengo software-eguneraketa eta bidali berriro."},{"$i":"feedback-complete-msg","$v":"Eskerrik asko zure iritziagatik! Firefox OS sistemaren hurrengo argitaratzeetan esperientzia hobeak eskaintzeko erabiliko dugu."},{"$i":"online-support","$v":"Lineako laguntza:"},{"$i":"call-support","$v":"Telefono bidezko laguntza:"},{"$i":"user-guide","$v":"Erabiltzaile-gida"},{"$i":"default-support","$v":"Jarri harremanetan zure hornitzaile lokalarekin laguntza eskuratzeko."},{"$i":"operatorServices","$v":"Operatzaile-zerbitzuak"},{"$i":"operatorServices-help","$v":"Laguntza"},{"$i":"operatorServices-helpmenu","$v":"Laguntza menua"},{"$i":"stkAppsNotAvailable","$v":"SIM txarteleko aplikazioak ez daude erabilgarri."},{"$i":"simToolkit","$v":"SIM tresna-kita"},{"$i":"stkItemsNaiSetUpCall","$v":"Konfiguratu deia"},{"$i":"stkItemsNaiSendSs","$v":"Bidali SS"},{"$i":"stkItemsNaiSendUssd","$v":"Bidali USSD"},{"$i":"stkItemsNaiSendSms","$v":"Bidali SMS"},{"$i":"stkItemsNaiSendDtmf","$v":"Bidali DTMF"},{"$i":"stkItemsNaiLaunchBrowser","$v":"Abiarazi nabigatzailea"},{"$i":"stkItemsNaiPlayTone","$v":"Erreproduzitu tonua"},{"$i":"stkItemsNaiDisplayText","$v":"Bistaratu testua"},{"$i":"stkItemsNaiGetInkey","$v":"Eskuratu sarrerako tekla"},{"$i":"stkItemsNaiGetInput","$v":"Eskuratu sarrera"},{"$i":"stkItemsNaiSelectItem","$v":"Hautatu elementua"},{"$i":"stkItemsNaiSetUpMenu","$v":"Konfiguratu menua"},{"$i":"stkItemsNaiProvideLocalInfo","$v":"Hornitu informazio lokala"},{"$i":"stkItemsNaiSetIdleModeText","$v":"Ezarri modu inaktiboko testua"},{"$i":"stkItemsNaiPerformCardApdu","$v":"Bidali txartelaren APDUa"},{"$i":"stkItemsNaiPowerOnCard","$v":"Piztu txartela"},{"$i":"stkItemsNaiPowerOffCard","$v":"Itzali txartela"},{"$i":"stkItemsNaiGetReaderStatus","$v":"Eskuratu irakurgailuaren egoera"},{"$i":"stkItemsNaiOpenChannel","$v":"Ireki kanala"},{"$i":"stkItemsNaiCloseChannel","$v":"Itxi kanala"},{"$i":"stkItemsNaiReceiveData","$v":"Jaso datuak"},{"$i":"stkItemsNaiSendData","$v":"Bidali datuak"},{"$i":"stkItemsNaiGetChannelStatus","$v":"Eskuratu kanalaren egoera"},{"$i":"stkItemsNaiEndOfTheProactiveSession","$v":"Saio proaktiboaren amaiera"},{"$i":"is-warning-storage-header","$v":"USB biltegiratzea"},{"$i":"is-warning-tethering-header","$v":"USB tethering-a"},{"$i":"is-warning-wifi-header","$v":"Wifigunea"},{"$i":"is-warning-storage-tethering-message","$v":"USB biltegiratzea gaitzeak USB tethering-a desgaituko du. USB biltegiratzea gaitu nahi duzu?"},{"$i":"is-warning-tethering-storage-message","$v":"USB tethering-a gaitzeak USB biltegiratzea desgaituko du. USB tethering-a gaitu nahi duzu?"},{"$i":"is-warning-tethering-wifi-message","$v":"USB tethering-a gaitzeak wifigunea desgaituko du. USB tethering-a gaitu nahi duzu?"},{"$i":"is-warning-wifi-tethering-message","$v":"Wifigunea gaitzeak USB tethering-a desgaituko du. Wifigunea gaitu nahi duzu?"},{"$i":"settings-dialog-alert","$v":"Alerta"},{"$i":"settings-dialog-confirm","$v":"Berretsi"},{"$i":"settings-dialog-prompt","$v":"Galdetu"},{"$i":"settings-alert-dialog-header","$v":[{"t":"idOrVar","v":"settings-dialog-alert"}]},{"$i":"settings-confirm-dialog-header","$v":[{"t":"idOrVar","v":"settings-dialog-confirm"}]},{"$i":"settings-prompt-dialog-header","$v":[{"t":"idOrVar","v":"settings-dialog-prompt"}]},{"$i":"addons","$v":"Addons"},{"$i":"addons-header","$v":[{"t":"idOrVar","v":"addons"}]},{"$i":"change-device-name","$v":"Aldatu telefonoaren izena"},{"$i":"internetSharing-usb-desc","$v":"Partekatu telefonoaren Internet-konexioa USB bidez konektatutako gailu batekin."},{"$i":"internetSharing-wifi-desc","$v":"Onartu beste gailu batzuk nire telefonoaren Internet-konexioa partekatzea Wi-Fi bidez konektatuz."},{"$i":"unplayable-ringtone","$v":"Txirrin-tonua ez da aldatu hautatutako fitxategia ezin delako telefono honetan erreproduzitu."},{"$i":"findmydevice-signup-description","$v":"'Aurkitu nire gailua' aukerari esker, zure telefonoa aurkitu, blokeatu edo ezabatu dezakezu."},{"$i":"findmydevice-settings-description","$v":"'Aurkitu nire gailua' aukerari esker, zure telefonoa aurkitu, blokeatu edo ezabatu dezakezu webgune batetik:"},{"$i":"findmydevice-active-tracking","$v":"Beste gailu bat zure telefonoaren jarraipena ari da egiten webgunearen bidez."},{"$i":"findmydevice-not-tracking","$v":"Ez dago webgunearen bidez zure telefonoaren jarraipena egiten ari den gailurik."},{"$i":"ums-confirm","$v":"USB biltegiratzea gaitzeak USB bidez konektatutako beste ordenagailu edo gailuek telefono honetako fitxategiak atzitu ahal izatea baimentzen du."},{"$i":"reset-device","$v":"Leheneratu telefonoa"},{"$i":"reset-warning-body","$v":"Leheneratzean, zure datu guztiak ezabatuko dira, eskuratu dituzun aplikazioak barne. Telefonoa fabrikako egoerara itzuliko da. Ez dira zure ezarpenak eta datuak gordeko."},{"$i":"reset-devtools-warning-body","$v":"Leheneratzean, zure datu guztiak ezabatuko dira, eskuratu dituzun aplikazioak barne. Ez dira zure ezarpenak eta datuak gordeko. Hala ere, zure telefonoak mugarik gabeko garatzaile-tresnak izango ditu eta sistemaren aplikazioak aldatu eta araztu ahal izango dituzu."},{"$i":"powerSave-explanation","$v":"Energia aurrezteko modua aktibatzean telefonoaren datuak, bluetooth-a eta geokokapena desaktibatzen dira bateriaren bizitza luzatzeko. Hala ere, zerbitzu horiek eskuz piztu ditzakezu berriro."},{"$i":"performanceAndUsageDataInfo","$v":["Lagun gaitzazu ",{"t":"idOrVar","v":"brandShortName"}," hobetzen zure telefonoaren datuak eta hura nola erabiltzen duzun partekatuz."]},{"$i":"device-status-connected-device","$v":"Telefonoaren audioarekin konektatuta"},{"$i":"device-status-connected-device-media","$v":"Telefonoaren/multimediaren audioarekin konektatuta"}]