[{"$i":"stopped_download_title","$v":"Detívose a descarga"},{"$i":"stopped_download_message","$v":"Detívose a descarga. Desexa reiniciar a descarga?"},{"$i":"stopped_download_left_button","$v":"Cancelar"},{"$i":"stopped_download_right_button","$v":"Tentar de novo"},{"$i":"failed_download_title","$v":"Fallou a descarga"},{"$i":"failed_download_message","$v":["Fallou a descarga de ",{"t":"idOrVar","v":"name"},". Desexa reiniciar a descarga?"]},{"$i":"failed_download_left_button","$v":"Cancelar"},{"$i":"failed_download_right_button","$v":"Tentar de novo"},{"$i":"stop_download_title","$v":"Deter a descarga"},{"$i":"stop_download_message","$v":"Confirma que quere deter a descarga?"},{"$i":"stop_download_left_button","$v":"Non"},{"$i":"stop_download_right_button","$v":"Si"},{"$i":"delete_download_title","$v":"Eliminar"},{"$i":"delete_download_message","$v":["Eliminar ",{"t":"idOrVar","v":"name"},"?"]},{"$i":"delete_download_left_button","$v":"Cancelar"},{"$i":"delete_download_right_button","$v":"Eliminar"},{"$i":"delete_all_download_title","$v":"Eliminar"},{"$i":"delete_all_download_left_button","$v":"Cancelar"},{"$i":"delete_all_download_right_button","$v":"Eliminar"},{"$i":"delete_all_download_message","$v":{"zero":"Non eliminar calquera ficheiro?","one":"Eliminar un ficheiro?","two":["Eliminar ",{"t":"idOrVar","v":"number"}," ficheiros?"],"few":["Eliminar ",{"t":"idOrVar","v":"number"}," ficheiros?"],"many":["Eliminar ",{"t":"idOrVar","v":"number"}," ficheiros?"],"other":["Eliminar ",{"t":"idOrVar","v":"number"}," ficheiros?"]},"$x":[{"t":"idOrVar","v":"plural"},"number"]},{"$i":"unsupported_file_type_download_title","$v":"Foi imposíbel abrir"},{"$i":"unsupported_file_type_download_message","$v":["Non hai un aplicativo que pode abrir ",{"t":"idOrVar","v":"name"},". Desexa gardar o ficheiro ou eliminalo?"]},{"$i":"unsupported_file_type_download_left_button","$v":"Manter ficheiro"},{"$i":"unsupported_file_type_download_right_button","$v":"Eliminar"},{"$i":"file_not_found_download_title","$v":"Non se atopou o ficheiro"},{"$i":"file_not_found_download_message","$v":"Non se atopou o ficheiro no dispositivo"},{"$i":"file_not_found_download_right_button","$v":"Aceptar"},{"$i":"unmounted_sdcard_2_download_title","$v":"Tarxeta de memoria en uso"},{"$i":"unmounted_sdcard_2_download_message","$v":"Desconecte o teléfono"},{"$i":"unmounted_sdcard_2_download_right_button","$v":"Aceptar"},{"$i":"no_provider_download_title","$v":"Foi imposíbel compartir"},{"$i":"no_provider_download_message","$v":"Non se atoparon fornecedores"},{"$i":"no_provider_download_right_button","$v":"Aceptar"},{"$i":"no_memory_download_title","$v":"Tarxeta SD chea"},{"$i":"no_memory_download_message","$v":"Non hai máis espazo na súa tarxeta SD para gardar a descarga. Retire algúns ficheiros antes de reiniciar a descarga."},{"$i":"no_memory_download_right_button","$v":"Aceptar"},{"$i":"no_sdcard_found_2_download_title","$v":"Non se atopou a tarxeta de memoria"},{"$i":"no_sdcard_found_2_download_message","$v":"Insira unha tarxeta de memoria ou seleccione unha localización alternativa predeterminada para o medios nos axustes"},{"$i":"no_sdcard_found_2_download_right_button","$v":"Aceptar"},{"$i":"file_open_error_download_title","$v":"Foi imposíbel abrir"},{"$i":"file_open_error_download_message","$v":["Produciuse un problema abrindo ",{"t":"idOrVar","v":"name"},". Desexa gardar o ficheiro ou eliminalo?"]},{"$i":"file_open_error_download_left_button","$v":"Manter ficheiro"},{"$i":"file_open_error_download_right_button","$v":"Eliminar"},{"$i":"restart_download_error","$v":"Produciuse un erro ao reiniciar a descarga. Tente descargar de novo."},{"$i":"no-downloads","$v":"Sen descargas"},{"$i":"byteUnit-B","$v":"B"},{"$i":"byteUnit-KB","$v":"KB"},{"$i":"byteUnit-MB","$v":"MB"},{"$i":"byteUnit-GB","$v":"GB"},{"$i":"byteUnit-TB","$v":"TB"},{"$i":"fileSize","$v":[{"t":"idOrVar","v":"size"}," ",{"t":"idOrVar","v":"unit"}]},{"$i":"percentage","$v":[{"t":"idOrVar","v":"percentage"}," %"]},{"$i":"partialResult","$v":[{"t":"idOrVar","v":"partial"}," de ",{"t":"idOrVar","v":"total"}]},{"$i":"summary","$v":[{"t":"idOrVar","v":"date"}," - ",{"t":"idOrVar","v":"status"}]},{"$i":"download-stopped","$v":"Detido"},{"$i":"download-failed","$v":"Fallou a descarga"},{"$i":"open_downloaded_file","$v":"Abrir"},{"$i":"share_downloaded_file","$v":"Compartir"},{"$i":"wallpaper_downloaded_file","$v":"Estabelecer como fondo"},{"$i":"ringtone_downloaded_file","$v":"Estabelecer como ton"},{"$i":"cancel_downloaded_file","$v":"Cancelar"},{"$i":"brandShortName","$v":"B2G OS"},{"$i":"browserBrandShortName","$v":"Web Browser"},{"$i":"browserBrandFullName","$v":"Mozilla Web Browser"},{"$i":"ringtoneBrandName","$v":"Default"},{"$i":"ringtoneSectionBrandName","$v":"System"},{"$i":"weekday-0-long","$v":"Domingo"},{"$i":"weekday-1-long","$v":"Luns"},{"$i":"weekday-2-long","$v":"Martes"},{"$i":"weekday-3-long","$v":"Mércores"},{"$i":"weekday-4-long","$v":"Xoves"},{"$i":"weekday-5-long","$v":"Venres"},{"$i":"weekday-6-long","$v":"Sábado"},{"$i":"weekday-0-short","$v":"Dom"},{"$i":"weekday-1-short","$v":"Lun"},{"$i":"weekday-2-short","$v":"Mar"},{"$i":"weekday-3-short","$v":"Mer"},{"$i":"weekday-4-short","$v":"Xov"},{"$i":"weekday-5-short","$v":"Ven"},{"$i":"weekday-6-short","$v":"Sab"},{"$i":"month-0-long","$v":"Xaneiro"},{"$i":"month-1-long","$v":"Febreiro"},{"$i":"month-2-long","$v":"Marzo"},{"$i":"month-3-long","$v":"Abril"},{"$i":"month-4-long","$v":"Maio"},{"$i":"month-5-long","$v":"Xuño"},{"$i":"month-6-long","$v":"Xullo"},{"$i":"month-7-long","$v":"Agosto"},{"$i":"month-8-long","$v":"Setembro"},{"$i":"month-9-long","$v":"Outubro"},{"$i":"month-10-long","$v":"Novembro"},{"$i":"month-11-long","$v":"Decembro"},{"$i":"month-0-genitive","$v":"Xaneiro"},{"$i":"month-1-genitive","$v":"Febreiro"},{"$i":"month-2-genitive","$v":"Marzo"},{"$i":"month-3-genitive","$v":"Abril"},{"$i":"month-4-genitive","$v":"Maio"},{"$i":"month-5-genitive","$v":"Xuño"},{"$i":"month-6-genitive","$v":"Xullo"},{"$i":"month-7-genitive","$v":"Agosto"},{"$i":"month-8-genitive","$v":"Setembro"},{"$i":"month-9-genitive","$v":"Outubro"},{"$i":"month-10-genitive","$v":"Novembro"},{"$i":"month-11-genitive","$v":"Decembro"},{"$i":"month-0-short","$v":"Xan"},{"$i":"month-1-short","$v":"Feb"},{"$i":"month-2-short","$v":"Mar"},{"$i":"month-3-short","$v":"Abr"},{"$i":"month-4-short","$v":"Maio"},{"$i":"month-5-short","$v":"Xun"},{"$i":"month-6-short","$v":"Xul"},{"$i":"month-7-short","$v":"Ago"},{"$i":"month-8-short","$v":"Set"},{"$i":"month-9-short","$v":"Out"},{"$i":"month-10-short","$v":"Nov"},{"$i":"month-11-short","$v":"Dec"},{"$i":"minutes-ago-long","$v":{"zero":"xusto agora","one":"hai un minuto","two":["hai ",{"t":"idOrVar","v":"value"}," minutos"],"few":["hai ",{"t":"idOrVar","v":"value"}," minutos"],"many":["hai ",{"t":"idOrVar","v":"value"}," minutos"],"other":["hai ",{"t":"idOrVar","v":"value"}," minutos"]},"$x":[{"t":"idOrVar","v":"plural"},"value"]},{"$i":"hours-ago-long","$v":{"zero":"xusto agora","one":"hai unha hora","two":["hai ",{"t":"idOrVar","v":"value"}," horas"],"few":["hai ",{"t":"idOrVar","v":"value"}," horas"],"many":["hai ",{"t":"idOrVar","v":"value"}," horas"],"other":["hai ",{"t":"idOrVar","v":"value"}," horas"]},"$x":[{"t":"idOrVar","v":"plural"},"value"]},{"$i":"days-ago-long","$v":{"zero":"hoxe","one":"onte","two":["hai ",{"t":"idOrVar","v":"value"}," días"],"few":["hai ",{"t":"idOrVar","v":"value"}," días"],"many":["hai ",{"t":"idOrVar","v":"value"}," días"],"other":["hai ",{"t":"idOrVar","v":"value"}," días"]},"$x":[{"t":"idOrVar","v":"plural"},"value"]},{"$i":"weeks-ago-long","$v":{"zero":"esta semana","one":"a semana pasada","two":["hai ",{"t":"idOrVar","v":"value"}," semanas"],"few":["hai ",{"t":"idOrVar","v":"value"}," semanas"],"many":["hai ",{"t":"idOrVar","v":"value"}," semanas"],"other":["hai ",{"t":"idOrVar","v":"value"}," semanas"]},"$x":[{"t":"idOrVar","v":"plural"},"value"]},{"$i":"months-ago-long","$v":{"zero":"Este mes","one":"o mes pasado","two":["hai ",{"t":"idOrVar","v":"value"}," meses"],"few":["hai ",{"t":"idOrVar","v":"value"}," meses"],"many":["hai ",{"t":"idOrVar","v":"value"}," meses"],"other":["hai ",{"t":"idOrVar","v":"value"}," meses"]},"$x":[{"t":"idOrVar","v":"plural"},"value"]},{"$i":"years-ago-long","$v":{"zero":"este ano","one":"o ano pasado","two":["hai ",{"t":"idOrVar","v":"value"}," anos"],"few":["hai ",{"t":"idOrVar","v":"value"}," anos"],"many":["hai ",{"t":"idOrVar","v":"value"}," anos"],"other":["hai ",{"t":"idOrVar","v":"value"}," anos"]},"$x":[{"t":"idOrVar","v":"plural"},"value"]},{"$i":"minutes-until-long","$v":{"zero":"agora","one":"nun minuto","two":["en ",{"t":"idOrVar","v":"value"}," minutos"],"few":["en ",{"t":"idOrVar","v":"value"}," minutos"],"many":["en ",{"t":"idOrVar","v":"value"}," minutos"],"other":["en ",{"t":"idOrVar","v":"value"}," minutos"]},"$x":[{"t":"idOrVar","v":"plural"},"value"]},{"$i":"hours-until-long","$v":{"zero":"agora","one":"nunha hora","two":["en ",{"t":"idOrVar","v":"value"}," horas"],"few":["en ",{"t":"idOrVar","v":"value"}," horas"],"many":["en ",{"t":"idOrVar","v":"value"}," horas"],"other":["en ",{"t":"idOrVar","v":"value"}," horas"]},"$x":[{"t":"idOrVar","v":"plural"},"value"]},{"$i":"days-until-long","$v":{"zero":"hoxe","one":"mañá","two":["en ",{"t":"idOrVar","v":"value"}," días"],"few":["en ",{"t":"idOrVar","v":"value"}," días"],"many":["en ",{"t":"idOrVar","v":"value"}," días"],"other":["en ",{"t":"idOrVar","v":"value"}," días"]},"$x":[{"t":"idOrVar","v":"plural"},"value"]},{"$i":"weeks-until-long","$v":{"zero":"esta semana","one":"a semana que ven","two":["en ",{"t":"idOrVar","v":"value"}," semanas"],"few":["en ",{"t":"idOrVar","v":"value"}," semanas"],"many":["en ",{"t":"idOrVar","v":"value"}," semanas"],"other":["en ",{"t":"idOrVar","v":"value"}," semanas"]},"$x":[{"t":"idOrVar","v":"plural"},"value"]},{"$i":"months-until-long","$v":{"zero":"Este mes","one":"o mes que ven","two":["en ",{"t":"idOrVar","v":"value"}," meses"],"few":["en ",{"t":"idOrVar","v":"value"}," meses"],"many":["en ",{"t":"idOrVar","v":"value"}," meses"],"other":["en ",{"t":"idOrVar","v":"value"}," meses"]},"$x":[{"t":"idOrVar","v":"plural"},"value"]},{"$i":"years-until-long","$v":{"zero":"este ano","one":"o ano que ven","two":["en ",{"t":"idOrVar","v":"value"}," anos"],"few":["en ",{"t":"idOrVar","v":"value"}," anos"],"many":["en ",{"t":"idOrVar","v":"value"}," anos"],"other":["en ",{"t":"idOrVar","v":"value"}," anos"]},"$x":[{"t":"idOrVar","v":"plural"},"value"]},{"$i":"minutes-ago-short","$v":{"zero":"xusto agora","other":["hai ",{"t":"idOrVar","v":"value"},"min"]},"$x":[{"t":"idOrVar","v":"plural"},"value"]},{"$i":"hours-ago-short","$v":{"zero":"xusto agora","other":["hai ",{"t":"idOrVar","v":"value"},"h"]},"$x":[{"t":"idOrVar","v":"plural"},"value"]},{"$i":"days-ago-short","$v":{"zero":"hoxe","other":["hai ",{"t":"idOrVar","v":"value"},"d"]},"$x":[{"t":"idOrVar","v":"plural"},"value"]},{"$i":"minutes-until-short","$v":{"zero":"agora","other":["en ",{"t":"idOrVar","v":"value"},"min"]},"$x":[{"t":"idOrVar","v":"plural"},"value"]},{"$i":"hours-until-short","$v":{"zero":"agora","other":["en ",{"t":"idOrVar","v":"value"},"h"]},"$x":[{"t":"idOrVar","v":"plural"},"value"]},{"$i":"days-until-short","$v":{"zero":"hoxe","other":["en ",{"t":"idOrVar","v":"value"},"d"]},"$x":[{"t":"idOrVar","v":"plural"},"value"]},{"$i":"incorrectDate","$v":"(data incorrecta)"},{"$i":"dateTimeFormat_%c","$v":"%a, %e de %b, %Y %H:%M:%S"},{"$i":"dateTimeFormat_%x","$v":"%d/%m/%Y"},{"$i":"dateTimeFormat_%X","$v":"%H:%M:%S"},{"$i":"shortTimeFormat","$v":"%H:%M"},{"$i":"shortTimeFormat12","$v":"%H:%M"},{"$i":"shortTimeFormat24","$v":"%H:%M"},{"$i":"shortDateTimeFormat","$v":"%x %H:%M %p"},{"$i":"weekStartsOnMonday","$v":"1"},{"$i":"firstDayOfTheWeek","$v":"0"},{"$i":"time_am","$v":"AM"},{"$i":"time_pm","$v":"PM"},{"$i":"title-app","$v":"Permisos aplicativos"},{"$i":"title-web","$v":"Permisos sitios web"},{"$i":"title-cam","$v":"Seleccionar cámara"},{"$i":"perm-alarms","$v":"Programar alarmas"},{"$i":"perm-audio-capture","$v":"Micrófono"},{"$i":"perm-audio-capture-appRequest","$v":["Desexa compartir o micrófono co aplicativo ",{"t":"idOrVar","v":"app"},"?"]},{"$i":"perm-audio-capture-webRequest","$v":["Desexa compartir o micrófono con ",{"t":"idOrVar","v":"site"},"?"]},{"$i":"perm-audio-channel-content","$v":"Reproducir sons"},{"$i":"perm-audio-channel-notification","$v":"Reproducir sons de notificación"},{"$i":"perm-audio-channel-ringer","$v":"Reproducir sons de tons"},{"$i":"perm-background-sensors","$v":"Acceso aos datos do sensor"},{"$i":"perm-bluetooth","$v":"Bluetooth"},{"$i":"perm-browser","$v":"Inspeccionar páxinas web"},{"$i":"perm-camera","$v":"Cámaras"},{"$i":"perm-camera-selector-appRequest","$v":["Seleccionar unha cámara para ",{"t":"idOrVar","v":"app"},"."]},{"$i":"perm-camera-selector-webRequest","$v":["Seleccionar unha cámara para ",{"t":"idOrVar","v":"site"},"."]},{"$i":"perm-cellbroadcast","$v":"Difusión móbil"},{"$i":"perm-contacts","$v":"Contactos"},{"$i":"perm-contacts-appRequest","$v":["O aplicativo ",{"t":"idOrVar","v":"app"}," quere acceder a súa lista de contactos."]},{"$i":"perm-contacts-webRequest","$v":[{"t":"idOrVar","v":"site"}," quere acceder a súa lista de contactos."]},{"$i":"perm-desktop-notification","$v":"Notificacións"},{"$i":"perm-desktop-notification-appRequest","$v":["O aplicativo ",{"t":"idOrVar","v":"app"}," quere amosar notificacións."]},{"$i":"perm-desktop-notification-webRequest","$v":[{"t":"idOrVar","v":"site"}," quere amosar notificacións."]},{"$i":"perm-device-storage-apps","$v":"Almacenamento de aplicativos"},{"$i":"perm-device-storage-music","$v":"Almacenamento de música"},{"$i":"perm-device-storage-music-appRequest","$v":["O aplicativo ",{"t":"idOrVar","v":"app"}," quere acceder a súa música."]},{"$i":"perm-device-storage-music-webRequest","$v":[{"t":"idOrVar","v":"site"}," quere acceder a súa música."]},{"$i":"perm-device-storage-pictures","$v":"Almacenamento de imaxes"},{"$i":"perm-device-storage-pictures-appRequest","$v":["O aplicativo",{"t":"idOrVar","v":"app"}," quere acceder as súas imaxes."]},{"$i":"perm-device-storage-pictures-webRequest","$v":[{"t":"idOrVar","v":"site"}," quere acceder as súas imaxes."]},{"$i":"perm-device-storage-sdcard","$v":"Almacenamento da tarxeta de memoria"},{"$i":"perm-device-storage-sdcard-appRequest","$v":["O aplicativo ",{"t":"idOrVar","v":"app"}," quere acceder a súa tarxeta de memoria."]},{"$i":"perm-device-storage-sdcard-webRequest","$v":[{"t":"idOrVar","v":"site"}," quere acceder a súa tarxeta de memoria."]},{"$i":"perm-device-storage-videos","$v":"Almacenamento de vídeos"},{"$i":"perm-device-storage-videos-appRequest","$v":["O aplicativo",{"t":"idOrVar","v":"app"}," quere acceder os seus vídeos."]},{"$i":"perm-device-storage-videos-webRequest","$v":[{"t":"idOrVar","v":"site"}," quere acceder os seus vídeos."]},{"$i":"perm-embed-apps","$v":"Incrustar aplicativos"},{"$i":"perm-fmradio","$v":"Radio FM"},{"$i":"perm-fmradio-appRequest","$v":["O aplicativo ",{"t":"idOrVar","v":"app"}," quere usar a radio FM."]},{"$i":"perm-fmradio-webRequest","$v":[{"t":"idOrVar","v":"site"}," quere usar a radio FM."]},{"$i":"perm-geolocation","$v":"Xeolocalización"},{"$i":"perm-geolocation-appRequest","$v":["O aplicativo ",{"t":"idOrVar","v":"app"}," quere coñecer a súa localización."]},{"$i":"perm-geolocation-more-info","$v":[{"t":"idOrVar","v":"brandShortName"}," usa os datos do GPS, Wi-Fi e de antenas de telefonía móbil que o rodean para determinar a súa localización aproximada. Os datos envíanse a Mozilla e a outros fornecedores de servizos e agrúpanse para mellorar a precisión das bases de datos de localización. Os datos almacénanse no seu dispositivo e poden recollerse incluso cando non se executa ningún aplicativo."]},{"$i":"perm-geolocation-webRequest","$v":[{"t":"idOrVar","v":"site"}," quere coñecer a súa localización."]},{"$i":"perm-idle","$v":"Ver estado inactivo"},{"$i":"perm-indexedDB-chrome-settings","$v":"IndexedDB privilexiado"},{"$i":"perm-indexedDB-unlimited","$v":"Almacenamento IndexedDB ilimitado"},{"$i":"perm-input-manage","$v":"Xestionar teclados"},{"$i":"perm-input","$v":"Comportase como un teclado"},{"$i":"perm-media-capture","$v":"Cámara e micrófono"},{"$i":"perm-media-capture-appRequest","$v":["Desexa compartir a cámara e o micrófono co aplicativo ",{"t":"idOrVar","v":"app"},"?"]},{"$i":"perm-media-capture-webRequest","$v":["Desexa compartir a cámara e o micrófono con ",{"t":"idOrVar","v":"site"},"?"]},{"$i":"perm-mobileconnection","$v":"Conexión móbil"},{"$i":"perm-mobileid","$v":"Identidade móbil"},{"$i":"perm-network-events","$v":"Eventos de rede"},{"$i":"perm-open-remote-window","$v":"Iniciar un aplicativo"},{"$i":"perm-permissions","$v":"Modificar os permisos dos aplicativos"},{"$i":"perm-power","$v":"Axustes de enerxía"},{"$i":"perm-settings","$v":"Modificar os axustes"},{"$i":"perm-systemXHR","$v":"Solicitudes Cross-Origin"},{"$i":"perm-telephony","$v":"Telefonía"},{"$i":"perm-video-capture","$v":"Cámara"},{"$i":"perm-video-capture-appRequest","$v":["Desexa compartir a cámara co aplicativo ",{"t":"idOrVar","v":"app"},"?"]},{"$i":"perm-video-capture-webRequest","$v":["Desexa compartir a cámara con ",{"t":"idOrVar","v":"site"},"?"]},{"$i":"perm-voicemail","$v":"Controlar mensaxes de voz"},{"$i":"perm-webapps-manage","$v":"Instalar aplicativos web"},{"$i":"perm-wifi-manage","$v":"Xestionar Wi-Fi"},{"$i":"perm-attention","$v":"Abrir xanelas superpostas"},{"$i":"perm-audio-channel-alarm","$v":"Reproducir sons de alarma"},{"$i":"perm-audio-channel-normal","$v":"Reproducir sons"},{"$i":"perm-audio-channel-publicnotification","$v":"Reproducir sons de notificación pública"},{"$i":"perm-audio-channel-telephony","$v":"Reproducir sons telefónicos"},{"$i":"perm-backgroundservice","$v":"Comportarse como un servizo en segundo plano"},{"$i":"perm-device-storage-crashes","$v":"Almacenamento de datos de erros"},{"$i":"perm-downloads","$v":"Acceso ás descargas"},{"$i":"perm-embed-widgets","$v":"Incrustar trebellos"},{"$i":"perm-feature-detection","$v":"Detección de funcionalidades"},{"$i":"perm-firefox-accounts","$v":"Contas Firefox"},{"$i":"perm-mobilenetwork","$v":"Rede móbil"},{"$i":"perm-moz-attention","$v":"Abrir xanelas superpostas (moz)"},{"$i":"perm-moz-audio-channel-ringer","$v":"Reproducir sons de tons (moz)"},{"$i":"perm-moz-audio-channel-telephony","$v":"Reproducir sons telefónicos (moz)"},{"$i":"perm-moz-firefox-accounts","$v":"Contas Firefox (moz)"},{"$i":"perm-networkstats-manage","$v":"Controlar estatísticas de consumo"},{"$i":"perm-nfc","$v":"NFC"},{"$i":"perm-nfc-hci-events","$v":"Eventos NFC HCI"},{"$i":"perm-nfc-manager","$v":"Xestionar NFC"},{"$i":"perm-phonenumberservice","$v":"Servizo número de teléfono"},{"$i":"perm-push","$v":"API Push"},{"$i":"perm-resourcestats-manage","$v":"Estatísticas do recurso"},{"$i":"perm-sms","$v":"Enviar e ler SMS"},{"$i":"perm-speaker-control","$v":"Controlar volume"},{"$i":"perm-storage","$v":"Acceso á memoria"},{"$i":"perm-tcp-socket","$v":"Sóckets TCP"},{"$i":"perm-test-permission","$v":"Permisos de proba"},{"$i":"perm-time","$v":"Estabelecer data e hora"},{"$i":"perm-udp-socket","$v":"Sóckets UDP"},{"$i":"perm-wappush","$v":"Push WAP"},{"$i":"tz-region","$v":"Rexión"},{"$i":"tz-city","$v":"Cidade"},{"$i":"tzRegion-Africa","$v":"África"},{"$i":"tzRegion-America","$v":"América"},{"$i":"tzRegion-Antarctica","$v":"Antártida"},{"$i":"tzRegion-Asia","$v":"Asia"},{"$i":"tzRegion-Atlantic","$v":"Océano Atlántico"},{"$i":"tzRegion-Australia","$v":"Australia"},{"$i":"tzRegion-Europe","$v":"Europa"},{"$i":"tzRegion-Indian","$v":"Océano Índico"},{"$i":"tzRegion-Pacific","$v":"Océano Pacífico"},{"$i":"ringtone-none","$v":"Ningún"},{"$i":"ringer_bubble","$v":"Bubble"},{"$i":"ringer_chimer","$v":"Chimer"},{"$i":"ringer_cunning","$v":"Cunning"},{"$i":"ringer_dulco","$v":"Dulco"},{"$i":"ringer_firefox2","$v":[{"t":"idOrVar","v":"ringtoneBrandName"}]},{"$i":"ringer_garden","$v":"Garden"},{"$i":"ringer_marbled","$v":"Marbled"},{"$i":"ringer_opti","$v":"Opti"},{"$i":"ringer_pecko","$v":"Pecko"},{"$i":"ringer_pingy","$v":"Pingy"},{"$i":"ringer_poppop","$v":"Pop Pop"},{"$i":"ringer_sata","$v":"Sata"},{"$i":"ringer_simple","$v":"Clean"},{"$i":"ringer_standard1","$v":"Classic"},{"$i":"ringer_standard2","$v":"Classic Fast"},{"$i":"ringer_stutter","$v":"Stutter"},{"$i":"ringer_symmetry","$v":"Symmetry"},{"$i":"ringer_tailwind","$v":"Tail Wind"},{"$i":"ringer_thoughtful","$v":"Thoughtful"},{"$i":"ringer_wit","$v":"Wit"},{"$i":"ringer_zen","$v":"Zen"},{"$i":"notifier_bells","$v":"Bells"},{"$i":"notifier_bloom","$v":"Bloom"},{"$i":"notifier_chime","$v":"Chime"},{"$i":"notifier_clicka","$v":"Clicka"},{"$i":"notifier_digi","$v":"Digi"},{"$i":"notifier_dropplet","$v":"Dropplet"},{"$i":"notifier_firefox2","$v":[{"t":"idOrVar","v":"ringtoneBrandName"}]},{"$i":"notifier_hello","$v":"Hello"},{"$i":"notifier_lowmarble","$v":"Low Marble"},{"$i":"notifier_ping","$v":"Ping"},{"$i":"notifier_plickle","$v":"Plickle"},{"$i":"notifier_pocko","$v":"Pocko"},{"$i":"notifier_quado","$v":"Quado"},{"$i":"notifier_red","$v":"Red"},{"$i":"notifier_sato","$v":"Sato"},{"$i":"notifier_swipo","$v":"Swipo"},{"$i":"notifier_trickleup","$v":"Trickle Up"},{"$i":"notifier_trink","$v":"Trink"},{"$i":"notifier_verse","$v":"Verse"},{"$i":"settings","$v":"Axustes"},{"$i":"advancedSettings","$v":"Axustes avanzados"},{"$i":"default","$v":"Predeterminado"},{"$i":"enabled","$v":"Activado"},{"$i":"enable","$v":"Activar"},{"$i":"disabled","$v":"Desactivado"},{"$i":"error","$v":"Erro"},{"$i":"ok","$v":"Aceptar"},{"$i":"yes","$v":"Si"},{"$i":"no","$v":"Non"},{"$i":"reset","$v":"Restabelecer"},{"$i":"cancel","$v":"Cancelar"},{"$i":"close","$v":"Pechar"},{"$i":"back","$v":"Atrás"},{"$i":"continue","$v":"Continuar"},{"$i":"skip","$v":"Skip"},{"$i":"pair","$v":"Asociar"},{"$i":"add","$v":"Engadir"},{"$i":"done","$v":"Feito"},{"$i":"set","$v":"Estabelecer"},{"$i":"notNow","$v":"Agora non"},{"$i":"turnOn","$v":"Activar"},{"$i":"selectASIMCard","$v":"Seleccionar unha tarxeta SIM"},{"$i":"sim1","$v":"SIM 1"},{"$i":"sim2","$v":"SIM 2"},{"$i":"unavailable","$v":"Non dispoñíbel"},{"$i":"confirmation","$v":"Confirmación"},{"$i":"simSettingsWithIndex","$v":["Axustes da SIM ",{"t":"idOrVar","v":"index"}]},{"$i":"networkAndConnectivity","$v":"Rede e conectividade"},{"$i":"airplaneMode","$v":"Modo avión"},{"$i":"geolocation","$v":"Xeolocalización"},{"$i":"wifi","$v":"Wi-Fi"},{"$i":"wifi-header","$v":[{"t":"idOrVar","v":"wifi"}]},{"$i":"wifi-disabled","$v":"Activar a Wi-Fi para ver as redes dispoñíbeis."},{"$i":"availableNetworks","$v":"Redes dispoñíbeis"},{"$i":"knownNetworks","$v":"Redes coñecidas"},{"$i":"hiddenNetworks","$v":"Redes agochadas"},{"$i":"scanning","$v":"Buscando…"},{"$i":"scanNetworks","$v":"Volver a buscar"},{"$i":"fullStatus-initializing","$v":"Inicializando…"},{"$i":"fullStatus-connecting","$v":["Conectando a ",{"t":"idOrVar","v":"ssid"},"…"]},{"$i":"fullStatus-associated","$v":"Obtendo un enderezo IP…"},{"$i":"fullStatus-connected","$v":["Conectado a ",{"t":"idOrVar","v":"ssid"}]},{"$i":"fullStatus-connectingfailed","$v":"Fallou a conexión"},{"$i":"fullStatus-disconnected","$v":"Desconectado"},{"$i":"shortStatus-connecting","$v":"Conectando…"},{"$i":"shortStatus-associated","$v":"Obtendo un enderezo IP…"},{"$i":"shortStatus-connected","$v":"Conectado"},{"$i":"shortStatus-connectingfailed","$v":"Fallou a conexión"},{"$i":"shortStatus-disconnected","$v":"Desconectado"},{"$i":"wifi-sleep","$v":"Wi-Fi Sleep"},{"$i":"wifi-sleep-description","$v":"Enable to automatically turn off Wi-Fi during sleep to save battery power.  "},{"$i":"manageNetworks","$v":"Xestionar redes"},{"$i":"wifi-bad-credentials-title","$v":"Fallou a conexión á Wi-Fi"},{"$i":"wifi-bad-credentials-confirm","$v":["Imposíbel conectarse a ",{"t":"idOrVar","v":"ssid"},", a autenticación fallou debido a credencias incorrectas. Volva a escribir o contrasinal da rede."]},{"$i":"manageNetworks-header","$v":[{"t":"idOrVar","v":"manageNetworks"}]},{"$i":"manageCertificates","$v":"Xestionar certificados"},{"$i":"manageCert","$v":"Xestionar cert."},{"$i":"joinHiddenNetwork","$v":"Unirse a unha rede agochada"},{"$i":"securedBy","$v":["Protexida por ",{"t":"idOrVar","v":"capabilities"}]},{"$i":"security","$v":"Seguranza"},{"$i":"securityNone","$v":"Ningunha"},{"$i":"securityOpen","$v":"Aberta"},{"$i":"notInRange","$v":"Fóra de rango"},{"$i":"ipAddress","$v":"Enderezo IP"},{"$i":"linkSpeed","$v":"Velocidade"},{"$i":"linkSpeedMbs","$v":[{"t":"idOrVar","v":"linkSpeed"}," Mbit/s"]},{"$i":"signalStrength","$v":"Intensidade do sinal"},{"$i":"signalLevel0","$v":"Moi débil"},{"$i":"signalLevel1","$v":"Débil"},{"$i":"signalLevel2","$v":"Media"},{"$i":"signalLevel3","$v":"Boa"},{"$i":"signalLevel4","$v":"Moi boa"},{"$i":"forget","$v":"Esquecer"},{"$i":"forgetNetwork-dialog","$v":"Esquecer rede?"},{"$i":"forgetNetwork-confirmation","$v":"Confirmación"},{"$i":"authentication","$v":"Autenticación"},{"$i":"authentication-header","$v":[{"t":"idOrVar","v":"authentication"}]},{"$i":"eap","$v":"Método EAP"},{"$i":"auth-phase2","$v":"Autenticación de fase 2"},{"$i":"server-certificate","$v":"Certificado do servidor"},{"$i":"import-certificate-msg","$v":"Aviso: Se precisa importar novos certificados, vaia a \"Xestionar certificados\"."},{"$i":"identity","$v":"Identificador"},{"$i":"password","$v":"Contrasinal"},{"$i":"showPassword","$v":"Amosar contrasinal"},{"$i":"networkNotification","$v":"Aviso de rede"},{"$i":"networkNotification-expl","$v":"Avisarme cando unha rede aberta está dispoñíbel"},{"$i":"macAddress","$v":"Enderezo MAC"},{"$i":"deviceInfo_software","$v":[{"t":"idOrVar","v":"brandShortName"}," ",{"t":"idOrVar","v":"os"}]},{"$i":"macUnavailable","$v":"Non dispoñíbel"},{"$i":"noNetworksFound","$v":"Non se atoparon redes"},{"$i":"noKnownNetworks","$v":"Ningunha rede coñecida"},{"$i":"edit","$v":"Editar"},{"$i":"certificateList","$v":"Lista de certificados"},{"$i":"noCertificate","$v":"Ningún certificado importado"},{"$i":"deleteCertificate","$v":"Eliminar certificado"},{"$i":"importCertificate","$v":"Importar certificado"},{"$i":"selectCertificateFile","$v":"Seleccionar ficheiro de certificado"},{"$i":"enterCertificateNickname","$v":"Escriba o alcume do certificado"},{"$i":"nickname","$v":"Alcume"},{"$i":"enter-certificate-name-msg","$v":"Pode cambiar o alcume ou conservar o nome predeterminado."},{"$i":"certificate-deletion-failed","$v":"Fallou a eliminación do certificado"},{"$i":"certificate-deletion-failed-description","$v":"A causa pode ser un problema de almacenamento, por exemplo."},{"$i":"certificate-import-failed","$v":"Fallou a importación do certificado"},{"$i":"certificate-import-failed-description","$v":"A causa pode ser que o ficheiro do certificado está danado, por exemplo."},{"$i":"wpsMessage","$v":"Conectar con WPS"},{"$i":"wpsMessage-header","$v":"Conexión WPS"},{"$i":"fullStatus-wps-inprogress","$v":"WPS está en progreso…"},{"$i":"fullStatus-wps-canceled","$v":"Cancelouse WPS"},{"$i":"fullStatus-wps-timedout","$v":"Tempo de espera da conexión WPS esgotado"},{"$i":"fullStatus-wps-failed-error","$v":["Fallou a conexión WPS [",{"t":"idOrVar","v":"error"},"]"]},{"$i":"fullStatus-wps-overlapped","$v":"Atopouse outro punto de acceso WPS PBC"},{"$i":"wpsDescription2","$v":"Configuración Wi-Fi automática"},{"$i":"wpsMethodSelection","$v":"Seleccionar un método WPS:"},{"$i":"wpsPbcLabel","$v":"Con botón"},{"$i":"wpsMyPinLabel","$v":"Co meu PIN"},{"$i":"wpsApPinLabel","$v":"Co PIN do punto de acceso"},{"$i":"wpsPinDescription","$v":"O PIN é de 4 ou 8 díxitos"},{"$i":"wpsPinInput","$v":["Insira o código ",{"t":"idOrVar","v":"pin"}," no outro dispositivo"]},{"$i":"wpsPinAps","$v":"Seleccionar o outro dispositivo"},{"$i":"wpsAnyAp","$v":"Calquera"},{"$i":"wpsCancelMessage","$v":"Cancelar WPS"},{"$i":"wpsCancelFailedMessageError","$v":["Fallou ao cancelar WPS [",{"t":"idOrVar","v":"error"},"]"]},{"$i":"callSettings","$v":"Axustes das chamadas"},{"$i":"callSettings-header","$v":[{"t":"idOrVar","v":"callSettings"}]},{"$i":"callSettingsQuery","$v":"Solicitando información da rede…"},{"$i":"callSettingsQueryError","$v":"Erro na consulta"},{"$i":"voiceMail","$v":"Mensaxes de voz"},{"$i":"voiceMail-header","$v":[{"t":"idOrVar","v":"voiceMail"}]},{"$i":"voiceMail-number","$v":"Número do correo de voz"},{"$i":"voiceMail-number-notSet","$v":"Sen estabelecer"},{"$i":"voicePrivacyMode","$v":"Modo privado de voz"},{"$i":"callWaiting","$v":"Chama en espera"},{"$i":"confirmCallWaitingTitle","$v":"Imposíbel confirmar as preferencias da chamada en espera"},{"$i":"confirmCallWaitingDesc","$v":"Neste momento o dispositivo non é capaz de comunicarse coa operadora. Trate de axustar a preferencia de novo."},{"$i":"callForwarding","$v":"Desvío chamadas"},{"$i":"callForwarding-header","$v":[{"t":"idOrVar","v":"callForwarding"}]},{"$i":"callForwardingForward","$v":"Desviar"},{"$i":"callForwardingUnconditional","$v":"Desviar sempre"},{"$i":"callForwardingUnconditionalShort","$v":"Sempre"},{"$i":"callForwardingMobileBusy","$v":"Desviar se comunica"},{"$i":"callForwardingMobileBusyShort","$v":"Se comunica"},{"$i":"callForwardingNoReply","$v":"Desviar se non contesto"},{"$i":"callForwardingNoReplyShort","$v":"Se non contesto"},{"$i":"callForwardingNotReachable","$v":"Desviar se non operativo"},{"$i":"callForwardingNotReachableShort","$v":"Se non operativo"},{"$i":"callForwardingForwardingVoiceToNumber","$v":["Chamadas de voz a ",{"t":"idOrVar","v":"number"}]},{"$i":"callForwardingNotForwarding","$v":"Desactivado"},{"$i":"callForwardingConfirmTitle","$v":"Mensaxe de confirmación do desvío de chamadas"},{"$i":"cf-alwaysUseThisNumber","$v":"Usar sempre este número"},{"$i":"cf-numberWhenUnreachable","$v":"Número se non operativo"},{"$i":"cf-numberWhenUnanswered","$v":"Número se non contesto"},{"$i":"cf-numberWhenBusy","$v":"Número se comunica"},{"$i":"callForwardingInvalidNumberError","$v":"Este número de teléfono é incorrecto."},{"$i":"callForwardingSetSuccess","$v":"A operación realizouse correctamente."},{"$i":"callForwardingSetForbidden","$v":"A súa operadora non admite esa operación."},{"$i":"callForwardingSetError","$v":"Erro dos axustes de chamada."},{"$i":"callerId","$v":"Presentación do número"},{"$i":"callBarring","$v":"Call Barring"},{"$i":"callBarring-header","$v":[{"t":"idOrVar","v":"callBarring"}]},{"$i":"callBarring-outgoing","$v":"Outgoing calls"},{"$i":"callBarring-baoc","$v":"All"},{"$i":"callBarring-boic","$v":"International"},{"$i":"callBarring-boicExhc","$v":"International except Home Country"},{"$i":"callBarring-incoming","$v":"Incoming calls"},{"$i":"callBarring-baic","$v":"All"},{"$i":"callBarring-baicR","$v":"All while roaming"},{"$i":"callBarring-passcode","$v":"Passcode"},{"$i":"callBarring-change-passcode","$v":"Change passcode"},{"$i":"callBarring-passcode-enter","$v":"Enter passcode"},{"$i":"callBarring-passcode-unknown","$v":"In case you don't know your passcode, please contact your carrier"},{"$i":"callBarring-current-passcode","$v":"Current passcode"},{"$i":"callBarring-new-passcode","$v":"New passcode"},{"$i":"callBarring-create-passcode","$v":"Create a Passcode"},{"$i":"callBarring-confirm-passcode","$v":"Confirm passcode"},{"$i":"callBarring-passcode-error-generic","$v":"Passcode error."},{"$i":"callBarring-passcode-error-incorrect","$v":"Passcode is incorrect."},{"$i":"callBarring-passcode-error-mismatch","$v":"Passcode doesn’t match."},{"$i":"callBarring-update-item-error","$v":["Error while updating the item: ",{"t":"idOrVar","v":"error"},"."]},{"$i":"callBarring-change-passcode-success","$v":"Passcode changed."},{"$i":"callerId-default","$v":"Predeterminado pola rede"},{"$i":"callerId-hide","$v":"Agochar número"},{"$i":"callerId-show","$v":"Amosar número"},{"$i":"fdn","$v":"Numeración fixa (FDN)"},{"$i":"fdnSettings","$v":"Numeración fixa (FDN)"},{"$i":"fdnSettings-header","$v":[{"t":"idOrVar","v":"fdnSettings"}]},{"$i":"fdn-authorizedNumbers","$v":"Números autorizados"},{"$i":"fdn-authorizedNumbers-header","$v":[{"t":"idOrVar","v":"fdn-authorizedNumbers"}]},{"$i":"fdn-authorizedNumbers-desc","$v":"Números aos que se pode chamar"},{"$i":"fdn-explanation1","$v":"Restrinxe os números que poden marcarse dende este teléfono."},{"$i":"fdn-explanation2","$v":"(Sempre se poderá chamar aos números de emerxencia)"},{"$i":"fdnEnable","$v":"Activar FDN"},{"$i":"fdnDisable","$v":"Desactivar FDN"},{"$i":"fdnReset","$v":"Restabelecer PIN2"},{"$i":"fdnAttemptMsg3","$v":{"one":"Só lle queda un intento para escribir o código correcto antes de bloquear a tarxeta SIM.","two":["Quédanlle ",{"t":"idOrVar","v":"n"}," intentos para escribir o código correcto antes de bloquear a tarxeta SIM."],"few":["Quédanlle ",{"t":"idOrVar","v":"n"}," intentos para escribir o código correcto antes de bloquear a tarxeta SIM."],"many":["Quédanlle ",{"t":"idOrVar","v":"n"}," intentos para escribir o código correcto antes de bloquear a tarxeta SIM."],"other":["Quédanlle ",{"t":"idOrVar","v":"n"}," intentos para escribir o código correcto antes de bloquear a tarxeta SIM."]},"$x":[{"t":"idOrVar","v":"plural"},"n"]},{"$i":"fdnLastChanceMsg","$v":"Esta é a súa última oportunidade para escribir o PIN2 correcto. Se non o fai, debe escribir o código PUK2 para usar esta tarxeta SIM."},{"$i":"fdnErrorMsg","$v":"O código PIN2 é incorrecto."},{"$i":"fdn-enabled-warning","$v":"O desvío de chamadas está desactivado por FDN."},{"$i":"fdnContact-name","$v":"nome"},{"$i":"fdnContact-number","$v":"número"},{"$i":"fdnContact-submit","$v":"enviar"},{"$i":"fdnAction-add","$v":"Engadir conta"},{"$i":"fdnAction-call","$v":"Chamar"},{"$i":"fdnAction-edit","$v":"Editar contacto"},{"$i":"fdnAction-edit-header","$v":"Editar contacto"},{"$i":"fdnAction-delete","$v":"Eliminar contacto"},{"$i":"fdnNoFDNFreeRecord","$v":"Alcanzouse o límite de números para a numeración fixa (FDN). Non é posíbel engadir máis números."},{"$i":"messagingSettings","$v":"Axustes de mensaxes"},{"$i":"messagingSettings-header","$v":[{"t":"idOrVar","v":"messagingSettings"}]},{"$i":"message-confirmation","$v":"Confirmación de mensaxes"},{"$i":"message-delivery-reports","$v":"Notificar recepción"},{"$i":"message-delivery-reports-details","$v":"Solicitar notificación de recepción para cada mensaxe enviada"},{"$i":"message-read-reports","$v":"Notificar lectura"},{"$i":"message-read-reports-details","$v":"Solicitar notificación de lectura para cada mensaxe enviada"},{"$i":"mmsTitle","$v":"Mensaxería multimedia (MMS)"},{"$i":"auto-retrieve","$v":"Recuperación automática"},{"$i":"auto-retrieve-details","$v":"Recuperar mensaxes automaticamente"},{"$i":"manual-retrieve","$v":"Desactivada"},{"$i":"auto-roaming-retrieve","$v":"Activada con itinerancia"},{"$i":"auto-no-roaming-retrieve","$v":"Activada sen itinerancia"},{"$i":"autoConfigure","$v":"Configuración automática"},{"$i":"wapPushMessages","$v":"Mensaxes Push WAP"},{"$i":"wapPush","$v":"Push WAP"},{"$i":"cellBroadcastMessages","$v":"Mensaxes de difusión móbil"},{"$i":"cellBroadcast","$v":"Difusión móbil"},{"$i":"emergencyAlert","$v":"Alerta de emerxencia"},{"$i":"messagingInformation","$v":"Información"},{"$i":"messaging-SMSC","$v":"Centro de servizo"},{"$i":"messaging-sim-settings","$v":["Axustes da SIM ",{"t":"idOrVar","v":"index"}]},{"$i":"unknown-SMSC","$v":"Información non dispoñíbel"},{"$i":"cellularAndData","$v":"Telefonía e datos"},{"$i":"cellularAndData-header","$v":[{"t":"idOrVar","v":"cellularAndData"}]},{"$i":"dataNetwork","$v":"Operadora"},{"$i":"dataConnectivity","$v":"Datos"},{"$i":"dataConnection","$v":"Conexión de datos"},{"$i":"dataRoaming","$v":"Itinerancia de datos"},{"$i":"networkOperator","$v":"Operadora de rede"},{"$i":"networkOperator-header","$v":[{"t":"idOrVar","v":"networkOperator"}]},{"$i":"availableOperators","$v":"Operadoras de rede na área"},{"$i":"preferredNetworkTypeAlertTitle","$v":"Tipo de rede preferida"},{"$i":"preferredNetworkTypeAlertErrorMessage","$v":"Non foi posíbel estabelecer o tipo de rede"},{"$i":"operator-networkType","$v":"Tipo de rede"},{"$i":"operator-networkType-auto","$v":"Automático"},{"$i":"operator-networkType-prefer3G","$v":"3G preferido"},{"$i":"operator-networkType-2G","$v":"Só 2G"},{"$i":"operator-networkType-3G","$v":"Só 3G"},{"$i":"operator-networkType-GSM","$v":"GSM"},{"$i":"operator-networkType-WCDMA","$v":"WCDMA"},{"$i":"operator-networkType-CDMA","$v":"CDMA"},{"$i":"operator-networkType-EVDO","$v":"EVDO"},{"$i":"operator-networkType-LTE","$v":"LTE"},{"$i":"operator-networkType-preferWCDMA","$v":"Preferíbel WCDMA"},{"$i":"operator-networkType-auto-2G-3G","$v":"Automático (2G/3G)"},{"$i":"operator-networkType-auto-CDMA-EVDO","$v":"Automático (CDMA/EVDO)"},{"$i":"operator-networkType-auto-WCDMA-GSM","$v":"Automático (WCDMA/GSM)"},{"$i":"operator-networkType-auto-LTE-WCDMA-GSM","$v":"Automático (LTE/WCDMA/GSM)"},{"$i":"operator-networkType-auto-LTE-CDMA-EVDO","$v":"Automático (LTE/CDMA/EVDO)"},{"$i":"operator-networkType-auto-WCDMA-GSM-CDMA-EVDO","$v":"Automático (WCDMA/GSM/CDMA/EVDO)"},{"$i":"operator-autoSelect","$v":"Selección automática"},{"$i":"operator-networkSelect-auto","$v":"Automática"},{"$i":"operator-networkSelect-manual","$v":"Manual"},{"$i":"operator-turnAutoSelectOff","$v":"Desactive a selección automática para ver as operadoras de rede dispoñíbeis."},{"$i":"operator-status-connecting","$v":"Conectando…"},{"$i":"operator-status-connectingfailed","$v":"Fallou a conexión"},{"$i":"operator-status-connected","$v":"Conectado"},{"$i":"operator-roamingPreference","$v":"Preferencia de itinerancia"},{"$i":"operator-roamingPreference-home","$v":"Casa"},{"$i":"operator-roamingPreference-any","$v":"Calquera"},{"$i":"operator-roamingPreference-affiliated","$v":"Afiliados"},{"$i":"apn","$v":"APN"},{"$i":"apnSettings","$v":"Axustes APN"},{"$i":"apnSettings-header","$v":[{"t":"idOrVar","v":"apnSettings"}]},{"$i":"dataSettings","$v":"Axustes de datos"},{"$i":"dataSettings-header","$v":[{"t":"idOrVar","v":"dataSettings"}]},{"$i":"suplSettings","$v":"Axustes A-GPS"},{"$i":"suplSettings-header","$v":"A-GPS"},{"$i":"messageSettings","$v":"Axustes de mensaxes"},{"$i":"messageSettings-header","$v":"Mensaxes"},{"$i":"dunSettings","$v":"Axustes Tethering"},{"$i":"dunSettings-header","$v":"Tethering"},{"$i":"imsSettings","$v":"Axustes IMS"},{"$i":"imsSettings-header2","$v":[{"t":"idOrVar","v":"imsSettings"}]},{"$i":"apn-editor-header","$v":"Editor APN"},{"$i":"mmsport","$v":"Porto MMS"},{"$i":"mmsproxy","$v":"Proxy MMS"},{"$i":"mmsc","$v":"MMSC"},{"$i":"httpProxyHost","$v":"Servidor proxy HTTP"},{"$i":"httpProxyPort","$v":"Porto proxy HTTP"},{"$i":"custom","$v":"(personalizado)"},{"$i":"apn-authType","$v":"Autenticación"},{"$i":"apn-authType-notDefined","$v":"Sen definir"},{"$i":"apn-authType-none","$v":"Ningún"},{"$i":"apn-authType-pap","$v":"PAP"},{"$i":"apn-authType-chap","$v":"CHAP"},{"$i":"apn-authType-papOrChap","$v":"PAP ou CHAP"},{"$i":"apn-protocol","$v":"Protocolo"},{"$i":"apn-roaming-protocol","$v":"Protocolo de itinerancia"},{"$i":"apn-protocol-notDefined","$v":"Sen definir"},{"$i":"apn-protocol-ip","$v":"IPv4"},{"$i":"apn-protocol-ipv6","$v":"IPv6"},{"$i":"apn-protocol-ipv4v6","$v":"IPv4/IPv6"},{"$i":"apn-type","$v":"Tipo de APN"},{"$i":"dataConnection-warning-head","$v":"Activar a conexión de datos?"},{"$i":"dataConnection-warning-message","$v":"Os aplicativos usaran automaticamente a conexión de datos cando sexa necesario. Pode supor cargos adicionais. "},{"$i":"dataRoaming-warning-head","$v":"Activar a itinerancia de datos?"},{"$i":"dataRoaming-warning-message","$v":"Dependendo do contrato coa súa operadora, poden aplicarse cargos adicionais cando estea nunha área de itinerancia."},{"$i":"change-apn-warning-message1","$v":"Depending on your service agreement, changing your APN setting may result in extra charges when roaming. Do you want to proceed?"},{"$i":"reset-apn-warning-title","$v":"Restabelecer os predeterminados"},{"$i":"reset-apn-warning-message","$v":"Isto restabelece os axustes aos valores predeterminados. Non é posíbel desfacer esta acción."},{"$i":"state-unknown","$v":"Estado descoñecido"},{"$i":"state-available","$v":"Dispoñíbel"},{"$i":"state-connected","$v":"Conectado"},{"$i":"state-current","$v":"Conectado"},{"$i":"state-forbidden","$v":"Prohibido"},{"$i":"delete-apn-confirm","$v":"Quere eliminar este APN?"},{"$i":"delete-apn","$v":"Eliminar"},{"$i":"add-apn","$v":"Engadir un novo APN"},{"$i":"reset-apn","$v":"Restabelecer os predeterminados"},{"$i":"apnSettings-reset","$v":"Restabelecer APN"},{"$i":"bluetooth","$v":"Bluetooth"},{"$i":"bluetooth-header","$v":[{"t":"idOrVar","v":"bluetooth"}]},{"$i":"bluetooth-enable-msg","$v":"Active o Bluetooth para ver os dispositivos dispoñíbeis."},{"$i":"bluetooth-paired-devices","$v":"Dispositivos asociados"},{"$i":"bluetooth-devices-in-area","$v":"Dispositivos na área"},{"$i":"bluetooth-visible-to-all","$v":"Visíbel para todos"},{"$i":"bluetooth-name-maxlength-alert","$v":["O nome do seu dispositivo ten máis de ",{"t":"idOrVar","v":"length"}," caracteres. Tente de novo."]},{"$i":"bluetooth-address","$v":"Enderezo Bluetooth"},{"$i":"bluetooth-address-unavailable","$v":"Non dispoñíbel"},{"$i":"bt-status-nopaired","$v":"Ningún dispositivo asociado"},{"$i":"bt-status-turnoff","$v":"Desactivado"},{"$i":"bt-status-paired","$v":{"zero":[{"t":"idOrVar","v":"name"}],"one":[{"t":"idOrVar","v":"name"},", +",{"t":"idOrVar","v":"n"}," máis"],"two":[{"t":"idOrVar","v":"name"},", +",{"t":"idOrVar","v":"n"}," máis"],"few":[{"t":"idOrVar","v":"name"},", +",{"t":"idOrVar","v":"n"}," máis"],"many":[{"t":"idOrVar","v":"name"},", +",{"t":"idOrVar","v":"n"}," máis"],"other":[{"t":"idOrVar","v":"name"},", +",{"t":"idOrVar","v":"n"}," máis"]},"$x":[{"t":"idOrVar","v":"plural"},"n"]},{"$i":"device-status-tap-connect","$v":"Toque para conectar"},{"$i":"device-status-pairing","$v":"Asociando dispositivo…"},{"$i":"device-status-waiting","$v":"Agardando polo outro dispositivo…"},{"$i":"device-status-paired","$v":"Asociados"},{"$i":"device-status-connecting","$v":"Conectando…"},{"$i":"device-status-connected","$v":"Conectado"},{"$i":"device-status-connected-media","$v":"Conectado ao son multimedia"},{"$i":"device-option-unpair","$v":"Desasociar"},{"$i":"device-option-confirm","$v":"Confirmar"},{"$i":"device-option-unpair-confirmation","$v":"Confirmación"},{"$i":"device-option-unpair-device","$v":"Desasociar dispositivo?"},{"$i":"device-option-connect","$v":"Conectar"},{"$i":"device-option-disconnect","$v":"Desconectar"},{"$i":"search-for-device","$v":"Buscando dispositivos…"},{"$i":"search-device","$v":"Buscar dispositivos"},{"$i":"rename-device","$v":"Cambiar nome do dispositivo"},{"$i":"unnamed-device","$v":"Dispositivo descoñecido"},{"$i":"change-phone-name-desc","$v":"Cambiar o nome do dispositivo tal como aparece no seu computador"},{"$i":"bluetooth-new-name","$v":"Novo nome"},{"$i":"error-pair-title","$v":"Imposíbel asociar os dispositivos"},{"$i":"error-pair-pincode","$v":"Foi imposíbel asociar o dispositivo. Comprobe que o PIN é correcto."},{"$i":"error-pair-toofast","$v":"Foi imposíbel asociar o dispositivo. Demasiadas solicitudes."},{"$i":"error-connect-title","$v":"Foi imposíbel conectar os dispositivos"},{"$i":"error-connect-msg","$v":"Comprobe que o dispositivo ao que tenta conectarse aínda está na súa área e ten o Bluetooth activado."},{"$i":"unpair-title","$v":"Desasociar un dispositivo conectado?"},{"$i":"unpair-msg","$v":"Neste momento está conectado a este dispositivo. Ao desasociarse tamén se desconectará del."},{"$i":"nfc","$v":"NFC"},{"$i":"SSIDCannotBeEmpty","$v":"O SSID non pode estar baleiro"},{"$i":"internetSharing","$v":"Compartir Internet"},{"$i":"internetSharing-header","$v":[{"t":"idOrVar","v":"internetSharing"}]},{"$i":"internetSharing-usb","$v":"USB"},{"$i":"internetSharing-wifi","$v":"Wi-Fi"},{"$i":"wifi-hotspot","$v":"Punto de acceso sen fíos"},{"$i":"wifi-name","$v":"Nome"},{"$i":"wifi-password","$v":"Contrasinal"},{"$i":"wifi-security","$v":"Seguranza"},{"$i":"usb-tethering","$v":"Tethering USB"},{"$i":"hotspotSettings","$v":"Axustes do punto de acceso"},{"$i":"wifi-auth-username","$v":"Nome de usuario"},{"$i":"wifi-auth-password","$v":"Contrasinal"},{"$i":"wifi-join-username","$v":"Nome de usuario"},{"$i":"wifi-join-password","$v":"Contrasinal"},{"$i":"hotspotSettings-header","$v":"Axustes AP"},{"$i":"ssid-name","$v":"SSID da rede"},{"$i":"hotspot-open","$v":"aberta"},{"$i":"hotspot-wpa-psk","innerHTML":"WPA (TKIP)"},{"$i":"hotspot-wpa2-psk","innerHTML":"WPA2 (AES)"},{"$i":"hotspot-password-desc","$v":"O contrasinal debe ter como mínimo 8 caracteres."},{"$i":"personalization","$v":"Personalización"},{"$i":"sound","$v":"Son"},{"$i":"sound-header","$v":[{"t":"idOrVar","v":"sound"}]},{"$i":"volume","$v":"Volume"},{"$i":"tones","$v":"Tons"},{"$i":"touch-tones","$v":"Ton das teclas"},{"$i":"touch-tone-short","$v":"Curto"},{"$i":"touch-tone-long","$v":"Longo"},{"$i":"select-tone","$v":"Seleccionar un ton"},{"$i":"ringtones","$v":"Tons de chamada"},{"$i":"alerts","$v":"Alertas"},{"$i":"manage-tones","$v":"Xestionar tons"},{"$i":"other-sounds","$v":"Outros sons"},{"$i":"unlock-screen","$v":"Desbloquear pantalla"},{"$i":"camera","$v":"Cámara"},{"$i":"sent-message","$v":"Mensaxe enviada"},{"$i":"alarm-sound","$v":"Alarma"},{"$i":"ringtone-and-notification-sound","$v":"Tons e notificacións"},{"$i":"media-sound","$v":"Media"},{"$i":"saving-tone","$v":"Gardando…"},{"$i":"no-ringtone-app","$v":"Non se atopou o aplicativo para xestionar os tons de chamada!"},{"$i":"display","$v":"Pantalla"},{"$i":"display-header","$v":[{"t":"idOrVar","v":"display"}]},{"$i":"brightness","$v":"Brillo"},{"$i":"brightness-autoAdjust","$v":"Axustar automaticamente"},{"$i":"lockScreen","$v":"Bloquear pantalla"},{"$i":"wallpaper","$v":"Fondo de pantalla"},{"$i":"screen-timeout","$v":"Bloquear pantalla despois de"},{"$i":"one-minute","$v":"1 minuto"},{"$i":"two-minutes","$v":"2 minutos"},{"$i":"five-minutes","$v":"5 minutos"},{"$i":"ten-minutes","$v":"10 minutos"},{"$i":"never","$v":"nunca"},{"$i":"lock-orientation","$v":"Bloquear orientación"},{"$i":"navigation","$v":"Navegación"},{"$i":"navigation-header","$v":[{"t":"idOrVar","v":"navigation"}]},{"$i":"edge-swipe-navigation","$v":"Navegación lateral"},{"$i":"edge-swipe-navigation-enable-msg","$v":"Arrastre dende o borde esquerdo ou dereito da pantalla ata o centro para cambiar entre aplicativos."},{"$i":"notifications","$v":"Notificacións"},{"$i":"notifications-header","$v":[{"t":"idOrVar","v":"notifications"}]},{"$i":"lockscreen-notifications","$v":"Na pantalla de bloqueo"},{"$i":"notifications-resend","$v":"Amosar despois de reiniciar"},{"$i":"dateAndTime","$v":"Data e hora"},{"$i":"dateAndTime-header","$v":[{"t":"idOrVar","v":"dateAndTime"}]},{"$i":"setTimeAutomatically","$v":"Axuste automático"},{"$i":"setTimeManually","$v":"Definir manualmente"},{"$i":"timezoneMessage","$v":"Fuso horario"},{"$i":"dateMessage","$v":"Data"},{"$i":"timeMessage","$v":"Hora"},{"$i":"selectTimezoneContinent","$v":"Seleccionar continente"},{"$i":"selectTimezone","$v":"Seleccionar fuso horario"},{"$i":"time-format","$v":"Formatar"},{"$i":"time-format-time","$v":"Formato da hora"},{"$i":"hour-12","$v":"12 horas"},{"$i":"hour-24","$v":"24 horas"},{"$i":"languageAndRegion","$v":"Idioma e rexión"},{"$i":"language","$v":"Idioma"},{"$i":"language-header","$v":[{"t":"idOrVar","v":"language"}]},{"$i":"region","$v":"Rexión"},{"$i":"more-languages","$v":"Get More Languages"},{"$i":"sample-format","$v":"Formato de exemplo"},{"$i":"longDateFormat","$v":"%A, %d de %B, %Y"},{"$i":"simManager","$v":"Xestor SIM"},{"$i":"simManager-header","$v":[{"t":"idOrVar","v":"simManager"}]},{"$i":"simSettings","$v":"Axustes SIM"},{"$i":"sim-manager-outgoing-calls","$v":"Chamadas saíntes"},{"$i":"sim-manager-outgoing-call-desc","$v":"As chamadas realizáranse dende"},{"$i":"sim-manager-outgoing-messages","$v":"Mensaxes saíntes"},{"$i":"sim-manager-outgoing-messages-desc","$v":"Os SMS enviáranse dende"},{"$i":"sim-manager-outgoing-data","$v":"Datos"},{"$i":"sim-manager-outgoing-data-description","$v":"Rede do servizo de datos e pagos do Marketplace"},{"$i":"sim-manager-always-ask","$v":"Preguntar sempre"},{"$i":"sim-pin-locked","$v":"PIN da SIM bloqueado"},{"$i":"no-operator","$v":"Sen operadora"},{"$i":"cant-disable-simcard-alert","$v":"Debería ter polo menos unha tarxeta SIM activa"},{"$i":"disable-simcard-confirm","$v":["A tarxeta SIM ",{"t":"idOrVar","v":"disableCardIndex"}," non é posíbel que reciba chamadas nin mensaxes. Desactiváranse as chamadas e as mensaxes saíntes que estean configurados para a tarxeta SIM ",{"t":"idOrVar","v":"disableCardIndex"},"."]},{"$i":"change-outgoing-data-confirm","$v":"Suspenderase a transferencia de datos actual. Continuar de todos os xeitos?"},{"$i":"homescreen","$v":"Pantalla inicial"},{"$i":"vertical-homescreen-header","$v":"Pantalla inicial"},{"$i":"vertical-homescreen-layout","$v":"Deseño"},{"$i":"vertical-homescreen-icon-layout","$v":"Disposición das iconas"},{"$i":"vertical-homescreen-three-columns","$v":"Tres columnas"},{"$i":"vertical-homescreen-four-columns","$v":"Catro columnas"},{"$i":"notice","$v":"Aviso"},{"$i":"search","$v":"Buscar"},{"$i":"search-header","$v":"Buscar"},{"$i":"search-engine","$v":"Buscador"},{"$i":"search-suggestions","$v":"Suxestións de busca"},{"$i":"search-suggestions-description","$v":"Os caracteres que escribiu durante a busca envíanse aos diferentes fornecedores e empréganse para amosar suxestións. Esta funcionalidade pode supor cargos adicionais para a conexión de datos."},{"$i":"homescreens","$v":"Pantallas iniciais"},{"$i":"homescreens-header","$v":[{"t":"idOrVar","v":"homescreens"}]},{"$i":"changeHomescreen","$v":"Cambiar pantalla inicial"},{"$i":"changeHomescreenButton","$v":"Cambiar"},{"$i":"description","$v":"Descrición"},{"$i":"keyboardSettings","$v":"Axustes do teclado"},{"$i":"selectedKeyboards","$v":"Teclados seleccionados"},{"$i":"keyboards","$v":"Teclados"},{"$i":"keyboards-header","$v":[{"t":"idOrVar","v":"keyboards"}]},{"$i":"numberKeyboardLayouts","$v":"Disposicións de números"},{"$i":"optionKeyboardLayouts","$v":"Disposicións de opcións"},{"$i":"keypad","$v":"Teclado numérico"},{"$i":"dialpad","$v":"Teclado"},{"$i":"selectKeyboards","$v":"Seleccionar teclados"},{"$i":"selectKeyboards-header","$v":[{"t":"idOrVar","v":"selectKeyboards"}]},{"$i":"mustHaveOneKeyboard","$v":["Debería ter polo menos un teclado ",{"t":"idOrVar","v":"type"}," seleccionado"]},{"$i":"keyboardType-text","$v":"texto"},{"$i":"keyboardType-url","$v":"URL"},{"$i":"keyboardType-number","$v":"número"},{"$i":"defaultKeyboardEnabled","$v":[{"t":"idOrVar","v":"appName"},": ",{"t":"idOrVar","v":"layoutName"}," está configurado como método de entrada predeterminado"]},{"$i":"themes","$v":"Temas"},{"$i":"themes-header","$v":[{"t":"idOrVar","v":"themes"}]},{"$i":"fxa","$v":"Contas Firefox"},{"$i":"accounts","$v":"Xestión de contas"},{"$i":"fxa-accounts","$v":"Contas Firefox"},{"$i":"fxa-accounts-header","$v":[{"t":"idOrVar","v":"fxa-accounts"}]},{"$i":"fxa-overview","$v":"A súa conta Firefox permítelle usar funcionalidades como Atopa dispositivo e aplicativos como Firefox Marketplace."},{"$i":"fxa-invitation","$v":"Crear conta ou identificarse"},{"$i":"fxa-confirm-account","$v":"Confirme a súa conta"},{"$i":"fxa-verification-email-sent-msg","$v":["Enviaráselle un correo a: ",{"t":"idOrVar","v":"email"}]},{"$i":"fxa-please-verify","$v":"Prema na ligazón de verificación do correo para confirmar a conta."},{"$i":"fxa-cancel-confirmation","$v":"Cancelar a confirmación da conta"},{"$i":"fxa-resend-alert","$v":["Enviouse unha ligazón de verificación a ",{"t":"idOrVar","v":"email"},"."]},{"$i":"fxa-dont-see-email","$v":["Non recibiu o correo? ",{"t":"idOrVar","v":"resend"},"."]},{"$i":"fxa-resend","$v":"Enviar de novo"},{"$i":"fxa-about","$v":"Sobre"},{"$i":"fxa-logged-in-text","$v":["Accedeu como ",{"t":"idOrVar","v":"email"}]},{"$i":"fxa-signed-in-header","$v":"Identificouse"},{"$i":"fxa-marketplace-app","$v":"Marketplace"},{"$i":"fxa-find-my-device-app","$v":"Atopa dispositivo"},{"$i":"fxa-options","$v":"Opcións"},{"$i":"fxa-sign-out","$v":"Saír"},{"$i":"fxa-confirm-email","$v":["Confirmar ",{"t":"idOrVar","v":"email"}]},{"$i":"findmydevice","$v":"Atopa dispositivo"},{"$i":"findmydevice-create-account","$v":"Crear conta ou identificarse"},{"$i":"findmydevice-enable","$v":"Activar"},{"$i":"findmydevice-about","$v":"Información de Atopa dispositivo"},{"$i":"findmydevice-enable-geolocation-prompt","$v":"Activar a xeolocalización?"},{"$i":"findmydevice-enable-geolocation-description","$v":"Para ver a localización do dispositivo é necesario activar a xeolocalización."},{"$i":"findmydevice-geolocation-enabled","$v":"Xeolocalización activada"},{"$i":"findmydevice-enable-network","$v":"Este dispositivo está desconectado. Conéctese a unha rede e tente de novo."},{"$i":"findmydevice-error","$v":"Produciuse un erro en Atopa dispositivo."},{"$i":"findmydevice-please-try","$v":"Tente de novo."},{"$i":"findmydevice-please-tap","$v":"Toque para tentar de novo."},{"$i":"privacyAndSecurity","$v":"Privacidade e seguranza"},{"$i":"passcode-lock","$v":"Bloqueo con código"},{"$i":"passcode-lock-desc","$v":["Código de acceso: ",{"t":"idOrVar","v":"code"}]},{"$i":"screenLock","$v":"Bloqueo de pantalla"},{"$i":"screenLock-header","$v":[{"t":"idOrVar","v":"screenLock"}]},{"$i":"simSecurity","$v":"Seguranza SIM"},{"$i":"simSecurity-header","$v":[{"t":"idOrVar","v":"simSecurity"}]},{"$i":"appPermissions","$v":"Permisos aplicativos"},{"$i":"appPermissions-header","$v":[{"t":"idOrVar","v":"appPermissions"}]},{"$i":"author","$v":"Autor"},{"$i":"permissions","$v":"Permisos"},{"$i":"revoke","$v":"Revogar"},{"$i":"ask","$v":"Preguntar"},{"$i":"deny","$v":"Denegar"},{"$i":"allow","$v":"Conceder"},{"$i":"uninstallApp","$v":"Desinstalar aplicativo"},{"$i":"phone","$v":"Teléfono"},{"$i":"messages","$v":"Mensaxes"},{"$i":"vibrate","$v":"Vibración"},{"$i":"ring","$v":"Ring"},{"$i":"change","$v":"Cambiar"},{"$i":"create","$v":"Crear"},{"$i":"create-a-passcode","$v":"Crear código de acceso"},{"$i":"passcode","$v":"Código de acceso"},{"$i":"passcode-heading","$v":"Código de acceso"},{"$i":"enter-passcode","$v":"Escribir código de acceso"},{"$i":"new-passcode","$v":"Novo código de acceso"},{"$i":"current-passcode","$v":"Código de acceso actual"},{"$i":"incorrect-passcode","$v":"O código de acceso é incorrecto"},{"$i":"passcode-doesnt-match","$v":"Non coincide o código. Tente de novo."},{"$i":"confirm-passcode","$v":"Confirmar código de acceso"},{"$i":"immediately","$v":"Inmediatamente"},{"$i":"after-one-minute","$v":"Após 1 minuto"},{"$i":"after-five-minutes","$v":"Após 5 minutos"},{"$i":"after-fifteen-minutes","$v":"Após 15 minutos"},{"$i":"after-thirty-minutes","$v":"Após 30 minutos"},{"$i":"after-one-hour","$v":"Após 1 hora"},{"$i":"require-passcode","$v":"Require código de acceso"},{"$i":"change-passcode","$v":"Cambiar código de acceso"},{"$i":"noSimCard","$v":"Sen tarxeta SIM"},{"$i":"simPin","$v":"PIN da SIM"},{"$i":"simPin2","$v":"PIN2 da SIM"},{"$i":"simPinWithIndex","$v":["PIN da SIM ",{"t":"idOrVar","v":"index"}]},{"$i":"pukCode","$v":"Código PUK"},{"$i":"puk2Code","$v":"Código PUK2"},{"$i":"whatIsSimPin","$v":"Que é o código PIN da SIM?"},{"$i":"simPinIntro1","$v":"O código PIN da tarxeta SIM evita o acceso á rede da tarxeta SIM. Cando está activo, calquera dispositivo que conteña a tarxeta SIM solicitará o PIN cada vez que se reinicie."},{"$i":"simPinIntro2","$v":"O PIN da tarxeta SIM non é o mesmo que o código de acceso que se usa para desbloquear o dispositivo."},{"$i":"changeSimPin","$v":"Cambiar PIN"},{"$i":"simPinChangedSuccessfully","$v":"Cambiouse o PIN da SIM correctamente"},{"$i":"simPinChangedSuccessfullyWithIndex","$v":["Cambiouse o PIN da SIM ",{"t":"idOrVar","v":"index"}," correctamente"]},{"$i":"pinTitle","$v":"Escriba o PIN"},{"$i":"pin2Title","$v":"Escriba o PIN2"},{"$i":"pukTitle","$v":"Escriba o PUK"},{"$i":"puk2Title","$v":"Escriba o PUK2"},{"$i":"newpinTitle","$v":"Novo PIN"},{"$i":"inputCodeRetriesLeft","$v":{"one":"Último intento.","two":["Quedan",{"t":"idOrVar","v":"n"}," intentos."],"few":["Quedan",{"t":"idOrVar","v":"n"}," intentos."],"many":["Quedan",{"t":"idOrVar","v":"n"}," intentos."],"other":["Quedan",{"t":"idOrVar","v":"n"}," intentos."]},"$x":[{"t":"idOrVar","v":"plural"},"n"]},{"$i":"pinAttemptMsg3","$v":{"one":"Só lle queda un intento para escribir o código correcto antes de bloquear a tarxeta SIM.","two":["Quédanlle ",{"t":"idOrVar","v":"n"}," intentos para escribir o código correcto antes de bloquear a tarxeta SIM."],"few":["Quédanlle ",{"t":"idOrVar","v":"n"}," intentos para escribir o código correcto antes de bloquear a tarxeta SIM."],"many":["Quédanlle ",{"t":"idOrVar","v":"n"}," intentos para escribir o código correcto antes de bloquear a tarxeta SIM."],"other":["Quédanlle ",{"t":"idOrVar","v":"n"}," intentos para escribir o código correcto antes de bloquear a tarxeta SIM."]},"$x":[{"t":"idOrVar","v":"plural"},"n"]},{"$i":"pinLastChanceMsg","$v":"Esta é a súa última oportunidade para escribir o PIN correcto. Se non o fai, debe escribir o código PUK para usar esta tarxeta SIM."},{"$i":"simCardLockedMsg","$v":"A tarxeta SIM está bloqueada."},{"$i":"simCardBlockedMsg","$v":"A tarxeta SIM está bloqueada."},{"$i":"enterPukMsg","$v":"Debe escribir a chave de desbloqueo persoal (código PUK) da tarxeta SIM. Consulte a documentación da súa tarxeta SIM ou contacte coa súa operadora de telefonía para obter máis información."},{"$i":"enterPuk2Msg","$v":"Debe escribir a chave de desbloqueo persoal (código PUK2) da tarxeta SIM. Consulte a documentación da súa tarxeta SIM ou contacte coa súa operadora de telefonía para obter máis información."},{"$i":"pukErrorMsg","$v":"O código PUK é incorrecto."},{"$i":"pukAttemptMsg3","$v":{"one":"Só lle queda un intento para escribir o código correcto antes de que esta tarxeta SIM quede inservíbel. Consulte a documentación da súa tarxeta SIM ou contacte coa súa operadora de telefonía para obter máis información.","two":["Quédanlle ",{"t":"idOrVar","v":"n"}," intentos para escribir o código correcto antes de que esta tarxeta SIM quede inservíbel. Consulte a documentación da súa tarxeta SIM ou contacte coa súa operadora de telefonía para obter máis información."],"few":["Quédanlle ",{"t":"idOrVar","v":"n"}," intentos para escribir o código correcto antes de que esta tarxeta SIM quede inservíbel. Consulte a documentación da súa tarxeta SIM ou contacte coa súa operadora de telefonía para obter máis información."],"many":["Quédanlle ",{"t":"idOrVar","v":"n"}," intentos para escribir o código correcto antes de que esta tarxeta SIM quede inservíbel. Consulte a documentación da súa tarxeta SIM ou contacte coa súa operadora de telefonía para obter máis información."],"other":["Quédanlle ",{"t":"idOrVar","v":"n"}," intentos para escribir o código correcto antes de que esta tarxeta SIM quede inservíbel. Consulte a documentación da súa tarxeta SIM ou contacte coa súa operadora de telefonía para obter máis información."]},"$x":[{"t":"idOrVar","v":"plural"},"n"]},{"$i":"pukLastChanceMsg","$v":"Esta é a súa última oportunidade para escribir o código PUK correcto. A súa tarxeta SIM quedará inservíbel se escribe un código PUK incorrecto. Consulte a documentación da súa tarxeta SIM ou contacte coa súa operadora de telefonía para obter máis información."},{"$i":"newSimPinMsg","$v":"Crear PIN (debe conter de 4 a 8 díxitos)"},{"$i":"newSimPin2Msg","$v":"Crear PIN2 (debe conter de 4 a 8 díxitos)"},{"$i":"confirmNewSimPinMsg","$v":"Confirmar novo PIN"},{"$i":"confirmNewSimPin2Msg","$v":"Confirmar novo PIN2"},{"$i":"newPinErrorMsg","$v":"Non coincide o PIN"},{"$i":"simLockedPhone","$v":"Teléfono con SIM bloqueada"},{"$i":"unknownSimCardState","$v":"Estado da SIM descoñecido"},{"$i":"simCardNotReady","$v":"A SIM non está lista"},{"$i":"simCardIllegal","$v":"SIM non autorizada"},{"$i":"doNotTrack","$v":"Non me seguir"},{"$i":"doNotTrack-header","$v":[{"t":"idOrVar","v":"doNotTrack"}]},{"$i":"doNotTrackActions","$v":"Indicarlle aos sitios web e aplicativos que non quero ser seguido"},{"$i":"allowTracking","$v":"Indicarlle aos sitios web e aplicativos que quero ser seguido"},{"$i":"doNotHavePrefOnTracking","$v":"Non indicarlle nada aos sitios web e aplicativos sobre as miñas preferencias de seguimento"},{"$i":"doNotTrack-dt","$v":"Como funcionar \"Non me seguir\"?"},{"$i":"doNotTrack-dd1","$v":"Cando activa \"Non me seguir\", o dispositivo indícalle a todos os sitios web e aplicativos (así como outros fornecedores de contido publicitario) que non quere que o seu comportamento sexa rastrexado."},{"$i":"doNotTrack-dd2","$v":"A activación desta función non afecta a súa capacidade para iniciar sesión en sitios web, nin fai que o seu dispositivo se esqueza da súa información privada, como por exemplo o contido da súa cesta da compra, a información da súa localización ou a información da súa identificación."},{"$i":"browsingPrivacy","$v":"Privacidade na navegación"},{"$i":"browsingPrivacy-header","$v":[{"t":"idOrVar","v":"browsingPrivacy"}]},{"$i":"confirm-clear-title","$v":"Confirmación"},{"$i":"clear-browsing-history","$v":"Limpar o historial de navegación"},{"$i":"confirm-clear-browsing-history","$v":"Desexa limpar o historial de navegación?"},{"$i":"clear-cookies-and-stored-data","$v":"Limpar as cookies e os datos almacenados"},{"$i":"confirm-clear-cookies-and-stored-data","$v":"Desexa limpar as cookies e outros datos almacenados polos sitios neste dispositivo?"},{"$i":"clear","$v":"Limpar"},{"$i":"privacy-controls","$v":"Privacy Controls"},{"$i":"no-privacy-panel","$v":"No privacy panel app found"},{"$i":"storage","$v":"Memoria"},{"$i":"enableUSBStorage1","$v":"Memoria USB"},{"$i":"umsUnplugToDisable","$v":"Retire cable USB para desactivar"},{"$i":"appStorage","$v":"Memoria para aplicativos"},{"$i":"appStorage-header","$v":"Memoria aplicativos"},{"$i":"storageSize","$v":[{"t":"idOrVar","v":"size"}," ",{"t":"idOrVar","v":"unit"}]},{"$i":"availableSize","$v":{"zero":[{"t":"idOrVar","v":"size"}," ",{"t":"idOrVar","v":"unit"}," dispoñíbeis"],"one":[{"t":"idOrVar","v":"size"}," ",{"t":"idOrVar","v":"unit"}," dispoñíbel"],"two":[{"t":"idOrVar","v":"size"}," ",{"t":"idOrVar","v":"unit"}," dispoñíbeis"],"few":[{"t":"idOrVar","v":"size"}," ",{"t":"idOrVar","v":"unit"}," dispoñíbeis"],"many":[{"t":"idOrVar","v":"size"}," ",{"t":"idOrVar","v":"unit"}," dispoñíbeis"],"other":[{"t":"idOrVar","v":"size"}," ",{"t":"idOrVar","v":"unit"}," dispoñíbeis"]},"$x":[{"t":"idOrVar","v":"plural"},"size"]},{"$i":"apps-total-space","$v":"Espazo total"},{"$i":"apps-used-space","$v":"Usado"},{"$i":"apps-free-space","$v":"Libre"},{"$i":"storage-details","$v":"As fotos, os vídeos e a música almacénanse aparte dos aplicativos. Consulte a memoria multimedia para máis detalles."},{"$i":"ums-shared-volumes","$v":[{"t":"idOrVar","v":"list"}," compartida"]},{"$i":"transferProtocol-header","$v":"Protocolo de transferencia"},{"$i":"protocol-mtp","$v":"Protocolo de transferencia de medios (MTP)"},{"$i":"protocol-ums","$v":"Memoria masiva USB (UMS)"},{"$i":"mediaStorage","$v":"Memoria multimedia"},{"$i":"mediaStorage-header","$v":[{"t":"idOrVar","v":"mediaStorage"}]},{"$i":"storage-name-internal","$v":"Memoria interna"},{"$i":"storage-name-external-0","$v":"Memoria da tarxeta SD"},{"$i":"storage-name-external-1","$v":"Memoria da tarxeta SD 2"},{"$i":"short-storage-name-internal","$v":"Interna"},{"$i":"short-storage-name-external-0","$v":"Tarxeta SD"},{"$i":"short-storage-name-external-1","$v":"Tarxeta SD 2"},{"$i":"music-space","$v":"Música"},{"$i":"pictures-space","$v":"Fotos"},{"$i":"videos-space","$v":"Películas"},{"$i":"left-space","$v":"Espazo libre"},{"$i":"free-space","$v":"Espazo libre"},{"$i":"total-space","$v":"Espazo total"},{"$i":"size-not-available","$v":"Non dispoñíbel"},{"$i":"no-storage","$v":"Ningún dispositivo de memoria"},{"$i":"advanced","$v":"Opcións avanzadas"},{"$i":"ums-warning-title","$v":"Activar a memoria USB?"},{"$i":"default-media-location","$v":"Localización dos medios"},{"$i":"default-media-location-msg","$v":"Escolla onde se almacenan as fotos, os vídeos, as descargas e a música de forma predeterminada."},{"$i":"change-default-media-location-confirmation","$v":"Cambiar a memoria multimedia predeterminada afectará a localización onde se gardan de forma predeterminada todos os ficheiros multimedia. Os datos existentes manteranse na súa localización actual. Quere continuar?"},{"$i":"eject-sdcard-external-0","$v":"Expulsar a tarxeta SD"},{"$i":"eject-sdcard-external-1","$v":"Expulsar a tarxeta SD 2"},{"$i":"format-sdcard-internal","$v":"Formatar a memoria interna"},{"$i":"format-sdcard-external-0","$v":"Formatar a tarxeta SD"},{"$i":"format-sdcard-external-1","$v":"Formatar a tarxeta SD 2"},{"$i":"formatting","$v":"Formatando…"},{"$i":"unmount-sdcard-confirmation","$v":"Non será posíbel acceder ao contido na tarxeta SD unha vez desmontada. Quere continuar?"},{"$i":"format-sdcard-title","$v":"Formatar a tarxeta SD"},{"$i":"format-sdcard-message","$v":"Eliminaranse todos os datos almacenados na tarxeta SD, como por exemplo as fotos e a música."},{"$i":"format-sdcard-internal-title","$v":"Formatar a memoria interna"},{"$i":"format-sdcard-internal-message","$v":"Eliminaranse todos os datos almacenados na memoria interna, como por exemplo as fotos e a música."},{"$i":"format-sdcard-btnformat","$v":"Formatar"},{"$i":"sdcardUnmounted","$v":"Tarxeta SD extraida"},{"$i":"device","$v":"Dispositivo"},{"$i":"help","$v":"Axuda"},{"$i":"deviceInfo","$v":"Información do dispositivo"},{"$i":"deviceInfo-header","$v":"Información"},{"$i":"deviceInfo-IMEI","$v":"IMEI"},{"$i":"deviceInfo-ICCID","$v":"ICCID"},{"$i":"deviceInfo-MSISDN","$v":"Número de teléfono"},{"$i":"deviceInfo-ICCID-unavailable-sim","$v":["SIM ",{"t":"idOrVar","v":"index"},": Non dispoñíbel"]},{"$i":"downloads","$v":"Descargas"},{"$i":"downloads-header","$v":[{"t":"idOrVar","v":"downloads"}]},{"$i":"unknown-phoneNumber","$v":"Descoñecido"},{"$i":"unknown-phoneNumber-sim","$v":["SIM ",{"t":"idOrVar","v":"index"},": Descoñecida"]},{"$i":"gitInfo","$v":"Información do commit de Git"},{"$i":"developer","$v":"Desenvolvedor"},{"$i":"developer-header","$v":[{"t":"idOrVar","v":"developer"}]},{"$i":"hud-settings-button","$v":"Developer HUD"},{"$i":"hud-settings-header","$v":[{"t":"idOrVar","v":"hud-settings-button"}]},{"$i":"hud-devtools","$v":"Ferramentas para desenvolvedores"},{"$i":"hud-devtools-header","$v":"Developer tools"},{"$i":"hud-logging","$v":"Rexistrar cambios en ADB"},{"$i":"hud-system","$v":"Amosar HUD do sistema"},{"$i":"hud-problems","$v":"Problemas"},{"$i":"hud-warnings","$v":"Avisos"},{"$i":"hud-errors","$v":"Erros"},{"$i":"hud-security","$v":"Problemas de seguranza"},{"$i":"hud-performance","$v":"Rendemento"},{"$i":"hud-reflows","$v":"Reflows"},{"$i":"hud-jank","$v":"Jank"},{"$i":"jank-threshold","$v":"Jank Threshold"},{"$i":"hud-fps","$v":"Imaxes por segundo"},{"$i":"hud-ttl","$v":"Tempo de carga"},{"$i":"hud-memory","$v":"Memoria"},{"$i":"hud-uss","$v":"Unique Set Size"},{"$i":"hud-appmemory","$v":"Memoria aplicativo"},{"$i":"hud-jsobjects","$v":"Obxectos JS"},{"$i":"hud-jsstrings","$v":"Cadeas JS"},{"$i":"hud-jsother","$v":"Outro JS"},{"$i":"hud-dom","$v":"DOM"},{"$i":"hud-style","$v":"Estilo"},{"$i":"hud-other","$v":"Outros"},{"$i":"software","$v":"Software"},{"$i":"devSettings","$v":"Axustes para desenvolvedores"},{"$i":"debug","$v":"Depurar"},{"$i":"developer-menu","$v":"Menú do desenvolvedor"},{"$i":"developer-tools","$v":"Ferramentas para desenvolvedores"},{"$i":"graphics","$v":"Gráficos"},{"$i":"hardware-composer","$v":"Hardware composer"},{"$i":"paint-flashing","$v":"Flash repainted area"},{"$i":"dumps-layers","$v":"Dump layers tree"},{"$i":"dumps-layerscope","$v":"Dump layerscope"},{"$i":"apz-overscroll","$v":"Overscrolling"},{"$i":"tiling","$v":"Tiling"},{"$i":"low-precision","$v":"Low-precision painting"},{"$i":"low-opacity","$v":"Low-precision transparency"},{"$i":"draw-tile-borders","$v":"Draw tile borders"},{"$i":"draw-layer-borders","$v":"Draw layer borders"},{"$i":"log-animations","$v":"Log slow animations"},{"$i":"remote-debugging-usb","$v":"Depuración por USB"},{"$i":"dev-tools-wifi","$v":"DevTools por Wi-Fi"},{"$i":"dev-tools-qps","$v":"Pseudo-localization"},{"$i":"debugger-disabled","$v":"Desactivado"},{"$i":"debugger-adb-only","$v":"só ADB"},{"$i":"debugger-adb-and-devtools","$v":"ADB e DevTools"},{"$i":"wifi-debugging","$v":"Saída Wi-Fi en ADB"},{"$i":"bluetooth-debugging","$v":"Saída Bluetooth en ADB"},{"$i":"bluetooth-snoop-debugging","$v":"Bluetooth HCI sniffing logs to sdcard"},{"$i":"nfc-debugging","$v":"Saída NFC en ADB"},{"$i":"ril-debugging","$v":"RIL output in ADB"},{"$i":"console-enabled","$v":"Consola activada"},{"$i":"cards-view-screenshots","$v":"Cards View: Screenshots"},{"$i":"geolocation-debugging-enabled","$v":"Saída xeolocalización en ADB"},{"$i":"geolocation-debugging-gps-locations-ignored","$v":"Ignorar localizacións GPS"},{"$i":"use-reviewer-certs","$v":"Usa certificados revisor Marketplace"},{"$i":"shake-to-log","$v":"Axitar para gardar o rexistro do sistema"},{"$i":"model-name","$v":"Modelo"},{"$i":"os-version","$v":"Versión do SO"},{"$i":"firmware_revision","$v":"Revisión de firmware"},{"$i":"hardware_revision","$v":"Revisión de hardware"},{"$i":"platform_version","$v":"Versión da plataforma"},{"$i":"build-id","$v":"Identificador da versión"},{"$i":"update-channel","$v":"Canle de actualización"},{"$i":"build_number","$v":"Número da versión"},{"$i":"update-url","$v":"Actualizar URL"},{"$i":"last-updated","$v":"Última actualización"},{"$i":"more-info","$v":"Máis información"},{"$i":"more-info-header","$v":[{"t":"idOrVar","v":"more-info"}]},{"$i":"softwareUpdates","$v":"Actualizacións de software"},{"$i":"check-update-daily","$v":"Diariamente"},{"$i":"check-update-weekly","$v":"Semanalmente"},{"$i":"check-update-monthly","$v":"Mensualmente"},{"$i":"check-for-updates","$v":"Buscar actualizacións"},{"$i":"check-update-now","$v":"Comprobar agora"},{"$i":"update-status","$v":"Estado da actualización"},{"$i":"no-network-when-update","$v":"Conéctese á Internet para continuar coa actualización."},{"$i":"checking-for-update","$v":"Comprobando actualizacións…"},{"$i":"no-updates","$v":"Non se atoparon actualizacións"},{"$i":"retry-when-online","$v":"A rede está sen conexión. Volverase a comprobar cando a rede teña conexión."},{"$i":"already-latest-version","$v":["Esta xa é a última versión do ",{"t":"idOrVar","v":"brandShortName"}]},{"$i":"check-error","$v":"Produciuse un erro ao buscar as actualizacións."},{"$i":"aboutBrowserOS","$v":["Sobre o ",{"t":"idOrVar","v":"brandShortName"}]},{"$i":"browser-os-desc","$v":[{"t":"idOrVar","v":"brandShortName"}," é o sistema operativo libre e de código aberto de Mozilla. A nosa misión é promover os estándares abertos, a innovación e garantir que o poder da Web permanece nas súas mans."]},{"$i":"learn-more","$v":"Máis información"},{"$i":"reset-head","$v":"Restabelecer"},{"$i":"reset-warning-title","$v":"PRECAUCIÓN"},{"$i":"unlock-privileges","$v":"Unlock Privileges"},{"$i":"reset-devtools","$v":"Reset and enable full DevTools"},{"$i":"reset-devtools-warning-title","$v":"CAUTION"},{"$i":"your-rights","$v":"Os seus dereitos"},{"$i":"your-rights-header","$v":[{"t":"idOrVar","v":"your-rights"}]},{"$i":"about-your-rights-0","$v":[{"t":"idOrVar","v":"brandShortName"}," é un software de código aberto e libre, construído por unha comunidade de centos de persoas de todo o mundo. Hai algunhas cousas que debería saber:"]},{"$i":"about-your-rights-1","$v":[{"t":"idOrVar","v":"brandShortName"}," está dispoñíbel nos termos de varias licenzas libres incluíndo a Mozilla Public License. Un dispositivo que execute ",{"t":"idOrVar","v":"brandShortName"}," tamén pode conter software privativo de terceiros. Calquera código con licenza libre outorga o dereito de modificar o código fonte e distribuír as versións modificadas coa condición de respectar os termos da licenza."]},{"$i":"about-your-rights-2","$v":["Non se lle outorga ningún dereito nin licenza sobre as marcas da Fundación Mozilla ou as súas filiais, incluíndo sen limitación o nome ou o logo do ",{"t":"idOrVar","v":"brandShortName"},"."]},{"$i":"about-your-rights-3","$v":["Algunhas funcionalidades do ",{"t":"idOrVar","v":"brandShortName"},", como o Informador de erros, dánlle a opción de fornecer información a Mozilla. Cando escolle enviar esa información, dálle a Mozilla permiso para usala para mellorar os seus produtos, para publicala nos seus sitios web e para distribuíla."]},{"$i":"about-legal-info","$v":"Información legal"},{"$i":"about-credit-info","$v":"Créditos"},{"$i":"about-legal-info-header","$v":[{"t":"idOrVar","v":"about-legal-info"}]},{"$i":"open-source-notices","$v":"Notas Open Source"},{"$i":"open-source-notices-header","$v":"Open Source"},{"$i":"obtaining-source-code","$v":"Obter o código fonte"},{"$i":"obtaining-source-code-header","$v":[{"t":"idOrVar","v":"obtaining-source-code"}]},{"$i":"about-mozilla","$v":"Mozilla"},{"$i":"about-other","$v":"Outros"},{"$i":"your-privacy","$v":"A súa privacidade"},{"$i":"your-privacy-header","$v":[{"t":"idOrVar","v":"your-privacy"}]},{"$i":"licensing-1","$v":"O proxecto Mozilla pon a vosa disposición os binarios deste produto nos termos da licenza Mozilla Public License 2.0 (MPL). Coñeza os seus dereitos."},{"$i":"licensing-2","$v":"Todo o código fonte deste produto está dispoñíbel con licenzas libres e de código aberto. A maioría está dispoñíbel nos termos da licenza Mozilla Public License 2.0 (MPL)."},{"$i":"licensing-3","$v":"O resto do software que non está dispoñíbel nos termos da licenza Mozilla Public License 2.0 (MPL), está dispoñíbel noutra licenza dentro dunha variedade de licenzas libres. Aquelas que requiren a reprodución do texto da licenza especifícanse a continuación. (Nota: a súa copia deste produto pode conter código non cuberto por unha ou máis das licenzas que se enumeran aquí, isto depende da versión exacta do software que escollera)."},{"$i":"licensing-MPL","$v":"Mozilla Public License 2.0"},{"$i":"licensing-Apache","$v":"Apache License 2.0"},{"$i":"launch-ftu","$v":"Titorial de introdución"},{"$i":"no-ftu","$v":"Non se atopa o titorial de introdución"},{"$i":"software-home-button","$v":"Software home button"},{"$i":"home-gesture","$v":"Xestor ir ao inicio"},{"$i":"continuous-transition","$v":"Transición continua"},{"$i":"debug-gaia-enabled","$v":"Trazas de depuración de Gaia"},{"$i":"showScreenReaderSettings","$v":"Amosar axustes do lector de pantalla"},{"$i":"app-transition","$v":"Transición de aplicativos"},{"$i":"app-suspending","$v":"Suspensión de aplicativos"},{"$i":"copypaste","$v":"Copy/paste"},{"$i":"verbose-app-permissions","$v":"Permisos de aplicativos detallados"},{"$i":"window-management","$v":"Xestión da xanela"},{"$i":"downloads-edit","$v":"Editar descargas"},{"$i":"downloads-select-all","$v":"Marcar todo"},{"$i":"downloads-deselect-all","$v":"Desmarcar todo"},{"$i":"downloads-delete","$v":"Eliminar"},{"$i":"battery","$v":"Batería"},{"$i":"battery-header","$v":[{"t":"idOrVar","v":"battery"}]},{"$i":"batteryLevel","$v":"Nivel actual"},{"$i":"batteryLevel-percent-unplugged","$v":[{"t":"idOrVar","v":"level"},"%"]},{"$i":"batteryLevel-percent-charging","$v":[{"t":"idOrVar","v":"level"},"% (cargando)"]},{"$i":"batteryLevel-percent-charged","$v":[{"t":"idOrVar","v":"level"},"% (cargada)"]},{"$i":"powerSaveModeTitle","$v":"Modo aforro enerxético"},{"$i":"powerSaveMode","$v":"Modo aforro enerxético"},{"$i":"powerSave-threshold","$v":[{"t":"idOrVar","v":"level"},"% de batería restante"]},{"$i":"turnOnAuto","$v":"Activar automaticamente"},{"$i":"accessibility","$v":"Accesibilidade"},{"$i":"accessibility-header","$v":[{"t":"idOrVar","v":"accessibility"}]},{"$i":"screenReader","$v":"Lector de pantalla"},{"$i":"screenReader-header","$v":[{"t":"idOrVar","v":"screenReader"}]},{"$i":"screenReader-toggle","$v":[{"t":"idOrVar","v":"screenReader"}]},{"$i":"colorFilter","$v":"Filtro de cor"},{"$i":"colorFilter-header","$v":[{"t":"idOrVar","v":"colorFilter"}]},{"$i":"colorFilter-toggle","$v":[{"t":"idOrVar","v":"colorFilter"}]},{"$i":"screenReader-captions","$v":"Amosar explicación"},{"$i":"screenReader-enable-msg","$v":"Cando o lector de pantalla está activo, o dispositivo fornecerá información de voz para guiar aos usuarios cegos e con visión reducida."},{"$i":"screen-reader-speech-volume","$v":"Volume lectura"},{"$i":"screen-reader-speech-rate","$v":"Velocidade lectura"},{"$i":"screenReader-confirm-title-start","$v":"Iniciar o lector de pantalla?"},{"$i":"screenReader-confirm-description-start","$v":"A activación do lector de pantalla modificará o comportamento da pantalla táctil. Toque en calquera lugar para escoitar unha descrición do elemento tocado, e toque dúas veces para activalo. "},{"$i":"screenReader-confirm-button-start","$v":"Inicio"},{"$i":"screenReader-confirm-title-stop","$v":"Deter o lector de pantalla?"},{"$i":"screenReader-confirm-description-stop","$v":"Ao deter o lector de pantalla terminará a axuda por voz."},{"$i":"screenReader-confirm-button-stop","$v":"Deter"},{"$i":"colorFilter-invert","$v":"Inverter"},{"$i":"colorFilter-grayscale","$v":"Escala de cincentos"},{"$i":"colorFilter-contrast","$v":"Contraste"},{"$i":"improveBrowserOS","$v":["Mellorar ",{"t":"idOrVar","v":"brandShortName"}]},{"$i":"improveBrowserOSTitle","$v":["Mellorar ",{"t":"idOrVar","v":"brandShortName"}]},{"$i":"sendMozillaFeedback","$v":"Enviar opinión a Mozilla"},{"$i":"performanceAndUsageData","$v":"Datos de rendemento e uso"},{"$i":"sharePerformanceAndUsageData","$v":"Enviar datos"},{"$i":"appUsageByRegion","$v":"App usage by region"},{"$i":"crashReports","$v":"Informes de erro"},{"$i":"crashReports-header","$v":[{"t":"idOrVar","v":"crashReports"}]},{"$i":"crashReportInfo","$v":"Enviando a Mozilla un informe cando se produce un erro axúdanos a arranxar o problema para todos."},{"$i":"alwaysSendReport","$v":"Enviar sempre"},{"$i":"neverSendReport","$v":"Nunca enviar"},{"$i":"askToSendReport2","$v":"Preguntar cada vez"},{"$i":"crash-reports-description-1","$v":"Un informe de erro contén algúns detalles sobre a quebra e o seu dispositivo, así como unha instantánea do estado do dispositivo cando quebrou."},{"$i":"crash-reports-description-2","$v":"Este pode incluír cousas como as páxinas e os aplicativos abertos, o texto escrito nos formularios e o contido das mensaxes abertas, o historial de navegación recente, ou a xeolocalización usada por un aplicativo aberto."},{"$i":"crash-reports-description-3-start","$v":"Usamos os informes de erro para arranxar problemas e mellorar os nosos produtos. Xestionamos a súa información como se describe na nosa "},{"$i":"crash-reports-description-3-privacy","$v":"política de privacidade"},{"$i":"crash-reports-description-3-end","$v":"."},{"$i":"sendFeedbackTitle","$v":"Enviar a súa opinión"},{"$i":"feedback-description","$v":"A súa opinión axudáranos a mellorar Firefox OS."},{"$i":"feedback-happy","$v":"Satisfeito"},{"$i":"feedback-sad","$v":"Decepcionado"},{"$i":"feedback-mood-description","$v":"Como se sente?"},{"$i":"feedback_whyfeel_happy","$v":"Por que lle gusta?"},{"$i":"feedback_whyfeel_sad","$v":"Porque non lle gusta?"},{"$i":"feedback-mood-explain","$v":"Cóntenos con máis detalle."},{"$i":"feedback-public-description","$v":"O contido da súa opinión será público, asegúrese de que non contén información persoal."},{"$i":"feedback-contactyou","$v":"Marque aquí para permitirnos contactar con vostede por correo."},{"$i":"email-address1","$v":"Enderezo de correo:"},{"$i":"email-keepprivate","$v":"Non se preocupe. O seu correo non se publicará."},{"$i":"feedback-sendbtn","$v":"Enviar opinión"},{"$i":"feedback-errormessage-connect-error","$v":"Desculpe, non é posíbel que o sistema envíe a súa suxestión debido a un erro na conexión de datos. Tente de novo cando a incidencia estea resolta."},{"$i":"feedback-errormessage-server-off","$v":"Desculpe, non é posíbel que o sistema envíe a súa suxestión debido a que o servidor non está dispoñíbel. Agarde un momento e tente de novo."},{"$i":"feedback-errormessage-timeout","$v":"Desculpe, non é posíbel que o sistema envíe a súa opinión porque se excedeu o tempo de espera. Reinicie e tente de novo."},{"$i":"feedback-errormessage-wrong-email","$v":"Desculpe, non é posíbel que o sistema envíe a súa opinión porque falta o enderezo de correo ou o seu formato é incorrecto. Escriba un enderezo de correo correcto e tente de novo."},{"$i":"feedback-errormessage-empty-comment","$v":"Desculpe, non é posíbel que o sistema envíe a súa opinión porque o campo de comentarios está baleiro. Escriba un comentario e tente de novo."},{"$i":"feedback-errormessage-just-sent","$v":"Desculpe, non é posíbel que o sistema envíe a súa opinión porque xa foi enviada. Probe a nosa próxima actualización de software e opine de novo."},{"$i":"feedback-complete-msg","$v":"Grazas pola súa opinión! Servirá para axudar a mellorar as futuras versións de Firefox OS."},{"$i":"online-support","$v":"Asistencia en liña:"},{"$i":"call-support","$v":"Teléfono de asistencia:"},{"$i":"user-guide","$v":"Guía do usuario"},{"$i":"default-support","$v":"Contacte co seu fornecedor local para obter asistencia."},{"$i":"operatorServices","$v":"Servizos da operadora"},{"$i":"operatorServices-help","$v":"Axuda"},{"$i":"operatorServices-helpmenu","$v":"Menú de axuda"},{"$i":"stkAppsNotAvailable","$v":"Os aplicativos da SIM non están dispoñíbeis."},{"$i":"simToolkit","$v":"Ferramentas da SIM"},{"$i":"stkItemsNaiSetUpCall","$v":"Configurar chamada"},{"$i":"stkItemsNaiSendSs","$v":"Enviar SS"},{"$i":"stkItemsNaiSendUssd","$v":"Enviar USSD"},{"$i":"stkItemsNaiSendSms","$v":"Enviar SMS"},{"$i":"stkItemsNaiSendDtmf","$v":"Enviar DTMF"},{"$i":"stkItemsNaiLaunchBrowser","$v":"Iniciar navegador"},{"$i":"stkItemsNaiPlayTone","$v":"Reproducir ton"},{"$i":"stkItemsNaiDisplayText","$v":"Amosar texto"},{"$i":"stkItemsNaiGetInkey","$v":"Obter Inkey"},{"$i":"stkItemsNaiGetInput","$v":"Obter entrada"},{"$i":"stkItemsNaiSelectItem","$v":"Seleccionar elemento"},{"$i":"stkItemsNaiSetUpMenu","$v":"Configurar menú"},{"$i":"stkItemsNaiProvideLocalInfo","$v":"Fornecer información local"},{"$i":"stkItemsNaiSetIdleModeText","$v":"Definir texto do modo inactivo"},{"$i":"stkItemsNaiPerformCardApdu","$v":"Perform Card APDU"},{"$i":"stkItemsNaiPowerOnCard","$v":"Power On Card"},{"$i":"stkItemsNaiPowerOffCard","$v":"Power Off Card"},{"$i":"stkItemsNaiGetReaderStatus","$v":"Get Reader Status"},{"$i":"stkItemsNaiOpenChannel","$v":"Abrir canle"},{"$i":"stkItemsNaiCloseChannel","$v":"Pechar canle"},{"$i":"stkItemsNaiReceiveData","$v":"Recibir datos"},{"$i":"stkItemsNaiSendData","$v":"Enviar datos"},{"$i":"stkItemsNaiGetChannelStatus","$v":"Obter estado da canle"},{"$i":"stkItemsNaiEndOfTheProactiveSession","$v":"End of the proactive session"},{"$i":"is-warning-storage-header","$v":"Memoria USB"},{"$i":"is-warning-tethering-header","$v":"Tethering USB"},{"$i":"is-warning-wifi-header","$v":"Punto acceso Wi-Fi"},{"$i":"is-warning-storage-tethering-message","$v":"A activación da memoria USB desactivará o tethering USB. Quere activar a memoria USB?"},{"$i":"is-warning-tethering-storage-message","$v":"A activación do tethering USB desactivará a memoria USB. Quere activar o tethering USB?"},{"$i":"is-warning-tethering-wifi-message","$v":"A activación do tethering USB desactivará o punto de acceso Wi-Fi. Quere activar o tethering USB?"},{"$i":"is-warning-wifi-tethering-message","$v":"A activación do punto de acceso Wi-Fi desactivará o tethering USB. Quere activar o punto de acceso Wi-Fi?"},{"$i":"settings-dialog-alert","$v":"Alert"},{"$i":"settings-dialog-confirm","$v":"Confirm"},{"$i":"settings-dialog-prompt","$v":"Prompt"},{"$i":"settings-alert-dialog-header","$v":[{"t":"idOrVar","v":"settings-dialog-alert"}]},{"$i":"settings-confirm-dialog-header","$v":[{"t":"idOrVar","v":"settings-dialog-confirm"}]},{"$i":"settings-prompt-dialog-header","$v":[{"t":"idOrVar","v":"settings-dialog-prompt"}]},{"$i":"addons","$v":"Addons"},{"$i":"addons-header","$v":[{"t":"idOrVar","v":"addons"}]},{"$i":"change-device-name","$v":"Cambiar nome teléfono"},{"$i":"internetSharing-usb-desc","$v":"Compartir a conexión á Internet do meu teléfono cun dispositivo conectado por USB."},{"$i":"internetSharing-wifi-desc","$v":"Permitir que outros dispositivos compartan a conexión á Internet do meu teléfono a través dunha conexión Wi-Fi."},{"$i":"unplayable-ringtone","$v":"Non se cambiou o ton de chamada porque non é posíbel reproducir o ficheiro seleccionado neste teléfono."},{"$i":"findmydevice-signup-description","$v":"Atopa dispositivo permítelle localizar, bloquear ou borrar o contido do teléfono"},{"$i":"findmydevice-settings-description","$v":"Atopa dispositivo permítelle localizar, bloquear ou borrar o contido do teléfono dende un sitio web:"},{"$i":"findmydevice-active-tracking","$v":"O teléfono está sendo seguido por outro dispositivo a través do sitio web."},{"$i":"findmydevice-not-tracking","$v":"Ningún dispositivo está seguindo activamente o seu teléfono a través do sitio web."},{"$i":"ums-confirm","$v":"A activación da memoria USB permite que outro computador ou dispositivo conectado por USB teña acceso aos ficheiros do teléfono."},{"$i":"reset-device","$v":"Restablecer teléfono"},{"$i":"reset-warning-body","$v":"Restabelecer borrará todos os seus datos, incluíndo calquera aplicativo que comprara. O teléfono restaurarse coa configuración de fábrica. Non se gardará nin a súa configuración nin os seus datos."},{"$i":"reset-devtools-warning-body","$v":"Resetting will erase all your data, including any apps you’ve purchased. None of your settings or data will be saved. But your phone will have unrestricted developer tools, allowing you to modify and debug system applications."},{"$i":"powerSave-explanation","$v":"Activar o modo aforro enerxético desactiva a conexión de datos, o Bluetooth e a xeolocalización para aumentar a duración da batería. Pode volver a activar estes servizos manualmente."},{"$i":"performanceAndUsageDataInfo","$v":["Axúdenos a mellorar ",{"t":"idOrVar","v":"brandShortName"}," compartindo información sobre o seu teléfono e como o usa."]},{"$i":"device-status-connected-device","$v":"Conectado ao son do teléfono"},{"$i":"device-status-connected-device-media","$v":"Conectado ao son do dispositivo"}]