[{"$i":"stopped_download_title","$v":"Download stopped"},{"$i":"stopped_download_message","$v":"Download was stopped. Try downloading again?"},{"$i":"stopped_download_left_button","$v":"Cancel"},{"$i":"stopped_download_right_button","$v":"Try again"},{"$i":"failed_download_title","$v":"Download failed"},{"$i":"failed_download_message","$v":[{"t":"idOrVar","v":"name"}," failed to download. Try downloading again?"]},{"$i":"failed_download_left_button","$v":"Cancel"},{"$i":"failed_download_right_button","$v":"Try again"},{"$i":"stop_download_title","$v":"Stop download"},{"$i":"stop_download_message","$v":"Are you sure you want to stop the download?"},{"$i":"stop_download_left_button","$v":"No"},{"$i":"stop_download_right_button","$v":"Yes"},{"$i":"delete_download_title","$v":"Delete"},{"$i":"delete_download_message","$v":["Delete ",{"t":"idOrVar","v":"name"},"?"]},{"$i":"delete_download_left_button","$v":"Cancel"},{"$i":"delete_download_right_button","$v":"Delete"},{"$i":"delete_all_download_title","$v":"Delete"},{"$i":"delete_all_download_left_button","$v":"Cancel"},{"$i":"delete_all_download_right_button","$v":"Delete"},{"$i":"delete_all_download_message","$v":{"zero":"Delete no files?","one":"Delete one file?","two":["Delete ",{"t":"idOrVar","v":"number"}," files?"],"few":["Delete ",{"t":"idOrVar","v":"number"}," files?"],"many":["Delete ",{"t":"idOrVar","v":"number"}," files?"],"other":["Delete ",{"t":"idOrVar","v":"number"}," files?"]},"$x":[{"t":"idOrVar","v":"plural"},"number"]},{"$i":"unsupported_file_type_download_title","$v":"Unable to open"},{"$i":"unsupported_file_type_download_message","$v":["There isn’t an app that can open ",{"t":"idOrVar","v":"name"},". Would you like to save the file or delete it?"]},{"$i":"unsupported_file_type_download_left_button","$v":"Keep File"},{"$i":"unsupported_file_type_download_right_button","$v":"Delete"},{"$i":"file_not_found_download_title","$v":"File not found"},{"$i":"file_not_found_download_message","$v":"The file wasn’t found on the device"},{"$i":"file_not_found_download_right_button","$v":"OK"},{"$i":"unmounted_sdcard_2_download_title","$v":"Memory card in use"},{"$i":"unmounted_sdcard_2_download_message","$v":"Unplug the phone"},{"$i":"unmounted_sdcard_2_download_right_button","$v":"OK"},{"$i":"no_provider_download_title","$v":"Unable to share"},{"$i":"no_provider_download_message","$v":"No provider found"},{"$i":"no_provider_download_right_button","$v":"OK"},{"$i":"no_memory_download_title","$v":"SD Card is full"},{"$i":"no_memory_download_message","$v":"There is no more room on your SD card to save your download. Please remove some files before restarting the download."},{"$i":"no_memory_download_right_button","$v":"OK"},{"$i":"no_sdcard_found_2_download_title","$v":"No memory card found"},{"$i":"no_sdcard_found_2_download_message","$v":"Insert a memory card or select an alternate default media location in settings"},{"$i":"no_sdcard_found_2_download_right_button","$v":"OK"},{"$i":"file_open_error_download_title","$v":"Unable to open"},{"$i":"file_open_error_download_message","$v":["There is a problem opening ",{"t":"idOrVar","v":"name"},". Would you like to save the file or delete it?"]},{"$i":"file_open_error_download_left_button","$v":"Keep File"},{"$i":"file_open_error_download_right_button","$v":"Delete"},{"$i":"restart_download_error","$v":"There was an error while restarting the download. Please try to download again."},{"$i":"no-downloads","$v":"No downloads"},{"$i":"byteUnit-B","$v":"B"},{"$i":"byteUnit-KB","$v":"KB"},{"$i":"byteUnit-MB","$v":"MB"},{"$i":"byteUnit-GB","$v":"GB"},{"$i":"byteUnit-TB","$v":"TB"},{"$i":"fileSize","$v":[{"t":"idOrVar","v":"size"}," ",{"t":"idOrVar","v":"unit"}]},{"$i":"percentage","$v":[{"t":"idOrVar","v":"percentage"}," %"]},{"$i":"partialResult","$v":[{"t":"idOrVar","v":"partial"}," of ",{"t":"idOrVar","v":"total"}]},{"$i":"summary","$v":[{"t":"idOrVar","v":"date"}," - ",{"t":"idOrVar","v":"status"}]},{"$i":"download-stopped","$v":"Stopped"},{"$i":"download-failed","$v":"Download failed"},{"$i":"open_downloaded_file","$v":"Open"},{"$i":"share_downloaded_file","$v":"Share"},{"$i":"wallpaper_downloaded_file","$v":"Set as wallpaper"},{"$i":"ringtone_downloaded_file","$v":"Set as ringtone"},{"$i":"cancel_downloaded_file","$v":"Cancel"},{"$i":"brandShortName","$v":"B2G OS"},{"$i":"browserBrandShortName","$v":"Web Browser"},{"$i":"browserBrandFullName","$v":"Mozilla Web Browser"},{"$i":"ringtoneBrandName","$v":"Default"},{"$i":"ringtoneSectionBrandName","$v":"System"},{"$i":"weekday-0-long","$v":"Nedjelja"},{"$i":"weekday-1-long","$v":"Ponedjeljak"},{"$i":"weekday-2-long","$v":"Utorak"},{"$i":"weekday-3-long","$v":"Srijeda"},{"$i":"weekday-4-long","$v":"Četvrtak"},{"$i":"weekday-5-long","$v":"Petak"},{"$i":"weekday-6-long","$v":"Subota"},{"$i":"weekday-0-short","$v":"Ned"},{"$i":"weekday-1-short","$v":"Pon"},{"$i":"weekday-2-short","$v":"Uto"},{"$i":"weekday-3-short","$v":"Sri"},{"$i":"weekday-4-short","$v":"Čet"},{"$i":"weekday-5-short","$v":"Pet"},{"$i":"weekday-6-short","$v":"Sub"},{"$i":"month-0-long","$v":"Siječanj"},{"$i":"month-1-long","$v":"Veljača"},{"$i":"month-2-long","$v":"Ožujak"},{"$i":"month-3-long","$v":"Travanj"},{"$i":"month-4-long","$v":"Svibanj"},{"$i":"month-5-long","$v":"Lipanj"},{"$i":"month-6-long","$v":"Srpanj"},{"$i":"month-7-long","$v":"Kolovoz"},{"$i":"month-8-long","$v":"Rujan"},{"$i":"month-9-long","$v":"Listopad"},{"$i":"month-10-long","$v":"Studeni"},{"$i":"month-11-long","$v":"Prosinac"},{"$i":"month-0-genitive","$v":"Siječnja"},{"$i":"month-1-genitive","$v":"Veljače"},{"$i":"month-2-genitive","$v":"Ožujka"},{"$i":"month-3-genitive","$v":"Travnja"},{"$i":"month-4-genitive","$v":"Svibnja"},{"$i":"month-5-genitive","$v":"Lipnja"},{"$i":"month-6-genitive","$v":"Srpnja"},{"$i":"month-7-genitive","$v":"Kolovoza"},{"$i":"month-8-genitive","$v":"Rujna"},{"$i":"month-9-genitive","$v":"Listopada"},{"$i":"month-10-genitive","$v":"Studenoga"},{"$i":"month-11-genitive","$v":"Prosinca"},{"$i":"month-0-short","$v":"Sij"},{"$i":"month-1-short","$v":"Velj"},{"$i":"month-2-short","$v":"Ožu"},{"$i":"month-3-short","$v":"Tra"},{"$i":"month-4-short","$v":"Svi"},{"$i":"month-5-short","$v":"Lip"},{"$i":"month-6-short","$v":"Srp"},{"$i":"month-7-short","$v":"Kol"},{"$i":"month-8-short","$v":"Ruj"},{"$i":"month-9-short","$v":"Lis"},{"$i":"month-10-short","$v":"Stu"},{"$i":"month-11-short","$v":"Pro"},{"$i":"minutes-ago-long","$v":{"zero":"upravo","one":"prije minutu","two":["prije ",{"t":"idOrVar","v":"value"}," minute"],"few":["prije ",{"t":"idOrVar","v":"value"}," minutes"],"many":["prije ",{"t":"idOrVar","v":"value"}," minuta"],"other":["prije ",{"t":"idOrVar","v":"value"}," minuta"]},"$x":[{"t":"idOrVar","v":"plural"},"value"]},{"$i":"hours-ago-long","$v":{"zero":"upravo","one":"prije sat vremena","two":["prije ",{"t":"idOrVar","v":"value"}," sata"],"few":["prije ",{"t":"idOrVar","v":"value"}," sati"],"many":["prije ",{"t":"idOrVar","v":"value"}," sati"],"other":["prije ",{"t":"idOrVar","v":"value"}," sati"]},"$x":[{"t":"idOrVar","v":"plural"},"value"]},{"$i":"days-ago-long","$v":{"zero":"danas","one":"jučer","two":["prije ",{"t":"idOrVar","v":"value"}," dana"],"few":["prije ",{"t":"idOrVar","v":"value"}," dana"],"many":["prije ",{"t":"idOrVar","v":"value"}," dana"],"other":["prije ",{"t":"idOrVar","v":"value"}," dana"]},"$x":[{"t":"idOrVar","v":"plural"},"value"]},{"$i":"weeks-ago-long","$v":{"zero":"ovaj tjedan","one":"prošli tjedan","two":["prije ",{"t":"idOrVar","v":"value"}," tjedna"],"few":["prije ",{"t":"idOrVar","v":"value"}," tjedana"],"many":["prije ",{"t":"idOrVar","v":"value"}," tjedana"],"other":["prije ",{"t":"idOrVar","v":"value"}," tjedana"]},"$x":[{"t":"idOrVar","v":"plural"},"value"]},{"$i":"months-ago-long","$v":{"zero":"ovaj mjesec","one":"prošli mjesec","two":["prije ",{"t":"idOrVar","v":"value"}," mjeseca"],"few":["prije ",{"t":"idOrVar","v":"value"}," mjeseci"],"many":["prije ",{"t":"idOrVar","v":"value"}," mjeseci"],"other":["prije ",{"t":"idOrVar","v":"value"}," mjeseci"]},"$x":[{"t":"idOrVar","v":"plural"},"value"]},{"$i":"years-ago-long","$v":{"zero":"ove godine","one":"prošle godine","two":["prije ",{"t":"idOrVar","v":"value"}," godine"],"few":["prije ",{"t":"idOrVar","v":"value"}," godina"],"many":["prije ",{"t":"idOrVar","v":"value"}," godina"],"other":["prije ",{"t":"idOrVar","v":"value"}," godina"]},"$x":[{"t":"idOrVar","v":"plural"},"value"]},{"$i":"minutes-until-long","$v":{"zero":"upravo","one":"za minutu","two":["za ",{"t":"idOrVar","v":"value"}," minute"],"few":["za ",{"t":"idOrVar","v":"value"}," minuta"],"many":["za ",{"t":"idOrVar","v":"value"}," minuta"],"other":["za ",{"t":"idOrVar","v":"value"}," minuta"]},"$x":[{"t":"idOrVar","v":"plural"},"value"]},{"$i":"hours-until-long","$v":{"zero":"upravo","one":"za sat vremena","two":["za ",{"t":"idOrVar","v":"value"}," sata"],"few":["za ",{"t":"idOrVar","v":"value"}," sati"],"many":["za ",{"t":"idOrVar","v":"value"}," sati"],"other":["za ",{"t":"idOrVar","v":"value"}," sati"]},"$x":[{"t":"idOrVar","v":"plural"},"value"]},{"$i":"days-until-long","$v":{"zero":"danas","one":"sutra","two":["za ",{"t":"idOrVar","v":"value"}," dana"],"few":["za ",{"t":"idOrVar","v":"value"}," dana"],"many":["za ",{"t":"idOrVar","v":"value"}," dana"],"other":["za ",{"t":"idOrVar","v":"value"}," dana"]},"$x":[{"t":"idOrVar","v":"plural"},"value"]},{"$i":"weeks-until-long","$v":{"zero":"ovaj tjedan","one":"idući tjedan","two":["za ",{"t":"idOrVar","v":"value"}," tjedna"],"few":["za ",{"t":"idOrVar","v":"value"}," tjedana"],"many":["za ",{"t":"idOrVar","v":"value"}," tjedana"],"other":["za ",{"t":"idOrVar","v":"value"}," tjedana"]},"$x":[{"t":"idOrVar","v":"plural"},"value"]},{"$i":"months-until-long","$v":{"zero":"ovaj mjesec","one":"idući mjesec","two":["za ",{"t":"idOrVar","v":"value"}," mjeseca"],"few":["za ",{"t":"idOrVar","v":"value"}," mjeseci"],"many":["za ",{"t":"idOrVar","v":"value"}," mjeseci"],"other":["za ",{"t":"idOrVar","v":"value"}," mjeseci"]},"$x":[{"t":"idOrVar","v":"plural"},"value"]},{"$i":"years-until-long","$v":{"zero":"ove godine","one":"iduće godine","two":["za ",{"t":"idOrVar","v":"value"}," godine"],"few":["za ",{"t":"idOrVar","v":"value"}," godina"],"many":["za ",{"t":"idOrVar","v":"value"}," godina"],"other":["za ",{"t":"idOrVar","v":"value"}," godina"]},"$x":[{"t":"idOrVar","v":"plural"},"value"]},{"$i":"minutes-ago-short","$v":{"zero":"upravo","other":["prije ",{"t":"idOrVar","v":"value"},"m"]},"$x":[{"t":"idOrVar","v":"plural"},"value"]},{"$i":"hours-ago-short","$v":{"zero":"upravo","other":["prije ",{"t":"idOrVar","v":"value"},"s"]},"$x":[{"t":"idOrVar","v":"plural"},"value"]},{"$i":"days-ago-short","$v":{"zero":"danas","other":["prije ",{"t":"idOrVar","v":"value"},"d"]},"$x":[{"t":"idOrVar","v":"plural"},"value"]},{"$i":"minutes-until-short","$v":{"zero":"sada","other":["za ",{"t":"idOrVar","v":"value"},"m"]},"$x":[{"t":"idOrVar","v":"plural"},"value"]},{"$i":"hours-until-short","$v":{"zero":"sada","other":["za ",{"t":"idOrVar","v":"value"},"s"]},"$x":[{"t":"idOrVar","v":"plural"},"value"]},{"$i":"days-until-short","$v":{"zero":"danas","other":["za ",{"t":"idOrVar","v":"value"},"d"]},"$x":[{"t":"idOrVar","v":"plural"},"value"]},{"$i":"incorrectDate","$v":"(netočan datum)"},{"$i":"dateTimeFormat_%c","$v":"%a %e %b %Y %H:%M:%S"},{"$i":"dateTimeFormat_%x","$v":"%d.%m.%Y"},{"$i":"dateTimeFormat_%X","$v":"%H:%M:%S"},{"$i":"shortTimeFormat","$v":"%I:%M %p"},{"$i":"shortTimeFormat12","$v":"%I:%M %p"},{"$i":"shortTimeFormat24","$v":"%H:%M"},{"$i":"shortDateTimeFormat","$v":"%x %H:%M"},{"$i":"weekStartsOnMonday","$v":"1"},{"$i":"firstDayOfTheWeek","$v":"0"},{"$i":"time_am","$v":"AM"},{"$i":"time_pm","$v":"PM"},{"$i":"title-app","$v":"App Permission"},{"$i":"title-web","$v":"Website Permission"},{"$i":"title-cam","$v":"Select Camera"},{"$i":"perm-alarms","$v":"Schedule Alarms"},{"$i":"perm-audio-capture","$v":"Mikrofon"},{"$i":"perm-audio-capture-appRequest","$v":["Želite li dijeliti svoj mikrofon sa ",{"t":"idOrVar","v":"app"},"?"]},{"$i":"perm-audio-capture-webRequest","$v":["Želite li dijeliti svoj mikrofon sa ",{"t":"idOrVar","v":"site"},"?"]},{"$i":"perm-audio-channel-content","$v":"Play Sounds"},{"$i":"perm-audio-channel-notification","$v":"Play Notification Sounds"},{"$i":"perm-audio-channel-ringer","$v":"Play Ringtone Sounds"},{"$i":"perm-background-sensors","$v":"Access Sensor Data"},{"$i":"perm-bluetooth","$v":"Bluetooth"},{"$i":"perm-browser","$v":"Inspect Web Pages"},{"$i":"perm-camera","$v":"Cameras"},{"$i":"perm-camera-selector-appRequest","$v":["Select a camera for ",{"t":"idOrVar","v":"app"},"."]},{"$i":"perm-camera-selector-webRequest","$v":["Select a camera for ",{"t":"idOrVar","v":"site"},"."]},{"$i":"perm-cellbroadcast","$v":"Cell Broadcasts"},{"$i":"perm-contacts","$v":"Kontakti"},{"$i":"perm-contacts-appRequest","$v":[{"t":"idOrVar","v":"app"}," želi pristupiti popisu vaših kontakata."]},{"$i":"perm-contacts-webRequest","$v":[{"t":"idOrVar","v":"site"}," želi pristupiti popisu vaših kontakata."]},{"$i":"perm-desktop-notification","$v":"Obavijesti"},{"$i":"perm-desktop-notification-appRequest","$v":[{"t":"idOrVar","v":"app"}," želi prikazivati obavijesti."]},{"$i":"perm-desktop-notification-webRequest","$v":[{"t":"idOrVar","v":"site"}," želi prikazivati obavijesti."]},{"$i":"perm-device-storage-apps","$v":"Apps Storage"},{"$i":"perm-device-storage-music","$v":"Prostor za glazbu"},{"$i":"perm-device-storage-music-appRequest","$v":[{"t":"idOrVar","v":"app"}," želi pristupiti vašoj glazbi."]},{"$i":"perm-device-storage-music-webRequest","$v":[{"t":"idOrVar","v":"site"}," želi pristupiti vašoj glazbi."]},{"$i":"perm-device-storage-pictures","$v":"Prostor za slike"},{"$i":"perm-device-storage-pictures-appRequest","$v":[{"t":"idOrVar","v":"app"}," želi pristupiti vašim slikama."]},{"$i":"perm-device-storage-pictures-webRequest","$v":[{"t":"idOrVar","v":"site"}," želi pristupiti vašim slikama."]},{"$i":"perm-device-storage-sdcard","$v":"Prostor na SD kartici"},{"$i":"perm-device-storage-sdcard-appRequest","$v":[{"t":"idOrVar","v":"app"}," želi pristupiti vašoj memorijskoj kartici."]},{"$i":"perm-device-storage-sdcard-webRequest","$v":[{"t":"idOrVar","v":"site"}," želi pristupiti vašoj memorijskoj kartici."]},{"$i":"perm-device-storage-videos","$v":"Prostor za video"},{"$i":"perm-device-storage-videos-appRequest","$v":[{"t":"idOrVar","v":"app"}," želi pristupiti vašim video snimkama."]},{"$i":"perm-device-storage-videos-webRequest","$v":[{"t":"idOrVar","v":"site"}," želi pristupiti vašim video snimkama."]},{"$i":"perm-embed-apps","$v":"Embed Apps"},{"$i":"perm-fmradio","$v":"FM radio"},{"$i":"perm-fmradio-appRequest","$v":[{"t":"idOrVar","v":"app"}," želi koristiti FM radio."]},{"$i":"perm-fmradio-webRequest","$v":[{"t":"idOrVar","v":"site"}," želi koristiti FM radio."]},{"$i":"perm-geolocation","$v":"Geolokacija"},{"$i":"perm-geolocation-appRequest","$v":[{"t":"idOrVar","v":"app"}," želi znati vašu trenutnu lokaciju."]},{"$i":"perm-geolocation-more-info","$v":[{"t":"idOrVar","v":"brandShortName"}," koristi informacije od GPS-a, Wi-Fi-a i mobilnih mreža u važoj blizini kako bi lakše procijenio vašu lokaciju. Podaci se šalju Mozilli i ostalim pružateljima usluga, te se koriste za unaprijeđenje geolokacijskih baza podataka. Podaci se mogu spremati na vaš uređaj, a prikupljanje podataka se može obavljati čak i kad aplikacije nisu pokrenute."]},{"$i":"perm-geolocation-webRequest","$v":[{"t":"idOrVar","v":"site"}," želi znati vašu trenutnu lokaciju."]},{"$i":"perm-idle","$v":"See Idle Status"},{"$i":"perm-indexedDB-chrome-settings","$v":"Privileged IndexedDB"},{"$i":"perm-indexedDB-unlimited","$v":"Unlimited IndexedDB Storage"},{"$i":"perm-input-manage","$v":"Manage Keyboards"},{"$i":"perm-input","$v":"Act as a Keyboard"},{"$i":"perm-media-capture","$v":"Kamera i mikrofon"},{"$i":"perm-media-capture-appRequest","$v":["Želite li dijeliti svoju kameru i mikrofon sa ",{"t":"idOrVar","v":"app"},"?"]},{"$i":"perm-media-capture-webRequest","$v":["Želite li dijeliti svoju kameru i mikrofon sa ",{"t":"idOrVar","v":"site"},"?"]},{"$i":"perm-mobileconnection","$v":"Mobile Connection"},{"$i":"perm-mobileid","$v":"Mobile Identity"},{"$i":"perm-network-events","$v":"Network Events"},{"$i":"perm-open-remote-window","$v":"Start an App"},{"$i":"perm-permissions","$v":"Modify Apps Permissions"},{"$i":"perm-power","$v":"Power Settings"},{"$i":"perm-settings","$v":"Modify Settings"},{"$i":"perm-systemXHR","$v":"Cross-Origin Requests"},{"$i":"perm-telephony","$v":"Telephony"},{"$i":"perm-video-capture","$v":"Kamera"},{"$i":"perm-video-capture-appRequest","$v":["Želite li dijeliti svoju kameru sa ",{"t":"idOrVar","v":"app"},"?"]},{"$i":"perm-video-capture-webRequest","$v":["Želite li dijeliti svoju kameru sa ",{"t":"idOrVar","v":"site"},"?"]},{"$i":"perm-voicemail","$v":"Control Voicemail"},{"$i":"perm-webapps-manage","$v":"Install Webapps"},{"$i":"perm-wifi-manage","$v":"Manage Wi-Fi"},{"$i":"perm-attention","$v":"Open Overlay Popups"},{"$i":"perm-audio-channel-alarm","$v":"Play Alarm Sounds"},{"$i":"perm-audio-channel-normal","$v":"Play Sounds"},{"$i":"perm-audio-channel-publicnotification","$v":"Play public notification sounds"},{"$i":"perm-audio-channel-telephony","$v":"Play Telephony Sounds"},{"$i":"perm-backgroundservice","$v":"Act as a Background Service"},{"$i":"perm-device-storage-crashes","$v":"Crash Data Storage"},{"$i":"perm-downloads","$v":"Access Downloads"},{"$i":"perm-embed-widgets","$v":"Embed Widgets"},{"$i":"perm-feature-detection","$v":"Feature Detection"},{"$i":"perm-firefox-accounts","$v":"Firefox Accounts"},{"$i":"perm-mobilenetwork","$v":"Mobile Network"},{"$i":"perm-moz-attention","$v":"Open Overlay Popups (moz)"},{"$i":"perm-moz-audio-channel-ringer","$v":"Play Ringtone Sounds (moz)"},{"$i":"perm-moz-audio-channel-telephony","$v":"Play Telephony Sounds (moz)"},{"$i":"perm-moz-firefox-accounts","$v":"Firefox Accounts (moz)"},{"$i":"perm-networkstats-manage","$v":"Control Usage Stats"},{"$i":"perm-nfc","$v":"NFC"},{"$i":"perm-nfc-hci-events","$v":"NFC HCI Events"},{"$i":"perm-nfc-manager","$v":"Manage NFC"},{"$i":"perm-phonenumberservice","$v":"Phone Number Service"},{"$i":"perm-push","$v":"Push API"},{"$i":"perm-resourcestats-manage","$v":"Resource Stats"},{"$i":"perm-sms","$v":"Send and Read SMS"},{"$i":"perm-speaker-control","$v":"Control Volume"},{"$i":"perm-storage","$v":"Access Storage"},{"$i":"perm-tcp-socket","$v":"TCP Sockets"},{"$i":"perm-test-permission","$v":"Test Permission"},{"$i":"perm-time","$v":"Set Date and Time"},{"$i":"perm-udp-socket","$v":"UDP Sockets"},{"$i":"perm-wappush","$v":"WAP Push"},{"$i":"tz-region","$v":"Regija"},{"$i":"tz-city","$v":"Grad"},{"$i":"tzRegion-Africa","$v":"Afrika"},{"$i":"tzRegion-America","$v":"Amerika"},{"$i":"tzRegion-Antarctica","$v":"Antarktika"},{"$i":"tzRegion-Asia","$v":"Azija"},{"$i":"tzRegion-Atlantic","$v":"Atlantski ocean"},{"$i":"tzRegion-Australia","$v":"Australija"},{"$i":"tzRegion-Europe","$v":"Europa"},{"$i":"tzRegion-Indian","$v":"Indijski ocean"},{"$i":"tzRegion-Pacific","$v":"Tihi ocean"},{"$i":"ringtone-none","$v":"None"},{"$i":"ringer_bubble","$v":"Bubble"},{"$i":"ringer_chimer","$v":"Chimer"},{"$i":"ringer_cunning","$v":"Cunning"},{"$i":"ringer_dulco","$v":"Dulco"},{"$i":"ringer_firefox2","$v":[{"t":"idOrVar","v":"ringtoneBrandName"}]},{"$i":"ringer_garden","$v":"Garden"},{"$i":"ringer_marbled","$v":"Marbled"},{"$i":"ringer_opti","$v":"Opti"},{"$i":"ringer_pecko","$v":"Pecko"},{"$i":"ringer_pingy","$v":"Pingy"},{"$i":"ringer_poppop","$v":"Pop Pop"},{"$i":"ringer_sata","$v":"Sata"},{"$i":"ringer_simple","$v":"Clean"},{"$i":"ringer_standard1","$v":"Classic"},{"$i":"ringer_standard2","$v":"Classic Fast"},{"$i":"ringer_stutter","$v":"Stutter"},{"$i":"ringer_symmetry","$v":"Symmetry"},{"$i":"ringer_tailwind","$v":"Tail Wind"},{"$i":"ringer_thoughtful","$v":"Thoughtful"},{"$i":"ringer_wit","$v":"Wit"},{"$i":"ringer_zen","$v":"Zen"},{"$i":"notifier_bells","$v":"Bells"},{"$i":"notifier_bloom","$v":"Bloom"},{"$i":"notifier_chime","$v":"Chime"},{"$i":"notifier_clicka","$v":"Clicka"},{"$i":"notifier_digi","$v":"Digi"},{"$i":"notifier_dropplet","$v":"Dropplet"},{"$i":"notifier_firefox2","$v":[{"t":"idOrVar","v":"ringtoneBrandName"}]},{"$i":"notifier_hello","$v":"Hello"},{"$i":"notifier_lowmarble","$v":"Low Marble"},{"$i":"notifier_ping","$v":"Ping"},{"$i":"notifier_plickle","$v":"Plickle"},{"$i":"notifier_pocko","$v":"Pocko"},{"$i":"notifier_quado","$v":"Quado"},{"$i":"notifier_red","$v":"Red"},{"$i":"notifier_sato","$v":"Sato"},{"$i":"notifier_swipo","$v":"Swipo"},{"$i":"notifier_trickleup","$v":"Trickle Up"},{"$i":"notifier_trink","$v":"Trink"},{"$i":"notifier_verse","$v":"Verse"},{"$i":"settings","$v":"Postavke"},{"$i":"advancedSettings","$v":"Advanced Settings"},{"$i":"default","$v":"Default"},{"$i":"enabled","$v":"Omogućeno"},{"$i":"enable","$v":"Enable"},{"$i":"disabled","$v":"Onemogućeno"},{"$i":"error","$v":"Greška"},{"$i":"ok","$v":"U redu"},{"$i":"yes","$v":"Da"},{"$i":"no","$v":"Ne"},{"$i":"reset","$v":"Reset"},{"$i":"cancel","$v":"Otkaži"},{"$i":"close","$v":"Zatvori"},{"$i":"back","$v":"Natrag"},{"$i":"continue","$v":"Nastavi"},{"$i":"skip","$v":"Skip"},{"$i":"pair","$v":"Upari"},{"$i":"add","$v":"Add"},{"$i":"done","$v":"Gotovo"},{"$i":"set","$v":"Postavi"},{"$i":"notNow","$v":"Ne sada"},{"$i":"turnOn","$v":"Uključi"},{"$i":"selectASIMCard","$v":"Odaberi SIM karticu"},{"$i":"sim1","$v":"SIM 1"},{"$i":"sim2","$v":"SIM 2"},{"$i":"unavailable","$v":"Not available"},{"$i":"confirmation","$v":"Confirmation"},{"$i":"simSettingsWithIndex","$v":["SIM ",{"t":"idOrVar","v":"index"}," Settings"]},{"$i":"networkAndConnectivity","$v":"Mreža i povezivost"},{"$i":"airplaneMode","$v":"Airplane Mode"},{"$i":"geolocation","$v":"Geolokacija"},{"$i":"wifi","$v":"Wi-Fi"},{"$i":"wifi-header","$v":[{"t":"idOrVar","v":"wifi"}]},{"$i":"wifi-disabled","$v":"Uključite Wi-Fi da biste vidjeli dostupne mreže."},{"$i":"availableNetworks","$v":"Available Networks"},{"$i":"knownNetworks","$v":"Known Networks"},{"$i":"hiddenNetworks","$v":"Hidden Networks"},{"$i":"scanning","$v":"Pretraživanje…"},{"$i":"scanNetworks","$v":"Search Again"},{"$i":"fullStatus-initializing","$v":"Inicijalizacija…"},{"$i":"fullStatus-connecting","$v":["Povezivanje na ",{"t":"idOrVar","v":"ssid"},"…"]},{"$i":"fullStatus-associated","$v":"Dobivanje IP adrese…"},{"$i":"fullStatus-connected","$v":["Spojen na ",{"t":"idOrVar","v":"ssid"}]},{"$i":"fullStatus-connectingfailed","$v":"Veza nije uspjela"},{"$i":"fullStatus-disconnected","$v":"Izvanmrežno"},{"$i":"shortStatus-connecting","$v":"Povezivanje…"},{"$i":"shortStatus-associated","$v":"Dobivanje IP adrese…"},{"$i":"shortStatus-connected","$v":"Povezan"},{"$i":"shortStatus-connectingfailed","$v":"Veza nije uspjela"},{"$i":"shortStatus-disconnected","$v":"Izvanmrežno"},{"$i":"wifi-sleep","$v":"Wi-Fi Sleep"},{"$i":"wifi-sleep-description","$v":"Enable to automatically turn off Wi-Fi during sleep to save battery power.  "},{"$i":"manageNetworks","$v":"Manage Networks"},{"$i":"wifi-bad-credentials-title","$v":"Failed connecting to Wi-Fi"},{"$i":"wifi-bad-credentials-confirm","$v":["Unable to connect to ",{"t":"idOrVar","v":"ssid"},", authentication failed due to bad credentials. Please re-enter the network password."]},{"$i":"manageNetworks-header","$v":[{"t":"idOrVar","v":"manageNetworks"}]},{"$i":"manageCertificates","$v":"Upravljanje certifikatima"},{"$i":"manageCert","$v":"Upravljanje cert."},{"$i":"joinHiddenNetwork","$v":"Join Hidden Network"},{"$i":"securedBy","$v":["Zaštićeno sa ",{"t":"idOrVar","v":"capabilities"}]},{"$i":"security","$v":"Sigurnost"},{"$i":"securityNone","$v":"Ništa"},{"$i":"securityOpen","$v":"Otvoreno"},{"$i":"notInRange","$v":"Not in range"},{"$i":"ipAddress","$v":"IP adresa"},{"$i":"linkSpeed","$v":"Brzina veze"},{"$i":"linkSpeedMbs","$v":[{"t":"idOrVar","v":"linkSpeed"}," Mbit/s"]},{"$i":"signalStrength","$v":"Jačina signala"},{"$i":"signalLevel0","$v":"Vrlo niska"},{"$i":"signalLevel1","$v":"Slaba"},{"$i":"signalLevel2","$v":"Prosječna"},{"$i":"signalLevel3","$v":"Dobra"},{"$i":"signalLevel4","$v":"Vrlo dobra"},{"$i":"forget","$v":"Zaboravi"},{"$i":"forgetNetwork-dialog","$v":"Zaboraviti mrežu?"},{"$i":"forgetNetwork-confirmation","$v":"Potvrda"},{"$i":"authentication","$v":"Autentifikacija"},{"$i":"authentication-header","$v":[{"t":"idOrVar","v":"authentication"}]},{"$i":"eap","$v":"EAP metoda"},{"$i":"auth-phase2","$v":"Faza 2 autentifikacije"},{"$i":"server-certificate","$v":"Certifikat poslužitelja"},{"$i":"import-certificate-msg","$v":"Notice: If you need to import new certificates, please go to \"Manage certificates\"."},{"$i":"identity","$v":"Identifikator"},{"$i":"password","$v":"Lozinka"},{"$i":"showPassword","$v":"Prikaži lozinku"},{"$i":"networkNotification","$v":"Mrežne obavijesti"},{"$i":"networkNotification-expl","$v":"Obavijesti me kada je dostupna otvorena mreža"},{"$i":"macAddress","$v":"MAC Address"},{"$i":"deviceInfo_software","$v":[{"t":"idOrVar","v":"brandShortName"}," ",{"t":"idOrVar","v":"os"}]},{"$i":"macUnavailable","$v":"Nedostupna"},{"$i":"noNetworksFound","$v":"Nisu pronađene mreže"},{"$i":"noKnownNetworks","$v":"Nema poznatih mreža"},{"$i":"edit","$v":"Uredi"},{"$i":"certificateList","$v":"Certificate List"},{"$i":"noCertificate","$v":"Nema uvezenih certifikata"},{"$i":"deleteCertificate","$v":"Obriši certifikat"},{"$i":"importCertificate","$v":"Uvezi certifikat"},{"$i":"selectCertificateFile","$v":"Odaberite datoteku certifikata"},{"$i":"enterCertificateNickname","$v":"Unesite nadimak certifikata"},{"$i":"nickname","$v":"Nadimak"},{"$i":"enter-certificate-name-msg","$v":"Možete promijeniti nadimak ili zadržati zadanu vrijednost."},{"$i":"certificate-deletion-failed","$v":"Brisanje certifikata nije uspjelo"},{"$i":"certificate-deletion-failed-description","$v":"Do ove greške moglo je doći zbog poteškoća sa spremištem podataka."},{"$i":"certificate-import-failed","$v":"Uvoz certifikata nije uspio"},{"$i":"certificate-import-failed-description","$v":"Do ove pogreške moglo je doći zbog oštećene datoteke certifikata."},{"$i":"wpsMessage","$v":"Poveži WPS-om"},{"$i":"wpsMessage-header","$v":[{"t":"idOrVar","v":"wpsMessage"}]},{"$i":"fullStatus-wps-inprogress","$v":"WPS je već u tijeku…"},{"$i":"fullStatus-wps-canceled","$v":"WPS je otkazan"},{"$i":"fullStatus-wps-timedout","$v":"WPS-u je isteklo vrijeme"},{"$i":"fullStatus-wps-failed-error","$v":["WPS failed [",{"t":"idOrVar","v":"error"},"]"]},{"$i":"fullStatus-wps-overlapped","$v":"Pronađen je novi WPS PBC AP"},{"$i":"wpsDescription2","$v":"Automatsko podešavanje bežične mreže"},{"$i":"wpsMethodSelection","$v":"Odaberite WPS metodu:"},{"$i":"wpsPbcLabel","$v":"Veza putem tipke"},{"$i":"wpsMyPinLabel","$v":"Moja PIN veza"},{"$i":"wpsApPinLabel","$v":"AP PIN veza"},{"$i":"wpsPinDescription","$v":"PIN sadrži 4 ili 8 brojki"},{"$i":"wpsPinInput","$v":["Upišite ",{"t":"idOrVar","v":"pin"}," na drugi uređaj"]},{"$i":"wpsPinAps","$v":"Odaberite suprotni uređaj"},{"$i":"wpsAnyAp","$v":"Bilo koji"},{"$i":"wpsCancelMessage","$v":"Otkaži WPS"},{"$i":"wpsCancelFailedMessageError","$v":["Failed to cancel WPS [",{"t":"idOrVar","v":"error"},"]"]},{"$i":"callSettings","$v":"Postavke poziva"},{"$i":"callSettings-header","$v":[{"t":"idOrVar","v":"callSettings"}]},{"$i":"callSettingsQuery","$v":"Dobivanje informacija o mreži…"},{"$i":"callSettingsQueryError","$v":"Greška u upitu"},{"$i":"voiceMail","$v":"Glasovna pošta"},{"$i":"voiceMail-header","$v":[{"t":"idOrVar","v":"voiceMail"}]},{"$i":"voiceMail-number","$v":"Broj glasovne pošte"},{"$i":"voiceMail-number-notSet","$v":"Nije postavljen"},{"$i":"voicePrivacyMode","$v":"Voice Privacy Mode"},{"$i":"callWaiting","$v":"Call Waiting"},{"$i":"confirmCallWaitingTitle","$v":"Nije moguće potvrditi postavke poziva na čekanju"},{"$i":"confirmCallWaitingDesc","$v":"Uređaj trenutno ne može komunicirati s pružateljem usluga. Pokušajte spremiti postavke kasnije."},{"$i":"callForwarding","$v":"Call Forwarding"},{"$i":"callForwarding-header","$v":[{"t":"idOrVar","v":"callForwarding"}]},{"$i":"callForwardingForward","$v":"Proslijedi"},{"$i":"callForwardingUnconditional","$v":"Uvijek proslijedi"},{"$i":"callForwardingUnconditionalShort","$v":"Uvijek"},{"$i":"callForwardingMobileBusy","$v":"Proslijedi ako je zauzeto"},{"$i":"callForwardingMobileBusyShort","$v":"Kada je zauzeto"},{"$i":"callForwardingNoReply","$v":"Proslijedi kod nejavljanja"},{"$i":"callForwardingNoReplyShort","$v":"Kod nejavljanja"},{"$i":"callForwardingNotReachable","$v":"Proslijedi kod nedostupnosti"},{"$i":"callForwardingNotReachableShort","$v":"Kod nedostupnosti"},{"$i":"callForwardingForwardingVoiceToNumber","$v":["Voice calls to ",{"t":"idOrVar","v":"number"}]},{"$i":"callForwardingNotForwarding","$v":"Onemogućeno"},{"$i":"callForwardingConfirmTitle","$v":"Potvrdna poruka prosijeđivanja poziva"},{"$i":"cf-alwaysUseThisNumber","$v":"Uvijek koristi ovaj broj"},{"$i":"cf-numberWhenUnreachable","$v":"Broj u slučaju nedostupnosti"},{"$i":"cf-numberWhenUnanswered","$v":"Broj u slučaju nejavljanja"},{"$i":"cf-numberWhenBusy","$v":"Broj u slučaju zauzetosti"},{"$i":"callForwardingInvalidNumberError","$v":"Ovaj broj telefona nije ispravan."},{"$i":"callForwardingSetSuccess","$v":"Operacija uspješno postavljena."},{"$i":"callForwardingSetForbidden","$v":"Vaš pružatelj usluge ne podržava ovu operaciju."},{"$i":"callForwardingSetError","$v":"Greška postavki poziva."},{"$i":"callerId","$v":"Prikaz poziva"},{"$i":"callBarring","$v":"Call Barring"},{"$i":"callBarring-header","$v":[{"t":"idOrVar","v":"callBarring"}]},{"$i":"callBarring-outgoing","$v":"Outgoing calls"},{"$i":"callBarring-baoc","$v":"All"},{"$i":"callBarring-boic","$v":"International"},{"$i":"callBarring-boicExhc","$v":"International except Home Country"},{"$i":"callBarring-incoming","$v":"Incoming calls"},{"$i":"callBarring-baic","$v":"All"},{"$i":"callBarring-baicR","$v":"All while roaming"},{"$i":"callBarring-passcode","$v":"Passcode"},{"$i":"callBarring-change-passcode","$v":"Change passcode"},{"$i":"callBarring-passcode-enter","$v":"Enter passcode"},{"$i":"callBarring-passcode-unknown","$v":"In case you don't know your passcode, please contact your carrier"},{"$i":"callBarring-current-passcode","$v":"Current passcode"},{"$i":"callBarring-new-passcode","$v":"New passcode"},{"$i":"callBarring-create-passcode","$v":"Create a Passcode"},{"$i":"callBarring-confirm-passcode","$v":"Confirm passcode"},{"$i":"callBarring-passcode-error-generic","$v":"Passcode error."},{"$i":"callBarring-passcode-error-incorrect","$v":"Passcode is incorrect."},{"$i":"callBarring-passcode-error-mismatch","$v":"Passcode doesn’t match."},{"$i":"callBarring-update-item-error","$v":["Error while updating the item: ",{"t":"idOrVar","v":"error"},"."]},{"$i":"callBarring-change-passcode-success","$v":"Passcode changed."},{"$i":"callerId-default","$v":"Zadana postavka mreže"},{"$i":"callerId-hide","$v":"Sakrij broj"},{"$i":"callerId-show","$v":"Prikaži broj"},{"$i":"fdn","$v":"Fixed dialing numbers"},{"$i":"fdnSettings","$v":"Fixed Dialing Numbers"},{"$i":"fdnSettings-header","$v":[{"t":"idOrVar","v":"fdnSettings"}]},{"$i":"fdn-authorizedNumbers","$v":"Ovlašteni brojevi"},{"$i":"fdn-authorizedNumbers-header","$v":[{"t":"idOrVar","v":"fdn-authorizedNumbers"}]},{"$i":"fdn-authorizedNumbers-desc","$v":"Popis brojeva koje se može zvati"},{"$i":"fdn-explanation1","$v":"Ograničite brojeve koji se mogu pozivati s ovog telefona."},{"$i":"fdn-explanation2","$v":"(Brojevi hitnih službi će uvijek biti dostupni)"},{"$i":"fdnEnable","$v":"Omogući FDN"},{"$i":"fdnDisable","$v":"Onemogući FDN"},{"$i":"fdnReset","$v":"Reset PIN2"},{"$i":"fdnAttemptMsg3","$v":{"one":"Imate još jedan pokušaj za unos ispravnog kôda prije zaključavanja SIM kartice.","two":["Imate još ",{"t":"idOrVar","v":"n"}," pokušaja za unos ispravnog kôda prije zaključavanja SIM kartice."],"few":["Imate još ",{"t":"idOrVar","v":"n"}," pokušaja za unos ispravnog kôda prije zaključavanja SIM kartice."],"many":["Imate još ",{"t":"idOrVar","v":"n"}," pokušaja za unos ispravnog kôda prije zaključavanja SIM kartice."],"other":["Imate još ",{"t":"idOrVar","v":"n"}," pokušaja za unos ispravnog kôda prije zaključavanja SIM kartice."]},"$x":[{"t":"idOrVar","v":"plural"},"n"]},{"$i":"fdnLastChanceMsg","$v":"Ovo je vaša posljednja prilika za unos ispravnog PIN2 kôda, u suprotnom morate upisati PUK2 za ovu SIM karticu."},{"$i":"fdnErrorMsg","$v":"PIN2 kôd je netočan."},{"$i":"fdn-enabled-warning","$v":"Proslijeđivanje poziva onemogućuje FDN."},{"$i":"fdnContact-name","$v":"ime"},{"$i":"fdnContact-number","$v":"broj"},{"$i":"fdnContact-submit","$v":"potvrdi"},{"$i":"fdnAction-add","$v":"Dodaj kontakt"},{"$i":"fdnAction-call","$v":"Poziv"},{"$i":"fdnAction-edit","$v":"Edit contact"},{"$i":"fdnAction-edit-header","$v":"Edit contact"},{"$i":"fdnAction-delete","$v":"Obriši kontakt"},{"$i":"fdnNoFDNFreeRecord","$v":"Maximum FDN reached. You cannot add more numbers."},{"$i":"messagingSettings","$v":"Postavke poruka"},{"$i":"messagingSettings-header","$v":[{"t":"idOrVar","v":"messagingSettings"}]},{"$i":"message-confirmation","$v":"Message Confirmation"},{"$i":"message-delivery-reports","$v":"Delivery Reports"},{"$i":"message-delivery-reports-details","$v":"Zatražite obavijest isporuke svake poslane poruke"},{"$i":"message-read-reports","$v":"Read Reports"},{"$i":"message-read-reports-details","$v":"Request read report for each message sent"},{"$i":"mmsTitle","$v":"Multimedia Messaging (MMS)"},{"$i":"auto-retrieve","$v":"Auto Retrieve"},{"$i":"auto-retrieve-details","$v":"Automatically prikupljanje poruka"},{"$i":"manual-retrieve","$v":"Iskljućeno"},{"$i":"auto-roaming-retrieve","$v":"Ukljućeno kod roaminga"},{"$i":"auto-no-roaming-retrieve","$v":"Ukljućeno osim kod roaminga"},{"$i":"autoConfigure","$v":"Automatsko podešavanje"},{"$i":"wapPushMessages","$v":"WAP Push Messages"},{"$i":"wapPush","$v":"WAP push"},{"$i":"cellBroadcastMessages","$v":"Cell Broadcast Messages"},{"$i":"cellBroadcast","$v":"Cell Broadcast"},{"$i":"emergencyAlert","$v":"Emergency Alert"},{"$i":"messagingInformation","$v":"Information"},{"$i":"messaging-SMSC","$v":"Service Center"},{"$i":"messaging-sim-settings","$v":["SIM ",{"t":"idOrVar","v":"index"}," Settings"]},{"$i":"unknown-SMSC","$v":"Info not available"},{"$i":"cellularAndData","$v":"Mobilne i podat. veze"},{"$i":"cellularAndData-header","$v":[{"t":"idOrVar","v":"cellularAndData"}]},{"$i":"dataNetwork","$v":"Operater"},{"$i":"dataConnectivity","$v":"Podatkovna veza"},{"$i":"dataConnection","$v":"Data Connection"},{"$i":"dataRoaming","$v":"Data Roaming"},{"$i":"networkOperator","$v":"Network Operator"},{"$i":"networkOperator-header","$v":[{"t":"idOrVar","v":"networkOperator"}]},{"$i":"availableOperators","$v":"Network Operators In The Area"},{"$i":"preferredNetworkTypeAlertTitle","$v":"Preferiran način rada mreže"},{"$i":"preferredNetworkTypeAlertErrorMessage","$v":"Način rada mreže ne može biti postavljen"},{"$i":"operator-networkType","$v":"Network Type"},{"$i":"operator-networkType-auto","$v":"Automatski"},{"$i":"operator-networkType-prefer3G","$v":"3G preferred"},{"$i":"operator-networkType-2G","$v":"Samo 2G"},{"$i":"operator-networkType-3G","$v":"Samo 3G"},{"$i":"operator-networkType-GSM","$v":"GSM"},{"$i":"operator-networkType-WCDMA","$v":"WCDMA"},{"$i":"operator-networkType-CDMA","$v":"CDMA"},{"$i":"operator-networkType-EVDO","$v":"EVDO"},{"$i":"operator-networkType-LTE","$v":"LTE"},{"$i":"operator-networkType-preferWCDMA","$v":"Preferiraj WCDMA"},{"$i":"operator-networkType-auto-2G-3G","$v":"Auto (2G/3G)"},{"$i":"operator-networkType-auto-CDMA-EVDO","$v":"Auto (CDMA/EVDO)"},{"$i":"operator-networkType-auto-WCDMA-GSM","$v":"Auto (WCDMA/GSM)"},{"$i":"operator-networkType-auto-LTE-WCDMA-GSM","$v":"Auto (LTE/WCDMA/GSM)"},{"$i":"operator-networkType-auto-LTE-CDMA-EVDO","$v":"Auto (LTE/CDMA/EVDO)"},{"$i":"operator-networkType-auto-WCDMA-GSM-CDMA-EVDO","$v":"Auto (WCDMA/GSM/CDMA/EVDO)"},{"$i":"operator-autoSelect","$v":"Automatic Selection"},{"$i":"operator-networkSelect-auto","$v":"Automatsko"},{"$i":"operator-networkSelect-manual","$v":"Ručno"},{"$i":"operator-turnAutoSelectOff","$v":"Isključite automatski odabir ako želite vidjeti dostupne mrežne operatere."},{"$i":"operator-status-connecting","$v":"Povezivanje…"},{"$i":"operator-status-connectingfailed","$v":"Povezivanje nije uspjelo"},{"$i":"operator-status-connected","$v":"Povezan"},{"$i":"operator-roamingPreference","$v":"Postavke roaminga"},{"$i":"operator-roamingPreference-home","$v":"Domaća"},{"$i":"operator-roamingPreference-any","$v":"Bilo koja"},{"$i":"operator-roamingPreference-affiliated","$v":"Partnerska"},{"$i":"apn","$v":"APN"},{"$i":"apnSettings","$v":"APN Settings"},{"$i":"apnSettings-header","$v":[{"t":"idOrVar","v":"apnSettings"}]},{"$i":"dataSettings","$v":"Data Settings"},{"$i":"dataSettings-header","$v":[{"t":"idOrVar","v":"dataSettings"}]},{"$i":"suplSettings","$v":"A-GPS Settings"},{"$i":"suplSettings-header","$v":[{"t":"idOrVar","v":"suplSettings"}]},{"$i":"messageSettings","$v":"Message Settings"},{"$i":"messageSettings-header","$v":[{"t":"idOrVar","v":"messageSettings"}]},{"$i":"dunSettings","$v":"Tethering Settings"},{"$i":"dunSettings-header","$v":[{"t":"idOrVar","v":"dunSettings"}]},{"$i":"imsSettings","$v":"IMS Settings"},{"$i":"imsSettings-header2","$v":[{"t":"idOrVar","v":"imsSettings"}]},{"$i":"apn-editor-header","$v":"APN Editor"},{"$i":"mmsport","$v":"MMS port"},{"$i":"mmsproxy","$v":"MMS proxy"},{"$i":"mmsc","$v":"MMSC"},{"$i":"httpProxyHost","$v":"HTTP proxy adresa"},{"$i":"httpProxyPort","$v":"HTTP proxy port"},{"$i":"custom","$v":"(prilagođene postavke)"},{"$i":"apn-authType","$v":"Autentikacija"},{"$i":"apn-authType-notDefined","$v":"Not defined"},{"$i":"apn-authType-none","$v":"Nepopunjeno"},{"$i":"apn-authType-pap","$v":"PAP"},{"$i":"apn-authType-chap","$v":"CHAP"},{"$i":"apn-authType-papOrChap","$v":"PAP or CHAP"},{"$i":"apn-protocol","$v":"Protocol"},{"$i":"apn-roaming-protocol","$v":"Roaming Protocol"},{"$i":"apn-protocol-notDefined","$v":"Not defined"},{"$i":"apn-protocol-ip","$v":"IPv4"},{"$i":"apn-protocol-ipv6","$v":"IPv6"},{"$i":"apn-protocol-ipv4v6","$v":"IPv4/IPv6"},{"$i":"apn-type","$v":"APN Type"},{"$i":"dataConnection-warning-head","$v":"Uključiti podatkovnu vezu?"},{"$i":"dataConnection-warning-message","$v":"Aplikacije će automatski preuzimati podatke putem podatkovne veze. Ovo može rezultirati dodatnim troškovima."},{"$i":"dataRoaming-warning-head","$v":"Podatkovna veza u roamingu?"},{"$i":"dataRoaming-warning-message","$v":"Ovisno o ugovoru s mobilnim operaterom, korištenje podatkovne veze u roamingu može rezultirati dodatnim troškovima."},{"$i":"change-apn-warning-message1","$v":"Depending on your service agreement, changing your APN setting may result in extra charges when roaming. Do you want to proceed?"},{"$i":"reset-apn-warning-title","$v":"Reset to Default"},{"$i":"reset-apn-warning-message","$v":"This resets the settings to default values. This cannot be undone."},{"$i":"state-unknown","$v":"Nepoznato stanje"},{"$i":"state-available","$v":"Dostupna"},{"$i":"state-connected","$v":"Spojen"},{"$i":"state-current","$v":"Spojen"},{"$i":"state-forbidden","$v":"Zabranjena"},{"$i":"delete-apn-confirm","$v":"Delete this APN?"},{"$i":"delete-apn","$v":"Delete"},{"$i":"add-apn","$v":"Add New APN"},{"$i":"reset-apn","$v":"Reset to Default"},{"$i":"apnSettings-reset","$v":"APN settings reset"},{"$i":"bluetooth","$v":"Bluetooth"},{"$i":"bluetooth-header","$v":[{"t":"idOrVar","v":"bluetooth"}]},{"$i":"bluetooth-enable-msg","$v":"Uključite Bluetooth da biste vidjeli uređaje u blizini."},{"$i":"bluetooth-paired-devices","$v":"Upareni uređaju"},{"$i":"bluetooth-devices-in-area","$v":"Uređaji u blizini"},{"$i":"bluetooth-visible-to-all","$v":"Vidljiv svima"},{"$i":"bluetooth-name-maxlength-alert","$v":["Ime vašeg uređaja prekoračuje ograničenje od ",{"t":"idOrVar","v":"length"}," characters. Molim pokušajte ponovno."]},{"$i":"bluetooth-address","$v":"Bluetooth Address"},{"$i":"bluetooth-address-unavailable","$v":"Not available"},{"$i":"bt-status-nopaired","$v":"Nema uparenih uređaja"},{"$i":"bt-status-turnoff","$v":"Isključen"},{"$i":"bt-status-paired","$v":{"zero":[{"t":"idOrVar","v":"name"}],"one":[{"t":"idOrVar","v":"name"},", +",{"t":"idOrVar","v":"n"}," drugi"],"two":[{"t":"idOrVar","v":"name"},", +",{"t":"idOrVar","v":"n"}," drugih"],"few":[{"t":"idOrVar","v":"name"},", +",{"t":"idOrVar","v":"n"}," drugih"],"many":[{"t":"idOrVar","v":"name"},", +",{"t":"idOrVar","v":"n"}," drugih"],"other":[{"t":"idOrVar","v":"name"},", +",{"t":"idOrVar","v":"n"}," drugih"]},"$x":[{"t":"idOrVar","v":"plural"},"n"]},{"$i":"device-status-tap-connect","$v":"Pritisnite za povezivanje"},{"$i":"device-status-pairing","$v":"Uparivanje s uređajem…"},{"$i":"device-status-waiting","$v":"Čekanje drugog uređaja…"},{"$i":"device-status-paired","$v":"Uparen"},{"$i":"device-status-connecting","$v":"Povezivanje…"},{"$i":"device-status-connected","$v":"Povezan"},{"$i":"device-status-connected-media","$v":"Povezan na audio medija"},{"$i":"device-option-unpair","$v":"Raskini vezu"},{"$i":"device-option-confirm","$v":"Potvrdi"},{"$i":"device-option-unpair-confirmation","$v":"Potvrda"},{"$i":"device-option-unpair-device","$v":"Unpair device?"},{"$i":"device-option-connect","$v":"Poveži"},{"$i":"device-option-disconnect","$v":"Odspoji"},{"$i":"search-for-device","$v":"Pretraživanje uređaja…"},{"$i":"search-device","$v":"Pretraži uređaje"},{"$i":"rename-device","$v":"Preimenuj moj uređaj"},{"$i":"unnamed-device","$v":"Nepoznat uređaj"},{"$i":"change-phone-name-desc","$v":"Promijeni naziv uređaja koji će se prikazati na vašem računalu"},{"$i":"bluetooth-new-name","$v":"Novo ime"},{"$i":"error-pair-title","$v":"Nije moguće upariti uređaje"},{"$i":"error-pair-pincode","$v":"Uparivanje s uređajem nije moguće. Provjerite je li upisan točan PIN."},{"$i":"error-pair-toofast","$v":"Uparivanje s uređajem nije moguće. Previše zahtjeva."},{"$i":"error-connect-title","$v":"Povezivanje uređaja nije moguće"},{"$i":"error-connect-msg","$v":"Provjerite da je uređaj s kojim se pokušavate povezati još uvijek u dometu, te da ima uključen Bluetooth."},{"$i":"unpair-title","$v":"Raskinuti vezu s povezanim uređajem?"},{"$i":"unpair-msg","$v":"Trenutno ste spojeni s ovim uređajem. Raskid veze će vas također odspojiti s uređajem."},{"$i":"nfc","$v":"NFC"},{"$i":"SSIDCannotBeEmpty","$v":"SSID ne može biti prazan"},{"$i":"internetSharing","$v":"Internet Sharing"},{"$i":"internetSharing-header","$v":[{"t":"idOrVar","v":"internetSharing"}]},{"$i":"internetSharing-usb","$v":"USB"},{"$i":"internetSharing-wifi","$v":"Wi-Fi"},{"$i":"wifi-hotspot","$v":"Wi-Fi Hotspot"},{"$i":"wifi-name","$v":"Naziv"},{"$i":"wifi-password","$v":"Lozinka"},{"$i":"wifi-security","$v":"Sigurnost"},{"$i":"usb-tethering","$v":"USB Tethering"},{"$i":"hotspotSettings","$v":"Hotspot Settings"},{"$i":"wifi-auth-username","$v":"Username"},{"$i":"wifi-auth-password","$v":"Password"},{"$i":"wifi-join-username","$v":"Username"},{"$i":"wifi-join-password","$v":"Password"},{"$i":"hotspotSettings-header","$v":[{"t":"idOrVar","v":"hotspotSettings"}]},{"$i":"ssid-name","$v":"SSID Network Name"},{"$i":"hotspot-open","$v":"otvoren"},{"$i":"hotspot-wpa-psk","innerHTML":"WPA (TKIP)"},{"$i":"hotspot-wpa2-psk","innerHTML":"WPA2 (AES)"},{"$i":"hotspot-password-desc","$v":"The password must have at least 8 characters."},{"$i":"personalization","$v":"Personalizacija"},{"$i":"sound","$v":"Zvuk"},{"$i":"sound-header","$v":[{"t":"idOrVar","v":"sound"}]},{"$i":"volume","$v":"Glasnoća"},{"$i":"tones","$v":"Melodije"},{"$i":"touch-tones","$v":"Tonovi pritiska"},{"$i":"touch-tone-short","$v":"Kratki"},{"$i":"touch-tone-long","$v":"Dugi"},{"$i":"select-tone","$v":"Melodije"},{"$i":"ringtones","$v":"Zvuci poziva"},{"$i":"alerts","$v":"Upozorenja"},{"$i":"manage-tones","$v":"Manage Tones"},{"$i":"other-sounds","$v":"Other Sounds"},{"$i":"unlock-screen","$v":"Otključavanje zaslona"},{"$i":"camera","$v":"Camera"},{"$i":"sent-message","$v":"Poslana poruka"},{"$i":"alarm-sound","$v":"Alarm"},{"$i":"ringtone-and-notification-sound","$v":"Ringtones & Notifications"},{"$i":"media-sound","$v":"Media"},{"$i":"saving-tone","$v":"Saving…"},{"$i":"no-ringtone-app","$v":"We were unable to find a ringtone app to manage ringtones!"},{"$i":"display","$v":"Zaslon"},{"$i":"display-header","$v":[{"t":"idOrVar","v":"display"}]},{"$i":"brightness","$v":"Svjetlina"},{"$i":"brightness-autoAdjust","$v":"Prilagodi automatski"},{"$i":"lockScreen","$v":"Lock Screen"},{"$i":"wallpaper","$v":"Pozadinska slika"},{"$i":"screen-timeout","$v":"Screen Timeout"},{"$i":"one-minute","$v":"1 minuta"},{"$i":"two-minutes","$v":"2 minute"},{"$i":"five-minutes","$v":"5 minuta"},{"$i":"ten-minutes","$v":"10 minuta"},{"$i":"never","$v":"nikad"},{"$i":"lock-orientation","$v":"Lock Orientation"},{"$i":"navigation","$v":"Navigation"},{"$i":"navigation-header","$v":[{"t":"idOrVar","v":"navigation"}]},{"$i":"edge-swipe-navigation","$v":"Edge Swipe Navigation"},{"$i":"edge-swipe-navigation-enable-msg","$v":"Drag from the left or right edge of the screen to jump between apps."},{"$i":"notifications","$v":"Obavijesti"},{"$i":"notifications-header","$v":[{"t":"idOrVar","v":"notifications"}]},{"$i":"lockscreen-notifications","$v":"Prikaz na zak. zaslonu"},{"$i":"notifications-resend","$v":"Show after reboot"},{"$i":"dateAndTime","$v":"Datum i vrijeme"},{"$i":"dateAndTime-header","$v":[{"t":"idOrVar","v":"dateAndTime"}]},{"$i":"setTimeAutomatically","$v":"Set Automatically"},{"$i":"setTimeManually","$v":"Set Manually"},{"$i":"timezoneMessage","$v":"Time Zone"},{"$i":"dateMessage","$v":"Datum"},{"$i":"timeMessage","$v":"Vrijeme"},{"$i":"selectTimezoneContinent","$v":"Odaberite kontinent"},{"$i":"selectTimezone","$v":"Odaberite vremensku zonu"},{"$i":"time-format","$v":"Format"},{"$i":"time-format-time","$v":"Time Format"},{"$i":"hour-12","$v":"12-hour"},{"$i":"hour-24","$v":"24-hour"},{"$i":"languageAndRegion","$v":"Jezik i regija"},{"$i":"language","$v":"Jezik"},{"$i":"language-header","$v":[{"t":"idOrVar","v":"language"}]},{"$i":"region","$v":"Regija"},{"$i":"more-languages","$v":"Get More Languages"},{"$i":"sample-format","$v":"Primjer formata"},{"$i":"longDateFormat","$v":"%A %d. %B, %Y"},{"$i":"simManager","$v":"SIM Manager"},{"$i":"simManager-header","$v":[{"t":"idOrVar","v":"simManager"}]},{"$i":"simSettings","$v":"SIM Settings"},{"$i":"sim-manager-outgoing-calls","$v":"Outgoing Calls"},{"$i":"sim-manager-outgoing-call-desc","$v":"Poziv će biti upućen s"},{"$i":"sim-manager-outgoing-messages","$v":"Outgoing Messages"},{"$i":"sim-manager-outgoing-messages-desc","$v":"SMS će biti poslan sa"},{"$i":"sim-manager-outgoing-data","$v":"Podatkovna veza"},{"$i":"sim-manager-outgoing-data-description","$v":"Data service network and Marketplace payments"},{"$i":"sim-manager-always-ask","$v":"Always ask"},{"$i":"sim-pin-locked","$v":"SIM zaključan PIN-om"},{"$i":"no-operator","$v":"Nema operatera"},{"$i":"cant-disable-simcard-alert","$v":"Barem jedna SIM kartica bi trebala biti aktivirana"},{"$i":"disable-simcard-confirm","$v":["SIM ",{"t":"idOrVar","v":"disableCardIndex"}," can’t receive any calls and messages. Outgoing calls and outgoing messages which are set to SIM ",{"t":"idOrVar","v":"disableCardIndex"}," will be disabled."]},{"$i":"change-outgoing-data-confirm","$v":"Trenutni prijenos podataka će se odgoditi. Želite li svejedno nastaviti?"},{"$i":"homescreen","$v":"Homescreen"},{"$i":"vertical-homescreen-header","$v":"Homescreen"},{"$i":"vertical-homescreen-layout","$v":"Layout"},{"$i":"vertical-homescreen-icon-layout","$v":"Icon Layout"},{"$i":"vertical-homescreen-three-columns","$v":"Three Columns"},{"$i":"vertical-homescreen-four-columns","$v":"Four Columns"},{"$i":"notice","$v":"Notice"},{"$i":"search","$v":"Search"},{"$i":"search-header","$v":"Search"},{"$i":"search-engine","$v":"Search Engine"},{"$i":"search-suggestions","$v":"Search Suggestions"},{"$i":"search-suggestions-description","$v":"The characters you type when entering a search are sent to multiple search providers and will be used to send you search suggestions. Additional data charges may apply when using this feature."},{"$i":"homescreens","$v":"Homescreens"},{"$i":"homescreens-header","$v":[{"t":"idOrVar","v":"homescreens"}]},{"$i":"changeHomescreen","$v":"Promjena početnog ekrana"},{"$i":"changeHomescreenButton","$v":"Promijeni"},{"$i":"description","$v":"Opis"},{"$i":"keyboardSettings","$v":"Keyboard Settings"},{"$i":"selectedKeyboards","$v":"Selected Keyboards"},{"$i":"keyboards","$v":"Tipkovnice"},{"$i":"keyboards-header","$v":[{"t":"idOrVar","v":"keyboards"}]},{"$i":"numberKeyboardLayouts","$v":"Rasporedi brojeva"},{"$i":"optionKeyboardLayouts","$v":"Rasporedi opcija"},{"$i":"keypad","$v":"Numerička tipkovnica"},{"$i":"dialpad","$v":"Dial Pad"},{"$i":"selectKeyboards","$v":"Select Keyboards"},{"$i":"selectKeyboards-header","$v":[{"t":"idOrVar","v":"selectKeyboards"}]},{"$i":"mustHaveOneKeyboard","$v":["Morate označiti barem jednu ",{"t":"idOrVar","v":"type"}," tipkovnicu"]},{"$i":"keyboardType-text","$v":"tekst"},{"$i":"keyboardType-url","$v":"url"},{"$i":"keyboardType-number","$v":"broj"},{"$i":"defaultKeyboardEnabled","$v":[{"t":"idOrVar","v":"appName"}," ",{"t":"idOrVar","v":"layoutName"}," je postavljena kao zadana metoda za unos"]},{"$i":"themes","$v":"Themes"},{"$i":"themes-header","$v":[{"t":"idOrVar","v":"themes"}]},{"$i":"fxa","$v":"Firefox Accounts"},{"$i":"accounts","$v":"Account Management"},{"$i":"fxa-accounts","$v":"Firefox Accounts"},{"$i":"fxa-accounts-header","$v":[{"t":"idOrVar","v":"fxa-accounts"}]},{"$i":"fxa-overview","$v":"Your Firefox Account lets you use features like Find My Device and apps like the Firefox Marketplace."},{"$i":"fxa-invitation","$v":"Create Account or Sign In"},{"$i":"fxa-confirm-account","$v":"Confirm Your Account"},{"$i":"fxa-verification-email-sent-msg","$v":["We will send an email to: ",{"t":"idOrVar","v":"email"}]},{"$i":"fxa-please-verify","$v":"Click the verification link in your email to confirm your account."},{"$i":"fxa-cancel-confirmation","$v":"Cancel Account Confirmation"},{"$i":"fxa-resend-alert","$v":["A verification link has been sent to ",{"t":"idOrVar","v":"email"},"."]},{"$i":"fxa-dont-see-email","$v":["Don’t see an email? ",{"t":"idOrVar","v":"resend"},"."]},{"$i":"fxa-resend","$v":"Resend"},{"$i":"fxa-about","$v":"About"},{"$i":"fxa-logged-in-text","$v":["Signed in as ",{"t":"idOrVar","v":"email"}]},{"$i":"fxa-signed-in-header","$v":"Signed In"},{"$i":"fxa-marketplace-app","$v":"Marketplace"},{"$i":"fxa-find-my-device-app","$v":"Find My Device"},{"$i":"fxa-options","$v":"Options"},{"$i":"fxa-sign-out","$v":"Sign Out"},{"$i":"fxa-confirm-email","$v":["Please confirm ",{"t":"idOrVar","v":"email"}]},{"$i":"findmydevice","$v":"Find My Device"},{"$i":"findmydevice-create-account","$v":"Create account or sign in"},{"$i":"findmydevice-enable","$v":"Enable Find My Device"},{"$i":"findmydevice-about","$v":"About Find My Device"},{"$i":"findmydevice-enable-geolocation-prompt","$v":"Enable Geolocation?"},{"$i":"findmydevice-enable-geolocation-description","$v":"To view your device's location, you must enable geolocation tracking."},{"$i":"findmydevice-geolocation-enabled","$v":"Geolocation Enabled"},{"$i":"findmydevice-enable-network","$v":"This device is currently offline. Connect to a network and try again."},{"$i":"findmydevice-error","$v":"A Find My Device error has occurred."},{"$i":"findmydevice-please-try","$v":"Please try again."},{"$i":"findmydevice-please-tap","$v":"Please tap to try again."},{"$i":"privacyAndSecurity","$v":"Privatnost i sigurnost"},{"$i":"passcode-lock","$v":"Passcode Lock"},{"$i":"passcode-lock-desc","$v":["Lozinka: ",{"t":"idOrVar","v":"code"}]},{"$i":"screenLock","$v":"Screen Lock"},{"$i":"screenLock-header","$v":[{"t":"idOrVar","v":"screenLock"}]},{"$i":"simSecurity","$v":"SIM Security"},{"$i":"simSecurity-header","$v":[{"t":"idOrVar","v":"simSecurity"}]},{"$i":"appPermissions","$v":"App Permissions"},{"$i":"appPermissions-header","$v":[{"t":"idOrVar","v":"appPermissions"}]},{"$i":"author","$v":"Autor"},{"$i":"permissions","$v":"Dopuštenja"},{"$i":"revoke","$v":"Uskrati"},{"$i":"ask","$v":"Pitaj"},{"$i":"deny","$v":"Odbij"},{"$i":"allow","$v":"Dopusti"},{"$i":"uninstallApp","$v":"Uninstall App"},{"$i":"phone","$v":"Telefon"},{"$i":"messages","$v":"Poruke"},{"$i":"vibrate","$v":"Vibracija"},{"$i":"ring","$v":"Melodija zvona"},{"$i":"change","$v":"Promijeni"},{"$i":"create","$v":"Stvori"},{"$i":"create-a-passcode","$v":"Stvori lozinku"},{"$i":"passcode","$v":"Lozinka"},{"$i":"passcode-heading","$v":"Lozinka"},{"$i":"enter-passcode","$v":"Upišite lozinku"},{"$i":"new-passcode","$v":"Nova lozinka"},{"$i":"current-passcode","$v":"Trenutna lozinka"},{"$i":"incorrect-passcode","$v":"Lozinka nije ispravna"},{"$i":"passcode-doesnt-match","$v":"Lozinka se ne podudara. Pokušajte ponovno."},{"$i":"confirm-passcode","$v":"Confirm Passcode"},{"$i":"immediately","$v":"Odmah"},{"$i":"after-one-minute","$v":"Nakon 1 minute"},{"$i":"after-five-minutes","$v":"Nakon 5 minuta"},{"$i":"after-fifteen-minutes","$v":"Nakon 15 minuta"},{"$i":"after-thirty-minutes","$v":"Nakon 30 minuta"},{"$i":"after-one-hour","$v":"Nakon 1 sat"},{"$i":"require-passcode","$v":"Zahtijevaj lozinku"},{"$i":"change-passcode","$v":"Promijeni lozinku"},{"$i":"noSimCard","$v":"Nema SIM kartice"},{"$i":"simPin","$v":"PIN SIM kartice"},{"$i":"simPin2","$v":"PIN2 SIM kartice"},{"$i":"simPinWithIndex","$v":["SIM ",{"t":"idOrVar","v":"index"}," PIN"]},{"$i":"pukCode","$v":"PUK kôd"},{"$i":"puk2Code","$v":"PUK2 kôd"},{"$i":"whatIsSimPin","$v":"Što je PIN SIM kartice?"},{"$i":"simPinIntro1","$v":"PIN SIM kartice spriječava pristup mobilnim podatkovnim mrežama SIM kartice. Kad je omogućeno, bilo koji uređaj koji sadrži SIM karticu će zahtijevati PIN prilikom pokretanja uređaja."},{"$i":"simPinIntro2","$v":"PIN SIM kartice nije isto što i lozinka za otključavanje zaslona uređaja."},{"$i":"changeSimPin","$v":"Promijeni PIN"},{"$i":"simPinChangedSuccessfully","$v":"SIM PIN uspješno promijenjen"},{"$i":"simPinChangedSuccessfullyWithIndex","$v":["SIM ",{"t":"idOrVar","v":"index"}," PIN uspješno promijenjen"]},{"$i":"pinTitle","$v":"Upišite PIN"},{"$i":"pin2Title","$v":"Upišite PIN2"},{"$i":"pukTitle","$v":"Upišite PUK kôd"},{"$i":"puk2Title","$v":"Upišite PUK2 kôd"},{"$i":"newpinTitle","$v":"Novi PIN"},{"$i":"inputCodeRetriesLeft","$v":{"two":["Još ",{"t":"idOrVar","v":"n"}," pokušaja."],"few":["Još ",{"t":"idOrVar","v":"n"}," pokušaja."],"many":["Još ",{"t":"idOrVar","v":"n"}," pokušaja."],"other":["Još ",{"t":"idOrVar","v":"n"}," pokušaja."]},"$x":[{"t":"idOrVar","v":"plural"},"n"]},{"$i":"pinAttemptMsg3","$v":{"one":"Imate još jedan pokušaj za unos točnog kôda prije otključavanja SIM kartice.","two":["Imate još ",{"t":"idOrVar","v":"n"}," pokušaja za unos točnog kôda prije otključavanja SIM kartice."],"few":["Imate još ",{"t":"idOrVar","v":"n"}," pokušaja za unos točnog kôda prije otključavanja SIM kartice."],"many":["Imate još ",{"t":"idOrVar","v":"n"}," pokušaja za unos točnog kôda prije otključavanja SIM kartice."],"other":["Imate još ",{"t":"idOrVar","v":"n"}," pokušaja za unos točnog kôda prije otključavanja SIM kartice."]},"$x":[{"t":"idOrVar","v":"plural"},"n"]},{"$i":"pinLastChanceMsg","$v":"Ovo je vaša posljednja prilika za upisivanje točnog PIN-a. Ako pogriješite, za korištenje ove SIM kartice ćete trebati upisati PUK kôd."},{"$i":"simCardLockedMsg","$v":"SIM kartica je zaključana."},{"$i":"simCardBlockedMsg","$v":"The SIM card is blocked."},{"$i":"enterPukMsg","$v":"Morate upisati PUK (Personal Unlocking Key) kôd za SIM karticu. Konzultirajte se s dokumentacijom vaše SIM kartice ili se obratite pružatelju usluge za pomoć."},{"$i":"enterPuk2Msg","$v":"Morate upisati PUK2 (Personal Unlocking Key) kôd za SIM karticu. Konzultirajte se s dokumentacijom vaše SIM kartice ili se obratite pružatelju usluge za pomoć."},{"$i":"pukErrorMsg","$v":"PUK kôd je neispravan."},{"$i":"pukAttemptMsg3","$v":{"one":"Imate još jedan pokušaj za unos ispravnog kôda prije nego što SIM kartica postane trajno neupotrebljiva. Za detalje se konzultirajte s dokumentacijom SIM kartice ili kontaktirajte pružatelja usluge.","two":["Imate još ",{"t":"idOrVar","v":"n"}," pokušaja za unos ispravnog kôda prije nego što SIM kartica postane trajno neupotrebljiva. Za detalje se konzultirajte s dokumentacijom SIM kartice ili kontaktirajte pružatelja usluge."],"few":["Imate još ",{"t":"idOrVar","v":"n"}," pokušaja za unos ispravnog kôda prije nego što SIM kartica postane trajno neupotrebljiva. Za detalje se konzultirajte s dokumentacijom SIM kartice ili kontaktirajte pružatelja usluge."],"many":["Imate još ",{"t":"idOrVar","v":"n"}," pokušaja za unos ispravnog kôda prije nego što SIM kartica postane trajno neupotrebljiva. Za detalje se konzultirajte s dokumentacijom SIM kartice ili kontaktirajte pružatelja usluge."],"other":["Imate još ",{"t":"idOrVar","v":"n"}," pokušaja za unos ispravnog kôda prije nego što SIM kartica postane trajno neupotrebljiva. Za detalje se konzultirajte s dokumentacijom SIM kartice ili kontaktirajte pružatelja usluge."]},"$x":[{"t":"idOrVar","v":"plural"},"n"]},{"$i":"pukLastChanceMsg","$v":"Posljednja prilika za upisivanje točnog PUK kôda. Ako ponovno upišete krivi PUK, vaša će SIM kartica postati trajno neupotrebljiva. Konzultirajte se s dokumentacijom vaše SIM kartice ili se obratite pružatelju usluge za pomoć."},{"$i":"newSimPinMsg","$v":"Stvori PIN (mora sadržavati između 4 i 8 znamenki)"},{"$i":"newSimPin2Msg","$v":"Stvori PIN2 (mora sadržavati između 4 i 8 znamenki)"},{"$i":"confirmNewSimPinMsg","$v":"Potvrdite novi PIN"},{"$i":"confirmNewSimPin2Msg","$v":"Potvrdite novi PIN2"},{"$i":"newPinErrorMsg","$v":"PIN-ovi se ne podudaraju"},{"$i":"simLockedPhone","$v":"Telefon zaključan na SIM"},{"$i":"unknownSimCardState","$v":"Nepoznato stanje SIM kartice"},{"$i":"simCardNotReady","$v":"SIM kartica nije spremna"},{"$i":"simCardIllegal","$v":"Neautorizirana SIM kartica"},{"$i":"doNotTrack","$v":"Ne prati me"},{"$i":"doNotTrack-header","$v":[{"t":"idOrVar","v":"doNotTrack"}]},{"$i":"doNotTrackActions","$v":"Obavijesti web stranice i aplikacije da ne želim biti praćen/a"},{"$i":"allowTracking","$v":"Obavijesti web stranice i aplikacije da želim biti praćen/a"},{"$i":"doNotHavePrefOnTracking","$v":"Ne otkrivaj web stranicama i aplikacijama moje postavke o praćenju"},{"$i":"doNotTrack-dt","$v":"Kako radi Ne prati me?"},{"$i":"doNotTrack-dd1","$v":"When you turn on Do Not Track, your device tells every website and app (as well as advertisers and other content providers) that you do not want your behavior tracked."},{"$i":"doNotTrack-dd2","$v":"Turning on Do Not Track will not affect your ability to sign in to websites nor cause your device to forget your private information, such as the contents of shopping carts, location information or sign-in information."},{"$i":"browsingPrivacy","$v":"Browsing Privacy"},{"$i":"browsingPrivacy-header","$v":[{"t":"idOrVar","v":"browsingPrivacy"}]},{"$i":"confirm-clear-title","$v":"Confirmation"},{"$i":"clear-browsing-history","$v":"Clear browsing history"},{"$i":"confirm-clear-browsing-history","$v":"Clear browsing history?"},{"$i":"clear-cookies-and-stored-data","$v":"Clear cookies and stored data"},{"$i":"confirm-clear-cookies-and-stored-data","$v":"Clear cookies and other data stored by sites on this device?"},{"$i":"clear","$v":"Obriši"},{"$i":"privacy-controls","$v":"Privacy Controls"},{"$i":"no-privacy-panel","$v":"No privacy panel app found"},{"$i":"storage","$v":"Spremište"},{"$i":"enableUSBStorage1","$v":"USB Storage"},{"$i":"umsUnplugToDisable","$v":"Izvadi USB kabel za prekid"},{"$i":"appStorage","$v":"Application Storage"},{"$i":"appStorage-header","$v":[{"t":"idOrVar","v":"appStorage"}]},{"$i":"storageSize","$v":[{"t":"idOrVar","v":"size"}," ",{"t":"idOrVar","v":"unit"}]},{"$i":"availableSize","$v":{"zero":["Dostupno ",{"t":"idOrVar","v":"size"}," ",{"t":"idOrVar","v":"unit"}],"one":["Dostupan ",{"t":"idOrVar","v":"size"}," ",{"t":"idOrVar","v":"unit"}],"two":["Dostupna ",{"t":"idOrVar","v":"size"}," ",{"t":"idOrVar","v":"unit"}],"few":["Dostupno ",{"t":"idOrVar","v":"size"}," ",{"t":"idOrVar","v":"unit"}],"many":["Dostupno ",{"t":"idOrVar","v":"size"}," ",{"t":"idOrVar","v":"unit"}],"other":["Dostupno ",{"t":"idOrVar","v":"size"}," ",{"t":"idOrVar","v":"unit"}]},"$x":[{"t":"idOrVar","v":"plural"},"size"]},{"$i":"apps-total-space","$v":"Total Space"},{"$i":"apps-used-space","$v":"Iskorišteno"},{"$i":"apps-free-space","$v":"Preostalo"},{"$i":"storage-details","$v":"Slike, video i glazba su spremljeni odvojeno od aplikacija. Za detalje provjerite spremište multimedije."},{"$i":"ums-shared-volumes","$v":[{"t":"idOrVar","v":"list"}," dijeljeni"]},{"$i":"transferProtocol-header","$v":"Transfer Protocol"},{"$i":"protocol-mtp","$v":"Media transfer protocol (MTP)"},{"$i":"protocol-ums","$v":"USB mass Storage (UMS)"},{"$i":"mediaStorage","$v":"Media Storage"},{"$i":"mediaStorage-header","$v":[{"t":"idOrVar","v":"mediaStorage"}]},{"$i":"storage-name-internal","$v":"Internal Storage"},{"$i":"storage-name-external-0","$v":"Spremište SD kartice"},{"$i":"storage-name-external-1","$v":"Spremište SD kartice 2"},{"$i":"short-storage-name-internal","$v":"Interno"},{"$i":"short-storage-name-external-0","$v":"SD kartica"},{"$i":"short-storage-name-external-1","$v":"SD kartica 2"},{"$i":"music-space","$v":"Muzika"},{"$i":"pictures-space","$v":"Slike"},{"$i":"videos-space","$v":"Filmovi"},{"$i":"left-space","$v":"Slobodno"},{"$i":"free-space","$v":"Slobodno"},{"$i":"total-space","$v":"Total space"},{"$i":"size-not-available","$v":"Nije dostupno"},{"$i":"no-storage","$v":"Spremište podataka nije pronađeno"},{"$i":"advanced","$v":"Napredno"},{"$i":"ums-warning-title","$v":"Enable USB storage?"},{"$i":"default-media-location","$v":"Default Media Location"},{"$i":"default-media-location-msg","$v":"Odaberite gdje želite da se spremaju slike, video i audio snimke te ostali preuzeti sadržaji."},{"$i":"change-default-media-location-confirmation","$v":"Changing the default media storage location will affect where all media will be saved by default. Existing data will remain in its current location. Do you want to proceed?"},{"$i":"eject-sdcard-external-0","$v":"Eject SD card"},{"$i":"eject-sdcard-external-1","$v":"Eject SD card 2"},{"$i":"format-sdcard-internal","$v":"Format internal storage"},{"$i":"format-sdcard-external-0","$v":"Format SD card"},{"$i":"format-sdcard-external-1","$v":"Format SD card 2"},{"$i":"formatting","$v":"Formatting…"},{"$i":"unmount-sdcard-confirmation","$v":"You will not be able to access content on the SD card after you unmount it. Do you want to proceed?"},{"$i":"format-sdcard-title","$v":"Format SD card"},{"$i":"format-sdcard-message","$v":"This will erase all data stored on your SD card, such as music and photos."},{"$i":"format-sdcard-internal-title","$v":"Format internal storage"},{"$i":"format-sdcard-internal-message","$v":"This will erase all data stored on your internal storage, such as music and photos."},{"$i":"format-sdcard-btnformat","$v":"Format"},{"$i":"sdcardUnmounted","$v":"SD card unmounted"},{"$i":"device","$v":"Uređaj"},{"$i":"help","$v":"Pomoć"},{"$i":"deviceInfo","$v":"Device Information"},{"$i":"deviceInfo-header","$v":[{"t":"idOrVar","v":"deviceInfo"}]},{"$i":"deviceInfo-IMEI","$v":"IMEI"},{"$i":"deviceInfo-ICCID","$v":"ICCID"},{"$i":"deviceInfo-MSISDN","$v":"Phone Number"},{"$i":"deviceInfo-ICCID-unavailable-sim","$v":["SIM ",{"t":"idOrVar","v":"index"},": Not available"]},{"$i":"downloads","$v":"Downloads"},{"$i":"downloads-header","$v":[{"t":"idOrVar","v":"downloads"}]},{"$i":"unknown-phoneNumber","$v":"Nepoznat"},{"$i":"unknown-phoneNumber-sim","$v":["SIM ",{"t":"idOrVar","v":"index"},": Unknown"]},{"$i":"gitInfo","$v":"Git Commit Info"},{"$i":"developer","$v":"Programer"},{"$i":"developer-header","$v":[{"t":"idOrVar","v":"developer"}]},{"$i":"hud-settings-button","$v":"Developer HUD"},{"$i":"hud-settings-header","$v":[{"t":"idOrVar","v":"hud-settings-button"}]},{"$i":"hud-devtools","$v":"Developer tools"},{"$i":"hud-devtools-header","$v":[{"t":"idOrVar","v":"hud-devtools"}]},{"$i":"hud-logging","$v":"Log changes in ADB"},{"$i":"hud-system","$v":"Show system HUD"},{"$i":"hud-problems","$v":"Problems"},{"$i":"hud-warnings","$v":"Warnings"},{"$i":"hud-errors","$v":"Errors"},{"$i":"hud-security","$v":"Security issues"},{"$i":"hud-performance","$v":"Performance"},{"$i":"hud-reflows","$v":"Reflows"},{"$i":"hud-jank","$v":"Jank"},{"$i":"jank-threshold","$v":"Jank Threshold"},{"$i":"hud-fps","$v":"Frames per second"},{"$i":"hud-ttl","$v":"Time to load"},{"$i":"hud-memory","$v":"Memory"},{"$i":"hud-uss","$v":"Unique Set Size"},{"$i":"hud-appmemory","$v":"App memory"},{"$i":"hud-jsobjects","$v":"JS objects"},{"$i":"hud-jsstrings","$v":"JS strings"},{"$i":"hud-jsother","$v":"JS other"},{"$i":"hud-dom","$v":"DOM"},{"$i":"hud-style","$v":"Style"},{"$i":"hud-other","$v":"Other"},{"$i":"software","$v":"Softver"},{"$i":"devSettings","$v":"Developer Settings"},{"$i":"debug","$v":"Debug"},{"$i":"developer-menu","$v":"Programerski izbornik"},{"$i":"developer-tools","$v":"Developer Tools"},{"$i":"graphics","$v":"Graphics"},{"$i":"hardware-composer","$v":"Hardware composer"},{"$i":"paint-flashing","$v":"Osvijetli ponovo obojano područje"},{"$i":"dumps-layers","$v":"Dump layers tree"},{"$i":"dumps-layerscope","$v":"Dump layerscope"},{"$i":"apz-overscroll","$v":"Overscrolling"},{"$i":"tiling","$v":"Tiling"},{"$i":"low-precision","$v":"Low-precision painting"},{"$i":"low-opacity","$v":"Low-precision transparency"},{"$i":"draw-tile-borders","$v":"Draw tile borders"},{"$i":"draw-layer-borders","$v":"Draw layer borders"},{"$i":"log-animations","$v":"Bilježi spore animacije"},{"$i":"remote-debugging-usb","$v":"Debugging via USB"},{"$i":"dev-tools-wifi","$v":"DevTools via Wi-Fi"},{"$i":"dev-tools-qps","$v":"Pseudo-localization"},{"$i":"debugger-disabled","$v":"Disabled"},{"$i":"debugger-adb-only","$v":"ADB only"},{"$i":"debugger-adb-and-devtools","$v":"ADB and DevTools"},{"$i":"wifi-debugging","$v":"Wi-Fi output in ADB"},{"$i":"bluetooth-debugging","$v":"Bluetooth output in ADB"},{"$i":"bluetooth-snoop-debugging","$v":"Bluetooth HCI sniffing logs to sdcard"},{"$i":"nfc-debugging","$v":"NFC output in ADB"},{"$i":"ril-debugging","$v":"RIL output in ADB"},{"$i":"console-enabled","$v":"Konzola omogućena"},{"$i":"cards-view-screenshots","$v":"Cards View: Screenshots"},{"$i":"geolocation-debugging-enabled","$v":"Geolocation output in ADB"},{"$i":"geolocation-debugging-gps-locations-ignored","$v":"Ignore GPS locations"},{"$i":"use-reviewer-certs","$v":"Use Marketplace reviewer certs"},{"$i":"shake-to-log","$v":"Shake to save system log"},{"$i":"model-name","$v":"Model"},{"$i":"os-version","$v":"OS Version"},{"$i":"firmware_revision","$v":"Firmware Revision"},{"$i":"hardware_revision","$v":"Hardware Revision"},{"$i":"platform_version","$v":"Platform Version"},{"$i":"build-id","$v":"Build identifikator"},{"$i":"update-channel","$v":"Update Channel"},{"$i":"build_number","$v":"Build Number"},{"$i":"update-url","$v":"Update URL"},{"$i":"last-updated","$v":"Posljednje ažuriranje"},{"$i":"more-info","$v":"Više informacija"},{"$i":"more-info-header","$v":[{"t":"idOrVar","v":"more-info"}]},{"$i":"softwareUpdates","$v":"Software Updates"},{"$i":"check-update-daily","$v":"Dnevno"},{"$i":"check-update-weekly","$v":"Tjedno"},{"$i":"check-update-monthly","$v":"Mjesečno"},{"$i":"check-for-updates","$v":"Check for Updates"},{"$i":"check-update-now","$v":"Check Now"},{"$i":"update-status","$v":"Stanje dopuna"},{"$i":"no-network-when-update","$v":"Connect to the Internet to proceed with your update."},{"$i":"checking-for-update","$v":"Provjera za dopunama…"},{"$i":"no-updates","$v":"Nisu pronađene dopune"},{"$i":"retry-when-online","$v":"Nema Internet veze. Ponovna provjera će se dogoditi nakon spajanja na Internet."},{"$i":"already-latest-version","$v":["Ovo je već najnovija inačica ",{"t":"idOrVar","v":"brandShortName"}]},{"$i":"check-error","$v":"Došlo je do greške prilikom provjere za dopunama."},{"$i":"aboutBrowserOS","$v":["O ",{"t":"idOrVar","v":"brandShortName"}]},{"$i":"browser-os-desc","$v":[{"t":"idOrVar","v":"brandShortName"}," je Mozillin besplatan operativni sustav otvorenog kôda. Naša misija je promicanje otvorenosti, inovacija i prilika tako da snagu weba postavimo u vaše ruke."]},{"$i":"learn-more","$v":"Saznajte više"},{"$i":"reset-head","$v":"Reset"},{"$i":"reset-warning-title","$v":"OPREZ"},{"$i":"unlock-privileges","$v":"Unlock Privileges"},{"$i":"reset-devtools","$v":"Reset and enable full DevTools"},{"$i":"reset-devtools-warning-title","$v":"CAUTION"},{"$i":"your-rights","$v":"Vaša prava"},{"$i":"your-rights-header","$v":[{"t":"idOrVar","v":"your-rights"}]},{"$i":"about-your-rights-0","$v":[{"t":"idOrVar","v":"brandShortName"}," je slobodan program otvorenog kôda, izgrađen od strane zajednice tisuća programera iz cijelog svijeta. Trebali biste znati neke podatke:"]},{"$i":"about-your-rights-1","$v":[{"t":"idOrVar","v":"brandShortName"}," je dostupan pod uvjetima nekoliko licenci otvorenog kôda, uključujući Mozillinu javnu licencu. Uređaj kojeg pokreće ",{"t":"idOrVar","v":"brandShortName"}," može također sadržavati vlasnički softver trećih strana. Svi dijelovi kôda objavljeni pod otvorenim licencama daju vam pravo modificiranja izvornog kôda i daljnju distribuciju izmijenjenog kôda sve dok se pridržavate njihovih uvjeta."]},{"$i":"about-your-rights-2","$v":["Nisu vam odobrena nikakva prava na zaštitni znak ili licenciranje zaštitnih znakova Mozilla fundacije ili bilo kojih drugih strana, uključujući, ali ne i ograničeno na, ime ",{"t":"idOrVar","v":"brandShortName"}," ili logotip."]},{"$i":"about-your-rights-3","$v":["Neke mogućnosti u ",{"t":"idOrVar","v":"brandShortName"},", poput izvjestitelja o rušenjima, nude vam izbor slanja povratnih informacija Mozilli. Odabirom slanja povratnih informacija, automatski dopuštate da Mozilla iskoristi vaše informacije za unaprijeđenje svojih proizoda, objavi informacije na svojim web stranicama i to distribuira vaše povratne informacije."]},{"$i":"about-legal-info","$v":"Pravne informacije"},{"$i":"about-credit-info","$v":"Credits"},{"$i":"about-legal-info-header","$v":[{"t":"idOrVar","v":"about-legal-info"}]},{"$i":"open-source-notices","$v":"Napom. otvor. kôda"},{"$i":"open-source-notices-header","$v":[{"t":"idOrVar","v":"open-source-notices"}]},{"$i":"obtaining-source-code","$v":"Nabava izvor. kôda"},{"$i":"obtaining-source-code-header","$v":[{"t":"idOrVar","v":"obtaining-source-code"}]},{"$i":"about-mozilla","$v":"Mozilla"},{"$i":"about-other","$v":"Other"},{"$i":"your-privacy","$v":"Vaša privatnost"},{"$i":"your-privacy-header","$v":[{"t":"idOrVar","v":"your-privacy"}]},{"$i":"licensing-1","$v":"Sadržaji ovog proizvoda su vam ponuđeni kroz Mozilla projekt, pod Mozilla javnom licencom 2.0 (MPL). Saznajte svoja prava."},{"$i":"licensing-2","$v":"Sav izvorni kôd ovog proizvoda je dostupan pod licencama koje su slobodne i otvorenog kôda. Većina stvari je dostupna pod Mozillinom javnom licencom 2.0 (MPL)."},{"$i":"licensing-3","$v":"Ostatak softvera koji nije obuhvaćen Mozillinom javnom licencom 2.0 MPL je dostupan pod raznim drugim licencama. One koje zahtijevaju razmnožavanje teksta licenci kod distribucije su navedene ispod. (Napomena: vaš proizvod ne mora sadržavati kôd koji je obuhvaćen jednom ili više licenci navedenih ovdje.)"},{"$i":"licensing-MPL","$v":"Mozilla javna licenca 2.0"},{"$i":"licensing-Apache","$v":"Apache licenca 2.0"},{"$i":"launch-ftu","$v":"Launch First Time Use"},{"$i":"no-ftu","$v":"Nije pronađena aplikacija prvog korištenja"},{"$i":"software-home-button","$v":"Software home button"},{"$i":"home-gesture","$v":"Home gesture"},{"$i":"continuous-transition","$v":"Continuous transition"},{"$i":"debug-gaia-enabled","$v":"Gaia debug traces"},{"$i":"showScreenReaderSettings","$v":"Show screen reader settings"},{"$i":"app-transition","$v":"App transition"},{"$i":"app-suspending","$v":"App suspending"},{"$i":"copypaste","$v":"Copy/paste"},{"$i":"verbose-app-permissions","$v":"Verbose app permissions"},{"$i":"window-management","$v":"Window management"},{"$i":"downloads-edit","$v":"Edit downloads"},{"$i":"downloads-select-all","$v":"Select all"},{"$i":"downloads-deselect-all","$v":"Deselect all"},{"$i":"downloads-delete","$v":"Delete"},{"$i":"battery","$v":"Baterija"},{"$i":"battery-header","$v":[{"t":"idOrVar","v":"battery"}]},{"$i":"batteryLevel","$v":"Current Level"},{"$i":"batteryLevel-percent-unplugged","$v":[{"t":"idOrVar","v":"level"},"%"]},{"$i":"batteryLevel-percent-charging","$v":[{"t":"idOrVar","v":"level"},"% (punjenje)"]},{"$i":"batteryLevel-percent-charged","$v":[{"t":"idOrVar","v":"level"},"% (napunjeno)"]},{"$i":"powerSaveModeTitle","$v":"Power Save Mode"},{"$i":"powerSaveMode","$v":"Power Save Mode"},{"$i":"powerSave-threshold","$v":[{"t":"idOrVar","v":"level"},"% preostalog kapaciteta"]},{"$i":"turnOnAuto","$v":"Turn On Automatically"},{"$i":"accessibility","$v":"Pristupačnost"},{"$i":"accessibility-header","$v":[{"t":"idOrVar","v":"accessibility"}]},{"$i":"screenReader","$v":"Screen Reader"},{"$i":"screenReader-header","$v":[{"t":"idOrVar","v":"screenReader"}]},{"$i":"screenReader-toggle","$v":[{"t":"idOrVar","v":"screenReader"}]},{"$i":"colorFilter","$v":"Color Filter"},{"$i":"colorFilter-header","$v":[{"t":"idOrVar","v":"colorFilter"}]},{"$i":"colorFilter-toggle","$v":[{"t":"idOrVar","v":"colorFilter"}]},{"$i":"screenReader-captions","$v":"Display speech"},{"$i":"screenReader-enable-msg","$v":"When the screen reader is enabled, your device will provide spoken feedback to assist blind and low-vision users."},{"$i":"screen-reader-speech-volume","$v":"Speech Volume"},{"$i":"screen-reader-speech-rate","$v":"Speech Rate"},{"$i":"screenReader-confirm-title-start","$v":"Start Screen Reader?"},{"$i":"screenReader-confirm-description-start","$v":"Activating the screen reader will change the way your touch screen works. Touch anywhere to hear the item under your finger, and double tap to activate."},{"$i":"screenReader-confirm-button-start","$v":"Start"},{"$i":"screenReader-confirm-title-stop","$v":"Stop Screen Reader?"},{"$i":"screenReader-confirm-description-stop","$v":"Stopping the screen reader will end all speech feedback."},{"$i":"screenReader-confirm-button-stop","$v":"Stop"},{"$i":"colorFilter-invert","$v":"Invert"},{"$i":"colorFilter-grayscale","$v":"Grayscale"},{"$i":"colorFilter-contrast","$v":"Contrast"},{"$i":"improveBrowserOS","$v":["Unaprijedite ",{"t":"idOrVar","v":"brandShortName"}]},{"$i":"improveBrowserOSTitle","$v":["Unaprijedite ",{"t":"idOrVar","v":"brandShortName"}]},{"$i":"sendMozillaFeedback","$v":"Pošaljite Mozilli povratnu info."},{"$i":"performanceAndUsageData","$v":"Performance and Usage Data"},{"$i":"sharePerformanceAndUsageData","$v":"Submit data"},{"$i":"appUsageByRegion","$v":"App usage by region"},{"$i":"crashReports","$v":"Crash Reports"},{"$i":"crashReports-header","$v":[{"t":"idOrVar","v":"crashReports"}]},{"$i":"crashReportInfo","$v":"Slanjem izvještaja o rušenju pomažete riješiti problem ostalim korisnicima. Izvještaji se šalju isključivo putem Wi-Fi veze."},{"$i":"alwaysSendReport","$v":"Uvijek šalji izvještaj"},{"$i":"neverSendReport","$v":"Ne šalji izvještaj"},{"$i":"askToSendReport2","$v":"Pitaj svaki put"},{"$i":"crash-reports-description-1","$v":"Izvještaj rušenja sadrži detalje vezane uz rušenje i vaš uređaj, kao i snimak stanja vašeg uređaja u trenutku rušenja."},{"$i":"crash-reports-description-2","$v":"Ovo može uključivati informacije poput popis otvorenih stranica, aplikacija, tekst kojeg ste upisali u obrasce, sadržaj otvorene poruke, nedavnu povijest surfanja ili geolokaciju koju je koristila otvorena aplikacija."},{"$i":"crash-reports-description-3-start","$v":"We use crash reports to try to fix problems and improve our products. We handle your information as we describe in our "},{"$i":"crash-reports-description-3-privacy","$v":"politici privatnosti"},{"$i":"crash-reports-description-3-end","$v":"."},{"$i":"sendFeedbackTitle","$v":"Povratna informacija"},{"$i":"feedback-description","$v":"Vaša povratna informacija će nam pomoći unaprijediti Firefox OS."},{"$i":"feedback-happy","$v":"Sretno"},{"$i":"feedback-sad","$v":"Tužno"},{"$i":"feedback-mood-description","$v":"Kako se osjećate?"},{"$i":"feedback_whyfeel_happy","$v":"Zašto ste sretni?"},{"$i":"feedback_whyfeel_sad","$v":"Zašto ste tužni?"},{"$i":"feedback-mood-explain","$v":"Molimo Vas da nam objasnite zašto."},{"$i":"feedback-public-description","$v":"Sadržaj vaše povratne informacije će biti javno objavljen, stoga vas molimo da ne dijelite osobne informacije."},{"$i":"feedback-contactyou","$v":"Označite ovdje, ako želite da vas kontaktiramo e-poštom."},{"$i":"email-address1","$v":"Adresa e-pošte:"},{"$i":"email-keepprivate","$v":"Don’t worry. Your email will always be kept private."},{"$i":"feedback-sendbtn","$v":"Pošalji"},{"$i":"feedback-errormessage-connect-error","$v":"Sorry, the system can’t send your suggestion due to a data connection error. Please try again when the issue is resolved."},{"$i":"feedback-errormessage-server-off","$v":"Sorry, the system can’t send your suggestion because the server shut down. Please wait a moment and try again."},{"$i":"feedback-errormessage-timeout","$v":"Sorry, the system can’t send your suggestion because of a timeout. Please restart and try again."},{"$i":"feedback-errormessage-wrong-email","$v":"Sorry, the system can’t send your suggestion because the email address is missing or due to a formatting error. Please use a valid email address and try again."},{"$i":"feedback-errormessage-empty-comment","$v":"Sorry, the system can’t send your suggestion because the comment field is empty. Please enter some text and try again."},{"$i":"feedback-errormessage-just-sent","$v":"Sorry, the system can’t send your suggestion because you already sent us feedback. Please try our next software update and send again."},{"$i":"feedback-complete-msg","$v":"Thanks for the feedback! We use it to help create better experiences in future releases of Firefox OS."},{"$i":"online-support","$v":"Online podrška:"},{"$i":"call-support","$v":"Tel. podrška:"},{"$i":"user-guide","$v":"User Guide"},{"$i":"default-support","$v":"Za podršku kontaktirajte svojeg lokalnog pružatelja usluge."},{"$i":"operatorServices","$v":"Usluge pružatelja usluge"},{"$i":"operatorServices-help","$v":"Pomoć"},{"$i":"operatorServices-helpmenu","$v":"Izbornik pomoći"},{"$i":"stkAppsNotAvailable","$v":"Aplikacije SIM kartice nisu dostupne."},{"$i":"simToolkit","$v":"Alati SIM kartice"},{"$i":"stkItemsNaiSetUpCall","$v":"Postavi Poziv"},{"$i":"stkItemsNaiSendSs","$v":"Pošalji SS"},{"$i":"stkItemsNaiSendUssd","$v":"Pošalji USSD"},{"$i":"stkItemsNaiSendSms","$v":"Pošalji SMS"},{"$i":"stkItemsNaiSendDtmf","$v":"Pošalji DTMF"},{"$i":"stkItemsNaiLaunchBrowser","$v":"Pokreni preglednik"},{"$i":"stkItemsNaiPlayTone","$v":"Odsviraj ton"},{"$i":"stkItemsNaiDisplayText","$v":"Prikaži tekst"},{"$i":"stkItemsNaiGetInkey","$v":"Traži Inkey"},{"$i":"stkItemsNaiGetInput","$v":"Traži unos"},{"$i":"stkItemsNaiSelectItem","$v":"Odaberi predmet"},{"$i":"stkItemsNaiSetUpMenu","$v":"Postavi meni"},{"$i":"stkItemsNaiProvideLocalInfo","$v":"Pružaj lokalne informacije"},{"$i":"stkItemsNaiSetIdleModeText","$v":"Postavi neaktivan tekst mod"},{"$i":"stkItemsNaiPerformCardApdu","$v":"Perform Card APDU"},{"$i":"stkItemsNaiPowerOnCard","$v":"Power On Card"},{"$i":"stkItemsNaiPowerOffCard","$v":"Power Off Card"},{"$i":"stkItemsNaiGetReaderStatus","$v":"Get Reader Status"},{"$i":"stkItemsNaiOpenChannel","$v":"Otvori kanal"},{"$i":"stkItemsNaiCloseChannel","$v":"Zatvori kanal"},{"$i":"stkItemsNaiReceiveData","$v":"Primi podatke"},{"$i":"stkItemsNaiSendData","$v":"Pošalji podatke"},{"$i":"stkItemsNaiGetChannelStatus","$v":"Traži stanje kanala"},{"$i":"stkItemsNaiEndOfTheProactiveSession","$v":"End of the proactive session"},{"$i":"is-warning-storage-header","$v":"USB storage"},{"$i":"is-warning-tethering-header","$v":"USB tethering"},{"$i":"is-warning-wifi-header","$v":"Wi-Fi hotspot"},{"$i":"is-warning-storage-tethering-message","$v":"Enabling USB storage will disable USB tethering. Do you want to enable USB storage?"},{"$i":"is-warning-tethering-storage-message","$v":"Enabling USB tethering will disable USB storage. Do you want to enable USB tethering?"},{"$i":"is-warning-tethering-wifi-message","$v":"Enabling USB tethering will disable Wi-Fi hotspot. Do you want to enable USB tethering?"},{"$i":"is-warning-wifi-tethering-message","$v":"Enabling Wi-Fi hotspot will disable USB tethering. Do you want to enable Wi-Fi hotspot?"},{"$i":"settings-dialog-alert","$v":"Alert"},{"$i":"settings-dialog-confirm","$v":"Confirm"},{"$i":"settings-dialog-prompt","$v":"Prompt"},{"$i":"settings-alert-dialog-header","$v":[{"t":"idOrVar","v":"settings-dialog-alert"}]},{"$i":"settings-confirm-dialog-header","$v":[{"t":"idOrVar","v":"settings-dialog-confirm"}]},{"$i":"settings-prompt-dialog-header","$v":[{"t":"idOrVar","v":"settings-dialog-prompt"}]},{"$i":"addons","$v":"Addons"},{"$i":"addons-header","$v":[{"t":"idOrVar","v":"addons"}]},{"$i":"change-device-name","$v":"Change phone name"},{"$i":"internetSharing-usb-desc","$v":"Share my phone’s Internet connection with a USB-connected device."},{"$i":"internetSharing-wifi-desc","$v":"Allow other devices to share my phone’s Internet connection by connecting via Wi-Fi."},{"$i":"unplayable-ringtone","$v":"The ringtone was not changed because the selected file can not be played on this phone."},{"$i":"findmydevice-signup-description","$v":"Find My Device allows you to locate, lock or erase your phone"},{"$i":"findmydevice-settings-description","$v":"Find My Device allows you to locate, lock or erase your phone from a web site:"},{"$i":"findmydevice-active-tracking","$v":"Your phone is being tracked by another device through the website."},{"$i":"findmydevice-not-tracking","$v":"No devices are actively tracking your phone through the website."},{"$i":"ums-confirm","$v":"Enabling USB storage allows another computer or device connected using USB to access files on this phone."},{"$i":"reset-device","$v":"Reset Phone"},{"$i":"reset-warning-body","$v":"Resetting will erase all your data, including any apps you’ve purchased. The phone will be restored to its factory condition. None of your settings or data will be saved."},{"$i":"reset-devtools-warning-body","$v":"Resetting will erase all your data, including any apps you’ve purchased. None of your settings or data will be saved. But your phone will have unrestricted developer tools, allowing you to modify and debug system applications."},{"$i":"powerSave-explanation","$v":"Turning on power save mode turns off the phone’s data, Bluetooth and Geolocation connections to extend battery life. You can still turn these services back on manually."},{"$i":"performanceAndUsageDataInfo","$v":["Help us improve ",{"t":"idOrVar","v":"brandShortName"}," by sharing data about your phone and the way you use it."]},{"$i":"device-status-connected-device","$v":"Connected to phone audio"},{"$i":"device-status-connected-device-media","$v":"Connected to phone/media audio"}]