[{"$i":"stopped_download_title","$v":"A letöltés leállítva"},{"$i":"stopped_download_message","$v":"A letöltés le lett állítva. Megpróbálja újra?"},{"$i":"stopped_download_left_button","$v":"Mégse"},{"$i":"stopped_download_right_button","$v":"Újra"},{"$i":"failed_download_title","$v":"Letöltés sikertelen"},{"$i":"failed_download_message","$v":[{"t":"idOrVar","v":"name"}," letöltése nem sikerült. Megpróbálja újra?"]},{"$i":"failed_download_left_button","$v":"Mégse"},{"$i":"failed_download_right_button","$v":"Újra"},{"$i":"stop_download_title","$v":"Letöltés leállítása"},{"$i":"stop_download_message","$v":"Biztos, hogy leállítja a letöltést?"},{"$i":"stop_download_left_button","$v":"Nem"},{"$i":"stop_download_right_button","$v":"Igen"},{"$i":"delete_download_title","$v":"Törlés"},{"$i":"delete_download_message","$v":["Törli ezt: ",{"t":"idOrVar","v":"name"},"?"]},{"$i":"delete_download_left_button","$v":"Mégse"},{"$i":"delete_download_right_button","$v":"Törlés"},{"$i":"delete_all_download_title","$v":"Törlés"},{"$i":"delete_all_download_left_button","$v":"Mégse"},{"$i":"delete_all_download_right_button","$v":"Törlés"},{"$i":"delete_all_download_message","$v":{"zero":"Egy fájlt sem töröl?","one":"Töröl egy fájlt?","two":["Töröl ",{"t":"idOrVar","v":"number"}," fájlt?"],"few":["Töröl ",{"t":"idOrVar","v":"number"}," fájlt?"],"many":["Töröl ",{"t":"idOrVar","v":"number"}," fájlt?"],"other":["Töröl ",{"t":"idOrVar","v":"number"}," fájlt?"]},"$x":[{"t":"idOrVar","v":"plural"},"number"]},{"$i":"unsupported_file_type_download_title","$v":"Nem lehet megnyitni"},{"$i":"unsupported_file_type_download_message","$v":["Nincs a(z) ",{"t":"idOrVar","v":"name"}," megnyitására képes app. Menteni vagy törölni szeretné a fájlt?"]},{"$i":"unsupported_file_type_download_left_button","$v":"Megtartás"},{"$i":"unsupported_file_type_download_right_button","$v":"Törlés"},{"$i":"file_not_found_download_title","$v":"A fájl nem található"},{"$i":"file_not_found_download_message","$v":"A fájl nem található az eszközön"},{"$i":"file_not_found_download_right_button","$v":"OK"},{"$i":"unmounted_sdcard_2_download_title","$v":"A memóriakártya használatban van"},{"$i":"unmounted_sdcard_2_download_message","$v":"Húzza ki a telefont"},{"$i":"unmounted_sdcard_2_download_right_button","$v":"OK"},{"$i":"no_provider_download_title","$v":"Nem lehet megosztani"},{"$i":"no_provider_download_message","$v":"Nem található szolgáltató"},{"$i":"no_provider_download_right_button","$v":"OK"},{"$i":"no_memory_download_title","$v":"Az SD-kártya tele"},{"$i":"no_memory_download_message","$v":"Nincs több szabad tárhely az SD-kártyán a letöltés tárolásához. A letöltés újraindítása előtt távolítson el néhány fájlt az SD-kártyáról."},{"$i":"no_memory_download_right_button","$v":"OK"},{"$i":"no_sdcard_found_2_download_title","$v":"Nem található memóriakártya"},{"$i":"no_sdcard_found_2_download_message","$v":"Helyezzen be memóriakártyát, vagy válasszon másik alapértelmezett médiahelyet a beállításokban."},{"$i":"no_sdcard_found_2_download_right_button","$v":"OK"},{"$i":"file_open_error_download_title","$v":"Nem lehet megnyitni"},{"$i":"file_open_error_download_message","$v":["Hiba a(z) ",{"t":"idOrVar","v":"name"}," megnyitásakor. Menteni vagy törölni szeretné a fájlt?"]},{"$i":"file_open_error_download_left_button","$v":"Megtartás"},{"$i":"file_open_error_download_right_button","$v":"Törlés"},{"$i":"restart_download_error","$v":"Hiba történt a letöltés újraindításakor. Próbálja újra letölteni."},{"$i":"no-downloads","$v":"Nincs letöltés"},{"$i":"byteUnit-B","$v":"B"},{"$i":"byteUnit-KB","$v":"KB"},{"$i":"byteUnit-MB","$v":"MB"},{"$i":"byteUnit-GB","$v":"GB"},{"$i":"byteUnit-TB","$v":"TB"},{"$i":"fileSize","$v":[{"t":"idOrVar","v":"size"}," ",{"t":"idOrVar","v":"unit"}]},{"$i":"percentage","$v":[{"t":"idOrVar","v":"percentage"}," %"]},{"$i":"partialResult","$v":[{"t":"idOrVar","v":"partial"},"/",{"t":"idOrVar","v":"total"}]},{"$i":"summary","$v":[{"t":"idOrVar","v":"date"}," - ",{"t":"idOrVar","v":"status"}]},{"$i":"download-stopped","$v":"Leállítva"},{"$i":"download-failed","$v":"A letöltés meghiúsult"},{"$i":"open_downloaded_file","$v":"Megnyitás"},{"$i":"share_downloaded_file","$v":"Megosztás"},{"$i":"wallpaper_downloaded_file","$v":"Beállítás háttérképként"},{"$i":"ringtone_downloaded_file","$v":"Beállítás csengőhangként"},{"$i":"cancel_downloaded_file","$v":"Mégse"},{"$i":"brandShortName","$v":"B2G OS"},{"$i":"browserBrandShortName","$v":"Web Browser"},{"$i":"browserBrandFullName","$v":"Mozilla Web Browser"},{"$i":"ringtoneBrandName","$v":"Default"},{"$i":"ringtoneSectionBrandName","$v":"System"},{"$i":"weekday-0-long","$v":"Vasárnap"},{"$i":"weekday-1-long","$v":"Hétfő"},{"$i":"weekday-2-long","$v":"Kedd"},{"$i":"weekday-3-long","$v":"Szerda"},{"$i":"weekday-4-long","$v":"Csütörtök"},{"$i":"weekday-5-long","$v":"Péntek"},{"$i":"weekday-6-long","$v":"Szombat"},{"$i":"weekday-0-short","$v":"Va."},{"$i":"weekday-1-short","$v":"Hé."},{"$i":"weekday-2-short","$v":"Ke."},{"$i":"weekday-3-short","$v":"Sze."},{"$i":"weekday-4-short","$v":"Csü."},{"$i":"weekday-5-short","$v":"Pé."},{"$i":"weekday-6-short","$v":"Szo."},{"$i":"month-0-long","$v":"Január"},{"$i":"month-1-long","$v":"Február"},{"$i":"month-2-long","$v":"Március"},{"$i":"month-3-long","$v":"Április"},{"$i":"month-4-long","$v":"Május"},{"$i":"month-5-long","$v":"Június"},{"$i":"month-6-long","$v":"Július"},{"$i":"month-7-long","$v":"Augusztus"},{"$i":"month-8-long","$v":"Szeptember"},{"$i":"month-9-long","$v":"Október"},{"$i":"month-10-long","$v":"November"},{"$i":"month-11-long","$v":"December"},{"$i":"month-0-genitive","$v":"Január"},{"$i":"month-1-genitive","$v":"Február"},{"$i":"month-2-genitive","$v":"Március"},{"$i":"month-3-genitive","$v":"Április"},{"$i":"month-4-genitive","$v":"Május"},{"$i":"month-5-genitive","$v":"Június"},{"$i":"month-6-genitive","$v":"Július"},{"$i":"month-7-genitive","$v":"Augusztus"},{"$i":"month-8-genitive","$v":"Szeptember"},{"$i":"month-9-genitive","$v":"Október"},{"$i":"month-10-genitive","$v":"November"},{"$i":"month-11-genitive","$v":"December"},{"$i":"month-0-short","$v":"Jan"},{"$i":"month-1-short","$v":"Feb"},{"$i":"month-2-short","$v":"Már"},{"$i":"month-3-short","$v":"Ápr"},{"$i":"month-4-short","$v":"Máj"},{"$i":"month-5-short","$v":"Jún"},{"$i":"month-6-short","$v":"Júl"},{"$i":"month-7-short","$v":"Aug"},{"$i":"month-8-short","$v":"Szep"},{"$i":"month-9-short","$v":"Okt"},{"$i":"month-10-short","$v":"Nov"},{"$i":"month-11-short","$v":"Dec"},{"$i":"minutes-ago-long","$v":{"zero":"épp most","one":"egy perccel ezelőtt","two":[{"t":"idOrVar","v":"value"}," perccel ezelőtt"],"few":[{"t":"idOrVar","v":"value"}," perccel ezelőtt"],"many":[{"t":"idOrVar","v":"value"}," perccel ezelőtt"],"other":[{"t":"idOrVar","v":"value"}," perccel ezelőtt"]},"$x":[{"t":"idOrVar","v":"plural"},"value"]},{"$i":"hours-ago-long","$v":{"zero":"épp most","one":"egy órája","two":[{"t":"idOrVar","v":"value"}," órával ezelőtt"],"few":[{"t":"idOrVar","v":"value"}," órával ezelőtt"],"many":[{"t":"idOrVar","v":"value"}," órával ezelőtt"],"other":[{"t":"idOrVar","v":"value"}," órával ezelőtt"]},"$x":[{"t":"idOrVar","v":"plural"},"value"]},{"$i":"days-ago-long","$v":{"zero":"ma","one":"tegnap","two":[{"t":"idOrVar","v":"value"}," nappal ezelőtt"],"few":[{"t":"idOrVar","v":"value"}," nappal ezelőtt"],"many":[{"t":"idOrVar","v":"value"}," nappal ezelőtt"],"other":[{"t":"idOrVar","v":"value"}," nappal ezelőtt"]},"$x":[{"t":"idOrVar","v":"plural"},"value"]},{"$i":"weeks-ago-long","$v":{"zero":"ez a hét","one":"múlt hét","two":[{"t":"idOrVar","v":"value"}," héttel ezelőtt"],"few":[{"t":"idOrVar","v":"value"}," héttel ezelőtt"],"many":[{"t":"idOrVar","v":"value"}," héttel ezelőtt"],"other":[{"t":"idOrVar","v":"value"}," héttel ezelőtt"]},"$x":[{"t":"idOrVar","v":"plural"},"value"]},{"$i":"months-ago-long","$v":{"zero":"ez a hónap","one":"előző hónap","two":[{"t":"idOrVar","v":"value"}," hónappal ezelőtt"],"few":[{"t":"idOrVar","v":"value"}," hónappal ezelőtt"],"many":[{"t":"idOrVar","v":"value"}," hónappal ezelőtt"],"other":[{"t":"idOrVar","v":"value"}," hónappal ezelőtt"]},"$x":[{"t":"idOrVar","v":"plural"},"value"]},{"$i":"years-ago-long","$v":{"zero":"ez az év","one":"tavaly","two":[{"t":"idOrVar","v":"value"}," évvel ezelőtt"],"few":[{"t":"idOrVar","v":"value"}," évvel ezelőtt"],"many":[{"t":"idOrVar","v":"value"}," évvel ezelőtt"],"other":[{"t":"idOrVar","v":"value"}," évvel ezelőtt"]},"$x":[{"t":"idOrVar","v":"plural"},"value"]},{"$i":"minutes-until-long","$v":{"zero":"most","one":"egy percen belül","two":[{"t":"idOrVar","v":"value"}," percen belül"],"few":[{"t":"idOrVar","v":"value"}," percen belül"],"many":[{"t":"idOrVar","v":"value"}," percen belül"],"other":[{"t":"idOrVar","v":"value"}," percen belül"]},"$x":[{"t":"idOrVar","v":"plural"},"value"]},{"$i":"hours-until-long","$v":{"zero":"most","one":"egy órán belül","two":[{"t":"idOrVar","v":"value"}," órán belül"],"few":[{"t":"idOrVar","v":"value"}," órán belül"],"many":[{"t":"idOrVar","v":"value"}," órán belül"],"other":[{"t":"idOrVar","v":"value"}," órán belül"]},"$x":[{"t":"idOrVar","v":"plural"},"value"]},{"$i":"days-until-long","$v":{"zero":"ma","one":"holnap","two":[{"t":"idOrVar","v":"value"}," napon belül"],"few":[{"t":"idOrVar","v":"value"}," napon belül"],"many":[{"t":"idOrVar","v":"value"}," napon belül"],"other":[{"t":"idOrVar","v":"value"}," napon belül"]},"$x":[{"t":"idOrVar","v":"plural"},"value"]},{"$i":"weeks-until-long","$v":{"zero":"ez a hét","one":"következő hét","two":[{"t":"idOrVar","v":"value"}," héten belül"],"few":[{"t":"idOrVar","v":"value"}," héten belül"],"many":[{"t":"idOrVar","v":"value"}," héten belül"],"other":[{"t":"idOrVar","v":"value"}," héten belül"]},"$x":[{"t":"idOrVar","v":"plural"},"value"]},{"$i":"months-until-long","$v":{"zero":"ez a hónap","one":"következő hónap","two":[{"t":"idOrVar","v":"value"}," héten belül"],"few":[{"t":"idOrVar","v":"value"}," héten belül"],"many":[{"t":"idOrVar","v":"value"}," héten belül"],"other":[{"t":"idOrVar","v":"value"}," héten belül"]},"$x":[{"t":"idOrVar","v":"plural"},"value"]},{"$i":"years-until-long","$v":{"zero":"ez az év","one":"következő év","two":[{"t":"idOrVar","v":"value"}," éven belül"],"few":[{"t":"idOrVar","v":"value"}," éven belül"],"many":[{"t":"idOrVar","v":"value"}," éven belül"],"other":[{"t":"idOrVar","v":"value"}," éven belül"]},"$x":[{"t":"idOrVar","v":"plural"},"value"]},{"$i":"minutes-ago-short","$v":{"zero":"épp most","other":[{"t":"idOrVar","v":"value"},"p ezelőtt"]},"$x":[{"t":"idOrVar","v":"plural"},"value"]},{"$i":"hours-ago-short","$v":{"zero":"épp most","other":[{"t":"idOrVar","v":"value"},"ó ezelőtt"]},"$x":[{"t":"idOrVar","v":"plural"},"value"]},{"$i":"days-ago-short","$v":{"zero":"ma","other":[{"t":"idOrVar","v":"value"},"n ezelőtt"]},"$x":[{"t":"idOrVar","v":"plural"},"value"]},{"$i":"minutes-until-short","$v":{"zero":"most","other":[{"t":"idOrVar","v":"value"}," percen belül"]},"$x":[{"t":"idOrVar","v":"plural"},"value"]},{"$i":"hours-until-short","$v":{"zero":"most","other":[{"t":"idOrVar","v":"value"}," órán belül"]},"$x":[{"t":"idOrVar","v":"plural"},"value"]},{"$i":"days-until-short","$v":{"zero":"ma","other":[{"t":"idOrVar","v":"value"}," napon belül"]},"$x":[{"t":"idOrVar","v":"plural"},"value"]},{"$i":"incorrectDate","$v":"(helytelen dátum)"},{"$i":"dateTimeFormat_%c","$v":"%Y. %b %d %a %H:%M:%S"},{"$i":"dateTimeFormat_%x","$v":"%Y. %m. %d."},{"$i":"dateTimeFormat_%X","$v":"%H:%M:%S"},{"$i":"shortTimeFormat","$v":"%I:%M %p"},{"$i":"shortTimeFormat12","$v":"%I:%M %p"},{"$i":"shortTimeFormat24","$v":"%H:%M"},{"$i":"shortDateTimeFormat","$v":"%x %H:%M"},{"$i":"weekStartsOnMonday","$v":"1"},{"$i":"firstDayOfTheWeek","$v":"0"},{"$i":"time_am","$v":"DE"},{"$i":"time_pm","$v":"DU"},{"$i":"title-app","$v":"App jogosultságok"},{"$i":"title-web","$v":"Webhely jogosultságok"},{"$i":"title-cam","$v":"Kamera kiválasztása"},{"$i":"perm-alarms","$v":"Riasztások ütemezése"},{"$i":"perm-audio-capture","$v":"Mikrofon"},{"$i":"perm-audio-capture-appRequest","$v":["Szeretné megosztani mikrofonját ezzel: ",{"t":"idOrVar","v":"app"},"?"]},{"$i":"perm-audio-capture-webRequest","$v":["Szeretné megosztani mikrofonját ezzel: ",{"t":"idOrVar","v":"site"},"?"]},{"$i":"perm-audio-channel-content","$v":"Hangok lejátszása"},{"$i":"perm-audio-channel-notification","$v":"Értesítési hangok lejátszása"},{"$i":"perm-audio-channel-ringer","$v":"Csengőhangok lejátszása"},{"$i":"perm-background-sensors","$v":"Érzékelőadatok elérése"},{"$i":"perm-bluetooth","$v":"Bluetooth"},{"$i":"perm-browser","$v":"Weboldalak vizsgálata"},{"$i":"perm-camera","$v":"Kamerák"},{"$i":"perm-camera-selector-appRequest","$v":["Kamera kiválasztása ehhez: ",{"t":"idOrVar","v":"app"},"."]},{"$i":"perm-camera-selector-webRequest","$v":["Kamera kiválasztása ehhez: ",{"t":"idOrVar","v":"site"},"."]},{"$i":"perm-cellbroadcast","$v":"Cellaszórások"},{"$i":"perm-contacts","$v":"Névjegyek"},{"$i":"perm-contacts-appRequest","$v":[{"t":"idOrVar","v":"app"}," el szeretné érni a névjegyek listáját."]},{"$i":"perm-contacts-webRequest","$v":[{"t":"idOrVar","v":"site"}," el szeretné érni a névjegyek listáját."]},{"$i":"perm-desktop-notification","$v":"Értesítések"},{"$i":"perm-desktop-notification-appRequest","$v":[{"t":"idOrVar","v":"app"}," szeretne értesítéseket megjeleníteni."]},{"$i":"perm-desktop-notification-webRequest","$v":[{"t":"idOrVar","v":"site"}," szeretne értesítéseket megjeleníteni."]},{"$i":"perm-device-storage-apps","$v":"Appok tárhelye"},{"$i":"perm-device-storage-music","$v":"Zene tárhely"},{"$i":"perm-device-storage-music-appRequest","$v":[{"t":"idOrVar","v":"app"}," el szeretné érni a zenéit."]},{"$i":"perm-device-storage-music-webRequest","$v":[{"t":"idOrVar","v":"site"}," el szeretné érni a zenéit."]},{"$i":"perm-device-storage-pictures","$v":"Képek tárhely"},{"$i":"perm-device-storage-pictures-appRequest","$v":[{"t":"idOrVar","v":"app"}," el szeretné érni a képeit."]},{"$i":"perm-device-storage-pictures-webRequest","$v":[{"t":"idOrVar","v":"site"}," el szeretné érni a képeit."]},{"$i":"perm-device-storage-sdcard","$v":"SD-kártya tárhely"},{"$i":"perm-device-storage-sdcard-appRequest","$v":[{"t":"idOrVar","v":"app"}," el szeretné érni a memóriakártyáját."]},{"$i":"perm-device-storage-sdcard-webRequest","$v":[{"t":"idOrVar","v":"site"}," el szeretné érni a memóriakártyáját."]},{"$i":"perm-device-storage-videos","$v":"Videotárhely"},{"$i":"perm-device-storage-videos-appRequest","$v":[{"t":"idOrVar","v":"app"}," el szeretné érni a videóit."]},{"$i":"perm-device-storage-videos-webRequest","$v":[{"t":"idOrVar","v":"site"}," el szeretné érni a videóit."]},{"$i":"perm-embed-apps","$v":"Appok beágyazása"},{"$i":"perm-fmradio","$v":"FM rádió"},{"$i":"perm-fmradio-appRequest","$v":[{"t":"idOrVar","v":"app"}," szeretné használni az FM rádiót."]},{"$i":"perm-fmradio-webRequest","$v":[{"t":"idOrVar","v":"site"}," szeretné használni az FM rádiót."]},{"$i":"perm-geolocation","$v":"Helymeghatározás"},{"$i":"perm-geolocation-appRequest","$v":[{"t":"idOrVar","v":"app"}," szeretné tudni az Ön földrajzi helyzetét."]},{"$i":"perm-geolocation-more-info","$v":["A ",{"t":"idOrVar","v":"brandShortName"}," a GPS, Wi-Fi és a közeli mobil hálózatok adatainak használatával határozza meg a megközelítő helyét. A Mozillának és más szolgáltatóknak adatok kerülnek elküldésre, amelyek összesítve azok helyadatbázisainak javítására lesznek felhasználva. Az eszközén adatok kerülhetnek tárolásra, és adatgyűjtés történhet akkor is, ha nem futnak appok."]},{"$i":"perm-geolocation-webRequest","$v":[{"t":"idOrVar","v":"site"}," szeretné tudni az Ön földrajzi helyzetét."]},{"$i":"perm-idle","$v":"Tétlen állapot megjelenítése"},{"$i":"perm-indexedDB-chrome-settings","$v":"Privilegizált IndexedDB"},{"$i":"perm-indexedDB-unlimited","$v":"Korlátlan IndexedDB tárolás"},{"$i":"perm-input-manage","$v":"Billentyűzetek kezelése"},{"$i":"perm-input","$v":"Viselkedés billentyűzetként"},{"$i":"perm-media-capture","$v":"Kamera és mikrofon"},{"$i":"perm-media-capture-appRequest","$v":["Szeretné megosztani kameráját és mikrofonját ezzel: ",{"t":"idOrVar","v":"app"},"?"]},{"$i":"perm-media-capture-webRequest","$v":["Szeretné megosztani kameráját és mikrofonját ezzel: ",{"t":"idOrVar","v":"site"},"?"]},{"$i":"perm-mobileconnection","$v":"Mobilkapcsolat"},{"$i":"perm-mobileid","$v":"Mobilazonosító"},{"$i":"perm-network-events","$v":"Hálózati események"},{"$i":"perm-open-remote-window","$v":"Egy app elindítása"},{"$i":"perm-permissions","$v":"App jogosultságok módosítása"},{"$i":"perm-power","$v":"Energiabeállítások"},{"$i":"perm-settings","$v":"Beállítások módosítása"},{"$i":"perm-systemXHR","$v":"Kereszteredetű kérések"},{"$i":"perm-telephony","$v":"Telefonálás"},{"$i":"perm-video-capture","$v":"Kamera"},{"$i":"perm-video-capture-appRequest","$v":["Szeretné megosztani kameráját ezzel: ",{"t":"idOrVar","v":"app"},"?"]},{"$i":"perm-video-capture-webRequest","$v":["Szeretné megosztani kameráját ezzel: ",{"t":"idOrVar","v":"site"},"?"]},{"$i":"perm-voicemail","$v":"Hanposta beállítása"},{"$i":"perm-webapps-manage","$v":"Webappok telepítése"},{"$i":"perm-wifi-manage","$v":"Wi-Fi kezelése"},{"$i":"perm-attention","$v":"Értesítőközpontbeli felbukkanók megnyitása"},{"$i":"perm-audio-channel-alarm","$v":"Riasztáshangok lejátszása"},{"$i":"perm-audio-channel-normal","$v":"Hangok lejátszása"},{"$i":"perm-audio-channel-publicnotification","$v":"Nyilvános értesítési hangok lejátszása"},{"$i":"perm-audio-channel-telephony","$v":"Telefon hangok lejátszása"},{"$i":"perm-backgroundservice","$v":"Viselkedés háttérfolyamatként"},{"$i":"perm-device-storage-crashes","$v":"Hibaadatok tárolása"},{"$i":"perm-downloads","$v":"Letöltések elérése"},{"$i":"perm-embed-widgets","$v":"Felületi elemek beágyazása"},{"$i":"perm-feature-detection","$v":"Funkciók felismerése"},{"$i":"perm-firefox-accounts","$v":"Firefox fiókok"},{"$i":"perm-mobilenetwork","$v":"Mobilhálózat"},{"$i":"perm-moz-attention","$v":"Értesítőközpontbeli felbukkanók megnyitása (moz)"},{"$i":"perm-moz-audio-channel-ringer","$v":"Csengőhangok lejátszása (moz)"},{"$i":"perm-moz-audio-channel-telephony","$v":"Telefon hangok lejátszása (moz)"},{"$i":"perm-moz-firefox-accounts","$v":"Firefox fiókok (moz)"},{"$i":"perm-networkstats-manage","$v":"Használati statisztika vezérlése"},{"$i":"perm-nfc","$v":"NFC"},{"$i":"perm-nfc-hci-events","$v":"NFC HCI események"},{"$i":"perm-nfc-manager","$v":"NFC kezelése"},{"$i":"perm-phonenumberservice","$v":"Telefonszám szolgáltatás"},{"$i":"perm-push","$v":"Push API"},{"$i":"perm-resourcestats-manage","$v":"Erőforrás-statisztikák"},{"$i":"perm-sms","$v":"SMS-ek küldése és fogadása"},{"$i":"perm-speaker-control","$v":"Hangerő vezérlése"},{"$i":"perm-storage","$v":"Tárhely elérése"},{"$i":"perm-tcp-socket","$v":"TCP foglalatok"},{"$i":"perm-test-permission","$v":"Teszt jogosultság"},{"$i":"perm-time","$v":"Idő és dátum beállítása"},{"$i":"perm-udp-socket","$v":"UDP foglalatok"},{"$i":"perm-wappush","$v":"WAP küldés"},{"$i":"tz-region","$v":"Terület"},{"$i":"tz-city","$v":"Város"},{"$i":"tzRegion-Africa","$v":"Afrika"},{"$i":"tzRegion-America","$v":"Amerika"},{"$i":"tzRegion-Antarctica","$v":"Antarktisz"},{"$i":"tzRegion-Asia","$v":"Ázsia"},{"$i":"tzRegion-Atlantic","$v":"Atlanti-óceán"},{"$i":"tzRegion-Australia","$v":"Ausztrália"},{"$i":"tzRegion-Europe","$v":"Európa"},{"$i":"tzRegion-Indian","$v":"Indiai-óceán"},{"$i":"tzRegion-Pacific","$v":"Csendes-óceán"},{"$i":"ringtone-none","$v":"Nincs"},{"$i":"ringer_bubble","$v":"Buborék"},{"$i":"ringer_chimer","$v":"Harangjáték"},{"$i":"ringer_cunning","$v":"Elbűvölő"},{"$i":"ringer_dulco","$v":"Ősi"},{"$i":"ringer_firefox2","$v":[{"t":"idOrVar","v":"ringtoneBrandName"}]},{"$i":"ringer_garden","$v":"Kert"},{"$i":"ringer_marbled","$v":"Márvány"},{"$i":"ringer_opti","$v":"Válasz"},{"$i":"ringer_pecko","$v":"Fakopács"},{"$i":"ringer_pingy","$v":"Láncszemek"},{"$i":"ringer_poppop","$v":"Pop Pop"},{"$i":"ringer_sata","$v":"Végzet"},{"$i":"ringer_simple","$v":"Tisztaság"},{"$i":"ringer_standard1","$v":"Klasszikus"},{"$i":"ringer_standard2","$v":"Klasszikus gyorsan"},{"$i":"ringer_stutter","$v":"Dadogó"},{"$i":"ringer_symmetry","$v":"Szimmetria"},{"$i":"ringer_tailwind","$v":"Hátszél"},{"$i":"ringer_thoughtful","$v":"Gondolkodó"},{"$i":"ringer_wit","$v":"Eszes"},{"$i":"ringer_zen","$v":"Zen"},{"$i":"notifier_bells","$v":"Csengők"},{"$i":"notifier_bloom","$v":"Virágzás"},{"$i":"notifier_chime","$v":"Harangszó"},{"$i":"notifier_clicka","$v":"Kattanás"},{"$i":"notifier_digi","$v":"Adat"},{"$i":"notifier_dropplet","$v":"Cseppek"},{"$i":"notifier_firefox2","$v":[{"t":"idOrVar","v":"ringtoneBrandName"}]},{"$i":"notifier_hello","$v":"Helló"},{"$i":"notifier_lowmarble","$v":"Játékgolyó"},{"$i":"notifier_ping","$v":"Pittyegés"},{"$i":"notifier_plickle","$v":"Gyöngyszemek"},{"$i":"notifier_pocko","$v":"Leesett"},{"$i":"notifier_quado","$v":"Négyszög"},{"$i":"notifier_red","$v":"Vörös"},{"$i":"notifier_sato","$v":"Ötlet"},{"$i":"notifier_swipo","$v":"Csúszás"},{"$i":"notifier_trickleup","$v":"Csörgedezés"},{"$i":"notifier_trink","$v":"Madárfütty"},{"$i":"notifier_verse","$v":"Verssor"},{"$i":"settings","$v":"Beállítások"},{"$i":"advancedSettings","$v":"Haladó beállítások"},{"$i":"default","$v":"Alapértelmezett"},{"$i":"enabled","$v":"Engedélyezve"},{"$i":"enable","$v":"Engedélyezés"},{"$i":"disabled","$v":"Tiltva"},{"$i":"error","$v":"Hiba"},{"$i":"ok","$v":"OK"},{"$i":"yes","$v":"Igen"},{"$i":"no","$v":"Nem"},{"$i":"reset","$v":"Alaphelyzet"},{"$i":"cancel","$v":"Mégse"},{"$i":"close","$v":"Bezárás"},{"$i":"back","$v":"Vissza"},{"$i":"continue","$v":"Tovább"},{"$i":"skip","$v":"Kihagyás"},{"$i":"pair","$v":"Párosítás"},{"$i":"add","$v":"Add"},{"$i":"done","$v":"Kész"},{"$i":"set","$v":"Beállítás"},{"$i":"notNow","$v":"Most nem"},{"$i":"turnOn","$v":"Bekapcsolás"},{"$i":"selectASIMCard","$v":"Válasszon SIM kártyát"},{"$i":"sim1","$v":"1. SIM kártya"},{"$i":"sim2","$v":"2. SIM kártya"},{"$i":"unavailable","$v":"Nem érhető el"},{"$i":"confirmation","$v":"Confirmation"},{"$i":"simSettingsWithIndex","$v":["SIM ",{"t":"idOrVar","v":"index"}," Settings"]},{"$i":"networkAndConnectivity","$v":"Hálózat és kapcsolatok"},{"$i":"airplaneMode","$v":"Repülő mód"},{"$i":"geolocation","$v":"Helymeghatározás"},{"$i":"wifi","$v":"Wi-Fi"},{"$i":"wifi-header","$v":[{"t":"idOrVar","v":"wifi"}]},{"$i":"wifi-disabled","$v":"Kapcsolja be a Wi-Fi-t az elérhető hálózatok megjelenítéséhez."},{"$i":"availableNetworks","$v":"Elérhető hálózatok"},{"$i":"knownNetworks","$v":"Ismert hálózatok"},{"$i":"hiddenNetworks","$v":"Rejtett hálózatok"},{"$i":"scanning","$v":"Keresés…"},{"$i":"scanNetworks","$v":"Keresse újra"},{"$i":"fullStatus-initializing","$v":"Előkészítés…"},{"$i":"fullStatus-connecting","$v":["Csatlakozás ehhez: ",{"t":"idOrVar","v":"ssid"},"…"]},{"$i":"fullStatus-associated","$v":"IP-cím beszerzése…"},{"$i":"fullStatus-connected","$v":["Csatlakozva ehhez: ",{"t":"idOrVar","v":"ssid"},"."]},{"$i":"fullStatus-connectingfailed","$v":"A csatlakozás meghiúsult"},{"$i":"fullStatus-disconnected","$v":"Nincs csatlakozva"},{"$i":"shortStatus-connecting","$v":"Csatlakozás…"},{"$i":"shortStatus-associated","$v":"IP-cím beszerzése…"},{"$i":"shortStatus-connected","$v":"Csatlakozva"},{"$i":"shortStatus-connectingfailed","$v":"A csatlakozás meghiúsult."},{"$i":"shortStatus-disconnected","$v":"Nincs csatlakozva"},{"$i":"wifi-sleep","$v":"Wi-Fi Sleep"},{"$i":"wifi-sleep-description","$v":"Enable to automatically turn off Wi-Fi during sleep to save battery power.  "},{"$i":"manageNetworks","$v":"Hálózatok kezelése"},{"$i":"wifi-bad-credentials-title","$v":"Nem sikerült a Wi-Fi csatlakozás"},{"$i":"wifi-bad-credentials-confirm","$v":["Nem lehet csatlakozni ehhez: ",{"t":"idOrVar","v":"ssid"},". A bejelentkezési adatok nem megfelelők. Adja meg újra a hálózati jelszót."]},{"$i":"manageNetworks-header","$v":[{"t":"idOrVar","v":"manageNetworks"}]},{"$i":"manageCertificates","$v":"Tanúsítványok kezelése"},{"$i":"manageCert","$v":"Tanúsítványok"},{"$i":"joinHiddenNetwork","$v":"Csatlakozás rejtett hálózathoz"},{"$i":"securedBy","$v":["Védi: ",{"t":"idOrVar","v":"capabilities"}]},{"$i":"security","$v":"Biztonság"},{"$i":"securityNone","$v":"Nincs"},{"$i":"securityOpen","$v":"Nyitott"},{"$i":"notInRange","$v":"Not in range"},{"$i":"ipAddress","$v":"IP-cím"},{"$i":"linkSpeed","$v":"Kapcsolatsebesség"},{"$i":"linkSpeedMbs","$v":[{"t":"idOrVar","v":"linkSpeed"}," Mbit/s"]},{"$i":"signalStrength","$v":"Térerő"},{"$i":"signalLevel0","$v":"Nagyon gyenge"},{"$i":"signalLevel1","$v":"Gyenge"},{"$i":"signalLevel2","$v":"Átlagos"},{"$i":"signalLevel3","$v":"Jó"},{"$i":"signalLevel4","$v":"Nagyon jó"},{"$i":"forget","$v":"Elfelejtés"},{"$i":"forgetNetwork-dialog","$v":"Hálózat elfelejtése"},{"$i":"forgetNetwork-confirmation","$v":"Megerősítés"},{"$i":"authentication","$v":"Hitelesítés"},{"$i":"authentication-header","$v":[{"t":"idOrVar","v":"authentication"}]},{"$i":"eap","$v":"EAP eljárás"},{"$i":"auth-phase2","$v":"2 fázisú hitelesítés"},{"$i":"server-certificate","$v":"Kiszolgáló tanúsítvány"},{"$i":"import-certificate-msg","$v":"Megjegyzés: Új tanúsítványok másolásához nyissa meg a „Tanúsítványok kezelése” menüt."},{"$i":"identity","$v":"Azonosító"},{"$i":"password","$v":"Jelszó"},{"$i":"showPassword","$v":"Jelszó megjelenítése"},{"$i":"networkNotification","$v":"Hálózati értesítés"},{"$i":"networkNotification-expl","$v":"Értesítsen, ha elérhető egy nyílt hálózat"},{"$i":"macAddress","$v":"MAC-cím"},{"$i":"deviceInfo_software","$v":[{"t":"idOrVar","v":"brandShortName"}," ",{"t":"idOrVar","v":"os"}]},{"$i":"macUnavailable","$v":"Nem érhető el"},{"$i":"noNetworksFound","$v":"Nem találhatók hálózatok"},{"$i":"noKnownNetworks","$v":"Nincsenek ismert hálózatok"},{"$i":"edit","$v":"Szerkesztés"},{"$i":"certificateList","$v":"Tanúsítványlista"},{"$i":"noCertificate","$v":"Nincs átmásolva tanúsítvány"},{"$i":"deleteCertificate","$v":"Tanúsítvány törlése"},{"$i":"importCertificate","$v":"Tanúsítvány másolása"},{"$i":"selectCertificateFile","$v":"Válasszon tanúsítványfájlt"},{"$i":"enterCertificateNickname","$v":"Írja be a tanúsítvány nevét"},{"$i":"nickname","$v":"Név"},{"$i":"enter-certificate-name-msg","$v":"Megváltoztathatja a nevet vagy megtarthatja az alapértelmezett nevet."},{"$i":"certificate-deletion-failed","$v":"A tanúsítvány törlése sikertelen"},{"$i":"certificate-deletion-failed-description","$v":"Ezt például tárhelyprobléma okozhatja."},{"$i":"certificate-import-failed","$v":"A tanúsítvány másolása sikertelen"},{"$i":"certificate-import-failed-description","$v":"Ezt például sérült tanúsítványfájl okozhatja."},{"$i":"wpsMessage","$v":"WPS csatlakozás"},{"$i":"wpsMessage-header","$v":[{"t":"idOrVar","v":"wpsMessage"}]},{"$i":"fullStatus-wps-inprogress","$v":"WPS folyamatban…"},{"$i":"fullStatus-wps-canceled","$v":"WPS megszakítva"},{"$i":"fullStatus-wps-timedout","$v":"WPS túllépte az időkorlátot"},{"$i":"fullStatus-wps-failed-error","$v":["WPS meghiúsult [",{"t":"idOrVar","v":"error"},"]"]},{"$i":"fullStatus-wps-overlapped","$v":"Másik WPS PBC AP található"},{"$i":"wpsDescription2","$v":"Automata Wi-Fi beállítás"},{"$i":"wpsMethodSelection","$v":"Válasszon WPS módszert:"},{"$i":"wpsPbcLabel","$v":"Gombos kapcsolat"},{"$i":"wpsMyPinLabel","$v":"Saját PIN kapcsolat"},{"$i":"wpsApPinLabel","$v":"AP PIN kapcsolat"},{"$i":"wpsPinDescription","$v":"A PIN 4 vagy 8 számjegyű"},{"$i":"wpsPinInput","$v":["Írja be a másik eszközön ezt: ",{"t":"idOrVar","v":"pin"}]},{"$i":"wpsPinAps","$v":"Válassza ki a másik eszközt"},{"$i":"wpsAnyAp","$v":"Bármely"},{"$i":"wpsCancelMessage","$v":"WPS megszakítása"},{"$i":"wpsCancelFailedMessageError","$v":["A WPS megszakítása meghiúsult [",{"t":"idOrVar","v":"error"},"]"]},{"$i":"callSettings","$v":"Hívásbeállítások"},{"$i":"callSettings-header","$v":[{"t":"idOrVar","v":"callSettings"}]},{"$i":"callSettingsQuery","$v":"Hálózatinformációk kérése…"},{"$i":"callSettingsQueryError","$v":"Hiba a lekérdezésben"},{"$i":"voiceMail","$v":"Hangposta"},{"$i":"voiceMail-header","$v":[{"t":"idOrVar","v":"voiceMail"}]},{"$i":"voiceMail-number","$v":"Hangposta száma"},{"$i":"voiceMail-number-notSet","$v":"Nincs beállítva"},{"$i":"voicePrivacyMode","$v":"Magánhívás üzemmód"},{"$i":"callWaiting","$v":"Hívásvárakoztatás"},{"$i":"confirmCallWaitingTitle","$v":"Nem erősíthetők meg a hívásvárakoztatás tulajdonságai"},{"$i":"confirmCallWaitingDesc","$v":"Az eszköz jelenleg nem tud a szolgáltatóval kommunikálni. Próbálja meg újra megadni a beállítást."},{"$i":"callForwarding","$v":"Hívástovábbítás"},{"$i":"callForwarding-header","$v":[{"t":"idOrVar","v":"callForwarding"}]},{"$i":"callForwardingForward","$v":"Továbbítás"},{"$i":"callForwardingUnconditional","$v":"Mindig továbbítsa"},{"$i":"callForwardingUnconditionalShort","$v":"Mindig"},{"$i":"callForwardingMobileBusy","$v":"Ha foglalt"},{"$i":"callForwardingMobileBusyShort","$v":"Ha foglalt"},{"$i":"callForwardingNoReply","$v":"Ha nem válaszol"},{"$i":"callForwardingNoReplyShort","$v":"Ha nem veszem fel"},{"$i":"callForwardingNotReachable","$v":"Ha nem érhető el"},{"$i":"callForwardingNotReachableShort","$v":"Ha nem érhető el"},{"$i":"callForwardingForwardingVoiceToNumber","$v":["Hanghívások ide: ",{"t":"idOrVar","v":"number"}]},{"$i":"callForwardingNotForwarding","$v":"Tiltva"},{"$i":"callForwardingConfirmTitle","$v":"Hívástovábbítás megerősítése üzenet"},{"$i":"cf-alwaysUseThisNumber","$v":"Mindig ezen szám használata"},{"$i":"cf-numberWhenUnreachable","$v":"Szám, ha nem érhető el"},{"$i":"cf-numberWhenUnanswered","$v":"Szám, ha megválaszolatlan"},{"$i":"cf-numberWhenBusy","$v":"Szám, ha foglalt"},{"$i":"callForwardingInvalidNumberError","$v":"Ez a telefonszám érvénytelen."},{"$i":"callForwardingSetSuccess","$v":"Művelet sikeresen beállítva."},{"$i":"callForwardingSetForbidden","$v":"A szolgáltató nem támogatja ezt a műveletet."},{"$i":"callForwardingSetError","$v":"Hívásbeállítási hiba."},{"$i":"callerId","$v":"Hívószám-kijelzés"},{"$i":"callBarring","$v":"Call Barring"},{"$i":"callBarring-header","$v":[{"t":"idOrVar","v":"callBarring"}]},{"$i":"callBarring-outgoing","$v":"Outgoing calls"},{"$i":"callBarring-baoc","$v":"All"},{"$i":"callBarring-boic","$v":"International"},{"$i":"callBarring-boicExhc","$v":"International except Home Country"},{"$i":"callBarring-incoming","$v":"Incoming calls"},{"$i":"callBarring-baic","$v":"All"},{"$i":"callBarring-baicR","$v":"All while roaming"},{"$i":"callBarring-passcode","$v":"Passcode"},{"$i":"callBarring-change-passcode","$v":"Change passcode"},{"$i":"callBarring-passcode-enter","$v":"Enter passcode"},{"$i":"callBarring-passcode-unknown","$v":"In case you don't know your passcode, please contact your carrier"},{"$i":"callBarring-current-passcode","$v":"Current passcode"},{"$i":"callBarring-new-passcode","$v":"New passcode"},{"$i":"callBarring-create-passcode","$v":"Create a Passcode"},{"$i":"callBarring-confirm-passcode","$v":"Confirm passcode"},{"$i":"callBarring-passcode-error-generic","$v":"Passcode error."},{"$i":"callBarring-passcode-error-incorrect","$v":"Passcode is incorrect."},{"$i":"callBarring-passcode-error-mismatch","$v":"Passcode doesn’t match."},{"$i":"callBarring-update-item-error","$v":["Error while updating the item: ",{"t":"idOrVar","v":"error"},"."]},{"$i":"callBarring-change-passcode-success","$v":"Passcode changed."},{"$i":"callerId-default","$v":"Hálózati alapértelmezés"},{"$i":"callerId-hide","$v":"Szám elrejtése"},{"$i":"callerId-show","$v":"Szám megjelenítése"},{"$i":"fdn","$v":"Rögzített hívószámok"},{"$i":"fdnSettings","$v":"Rögzített hívószámok"},{"$i":"fdnSettings-header","$v":[{"t":"idOrVar","v":"fdnSettings"}]},{"$i":"fdn-authorizedNumbers","$v":"Felhívható számok"},{"$i":"fdn-authorizedNumbers-header","$v":[{"t":"idOrVar","v":"fdn-authorizedNumbers"}]},{"$i":"fdn-authorizedNumbers-desc","$v":"A hívható számok listája"},{"$i":"fdn-explanation1","$v":"A telefonról felhívható telefonszámok korlátozása."},{"$i":"fdn-explanation2","$v":"(A segélyhívó számok mindig hívhatók)"},{"$i":"fdnEnable","$v":"FDN engedélyezése"},{"$i":"fdnDisable","$v":"FDN letiltása"},{"$i":"fdnReset","$v":"PIN2 törlése"},{"$i":"fdnAttemptMsg3","$v":{"one":"Utolsó lehetőség.","two":["Még ",{"t":"idOrVar","v":"n"}," kísérlete van."],"few":["Még ",{"t":"idOrVar","v":"n"}," kísérlete van."],"many":["Még ",{"t":"idOrVar","v":"n"}," kísérlete van."],"other":["Még ",{"t":"idOrVar","v":"n"}," kísérlete van."]},"$x":[{"t":"idOrVar","v":"plural"},"n"]},{"$i":"fdnLastChanceMsg","$v":"Ez az utolsó lehetősége a helyes PIN2 kód megadására. Ellenkező esetben a PUK2 kódot kell megadnia a SIM kártya használatához."},{"$i":"fdnErrorMsg","$v":"A PIN2 kód helytelen."},{"$i":"fdn-enabled-warning","$v":"Hívásátirányítás letiltva az FDN által"},{"$i":"fdnContact-name","$v":"név"},{"$i":"fdnContact-number","$v":"telefonszám"},{"$i":"fdnContact-submit","$v":"elküldés"},{"$i":"fdnAction-add","$v":"Névjegy felvétele"},{"$i":"fdnAction-call","$v":"Hívás"},{"$i":"fdnAction-edit","$v":"Névjegy írása"},{"$i":"fdnAction-edit-header","$v":"Névjegy írása"},{"$i":"fdnAction-delete","$v":"Névjegy törlése"},{"$i":"fdnNoFDNFreeRecord","$v":"Maximum FDN reached. You cannot add more numbers."},{"$i":"messagingSettings","$v":"Üzenetbeállítások"},{"$i":"messagingSettings-header","$v":[{"t":"idOrVar","v":"messagingSettings"}]},{"$i":"message-confirmation","$v":"Üzenet megerősítése"},{"$i":"message-delivery-reports","$v":"Kézbesítési jelentések"},{"$i":"message-delivery-reports-details","$v":"Kézbesítési értesítés kérése minden elküldött szöveges üzenethez"},{"$i":"message-read-reports","$v":"Jelentés megtekintése"},{"$i":"message-read-reports-details","$v":"Ovasási értesítés kérése minden elküldött szöveges üzenethez"},{"$i":"mmsTitle","$v":"Multimédiás üzenetek (MMS)"},{"$i":"auto-retrieve","$v":"Automata lekérés"},{"$i":"auto-retrieve-details","$v":"Üzenetek automatikus lekérése"},{"$i":"manual-retrieve","$v":"Ki"},{"$i":"auto-roaming-retrieve","$v":"Bekapcsolva roaminggal"},{"$i":"auto-no-roaming-retrieve","$v":"Bekapcsolva roaming nélkül"},{"$i":"autoConfigure","$v":"Automatikus beállítás"},{"$i":"wapPushMessages","$v":"WAP küldés üzenetek"},{"$i":"wapPush","$v":"WAP küldés"},{"$i":"cellBroadcastMessages","$v":"Cellaszórási üzenetek"},{"$i":"cellBroadcast","$v":"Cellaszórás"},{"$i":"emergencyAlert","$v":"Vészriasztás"},{"$i":"messagingInformation","$v":"Információk"},{"$i":"messaging-SMSC","$v":"Kiszolgálóközpont"},{"$i":"messaging-sim-settings","$v":[{"t":"idOrVar","v":"index"},". SIM beállítások"]},{"$i":"unknown-SMSC","$v":"Az információk nem érhetőek el"},{"$i":"cellularAndData","$v":"Mobil- és adatkapcsolat"},{"$i":"cellularAndData-header","$v":[{"t":"idOrVar","v":"cellularAndData"}]},{"$i":"dataNetwork","$v":"Szolgáltató"},{"$i":"dataConnectivity","$v":"Adatok"},{"$i":"dataConnection","$v":"Adatkapcsolat"},{"$i":"dataRoaming","$v":"Adatroaming"},{"$i":"networkOperator","$v":"Szolgáltatók"},{"$i":"networkOperator-header","$v":[{"t":"idOrVar","v":"networkOperator"}]},{"$i":"availableOperators","$v":"Közeli szolgáltatók"},{"$i":"preferredNetworkTypeAlertTitle","$v":"Kívánt hálózattípus"},{"$i":"preferredNetworkTypeAlertErrorMessage","$v":"Hálózat típusa nem állítható be"},{"$i":"operator-networkType","$v":"Hálózat típusa"},{"$i":"operator-networkType-auto","$v":"Automatikus"},{"$i":"operator-networkType-prefer3G","$v":"3G előnyben részesítve"},{"$i":"operator-networkType-2G","$v":"Csak 2G"},{"$i":"operator-networkType-3G","$v":"Csak 3G"},{"$i":"operator-networkType-GSM","$v":"GSM"},{"$i":"operator-networkType-WCDMA","$v":"WCDMA"},{"$i":"operator-networkType-CDMA","$v":"CDMA"},{"$i":"operator-networkType-EVDO","$v":"EVDO"},{"$i":"operator-networkType-LTE","$v":"LTE"},{"$i":"operator-networkType-preferWCDMA","$v":"WCDMA előnyben részesítve"},{"$i":"operator-networkType-auto-2G-3G","$v":"Automatikus (2G/3G)"},{"$i":"operator-networkType-auto-CDMA-EVDO","$v":"Automatikus (CDMA/EVDO)"},{"$i":"operator-networkType-auto-WCDMA-GSM","$v":"Automatikus (WCDMA/GSM)"},{"$i":"operator-networkType-auto-LTE-WCDMA-GSM","$v":"Automatikus (LTE/WCDMA/GSM)"},{"$i":"operator-networkType-auto-LTE-CDMA-EVDO","$v":"Automatikus (LTE/CDMA/EVDO)"},{"$i":"operator-networkType-auto-WCDMA-GSM-CDMA-EVDO","$v":"Automatikus (WCDMA/GSM/CDMA/EVDO)"},{"$i":"operator-autoSelect","$v":"Automatikus választás"},{"$i":"operator-networkSelect-auto","$v":"Automatikus"},{"$i":"operator-networkSelect-manual","$v":"Kézzel"},{"$i":"operator-turnAutoSelectOff","$v":"Kapcsolja ki az automatikus választást az elérhető szolgáltatók megjelenítéséhez."},{"$i":"operator-status-connecting","$v":"csatlakozás…"},{"$i":"operator-status-connectingfailed","$v":"A csatlakozás meghiúsult"},{"$i":"operator-status-connected","$v":"csatlakoztatva"},{"$i":"operator-roamingPreference","$v":"Roaming beállítások"},{"$i":"operator-roamingPreference-home","$v":"Otthon"},{"$i":"operator-roamingPreference-any","$v":"Bármely"},{"$i":"operator-roamingPreference-affiliated","$v":"Kapcsolatban"},{"$i":"apn","$v":"APN"},{"$i":"apnSettings","$v":"APN-beállítások"},{"$i":"apnSettings-header","$v":[{"t":"idOrVar","v":"apnSettings"}]},{"$i":"dataSettings","$v":"Adatbeállítások"},{"$i":"dataSettings-header","$v":[{"t":"idOrVar","v":"dataSettings"}]},{"$i":"suplSettings","$v":"A-GPS beállításai"},{"$i":"suplSettings-header","$v":[{"t":"idOrVar","v":"suplSettings"}]},{"$i":"messageSettings","$v":"Üzenetbeállítások"},{"$i":"messageSettings-header","$v":[{"t":"idOrVar","v":"messageSettings"}]},{"$i":"dunSettings","$v":"Internetmegosztás beállítások"},{"$i":"dunSettings-header","$v":[{"t":"idOrVar","v":"dunSettings"}]},{"$i":"imsSettings","$v":"IMS-beállítások"},{"$i":"imsSettings-header2","$v":[{"t":"idOrVar","v":"imsSettings"}]},{"$i":"apn-editor-header","$v":"APN szerkesztő"},{"$i":"mmsport","$v":"MMS port"},{"$i":"mmsproxy","$v":"MMS proxy"},{"$i":"mmsc","$v":"MMSC"},{"$i":"httpProxyHost","$v":"HTTP proxy kiszolgáló"},{"$i":"httpProxyPort","$v":"HTTP proxy port"},{"$i":"custom","$v":"(egyéni beállítások)"},{"$i":"apn-authType","$v":"Hitelesítés"},{"$i":"apn-authType-notDefined","$v":"Nincs megadva"},{"$i":"apn-authType-none","$v":"Nincs"},{"$i":"apn-authType-pap","$v":"PAP"},{"$i":"apn-authType-chap","$v":"CHAP"},{"$i":"apn-authType-papOrChap","$v":"PAP vagy CHAP"},{"$i":"apn-protocol","$v":"Protokoll"},{"$i":"apn-roaming-protocol","$v":"Roaming protokoll"},{"$i":"apn-protocol-notDefined","$v":"Nincs megadva"},{"$i":"apn-protocol-ip","$v":"IPv4"},{"$i":"apn-protocol-ipv6","$v":"IPv6"},{"$i":"apn-protocol-ipv4v6","$v":"IPv4/IPv6"},{"$i":"apn-type","$v":"APN típus"},{"$i":"dataConnection-warning-head","$v":"Bekapcsolja az adatkapcsolatot?"},{"$i":"dataConnection-warning-message","$v":"Az alkalmazások szükség esetén automatikusan az adatkapcsolaton keresztül töltik le az adatokat. További költségek felmerülhetnek."},{"$i":"dataRoaming-warning-head","$v":"Bekapcsolja az adatroamingot?"},{"$i":"dataRoaming-warning-message","$v":"Az előfizetési csomagtól függően többletköltségek merülhetnek fel az adatforgalom után a roaming területen."},{"$i":"change-apn-warning-message1","$v":"Depending on your service agreement, changing your APN setting may result in extra charges when roaming. Do you want to proceed?"},{"$i":"reset-apn-warning-title","$v":"Visszaállítás alapértelmezettre"},{"$i":"reset-apn-warning-message","$v":"Ezzel visszaállnak a beállítások az alapértelmezett értékre. Ez nem vonható vissza."},{"$i":"state-unknown","$v":"Ismeretlen állapot"},{"$i":"state-available","$v":"Elérhető"},{"$i":"state-connected","$v":"Kapcsolódva"},{"$i":"state-current","$v":"Kapcsolódva"},{"$i":"state-forbidden","$v":"Tiltott"},{"$i":"delete-apn-confirm","$v":"Törli az APN-t?"},{"$i":"delete-apn","$v":"Törlés"},{"$i":"add-apn","$v":"Új APN hozzáadása"},{"$i":"reset-apn","$v":"Visszaállítás alapértelmezettre"},{"$i":"apnSettings-reset","$v":"APN-beállítások törlése"},{"$i":"bluetooth","$v":"Bluetooth"},{"$i":"bluetooth-header","$v":[{"t":"idOrVar","v":"bluetooth"}]},{"$i":"bluetooth-enable-msg","$v":"Kapcsolja be a Bluetooth-t a közeli eszközök megjelenítéséhez."},{"$i":"bluetooth-paired-devices","$v":"Párosított eszközök"},{"$i":"bluetooth-devices-in-area","$v":"Közeli eszközök"},{"$i":"bluetooth-visible-to-all","$v":"Látható mindenkinek"},{"$i":"bluetooth-name-maxlength-alert","$v":["Az eszköznév hosszabb mint ",{"t":"idOrVar","v":"length"}," karakter. Adja meg ismét az eszköznevet."]},{"$i":"bluetooth-address","$v":"Bluetooth cím"},{"$i":"bluetooth-address-unavailable","$v":"Nem érhető el"},{"$i":"bt-status-nopaired","$v":"Nincsenek párosítva eszközök"},{"$i":"bt-status-turnoff","$v":"Kikapcsolva"},{"$i":"bt-status-paired","$v":{"zero":[{"t":"idOrVar","v":"name"}],"one":[{"t":"idOrVar","v":"name"},", és még ",{"t":"idOrVar","v":"n"}],"two":[{"t":"idOrVar","v":"name"},", és még ",{"t":"idOrVar","v":"n"}],"few":[{"t":"idOrVar","v":"name"},", és még ",{"t":"idOrVar","v":"n"}],"many":[{"t":"idOrVar","v":"name"},", és még ",{"t":"idOrVar","v":"n"}],"other":[{"t":"idOrVar","v":"name"},", és még ",{"t":"idOrVar","v":"n"}]},"$x":[{"t":"idOrVar","v":"plural"},"n"]},{"$i":"device-status-tap-connect","$v":"Koppintson a csatlakozáshoz"},{"$i":"device-status-pairing","$v":"Párosítás eszközzel…"},{"$i":"device-status-waiting","$v":"Várakozás a másik eszközre…"},{"$i":"device-status-paired","$v":"Párosítva"},{"$i":"device-status-connecting","$v":"Kapcsolódás…"},{"$i":"device-status-connected","$v":"Kapcsolódva"},{"$i":"device-status-connected-media","$v":"A média hanghoz csatlakozva"},{"$i":"device-option-unpair","$v":"Párosítás törlése"},{"$i":"device-option-confirm","$v":"Megerősítés"},{"$i":"device-option-unpair-confirmation","$v":"Megerősítés"},{"$i":"device-option-unpair-device","$v":"Párosítás visszavonása?"},{"$i":"device-option-connect","$v":"Kapcsolódás"},{"$i":"device-option-disconnect","$v":"Leválás"},{"$i":"search-for-device","$v":"Eszközök keresése…"},{"$i":"search-device","$v":"Eszközök keresése"},{"$i":"rename-device","$v":"Eszköz átnevezése"},{"$i":"unnamed-device","$v":"Ismeretlen eszköz"},{"$i":"change-phone-name-desc","$v":"A számítógépen megjelenített név megváltoztatása."},{"$i":"bluetooth-new-name","$v":"Új név"},{"$i":"error-pair-title","$v":"Az eszközök nem párosíthatók"},{"$i":"error-pair-pincode","$v":"A párosítás nem sikerült az eszközzel. Ellenőrizze a PIN-t."},{"$i":"error-pair-toofast","$v":"Az eszközzel párosítás sikertelen. Túl sok kérés."},{"$i":"error-connect-title","$v":"Az eszközök nem csatlakoztathatók"},{"$i":"error-connect-msg","$v":"Ellenőrizze, hogy a csatlakoztatni kívánt eszköz hatókörön belül van, és a Bluetooth be van rajta kapcsolva."},{"$i":"unpair-title","$v":"Törli a csatlakoztatott eszköz párosítását?"},{"$i":"unpair-msg","$v":"Jelenleg kapcsolódik az eszközhöz. A párosítás törlésével a kapcsolat is megszakad."},{"$i":"nfc","$v":"NFC"},{"$i":"SSIDCannotBeEmpty","$v":"Az SSID nem lehet üres"},{"$i":"internetSharing","$v":"Internetmegosztás"},{"$i":"internetSharing-header","$v":[{"t":"idOrVar","v":"internetSharing"}]},{"$i":"internetSharing-usb","$v":"USB"},{"$i":"internetSharing-wifi","$v":"Wi-Fi"},{"$i":"wifi-hotspot","$v":"Wi-Fi hotspot"},{"$i":"wifi-name","$v":"Név"},{"$i":"wifi-password","$v":"Jelszó"},{"$i":"wifi-security","$v":"Biztonság"},{"$i":"usb-tethering","$v":"USB kapcsolat"},{"$i":"hotspotSettings","$v":"Hotspot beállításai"},{"$i":"wifi-auth-username","$v":"Felhasználónév"},{"$i":"wifi-auth-password","$v":"Jelszó"},{"$i":"wifi-join-username","$v":"Felhasználónév"},{"$i":"wifi-join-password","$v":"Jelszó"},{"$i":"hotspotSettings-header","$v":[{"t":"idOrVar","v":"hotspotSettings"}]},{"$i":"ssid-name","$v":"SSID hálózati név"},{"$i":"hotspot-open","$v":"Nyitott"},{"$i":"hotspot-wpa-psk","innerHTML":"WPA (TKIP)"},{"$i":"hotspot-wpa2-psk","innerHTML":"WPA2 (AES)"},{"$i":"hotspot-password-desc","$v":"A jelszó legalább 8 karakter hosszú kell legyen."},{"$i":"personalization","$v":"Testreszabás"},{"$i":"sound","$v":"Hang"},{"$i":"sound-header","$v":[{"t":"idOrVar","v":"sound"}]},{"$i":"volume","$v":"Hangerő"},{"$i":"tones","$v":"Dallamok"},{"$i":"touch-tones","$v":"Hallható tárcsázási hangok"},{"$i":"touch-tone-short","$v":"Rövid"},{"$i":"touch-tone-long","$v":"Hosszú"},{"$i":"select-tone","$v":"Dallamválasztás"},{"$i":"ringtones","$v":"Csengőhangok"},{"$i":"alerts","$v":"Riasztások"},{"$i":"manage-tones","$v":"Hangok kezelése"},{"$i":"other-sounds","$v":"Más hangok"},{"$i":"unlock-screen","$v":"Képernyő feloldása"},{"$i":"camera","$v":"Kamera"},{"$i":"sent-message","$v":"Elküldött üzenet"},{"$i":"alarm-sound","$v":"Riasztás"},{"$i":"ringtone-and-notification-sound","$v":"Csengő- és értesítési hangok"},{"$i":"media-sound","$v":"Média"},{"$i":"saving-tone","$v":"Mentés…"},{"$i":"no-ringtone-app","$v":"Nem található a csengőhangok kezeléséhez alkalmazás!"},{"$i":"display","$v":"Kijelző"},{"$i":"display-header","$v":[{"t":"idOrVar","v":"display"}]},{"$i":"brightness","$v":"Fényerő"},{"$i":"brightness-autoAdjust","$v":"Automatikus beállítás"},{"$i":"lockScreen","$v":"Képernyő zárolása"},{"$i":"wallpaper","$v":"Háttérkép"},{"$i":"screen-timeout","$v":"Képernyő zárolása"},{"$i":"one-minute","$v":"1 perc"},{"$i":"two-minutes","$v":"2 perc"},{"$i":"five-minutes","$v":"5 perc"},{"$i":"ten-minutes","$v":"10 perc"},{"$i":"never","$v":"soha"},{"$i":"lock-orientation","$v":"Tájolás zárolása"},{"$i":"navigation","$v":"Alkalmazásváltó"},{"$i":"navigation-header","$v":[{"t":"idOrVar","v":"navigation"}]},{"$i":"edge-swipe-navigation","$v":"Váltás képernyőszélről"},{"$i":"edge-swipe-navigation-enable-msg","$v":"A képernyő széléről jobbra vagy balra húzva váltson az alkalmazások között."},{"$i":"notifications","$v":"Értesítések"},{"$i":"notifications-header","$v":[{"t":"idOrVar","v":"notifications"}]},{"$i":"lockscreen-notifications","$v":"Zárolási képernyőn"},{"$i":"notifications-resend","$v":"Látható újraindítás után"},{"$i":"dateAndTime","$v":"Dátum és idő"},{"$i":"dateAndTime-header","$v":[{"t":"idOrVar","v":"dateAndTime"}]},{"$i":"setTimeAutomatically","$v":"Automatikus beállítás"},{"$i":"setTimeManually","$v":"Beállítás saját kezűleg"},{"$i":"timezoneMessage","$v":"Időzóna"},{"$i":"dateMessage","$v":"Dátum"},{"$i":"timeMessage","$v":"Idő"},{"$i":"selectTimezoneContinent","$v":"Válasszon kontinenst"},{"$i":"selectTimezone","$v":"Válasszon időzónát"},{"$i":"time-format","$v":"Formázás"},{"$i":"time-format-time","$v":"Időformátum"},{"$i":"hour-12","$v":"12 órás"},{"$i":"hour-24","$v":"24 órás"},{"$i":"languageAndRegion","$v":"Nyelv és terület"},{"$i":"language","$v":"Nyelv"},{"$i":"language-header","$v":[{"t":"idOrVar","v":"language"}]},{"$i":"region","$v":"Terület"},{"$i":"more-languages","$v":"Get More Languages"},{"$i":"sample-format","$v":"Példa a formátumokra"},{"$i":"longDateFormat","$v":"%Y. %B %d. %A"},{"$i":"simManager","$v":"SIM-kezelő"},{"$i":"simManager-header","$v":[{"t":"idOrVar","v":"simManager"}]},{"$i":"simSettings","$v":"SIM beállítások"},{"$i":"sim-manager-outgoing-calls","$v":"Kimenő hívások"},{"$i":"sim-manager-outgoing-call-desc","$v":"Hívások indítása erről"},{"$i":"sim-manager-outgoing-messages","$v":"Kimenő üzenetek"},{"$i":"sim-manager-outgoing-messages-desc","$v":"SMS-ek küldése erről"},{"$i":"sim-manager-outgoing-data","$v":"Adatok"},{"$i":"sim-manager-outgoing-data-description","$v":"Hálózati adatszolgáltatás és Marketplace fizetések"},{"$i":"sim-manager-always-ask","$v":"Mindig kérdez"},{"$i":"sim-pin-locked","$v":"SIM PIN zárolva"},{"$i":"no-operator","$v":"Nincs szolgáltató"},{"$i":"cant-disable-simcard-alert","$v":"Legalább egy SIM kártyának aktívnak kell lennie"},{"$i":"disable-simcard-confirm","$v":["A(z) ",{"t":"idOrVar","v":"disableCardIndex"},". SIM kártya nem tud hívásokat és üzeneteket fogadni. A(z) ",{"t":"idOrVar","v":"disableCardIndex"},". SIM kártyán keresztül kimenő hívások és üzenetek le lettek tiltva."]},{"$i":"change-outgoing-data-confirm","$v":"Az éppen folyó adatátvitel felfüggesztésre kerül. Mégis folytatja?"},{"$i":"homescreen","$v":"Kezdőképernyő"},{"$i":"vertical-homescreen-header","$v":"Kezdőképernyő"},{"$i":"vertical-homescreen-layout","$v":"Elrendezés"},{"$i":"vertical-homescreen-icon-layout","$v":"Ikonelrendezés"},{"$i":"vertical-homescreen-three-columns","$v":"Három oszlop"},{"$i":"vertical-homescreen-four-columns","$v":"Négy oszlop"},{"$i":"notice","$v":"Figyelmeztetés"},{"$i":"search","$v":"Keresés"},{"$i":"search-header","$v":"Keresés"},{"$i":"search-engine","$v":"Keresőszolgáltatás"},{"$i":"search-suggestions","$v":"Keresési javaslatok"},{"$i":"search-suggestions-description","$v":"A keresés során begépelt karakterek elküldésre kerülnek több keresőszolgáltatóhoz, melyeket felhasználnak a keresési javaslatok visszaküldésekor. A funkció használata során további adatforgalmi költségek is felmerülhetnek."},{"$i":"homescreens","$v":"Kezdőképernyők"},{"$i":"homescreens-header","$v":[{"t":"idOrVar","v":"homescreens"}]},{"$i":"changeHomescreen","$v":"Kezdőképernyő módosítása"},{"$i":"changeHomescreenButton","$v":"Módosítás"},{"$i":"description","$v":"Leírás"},{"$i":"keyboardSettings","$v":"Billentyűzetbeállítások"},{"$i":"selectedKeyboards","$v":"Kijelölt billentyűzetek"},{"$i":"keyboards","$v":"Billentyűzet"},{"$i":"keyboards-header","$v":[{"t":"idOrVar","v":"keyboards"}]},{"$i":"numberKeyboardLayouts","$v":"Számkiosztás"},{"$i":"optionKeyboardLayouts","$v":"Alternatív kiosztások"},{"$i":"keypad","$v":"Tárcsázó"},{"$i":"dialpad","$v":"Tárcsázó"},{"$i":"selectKeyboards","$v":"Billentyűzet kiválasztása"},{"$i":"selectKeyboards-header","$v":[{"t":"idOrVar","v":"selectKeyboards"}]},{"$i":"mustHaveOneKeyboard","$v":["Legalább egy ",{"t":"idOrVar","v":"type"}," billentyűzetet ki kell választania"]},{"$i":"keyboardType-text","$v":"szöveg"},{"$i":"keyboardType-url","$v":"url"},{"$i":"keyboardType-number","$v":"telefonszám"},{"$i":"defaultKeyboardEnabled","$v":[{"t":"idOrVar","v":"appName"}," ",{"t":"idOrVar","v":"layoutName"}," lett beállítva alapértelmezett beviteli módként"]},{"$i":"themes","$v":"Témák"},{"$i":"themes-header","$v":[{"t":"idOrVar","v":"themes"}]},{"$i":"fxa","$v":"Firefox fiókok"},{"$i":"accounts","$v":"Fiókkezelő"},{"$i":"fxa-accounts","$v":"Firefox fiókok"},{"$i":"fxa-accounts-header","$v":[{"t":"idOrVar","v":"fxa-accounts"}]},{"$i":"fxa-overview","$v":"Firefox fiókjával hozzáférhet olyan funkciókhoz, mint az Eszközkereső és a Firefox Marketplace."},{"$i":"fxa-invitation","$v":"Fiók létrehozása vagy bejelentkezés"},{"$i":"fxa-confirm-account","$v":"Fiók megerősítése"},{"$i":"fxa-verification-email-sent-msg","$v":["A levelet ide küldjük ki: ",{"t":"idOrVar","v":"email"}]},{"$i":"fxa-please-verify","$v":"Kattintson az e-mailben kapott ellenőrző hivatkozásra a fiók megerősítéséhez."},{"$i":"fxa-cancel-confirmation","$v":"Fiókmegerősítés megszakítása"},{"$i":"fxa-resend-alert","$v":["A megerősítő hivatkozás elküldve ide: ",{"t":"idOrVar","v":"email"},"."]},{"$i":"fxa-dont-see-email","$v":["Nem kapta meg a levelet? ",{"t":"idOrVar","v":"resend"},"."]},{"$i":"fxa-resend","$v":"Újraküldés"},{"$i":"fxa-about","$v":"Névjegy"},{"$i":"fxa-logged-in-text","$v":["Bejelentkezve, mint: ",{"t":"idOrVar","v":"email"}]},{"$i":"fxa-signed-in-header","$v":"Bejelentkezve"},{"$i":"fxa-marketplace-app","$v":"Marketplace"},{"$i":"fxa-find-my-device-app","$v":"Eszközkereső"},{"$i":"fxa-options","$v":"Beállítások"},{"$i":"fxa-sign-out","$v":"Kijelentkezés"},{"$i":"fxa-confirm-email","$v":[{"t":"idOrVar","v":"email"}," megerősítése"]},{"$i":"findmydevice","$v":"Eszközkereső"},{"$i":"findmydevice-create-account","$v":"Fiók létrehozása vagy bejelentkezés"},{"$i":"findmydevice-enable","$v":"Eszközkereső"},{"$i":"findmydevice-about","$v":"Az Eszközkeresőről"},{"$i":"findmydevice-enable-geolocation-prompt","$v":"Engedélyezi a helymeghatározást?"},{"$i":"findmydevice-enable-geolocation-description","$v":"Az eszköz helyzetének megtekintéséhez engedélyeznie kell a helymeghatározást."},{"$i":"findmydevice-geolocation-enabled","$v":"Helymeghatározás engedélyezve"},{"$i":"findmydevice-enable-network","$v":"Az eszköz nincs kapcsolódva. Csatlakozzon egy hálózathoz, és próbálja újra."},{"$i":"findmydevice-error","$v":"Az eszközkeresőnél hiba lépett fel."},{"$i":"findmydevice-please-try","$v":"Próbálja meg újra."},{"$i":"findmydevice-please-tap","$v":"Koppintson az újrapróbáláshoz."},{"$i":"privacyAndSecurity","$v":"Adatvédelem és biztonság"},{"$i":"passcode-lock","$v":"Jelkódos zárolás"},{"$i":"passcode-lock-desc","$v":["Jelkód: ",{"t":"idOrVar","v":"code"}]},{"$i":"screenLock","$v":"Telefon zárolása"},{"$i":"screenLock-header","$v":[{"t":"idOrVar","v":"screenLock"}]},{"$i":"simSecurity","$v":"SIM biztonsága"},{"$i":"simSecurity-header","$v":[{"t":"idOrVar","v":"simSecurity"}]},{"$i":"appPermissions","$v":"App jogosultságok"},{"$i":"appPermissions-header","$v":[{"t":"idOrVar","v":"appPermissions"}]},{"$i":"author","$v":"Szerző"},{"$i":"permissions","$v":"Jogosultságok"},{"$i":"revoke","$v":"Visszavonás"},{"$i":"ask","$v":"Kérdés"},{"$i":"deny","$v":"Tiltás"},{"$i":"allow","$v":"Engedélyezés"},{"$i":"uninstallApp","$v":"App eltávolítása"},{"$i":"phone","$v":"Telefon"},{"$i":"messages","$v":"Üzenetek"},{"$i":"vibrate","$v":"Rezgés"},{"$i":"ring","$v":"Csengés"},{"$i":"change","$v":"Módosítás"},{"$i":"create","$v":"Kész"},{"$i":"create-a-passcode","$v":"Jelkód létrehozása"},{"$i":"passcode","$v":"Jelkód"},{"$i":"passcode-heading","$v":"Jelkód"},{"$i":"enter-passcode","$v":"Írja be a jelkódot"},{"$i":"new-passcode","$v":"Új jelkód"},{"$i":"current-passcode","$v":"Jelenlegi jelkód"},{"$i":"incorrect-passcode","$v":"A jelkód helytelen."},{"$i":"passcode-doesnt-match","$v":"A jelkód nem egyezik. Próbálja újra."},{"$i":"confirm-passcode","$v":"Jelkód megerősítése"},{"$i":"immediately","$v":"Azonnal"},{"$i":"after-one-minute","$v":"1 perc után"},{"$i":"after-five-minutes","$v":"5 perc után"},{"$i":"after-fifteen-minutes","$v":"15 perc után"},{"$i":"after-thirty-minutes","$v":"30 perc után"},{"$i":"after-one-hour","$v":"1 óra után"},{"$i":"require-passcode","$v":"Jelkód kérése"},{"$i":"change-passcode","$v":"Jelkód módosítása"},{"$i":"noSimCard","$v":"Nincs SIM kártya"},{"$i":"simPin","$v":"SIM PIN kód"},{"$i":"simPin2","$v":"SIM PIN2"},{"$i":"simPinWithIndex","$v":[{"t":"idOrVar","v":"index"},". SIM PIN"]},{"$i":"pukCode","$v":"PUK kód"},{"$i":"puk2Code","$v":"PUK2 kód"},{"$i":"whatIsSimPin","$v":"Mi az a SIM PIN kód?"},{"$i":"simPinIntro1","$v":"A SIM PIN kód megakadályozza a SIM kártya mobil adathálózatainak elérését. Ha be van kapcsolva, a SIM kártyát tartalmazó bármely eszköz újraindításkor bekéri a PIN kódot."},{"$i":"simPinIntro2","$v":"A SIM PIN kód nem azonos az eszköz feloldására használt jelkóddal."},{"$i":"changeSimPin","$v":"PIN kód módosítása"},{"$i":"simPinChangedSuccessfully","$v":"A SIM PIN módosítása sikeres"},{"$i":"simPinChangedSuccessfullyWithIndex","$v":[{"t":"idOrVar","v":"index"},". SIM PIN módosítása sikeres"]},{"$i":"pinTitle","$v":"Írja be a SIM PIN-t"},{"$i":"pin2Title","$v":"Írja be a SIM PIN2-t"},{"$i":"pukTitle","$v":"Írja be a PUK kódot"},{"$i":"puk2Title","$v":"Adja meg a PUK2 kódot"},{"$i":"newpinTitle","$v":"Új PIN kód"},{"$i":"inputCodeRetriesLeft","$v":{"one":"Utolsó kísérlet.","two":["Még ",{"t":"idOrVar","v":"n"}," kísérlete van."],"few":["Még ",{"t":"idOrVar","v":"n"}," kísérlete van."],"many":["Még ",{"t":"idOrVar","v":"n"}," kísérlete van."],"other":["Még ",{"t":"idOrVar","v":"n"}," kísérlete van."]},"$x":[{"t":"idOrVar","v":"plural"},"n"]},{"$i":"pinAttemptMsg3","$v":{"one":"Egy kísérlete van a helyes kód megadására a SIM kártya zárolása előtt.","two":[{"t":"idOrVar","v":"n"}," kísérlete van a helyes kód megadására a SIM kártya zárolása előtt."],"few":[{"t":"idOrVar","v":"n"}," kísérlete van a helyes kód megadására a SIM kártya zárolása előtt."],"many":[{"t":"idOrVar","v":"n"}," kísérlete van a helyes kód megadására a SIM kártya zárolása előtt."],"other":[{"t":"idOrVar","v":"n"}," kísérlete van a helyes kód megadására a SIM kártya zárolása előtt."]},"$x":[{"t":"idOrVar","v":"plural"},"n"]},{"$i":"pinLastChanceMsg","$v":"Ez az utolsó lehetősége a helyes PIN kód megadására. Ellenkező esetben a PUK kódot kell megadnia a SIM kártya használatához."},{"$i":"simCardLockedMsg","$v":"A SIM kártya zárolva van."},{"$i":"simCardBlockedMsg","$v":"A SIM kártya blokkolva van."},{"$i":"enterPukMsg","$v":"Meg kell adnia a SIM kártya PUK (személyes feloldókulcs) kódját. További információkért nézze meg a SIM kártya dokumentációját, vagy keresse meg szolgáltatóját."},{"$i":"enterPuk2Msg","$v":"Meg kell adnia a SIM kártya PUK2 (személyes feloldókulcs) kódját. További információkért nézze meg a SIM kártya dokumentációját, vagy keresse meg szolgáltatóját."},{"$i":"pukErrorMsg","$v":"A PUK kód helytelen."},{"$i":"pukAttemptMsg3","$v":{"one":"Még egy lehetősége van a helyes kód megadására, mielőtt a SIM kártya véglegesen használhatatlanná válik. További információkért nézze meg a SIM kártya dokumentációját, vagy keresse meg szolgáltatóját.","two":["Még ",{"t":"idOrVar","v":"n"}," lehetősége van a helyes kód megadására, mielőtt a SIM kártya véglegesen használhatatlanná válik. További információkért nézze meg a SIM kártya dokumentációját, vagy keresse meg szolgáltatóját."],"few":["Még ",{"t":"idOrVar","v":"n"}," lehetősége van a helyes kód megadására, mielőtt a SIM kártya véglegesen használhatatlanná válik. További információkért nézze meg a SIM kártya dokumentációját, vagy keresse meg szolgáltatóját."],"many":["Még ",{"t":"idOrVar","v":"n"}," lehetősége van a helyes kód megadására, mielőtt a SIM kártya véglegesen használhatatlanná válik. További információkért nézze meg a SIM kártya dokumentációját, vagy keresse meg szolgáltatóját."],"other":["Még ",{"t":"idOrVar","v":"n"}," lehetősége van a helyes kód megadására, mielőtt a SIM kártya véglegesen használhatatlanná válik. További információkért nézze meg a SIM kártya dokumentációját, vagy keresse meg szolgáltatóját."]},"$x":[{"t":"idOrVar","v":"plural"},"n"]},{"$i":"pukLastChanceMsg","$v":"Ez az utolsó lehetősége a helyes PUK kód megadására. A SIM kártyája véglegesen használhatatlan lesz, ha rossz PUK kódot ad meg. További információkért nézze meg a SIM kártya dokumentációját, vagy keresse meg szolgáltatóját."},{"$i":"newSimPinMsg","$v":"PIN kód létrehozása (4 - 8 számjegyet tartalmazhat)"},{"$i":"newSimPin2Msg","$v":"PIN2 kód létrehozása (4 - 8 számjegyet tartalmazhat)"},{"$i":"confirmNewSimPinMsg","$v":"Új PIN kód megerősítése"},{"$i":"confirmNewSimPin2Msg","$v":"Új PIN2 kód megerősítése"},{"$i":"newPinErrorMsg","$v":"A PIN kódok nem egyeznek."},{"$i":"simLockedPhone","$v":"SIM-zárolt telefon"},{"$i":"unknownSimCardState","$v":"Ismeretlen SIM kártyaállapot"},{"$i":"simCardNotReady","$v":"A SIM kártya nem áll készen"},{"$i":"simCardIllegal","$v":"Nem engedélyezett SIM kártya"},{"$i":"doNotTrack","$v":"Ne kövessenek"},{"$i":"doNotTrack-header","$v":[{"t":"idOrVar","v":"doNotTrack"}]},{"$i":"doNotTrackActions","$v":"Nem akarom, hogy a webhelyek és appok kövessenek"},{"$i":"allowTracking","$v":"Azt akarom, hogy a webhelyek és appok kövessenek"},{"$i":"doNotHavePrefOnTracking","$v":"Az oldalakkal és appokkal ne közölje a követési preferenciáimat"},{"$i":"doNotTrack-dt","$v":"Mire szolgál a „Ne kövessenek”?"},{"$i":"doNotTrack-dd1","$v":"A „Ne kövessenek” szolgáltatás bekapcsolásakor az eszköz minden webhelynek és appnak (valamint reklámozónak és tartalomszolgáltatónak) jelzi, hogy Ön nem szeretné, ha tevékenységét követnék."},{"$i":"doNotTrack-dd2","$v":"A „Ne kövessenek” bekapcsolása nem befolyásolja a képességét a weboldalakra bejelentkezésre, és az eszköze sem felejt el személyes információkat – például bevásárlókosarak tartalmát, földrajzi helyzetével kapcsolatos vagy bejelentkezési információkat."},{"$i":"browsingPrivacy","$v":"Böngészési adatvédelem"},{"$i":"browsingPrivacy-header","$v":[{"t":"idOrVar","v":"browsingPrivacy"}]},{"$i":"confirm-clear-title","$v":"Megerősítés"},{"$i":"clear-browsing-history","$v":"Böngészési előzmények törlése"},{"$i":"confirm-clear-browsing-history","$v":"Törli a böngészési előzményeket?"},{"$i":"clear-cookies-and-stored-data","$v":"Sütik és eltárolt adatok törlése"},{"$i":"confirm-clear-cookies-and-stored-data","$v":"Törli a webhelyek által eltárolt sütiket és az adatokat az eszközről?"},{"$i":"clear","$v":"Törlés"},{"$i":"privacy-controls","$v":"Privacy Controls"},{"$i":"no-privacy-panel","$v":"No privacy panel app found"},{"$i":"storage","$v":"Tárhely"},{"$i":"enableUSBStorage1","$v":"USB-tárhely"},{"$i":"umsUnplugToDisable","$v":"Húzza ki a kábelt"},{"$i":"appStorage","$v":"Alkalmazástárhely"},{"$i":"appStorage-header","$v":[{"t":"idOrVar","v":"appStorage"}]},{"$i":"storageSize","$v":[{"t":"idOrVar","v":"size"}," ",{"t":"idOrVar","v":"unit"}]},{"$i":"availableSize","$v":{"zero":[{"t":"idOrVar","v":"size"}," ",{"t":"idOrVar","v":"unit"}," elérhető"],"one":[{"t":"idOrVar","v":"size"}," ",{"t":"idOrVar","v":"unit"}," elérhető"],"two":[{"t":"idOrVar","v":"size"}," ",{"t":"idOrVar","v":"unit"}," elérhető"],"few":[{"t":"idOrVar","v":"size"}," ",{"t":"idOrVar","v":"unit"}," elérhető"],"many":[{"t":"idOrVar","v":"size"}," ",{"t":"idOrVar","v":"unit"}," elérhető"],"other":[{"t":"idOrVar","v":"size"}," ",{"t":"idOrVar","v":"unit"}," elérhető"]},"$x":[{"t":"idOrVar","v":"plural"},"size"]},{"$i":"apps-total-space","$v":"Teljes terület"},{"$i":"apps-used-space","$v":"Használatban"},{"$i":"apps-free-space","$v":"Szabad terület"},{"$i":"storage-details","$v":"A fényképek, a videók és a zenék az appoktól elkülönítve vannak tárolva. A részletekért tekintse meg a Médiatárhelyet."},{"$i":"ums-shared-volumes","$v":[{"t":"idOrVar","v":"list"}," megosztva"]},{"$i":"transferProtocol-header","$v":"Átviteli protokoll"},{"$i":"protocol-mtp","$v":"Médiaátviteli protokoll (MTP)"},{"$i":"protocol-ums","$v":"USB tömeges tárhely (UMS)"},{"$i":"mediaStorage","$v":"Médiatárhely"},{"$i":"mediaStorage-header","$v":[{"t":"idOrVar","v":"mediaStorage"}]},{"$i":"storage-name-internal","$v":"Belső tárhely"},{"$i":"storage-name-external-0","$v":"SD kártya tárhely"},{"$i":"storage-name-external-1","$v":"2. SD kártya tárhely"},{"$i":"short-storage-name-internal","$v":"Belső"},{"$i":"short-storage-name-external-0","$v":"SD kártya"},{"$i":"short-storage-name-external-1","$v":"2. SD kártya"},{"$i":"music-space","$v":"Zenék"},{"$i":"pictures-space","$v":"Képek"},{"$i":"videos-space","$v":"Filmek"},{"$i":"left-space","$v":"Szabad terület"},{"$i":"free-space","$v":"Szabad terület"},{"$i":"total-space","$v":"Teljes terület"},{"$i":"size-not-available","$v":"Nem érhető el"},{"$i":"no-storage","$v":"Nem található tárhely"},{"$i":"advanced","$v":"Haladó"},{"$i":"ums-warning-title","$v":"Engedélyezi az USB-tárhelyet?"},{"$i":"default-media-location","$v":"Alapértelmezett médiatárhely"},{"$i":"default-media-location-msg","$v":"Válassza ki a fényképek, videók, zenék és letöltések alapértelmezett tárhelyét."},{"$i":"change-default-media-location-confirmation","$v":"Az alapértelmezett médiatárhely megváltoztatása befolyásolja az összes médiafájl mentési helyét. A már meglévő adatok az eddigi tárhelyen maradnak. Folytatja?"},{"$i":"eject-sdcard-external-0","$v":"SD kártya kiadása"},{"$i":"eject-sdcard-external-1","$v":"2. SD kártya kiadása"},{"$i":"format-sdcard-internal","$v":"Belső tárhely formázása"},{"$i":"format-sdcard-external-0","$v":"SD kártya formázása"},{"$i":"format-sdcard-external-1","$v":"2. SD kártya formázása"},{"$i":"formatting","$v":"Formázás…"},{"$i":"unmount-sdcard-confirmation","$v":"Leválasztás után nem fog hozzáférni az SD kártyán tárolt tartalomhoz. Folytatja?"},{"$i":"format-sdcard-title","$v":"SD kártya formázása"},{"$i":"format-sdcard-message","$v":"Ez minden adatot töröl az SD kártyáról, például a zenéket és fényképeket."},{"$i":"format-sdcard-internal-title","$v":"Format internal storage"},{"$i":"format-sdcard-internal-message","$v":"This will erase all data stored on your internal storage, such as music and photos."},{"$i":"format-sdcard-btnformat","$v":"Formázás"},{"$i":"sdcardUnmounted","$v":"SD kártya leválasztva"},{"$i":"device","$v":"Eszköz"},{"$i":"help","$v":"Súgó"},{"$i":"deviceInfo","$v":"Eszközinformációk"},{"$i":"deviceInfo-header","$v":[{"t":"idOrVar","v":"deviceInfo"}]},{"$i":"deviceInfo-IMEI","$v":"IMEI"},{"$i":"deviceInfo-ICCID","$v":"ICCID"},{"$i":"deviceInfo-MSISDN","$v":"Telefonszám"},{"$i":"deviceInfo-ICCID-unavailable-sim","$v":[{"t":"idOrVar","v":"index"},". SIM: Nem érhető el"]},{"$i":"downloads","$v":"Letöltések"},{"$i":"downloads-header","$v":[{"t":"idOrVar","v":"downloads"}]},{"$i":"unknown-phoneNumber","$v":"Ismeretlen"},{"$i":"unknown-phoneNumber-sim","$v":[{"t":"idOrVar","v":"index"},". SIM: Ismeretlen"]},{"$i":"gitInfo","$v":"Git kommit infók"},{"$i":"developer","$v":"Fejlesztés"},{"$i":"developer-header","$v":[{"t":"idOrVar","v":"developer"}]},{"$i":"hud-settings-button","$v":"Fejlesztői HUD"},{"$i":"hud-settings-header","$v":[{"t":"idOrVar","v":"hud-settings-button"}]},{"$i":"hud-devtools","$v":"Fejlesztői eszközök"},{"$i":"hud-devtools-header","$v":[{"t":"idOrVar","v":"hud-devtools"}]},{"$i":"hud-logging","$v":"Változások naplózása ADB-ben"},{"$i":"hud-system","$v":"Rendszer HUD"},{"$i":"hud-problems","$v":"Problémák"},{"$i":"hud-warnings","$v":"Figyelmeztetések"},{"$i":"hud-errors","$v":"Hibák"},{"$i":"hud-security","$v":"Biztonsági problémák"},{"$i":"hud-performance","$v":"Teljesítmény"},{"$i":"hud-reflows","$v":"Újrarajzolás"},{"$i":"hud-jank","$v":"Holtjáték"},{"$i":"jank-threshold","$v":"Holtjáték küszöbértéke"},{"$i":"hud-fps","$v":"FPS kiírása"},{"$i":"hud-ttl","$v":"Betöltési idő"},{"$i":"hud-memory","$v":"Memória"},{"$i":"hud-uss","$v":"Egyedi csoportméret"},{"$i":"hud-appmemory","$v":"App memória"},{"$i":"hud-jsobjects","$v":"JS objektumok"},{"$i":"hud-jsstrings","$v":"JS szövegek"},{"$i":"hud-jsother","$v":"JS egyéb"},{"$i":"hud-dom","$v":"DOM"},{"$i":"hud-style","$v":"Stílus"},{"$i":"hud-other","$v":"Egyéb"},{"$i":"software","$v":"Szoftver"},{"$i":"devSettings","$v":"Fejlesztői beállítások"},{"$i":"debug","$v":"Hibakövetés"},{"$i":"developer-menu","$v":"Fejlesztői menü"},{"$i":"developer-tools","$v":"Fejlesztői eszközök"},{"$i":"graphics","$v":"Grafika"},{"$i":"hardware-composer","$v":"Hardveres gyorsítás"},{"$i":"paint-flashing","$v":"Újrarajzolás jelzése"},{"$i":"dumps-layers","$v":"Rétegfa kiírása"},{"$i":"dumps-layerscope","$v":"Dump layerscope"},{"$i":"apz-overscroll","$v":"Túlgörgetés"},{"$i":"tiling","$v":"Csempézés"},{"$i":"low-precision","$v":"Kis pontosságú festés"},{"$i":"low-opacity","$v":"Kis pontosságú átlátszóság"},{"$i":"draw-tile-borders","$v":"Csempehatárok rajzolása"},{"$i":"draw-layer-borders","$v":"Réteghatárok rajzolása"},{"$i":"log-animations","$v":"Lassú animációk naplója"},{"$i":"remote-debugging-usb","$v":"USB-hibakeresés"},{"$i":"dev-tools-wifi","$v":"Fejlesztőeszközök Wi-Fi-n keresztül"},{"$i":"dev-tools-qps","$v":"Pszeudo-lokalizáció"},{"$i":"debugger-disabled","$v":"Tiltva"},{"$i":"debugger-adb-only","$v":"Csak ADB"},{"$i":"debugger-adb-and-devtools","$v":"ADB és fejlesztőeszközök"},{"$i":"wifi-debugging","$v":"Wi-Fi kimenet ADB-ben"},{"$i":"bluetooth-debugging","$v":"Bluetooth kimenet ADB-ben"},{"$i":"bluetooth-snoop-debugging","$v":"Bluetooth HCI sniffing logs to sdcard"},{"$i":"nfc-debugging","$v":"NFC kimenet ADB-ben"},{"$i":"ril-debugging","$v":"RIL output in ADB"},{"$i":"console-enabled","$v":"Konzol engedélyezve"},{"$i":"cards-view-screenshots","$v":"Kártya nézet: képernyőképek"},{"$i":"geolocation-debugging-enabled","$v":"Helymeghatározás kimenet ADB-ben"},{"$i":"geolocation-debugging-gps-locations-ignored","$v":"Ignore GPS locations"},{"$i":"use-reviewer-certs","$v":"Marketplace értékelői tanúsítványok"},{"$i":"shake-to-log","$v":"Rázza meg a rendszernapló mentéséhez"},{"$i":"model-name","$v":"Típus"},{"$i":"os-version","$v":"OS verzió"},{"$i":"firmware_revision","$v":"Firmware revízió"},{"$i":"hardware_revision","$v":"Hardverrevízió"},{"$i":"platform_version","$v":"Platformverzió"},{"$i":"build-id","$v":"Build azonosító"},{"$i":"update-channel","$v":"Frissítési csatorna"},{"$i":"build_number","$v":"Build Number"},{"$i":"update-url","$v":"Frissítési URL"},{"$i":"last-updated","$v":"Utoljára frissítve"},{"$i":"more-info","$v":"További információk"},{"$i":"more-info-header","$v":[{"t":"idOrVar","v":"more-info"}]},{"$i":"softwareUpdates","$v":"Szoftverfrissítések"},{"$i":"check-update-daily","$v":"Naponta"},{"$i":"check-update-weekly","$v":"Hetente"},{"$i":"check-update-monthly","$v":"Havonta"},{"$i":"check-for-updates","$v":"Frissítések keresése"},{"$i":"check-update-now","$v":"Keresés most"},{"$i":"update-status","$v":"Állapot frissítése"},{"$i":"no-network-when-update","$v":"Connect to the Internet to proceed with your update."},{"$i":"checking-for-update","$v":"Frissítések keresése…"},{"$i":"no-updates","$v":"Nem találhatók frissítések."},{"$i":"retry-when-online","$v":"A hálózat nem érhető el, a keresés az elérhetővé válása után meg lesz ismételve"},{"$i":"already-latest-version","$v":["Ez már a ",{"t":"idOrVar","v":"brandShortName"}," legújabb változata"]},{"$i":"check-error","$v":"Hiba történt a frissítések keresésekor."},{"$i":"aboutBrowserOS","$v":[{"t":"idOrVar","v":"brandShortName"}," névjegye"]},{"$i":"browser-os-desc","$v":["A ",{"t":"idOrVar","v":"brandShortName"}," a Mozilla szabad és nyílt forrású operációs rendszere. Küldetésünk a nyíltság, az innováció és a lehetőségek népszerűsítése a web erejének az Ön kezébe adásával."]},{"$i":"learn-more","$v":"További információk"},{"$i":"reset-head","$v":"Alaphelyzet"},{"$i":"reset-warning-title","$v":"FIGYELMEZTETÉS"},{"$i":"unlock-privileges","$v":"Unlock Privileges"},{"$i":"reset-devtools","$v":"Reset and enable full DevTools"},{"$i":"reset-devtools-warning-title","$v":"CAUTION"},{"$i":"your-rights","$v":"Az Ön jogai"},{"$i":"your-rights-header","$v":[{"t":"idOrVar","v":"your-rights"}]},{"$i":"about-your-rights-0","$v":["A ",{"t":"idOrVar","v":"brandShortName"}," ingyenes és nyílt forrású szoftver, amelyet világszerte több ezer ember fejleszt. Néhány dologról tudnia kell:"]},{"$i":"about-your-rights-1","$v":["A ",{"t":"idOrVar","v":"brandShortName"}," a Mozilla Public License feltételei szerint lett közreadva. Ez azt jelenti, hogy a ",{"t":"idOrVar","v":"brandShortName"}," használható, másolható és terjeszthető. A ",{"t":"idOrVar","v":"brandShortName"}," forráskódjának igény szerinti módosítása szintén megengedett. A Mozilla Public License megadja a jogot a módosított verziók terjesztésére is."]},{"$i":"about-your-rights-2","$v":["Ön nem kapott jogot vagy felhatalmazást a védjegyek használatára sem a Mozilla Foundationtől, sem mástól, beleértve – de nem csak erre korlátozva – a ",{"t":"idOrVar","v":"brandShortName"}," nevet és logót."]},{"$i":"about-your-rights-3","$v":["A ",{"t":"idOrVar","v":"brandShortName"}," egyes funkciói, például a Hibabejelentő, lehetőséget ad a visszajelzésre a Mozilla felé. A visszajelzés elküldésével Ön engedélyt ad a Mozilla részére, hogy a visszajelzést a termékei fejlesztésére használja fel, a visszajelzést közzétegye a webhelyein, valamint a visszajelzést terjessze."]},{"$i":"about-legal-info","$v":"Jogi információk"},{"$i":"about-credit-info","$v":"Köszönetnyilvánítás"},{"$i":"about-legal-info-header","$v":[{"t":"idOrVar","v":"about-legal-info"}]},{"$i":"open-source-notices","$v":"A nyílt forrásról"},{"$i":"open-source-notices-header","$v":[{"t":"idOrVar","v":"open-source-notices"}]},{"$i":"obtaining-source-code","$v":"Forráskód beszerzése"},{"$i":"obtaining-source-code-header","$v":[{"t":"idOrVar","v":"obtaining-source-code"}]},{"$i":"about-mozilla","$v":"Mozilla"},{"$i":"about-other","$v":"Egyéb"},{"$i":"your-privacy","$v":"Adatvédelem"},{"$i":"your-privacy-header","$v":[{"t":"idOrVar","v":"your-privacy"}]},{"$i":"licensing-1","$v":"A termék binárisait a Mozilla projekt tette elérhetővé a Mozilla Public License 2.0 (MPL) feltételei szerint. Ismerje meg a jogait."},{"$i":"licensing-2","$v":"A termék teljes forráskódja egyaránt szabad és nyílt forrású licencek alatt érhető el. A legnagyobb része a Mozilla Public License 2.0 (MPL) alatt érhető el."},{"$i":"licensing-3","$v":"A nem a Mozilla Public License 2.0 (MPL) alatt elérhető további szoftverek számos más licenc egyike alatt érhetők el. Amelyek ezek közül megkövetelik a licencszöveg disztribúcióba másolását, alább olvashatók. (Megjegyzés: a termék jelen másolata nem biztos, hogy tartalmaz az alábbi licencek alá tartozó kódot, a terméktől és verziótól függően.)"},{"$i":"licensing-MPL","$v":"Mozilla Public License 2.0"},{"$i":"licensing-Apache","$v":"Apache License 2.0"},{"$i":"launch-ftu","$v":"Bemutató indítása"},{"$i":"no-ftu","$v":"Nem található első használat app"},{"$i":"software-home-button","$v":"Emulált kezdőképernyő gomb"},{"$i":"home-gesture","$v":"Kezdőképernyő gesztus"},{"$i":"continuous-transition","$v":"Folytonos átmenet"},{"$i":"debug-gaia-enabled","$v":"Gaia hibakeresési nyomok"},{"$i":"showScreenReaderSettings","$v":"Képernyőolvasó beállításainak megjelenítése"},{"$i":"app-transition","$v":"App átmenet"},{"$i":"app-suspending","$v":"App felfüggesztés"},{"$i":"copypaste","$v":"Copy/paste"},{"$i":"verbose-app-permissions","$v":"Részletes app jogosultságok"},{"$i":"window-management","$v":"Ablakkezelés"},{"$i":"downloads-edit","$v":"Letöltések listája"},{"$i":"downloads-select-all","$v":"Minden kijelölése"},{"$i":"downloads-deselect-all","$v":"Kijelölés törlése"},{"$i":"downloads-delete","$v":"Törlés"},{"$i":"battery","$v":"Akkumulátor"},{"$i":"battery-header","$v":[{"t":"idOrVar","v":"battery"}]},{"$i":"batteryLevel","$v":"Aktuális szint"},{"$i":"batteryLevel-percent-unplugged","$v":[{"t":"idOrVar","v":"level"},"%"]},{"$i":"batteryLevel-percent-charging","$v":[{"t":"idOrVar","v":"level"},"% (töltés)"]},{"$i":"batteryLevel-percent-charged","$v":[{"t":"idOrVar","v":"level"},"% (feltöltve)"]},{"$i":"powerSaveModeTitle","$v":"Power Save Mode"},{"$i":"powerSaveMode","$v":"Energiatakarékos mód"},{"$i":"powerSave-threshold","$v":[{"t":"idOrVar","v":"level"},"% akkuszint esetén"]},{"$i":"turnOnAuto","$v":"Bekapcsolás automatikusan"},{"$i":"accessibility","$v":"Akadálymentesítés"},{"$i":"accessibility-header","$v":[{"t":"idOrVar","v":"accessibility"}]},{"$i":"screenReader","$v":"Képernyőolvasó"},{"$i":"screenReader-header","$v":[{"t":"idOrVar","v":"screenReader"}]},{"$i":"screenReader-toggle","$v":[{"t":"idOrVar","v":"screenReader"}]},{"$i":"colorFilter","$v":"Színszűrő"},{"$i":"colorFilter-header","$v":[{"t":"idOrVar","v":"colorFilter"}]},{"$i":"colorFilter-toggle","$v":[{"t":"idOrVar","v":"colorFilter"}]},{"$i":"screenReader-captions","$v":"Display speech"},{"$i":"screenReader-enable-msg","$v":"A képernyőolvasót bekapcsolva az eszköz hangos visszajelzéssel segíti a vak és gyengén látó felhasználókat."},{"$i":"screen-reader-speech-volume","$v":"Beszédhangerő"},{"$i":"screen-reader-speech-rate","$v":"Beszédsebesség"},{"$i":"screenReader-confirm-title-start","$v":"Képernyőolvasó indítása?"},{"$i":"screenReader-confirm-description-start","$v":"A képernyőolvasó bekapcsolása megváltoztatja az érintőképernyő viselkedését. Érintse meg az ujja alatti elem felolvasásához, és koppintson kétszer az aktiváláshoz."},{"$i":"screenReader-confirm-button-start","$v":"Kezdés"},{"$i":"screenReader-confirm-title-stop","$v":"Képernyőolvasó leállítása?"},{"$i":"screenReader-confirm-description-stop","$v":"A képernyőolvasó leállításával a hangos visszajelzés megszűnik."},{"$i":"screenReader-confirm-button-stop","$v":"Leállítás"},{"$i":"colorFilter-invert","$v":"Invertálás"},{"$i":"colorFilter-grayscale","$v":"Szürkeskála"},{"$i":"colorFilter-contrast","$v":"Kontraszt"},{"$i":"improveBrowserOS","$v":[{"t":"idOrVar","v":"brandShortName"}," fejlesztése"]},{"$i":"improveBrowserOSTitle","$v":[{"t":"idOrVar","v":"brandShortName"}," fejlesztése"]},{"$i":"sendMozillaFeedback","$v":"Visszajelzés a Mozillának"},{"$i":"performanceAndUsageData","$v":"Teljesítmény és -használati adatok"},{"$i":"sharePerformanceAndUsageData","$v":"Adatbeküldés"},{"$i":"appUsageByRegion","$v":"App usage by region"},{"$i":"crashReports","$v":"Hibajelentések"},{"$i":"crashReports-header","$v":[{"t":"idOrVar","v":"crashReports"}]},{"$i":"crashReportInfo","$v":"A hibajelentések elküldése a Mozillának segíti a probléma megoldását. A jelentések csak Wi-Fi kapcsolaton keresztül kerülnek elküldésre."},{"$i":"alwaysSendReport","$v":"Küldjön jelentést"},{"$i":"neverSendReport","$v":"Ne küldjön jelentést"},{"$i":"askToSendReport2","$v":"Kérdezzen mindig"},{"$i":"crash-reports-description-1","$v":"A hibajelentés a hibával és az eszközével kapcsolatos részleteket, valamint az eszköz állapotának pillanatképét tartalmazza."},{"$i":"crash-reports-description-2","$v":"Ebbe a megnyitott lapok és appok, űrlapokba gépelt szövegek és a nyitott üzenetek tartalma, a böngészési előzmények vagy egy nyitott app által használt földrajzi koordináták tartozhatnak."},{"$i":"crash-reports-description-3-start","$v":"A hibajelentéseket a problémák javításához és termékeink tökéletesítéséhez használjuk. Információit az "},{"$i":"crash-reports-description-3-privacy","$v":"adatvédelmi irányelvekben"},{"$i":"crash-reports-description-3-end","$v":"leírtaknak megfelelően kezeljük."},{"$i":"sendFeedbackTitle","$v":"Küldje el visszajelzését"},{"$i":"feedback-description","$v":"Visszajelzései segítségünkre lesznek a Firefox OS továbbfejlesztésében."},{"$i":"feedback-happy","$v":"Boldog"},{"$i":"feedback-sad","$v":"Szomorú"},{"$i":"feedback-mood-description","$v":"Hogy érzi magát?"},{"$i":"feedback_whyfeel_happy","$v":"Mitől boldog?"},{"$i":"feedback_whyfeel_sad","$v":"Mitől szomorú?"},{"$i":"feedback-mood-explain","$v":"Mondja el nekünk részletesen."},{"$i":"feedback-public-description","$v":"Az Ön visszajelzését mindenki számára elérhetően tároljuk, így kérjük, hogy ne adjon meg személyes információkat."},{"$i":"feedback-contactyou","$v":"Engedélyezze, hogy e-mailben kapcsolatba léphessünk Önnel."},{"$i":"email-address1","$v":"E-mail cím"},{"$i":"email-keepprivate","$v":"Ne aggódjon, az e-mail-címek nem lesznek nyilvánosan elérhetők."},{"$i":"feedback-sendbtn","$v":"Visszajelzés küldése"},{"$i":"feedback-errormessage-connect-error","$v":"Elnézést, kapcsolódási hiba miatt a rendszer nem tudja elküldeni a javaslatait. Próbálja meg később, amikor a probléma elhárult."},{"$i":"feedback-errormessage-server-off","$v":"Elnézést, a szerver lekapcsolása miatt a rendszer nem tudja elküldeni a javaslatait. Próbálja újra pár perc múlva."},{"$i":"feedback-errormessage-timeout","$v":"Elnézést, időtúllépés miatt a rendszer nem tudja elküldeni a javaslatait. Újraindítás után próbálja újra."},{"$i":"feedback-errormessage-wrong-email","$v":"Elnézést, a rendszer nem tudja elküldeni a javaslatait, mert hiányzik az e-mail cím, vagy hibásan van megadva. Használjon érvényes e-mail címet, és próbálja újra."},{"$i":"feedback-errormessage-empty-comment","$v":"Elnézést, a rendszer nem tudja elküldeni a javaslatait, mert a megjegyzés mező üres. Gépelje be a szöveget, és próbálja újra."},{"$i":"feedback-errormessage-just-sent","$v":"Elnézést, a rendszer nem tudja elküldeni a javaslatait, mert már küldött nekünk visszajelzést. Próbálja ki az új szoftververziót, és küldje el újra."},{"$i":"feedback-complete-msg","$v":"Köszönjük a visszajelzését! Javaslatait felhasználjuk, hogy jobbá tegyük a Firefox OS elkövetkező verzióit."},{"$i":"online-support","$v":"Online segítség:"},{"$i":"call-support","$v":"Telefonos segítség:"},{"$i":"user-guide","$v":"Felhasználói kézikönyv"},{"$i":"default-support","$v":"Technikai támogatásért vegye fel a kapcsolatot a szolgáltatóval."},{"$i":"operatorServices","$v":"Szolgáltatói szolgáltatások"},{"$i":"operatorServices-help","$v":"Súgó"},{"$i":"operatorServices-helpmenu","$v":"Súgó menü"},{"$i":"stkAppsNotAvailable","$v":"Nem érhetők el SIM kártya alkalmazások."},{"$i":"simToolkit","$v":"SIM eszközkészlet"},{"$i":"stkItemsNaiSetUpCall","$v":"Hívás előkészítése"},{"$i":"stkItemsNaiSendSs","$v":"SS küldése"},{"$i":"stkItemsNaiSendUssd","$v":"USSD küldése"},{"$i":"stkItemsNaiSendSms","$v":"SMS küldése"},{"$i":"stkItemsNaiSendDtmf","$v":"DTMF küldése"},{"$i":"stkItemsNaiLaunchBrowser","$v":"Böngésző indítása"},{"$i":"stkItemsNaiPlayTone","$v":"Dallam lejátszása"},{"$i":"stkItemsNaiDisplayText","$v":"Szöveg megjelenítése"},{"$i":"stkItemsNaiGetInkey","$v":"Gombnyomás kérése"},{"$i":"stkItemsNaiGetInput","$v":"Adatkérés"},{"$i":"stkItemsNaiSelectItem","$v":"Elem kiválasztása"},{"$i":"stkItemsNaiSetUpMenu","$v":"Menü beállítása"},{"$i":"stkItemsNaiProvideLocalInfo","$v":"Helyi info adása"},{"$i":"stkItemsNaiSetIdleModeText","$v":"Üresjárati szöveg beállítása"},{"$i":"stkItemsNaiPerformCardApdu","$v":"Perform Card APDU"},{"$i":"stkItemsNaiPowerOnCard","$v":"Power On Card"},{"$i":"stkItemsNaiPowerOffCard","$v":"Power Off Card"},{"$i":"stkItemsNaiGetReaderStatus","$v":"Get Reader Status"},{"$i":"stkItemsNaiOpenChannel","$v":"Csatorna nyitása"},{"$i":"stkItemsNaiCloseChannel","$v":"Csatorna bezárása"},{"$i":"stkItemsNaiReceiveData","$v":"Adatok fogadása"},{"$i":"stkItemsNaiSendData","$v":"Adatok küldése"},{"$i":"stkItemsNaiGetChannelStatus","$v":"Csatornaállapot lekérése"},{"$i":"stkItemsNaiEndOfTheProactiveSession","$v":"End of the proactive session"},{"$i":"is-warning-storage-header","$v":"USB-tárhely"},{"$i":"is-warning-tethering-header","$v":"USB kapcsolat"},{"$i":"is-warning-wifi-header","$v":"Wi-Fi hotspot"},{"$i":"is-warning-storage-tethering-message","$v":"Az USB-tárhely engedélyezésével letiltja az USB kapcsolatot. Engedélyezi az USB-tárhelyet?"},{"$i":"is-warning-tethering-storage-message","$v":"Az USB kapcsolat engedélyezésével letiltja az USB-tárhelyet. Engedélyezi az USB kapcsolatot?"},{"$i":"is-warning-tethering-wifi-message","$v":"Az USB kapcsolat engedélyezésével letiltja a Wi-Fi hotspotot. Engedélyezi az USB kapcsolatot?"},{"$i":"is-warning-wifi-tethering-message","$v":"A Wi-Fi hotspot engedélyezésével letiltja az USB kapcsolatot. Engedélyezi a Wi-Fi hotspotot?"},{"$i":"settings-dialog-alert","$v":"Alert"},{"$i":"settings-dialog-confirm","$v":"Confirm"},{"$i":"settings-dialog-prompt","$v":"Prompt"},{"$i":"settings-alert-dialog-header","$v":[{"t":"idOrVar","v":"settings-dialog-alert"}]},{"$i":"settings-confirm-dialog-header","$v":[{"t":"idOrVar","v":"settings-dialog-confirm"}]},{"$i":"settings-prompt-dialog-header","$v":[{"t":"idOrVar","v":"settings-dialog-prompt"}]},{"$i":"addons","$v":"Addons"},{"$i":"addons-header","$v":[{"t":"idOrVar","v":"addons"}]},{"$i":"change-device-name","$v":"Telefonnév módosítása"},{"$i":"internetSharing-usb-desc","$v":"A telefon internetkapcsolatának megosztása USB-n csatlakozó eszközzel."},{"$i":"internetSharing-wifi-desc","$v":"Wi-Fi kapcsolaton keresztül más eszközök használhatják a telefonom internetkapcsolatát."},{"$i":"unplayable-ringtone","$v":"Az új csengőhang nem lett beállítva, mert a kiválasztott fájl nem játszható le ezen a telefonon."},{"$i":"findmydevice-signup-description","$v":"Az Eszközkereső lehetővé teszi a telefon bemérését, lezárását vagy törlését"},{"$i":"findmydevice-settings-description","$v":"Az Eszközkereső lehetővé teszi a telefon bemérését, lezárását vagy törlését egy weboldalról:"},{"$i":"findmydevice-active-tracking","$v":"A telefonját egy másik eszköz követi a weboldalon keresztül."},{"$i":"findmydevice-not-tracking","$v":"Jelenleg nem követik más eszközök a telefonját a weboldalon keresztül."},{"$i":"ums-confirm","$v":"Az USB-tárhely bekapcsolása lehetővé teszi a telefonon lévő fájlok elérését egy USB-n csatlakoztatott másik eszköznek."},{"$i":"reset-device","$v":"Telefon alaphelyzetbe állítása"},{"$i":"reset-warning-body","$v":"Az alaphelyzetbe állítás törli az összes adatát, beleértve az esetleg megvásárolt appokat is. A telefon visszaállításra kerül a gyári állapotába. Semmilyen beállítása vagy adata nem kerül mentésre."},{"$i":"reset-devtools-warning-body","$v":"Resetting will erase all your data, including any apps you’ve purchased. None of your settings or data will be saved. But your phone will have unrestricted developer tools, allowing you to modify and debug system applications."},{"$i":"powerSave-explanation","$v":"Az energiatakarékos mód bekapcsolása kikapcsolja a telefon adat-, Bluetooth és GPS-kapcsolatait a működési idő meghosszabbítása érdekében. Ezeket a funkciókat saját kezűleg bármikor bekapcsolhatja."},{"$i":"performanceAndUsageDataInfo","$v":["Segítsen a ",{"t":"idOrVar","v":"brandShortName"}," tökéletesítésében adatok megosztásával a telefonjáról."]},{"$i":"device-status-connected-device","$v":"A telefon hanghoz csatlakozva"},{"$i":"device-status-connected-device-media","$v":"A telefon/média hanghoz csatlakozva"}]