[{"$i":"stopped_download_title","$v":"Download interrotto"},{"$i":"stopped_download_message","$v":"Download interrotto. Riprovare?"},{"$i":"stopped_download_left_button","$v":"Annulla"},{"$i":"stopped_download_right_button","$v":"Riprova"},{"$i":"failed_download_title","$v":"Download non riuscito"},{"$i":"failed_download_message","$v":["Impossibile scaricare ",{"t":"idOrVar","v":"name"},". Riprovare?"]},{"$i":"failed_download_left_button","$v":"Annulla"},{"$i":"failed_download_right_button","$v":"Riprova"},{"$i":"stop_download_title","$v":"Interrompi download"},{"$i":"stop_download_message","$v":"interrompere il download?"},{"$i":"stop_download_left_button","$v":"No"},{"$i":"stop_download_right_button","$v":"Sì"},{"$i":"delete_download_title","$v":"Elimina"},{"$i":"delete_download_message","$v":["Eliminare ",{"t":"idOrVar","v":"name"},"?"]},{"$i":"delete_download_left_button","$v":"Annulla"},{"$i":"delete_download_right_button","$v":"Elimina"},{"$i":"delete_all_download_title","$v":"Elimina"},{"$i":"delete_all_download_left_button","$v":"Annulla"},{"$i":"delete_all_download_right_button","$v":"Elimina"},{"$i":"delete_all_download_message","$v":{"zero":"Eliminare i file?","one":"Eliminare un file?","two":["Eliminare ",{"t":"idOrVar","v":"number"}," file?"],"few":["Eliminare ",{"t":"idOrVar","v":"number"}," file?"],"many":["Eliminare ",{"t":"idOrVar","v":"number"}," file?"],"other":["Eliminare ",{"t":"idOrVar","v":"number"}," file?"]},"$x":[{"t":"idOrVar","v":"plural"},"number"]},{"$i":"unsupported_file_type_download_title","$v":"Errore apertura"},{"$i":"unsupported_file_type_download_message","$v":["Non esiste un’app per aprire ",{"t":"idOrVar","v":"name"},". Salvare il file o eliminarlo?"]},{"$i":"unsupported_file_type_download_left_button","$v":"Mantieni file"},{"$i":"unsupported_file_type_download_right_button","$v":"Elimina"},{"$i":"file_not_found_download_title","$v":"File non trovato"},{"$i":"file_not_found_download_message","$v":"File non trovato sul dispositivo"},{"$i":"file_not_found_download_right_button","$v":"OK"},{"$i":"unmounted_sdcard_2_download_title","$v":"Scheda di memoria in uso"},{"$i":"unmounted_sdcard_2_download_message","$v":"Disconnettere il telefono"},{"$i":"unmounted_sdcard_2_download_right_button","$v":"OK"},{"$i":"no_provider_download_title","$v":"Errore condivisione"},{"$i":"no_provider_download_message","$v":"Nessun fornitore disponibile"},{"$i":"no_provider_download_right_button","$v":"OK"},{"$i":"no_memory_download_title","$v":"Spazio insufficiente"},{"$i":"no_memory_download_message","$v":"Spazio disponibile sulla scheda di memoria insufficiente per salvare il download. Rimuovere dei file prima di riprovare l’operazione."},{"$i":"no_memory_download_right_button","$v":"OK"},{"$i":"no_sdcard_found_2_download_title","$v":"Scheda di memoria non disponibile"},{"$i":"no_sdcard_found_2_download_message","$v":"Inserire una scheda di memoria o selezionare un diverso percorso predefinito di archiviazione nelle impostazioni."},{"$i":"no_sdcard_found_2_download_right_button","$v":"OK"},{"$i":"file_open_error_download_title","$v":"Errore apertura"},{"$i":"file_open_error_download_message","$v":["Si è verificato un problema durante l’apertura di ",{"t":"idOrVar","v":"name"},". Salvare il file o eliminarlo?"]},{"$i":"file_open_error_download_left_button","$v":"Mantieni file"},{"$i":"file_open_error_download_right_button","$v":"Elimina"},{"$i":"restart_download_error","$v":"Si è verificato un errore durante il riavvio del download. Riprovare nuovamente il download."},{"$i":"no-downloads","$v":"Nessun download"},{"$i":"byteUnit-B","$v":"B"},{"$i":"byteUnit-KB","$v":"kB"},{"$i":"byteUnit-MB","$v":"MB"},{"$i":"byteUnit-GB","$v":"GB"},{"$i":"byteUnit-TB","$v":"TB"},{"$i":"fileSize","$v":[{"t":"idOrVar","v":"size"}," ",{"t":"idOrVar","v":"unit"}]},{"$i":"percentage","$v":[{"t":"idOrVar","v":"percentage"}," %"]},{"$i":"partialResult","$v":[{"t":"idOrVar","v":"partial"}," di ",{"t":"idOrVar","v":"total"}]},{"$i":"summary","$v":[{"t":"idOrVar","v":"date"}," - ",{"t":"idOrVar","v":"status"}]},{"$i":"download-stopped","$v":"Interrotto"},{"$i":"download-failed","$v":"Download non riuscito"},{"$i":"open_downloaded_file","$v":"Apri"},{"$i":"share_downloaded_file","$v":"Condividi"},{"$i":"wallpaper_downloaded_file","$v":"Usa come sfondo"},{"$i":"ringtone_downloaded_file","$v":"Usa come suoneria"},{"$i":"cancel_downloaded_file","$v":"Annulla"},{"$i":"brandShortName","$v":"B2G OS"},{"$i":"browserBrandShortName","$v":"Web Browser"},{"$i":"browserBrandFullName","$v":"Mozilla Web Browser"},{"$i":"ringtoneBrandName","$v":"Default"},{"$i":"ringtoneSectionBrandName","$v":"System"},{"$i":"weekday-0-long","$v":"domenica"},{"$i":"weekday-1-long","$v":"lunedì"},{"$i":"weekday-2-long","$v":"martedì"},{"$i":"weekday-3-long","$v":"mercoledì"},{"$i":"weekday-4-long","$v":"giovedì"},{"$i":"weekday-5-long","$v":"venerdì"},{"$i":"weekday-6-long","$v":"sabato"},{"$i":"weekday-0-short","$v":"dom"},{"$i":"weekday-1-short","$v":"lun"},{"$i":"weekday-2-short","$v":"mar"},{"$i":"weekday-3-short","$v":"mer"},{"$i":"weekday-4-short","$v":"gio"},{"$i":"weekday-5-short","$v":"ven"},{"$i":"weekday-6-short","$v":"sab"},{"$i":"month-0-long","$v":"gennaio"},{"$i":"month-1-long","$v":"febbraio"},{"$i":"month-2-long","$v":"marzo"},{"$i":"month-3-long","$v":"aprile"},{"$i":"month-4-long","$v":"maggio"},{"$i":"month-5-long","$v":"giugno"},{"$i":"month-6-long","$v":"luglio"},{"$i":"month-7-long","$v":"agosto"},{"$i":"month-8-long","$v":"settembre"},{"$i":"month-9-long","$v":"ottobre"},{"$i":"month-10-long","$v":"novembre"},{"$i":"month-11-long","$v":"dicembre"},{"$i":"month-0-genitive","$v":"gennaio"},{"$i":"month-1-genitive","$v":"febbraio"},{"$i":"month-2-genitive","$v":"marzo"},{"$i":"month-3-genitive","$v":"aprile"},{"$i":"month-4-genitive","$v":"maggio"},{"$i":"month-5-genitive","$v":"giugno"},{"$i":"month-6-genitive","$v":"luglio"},{"$i":"month-7-genitive","$v":"agosto"},{"$i":"month-8-genitive","$v":"settembre"},{"$i":"month-9-genitive","$v":"ottobre"},{"$i":"month-10-genitive","$v":"novembre"},{"$i":"month-11-genitive","$v":"dicembre"},{"$i":"month-0-short","$v":"gen"},{"$i":"month-1-short","$v":"feb"},{"$i":"month-2-short","$v":"mar"},{"$i":"month-3-short","$v":"apr"},{"$i":"month-4-short","$v":"mag"},{"$i":"month-5-short","$v":"giu"},{"$i":"month-6-short","$v":"lug"},{"$i":"month-7-short","$v":"ago"},{"$i":"month-8-short","$v":"set"},{"$i":"month-9-short","$v":"ott"},{"$i":"month-10-short","$v":"nov"},{"$i":"month-11-short","$v":"dic"},{"$i":"minutes-ago-long","$v":{"zero":"adesso","one":"un minuto fa","two":[{"t":"idOrVar","v":"value"}," minuti fa"],"few":[{"t":"idOrVar","v":"value"}," minuti fa"],"many":[{"t":"idOrVar","v":"value"}," minuti fa"],"other":[{"t":"idOrVar","v":"value"}," minuti fa"]},"$x":[{"t":"idOrVar","v":"plural"},"value"]},{"$i":"hours-ago-long","$v":{"zero":"adesso","one":"un’ora fa","two":[{"t":"idOrVar","v":"value"}," ore fa"],"few":[{"t":"idOrVar","v":"value"}," ore fa"],"many":[{"t":"idOrVar","v":"value"}," ore fa"],"other":[{"t":"idOrVar","v":"value"}," ore fa"]},"$x":[{"t":"idOrVar","v":"plural"},"value"]},{"$i":"days-ago-long","$v":{"zero":"oggi","one":"ieri","two":[{"t":"idOrVar","v":"value"}," giorni fa"],"few":[{"t":"idOrVar","v":"value"}," giorni fa"],"many":[{"t":"idOrVar","v":"value"}," giorni fa"],"other":[{"t":"idOrVar","v":"value"}," giorni fa"]},"$x":[{"t":"idOrVar","v":"plural"},"value"]},{"$i":"weeks-ago-long","$v":{"zero":"questa settimana","one":"settimana scorsa","two":[{"t":"idOrVar","v":"value"}," settimane fa"],"few":[{"t":"idOrVar","v":"value"}," settimane fa"],"many":[{"t":"idOrVar","v":"value"}," settimane fa"],"other":[{"t":"idOrVar","v":"value"}," settimane fa"]},"$x":[{"t":"idOrVar","v":"plural"},"value"]},{"$i":"months-ago-long","$v":{"zero":"questo mese","one":"mese scorso","two":[{"t":"idOrVar","v":"value"}," mesi fa"],"few":[{"t":"idOrVar","v":"value"}," mesi fa"],"many":[{"t":"idOrVar","v":"value"}," mesi fa"],"other":[{"t":"idOrVar","v":"value"}," mesi fa"]},"$x":[{"t":"idOrVar","v":"plural"},"value"]},{"$i":"years-ago-long","$v":{"zero":"quest’anno","one":"anno scorso","two":[{"t":"idOrVar","v":"value"}," anni fa"],"few":[{"t":"idOrVar","v":"value"}," anni fa"],"many":[{"t":"idOrVar","v":"value"}," anni fa"],"other":[{"t":"idOrVar","v":"value"}," anni fa"]},"$x":[{"t":"idOrVar","v":"plural"},"value"]},{"$i":"minutes-until-long","$v":{"zero":"adesso","one":"tra un minuto","two":["tra ",{"t":"idOrVar","v":"value"}," minuti"],"few":["tra ",{"t":"idOrVar","v":"value"}," minuti"],"many":["tra ",{"t":"idOrVar","v":"value"}," minuti"],"other":["tra ",{"t":"idOrVar","v":"value"}," minuti"]},"$x":[{"t":"idOrVar","v":"plural"},"value"]},{"$i":"hours-until-long","$v":{"zero":"adesso","one":"tra un’ora","two":["tra ",{"t":"idOrVar","v":"value"}," ore"],"few":["tra ",{"t":"idOrVar","v":"value"}," ore"],"many":["tra ",{"t":"idOrVar","v":"value"}," ore"],"other":["tra ",{"t":"idOrVar","v":"value"}," ore"]},"$x":[{"t":"idOrVar","v":"plural"},"value"]},{"$i":"days-until-long","$v":{"zero":"oggi","one":"domani","two":["tra ",{"t":"idOrVar","v":"value"}," giorni"],"few":["tra ",{"t":"idOrVar","v":"value"}," giorni"],"many":["tra ",{"t":"idOrVar","v":"value"}," giorni"],"other":["tra ",{"t":"idOrVar","v":"value"}," giorni"]},"$x":[{"t":"idOrVar","v":"plural"},"value"]},{"$i":"weeks-until-long","$v":{"zero":"questa settimana","one":"prossima settimana","two":["tra ",{"t":"idOrVar","v":"value"}," settimane"],"few":["tra ",{"t":"idOrVar","v":"value"}," settimane"],"many":["tra ",{"t":"idOrVar","v":"value"}," settimane"],"other":["tra ",{"t":"idOrVar","v":"value"}," settimane"]},"$x":[{"t":"idOrVar","v":"plural"},"value"]},{"$i":"months-until-long","$v":{"zero":"questo mese","one":"prossimo mese","two":["in ",{"t":"idOrVar","v":"value"}," mesi"],"few":["tra ",{"t":"idOrVar","v":"value"}," mesi"],"many":["tra ",{"t":"idOrVar","v":"value"}," mesi"],"other":["in ",{"t":"idOrVar","v":"value"}," mesi"]},"$x":[{"t":"idOrVar","v":"plural"},"value"]},{"$i":"years-until-long","$v":{"zero":"quest’anno","one":"prossimo anno","two":["tra ",{"t":"idOrVar","v":"value"}," anni"],"few":["tra ",{"t":"idOrVar","v":"value"}," anni"],"many":["tra ",{"t":"idOrVar","v":"value"}," anni"],"other":["tra ",{"t":"idOrVar","v":"value"}," anni"]},"$x":[{"t":"idOrVar","v":"plural"},"value"]},{"$i":"minutes-ago-short","$v":{"zero":"adesso","other":[{"t":"idOrVar","v":"value"},"m fa"]},"$x":[{"t":"idOrVar","v":"plural"},"value"]},{"$i":"hours-ago-short","$v":{"zero":"adesso","other":[{"t":"idOrVar","v":"value"},"h fa"]},"$x":[{"t":"idOrVar","v":"plural"},"value"]},{"$i":"days-ago-short","$v":{"zero":"oggi","other":[{"t":"idOrVar","v":"value"},"g fa"]},"$x":[{"t":"idOrVar","v":"plural"},"value"]},{"$i":"minutes-until-short","$v":{"zero":"adesso","other":["tra ",{"t":"idOrVar","v":"value"},"m"]},"$x":[{"t":"idOrVar","v":"plural"},"value"]},{"$i":"hours-until-short","$v":{"zero":"adesso","other":["tra ",{"t":"idOrVar","v":"value"},"h"]},"$x":[{"t":"idOrVar","v":"plural"},"value"]},{"$i":"days-until-short","$v":{"zero":"oggi","other":["tra ",{"t":"idOrVar","v":"value"},"g"]},"$x":[{"t":"idOrVar","v":"plural"},"value"]},{"$i":"incorrectDate","$v":"(data errata)"},{"$i":"dateTimeFormat_%c","$v":"%a %e %b %Y %H:%M:%S"},{"$i":"dateTimeFormat_%x","$v":"%d/%m/%Y"},{"$i":"dateTimeFormat_%X","$v":"%H:%M:%S"},{"$i":"shortTimeFormat","$v":"%H:%M"},{"$i":"shortTimeFormat12","$v":"%I:%M %p"},{"$i":"shortTimeFormat24","$v":"%H:%M"},{"$i":"shortDateTimeFormat","$v":"%x %H:%M"},{"$i":"weekStartsOnMonday","$v":"1"},{"$i":"firstDayOfTheWeek","$v":"1"},{"$i":"time_am","$v":"AM"},{"$i":"time_pm","$v":"PM"},{"$i":"title-app","$v":"Permessi app"},{"$i":"title-web","$v":"Permessi siti web"},{"$i":"title-cam","$v":"Selezione fotocamera"},{"$i":"perm-alarms","$v":"Impostare allarmi"},{"$i":"perm-audio-capture","$v":"Microfono"},{"$i":"perm-audio-capture-appRequest","$v":["Condividere il microfono con ",{"t":"idOrVar","v":"app"},"?"]},{"$i":"perm-audio-capture-webRequest","$v":["Condividere il microfono con ",{"t":"idOrVar","v":"site"},"?"]},{"$i":"perm-audio-channel-content","$v":"Riprodurre suoni"},{"$i":"perm-audio-channel-notification","$v":"Riprodurre suoni notifiche"},{"$i":"perm-audio-channel-ringer","$v":"Riprodurre suonerie"},{"$i":"perm-background-sensors","$v":"Accedere ai dati dei sensori"},{"$i":"perm-bluetooth","$v":"Bluetooth"},{"$i":"perm-browser","$v":"Analizzare pagine web"},{"$i":"perm-camera","$v":"Fotocamere"},{"$i":"perm-camera-selector-appRequest","$v":["Selezionare una fotocamera per ",{"t":"idOrVar","v":"app"},"."]},{"$i":"perm-camera-selector-webRequest","$v":["Selezionare una fotocamera per ",{"t":"idOrVar","v":"site"},"."]},{"$i":"perm-cellbroadcast","$v":"Cell broadcast"},{"$i":"perm-contacts","$v":"Contatti"},{"$i":"perm-contacts-appRequest","$v":[{"t":"idOrVar","v":"app"}," richiede accesso ai contatti."]},{"$i":"perm-contacts-webRequest","$v":[{"t":"idOrVar","v":"site"}," richiede accesso ai contatti."]},{"$i":"perm-desktop-notification","$v":"Notifiche"},{"$i":"perm-desktop-notification-appRequest","$v":[{"t":"idOrVar","v":"app"}," richiede di visualizzare notifiche."]},{"$i":"perm-desktop-notification-webRequest","$v":[{"t":"idOrVar","v":"site"}," richiede di visualizzare notifiche."]},{"$i":"perm-device-storage-apps","$v":"Archiviazione app"},{"$i":"perm-device-storage-music","$v":"Archiviazione musica"},{"$i":"perm-device-storage-music-appRequest","$v":[{"t":"idOrVar","v":"app"}," richiede accesso alla musica."]},{"$i":"perm-device-storage-music-webRequest","$v":[{"t":"idOrVar","v":"site"}," richiede accesso alla musica."]},{"$i":"perm-device-storage-pictures","$v":"Archiviazione foto"},{"$i":"perm-device-storage-pictures-appRequest","$v":[{"t":"idOrVar","v":"app"}," richiede accesso alle foto."]},{"$i":"perm-device-storage-pictures-webRequest","$v":[{"t":"idOrVar","v":"site"}," richiede accesso alle foto."]},{"$i":"perm-device-storage-sdcard","$v":"Archiviazione scheda SD"},{"$i":"perm-device-storage-sdcard-appRequest","$v":[{"t":"idOrVar","v":"app"}," richiede accesso alla scheda di memoria."]},{"$i":"perm-device-storage-sdcard-webRequest","$v":[{"t":"idOrVar","v":"site"}," richiede accesso alla scheda di memoria."]},{"$i":"perm-device-storage-videos","$v":"Archiviazione video"},{"$i":"perm-device-storage-videos-appRequest","$v":[{"t":"idOrVar","v":"app"}," richiede accesso ai video."]},{"$i":"perm-device-storage-videos-webRequest","$v":[{"t":"idOrVar","v":"site"}," richiede accesso ai video."]},{"$i":"perm-embed-apps","$v":"Includere app"},{"$i":"perm-fmradio","$v":"Radio FM"},{"$i":"perm-fmradio-appRequest","$v":[{"t":"idOrVar","v":"app"}," richiede accesso alla radio FM."]},{"$i":"perm-fmradio-webRequest","$v":[{"t":"idOrVar","v":"site"}," richiede accesso alla radio FM."]},{"$i":"perm-geolocation","$v":"Georilevazione"},{"$i":"perm-geolocation-appRequest","$v":[{"t":"idOrVar","v":"app"}," richiede accesso alla posizione attuale."]},{"$i":"perm-geolocation-more-info","$v":[{"t":"idOrVar","v":"brandShortName"}," utilizza dati quali GPS, Wi-Fi e reti di connessione dati per stabilire una posizione approssimativa del dispositivo. I dati raccolti vengono inviati a Mozilla e altri fornitori di servizi e vengono utilizzati in forma aggregata per migliorare la funzione di georilevazione. Alcune informazioni potrebbero essere memorizzate sul dispositivo o rilevate anche quando non ci sono applicazioni in esecuzione."]},{"$i":"perm-geolocation-webRequest","$v":[{"t":"idOrVar","v":"site"}," richiede accesso alla posizione attuale."]},{"$i":"perm-idle","$v":"Visualizzare stato inattività"},{"$i":"perm-indexedDB-chrome-settings","$v":"IndexedDB privilegiato"},{"$i":"perm-indexedDB-unlimited","$v":"Archiviazione IndexedDB illimitata"},{"$i":"perm-input-manage","$v":"Gestire tastiere"},{"$i":"perm-input","$v":"Comportarsi come una tastiera"},{"$i":"perm-media-capture","$v":"Fotocamera e microfono"},{"$i":"perm-media-capture-appRequest","$v":["Condividere fotocamera e microfono con ",{"t":"idOrVar","v":"app"},"?"]},{"$i":"perm-media-capture-webRequest","$v":["Condividere fotocamera e microfono con ",{"t":"idOrVar","v":"site"},"?"]},{"$i":"perm-mobileconnection","$v":"Connessione mobile"},{"$i":"perm-mobileid","$v":"Identificazione cellulare"},{"$i":"perm-network-events","$v":"Eventi di rete"},{"$i":"perm-open-remote-window","$v":"Avviare un’app"},{"$i":"perm-permissions","$v":"Modificare permessi app"},{"$i":"perm-power","$v":"Impostazioni energia"},{"$i":"perm-settings","$v":"Modificare impostazioni"},{"$i":"perm-systemXHR","$v":"Richieste cross-origin"},{"$i":"perm-telephony","$v":"Telefonia"},{"$i":"perm-video-capture","$v":"Fotocamera"},{"$i":"perm-video-capture-appRequest","$v":["Condividere la fotocamera con ",{"t":"idOrVar","v":"app"},"?"]},{"$i":"perm-video-capture-webRequest","$v":["Condividere la fotocamera con ",{"t":"idOrVar","v":"site"},"?"]},{"$i":"perm-voicemail","$v":"Gestire segreteria telefonica"},{"$i":"perm-webapps-manage","$v":"Installare webapp"},{"$i":"perm-wifi-manage","$v":"Gestire Wi-Fi"},{"$i":"perm-attention","$v":"Aprire popup overlay"},{"$i":"perm-audio-channel-alarm","$v":"Riprodurre suoni allarmi"},{"$i":"perm-audio-channel-normal","$v":"Riprodurre suoni"},{"$i":"perm-audio-channel-publicnotification","$v":"Riprodurre suoni di notifiche pubbliche"},{"$i":"perm-audio-channel-telephony","$v":"Riprodurre audio telefonate"},{"$i":"perm-backgroundservice","$v":"Agire come servizio in background"},{"$i":"perm-device-storage-crashes","$v":"Archivio dati arresti anomali"},{"$i":"perm-downloads","$v":"Accedere ai download"},{"$i":"perm-embed-widgets","$v":"Includere widget"},{"$i":"perm-feature-detection","$v":"Rilevare caratteristiche"},{"$i":"perm-firefox-accounts","$v":"Firefox Account"},{"$i":"perm-mobilenetwork","$v":"Rete mobile"},{"$i":"perm-moz-attention","$v":"Aprire popup overlay (moz)"},{"$i":"perm-moz-audio-channel-ringer","$v":"Riprodurre suonerie (moz)"},{"$i":"perm-moz-audio-channel-telephony","$v":"Riprodurre audio telefonate (moz)"},{"$i":"perm-moz-firefox-accounts","$v":"Firefox Account (moz)"},{"$i":"perm-networkstats-manage","$v":"Controllare statistiche di utilizzo"},{"$i":"perm-nfc","$v":"NFC"},{"$i":"perm-nfc-hci-events","$v":"Eventi NFC HCI"},{"$i":"perm-nfc-manager","$v":"Gestire NFC"},{"$i":"perm-phonenumberservice","$v":"Servizio numero di telefono"},{"$i":"perm-push","$v":"API push"},{"$i":"perm-resourcestats-manage","$v":"Statistiche risorse"},{"$i":"perm-sms","$v":"Inviare e ricevere SMS"},{"$i":"perm-speaker-control","$v":"Controllare il volume"},{"$i":"perm-storage","$v":"Accedere all’archiviazione"},{"$i":"perm-tcp-socket","$v":"Socket TCP"},{"$i":"perm-test-permission","$v":"Test permessi"},{"$i":"perm-time","$v":"Impostare data e ora"},{"$i":"perm-udp-socket","$v":"Socket UDP"},{"$i":"perm-wappush","$v":"Push WAP"},{"$i":"tz-region","$v":"Area"},{"$i":"tz-city","$v":"Città"},{"$i":"tzRegion-Africa","$v":"Africa"},{"$i":"tzRegion-America","$v":"America"},{"$i":"tzRegion-Antarctica","$v":"Antartide"},{"$i":"tzRegion-Asia","$v":"Asia"},{"$i":"tzRegion-Atlantic","$v":"Oceano Atlantico"},{"$i":"tzRegion-Australia","$v":"Australia"},{"$i":"tzRegion-Europe","$v":"Europa"},{"$i":"tzRegion-Indian","$v":"Oceano Indiano"},{"$i":"tzRegion-Pacific","$v":"Oceano Pacifico"},{"$i":"ringtone-none","$v":"Nessuna"},{"$i":"ringer_bubble","$v":"Bubble"},{"$i":"ringer_chimer","$v":"Chimer"},{"$i":"ringer_cunning","$v":"Cunning"},{"$i":"ringer_dulco","$v":"Dulco"},{"$i":"ringer_firefox2","$v":[{"t":"idOrVar","v":"ringtoneBrandName"}]},{"$i":"ringer_garden","$v":"Garden"},{"$i":"ringer_marbled","$v":"Marbled"},{"$i":"ringer_opti","$v":"Opti"},{"$i":"ringer_pecko","$v":"Pecko"},{"$i":"ringer_pingy","$v":"Pingy"},{"$i":"ringer_poppop","$v":"Pop Pop"},{"$i":"ringer_sata","$v":"Sata"},{"$i":"ringer_simple","$v":"Clean"},{"$i":"ringer_standard1","$v":"Classic"},{"$i":"ringer_standard2","$v":"Classic Fast"},{"$i":"ringer_stutter","$v":"Stutter"},{"$i":"ringer_symmetry","$v":"Symmetry"},{"$i":"ringer_tailwind","$v":"Tail Wind"},{"$i":"ringer_thoughtful","$v":"Thoughtful"},{"$i":"ringer_wit","$v":"Wit"},{"$i":"ringer_zen","$v":"Zen"},{"$i":"notifier_bells","$v":"Bells"},{"$i":"notifier_bloom","$v":"Bloom"},{"$i":"notifier_chime","$v":"Chime"},{"$i":"notifier_clicka","$v":"Clicka"},{"$i":"notifier_digi","$v":"Digi"},{"$i":"notifier_dropplet","$v":"Dropplet"},{"$i":"notifier_firefox2","$v":[{"t":"idOrVar","v":"ringtoneBrandName"}]},{"$i":"notifier_hello","$v":"Hello"},{"$i":"notifier_lowmarble","$v":"Low Marble"},{"$i":"notifier_ping","$v":"Ping"},{"$i":"notifier_plickle","$v":"Plickle"},{"$i":"notifier_pocko","$v":"Pocko"},{"$i":"notifier_quado","$v":"Quado"},{"$i":"notifier_red","$v":"Red"},{"$i":"notifier_sato","$v":"Sato"},{"$i":"notifier_swipo","$v":"Swipo"},{"$i":"notifier_trickleup","$v":"Trickle Up"},{"$i":"notifier_trink","$v":"Trink"},{"$i":"notifier_verse","$v":"Verse"},{"$i":"settings","$v":"Impostazioni"},{"$i":"advancedSettings","$v":"Impostazioni avanzate"},{"$i":"default","$v":"Predefinito"},{"$i":"enabled","$v":"Attivo"},{"$i":"enable","$v":"Attiva"},{"$i":"disabled","$v":"Disattivato"},{"$i":"error","$v":"Errore"},{"$i":"ok","$v":"OK"},{"$i":"yes","$v":"Sì"},{"$i":"no","$v":"No"},{"$i":"reset","$v":"Ripristina"},{"$i":"cancel","$v":"Annulla"},{"$i":"close","$v":"Chiudi"},{"$i":"back","$v":"Indietro"},{"$i":"continue","$v":"Continua"},{"$i":"skip","$v":"Ignora"},{"$i":"pair","$v":"Associa"},{"$i":"add","$v":"Aggiungi"},{"$i":"done","$v":"Fine"},{"$i":"set","$v":"Imposta"},{"$i":"notNow","$v":"Non adesso"},{"$i":"turnOn","$v":"Attiva"},{"$i":"selectASIMCard","$v":"Selezionare una SIM"},{"$i":"sim1","$v":"SIM 1"},{"$i":"sim2","$v":"SIM 2"},{"$i":"unavailable","$v":"Non disponibile"},{"$i":"confirmation","$v":"Conferma"},{"$i":"simSettingsWithIndex","$v":["Impostazioni SIM ",{"t":"idOrVar","v":"index"}]},{"$i":"networkAndConnectivity","$v":"Rete e connettività"},{"$i":"airplaneMode","$v":"Modalità aereo"},{"$i":"geolocation","$v":"Georilevazione"},{"$i":"wifi","$v":"Wi-Fi"},{"$i":"wifi-header","$v":"Wi-Fi"},{"$i":"wifi-disabled","$v":"Attivare il Wi-Fi per visualizzare le reti disponibili."},{"$i":"availableNetworks","$v":"Reti disponibili"},{"$i":"knownNetworks","$v":"Reti conosciute"},{"$i":"hiddenNetworks","$v":"Reti nascoste"},{"$i":"scanning","$v":"Ricerca…"},{"$i":"scanNetworks","$v":"Nuova scansione"},{"$i":"fullStatus-initializing","$v":"Inizializzazione…"},{"$i":"fullStatus-connecting","$v":["Connessione a ",{"t":"idOrVar","v":"ssid"},"…"]},{"$i":"fullStatus-associated","$v":"Recupero indirizzo IP…"},{"$i":"fullStatus-connected","$v":["Connesso a ",{"t":"idOrVar","v":"ssid"}]},{"$i":"fullStatus-connectingfailed","$v":"Connessione non riuscita"},{"$i":"fullStatus-disconnected","$v":"Disconnesso"},{"$i":"shortStatus-connecting","$v":"Connessione…"},{"$i":"shortStatus-associated","$v":"Recupero indirizzo IP…"},{"$i":"shortStatus-connected","$v":"Connesso"},{"$i":"shortStatus-connectingfailed","$v":"Connessione non riuscita"},{"$i":"shortStatus-disconnected","$v":"Disconnesso"},{"$i":"wifi-sleep","$v":"Spegni in sospensione"},{"$i":"wifi-sleep-description","$v":"Per risparmiare batteria disattiva automaticamente il Wi-Fi quando il dispositivo è in sospensione."},{"$i":"manageNetworks","$v":"Gestione reti"},{"$i":"wifi-bad-credentials-title","$v":"Connessione Wi-Fi non riuscita"},{"$i":"wifi-bad-credentials-confirm","$v":["Impossibile connettersi a ",{"t":"idOrVar","v":"ssid"},", autenticazione non riuscita a causa di credenziali errate. Inserire nuovamente la password di rete."]},{"$i":"manageNetworks-header","$v":"Gestione reti"},{"$i":"manageCertificates","$v":"Gestione certificati"},{"$i":"manageCert","$v":"Gestione cert."},{"$i":"joinHiddenNetwork","$v":"Connetti a rete nascosta"},{"$i":"securedBy","$v":["Protetta da ",{"t":"idOrVar","v":"capabilities"}]},{"$i":"security","$v":"Sicurezza"},{"$i":"securityNone","$v":"Nessuna"},{"$i":"securityOpen","$v":"Aperta"},{"$i":"notInRange","$v":"Non raggiungibile"},{"$i":"ipAddress","$v":"Indirizzo IP"},{"$i":"linkSpeed","$v":"Velocità"},{"$i":"linkSpeedMbs","$v":[{"t":"idOrVar","v":"linkSpeed"}," Mbit/s"]},{"$i":"signalStrength","$v":"Potenza segnale"},{"$i":"signalLevel0","$v":"Molto scarsa"},{"$i":"signalLevel1","$v":"Scarsa"},{"$i":"signalLevel2","$v":"Media"},{"$i":"signalLevel3","$v":"Buona"},{"$i":"signalLevel4","$v":"Ottima"},{"$i":"forget","$v":"Dimentica"},{"$i":"forgetNetwork-dialog","$v":"Dimenticare questa rete?"},{"$i":"forgetNetwork-confirmation","$v":"Conferma"},{"$i":"authentication","$v":"Autenticazione"},{"$i":"authentication-header","$v":"Autenticazione"},{"$i":"eap","$v":"Metodo EAP"},{"$i":"auth-phase2","$v":"Autenticazione fase 2"},{"$i":"server-certificate","$v":"Server certificato"},{"$i":"import-certificate-msg","$v":"Attenzione: per importare altri certificati utilizzare “Gestione certificati”."},{"$i":"identity","$v":"Identificativo"},{"$i":"password","$v":"Password"},{"$i":"showPassword","$v":"Mostra password"},{"$i":"networkNotification","$v":"Notifica reti"},{"$i":"networkNotification-expl","$v":"Avvisami quando è disponibile una rete aperta"},{"$i":"macAddress","$v":"Indirizzo MAC"},{"$i":"deviceInfo_software","$v":[{"t":"idOrVar","v":"brandShortName"}," ",{"t":"idOrVar","v":"os"}]},{"$i":"macUnavailable","$v":"Non disponibile"},{"$i":"noNetworksFound","$v":"Nessuna rete trovata"},{"$i":"noKnownNetworks","$v":"Nessuna rete conosciuta"},{"$i":"edit","$v":"Modifica"},{"$i":"certificateList","$v":"Elenco certificati"},{"$i":"noCertificate","$v":"Nessun certificato importato"},{"$i":"deleteCertificate","$v":"Elimina certificato"},{"$i":"importCertificate","$v":"Importa certificato"},{"$i":"selectCertificateFile","$v":"Seleziona file del certificato"},{"$i":"enterCertificateNickname","$v":"Inserire il nome del certificato"},{"$i":"nickname","$v":"Nome"},{"$i":"enter-certificate-name-msg","$v":"È possibile modificare il nome o mantenere quello predefinito."},{"$i":"certificate-deletion-failed","$v":"Eliminazione certificato non riuscita"},{"$i":"certificate-deletion-failed-description","$v":"Potrebbe trattarsi ad esempio di un problema di archiviazione."},{"$i":"certificate-import-failed","$v":"Importazione certificato non riuscita"},{"$i":"certificate-import-failed-description","$v":"Potrebbe trattarsi ad esempio di un file del certificato danneggiato."},{"$i":"wpsMessage","$v":"Connetti con WPS"},{"$i":"wpsMessage-header","$v":"Connessione WPS"},{"$i":"fullStatus-wps-inprogress","$v":"WPS in corso…"},{"$i":"fullStatus-wps-canceled","$v":"WPS è stato annullato"},{"$i":"fullStatus-wps-timedout","$v":"WPS tempo scaduto"},{"$i":"fullStatus-wps-failed-error","$v":["WPS non riuscito [",{"t":"idOrVar","v":"error"},"]"]},{"$i":"fullStatus-wps-overlapped","$v":"È stato trovato un altro WPS PBC AP"},{"$i":"wpsDescription2","$v":"Configurazione automatica Wi-Fi"},{"$i":"wpsMethodSelection","$v":"Selezionare un metodo WPS:"},{"$i":"wpsPbcLabel","$v":"Connetti con pulsante"},{"$i":"wpsMyPinLabel","$v":"Connetti con PIN"},{"$i":"wpsApPinLabel","$v":"Connetti con PIN AP"},{"$i":"wpsPinDescription","$v":"Il PIN è di 4 o 8 cifre"},{"$i":"wpsPinInput","$v":["Inserire il ",{"t":"idOrVar","v":"pin"}," nell’altro dispositivo"]},{"$i":"wpsPinAps","$v":"Dispositivo da associare"},{"$i":"wpsAnyAp","$v":"Qualsiasi"},{"$i":"wpsCancelMessage","$v":"Annulla WPS"},{"$i":"wpsCancelFailedMessageError","$v":["Impossibile annullare WPS [",{"t":"idOrVar","v":"error"},"]"]},{"$i":"callSettings","$v":"Impostazioni chiamate"},{"$i":"callSettings-header","$v":"Impostazioni chiamate"},{"$i":"callSettingsQuery","$v":"Richiesta informazioni rete…"},{"$i":"callSettingsQueryError","$v":"Errore nella richiesta"},{"$i":"voiceMail","$v":"Segreteria"},{"$i":"voiceMail-header","$v":"Segreteria"},{"$i":"voiceMail-number","$v":"Numero segreteria"},{"$i":"voiceMail-number-notSet","$v":"Non impostata"},{"$i":"voicePrivacyMode","$v":"Modalità privacy voce"},{"$i":"callWaiting","$v":"Chiamate in attesa"},{"$i":"confirmCallWaitingTitle","$v":"Impossibile confermare le opzioni per le chiamate in attesa"},{"$i":"confirmCallWaitingDesc","$v":"Il dispositivo non è attualmente in grado di comunicare con il gestore. Riprovare più tardi."},{"$i":"callForwarding","$v":"Inoltro chiamate"},{"$i":"callForwarding-header","$v":"Inoltro chiamate"},{"$i":"callForwardingForward","$v":"Inoltra"},{"$i":"callForwardingUnconditional","$v":"Inoltra sempre"},{"$i":"callForwardingUnconditionalShort","$v":"Sempre"},{"$i":"callForwardingMobileBusy","$v":"Inoltra se occupato"},{"$i":"callForwardingMobileBusyShort","$v":"Se occupato"},{"$i":"callForwardingNoReply","$v":"Inoltra per mancata risposta"},{"$i":"callForwardingNoReplyShort","$v":"Senza risposta"},{"$i":"callForwardingNotReachable","$v":"Inoltra se non raggiungibile"},{"$i":"callForwardingNotReachableShort","$v":"Non raggiungibile"},{"$i":"callForwardingForwardingVoiceToNumber","$v":["Chiamate verso ",{"t":"idOrVar","v":"number"}]},{"$i":"callForwardingNotForwarding","$v":"Disattivato"},{"$i":"callForwardingConfirmTitle","$v":"Messaggio di conferma inoltro chiamate"},{"$i":"cf-alwaysUseThisNumber","$v":"Usa sempre questo numero"},{"$i":"cf-numberWhenUnreachable","$v":"Numero se non raggiungibile"},{"$i":"cf-numberWhenUnanswered","$v":"Numero per mancata risposta"},{"$i":"cf-numberWhenBusy","$v":"Numero se occupato"},{"$i":"callForwardingInvalidNumberError","$v":"Il numero telefonico non è valido."},{"$i":"callForwardingSetSuccess","$v":"Operazione effettuata correttamente."},{"$i":"callForwardingSetForbidden","$v":"Il gestore in uso non supporta questa operazione."},{"$i":"callForwardingSetError","$v":"Errore impostazioni chiamata."},{"$i":"callerId","$v":"ID chiamante"},{"$i":"callBarring","$v":"Blocco chiamate"},{"$i":"callBarring-header","$v":[{"t":"idOrVar","v":"callBarring"}]},{"$i":"callBarring-outgoing","$v":"Chiamate in uscita"},{"$i":"callBarring-baoc","$v":"Tutte"},{"$i":"callBarring-boic","$v":"Internazionali"},{"$i":"callBarring-boicExhc","$v":"Internazionali escluso Paese abitazione"},{"$i":"callBarring-incoming","$v":"Chiamate in entrata"},{"$i":"callBarring-baic","$v":"Tutte"},{"$i":"callBarring-baicR","$v":"Tutte durante il roaming"},{"$i":"callBarring-passcode","$v":"Codice di sblocco"},{"$i":"callBarring-change-passcode","$v":"Cambia il codice di sblocco"},{"$i":"callBarring-passcode-enter","$v":"Inserire il codice di sblocco"},{"$i":"callBarring-passcode-unknown","$v":"Contattare il proprio operatore nel caso in cui non si conosca il codice di sblocco"},{"$i":"callBarring-current-passcode","$v":"Codice di sblocco corrente"},{"$i":"callBarring-new-passcode","$v":"Nuovo codice di sblocco"},{"$i":"callBarring-create-passcode","$v":"Crea un codice di sblocco"},{"$i":"callBarring-confirm-passcode","$v":"Conferma codice di sblocco"},{"$i":"callBarring-passcode-error-generic","$v":"Errore nel codice di sblocco."},{"$i":"callBarring-passcode-error-incorrect","$v":"Il codice di sblocco non è corretto."},{"$i":"callBarring-passcode-error-mismatch","$v":"I codici di sblocco non corrispondono."},{"$i":"callBarring-update-item-error","$v":["Errore durante il tentativo di aggiornare l’elemento: ",{"t":"idOrVar","v":"error"},"."]},{"$i":"callBarring-change-passcode-success","$v":"Codice di sblocco modificato."},{"$i":"callerId-default","$v":"Predefinito rete"},{"$i":"callerId-hide","$v":"Nascondi numero"},{"$i":"callerId-show","$v":"Visualizza numero"},{"$i":"fdn","$v":"Blocco chiamate (FDN)"},{"$i":"fdnSettings","$v":"Blocco chiamate (FDN)"},{"$i":"fdnSettings-header","$v":"Blocco chiamate"},{"$i":"fdn-authorizedNumbers","$v":"Numeri autorizzati"},{"$i":"fdn-authorizedNumbers-header","$v":"Numeri autorizzati"},{"$i":"fdn-authorizedNumbers-desc","$v":"Lista dei numeri consentiti"},{"$i":"fdn-explanation1","$v":"Limita i numeri che è possibile chiamare da questo telefono"},{"$i":"fdn-explanation2","$v":"(i numeri di emergenza saranno sempre attivi)."},{"$i":"fdnEnable","$v":"Attiva FDN"},{"$i":"fdnDisable","$v":"Disattiva FDN"},{"$i":"fdnReset","$v":"Reimposta PIN2"},{"$i":"fdnAttemptMsg3","$v":{"one":"È rimasto un solo tentativo per inserire il codice corretto prima del blocco della SIM.","two":["Rimangono ",{"t":"idOrVar","v":"n"}," tentativi per inserire il codice corretto prima del blocco della SIM."],"few":["Rimangono ",{"t":"idOrVar","v":"n"}," tentativi per inserire il codice corretto prima del blocco della SIM."],"many":["Rimangono ",{"t":"idOrVar","v":"n"}," tentativi per inserire il codice corretto prima del blocco della SIM."],"other":["Rimangono ",{"t":"idOrVar","v":"n"}," tentativi per inserire il codice corretto prima del blocco della SIM."]},"$x":[{"t":"idOrVar","v":"plural"},"n"]},{"$i":"fdnLastChanceMsg","$v":"Ultima possibilità per inserire il PIN2 corretto. In caso contrario sarà necessario inserire il codice PUK2 per utilizzare questa scheda SIM."},{"$i":"fdnErrorMsg","$v":"Il codice PIN2 è errato."},{"$i":"fdn-enabled-warning","$v":"L’inoltro delle chiamate è bloccato da FDN."},{"$i":"fdnContact-name","$v":"nome"},{"$i":"fdnContact-number","$v":"numero"},{"$i":"fdnContact-submit","$v":"invia"},{"$i":"fdnAction-add","$v":"Aggiungi contatto"},{"$i":"fdnAction-call","$v":"Chiama"},{"$i":"fdnAction-edit","$v":"Modifica contatto"},{"$i":"fdnAction-edit-header","$v":"Modifica contatto"},{"$i":"fdnAction-delete","$v":"Elimina contatto"},{"$i":"fdnNoFDNFreeRecord","$v":"Raggiunto il limite massimo di numeri FDN, non è possibile inserirne altri."},{"$i":"messagingSettings","$v":"Impostazioni messaggi"},{"$i":"messagingSettings-header","$v":"Messaggi"},{"$i":"message-confirmation","$v":"Conferma messaggio"},{"$i":"message-delivery-reports","$v":"Rapporti consegna"},{"$i":"message-delivery-reports-details","$v":"Richiedi la notifica di consegna per ogni messaggio inviato"},{"$i":"message-read-reports","$v":"Conferma lettura"},{"$i":"message-read-reports-details","$v":"Richiedi una conferma di lettura per ogni messaggio inviato"},{"$i":"mmsTitle","$v":"Messaggi multimediali (MMS)"},{"$i":"auto-retrieve","$v":"Recupera automaticamente"},{"$i":"auto-retrieve-details","$v":"Recupera automaticamente messaggi"},{"$i":"manual-retrieve","$v":"Disattivato"},{"$i":"auto-roaming-retrieve","$v":"Attivo con roaming"},{"$i":"auto-no-roaming-retrieve","$v":"Attivo senza roaming"},{"$i":"autoConfigure","$v":"Configurazione automatica"},{"$i":"wapPushMessages","$v":"Messaggi push WAP"},{"$i":"wapPush","$v":"Push WAP"},{"$i":"cellBroadcastMessages","$v":"Messaggi cell broadcast"},{"$i":"cellBroadcast","$v":"Cell broadcast"},{"$i":"emergencyAlert","$v":"Segnalazione emergenza"},{"$i":"messagingInformation","$v":"Informazioni"},{"$i":"messaging-SMSC","$v":"Centro servizi"},{"$i":"messaging-sim-settings","$v":["Impostazioni SIM ",{"t":"idOrVar","v":"index"}]},{"$i":"unknown-SMSC","$v":"Non disponibile"},{"$i":"cellularAndData","$v":"Cellulare e dati"},{"$i":"cellularAndData-header","$v":"Cellulare e dati"},{"$i":"dataNetwork","$v":"Gestore"},{"$i":"dataConnectivity","$v":"Dati"},{"$i":"dataConnection","$v":"Connessione dati"},{"$i":"dataRoaming","$v":"Roaming dati"},{"$i":"networkOperator","$v":"Gestore di rete"},{"$i":"networkOperator-header","$v":"Gestore di rete"},{"$i":"availableOperators","$v":"Gestori di rete in zona"},{"$i":"preferredNetworkTypeAlertTitle","$v":"Tipo di rete preferito"},{"$i":"preferredNetworkTypeAlertErrorMessage","$v":"Impossibile selezionare il tipo di rete"},{"$i":"operator-networkType","$v":"Tipo di rete"},{"$i":"operator-networkType-auto","$v":"Automatico"},{"$i":"operator-networkType-prefer3G","$v":"3G preferito"},{"$i":"operator-networkType-2G","$v":"Solo 2G"},{"$i":"operator-networkType-3G","$v":"Solo 3G"},{"$i":"operator-networkType-GSM","$v":"GSM"},{"$i":"operator-networkType-WCDMA","$v":"WCDMA"},{"$i":"operator-networkType-CDMA","$v":"CDMA"},{"$i":"operator-networkType-EVDO","$v":"EVDO"},{"$i":"operator-networkType-LTE","$v":"LTE"},{"$i":"operator-networkType-preferWCDMA","$v":"WCDMA preferito"},{"$i":"operator-networkType-auto-2G-3G","$v":"Automatico (2G/3G)"},{"$i":"operator-networkType-auto-CDMA-EVDO","$v":"Automatico (CDMA/EVDO)"},{"$i":"operator-networkType-auto-WCDMA-GSM","$v":"Automatico (WCDMA/GSM)"},{"$i":"operator-networkType-auto-LTE-WCDMA-GSM","$v":"Automatico (LTE/WCDMA/GSM)"},{"$i":"operator-networkType-auto-LTE-CDMA-EVDO","$v":"Automatico (LTE/CDMA/EVDO)"},{"$i":"operator-networkType-auto-WCDMA-GSM-CDMA-EVDO","$v":"Automatico (WCDMA/GSM/CDMA/EVDO)"},{"$i":"operator-autoSelect","$v":"Selezione automatica"},{"$i":"operator-networkSelect-auto","$v":"Automatico"},{"$i":"operator-networkSelect-manual","$v":"Manuale"},{"$i":"operator-turnAutoSelectOff","$v":"Disattivare Selezione automatica per visualizzare i gestori di rete disponibili."},{"$i":"operator-status-connecting","$v":"Connessione…"},{"$i":"operator-status-connectingfailed","$v":"Connessione non riuscita"},{"$i":"operator-status-connected","$v":"Connesso"},{"$i":"operator-roamingPreference","$v":"Preferenze roaming"},{"$i":"operator-roamingPreference-home","$v":"Casa"},{"$i":"operator-roamingPreference-any","$v":"Qualsiasi"},{"$i":"operator-roamingPreference-affiliated","$v":"Oper. associati"},{"$i":"apn","$v":"APN"},{"$i":"apnSettings","$v":"Impostazioni APN"},{"$i":"apnSettings-header","$v":[{"t":"idOrVar","v":"apnSettings"}]},{"$i":"dataSettings","$v":"Impostazioni dati"},{"$i":"dataSettings-header","$v":"Impostazioni dati"},{"$i":"suplSettings","$v":"Impostazioni A-GPS"},{"$i":"suplSettings-header","$v":"A-GPS"},{"$i":"messageSettings","$v":"Impostazioni messaggi"},{"$i":"messageSettings-header","$v":"Messaggi"},{"$i":"dunSettings","$v":"Impostazioni tethering"},{"$i":"dunSettings-header","$v":"Tethering"},{"$i":"imsSettings","$v":"Impostazioni IMS"},{"$i":"imsSettings-header2","$v":"Impostazioni IMS"},{"$i":"apn-editor-header","$v":"Modifica APN"},{"$i":"mmsport","$v":"Porta MMS"},{"$i":"mmsproxy","$v":"Proxy MMS"},{"$i":"mmsc","$v":"MMSC"},{"$i":"httpProxyHost","$v":"Indirizzo proxy HTTP"},{"$i":"httpProxyPort","$v":"Porta proxy HTTP"},{"$i":"custom","$v":"(impost. personalizzate)"},{"$i":"apn-authType","$v":"Autenticazione"},{"$i":"apn-authType-notDefined","$v":"Non definita"},{"$i":"apn-authType-none","$v":"Nessuna"},{"$i":"apn-authType-pap","$v":"PAP"},{"$i":"apn-authType-chap","$v":"CHAP"},{"$i":"apn-authType-papOrChap","$v":"PAP o CHAP"},{"$i":"apn-protocol","$v":"Protocollo"},{"$i":"apn-roaming-protocol","$v":"Protocollo roaming"},{"$i":"apn-protocol-notDefined","$v":"Non definito"},{"$i":"apn-protocol-ip","$v":"IPv4"},{"$i":"apn-protocol-ipv6","$v":"IPv6"},{"$i":"apn-protocol-ipv4v6","$v":"IPv4/IPv6"},{"$i":"apn-type","$v":"Tipo di APN"},{"$i":"dataConnection-warning-head","$v":"Attivare la connessione dati?"},{"$i":"dataConnection-warning-message","$v":"Le applicazioni utilizzeranno automaticamente la connessione dati quando necessario. Questo potrebbe comportare costi aggiuntivi."},{"$i":"dataRoaming-warning-head","$v":"Attivare il roaming dati?"},{"$i":"dataRoaming-warning-message","$v":"In base al contratto con il proprio gestore potrebbero essere addebitati costi aggiuntivi per la connessione dati in roaming."},{"$i":"change-apn-warning-message1","$v":"In base al contratto con il proprio gestore, modificando le impostazioni APN potrebbero essere addebitati costi aggiuntivi per la connessione dati in roaming. Modificare le impostazioni APN?"},{"$i":"reset-apn-warning-title","$v":"Ripristina predefiniti"},{"$i":"reset-apn-warning-message","$v":"Le impostazioni verranno ripristinate ai valori predefiniti. Questa operazione non può essere annullata."},{"$i":"state-unknown","$v":"Stato sconosciuto"},{"$i":"state-available","$v":"Disponibile"},{"$i":"state-connected","$v":"Connesso"},{"$i":"state-current","$v":"Connesso"},{"$i":"state-forbidden","$v":"Vietato"},{"$i":"delete-apn-confirm","$v":"Eliminare questo APN?"},{"$i":"delete-apn","$v":"Elimina"},{"$i":"add-apn","$v":"Aggiungi nuovo APN"},{"$i":"reset-apn","$v":"Ripristina predefiniti"},{"$i":"apnSettings-reset","$v":"Ripristino APN"},{"$i":"bluetooth","$v":"Bluetooth"},{"$i":"bluetooth-header","$v":"Bluetooth"},{"$i":"bluetooth-enable-msg","$v":"Attivare il bluetooth per visualizzare i dispositivi raggiungibili."},{"$i":"bluetooth-paired-devices","$v":"Dispositivi associati"},{"$i":"bluetooth-devices-in-area","$v":"Dispositivi raggiungibili"},{"$i":"bluetooth-visible-to-all","$v":"Visibile a tutti"},{"$i":"bluetooth-name-maxlength-alert","$v":["Il nome del dispositivo è più lungo di ",{"t":"idOrVar","v":"length"}," caratteri. Riprovare."]},{"$i":"bluetooth-address","$v":"Indirizzo bluetooth"},{"$i":"bluetooth-address-unavailable","$v":"Non disponibile"},{"$i":"bt-status-nopaired","$v":"Nessun dispositivo associato"},{"$i":"bt-status-turnoff","$v":"Disattivato"},{"$i":"bt-status-paired","$v":{"zero":[{"t":"idOrVar","v":"name"}],"one":[{"t":"idOrVar","v":"name"},", +",{"t":"idOrVar","v":"n"}," altro"],"two":[{"t":"idOrVar","v":"name"},", +",{"t":"idOrVar","v":"n"}," altri"],"few":[{"t":"idOrVar","v":"name"},", +",{"t":"idOrVar","v":"n"}," altri"],"many":[{"t":"idOrVar","v":"name"},", +",{"t":"idOrVar","v":"n"}," altri"],"other":[{"t":"idOrVar","v":"name"},", +",{"t":"idOrVar","v":"n"}," altri"]},"$x":[{"t":"idOrVar","v":"plural"},"n"]},{"$i":"device-status-tap-connect","$v":"Tocca per associare"},{"$i":"device-status-pairing","$v":"Associazione dispositivo…"},{"$i":"device-status-waiting","$v":"In attesa dell’altro dispositivo…"},{"$i":"device-status-paired","$v":"Associato"},{"$i":"device-status-connecting","$v":"Associazione…"},{"$i":"device-status-connected","$v":"Associa"},{"$i":"device-status-connected-media","$v":"Connesso audio media"},{"$i":"device-option-unpair","$v":"Dissocia"},{"$i":"device-option-confirm","$v":"Conferma"},{"$i":"device-option-unpair-confirmation","$v":"Conferma"},{"$i":"device-option-unpair-device","$v":"Dissociare il dispositivo?"},{"$i":"device-option-connect","$v":"Connetti"},{"$i":"device-option-disconnect","$v":"Disconnetti"},{"$i":"search-for-device","$v":"Ricerca dispositivi…"},{"$i":"search-device","$v":"Ricerca dispositivi"},{"$i":"rename-device","$v":"Rinomina questo dispositivo"},{"$i":"unnamed-device","$v":"Dispositivo sconosciuto"},{"$i":"change-phone-name-desc","$v":"Modifica il nome del dispositivo visualizzato sul computer"},{"$i":"bluetooth-new-name","$v":"Nuovo nome"},{"$i":"error-pair-title","$v":"Impossibile associare i dispositivi"},{"$i":"error-pair-pincode","$v":"Impossibile associare i dispositivi. Verificare che il PIN sia corretto."},{"$i":"error-pair-toofast","$v":"Impossibile associare il dispositivo. Numero eccessivo di richieste."},{"$i":"error-connect-title","$v":"Impossibile associare i dispositivi"},{"$i":"error-connect-msg","$v":"Verificare che il dispositivo con cui si cerca di associarsi sia ancora raggiungibile e abbia il bluetooth attivo."},{"$i":"unpair-title","$v":"Dissociare questo dispositivo?"},{"$i":"unpair-msg","$v":"Il dispositivo è attualmente connesso. Dissociandolo verrà chiusa anche la connessione."},{"$i":"nfc","$v":"NFC"},{"$i":"SSIDCannotBeEmpty","$v":"SSID non può essere vuoto"},{"$i":"internetSharing","$v":"Condivisione Internet"},{"$i":"internetSharing-header","$v":"Condivisione Internet"},{"$i":"internetSharing-usb","$v":"USB"},{"$i":"internetSharing-wifi","$v":"Wi-Fi"},{"$i":"wifi-hotspot","$v":"Hotspot Wi-Fi"},{"$i":"wifi-name","$v":"Nome"},{"$i":"wifi-password","$v":"Password"},{"$i":"wifi-security","$v":"Sicurezza"},{"$i":"usb-tethering","$v":"Tethering USB"},{"$i":"hotspotSettings","$v":"Impostazioni Hotspot"},{"$i":"wifi-auth-username","$v":"Nome utente"},{"$i":"wifi-auth-password","$v":"Password"},{"$i":"wifi-join-username","$v":"Nome utente"},{"$i":"wifi-join-password","$v":"Password"},{"$i":"hotspotSettings-header","$v":"Hotspot"},{"$i":"ssid-name","$v":"SSID rete"},{"$i":"hotspot-open","$v":"Aperta"},{"$i":"hotspot-wpa-psk","innerHTML":"WPA (TKIP)"},{"$i":"hotspot-wpa2-psk","innerHTML":"WPA2 (AES)"},{"$i":"hotspot-password-desc","$v":"La password deve contenere almeno 8 caratteri."},{"$i":"personalization","$v":"Personalizzazione"},{"$i":"sound","$v":"Suoni"},{"$i":"sound-header","$v":"Suoni"},{"$i":"volume","$v":"Volume"},{"$i":"tones","$v":"Toni"},{"$i":"touch-tones","$v":"Riproduzione suoni tocco"},{"$i":"touch-tone-short","$v":"Breve"},{"$i":"touch-tone-long","$v":"Lungo"},{"$i":"select-tone","$v":"Scegli suoneria"},{"$i":"ringtones","$v":"Suonerie"},{"$i":"alerts","$v":"Avvisi"},{"$i":"manage-tones","$v":"Gestione suoni"},{"$i":"other-sounds","$v":"Altri suoni"},{"$i":"unlock-screen","$v":"Sblocco schermo"},{"$i":"camera","$v":"Fotocamera"},{"$i":"sent-message","$v":"Invio messaggio"},{"$i":"alarm-sound","$v":"Allarme"},{"$i":"ringtone-and-notification-sound","$v":"Suonerie e notifiche"},{"$i":"media-sound","$v":"File multimediali"},{"$i":"saving-tone","$v":"Salvataggio…"},{"$i":"no-ringtone-app","$v":"Non è stata trovata alcuna app per gestire le suonerie."},{"$i":"display","$v":"Schermo"},{"$i":"display-header","$v":"Schermo"},{"$i":"brightness","$v":"Luminosità"},{"$i":"brightness-autoAdjust","$v":"Regola automaticamente"},{"$i":"lockScreen","$v":"Blocca schermo"},{"$i":"wallpaper","$v":"Sfondo"},{"$i":"screen-timeout","$v":"Blocca schermo dopo:"},{"$i":"one-minute","$v":"1 minuto"},{"$i":"two-minutes","$v":"2 minuti"},{"$i":"five-minutes","$v":"5 minuti"},{"$i":"ten-minutes","$v":"10 minuti"},{"$i":"never","$v":"mai"},{"$i":"lock-orientation","$v":"Blocco rotazione"},{"$i":"navigation","$v":"Navigazione"},{"$i":"navigation-header","$v":[{"t":"idOrVar","v":"navigation"}]},{"$i":"edge-swipe-navigation","$v":"Scorrimento dai bordi"},{"$i":"edge-swipe-navigation-enable-msg","$v":"Scorri con un dito dal bordo destro o sinistro dello schermo verso il centro per passare da un’app all’altra."},{"$i":"notifications","$v":"Notifiche"},{"$i":"notifications-header","$v":"Notifiche"},{"$i":"lockscreen-notifications","$v":"Mostra su schermo blocc."},{"$i":"notifications-resend","$v":"Mostra dopo un riavvio"},{"$i":"dateAndTime","$v":"Data e ora"},{"$i":"dateAndTime-header","$v":"Data e ora"},{"$i":"setTimeAutomatically","$v":"Impostaz. automatica"},{"$i":"setTimeManually","$v":"Imposta manualmente"},{"$i":"timezoneMessage","$v":"Fuso orario"},{"$i":"dateMessage","$v":"Data"},{"$i":"timeMessage","$v":"Ora"},{"$i":"selectTimezoneContinent","$v":"Seleziona continente"},{"$i":"selectTimezone","$v":"Seleziona fuso orario"},{"$i":"time-format","$v":"Formato"},{"$i":"time-format-time","$v":"Formato ora"},{"$i":"hour-12","$v":"12 ore"},{"$i":"hour-24","$v":"24 ore"},{"$i":"languageAndRegion","$v":"Lingua e area"},{"$i":"language","$v":"Lingua"},{"$i":"language-header","$v":"Lingua"},{"$i":"region","$v":"Area"},{"$i":"more-languages","$v":"Ottieni altre lingue"},{"$i":"sample-format","$v":"Formato di esempio"},{"$i":"longDateFormat","$v":"%A %d %B %Y"},{"$i":"simManager","$v":"Gestore SIM"},{"$i":"simManager-header","$v":"Gestore SIM"},{"$i":"simSettings","$v":"Impostazioni SIM"},{"$i":"sim-manager-outgoing-calls","$v":"Chiamate in uscita"},{"$i":"sim-manager-outgoing-call-desc","$v":"Le chiamate verranno inviate da"},{"$i":"sim-manager-outgoing-messages","$v":"Messaggi in uscita"},{"$i":"sim-manager-outgoing-messages-desc","$v":"Gli SMS verranno inviati da"},{"$i":"sim-manager-outgoing-data","$v":"Dati"},{"$i":"sim-manager-outgoing-data-description","$v":"Servizio di connessione dati e pagamenti Marketplace"},{"$i":"sim-manager-always-ask","$v":"Chiedi sempre"},{"$i":"sim-pin-locked","$v":"SIM bloccata da PIN"},{"$i":"no-operator","$v":"Nessun gestore"},{"$i":"cant-disable-simcard-alert","$v":"Deve essere attiva almeno una SIM"},{"$i":"disable-simcard-confirm","$v":["La SIM ",{"t":"idOrVar","v":"disableCardIndex"}," non può ricevere chiamate o messaggi. Chiamate in uscita e messaggi associati alla SIM ",{"t":"idOrVar","v":"disableCardIndex"}," verranno disattivati."]},{"$i":"change-outgoing-data-confirm","$v":"Il trasferimento di dati corrente verrà interrotto. Continuare?"},{"$i":"homescreen","$v":"Schermata principale"},{"$i":"vertical-homescreen-header","$v":"Schermata principale"},{"$i":"vertical-homescreen-layout","$v":"Aspetto"},{"$i":"vertical-homescreen-icon-layout","$v":"Disposizione icone"},{"$i":"vertical-homescreen-three-columns","$v":"Tre colonne"},{"$i":"vertical-homescreen-four-columns","$v":"Quattro colonne"},{"$i":"notice","$v":"Attenzione"},{"$i":"search","$v":"Ricerca"},{"$i":"search-header","$v":"Ricerca"},{"$i":"search-engine","$v":"Motore di ricerca"},{"$i":"search-suggestions","$v":"Attiva suggerimenti"},{"$i":"search-suggestions-description","$v":"I caratteri inseriti durante una ricerca vengono inviati a diversi fornitori e utilizzati per visualizzare dei suggerimenti. Questa funzione potrebbe comportare costi aggiuntivi per la connessione dati."},{"$i":"homescreens","$v":"Schermate principali"},{"$i":"homescreens-header","$v":[{"t":"idOrVar","v":"homescreens"}]},{"$i":"changeHomescreen","$v":"Modifica schermata principale"},{"$i":"changeHomescreenButton","$v":"Modifica"},{"$i":"description","$v":"Descrizione"},{"$i":"keyboardSettings","$v":"Impostazioni tastiera"},{"$i":"selectedKeyboards","$v":"Tastiere selezionate"},{"$i":"keyboards","$v":"Tastiere"},{"$i":"keyboards-header","$v":"Tastiere"},{"$i":"numberKeyboardLayouts","$v":"Layout numeri"},{"$i":"optionKeyboardLayouts","$v":"Opzioni layout"},{"$i":"keypad","$v":"Tastiera"},{"$i":"dialpad","$v":"Tastierino"},{"$i":"selectKeyboards","$v":"Seleziona tastiere"},{"$i":"selectKeyboards-header","$v":"Selezione tastiere"},{"$i":"mustHaveOneKeyboard","$v":["Deve essere selezionata almeno una tastiera ",{"t":"idOrVar","v":"type"}]},{"$i":"keyboardType-text","$v":"testuale"},{"$i":"keyboardType-url","$v":"per url"},{"$i":"keyboardType-number","$v":"numerica"},{"$i":"defaultKeyboardEnabled","$v":[{"t":"idOrVar","v":"appName"}," ",{"t":"idOrVar","v":"layoutName"}," è impostato come metodo di input predefinito"]},{"$i":"themes","$v":"Temi"},{"$i":"themes-header","$v":[{"t":"idOrVar","v":"themes"}]},{"$i":"fxa","$v":"Firefox Account"},{"$i":"accounts","$v":"Gestione account"},{"$i":"fxa-accounts","$v":"Firefox Account"},{"$i":"fxa-accounts-header","$v":[{"t":"idOrVar","v":"fxa-accounts"}]},{"$i":"fxa-overview","$v":"Firefox Account permette di utilizzare funzioni come Trova dispositivo e app come Firefox Marketplace."},{"$i":"fxa-invitation","$v":"Crea account o accedi"},{"$i":"fxa-confirm-account","$v":"Conferma account"},{"$i":"fxa-verification-email-sent-msg","$v":["Invieremo un’email a: ",{"t":"idOrVar","v":"email"}]},{"$i":"fxa-please-verify","$v":"Aprire il link di verifica contenuto nell’email per confermare l’account."},{"$i":"fxa-cancel-confirmation","$v":"Annulla conferma account"},{"$i":"fxa-resend-alert","$v":["Un link di verifica è stato inviato a ",{"t":"idOrVar","v":"email"},"."]},{"$i":"fxa-dont-see-email","$v":["L’email non è arrivata? ",{"t":"idOrVar","v":"resend"},"."]},{"$i":"fxa-resend","$v":"Rinvia"},{"$i":"fxa-about","$v":"Informazioni"},{"$i":"fxa-logged-in-text","$v":["Account: ",{"t":"idOrVar","v":"email"}]},{"$i":"fxa-signed-in-header","$v":"Accesso effettuato"},{"$i":"fxa-marketplace-app","$v":"Marketplace"},{"$i":"fxa-find-my-device-app","$v":"Trova dispositivo"},{"$i":"fxa-options","$v":"Opzioni"},{"$i":"fxa-sign-out","$v":"Disconnetti"},{"$i":"fxa-confirm-email","$v":["Confermare ",{"t":"idOrVar","v":"email"}]},{"$i":"findmydevice","$v":"Trova dispositivo"},{"$i":"findmydevice-create-account","$v":"Crea account o accedi"},{"$i":"findmydevice-enable","$v":"Attiva"},{"$i":"findmydevice-about","$v":"Informazioni su Trova dispositivo"},{"$i":"findmydevice-enable-geolocation-prompt","$v":"Attivare la georilevazione?"},{"$i":"findmydevice-enable-geolocation-description","$v":"Per visualizzare la posizione del dispositivo è necessario attivare la georilevazione."},{"$i":"findmydevice-geolocation-enabled","$v":"Georilevazione attiva"},{"$i":"findmydevice-enable-network","$v":"Il dispositivo è attualmente non in linea. Connetterlo a una rete e riprovare."},{"$i":"findmydevice-error","$v":"Si è verificato un errore in Trova dispositivo."},{"$i":"findmydevice-please-try","$v":"Riprovare."},{"$i":"findmydevice-please-tap","$v":"Tocca per riprovare."},{"$i":"privacyAndSecurity","$v":"Privacy e sicurezza"},{"$i":"passcode-lock","$v":"Codice sblocco"},{"$i":"passcode-lock-desc","$v":["Codice: ",{"t":"idOrVar","v":"code"}]},{"$i":"screenLock","$v":"Blocco schermo"},{"$i":"screenLock-header","$v":"Blocco schermo"},{"$i":"simSecurity","$v":"Sicurezza SIM"},{"$i":"simSecurity-header","$v":"Sicurezza SIM"},{"$i":"appPermissions","$v":"Permessi applicazioni"},{"$i":"appPermissions-header","$v":"Permessi"},{"$i":"author","$v":"Autore"},{"$i":"permissions","$v":"Permessi"},{"$i":"revoke","$v":"Revoca"},{"$i":"ask","$v":"chiedi"},{"$i":"deny","$v":"nega"},{"$i":"allow","$v":"consenti"},{"$i":"uninstallApp","$v":"Disinstalla app"},{"$i":"phone","$v":"Telefono"},{"$i":"messages","$v":"Messaggi"},{"$i":"vibrate","$v":"Vibrazione"},{"$i":"ring","$v":"Suoneria"},{"$i":"change","$v":"Modifica"},{"$i":"create","$v":"Crea"},{"$i":"create-a-passcode","$v":"Crea un codice"},{"$i":"passcode","$v":"Codice"},{"$i":"passcode-heading","$v":"Codice"},{"$i":"enter-passcode","$v":"Inserisci codice"},{"$i":"new-passcode","$v":"Nuovo codice"},{"$i":"current-passcode","$v":"Codice corrente"},{"$i":"incorrect-passcode","$v":"Il codice è errato."},{"$i":"passcode-doesnt-match","$v":"Il codice non corrisponde. Riprovare."},{"$i":"confirm-passcode","$v":"Conferma codice"},{"$i":"immediately","$v":"Immediatamente"},{"$i":"after-one-minute","$v":"Dopo 1 minuto"},{"$i":"after-five-minutes","$v":"Dopo 5 minuti"},{"$i":"after-fifteen-minutes","$v":"Dopo 15 minuti"},{"$i":"after-thirty-minutes","$v":"Dopo 30 minuti"},{"$i":"after-one-hour","$v":"Dopo 1 ora"},{"$i":"require-passcode","$v":"Richiedi codice"},{"$i":"change-passcode","$v":"Cambia codice"},{"$i":"noSimCard","$v":"SIM non presente"},{"$i":"simPin","$v":"PIN SIM"},{"$i":"simPin2","$v":"PIN2 SIM"},{"$i":"simPinWithIndex","$v":["PIN SIM ",{"t":"idOrVar","v":"index"}]},{"$i":"pukCode","$v":"Codice PUK"},{"$i":"puk2Code","$v":"Codice PUK2"},{"$i":"whatIsSimPin","$v":"Che cos’è il PIN della SIM?"},{"$i":"simPinIntro1","$v":"Il PIN della SIM impedisce l’accesso alla rete della scheda SIM. Una volta impostato, ogni dispositivo contenente la scheda SIM richiederà il PIN a ogni riavvio."},{"$i":"simPinIntro2","$v":"Il PIN della SIM non è legato al codice utilizzato per sbloccare il dispositivo."},{"$i":"changeSimPin","$v":"Modifica PIN"},{"$i":"simPinChangedSuccessfully","$v":"PIN SIM modificato correttamente"},{"$i":"simPinChangedSuccessfullyWithIndex","$v":["PIN SIM ",{"t":"idOrVar","v":"index"}," modificato correttamente"]},{"$i":"pinTitle","$v":"Inserire PIN"},{"$i":"pin2Title","$v":"Inserire PIN2"},{"$i":"pukTitle","$v":"Inserire PUK"},{"$i":"puk2Title","$v":"Inserire PUK2"},{"$i":"newpinTitle","$v":"Nuovo PIN"},{"$i":"inputCodeRetriesLeft","$v":{"one":"Ultimo tentativo.","two":[{"t":"idOrVar","v":"n"}," tentativi rimasti."],"few":[{"t":"idOrVar","v":"n"}," tentativi rimasti."],"many":[{"t":"idOrVar","v":"n"}," tentativi rimasti."],"other":[{"t":"idOrVar","v":"n"}," tentativi rimasti."]},"$x":[{"t":"idOrVar","v":"plural"},"n"]},{"$i":"pinAttemptMsg3","$v":{"one":"È rimasto un solo tentativo per inserire il codice corretto prima del blocco della SIM.","two":["Rimangono ",{"t":"idOrVar","v":"n"}," tentativi per inserire il codice corretto prima del blocco della SIM."],"few":["Rimangono ",{"t":"idOrVar","v":"n"}," tentativi per inserire il codice corretto prima del blocco della SIM."],"many":["Rimangono ",{"t":"idOrVar","v":"n"}," tentativi per inserire il codice corretto prima del blocco della SIM."],"other":["Rimangono ",{"t":"idOrVar","v":"n"}," tentativi per inserire il codice corretto prima del blocco della SIM."]},"$x":[{"t":"idOrVar","v":"plural"},"n"]},{"$i":"pinLastChanceMsg","$v":"Ultima possibilità per inserire il PIN corretto. In caso contrario sarà necessario inserire il codice PUK per utilizzare questa scheda SIM."},{"$i":"simCardLockedMsg","$v":"La scheda SIM è bloccata."},{"$i":"simCardBlockedMsg","$v":"SIM bloccata in modo permanente."},{"$i":"enterPukMsg","$v":"È necessario inserire il codice PUK della scheda SIM. Fare riferimento alla documentazione rilasciata con la SIM o contattare il proprio gestore per ulteriori informazioni."},{"$i":"enterPuk2Msg","$v":"È necessario inserire il codice PUK2 della scheda SIM. Fare riferimento alla documentazione rilasciata con la SIM o contattare il proprio gestore per ulteriori informazioni."},{"$i":"pukErrorMsg","$v":"Il codice PUK è errato."},{"$i":"pukAttemptMsg3","$v":{"one":"È rimasto un solo tentativo per inserire il codice corretto prima che la SIM diventi completamente inutilizzabile. Per ulteriori informazioni fare riferimento alla documentazione o contattare il gestore.","two":["Rimangono ",{"t":"idOrVar","v":"n"}," tentativi per inserire il codice corretto prima che la SIM diventi completamente inutilizzabile. Per ulteriori informazioni fare riferimento alla documentazione o contattare il gestore."],"few":["Rimangono ",{"t":"idOrVar","v":"n"}," tentativi per inserire il codice corretto prima che la SIM diventi completamente inutilizzabile. Per ulteriori informazioni fare riferimento alla documentazione o contattare il gestore."],"many":["Rimangono ",{"t":"idOrVar","v":"n"}," tentativi per inserire il codice corretto prima che la SIM diventi completamente inutilizzabile. Per ulteriori informazioni fare riferimento alla documentazione o contattare il gestore."],"other":["Rimangono ",{"t":"idOrVar","v":"n"}," tentativi per inserire il codice corretto prima che la SIM diventi completamente inutilizzabile. Per ulteriori informazioni fare riferimento alla documentazione o contattare il gestore."]},"$x":[{"t":"idOrVar","v":"plural"},"n"]},{"$i":"pukLastChanceMsg","$v":"Ultimo tentativo per inserire il codice PUK corretto. Se si inserisce un codice errato la scheda diventerà completamente inutilizzabile. Fare riferimento alla documentazione rilasciata con la SIM o contattare il proprio gestore per ulteriori informazioni."},{"$i":"newSimPinMsg","$v":"Imposta PIN (da 4 a 8 cifre)"},{"$i":"newSimPin2Msg","$v":"Imposta PIN2 (da 4 a 8 cifre)"},{"$i":"confirmNewSimPinMsg","$v":"Conferma nuovo PIN"},{"$i":"confirmNewSimPin2Msg","$v":"Conferma nuovo PIN2"},{"$i":"newPinErrorMsg","$v":"I PIN non corrispondono."},{"$i":"simLockedPhone","$v":"Telefono SIM lock"},{"$i":"unknownSimCardState","$v":"Stato SIM sconosciuto"},{"$i":"simCardNotReady","$v":"Scheda SIM non pronta"},{"$i":"simCardIllegal","$v":"SIM non autorizzata"},{"$i":"doNotTrack","$v":"Antitracciamento"},{"$i":"doNotTrack-header","$v":"Antitracciamento"},{"$i":"doNotTrackActions","$v":"Comunica a siti e app la volontà di non essere tracciato"},{"$i":"allowTracking","$v":"Comunica a siti e app la disponibilità a essere tracciato"},{"$i":"doNotHavePrefOnTracking","$v":"Non comunicare alcuna preferenza relativa al tracciamento dei dati personali"},{"$i":"doNotTrack-dt","$v":"Come funziona l’antitracciamento?"},{"$i":"doNotTrack-dd1","$v":"Attivando la funzione antitracciamento si richiede a ogni sito e applicazione (così come ad altri fornitori di servizi) di non mantenere traccia della navigazione."},{"$i":"doNotTrack-dd2","$v":"L’attivazione di questa funzione non comporta problemi nell’accesso ai siti né prevede la cancellazione di dati personali, come ad esempio il contenuto del carrello su un sito di commercio elettronico, informazioni sulla posizione, ecc."},{"$i":"browsingPrivacy","$v":"Privacy navigazione"},{"$i":"browsingPrivacy-header","$v":[{"t":"idOrVar","v":"browsingPrivacy"}]},{"$i":"confirm-clear-title","$v":"Conferma"},{"$i":"clear-browsing-history","$v":"Elimina cronologia"},{"$i":"confirm-clear-browsing-history","$v":"Eliminare la cronologia di navigazione?"},{"$i":"clear-cookies-and-stored-data","$v":"Elimina cookie e dati salvati"},{"$i":"confirm-clear-cookies-and-stored-data","$v":"Eliminare i cookie e i dati salvati sul dispositivo dai siti web?"},{"$i":"clear","$v":"Elimina"},{"$i":"privacy-controls","$v":"Gestione privacy"},{"$i":"no-privacy-panel","$v":"Nessuna app trovata per il pannello privacy"},{"$i":"storage","$v":"Memoria"},{"$i":"enableUSBStorage1","$v":"Memoria USB"},{"$i":"umsUnplugToDisable","$v":"Scollega USB per disattivare"},{"$i":"appStorage","$v":"Memoria applicazioni"},{"$i":"appStorage-header","$v":"Memoria applicazioni"},{"$i":"storageSize","$v":[{"t":"idOrVar","v":"size"}," ",{"t":"idOrVar","v":"unit"}]},{"$i":"availableSize","$v":{"zero":[{"t":"idOrVar","v":"size"}," ",{"t":"idOrVar","v":"unit"}," disponibili"],"one":[{"t":"idOrVar","v":"size"}," ",{"t":"idOrVar","v":"unit"}," disponibile"],"two":[{"t":"idOrVar","v":"size"}," ",{"t":"idOrVar","v":"unit"}," disponibili"],"few":[{"t":"idOrVar","v":"size"}," ",{"t":"idOrVar","v":"unit"}," disponibili"],"many":[{"t":"idOrVar","v":"size"}," ",{"t":"idOrVar","v":"unit"}," disponibili"],"other":[{"t":"idOrVar","v":"size"}," ",{"t":"idOrVar","v":"unit"}," disponibili"]},"$x":[{"t":"idOrVar","v":"plural"},"size"]},{"$i":"apps-total-space","$v":"Spazio totale"},{"$i":"apps-used-space","$v":"Utilizzato"},{"$i":"apps-free-space","$v":"Rimanente"},{"$i":"storage-details","$v":"Foto, video e musica sono archiviati separatamente dalle app. Visualizzare archiviazione media per dettagli."},{"$i":"ums-shared-volumes","$v":[{"t":"idOrVar","v":"list"}," condivisa"]},{"$i":"transferProtocol-header","$v":"Protocollo di trasferimento"},{"$i":"protocol-mtp","$v":"Protocollo di trasferimento media (MTP)"},{"$i":"protocol-ums","$v":"Memoria di massa USB (UMS)"},{"$i":"mediaStorage","$v":"Memoria multimediale"},{"$i":"mediaStorage-header","$v":"Memoria multimediale"},{"$i":"storage-name-internal","$v":"Memoria interna"},{"$i":"storage-name-external-0","$v":"Memoria scheda SD"},{"$i":"storage-name-external-1","$v":"Memoria scheda SD 2"},{"$i":"short-storage-name-internal","$v":"Interna"},{"$i":"short-storage-name-external-0","$v":"Scheda SD"},{"$i":"short-storage-name-external-1","$v":"Scheda SD 2"},{"$i":"music-space","$v":"Musica"},{"$i":"pictures-space","$v":"Foto"},{"$i":"videos-space","$v":"Video"},{"$i":"left-space","$v":"Spazio rimanente"},{"$i":"free-space","$v":"Spazio rimanente"},{"$i":"total-space","$v":"Spazio totale"},{"$i":"size-not-available","$v":"non disp."},{"$i":"no-storage","$v":"Nessun dispositivo di memoria"},{"$i":"advanced","$v":"Avanzate"},{"$i":"ums-warning-title","$v":"Attivare memoria USB?"},{"$i":"default-media-location","$v":"Posizione predefinita media"},{"$i":"default-media-location-msg","$v":"Scegli il percorso predefinito per salvare foto, video, musica e download."},{"$i":"change-default-media-location-confirmation","$v":"La modifica del percorso predefinito per l’archiviazione avrà effetto sul salvataggio di tutti i file multimediali. I dati esistenti rimarranno nella posizione attuale. Proseguire?"},{"$i":"eject-sdcard-external-0","$v":"Espelli scheda SD"},{"$i":"eject-sdcard-external-1","$v":"Espelli scheda SD 2"},{"$i":"format-sdcard-internal","$v":"Formatta memoria interna"},{"$i":"format-sdcard-external-0","$v":"Formatta scheda SD"},{"$i":"format-sdcard-external-1","$v":"Formatta scheda SD 2"},{"$i":"formatting","$v":"Formattazione…"},{"$i":"unmount-sdcard-confirmation","$v":"Non sarà possibile accedere ai contenuti salvati sulla scheda SD dopo averla espulsa. Proseguire?"},{"$i":"format-sdcard-title","$v":"Formattazione scheda SD"},{"$i":"format-sdcard-message","$v":"Tutti i dati presenti sulla scheda SD, come ad esempio musica o foto, verranno eliminati."},{"$i":"format-sdcard-internal-title","$v":"Formattazione memoria interna"},{"$i":"format-sdcard-internal-message","$v":"Tutti i dati presenti nella memoria interna, come ad esempio musica o foto, verranno eliminati."},{"$i":"format-sdcard-btnformat","$v":"Formatta"},{"$i":"sdcardUnmounted","$v":"Espulsa scheda SD"},{"$i":"device","$v":"Dispositivo"},{"$i":"help","$v":"Aiuto"},{"$i":"deviceInfo","$v":"Info sul dispositivo"},{"$i":"deviceInfo-header","$v":"Informazioni"},{"$i":"deviceInfo-IMEI","$v":"IMEI"},{"$i":"deviceInfo-ICCID","$v":"ICCID"},{"$i":"deviceInfo-MSISDN","$v":"Numero di telefono"},{"$i":"deviceInfo-ICCID-unavailable-sim","$v":["SIM ",{"t":"idOrVar","v":"index"},": non disponibile"]},{"$i":"downloads","$v":"Download"},{"$i":"downloads-header","$v":"Download"},{"$i":"unknown-phoneNumber","$v":"Sconosciuto"},{"$i":"unknown-phoneNumber-sim","$v":["SIM ",{"t":"idOrVar","v":"index"},": sconosciuto"]},{"$i":"gitInfo","$v":"Informazioni sul commit Git"},{"$i":"developer","$v":"Sviluppo"},{"$i":"developer-header","$v":"Sviluppo"},{"$i":"hud-settings-button","$v":"HUD sviluppo"},{"$i":"hud-settings-header","$v":[{"t":"idOrVar","v":"hud-settings-button"}]},{"$i":"hud-devtools","$v":"Strumenti di sviluppo"},{"$i":"hud-devtools-header","$v":[{"t":"idOrVar","v":"hud-devtools"}]},{"$i":"hud-logging","$v":"Registra modifiche in ADB"},{"$i":"hud-system","$v":"Visualizza HUD di sistema"},{"$i":"hud-problems","$v":"Problemi"},{"$i":"hud-warnings","$v":"Avvisi"},{"$i":"hud-errors","$v":"Errori"},{"$i":"hud-security","$v":"Problemi di sicurezza"},{"$i":"hud-performance","$v":"Prestazioni"},{"$i":"hud-reflows","$v":"Reflow"},{"$i":"hud-jank","$v":"Jank"},{"$i":"jank-threshold","$v":"Soglia jank"},{"$i":"hud-fps","$v":"Frame per secondo"},{"$i":"hud-ttl","$v":"Tempo di caricamento"},{"$i":"hud-memory","$v":"Memoria"},{"$i":"hud-uss","$v":"Unique Set Size"},{"$i":"hud-appmemory","$v":"Memoria app"},{"$i":"hud-jsobjects","$v":"Oggetti JS"},{"$i":"hud-jsstrings","$v":"Stringhe JS"},{"$i":"hud-jsother","$v":"Altro JS"},{"$i":"hud-dom","$v":"DOM"},{"$i":"hud-style","$v":"Stile"},{"$i":"hud-other","$v":"Altro"},{"$i":"software","$v":"Software"},{"$i":"devSettings","$v":"Impostazioni sviluppo"},{"$i":"debug","$v":"Debug"},{"$i":"developer-menu","$v":"Menu sviluppatori"},{"$i":"developer-tools","$v":"Strumenti di sviluppo"},{"$i":"graphics","$v":"Grafica"},{"$i":"hardware-composer","$v":"Composer hardware"},{"$i":"paint-flashing","$v":"Flash area ridisegnata"},{"$i":"dumps-layers","$v":"Dump albero livelli"},{"$i":"dumps-layerscope","$v":"Dump layerscope"},{"$i":"apz-overscroll","$v":"Overscrolling"},{"$i":"tiling","$v":"Tiling"},{"$i":"low-precision","$v":"Painting con precisione ridotta"},{"$i":"low-opacity","$v":"Trasparenza con precisione ridotta"},{"$i":"draw-tile-borders","$v":"Disegna bordi tile"},{"$i":"draw-layer-borders","$v":"Disegna bordi livello"},{"$i":"log-animations","$v":"Registra animazioni lente"},{"$i":"remote-debugging-usb","$v":"Debug via USB"},{"$i":"dev-tools-wifi","$v":"Strum. sviluppo via Wi-Fi"},{"$i":"dev-tools-qps","$v":"Pseudolocalizzazioni"},{"$i":"debugger-disabled","$v":"Disattivato"},{"$i":"debugger-adb-only","$v":"solo ADB"},{"$i":"debugger-adb-and-devtools","$v":"ADB e strum. sviluppo"},{"$i":"wifi-debugging","$v":"Output Wi-Fi in ADB"},{"$i":"bluetooth-debugging","$v":"Output bluetooth in ADB"},{"$i":"bluetooth-snoop-debugging","$v":"Bluetooth HCI sniffing logs to sdcard"},{"$i":"nfc-debugging","$v":"Output NFC in ADB"},{"$i":"ril-debugging","$v":"RIL output in ADB"},{"$i":"console-enabled","$v":"Attiva console"},{"$i":"cards-view-screenshots","$v":"Vista schede: screenshot"},{"$i":"geolocation-debugging-enabled","$v":"Output georilevazione in ADB"},{"$i":"geolocation-debugging-gps-locations-ignored","$v":"Ignora posizioni GPS"},{"$i":"use-reviewer-certs","$v":"Usa certificati revisore Marketplace"},{"$i":"shake-to-log","$v":"Agita per salvare i registri di sistema"},{"$i":"model-name","$v":"Modello"},{"$i":"os-version","$v":"Versione OS"},{"$i":"firmware_revision","$v":"Revisione firmware"},{"$i":"hardware_revision","$v":"Revisione hardware"},{"$i":"platform_version","$v":"Versione piattaforma"},{"$i":"build-id","$v":"Identificativo costruttore"},{"$i":"update-channel","$v":"Canale di aggiornamento"},{"$i":"build_number","$v":"Numero build"},{"$i":"update-url","$v":"URL di aggiornamento"},{"$i":"last-updated","$v":"Ultimo aggiornamento"},{"$i":"more-info","$v":"Altre informazioni"},{"$i":"more-info-header","$v":"Altre informazioni"},{"$i":"softwareUpdates","$v":"Aggiornamenti software"},{"$i":"check-update-daily","$v":"ogni giorno"},{"$i":"check-update-weekly","$v":"ogni settimana"},{"$i":"check-update-monthly","$v":"ogni mese"},{"$i":"check-for-updates","$v":"Ricerca aggiornamenti"},{"$i":"check-update-now","$v":"Controlla adesso"},{"$i":"update-status","$v":"Aggiorna stato"},{"$i":"no-network-when-update","$v":"Connettersi a Internet per procedere con l’aggiornamento"},{"$i":"checking-for-update","$v":"Ricerca aggiornamenti…"},{"$i":"no-updates","$v":"Nessun aggiornamento disponibile"},{"$i":"retry-when-online","$v":"La rete non è in linea, verrà effettuato un nuovo controllo quando la rete sarà connessa."},{"$i":"already-latest-version","$v":["Si sta già utilizzando la versione più recente di ",{"t":"idOrVar","v":"brandShortName"}]},{"$i":"check-error","$v":"Si è verificato un errore durante il controllo degli aggiornamenti."},{"$i":"aboutBrowserOS","$v":["Informazioni su ",{"t":"idOrVar","v":"brandShortName"}]},{"$i":"browser-os-desc","$v":[{"t":"idOrVar","v":"brandShortName"}," è il sistema operativo libero, gratuito e Open Source realizzato da Mozilla. La nostra missione è promuovere apertura, innovazione e opportunità garantendo alle persone il pieno controllo del Web."]},{"$i":"learn-more","$v":"Ulteriori informazioni"},{"$i":"reset-head","$v":"Ripristino"},{"$i":"reset-warning-title","$v":"ATTENZIONE"},{"$i":"unlock-privileges","$v":"Sblocco permessi"},{"$i":"reset-devtools","$v":"Ripristina e attiva accesso completo DevTools"},{"$i":"reset-devtools-warning-title","$v":"ATTENZIONE"},{"$i":"your-rights","$v":"I tuoi diritti"},{"$i":"your-rights-header","$v":"I tuoi diritti"},{"$i":"about-your-rights-0","$v":[{"t":"idOrVar","v":"brandShortName"}," è realizzato sulla base di software libero, gratuito e Open Source da una comunità di migliaia di persone nel mondo. Informazioni che dovresti conoscere:"]},{"$i":"about-your-rights-1","$v":[{"t":"idOrVar","v":"brandShortName"}," è disponibile nei termini di diverse licenze Open Source, inclusa la Mozilla Public License. Un dispositivo con ",{"t":"idOrVar","v":"brandShortName"}," potrebbe includere software proprietario di terze parti. Qualsiasi codice distribuito con licenza aperta garantisce all’utente il diritto di modificare il codice sorgente e distribuire le versioni modificate, purché vengano rispettati i termini della licenza stessa."]},{"$i":"about-your-rights-2","$v":["Mozilla non attribuisce all’Utente alcun diritto o licenza relativamente all’utilizzo dei marchi registrati da Mozilla Foundation o da altri soggetti, inclusi senza alcuna limitazione il nome ",{"t":"idOrVar","v":"brandShortName"}," e i logo associati."]},{"$i":"about-your-rights-3","$v":["Alcune caratteristiche di ",{"t":"idOrVar","v":"brandShortName"},", come ad esempio Crash Reporter, offrono la possibilità di inviare commenti e suggerimenti a Mozilla. Scegliendo di trasmettere questi dati, si garantisce a Mozilla il permesso di utilizzare queste informazioni per migliorare i propri prodotti, pubblicare sui propri siti web o distribuire i dati raccolti."]},{"$i":"about-legal-info","$v":"Informazioni legali"},{"$i":"about-credit-info","$v":"Riconoscimenti"},{"$i":"about-legal-info-header","$v":"Informazioni legali"},{"$i":"open-source-notices","$v":"Informativa Open Source"},{"$i":"open-source-notices-header","$v":"Informativa"},{"$i":"obtaining-source-code","$v":"Ottenere il codice sorgente"},{"$i":"obtaining-source-code-header","$v":"Codice sorgente"},{"$i":"about-mozilla","$v":"Mozilla"},{"$i":"about-other","$v":"Altro"},{"$i":"your-privacy","$v":"La tua privacy"},{"$i":"your-privacy-header","$v":"La tua privacy"},{"$i":"licensing-1","$v":"Copie compilate (binarie) di questo prodotto sono messe a disposizione dal progetto Mozilla nei termini della Mozilla Public License 2.0 (MPL). Conosci i tuoi diritti."},{"$i":"licensing-2","$v":"Tutto il codice sorgente di questo prodotto è disponibile con licenze gratuite, libere e Open Source. Gran parte del codice è distribuito con licenza Mozilla Public License 2.0 (MPL)."},{"$i":"licensing-3","$v":"La parte rimanente del software non distribuita con licenza Mozilla Public License 2.0 (MPL) è disponibile con diverse altre licenze. Per quelle licenze che prevedono una riproduzione del testo della licenza, il testo è fornito di seguito. (Nota: a seconda del prodotto e della versione, la copia in uso di questo prodotto potrebbe non contenere codice coperto da una o più delle licenze elencate)."},{"$i":"licensing-MPL","$v":"Mozilla Public License 2.0"},{"$i":"licensing-Apache","$v":"Apache License 2.0"},{"$i":"launch-ftu","$v":"Avvia configurazione iniziale"},{"$i":"no-ftu","$v":"Nessuna configurazione iniziale disponibile"},{"$i":"software-home-button","$v":"Pulsante software home"},{"$i":"home-gesture","$v":"Gesti schermata principale"},{"$i":"continuous-transition","$v":"Transizioni continue"},{"$i":"debug-gaia-enabled","$v":"Debug trace Gaia"},{"$i":"showScreenReaderSettings","$v":"Visualizza impostazioni Lettore schermo"},{"$i":"app-transition","$v":"Transizioni app"},{"$i":"app-suspending","$v":"Sospensione app"},{"$i":"copypaste","$v":"Copia/incolla"},{"$i":"verbose-app-permissions","$v":"Dettaglio permessi app"},{"$i":"window-management","$v":"Gestione finestre"},{"$i":"downloads-edit","$v":"Modifica"},{"$i":"downloads-select-all","$v":"Seleziona tutto"},{"$i":"downloads-deselect-all","$v":"Deseleziona tutto"},{"$i":"downloads-delete","$v":"Elimina"},{"$i":"battery","$v":"Batteria"},{"$i":"battery-header","$v":"Batteria"},{"$i":"batteryLevel","$v":"Livello carica"},{"$i":"batteryLevel-percent-unplugged","$v":[{"t":"idOrVar","v":"level"},"%"]},{"$i":"batteryLevel-percent-charging","$v":[{"t":"idOrVar","v":"level"},"% (in ricarica)"]},{"$i":"batteryLevel-percent-charged","$v":[{"t":"idOrVar","v":"level"},"% (carica)"]},{"$i":"powerSaveModeTitle","$v":"Risparmio energetico"},{"$i":"powerSaveMode","$v":"Risparmio energia"},{"$i":"powerSave-threshold","$v":[{"t":"idOrVar","v":"level"},"% rimanente"]},{"$i":"turnOnAuto","$v":"Attiva automaticamente"},{"$i":"accessibility","$v":"Accessibilità"},{"$i":"accessibility-header","$v":"Accessibilità"},{"$i":"screenReader","$v":"Lettore schermo"},{"$i":"screenReader-header","$v":[{"t":"idOrVar","v":"screenReader"}]},{"$i":"screenReader-toggle","$v":[{"t":"idOrVar","v":"screenReader"}]},{"$i":"colorFilter","$v":"Filtro colori"},{"$i":"colorFilter-header","$v":[{"t":"idOrVar","v":"colorFilter"}]},{"$i":"colorFilter-toggle","$v":[{"t":"idOrVar","v":"colorFilter"}]},{"$i":"screenReader-captions","$v":"Visualizza spiegazione"},{"$i":"screenReader-enable-msg","$v":"Attivando il Lettore schermo, il dispositivo fornirà feedback vocale per aiutare gli utenti non vendenti o con difficoltà visivi."},{"$i":"screen-reader-speech-volume","$v":"Volume lettura"},{"$i":"screen-reader-speech-rate","$v":"Velocità lettura"},{"$i":"screenReader-confirm-title-start","$v":"Avviare Lettore schermo?"},{"$i":"screenReader-confirm-description-start","$v":"L’attivazione del Lettore schermo modifica il comportamento del touch screen. Tocca in qualunque punto per ascoltare una descrizione dell’elemento toccato, per attivarlo usa un doppio tocco."},{"$i":"screenReader-confirm-button-start","$v":"Attiva"},{"$i":"screenReader-confirm-title-stop","$v":"Bloccare Lettore schermo?"},{"$i":"screenReader-confirm-description-stop","$v":"Bloccando il Lettore schermo verrà interrotto qualunque feedback vocale."},{"$i":"screenReader-confirm-button-stop","$v":"Blocca"},{"$i":"colorFilter-invert","$v":"Invertiti"},{"$i":"colorFilter-grayscale","$v":"Scala di grigio"},{"$i":"colorFilter-contrast","$v":"Contrasto"},{"$i":"improveBrowserOS","$v":["Migliora ",{"t":"idOrVar","v":"brandShortName"}]},{"$i":"improveBrowserOSTitle","$v":["Migliora ",{"t":"idOrVar","v":"brandShortName"}]},{"$i":"sendMozillaFeedback","$v":"Invia commenti a Mozilla"},{"$i":"performanceAndUsageData","$v":"Dati su prestazioni e utilizzo"},{"$i":"sharePerformanceAndUsageData","$v":"Invia dati"},{"$i":"appUsageByRegion","$v":"App usage by region"},{"$i":"crashReports","$v":"Segnalazione errori"},{"$i":"crashReports-header","$v":"Segnalazione errori"},{"$i":"crashReportInfo","$v":"In caso di errori l’invio a Mozilla delle segnalazioni di errore ci permette di risolvere l’anomalia per tutti gli utenti. Le segnalazioni vengono inviate solo tramite Wi-Fi."},{"$i":"alwaysSendReport","$v":"Invia sempre segnalazioni"},{"$i":"neverSendReport","$v":"Non inviare mai"},{"$i":"askToSendReport2","$v":"Chiedi ogni volta"},{"$i":"crash-reports-description-1","$v":"Una segnalazione contiene alcuni dettagli sul blocco e sul dispositivo, così come una istantanea dello stato del dispositivo quando si è bloccato."},{"$i":"crash-reports-description-2","$v":"Questo potrebbe includere informazioni quali pagine e applicazioni aperte, testo inserito in moduli e contenuto di messaggi aperti, cronologia di navigazione recente o informazioni sulla posizione utilizzate da un’applicazione aperta."},{"$i":"crash-reports-description-3-start","$v":"Utilizziamo queste segnalazioni per risolvere i problemi e migliorare i nostri prodotti. Gestiamo queste informazioni come descritto nella nostra "},{"$i":"crash-reports-description-3-privacy","$v":"informativa sulla privacy"},{"$i":"crash-reports-description-3-end","$v":"."},{"$i":"sendFeedbackTitle","$v":"Invia commento"},{"$i":"feedback-description","$v":"L’opinione degli utenti è importante per migliorare Firefox OS."},{"$i":"feedback-happy","$v":"Contento"},{"$i":"feedback-sad","$v":"Deluso"},{"$i":"feedback-mood-description","$v":"Come ti senti?"},{"$i":"feedback_whyfeel_happy","$v":"Perché sei contento?"},{"$i":"feedback_whyfeel_sad","$v":"Perché sei deluso?"},{"$i":"feedback-mood-explain","$v":"Spiegaci nel dettaglio."},{"$i":"feedback-public-description","$v":"Il contenuto di questo commento verrà pubblicato, non condividere informazioni personali."},{"$i":"feedback-contactyou","$v":"Seleziona per consentirci di contattarti via email."},{"$i":"email-address1","$v":"Indirizzo email:"},{"$i":"email-keepprivate","$v":"Questo indirizzo verrà sempre mantenuto riservato."},{"$i":"feedback-sendbtn","$v":"Invia commento"},{"$i":"feedback-errormessage-connect-error","$v":"A causa di un errore nella connessione non è stato possibile inviare i dati. Verificare la connessione e riprovare."},{"$i":"feedback-errormessage-server-off","$v":"Invio non riuscito: il server è in fase di spegnimento. Attendere qualche minuto e riprovare."},{"$i":"feedback-errormessage-timeout","$v":"Invio non riuscito: il tempo a disposizione è esaurito. Riavviare il telefono e riprovare."},{"$i":"feedback-errormessage-wrong-email","$v":"Invio non riuscito: il campo email è vuoto o non valido. Compilare il modulo con un indirizzo email valido e riprovare."},{"$i":"feedback-errormessage-empty-comment","$v":"Invio non riuscito: il campo commento è vuoto. Compilare tutti i campi e riprovare."},{"$i":"feedback-errormessage-just-sent","$v":"Invio non riuscito: è già stato inviato un commento. Installare un nuovo aggiornamento del software e riprovare."},{"$i":"feedback-complete-msg","$v":"Grazie per aver inviato i tuoi commenti. Utilizziamo costantemente queste informazioni per migliorare le prossime versioni di Firefox OS."},{"$i":"online-support","$v":"Supporto online:"},{"$i":"call-support","$v":"Chiama il supporto:"},{"$i":"user-guide","$v":"Guida utente"},{"$i":"default-support","$v":"Per ottenere supporto contattare il fornitore del telefono."},{"$i":"operatorServices","$v":"Operatore servizi"},{"$i":"operatorServices-help","$v":"Aiuto"},{"$i":"operatorServices-helpmenu","$v":"Menu aiuto"},{"$i":"stkAppsNotAvailable","$v":"Applicazioni per la scheda SIM non disponibili."},{"$i":"simToolkit","$v":"Strumenti SIM"},{"$i":"stkItemsNaiSetUpCall","$v":"Imposta chiamata"},{"$i":"stkItemsNaiSendSs","$v":"Invia SS"},{"$i":"stkItemsNaiSendUssd","$v":"Invia USSD"},{"$i":"stkItemsNaiSendSms","$v":"Invia SMS"},{"$i":"stkItemsNaiSendDtmf","$v":"Invia DTMF"},{"$i":"stkItemsNaiLaunchBrowser","$v":"Avvia browser"},{"$i":"stkItemsNaiPlayTone","$v":"Riproduci tono"},{"$i":"stkItemsNaiDisplayText","$v":"Visualizza testo"},{"$i":"stkItemsNaiGetInkey","$v":"Ottieni inkey"},{"$i":"stkItemsNaiGetInput","$v":"Ottieni input"},{"$i":"stkItemsNaiSelectItem","$v":"Seleziona elemento"},{"$i":"stkItemsNaiSetUpMenu","$v":"Imposta menu"},{"$i":"stkItemsNaiProvideLocalInfo","$v":"Fornisci info locali"},{"$i":"stkItemsNaiSetIdleModeText","$v":"Imposta testo inattività"},{"$i":"stkItemsNaiPerformCardApdu","$v":"Esegui APDU card"},{"$i":"stkItemsNaiPowerOnCard","$v":"Attiva card"},{"$i":"stkItemsNaiPowerOffCard","$v":"Disattiva card"},{"$i":"stkItemsNaiGetReaderStatus","$v":"Ottieni stato lettore"},{"$i":"stkItemsNaiOpenChannel","$v":"Apri canale"},{"$i":"stkItemsNaiCloseChannel","$v":"Chiudi canale"},{"$i":"stkItemsNaiReceiveData","$v":"Ricevi dati"},{"$i":"stkItemsNaiSendData","$v":"Invia dati"},{"$i":"stkItemsNaiGetChannelStatus","$v":"Ottieni stato canale"},{"$i":"stkItemsNaiEndOfTheProactiveSession","$v":"Fine della sessione attiva"},{"$i":"is-warning-storage-header","$v":"Archiviazione USB"},{"$i":"is-warning-tethering-header","$v":"Tethering USB"},{"$i":"is-warning-wifi-header","$v":"Hotspot Wi-Fi"},{"$i":"is-warning-storage-tethering-message","$v":"L’attivazione della funzione “Archiviazione USB” comporta la disattivazione della funzione “Tethering USB”. Attivare “Archiviazione USB”?"},{"$i":"is-warning-tethering-storage-message","$v":"L’attivazione della funzione “Tethering USB” comporta la disattivazione della funzione “Archiviazione USB”. Attivare “Tethering USB”?"},{"$i":"is-warning-tethering-wifi-message","$v":"L’attivazione della funzione “Tethering USB” comporta la disattivazione della funzione “Hotspot Wi-Fi”. Attivare “Tethering USB”?"},{"$i":"is-warning-wifi-tethering-message","$v":"L’attivazione della funzione “Hotspot Wi-Fi” comporta la disattivazione della funzione “Tethering USB”. Attivare “Hotspot Wi-Fi”?"},{"$i":"settings-dialog-alert","$v":"Avviso"},{"$i":"settings-dialog-confirm","$v":"Conferma"},{"$i":"settings-dialog-prompt","$v":"Richiesta"},{"$i":"settings-alert-dialog-header","$v":[{"t":"idOrVar","v":"settings-dialog-alert"}]},{"$i":"settings-confirm-dialog-header","$v":[{"t":"idOrVar","v":"settings-dialog-confirm"}]},{"$i":"settings-prompt-dialog-header","$v":[{"t":"idOrVar","v":"settings-dialog-prompt"}]},{"$i":"addons","$v":"Addons"},{"$i":"addons-header","$v":[{"t":"idOrVar","v":"addons"}]},{"$i":"change-device-name","$v":"Cambia nome telefono"},{"$i":"internetSharing-usb-desc","$v":"Condividi la connessione a Internet del telefono con un dispositivo connesso via USB."},{"$i":"internetSharing-wifi-desc","$v":"Consenti ad altri dispositivi di condividere la connessione a Internet del telefono via Wi-Fi."},{"$i":"unplayable-ringtone","$v":"La suoneria non è stata modificata perché il file selezionato non è riproducibile su questo telefono."},{"$i":"findmydevice-signup-description","$v":"Trova dispositivo consente di localizzare, bloccare o cancellare il contenuto del telefono"},{"$i":"findmydevice-settings-description","$v":"Trova dispositivo consente di localizzare, bloccare o cancellare il contenuto del telefono dal sito web:"},{"$i":"findmydevice-active-tracking","$v":"Questo telefono è attualmente tracciato da un altro dispositivo attraverso il servizio web."},{"$i":"findmydevice-not-tracking","$v":"Nessuno dispositivo sta attualmente tracciando questo telefono attraverso il servizio web."},{"$i":"ums-confirm","$v":"Attivando Memoria USB si consente a un altro dispositivo connesso tramite USB di accedere ai file presenti su questo telefono."},{"$i":"reset-device","$v":"Ripristina il telefono"},{"$i":"reset-warning-body","$v":"Il ripristino comporta la cancellazione di tutti i dati, incluse le app acquistate. Il telefono verrà ripristinato alle impostazioni di fabbrica. La configurazione e i dati dell’utente non verranno salvati."},{"$i":"reset-devtools-warning-body","$v":"Il ripristino comporta la cancellazione di tutti i dati, incluse le app acquistate. La configurazione e i dati dell’utente non verranno salvati. Al termine dell’operazione gli strumenti per sviluppatori non avranno alcuna limitazione e sarà possibile modificare ed effettuare il debug di applicazioni di sistema."},{"$i":"powerSave-explanation","$v":"Attivando la modalità risparmio energia vengono disattivati la connessione dati, il bluetooth e i servizi di georilevazione per aumentare la durata della batteria. Queste funzioni possono essere riattivate manualmente."},{"$i":"performanceAndUsageDataInfo","$v":["Aiutaci a migliorare ",{"t":"idOrVar","v":"brandShortName"}," condividendo informazioni sul telefono e sul modo di utilizzo."]},{"$i":"device-status-connected-device","$v":"Connesso audio telefono"},{"$i":"device-status-connected-device-media","$v":"Connesso audio telefono/media"}]