[{"$i":"stopped_download_title","$v":"ダウンロードを中止しました"},{"$i":"stopped_download_message","$v":"ダウンロードが中止されました。再度ダウンロードしますか？"},{"$i":"stopped_download_left_button","$v":"キャンセル"},{"$i":"stopped_download_right_button","$v":"再試行"},{"$i":"failed_download_title","$v":"ダウンロードに失敗しました"},{"$i":"failed_download_message","$v":[{"t":"idOrVar","v":"name"}," のダウンロードに失敗しました。再度ダウンロードしますか？"]},{"$i":"failed_download_left_button","$v":"キャンセル"},{"$i":"failed_download_right_button","$v":"再試行"},{"$i":"stop_download_title","$v":"ダウンロードを中止します"},{"$i":"stop_download_message","$v":"本当にダウンロードを中止してもよろしいですか？"},{"$i":"stop_download_left_button","$v":"いいえ"},{"$i":"stop_download_right_button","$v":"はい"},{"$i":"delete_download_title","$v":"削除"},{"$i":"delete_download_message","$v":[{"t":"idOrVar","v":"name"}," を削除しますか？"]},{"$i":"delete_download_left_button","$v":"キャンセル"},{"$i":"delete_download_right_button","$v":"削除"},{"$i":"delete_all_download_title","$v":"削除"},{"$i":"delete_all_download_left_button","$v":"キャンセル"},{"$i":"delete_all_download_right_button","$v":"削除"},{"$i":"delete_all_download_message","$v":{"zero":"ファイルを削除しません","one":"1 個のファイルを削除しますか？","two":[{"t":"idOrVar","v":"number"}," 個のファイルを削除しますか？"],"few":[{"t":"idOrVar","v":"number"}," 個のファイルを削除しますか？"],"many":[{"t":"idOrVar","v":"number"}," 個のファイルを削除しますか？"],"other":[{"t":"idOrVar","v":"number"}," 個のファイルを削除しますか？"]},"$x":[{"t":"idOrVar","v":"plural"},"number"]},{"$i":"unsupported_file_type_download_title","$v":"データが開けません"},{"$i":"unsupported_file_type_download_message","$v":[{"t":"idOrVar","v":"name"}," を扱えるアプリがありません。これをファイルに保存または削除してください。"]},{"$i":"unsupported_file_type_download_left_button","$v":"ファイルに保存"},{"$i":"unsupported_file_type_download_right_button","$v":"削除"},{"$i":"file_not_found_download_title","$v":"ファイルが見つかりませんでした"},{"$i":"file_not_found_download_message","$v":"端末上にファイルが見つかりませんでした。"},{"$i":"file_not_found_download_right_button","$v":"OK"},{"$i":"unmounted_sdcard_2_download_title","$v":"メモリーカードが使用中です"},{"$i":"unmounted_sdcard_2_download_message","$v":"USB ケーブルを抜いてください"},{"$i":"unmounted_sdcard_2_download_right_button","$v":"OK"},{"$i":"no_provider_download_title","$v":"共有できません"},{"$i":"no_provider_download_message","$v":"プロバイダが見つかりませんでした。"},{"$i":"no_provider_download_right_button","$v":"OK"},{"$i":"no_memory_download_title","$v":"SD カードの空き容量が不足しています"},{"$i":"no_memory_download_message","$v":"SD カードにダウンロードしたファイルを保存するための空き領域が足りません。ダウンロードを再開する前に不要なファイルを削除してください。"},{"$i":"no_memory_download_right_button","$v":"OK"},{"$i":"no_sdcard_found_2_download_title","$v":"メモリーカードが見つかりませんでした"},{"$i":"no_sdcard_found_2_download_message","$v":"メモリーカードを挿入するか、環境設定で既定のメディアの場所を選択してください。"},{"$i":"no_sdcard_found_2_download_right_button","$v":"OK"},{"$i":"file_open_error_download_title","$v":"データが開けません"},{"$i":"file_open_error_download_message","$v":[{"t":"idOrVar","v":"name"}," を開く時に問題が発生しました。これをファイルに保存または削除してください。"]},{"$i":"file_open_error_download_left_button","$v":"ファイルに保存"},{"$i":"file_open_error_download_right_button","$v":"削除"},{"$i":"restart_download_error","$v":"ダウンロードの再開中にエラーが発生しました。ダウンロードを再度試してください。"},{"$i":"no-downloads","$v":"ダウンロードなし"},{"$i":"byteUnit-B","$v":"B"},{"$i":"byteUnit-KB","$v":"KB"},{"$i":"byteUnit-MB","$v":"MB"},{"$i":"byteUnit-GB","$v":"GB"},{"$i":"byteUnit-TB","$v":"TB"},{"$i":"fileSize","$v":[{"t":"idOrVar","v":"size"},{"t":"idOrVar","v":"unit"}]},{"$i":"percentage","$v":[{"t":"idOrVar","v":"percentage"}," %"]},{"$i":"partialResult","$v":[{"t":"idOrVar","v":"partial"}," / ",{"t":"idOrVar","v":"total"}]},{"$i":"summary","$v":[{"t":"idOrVar","v":"date"}," - ",{"t":"idOrVar","v":"status"}]},{"$i":"download-stopped","$v":"ダウンロード中止"},{"$i":"download-failed","$v":"ダウンロード失敗"},{"$i":"open_downloaded_file","$v":"開く"},{"$i":"share_downloaded_file","$v":"共有する"},{"$i":"wallpaper_downloaded_file","$v":"壁紙に設定する"},{"$i":"ringtone_downloaded_file","$v":"着信音に設定する"},{"$i":"cancel_downloaded_file","$v":"キャンセル"},{"$i":"brandShortName","$v":"B2G OS"},{"$i":"browserBrandShortName","$v":"Web Browser"},{"$i":"browserBrandFullName","$v":"Mozilla Web Browser"},{"$i":"ringtoneBrandName","$v":"Default"},{"$i":"ringtoneSectionBrandName","$v":"System"},{"$i":"weekday-0-long","$v":"日曜日"},{"$i":"weekday-1-long","$v":"月曜日"},{"$i":"weekday-2-long","$v":"火曜日"},{"$i":"weekday-3-long","$v":"水曜日"},{"$i":"weekday-4-long","$v":"木曜日"},{"$i":"weekday-5-long","$v":"金曜日"},{"$i":"weekday-6-long","$v":"土曜日"},{"$i":"weekday-0-short","$v":"日"},{"$i":"weekday-1-short","$v":"月"},{"$i":"weekday-2-short","$v":"火"},{"$i":"weekday-3-short","$v":"水"},{"$i":"weekday-4-short","$v":"木"},{"$i":"weekday-5-short","$v":"金"},{"$i":"weekday-6-short","$v":"土"},{"$i":"month-0-long","$v":"1月"},{"$i":"month-1-long","$v":"2月"},{"$i":"month-2-long","$v":"3月"},{"$i":"month-3-long","$v":"4月"},{"$i":"month-4-long","$v":"5月"},{"$i":"month-5-long","$v":"6月"},{"$i":"month-6-long","$v":"7月"},{"$i":"month-7-long","$v":"8月"},{"$i":"month-8-long","$v":"9月"},{"$i":"month-9-long","$v":"10月"},{"$i":"month-10-long","$v":"11月"},{"$i":"month-11-long","$v":"12月"},{"$i":"month-0-genitive","$v":"1月"},{"$i":"month-1-genitive","$v":"2月"},{"$i":"month-2-genitive","$v":"3月"},{"$i":"month-3-genitive","$v":"4月"},{"$i":"month-4-genitive","$v":"5月"},{"$i":"month-5-genitive","$v":"6月"},{"$i":"month-6-genitive","$v":"7月"},{"$i":"month-7-genitive","$v":"8月"},{"$i":"month-8-genitive","$v":"9月"},{"$i":"month-9-genitive","$v":"10月"},{"$i":"month-10-genitive","$v":"11月"},{"$i":"month-11-genitive","$v":"12月"},{"$i":"month-0-short","$v":"1月"},{"$i":"month-1-short","$v":"2月"},{"$i":"month-2-short","$v":"3月"},{"$i":"month-3-short","$v":"4月"},{"$i":"month-4-short","$v":"5月"},{"$i":"month-5-short","$v":"6月"},{"$i":"month-6-short","$v":"7月"},{"$i":"month-7-short","$v":"8月"},{"$i":"month-8-short","$v":"9月"},{"$i":"month-9-short","$v":"10月"},{"$i":"month-10-short","$v":"11月"},{"$i":"month-11-short","$v":"12月"},{"$i":"minutes-ago-long","$v":{"zero":"1分以内","one":"1分前","two":[{"t":"idOrVar","v":"value"},"分前"],"few":[{"t":"idOrVar","v":"value"},"分前"],"many":[{"t":"idOrVar","v":"value"},"分前"],"other":[{"t":"idOrVar","v":"value"},"分前"]},"$x":[{"t":"idOrVar","v":"plural"},"value"]},{"$i":"hours-ago-long","$v":{"zero":"1時間以内","one":"1時間前","two":[{"t":"idOrVar","v":"value"},"時間前"],"few":[{"t":"idOrVar","v":"value"},"時間前"],"many":[{"t":"idOrVar","v":"value"},"時間前"],"other":[{"t":"idOrVar","v":"value"},"時間前"]},"$x":[{"t":"idOrVar","v":"plural"},"value"]},{"$i":"days-ago-long","$v":{"zero":"今日","one":"昨日","two":[{"t":"idOrVar","v":"value"},"日前"],"few":[{"t":"idOrVar","v":"value"},"日前"],"many":[{"t":"idOrVar","v":"value"},"日前"],"other":[{"t":"idOrVar","v":"value"},"日前"]},"$x":[{"t":"idOrVar","v":"plural"},"value"]},{"$i":"weeks-ago-long","$v":{"zero":"今週","one":"先週","two":[{"t":"idOrVar","v":"value"},"週間前"],"few":[{"t":"idOrVar","v":"value"},"週間前"],"many":[{"t":"idOrVar","v":"value"},"週間前"],"other":[{"t":"idOrVar","v":"value"},"週間前"]},"$x":[{"t":"idOrVar","v":"plural"},"value"]},{"$i":"months-ago-long","$v":{"zero":"今月","one":"先月","two":[{"t":"idOrVar","v":"value"},"か月前"],"few":[{"t":"idOrVar","v":"value"},"か月前"],"many":[{"t":"idOrVar","v":"value"},"か月前"],"other":[{"t":"idOrVar","v":"value"},"か月前"]},"$x":[{"t":"idOrVar","v":"plural"},"value"]},{"$i":"years-ago-long","$v":{"zero":"今年","one":"昨年","two":[{"t":"idOrVar","v":"value"},"年前"],"few":[{"t":"idOrVar","v":"value"},"年前"],"many":[{"t":"idOrVar","v":"value"},"年前"],"other":[{"t":"idOrVar","v":"value"},"年前"]},"$x":[{"t":"idOrVar","v":"plural"},"value"]},{"$i":"minutes-until-long","$v":{"zero":"1分以内","one":"1分後","two":[{"t":"idOrVar","v":"value"},"分後"],"few":[{"t":"idOrVar","v":"value"},"分後"],"many":[{"t":"idOrVar","v":"value"},"分後"],"other":[{"t":"idOrVar","v":"value"},"分後"]},"$x":[{"t":"idOrVar","v":"plural"},"value"]},{"$i":"hours-until-long","$v":{"zero":"1時間以内","one":"1時間後","two":[{"t":"idOrVar","v":"value"},"時間後"],"few":[{"t":"idOrVar","v":"value"},"時間後"],"many":[{"t":"idOrVar","v":"value"},"時間後"],"other":[{"t":"idOrVar","v":"value"},"時間後"]},"$x":[{"t":"idOrVar","v":"plural"},"value"]},{"$i":"days-until-long","$v":{"zero":"今日","one":"明日","two":[{"t":"idOrVar","v":"value"},"日後"],"few":[{"t":"idOrVar","v":"value"},"日後"],"many":[{"t":"idOrVar","v":"value"},"日後"],"other":[{"t":"idOrVar","v":"value"},"日後"]},"$x":[{"t":"idOrVar","v":"plural"},"value"]},{"$i":"weeks-until-long","$v":{"zero":"今週","one":"来週","two":[{"t":"idOrVar","v":"value"},"週間後"],"few":[{"t":"idOrVar","v":"value"},"週間後"],"many":[{"t":"idOrVar","v":"value"},"週間後"],"other":[{"t":"idOrVar","v":"value"},"週間後"]},"$x":[{"t":"idOrVar","v":"plural"},"value"]},{"$i":"months-until-long","$v":{"zero":"今月","one":"来月","two":[{"t":"idOrVar","v":"value"},"か月後"],"few":[{"t":"idOrVar","v":"value"},"か月後"],"many":[{"t":"idOrVar","v":"value"},"か月後"],"other":[{"t":"idOrVar","v":"value"},"か月後"]},"$x":[{"t":"idOrVar","v":"plural"},"value"]},{"$i":"years-until-long","$v":{"zero":"今年","one":"来年","two":[{"t":"idOrVar","v":"value"},"年後"],"few":[{"t":"idOrVar","v":"value"},"年後"],"many":[{"t":"idOrVar","v":"value"},"年後"],"other":[{"t":"idOrVar","v":"value"},"年後"]},"$x":[{"t":"idOrVar","v":"plural"},"value"]},{"$i":"minutes-ago-short","$v":{"zero":"直前","other":[{"t":"idOrVar","v":"value"},"分前"]},"$x":[{"t":"idOrVar","v":"plural"},"value"]},{"$i":"hours-ago-short","$v":{"zero":"数分前","other":[{"t":"idOrVar","v":"value"},"時間前"]},"$x":[{"t":"idOrVar","v":"plural"},"value"]},{"$i":"days-ago-short","$v":{"zero":"今日","other":[{"t":"idOrVar","v":"value"},"日前"]},"$x":[{"t":"idOrVar","v":"plural"},"value"]},{"$i":"minutes-until-short","$v":{"zero":"直後","other":[{"t":"idOrVar","v":"value"},"分後"]},"$x":[{"t":"idOrVar","v":"plural"},"value"]},{"$i":"hours-until-short","$v":{"zero":"数分後","other":[{"t":"idOrVar","v":"value"},"時間後"]},"$x":[{"t":"idOrVar","v":"plural"},"value"]},{"$i":"days-until-short","$v":{"zero":"今日","other":[{"t":"idOrVar","v":"value"},"日後"]},"$x":[{"t":"idOrVar","v":"plural"},"value"]},{"$i":"incorrectDate","$v":"(日付が不正です)"},{"$i":"dateTimeFormat_%c","$v":"%Y年%b%e日(%a) %p%I:%M:%S"},{"$i":"dateTimeFormat_%x","$v":"%Y/%m/%d"},{"$i":"dateTimeFormat_%X","$v":"%p%I:%M:%S"},{"$i":"shortTimeFormat","$v":"%p%I:%M"},{"$i":"shortTimeFormat12","$v":"%p%I:%M"},{"$i":"shortTimeFormat24","$v":"%H:%M"},{"$i":"shortDateTimeFormat","$v":"%x %p%I:%M"},{"$i":"weekStartsOnMonday","$v":"0"},{"$i":"firstDayOfTheWeek","$v":"0"},{"$i":"time_am","$v":"午前"},{"$i":"time_pm","$v":"午後"},{"$i":"title-app","$v":"アプリの許可設定"},{"$i":"title-web","$v":"Web サイトの許可設定"},{"$i":"title-cam","$v":"カメラ選択"},{"$i":"perm-alarms","$v":"スケジュールアラーム"},{"$i":"perm-audio-capture","$v":"マイク"},{"$i":"perm-audio-capture-appRequest","$v":["マイクの共有を ",{"t":"idOrVar","v":"app"}," に許可しますか？"]},{"$i":"perm-audio-capture-webRequest","$v":["マイクの共有を ",{"t":"idOrVar","v":"site"}," に許可しますか？"]},{"$i":"perm-audio-channel-content","$v":"サウンド再生"},{"$i":"perm-audio-channel-notification","$v":"通知サウンド再生"},{"$i":"perm-audio-channel-ringer","$v":"着信音再生"},{"$i":"perm-background-sensors","$v":"センサデータへのアクセス"},{"$i":"perm-bluetooth","$v":"Bluetooth"},{"$i":"perm-browser","$v":"Web ページ調査"},{"$i":"perm-camera","$v":"カメラ"},{"$i":"perm-camera-selector-appRequest","$v":[{"t":"idOrVar","v":"app"}," で使用するカメラを選択してください。"]},{"$i":"perm-camera-selector-webRequest","$v":[{"t":"idOrVar","v":"site"}," で使用するカメラを選択してください。"]},{"$i":"perm-cellbroadcast","$v":"セルブロードキャスト"},{"$i":"perm-contacts","$v":"連絡先"},{"$i":"perm-contacts-appRequest","$v":[{"t":"idOrVar","v":"app"}," が連絡先リストへのアクセス許可を求めています。"]},{"$i":"perm-contacts-webRequest","$v":[{"t":"idOrVar","v":"site"}," サイトが連絡先リストへのアクセス許可を求めています。"]},{"$i":"perm-desktop-notification","$v":"通知"},{"$i":"perm-desktop-notification-appRequest","$v":[{"t":"idOrVar","v":"app"}," が通知の表示を求めています。"]},{"$i":"perm-desktop-notification-webRequest","$v":[{"t":"idOrVar","v":"site"}," サイトが通知の表示を求めています。"]},{"$i":"perm-device-storage-apps","$v":"アプリのストレージ"},{"$i":"perm-device-storage-music","$v":"音楽のストレージ"},{"$i":"perm-device-storage-music-appRequest","$v":[{"t":"idOrVar","v":"app"}," が音楽へのアクセス許可を求めています。"]},{"$i":"perm-device-storage-music-webRequest","$v":[{"t":"idOrVar","v":"site"}," サイトが音楽へのアクセス許可を求めています。"]},{"$i":"perm-device-storage-pictures","$v":"写真のストレージ"},{"$i":"perm-device-storage-pictures-appRequest","$v":[{"t":"idOrVar","v":"app"}," が写真へのアクセス許可を求めています。"]},{"$i":"perm-device-storage-pictures-webRequest","$v":[{"t":"idOrVar","v":"site"}," サイトが写真へのアクセス許可を求めています。"]},{"$i":"perm-device-storage-sdcard","$v":"メモリーカードのストレージ"},{"$i":"perm-device-storage-sdcard-appRequest","$v":[{"t":"idOrVar","v":"app"}," がメモリーカードへのアクセス許可を求めています。"]},{"$i":"perm-device-storage-sdcard-webRequest","$v":[{"t":"idOrVar","v":"site"}," サイトがメモリーカードへのアクセス許可を求めています。"]},{"$i":"perm-device-storage-videos","$v":"動画のストレージ"},{"$i":"perm-device-storage-videos-appRequest","$v":[{"t":"idOrVar","v":"app"}," が動画へのアクセス許可を求めています。"]},{"$i":"perm-device-storage-videos-webRequest","$v":[{"t":"idOrVar","v":"site"}," サイトが動画へのアクセス許可を求めています。"]},{"$i":"perm-embed-apps","$v":"組み込みアプリ"},{"$i":"perm-fmradio","$v":"FM ラジオ"},{"$i":"perm-fmradio-appRequest","$v":[{"t":"idOrVar","v":"app"}," が FM ラジオの使用許可を求めています。"]},{"$i":"perm-fmradio-webRequest","$v":[{"t":"idOrVar","v":"site"}," サイトが FM ラジオの使用許可を求めています。"]},{"$i":"perm-geolocation","$v":"位置情報の送信"},{"$i":"perm-geolocation-appRequest","$v":[{"t":"idOrVar","v":"app"}," があなたの位置情報を求めています。"]},{"$i":"perm-geolocation-more-info","$v":[{"t":"idOrVar","v":"brandShortName"}," は、GPS や Wi-Fi、近くのモバイルネットワークなどのデータを、ユーザのおおよその現在位置の決定に利用します。このデータは、 Mozilla と他のサービスプロバイダに送信され、位置情報データベースを改善するために集計されます。このデータは、ご使用の端末に保存され、アプリが実行中でない時にもデータが収集されることがあります。"]},{"$i":"perm-geolocation-webRequest","$v":[{"t":"idOrVar","v":"site"}," サイトがあなたの位置情報を求めています。"]},{"$i":"perm-idle","$v":"アイドル状態の確認"},{"$i":"perm-indexedDB-chrome-settings","$v":"特権 IndexedDB"},{"$i":"perm-indexedDB-unlimited","$v":"無制限 IndexedDB ストレージ"},{"$i":"perm-input-manage","$v":"キーボードの管理"},{"$i":"perm-input","$v":"キーボードとして動作"},{"$i":"perm-media-capture","$v":"カメラとマイク"},{"$i":"perm-media-capture-appRequest","$v":["カメラとマイクの共有を ",{"t":"idOrVar","v":"app"}," に許可しますか？"]},{"$i":"perm-media-capture-webRequest","$v":["カメラとマイクの共有を ",{"t":"idOrVar","v":"site"}," に許可しますか？"]},{"$i":"perm-mobileconnection","$v":"モバイル通信接続"},{"$i":"perm-mobileid","$v":"モバイル個人認証"},{"$i":"perm-network-events","$v":"ネットワークイベント"},{"$i":"perm-open-remote-window","$v":"アプリの起動"},{"$i":"perm-permissions","$v":"アプリの許可設定を変更"},{"$i":"perm-power","$v":"電源設定"},{"$i":"perm-settings","$v":"環境設定変更"},{"$i":"perm-systemXHR","$v":"クロスオリジン要求"},{"$i":"perm-telephony","$v":"電話"},{"$i":"perm-video-capture","$v":"カメラ"},{"$i":"perm-video-capture-appRequest","$v":["カメラの共有を ",{"t":"idOrVar","v":"app"}," に許可しますか？"]},{"$i":"perm-video-capture-webRequest","$v":["カメラの共有を ",{"t":"idOrVar","v":"site"}," に許可しますか？"]},{"$i":"perm-voicemail","$v":"ボイスメールの制御"},{"$i":"perm-webapps-manage","$v":"Web アプリのインストール"},{"$i":"perm-wifi-manage","$v":"Wi-Fi の管理"},{"$i":"perm-attention","$v":"オーバーレイポップアップを開く"},{"$i":"perm-audio-channel-alarm","$v":"アラーム音を再生"},{"$i":"perm-audio-channel-normal","$v":"サウンドを再生"},{"$i":"perm-audio-channel-publicnotification","$v":"通知音を再生"},{"$i":"perm-audio-channel-telephony","$v":"通話音を再生"},{"$i":"perm-backgroundservice","$v":"バックグラウンドサービスとして動作"},{"$i":"perm-device-storage-crashes","$v":"クラッシュデータの保存"},{"$i":"perm-downloads","$v":"ダウンロードファイルへのアクセス"},{"$i":"perm-embed-widgets","$v":"組み込みウィジェット"},{"$i":"perm-feature-detection","$v":"機能検出"},{"$i":"perm-firefox-accounts","$v":"Firefox アカウント"},{"$i":"perm-mobilenetwork","$v":"モバイルネットワーク"},{"$i":"perm-moz-attention","$v":"オーバーレイポップアップを開く (moz)"},{"$i":"perm-moz-audio-channel-ringer","$v":"着信音を再生 (moz)"},{"$i":"perm-moz-audio-channel-telephony","$v":"通話音を再生 (moz)"},{"$i":"perm-moz-firefox-accounts","$v":"Firefox アカウント (moz)"},{"$i":"perm-networkstats-manage","$v":"通信量状態のコントロール"},{"$i":"perm-nfc","$v":"NFC"},{"$i":"perm-nfc-hci-events","$v":"NFC HCI イベント"},{"$i":"perm-nfc-manager","$v":"NFC の管理"},{"$i":"perm-phonenumberservice","$v":"電話番号サービス"},{"$i":"perm-push","$v":"Push API"},{"$i":"perm-resourcestats-manage","$v":"リソース状態"},{"$i":"perm-sms","$v":"SMS の送信と表示"},{"$i":"perm-speaker-control","$v":"音量コントロール"},{"$i":"perm-storage","$v":"ストレージへのアクセス"},{"$i":"perm-tcp-socket","$v":"TCP ソケット"},{"$i":"perm-test-permission","$v":"許可設定のテスト"},{"$i":"perm-time","$v":"日付と時刻の設定"},{"$i":"perm-udp-socket","$v":"UDP ソケット"},{"$i":"perm-wappush","$v":"WAP プッシュ"},{"$i":"tz-region","$v":"地域"},{"$i":"tz-city","$v":"都市"},{"$i":"tzRegion-Africa","$v":"アフリカ"},{"$i":"tzRegion-America","$v":"アメリカ"},{"$i":"tzRegion-Antarctica","$v":"南極"},{"$i":"tzRegion-Asia","$v":"アジア"},{"$i":"tzRegion-Atlantic","$v":"大西洋"},{"$i":"tzRegion-Australia","$v":"オーストラリア"},{"$i":"tzRegion-Europe","$v":"ヨーロッパ"},{"$i":"tzRegion-Indian","$v":"インド洋"},{"$i":"tzRegion-Pacific","$v":"太平洋"},{"$i":"ringtone-none","$v":"なし"},{"$i":"ringer_bubble","$v":"Bubble"},{"$i":"ringer_chimer","$v":"Chimer"},{"$i":"ringer_cunning","$v":"Cunning"},{"$i":"ringer_dulco","$v":"Dulco"},{"$i":"ringer_firefox2","$v":[{"t":"idOrVar","v":"ringtoneBrandName"}]},{"$i":"ringer_garden","$v":"Garden"},{"$i":"ringer_marbled","$v":"Marbled"},{"$i":"ringer_opti","$v":"Opti"},{"$i":"ringer_pecko","$v":"Pecko"},{"$i":"ringer_pingy","$v":"Pingy"},{"$i":"ringer_poppop","$v":"Pop Pop"},{"$i":"ringer_sata","$v":"Sata"},{"$i":"ringer_simple","$v":"Clean"},{"$i":"ringer_standard1","$v":"Classic"},{"$i":"ringer_standard2","$v":"Classic Fast"},{"$i":"ringer_stutter","$v":"Stutter"},{"$i":"ringer_symmetry","$v":"Symmetry"},{"$i":"ringer_tailwind","$v":"Tail Wind"},{"$i":"ringer_thoughtful","$v":"Thoughtful"},{"$i":"ringer_wit","$v":"Wit"},{"$i":"ringer_zen","$v":"Zen"},{"$i":"notifier_bells","$v":"Bells"},{"$i":"notifier_bloom","$v":"Bloom"},{"$i":"notifier_chime","$v":"Chime"},{"$i":"notifier_clicka","$v":"Clicka"},{"$i":"notifier_digi","$v":"Digi"},{"$i":"notifier_dropplet","$v":"Dropplet"},{"$i":"notifier_firefox2","$v":[{"t":"idOrVar","v":"ringtoneBrandName"}]},{"$i":"notifier_hello","$v":"Hello"},{"$i":"notifier_lowmarble","$v":"Low Marble"},{"$i":"notifier_ping","$v":"Ping"},{"$i":"notifier_plickle","$v":"Plickle"},{"$i":"notifier_pocko","$v":"Pocko"},{"$i":"notifier_quado","$v":"Quado"},{"$i":"notifier_red","$v":"Red"},{"$i":"notifier_sato","$v":"Sato"},{"$i":"notifier_swipo","$v":"Swipo"},{"$i":"notifier_trickleup","$v":"Trickle Up"},{"$i":"notifier_trink","$v":"Trink"},{"$i":"notifier_verse","$v":"Verse"},{"$i":"settings","$v":"環境設定"},{"$i":"advancedSettings","$v":"詳細設定"},{"$i":"default","$v":"既定"},{"$i":"enabled","$v":"有効"},{"$i":"enable","$v":"有効化"},{"$i":"disabled","$v":"無効"},{"$i":"error","$v":"エラー"},{"$i":"ok","$v":"OK"},{"$i":"yes","$v":"はい"},{"$i":"no","$v":"いいえ"},{"$i":"reset","$v":"リセット"},{"$i":"cancel","$v":"キャンセル"},{"$i":"close","$v":"閉じる"},{"$i":"back","$v":"戻る"},{"$i":"continue","$v":"続ける"},{"$i":"skip","$v":"スキップ"},{"$i":"pair","$v":"ペア設定する"},{"$i":"add","$v":"追加"},{"$i":"done","$v":"完了"},{"$i":"set","$v":"設定"},{"$i":"notNow","$v":"後で"},{"$i":"turnOn","$v":"ON にする"},{"$i":"selectASIMCard","$v":"SIM カードを選択してください"},{"$i":"sim1","$v":"SIM1"},{"$i":"sim2","$v":"SIM2"},{"$i":"unavailable","$v":"使用不可"},{"$i":"confirmation","$v":"確認"},{"$i":"simSettingsWithIndex","$v":["SIM",{"t":"idOrVar","v":"index"}," 設定"]},{"$i":"networkAndConnectivity","$v":"ネットワーク接続設定"},{"$i":"airplaneMode","$v":"機内モード"},{"$i":"geolocation","$v":"位置情報"},{"$i":"wifi","$v":"Wi-Fi"},{"$i":"wifi-header","$v":[{"t":"idOrVar","v":"wifi"}]},{"$i":"wifi-disabled","$v":"利用可能なネットワークを確認するには Wi-Fi を ON にしてください。"},{"$i":"availableNetworks","$v":"利用可能なネットワーク"},{"$i":"knownNetworks","$v":"既知のネットワーク"},{"$i":"hiddenNetworks","$v":"隠しネットワーク"},{"$i":"scanning","$v":"検索中…"},{"$i":"scanNetworks","$v":"再検索"},{"$i":"fullStatus-initializing","$v":"初期化中…"},{"$i":"fullStatus-connecting","$v":[{"t":"idOrVar","v":"ssid"}," に接続中…"]},{"$i":"fullStatus-associated","$v":"IP アドレス取得中…"},{"$i":"fullStatus-connected","$v":[{"t":"idOrVar","v":"ssid"}," に接続しました"]},{"$i":"fullStatus-connectingfailed","$v":"接続に失敗しました"},{"$i":"fullStatus-disconnected","$v":"オフライン"},{"$i":"shortStatus-connecting","$v":"接続中…"},{"$i":"shortStatus-associated","$v":"IP アドレス取得中…"},{"$i":"shortStatus-connected","$v":"接続しました"},{"$i":"shortStatus-connectingfailed","$v":"接続に失敗しました"},{"$i":"shortStatus-disconnected","$v":"オフライン"},{"$i":"wifi-sleep","$v":"Wi-Fi Sleep"},{"$i":"wifi-sleep-description","$v":"Enable to automatically turn off Wi-Fi during sleep to save battery power.  "},{"$i":"manageNetworks","$v":"ネットワークの管理"},{"$i":"wifi-bad-credentials-title","$v":"Wi-Fi への接続失敗"},{"$i":"wifi-bad-credentials-confirm","$v":[{"t":"idOrVar","v":"ssid"}," に接続できません。ログイン情報が正しくないため認証に失敗しました。ネットワークのパスワードを再度入力してください。"]},{"$i":"manageNetworks-header","$v":[{"t":"idOrVar","v":"manageNetworks"}]},{"$i":"manageCertificates","$v":"証明書の管理"},{"$i":"manageCert","$v":"証明書の管理"},{"$i":"joinHiddenNetwork","$v":"隠しネットワークに接続"},{"$i":"securedBy","$v":[{"t":"idOrVar","v":"capabilities"}," による保護"]},{"$i":"security","$v":"セキュリティ"},{"$i":"securityNone","$v":"なし"},{"$i":"securityOpen","$v":"オープン"},{"$i":"notInRange","$v":"圏外"},{"$i":"ipAddress","$v":"IP アドレス"},{"$i":"linkSpeed","$v":"リンク速度"},{"$i":"linkSpeedMbs","$v":[{"t":"idOrVar","v":"linkSpeed"}," Mbit/s"]},{"$i":"signalStrength","$v":"電波強度"},{"$i":"signalLevel0","$v":"極弱"},{"$i":"signalLevel1","$v":"弱"},{"$i":"signalLevel2","$v":"中"},{"$i":"signalLevel3","$v":"強"},{"$i":"signalLevel4","$v":"極強"},{"$i":"forget","$v":"切断"},{"$i":"forgetNetwork-dialog","$v":"ネットワークから切断しますか？"},{"$i":"forgetNetwork-confirmation","$v":"確認"},{"$i":"authentication","$v":"認証"},{"$i":"authentication-header","$v":[{"t":"idOrVar","v":"authentication"}]},{"$i":"eap","$v":"EAP メソッド"},{"$i":"auth-phase2","$v":"フェーズ2 認証"},{"$i":"server-certificate","$v":"サーバ証明書"},{"$i":"import-certificate-msg","$v":"補足: 新しい証明書をインポートする必要がある場合は [証明書の管理] から行ってください。"},{"$i":"identity","$v":"ユーザ名"},{"$i":"password","$v":"パスワード"},{"$i":"showPassword","$v":"パスワードを表示"},{"$i":"networkNotification","$v":"ネットワークの通知"},{"$i":"networkNotification-expl","$v":"オープンネットワークが利用可能なときに通知する"},{"$i":"macAddress","$v":"MAC アドレス"},{"$i":"deviceInfo_software","$v":[{"t":"idOrVar","v":"brandShortName"}," ",{"t":"idOrVar","v":"os"}]},{"$i":"macUnavailable","$v":"利用不可"},{"$i":"noNetworksFound","$v":"ネットワークが見つかりませんでした"},{"$i":"noKnownNetworks","$v":"既知のネットワークはありません"},{"$i":"edit","$v":"編集"},{"$i":"certificateList","$v":"証明書リスト"},{"$i":"noCertificate","$v":"インポートされた証明書はありません"},{"$i":"deleteCertificate","$v":"証明書を削除"},{"$i":"importCertificate","$v":"証明書をインポート"},{"$i":"selectCertificateFile","$v":"証明書ファイルの選択"},{"$i":"enterCertificateNickname","$v":"証明書のニックネームを入力してください"},{"$i":"nickname","$v":"ニックネーム"},{"$i":"enter-certificate-name-msg","$v":"ニックネームを変更するか既定の名前を使用してください。"},{"$i":"certificate-deletion-failed","$v":"証明書の削除に失敗しました"},{"$i":"certificate-deletion-failed-description","$v":"ストレージの問題が原因となっている可能性があります。例:"},{"$i":"certificate-import-failed","$v":"証明書のインポートに失敗しました"},{"$i":"certificate-import-failed-description","$v":"証明書の破損が原因となっている可能性があります。例:"},{"$i":"wpsMessage","$v":"WPS で接続"},{"$i":"wpsMessage-header","$v":[{"t":"idOrVar","v":"wpsMessage"}]},{"$i":"fullStatus-wps-inprogress","$v":"WPS で設定中…"},{"$i":"fullStatus-wps-canceled","$v":"WPS がキャンセルされました"},{"$i":"fullStatus-wps-timedout","$v":"WPS がタイムアウトしました"},{"$i":"fullStatus-wps-failed-error","$v":["WPS での設定に失敗しました [",{"t":"idOrVar","v":"error"},"]"]},{"$i":"fullStatus-wps-overlapped","$v":"複数の WPS (PBC) アクセスポイントが見つかりました"},{"$i":"wpsDescription2","$v":"自動 Wi-Fi セットアップ"},{"$i":"wpsMethodSelection","$v":"WPS 方式の選択:"},{"$i":"wpsPbcLabel","$v":"プッシュボタン"},{"$i":"wpsMyPinLabel","$v":"PIN コード (本機)"},{"$i":"wpsApPinLabel","$v":"PIN コード (AP)"},{"$i":"wpsPinDescription","$v":"4桁または8桁の PIN コードを入力ください"},{"$i":"wpsPinInput","$v":["PIN コード ",{"t":"idOrVar","v":"pin"}," を接続先の機器に入力してください"]},{"$i":"wpsPinAps","$v":"接続先の機器を選択してください"},{"$i":"wpsAnyAp","$v":"Any"},{"$i":"wpsCancelMessage","$v":"WPS をキャンセル"},{"$i":"wpsCancelFailedMessageError","$v":["WPS のキャンセルに失敗しました [",{"t":"idOrVar","v":"error"},"]"]},{"$i":"callSettings","$v":"着信設定"},{"$i":"callSettings-header","$v":[{"t":"idOrVar","v":"callSettings"}]},{"$i":"callSettingsQuery","$v":"ネットワーク情報を要求中…"},{"$i":"callSettingsQueryError","$v":"ネットワークに接続できません"},{"$i":"voiceMail","$v":"ボイスメール"},{"$i":"voiceMail-header","$v":[{"t":"idOrVar","v":"voiceMail"}]},{"$i":"voiceMail-number","$v":"ボイスメール番号"},{"$i":"voiceMail-number-notSet","$v":"未設定"},{"$i":"voicePrivacyMode","$v":"ボイスプライバシーモード"},{"$i":"callWaiting","$v":"割込通話"},{"$i":"confirmCallWaitingTitle","$v":"割込通話の設定を確認できません"},{"$i":"confirmCallWaitingDesc","$v":"ネットワークに接続できません。環境設定を確認してください。"},{"$i":"callForwarding","$v":"着信転送"},{"$i":"callForwarding-header","$v":[{"t":"idOrVar","v":"callForwarding"}]},{"$i":"callForwardingForward","$v":"転送"},{"$i":"callForwardingUnconditional","$v":"常に転送する"},{"$i":"callForwardingUnconditionalShort","$v":"常に"},{"$i":"callForwardingMobileBusy","$v":"留守時に転送する"},{"$i":"callForwardingMobileBusyShort","$v":"留守時"},{"$i":"callForwardingNoReply","$v":"未応答時に転送する"},{"$i":"callForwardingNoReplyShort","$v":"未応答時"},{"$i":"callForwardingNotReachable","$v":"到達不能時に転送する"},{"$i":"callForwardingNotReachableShort","$v":"到達不能時"},{"$i":"callForwardingForwardingVoiceToNumber","$v":["音声通話を ",{"t":"idOrVar","v":"number"}," に転送する"]},{"$i":"callForwardingNotForwarding","$v":"無効"},{"$i":"callForwardingConfirmTitle","$v":"着信転送の確認メッセージ"},{"$i":"cf-alwaysUseThisNumber","$v":"常にこの電話番号を使用する"},{"$i":"cf-numberWhenUnreachable","$v":"到達不能時の電話番号"},{"$i":"cf-numberWhenUnanswered","$v":"未応答時の電話番号"},{"$i":"cf-numberWhenBusy","$v":"留守時の電話番号"},{"$i":"callForwardingInvalidNumberError","$v":"この電話番号は正しくありません。"},{"$i":"callForwardingSetSuccess","$v":"着信転送が設定されました。"},{"$i":"callForwardingSetForbidden","$v":"ご利用のネットワーク事業者は着信転送をサポートしていません。"},{"$i":"callForwardingSetError","$v":"転送設定にエラーがあります。"},{"$i":"callerId","$v":"発信者番号通知"},{"$i":"callBarring","$v":"Call Barring"},{"$i":"callBarring-header","$v":[{"t":"idOrVar","v":"callBarring"}]},{"$i":"callBarring-outgoing","$v":"Outgoing calls"},{"$i":"callBarring-baoc","$v":"All"},{"$i":"callBarring-boic","$v":"International"},{"$i":"callBarring-boicExhc","$v":"International except Home Country"},{"$i":"callBarring-incoming","$v":"Incoming calls"},{"$i":"callBarring-baic","$v":"All"},{"$i":"callBarring-baicR","$v":"All while roaming"},{"$i":"callBarring-passcode","$v":"Passcode"},{"$i":"callBarring-change-passcode","$v":"Change passcode"},{"$i":"callBarring-passcode-enter","$v":"Enter passcode"},{"$i":"callBarring-passcode-unknown","$v":"In case you don't know your passcode, please contact your carrier"},{"$i":"callBarring-current-passcode","$v":"Current passcode"},{"$i":"callBarring-new-passcode","$v":"New passcode"},{"$i":"callBarring-create-passcode","$v":"Create a Passcode"},{"$i":"callBarring-confirm-passcode","$v":"Confirm passcode"},{"$i":"callBarring-passcode-error-generic","$v":"Passcode error."},{"$i":"callBarring-passcode-error-incorrect","$v":"Passcode is incorrect."},{"$i":"callBarring-passcode-error-mismatch","$v":"Passcode doesn’t match."},{"$i":"callBarring-update-item-error","$v":["Error while updating the item: ",{"t":"idOrVar","v":"error"},"."]},{"$i":"callBarring-change-passcode-success","$v":"Passcode changed."},{"$i":"callerId-default","$v":"ネットワークの既定"},{"$i":"callerId-hide","$v":"番号を非通知にする"},{"$i":"callerId-show","$v":"番号を通知する"},{"$i":"fdn","$v":"固定ダイヤル番号 (FDN)"},{"$i":"fdnSettings","$v":"固定ダイヤル番号"},{"$i":"fdnSettings-header","$v":[{"t":"idOrVar","v":"fdnSettings"}]},{"$i":"fdn-authorizedNumbers","$v":"許可する電話番号"},{"$i":"fdn-authorizedNumbers-header","$v":[{"t":"idOrVar","v":"fdn-authorizedNumbers"}]},{"$i":"fdn-authorizedNumbers-desc","$v":"発信を許可する電話番号のリスト"},{"$i":"fdn-explanation1","$v":"この携帯電話からダイヤルできる番号を制限します。"},{"$i":"fdn-explanation2","$v":"(緊急通報用番号は常に対しては常に無効です)"},{"$i":"fdnEnable","$v":"FDN を ON にする"},{"$i":"fdnDisable","$v":"FDN を OFF にする"},{"$i":"fdnReset","$v":"PIN2 をリセット"},{"$i":"fdnAttemptMsg3","$v":{"one":"残り1回です。SIM カードがロックされる前に正しいコードを入力してください。","two":["残り",{"t":"idOrVar","v":"n"},"回です。SIM カードがロックされる前に正しいコードを入力してください。"],"few":["残り",{"t":"idOrVar","v":"n"},"回です。SIM カードがロックされる前に正しいコードを入力してください。"],"many":["残り",{"t":"idOrVar","v":"n"},"回です。SIM カードがロックされる前に正しいコードを入力してください。"],"other":["残り",{"t":"idOrVar","v":"n"},"回です。SIM カードがロックされる前に正しいコードを入力してください。"]},"$x":[{"t":"idOrVar","v":"plural"},"n"]},{"$i":"fdnLastChanceMsg","$v":"これが最後の PIN2 コード入力となります。失敗すると、この SIM カードを使用するときに PIN2 ロック解除コードの入力が必要となります。"},{"$i":"fdnErrorMsg","$v":"PIN2 コードが正しくありません。"},{"$i":"fdn-enabled-warning","$v":"FDN により着信転送が無効化されています。"},{"$i":"fdnContact-name","$v":"名前"},{"$i":"fdnContact-number","$v":"電話番号"},{"$i":"fdnContact-submit","$v":"送信"},{"$i":"fdnAction-add","$v":"連絡先を追加"},{"$i":"fdnAction-call","$v":"発信"},{"$i":"fdnAction-edit","$v":"連絡先を編集"},{"$i":"fdnAction-edit-header","$v":"連絡先の編集"},{"$i":"fdnAction-delete","$v":"連絡先を削除"},{"$i":"fdnNoFDNFreeRecord","$v":"FDN の登録数が上限に達しました。これ以上は電話番号を追加できません。"},{"$i":"messagingSettings","$v":"ショートメッセージ設定"},{"$i":"messagingSettings-header","$v":[{"t":"idOrVar","v":"messagingSettings"}]},{"$i":"message-confirmation","$v":"メッセージの確認"},{"$i":"message-delivery-reports","$v":"配送レポート"},{"$i":"message-delivery-reports-details","$v":"各テキストメッセージの送信時に配送通知を要求する"},{"$i":"message-read-reports","$v":"配送レポートの開封"},{"$i":"message-read-reports-details","$v":"各メッセージの送信時に配送レポートの開封を要求する"},{"$i":"mmsTitle","$v":"マルチメディアメッセージング (MMS)"},{"$i":"auto-retrieve","$v":"自動取得"},{"$i":"auto-retrieve-details","$v":"メッセージを自動的に取得します"},{"$i":"manual-retrieve","$v":"OFF"},{"$i":"auto-roaming-retrieve","$v":"ローミング中に ON"},{"$i":"auto-no-roaming-retrieve","$v":"ローミングなしで ON"},{"$i":"autoConfigure","$v":"自動設定"},{"$i":"wapPushMessages","$v":"WAP プッシュメッセージ"},{"$i":"wapPush","$v":"WAP プッシュ"},{"$i":"cellBroadcastMessages","$v":"セルブロードキャストメッセージ"},{"$i":"cellBroadcast","$v":"セルブロードキャスト"},{"$i":"emergencyAlert","$v":"緊急警報"},{"$i":"messagingInformation","$v":"情報"},{"$i":"messaging-SMSC","$v":"サービスセンター"},{"$i":"messaging-sim-settings","$v":["SIM",{"t":"idOrVar","v":"index"}," 設定"]},{"$i":"unknown-SMSC","$v":"情報が入手できません"},{"$i":"cellularAndData","$v":"携帯ネットワーク設定"},{"$i":"cellularAndData-header","$v":[{"t":"idOrVar","v":"cellularAndData"}]},{"$i":"dataNetwork","$v":"携帯通信事業者"},{"$i":"dataConnectivity","$v":"データ通信"},{"$i":"dataConnection","$v":"データ通信接続"},{"$i":"dataRoaming","$v":"データローミング"},{"$i":"networkOperator","$v":"ネットワーク事業者"},{"$i":"networkOperator-header","$v":[{"t":"idOrVar","v":"networkOperator"}]},{"$i":"availableOperators","$v":"この地域のネットワーク事業者"},{"$i":"preferredNetworkTypeAlertTitle","$v":"優先するネットワークの種類"},{"$i":"preferredNetworkTypeAlertErrorMessage","$v":"ネットワークの種類が設定されていません"},{"$i":"operator-networkType","$v":"ネットワークの種類"},{"$i":"operator-networkType-auto","$v":"自動"},{"$i":"operator-networkType-prefer3G","$v":"3G 優先"},{"$i":"operator-networkType-2G","$v":"2G のみ"},{"$i":"operator-networkType-3G","$v":"3G のみ"},{"$i":"operator-networkType-GSM","$v":"GSM"},{"$i":"operator-networkType-WCDMA","$v":"WCDMA"},{"$i":"operator-networkType-CDMA","$v":"CDMA"},{"$i":"operator-networkType-EVDO","$v":"EVDO"},{"$i":"operator-networkType-LTE","$v":"LTE"},{"$i":"operator-networkType-preferWCDMA","$v":"WCDMA 優先"},{"$i":"operator-networkType-auto-2G-3G","$v":"自動 (2G/3G)"},{"$i":"operator-networkType-auto-CDMA-EVDO","$v":"自動 (CDMA/EVDO)"},{"$i":"operator-networkType-auto-WCDMA-GSM","$v":"自動 (WCDMA/GSM)"},{"$i":"operator-networkType-auto-LTE-WCDMA-GSM","$v":"自動 (LTE/WCDMA/GSM)"},{"$i":"operator-networkType-auto-LTE-CDMA-EVDO","$v":"自動 (LTE/CDMA/EVDO)"},{"$i":"operator-networkType-auto-WCDMA-GSM-CDMA-EVDO","$v":"自動 (WCDMA/GSM/CDMA/EVDO)"},{"$i":"operator-autoSelect","$v":"自動選択"},{"$i":"operator-networkSelect-auto","$v":"自動"},{"$i":"operator-networkSelect-manual","$v":"手動"},{"$i":"operator-turnAutoSelectOff","$v":"利用可能なネットワーク事業者を確認するには自動選択を OFF にしてください。"},{"$i":"operator-status-connecting","$v":"接続中…"},{"$i":"operator-status-connectingfailed","$v":"接続失敗"},{"$i":"operator-status-connected","$v":"接続完了"},{"$i":"operator-roamingPreference","$v":"ローミング設定"},{"$i":"operator-roamingPreference-home","$v":"自宅"},{"$i":"operator-roamingPreference-any","$v":"Any"},{"$i":"operator-roamingPreference-affiliated","$v":"提携事業者"},{"$i":"apn","$v":"APN"},{"$i":"apnSettings","$v":"APN 設定"},{"$i":"apnSettings-header","$v":[{"t":"idOrVar","v":"apnSettings"}]},{"$i":"dataSettings","$v":"データ通信設定"},{"$i":"dataSettings-header","$v":[{"t":"idOrVar","v":"dataSettings"}]},{"$i":"suplSettings","$v":"A-GPS 設定"},{"$i":"suplSettings-header","$v":[{"t":"idOrVar","v":"suplSettings"}]},{"$i":"messageSettings","$v":"メッセージ設定"},{"$i":"messageSettings-header","$v":[{"t":"idOrVar","v":"messageSettings"}]},{"$i":"dunSettings","$v":"テザリング設定"},{"$i":"dunSettings-header","$v":[{"t":"idOrVar","v":"dunSettings"}]},{"$i":"imsSettings","$v":"IMS 設定"},{"$i":"imsSettings-header2","$v":[{"t":"idOrVar","v":"imsSettings"}]},{"$i":"apn-editor-header","$v":"APN エディタ"},{"$i":"mmsport","$v":"MMS ポート"},{"$i":"mmsproxy","$v":"MMS プロキシ"},{"$i":"mmsc","$v":"MMSC"},{"$i":"httpProxyHost","$v":"HTTP プロキシホスト"},{"$i":"httpProxyPort","$v":"HTTP プロキシポート"},{"$i":"custom","$v":"(カスタム設定)"},{"$i":"apn-authType","$v":"認証方式"},{"$i":"apn-authType-notDefined","$v":"未定義"},{"$i":"apn-authType-none","$v":"なし"},{"$i":"apn-authType-pap","$v":"PAP"},{"$i":"apn-authType-chap","$v":"CHAP"},{"$i":"apn-authType-papOrChap","$v":"PAP または CHAP"},{"$i":"apn-protocol","$v":"プロトコル"},{"$i":"apn-roaming-protocol","$v":"ローミングプロトコル"},{"$i":"apn-protocol-notDefined","$v":"未定義"},{"$i":"apn-protocol-ip","$v":"IPv4"},{"$i":"apn-protocol-ipv6","$v":"IPv6"},{"$i":"apn-protocol-ipv4v6","$v":"IPv4/IPv6"},{"$i":"apn-type","$v":"APN タイプ"},{"$i":"dataConnection-warning-head","$v":"データ通信を ON にしますか？"},{"$i":"dataConnection-warning-message","$v":"アプリケーションが必要に応じてデータ通信を行うため、通信料がかかる場合があります。"},{"$i":"dataRoaming-warning-head","$v":"データローミングを ON にしますか？"},{"$i":"dataRoaming-warning-message","$v":"データローミングを許可すると、サービスの契約内容に応じてローミング料金が発生する可能性があります。"},{"$i":"change-apn-warning-message1","$v":"Depending on your service agreement, changing your APN setting may result in extra charges when roaming. Do you want to proceed?"},{"$i":"reset-apn-warning-title","$v":"既定値にリセット"},{"$i":"reset-apn-warning-message","$v":"設定を既定値にリセットします。この操作は元に戻せません。"},{"$i":"state-unknown","$v":"状態不明"},{"$i":"state-available","$v":"利用可能"},{"$i":"state-connected","$v":"接続完了"},{"$i":"state-current","$v":"接続中"},{"$i":"state-forbidden","$v":"接続禁止"},{"$i":"delete-apn-confirm","$v":"この APN を削除しますか？"},{"$i":"delete-apn","$v":"削除"},{"$i":"add-apn","$v":"新しい APN を追加"},{"$i":"reset-apn","$v":"既定値にリセット"},{"$i":"apnSettings-reset","$v":"APN 設定のリセット"},{"$i":"bluetooth","$v":"Bluetooth"},{"$i":"bluetooth-header","$v":[{"t":"idOrVar","v":"bluetooth"}]},{"$i":"bluetooth-enable-msg","$v":"通信範囲内のデバイスを表示するには Bluetooth を ON にしてください。"},{"$i":"bluetooth-paired-devices","$v":"ペアリングされたデバイス"},{"$i":"bluetooth-devices-in-area","$v":"通信範囲内のデバイス"},{"$i":"bluetooth-visible-to-all","$v":"検出可能"},{"$i":"bluetooth-name-maxlength-alert","$v":["端末名が",{"t":"idOrVar","v":"length"},"文字を超えています。再度設定してください。"]},{"$i":"bluetooth-address","$v":"Bluetooth アドレス"},{"$i":"bluetooth-address-unavailable","$v":"利用不可"},{"$i":"bt-status-nopaired","$v":"ペアリングに失敗しました"},{"$i":"bt-status-turnoff","$v":"OFF"},{"$i":"bt-status-paired","$v":{"zero":[{"t":"idOrVar","v":"name"}],"one":[{"t":"idOrVar","v":"name"},"、他",{"t":"idOrVar","v":"n"},"個"],"two":[{"t":"idOrVar","v":"name"},"、他",{"t":"idOrVar","v":"n"},"個"],"few":[{"t":"idOrVar","v":"name"},"、他",{"t":"idOrVar","v":"n"},"個"],"many":[{"t":"idOrVar","v":"name"},"、他",{"t":"idOrVar","v":"n"},"個"],"other":[{"t":"idOrVar","v":"name"},"、他",{"t":"idOrVar","v":"n"},"個"]},"$x":[{"t":"idOrVar","v":"plural"},"n"]},{"$i":"device-status-tap-connect","$v":"タップして接続"},{"$i":"device-status-pairing","$v":"ペアリング中…"},{"$i":"device-status-waiting","$v":"接続待機中…"},{"$i":"device-status-paired","$v":"ペア設定済み"},{"$i":"device-status-connecting","$v":"接続中…"},{"$i":"device-status-connected","$v":"接続済み"},{"$i":"device-status-connected-media","$v":"メディアの音声出力に接続しました"},{"$i":"device-option-unpair","$v":"ペアリング解除"},{"$i":"device-option-confirm","$v":"確認"},{"$i":"device-option-unpair-confirmation","$v":"解除確認"},{"$i":"device-option-unpair-device","$v":"ペアリングを解除しますか？"},{"$i":"device-option-connect","$v":"接続"},{"$i":"device-option-disconnect","$v":"切断"},{"$i":"search-for-device","$v":"デバイスを検索中…"},{"$i":"search-device","$v":"デバイスを検索"},{"$i":"rename-device","$v":"端末名を変更"},{"$i":"unnamed-device","$v":"不明なデバイス"},{"$i":"change-phone-name-desc","$v":"コンピュータに表示される端末名を変更します"},{"$i":"bluetooth-new-name","$v":"新しい名前"},{"$i":"error-pair-title","$v":"ペアリングできません"},{"$i":"error-pair-pincode","$v":"このデバイスとペアリングできません。PIN コードが正しいか確認してください。"},{"$i":"error-pair-toofast","$v":"このデバイスとペアリングできません。 要求が多すぎます。"},{"$i":"error-connect-title","$v":"デバイスと接続できません"},{"$i":"error-connect-msg","$v":"接続対象のデバイスが通信範囲内にあり、Bluetooth が ON になっているか確認してください。"},{"$i":"unpair-title","$v":"ペアリングを解除しますか？"},{"$i":"unpair-msg","$v":"現在このデバイスと接続されています。ペアリング解除するとデバイスから切断されます。"},{"$i":"nfc","$v":"NFC"},{"$i":"SSIDCannotBeEmpty","$v":"SSID を指定してください"},{"$i":"internetSharing","$v":"インターネット共有"},{"$i":"internetSharing-header","$v":[{"t":"idOrVar","v":"internetSharing"}]},{"$i":"internetSharing-usb","$v":"USB"},{"$i":"internetSharing-wifi","$v":"Wi-Fi"},{"$i":"wifi-hotspot","$v":"Wi-Fi テザリング"},{"$i":"wifi-name","$v":"ネットワーク名"},{"$i":"wifi-password","$v":"パスワード"},{"$i":"wifi-security","$v":"セキュリティ"},{"$i":"usb-tethering","$v":"USB テザリング"},{"$i":"hotspotSettings","$v":"アクセスポイント設定"},{"$i":"wifi-auth-username","$v":"ユーザ名"},{"$i":"wifi-auth-password","$v":"パスワード"},{"$i":"wifi-join-username","$v":"ユーザ名"},{"$i":"wifi-join-password","$v":"パスワード"},{"$i":"hotspotSettings-header","$v":"アクセスポイント"},{"$i":"ssid-name","$v":"SSID ネットワーク名"},{"$i":"hotspot-open","$v":"オープン"},{"$i":"hotspot-wpa-psk","innerHTML":"WPA (TKIP)"},{"$i":"hotspot-wpa2-psk","innerHTML":"WPA2 (AES)"},{"$i":"hotspot-password-desc","$v":"パスワードは8文字以上でなければなりません。"},{"$i":"personalization","$v":"個人設定"},{"$i":"sound","$v":"サウンド"},{"$i":"sound-header","$v":[{"t":"idOrVar","v":"sound"}]},{"$i":"volume","$v":"音量"},{"$i":"tones","$v":"音色"},{"$i":"touch-tones","$v":"可聴タッチ音"},{"$i":"touch-tone-short","$v":"短い"},{"$i":"touch-tone-long","$v":"長い"},{"$i":"select-tone","$v":"音色の選択"},{"$i":"ringtones","$v":"着信音"},{"$i":"alerts","$v":"通知音"},{"$i":"manage-tones","$v":"音色の管理"},{"$i":"other-sounds","$v":"他のサウンド"},{"$i":"unlock-screen","$v":"画面ロック解除"},{"$i":"camera","$v":"カメラ"},{"$i":"sent-message","$v":"メッセージ送信"},{"$i":"alarm-sound","$v":"アラーム"},{"$i":"ringtone-and-notification-sound","$v":"着信音と通知音"},{"$i":"media-sound","$v":"メディア"},{"$i":"saving-tone","$v":"保存中…"},{"$i":"no-ringtone-app","$v":"着信音を管理する着信音アプリが見つかりませんでした！"},{"$i":"display","$v":"画面表示"},{"$i":"display-header","$v":[{"t":"idOrVar","v":"display"}]},{"$i":"brightness","$v":"画面の明るさ"},{"$i":"brightness-autoAdjust","$v":"明るさを自動調整"},{"$i":"lockScreen","$v":"ロック画面"},{"$i":"wallpaper","$v":"壁紙"},{"$i":"screen-timeout","$v":"画面のタイムアウト"},{"$i":"one-minute","$v":"1分"},{"$i":"two-minutes","$v":"2分"},{"$i":"five-minutes","$v":"5分"},{"$i":"ten-minutes","$v":"10分"},{"$i":"never","$v":"設定しない"},{"$i":"lock-orientation","$v":"画面の向きをロック"},{"$i":"navigation","$v":"ナビゲーション"},{"$i":"navigation-header","$v":[{"t":"idOrVar","v":"navigation"}]},{"$i":"edge-swipe-navigation","$v":"エッジスワイプ操作"},{"$i":"edge-swipe-navigation-enable-msg","$v":"画面端を左または右からスワイプしてアプリ間を移動します。"},{"$i":"notifications","$v":"通知"},{"$i":"notifications-header","$v":[{"t":"idOrVar","v":"notifications"}]},{"$i":"lockscreen-notifications","$v":"ロック画面に表示"},{"$i":"notifications-resend","$v":"再起動後に表示"},{"$i":"dateAndTime","$v":"日付と時刻"},{"$i":"dateAndTime-header","$v":[{"t":"idOrVar","v":"dateAndTime"}]},{"$i":"setTimeAutomatically","$v":"自動設定"},{"$i":"setTimeManually","$v":"手動設定"},{"$i":"timezoneMessage","$v":"タイムゾーン"},{"$i":"dateMessage","$v":"日付"},{"$i":"timeMessage","$v":"時刻"},{"$i":"selectTimezoneContinent","$v":"地域の選択"},{"$i":"selectTimezone","$v":"タイムゾーンの選択"},{"$i":"time-format","$v":"書式"},{"$i":"time-format-time","$v":"時刻の表記"},{"$i":"hour-12","$v":"12 時間"},{"$i":"hour-24","$v":"24 時間"},{"$i":"languageAndRegion","$v":"言語と地域"},{"$i":"language","$v":"言語"},{"$i":"language-header","$v":[{"t":"idOrVar","v":"language"}]},{"$i":"region","$v":"地域"},{"$i":"more-languages","$v":"Get More Languages"},{"$i":"sample-format","$v":"書式サンプル"},{"$i":"longDateFormat","$v":"%Y年%B%e日 %A"},{"$i":"simManager","$v":"SIM マネージャ"},{"$i":"simManager-header","$v":[{"t":"idOrVar","v":"simManager"}]},{"$i":"simSettings","$v":"SIM 設定"},{"$i":"sim-manager-outgoing-calls","$v":"通話の発信"},{"$i":"sim-manager-outgoing-call-desc","$v":"通話の発信元"},{"$i":"sim-manager-outgoing-messages","$v":"ショートメッセージの送信"},{"$i":"sim-manager-outgoing-messages-desc","$v":"SMS の送信元"},{"$i":"sim-manager-outgoing-data","$v":"データ通信"},{"$i":"sim-manager-outgoing-data-description","$v":"データ通信サービスと Marketplace の支払い"},{"$i":"sim-manager-always-ask","$v":"常に尋ねる"},{"$i":"sim-pin-locked","$v":"SIM PIN コードでロックされています"},{"$i":"no-operator","$v":"通信事業サービスなし"},{"$i":"cant-disable-simcard-alert","$v":"アクティベートされた SIM が必要です"},{"$i":"disable-simcard-confirm","$v":["SIM ",{"t":"idOrVar","v":"disableCardIndex"}," は通話やメッセージの受信ができません。SIM ",{"t":"idOrVar","v":"disableCardIndex"}," にセットされた通話の発信とメッセージの送信は無効化されます。"]},{"$i":"change-outgoing-data-confirm","$v":"現在のデータ通信は一時中断されます。処理を続行しますか？"},{"$i":"homescreen","$v":"ホーム画面"},{"$i":"vertical-homescreen-header","$v":"ホーム画面"},{"$i":"vertical-homescreen-layout","$v":"レイアウト"},{"$i":"vertical-homescreen-icon-layout","$v":"アイコンのレイアウト"},{"$i":"vertical-homescreen-three-columns","$v":"3列表示"},{"$i":"vertical-homescreen-four-columns","$v":"4列表示"},{"$i":"notice","$v":"通知"},{"$i":"search","$v":"検索"},{"$i":"search-header","$v":"検索"},{"$i":"search-engine","$v":"検索エンジン"},{"$i":"search-suggestions","$v":"検索候補"},{"$i":"search-suggestions-description","$v":"入力した検索語は複数の検索プロバイダに送信され、検索候補の表示に使用されます。この機能を使用すると追加のデータ通信料金がかかる可能性があります。"},{"$i":"homescreens","$v":"ホーム画面"},{"$i":"homescreens-header","$v":[{"t":"idOrVar","v":"homescreens"}]},{"$i":"changeHomescreen","$v":"ホーム画面の変更"},{"$i":"changeHomescreenButton","$v":"変更"},{"$i":"description","$v":"説明"},{"$i":"keyboardSettings","$v":"キーボード設定"},{"$i":"selectedKeyboards","$v":"使用中のキーボード"},{"$i":"keyboards","$v":"キーボード"},{"$i":"keyboards-header","$v":[{"t":"idOrVar","v":"keyboards"}]},{"$i":"numberKeyboardLayouts","$v":"テンキーレイアウト"},{"$i":"optionKeyboardLayouts","$v":"オプションレイアウト"},{"$i":"keypad","$v":"キーパッド"},{"$i":"dialpad","$v":"ダイヤルパッド"},{"$i":"selectKeyboards","$v":"キーボード選択"},{"$i":"selectKeyboards-header","$v":[{"t":"idOrVar","v":"selectKeyboards"}]},{"$i":"mustHaveOneKeyboard","$v":[{"t":"idOrVar","v":"type"},"入力用キーボードを選択してください"]},{"$i":"keyboardType-text","$v":"テキスト"},{"$i":"keyboardType-url","$v":"URL "},{"$i":"keyboardType-number","$v":"数字"},{"$i":"defaultKeyboardEnabled","$v":[{"t":"idOrVar","v":"appName"}," ",{"t":"idOrVar","v":"layoutName"}," を既定の入力方式に設定しました"]},{"$i":"themes","$v":"テーマ"},{"$i":"themes-header","$v":[{"t":"idOrVar","v":"themes"}]},{"$i":"fxa","$v":"Firefox アカウント"},{"$i":"accounts","$v":"アカウント管理"},{"$i":"fxa-accounts","$v":"Firefox アカウント"},{"$i":"fxa-accounts-header","$v":[{"t":"idOrVar","v":"fxa-accounts"}]},{"$i":"fxa-overview","$v":"Firefox アカウントで Find My Device などの機能や Firefox Marketplace などのアプリを使えます。"},{"$i":"fxa-invitation","$v":"アカウント作成またはサインイン"},{"$i":"fxa-confirm-account","$v":"アカウントの確認"},{"$i":"fxa-verification-email-sent-msg","$v":["アカウント確認のメールを送信します: ",{"t":"idOrVar","v":"email"}]},{"$i":"fxa-please-verify","$v":"メールに書かれた認証リンクをクリックしてアカウントを確認してください。"},{"$i":"fxa-cancel-confirmation","$v":"アカウント確認をキャンセル"},{"$i":"fxa-resend-alert","$v":["認証リンクが ",{"t":"idOrVar","v":"email"}," に送信されました。"]},{"$i":"fxa-dont-see-email","$v":["メールが届かない場合は、",{"t":"idOrVar","v":"resend"}," してください。"]},{"$i":"fxa-resend","$v":"再送信"},{"$i":"fxa-about","$v":"Firefox アカウントについて"},{"$i":"fxa-logged-in-text","$v":[{"t":"idOrVar","v":"email"}," でサインインしました"]},{"$i":"fxa-signed-in-header","$v":"サインイン"},{"$i":"fxa-marketplace-app","$v":"Marketplace"},{"$i":"fxa-find-my-device-app","$v":"Find My Device"},{"$i":"fxa-options","$v":"オプション"},{"$i":"fxa-sign-out","$v":"サインアウト"},{"$i":"fxa-confirm-email","$v":[{"t":"idOrVar","v":"email"}," を確認してください"]},{"$i":"findmydevice","$v":"Find My Device"},{"$i":"findmydevice-create-account","$v":"アカウント作成 / サインイン"},{"$i":"findmydevice-enable","$v":"Find My Device"},{"$i":"findmydevice-about","$v":"Find My Device について"},{"$i":"findmydevice-enable-geolocation-prompt","$v":"位置情報を有効にしますか？"},{"$i":"findmydevice-enable-geolocation-description","$v":"端末の位置を確認するには、位置情報を ON にしてください。"},{"$i":"findmydevice-geolocation-enabled","$v":"位置情報が有効です"},{"$i":"findmydevice-enable-network","$v":"この端末は現在オフラインです。ネットワークに接続して再度試してください。"},{"$i":"findmydevice-error","$v":"Find My Device にエラーが発生しました。"},{"$i":"findmydevice-please-try","$v":"再度試してください。"},{"$i":"findmydevice-please-tap","$v":"タップして再度試してください。"},{"$i":"privacyAndSecurity","$v":"プライバシーとセキュリティ"},{"$i":"passcode-lock","$v":"パスコードロック"},{"$i":"passcode-lock-desc","$v":["パスコード: ",{"t":"idOrVar","v":"code"}]},{"$i":"screenLock","$v":"画面ロック"},{"$i":"screenLock-header","$v":[{"t":"idOrVar","v":"screenLock"}]},{"$i":"simSecurity","$v":"SIM カードロック"},{"$i":"simSecurity-header","$v":[{"t":"idOrVar","v":"simSecurity"}]},{"$i":"appPermissions","$v":"アプリの許可設定"},{"$i":"appPermissions-header","$v":[{"t":"idOrVar","v":"appPermissions"}]},{"$i":"author","$v":"作者"},{"$i":"permissions","$v":"許可設定"},{"$i":"revoke","$v":"取り消す"},{"$i":"ask","$v":"確認する"},{"$i":"deny","$v":"拒否する"},{"$i":"allow","$v":"許可する"},{"$i":"uninstallApp","$v":"アプリをアンインストール"},{"$i":"phone","$v":"端末"},{"$i":"messages","$v":"メッセージ"},{"$i":"vibrate","$v":"バイブレーション"},{"$i":"ring","$v":"着信音"},{"$i":"change","$v":"変更"},{"$i":"create","$v":"作成"},{"$i":"create-a-passcode","$v":"パスコード作成"},{"$i":"passcode","$v":"パスコード"},{"$i":"passcode-heading","$v":"パスコード"},{"$i":"enter-passcode","$v":"パスコードを入力してください"},{"$i":"new-passcode","$v":"新しいパスコード"},{"$i":"current-passcode","$v":"現在のパスコード"},{"$i":"incorrect-passcode","$v":"パスコードが正しくありません"},{"$i":"passcode-doesnt-match","$v":"確認のパスコードが一致しません"},{"$i":"confirm-passcode","$v":"パスコード (確認)"},{"$i":"immediately","$v":"今すぐ"},{"$i":"after-one-minute","$v":"1分後"},{"$i":"after-five-minutes","$v":"5分後"},{"$i":"after-fifteen-minutes","$v":"15分後"},{"$i":"after-thirty-minutes","$v":"30分後"},{"$i":"after-one-hour","$v":"1時間後"},{"$i":"require-passcode","$v":"パスコード要求"},{"$i":"change-passcode","$v":"パスコード変更"},{"$i":"noSimCard","$v":"SIM カードが挿入されていません"},{"$i":"simPin","$v":"SIM PIN コード"},{"$i":"simPin2","$v":"SIM PIN2 コード"},{"$i":"simPinWithIndex","$v":["SIM",{"t":"idOrVar","v":"index"}," PIN コード"]},{"$i":"pukCode","$v":"PIN ロック解除コード"},{"$i":"puk2Code","$v":"PIN2 ロック解除コード"},{"$i":"whatIsSimPin","$v":"SIM カードロックとは"},{"$i":"simPinIntro1","$v":"SIM カードロック設定を有効にした場合、携帯電話の再起動時に SIM カードロックの解除が求められます。解除されるまで携帯電話はネットワークに接続されません。"},{"$i":"simPinIntro2","$v":"SIM PIN コードは端末のロック解除に使用するパスコードとは異なります。"},{"$i":"changeSimPin","$v":"SIM PIN コードの変更"},{"$i":"simPinChangedSuccessfully","$v":"SIM PIN コードが変更されました"},{"$i":"simPinChangedSuccessfullyWithIndex","$v":["SIM",{"t":"idOrVar","v":"index"}," PIN コードが変更されました"]},{"$i":"pinTitle","$v":"SIM PIN を入力"},{"$i":"pin2Title","$v":"SIM PIN2 を入力"},{"$i":"pukTitle","$v":"PIN ロック解除コードを入力"},{"$i":"puk2Title","$v":"PIN2 ロック解除コードを入力"},{"$i":"newpinTitle","$v":"新しい SIM PIN コード"},{"$i":"inputCodeRetriesLeft","$v":{"one":"残り1回","two":["残り",{"t":"idOrVar","v":"n"},"回"],"few":["残り",{"t":"idOrVar","v":"n"},"回"],"many":["残り",{"t":"idOrVar","v":"n"},"回"],"other":["残り",{"t":"idOrVar","v":"n"},"回"]},"$x":[{"t":"idOrVar","v":"plural"},"n"]},{"$i":"pinAttemptMsg3","$v":{"one":"残り1回です。SIM カードがロックされる前に正しいコードを入力してください。","two":["残り",{"t":"idOrVar","v":"n"},"回です。SIM カードがロックされる前に正しいコードを入力してください。"],"few":["残り",{"t":"idOrVar","v":"n"},"回です。SIM カードがロックされる前に正しいコードを入力してください。"],"many":["残り",{"t":"idOrVar","v":"n"},"回です。SIM カードがロックされる前に正しいコードを入力してください。"],"other":["残り",{"t":"idOrVar","v":"n"},"回です。SIM カードがロックされる前に正しいコードを入力してください。"]},"$x":[{"t":"idOrVar","v":"plural"},"n"]},{"$i":"pinLastChanceMsg","$v":"これが最後の PIN コード入力となります。失敗すると、この SIM カードを使用するときに PIN ロックの解除が必要となります。"},{"$i":"simCardLockedMsg","$v":"この SIM カードはロックされています。"},{"$i":"simCardBlockedMsg","$v":"この SIM カードはブロックされています。"},{"$i":"enterPukMsg","$v":"使用するには PIN ロック解除コード (PUK コード) が必要です。詳しい情報は、ご利用の携帯通信事業者にお問い合わせください。"},{"$i":"enterPuk2Msg","$v":"使用するには PIN2 ロック解除コード (PUK2 コード) が必要です。詳しい情報は、ご利用の携帯通信事業者にお問い合わせください。"},{"$i":"pukErrorMsg","$v":"PIN ロック解除コードが正しくありません。"},{"$i":"pukAttemptMsg3","$v":{"one":"残り1回です。SIM カードが永久に使用不可になる前に正しいコードを入力してください。詳しい情報は、SIM カードの取扱説明書を参照するか、ご利用の携帯通信事業者にお問い合わせください。","two":["残り",{"t":"idOrVar","v":"n"},"回です。SIM カードが永久に使用不可になる前に正しいコードを入力してください。詳しい情報は、SIM カードの取扱説明書を参照するか、ご利用の携帯通信事業者にお問い合わせください。"],"few":["残り",{"t":"idOrVar","v":"n"},"回です。SIM カードが永久に使用不可になる前に正しいコードを入力してください。詳しい情報は、SIM カードの取扱説明書を参照するか、ご利用の携帯通信事業者にお問い合わせください。"],"many":["残り",{"t":"idOrVar","v":"n"},"回です。SIM カードが永久に使用不可になる前に正しいコードを入力してください。詳しい情報は、SIM カードの取扱説明書を参照するか、ご利用の携帯通信事業者にお問い合わせください。"],"other":["残り",{"t":"idOrVar","v":"n"},"回です。SIM カードが永久に使用不可になる前に正しいコードを入力してください。詳しい情報は、SIM カードの取扱説明書を参照するか、ご利用の携帯通信事業者にお問い合わせください。"]},"$x":[{"t":"idOrVar","v":"plural"},"n"]},{"$i":"pukLastChanceMsg","$v":"正しい PIN ロック解除コードを入力できるのはこれが最後です。入力に失敗した場合、この SIM カードは永久に使用できなくなります。詳しい情報は、SIM カードの取扱説明書を参照するか、ご利用の携帯通信事業者にお問い合わせください。"},{"$i":"newSimPinMsg","$v":"PIN コードを入力してください (4～8桁)"},{"$i":"newSimPin2Msg","$v":"PIN2 コードを入力してください (4～8桁)"},{"$i":"confirmNewSimPinMsg","$v":"新しい PIN コードの確認"},{"$i":"confirmNewSimPin2Msg","$v":"新しい PIN2 コードの確認"},{"$i":"newPinErrorMsg","$v":"PIN コードが一致しません"},{"$i":"simLockedPhone","$v":"SIM ロックされた携帯電話"},{"$i":"unknownSimCardState","$v":"未知の SIM カード状態"},{"$i":"simCardNotReady","$v":"SIM カードが未挿入です"},{"$i":"simCardIllegal","$v":"未認証の SIM カードです"},{"$i":"doNotTrack","$v":"追跡拒否"},{"$i":"doNotTrack-header","$v":[{"t":"idOrVar","v":"doNotTrack"}]},{"$i":"doNotTrackActions","$v":"追跡拒否を Web サイトとアプリに通知する"},{"$i":"allowTracking","$v":"追跡許可を Web サイトとアプリに通知する"},{"$i":"doNotHavePrefOnTracking","$v":"追跡に関する設定は Web サイトとアプリに一切通知しない"},{"$i":"doNotTrack-dt","$v":"追跡拒否機能の動作"},{"$i":"doNotTrack-dd1","$v":"追跡拒否機能を ON にすると、すべての Web サイトとアプリ (広告企業や他のコンテンツプロバイダを含む) に行動追跡の拒否が通知されます。"},{"$i":"doNotTrack-dd2","$v":"追跡拒否機能を ON にしても Web サイトへのログインに影響したり、ショッピングカートの内容や位置情報、ログイン情報などの個人情報が失われたりすることはありません。"},{"$i":"browsingPrivacy","$v":"Web プライバシー"},{"$i":"browsingPrivacy-header","$v":[{"t":"idOrVar","v":"browsingPrivacy"}]},{"$i":"confirm-clear-title","$v":"確認"},{"$i":"clear-browsing-history","$v":"ブラウズ履歴を消去"},{"$i":"confirm-clear-browsing-history","$v":"ブラウズ履歴を消去しますか？"},{"$i":"clear-cookies-and-stored-data","$v":"Cookie と保存データを消去"},{"$i":"confirm-clear-cookies-and-stored-data","$v":"サイトがこの端末に保存した Cookie と他のデータを消去しますか？"},{"$i":"clear","$v":"消去"},{"$i":"privacy-controls","$v":"Privacy Controls"},{"$i":"no-privacy-panel","$v":"No privacy panel app found"},{"$i":"storage","$v":"ストレージ"},{"$i":"enableUSBStorage1","$v":"USB ストレージ"},{"$i":"umsUnplugToDisable","$v":"無効にするには USB ケーブルを抜いてください"},{"$i":"appStorage","$v":"アプリ用ストレージ"},{"$i":"appStorage-header","$v":[{"t":"idOrVar","v":"appStorage"}]},{"$i":"storageSize","$v":[{"t":"idOrVar","v":"size"},{"t":"idOrVar","v":"unit"}]},{"$i":"availableSize","$v":{"zero":[{"t":"idOrVar","v":"size"},{"t":"idOrVar","v":"unit"}," 利用可能"],"one":[{"t":"idOrVar","v":"size"},{"t":"idOrVar","v":"unit"}," 利用可能"],"two":[{"t":"idOrVar","v":"size"},{"t":"idOrVar","v":"unit"}," 利用可能"],"few":[{"t":"idOrVar","v":"size"},{"t":"idOrVar","v":"unit"}," 利用可能"],"many":[{"t":"idOrVar","v":"size"},{"t":"idOrVar","v":"unit"}," 利用可能"],"other":[{"t":"idOrVar","v":"size"},{"t":"idOrVar","v":"unit"}," 利用可能"]},"$x":[{"t":"idOrVar","v":"plural"},"size"]},{"$i":"apps-total-space","$v":"合計サイズ"},{"$i":"apps-used-space","$v":"使用中"},{"$i":"apps-free-space","$v":"残り"},{"$i":"storage-details","$v":"写真と動画、音楽はアプリと別の場所に格納されます。詳細はメディア用ストレージの設定をご覧ください。"},{"$i":"ums-shared-volumes","$v":[{"t":"idOrVar","v":"list"}," 共有中"]},{"$i":"transferProtocol-header","$v":"転送プロトコル"},{"$i":"protocol-mtp","$v":"メディア転送プロトコル (MTP)"},{"$i":"protocol-ums","$v":"USB マスストレージ (UMS)"},{"$i":"mediaStorage","$v":"メディア用ストレージ"},{"$i":"mediaStorage-header","$v":[{"t":"idOrVar","v":"mediaStorage"}]},{"$i":"storage-name-internal","$v":"内部ストレージ"},{"$i":"storage-name-external-0","$v":"SD カードストレージ"},{"$i":"storage-name-external-1","$v":"SD カードストレージ2"},{"$i":"short-storage-name-internal","$v":"内部"},{"$i":"short-storage-name-external-0","$v":"SD カード"},{"$i":"short-storage-name-external-1","$v":"SD カード2"},{"$i":"music-space","$v":"音楽"},{"$i":"pictures-space","$v":"写真"},{"$i":"videos-space","$v":"動画"},{"$i":"left-space","$v":"残り領域"},{"$i":"free-space","$v":"空き領域"},{"$i":"total-space","$v":"領域合計"},{"$i":"size-not-available","$v":"利用不可"},{"$i":"no-storage","$v":"ストレージが見つかりません"},{"$i":"advanced","$v":"詳細"},{"$i":"ums-warning-title","$v":"USB ストレージを有効にしますか？"},{"$i":"default-media-location","$v":"既定のメディアの場所"},{"$i":"default-media-location-msg","$v":"写真や動画、音楽、ダウンロードしたファイルを格納する既定の場所を選択してください。"},{"$i":"change-default-media-location-confirmation","$v":"既定のメディアストレージの場所を変更すると、すべてのメディアの既定の保存場所が変更されます。既存のデータは現在の場所に残ります。変更してもよろしいですか？"},{"$i":"eject-sdcard-external-0","$v":"SD カードを取り出す"},{"$i":"eject-sdcard-external-1","$v":"SD カード2を取り出す"},{"$i":"format-sdcard-internal","$v":"内部ストレージを初期化"},{"$i":"format-sdcard-external-0","$v":"SD カードを初期化"},{"$i":"format-sdcard-external-1","$v":"SD カード2を初期化"},{"$i":"formatting","$v":"初期化中…"},{"$i":"unmount-sdcard-confirmation","$v":"アンマウントすると、SD カードに保存したコンテンツにアクセスできなくなります。アンマウントしてもよろしいですか？"},{"$i":"format-sdcard-title","$v":"SD カードの初期化"},{"$i":"format-sdcard-message","$v":"SD カードに保存された音楽や写真などのすべてのデータが消去されます。"},{"$i":"format-sdcard-internal-title","$v":"内部ストレージの初期化"},{"$i":"format-sdcard-internal-message","$v":"内部ストレージに保存された音楽や写真などのすべてのデータが消去されます。"},{"$i":"format-sdcard-btnformat","$v":"初期化"},{"$i":"sdcardUnmounted","$v":"SD カードをアンマウントしました"},{"$i":"device","$v":"端末"},{"$i":"help","$v":"ヘルプ"},{"$i":"deviceInfo","$v":"端末情報"},{"$i":"deviceInfo-header","$v":[{"t":"idOrVar","v":"deviceInfo"}]},{"$i":"deviceInfo-IMEI","$v":"IMEI"},{"$i":"deviceInfo-ICCID","$v":"ICCID"},{"$i":"deviceInfo-MSISDN","$v":"電話番号"},{"$i":"deviceInfo-ICCID-unavailable-sim","$v":["SIM ",{"t":"idOrVar","v":"index"},": 使用不可"]},{"$i":"downloads","$v":"ダウンロードリスト"},{"$i":"downloads-header","$v":[{"t":"idOrVar","v":"downloads"}]},{"$i":"unknown-phoneNumber","$v":"番号不明"},{"$i":"unknown-phoneNumber-sim","$v":["SIM ",{"t":"idOrVar","v":"index"},": 不明"]},{"$i":"gitInfo","$v":"Gitコミット情報"},{"$i":"developer","$v":"開発者"},{"$i":"developer-header","$v":[{"t":"idOrVar","v":"developer"}]},{"$i":"hud-settings-button","$v":"開発者 HUD"},{"$i":"hud-settings-header","$v":[{"t":"idOrVar","v":"hud-settings-button"}]},{"$i":"hud-devtools","$v":"開発者ツール"},{"$i":"hud-devtools-header","$v":[{"t":"idOrVar","v":"hud-devtools"}]},{"$i":"hud-logging","$v":"ADBでの変更を記録"},{"$i":"hud-system","$v":"システムHUDを表示"},{"$i":"hud-problems","$v":"問題発生"},{"$i":"hud-warnings","$v":"警告"},{"$i":"hud-errors","$v":"エラー"},{"$i":"hud-security","$v":"セキュリティ問題"},{"$i":"hud-performance","$v":"パフォーマンス"},{"$i":"hud-reflows","$v":"リフロー"},{"$i":"hud-jank","$v":"Jank"},{"$i":"jank-threshold","$v":"Jank閾値"},{"$i":"hud-fps","$v":"フレーム毎秒"},{"$i":"hud-ttl","$v":"起動時間"},{"$i":"hud-memory","$v":"メモリー"},{"$i":"hud-uss","$v":"ユニークセットサイズ"},{"$i":"hud-appmemory","$v":"アプリのメモリー"},{"$i":"hud-jsobjects","$v":"JSオブジェクト"},{"$i":"hud-jsstrings","$v":"JS文字列"},{"$i":"hud-jsother","$v":"JSその他"},{"$i":"hud-dom","$v":"DOM"},{"$i":"hud-style","$v":"スタイル"},{"$i":"hud-other","$v":"その他"},{"$i":"software","$v":"ソフトウェア"},{"$i":"devSettings","$v":"開発者向け設定"},{"$i":"debug","$v":"デバッグ"},{"$i":"developer-menu","$v":"開発者メニュー"},{"$i":"developer-tools","$v":"開発者ツール"},{"$i":"graphics","$v":"グラフィック"},{"$i":"hardware-composer","$v":"ハードウェアコンポーザ"},{"$i":"paint-flashing","$v":"再描画領域をフラッシュ"},{"$i":"dumps-layers","$v":"レイヤツリーをダンプ出力"},{"$i":"dumps-layerscope","$v":"レイヤスコープをダンプ出力"},{"$i":"apz-overscroll","$v":"オーバースクロール"},{"$i":"tiling","$v":"タイル分割"},{"$i":"low-precision","$v":"低精度描画"},{"$i":"low-opacity","$v":"低精度透過"},{"$i":"draw-tile-borders","$v":"タイル境界線を描画"},{"$i":"draw-layer-borders","$v":"レイヤ境界線を描画"},{"$i":"log-animations","$v":"遅いアニメーションを記録"},{"$i":"remote-debugging-usb","$v":"USB経由のデバッグ"},{"$i":"dev-tools-wifi","$v":"Wi-Fi経由の開発ツール"},{"$i":"dev-tools-qps","$v":"擬似ローカライズ"},{"$i":"debugger-disabled","$v":"無効"},{"$i":"debugger-adb-only","$v":"ADBのみ"},{"$i":"debugger-adb-and-devtools","$v":"ADBと開発ツール"},{"$i":"wifi-debugging","$v":"Wi-Fi情報をADBに出力"},{"$i":"bluetooth-debugging","$v":"Bluetooth情報をADBに出力"},{"$i":"bluetooth-snoop-debugging","$v":"Bluetooth HCI sniffing logs to sdcard"},{"$i":"nfc-debugging","$v":"NFC情報をADBに出力"},{"$i":"ril-debugging","$v":"RIL output in ADB"},{"$i":"console-enabled","$v":"コンソールを有効化"},{"$i":"cards-view-screenshots","$v":"カードビュー: 画面撮影"},{"$i":"geolocation-debugging-enabled","$v":"位置情報をADBに出力"},{"$i":"geolocation-debugging-gps-locations-ignored","$v":"GPS位置情報を無視"},{"$i":"use-reviewer-certs","$v":"Marketplaceレビュア証明書を使用"},{"$i":"shake-to-log","$v":"揺動でシステムログを保存"},{"$i":"model-name","$v":"型番"},{"$i":"os-version","$v":"OS バージョン"},{"$i":"firmware_revision","$v":"ファームウェアリビジョン"},{"$i":"hardware_revision","$v":"ハードウェアリビジョン"},{"$i":"platform_version","$v":"プラットフォームバージョン"},{"$i":"build-id","$v":"ビルド ID"},{"$i":"update-channel","$v":"更新チャンネル"},{"$i":"build_number","$v":"ビルド番号"},{"$i":"update-url","$v":"更新URL"},{"$i":"last-updated","$v":"最終更新日"},{"$i":"more-info","$v":"その他の情報"},{"$i":"more-info-header","$v":[{"t":"idOrVar","v":"more-info"}]},{"$i":"softwareUpdates","$v":"ソフトウェアの更新"},{"$i":"check-update-daily","$v":"毎日"},{"$i":"check-update-weekly","$v":"毎週"},{"$i":"check-update-monthly","$v":"毎月"},{"$i":"check-for-updates","$v":"更新の確認"},{"$i":"check-update-now","$v":"今すぐ確認"},{"$i":"update-status","$v":"更新状態"},{"$i":"no-network-when-update","$v":"更新するにはインターネットに接続してください。"},{"$i":"checking-for-update","$v":"更新の確認中…"},{"$i":"no-updates","$v":"更新が見つかりませんでした"},{"$i":"retry-when-online","$v":"ネットワークがオフラインです。オンライン時に更新が確認されます。"},{"$i":"already-latest-version","$v":["最新バージョンの ",{"t":"idOrVar","v":"brandShortName"}," です"]},{"$i":"check-error","$v":"更新の確認時にエラーが発生しました。"},{"$i":"aboutBrowserOS","$v":[{"t":"idOrVar","v":"brandShortName"}," について"]},{"$i":"browser-os-desc","$v":[{"t":"idOrVar","v":"brandShortName"}," は Mozilla が開発した無料でオープンソースのオペレーティングシステムです。私たちの使命は、Web の活力をあなたの手に委ねることによって、オープン性と革新、機会を促進することです。"]},{"$i":"learn-more","$v":"詳細情報"},{"$i":"reset-head","$v":"リセット"},{"$i":"reset-warning-title","$v":"警告"},{"$i":"unlock-privileges","$v":"Unlock Privileges"},{"$i":"reset-devtools","$v":"Reset and enable full DevTools"},{"$i":"reset-devtools-warning-title","$v":"CAUTION"},{"$i":"your-rights","$v":"ユーザの権利"},{"$i":"your-rights-header","$v":[{"t":"idOrVar","v":"your-rights"}]},{"$i":"about-your-rights-0","$v":[{"t":"idOrVar","v":"brandShortName"}," は無料のオープンソースソフトウェアであり、世界中の多数のコミュニティによって開発されています。ご利用に際してはいくつか知っておいていただきたいことがあります:"]},{"$i":"about-your-rights-1","$v":[{"t":"idOrVar","v":"brandShortName"}," は、Mozilla Public License を含むいくつかのオープンソースライセンスの条項下で提供されます。ただし、",{"t":"idOrVar","v":"brandShortName"}," を実行している端末には、サードパーティから提供された独占的なソフトウェアが含まれていることがあります。あなたは、これらのオープンソースライセンスの条項下で提供されたコードを使用、複製、配布することができます。あなたはまた、Firefox のソースコードを必要に応じて修正することもできます。Mozilla Public License では、あなたが修正したバージョンを配布することも認めています。"]},{"$i":"about-your-rights-2","$v":["Mozilla Foundation とその関係団体の商標およびロゴについては、",{"t":"idOrVar","v":"brandShortName"}," の製品名およびロゴを含めこれに限定されず、何らの権利もあなたに与えるものではありません。"]},{"$i":"about-your-rights-3","$v":["クラッシュレポータなど ",{"t":"idOrVar","v":"brandShortName"}," の一部の機能には、Mozilla へフィードバックを送信するオプションがあります。あなたがフィードバックの送信を選択することにより、Mozilla がそのフィードバックを製品の改善および Mozilla Web サイトでの公開、配布のために使用する許可を Mozilla に与えるものとします。"]},{"$i":"about-legal-info","$v":"法的事項"},{"$i":"about-credit-info","$v":"クレジット"},{"$i":"about-legal-info-header","$v":[{"t":"idOrVar","v":"about-legal-info"}]},{"$i":"open-source-notices","$v":"オープンソース通知"},{"$i":"open-source-notices-header","$v":[{"t":"idOrVar","v":"open-source-notices"}]},{"$i":"obtaining-source-code","$v":"ソースコードを入手"},{"$i":"obtaining-source-code-header","$v":[{"t":"idOrVar","v":"obtaining-source-code"}]},{"$i":"about-mozilla","$v":"Mozilla"},{"$i":"about-other","$v":"その他"},{"$i":"your-privacy","$v":"ユーザのプライバシー"},{"$i":"your-privacy-header","$v":[{"t":"idOrVar","v":"your-privacy"}]},{"$i":"licensing-1","$v":"Binaries of this product have been made available to you by the Mozilla Project, under the Mozilla Public License 2.0 (MPL). Know your rights."},{"$i":"licensing-2","$v":"All of the source code to this product is available under licenses that are both free and open source. Most of it is available under the Mozilla Public License 2.0 (MPL)."},{"$i":"licensing-3","$v":"The remainder of the software that is not under the Mozilla Public License 2.0 MPL is available under one of a variety of other licenses. Those that require reproduction of the license text in the distribution are given below. (Note: Your copy of this product may not contain code covered by one or more of the licenses listed here, depending on the exact product and version you choose.)"},{"$i":"licensing-MPL","$v":"Mozilla Public License 2.0"},{"$i":"licensing-Apache","$v":"Apache License 2.0"},{"$i":"launch-ftu","$v":"はじめてガイドを起動"},{"$i":"no-ftu","$v":"はじめてガイドのアプリが見つかりませんでした"},{"$i":"software-home-button","$v":"ソフトウェアホームボタン"},{"$i":"home-gesture","$v":"ホームジェスチャ"},{"$i":"continuous-transition","$v":"リピート入力"},{"$i":"debug-gaia-enabled","$v":"Gaiaデバッグトレース"},{"$i":"showScreenReaderSettings","$v":"スクリーンリーダ設定の表示"},{"$i":"app-transition","$v":"アプリの切り替え効果"},{"$i":"app-suspending","$v":"アプリのサスペンド"},{"$i":"copypaste","$v":"Copy/paste"},{"$i":"verbose-app-permissions","$v":"アプリの許可設定詳細"},{"$i":"window-management","$v":"ウィンドウ管理"},{"$i":"downloads-edit","$v":"ダウンロード編集"},{"$i":"downloads-select-all","$v":"すべて選択"},{"$i":"downloads-deselect-all","$v":"選択をすべて解除"},{"$i":"downloads-delete","$v":"削除"},{"$i":"battery","$v":"電池"},{"$i":"battery-header","$v":[{"t":"idOrVar","v":"battery"}]},{"$i":"batteryLevel","$v":"電池残量"},{"$i":"batteryLevel-percent-unplugged","$v":[{"t":"idOrVar","v":"level"},"%"]},{"$i":"batteryLevel-percent-charging","$v":[{"t":"idOrVar","v":"level"},"% (充電中)"]},{"$i":"batteryLevel-percent-charged","$v":[{"t":"idOrVar","v":"level"},"% (充電完了)"]},{"$i":"powerSaveModeTitle","$v":"節電モード"},{"$i":"powerSaveMode","$v":"節電モード"},{"$i":"powerSave-threshold","$v":["電池残量 ",{"t":"idOrVar","v":"level"},"%"]},{"$i":"turnOnAuto","$v":"自動的に節電モードにする"},{"$i":"accessibility","$v":"ユーザ補助"},{"$i":"accessibility-header","$v":[{"t":"idOrVar","v":"accessibility"}]},{"$i":"screenReader","$v":"スクリーンリーダ"},{"$i":"screenReader-header","$v":[{"t":"idOrVar","v":"screenReader"}]},{"$i":"screenReader-toggle","$v":[{"t":"idOrVar","v":"screenReader"}]},{"$i":"colorFilter","$v":"カラーフィルタ"},{"$i":"colorFilter-header","$v":[{"t":"idOrVar","v":"colorFilter"}]},{"$i":"colorFilter-toggle","$v":[{"t":"idOrVar","v":"colorFilter"}]},{"$i":"screenReader-captions","$v":"読み上げ字幕を表示"},{"$i":"screenReader-enable-msg","$v":"スクリーンリーダを有効にすると、端末が弱視や全盲のユーザを支援する読み上げフィードバック機能を提供します。"},{"$i":"screen-reader-speech-volume","$v":"読み上げ音量"},{"$i":"screen-reader-speech-rate","$v":"読み上げ速度"},{"$i":"screenReader-confirm-title-start","$v":"スクリーンリーダを起動しますか？"},{"$i":"screenReader-confirm-description-start","$v":"スクリーンリーダの動作中はタッチ画面の動作が変更されます。画面をタッチすると、そのタッチした部分が読み上げられ、ダブルタップすると、通常のタップと同じ動作になります。"},{"$i":"screenReader-confirm-button-start","$v":"起動"},{"$i":"screenReader-confirm-title-stop","$v":"スクリーンリーダを停止しますか？"},{"$i":"screenReader-confirm-description-stop","$v":"スクリーンリーダを停止すると、すべての読み上げフィードバックが終了します。"},{"$i":"screenReader-confirm-button-stop","$v":"停止"},{"$i":"colorFilter-invert","$v":"色反転"},{"$i":"colorFilter-grayscale","$v":"グレースケール"},{"$i":"colorFilter-contrast","$v":"コントラスト"},{"$i":"improveBrowserOS","$v":[{"t":"idOrVar","v":"brandShortName"}," の改善"]},{"$i":"improveBrowserOSTitle","$v":[{"t":"idOrVar","v":"brandShortName"}," の改善"]},{"$i":"sendMozillaFeedback","$v":"Mozilla にフィードバックを送信"},{"$i":"performanceAndUsageData","$v":"パフォーマンスと使い方のデータ"},{"$i":"sharePerformanceAndUsageData","$v":"データを送信"},{"$i":"appUsageByRegion","$v":"App usage by region"},{"$i":"crashReports","$v":"クラッシュレポート"},{"$i":"crashReports-header","$v":[{"t":"idOrVar","v":"crashReports"}]},{"$i":"crashReportInfo","$v":"クラッシュ発生時にレポートを Mozilla に送信することにより問題の修正に役立てられます。レポートは Wi-Fi 経由でのみ送信されます。"},{"$i":"alwaysSendReport","$v":"常にレポートを送信する"},{"$i":"neverSendReport","$v":"レポートを送信しない"},{"$i":"askToSendReport2","$v":"毎回確認する"},{"$i":"crash-reports-description-1","$v":"クラッシュレポートには、クラッシュについての詳細とクラッシュ時の端末の状態のスナップショット情報が含まれます。"},{"$i":"crash-reports-description-2","$v":"これには、開いていたページやアプリ、フォームに入力したテキスト、オープンメッセージのコンテンツ、最近表示したページの履歴、オープンアプリに使用される位置情報などが含まれます。"},{"$i":"crash-reports-description-3-start","$v":"クラッシュレポートは、問題の修正や製品の改善のために使用されます。上記のあなたについての情報は、"},{"$i":"crash-reports-description-3-privacy","$v":"プライバシーポリシー"},{"$i":"crash-reports-description-3-end","$v":"に従って取り扱われます。"},{"$i":"sendFeedbackTitle","$v":"フィードバックの送信"},{"$i":"feedback-description","$v":"あなたのフィードバックが Firefox OS の改善に役立ちます。"},{"$i":"feedback-happy","$v":"満足"},{"$i":"feedback-sad","$v":"残念"},{"$i":"feedback-mood-description","$v":"Firefox OS のご感想は？"},{"$i":"feedback_whyfeel_happy","$v":"満足と感じた理由は？"},{"$i":"feedback_whyfeel_sad","$v":"残念と感じた理由は？"},{"$i":"feedback-mood-explain","$v":"詳しく教えてください。"},{"$i":"feedback-public-description","$v":"フィードバックした内容は公開されます。個人情報を含めないように注意してください。"},{"$i":"feedback-contactyou","$v":"開発者からの問い合わせに応じる場合は、ここにチェックを入れてください。"},{"$i":"email-address1","$v":"メールアドレス:"},{"$i":"email-keepprivate","$v":"メールアドレスは外部に一切公開しません。"},{"$i":"feedback-sendbtn","$v":"フィードバック送信"},{"$i":"feedback-errormessage-connect-error","$v":"申し訳ありません。データ通信エラーが発生したため、あなたのフィードバックを送信できませんでした。データ通信ができる環境で再度試してください。"},{"$i":"feedback-errormessage-server-off","$v":"申し訳ありません。サーバがシャットダウンしているため、あなたのフィードバックを送信できませんでした。しばらく経ってから再度試してください。"},{"$i":"feedback-errormessage-timeout","$v":"申し訳ありません。タイムアウトしたため、あなたのフィードバックを送信できませんでした。再起動して再度試してください。"},{"$i":"feedback-errormessage-wrong-email","$v":"申し訳ありません。メールアドレスが記入されていないか書式に誤りがあるため、あなたのフィードバックを送信できませんでした。正しいメールアドレスを記入して再度試してください。"},{"$i":"feedback-errormessage-empty-comment","$v":"申し訳ありません。コメントが記入されていないため、あなたのフィードバックを送信できませんでした。コメント欄に記入して再度試してください。"},{"$i":"feedback-errormessage-just-sent","$v":"申し訳ありません。フィードバックはすでに送信されているため、あなたのフィードバックを送信できませんでした。ソフトウェアの次回更新時に再度試してください。"},{"$i":"feedback-complete-msg","$v":"フィードバックありがとうございます！ あなたのフィードバックは、Firefox OS の将来の改善に役立てます。"},{"$i":"online-support","$v":"オンラインサポート:"},{"$i":"call-support","$v":"電話サポート:"},{"$i":"user-guide","$v":"ユーザガイド"},{"$i":"default-support","$v":"サポートについては、ご利用の携帯通信事業者にお問い合わせください。"},{"$i":"operatorServices","$v":"通信事業者サービス"},{"$i":"operatorServices-help","$v":"ヘルプ"},{"$i":"operatorServices-helpmenu","$v":"ヘルプメニュー"},{"$i":"stkAppsNotAvailable","$v":"SIM カードのアプリケーションが利用できません。"},{"$i":"simToolkit","$v":"SIM ツールキット"},{"$i":"stkItemsNaiSetUpCall","$v":"発信をセットアップします"},{"$i":"stkItemsNaiSendSs","$v":"SS を送信します"},{"$i":"stkItemsNaiSendUssd","$v":"USSD を送信します"},{"$i":"stkItemsNaiSendSms","$v":"SMS を送信します"},{"$i":"stkItemsNaiSendDtmf","$v":"DTMF を送信します"},{"$i":"stkItemsNaiLaunchBrowser","$v":"ブラウザを起動します"},{"$i":"stkItemsNaiPlayTone","$v":"音を鳴らします"},{"$i":"stkItemsNaiDisplayText","$v":"テキストを表示します"},{"$i":"stkItemsNaiGetInkey","$v":"Inkey を取得します"},{"$i":"stkItemsNaiGetInput","$v":"入力を取得します"},{"$i":"stkItemsNaiSelectItem","$v":"アイテムを選択します"},{"$i":"stkItemsNaiSetUpMenu","$v":"メニューをセットアップします"},{"$i":"stkItemsNaiProvideLocalInfo","$v":"地域情報を提供します"},{"$i":"stkItemsNaiSetIdleModeText","$v":"待機モードのテキストを設定します"},{"$i":"stkItemsNaiPerformCardApdu","$v":"Perform Card APDU"},{"$i":"stkItemsNaiPowerOnCard","$v":"Power On Card"},{"$i":"stkItemsNaiPowerOffCard","$v":"Power Off Card"},{"$i":"stkItemsNaiGetReaderStatus","$v":"Get Reader Status"},{"$i":"stkItemsNaiOpenChannel","$v":"チャンネルを開きます"},{"$i":"stkItemsNaiCloseChannel","$v":"チャンネルを閉じます"},{"$i":"stkItemsNaiReceiveData","$v":"データを受信します"},{"$i":"stkItemsNaiSendData","$v":"データを送信します"},{"$i":"stkItemsNaiGetChannelStatus","$v":"チャンネル状態を取得します"},{"$i":"stkItemsNaiEndOfTheProactiveSession","$v":"End of the proactive session"},{"$i":"is-warning-storage-header","$v":"USB ストレージ"},{"$i":"is-warning-tethering-header","$v":"USB テザリング"},{"$i":"is-warning-wifi-header","$v":"Wi-Fi テザリング"},{"$i":"is-warning-storage-tethering-message","$v":"USB ストレージを有効にすると USB テザリングが無効になります。USB ストレージを有効にしてもよろしいですか？"},{"$i":"is-warning-tethering-storage-message","$v":"USB テザリングを有効にすると USB ストレージが無効になります。USB テザリングを有効にしてもよろしいですか？"},{"$i":"is-warning-tethering-wifi-message","$v":"USB テザリングを有効にすると Wi-Fi テザリングが無効になります。USB テザリングを有効にしてもよろしいですか？"},{"$i":"is-warning-wifi-tethering-message","$v":"Wi-Fi テザリングを有効にすると USB テザリングが無効になります。Wi-Fi テザリングを有効にしてもよろしいですか？"},{"$i":"settings-dialog-alert","$v":"Alert"},{"$i":"settings-dialog-confirm","$v":"Confirm"},{"$i":"settings-dialog-prompt","$v":"Prompt"},{"$i":"settings-alert-dialog-header","$v":[{"t":"idOrVar","v":"settings-dialog-alert"}]},{"$i":"settings-confirm-dialog-header","$v":[{"t":"idOrVar","v":"settings-dialog-confirm"}]},{"$i":"settings-prompt-dialog-header","$v":[{"t":"idOrVar","v":"settings-dialog-prompt"}]},{"$i":"addons","$v":"Addons"},{"$i":"addons-header","$v":[{"t":"idOrVar","v":"addons"}]},{"$i":"change-device-name","$v":"携帯端末名の変更"},{"$i":"internetSharing-usb-desc","$v":"この携帯端末のインターネット接続を USB で接続したデバイスと共有します。"},{"$i":"internetSharing-wifi-desc","$v":"この携帯端末のインターネット接続を他のデバイスと Wi-Fi 接続により共有することを許可します。"},{"$i":"unplayable-ringtone","$v":"選択したファイルがこの携帯端末で再生できないため着信音は変更されませんでした。"},{"$i":"findmydevice-signup-description","$v":"Find My Device は携帯端末の位置確認、ロック、データ消去ができます"},{"$i":"findmydevice-settings-description","$v":"Find My Device は Web サイトから携帯端末の位置確認、ロック、データ消去ができます:"},{"$i":"findmydevice-active-tracking","$v":"ご使用の携帯端末は Web サイトを通して別の端末から追跡されています。"},{"$i":"findmydevice-not-tracking","$v":"ご使用の携帯端末を Web サイトを通して追跡している端末はありません。"},{"$i":"ums-confirm","$v":"USB ストレージを有効にすると、USB で接続された別のコンピュータやデバイスがこの携帯端末上のファイルにアクセス可能になります。"},{"$i":"reset-device","$v":"携帯端末をリセット"},{"$i":"reset-warning-body","$v":"携帯端末をリセットすると、購入したアプリとすべての個人データが消去されます。携帯端末が工場出荷時の状態に初期化されます。設定やデータは一切保持されないので注意してください。"},{"$i":"reset-devtools-warning-body","$v":"Resetting will erase all your data, including any apps you’ve purchased. None of your settings or data will be saved. But your phone will have unrestricted developer tools, allowing you to modify and debug system applications."},{"$i":"powerSave-explanation","$v":"節電モードを ON にすると、携帯端末のデータ通信接続、Bluetooth 接続、GPS 接続を OFF にして電池の消費を節約します。これらのサービスは手動で ON に戻せます。"},{"$i":"performanceAndUsageDataInfo","$v":["携帯端末とその使い方についてのデータを共有して ",{"t":"idOrVar","v":"brandShortName"}," の改善にご協力ください。"]},{"$i":"device-status-connected-device","$v":"携帯端末の音声出力に接続しました"},{"$i":"device-status-connected-device-media","$v":"携帯端末とメディアの音声出力に接続しました"}]