[{"$i":"stopped_download_title","$v":"다운로드 중지"},{"$i":"stopped_download_message","$v":"다운로드가 중지되었습니다. 다시 시작하시겠습니까?"},{"$i":"stopped_download_left_button","$v":"취소"},{"$i":"stopped_download_right_button","$v":"다시 시도"},{"$i":"failed_download_title","$v":"다운로드 실패"},{"$i":"failed_download_message","$v":[{"t":"idOrVar","v":"name"}," 다운로드에 실패했습니다. 다시 시작하시겠습니까?"]},{"$i":"failed_download_left_button","$v":"취소"},{"$i":"failed_download_right_button","$v":"다시 시도"},{"$i":"stop_download_title","$v":"다운로드 중지"},{"$i":"stop_download_message","$v":"정말로 다운로드를 중단하시겠습니까?"},{"$i":"stop_download_left_button","$v":"아니요"},{"$i":"stop_download_right_button","$v":"예"},{"$i":"delete_download_title","$v":"삭제"},{"$i":"delete_download_message","$v":[{"t":"idOrVar","v":"name"},"을 삭제하시겠습니까?"]},{"$i":"delete_download_left_button","$v":"취소"},{"$i":"delete_download_right_button","$v":"삭제"},{"$i":"delete_all_download_title","$v":"삭제"},{"$i":"delete_all_download_left_button","$v":"취소"},{"$i":"delete_all_download_right_button","$v":"삭제"},{"$i":"delete_all_download_message","$v":{"zero":"파일을 삭제하지 않습니다","one":"한 개의 파일을 삭제하시겠습니까?","two":[{"t":"idOrVar","v":"number"},"개의 파일을 삭제하시겠습니까?"],"few":[{"t":"idOrVar","v":"number"},"개의 파일을 삭제하시겠습니까?"],"many":[{"t":"idOrVar","v":"number"},"개의 파일을 삭제하시겠습니까?"],"other":[{"t":"idOrVar","v":"number"},"개의 파일을 삭제하시겠습니까?"]},"$x":[{"t":"idOrVar","v":"plural"},"number"]},{"$i":"unsupported_file_type_download_title","$v":"데이터가 열리지 않음"},{"$i":"unsupported_file_type_download_message","$v":[{"t":"idOrVar","v":"name"},"를 취급하는 앱이 없습니다. 파일을 저장 또는 삭제해 주십시오."]},{"$i":"unsupported_file_type_download_left_button","$v":"파일 저장"},{"$i":"unsupported_file_type_download_right_button","$v":"삭제"},{"$i":"file_not_found_download_title","$v":"파일이 없음"},{"$i":"file_not_found_download_message","$v":"기기에 파일을 찾을 수 없습니다."},{"$i":"file_not_found_download_right_button","$v":"확인"},{"$i":"unmounted_sdcard_2_download_title","$v":"메모리 카드 사용 중"},{"$i":"unmounted_sdcard_2_download_message","$v":"USB 케이블을 뽑아 주십시오."},{"$i":"unmounted_sdcard_2_download_right_button","$v":"확인"},{"$i":"no_provider_download_title","$v":"공유 제공사 없음"},{"$i":"no_provider_download_message","$v":"공유 기능 제공사를 찾을 수 없습니다."},{"$i":"no_provider_download_right_button","$v":"확인"},{"$i":"no_memory_download_title","$v":"SD카드 용량 부족"},{"$i":"no_memory_download_message","$v":"SD카드에 다운로드한 파일을 저장하기 위한 용량이 부족합니다. 다운로드를 재개하기 전에 불필요한 파일을 삭제해 주십시오."},{"$i":"no_memory_download_right_button","$v":"확인"},{"$i":"no_sdcard_found_2_download_title","$v":"메모리 카드 없음"},{"$i":"no_sdcard_found_2_download_message","$v":"메모리 카드를 삽입하거나, 환경 설정에서 기존 미디어 위치를 선택하십시오."},{"$i":"no_sdcard_found_2_download_right_button","$v":"확인"},{"$i":"file_open_error_download_title","$v":"데이터를 열 수 없음"},{"$i":"file_open_error_download_message","$v":[{"t":"idOrVar","v":"name"},"를 열때에 문제가 발생했습니다. 이를 파일에 저장 또는 삭제해 주십시오."]},{"$i":"file_open_error_download_left_button","$v":"파일에 저장"},{"$i":"file_open_error_download_right_button","$v":"삭제"},{"$i":"restart_download_error","$v":"다운로드 재시작 중에 오류가 발생했습니다. 다운로드를 다시 시도해 주십시오."},{"$i":"no-downloads","$v":"다운로드 안함"},{"$i":"byteUnit-B","$v":"B"},{"$i":"byteUnit-KB","$v":"KB"},{"$i":"byteUnit-MB","$v":"MB"},{"$i":"byteUnit-GB","$v":"GB"},{"$i":"byteUnit-TB","$v":"TB"},{"$i":"fileSize","$v":[{"t":"idOrVar","v":"size"},{"t":"idOrVar","v":"unit"}]},{"$i":"percentage","$v":[{"t":"idOrVar","v":"percentage"},"%"]},{"$i":"partialResult","$v":[{"t":"idOrVar","v":"partial"},"/",{"t":"idOrVar","v":"total"}]},{"$i":"summary","$v":[{"t":"idOrVar","v":"date"},"-",{"t":"idOrVar","v":"status"}]},{"$i":"download-stopped","$v":"다운로드 중지"},{"$i":"download-failed","$v":"다운로드 실패"},{"$i":"open_downloaded_file","$v":"열기"},{"$i":"share_downloaded_file","$v":"공유하기"},{"$i":"wallpaper_downloaded_file","$v":"배경 화면 설정"},{"$i":"ringtone_downloaded_file","$v":"벨소리 설정"},{"$i":"cancel_downloaded_file","$v":"취소"},{"$i":"brandShortName","$v":"B2G OS"},{"$i":"browserBrandShortName","$v":"Web Browser"},{"$i":"browserBrandFullName","$v":"Mozilla Web Browser"},{"$i":"ringtoneBrandName","$v":"Default"},{"$i":"ringtoneSectionBrandName","$v":"System"},{"$i":"weekday-0-long","$v":"일요일"},{"$i":"weekday-1-long","$v":"월요일"},{"$i":"weekday-2-long","$v":"화요일"},{"$i":"weekday-3-long","$v":"수요일"},{"$i":"weekday-4-long","$v":"목요일"},{"$i":"weekday-5-long","$v":"금요일"},{"$i":"weekday-6-long","$v":"토요일"},{"$i":"weekday-0-short","$v":"일"},{"$i":"weekday-1-short","$v":"월"},{"$i":"weekday-2-short","$v":"화"},{"$i":"weekday-3-short","$v":"수"},{"$i":"weekday-4-short","$v":"목"},{"$i":"weekday-5-short","$v":"금"},{"$i":"weekday-6-short","$v":"토"},{"$i":"month-0-long","$v":"1월"},{"$i":"month-1-long","$v":"2월"},{"$i":"month-2-long","$v":"3월"},{"$i":"month-3-long","$v":"4월"},{"$i":"month-4-long","$v":"5월"},{"$i":"month-5-long","$v":"6월"},{"$i":"month-6-long","$v":"7월"},{"$i":"month-7-long","$v":"8월"},{"$i":"month-8-long","$v":"9월"},{"$i":"month-9-long","$v":"10월"},{"$i":"month-10-long","$v":"11월"},{"$i":"month-11-long","$v":"12월"},{"$i":"month-0-genitive","$v":"1월"},{"$i":"month-1-genitive","$v":"2월"},{"$i":"month-2-genitive","$v":"3월"},{"$i":"month-3-genitive","$v":"4월"},{"$i":"month-4-genitive","$v":"5월"},{"$i":"month-5-genitive","$v":"6월"},{"$i":"month-6-genitive","$v":"7월"},{"$i":"month-7-genitive","$v":"8월"},{"$i":"month-8-genitive","$v":"9월"},{"$i":"month-9-genitive","$v":"10월"},{"$i":"month-10-genitive","$v":"11월"},{"$i":"month-11-genitive","$v":"12월"},{"$i":"month-0-short","$v":"1월"},{"$i":"month-1-short","$v":"2월"},{"$i":"month-2-short","$v":"3월"},{"$i":"month-3-short","$v":"4월"},{"$i":"month-4-short","$v":"5월"},{"$i":"month-5-short","$v":"6월"},{"$i":"month-6-short","$v":"7월"},{"$i":"month-7-short","$v":"8월"},{"$i":"month-8-short","$v":"9월"},{"$i":"month-9-short","$v":"10월"},{"$i":"month-10-short","$v":"11월"},{"$i":"month-11-short","$v":"12월"},{"$i":"minutes-ago-long","$v":{"zero":"지금","one":"1분 전","two":[{"t":"idOrVar","v":"value"},"분 전"],"few":[{"t":"idOrVar","v":"value"},"분 전"],"many":[{"t":"idOrVar","v":"value"},"분 전"],"other":[{"t":"idOrVar","v":"value"},"분 전"]},"$x":[{"t":"idOrVar","v":"plural"},"value"]},{"$i":"hours-ago-long","$v":{"zero":"지금","one":"1시간 전","two":[{"t":"idOrVar","v":"value"},"시간 전"],"few":[{"t":"idOrVar","v":"value"},"시간 전"],"many":[{"t":"idOrVar","v":"value"},"시간 전"],"other":[{"t":"idOrVar","v":"value"},"시간 전"]},"$x":[{"t":"idOrVar","v":"plural"},"value"]},{"$i":"days-ago-long","$v":{"zero":"오늘","one":"어제","two":[{"t":"idOrVar","v":"value"},"일 전"],"few":[{"t":"idOrVar","v":"value"},"일 전"],"many":[{"t":"idOrVar","v":"value"},"일 전"],"other":[{"t":"idOrVar","v":"value"},"일 전"]},"$x":[{"t":"idOrVar","v":"plural"},"value"]},{"$i":"weeks-ago-long","$v":{"zero":"이번 주","one":"지난 주","two":[{"t":"idOrVar","v":"value"},"주 전"],"few":[{"t":"idOrVar","v":"value"},"주 전"],"many":[{"t":"idOrVar","v":"value"},"주 전"],"other":[{"t":"idOrVar","v":"value"},"주 전"]},"$x":[{"t":"idOrVar","v":"plural"},"value"]},{"$i":"months-ago-long","$v":{"zero":"이번 달","one":"지난 달","two":[{"t":"idOrVar","v":"value"},"개월 전"],"few":[{"t":"idOrVar","v":"value"},"개월 전"],"many":[{"t":"idOrVar","v":"value"},"개월 전"],"other":[{"t":"idOrVar","v":"value"},"개월 전"]},"$x":[{"t":"idOrVar","v":"plural"},"value"]},{"$i":"years-ago-long","$v":{"zero":"올해","one":"작년","two":[{"t":"idOrVar","v":"value"},"년 전"],"few":[{"t":"idOrVar","v":"value"},"년 전"],"many":[{"t":"idOrVar","v":"value"},"년 전"],"other":[{"t":"idOrVar","v":"value"},"년 전"]},"$x":[{"t":"idOrVar","v":"plural"},"value"]},{"$i":"minutes-until-long","$v":{"zero":"지금","one":"1분 후","two":[{"t":"idOrVar","v":"value"},"분 후"],"few":[{"t":"idOrVar","v":"value"},"분 후"],"many":[{"t":"idOrVar","v":"value"},"분 후"],"other":[{"t":"idOrVar","v":"value"},"분 후"]},"$x":[{"t":"idOrVar","v":"plural"},"value"]},{"$i":"hours-until-long","$v":{"zero":"지금","one":"한 시간 후","two":[{"t":"idOrVar","v":"value"},"시간 후"],"few":[{"t":"idOrVar","v":"value"},"시간 후"],"many":[{"t":"idOrVar","v":"value"},"시간 후"],"other":[{"t":"idOrVar","v":"value"},"시간 후"]},"$x":[{"t":"idOrVar","v":"plural"},"value"]},{"$i":"days-until-long","$v":{"zero":"오늘","one":"내일","two":[{"t":"idOrVar","v":"value"},"일 후"],"few":[{"t":"idOrVar","v":"value"},"일 후"],"many":[{"t":"idOrVar","v":"value"},"일 후"],"other":[{"t":"idOrVar","v":"value"},"일 후"]},"$x":[{"t":"idOrVar","v":"plural"},"value"]},{"$i":"weeks-until-long","$v":{"zero":"이번 주","one":"다음 주","two":[{"t":"idOrVar","v":"value"},"주 후"],"few":[{"t":"idOrVar","v":"value"},"주 후"],"many":[{"t":"idOrVar","v":"value"},"주 후"],"other":[{"t":"idOrVar","v":"value"},"주 후"]},"$x":[{"t":"idOrVar","v":"plural"},"value"]},{"$i":"months-until-long","$v":{"zero":"이번 달","one":"다음 달","two":[{"t":"idOrVar","v":"value"},"개월 후"],"few":[{"t":"idOrVar","v":"value"},"개월 후"],"many":[{"t":"idOrVar","v":"value"},"개월 후"],"other":[{"t":"idOrVar","v":"value"},"개월 후"]},"$x":[{"t":"idOrVar","v":"plural"},"value"]},{"$i":"years-until-long","$v":{"zero":"올해","one":"내년","two":[{"t":"idOrVar","v":"value"},"년 후"],"few":[{"t":"idOrVar","v":"value"},"년 후"],"many":[{"t":"idOrVar","v":"value"},"년 후"],"other":[{"t":"idOrVar","v":"value"},"년 후"]},"$x":[{"t":"idOrVar","v":"plural"},"value"]},{"$i":"minutes-ago-short","$v":{"zero":"지금","other":[{"t":"idOrVar","v":"value"},"분 전"]},"$x":[{"t":"idOrVar","v":"plural"},"value"]},{"$i":"hours-ago-short","$v":{"zero":"지금","other":[{"t":"idOrVar","v":"value"},"시간 전"]},"$x":[{"t":"idOrVar","v":"plural"},"value"]},{"$i":"days-ago-short","$v":{"zero":"오늘","other":[{"t":"idOrVar","v":"value"},"일 전"]},"$x":[{"t":"idOrVar","v":"plural"},"value"]},{"$i":"minutes-until-short","$v":{"zero":"지금","other":[{"t":"idOrVar","v":"value"},"분 후"]},"$x":[{"t":"idOrVar","v":"plural"},"value"]},{"$i":"hours-until-short","$v":{"zero":"지금","other":[{"t":"idOrVar","v":"value"},"시간 후"]},"$x":[{"t":"idOrVar","v":"plural"},"value"]},{"$i":"days-until-short","$v":{"zero":"오늘","other":[{"t":"idOrVar","v":"value"},"일 후"]},"$x":[{"t":"idOrVar","v":"plural"},"value"]},{"$i":"incorrectDate","$v":"(잘못된 날짜)"},{"$i":"dateTimeFormat_%c","$v":"%Y년 %B %e일 %a %I:%M:%S %p"},{"$i":"dateTimeFormat_%x","$v":"%Y/%m/%d"},{"$i":"dateTimeFormat_%X","$v":"%I:%M:%S %p"},{"$i":"shortTimeFormat","$v":"%I:%M %p"},{"$i":"shortTimeFormat12","$v":"%I:%M %p"},{"$i":"shortTimeFormat24","$v":"%H:%M"},{"$i":"shortDateTimeFormat","$v":"%x %I:%M %p"},{"$i":"weekStartsOnMonday","$v":"0"},{"$i":"firstDayOfTheWeek","$v":"0"},{"$i":"time_am","$v":"오전"},{"$i":"time_pm","$v":"오후"},{"$i":"title-app","$v":"앱 사용 권한"},{"$i":"title-web","$v":"웹사이트 사용 권한"},{"$i":"title-cam","$v":"카메라 선택"},{"$i":"perm-alarms","$v":"알람 스케줄"},{"$i":"perm-audio-capture","$v":"마이크"},{"$i":"perm-audio-capture-appRequest","$v":[{"t":"idOrVar","v":"app"},"에서 마이크를 사용하시겠습니까?"]},{"$i":"perm-audio-capture-webRequest","$v":[{"t":"idOrVar","v":"site"},"에서 마이크를 사용하시겠습니까?"]},{"$i":"perm-audio-channel-content","$v":"소리 재생"},{"$i":"perm-audio-channel-notification","$v":"알림 소리 재생"},{"$i":"perm-audio-channel-ringer","$v":"벨소리 재생"},{"$i":"perm-background-sensors","$v":"센서 데이타 접근"},{"$i":"perm-bluetooth","$v":"블루투스"},{"$i":"perm-browser","$v":"웹페이지 검사"},{"$i":"perm-camera","$v":"카메라"},{"$i":"perm-camera-selector-appRequest","$v":[{"t":"idOrVar","v":"app"},"에서 사용할 카메라를 선택해 주세요."]},{"$i":"perm-camera-selector-webRequest","$v":[{"t":"idOrVar","v":"site"},"에서 사용할 카메라를 선택해 주세요."]},{"$i":"perm-cellbroadcast","$v":"단문 메시지"},{"$i":"perm-contacts","$v":"연락처"},{"$i":"perm-contacts-appRequest","$v":[{"t":"idOrVar","v":"app"},"에서 연락처 목록에 접근하려 합니다."]},{"$i":"perm-contacts-webRequest","$v":[{"t":"idOrVar","v":"site"},"에서 연락처 목록에 접근하려 합니다."]},{"$i":"perm-desktop-notification","$v":"알림"},{"$i":"perm-desktop-notification-appRequest","$v":[{"t":"idOrVar","v":"app"},"에서 알림을 띄우려 합니다."]},{"$i":"perm-desktop-notification-webRequest","$v":[{"t":"idOrVar","v":"site"},"에서 알림을 띄우려 합니다."]},{"$i":"perm-device-storage-apps","$v":"앱 저장소"},{"$i":"perm-device-storage-music","$v":"음악 저장소"},{"$i":"perm-device-storage-music-appRequest","$v":[{"t":"idOrVar","v":"app"},"에서 음악에 접근하려 합니다."]},{"$i":"perm-device-storage-music-webRequest","$v":[{"t":"idOrVar","v":"site"},"에서 음악에 접근하려 합니다."]},{"$i":"perm-device-storage-pictures","$v":"이미지 저장소"},{"$i":"perm-device-storage-pictures-appRequest","$v":[{"t":"idOrVar","v":"app"},"에서 이미지에 접근하려 합니다."]},{"$i":"perm-device-storage-pictures-webRequest","$v":[{"t":"idOrVar","v":"site"},"에서 이미지에 접근하려 합니다."]},{"$i":"perm-device-storage-sdcard","$v":"메모리 카드 저장소"},{"$i":"perm-device-storage-sdcard-appRequest","$v":[{"t":"idOrVar","v":"app"},"에서 메모리 카드에 접근하려 합니다."]},{"$i":"perm-device-storage-sdcard-webRequest","$v":[{"t":"idOrVar","v":"site"},"에서 메모리 카드에 접근하려 합니다."]},{"$i":"perm-device-storage-videos","$v":"동영상 저장소"},{"$i":"perm-device-storage-videos-appRequest","$v":[{"t":"idOrVar","v":"app"},"에서 동영상에 접근하려 합니다."]},{"$i":"perm-device-storage-videos-webRequest","$v":[{"t":"idOrVar","v":"site"},"에서 동영상에 접근하려 합니다."]},{"$i":"perm-embed-apps","$v":"앱 포함"},{"$i":"perm-fmradio","$v":"FM 라디오"},{"$i":"perm-fmradio-appRequest","$v":[{"t":"idOrVar","v":"app"},"에서 FM 라디오를 사용하려 합니다."]},{"$i":"perm-fmradio-webRequest","$v":[{"t":"idOrVar","v":"site"},"에서 FM 라디오를 사용하려 합니다."]},{"$i":"perm-geolocation","$v":"위치 정보"},{"$i":"perm-geolocation-appRequest","$v":[{"t":"idOrVar","v":"app"},"에서 위치를 공유하려고 합니다."]},{"$i":"perm-geolocation-more-info","$v":[{"t":"idOrVar","v":"brandShortName"},"는 GPS나 Wi-Fi 및 모바일 네트워크 등을 사용자의 대체적인 현재 위치 결정에 이용합니다. 이 데이터는 Mozilla와 다른 서비스 공급자에게 전송되고, 위치 정보 데이터베이스를 개선하기 위해 집계됩니다. 현재 데이터는 사용의 단말기에 저장되고 앱이 실행 중이 아닌 때에도 데이터가 수집될 수 있습니다."]},{"$i":"perm-geolocation-webRequest","$v":[{"t":"idOrVar","v":"site"},"에서 위치를 공유하려고 합니다."]},{"$i":"perm-idle","$v":"유휴 상태 보기"},{"$i":"perm-indexedDB-chrome-settings","$v":"IndexedDB 권한부여"},{"$i":"perm-indexedDB-unlimited","$v":"무제한 IndexedDB 저장소"},{"$i":"perm-input-manage","$v":"키보드 관리"},{"$i":"perm-input","$v":"키보드로 사용"},{"$i":"perm-media-capture","$v":"카메라와 마이크"},{"$i":"perm-media-capture-appRequest","$v":[{"t":"idOrVar","v":"app"},"에서 카메라와 마이크를 사용하시겠습니까?"]},{"$i":"perm-media-capture-webRequest","$v":[{"t":"idOrVar","v":"site"},"에서 카메라와 마이크를 사용하시겠습니까?"]},{"$i":"perm-mobileconnection","$v":"모바일 연결"},{"$i":"perm-mobileid","$v":"모바일 개인확인"},{"$i":"perm-network-events","$v":"네트워크 이벤트"},{"$i":"perm-open-remote-window","$v":"앱 시작"},{"$i":"perm-permissions","$v":"앱 권한 수정"},{"$i":"perm-power","$v":"전원 설정"},{"$i":"perm-settings","$v":"수정 설정"},{"$i":"perm-systemXHR","$v":"Cross-Origin 요청"},{"$i":"perm-telephony","$v":"전화"},{"$i":"perm-video-capture","$v":"카메라"},{"$i":"perm-video-capture-appRequest","$v":[{"t":"idOrVar","v":"app"},"에서 카메라를 사용하시겠습니까?"]},{"$i":"perm-video-capture-webRequest","$v":[{"t":"idOrVar","v":"site"},"에서 카메라를 사용하시겠습니까?"]},{"$i":"perm-voicemail","$v":"음성사서함 제어"},{"$i":"perm-webapps-manage","$v":"웹앱 설치"},{"$i":"perm-wifi-manage","$v":"Wi-Fi 관리"},{"$i":"perm-attention","$v":"덮는 팝업 열기"},{"$i":"perm-audio-channel-alarm","$v":"알람 소리 재생"},{"$i":"perm-audio-channel-normal","$v":"소리 재생"},{"$i":"perm-audio-channel-publicnotification","$v":"일반 알림 소리 재생"},{"$i":"perm-audio-channel-telephony","$v":"음성통화 소리 재생"},{"$i":"perm-backgroundservice","$v":"배경 서비스로 사용"},{"$i":"perm-device-storage-crashes","$v":"크래시 데이타 저장소"},{"$i":"perm-downloads","$v":"다운로드 접근"},{"$i":"perm-embed-widgets","$v":"위젯 포함"},{"$i":"perm-feature-detection","$v":"기능 탐지"},{"$i":"perm-firefox-accounts","$v":"Firefox Accounts"},{"$i":"perm-mobilenetwork","$v":"모바일 네트워크"},{"$i":"perm-moz-attention","$v":"덮는 팝업 열기 (moz)"},{"$i":"perm-moz-audio-channel-ringer","$v":"벨소리 재생 (moz)"},{"$i":"perm-moz-audio-channel-telephony","$v":"음성통화 소리 재생 (moz)"},{"$i":"perm-moz-firefox-accounts","$v":"Firefox Accounts (moz)"},{"$i":"perm-networkstats-manage","$v":"사용 통계 제어"},{"$i":"perm-nfc","$v":"NFC"},{"$i":"perm-nfc-hci-events","$v":"NFC HCI 이벤트"},{"$i":"perm-nfc-manager","$v":"NFC 관리"},{"$i":"perm-phonenumberservice","$v":"전화 번호 서비스"},{"$i":"perm-push","$v":"푸시 API"},{"$i":"perm-resourcestats-manage","$v":"자원 통계"},{"$i":"perm-sms","$v":"SMS 읽고 보내기"},{"$i":"perm-speaker-control","$v":"볼륨 제어"},{"$i":"perm-storage","$v":"저장소 접근"},{"$i":"perm-tcp-socket","$v":"TCP 소켓"},{"$i":"perm-test-permission","$v":"테스트 권한"},{"$i":"perm-time","$v":"날짜와 시간 설정"},{"$i":"perm-udp-socket","$v":"UDP 소켓"},{"$i":"perm-wappush","$v":"WAP 푸시"},{"$i":"tz-region","$v":"대륙"},{"$i":"tz-city","$v":"도시"},{"$i":"tzRegion-Africa","$v":"아프리카"},{"$i":"tzRegion-America","$v":"아메리카"},{"$i":"tzRegion-Antarctica","$v":"남극"},{"$i":"tzRegion-Asia","$v":"아시아"},{"$i":"tzRegion-Atlantic","$v":"대서양"},{"$i":"tzRegion-Australia","$v":"호주"},{"$i":"tzRegion-Europe","$v":"유럽"},{"$i":"tzRegion-Indian","$v":"인도"},{"$i":"tzRegion-Pacific","$v":"태평양"},{"$i":"ringtone-none","$v":"없음"},{"$i":"ringer_bubble","$v":"거품"},{"$i":"ringer_chimer","$v":"종소리"},{"$i":"ringer_cunning","$v":"컨닝"},{"$i":"ringer_dulco","$v":"둘코"},{"$i":"ringer_firefox2","$v":[{"t":"idOrVar","v":"ringtoneBrandName"}]},{"$i":"ringer_garden","$v":"정원"},{"$i":"ringer_marbled","$v":"대리석"},{"$i":"ringer_opti","$v":"옵티"},{"$i":"ringer_pecko","$v":"팩코"},{"$i":"ringer_pingy","$v":"핑기"},{"$i":"ringer_poppop","$v":"팝팝"},{"$i":"ringer_sata","$v":"사타"},{"$i":"ringer_simple","$v":"깨끗한"},{"$i":"ringer_standard1","$v":"클래식"},{"$i":"ringer_standard2","$v":"빠른 클래식"},{"$i":"ringer_stutter","$v":"더듬더듬"},{"$i":"ringer_symmetry","$v":"균형"},{"$i":"ringer_tailwind","$v":"순풍"},{"$i":"ringer_thoughtful","$v":"사색"},{"$i":"ringer_wit","$v":"재치"},{"$i":"ringer_zen","$v":"고요"},{"$i":"notifier_bells","$v":"벨"},{"$i":"notifier_bloom","$v":"개화"},{"$i":"notifier_chime","$v":"종소리"},{"$i":"notifier_clicka","$v":"클리카"},{"$i":"notifier_digi","$v":"디기"},{"$i":"notifier_dropplet","$v":"똑똑"},{"$i":"notifier_firefox2","$v":[{"t":"idOrVar","v":"ringtoneBrandName"}]},{"$i":"notifier_hello","$v":"헬로우"},{"$i":"notifier_lowmarble","$v":"대리석 저음"},{"$i":"notifier_ping","$v":"핑"},{"$i":"notifier_plickle","$v":"플리클"},{"$i":"notifier_pocko","$v":"폭코"},{"$i":"notifier_quado","$v":"쿼도"},{"$i":"notifier_red","$v":"빨강"},{"$i":"notifier_sato","$v":"사토"},{"$i":"notifier_swipo","$v":"스위포"},{"$i":"notifier_trickleup","$v":"상승"},{"$i":"notifier_trink","$v":"방울"},{"$i":"notifier_verse","$v":"시"},{"$i":"settings","$v":"설정"},{"$i":"advancedSettings","$v":"고급 설정"},{"$i":"default","$v":"기본"},{"$i":"enabled","$v":"사용함"},{"$i":"enable","$v":"사용"},{"$i":"disabled","$v":"사용안함"},{"$i":"error","$v":"오류"},{"$i":"ok","$v":"확인"},{"$i":"yes","$v":"예"},{"$i":"no","$v":"아니오"},{"$i":"reset","$v":"재설정"},{"$i":"cancel","$v":"취소"},{"$i":"close","$v":"닫기"},{"$i":"back","$v":"뒤로"},{"$i":"continue","$v":"계속"},{"$i":"skip","$v":"건너뜀"},{"$i":"pair","$v":"연결"},{"$i":"add","$v":"Add"},{"$i":"done","$v":"완료"},{"$i":"set","$v":"설정"},{"$i":"notNow","$v":"지금 안 함"},{"$i":"turnOn","$v":"켜짐"},{"$i":"selectASIMCard","$v":"SIM 카드 선택하기"},{"$i":"sim1","$v":"SIM 1"},{"$i":"sim2","$v":"SIM 2"},{"$i":"unavailable","$v":"사용할 수 없음"},{"$i":"confirmation","$v":"Confirmation"},{"$i":"simSettingsWithIndex","$v":["SIM ",{"t":"idOrVar","v":"index"}," Settings"]},{"$i":"networkAndConnectivity","$v":"네트워크 및 연결"},{"$i":"airplaneMode","$v":"비행기 모드"},{"$i":"geolocation","$v":"위치 정보"},{"$i":"wifi","$v":"Wi-Fi"},{"$i":"wifi-header","$v":[{"t":"idOrVar","v":"wifi"}]},{"$i":"wifi-disabled","$v":"사용 가능한 네트워크를 보려면 Wi-Fi를 켜십시오."},{"$i":"availableNetworks","$v":"사용 가능한 네트워크"},{"$i":"knownNetworks","$v":"저장된 네트워크"},{"$i":"hiddenNetworks","$v":"숨겨진 네트워크"},{"$i":"scanning","$v":"검색 중…"},{"$i":"scanNetworks","$v":"다시 검색하기"},{"$i":"fullStatus-initializing","$v":"초기화 중…"},{"$i":"fullStatus-connecting","$v":[{"t":"idOrVar","v":"ssid"},"에 연결 중…"]},{"$i":"fullStatus-associated","$v":"IP 주소를 받아오는 중…"},{"$i":"fullStatus-connected","$v":[{"t":"idOrVar","v":"ssid"},"에 연결함"]},{"$i":"fullStatus-connectingfailed","$v":"연결 실패"},{"$i":"fullStatus-disconnected","$v":"오프라인"},{"$i":"shortStatus-connecting","$v":"연결 중…"},{"$i":"shortStatus-associated","$v":"IP 주소를 받아오는 중…"},{"$i":"shortStatus-connected","$v":"연결함"},{"$i":"shortStatus-connectingfailed","$v":"연결 실패"},{"$i":"shortStatus-disconnected","$v":"오프라인"},{"$i":"wifi-sleep","$v":"Wi-Fi Sleep"},{"$i":"wifi-sleep-description","$v":"Enable to automatically turn off Wi-Fi during sleep to save battery power.  "},{"$i":"manageNetworks","$v":"네트워크 관리"},{"$i":"wifi-bad-credentials-title","$v":"Wi-Fi 연결 실패"},{"$i":"wifi-bad-credentials-confirm","$v":[{"t":"idOrVar","v":"ssid"},"에 연결할 수 없습니다. 올바르지 않은 자격으로 인해 인증이 실패했습니다. 네트워크 암호를 다시 넣어주십시오."]},{"$i":"manageNetworks-header","$v":[{"t":"idOrVar","v":"manageNetworks"}]},{"$i":"manageCertificates","$v":"인증서 관리"},{"$i":"manageCert","$v":"인증서 관리"},{"$i":"joinHiddenNetwork","$v":"숨겨진 네트워크에 접속"},{"$i":"securedBy","$v":[{"t":"idOrVar","v":"capabilities"},"로 보안"]},{"$i":"security","$v":"보안"},{"$i":"securityNone","$v":"없음"},{"$i":"securityOpen","$v":"개방"},{"$i":"notInRange","$v":"Not in range"},{"$i":"ipAddress","$v":"IP 주소"},{"$i":"linkSpeed","$v":"연결 속도"},{"$i":"linkSpeedMbs","$v":[{"t":"idOrVar","v":"linkSpeed"}," Mbit/s"]},{"$i":"signalStrength","$v":"신호 강도"},{"$i":"signalLevel0","$v":"매우 약함"},{"$i":"signalLevel1","$v":"약함"},{"$i":"signalLevel2","$v":"보통"},{"$i":"signalLevel3","$v":"강함"},{"$i":"signalLevel4","$v":"매우 강함"},{"$i":"forget","$v":"지우기"},{"$i":"forgetNetwork-dialog","$v":"네트워크를 지우시겠습니까?"},{"$i":"forgetNetwork-confirmation","$v":"확인"},{"$i":"authentication","$v":"인증"},{"$i":"authentication-header","$v":[{"t":"idOrVar","v":"authentication"}]},{"$i":"eap","$v":"EAP 방법"},{"$i":"auth-phase2","$v":"2단계 인증"},{"$i":"server-certificate","$v":"서버 인증서"},{"$i":"import-certificate-msg","$v":"알림: 새로운 인증서를 가져와야 한다면, \"인증서 관리\"로 가십시오."},{"$i":"identity","$v":"식별자"},{"$i":"password","$v":"암호"},{"$i":"showPassword","$v":"암호 보기"},{"$i":"networkNotification","$v":"네트워크 알림"},{"$i":"networkNotification-expl","$v":"개방형 네트워크가 있으면 알림"},{"$i":"macAddress","$v":"MAC 주소"},{"$i":"deviceInfo_software","$v":[{"t":"idOrVar","v":"brandShortName"}," ",{"t":"idOrVar","v":"os"}]},{"$i":"macUnavailable","$v":"사용할 수 없음"},{"$i":"noNetworksFound","$v":"네트워크 찾을 수 없음"},{"$i":"noKnownNetworks","$v":"저장된 네트워크 없음"},{"$i":"edit","$v":"편집"},{"$i":"certificateList","$v":"인증서 목록"},{"$i":"noCertificate","$v":"가져온 인증서 목록 없음"},{"$i":"deleteCertificate","$v":"인증서 삭제"},{"$i":"importCertificate","$v":"인증서 가져오기"},{"$i":"selectCertificateFile","$v":"인증서 파일 선택하기"},{"$i":"enterCertificateNickname","$v":"인증서 닉네임 입력"},{"$i":"nickname","$v":"닉네임"},{"$i":"enter-certificate-name-msg","$v":"닉네임을 바꿀 수 있으며 기본 이름을 그대로 사용할 수도 있습니다."},{"$i":"certificate-deletion-failed","$v":"인증서 삭제 실패"},{"$i":"certificate-deletion-failed-description","$v":"한 예로, 저장 공간 문제 때문에 발생한 문제일 수 있습니다."},{"$i":"certificate-import-failed","$v":"인증서 가져오기 실패"},{"$i":"certificate-import-failed-description","$v":"한 예로, 손상된 인증서 파일 때문에 발생한 문제일 수 있습니다."},{"$i":"wpsMessage","$v":"WPS로 연결"},{"$i":"wpsMessage-header","$v":[{"t":"idOrVar","v":"wpsMessage"}]},{"$i":"fullStatus-wps-inprogress","$v":"WPS를 진행중…"},{"$i":"fullStatus-wps-canceled","$v":"WPS가 취소됨"},{"$i":"fullStatus-wps-timedout","$v":"WPS 시간 초과"},{"$i":"fullStatus-wps-failed-error","$v":["WPS 실패 [",{"t":"idOrVar","v":"error"},"]"]},{"$i":"fullStatus-wps-overlapped","$v":"다른 WPS PBC AP가 발견됨"},{"$i":"wpsDescription2","$v":"자동으로 Wi-Fi 설정"},{"$i":"wpsMethodSelection","$v":"WPS 방식 선택:"},{"$i":"wpsPbcLabel","$v":"버튼으로 연결"},{"$i":"wpsMyPinLabel","$v":"내 PIN으로 연결"},{"$i":"wpsApPinLabel","$v":"AP의 PIN으로 연결"},{"$i":"wpsPinDescription","$v":"4자리 또는 8자리 PIN"},{"$i":"wpsPinInput","$v":["연결할 기기에 ",{"t":"idOrVar","v":"pin"},"을 입력"]},{"$i":"wpsPinAps","$v":"상대 기기를 선택"},{"$i":"wpsAnyAp","$v":"불특정 AP"},{"$i":"wpsCancelMessage","$v":"WPS 취소"},{"$i":"wpsCancelFailedMessageError","$v":["WPS 취소 실패 [",{"t":"idOrVar","v":"error"},"]"]},{"$i":"callSettings","$v":"음성 통화"},{"$i":"callSettings-header","$v":[{"t":"idOrVar","v":"callSettings"}]},{"$i":"callSettingsQuery","$v":"네트워크 정보 요청중…"},{"$i":"callSettingsQueryError","$v":"쿼리 오류"},{"$i":"voiceMail","$v":"음성 메일"},{"$i":"voiceMail-header","$v":[{"t":"idOrVar","v":"voiceMail"}]},{"$i":"voiceMail-number","$v":"음성 메일 번호"},{"$i":"voiceMail-number-notSet","$v":"설정 안함"},{"$i":"voicePrivacyMode","$v":"음성 개인 정보 보호 모드"},{"$i":"callWaiting","$v":"통화 대기"},{"$i":"confirmCallWaitingTitle","$v":"통화 대기 설정을 확인할 수 없음"},{"$i":"confirmCallWaitingDesc","$v":"이 기기는 현재 통신사와 통신할 수 없습니다. 설정을 다시 해 보십시오."},{"$i":"callForwarding","$v":"착신 전환"},{"$i":"callForwarding-header","$v":[{"t":"idOrVar","v":"callForwarding"}]},{"$i":"callForwardingForward","$v":"전환"},{"$i":"callForwardingUnconditional","$v":"항상 전환"},{"$i":"callForwardingUnconditionalShort","$v":"항상"},{"$i":"callForwardingMobileBusy","$v":"바쁠 때만 전환"},{"$i":"callForwardingMobileBusyShort","$v":"바쁠 때만"},{"$i":"callForwardingNoReply","$v":"무응답이면 전환"},{"$i":"callForwardingNoReplyShort","$v":"무응답이면"},{"$i":"callForwardingNotReachable","$v":"수신 불가이면 전환"},{"$i":"callForwardingNotReachableShort","$v":"수신 불가이면"},{"$i":"callForwardingForwardingVoiceToNumber","$v":["음성 통화는 ",{"t":"idOrVar","v":"number"},"로"]},{"$i":"callForwardingNotForwarding","$v":"꺼짐"},{"$i":"callForwardingConfirmTitle","$v":"착신 전환 확인 메시지"},{"$i":"cf-alwaysUseThisNumber","$v":"항상 이 번호 사용"},{"$i":"cf-numberWhenUnreachable","$v":"수신 불가일 때 사용할 번호"},{"$i":"cf-numberWhenUnanswered","$v":"무응답일 때 사용할 번호"},{"$i":"cf-numberWhenBusy","$v":"바쁠 때 사용할 번호"},{"$i":"callForwardingInvalidNumberError","$v":"이 전화번호는 유효하지 않습니다."},{"$i":"callForwardingSetSuccess","$v":"작업이 성공적으로 설정되었습니다."},{"$i":"callForwardingSetForbidden","$v":"망 사업자가 이 작업을 지원하지 않습니다."},{"$i":"callForwardingSetError","$v":"전화 설정을 하다 잘못되었습니다."},{"$i":"callerId","$v":"콜러 ID"},{"$i":"callBarring","$v":"Call Barring"},{"$i":"callBarring-header","$v":[{"t":"idOrVar","v":"callBarring"}]},{"$i":"callBarring-outgoing","$v":"Outgoing calls"},{"$i":"callBarring-baoc","$v":"All"},{"$i":"callBarring-boic","$v":"International"},{"$i":"callBarring-boicExhc","$v":"International except Home Country"},{"$i":"callBarring-incoming","$v":"Incoming calls"},{"$i":"callBarring-baic","$v":"All"},{"$i":"callBarring-baicR","$v":"All while roaming"},{"$i":"callBarring-passcode","$v":"Passcode"},{"$i":"callBarring-change-passcode","$v":"Change passcode"},{"$i":"callBarring-passcode-enter","$v":"Enter passcode"},{"$i":"callBarring-passcode-unknown","$v":"In case you don't know your passcode, please contact your carrier"},{"$i":"callBarring-current-passcode","$v":"Current passcode"},{"$i":"callBarring-new-passcode","$v":"New passcode"},{"$i":"callBarring-create-passcode","$v":"Create a Passcode"},{"$i":"callBarring-confirm-passcode","$v":"Confirm passcode"},{"$i":"callBarring-passcode-error-generic","$v":"Passcode error."},{"$i":"callBarring-passcode-error-incorrect","$v":"Passcode is incorrect."},{"$i":"callBarring-passcode-error-mismatch","$v":"Passcode doesn’t match."},{"$i":"callBarring-update-item-error","$v":["Error while updating the item: ",{"t":"idOrVar","v":"error"},"."]},{"$i":"callBarring-change-passcode-success","$v":"Passcode changed."},{"$i":"callerId-default","$v":"네트워크 기본값"},{"$i":"callerId-hide","$v":"번호 숨김"},{"$i":"callerId-show","$v":"번호 보임"},{"$i":"fdn","$v":"고정 다이어링 번호"},{"$i":"fdnSettings","$v":"고정 다이어링 번호"},{"$i":"fdnSettings-header","$v":[{"t":"idOrVar","v":"fdnSettings"}]},{"$i":"fdn-authorizedNumbers","$v":"승인된 번호"},{"$i":"fdn-authorizedNumbers-header","$v":[{"t":"idOrVar","v":"fdn-authorizedNumbers"}]},{"$i":"fdn-authorizedNumbers-desc","$v":"전화를 걸 수 있는 번호 목록"},{"$i":"fdn-explanation1","$v":"이 전화에서 걸 수 있는 번호 제한"},{"$i":"fdn-explanation2","$v":"(비상 전화번호는 항상 걸 수 있음)"},{"$i":"fdnEnable","$v":"FDN 활성화"},{"$i":"fdnDisable","$v":"FDN 비활성화"},{"$i":"fdnReset","$v":"PIN2 재설정"},{"$i":"fdnAttemptMsg3","$v":{"one":"SIM 카드가 잠기기 전까지 올바른 코드를 입력할 수 있는 마지막 기회입니다.","two":["SIM 카드가 잠기기 전까지 올바른 코드를 입력할 수 있는 시도가 ",{"t":"idOrVar","v":"n"},"번 남았습니다."],"few":["SIM 카드가 잠기기 전까지 올바른 코드를 입력할 수 있는 기회가 ",{"t":"idOrVar","v":"n"},"번 남았습니다."],"many":["SIM 카드가 잠기기 전까지 올바른 코드를 입력할 수 있는 기회가 ",{"t":"idOrVar","v":"n"},"번 남았습니다."],"other":["SIM 카드가 잠기기 전까지 올바른 코드를 입력할 수 있는 기회가 ",{"t":"idOrVar","v":"n"},"번 남았습니다."]},"$x":[{"t":"idOrVar","v":"plural"},"n"]},{"$i":"fdnLastChanceMsg","$v":"올바른 PIN2 코드를 입력할 수 있는 마지막 기회입니다. 그렇지 않으면, 이 SIM 카드를 사용하기 위해선 PUK2 코드를 입력해야 합니다."},{"$i":"fdnErrorMsg","$v":"올바른 PIN2 코드입니다."},{"$i":"fdn-enabled-warning","$v":"FDN에 의해서 전화 전달이 비활성화 되었습니다."},{"$i":"fdnContact-name","$v":"이름"},{"$i":"fdnContact-number","$v":"숫자"},{"$i":"fdnContact-submit","$v":"보내기"},{"$i":"fdnAction-add","$v":"연락처 추가"},{"$i":"fdnAction-call","$v":"걸기"},{"$i":"fdnAction-edit","$v":"연락처 수정"},{"$i":"fdnAction-edit-header","$v":"연락처 수정"},{"$i":"fdnAction-delete","$v":"연락처 삭제"},{"$i":"fdnNoFDNFreeRecord","$v":"Maximum FDN reached. You cannot add more numbers."},{"$i":"messagingSettings","$v":"문자 메시지"},{"$i":"messagingSettings-header","$v":[{"t":"idOrVar","v":"messagingSettings"}]},{"$i":"message-confirmation","$v":"메시지 확인"},{"$i":"message-delivery-reports","$v":"전송 여부 확인"},{"$i":"message-delivery-reports-details","$v":"각 메시지에 대한 전송 완료 알림을 요청하였습니다."},{"$i":"message-read-reports","$v":"전송 알림 내역 보기"},{"$i":"message-read-reports-details","$v":"각 보낸 메시지마다 알림 내역 보기 요청합니다."},{"$i":"mmsTitle","$v":"멀티미디어 메시지 (MMS)"},{"$i":"auto-retrieve","$v":"자동 가져오기"},{"$i":"auto-retrieve-details","$v":"자동으로 메시지 가져오기 설정"},{"$i":"manual-retrieve","$v":"끄기"},{"$i":"auto-roaming-retrieve","$v":"로밍하고 켜기"},{"$i":"auto-no-roaming-retrieve","$v":"로밍 안하고 켜기"},{"$i":"autoConfigure","$v":"자동 구성"},{"$i":"wapPushMessages","$v":"WAP 푸시 메시지"},{"$i":"wapPush","$v":"WAP 푸시"},{"$i":"cellBroadcastMessages","$v":"긴급재난문자 #국가기관마다 용어가 조금씩 다릅니다"},{"$i":"cellBroadcast","$v":"재난문자방송"},{"$i":"emergencyAlert","$v":"재난문자"},{"$i":"messagingInformation","$v":"정보"},{"$i":"messaging-SMSC","$v":"서비스 센터"},{"$i":"messaging-sim-settings","$v":["SIM ",{"t":"idOrVar","v":"index"}," 설정"]},{"$i":"unknown-SMSC","$v":"정보를 알 수 없음"},{"$i":"cellularAndData","$v":"모바일 데이터"},{"$i":"cellularAndData-header","$v":[{"t":"idOrVar","v":"cellularAndData"}]},{"$i":"dataNetwork","$v":"데이터 네트워크"},{"$i":"dataConnectivity","$v":"데이터"},{"$i":"dataConnection","$v":"데이터 연결"},{"$i":"dataRoaming","$v":"데이터 로밍"},{"$i":"networkOperator","$v":"망 사업자"},{"$i":"networkOperator-header","$v":[{"t":"idOrVar","v":"networkOperator"}]},{"$i":"availableOperators","$v":"현재 지역망 사업자"},{"$i":"preferredNetworkTypeAlertTitle","$v":"선호하는 네트워크 종류"},{"$i":"preferredNetworkTypeAlertErrorMessage","$v":"설정할 수 없는 네트워크 종류"},{"$i":"operator-networkType","$v":"네트워크 종류"},{"$i":"operator-networkType-auto","$v":"자동"},{"$i":"operator-networkType-prefer3G","$v":"3G 선호"},{"$i":"operator-networkType-2G","$v":"2G 전용"},{"$i":"operator-networkType-3G","$v":"3G 전용"},{"$i":"operator-networkType-GSM","$v":"GSM"},{"$i":"operator-networkType-WCDMA","$v":"WCDMA"},{"$i":"operator-networkType-CDMA","$v":"CDMA"},{"$i":"operator-networkType-EVDO","$v":"EVDO"},{"$i":"operator-networkType-LTE","$v":"LTE"},{"$i":"operator-networkType-preferWCDMA","$v":"WCDMA 선호"},{"$i":"operator-networkType-auto-2G-3G","$v":"자동 (2G/3G)"},{"$i":"operator-networkType-auto-CDMA-EVDO","$v":"자동 (CDMA/EVDO)"},{"$i":"operator-networkType-auto-WCDMA-GSM","$v":"자동 (WCDMA/GSM)"},{"$i":"operator-networkType-auto-LTE-WCDMA-GSM","$v":"자동 (LTE/WCDMA/GSM)"},{"$i":"operator-networkType-auto-LTE-CDMA-EVDO","$v":"자동 (LTE/CDMA/EVDO)"},{"$i":"operator-networkType-auto-WCDMA-GSM-CDMA-EVDO","$v":"자동 (WCDMA/GSM/CDMA/EVDO)"},{"$i":"operator-autoSelect","$v":"자동 선택"},{"$i":"operator-networkSelect-auto","$v":"자동"},{"$i":"operator-networkSelect-manual","$v":"수동"},{"$i":"operator-turnAutoSelectOff","$v":"자동 선택을 끄고 사용할 수 있는 망 사업자를 선택합니다."},{"$i":"operator-status-connecting","$v":"연결하는 중…"},{"$i":"operator-status-connectingfailed","$v":"연결 실패"},{"$i":"operator-status-connected","$v":"연결함"},{"$i":"operator-roamingPreference","$v":"로밍 선호"},{"$i":"operator-roamingPreference-home","$v":"홈"},{"$i":"operator-roamingPreference-any","$v":"기타"},{"$i":"operator-roamingPreference-affiliated","$v":"협력"},{"$i":"apn","$v":"APN"},{"$i":"apnSettings","$v":"APN 설정"},{"$i":"apnSettings-header","$v":[{"t":"idOrVar","v":"apnSettings"}]},{"$i":"dataSettings","$v":"데이터 설정"},{"$i":"dataSettings-header","$v":[{"t":"idOrVar","v":"dataSettings"}]},{"$i":"suplSettings","$v":"A-GPS 설정"},{"$i":"suplSettings-header","$v":[{"t":"idOrVar","v":"suplSettings"}]},{"$i":"messageSettings","$v":"메시지 설정"},{"$i":"messageSettings-header","$v":[{"t":"idOrVar","v":"messageSettings"}]},{"$i":"dunSettings","$v":"테더링 설정"},{"$i":"dunSettings-header","$v":[{"t":"idOrVar","v":"dunSettings"}]},{"$i":"imsSettings","$v":"IMS 설정"},{"$i":"imsSettings-header2","$v":[{"t":"idOrVar","v":"imsSettings"}]},{"$i":"apn-editor-header","$v":"APN 편집기"},{"$i":"mmsport","$v":"MMS 포트"},{"$i":"mmsproxy","$v":"MMS 프록시"},{"$i":"mmsc","$v":"MMSC"},{"$i":"httpProxyHost","$v":"HTTP 프록시 호스트"},{"$i":"httpProxyPort","$v":"HTTP 프록시 포드"},{"$i":"custom","$v":"(사용자 설정)"},{"$i":"apn-authType","$v":"Authentication"},{"$i":"apn-authType-notDefined","$v":"정하지 않음"},{"$i":"apn-authType-none","$v":"없음"},{"$i":"apn-authType-pap","$v":"PAP"},{"$i":"apn-authType-chap","$v":"CHAP"},{"$i":"apn-authType-papOrChap","$v":"PAP 또는 CHAP"},{"$i":"apn-protocol","$v":"프로토콜"},{"$i":"apn-roaming-protocol","$v":"로밍 프로토콜"},{"$i":"apn-protocol-notDefined","$v":"정하지 않음"},{"$i":"apn-protocol-ip","$v":"IPv4"},{"$i":"apn-protocol-ipv6","$v":"IPv6"},{"$i":"apn-protocol-ipv4v6","$v":"IPv4/IPv6"},{"$i":"apn-type","$v":"APN 종류"},{"$i":"dataConnection-warning-head","$v":"정말로 데이터 연결을 켜시겠습니까?"},{"$i":"dataConnection-warning-message","$v":"필요할 경우 애플리케이션이 인터넷 연결을 통해 자동으로 데이터를 받아올 것입니다. 데이터 요금이 더 나올 수 있습니다."},{"$i":"dataRoaming-warning-head","$v":"정말로 데이터 로밍을 켜시겠습니까?"},{"$i":"dataRoaming-warning-message","$v":"서비스 동의 사항에 따라 로밍 지역에 있을 경우 요금이 더 나올 수 있습니다."},{"$i":"change-apn-warning-message1","$v":"Depending on your service agreement, changing your APN setting may result in extra charges when roaming. Do you want to proceed?"},{"$i":"reset-apn-warning-title","$v":"기본값으로 재설정"},{"$i":"reset-apn-warning-message","$v":"기본값으로 재설정하며 되돌릴 수 없습니다."},{"$i":"state-unknown","$v":"알 수 없는 상태"},{"$i":"state-available","$v":"사용할 수 있음"},{"$i":"state-connected","$v":"연결됨"},{"$i":"state-current","$v":"연결됨"},{"$i":"state-forbidden","$v":"사용할 수 없음"},{"$i":"delete-apn-confirm","$v":"이 APN을 삭제하시겠습니까?"},{"$i":"delete-apn","$v":"삭제"},{"$i":"add-apn","$v":"새 APN 추가"},{"$i":"reset-apn","$v":"기본값으로 재설정"},{"$i":"apnSettings-reset","$v":"APN 재설정"},{"$i":"bluetooth","$v":"블루투스"},{"$i":"bluetooth-header","$v":[{"t":"idOrVar","v":"bluetooth"}]},{"$i":"bluetooth-enable-msg","$v":"블루투스를 켜서 주변에 있는 기기를 연결합니다."},{"$i":"bluetooth-paired-devices","$v":"연결된 기기"},{"$i":"bluetooth-devices-in-area","$v":"연결 가능 기기"},{"$i":"bluetooth-visible-to-all","$v":"내 기기 공개하기"},{"$i":"bluetooth-name-maxlength-alert","$v":["기기의 이름이 ",{"t":"idOrVar","v":"length"},"자를 넘어갔습니다. 다시 시도해 주십시오."]},{"$i":"bluetooth-address","$v":"블루투스 주소"},{"$i":"bluetooth-address-unavailable","$v":"사용할 수 없음"},{"$i":"bt-status-nopaired","$v":"연결된 기기 없음"},{"$i":"bt-status-turnoff","$v":"꺼짐"},{"$i":"bt-status-paired","$v":{"zero":[{"t":"idOrVar","v":"name"}],"one":[{"t":"idOrVar","v":"name"},", +",{"t":"idOrVar","v":"n"},"개 더 있음"],"two":[{"t":"idOrVar","v":"name"},", +",{"t":"idOrVar","v":"n"},"개 더 있음"],"few":[{"t":"idOrVar","v":"name"},", +",{"t":"idOrVar","v":"n"},"개 더 있음"],"many":[{"t":"idOrVar","v":"name"},", +",{"t":"idOrVar","v":"n"},"개 더 있음"],"other":[{"t":"idOrVar","v":"name"},", +",{"t":"idOrVar","v":"n"},"개 더 있음"]},"$x":[{"t":"idOrVar","v":"plural"},"n"]},{"$i":"device-status-tap-connect","$v":"탭해서 연결"},{"$i":"device-status-pairing","$v":"기기와 페어링…"},{"$i":"device-status-waiting","$v":"다른 기기를 기다리는 중…"},{"$i":"device-status-paired","$v":"페어링 완료"},{"$i":"device-status-connecting","$v":"연결 중…"},{"$i":"device-status-connected","$v":"연결 완료"},{"$i":"device-status-connected-media","$v":"미디어 오디오에 연결됨"},{"$i":"device-option-unpair","$v":"페어링 종료"},{"$i":"device-option-confirm","$v":"확인"},{"$i":"device-option-unpair-confirmation","$v":"확인"},{"$i":"device-option-unpair-device","$v":"기기 페어링을 종료하시겠습니까?"},{"$i":"device-option-connect","$v":"연결"},{"$i":"device-option-disconnect","$v":"연결 해제"},{"$i":"search-for-device","$v":"주변에 사용 가능 기기를 검색하는 중…"},{"$i":"search-device","$v":"검색하기"},{"$i":"rename-device","$v":"내 기기 이름 변경"},{"$i":"unnamed-device","$v":"알 수 없는 기기"},{"$i":"change-phone-name-desc","$v":"사용자의 컴퓨터에 표시할 사용자의 기기 이름 변경"},{"$i":"bluetooth-new-name","$v":"새 이름"},{"$i":"error-pair-title","$v":"기기에 페어링할 수 없음"},{"$i":"error-pair-pincode","$v":"기기에 페어링할 수 없습니다. PIN 번호가 올바른지 확인해주십시오."},{"$i":"error-pair-toofast","$v":"기기에 페어링할 수 없습니다. 요청이 너무 많습니다."},{"$i":"error-connect-title","$v":"기기에 연결할 수 없습니다"},{"$i":"error-connect-msg","$v":"연결하려는 기기가 반경 내에 있고 블루투스가 켜져 있는지 다시 한번 확인해주십시오."},{"$i":"unpair-title","$v":"기기와의 페어링을 종료하시겠습니까?"},{"$i":"unpair-msg","$v":"귀하는 현재 기기와 연결되어 있습니다. 페어링을 종료하시면 기기와 자동으로 연결이 해제됩니다."},{"$i":"nfc","$v":"NFC"},{"$i":"SSIDCannotBeEmpty","$v":"SSID는 반드시 입력해야 함"},{"$i":"internetSharing","$v":"인터넷 공유"},{"$i":"internetSharing-header","$v":[{"t":"idOrVar","v":"internetSharing"}]},{"$i":"internetSharing-usb","$v":"USB"},{"$i":"internetSharing-wifi","$v":"Wi-Fi"},{"$i":"wifi-hotspot","$v":"Wi-Fi 핫스팟"},{"$i":"wifi-name","$v":"이름"},{"$i":"wifi-password","$v":"암호"},{"$i":"wifi-security","$v":"보안"},{"$i":"usb-tethering","$v":"USB 테더링"},{"$i":"hotspotSettings","$v":"핫스팟 설정"},{"$i":"wifi-auth-username","$v":"사용자명"},{"$i":"wifi-auth-password","$v":"암호"},{"$i":"wifi-join-username","$v":"사용자명"},{"$i":"wifi-join-password","$v":"암호"},{"$i":"hotspotSettings-header","$v":[{"t":"idOrVar","v":"hotspotSettings"}]},{"$i":"ssid-name","$v":"SSID 네트워크 이름"},{"$i":"hotspot-open","$v":"개방"},{"$i":"hotspot-wpa-psk","innerHTML":"WPA (TKIP)"},{"$i":"hotspot-wpa2-psk","innerHTML":"WPA2 (AES)"},{"$i":"hotspot-password-desc","$v":"암호는 적어도 8자 이상 되어야 합니다."},{"$i":"personalization","$v":"개인화 설정"},{"$i":"sound","$v":"소리"},{"$i":"sound-header","$v":[{"t":"idOrVar","v":"sound"}]},{"$i":"volume","$v":"소리 크기"},{"$i":"tones","$v":"소리"},{"$i":"touch-tones","$v":"터치 소리 듣기"},{"$i":"touch-tone-short","$v":"짦게"},{"$i":"touch-tone-long","$v":"길게"},{"$i":"select-tone","$v":"소리 선택하기"},{"$i":"ringtones","$v":"울림 소리"},{"$i":"alerts","$v":"알림"},{"$i":"manage-tones","$v":"소리 관리"},{"$i":"other-sounds","$v":"다른 소리"},{"$i":"unlock-screen","$v":"잠금 해제"},{"$i":"camera","$v":"사진기"},{"$i":"sent-message","$v":"보낸 메시지"},{"$i":"alarm-sound","$v":"경보음"},{"$i":"ringtone-and-notification-sound","$v":"울림 소리 및 알림"},{"$i":"media-sound","$v":"미디어"},{"$i":"saving-tone","$v":"저장중…"},{"$i":"no-ringtone-app","$v":"밸소리를 관리하는 벨소리 앱을 찾을 수 없습니다!"},{"$i":"display","$v":"화면"},{"$i":"display-header","$v":[{"t":"idOrVar","v":"display"}]},{"$i":"brightness","$v":"밝기"},{"$i":"brightness-autoAdjust","$v":"자동으로 조절"},{"$i":"lockScreen","$v":"화면 잠금"},{"$i":"wallpaper","$v":"배경"},{"$i":"screen-timeout","$v":"화면 자동 꺼짐"},{"$i":"one-minute","$v":"1분후"},{"$i":"two-minutes","$v":"2분후"},{"$i":"five-minutes","$v":"5분후"},{"$i":"ten-minutes","$v":"10분후"},{"$i":"never","$v":"설정 안함"},{"$i":"lock-orientation","$v":"화면 전환 잠금"},{"$i":"navigation","$v":"네비게이션"},{"$i":"navigation-header","$v":[{"t":"idOrVar","v":"navigation"}]},{"$i":"edge-swipe-navigation","$v":"경계 스와이프 네비게이션"},{"$i":"edge-swipe-navigation-enable-msg","$v":"화면의 왼쪽이나 오른쪽 경계를 드래그 해서 앱을 전환합니다."},{"$i":"notifications","$v":"알림"},{"$i":"notifications-header","$v":[{"t":"idOrVar","v":"notifications"}]},{"$i":"lockscreen-notifications","$v":"잠금 화면에서도 보이기"},{"$i":"notifications-resend","$v":"재시작 후 보임"},{"$i":"dateAndTime","$v":"날짜 및 시간"},{"$i":"dateAndTime-header","$v":[{"t":"idOrVar","v":"dateAndTime"}]},{"$i":"setTimeAutomatically","$v":"자동으로 맞춤"},{"$i":"setTimeManually","$v":"수동으로 맞춤"},{"$i":"timezoneMessage","$v":"시간대"},{"$i":"dateMessage","$v":"날짜"},{"$i":"timeMessage","$v":"시간"},{"$i":"selectTimezoneContinent","$v":"대륙 선택"},{"$i":"selectTimezone","$v":"시간대 설정"},{"$i":"time-format","$v":"형식"},{"$i":"time-format-time","$v":"시간 형식"},{"$i":"hour-12","$v":"12시간"},{"$i":"hour-24","$v":"24시간"},{"$i":"languageAndRegion","$v":"언어 및 국가"},{"$i":"language","$v":"언어"},{"$i":"language-header","$v":[{"t":"idOrVar","v":"language"}," 선택"]},{"$i":"region","$v":"국가"},{"$i":"more-languages","$v":"Get More Languages"},{"$i":"sample-format","$v":"샘플 형식"},{"$i":"longDateFormat","$v":"%Y %B %d일 %A"},{"$i":"simManager","$v":"SIM 관리자"},{"$i":"simManager-header","$v":[{"t":"idOrVar","v":"simManager"}]},{"$i":"simSettings","$v":"SIM 설정"},{"$i":"sim-manager-outgoing-calls","$v":"착신 통화"},{"$i":"sim-manager-outgoing-call-desc","$v":"받은 통화"},{"$i":"sim-manager-outgoing-messages","$v":"착신 메시지"},{"$i":"sim-manager-outgoing-messages-desc","$v":"받은 메시지"},{"$i":"sim-manager-outgoing-data","$v":"데이터"},{"$i":"sim-manager-outgoing-data-description","$v":"데이터 서비스 네트워크와 Marketplace 결제"},{"$i":"sim-manager-always-ask","$v":"항상 묻기"},{"$i":"sim-pin-locked","$v":"SIM PIN 잠김"},{"$i":"no-operator","$v":"사업자 없음"},{"$i":"cant-disable-simcard-alert","$v":"적어도 한번에 하나의 SIM이 활성화되어야 함"},{"$i":"disable-simcard-confirm","$v":["SIM ",{"t":"idOrVar","v":"disableCardIndex"},"은 더이상 전화와 메시지를 받을 수 없습니다. SIM ",{"t":"idOrVar","v":"disableCardIndex"},"으로 설정된 착신 통화와 착신 메시지들은 비활성화될 것입니다."]},{"$i":"change-outgoing-data-confirm","$v":"현재 데이터 전송이 실패하였습니다. 계속 하시겠습니까?"},{"$i":"homescreen","$v":"홈 화면"},{"$i":"vertical-homescreen-header","$v":"홈 화면"},{"$i":"vertical-homescreen-layout","$v":"레이아웃"},{"$i":"vertical-homescreen-icon-layout","$v":"아이콘 레이아웃"},{"$i":"vertical-homescreen-three-columns","$v":"3단 다단"},{"$i":"vertical-homescreen-four-columns","$v":"4단 다단"},{"$i":"notice","$v":"알림"},{"$i":"search","$v":"검색"},{"$i":"search-header","$v":"검색"},{"$i":"search-engine","$v":"검색 엔진"},{"$i":"search-suggestions","$v":"추천 검색어"},{"$i":"search-suggestions-description","$v":"입력된 검색어는 검색 서비스 제공자에게 전송되고 추전 검색어 제공에 활용됩니다. 이 기능을 사용할 경우 추가적인 데이터 비용이 발생할 수 있습니다."},{"$i":"homescreens","$v":"홈 화면"},{"$i":"homescreens-header","$v":[{"t":"idOrVar","v":"homescreens"}]},{"$i":"changeHomescreen","$v":"홈 화면 변경"},{"$i":"changeHomescreenButton","$v":"변경"},{"$i":"description","$v":"설명"},{"$i":"keyboardSettings","$v":"키보드 설정"},{"$i":"selectedKeyboards","$v":"선택한 키보드"},{"$i":"keyboards","$v":"키보드"},{"$i":"keyboards-header","$v":[{"t":"idOrVar","v":"keyboards"}," 설정"]},{"$i":"numberKeyboardLayouts","$v":"숫자 레이아웃"},{"$i":"optionKeyboardLayouts","$v":"선택 레이아웃"},{"$i":"keypad","$v":"키패드"},{"$i":"dialpad","$v":"다이얼 패드"},{"$i":"selectKeyboards","$v":"키보드 선택"},{"$i":"selectKeyboards-header","$v":[{"t":"idOrVar","v":"selectKeyboards"}]},{"$i":"mustHaveOneKeyboard","$v":["최소 한개의 ",{"t":"idOrVar","v":"type"}," 키보드가 선택되어야 함"]},{"$i":"keyboardType-text","$v":"텍스트"},{"$i":"keyboardType-url","$v":"URL"},{"$i":"keyboardType-number","$v":"숫자"},{"$i":"defaultKeyboardEnabled","$v":[{"t":"idOrVar","v":"appName"}," ",{"t":"idOrVar","v":"layoutName"},"이 기본 입력기로 설정됨"]},{"$i":"themes","$v":"테마"},{"$i":"themes-header","$v":[{"t":"idOrVar","v":"themes"}]},{"$i":"fxa","$v":"Firefox 계정"},{"$i":"accounts","$v":"계정 관리"},{"$i":"fxa-accounts","$v":"Firefox 계정"},{"$i":"fxa-accounts-header","$v":[{"t":"idOrVar","v":"fxa-accounts"}]},{"$i":"fxa-overview","$v":"Firefox 계정을 통해서 내 기기 찾기나 Firefox Marketplace와 같은 앱을 사용할 수 있습니다."},{"$i":"fxa-invitation","$v":"계정 생성 또는 로그인"},{"$i":"fxa-confirm-account","$v":"계정 확인"},{"$i":"fxa-verification-email-sent-msg","$v":["다음의 주소로 이메일을 보냄: ",{"t":"idOrVar","v":"email"}]},{"$i":"fxa-please-verify","$v":"계정을 확인하기 위해서 이메일의 인증 링크를 클릭하세요."},{"$i":"fxa-cancel-confirmation","$v":"계정 확인 취소"},{"$i":"fxa-resend-alert","$v":[{"t":"idOrVar","v":"email"},"로 인증 링크가 발송되었습니다."]},{"$i":"fxa-dont-see-email","$v":["이메일을 찾을 수 없나요? ",{"t":"idOrVar","v":"resend"},"."]},{"$i":"fxa-resend","$v":"재전송"},{"$i":"fxa-about","$v":"소개"},{"$i":"fxa-logged-in-text","$v":[{"t":"idOrVar","v":"email"}," 주소로 로그인"]},{"$i":"fxa-signed-in-header","$v":"로그인됨"},{"$i":"fxa-marketplace-app","$v":"Marketplace"},{"$i":"fxa-find-my-device-app","$v":"내 기기 찾기"},{"$i":"fxa-options","$v":"옵션"},{"$i":"fxa-sign-out","$v":"로그아웃"},{"$i":"fxa-confirm-email","$v":[{"t":"idOrVar","v":"email"}," 주소를 확인해 주세요"]},{"$i":"findmydevice","$v":"내 기기 찾기"},{"$i":"findmydevice-create-account","$v":"계정을 생성하거나 로그인"},{"$i":"findmydevice-enable","$v":"내 기기 찾기 활성화"},{"$i":"findmydevice-about","$v":"내 기기 찾기 소개"},{"$i":"findmydevice-enable-geolocation-prompt","$v":"위치 정보를 활성화?"},{"$i":"findmydevice-enable-geolocation-description","$v":"기기의 위치를 확인하기 위해서 위지 정보 추적을 활성화 해야 합니다."},{"$i":"findmydevice-geolocation-enabled","$v":"위치 정보 활성화"},{"$i":"findmydevice-enable-network","$v":"기기가 현재 오프라인 상태입니다. 네트워크에 연결하고 다시 시도해 주세요."},{"$i":"findmydevice-error","$v":"내 기기 찾기에 오류가 발생하였습니다."},{"$i":"findmydevice-please-try","$v":"다시 시도해 주십시오."},{"$i":"findmydevice-please-tap","$v":"탭하여 다시 시도해 주십시오."},{"$i":"privacyAndSecurity","$v":"개인정보 보호 및 보안"},{"$i":"passcode-lock","$v":"비밀번호로 잠금"},{"$i":"passcode-lock-desc","$v":["비밀번호: ",{"t":"idOrVar","v":"code"}]},{"$i":"screenLock","$v":"화면 잠금"},{"$i":"screenLock-header","$v":[{"t":"idOrVar","v":"screenLock"}]},{"$i":"simSecurity","$v":"SIM 보안"},{"$i":"simSecurity-header","$v":[{"t":"idOrVar","v":"simSecurity"}]},{"$i":"appPermissions","$v":"애플리케이션 권한"},{"$i":"appPermissions-header","$v":[{"t":"idOrVar","v":"appPermissions"}]},{"$i":"author","$v":"만든이"},{"$i":"permissions","$v":"권한"},{"$i":"revoke","$v":"취소"},{"$i":"ask","$v":"매번 묻기"},{"$i":"deny","$v":"거절"},{"$i":"allow","$v":"허용"},{"$i":"uninstallApp","$v":"앱 삭제"},{"$i":"phone","$v":"전화"},{"$i":"messages","$v":"메시지"},{"$i":"vibrate","$v":"진동"},{"$i":"ring","$v":"벨 울림"},{"$i":"change","$v":"변경"},{"$i":"create","$v":"만들기"},{"$i":"create-a-passcode","$v":"비밀번호 만들기"},{"$i":"passcode","$v":"비밀번호"},{"$i":"passcode-heading","$v":"비밀번호"},{"$i":"enter-passcode","$v":"비밀번호 입력"},{"$i":"new-passcode","$v":"새 비밀번호"},{"$i":"current-passcode","$v":"현재 비밀번호"},{"$i":"incorrect-passcode","$v":"올바르지 않은 비밀번호"},{"$i":"passcode-doesnt-match","$v":"비밀번호가 맞지 않습니다."},{"$i":"confirm-passcode","$v":"비밀번호 확인"},{"$i":"immediately","$v":"즉시"},{"$i":"after-one-minute","$v":"1분 후"},{"$i":"after-five-minutes","$v":"5분 후"},{"$i":"after-fifteen-minutes","$v":"15분 후"},{"$i":"after-thirty-minutes","$v":"30분 후"},{"$i":"after-one-hour","$v":"1시간 후"},{"$i":"require-passcode","$v":"비밀번호 필요"},{"$i":"change-passcode","$v":"비밀번호 변경"},{"$i":"noSimCard","$v":"SIM 카드 없음"},{"$i":"simPin","$v":"SIM PIN"},{"$i":"simPin2","$v":"SIM PIN2"},{"$i":"simPinWithIndex","$v":["SIM ",{"t":"idOrVar","v":"index"}," PIN"]},{"$i":"pukCode","$v":"PUK 코드"},{"$i":"puk2Code","$v":"PUK2 코드"},{"$i":"whatIsSimPin","$v":"SIM PIN이 무엇입니까?"},{"$i":"simPinIntro1","$v":"SIM PIN은 SIM 카드가 이동통신망에 접속하는 것을 제한할 수 있습니다. 이 설정이 켜지면, 재시작할 때부터 SIM 카드가 포함된 장치에서 PIN 코드를 요청합니다."},{"$i":"simPinIntro2","$v":"SIM PIN은 기기의 잠금을 해제하는 암호와는 다릅니다."},{"$i":"changeSimPin","$v":"PIN 변경"},{"$i":"simPinChangedSuccessfully","$v":"SIM PIN이 성공적으로 변경됨"},{"$i":"simPinChangedSuccessfullyWithIndex","$v":["SIM ",{"t":"idOrVar","v":"index"}," PIN이 성공적으로 변경됨"]},{"$i":"pinTitle","$v":"SIM PIN 입력"},{"$i":"pin2Title","$v":"SIM PIN2 입력"},{"$i":"pukTitle","$v":"PUK 코드 입력"},{"$i":"puk2Title","$v":"PUK2 코드 입력"},{"$i":"newpinTitle","$v":"새 PIN"},{"$i":"inputCodeRetriesLeft","$v":{"one":"마지막 기회입니다.","two":[{"t":"idOrVar","v":"n"},"번 남았습니다."],"few":[{"t":"idOrVar","v":"n"},"번 남았습니다."],"many":[{"t":"idOrVar","v":"n"},"번 남았습니다."],"other":[{"t":"idOrVar","v":"n"},"번 남았습니다."]},"$x":[{"t":"idOrVar","v":"plural"},"n"]},{"$i":"pinAttemptMsg3","$v":{"one":"SIM 카드가 잠기지 않고 올바른 코드를 입력할 수 있는 기회가 한 번 남았습니다.","two":["SIM 카드가 잠기지 않고 올바른 코드를 입력할 수 있는 기회가 ",{"t":"idOrVar","v":"n"},"번 남았습니다."],"few":["SIM 카드가 잠기지 않고 올바른 코드를 입력할 수 있는 기회가 ",{"t":"idOrVar","v":"n"},"번 남았습니다."],"many":["SIM 카드가 잠기지 않고 올바른 코드를 입력할 수 있는 기회가 ",{"t":"idOrVar","v":"n"},"번 남았습니다."],"other":["SIM 카드가 잠기지 않고 올바른 코드를 입력할 수 있는 기회가 ",{"t":"idOrVar","v":"n"},"번 남았습니다."]},"$x":[{"t":"idOrVar","v":"plural"},"n"]},{"$i":"pinLastChanceMsg","$v":"PIN 코드를 입력할 수 있는 마지막 기회입니다. 이 기회를 놓치면 PUK 코드를 입력해야 이 SIM 카드를 사용할 수 있습니다."},{"$i":"simCardLockedMsg","$v":"SIM 카드가 잠겼습니다."},{"$i":"simCardBlockedMsg","$v":"SIM 카드가 막혔습니다."},{"$i":"enterPukMsg","$v":"SIM 카드를 사용하기 위해서는 PUK (Personal Unlocking Key) 코드를 입력하십시오. 더 알아보시려면 SIM 카드의 문서를 찾아보시거나 통신사에 연락해 보십시오."},{"$i":"enterPuk2Msg","$v":"SIM 카드를 사용하기 위해서는 PUK2 (Personal Unlocking Key) 코드를 입력하십시오. 더 알아보시려면 SIM 카드의 문서를 찾아보시거나 통신사에 연락해 보십시오."},{"$i":"pukErrorMsg","$v":"PUK 코드가 틀렸습니다."},{"$i":"pukAttemptMsg3","$v":{"one":"SIM 카드를 영구적으로 사용할 수 없게 되기 전 올바른 PUK 코드를 입력할 수 있는 기회가 한 번 남았습니다. 더 알아보시려면 SIM 카드의 문서를 찾아보시거나 통신사에 연락해 보십시오.","two":["SIM 카드를 영구적으로 사용할 수 없게 되기 전 올바른 PUK 코드를 입력할 수 있는 기회가 ",{"t":"idOrVar","v":"n"},"번 남았습니다. 더 알아보시려면 SIM 카드의 문서를 찾아보시거나 통신사에 연락해 보십시오."],"few":["SIM 카드를 영구적으로 사용할 수 없게 되기 전 올바른 PUK 코드를 입력할 수 있는 기회가 ",{"t":"idOrVar","v":"n"},"번 남았습니다. 더 알아보시려면 SIM 카드의 문서를 찾아보시거나 통신사에 연락해 보십시오."],"many":["SIM 카드를 영구적으로 사용할 수 없게 되기 전 올바른 PUK 코드를 입력할 수 있는 기회가 ",{"t":"idOrVar","v":"n"},"번 남았습니다. 더 알아보시려면 SIM 카드의 문서를 찾아보시거나 통신사에 연락해 보십시오."],"other":["SIM 카드를 영구적으로 사용할 수 없게 되기 전 올바른 PUK 코드를 입력할 수 있는 기회가 ",{"t":"idOrVar","v":"n"},"번 남았습니다. 더 알아보시려면 SIM 카드의 문서를 찾아보시거나 통신사에 연락해 보십시오."]},"$x":[{"t":"idOrVar","v":"plural"},"n"]},{"$i":"pukLastChanceMsg","$v":"PUK 코드를 입력할 수 있는 마지막 기회입니다. 만약 PUK 코드를 틀리신다면 SIM 카드를 완전히 사용할 수 없게 됩니다. 더 알아보시려면 SIM 카드의 문서를 찾아보시거나 통신사에 연락해 보십시오."},{"$i":"newSimPinMsg","$v":"PIN 만들기 (4~8자리 숫자)"},{"$i":"newSimPin2Msg","$v":"PIN 만들기 (4~8자리 숫자)"},{"$i":"confirmNewSimPinMsg","$v":"새 PIN 확인"},{"$i":"confirmNewSimPin2Msg","$v":"새 PIN2 확인"},{"$i":"newPinErrorMsg","$v":"PIN이 일치하지 않음"},{"$i":"simLockedPhone","$v":"SIM이 잠긴 전화"},{"$i":"unknownSimCardState","$v":"SIM 카드 상태를 알 수 없음"},{"$i":"simCardNotReady","$v":"SIM 카드가 준비되지 않음"},{"$i":"simCardIllegal","$v":"승인되지 않은 SIM 카드"},{"$i":"doNotTrack","$v":"방문자 추적 중지"},{"$i":"doNotTrack-header","$v":[{"t":"idOrVar","v":"doNotTrack"}]},{"$i":"doNotTrackActions","$v":"웹 사이트와 앱에 방문자 추적 중지를 요청"},{"$i":"allowTracking","$v":"웹 사이트와 앱에 방문자 추적을 요청"},{"$i":"doNotHavePrefOnTracking","$v":"웹 사이트와 앱에 내 방문자 추적 설정을 아무것도 알려주지 않음"},{"$i":"doNotTrack-dt","$v":"방문자 추적 중지 요청은 어떻게 돌아갑니까?"},{"$i":"doNotTrack-dd1","$v":"방문자 추적 중지 요청을 켜면, 현재 기기가 웹사이트와 앱에 (광고 및 컨텐츠 제공자까지) 페이지 방문시 쿠키 등의 방법으로 정보 저장 및 추적하지 않도록  알립니다."},{"$i":"doNotTrack-dd2","$v":"본 요청을 켜는 것은 웹사이트 로그인에 영향을 미치거나 현재 기기의 개인 정보를 지우는 것이 아닙니다. 다만, 웹 사이트가 개인 정보를 추적하지 않도록 하는 의사 표현으로 개인 정보나 웹 사이트 기록 - 장바구니, 위치 정보, 로그인 정보 - 에 아무런 영향을 끼치지 않습니다."},{"$i":"browsingPrivacy","$v":"사생활 보호 브라우징"},{"$i":"browsingPrivacy-header","$v":[{"t":"idOrVar","v":"browsingPrivacy"}]},{"$i":"confirm-clear-title","$v":"확인"},{"$i":"clear-browsing-history","$v":"방문 기록 삭제"},{"$i":"confirm-clear-browsing-history","$v":"방문 기록을 삭제하시겠습니까?"},{"$i":"clear-cookies-and-stored-data","$v":"쿠키와 저장된 데이터 삭제"},{"$i":"confirm-clear-cookies-and-stored-data","$v":"이 기기에 저장된 쿠키를 비롯한 모든 저장된 데이터를 삭제하시겠습니까?"},{"$i":"clear","$v":"삭제"},{"$i":"privacy-controls","$v":"Privacy Controls"},{"$i":"no-privacy-panel","$v":"No privacy panel app found"},{"$i":"storage","$v":"저장소"},{"$i":"enableUSBStorage1","$v":"USB 저장소"},{"$i":"umsUnplugToDisable","$v":"USB 케이블을 뽑아 중단하기"},{"$i":"appStorage","$v":"앱 저장소"},{"$i":"appStorage-header","$v":[{"t":"idOrVar","v":"appStorage"}]},{"$i":"storageSize","$v":[{"t":"idOrVar","v":"size"},{"t":"idOrVar","v":"unit"}]},{"$i":"availableSize","$v":{"zero":[{"t":"idOrVar","v":"size"},{"t":"idOrVar","v":"unit"}," 남음"],"one":[{"t":"idOrVar","v":"size"},{"t":"idOrVar","v":"unit"}," 남음"],"two":[{"t":"idOrVar","v":"size"},{"t":"idOrVar","v":"unit"}," 남음"],"few":[{"t":"idOrVar","v":"size"},{"t":"idOrVar","v":"unit"}," 남음"],"many":[{"t":"idOrVar","v":"size"},{"t":"idOrVar","v":"unit"}," 남음"],"other":[{"t":"idOrVar","v":"size"},{"t":"idOrVar","v":"unit"}," 남음"]},"$x":[{"t":"idOrVar","v":"plural"},"size"]},{"$i":"apps-total-space","$v":"총 공간"},{"$i":"apps-used-space","$v":"사용 공간"},{"$i":"apps-free-space","$v":"남은 공간"},{"$i":"storage-details","$v":"사진과 동영상, 음악은 앱과 다른 저장 공간에 저장됩니다. 보다 자세한 사항은 미디어 저장 공간을 참고하세요."},{"$i":"ums-shared-volumes","$v":[{"t":"idOrVar","v":"list"}," 공유됨"]},{"$i":"transferProtocol-header","$v":"전송 프로토콜"},{"$i":"protocol-mtp","$v":"미디어 전송 프로토콜 (MTP)"},{"$i":"protocol-ums","$v":"USB 대용량 저장소 (UMS)"},{"$i":"mediaStorage","$v":"미디어 저장소"},{"$i":"mediaStorage-header","$v":[{"t":"idOrVar","v":"mediaStorage"}]},{"$i":"storage-name-internal","$v":"내장 저장소"},{"$i":"storage-name-external-0","$v":"SD 카드 저장소"},{"$i":"storage-name-external-1","$v":"SD 카드 저장소 2"},{"$i":"short-storage-name-internal","$v":"내장"},{"$i":"short-storage-name-external-0","$v":"SD 카드"},{"$i":"short-storage-name-external-1","$v":"SD 카드 2"},{"$i":"music-space","$v":"음악"},{"$i":"pictures-space","$v":"사진"},{"$i":"videos-space","$v":"비디오"},{"$i":"left-space","$v":"남은 용량"},{"$i":"free-space","$v":"남은 용량"},{"$i":"total-space","$v":"총 용량"},{"$i":"size-not-available","$v":"사용할 수 없음"},{"$i":"no-storage","$v":"스토리지 없음"},{"$i":"advanced","$v":"상세 설정"},{"$i":"ums-warning-title","$v":"사용 가능한 USB 저장소입니까?"},{"$i":"default-media-location","$v":"기본 미디어 위치 선택"},{"$i":"default-media-location-msg","$v":"사진, 비디오, 음악, 다운로드한 파일이 기본 저장될 곳을 고르십시오."},{"$i":"change-default-media-location-confirmation","$v":"기본 미디어 저장소를 바꾸면 앞으로 모든 미디어가 저장되는 곳에 영향이 갑니다. 기존 데이터는 현재 위치에 남아있을 것입니다. 계속하시겠습니까?"},{"$i":"eject-sdcard-external-0","$v":"SD 카드 꺼내기"},{"$i":"eject-sdcard-external-1","$v":"두번째 SD 카드 꺼내기"},{"$i":"format-sdcard-internal","$v":"내부 저장소 포맷"},{"$i":"format-sdcard-external-0","$v":"SD 카드 포맷"},{"$i":"format-sdcard-external-1","$v":"두번째 SD 카드 포맷"},{"$i":"formatting","$v":"포맷하는 중…"},{"$i":"unmount-sdcard-confirmation","$v":"SD 카드를 내리고 나면 그 안에 들어있는 것을 볼 수 없습니다. 계속하시겠습니까?"},{"$i":"format-sdcard-title","$v":"SD 카드 포맷"},{"$i":"format-sdcard-message","$v":"사용자의 SD 카드에 저장된 음악이나 사진 등의 모든 데이터를 삭제합니다."},{"$i":"format-sdcard-internal-title","$v":"Format internal storage"},{"$i":"format-sdcard-internal-message","$v":"This will erase all data stored on your internal storage, such as music and photos."},{"$i":"format-sdcard-btnformat","$v":"포맷"},{"$i":"sdcardUnmounted","$v":"SD 카드 내림"},{"$i":"device","$v":"기기"},{"$i":"help","$v":"도움말"},{"$i":"deviceInfo","$v":"기기 정보"},{"$i":"deviceInfo-header","$v":[{"t":"idOrVar","v":"deviceInfo"}]},{"$i":"deviceInfo-IMEI","$v":"IMEI"},{"$i":"deviceInfo-ICCID","$v":"ICCID"},{"$i":"deviceInfo-MSISDN","$v":"전화번호"},{"$i":"deviceInfo-ICCID-unavailable-sim","$v":["SIM ",{"t":"idOrVar","v":"index"},": 사용할 수 없음"]},{"$i":"downloads","$v":"다운로드"},{"$i":"downloads-header","$v":[{"t":"idOrVar","v":"downloads"}]},{"$i":"unknown-phoneNumber","$v":"알 수 없음"},{"$i":"unknown-phoneNumber-sim","$v":["SIM ",{"t":"idOrVar","v":"index"},": 알 수 없음"]},{"$i":"gitInfo","$v":"Git 커밋 정보"},{"$i":"developer","$v":"개발자용"},{"$i":"developer-header","$v":[{"t":"idOrVar","v":"developer"}]},{"$i":"hud-settings-button","$v":"개발자 HUD"},{"$i":"hud-settings-header","$v":[{"t":"idOrVar","v":"hud-settings-button"}]},{"$i":"hud-devtools","$v":"개발자 도구"},{"$i":"hud-devtools-header","$v":[{"t":"idOrVar","v":"hud-devtools"}]},{"$i":"hud-logging","$v":"adb 변화 로깅"},{"$i":"hud-system","$v":"시스템 HUD 보이기"},{"$i":"hud-problems","$v":"문제점"},{"$i":"hud-warnings","$v":"경고"},{"$i":"hud-errors","$v":"오류"},{"$i":"hud-security","$v":"보안 문제점"},{"$i":"hud-performance","$v":"성능"},{"$i":"hud-reflows","$v":"리플로우"},{"$i":"hud-jank","$v":"Jank"},{"$i":"jank-threshold","$v":"Jank Threshold"},{"$i":"hud-fps","$v":"초당 프레임 수"},{"$i":"hud-ttl","$v":"로드 시간"},{"$i":"hud-memory","$v":"메모리"},{"$i":"hud-uss","$v":"고유 세트 크기(USS)"},{"$i":"hud-appmemory","$v":"앱 메모리"},{"$i":"hud-jsobjects","$v":"JS 오브젝트"},{"$i":"hud-jsstrings","$v":"JS 스트링"},{"$i":"hud-jsother","$v":"JS 그 외"},{"$i":"hud-dom","$v":"DOM"},{"$i":"hud-style","$v":"스타일"},{"$i":"hud-other","$v":"그 외"},{"$i":"software","$v":"소프트웨어"},{"$i":"devSettings","$v":"개발자 설정"},{"$i":"debug","$v":"디버그"},{"$i":"developer-menu","$v":"개발자 메뉴"},{"$i":"developer-tools","$v":"개발자 도구"},{"$i":"graphics","$v":"그래픽"},{"$i":"hardware-composer","$v":"하드웨어 컴포저"},{"$i":"paint-flashing","$v":"다시 그려지는 영역 강조"},{"$i":"dumps-layers","$v":"레이어 트리 덤프"},{"$i":"dumps-layerscope","$v":"Dump layerscope"},{"$i":"apz-overscroll","$v":"오버스크롤링"},{"$i":"tiling","$v":"타일링"},{"$i":"low-precision","$v":"낮은 정밀도의 페인팅"},{"$i":"low-opacity","$v":"낮은 정밀도의 투명도"},{"$i":"draw-tile-borders","$v":"타일 경계선 표시"},{"$i":"draw-layer-borders","$v":"레이어 경계선 표시"},{"$i":"log-animations","$v":"느린 애니메이션 로깅"},{"$i":"remote-debugging-usb","$v":"USB로 원격 디버깅"},{"$i":"dev-tools-wifi","$v":"Wi-Fi를 통한 개발자 도구"},{"$i":"dev-tools-qps","$v":"지역화 흉내내기(Pseudo-localization)"},{"$i":"debugger-disabled","$v":"비활성화"},{"$i":"debugger-adb-only","$v":"ADB 전용"},{"$i":"debugger-adb-and-devtools","$v":"ADB와 개발자도구"},{"$i":"wifi-debugging","$v":"adb로 Wi-Fi 출력"},{"$i":"bluetooth-debugging","$v":"adb로 블루투스 출력"},{"$i":"bluetooth-snoop-debugging","$v":"Bluetooth HCI sniffing logs to sdcard"},{"$i":"nfc-debugging","$v":"ADB로 NFC 출력"},{"$i":"ril-debugging","$v":"RIL output in ADB"},{"$i":"console-enabled","$v":"콘솔 켜기"},{"$i":"cards-view-screenshots","$v":"카드 뷰: 스크린샷"},{"$i":"geolocation-debugging-enabled","$v":"ADB로 위치 정보 출력"},{"$i":"geolocation-debugging-gps-locations-ignored","$v":"Ignore GPS locations"},{"$i":"use-reviewer-certs","$v":"Marketplace 리뷰어 인증서 쓰기"},{"$i":"shake-to-log","$v":"흔들어서 시스템 로그 저장"},{"$i":"model-name","$v":"모델"},{"$i":"os-version","$v":"OS 버전"},{"$i":"firmware_revision","$v":"펌웨어 버전"},{"$i":"hardware_revision","$v":"하드웨어 버전"},{"$i":"platform_version","$v":"플랫폼 버전"},{"$i":"build-id","$v":"빌드 식별자"},{"$i":"update-channel","$v":"업데이트 채널"},{"$i":"build_number","$v":"Build Number"},{"$i":"update-url","$v":"업데이트 URL"},{"$i":"last-updated","$v":"최신 업데이트"},{"$i":"more-info","$v":"상세 정보"},{"$i":"more-info-header","$v":[{"t":"idOrVar","v":"more-info"}]},{"$i":"softwareUpdates","$v":"소프트웨어 업데이트"},{"$i":"check-update-daily","$v":"매일"},{"$i":"check-update-weekly","$v":"매주"},{"$i":"check-update-monthly","$v":"매달"},{"$i":"check-for-updates","$v":"업데이트 확인"},{"$i":"check-update-now","$v":"지금 확인하기"},{"$i":"update-status","$v":"업데이트 상황"},{"$i":"no-network-when-update","$v":"Connect to the Internet to proceed with your update."},{"$i":"checking-for-update","$v":"업데이트 찾는 중…"},{"$i":"no-updates","$v":"업데이트 찾지 못함"},{"$i":"retry-when-online","$v":"네트워크가 끊어져 있습니다. 네트워크에 연결되면 다시 업데이트를 찾습니다."},{"$i":"already-latest-version","$v":["이미 최신 버전의 ",{"t":"idOrVar","v":"brandShortName"},"를 사용하고 있습니다"]},{"$i":"check-error","$v":"업데이트를 확인하다 오류가 발생했습니다."},{"$i":"aboutBrowserOS","$v":[{"t":"idOrVar","v":"brandShortName"}," 정보"]},{"$i":"browser-os-desc","$v":[{"t":"idOrVar","v":"brandShortName"},"는 Mozilla의 오픈 소스 모바일 운영체제입니다. 우리의 사명은 공유, 창조 및 선택 기회를 제공하여, 여러분이 개방된 웹의 힘을 느낄 수 있도록 합니다."]},{"$i":"learn-more","$v":"상세 정보"},{"$i":"reset-head","$v":"재설정"},{"$i":"reset-warning-title","$v":"경고"},{"$i":"unlock-privileges","$v":"Unlock Privileges"},{"$i":"reset-devtools","$v":"Reset and enable full DevTools"},{"$i":"reset-devtools-warning-title","$v":"CAUTION"},{"$i":"your-rights","$v":"라이센스 정보"},{"$i":"your-rights-header","$v":[{"t":"idOrVar","v":"your-rights"}]},{"$i":"about-your-rights-0","$v":[{"t":"idOrVar","v":"brandShortName"},"는 전 세계 수천명의 사람들이 있는 커뮤니티에서 만들어진 자유로운 오픈 소스 소프트웨어를 바탕으로 하고 있습니다. 이에 대하여 여러분이 알아두셔야 할 것이 몇 가지 있습니다:"]},{"$i":"about-your-rights-1","$v":[{"t":"idOrVar","v":"brandShortName"},"는 Mozilla Public License를 비롯한 여러 오픈 소스 라이선스 아래 사용하실 수 있습니다. ",{"t":"idOrVar","v":"brandShortName"},"가 들어있는 기기에는 서드 파티에서 제공하는 상용 소프트웨어가 들어있을 수도 있습니다. 오픈 라이선스 아래 제공되는 전체 코드에 대해 이를 따르는 한 여러분은 이를 고치고 다시 배포할 수 있는 권리가 있습니다."]},{"$i":"about-your-rights-2","$v":["Mozilla는 Mozilla와 ",{"t":"idOrVar","v":"brandShortName"}," 상표 및 로고에 대한 사용 권한은 허가하지 않습니다."]},{"$i":"about-your-rights-3","$v":[{"t":"idOrVar","v":"brandShortName"}," 내 문제 보고서 같은 기능은 Mozilla에 피드백을 보냅니다. 의견 보내기를 누르면 Mozilla에서 더 나은 제품을 만드는 데 의견을 웹 사이트에 게시, 배포하는 권한을 얻게 됩니다."]},{"$i":"about-legal-info","$v":"법적 고지 사항"},{"$i":"about-credit-info","$v":"정보"},{"$i":"about-legal-info-header","$v":[{"t":"idOrVar","v":"about-legal-info"}]},{"$i":"open-source-notices","$v":"오픈 소스 정보"},{"$i":"open-source-notices-header","$v":[{"t":"idOrVar","v":"open-source-notices"}]},{"$i":"obtaining-source-code","$v":"소스 코드 정보"},{"$i":"obtaining-source-code-header","$v":[{"t":"idOrVar","v":"obtaining-source-code"}]},{"$i":"about-mozilla","$v":"Mozilla"},{"$i":"about-other","$v":"기타"},{"$i":"your-privacy","$v":"개인 정보 보호 정책"},{"$i":"your-privacy-header","$v":[{"t":"idOrVar","v":"your-privacy"}]},{"$i":"licensing-1","$v":"Binaries of this product have been made available to you by the Mozilla Project, under the Mozilla Public License 2.0 (MPL). Know your rights."},{"$i":"licensing-2","$v":"All of the source code to this product is available under licenses which are both free and open source. Most of it is available under the Mozilla Public License 2.0 (MPL)."},{"$i":"licensing-3","$v":"The remainder of the software which is not under the Mozilla Public License 2.0 MPL is available under one of a variety of other licenses.  Those that require reproduction of the license text in the distribution are given below. (Note: your copy of this product may not contain code covered by one or more of the licenses listed here, depending on the exact product and version you choose.)"},{"$i":"licensing-MPL","$v":"Mozilla Public License 2.0"},{"$i":"licensing-Apache","$v":"Apache License 2.0"},{"$i":"launch-ftu","$v":"첫 사용 실행"},{"$i":"no-ftu","$v":"첫 사용 앱을 찾지 못함"},{"$i":"software-home-button","$v":"소프트웨어 홈 버튼"},{"$i":"home-gesture","$v":"홈 제스쳐"},{"$i":"continuous-transition","$v":"연속 전환 효과"},{"$i":"debug-gaia-enabled","$v":"Gaia 디버그 추적"},{"$i":"showScreenReaderSettings","$v":"스크린 리더 설정 보이기"},{"$i":"app-transition","$v":"앱 전환"},{"$i":"app-suspending","$v":"앱 정지"},{"$i":"copypaste","$v":"Copy/paste"},{"$i":"verbose-app-permissions","$v":"앱 권한 보이기"},{"$i":"window-management","$v":"창 관리"},{"$i":"downloads-edit","$v":"다운로드 항목 편집"},{"$i":"downloads-select-all","$v":"모두 선택"},{"$i":"downloads-deselect-all","$v":"선택 해제"},{"$i":"downloads-delete","$v":"삭제"},{"$i":"battery","$v":"배터리"},{"$i":"battery-header","$v":[{"t":"idOrVar","v":"battery"}]},{"$i":"batteryLevel","$v":"현재 잔량"},{"$i":"batteryLevel-percent-unplugged","$v":[{"t":"idOrVar","v":"level"},"%"]},{"$i":"batteryLevel-percent-charging","$v":[{"t":"idOrVar","v":"level"},"% (충전 중)"]},{"$i":"batteryLevel-percent-charged","$v":[{"t":"idOrVar","v":"level"},"% (충전 완료)"]},{"$i":"powerSaveModeTitle","$v":"Power Save Mode"},{"$i":"powerSaveMode","$v":"절전 모드"},{"$i":"powerSave-threshold","$v":["배터리 ",{"t":"idOrVar","v":"level"},"% 남을 때"]},{"$i":"turnOnAuto","$v":"자동 전환"},{"$i":"accessibility","$v":"접근성"},{"$i":"accessibility-header","$v":[{"t":"idOrVar","v":"accessibility"}]},{"$i":"screenReader","$v":"화면 읽어주기"},{"$i":"screenReader-header","$v":[{"t":"idOrVar","v":"screenReader"}]},{"$i":"screenReader-toggle","$v":[{"t":"idOrVar","v":"screenReader"}]},{"$i":"colorFilter","$v":"색상 거르기"},{"$i":"colorFilter-header","$v":[{"t":"idOrVar","v":"colorFilter"}]},{"$i":"colorFilter-toggle","$v":[{"t":"idOrVar","v":"colorFilter"}]},{"$i":"screenReader-captions","$v":"Display speech"},{"$i":"screenReader-enable-msg","$v":"스크린 리더를 활성화시키면 시각 장애인 혹은 시력이 약한 사용자들을 위해 음성으로 피드백이 제공됩니다."},{"$i":"screen-reader-speech-volume","$v":"음성 크기"},{"$i":"screen-reader-speech-rate","$v":"음성 빠르기"},{"$i":"screenReader-confirm-title-start","$v":"스크린 리더를 켜시겠습니까?"},{"$i":"screenReader-confirm-description-start","$v":"스크린 리더를 켜면 터치 스크린을 작동하는 방식이 변경됩니다. 음성 피드백을 듣고 싶은 부분은 손가락으로 한 번 터치하고 기능을 동작하기 위해서는 두번 탭을 합니다."},{"$i":"screenReader-confirm-button-start","$v":"켜기"},{"$i":"screenReader-confirm-title-stop","$v":"스크린 리더를 끄시겠습니까?"},{"$i":"screenReader-confirm-description-stop","$v":"스크린 리더를 끄면 모든 음성 피드백을 중지합니다."},{"$i":"screenReader-confirm-button-stop","$v":"끄기"},{"$i":"colorFilter-invert","$v":"반전"},{"$i":"colorFilter-grayscale","$v":"흑백"},{"$i":"colorFilter-contrast","$v":"대비"},{"$i":"improveBrowserOS","$v":[{"t":"idOrVar","v":"brandShortName"}," 개선"]},{"$i":"improveBrowserOSTitle","$v":[{"t":"idOrVar","v":"brandShortName"}," 개선"]},{"$i":"sendMozillaFeedback","$v":"빠른 의견 보내기"},{"$i":"performanceAndUsageData","$v":"성능 및 사용 데이터"},{"$i":"sharePerformanceAndUsageData","$v":"성능 데이터 보내기"},{"$i":"appUsageByRegion","$v":"App usage by region"},{"$i":"crashReports","$v":"문제점 보고서"},{"$i":"crashReports-header","$v":[{"t":"idOrVar","v":"crashReports"}]},{"$i":"crashReportInfo","$v":"프로그램이 갑자기 죽을 때, Mozilla에 보고서를 보내면 모두를 위해 문제점을 고치는 데 도움이 됩니다. 보고서는 Wi-Fi로만 보내집니다."},{"$i":"alwaysSendReport","$v":"항상 보내기"},{"$i":"neverSendReport","$v":"보내지 않기"},{"$i":"askToSendReport2","$v":"매번 물어보기"},{"$i":"crash-reports-description-1","$v":"문제 보고서에는 프로그램 종료가 갑자기 일어났을 때 그대로를 담을 수 있도록 자세한 상태 정보와 기기 정보가 들어갑니다."},{"$i":"crash-reports-description-2","$v":"여기에는 열려있는 페이지와 앱, 양식 및  메시지에 입력한 텍스트, 최근 웹 방문 기록, 또는 샐행 중 앱에서 쓴 위치 정보가 들어있을 수 있습니다."},{"$i":"crash-reports-description-3-start","$v":"우리는 문제 보고서로 문제점을 고치고 제품을 개선하는 데 씁니다. 우리는 여러분의 정보를 다음에 설명되어 있는 대로 관리합니다:"},{"$i":"crash-reports-description-3-privacy","$v":"개인 정보 보호 정책"},{"$i":"crash-reports-description-3-end","$v":""},{"$i":"sendFeedbackTitle","$v":"의견 보내기"},{"$i":"feedback-description","$v":"보내주신 의견은 Firefox OS를 향상시키는데 도움이 됩니다."},{"$i":"feedback-happy","$v":"좋음"},{"$i":"feedback-sad","$v":"나쁨"},{"$i":"feedback-mood-description","$v":"사용 소감이 어떠한가요?"},{"$i":"feedback_whyfeel_happy","$v":"왜 좋다고 느끼셨나요?"},{"$i":"feedback_whyfeel_sad","$v":"왜 나쁘다고 느끼셨나요?"},{"$i":"feedback-mood-explain","$v":"보다 상세히 알려주세요."},{"$i":"feedback-public-description","$v":"의견의 내용은 공개될 수 있기 때문에 개인정보를 포함하지 않도록 주의하시기 바랍니다."},{"$i":"feedback-contactyou","$v":"이메일 주소로 연락을 허용하려면 여기를 체크하세요."},{"$i":"email-address1","$v":"이메일 주소 :"},{"$i":"email-keepprivate","$v":"이메일 주소는 항상 보호되기 때문에 걱정하실 필요 없습니다.."},{"$i":"feedback-sendbtn","$v":"의견 보내기"},{"$i":"feedback-errormessage-connect-error","$v":"데이터 연결 오류가 발생하였습니다. 지금 바로 의견을 전송할 수 없습니다. 데이터 연결 문제를 해결한 후 다시 시도해 주세요."},{"$i":"feedback-errormessage-server-off","$v":"서버가 응답하지 않습니다. 지금 바로 의견을 전송할 수 없습니다. 잠시 후에 다시 시도해 주세요."},{"$i":"feedback-errormessage-timeout","$v":"요청 시간이 초과하였습니다. 지금 바로 의견을 전송할 수 없습니다. 재부팅 후에 다시 시도해 주세요."},{"$i":"feedback-errormessage-wrong-email","$v":"이메일 주소가 입력되지 않았거나 형식이 맞지 않습니다. 지금 바로 의견을 전송할 수 없습니다. 올바른 이메일 주소를 입력하고 다시 시도해 주세요."},{"$i":"feedback-errormessage-empty-comment","$v":"의견 내용이 비어있습니다. 지금 바로 의견을 전송할 수 없습니다. 서식을 다시 작성하고 다시 시도해 주세요."},{"$i":"feedback-errormessage-just-sent","$v":"이미 의견을 보내셨습니다. 지금 바로 의견을 전송할 수 없습니다. 소프트웨어가 다시 업데이트되면 다시 시도해 주세요."},{"$i":"feedback-complete-msg","$v":"의견 주셔서 감사합니다! 앞으로 나올 Firefox OS의 보다 나은 경험을 만드는데 사용하겠습니다."},{"$i":"online-support","$v":"온라인 지원:"},{"$i":"call-support","$v":"전화 지원:"},{"$i":"user-guide","$v":"사용자 도움말"},{"$i":"default-support","$v":"구매한 전화 장치에 대한 지원을 받으시려면, 판매 및 구매 업체에 연락해 보십시오."},{"$i":"operatorServices","$v":"망 사업자 서비스"},{"$i":"operatorServices-help","$v":"도움말"},{"$i":"operatorServices-helpmenu","$v":"도움말 메뉴"},{"$i":"stkAppsNotAvailable","$v":"SIM 카드 애플리케이션을 사용할 수 없습니다."},{"$i":"simToolkit","$v":"SIM 도구"},{"$i":"stkItemsNaiSetUpCall","$v":"전화 걸기"},{"$i":"stkItemsNaiSendSs","$v":"SS 보내기"},{"$i":"stkItemsNaiSendUssd","$v":"USSD 보내기"},{"$i":"stkItemsNaiSendSms","$v":"SMS 보내기"},{"$i":"stkItemsNaiSendDtmf","$v":"DTMF 보내기"},{"$i":"stkItemsNaiLaunchBrowser","$v":"브라우저 실행"},{"$i":"stkItemsNaiPlayTone","$v":"알림 재생"},{"$i":"stkItemsNaiDisplayText","$v":"문자 표시"},{"$i":"stkItemsNaiGetInkey","$v":"인키 받기"},{"$i":"stkItemsNaiGetInput","$v":"입력 받기"},{"$i":"stkItemsNaiSelectItem","$v":"항목 선택"},{"$i":"stkItemsNaiSetUpMenu","$v":"메뉴 설정"},{"$i":"stkItemsNaiProvideLocalInfo","$v":"로컬 정보 제공"},{"$i":"stkItemsNaiSetIdleModeText","$v":"대기 모드 문자 설정"},{"$i":"stkItemsNaiPerformCardApdu","$v":"Perform Card APDU"},{"$i":"stkItemsNaiPowerOnCard","$v":"Power On Card"},{"$i":"stkItemsNaiPowerOffCard","$v":"Power Off Card"},{"$i":"stkItemsNaiGetReaderStatus","$v":"Get Reader Status"},{"$i":"stkItemsNaiOpenChannel","$v":"채널 열기"},{"$i":"stkItemsNaiCloseChannel","$v":"채널 닫기"},{"$i":"stkItemsNaiReceiveData","$v":"데이터 받기"},{"$i":"stkItemsNaiSendData","$v":"데이터 보내기"},{"$i":"stkItemsNaiGetChannelStatus","$v":"채널 상태"},{"$i":"stkItemsNaiEndOfTheProactiveSession","$v":"End of the proactive session"},{"$i":"is-warning-storage-header","$v":"USB 저장소"},{"$i":"is-warning-tethering-header","$v":"USB 테더링"},{"$i":"is-warning-wifi-header","$v":"Wi-Fi 핫스팟"},{"$i":"is-warning-storage-tethering-message","$v":"USB 저장소를 활성화하면 USB 테더링이 비활성화됩니다. USB 저장소를 활성화하시겠습니까?"},{"$i":"is-warning-tethering-storage-message","$v":"USB 테더링을 활성화하면 USB 저장소가 비활성화됩니다. USB 테더링을 활성화하시겠습니까?"},{"$i":"is-warning-tethering-wifi-message","$v":"USB 테더링을 활성화하면 Wi-Fi 핫스팟이 비활성화됩니다. USB 테더링을 활성화하시겠습니까?"},{"$i":"is-warning-wifi-tethering-message","$v":"Wi-Fi 핫스팟을 활성화하면 USB 테더링이 비활성화됩니다. Wi-Fi 핫스팟을 활성화하시겠습니까?"},{"$i":"settings-dialog-alert","$v":"Alert"},{"$i":"settings-dialog-confirm","$v":"Confirm"},{"$i":"settings-dialog-prompt","$v":"Prompt"},{"$i":"settings-alert-dialog-header","$v":[{"t":"idOrVar","v":"settings-dialog-alert"}]},{"$i":"settings-confirm-dialog-header","$v":[{"t":"idOrVar","v":"settings-dialog-confirm"}]},{"$i":"settings-prompt-dialog-header","$v":[{"t":"idOrVar","v":"settings-dialog-prompt"}]},{"$i":"addons","$v":"Addons"},{"$i":"addons-header","$v":[{"t":"idOrVar","v":"addons"}]},{"$i":"change-device-name","$v":"전화기 이름 변경"},{"$i":"internetSharing-usb-desc","$v":"전화기의 인터넷 연결을 USB로 연결된 기기와 공유합니다."},{"$i":"internetSharing-wifi-desc","$v":"다른 기기가 이 전화기의 인터넷 연결을 Wi-Fi 연결을 통해서 공유할 수 있게 합니다."},{"$i":"unplayable-ringtone","$v":"선택된 벨소리가 이 전화기에서 재생되지 않기 때문에 벨소리를 변경하지 못했습니다."},{"$i":"findmydevice-signup-description","$v":"내 기기 찾기 기능은 내 전화기의 위치를 확인하고 잠그거나 삭제할 수 있습니다."},{"$i":"findmydevice-settings-description","$v":"내 기기 찾기 기능은 웹 사이트를 통해서 내 전화기의 위치를 확인하고 잠그거나 삭제할 수 있습니다:"},{"$i":"findmydevice-active-tracking","$v":"다른 기기가 웹사이트를 통해서 이 전화기를 추적하고 있습니다."},{"$i":"findmydevice-not-tracking","$v":"웹사이트를 통해서 이 전화기를 추적하는 기기가 없습니다."},{"$i":"ums-confirm","$v":"USB 저장공간을 활성화 하면 다른 컴퓨터나 기기가 USB 연결을 통해 전화기의 파일에 접근할 수 있습니다."},{"$i":"reset-device","$v":"전화기 재설정"},{"$i":"reset-warning-body","$v":"재설정은 구매한 앱을 포함한 모든 정보를 삭제합니다. 전화기가 공장 초기 상태로 복원됩니다. 모든 설정과 자료가 삭제됩니다."},{"$i":"reset-devtools-warning-body","$v":"Resetting will erase all your data, including any apps you’ve purchased. None of your settings or data will be saved. But your phone will have unrestricted developer tools, allowing you to modify and debug system applications."},{"$i":"powerSave-explanation","$v":"절전 모드를 켜면 배터리 사용 시간을 늘리기 위해서 전화기의 데이터 통신과 블루투스, 위치정보 연결을 끕니다. 수동으로 이 기능을 다시 활성화할 수 있습니다."},{"$i":"performanceAndUsageDataInfo","$v":["전화기에 대한 정보와 사용 행태를 공유해서 ",{"t":"idOrVar","v":"brandShortName"},"의 기능을 향상하는데 도움을 주세요."]},{"$i":"device-status-connected-device","$v":"전화기의 오디오에 연결됨"},{"$i":"device-status-connected-device-media","$v":"전화기/미디어의 오디오에 연결됨"}]