[{"$i":"stopped_download_title","$v":"Parsiuntimas sustabdytas"},{"$i":"stopped_download_message","$v":"Parsiuntimas sustabdytas. Ar bandyti siųsti iš naujo?"},{"$i":"stopped_download_left_button","$v":"Atsisakyti"},{"$i":"stopped_download_right_button","$v":"Bandyti iš naujo"},{"$i":"failed_download_title","$v":"Parsiuntimas nepavyko"},{"$i":"failed_download_message","$v":["Failo „",{"t":"idOrVar","v":"name"},"“ parsiųsti nepavyko. Ar bandyti siųsti iš naujo?"]},{"$i":"failed_download_left_button","$v":"Atsisakyti"},{"$i":"failed_download_right_button","$v":"Bandyti iš naujo"},{"$i":"stop_download_title","$v":"Parsiuntimo stabdymas"},{"$i":"stop_download_message","$v":"Ar tikrai norite stabdyti šį parsiuntimą?"},{"$i":"stop_download_left_button","$v":"Ne"},{"$i":"stop_download_right_button","$v":"Taip"},{"$i":"delete_download_title","$v":"Šalinimas"},{"$i":"delete_download_message","$v":["Pašalinti „",{"t":"idOrVar","v":"name"},"“?"]},{"$i":"delete_download_left_button","$v":"Atsisakyti"},{"$i":"delete_download_right_button","$v":"Šalinti"},{"$i":"delete_all_download_title","$v":"Šalinimas"},{"$i":"delete_all_download_left_button","$v":"Atsisakyti"},{"$i":"delete_all_download_right_button","$v":"Šalinti"},{"$i":"delete_all_download_message","$v":{"zero":"Šalinti nulį failų?","one":["Pašalinti ",{"t":"idOrVar","v":"number"}," failą?"],"two":["Pašalinti ",{"t":"idOrVar","v":"number"}," failus?"],"few":["Pašalinti ",{"t":"idOrVar","v":"number"}," failus?"],"many":["Pašalinti ",{"t":"idOrVar","v":"number"}," failų?"],"other":["Pašalinti ",{"t":"idOrVar","v":"number"}," failų?"]},"$x":[{"t":"idOrVar","v":"plural"},"number"]},{"$i":"unsupported_file_type_download_title","$v":"Failo nepavyko atverti"},{"$i":"unsupported_file_type_download_message","$v":["Nerasta programa, galinti atverti failą „",{"t":"idOrVar","v":"name"},"“. Ar norite įrašyti šį failą, ar pašalinti jį?"]},{"$i":"unsupported_file_type_download_left_button","$v":"Įrašyti"},{"$i":"unsupported_file_type_download_right_button","$v":"Šalinti"},{"$i":"file_not_found_download_title","$v":"Failas nerastas"},{"$i":"file_not_found_download_message","$v":"Failas šiame įrenginyje nerastas"},{"$i":"file_not_found_download_right_button","$v":"Gerai"},{"$i":"unmounted_sdcard_2_download_title","$v":"Atminties kortelė naudojama"},{"$i":"unmounted_sdcard_2_download_message","$v":"Atjunkite telefoną nuo kito įrenginio"},{"$i":"unmounted_sdcard_2_download_right_button","$v":"Gerai"},{"$i":"no_provider_download_title","$v":"Pasidalinti nepavyko"},{"$i":"no_provider_download_message","$v":"Neaptikta dalijimosi būdų"},{"$i":"no_provider_download_right_button","$v":"Gerai"},{"$i":"no_memory_download_title","$v":"Atminties kortelė pilna"},{"$i":"no_memory_download_message","$v":"Įdėtoje atminties kortelėje nebėra laisvos vietos šiam siuntiniui įrašyti. Pašalinkite dalį failų iš kortelės, tada bandykite siųstis iš naujo."},{"$i":"no_memory_download_right_button","$v":"Gerai"},{"$i":"no_sdcard_found_2_download_title","$v":"Neaptikta atminties kortelė"},{"$i":"no_sdcard_found_2_download_message","$v":"Įdėkite atminties kortelę arba nuostatose pasirinkite kitą atmintinę kaip pagrindinę medijai."},{"$i":"no_sdcard_found_2_download_right_button","$v":"Gerai"},{"$i":"file_open_error_download_title","$v":"Nepavyko atverti"},{"$i":"file_open_error_download_message","$v":["Iškilo problema, bandant atverti failą „",{"t":"idOrVar","v":"name"},"“. Ar norite įrašyti šį failą, ar pašalinti jį?"]},{"$i":"file_open_error_download_left_button","$v":"Įrašyti"},{"$i":"file_open_error_download_right_button","$v":"Šalinti"},{"$i":"restart_download_error","$v":"Bandant iš naujo pradėti parsiuntimą, įvyko klaida. Bandykite failą parsiųsti iš naujo."},{"$i":"no-downloads","$v":"Parsiuntimų nėra"},{"$i":"byteUnit-B","$v":"B"},{"$i":"byteUnit-KB","$v":"KB"},{"$i":"byteUnit-MB","$v":"MB"},{"$i":"byteUnit-GB","$v":"GB"},{"$i":"byteUnit-TB","$v":"TB"},{"$i":"fileSize","$v":[{"t":"idOrVar","v":"size"}," ",{"t":"idOrVar","v":"unit"}]},{"$i":"percentage","$v":[{"t":"idOrVar","v":"percentage"}," %"]},{"$i":"partialResult","$v":[{"t":"idOrVar","v":"partial"}," iš ",{"t":"idOrVar","v":"total"}]},{"$i":"summary","$v":[{"t":"idOrVar","v":"date"}," – ",{"t":"idOrVar","v":"status"}]},{"$i":"download-stopped","$v":"Sustabdytas"},{"$i":"download-failed","$v":"Nepavyko parsiųsti"},{"$i":"open_downloaded_file","$v":"Atverti"},{"$i":"share_downloaded_file","$v":"Dalintis"},{"$i":"wallpaper_downloaded_file","$v":"Naudoti kaip ekrano foną"},{"$i":"ringtone_downloaded_file","$v":"Naudoti kaip skambėjimo garsą"},{"$i":"cancel_downloaded_file","$v":"Atsisakyti"},{"$i":"brandShortName","$v":"B2G OS"},{"$i":"browserBrandShortName","$v":"Web Browser"},{"$i":"browserBrandFullName","$v":"Mozilla Web Browser"},{"$i":"ringtoneBrandName","$v":"Default"},{"$i":"ringtoneSectionBrandName","$v":"System"},{"$i":"weekday-0-long","$v":"Sekmadienis"},{"$i":"weekday-1-long","$v":"Pirmadienis"},{"$i":"weekday-2-long","$v":"Antradienis"},{"$i":"weekday-3-long","$v":"Trečiadienis"},{"$i":"weekday-4-long","$v":"Ketvirtadienis"},{"$i":"weekday-5-long","$v":"Penktadienis"},{"$i":"weekday-6-long","$v":"Šeštadienis"},{"$i":"weekday-0-short","$v":"Sk"},{"$i":"weekday-1-short","$v":"Pr"},{"$i":"weekday-2-short","$v":"An"},{"$i":"weekday-3-short","$v":"Tr"},{"$i":"weekday-4-short","$v":"Kt"},{"$i":"weekday-5-short","$v":"Pn"},{"$i":"weekday-6-short","$v":"Št"},{"$i":"month-0-long","$v":"sausis"},{"$i":"month-1-long","$v":"vasaris"},{"$i":"month-2-long","$v":"kovas"},{"$i":"month-3-long","$v":"balandis"},{"$i":"month-4-long","$v":"gegužė"},{"$i":"month-5-long","$v":"birželis"},{"$i":"month-6-long","$v":"liepa"},{"$i":"month-7-long","$v":"rugpjūtis"},{"$i":"month-8-long","$v":"rugsėjis"},{"$i":"month-9-long","$v":"spalis"},{"$i":"month-10-long","$v":"lapkritis"},{"$i":"month-11-long","$v":"gruodis"},{"$i":"month-0-genitive","$v":"sausio"},{"$i":"month-1-genitive","$v":"vasario"},{"$i":"month-2-genitive","$v":"kovo"},{"$i":"month-3-genitive","$v":"balandžio"},{"$i":"month-4-genitive","$v":"gegužės"},{"$i":"month-5-genitive","$v":"birželio"},{"$i":"month-6-genitive","$v":"liepos"},{"$i":"month-7-genitive","$v":"rugpjūčio"},{"$i":"month-8-genitive","$v":"rugsėjo"},{"$i":"month-9-genitive","$v":"spalio"},{"$i":"month-10-genitive","$v":"lapkričio"},{"$i":"month-11-genitive","$v":"gruodžio"},{"$i":"month-0-short","$v":"Sau"},{"$i":"month-1-short","$v":"Vas"},{"$i":"month-2-short","$v":"Kov"},{"$i":"month-3-short","$v":"Bal"},{"$i":"month-4-short","$v":"Geg"},{"$i":"month-5-short","$v":"Bir"},{"$i":"month-6-short","$v":"Lie"},{"$i":"month-7-short","$v":"Rgp"},{"$i":"month-8-short","$v":"Rgs"},{"$i":"month-9-short","$v":"Spa"},{"$i":"month-10-short","$v":"Lap"},{"$i":"month-11-short","$v":"Grd"},{"$i":"minutes-ago-long","$v":{"zero":"ką tik","one":["prieš ",{"t":"idOrVar","v":"value"}," minutę"],"two":["prieš ",{"t":"idOrVar","v":"value"}," minutes"],"few":["prieš ",{"t":"idOrVar","v":"value"}," minutes"],"many":["prieš ",{"t":"idOrVar","v":"value"}," minučių"],"other":["prieš ",{"t":"idOrVar","v":"value"}," minučių"]},"$x":[{"t":"idOrVar","v":"plural"},"value"]},{"$i":"hours-ago-long","$v":{"zero":"ką tik","one":["prieš ",{"t":"idOrVar","v":"value"}," valandą"],"two":["prieš ",{"t":"idOrVar","v":"value"}," valandas"],"few":["prieš ",{"t":"idOrVar","v":"value"}," valandas"],"many":["prieš ",{"t":"idOrVar","v":"value"}," valandų"],"other":["prieš ",{"t":"idOrVar","v":"value"}," valandų"]},"$x":[{"t":"idOrVar","v":"plural"},"value"]},{"$i":"days-ago-long","$v":{"zero":"šiandien","one":"vakar","two":["prieš ",{"t":"idOrVar","v":"value"}," dienas"],"few":["prieš ",{"t":"idOrVar","v":"value"}," dienas"],"many":["prieš ",{"t":"idOrVar","v":"value"}," dienų"],"other":["prieš ",{"t":"idOrVar","v":"value"}," dienų"]},"$x":[{"t":"idOrVar","v":"plural"},"value"]},{"$i":"weeks-ago-long","$v":{"zero":"šią savaitę","one":"praėjusią savaitę","two":["prieš ",{"t":"idOrVar","v":"value"}," savaites"],"few":["prieš ",{"t":"idOrVar","v":"value"}," savaites"],"many":["prieš ",{"t":"idOrVar","v":"value"}," savaičių"],"other":["prieš ",{"t":"idOrVar","v":"value"}," savaičių"]},"$x":[{"t":"idOrVar","v":"plural"},"value"]},{"$i":"months-ago-long","$v":{"zero":"šį mėnesį","one":"praėjusį mėnesį","two":["prieš ",{"t":"idOrVar","v":"value"}," mėnesius"],"few":["prieš ",{"t":"idOrVar","v":"value"}," mėnesius"],"many":["prieš ",{"t":"idOrVar","v":"value"}," mėnesių"],"other":["prieš ",{"t":"idOrVar","v":"value"}," mėnesių"]},"$x":[{"t":"idOrVar","v":"plural"},"value"]},{"$i":"years-ago-long","$v":{"zero":"šiemet","one":["prieš ",{"t":"idOrVar","v":"value"}," metus"],"two":["prieš ",{"t":"idOrVar","v":"value"}," metus"],"few":["prieš ",{"t":"idOrVar","v":"value"}," metus"],"many":["prieš ",{"t":"idOrVar","v":"value"}," metų"],"other":["prieš ",{"t":"idOrVar","v":"value"}," metų"]},"$x":[{"t":"idOrVar","v":"plural"},"value"]},{"$i":"minutes-until-long","$v":{"zero":"dabar","one":["už ",{"t":"idOrVar","v":"value"}," minutės"],"two":["už ",{"t":"idOrVar","v":"value"}," minučių"],"few":["už ",{"t":"idOrVar","v":"value"}," minučių"],"many":["už ",{"t":"idOrVar","v":"value"}," minučių"],"other":["už ",{"t":"idOrVar","v":"value"}," minučių"]},"$x":[{"t":"idOrVar","v":"plural"},"value"]},{"$i":"hours-until-long","$v":{"zero":"dabar","one":["už ",{"t":"idOrVar","v":"value"}," valandos"],"two":["už ",{"t":"idOrVar","v":"value"}," valandų"],"few":["už ",{"t":"idOrVar","v":"value"}," valandų"],"many":["už ",{"t":"idOrVar","v":"value"}," valandų"],"other":["už ",{"t":"idOrVar","v":"value"}," valandų"]},"$x":[{"t":"idOrVar","v":"plural"},"value"]},{"$i":"days-until-long","$v":{"zero":"šiandien","one":"rytoj","two":["už ",{"t":"idOrVar","v":"value"}," dienų"],"few":["už ",{"t":"idOrVar","v":"value"}," dienų"],"many":["už ",{"t":"idOrVar","v":"value"}," dienų"],"other":["už ",{"t":"idOrVar","v":"value"}," dienų"]},"$x":[{"t":"idOrVar","v":"plural"},"value"]},{"$i":"weeks-until-long","$v":{"zero":"šią savaitę","one":"kitą savaitę","two":["už ",{"t":"idOrVar","v":"value"}," savaičių"],"few":["už ",{"t":"idOrVar","v":"value"}," savaičių"],"many":["už ",{"t":"idOrVar","v":"value"}," savaičių"],"other":["už ",{"t":"idOrVar","v":"value"}," savaičių"]},"$x":[{"t":"idOrVar","v":"plural"},"value"]},{"$i":"months-until-long","$v":{"zero":"šį mėnesį","one":"kitą mėnesį","two":["už ",{"t":"idOrVar","v":"value"}," mėnesių"],"few":["už ",{"t":"idOrVar","v":"value"}," mėnesių"],"many":["už ",{"t":"idOrVar","v":"value"}," mėnesių"],"other":["už ",{"t":"idOrVar","v":"value"}," mėnesių"]},"$x":[{"t":"idOrVar","v":"plural"},"value"]},{"$i":"years-until-long","$v":{"zero":"šiemet","one":"kitais metais","two":["už ",{"t":"idOrVar","v":"value"}," metų"],"few":["už ",{"t":"idOrVar","v":"value"}," metų"],"many":["už ",{"t":"idOrVar","v":"value"}," metų"],"other":["už ",{"t":"idOrVar","v":"value"}," metų"]},"$x":[{"t":"idOrVar","v":"plural"},"value"]},{"$i":"minutes-ago-short","$v":{"zero":"ką tik","other":["prieš ",{"t":"idOrVar","v":"value"}," min."]},"$x":[{"t":"idOrVar","v":"plural"},"value"]},{"$i":"hours-ago-short","$v":{"zero":"ką tik","other":["prieš ",{"t":"idOrVar","v":"value"}," val."]},"$x":[{"t":"idOrVar","v":"plural"},"value"]},{"$i":"days-ago-short","$v":{"zero":"šiandien","other":["prieš ",{"t":"idOrVar","v":"value"}," d."]},"$x":[{"t":"idOrVar","v":"plural"},"value"]},{"$i":"minutes-until-short","$v":{"zero":"dabar","other":["už ",{"t":"idOrVar","v":"value"}," min."]},"$x":[{"t":"idOrVar","v":"plural"},"value"]},{"$i":"hours-until-short","$v":{"zero":"dabar","other":["už ",{"t":"idOrVar","v":"value"}," val."]},"$x":[{"t":"idOrVar","v":"plural"},"value"]},{"$i":"days-until-short","$v":{"zero":"šiandien","other":["už ",{"t":"idOrVar","v":"value"}," d."]},"$x":[{"t":"idOrVar","v":"plural"},"value"]},{"$i":"incorrectDate","$v":"(negalima data)"},{"$i":"dateTimeFormat_%c","$v":"%Y m. %Eb %e d. %H:%M:%S"},{"$i":"dateTimeFormat_%x","$v":"%Y-%m-%d"},{"$i":"dateTimeFormat_%X","$v":"%H:%M:%S"},{"$i":"shortTimeFormat","$v":"%H:%M"},{"$i":"shortTimeFormat12","$v":"%I:%M %p"},{"$i":"shortTimeFormat24","$v":"%H:%M"},{"$i":"shortDateTimeFormat","$v":"%x %H:%M"},{"$i":"weekStartsOnMonday","$v":"1"},{"$i":"firstDayOfTheWeek","$v":"0"},{"$i":"time_am","$v":"AM"},{"$i":"time_pm","$v":"PM"},{"$i":"title-app","$v":"Programos leidimas"},{"$i":"title-web","$v":"Svetainės leidimas"},{"$i":"title-cam","$v":"Pasirinkite kamerą"},{"$i":"perm-alarms","$v":"Signalų planavimas"},{"$i":"perm-audio-capture","$v":"Mikrofonas"},{"$i":"perm-audio-capture-appRequest","$v":["Ar suteiksite programai „",{"t":"idOrVar","v":"app"},"“ prieigą prie jūsų mikforono?"]},{"$i":"perm-audio-capture-webRequest","$v":["Ar suteiksite svetainei ",{"t":"idOrVar","v":"site"}," prieigą prie jūsų mikrofono?"]},{"$i":"perm-audio-channel-content","$v":"Garsų atkūrimas"},{"$i":"perm-audio-channel-notification","$v":"Pranešimo garsų atkūrimas"},{"$i":"perm-audio-channel-ringer","$v":"Skambėjimo garsų atkūrimas"},{"$i":"perm-background-sensors","$v":"Prieiga prie jutiklių duomenų"},{"$i":"perm-bluetooth","$v":"„Bluetooth“"},{"$i":"perm-browser","$v":"Saityno tinklalapių tyrimas"},{"$i":"perm-camera","$v":"Kameros"},{"$i":"perm-camera-selector-appRequest","$v":["Pasirinkite kamerą, prie kurios programai „",{"t":"idOrVar","v":"app"},"“ suteiksite prieigą."]},{"$i":"perm-camera-selector-webRequest","$v":["Pasirinkite kamerą, prie kurios svetainei „",{"t":"idOrVar","v":"site"},"“ suteiksite prieigą."]},{"$i":"perm-cellbroadcast","$v":"Tinklo pranešimai"},{"$i":"perm-contacts","$v":"Adresatai"},{"$i":"perm-contacts-appRequest","$v":["Programa „",{"t":"idOrVar","v":"app"},"“ prašo prieigos prie jūsų adresatų sąrašo."]},{"$i":"perm-contacts-webRequest","$v":["Svetainė ",{"t":"idOrVar","v":"site"}," prašo prieigos prie jūsų adresatų sąrašo."]},{"$i":"perm-desktop-notification","$v":"Pranešimai"},{"$i":"perm-desktop-notification-appRequest","$v":["Programa „",{"t":"idOrVar","v":"app"},"“ prašo leidimo rodyti pranešimus."]},{"$i":"perm-desktop-notification-webRequest","$v":["Svetainė ",{"t":"idOrVar","v":"site"}," prašo leidimo rodyti pranešimus."]},{"$i":"perm-device-storage-apps","$v":"Programų talpykla"},{"$i":"perm-device-storage-music","$v":"Muzikos talpykla"},{"$i":"perm-device-storage-music-appRequest","$v":["Programa „",{"t":"idOrVar","v":"app"},"“ prašo prieigos prie jūsų muzikos."]},{"$i":"perm-device-storage-music-webRequest","$v":["Svetainė „",{"t":"idOrVar","v":"site"},"“ prašo prieigos prie jūsų muzikos."]},{"$i":"perm-device-storage-pictures","$v":"Paveikslų talpykla"},{"$i":"perm-device-storage-pictures-appRequest","$v":["Programa „",{"t":"idOrVar","v":"app"},"“ prašo prieigos prie jūsų paveikslų."]},{"$i":"perm-device-storage-pictures-webRequest","$v":["Svetainė ",{"t":"idOrVar","v":"site"}," prašo prieigos prie jūsų paveikslų."]},{"$i":"perm-device-storage-sdcard","$v":"Atminties kortelė"},{"$i":"perm-device-storage-sdcard-appRequest","$v":["Programa „",{"t":"idOrVar","v":"app"},"“ prašo prieigos prie jūsų atminties kortelės."]},{"$i":"perm-device-storage-sdcard-webRequest","$v":["Svetainė ",{"t":"idOrVar","v":"site"}," prašo prieigos prie jūsų atminties kortelės."]},{"$i":"perm-device-storage-videos","$v":"Vaizdo įrašų talpykla"},{"$i":"perm-device-storage-videos-appRequest","$v":["Programa „",{"t":"idOrVar","v":"app"},"“ prašo prieigos prie jūsų vaizdo įrašų."]},{"$i":"perm-device-storage-videos-webRequest","$v":["Svetainė ",{"t":"idOrVar","v":"site"}," prašo prieigos prie jūsų vaizdo įrašų."]},{"$i":"perm-embed-apps","$v":"Programų įterpimas"},{"$i":"perm-fmradio","$v":"FM radijas"},{"$i":"perm-fmradio-appRequest","$v":["Programa „",{"t":"idOrVar","v":"app"},"“ prašo leidimo naudotis FM radijo imtuvu."]},{"$i":"perm-fmradio-webRequest","$v":["Svetainė ",{"t":"idOrVar","v":"site"}," prašo leidimo naudotis FM radijo imtuvu."]},{"$i":"perm-geolocation","$v":"Geografinė vieta"},{"$i":"perm-geolocation-appRequest","$v":["Programa „",{"t":"idOrVar","v":"app"},"“ prašo atskleisti jūsų geografinę vietą."]},{"$i":"perm-geolocation-more-info","$v":["„",{"t":"idOrVar","v":"brandShortName"},"“ jūsų buvimo vietai nustatyti naudoja duomenis, tokius, kaip GPS signalas ir pasiekiamų belaidžių bei mobiliojo ryšio tinklų sąrašas. Šie duomenys siunčiami „Mozillai“ ir jos paslaugų teikėjams ir, agregavus, yra naudojami geografinių vietų duomenų bazėms tobulinti. Šie duomenys gali būti saugomi jūsų įrenginyje ir kaupiami net tada, kai nėra paleistos jokios juos naudojančios programos."]},{"$i":"perm-geolocation-webRequest","$v":["Svetainė ",{"t":"idOrVar","v":"site"}," prašo atskleisti jūsų geografinę vietą."]},{"$i":"perm-idle","$v":"Laukimo būsenos matymas"},{"$i":"perm-indexedDB-chrome-settings","$v":"Privilegijuotoji indeksuotoji DB"},{"$i":"perm-indexedDB-unlimited","$v":"Neribojama indeksuotosios DB apimtis"},{"$i":"perm-input-manage","$v":"Klaviatūrų tvarkymas"},{"$i":"perm-input","$v":"Klaviatūros veiksena"},{"$i":"perm-media-capture","$v":"Kamera ir mikrofonas"},{"$i":"perm-media-capture-appRequest","$v":["Ar suteiksite programai „",{"t":"idOrVar","v":"app"},"“ prieigą prie jūsų kameros ir mikrofono?"]},{"$i":"perm-media-capture-webRequest","$v":["Ar suteiksite svetainei ",{"t":"idOrVar","v":"site"}," prieigą prie jūsų kameros ir mikrofono?"]},{"$i":"perm-mobileconnection","$v":"Mobilusis ryšys"},{"$i":"perm-mobileid","$v":"Mobilioji tapatybė"},{"$i":"perm-network-events","$v":"Tinklo įvykiai"},{"$i":"perm-open-remote-window","$v":"Programos vykdymas"},{"$i":"perm-permissions","$v":"Programų leidimų tvarkymas"},{"$i":"perm-power","$v":"Maitinimo nuostatos"},{"$i":"perm-settings","$v":"Nuostatų keitimas"},{"$i":"perm-systemXHR","$v":"Skirtingos kilmės užklausos"},{"$i":"perm-telephony","$v":"Telefonija"},{"$i":"perm-video-capture","$v":"Kamera"},{"$i":"perm-video-capture-appRequest","$v":["Ar suteiksite programai „",{"t":"idOrVar","v":"app"},"“ prieigą prie jūsų kameros?"]},{"$i":"perm-video-capture-webRequest","$v":["Ar suteiksite svetainei ",{"t":"idOrVar","v":"site"}," prieigą prie jūsų kameros?"]},{"$i":"perm-voicemail","$v":"Balso pašto tvarkymas"},{"$i":"perm-webapps-manage","$v":"Programų diegimas"},{"$i":"perm-wifi-manage","$v":"Belaidžių tinklų tvarkymas"},{"$i":"perm-attention","$v":"Perdangų atvėrimas"},{"$i":"perm-audio-channel-alarm","$v":"Įspėjimo garsų atkūrimas"},{"$i":"perm-audio-channel-normal","$v":"Garsų atkūrimas"},{"$i":"perm-audio-channel-publicnotification","$v":"Viešųjų pranešimo garsų atkūrimas"},{"$i":"perm-audio-channel-telephony","$v":"Telefono pokalbio garso atkūrimas"},{"$i":"perm-backgroundservice","$v":"Foninės tarnybos veiksena"},{"$i":"perm-device-storage-crashes","$v":"Strigčių duomenų talpykla"},{"$i":"perm-downloads","$v":"Prieiga prie parsiuntimų"},{"$i":"perm-embed-widgets","$v":"Valdiklių įterpimas"},{"$i":"perm-feature-detection","$v":"Galimybių aptikimas"},{"$i":"perm-firefox-accounts","$v":"„Firefox“ paskyros"},{"$i":"perm-mobilenetwork","$v":"Mobilusis tinklas"},{"$i":"perm-moz-attention","$v":"Perdangų atvėrimas (moz)"},{"$i":"perm-moz-audio-channel-ringer","$v":"Skambėjimo garsų atkūrimas (moz)"},{"$i":"perm-moz-audio-channel-telephony","$v":"Telefono pokalnio garso atkūrimas (moz)"},{"$i":"perm-moz-firefox-accounts","$v":"„Firefox“ paskyros (moz)"},{"$i":"perm-networkstats-manage","$v":"Naudojimo statistikos valdymas"},{"$i":"perm-nfc","$v":"NFC"},{"$i":"perm-nfc-hci-events","$v":"NFC HCI įvykiai"},{"$i":"perm-nfc-manager","$v":"NFC valdymas"},{"$i":"perm-phonenumberservice","$v":"Telefono numerio tarnyba"},{"$i":"perm-push","$v":"Push API"},{"$i":"perm-resourcestats-manage","$v":"Išteklių statistika"},{"$i":"perm-sms","$v":"SMS siuntimas ir skaitymas"},{"$i":"perm-speaker-control","$v":"Garsio valdymas"},{"$i":"perm-storage","$v":"Prieiga prie atmintinės"},{"$i":"perm-tcp-socket","$v":"TCP lizdai"},{"$i":"perm-test-permission","$v":"Testinis leidimas"},{"$i":"perm-time","$v":"Datos ir laiko keitimas"},{"$i":"perm-udp-socket","$v":"UDP lizdai"},{"$i":"perm-wappush","$v":"WAP Push"},{"$i":"tz-region","$v":"Regionas"},{"$i":"tz-city","$v":"Miestas"},{"$i":"tzRegion-Africa","$v":"Afrika"},{"$i":"tzRegion-America","$v":"Amerika"},{"$i":"tzRegion-Antarctica","$v":"Antarktida"},{"$i":"tzRegion-Asia","$v":"Azija"},{"$i":"tzRegion-Atlantic","$v":"Atlanto vandenynas"},{"$i":"tzRegion-Australia","$v":"Australija"},{"$i":"tzRegion-Europe","$v":"Europa"},{"$i":"tzRegion-Indian","$v":"Indijos vandenynas"},{"$i":"tzRegion-Pacific","$v":"Ramusis vandenynas"},{"$i":"ringtone-none","$v":"Be garso"},{"$i":"ringer_bubble","$v":"Burbuliukai"},{"$i":"ringer_chimer","$v":"Varpelis"},{"$i":"ringer_cunning","$v":"Mielas"},{"$i":"ringer_dulco","$v":"Kanklės"},{"$i":"ringer_firefox2","$v":[{"t":"idOrVar","v":"ringtoneBrandName"}]},{"$i":"ringer_garden","$v":"Sodas"},{"$i":"ringer_marbled","$v":"Marmuro rutuliukai"},{"$i":"ringer_opti","$v":"Lietutis"},{"$i":"ringer_pecko","$v":"Genys"},{"$i":"ringer_pingy","$v":"Pypsiukas"},{"$i":"ringer_poppop","$v":"Pop Pop"},{"$i":"ringer_sata","$v":"Etiudas"},{"$i":"ringer_simple","$v":"Paprastas"},{"$i":"ringer_standard1","$v":"Klasikinis"},{"$i":"ringer_standard2","$v":"Klasikinis greitas"},{"$i":"ringer_stutter","$v":"Žvirbliai"},{"$i":"ringer_symmetry","$v":"Simetrija"},{"$i":"ringer_tailwind","$v":"Pavėjui"},{"$i":"ringer_thoughtful","$v":"Mąslus"},{"$i":"ringer_wit","$v":"Gudrus"},{"$i":"ringer_zen","$v":"Pusiausvyra"},{"$i":"notifier_bells","$v":"Skambutis"},{"$i":"notifier_bloom","$v":"Duslus"},{"$i":"notifier_chime","$v":"Varpelis"},{"$i":"notifier_clicka","$v":"Tik tak"},{"$i":"notifier_digi","$v":"Styga"},{"$i":"notifier_dropplet","$v":"Lašelis"},{"$i":"notifier_firefox2","$v":[{"t":"idOrVar","v":"ringtoneBrandName"}]},{"$i":"notifier_hello","$v":"Sveiki"},{"$i":"notifier_lowmarble","$v":"Marmuro rutuliukas"},{"$i":"notifier_ping","$v":"Pyptelėjimas"},{"$i":"notifier_plickle","$v":"Pelytė"},{"$i":"notifier_pocko","$v":"Skylutė"},{"$i":"notifier_quado","$v":"Ketvertukas"},{"$i":"notifier_red","$v":"Raudonas"},{"$i":"notifier_sato","$v":"Aidas"},{"$i":"notifier_swipo","$v":"Butelio kakliukas"},{"$i":"notifier_trickleup","$v":"Srovelė"},{"$i":"notifier_trink","$v":"Čir čir"},{"$i":"notifier_verse","$v":"Akordas"},{"$i":"settings","$v":"Nuostatos"},{"$i":"advancedSettings","$v":"Papildomos nuostatos"},{"$i":"default","$v":"Kaip numatyta"},{"$i":"enabled","$v":"Įjungta"},{"$i":"enable","$v":"Įjungti"},{"$i":"disabled","$v":"Išjungta"},{"$i":"error","$v":"Klaida"},{"$i":"ok","$v":"Gerai"},{"$i":"yes","$v":"Taip"},{"$i":"no","$v":"Ne"},{"$i":"reset","$v":"Atstatyti"},{"$i":"cancel","$v":"Atsisakyti"},{"$i":"close","$v":"Užverti"},{"$i":"back","$v":"Grįžti"},{"$i":"continue","$v":"Toliau"},{"$i":"skip","$v":"Praleisti"},{"$i":"pair","$v":"Susisieti"},{"$i":"add","$v":"Add"},{"$i":"done","$v":"Baigta"},{"$i":"set","$v":"Nustatyti"},{"$i":"notNow","$v":"Ne dabar"},{"$i":"turnOn","$v":"Įjungti"},{"$i":"selectASIMCard","$v":"Pasirinkite SIM kortelę"},{"$i":"sim1","$v":"SIM 1"},{"$i":"sim2","$v":"SIM 2"},{"$i":"unavailable","$v":"Nepasiekiama"},{"$i":"confirmation","$v":"Confirmation"},{"$i":"simSettingsWithIndex","$v":["SIM ",{"t":"idOrVar","v":"index"}," Settings"]},{"$i":"networkAndConnectivity","$v":"Tinklas ir ryšiai"},{"$i":"airplaneMode","$v":"Skrydžio veiksena"},{"$i":"geolocation","$v":"Geolokavimas"},{"$i":"wifi","$v":"Belaidis tinklas"},{"$i":"wifi-header","$v":[{"t":"idOrVar","v":"wifi"}]},{"$i":"wifi-disabled","$v":"Įjunkite belaidį tinklą, kad būtų parodyti pasiekiami tinklai."},{"$i":"availableNetworks","$v":"Pasiekiami tinklai"},{"$i":"knownNetworks","$v":"Žinomi tinklai"},{"$i":"hiddenNetworks","$v":"Paslėpti tinklai"},{"$i":"scanning","$v":"Ieškoma…"},{"$i":"scanNetworks","$v":"Ieškoti iš naujo"},{"$i":"fullStatus-initializing","$v":"Inicijuojama…"},{"$i":"fullStatus-connecting","$v":["Jungiamasi prie „",{"t":"idOrVar","v":"ssid"},"“…"]},{"$i":"fullStatus-associated","$v":"Gaunamas IP adreas…"},{"$i":"fullStatus-connected","$v":["Prisijungta prie „",{"t":"idOrVar","v":"ssid"},"“"]},{"$i":"fullStatus-connectingfailed","$v":"Prisijungti nepavyko"},{"$i":"fullStatus-disconnected","$v":"Neprisijungta"},{"$i":"shortStatus-connecting","$v":"Jungiamasi…"},{"$i":"shortStatus-associated","$v":"Gaunamas IP adresas…"},{"$i":"shortStatus-connected","$v":"Prisijungta"},{"$i":"shortStatus-connectingfailed","$v":"Prisijungti nepavyko"},{"$i":"shortStatus-disconnected","$v":"Neprisijungta"},{"$i":"wifi-sleep","$v":"Wi-Fi Sleep"},{"$i":"wifi-sleep-description","$v":"Enable to automatically turn off Wi-Fi during sleep to save battery power.  "},{"$i":"manageNetworks","$v":"Tvarkyti tinklus"},{"$i":"wifi-bad-credentials-title","$v":"Prisijungti prie belaidžio tinklo nepavyko"},{"$i":"wifi-bad-credentials-confirm","$v":["Prisijungti prie belaidžio tinklo „",{"t":"idOrVar","v":"ssid"},"“ nepavyko – neteisingas slaptažodis. Įveskite tinklo slaptažodį iš naujo."]},{"$i":"manageNetworks-header","$v":"Tinklų tvarkymas"},{"$i":"manageCertificates","$v":"Tvarkyti liudijimus"},{"$i":"manageCert","$v":"Tvarkyti liud."},{"$i":"joinHiddenNetwork","$v":"Jungtis prie paslėpto tinklo"},{"$i":"securedBy","$v":["Apsaugotas ",{"t":"idOrVar","v":"capabilities"}]},{"$i":"security","$v":"Apsauga"},{"$i":"securityNone","$v":"Neapsaugotas"},{"$i":"securityOpen","$v":"Atviras"},{"$i":"notInRange","$v":"Not in range"},{"$i":"ipAddress","$v":"IP adresas"},{"$i":"linkSpeed","$v":"Ryšio sparta"},{"$i":"linkSpeedMbs","$v":[{"t":"idOrVar","v":"linkSpeed"}," Mb/s"]},{"$i":"signalStrength","$v":"Signalo stiprumas"},{"$i":"signalLevel0","$v":"Labai silpnas"},{"$i":"signalLevel1","$v":"Silpnas"},{"$i":"signalLevel2","$v":"Vidutiniškas"},{"$i":"signalLevel3","$v":"Geras"},{"$i":"signalLevel4","$v":"Puikus"},{"$i":"forget","$v":"Užmiršti"},{"$i":"forgetNetwork-dialog","$v":"Užmiršti šį tinklą?"},{"$i":"forgetNetwork-confirmation","$v":"Patvirtinkite"},{"$i":"authentication","$v":"Autentikavimas"},{"$i":"authentication-header","$v":[{"t":"idOrVar","v":"authentication"}]},{"$i":"eap","$v":"EAP metodas"},{"$i":"auth-phase2","$v":"2-osios fazės autentikavimas"},{"$i":"server-certificate","$v":"Serverio liudijimas"},{"$i":"import-certificate-msg","$v":"Dėmesio! Prireikus importuoti naujų liudijimų, eikite į Liudijimų tvarkytuvę."},{"$i":"identity","$v":"Identifikatorius"},{"$i":"password","$v":"Slaptažodis"},{"$i":"showPassword","$v":"Rodyti slaptažodį"},{"$i":"networkNotification","$v":"Informavimas apie tinklą"},{"$i":"networkNotification-expl","$v":"Informuoti, kai pasiekiamas atviras tinklas"},{"$i":"macAddress","$v":"MAC adresas"},{"$i":"deviceInfo_software","$v":[{"t":"idOrVar","v":"brandShortName"}," ",{"t":"idOrVar","v":"os"}]},{"$i":"macUnavailable","$v":"Nėra / nežinomas"},{"$i":"noNetworksFound","$v":"Tinklų neaptikta"},{"$i":"noKnownNetworks","$v":"Žinomų tinklų nėra"},{"$i":"edit","$v":"Taisyti"},{"$i":"certificateList","$v":"Liudijimų sąrašas"},{"$i":"noCertificate","$v":"Nėra importuotų liudijimų"},{"$i":"deleteCertificate","$v":"Šalinti liudijimą"},{"$i":"importCertificate","$v":"Importuoti liudijimą"},{"$i":"selectCertificateFile","$v":"Pasirinkite liudijimo failą"},{"$i":"enterCertificateNickname","$v":"Pavadinkite šį liudijimą"},{"$i":"nickname","$v":"Pavadinimas"},{"$i":"enter-certificate-name-msg","$v":"Galte įvesti savą liudijimo pavadinimą arba palikti numatytąjį."},{"$i":"certificate-deletion-failed","$v":"Liudijimo pašalinti nepavyko"},{"$i":"certificate-deletion-failed-description","$v":"Tai galėjo nutikti, pavyzdžiui, dėl atmintinės problemos."},{"$i":"certificate-import-failed","$v":"Liudijimo importuoti nepavyko"},{"$i":"certificate-import-failed-description","$v":"Tai galėjo nutikti, pavyzdžiui, dėl sugadinto liudijimo failo."},{"$i":"wpsMessage","$v":"Jungtis naudojant WPS"},{"$i":"wpsMessage-header","$v":"WPS jungimasis"},{"$i":"fullStatus-wps-inprogress","$v":"WPS jungimasis vyksta…"},{"$i":"fullStatus-wps-canceled","$v":"WPS jungimasis nutrauktas"},{"$i":"fullStatus-wps-timedout","$v":"Baigėsi WPS jungimuisi skirtas laikas"},{"$i":"fullStatus-wps-failed-error","$v":["WPS jungimasis nepavyko [",{"t":"idOrVar","v":"error"},"]"]},{"$i":"fullStatus-wps-overlapped","$v":"Aptiktas kitas WPS PBC prieigos taškas"},{"$i":"wpsDescription2","$v":"Automatinis tinklo konfigūravimas"},{"$i":"wpsMethodSelection","$v":"Išsirinkite WPS jungimosi metodą:"},{"$i":"wpsPbcLabel","$v":"Mygtukas"},{"$i":"wpsMyPinLabel","$v":"Savas PIN kodas"},{"$i":"wpsApPinLabel","$v":"Prieigos taško PIN"},{"$i":"wpsPinDescription","$v":"PIN sudaro 4 arba 8 skaitmenys"},{"$i":"wpsPinInput","$v":["Kitame įrenginyje įveskite PIN kodą ",{"t":"idOrVar","v":"pin"}]},{"$i":"wpsPinAps","$v":"Pasirinkite prieigos tašką"},{"$i":"wpsAnyAp","$v":"Bet kuris"},{"$i":"wpsCancelMessage","$v":"Nutraukti WPS jungimąsi"},{"$i":"wpsCancelFailedMessageError","$v":["WPS jungimosi nutraukti nepavyko [",{"t":"idOrVar","v":"error"},"]"]},{"$i":"callSettings","$v":"Skambučių nuostatos"},{"$i":"callSettings-header","$v":[{"t":"idOrVar","v":"callSettings"}]},{"$i":"callSettingsQuery","$v":"Užklausiama tinklo informacijos…"},{"$i":"callSettingsQueryError","$v":"Užklausos klaida"},{"$i":"voiceMail","$v":"Balso paštas"},{"$i":"voiceMail-header","$v":[{"t":"idOrVar","v":"voiceMail"}]},{"$i":"voiceMail-number","$v":"Balso pašto tel. numeris"},{"$i":"voiceMail-number-notSet","$v":"Nesukonfigūruotas"},{"$i":"voicePrivacyMode","$v":"Privatumo veiksena"},{"$i":"callWaiting","$v":"Skambučių laukimas"},{"$i":"confirmCallWaitingTitle","$v":"Nepavyko patvirtinti skambučių laukimo nuostatos"},{"$i":"confirmCallWaitingDesc","$v":"Įrenginys šiuo metu negali susisiekti su operatoriumi. Pabandykite nuostatą pakeisti iš naujo."},{"$i":"callForwarding","$v":"Skambučių nukreipimas"},{"$i":"callForwarding-header","$v":"Sk. nukreipimas"},{"$i":"callForwardingForward","$v":"Nukreipti"},{"$i":"callForwardingUnconditional","$v":"Visada nukreipti"},{"$i":"callForwardingUnconditionalShort","$v":"visada"},{"$i":"callForwardingMobileBusy","$v":"Nukreipti kai užimta"},{"$i":"callForwardingMobileBusyShort","$v":"kai užimta"},{"$i":"callForwardingNoReply","$v":"Nukreipti neatsiliepus"},{"$i":"callForwardingNoReplyShort","$v":"neatsiliepus"},{"$i":"callForwardingNotReachable","$v":"Nukreipti kai nepasiekiama"},{"$i":"callForwardingNotReachableShort","$v":"kai nepasiekiama"},{"$i":"callForwardingForwardingVoiceToNumber","$v":["Balso skambučius į ",{"t":"idOrVar","v":"number"}]},{"$i":"callForwardingNotForwarding","$v":"Išjungta"},{"$i":"callForwardingConfirmTitle","$v":"Skambučių nukreipimo patvirtinimo pranešimas"},{"$i":"cf-alwaysUseThisNumber","$v":"Visuomet naudoti šį numerį"},{"$i":"cf-numberWhenUnreachable","$v":"Numeris kai nepasiekiama"},{"$i":"cf-numberWhenUnanswered","$v":"Numeris kai neatsiliepiama"},{"$i":"cf-numberWhenBusy","$v":"Numeris kai užimta"},{"$i":"callForwardingInvalidNumberError","$v":"Šis telefono numeris neteisingas."},{"$i":"callForwardingSetSuccess","$v":"Operacija patvirtinta."},{"$i":"callForwardingSetForbidden","$v":"Ši operacija nepalaikoma jūsų operatoriaus."},{"$i":"callForwardingSetError","$v":"Skambučio nuostatų klaida."},{"$i":"callerId","$v":"Skambintojo ID"},{"$i":"callBarring","$v":"Call Barring"},{"$i":"callBarring-header","$v":[{"t":"idOrVar","v":"callBarring"}]},{"$i":"callBarring-outgoing","$v":"Outgoing calls"},{"$i":"callBarring-baoc","$v":"All"},{"$i":"callBarring-boic","$v":"International"},{"$i":"callBarring-boicExhc","$v":"International except Home Country"},{"$i":"callBarring-incoming","$v":"Incoming calls"},{"$i":"callBarring-baic","$v":"All"},{"$i":"callBarring-baicR","$v":"All while roaming"},{"$i":"callBarring-passcode","$v":"Passcode"},{"$i":"callBarring-change-passcode","$v":"Change passcode"},{"$i":"callBarring-passcode-enter","$v":"Enter passcode"},{"$i":"callBarring-passcode-unknown","$v":"In case you don't know your passcode, please contact your carrier"},{"$i":"callBarring-current-passcode","$v":"Current passcode"},{"$i":"callBarring-new-passcode","$v":"New passcode"},{"$i":"callBarring-create-passcode","$v":"Create a Passcode"},{"$i":"callBarring-confirm-passcode","$v":"Confirm passcode"},{"$i":"callBarring-passcode-error-generic","$v":"Passcode error."},{"$i":"callBarring-passcode-error-incorrect","$v":"Passcode is incorrect."},{"$i":"callBarring-passcode-error-mismatch","$v":"Passcode doesn’t match."},{"$i":"callBarring-update-item-error","$v":["Error while updating the item: ",{"t":"idOrVar","v":"error"},"."]},{"$i":"callBarring-change-passcode-success","$v":"Passcode changed."},{"$i":"callerId-default","$v":"Kaip numatyta operatoriaus"},{"$i":"callerId-hide","$v":"Nerodyti numerio"},{"$i":"callerId-show","$v":"Rodyti numerį"},{"$i":"fdn","$v":"Renkamų num. ribojimas"},{"$i":"fdnSettings","$v":"Renkamų numerių ribojimas"},{"$i":"fdnSettings-header","$v":"Renk. num. ribojimas"},{"$i":"fdn-authorizedNumbers","$v":"Leistini numeriai"},{"$i":"fdn-authorizedNumbers-header","$v":[{"t":"idOrVar","v":"fdn-authorizedNumbers"}]},{"$i":"fdn-authorizedNumbers-desc","$v":"Numerių, kuriais leidžiama skambinti, sąrašas"},{"$i":"fdn-explanation1","$v":"Galima apriboti, kuriais numeriais leidžiama skambinti iš šio telefono."},{"$i":"fdn-explanation2","$v":"(Pagalbos numeriais visada leidžiama skambinti)"},{"$i":"fdnEnable","$v":"Riboti numerius"},{"$i":"fdnDisable","$v":"Neriboti numerių"},{"$i":"fdnReset","$v":"Keisti PIN2 kodą"},{"$i":"fdnAttemptMsg3","$v":{"one":["Jums liko ",{"t":"idOrVar","v":"n"}," bandymas įvesti teisingą kodą. Jeigu suklysite, SIM kortelė užsirakins."],"two":["Jums liko ",{"t":"idOrVar","v":"n"}," bandymai įvesti teisingą kodą. Jeigu jie bus nesėkmingi, SIM kortelė užsirakins."],"few":["Jums liko ",{"t":"idOrVar","v":"n"}," bandymai įvesti teisingą kodą. Jeigu jie bus nesėkmingi, SIM kortelė užsirakins."],"many":["Jums liko ",{"t":"idOrVar","v":"n"}," bandymų įvesti teisingą kodą. Jeigu jie bus nesėkmingi, SIM kortelė užsirakins."],"other":["Jums liko ",{"t":"idOrVar","v":"n"}," bandymų įvesti teisingą kodą. Jeigu jie bus nesėkmingi, SIM kortelė užsirakins."]},"$x":[{"t":"idOrVar","v":"plural"},"n"]},{"$i":"fdnLastChanceMsg","$v":"Tai – paskutinė galimybė įvesti teisingą PIN2 kodą. Jeigu dabar suklysite, norėdami toliau naudotis šia SIM kortele, turėsite įvesti jos PUK2 kodą."},{"$i":"fdnErrorMsg","$v":"PIN2 kodas neteisingas."},{"$i":"fdn-enabled-warning","$v":"Skambučių nukreipimas išjungtas, nes ribojami numeriai, kuriais leidžiama skambinti."},{"$i":"fdnContact-name","$v":"Vardas"},{"$i":"fdnContact-number","$v":"Numeris"},{"$i":"fdnContact-submit","$v":"Pateikti"},{"$i":"fdnAction-add","$v":"Pridėti adresatą"},{"$i":"fdnAction-call","$v":"Skambinti"},{"$i":"fdnAction-edit","$v":"Taisyti adresatą"},{"$i":"fdnAction-edit-header","$v":"Adresato taisymas"},{"$i":"fdnAction-delete","$v":"Šalinti adresatą"},{"$i":"fdnNoFDNFreeRecord","$v":"Maximum FDN reached. You cannot add more numbers."},{"$i":"messagingSettings","$v":"Pranešimų nuostatos"},{"$i":"messagingSettings-header","$v":[{"t":"idOrVar","v":"messagingSettings"}]},{"$i":"message-confirmation","$v":"Žinučių patvirtinimas"},{"$i":"message-delivery-reports","$v":"Pristatymo pažymos"},{"$i":"message-delivery-reports-details","$v":"Prašyti pažymos apie kiekvienos išsiųstos žinutės pristatymą"},{"$i":"message-read-reports","$v":"Perskaitymo pažymos"},{"$i":"message-read-reports-details","$v":"Prašyti pažymos apie kiekvienos išsiųstos žinutės perskaitymą"},{"$i":"mmsTitle","$v":"Daugialypės terpės žinutės (MMS)"},{"$i":"auto-retrieve","$v":"Automatinis parsiuntimas"},{"$i":"auto-retrieve-details","$v":"Automatiškai parsiųsti žinutes"},{"$i":"manual-retrieve","$v":"Niekada"},{"$i":"auto-roaming-retrieve","$v":"Visuose tinkluose"},{"$i":"auto-no-roaming-retrieve","$v":"Tik savo tinkle"},{"$i":"autoConfigure","$v":"Konfigūruoti automatiškai"},{"$i":"wapPushMessages","$v":"„WAP Push“ pranešimai"},{"$i":"wapPush","$v":"WAP Push"},{"$i":"cellBroadcastMessages","$v":"Tinklo pranešimai"},{"$i":"cellBroadcast","$v":"Tinklo pranešimai"},{"$i":"emergencyAlert","$v":"Ekstr. sit. perspėjimai"},{"$i":"messagingInformation","$v":"Informacija"},{"$i":"messaging-SMSC","$v":"Žinučių centras"},{"$i":"messaging-sim-settings","$v":["SIM ",{"t":"idOrVar","v":"index"}," nuostatos"]},{"$i":"unknown-SMSC","$v":"Duomenų nėra"},{"$i":"cellularAndData","$v":"Mobilusis ryšys"},{"$i":"cellularAndData-header","$v":[{"t":"idOrVar","v":"cellularAndData"}]},{"$i":"dataNetwork","$v":"Operatorius"},{"$i":"dataConnectivity","$v":"Duomenys"},{"$i":"dataConnection","$v":"Duomenų ryšys"},{"$i":"dataRoaming","$v":"Tarptinklinis d. ryšys"},{"$i":"networkOperator","$v":"Tinklo operatorius"},{"$i":"networkOperator-header","$v":[{"t":"idOrVar","v":"networkOperator"}]},{"$i":"availableOperators","$v":"Šiuo metu pasiekiami operatorių tinklai"},{"$i":"preferredNetworkTypeAlertTitle","$v":"Pageidaujamas tinklo tipas"},{"$i":"preferredNetworkTypeAlertErrorMessage","$v":"Tinklo tipo pasirinkti nepavyko"},{"$i":"operator-networkType","$v":"Tinklo tipas"},{"$i":"operator-networkType-auto","$v":"Automatinis"},{"$i":"operator-networkType-prefer3G","$v":"Pirmenybė 3G"},{"$i":"operator-networkType-2G","$v":"Tik 2G"},{"$i":"operator-networkType-3G","$v":"Tik 3G"},{"$i":"operator-networkType-GSM","$v":"GSM"},{"$i":"operator-networkType-WCDMA","$v":"WCDMA"},{"$i":"operator-networkType-CDMA","$v":"CDMA"},{"$i":"operator-networkType-EVDO","$v":"EVDO"},{"$i":"operator-networkType-LTE","$v":"LTE"},{"$i":"operator-networkType-preferWCDMA","$v":"Pirmenybė WCDMA"},{"$i":"operator-networkType-auto-2G-3G","$v":"Automatinis (2G/3G)"},{"$i":"operator-networkType-auto-CDMA-EVDO","$v":"Automatinis (CDMA/EVDO)"},{"$i":"operator-networkType-auto-WCDMA-GSM","$v":"Automatinis (WCDMA/GSM)"},{"$i":"operator-networkType-auto-LTE-WCDMA-GSM","$v":"Automatinis (LTE/WCDMA/GSM)"},{"$i":"operator-networkType-auto-LTE-CDMA-EVDO","$v":"Automatinis (LTE/CDMA/EVDO)"},{"$i":"operator-networkType-auto-WCDMA-GSM-CDMA-EVDO","$v":"Automatinis (WCDMA/GSM/CDMA/EVDO)"},{"$i":"operator-autoSelect","$v":"Parinkti automatiškai"},{"$i":"operator-networkSelect-auto","$v":"Automatiškai"},{"$i":"operator-networkSelect-manual","$v":"Rankiniu būdu"},{"$i":"operator-turnAutoSelectOff","$v":"Operatorių sąrašui pamatyti išjunkite automatinį parinkimą."},{"$i":"operator-status-connecting","$v":"Jungiamasi…"},{"$i":"operator-status-connectingfailed","$v":"Prisijungti nepavyko"},{"$i":"operator-status-connected","$v":"Prisijungta"},{"$i":"operator-roamingPreference","$v":"Pageidaujamas tarptinklinio ryšio operatorius"},{"$i":"operator-roamingPreference-home","$v":"Savas"},{"$i":"operator-roamingPreference-any","$v":"Bet kuris "},{"$i":"operator-roamingPreference-affiliated","$v":"Susijęs"},{"$i":"apn","$v":"Prieigos taškas"},{"$i":"apnSettings","$v":"Prieigos taškų nuostatos"},{"$i":"apnSettings-header","$v":"Pr. tašk. nuostatos"},{"$i":"dataSettings","$v":"Duomenų ryšio nuostatos"},{"$i":"dataSettings-header","$v":"Duom. ryšio nuost."},{"$i":"suplSettings","$v":"A-GPS nuostatos"},{"$i":"suplSettings-header","$v":[{"t":"idOrVar","v":"suplSettings"}]},{"$i":"messageSettings","$v":"Žinučių nuostatos"},{"$i":"messageSettings-header","$v":[{"t":"idOrVar","v":"messageSettings"}]},{"$i":"dunSettings","$v":"Bendrinamo interneto nuostatos"},{"$i":"dunSettings-header","$v":"Bendr. int. nuost."},{"$i":"imsSettings","$v":"IMS nuostatos"},{"$i":"imsSettings-header2","$v":[{"t":"idOrVar","v":"imsSettings"}]},{"$i":"apn-editor-header","$v":"Pr. tašk. taisa"},{"$i":"mmsport","$v":"MMS prievadas"},{"$i":"mmsproxy","$v":"MMS įgaliotasis serveris"},{"$i":"mmsc","$v":"MMSC"},{"$i":"httpProxyHost","$v":"HTTP įg. serverio vardas"},{"$i":"httpProxyPort","$v":"HTTP įg. serverio prievadas"},{"$i":"custom","$v":"(tinkintos nuostatos)"},{"$i":"apn-authType","$v":"Tapatybės patikra"},{"$i":"apn-authType-notDefined","$v":"Nenurodyta"},{"$i":"apn-authType-none","$v":"Jokios"},{"$i":"apn-authType-pap","$v":"PAP"},{"$i":"apn-authType-chap","$v":"CHAP"},{"$i":"apn-authType-papOrChap","$v":"PAP arba CHAP"},{"$i":"apn-protocol","$v":"Protokolas"},{"$i":"apn-roaming-protocol","$v":"Protokolas svetimame tinkle"},{"$i":"apn-protocol-notDefined","$v":"Nenurodytas"},{"$i":"apn-protocol-ip","$v":"IPv4"},{"$i":"apn-protocol-ipv6","$v":"IPv6"},{"$i":"apn-protocol-ipv4v6","$v":"IPv4/IPv6"},{"$i":"apn-type","$v":"Prieigos taško tipas"},{"$i":"dataConnection-warning-head","$v":"ĮJUNGTI duomenų ryšį?"},{"$i":"dataConnection-warning-message","$v":"Prireikus, programos automatiškai siųsis duomenis naudodamos duomenų ryšį. Gali būti taikomi papildomi duomenų mokesčiai."},{"$i":"dataRoaming-warning-head","$v":"ĮJUNGTI tarptinklinį duomenų ryšį?"},{"$i":"dataRoaming-warning-message","$v":"Priklausomai nuo jūsų paslaugų teikimo sutarties, už duomenų perdavimą svečiame tinkle gali būti taikomi papildomi mokesčiai."},{"$i":"change-apn-warning-message1","$v":"Depending on your service agreement, changing your APN setting may result in extra charges when roaming. Do you want to proceed?"},{"$i":"reset-apn-warning-title","$v":"Numatytųjų nuostatų atstatymas"},{"$i":"reset-apn-warning-message","$v":"Bus grąžintos numatytosios prieigos taškų nuostatos. Šis veiksmas negrįžtamas"},{"$i":"state-unknown","$v":"Būsena nežinoma"},{"$i":"state-available","$v":"Pasiekiamas"},{"$i":"state-connected","$v":"Prisijungta"},{"$i":"state-current","$v":"Prisijungta"},{"$i":"state-forbidden","$v":"Jungtis draudžiama"},{"$i":"delete-apn-confirm","$v":"Šalinti šį prieigos tašką?"},{"$i":"delete-apn","$v":"Šalinti"},{"$i":"add-apn","$v":"Pridėti naują prieigos tašką"},{"$i":"reset-apn","$v":"Atstatyti numatytąsias nuostatas"},{"$i":"apnSettings-reset","$v":"Prieigos taškų nuostatų atkūrimas"},{"$i":"bluetooth","$v":"„Bluetooth“ ryšys"},{"$i":"bluetooth-header","$v":"Bluetooth"},{"$i":"bluetooth-enable-msg","$v":"Įjunkite „Bluetooth“ netoliese esantiems įrenginiams pamatyti."},{"$i":"bluetooth-paired-devices","$v":"Susieti įrenginiai"},{"$i":"bluetooth-devices-in-area","$v":"Įrenginiai netoliese"},{"$i":"bluetooth-visible-to-all","$v":"Matomas visiems"},{"$i":"bluetooth-name-maxlength-alert","$v":["Įvesto vardo ilgis viršija ",{"t":"idOrVar","v":"length"}," simb. Bandykite įvesti kitą vardą."]},{"$i":"bluetooth-address","$v":"„Bluetooth“ adresas"},{"$i":"bluetooth-address-unavailable","$v":"Nėra / nežinomas"},{"$i":"bt-status-nopaired","$v":"Nėra susietų įrenginių"},{"$i":"bt-status-turnoff","$v":"Išjungtas"},{"$i":"bt-status-paired","$v":{"zero":[{"t":"idOrVar","v":"name"}],"one":[{"t":"idOrVar","v":"name"},", dar ",{"t":"idOrVar","v":"n"}],"two":[{"t":"idOrVar","v":"name"},", dar ",{"t":"idOrVar","v":"n"}],"few":[{"t":"idOrVar","v":"name"},", dar ",{"t":"idOrVar","v":"n"}],"many":[{"t":"idOrVar","v":"name"},", dar ",{"t":"idOrVar","v":"n"}],"other":[{"t":"idOrVar","v":"name"},", dar ",{"t":"idOrVar","v":"n"}]},"$x":[{"t":"idOrVar","v":"plural"},"n"]},{"$i":"device-status-tap-connect","$v":"Bakstelėkite susijungimui"},{"$i":"device-status-pairing","$v":"Siejamasi su įrenginiu…"},{"$i":"device-status-waiting","$v":"Laukiama kito įrenginio…"},{"$i":"device-status-paired","$v":"Susisieta"},{"$i":"device-status-connecting","$v":"Jungiamasi…"},{"$i":"device-status-connected","$v":"Prisijungta"},{"$i":"device-status-connected-media","$v":"Nukreiptas medijos garsas"},{"$i":"device-option-unpair","$v":"Atsieti"},{"$i":"device-option-confirm","$v":"Atsieti"},{"$i":"device-option-unpair-confirmation","$v":"Patvirtinkite"},{"$i":"device-option-unpair-device","$v":"Atsieti įrenginius?"},{"$i":"device-option-connect","$v":"Prisijungti"},{"$i":"device-option-disconnect","$v":"Atsijungti"},{"$i":"search-for-device","$v":"Ieškoma įrenginių…"},{"$i":"search-device","$v":"Ieškoti įrenginių"},{"$i":"rename-device","$v":"Pervardinti šį įrenginį"},{"$i":"unnamed-device","$v":"Nežinomas įrenginys"},{"$i":"change-phone-name-desc","$v":"Čia galite pakeisti šio įrenginio vardą, rodomą kituose įrenginiuose"},{"$i":"bluetooth-new-name","$v":"Naujas vardas"},{"$i":"error-pair-title","$v":"Susieti įrenginių nepavyko"},{"$i":"error-pair-pincode","$v":"Susisieti su įrenginiu nepavyko. Patikrinkite, ar įvedėte teisingą PIN kodą."},{"$i":"error-pair-toofast","$v":"Susisieti su įrenginiu nepavyko. Pateikta per daug užklausų."},{"$i":"error-connect-title","$v":"Prisijungti prie įrenginio nepavyko"},{"$i":"error-connect-msg","$v":"Įsitikinkite, jog įrenginys, prie kurio bandote prisijungti, vis dar yra „Bluetooth“ ryšio zonoje ir jame šis ryšys įjungtas."},{"$i":"unpair-title","$v":"Atsieti prijungtą įrenginį?"},{"$i":"unpair-msg","$v":"Šiuo metu prie šio įrenginio yra prisijungta. Nutraukus susiejimą, nuo jo bus atsijungta."},{"$i":"nfc","$v":"NFC"},{"$i":"SSIDCannotBeEmpty","$v":"Tinklo vardas (SSID) negali būti tuščias"},{"$i":"internetSharing","$v":"Interneto bendrinimas"},{"$i":"internetSharing-header","$v":[{"t":"idOrVar","v":"internetSharing"}]},{"$i":"internetSharing-usb","$v":"USB"},{"$i":"internetSharing-wifi","$v":"Belaidis tinklas"},{"$i":"wifi-hotspot","$v":"Bel. prieigos taškas"},{"$i":"wifi-name","$v":"Tinklo vardas"},{"$i":"wifi-password","$v":"Slaptažodis"},{"$i":"wifi-security","$v":"Apsauga"},{"$i":"usb-tethering","$v":"USB tinklo įrenginys"},{"$i":"hotspotSettings","$v":"Prieigos taško parametrai"},{"$i":"wifi-auth-username","$v":"Naudotojo vardas"},{"$i":"wifi-auth-password","$v":"Slaptažodis"},{"$i":"wifi-join-username","$v":"Naudotojo vardas"},{"$i":"wifi-join-password","$v":"Slaptažodis"},{"$i":"hotspotSettings-header","$v":"Prieigos t. param."},{"$i":"ssid-name","$v":"Tinklo vardas (SSID)"},{"$i":"hotspot-open","$v":"atviras"},{"$i":"hotspot-wpa-psk","innerHTML":"WPA (TKIP)"},{"$i":"hotspot-wpa2-psk","innerHTML":"WPA2 (AES)"},{"$i":"hotspot-password-desc","$v":"Slaptažodį turi sudaryti bent 8 simboliai."},{"$i":"personalization","$v":"Individualizavimas"},{"$i":"sound","$v":"Garsai"},{"$i":"sound-header","$v":[{"t":"idOrVar","v":"sound"}]},{"$i":"volume","$v":"Garsis"},{"$i":"tones","$v":"Garsai"},{"$i":"touch-tones","$v":"Prisilietimo tonai"},{"$i":"touch-tone-short","$v":"Trumpi"},{"$i":"touch-tone-long","$v":"Ilgi"},{"$i":"select-tone","$v":"Pasirinkite garsą"},{"$i":"ringtones","$v":"Skambėjimo garsai"},{"$i":"alerts","$v":"Įspėjimai"},{"$i":"manage-tones","$v":"Tvarkyti garsus"},{"$i":"other-sounds","$v":"Kiti garsai"},{"$i":"unlock-screen","$v":"Atrakinus ekraną"},{"$i":"camera","$v":"Naudojantis kamera"},{"$i":"sent-message","$v":"Išsiuntus žinutę"},{"$i":"alarm-sound","$v":"Žadintuvas"},{"$i":"ringtone-and-notification-sound","$v":"Skambučiai ir pranešimai"},{"$i":"media-sound","$v":"Medija"},{"$i":"saving-tone","$v":"Įrašoma…"},{"$i":"no-ringtone-app","$v":"Nepavyko aptikti skambėjimo garsams tvarkyti skirtos programos!"},{"$i":"display","$v":"Ekranas"},{"$i":"display-header","$v":[{"t":"idOrVar","v":"display"}]},{"$i":"brightness","$v":"Šviesumas"},{"$i":"brightness-autoAdjust","$v":"Keisti automatiškai"},{"$i":"lockScreen","$v":"Ekrano rakinimas"},{"$i":"wallpaper","$v":"Fono paveikslas"},{"$i":"screen-timeout","$v":"Ekrano temdymas"},{"$i":"one-minute","$v":"už 1 minutės"},{"$i":"two-minutes","$v":"už 2 minučių"},{"$i":"five-minutes","$v":"už 5 minučių"},{"$i":"ten-minutes","$v":"už 10 minučių"},{"$i":"never","$v":"niekada"},{"$i":"lock-orientation","$v":"Fiksuoti orientaciją"},{"$i":"navigation","$v":"Navigavimas"},{"$i":"navigation-header","$v":[{"t":"idOrVar","v":"navigation"}]},{"$i":"edge-swipe-navigation","$v":"Navigavimas braukiant"},{"$i":"edge-swipe-navigation-enable-msg","$v":"Perjungti programas, braukiant iš kairiojo arba dešiniojo ekrano krašto."},{"$i":"notifications","$v":"Pranešimai"},{"$i":"notifications-header","$v":[{"t":"idOrVar","v":"notifications"}]},{"$i":"lockscreen-notifications","$v":"Rodyti užrakintame ekrane"},{"$i":"notifications-resend","$v":"Rodyti perleidus įrenginį"},{"$i":"dateAndTime","$v":"Data ir laikas"},{"$i":"dateAndTime-header","$v":[{"t":"idOrVar","v":"dateAndTime"}]},{"$i":"setTimeAutomatically","$v":"Nustatyti automatiškai"},{"$i":"setTimeManually","$v":"Nustatyti rankiniu būdu"},{"$i":"timezoneMessage","$v":"Laiko juosta"},{"$i":"dateMessage","$v":"Data"},{"$i":"timeMessage","$v":"Laikas"},{"$i":"selectTimezoneContinent","$v":"Pasirinkite žemyną"},{"$i":"selectTimezone","$v":"Pasirinkite laiko zoną"},{"$i":"time-format","$v":"Formatas"},{"$i":"time-format-time","$v":"Laiko formatas"},{"$i":"hour-12","$v":"12 valandų"},{"$i":"hour-24","$v":"24 valandų"},{"$i":"languageAndRegion","$v":"Kalba ir regionas"},{"$i":"language","$v":"Kalba"},{"$i":"language-header","$v":[{"t":"idOrVar","v":"language"}]},{"$i":"region","$v":"Regionas"},{"$i":"more-languages","$v":"Get More Languages"},{"$i":"sample-format","$v":"Formatų pavyzdžiai"},{"$i":"longDateFormat","$v":"%A, %Y m. %Eb %e d."},{"$i":"simManager","$v":"SIM kortelės"},{"$i":"simManager-header","$v":[{"t":"idOrVar","v":"simManager"}]},{"$i":"simSettings","$v":"SIM nuostatos"},{"$i":"sim-manager-outgoing-calls","$v":"Išeinantys skambučiai"},{"$i":"sim-manager-outgoing-call-desc","$v":"Bus naudojama skambinant"},{"$i":"sim-manager-outgoing-messages","$v":"Išeinančios žinutės"},{"$i":"sim-manager-outgoing-messages-desc","$v":"Bus naudojama siunčiant SMS žinutes"},{"$i":"sim-manager-outgoing-data","$v":"Duomenys"},{"$i":"sim-manager-outgoing-data-description","$v":"Bus naudojama duomenims siųsti ir gauti bei krautuvės pirkiniams apmokėti"},{"$i":"sim-manager-always-ask","$v":"Visada klausti"},{"$i":"sim-pin-locked","$v":"SIM PIN kodas užrakintas"},{"$i":"no-operator","$v":"Operatoriaus nėra"},{"$i":"cant-disable-simcard-alert","$v":"Vienu metu turi būti aktyvi bent viena SIM kortelė"},{"$i":"disable-simcard-confirm","$v":["SIM ",{"t":"idOrVar","v":"disableCardIndex"}," kortelė negali priimti skambučių ir žinučių. Išeinantys skambučiai ir žinutės, kurie nustatyti naudoti SIM ",{"t":"idOrVar","v":"disableCardIndex"}," kortelę, bus negalimi."]},{"$i":"change-outgoing-data-confirm","$v":"Bus sustabdytas šiuo metu vykdomas siuntimas. Ar tęsti?"},{"$i":"homescreen","$v":"Pradžios ekranas"},{"$i":"vertical-homescreen-header","$v":"Pradžios ekranas"},{"$i":"vertical-homescreen-layout","$v":"Išdėstymas"},{"$i":"vertical-homescreen-icon-layout","$v":"Piktogramų išdėstymas"},{"$i":"vertical-homescreen-three-columns","$v":"Trys stulpeliai"},{"$i":"vertical-homescreen-four-columns","$v":"Keturi stulpeliai"},{"$i":"notice","$v":"Pastaba"},{"$i":"search","$v":"Paieška"},{"$i":"search-header","$v":[{"t":"idOrVar","v":"search"}]},{"$i":"search-engine","$v":"Ieškyklė"},{"$i":"search-suggestions","$v":"Paieškos siūlymai"},{"$i":"search-suggestions-description","$v":"Paieškos lauke renkamas tekstas yra siunčiamas keletui paieškos teikėjų ir bus naudojamas paieškos siūlumams pateikti. Naudojantis šia funkcija, gali būti taikomi papildomi duomenų perdavimo mokesčiai."},{"$i":"homescreens","$v":"Pradžios ekranai"},{"$i":"homescreens-header","$v":[{"t":"idOrVar","v":"homescreens"}]},{"$i":"changeHomescreen","$v":"Keisti pradžios ekraną"},{"$i":"changeHomescreenButton","$v":"Keisti"},{"$i":"description","$v":"Aprašas"},{"$i":"keyboardSettings","$v":"Klaviatūrų nuostatos"},{"$i":"selectedKeyboards","$v":"Įjungti klaviatūros išdėstymai"},{"$i":"keyboards","$v":"Klaviatūros"},{"$i":"keyboards-header","$v":[{"t":"idOrVar","v":"keyboards"}]},{"$i":"numberKeyboardLayouts","$v":"Skaitmenų išdėstymai"},{"$i":"optionKeyboardLayouts","$v":"Papildomi išdėstymai"},{"$i":"keypad","$v":"Renkant numerį"},{"$i":"dialpad","$v":"Renkant numerį"},{"$i":"selectKeyboards","$v":"Rinktis išdėstymus"},{"$i":"selectKeyboards-header","$v":"Galimi išdėstymai"},{"$i":"mustHaveOneKeyboard","$v":["Turi būti pasirinktas bent vienas ",{"t":"idOrVar","v":"type"}," klaviatūros išdėstymas"]},{"$i":"keyboardType-text","$v":"teksto"},{"$i":"keyboardType-url","$v":"url adresų"},{"$i":"keyboardType-number","$v":"skaitmenų"},{"$i":"defaultKeyboardEnabled","$v":["„",{"t":"idOrVar","v":"appName"}," – ",{"t":"idOrVar","v":"layoutName"},"“ yra numatytasis įvesties metodas"]},{"$i":"themes","$v":"Grafiniai apvalkalai"},{"$i":"themes-header","$v":[{"t":"idOrVar","v":"themes"}]},{"$i":"fxa","$v":"„Firefox“ paskyros"},{"$i":"accounts","$v":"Paskyrų tvarkymas"},{"$i":"fxa-accounts","$v":"„Firefox“ paskyros"},{"$i":"fxa-accounts-header","$v":[{"t":"idOrVar","v":"fxa-accounts"}]},{"$i":"fxa-overview","$v":"„Firefox“ paskyra įgalina naudotis tokiomis tarnybomis, kaip „Find My Device“ ir „Firefox“ krautuve.."},{"$i":"fxa-invitation","$v":"Susikurkite paskyrą arba prisijunkite"},{"$i":"fxa-confirm-account","$v":"Patvirtinkite savo paskyrą"},{"$i":"fxa-verification-email-sent-msg","$v":["Adresu ",{"t":"idOrVar","v":"email"}," mes išsiųsime laišką"]},{"$i":"fxa-please-verify","$v":"Spustelėkite laiške esantį saitą savo paskyrai patvirtinti."},{"$i":"fxa-cancel-confirmation","$v":"Nutraukti paskyros patvirtinimą"},{"$i":"fxa-resend-alert","$v":["Adresu ",{"t":"idOrVar","v":"email"}," išsiųstas patvirtinimo saitas."]},{"$i":"fxa-dont-see-email","$v":["Nematote laiško? ",{"t":"idOrVar","v":"resend"},"."]},{"$i":"fxa-resend","$v":"Išsiųsti iš naujo"},{"$i":"fxa-about","$v":"Apie"},{"$i":"fxa-logged-in-text","$v":["Prisijungta kaip ",{"t":"idOrVar","v":"email"}]},{"$i":"fxa-signed-in-header","$v":"Prisijungta"},{"$i":"fxa-marketplace-app","$v":"Krautuvė"},{"$i":"fxa-find-my-device-app","$v":"„Find My Device“"},{"$i":"fxa-options","$v":"Nuostatos"},{"$i":"fxa-sign-out","$v":"Atsijungti"},{"$i":"fxa-confirm-email","$v":["Patvirtinkite adresą ",{"t":"idOrVar","v":"email"}]},{"$i":"findmydevice","$v":"„Find My Device“"},{"$i":"findmydevice-create-account","$v":"Susikurkite paskyrą arba prisijunkite"},{"$i":"findmydevice-enable","$v":"Įgalinti „Find My Device“"},{"$i":"findmydevice-about","$v":"Apie „Find My Device“"},{"$i":"findmydevice-enable-geolocation-prompt","$v":"Įgalinti geolokavimą?"},{"$i":"findmydevice-enable-geolocation-description","$v":"Kad būtų galima nustatyti įrenginio vietą, būtina įgalinti geolokavimą."},{"$i":"findmydevice-geolocation-enabled","$v":"Geolokavimas įjungtas"},{"$i":"findmydevice-enable-network","$v":"Šiuo metu neprisijungta prie interneto. Prisijunkite ir bandykite dar kartą."},{"$i":"findmydevice-error","$v":"Įvyko „Find My Device“ klaida."},{"$i":"findmydevice-please-try","$v":"Pabandykite dar kartą."},{"$i":"findmydevice-please-tap","$v":"Bakstelėkite, kad būtų pabandyta dar kartą."},{"$i":"privacyAndSecurity","$v":"Privatumas ir saugumas"},{"$i":"passcode-lock","$v":"Rak. saugos kodu"},{"$i":"passcode-lock-desc","$v":["Saugos kodas: ",{"t":"idOrVar","v":"code"}]},{"$i":"screenLock","$v":"Ekrano rakinimas"},{"$i":"screenLock-header","$v":[{"t":"idOrVar","v":"screenLock"}]},{"$i":"simSecurity","$v":"SIM kortelės sauga"},{"$i":"simSecurity-header","$v":[{"t":"idOrVar","v":"simSecurity"}]},{"$i":"appPermissions","$v":"Programų leidimai"},{"$i":"appPermissions-header","$v":[{"t":"idOrVar","v":"appPermissions"}]},{"$i":"author","$v":"Autorius"},{"$i":"permissions","$v":"Leidimai"},{"$i":"revoke","$v":"Atimti"},{"$i":"ask","$v":"Klausti"},{"$i":"deny","$v":"Draudžiama"},{"$i":"allow","$v":"Leidžiama"},{"$i":"uninstallApp","$v":"Šalinti programą"},{"$i":"phone","$v":"Telefonas"},{"$i":"messages","$v":"Žinutės"},{"$i":"vibrate","$v":"Vibruoti"},{"$i":"ring","$v":"Skambėti"},{"$i":"change","$v":"Keisti"},{"$i":"create","$v":"Kurti"},{"$i":"create-a-passcode","$v":"Sukurkite saugos kodą"},{"$i":"passcode","$v":"Saugos kodas"},{"$i":"passcode-heading","$v":"Saugos kodas"},{"$i":"enter-passcode","$v":"Įveskite saugos kodą"},{"$i":"new-passcode","$v":"Naujas saugos kodas"},{"$i":"current-passcode","$v":"Dabartinis kodas"},{"$i":"incorrect-passcode","$v":"Saugos kodas neteisingas"},{"$i":"passcode-doesnt-match","$v":"Kodai nesutampa. Bandykite dar kartą."},{"$i":"confirm-passcode","$v":"Patvirtinkite saugos kodą"},{"$i":"immediately","$v":"Nedelsiant"},{"$i":"after-one-minute","$v":"Praėjus 1 minutei"},{"$i":"after-five-minutes","$v":"Praėjus 5 minutėms"},{"$i":"after-fifteen-minutes","$v":"Praėjus 15 minučių"},{"$i":"after-thirty-minutes","$v":"Praėjus 30 minučių"},{"$i":"after-one-hour","$v":"Praėjus 1 valandai"},{"$i":"require-passcode","$v":"Reikalauti saugos kodo"},{"$i":"change-passcode","$v":"Keisti saugos kodą"},{"$i":"noSimCard","$v":"Nėra SIM kortelės"},{"$i":"simPin","$v":"SIM PIN"},{"$i":"simPin2","$v":"SIM PIN2"},{"$i":"simPinWithIndex","$v":["SIM ",{"t":"idOrVar","v":"index"}," PIN"]},{"$i":"pukCode","$v":"PUK kodas"},{"$i":"puk2Code","$v":"PUK2 kodas"},{"$i":"whatIsSimPin","$v":"Kas yra SIM PIN kodas?"},{"$i":"simPinIntro1","$v":"SIM PIN kodas apsaugo SIM kortelę nuo nesankcionuoto panaudojimo. Kai šio kodo reikalavimas įjungtas, bet kuris įrenginys, į kurį įdėsite SIM kortelę, įjungimo metu reikalaus įvesti PIN kodą."},{"$i":"simPinIntro2","$v":"SIM PIN kodas yra ne tas pats, kas įrenginio atrakinimo kodas."},{"$i":"changeSimPin","$v":"Keisti PIN kodą"},{"$i":"simPinChangedSuccessfully","$v":"SIM PIN kodas sėkmingai pakeistas"},{"$i":"simPinChangedSuccessfullyWithIndex","$v":["SIM ",{"t":"idOrVar","v":"index"}," PIN kodas sėkmingai pakeistas"]},{"$i":"pinTitle","$v":"Įveskite PIN kodą"},{"$i":"pin2Title","$v":"Įveskite PIN2 kodą"},{"$i":"pukTitle","$v":"Įveskite PUK kodą"},{"$i":"puk2Title","$v":"Įveskite PUK2 kodą"},{"$i":"newpinTitle","$v":"Naujas PIN kodas"},{"$i":"inputCodeRetriesLeft","$v":{"one":"Paskutinis bandymas.","two":["Liko ",{"t":"idOrVar","v":"n"}," bandymai."],"few":["Liko ",{"t":"idOrVar","v":"n"}," bandymai."],"many":["Liko ",{"t":"idOrVar","v":"n"}," bandymų."],"other":["Liko ",{"t":"idOrVar","v":"n"}," bandymų."]},"$x":[{"t":"idOrVar","v":"plural"},"n"]},{"$i":"pinAttemptMsg3","$v":{"one":["Jums liko ",{"t":"idOrVar","v":"n"}," bandymas įvesti teisingą kodą. Jeigu suklysite, SIM kortelė užsirakins."],"two":["Jums liko ",{"t":"idOrVar","v":"n"}," bandymai įvesti teisingą kodą. Jeigu jie bus nesėkmingi, SIM kortelė užsirakins."],"few":["Jums liko ",{"t":"idOrVar","v":"n"}," bandymai įvesti teisingą kodą. Jeigu jie bus nesėkmingi, SIM kortelė užsirakins."],"many":["Jums liko ",{"t":"idOrVar","v":"n"}," bandymų įvesti teisingą kodą. Jeigu jie bus nesėkmingi, SIM kortelė užsirakins."],"other":["Jums liko ",{"t":"idOrVar","v":"n"}," bandymų įvesti teisingą kodą. Jeigu jie bus nesėkmingi, SIM kortelė užsirakins."]},"$x":[{"t":"idOrVar","v":"plural"},"n"]},{"$i":"pinLastChanceMsg","$v":"Tai – paskutinė galimybė įvesti teisingą kodą. Jeigu dabar suklysite, norėdami toliau naudotis šia SIM kortele, turėsite įvesti jos PUK kodą."},{"$i":"simCardLockedMsg","$v":"SIM kortelė užrakinta."},{"$i":"simCardBlockedMsg","$v":"SIM kortelė užblokuota."},{"$i":"enterPukMsg","$v":"Privalote įvesti šios SIM kortelės PUK kodą. Išsamesnės informacijos apie jį ieškokite kortelės dokumentacijoje arba susisiekę su savo mobiliojo ryšio operatoriumi."},{"$i":"enterPuk2Msg","$v":"Privalote įvesti šios SIM kortelės PUK2 kodą. Išsamesnės informacijos apie jį ieškokite kortelės dokumentacijoje arba susisiekę su savo mobiliojo ryšio operatoriumi."},{"$i":"pukErrorMsg","$v":"PUK kodas neteisingas."},{"$i":"pukAttemptMsg3","$v":{"one":["Jums liko ",{"t":"idOrVar","v":"n"},"} bandymas įvesti teisingą kodą. Jeigu suklysite, SIM kortelė užsiblokuos visam laikui. Daugiau informacijos ieškokite kortelės dokumentacijoje arba susisiekę su savo mobiliojo ryšio operatoriumi."],"two":["Jums liko ",{"t":"idOrVar","v":"n"}," bandymai įvesti teisingą kodą. Jeigu jie bus nesėkmingi, SIM kortelė užsiblokuos visam laikui. Daugiau informacijos ieškokite kortelės dokumentacijoje arba susisiekę su savo mobiliojo ryšio operatoriumi."],"few":["Jums liko ",{"t":"idOrVar","v":"n"}," bandymai įvesti teisingą kodą. Jeigu jie bus nesėkmingi, SIM kortelė užsiblokuos visam laikui. Daugiau informacijos ieškokite kortelės dokumentacijoje arba susisiekę su savo mobiliojo ryšio operatoriumi."],"many":["Jums liko ",{"t":"idOrVar","v":"n"}," bandymų įvesti teisingą kodą. Jeigu jie bus nesėkmingi, SIM kortelė užsiblokuos visam laikui. Daugiau informacijos ieškokite kortelės dokumentacijoje arba susisiekę su savo mobiliojo ryšio operatoriumi."],"other":["Jums liko ",{"t":"idOrVar","v":"n"}," bandymų įvesti teisingą kodą. Jeigu jie bus nesėkmingi, SIM kortelė užsiblokuos visam laikui. Daugiau informacijos ieškokite kortelės dokumentacijoje arba susisiekę su savo mobiliojo ryšio operatoriumi."]},"$x":[{"t":"idOrVar","v":"plural"},"n"]},{"$i":"pukLastChanceMsg","$v":"Tai – paskutinė galimybė įvesti teisingą PUK kodą. Jeigu dabar suklysite, jūsų SIM kortelė negrįžtamai užsiblokuos. Daugiau informacijos apie PUK kodą ieškokite kortelės dokumentacijoje arba susisiekę su savo mobiliojo ryšio operatoriumi."},{"$i":"newSimPinMsg","$v":"Įveskite naująjį PIN kodą (4–8 skaitmenis)"},{"$i":"newSimPin2Msg","$v":"Įveskite naująjį PIN2 kodą (4–8 skaitmenis)"},{"$i":"confirmNewSimPinMsg","$v":"Patvirtinkite naująjį PIN kodą"},{"$i":"confirmNewSimPin2Msg","$v":"Patvirtinkite naująjį PIN2 kodą"},{"$i":"newPinErrorMsg","$v":"Įvesti PIN kodai nesutampa"},{"$i":"simLockedPhone","$v":"Telefonas „pririštas“ prie SIM kortelės"},{"$i":"unknownSimCardState","$v":"SIM kortelės būsena nežinoma"},{"$i":"simCardNotReady","$v":"SIM kortelė neparengta"},{"$i":"simCardIllegal","$v":"Neleistina SIM kortelė"},{"$i":"doNotTrack","$v":"Stebėjimas"},{"$i":"doNotTrack-header","$v":[{"t":"idOrVar","v":"doNotTrack"}]},{"$i":"doNotTrackActions","$v":"Nurodyti svetainėms ir programoms, kad jos jūsų nestebėtų"},{"$i":"allowTracking","$v":"Nurodyti svetainėms ir programoms, kad jos jus stebėtų"},{"$i":"doNotHavePrefOnTracking","$v":"Neinformuoti svetainių ir programų apie jūsų požiūrį į stebėjimą"},{"$i":"doNotTrack-dt","$v":"Kaip veikia „Do Not Track“ technologija?"},{"$i":"doNotTrack-dd1","$v":"Įjungus „Do Not Track“, jūsų įrenginys informuos kiekvieną lankomą svetainę ir vykdomą programą (taip pat reklamos tinklus ir kitus turinio teikėjus), jog jūs nenorite, kad jūsų elgsena būtų stebima ir registruojama."},{"$i":"doNotTrack-dd2","$v":"„Do Not Track“ įjungimas neįtakos jūsų galimybių jungtis prie svetainių ir netrukdys jūsų įrenginiui įsiminti asmeninių duomenų, tokių, kaip pirkinių krepšeliai, geografinė jūsų buvimo vieta ar svetainės prie kurių yra prisijungta."},{"$i":"browsingPrivacy","$v":"Naršymo privatumas"},{"$i":"browsingPrivacy-header","$v":[{"t":"idOrVar","v":"browsingPrivacy"}]},{"$i":"confirm-clear-title","$v":"Patvirtinkite"},{"$i":"clear-browsing-history","$v":"Valyti naršymo žurnalą"},{"$i":"confirm-clear-browsing-history","$v":"Išvalyti naršymo žurnalą?"},{"$i":"clear-cookies-and-stored-data","$v":"Šalinti slapukus ir įrašytus duomenis."},{"$i":"confirm-clear-cookies-and-stored-data","$v":"Pašalinti slapukus ir kitus svetainių šiame įrenginyje įrašytus duomenis?"},{"$i":"clear","$v":"Valyti"},{"$i":"privacy-controls","$v":"Privacy Controls"},{"$i":"no-privacy-panel","$v":"No privacy panel app found"},{"$i":"storage","$v":"Saugykla"},{"$i":"enableUSBStorage1","$v":"USB laikmena"},{"$i":"umsUnplugToDisable","$v":"Atjunkite USB kabelį kad išjungtumėte"},{"$i":"appStorage","$v":"Programų saugykla"},{"$i":"appStorage-header","$v":[{"t":"idOrVar","v":"appStorage"}]},{"$i":"storageSize","$v":[{"t":"idOrVar","v":"size"}," ",{"t":"idOrVar","v":"unit"}]},{"$i":"availableSize","$v":{"zero":["laisva ",{"t":"idOrVar","v":"size"}," ",{"t":"idOrVar","v":"unit"}],"one":["laisva ",{"t":"idOrVar","v":"size"}," ",{"t":"idOrVar","v":"unit"}],"two":["laisva ",{"t":"idOrVar","v":"size"}," ",{"t":"idOrVar","v":"unit"}],"few":["laisva ",{"t":"idOrVar","v":"size"}," ",{"t":"idOrVar","v":"unit"}],"many":["laisva ",{"t":"idOrVar","v":"size"}," ",{"t":"idOrVar","v":"unit"}],"other":["laisva ",{"t":"idOrVar","v":"size"}," ",{"t":"idOrVar","v":"unit"}]},"$x":[{"t":"idOrVar","v":"plural"},"size"]},{"$i":"apps-total-space","$v":"Bendra apimtis"},{"$i":"apps-used-space","$v":"Naudojama"},{"$i":"apps-free-space","$v":"Laisva"},{"$i":"storage-details","$v":"Nuotraukos, vaizdo įrašai ir muzika laikomi atskirai nuo programų. Išsamiau – Medijos saugyklos nuostatose."},{"$i":"ums-shared-volumes","$v":[{"t":"idOrVar","v":"list"}," bendrinama"]},{"$i":"transferProtocol-header","$v":"Duomenų protokolas"},{"$i":"protocol-mtp","$v":"Media Transfer Protocol (MTP)"},{"$i":"protocol-ums","$v":"USB Mass Storage (UMS)"},{"$i":"mediaStorage","$v":"Medijos saugykla"},{"$i":"mediaStorage-header","$v":[{"t":"idOrVar","v":"mediaStorage"}]},{"$i":"storage-name-internal","$v":"Vidinė atmintinė"},{"$i":"storage-name-external-0","$v":"Atminties kortelė"},{"$i":"storage-name-external-1","$v":"Atminties kortelė Nr. 2"},{"$i":"short-storage-name-internal","$v":"Vidinė"},{"$i":"short-storage-name-external-0","$v":"Kortelė"},{"$i":"short-storage-name-external-1","$v":"Kortelė Nr. 2"},{"$i":"music-space","$v":"Muzika"},{"$i":"pictures-space","$v":"Nuotraukos"},{"$i":"videos-space","$v":"Vaizdo įrašai"},{"$i":"left-space","$v":"Laisva"},{"$i":"free-space","$v":"Laisva"},{"$i":"total-space","$v":"Talpa"},{"$i":"size-not-available","$v":"Nėra duomenų"},{"$i":"no-storage","$v":"Atmintinių neaptikta"},{"$i":"advanced","$v":"Kitkas"},{"$i":"ums-warning-title","$v":"Įgalinti USB laikmenos veikseną?"},{"$i":"default-media-location","$v":"Numatytoji medijos atmintinė"},{"$i":"default-media-location-msg","$v":"Pasirinkite, kur numatytuoju atveju bus įrašomi vaizdo įrašai, nuotraukos, muzika ir parsiųsti failai."},{"$i":"change-default-media-location-confirmation","$v":"Ši nuostata nurodo, kur numatytuoju atveju bus įrašomi visi medijos failai. Tai neįtakoja jau egzistuojančių failų – jie liks dabartinėse savo vietose. Ar norite tęsti?"},{"$i":"eject-sdcard-external-0","$v":"Išstumti atminties kortelę"},{"$i":"eject-sdcard-external-1","$v":"Išstumti 2-ąją atminties kortelę"},{"$i":"format-sdcard-internal","$v":"Ženklinti vidinę atmintinę"},{"$i":"format-sdcard-external-0","$v":"Ženklinti atminties kortelę"},{"$i":"format-sdcard-external-1","$v":"Ženklinti 2-ąją atminties kortelę"},{"$i":"formatting","$v":"Ženklinama…"},{"$i":"unmount-sdcard-confirmation","$v":"Atjungę atminties kortelę, nebegalėsite pasiekti joje esančio turinio. Ar norite tęsti?"},{"$i":"format-sdcard-title","$v":"Ženklinti atminties kortelę?"},{"$i":"format-sdcard-message","$v":"Ženklinant, iš kortelės bus pašalinti visi duomenys, tarp jų ir nuotraukos bei muzika."},{"$i":"format-sdcard-internal-title","$v":"Format internal storage"},{"$i":"format-sdcard-internal-message","$v":"This will erase all data stored on your internal storage, such as music and photos."},{"$i":"format-sdcard-btnformat","$v":"Ženklinti"},{"$i":"sdcardUnmounted","$v":"Atminties kortelė atjungta"},{"$i":"device","$v":"Įrenginys"},{"$i":"help","$v":"Pagalba"},{"$i":"deviceInfo","$v":"Apie šį įrenginį"},{"$i":"deviceInfo-header","$v":[{"t":"idOrVar","v":"deviceInfo"}]},{"$i":"deviceInfo-IMEI","$v":"IMEI"},{"$i":"deviceInfo-ICCID","$v":"ICCID"},{"$i":"deviceInfo-MSISDN","$v":"Telefono numeris"},{"$i":"deviceInfo-ICCID-unavailable-sim","$v":["SIM ",{"t":"idOrVar","v":"index"},": nepasiekiama"]},{"$i":"downloads","$v":"Parsiuntimai"},{"$i":"downloads-header","$v":[{"t":"idOrVar","v":"downloads"}]},{"$i":"unknown-phoneNumber","$v":"Nežinomas"},{"$i":"unknown-phoneNumber-sim","$v":["SIM ",{"t":"idOrVar","v":"index"},": nežinomas"]},{"$i":"gitInfo","$v":"Git modifikacija"},{"$i":"developer","$v":"Programuotojams"},{"$i":"developer-header","$v":[{"t":"idOrVar","v":"developer"}]},{"$i":"hud-settings-button","$v":"Developer HUD"},{"$i":"hud-settings-header","$v":[{"t":"idOrVar","v":"hud-settings-button"}]},{"$i":"hud-devtools","$v":"Developer tools"},{"$i":"hud-devtools-header","$v":[{"t":"idOrVar","v":"hud-devtools"}]},{"$i":"hud-logging","$v":"Log changes in adb"},{"$i":"hud-system","$v":"Show system HUD"},{"$i":"hud-problems","$v":"Problems"},{"$i":"hud-warnings","$v":"Warnings"},{"$i":"hud-errors","$v":"Errors"},{"$i":"hud-security","$v":"Security issues"},{"$i":"hud-performance","$v":"Performance"},{"$i":"hud-reflows","$v":"Reflows"},{"$i":"hud-jank","$v":"Jank"},{"$i":"jank-threshold","$v":"Jank Threshold"},{"$i":"hud-fps","$v":"Frames per second"},{"$i":"hud-ttl","$v":"Time to load"},{"$i":"hud-memory","$v":"Memory"},{"$i":"hud-uss","$v":"Unique Set Size"},{"$i":"hud-appmemory","$v":"App memory"},{"$i":"hud-jsobjects","$v":"JS objects"},{"$i":"hud-jsstrings","$v":"JS strings"},{"$i":"hud-jsother","$v":"JS other"},{"$i":"hud-dom","$v":"DOM"},{"$i":"hud-style","$v":"Style"},{"$i":"hud-other","$v":"Other"},{"$i":"software","$v":"Programinė įranga"},{"$i":"devSettings","$v":"Nuostatos programuotojams"},{"$i":"debug","$v":"Derinimas"},{"$i":"developer-menu","$v":"Programuotojų meniu"},{"$i":"developer-tools","$v":"Programuotojų priemonės"},{"$i":"graphics","$v":"Graphics"},{"$i":"hardware-composer","$v":"Hardware composer"},{"$i":"paint-flashing","$v":"Flash repainted area"},{"$i":"dumps-layers","$v":"Dump layers tree"},{"$i":"dumps-layerscope","$v":"Dump layerscope"},{"$i":"apz-overscroll","$v":"Overscrolling"},{"$i":"tiling","$v":"Tiling"},{"$i":"low-precision","$v":"Low-precision painting"},{"$i":"low-opacity","$v":"Low-precision transparency"},{"$i":"draw-tile-borders","$v":"Draw tile borders"},{"$i":"draw-layer-borders","$v":"Draw layer borders"},{"$i":"log-animations","$v":"Log slow animations"},{"$i":"remote-debugging-usb","$v":"Debugging via USB"},{"$i":"dev-tools-wifi","$v":"DevTools via Wi-Fi"},{"$i":"dev-tools-qps","$v":"Pseudo-localization"},{"$i":"debugger-disabled","$v":"Disabled"},{"$i":"debugger-adb-only","$v":"ADB only"},{"$i":"debugger-adb-and-devtools","$v":"ADB and Devtools"},{"$i":"wifi-debugging","$v":"Wi-Fi output in adb"},{"$i":"bluetooth-debugging","$v":"Bluetooth output in adb"},{"$i":"bluetooth-snoop-debugging","$v":"Bluetooth HCI sniffing logs to sdcard"},{"$i":"nfc-debugging","$v":"NFC output in ADB"},{"$i":"ril-debugging","$v":"RIL output in ADB"},{"$i":"console-enabled","$v":"Console enabled"},{"$i":"cards-view-screenshots","$v":"Cards View: Screenshots"},{"$i":"geolocation-debugging-enabled","$v":"Geolocation output in ADB"},{"$i":"geolocation-debugging-gps-locations-ignored","$v":"Ignore GPS locations"},{"$i":"use-reviewer-certs","$v":"Use Marketplace reviewer certs"},{"$i":"shake-to-log","$v":"Shake to save system log"},{"$i":"model-name","$v":"Modelis"},{"$i":"os-version","$v":"Operacinės sistemos versija"},{"$i":"firmware_revision","$v":"Aparatinės programinės įrangos versija"},{"$i":"hardware_revision","$v":"Aparatinės įrangos versija"},{"$i":"platform_version","$v":"Platformos versija"},{"$i":"build-id","$v":"Darinio identifikatorius"},{"$i":"update-channel","$v":"Naujinimų kanalas"},{"$i":"build_number","$v":"Build Number"},{"$i":"update-url","$v":"Naujinimų URL"},{"$i":"last-updated","$v":"Paskiausiai naujinta"},{"$i":"more-info","$v":"Išsamesnė informacija"},{"$i":"more-info-header","$v":[{"t":"idOrVar","v":"more-info"}]},{"$i":"softwareUpdates","$v":"Programinės įrangos naujinimai"},{"$i":"check-update-daily","$v":"Kasdien"},{"$i":"check-update-weekly","$v":"Kas savaitę"},{"$i":"check-update-monthly","$v":"Kas mėnesį"},{"$i":"check-for-updates","$v":"Tikrinti, ar yra naujinimų"},{"$i":"check-update-now","$v":"Patikrinti dabar"},{"$i":"update-status","$v":"Naujinimų būsena"},{"$i":"no-network-when-update","$v":"Connect to the Internet to proceed with your update."},{"$i":"checking-for-update","$v":"Tikrinama, ar yra naujinimų…"},{"$i":"no-updates","$v":"Naujinimų neaptikta"},{"$i":"retry-when-online","$v":"Neprisijungta prie interneto. Bus patikrinta, kitąkart prisijungus."},{"$i":"already-latest-version","$v":["Naudojama „",{"t":"idOrVar","v":"brandShortName"},"“ versija yra paskiausia"]},{"$i":"check-error","$v":"Tikrinant, ar yra naujinimų, įvyko klaida."},{"$i":"aboutBrowserOS","$v":["Apie „",{"t":"idOrVar","v":"brandShortName"},"“"]},{"$i":"browser-os-desc","$v":["„",{"t":"idOrVar","v":"brandShortName"},"“ yra atvirojo kodo laisvoji operacinė sistema, kurią sukūrė „Mozilla“. Mūsų misija – skatinti atvirumą, inovacijas ir galimybes, išlaikant saityno galias jūsų rankose."]},{"$i":"learn-more","$v":"Sužinoti daugiau"},{"$i":"reset-head","$v":"Gamyklinės būsenos atkūrimas"},{"$i":"reset-warning-title","$v":"DĖMESIO!"},{"$i":"unlock-privileges","$v":"Unlock Privileges"},{"$i":"reset-devtools","$v":"Reset and enable full DevTools"},{"$i":"reset-devtools-warning-title","$v":"CAUTION"},{"$i":"your-rights","$v":"Jūsų teisės"},{"$i":"your-rights-header","$v":[{"t":"idOrVar","v":"your-rights"}]},{"$i":"about-your-rights-0","$v":["„",{"t":"idOrVar","v":"brandShortName"},"“ yra laisvoji atvirojo kodo programinė įranga, kuriama bendruomenės, apimančios tūkstančius žmonių iš viso pasaulio. Keletas dalykų, kuriuos turėtumėte žinoti:"]},{"$i":"about-your-rights-1","$v":["Jums leidžiama naudotis „",{"t":"idOrVar","v":"brandShortName"},"“, vadovaujantis keletu atvirojo kodo licencijų, viena kurių – „Mozillos“ viešoji licencija (Mozilla Public License). Įrenginyje, kuriame veikia „",{"t":"idOrVar","v":"brandShortName"},"“, gali būti įdiegtos ir ne atvirojo kodo trečiųjų šalių programinės įrangos. Atvirojo kodo licencijos leidžia pirminius programų, kurioms atitinkamos licencijos taikomos, tekstus keisti ir tokias pakeistas versijas platinti, kol tenkinami ir kiti tose licencijose apibrėžti reikalavimai."]},{"$i":"about-your-rights-2","$v":["Jums nesuteikiamos jokios licencijos ar teisės į „Mozilla Foundation“ ar kitų šalių prekės ženklus, tarp jų – į „",{"t":"idOrVar","v":"brandShortName"},"“ vardą ar logotipą."]},{"$i":"about-your-rights-3","$v":["Kai kurios „",{"t":"idOrVar","v":"brandShortName"},"“ savybės, pavyzdžiui, strigčių pranešiklis, suteikia galimybę siųsti atsiliepimus „Mozillai“. Siųsdami atsiliepimus, jūs suteikiate „Mozillai“ teisę jais naudotis savo kuriamų produktų tobulinimo tikslais, skelbti juos savo svetainėse ir platinti juos kitais būdais."]},{"$i":"about-legal-info","$v":"Teisinė informacija"},{"$i":"about-credit-info","$v":"Padėkos"},{"$i":"about-legal-info-header","$v":[{"t":"idOrVar","v":"about-legal-info"}]},{"$i":"open-source-notices","$v":"Atvirojo kodo licencijos"},{"$i":"open-source-notices-header","$v":[{"t":"idOrVar","v":"open-source-notices"}]},{"$i":"obtaining-source-code","$v":"Prieiga prie pirminių tekstų"},{"$i":"obtaining-source-code-header","$v":"Prieiga prie pirm. tekstų"},{"$i":"about-mozilla","$v":"Mozilla"},{"$i":"about-other","$v":"Kiti gamintojai"},{"$i":"your-privacy","$v":"Jūsų privatumas"},{"$i":"your-privacy-header","$v":[{"t":"idOrVar","v":"your-privacy"}]},{"$i":"licensing-1","$v":"Šią programinę įrangą jums pateiktė „Mozillos“ projektas, ji platinama pagal „Mozillos“ viešosios licencijos („Mozilla Public License“, MPL) 2.0 versiją. Žinokite savo teises."},{"$i":"licensing-2","$v":"Visi pirminiai šios programinės įrangos tekstai platinami nemokamai, vadovaujantis atvirojo kodo licencijų sąlygomis (didžioji jų dalis platinama, vadovaujantis „Mozillos“ viešosios licencijos („Mozilla Public License“, MPL) 2.0 versijos sąlygomis."},{"$i":"licensing-3","$v":"Likę pirminiai tekstai, kuriems netaikoma „Mozillos“ viešosios licencijos 2.0 versija, yra platinami, vadovaujantis įvairiomis kitomis licencijomis. Licencijos, reikalaujančios, kad jų tekstas būtų pateikiamas kartu su galutiniu produktu, yra pateiktos žemiau. Pastaba: jūsų naudojamoje programinio produkto versijoje gali nebūti programinio kodo, pateikiamo pagal vieną ar daugiau čia išvardintų licencijų. Tai priklauso nuo tikslios jūsų naudojamo produkto sąrankos."},{"$i":"licensing-MPL","$v":"„Mozillos“ viešoji licencija, 2.0 versija"},{"$i":"licensing-Apache","$v":"„Apache“ licencija, 2.0 versija"},{"$i":"launch-ftu","$v":"Paleisti pirminio konfigūravimo vediklį"},{"$i":"no-ftu","$v":"Pirminio konfigūravimo vediklis nerastas"},{"$i":"software-home-button","$v":"Software home button"},{"$i":"home-gesture","$v":"Home gesture"},{"$i":"continuous-transition","$v":"Continuous transition"},{"$i":"debug-gaia-enabled","$v":"Gaia debug traces"},{"$i":"showScreenReaderSettings","$v":"Show screen reader settings"},{"$i":"app-transition","$v":"App transition"},{"$i":"app-suspending","$v":"App suspending"},{"$i":"copypaste","$v":"Copy/paste"},{"$i":"verbose-app-permissions","$v":"Verbose app permissions"},{"$i":"window-management","$v":"Window management"},{"$i":"downloads-edit","$v":"Edit downloads"},{"$i":"downloads-select-all","$v":"Žymėti visus"},{"$i":"downloads-deselect-all","$v":"Nužymėti visus"},{"$i":"downloads-delete","$v":"Šalinti"},{"$i":"battery","$v":"Akumuliatorius"},{"$i":"battery-header","$v":[{"t":"idOrVar","v":"battery"}]},{"$i":"batteryLevel","$v":"Esama įkrova"},{"$i":"batteryLevel-percent-unplugged","$v":[{"t":"idOrVar","v":"level"},"%"]},{"$i":"batteryLevel-percent-charging","$v":[{"t":"idOrVar","v":"level"},"% (kraunama)"]},{"$i":"batteryLevel-percent-charged","$v":[{"t":"idOrVar","v":"level"},"% (įkrauta)"]},{"$i":"powerSaveModeTitle","$v":"Power Save Mode"},{"$i":"powerSaveMode","$v":"Energijos taupymas"},{"$i":"powerSave-threshold","$v":["Įkrovai nukritus iki ",{"t":"idOrVar","v":"level"},"%"]},{"$i":"turnOnAuto","$v":"Įgalinti automatiškai"},{"$i":"accessibility","$v":"Pritaikymas neįgaliesiems"},{"$i":"accessibility-header","$v":[{"t":"idOrVar","v":"accessibility"}]},{"$i":"screenReader","$v":"Ekrano skaitytuvas"},{"$i":"screenReader-header","$v":[{"t":"idOrVar","v":"screenReader"}]},{"$i":"screenReader-toggle","$v":[{"t":"idOrVar","v":"screenReader"}]},{"$i":"colorFilter","$v":"Spalvų filtras"},{"$i":"colorFilter-header","$v":[{"t":"idOrVar","v":"colorFilter"}]},{"$i":"colorFilter-toggle","$v":[{"t":"idOrVar","v":"colorFilter"}]},{"$i":"screenReader-captions","$v":"Display speech"},{"$i":"screenReader-enable-msg","$v":"Įgalinus ekrano skaitytuvą, įrenginys tekstą skaitys balsu. Tai pravartu akliesiems ir prastai matantiems."},{"$i":"screen-reader-speech-volume","$v":"Teksto skaitymo garsis"},{"$i":"screen-reader-speech-rate","$v":"Teksto skaitymo greitis"},{"$i":"screenReader-confirm-title-start","$v":"Įgalinti ekrano skaitytuvą?"},{"$i":"screenReader-confirm-description-start","$v":"Įgalinus ekrano skaitytuvą, pasikeis liečiamojo ekrano veikimo būdas: bakstelėjus bet kurią vietą, bus perskaitomas toje vietoje esančio elemento tekstas, o pats elementas bus aktyvinamas dvigubu bakstelėjimu."},{"$i":"screenReader-confirm-button-start","$v":"Įgalinti"},{"$i":"screenReader-confirm-title-stop","$v":"Išjungti ekrano skaitytuvą?"},{"$i":"screenReader-confirm-description-stop","$v":"Išjungus ekrano skaitytuvą, tekstas ekrane nebebus skaitomas."},{"$i":"screenReader-confirm-button-stop","$v":"Išjungti"},{"$i":"colorFilter-invert","$v":"Invertuoti"},{"$i":"colorFilter-grayscale","$v":"Rodyti nespalvotai"},{"$i":"colorFilter-contrast","$v":"Kontrastas"},{"$i":"improveBrowserOS","$v":["„",{"t":"idOrVar","v":"brandShortName"},"“ tobulinimas"]},{"$i":"improveBrowserOSTitle","$v":["„",{"t":"idOrVar","v":"brandShortName"},"“ tobulinimas"]},{"$i":"sendMozillaFeedback","$v":"Išsiųsti atsiliepimą „Mozillai“"},{"$i":"performanceAndUsageData","$v":"Našumo ir naudojimo duomenys"},{"$i":"sharePerformanceAndUsageData","$v":"Teikti informaciją"},{"$i":"appUsageByRegion","$v":"App usage by region"},{"$i":"crashReports","$v":"Strigčių ataskaitos"},{"$i":"crashReports-header","$v":[{"t":"idOrVar","v":"crashReports"}]},{"$i":"crashReportInfo","$v":"Strigties atveju nusiųsdami „Mozillai“ strigties ataskaitą, galite prisidėti prie strigtį sukėlusios problemos pašalinimo. Šios ataskaitos siunčiamos tik belaidžiu ryšiu."},{"$i":"alwaysSendReport","$v":"Visada siųsti ataskaitas"},{"$i":"neverSendReport","$v":"Niekada nesiųsti ataskaitų"},{"$i":"askToSendReport2","$v":"Kiekvieną kartą klausti"},{"$i":"crash-reports-description-1","$v":"Strigties ataskaitoje pateikiama tam tikra informacija apie strigtį ir įrenginį, kuriame ji nutiko, o taip pat to įrenginio būklės momentinė nuotrauka strigties metu."},{"$i":"crash-reports-description-2","$v":"Ši informacija gali apimti atvertus tinklalapius ir programas, į formas įvestą tekstą, atvertų žinučių turinį, paskiausią naršymo žurnalą ar geolokavimo duomenis, naudotus atvertos programos."},{"$i":"crash-reports-description-3-start","$v":"Strigčių ataskaitomis mes naudojamės, taisydami problemas ir tobulindami savo kuriamus produktus. Kaip elgiamės su jūsų pateiktais duomenimis, esame aprašę savo "},{"$i":"crash-reports-description-3-privacy","$v":"privatumo nuostatuose"},{"$i":"crash-reports-description-3-end","$v":"."},{"$i":"sendFeedbackTitle","$v":"Jūsų atsiliepimas"},{"$i":"feedback-description","$v":"Jūsų atsiliepimas padės mums tobulinti „Firefox OS“."},{"$i":"feedback-happy","$v":"Džiugina"},{"$i":"feedback-sad","$v":"Liūdina"},{"$i":"feedback-mood-description","$v":"Ką manote apie šį produktą?"},{"$i":"feedback_whyfeel_happy","$v":"Kas jus nudžiugino?"},{"$i":"feedback_whyfeel_sad","$v":"Kas jus nuliūdino?"},{"$i":"feedback-mood-explain","$v":"Prašom papasakoti išsamiau."},{"$i":"feedback-public-description","$v":"Jūsų atsiliepimo turinys bus prieinamas viešai, todėl venkite jame pateikti bet kokią asmeninę informaciją."},{"$i":"feedback-contactyou","$v":"Pažymėkite šią varnelę, jeigu norite, kad su jumis susisiektume elektroniniu paštu."},{"$i":"email-address1","$v":"El. pašto adresas:"},{"$i":"email-keepprivate","$v":"Nesijaudinkite, jūsų elektroninio pašto adresas nebus atskleistas pašaliniams."},{"$i":"feedback-sendbtn","$v":"Siųsti atsiliepimą"},{"$i":"feedback-errormessage-connect-error","$v":"Deja, jūsų atsiliepimas neišsiųstas dėl ryšio klaidos. Pabandykite vėliau, kai problema bus išspręsta."},{"$i":"feedback-errormessage-server-off","$v":"Deja, jūsų atsiliepimas neišsiųstas, nes serveris išjungtas. Luktelėkite ir bandykite dar kartą."},{"$i":"feedback-errormessage-timeout","$v":"Deja, jūsų atsiliepimas neišsiųstas, nes baigėsi tam skirtas laikas. Perleiskite įrenginį ir bandykite dar kartą."},{"$i":"feedback-errormessage-wrong-email","$v":"Deja, jūsų atsiliepimas neišsiųstas, nes neįrašėte arba įrašėte neteisingą el. pašto adresą. Įrašykite galiojantį adresą ir bandykite dar kartą."},{"$i":"feedback-errormessage-empty-comment","$v":"Deja, jūsų atsiliepimas neišsiųstas, nes nieko neįrašėte į komentaro lauką. Užpildykite jį ir bandykite dar kartą."},{"$i":"feedback-errormessage-just-sent","$v":"Deja, jūsų atsiliepimas neišsiųstas, nes jūs savo atsiliepimą jau esate mums pateikę anksčiau. Palaukite, kol bus atnaujinta „Firefox OS“, tada galėsite parašyti naują atsiliepimą."},{"$i":"feedback-complete-msg","$v":"Dėkojame už atsiliepimą! jūsų atsiliepimai mums padeda tobulinti būsimas „Firefox OS“ laidas."},{"$i":"online-support","$v":"Pagalba internete:"},{"$i":"call-support","$v":"Pagalba telefonu:"},{"$i":"user-guide","$v":"Naudotojo vadovas"},{"$i":"default-support","$v":"Pagalbos prašome teirautis jūsų įrenginio pardavėjo arba gamintojo."},{"$i":"operatorServices","$v":"Operatoriaus paslaugos"},{"$i":"operatorServices-help","$v":"Pagalba"},{"$i":"operatorServices-helpmenu","$v":"Pagalbos meniu"},{"$i":"stkAppsNotAvailable","$v":"SIM kortelėje programų nėra."},{"$i":"simToolkit","$v":"SIM įrankiai"},{"$i":"stkItemsNaiSetUpCall","$v":"Vykdyti skambutį"},{"$i":"stkItemsNaiSendSs","$v":"Siųsti SS užklausą"},{"$i":"stkItemsNaiSendUssd","$v":"Siųsti USSD užklausą"},{"$i":"stkItemsNaiSendSms","$v":"Siųsti SMS"},{"$i":"stkItemsNaiSendDtmf","$v":"Siųsti DTMF"},{"$i":"stkItemsNaiLaunchBrowser","$v":"Atverti naršyklę"},{"$i":"stkItemsNaiPlayTone","$v":"Groti toną"},{"$i":"stkItemsNaiDisplayText","$v":"Atvaizduoti tekstą"},{"$i":"stkItemsNaiGetInkey","$v":"Gauti įvestą klavišą"},{"$i":"stkItemsNaiGetInput","$v":"Gauti įvestą tekstą"},{"$i":"stkItemsNaiSelectItem","$v":"Pasirinkti elementą"},{"$i":"stkItemsNaiSetUpMenu","$v":"Parengti meniu"},{"$i":"stkItemsNaiProvideLocalInfo","$v":"Pateikti vietinę informaciją"},{"$i":"stkItemsNaiSetIdleModeText","$v":"Nustatyti laukimo veiksenos tekstą"},{"$i":"stkItemsNaiPerformCardApdu","$v":"Perform Card APDU"},{"$i":"stkItemsNaiPowerOnCard","$v":"Power On Card"},{"$i":"stkItemsNaiPowerOffCard","$v":"Power Off Card"},{"$i":"stkItemsNaiGetReaderStatus","$v":"Get Reader Status"},{"$i":"stkItemsNaiOpenChannel","$v":"Atverti kanalą"},{"$i":"stkItemsNaiCloseChannel","$v":"Užverti kanalą"},{"$i":"stkItemsNaiReceiveData","$v":"Gauti duomenis"},{"$i":"stkItemsNaiSendData","$v":"Siųsti duomenis"},{"$i":"stkItemsNaiGetChannelStatus","$v":"Gauti kanalo būseną"},{"$i":"stkItemsNaiEndOfTheProactiveSession","$v":"End of the proactive session"},{"$i":"is-warning-storage-header","$v":"USB laikmena"},{"$i":"is-warning-tethering-header","$v":"USB tinklo įrenginys"},{"$i":"is-warning-wifi-header","$v":"Belaidės prieigos taškas"},{"$i":"is-warning-storage-tethering-message","$v":"Įgalinus USB laikmenos veikseną, bus išjungtas USB tinklo įrenginys. Ar norite įgalinti USB laikmenos veikseną?"},{"$i":"is-warning-tethering-storage-message","$v":"Įgalinus USB tinklo įrenginio veikseną, bus išjungta USB laikmena. Ar norite įgalinti USB tinklo įrenginį?"},{"$i":"is-warning-tethering-wifi-message","$v":"Įgalinus USB tinklo įrenginio veikseną, bus išjungtas belaidės prieigos taškas. Ar norite įgalinti USB tinklo įrenginį?"},{"$i":"is-warning-wifi-tethering-message","$v":"Įgalinus belaidės prieigos taško veikseną, bus išjungtas USB tinklo įrenginys. Ar norite įgalinti belaidės prieigos tašką?"},{"$i":"settings-dialog-alert","$v":"Alert"},{"$i":"settings-dialog-confirm","$v":"Confirm"},{"$i":"settings-dialog-prompt","$v":"Prompt"},{"$i":"settings-alert-dialog-header","$v":[{"t":"idOrVar","v":"settings-dialog-alert"}]},{"$i":"settings-confirm-dialog-header","$v":[{"t":"idOrVar","v":"settings-dialog-confirm"}]},{"$i":"settings-prompt-dialog-header","$v":[{"t":"idOrVar","v":"settings-dialog-prompt"}]},{"$i":"addons","$v":"Addons"},{"$i":"addons-header","$v":[{"t":"idOrVar","v":"addons"}]},{"$i":"change-device-name","$v":"Telefono pervardinimas"},{"$i":"internetSharing-usb-desc","$v":"Bendrinti šio telefono interneto ryšį su įrenginiu, prijungtu USB jungtimi."},{"$i":"internetSharing-wifi-desc","$v":"Leisti kitiems įrenginiams naudoti šio telefono interneto ryšį, jungiantis prie jo belaidžiu tinklu."},{"$i":"unplayable-ringtone","$v":"Skambėjimo garsas nepakeistas, nes pasirinktojo failo negalima atkurti šiuo telefonu."},{"$i":"findmydevice-signup-description","$v":"„Find My Device“ tarnyba padeda surasti pamestą telefoną, jį užrakinti, arba ištrinti jame esančius duomenis"},{"$i":"findmydevice-settings-description","$v":"„Find My Device“ tarnyba padeda surasti pamestą telefoną, jį užrakinti, arba ištrinti jame esančius duomenis, pasinaudojant svetaine:"},{"$i":"findmydevice-active-tracking","$v":"Jūsų telefonas svetainėje sekamas, naudojantis kitu įrenginiu."},{"$i":"findmydevice-not-tracking","$v":"Šiuo metu jūsų telefonas svetainėje nėra sekamas."},{"$i":"ums-confirm","$v":"Įgalinus USB laikmenos veikseną, šiame telefone esančius failus bus galima pasiekti per USB prijungtu kompiuteriu ar kitu įrenginiu."},{"$i":"reset-device","$v":"Atkurti gamyklinę būseną"},{"$i":"reset-warning-body","$v":"Atkūrus gamyklinę šio telefono būseną, bus pašalinti visi jūsų duomenys, taip pat ir bet kokios jūsų įsigytos programos. Taip pat, bus pašalintos visos jūsų tinkintos nuostatos ir atkurti gamykliniai telefono parametrai."},{"$i":"reset-devtools-warning-body","$v":"Resetting will erase all your data, including any apps you’ve purchased. None of your settings or data will be saved. But your phone will have unrestricted developer tools, allowing you to modify and debug system applications."},{"$i":"powerSave-explanation","$v":"Įgalinus energijos taupymo veikseną, bus išjungtas šio telefono duomenų ryšys ir „Bluetooth“ ryšys bei nutraukiamas geolokavimas, tokiu būdu taupant akumuliatoriaus energiją. Šiuos ryšius galima vėl įjungti rankiniu būdu."},{"$i":"performanceAndUsageDataInfo","$v":["Padėkite mums tobulinti „",{"t":"idOrVar","v":"brandShortName"},"“, pasidalindami informacija apie savo telefoną ir tai, kaip juo naudojatės."]},{"$i":"device-status-connected-device","$v":"Nukreiptas pokalbių garsas"},{"$i":"device-status-connected-device-media","$v":"Nukreiptas pokalbių ir medijos garsas"}]