[{"$i":"stopped_download_title","$v":"Muat turun terhenti"},{"$i":"stopped_download_message","$v":"Muat turun terhenti. Cuba muat turun semula?"},{"$i":"stopped_download_left_button","$v":"Batal"},{"$i":"stopped_download_right_button","$v":"Cuba lagi"},{"$i":"failed_download_title","$v":"Muat turun gagal"},{"$i":"failed_download_message","$v":[{"t":"idOrVar","v":"name"}," gagal memuat turun. Cuba muat turun semula?"]},{"$i":"failed_download_left_button","$v":"Batal"},{"$i":"failed_download_right_button","$v":"Cuba lagi"},{"$i":"stop_download_title","$v":"Henti muat turun"},{"$i":"stop_download_message","$v":"Pastikah anda untuk menghentikan muat turun?"},{"$i":"stop_download_left_button","$v":"Tidak"},{"$i":"stop_download_right_button","$v":"Ya"},{"$i":"delete_download_title","$v":"Hapus"},{"$i":"delete_download_message","$v":["Hapus ",{"t":"idOrVar","v":"name"},"?"]},{"$i":"delete_download_left_button","$v":"Batal"},{"$i":"delete_download_right_button","$v":"Hapus"},{"$i":"delete_all_download_title","$v":"Hapus"},{"$i":"delete_all_download_left_button","$v":"Batal"},{"$i":"delete_all_download_right_button","$v":"Hapus"},{"$i":"delete_all_download_message","$v":{"zero":"Tiada fail dihapus?","one":"Hapus satu fail?","two":["Hapus ",{"t":"idOrVar","v":"number"}," fail?"],"few":["Hapus ",{"t":"idOrVar","v":"number"}," fail?"],"many":["Hapus ",{"t":"idOrVar","v":"number"}," fail?"],"other":["Hapus ",{"t":"idOrVar","v":"number"}," fail?"]},"$x":[{"t":"idOrVar","v":"plural"},"number"]},{"$i":"unsupported_file_type_download_title","$v":"Tidak dapat membuka"},{"$i":"unsupported_file_type_download_message","$v":["Tidak terdapat app yang dapat membuka ",{"t":"idOrVar","v":"name"},". Mahukan anda meyimpan fail ini atau menghapuskannya?"]},{"$i":"unsupported_file_type_download_left_button","$v":"Kekalkan Fail"},{"$i":"unsupported_file_type_download_right_button","$v":"Hapus"},{"$i":"file_not_found_download_title","$v":"Fail tidak ditemui"},{"$i":"file_not_found_download_message","$v":"Fail ini tidak ditemui pada peranti"},{"$i":"file_not_found_download_right_button","$v":"OK"},{"$i":"unmounted_sdcard_2_download_title","$v":"Kad memori sedang diguna"},{"$i":"unmounted_sdcard_2_download_message","$v":"Cabut palam telefon"},{"$i":"unmounted_sdcard_2_download_right_button","$v":"OK"},{"$i":"no_provider_download_title","$v":"Tidak dapat berkongsi"},{"$i":"no_provider_download_message","$v":"Tiada pembekal ditemui"},{"$i":"no_provider_download_right_button","$v":"OK"},{"$i":"no_memory_download_title","$v":"Kad SD penuh"},{"$i":"no_memory_download_message","$v":"Tiada ruang lagi pada kad SD anda untuk menyimpan muat turun anda. Sila singkirkan beberapa fail sebelum mengulang mula muat turun."},{"$i":"no_memory_download_right_button","$v":"OK"},{"$i":"no_sdcard_found_2_download_title","$v":"Tiada kad memori ditemui"},{"$i":"no_sdcard_found_2_download_message","$v":"Masukkan kad memori atau pilih lokasi media lalai alternatif pada tetapan"},{"$i":"no_sdcard_found_2_download_right_button","$v":"OK"},{"$i":"file_open_error_download_title","$v":"Tidak dapat membuka"},{"$i":"file_open_error_download_message","$v":["Terdapat masalah membuka ",{"t":"idOrVar","v":"name"},". Mahukah anda menyimpannya atau menghapuskannya?"]},{"$i":"file_open_error_download_left_button","$v":"Kekalkan Fail"},{"$i":"file_open_error_download_right_button","$v":"Hapus"},{"$i":"restart_download_error","$v":"Terdapat rakat ketika mengulang mula muat turun. Sila cuba muat turun semula."},{"$i":"no-downloads","$v":"Tiada muat turun"},{"$i":"byteUnit-B","$v":"B"},{"$i":"byteUnit-KB","$v":"KB"},{"$i":"byteUnit-MB","$v":"MB"},{"$i":"byteUnit-GB","$v":"GB"},{"$i":"byteUnit-TB","$v":"TB"},{"$i":"fileSize","$v":[{"t":"idOrVar","v":"size"}," ",{"t":"idOrVar","v":"unit"}]},{"$i":"percentage","$v":[{"t":"idOrVar","v":"percentage"}," %"]},{"$i":"partialResult","$v":[{"t":"idOrVar","v":"partial"}," daripada ",{"t":"idOrVar","v":"total"}]},{"$i":"summary","$v":[{"t":"idOrVar","v":"date"}," - ",{"t":"idOrVar","v":"status"}]},{"$i":"download-stopped","$v":"Terhenti"},{"$i":"download-failed","$v":"Muat turun gagal"},{"$i":"open_downloaded_file","$v":"Buka"},{"$i":"share_downloaded_file","$v":"Kongsi"},{"$i":"wallpaper_downloaded_file","$v":"Setkan sebagai wallpaper"},{"$i":"ringtone_downloaded_file","$v":"Setkan sebagai nada dering"},{"$i":"cancel_downloaded_file","$v":"Batal"},{"$i":"brandShortName","$v":"B2G OS"},{"$i":"browserBrandShortName","$v":"Web Browser"},{"$i":"browserBrandFullName","$v":"Mozilla Web Browser"},{"$i":"ringtoneBrandName","$v":"Default"},{"$i":"ringtoneSectionBrandName","$v":"System"},{"$i":"weekday-0-long","$v":"Ahad"},{"$i":"weekday-1-long","$v":"Isnin"},{"$i":"weekday-2-long","$v":"Selasa"},{"$i":"weekday-3-long","$v":"Rabu"},{"$i":"weekday-4-long","$v":"Khamis"},{"$i":"weekday-5-long","$v":"Jumaat"},{"$i":"weekday-6-long","$v":"Sabtu"},{"$i":"weekday-0-short","$v":"Ahad"},{"$i":"weekday-1-short","$v":"Isnin"},{"$i":"weekday-2-short","$v":"Selasa"},{"$i":"weekday-3-short","$v":"Rabu"},{"$i":"weekday-4-short","$v":"Khamis"},{"$i":"weekday-5-short","$v":"Jumaat"},{"$i":"weekday-6-short","$v":"Sabtu"},{"$i":"month-0-long","$v":"Januari"},{"$i":"month-1-long","$v":"Februari"},{"$i":"month-2-long","$v":"Mac"},{"$i":"month-3-long","$v":"April"},{"$i":"month-4-long","$v":"Mei"},{"$i":"month-5-long","$v":"Jun"},{"$i":"month-6-long","$v":"Julai"},{"$i":"month-7-long","$v":"Ogos"},{"$i":"month-8-long","$v":"September"},{"$i":"month-9-long","$v":"Oktober"},{"$i":"month-10-long","$v":"November"},{"$i":"month-11-long","$v":"Disember"},{"$i":"month-0-genitive","$v":"Januari"},{"$i":"month-1-genitive","$v":"Februari"},{"$i":"month-2-genitive","$v":"Mac"},{"$i":"month-3-genitive","$v":"April"},{"$i":"month-4-genitive","$v":"Mei"},{"$i":"month-5-genitive","$v":"Jun"},{"$i":"month-6-genitive","$v":"Julai"},{"$i":"month-7-genitive","$v":"Ogos"},{"$i":"month-8-genitive","$v":"September"},{"$i":"month-9-genitive","$v":"Oktober"},{"$i":"month-10-genitive","$v":"November"},{"$i":"month-11-genitive","$v":"Disember"},{"$i":"month-0-short","$v":"Jan"},{"$i":"month-1-short","$v":"Feb"},{"$i":"month-2-short","$v":"Mac"},{"$i":"month-3-short","$v":"Apr"},{"$i":"month-4-short","$v":"Mei"},{"$i":"month-5-short","$v":"Jun"},{"$i":"month-6-short","$v":"Jul"},{"$i":"month-7-short","$v":"Ogos"},{"$i":"month-8-short","$v":"Sep"},{"$i":"month-9-short","$v":"Okt"},{"$i":"month-10-short","$v":"Nov"},{"$i":"month-11-short","$v":"Dis"},{"$i":"minutes-ago-long","$v":{"zero":"sebentar tadi","one":"satu minit lalu","two":[{"t":"idOrVar","v":"value"}," minit lalu"],"few":[{"t":"idOrVar","v":"value"}," minit lalu"],"many":[{"t":"idOrVar","v":"value"}," minit lalu"],"other":[{"t":"idOrVar","v":"value"}," minit lalu"]},"$x":[{"t":"idOrVar","v":"plural"},"value"]},{"$i":"hours-ago-long","$v":{"zero":"sebentar tadi","one":"sejam yang lalu","two":[{"t":"idOrVar","v":"value"}," jam lalu"],"few":[{"t":"idOrVar","v":"value"}," jam lalu"],"many":[{"t":"idOrVar","v":"value"}," jam lalu"],"other":[{"t":"idOrVar","v":"value"}," jam lalu"]},"$x":[{"t":"idOrVar","v":"plural"},"value"]},{"$i":"days-ago-long","$v":{"zero":"hari ini","one":"semalam","two":[{"t":"idOrVar","v":"value"}," hari lalu"],"few":[{"t":"idOrVar","v":"value"}," hari lalu"],"many":[{"t":"idOrVar","v":"value"}," hari lalu"],"other":[{"t":"idOrVar","v":"value"}," hari lalu"]},"$x":[{"t":"idOrVar","v":"plural"},"value"]},{"$i":"weeks-ago-long","$v":{"zero":"minggu ini","one":"minggu lalu","two":[{"t":"idOrVar","v":"value"}," minggu lalu"],"few":[{"t":"idOrVar","v":"value"}," minggu lalu"],"many":[{"t":"idOrVar","v":"value"}," minggu lalu"],"other":[{"t":"idOrVar","v":"value"}," minggu lalu"]},"$x":[{"t":"idOrVar","v":"plural"},"value"]},{"$i":"months-ago-long","$v":{"zero":"bulan ini","one":"bulan lalu","two":[{"t":"idOrVar","v":"value"}," bulan lalu"],"few":[{"t":"idOrVar","v":"value"}," bulan lalu"],"many":[{"t":"idOrVar","v":"value"}," minit lalu"],"other":[{"t":"idOrVar","v":"value"}," minit lalu"]},"$x":[{"t":"idOrVar","v":"plural"},"value"]},{"$i":"years-ago-long","$v":{"zero":"tahun ini","one":"tahun lalu","two":[{"t":"idOrVar","v":"value"}," tahun lalu"],"few":[{"t":"idOrVar","v":"value"}," tahun lalu"],"many":[{"t":"idOrVar","v":"value"}," tahun lalu"],"other":[{"t":"idOrVar","v":"value"}," tahun lalu"]},"$x":[{"t":"idOrVar","v":"plural"},"value"]},{"$i":"minutes-until-long","$v":{"zero":"sekarang","one":"dalam satu minit","two":["dalam ",{"t":"idOrVar","v":"value"}," minit"],"few":["dalam ",{"t":"idOrVar","v":"value"}," minit"],"many":["dalam ",{"t":"idOrVar","v":"value"}," minit"],"other":["dalam ",{"t":"idOrVar","v":"value"}," minit"]},"$x":[{"t":"idOrVar","v":"plural"},"value"]},{"$i":"hours-until-long","$v":{"zero":"sekarang","one":"dalam satu jam","two":["dalam ",{"t":"idOrVar","v":"value"}," jam"],"few":["dalam ",{"t":"idOrVar","v":"value"}," jam"],"many":["dalam ",{"t":"idOrVar","v":"value"}," jam"],"other":["dalam ",{"t":"idOrVar","v":"value"}," jam"]},"$x":[{"t":"idOrVar","v":"plural"},"value"]},{"$i":"days-until-long","$v":{"zero":"hari ini","one":"esok","two":["dalam ",{"t":"idOrVar","v":"value"}," hari"],"few":["dalam ",{"t":"idOrVar","v":"value"}," hari"],"many":["dalam ",{"t":"idOrVar","v":"value"}," hari"],"other":["dalam ",{"t":"idOrVar","v":"value"}," hari"]},"$x":[{"t":"idOrVar","v":"plural"},"value"]},{"$i":"weeks-until-long","$v":{"zero":"minggu ini","one":"minggu depan","two":["dalam ",{"t":"idOrVar","v":"value"}," minggu"],"few":["dalam ",{"t":"idOrVar","v":"value"}," minggu"],"many":["dalam ",{"t":"idOrVar","v":"value"}," minggu"],"other":["dalam ",{"t":"idOrVar","v":"value"}," minggu"]},"$x":[{"t":"idOrVar","v":"plural"},"value"]},{"$i":"months-until-long","$v":{"zero":"bulan ini","one":"bulan depan","two":["dalam ",{"t":"idOrVar","v":"value"}," bulan"],"few":["dalam ",{"t":"idOrVar","v":"value"}," bulan"],"many":["dalam ",{"t":"idOrVar","v":"value"}," bulan"],"other":["dalam ",{"t":"idOrVar","v":"value"}," bulan"]},"$x":[{"t":"idOrVar","v":"plural"},"value"]},{"$i":"years-until-long","$v":{"zero":"tahun ini","one":"tahun depan","two":["dalam ",{"t":"idOrVar","v":"value"}," tahun"],"few":["dalam ",{"t":"idOrVar","v":"value"}," tahun"],"many":["dalam ",{"t":"idOrVar","v":"value"}," tahun"],"other":["dalam ",{"t":"idOrVar","v":"value"}," tahun"]},"$x":[{"t":"idOrVar","v":"plural"},"value"]},{"$i":"minutes-ago-short","$v":{"zero":"sebentar tadi","other":[{"t":"idOrVar","v":"value"}," minit lalu"]},"$x":[{"t":"idOrVar","v":"plural"},"value"]},{"$i":"hours-ago-short","$v":{"zero":"sebentar tadi","other":[{"t":"idOrVar","v":"value"}," jam lalu"]},"$x":[{"t":"idOrVar","v":"plural"},"value"]},{"$i":"days-ago-short","$v":{"zero":"hari ini","other":[{"t":"idOrVar","v":"value"}," hari lalu"]},"$x":[{"t":"idOrVar","v":"plural"},"value"]},{"$i":"minutes-until-short","$v":{"zero":"sekarang","other":["dalam ",{"t":"idOrVar","v":"value"}," minit"]},"$x":[{"t":"idOrVar","v":"plural"},"value"]},{"$i":"hours-until-short","$v":{"zero":"sekarang","other":["dalam ",{"t":"idOrVar","v":"value"}," jam"]},"$x":[{"t":"idOrVar","v":"plural"},"value"]},{"$i":"days-until-short","$v":{"zero":"hari ini","other":["dalam ",{"t":"idOrVar","v":"value"}," hari"]},"$x":[{"t":"idOrVar","v":"plural"},"value"]},{"$i":"incorrectDate","$v":"(tarikh tidak betul)"},{"$i":"dateTimeFormat_%c","$v":"%a %b %e %Y %I:%M:%S %p"},{"$i":"dateTimeFormat_%x","$v":"%m/%d/%Y"},{"$i":"dateTimeFormat_%X","$v":"%I:%M:%S %p"},{"$i":"shortTimeFormat","$v":"%I:%M %p"},{"$i":"shortTimeFormat12","$v":"%I:%M %p"},{"$i":"shortTimeFormat24","$v":"%H:%M"},{"$i":"shortDateTimeFormat","$v":"%x %I:%M %p"},{"$i":"weekStartsOnMonday","$v":"0"},{"$i":"firstDayOfTheWeek","$v":"0"},{"$i":"time_am","$v":"PG"},{"$i":"time_pm","$v":"PTG"},{"$i":"title-app","$v":"Keizinan App"},{"$i":"title-web","$v":"Keizinan Tapak Web"},{"$i":"title-cam","$v":"Pilih Kamera"},{"$i":"perm-alarms","$v":"Menjadual Penggera"},{"$i":"perm-audio-capture","$v":"Mikrofon"},{"$i":"perm-audio-capture-appRequest","$v":["Mahukah anda berkongsi mikrofon dengan ",{"t":"idOrVar","v":"app"},"?"]},{"$i":"perm-audio-capture-webRequest","$v":["Mahukah anda berkongsi mikrofon dengan ",{"t":"idOrVar","v":"site"},"?"]},{"$i":"perm-audio-channel-content","$v":"Mainkan Bunyi"},{"$i":"perm-audio-channel-notification","$v":"Mainkan Bunyi Pemakluman"},{"$i":"perm-audio-channel-ringer","$v":"Mainkan Bunyi Nada Dering"},{"$i":"perm-background-sensors","$v":"Capai Data Penderia"},{"$i":"perm-bluetooth","$v":"Bluetooth"},{"$i":"perm-browser","$v":"Periksa Laman Web"},{"$i":"perm-camera","$v":"Kamera"},{"$i":"perm-camera-selector-appRequest","$v":["Pilih kamera untuk ",{"t":"idOrVar","v":"app"},"."]},{"$i":"perm-camera-selector-webRequest","$v":["Pilih kamera untuk ",{"t":"idOrVar","v":"site"},"."]},{"$i":"perm-cellbroadcast","$v":"Sel Siaran"},{"$i":"perm-contacts","$v":"Kenalan"},{"$i":"perm-contacts-appRequest","$v":[{"t":"idOrVar","v":"app"}," ingin mencapai senarai kenalan anda."]},{"$i":"perm-contacts-webRequest","$v":[{"t":"idOrVar","v":"site"}," ingin mencapai senarai kenalan anda."]},{"$i":"perm-desktop-notification","$v":"Notifikasi"},{"$i":"perm-desktop-notification-appRequest","$v":[{"t":"idOrVar","v":"app"}," ingin memaparkan notis."]},{"$i":"perm-desktop-notification-webRequest","$v":[{"t":"idOrVar","v":"site"}," ingin memaparkan notis."]},{"$i":"perm-device-storage-apps","$v":"Storan Aplikasi"},{"$i":"perm-device-storage-music","$v":"Storan Muzik"},{"$i":"perm-device-storage-music-appRequest","$v":[{"t":"idOrVar","v":"app"}," ingin mencapai muzik anda."]},{"$i":"perm-device-storage-music-webRequest","$v":[{"t":"idOrVar","v":"site"}," ingin mencapai muzik anda."]},{"$i":"perm-device-storage-pictures","$v":"Storan Imej"},{"$i":"perm-device-storage-pictures-appRequest","$v":[{"t":"idOrVar","v":"app"}," ingin mencapai imej anda."]},{"$i":"perm-device-storage-pictures-webRequest","$v":[{"t":"idOrVar","v":"site"},"ingin mencapai imej anda."]},{"$i":"perm-device-storage-sdcard","$v":"Storan Kad Ingatan"},{"$i":"perm-device-storage-sdcard-appRequest","$v":[{"t":"idOrVar","v":"app"}," ingin mencapat kad ingatan anda."]},{"$i":"perm-device-storage-sdcard-webRequest","$v":[{"t":"idOrVar","v":"site"},"ingin mencapai kad ingatan anda."]},{"$i":"perm-device-storage-videos","$v":"Storan Video"},{"$i":"perm-device-storage-videos-appRequest","$v":[{"t":"idOrVar","v":"app"}," ingin mencapai video anda."]},{"$i":"perm-device-storage-videos-webRequest","$v":[{"t":"idOrVar","v":"site"}," ingin mencapai video anda."]},{"$i":"perm-embed-apps","$v":"Benamkan Aplikasi"},{"$i":"perm-fmradio","$v":"Radio FM"},{"$i":"perm-fmradio-appRequest","$v":[{"t":"idOrVar","v":"app"}," ingin menggunakan Radio FM."]},{"$i":"perm-fmradio-webRequest","$v":[{"t":"idOrVar","v":"site"}," ingin menggunakan Radio FM."]},{"$i":"perm-geolocation","$v":"Geolokasi"},{"$i":"perm-geolocation-appRequest","$v":[{"t":"idOrVar","v":"app"}," ingin mengetahui lokasi anda."]},{"$i":"perm-geolocation-more-info","$v":[{"t":"idOrVar","v":"brandShortName"}," menggunakan data seperti GPS, Wi-Fi, dan rangkaian selular berhampiran anda untuk menentukan anggaran lokasi anda. Data dihantar kepada Mozilla dan penyedia servis lain dan akan digabungkan untuk menambah baik pangkalan data lokasi.  Data mungkin disimpan pada peranti anda dan pengumpulan data mungkin berlaku apabila tiada aplikasi yang dilarikan."]},{"$i":"perm-geolocation-webRequest","$v":[{"t":"idOrVar","v":"site"}," ingin mengetahui lokasi anda."]},{"$i":"perm-idle","$v":"Lihat Status Melahu"},{"$i":"perm-indexedDB-chrome-settings","$v":"Hak Keistimewaan IndexedDB"},{"$i":"perm-indexedDB-unlimited","$v":"Storan IndexedDB Tanpa Had"},{"$i":"perm-input-manage","$v":"Urus Papan Kekunci"},{"$i":"perm-input","$v":"Bertindak sebagai papan kekunci"},{"$i":"perm-media-capture","$v":"Kamera dan Mikrofon"},{"$i":"perm-media-capture-appRequest","$v":["Mahukah anda berkongsi kameran dan mikrofon dengan ",{"t":"idOrVar","v":"app"},"?"]},{"$i":"perm-media-capture-webRequest","$v":["Mahukah anda berkongsi kamera dan mikrofon dengan ",{"t":"idOrVar","v":"site"},"?"]},{"$i":"perm-mobileconnection","$v":"Sambungan Bimbit"},{"$i":"perm-mobileid","$v":"Identiti Bimbit"},{"$i":"perm-network-events","$v":"Acara Rangkaian"},{"$i":"perm-open-remote-window","$v":"Mulakan Aplikasi"},{"$i":"perm-permissions","$v":"Ubahsuai Keizinaan Aplikasi"},{"$i":"perm-power","$v":"Tetapan Kuasa"},{"$i":"perm-settings","$v":"Ubahsuai Tetapan"},{"$i":"perm-systemXHR","$v":"Permintaan Asalan-Silang"},{"$i":"perm-telephony","$v":"Telefoni"},{"$i":"perm-video-capture","$v":"Kamera"},{"$i":"perm-video-capture-appRequest","$v":["Mahukah anda berkongsi kamera dengan ",{"t":"idOrVar","v":"app"},"?"]},{"$i":"perm-video-capture-webRequest","$v":["Mahukah anda berkongsi kamera dengan ",{"t":"idOrVar","v":"site"},"?"]},{"$i":"perm-voicemail","$v":"Kawalan Mel Suara"},{"$i":"perm-webapps-manage","$v":"Pasang Webapps"},{"$i":"perm-wifi-manage","$v":"Urus Wi-Fi"},{"$i":"perm-attention","$v":"Buka Popup Bertindih"},{"$i":"perm-audio-channel-alarm","$v":"Mainkan Bunyi Penggera"},{"$i":"perm-audio-channel-normal","$v":"Mainkan Bunyi"},{"$i":"perm-audio-channel-publicnotification","$v":"Play public notification sounds"},{"$i":"perm-audio-channel-telephony","$v":"Mainkan Bunyi Telefoni"},{"$i":"perm-backgroundservice","$v":"Bertindak sebagai Khidmat Latar"},{"$i":"perm-device-storage-crashes","$v":"Storan Data Musnah"},{"$i":"perm-downloads","$v":"Capaian Muat Turun"},{"$i":"perm-embed-widgets","$v":"Widget Benam"},{"$i":"perm-feature-detection","$v":"Ciri Pengesanan"},{"$i":"perm-firefox-accounts","$v":"Akaun Firefox"},{"$i":"perm-mobilenetwork","$v":"Rangkaian Selular"},{"$i":"perm-moz-attention","$v":"Buka Popup Bertindih (moz)"},{"$i":"perm-moz-audio-channel-ringer","$v":"Mainkan Bunyi Nada Dering (moz)"},{"$i":"perm-moz-audio-channel-telephony","$v":"Mainkan Bunyi Telefoni (moz)"},{"$i":"perm-moz-firefox-accounts","$v":"Akaun Firefox (moz)"},{"$i":"perm-networkstats-manage","$v":"Stat Kawalan Penggunaan"},{"$i":"perm-nfc","$v":"NFC"},{"$i":"perm-nfc-hci-events","$v":"Acara NFC HCI"},{"$i":"perm-nfc-manager","$v":"Urus NFC"},{"$i":"perm-phonenumberservice","$v":"Servis Nombor Telefon"},{"$i":"perm-push","$v":"Tolakan API"},{"$i":"perm-resourcestats-manage","$v":"Stat Sumber"},{"$i":"perm-sms","$v":"Hantar dan Baca SMS"},{"$i":"perm-speaker-control","$v":"Kawal Kelantangan Bunyi"},{"$i":"perm-storage","$v":"Capaian Storan"},{"$i":"perm-tcp-socket","$v":"Soket TCP"},{"$i":"perm-test-permission","$v":"Keizinan Ujian"},{"$i":"perm-time","$v":"Tetapkan Tarikh dan Masa"},{"$i":"perm-udp-socket","$v":"Soket UDP"},{"$i":"perm-wappush","$v":"Tolakan WAP"},{"$i":"tz-region","$v":"Wilayah"},{"$i":"tz-city","$v":"Bandar"},{"$i":"tzRegion-Africa","$v":"Afrika"},{"$i":"tzRegion-America","$v":"Amerika"},{"$i":"tzRegion-Antarctica","$v":"Antartika"},{"$i":"tzRegion-Asia","$v":"Asia"},{"$i":"tzRegion-Atlantic","$v":"Lautan Atlantik"},{"$i":"tzRegion-Australia","$v":"Australia"},{"$i":"tzRegion-Europe","$v":"Eropah"},{"$i":"tzRegion-Indian","$v":"Lautan India"},{"$i":"tzRegion-Pacific","$v":"Lautan Pasifik"},{"$i":"ringtone-none","$v":"Tiada"},{"$i":"ringer_bubble","$v":"Bubble"},{"$i":"ringer_chimer","$v":"Chimer"},{"$i":"ringer_cunning","$v":"Cunning"},{"$i":"ringer_dulco","$v":"Dulco"},{"$i":"ringer_firefox2","$v":[{"t":"idOrVar","v":"ringtoneBrandName"}]},{"$i":"ringer_garden","$v":"Garden"},{"$i":"ringer_marbled","$v":"Marbled"},{"$i":"ringer_opti","$v":"Opti"},{"$i":"ringer_pecko","$v":"Pecko"},{"$i":"ringer_pingy","$v":"Pingy"},{"$i":"ringer_poppop","$v":"Pop Pop"},{"$i":"ringer_sata","$v":"Sata"},{"$i":"ringer_simple","$v":"Clean"},{"$i":"ringer_standard1","$v":"Classic"},{"$i":"ringer_standard2","$v":"Classic Fast"},{"$i":"ringer_stutter","$v":"Stutter"},{"$i":"ringer_symmetry","$v":"Symmetry"},{"$i":"ringer_tailwind","$v":"Tail Wind"},{"$i":"ringer_thoughtful","$v":"Thoughtful"},{"$i":"ringer_wit","$v":"Wit"},{"$i":"ringer_zen","$v":"Zen"},{"$i":"notifier_bells","$v":"Bells"},{"$i":"notifier_bloom","$v":"Bloom"},{"$i":"notifier_chime","$v":"Chime"},{"$i":"notifier_clicka","$v":"Clicka"},{"$i":"notifier_digi","$v":"Digi"},{"$i":"notifier_dropplet","$v":"Dropplet"},{"$i":"notifier_firefox2","$v":[{"t":"idOrVar","v":"ringtoneBrandName"}]},{"$i":"notifier_hello","$v":"Hello"},{"$i":"notifier_lowmarble","$v":"Low Marble"},{"$i":"notifier_ping","$v":"Ping"},{"$i":"notifier_plickle","$v":"Plickle"},{"$i":"notifier_pocko","$v":"Pocko"},{"$i":"notifier_quado","$v":"Quado"},{"$i":"notifier_red","$v":"Red"},{"$i":"notifier_sato","$v":"Sato"},{"$i":"notifier_swipo","$v":"Swipo"},{"$i":"notifier_trickleup","$v":"Trickle Up"},{"$i":"notifier_trink","$v":"Trink"},{"$i":"notifier_verse","$v":"Verse"},{"$i":"settings","$v":"Tetapan"},{"$i":"advancedSettings","$v":"Tetapan lanjut"},{"$i":"default","$v":"Lalai"},{"$i":"enabled","$v":"Bolehkan"},{"$i":"enable","$v":"Bolehkan"},{"$i":"disabled","$v":"Lumpuhkan"},{"$i":"error","$v":"Ralat"},{"$i":"ok","$v":"OK"},{"$i":"yes","$v":"Ya"},{"$i":"no","$v":"Tidak"},{"$i":"reset","$v":"Ulang tetap"},{"$i":"cancel","$v":"Batal"},{"$i":"close","$v":"Tutup"},{"$i":"back","$v":"Undur"},{"$i":"continue","$v":"Sambung"},{"$i":"skip","$v":"Langkau"},{"$i":"pair","$v":"Ganding"},{"$i":"add","$v":"Add"},{"$i":"done","$v":"Selesai"},{"$i":"set","$v":"Tetapkan"},{"$i":"notNow","$v":"Bukan sekarang"},{"$i":"turnOn","$v":"Nyalakan"},{"$i":"selectASIMCard","$v":"Pilih kad SIM"},{"$i":"sim1","$v":"SIM 1"},{"$i":"sim2","$v":"SIM 2"},{"$i":"unavailable","$v":"Tidak tersedia"},{"$i":"confirmation","$v":"Confirmation"},{"$i":"simSettingsWithIndex","$v":["SIM ",{"t":"idOrVar","v":"index"}," Settings"]},{"$i":"networkAndConnectivity","$v":"Rangkaian & Sambungan"},{"$i":"airplaneMode","$v":"Mod pesawat"},{"$i":"geolocation","$v":"Geolokasi"},{"$i":"wifi","$v":"Wi-Fi"},{"$i":"wifi-header","$v":[{"t":"idOrVar","v":"wifi"}]},{"$i":"wifi-disabled","$v":"Hidupkan Wi-Fi untuk sambungan yang sedia ada"},{"$i":"availableNetworks","$v":"Rangkaian tersedia ada"},{"$i":"knownNetworks","$v":"Rangkaian dikenali"},{"$i":"hiddenNetworks","$v":"Rangkain tersorok"},{"$i":"scanning","$v":"Mencari..."},{"$i":"scanNetworks","$v":"Cari lagi"},{"$i":"fullStatus-initializing","$v":"Memulakan..."},{"$i":"fullStatus-connecting","$v":["Menyambung ke ",{"t":"idOrVar","v":"ssid"},"…"]},{"$i":"fullStatus-associated","$v":"Memperoleh alamat IP..."},{"$i":"fullStatus-connected","$v":["Tersambung ke ",{"t":"idOrVar","v":"ssid"}]},{"$i":"fullStatus-connectingfailed","$v":"Sambungan gagal"},{"$i":"fullStatus-disconnected","$v":"Luar Talian"},{"$i":"shortStatus-connecting","$v":"Menyambung..."},{"$i":"shortStatus-associated","$v":"Memperoleh alamat IP..."},{"$i":"shortStatus-connected","$v":"Tersambung"},{"$i":"shortStatus-connectingfailed","$v":"Sambungan gagal"},{"$i":"shortStatus-disconnected","$v":"Luar Talian"},{"$i":"wifi-sleep","$v":"Wi-Fi Sleep"},{"$i":"wifi-sleep-description","$v":"Enable to automatically turn off Wi-Fi during sleep to save battery power.  "},{"$i":"manageNetworks","$v":"Atur rangkaian"},{"$i":"wifi-bad-credentials-title","$v":"Failed connecting to Wi-Fi"},{"$i":"wifi-bad-credentials-confirm","$v":["Unable to connect to ",{"t":"idOrVar","v":"ssid"},", authentication failed due to bad credentials. Please re-enter the network password."]},{"$i":"manageNetworks-header","$v":[{"t":"idOrVar","v":"manageNetworks"}]},{"$i":"manageCertificates","$v":"Urus sijil"},{"$i":"manageCert","$v":"Urus Sijil"},{"$i":"joinHiddenNetwork","$v":"Sertai rangkaian tersembunyi"},{"$i":"securedBy","$v":["Dijamin oleh ",{"t":"idOrVar","v":"capabilities"}]},{"$i":"security","$v":"Keselamatan"},{"$i":"securityNone","$v":"Tiada"},{"$i":"securityOpen","$v":"Buka"},{"$i":"notInRange","$v":"Not in range"},{"$i":"ipAddress","$v":"Alamat IP"},{"$i":"linkSpeed","$v":"Kelajuan Talian"},{"$i":"linkSpeedMbs","$v":[{"t":"idOrVar","v":"linkSpeed"}," Mbit/s"]},{"$i":"signalStrength","$v":"Kekuatan isyarat"},{"$i":"signalLevel0","$v":"Sangat lemah"},{"$i":"signalLevel1","$v":"Lemah"},{"$i":"signalLevel2","$v":"Purata"},{"$i":"signalLevel3","$v":"Baik"},{"$i":"signalLevel4","$v":"Sangat baik"},{"$i":"forget","$v":"Lupakan"},{"$i":"forgetNetwork-dialog","$v":"Lupakan rangkaian?"},{"$i":"forgetNetwork-confirmation","$v":"Pengesahan"},{"$i":"authentication","$v":"Pengsahihan"},{"$i":"authentication-header","$v":[{"t":"idOrVar","v":"authentication"}]},{"$i":"eap","$v":"Kaedah EAP"},{"$i":"auth-phase2","$v":"Pengsahihan Fasa 2"},{"$i":"server-certificate","$v":"Sijil pelayan"},{"$i":"import-certificate-msg","$v":"Notis: Jika anda perlu import sijil baru, sila ke \"Urus sijil\"."},{"$i":"identity","$v":"Pengenalan"},{"$i":"password","$v":"Kata laluan"},{"$i":"showPassword","$v":"Tunjuk katalaluan"},{"$i":"networkNotification","$v":"Makluman rangkaian"},{"$i":"networkNotification-expl","$v":"Maklumkan saya sekiranya ada rangkaian terbuka tersedia"},{"$i":"macAddress","$v":"MAC Address"},{"$i":"deviceInfo_software","$v":[{"t":"idOrVar","v":"brandShortName"}," ",{"t":"idOrVar","v":"os"}]},{"$i":"macUnavailable","$v":"Tidak tersedia"},{"$i":"noNetworksFound","$v":"Tiada rangkaian"},{"$i":"noKnownNetworks","$v":"Tiada rangkaian dikenal"},{"$i":"edit","$v":"Sunting"},{"$i":"certificateList","$v":"Senarai sijil"},{"$i":"noCertificate","$v":"Tiada sijil diimport"},{"$i":"deleteCertificate","$v":"Hapus sijil"},{"$i":"importCertificate","$v":"Import sijil"},{"$i":"selectCertificateFile","$v":"Pilih fail sijil"},{"$i":"enterCertificateNickname","$v":"Masukkan nama samaran sijil"},{"$i":"nickname","$v":"Nama samaran"},{"$i":"enter-certificate-name-msg","$v":"Anda boleh ubah nama samaran atau kekalkan nama lalai."},{"$i":"certificate-deletion-failed","$v":"Penghapusan sijil gagal"},{"$i":"certificate-deletion-failed-description","$v":"Ini mungkin berkaitan dengan isu storan, sebagai contoh."},{"$i":"certificate-import-failed","$v":"Import sijil gagal"},{"$i":"certificate-import-failed-description","$v":"Ini mungkin berkaitan fail sijil yang telah rodak, sebagai contoh."},{"$i":"wpsMessage","$v":"Hubung kepada WPS"},{"$i":"wpsMessage-header","$v":[{"t":"idOrVar","v":"wpsMessage"}]},{"$i":"fullStatus-wps-inprogress","$v":"WPS dalam perkembangan..."},{"$i":"fullStatus-wps-canceled","$v":"WPS dibatalkan"},{"$i":"fullStatus-wps-timedout","$v":"WPS tempoh tamat"},{"$i":"fullStatus-wps-failed-error","$v":["WPS gagal [",{"t":"idOrVar","v":"error"},"]"]},{"$i":"fullStatus-wps-overlapped","$v":"WPS PBC AP yang lain telah ditemui"},{"$i":"wpsDescription2","$v":"Penetapan automatik Wi-Fi"},{"$i":"wpsMethodSelection","$v":"Pilih kaedah WPS:"},{"$i":"wpsPbcLabel","$v":"Butang sambungan"},{"$i":"wpsMyPinLabel","$v":"PIN sambungan saya"},{"$i":"wpsApPinLabel","$v":"Sambungan AP PIN"},{"$i":"wpsPinDescription","$v":"PIN hanya 4 atau 8 digit"},{"$i":"wpsPinInput","$v":["Input ",{"t":"idOrVar","v":"pin"}," pada peranti lawan"]},{"$i":"wpsPinAps","$v":"Pilih peranti lawan"},{"$i":"wpsAnyAp","$v":"Sebarang"},{"$i":"wpsCancelMessage","$v":"Batalkan WPS"},{"$i":"wpsCancelFailedMessageError","$v":["Gagal membatalkan WPS [",{"t":"idOrVar","v":"error"},"]"]},{"$i":"callSettings","$v":"Tetapan Panggilan"},{"$i":"callSettings-header","$v":[{"t":"idOrVar","v":"callSettings"}]},{"$i":"callSettingsQuery","$v":"Meminta info rangkaian…"},{"$i":"callSettingsQueryError","$v":"Ralat dalam pertanyaan"},{"$i":"voiceMail","$v":"Mel Suara"},{"$i":"voiceMail-header","$v":[{"t":"idOrVar","v":"voiceMail"}]},{"$i":"voiceMail-number","$v":"Nombor mel suara"},{"$i":"voiceMail-number-notSet","$v":"Tidak ditetapkan"},{"$i":"voicePrivacyMode","$v":"Mod suara peribadi"},{"$i":"callWaiting","$v":"Panggilan menunggu"},{"$i":"confirmCallWaitingTitle","$v":"Gagal mengesah keutamaan tunggu panggilan "},{"$i":"confirmCallWaitingDesc","$v":"Buat masa ini peranti gagal berkomunikasi dengan penyedia khidmat. Cuba tetapkan keutamaan sekali lagi"},{"$i":"callForwarding","$v":"Mengajukan panggilan"},{"$i":"callForwarding-header","$v":[{"t":"idOrVar","v":"callForwarding"}]},{"$i":"callForwardingForward","$v":"Maju"},{"$i":"callForwardingUnconditional","$v":"Sentiasa majukan"},{"$i":"callForwardingUnconditionalShort","$v":"Sentiasa"},{"$i":"callForwardingMobileBusy","$v":"Majukan jika sibuk"},{"$i":"callForwardingMobileBusyShort","$v":"Ketika sibuk"},{"$i":"callForwardingNoReply","$v":"Majukan jika tidak dijawab"},{"$i":"callForwardingNoReplyShort","$v":"Ketika tidak dijawab"},{"$i":"callForwardingNotReachable","$v":"Majukan jika tidak dapat dihubungi"},{"$i":"callForwardingNotReachableShort","$v":"Ketika tidak dapat dihubungi"},{"$i":"callForwardingForwardingVoiceToNumber","$v":["Panggilan suara kepada ",{"t":"idOrVar","v":"number"}]},{"$i":"callForwardingNotForwarding","$v":"Dilumpuhkan"},{"$i":"callForwardingConfirmTitle","$v":"Mesej pengesahan panggilan hadapan"},{"$i":"cf-alwaysUseThisNumber","$v":"Selalu guna nombor ini"},{"$i":"cf-numberWhenUnreachable","$v":"Nombor jika tidak dapat dihubungi"},{"$i":"cf-numberWhenUnanswered","$v":"Nombor ketika tidak dijawab"},{"$i":"cf-numberWhenBusy","$v":"Nombor ketika sibuk"},{"$i":"callForwardingInvalidNumberError","$v":"Nombor telefon ini tidak sah."},{"$i":"callForwardingSetSuccess","$v":"Operasi berjaya ditetapkan."},{"$i":"callForwardingSetForbidden","$v":"Operator anda tidak menyokong operasi sebegitu."},{"$i":"callForwardingSetError","$v":"Ralat tetapan panggilan."},{"$i":"callerId","$v":"ID Pemanggil"},{"$i":"callBarring","$v":"Call Barring"},{"$i":"callBarring-header","$v":[{"t":"idOrVar","v":"callBarring"}]},{"$i":"callBarring-outgoing","$v":"Outgoing calls"},{"$i":"callBarring-baoc","$v":"All"},{"$i":"callBarring-boic","$v":"International"},{"$i":"callBarring-boicExhc","$v":"International except Home Country"},{"$i":"callBarring-incoming","$v":"Incoming calls"},{"$i":"callBarring-baic","$v":"All"},{"$i":"callBarring-baicR","$v":"All while roaming"},{"$i":"callBarring-passcode","$v":"Passcode"},{"$i":"callBarring-change-passcode","$v":"Change passcode"},{"$i":"callBarring-passcode-enter","$v":"Enter passcode"},{"$i":"callBarring-passcode-unknown","$v":"In case you don't know your passcode, please contact your carrier"},{"$i":"callBarring-current-passcode","$v":"Current passcode"},{"$i":"callBarring-new-passcode","$v":"New passcode"},{"$i":"callBarring-create-passcode","$v":"Create a Passcode"},{"$i":"callBarring-confirm-passcode","$v":"Confirm passcode"},{"$i":"callBarring-passcode-error-generic","$v":"Passcode error."},{"$i":"callBarring-passcode-error-incorrect","$v":"Passcode is incorrect."},{"$i":"callBarring-passcode-error-mismatch","$v":"Passcode doesn’t match."},{"$i":"callBarring-update-item-error","$v":["Error while updating the item: ",{"t":"idOrVar","v":"error"},"."]},{"$i":"callBarring-change-passcode-success","$v":"Passcode changed."},{"$i":"callerId-default","$v":"Rangkaian lalai"},{"$i":"callerId-hide","$v":"Sorok nombor"},{"$i":"callerId-show","$v":"Tunjuk nombor"},{"$i":"fdn","$v":"Tetapkan nombor didail"},{"$i":"fdnSettings","$v":"Tetapkan nombor didail"},{"$i":"fdnSettings-header","$v":[{"t":"idOrVar","v":"fdnSettings"}]},{"$i":"fdn-authorizedNumbers","$v":"Nombor yang diberi kuasa"},{"$i":"fdn-authorizedNumbers-header","$v":[{"t":"idOrVar","v":"fdn-authorizedNumbers"}]},{"$i":"fdn-authorizedNumbers-desc","$v":"Senarai nombor yang boleh dihubungi"},{"$i":"fdn-explanation1","$v":"Hadkan nombor mana yang boleh didail daripada telefon ini."},{"$i":"fdn-explanation2","$v":"(Nombor kecemasan sentiasa boleh didail)"},{"$i":"fdnEnable","$v":"Bolehkan FDN"},{"$i":"fdnDisable","$v":"Lumpuhkan FDN"},{"$i":"fdnReset","$v":"Ulangtetap PIN2"},{"$i":"fdnAttemptMsg3","$v":{"one":"Anda mempunyai satu cubaan berbaki untuk memasukkan kod yang betul sebelum mengunci kad SIM.","two":["Anda mempunyai ",{"t":"idOrVar","v":"n"}," cubaan berbaki untuk memasukkan kod yang betul sebelum mengunci kad SIM."],"few":["Anda mempunyai ",{"t":"idOrVar","v":"n"}," cubaan berbaki untuk memasukkan kod yang betul sebelum mengunci kad SIM."],"many":["Anda mempunyai ",{"t":"idOrVar","v":"n"}," cubaan berbaki untuk memasukkan kod yang betul sebelum mengunci kad SIM."],"other":["Anda mempunyai ",{"t":"idOrVar","v":"n"}," cubaan berbaki untuk memasukkan kod yang betul sebelum mengunci kad SIM."]},"$x":[{"t":"idOrVar","v":"plural"},"n"]},{"$i":"fdnLastChanceMsg","$v":"Ini adalah peluang terakhir anda untuk memasukkan PIN2 yang betul. Jika tidak, anda harus memasukkan kod PUK2 untuk menggunakan kad SIM ini."},{"$i":"fdnErrorMsg","$v":"Kod PIN2 tidak betul."},{"$i":"fdn-enabled-warning","$v":"Panggilan dimaju telah dilumpuhkan oleh FDN."},{"$i":"fdnContact-name","$v":"nama"},{"$i":"fdnContact-number","$v":"nombor"},{"$i":"fdnContact-submit","$v":"hantar"},{"$i":"fdnAction-add","$v":"Tambah kenalan"},{"$i":"fdnAction-call","$v":"Panggil"},{"$i":"fdnAction-edit","$v":"Sunting kenalan"},{"$i":"fdnAction-edit-header","$v":"Sunting kenalan"},{"$i":"fdnAction-delete","$v":"Hapus kenalan"},{"$i":"fdnNoFDNFreeRecord","$v":"Maximum FDN reached. You cannot add more numbers."},{"$i":"messagingSettings","$v":"Tetapan Mesej"},{"$i":"messagingSettings-header","$v":[{"t":"idOrVar","v":"messagingSettings"}]},{"$i":"message-confirmation","$v":"Mesej Pengesahan"},{"$i":"message-delivery-reports","$v":"Laporan Penyerahan"},{"$i":"message-delivery-reports-details","$v":"Pohon makluman penyerahan untuk setiap mesej dohantar"},{"$i":"message-read-reports","$v":"Baca Laporan"},{"$i":"message-read-reports-details","$v":"Memohon baca laporan untuk setiap mesej dihantar"},{"$i":"mmsTitle","$v":"Mesej Multimedia (MMS)"},{"$i":"auto-retrieve","$v":"Auto Dapatkan Semula"},{"$i":"auto-retrieve-details","$v":"Automatik dapatkan semula mesej"},{"$i":"manual-retrieve","$v":"Mati"},{"$i":"auto-roaming-retrieve","$v":"Hidupkan dengan perayauan"},{"$i":"auto-no-roaming-retrieve","$v":"Hidupkan tanpa perayauan"},{"$i":"autoConfigure","$v":"Auto-konfigur"},{"$i":"wapPushMessages","$v":"Mesej Tolakan WAP"},{"$i":"wapPush","$v":"Menolak WAP"},{"$i":"cellBroadcastMessages","$v":"Mesej Siaran Sel"},{"$i":"cellBroadcast","$v":"Siaran Sel"},{"$i":"emergencyAlert","$v":"Waspada Kecemasan"},{"$i":"messagingInformation","$v":"Maklumat"},{"$i":"messaging-SMSC","$v":"Pusat Khidmat"},{"$i":"messaging-sim-settings","$v":["SIM ",{"t":"idOrVar","v":"index"}," Settings"]},{"$i":"unknown-SMSC","$v":"Info tidak tersedia"},{"$i":"cellularAndData","$v":"Selular & Data"},{"$i":"cellularAndData-header","$v":[{"t":"idOrVar","v":"cellularAndData"}]},{"$i":"dataNetwork","$v":"Pembawa"},{"$i":"dataConnectivity","$v":"Data"},{"$i":"dataConnection","$v":"Sambungan data"},{"$i":"dataRoaming","$v":"Perayauan data"},{"$i":"networkOperator","$v":"Operator rangkaian"},{"$i":"networkOperator-header","$v":[{"t":"idOrVar","v":"networkOperator"}]},{"$i":"availableOperators","$v":"Operator rangkaian kawasan"},{"$i":"preferredNetworkTypeAlertTitle","$v":"Jenis rangkaian yang diutamakan"},{"$i":"preferredNetworkTypeAlertErrorMessage","$v":"Jenis rangkaian tidak dapat ditetapkan"},{"$i":"operator-networkType","$v":"Jenis rangkaian"},{"$i":"operator-networkType-auto","$v":"Automatik"},{"$i":"operator-networkType-prefer3G","$v":"3G diutamakan"},{"$i":"operator-networkType-2G","$v":"2G sahaja"},{"$i":"operator-networkType-3G","$v":"3G sahaja"},{"$i":"operator-networkType-GSM","$v":"GSM"},{"$i":"operator-networkType-WCDMA","$v":"WCDMA"},{"$i":"operator-networkType-CDMA","$v":"CDMA"},{"$i":"operator-networkType-EVDO","$v":"EVDO"},{"$i":"operator-networkType-LTE","$v":"LTE"},{"$i":"operator-networkType-preferWCDMA","$v":"WCDMA diutamakan"},{"$i":"operator-networkType-auto-2G-3G","$v":"Auto (2G/3G)"},{"$i":"operator-networkType-auto-CDMA-EVDO","$v":"Auto (CDMA/EVDO)"},{"$i":"operator-networkType-auto-WCDMA-GSM","$v":"Auto (WCDMA/GSM)"},{"$i":"operator-networkType-auto-LTE-WCDMA-GSM","$v":"Auto (LTE/WCDMA/GSM)"},{"$i":"operator-networkType-auto-LTE-CDMA-EVDO","$v":"Auto (LTE/CDMA/EVDO)"},{"$i":"operator-networkType-auto-WCDMA-GSM-CDMA-EVDO","$v":"Auto (WCDMA/GSM/CDMA/EVDO)"},{"$i":"operator-autoSelect","$v":"Pilihan automatik"},{"$i":"operator-networkSelect-auto","$v":"Automatik"},{"$i":"operator-networkSelect-manual","$v":"Manual"},{"$i":"operator-turnAutoSelectOff","$v":"Lumpuhkan pilihan automatik untuk tinjau operator rangkaian yang ada."},{"$i":"operator-status-connecting","$v":"Menyambung…"},{"$i":"operator-status-connectingfailed","$v":"Sambungan gagal"},{"$i":"operator-status-connected","$v":"Tersambung"},{"$i":"operator-roamingPreference","$v":"Keutamaan perayauan"},{"$i":"operator-roamingPreference-home","$v":"Laman Utama"},{"$i":"operator-roamingPreference-any","$v":"Sebarang"},{"$i":"operator-roamingPreference-affiliated","$v":"Bergabung"},{"$i":"apn","$v":"APN"},{"$i":"apnSettings","$v":"Tetapan APN"},{"$i":"apnSettings-header","$v":[{"t":"idOrVar","v":"apnSettings"}]},{"$i":"dataSettings","$v":"Tetapan data"},{"$i":"dataSettings-header","$v":[{"t":"idOrVar","v":"dataSettings"}]},{"$i":"suplSettings","$v":"Tetapan A-GPS"},{"$i":"suplSettings-header","$v":[{"t":"idOrVar","v":"suplSettings"}]},{"$i":"messageSettings","$v":"Tetapan mesej"},{"$i":"messageSettings-header","$v":[{"t":"idOrVar","v":"messageSettings"}]},{"$i":"dunSettings","$v":"Tetapan menambat"},{"$i":"dunSettings-header","$v":[{"t":"idOrVar","v":"dunSettings"}]},{"$i":"imsSettings","$v":"Tetapan IMS"},{"$i":"imsSettings-header2","$v":[{"t":"idOrVar","v":"imsSettings"}]},{"$i":"apn-editor-header","$v":"Editor APN"},{"$i":"mmsport","$v":"Port MMS"},{"$i":"mmsproxy","$v":"Proksi MMS"},{"$i":"mmsc","$v":"MMSC"},{"$i":"httpProxyHost","$v":"Hos proksi HTTP"},{"$i":"httpProxyPort","$v":"Port proksi HTTP"},{"$i":"custom","$v":"(tetapan suaian)"},{"$i":"apn-authType","$v":"Pengsahihan"},{"$i":"apn-authType-notDefined","$v":"Tidak ditentukan"},{"$i":"apn-authType-none","$v":"Tiada"},{"$i":"apn-authType-pap","$v":"PAP"},{"$i":"apn-authType-chap","$v":"CHAP"},{"$i":"apn-authType-papOrChap","$v":"PAP atau CHAP"},{"$i":"apn-protocol","$v":"Protokol"},{"$i":"apn-roaming-protocol","$v":"Protokol perayauan"},{"$i":"apn-protocol-notDefined","$v":"Tidak ditentukan"},{"$i":"apn-protocol-ip","$v":"IPv4"},{"$i":"apn-protocol-ipv6","$v":"IPv6"},{"$i":"apn-protocol-ipv4v6","$v":"IPv4/IPv6"},{"$i":"apn-type","$v":"Jenis APN"},{"$i":"dataConnection-warning-head","$v":"HIDUPKAN sambungan data?"},{"$i":"dataConnection-warning-message","$v":"Aplikasi akan secara automatik mengambil data melalui sambungan ketika diperlukan. Tambahan cas data akan dikenakan."},{"$i":"dataRoaming-warning-head","$v":"HIDUPKAN data perayauan?"},{"$i":"dataRoaming-warning-message","$v":"Bergantung kepada perjanjian servis anda, cas tambahan akan dikenakan untuk data apabila anda berada di kawasan perayauan."},{"$i":"change-apn-warning-message1","$v":"Depending on your service agreement, changing your APN setting may result in extra charges when roaming. Do you want to proceed?"},{"$i":"reset-apn-warning-title","$v":"Tetap Semula kepada Lalai"},{"$i":"reset-apn-warning-message","$v":"Ini akan menetap semula kepada nilai lalai. Ini tidak dapat dikembalikan."},{"$i":"state-unknown","$v":"Keadaan tidak diketahui"},{"$i":"state-available","$v":"Tersedia"},{"$i":"state-connected","$v":"Tersambung"},{"$i":"state-current","$v":"Tersambung"},{"$i":"state-forbidden","$v":"Larangan"},{"$i":"delete-apn-confirm","$v":"Hapus APN ini?"},{"$i":"delete-apn","$v":"Hapus"},{"$i":"add-apn","$v":"Tambah APN Baru"},{"$i":"reset-apn","$v":"Tetap Semula kepada Lalai"},{"$i":"apnSettings-reset","$v":"Tetap semula tetapan APN"},{"$i":"bluetooth","$v":"Bluetooth"},{"$i":"bluetooth-header","$v":[{"t":"idOrVar","v":"bluetooth"}]},{"$i":"bluetooth-enable-msg","$v":"Hidupkan Bluetooth untuk melihat peranti di dalam kawasan."},{"$i":"bluetooth-paired-devices","$v":"Peranti digandingkan"},{"$i":"bluetooth-devices-in-area","$v":"Peranti dalam kawasan"},{"$i":"bluetooth-visible-to-all","$v":"Terlihat oleh semua"},{"$i":"bluetooth-name-maxlength-alert","$v":["Nama peranti anda melebihi ",{"t":"idOrVar","v":"length"}," aksara. Sila cuba lagi."]},{"$i":"bluetooth-address","$v":"Alamat Bluetooth"},{"$i":"bluetooth-address-unavailable","$v":"Tidak tersedia"},{"$i":"bt-status-nopaired","$v":"Tiada peranti digandingkan"},{"$i":"bt-status-turnoff","$v":"Dimatikan"},{"$i":"bt-status-paired","$v":{"zero":[{"t":"idOrVar","v":"name"}],"one":[{"t":"idOrVar","v":"name"},", +",{"t":"idOrVar","v":"n"}," lagi"],"two":[{"t":"idOrVar","v":"name"},", +",{"t":"idOrVar","v":"n"}," lagi"],"few":[{"t":"idOrVar","v":"name"},", +",{"t":"idOrVar","v":"n"}," lagi"],"many":[{"t":"idOrVar","v":"name"},", +",{"t":"idOrVar","v":"n"}," lagi"],"other":[{"t":"idOrVar","v":"name"},", +",{"t":"idOrVar","v":"n"}," lagi"]},"$x":[{"t":"idOrVar","v":"plural"},"n"]},{"$i":"device-status-tap-connect","$v":"Sentuh untuk berhubung"},{"$i":"device-status-pairing","$v":"Menggandingkan peranti…"},{"$i":"device-status-waiting","$v":"Menanti peranti yang lain…"},{"$i":"device-status-paired","$v":"Digandingkan"},{"$i":"device-status-connecting","$v":"Menyambung…"},{"$i":"device-status-connected","$v":"Tersambung"},{"$i":"device-status-connected-media","$v":"Tersambung dengan audio mediaa"},{"$i":"device-option-unpair","$v":"Nyah ganding"},{"$i":"device-option-confirm","$v":"Pasti"},{"$i":"device-option-unpair-confirmation","$v":"Pengesahan"},{"$i":"device-option-unpair-device","$v":"Cerai peranti?"},{"$i":"device-option-connect","$v":"Sambung"},{"$i":"device-option-disconnect","$v":"Terputus"},{"$i":"search-for-device","$v":"Mencari peranti…"},{"$i":"search-device","$v":"Cari peranti"},{"$i":"rename-device","$v":"Namakan semula peranti saya"},{"$i":"unnamed-device","$v":"Peranti tidak dikenali"},{"$i":"change-phone-name-desc","$v":"Tukar nama peranti anda sebagaimana terpapar pada komputer anda"},{"$i":"bluetooth-new-name","$v":"Nama baru"},{"$i":"error-pair-title","$v":"Tidak dapat menggandingkan peranti"},{"$i":"error-pair-pincode","$v":"Gagal mengganding ke peranti. Semak PIN adalah betul."},{"$i":"error-pair-toofast","$v":"Tidak dapat menggandingkan peranti. Terlalu banyak permintaan."},{"$i":"error-connect-title","$v":"Tidak dapat menyambung peranti"},{"$i":"error-connect-msg","$v":"Semak yang peranti yang anda ingin cuba sambungkan masih dalam julat dan Bloetoothnya masih terpasang."},{"$i":"unpair-title","$v":"Nyah ganding peranti tersambung?"},{"$i":"unpair-msg","$v":"Anda kini bersambung dengan peranti ini. Henti mengganding juga akan memutuskannya."},{"$i":"nfc","$v":"NFC"},{"$i":"SSIDCannotBeEmpty","$v":"SSID tidak boleh kosong"},{"$i":"internetSharing","$v":"Perkongsian Internet"},{"$i":"internetSharing-header","$v":[{"t":"idOrVar","v":"internetSharing"}]},{"$i":"internetSharing-usb","$v":"USB"},{"$i":"internetSharing-wifi","$v":"Wi-Fi"},{"$i":"wifi-hotspot","$v":"Kawasan khas Wi-Fi"},{"$i":"wifi-name","$v":"Nama"},{"$i":"wifi-password","$v":"Kata laluan"},{"$i":"wifi-security","$v":"Keselamatan"},{"$i":"usb-tethering","$v":"Penambatan USB"},{"$i":"hotspotSettings","$v":"Tetapan Kawasan Khas"},{"$i":"wifi-auth-username","$v":"Nama pengguna"},{"$i":"wifi-auth-password","$v":"Kata laluan"},{"$i":"wifi-join-username","$v":"Nama pengguna"},{"$i":"wifi-join-password","$v":"Kata laluan"},{"$i":"hotspotSettings-header","$v":[{"t":"idOrVar","v":"hotspotSettings"}]},{"$i":"ssid-name","$v":"Nama rangkaian SSID"},{"$i":"hotspot-open","$v":"buka"},{"$i":"hotspot-wpa-psk","innerHTML":"WPA (TKIP)"},{"$i":"hotspot-wpa2-psk","innerHTML":"WPA2 (AES)"},{"$i":"hotspot-password-desc","$v":"Katalaluan mestilah mempunyai sekurang-kurangnya 8 aksara."},{"$i":"personalization","$v":"Personalisasi"},{"$i":"sound","$v":"Bunyi"},{"$i":"sound-header","$v":[{"t":"idOrVar","v":"sound"}]},{"$i":"volume","$v":"Bahana"},{"$i":"tones","$v":"Tona"},{"$i":"touch-tones","$v":"Ton sentuhan boleh didengari"},{"$i":"touch-tone-short","$v":"Pendek"},{"$i":"touch-tone-long","$v":"Panjang"},{"$i":"select-tone","$v":"Pilih tona"},{"$i":"ringtones","$v":"Nada Dering"},{"$i":"alerts","$v":"Waspada"},{"$i":"manage-tones","$v":"Urus Ton"},{"$i":"other-sounds","$v":"Bunyi lain"},{"$i":"unlock-screen","$v":"Buka kunci skrin"},{"$i":"camera","$v":"Kamera"},{"$i":"sent-message","$v":"Hantar Mesej"},{"$i":"alarm-sound","$v":"Penggera"},{"$i":"ringtone-and-notification-sound","$v":"Nada Dering & Makluman"},{"$i":"media-sound","$v":"Media"},{"$i":"saving-tone","$v":"Saving…"},{"$i":"no-ringtone-app","$v":"Kami tidak dapat mencari aplikasi nada dering untuk mengurus nada dering!"},{"$i":"display","$v":"Paparan"},{"$i":"display-header","$v":[{"t":"idOrVar","v":"display"}]},{"$i":"brightness","$v":"Kecerahan"},{"$i":"brightness-autoAdjust","$v":"Laras secara automatik"},{"$i":"lockScreen","$v":"Kunci skrin"},{"$i":"wallpaper","$v":"Kertas Dinding"},{"$i":"screen-timeout","$v":"Had masa skrin"},{"$i":"one-minute","$v":"1 minit"},{"$i":"two-minutes","$v":"2 minit"},{"$i":"five-minutes","$v":"5 minit"},{"$i":"ten-minutes","$v":"10 minit"},{"$i":"never","$v":"tidak sekali"},{"$i":"lock-orientation","$v":"Kunci orientasi"},{"$i":"navigation","$v":"Navigasi"},{"$i":"navigation-header","$v":[{"t":"idOrVar","v":"navigation"}]},{"$i":"edge-swipe-navigation","$v":"Navigasi leret sudut"},{"$i":"edge-swipe-navigation-enable-msg","$v":"Seret daripada sudut kiri atau kanan skrin untuk lompatan antara aplikasi."},{"$i":"notifications","$v":"Pemberitahuan"},{"$i":"notifications-header","$v":[{"t":"idOrVar","v":"notifications"}]},{"$i":"lockscreen-notifications","$v":"Tunjuk pada skrin kunci"},{"$i":"notifications-resend","$v":"Tunjuk selepas but semula"},{"$i":"dateAndTime","$v":"Tarikh & Masa"},{"$i":"dateAndTime-header","$v":[{"t":"idOrVar","v":"dateAndTime"}]},{"$i":"setTimeAutomatically","$v":"Set secara automatik"},{"$i":"setTimeManually","$v":"Menetapkan secara manual"},{"$i":"timezoneMessage","$v":"Zon waktu"},{"$i":"dateMessage","$v":"Tarikh"},{"$i":"timeMessage","$v":"Masa"},{"$i":"selectTimezoneContinent","$v":"Pilih benua"},{"$i":"selectTimezone","$v":"Pilih zon masa"},{"$i":"time-format","$v":"Format"},{"$i":"time-format-time","$v":"Time Format"},{"$i":"hour-12","$v":"12-hour"},{"$i":"hour-24","$v":"24-hour"},{"$i":"languageAndRegion","$v":"Bahasa & Rantau"},{"$i":"language","$v":"Bahasa"},{"$i":"language-header","$v":[{"t":"idOrVar","v":"language"}]},{"$i":"region","$v":"Rantau"},{"$i":"more-languages","$v":"Get More Languages"},{"$i":"sample-format","$v":"Format Contoh"},{"$i":"longDateFormat","$v":"%A, %B %d, %Y"},{"$i":"simManager","$v":"Pengurus SIM"},{"$i":"simManager-header","$v":[{"t":"idOrVar","v":"simManager"}]},{"$i":"simSettings","$v":"SIM Settings"},{"$i":"sim-manager-outgoing-calls","$v":"Outgoing Calls"},{"$i":"sim-manager-outgoing-call-desc","$v":"Panggilan akan dihantar daripada"},{"$i":"sim-manager-outgoing-messages","$v":"Outgoing Messages"},{"$i":"sim-manager-outgoing-messages-desc","$v":"SMS akan dihantar daripada"},{"$i":"sim-manager-outgoing-data","$v":"Data"},{"$i":"sim-manager-outgoing-data-description","$v":"Rangkaian khidmat data dan pembayaran Marketplace"},{"$i":"sim-manager-always-ask","$v":"Sentiasa tanya"},{"$i":"sim-pin-locked","$v":"PIN SIM dikunci"},{"$i":"no-operator","$v":"Tiada operator"},{"$i":"cant-disable-simcard-alert","$v":"Sekurang-kurangnya satu SIM perlu diakrifkan pada satu-satu masa"},{"$i":"disable-simcard-confirm","$v":["SIM ",{"t":"idOrVar","v":"disableCardIndex"}," tidak dapat menerima sebarang panggilan dan mesej. Penggilan dan mesej keluar yang telah ditetapkan kepada SIM ",{"t":"idOrVar","v":"disableCardIndex"}," akan dilumpuhkan."]},{"$i":"change-outgoing-data-confirm","$v":"Pemindahan data semasa akan digantung. Tetap meneruskan?"},{"$i":"homescreen","$v":"Laman Utama"},{"$i":"vertical-homescreen-header","$v":"Laman Utama"},{"$i":"vertical-homescreen-layout","$v":"Susunatur"},{"$i":"vertical-homescreen-icon-layout","$v":"Susunatur Ikon"},{"$i":"vertical-homescreen-three-columns","$v":"Tiga Lajur"},{"$i":"vertical-homescreen-four-columns","$v":"Empat Lajur"},{"$i":"notice","$v":"Notis"},{"$i":"search","$v":"Carian"},{"$i":"search-header","$v":"Cari"},{"$i":"search-engine","$v":"Enjin Carian"},{"$i":"search-suggestions","$v":"Cadangan Carian"},{"$i":"search-suggestions-description","$v":"Aksara yang anda taip ketika memasukkan carian telah dihantar kepada beberapa penyedia carian dan akan digunakan untuk menghantar anda cadangan carian. Caj data tambahan mungkin dikenakan apabila menggunakan ciri ini."},{"$i":"homescreens","$v":"Laman Utama"},{"$i":"homescreens-header","$v":[{"t":"idOrVar","v":"homescreens"}]},{"$i":"changeHomescreen","$v":"Tukar skrin utama"},{"$i":"changeHomescreenButton","$v":"Ubah"},{"$i":"description","$v":"Perincian"},{"$i":"keyboardSettings","$v":"Tetapan Papan Kekunci"},{"$i":"selectedKeyboards","$v":"Papan Kekunci Dipilih"},{"$i":"keyboards","$v":"Papan kekunci"},{"$i":"keyboards-header","$v":[{"t":"idOrVar","v":"keyboards"}]},{"$i":"numberKeyboardLayouts","$v":"Susun atur nombor"},{"$i":"optionKeyboardLayouts","$v":"Susun atur pilihan"},{"$i":"keypad","$v":"Pad kekunci"},{"$i":"dialpad","$v":"Pad Dial"},{"$i":"selectKeyboards","$v":"Pilih Papan Kekunci"},{"$i":"selectKeyboards-header","$v":[{"t":"idOrVar","v":"selectKeyboards"}]},{"$i":"mustHaveOneKeyboard","$v":["Sekurang-kurangnya satu ",{"t":"idOrVar","v":"type"}," papan kekunci perlu dipilih"]},{"$i":"keyboardType-text","$v":"teks"},{"$i":"keyboardType-url","$v":"url"},{"$i":"keyboardType-number","$v":"nombor"},{"$i":"defaultKeyboardEnabled","$v":[{"t":"idOrVar","v":"appName"}," ",{"t":"idOrVar","v":"layoutName"}," telah ditetapkan sebagai kaedah input lalai"]},{"$i":"themes","$v":"Tema"},{"$i":"themes-header","$v":[{"t":"idOrVar","v":"themes"}]},{"$i":"fxa","$v":"Akaun Firefox"},{"$i":"accounts","$v":"Pengurusan Akaun"},{"$i":"fxa-accounts","$v":"Akaun Firefox"},{"$i":"fxa-accounts-header","$v":[{"t":"idOrVar","v":"fxa-accounts"}]},{"$i":"fxa-overview","$v":"Akaun Firefox anda membenarkan anda menggunakan ciri seperti Carian Perantiku dan aplikasi seperti Firefox Marketplace."},{"$i":"fxa-invitation","$v":"Cipta akaun atau daftar masuk"},{"$i":"fxa-confirm-account","$v":"Pasti Akaun Anda"},{"$i":"fxa-verification-email-sent-msg","$v":["Kami akan menghantar e-mel kepada: ",{"t":"idOrVar","v":"email"}]},{"$i":"fxa-please-verify","$v":"Klik pautan penentusahan di dalam e-mel anda untuk mengesahkan akaun anda."},{"$i":"fxa-cancel-confirmation","$v":"Batal Pengesahan Akaun"},{"$i":"fxa-resend-alert","$v":["Pautan penentusah telah dihantar kepada ",{"t":"idOrVar","v":"email"},"."]},{"$i":"fxa-dont-see-email","$v":["Tidak melihat e-mel? ",{"t":"idOrVar","v":"resend"},"."]},{"$i":"fxa-resend","$v":"Hantar Semula"},{"$i":"fxa-about","$v":"Tentang"},{"$i":"fxa-logged-in-text","$v":["Daftar masuk sebagai ",{"t":"idOrVar","v":"email"}]},{"$i":"fxa-signed-in-header","$v":"Daftar Masuk"},{"$i":"fxa-marketplace-app","$v":"Marketplace"},{"$i":"fxa-find-my-device-app","$v":"Cari Perantiku"},{"$i":"fxa-options","$v":"Pilihan"},{"$i":"fxa-sign-out","$v":"Daftar Keluar"},{"$i":"fxa-confirm-email","$v":["Sila pastikan ",{"t":"idOrVar","v":"email"}]},{"$i":"findmydevice","$v":"Cari Perantiku"},{"$i":"findmydevice-create-account","$v":"Cipta akaun atau daftar masuk"},{"$i":"findmydevice-enable","$v":"Bolehkan Cari Perantiku"},{"$i":"findmydevice-about","$v":"Perihal Cari Perantiku"},{"$i":"findmydevice-enable-geolocation-prompt","$v":"Bolehkan Geolokasi"},{"$i":"findmydevice-enable-geolocation-description","$v":"Untuk melihat lokasi peranti anda, anda mestilah membolehkan penjejakan geolokasi."},{"$i":"findmydevice-geolocation-enabled","$v":"Geolokasi Dibolehkan"},{"$i":"findmydevice-enable-network","$v":"Peranti ini berada diluar talian. Sambungkan kepada rangkaian dan cuba lagi."},{"$i":"findmydevice-error","$v":"Ralat Cari Peranti Ku telah berlaku."},{"$i":"findmydevice-please-try","$v":"Sila cuba lagi."},{"$i":"findmydevice-please-tap","$v":"Sila ketik untuk mencuba lagi."},{"$i":"privacyAndSecurity","$v":"Privasi & Keselamatan"},{"$i":"passcode-lock","$v":"Kunci kod laluan"},{"$i":"passcode-lock-desc","$v":["Kod laluan: ",{"t":"idOrVar","v":"code"}]},{"$i":"screenLock","$v":"Kunci skrin"},{"$i":"screenLock-header","$v":[{"t":"idOrVar","v":"screenLock"}]},{"$i":"simSecurity","$v":"SIM Security"},{"$i":"simSecurity-header","$v":[{"t":"idOrVar","v":"simSecurity"}]},{"$i":"appPermissions","$v":"Keizinan App"},{"$i":"appPermissions-header","$v":[{"t":"idOrVar","v":"appPermissions"}]},{"$i":"author","$v":"Pengarang"},{"$i":"permissions","$v":"Keizinan"},{"$i":"revoke","$v":"Tarik balik"},{"$i":"ask","$v":"Tanya"},{"$i":"deny","$v":"Nafi"},{"$i":"allow","$v":"Anugerah"},{"$i":"uninstallApp","$v":"Nyahpasang app"},{"$i":"phone","$v":"Telefon"},{"$i":"messages","$v":"Mesej"},{"$i":"vibrate","$v":"Getar"},{"$i":"ring","$v":"Dering"},{"$i":"change","$v":"Ubah"},{"$i":"create","$v":"Cipta"},{"$i":"create-a-passcode","$v":"Cipta Kod Laluan"},{"$i":"passcode","$v":"Kod laluan"},{"$i":"passcode-heading","$v":"Kod laluan"},{"$i":"enter-passcode","$v":"Masukkan kod laluan"},{"$i":"new-passcode","$v":"Kod laluan baru"},{"$i":"current-passcode","$v":"Kod laluan semasa"},{"$i":"incorrect-passcode","$v":"Kod laluan tidak betul"},{"$i":"passcode-doesnt-match","$v":"Kod laluan tidak sepadan. Cuba lagi."},{"$i":"confirm-passcode","$v":"Sahkan kod laluan"},{"$i":"immediately","$v":"Serta-merta"},{"$i":"after-one-minute","$v":"Selepas 1 minit"},{"$i":"after-five-minutes","$v":"Selepas 5 minit"},{"$i":"after-fifteen-minutes","$v":"Selepas 15 minit"},{"$i":"after-thirty-minutes","$v":"Selepas 30 minit"},{"$i":"after-one-hour","$v":"Selepas 1 jam"},{"$i":"require-passcode","$v":"Memerlukan kod laluan"},{"$i":"change-passcode","$v":"Tukar kod laluan"},{"$i":"noSimCard","$v":"Tiada kad SIM"},{"$i":"simPin","$v":"PIN SIM"},{"$i":"simPin2","$v":"SIM PIN2"},{"$i":"simPinWithIndex","$v":["PIN ",{"t":"idOrVar","v":"index"}," SIM"]},{"$i":"pukCode","$v":"Kod PUK"},{"$i":"puk2Code","$v":"Kod PUK2"},{"$i":"whatIsSimPin","$v":"Apa itu PIN SIM?"},{"$i":"simPinIntro1","$v":"PIN SIM menghalang capaian kepada kad SIM rangkaran data selular. Apabila dibolehkan, sebarang peranti yang mengandungi kad SIM akan memohon PIN apabile dimulakan."},{"$i":"simPinIntro2","$v":"PIN SIM tidak sama dengan kod laluan yang digunakan untuk buka kunci peranti."},{"$i":"changeSimPin","$v":"Tukar PIN"},{"$i":"simPinChangedSuccessfully","$v":"PIN SIM berjaya diubah"},{"$i":"simPinChangedSuccessfullyWithIndex","$v":["PIN ",{"t":"idOrVar","v":"index"}," SIM berjaya diubah"]},{"$i":"pinTitle","$v":"Masukkan PIN SIM"},{"$i":"pin2Title","$v":"Masukkan PIN2 SIM"},{"$i":"pukTitle","$v":"Masukkan kod PUK"},{"$i":"puk2Title","$v":"Masukkan kod PUK2"},{"$i":"newpinTitle","$v":"PIN Baru"},{"$i":"inputCodeRetriesLeft","$v":{"one":"Cubaan terakhir.","two":[{"t":"idOrVar","v":"n"}," cubaan berbaki."],"few":[{"t":"idOrVar","v":"n"}," cubaan berbaki."],"many":[{"t":"idOrVar","v":"n"}," cubaan berbaki."],"other":[{"t":"idOrVar","v":"n"}," cubaan berbaki."]},"$x":[{"t":"idOrVar","v":"plural"},"n"]},{"$i":"pinAttemptMsg3","$v":{"one":"Anda mempunyai satu cubaan berbaki untuk memasukkan kod yang betul sebelum mengunci kad SIM.","two":["Anda mempunyai ",{"t":"idOrVar","v":"n"}," cubaan berbaki untuk memasukkan kod yang betul sebelum mengunci kad SIM."],"few":["Anda mempunyai ",{"t":"idOrVar","v":"n"}," cubaan berbaki untuk memasukkan kod yang betul sebelum mengunci kad SIM."],"many":["Anda mempunyai ",{"t":"idOrVar","v":"n"}," cubaan berbaki untuk memasukkan kod yang betul sebelum mengunci kad SIM."],"other":["Anda mempunyai ",{"t":"idOrVar","v":"n"}," cubaan berbaki untuk memasukkan kod yang betul sebelum mengunci kad SIM."]},"$x":[{"t":"idOrVar","v":"plural"},"n"]},{"$i":"pinLastChanceMsg","$v":"Ini adalah peluang terakhir anda untuk memasukkan PIN yang betul. Jika tidak, anda harus memasukkan kod PUK untuk menggunakan kad sim ini."},{"$i":"simCardLockedMsg","$v":"Kad SIM terkunci."},{"$i":"simCardBlockedMsg","$v":"Kad SIM disekat."},{"$i":"enterPukMsg","$v":"Anda mestilah memasukkan Kod Pembuka Kunci Peribadi (PUK) untuk kad SIM. Rujuk dokumentasi kad SIM anda atau hubungi operator anda untuk maklumat lanjut."},{"$i":"enterPuk2Msg","$v":"Anda mestilah memasukkan Kod Pembuka Kunci Peribadi (PUK2) untuk kad SIM. Rujuk dokumentasi kad SIM anda atau hubungi operator anda untuk maklumat lanjut."},{"$i":"pukErrorMsg","$v":"Kod PUK salah."},{"$i":"pukAttemptMsg3","$v":{"one":"Anda mempunyai satu cubaan berbaki untuk memasukkan kod yang betul sebelum kad SIM ini tidak boleh digunakan secara kekal. Rujuk dokumentasi kad SIM anda atau hubungi operator anda untuk maklumat lanjut.","two":["Anda mempunyai ",{"t":"idOrVar","v":"n"}," cubaan berbaki untuk memasukkan kod yang betul sebelum kad SIM ini tidak boleh digunakan secara kekal. Rujuk dokumentasi kad SIM anda atau hubungi operator anda untuk maklumat lanjut."],"few":["Anda mempunyai ",{"t":"idOrVar","v":"n"}," cubaan berbaki untuk memasukkan kod yang betul sebelum kad SIM ini tidak boleh digunakan secara kekal. Rujuk dokumentasi kad SIM anda atau hubungi operator anda untuk maklumat lanjut."],"many":["Anda mempunyai ",{"t":"idOrVar","v":"n"}," cubaan berbaki untuk memasukkan kod yang betul sebelum kad SIM ini tidak boleh digunakan secara kekal. Rujuk dokumentasi kad SIM anda atau hubungi operator anda untuk maklumat lanjut."],"other":["Anda mempunyai ",{"t":"idOrVar","v":"n"}," cubaan berbaki untuk memasukkan kod yang betul sebelum kad SIM ini tidak boleh digunakan secara kekal. Rujuk dokumentasi kad SIM anda atau hubungi operator anda untuk maklumat lanjut."]},"$x":[{"t":"idOrVar","v":"plural"},"n"]},{"$i":"pukLastChanceMsg","$v":"Percubaan terakhir untuk memasukkan kod PUK yang betul. Kad SIM anda akan kekal tidak berguna jika anda memasukkan kod PUK yang salah. RUjuk dokumentasi kad SIM anda atau hubungi operator anda untuk maklumat lanjut."},{"$i":"newSimPinMsg","$v":"Buat PIN (mesti mengandungi antara 4 ke 8 digit)"},{"$i":"newSimPin2Msg","$v":"Buat PIN2 (mesti mengandungi antara 4 ke 8 digit)"},{"$i":"confirmNewSimPinMsg","$v":"Sahkan PIN baru"},{"$i":"confirmNewSimPin2Msg","$v":"Sahkan PIN2 baru"},{"$i":"newPinErrorMsg","$v":"PIN tidak padan"},{"$i":"simLockedPhone","$v":"Telefon dikunci-SIM"},{"$i":"unknownSimCardState","$v":"Keadaan kad SIM tidak diketahui"},{"$i":"simCardNotReady","$v":"Kad SIM belum bersedia"},{"$i":"simCardIllegal","$v":"Kad SIM tanpa kebenaran"},{"$i":"doNotTrack","$v":"Jangan Jejaki Saya"},{"$i":"doNotTrack-header","$v":[{"t":"idOrVar","v":"doNotTrack"}]},{"$i":"doNotTrackActions","$v":"Beritahu laman web dan app yang saya tidak mahu dijejaki"},{"$i":"allowTracking","$v":"Beritahu laman web dan app yang saya ingin dijejaki"},{"$i":"doNotHavePrefOnTracking","$v":"Jangan beritahu laman dan app mengenai sebarang keutamaan penjejakan saya"},{"$i":"doNotTrack-dt","$v":"Bagaimana Jangan Jejaki berfungsi?"},{"$i":"doNotTrack-dd1","$v":"Ketika anda menghidupkan Jangan Jejaki, peranti anda akan memberitahu setiap laman web dan app (juga pengiklan dan penyedia kandungan lain) yang anda tidak ingin perilaku anda dijejaki."},{"$i":"doNotTrack-dd2","$v":"Menghidupkan Jangan Jejaki tidak memberi kesan kepada keupayaan anda untuk mendaftar masuk laman web atau menyebabkan peranti anda melupakan maklumat peribadi, seperti kandungan troli beli-belah, maklumat lokasi atau maklumat daftar masuk."},{"$i":"browsingPrivacy","$v":"Privasi Pelayaran"},{"$i":"browsingPrivacy-header","$v":[{"t":"idOrVar","v":"browsingPrivacy"}]},{"$i":"confirm-clear-title","$v":"Pengesahan"},{"$i":"clear-browsing-history","$v":"Lapangkan sejarah pelayaran"},{"$i":"confirm-clear-browsing-history","$v":"Lapangkan sejarah pelayaran?"},{"$i":"clear-cookies-and-stored-data","$v":"Lapangkan kuki dan data tersimpan"},{"$i":"confirm-clear-cookies-and-stored-data","$v":"Lapangkan kuki dan data lain yang disimpan oleh laman pada peranti ini?"},{"$i":"clear","$v":"Bersih"},{"$i":"privacy-controls","$v":"Privacy Controls"},{"$i":"no-privacy-panel","$v":"No privacy panel app found"},{"$i":"storage","$v":"Storan"},{"$i":"enableUSBStorage1","$v":"Storan USB"},{"$i":"umsUnplugToDisable","$v":"Cabut plug USB untuk melumpuhkan"},{"$i":"appStorage","$v":"Storan Aplikasi"},{"$i":"appStorage-header","$v":[{"t":"idOrVar","v":"appStorage"}]},{"$i":"storageSize","$v":[{"t":"idOrVar","v":"size"}," ",{"t":"idOrVar","v":"unit"}]},{"$i":"availableSize","$v":{"zero":[{"t":"idOrVar","v":"size"}," ",{"t":"idOrVar","v":"unit"}," tersedia"],"one":[{"t":"idOrVar","v":"size"}," ",{"t":"idOrVar","v":"unit"}," tersedia"],"two":[{"t":"idOrVar","v":"size"}," ",{"t":"idOrVar","v":"unit"}," tersedia"],"few":[{"t":"idOrVar","v":"size"}," ",{"t":"idOrVar","v":"unit"}," tersedia"],"many":[{"t":"idOrVar","v":"size"}," ",{"t":"idOrVar","v":"unit"}," tersedia"],"other":[{"t":"idOrVar","v":"size"}," ",{"t":"idOrVar","v":"unit"}," tersedia"]},"$x":[{"t":"idOrVar","v":"plural"},"size"]},{"$i":"apps-total-space","$v":"Jumlah ruang"},{"$i":"apps-used-space","$v":"Digunakan"},{"$i":"apps-free-space","$v":"Berbaki"},{"$i":"storage-details","$v":"Foto, video dan muzik disimpan berasingan daripada aplikasi. Lihat storan media untuk perincian."},{"$i":"ums-shared-volumes","$v":[{"t":"idOrVar","v":"list"}," dikongsi"]},{"$i":"transferProtocol-header","$v":"Protokol Pemindahan"},{"$i":"protocol-mtp","$v":"Protokol pemindahan media (MTP)"},{"$i":"protocol-ums","$v":"Storan Massa USB (UMS)"},{"$i":"mediaStorage","$v":"Storan media"},{"$i":"mediaStorage-header","$v":[{"t":"idOrVar","v":"mediaStorage"}]},{"$i":"storage-name-internal","$v":"Storan Dalaman"},{"$i":"storage-name-external-0","$v":"Storan Kad SD"},{"$i":"storage-name-external-1","$v":"Storan Kad SD 2"},{"$i":"short-storage-name-internal","$v":"Dalaman"},{"$i":"short-storage-name-external-0","$v":"Kad SD"},{"$i":"short-storage-name-external-1","$v":"Kad SD 2"},{"$i":"music-space","$v":"Muzik"},{"$i":"pictures-space","$v":"Gambar"},{"$i":"videos-space","$v":"Wayang"},{"$i":"left-space","$v":"Ruang yang tinggal"},{"$i":"free-space","$v":"Ruang yang tinggal"},{"$i":"total-space","$v":"Jumlah ruang"},{"$i":"size-not-available","$v":"Tiada"},{"$i":"no-storage","$v":"Tiada storan ditemui"},{"$i":"advanced","$v":"Lanjutan"},{"$i":"ums-warning-title","$v":"Bolehkan storan USB?"},{"$i":"default-media-location","$v":"Likasi media lalai"},{"$i":"default-media-location-msg","$v":"Pilih di mana foto, video, muzik dan muat turun akan disimpan secara lalai."},{"$i":"change-default-media-location-confirmation","$v":"Changing the default media storage location will affect where all media will be saved by default. Existing data will remain in its current location. Do you want to proceed?"},{"$i":"eject-sdcard-external-0","$v":"Lenting kad SD"},{"$i":"eject-sdcard-external-1","$v":"Lenting kad SD 2"},{"$i":"format-sdcard-internal","$v":"Format storan dalaman"},{"$i":"format-sdcard-external-0","$v":"Format kad SD"},{"$i":"format-sdcard-external-1","$v":"Format kad SD 2"},{"$i":"formatting","$v":"Formatting…"},{"$i":"unmount-sdcard-confirmation","$v":"You will not be able to access content on the SD card after you unmount it. Do you want to proceed?"},{"$i":"format-sdcard-title","$v":"Format kad SD"},{"$i":"format-sdcard-message","$v":"Ini akan memadam semua data tersimpan pada kad SD anda, seperti muzik dan foto."},{"$i":"format-sdcard-internal-title","$v":"Format internal storage"},{"$i":"format-sdcard-internal-message","$v":"This will erase all data stored on your internal storage, such as music and photos."},{"$i":"format-sdcard-btnformat","$v":"Format"},{"$i":"sdcardUnmounted","$v":"Kad SD dinyahlekap"},{"$i":"device","$v":"Peranti"},{"$i":"help","$v":"Bantuan"},{"$i":"deviceInfo","$v":"Maklumat peranti"},{"$i":"deviceInfo-header","$v":[{"t":"idOrVar","v":"deviceInfo"}]},{"$i":"deviceInfo-IMEI","$v":"IMEI"},{"$i":"deviceInfo-ICCID","$v":"ICCID"},{"$i":"deviceInfo-MSISDN","$v":"Phone Number"},{"$i":"deviceInfo-ICCID-unavailable-sim","$v":["SIM ",{"t":"idOrVar","v":"index"},": Tidak tersedia"]},{"$i":"downloads","$v":"Muat Turun"},{"$i":"downloads-header","$v":[{"t":"idOrVar","v":"downloads"}]},{"$i":"unknown-phoneNumber","$v":"Tidak diketahui"},{"$i":"unknown-phoneNumber-sim","$v":["SIM ",{"t":"idOrVar","v":"index"},": Tidak diketahui"]},{"$i":"gitInfo","$v":"Git Commit Info"},{"$i":"developer","$v":"Pembangun"},{"$i":"developer-header","$v":[{"t":"idOrVar","v":"developer"}]},{"$i":"hud-settings-button","$v":"HUD pembangun"},{"$i":"hud-settings-header","$v":[{"t":"idOrVar","v":"hud-settings-button"}]},{"$i":"hud-devtools","$v":"Developer tools"},{"$i":"hud-devtools-header","$v":[{"t":"idOrVar","v":"hud-devtools"}]},{"$i":"hud-logging","$v":"Log perubahan ke dalam ADB"},{"$i":"hud-system","$v":"Tunjuk HUD sistem"},{"$i":"hud-problems","$v":"Masalah"},{"$i":"hud-warnings","$v":"Amaran"},{"$i":"hud-errors","$v":"Ralat"},{"$i":"hud-security","$v":"Isu keselamatan"},{"$i":"hud-performance","$v":"Prestasi"},{"$i":"hud-reflows","$v":"Atur semula"},{"$i":"hud-jank","$v":"Jank"},{"$i":"jank-threshold","$v":"Ambang Jank"},{"$i":"hud-fps","$v":"Bingkai per saat"},{"$i":"hud-ttl","$v":"Masa untuk memuat"},{"$i":"hud-memory","$v":"Memori"},{"$i":"hud-uss","$v":"Saiz Set Unik"},{"$i":"hud-appmemory","$v":"Memori aplikasi"},{"$i":"hud-jsobjects","$v":"Objek JS"},{"$i":"hud-jsstrings","$v":"Rentetan JS"},{"$i":"hud-jsother","$v":"JS lain"},{"$i":"hud-dom","$v":"DOM"},{"$i":"hud-style","$v":"Gaya"},{"$i":"hud-other","$v":"Lain-lain"},{"$i":"software","$v":"Perisian"},{"$i":"devSettings","$v":"Developer Settings"},{"$i":"debug","$v":"Nyahpijat"},{"$i":"developer-menu","$v":"Menu Pembangun"},{"$i":"developer-tools","$v":"Peralatan Pembangun"},{"$i":"graphics","$v":"Grafik"},{"$i":"hardware-composer","$v":"Komposer perkakasan"},{"$i":"paint-flashing","$v":"Kelip kawasan yang dicat"},{"$i":"dumps-layers","$v":"Humban lapisan pepohon"},{"$i":"dumps-layerscope","$v":"Dump layerscope"},{"$i":"apz-overscroll","$v":"Menatal lebih"},{"$i":"tiling","$v":"Menjubin"},{"$i":"low-precision","$v":"Mengecat ketepatan rendah"},{"$i":"low-opacity","$v":"Telus ketepatan rendah"},{"$i":"draw-tile-borders","$v":"Lukis jubin sempadan"},{"$i":"draw-layer-borders","$v":"Lukis lapisan sempadan"},{"$i":"log-animations","$v":"Log animasi perlahan"},{"$i":"remote-debugging-usb","$v":"Menyahpepijat melalui USB"},{"$i":"dev-tools-wifi","$v":"DevTools melalui Wi-Fi"},{"$i":"dev-tools-qps","$v":"Pseudo-localization"},{"$i":"debugger-disabled","$v":"Dilumpuhkan"},{"$i":"debugger-adb-only","$v":"ADB sahaja"},{"$i":"debugger-adb-and-devtools","$v":"ADB dan Devtools"},{"$i":"wifi-debugging","$v":"Output Wi-Fi dalam ADB"},{"$i":"bluetooth-debugging","$v":"Output Bluetooth di ADB"},{"$i":"bluetooth-snoop-debugging","$v":"Bluetooth HCI sniffing logs to sdcard"},{"$i":"nfc-debugging","$v":"Output NFC dalam ADB"},{"$i":"ril-debugging","$v":"RIL output in ADB"},{"$i":"console-enabled","$v":"Konsol dibolehkan"},{"$i":"cards-view-screenshots","$v":"Pandangan Kad: Screenshot"},{"$i":"geolocation-debugging-enabled","$v":"Geolokasi output dalam ADB"},{"$i":"geolocation-debugging-gps-locations-ignored","$v":"Ignore GPS locations"},{"$i":"use-reviewer-certs","$v":"Gunakan pengulas sijil Marketplace"},{"$i":"shake-to-log","$v":"Shake to save system log"},{"$i":"model-name","$v":"Model"},{"$i":"os-version","$v":"OS Version"},{"$i":"firmware_revision","$v":"Firmware Revision"},{"$i":"hardware_revision","$v":"Hardware Revision"},{"$i":"platform_version","$v":"Platform Version"},{"$i":"build-id","$v":"Bina Pengenal"},{"$i":"update-channel","$v":"Update Channel"},{"$i":"build_number","$v":"Build Number"},{"$i":"update-url","$v":"Kemaskini URL"},{"$i":"last-updated","$v":"Terakhir Dikemaskini"},{"$i":"more-info","$v":"Maklumat lanjut"},{"$i":"more-info-header","$v":[{"t":"idOrVar","v":"more-info"}]},{"$i":"softwareUpdates","$v":"Software Updates"},{"$i":"check-update-daily","$v":"Harian"},{"$i":"check-update-weekly","$v":"Mingguan"},{"$i":"check-update-monthly","$v":"Bulanan"},{"$i":"check-for-updates","$v":"Check for Updates"},{"$i":"check-update-now","$v":"Check Now"},{"$i":"update-status","$v":"Status kemaskini"},{"$i":"no-network-when-update","$v":"Connect to the Internet to proceed with your update."},{"$i":"checking-for-update","$v":"Memeriksa kemaskini…"},{"$i":"no-updates","$v":"Tiada kemaskini dtemui"},{"$i":"retry-when-online","$v":"Rangkaian diluar talian. Akan memeriksa semula apabila rangkaian di atas talian."},{"$i":"already-latest-version","$v":["Ini adalah versi terkini ",{"t":"idOrVar","v":"brandShortName"}]},{"$i":"check-error","$v":"Terdapat ralat ketika memeriksa kemaskini."},{"$i":"aboutBrowserOS","$v":["Perihal ",{"t":"idOrVar","v":"brandShortName"}]},{"$i":"browser-os-desc","$v":[{"t":"idOrVar","v":"brandShortName"}," adalah sebuah sistem operasian sumber terbuka dan bebas daripada Mozilla. Misi kami adalah untuk mempromosikan keterbukaan, inovasi dan peluang dengan mengekalkan kuasa Web di tangan anda."]},{"$i":"learn-more","$v":"Ketahui Lanjut"},{"$i":"reset-head","$v":"Ulang tetap"},{"$i":"reset-warning-title","$v":"AWAS"},{"$i":"unlock-privileges","$v":"Unlock Privileges"},{"$i":"reset-devtools","$v":"Reset and enable full DevTools"},{"$i":"reset-devtools-warning-title","$v":"CAUTION"},{"$i":"your-rights","$v":"Hak Anda"},{"$i":"your-rights-header","$v":[{"t":"idOrVar","v":"your-rights"}]},{"$i":"about-your-rights-0","$v":[{"t":"idOrVar","v":"brandShortName"}," dibina pada perisian sumber terbuka dan bebas oleh komuniti daripada ribuan orang dari serata dunia. Terdapat beberapa perkara yang anda perlu tahu:"]},{"$i":"about-your-rights-1","$v":[{"t":"idOrVar","v":"brandShortName"}," dibina untuk anda dibawah terma  beberapa lesen sumber terbuka termasuk Lesen Awam Mozilla. Peranti yang menggunakan ",{"t":"idOrVar","v":"brandShortName"}," boleh juga mengandungi perisian tertutup daripada pihak ketida. Sebarang kod yang disediakan di bawah lesen terbuka memberikan anda hak untuk mengubah kod sumber dan mengagihkan versi diubahsuai selagi anda mematuhi termanya."]},{"$i":"about-your-rights-2","$v":["Anda tidak diberikan sebarang hak tanda dagang atau lesen kepada tanda dagang Yayasan Mozilla atau mana-mana pihak, termasuk tanpa had nama dan logo ",{"t":"idOrVar","v":"brandShortName"},"."]},{"$i":"about-your-rights-3","$v":["Beberapa ciri dalam ",{"t":"idOrVar","v":"brandShortName"},", seperti Pelapor Nahas, memberi anda pilihan untuk menyediakan maklumbalas kepada Mozilla. Dengan memilih untuk hantar maklumbalas, anda memberi Mozilla kebenaran untuk menggunakan maklumbalas bagi menambahbaik produknya, untuk menghantar maklumbalas kepada laman webnya, dan juga mengagihkan maklumbalas."]},{"$i":"about-legal-info","$v":"Maklumat Undang-undang"},{"$i":"about-credit-info","$v":"Credits"},{"$i":"about-legal-info-header","$v":[{"t":"idOrVar","v":"about-legal-info"}]},{"$i":"open-source-notices","$v":"Notis Sumber Terbuka"},{"$i":"open-source-notices-header","$v":[{"t":"idOrVar","v":"open-source-notices"}]},{"$i":"obtaining-source-code","$v":"Mendapatkan Kod Sumber"},{"$i":"obtaining-source-code-header","$v":[{"t":"idOrVar","v":"obtaining-source-code"}]},{"$i":"about-mozilla","$v":"Mozilla"},{"$i":"about-other","$v":"Lain-lain"},{"$i":"your-privacy","$v":"Privasi Anda"},{"$i":"your-privacy-header","$v":[{"t":"idOrVar","v":"your-privacy"}]},{"$i":"licensing-1","$v":"Binari untuk produk ini telah dijadikan tersedia untuk anda oleh Projek Mozilla, di bawah Lesen Umum Mozilla 2.0 (MPL). Ketahui hak anda."},{"$i":"licensing-2","$v":"Semua kod sumber terbuka untuk produk ini tersedia di bawah lesen yang keduanya bebas dan sumber terbuka. Kebanyakannya tersedia di bawah Lesen Umum Mozilla 2.0 (MPL)."},{"$i":"licensing-3","$v":"Baki perisian yang tidak di bawah Lesen Umum Mozilla 2.0 MPL tersedia di bawah pelbagai lesen yang lain. Kepada yang memerliukan pengeluaran semula teks lesen di dalam pengagihan di berikan di bawah. (Nota: Salinan anda untuk produk ini mungkin tidak mengandungi kod yang dilindungi oleh satu atau lebih lesen disenaraikan di bawah, bergantung kepada produk sebenar dan versi yang anda pilih.)"},{"$i":"licensing-MPL","$v":"Lesen Umum Mozilla 2.0"},{"$i":"licensing-Apache","$v":"Apache License 2.0"},{"$i":"launch-ftu","$v":"Lancarkan Penggunaan Kali Pertama"},{"$i":"no-ftu","$v":"Tiada app pengunaan kali pertama ditemui"},{"$i":"software-home-button","$v":"Butang laman utama perisian"},{"$i":"home-gesture","$v":"Gerak isyarat laman utama"},{"$i":"continuous-transition","$v":"Peralihan berterusan"},{"$i":"debug-gaia-enabled","$v":"Jejak nyahpepijat Gaia"},{"$i":"showScreenReaderSettings","$v":"Paparkan tetapan pembaca skrin"},{"$i":"app-transition","$v":"Peralihan App"},{"$i":"app-suspending","$v":"Menggantung App"},{"$i":"copypaste","$v":"Copy/paste"},{"$i":"verbose-app-permissions","$v":"Keizinan aplikasi berjela"},{"$i":"window-management","$v":"Pengurusan tetingkap"},{"$i":"downloads-edit","$v":"Sunting muat turun"},{"$i":"downloads-select-all","$v":"Pilih semua"},{"$i":"downloads-deselect-all","$v":"Nyahpilih semua"},{"$i":"downloads-delete","$v":"Hapus"},{"$i":"battery","$v":"Bateri"},{"$i":"battery-header","$v":[{"t":"idOrVar","v":"battery"}]},{"$i":"batteryLevel","$v":"Paras semasa"},{"$i":"batteryLevel-percent-unplugged","$v":[{"t":"idOrVar","v":"level"},"%"]},{"$i":"batteryLevel-percent-charging","$v":[{"t":"idOrVar","v":"level"},"% (mengecas)"]},{"$i":"batteryLevel-percent-charged","$v":[{"t":"idOrVar","v":"level"},"% (dicas)"]},{"$i":"powerSaveModeTitle","$v":"Power Save Mode"},{"$i":"powerSaveMode","$v":"Mod jimat kuasa"},{"$i":"powerSave-threshold","$v":[{"t":"idOrVar","v":"level"},"% bateri berbaki"]},{"$i":"turnOnAuto","$v":"Hidupkan secara automatik"},{"$i":"accessibility","$v":"Kebolehcapaian"},{"$i":"accessibility-header","$v":[{"t":"idOrVar","v":"accessibility"}]},{"$i":"screenReader","$v":"Pembaca skrin"},{"$i":"screenReader-header","$v":[{"t":"idOrVar","v":"screenReader"}]},{"$i":"screenReader-toggle","$v":[{"t":"idOrVar","v":"screenReader"}]},{"$i":"colorFilter","$v":"Penapis warna"},{"$i":"colorFilter-header","$v":[{"t":"idOrVar","v":"colorFilter"}]},{"$i":"colorFilter-toggle","$v":[{"t":"idOrVar","v":"colorFilter"}]},{"$i":"screenReader-captions","$v":"Display speech"},{"$i":"screenReader-enable-msg","$v":"Ketika pembaca skrin dibolehkan, peranti anda akan menyediakan tindak balas pertuturan untuk membantu pengguna buta dan kurang penglihatan."},{"$i":"screen-reader-speech-volume","$v":"Volum Ucapan"},{"$i":"screen-reader-speech-rate","$v":"Kadar Ucapan"},{"$i":"screenReader-confirm-title-start","$v":"Mulakan Pembaca Skrin?"},{"$i":"screenReader-confirm-description-start","$v":"Mengaktifkan pembaca skrin akan mengubah cara skrin sesentuh anda berfungsi. Sentuh di mana-mana untuk mendengar item di bawah jari, dan tap dua kali untuk mengaktifkannya."},{"$i":"screenReader-confirm-button-start","$v":"Mula"},{"$i":"screenReader-confirm-title-stop","$v":"Hentikan Pembaca Skrin?"},{"$i":"screenReader-confirm-description-stop","$v":"Menghentikan pembaca skrin akan mengakhiri tindak balas pertuturan."},{"$i":"screenReader-confirm-button-stop","$v":"Berhenti"},{"$i":"colorFilter-invert","$v":"Songsang"},{"$i":"colorFilter-grayscale","$v":"Skala Kelabu"},{"$i":"colorFilter-contrast","$v":"Kontra"},{"$i":"improveBrowserOS","$v":["Memuatnaik taraf ",{"t":"idOrVar","v":"brandShortName"}]},{"$i":"improveBrowserOSTitle","$v":["Memuatnaik taraf ",{"t":"idOrVar","v":"brandShortName"}]},{"$i":"sendMozillaFeedback","$v":"Hantar Maklum Balas Mozilla"},{"$i":"performanceAndUsageData","$v":"Data prestasi dan penggunaan"},{"$i":"sharePerformanceAndUsageData","$v":"Hantar data"},{"$i":"appUsageByRegion","$v":"App usage by region"},{"$i":"crashReports","$v":"Laporan Nahas"},{"$i":"crashReports-header","$v":[{"t":"idOrVar","v":"crashReports"}]},{"$i":"crashReportInfo","$v":"Menghantar laporan kepada Mozilla ketika kemusnahan berlaku membantu kami membaiki masalah untuk semua. Laporan dihantar melalui Wi-Fi sahaja."},{"$i":"alwaysSendReport","$v":"Sentiada hantar laporan"},{"$i":"neverSendReport","$v":"Jangan sesekali menghantar laporan"},{"$i":"askToSendReport2","$v":"Tanya setiap kali"},{"$i":"crash-reports-description-1","$v":"Laporan nahas mengandungi beberapa perincian perihal nahas dan peranti anda, juga cekupan layar keadaan peranti anda ketika ia musnah."},{"$i":"crash-reports-description-2","$v":"Ini juga termasuk perkara seperti laman dibuka dan app, teks ditaip pada borang dan kandungan mesej dibuka, sejarah pelayaran kebelakangan, atau geolokasi digunakan oleh app yang dibuka."},{"$i":"crash-reports-description-3-start","$v":"Kami gunakan laporan nahas untuk memperbaiki masalah dan meningkatkan produk kami. Kami mengendalikan maklumat anda sebagaimana yang diterangkan di dalam "},{"$i":"crash-reports-description-3-privacy","$v":"dasar privasi kami"},{"$i":"crash-reports-description-3-end","$v":"."},{"$i":"sendFeedbackTitle","$v":"Hantar Maklum Balas Anda"},{"$i":"feedback-description","$v":"Maklum balas anda akan membantu kami memperbaiki Firefox OS."},{"$i":"feedback-happy","$v":"Gembira"},{"$i":"feedback-sad","$v":"Sedih"},{"$i":"feedback-mood-description","$v":"Bagaimana anda rasakan?"},{"$i":"feedback_whyfeel_happy","$v":"Mengapa anda berasa gembira?"},{"$i":"feedback_whyfeel_sad","$v":"Mengapa anda berasa sedih?"},{"$i":"feedback-mood-explain","$v":"Sila beritahu kami secara terperinci."},{"$i":"feedback-public-description","$v":"Kandungan maklum balas anda akan dibuka kepada umum, jadi sila pastikan anda tidak menyertakan sebarang maklumat peribadi."},{"$i":"feedback-contactyou","$v":"Semak di sini untuk membolehkan kami menghubungi anda dengan email anda."},{"$i":"email-address1","$v":"Alamat email:"},{"$i":"email-keepprivate","$v":"Jangan risau. Email anda akan sentiasa disimpan secara peribadi."},{"$i":"feedback-sendbtn","$v":"Hantar Maklum Balas"},{"$i":"feedback-errormessage-connect-error","$v":"Maaf, sistem tidak dapat menghantar cadangan anda disebabkan ralat sambungan data. Sila cuba lagi ketika isu telah diselesaikan."},{"$i":"feedback-errormessage-server-off","$v":"Maaf, sistem tidak dapat menghantar cadangan anda disebabkan pelayan ditutup. Sila tunggu sebentar dan cuba lagi."},{"$i":"feedback-errormessage-timeout","$v":"Maaf, sistem tidak dapat menghantar cadangan anda disebabkan had masaa. Sila ulang mula dan cuba lagi."},{"$i":"feedback-errormessage-wrong-email","$v":"Maaf, sistem tidak dapat menghantar cadangan anda disebabkan alamat email hilanaga atau ralat format. Sila masukkan alamat email yang sah dan cuba lagi."},{"$i":"feedback-errormessage-empty-comment","$v":"Maaf, sistem tidak dapat menghantar cadangan anda disebabkan medan komen kosong. Sila masukkan teks dan cuba lagi."},{"$i":"feedback-errormessage-just-sent","$v":"Maaf, sistem tidak dapat menghantar cadangan anda disebabkan anda telah menghantar maklum balas. Sila tunggu kemaskini perisian berikutnya dan hantar semula."},{"$i":"feedback-complete-msg","$v":"Terima kasih atas maklum balas anda! Kami kan menggunakannya untuk membantu kami mencipta pengalaman lebih baik didalam Firefox OS keluaran yang akan datang."},{"$i":"online-support","$v":"Sokongan atas talian:"},{"$i":"call-support","$v":"Panggilan sokongan:"},{"$i":"user-guide","$v":"Panduan pengguna"},{"$i":"default-support","$v":"Sila hubungi penyedia tempatan anda untuk sokongan."},{"$i":"operatorServices","$v":"Operator Perkhidmatan"},{"$i":"operatorServices-help","$v":"Bantuan"},{"$i":"operatorServices-helpmenu","$v":"Manu bantuan"},{"$i":"stkAppsNotAvailable","$v":"Aplikasi kad SIM tidak tersedia."},{"$i":"simToolkit","$v":"Set alatan SIM"},{"$i":"stkItemsNaiSetUpCall","$v":"Menetapkan Panggilan"},{"$i":"stkItemsNaiSendSs","$v":"Hantar SS"},{"$i":"stkItemsNaiSendUssd","$v":"Hantar USSD"},{"$i":"stkItemsNaiSendSms","$v":"Hantar SMS"},{"$i":"stkItemsNaiSendDtmf","$v":"Hantar DTMF"},{"$i":"stkItemsNaiLaunchBrowser","$v":"Lancarkan Pelayar"},{"$i":"stkItemsNaiPlayTone","$v":"Mainkan Tona"},{"$i":"stkItemsNaiDisplayText","$v":"Teks Paparan"},{"$i":"stkItemsNaiGetInkey","$v":"Dapatkan Inkey"},{"$i":"stkItemsNaiGetInput","$v":"Dapatkan Input"},{"$i":"stkItemsNaiSelectItem","$v":"Pilih Item"},{"$i":"stkItemsNaiSetUpMenu","$v":"Menetapkan Manu"},{"$i":"stkItemsNaiProvideLocalInfo","$v":"Sediakan Info Lokal"},{"$i":"stkItemsNaiSetIdleModeText","$v":"Tetapkan Teks Mod Lahu"},{"$i":"stkItemsNaiPerformCardApdu","$v":"Perform Card APDU"},{"$i":"stkItemsNaiPowerOnCard","$v":"Power On Card"},{"$i":"stkItemsNaiPowerOffCard","$v":"Power Off Card"},{"$i":"stkItemsNaiGetReaderStatus","$v":"Get Reader Status"},{"$i":"stkItemsNaiOpenChannel","$v":"Buka Saluran"},{"$i":"stkItemsNaiCloseChannel","$v":"Tutup Saluran"},{"$i":"stkItemsNaiReceiveData","$v":"Terima Data"},{"$i":"stkItemsNaiSendData","$v":"Hantar Data"},{"$i":"stkItemsNaiGetChannelStatus","$v":"Dapatkan Status Saluran"},{"$i":"stkItemsNaiEndOfTheProactiveSession","$v":"End of the proactive session"},{"$i":"is-warning-storage-header","$v":"Storan USB"},{"$i":"is-warning-tethering-header","$v":"Penambatan USB"},{"$i":"is-warning-wifi-header","$v":"Kawasan khas Wi-Fi"},{"$i":"is-warning-storage-tethering-message","$v":"Enabling USB storage will disable USB tethering. Do you want to enable USB storage?"},{"$i":"is-warning-tethering-storage-message","$v":"Membolehkan penambatan USB akan mematikan storan USB. Adakah anda mahu untuk membolehkan penambatan USB?"},{"$i":"is-warning-tethering-wifi-message","$v":"Membolehkan penambatan USB akan mematikan kawasan khas Wi-Fi. Adakah anda mahu untuk membolehkan penambatan USB?"},{"$i":"is-warning-wifi-tethering-message","$v":"Membolehkan kawasan khas Wi-Fi akan mematikan penambatan USB. Adakah anda mahu untuk membolehkan kawasan khas Wi-Fi?"},{"$i":"settings-dialog-alert","$v":"Alert"},{"$i":"settings-dialog-confirm","$v":"Confirm"},{"$i":"settings-dialog-prompt","$v":"Prompt"},{"$i":"settings-alert-dialog-header","$v":[{"t":"idOrVar","v":"settings-dialog-alert"}]},{"$i":"settings-confirm-dialog-header","$v":[{"t":"idOrVar","v":"settings-dialog-confirm"}]},{"$i":"settings-prompt-dialog-header","$v":[{"t":"idOrVar","v":"settings-dialog-prompt"}]},{"$i":"addons","$v":"Addons"},{"$i":"addons-header","$v":[{"t":"idOrVar","v":"addons"}]},{"$i":"change-device-name","$v":"Ubah nama telefon"},{"$i":"internetSharing-usb-desc","$v":"Kongsi sambungan Internet telefon saya dengan peranti yang bersambung dengan USB."},{"$i":"internetSharing-wifi-desc","$v":"Benarkan peranti lain untuk berkongsi sambungan Internet telefon saya dengan menyambung melalui Wi-Fi."},{"$i":"unplayable-ringtone","$v":"Nada dering tidak berubah kerana fail yang dipilih tidak dapat dimainkan pada telefon ini."},{"$i":"findmydevice-signup-description","$v":"Cari Peranti Ku membenarkan anda mengesan, mengunci dan memadam telefon anda"},{"$i":"findmydevice-settings-description","$v":"Cari Peranti Ku membenarkan anda mengesan, mengunci atau memadam telefon anda daripada laman web:"},{"$i":"findmydevice-active-tracking","$v":"Telefon anda sedang dijejak oleh peranti lain melalui laman web."},{"$i":"findmydevice-not-tracking","$v":"Tiada peranti yang menjejaki telefon anda secara aktif melalui laman web."},{"$i":"ums-confirm","$v":"Mendayakan storan USB akan membenarkan komputer atau peranti lain menyambung menggunakan USB untuk mencapai fail pada telefon ini."},{"$i":"reset-device","$v":"Ulang Tetap Telefon"},{"$i":"reset-warning-body","$v":"Mengulang tetap akan menghapus semua data anda, termasuk sebarang aplikasi yang anda telah beli. Telefon akan dipulihkan kepada keadaan kilang. Tiada sebarang tetapan atau data yang akan disimpan."},{"$i":"reset-devtools-warning-body","$v":"Resetting will erase all your data, including any apps you’ve purchased. None of your settings or data will be saved. But your phone will have unrestricted developer tools, allowing you to modify and debug system applications."},{"$i":"powerSave-explanation","$v":"Menghidupkan mod jimat kuasa akan mematikan data telefon, Bluetooth dan sambungan Geolokasi bagi menjimatkan hayat bateri. Anda masih boleh menghidupkan kembali servis ini secara manual."},{"$i":"performanceAndUsageDataInfo","$v":["Bantu kami memperbaiki ",{"t":"idOrVar","v":"brandShortName"}," dengan berkongsi data tentang telefon anda dan cara anda menggunakannya."]},{"$i":"device-status-connected-device","$v":"Disambung ke audio telefon"},{"$i":"device-status-connected-device-media","$v":"Disambung ke audio telefon/media"}]