[{"$i":"stopped_download_title","$v":"Downloaden gestopt"},{"$i":"stopped_download_message","$v":"Downloaden is gestopt. Opnieuw proberen te downloaden?"},{"$i":"stopped_download_left_button","$v":"Annuleren"},{"$i":"stopped_download_right_button","$v":"Opnieuw proberen"},{"$i":"failed_download_title","$v":"Downloaden mislukt"},{"$i":"failed_download_message","$v":["Downloaden van ",{"t":"idOrVar","v":"name"}," is mislukt. Opnieuw proberen te downloaden?"]},{"$i":"failed_download_left_button","$v":"Annuleren"},{"$i":"failed_download_right_button","$v":"Opnieuw proberen"},{"$i":"stop_download_title","$v":"Downloaden stoppen"},{"$i":"stop_download_message","$v":"Weet u zeker dat u het downloaden wilt stoppen?"},{"$i":"stop_download_left_button","$v":"Nee"},{"$i":"stop_download_right_button","$v":"Ja"},{"$i":"delete_download_title","$v":"Verwijderen"},{"$i":"delete_download_message","$v":[{"t":"idOrVar","v":"name"}," verwijderen?"]},{"$i":"delete_download_left_button","$v":"Annuleren"},{"$i":"delete_download_right_button","$v":"Verwijderen"},{"$i":"delete_all_download_title","$v":"Verwijderen"},{"$i":"delete_all_download_left_button","$v":"Annuleren"},{"$i":"delete_all_download_right_button","$v":"Verwijderen"},{"$i":"delete_all_download_message","$v":{"zero":"Geen bestanden verwijderen?","one":"Eén bestand verwijderen?","two":[{"t":"idOrVar","v":"number"}," bestanden verwijderen?"],"few":[{"t":"idOrVar","v":"number"}," bestanden verwijderen?"],"many":[{"t":"idOrVar","v":"number"}," bestanden verwijderen?"],"other":[{"t":"idOrVar","v":"number"}," bestanden verwijderen?"]},"$x":[{"t":"idOrVar","v":"plural"},"number"]},{"$i":"unsupported_file_type_download_title","$v":"Kan niet openen"},{"$i":"unsupported_file_type_download_message","$v":["Er is geen app die ",{"t":"idOrVar","v":"name"}," kan openen. Wilt u het bestand opslaan of verwijderen?"]},{"$i":"unsupported_file_type_download_left_button","$v":"Bestand behouden"},{"$i":"unsupported_file_type_download_right_button","$v":"Verwijderen"},{"$i":"file_not_found_download_title","$v":"Bestand niet gevonden"},{"$i":"file_not_found_download_message","$v":"Het bestand is niet op het apparaat aangetroffen"},{"$i":"file_not_found_download_right_button","$v":"OK"},{"$i":"unmounted_sdcard_2_download_title","$v":"Geheugenkaart in gebruik"},{"$i":"unmounted_sdcard_2_download_message","$v":"Ontkoppel de telefoon"},{"$i":"unmounted_sdcard_2_download_right_button","$v":"OK"},{"$i":"no_provider_download_title","$v":"Kan niet delen"},{"$i":"no_provider_download_message","$v":"Geen provider gevonden"},{"$i":"no_provider_download_right_button","$v":"OK"},{"$i":"no_memory_download_title","$v":"SD-kaart is vol"},{"$i":"no_memory_download_message","$v":"Er is geen ruimte meer op uw SD-kaart om uw download op te slaan. Verwijder enkele bestanden voordat u het downloaden opnieuw start."},{"$i":"no_memory_download_right_button","$v":"OK"},{"$i":"no_sdcard_found_2_download_title","$v":"Geen geheugenkaart gevonden"},{"$i":"no_sdcard_found_2_download_message","$v":"Plaats een geheugenkaart of selecteer een alternatieve standaard medialocatie in de instellingen"},{"$i":"no_sdcard_found_2_download_right_button","$v":"OK"},{"$i":"file_open_error_download_title","$v":"Kan niet openen"},{"$i":"file_open_error_download_message","$v":["Er is een probleem met het openen van ",{"t":"idOrVar","v":"name"},". Wilt u het bestand opslaan of verwijderen?"]},{"$i":"file_open_error_download_left_button","$v":"Bestand behouden"},{"$i":"file_open_error_download_right_button","$v":"Verwijderen"},{"$i":"restart_download_error","$v":"Er was een probleem bij het herstarten van de download. Probeer opnieuw te downloaden."},{"$i":"no-downloads","$v":"Geen downloads"},{"$i":"byteUnit-B","$v":"B"},{"$i":"byteUnit-KB","$v":"KB"},{"$i":"byteUnit-MB","$v":"MB"},{"$i":"byteUnit-GB","$v":"GB"},{"$i":"byteUnit-TB","$v":"TB"},{"$i":"fileSize","$v":[{"t":"idOrVar","v":"size"}," ",{"t":"idOrVar","v":"unit"}]},{"$i":"percentage","$v":[{"t":"idOrVar","v":"percentage"}," %"]},{"$i":"partialResult","$v":[{"t":"idOrVar","v":"partial"}," van ",{"t":"idOrVar","v":"total"}]},{"$i":"summary","$v":[{"t":"idOrVar","v":"date"}," - ",{"t":"idOrVar","v":"status"}]},{"$i":"download-stopped","$v":"Gestopt"},{"$i":"download-failed","$v":"Downloaden mislukt"},{"$i":"open_downloaded_file","$v":"Openen"},{"$i":"share_downloaded_file","$v":"Delen"},{"$i":"wallpaper_downloaded_file","$v":"Instellen als achtergrond"},{"$i":"ringtone_downloaded_file","$v":"Instellen als beltoon"},{"$i":"cancel_downloaded_file","$v":"Annuleren"},{"$i":"brandShortName","$v":"B2G OS"},{"$i":"browserBrandShortName","$v":"Web Browser"},{"$i":"browserBrandFullName","$v":"Mozilla Web Browser"},{"$i":"ringtoneBrandName","$v":"Default"},{"$i":"ringtoneSectionBrandName","$v":"System"},{"$i":"weekday-0-long","$v":"zondag"},{"$i":"weekday-1-long","$v":"maandag"},{"$i":"weekday-2-long","$v":"dinsdag"},{"$i":"weekday-3-long","$v":"woensdag"},{"$i":"weekday-4-long","$v":"donderdag"},{"$i":"weekday-5-long","$v":"vrijdag"},{"$i":"weekday-6-long","$v":"zaterdag"},{"$i":"weekday-0-short","$v":"zon"},{"$i":"weekday-1-short","$v":"maa"},{"$i":"weekday-2-short","$v":"din"},{"$i":"weekday-3-short","$v":"woe"},{"$i":"weekday-4-short","$v":"don"},{"$i":"weekday-5-short","$v":"vrij"},{"$i":"weekday-6-short","$v":"zat"},{"$i":"month-0-long","$v":"januari"},{"$i":"month-1-long","$v":"februari"},{"$i":"month-2-long","$v":"maart"},{"$i":"month-3-long","$v":"april"},{"$i":"month-4-long","$v":"mei"},{"$i":"month-5-long","$v":"juni"},{"$i":"month-6-long","$v":"juli"},{"$i":"month-7-long","$v":"augustus"},{"$i":"month-8-long","$v":"september"},{"$i":"month-9-long","$v":"oktober"},{"$i":"month-10-long","$v":"november"},{"$i":"month-11-long","$v":"december"},{"$i":"month-0-genitive","$v":"januari"},{"$i":"month-1-genitive","$v":"februari"},{"$i":"month-2-genitive","$v":"maart"},{"$i":"month-3-genitive","$v":"april"},{"$i":"month-4-genitive","$v":"mei"},{"$i":"month-5-genitive","$v":"juni"},{"$i":"month-6-genitive","$v":"juli"},{"$i":"month-7-genitive","$v":"augustus"},{"$i":"month-8-genitive","$v":"september"},{"$i":"month-9-genitive","$v":"oktober"},{"$i":"month-10-genitive","$v":"november"},{"$i":"month-11-genitive","$v":"december"},{"$i":"month-0-short","$v":"jan"},{"$i":"month-1-short","$v":"feb"},{"$i":"month-2-short","$v":"mrt"},{"$i":"month-3-short","$v":"apr"},{"$i":"month-4-short","$v":"mei"},{"$i":"month-5-short","$v":"jun"},{"$i":"month-6-short","$v":"jul"},{"$i":"month-7-short","$v":"aug"},{"$i":"month-8-short","$v":"sep"},{"$i":"month-9-short","$v":"okt"},{"$i":"month-10-short","$v":"nov"},{"$i":"month-11-short","$v":"dec"},{"$i":"minutes-ago-long","$v":{"zero":"zojuist","one":"een minuut geleden","two":[{"t":"idOrVar","v":"value"}," minuten geleden"],"few":[{"t":"idOrVar","v":"value"}," minuten geleden"],"many":[{"t":"idOrVar","v":"value"}," minuten geleden"],"other":[{"t":"idOrVar","v":"value"}," minuten geleden"]},"$x":[{"t":"idOrVar","v":"plural"},"value"]},{"$i":"hours-ago-long","$v":{"zero":"zojuist","one":"een uur geleden","two":[{"t":"idOrVar","v":"value"}," uur geleden"],"few":[{"t":"idOrVar","v":"value"}," uur geleden"],"many":[{"t":"idOrVar","v":"value"}," uur geleden"],"other":[{"t":"idOrVar","v":"value"}," uur geleden"]},"$x":[{"t":"idOrVar","v":"plural"},"value"]},{"$i":"days-ago-long","$v":{"zero":"vandaag","one":"gisteren","two":[{"t":"idOrVar","v":"value"}," dagen geleden"],"few":[{"t":"idOrVar","v":"value"}," dagen geleden"],"many":[{"t":"idOrVar","v":"value"}," dagen geleden"],"other":[{"t":"idOrVar","v":"value"}," dagen geleden"]},"$x":[{"t":"idOrVar","v":"plural"},"value"]},{"$i":"weeks-ago-long","$v":{"zero":"deze week","one":"vorige week","two":[{"t":"idOrVar","v":"value"}," weken geleden"],"few":[{"t":"idOrVar","v":"value"}," weken geleden"],"many":[{"t":"idOrVar","v":"value"}," weken geleden"],"other":[{"t":"idOrVar","v":"value"}," weken geleden"]},"$x":[{"t":"idOrVar","v":"plural"},"value"]},{"$i":"months-ago-long","$v":{"zero":"deze maand","one":"vorige maand","two":[{"t":"idOrVar","v":"value"}," maanden geleden"],"few":[{"t":"idOrVar","v":"value"}," maanden geleden"],"many":[{"t":"idOrVar","v":"value"}," maanden geleden"],"other":[{"t":"idOrVar","v":"value"}," maanden geleden"]},"$x":[{"t":"idOrVar","v":"plural"},"value"]},{"$i":"years-ago-long","$v":{"zero":"dit jaar","one":"vorig jaar","two":[{"t":"idOrVar","v":"value"}," jaar geleden"],"few":[{"t":"idOrVar","v":"value"}," jaar geleden"],"many":[{"t":"idOrVar","v":"value"}," jaar geleden"],"other":[{"t":"idOrVar","v":"value"}," jaar geleden"]},"$x":[{"t":"idOrVar","v":"plural"},"value"]},{"$i":"minutes-until-long","$v":{"zero":"nu","one":"zo meteen","two":["over ",{"t":"idOrVar","v":"value"}," minuten"],"few":["over ",{"t":"idOrVar","v":"value"}," minuten"],"many":["over ",{"t":"idOrVar","v":"value"}," minuten"],"other":["over ",{"t":"idOrVar","v":"value"}," minuten"]},"$x":[{"t":"idOrVar","v":"plural"},"value"]},{"$i":"hours-until-long","$v":{"zero":"nu","one":"over een uur","two":["over ",{"t":"idOrVar","v":"value"}," uur"],"few":["over ",{"t":"idOrVar","v":"value"}," uur"],"many":["over ",{"t":"idOrVar","v":"value"}," uur"],"other":["over ",{"t":"idOrVar","v":"value"}," uur"]},"$x":[{"t":"idOrVar","v":"plural"},"value"]},{"$i":"days-until-long","$v":{"zero":"vandaag","one":"morgen","two":["over ",{"t":"idOrVar","v":"value"}," dagen"],"few":["over ",{"t":"idOrVar","v":"value"}," dagen"],"many":["over ",{"t":"idOrVar","v":"value"}," dagen"],"other":["over ",{"t":"idOrVar","v":"value"}," dagen"]},"$x":[{"t":"idOrVar","v":"plural"},"value"]},{"$i":"weeks-until-long","$v":{"zero":"deze week","one":"volgende week","two":["over ",{"t":"idOrVar","v":"value"}," weken"],"few":["over ",{"t":"idOrVar","v":"value"}," weken"],"many":["over ",{"t":"idOrVar","v":"value"}," weken"],"other":["over ",{"t":"idOrVar","v":"value"}," weken"]},"$x":[{"t":"idOrVar","v":"plural"},"value"]},{"$i":"months-until-long","$v":{"zero":"deze maand","one":"volgende maand","two":["over ",{"t":"idOrVar","v":"value"}," maanden"],"few":["over ",{"t":"idOrVar","v":"value"}," maanden"],"many":["over ",{"t":"idOrVar","v":"value"}," maanden"],"other":["over ",{"t":"idOrVar","v":"value"}," maanden"]},"$x":[{"t":"idOrVar","v":"plural"},"value"]},{"$i":"years-until-long","$v":{"zero":"dit jaar","one":"volgend jaar","two":["over ",{"t":"idOrVar","v":"value"}," jaar"],"few":["over ",{"t":"idOrVar","v":"value"}," jaar"],"many":["over ",{"t":"idOrVar","v":"value"}," jaar"],"other":["over ",{"t":"idOrVar","v":"value"}," jaar"]},"$x":[{"t":"idOrVar","v":"plural"},"value"]},{"$i":"minutes-ago-short","$v":{"zero":"zojuist","other":[{"t":"idOrVar","v":"value"},"m geleden"]},"$x":[{"t":"idOrVar","v":"plural"},"value"]},{"$i":"hours-ago-short","$v":{"zero":"zojuist","other":[{"t":"idOrVar","v":"value"},"u geleden"]},"$x":[{"t":"idOrVar","v":"plural"},"value"]},{"$i":"days-ago-short","$v":{"zero":"vandaag","other":[{"t":"idOrVar","v":"value"},"d geleden"]},"$x":[{"t":"idOrVar","v":"plural"},"value"]},{"$i":"minutes-until-short","$v":{"zero":"nu","other":["over ",{"t":"idOrVar","v":"value"},"m"]},"$x":[{"t":"idOrVar","v":"plural"},"value"]},{"$i":"hours-until-short","$v":{"zero":"nu","other":["over ",{"t":"idOrVar","v":"value"},"h"]},"$x":[{"t":"idOrVar","v":"plural"},"value"]},{"$i":"days-until-short","$v":{"zero":"vandaag","other":["over ",{"t":"idOrVar","v":"value"},"d"]},"$x":[{"t":"idOrVar","v":"plural"},"value"]},{"$i":"incorrectDate","$v":"(onjuiste datum)"},{"$i":"dateTimeFormat_%c","$v":"%a %e %b %Y %H:%M:%S"},{"$i":"dateTimeFormat_%x","$v":"%d-%m-%Y"},{"$i":"dateTimeFormat_%X","$v":"%H:%M:%S"},{"$i":"shortTimeFormat","$v":"%H:%M"},{"$i":"shortTimeFormat12","$v":"%I:%M %p"},{"$i":"shortTimeFormat24","$v":"%H:%M"},{"$i":"shortDateTimeFormat","$v":"%x %H:%M"},{"$i":"weekStartsOnMonday","$v":"1"},{"$i":"firstDayOfTheWeek","$v":"1"},{"$i":"time_am","$v":"AM"},{"$i":"time_pm","$v":"PM"},{"$i":"title-app","$v":"App-machtiging"},{"$i":"title-web","$v":"Websitemachtiging"},{"$i":"title-cam","$v":"Camera selecteren"},{"$i":"perm-alarms","$v":"Alarmen plannen"},{"$i":"perm-audio-capture","$v":"Microfoon"},{"$i":"perm-audio-capture-appRequest","$v":["Wilt u uw microfoon delen met ",{"t":"idOrVar","v":"app"},"?"]},{"$i":"perm-audio-capture-webRequest","$v":["Wilt u uw microfoon delen met ",{"t":"idOrVar","v":"site"},"?"]},{"$i":"perm-audio-channel-content","$v":"Geluiden afspelen"},{"$i":"perm-audio-channel-notification","$v":"Meldingsgeluiden afspelen"},{"$i":"perm-audio-channel-ringer","$v":"Beltoongeluiden afspelen"},{"$i":"perm-background-sensors","$v":"Sensorgegevens benaderen"},{"$i":"perm-bluetooth","$v":"Bluetooth"},{"$i":"perm-browser","$v":"Webpagina’s inspecteren"},{"$i":"perm-camera","$v":"Camera’s"},{"$i":"perm-camera-selector-appRequest","$v":["Selecteer een camera voor ",{"t":"idOrVar","v":"app"},"."]},{"$i":"perm-camera-selector-webRequest","$v":["Selecteer een camera voor ",{"t":"idOrVar","v":"site"},"."]},{"$i":"perm-cellbroadcast","$v":"Cell broadcasts"},{"$i":"perm-contacts","$v":"Contacten"},{"$i":"perm-contacts-appRequest","$v":[{"t":"idOrVar","v":"app"}," vraagt om toegang tot uw contactenlijst."]},{"$i":"perm-contacts-webRequest","$v":[{"t":"idOrVar","v":"site"}," vraagt om toegang tot uw contactenlijst."]},{"$i":"perm-desktop-notification","$v":"Meldingen"},{"$i":"perm-desktop-notification-appRequest","$v":[{"t":"idOrVar","v":"app"}," wil meldingen weergeven."]},{"$i":"perm-desktop-notification-webRequest","$v":[{"t":"idOrVar","v":"site"}," wil meldingen weergeven."]},{"$i":"perm-device-storage-apps","$v":"App-opslag"},{"$i":"perm-device-storage-music","$v":"Muziekopslag"},{"$i":"perm-device-storage-music-appRequest","$v":[{"t":"idOrVar","v":"app"}," vraagt om toegang tot uw muziek."]},{"$i":"perm-device-storage-music-webRequest","$v":[{"t":"idOrVar","v":"site"}," vraagt om toegang tot uw muziek."]},{"$i":"perm-device-storage-pictures","$v":"Afbeeldingenopslag"},{"$i":"perm-device-storage-pictures-appRequest","$v":[{"t":"idOrVar","v":"app"}," vraagt om toegang tot uw afbeeldingen."]},{"$i":"perm-device-storage-pictures-webRequest","$v":[{"t":"idOrVar","v":"site"}," vraagt om toegang tot uw afbeeldingen."]},{"$i":"perm-device-storage-sdcard","$v":"Geheugenkaartopslag"},{"$i":"perm-device-storage-sdcard-appRequest","$v":[{"t":"idOrVar","v":"app"}," vraagt om toegang tot uw geheugenkaart."]},{"$i":"perm-device-storage-sdcard-webRequest","$v":[{"t":"idOrVar","v":"site"}," vraagt om toegang tot uw geheugenkaart."]},{"$i":"perm-device-storage-videos","$v":"Video-opslag"},{"$i":"perm-device-storage-videos-appRequest","$v":[{"t":"idOrVar","v":"app"}," vraagt om toegang tot uw video’s."]},{"$i":"perm-device-storage-videos-webRequest","$v":[{"t":"idOrVar","v":"site"}," vraagt om toegang tot uw video’s."]},{"$i":"perm-embed-apps","$v":"Apps insluiten"},{"$i":"perm-fmradio","$v":"FM-radio"},{"$i":"perm-fmradio-appRequest","$v":[{"t":"idOrVar","v":"app"}," wil de FM-radio gebruiken."]},{"$i":"perm-fmradio-webRequest","$v":[{"t":"idOrVar","v":"site"}," wil de FM-radio gebruiken."]},{"$i":"perm-geolocation","$v":"Geolocatie"},{"$i":"perm-geolocation-appRequest","$v":[{"t":"idOrVar","v":"app"}," wil uw locatie weten."]},{"$i":"perm-geolocation-more-info","$v":[{"t":"idOrVar","v":"brandShortName"}," gebruikt gegevens als gps, wifi en mobiele netwerken in uw omgeving om uw geschatte locatie te helpen bepalen. Deze gegevens worden naar Mozilla en andere serviceproviders verzonden en gezamenlijk gebruikt om de locatiedatabases te verbeteren. Mogelijk worden gegevens op uw apparaat bewaard, en gegevensverzameling kan ook plaatsvinden als er geen apps actief zijn."]},{"$i":"perm-geolocation-webRequest","$v":[{"t":"idOrVar","v":"site"}," wil uw locatie weten."]},{"$i":"perm-idle","$v":"Inactief-status zien"},{"$i":"perm-indexedDB-chrome-settings","$v":"Bevoegde IndexedDB"},{"$i":"perm-indexedDB-unlimited","$v":"Onbeperkte IndexedDB-opslag"},{"$i":"perm-input-manage","$v":"Toetsenborden beheren"},{"$i":"perm-input","$v":"Gedragen als toetsenbord"},{"$i":"perm-media-capture","$v":"Camera en microfoon"},{"$i":"perm-media-capture-appRequest","$v":["Wilt u uw camera en microfoon delen met ",{"t":"idOrVar","v":"app"},"?"]},{"$i":"perm-media-capture-webRequest","$v":["Wilt u uw camera en microfoon delen met ",{"t":"idOrVar","v":"site"},"?"]},{"$i":"perm-mobileconnection","$v":"Mobiele verbinding"},{"$i":"perm-mobileid","$v":"Mobiele identiteit"},{"$i":"perm-network-events","$v":"Netwerkgebeurtenissen"},{"$i":"perm-open-remote-window","$v":"Een app starten"},{"$i":"perm-permissions","$v":"App-machtigingen aanpassen"},{"$i":"perm-power","$v":"Energie-instellingen"},{"$i":"perm-settings","$v":"Instellingen aanpassen"},{"$i":"perm-systemXHR","$v":"Cross-origin-aanvragen"},{"$i":"perm-telephony","$v":"Telefonie"},{"$i":"perm-video-capture","$v":"Camera"},{"$i":"perm-video-capture-appRequest","$v":["Wilt u uw camera delen met ",{"t":"idOrVar","v":"app"},"?"]},{"$i":"perm-video-capture-webRequest","$v":["Wilt u uw camera delen met ",{"t":"idOrVar","v":"site"},"?"]},{"$i":"perm-voicemail","$v":"Voicemail besturen"},{"$i":"perm-webapps-manage","$v":"Webapps installeren"},{"$i":"perm-wifi-manage","$v":"Wifi beheren"},{"$i":"perm-attention","$v":"Overlaypop-ups openen"},{"$i":"perm-audio-channel-alarm","$v":"Alarmgeluiden afspelen"},{"$i":"perm-audio-channel-normal","$v":"Geluiden afspelen"},{"$i":"perm-audio-channel-publicnotification","$v":"Algemene meldingsgeluiden afspelen"},{"$i":"perm-audio-channel-telephony","$v":"Telefoniegeluiden afspelen"},{"$i":"perm-backgroundservice","$v":"Gedragen als achtergrondservice"},{"$i":"perm-device-storage-crashes","$v":"Crashgegevensopslag"},{"$i":"perm-downloads","$v":"Downloads benaderen"},{"$i":"perm-embed-widgets","$v":"Widgets invoegen"},{"$i":"perm-feature-detection","$v":"Functiedetectie"},{"$i":"perm-firefox-accounts","$v":"Firefox-accounts"},{"$i":"perm-mobilenetwork","$v":"Mobiel netwerk"},{"$i":"perm-moz-attention","$v":"Overlaypop-ups openen(moz)"},{"$i":"perm-moz-audio-channel-ringer","$v":"Beltoongeluiden afspelen (moz)"},{"$i":"perm-moz-audio-channel-telephony","$v":"Telefoniegeluiden afspelen (moz)"},{"$i":"perm-moz-firefox-accounts","$v":"Firefox-accounts (moz)"},{"$i":"perm-networkstats-manage","$v":"Gebruiksstatistieken besturen"},{"$i":"perm-nfc","$v":"NFC"},{"$i":"perm-nfc-hci-events","$v":"NFC HCI-gebeurtenissen"},{"$i":"perm-nfc-manager","$v":"NFC beheren"},{"$i":"perm-phonenumberservice","$v":"Telefoonnummerservice"},{"$i":"perm-push","$v":"Push-API"},{"$i":"perm-resourcestats-manage","$v":"Resourcestatistieken"},{"$i":"perm-sms","$v":"Sms verzenden en lezen"},{"$i":"perm-speaker-control","$v":"Volume besturen"},{"$i":"perm-storage","$v":"Opslag benaderen"},{"$i":"perm-tcp-socket","$v":"TCP-sockets"},{"$i":"perm-test-permission","$v":"Testmachtiging"},{"$i":"perm-time","$v":"Datum en tijd instellen"},{"$i":"perm-udp-socket","$v":"UDP-sockets"},{"$i":"perm-wappush","$v":"WAP-push"},{"$i":"tz-region","$v":"Regio"},{"$i":"tz-city","$v":"Stad"},{"$i":"tzRegion-Africa","$v":"Afrika"},{"$i":"tzRegion-America","$v":"Amerika"},{"$i":"tzRegion-Antarctica","$v":"Antarctica"},{"$i":"tzRegion-Asia","$v":"Azië"},{"$i":"tzRegion-Atlantic","$v":"Atlantische Oceaan"},{"$i":"tzRegion-Australia","$v":"Australië"},{"$i":"tzRegion-Europe","$v":"Europa"},{"$i":"tzRegion-Indian","$v":"Indische Oceaan"},{"$i":"tzRegion-Pacific","$v":"Stille Oceaan"},{"$i":"ringtone-none","$v":"Geen"},{"$i":"ringer_bubble","$v":"Bubble"},{"$i":"ringer_chimer","$v":"Chimer"},{"$i":"ringer_cunning","$v":"Cunning"},{"$i":"ringer_dulco","$v":"Dulco"},{"$i":"ringer_firefox2","$v":[{"t":"idOrVar","v":"ringtoneBrandName"}]},{"$i":"ringer_garden","$v":"Garden"},{"$i":"ringer_marbled","$v":"Marbled"},{"$i":"ringer_opti","$v":"Opti"},{"$i":"ringer_pecko","$v":"Pecko"},{"$i":"ringer_pingy","$v":"Pingy"},{"$i":"ringer_poppop","$v":"Pop Pop"},{"$i":"ringer_sata","$v":"Sata"},{"$i":"ringer_simple","$v":"Clean"},{"$i":"ringer_standard1","$v":"Classic"},{"$i":"ringer_standard2","$v":"Classic Fast"},{"$i":"ringer_stutter","$v":"Stutter"},{"$i":"ringer_symmetry","$v":"Symmetry"},{"$i":"ringer_tailwind","$v":"Tail Wind"},{"$i":"ringer_thoughtful","$v":"Thoughtful"},{"$i":"ringer_wit","$v":"Wit"},{"$i":"ringer_zen","$v":"Zen"},{"$i":"notifier_bells","$v":"Bells"},{"$i":"notifier_bloom","$v":"Bloom"},{"$i":"notifier_chime","$v":"Chime"},{"$i":"notifier_clicka","$v":"Clicka"},{"$i":"notifier_digi","$v":"Digi"},{"$i":"notifier_dropplet","$v":"Dropplet"},{"$i":"notifier_firefox2","$v":[{"t":"idOrVar","v":"ringtoneBrandName"}]},{"$i":"notifier_hello","$v":"Hello"},{"$i":"notifier_lowmarble","$v":"Low Marble"},{"$i":"notifier_ping","$v":"Ping"},{"$i":"notifier_plickle","$v":"Plickle"},{"$i":"notifier_pocko","$v":"Pocko"},{"$i":"notifier_quado","$v":"Quado"},{"$i":"notifier_red","$v":"Red"},{"$i":"notifier_sato","$v":"Sato"},{"$i":"notifier_swipo","$v":"Swipo"},{"$i":"notifier_trickleup","$v":"Trickle Up"},{"$i":"notifier_trink","$v":"Trink"},{"$i":"notifier_verse","$v":"Verse"},{"$i":"settings","$v":"Instellingen"},{"$i":"advancedSettings","$v":"Geavanceerde instellingen"},{"$i":"default","$v":"Standaard"},{"$i":"enabled","$v":"Ingeschakeld"},{"$i":"enable","$v":"Inschakelen"},{"$i":"disabled","$v":"Uitgeschakeld"},{"$i":"error","$v":"Fout"},{"$i":"ok","$v":"OK"},{"$i":"yes","$v":"Ja"},{"$i":"no","$v":"Nee"},{"$i":"reset","$v":"Herinitialiseren"},{"$i":"cancel","$v":"Annuleren"},{"$i":"close","$v":"Sluiten"},{"$i":"back","$v":"Terug"},{"$i":"continue","$v":"Doorgaan"},{"$i":"skip","$v":"Overslaan"},{"$i":"pair","$v":"Koppelen"},{"$i":"add","$v":"Toevoegen"},{"$i":"done","$v":"Gereed"},{"$i":"set","$v":"Instellen"},{"$i":"notNow","$v":"Niet nu"},{"$i":"turnOn","$v":"Aanzetten"},{"$i":"selectASIMCard","$v":"Selecteer een simkaart"},{"$i":"sim1","$v":"Simkaart 1"},{"$i":"sim2","$v":"Simkaart 2"},{"$i":"unavailable","$v":"Niet beschikbaar"},{"$i":"confirmation","$v":"Bevestiging"},{"$i":"simSettingsWithIndex","$v":["Simkaart ",{"t":"idOrVar","v":"index"},"-instellingen"]},{"$i":"networkAndConnectivity","$v":"Netwerk & verbindingen"},{"$i":"airplaneMode","$v":"Vliegtuigmodus"},{"$i":"geolocation","$v":"Geolocatie"},{"$i":"wifi","$v":"Wifi"},{"$i":"wifi-header","$v":[{"t":"idOrVar","v":"wifi"}]},{"$i":"wifi-disabled","$v":"Zet wifi aan om beschikbare netwerken weer te geven."},{"$i":"availableNetworks","$v":"Beschikbare netwerken"},{"$i":"knownNetworks","$v":"Bekende netwerken"},{"$i":"hiddenNetworks","$v":"Verborgen netwerken"},{"$i":"scanning","$v":"Zoeken…"},{"$i":"scanNetworks","$v":"Opnieuw zoeken"},{"$i":"fullStatus-initializing","$v":"Initialiseren…"},{"$i":"fullStatus-connecting","$v":["Verbinden met ",{"t":"idOrVar","v":"ssid"},"…"]},{"$i":"fullStatus-associated","$v":"IP-adres verkrijgen…"},{"$i":"fullStatus-connected","$v":["Verbonden met ",{"t":"idOrVar","v":"ssid"}]},{"$i":"fullStatus-connectingfailed","$v":"Verbinding mislukt"},{"$i":"fullStatus-disconnected","$v":"Offline"},{"$i":"shortStatus-connecting","$v":"Verbinden…"},{"$i":"shortStatus-associated","$v":"IP-adres verkrijgen…"},{"$i":"shortStatus-connected","$v":"Verbonden"},{"$i":"shortStatus-connectingfailed","$v":"Verbinding mislukt"},{"$i":"shortStatus-disconnected","$v":"Offline"},{"$i":"wifi-sleep","$v":"Wifi-slaapstand"},{"$i":"wifi-sleep-description","$v":"Automatisch uitschakelen van wifi tijdens slaapstand om batterijstroom te besparen."},{"$i":"manageNetworks","$v":"Netwerken beheren"},{"$i":"wifi-bad-credentials-title","$v":"Verbinden met wifi mislukt"},{"$i":"wifi-bad-credentials-confirm","$v":["Kan geen verbinding maken met ",{"t":"idOrVar","v":"ssid"},", authenticatie is mislukt vanwege onjuiste aanmeldingsgegevens. Voer het netwerkwachtwoord opnieuw in."]},{"$i":"manageNetworks-header","$v":[{"t":"idOrVar","v":"manageNetworks"}]},{"$i":"manageCertificates","$v":"Certificaten beheren"},{"$i":"manageCert","$v":"Cert. beheren"},{"$i":"joinHiddenNetwork","$v":"Verborgen netwerk toevoegen"},{"$i":"securedBy","$v":["Beveiligd door ",{"t":"idOrVar","v":"capabilities"}]},{"$i":"security","$v":"Beveiliging"},{"$i":"securityNone","$v":"Geen"},{"$i":"securityOpen","$v":"Open"},{"$i":"notInRange","$v":"Buiten bereik"},{"$i":"ipAddress","$v":"IP-adres"},{"$i":"linkSpeed","$v":"Verb.snelheid"},{"$i":"linkSpeedMbs","$v":[{"t":"idOrVar","v":"linkSpeed"}," Mbit/sec"]},{"$i":"signalStrength","$v":"Signaalsterkte"},{"$i":"signalLevel0","$v":"Zeer zwak"},{"$i":"signalLevel1","$v":"Zwak"},{"$i":"signalLevel2","$v":"Gemiddeld"},{"$i":"signalLevel3","$v":"Goed"},{"$i":"signalLevel4","$v":"Zeer goed"},{"$i":"forget","$v":"Vergeten"},{"$i":"forgetNetwork-dialog","$v":"Netwerk vergeten?"},{"$i":"forgetNetwork-confirmation","$v":"Bevestiging"},{"$i":"authentication","$v":"Authenticatie"},{"$i":"authentication-header","$v":[{"t":"idOrVar","v":"authentication"}]},{"$i":"eap","$v":"EAP-methode"},{"$i":"auth-phase2","$v":"Fase 2-authenticatie"},{"$i":"server-certificate","$v":"Servercertificaat"},{"$i":"import-certificate-msg","$v":"Opmerking: als u nieuwe certificaten dient te importeren, ga dan naar “Certificaten beheren”."},{"$i":"identity","$v":"Identificatie"},{"$i":"password","$v":"Wachtwoord"},{"$i":"showPassword","$v":"Wachtwoord tonen"},{"$i":"networkNotification","$v":"Netwerkmelding"},{"$i":"networkNotification-expl","$v":"Melden wanneer een open netwerk beschikbaar is"},{"$i":"macAddress","$v":"MAC-adres"},{"$i":"deviceInfo_software","$v":[{"t":"idOrVar","v":"brandShortName"}," ",{"t":"idOrVar","v":"os"}]},{"$i":"macUnavailable","$v":"Niet beschikbaar"},{"$i":"noNetworksFound","$v":"Geen netwerken gevonden"},{"$i":"noKnownNetworks","$v":"Geen bekende netwerken"},{"$i":"edit","$v":"Bewerken"},{"$i":"certificateList","$v":"Certificaatlijst"},{"$i":"noCertificate","$v":"Geen geïmporteerd certificaat"},{"$i":"deleteCertificate","$v":"Certificaat verwijderen"},{"$i":"importCertificate","$v":"Certificaat importeren"},{"$i":"selectCertificateFile","$v":"Certificaatbestand selecteren"},{"$i":"enterCertificateNickname","$v":"Voer certificaatbijnaam in"},{"$i":"nickname","$v":"Bijnaam"},{"$i":"enter-certificate-name-msg","$v":"U kunt de bijnaam wijzigen of de standaardnaam behouden."},{"$i":"certificate-deletion-failed","$v":"Certificaat verwijderen mislukt"},{"$i":"certificate-deletion-failed-description","$v":"Dit kan bijvoorbeeld door een opslagprobleem worden veroorzaakt."},{"$i":"certificate-import-failed","$v":"Certificaat importeren mislukt"},{"$i":"certificate-import-failed-description","$v":"Dit kan bijvoorbeeld door een beschadigd certificaatbestand worden veroorzaakt."},{"$i":"wpsMessage","$v":"Verbinden met WPS"},{"$i":"wpsMessage-header","$v":[{"t":"idOrVar","v":"wpsMessage"}]},{"$i":"fullStatus-wps-inprogress","$v":"WPS wordt uitgevoerd…"},{"$i":"fullStatus-wps-canceled","$v":"WPS is geannuleerd"},{"$i":"fullStatus-wps-timedout","$v":"WPS had time-out"},{"$i":"fullStatus-wps-failed-error","$v":["WPS is mislukt [",{"t":"idOrVar","v":"error"},"]"]},{"$i":"fullStatus-wps-overlapped","$v":"Er is nog een WPS PBC-AP gevonden"},{"$i":"wpsDescription2","$v":"Automatische wifi-configuratie"},{"$i":"wpsMethodSelection","$v":"Selecteer een WPS-methode:"},{"$i":"wpsPbcLabel","$v":"Verbinden via knop"},{"$i":"wpsMyPinLabel","$v":"Verbinden via mijn pincode"},{"$i":"wpsApPinLabel","$v":"Verbinden via AP-pincode"},{"$i":"wpsPinDescription","$v":"Pincode is 4 of 8 cijfers"},{"$i":"wpsPinInput","$v":["Voer ",{"t":"idOrVar","v":"pin"}," in op een ander apparaat"]},{"$i":"wpsPinAps","$v":"Selecteer een ander apparaat"},{"$i":"wpsAnyAp","$v":"Willekeurig"},{"$i":"wpsCancelMessage","$v":"WPS annuleren"},{"$i":"wpsCancelFailedMessageError","$v":["WPS annuleren mislukt [",{"t":"idOrVar","v":"error"},"]"]},{"$i":"callSettings","$v":"Oproepinstellingen"},{"$i":"callSettings-header","$v":[{"t":"idOrVar","v":"callSettings"}]},{"$i":"callSettingsQuery","$v":"Netwerkinfo opvragen…"},{"$i":"callSettingsQueryError","$v":"Fout in query"},{"$i":"voiceMail","$v":"Voicemail"},{"$i":"voiceMail-header","$v":[{"t":"idOrVar","v":"voiceMail"}]},{"$i":"voiceMail-number","$v":"Voicemailnummer"},{"$i":"voiceMail-number-notSet","$v":"Niet ingesteld"},{"$i":"voicePrivacyMode","$v":"Voice-privacymodus"},{"$i":"callWaiting","$v":"Wisselgesprek"},{"$i":"confirmCallWaitingTitle","$v":"Kan voorkeuren voor wisselgesprek niet bevestigen"},{"$i":"confirmCallWaitingDesc","$v":"Het apparaat kan momenteel niet met de provider communiceren. Probeer de voorkeur nogmaals in te stellen."},{"$i":"callForwarding","$v":"Doorschakelen"},{"$i":"callForwarding-header","$v":[{"t":"idOrVar","v":"callForwarding"}]},{"$i":"callForwardingForward","$v":"Doorschakelen"},{"$i":"callForwardingUnconditional","$v":"Altijd"},{"$i":"callForwardingUnconditionalShort","$v":"Altijd"},{"$i":"callForwardingMobileBusy","$v":"Bij in gesprek"},{"$i":"callForwardingMobileBusyShort","$v":"Bij in gesprek"},{"$i":"callForwardingNoReply","$v":"Bij niet beantwoord"},{"$i":"callForwardingNoReplyShort","$v":"Bij niet beantwoord"},{"$i":"callForwardingNotReachable","$v":"Bij niet bereikbaar"},{"$i":"callForwardingNotReachableShort","$v":"Bij niet bereikbaar"},{"$i":"callForwardingForwardingVoiceToNumber","$v":["Spraakoproepen naar ",{"t":"idOrVar","v":"number"}]},{"$i":"callForwardingNotForwarding","$v":"Uitgeschakeld"},{"$i":"callForwardingConfirmTitle","$v":"Bevestigingsbericht bij doorschakelen"},{"$i":"cf-alwaysUseThisNumber","$v":"Altijd dit nummer gebruiken"},{"$i":"cf-numberWhenUnreachable","$v":"Nummer bij niet bereikbaar"},{"$i":"cf-numberWhenUnanswered","$v":"Nummer bij niet beantwoord"},{"$i":"cf-numberWhenBusy","$v":"Nummer bij in gesprek"},{"$i":"callForwardingInvalidNumberError","$v":"Dit telefoonnummer is ongeldig."},{"$i":"callForwardingSetSuccess","$v":"Bewerking met succes ingesteld."},{"$i":"callForwardingSetForbidden","$v":"Uw operator ondersteunt die bewerking niet."},{"$i":"callForwardingSetError","$v":"Fout in oproepinstellingen."},{"$i":"callerId","$v":"Nummerweergave"},{"$i":"callBarring","$v":"Oproep blokkeren"},{"$i":"callBarring-header","$v":[{"t":"idOrVar","v":"callBarring"}]},{"$i":"callBarring-outgoing","$v":"Uitgaande oproepen"},{"$i":"callBarring-baoc","$v":"Alle"},{"$i":"callBarring-boic","$v":"Internationaal"},{"$i":"callBarring-boicExhc","$v":"Internationaal behalve thuisland"},{"$i":"callBarring-incoming","$v":"Inkomende oproepen"},{"$i":"callBarring-baic","$v":"Alle"},{"$i":"callBarring-baicR","$v":"Alle tijdens roaming"},{"$i":"callBarring-passcode","$v":"Wachtwoordcode"},{"$i":"callBarring-change-passcode","$v":"Wachtwoordcode wijzigen"},{"$i":"callBarring-passcode-enter","$v":"Voer wachtwoordcode in"},{"$i":"callBarring-passcode-unknown","$v":"Als u uw wachtwoordcode niet weet, neem dan contact op met uw mobiele provider"},{"$i":"callBarring-current-passcode","$v":"Huidige wachtwoordcode"},{"$i":"callBarring-new-passcode","$v":"Nieuwe wachtwoordcode"},{"$i":"callBarring-create-passcode","$v":"Maak wachtwoordcode aan"},{"$i":"callBarring-confirm-passcode","$v":"Bevestig wachtwoordcode"},{"$i":"callBarring-passcode-error-generic","$v":"Wachtwoordcodefout."},{"$i":"callBarring-passcode-error-incorrect","$v":"Wachtwoordcode is onjuist."},{"$i":"callBarring-passcode-error-mismatch","$v":"Wachtwoordcode is niet gelijk."},{"$i":"callBarring-update-item-error","$v":["Fout tijdens bijwerken van het item: ",{"t":"idOrVar","v":"error"},"."]},{"$i":"callBarring-change-passcode-success","$v":"Wachtwoordcode gewijzigd."},{"$i":"callerId-default","$v":"Netwerkstandaard"},{"$i":"callerId-hide","$v":"Nummer verbergen"},{"$i":"callerId-show","$v":"Nummer tonen"},{"$i":"fdn","$v":"Beperkte gebruikersgroep"},{"$i":"fdnSettings","$v":"Beperkte gebr.groep"},{"$i":"fdnSettings-header","$v":[{"t":"idOrVar","v":"fdnSettings"}]},{"$i":"fdn-authorizedNumbers","$v":"Toegestane nummers"},{"$i":"fdn-authorizedNumbers-header","$v":[{"t":"idOrVar","v":"fdn-authorizedNumbers"}]},{"$i":"fdn-authorizedNumbers-desc","$v":"Nummers die kunnen worden gebeld"},{"$i":"fdn-explanation1","$v":"Nummers die vanaf deze telefoon kunnen worden gebeld beperken."},{"$i":"fdn-explanation2","$v":"(Alarmnummers kunnen altijd worden gekozen)"},{"$i":"fdnEnable","$v":"FDN inschakelen"},{"$i":"fdnDisable","$v":"FDN uitschakelen"},{"$i":"fdnReset","$v":"Pincode2"},{"$i":"fdnAttemptMsg3","$v":{"one":"U hebt één poging over om de juiste code in te voeren voordat de simkaart wordt vergrendeld.","two":["U hebt ",{"t":"idOrVar","v":"n"}," pogingen over om de juiste code in te voeren voordat de simkaart wordt vergrendeld."],"few":["U hebt ",{"t":"idOrVar","v":"n"}," pogingen over om de juiste code in te voeren voordat de simkaart wordt vergrendeld."],"many":["U hebt ",{"t":"idOrVar","v":"n"}," pogingen over om de juiste code in te voeren voordat de simkaart wordt vergrendeld."],"other":["U hebt ",{"t":"idOrVar","v":"n"}," pogingen over om de juiste code in te voeren voordat de simkaart wordt vergrendeld."]},"$x":[{"t":"idOrVar","v":"plural"},"n"]},{"$i":"fdnLastChanceMsg","$v":"Dit is uw laatste kans om de juiste pincode2 in te voeren. Anders moet u de pukcode2 invoeren om deze simkaart te gebruiken."},{"$i":"fdnErrorMsg","$v":"De pincode2 is onjuist."},{"$i":"fdn-enabled-warning","$v":"Doorschakelen is uitgeschakeld door FDN."},{"$i":"fdnContact-name","$v":"naam"},{"$i":"fdnContact-number","$v":"nummer"},{"$i":"fdnContact-submit","$v":"invoeren"},{"$i":"fdnAction-add","$v":"Contact toevoegen"},{"$i":"fdnAction-call","$v":"Bellen"},{"$i":"fdnAction-edit","$v":"Contact bewerken"},{"$i":"fdnAction-edit-header","$v":"Contact bewerken"},{"$i":"fdnAction-delete","$v":"Contact verwijderen"},{"$i":"fdnNoFDNFreeRecord","$v":"FDN-maximum bereikt. U kunt geen nummers meer toevoegen."},{"$i":"messagingSettings","$v":"Berichteninstellingen"},{"$i":"messagingSettings-header","$v":[{"t":"idOrVar","v":"messagingSettings"}]},{"$i":"message-confirmation","$v":"Berichtbevestiging"},{"$i":"message-delivery-reports","$v":"Afleverrapporten"},{"$i":"message-delivery-reports-details","$v":"Melding van aflevering vragen voor elk verzonden bericht"},{"$i":"message-read-reports","$v":"Leesrapporten"},{"$i":"message-read-reports-details","$v":"Leesrapport vragen voor elk verzonden bericht"},{"$i":"mmsTitle","$v":"Multimediaberichten (mms)"},{"$i":"auto-retrieve","$v":"Automatisch ophalen"},{"$i":"auto-retrieve-details","$v":"Automatisch berichten ophalen"},{"$i":"manual-retrieve","$v":"Uit"},{"$i":"auto-roaming-retrieve","$v":"Aan met roaming"},{"$i":"auto-no-roaming-retrieve","$v":"Aan zonder roaming"},{"$i":"autoConfigure","$v":"Automatisch configureren"},{"$i":"wapPushMessages","$v":"Wap-pushberichten"},{"$i":"wapPush","$v":"Wap-push"},{"$i":"cellBroadcastMessages","$v":"Cell broadcast-berichten"},{"$i":"cellBroadcast","$v":"Cell broadcast"},{"$i":"emergencyAlert","$v":"Noodwaarschuwing"},{"$i":"messagingInformation","$v":"Informatie"},{"$i":"messaging-SMSC","$v":"Servicecentrum"},{"$i":"messaging-sim-settings","$v":["Simkaart ",{"t":"idOrVar","v":"index"},"-instellingen"]},{"$i":"unknown-SMSC","$v":"Info niet beschikbaar"},{"$i":"cellularAndData","$v":"Mobiel & gegevens"},{"$i":"cellularAndData-header","$v":[{"t":"idOrVar","v":"cellularAndData"}]},{"$i":"dataNetwork","$v":"Mobiel netwerk"},{"$i":"dataConnectivity","$v":"Gegevens"},{"$i":"dataConnection","$v":"Gegevensverbinding"},{"$i":"dataRoaming","$v":"Gegevensroaming"},{"$i":"networkOperator","$v":"Netwerkoperator"},{"$i":"networkOperator-header","$v":[{"t":"idOrVar","v":"networkOperator"}]},{"$i":"availableOperators","$v":"Netwerkoperators in de omgeving"},{"$i":"preferredNetworkTypeAlertTitle","$v":"Voorkeursnetwerktype"},{"$i":"preferredNetworkTypeAlertErrorMessage","$v":"Netwerktype kon niet worden ingesteld"},{"$i":"operator-networkType","$v":"Netwerktype"},{"$i":"operator-networkType-auto","$v":"Automatisch"},{"$i":"operator-networkType-prefer3G","$v":"Bij voorkeur 3G"},{"$i":"operator-networkType-2G","$v":"Alleen 2G"},{"$i":"operator-networkType-3G","$v":"Alleen 3G"},{"$i":"operator-networkType-GSM","$v":"GSM"},{"$i":"operator-networkType-WCDMA","$v":"WCDMA"},{"$i":"operator-networkType-CDMA","$v":"CDMA"},{"$i":"operator-networkType-EVDO","$v":"EVDO"},{"$i":"operator-networkType-LTE","$v":"LTE"},{"$i":"operator-networkType-preferWCDMA","$v":"Bij voorkeur WCDMA"},{"$i":"operator-networkType-auto-2G-3G","$v":"Auto (2G/3G)"},{"$i":"operator-networkType-auto-CDMA-EVDO","$v":"Auto (CDMA/EVDO)"},{"$i":"operator-networkType-auto-WCDMA-GSM","$v":"Auto (WCDMA/GSM)"},{"$i":"operator-networkType-auto-LTE-WCDMA-GSM","$v":"Auto (LTE/WCDMA/GSM)"},{"$i":"operator-networkType-auto-LTE-CDMA-EVDO","$v":"Auto (LTE/CDMA/EVDO)"},{"$i":"operator-networkType-auto-WCDMA-GSM-CDMA-EVDO","$v":"Auto (WCDMA/GSM/CDMA/EVDO)"},{"$i":"operator-autoSelect","$v":"Automatische selectie"},{"$i":"operator-networkSelect-auto","$v":"Automatisch"},{"$i":"operator-networkSelect-manual","$v":"Handmatig"},{"$i":"operator-turnAutoSelectOff","$v":"Zet automatische selectie uit om beschikbare netwerkoperators weer te geven."},{"$i":"operator-status-connecting","$v":"Verbinden…"},{"$i":"operator-status-connectingfailed","$v":"Verbinding mislukt"},{"$i":"operator-status-connected","$v":"Verbonden"},{"$i":"operator-roamingPreference","$v":"Roamingvoorkeur"},{"$i":"operator-roamingPreference-home","$v":"Thuis"},{"$i":"operator-roamingPreference-any","$v":"Willekeurig"},{"$i":"operator-roamingPreference-affiliated","$v":"Aangesloten"},{"$i":"apn","$v":"APN"},{"$i":"apnSettings","$v":"APN-instellingen"},{"$i":"apnSettings-header","$v":[{"t":"idOrVar","v":"apnSettings"}]},{"$i":"dataSettings","$v":"Gegevensinstellingen"},{"$i":"dataSettings-header","$v":"Gegevens"},{"$i":"suplSettings","$v":"A-GPS-instellingen"},{"$i":"suplSettings-header","$v":[{"t":"idOrVar","v":"suplSettings"}]},{"$i":"messageSettings","$v":"Berichtinstellingen"},{"$i":"messageSettings-header","$v":[{"t":"idOrVar","v":"messageSettings"}]},{"$i":"dunSettings","$v":"Tethering-instellingen"},{"$i":"dunSettings-header","$v":[{"t":"idOrVar","v":"dunSettings"}]},{"$i":"imsSettings","$v":"IMS-instellingen"},{"$i":"imsSettings-header2","$v":[{"t":"idOrVar","v":"imsSettings"}]},{"$i":"apn-editor-header","$v":"APN-editor"},{"$i":"mmsport","$v":"Mms-poort"},{"$i":"mmsproxy","$v":"Mms-proxy"},{"$i":"mmsc","$v":"MMSC"},{"$i":"httpProxyHost","$v":"HTTP-proxyhost"},{"$i":"httpProxyPort","$v":"HTTP-proxypoort"},{"$i":"custom","$v":"(eigen instellingen)"},{"$i":"apn-authType","$v":"Authenticatie"},{"$i":"apn-authType-notDefined","$v":"Niet gedefinieerd"},{"$i":"apn-authType-none","$v":"Geen"},{"$i":"apn-authType-pap","$v":"PAP"},{"$i":"apn-authType-chap","$v":"CHAP"},{"$i":"apn-authType-papOrChap","$v":"PAP of CHAP"},{"$i":"apn-protocol","$v":"Protocol"},{"$i":"apn-roaming-protocol","$v":"Roamingprotocol"},{"$i":"apn-protocol-notDefined","$v":"Niet gedefinieerd"},{"$i":"apn-protocol-ip","$v":"IPv4"},{"$i":"apn-protocol-ipv6","$v":"IPv6"},{"$i":"apn-protocol-ipv4v6","$v":"IPv4/IPv6"},{"$i":"apn-type","$v":"APN-type"},{"$i":"dataConnection-warning-head","$v":"Gegevensverbinding aanzetten?"},{"$i":"dataConnection-warning-message","$v":"Applicaties zullen wanneer nodig automatisch gegevens ophalen via de gegevensverbinding. Er kunnen extra kosten in rekening worden gebracht."},{"$i":"dataRoaming-warning-head","$v":"Gegevensroaming aanzetten?"},{"$i":"dataRoaming-warning-message","$v":"Afhankelijk van uw serviceovereenkomst kunnen extra kosten voor gegevens in rekening worden gebracht wanneer u zich in een roaminggebied bevindt."},{"$i":"change-apn-warning-message1","$v":"Afhankelijk van uw serviceovereenkomst kan het wijzigen van uw APN-instelling resulteren in extra kosten bij roamen. Wilt u doorgaan?"},{"$i":"reset-apn-warning-title","$v":"Standaardwaarden"},{"$i":"reset-apn-warning-message","$v":"Dit zet de instellingen terug naar standaardwaarden. Dit kan niet ongedaan worden gemaakt."},{"$i":"state-unknown","$v":"Onbekende status"},{"$i":"state-available","$v":"Beschikbaar"},{"$i":"state-connected","$v":"Verbonden"},{"$i":"state-current","$v":"Verbonden"},{"$i":"state-forbidden","$v":"Niet toegestaan"},{"$i":"delete-apn-confirm","$v":"Deze APN verwijderen?"},{"$i":"delete-apn","$v":"Verwijderen"},{"$i":"add-apn","$v":"Nieuwe APN toevoegen"},{"$i":"reset-apn","$v":"Sandaardwaarden"},{"$i":"apnSettings-reset","$v":"APN-instellingen terugzetten"},{"$i":"bluetooth","$v":"Bluetooth"},{"$i":"bluetooth-header","$v":[{"t":"idOrVar","v":"bluetooth"}]},{"$i":"bluetooth-enable-msg","$v":"Zet Bluetooth aan om apparaten in de omgeving weer te geven."},{"$i":"bluetooth-paired-devices","$v":"Gekoppelde apparaten"},{"$i":"bluetooth-devices-in-area","$v":"Apparaten in de omgeving"},{"$i":"bluetooth-visible-to-all","$v":"Zichtbaar voor anderen"},{"$i":"bluetooth-name-maxlength-alert","$v":["Uw apparaatnaam overschrijdt ",{"t":"idOrVar","v":"length"}," tekens. Probeer het opnieuw."]},{"$i":"bluetooth-address","$v":"Bluetooth-adres"},{"$i":"bluetooth-address-unavailable","$v":"Niet beschikbaar"},{"$i":"bt-status-nopaired","$v":"Geen gekoppelde apparaten"},{"$i":"bt-status-turnoff","$v":"Uitgeschakeld"},{"$i":"bt-status-paired","$v":{"zero":[{"t":"idOrVar","v":"name"}],"one":[{"t":"idOrVar","v":"name"},", +",{"t":"idOrVar","v":"n"}," meer"],"two":[{"t":"idOrVar","v":"name"},", +",{"t":"idOrVar","v":"n"}," meer"],"few":[{"t":"idOrVar","v":"name"},", +",{"t":"idOrVar","v":"n"}," meer"],"many":[{"t":"idOrVar","v":"name"},", +",{"t":"idOrVar","v":"n"}," meer"],"other":[{"t":"idOrVar","v":"name"},", +",{"t":"idOrVar","v":"n"}," meer"]},"$x":[{"t":"idOrVar","v":"plural"},"n"]},{"$i":"device-status-tap-connect","$v":"Tik om verbinding te maken"},{"$i":"device-status-pairing","$v":"Koppelen met apparaat…"},{"$i":"device-status-waiting","$v":"Wachten op andere apparaat…"},{"$i":"device-status-paired","$v":"Gekoppeld"},{"$i":"device-status-connecting","$v":"Verbinden…"},{"$i":"device-status-connected","$v":"Verbonden"},{"$i":"device-status-connected-media","$v":"Verbonden met media-audio"},{"$i":"device-option-unpair","$v":"Ontkoppelen"},{"$i":"device-option-confirm","$v":"Bevestigen"},{"$i":"device-option-unpair-confirmation","$v":"Bevestiging"},{"$i":"device-option-unpair-device","$v":"Apparaat ontkoppelen?"},{"$i":"device-option-connect","$v":"Verbinding maken"},{"$i":"device-option-disconnect","$v":"Verbinding verbreken"},{"$i":"search-for-device","$v":"Zoeken naar apparaten…"},{"$i":"search-device","$v":"Zoeken naar apparaten"},{"$i":"rename-device","$v":"Mijn apparaat hernoemen"},{"$i":"unnamed-device","$v":"Onbekend apparaat"},{"$i":"change-phone-name-desc","$v":"De naam van uw apparaat zoals het in uw computer verschijnt wijzigen"},{"$i":"bluetooth-new-name","$v":"Nieuwe naam"},{"$i":"error-pair-title","$v":"Kan apparaten niet koppelen"},{"$i":"error-pair-pincode","$v":"Kan geen koppeling met het apparaat maken. Controleer of de pincode juist is."},{"$i":"error-pair-toofast","$v":"Kan geen koppeling met het apparaat maken. Te veel verzoeken."},{"$i":"error-connect-title","$v":"Kan apparaten niet verbinden"},{"$i":"error-connect-msg","$v":"Controleer of het apparaat waarmee u probeert te verbinden nog binnen bereik is en Bluetooth heeft ingeschakeld."},{"$i":"unpair-title","$v":"Een verbonden apparaat ontkoppelen?"},{"$i":"unpair-msg","$v":"U bent momenteel met dit apparaat verbonden. Ontkoppelen zal ook de verbinding ermee verbreken."},{"$i":"nfc","$v":"NFC"},{"$i":"SSIDCannotBeEmpty","$v":"Het SSID kan niet leeg zijn"},{"$i":"internetSharing","$v":"Internet delen"},{"$i":"internetSharing-header","$v":[{"t":"idOrVar","v":"internetSharing"}]},{"$i":"internetSharing-usb","$v":"USB"},{"$i":"internetSharing-wifi","$v":"Wifi"},{"$i":"wifi-hotspot","$v":"Wifi-hotspot"},{"$i":"wifi-name","$v":"Naam"},{"$i":"wifi-password","$v":"Wachtwoord"},{"$i":"wifi-security","$v":"Beveiliging"},{"$i":"usb-tethering","$v":"USB-tethering"},{"$i":"hotspotSettings","$v":"Hotspot-instellingen"},{"$i":"wifi-auth-username","$v":"Gebruikersnaam"},{"$i":"wifi-auth-password","$v":"Wachtwoord"},{"$i":"wifi-join-username","$v":"Gebruikersnaam"},{"$i":"wifi-join-password","$v":"Wachtwoord"},{"$i":"hotspotSettings-header","$v":[{"t":"idOrVar","v":"hotspotSettings"}]},{"$i":"ssid-name","$v":"SSID-netwerknaam"},{"$i":"hotspot-open","$v":"open"},{"$i":"hotspot-wpa-psk","innerHTML":"WPA (TKIP)"},{"$i":"hotspot-wpa2-psk","innerHTML":"WPA2 (AES)"},{"$i":"hotspot-password-desc","$v":"Het wachtwoord moet minstens 8 tekens bevatten."},{"$i":"personalization","$v":"Persoonlijke instellingen"},{"$i":"sound","$v":"Geluid"},{"$i":"sound-header","$v":[{"t":"idOrVar","v":"sound"}]},{"$i":"volume","$v":"Volume"},{"$i":"tones","$v":"Tonen"},{"$i":"touch-tones","$v":"Hoorbaar toonkiezen"},{"$i":"touch-tone-short","$v":"Kort"},{"$i":"touch-tone-long","$v":"Lang"},{"$i":"select-tone","$v":"Toon selecteren"},{"$i":"ringtones","$v":"Beltonen"},{"$i":"alerts","$v":"Meldingen"},{"$i":"manage-tones","$v":"Tonen beheren"},{"$i":"other-sounds","$v":"Andere geluiden"},{"$i":"unlock-screen","$v":"Scherm ontgrendelen"},{"$i":"camera","$v":"Camera"},{"$i":"sent-message","$v":"Verzonden bericht"},{"$i":"alarm-sound","$v":"Alarm"},{"$i":"ringtone-and-notification-sound","$v":"Beltonen & meldingen"},{"$i":"media-sound","$v":"Media"},{"$i":"saving-tone","$v":"Opslaan…"},{"$i":"no-ringtone-app","$v":"Er is geen beltoon-app voor het beheren van beltonen gevonden!"},{"$i":"display","$v":"Beeldscherm"},{"$i":"display-header","$v":[{"t":"idOrVar","v":"display"}]},{"$i":"brightness","$v":"Helderheid"},{"$i":"brightness-autoAdjust","$v":"Automatisch aanpassen"},{"$i":"lockScreen","$v":"Scherm vergrendelen"},{"$i":"wallpaper","$v":"Achtergrond"},{"$i":"screen-timeout","$v":"Time-out van scherm"},{"$i":"one-minute","$v":"1 minuut"},{"$i":"two-minutes","$v":"2 minuten"},{"$i":"five-minutes","$v":"5 minuten"},{"$i":"ten-minutes","$v":"10 minuten"},{"$i":"never","$v":"nooit"},{"$i":"lock-orientation","$v":"Oriëntatie vergrendelen"},{"$i":"navigation","$v":"Navigatie"},{"$i":"navigation-header","$v":[{"t":"idOrVar","v":"navigation"}]},{"$i":"edge-swipe-navigation","$v":"Randnavigatie"},{"$i":"edge-swipe-navigation-enable-msg","$v":"Sleep vanaf de linker- of rechterrand van het scherm om tussen apps te wisselen."},{"$i":"notifications","$v":"Meldingen"},{"$i":"notifications-header","$v":[{"t":"idOrVar","v":"notifications"}]},{"$i":"lockscreen-notifications","$v":"Op vergrendelscherm"},{"$i":"notifications-resend","$v":"Tonen na herstarten"},{"$i":"dateAndTime","$v":"Datum & tijd"},{"$i":"dateAndTime-header","$v":[{"t":"idOrVar","v":"dateAndTime"}]},{"$i":"setTimeAutomatically","$v":"Automatisch instellen"},{"$i":"setTimeManually","$v":"Handmatig instellen"},{"$i":"timezoneMessage","$v":"Tijdzone"},{"$i":"dateMessage","$v":"Datum"},{"$i":"timeMessage","$v":"Tijd"},{"$i":"selectTimezoneContinent","$v":"Continent selecteren"},{"$i":"selectTimezone","$v":"Tijdzone selecteren"},{"$i":"time-format","$v":"Notatie"},{"$i":"time-format-time","$v":"Tijdnotatie"},{"$i":"hour-12","$v":"12-uurs"},{"$i":"hour-24","$v":"24-uurs"},{"$i":"languageAndRegion","$v":"Taal & regio"},{"$i":"language","$v":"Taal"},{"$i":"language-header","$v":[{"t":"idOrVar","v":"language"}]},{"$i":"region","$v":"Regio"},{"$i":"more-languages","$v":"Meer talen verkrijgen"},{"$i":"sample-format","$v":"Opmaakvoorbeeld"},{"$i":"longDateFormat","$v":"%A %d %B %Y"},{"$i":"simManager","$v":"Simkaartbeheerder"},{"$i":"simManager-header","$v":[{"t":"idOrVar","v":"simManager"}]},{"$i":"simSettings","$v":"Simkaartinstellingen"},{"$i":"sim-manager-outgoing-calls","$v":"Uitgaande oproepen"},{"$i":"sim-manager-outgoing-call-desc","$v":"Oproepen worden gemaakt vanaf"},{"$i":"sim-manager-outgoing-messages","$v":"Uitgaande berichten"},{"$i":"sim-manager-outgoing-messages-desc","$v":"Sms-berichten worden verzonden vanaf"},{"$i":"sim-manager-outgoing-data","$v":"Gegevens"},{"$i":"sim-manager-outgoing-data-description","$v":"Gegevensservicenetwerk en Marketplace-betalingen"},{"$i":"sim-manager-always-ask","$v":"Altijd vragen"},{"$i":"sim-pin-locked","$v":"Simpincode vergrendeld"},{"$i":"no-operator","$v":"Geen operator"},{"$i":"cant-disable-simcard-alert","$v":"Er moet minstens één simkaart geactiveerd zijn"},{"$i":"disable-simcard-confirm","$v":["Simkaart ",{"t":"idOrVar","v":"disableCardIndex"}," kan geen oproepen en berichten ontvangen. Uitgaande oproepen en uitgaande berichten die voor simkaart ",{"t":"idOrVar","v":"disableCardIndex"}," zijn ingesteld worden uitgeschakeld."]},{"$i":"change-outgoing-data-confirm","$v":"De huidige gegevensoverdracht wordt onderbroken. Toch doorgaan?"},{"$i":"homescreen","$v":"Startscherm"},{"$i":"vertical-homescreen-header","$v":"Startscherm"},{"$i":"vertical-homescreen-layout","$v":"Indeling"},{"$i":"vertical-homescreen-icon-layout","$v":"Pictogramindeling"},{"$i":"vertical-homescreen-three-columns","$v":"Drie kolommen"},{"$i":"vertical-homescreen-four-columns","$v":"Vier kolommen"},{"$i":"notice","$v":"Opmerking"},{"$i":"search","$v":"Zoeken"},{"$i":"search-header","$v":"Zoeken"},{"$i":"search-engine","$v":"Zoekmachine"},{"$i":"search-suggestions","$v":"Zoeksuggesties"},{"$i":"search-suggestions-description","$v":"De tekens die u typt bij het invoeren van een zoekopdracht worden naar meerdere zoekproviders verzonden en gebruikt om u zoeksuggesties toe te sturen. Bij het gebruik van deze functie kunnen extra kosten voor gegevens van toepassing zijn."},{"$i":"homescreens","$v":"Startschermen"},{"$i":"homescreens-header","$v":[{"t":"idOrVar","v":"homescreens"}]},{"$i":"changeHomescreen","$v":"Startscherm wijzigen"},{"$i":"changeHomescreenButton","$v":"Wijzigen"},{"$i":"description","$v":"Beschrijving"},{"$i":"keyboardSettings","$v":"Toetsenbordinstellingen"},{"$i":"selectedKeyboards","$v":"Geselecteerde toetsenborden"},{"$i":"keyboards","$v":"Toetsenborden"},{"$i":"keyboards-header","$v":[{"t":"idOrVar","v":"keyboards"}]},{"$i":"numberKeyboardLayouts","$v":"Nummerindelingen"},{"$i":"optionKeyboardLayouts","$v":"Optie-indelingen"},{"$i":"keypad","$v":"Toetsenblok"},{"$i":"dialpad","$v":"Kiestoetsen"},{"$i":"selectKeyboards","$v":"Toetsenborden selecteren"},{"$i":"selectKeyboards-header","$v":[{"t":"idOrVar","v":"selectKeyboards"}]},{"$i":"mustHaveOneKeyboard","$v":["Er moet minstens één ",{"t":"idOrVar","v":"type"}," toetsenbord worden geselecteerd"]},{"$i":"keyboardType-text","$v":"tekst"},{"$i":"keyboardType-url","$v":"url"},{"$i":"keyboardType-number","$v":"numeriek"},{"$i":"defaultKeyboardEnabled","$v":[{"t":"idOrVar","v":"appName"}," ",{"t":"idOrVar","v":"layoutName"}," is als standaard invoermethode ingesteld"]},{"$i":"themes","$v":"Thema’s"},{"$i":"themes-header","$v":[{"t":"idOrVar","v":"themes"}]},{"$i":"fxa","$v":"Firefox-accounts"},{"$i":"accounts","$v":"Accountbeheer"},{"$i":"fxa-accounts","$v":"Firefox-accounts"},{"$i":"fxa-accounts-header","$v":[{"t":"idOrVar","v":"fxa-accounts"}]},{"$i":"fxa-overview","$v":"Met uw Firefox-account kunt u functies als Find My Device en apps als de Firefox Marketplace gebruiken."},{"$i":"fxa-invitation","$v":"Account aanmaken of aanmelden"},{"$i":"fxa-confirm-account","$v":"Uw account bevestigen"},{"$i":"fxa-verification-email-sent-msg","$v":["Er wordt een e-mailbericht verzonden naar ",{"t":"idOrVar","v":"email"}]},{"$i":"fxa-please-verify","$v":"Klik op de verificatiekoppeling in uw e-mailbericht om uw account te bevestigen."},{"$i":"fxa-cancel-confirmation","$v":"Accountbevestiging annuleren"},{"$i":"fxa-resend-alert","$v":["Er is een verificatiekoppeling verzonden naar ",{"t":"idOrVar","v":"email"},"."]},{"$i":"fxa-dont-see-email","$v":["Ziet u geen e-mailbericht? ",{"t":"idOrVar","v":"resend"},"."]},{"$i":"fxa-resend","$v":"Opnieuw verzenden"},{"$i":"fxa-about","$v":"Over"},{"$i":"fxa-logged-in-text","$v":["Aangemeld als ",{"t":"idOrVar","v":"email"}]},{"$i":"fxa-signed-in-header","$v":"Aangemeld"},{"$i":"fxa-marketplace-app","$v":"Marketplace"},{"$i":"fxa-find-my-device-app","$v":"Find My Device"},{"$i":"fxa-options","$v":"Opties"},{"$i":"fxa-sign-out","$v":"Afmelden"},{"$i":"fxa-confirm-email","$v":["Bevestig ",{"t":"idOrVar","v":"email"}]},{"$i":"findmydevice","$v":"Find My Device"},{"$i":"findmydevice-create-account","$v":"Account aanmaken of aanmelden"},{"$i":"findmydevice-enable","$v":"Find My Device inschakelen"},{"$i":"findmydevice-about","$v":"Over Find My Device"},{"$i":"findmydevice-enable-geolocation-prompt","$v":"Geolocatie inschakelen?"},{"$i":"findmydevice-enable-geolocation-description","$v":"Om de locatie van uw apparaat weer te geven moet u geolocatietracering inschakelen."},{"$i":"findmydevice-geolocation-enabled","$v":"Geolocatie ingeschakeld"},{"$i":"findmydevice-enable-network","$v":"Dit apparaat is momenteel offline. Maak verbinding met een netwerk en probeer het opnieuw."},{"$i":"findmydevice-error","$v":"Er is een Find My Device-fout opgetreden."},{"$i":"findmydevice-please-try","$v":"Probeer het opnieuw."},{"$i":"findmydevice-please-tap","$v":"Tik om opnieuw te proberen."},{"$i":"privacyAndSecurity","$v":"Privacy & beveiliging"},{"$i":"passcode-lock","$v":"Codevergrendeling"},{"$i":"passcode-lock-desc","$v":["Wachtwoordcode: ",{"t":"idOrVar","v":"code"}]},{"$i":"screenLock","$v":"Schermvergrendeling"},{"$i":"screenLock-header","$v":[{"t":"idOrVar","v":"screenLock"}]},{"$i":"simSecurity","$v":"Simbeveiliging"},{"$i":"simSecurity-header","$v":[{"t":"idOrVar","v":"simSecurity"}]},{"$i":"appPermissions","$v":"App-machtigingen"},{"$i":"appPermissions-header","$v":[{"t":"idOrVar","v":"appPermissions"}]},{"$i":"author","$v":"Auteur"},{"$i":"permissions","$v":"Machtigingen"},{"$i":"revoke","$v":"Intrekken"},{"$i":"ask","$v":"Vragen"},{"$i":"deny","$v":"Weigeren"},{"$i":"allow","$v":"Verlenen"},{"$i":"uninstallApp","$v":"App de-installeren"},{"$i":"phone","$v":"Telefoon"},{"$i":"messages","$v":"Berichten"},{"$i":"vibrate","$v":"Trillen"},{"$i":"ring","$v":"Bellen"},{"$i":"change","$v":"Wijzigen"},{"$i":"create","$v":"Aanmaken"},{"$i":"create-a-passcode","$v":"Maak wachtwoordcode aan"},{"$i":"passcode","$v":"Wachtwoordcode"},{"$i":"passcode-heading","$v":"Nieuwe code"},{"$i":"enter-passcode","$v":"Voer wachtwoordcode in"},{"$i":"new-passcode","$v":"Nieuwe code"},{"$i":"current-passcode","$v":"Huidige code"},{"$i":"incorrect-passcode","$v":"Wachtwoordcode is onjuist."},{"$i":"passcode-doesnt-match","$v":"Wachtwoordcode komt niet overeen. Probeer het nogmaals."},{"$i":"confirm-passcode","$v":"Bevestig wachtwoordcode"},{"$i":"immediately","$v":"Onmiddellijk"},{"$i":"after-one-minute","$v":"Na 1 minuut"},{"$i":"after-five-minutes","$v":"Na 5 minuten"},{"$i":"after-fifteen-minutes","$v":"Na 15 minuten"},{"$i":"after-thirty-minutes","$v":"Na 30 minuten"},{"$i":"after-one-hour","$v":"Na 1 uur"},{"$i":"require-passcode","$v":"Wachtwoordcode vereisen"},{"$i":"change-passcode","$v":"Wachtwoordcode wijzigen"},{"$i":"noSimCard","$v":"Geen simkaart"},{"$i":"simPin","$v":"Simpincode"},{"$i":"simPin2","$v":"Simpincode2"},{"$i":"simPinWithIndex","$v":["Pincode simkaart ",{"t":"idOrVar","v":"index"}]},{"$i":"pukCode","$v":"Pukcode"},{"$i":"puk2Code","$v":"Pukcode2"},{"$i":"whatIsSimPin","$v":"Wat is een simpincode?"},{"$i":"simPinIntro1","$v":"Een simpincode voorkomt toegang tot de simkaart van mobielegegevensnetwerken. Als deze is ingeschakeld, zullen apparaten die de simkaart bevatten bij het herstarten om de pincode vragen."},{"$i":"simPinIntro2","$v":"Een simpincode is niet hetzelfde als de wachtwoordcode die voor het ontgrendelen van het apparaat wordt gebruikt."},{"$i":"changeSimPin","$v":"Pincode wijzigen"},{"$i":"simPinChangedSuccessfully","$v":"Simpincode met succes gewijzigd"},{"$i":"simPinChangedSuccessfullyWithIndex","$v":["Pincode simkaart ",{"t":"idOrVar","v":"index"}," met succes gewijzigd"]},{"$i":"pinTitle","$v":"Voer pincode in"},{"$i":"pin2Title","$v":"Voer pincode2 in"},{"$i":"pukTitle","$v":"Voer pukcode in"},{"$i":"puk2Title","$v":"Voer pukcode2 in"},{"$i":"newpinTitle","$v":"Nieuwe pincode"},{"$i":"inputCodeRetriesLeft","$v":{"one":"Laatste poging.","two":[{"t":"idOrVar","v":"n"}," pogingen over."],"few":[{"t":"idOrVar","v":"n"}," pogingen over."],"many":[{"t":"idOrVar","v":"n"}," pogingen over."],"other":[{"t":"idOrVar","v":"n"}," pogingen over."]},"$x":[{"t":"idOrVar","v":"plural"},"n"]},{"$i":"pinAttemptMsg3","$v":{"one":"U hebt één poging over om de juiste code in te voeren voordat de simkaart wordt vergrendeld.","two":["U hebt ",{"t":"idOrVar","v":"n"}," pogingen over om de juiste code in te voeren voordat de simkaart wordt vergrendeld."],"few":["U hebt ",{"t":"idOrVar","v":"n"}," pogingen over om de juiste code in te voeren voordat de simkaart wordt vergrendeld."],"many":["U hebt ",{"t":"idOrVar","v":"n"}," pogingen over om de juiste code in te voeren voordat de simkaart wordt vergrendeld."],"other":["U hebt ",{"t":"idOrVar","v":"n"}," pogingen over om de juiste code in te voeren voordat de simkaart wordt vergrendeld."]},"$x":[{"t":"idOrVar","v":"plural"},"n"]},{"$i":"pinLastChanceMsg","$v":"Dit is uw laatste kans om de juiste pincode in te voeren. Anders moet u de pukcode invoeren om deze simkaart te gebruiken."},{"$i":"simCardLockedMsg","$v":"De simkaart is vergrendeld."},{"$i":"simCardBlockedMsg","$v":"De simkaart is geblokkeerd."},{"$i":"enterPukMsg","$v":"U moet de persoonlijke deblokkeringscode (pukcode) voor de simkaart invoeren. Kijk in de documentatie van uw simkaart of neem contact op met uw mobiele provider voor meer informatie."},{"$i":"enterPuk2Msg","$v":"U moet de persoonlijke deblokkeringscode (pukcode2) voor de simkaart invoeren. Kijk in de documentatie van uw simkaart of neem contact op met uw mobiele provider voor meer informatie."},{"$i":"pukErrorMsg","$v":"De pukcode is onjuist."},{"$i":"pukAttemptMsg3","$v":{"one":"U hebt één poging over om de juiste code in te voeren voordat deze simkaart blijvend onbruikbaar wordt. Kijk in de documentatie van uw simkaart of neem contact op met uw mobiele provider voor meer informatie.","two":["U hebt ",{"t":"idOrVar","v":"n"}," pogingen over om de juiste code in te voeren voordat deze simkaart blijvend onbruikbaar wordt. Kijk in de documentatie van uw simkaart of neem contact op met uw mobiele provider voor meer informatie."],"few":["U hebt ",{"t":"idOrVar","v":"n"}," pogingen over om de juiste code in te voeren voordat deze simkaart blijvend onbruikbaar wordt. Kijk in de documentatie van uw simkaart of neem contact op met uw mobiele provider voor meer informatie."],"many":["U hebt ",{"t":"idOrVar","v":"n"}," pogingen over om de juiste code in te voeren voordat deze simkaart blijvend onbruikbaar wordt. Kijk in de documentatie van uw simkaart of neem contact op met uw mobiele provider voor meer informatie."],"other":["U hebt ",{"t":"idOrVar","v":"n"}," pogingen over om de juiste code in te voeren voordat deze simkaart blijvend onbruikbaar wordt. Kijk in de documentatie van uw simkaart of neem contact op met uw mobiele provider voor meer informatie."]},"$x":[{"t":"idOrVar","v":"plural"},"n"]},{"$i":"pukLastChanceMsg","$v":"Laatste kans om de juiste pukcode in te voeren. Uw simkaart zal blijvend onbruikbaar worden als u de verkeerde pukcode invoert. Kijk in de documentatie van uw simkaart of neem contact op met uw mobiele provider voor meer informatie."},{"$i":"newSimPinMsg","$v":"Creëer pincode (moet 4 tot 8 cijfers bevatten)"},{"$i":"newSimPin2Msg","$v":"Creëer pincode2 (moet 4 tot 8 cijfers bevatten)"},{"$i":"confirmNewSimPinMsg","$v":"Bevestig nieuwe pincode"},{"$i":"confirmNewSimPin2Msg","$v":"Bevestig nieuwe pincode2"},{"$i":"newPinErrorMsg","$v":"Pincodes komen niet overeen."},{"$i":"simLockedPhone","$v":"Sim-vergrendelde telefoon"},{"$i":"unknownSimCardState","$v":"Onbekende simkaartstatus"},{"$i":"simCardNotReady","$v":"Simkaart niet gereed"},{"$i":"simCardIllegal","$v":"Ongeautoriseerde simkaart"},{"$i":"doNotTrack","$v":"Niet volgen"},{"$i":"doNotTrack-header","$v":[{"t":"idOrVar","v":"doNotTrack"}]},{"$i":"doNotTrackActions","$v":"Websites en apps laten weten dat ik niet gevolgd wil worden"},{"$i":"allowTracking","$v":"Websites en apps laten weten dat ik gevolgd wil worden"},{"$i":"doNotHavePrefOnTracking","$v":"Websites en apps niets vertellen over mijn volginstellingen"},{"$i":"doNotTrack-dt","$v":"Hoe werkt Niet volgen?"},{"$i":"doNotTrack-dd1","$v":"Als u Niet volgen aanzet, vertelt uw apparaat aan alle websites en apps (evenals adverteerders en andere inhoudsproviders) dat u uw gedrag niet wilt laten volgen."},{"$i":"doNotTrack-dd2","$v":"Het aanzetten van Niet volgen is niet van invloed op het kunnen aanmelden bij websites. Ook vergeet uw apparaat uw privégegevens niet, zoals de inhoud van winkelwagentjes, locatiegegevens of aanmeldingsgegevens."},{"$i":"browsingPrivacy","$v":"Browserprivacy"},{"$i":"browsingPrivacy-header","$v":[{"t":"idOrVar","v":"browsingPrivacy"}]},{"$i":"confirm-clear-title","$v":"Bevestiging"},{"$i":"clear-browsing-history","$v":"Navigatiegeschiedenis wissen"},{"$i":"confirm-clear-browsing-history","$v":"Navigatiegeschiedenis wissen?"},{"$i":"clear-cookies-and-stored-data","$v":"Cookies en opgeslagen gegevens wissen"},{"$i":"confirm-clear-cookies-and-stored-data","$v":"Cookies en andere door websites op dit apparaat opgeslagen gegevens wissen?"},{"$i":"clear","$v":"Wissen"},{"$i":"privacy-controls","$v":"Privacybeheer"},{"$i":"no-privacy-panel","$v":"Geen privacypaneel-app gevonden"},{"$i":"storage","$v":"Opslag"},{"$i":"enableUSBStorage1","$v":"USB-opslag"},{"$i":"umsUnplugToDisable","$v":"Ontkoppel USB-kabel om uit te schakelen"},{"$i":"appStorage","$v":"Applicatieopslag"},{"$i":"appStorage-header","$v":[{"t":"idOrVar","v":"appStorage"}]},{"$i":"storageSize","$v":[{"t":"idOrVar","v":"size"}," ",{"t":"idOrVar","v":"unit"}]},{"$i":"availableSize","$v":{"zero":[{"t":"idOrVar","v":"size"}," ",{"t":"idOrVar","v":"unit"}," beschikbaar"],"one":[{"t":"idOrVar","v":"size"}," ",{"t":"idOrVar","v":"unit"}," beschikbaar"],"two":[{"t":"idOrVar","v":"size"}," ",{"t":"idOrVar","v":"unit"}," beschikbaar"],"few":[{"t":"idOrVar","v":"size"}," ",{"t":"idOrVar","v":"unit"}," beschikbaar"],"many":[{"t":"idOrVar","v":"size"}," ",{"t":"idOrVar","v":"unit"}," beschikbaar"],"other":[{"t":"idOrVar","v":"size"}," ",{"t":"idOrVar","v":"unit"}," beschikbaar"]},"$x":[{"t":"idOrVar","v":"plural"},"size"]},{"$i":"apps-total-space","$v":"Totale ruimte"},{"$i":"apps-used-space","$v":"Gebruikt"},{"$i":"apps-free-space","$v":"Over"},{"$i":"storage-details","$v":"Foto’s, video’s en muziek worden gescheiden van apps opgeslagen. Bekijk de mediaopslag voor details."},{"$i":"ums-shared-volumes","$v":[{"t":"idOrVar","v":"list"}," gedeeld"]},{"$i":"transferProtocol-header","$v":"Overdrachtsprotocol"},{"$i":"protocol-mtp","$v":"Mediaoverdrachtsprotocol (MTP)"},{"$i":"protocol-ums","$v":"USB-massaopslag (UMS)"},{"$i":"mediaStorage","$v":"Mediaopslag"},{"$i":"mediaStorage-header","$v":[{"t":"idOrVar","v":"mediaStorage"}]},{"$i":"storage-name-internal","$v":"Interne opslag"},{"$i":"storage-name-external-0","$v":"SD-kaartopslag"},{"$i":"storage-name-external-1","$v":"SD-kaartopslag 2"},{"$i":"short-storage-name-internal","$v":"Intern"},{"$i":"short-storage-name-external-0","$v":"SD-kaart"},{"$i":"short-storage-name-external-1","$v":"SD-kaart 2"},{"$i":"music-space","$v":"Muziek"},{"$i":"pictures-space","$v":"Afbeeldingen"},{"$i":"videos-space","$v":"Films"},{"$i":"left-space","$v":"Ruimte over"},{"$i":"free-space","$v":"Ruimte over"},{"$i":"total-space","$v":"Totale ruimte"},{"$i":"size-not-available","$v":"Niet beschikbaar"},{"$i":"no-storage","$v":"Geen opslagmedium gevonden"},{"$i":"advanced","$v":"Geavanceerd"},{"$i":"ums-warning-title","$v":"USB-opslag inschakelen?"},{"$i":"default-media-location","$v":"Standaard medialocatie"},{"$i":"default-media-location-msg","$v":"Kies waar foto’s, video’s, muziek en downloads standaard worden opgeslagen."},{"$i":"change-default-media-location-confirmation","$v":"Het wijzigen van de standaardlocatie voor mediaopslag heeft invloed op de locatie waar alle media standaard worden opgeslagen. Bestaande gegevens blijven op hun huidige locatie. Wilt u doorgaan?"},{"$i":"eject-sdcard-external-0","$v":"SD-kaart uitwerpen"},{"$i":"eject-sdcard-external-1","$v":"SD-kaart 2 uitwerpen"},{"$i":"format-sdcard-internal","$v":"Interne opslag formatteren"},{"$i":"format-sdcard-external-0","$v":"SD-kaart formatteren"},{"$i":"format-sdcard-external-1","$v":"SD-kaart 2 formatteren"},{"$i":"formatting","$v":"Formatteren…"},{"$i":"unmount-sdcard-confirmation","$v":"Na het ontkoppelen zult u inhoud op de SD-kaart niet meer kunnen benaderen. Wilt u doorgaan?"},{"$i":"format-sdcard-title","$v":"SD-kaart formatteren"},{"$i":"format-sdcard-message","$v":"Dit zal alle op uw SD-kaart opgeslagen gegevens wissen, zoals muziek en foto’s."},{"$i":"format-sdcard-internal-title","$v":"Interne opslag formatteren"},{"$i":"format-sdcard-internal-message","$v":"Dit zal alle op uw interne opslag opgeslagen gegevens wissen, zoals muziek en foto’s."},{"$i":"format-sdcard-btnformat","$v":"Formatteren"},{"$i":"sdcardUnmounted","$v":"SD-kaart ontkoppeld"},{"$i":"device","$v":"Apparaat"},{"$i":"help","$v":"Hulp"},{"$i":"deviceInfo","$v":"Apparaatgegevens"},{"$i":"deviceInfo-header","$v":[{"t":"idOrVar","v":"deviceInfo"}]},{"$i":"deviceInfo-IMEI","$v":"IMEI"},{"$i":"deviceInfo-ICCID","$v":"ICCID"},{"$i":"deviceInfo-MSISDN","$v":"Telefoonnummer"},{"$i":"deviceInfo-ICCID-unavailable-sim","$v":["Simkaart ",{"t":"idOrVar","v":"index"},": niet beschikbaar"]},{"$i":"downloads","$v":"Downloads"},{"$i":"downloads-header","$v":[{"t":"idOrVar","v":"downloads"}]},{"$i":"unknown-phoneNumber","$v":"Onbekend"},{"$i":"unknown-phoneNumber-sim","$v":["Simkaart ",{"t":"idOrVar","v":"index"},": onbekend"]},{"$i":"gitInfo","$v":"Git-commit-info"},{"$i":"developer","$v":"Ontwikkelaar"},{"$i":"developer-header","$v":[{"t":"idOrVar","v":"developer"}]},{"$i":"hud-settings-button","$v":"Ontwikkelaars-HUD"},{"$i":"hud-settings-header","$v":[{"t":"idOrVar","v":"hud-settings-button"}]},{"$i":"hud-devtools","$v":"Ontwikkelaarshulpmiddelen"},{"$i":"hud-devtools-header","$v":[{"t":"idOrVar","v":"hud-devtools"}]},{"$i":"hud-logging","$v":"Logwijzigingen in ADB"},{"$i":"hud-system","$v":"Systeem-HUD tonen"},{"$i":"hud-problems","$v":"Problemen"},{"$i":"hud-warnings","$v":"Waarschuwingen"},{"$i":"hud-errors","$v":"Fouten"},{"$i":"hud-security","$v":"Beveiligingszaken"},{"$i":"hud-performance","$v":"Prestaties"},{"$i":"hud-reflows","$v":"Reflows"},{"$i":"hud-jank","$v":"Jank"},{"$i":"jank-threshold","$v":"Jank-drempel"},{"$i":"hud-fps","$v":"Frames per seconde"},{"$i":"hud-ttl","$v":"Laadtijd"},{"$i":"hud-memory","$v":"Geheugen"},{"$i":"hud-uss","$v":"Unique Set Size"},{"$i":"hud-appmemory","$v":"App-geheugen"},{"$i":"hud-jsobjects","$v":"JS-objecten"},{"$i":"hud-jsstrings","$v":"JS-strings"},{"$i":"hud-jsother","$v":"JS overig"},{"$i":"hud-dom","$v":"DOM"},{"$i":"hud-style","$v":"Stijl"},{"$i":"hud-other","$v":"Overig"},{"$i":"software","$v":"Software"},{"$i":"devSettings","$v":"Ontwikkelaarsinstellingen"},{"$i":"debug","$v":"Fouten opsporen"},{"$i":"developer-menu","$v":"Ontwikkelaarsmenu"},{"$i":"developer-tools","$v":"Ontwikkelaarshulpmiddelen"},{"$i":"graphics","$v":"Graphics"},{"$i":"hardware-composer","$v":"Hardware-composer"},{"$i":"paint-flashing","$v":"Bijgewerkt gebied knippert"},{"$i":"dumps-layers","$v":"Lagenstructuur dumpen"},{"$i":"dumps-layerscope","$v":"Layerscope dumpen"},{"$i":"apz-overscroll","$v":"Overscrollen"},{"$i":"tiling","$v":"Tiling"},{"$i":"low-precision","$v":"Low-precision painting"},{"$i":"low-opacity","$v":"Low-precision transparency"},{"$i":"draw-tile-borders","$v":"Tegelranden tekenen"},{"$i":"draw-layer-borders","$v":"Lagenranden tekenen"},{"$i":"log-animations","$v":"Trage animaties registreren"},{"$i":"remote-debugging-usb","$v":"Debugging via USB"},{"$i":"dev-tools-wifi","$v":"DevTools via wifi"},{"$i":"dev-tools-qps","$v":"Pseudo-lokalisatie"},{"$i":"debugger-disabled","$v":"Uitgeschakeld"},{"$i":"debugger-adb-only","$v":"Alleen ADB"},{"$i":"debugger-adb-and-devtools","$v":"ADB en DevTools"},{"$i":"wifi-debugging","$v":"Wifi-uitvoer in ADB"},{"$i":"bluetooth-debugging","$v":"Bluetooth-uitvoer in ADB"},{"$i":"bluetooth-snoop-debugging","$v":"Bluetooth HCI sniffing logs to sdcard"},{"$i":"nfc-debugging","$v":"NFC-uitvoer in ADB"},{"$i":"ril-debugging","$v":"RIL output in ADB"},{"$i":"console-enabled","$v":"Console ingeschakeld"},{"$i":"cards-view-screenshots","$v":"Kaartenweergave: schermafbeeldingen"},{"$i":"geolocation-debugging-enabled","$v":"Geolocatie-uitvoer in ADB"},{"$i":"geolocation-debugging-gps-locations-ignored","$v":"Gps-locaties negeren"},{"$i":"use-reviewer-certs","$v":"Marketplace-reviewer-certificaten gebruiken"},{"$i":"shake-to-log","$v":"Schudden voor opslaan van systeemlog"},{"$i":"model-name","$v":"Model"},{"$i":"os-version","$v":"OS-versie"},{"$i":"firmware_revision","$v":"Firmware-revisie"},{"$i":"hardware_revision","$v":"Hardware-revisie"},{"$i":"platform_version","$v":"Platformversie"},{"$i":"build-id","$v":"Build-identifier"},{"$i":"update-channel","$v":"Updatekanaal"},{"$i":"build_number","$v":"Buildnummer"},{"$i":"update-url","$v":"Update-URL"},{"$i":"last-updated","$v":"Laatst bijgewerkt"},{"$i":"more-info","$v":"Meer informatie"},{"$i":"more-info-header","$v":[{"t":"idOrVar","v":"more-info"}]},{"$i":"softwareUpdates","$v":"Software-updates"},{"$i":"check-update-daily","$v":"Dagelijks"},{"$i":"check-update-weekly","$v":"Wekelijks"},{"$i":"check-update-monthly","$v":"Maandelijks"},{"$i":"check-for-updates","$v":"Controleren op updates"},{"$i":"check-update-now","$v":"Nu controleren"},{"$i":"update-status","$v":"Updatestatus"},{"$i":"no-network-when-update","$v":"Maak verbinding met het internet om met uw update door te gaan."},{"$i":"checking-for-update","$v":"Controleren op updates…"},{"$i":"no-updates","$v":"Geen updates gevonden"},{"$i":"retry-when-online","$v":"Netwerk is offline. Er wordt opnieuw gecontroleerd zodra het netwerk online is."},{"$i":"already-latest-version","$v":["Dit is al de meest recente versie van ",{"t":"idOrVar","v":"brandShortName"},"."]},{"$i":"check-error","$v":"Er is een fout opgetreden bij het controleren op updates."},{"$i":"aboutBrowserOS","$v":["Over ",{"t":"idOrVar","v":"brandShortName"}]},{"$i":"browser-os-desc","$v":[{"t":"idOrVar","v":"brandShortName"}," is het vrije en open- source-besturingssysteem van Mozilla. Onze missie is het bevorderen van openheid, innovatie en mogelijkheden door de kracht van het internet in uw handen te houden."]},{"$i":"learn-more","$v":"Meer info"},{"$i":"reset-head","$v":"Herinitialiseren"},{"$i":"reset-warning-title","$v":"WAARSCHUWING"},{"$i":"unlock-privileges","$v":"Bevoegdheden ontgrendelen"},{"$i":"reset-devtools","$v":"Volledige DevTools herinitialiseren en inschakelen"},{"$i":"reset-devtools-warning-title","$v":"WAARSCHUWING"},{"$i":"your-rights","$v":"Uw rechten"},{"$i":"your-rights-header","$v":[{"t":"idOrVar","v":"your-rights"}]},{"$i":"about-your-rights-0","$v":[{"t":"idOrVar","v":"brandShortName"}," is gebouwd op vrije en opensourcesoftware door een gemeenschap van duizenden mensen over de hele wereld. Er zijn een paar zaken die u moet weten:"]},{"$i":"about-your-rights-1","$v":[{"t":"idOrVar","v":"brandShortName"}," wordt voor u beschikbaar gesteld onder de voorwaarden van diverse opensourcelicenties, waaronder de Mozilla Public License. Een apparaat dat met ",{"t":"idOrVar","v":"brandShortName"}," werkt kan tevens bedrijfseigen software van derden bevatten. Code die onder open licenties wordt verschaft geeft u het recht om de broncode te modificeren en uw aangepaste versies te verspreiden, zolang u aan de voorwaarden ervan voldoet."]},{"$i":"about-your-rights-2","$v":["Er worden u geen rechten of licenties verleend op de handelsmerken van de Mozilla Foundation of enige andere partij, met inbegrip van en zonder beperking tot de naam of het logo van ",{"t":"idOrVar","v":"brandShortName"},"."]},{"$i":"about-your-rights-3","$v":["Een aantal onderdelen in ",{"t":"idOrVar","v":"brandShortName"},", zoals de Crashreporter, bieden u de mogelijkheid om feedback aan Mozilla te leveren. Door het indienen van feedback geeft u Mozilla toestemming om de feedback te gebruiken om zijn producten te verbeteren, de feedback op zijn websites te publiceren en de feedback te verspreiden."]},{"$i":"about-legal-info","$v":"Juridische informatie"},{"$i":"about-credit-info","$v":"Credits"},{"$i":"about-legal-info-header","$v":[{"t":"idOrVar","v":"about-legal-info"}]},{"$i":"open-source-notices","$v":"Opensourceverklaringen"},{"$i":"open-source-notices-header","$v":[{"t":"idOrVar","v":"open-source-notices"}]},{"$i":"obtaining-source-code","$v":"Broncode verkrijgen"},{"$i":"obtaining-source-code-header","$v":[{"t":"idOrVar","v":"obtaining-source-code"}]},{"$i":"about-mozilla","$v":"Mozilla"},{"$i":"about-other","$v":"Overige"},{"$i":"your-privacy","$v":"Uw privacy"},{"$i":"your-privacy-header","$v":[{"t":"idOrVar","v":"your-privacy"}]},{"$i":"licensing-1","$v":"Binaire versies van dit product zijn voor u beschikbaar gesteld door het Mozilla Project, onder de Mozilla Public License 2.0 (MPL). Ken uw rechten."},{"$i":"licensing-2","$v":"De gehele broncode van dit product is beschikbaar onder licenties die zowel vrij als open source zijn. Het meeste ervan is beschikbaar onder de Mozilla Public License 2.0 (MPL)."},{"$i":"licensing-3","$v":"Het resterende gedeelte van de software dat niet onder de Mozilla Public License 2.0 MPL valt is beschikbaar onder een van de diverse andere licenties. Die welke weergave van de licentietekst in de distributie vereisen worden hieronder vermeld. (Noot: uw exemplaar van dit product mag geen code bevatten die onder een of meerdere van de hier vermelde licenties vallen, afhankelijk van het exacte product en de versie die u kiest.)"},{"$i":"licensing-MPL","$v":"Mozilla Public License 2.0"},{"$i":"licensing-Apache","$v":"Apache License 2.0"},{"$i":"launch-ftu","$v":"Eerste gebruik starten"},{"$i":"no-ftu","$v":"Geen app voor eerste gebruik gevonden"},{"$i":"software-home-button","$v":"Software-startknop"},{"$i":"home-gesture","$v":"Startbeweging"},{"$i":"continuous-transition","$v":"Continue overgang"},{"$i":"debug-gaia-enabled","$v":"Gaia-debugtraces"},{"$i":"showScreenReaderSettings","$v":"Schermlezerinstellingen"},{"$i":"app-transition","$v":"App-overgang"},{"$i":"app-suspending","$v":"App-onderbreking"},{"$i":"copypaste","$v":"Kopiëren/plakken"},{"$i":"verbose-app-permissions","$v":"Uitgebreide app-machtigingen"},{"$i":"window-management","$v":"Vensterbeheer"},{"$i":"downloads-edit","$v":"Downloads bewerken"},{"$i":"downloads-select-all","$v":"Alles selecteren"},{"$i":"downloads-deselect-all","$v":"Alles deselecteren"},{"$i":"downloads-delete","$v":"Verwijderen"},{"$i":"battery","$v":"Batterij"},{"$i":"battery-header","$v":[{"t":"idOrVar","v":"battery"}]},{"$i":"batteryLevel","$v":"Huidige niveau"},{"$i":"batteryLevel-percent-unplugged","$v":[{"t":"idOrVar","v":"level"},"%"]},{"$i":"batteryLevel-percent-charging","$v":[{"t":"idOrVar","v":"level"},"% (opladen)"]},{"$i":"batteryLevel-percent-charged","$v":[{"t":"idOrVar","v":"level"},"% (opgeladen)"]},{"$i":"powerSaveModeTitle","$v":"Energiebesparing"},{"$i":"powerSaveMode","$v":"Energiebesparing"},{"$i":"powerSave-threshold","$v":[{"t":"idOrVar","v":"level"},"% van batterij resterend"]},{"$i":"turnOnAuto","$v":"Automatisch aanzetten"},{"$i":"accessibility","$v":"Toegankelijkheid"},{"$i":"accessibility-header","$v":[{"t":"idOrVar","v":"accessibility"}]},{"$i":"screenReader","$v":"Schermlezer"},{"$i":"screenReader-header","$v":[{"t":"idOrVar","v":"screenReader"}]},{"$i":"screenReader-toggle","$v":[{"t":"idOrVar","v":"screenReader"}]},{"$i":"colorFilter","$v":"Kleurenfilter"},{"$i":"colorFilter-header","$v":[{"t":"idOrVar","v":"colorFilter"}]},{"$i":"colorFilter-toggle","$v":[{"t":"idOrVar","v":"colorFilter"}]},{"$i":"screenReader-captions","$v":"Spraak weergeven"},{"$i":"screenReader-enable-msg","$v":"Wanneer de schermlezer is ingeschakeld, biedt uw apparaat gesproken feedback ter assistentie van blinde en slechtziende gebruikers."},{"$i":"screen-reader-speech-volume","$v":"Spraakvolume"},{"$i":"screen-reader-speech-rate","$v":"Spraaksnelheid"},{"$i":"screenReader-confirm-title-start","$v":"Schermlezer starten?"},{"$i":"screenReader-confirm-description-start","$v":"Het activeren van de schermlezer wijzigt de manier waarop uw aanraakscherm werkt. Raak het scherm aan om het item onder uw vinger te horen, en dubbeltik om het te activeren."},{"$i":"screenReader-confirm-button-start","$v":"Starten"},{"$i":"screenReader-confirm-title-stop","$v":"Schermlezer stoppen?"},{"$i":"screenReader-confirm-description-stop","$v":"Het stoppen van de schermlezer beëindigt alle gesproken feedback."},{"$i":"screenReader-confirm-button-stop","$v":"Stoppen"},{"$i":"colorFilter-invert","$v":"Inverteren"},{"$i":"colorFilter-grayscale","$v":"Grijstinten"},{"$i":"colorFilter-contrast","$v":"Contrast"},{"$i":"improveBrowserOS","$v":[{"t":"idOrVar","v":"brandShortName"}," verbeteren"]},{"$i":"improveBrowserOSTitle","$v":[{"t":"idOrVar","v":"brandShortName"}," verbeteren"]},{"$i":"sendMozillaFeedback","$v":"Feedback verzenden"},{"$i":"performanceAndUsageData","$v":"Prestatie- en gebruiksgegevens"},{"$i":"sharePerformanceAndUsageData","$v":"Gegevens verzenden"},{"$i":"appUsageByRegion","$v":"App usage by region"},{"$i":"crashReports","$v":"Crashrapporten"},{"$i":"crashReports-header","$v":[{"t":"idOrVar","v":"crashReports"}]},{"$i":"crashReportInfo","$v":"Het verzenden van een rapport naar Mozilla nadat een crash is opgetreden helpt ons het probleem voor iedereen te verhelpen. Rapporten worden alleen via wifi verzonden."},{"$i":"alwaysSendReport","$v":"Altijd rapport verzenden"},{"$i":"neverSendReport","$v":"Nooit rapport verzenden"},{"$i":"askToSendReport2","$v":"Telkens vragen"},{"$i":"crash-reports-description-1","$v":"Een crashrapport bevat enkele details over de crash en uw apparaat, evenals een momentopname van de status van uw apparaat tijdens de crash."},{"$i":"crash-reports-description-2","$v":"Hieronder vallen mogelijk zaken als geopende pagina’s en apps, tekst die in formulieren is ingevuld en de inhoud van geopende berichten, recente navigatiegeschiedenis, of geolocatiegegevens die door een geopende app worden gebruikt."},{"$i":"crash-reports-description-3-start","$v":"We gebruiken crashrapporten om problemen te kunnen verhelpen en onze producten te verbeteren. We gaan met uw gegevens om zoals beschreven in ons "},{"$i":"crash-reports-description-3-privacy","$v":"privacybeleid"},{"$i":"crash-reports-description-3-end","$v":"."},{"$i":"sendFeedbackTitle","$v":"Feedback indienen"},{"$i":"feedback-description","$v":"Uw feedback helpt ons bij het verbeteren van Firefox OS."},{"$i":"feedback-happy","$v":"Blij"},{"$i":"feedback-sad","$v":"Droevig"},{"$i":"feedback-mood-description","$v":"Hoe voelt u zich?"},{"$i":"feedback_whyfeel_happy","$v":"Waarom bent u blij?"},{"$i":"feedback_whyfeel_sad","$v":"Waarom bent u droevig?"},{"$i":"feedback-mood-explain","$v":"Vertel ons de details."},{"$i":"feedback-public-description","$v":"De inhoud van uw feedback wordt openbaar, dus zorg ervoor dat hierin geen persoonlijke gegevens zijn opgenomen."},{"$i":"feedback-contactyou","$v":"Vink dit aan om ons persoonlijk contact te laten opnemen via uw e-mailadres."},{"$i":"email-address1","$v":"E-mailadres:"},{"$i":"email-keepprivate","$v":"Geen zorgen. Uw e-mailadres wordt altijd privé gehouden."},{"$i":"feedback-sendbtn","$v":"Feedback verzenden"},{"$i":"feedback-errormessage-connect-error","$v":"Sorry, vanwege een fout in de gegevensverbinding kan het systeem uw suggestie niet verzenden. Probeer het opnieuw nadat het probleem is verholpen."},{"$i":"feedback-errormessage-server-off","$v":"Sorry, omdat de server is uitgeschakeld kan het systeem uw suggestie niet verzenden. Wacht even en probeer het opnieuw."},{"$i":"feedback-errormessage-timeout","$v":"Sorry, vanwege een time-out kan het systeem uw suggestie niet verzenden. Herstart en probeer het opnieuw."},{"$i":"feedback-errormessage-wrong-email","$v":"Sorry, omdat het e-mailadres ontbreekt of vanwege een opmaakfout kan het systeem uw suggestie niet verzenden. Gebruik een geldig e-mailadres en probeer het opnieuw."},{"$i":"feedback-errormessage-empty-comment","$v":"Sorry, omdat het opmerkingenveld leeg is kan het systeem uw suggestie niet verzenden. Vul wat tekst in en probeer het opnieuw."},{"$i":"feedback-errormessage-just-sent","$v":"Sorry, omdat u al feedback hebt gestuurd, kan het systeem uw suggestie niet verzenden. Probeer onze volgende software-update en verzend de suggestie opnieuw."},{"$i":"feedback-complete-msg","$v":"Bedankt voor de feedback! We gebruiken deze om betere ervaringen in toekomstige versies van Firefox OS te helpen creëren."},{"$i":"online-support","$v":"Online-ondersteuning:"},{"$i":"call-support","$v":"Tel. ondersteuning:"},{"$i":"user-guide","$v":"Gebruikershandleiding"},{"$i":"default-support","$v":"Neem voor ondersteuning contact op met uw lokale provider."},{"$i":"operatorServices","$v":"Operatordiensten"},{"$i":"operatorServices-help","$v":"Help"},{"$i":"operatorServices-helpmenu","$v":"Help-menu"},{"$i":"stkAppsNotAvailable","$v":"Simkaartapplicaties niet beschikbaar."},{"$i":"simToolkit","$v":"Simwerkset"},{"$i":"stkItemsNaiSetUpCall","$v":"Gesprek opbouwen"},{"$i":"stkItemsNaiSendSs","$v":"SS verzenden"},{"$i":"stkItemsNaiSendUssd","$v":"USSD verzenden"},{"$i":"stkItemsNaiSendSms","$v":"Sms verzenden"},{"$i":"stkItemsNaiSendDtmf","$v":"DTMF verzenden"},{"$i":"stkItemsNaiLaunchBrowser","$v":"Browser starten"},{"$i":"stkItemsNaiPlayTone","$v":"Toon afspelen"},{"$i":"stkItemsNaiDisplayText","$v":"Tekst weergeven"},{"$i":"stkItemsNaiGetInkey","$v":"Inkey verkrijgen"},{"$i":"stkItemsNaiGetInput","$v":"Invoer verkrijgen"},{"$i":"stkItemsNaiSelectItem","$v":"Item selecteren"},{"$i":"stkItemsNaiSetUpMenu","$v":"Menu instellen"},{"$i":"stkItemsNaiProvideLocalInfo","$v":"Lokale info aanleveren"},{"$i":"stkItemsNaiSetIdleModeText","$v":"Tekst inactieve modus instellen"},{"$i":"stkItemsNaiPerformCardApdu","$v":"Kaart-APDU uitvoeren"},{"$i":"stkItemsNaiPowerOnCard","$v":"Kaart inschakelen"},{"$i":"stkItemsNaiPowerOffCard","$v":"Kaart uitschakelen"},{"$i":"stkItemsNaiGetReaderStatus","$v":"Lezerstatus verkrijgen"},{"$i":"stkItemsNaiOpenChannel","$v":"Kanaal openen"},{"$i":"stkItemsNaiCloseChannel","$v":"Kanaal sluiten"},{"$i":"stkItemsNaiReceiveData","$v":"Gegevens ontvangen"},{"$i":"stkItemsNaiSendData","$v":"Gegevens verzenden"},{"$i":"stkItemsNaiGetChannelStatus","$v":"Kanaalstatus verkrijgen"},{"$i":"stkItemsNaiEndOfTheProactiveSession","$v":"Einde van de proactieve sessie"},{"$i":"is-warning-storage-header","$v":"USB-opslag"},{"$i":"is-warning-tethering-header","$v":"USB-tethering"},{"$i":"is-warning-wifi-header","$v":"Wifi-hotspot"},{"$i":"is-warning-storage-tethering-message","$v":"Het inschakelen van USB-opslag zal USB-tethering uitschakelen. Wilt u USB-opslag inschakelen?"},{"$i":"is-warning-tethering-storage-message","$v":"Het inschakelen van USB-tethering zal USB-opslag uitschakelen. Wilt u USB-tethering inschakelen?"},{"$i":"is-warning-tethering-wifi-message","$v":"Het inschakelen van USB-tethering zal de wifi-hotspot uitschakelen. Wilt u USB-tethering inschakelen?"},{"$i":"is-warning-wifi-tethering-message","$v":"Het inschakelen van de wifi-hotspot zal USB-tethering uitschakelen. Wilt u de wifi-hotspot inschakelen?"},{"$i":"settings-dialog-alert","$v":"Melden"},{"$i":"settings-dialog-confirm","$v":"Bevestigen"},{"$i":"settings-dialog-prompt","$v":"Vragen"},{"$i":"settings-alert-dialog-header","$v":[{"t":"idOrVar","v":"settings-dialog-alert"}]},{"$i":"settings-confirm-dialog-header","$v":[{"t":"idOrVar","v":"settings-dialog-confirm"}]},{"$i":"settings-prompt-dialog-header","$v":[{"t":"idOrVar","v":"settings-dialog-prompt"}]},{"$i":"addons","$v":"Addons"},{"$i":"addons-header","$v":[{"t":"idOrVar","v":"addons"}]},{"$i":"change-device-name","$v":"Naam van telefoon wijzigen"},{"$i":"internetSharing-usb-desc","$v":"De internetverbinding van mijn telefoon delen met een via USB verbonden apparaat."},{"$i":"internetSharing-wifi-desc","$v":"Andere apparaten toestaan om de internetverbinding van mijn telefoon te delen door verbinding te maken via wifi."},{"$i":"unplayable-ringtone","$v":"De beltoon is niet gewijzigd, omdat het geselecteerde bestand niet op deze telefoon kan worden afgespeeld."},{"$i":"findmydevice-signup-description","$v":"Met Find My Device kunt u uw telefoon vinden, vergrendelen of wissen."},{"$i":"findmydevice-settings-description","$v":"Met Find My Device kunt u uw telefoon vinden, vergrendelen of wissen vanaf een website:"},{"$i":"findmydevice-active-tracking","$v":"Uw telefoon wordt door een ander apparaat getraceerd via de website."},{"$i":"findmydevice-not-tracking","$v":"Uw telefoon wordt niet actief door apparaten getraceerd via de website."},{"$i":"ums-confirm","$v":"Door USB-opslag in te schakelen kan een andere computer of apparaat dat via USB is verbonden bestanden op deze telefoon benaderen."},{"$i":"reset-device","$v":"Telefoon herinitialiseren"},{"$i":"reset-warning-body","$v":"Herinitialiseren zal al uw gegevens verwijderen, inclusief alle apps die u hebt aangeschaft. De telefoon zal worden teruggezet naar de fabriekstoestand. Er blijven geen instellingen of gegevens bewaard."},{"$i":"reset-devtools-warning-body","$v":"Herinitialiseren zal al uw gegevens verwijderen, inclusief alle apps die u hebt aangeschaft. Er blijven geen instellingen of gegevens bewaard, maar uw telefoon zal onbeperkte hulpmiddelen voor ontwikkelaars bevatten, zodat u systeemapplicaties kunt aanpassen en fouten kunt opsporen."},{"$i":"powerSave-explanation","$v":"Het aanzetten van de modus Energiebesparing schakelt de gegevens-, Bluetooth- en Geolocatie-verbindingen van de telefoon uit om de levensduur van de batterij te verlengen. U kunt deze services handmatig weer aanzetten."},{"$i":"performanceAndUsageDataInfo","$v":["Help ",{"t":"idOrVar","v":"brandShortName"}," te verbeteren door gegevens over uw telefoon en de manier waarop u deze gebruikt te delen."]},{"$i":"device-status-connected-device","$v":"Verbonden met telefoonaudio"},{"$i":"device-status-connected-device-media","$v":"Verbonden met telefoon-/media-audio"}]