[{"$i":"stopped_download_title","$v":"ਡਾਊਨਲੋਡ ਰੋਕਿਆ ਗਿਆ"},{"$i":"stopped_download_message","$v":"ਡਾਊਨਲੋਡ ਨੂੰ ਰੋਕਿਆ ਗਿਆ ਸੀ। ਫੇਰ ਡਾਊਨਲੋਡ ਕਰਨ ਦੀ ਕੋਸ਼ਿਸ਼ ਕਰਨੀ ਹੈ?"},{"$i":"stopped_download_left_button","$v":"ਰੱਦ ਕਰੋ"},{"$i":"stopped_download_right_button","$v":"ਫੇਰ ਕੋਸ਼ਿਸ਼ ਕਰੋ"},{"$i":"failed_download_title","$v":"ਡਾਊਨਲੋਡ ਫੇਲ੍ਹ ਹੈ"},{"$i":"failed_download_message","$v":[{"t":"idOrVar","v":"name"}," ਡਾਊਨਲੋਡ ਕਰਨ ਲਈ ਫੇਲ੍ਹ ਹੈ। ਫੇਰ ਡਾਊਨਲੋਡ ਕਰਨ ਦੀ ਕੋਸ਼ਿਸ਼ ਕਰਨੀ ਹੈ?"]},{"$i":"failed_download_left_button","$v":"ਰੱਦ ਕਰੋ"},{"$i":"failed_download_right_button","$v":"ਫੇਰ ਕੋਸ਼ਿਸ਼ ਕਰੋ"},{"$i":"stop_download_title","$v":"ਡਾਊਨਲੋਡ ਰੋਕੋ"},{"$i":"stop_download_message","$v":"ਕੀ ਤੁਸੀਂ ਡਾਊਨਲੋਡ ਨੂੰ ਰੋਕਣਾ ਚਾਹੁੰਦੇ ਹੋ?"},{"$i":"stop_download_left_button","$v":"ਨਹੀਂ"},{"$i":"stop_download_right_button","$v":"ਹਾਂ"},{"$i":"delete_download_title","$v":"ਹਟਾਓ"},{"$i":"delete_download_message","$v":[{"t":"idOrVar","v":"name"}," ਹਟਾਉਣਾ ਹੈ?"]},{"$i":"delete_download_left_button","$v":"ਰੱਦ ਕਰੋ"},{"$i":"delete_download_right_button","$v":"ਹਟਾਓ"},{"$i":"delete_all_download_title","$v":"ਹਟਾਓ"},{"$i":"delete_all_download_left_button","$v":"ਰੱਦ ਕਰੋ"},{"$i":"delete_all_download_right_button","$v":"ਹਟਾਓ"},{"$i":"delete_all_download_message","$v":{"zero":"ਕਈ ਫਾਈਲ ਨਹੀਂ ਹਟਾਉਣੀ?","one":"ਇੱਕ ਫਾਈਲ ਹਟਾਉਣੀ ਹੈ?","two":[{"t":"idOrVar","v":"number"}," ਫਾਈਲਾਂ ਹਟਾਉਣੀਆਂ ਹਨ?"],"few":[{"t":"idOrVar","v":"number"}," ਫਾਈਲਾਂ ਹਟਾਉਣੀਆਂ ਹਨ?"],"many":[{"t":"idOrVar","v":"number"}," ਫਾਈਲਾਂ ਹਟਾਉਣੀਆਂ ਹਨ?"],"other":[{"t":"idOrVar","v":"number"}," ਫਾਈਲਾਂ ਹਟਾਉਣੀਆਂ ਹਨ?"]},"$x":[{"t":"idOrVar","v":"plural"},"number"]},{"$i":"unsupported_file_type_download_title","$v":"ਖੋਲ੍ਹਣ ਲਈ ਅਸਮਰੱਥ"},{"$i":"unsupported_file_type_download_message","$v":[{"t":"idOrVar","v":"name"}," ਨੂੰ ਖੋਲ੍ਹਣ ਲਈ ਕੋਈ ਐਪ ਨਹੀਂ ਹੈ। ਕੀ ਤੁਸੀਂ ਫਾਈਲ ਨੂੰ ਸੰਭਾਲਣਾ ਚਾਹੁੰਦੇ ਹੋ ਜਾਂ ਹਟਾਉਣਾ?"]},{"$i":"unsupported_file_type_download_left_button","$v":"ਫਾਈਲ ਰੱਖੋ"},{"$i":"unsupported_file_type_download_right_button","$v":"ਹਟਾਓ"},{"$i":"file_not_found_download_title","$v":"ਫਾਈਲ ਨਹੀਂ ਲੱਭੀ"},{"$i":"file_not_found_download_message","$v":"ਫਾਈਲ ਯੰਤਰ ਉੱਤੇ ਨਹੀਂ ਲੱਭੀ"},{"$i":"file_not_found_download_right_button","$v":"ਠੀਕ ਹੈ"},{"$i":"unmounted_sdcard_2_download_title","$v":"ਮੈਮੋਰੀ ਕਾਰਡ ਵਿੱਚ ਵਰਤੋਂ ਵਿੱਚ ਹੈ"},{"$i":"unmounted_sdcard_2_download_message","$v":"ਫੋਨ ਦੀ ਤਾਰ ਕੱਢੋ"},{"$i":"unmounted_sdcard_2_download_right_button","$v":"ਠੀਕ ਹੈ"},{"$i":"no_provider_download_title","$v":"ਸਾਂਝਾ ਕਰਨ ਲਈ ਅਸਮਰੱਥ"},{"$i":"no_provider_download_message","$v":"ਕੋਈ ਉਪਲੱਬਧ ਕਰਤਾ ਨਹੀਂ ਲੱਭਿਆ"},{"$i":"no_provider_download_right_button","$v":"ਠੀਕ ਹੈ"},{"$i":"no_memory_download_title","$v":"SD ਕਾਰਡ ਭਰ ਗਿਆ"},{"$i":"no_memory_download_message","$v":"ਤੁਹਾਡੇ ਡਾਊਨਲੋਡ ਨੂੰ ਸੰਭਾਲਣ ਲਈ ਤੁਹਾਡੇ SD ਕਾਰਡ ਉੱਤੇ ਥਾਂ ਨਹੀਂ ਹੈ। ਡਾਊਨਲੋਡ ਨੂੰ ਮੁੜ-ਸ਼ੁਰੂ ਕਰਨ ਤੋਂ ਪਹਿਲਾਂ ਕੁਝ ਫਾਈਲਾਂ ਨੂੰ ਹਟਾਉ ਜੀ।"},{"$i":"no_memory_download_right_button","$v":"ਠੀਕ ਹੈ"},{"$i":"no_sdcard_found_2_download_title","$v":"ਕੋਈ ਮੈਮੋਰੀ ਕਾਰਡ ਨਹੀਂ ਲੱਭਿਆ"},{"$i":"no_sdcard_found_2_download_message","$v":"ਮੈਮੋਰੀ ਕਾਰਡ ਪਾਉ ਜਾਂ ਸੈਟਿੰਗ ਵਿੱਚ ਬਦਲਵਾਂ ਮੂਲ ਮੀਡਿਆ ਟਿਕਾਣਾ ਚੁਣੋ"},{"$i":"no_sdcard_found_2_download_right_button","$v":"ਠੀਕ ਹੈ"},{"$i":"file_open_error_download_title","$v":"ਖੋਲ੍ਹਣ ਲਈ ਅਸਮਰੱਥ"},{"$i":"file_open_error_download_message","$v":[{"t":"idOrVar","v":"name"}," ਖੋਲ੍ਹਣ ਵਿੱਚ ਗਲਤੀ ਹੈ। ਕੀ ਤੁਸੀਂ ਫਾਈਲ ਸੰਭਾਲਣੀ ਚਾਹੁੰਦੇ ਹੋ ਜਾਂ ਹਟਾਉਣਾ ਚਾਹੁੰਦੇ ਹੋ?"]},{"$i":"file_open_error_download_left_button","$v":"ਫਾਈਲ ਰੱਖੋ"},{"$i":"file_open_error_download_right_button","$v":"ਹਟਾਓ"},{"$i":"restart_download_error","$v":"ਡਾਊਨਲੋਡ ਮੁੜ-ਚਾਲੂ ਕਰਨ ਦੌਰਾਨ ਗਲਤੀ ਸੀ। ਡਾਊਨਲੋਡ ਕਰਨ ਦੀ ਫੇਰ ਕੋਸ਼ਿਸ਼ ਕਰੋ ਜੀ।"},{"$i":"no-downloads","$v":"ਕੋਈ ਡਾਊਨਲੋਡ ਨਹੀਂ ਹੈ"},{"$i":"byteUnit-B","$v":"B"},{"$i":"byteUnit-KB","$v":"KB"},{"$i":"byteUnit-MB","$v":"MB"},{"$i":"byteUnit-GB","$v":"GB"},{"$i":"byteUnit-TB","$v":"TB"},{"$i":"fileSize","$v":[{"t":"idOrVar","v":"size"}," ",{"t":"idOrVar","v":"unit"}]},{"$i":"percentage","$v":[{"t":"idOrVar","v":"percentage"}," %"]},{"$i":"partialResult","$v":[{"t":"idOrVar","v":"total"}," ਵਿੱਚੋਂ ",{"t":"idOrVar","v":"partial"}]},{"$i":"summary","$v":[{"t":"idOrVar","v":"date"}," - ",{"t":"idOrVar","v":"status"}]},{"$i":"download-stopped","$v":"ਰੁਕੇ"},{"$i":"download-failed","$v":"ਡਾਊਨਲੋਡ ਫੇਲ੍ਹ ਹੈ"},{"$i":"open_downloaded_file","$v":"ਖੋਲ੍ਹੋ"},{"$i":"share_downloaded_file","$v":"ਸਾਂਝਾ ਕਰੋ"},{"$i":"wallpaper_downloaded_file","$v":"ਵਾਲਪੇਪਰ ਲਗਾਓ"},{"$i":"ringtone_downloaded_file","$v":"ਰਿੰਗਟੋਨ ਲਗਾਓ"},{"$i":"cancel_downloaded_file","$v":"ਰੱਦ ਕਰੋ"},{"$i":"brandShortName","$v":"B2G OS"},{"$i":"browserBrandShortName","$v":"Web Browser"},{"$i":"browserBrandFullName","$v":"Mozilla Web Browser"},{"$i":"ringtoneBrandName","$v":"Default"},{"$i":"ringtoneSectionBrandName","$v":"System"},{"$i":"weekday-0-long","$v":"ਐਤਵਾਰ"},{"$i":"weekday-1-long","$v":"ਸੋਮਵਾਰ"},{"$i":"weekday-2-long","$v":"ਮੰਗਲਵਾਰ"},{"$i":"weekday-3-long","$v":"ਬੁੱਧਵਾਰ"},{"$i":"weekday-4-long","$v":"ਵੀਰਵਾਰ"},{"$i":"weekday-5-long","$v":"ਸ਼ੁੱਕਰਵਾਰ"},{"$i":"weekday-6-long","$v":"ਸ਼ਨਿੱਚਰਵਾਰ"},{"$i":"weekday-0-short","$v":"ਐਤ"},{"$i":"weekday-1-short","$v":"ਸੋਮ"},{"$i":"weekday-2-short","$v":"ਮੰਗਲ"},{"$i":"weekday-3-short","$v":"ਬੁੱਧ"},{"$i":"weekday-4-short","$v":"ਵੀਰ"},{"$i":"weekday-5-short","$v":"ਸ਼ੁੱਕਰ"},{"$i":"weekday-6-short","$v":"ਸ਼ਨਿੱ"},{"$i":"month-0-long","$v":"ਜਨਵਰੀ"},{"$i":"month-1-long","$v":"ਫਰਵਰੀ"},{"$i":"month-2-long","$v":"ਮਾਰਚ"},{"$i":"month-3-long","$v":"ਅਪਰੈਲ"},{"$i":"month-4-long","$v":"ਮਈ"},{"$i":"month-5-long","$v":"ਜੂਨ"},{"$i":"month-6-long","$v":"ਜੁਲਾਈ"},{"$i":"month-7-long","$v":"ਅਗਸਤ"},{"$i":"month-8-long","$v":"ਸਤੰਬਰ"},{"$i":"month-9-long","$v":"ਅਕਤੂਬਰ"},{"$i":"month-10-long","$v":"ਨਵੰਬਰ"},{"$i":"month-11-long","$v":"ਦਸੰਬਰ"},{"$i":"month-0-genitive","$v":"ਜਨਵਰੀ"},{"$i":"month-1-genitive","$v":"ਫਰਵਰੀ"},{"$i":"month-2-genitive","$v":"ਮਾਰਚ"},{"$i":"month-3-genitive","$v":"ਅਪਰੈਲ"},{"$i":"month-4-genitive","$v":"ਮਈ"},{"$i":"month-5-genitive","$v":"ਜੂਨ"},{"$i":"month-6-genitive","$v":"ਜੁਲਾਈ"},{"$i":"month-7-genitive","$v":"ਅਗਸਤ"},{"$i":"month-8-genitive","$v":"ਸਤੰਬਰ"},{"$i":"month-9-genitive","$v":"ਅਕਤੂਬਰ"},{"$i":"month-10-genitive","$v":"ਨਵੰਬਰ"},{"$i":"month-11-genitive","$v":"ਦਸੰਬਰ"},{"$i":"month-0-short","$v":"ਜਨ"},{"$i":"month-1-short","$v":"ਫਰ"},{"$i":"month-2-short","$v":"ਮਾਰ"},{"$i":"month-3-short","$v":"ਅਪ"},{"$i":"month-4-short","$v":"ਮਈ"},{"$i":"month-5-short","$v":"ਜੂਨ"},{"$i":"month-6-short","$v":"ਜੁਲਾ"},{"$i":"month-7-short","$v":"ਅਗ"},{"$i":"month-8-short","$v":"ਸਤੰ"},{"$i":"month-9-short","$v":"ਅਕਤੂ"},{"$i":"month-10-short","$v":"ਨਵੰ"},{"$i":"month-11-short","$v":"ਦਸੰ"},{"$i":"minutes-ago-long","$v":{"zero":"ਹੁਣੇ ਹੀਂ","one":"ਮਿੰਟ ਕੁ ਪਹਿਲਾਂ","two":[{"t":"idOrVar","v":"value"}," ਮਿੰਟ ਪਹਿਲਾਂ"],"few":[{"t":"idOrVar","v":"value"}," ਮਿੰਟ ਪਹਿਲਾਂ"],"many":[{"t":"idOrVar","v":"value"}," ਮਿੰਟ ਪਹਿਲਾਂ"],"other":[{"t":"idOrVar","v":"value"},"  ਮਿੰਟ ਪਹਿਲਾਂ"]},"$x":[{"t":"idOrVar","v":"plural"},"value"]},{"$i":"hours-ago-long","$v":{"zero":"ਹੁਣੇ ਹੀ","one":"ਘੰਟਾ ਪਹਿਲਾਂ","two":[{"t":"idOrVar","v":"value"}," ਘੰਟੇ ਪਹਿਲਾਂ"],"few":[{"t":"idOrVar","v":"value"}," ਘੰਟੇ ਪਹਿਲਾਂ"],"many":[{"t":"idOrVar","v":"value"}," ਘੰਟੇ ਪਹਿਲਾਂ"],"other":[{"t":"idOrVar","v":"value"}," ਘੰਟੇ ਪਹਿਲਾਂ"]},"$x":[{"t":"idOrVar","v":"plural"},"value"]},{"$i":"days-ago-long","$v":{"zero":"ਅੱਜ","one":"ਕੱਲ੍ਹ","two":[{"t":"idOrVar","v":"value"}," ਦਿਨ ਪਹਿਲਾਂ"],"few":[{"t":"idOrVar","v":"value"}," ਦਿਨ ਪਹਿਲਾਂ"],"many":[{"t":"idOrVar","v":"value"}," ਦਿਨ ਪਹਿਲਾਂ"],"other":[{"t":"idOrVar","v":"value"}," ਦਿਨ ਪਹਿਲਾਂ"]},"$x":[{"t":"idOrVar","v":"plural"},"value"]},{"$i":"weeks-ago-long","$v":{"zero":"ਇਹ ਹਫ਼ਤੇ","one":"ਪਿਛਲੇ ਹਫ਼ਤੇ","two":[{"t":"idOrVar","v":"value"}," ਹਫ਼ਤੇ ਪਹਿਲਾਂ"],"few":[{"t":"idOrVar","v":"value"}," ਹਫ਼ਤੇ ਪਹਿਲਾਂ"],"many":[{"t":"idOrVar","v":"value"}," ਹਫ਼ਤੇ ਪਹਿਲਾਂ"],"other":[{"t":"idOrVar","v":"value"}," ਹਫ਼ਤੇ ਪਹਿਲਾਂ"]},"$x":[{"t":"idOrVar","v":"plural"},"value"]},{"$i":"months-ago-long","$v":{"zero":"ਇਹ ਮਹੀਨੇ","one":"ਪਿਛਲੇ ਮਹੀਨੇ","two":[{"t":"idOrVar","v":"value"}," ਮਹੀਨੇ ਪਹਿਲਾਂ"],"few":[{"t":"idOrVar","v":"value"}," ਮਹੀਨੇ ਪਹਿਲਾਂ"],"many":[{"t":"idOrVar","v":"value"}," ਮਹੀਨੇ ਪਹਿਲਾਂ"],"other":[{"t":"idOrVar","v":"value"}," ਮਹੀਨੇ ਪਹਿਲਾਂ"]},"$x":[{"t":"idOrVar","v":"plural"},"value"]},{"$i":"years-ago-long","$v":{"zero":"ਇਹ ਸਾਲ","one":"ਪਿਛਲੇ ਸਾਲ","two":[{"t":"idOrVar","v":"value"}," ਸਾਲ ਪਹਿਲਾਂ"],"few":[{"t":"idOrVar","v":"value"}," ਸਾਲ ਪਹਿਲਾਂ"],"many":[{"t":"idOrVar","v":"value"}," ਸਾਲ ਪਹਿਲਾਂ"],"other":[{"t":"idOrVar","v":"value"}," ਸਾਲ ਪਹਿਲਾਂ"]},"$x":[{"t":"idOrVar","v":"plural"},"value"]},{"$i":"minutes-until-long","$v":{"zero":"ਹੁਣ","one":"ਮਿੰਟ ਵਿੱਚ","two":[{"t":"idOrVar","v":"value"}," ਮਿੰਟਾਂ ਵਿੱਚ"],"few":[{"t":"idOrVar","v":"value"}," ਮਿੰਟਾਂ ਵਿੱਚ"],"many":[{"t":"idOrVar","v":"value"}," ਮਿੰਟਾਂ ਵਿੱਚ"],"other":[{"t":"idOrVar","v":"value"}," ਮਿੰਟਾਂ ਵਿੱਚ"]},"$x":[{"t":"idOrVar","v":"plural"},"value"]},{"$i":"hours-until-long","$v":{"zero":"ਹੁਣ","one":"ਇੱਕ ਘੰਟੇ ਵਿੱਚ","two":[{"t":"idOrVar","v":"value"}," ਘੰਟਿਆਂ ਵਿੱਚ"],"few":[{"t":"idOrVar","v":"value"}," ਘੰਟਿਆਂ ਵਿੱਚ"],"many":[{"t":"idOrVar","v":"value"}," ਘੰਟਿਆਂ ਵਿੱਚ"],"other":[{"t":"idOrVar","v":"value"}," ਘੰਟਿਆਂ ਵਿੱਚ"]},"$x":[{"t":"idOrVar","v":"plural"},"value"]},{"$i":"days-until-long","$v":{"zero":"ਅੱਜ","one":"ਭਲਕੇ","two":[{"t":"idOrVar","v":"value"}," ਦਿਨਾਂ ਵਿੱਚ"],"few":[{"t":"idOrVar","v":"value"}," ਦਿਨਾਂ ਵਿੱਚ"],"many":[{"t":"idOrVar","v":"value"}," ਦਿਨਾਂ ਵਿੱਚ"],"other":[{"t":"idOrVar","v":"value"}," ਦਿਨਾਂ ਵਿੱਚ"]},"$x":[{"t":"idOrVar","v":"plural"},"value"]},{"$i":"weeks-until-long","$v":{"zero":"ਇਸ ਹਫ਼ਤੇ","one":"ਅਗਲੇ ਹਫ਼ਤੇ","two":[{"t":"idOrVar","v":"value"}," ਹਫ਼ਤਿਆਂ ਵਿੱਚ"],"few":[{"t":"idOrVar","v":"value"}," ਹਫ਼ਤਿਆਂ ਵਿੱਚ"],"many":[{"t":"idOrVar","v":"value"}," ਹਫ਼ਤਿਆਂ ਵਿੱਚ"],"other":[{"t":"idOrVar","v":"value"}," ਹਫ਼ਤਿਆਂ ਵਿੱਚ"]},"$x":[{"t":"idOrVar","v":"plural"},"value"]},{"$i":"months-until-long","$v":{"zero":"ਇਸ ਮਹੀਨੇ","one":"ਅਗਲੇ ਮਹੀਨੇ","two":[{"t":"idOrVar","v":"value"}," ਮਹੀਨਿਆਂ ਵਿੱਚ"],"few":[{"t":"idOrVar","v":"value"}," ਮਹੀਨਿਆਂ ਵਿੱਚ"],"many":[{"t":"idOrVar","v":"value"}," ਮਹੀਨਿਆਂ ਵਿੱਚ"],"other":[{"t":"idOrVar","v":"value"}," ਮਹੀਨਿਆਂ ਵਿੱਚ"]},"$x":[{"t":"idOrVar","v":"plural"},"value"]},{"$i":"years-until-long","$v":{"zero":"ਇਸ ਸਾਲ","one":"ਅਗਲੇ ਸਾਲ","two":[{"t":"idOrVar","v":"value"}," ਸਾਲਾਂ ਵਿੱਚ"],"few":[{"t":"idOrVar","v":"value"}," ਸਾਲਾਂ ਵਿੱਚ"],"many":[{"t":"idOrVar","v":"value"}," ਸਾਲਾਂ ਵਿੱਚ"],"other":[{"t":"idOrVar","v":"value"}," ਸਾਲਾਂ ਵਿੱਚ"]},"$x":[{"t":"idOrVar","v":"plural"},"value"]},{"$i":"minutes-ago-short","$v":{"zero":"ਹੁਣੇ ਹੀ","other":[{"t":"idOrVar","v":"value"},"ਮਿੰ ਪਹਿਲਾਂ"]},"$x":[{"t":"idOrVar","v":"plural"},"value"]},{"$i":"hours-ago-short","$v":{"zero":"ਹੁਣੇ ਹੀਂ","other":[{"t":"idOrVar","v":"value"},"ਘੰ ਪਹਿਲਾਂ"]},"$x":[{"t":"idOrVar","v":"plural"},"value"]},{"$i":"days-ago-short","$v":{"zero":"ਅੱਜ","other":[{"t":"idOrVar","v":"value"},"ਦਿ ਪਹਿਲਾਂ"]},"$x":[{"t":"idOrVar","v":"plural"},"value"]},{"$i":"minutes-until-short","$v":{"zero":"ਹੁਣ","other":[{"t":"idOrVar","v":"value"},"ਮਿੰ ਵਿੱਚ"]},"$x":[{"t":"idOrVar","v":"plural"},"value"]},{"$i":"hours-until-short","$v":{"zero":"ਹੁਣ","other":[{"t":"idOrVar","v":"value"},"ਘੰ ਵਿੱਚ"]},"$x":[{"t":"idOrVar","v":"plural"},"value"]},{"$i":"days-until-short","$v":{"zero":"ਅੱਜ","other":[{"t":"idOrVar","v":"value"},"ਦਿ ਵਿੱਚ"]},"$x":[{"t":"idOrVar","v":"plural"},"value"]},{"$i":"incorrectDate","$v":"(ਗਲਤ ਮਿਤੀ)"},{"$i":"dateTimeFormat_%c","$v":"%a %e %b  %Y %I:%M:%S %p"},{"$i":"dateTimeFormat_%x","$v":"%d/%m/%Y"},{"$i":"dateTimeFormat_%X","$v":"%I:%M:%S %p"},{"$i":"shortTimeFormat","$v":"%I:%M %p"},{"$i":"shortTimeFormat12","$v":"%I:%M %p"},{"$i":"shortTimeFormat24","$v":"%H:%M"},{"$i":"shortDateTimeFormat","$v":"%x %I:%M %p"},{"$i":"weekStartsOnMonday","$v":"1"},{"$i":"firstDayOfTheWeek","$v":"0"},{"$i":"time_am","$v":"ਸਵੇਰੇ"},{"$i":"time_pm","$v":"ਸ਼ਾਮ"},{"$i":"title-app","$v":"ਐਪ ਮਨਜ਼ੂਰੀ"},{"$i":"title-web","$v":"ਵੈੱਬਸਾਈਟ ਮਨਜ਼ੂਰੀ"},{"$i":"title-cam","$v":"ਕੈਮਰਾ ਚੁਣੋ"},{"$i":"perm-alarms","$v":"Schedule Alarms"},{"$i":"perm-audio-capture","$v":"ਮਾਈਕਰੋਫੋਨ"},{"$i":"perm-audio-capture-appRequest","$v":["ਕੀ ਤੁਸੀਂ ",{"t":"idOrVar","v":"app"}," ਨਾਲ ਮਾਈਕਰੋਫੋਨ ਸਾਂਝਾ ਕਰਨਾ ਚਾਹੁੰਦੇ ਹੋ?"]},{"$i":"perm-audio-capture-webRequest","$v":["ਕੀ ਤੁਸੀਂ ",{"t":"idOrVar","v":"site"}," ਨਾਲ ਮਾਈਕਰੋਫੋਨ ਸਾਂਝਾ ਕਰਨਾ ਚਾਹੁੰਦੇ ਹੋ?"]},{"$i":"perm-audio-channel-content","$v":"Play Sounds"},{"$i":"perm-audio-channel-notification","$v":"Play Notification Sounds"},{"$i":"perm-audio-channel-ringer","$v":"Play Ringtone Sounds"},{"$i":"perm-background-sensors","$v":"Access Sensor Data"},{"$i":"perm-bluetooth","$v":"Bluetooth"},{"$i":"perm-browser","$v":"Inspect Web Pages"},{"$i":"perm-camera","$v":"Cameras"},{"$i":"perm-camera-selector-appRequest","$v":[{"t":"idOrVar","v":"app"}," ਲਈ ਕੈਮਰਾ ਚੁਣੋ।"]},{"$i":"perm-camera-selector-webRequest","$v":[{"t":"idOrVar","v":"site"}," ਲਈ ਕੈਮਰਾ ਚੁਣੋ।"]},{"$i":"perm-cellbroadcast","$v":"Cell Broadcasts"},{"$i":"perm-contacts","$v":"ਸੰਪਰਕ"},{"$i":"perm-contacts-appRequest","$v":[{"t":"idOrVar","v":"app"}," ਤੁਹਾਡੀ ਸੰਪਰਕ ਸੂਚੀ ਨੂੰ ਵਰਤਣਾ ਚਾਹੁੰਦੀ ਹੈ।"]},{"$i":"perm-contacts-webRequest","$v":[{"t":"idOrVar","v":"site"}," ਤੁਹਾਡੀ ਸੰਪਰਕ ਸੂਚੀ ਨੂੰ ਵਰਤਣਾ ਚਾਹੁੰਦੀ ਹੈ।"]},{"$i":"perm-desktop-notification","$v":"ਸੂਚਨਾਵਾਂ"},{"$i":"perm-desktop-notification-appRequest","$v":[{"t":"idOrVar","v":"app"}," ਸੂਚਨਾ ਵਿਖਾਉਣਾ ਚਾਹੁੰਦੀ ਹੈ।"]},{"$i":"perm-desktop-notification-webRequest","$v":[{"t":"idOrVar","v":"site"}," ਸੂਚਨਾ ਵਿਖਾਉਣਾ ਚਾਹੁੰਦੀ ਹੈ।"]},{"$i":"perm-device-storage-apps","$v":"Apps Storage"},{"$i":"perm-device-storage-music","$v":"ਸੰਗੀਤ ਸਟੋਰੇਜ਼"},{"$i":"perm-device-storage-music-appRequest","$v":[{"t":"idOrVar","v":"app"}," ਤੁਹਾਡੇ ਸੰਗੀਤ ਨੂੰ ਵਰਤਣਾ ਚਾਹੁੰਦੀ ਹੈ।"]},{"$i":"perm-device-storage-music-webRequest","$v":[{"t":"idOrVar","v":"site"}," ਤੁਹਾਡੇ ਚਿੱਤਰਾਂ ਨੂੰ ਵਰਤਣਾ ਚਾਹੁੰਦੀ ਹੈ।"]},{"$i":"perm-device-storage-pictures","$v":"ਚਿੱਤਰ ਸਟੋਰੇਜ਼"},{"$i":"perm-device-storage-pictures-appRequest","$v":[{"t":"idOrVar","v":"app"},"  ਤੁਹਾਡੇ ਚਿੱਤਰਾਂ ਨੂੰ ਵਰਤਣਾ ਚਾਹੁੰਦੀ ਹੈ।"]},{"$i":"perm-device-storage-pictures-webRequest","$v":[{"t":"idOrVar","v":"site"}," ਤੁਹਾਡੇ ਚਿੱਤਰਾਂ ਨੂੰ ਵਰਤਣਾ ਚਾਹੁੰਦੀ ਹੈ।"]},{"$i":"perm-device-storage-sdcard","$v":"ਮੈਮੋਰੀ ਕਾਰਡ ਸਟੋਰੇਜ਼"},{"$i":"perm-device-storage-sdcard-appRequest","$v":[{"t":"idOrVar","v":"app"}," ਤੁਹਾਡੇ ਮੈਮੋਰੀ ਕਾਰਡ ਨੂੰ ਵਰਤਣਾ ਚਾਹੁੰਦੀ ਹੈ।"]},{"$i":"perm-device-storage-sdcard-webRequest","$v":[{"t":"idOrVar","v":"site"}," ਤੁਹਾਡੇ ਮੈਮੋਰੀ ਕਾਰਡ ਨੂੰ ਵਰਤਣਾ ਚਾਹੁੰਦੀ ਹੈ।"]},{"$i":"perm-device-storage-videos","$v":"ਵੀਡੀਓ ਸਟੋਰੇਜ਼"},{"$i":"perm-device-storage-videos-appRequest","$v":[{"t":"idOrVar","v":"app"}," ਤੁਹਾਡੀਆਂ ਵੀਡੀਓ ਨੂੰ ਵਰਤਣਾ ਚਾਹੁੰਦੀ ਹੈ।"]},{"$i":"perm-device-storage-videos-webRequest","$v":[{"t":"idOrVar","v":"site"}," ਤੁਹਾਡੀਆਂ ਵੀਡੀਓ ਨੂੰ ਵਰਤਣਾ ਚਾਹੁੰਦੀ ਹੈ।"]},{"$i":"perm-embed-apps","$v":"Embed Apps"},{"$i":"perm-fmradio","$v":"FM ਰੇਡੀਓ"},{"$i":"perm-fmradio-appRequest","$v":[{"t":"idOrVar","v":"app"}," FM ਰੇਡੀਓ ਵਰਤਣਾ ਚਾਹੁੰਦੀ ਹੈ।"]},{"$i":"perm-fmradio-webRequest","$v":[{"t":"idOrVar","v":"site"}," FM ਰੇਡੀਓ ਵਰਤਣਾ ਚਾਹੁੰਦੀ ਹੈ।"]},{"$i":"perm-geolocation","$v":"ਭੂਗੋਲਿਕ ਟਿਕਾਣਾ"},{"$i":"perm-geolocation-appRequest","$v":[{"t":"idOrVar","v":"app"}," ਤੁਹਾਡਾ ਟਿਕਾਣਾ ਪਤਾ ਕਰਨਾ ਚਾਹੁੰਦੀ ਹੈ।"]},{"$i":"perm-geolocation-more-info","$v":[{"t":"idOrVar","v":"brandShortName"}," ਡਾਟਾ ਜਿਵੇਂ ਕਿ GPS, ਵਾਈ-ਫਾਈ, ਅਤੇ ਤੁਹਾਡੇ ਨੇੜਲੇ ਮੋਬਾਇਲ ਨੈੱਟਵਰਕ ਨੂੰ ਤੁਹਾਡਾ ਲਗਭਗ ਟਿਕਾਣਾ ਪਤਾ ਕਰਨ ਲਈ ਮਦਦ ਵਾਸਤੇ ਵਰਤਦਾ ਹੈ। ਡਾਟਾ ਮੋਜ਼ੀਲਾ ਅਤੇ ਹੋਰ ਸੇਵਾ ਦੇਣ ਵਾਲਿਆਂ ਨੂੰ ਭੇਜਿਆ ਜਾਂਦਾ ਹੈ ਅਤੇ ਉਹ ਟਿਕਾਣਾ ਡਾਟਾਬੇਸ ਨੂੰ ਸੁਧਾਰਨ ਲਈ ਵਰਤਿਆ ਜਾਵੇਗਾ। ਡਾਟਾ ਤੁਹਾਡੇ ਯੰਤਰ ਉੱਤੇ ਸਟੋਰ ਕੀਤਾ ਜਾ ਸਕਦਾ ਹੈ ਅਤੇ ਤਾਂ ਵੀ ਇੱਕਠੀ ਕੀਤਾ ਜਾ ਸਕਦਾ ਹੈ, ਜਦੋਂ ਕੋਈ ਵੀ ਐਪਸ ਨਾਲ ਚੱਲ ਰਹੀ ਹੋਵੇ।"]},{"$i":"perm-geolocation-webRequest","$v":[{"t":"idOrVar","v":"site"}," would like to know your location."]},{"$i":"perm-idle","$v":"See Idle Status"},{"$i":"perm-indexedDB-chrome-settings","$v":"Privileged IndexedDB"},{"$i":"perm-indexedDB-unlimited","$v":"Unlimited IndexedDB Storage"},{"$i":"perm-input-manage","$v":"Manage Keyboards"},{"$i":"perm-input","$v":"Act as a Keyboard"},{"$i":"perm-media-capture","$v":"ਕੈਮਰਾ ਤੇ ਮਾਈਕਰੋਫੋਨ"},{"$i":"perm-media-capture-appRequest","$v":["ਕੀ ਤੁਸੀਂ ",{"t":"idOrVar","v":"app"}," ਨਾਲ ਕੈਮਰਾ ਅਤੇ ਮਾਈਕਰੋਫੋਨ ਸਾਂਝਾ ਕਰਨਾ ਚਾਹੁੰਦੇ ਹੋ?"]},{"$i":"perm-media-capture-webRequest","$v":["ਕੀ ਤੁਸੀਂ ",{"t":"idOrVar","v":"site"}," ਨਾਲ ਕੈਮਰਾ ਅਤੇ ਮਾਈਕਰੋਫੋਨ ਸਾਂਝਾ ਕਰਨਾ ਚਾਹੁੰਦੇ ਹੋ?"]},{"$i":"perm-mobileconnection","$v":"Mobile Connection"},{"$i":"perm-mobileid","$v":"ਮੋਬਾਇਲ ਪਛਾਣ"},{"$i":"perm-network-events","$v":"Network Events"},{"$i":"perm-open-remote-window","$v":"Start an App"},{"$i":"perm-permissions","$v":"Modify Apps Permissions"},{"$i":"perm-power","$v":"Power Settings"},{"$i":"perm-settings","$v":"Modify Settings"},{"$i":"perm-systemXHR","$v":"Cross-Origin Requests"},{"$i":"perm-telephony","$v":"Telephony"},{"$i":"perm-video-capture","$v":"Camera"},{"$i":"perm-video-capture-appRequest","$v":["Would you like to share your camera with ",{"t":"idOrVar","v":"app"},"?"]},{"$i":"perm-video-capture-webRequest","$v":["Would you like to share your camera with ",{"t":"idOrVar","v":"site"},"?"]},{"$i":"perm-voicemail","$v":"Control Voicemail"},{"$i":"perm-webapps-manage","$v":"Install Webapps"},{"$i":"perm-wifi-manage","$v":"Manage Wi-Fi"},{"$i":"perm-attention","$v":"Open Overlay Popups"},{"$i":"perm-audio-channel-alarm","$v":"Play Alarm Sounds"},{"$i":"perm-audio-channel-normal","$v":"Play Sounds"},{"$i":"perm-audio-channel-publicnotification","$v":"Play public notification sounds"},{"$i":"perm-audio-channel-telephony","$v":"Play Telephony Sounds"},{"$i":"perm-backgroundservice","$v":"Act as a Background Service"},{"$i":"perm-device-storage-crashes","$v":"Crash Data Storage"},{"$i":"perm-downloads","$v":"Access Downloads"},{"$i":"perm-embed-widgets","$v":"Embed Widgets"},{"$i":"perm-feature-detection","$v":"Feature Detection"},{"$i":"perm-firefox-accounts","$v":"Firefox Accounts"},{"$i":"perm-mobilenetwork","$v":"Mobile Network"},{"$i":"perm-moz-attention","$v":"Open Overlay Popups (moz)"},{"$i":"perm-moz-audio-channel-ringer","$v":"Play Ringtone Sounds (moz)"},{"$i":"perm-moz-audio-channel-telephony","$v":"Play Telephony Sounds (moz)"},{"$i":"perm-moz-firefox-accounts","$v":"Firefox Accounts (moz)"},{"$i":"perm-networkstats-manage","$v":"Control Usage Stats"},{"$i":"perm-nfc","$v":"NFC"},{"$i":"perm-nfc-hci-events","$v":"NFC HCI Events"},{"$i":"perm-nfc-manager","$v":"Manage NFC"},{"$i":"perm-phonenumberservice","$v":"Phone Number Service"},{"$i":"perm-push","$v":"Push API"},{"$i":"perm-resourcestats-manage","$v":"Resource Stats"},{"$i":"perm-sms","$v":"Send and Read SMS"},{"$i":"perm-speaker-control","$v":"Control Volume"},{"$i":"perm-storage","$v":"Access Storage"},{"$i":"perm-tcp-socket","$v":"TCP Sockets"},{"$i":"perm-test-permission","$v":"Test Permission"},{"$i":"perm-time","$v":"Set Date and Time"},{"$i":"perm-udp-socket","$v":"UDP Sockets"},{"$i":"perm-wappush","$v":"WAP Push"},{"$i":"tz-region","$v":"ਖੇਤਰ"},{"$i":"tz-city","$v":"ਸ਼ਹਿਰ"},{"$i":"tzRegion-Africa","$v":"ਅਫਰੀਕਾ"},{"$i":"tzRegion-America","$v":"ਅਮਰੀਕਾ"},{"$i":"tzRegion-Antarctica","$v":"ਐਨਟਾਰਟਿਕਾ"},{"$i":"tzRegion-Asia","$v":"ਏਸ਼ੀਆ"},{"$i":"tzRegion-Atlantic","$v":"ਐਟਲਾਟਿਕ ਮਹਾਂਸਾਗਰ"},{"$i":"tzRegion-Australia","$v":"ਆਸਟਰੇਲੀਆ"},{"$i":"tzRegion-Europe","$v":"ਯੂਰਪ"},{"$i":"tzRegion-Indian","$v":"ਹਿੰਦ ਮਹਾਂਸਾਗਰ"},{"$i":"tzRegion-Pacific","$v":"ਪ੍ਰਸ਼ਾਂਤ ਮਹਾਂਸਾਗਰ"},{"$i":"ringtone-none","$v":"ਕੋਈ ਨਹੀਂ"},{"$i":"ringer_bubble","$v":"Bubble"},{"$i":"ringer_chimer","$v":"Chimer"},{"$i":"ringer_cunning","$v":"Cunning"},{"$i":"ringer_dulco","$v":"Dulco"},{"$i":"ringer_firefox2","$v":[{"t":"idOrVar","v":"ringtoneBrandName"}]},{"$i":"ringer_garden","$v":"Garden"},{"$i":"ringer_marbled","$v":"Marbled"},{"$i":"ringer_opti","$v":"Opti"},{"$i":"ringer_pecko","$v":"Pecko"},{"$i":"ringer_pingy","$v":"Pingy"},{"$i":"ringer_poppop","$v":"Pop Pop"},{"$i":"ringer_sata","$v":"Sata"},{"$i":"ringer_simple","$v":"Clean"},{"$i":"ringer_standard1","$v":"Classic"},{"$i":"ringer_standard2","$v":"Classic Fast"},{"$i":"ringer_stutter","$v":"Stutter"},{"$i":"ringer_symmetry","$v":"Symmetry"},{"$i":"ringer_tailwind","$v":"Tail Wind"},{"$i":"ringer_thoughtful","$v":"Thoughtful"},{"$i":"ringer_wit","$v":"Wit"},{"$i":"ringer_zen","$v":"Zen"},{"$i":"notifier_bells","$v":"Bells"},{"$i":"notifier_bloom","$v":"Bloom"},{"$i":"notifier_chime","$v":"Chime"},{"$i":"notifier_clicka","$v":"Clicka"},{"$i":"notifier_digi","$v":"Digi"},{"$i":"notifier_dropplet","$v":"Dropplet"},{"$i":"notifier_firefox2","$v":[{"t":"idOrVar","v":"ringtoneBrandName"}]},{"$i":"notifier_hello","$v":"Hello"},{"$i":"notifier_lowmarble","$v":"Low Marble"},{"$i":"notifier_ping","$v":"Ping"},{"$i":"notifier_plickle","$v":"Plickle"},{"$i":"notifier_pocko","$v":"Pocko"},{"$i":"notifier_quado","$v":"Quado"},{"$i":"notifier_red","$v":"Red"},{"$i":"notifier_sato","$v":"Sato"},{"$i":"notifier_swipo","$v":"Swipo"},{"$i":"notifier_trickleup","$v":"Trickle Up"},{"$i":"notifier_trink","$v":"Trink"},{"$i":"notifier_verse","$v":"Verse"},{"$i":"settings","$v":"ਸੈਟਿੰਗ"},{"$i":"advancedSettings","$v":"ਤਕਨੀਕੀ ਸੈਟਿੰਗ"},{"$i":"default","$v":"ਮੂਲ"},{"$i":"enabled","$v":"ਸਮਰੱਥ ਕੀਤਾ"},{"$i":"enable","$v":"ਸਮਰੱਥ ਕਰੋ"},{"$i":"disabled","$v":"ਅਸਮਰੱਥ ਕੀਤਾ"},{"$i":"error","$v":"ਗਲਤੀ"},{"$i":"ok","$v":"ਠੀਕ ਹੈ"},{"$i":"yes","$v":"ਹਾਂ"},{"$i":"no","$v":"ਨਹੀਂ"},{"$i":"reset","$v":"ਮੁੜ-ਸੈਟ ਕਰੋ"},{"$i":"cancel","$v":"ਰੱਦ ਕਰੋ"},{"$i":"close","$v":"ਬੰਦ ਕਰੋ"},{"$i":"back","$v":"ਪਿੱਛੇ"},{"$i":"continue","$v":"ਜਾਰੀ ਰੱਖੋ"},{"$i":"skip","$v":"ਛੱਡੋ"},{"$i":"pair","$v":"ਪੇਅਰ ਕਰੋ"},{"$i":"add","$v":"Add"},{"$i":"done","$v":"ਮੁਕੰਮਲ"},{"$i":"set","$v":"ਸੈਟ ਕਰੋ"},{"$i":"notNow","$v":"ਹੁਣੇ ਨਹੀਂ"},{"$i":"turnOn","$v":"ਚਾਲੂਕ ਕਰੋ"},{"$i":"selectASIMCard","$v":"ਸਿਮ ਕਾਰਡ ਚੁਣੋ"},{"$i":"sim1","$v":"ਸਿਮ 1"},{"$i":"sim2","$v":"ਸਿਮ 2"},{"$i":"unavailable","$v":"ਉਪਲੱਬਧ ਨਹੀਂ ਹੈ"},{"$i":"confirmation","$v":"Confirmation"},{"$i":"simSettingsWithIndex","$v":["SIM ",{"t":"idOrVar","v":"index"}," Settings"]},{"$i":"networkAndConnectivity","$v":"ਨੈਟਵਰਕ ਤੇ ਕਨੈਕਟਵਿਟੀ"},{"$i":"airplaneMode","$v":"ਏਅਰਪਲੇਨ ਮੋਡ"},{"$i":"geolocation","$v":"ਭੂਗੋਲਿਕ-ਟਿਕਾਣਾ"},{"$i":"wifi","$v":"ਵਾਈ-ਫਾਈ"},{"$i":"wifi-header","$v":[{"t":"idOrVar","v":"wifi"}]},{"$i":"wifi-disabled","$v":"ਮੌਜੂਦ ਨੈੱਟਵਰਕ ਵੇਖਣ ਲਈ ਵਾਈ-ਫਾਈ ਚਾਲੂ ਕਰੋ।"},{"$i":"availableNetworks","$v":"ਮੌਜੂਦ ਨੈਟਵਰਕ"},{"$i":"knownNetworks","$v":"ਪਛਾਣੇ ਨੈਟਵਰਕ"},{"$i":"hiddenNetworks","$v":"ਲੁਕਵੇਂ ਨੈਟਵਰਕ"},{"$i":"scanning","$v":"…ਖੋਜ ਜਾਰੀ ਹੈ"},{"$i":"scanNetworks","$v":"ਮੁੜ-ਖੋਜ ਕਰੋ"},{"$i":"fullStatus-initializing","$v":"…ਸ਼ੁਰੂ ਕੀਤਾ ਜਾ ਰਿਹਾ ਹੈ"},{"$i":"fullStatus-connecting","$v":[{"t":"idOrVar","v":"ssid"}," ਨਾਲ ਕਨੈਕਟ ਕੀਤਾ ਜਾ ਰਿਹਾ ਹੈ…"]},{"$i":"fullStatus-associated","$v":"IP ਸਿਰਨਾਵਾਂ ਪ੍ਰਾਪਤ ਕੀਤਾ ਜਾ ਰਿਹਾ ਹੈ…"},{"$i":"fullStatus-connected","$v":[{"t":"idOrVar","v":"ssid"}," ਨਾਲ ਕਨੈਕਟ ਹੈ"]},{"$i":"fullStatus-connectingfailed","$v":"ਕਨੈਕਸ਼ਨ ਫੇਲ੍ਹ ਹੈ"},{"$i":"fullStatus-disconnected","$v":"ਆਫਲਾਈਨ"},{"$i":"shortStatus-connecting","$v":"…ਕਨੈਕਟ ਕੀਤਾ ਜਾ ਰਿਹਾ ਹੈ"},{"$i":"shortStatus-associated","$v":"…IP ਸਿਰਨਾਵਾਂ ਪ੍ਰਾਪਤ ਕੀਤਾ ਜਾ ਰਿਹਾ ਹੈ"},{"$i":"shortStatus-connected","$v":"ਕਨੈਕਟ ਹੈ"},{"$i":"shortStatus-connectingfailed","$v":"ਕਨੈਕਸ਼ਨ ਫੇਲ੍ਹ ਹੈ"},{"$i":"shortStatus-disconnected","$v":"ਆਫਲਾਈਨ"},{"$i":"wifi-sleep","$v":"Wi-Fi Sleep"},{"$i":"wifi-sleep-description","$v":"Enable to automatically turn off Wi-Fi during sleep to save battery power.  "},{"$i":"manageNetworks","$v":"ਨੈਟਵਰਕ ਪ੍ਰਬੰਧ"},{"$i":"wifi-bad-credentials-title","$v":"ਵਾਈ-ਫਾਈ ਨਾਲ ਕਨੈਕਟ ਕਰਨ ਲਈ ਫੇਲ੍ਹ ਹੈ"},{"$i":"wifi-bad-credentials-confirm","$v":["Unable to connect to ",{"t":"idOrVar","v":"ssid"},", authentication failed due to bad credentials. Please re-enter the network password."]},{"$i":"manageNetworks-header","$v":[{"t":"idOrVar","v":"manageNetworks"}]},{"$i":"manageCertificates","$v":"ਸਨਦ ਪਰਬੰਧ"},{"$i":"manageCert","$v":"ਸਰਟੀਫਿਕੇਟ ਪਰਬੰਧ"},{"$i":"joinHiddenNetwork","$v":"ਲੁਕਵੇਂ ਨੈਟਵਰਕ ਨੂੰ ਜੁਆਇੰਨ ਕਰ"},{"$i":"securedBy","$v":[{"t":"idOrVar","v":"capabilities"}," ਰਾਹੀਂ ਸੁਰੱਖਿਅਤ"]},{"$i":"security","$v":"ਸੁਰੱਖਿਅਤ"},{"$i":"securityNone","$v":"ਕੋਈ ਨਹੀਂ"},{"$i":"securityOpen","$v":"ਖੋਲ੍ਹੋ"},{"$i":"notInRange","$v":"Not in range"},{"$i":"ipAddress","$v":"IP ਐਡਰੈਸ"},{"$i":"linkSpeed","$v":"ਲਿੰਕ ਸਪੀਡ"},{"$i":"linkSpeedMbs","$v":[{"t":"idOrVar","v":"linkSpeed"}," Mbit/s"]},{"$i":"signalStrength","$v":"ਸਿਗਨਲ ਮਜ਼ਬੂਤੀ"},{"$i":"signalLevel0","$v":"ਬਹੁਤ ਕਮਜ਼ੋਰ"},{"$i":"signalLevel1","$v":"ਕਮਜ਼ੋਰ"},{"$i":"signalLevel2","$v":"ਔਸਤ"},{"$i":"signalLevel3","$v":"ਮਜ਼ਬੂਤ"},{"$i":"signalLevel4","$v":"ਬਹੁਤ ਮਜ਼ਬੂਤ"},{"$i":"forget","$v":"ਭੁੱਲੇ"},{"$i":"forgetNetwork-dialog","$v":"ਨੈਟਵਰਕ ਭੁੱਲ ਗਏ?"},{"$i":"forgetNetwork-confirmation","$v":"ਪੁਸ਼ਟੀ"},{"$i":"authentication","$v":"ਪਰਮਾਣਕਿਤਾ"},{"$i":"authentication-header","$v":[{"t":"idOrVar","v":"authentication"}]},{"$i":"eap","$v":"EAP ਢੰਗ"},{"$i":"auth-phase2","$v":"ਫ਼ੇਜ਼ 2 ਪਰਮਾਣਕਿਤਾ"},{"$i":"server-certificate","$v":"ਸਰਵਰ ਸਰਟੀਫਿਕੇਟ"},{"$i":"import-certificate-msg","$v":"Notice: If you need to import new certificates, please go to \"Manage certificates\"."},{"$i":"identity","$v":"ਪਛਾਣਕਰਤਾ"},{"$i":"password","$v":"ਪਾਸਵਰਡ"},{"$i":"showPassword","$v":"ਪਾਸਵਰਡ ਵੇਖਾਓ"},{"$i":"networkNotification","$v":"ਨੈਟਵਰਕ ਸੂਚਨਾ"},{"$i":"networkNotification-expl","$v":"Notify me when an open network is available"},{"$i":"macAddress","$v":"MAC ਸਿਰਨਾਵਾਂ"},{"$i":"deviceInfo_software","$v":[{"t":"idOrVar","v":"brandShortName"}," ",{"t":"idOrVar","v":"os"}]},{"$i":"macUnavailable","$v":"ਮੌਜੂਦ ਨਹੀਂ"},{"$i":"noNetworksFound","$v":"ਕੋਈ ਨੈੱਟਵਰਕ ਨਹੀਂ ਮਿਲਿਆ"},{"$i":"noKnownNetworks","$v":"ਕੋਈ ਪਛਾਣਿਆ ਨੈੱਟਵਰਕ ਨਹੀਂ"},{"$i":"edit","$v":"ਸੋਧ"},{"$i":"certificateList","$v":"ਸਰਟੀਫਿਕੇਟ ਸੂਚੀ"},{"$i":"noCertificate","$v":"ਕੋਈ ਬਰਾਮਦ ਕੀਤਾ ਸਰਟੀਫਿਕੇਟ ਨਹੀਂ"},{"$i":"deleteCertificate","$v":"ਸਰਟੀਫਿਕੇਟ ਹਟਾਓ"},{"$i":"importCertificate","$v":"ਸਰਟੀਫਿਕੇਟ ਬਰਾਮਦ ਕਰੋ"},{"$i":"selectCertificateFile","$v":"ਸਰਟੀਫਿਕੇਟ ਫ਼ਾਈਲ ਚੁਣੋ"},{"$i":"enterCertificateNickname","$v":"Enter certificate nick name"},{"$i":"nickname","$v":"ਨਾਂ"},{"$i":"enter-certificate-name-msg","$v":"You can change the nick name or keep the default name."},{"$i":"certificate-deletion-failed","$v":"Certificate deletion failed"},{"$i":"certificate-deletion-failed-description","$v":"This may be due to a storage issue, for example."},{"$i":"certificate-import-failed","$v":"Certificate import failed"},{"$i":"certificate-import-failed-description","$v":"This may be due to a damaged certificate file, for example."},{"$i":"wpsMessage","$v":"WPS ਨਾਲ ਕਨੈਕਟ ਕਰੋ"},{"$i":"wpsMessage-header","$v":[{"t":"idOrVar","v":"wpsMessage"}]},{"$i":"fullStatus-wps-inprogress","$v":"WPS ਜਾਰੀ ਹੈ…"},{"$i":"fullStatus-wps-canceled","$v":"WPS ਰੱਦ ਕੀਤਾ"},{"$i":"fullStatus-wps-timedout","$v":"WPS timed out"},{"$i":"fullStatus-wps-failed-error","$v":["WPS ਫੇਲ੍ਹ [",{"t":"idOrVar","v":"error"},"]"]},{"$i":"fullStatus-wps-overlapped","$v":"ਹੋਰ WPS PBC AP ਲੱਭਿਆ"},{"$i":"wpsDescription2","$v":"ਆਟੋਮੈਟਿਕ ਵਾਈ-ਫਾਈ ਸੈਟਅੱਪ"},{"$i":"wpsMethodSelection","$v":"Select a WPS method:"},{"$i":"wpsPbcLabel","$v":"ਬਟਨ ਕਨੈਕਸ਼ਨ"},{"$i":"wpsMyPinLabel","$v":"ਮੇਰਾ ਪਿੰਨ ਕਨੈਕਸ਼ਨ"},{"$i":"wpsApPinLabel","$v":"AP PIN ਕਨੈਕਸ਼ਨ"},{"$i":"wpsPinDescription","$v":"ਪਿੰਨ 4 ਜਾਂ 8 ਅੰਕਾਂ ਦਾ ਹੈ"},{"$i":"wpsPinInput","$v":["Input ",{"t":"idOrVar","v":"pin"}," to an opposite device"]},{"$i":"wpsPinAps","$v":"ਵਿਰੋਧੀ ਯੰਤਰ ਚੁਣੋ"},{"$i":"wpsAnyAp","$v":"ਕੋਈ ਵੀ"},{"$i":"wpsCancelMessage","$v":"WPS ਰੱਦ ਕਰੋ"},{"$i":"wpsCancelFailedMessageError","$v":["Failed to cancel WPS [",{"t":"idOrVar","v":"error"},"]"]},{"$i":"callSettings","$v":"ਕਾਲ ਸੈਟਿੰਗ"},{"$i":"callSettings-header","$v":[{"t":"idOrVar","v":"callSettings"}]},{"$i":"callSettingsQuery","$v":"…ਨੈੱਟਵਰਕ ਜਾਣਕਾਰੀ ਦੀ ਬੇਨਤੀ ਕੀਤੀ ਜਾ ਰਹੀ ਹੈ"},{"$i":"callSettingsQueryError","$v":"ਕਿਊਰੀ ਵਿੱਚ ਗਲਤੀ"},{"$i":"voiceMail","$v":"ਵੋਆਇਸਮੇਲ"},{"$i":"voiceMail-header","$v":[{"t":"idOrVar","v":"voiceMail"}]},{"$i":"voiceMail-number","$v":"ਵੋਆਇਸਮੇਲ ਨੰਬਰ"},{"$i":"voiceMail-number-notSet","$v":"ਸੈਟ ਨਹੀਂ"},{"$i":"voicePrivacyMode","$v":"ਆਵਾਜ਼ ਪਰਦੇਦਾਰੀ ਮੋਡ"},{"$i":"callWaiting","$v":"ਕਾਲ ਉਡੀਕ ਵਿੱਚ"},{"$i":"confirmCallWaitingTitle","$v":"Unable to confirm call waiting preferences"},{"$i":"confirmCallWaitingDesc","$v":"The device is currently unable to communicate with the carrier. Try setting the preference again."},{"$i":"callForwarding","$v":"ਕਾਲ ਅੱਗੇ ਭੇਜਣਾ"},{"$i":"callForwarding-header","$v":[{"t":"idOrVar","v":"callForwarding"}]},{"$i":"callForwardingForward","$v":"ਅੱਗੇ"},{"$i":"callForwardingUnconditional","$v":"ਹਮੇਸ਼ਾ ਅੱਗੇ ਭੇਜੋ"},{"$i":"callForwardingUnconditionalShort","$v":"ਹਮੇਸ਼ਾ"},{"$i":"callForwardingMobileBusy","$v":"ਜਦੋਂ ਰੁੱਝਿਆ ਹੋਵੇ ਤਾਂ ਅੱਗੇ ਭੇਜੋ"},{"$i":"callForwardingMobileBusyShort","$v":"ਜਦੋਂ ਰੁੱਝਿਆ ਹੋਵੇ"},{"$i":"callForwardingNoReply","$v":"Forward when unanswered"},{"$i":"callForwardingNoReplyShort","$v":"When unanswered"},{"$i":"callForwardingNotReachable","$v":"Forward when unreachable"},{"$i":"callForwardingNotReachableShort","$v":"When unreachable"},{"$i":"callForwardingForwardingVoiceToNumber","$v":["Voice calls to ",{"t":"idOrVar","v":"number"}]},{"$i":"callForwardingNotForwarding","$v":"ਅਸਮਰੱਥ ਹੈ"},{"$i":"callForwardingConfirmTitle","$v":"Call forwarding confirmation message"},{"$i":"cf-alwaysUseThisNumber","$v":"ਹਮੇਸ਼ਾ ਇਹ ਨੰਬਰ ਵਰਤੋਂ"},{"$i":"cf-numberWhenUnreachable","$v":"Number when unreachable"},{"$i":"cf-numberWhenUnanswered","$v":"Number when unanswered"},{"$i":"cf-numberWhenBusy","$v":"Number when busy"},{"$i":"callForwardingInvalidNumberError","$v":"This phone number is invalid."},{"$i":"callForwardingSetSuccess","$v":"ਕਾਰਵਾਈ ਕਾਮਯਾਬੀ ਨਾਲ ਸੈਟ ਕੀਤੀ।"},{"$i":"callForwardingSetForbidden","$v":"ਤੁਹਾਡਾ ਓਪਰੇਟਰ ਇਸ ਕਾਰਵਾਈ ਲਈ ਸਹਾਇਕ ਨਹੀਂ ਹੈ।"},{"$i":"callForwardingSetError","$v":"ਕਾਲ ਸੈਟਿੰਗ ਲਤੀ"},{"$i":"callerId","$v":"ਕਾਲਰ ID"},{"$i":"callBarring","$v":"Call Barring"},{"$i":"callBarring-header","$v":[{"t":"idOrVar","v":"callBarring"}]},{"$i":"callBarring-outgoing","$v":"Outgoing calls"},{"$i":"callBarring-baoc","$v":"All"},{"$i":"callBarring-boic","$v":"International"},{"$i":"callBarring-boicExhc","$v":"International except Home Country"},{"$i":"callBarring-incoming","$v":"Incoming calls"},{"$i":"callBarring-baic","$v":"All"},{"$i":"callBarring-baicR","$v":"All while roaming"},{"$i":"callBarring-passcode","$v":"Passcode"},{"$i":"callBarring-change-passcode","$v":"Change passcode"},{"$i":"callBarring-passcode-enter","$v":"Enter passcode"},{"$i":"callBarring-passcode-unknown","$v":"In case you don't know your passcode, please contact your carrier"},{"$i":"callBarring-current-passcode","$v":"Current passcode"},{"$i":"callBarring-new-passcode","$v":"New passcode"},{"$i":"callBarring-create-passcode","$v":"Create a Passcode"},{"$i":"callBarring-confirm-passcode","$v":"Confirm passcode"},{"$i":"callBarring-passcode-error-generic","$v":"Passcode error."},{"$i":"callBarring-passcode-error-incorrect","$v":"Passcode is incorrect."},{"$i":"callBarring-passcode-error-mismatch","$v":"Passcode doesn’t match."},{"$i":"callBarring-update-item-error","$v":["Error while updating the item: ",{"t":"idOrVar","v":"error"},"."]},{"$i":"callBarring-change-passcode-success","$v":"Passcode changed."},{"$i":"callerId-default","$v":"ਨੈਟਵਰਕ ਮੂਲ"},{"$i":"callerId-hide","$v":"ਨੰਬਰ ਓਹਲੇ"},{"$i":"callerId-show","$v":"ਨੰਬਰ ਵੇਖਾਓ"},{"$i":"fdn","$v":"Fixed dialing numbers"},{"$i":"fdnSettings","$v":"Fixed dialing numbers"},{"$i":"fdnSettings-header","$v":[{"t":"idOrVar","v":"fdnSettings"}]},{"$i":"fdn-authorizedNumbers","$v":"Authorized numbers"},{"$i":"fdn-authorizedNumbers-header","$v":[{"t":"idOrVar","v":"fdn-authorizedNumbers"}]},{"$i":"fdn-authorizedNumbers-desc","$v":"List of numbers that can be called"},{"$i":"fdn-explanation1","$v":"Restrict which numbers can be dialed from this phone."},{"$i":"fdn-explanation2","$v":"(Emergency numbers will always be dialable)"},{"$i":"fdnEnable","$v":"FDN ਸਮਰੱਥ ਕਰੋ"},{"$i":"fdnDisable","$v":"FDN ਅਸਮਰੱਥ ਕਰੋ"},{"$i":"fdnReset","$v":"ਪਿੰਨ2 ਮੁੜ-ਸੈਟ ਕਰੋ"},{"$i":"fdnAttemptMsg3","$v":{"one":"You have one try left to enter the correct code before locking the SIM card.","two":["You have ",{"t":"idOrVar","v":"n"}," tries left to enter the correct code before locking the SIM card."],"few":["You have ",{"t":"idOrVar","v":"n"}," tries left to enter the correct code before locking the SIM card."],"many":["You have ",{"t":"idOrVar","v":"n"}," tries left to enter the correct code before locking the SIM card."],"other":["You have ",{"t":"idOrVar","v":"n"}," tries left to enter the correct code before locking the SIM card."]},"$x":[{"t":"idOrVar","v":"plural"},"n"]},{"$i":"fdnLastChanceMsg","$v":"This is your last chance to enter the correct PIN2. Otherwise, you must enter the PUK2 code to use this SIM card."},{"$i":"fdnErrorMsg","$v":"ਪਿੰਨ2 ਗਲਤ ਹੈ"},{"$i":"fdn-enabled-warning","$v":"Call forwarding is disabled by FDN."},{"$i":"fdnContact-name","$v":"ਨਾਂ"},{"$i":"fdnContact-number","$v":"ਨੰਬਰ"},{"$i":"fdnContact-submit","$v":"ਭੇਜੋ"},{"$i":"fdnAction-add","$v":"ਸੰਪਰਕ ਜੋੜੋ"},{"$i":"fdnAction-call","$v":"ਕਾਲ ਕਰੋ"},{"$i":"fdnAction-edit","$v":"ਸੰਪਰਕ ਸੋਧੋ"},{"$i":"fdnAction-edit-header","$v":"ਸੰਪਰਕ ਸੋਧੋ"},{"$i":"fdnAction-delete","$v":"ਸੰਪਰਕ ਹਟਾਓ"},{"$i":"fdnNoFDNFreeRecord","$v":"Maximum FDN reached. You cannot add more numbers."},{"$i":"messagingSettings","$v":"ਸੁਨੇਹਾ ਸੈਟਿੰਗ"},{"$i":"messagingSettings-header","$v":[{"t":"idOrVar","v":"messagingSettings"}]},{"$i":"message-confirmation","$v":"ਸੁਨੇਹਾ ਪੁਸ਼ਟੀ"},{"$i":"message-delivery-reports","$v":"ਡਿਲਵਰੀ ਰਿਪੋਰਟਾਂ"},{"$i":"message-delivery-reports-details","$v":"Request notification of delivery for each message sent"},{"$i":"message-read-reports","$v":"ਪੜ੍ਹਨ ਰਿਪੋਰਟ"},{"$i":"message-read-reports-details","$v":"Request read report for each message sent"},{"$i":"mmsTitle","$v":"Multimedia Messaging (MMS)"},{"$i":"auto-retrieve","$v":"ਆਪਣੇ-ਆਪ ਲਵੋ"},{"$i":"auto-retrieve-details","$v":"Automatically retrieve messages"},{"$i":"manual-retrieve","$v":"ਬੰਦ"},{"$i":"auto-roaming-retrieve","$v":"ਰੋਮਿੰਗ ਨਾਲ ਚਾਲੂ"},{"$i":"auto-no-roaming-retrieve","$v":"ਰੋਮਿੰਗ ਬਿਨਾਂ ਚਾਲੂ"},{"$i":"autoConfigure","$v":"ਆਟੋ-ਸੰਰਚਨਾ"},{"$i":"wapPushMessages","$v":"WAP ਪੁਸ਼ ਸੰਰਚਨਾ"},{"$i":"wapPush","$v":"WAP ਪੁਸ਼"},{"$i":"cellBroadcastMessages","$v":"ਸੈੱਲ ਬਰਾਡਕਾਸਟ ਸੁਨੇਹੇ"},{"$i":"cellBroadcast","$v":"ਸੈਲ ਬਰਾਡਕਾਸਟ"},{"$i":"emergencyAlert","$v":"ਐਮਰਜੈਂਸੀ ਚੇਤਾਵਨੀ"},{"$i":"messagingInformation","$v":"ਜਾਣਕਾਰੀ"},{"$i":"messaging-SMSC","$v":"ਸੇਵਾ ਕੇਂਦਰ"},{"$i":"messaging-sim-settings","$v":["ਸਿਮ ",{"t":"idOrVar","v":"index"}," ਸੈਟਿੰਗ"]},{"$i":"unknown-SMSC","$v":"ਜਾਣਕਾਰੀ ਮੌਜੂਦ ਨਹੀਂ"},{"$i":"cellularAndData","$v":"ਸੈਲੂਲਰ ਤੇ ਡਾਟਾ"},{"$i":"cellularAndData-header","$v":[{"t":"idOrVar","v":"cellularAndData"}]},{"$i":"dataNetwork","$v":"ਕੈਰੀਅਰ"},{"$i":"dataConnectivity","$v":"ਡਾਟਾ"},{"$i":"dataConnection","$v":"ਡਾਟਾ ਕਨੈਕਸ਼ਨ"},{"$i":"dataRoaming","$v":"ਡਾਟਾ ਰੋਮਿੰਗ"},{"$i":"networkOperator","$v":"ਨੈਟਵਰਕ ਓਪਰੇਟਰ"},{"$i":"networkOperator-header","$v":[{"t":"idOrVar","v":"networkOperator"}]},{"$i":"availableOperators","$v":"ਖੇਤਰ ਵਿੱਚ ਨੈਟਵਰਕ ਓਪਰੇਟਰ"},{"$i":"preferredNetworkTypeAlertTitle","$v":"ਤਰਜੀਹੀ ਨੈਟਵਰਕ ਕਿਸਮ"},{"$i":"preferredNetworkTypeAlertErrorMessage","$v":"Network type could not be set"},{"$i":"operator-networkType","$v":"ਨੈਟਵਰਕ ਕਿਸਮ"},{"$i":"operator-networkType-auto","$v":"ਆਟੋਮੈਟਿਕ"},{"$i":"operator-networkType-prefer3G","$v":"3G ਤਰਜੀਹੀ"},{"$i":"operator-networkType-2G","$v":"2G ਕੇਵਲ"},{"$i":"operator-networkType-3G","$v":"3G ਕੇਵਲ"},{"$i":"operator-networkType-GSM","$v":"GSM"},{"$i":"operator-networkType-WCDMA","$v":"WCDMA"},{"$i":"operator-networkType-CDMA","$v":"CDMA"},{"$i":"operator-networkType-EVDO","$v":"EVDO"},{"$i":"operator-networkType-LTE","$v":"LTE"},{"$i":"operator-networkType-preferWCDMA","$v":"WCDMA ਤਰਜੀਹੀ"},{"$i":"operator-networkType-auto-2G-3G","$v":"ਆਟੋ (2G/3G)"},{"$i":"operator-networkType-auto-CDMA-EVDO","$v":"ਆਟੋ (CDMA/EVDO)"},{"$i":"operator-networkType-auto-WCDMA-GSM","$v":"ਆਟੋ (WCDMA/GSM)"},{"$i":"operator-networkType-auto-LTE-WCDMA-GSM","$v":"ਆਟੋ (LTE/WCDMA/GSM)"},{"$i":"operator-networkType-auto-LTE-CDMA-EVDO","$v":"ਆਟੋ (LTE/CDMA/EVDO)"},{"$i":"operator-networkType-auto-WCDMA-GSM-CDMA-EVDO","$v":"ਆਟੋ (WCDMA/GSM/CDMA/EVDO)"},{"$i":"operator-autoSelect","$v":"ਆਟੋਮੈਟਿਕ ਚੋਣ"},{"$i":"operator-networkSelect-auto","$v":"ਆਟੋਮੈਟਿਕ"},{"$i":"operator-networkSelect-manual","$v":"ਦਸਤੀ"},{"$i":"operator-turnAutoSelectOff","$v":"Turn automatic selection off to view available network operators."},{"$i":"operator-status-connecting","$v":"…ਕਨੈਕਟ ਕੀਤਾ ਜਾ ਰਿਹਾ ਹੈ"},{"$i":"operator-status-connectingfailed","$v":"ਕਨੈਕਸ਼ਨ ਫੇਲ੍ਹ ਹੈ"},{"$i":"operator-status-connected","$v":"ਕਨੈਕਟ ਕੀਤਾ"},{"$i":"operator-roamingPreference","$v":"ਰੋਮਿੰਗ ਪਸੰਦ"},{"$i":"operator-roamingPreference-home","$v":"ਘਰ"},{"$i":"operator-roamingPreference-any","$v":"ਕੋਈ ਵੀ"},{"$i":"operator-roamingPreference-affiliated","$v":"Affiliated"},{"$i":"apn","$v":"APN"},{"$i":"apnSettings","$v":"APN ਸੈਟਿੰਗ"},{"$i":"apnSettings-header","$v":[{"t":"idOrVar","v":"apnSettings"}]},{"$i":"dataSettings","$v":"ਡਾਟਾ ਸੈਟਿੰਗ"},{"$i":"dataSettings-header","$v":[{"t":"idOrVar","v":"dataSettings"}]},{"$i":"suplSettings","$v":"A-GPS ਸੈਟਿੰਗ"},{"$i":"suplSettings-header","$v":[{"t":"idOrVar","v":"suplSettings"}]},{"$i":"messageSettings","$v":"ਸੁਨੇਹਾ ਸੈਟਿੰਗ"},{"$i":"messageSettings-header","$v":[{"t":"idOrVar","v":"messageSettings"}]},{"$i":"dunSettings","$v":"ਟੈਦਰਿੰਗ ਸੈਟਿੰਗ"},{"$i":"dunSettings-header","$v":[{"t":"idOrVar","v":"dunSettings"}]},{"$i":"imsSettings","$v":"IMS ਸੈਟਿੰਗ"},{"$i":"imsSettings-header2","$v":[{"t":"idOrVar","v":"imsSettings"}]},{"$i":"apn-editor-header","$v":"APN ਐਡੀਟਰ"},{"$i":"mmsport","$v":"MMS ਪੋਰਟ"},{"$i":"mmsproxy","$v":"MMS ਪਰਾਕਸੀ"},{"$i":"mmsc","$v":"MMSC"},{"$i":"httpProxyHost","$v":"HTTP ਪਰਾਕਸੀ ਹੋਸਟ"},{"$i":"httpProxyPort","$v":"HTTP ਪਰਾਕਸੀ ਪੋਰਟ"},{"$i":"custom","$v":"(custom settings)"},{"$i":"apn-authType","$v":"Authentication"},{"$i":"apn-authType-notDefined","$v":"Not defined"},{"$i":"apn-authType-none","$v":"ਕੋਈ ਨਹੀਂ"},{"$i":"apn-authType-pap","$v":"PAP"},{"$i":"apn-authType-chap","$v":"CHAP"},{"$i":"apn-authType-papOrChap","$v":"PAP ਜਾਂ CHAP"},{"$i":"apn-protocol","$v":"ਪਰੋਟੋਕਾਲ"},{"$i":"apn-roaming-protocol","$v":"Roaming protocol"},{"$i":"apn-protocol-notDefined","$v":"Not defined"},{"$i":"apn-protocol-ip","$v":"IPv4"},{"$i":"apn-protocol-ipv6","$v":"IPv6"},{"$i":"apn-protocol-ipv4v6","$v":"IPv4/IPv6"},{"$i":"apn-type","$v":"APN ਕਿਸਮ"},{"$i":"dataConnection-warning-head","$v":"Turn ON data connection?"},{"$i":"dataConnection-warning-message","$v":"Applications will automatically fetch data via data connection when required. Additional data charges may apply."},{"$i":"dataRoaming-warning-head","$v":"Turn ON data roaming?"},{"$i":"dataRoaming-warning-message","$v":"Depending on your service agreement, extra charges may apply for data when you are in a roaming area."},{"$i":"change-apn-warning-message1","$v":"Depending on your service agreement, changing your APN setting may result in extra charges when roaming. Do you want to proceed?"},{"$i":"reset-apn-warning-title","$v":"Reset to Default"},{"$i":"reset-apn-warning-message","$v":"This resets the settings to default values. This cannot be undone."},{"$i":"state-unknown","$v":"ਅਣਜਾਣ ਹਾਲਤ"},{"$i":"state-available","$v":"ਮੌਜੂਦ"},{"$i":"state-connected","$v":"ਕਨੈਕਟ ਹੈ"},{"$i":"state-current","$v":"ਕਨੈਕਟ ਹੈ"},{"$i":"state-forbidden","$v":"Forbidden"},{"$i":"delete-apn-confirm","$v":"Delete this APN?"},{"$i":"delete-apn","$v":"ਹਟਾਓ"},{"$i":"add-apn","$v":"Add New APN"},{"$i":"reset-apn","$v":"Reset to Default"},{"$i":"apnSettings-reset","$v":"APN settings reset"},{"$i":"bluetooth","$v":"ਬਲਿਊਟੁੱਥ"},{"$i":"bluetooth-header","$v":[{"t":"idOrVar","v":"bluetooth"}]},{"$i":"bluetooth-enable-msg","$v":"ਖੇਤਰ ਵਿੱਚ ਯੰਤਰ ਵੇਖਣ ਲਈ ਬਲਿਊਟੁੱਥ ਚਾਲੂ ਕਰੋ।"},{"$i":"bluetooth-paired-devices","$v":"ਪੇਅਰ ਕੀਤੇ ਯੰਤਰ"},{"$i":"bluetooth-devices-in-area","$v":"ਖੇਤਰ ਵਿੱਚ ਯੰਤਰ"},{"$i":"bluetooth-visible-to-all","$v":"ਸਭ ਨੂੰ ਵੇਖਾਓ"},{"$i":"bluetooth-name-maxlength-alert","$v":["Your device name exceeds ",{"t":"idOrVar","v":"length"}," characters. Please retry again."]},{"$i":"bluetooth-address","$v":"ਬਲਿਊਟੁੱਥ ਸਿਰਨਾਵਾਂ"},{"$i":"bluetooth-address-unavailable","$v":"ਮੌਜੂਦ ਨਹੀਂ"},{"$i":"bt-status-nopaired","$v":"ਕੋਈ ਯੰਤਰ ਪੇਅਰ ਨਹੀਂ ਕੀਤਾ"},{"$i":"bt-status-turnoff","$v":"ਬੰਦ ਕੀਤਾ"},{"$i":"bt-status-paired","$v":{"zero":[{"t":"idOrVar","v":"name"}],"one":[{"t":"idOrVar","v":"name"},", +",{"t":"idOrVar","v":"n"}," ਹੋਰ"],"two":[{"t":"idOrVar","v":"name"},", +",{"t":"idOrVar","v":"n"}," ਹੋਰ"],"few":[{"t":"idOrVar","v":"name"},", +",{"t":"idOrVar","v":"n"}," ਹੋਰ"],"many":[{"t":"idOrVar","v":"name"},", +",{"t":"idOrVar","v":"n"}," ਹੋਰ"],"other":[{"t":"idOrVar","v":"name"},", +",{"t":"idOrVar","v":"n"}," ਹੋਰ"]},"$x":[{"t":"idOrVar","v":"plural"},"n"]},{"$i":"device-status-tap-connect","$v":"ਕਨੈਕਟ ਕਰਨ ਲਈ ਛੂਹੋ"},{"$i":"device-status-pairing","$v":"Pairing with device…"},{"$i":"device-status-waiting","$v":"Waiting for other device…"},{"$i":"device-status-paired","$v":"ਪੇਅਰ ਕੀਤਾ"},{"$i":"device-status-connecting","$v":"Connecting…"},{"$i":"device-status-connected","$v":"ਕਨੈਕਟ ਹੈ"},{"$i":"device-status-connected-media","$v":"Connected to media audio"},{"$i":"device-option-unpair","$v":"ਅਣ-ਪੇਅਰ ਕਰੋ"},{"$i":"device-option-confirm","$v":"ਪੁਸ਼ਟੀ"},{"$i":"device-option-unpair-confirmation","$v":"Confirmation"},{"$i":"device-option-unpair-device","$v":"Unpair device?"},{"$i":"device-option-connect","$v":"ਕਨੈਕਟ ਕਰੋ"},{"$i":"device-option-disconnect","$v":"Disconnect"},{"$i":"search-for-device","$v":"Searching for devices…"},{"$i":"search-device","$v":"Search for devices"},{"$i":"rename-device","$v":"Rename my device"},{"$i":"unnamed-device","$v":"Unknown device"},{"$i":"change-phone-name-desc","$v":"Change the name of your device as it appears in your computer"},{"$i":"bluetooth-new-name","$v":"ਨਵਾਂ ਨਾਂ"},{"$i":"error-pair-title","$v":"Unable to pair devices"},{"$i":"error-pair-pincode","$v":"Unable to pair with the device. Check that the PIN is correct."},{"$i":"error-pair-toofast","$v":"Unable to pair with the device. Too many requests."},{"$i":"error-connect-title","$v":"Unable to connect devices"},{"$i":"error-connect-msg","$v":"Check that the device you’re trying to connect with is still in range and has Bluetooth turned on."},{"$i":"unpair-title","$v":"Unpair a connected device?"},{"$i":"unpair-msg","$v":"You are currently connected to this device. Unpairing will also disconnect from it."},{"$i":"nfc","$v":"NFC"},{"$i":"SSIDCannotBeEmpty","$v":"SSID ਖਾਲੀ ਨਹੀਂ ਹੋ ਸਕਦਾ ਹੈ"},{"$i":"internetSharing","$v":"ਇੰਟਰਨੈਟ ਸਾਂਝਾ ਕਰਨਾ"},{"$i":"internetSharing-header","$v":[{"t":"idOrVar","v":"internetSharing"}]},{"$i":"internetSharing-usb","$v":"USB"},{"$i":"internetSharing-wifi","$v":"ਵਾਈ-ਫਾਈ"},{"$i":"wifi-hotspot","$v":"ਵਾਈ-ਫਾਈ ਹਾਟਸਪਾਟ"},{"$i":"wifi-name","$v":"ਨਾਂ"},{"$i":"wifi-password","$v":"ਪਾਸਵਰਡ"},{"$i":"wifi-security","$v":"ਸੁਰੱਖਿਆ"},{"$i":"usb-tethering","$v":"USB ਟੈਦਰਿੰਗ"},{"$i":"hotspotSettings","$v":"ਹਾਟਸਪਾਟ ਸੈਟਿੰਗ"},{"$i":"wifi-auth-username","$v":"ਵਰਤੋਂਕਾਰ ਨਾਂ"},{"$i":"wifi-auth-password","$v":"ਪਾਸਵਰਡ"},{"$i":"wifi-join-username","$v":"ਵਰਤੋਂਕਾਰ ਨਾਂ"},{"$i":"wifi-join-password","$v":"ਪਾਸਵਰਡ"},{"$i":"hotspotSettings-header","$v":[{"t":"idOrVar","v":"hotspotSettings"}]},{"$i":"ssid-name","$v":"SSID ਨੈੱਟਵਰਕ ਨਾਂ"},{"$i":"hotspot-open","$v":"ਖੁੱਲ੍ਹਾ"},{"$i":"hotspot-wpa-psk","innerHTML":"WPA (TKIP)"},{"$i":"hotspot-wpa2-psk","innerHTML":"WPA2 (AES)"},{"$i":"hotspot-password-desc","$v":"The password must have at least 8 characters."},{"$i":"personalization","$v":"Personalization"},{"$i":"sound","$v":"ਆਵਾਜ਼"},{"$i":"sound-header","$v":[{"t":"idOrVar","v":"sound"}]},{"$i":"volume","$v":"ਵਾਲੀਅਮ"},{"$i":"tones","$v":"ਟੋਨ"},{"$i":"touch-tones","$v":"ਸੁਣਨਯੋਗ ਟੱਚ ਟੋਨ"},{"$i":"touch-tone-short","$v":"ਛੋਟੀ"},{"$i":"touch-tone-long","$v":"ਲੰਮੀ"},{"$i":"select-tone","$v":"ਟੋਨ ਚੁਣੋ"},{"$i":"ringtones","$v":"ਰਿੰਗ-ਟੋਨ"},{"$i":"alerts","$v":"ਚੇਤਾਵਨੀਆਂ"},{"$i":"manage-tones","$v":"ਟੋਨ ਪਰਬੰਧ"},{"$i":"other-sounds","$v":"ਹੋਰ ਆਵਾਜ਼ਾਂ"},{"$i":"unlock-screen","$v":"ਸਕਰੀਨ ਅਣ-ਲਾਕ"},{"$i":"camera","$v":"ਕੈਮਰਾ"},{"$i":"sent-message","$v":"ਸੁਨੇਹਾ ਭੇਜਿਆ"},{"$i":"alarm-sound","$v":"ਅਲਾਰਮ"},{"$i":"ringtone-and-notification-sound","$v":"ਰਿੰਗਟੋਨ ਤੇ ਸੂਚਨਾਵਾਂ"},{"$i":"media-sound","$v":"ਮੀਡੀਆ"},{"$i":"saving-tone","$v":"…ਸੰਭਾਲਿਆ ਜਾ ਰਿਹਾ ਹੈ"},{"$i":"no-ringtone-app","$v":"We were unable to find a ringtone app to manage ringtones!"},{"$i":"display","$v":"ਡਿਸਪਲੇਅ"},{"$i":"display-header","$v":[{"t":"idOrVar","v":"display"}]},{"$i":"brightness","$v":"ਚਮਕ"},{"$i":"brightness-autoAdjust","$v":"ਆਟੋਮੈਟਿਕ ਇਕਸਾਰ ਕਰੋ"},{"$i":"lockScreen","$v":"ਸਕਰੀਨ ਲਾਕ"},{"$i":"wallpaper","$v":"ਵਾਲਪੇਪਰ"},{"$i":"screen-timeout","$v":"ਸਕਰੀਨ ਸਮਾਂ-ਸਮਾਪਤੀ"},{"$i":"one-minute","$v":"1 ਮਿੰਟ"},{"$i":"two-minutes","$v":"2 ਮਿੰਟ"},{"$i":"five-minutes","$v":"5 ਮਿੰਟ"},{"$i":"ten-minutes","$v":"10 ਮਿੰਟ"},{"$i":"never","$v":"ਕਦੇ ਨਹੀਂ"},{"$i":"lock-orientation","$v":"ਸਥਿਤੀ ਲਾਕ ਕਰੋ"},{"$i":"navigation","$v":"ਨੇਵੀਗੇਸ਼ਨ"},{"$i":"navigation-header","$v":[{"t":"idOrVar","v":"navigation"}]},{"$i":"edge-swipe-navigation","$v":"ਕੋਨਾ ਸਕਰਾਉਣ ਨੇਵੀਗੇਸ਼ਨ"},{"$i":"edge-swipe-navigation-enable-msg","$v":"Drag from the left or right edge of the screen to jump between apps."},{"$i":"notifications","$v":"ਸੂਚਨਾਵਾਂ"},{"$i":"notifications-header","$v":[{"t":"idOrVar","v":"notifications"}]},{"$i":"lockscreen-notifications","$v":"ਲਾਕ ਸਕਰੀਨ ਉੱਤੇ ਵੇਖਾਓ"},{"$i":"notifications-resend","$v":"ਮੁੜ-ਚਾਲੂ ਕਰਨ ਦੇ ਬਾਅਦ ਵੇਖਾਓ"},{"$i":"dateAndTime","$v":"ਮਿਤੀ ਤੇ ਸਮਾਂ"},{"$i":"dateAndTime-header","$v":[{"t":"idOrVar","v":"dateAndTime"}]},{"$i":"setTimeAutomatically","$v":"ਆਟੋਮੈਟਿਕ ਸੈਟ ਕਰੋ"},{"$i":"setTimeManually","$v":"ਖੁਦ ਸੈਟ ਕਰੋ"},{"$i":"timezoneMessage","$v":"ਸਮਾਂ ਖੇਤਰ"},{"$i":"dateMessage","$v":"ਮਿਤੀ"},{"$i":"timeMessage","$v":"ਸਮਾਂ"},{"$i":"selectTimezoneContinent","$v":"ਮਹਾਂਦੀਪ ਚੁਣੋ"},{"$i":"selectTimezone","$v":"ਸਮਾਂ ਖੇਤਰ ਚੁਣੋ"},{"$i":"time-format","$v":"ਫਾਰਮੈਟ"},{"$i":"time-format-time","$v":"ਸਮਾਂ ਫਾਰਮੈਟ"},{"$i":"hour-12","$v":"12-ਘੰਟੇ"},{"$i":"hour-24","$v":"24-ਘੰਟੇ"},{"$i":"languageAndRegion","$v":"ਭਾਸ਼ਾ ਤੇ ਖੇਤਰ"},{"$i":"language","$v":"ਭਾਸ਼ਾ"},{"$i":"language-header","$v":[{"t":"idOrVar","v":"language"}]},{"$i":"region","$v":"ਖੇਤਰ"},{"$i":"more-languages","$v":"Get More Languages"},{"$i":"sample-format","$v":"ਨਮੂਨਾ ਫਾਰਮੈਟ"},{"$i":"longDateFormat","$v":"%A, %d %B %Y"},{"$i":"simManager","$v":"ਸਿਮ ਮੈਨੇਜਰ"},{"$i":"simManager-header","$v":[{"t":"idOrVar","v":"simManager"}]},{"$i":"simSettings","$v":"ਸਿਮ ਸੈਟਿੰਗ"},{"$i":"sim-manager-outgoing-calls","$v":"ਕਰਨ ਵਾਲੀਆਂ ਕਾਲਾਂ"},{"$i":"sim-manager-outgoing-call-desc","$v":"Calls will be sent from"},{"$i":"sim-manager-outgoing-messages","$v":"Outgoing Messages"},{"$i":"sim-manager-outgoing-messages-desc","$v":"SMS will be sent from"},{"$i":"sim-manager-outgoing-data","$v":"ਡਾਟਾ"},{"$i":"sim-manager-outgoing-data-description","$v":"Data service network and Marketplace payments"},{"$i":"sim-manager-always-ask","$v":"ਹਮੇਸ਼ਾ ਪੁੱਛੋ"},{"$i":"sim-pin-locked","$v":"ਸਿਮ ਪਿਨ ਲਾਕ ਹੈ"},{"$i":"no-operator","$v":"ਕੋਈ ਓਪਰੇਟਰ ਨਹੀਂ"},{"$i":"cant-disable-simcard-alert","$v":"At least one SIM should be activated at a time"},{"$i":"disable-simcard-confirm","$v":["SIM ",{"t":"idOrVar","v":"disableCardIndex"}," can’t receive any calls and messages. Outgoing calls and outgoing messages which are set to SIM ",{"t":"idOrVar","v":"disableCardIndex"}," will be disabled."]},{"$i":"change-outgoing-data-confirm","$v":"The current data transfer will be suspended. Continue anyway?"},{"$i":"homescreen","$v":"ਮੁੱਖ-ਸਕਰੀਨ"},{"$i":"vertical-homescreen-header","$v":"ਮੁੱਖ-ਸਕਰੀਨ"},{"$i":"vertical-homescreen-layout","$v":"ਖਾਕਾ"},{"$i":"vertical-homescreen-icon-layout","$v":"ਆਈਕਾਨ ਖਾਕਾ"},{"$i":"vertical-homescreen-three-columns","$v":"ਤਿੰਨ ਕਾਲਮ"},{"$i":"vertical-homescreen-four-columns","$v":"ਚਾਰ ਕਾਲਮ"},{"$i":"notice","$v":"ਸੂਚਨਾ"},{"$i":"search","$v":"ਖੋਜ"},{"$i":"search-header","$v":"ਖੋਜ"},{"$i":"search-engine","$v":"ਖੋਜ ਇੰਜਣ"},{"$i":"search-suggestions","$v":"ਖੋਜ ਸੁਝਾਅ"},{"$i":"search-suggestions-description","$v":"The characters you type when entering a search are sent to multiple search providers and will be used to send you search suggestions. Additional data charges may apply when using this feature."},{"$i":"homescreens","$v":"ਮੁੱਖ-ਸਕਰੀਨਾਂ"},{"$i":"homescreens-header","$v":[{"t":"idOrVar","v":"homescreens"}]},{"$i":"changeHomescreen","$v":"ਮੁੱਖ ਸਕਰੀਨ ਬਦਲੋ"},{"$i":"changeHomescreenButton","$v":"ਬਦਲੋ"},{"$i":"description","$v":"ਵੇਰਵਾ"},{"$i":"keyboardSettings","$v":"ਕੀਬੋਰਡ ਸੈਟਿੰਗ"},{"$i":"selectedKeyboards","$v":"ਚੁਣੇ ਗਏ ਕੀਬੋਰਡ"},{"$i":"keyboards","$v":"ਕੀਬੋਰਡ"},{"$i":"keyboards-header","$v":[{"t":"idOrVar","v":"keyboards"}]},{"$i":"numberKeyboardLayouts","$v":"ਨੰਬਰ ਖਾਕੇ"},{"$i":"optionKeyboardLayouts","$v":"ਚੋਣ ਖਾਕੇ"},{"$i":"keypad","$v":"ਕੀਪੈਡ"},{"$i":"dialpad","$v":"ਡਾਇਲ ਪੈਡ"},{"$i":"selectKeyboards","$v":"ਕੀਬੋਰਡ ਚੁਣੋ"},{"$i":"selectKeyboards-header","$v":[{"t":"idOrVar","v":"selectKeyboards"}]},{"$i":"mustHaveOneKeyboard","$v":["At least one ",{"t":"idOrVar","v":"type"}," keyboard should be selected"]},{"$i":"keyboardType-text","$v":"ਟੈਕਸਟ"},{"$i":"keyboardType-url","$v":"url"},{"$i":"keyboardType-number","$v":"ਨੰਬਰ"},{"$i":"defaultKeyboardEnabled","$v":[{"t":"idOrVar","v":"appName"}," ",{"t":"idOrVar","v":"layoutName"}," is set as default input method"]},{"$i":"themes","$v":"ਥੀਮ"},{"$i":"themes-header","$v":[{"t":"idOrVar","v":"themes"}]},{"$i":"fxa","$v":"ਫਾਇਰਫਾਕਸ ਖਾਤੇ"},{"$i":"accounts","$v":"ਖਾਤਾ ਪਰਬੰਧ"},{"$i":"fxa-accounts","$v":"ਫਾਇਰਫਾਕਸ ਖਾਤੇ"},{"$i":"fxa-accounts-header","$v":[{"t":"idOrVar","v":"fxa-accounts"}]},{"$i":"fxa-overview","$v":"Your Firefox Account lets you use features like Find My Device and apps like the Firefox Marketplace."},{"$i":"fxa-invitation","$v":"ਖਾਤਾ ਬਣਾਉ ਜਾਂ ਸਾਇਨ ਇਨ ਕਰੋ"},{"$i":"fxa-confirm-account","$v":"Confirm Your Account"},{"$i":"fxa-verification-email-sent-msg","$v":["We will send an email to: ",{"t":"idOrVar","v":"email"}]},{"$i":"fxa-please-verify","$v":"Click the verification link in your email to confirm your account."},{"$i":"fxa-cancel-confirmation","$v":"Cancel Account Confirmation"},{"$i":"fxa-resend-alert","$v":["A verification link has been sent to ",{"t":"idOrVar","v":"email"},"."]},{"$i":"fxa-dont-see-email","$v":["ਈਮੇਲ ਨਹੀਂ ਮਿਲੀ? ",{"t":"idOrVar","v":"resend"}]},{"$i":"fxa-resend","$v":"ਮੁੜ ਭੇਜੋ"},{"$i":"fxa-about","$v":"ਇਸ ਬਾਰੇ"},{"$i":"fxa-logged-in-text","$v":[{"t":"idOrVar","v":"email"}," ਵਜੋਂ ਸਾਇਨ ਇਨ ਕਰੋ"]},{"$i":"fxa-signed-in-header","$v":"ਸਾਇਨ ਇਨ ਕੀਤਾ"},{"$i":"fxa-marketplace-app","$v":"ਮੰਡੀ"},{"$i":"fxa-find-my-device-app","$v":"ਮੇਰਾ ਯੰਤਰ ਲੱਭੋ"},{"$i":"fxa-options","$v":"ਚੋਣਾਂ"},{"$i":"fxa-sign-out","$v":"ਸਾਇਨ ਆਉਟ"},{"$i":"fxa-confirm-email","$v":[{"t":"idOrVar","v":"email"}," ਦੀ ਪੁਸ਼ਟੀ ਕਰੋ"]},{"$i":"findmydevice","$v":"ਮੇਰਾ ਯੰਤਰ ਲੱਭੋ"},{"$i":"findmydevice-create-account","$v":"Create account or sign in"},{"$i":"findmydevice-enable","$v":"Enable Find My Device"},{"$i":"findmydevice-about","$v":"About Find My Device"},{"$i":"findmydevice-enable-geolocation-prompt","$v":"Enable Geolocation?"},{"$i":"findmydevice-enable-geolocation-description","$v":"To view your device's location, you must enable geolocation tracking."},{"$i":"findmydevice-geolocation-enabled","$v":"Geolocation Enabled"},{"$i":"findmydevice-enable-network","$v":"This device is currently offline. Connect to a network and try again."},{"$i":"findmydevice-error","$v":"A Find My Device error has occurred."},{"$i":"findmydevice-please-try","$v":"Please try again."},{"$i":"findmydevice-please-tap","$v":"Please tap to try again."},{"$i":"privacyAndSecurity","$v":"ਪਰਦੇਦਾਰੀ ਤੇ ਸੁਰੱਖਿਆ"},{"$i":"passcode-lock","$v":"ਪਾਸਕੋਡ ਲਾਕ"},{"$i":"passcode-lock-desc","$v":["ਪਾਸਕੋਡ: ",{"t":"idOrVar","v":"code"}]},{"$i":"screenLock","$v":"Screen lock"},{"$i":"screenLock-header","$v":[{"t":"idOrVar","v":"screenLock"}]},{"$i":"simSecurity","$v":"ਸਿਮ ਸੁਰੱਖਿਆ"},{"$i":"simSecurity-header","$v":[{"t":"idOrVar","v":"simSecurity"}]},{"$i":"appPermissions","$v":"ਐਪ ਇਜਾਜ਼ਤ"},{"$i":"appPermissions-header","$v":[{"t":"idOrVar","v":"appPermissions"}]},{"$i":"author","$v":"ਲੇਖਕ"},{"$i":"permissions","$v":"ਇਜਾਜ਼ਤ"},{"$i":"revoke","$v":"ਰੱਦ ਕਰੋ"},{"$i":"ask","$v":"ਪੁੱਛੋ"},{"$i":"deny","$v":"ਇਨਕਾਰ"},{"$i":"allow","$v":"ਇਜਾਜ਼ਤ ਦਿਓ"},{"$i":"uninstallApp","$v":"ਐਪ ਅਣ-ਇੰਸਟਾਲ ਕਰੋ"},{"$i":"phone","$v":"ਫ਼ੋਨ"},{"$i":"messages","$v":"ਸੁਨੇਹੇ"},{"$i":"vibrate","$v":"ਕੰਪਨ"},{"$i":"ring","$v":"ਘੰਟੀ"},{"$i":"change","$v":"ਬਦਲੋ"},{"$i":"create","$v":"ਬਣਾਓ"},{"$i":"create-a-passcode","$v":"ਪਾਸਕੋਡ ਬਣਾਓ"},{"$i":"passcode","$v":"ਪਾਸਕੋਡ"},{"$i":"passcode-heading","$v":"ਪਾਸਕੋਡ"},{"$i":"enter-passcode","$v":"ਪਾਸਕੋਡ ਦਿਓ"},{"$i":"new-passcode","$v":"ਨਵਾਂ ਪਾਸਕੋਡ"},{"$i":"current-passcode","$v":"ਮੌਜੂਦਾ ਪਾਸਕੋਡ"},{"$i":"incorrect-passcode","$v":"ਪਾਸਕੋਡ ਗਲਤ ਹੈ"},{"$i":"passcode-doesnt-match","$v":"Passcode doesn’t match. Try again."},{"$i":"confirm-passcode","$v":"ਪਾਸਕੋਡ ਦੀ ਪੁਸ਼ਟੀ"},{"$i":"immediately","$v":"ਤੁਰੰਤ"},{"$i":"after-one-minute","$v":"1 ਮਿੰਟ ਬਾਅਦ"},{"$i":"after-five-minutes","$v":"5 ਮਿੰਟ ਬਾਅਦ"},{"$i":"after-fifteen-minutes","$v":"15 ਮਿੰਟ ਬਾਅਦ"},{"$i":"after-thirty-minutes","$v":"30 ਮਿੰਟ ਬਾਅਦ"},{"$i":"after-one-hour","$v":"1 ਘੰਟੇ ਬਾਅਦ"},{"$i":"require-passcode","$v":"Require passcode"},{"$i":"change-passcode","$v":"Change passcode"},{"$i":"noSimCard","$v":"ਕੋਈ ਸਿਮ ਕਾਰਡ ਨਹੀਂ"},{"$i":"simPin","$v":"ਸਿਮ ਪਿਨ"},{"$i":"simPin2","$v":"ਸਿਮ ਪਿਨ2"},{"$i":"simPinWithIndex","$v":["ਸਿਮ ",{"t":"idOrVar","v":"index"}," ਪਿਨ"]},{"$i":"pukCode","$v":"PUK ਕੋਡ"},{"$i":"puk2Code","$v":"PUK2 ਕੋਡ"},{"$i":"whatIsSimPin","$v":"ਸਿਮ ਪਿਨ ਕੀ ਹੈ?"},{"$i":"simPinIntro1","$v":"A SIM PIN prevents access to the SIM card cellular data networks. When it’s enabled, any device containing the SIM card will request the PIN upon restart."},{"$i":"simPinIntro2","$v":"A SIM PIN is not the same as the passcode used to unlock the device."},{"$i":"changeSimPin","$v":"ਪਿਨ ਬਦਲੋ"},{"$i":"simPinChangedSuccessfully","$v":"SIM PIN changed successfully"},{"$i":"simPinChangedSuccessfullyWithIndex","$v":["SIM ",{"t":"idOrVar","v":"index"}," PIN changed successfully"]},{"$i":"pinTitle","$v":"Enter SIM PIN"},{"$i":"pin2Title","$v":"Enter SIM PIN2"},{"$i":"pukTitle","$v":"Enter PUK code"},{"$i":"puk2Title","$v":"Enter PUK2 code"},{"$i":"newpinTitle","$v":"New PIN"},{"$i":"inputCodeRetriesLeft","$v":{"one":"ਆਖਰੀ ਕੋਸ਼ਿਸ਼ ਹੈ।","two":[{"t":"idOrVar","v":"n"}," tries left."],"few":[{"t":"idOrVar","v":"n"}," tries left."],"many":[{"t":"idOrVar","v":"n"}," tries left."],"other":[{"t":"idOrVar","v":"n"}," tries left."]},"$x":[{"t":"idOrVar","v":"plural"},"n"]},{"$i":"pinAttemptMsg3","$v":{"one":"You have one try left to enter the correct code before locking the SIM card.","two":["You have ",{"t":"idOrVar","v":"n"}," tries left to enter the correct code before locking the SIM card."],"few":["You have ",{"t":"idOrVar","v":"n"}," tries left to enter the correct code before locking the SIM card."],"many":["You have ",{"t":"idOrVar","v":"n"}," tries left to enter the correct code before locking the SIM card."],"other":["You have ",{"t":"idOrVar","v":"n"}," tries left to enter the correct code before locking the SIM card."]},"$x":[{"t":"idOrVar","v":"plural"},"n"]},{"$i":"pinLastChanceMsg","$v":"This is your last chance to enter the correct PIN. Otherwise, you must enter the PUK code to use this SIM card."},{"$i":"simCardLockedMsg","$v":"ਸਿਮ ਕਾਰਡ ਲਾਕ ਹੈ।"},{"$i":"simCardBlockedMsg","$v":"The SIM card is blocked."},{"$i":"enterPukMsg","$v":"You must enter the Personal Unlocking Key (PUK) code for the SIM card. Refer to your SIM card documentation or contact your carrier for more information."},{"$i":"enterPuk2Msg","$v":"You must enter the Personal Unlocking Key (PUK2) code for the SIM card. Refer to your SIM card documentation or contact your carrier for more information."},{"$i":"pukErrorMsg","$v":"The PUK code is incorrect."},{"$i":"pukAttemptMsg3","$v":{"one":"You have one try left to enter the correct code before this SIM card will be permanently unusable. Refer to your SIM card documentation or contact your carrier for more information.","two":["You have ",{"t":"idOrVar","v":"n"}," tries left to enter the correct code before this SIM card will be permanently unusable. Refer to your SIM card documentation or contact your carrier for more information."],"few":["You have ",{"t":"idOrVar","v":"n"}," tries left to enter the correct code before this SIM card will be permanently unusable. Refer to your SIM card documentation or contact your carrier for more information."],"many":["You have ",{"t":"idOrVar","v":"n"}," tries left to enter the correct code before this SIM card will be permanently unusable. Refer to your SIM card documentation or contact your carrier for more information."],"other":["You have ",{"t":"idOrVar","v":"n"}," tries left to enter the correct code before this SIM card will be permanently unusable. Refer to your SIM card documentation or contact your carrier for more information."]},"$x":[{"t":"idOrVar","v":"plural"},"n"]},{"$i":"pukLastChanceMsg","$v":"Last chance to enter the correct PUK code. Your SIM card will be permanently unusable if you enter in the wrong PUK code. Refer to your SIM card documentation or contact your carrier for more information."},{"$i":"newSimPinMsg","$v":"Create PIN (must contain 4 to 8 digits)"},{"$i":"newSimPin2Msg","$v":"Create PIN2 (must contain 4 to 8 digits)"},{"$i":"confirmNewSimPinMsg","$v":"Confirm new PIN"},{"$i":"confirmNewSimPin2Msg","$v":"Confirm new PIN2"},{"$i":"newPinErrorMsg","$v":"PINs don’t match"},{"$i":"simLockedPhone","$v":"ਸਿਮ-ਲਾਕ ਕੀਤਾ ਫ਼ੋਨ"},{"$i":"unknownSimCardState","$v":"Unknown SIM card state"},{"$i":"simCardNotReady","$v":"SIM card not ready"},{"$i":"simCardIllegal","$v":"Unauthorized SIM card"},{"$i":"doNotTrack","$v":"ਟਰੈਕ ਨਾ ਕਰੋ"},{"$i":"doNotTrack-header","$v":[{"t":"idOrVar","v":"doNotTrack"}]},{"$i":"doNotTrackActions","$v":"Tell websites and apps that I do not want to be tracked"},{"$i":"allowTracking","$v":"Tell websites and apps that I want to be tracked"},{"$i":"doNotHavePrefOnTracking","$v":"Do not tell websites and apps anything about my tracking preferences"},{"$i":"doNotTrack-dt","$v":"How does Do Not Track work?"},{"$i":"doNotTrack-dd1","$v":"When you turn on Do Not Track, your device tells every website and app (as well as advertisers and other content providers) that you do not want your behavior tracked."},{"$i":"doNotTrack-dd2","$v":"Turning on Do Not Track will not affect your ability to sign in to websites nor cause your device to forget your private information, such as the contents of shopping carts, location information or sign-in information."},{"$i":"browsingPrivacy","$v":"ਬਰਾਊਜ਼ ਕਰਨ ਪਰਦੇਦਾਰੀ"},{"$i":"browsingPrivacy-header","$v":[{"t":"idOrVar","v":"browsingPrivacy"}]},{"$i":"confirm-clear-title","$v":"ਪੁਸ਼ਟੀ"},{"$i":"clear-browsing-history","$v":"Clear browsing history"},{"$i":"confirm-clear-browsing-history","$v":"Clear browsing history?"},{"$i":"clear-cookies-and-stored-data","$v":"Clear cookies and stored data"},{"$i":"confirm-clear-cookies-and-stored-data","$v":"Clear cookies and other data stored by sites on this device?"},{"$i":"clear","$v":"ਸਾਫ਼ ਕਰੋ"},{"$i":"privacy-controls","$v":"Privacy Controls"},{"$i":"no-privacy-panel","$v":"No privacy panel app found"},{"$i":"storage","$v":"ਸਟੋਰੇਜ"},{"$i":"enableUSBStorage1","$v":"USB ਸਟੋਰੇਜ"},{"$i":"umsUnplugToDisable","$v":"Unplug USB cable to disable"},{"$i":"appStorage","$v":"ਐਪਲੀਕੇਸ਼ਨ ਸਟੋਰੇਜ"},{"$i":"appStorage-header","$v":[{"t":"idOrVar","v":"appStorage"}]},{"$i":"storageSize","$v":[{"t":"idOrVar","v":"size"}," ",{"t":"idOrVar","v":"unit"}]},{"$i":"availableSize","$v":{"zero":[{"t":"idOrVar","v":"size"}," ",{"t":"idOrVar","v":"unit"}," ਮੌਜੂਦ ਹੈ"],"one":[{"t":"idOrVar","v":"size"}," ",{"t":"idOrVar","v":"unit"}," ਮੌਜੂਦ ਹੈ"],"two":[{"t":"idOrVar","v":"size"}," ",{"t":"idOrVar","v":"unit"}," ਮੌਜੂਦ ਹੈ"],"few":[{"t":"idOrVar","v":"size"}," ",{"t":"idOrVar","v":"unit"}," ਮੌਜੂਦ ਹੈ"],"many":[{"t":"idOrVar","v":"size"}," ",{"t":"idOrVar","v":"unit"}," ਮੌਜੂਦ ਹੈ"],"other":[{"t":"idOrVar","v":"size"}," ",{"t":"idOrVar","v":"unit"}," ਮੌਜੂਦ ਹੈ"]},"$x":[{"t":"idOrVar","v":"plural"},"size"]},{"$i":"apps-total-space","$v":"ਕੁੱਲ ਥਾਂ"},{"$i":"apps-used-space","$v":"ਵਰਤੀ"},{"$i":"apps-free-space","$v":"ਬਚੀ"},{"$i":"storage-details","$v":"Photos, videos and music are stored separately from apps. See media storage for details."},{"$i":"ums-shared-volumes","$v":[{"t":"idOrVar","v":"list"}," ਸਾਂਝਾ ਕੀਤਾ"]},{"$i":"transferProtocol-header","$v":"ਟਰਾਂਸਫਰ ਪਰੋਟੋਕਾਲ"},{"$i":"protocol-mtp","$v":"Media transfer protocol (MTP)"},{"$i":"protocol-ums","$v":"USB mass Storage (UMS)"},{"$i":"mediaStorage","$v":"ਮੀਡੀਆ ਸਟੋਰੇਜ"},{"$i":"mediaStorage-header","$v":[{"t":"idOrVar","v":"mediaStorage"}]},{"$i":"storage-name-internal","$v":"ਅੰਦਰੂਨੀ ਸਟੋਰੇਜ"},{"$i":"storage-name-external-0","$v":"SD ਕਾਰਡ ਸਟੋਰੇਜ"},{"$i":"storage-name-external-1","$v":"SD ਕਾਰਡ ਸਟੋਰੇਜ 2"},{"$i":"short-storage-name-internal","$v":"ਅੰਦਰੂਨੀ"},{"$i":"short-storage-name-external-0","$v":"SD ਕਾਰਡ"},{"$i":"short-storage-name-external-1","$v":"SD ਕਾਰਡ 2"},{"$i":"music-space","$v":"ਸੰਗੀਤ"},{"$i":"pictures-space","$v":"ਤਸਵੀਰਾਂ"},{"$i":"videos-space","$v":"ਮੂਵੀ"},{"$i":"left-space","$v":"ਬਚੀ ਥਾਂ"},{"$i":"free-space","$v":"ਬਚੀ ਥਾਂ"},{"$i":"total-space","$v":"ਕੁੱਲ ਥਾਂ"},{"$i":"size-not-available","$v":"ਮੌਜੂਦ ਨਹੀਂ"},{"$i":"no-storage","$v":"ਕੋਈ ਸਟੋਰੇਜ ਨਹੀਂ ਲੱਭੀ"},{"$i":"advanced","$v":"ਤਕਨੀਕੀ"},{"$i":"ums-warning-title","$v":"Enable USB storage?"},{"$i":"default-media-location","$v":"Default media location"},{"$i":"default-media-location-msg","$v":"Choose where photos, videos, music and downloads are stored by default."},{"$i":"change-default-media-location-confirmation","$v":"Changing the default media storage location will affect where all media will be saved by default. Existing data will remain in its current location. Do you want to proceed?"},{"$i":"eject-sdcard-external-0","$v":"Eject SD card"},{"$i":"eject-sdcard-external-1","$v":"Eject SD card 2"},{"$i":"format-sdcard-internal","$v":"Format internal storage"},{"$i":"format-sdcard-external-0","$v":"Format SD card"},{"$i":"format-sdcard-external-1","$v":"Format SD card 2"},{"$i":"formatting","$v":"Formatting…"},{"$i":"unmount-sdcard-confirmation","$v":"You will not be able to access content on the SD card after you unmount it. Do you want to proceed?"},{"$i":"format-sdcard-title","$v":"Format SD card"},{"$i":"format-sdcard-message","$v":"This will erase all data stored on your SD card, such as music and photos."},{"$i":"format-sdcard-internal-title","$v":"Format internal storage"},{"$i":"format-sdcard-internal-message","$v":"This will erase all data stored on your internal storage, such as music and photos."},{"$i":"format-sdcard-btnformat","$v":"Format"},{"$i":"sdcardUnmounted","$v":"SD card unmounted"},{"$i":"device","$v":"ਯੰਤਰ"},{"$i":"help","$v":"ਮਦਦ"},{"$i":"deviceInfo","$v":"ਯੰਤਰ ਜਾਣਕਾਰੀ"},{"$i":"deviceInfo-header","$v":[{"t":"idOrVar","v":"deviceInfo"}]},{"$i":"deviceInfo-IMEI","$v":"IMEI"},{"$i":"deviceInfo-ICCID","$v":"ICCID"},{"$i":"deviceInfo-MSISDN","$v":"Phone Number"},{"$i":"deviceInfo-ICCID-unavailable-sim","$v":["SIM ",{"t":"idOrVar","v":"index"},": Not available"]},{"$i":"downloads","$v":"ਡਾਊਨਲੋਡ"},{"$i":"downloads-header","$v":[{"t":"idOrVar","v":"downloads"}]},{"$i":"unknown-phoneNumber","$v":"ਅਣਜਾਣ"},{"$i":"unknown-phoneNumber-sim","$v":["ਸਿਮ ",{"t":"idOrVar","v":"index"},": ਅਣਜਾਣ"]},{"$i":"gitInfo","$v":"Git ਕਮਿਟ ਜਾਣਕਾਰੀ"},{"$i":"developer","$v":"ਡਿਵੈਲਪਰ"},{"$i":"developer-header","$v":[{"t":"idOrVar","v":"developer"}]},{"$i":"hud-settings-button","$v":"ਡਿਵੈਲਪਰ HUD"},{"$i":"hud-settings-header","$v":[{"t":"idOrVar","v":"hud-settings-button"}]},{"$i":"hud-devtools","$v":"ਡਿਵੈਲਪਰ ਟੂਲ"},{"$i":"hud-devtools-header","$v":[{"t":"idOrVar","v":"hud-devtools"}]},{"$i":"hud-logging","$v":"Log changes in ADB"},{"$i":"hud-system","$v":"Show system HUD"},{"$i":"hud-problems","$v":"ਸਮੱਸਿਆਵਾਂ"},{"$i":"hud-warnings","$v":"ਚੇਤਾਵਨੀਆਂ"},{"$i":"hud-errors","$v":"ਗਲਤੀਆਂ"},{"$i":"hud-security","$v":"ਸੁਰੱਖਿਆ ਮਾਮਲੇ"},{"$i":"hud-performance","$v":"ਕਾਰਗੁਜ਼ਾਰੀ"},{"$i":"hud-reflows","$v":"Reflows"},{"$i":"hud-jank","$v":"Jank"},{"$i":"jank-threshold","$v":"Jank Threshold"},{"$i":"hud-fps","$v":"Frames per second"},{"$i":"hud-ttl","$v":"Time to load"},{"$i":"hud-memory","$v":"ਮੈਮੋਰੀ"},{"$i":"hud-uss","$v":"Unique Set Size"},{"$i":"hud-appmemory","$v":"App memory"},{"$i":"hud-jsobjects","$v":"JS objects"},{"$i":"hud-jsstrings","$v":"JS strings"},{"$i":"hud-jsother","$v":"JS other"},{"$i":"hud-dom","$v":"DOM"},{"$i":"hud-style","$v":"Style"},{"$i":"hud-other","$v":"ਹੋਰ"},{"$i":"software","$v":"ਸਾਫਟਵੇਅਰ"},{"$i":"devSettings","$v":"ਡਿਵੈਲਪਰ ਸੈਟਿੰਗ"},{"$i":"debug","$v":"ਡੀਬੱਗ"},{"$i":"developer-menu","$v":"ਡਿਵੈਲਪਰ ਮੇਨੂ"},{"$i":"developer-tools","$v":"ਡਿਵੈਲਪਰ ਟੂਲ"},{"$i":"graphics","$v":"ਗਰਾਫਿਕਸ"},{"$i":"hardware-composer","$v":"ਹਾਰਡਵੇਅਰ ਕੰਪੋਜ਼ਰ"},{"$i":"paint-flashing","$v":"Flash repainted area"},{"$i":"dumps-layers","$v":"Dump layers tree"},{"$i":"dumps-layerscope","$v":"Dump layerscope"},{"$i":"apz-overscroll","$v":"Overscrolling"},{"$i":"tiling","$v":"Tiling"},{"$i":"low-precision","$v":"Low-precision painting"},{"$i":"low-opacity","$v":"Low-precision transparency"},{"$i":"draw-tile-borders","$v":"Draw tile borders"},{"$i":"draw-layer-borders","$v":"Draw layer borders"},{"$i":"log-animations","$v":"Log slow animations"},{"$i":"remote-debugging-usb","$v":"Debugging via USB"},{"$i":"dev-tools-wifi","$v":"DevTools via Wi-Fi"},{"$i":"dev-tools-qps","$v":"Pseudo-localization"},{"$i":"debugger-disabled","$v":"Disabled"},{"$i":"debugger-adb-only","$v":"ADB only"},{"$i":"debugger-adb-and-devtools","$v":"ADB and DevTools"},{"$i":"wifi-debugging","$v":"Wi-Fi output in ADB"},{"$i":"bluetooth-debugging","$v":"Bluetooth output in ADB"},{"$i":"bluetooth-snoop-debugging","$v":"Bluetooth HCI sniffing logs to sdcard"},{"$i":"nfc-debugging","$v":"NFC output in ADB"},{"$i":"ril-debugging","$v":"RIL output in ADB"},{"$i":"console-enabled","$v":"Console enabled"},{"$i":"cards-view-screenshots","$v":"Cards View: Screenshots"},{"$i":"geolocation-debugging-enabled","$v":"Geolocation output in ADB"},{"$i":"geolocation-debugging-gps-locations-ignored","$v":"Ignore GPS locations"},{"$i":"use-reviewer-certs","$v":"Use Marketplace reviewer certs"},{"$i":"shake-to-log","$v":"Shake to save system log"},{"$i":"model-name","$v":"ਮਾਡਲ"},{"$i":"os-version","$v":"ਓ.ਸਿ. ਵਰਜ਼ਨ"},{"$i":"firmware_revision","$v":"ਫਿਰਮਵੇਅਰ ਰਿਵਿਜ਼ਨ"},{"$i":"hardware_revision","$v":"ਹਾਰਡਵੇਅਰ ਰਿਵਿਜ਼ਨ"},{"$i":"platform_version","$v":"ਪਲੇਟਫਾਰਮ ਵਰਜ਼ਨ"},{"$i":"build-id","$v":"ਬਿਲਡ ਪਛਾਣਕਰਤਾ"},{"$i":"update-channel","$v":"ਅੱਪਡੇਟ ਚੈਨਲ"},{"$i":"build_number","$v":"Build Number"},{"$i":"update-url","$v":"ਚੈਨਲ URL"},{"$i":"last-updated","$v":"ਆਖਰੀ ਅੱਪਡੇਟ ਕੀਤਾ"},{"$i":"more-info","$v":"ਹੋਰ ਜਾਣਕਾਰੀ"},{"$i":"more-info-header","$v":[{"t":"idOrVar","v":"more-info"}]},{"$i":"softwareUpdates","$v":"ਸਾਫਟਵੇਅਰ ਅੱਪਡੇਟ"},{"$i":"check-update-daily","$v":"ਰੋਜ਼ਾਨਾ"},{"$i":"check-update-weekly","$v":"ਹਫ਼ਤੇਵਾਰ"},{"$i":"check-update-monthly","$v":"ਮਹੀਨੇਵਾਰ"},{"$i":"check-for-updates","$v":"ਅੱਪਡੇਟ ਲਈ ਚੈੱਕ ਕਰੋ"},{"$i":"check-update-now","$v":"ਹੁਣੇ ਚੈੱਕ ਕਰੋ"},{"$i":"update-status","$v":"ਅੱਪਡੇਟ ਹਾਲਤ"},{"$i":"no-network-when-update","$v":"Connect to the Internet to proceed with your update."},{"$i":"checking-for-update","$v":"…ਅੱਪਡੇਟ ਲਈ ਚੈੱਕ ਕੀਤਾ ਜਾ ਰਿਹਾ ਹੈ"},{"$i":"no-updates","$v":"No updates were found"},{"$i":"retry-when-online","$v":"Network is offline. Will check again when the network is online."},{"$i":"already-latest-version","$v":["This is already the latest version of ",{"t":"idOrVar","v":"brandShortName"}]},{"$i":"check-error","$v":"There was an error when checking for updates."},{"$i":"aboutBrowserOS","$v":["About ",{"t":"idOrVar","v":"brandShortName"}]},{"$i":"browser-os-desc","$v":[{"t":"idOrVar","v":"brandShortName"}," is the free and open source operating system from Mozilla. Our mission is to promote openness, innovation and opportunity by keeping the power of the Web in your hands."]},{"$i":"learn-more","$v":"ਹੋਰ ਜਾਣੋ"},{"$i":"reset-head","$v":"ਮੁੜ-ਸੈੱਟ ਕਰੋ"},{"$i":"reset-warning-title","$v":"ਸਾਵਧਾਨ"},{"$i":"unlock-privileges","$v":"Unlock Privileges"},{"$i":"reset-devtools","$v":"Reset and enable full DevTools"},{"$i":"reset-devtools-warning-title","$v":"CAUTION"},{"$i":"your-rights","$v":"Your Rights"},{"$i":"your-rights-header","$v":[{"t":"idOrVar","v":"your-rights"}]},{"$i":"about-your-rights-0","$v":[{"t":"idOrVar","v":"brandShortName"}," is built on free and open source software by a community of thousands from all over the world. There are a few things you should know:"]},{"$i":"about-your-rights-1","$v":[{"t":"idOrVar","v":"brandShortName"}," is made available to you under the terms of several open source licenses including the Mozilla Public License. A device running ",{"t":"idOrVar","v":"brandShortName"}," may also contain proprietary software from third parties. Any code provided under open licenses give you the right to modify the source code and distribute your modified versions as long as you comply with their terms."]},{"$i":"about-your-rights-2","$v":["You are not granted any trademark rights or licenses to the trademarks of the Mozilla Foundation or any party, including without limitation the ",{"t":"idOrVar","v":"brandShortName"}," name or logo."]},{"$i":"about-your-rights-3","$v":["Some features in ",{"t":"idOrVar","v":"brandShortName"},", such as the Crash Reporter, give you the option to provide feedback to Mozilla. By choosing to submit feedback, you give Mozilla permission to use the feedback to improve its products, to publish the feedback on its websites, and to distribute the feedback."]},{"$i":"about-legal-info","$v":"ਕਨੂੰਨੀ ਜਾਣਕਾਰੀ"},{"$i":"about-credit-info","$v":"ਮਾਣ"},{"$i":"about-legal-info-header","$v":[{"t":"idOrVar","v":"about-legal-info"}]},{"$i":"open-source-notices","$v":"Open Source Notices"},{"$i":"open-source-notices-header","$v":[{"t":"idOrVar","v":"open-source-notices"}]},{"$i":"obtaining-source-code","$v":"ਸਰੋਤ ਕੋਡ ਪ੍ਰਾਪਤੀ"},{"$i":"obtaining-source-code-header","$v":[{"t":"idOrVar","v":"obtaining-source-code"}]},{"$i":"about-mozilla","$v":"Mozilla"},{"$i":"about-other","$v":"ਹੋਰ"},{"$i":"your-privacy","$v":"ਤੁਹਾਡੀ ਪਰਦੇਦਾਰੀ"},{"$i":"your-privacy-header","$v":[{"t":"idOrVar","v":"your-privacy"}]},{"$i":"licensing-1","$v":"Binaries of this product have been made available to you by the Mozilla Project, under the Mozilla Public License 2.0 (MPL). Know your rights."},{"$i":"licensing-2","$v":"All of the source code to this product is available under licenses that are both free and open source. Most of it is available under the Mozilla Public License 2.0 (MPL)."},{"$i":"licensing-3","$v":"The remainder of the software that is not under the Mozilla Public License 2.0 MPL is available under one of a variety of other licenses. Those that require reproduction of the license text in the distribution are given below. (Note: Your copy of this product may not contain code covered by one or more of the licenses listed here, depending on the exact product and version you choose.)"},{"$i":"licensing-MPL","$v":"Mozilla Public License 2.0"},{"$i":"licensing-Apache","$v":"Apache License 2.0"},{"$i":"launch-ftu","$v":"ਪਹਿਲੀ ਵਾਰ ਵਰਤੋਂ ਨੂੰ ਚਲਾਉ"},{"$i":"no-ftu","$v":"No first time use app found"},{"$i":"software-home-button","$v":"ਸਾਫਟਵੇਅਰ ਘਰ ਬਟਨ"},{"$i":"home-gesture","$v":"ਘਰ ਸੰਕੇਤ"},{"$i":"continuous-transition","$v":"Continuous transition"},{"$i":"debug-gaia-enabled","$v":"Gaia debug traces"},{"$i":"showScreenReaderSettings","$v":"Show screen reader settings"},{"$i":"app-transition","$v":"App transition"},{"$i":"app-suspending","$v":"App suspending"},{"$i":"copypaste","$v":"Copy/paste"},{"$i":"verbose-app-permissions","$v":"Verbose app permissions"},{"$i":"window-management","$v":"Window management"},{"$i":"downloads-edit","$v":"ਡਾਊਨਲੋਡ ਸੋਧੋ"},{"$i":"downloads-select-all","$v":"ਸਭ ਚੁਣੋ"},{"$i":"downloads-deselect-all","$v":"Deselect all"},{"$i":"downloads-delete","$v":"ਹਟਾਓ"},{"$i":"battery","$v":"ਬੈਟਰੀ"},{"$i":"battery-header","$v":[{"t":"idOrVar","v":"battery"}]},{"$i":"batteryLevel","$v":"ਮੌਜੂਦਾ ਪੱਧਰ"},{"$i":"batteryLevel-percent-unplugged","$v":[{"t":"idOrVar","v":"level"},"%"]},{"$i":"batteryLevel-percent-charging","$v":[{"t":"idOrVar","v":"level"},"% (ਚਾਰਜ ਹੋ ਰਹੀ ਹੈ)"]},{"$i":"batteryLevel-percent-charged","$v":[{"t":"idOrVar","v":"level"},"% (ਚਾਰਜ ਹੈ)"]},{"$i":"powerSaveModeTitle","$v":"Power Save Mode"},{"$i":"powerSaveMode","$v":"ਊਰਜਾ ਬੱਚਤ ਮੋਡ"},{"$i":"powerSave-threshold","$v":[{"t":"idOrVar","v":"level"},"% ਬੈਟਰੀ ਬਚੀ"]},{"$i":"turnOnAuto","$v":"ਆਟੋਮੈਟਿਕ ਹੀ ਚਾਲੂ ਕਰੋ"},{"$i":"accessibility","$v":"ਸੁਲੱਭਤਾ"},{"$i":"accessibility-header","$v":[{"t":"idOrVar","v":"accessibility"}]},{"$i":"screenReader","$v":"ਸਕਰੀਨ ਰੀਡਰ"},{"$i":"screenReader-header","$v":[{"t":"idOrVar","v":"screenReader"}]},{"$i":"screenReader-toggle","$v":[{"t":"idOrVar","v":"screenReader"}]},{"$i":"colorFilter","$v":"Color filter"},{"$i":"colorFilter-header","$v":[{"t":"idOrVar","v":"colorFilter"}]},{"$i":"colorFilter-toggle","$v":[{"t":"idOrVar","v":"colorFilter"}]},{"$i":"screenReader-captions","$v":"Display speech"},{"$i":"screenReader-enable-msg","$v":"When the screen reader is enabled, your device will provide spoken feedback to assist blind and low-vision users."},{"$i":"screen-reader-speech-volume","$v":"Speech Volume"},{"$i":"screen-reader-speech-rate","$v":"Speech Rate"},{"$i":"screenReader-confirm-title-start","$v":"Start Screen Reader?"},{"$i":"screenReader-confirm-description-start","$v":"Activating the screen reader will change the way your touch screen works. Touch anywhere to hear the item under your finger, and double tap to activate."},{"$i":"screenReader-confirm-button-start","$v":"Start"},{"$i":"screenReader-confirm-title-stop","$v":"Stop Screen Reader?"},{"$i":"screenReader-confirm-description-stop","$v":"Stopping the screen reader will end all speech feedback."},{"$i":"screenReader-confirm-button-stop","$v":"Stop"},{"$i":"colorFilter-invert","$v":"Invert"},{"$i":"colorFilter-grayscale","$v":"Grayscale"},{"$i":"colorFilter-contrast","$v":"Contrast"},{"$i":"improveBrowserOS","$v":[{"t":"idOrVar","v":"brandShortName"}," ਸੁਧਾਰ"]},{"$i":"improveBrowserOSTitle","$v":[{"t":"idOrVar","v":"brandShortName"}," ਸੁਧਾਰ"]},{"$i":"sendMozillaFeedback","$v":"ਮੋਜ਼ੀਲਾ ਨੂੰ ਸੁਝਾਅ ਭੇਜੋ"},{"$i":"performanceAndUsageData","$v":"ਕਾਰਗੁਜ਼ਾਰੀ ਤੇ ਵਰਤੋਂ ਡਾਟਾ"},{"$i":"sharePerformanceAndUsageData","$v":"ਡਾਟਾ ਭੇਜੋ data"},{"$i":"appUsageByRegion","$v":"App usage by region"},{"$i":"crashReports","$v":"Crash reports"},{"$i":"crashReports-header","$v":[{"t":"idOrVar","v":"crashReports"}]},{"$i":"crashReportInfo","$v":"Sending Mozilla a report when a crash occurs helps us fix the problem for everyone. Reports are sent over Wi-Fi only."},{"$i":"alwaysSendReport","$v":"Always send a report"},{"$i":"neverSendReport","$v":"Never send a report"},{"$i":"askToSendReport2","$v":"ਹਰ ਵਾਰ ਪੁੱਛੋ"},{"$i":"crash-reports-description-1","$v":"A crash report contains some details about the crash and your device, as well as a snapshot of the state of your device when it crashed."},{"$i":"crash-reports-description-2","$v":"This may include things like open pages and apps, text typed into forms and the content of open messages, recent browsing history, or geolocation used by an open app."},{"$i":"crash-reports-description-3-start","$v":"We use crash reports to try to fix problems and improve our products. We handle your information as we describe in our "},{"$i":"crash-reports-description-3-privacy","$v":"ਪਰਦੇਦਾਰੀ ਨੀਤੀ"},{"$i":"crash-reports-description-3-end","$v":"."},{"$i":"sendFeedbackTitle","$v":"ਆਪਣੇ ਸੁਝਾਅ ਭੇਜੋ"},{"$i":"feedback-description","$v":"Your feedback will help us to improve Firefox OS."},{"$i":"feedback-happy","$v":"ਖੁਸ਼"},{"$i":"feedback-sad","$v":"ਉਦਾਸ"},{"$i":"feedback-mood-description","$v":"How do you feel?"},{"$i":"feedback_whyfeel_happy","$v":"Why do you feel happy?"},{"$i":"feedback_whyfeel_sad","$v":"Why do you feel sad?"},{"$i":"feedback-mood-explain","$v":"Please tell us in detail."},{"$i":"feedback-public-description","$v":"The content of your feedback will be public, so please be sure not include any personal information."},{"$i":"feedback-contactyou","$v":"Check here to let us contact you from your email."},{"$i":"email-address1","$v":"Email address:"},{"$i":"email-keepprivate","$v":"Don’t worry. Your email will always be kept private."},{"$i":"feedback-sendbtn","$v":"Send Feedback"},{"$i":"feedback-errormessage-connect-error","$v":"Sorry, the system can’t send your suggestion due to a data connection error. Please try again when the issue is resolved."},{"$i":"feedback-errormessage-server-off","$v":"Sorry, the system can’t send your suggestion because the server shut down. Please wait a moment and try again."},{"$i":"feedback-errormessage-timeout","$v":"Sorry, the system can’t send your suggestion because of a timeout. Please restart and try again."},{"$i":"feedback-errormessage-wrong-email","$v":"Sorry, the system can’t send your suggestion because the email address is missing or due to a formatting error. Please use a valid email address and try again."},{"$i":"feedback-errormessage-empty-comment","$v":"Sorry, the system can’t send your suggestion because the comment field is empty. Please enter some text and try again."},{"$i":"feedback-errormessage-just-sent","$v":"Sorry, the system can’t send your suggestion because you already sent us feedback. Please try our next software update and send again."},{"$i":"feedback-complete-msg","$v":"Thanks for the feedback! We use it to help create better experiences in future releases of Firefox OS."},{"$i":"online-support","$v":"ਆਨਲਾਈਨ ਸਹਾਇਤਾ:"},{"$i":"call-support","$v":"ਕਾਲ ਸਹਿਯੋਗ:"},{"$i":"user-guide","$v":"ਵਰਤੋਂਕਾਰ ਗਾਈਡ"},{"$i":"default-support","$v":"Please contact your local provider for support."},{"$i":"operatorServices","$v":"ਓਪਰੇਟਰ ਸੇਵਾਵਾਂ"},{"$i":"operatorServices-help","$v":"ਮਦਦ"},{"$i":"operatorServices-helpmenu","$v":"ਮਦਦ ਮੇਨੂ"},{"$i":"stkAppsNotAvailable","$v":"SIM card applications not available."},{"$i":"simToolkit","$v":"ਸਿਮ ਟੂਲਕਿੱਟ"},{"$i":"stkItemsNaiSetUpCall","$v":"ਸੈਟ ਅੱਪ ਕਾਲ"},{"$i":"stkItemsNaiSendSs","$v":"SS ਭੇਜੋ"},{"$i":"stkItemsNaiSendUssd","$v":"USSD ਭੇਜੋ"},{"$i":"stkItemsNaiSendSms","$v":"Send SMS"},{"$i":"stkItemsNaiSendDtmf","$v":"Send DTMF"},{"$i":"stkItemsNaiLaunchBrowser","$v":"ਬਰਾਊਜ਼ਰ ਚਲਾਓ"},{"$i":"stkItemsNaiPlayTone","$v":"ਟੋਨ ਸੁਣਾਓ"},{"$i":"stkItemsNaiDisplayText","$v":"ਪਾਠ ਵੇਖਾਓ"},{"$i":"stkItemsNaiGetInkey","$v":"Get Inkey"},{"$i":"stkItemsNaiGetInput","$v":"Get Input"},{"$i":"stkItemsNaiSelectItem","$v":"Select Item"},{"$i":"stkItemsNaiSetUpMenu","$v":"Set Up Menu"},{"$i":"stkItemsNaiProvideLocalInfo","$v":"Provide Local Info"},{"$i":"stkItemsNaiSetIdleModeText","$v":"Set Idle Mode Text"},{"$i":"stkItemsNaiPerformCardApdu","$v":"Perform Card APDU"},{"$i":"stkItemsNaiPowerOnCard","$v":"Power On Card"},{"$i":"stkItemsNaiPowerOffCard","$v":"Power Off Card"},{"$i":"stkItemsNaiGetReaderStatus","$v":"Get Reader Status"},{"$i":"stkItemsNaiOpenChannel","$v":"Open Channel"},{"$i":"stkItemsNaiCloseChannel","$v":"Close Channel"},{"$i":"stkItemsNaiReceiveData","$v":"Receive Data"},{"$i":"stkItemsNaiSendData","$v":"Send Data"},{"$i":"stkItemsNaiGetChannelStatus","$v":"Get Channel Status"},{"$i":"stkItemsNaiEndOfTheProactiveSession","$v":"End of the proactive session"},{"$i":"is-warning-storage-header","$v":"USB ਸਟੋਰੇਜ"},{"$i":"is-warning-tethering-header","$v":"USB ਟੈਦਰਿੰਘ"},{"$i":"is-warning-wifi-header","$v":"Wi-Fi hotspot"},{"$i":"is-warning-storage-tethering-message","$v":"Enabling USB storage will disable USB tethering. Do you want to enable USB storage?"},{"$i":"is-warning-tethering-storage-message","$v":"Enabling USB tethering will disable USB storage. Do you want to enable USB tethering?"},{"$i":"is-warning-tethering-wifi-message","$v":"Enabling USB tethering will disable Wi-Fi hotspot. Do you want to enable USB tethering?"},{"$i":"is-warning-wifi-tethering-message","$v":"Enabling Wi-Fi hotspot will disable USB tethering. Do you want to enable Wi-Fi hotspot?"},{"$i":"settings-dialog-alert","$v":"Alert"},{"$i":"settings-dialog-confirm","$v":"Confirm"},{"$i":"settings-dialog-prompt","$v":"Prompt"},{"$i":"settings-alert-dialog-header","$v":[{"t":"idOrVar","v":"settings-dialog-alert"}]},{"$i":"settings-confirm-dialog-header","$v":[{"t":"idOrVar","v":"settings-dialog-confirm"}]},{"$i":"settings-prompt-dialog-header","$v":[{"t":"idOrVar","v":"settings-dialog-prompt"}]},{"$i":"addons","$v":"Addons"},{"$i":"addons-header","$v":[{"t":"idOrVar","v":"addons"}]},{"$i":"change-device-name","$v":"ਫੋਨ ਨਾਂ ਬਦਲੋ"},{"$i":"internetSharing-usb-desc","$v":"ਮੇਰੇ ਫੋਨ ਦੇ ਇੰਟਰਨੈੱਟ ਕੁਨੈਕਸ਼ਨ ਨੂੰ USB-ਕੁਨੈਕਟ ਹੋਏ ਯੰਤਰਾਂ ਨਾਲ ਸਾਂਝਾ ਕਰੋ"},{"$i":"internetSharing-wifi-desc","$v":"ਹੋਰ ਯੰਤਰਾਂ ਨੂੰ ਮੇਰੇ ਫੋਨ ਉੱਤੇ ਇੰਟਰਨੈੱਟ ਕੁਨੈਕਸ਼ਨ ਵਾਈ-ਫਾਈ ਰਾਹੀਂ ਕੁਨੈਕਟ ਕਰਕੇ ਵਰਤਣ ਦਿਉ"},{"$i":"unplayable-ringtone","$v":"ਰਿੰਗਟੋਨ ਬਦਲੀ ਨਹੀਂ ਗਈ ਸੀ, ਕਿਉਂਕਿ ਚੁਣੀ ਗਈ ਫਾਇਲ ਇਹ ਫੋਨ ਉੱਤੇ ਚਲਾਈ ਨਹੀਂ ਜਾ ਸਕਦੀ ਹੈ।"},{"$i":"findmydevice-signup-description","$v":"ਮੇਰਾ ਯੰਤਰ ਲੱਭਣ ਰਾਹੀਂ ਤੁਸੀਂ ਆਪਣੇ ਫੋਨ ਨੂੰ ਵੈੱਬਸਾਈਟ ਤੋਂ ਲੱਭ ਸਕਦੇ ਹੋ, ਲਾਕ ਕਰ ਸਕਦੇ ਹੋ ਜਾਂ ਸਾਫ਼ ਵੀ ਕਰ ਸਕਦੇ ਹੋ"},{"$i":"findmydevice-settings-description","$v":"ਮੇਰਾ ਯੰਤਰ ਲੱਭਣ ਰਾਹੀਂ ਤੁਸੀਂ ਆਪਣੇ ਫੋਨ ਨੂੰ ਵੈੱਬਸਾਈਟ ਤੋਂ ਲੱਭ ਸਕਦੇ ਹੋ, ਲਾਕ ਕਰ ਸਕਦੇ ਹੋ ਜਾਂ ਸਾਫ਼ ਵੀ ਕਰ ਸਕਦੇ ਹੋ:"},{"$i":"findmydevice-active-tracking","$v":"ਤੁਹਾਡੇ ਫੋਨ ਨੂੰ ਹੋਰ ਯੰਤਰ ਵਲੋਂ ਵੈੱਬਸਾਈਟ ਰਾਹੀਂ ਟਰੈਕ ਕੀਤਾ ਜਾ ਰਿਹਾ ਹੈ।"},{"$i":"findmydevice-not-tracking","$v":"ਵੈੱਬਸਾਈਟ ਰਾਹੀਂ ਕੋਈ ਵੀ ਯੰਤਰ ਸਰਗਰਮ ਰੂਪ ਵਿੱਚ ਤੁਹਾਡੇ ਫੋਨ ਨੂੰ ਟਰੈਕ ਨਹੀਂ ਕਰ ਰਿਹਾ ਹੈ।"},{"$i":"ums-confirm","$v":"Enabling USB storage allows another computer or device connected using USB to access files on this phone"},{"$i":"reset-device","$v":"Reset Phone"},{"$i":"reset-warning-body","$v":"ਮੁੜ-ਸੈੱਟ ਕਰਨ ਨਾਲ ਤੁਹਾਡਾ ਸਾਰਾ ਡਾਟਾ, ਜਿਸ ਵਿੱਚ ਤੁਹਾਡੇ ਵਲੋਂ ਖਰੀਦੇ ਐਪ ਵਿੱਚ ਸ਼ਾਮਿਲ ਹਨ, ਸਾਫ਼ ਕਰ ਦਿੱਤਾ ਜਾਵੇਗਾ। ਫੋਨ ਨੂੰ ਇਸ ਦੀ ਫੈਕਟਰੀ ਹਾਲਤ ਲਈ ਮੁੜ-ਸਟੋਰ ਕੀਤਾ ਜਾਵੇਗਾ। ਤੁਹਾਡੀ ਕੋਈ ਵੀ ਸੈਟਿੰਗ ਜਾਂ ਡਾਟਾ ਬਚੇਗੀ ਨਹੀਂ।"},{"$i":"reset-devtools-warning-body","$v":"Resetting will erase all your data, including any apps you’ve purchased. None of your settings or data will be saved. But your phone will have unrestricted developer tools, allowing you to modify and debug system applications."},{"$i":"powerSave-explanation","$v":"ਊਰਜਾ ਬੱਚਤ ਮੋਡ ਚਾਲੂ ਕਰਨ ਨਾਲ ਫੋਨ ਦਾ ਡਾਟਾ, ਬਲਿਊਟੁੱਥ ਅਤੇ ਭੂਗੋਲਿਕ-ਟਿਕਾਣਾ ਕੁਨਕੈਸ਼ਨ ਬੈਟਰੀ ਸਮਾਂ ਵਧਾਉਣ ਲਈ ਬੰਦ ਕਰ ਦਿੱਤੇ ਜਾਂਦੇ ਹਨ। ਤੁਸੀਂ ਇਹਨਾਂ ਸੇਵਾਵਾਂ ਨੂੰ ਖੁਦ ਚਾਲੂ ਸਕਦੇ ਹੋ।"},{"$i":"performanceAndUsageDataInfo","$v":["Help us improve ",{"t":"idOrVar","v":"brandShortName"}," by sharing data about your phone and the way you use it."]},{"$i":"device-status-connected-device","$v":"ਫ਼ੋਨ ਆਡੀਓ ਨਾਲ ਕਨੈਕਟ ਹੈ"},{"$i":"device-status-connected-device-media","$v":"ਫ਼ੋਨ/ਮੀਡੀਆ ਆਡੀਓ ਨਾਲ ਕਨੈਕਟ ਹੈ"}]