[{"$i":"stopped_download_title","$v":"Przerwane pobieranie"},{"$i":"stopped_download_message","$v":"Pobieranie zostało przerwane, spróbować ponownie?"},{"$i":"stopped_download_left_button","$v":"Anuluj"},{"$i":"stopped_download_right_button","$v":"Spróbuj ponownie"},{"$i":"failed_download_title","$v":"Nieudane pobieranie"},{"$i":"failed_download_message","$v":["Pobieranie „",{"t":"idOrVar","v":"name"},"” nie powiodło się, spróbować ponownie?"]},{"$i":"failed_download_left_button","$v":"Anuluj"},{"$i":"failed_download_right_button","$v":"Spróbuj ponownie"},{"$i":"stop_download_title","$v":"Zatrzymywanie pobierania"},{"$i":"stop_download_message","$v":"Na pewno przerwać pobieranie?"},{"$i":"stop_download_left_button","$v":"Nie"},{"$i":"stop_download_right_button","$v":"Tak"},{"$i":"delete_download_title","$v":"Usuwanie pliku"},{"$i":"delete_download_message","$v":["Usunąć „",{"t":"idOrVar","v":"name"},"”?"]},{"$i":"delete_download_left_button","$v":"Anuluj"},{"$i":"delete_download_right_button","$v":"Usuń"},{"$i":"delete_all_download_title","$v":"Usuwanie plików"},{"$i":"delete_all_download_left_button","$v":"Anuluj"},{"$i":"delete_all_download_right_button","$v":"Usuń"},{"$i":"delete_all_download_message","$v":{"zero":"Nic nie usuwać?","one":"Usunąć plik?","two":"Usunąć dwa pliki?","few":["Usunąć ",{"t":"idOrVar","v":"number"}," pliki?"],"many":["Usunąć ",{"t":"idOrVar","v":"number"}," plików?"],"other":""},"$x":[{"t":"idOrVar","v":"plural"},"number"]},{"$i":"unsupported_file_type_download_title","$v":"Błąd otwierania"},{"$i":"unsupported_file_type_download_message","$v":["Brakuje aplikacji, która może otworzyć plik „",{"t":"idOrVar","v":"name"},"”. Mimo tego zatrzymać plik czy go usunąć?"]},{"$i":"unsupported_file_type_download_left_button","$v":"Zatrzymaj plik"},{"$i":"unsupported_file_type_download_right_button","$v":"Usuń"},{"$i":"file_not_found_download_title","$v":"Nie odnaleziono pliku"},{"$i":"file_not_found_download_message","$v":"Nie udało się odnaleźć pliku na urządzeniu."},{"$i":"file_not_found_download_right_button","$v":"OK"},{"$i":"unmounted_sdcard_2_download_title","$v":"Karta pamięci obecnie używana"},{"$i":"unmounted_sdcard_2_download_message","$v":"Odłącz telefon"},{"$i":"unmounted_sdcard_2_download_right_button","$v":"OK"},{"$i":"no_provider_download_title","$v":"Błąd udostępniania"},{"$i":"no_provider_download_message","$v":"Brak konfiguracji dostawcy usługi"},{"$i":"no_provider_download_right_button","$v":"OK"},{"$i":"no_memory_download_title","$v":"Pełna karta pamięci"},{"$i":"no_memory_download_message","$v":"Na karcie pamięci nie ma wystarczającej ilości wolnego miejsca, aby zapisać ten plik. Proszę usunąć jakieś pliki przed wznowieniem pobierania."},{"$i":"no_memory_download_right_button","$v":"OK"},{"$i":"no_sdcard_found_2_download_title","$v":"Brak karty pamięci"},{"$i":"no_sdcard_found_2_download_message","$v":"Należy włożyć kartę pamięci lub wybrać inną domyślną lokalizację plików w ustawieniach"},{"$i":"no_sdcard_found_2_download_right_button","$v":"OK"},{"$i":"file_open_error_download_title","$v":"Błąd otwierania"},{"$i":"file_open_error_download_message","$v":["Wystąpił błąd podczas otwierania pliku „",{"t":"idOrVar","v":"name"},"”. Mimo tego zatrzymać plik czy go usunąć?"]},{"$i":"file_open_error_download_left_button","$v":"Zatrzymaj plik"},{"$i":"file_open_error_download_right_button","$v":"Usuń"},{"$i":"restart_download_error","$v":"Wystąpił błąd podczas wznawiania pobierania. Proszę spróbować pobrać ponownie."},{"$i":"no-downloads","$v":"Brak pobranych plików"},{"$i":"byteUnit-B","$v":"B"},{"$i":"byteUnit-KB","$v":"KB"},{"$i":"byteUnit-MB","$v":"MB"},{"$i":"byteUnit-GB","$v":"GB"},{"$i":"byteUnit-TB","$v":"TB"},{"$i":"fileSize","$v":[{"t":"idOrVar","v":"size"}," ",{"t":"idOrVar","v":"unit"}]},{"$i":"percentage","$v":[{"t":"idOrVar","v":"percentage"},"%"]},{"$i":"partialResult","$v":[{"t":"idOrVar","v":"partial"}," z ",{"t":"idOrVar","v":"total"}]},{"$i":"summary","$v":[{"t":"idOrVar","v":"date"}," - ",{"t":"idOrVar","v":"status"}]},{"$i":"download-stopped","$v":"Zatrzymano"},{"$i":"download-failed","$v":"Niepowodzenie"},{"$i":"open_downloaded_file","$v":"Otwórz"},{"$i":"share_downloaded_file","$v":"Udostępnij"},{"$i":"wallpaper_downloaded_file","$v":"Ustaw jako tło ekranu"},{"$i":"ringtone_downloaded_file","$v":"Ustaw jako dzwonek"},{"$i":"cancel_downloaded_file","$v":"Anuluj"},{"$i":"brandShortName","$v":"B2G OS"},{"$i":"browserBrandShortName","$v":"Web Browser"},{"$i":"browserBrandFullName","$v":"Mozilla Web Browser"},{"$i":"ringtoneBrandName","$v":"Default"},{"$i":"ringtoneSectionBrandName","$v":"System"},{"$i":"weekday-0-long","$v":"Niedziela"},{"$i":"weekday-1-long","$v":"Poniedziałek"},{"$i":"weekday-2-long","$v":"Wtorek"},{"$i":"weekday-3-long","$v":"Środa"},{"$i":"weekday-4-long","$v":"Czwartek"},{"$i":"weekday-5-long","$v":"Piątek"},{"$i":"weekday-6-long","$v":"Sobota"},{"$i":"weekday-0-short","$v":"Nd"},{"$i":"weekday-1-short","$v":"Pn"},{"$i":"weekday-2-short","$v":"Wt"},{"$i":"weekday-3-short","$v":"Śr"},{"$i":"weekday-4-short","$v":"Cz"},{"$i":"weekday-5-short","$v":"Pt"},{"$i":"weekday-6-short","$v":"Sb"},{"$i":"month-0-long","$v":"Styczeń"},{"$i":"month-1-long","$v":"Luty"},{"$i":"month-2-long","$v":"Marzec"},{"$i":"month-3-long","$v":"Kwiecień"},{"$i":"month-4-long","$v":"Maj"},{"$i":"month-5-long","$v":"Czerwiec"},{"$i":"month-6-long","$v":"Lipiec"},{"$i":"month-7-long","$v":"Sierpień"},{"$i":"month-8-long","$v":"Wrzesień"},{"$i":"month-9-long","$v":"Październik"},{"$i":"month-10-long","$v":"Listopad"},{"$i":"month-11-long","$v":"Grudzień"},{"$i":"month-0-genitive","$v":"stycznia"},{"$i":"month-1-genitive","$v":"lutego"},{"$i":"month-2-genitive","$v":"marca"},{"$i":"month-3-genitive","$v":"kwietnia"},{"$i":"month-4-genitive","$v":"maja"},{"$i":"month-5-genitive","$v":"czerwca"},{"$i":"month-6-genitive","$v":"lipca"},{"$i":"month-7-genitive","$v":"sierpnia"},{"$i":"month-8-genitive","$v":"września"},{"$i":"month-9-genitive","$v":"października"},{"$i":"month-10-genitive","$v":"listopada"},{"$i":"month-11-genitive","$v":"grudnia"},{"$i":"month-0-short","$v":"sty"},{"$i":"month-1-short","$v":"lut"},{"$i":"month-2-short","$v":"mar"},{"$i":"month-3-short","$v":"kwi"},{"$i":"month-4-short","$v":"maj"},{"$i":"month-5-short","$v":"cze"},{"$i":"month-6-short","$v":"lip"},{"$i":"month-7-short","$v":"sie"},{"$i":"month-8-short","$v":"wrz"},{"$i":"month-9-short","$v":"paź"},{"$i":"month-10-short","$v":"lis"},{"$i":"month-11-short","$v":"gru"},{"$i":"minutes-ago-long","$v":{"zero":"w tym momencie","one":"przed minutą","two":"dwie minuty temu","few":[{"t":"idOrVar","v":"value"}," minuty temu"],"many":[{"t":"idOrVar","v":"value"}," minut temu"],"other":""},"$x":[{"t":"idOrVar","v":"plural"},"value"]},{"$i":"hours-ago-long","$v":{"zero":"w tej godzinie","one":"godzinę temu","two":"dwie godziny temu","few":[{"t":"idOrVar","v":"value"}," godziny temu"],"many":[{"t":"idOrVar","v":"value"}," godzin temu"],"other":""},"$x":[{"t":"idOrVar","v":"plural"},"value"]},{"$i":"days-ago-long","$v":{"zero":"dzisiaj","one":"wczoraj","two":"przedwczoraj","few":[{"t":"idOrVar","v":"value"}," dni temu"],"many":[{"t":"idOrVar","v":"value"}," dni temu"],"other":""},"$x":[{"t":"idOrVar","v":"plural"},"value"]},{"$i":"weeks-ago-long","$v":{"zero":"w tym tygodniu","one":"w zeszłym tygodniu","two":"dwa tygodnie temu","few":[{"t":"idOrVar","v":"value"}," tygodnie temu"],"many":[{"t":"idOrVar","v":"value"}," tygodni temu"],"other":""},"$x":[{"t":"idOrVar","v":"plural"},"value"]},{"$i":"months-ago-long","$v":{"zero":"w tym miesiącu","one":"w zeszłym miesiącu","two":"dwa miesiące temu","few":[{"t":"idOrVar","v":"value"}," miesiące temu"],"many":[{"t":"idOrVar","v":"value"}," miesięcy temu"],"other":""},"$x":[{"t":"idOrVar","v":"plural"},"value"]},{"$i":"years-ago-long","$v":{"zero":"w tym roku","one":"w zeszłym roku","two":"dwa lata temu","few":[{"t":"idOrVar","v":"value"}," lata temu"],"many":[{"t":"idOrVar","v":"value"}," lat temu"],"other":""},"$x":[{"t":"idOrVar","v":"plural"},"value"]},{"$i":"minutes-until-long","$v":{"zero":"teraz","one":"za minutę","two":"za dwie minuty","few":["za ",{"t":"idOrVar","v":"value"}," minuty"],"many":["za ",{"t":"idOrVar","v":"value"}," minut"],"other":""},"$x":[{"t":"idOrVar","v":"plural"},"value"]},{"$i":"hours-until-long","$v":{"zero":"teraz","one":"za godzinę","two":"za dwie godziny","few":["za ",{"t":"idOrVar","v":"value"}," godziny"],"many":["za ",{"t":"idOrVar","v":"value"}," godzin"],"other":""},"$x":[{"t":"idOrVar","v":"plural"},"value"]},{"$i":"days-until-long","$v":{"zero":"dzisiaj","one":"jutro","two":"za dwa dni","few":["za ",{"t":"idOrVar","v":"value"}," dni"],"many":["za ",{"t":"idOrVar","v":"value"}," dni"],"other":""},"$x":[{"t":"idOrVar","v":"plural"},"value"]},{"$i":"weeks-until-long","$v":{"zero":"w tym tygodniu","one":"w przyszłym tygodniu","two":"za dwa tygodnie","few":["za ",{"t":"idOrVar","v":"value"}," tygodnie"],"many":["za ",{"t":"idOrVar","v":"value"}," tygodni"],"other":""},"$x":[{"t":"idOrVar","v":"plural"},"value"]},{"$i":"months-until-long","$v":{"zero":"w tym miesiącu","one":"w przyszłym miesiącu","two":"za dwa miesiące","few":["za ",{"t":"idOrVar","v":"value"}," miesiące"],"many":["za ",{"t":"idOrVar","v":"value"}," miesięcy"],"other":""},"$x":[{"t":"idOrVar","v":"plural"},"value"]},{"$i":"years-until-long","$v":{"zero":"w tym roku","one":"w przyszłym roku","two":"za dwa lata","few":["za ",{"t":"idOrVar","v":"value"}," lata"],"many":["za ",{"t":"idOrVar","v":"value"}," lat"],"other":""},"$x":[{"t":"idOrVar","v":"plural"},"value"]},{"$i":"minutes-ago-short","$v":{"zero":"teraz","other":[{"t":"idOrVar","v":"value"}," min temu"]},"$x":[{"t":"idOrVar","v":"plural"},"value"]},{"$i":"hours-ago-short","$v":{"zero":"teraz","other":[{"t":"idOrVar","v":"value"}," godz. temu"]},"$x":[{"t":"idOrVar","v":"plural"},"value"]},{"$i":"days-ago-short","$v":{"zero":"dzisiaj","other":[{"t":"idOrVar","v":"value"}," dni temu"]},"$x":[{"t":"idOrVar","v":"plural"},"value"]},{"$i":"minutes-until-short","$v":{"zero":"teraz","other":["za ",{"t":"idOrVar","v":"value"}," min"]},"$x":[{"t":"idOrVar","v":"plural"},"value"]},{"$i":"hours-until-short","$v":{"zero":"teraz","other":["za ",{"t":"idOrVar","v":"value"}," godz."]},"$x":[{"t":"idOrVar","v":"plural"},"value"]},{"$i":"days-until-short","$v":{"zero":"dzisiaj","other":["za ",{"t":"idOrVar","v":"value"}," dni"]},"$x":[{"t":"idOrVar","v":"plural"},"value"]},{"$i":"incorrectDate","$v":"(nieprawidłowa data)"},{"$i":"dateTimeFormat_%c","$v":"%a, %e %b %Y, %H:%M:%S"},{"$i":"dateTimeFormat_%x","$v":"%e.%m.%Y"},{"$i":"dateTimeFormat_%X","$v":"%H:%M:%S"},{"$i":"shortTimeFormat","$v":"%H:%M"},{"$i":"shortTimeFormat12","$v":"%I:%M a.m."},{"$i":"shortTimeFormat24","$v":"%H:%M"},{"$i":"shortDateTimeFormat","$v":"%x %H:%M"},{"$i":"weekStartsOnMonday","$v":"1"},{"$i":"firstDayOfTheWeek","$v":"1"},{"$i":"time_am","$v":"a.m."},{"$i":"time_pm","$v":"p.m."},{"$i":"title-app","$v":"Uprawnienia aplikacji"},{"$i":"title-web","$v":"Uprawnienia strony"},{"$i":"title-cam","$v":"Wybór kamery"},{"$i":"perm-alarms","$v":"Ustawianie alarmów"},{"$i":"perm-audio-capture","$v":"Mikrofon"},{"$i":"perm-audio-capture-appRequest","$v":["Aplikacja „",{"t":"idOrVar","v":"app"},"” chciałaby uzyskać dostęp do mikrofonu."]},{"$i":"perm-audio-capture-webRequest","$v":["Strona „",{"t":"idOrVar","v":"site"},"” chciałaby uzyskać dostęp do mikrofonu."]},{"$i":"perm-audio-channel-content","$v":"Odtwarzanie dźwięków"},{"$i":"perm-audio-channel-notification","$v":"Odtwarzanie dźwięków powiadomień"},{"$i":"perm-audio-channel-ringer","$v":"Odtwarzanie dzwonków"},{"$i":"perm-background-sensors","$v":"Dostęp do czujników"},{"$i":"perm-bluetooth","$v":"Dostęp do Bluetooth"},{"$i":"perm-browser","$v":"Inspekcja stron"},{"$i":"perm-camera","$v":"Dostęp do aparatów"},{"$i":"perm-camera-selector-appRequest","$v":["Wybierz kamerę dla „",{"t":"idOrVar","v":"app"},"”."]},{"$i":"perm-camera-selector-webRequest","$v":["Wybierz kamerę dla „",{"t":"idOrVar","v":"site"},"”."]},{"$i":"perm-cellbroadcast","$v":"Dostęp do wiadomości sieciowych"},{"$i":"perm-contacts","$v":"Książka adresowa"},{"$i":"perm-contacts-appRequest","$v":["Aplikacja „",{"t":"idOrVar","v":"app"},"” chciałaby uzyskać dostęp do książki adresowej telefonu."]},{"$i":"perm-contacts-webRequest","$v":["Strona „",{"t":"idOrVar","v":"site"},"” chciałaby uzyskać dostęp do książki adresowej telefonu."]},{"$i":"perm-desktop-notification","$v":"Powiadomienia"},{"$i":"perm-desktop-notification-appRequest","$v":["Aplikacja „",{"t":"idOrVar","v":"app"},"” chciałaby wyświetlać powiadomienia na telefonie."]},{"$i":"perm-desktop-notification-webRequest","$v":["Strona „",{"t":"idOrVar","v":"site"},"” chciałaby wyświetlać powiadomienia na telefonie."]},{"$i":"perm-device-storage-apps","$v":"Aplikacje"},{"$i":"perm-device-storage-music","$v":"Muzyka"},{"$i":"perm-device-storage-music-appRequest","$v":["Aplikacja „",{"t":"idOrVar","v":"app"},"” chciałaby uzyskać dostęp do zgromadzonej muzyki."]},{"$i":"perm-device-storage-music-webRequest","$v":["Strona „",{"t":"idOrVar","v":"site"},"” chciałaby uzyskać dostęp do zgromadzonej muzyki."]},{"$i":"perm-device-storage-pictures","$v":"Zdjęcia"},{"$i":"perm-device-storage-pictures-appRequest","$v":["Aplikacja „",{"t":"idOrVar","v":"app"},"” chciałaby uzyskać dostęp do zgromadzonych zdjęć."]},{"$i":"perm-device-storage-pictures-webRequest","$v":["Strona „",{"t":"idOrVar","v":"site"},"” chciałaby uzyskać dostęp do zgromadzonych zdjęć."]},{"$i":"perm-device-storage-sdcard","$v":"Karta pamięci"},{"$i":"perm-device-storage-sdcard-appRequest","$v":["Aplikacja „",{"t":"idOrVar","v":"app"},"” chciałaby uzyskać dostęp do karty pamięci."]},{"$i":"perm-device-storage-sdcard-webRequest","$v":["Strona „",{"t":"idOrVar","v":"site"},"” chciałaby uzyskać dostęp do karty pamięci."]},{"$i":"perm-device-storage-videos","$v":"Filmy"},{"$i":"perm-device-storage-videos-appRequest","$v":["Aplikacja „",{"t":"idOrVar","v":"app"},"” chciałaby uzyskać dostęp do zgromadzonych filmów."]},{"$i":"perm-device-storage-videos-webRequest","$v":["Strona „",{"t":"idOrVar","v":"site"},"” chciałaby uzyskać dostęp do zgromadzonych filmów."]},{"$i":"perm-embed-apps","$v":"Osadzone aplikacje"},{"$i":"perm-fmradio","$v":"Radio"},{"$i":"perm-fmradio-appRequest","$v":["Aplikacja „",{"t":"idOrVar","v":"app"},"” chciałaby uzyskać dostęp do radia telefonu."]},{"$i":"perm-fmradio-webRequest","$v":["Strona „",{"t":"idOrVar","v":"site"},"” chciałaby uzyskać dostęp do radia telefonu."]},{"$i":"perm-geolocation","$v":"Usługi lokalizacji położenia"},{"$i":"perm-geolocation-appRequest","$v":["Aplikacja „",{"t":"idOrVar","v":"app"},"” chciałaby uzyskać dostęp do informacji o położeniu urządzenia."]},{"$i":"perm-geolocation-more-info","$v":[{"t":"idOrVar","v":"brandShortName"}," wykorzystuje dane pochodzące z GPS, z sieci komórkowych oraz Wi-Fi, aby ustalić przybliżone położenie. Dane są wysyłane do Mozilli oraz innych usługodawców i zagregowane będą wykorzystywane do doskonalenia ich baz danych położenia. Dane mogą być przechowywane na urządzeniu, a ich zbieranie może następować, nawet jeśli nie uruchomiono żadnych aplikacji."]},{"$i":"perm-geolocation-webRequest","$v":["Strona „",{"t":"idOrVar","v":"site"},"” chciałaby uzyskać dostęp dostęp do informacji o położeniu urządzenia."]},{"$i":"perm-idle","$v":"Informacje o stanie spoczynku"},{"$i":"perm-indexedDB-chrome-settings","$v":"Uprzywilejowane IndexedDB"},{"$i":"perm-indexedDB-unlimited","$v":"Nielimitowane IndexedDB"},{"$i":"perm-input-manage","$v":"Zarządzanie klawiaturami"},{"$i":"perm-input","$v":"Spełniać funkcje klawiatury"},{"$i":"perm-media-capture","$v":"Aparat i mikrofon"},{"$i":"perm-media-capture-appRequest","$v":["Aplikacja „",{"t":"idOrVar","v":"app"},"” chciałaby uzyskać dostęp do aparatu i mikrofonu."]},{"$i":"perm-media-capture-webRequest","$v":["Strona „",{"t":"idOrVar","v":"site"},"” chciałaby uzyskać dostęp do aparatu i mikrofonu."]},{"$i":"perm-mobileconnection","$v":"Połączenika komórkowe"},{"$i":"perm-mobileid","$v":"Mobile Identity"},{"$i":"perm-network-events","$v":"Zdarzenia sieciowe"},{"$i":"perm-open-remote-window","$v":"Uruchamianie aplikacji"},{"$i":"perm-permissions","$v":"Modyfikowanie uprawnień aplikacji"},{"$i":"perm-power","$v":"Ustawienia zasilania"},{"$i":"perm-settings","$v":"Modyfikowanie ustawień"},{"$i":"perm-systemXHR","$v":"Żądania do serwerów w innych domenach"},{"$i":"perm-telephony","$v":"Telefon"},{"$i":"perm-video-capture","$v":"Aparat"},{"$i":"perm-video-capture-appRequest","$v":["Aplikacja „",{"t":"idOrVar","v":"app"},"” chciałaby uzyskać dostęp do aparatu."]},{"$i":"perm-video-capture-webRequest","$v":["Strona „",{"t":"idOrVar","v":"site"},"” chciałaby uzyskać dostęp do aparatu."]},{"$i":"perm-voicemail","$v":"Poczta głosowa"},{"$i":"perm-webapps-manage","$v":"Instalowanie aplikacji"},{"$i":"perm-wifi-manage","$v":"Zarządzanie Wi-Fi"},{"$i":"perm-attention","$v":"Open Overlay Popups"},{"$i":"perm-audio-channel-alarm","$v":"Odtwarzanie dźwięków alarmów"},{"$i":"perm-audio-channel-normal","$v":"Odtwarzanie dźwięków"},{"$i":"perm-audio-channel-publicnotification","$v":"Play public notification sounds"},{"$i":"perm-audio-channel-telephony","$v":"Play Telephony Sounds"},{"$i":"perm-backgroundservice","$v":"Działanie w tle jako usługa"},{"$i":"perm-device-storage-crashes","$v":"Crash Data Storage"},{"$i":"perm-downloads","$v":"Dostęp do pobranych"},{"$i":"perm-embed-widgets","$v":"Embed Widgets"},{"$i":"perm-feature-detection","$v":"Wykrywanie funkcji"},{"$i":"perm-firefox-accounts","$v":"Firefox Accounts"},{"$i":"perm-mobilenetwork","$v":"Sieć komórkowa"},{"$i":"perm-moz-attention","$v":"Open Overlay Popups (moz)"},{"$i":"perm-moz-audio-channel-ringer","$v":"Odtwarzanie dzwonków (moz)"},{"$i":"perm-moz-audio-channel-telephony","$v":"Play Telephony Sounds (moz)"},{"$i":"perm-moz-firefox-accounts","$v":"Firefox Accounts (moz)"},{"$i":"perm-networkstats-manage","$v":"Kontrolowanie monitorowania kosztów"},{"$i":"perm-nfc","$v":"NFC"},{"$i":"perm-nfc-hci-events","$v":"Zdarzenia NFC HCI"},{"$i":"perm-nfc-manager","$v":"Zarządzanie NFC"},{"$i":"perm-phonenumberservice","$v":"Phone Number Service"},{"$i":"perm-push","$v":"Push API"},{"$i":"perm-resourcestats-manage","$v":"Statystyki zasobów"},{"$i":"perm-sms","$v":"Wysyłanie i odczytywanie wiadomości SMS"},{"$i":"perm-speaker-control","$v":"Kontrolowanie głośności"},{"$i":"perm-storage","$v":"Dostęp do plików"},{"$i":"perm-tcp-socket","$v":"TCP Sockets"},{"$i":"perm-test-permission","$v":"Testowe uprawnienie"},{"$i":"perm-time","$v":"Zmiana daty i czasu"},{"$i":"perm-udp-socket","$v":"UDP Sockets"},{"$i":"perm-wappush","$v":"WAP Push"},{"$i":"tz-region","$v":"Region"},{"$i":"tz-city","$v":"Miasto"},{"$i":"tzRegion-Africa","$v":"Afryka"},{"$i":"tzRegion-America","$v":"Ameryka"},{"$i":"tzRegion-Antarctica","$v":"Antarktyka"},{"$i":"tzRegion-Asia","$v":"Azja"},{"$i":"tzRegion-Atlantic","$v":"Atlantyk"},{"$i":"tzRegion-Australia","$v":"Australia"},{"$i":"tzRegion-Europe","$v":"Europa"},{"$i":"tzRegion-Indian","$v":"Ocean Indyjski"},{"$i":"tzRegion-Pacific","$v":"Pacyfik"},{"$i":"ringtone-none","$v":"Brak"},{"$i":"ringer_bubble","$v":"Bubble"},{"$i":"ringer_chimer","$v":"Chimer"},{"$i":"ringer_cunning","$v":"Cunning"},{"$i":"ringer_dulco","$v":"Dulco"},{"$i":"ringer_firefox2","$v":[{"t":"idOrVar","v":"ringtoneBrandName"}]},{"$i":"ringer_garden","$v":"Ogród"},{"$i":"ringer_marbled","$v":"Marbled"},{"$i":"ringer_opti","$v":"Opti"},{"$i":"ringer_pecko","$v":"Pecko"},{"$i":"ringer_pingy","$v":"Pingy"},{"$i":"ringer_poppop","$v":"Pop Pop"},{"$i":"ringer_sata","$v":"Sata"},{"$i":"ringer_simple","$v":"Czysty"},{"$i":"ringer_standard1","$v":"Klasyczny"},{"$i":"ringer_standard2","$v":"Szybki klasyczny"},{"$i":"ringer_stutter","$v":"Stutter"},{"$i":"ringer_symmetry","$v":"Symetria"},{"$i":"ringer_tailwind","$v":"Tail Wind"},{"$i":"ringer_thoughtful","$v":"Thoughtful"},{"$i":"ringer_wit","$v":"Wit"},{"$i":"ringer_zen","$v":"Zen"},{"$i":"notifier_bells","$v":"Dzwonki"},{"$i":"notifier_bloom","$v":"Bloom"},{"$i":"notifier_chime","$v":"Chime"},{"$i":"notifier_clicka","$v":"Clicka"},{"$i":"notifier_digi","$v":"Digi"},{"$i":"notifier_dropplet","$v":"Dropplet"},{"$i":"notifier_firefox2","$v":[{"t":"idOrVar","v":"ringtoneBrandName"}]},{"$i":"notifier_hello","$v":"Hej!"},{"$i":"notifier_lowmarble","$v":"Low Marble"},{"$i":"notifier_ping","$v":"Ping"},{"$i":"notifier_plickle","$v":"Plickle"},{"$i":"notifier_pocko","$v":"Pocko"},{"$i":"notifier_quado","$v":"Quado"},{"$i":"notifier_red","$v":"Red"},{"$i":"notifier_sato","$v":"Sato"},{"$i":"notifier_swipo","$v":"Swipo"},{"$i":"notifier_trickleup","$v":"Trickle Up"},{"$i":"notifier_trink","$v":"Trink"},{"$i":"notifier_verse","$v":"Verse"},{"$i":"settings","$v":"Ustawienia"},{"$i":"advancedSettings","$v":"Zaawansowane"},{"$i":"default","$v":"Domyślne"},{"$i":"enabled","$v":"Włączone"},{"$i":"enable","$v":"Włącz"},{"$i":"disabled","$v":"Wyłączone"},{"$i":"error","$v":"błąd"},{"$i":"ok","$v":"OK"},{"$i":"yes","$v":"Tak"},{"$i":"no","$v":"Nie"},{"$i":"reset","$v":"Resetuj"},{"$i":"cancel","$v":"Anuluj"},{"$i":"close","$v":"Zamknij"},{"$i":"back","$v":"Wstecz"},{"$i":"continue","$v":"Kontynuuj"},{"$i":"skip","$v":"Pomiń"},{"$i":"pair","$v":"Paruj"},{"$i":"add","$v":"Dodaj"},{"$i":"done","$v":"Gotowe"},{"$i":"set","$v":"Ustaw"},{"$i":"notNow","$v":"Nie teraz"},{"$i":"turnOn","$v":"Włącz"},{"$i":"selectASIMCard","$v":"Wybór karty SIM"},{"$i":"sim1","$v":"SIM 1"},{"$i":"sim2","$v":"SIM 2"},{"$i":"unavailable","$v":"niedostępny"},{"$i":"confirmation","$v":"Wymagane potwierdzenie"},{"$i":"simSettingsWithIndex","$v":["Ustawienia SIM ",{"t":"idOrVar","v":"index"}]},{"$i":"networkAndConnectivity","$v":"Sieć i łączność"},{"$i":"airplaneMode","$v":"Tryb lotu"},{"$i":"geolocation","$v":"Usługi lokalizacyjne"},{"$i":"wifi","$v":"Wi-Fi"},{"$i":"wifi-header","$v":"Wi-Fi"},{"$i":"wifi-disabled","$v":"Aby wyświetlić listę dostępnych sieci, należy włączyć Wi-Fi."},{"$i":"availableNetworks","$v":"Dostępne sieci"},{"$i":"knownNetworks","$v":"Znane sieci"},{"$i":"hiddenNetworks","$v":"Ukryte sieci"},{"$i":"scanning","$v":"Wyszukiwanie…"},{"$i":"scanNetworks","$v":"Wyszukaj ponownie"},{"$i":"fullStatus-initializing","$v":"Inicjowanie…"},{"$i":"fullStatus-connecting","$v":["Łączenie z „",{"t":"idOrVar","v":"ssid"},"”…"]},{"$i":"fullStatus-associated","$v":"Uzyskiwanie adresu IP…"},{"$i":"fullStatus-connected","$v":["Połączono z „",{"t":"idOrVar","v":"ssid"},"”"]},{"$i":"fullStatus-connectingfailed","$v":"Nie udało się połączyć"},{"$i":"fullStatus-disconnected","$v":"Offline"},{"$i":"shortStatus-connecting","$v":"Łączenie…"},{"$i":"shortStatus-associated","$v":"Uzyskiwanie adresu IP…"},{"$i":"shortStatus-connected","$v":"Połączono"},{"$i":"shortStatus-connectingfailed","$v":"Nie udało się połączyć"},{"$i":"shortStatus-disconnected","$v":"Offline"},{"$i":"wifi-sleep","$v":"Usypianie Wi-Fi"},{"$i":"wifi-sleep-description","$v":"Automatyczne wyłączanie Wi-Fi podczas nieaktywności, aby ograniczyć zużycie energii."},{"$i":"manageNetworks","$v":"Zarządzaj sieciami"},{"$i":"wifi-bad-credentials-title","$v":"Nieudane łączenie z siecią Wi-Fi"},{"$i":"wifi-bad-credentials-confirm","$v":["Nie udało się połączyć z siecią „",{"t":"idOrVar","v":"ssid"},"”. Uwierzytelnianie nie powiodło się z powodu błędnych danych logowania. Proszę ponownie wprowadzić hasło sieci."]},{"$i":"manageNetworks-header","$v":"Zarządzanie sieciami"},{"$i":"manageCertificates","$v":"Zarządzaj certyfikatami"},{"$i":"manageCert","$v":"Certyfikaty"},{"$i":"joinHiddenNetwork","$v":"Przyłącz do ukrytej sieci"},{"$i":"securedBy","$v":["Zabezpieczona poprzez ",{"t":"idOrVar","v":"capabilities"}]},{"$i":"security","$v":"Bezpieczeństwo"},{"$i":"securityNone","$v":"Brak"},{"$i":"securityOpen","$v":"Otwarta"},{"$i":"notInRange","$v":"Poza zasięgiem"},{"$i":"ipAddress","$v":"Adres IP"},{"$i":"linkSpeed","$v":"Przepustowość"},{"$i":"linkSpeedMbs","$v":[{"t":"idOrVar","v":"linkSpeed"}," Mbit/s"]},{"$i":"signalStrength","$v":"Siła sygnału"},{"$i":"signalLevel0","$v":"Bardzo słaba"},{"$i":"signalLevel1","$v":"Słaba"},{"$i":"signalLevel2","$v":"Średnia"},{"$i":"signalLevel3","$v":"Dobra"},{"$i":"signalLevel4","$v":"Bardzo dobra"},{"$i":"forget","$v":"Usuń"},{"$i":"forgetNetwork-dialog","$v":"Usunąć ustawienia tej sieci?"},{"$i":"forgetNetwork-confirmation","$v":"Zatwierdź"},{"$i":"authentication","$v":"Uwierzytelnianie"},{"$i":"authentication-header","$v":"Uwierzytelnianie"},{"$i":"eap","$v":"Metoda EAP"},{"$i":"auth-phase2","$v":"Faza 2 uwierzytelniania"},{"$i":"server-certificate","$v":"Certyfikat serwera"},{"$i":"import-certificate-msg","$v":"Uwaga: jeśli zachodzi potrzeba importu certyfikatów, proszę skorzystać z „Zarządzaj certyfikatami”."},{"$i":"identity","$v":"Identyfikator"},{"$i":"password","$v":"Hasło"},{"$i":"showPassword","$v":"Pokaż hasło"},{"$i":"networkNotification","$v":"Powiadomienia o sieciach"},{"$i":"networkNotification-expl","$v":"Powiadamiaj o dostępności otwartych sieci"},{"$i":"macAddress","$v":"Adres MAC"},{"$i":"deviceInfo_software","$v":[{"t":"idOrVar","v":"brandShortName"}," ",{"t":"idOrVar","v":"os"}]},{"$i":"macUnavailable","$v":"Niedostępny"},{"$i":"noNetworksFound","$v":"Nie znaleziono żadnych sieci"},{"$i":"noKnownNetworks","$v":"Brak znanych sieci"},{"$i":"edit","$v":"Edycja"},{"$i":"certificateList","$v":"Lista certyfikatów"},{"$i":"noCertificate","$v":"Brak zaimportowanych certyfikatów"},{"$i":"deleteCertificate","$v":"Usuń certyfikat"},{"$i":"importCertificate","$v":"Importuj certyfikat"},{"$i":"selectCertificateFile","$v":"Wybór pliku certyfikatu"},{"$i":"enterCertificateNickname","$v":"Opis certyfikatu"},{"$i":"nickname","$v":"Opis"},{"$i":"enter-certificate-name-msg","$v":"Można zmienić opis lub zachować domyślną nazwę."},{"$i":"certificate-deletion-failed","$v":"Nieudane usunięcie"},{"$i":"certificate-deletion-failed-description","$v":"Usunięcię certyfikatu nie powiodło się. Może to być spowodowane problemem z kartą pamięci."},{"$i":"certificate-import-failed","$v":"Nieudany import"},{"$i":"certificate-import-failed-description","$v":"Import certyfikatu nie powiódł się. Może to być spowodowane uszkodzeniem pliku."},{"$i":"wpsMessage","$v":"Połącz z użyciem WPS"},{"$i":"wpsMessage-header","$v":"Łączenie przez WPS"},{"$i":"fullStatus-wps-inprogress","$v":"Łączenie z użyciem WPS…"},{"$i":"fullStatus-wps-canceled","$v":"Łączenie z użyciem WPS zostało anulowane."},{"$i":"fullStatus-wps-timedout","$v":"Łączenie z użyciem WPS przekroczyło limit czasu oczekiwania"},{"$i":"fullStatus-wps-failed-error","$v":["Łączenie z użyciem WPS nie powiodło się. [",{"t":"idOrVar","v":"error"},"]"]},{"$i":"fullStatus-wps-overlapped","$v":"Inny punkt dostępowy WPS PBC został znaleziony."},{"$i":"wpsDescription2","$v":"Automatyczna konfiguracja sieci Wi-Fi"},{"$i":"wpsMethodSelection","$v":"Metoda konfiguracji połączenia Wi-Fi"},{"$i":"wpsPbcLabel","$v":"Przycisk"},{"$i":"wpsMyPinLabel","$v":"Kod PIN"},{"$i":"wpsApPinLabel","$v":"PIN punktu dostępowego"},{"$i":"wpsPinDescription","$v":"Kod PIN ma 4 lub 8 cyfr"},{"$i":"wpsPinInput","$v":["Wprowadź kod ",{"t":"idOrVar","v":"pin"}," do drugiego urządzenia"]},{"$i":"wpsPinAps","$v":"Wybierz drugie urządzenie"},{"$i":"wpsAnyAp","$v":"Dowolne"},{"$i":"wpsCancelMessage","$v":"Anuluj konfigurację WPS"},{"$i":"wpsCancelFailedMessageError","$v":["Nie udało się anulować konfiguracji WPS [",{"t":"idOrVar","v":"error"},"]"]},{"$i":"callSettings","$v":"Połączenia"},{"$i":"callSettings-header","$v":"Połączenia"},{"$i":"callSettingsQuery","$v":"Uzyskiwanie informacji o sieci…"},{"$i":"callSettingsQueryError","$v":"Błąd zapytania"},{"$i":"voiceMail","$v":"Poczta głosowa"},{"$i":"voiceMail-header","$v":"Poczta głosowa"},{"$i":"voiceMail-number","$v":"Numer poczty głosowej"},{"$i":"voiceMail-number-notSet","$v":"Nie ustawiono"},{"$i":"voicePrivacyMode","$v":"Większa prywatność"},{"$i":"callWaiting","$v":"Połączenia oczekujące"},{"$i":"confirmCallWaitingTitle","$v":"Nie udało się potwierdzić ustawień połączeń oczekujących"},{"$i":"confirmCallWaitingDesc","$v":"Urządzenie nie jest obecnie w stanie uzyskać informacji od operatora. Spróbuj zmienić ustawienia ponownie."},{"$i":"callForwarding","$v":"Przekazywanie"},{"$i":"callForwarding-header","$v":"Przekazywanie"},{"$i":"callForwardingForward","$v":"Przekazuj"},{"$i":"callForwardingUnconditional","$v":"Zawsze przekazuj"},{"$i":"callForwardingUnconditionalShort","$v":"Wszystkie połączenia"},{"$i":"callForwardingMobileBusy","$v":"Przekazuj, gdy zajęte"},{"$i":"callForwardingMobileBusyShort","$v":"Gdy numer jest zajęty"},{"$i":"callForwardingNoReply","$v":"Przekazuj, gdy nieodebrane"},{"$i":"callForwardingNoReplyShort","$v":"Nieodebrane połączenia"},{"$i":"callForwardingNotReachable","$v":"Przekazuj, gdy nieosiągalny"},{"$i":"callForwardingNotReachableShort","$v":"Gdy abonent nieosiągalny"},{"$i":"callForwardingForwardingVoiceToNumber","$v":["Połączenia głosowe z ",{"t":"idOrVar","v":"number"}]},{"$i":"callForwardingNotForwarding","$v":"Wyłączone"},{"$i":"callForwardingConfirmTitle","$v":"Potwierdzenie przekazywania połączenia"},{"$i":"cf-alwaysUseThisNumber","$v":"Docelowy numer telefonu:"},{"$i":"cf-numberWhenUnreachable","$v":"Docelowy numer telefonu:"},{"$i":"cf-numberWhenUnanswered","$v":"Docelowy numer telefonu:"},{"$i":"cf-numberWhenBusy","$v":"Docelowy numer telefonu:"},{"$i":"callForwardingInvalidNumberError","$v":"Numer telefonu jest nieprawidłowy."},{"$i":"callForwardingSetSuccess","$v":"Operacja wykonana poprawnie."},{"$i":"callForwardingSetForbidden","$v":"Operator nie obsługuje tego typu operacji."},{"$i":"callForwardingSetError","$v":"Błąd ustawień połączenia."},{"$i":"callerId","$v":"Identyfikatory rozmówców"},{"$i":"callBarring","$v":"Blokowanie połączeń"},{"$i":"callBarring-header","$v":"Blokowanie połączeń"},{"$i":"callBarring-outgoing","$v":"Połączenia wychodzące"},{"$i":"callBarring-baoc","$v":"Wyszstkie"},{"$i":"callBarring-boic","$v":"Międzynarodowe"},{"$i":"callBarring-boicExhc","$v":"Międzynarodowe z pominięciem kraju macierzystego"},{"$i":"callBarring-incoming","$v":"Połączenia przychodzące"},{"$i":"callBarring-baic","$v":"Wszystkie"},{"$i":"callBarring-baicR","$v":"Wszystkie w roamingu"},{"$i":"callBarring-passcode","$v":"Hasło"},{"$i":"callBarring-change-passcode","$v":"Zmień hasło"},{"$i":"callBarring-passcode-enter","$v":"Podaj hasło"},{"$i":"callBarring-passcode-unknown","$v":"Skontaktuj się z operatorem jeśli nie znasz swojego hasła."},{"$i":"callBarring-current-passcode","$v":"Aktualne hasło"},{"$i":"callBarring-new-passcode","$v":"Nowe hasło"},{"$i":"callBarring-create-passcode","$v":"Utwórz hasło"},{"$i":"callBarring-confirm-passcode","$v":"Potwierdź hasło"},{"$i":"callBarring-passcode-error-generic","$v":"Błąd hasła"},{"$i":"callBarring-passcode-error-incorrect","$v":"Nieprawidłowe hasło"},{"$i":"callBarring-passcode-error-mismatch","$v":"Hasła się nie zgadzają"},{"$i":"callBarring-update-item-error","$v":["Wystąpił błąd podczas uaktualniania pozycji: ",{"t":"idOrVar","v":"error"},"."]},{"$i":"callBarring-change-passcode-success","$v":"Hasło zmienione."},{"$i":"callerId-default","$v":"Domyślnie"},{"$i":"callerId-hide","$v":"Ukrywaj"},{"$i":"callerId-show","$v":"Wyświetlaj"},{"$i":"fdn","$v":"Wybieranie ustalone"},{"$i":"fdnSettings","$v":"Wybieranie ustalone"},{"$i":"fdnSettings-header","$v":"Wybieranie ustalone"},{"$i":"fdn-authorizedNumbers","$v":"Dozwolone numery"},{"$i":"fdn-authorizedNumbers-header","$v":"Dozwolone numery"},{"$i":"fdn-authorizedNumbers-desc","$v":"Lista numerów, na które można dzwonić"},{"$i":"fdn-explanation1","$v":"Ogranicz listę numerów, z którymi można się połączyć z tego telefonu."},{"$i":"fdn-explanation2","$v":"(na numery alarmowe można zawsze dzwonić)"},{"$i":"fdnEnable","$v":"Wprowadź PIN2"},{"$i":"fdnDisable","$v":"Wprowadź PIN2"},{"$i":"fdnReset","$v":"Zresetuj PIN2"},{"$i":"fdnAttemptMsg3","$v":{"one":"Pozostała jedna próba wprowadzenia poprawnego kodu przed zablokowaniem karty SIM.","two":"Pozostały dwie próby wprowadzenia poprawnego kodu przed zablokowaniem karty SIM.","few":["Pozostały ",{"t":"idOrVar","v":"n"}," próby wprowadzenia poprawnego kodu przed zablokowaniem karty SIM."],"many":["Pozostało ",{"t":"idOrVar","v":"n"}," prób wprowadzenia poprawnego kodu przed zablokowaniem karty SIM."],"other":""},"$x":[{"t":"idOrVar","v":"plural"},"n"]},{"$i":"fdnLastChanceMsg","$v":"Ostatnia szansa na wprowadzenie prawidłowego kodu PIN2. W przeciwnym przypadku, konieczne będzie użycie kodu PUK2, aby używać tej karty SIM."},{"$i":"fdnErrorMsg","$v":"Kod PIN2 jest nieprawidłowy."},{"$i":"fdn-enabled-warning","$v":"Przekazywanie połączeń jest zablokowane przez wybieranie ustalone."},{"$i":"fdnContact-name","$v":"Nazwa"},{"$i":"fdnContact-number","$v":"Numer"},{"$i":"fdnContact-submit","$v":"Wyślij"},{"$i":"fdnAction-add","$v":"Dodaj kontakt"},{"$i":"fdnAction-call","$v":"Zadzwoń"},{"$i":"fdnAction-edit","$v":"Edytuj kontakt"},{"$i":"fdnAction-edit-header","$v":"Edycja kontaktu"},{"$i":"fdnAction-delete","$v":"Usuń kontakt"},{"$i":"fdnNoFDNFreeRecord","$v":"Nie można dodać więcej numerów do listy wybierania ustalonego, ponieważ osiągnięto jej maksymalną długość."},{"$i":"messagingSettings","$v":"Wiadomości"},{"$i":"messagingSettings-header","$v":"Wiadomości"},{"$i":"message-confirmation","$v":"Potwierdzenia wiadomości"},{"$i":"message-delivery-reports","$v":"Raporty dostarczenia"},{"$i":"message-delivery-reports-details","$v":"Żądaj informacji o statusie doręczenia każdej wysłanej wiadomości."},{"$i":"message-read-reports","$v":"Raporty odczytania"},{"$i":"message-read-reports-details","$v":"Żądaj informacji o statusie odczytania każdej wysłanej wiadomości."},{"$i":"mmsTitle","$v":"Wiadomości multimedialne (MMS)"},{"$i":"auto-retrieve","$v":"Pobieranie"},{"$i":"auto-retrieve-details","$v":"Automatyczne pobieranie wiadomości."},{"$i":"manual-retrieve","$v":"Wyłączone"},{"$i":"auto-roaming-retrieve","$v":"Włączone nawet w roamingu"},{"$i":"auto-no-roaming-retrieve","$v":"Włączone poza roamingiem"},{"$i":"autoConfigure","$v":"Automatyczna konfiguracja"},{"$i":"wapPushMessages","$v":"Wiadomości WAP push"},{"$i":"wapPush","$v":"WAP push"},{"$i":"cellBroadcastMessages","$v":"Wiadomości sieciowe"},{"$i":"cellBroadcast","$v":"Komunikaty sieciowe"},{"$i":"emergencyAlert","$v":"Ostrzeżenie"},{"$i":"messagingInformation","$v":"Informacje"},{"$i":"messaging-SMSC","$v":"Centrum serwisu (SMSC)"},{"$i":"messaging-sim-settings","$v":["Wiadomości - SIM ",{"t":"idOrVar","v":"index"}]},{"$i":"unknown-SMSC","$v":"Informacja niedostępna"},{"$i":"cellularAndData","$v":"Sieć komórkowa i dane"},{"$i":"cellularAndData-header","$v":"Sieć komórkowa i dane"},{"$i":"dataNetwork","$v":"Operator"},{"$i":"dataConnectivity","$v":"Dane"},{"$i":"dataConnection","$v":"Przesyłanie danych"},{"$i":"dataRoaming","$v":"Roaming danych"},{"$i":"networkOperator","$v":"Sieć komórkowa"},{"$i":"networkOperator-header","$v":"Sieć komórkowa"},{"$i":"availableOperators","$v":"Operatorzy sieci w pobliżu"},{"$i":"preferredNetworkTypeAlertTitle","$v":"Preferowany typ sieci"},{"$i":"preferredNetworkTypeAlertErrorMessage","$v":"Ten typ nie może zostać ustawiony"},{"$i":"operator-networkType","$v":"Typ sieci"},{"$i":"operator-networkType-auto","$v":"Automatycznie"},{"$i":"operator-networkType-prefer3G","$v":"Preferowane 3G"},{"$i":"operator-networkType-2G","$v":"Tylko 2G"},{"$i":"operator-networkType-3G","$v":"Tylko 3G"},{"$i":"operator-networkType-GSM","$v":"GSM"},{"$i":"operator-networkType-WCDMA","$v":"WCDMA"},{"$i":"operator-networkType-CDMA","$v":"CDMA"},{"$i":"operator-networkType-EVDO","$v":"EVDO"},{"$i":"operator-networkType-LTE","$v":"LTE"},{"$i":"operator-networkType-preferWCDMA","$v":"Preferowane WCDMA"},{"$i":"operator-networkType-auto-2G-3G","$v":"Automatycznie 2G/3G"},{"$i":"operator-networkType-auto-CDMA-EVDO","$v":"Automatycznie CDMA/EVDO"},{"$i":"operator-networkType-auto-WCDMA-GSM","$v":"Automatycznie WCDMA/GSM"},{"$i":"operator-networkType-auto-LTE-WCDMA-GSM","$v":"Automatycznie LTE/WCDMA/GSM"},{"$i":"operator-networkType-auto-LTE-CDMA-EVDO","$v":"Automatycznie LTE/CDMA/EVDO"},{"$i":"operator-networkType-auto-WCDMA-GSM-CDMA-EVDO","$v":"Automatycznie WCDMA/GSM/CDMA/EVDO"},{"$i":"operator-autoSelect","$v":"Automatyczny wybór"},{"$i":"operator-networkSelect-auto","$v":"Automatyczny"},{"$i":"operator-networkSelect-manual","$v":"Ręczny"},{"$i":"operator-turnAutoSelectOff","$v":"Wyłącz automatyczne wybieranie, aby wyświetlić listę dostępnych operatorów sieci."},{"$i":"operator-status-connecting","$v":"Łączenie…"},{"$i":"operator-status-connectingfailed","$v":"Połączenie się nie powiodło"},{"$i":"operator-status-connected","$v":"Połączono"},{"$i":"operator-roamingPreference","$v":"Preferencje roamingu"},{"$i":"operator-roamingPreference-home","$v":"Wyłączony"},{"$i":"operator-roamingPreference-any","$v":"Włączony"},{"$i":"operator-roamingPreference-affiliated","$v":"U zrzeszonych operatorów"},{"$i":"apn","$v":"APN"},{"$i":"apnSettings","$v":"APN danych"},{"$i":"apnSettings-header","$v":"APN danych"},{"$i":"dataSettings","$v":"Przesyłanie danych"},{"$i":"dataSettings-header","$v":"Przesyłanie danych"},{"$i":"suplSettings","$v":"Lokalizacja A-GPS"},{"$i":"suplSettings-header","$v":"Lokalizacja A-GPS"},{"$i":"messageSettings","$v":"Wiadomości MMS"},{"$i":"messageSettings-header","$v":"Wiadomości MMS"},{"$i":"dunSettings","$v":"Udostępnianie Internetu"},{"$i":"dunSettings-header","$v":"Udostępnianie Internetu"},{"$i":"imsSettings","$v":"IP Multimedia Subsystem"},{"$i":"imsSettings-header2","$v":"IMS"},{"$i":"apn-editor-header","$v":"Edycja APN-u"},{"$i":"mmsport","$v":"Port MMS"},{"$i":"mmsproxy","$v":"Proxy MMS"},{"$i":"mmsc","$v":"MMSC"},{"$i":"httpProxyHost","$v":"Serwer proxy HTTP"},{"$i":"httpProxyPort","$v":"Port serwera proxy HTTP"},{"$i":"custom","$v":"Własne ustawienia"},{"$i":"apn-authType","$v":"Uwierzytelnianie"},{"$i":"apn-authType-notDefined","$v":"Nie określono"},{"$i":"apn-authType-none","$v":"Brak"},{"$i":"apn-authType-pap","$v":"PAP"},{"$i":"apn-authType-chap","$v":"CHAP"},{"$i":"apn-authType-papOrChap","$v":"PAP lub CHAP"},{"$i":"apn-protocol","$v":"Protokół"},{"$i":"apn-roaming-protocol","$v":"Protokół w roamingu"},{"$i":"apn-protocol-notDefined","$v":"Nie określono"},{"$i":"apn-protocol-ip","$v":"IPv4"},{"$i":"apn-protocol-ipv6","$v":"IPv6"},{"$i":"apn-protocol-ipv4v6","$v":"IPv4/IPv6"},{"$i":"apn-type","$v":"Typ APN-u"},{"$i":"dataConnection-warning-head","$v":"Włączyć przesyłanie danych?"},{"$i":"dataConnection-warning-message","$v":"Aplikacje będą automatycznie przesyłały dane poprzez sieć komórkową, co może skutkować dodatkowymi opłatami."},{"$i":"dataRoaming-warning-head","$v":"Włączyć roaming danych?"},{"$i":"dataRoaming-warning-message","$v":"W zależności od postanowień umowy z operatorem, przesyłanie danych w roamingu może skutkować dodatkowymi opłatami."},{"$i":"change-apn-warning-message1","$v":"W zależności od postanowień umowy z operatorem, zmiana ustawień APN-u może skutkować dodatkowymi opłatami. Kontynuować?"},{"$i":"reset-apn-warning-title","$v":"Przywracanie ustawień APN"},{"$i":"reset-apn-warning-message","$v":"Ustawienia zostaną przywrócone do domyślnych wartości. Tej operacji nie można cofnąć."},{"$i":"state-unknown","$v":"Status nieznany"},{"$i":"state-available","$v":"Łączenie możliwe"},{"$i":"state-connected","$v":"Obecnie połączono"},{"$i":"state-current","$v":"Obecnie połączono"},{"$i":"state-forbidden","$v":"Łączenie zabronione"},{"$i":"delete-apn-confirm","$v":"Usunąć ten APN?"},{"$i":"delete-apn","$v":"Usuń"},{"$i":"add-apn","$v":"Dodaj nowy APN"},{"$i":"reset-apn","$v":"Przywróć domyślny"},{"$i":"apnSettings-reset","$v":"Reset APN-u"},{"$i":"bluetooth","$v":"Bluetooth"},{"$i":"bluetooth-header","$v":"Bluetooth"},{"$i":"bluetooth-enable-msg","$v":"Włącz Bluetooth, aby wyświetlić dostępne urządzenia."},{"$i":"bluetooth-paired-devices","$v":"Sparowane urządzenia"},{"$i":"bluetooth-devices-in-area","$v":"Dostępne urządzenia"},{"$i":"bluetooth-visible-to-all","$v":"Wykrywalny"},{"$i":"bluetooth-name-maxlength-alert","$v":["Nazwa urządzenia przekracza ",{"t":"idOrVar","v":"length"}," znaków. Proszę spróbować ponownie."]},{"$i":"bluetooth-address","$v":"Adres Bluetooth"},{"$i":"bluetooth-address-unavailable","$v":"Niedostępny"},{"$i":"bt-status-nopaired","$v":"Brak sparowanych urządzeń"},{"$i":"bt-status-turnoff","$v":"Wyłączony"},{"$i":"bt-status-paired","$v":{"zero":[{"t":"idOrVar","v":"name"}],"one":[{"t":"idOrVar","v":"name"},", i ",{"t":"idOrVar","v":"n"}," więcej"],"two":[{"t":"idOrVar","v":"name"},", i ",{"t":"idOrVar","v":"n"}," więcej"],"few":[{"t":"idOrVar","v":"name"},", i ",{"t":"idOrVar","v":"n"}," więcej"],"many":[{"t":"idOrVar","v":"name"},", i ",{"t":"idOrVar","v":"n"}," więcej"],"other":""},"$x":[{"t":"idOrVar","v":"plural"},"n"]},{"$i":"device-status-tap-connect","$v":"Stuknij, by połączyć"},{"$i":"device-status-pairing","$v":"Parowanie z urządzeniem…"},{"$i":"device-status-waiting","$v":"Oczekiwanie na drugie urządzenie…"},{"$i":"device-status-paired","$v":"Sparowano"},{"$i":"device-status-connecting","$v":"Łączenie…"},{"$i":"device-status-connected","$v":"Połączono"},{"$i":"device-status-connected-media","$v":"Połączono z audio urządzenia (A2DP)"},{"$i":"device-option-unpair","$v":"Usuń powiązanie w parę"},{"$i":"device-option-confirm","$v":"Potwierdź"},{"$i":"device-option-unpair-confirmation","$v":"Potwierdzenie"},{"$i":"device-option-unpair-device","$v":"Usunąć powiązanie w parę?"},{"$i":"device-option-connect","$v":"Połącz"},{"$i":"device-option-disconnect","$v":"Rozłącz"},{"$i":"search-for-device","$v":"Wyszukiwanie urządzeń…"},{"$i":"search-device","$v":"Wyszukaj urządzenia"},{"$i":"rename-device","$v":"Zmień nazwę urządzenia"},{"$i":"unnamed-device","$v":"Nieznane urządzenie"},{"$i":"change-phone-name-desc","$v":"Zmień nazwę wyświetlaną innym urządzeniom i komputerom"},{"$i":"bluetooth-new-name","$v":"Nowa nazwa"},{"$i":"error-pair-title","$v":"Nie udało się sparować urządzeń"},{"$i":"error-pair-pincode","$v":"Nie udało się sparować z urządzeniem. Sprawdź, czy kod PIN jest prawidłowy."},{"$i":"error-pair-toofast","$v":"Nie udało się sparować z urządzeniem. Zbyt wiele prób."},{"$i":"error-connect-title","$v":"Nie udało się połączyć urządzeń"},{"$i":"error-connect-msg","$v":"Sprawdź, czy urządzenie, z którym usiłujesz się połączyć, jest nadal w zasięgu i ma włączony Bluetooth."},{"$i":"unpair-title","$v":"Usunąć powiązanie w parę z połączonym urządzeniem?"},{"$i":"unpair-msg","$v":"Urządzenia są obecnie połączone, a usunięcie powiązania w parę rozłączy je."},{"$i":"nfc","$v":"NFC"},{"$i":"SSIDCannotBeEmpty","$v":"Nazwa SSID nie może być pusta"},{"$i":"internetSharing","$v":"Udostępnianie Internetu"},{"$i":"internetSharing-header","$v":"Udostępnianie Internetu"},{"$i":"internetSharing-usb","$v":"USB"},{"$i":"internetSharing-wifi","$v":"Wi-Fi"},{"$i":"wifi-hotspot","$v":"Hotspot Wi-Fi"},{"$i":"wifi-name","$v":"Nazwa"},{"$i":"wifi-password","$v":"Hasło"},{"$i":"wifi-security","$v":"Bezpieczeństwo"},{"$i":"usb-tethering","$v":"Udostępnianie po USB"},{"$i":"hotspotSettings","$v":"Zmień ustawienia"},{"$i":"wifi-auth-username","$v":"Nazwa użytkownika"},{"$i":"wifi-auth-password","$v":"Hasło"},{"$i":"wifi-join-username","$v":"Nazwa użytkownika"},{"$i":"wifi-join-password","$v":"Hasło"},{"$i":"hotspotSettings-header","$v":"Hotspot Wi-Fi"},{"$i":"ssid-name","$v":"Nazwa SSID sieci"},{"$i":"hotspot-open","$v":"Otwarta"},{"$i":"hotspot-wpa-psk","innerHTML":"WPA (TKIP)"},{"$i":"hotspot-wpa2-psk","innerHTML":"WPA2 (AES)"},{"$i":"hotspot-password-desc","$v":"Hasło musi zawierać przynajmniej 8 znaków."},{"$i":"personalization","$v":"Personalizacja"},{"$i":"sound","$v":"Dźwięki"},{"$i":"sound-header","$v":"Dźwięki"},{"$i":"volume","$v":"Głośność"},{"$i":"tones","$v":"Melodie"},{"$i":"touch-tones","$v":"Wybieranie tonowe"},{"$i":"touch-tone-short","$v":"Krótkie"},{"$i":"touch-tone-long","$v":"Długie"},{"$i":"select-tone","$v":"Wybierz dźwięk"},{"$i":"ringtones","$v":"Dzwonki"},{"$i":"alerts","$v":"Alarmy"},{"$i":"manage-tones","$v":"Zarządzanie dźwiękami"},{"$i":"other-sounds","$v":"Inne"},{"$i":"unlock-screen","$v":"Odblokowanie ekranu"},{"$i":"camera","$v":"Aparat"},{"$i":"sent-message","$v":"Wysłana wiadomość"},{"$i":"alarm-sound","$v":"Alarmy"},{"$i":"ringtone-and-notification-sound","$v":"Dzwonki i powiadomienia"},{"$i":"media-sound","$v":"Treści"},{"$i":"saving-tone","$v":"Zapisywanie…"},{"$i":"no-ringtone-app","$v":"Nie udało się odnaleźć aplikacji do zarządzania dzwonkami!"},{"$i":"display","$v":"Ekran"},{"$i":"display-header","$v":"Ekran"},{"$i":"brightness","$v":"Jasność"},{"$i":"brightness-autoAdjust","$v":"Automatycznie"},{"$i":"lockScreen","$v":"Blokada ekranu"},{"$i":"wallpaper","$v":"Tło"},{"$i":"screen-timeout","$v":"Blokada ekranu"},{"$i":"one-minute","$v":"Po minucie"},{"$i":"two-minutes","$v":"Po dwóch minutach"},{"$i":"five-minutes","$v":"Po pięciu minutach"},{"$i":"ten-minutes","$v":"Po dziesięciu minutach"},{"$i":"never","$v":"Nigdy"},{"$i":"lock-orientation","$v":"Blokada orientacji"},{"$i":"navigation","$v":"Nawigacja"},{"$i":"navigation-header","$v":"Nawigacja"},{"$i":"edge-swipe-navigation","$v":"Gesty brzegu ekranu"},{"$i":"edge-swipe-navigation-enable-msg","$v":"Przeciągaj palcem od prawego lub lewego brzegu erkanu, by przełączać między aplikacjami."},{"$i":"notifications","$v":"Powiadomienia"},{"$i":"notifications-header","$v":"Powiadomienia"},{"$i":"lockscreen-notifications","$v":"Na zablokowanym ekranie"},{"$i":"notifications-resend","$v":"Po ponownym uruchomieniu"},{"$i":"dateAndTime","$v":"Data i czas"},{"$i":"dateAndTime-header","$v":"Data i czas"},{"$i":"setTimeAutomatically","$v":"Automatycznie"},{"$i":"setTimeManually","$v":"Własne ustawienia"},{"$i":"timezoneMessage","$v":"Strefa czasowa"},{"$i":"dateMessage","$v":"Data"},{"$i":"timeMessage","$v":"Czas"},{"$i":"selectTimezoneContinent","$v":"Wybierz kontynent"},{"$i":"selectTimezone","$v":"Wybierz strefę czasową"},{"$i":"time-format","$v":"Formatowanie"},{"$i":"time-format-time","$v":"Zegar"},{"$i":"hour-12","$v":"12-godzinny"},{"$i":"hour-24","$v":"24-godzinny"},{"$i":"languageAndRegion","$v":"Język i region"},{"$i":"language","$v":"Język"},{"$i":"language-header","$v":"Język"},{"$i":"region","$v":"Region"},{"$i":"more-languages","$v":"Pobierz więcej języków"},{"$i":"sample-format","$v":"Przykładowe formatowanie"},{"$i":"longDateFormat","$v":"%A, %e %Eb %Y r."},{"$i":"simManager","$v":"Menedżer SIM"},{"$i":"simManager-header","$v":"Menedżer SIM"},{"$i":"simSettings","$v":"Karty SIM"},{"$i":"sim-manager-outgoing-calls","$v":"Rozmowy wychodzące"},{"$i":"sim-manager-outgoing-call-desc","$v":"Rozmowy będą wysyłane z"},{"$i":"sim-manager-outgoing-messages","$v":"Wiadomości wychodzące"},{"$i":"sim-manager-outgoing-messages-desc","$v":"Wiadomości będą wysyłane z"},{"$i":"sim-manager-outgoing-data","$v":"Dane"},{"$i":"sim-manager-outgoing-data-description","$v":"Przesyłanie danych i płatności Marketplace"},{"$i":"sim-manager-always-ask","$v":"Zawsze pytaj"},{"$i":"sim-pin-locked","$v":"Blokada SIM"},{"$i":"no-operator","$v":"Brak operatora"},{"$i":"cant-disable-simcard-alert","$v":"Przynajmniej jedna karta SIM powinna być aktywna"},{"$i":"disable-simcard-confirm","$v":["Karta SIM ",{"t":"idOrVar","v":"disableCardIndex"}," nie może odbierać żadnych połączej ani wiadomości. Wychodzące połączenia i wiadomości ustawione na kartę SIM ",{"t":"idOrVar","v":"disableCardIndex"}," zostaną wyłączone."]},{"$i":"change-outgoing-data-confirm","$v":"Bieżący transfer danych zostanie wstrzymany. Kontynuować mimo to?"},{"$i":"homescreen","$v":"Ekran główny"},{"$i":"vertical-homescreen-header","$v":"Ekran główny"},{"$i":"vertical-homescreen-layout","$v":"Układ"},{"$i":"vertical-homescreen-icon-layout","$v":"Układ ikon"},{"$i":"vertical-homescreen-three-columns","$v":"Trzy kolumny"},{"$i":"vertical-homescreen-four-columns","$v":"Cztery kolumny"},{"$i":"notice","$v":"Ostrzeżenie"},{"$i":"search","$v":"Wyszkukiwanie"},{"$i":"search-header","$v":"Wyszkukiwanie"},{"$i":"search-engine","$v":"Wyszukiwarka"},{"$i":"search-suggestions","$v":"Podpowiedzi"},{"$i":"search-suggestions-description","$v":"Znaki wpisywane w pole wyszukiwania będą wysyłane do wielu dostawców wyszukiwania i będą używane w celu dostarczania podpowiedzi wyszukiwania. Dodatkowe opłaty za przesyłanie danych mogą być naliczane podczas używania tej funkcji."},{"$i":"homescreens","$v":"Ekran główny"},{"$i":"homescreens-header","$v":"Ekran główny"},{"$i":"changeHomescreen","$v":"Zmień ekran główny"},{"$i":"changeHomescreenButton","$v":"Zmień"},{"$i":"description","$v":"Opis"},{"$i":"keyboardSettings","$v":"Ustawienia klawiatur"},{"$i":"selectedKeyboards","$v":"Wybrane klawiatury"},{"$i":"keyboards","$v":"Klawiatura"},{"$i":"keyboards-header","$v":"Klawiatury"},{"$i":"numberKeyboardLayouts","$v":"Numeryczne"},{"$i":"optionKeyboardLayouts","$v":"Opcjonalne"},{"$i":"keypad","$v":"Klawiatura numeryczna"},{"$i":"dialpad","$v":"Klawiatura telefonu"},{"$i":"selectKeyboards","$v":"Wybierz klawiatury"},{"$i":"selectKeyboards-header","$v":"Wybór klawiatur"},{"$i":"mustHaveOneKeyboard","$v":["Co najmniej jedna klawiatura ",{"t":"idOrVar","v":"type"}," musi być wybrana"]},{"$i":"keyboardType-text","$v":"tekstowa"},{"$i":"keyboardType-url","$v":"do odnośników"},{"$i":"keyboardType-number","$v":"numeryczna"},{"$i":"defaultKeyboardEnabled","$v":[{"t":"idOrVar","v":"appName"}," ",{"t":"idOrVar","v":"layoutName"}," została ustawiona jako domyślna metoda wprowadzania"]},{"$i":"themes","$v":"Motywy"},{"$i":"themes-header","$v":"Motywy"},{"$i":"fxa","$v":"Konta Firefoksa"},{"$i":"accounts","$v":"Zarządzanie kontami"},{"$i":"fxa-accounts","$v":"Konta Firefoksa"},{"$i":"fxa-accounts-header","$v":"Konta Firefoksa"},{"$i":"fxa-overview","$v":"Konto Firefoksa pozwala używać funkcji takich jak „Znajdź moje urządzenie” i aplikacji takich jak Marketplace."},{"$i":"fxa-invitation","$v":"Zaloguj się lub utwórz konto"},{"$i":"fxa-confirm-account","$v":"Weryfikacja konta"},{"$i":"fxa-verification-email-sent-msg","$v":["Wiadomość zostanie wysłana na adres „",{"t":"idOrVar","v":"email"},"”"]},{"$i":"fxa-please-verify","$v":"Otwórz odnośnik weryfikacyjny z otrzymanej wiadomości, aby zweryfikować konto."},{"$i":"fxa-cancel-confirmation","$v":"Anuluj weryfikację"},{"$i":"fxa-resend-alert","$v":["Odnośnik weryfikacyjny został wysłany na adres „",{"t":"idOrVar","v":"email"},"”."]},{"$i":"fxa-dont-see-email","$v":"Wiadomość nie doszła?"},{"$i":"fxa-resend","$v":"Wyślij ponownie"},{"$i":"fxa-about","$v":"O …"},{"$i":"fxa-logged-in-text","$v":["Zalogowano jako „",{"t":"idOrVar","v":"email"},"”"]},{"$i":"fxa-signed-in-header","$v":"Zalogowano"},{"$i":"fxa-marketplace-app","$v":"Marketplace"},{"$i":"fxa-find-my-device-app","$v":"Znajdź moje urządzenie"},{"$i":"fxa-options","$v":"Ustawienia"},{"$i":"fxa-sign-out","$v":"Wyloguj"},{"$i":"fxa-confirm-email","$v":["Zweryfikuj konto „",{"t":"idOrVar","v":"email"},"”"]},{"$i":"findmydevice","$v":"Znajdź moje urządzenie"},{"$i":"findmydevice-create-account","$v":"Zaloguj się lub utwórz konto"},{"$i":"findmydevice-enable","$v":"Lokalizowanie"},{"$i":"findmydevice-about","$v":"O usłudze"},{"$i":"findmydevice-enable-geolocation-prompt","$v":"Włączyć lokalizację położenia?"},{"$i":"findmydevice-enable-geolocation-description","$v":"Aby wyświetlić położenie urządzenia, śledzenie lokalizacji położenia musi być aktywne."},{"$i":"findmydevice-geolocation-enabled","$v":"Lokalizacja położenia włączona."},{"$i":"findmydevice-enable-network","$v":"Urządzenie aktualnie nie posiada dostępu do sieci. Połącz z siecią i spróbuj ponownie."},{"$i":"findmydevice-error","$v":"Wystąpił błąd usługi"},{"$i":"findmydevice-please-try","$v":"Spróbuj ponownie"},{"$i":"findmydevice-please-tap","$v":"Stuknij, by spróbować ponownie."},{"$i":"privacyAndSecurity","$v":"Prywatność i bezpieczeństwo"},{"$i":"passcode-lock","$v":"Kod blokady"},{"$i":"passcode-lock-desc","$v":["Kod blokady: ",{"t":"idOrVar","v":"code"}]},{"$i":"screenLock","$v":"Blokada telefonu"},{"$i":"screenLock-header","$v":"Blokada telefonu"},{"$i":"simSecurity","$v":"Zabezpieczenia SIM"},{"$i":"simSecurity-header","$v":"Zabezpieczenia SIM"},{"$i":"appPermissions","$v":"Uprawnienia aplikacji"},{"$i":"appPermissions-header","$v":"Uprawnienia aplikacji"},{"$i":"author","$v":"Autor"},{"$i":"permissions","$v":"Uprawnienia"},{"$i":"revoke","$v":"Odbierz"},{"$i":"ask","$v":"Pytaj"},{"$i":"deny","$v":"Odmawiaj"},{"$i":"allow","$v":"Zezwalaj"},{"$i":"uninstallApp","$v":"Odinstaluj aplikację"},{"$i":"phone","$v":"Telefon"},{"$i":"messages","$v":"Wiadomości"},{"$i":"vibrate","$v":"Wibracje"},{"$i":"ring","$v":"Dzwonek"},{"$i":"change","$v":"Zmień"},{"$i":"create","$v":"Utwórz"},{"$i":"create-a-passcode","$v":"Utwórz kod"},{"$i":"passcode","$v":"Kod blokady"},{"$i":"passcode-heading","$v":"Kod blokady"},{"$i":"enter-passcode","$v":"Wprowadź kod blokady"},{"$i":"new-passcode","$v":"Nowy kod"},{"$i":"current-passcode","$v":"Wprowadź aktualny kod"},{"$i":"incorrect-passcode","$v":"Kod blokady jest nieprawidłowy."},{"$i":"passcode-doesnt-match","$v":"Kod blokady się nie zgadza. Spróbuj ponownie."},{"$i":"confirm-passcode","$v":"Potwierdź kod blokady"},{"$i":"immediately","$v":"Natychmiast"},{"$i":"after-one-minute","$v":"Po minucie"},{"$i":"after-five-minutes","$v":"Po 5 minutach"},{"$i":"after-fifteen-minutes","$v":"Po 15 minutach"},{"$i":"after-thirty-minutes","$v":"Po 30 minutach"},{"$i":"after-one-hour","$v":"Po godzinie"},{"$i":"require-passcode","$v":"Wymagaj kodu blokady"},{"$i":"change-passcode","$v":"Zmień kod blokady"},{"$i":"noSimCard","$v":"Brak karty SIM"},{"$i":"simPin","$v":"Kod PIN karty SIM"},{"$i":"simPin2","$v":"Kod PIN2 karty SIM"},{"$i":"simPinWithIndex","$v":["Kod PIN karty SIM ",{"t":"idOrVar","v":"index"}]},{"$i":"pukCode","$v":"Kod PUK"},{"$i":"puk2Code","$v":"Kod PUK2"},{"$i":"whatIsSimPin","$v":"Czym jest kod PIN karty SIM?"},{"$i":"simPinIntro1","$v":"Kod PIN karty SIM zabezpiecza dostęp do sieci komórkowej karty SIM. Kiedy jest aktywny, każde urządzenie zawierające kartę SIM będzie żądało jego wprowadzenia podczas uruchamiania."},{"$i":"simPinIntro2","$v":"Kod PIN karty SIM nie jest tożsamy z kodem blokady używanym do odblokowywania urządzenia."},{"$i":"changeSimPin","$v":"Zmień kod PIN"},{"$i":"simPinChangedSuccessfully","$v":"Zmieniono kod PIN"},{"$i":"simPinChangedSuccessfullyWithIndex","$v":["Zmieniono kod PIN karty SIM ",{"t":"idOrVar","v":"index"}]},{"$i":"pinTitle","$v":"Wprowadź PIN"},{"$i":"pin2Title","$v":"Wprowadź PIN2"},{"$i":"pukTitle","$v":"Wprowadź PUK"},{"$i":"puk2Title","$v":"Wprowadź PUK2"},{"$i":"newpinTitle","$v":"Nowy PIN"},{"$i":"inputCodeRetriesLeft","$v":{"one":"Ostatnia próba.","two":"Pozostały dwie próby.","few":["Pozostały ",{"t":"idOrVar","v":"n"}," próby."],"many":["Pozostało ",{"t":"idOrVar","v":"n"}," prób."],"other":""},"$x":[{"t":"idOrVar","v":"plural"},"n"]},{"$i":"pinAttemptMsg3","$v":{"one":"Pozostała jedna próba wprowadzenia poprawnego kodu przed zablokowaniem karty SIM.","two":"Pozostały dwie próby wprowadzenia poprawnego kodu przed zablokowaniem karty SIM.","few":["Pozostały ",{"t":"idOrVar","v":"n"}," próby wprowadzenia poprawnego kodu przed zablokowaniem karty SIM."],"many":["Pozostało ",{"t":"idOrVar","v":"n"}," prób wprowadzenia poprawnego kodu perzed zablokowaniem karty SIM."],"other":""},"$x":[{"t":"idOrVar","v":"plural"},"n"]},{"$i":"pinLastChanceMsg","$v":"Ostatnia szansa na wprowadzenie poprawnego kodu PIN. Jeżeli się nie uda, konieczne będzie wprowadzenie kodu PUK w celu odblokowania karty SIM."},{"$i":"simCardLockedMsg","$v":"Karta SIM jest zablokowana."},{"$i":"simCardBlockedMsg","$v":"Karta SIM jest permanentnie zablokowana."},{"$i":"enterPukMsg","$v":"Konieczne jest wprowadzenie osobistego klucza odblokowującego (kodu PUK) karty SIM. Aby uzyskać więcej informacji, należy sprawdzić dokumentację karty SIM lub skontaktować się z operatorem."},{"$i":"enterPuk2Msg","$v":"Konieczne jest wprowadzenie osobistego klucza odblokowującego (kodu PUK2) karty SIM. Aby uzyskać więcej informacji, należy sprawdzić dokumentację karty SIM lub skontaktować się z operatorem."},{"$i":"pukErrorMsg","$v":"Kod PUK jest nieprawidłowy."},{"$i":"pukAttemptMsg3","$v":{"one":"Pozostała ostatnia próba wprowadzenia prawidłowego kodu przed permanentną blokadą karty SIM powodującą jej bezużyteczność. Aby uzyskać więcej informacji, należy sprawdzić dokumenty karty SIM lub skontaktować się z operatorem.","two":"Pozostały dwie próby wprowadzenia prawidłowego kodu przed permanentną blokadą karty SIM powodującą jej bezużyteczność. Aby uzyskać więcej informacji, należy sprawdzić dokumenty karty SIM lub skontaktować się z operatorem.","few":["Pozostały ",{"t":"idOrVar","v":"n"}," próby wprowadzenia prawidłowego kodu przed permanentną blokadą karty SIM powodującą jej bezużyteczność. Aby uzyskać więcej informacji, należy sprawdzić dokumenty karty SIM lub skontaktować się z operatorem."],"many":["Pozostało ",{"t":"idOrVar","v":"n"}," prób wprowadzenia prawidłowego kodu przed permanentną blokadą karty SIM powodującą jej bezużyteczność. Aby uzyskać więcej informacji, należy sprawdzić dokumenty karty SIM lub skontaktować się z operatorem."],"other":""},"$x":[{"t":"idOrVar","v":"plural"},"n"]},{"$i":"pukLastChanceMsg","$v":"Ostatnia szansa na wprowadzenie prawidłowego kodu PUK. Karta SIM zostanie permanentnie zablokowana i bezużyteczna, jeśli zostanie wprowadzony nieprawidłowy kod PUK. Aby uzyskać więcej informacji, należy sprawdzić dokumentację karty SIM lub skontaktować się z operatorem."},{"$i":"newSimPinMsg","$v":"Utwórz kod PIN (musi składać się z 4 do 8 cyfr)"},{"$i":"newSimPin2Msg","$v":"Utwórz kod PIN2 (musi składać się z 4 do 8 cyfr)"},{"$i":"confirmNewSimPinMsg","$v":"Potwierdź nowy PIN"},{"$i":"confirmNewSimPin2Msg","$v":"Potwierdź nowy PIN2"},{"$i":"newPinErrorMsg","$v":"Kody PIN się nie zgadzają."},{"$i":"simLockedPhone","$v":"Zablokowana karta SIM"},{"$i":"unknownSimCardState","$v":"Nieznany status karty SIM"},{"$i":"simCardNotReady","$v":"Karta SIM niegotowa"},{"$i":"simCardIllegal","$v":"Nieautoryzowana karta SIM"},{"$i":"doNotTrack","$v":"Ograniczanie śledzenia"},{"$i":"doNotTrack-header","$v":"Ograniczanie śledzenia"},{"$i":"doNotTrackActions","$v":"Informuj witryny i aplikacje, że użytkownik nie chce być śledzony"},{"$i":"allowTracking","$v":"Informuj witryny i aplikacje, że użytkownik chce być śledzony"},{"$i":"doNotHavePrefOnTracking","$v":"Nie powiadamiaj witryn ani aplikacji o preferencjach użytkownika dotyczących śledzenia"},{"$i":"doNotTrack-dt","$v":"Zasady działania"},{"$i":"doNotTrack-dd1","$v":"Gdy opcja ograniczania śledzenia jest włączona, urządzenie przekazuje każdej stronie i aplikacji (oraz reklamodawcom i innym dostawcom treści), że użytkownik nie życzy sobie śledzenia swoich zachowań."},{"$i":"doNotTrack-dd2","$v":"Ograniczanie śledzenia nie wpływa na logowanie w serwisach internetowych ani nie powoduje usuwania z urządzenia prywatnych informacji, takich jak rzeczy dodane do koszyków w sklepach internetowych, informacji o położeniu i danych formularzy."},{"$i":"browsingPrivacy","$v":"Prywatność przeglądania"},{"$i":"browsingPrivacy-header","$v":"Prywatność przeglądania"},{"$i":"confirm-clear-title","$v":"Potwierdź"},{"$i":"clear-browsing-history","$v":"Wyczyść historię przeglądania"},{"$i":"confirm-clear-browsing-history","$v":"Wyczyścić historię przeglądania?"},{"$i":"clear-cookies-and-stored-data","$v":"Wyczyść ciasteczka i zapisane dane"},{"$i":"confirm-clear-cookies-and-stored-data","$v":"Wyczyścić ciasteczka i inne dane przechowywane przez strony z tego urządzenia?"},{"$i":"clear","$v":"Wyczyść"},{"$i":"privacy-controls","$v":"Prywatność"},{"$i":"no-privacy-panel","$v":"Brak odpowieniej aplikacji"},{"$i":"storage","$v":"Pamięć"},{"$i":"enableUSBStorage1","$v":"Udostępnianie po USB"},{"$i":"umsUnplugToDisable","$v":"Odłącz kabel USB, aby wyłączyć"},{"$i":"appStorage","$v":"Aplikacje"},{"$i":"appStorage-header","$v":"Aplikacje"},{"$i":"storageSize","$v":[{"t":"idOrVar","v":"size"}," ",{"t":"idOrVar","v":"unit"}]},{"$i":"availableSize","$v":{"zero":["Dostępne ",{"t":"idOrVar","v":"size"}," ",{"t":"idOrVar","v":"unit"}],"one":["Dostępne ",{"t":"idOrVar","v":"size"}," ",{"t":"idOrVar","v":"unit"}],"two":["Dostępne ",{"t":"idOrVar","v":"size"}," ",{"t":"idOrVar","v":"unit"}],"few":["Dostępne ",{"t":"idOrVar","v":"size"}," ",{"t":"idOrVar","v":"unit"}],"many":["Dostępne ",{"t":"idOrVar","v":"size"}," ",{"t":"idOrVar","v":"unit"}],"other":["Dostępne ",{"t":"idOrVar","v":"size"}," ",{"t":"idOrVar","v":"unit"}]},"$x":[{"t":"idOrVar","v":"plural"},"size"]},{"$i":"apps-total-space","$v":"Całkowity rozmiar"},{"$i":"apps-used-space","$v":"Zajęte"},{"$i":"apps-free-space","$v":"Dostępne"},{"$i":"storage-details","$v":"Zdjęcia, filmy i muzyka przechowywane są osobno od aplikacji i wyróżnione w „Pliki użytkownika”."},{"$i":"ums-shared-volumes","$v":["Udostępnione: ",{"t":"idOrVar","v":"list"}]},{"$i":"transferProtocol-header","$v":"Protokół transferu"},{"$i":"protocol-mtp","$v":"Media transfer protocol (MTP)"},{"$i":"protocol-ums","$v":"USB mass Storage (UMS)"},{"$i":"mediaStorage","$v":"Pliki użytkownika"},{"$i":"mediaStorage-header","$v":"Pliki użytkownika"},{"$i":"storage-name-internal","$v":"Pamięć wbudowana"},{"$i":"storage-name-external-0","$v":"Karta pamięci"},{"$i":"storage-name-external-1","$v":"Druga karta pamięci"},{"$i":"short-storage-name-internal","$v":"Wbudowana"},{"$i":"short-storage-name-external-0","$v":"Karta"},{"$i":"short-storage-name-external-1","$v":"Karta 2"},{"$i":"music-space","$v":"Muzyka"},{"$i":"pictures-space","$v":"Zdjęcia"},{"$i":"videos-space","$v":"Filmy"},{"$i":"left-space","$v":"Pozostało"},{"$i":"free-space","$v":"Wolne"},{"$i":"total-space","$v":"Pojemność"},{"$i":"size-not-available","$v":"Niedostępne"},{"$i":"no-storage","$v":"Brak karty pamięci"},{"$i":"advanced","$v":"Zaawansowane"},{"$i":"ums-warning-title","$v":"Udostępnić po USB?"},{"$i":"default-media-location","$v":"Domyślna lokalizacja plików"},{"$i":"default-media-location-msg","$v":"Wybierz, gdzie zdjęcia, filmy, muzyka i pobierane rzeczy są domyślnie zapisywane."},{"$i":"change-default-media-location-confirmation","$v":"Zmiana domyślnej lokalizacji plików zmieni miejsce, w którym w przyszłości będą zapisywane zdjęcia, filmy, muzyka i pobierane pliki. Położenie istniejących plików nie zmieni się. Kontynuować?"},{"$i":"eject-sdcard-external-0","$v":"Wysuń kartę SD"},{"$i":"eject-sdcard-external-1","$v":"Wysuń kartę SD 2"},{"$i":"format-sdcard-internal","$v":"Formatuj wbudowaną pamięć"},{"$i":"format-sdcard-external-0","$v":"Formatuj kartę SD"},{"$i":"format-sdcard-external-1","$v":"Formatuj kartę SD 2"},{"$i":"formatting","$v":"Formatowanie…"},{"$i":"unmount-sdcard-confirmation","$v":"Dostęp do treści zapisanych na karcie SD nie będzie możliwy po odmontowaniu. Kontynuować?"},{"$i":"format-sdcard-title","$v":"Formatowanie karty SD"},{"$i":"format-sdcard-message","$v":"Wszystkie dane z karty, takie jak muzyka czy zdjęcia, zostaną usunięte."},{"$i":"format-sdcard-internal-title","$v":"Formatowanie wbudowanej pamięci"},{"$i":"format-sdcard-internal-message","$v":"Wszystkie dane z wbudowanej pamięci, takie jak muzyka czy zdjęcia, zostaną usunięte."},{"$i":"format-sdcard-btnformat","$v":"Formatuj"},{"$i":"sdcardUnmounted","$v":"Odmontowano kartę SD"},{"$i":"device","$v":"Urządzenie"},{"$i":"help","$v":"Pomoc"},{"$i":"deviceInfo","$v":"O urządzeniu"},{"$i":"deviceInfo-header","$v":"O urządzeniu"},{"$i":"deviceInfo-IMEI","$v":"IMEI"},{"$i":"deviceInfo-ICCID","$v":"ICCID"},{"$i":"deviceInfo-MSISDN","$v":"Numer telefonu"},{"$i":"deviceInfo-ICCID-unavailable-sim","$v":["SIM ",{"t":"idOrVar","v":"index"},": niedostępny"]},{"$i":"downloads","$v":"Pobrane pliki"},{"$i":"downloads-header","$v":"Pobrane pliki"},{"$i":"unknown-phoneNumber","$v":"Nieznany"},{"$i":"unknown-phoneNumber-sim","$v":["SIM ",{"t":"idOrVar","v":"index"},": nieznany"]},{"$i":"gitInfo","$v":"Informacja o rewizji git"},{"$i":"developer","$v":"Dla programistów"},{"$i":"developer-header","$v":"Dla programistów"},{"$i":"hud-settings-button","$v":"HUD programisty"},{"$i":"hud-settings-header","$v":"HUD programisty"},{"$i":"hud-devtools","$v":"Narzędzia dla programistów"},{"$i":"hud-devtools-header","$v":"Narzędzia dla programistów"},{"$i":"hud-logging","$v":"Zapisuj zmiany w ADB"},{"$i":"hud-system","$v":"Show system HUD"},{"$i":"hud-problems","$v":"Problemy"},{"$i":"hud-warnings","$v":"Ostrzeżenia"},{"$i":"hud-errors","$v":"Błędy"},{"$i":"hud-security","$v":"Bezpieczeństwo"},{"$i":"hud-performance","$v":"Wydajność"},{"$i":"hud-reflows","$v":"Odmalowania"},{"$i":"hud-jank","$v":"Jank"},{"$i":"jank-threshold","$v":"Jank Threshold"},{"$i":"hud-fps","$v":"FPS"},{"$i":"hud-ttl","$v":"Czas wczytania"},{"$i":"hud-memory","$v":"Pamięć"},{"$i":"hud-uss","$v":"Unique Set Size"},{"$i":"hud-appmemory","$v":"Pamięć aplikacji"},{"$i":"hud-jsobjects","$v":"Obiekty JS"},{"$i":"hud-jsstrings","$v":"Łańcuchy znaków JS"},{"$i":"hud-jsother","$v":"Inne JS"},{"$i":"hud-dom","$v":"DOM"},{"$i":"hud-style","$v":"Style"},{"$i":"hud-other","$v":"Inne"},{"$i":"software","$v":"Oprogramowanie"},{"$i":"devSettings","$v":"Zaawansowane"},{"$i":"debug","$v":"Debugowanie"},{"$i":"developer-menu","$v":"Menu dla programistów"},{"$i":"developer-tools","$v":"Narzędzia dla programistów"},{"$i":"graphics","$v":"Grafika"},{"$i":"hardware-composer","$v":"Hardware composer"},{"$i":"paint-flashing","$v":"Wyróżniaj odmalowane"},{"$i":"dumps-layers","$v":"Dump layers tree"},{"$i":"dumps-layerscope","$v":"Dump layerscope"},{"$i":"apz-overscroll","$v":"Overscrolling"},{"$i":"tiling","$v":"Tiling"},{"$i":"low-precision","$v":"Low-precision painting"},{"$i":"low-opacity","$v":"Low-precision transparency"},{"$i":"draw-tile-borders","$v":"Tile borders"},{"$i":"draw-layer-borders","$v":"Obramowania warstw"},{"$i":"log-animations","$v":"Loguj wolne animacje"},{"$i":"remote-debugging-usb","$v":"Debugowanie poprzez USB"},{"$i":"dev-tools-wifi","$v":"DevTools poprzez Wi-Fi"},{"$i":"dev-tools-qps","$v":"Pseudolokalizacja"},{"$i":"debugger-disabled","$v":"Wyłączone"},{"$i":"debugger-adb-only","$v":"Tylko poprzez ADB"},{"$i":"debugger-adb-and-devtools","$v":"Poprzez ADB i Devtools"},{"$i":"wifi-debugging","$v":"Wyjście Wi-Fi w ADB"},{"$i":"bluetooth-debugging","$v":"Wyjście Bluetooth w ADB"},{"$i":"bluetooth-snoop-debugging","$v":"Bluetooth HCI sniffing logs to sdcard"},{"$i":"nfc-debugging","$v":"Wyjście NFC w ADB"},{"$i":"ril-debugging","$v":"RIL output in ADB"},{"$i":"console-enabled","$v":"Konsola"},{"$i":"cards-view-screenshots","$v":"Cards View: Screenshots"},{"$i":"geolocation-debugging-enabled","$v":"Wyjście usług lokalizacyjnych w ADB"},{"$i":"geolocation-debugging-gps-locations-ignored","$v":"Ignorowanie danych z GPS"},{"$i":"use-reviewer-certs","$v":"Use Marketplace reviewer certs"},{"$i":"shake-to-log","$v":"Potrząśnij, by zapisać dziennik systemowy"},{"$i":"model-name","$v":"Model"},{"$i":"os-version","$v":"Wersja systemu operacyjnego"},{"$i":"firmware_revision","$v":"Wersja firmware"},{"$i":"hardware_revision","$v":"Wersja sprzętu"},{"$i":"platform_version","$v":"Wersja platformy"},{"$i":"build-id","$v":"Identyfikator kompilacji"},{"$i":"update-channel","$v":"Kanał aktualizacji"},{"$i":"build_number","$v":"$BUILD_NUMBER"},{"$i":"update-url","$v":"Adres URL kanału aktualizacji"},{"$i":"last-updated","$v":"Ostatnia aktualizacja"},{"$i":"more-info","$v":"Więcej informacji"},{"$i":"more-info-header","$v":"Więcej informacji"},{"$i":"softwareUpdates","$v":"Aktualizacje oprogramowania"},{"$i":"check-update-daily","$v":"Codziennie"},{"$i":"check-update-weekly","$v":"Co tydzień"},{"$i":"check-update-monthly","$v":"Co miesiąc"},{"$i":"check-for-updates","$v":"Sprawdzaj dostępność"},{"$i":"check-update-now","$v":"Sprawdź teraz"},{"$i":"update-status","$v":"Status aktualizacji"},{"$i":"no-network-when-update","$v":"Połącz się z Internetem, by kontynuować aktualizację."},{"$i":"checking-for-update","$v":"Sprawdzanie dostępności uaktualnień…"},{"$i":"no-updates","$v":"Brak dostępnych uaktualnień"},{"$i":"retry-when-online","$v":"Brak sieci. Dostępność aktualizacji zostanie sprawdzona, gdy sieć stanie się dostępna."},{"$i":"already-latest-version","$v":["Używana wersja systemu ",{"t":"idOrVar","v":"brandShortName"}," jest najnowszą dostępną."]},{"$i":"check-error","$v":"Wystąpił błąd podczas sprawdzania dostępności uaktualnień."},{"$i":"aboutBrowserOS","$v":["O ",{"t":"idOrVar","v":"brandShortName"}]},{"$i":"browser-os-desc","$v":[{"t":"idOrVar","v":"brandShortName"}," jest darmowym systemem operacyjnym o otwartym kodzie źródłowym od Mozilli. Wierzymy, że otwartość, innowacyjność i możliwości są kluczowe dla zapewnienia dostępu do pełnego potencjału Internetu."]},{"$i":"learn-more","$v":"Dowiedz się więcej"},{"$i":"reset-head","$v":"Ustawienia fabryczne"},{"$i":"reset-warning-title","$v":"Ostrzeżenie"},{"$i":"unlock-privileges","$v":"Odblokuj uprawnienia"},{"$i":"reset-devtools","$v":"Zresetuj i włącz pełne narzędzia dla programistów"},{"$i":"reset-devtools-warning-title","$v":"Ostrzeżenie"},{"$i":"your-rights","$v":"Prawa użytkownika"},{"$i":"your-rights-header","$v":"Prawa użytkownika"},{"$i":"about-your-rights-0","$v":[{"t":"idOrVar","v":"brandShortName"}," jest zbudowany w oparciu o wolne oprogramowanie o otwartym kodzie źródłowym stworzone przez społeczność tysięcy ludzi z całego świata. Jest kilka zagadnień związanych z tym programem, o których należy wiedzieć:"]},{"$i":"about-your-rights-1","$v":[{"t":"idOrVar","v":"brandShortName"}," został udostępniony użytkownikowi na warunkach kilku otwartych licencji, w tym Mozilla Public License. Urządzenie z systemem ",{"t":"idOrVar","v":"brandShortName"}," może również zawierać własnościowe oprogramowanie od innych dostawców. Kod objęty otwartymi licencjami można modyfikować i rozpowszechniać jego zmodyfikowane wersje pod warunkiem przestrzegania ich pozostałych postanowień."]},{"$i":"about-your-rights-2","$v":["Nie otrzymujesz żadnych licencji ani praw do znaków towarowych Mozilla Foundation i innych podmiotów, w tym w szczególności do nazwy i logotypu ",{"t":"idOrVar","v":"brandShortName"},"."]},{"$i":"about-your-rights-3","$v":["Niektóre funkcje ",{"t":"idOrVar","v":"brandShortName"},", takie jak narzędzie zgłaszania awarii, umożliwiają przesyłanie opinii do Mozilli. Przesyłając takie opinie, wyrażasz zgodę na używanie przez Mozillę przesłanych opinii do celów ulepszenia jego produktów, publikowania tych opinii na stronach internetowych oraz do ich rozpowszechniania."]},{"$i":"about-legal-info","$v":"Informacje prawne"},{"$i":"about-credit-info","$v":"Współtwórcy"},{"$i":"about-legal-info-header","$v":"Informacje prawne"},{"$i":"open-source-notices","$v":"Informacje o licencjach"},{"$i":"open-source-notices-header","$v":"Informacje o licencjach"},{"$i":"obtaining-source-code","$v":"Uzyskiwanie kodu"},{"$i":"obtaining-source-code-header","$v":"Uzyskiwanie kodu"},{"$i":"about-mozilla","$v":"Mozilla"},{"$i":"about-other","$v":"Inni dostawcy oprogramowania"},{"$i":"your-privacy","$v":"Polityki prywatności"},{"$i":"your-privacy-header","$v":"Polityki prywatności"},{"$i":"licensing-1","$v":"Pliki binarne zostały udostępnione użytkownikowi przez projekt Mozilla, na warunkach licencji Mozilla Public License 2.0 (MPL). Poznaj swoje prawa."},{"$i":"licensing-2","$v":"Cały kod źródłowy tego produktu jest dostępny na wolnych i otwartych licencjach. Większość kodu jest dostępna na warunkach licencji Mozilla Public License 2.0 (MPL)."},{"$i":"licensing-3","$v":"Pozostałe oprogramowanie, niedostępne na warunkach licencji Mozilla Public License 2.0 MPL, jest dostępne na warunkach innych licencji. Kopie treści licencji, licencji wymagających dołączania ich treści podczas dystrybucji, znajdują się poniżej. (Należy pamiętać, że ta kopia produktu może nie zawierać kodu objętego jedną lub więcej z wymienionych tutaj licencji, zależnie od wybranego konkretnie produktu i jego wersji.)"},{"$i":"licensing-MPL","$v":"Mozilla Public License 2.0"},{"$i":"licensing-Apache","$v":"Apache License 2.0"},{"$i":"launch-ftu","$v":"Asystent wstępnej konfiguracji"},{"$i":"no-ftu","$v":"Nie znaleziono asystenta wstępnej konfiguracji"},{"$i":"software-home-button","$v":"Ekranowy przycisk początek"},{"$i":"home-gesture","$v":"Gest początek"},{"$i":"continuous-transition","$v":"Continuous transitions"},{"$i":"debug-gaia-enabled","$v":"Gaia debug traces"},{"$i":"showScreenReaderSettings","$v":"Menu czytnika ekranowego"},{"$i":"app-transition","$v":"App transition"},{"$i":"app-suspending","$v":"App suspending"},{"$i":"copypaste","$v":"Kopiowanie i wklejanie"},{"$i":"verbose-app-permissions","$v":"Szczegółowe uprawnienia aplikacji"},{"$i":"window-management","$v":"Zarządzanie oknami"},{"$i":"downloads-edit","$v":"Edycja listy"},{"$i":"downloads-select-all","$v":"Zaznacz wszystkie"},{"$i":"downloads-deselect-all","$v":"Odznacz wszystkie"},{"$i":"downloads-delete","$v":"Usuń"},{"$i":"battery","$v":"Bateria"},{"$i":"battery-header","$v":"Bateria"},{"$i":"batteryLevel","$v":"Stan"},{"$i":"batteryLevel-percent-unplugged","$v":[{"t":"idOrVar","v":"level"},"%"]},{"$i":"batteryLevel-percent-charging","$v":[{"t":"idOrVar","v":"level"},"% (ładowanie)"]},{"$i":"batteryLevel-percent-charged","$v":[{"t":"idOrVar","v":"level"},"% (naładowana)"]},{"$i":"powerSaveModeTitle","$v":"Tryb oszczędzania energii"},{"$i":"powerSaveMode","$v":"Oszczędzanie energii"},{"$i":"powerSave-threshold","$v":["Gdy pozostało ",{"t":"idOrVar","v":"level"},"%"]},{"$i":"turnOnAuto","$v":"Włącz automatycznie"},{"$i":"accessibility","$v":"Dostępność"},{"$i":"accessibility-header","$v":"Dostępność"},{"$i":"screenReader","$v":"Czytnik ekranowy"},{"$i":"screenReader-header","$v":"Czytnik ekranowy"},{"$i":"screenReader-toggle","$v":"Czytnik ekranowy"},{"$i":"colorFilter","$v":"Filtr kolorów"},{"$i":"colorFilter-header","$v":"Filtr kolorów"},{"$i":"colorFilter-toggle","$v":"Filtrowanie kolorów"},{"$i":"screenReader-captions","$v":"Wyświetlanie opisów"},{"$i":"screenReader-enable-msg","$v":"Uruchomiony czytnik ekranowy dostarcza opisywane mową wskazówki użytkownikom z wadami wzroku."},{"$i":"screen-reader-speech-volume","$v":"Głośność"},{"$i":"screen-reader-speech-rate","$v":"Tempo"},{"$i":"screenReader-confirm-title-start","$v":"Uruchomić czytnik ekranowy?"},{"$i":"screenReader-confirm-description-start","$v":"Uruchomienie czytnika ekranowego zmieni sposób działania ekranu dotykowego. Stuknięcie w element odtworzy jego opis a podwójne stuknięcie aktywuje go."},{"$i":"screenReader-confirm-button-start","$v":"Uruchom"},{"$i":"screenReader-confirm-title-stop","$v":"Wyłączyć czytnik erkanowy?"},{"$i":"screenReader-confirm-description-stop","$v":"Wyłączenie czytnika ekranowego spowoduje zaprzestanie dostarczania wskazówek opisywanych mową."},{"$i":"screenReader-confirm-button-stop","$v":"Wyłącz"},{"$i":"colorFilter-invert","$v":"Odwrócone"},{"$i":"colorFilter-grayscale","$v":"Skala szarości"},{"$i":"colorFilter-contrast","$v":"Kontrast"},{"$i":"improveBrowserOS","$v":["Ulepsz ",{"t":"idOrVar","v":"brandShortName"}]},{"$i":"improveBrowserOSTitle","$v":["Ulepszanie ",{"t":"idOrVar","v":"brandShortName"}]},{"$i":"sendMozillaFeedback","$v":"Prześlij Mozilli opinię"},{"$i":"performanceAndUsageData","$v":"Dane o użyciu i wydajności"},{"$i":"sharePerformanceAndUsageData","$v":"Przesyłanie danych"},{"$i":"appUsageByRegion","$v":"App usage by region"},{"$i":"crashReports","$v":"Raporty z awarii"},{"$i":"crashReports-header","$v":"Raporty z awarii"},{"$i":"crashReportInfo","$v":"Przesyłając Mozilli raport z awarii, możesz pomóc naprawić problem dla wszystkich. Raporty są wysyłane wyłącznie przez sieć Wi-Fi."},{"$i":"alwaysSendReport","$v":"Zawsze wysyłaj"},{"$i":"neverSendReport","$v":"Nigdy nie wysyłaj"},{"$i":"askToSendReport2","$v":"Pytaj za każdym razem"},{"$i":"crash-reports-description-1","$v":"Raport z awarii zawiera informacje na temat awarii, urządzenia oraz zapis stanu urządzenia z momentu awarii."},{"$i":"crash-reports-description-2","$v":"W tym takie szczegóły, jak otwarte strony i aplikacje, dane wprowadzone w formularze i treść otwartych wiadomości, historia ostatnio odwiedzanych stron czy dane o położeniu pochodzące z otwartych aplikacji."},{"$i":"crash-reports-description-3-start","$v":"Raporty z awarii są używane do rozwiązywania problemów i doskonalenia naszych produktów. Dowiedz się, jak Mozilla obchodzi się z twoimi danymi, czytając "},{"$i":"crash-reports-description-3-privacy","$v":"o polityce prywatności"},{"$i":"crash-reports-description-3-end","$v":"."},{"$i":"sendFeedbackTitle","$v":"Prześlij swoją opinię"},{"$i":"feedback-description","$v":"Twoja opinia pomoże nam ulepszyć system Firefox OS."},{"$i":"feedback-happy","$v":"Fajnie"},{"$i":"feedback-sad","$v":"Kiepsko"},{"$i":"feedback-mood-description","$v":"Jak tam?"},{"$i":"feedback_whyfeel_happy","$v":"Co ci się podoba?"},{"$i":"feedback_whyfeel_sad","$v":"Co ci przeszkadza?"},{"$i":"feedback-mood-explain","$v":"Prosimy o szczegółowy opis."},{"$i":"feedback-public-description","$v":"Twoja opinia będzie publicznie dostępna, dlatego nie umieszczaj tutaj osobistych informacji."},{"$i":"feedback-contactyou","$v":"Zaznacz, abyśmy mogli się z Tobą skontaktować."},{"$i":"email-address1","$v":"Adres e-mail:"},{"$i":"email-keepprivate","$v":"Bez obaw, dbamy o prywatność."},{"$i":"feedback-sendbtn","$v":"Wyślij opinię"},{"$i":"feedback-errormessage-connect-error","$v":"Przepraszamy, ale z powodu błędu połączenia, system nie mógł przesłać opinii. Proszę spróbować ponownie, gdy połączenie z Internetem będzie dostępne."},{"$i":"feedback-errormessage-server-off","$v":"Przepraszamy, ale z powodu wyłączania serwera, system nie mógł przesłać opinii. Proszę odczekać moment i spróbować ponownie."},{"$i":"feedback-errormessage-timeout","$v":"Przepraszamy, ale upłynął limit czasu połączenia i system nie mógł przesłać opinii. Proszę uruchomić urządzenie ponownie i spróbować raz jeszcze."},{"$i":"feedback-errormessage-wrong-email","$v":"Przepraszamy, ale z powodu problemu z adresem e-mail, system nie mógł przesłać opinii. Proszę wprowadzić prawidłowy adres e-mail i spróbować ponownie."},{"$i":"feedback-errormessage-empty-comment","$v":"Ponieważ pole komentarza jest puste, system nie przesłać opinii. Proszę uzupełnić formularz i spróbować ponownie."},{"$i":"feedback-errormessage-just-sent","$v":"Znamy już Twoją opinię na temat tej wersji systemu. Poczekaj na następną i spróbuj ponownie."},{"$i":"feedback-complete-msg","$v":"Dziękujemy za przesłanie opinii! Pomoże nam ona doskonalić system Firefox OS."},{"$i":"online-support","$v":"Wsparcie online:"},{"$i":"call-support","$v":"Wsparcie telefoniczne:"},{"$i":"user-guide","$v":"Podręcznik użytkownika"},{"$i":"default-support","$v":"Proszę skontaktować się z lokalnym dostawcą w sprawie wsparcia."},{"$i":"operatorServices","$v":"Usługi operatora"},{"$i":"operatorServices-help","$v":"Pomoc"},{"$i":"operatorServices-helpmenu","$v":"Menu Pomoc"},{"$i":"stkAppsNotAvailable","$v":"Aplikacje karty SIM są niedostępne."},{"$i":"simToolkit","$v":"Narzędzia karty SIM"},{"$i":"stkItemsNaiSetUpCall","$v":"Zestaw połączenie"},{"$i":"stkItemsNaiSendSs","$v":"Wykonaj operację SS"},{"$i":"stkItemsNaiSendUssd","$v":"Wykonaj operację USSD"},{"$i":"stkItemsNaiSendSms","$v":"Wyślij wiadomość SMS"},{"$i":"stkItemsNaiSendDtmf","$v":"Wykonaj operację DTMF"},{"$i":"stkItemsNaiLaunchBrowser","$v":"Otwórz przeglądarkę"},{"$i":"stkItemsNaiPlayTone","$v":"Odtwórz ton"},{"$i":"stkItemsNaiDisplayText","$v":"Wyświetl tekst"},{"$i":"stkItemsNaiGetInkey","$v":"Get Inkey"},{"$i":"stkItemsNaiGetInput","$v":"Get Input"},{"$i":"stkItemsNaiSelectItem","$v":"Wybierz"},{"$i":"stkItemsNaiSetUpMenu","$v":"Menu konfiguracji"},{"$i":"stkItemsNaiProvideLocalInfo","$v":"Dostarcz lokalne informacje"},{"$i":"stkItemsNaiSetIdleModeText","$v":"Ustaw tekst bezczynności"},{"$i":"stkItemsNaiPerformCardApdu","$v":"Perform Card APDU"},{"$i":"stkItemsNaiPowerOnCard","$v":"Włącz kartę"},{"$i":"stkItemsNaiPowerOffCard","$v":"Wyłącz kartę"},{"$i":"stkItemsNaiGetReaderStatus","$v":"Pobierz status czytnika"},{"$i":"stkItemsNaiOpenChannel","$v":"Otwórz kanał"},{"$i":"stkItemsNaiCloseChannel","$v":"Zamknij kanał"},{"$i":"stkItemsNaiReceiveData","$v":"Pobierz dane"},{"$i":"stkItemsNaiSendData","$v":"Wyślij dane"},{"$i":"stkItemsNaiGetChannelStatus","$v":"Sprawdź status kanału"},{"$i":"stkItemsNaiEndOfTheProactiveSession","$v":"Zakończenie sesji"},{"$i":"is-warning-storage-header","$v":"Udostępnianie po USB"},{"$i":"is-warning-tethering-header","$v":"Udostępnianie po USB"},{"$i":"is-warning-wifi-header","$v":"Hotspot Wi-Fi"},{"$i":"is-warning-storage-tethering-message","$v":"Włączenie udostępniania plików po USB wyłączy udostępnianie Internetu po USB. Włączyć udostępnianie plików?"},{"$i":"is-warning-tethering-storage-message","$v":"Włączenie udostępniania Internetu po USB wyłączy udostępnianie plików po USB. Włączyć udostępnianie Internetu?"},{"$i":"is-warning-tethering-wifi-message","$v":"Włączenie udostępniania Internetu po USB wyłączy hotspot Wi-Fi. Włączyć udostępnianie po USB?"},{"$i":"is-warning-wifi-tethering-message","$v":"Włączenie hotspotu Wi-Fi wyłączy udostępnianie Internetu po USB. Włączyć hotspot Wi-Fi?"},{"$i":"settings-dialog-alert","$v":"Ostrzeżenie"},{"$i":"settings-dialog-confirm","$v":"Potwierdź"},{"$i":"settings-dialog-prompt","$v":"Wprowadź dane"},{"$i":"settings-alert-dialog-header","$v":"Ostrzeżenie"},{"$i":"settings-confirm-dialog-header","$v":"Potwierdzenie"},{"$i":"settings-prompt-dialog-header","$v":"Wprowadzanie danych"},{"$i":"addons","$v":"Dodatki"},{"$i":"addons-header","$v":"Dodatki"},{"$i":"change-device-name","$v":"Zmiana nazwy telefonu"},{"$i":"internetSharing-usb-desc","$v":"Udostępniaj połączenie internetowe urządzeniu podłączonemu do portu USB."},{"$i":"internetSharing-wifi-desc","$v":"Pozwalaj innym urządzeniom, połączonym przez Wi-Fi, korzystać z połączenia internetowego tego telefonu."},{"$i":"unplayable-ringtone","$v":"Dzwonek nie został zmieniony, ponieważ wybrany plik nie może zostać odtworzony na tym telefonie."},{"$i":"findmydevice-signup-description","$v":"„Znajdź moje urządzenie” pomaga odszukać telefon lub go zablokować i wymazać"},{"$i":"findmydevice-settings-description","$v":"Znajdź moje urządzenie” pomaga odszukać telefon lub go zablokować i wymazać poprzez stronę"},{"$i":"findmydevice-active-tracking","$v":"Telefon jest obecnie śledzony z innego urządzenia poprzez stronę."},{"$i":"findmydevice-not-tracking","$v":"Żadne urządzenie nie śledzi aktywnie tego telefonu poprzez stronę."},{"$i":"ums-confirm","$v":"Udostępnianie plików po USB pozwala, po połączeniu kablem USB z komputerem, uzyskać z niego dostęp do plików na tym telefonie."},{"$i":"reset-device","$v":"Przywróć ustawienia fabryczne"},{"$i":"reset-warning-body","$v":"Przywrócenie ustawień fabrycznych wymaże wszystkie dane prywatne, łącznie z zakupionymi aplikacjami. Żadne dane ani ustawienia nie zostaną zachowane."},{"$i":"reset-devtools-warning-body","$v":"Przywrócenie ustawień fabrycznych wymaże wszystkie dane prywatne, łącznie z zakupionymi aplikacjami. Żadne dane ani ustawienia nie zostaną zachowane. Narzędzia dla programistów zyskają nieograniczony dostęp, pozwalający na modyfikowanie i debugowanie aplikacji systemowych."},{"$i":"powerSave-explanation","$v":"Włączenie trybu oszczędzania energii wyłączy transmisję danych, Bluetooth i lokalizowanie położenia, aby wydłużyć czas pracy na baterii. W dalszym ciągu możliwe będzie włączenie tych usług ręcznie."},{"$i":"performanceAndUsageDataInfo","$v":["Pomóż doskonalić system ",{"t":"idOrVar","v":"brandShortName"},", udostępniając dane o telefonie i sposobie jego wykorzystania."]},{"$i":"device-status-connected-device","$v":"Połączono z audio telefonu (HFP)"},{"$i":"device-status-connected-device-media","$v":"Połączono z audio telefonu/urządzenia (A2DP i HFP)"}]