[{"$i":"stopped_download_title","$v":"Transferência interrompida"},{"$i":"stopped_download_message","$v":"A transferência foi interrompida. Tentar transferir novamente?"},{"$i":"stopped_download_left_button","$v":"Cancelar"},{"$i":"stopped_download_right_button","$v":"Tentar novamente"},{"$i":"failed_download_title","$v":"Transferência falhou"},{"$i":"failed_download_message","$v":["A transferência de ",{"t":"idOrVar","v":"name"}," falhou. Tentar transferir novamente?"]},{"$i":"failed_download_left_button","$v":"Cancelar"},{"$i":"failed_download_right_button","$v":"Tentar novamente"},{"$i":"stop_download_title","$v":"Parar transferência"},{"$i":"stop_download_message","$v":"Você tem certeza que deseja parar a transferência?"},{"$i":"stop_download_left_button","$v":"Não"},{"$i":"stop_download_right_button","$v":"Sim"},{"$i":"delete_download_title","$v":"Excluir"},{"$i":"delete_download_message","$v":["Excluir ",{"t":"idOrVar","v":"name"},"?"]},{"$i":"delete_download_left_button","$v":"Cancelar"},{"$i":"delete_download_right_button","$v":"Excluir"},{"$i":"delete_all_download_title","$v":"Excluir"},{"$i":"delete_all_download_left_button","$v":"Cancelar"},{"$i":"delete_all_download_right_button","$v":"Excluir"},{"$i":"delete_all_download_message","$v":{"zero":"Delete no files?","one":"Delete one file?","two":["Delete ",{"t":"idOrVar","v":"number"}," files?"],"few":["Delete ",{"t":"idOrVar","v":"number"}," files?"],"many":["Delete ",{"t":"idOrVar","v":"number"}," files?"],"other":["Delete ",{"t":"idOrVar","v":"number"}," files?"]},"$x":[{"t":"idOrVar","v":"plural"},"number"]},{"$i":"unsupported_file_type_download_title","$v":"Não foi possível abrir"},{"$i":"unsupported_file_type_download_message","$v":["Não existe um aplicativo capaz de abrir ",{"t":"idOrVar","v":"name"},". Você gostaria de salvar o arquivo ou removê-lo?"]},{"$i":"unsupported_file_type_download_left_button","$v":"Manter arquivo"},{"$i":"unsupported_file_type_download_right_button","$v":"Excluir"},{"$i":"file_not_found_download_title","$v":"Arquivo não encontrado"},{"$i":"file_not_found_download_message","$v":"O arquivo não foi encontrado no dispositivo"},{"$i":"file_not_found_download_right_button","$v":"OK"},{"$i":"unmounted_sdcard_2_download_title","$v":"O cartão de memória está em uso"},{"$i":"unmounted_sdcard_2_download_message","$v":"Desconecte o telefone"},{"$i":"unmounted_sdcard_2_download_right_button","$v":"OK"},{"$i":"no_provider_download_title","$v":"Não foi possível compartilhar"},{"$i":"no_provider_download_message","$v":"Nenhum provedor encontrado"},{"$i":"no_provider_download_right_button","$v":"OK"},{"$i":"no_memory_download_title","$v":"O Cartão SD está lotado"},{"$i":"no_memory_download_message","$v":"Não há espaço disponível no seu cartão SD para armazenar seu arquivo. Por favor remova alguns arquivos antes de recomeçar a transferência."},{"$i":"no_memory_download_right_button","$v":"OK"},{"$i":"no_sdcard_found_2_download_title","$v":"Nenhum cartão de memória foi encontrado"},{"$i":"no_sdcard_found_2_download_message","$v":"Insira um cartão de memória ou selecione um local de mídia padrão nas configurações"},{"$i":"no_sdcard_found_2_download_right_button","$v":"OK"},{"$i":"file_open_error_download_title","$v":"Não foi possível abrir"},{"$i":"file_open_error_download_message","$v":["Ocorreu um erro ao abrir ",{"t":"idOrVar","v":"name"},". Gostaria de salvar o arquivo ou removê-lo?"]},{"$i":"file_open_error_download_left_button","$v":"Manter arquivo"},{"$i":"file_open_error_download_right_button","$v":"Remover"},{"$i":"restart_download_error","$v":"Ocorreu um erro ao reiniciar a transferência. Por favor, tente novamente."},{"$i":"no-downloads","$v":"Sem downloads"},{"$i":"byteUnit-B","$v":"B"},{"$i":"byteUnit-KB","$v":"kB"},{"$i":"byteUnit-MB","$v":"MB"},{"$i":"byteUnit-GB","$v":"GB"},{"$i":"byteUnit-TB","$v":"TB"},{"$i":"fileSize","$v":[{"t":"idOrVar","v":"size"}," ",{"t":"idOrVar","v":"unit"}]},{"$i":"percentage","$v":[{"t":"idOrVar","v":"percentage"}," %"]},{"$i":"partialResult","$v":[{"t":"idOrVar","v":"partial"}," de ",{"t":"idOrVar","v":"total"}]},{"$i":"summary","$v":[{"t":"idOrVar","v":"date"}," - ",{"t":"idOrVar","v":"status"}]},{"$i":"download-stopped","$v":"Interrompido"},{"$i":"download-failed","$v":"Transferência falhou"},{"$i":"open_downloaded_file","$v":"Abrir"},{"$i":"share_downloaded_file","$v":"Compartilhar"},{"$i":"wallpaper_downloaded_file","$v":"Definir como papel de parede"},{"$i":"ringtone_downloaded_file","$v":"Definir como toque"},{"$i":"cancel_downloaded_file","$v":"Cancelar"},{"$i":"brandShortName","$v":"B2G OS"},{"$i":"browserBrandShortName","$v":"Web Browser"},{"$i":"browserBrandFullName","$v":"Mozilla Web Browser"},{"$i":"ringtoneBrandName","$v":"Default"},{"$i":"ringtoneSectionBrandName","$v":"System"},{"$i":"weekday-0-long","$v":"Domingo"},{"$i":"weekday-1-long","$v":"Segunda-feira"},{"$i":"weekday-2-long","$v":"Terça-feira"},{"$i":"weekday-3-long","$v":"Quarta-feira"},{"$i":"weekday-4-long","$v":"Quinta-feira"},{"$i":"weekday-5-long","$v":"Sexta-feira"},{"$i":"weekday-6-long","$v":"Sábado"},{"$i":"weekday-0-short","$v":"Dom"},{"$i":"weekday-1-short","$v":"Seg"},{"$i":"weekday-2-short","$v":"Ter"},{"$i":"weekday-3-short","$v":"Qua"},{"$i":"weekday-4-short","$v":"Qui"},{"$i":"weekday-5-short","$v":"Sex"},{"$i":"weekday-6-short","$v":"Sáb"},{"$i":"month-0-long","$v":"Janeiro"},{"$i":"month-1-long","$v":"Fevereiro"},{"$i":"month-2-long","$v":"Março"},{"$i":"month-3-long","$v":"Abril"},{"$i":"month-4-long","$v":"Maio"},{"$i":"month-5-long","$v":"Junho"},{"$i":"month-6-long","$v":"Julho"},{"$i":"month-7-long","$v":"Agosto"},{"$i":"month-8-long","$v":"Setembro"},{"$i":"month-9-long","$v":"Outubro"},{"$i":"month-10-long","$v":"Novembro"},{"$i":"month-11-long","$v":"Dezembro"},{"$i":"month-0-genitive","$v":"Janeiro"},{"$i":"month-1-genitive","$v":"Fevereiro"},{"$i":"month-2-genitive","$v":"Março"},{"$i":"month-3-genitive","$v":"Abril"},{"$i":"month-4-genitive","$v":"Maio"},{"$i":"month-5-genitive","$v":"Junho"},{"$i":"month-6-genitive","$v":"Julho"},{"$i":"month-7-genitive","$v":"Agosto"},{"$i":"month-8-genitive","$v":"Setembro"},{"$i":"month-9-genitive","$v":"Outubro"},{"$i":"month-10-genitive","$v":"Novembro"},{"$i":"month-11-genitive","$v":"Dezembro"},{"$i":"month-0-short","$v":"Jan"},{"$i":"month-1-short","$v":"Fev"},{"$i":"month-2-short","$v":"Mar"},{"$i":"month-3-short","$v":"Abr"},{"$i":"month-4-short","$v":"Mai"},{"$i":"month-5-short","$v":"Jun"},{"$i":"month-6-short","$v":"Jul"},{"$i":"month-7-short","$v":"Ago"},{"$i":"month-8-short","$v":"Set"},{"$i":"month-9-short","$v":"Out"},{"$i":"month-10-short","$v":"Nov"},{"$i":"month-11-short","$v":"Dez"},{"$i":"minutes-ago-long","$v":{"zero":"há pouco","one":"um minuto atrás","two":[{"t":"idOrVar","v":"value"}," minutos atrás"],"few":[{"t":"idOrVar","v":"value"}," minutos atrás"],"many":[{"t":"idOrVar","v":"value"}," minutos atrás"],"other":[{"t":"idOrVar","v":"value"}," minutos atrás"]},"$x":[{"t":"idOrVar","v":"plural"},"value"]},{"$i":"hours-ago-long","$v":{"zero":"há pouco","one":"uma hora atrás","two":[{"t":"idOrVar","v":"value"}," horas atrás"],"few":[{"t":"idOrVar","v":"value"}," horas atrás"],"many":[{"t":"idOrVar","v":"value"}," horas atrás"],"other":[{"t":"idOrVar","v":"value"}," horas atrás"]},"$x":[{"t":"idOrVar","v":"plural"},"value"]},{"$i":"days-ago-long","$v":{"zero":"hoje","one":"ontem","two":[{"t":"idOrVar","v":"value"}," dias atrás"],"few":[{"t":"idOrVar","v":"value"}," dias atrás"],"many":[{"t":"idOrVar","v":"value"}," dias atrás"],"other":[{"t":"idOrVar","v":"value"}," dias atrás"]},"$x":[{"t":"idOrVar","v":"plural"},"value"]},{"$i":"weeks-ago-long","$v":{"zero":"esta semana","one":"semana passada","two":[{"t":"idOrVar","v":"value"}," semanas atrás"],"few":[{"t":"idOrVar","v":"value"}," semanas atrás"],"many":[{"t":"idOrVar","v":"value"}," semanas atrás"],"other":[{"t":"idOrVar","v":"value"}," semanas atrás"]},"$x":[{"t":"idOrVar","v":"plural"},"value"]},{"$i":"months-ago-long","$v":{"zero":"este mês","one":"mês passado","two":[{"t":"idOrVar","v":"value"}," meses atrás"],"few":[{"t":"idOrVar","v":"value"}," meses atrás"],"many":[{"t":"idOrVar","v":"value"}," meses atrás"],"other":[{"t":"idOrVar","v":"value"}," meses atrás"]},"$x":[{"t":"idOrVar","v":"plural"},"value"]},{"$i":"years-ago-long","$v":{"zero":"este ano","one":"ano passado","two":[{"t":"idOrVar","v":"value"}," anos atrás"],"few":[{"t":"idOrVar","v":"value"}," anos atrás"],"many":[{"t":"idOrVar","v":"value"}," anos atrás"],"other":[{"t":"idOrVar","v":"value"}," anos atrás"]},"$x":[{"t":"idOrVar","v":"plural"},"value"]},{"$i":"minutes-until-long","$v":{"zero":"agora","one":"em um minuto","two":["em ",{"t":"idOrVar","v":"value"}," minutos"],"few":["em ",{"t":"idOrVar","v":"value"}," minutos"],"many":["em ",{"t":"idOrVar","v":"value"}," minutos"],"other":["em ",{"t":"idOrVar","v":"value"}," minutos"]},"$x":[{"t":"idOrVar","v":"plural"},"value"]},{"$i":"hours-until-long","$v":{"zero":"agora","one":"em uma hora","two":["em ",{"t":"idOrVar","v":"value"}," horas"],"few":["em ",{"t":"idOrVar","v":"value"}," horas"],"many":["em ",{"t":"idOrVar","v":"value"}," horas"],"other":["em ",{"t":"idOrVar","v":"value"}," horas"]},"$x":[{"t":"idOrVar","v":"plural"},"value"]},{"$i":"days-until-long","$v":{"zero":"hoje","one":"amanhã","two":["em ",{"t":"idOrVar","v":"value"}," dias"],"few":["em ",{"t":"idOrVar","v":"value"}," dias"],"many":["em ",{"t":"idOrVar","v":"value"}," dias"],"other":["em ",{"t":"idOrVar","v":"value"}," dias"]},"$x":[{"t":"idOrVar","v":"plural"},"value"]},{"$i":"weeks-until-long","$v":{"zero":"esta semana","one":"semana que vem","two":["em ",{"t":"idOrVar","v":"value"}," semanas"],"few":["em ",{"t":"idOrVar","v":"value"}," semanas"],"many":["em ",{"t":"idOrVar","v":"value"}," semanas"],"other":["em ",{"t":"idOrVar","v":"value"}," semanas"]},"$x":[{"t":"idOrVar","v":"plural"},"value"]},{"$i":"months-until-long","$v":{"zero":"este mês","one":"mês que vem","two":["em ",{"t":"idOrVar","v":"value"}," meses"],"few":["em ",{"t":"idOrVar","v":"value"}," meses"],"many":["em ",{"t":"idOrVar","v":"value"}," meses"],"other":["em ",{"t":"idOrVar","v":"value"}," meses"]},"$x":[{"t":"idOrVar","v":"plural"},"value"]},{"$i":"years-until-long","$v":{"zero":"este ano","one":"ano que vem","two":["em ",{"t":"idOrVar","v":"value"}," anos"],"few":["em ",{"t":"idOrVar","v":"value"}," anos"],"many":["em ",{"t":"idOrVar","v":"value"}," anos"],"other":["em ",{"t":"idOrVar","v":"value"}," anos"]},"$x":[{"t":"idOrVar","v":"plural"},"value"]},{"$i":"minutes-ago-short","$v":{"zero":"há pouco","other":[{"t":"idOrVar","v":"value"},"min atrás"]},"$x":[{"t":"idOrVar","v":"plural"},"value"]},{"$i":"hours-ago-short","$v":{"zero":"há pouco","other":[{"t":"idOrVar","v":"value"},"h atrás"]},"$x":[{"t":"idOrVar","v":"plural"},"value"]},{"$i":"days-ago-short","$v":{"zero":"hoje","other":[{"t":"idOrVar","v":"value"},"d atrás"]},"$x":[{"t":"idOrVar","v":"plural"},"value"]},{"$i":"minutes-until-short","$v":{"zero":"agora","other":["em ",{"t":"idOrVar","v":"value"},"min"]},"$x":[{"t":"idOrVar","v":"plural"},"value"]},{"$i":"hours-until-short","$v":{"zero":"agora","other":["em ",{"t":"idOrVar","v":"value"},"h"]},"$x":[{"t":"idOrVar","v":"plural"},"value"]},{"$i":"days-until-short","$v":{"zero":"hoje","other":["em ",{"t":"idOrVar","v":"value"},"d"]},"$x":[{"t":"idOrVar","v":"plural"},"value"]},{"$i":"incorrectDate","$v":"(data incorreta)"},{"$i":"dateTimeFormat_%c","$v":"%A, %e de %B de %Y %H h %M min %S s"},{"$i":"dateTimeFormat_%x","$v":"%d/%m/%Y"},{"$i":"dateTimeFormat_%X","$v":"%H h %M min %S s"},{"$i":"shortTimeFormat","$v":"%H:%M"},{"$i":"shortTimeFormat12","$v":"%I:%M %p"},{"$i":"shortTimeFormat24","$v":"%H:%M"},{"$i":"shortDateTimeFormat","$v":"%x %H:%M"},{"$i":"weekStartsOnMonday","$v":"0"},{"$i":"firstDayOfTheWeek","$v":"0"},{"$i":"time_am","$v":"AM"},{"$i":"time_pm","$v":"PM"},{"$i":"title-app","$v":"Permissão do Aplicativo"},{"$i":"title-web","$v":"Permissão do Site"},{"$i":"title-cam","$v":"Selecionar Câmera"},{"$i":"perm-alarms","$v":"Agendar Alarmes"},{"$i":"perm-audio-capture","$v":"Microfone"},{"$i":"perm-audio-capture-appRequest","$v":["Você gostaria de compartilhar seu microfone com ",{"t":"idOrVar","v":"app"},"?"]},{"$i":"perm-audio-capture-webRequest","$v":["Você gostaria de compartilhar seu microfone com ",{"t":"idOrVar","v":"site"},"?"]},{"$i":"perm-audio-channel-content","$v":"Reproduzir Sons"},{"$i":"perm-audio-channel-notification","$v":"Reproduzir Sons de Notificações"},{"$i":"perm-audio-channel-ringer","$v":"Reproduzir Sons de Toque"},{"$i":"perm-background-sensors","$v":"Acessar Dados do Sensor"},{"$i":"perm-bluetooth","$v":"Bluetooth"},{"$i":"perm-browser","$v":"Inspecionar Páginas Web"},{"$i":"perm-camera","$v":"Câmeras"},{"$i":"perm-camera-selector-appRequest","$v":["Selecionar câmera para ",{"t":"idOrVar","v":"app"},"."]},{"$i":"perm-camera-selector-webRequest","$v":["Selecionar câmera para ",{"t":"idOrVar","v":"site"},"."]},{"$i":"perm-cellbroadcast","$v":"Transmissões de Celular"},{"$i":"perm-contacts","$v":"Contatos"},{"$i":"perm-contacts-appRequest","$v":[{"t":"idOrVar","v":"app"}," gostaria de acessar sua lista de contatos."]},{"$i":"perm-contacts-webRequest","$v":[{"t":"idOrVar","v":"site"}," gostaria de acessar sua lista de contatos."]},{"$i":"perm-desktop-notification","$v":"Notificações"},{"$i":"perm-desktop-notification-appRequest","$v":[{"t":"idOrVar","v":"app"}," gostaria de exibir notificações."]},{"$i":"perm-desktop-notification-webRequest","$v":[{"t":"idOrVar","v":"site"}," gostaria de exibir notificações."]},{"$i":"perm-device-storage-apps","$v":"Acessar Armazenamento de Aplicativos"},{"$i":"perm-device-storage-music","$v":"Acessar Armazenamento de Músicas"},{"$i":"perm-device-storage-music-appRequest","$v":[{"t":"idOrVar","v":"app"}," gostaria de acessar suas músicas."]},{"$i":"perm-device-storage-music-webRequest","$v":[{"t":"idOrVar","v":"site"}," gostaria de acessar suas músicas."]},{"$i":"perm-device-storage-pictures","$v":"Acessar Armazenamento de Imagens"},{"$i":"perm-device-storage-pictures-appRequest","$v":[{"t":"idOrVar","v":"app"}," gostaria de acessar suas imagens."]},{"$i":"perm-device-storage-pictures-webRequest","$v":[{"t":"idOrVar","v":"site"}," gostaria de acessar suas imagens."]},{"$i":"perm-device-storage-sdcard","$v":"Acessar cartão de memória"},{"$i":"perm-device-storage-sdcard-appRequest","$v":[{"t":"idOrVar","v":"app"}," gostaria de acessar seu cartão de memória."]},{"$i":"perm-device-storage-sdcard-webRequest","$v":[{"t":"idOrVar","v":"site"}," gostaria de acessar seu cartão de memória."]},{"$i":"perm-device-storage-videos","$v":"Acessar Armazenamento de Vídeos"},{"$i":"perm-device-storage-videos-appRequest","$v":[{"t":"idOrVar","v":"app"}," gostaria de acessar seus vídeos."]},{"$i":"perm-device-storage-videos-webRequest","$v":[{"t":"idOrVar","v":"site"}," gostaria de acessar seus vídeos."]},{"$i":"perm-embed-apps","$v":"Incorporar Aplicativos"},{"$i":"perm-fmradio","$v":"Rádio FM"},{"$i":"perm-fmradio-appRequest","$v":[{"t":"idOrVar","v":"app"}," gostaria de usar o rádio FM."]},{"$i":"perm-fmradio-webRequest","$v":[{"t":"idOrVar","v":"site"}," gostaria de usar o rádio FM."]},{"$i":"perm-geolocation","$v":"Geolocalização"},{"$i":"perm-geolocation-appRequest","$v":[{"t":"idOrVar","v":"app"}," gostaria de saber sua localização."]},{"$i":"perm-geolocation-more-info","$v":["O ",{"t":"idOrVar","v":"brandShortName"}," usa dados como GPS, Wi-Fi e redes móveis ao seu redor para ajudar a determinar sua localização aproximada. Os dados são enviados à Mozilla e outros provedores de serviços e serão usados para melhorar essas bases de dados de localização. Os dados podem ser armazenados no seu aparelho e a coleta de dados pode ocorrer até mesmo quando nenhum aplicativo estiver sendo executado."]},{"$i":"perm-geolocation-webRequest","$v":[{"t":"idOrVar","v":"site"}," gostaria de saber sua localização."]},{"$i":"perm-idle","$v":"Ver status de repouso"},{"$i":"perm-indexedDB-chrome-settings","$v":"IndexedDB Privilegiado"},{"$i":"perm-indexedDB-unlimited","$v":"Armazenamento ilimitado IndexedDB"},{"$i":"perm-input-manage","$v":"Gerenciar Teclados"},{"$i":"perm-input","$v":"Atuar como um Teclado"},{"$i":"perm-media-capture","$v":"Câmera e Microfone"},{"$i":"perm-media-capture-appRequest","$v":["Você gostaria de compartilhar sua câmera e seu microfone com ",{"t":"idOrVar","v":"app"},"?"]},{"$i":"perm-media-capture-webRequest","$v":["Você gostaria de compartilhar sua câmera e seu microfone com ",{"t":"idOrVar","v":"site"},"?"]},{"$i":"perm-mobileconnection","$v":"Conexão Móvel"},{"$i":"perm-mobileid","$v":"Identidade Móvel"},{"$i":"perm-network-events","$v":"Eventos na Rede"},{"$i":"perm-open-remote-window","$v":"Abrir um Aplicativo"},{"$i":"perm-permissions","$v":"Modificar Permissões de Aplicativo"},{"$i":"perm-power","$v":"Configurações de Energia"},{"$i":"perm-settings","$v":"Modificar Configurações"},{"$i":"perm-systemXHR","$v":"Requisições de Origens Cruzadas"},{"$i":"perm-telephony","$v":"Telefonia"},{"$i":"perm-video-capture","$v":"Câmera"},{"$i":"perm-video-capture-appRequest","$v":["Você gostaria de compartilhar sua câmera com ",{"t":"idOrVar","v":"app"},"?"]},{"$i":"perm-video-capture-webRequest","$v":["Você gostaria de compartilhar sua câmera com ",{"t":"idOrVar","v":"site"},"?"]},{"$i":"perm-voicemail","$v":"Controlar Correio de Voz"},{"$i":"perm-webapps-manage","$v":"Instalar Webapps"},{"$i":"perm-wifi-manage","$v":"Gerenciar Wi-Fi"},{"$i":"perm-attention","$v":"Abrir Popups"},{"$i":"perm-audio-channel-alarm","$v":"Reproduzir Sons de Alarme"},{"$i":"perm-audio-channel-normal","$v":"Reproduzir Sons"},{"$i":"perm-audio-channel-publicnotification","$v":"Reproduzir sons de notificações públicas"},{"$i":"perm-audio-channel-telephony","$v":"Reproduzir Sons de Telefonia"},{"$i":"perm-backgroundservice","$v":"Atuar como um serviço de plano de fundo"},{"$i":"perm-device-storage-crashes","$v":"Armazenamento de Dados de Erros"},{"$i":"perm-downloads","$v":"Acessar Downloads"},{"$i":"perm-embed-widgets","$v":"Incorporar Widgets"},{"$i":"perm-feature-detection","$v":"Detecção de Recursos"},{"$i":"perm-firefox-accounts","$v":"Contas Firefox"},{"$i":"perm-mobilenetwork","$v":"Redes Móveis"},{"$i":"perm-moz-attention","$v":"Abrir Popups"},{"$i":"perm-moz-audio-channel-ringer","$v":"Reproduzir Sons de Toque"},{"$i":"perm-moz-audio-channel-telephony","$v":"Reproduzir Sons de Telefonia"},{"$i":"perm-moz-firefox-accounts","$v":"Contas Firefox"},{"$i":"perm-networkstats-manage","$v":"Controlar Estatísticas de Uso"},{"$i":"perm-nfc","$v":"NFC"},{"$i":"perm-nfc-hci-events","$v":"Eventos NFC HCI"},{"$i":"perm-nfc-manager","$v":"Gerenciar NFC"},{"$i":"perm-phonenumberservice","$v":"Serviço de Número de Telefone"},{"$i":"perm-push","$v":"API Push"},{"$i":"perm-resourcestats-manage","$v":"Estatísticas de Recursos"},{"$i":"perm-sms","$v":"Enviar e Ler SMS"},{"$i":"perm-speaker-control","$v":"Controlar Volume"},{"$i":"perm-storage","$v":"Acessar Armazenamento"},{"$i":"perm-tcp-socket","$v":"TCP Sockets"},{"$i":"perm-test-permission","$v":"Permissão Teste"},{"$i":"perm-time","$v":"Ajustar Data e Hora"},{"$i":"perm-udp-socket","$v":"UDP Sockets"},{"$i":"perm-wappush","$v":"WAP Push"},{"$i":"tz-region","$v":"Região"},{"$i":"tz-city","$v":"Cidade"},{"$i":"tzRegion-Africa","$v":"África"},{"$i":"tzRegion-America","$v":"América"},{"$i":"tzRegion-Antarctica","$v":"Antártida"},{"$i":"tzRegion-Asia","$v":"Ásia"},{"$i":"tzRegion-Atlantic","$v":"Oceano Atlântico"},{"$i":"tzRegion-Australia","$v":"Austrália"},{"$i":"tzRegion-Europe","$v":"Europa"},{"$i":"tzRegion-Indian","$v":"Oceano Índico"},{"$i":"tzRegion-Pacific","$v":"Oceano Pacífico"},{"$i":"ringtone-none","$v":"Nenhum"},{"$i":"ringer_bubble","$v":"Bolha"},{"$i":"ringer_chimer","$v":"Chimer"},{"$i":"ringer_cunning","$v":"Cunning"},{"$i":"ringer_dulco","$v":"Dulco"},{"$i":"ringer_firefox2","$v":[{"t":"idOrVar","v":"ringtoneBrandName"}]},{"$i":"ringer_garden","$v":"Jardim"},{"$i":"ringer_marbled","$v":"Mármore"},{"$i":"ringer_opti","$v":"Opti"},{"$i":"ringer_pecko","$v":"Pica-Pau"},{"$i":"ringer_pingy","$v":"Pingy"},{"$i":"ringer_poppop","$v":"Pop Pop"},{"$i":"ringer_sata","$v":"Sata"},{"$i":"ringer_simple","$v":"Limpo"},{"$i":"ringer_standard1","$v":"Clássico"},{"$i":"ringer_standard2","$v":"Clássico Rápido"},{"$i":"ringer_stutter","$v":"Stutter"},{"$i":"ringer_symmetry","$v":"Simetria"},{"$i":"ringer_tailwind","$v":"Sussurro do Vento"},{"$i":"ringer_thoughtful","$v":"Pensativo"},{"$i":"ringer_wit","$v":"Sagáz"},{"$i":"ringer_zen","$v":"Zen"},{"$i":"notifier_bells","$v":"Sinos"},{"$i":"notifier_bloom","$v":"Bloom"},{"$i":"notifier_chime","$v":"Chime"},{"$i":"notifier_clicka","$v":"Clicka"},{"$i":"notifier_digi","$v":"Digi"},{"$i":"notifier_dropplet","$v":"Gota"},{"$i":"notifier_firefox2","$v":[{"t":"idOrVar","v":"ringtoneBrandName"}]},{"$i":"notifier_hello","$v":"Olá"},{"$i":"notifier_lowmarble","$v":"Mármore Baixo"},{"$i":"notifier_ping","$v":"Ping"},{"$i":"notifier_plickle","$v":"Plickle"},{"$i":"notifier_pocko","$v":"Pocko"},{"$i":"notifier_quado","$v":"Quado"},{"$i":"notifier_red","$v":"Vermelho"},{"$i":"notifier_sato","$v":"Sato"},{"$i":"notifier_swipo","$v":"Swipo"},{"$i":"notifier_trickleup","$v":"Trickle Up"},{"$i":"notifier_trink","$v":"Trink"},{"$i":"notifier_verse","$v":"Verse"},{"$i":"settings","$v":"Configurações"},{"$i":"advancedSettings","$v":"Configurações avançadas"},{"$i":"default","$v":"Padrão"},{"$i":"enabled","$v":"Ativado"},{"$i":"enable","$v":"Habilitar"},{"$i":"disabled","$v":"Desativado"},{"$i":"error","$v":"Erro"},{"$i":"ok","$v":"OK"},{"$i":"yes","$v":"Sim"},{"$i":"no","$v":"Não"},{"$i":"reset","$v":"Reiniciar"},{"$i":"cancel","$v":"Cancelar"},{"$i":"close","$v":"Fechar"},{"$i":"back","$v":"Voltar"},{"$i":"continue","$v":"Continuar"},{"$i":"skip","$v":"Pular"},{"$i":"pair","$v":"Parear"},{"$i":"add","$v":"Adicionar"},{"$i":"done","$v":"Concluído"},{"$i":"set","$v":"Configurar"},{"$i":"notNow","$v":"Agora não"},{"$i":"turnOn","$v":"Ativar"},{"$i":"selectASIMCard","$v":"Selecione um cartão SIM"},{"$i":"sim1","$v":"Cartão SIM 1"},{"$i":"sim2","$v":"Cartão SIM 2"},{"$i":"unavailable","$v":"Indisponível"},{"$i":"confirmation","$v":"Confirmação"},{"$i":"simSettingsWithIndex","$v":["Configurações SIM ",{"t":"idOrVar","v":"index"}]},{"$i":"networkAndConnectivity","$v":"Rede e Conectividade"},{"$i":"airplaneMode","$v":"Modo avião"},{"$i":"geolocation","$v":"Geolocalização"},{"$i":"wifi","$v":"Wi-Fi"},{"$i":"wifi-header","$v":[{"t":"idOrVar","v":"wifi"}]},{"$i":"wifi-disabled","$v":"Ative o Wi-Fi para ver as redes disponíveis."},{"$i":"availableNetworks","$v":"Redes disponíveis"},{"$i":"knownNetworks","$v":"Redes conhecidas"},{"$i":"hiddenNetworks","$v":"Redes ocultas"},{"$i":"scanning","$v":"Procurando…"},{"$i":"scanNetworks","$v":"Procurar novamente"},{"$i":"fullStatus-initializing","$v":"Iniciando…"},{"$i":"fullStatus-connecting","$v":["Conectando a ",{"t":"idOrVar","v":"ssid"},"…"]},{"$i":"fullStatus-associated","$v":"Obtendo endereço IP…"},{"$i":"fullStatus-connected","$v":["Conectado a ",{"t":"idOrVar","v":"ssid"}]},{"$i":"fullStatus-connectingfailed","$v":"A conexão falhou"},{"$i":"fullStatus-disconnected","$v":"Desconectado"},{"$i":"shortStatus-connecting","$v":"Conectando…"},{"$i":"shortStatus-associated","$v":"Obtendo endereço IP…"},{"$i":"shortStatus-connected","$v":"Conectado"},{"$i":"shortStatus-connectingfailed","$v":"A conexão falhou"},{"$i":"shortStatus-disconnected","$v":"Desconectado"},{"$i":"wifi-sleep","$v":"Wi-Fi Sleep"},{"$i":"wifi-sleep-description","$v":"Enable to automatically turn off Wi-Fi during sleep to save battery power.  "},{"$i":"manageNetworks","$v":"Gerenciar redes"},{"$i":"wifi-bad-credentials-title","$v":"Falha ao conectar-se ao Wi-FI"},{"$i":"wifi-bad-credentials-confirm","$v":["Não foi possível se conectar a ",{"t":"idOrVar","v":"ssid"},", a autenticação falhou devido a credenciais inválidas. Por favor, redigite a senha da rede."]},{"$i":"manageNetworks-header","$v":[{"t":"idOrVar","v":"manageNetworks"}]},{"$i":"manageCertificates","$v":"Gerenciar certificados"},{"$i":"manageCert","$v":"Gerenciar cert."},{"$i":"joinHiddenNetwork","$v":"Conectar-se a uma rede oculta"},{"$i":"securedBy","$v":["Protegida por ",{"t":"idOrVar","v":"capabilities"}]},{"$i":"security","$v":"Segurança"},{"$i":"securityNone","$v":"Nenhuma"},{"$i":"securityOpen","$v":"Aberta"},{"$i":"notInRange","$v":"Fora do intervalo"},{"$i":"ipAddress","$v":"Endereço IP"},{"$i":"linkSpeed","$v":"Velocidade do link"},{"$i":"linkSpeedMbs","$v":[{"t":"idOrVar","v":"linkSpeed"}," Mb/s"]},{"$i":"signalStrength","$v":"Sinal"},{"$i":"signalLevel0","$v":"Muito fraco"},{"$i":"signalLevel1","$v":"Fraco"},{"$i":"signalLevel2","$v":"Médio"},{"$i":"signalLevel3","$v":"Bom"},{"$i":"signalLevel4","$v":"Muito bom"},{"$i":"forget","$v":"Esquecer"},{"$i":"forgetNetwork-dialog","$v":"Esquecer esta rede?"},{"$i":"forgetNetwork-confirmation","$v":"Confirmação"},{"$i":"authentication","$v":"Autenticação"},{"$i":"authentication-header","$v":[{"t":"idOrVar","v":"authentication"}]},{"$i":"eap","$v":"Método EAP"},{"$i":"auth-phase2","$v":"Autenticação fase 2"},{"$i":"server-certificate","$v":"Certificado do servidor"},{"$i":"import-certificate-msg","$v":"Nota: Se você precisa importar novos certificados, vá para a seção \"Gerenciar certificados\"."},{"$i":"identity","$v":"Identificador"},{"$i":"password","$v":"Senha"},{"$i":"showPassword","$v":"Mostrar senha"},{"$i":"networkNotification","$v":"Notificação de rede"},{"$i":"networkNotification-expl","$v":"Receber notificação quando uma rede aberta estiver disponível"},{"$i":"macAddress","$v":"Endereço MAC"},{"$i":"deviceInfo_software","$v":[{"t":"idOrVar","v":"brandShortName"}," ",{"t":"idOrVar","v":"os"}]},{"$i":"macUnavailable","$v":"Indisponível"},{"$i":"noNetworksFound","$v":"Nenhuma rede foi encontrada"},{"$i":"noKnownNetworks","$v":"Nenhuma rede conhecida"},{"$i":"edit","$v":"Editar"},{"$i":"certificateList","$v":"Lista de certificados"},{"$i":"noCertificate","$v":"Nenhum certificado importado"},{"$i":"deleteCertificate","$v":"Apagar certificado"},{"$i":"importCertificate","$v":"Importar certificado"},{"$i":"selectCertificateFile","$v":"Selecione o certificado"},{"$i":"enterCertificateNickname","$v":"Digite o apelido do certificado"},{"$i":"nickname","$v":"Apelido"},{"$i":"enter-certificate-name-msg","$v":"Você pode alterar o apelido ou manter o atual."},{"$i":"certificate-deletion-failed","$v":"Não foi possível apagar o certificado"},{"$i":"certificate-deletion-failed-description","$v":"Isso pode ter sido causado por uma falha no armazenamento, por exemplo."},{"$i":"certificate-import-failed","$v":"Não foi possível importar o certificado"},{"$i":"certificate-import-failed-description","$v":"Isso pode ter sido causado por um certificado corrompido, por examplo."},{"$i":"wpsMessage","$v":"Conexão por WPS"},{"$i":"wpsMessage-header","$v":[{"t":"idOrVar","v":"wpsMessage"}]},{"$i":"fullStatus-wps-inprogress","$v":"Conexão WPS em progresso…"},{"$i":"fullStatus-wps-canceled","$v":"A conexão WPS foi cancelada."},{"$i":"fullStatus-wps-timedout","$v":"O tempo da conexão WPS expirou."},{"$i":"fullStatus-wps-failed-error","$v":["WPS falhou [",{"t":"idOrVar","v":"error"},"]"]},{"$i":"fullStatus-wps-overlapped","$v":"Outro ponto de acesso WPS foi encontrado."},{"$i":"wpsDescription2","$v":"Configuração Wi-Fi automática"},{"$i":"wpsMethodSelection","$v":"Selecione um método WPS:"},{"$i":"wpsPbcLabel","$v":"Botão"},{"$i":"wpsMyPinLabel","$v":"Meu PIN"},{"$i":"wpsApPinLabel","$v":"PIN do ponto de acesso"},{"$i":"wpsPinDescription","$v":"O PIN possui 4 ou 8 dígitos"},{"$i":"wpsPinInput","$v":["Digite ",{"t":"idOrVar","v":"pin"}," no outro dispositivo"]},{"$i":"wpsPinAps","$v":"Selecionar o dispositivo"},{"$i":"wpsAnyAp","$v":"Qualquer um"},{"$i":"wpsCancelMessage","$v":"Cancelar conexão WPS"},{"$i":"wpsCancelFailedMessageError","$v":["Falha ao cancelar WPS [",{"t":"idOrVar","v":"error"},"]"]},{"$i":"callSettings","$v":"Configurações de Chamada"},{"$i":"callSettings-header","$v":[{"t":"idOrVar","v":"callSettings"}]},{"$i":"callSettingsQuery","$v":"Requisitando informações da rede…"},{"$i":"callSettingsQueryError","$v":"Erro na requisição"},{"$i":"voiceMail","$v":"Mensagens de voz"},{"$i":"voiceMail-header","$v":[{"t":"idOrVar","v":"voiceMail"}]},{"$i":"voiceMail-number","$v":"Número da caixa de voz"},{"$i":"voiceMail-number-notSet","$v":"Indefinido"},{"$i":"voicePrivacyMode","$v":"Modo de privacidade de voz"},{"$i":"callWaiting","$v":"Chamada em espera"},{"$i":"confirmCallWaitingTitle","$v":"Não foi possível confirmar as preferências de chamada em espera"},{"$i":"confirmCallWaitingDesc","$v":"O aparelho está impossibilitado de se comunicar com a operadora. Tente configurar as preferências novamente."},{"$i":"callForwarding","$v":"Desvio de chamada"},{"$i":"callForwarding-header","$v":[{"t":"idOrVar","v":"callForwarding"}]},{"$i":"callForwardingForward","$v":"Desviar"},{"$i":"callForwardingUnconditional","$v":"Sempre desviar"},{"$i":"callForwardingUnconditionalShort","$v":"Sempre"},{"$i":"callForwardingMobileBusy","$v":"Quando estiver ocupado"},{"$i":"callForwardingMobileBusyShort","$v":"Quando ocupado"},{"$i":"callForwardingNoReply","$v":"Quando não atender"},{"$i":"callForwardingNoReplyShort","$v":"Quando não atender"},{"$i":"callForwardingNotReachable","$v":"Quando inalcançável"},{"$i":"callForwardingNotReachableShort","$v":"Quando inalcançável"},{"$i":"callForwardingForwardingVoiceToNumber","$v":["Chamadas de voz para ",{"t":"idOrVar","v":"number"}]},{"$i":"callForwardingNotForwarding","$v":"Desativado"},{"$i":"callForwardingConfirmTitle","$v":"Mensagem de confirmação do desvio de chamadas"},{"$i":"cf-alwaysUseThisNumber","$v":"Sempre usar este número"},{"$i":"cf-numberWhenUnreachable","$v":"Número quando inalcançável"},{"$i":"cf-numberWhenUnanswered","$v":"Número quando não atender"},{"$i":"cf-numberWhenBusy","$v":"Número quando ocupado"},{"$i":"callForwardingInvalidNumberError","$v":"Esse número é inválido."},{"$i":"callForwardingSetSuccess","$v":"Operação realizada com sucesso."},{"$i":"callForwardingSetForbidden","$v":"Sua operadora não suporta essa operação."},{"$i":"callForwardingSetError","$v":"Erro nas configurações de chamada."},{"$i":"callerId","$v":"Identificador de chamadas"},{"$i":"callBarring","$v":"Call Barring"},{"$i":"callBarring-header","$v":[{"t":"idOrVar","v":"callBarring"}]},{"$i":"callBarring-outgoing","$v":"Outgoing calls"},{"$i":"callBarring-baoc","$v":"All"},{"$i":"callBarring-boic","$v":"International"},{"$i":"callBarring-boicExhc","$v":"International except Home Country"},{"$i":"callBarring-incoming","$v":"Incoming calls"},{"$i":"callBarring-baic","$v":"All"},{"$i":"callBarring-baicR","$v":"All while roaming"},{"$i":"callBarring-passcode","$v":"Passcode"},{"$i":"callBarring-change-passcode","$v":"Change passcode"},{"$i":"callBarring-passcode-enter","$v":"Enter passcode"},{"$i":"callBarring-passcode-unknown","$v":"In case you don't know your passcode, please contact your carrier"},{"$i":"callBarring-current-passcode","$v":"Current passcode"},{"$i":"callBarring-new-passcode","$v":"New passcode"},{"$i":"callBarring-create-passcode","$v":"Create a Passcode"},{"$i":"callBarring-confirm-passcode","$v":"Confirm passcode"},{"$i":"callBarring-passcode-error-generic","$v":"Passcode error."},{"$i":"callBarring-passcode-error-incorrect","$v":"Passcode is incorrect."},{"$i":"callBarring-passcode-error-mismatch","$v":"Passcode doesn’t match."},{"$i":"callBarring-update-item-error","$v":["Error while updating the item: ",{"t":"idOrVar","v":"error"},"."]},{"$i":"callBarring-change-passcode-success","$v":"Passcode changed."},{"$i":"callerId-default","$v":"Predefinido pela rede"},{"$i":"callerId-hide","$v":"Esconder número"},{"$i":"callerId-show","$v":"Exibir número"},{"$i":"fdn","$v":"Números fixos de discagem"},{"$i":"fdnSettings","$v":"Números fixos de discagem"},{"$i":"fdnSettings-header","$v":[{"t":"idOrVar","v":"fdnSettings"}]},{"$i":"fdn-authorizedNumbers","$v":"Números autorizados"},{"$i":"fdn-authorizedNumbers-header","$v":[{"t":"idOrVar","v":"fdn-authorizedNumbers"}]},{"$i":"fdn-authorizedNumbers-desc","$v":"Lista de números que podem ser chamados"},{"$i":"fdn-explanation1","$v":"Restringir quais números podem ser discados por esse telefone."},{"$i":"fdn-explanation2","$v":"(Números de emergência sempre serão discáveis)"},{"$i":"fdnEnable","$v":"Ativar FDN"},{"$i":"fdnDisable","$v":"Desativar FDN"},{"$i":"fdnReset","$v":"Alterar PIN2"},{"$i":"fdnAttemptMsg3","$v":{"one":"Você tem uma tentativa restante para inserir o código correto até o cartão SIM ser bloqueado.","two":["Você tem ",{"t":"idOrVar","v":"n"}," tentativas restantes para inserir o código correto até o cartão SIM ser bloqueado."],"few":["Você tem ",{"t":"idOrVar","v":"n"}," tentativas restantes para inserir o código correto até o cartão SIM ser bloqueado."],"many":["Você tem ",{"t":"idOrVar","v":"n"}," tentativas restantes para inserir o código correto até o cartão SIM ser bloqueado."],"other":["Você tem ",{"t":"idOrVar","v":"n"}," tentativas restantes para inserir o código correto até o cartão SIM ser bloqueado."]},"$x":[{"t":"idOrVar","v":"plural"},"n"]},{"$i":"fdnLastChanceMsg","$v":"Essa é a última chance para inserir o PIN2 correto. Caso contrário, precisará inserir o PUK2 para usar esse cartão SIM."},{"$i":"fdnErrorMsg","$v":"PIN2 incorreto."},{"$i":"fdn-enabled-warning","$v":"Desvio de chamada está desativado pois FDN foi ativado."},{"$i":"fdnContact-name","$v":"nome"},{"$i":"fdnContact-number","$v":"número"},{"$i":"fdnContact-submit","$v":"enviar"},{"$i":"fdnAction-add","$v":"Adicionar contato"},{"$i":"fdnAction-call","$v":"Chamar"},{"$i":"fdnAction-edit","$v":"Editar contato"},{"$i":"fdnAction-edit-header","$v":"Editar contato"},{"$i":"fdnAction-delete","$v":"Apagar contato"},{"$i":"fdnNoFDNFreeRecord","$v":"NFD máximo atingido. Você não pode adicionar mais números."},{"$i":"messagingSettings","$v":"Configurações de Mensagens"},{"$i":"messagingSettings-header","$v":[{"t":"idOrVar","v":"messagingSettings"}]},{"$i":"message-confirmation","$v":"Confirmação de mensagem"},{"$i":"message-delivery-reports","$v":"Relatório de entrega"},{"$i":"message-delivery-reports-details","$v":"Notificar o recebimento de cada mensagem enviada"},{"$i":"message-read-reports","$v":["Chamadas de voz para ",{"t":"idOrVar","v":"number"}]},{"$i":"message-read-reports-details","$v":"Solicitar confirmação para cada mensagem enviada"},{"$i":"mmsTitle","$v":"Mensagens multimídia (MMS)"},{"$i":"auto-retrieve","$v":"Download automático"},{"$i":"auto-retrieve-details","$v":"Fazer o download das mensagens automaticamente"},{"$i":"manual-retrieve","$v":"Desativado"},{"$i":"auto-roaming-retrieve","$v":"Ativar durante roaming"},{"$i":"auto-no-roaming-retrieve","$v":"Ativar, mas não durante roaming"},{"$i":"autoConfigure","$v":"Auto-configurar"},{"$i":"wapPushMessages","$v":"Mensagens WAP Push"},{"$i":"wapPush","$v":"WAP Push"},{"$i":"cellBroadcastMessages","$v":"Mensagens do sistema de difusão celular"},{"$i":"cellBroadcast","$v":"Difusão celular"},{"$i":"emergencyAlert","$v":"Alerta de Emergência"},{"$i":"messagingInformation","$v":"Informação"},{"$i":"messaging-SMSC","$v":"Centro de Serviços"},{"$i":"messaging-sim-settings","$v":["Configurações SIM ",{"t":"idOrVar","v":"index"}]},{"$i":"unknown-SMSC","$v":"Informação indisponível"},{"$i":"cellularAndData","$v":"Rede e Dados"},{"$i":"cellularAndData-header","$v":[{"t":"idOrVar","v":"cellularAndData"}]},{"$i":"dataNetwork","$v":"Operadora"},{"$i":"dataConnectivity","$v":"Dados"},{"$i":"dataConnection","$v":"Conexão de dados"},{"$i":"dataRoaming","$v":"Roaming de dados"},{"$i":"networkOperator","$v":"Operadora de rede"},{"$i":"networkOperator-header","$v":[{"t":"idOrVar","v":"networkOperator"}]},{"$i":"availableOperators","$v":"Operadoras disponíveis"},{"$i":"preferredNetworkTypeAlertTitle","$v":"Tipo de rede preferido"},{"$i":"preferredNetworkTypeAlertErrorMessage","$v":"Não foi possível alterar o tipo de rede"},{"$i":"operator-networkType","$v":"Tipo de rede"},{"$i":"operator-networkType-auto","$v":"Automática"},{"$i":"operator-networkType-prefer3G","$v":"Preferir 3G"},{"$i":"operator-networkType-2G","$v":"Somente 2G"},{"$i":"operator-networkType-3G","$v":"Somente 3G"},{"$i":"operator-networkType-GSM","$v":"GSM"},{"$i":"operator-networkType-WCDMA","$v":"WCDMA"},{"$i":"operator-networkType-CDMA","$v":"CDMA"},{"$i":"operator-networkType-EVDO","$v":"EVDO"},{"$i":"operator-networkType-LTE","$v":"LTE"},{"$i":"operator-networkType-preferWCDMA","$v":"Preferir WCDMA"},{"$i":"operator-networkType-auto-2G-3G","$v":"(2G/3G) Automático"},{"$i":"operator-networkType-auto-CDMA-EVDO","$v":"(CDMA/EVDO) Automático"},{"$i":"operator-networkType-auto-WCDMA-GSM","$v":"(WCDMA/GSM) Automático"},{"$i":"operator-networkType-auto-LTE-WCDMA-GSM","$v":"(LTE/WCDMA/GSM) Automático"},{"$i":"operator-networkType-auto-LTE-CDMA-EVDO","$v":"(LTE/CDMA/EVDO) Automático"},{"$i":"operator-networkType-auto-WCDMA-GSM-CDMA-EVDO","$v":"(WCDMA/GSM/CDMA/EVDO) Automático"},{"$i":"operator-autoSelect","$v":"Seleção automática"},{"$i":"operator-networkSelect-auto","$v":"Automática"},{"$i":"operator-networkSelect-manual","$v":"Manual"},{"$i":"operator-turnAutoSelectOff","$v":"Desative a seleção automática para ver as operadoras de rede disponíveis."},{"$i":"operator-status-connecting","$v":"Conectando…"},{"$i":"operator-status-connectingfailed","$v":"A conexão falhou"},{"$i":"operator-status-connected","$v":"Conectado"},{"$i":"operator-roamingPreference","$v":"Preferência de roaming"},{"$i":"operator-roamingPreference-home","$v":"Nacional"},{"$i":"operator-roamingPreference-any","$v":"Todos"},{"$i":"operator-roamingPreference-affiliated","$v":"Redes afiliadas"},{"$i":"apn","$v":"APN"},{"$i":"apnSettings","$v":"Configurações APN"},{"$i":"apnSettings-header","$v":[{"t":"idOrVar","v":"apnSettings"}]},{"$i":"dataSettings","$v":"Configuração de Dados"},{"$i":"dataSettings-header","$v":[{"t":"idOrVar","v":"dataSettings"}]},{"$i":"suplSettings","$v":"Configurações A-GPS"},{"$i":"suplSettings-header","$v":[{"t":"idOrVar","v":"suplSettings"}]},{"$i":"messageSettings","$v":"Configurações de Mensagens"},{"$i":"messageSettings-header","$v":[{"t":"idOrVar","v":"messageSettings"}]},{"$i":"dunSettings","$v":"Configurações de Tethering"},{"$i":"dunSettings-header","$v":[{"t":"idOrVar","v":"dunSettings"}]},{"$i":"imsSettings","$v":"Configurações IMS"},{"$i":"imsSettings-header2","$v":[{"t":"idOrVar","v":"imsSettings"}]},{"$i":"apn-editor-header","$v":"Editor de APN"},{"$i":"mmsport","$v":"Porta MMS"},{"$i":"mmsproxy","$v":"Proxy MMS"},{"$i":"mmsc","$v":"MMSC"},{"$i":"httpProxyHost","$v":"Endereço do Proxy HTTP"},{"$i":"httpProxyPort","$v":"Porta do Proxy HTTP"},{"$i":"custom","$v":"(personalizada)"},{"$i":"apn-authType","$v":"Autenticação"},{"$i":"apn-authType-notDefined","$v":"Indefinida"},{"$i":"apn-authType-none","$v":"Nenhuma"},{"$i":"apn-authType-pap","$v":"PAP"},{"$i":"apn-authType-chap","$v":"CHAP"},{"$i":"apn-authType-papOrChap","$v":"PAP ou CHAP"},{"$i":"apn-protocol","$v":"Protocolo"},{"$i":"apn-roaming-protocol","$v":"Protocolo de roaming"},{"$i":"apn-protocol-notDefined","$v":"Indefinido"},{"$i":"apn-protocol-ip","$v":"IPv4"},{"$i":"apn-protocol-ipv6","$v":"IPv6"},{"$i":"apn-protocol-ipv4v6","$v":"IPv4/IPv6"},{"$i":"apn-type","$v":"Tipo de APN"},{"$i":"dataConnection-warning-head","$v":"Ativar conexão de dados?"},{"$i":"dataConnection-warning-message","$v":"Os aplicativos buscarão dados automaticamente usando sua conexão de dados quando necessário. Taxas adicionais podem ser cobradas."},{"$i":"dataRoaming-warning-head","$v":"Ativar roaming de dados?"},{"$i":"dataRoaming-warning-message","$v":"Dependendo do seu contrato, taxas adicionais podem ser cobradas quando você estiver em uma área de roaming."},{"$i":"change-apn-warning-message1","$v":"Depending on your service agreement, changing your APN setting may result in extra charges when roaming. Do you want to proceed?"},{"$i":"reset-apn-warning-title","$v":"Restaurar para o padrão"},{"$i":"reset-apn-warning-message","$v":"Isso restaurará as configurações originais. Não será possível desfazer."},{"$i":"state-unknown","$v":"Estado desconhecido"},{"$i":"state-available","$v":"Disponível"},{"$i":"state-connected","$v":"Conectado"},{"$i":"state-current","$v":"Conectado"},{"$i":"state-forbidden","$v":"Proibido"},{"$i":"delete-apn-confirm","$v":"Apagar essa APN?"},{"$i":"delete-apn","$v":"Apagar"},{"$i":"add-apn","$v":"Adicionar nova APN"},{"$i":"reset-apn","$v":"Restaurar Padrão"},{"$i":"apnSettings-reset","$v":"Restaurar configurações de APN"},{"$i":"bluetooth","$v":"Bluetooth"},{"$i":"bluetooth-header","$v":[{"t":"idOrVar","v":"bluetooth"}]},{"$i":"bluetooth-enable-msg","$v":"Ative o Bluetooth para ver os dispositivos ao seu redor."},{"$i":"bluetooth-paired-devices","$v":"Dispositivos pareados"},{"$i":"bluetooth-devices-in-area","$v":"Dispositivos ao seu redor"},{"$i":"bluetooth-visible-to-all","$v":"Visível para todos"},{"$i":"bluetooth-name-maxlength-alert","$v":["O nome do seu dispositivo excede ",{"t":"idOrVar","v":"length"}," caracteres. Tente novamente."]},{"$i":"bluetooth-address","$v":"Endereço Bluetooth"},{"$i":"bluetooth-address-unavailable","$v":"Indisponível"},{"$i":"bt-status-nopaired","$v":"Nenhum dispositivo pareado"},{"$i":"bt-status-turnoff","$v":"Desativado"},{"$i":"bt-status-paired","$v":{"zero":[{"t":"idOrVar","v":"name"}],"one":[{"t":"idOrVar","v":"name"},", +",{"t":"idOrVar","v":"n"}],"two":[{"t":"idOrVar","v":"name"},", +",{"t":"idOrVar","v":"n"}],"few":[{"t":"idOrVar","v":"name"},", +",{"t":"idOrVar","v":"n"}],"many":[{"t":"idOrVar","v":"name"},", +",{"t":"idOrVar","v":"n"}],"other":[{"t":"idOrVar","v":"name"},", +",{"t":"idOrVar","v":"n"}]},"$x":[{"t":"idOrVar","v":"plural"},"n"]},{"$i":"device-status-tap-connect","$v":"Toque para conectar"},{"$i":"device-status-pairing","$v":"Pareando dispositivo…"},{"$i":"device-status-waiting","$v":"Aguardando o outro dispositivo…"},{"$i":"device-status-paired","$v":"Pareado"},{"$i":"device-status-connecting","$v":"Conectando…"},{"$i":"device-status-connected","$v":"Conectado"},{"$i":"device-status-connected-media","$v":"Conectado ao áudio de mídia"},{"$i":"device-option-unpair","$v":"Desparear"},{"$i":"device-option-confirm","$v":"Confirmar"},{"$i":"device-option-unpair-confirmation","$v":"Confirmação"},{"$i":"device-option-unpair-device","$v":"Desparear dispositivo?"},{"$i":"device-option-connect","$v":"Conectar"},{"$i":"device-option-disconnect","$v":"Desconectar"},{"$i":"search-for-device","$v":"Procurando dispositivos…"},{"$i":"search-device","$v":"Procurar dispositivos"},{"$i":"rename-device","$v":"Renomear meu dispositivo"},{"$i":"unnamed-device","$v":"Dispositivo desconhecido"},{"$i":"change-phone-name-desc","$v":"Altere o nome do dispositivo que aparece em seu computador"},{"$i":"bluetooth-new-name","$v":"Novo nome"},{"$i":"error-pair-title","$v":"Incapaz de parear dispositivos"},{"$i":"error-pair-pincode","$v":"Incapaz de parear com o dispositivo. Verifique se o PIN está correto."},{"$i":"error-pair-toofast","$v":"Não foi possível parear com o dispositivo. Muitas requisições."},{"$i":"error-connect-title","$v":"Incapaz de conectar dispositivos"},{"$i":"error-connect-msg","$v":"Verifique se o dispositivo ao qual você está tentando se conectar ainda está ao seu alcance e está com o Blutooth ativado."},{"$i":"unpair-title","$v":"Desparear um dispositivo conectado?"},{"$i":"unpair-msg","$v":"Você está conectado atualmente a esse dispositivo. Despareá-lo também desfará sua conexão."},{"$i":"nfc","$v":"NFC"},{"$i":"SSIDCannotBeEmpty","$v":"Digite o nome da rede (SSID)"},{"$i":"internetSharing","$v":"Compartilhar Internet"},{"$i":"internetSharing-header","$v":[{"t":"idOrVar","v":"internetSharing"}]},{"$i":"internetSharing-usb","$v":"USB"},{"$i":"internetSharing-wifi","$v":"Wi-Fi"},{"$i":"wifi-hotspot","$v":"Ponto de acesso Wi-Fi"},{"$i":"wifi-name","$v":"Nome"},{"$i":"wifi-password","$v":"Senha"},{"$i":"wifi-security","$v":"Segurança"},{"$i":"usb-tethering","$v":"Compartilhar via USB"},{"$i":"hotspotSettings","$v":"Config. do ponto de acesso"},{"$i":"wifi-auth-username","$v":"Nome do usuário"},{"$i":"wifi-auth-password","$v":"Senha"},{"$i":"wifi-join-username","$v":"Nome de usuário"},{"$i":"wifi-join-password","$v":"Senha"},{"$i":"hotspotSettings-header","$v":[{"t":"idOrVar","v":"hotspotSettings"}]},{"$i":"ssid-name","$v":"Nome da rede SSID"},{"$i":"hotspot-open","$v":"aberto"},{"$i":"hotspot-wpa-psk","innerHTML":"WPA (TKIP)"},{"$i":"hotspot-wpa2-psk","innerHTML":"WPA2 (AES)"},{"$i":"hotspot-password-desc","$v":"A senha deve ter no mínimo 8 caracteres."},{"$i":"personalization","$v":"Personalização"},{"$i":"sound","$v":"Som"},{"$i":"sound-header","$v":[{"t":"idOrVar","v":"sound"}]},{"$i":"volume","$v":"Volume"},{"$i":"tones","$v":"Toques"},{"$i":"touch-tones","$v":"Sons de clique disponíveis"},{"$i":"touch-tone-short","$v":"Curto"},{"$i":"touch-tone-long","$v":"Longo"},{"$i":"select-tone","$v":"Toques"},{"$i":"ringtones","$v":"Toques"},{"$i":"alerts","$v":"Alertas"},{"$i":"manage-tones","$v":"Gerenciar Toques"},{"$i":"other-sounds","$v":"Outros sons"},{"$i":"unlock-screen","$v":"Desbloquear tela"},{"$i":"camera","$v":"Câmera"},{"$i":"sent-message","$v":"Mensagem enviada"},{"$i":"alarm-sound","$v":"Alarme"},{"$i":"ringtone-and-notification-sound","$v":"Toques & Notificações"},{"$i":"media-sound","$v":"Mídia"},{"$i":"saving-tone","$v":"Salvando..."},{"$i":"no-ringtone-app","$v":"Não foi possível encontrar um aplicativo de toques para gerenciar os toques!"},{"$i":"display","$v":"Tela"},{"$i":"display-header","$v":[{"t":"idOrVar","v":"display"}]},{"$i":"brightness","$v":"Brilho"},{"$i":"brightness-autoAdjust","$v":"Ajuste automático"},{"$i":"lockScreen","$v":"Tela de bloqueio"},{"$i":"wallpaper","$v":"Papel de parede"},{"$i":"screen-timeout","$v":"Tempo de espera da tela"},{"$i":"one-minute","$v":"1 minuto"},{"$i":"two-minutes","$v":"2 minutos"},{"$i":"five-minutes","$v":"5 minutos"},{"$i":"ten-minutes","$v":"10 minutos"},{"$i":"never","$v":"nunca"},{"$i":"lock-orientation","$v":"Travar orientação"},{"$i":"navigation","$v":"Navegação"},{"$i":"navigation-header","$v":[{"t":"idOrVar","v":"navigation"}]},{"$i":"edge-swipe-navigation","$v":"Deslizar para navegar"},{"$i":"edge-swipe-navigation-enable-msg","$v":"Arraste a partir da borda esquerda ou direita para alternar entre aplicativos"},{"$i":"notifications","$v":"Notificações"},{"$i":"notifications-header","$v":[{"t":"idOrVar","v":"notifications"}]},{"$i":"lockscreen-notifications","$v":"Exibir c/ tela bloqueada"},{"$i":"notifications-resend","$v":"Mostrar após reiniciar"},{"$i":"dateAndTime","$v":"Data e Hora"},{"$i":"dateAndTime-header","$v":[{"t":"idOrVar","v":"dateAndTime"}]},{"$i":"setTimeAutomatically","$v":"Configurar automaticamente"},{"$i":"setTimeManually","$v":"Configurar manualmente"},{"$i":"timezoneMessage","$v":"Fuso horário"},{"$i":"dateMessage","$v":"Data"},{"$i":"timeMessage","$v":"Hora"},{"$i":"selectTimezoneContinent","$v":"Selecione seu continente"},{"$i":"selectTimezone","$v":"Selecione seu fuso horário"},{"$i":"time-format","$v":"Formato"},{"$i":"time-format-time","$v":"Formato de Hora"},{"$i":"hour-12","$v":"12-horas"},{"$i":"hour-24","$v":"24 horas"},{"$i":"languageAndRegion","$v":"Idioma e Região"},{"$i":"language","$v":"Idioma"},{"$i":"language-header","$v":[{"t":"idOrVar","v":"language"}]},{"$i":"region","$v":"Região"},{"$i":"more-languages","$v":"Get More Languages"},{"$i":"sample-format","$v":"Formato de Exemplo"},{"$i":"longDateFormat","$v":"%A, %e de %B de %Y"},{"$i":"simManager","$v":"Gerenciar SIM"},{"$i":"simManager-header","$v":[{"t":"idOrVar","v":"simManager"}]},{"$i":"simSettings","$v":"Configurações Cãrtao SIM"},{"$i":"sim-manager-outgoing-calls","$v":"Chamadas Realizadas"},{"$i":"sim-manager-outgoing-call-desc","$v":"Chamadas serão feitas de"},{"$i":"sim-manager-outgoing-messages","$v":"Mensagens"},{"$i":"sim-manager-outgoing-messages-desc","$v":"Mensagens serão enviadas de"},{"$i":"sim-manager-outgoing-data","$v":"Dados"},{"$i":"sim-manager-outgoing-data-description","$v":"Rede de serviços de dados e pagamentos no Marketplace"},{"$i":"sim-manager-always-ask","$v":"Sempre perguntar"},{"$i":"sim-pin-locked","$v":"O PIN do cartão SIM está travado"},{"$i":"no-operator","$v":"Nenhuma operadora"},{"$i":"cant-disable-simcard-alert","$v":"Pelo menos um cartão SIM deve estar ativado"},{"$i":"disable-simcard-confirm","$v":["Cartão SIM ",{"t":"idOrVar","v":"disableCardIndex"}," não pode receber chamadas e mensagens. Chamadas e mensagens do cartão SIM ",{"t":"idOrVar","v":"disableCardIndex"}," serão desativadas."]},{"$i":"change-outgoing-data-confirm","$v":"A transferência atual será suspendida. Deseja continuar?"},{"$i":"homescreen","$v":"Tela inicial"},{"$i":"vertical-homescreen-header","$v":"Tela inicial"},{"$i":"vertical-homescreen-layout","$v":"Layout"},{"$i":"vertical-homescreen-icon-layout","$v":"Ícone de Layout"},{"$i":"vertical-homescreen-three-columns","$v":"Três Colunas"},{"$i":"vertical-homescreen-four-columns","$v":"Quatro Colunas"},{"$i":"notice","$v":"Notificações"},{"$i":"search","$v":"Procurar"},{"$i":"search-header","$v":"Procurar"},{"$i":"search-engine","$v":"Mecanismo de Busca"},{"$i":"search-suggestions","$v":"Buscar Sugestões"},{"$i":"search-suggestions-description","$v":"Os caracteres digitados em uma buscar serão enviados para múltiplos mecanismos de busca e serão utilizados para buscar sugestões de busca. Cobranças adicionas de dados poderão se aplicar ao utilizar este recurso."},{"$i":"homescreens","$v":"Telas iniciais"},{"$i":"homescreens-header","$v":[{"t":"idOrVar","v":"homescreens"}]},{"$i":"changeHomescreen","$v":"Alterar a tela inicial"},{"$i":"changeHomescreenButton","$v":"Alterar"},{"$i":"description","$v":"Descrição"},{"$i":"keyboardSettings","$v":"Configurações do teclado"},{"$i":"selectedKeyboards","$v":"Teclados selecionados"},{"$i":"keyboards","$v":"Teclados"},{"$i":"keyboards-header","$v":[{"t":"idOrVar","v":"keyboards"}]},{"$i":"numberKeyboardLayouts","$v":"Layouts numéricos"},{"$i":"optionKeyboardLayouts","$v":"Layouts alternativos"},{"$i":"keypad","$v":"Teclado numérico"},{"$i":"dialpad","$v":"Teclado de Discagem"},{"$i":"selectKeyboards","$v":"Selecionar Teclados"},{"$i":"selectKeyboards-header","$v":[{"t":"idOrVar","v":"selectKeyboards"}]},{"$i":"mustHaveOneKeyboard","$v":["Pelo menos um teclado para ",{"t":"idOrVar","v":"type"}," deve ser selecionado"]},{"$i":"keyboardType-text","$v":"texto"},{"$i":"keyboardType-url","$v":"endereços da Web"},{"$i":"keyboardType-number","$v":"números"},{"$i":"defaultKeyboardEnabled","$v":[{"t":"idOrVar","v":"appName"}," ",{"t":"idOrVar","v":"layoutName"}," é o método de entrada padrão."]},{"$i":"themes","$v":"Temas"},{"$i":"themes-header","$v":[{"t":"idOrVar","v":"themes"}]},{"$i":"fxa","$v":"Contas Firefox"},{"$i":"accounts","$v":"Contas"},{"$i":"fxa-accounts","$v":"Contas Firefox"},{"$i":"fxa-accounts-header","$v":[{"t":"idOrVar","v":"fxa-accounts"}]},{"$i":"fxa-overview","$v":"Sua Conta Firefox permite que você utilize recursos como Encontre Meu Aparelho e aplicativos como o Firefox Marketplace."},{"$i":"fxa-invitation","$v":"Criar conta ou entrar"},{"$i":"fxa-confirm-account","$v":"Confirmar Conta"},{"$i":"fxa-verification-email-sent-msg","$v":["Nós enviaremos um email para: ",{"t":"idOrVar","v":"email"}]},{"$i":"fxa-please-verify","$v":"Clique no link de verificação enviado no email para confirmar sua conta."},{"$i":"fxa-cancel-confirmation","$v":"Confirmação de Cancelamento"},{"$i":"fxa-resend-alert","$v":["Um link de verificação foi enviado para ",{"t":"idOrVar","v":"email"},"."]},{"$i":"fxa-dont-see-email","$v":["Não encontrou o email? ",{"t":"idOrVar","v":"resend"},"."]},{"$i":"fxa-resend","$v":"Reenviar"},{"$i":"fxa-about","$v":"Sobre"},{"$i":"fxa-logged-in-text","$v":["Entrou como ",{"t":"idOrVar","v":"email"}]},{"$i":"fxa-signed-in-header","$v":"Entrou"},{"$i":"fxa-marketplace-app","$v":"Marketplace"},{"$i":"fxa-find-my-device-app","$v":"Encontre Meu Aparelho"},{"$i":"fxa-options","$v":"Opções"},{"$i":"fxa-sign-out","$v":"Sair"},{"$i":"fxa-confirm-email","$v":["Por favor, confirme seu ",{"t":"idOrVar","v":"email"}]},{"$i":"findmydevice","$v":"Encontrar Aparelho"},{"$i":"findmydevice-create-account","$v":"Criar conta ou entrar"},{"$i":"findmydevice-enable","$v":"Encontre Meu Aparelho"},{"$i":"findmydevice-about","$v":"Sobre o Encontre Meu Aparelho"},{"$i":"findmydevice-enable-geolocation-prompt","$v":"Habilitar Geolocalização?"},{"$i":"findmydevice-enable-geolocation-description","$v":"Para visualizar a localização do seu dispositivo, você deve habilitar o rastreamento por geolocalização."},{"$i":"findmydevice-geolocation-enabled","$v":"Geolocalização Habilitada."},{"$i":"findmydevice-enable-network","$v":"Este dispositivo está offline. Conecte-se a uma rede e tente novamente."},{"$i":"findmydevice-error","$v":"Um erro aconteceu no Encontre Meu Aparelho."},{"$i":"findmydevice-please-try","$v":"Por favor, tente novamente."},{"$i":"findmydevice-please-tap","$v":"Por favor, toque para tentar novamente."},{"$i":"privacyAndSecurity","$v":"Segurança e Privacidade"},{"$i":"passcode-lock","$v":"Bloqueio por código"},{"$i":"passcode-lock-desc","$v":["Código: ",{"t":"idOrVar","v":"code"}]},{"$i":"screenLock","$v":"Tela de bloqueio"},{"$i":"screenLock-header","$v":[{"t":"idOrVar","v":"screenLock"}]},{"$i":"simSecurity","$v":"Segurança do cartão SIM"},{"$i":"simSecurity-header","$v":[{"t":"idOrVar","v":"simSecurity"}]},{"$i":"appPermissions","$v":"Permissões de Aplicativos"},{"$i":"appPermissions-header","$v":[{"t":"idOrVar","v":"appPermissions"}]},{"$i":"author","$v":"Autor"},{"$i":"permissions","$v":"Permissões"},{"$i":"revoke","$v":"Revogar"},{"$i":"ask","$v":"Perguntar"},{"$i":"deny","$v":"Recusar"},{"$i":"allow","$v":"Permitir"},{"$i":"uninstallApp","$v":"Desinstalar aplicativo"},{"$i":"phone","$v":"Aparelho"},{"$i":"messages","$v":"Mensagens"},{"$i":"vibrate","$v":"Vibração"},{"$i":"ring","$v":"Toque"},{"$i":"change","$v":"Alterar"},{"$i":"create","$v":"Criar"},{"$i":"create-a-passcode","$v":"Criar um código"},{"$i":"passcode","$v":"Código"},{"$i":"passcode-heading","$v":"Código"},{"$i":"enter-passcode","$v":"Insira o código"},{"$i":"new-passcode","$v":"Novo código"},{"$i":"current-passcode","$v":"Código atual"},{"$i":"incorrect-passcode","$v":"O código está incorreto."},{"$i":"passcode-doesnt-match","$v":"O código não está correto. Tente novamente."},{"$i":"confirm-passcode","$v":"Confirmar senha"},{"$i":"immediately","$v":"Imediatamente"},{"$i":"after-one-minute","$v":"Após 1 minuto"},{"$i":"after-five-minutes","$v":"Após 5 minutos"},{"$i":"after-fifteen-minutes","$v":"Após 15 minutos"},{"$i":"after-thirty-minutes","$v":"Após 30 minutos"},{"$i":"after-one-hour","$v":"Após 1 hora"},{"$i":"require-passcode","$v":"Exigir código"},{"$i":"change-passcode","$v":"Alterar código"},{"$i":"noSimCard","$v":"Nenhum cartão SIM inserido"},{"$i":"simPin","$v":"PIN do cartão SIM"},{"$i":"simPin2","$v":"PIN2 do cartão SIM"},{"$i":"simPinWithIndex","$v":["SIM do cartão SIM ",{"t":"idOrVar","v":"index"}]},{"$i":"pukCode","$v":"PUK"},{"$i":"puk2Code","$v":"PUK2"},{"$i":"whatIsSimPin","$v":"O que é o PIN do cartão SIM?"},{"$i":"simPinIntro1","$v":"Um código PIN impede o acesso às redes de dados do seu cartão SIM. Quando ativado, qualquer aparelho com um cartão SIM solicitará o código PIN ao ser ligado."},{"$i":"simPinIntro2","$v":"O código PIN do cartão SIM não é o mesmo que o código usado para desbloquear seu aparelho."},{"$i":"changeSimPin","$v":"Alterar PIN"},{"$i":"simPinChangedSuccessfully","$v":"PIN alterado com sucesso"},{"$i":"simPinChangedSuccessfullyWithIndex","$v":["PIN do cartão SIM ",{"t":"idOrVar","v":"index"}," alterado com successo"]},{"$i":"pinTitle","$v":"Inserir PIN"},{"$i":"pin2Title","$v":"Inserir PIN2"},{"$i":"pukTitle","$v":"Inserir PUK"},{"$i":"puk2Title","$v":"Inserir PUK2"},{"$i":"newpinTitle","$v":"Novo PIN"},{"$i":"inputCodeRetriesLeft","$v":{"one":"última tentativa.","two":["restam ",{"t":"idOrVar","v":"n"}," tentativas."],"few":["restam ",{"t":"idOrVar","v":"n"}," tentativas."],"many":["restam ",{"t":"idOrVar","v":"n"}," tentativas."],"other":["restam ",{"t":"idOrVar","v":"n"}," tentativas."]},"$x":[{"t":"idOrVar","v":"plural"},"n"]},{"$i":"pinAttemptMsg3","$v":{"one":"Você tem mais uma tentativa para inserir o código correto antes de bloquear o cartão SIM.","two":["Você tem ",{"t":"idOrVar","v":"n"}," tentativas para inserir o código correto antes de bloquear o cartão SIM."],"few":["Você tem ",{"t":"idOrVar","v":"n"}," tentativas para inserir o código correto antes de bloquear o cartão SIM."],"many":["Você tem ",{"t":"idOrVar","v":"n"}," tentativas para inserir o código correto antes de bloquear o cartão SIM."],"other":["Você tem ",{"t":"idOrVar","v":"n"}," tentativas para inserir o código correto antes de bloquear o cartão SIM."]},"$x":[{"t":"idOrVar","v":"plural"},"n"]},{"$i":"pinLastChanceMsg","$v":"Esta é a sua última chance de inserir o PIN correto. Caso contrário, você deverá inserir o PUK para usar esse cartão SIM."},{"$i":"simCardLockedMsg","$v":"O cartão SIM está bloqueado."},{"$i":"simCardBlockedMsg","$v":"O cartão SIM está bloqueado."},{"$i":"enterPukMsg","$v":"Você deve inserir o PUK do cartão SIM. Consulte a documentação do cartão SIM ou entre em contato com sua operadora para mais informações."},{"$i":"enterPuk2Msg","$v":"Você deve inserir o Código Pessoal de Desbloqueio (PUK2) do cartão SIM. Confira o manual do seu cartão SIM ou entre em contato com sua operadora para mais informações."},{"$i":"pukErrorMsg","$v":"O PUK está incorreto."},{"$i":"pukAttemptMsg3","$v":{"one":"Você tem mais uma tentativa para inserir o código correto antes de tornar este cartão SIM permanentemente inutilizável. Consulte a documentação do cartão SIM ou entre em contato com sua operadora para mais informações.","two":["Você tem ",{"t":"idOrVar","v":"n"}," tentativas para inserir o código correto antes de tornar este cartão SIM permanentemente inutilizável. Consulte a documentação do cartão SIM ou entre em contato com sua operadora para mais informações."],"few":["Você tem ",{"t":"idOrVar","v":"n"}," tentativas para inserir o código correto antes de tornar este cartão SIM permanentemente inutilizável. Consulte a documentação do cartão SIM ou entre em contato com sua operadora para mais informações."],"many":["Você tem ",{"t":"idOrVar","v":"n"}," tentativas para inserir o código correto antes de tornar este cartão SIM permanentemente inutilizável. Consulte a documentação do cartão SIM ou entre em contato com sua operadora para mais informações."],"other":["Você tem ",{"t":"idOrVar","v":"n"}," tentativas para inserir o código correto antes de tornar este cartão SIM permanentemente inutilizável. Consulte a documentação do cartão SIM ou entre em contato com sua operadora para mais informações."]},"$x":[{"t":"idOrVar","v":"plural"},"n"]},{"$i":"pukLastChanceMsg","$v":"Esta é a sua última chance de inserir o PUK correto. Seu cartão SIM se tornará permanentemte inutilizável se você inserir o PUK errado."},{"$i":"newSimPinMsg","$v":"Criar PIN (deve conter entre 4 e 8 dígitos)"},{"$i":"newSimPin2Msg","$v":"Criar PIN2 (deve conter entre 4 e 8 dígitos)"},{"$i":"confirmNewSimPinMsg","$v":"Confirmar novo PIN"},{"$i":"confirmNewSimPin2Msg","$v":"Confirmar novo PIN2"},{"$i":"newPinErrorMsg","$v":"Os PINs não correspondem"},{"$i":"simLockedPhone","$v":"Cartão SIM não aceito"},{"$i":"unknownSimCardState","$v":"Estado do cartão SIM desconhecido"},{"$i":"simCardNotReady","$v":"O cartão SIM não está pronto"},{"$i":"simCardIllegal","$v":"Cartão SIM não autorizado"},{"$i":"doNotTrack","$v":"Não Me Rastreie"},{"$i":"doNotTrack-header","$v":[{"t":"idOrVar","v":"doNotTrack"}]},{"$i":"doNotTrackActions","$v":"Informar os sites e aplicativos que eu não quero ser rasterado"},{"$i":"allowTracking","$v":"Informar os sites e aplicativos que eu quero ser rastreado"},{"$i":"doNotHavePrefOnTracking","$v":"Não informar nada os sites e aplicativos sobre minhas preferências de rastreamento"},{"$i":"doNotTrack-dt","$v":"Como o Não Me Rastreie funciona?"},{"$i":"doNotTrack-dd1","$v":"Quando você ativa o recurso Não Me Rastreie, o aparelho informa a cada site e aplicativo (além de anunciantes e outros provedores de conteúdo) que você não quer que seu comportamento ao navegar seja analisado."},{"$i":"doNotTrack-dd2","$v":"Ativar o recurso Não Me Rastreie não afetará sua capacidade de se identificar em sites nem fará com que o aparelho esqueça seus dados particulares, como o conteúdo do carrinho de compras e informações de identificação ou localização."},{"$i":"browsingPrivacy","$v":"Dados de Navegação"},{"$i":"browsingPrivacy-header","$v":[{"t":"idOrVar","v":"browsingPrivacy"}]},{"$i":"confirm-clear-title","$v":"Confirmação"},{"$i":"clear-browsing-history","$v":"Limpar o histórico de navegação"},{"$i":"confirm-clear-browsing-history","$v":"Limpar o histórico de navegação?"},{"$i":"clear-cookies-and-stored-data","$v":"Limpar cookies e dados armazenados"},{"$i":"confirm-clear-cookies-and-stored-data","$v":"Limpar cookies e dados armazenados por sites nesse dispositivo?"},{"$i":"clear","$v":"Limpar"},{"$i":"privacy-controls","$v":"Privacy Controls"},{"$i":"no-privacy-panel","$v":"No privacy panel app found"},{"$i":"storage","$v":"Armazenamento"},{"$i":"enableUSBStorage1","$v":"Armazenamento USB"},{"$i":"umsUnplugToDisable","$v":"Desplugue o cabo USB"},{"$i":"appStorage","$v":"Memória de aplicativos"},{"$i":"appStorage-header","$v":[{"t":"idOrVar","v":"appStorage"}]},{"$i":"storageSize","$v":[{"t":"idOrVar","v":"size"}," ",{"t":"idOrVar","v":"unit"}]},{"$i":"availableSize","$v":{"zero":[{"t":"idOrVar","v":"size"}," ",{"t":"idOrVar","v":"unit"}," disponível"],"one":[{"t":"idOrVar","v":"size"}," ",{"t":"idOrVar","v":"unit"}," disponível"],"two":[{"t":"idOrVar","v":"size"}," ",{"t":"idOrVar","v":"unit"}," disponíveis"],"few":[{"t":"idOrVar","v":"size"}," ",{"t":"idOrVar","v":"unit"}," disponíveis"],"many":[{"t":"idOrVar","v":"size"}," ",{"t":"idOrVar","v":"unit"}," disponíveis"],"other":[{"t":"idOrVar","v":"size"}," ",{"t":"idOrVar","v":"unit"}," disponíveis"]},"$x":[{"t":"idOrVar","v":"plural"},"size"]},{"$i":"apps-total-space","$v":"Espaço total"},{"$i":"apps-used-space","$v":"Usado"},{"$i":"apps-free-space","$v":"Livre"},{"$i":"storage-details","$v":"Photos, videos and music are stored separately from apps. See media storage for details."},{"$i":"ums-shared-volumes","$v":[{"t":"idOrVar","v":"list"}," compartilhado(s)"]},{"$i":"transferProtocol-header","$v":"Modo de Transferência"},{"$i":"protocol-mtp","$v":"Modo de transferência de mídia (MTP)"},{"$i":"protocol-ums","$v":"Armazenamento em Massa USB (UMS)"},{"$i":"mediaStorage","$v":"Armazenamento de mídia"},{"$i":"mediaStorage-header","$v":[{"t":"idOrVar","v":"mediaStorage"}]},{"$i":"storage-name-internal","$v":"Armazenamento interno"},{"$i":"storage-name-external-0","$v":"Cartão de memória"},{"$i":"storage-name-external-1","$v":"Cartão de memória 2"},{"$i":"short-storage-name-internal","$v":"Interno"},{"$i":"short-storage-name-external-0","$v":"Cartão"},{"$i":"short-storage-name-external-1","$v":"Cartão 2"},{"$i":"music-space","$v":"Músicas"},{"$i":"pictures-space","$v":"Fotos"},{"$i":"videos-space","$v":"Vídeos"},{"$i":"left-space","$v":"Espaço livre"},{"$i":"free-space","$v":"Espaço livre"},{"$i":"total-space","$v":"Espaço total"},{"$i":"size-not-available","$v":"Indisponível"},{"$i":"no-storage","$v":"Nenhum armazenamento encontrado"},{"$i":"advanced","$v":"Avançado"},{"$i":"ums-warning-title","$v":"Habilitar armazenamento USB?"},{"$i":"default-media-location","$v":"Local de mídia padrão"},{"$i":"default-media-location-msg","$v":"Escolha onde fotos, vídeos, músicas e downloads serão armazenados por padrão."},{"$i":"change-default-media-location-confirmation","$v":"Alterar o local padrão de armazenamento mudará onde todas as mídias serão salvas por padrão. Dados existentes continuarão em sua localização atual. Deseja prosseguir?"},{"$i":"eject-sdcard-external-0","$v":"Ejetar cartão SD"},{"$i":"eject-sdcard-external-1","$v":"Ejetar cartão SD 2"},{"$i":"format-sdcard-internal","$v":"Formatar armazenamento interno"},{"$i":"format-sdcard-external-0","$v":"Formatar cartão SD"},{"$i":"format-sdcard-external-1","$v":"Formatar cartão SD 2"},{"$i":"formatting","$v":"Formatando..."},{"$i":"unmount-sdcard-confirmation","$v":"Você não será capaz de acessar conteúdo do cartão SD após desmontá-lo. Deseja prosseguir?"},{"$i":"format-sdcard-title","$v":"Formatar cartão SD"},{"$i":"format-sdcard-message","$v":"Isso fará com que todos dados armazenados no cartão SD sejam apagados, como músicas e fotos."},{"$i":"format-sdcard-internal-title","$v":"Formatar armazenamento interno"},{"$i":"format-sdcard-internal-message","$v":"Isso fará com que todos dados armazenados no cartão SD sejam apagados, como músicas e fotos."},{"$i":"format-sdcard-btnformat","$v":"Formatar"},{"$i":"sdcardUnmounted","$v":"Cartão SD desmontado"},{"$i":"device","$v":"Aparelho"},{"$i":"help","$v":"Ajuda"},{"$i":"deviceInfo","$v":"Informações do dispositivo"},{"$i":"deviceInfo-header","$v":[{"t":"idOrVar","v":"deviceInfo"}]},{"$i":"deviceInfo-IMEI","$v":"IMEI"},{"$i":"deviceInfo-ICCID","$v":"ICCID"},{"$i":"deviceInfo-MSISDN","$v":"Número do telefone"},{"$i":"deviceInfo-ICCID-unavailable-sim","$v":["SIM ",{"t":"idOrVar","v":"index"},": Não disponível"]},{"$i":"downloads","$v":"Transferências"},{"$i":"downloads-header","$v":[{"t":"idOrVar","v":"downloads"}]},{"$i":"unknown-phoneNumber","$v":"Desconhecido"},{"$i":"unknown-phoneNumber-sim","$v":["SIM ",{"t":"idOrVar","v":"index"},": Desconhecido"]},{"$i":"gitInfo","$v":"Informações do Git"},{"$i":"developer","$v":"Desenvolvedor"},{"$i":"developer-header","$v":[{"t":"idOrVar","v":"developer"}]},{"$i":"hud-settings-button","$v":"Desenvolvedor"},{"$i":"hud-settings-header","$v":[{"t":"idOrVar","v":"hud-settings-button"}]},{"$i":"hud-devtools","$v":"Ferramentas do Desenvolvedor"},{"$i":"hud-devtools-header","$v":[{"t":"idOrVar","v":"hud-devtools"}]},{"$i":"hud-logging","$v":"Registrar mudanças no ADB"},{"$i":"hud-system","$v":"Exibir HUD do sistema"},{"$i":"hud-problems","$v":"Problemas"},{"$i":"hud-warnings","$v":"Avisos"},{"$i":"hud-errors","$v":"Erros"},{"$i":"hud-security","$v":"Questões de segurança"},{"$i":"hud-performance","$v":"Desempenho"},{"$i":"hud-reflows","$v":"Reflows"},{"$i":"hud-jank","$v":"Jank"},{"$i":"jank-threshold","$v":"Limiar de Jank"},{"$i":"hud-fps","$v":"Quadros por Segundo"},{"$i":"hud-ttl","$v":"Tempo para carregar"},{"$i":"hud-memory","$v":"Memória"},{"$i":"hud-uss","$v":"Unique Set Size"},{"$i":"hud-appmemory","$v":"Memória do Aplicativo"},{"$i":"hud-jsobjects","$v":"Objetos JS"},{"$i":"hud-jsstrings","$v":"Strings JS"},{"$i":"hud-jsother","$v":"Outros JS"},{"$i":"hud-dom","$v":"DOM"},{"$i":"hud-style","$v":"Estilo"},{"$i":"hud-other","$v":"Outro"},{"$i":"software","$v":"Software"},{"$i":"devSettings","$v":"Config. do desenvolvedor"},{"$i":"debug","$v":"Depuração"},{"$i":"developer-menu","$v":"Menu de desenvolvimento"},{"$i":"developer-tools","$v":"Ferramentas do Desenvolvedor"},{"$i":"graphics","$v":"Gráficos"},{"$i":"hardware-composer","$v":"Compositor de Hardware"},{"$i":"paint-flashing","$v":"Piscar área redesenhada"},{"$i":"dumps-layers","$v":"Despejar árvore de camadas"},{"$i":"dumps-layerscope","$v":"Despejar árvore de camadas"},{"$i":"apz-overscroll","$v":"Ovescrolling"},{"$i":"tiling","$v":"Tiling"},{"$i":"low-precision","$v":"Painting de baixa precisão"},{"$i":"low-opacity","$v":"Transparência de baixa precisão"},{"$i":"draw-tile-borders","$v":"Desenhar bordas dos Tiles"},{"$i":"draw-layer-borders","$v":"Desenhar bordas das camadas"},{"$i":"log-animations","$v":"Reg. animações lentas"},{"$i":"remote-debugging-usb","$v":"Depuração via USB"},{"$i":"dev-tools-wifi","$v":"DevTools via Wi-Fi"},{"$i":"dev-tools-qps","$v":"Pseudo-localização"},{"$i":"debugger-disabled","$v":"Desativado"},{"$i":"debugger-adb-only","$v":"Apenas ADB"},{"$i":"debugger-adb-and-devtools","$v":"ADB e DevTools"},{"$i":"wifi-debugging","$v":"Saída Wi-Fi para ADB"},{"$i":"bluetooth-debugging","$v":"Bluetooth output in adb"},{"$i":"bluetooth-snoop-debugging","$v":"Bluetooth HCI sniffing logs to sdcard"},{"$i":"nfc-debugging","$v":"Output NFC no ADB"},{"$i":"ril-debugging","$v":"RIL output in ADB"},{"$i":"console-enabled","$v":"Console ativado"},{"$i":"cards-view-screenshots","$v":"Cards View: Screenshots"},{"$i":"geolocation-debugging-enabled","$v":"Output da Geolocalização no ADB"},{"$i":"geolocation-debugging-gps-locations-ignored","$v":"Ignorar localizações de GPS"},{"$i":"use-reviewer-certs","$v":"Usar certificados de revisor do Marketplace"},{"$i":"shake-to-log","$v":"Agite para salvar logs do sistema"},{"$i":"model-name","$v":"Modelo"},{"$i":"os-version","$v":"Versão do sistema"},{"$i":"firmware_revision","$v":"Revisão do firmware"},{"$i":"hardware_revision","$v":"Revisão do hardware"},{"$i":"platform_version","$v":"Versão da plataforma"},{"$i":"build-id","$v":"ID da compilação"},{"$i":"update-channel","$v":"Canal de atualização"},{"$i":"build_number","$v":"Número da compilação"},{"$i":"update-url","$v":"URL de Atualização"},{"$i":"last-updated","$v":"Última atualização"},{"$i":"more-info","$v":"Mais informações"},{"$i":"more-info-header","$v":[{"t":"idOrVar","v":"more-info"}]},{"$i":"softwareUpdates","$v":"Atualizações de software"},{"$i":"check-update-daily","$v":"Diariamente"},{"$i":"check-update-weekly","$v":"Semanalmente"},{"$i":"check-update-monthly","$v":"Mensalmente"},{"$i":"check-for-updates","$v":"Verificar atualizações"},{"$i":"check-update-now","$v":"Verificar agora"},{"$i":"update-status","$v":"Atualizar status"},{"$i":"no-network-when-update","$v":"Conecte-se à internet para prosseguir com a atualização."},{"$i":"checking-for-update","$v":"Verificando atualizações…"},{"$i":"no-updates","$v":"Nenhuma atualização foi encontrada"},{"$i":"retry-when-online","$v":"Nenhuma rede foi encontrada, a verficiação ocorrerá quando uma rede estiver conectada"},{"$i":"already-latest-version","$v":["Esta já é a versão mais recente do ",{"t":"idOrVar","v":"brandShortName"}]},{"$i":"check-error","$v":"Ocorreu um erro ao verificar atualizações."},{"$i":"aboutBrowserOS","$v":["Sobre o ",{"t":"idOrVar","v":"brandShortName"}]},{"$i":"browser-os-desc","$v":["O ",{"t":"idOrVar","v":"brandShortName"}," é o sistema operacional livre, gratuito e de código aberto da Mozilla. Nossa missão é promover a abertura, inovação e oportunidades ao manter o poder da Web em suas mãos."]},{"$i":"learn-more","$v":"Saiba mais"},{"$i":"reset-head","$v":"Reiniciar"},{"$i":"reset-warning-title","$v":"CUIDADO"},{"$i":"unlock-privileges","$v":"Unlock Privileges"},{"$i":"reset-devtools","$v":"Reset and enable full DevTools"},{"$i":"reset-devtools-warning-title","$v":"CAUTION"},{"$i":"your-rights","$v":"Seus direitos"},{"$i":"your-rights-header","$v":[{"t":"idOrVar","v":"your-rights"}]},{"$i":"about-your-rights-0","$v":["O ",{"t":"idOrVar","v":"brandShortName"}," é um software livre e de código aberto, criado por uma comunidade de milhares de pessoas ao redor do mundo. Há algumas coisas que você deve saber:"]},{"$i":"about-your-rights-1","$v":["O ",{"t":"idOrVar","v":"brandShortName"}," está disponível para você de acordo com os termos da Licença Pública Mozilla. Um dispositivo executando o ",{"t":"idOrVar","v":"brandShortName"}," também pode conter software proprietário de terceiros. Qualquer código fornecido sob licenças abertas dão a você o direito de modificar o código-fonte e distribuir sua versão modificada, desde que você concorde com seus termos."]},{"$i":"about-your-rights-2","$v":["Não são concedidos a você quaisquer direitos sobre marcas comerciais ou licenças sobre as marcas comerciais da Mozilla Foundation ou de terceiros, incluindo, entre outros, o nome ou logotipo do ",{"t":"idOrVar","v":"brandShortName"},"."]},{"$i":"about-your-rights-3","$v":["Alguns dos recursos do ",{"t":"idOrVar","v":"brandShortName"},", como o Crash Reporter, lhe dão a opção de fornecer informações à Mozilla. Ao efetuar o envio destas informações, você dá à Mozilla a permissão de usá-las para aperfeiçoar seus produtos, para publicá-las em seus sites e para distribuí-las."]},{"$i":"about-legal-info","$v":"Informações legais"},{"$i":"about-credit-info","$v":"Créditos"},{"$i":"about-legal-info-header","$v":[{"t":"idOrVar","v":"about-legal-info"}]},{"$i":"open-source-notices","$v":"Sobre código aberto"},{"$i":"open-source-notices-header","$v":[{"t":"idOrVar","v":"open-source-notices"}]},{"$i":"obtaining-source-code","$v":"Obtendo o código-fonte"},{"$i":"obtaining-source-code-header","$v":[{"t":"idOrVar","v":"obtaining-source-code"}]},{"$i":"about-mozilla","$v":"Mozilla"},{"$i":"about-other","$v":"Outro"},{"$i":"your-privacy","$v":"Sua privacidade"},{"$i":"your-privacy-header","$v":[{"t":"idOrVar","v":"your-privacy"}]},{"$i":"licensing-1","$v":"Os arquivos binários deste produto foram disponibilizados para você pelo projeto Mozilla sob a Licença Pública Mozilla 2.0 (MPL). Conheça seus direitos."},{"$i":"licensing-2","$v":"Todo o código-fonte deste produto está disponível sob licenças livres e de código aberto. A maioria está disponível sob a Licença Pública Mozilla 2.0 (MPL)."},{"$i":"licensing-3","$v":"O restante do software que não está disponível sob a Licença Pública Mozilla 2.0 (MPL) está disponível sob uma variedade de outras licenças. Aquelas que requerem a reprodução do texto da licença na distribuição estão abaixo. (Observação: sua cópia deste produto pode não conter código coberto por uma ou mais licenças listadas aqui, dependendo do produto e versão exatos que você escolher)"},{"$i":"licensing-MPL","$v":"Licença Pública Mozilla 2.0"},{"$i":"licensing-Apache","$v":"Licença Apache 2.0"},{"$i":"launch-ftu","$v":"Abrir primeira utilização"},{"$i":"no-ftu","$v":"Aplicativo de primeira utilização não encontrado"},{"$i":"software-home-button","$v":"Botão início virtual"},{"$i":"home-gesture","$v":"Gesto de Início"},{"$i":"continuous-transition","$v":"Transição Contínua"},{"$i":"debug-gaia-enabled","$v":"Gaia debug traces"},{"$i":"showScreenReaderSettings","$v":"Exibir configurações de leitor de tela"},{"$i":"app-transition","$v":"Transição de aplicativos"},{"$i":"app-suspending","$v":"Suspendendo Aplicativo"},{"$i":"copypaste","$v":"Copy/paste"},{"$i":"verbose-app-permissions","$v":"Permissões explícitas do aplicativo"},{"$i":"window-management","$v":"Gerenciamento de janela"},{"$i":"downloads-edit","$v":"Editar downloads"},{"$i":"downloads-select-all","$v":"Selecionar todos"},{"$i":"downloads-deselect-all","$v":"Desfazer seleção"},{"$i":"downloads-delete","$v":"Apagar"},{"$i":"battery","$v":"Bateria"},{"$i":"battery-header","$v":[{"t":"idOrVar","v":"battery"}]},{"$i":"batteryLevel","$v":"Nível atual"},{"$i":"batteryLevel-percent-unplugged","$v":[{"t":"idOrVar","v":"level"},"%"]},{"$i":"batteryLevel-percent-charging","$v":[{"t":"idOrVar","v":"level"},"% (carregando)"]},{"$i":"batteryLevel-percent-charged","$v":[{"t":"idOrVar","v":"level"},"% (carregada)"]},{"$i":"powerSaveModeTitle","$v":"Modo de economia de energia"},{"$i":"powerSaveMode","$v":"Modo de economia de energia"},{"$i":"powerSave-threshold","$v":["Restando ",{"t":"idOrVar","v":"level"},"%"]},{"$i":"turnOnAuto","$v":"Ativar automaticamente"},{"$i":"accessibility","$v":"Acessibilidade"},{"$i":"accessibility-header","$v":[{"t":"idOrVar","v":"accessibility"}]},{"$i":"screenReader","$v":"Leitor de tela"},{"$i":"screenReader-header","$v":[{"t":"idOrVar","v":"screenReader"}]},{"$i":"screenReader-toggle","$v":[{"t":"idOrVar","v":"screenReader"}]},{"$i":"colorFilter","$v":"Filtro de cores"},{"$i":"colorFilter-header","$v":[{"t":"idOrVar","v":"colorFilter"}]},{"$i":"colorFilter-toggle","$v":[{"t":"idOrVar","v":"colorFilter"}]},{"$i":"screenReader-captions","$v":"Mostrar voz"},{"$i":"screenReader-enable-msg","$v":"Quando o leitor de tela está habilitado, seu dispositivo fornecerá feedback sonoro para ajudar usuários cegos ou com pouca visão."},{"$i":"screen-reader-speech-volume","$v":"Volume de Fala"},{"$i":"screen-reader-speech-rate","$v":"Taxa de Fala"},{"$i":"screenReader-confirm-title-start","$v":"Iniciar Leitor de Tela?"},{"$i":"screenReader-confirm-description-start","$v":"Ativar o leitor de tela mudará o comportamento da sua tela. Toque uma vez em qualquer lugar para escutar sobre o item sob o seu dedo, e duas vezes para ativá-lo."},{"$i":"screenReader-confirm-button-start","$v":"Iniciar"},{"$i":"screenReader-confirm-title-stop","$v":"Parar Leitor de Tela"},{"$i":"screenReader-confirm-description-stop","$v":"Parar o leitor de tela terminará todo feedback verbal."},{"$i":"screenReader-confirm-button-stop","$v":"Parar"},{"$i":"colorFilter-invert","$v":"Inverter"},{"$i":"colorFilter-grayscale","$v":"Escala de cinza"},{"$i":"colorFilter-contrast","$v":"Contraste"},{"$i":"improveBrowserOS","$v":["Melhorar o ",{"t":"idOrVar","v":"brandShortName"}]},{"$i":"improveBrowserOSTitle","$v":["Melhorar o ",{"t":"idOrVar","v":"brandShortName"}]},{"$i":"sendMozillaFeedback","$v":"Enviar minha opinião"},{"$i":"performanceAndUsageData","$v":"Performance e uso de dados"},{"$i":"sharePerformanceAndUsageData","$v":"Enviar dados"},{"$i":"appUsageByRegion","$v":"App usage by region"},{"$i":"crashReports","$v":"Relatórios de travamentos"},{"$i":"crashReports-header","$v":[{"t":"idOrVar","v":"crashReports"}]},{"$i":"crashReportInfo","$v":"Enviar um relatório à Mozilla quando um travamento ocorre nos ajuda a corrigir o problema para todos. Relatórios são enviados somente via Wi-Fi."},{"$i":"alwaysSendReport","$v":"Sempre enviar relatório"},{"$i":"neverSendReport","$v":"Nunca enviar relatório"},{"$i":"askToSendReport2","$v":"Perguntar"},{"$i":"crash-reports-description-1","$v":"Um relatório de travamento contém alguns detalhes do travamento e do seu aparelho, além de uma cópia do estado do seu aparelho quando ele travou."},{"$i":"crash-reports-description-2","$v":"Isso pode incluir coisas como páginas e aplicativos abertos, texto digitado em formulários e o conteúdo de mensagens abertas, histórico de navegação ou geolocalização usada por algum aplicativo aberto."},{"$i":"crash-reports-description-3-start","$v":"Nós usamos os relatórios de travamentos para tentar corrigir problemas e melhorar nossos produtos. Nós lidamos com suas informações conforme detalhado em nossa"},{"$i":"crash-reports-description-3-privacy","$v":"política de privacidade"},{"$i":"crash-reports-description-3-end","$v":"."},{"$i":"sendFeedbackTitle","$v":"Enviar minha opinião"},{"$i":"feedback-description","$v":"Sua opinião nos ajuda a melhorar o Firefox OS."},{"$i":"feedback-happy","$v":"Feliz"},{"$i":"feedback-sad","$v":"Triste"},{"$i":"feedback-mood-description","$v":"Como você se sente?"},{"$i":"feedback_whyfeel_happy","$v":"Por que está feliz?"},{"$i":"feedback_whyfeel_sad","$v":"Por que está triste?"},{"$i":"feedback-mood-explain","$v":"Por favor, nos dê mais detalhes."},{"$i":"feedback-public-description","$v":"Sua opinião será pública; por favor, não inclua nenhuma informação pessoal."},{"$i":"feedback-contactyou","$v":"Marque aqui para permitir que nós entremos em contato com você via e-mail"},{"$i":"email-address1","$v":"Endereço de e-mail:"},{"$i":"email-keepprivate","$v":"Não se preocupe. Seu e-mail será protegido."},{"$i":"feedback-sendbtn","$v":"Enviar opinião"},{"$i":"feedback-errormessage-connect-error","$v":"Infelizmente não foi possível enviar sua sugestão devido a um erro na conexão de dados. Por favor, tente novamente quando o problema for resolvido."},{"$i":"feedback-errormessage-server-off","$v":"Infelizmente não foi possível enviar sua sugestão porque o servidor está desligado. Por favor, espere um pouco e tente novamente."},{"$i":"feedback-errormessage-timeout","$v":"Infelizmente não foi possível enviar sua sugestão porque a requisição expirou. Por favor, reinicie o sistema e tente novamente."},{"$i":"feedback-errormessage-wrong-email","$v":"Infelizmente não foi possível enviar sua sugestão porque o endereço de e-mail não está presente ou tem um erro de formatação. Por favor, entre um endereço de e-mail válido e tente novamente."},{"$i":"feedback-errormessage-empty-comment","$v":"Infelizmente não foi possível enviar sua sugestão porque o campo para comentário está vazio. Por favor, digite seu comentário e tente novamente."},{"$i":"feedback-errormessage-just-sent","$v":"Infelizmente não foi possível enviar sua sugestão porque você já nos enviou uma opinião sobre essa versão. Por favor, tente novamente quando houver atualizado para uma nova versão."},{"$i":"feedback-complete-msg","$v":"Obrigado pelo seu comentário! Nós vamos utilizá-lo para ajudar a criar melhores experiências em futuras versões do Firefox OS."},{"$i":"online-support","$v":"Suporte on-line:"},{"$i":"call-support","$v":"Suporte por voz:"},{"$i":"user-guide","$v":"Guia do Usuário"},{"$i":"default-support","$v":"Por favor, entre em contato com seu provedor local para suporte."},{"$i":"operatorServices","$v":"Serviços da operadora"},{"$i":"operatorServices-help","$v":"Ajuda"},{"$i":"operatorServices-helpmenu","$v":"Menu de Ajuda"},{"$i":"stkAppsNotAvailable","$v":"Aplicativos da operadora indisponíveis"},{"$i":"simToolkit","$v":"Aplicativos da operadora"},{"$i":"stkItemsNaiSetUpCall","$v":"Configurar chamada"},{"$i":"stkItemsNaiSendSs","$v":"Enviar SS"},{"$i":"stkItemsNaiSendUssd","$v":"Enviar USSD"},{"$i":"stkItemsNaiSendSms","$v":"Enviar SMS"},{"$i":"stkItemsNaiSendDtmf","$v":"Enviar DTMF"},{"$i":"stkItemsNaiLaunchBrowser","$v":"Abrir navegador"},{"$i":"stkItemsNaiPlayTone","$v":"Reproduzir toque"},{"$i":"stkItemsNaiDisplayText","$v":"Exibir texto"},{"$i":"stkItemsNaiGetInkey","$v":"Obter tecla"},{"$i":"stkItemsNaiGetInput","$v":"Obter entrada"},{"$i":"stkItemsNaiSelectItem","$v":"Selecionar item"},{"$i":"stkItemsNaiSetUpMenu","$v":"Configurar menu"},{"$i":"stkItemsNaiProvideLocalInfo","$v":"Fornecer informações locais"},{"$i":"stkItemsNaiSetIdleModeText","$v":"Definir texto do modo ocioso"},{"$i":"stkItemsNaiPerformCardApdu","$v":"Perform Card APDU"},{"$i":"stkItemsNaiPowerOnCard","$v":"Power On Card"},{"$i":"stkItemsNaiPowerOffCard","$v":"Power Off Card"},{"$i":"stkItemsNaiGetReaderStatus","$v":"Get Reader Status"},{"$i":"stkItemsNaiOpenChannel","$v":"Abrir canal"},{"$i":"stkItemsNaiCloseChannel","$v":"Fechar canal"},{"$i":"stkItemsNaiReceiveData","$v":"Receber dados"},{"$i":"stkItemsNaiSendData","$v":"Enviar dados"},{"$i":"stkItemsNaiGetChannelStatus","$v":"Obter status do canal"},{"$i":"stkItemsNaiEndOfTheProactiveSession","$v":"End of the proactive session"},{"$i":"is-warning-storage-header","$v":"Armazenamento USB"},{"$i":"is-warning-tethering-header","$v":"Compartilhamento via USB"},{"$i":"is-warning-wifi-header","$v":"Ponto de acesso Wi-Fi"},{"$i":"is-warning-storage-tethering-message","$v":"Habilitar o armazenamento USB irá desativar o compartilhamento USB. Você deseja habilitar o armazenamento USB?"},{"$i":"is-warning-tethering-storage-message","$v":"Habilitar o compartilhamento USB irá desativar o armazenamento USB. Você deseja habilitar o compartilhamento USB?"},{"$i":"is-warning-tethering-wifi-message","$v":"Habilitar o compartilhamento USB irá desativar os pontos de acesso Wi-Fi. Você deseja habilitar o compartilhamento USB?"},{"$i":"is-warning-wifi-tethering-message","$v":"Habilitar o ponto de acesso Wi-Fi irá desativar o compartilhamento USB. Você deseja habilitar o ponto de acesso Wi-Fi? "},{"$i":"settings-dialog-alert","$v":"Alert"},{"$i":"settings-dialog-confirm","$v":"Confirm"},{"$i":"settings-dialog-prompt","$v":"Prompt"},{"$i":"settings-alert-dialog-header","$v":[{"t":"idOrVar","v":"settings-dialog-alert"}]},{"$i":"settings-confirm-dialog-header","$v":[{"t":"idOrVar","v":"settings-dialog-confirm"}]},{"$i":"settings-prompt-dialog-header","$v":[{"t":"idOrVar","v":"settings-dialog-prompt"}]},{"$i":"addons","$v":"Addons"},{"$i":"addons-header","$v":[{"t":"idOrVar","v":"addons"}]},{"$i":"change-device-name","$v":"Alterar nome do telefone"},{"$i":"internetSharing-usb-desc","$v":"Compartilhar a conexão do meu telefone com um dispositivo USB conectado."},{"$i":"internetSharing-wifi-desc","$v":"Permitir que outros dispositivos compartilhem minha conexão se conectando através do Wi-Fi."},{"$i":"unplayable-ringtone","$v":"O toque não foi alterado porque o arquivo selecionado não pode ser tocado neste telefone."},{"$i":"findmydevice-signup-description","$v":"Encontre Meu Aparelho ajuda a encontrar, travar ou apagar seu telefone"},{"$i":"findmydevice-settings-description","$v":"Encontre Meu Aparelho ajuda a encontrar, travar ou apagar seu telefone a partir de um website:"},{"$i":"findmydevice-active-tracking","$v":"Seu telefone está sendo rastreado por outro dispositivo através do website."},{"$i":"findmydevice-not-tracking","$v":"Nenhum dispositivo ativo está rastreando seu telefone através do website."},{"$i":"ums-confirm","$v":"Habilitando o Armazenamento USB permite que outro computador ou dispositivo conectado através do USB acesse arquivos neste telefone."},{"$i":"reset-device","$v":"Restaurar config. original"},{"$i":"reset-warning-body","$v":"Restaurar a configuração original apagará todos os seus dados, incluindo aplicativos que você adquiriu. O aparelho será restaurado ao seu estado de fábrica. Suas configurações e dados não serão salvos."},{"$i":"reset-devtools-warning-body","$v":"Resetting will erase all your data, including any apps you’ve purchased. None of your settings or data will be saved. But your phone will have unrestricted developer tools, allowing you to modify and debug system applications."},{"$i":"powerSave-explanation","$v":"Ao habilitar o modo de economia de energia, dados móveis, Bluetooth e Geolocalização serão desligados para estender a vida da bateria. Você poderá ligá-los novamente de forma manual."},{"$i":"performanceAndUsageDataInfo","$v":["Ajude-nos a melhorar o ",{"t":"idOrVar","v":"brandShortName"}," compartilhando dados sobre seu telefone e como você utiliza-o."]},{"$i":"device-status-connected-device","$v":"Conectado ao áudio do telefone"},{"$i":"device-status-connected-device-media","$v":"Conectado ao áudio do telefone/media"}]