[{"$i":"stopped_download_title","$v":"Descărcare oprită"},{"$i":"stopped_download_message","$v":"Descărcarea a fost oprită. Încerci descărcarea din nou?"},{"$i":"stopped_download_left_button","$v":"Renunță"},{"$i":"stopped_download_right_button","$v":"Încearcă din nou"},{"$i":"failed_download_title","$v":"Descărcare eșuată"},{"$i":"failed_download_message","$v":["A eșuat descărcarea lui ",{"t":"idOrVar","v":"name"},". Încerci să descarci din nou?"]},{"$i":"failed_download_left_button","$v":"Renunță"},{"$i":"failed_download_right_button","$v":"Încearcă din nou"},{"$i":"stop_download_title","$v":"Oprește descărcarea"},{"$i":"stop_download_message","$v":"Sigur dorești să oprești descărcarea?"},{"$i":"stop_download_left_button","$v":"Nu"},{"$i":"stop_download_right_button","$v":"Da"},{"$i":"delete_download_title","$v":"Șterge"},{"$i":"delete_download_message","$v":["Ștergi ",{"t":"idOrVar","v":"name"},"?"]},{"$i":"delete_download_left_button","$v":"Renunță"},{"$i":"delete_download_right_button","$v":"Șterge"},{"$i":"delete_all_download_title","$v":"Șterge"},{"$i":"delete_all_download_left_button","$v":"Renunță"},{"$i":"delete_all_download_right_button","$v":"Șterge"},{"$i":"delete_all_download_message","$v":{"zero":"Nu ștergi niciun fișier?","one":"Ștergi un fișier?","two":["Ștergi ",{"t":"idOrVar","v":"number"}," fișiere?"],"few":["Ștergi ",{"t":"idOrVar","v":"number"}," fișiere?"],"many":["Ștergi ",{"t":"idOrVar","v":"number"}," fișiere?"],"other":["Ștergi ",{"t":"idOrVar","v":"number"}," fișiere?"]},"$x":[{"t":"idOrVar","v":"plural"},"number"]},{"$i":"unsupported_file_type_download_title","$v":"Nu se poate deschide"},{"$i":"unsupported_file_type_download_message","$v":["Nu există o aplicație care poate deschide ",{"t":"idOrVar","v":"name"},". Dorești să salvezi fișierul sau să-l ștergi?"]},{"$i":"unsupported_file_type_download_left_button","$v":"Păstrează fișierul"},{"$i":"unsupported_file_type_download_right_button","$v":"Șterge"},{"$i":"file_not_found_download_title","$v":"Fișier negăsit"},{"$i":"file_not_found_download_message","$v":"Fișierul nu a fost găsit pe dispozitiv"},{"$i":"file_not_found_download_right_button","$v":"Ok"},{"$i":"unmounted_sdcard_2_download_title","$v":"Card de memorie în uz"},{"$i":"unmounted_sdcard_2_download_message","$v":"Deconectează telefonul"},{"$i":"unmounted_sdcard_2_download_right_button","$v":"Ok"},{"$i":"no_provider_download_title","$v":"Nu se poate partaja"},{"$i":"no_provider_download_message","$v":"Niciun furnizor găsit"},{"$i":"no_provider_download_right_button","$v":"Ok"},{"$i":"no_memory_download_title","$v":"Cardul SD este plin"},{"$i":"no_memory_download_message","$v":"Nu mai ai loc pe cardul SD pentru a salva descărcarea. Te rugăm să ștergi niște fișiere înainte de a reporni descărcarea."},{"$i":"no_memory_download_right_button","$v":"Ok"},{"$i":"no_sdcard_found_2_download_title","$v":"Niciun card de memorie găsit"},{"$i":"no_sdcard_found_2_download_message","$v":"Inserează un card de memorie sau selectează o locație media implicită alternativă în Setări."},{"$i":"no_sdcard_found_2_download_right_button","$v":"Ok"},{"$i":"file_open_error_download_title","$v":"Nu se poate deschide"},{"$i":"file_open_error_download_message","$v":["A apărut o eroare la deschiderea ",{"t":"idOrVar","v":"name"},". Dorești să salvezi fișierul sau să-l ștergi?"]},{"$i":"file_open_error_download_left_button","$v":"Păstrează fișierul"},{"$i":"file_open_error_download_right_button","$v":"Șterge"},{"$i":"restart_download_error","$v":"A apărut o eroare la repornirea descărcării. Te rugăm să reîncerci descărcarea."},{"$i":"no-downloads","$v":"Nicio descărcare"},{"$i":"byteUnit-B","$v":"B"},{"$i":"byteUnit-KB","$v":"KB"},{"$i":"byteUnit-MB","$v":"MB"},{"$i":"byteUnit-GB","$v":"GB"},{"$i":"byteUnit-TB","$v":"TB"},{"$i":"fileSize","$v":[{"t":"idOrVar","v":"size"}," ",{"t":"idOrVar","v":"unit"}]},{"$i":"percentage","$v":[{"t":"idOrVar","v":"percentage"}," %"]},{"$i":"partialResult","$v":[{"t":"idOrVar","v":"partial"}," din ",{"t":"idOrVar","v":"total"}]},{"$i":"summary","$v":[{"t":"idOrVar","v":"date"}," - ",{"t":"idOrVar","v":"status"}]},{"$i":"download-stopped","$v":"Oprită"},{"$i":"download-failed","$v":"Descărcare eșuată"},{"$i":"open_downloaded_file","$v":"Deschide"},{"$i":"share_downloaded_file","$v":"Partajează"},{"$i":"wallpaper_downloaded_file","$v":"Setează ca fundal"},{"$i":"ringtone_downloaded_file","$v":"Setează ca ton de apel"},{"$i":"cancel_downloaded_file","$v":"Renunță"},{"$i":"brandShortName","$v":"B2G OS"},{"$i":"browserBrandShortName","$v":"Web Browser"},{"$i":"browserBrandFullName","$v":"Mozilla Web Browser"},{"$i":"ringtoneBrandName","$v":"Default"},{"$i":"ringtoneSectionBrandName","$v":"System"},{"$i":"weekday-0-long","$v":"duminică"},{"$i":"weekday-1-long","$v":"luni"},{"$i":"weekday-2-long","$v":"marți"},{"$i":"weekday-3-long","$v":"miercuri"},{"$i":"weekday-4-long","$v":"joi"},{"$i":"weekday-5-long","$v":"vineri"},{"$i":"weekday-6-long","$v":"sâmbătă"},{"$i":"weekday-0-short","$v":"dum"},{"$i":"weekday-1-short","$v":"lun"},{"$i":"weekday-2-short","$v":"mar"},{"$i":"weekday-3-short","$v":"mie"},{"$i":"weekday-4-short","$v":"joi"},{"$i":"weekday-5-short","$v":"vin"},{"$i":"weekday-6-short","$v":"sâm"},{"$i":"month-0-long","$v":"ianuarie"},{"$i":"month-1-long","$v":"februarie"},{"$i":"month-2-long","$v":"martie"},{"$i":"month-3-long","$v":"aprilie"},{"$i":"month-4-long","$v":"mai"},{"$i":"month-5-long","$v":"iunie"},{"$i":"month-6-long","$v":"iulie"},{"$i":"month-7-long","$v":"august"},{"$i":"month-8-long","$v":"septembrie"},{"$i":"month-9-long","$v":"octombrie"},{"$i":"month-10-long","$v":"noiembrie"},{"$i":"month-11-long","$v":"decembrie"},{"$i":"month-0-genitive","$v":"ianuarie"},{"$i":"month-1-genitive","$v":"februarie"},{"$i":"month-2-genitive","$v":"martie"},{"$i":"month-3-genitive","$v":"aprilie"},{"$i":"month-4-genitive","$v":"mai"},{"$i":"month-5-genitive","$v":"iunie"},{"$i":"month-6-genitive","$v":"iulie"},{"$i":"month-7-genitive","$v":"august"},{"$i":"month-8-genitive","$v":"septembrie"},{"$i":"month-9-genitive","$v":"octombrie"},{"$i":"month-10-genitive","$v":"noiembrie"},{"$i":"month-11-genitive","$v":"decembrie"},{"$i":"month-0-short","$v":"ian"},{"$i":"month-1-short","$v":"feb"},{"$i":"month-2-short","$v":"mar"},{"$i":"month-3-short","$v":"apr"},{"$i":"month-4-short","$v":"mai"},{"$i":"month-5-short","$v":"iun"},{"$i":"month-6-short","$v":"iul"},{"$i":"month-7-short","$v":"aug"},{"$i":"month-8-short","$v":"sep"},{"$i":"month-9-short","$v":"oct"},{"$i":"month-10-short","$v":"noi"},{"$i":"month-11-short","$v":"dec"},{"$i":"minutes-ago-long","$v":{"zero":"chiar acum","one":"acum un minut","two":["acum ",{"t":"idOrVar","v":"value"}," minute"],"few":["acum ",{"t":"idOrVar","v":"value"}," minute"],"many":["acum ",{"t":"idOrVar","v":"value"}," minute"],"other":["acum ",{"t":"idOrVar","v":"value"}," minute"]},"$x":[{"t":"idOrVar","v":"plural"},"value"]},{"$i":"hours-ago-long","$v":{"zero":"chiar acum","one":"acum cu o oră","two":["acum ",{"t":"idOrVar","v":"value"}," ore"],"few":["acum ",{"t":"idOrVar","v":"value"}," ore"],"many":["acum ",{"t":"idOrVar","v":"value"}," ore"],"other":["acum ",{"t":"idOrVar","v":"value"}," ore"]},"$x":[{"t":"idOrVar","v":"plural"},"value"]},{"$i":"days-ago-long","$v":{"zero":"astăzi","one":"ieri","two":["acum ",{"t":"idOrVar","v":"value"}," zile"],"few":["acum ",{"t":"idOrVar","v":"value"}," zile"],"many":["acum ",{"t":"idOrVar","v":"value"}," zile"],"other":["acum ",{"t":"idOrVar","v":"value"}," zile"]},"$x":[{"t":"idOrVar","v":"plural"},"value"]},{"$i":"weeks-ago-long","$v":{"zero":"săptămâna aceasta","one":"săptămâna trecută","two":["acum ",{"t":"idOrVar","v":"value"}," săptămâni"],"few":["acum ",{"t":"idOrVar","v":"value"}," săptămâni"],"many":["acum ",{"t":"idOrVar","v":"value"}," săptămâni"],"other":["acum ",{"t":"idOrVar","v":"value"}," săptămâni"]},"$x":[{"t":"idOrVar","v":"plural"},"value"]},{"$i":"months-ago-long","$v":{"zero":"luna aceasta","one":"luna trecută","two":["acum ",{"t":"idOrVar","v":"value"}," luni"],"few":["acum ",{"t":"idOrVar","v":"value"}," luni"],"many":["acum ",{"t":"idOrVar","v":"value"}," luni"],"other":["acum ",{"t":"idOrVar","v":"value"}," luni"]},"$x":[{"t":"idOrVar","v":"plural"},"value"]},{"$i":"years-ago-long","$v":{"zero":"anul acesta","one":"anul trecut","two":["acum ",{"t":"idOrVar","v":"value"}," ani"],"few":["acum ",{"t":"idOrVar","v":"value"}," ani"],"many":["acum ",{"t":"idOrVar","v":"value"}," ani"],"other":["acum ",{"t":"idOrVar","v":"value"}," ani"]},"$x":[{"t":"idOrVar","v":"plural"},"value"]},{"$i":"minutes-until-long","$v":{"zero":"acum","one":"într-un minut","two":["în ",{"t":"idOrVar","v":"value"}," minute"],"few":["în ",{"t":"idOrVar","v":"value"}," minute"],"many":["în ",{"t":"idOrVar","v":"value"}," minute"],"other":["în ",{"t":"idOrVar","v":"value"}," minute"]},"$x":[{"t":"idOrVar","v":"plural"},"value"]},{"$i":"hours-until-long","$v":{"zero":"acum","one":"într-o oră","two":["în ",{"t":"idOrVar","v":"value"}," ore"],"few":["în ",{"t":"idOrVar","v":"value"}," ore"],"many":["în ",{"t":"idOrVar","v":"value"}," ore"],"other":["în ",{"t":"idOrVar","v":"value"}," ore"]},"$x":[{"t":"idOrVar","v":"plural"},"value"]},{"$i":"days-until-long","$v":{"zero":"astăzi","one":"mâine","two":["în ",{"t":"idOrVar","v":"value"}," zile"],"few":["în ",{"t":"idOrVar","v":"value"}," zile"],"many":["în ",{"t":"idOrVar","v":"value"}," zile"],"other":["în ",{"t":"idOrVar","v":"value"}," zile"]},"$x":[{"t":"idOrVar","v":"plural"},"value"]},{"$i":"weeks-until-long","$v":{"zero":"săptămâna aceasta","one":"săptămâna următoare","two":["în ",{"t":"idOrVar","v":"value"}," săptămâni"],"few":["în ",{"t":"idOrVar","v":"value"}," săptămâni"],"many":["în ",{"t":"idOrVar","v":"value"}," săptămâni"],"other":["în ",{"t":"idOrVar","v":"value"}," săptămâni"]},"$x":[{"t":"idOrVar","v":"plural"},"value"]},{"$i":"months-until-long","$v":{"zero":"luna aceasta","one":"luna următoare","two":["în ",{"t":"idOrVar","v":"value"}," luni"],"few":["în ",{"t":"idOrVar","v":"value"}," luni"],"many":["în ",{"t":"idOrVar","v":"value"}," luni"],"other":["în ",{"t":"idOrVar","v":"value"}," luni"]},"$x":[{"t":"idOrVar","v":"plural"},"value"]},{"$i":"years-until-long","$v":{"zero":"anul acesta","one":"anul următor","two":["în ",{"t":"idOrVar","v":"value"}," ani"],"few":["în ",{"t":"idOrVar","v":"value"}," ani"],"many":["în ",{"t":"idOrVar","v":"value"}," ani"],"other":["în ",{"t":"idOrVar","v":"value"}," ani"]},"$x":[{"t":"idOrVar","v":"plural"},"value"]},{"$i":"minutes-ago-short","$v":{"zero":"chiar acum","other":["acum ",{"t":"idOrVar","v":"value"}," min."]},"$x":[{"t":"idOrVar","v":"plural"},"value"]},{"$i":"hours-ago-short","$v":{"zero":"chiar acum","other":["acum ",{"t":"idOrVar","v":"value"},"h"]},"$x":[{"t":"idOrVar","v":"plural"},"value"]},{"$i":"days-ago-short","$v":{"zero":"astăzi","other":["acum ",{"t":"idOrVar","v":"value"},"z"]},"$x":[{"t":"idOrVar","v":"plural"},"value"]},{"$i":"minutes-until-short","$v":{"zero":"acum","other":["în ",{"t":"idOrVar","v":"value"},"m"]},"$x":[{"t":"idOrVar","v":"plural"},"value"]},{"$i":"hours-until-short","$v":{"zero":"acum","other":["în ",{"t":"idOrVar","v":"value"},"h"]},"$x":[{"t":"idOrVar","v":"plural"},"value"]},{"$i":"days-until-short","$v":{"zero":"astăzi","other":["în ",{"t":"idOrVar","v":"value"},"z"]},"$x":[{"t":"idOrVar","v":"plural"},"value"]},{"$i":"incorrectDate","$v":"(dată incorectă)"},{"$i":"dateTimeFormat_%c","$v":"%a, %e %b %Y %H:%M:%S"},{"$i":"dateTimeFormat_%x","$v":"%d/%m/%Y"},{"$i":"dateTimeFormat_%X","$v":"%H:%M:%S"},{"$i":"shortTimeFormat","$v":"%H:%M"},{"$i":"shortTimeFormat12","$v":"%H:%M"},{"$i":"shortTimeFormat24","$v":"%H:%M"},{"$i":"shortDateTimeFormat","$v":"%x %H:%M"},{"$i":"weekStartsOnMonday","$v":"0"},{"$i":"firstDayOfTheWeek","$v":"0"},{"$i":"time_am","$v":"AM"},{"$i":"time_pm","$v":"PM"},{"$i":"title-app","$v":"App Permission"},{"$i":"title-web","$v":"Website Permission"},{"$i":"title-cam","$v":"Select Camera"},{"$i":"perm-alarms","$v":"Schedule Alarms"},{"$i":"perm-audio-capture","$v":"Microfon"},{"$i":"perm-audio-capture-appRequest","$v":["Dorești să împărtășești microfonul cu ",{"t":"idOrVar","v":"app"},"?"]},{"$i":"perm-audio-capture-webRequest","$v":["Dorești să împărtășești camera cu ",{"t":"idOrVar","v":"site"},"?"]},{"$i":"perm-audio-channel-content","$v":"Play Sounds"},{"$i":"perm-audio-channel-notification","$v":"Play Notification Sounds"},{"$i":"perm-audio-channel-ringer","$v":"Play Ringtone Sounds"},{"$i":"perm-background-sensors","$v":"Access Sensor Data"},{"$i":"perm-bluetooth","$v":"Bluetooth"},{"$i":"perm-browser","$v":"Inspect Web Pages"},{"$i":"perm-camera","$v":"Cameras"},{"$i":"perm-camera-selector-appRequest","$v":["Select a camera for ",{"t":"idOrVar","v":"app"},"."]},{"$i":"perm-camera-selector-webRequest","$v":["Select a camera for ",{"t":"idOrVar","v":"site"},"."]},{"$i":"perm-cellbroadcast","$v":"Transmisiuni celulare"},{"$i":"perm-contacts","$v":"Contacte"},{"$i":"perm-contacts-appRequest","$v":["Aplicația ",{"t":"idOrVar","v":"app"}," dorește să-ți acceseze lista de contacte."]},{"$i":"perm-contacts-webRequest","$v":[{"t":"idOrVar","v":"site"}," dorește să-ți acceseze lista de contacte."]},{"$i":"perm-desktop-notification","$v":"Notificări"},{"$i":"perm-desktop-notification-appRequest","$v":["Aplicația ",{"t":"idOrVar","v":"app"}," dorește să afișeze notificări."]},{"$i":"perm-desktop-notification-webRequest","$v":[{"t":"idOrVar","v":"site"}," dorește să afișeze notificări."]},{"$i":"perm-device-storage-apps","$v":"Stocare de aplicații"},{"$i":"perm-device-storage-music","$v":"Stocare de muzică"},{"$i":"perm-device-storage-music-appRequest","$v":["Aplicația ",{"t":"idOrVar","v":"app"}," dorește să-ți acceseze muzica."]},{"$i":"perm-device-storage-music-webRequest","$v":[{"t":"idOrVar","v":"site"}," dorește să-ți acceseze muzica."]},{"$i":"perm-device-storage-pictures","$v":"Stocare de imagini"},{"$i":"perm-device-storage-pictures-appRequest","$v":["Aplicația ",{"t":"idOrVar","v":"app"}," dorește să-ți acceseze imaginile."]},{"$i":"perm-device-storage-pictures-webRequest","$v":[{"t":"idOrVar","v":"site"}," dorește să-ți acceseze imaginile."]},{"$i":"perm-device-storage-sdcard","$v":"Stocare pe cardul de memorie"},{"$i":"perm-device-storage-sdcard-appRequest","$v":["Aplicația ",{"t":"idOrVar","v":"app"}," dorește să acceseze cardul de memorie."]},{"$i":"perm-device-storage-sdcard-webRequest","$v":[{"t":"idOrVar","v":"site"}," dorește să acceseze cardul de memorie."]},{"$i":"perm-device-storage-videos","$v":"Stocare de videoclipuri"},{"$i":"perm-device-storage-videos-appRequest","$v":["Aplicația ",{"t":"idOrVar","v":"app"}," dorește să-ți acceseze videoclipurile."]},{"$i":"perm-device-storage-videos-webRequest","$v":[{"t":"idOrVar","v":"site"}," dorește să-ți acceseze videoclipurile."]},{"$i":"perm-embed-apps","$v":"Aplicații integrate"},{"$i":"perm-fmradio","$v":"Radio FM"},{"$i":"perm-fmradio-appRequest","$v":["Aplicația ",{"t":"idOrVar","v":"app"}," dorește să-ți folosească radioul FM."]},{"$i":"perm-fmradio-webRequest","$v":[{"t":"idOrVar","v":"site"}," dorește să-ți folosească radioul FM."]},{"$i":"perm-geolocation","$v":"Geolocație"},{"$i":"perm-geolocation-appRequest","$v":["Aplicația ",{"t":"idOrVar","v":"app"}," dorește să-ți cunoască locația."]},{"$i":"perm-geolocation-more-info","$v":[{"t":"idOrVar","v":"brandShortName"}," folosește date precum GPS, Wi-Fi și rețele mobile din apropierea ta pentru a ajuta la determinarea locației tale actuale. Datele sunt trimise Mozillei și altor furnizori de servicii și vor fi folosite per ansamblu pentru a îmbunătăți aceste baze de date privind locațiile.  Datele pot fi stocate pe dispozitivul tău și colectarea de date poate avea loc când nicio aplicație nu rulează."]},{"$i":"perm-geolocation-webRequest","$v":[{"t":"idOrVar","v":"site"}," dorește să-ți cunoască locația."]},{"$i":"perm-idle","$v":"Vezi starea inactivă"},{"$i":"perm-indexedDB-chrome-settings","$v":"IndexedDB privilegiat"},{"$i":"perm-indexedDB-unlimited","$v":"Stocare IndexedDB nelimitată"},{"$i":"perm-input-manage","$v":"Gestionează tastaturile"},{"$i":"perm-input","$v":"Comportă-te ca o tastatură"},{"$i":"perm-media-capture","$v":"Cameră și microfon"},{"$i":"perm-media-capture-appRequest","$v":["Dorești să împărtășești camera și microfonul cu ",{"t":"idOrVar","v":"app"},"?"]},{"$i":"perm-media-capture-webRequest","$v":["Dorești să împărtășești camera și microfonul cu ",{"t":"idOrVar","v":"site"},"?"]},{"$i":"perm-mobileconnection","$v":"Conexiune mobilă"},{"$i":"perm-mobileid","$v":"Identitate mobilă"},{"$i":"perm-network-events","$v":"Evenimente în rețea"},{"$i":"perm-open-remote-window","$v":"Pornește o aplicație"},{"$i":"perm-permissions","$v":"Modify Apps Permissions"},{"$i":"perm-power","$v":"Power Settings"},{"$i":"perm-settings","$v":"Modify Settings"},{"$i":"perm-systemXHR","$v":"Cross-Origin Requests"},{"$i":"perm-telephony","$v":"Telephony"},{"$i":"perm-video-capture","$v":"Cameră"},{"$i":"perm-video-capture-appRequest","$v":["Dorești să împărtășești camera cu ",{"t":"idOrVar","v":"app"},"?"]},{"$i":"perm-video-capture-webRequest","$v":["Dorești să împărtășești camera cu ",{"t":"idOrVar","v":"site"},"?"]},{"$i":"perm-voicemail","$v":"Control Voicemail"},{"$i":"perm-webapps-manage","$v":"Install Webapps"},{"$i":"perm-wifi-manage","$v":"Manage Wi-Fi"},{"$i":"perm-attention","$v":"Open Overlay Popups"},{"$i":"perm-audio-channel-alarm","$v":"Play Alarm Sounds"},{"$i":"perm-audio-channel-normal","$v":"Play Sounds"},{"$i":"perm-audio-channel-publicnotification","$v":"Play public notification sounds"},{"$i":"perm-audio-channel-telephony","$v":"Play Telephony Sounds"},{"$i":"perm-backgroundservice","$v":"Act as a Background Service"},{"$i":"perm-device-storage-crashes","$v":"Crash Data Storage"},{"$i":"perm-downloads","$v":"Access Downloads"},{"$i":"perm-embed-widgets","$v":"Embed Widgets"},{"$i":"perm-feature-detection","$v":"Feature Detection"},{"$i":"perm-firefox-accounts","$v":"Firefox Accounts"},{"$i":"perm-mobilenetwork","$v":"Mobile Network"},{"$i":"perm-moz-attention","$v":"Open Overlay Popups (moz)"},{"$i":"perm-moz-audio-channel-ringer","$v":"Play Ringtone Sounds (moz)"},{"$i":"perm-moz-audio-channel-telephony","$v":"Play Telephony Sounds (moz)"},{"$i":"perm-moz-firefox-accounts","$v":"Firefox Accounts (moz)"},{"$i":"perm-networkstats-manage","$v":"Control Usage Stats"},{"$i":"perm-nfc","$v":"NFC"},{"$i":"perm-nfc-hci-events","$v":"NFC HCI Events"},{"$i":"perm-nfc-manager","$v":"Manage NFC"},{"$i":"perm-phonenumberservice","$v":"Phone Number Service"},{"$i":"perm-push","$v":"Push API"},{"$i":"perm-resourcestats-manage","$v":"Resource Stats"},{"$i":"perm-sms","$v":"Send and Read SMS"},{"$i":"perm-speaker-control","$v":"Control Volume"},{"$i":"perm-storage","$v":"Access Storage"},{"$i":"perm-tcp-socket","$v":"TCP Sockets"},{"$i":"perm-test-permission","$v":"Test Permission"},{"$i":"perm-time","$v":"Set Date and Time"},{"$i":"perm-udp-socket","$v":"UDP Sockets"},{"$i":"perm-wappush","$v":"WAP Push"},{"$i":"tz-region","$v":"Regiune"},{"$i":"tz-city","$v":"Oraș"},{"$i":"tzRegion-Africa","$v":"Africa"},{"$i":"tzRegion-America","$v":"America"},{"$i":"tzRegion-Antarctica","$v":"Antartica"},{"$i":"tzRegion-Asia","$v":"Asia"},{"$i":"tzRegion-Atlantic","$v":"Oceanul Atlantic"},{"$i":"tzRegion-Australia","$v":"Australia"},{"$i":"tzRegion-Europe","$v":"Europa"},{"$i":"tzRegion-Indian","$v":"Oceanul Indian"},{"$i":"tzRegion-Pacific","$v":"Oceanul Pacific"},{"$i":"ringtone-none","$v":"None"},{"$i":"ringer_bubble","$v":"Bubble"},{"$i":"ringer_chimer","$v":"Chimer"},{"$i":"ringer_cunning","$v":"Cunning"},{"$i":"ringer_dulco","$v":"Dulco"},{"$i":"ringer_firefox2","$v":[{"t":"idOrVar","v":"ringtoneBrandName"}]},{"$i":"ringer_garden","$v":"Garden"},{"$i":"ringer_marbled","$v":"Marbled"},{"$i":"ringer_opti","$v":"Opti"},{"$i":"ringer_pecko","$v":"Pecko"},{"$i":"ringer_pingy","$v":"Pingy"},{"$i":"ringer_poppop","$v":"Pop Pop"},{"$i":"ringer_sata","$v":"Sata"},{"$i":"ringer_simple","$v":"Clean"},{"$i":"ringer_standard1","$v":"Classic"},{"$i":"ringer_standard2","$v":"Classic Fast"},{"$i":"ringer_stutter","$v":"Stutter"},{"$i":"ringer_symmetry","$v":"Symmetry"},{"$i":"ringer_tailwind","$v":"Tail Wind"},{"$i":"ringer_thoughtful","$v":"Thoughtful"},{"$i":"ringer_wit","$v":"Wit"},{"$i":"ringer_zen","$v":"Zen"},{"$i":"notifier_bells","$v":"Bells"},{"$i":"notifier_bloom","$v":"Bloom"},{"$i":"notifier_chime","$v":"Chime"},{"$i":"notifier_clicka","$v":"Clicka"},{"$i":"notifier_digi","$v":"Digi"},{"$i":"notifier_dropplet","$v":"Dropplet"},{"$i":"notifier_firefox2","$v":[{"t":"idOrVar","v":"ringtoneBrandName"}]},{"$i":"notifier_hello","$v":"Hello"},{"$i":"notifier_lowmarble","$v":"Low Marble"},{"$i":"notifier_ping","$v":"Ping"},{"$i":"notifier_plickle","$v":"Plickle"},{"$i":"notifier_pocko","$v":"Pocko"},{"$i":"notifier_quado","$v":"Quado"},{"$i":"notifier_red","$v":"Red"},{"$i":"notifier_sato","$v":"Sato"},{"$i":"notifier_swipo","$v":"Swipo"},{"$i":"notifier_trickleup","$v":"Trickle Up"},{"$i":"notifier_trink","$v":"Trink"},{"$i":"notifier_verse","$v":"Verse"},{"$i":"settings","$v":"Setări"},{"$i":"advancedSettings","$v":"Advanced Settings"},{"$i":"default","$v":"Default"},{"$i":"enabled","$v":"Activat"},{"$i":"enable","$v":"Enable"},{"$i":"disabled","$v":"Dezactivat"},{"$i":"error","$v":"Eroare"},{"$i":"ok","$v":"Ok"},{"$i":"yes","$v":"Da"},{"$i":"no","$v":"Nu"},{"$i":"reset","$v":"Reset"},{"$i":"cancel","$v":"Renunță"},{"$i":"close","$v":"Închide"},{"$i":"back","$v":"Înapoi"},{"$i":"continue","$v":"Continuă"},{"$i":"skip","$v":"Skip"},{"$i":"pair","$v":"Asociază"},{"$i":"add","$v":"Add"},{"$i":"done","$v":"Gata"},{"$i":"set","$v":"Setează"},{"$i":"notNow","$v":"Nu acum"},{"$i":"turnOn","$v":"Pornește"},{"$i":"selectASIMCard","$v":"Selectează o cartelă SIM"},{"$i":"sim1","$v":"SIM 1"},{"$i":"sim2","$v":"SIM 2"},{"$i":"unavailable","$v":"Indisponibil"},{"$i":"confirmation","$v":"Confirmare"},{"$i":"simSettingsWithIndex","$v":["SIM ",{"t":"idOrVar","v":"index"}," Settings"]},{"$i":"networkAndConnectivity","$v":"Rețea și conectivitate"},{"$i":"airplaneMode","$v":"Airplane Mode"},{"$i":"geolocation","$v":"Geolocație"},{"$i":"wifi","$v":"Wi-Fi"},{"$i":"wifi-header","$v":[{"t":"idOrVar","v":"wifi"}]},{"$i":"wifi-disabled","$v":"Pornește Wi-Fi pentru a vedea rețelele disponibile."},{"$i":"availableNetworks","$v":"Available Networks"},{"$i":"knownNetworks","$v":"Known Networks"},{"$i":"hiddenNetworks","$v":"Hidden Networks"},{"$i":"scanning","$v":"Căutare…"},{"$i":"scanNetworks","$v":"Search Again"},{"$i":"fullStatus-initializing","$v":"Inițializare…"},{"$i":"fullStatus-connecting","$v":["Conectare la ",{"t":"idOrVar","v":"ssid"},"…"]},{"$i":"fullStatus-associated","$v":"Se obține o adresă IP…"},{"$i":"fullStatus-connected","$v":["Conectat la ",{"t":"idOrVar","v":"ssid"}]},{"$i":"fullStatus-connectingfailed","$v":"Conexiune eșuată"},{"$i":"fullStatus-disconnected","$v":"Offline"},{"$i":"shortStatus-connecting","$v":"Conectare…"},{"$i":"shortStatus-associated","$v":"Se obține o adresă IP…"},{"$i":"shortStatus-connected","$v":"Conectat"},{"$i":"shortStatus-connectingfailed","$v":"Conexiune eșuată"},{"$i":"shortStatus-disconnected","$v":"Offline"},{"$i":"wifi-sleep","$v":"Wi-Fi Sleep"},{"$i":"wifi-sleep-description","$v":"Enable to automatically turn off Wi-Fi during sleep to save battery power.  "},{"$i":"manageNetworks","$v":"Manage Networks"},{"$i":"wifi-bad-credentials-title","$v":"Failed connecting to Wi-Fi"},{"$i":"wifi-bad-credentials-confirm","$v":["Unable to connect to ",{"t":"idOrVar","v":"ssid"},", authentication failed due to bad credentials. Please re-enter the network password."]},{"$i":"manageNetworks-header","$v":[{"t":"idOrVar","v":"manageNetworks"}]},{"$i":"manageCertificates","$v":"Gestionează certificate"},{"$i":"manageCert","$v":"Gestionează cert."},{"$i":"joinHiddenNetwork","$v":"Join Hidden Network"},{"$i":"securedBy","$v":["Securizat prin ",{"t":"idOrVar","v":"capabilities"}]},{"$i":"security","$v":"Securitate"},{"$i":"securityNone","$v":"Nimic"},{"$i":"securityOpen","$v":"Deschisă"},{"$i":"notInRange","$v":"Not in range"},{"$i":"ipAddress","$v":"Adresa IP"},{"$i":"linkSpeed","$v":"Viteza legăturii"},{"$i":"linkSpeedMbs","$v":[{"t":"idOrVar","v":"linkSpeed"}," Mbit/s"]},{"$i":"signalStrength","$v":"Puterea semnalului"},{"$i":"signalLevel0","$v":"Foarte slabă"},{"$i":"signalLevel1","$v":"Slabă"},{"$i":"signalLevel2","$v":"Medie"},{"$i":"signalLevel3","$v":"Bună"},{"$i":"signalLevel4","$v":"Foarte bună"},{"$i":"forget","$v":"Uită"},{"$i":"forgetNetwork-dialog","$v":"Uiți rețeaua?"},{"$i":"forgetNetwork-confirmation","$v":"Confirmare"},{"$i":"authentication","$v":"Autentificare"},{"$i":"authentication-header","$v":[{"t":"idOrVar","v":"authentication"}]},{"$i":"eap","$v":"Metodă EAP"},{"$i":"auth-phase2","$v":"Faza 2 de autentificare"},{"$i":"server-certificate","$v":"Certificatul serverului"},{"$i":"import-certificate-msg","$v":"Aviz: Dacă ai nevoie să imporți certificate noi, te rugăm să te duci la „Gestionează certificate”."},{"$i":"identity","$v":"Identificator"},{"$i":"password","$v":"Parolă"},{"$i":"showPassword","$v":"Arată parola"},{"$i":"networkNotification","$v":"Notificare de rețea"},{"$i":"networkNotification-expl","$v":"Notifică-mă când o rețea deschisă e disponibilă"},{"$i":"macAddress","$v":"MAC Address"},{"$i":"deviceInfo_software","$v":[{"t":"idOrVar","v":"brandShortName"}," ",{"t":"idOrVar","v":"os"}]},{"$i":"macUnavailable","$v":"Indisponibil"},{"$i":"noNetworksFound","$v":"Nicio rețea găsită"},{"$i":"noKnownNetworks","$v":"Nicio rețea cunoscută"},{"$i":"edit","$v":"Editează"},{"$i":"certificateList","$v":"Certificate List"},{"$i":"noCertificate","$v":"Niciun certificat importat"},{"$i":"deleteCertificate","$v":"Șterge certificatul"},{"$i":"importCertificate","$v":"Importă certificat"},{"$i":"selectCertificateFile","$v":"Selectează fișierul de certificat"},{"$i":"enterCertificateNickname","$v":"Introdu un pseudonim pentru certificat"},{"$i":"nickname","$v":"Pseudonim"},{"$i":"enter-certificate-name-msg","$v":"Poți schimba pseudonimul sau să păstrezi numele implicit."},{"$i":"certificate-deletion-failed","$v":"Ștergerea certificatului a eșuat"},{"$i":"certificate-deletion-failed-description","$v":"Aceasta se poate datora unei probleme cu stocarea, de exemplu."},{"$i":"certificate-import-failed","$v":"Importarea certificatului a eșuat"},{"$i":"certificate-import-failed-description","$v":"Aceasta se poate datora unui fișier de certificat deteriorat, de exemplu."},{"$i":"wpsMessage","$v":"Conectare prin WPS"},{"$i":"wpsMessage-header","$v":[{"t":"idOrVar","v":"wpsMessage"}]},{"$i":"fullStatus-wps-inprogress","$v":"WPS este în desfășurare…"},{"$i":"fullStatus-wps-canceled","$v":"WPS a fost anulat"},{"$i":"fullStatus-wps-timedout","$v":"WPS a expirat."},{"$i":"fullStatus-wps-failed-error","$v":["WPS failed [",{"t":"idOrVar","v":"error"},"]"]},{"$i":"fullStatus-wps-overlapped","$v":"Un alt WPS PBC AP a fost găsit"},{"$i":"wpsDescription2","$v":"Configurare automată Wi-Fi"},{"$i":"wpsMethodSelection","$v":"Selectează o metodă WPS:"},{"$i":"wpsPbcLabel","$v":"Conectare prin buton"},{"$i":"wpsMyPinLabel","$v":"Conexiunea mea PIN"},{"$i":"wpsApPinLabel","$v":"Conexiune PIN AP"},{"$i":"wpsPinDescription","$v":"Codul PIN este între 4 și 8 cifre"},{"$i":"wpsPinInput","$v":["Introdu ",{"t":"idOrVar","v":"pin"}," la dispozitivul opus"]},{"$i":"wpsPinAps","$v":"Selectează un dispozitiv opus"},{"$i":"wpsAnyAp","$v":"Oricare"},{"$i":"wpsCancelMessage","$v":"Anulează WPS"},{"$i":"wpsCancelFailedMessageError","$v":["Failed to cancel WPS [",{"t":"idOrVar","v":"error"},"]"]},{"$i":"callSettings","$v":"Setări de apel"},{"$i":"callSettings-header","$v":[{"t":"idOrVar","v":"callSettings"}]},{"$i":"callSettingsQuery","$v":"Se solicită informațiile rețelei…"},{"$i":"callSettingsQueryError","$v":"Eroare la interogare"},{"$i":"voiceMail","$v":"Mesaj vocal"},{"$i":"voiceMail-header","$v":[{"t":"idOrVar","v":"voiceMail"}]},{"$i":"voiceMail-number","$v":"Numărul căsuței vocale"},{"$i":"voiceMail-number-notSet","$v":"Nesetat"},{"$i":"voicePrivacyMode","$v":"Voice Privacy Mode"},{"$i":"callWaiting","$v":"Call Waiting"},{"$i":"confirmCallWaitingTitle","$v":"Nu s-au putut confirma preferințele pentru apel în așteptare"},{"$i":"confirmCallWaitingDesc","$v":"Dispozitivul este în prezent incapabil să comunice cu operatorul. Încearcă să-l configurezi din nou."},{"$i":"callForwarding","$v":"Call Forwarding"},{"$i":"callForwarding-header","$v":[{"t":"idOrVar","v":"callForwarding"}]},{"$i":"callForwardingForward","$v":"Redirecționare"},{"$i":"callForwardingUnconditional","$v":"Redirecționare mereu"},{"$i":"callForwardingUnconditionalShort","$v":"Mereu"},{"$i":"callForwardingMobileBusy","$v":"Redirect. când este ocupat"},{"$i":"callForwardingMobileBusyShort","$v":"Când e ocupat"},{"$i":"callForwardingNoReply","$v":"Redirect. la niciun răspuns"},{"$i":"callForwardingNoReplyShort","$v":"La niciun răspuns"},{"$i":"callForwardingNotReachable","$v":"Redirect. când e inaccesibil"},{"$i":"callForwardingNotReachableShort","$v":"Când e inaccesibil"},{"$i":"callForwardingForwardingVoiceToNumber","$v":["Voice calls to ",{"t":"idOrVar","v":"number"}]},{"$i":"callForwardingNotForwarding","$v":"Dezactivat"},{"$i":"callForwardingConfirmTitle","$v":"Mesaj de confirmare redirecționare apel"},{"$i":"cf-alwaysUseThisNumber","$v":"Folosește mereu acest număr"},{"$i":"cf-numberWhenUnreachable","$v":"Număr când e inaccesibil"},{"$i":"cf-numberWhenUnanswered","$v":"Număr la niciun răspuns"},{"$i":"cf-numberWhenBusy","$v":"Număr când e ocupat"},{"$i":"callForwardingInvalidNumberError","$v":"Acest număr de telefon este incorect."},{"$i":"callForwardingSetSuccess","$v":"Operație stabilită cu succes."},{"$i":"callForwardingSetForbidden","$v":"Operatorul nu suportă această operație."},{"$i":"callForwardingSetError","$v":"Eroare în setările de apel."},{"$i":"callerId","$v":"ID apelant"},{"$i":"callBarring","$v":"Call Barring"},{"$i":"callBarring-header","$v":[{"t":"idOrVar","v":"callBarring"}]},{"$i":"callBarring-outgoing","$v":"Outgoing calls"},{"$i":"callBarring-baoc","$v":"All"},{"$i":"callBarring-boic","$v":"International"},{"$i":"callBarring-boicExhc","$v":"International except Home Country"},{"$i":"callBarring-incoming","$v":"Incoming calls"},{"$i":"callBarring-baic","$v":"All"},{"$i":"callBarring-baicR","$v":"All while roaming"},{"$i":"callBarring-passcode","$v":"Passcode"},{"$i":"callBarring-change-passcode","$v":"Change passcode"},{"$i":"callBarring-passcode-enter","$v":"Enter passcode"},{"$i":"callBarring-passcode-unknown","$v":"In case you don't know your passcode, please contact your carrier"},{"$i":"callBarring-current-passcode","$v":"Current passcode"},{"$i":"callBarring-new-passcode","$v":"New passcode"},{"$i":"callBarring-create-passcode","$v":"Create a Passcode"},{"$i":"callBarring-confirm-passcode","$v":"Confirm passcode"},{"$i":"callBarring-passcode-error-generic","$v":"Passcode error."},{"$i":"callBarring-passcode-error-incorrect","$v":"Passcode is incorrect."},{"$i":"callBarring-passcode-error-mismatch","$v":"Passcode doesn’t match."},{"$i":"callBarring-update-item-error","$v":["Error while updating the item: ",{"t":"idOrVar","v":"error"},"."]},{"$i":"callBarring-change-passcode-success","$v":"Passcode changed."},{"$i":"callerId-default","$v":"Implicit de rețea"},{"$i":"callerId-hide","$v":"Ascunde numărul"},{"$i":"callerId-show","$v":"Arată numărul"},{"$i":"fdn","$v":"Fixed dialing numbers"},{"$i":"fdnSettings","$v":"Fixed Dialing Numbers"},{"$i":"fdnSettings-header","$v":[{"t":"idOrVar","v":"fdnSettings"}]},{"$i":"fdn-authorizedNumbers","$v":"Numere autorizate"},{"$i":"fdn-authorizedNumbers-header","$v":[{"t":"idOrVar","v":"fdn-authorizedNumbers"}]},{"$i":"fdn-authorizedNumbers-desc","$v":"Lista numerelor ce pot fi apelate"},{"$i":"fdn-explanation1","$v":"Restricționează care numere pot fi apelate de pe acest telefon"},{"$i":"fdn-explanation2","$v":"(Numerele de urgență vor fi apelabile mereu)"},{"$i":"fdnEnable","$v":"Activează FDN"},{"$i":"fdnDisable","$v":"Dezactivează FDN"},{"$i":"fdnReset","$v":"Resetează PIN2"},{"$i":"fdnAttemptMsg3","$v":{"one":"Ai o încercare rămasă pentru a introduce codul corect înainte de a bloca cartela SIM.","two":["Ai ",{"t":"idOrVar","v":"n"}," încercări rămase pentru a introduce codul corect înainte de a bloca cartela SIM."],"few":["Ai ",{"t":"idOrVar","v":"n"}," încercări rămase pentru a introduce codul corect înainte de a bloca cartela SIM."],"many":["Ai ",{"t":"idOrVar","v":"n"}," încercări rămase pentru a introduce codul corect înainte de a bloca cartela SIM."],"other":["Ai ",{"t":"idOrVar","v":"n"}," încercări rămase pentru a introduce codul corect înainte de a bloca cartela SIM."]},"$x":[{"t":"idOrVar","v":"plural"},"n"]},{"$i":"fdnLastChanceMsg","$v":"Aceasta este ultima ta șansă pentru a introduce codul PIN2 corect. În caz contrar, trebuie să introduci codul PUK2 pentru a folosi această cartelă SIM."},{"$i":"fdnErrorMsg","$v":"Codul PIN2 este incorect."},{"$i":"fdn-enabled-warning","$v":"Redirecționarea apelurilor e dezactivată de către FDN."},{"$i":"fdnContact-name","$v":"nume"},{"$i":"fdnContact-number","$v":"număr"},{"$i":"fdnContact-submit","$v":"trimite"},{"$i":"fdnAction-add","$v":"Adaugă contact"},{"$i":"fdnAction-call","$v":"Apelează"},{"$i":"fdnAction-edit","$v":"Editează contactul"},{"$i":"fdnAction-edit-header","$v":"Editează contactul"},{"$i":"fdnAction-delete","$v":"Șterge contactul"},{"$i":"fdnNoFDNFreeRecord","$v":"Maximum FDN reached. You cannot add more numbers."},{"$i":"messagingSettings","$v":"Setări de mesagerie"},{"$i":"messagingSettings-header","$v":[{"t":"idOrVar","v":"messagingSettings"}]},{"$i":"message-confirmation","$v":"Confirmarea de mesaje"},{"$i":"message-delivery-reports","$v":"Delivery Reports"},{"$i":"message-delivery-reports-details","$v":"Solicită notificare de livrare pentru fiecare mesaj text trimis"},{"$i":"message-read-reports","$v":"Read Reports"},{"$i":"message-read-reports-details","$v":"Solicită raport de citire pentru fiecare mesaj trimis"},{"$i":"mmsTitle","$v":"Multimedia Messaging (MMS)"},{"$i":"auto-retrieve","$v":"Auto Retrieve"},{"$i":"auto-retrieve-details","$v":"Preia mesajele automat"},{"$i":"manual-retrieve","$v":"Dezactivat"},{"$i":"auto-roaming-retrieve","$v":"Pornit cu roaming"},{"$i":"auto-no-roaming-retrieve","$v":"Pornit fără roaming"},{"$i":"autoConfigure","$v":"Autoconfigurare"},{"$i":"wapPushMessages","$v":"WAP Push Messages"},{"$i":"wapPush","$v":"WAP Push"},{"$i":"cellBroadcastMessages","$v":"Cell Broadcast Messages"},{"$i":"cellBroadcast","$v":"Cell Broadcast"},{"$i":"emergencyAlert","$v":"Emergency Alert"},{"$i":"messagingInformation","$v":"Information"},{"$i":"messaging-SMSC","$v":"Service Center"},{"$i":"messaging-sim-settings","$v":["SIM ",{"t":"idOrVar","v":"index"}," Settings"]},{"$i":"unknown-SMSC","$v":"Info not available"},{"$i":"cellularAndData","$v":"Celular și date"},{"$i":"cellularAndData-header","$v":[{"t":"idOrVar","v":"cellularAndData"}]},{"$i":"dataNetwork","$v":"Operator"},{"$i":"dataConnectivity","$v":"Date"},{"$i":"dataConnection","$v":"Data Connection"},{"$i":"dataRoaming","$v":"Data Roaming"},{"$i":"networkOperator","$v":"Network Operator"},{"$i":"networkOperator-header","$v":[{"t":"idOrVar","v":"networkOperator"}]},{"$i":"availableOperators","$v":"Network Operators In The Area"},{"$i":"preferredNetworkTypeAlertTitle","$v":"Tipul de rețea preferată"},{"$i":"preferredNetworkTypeAlertErrorMessage","$v":"Tipul rețelei nu poate fi setat"},{"$i":"operator-networkType","$v":"Network Type"},{"$i":"operator-networkType-auto","$v":"Automat"},{"$i":"operator-networkType-prefer3G","$v":"3G preferat"},{"$i":"operator-networkType-2G","$v":"Numai 2G"},{"$i":"operator-networkType-3G","$v":"Numai 3G"},{"$i":"operator-networkType-GSM","$v":"GSM"},{"$i":"operator-networkType-WCDMA","$v":"WCDMA"},{"$i":"operator-networkType-CDMA","$v":"CDMA"},{"$i":"operator-networkType-EVDO","$v":"EVDO"},{"$i":"operator-networkType-LTE","$v":"LTE"},{"$i":"operator-networkType-preferWCDMA","$v":"WCDMA preferat"},{"$i":"operator-networkType-auto-2G-3G","$v":"Automat (2G/3G)"},{"$i":"operator-networkType-auto-CDMA-EVDO","$v":"Automat (CDMA/EVDO)"},{"$i":"operator-networkType-auto-WCDMA-GSM","$v":"Automat (WCDMA/GSM)"},{"$i":"operator-networkType-auto-LTE-WCDMA-GSM","$v":"Automat (LTE/WCDMA/GSM)"},{"$i":"operator-networkType-auto-LTE-CDMA-EVDO","$v":"Automat (LTE/CDMA/EVDO)"},{"$i":"operator-networkType-auto-WCDMA-GSM-CDMA-EVDO","$v":"Automat (WCDMA/GSM/CDMA/EVDO)"},{"$i":"operator-autoSelect","$v":"Automatic Selection"},{"$i":"operator-networkSelect-auto","$v":"Automat"},{"$i":"operator-networkSelect-manual","$v":"Manual"},{"$i":"operator-turnAutoSelectOff","$v":"Închide selecția automată pentru a vedea operatorii de rețea disponibili."},{"$i":"operator-status-connecting","$v":"Conectare…"},{"$i":"operator-status-connectingfailed","$v":"Conexiune eșuată"},{"$i":"operator-status-connected","$v":"Conectat"},{"$i":"operator-roamingPreference","$v":"Preferință roaming"},{"$i":"operator-roamingPreference-home","$v":"Acasă"},{"$i":"operator-roamingPreference-any","$v":"Oricare"},{"$i":"operator-roamingPreference-affiliated","$v":"Afiliat"},{"$i":"apn","$v":"APN"},{"$i":"apnSettings","$v":"APN Settings"},{"$i":"apnSettings-header","$v":[{"t":"idOrVar","v":"apnSettings"}]},{"$i":"dataSettings","$v":"Data Settings"},{"$i":"dataSettings-header","$v":[{"t":"idOrVar","v":"dataSettings"}]},{"$i":"suplSettings","$v":"A-GPS Settings"},{"$i":"suplSettings-header","$v":[{"t":"idOrVar","v":"suplSettings"}]},{"$i":"messageSettings","$v":"Message Settings"},{"$i":"messageSettings-header","$v":[{"t":"idOrVar","v":"messageSettings"}]},{"$i":"dunSettings","$v":"Tethering Settings"},{"$i":"dunSettings-header","$v":[{"t":"idOrVar","v":"dunSettings"}]},{"$i":"imsSettings","$v":"IMS Settings"},{"$i":"imsSettings-header2","$v":[{"t":"idOrVar","v":"imsSettings"}]},{"$i":"apn-editor-header","$v":"APN Editor"},{"$i":"mmsport","$v":"Port MMS"},{"$i":"mmsproxy","$v":"Proxy MMS"},{"$i":"mmsc","$v":"MMSC"},{"$i":"httpProxyHost","$v":"Gazdă proxy HTTP"},{"$i":"httpProxyPort","$v":"Port proxy HTTP"},{"$i":"custom","$v":"(setări personalizate)"},{"$i":"apn-authType","$v":"Autentificare"},{"$i":"apn-authType-notDefined","$v":"Nedefinită"},{"$i":"apn-authType-none","$v":"Nimic"},{"$i":"apn-authType-pap","$v":"PAP"},{"$i":"apn-authType-chap","$v":"CHAP"},{"$i":"apn-authType-papOrChap","$v":"PAP sau CHAP"},{"$i":"apn-protocol","$v":"Protocol"},{"$i":"apn-roaming-protocol","$v":"Roaming Protocol"},{"$i":"apn-protocol-notDefined","$v":"Nedefinit"},{"$i":"apn-protocol-ip","$v":"IPv4"},{"$i":"apn-protocol-ipv6","$v":"IPv6"},{"$i":"apn-protocol-ipv4v6","$v":"IPv4/IPv6"},{"$i":"apn-type","$v":"APN Type"},{"$i":"dataConnection-warning-head","$v":"Pornești conexiunea de date?"},{"$i":"dataConnection-warning-message","$v":"Aplicațiile vor culege automat date via conexiunea de date când este necesar. Se pot aplica costuri în plus pentru traficul de date."},{"$i":"dataRoaming-warning-head","$v":"Pornești roamingul de date?"},{"$i":"dataRoaming-warning-message","$v":"În funcție de contractul serviciului, se pot aplica costuri în plus pentru traficul de date când ești într-o zonă roaming."},{"$i":"change-apn-warning-message1","$v":"Depending on your service agreement, changing your APN setting may result in extra charges when roaming. Do you want to proceed?"},{"$i":"reset-apn-warning-title","$v":"Reset to Default"},{"$i":"reset-apn-warning-message","$v":"This resets the settings to default values. This cannot be undone."},{"$i":"state-unknown","$v":"Stare necunoscută"},{"$i":"state-available","$v":"Disponibil"},{"$i":"state-connected","$v":"Conectat"},{"$i":"state-current","$v":"Conectat"},{"$i":"state-forbidden","$v":"Interzis"},{"$i":"delete-apn-confirm","$v":"Delete this APN?"},{"$i":"delete-apn","$v":"Șterge"},{"$i":"add-apn","$v":"Add New APN"},{"$i":"reset-apn","$v":"Reset to Default"},{"$i":"apnSettings-reset","$v":"APN settings reset"},{"$i":"bluetooth","$v":"Bluetooth"},{"$i":"bluetooth-header","$v":[{"t":"idOrVar","v":"bluetooth"}]},{"$i":"bluetooth-enable-msg","$v":"Pornește Bluetooth pentru a vedea dispozitive din zonă."},{"$i":"bluetooth-paired-devices","$v":"Dispozitive asociate"},{"$i":"bluetooth-devices-in-area","$v":"Dispozitive din zonă"},{"$i":"bluetooth-visible-to-all","$v":"Vizibil pentru toți"},{"$i":"bluetooth-name-maxlength-alert","$v":["Numele dispozitivului depășește ",{"t":"idOrVar","v":"length"}," caractere. Te rugăm să reîncerci."]},{"$i":"bluetooth-address","$v":"Adresă Bluetooth"},{"$i":"bluetooth-address-unavailable","$v":"Indisponibil"},{"$i":"bt-status-nopaired","$v":"Niciun dispozitiv asociat"},{"$i":"bt-status-turnoff","$v":"Oprit"},{"$i":"bt-status-paired","$v":{"zero":[{"t":"idOrVar","v":"name"}],"one":[{"t":"idOrVar","v":"name"}," + încă ",{"t":"idOrVar","v":"n"}],"two":[{"t":"idOrVar","v":"name"}," + încă ",{"t":"idOrVar","v":"n"}],"few":[{"t":"idOrVar","v":"name"}," + încă ",{"t":"idOrVar","v":"n"}],"many":[{"t":"idOrVar","v":"name"}," + încă ",{"t":"idOrVar","v":"n"}],"other":[{"t":"idOrVar","v":"name"}," + încă ",{"t":"idOrVar","v":"n"}]},"$x":[{"t":"idOrVar","v":"plural"},"n"]},{"$i":"device-status-tap-connect","$v":"Apasă pentru conectare"},{"$i":"device-status-pairing","$v":"Se asociază cu dispozitivul…"},{"$i":"device-status-waiting","$v":"Se așteaptă după celălalt dispozitiv…"},{"$i":"device-status-paired","$v":"Asociat"},{"$i":"device-status-connecting","$v":"Conectare…"},{"$i":"device-status-connected","$v":"Conectat"},{"$i":"device-status-connected-media","$v":"Conectat la sistemul audio media"},{"$i":"device-option-unpair","$v":"Dezasociază"},{"$i":"device-option-confirm","$v":"Confirm"},{"$i":"device-option-unpair-confirmation","$v":"Confirmare"},{"$i":"device-option-unpair-device","$v":"Dezasociezi dispozitivul?"},{"$i":"device-option-connect","$v":"Conectare"},{"$i":"device-option-disconnect","$v":"Deconectare"},{"$i":"search-for-device","$v":"Se caută dispozitive…"},{"$i":"search-device","$v":"Caută dispozitive"},{"$i":"rename-device","$v":"Redenumește-mi dispozitivul"},{"$i":"unnamed-device","$v":"Dispozitiv necunoscut"},{"$i":"change-phone-name-desc","$v":"Schimbă numele dispozitivul așa cum apare în calculator"},{"$i":"bluetooth-new-name","$v":"Nume nou"},{"$i":"error-pair-title","$v":"Nu se pot asocia dispozitive"},{"$i":"error-pair-pincode","$v":"Nu se poate asocia cu dispozitivul. Verifică ca codul PIN să fie corect."},{"$i":"error-pair-toofast","$v":"Nu s-a putut asocia cu dispozitivul. Prea multe cereri."},{"$i":"error-connect-title","$v":"Nu se poate conecta la dispozitive"},{"$i":"error-connect-msg","$v":"Verifică ca dispozitivul cu care încerci să te conectezi este încă în rază și are Bluetooth pornit."},{"$i":"unpair-title","$v":"Dezasociezi un dispozitiv conectat?"},{"$i":"unpair-msg","$v":"În prezent ești conectat la acest dispozitiv. Dezasocierea va duce și la deconectarea de acesta."},{"$i":"nfc","$v":"NFC"},{"$i":"SSIDCannotBeEmpty","$v":"SSID-ul nu poate să fie necompletat"},{"$i":"internetSharing","$v":"Internet Sharing"},{"$i":"internetSharing-header","$v":[{"t":"idOrVar","v":"internetSharing"}]},{"$i":"internetSharing-usb","$v":"USB"},{"$i":"internetSharing-wifi","$v":"Wi-Fi"},{"$i":"wifi-hotspot","$v":"Wi-Fi Hotspot"},{"$i":"wifi-name","$v":"Nume"},{"$i":"wifi-password","$v":"Parolă"},{"$i":"wifi-security","$v":"Securitate"},{"$i":"usb-tethering","$v":"USB Tethering"},{"$i":"hotspotSettings","$v":"Hotspot Settings"},{"$i":"wifi-auth-username","$v":"Utilizator"},{"$i":"wifi-auth-password","$v":"Parolă"},{"$i":"wifi-join-username","$v":"Utilizator"},{"$i":"wifi-join-password","$v":"Parolă"},{"$i":"hotspotSettings-header","$v":[{"t":"idOrVar","v":"hotspotSettings"}]},{"$i":"ssid-name","$v":"SSID Network Name"},{"$i":"hotspot-open","$v":"deschisă"},{"$i":"hotspot-wpa-psk","innerHTML":"WPA (TKIP)"},{"$i":"hotspot-wpa2-psk","innerHTML":"WPA2 (AES)"},{"$i":"hotspot-password-desc","$v":"Parola trebuie să aibă cel puțin 8 caractere."},{"$i":"personalization","$v":"Personalizare"},{"$i":"sound","$v":"Sunet"},{"$i":"sound-header","$v":[{"t":"idOrVar","v":"sound"}]},{"$i":"volume","$v":"Volum"},{"$i":"tones","$v":"Tonuri"},{"$i":"touch-tones","$v":"Tonuri audio la atingere"},{"$i":"touch-tone-short","$v":"Scurte"},{"$i":"touch-tone-long","$v":"Lungi"},{"$i":"select-tone","$v":"Selectează un ton"},{"$i":"ringtones","$v":"Tonuri de apel"},{"$i":"alerts","$v":"Alerte"},{"$i":"manage-tones","$v":"Manage Tones"},{"$i":"other-sounds","$v":"Other Sounds"},{"$i":"unlock-screen","$v":"Ecran de deblocare"},{"$i":"camera","$v":"Camera"},{"$i":"sent-message","$v":"Mesaj trimis"},{"$i":"alarm-sound","$v":"Alarmă"},{"$i":"ringtone-and-notification-sound","$v":"Ringtones & Notifications"},{"$i":"media-sound","$v":"Media"},{"$i":"saving-tone","$v":"Saving…"},{"$i":"no-ringtone-app","$v":"We were unable to find a ringtone app to manage ringtones!"},{"$i":"display","$v":"Afișaj"},{"$i":"display-header","$v":[{"t":"idOrVar","v":"display"}]},{"$i":"brightness","$v":"Luminozitate"},{"$i":"brightness-autoAdjust","$v":"Ajustează automat"},{"$i":"lockScreen","$v":"Lock Screen"},{"$i":"wallpaper","$v":"Fundal"},{"$i":"screen-timeout","$v":"Screen Timeout"},{"$i":"one-minute","$v":"1 minut"},{"$i":"two-minutes","$v":"2 minute"},{"$i":"five-minutes","$v":"5 minute"},{"$i":"ten-minutes","$v":"10 minute"},{"$i":"never","$v":"Niciodată"},{"$i":"lock-orientation","$v":"Lock Orientation"},{"$i":"navigation","$v":"Navigation"},{"$i":"navigation-header","$v":[{"t":"idOrVar","v":"navigation"}]},{"$i":"edge-swipe-navigation","$v":"Edge Swipe Navigation"},{"$i":"edge-swipe-navigation-enable-msg","$v":"Drag from the left or right edge of the screen to jump between apps."},{"$i":"notifications","$v":"Notificări"},{"$i":"notifications-header","$v":[{"t":"idOrVar","v":"notifications"}]},{"$i":"lockscreen-notifications","$v":"Arată pe blocare ecran"},{"$i":"notifications-resend","$v":"Show after reboot"},{"$i":"dateAndTime","$v":"Dată și oră"},{"$i":"dateAndTime-header","$v":[{"t":"idOrVar","v":"dateAndTime"}]},{"$i":"setTimeAutomatically","$v":"Set Automatically"},{"$i":"setTimeManually","$v":"Set Manually"},{"$i":"timezoneMessage","$v":"Time Zone"},{"$i":"dateMessage","$v":"Dată"},{"$i":"timeMessage","$v":"Oră"},{"$i":"selectTimezoneContinent","$v":"Selectează continentul"},{"$i":"selectTimezone","$v":"Selectează fusul orar"},{"$i":"time-format","$v":"Format"},{"$i":"time-format-time","$v":"Time Format"},{"$i":"hour-12","$v":"12-hour"},{"$i":"hour-24","$v":"24-hour"},{"$i":"languageAndRegion","$v":"Limbă și regiune"},{"$i":"language","$v":"Limbă"},{"$i":"language-header","$v":[{"t":"idOrVar","v":"language"}]},{"$i":"region","$v":"Regiune"},{"$i":"more-languages","$v":"Get More Languages"},{"$i":"sample-format","$v":"Format model"},{"$i":"longDateFormat","$v":"%A, %d %B %Y"},{"$i":"simManager","$v":"SIM Manager"},{"$i":"simManager-header","$v":[{"t":"idOrVar","v":"simManager"}]},{"$i":"simSettings","$v":"SIM Settings"},{"$i":"sim-manager-outgoing-calls","$v":"Outgoing Calls"},{"$i":"sim-manager-outgoing-call-desc","$v":"Apelurile vor fi trimise de la"},{"$i":"sim-manager-outgoing-messages","$v":"Outgoing Messages"},{"$i":"sim-manager-outgoing-messages-desc","$v":"SMS-ul va fi trimis de la"},{"$i":"sim-manager-outgoing-data","$v":"Date"},{"$i":"sim-manager-outgoing-data-description","$v":"Data service network and Marketplace payments"},{"$i":"sim-manager-always-ask","$v":"Întreabă mereu"},{"$i":"sim-pin-locked","$v":"Codul PIN blocat"},{"$i":"no-operator","$v":"Niciun operator"},{"$i":"cant-disable-simcard-alert","$v":"Cel puțin o cartelă SIM trebuie activată odată"},{"$i":"disable-simcard-confirm","$v":["Cartela SIM ",{"t":"idOrVar","v":"disableCardIndex"}," nu poate primi niciun apel sau mesaj. Apelurile efectuate și mesajele trimise care sunt setate cartelei SIM ",{"t":"idOrVar","v":"disableCardIndex"}," vor fi dezactivate."]},{"$i":"change-outgoing-data-confirm","$v":"Transferul de date actual va fi suspendat. Continui oricum?"},{"$i":"homescreen","$v":"Homescreen"},{"$i":"vertical-homescreen-header","$v":"Homescreen"},{"$i":"vertical-homescreen-layout","$v":"Layout"},{"$i":"vertical-homescreen-icon-layout","$v":"Icon Layout"},{"$i":"vertical-homescreen-three-columns","$v":"Three Columns"},{"$i":"vertical-homescreen-four-columns","$v":"Four Columns"},{"$i":"notice","$v":"Notice"},{"$i":"search","$v":"Search"},{"$i":"search-header","$v":"Search"},{"$i":"search-engine","$v":"Search Engine"},{"$i":"search-suggestions","$v":"Search Suggestions"},{"$i":"search-suggestions-description","$v":"The characters you type when entering a search are sent to multiple search providers and will be used to send you search suggestions. Additional data charges may apply when using this feature."},{"$i":"homescreens","$v":"Homescreens"},{"$i":"homescreens-header","$v":[{"t":"idOrVar","v":"homescreens"}]},{"$i":"changeHomescreen","$v":"Schimbă ecranul principal"},{"$i":"changeHomescreenButton","$v":"Schimbă"},{"$i":"description","$v":"Descriere"},{"$i":"keyboardSettings","$v":"Keyboard Settings"},{"$i":"selectedKeyboards","$v":"Selected Keyboards"},{"$i":"keyboards","$v":"Tastaturi"},{"$i":"keyboards-header","$v":[{"t":"idOrVar","v":"keyboards"}]},{"$i":"numberKeyboardLayouts","$v":"Aranjamente de numere"},{"$i":"optionKeyboardLayouts","$v":"Aranjamente de opțiuni"},{"$i":"keypad","$v":"Tastatură"},{"$i":"dialpad","$v":"Dial Pad"},{"$i":"selectKeyboards","$v":"Select Keyboards"},{"$i":"selectKeyboards-header","$v":[{"t":"idOrVar","v":"selectKeyboards"}]},{"$i":"mustHaveOneKeyboard","$v":["Cel puțin o tastatură ",{"t":"idOrVar","v":"type"}," trebuie să fie selectată"]},{"$i":"keyboardType-text","$v":"text"},{"$i":"keyboardType-url","$v":"url"},{"$i":"keyboardType-number","$v":"număr"},{"$i":"defaultKeyboardEnabled","$v":[{"t":"idOrVar","v":"appName"}," ",{"t":"idOrVar","v":"layoutName"}," e setată ca metodă de intrare implicită"]},{"$i":"themes","$v":"Themes"},{"$i":"themes-header","$v":[{"t":"idOrVar","v":"themes"}]},{"$i":"fxa","$v":"Firefox Accounts"},{"$i":"accounts","$v":"Account Management"},{"$i":"fxa-accounts","$v":"Firefox Accounts"},{"$i":"fxa-accounts-header","$v":[{"t":"idOrVar","v":"fxa-accounts"}]},{"$i":"fxa-overview","$v":"Contul tău Firefox îți permite să folosești funcții precum Găsește-mi dispozitivul și aplicații precum Firefox Marketplace."},{"$i":"fxa-invitation","$v":"Create Account or Sign In"},{"$i":"fxa-confirm-account","$v":"Confirmă contul"},{"$i":"fxa-verification-email-sent-msg","$v":["Vom trimite un e-mail către: ",{"t":"idOrVar","v":"email"}]},{"$i":"fxa-please-verify","$v":"Clic pe legătura de verificare din e-mail pentru a confirma contul."},{"$i":"fxa-cancel-confirmation","$v":"Anulează confirmarea contului"},{"$i":"fxa-resend-alert","$v":["O legătură de verificare a fost trimisă către ",{"t":"idOrVar","v":"email"}]},{"$i":"fxa-dont-see-email","$v":["Don’t see an email? ",{"t":"idOrVar","v":"resend"},"."]},{"$i":"fxa-resend","$v":"Resend"},{"$i":"fxa-about","$v":"About"},{"$i":"fxa-logged-in-text","$v":["Signed in as ",{"t":"idOrVar","v":"email"}]},{"$i":"fxa-signed-in-header","$v":"Signed In"},{"$i":"fxa-marketplace-app","$v":"Marketplace"},{"$i":"fxa-find-my-device-app","$v":"Găsește-mi dispozitivul"},{"$i":"fxa-options","$v":"Options"},{"$i":"fxa-sign-out","$v":"Sign Out"},{"$i":"fxa-confirm-email","$v":["Te rugăm să confirmi ",{"t":"idOrVar","v":"email"}]},{"$i":"findmydevice","$v":"Găsește-mi dispozitivul"},{"$i":"findmydevice-create-account","$v":"Create account or sign in"},{"$i":"findmydevice-enable","$v":"Activează Găsește-mi dispozitivul"},{"$i":"findmydevice-about","$v":"Despre Găsește-mi dispozitivul"},{"$i":"findmydevice-enable-geolocation-prompt","$v":"Enable Geolocation?"},{"$i":"findmydevice-enable-geolocation-description","$v":"To view your device's location, you must enable geolocation tracking."},{"$i":"findmydevice-geolocation-enabled","$v":"Geolocation Enabled"},{"$i":"findmydevice-enable-network","$v":"This device is currently offline. Connect to a network and try again."},{"$i":"findmydevice-error","$v":"S-a produs o eroare Găsește-mi dispozitivul."},{"$i":"findmydevice-please-try","$v":"Please try again."},{"$i":"findmydevice-please-tap","$v":"Please tap to try again."},{"$i":"privacyAndSecurity","$v":"Confidențialitate și securitate"},{"$i":"passcode-lock","$v":"Passcode Lock"},{"$i":"passcode-lock-desc","$v":["Cod de acces: ",{"t":"idOrVar","v":"code"}]},{"$i":"screenLock","$v":"Screen Lock"},{"$i":"screenLock-header","$v":[{"t":"idOrVar","v":"screenLock"}]},{"$i":"simSecurity","$v":"SIM Security"},{"$i":"simSecurity-header","$v":[{"t":"idOrVar","v":"simSecurity"}]},{"$i":"appPermissions","$v":"App Permissions"},{"$i":"appPermissions-header","$v":[{"t":"idOrVar","v":"appPermissions"}]},{"$i":"author","$v":"Autor"},{"$i":"permissions","$v":"Permisiuni"},{"$i":"revoke","$v":"Retrage"},{"$i":"ask","$v":"Întreabă"},{"$i":"deny","$v":"Refuză"},{"$i":"allow","$v":"Acordă"},{"$i":"uninstallApp","$v":"Uninstall App"},{"$i":"phone","$v":"Telefon"},{"$i":"messages","$v":"Mesaje"},{"$i":"vibrate","$v":"Vibrații"},{"$i":"ring","$v":"Sonerie"},{"$i":"change","$v":"Schimbă"},{"$i":"create","$v":"Crează"},{"$i":"create-a-passcode","$v":"Create a Passcode"},{"$i":"passcode","$v":"Cod de acces"},{"$i":"passcode-heading","$v":"Cod de acces"},{"$i":"enter-passcode","$v":"Enter passcode"},{"$i":"new-passcode","$v":"New passcode"},{"$i":"current-passcode","$v":"Current passcode"},{"$i":"incorrect-passcode","$v":"Codul de acces este incorect"},{"$i":"passcode-doesnt-match","$v":"Codul de acces nu se potrivește. Încearcă din nou."},{"$i":"confirm-passcode","$v":"Confirm Passcode"},{"$i":"immediately","$v":"Imediat"},{"$i":"after-one-minute","$v":"După 1 minut"},{"$i":"after-five-minutes","$v":"După 5 minute"},{"$i":"after-fifteen-minutes","$v":"After 15 minute"},{"$i":"after-thirty-minutes","$v":"După 30 de minute"},{"$i":"after-one-hour","$v":"După 1 oră"},{"$i":"require-passcode","$v":"Necesită cod de acces"},{"$i":"change-passcode","$v":"Change passcode"},{"$i":"noSimCard","$v":"Nicio cartelă SIM"},{"$i":"simPin","$v":"Cod PIN"},{"$i":"simPin2","$v":"PIN2 pt. SIM"},{"$i":"simPinWithIndex","$v":["Codul PIN al cartelei SIM ",{"t":"idOrVar","v":"index"}]},{"$i":"pukCode","$v":"Cod PUK"},{"$i":"puk2Code","$v":"Cod PUK2"},{"$i":"whatIsSimPin","$v":"Ce este un cod PIN pentru cartela SIM?"},{"$i":"simPinIntro1","$v":"Un cod PIN împiedică accesul la rețelele telefonice de date ale cartelei SIM. Când codul este activ, orice telefon care conține o cartelă SIM va solicita codul PIN la repornire."},{"$i":"simPinIntro2","$v":"Un cod PIN nu este același lucru cu codul de acces folosit pentru a debloca dispozitivul."},{"$i":"changeSimPin","$v":"Schimbă codul PIN"},{"$i":"simPinChangedSuccessfully","$v":"Codul PIN schimbat cu succes"},{"$i":"simPinChangedSuccessfullyWithIndex","$v":["Codul PIN al cartelei SIM ",{"t":"idOrVar","v":"index"}," schimbat cu succes"]},{"$i":"pinTitle","$v":"Introdu codul PIN"},{"$i":"pin2Title","$v":"Introdu codul PIN2 SIM"},{"$i":"pukTitle","$v":"Introdu codul PUK"},{"$i":"puk2Title","$v":"Introdu codul PUK2"},{"$i":"newpinTitle","$v":"Cod PIN nou"},{"$i":"inputCodeRetriesLeft","$v":{"one":"ultima încercare.","two":[{"t":"idOrVar","v":"n"}," încercări rămase."],"few":[{"t":"idOrVar","v":"n"}," încercări rămase."],"many":[{"t":"idOrVar","v":"n"}," încercări rămase."],"other":[{"t":"idOrVar","v":"n"}," încercări rămase."]},"$x":[{"t":"idOrVar","v":"plural"},"n"]},{"$i":"pinAttemptMsg3","$v":{"one":"Ai o încercare rămasă pentru a introduce codul corect înainte de a bloca cartela SIM.","two":["Ai ",{"t":"idOrVar","v":"n"}," încercări rămase pentru a introduce codul corect înainte de a bloca cartela SIM."],"few":["Ai ",{"t":"idOrVar","v":"n"}," încercări rămase pentru a introduce codul corect înainte de a bloca cartela SIM."],"many":["Ai ",{"t":"idOrVar","v":"n"}," încercări rămase pentru a introduce codul corect înainte de a bloca cartela SIM."],"other":["Ai ",{"t":"idOrVar","v":"n"}," încercări rămase pentru a introduce codul corect înainte de a bloca cartela SIM."]},"$x":[{"t":"idOrVar","v":"plural"},"n"]},{"$i":"pinLastChanceMsg","$v":"Aceasta este ultima ta șansă pentru a introduce codul PIN corect. În caz contrar, trebuie să introduci codul PUK pentru a folosi această cartelă SIM."},{"$i":"simCardLockedMsg","$v":"Cartela SIM este blocată."},{"$i":"simCardBlockedMsg","$v":"Cartela SIM este blocată."},{"$i":"enterPukMsg","$v":"Trebuie să introduci codul cheii personale de deblocare (PUK) pentru cartela SIM. Consultă documentația cartelei SIM sau contactează operatorul pentru mai multe informații."},{"$i":"enterPuk2Msg","$v":"Trebuie să introduci codul cheii personale de deblocare (PUK2) pentru cartela SIM. Consultă documentația cartelei SIM sau contactează operatorul pentru mai multe informații."},{"$i":"pukErrorMsg","$v":"Codul PUK este incorect."},{"$i":"pukAttemptMsg3","$v":{"one":"Ai o încercare rămasă pentru a introduce codul corect înainte ca această cartelă SIM să devină inutilizabilă permanent. Consultă documentația cartelei SIM sau contactează operatorul pentru mai multe informații.","two":["Ai ",{"t":"idOrVar","v":"n"}," încercări rămase pentru a introduce codul corect înainte ca această cartelă SIM să devină inutilizabilă permanent. Consultă documentația cartelei SIM sau contactează operatorul pentru mai multe informații."],"few":["Ai ",{"t":"idOrVar","v":"n"}," încercări rămase pentru a introduce codul corect înainte ca această cartelă SIM să devină inutilizabilă permanent. Consultă documentația cartelei SIM sau contactează operatorul pentru mai multe informații."],"many":["Ai ",{"t":"idOrVar","v":"n"}," încercări rămase pentru a introduce codul corect înainte ca această cartelă SIM să devină inutilizabilă permanent. Consultă documentația cartelei SIM sau contactează operatorul pentru mai multe informații."],"other":["Ai ",{"t":"idOrVar","v":"n"}," încercări rămase pentru a introduce codul corect înainte ca această cartelă SIM să devină inutilizabilă permanent. Consultă documentația cartelei SIM sau contactează operatorul pentru mai multe informații."]},"$x":[{"t":"idOrVar","v":"plural"},"n"]},{"$i":"pukLastChanceMsg","$v":"Ultima șansă pentru a introduce codul PUK corect. Cartela ta SIM va deveni inutilizabilă permanent dacă introduci codul PUK greșit. Consultă documentația cartelei SIM sau contactează operatorul pentru mai multe informații."},{"$i":"newSimPinMsg","$v":"Crează un cod PIN (trebuie să conțină între 4 și 8 cifre)"},{"$i":"newSimPin2Msg","$v":"Crează un cod PIN2 (trebuie să conțină între 4 și 8 cifre)"},{"$i":"confirmNewSimPinMsg","$v":"Confirmă codul PIN nou"},{"$i":"confirmNewSimPin2Msg","$v":"Confirmă noul cod PIN2"},{"$i":"newPinErrorMsg","$v":"Codurile PIN nu se potrivesc"},{"$i":"simLockedPhone","$v":"Telefon blocat în SIM"},{"$i":"unknownSimCardState","$v":"Stare necunoscută a cartelei SIM"},{"$i":"simCardNotReady","$v":"Cartela SIM nepregătită"},{"$i":"simCardIllegal","$v":"Cartelă SIM neautorizată"},{"$i":"doNotTrack","$v":"Nu mă urmări"},{"$i":"doNotTrack-header","$v":[{"t":"idOrVar","v":"doNotTrack"}]},{"$i":"doNotTrackActions","$v":"Spune saiturilor și aplicațiilor că nu vreau să fiu urmărit"},{"$i":"allowTracking","$v":"Spune saiturilor și aplicațiilor că vreau să fiu urmărit"},{"$i":"doNotHavePrefOnTracking","$v":"Nu spune nimic saiturilor și aplicațiilor despre preferințele mele de urmărire"},{"$i":"doNotTrack-dt","$v":"Cum funcționează „Nu mă urmări”?"},{"$i":"doNotTrack-dd1","$v":"When you turn on Do Not Track, your device tells every website and app (as well as advertisers and other content providers) that you do not want your behavior tracked."},{"$i":"doNotTrack-dd2","$v":"Turning on Do Not Track will not affect your ability to sign in to websites nor cause your device to forget your private information, such as the contents of shopping carts, location information or sign-in information."},{"$i":"browsingPrivacy","$v":"Browsing Privacy"},{"$i":"browsingPrivacy-header","$v":[{"t":"idOrVar","v":"browsingPrivacy"}]},{"$i":"confirm-clear-title","$v":"Confirmare"},{"$i":"clear-browsing-history","$v":"Clear browsing history"},{"$i":"confirm-clear-browsing-history","$v":"Clear browsing history?"},{"$i":"clear-cookies-and-stored-data","$v":"Clear cookies and stored data"},{"$i":"confirm-clear-cookies-and-stored-data","$v":"Clear cookies and other data stored by sites on this device?"},{"$i":"clear","$v":"Curăță"},{"$i":"privacy-controls","$v":"Privacy Controls"},{"$i":"no-privacy-panel","$v":"No privacy panel app found"},{"$i":"storage","$v":"Stocare"},{"$i":"enableUSBStorage1","$v":"USB Storage"},{"$i":"umsUnplugToDisable","$v":"Deconectează cablul USB pentru a dezactiva"},{"$i":"appStorage","$v":"Application Storage"},{"$i":"appStorage-header","$v":[{"t":"idOrVar","v":"appStorage"}]},{"$i":"storageSize","$v":[{"t":"idOrVar","v":"size"}," ",{"t":"idOrVar","v":"unit"}]},{"$i":"availableSize","$v":{"zero":[{"t":"idOrVar","v":"size"}," ",{"t":"idOrVar","v":"unit"}," disponibil"],"one":[{"t":"idOrVar","v":"size"}," ",{"t":"idOrVar","v":"unit"}," disponibil"],"two":[{"t":"idOrVar","v":"size"}," ",{"t":"idOrVar","v":"unit"}," disponibil"],"few":[{"t":"idOrVar","v":"size"}," ",{"t":"idOrVar","v":"unit"}," disponibil"],"many":[{"t":"idOrVar","v":"size"}," ",{"t":"idOrVar","v":"unit"}," disponibil"],"other":[{"t":"idOrVar","v":"size"}," ",{"t":"idOrVar","v":"unit"}," disponibil"]},"$x":[{"t":"idOrVar","v":"plural"},"size"]},{"$i":"apps-total-space","$v":"Total Space"},{"$i":"apps-used-space","$v":"Folosit"},{"$i":"apps-free-space","$v":"Rămas"},{"$i":"storage-details","$v":"Fotografiile, videoclipurile și muzica sunt stocate separat de aplicații. Vezi stocare media pentru detalii."},{"$i":"ums-shared-volumes","$v":[{"t":"idOrVar","v":"list"}," partajat"]},{"$i":"transferProtocol-header","$v":"Transfer Protocol"},{"$i":"protocol-mtp","$v":"Media transfer protocol (MTP)"},{"$i":"protocol-ums","$v":"USB mass Storage (UMS)"},{"$i":"mediaStorage","$v":"Media Storage"},{"$i":"mediaStorage-header","$v":[{"t":"idOrVar","v":"mediaStorage"}]},{"$i":"storage-name-internal","$v":"Internal Storage"},{"$i":"storage-name-external-0","$v":"Stocare în cardul SD"},{"$i":"storage-name-external-1","$v":"Stocare în cardul SD 2"},{"$i":"short-storage-name-internal","$v":"Intern"},{"$i":"short-storage-name-external-0","$v":"Card SD"},{"$i":"short-storage-name-external-1","$v":"Card SD 2"},{"$i":"music-space","$v":"Muzică"},{"$i":"pictures-space","$v":"Imagini"},{"$i":"videos-space","$v":"Videoclipuri"},{"$i":"left-space","$v":"Spațiu rămas"},{"$i":"free-space","$v":"Spațiu rămas"},{"$i":"total-space","$v":"Total space"},{"$i":"size-not-available","$v":"Indisponibil"},{"$i":"no-storage","$v":"Niciun spațiu de stocare găsit"},{"$i":"advanced","$v":"Avansat"},{"$i":"ums-warning-title","$v":"Activezi stocarea USB?"},{"$i":"default-media-location","$v":"Default Media Location"},{"$i":"default-media-location-msg","$v":"Alege locul unde fotografiile, videoclipurile, muzica și descărcările sunt stocate implicit."},{"$i":"change-default-media-location-confirmation","$v":"Modificarea locului de stocare media implicită va afecta locul unde toate fișierele media vor fi salvate implicit. Datele existente vor rămâne în locul său curent. Doriți să continuați?"},{"$i":"eject-sdcard-external-0","$v":"Eject SD card"},{"$i":"eject-sdcard-external-1","$v":"Eject SD card 2"},{"$i":"format-sdcard-internal","$v":"Format internal storage"},{"$i":"format-sdcard-external-0","$v":"Format SD card"},{"$i":"format-sdcard-external-1","$v":"Formatează cardul SD 2"},{"$i":"formatting","$v":"Formatting…"},{"$i":"unmount-sdcard-confirmation","$v":"You will not be able to access content on the SD card after you unmount it. Do you want to proceed?"},{"$i":"format-sdcard-title","$v":"Formatează cardul SD"},{"$i":"format-sdcard-message","$v":"Acest lucru va șterge toate datele stocate pe cardul SD, precum muzica și fotografiile."},{"$i":"format-sdcard-internal-title","$v":"Format internal storage"},{"$i":"format-sdcard-internal-message","$v":"This will erase all data stored on your internal storage, such as music and photos."},{"$i":"format-sdcard-btnformat","$v":"Format"},{"$i":"sdcardUnmounted","$v":"SD card unmounted"},{"$i":"device","$v":"Dispozitiv"},{"$i":"help","$v":"Ajutor"},{"$i":"deviceInfo","$v":"Device Information"},{"$i":"deviceInfo-header","$v":[{"t":"idOrVar","v":"deviceInfo"}]},{"$i":"deviceInfo-IMEI","$v":"Cod IMEI"},{"$i":"deviceInfo-ICCID","$v":"ICCID"},{"$i":"deviceInfo-MSISDN","$v":"Phone Number"},{"$i":"deviceInfo-ICCID-unavailable-sim","$v":["SIM ",{"t":"idOrVar","v":"index"},": Indisponibil"]},{"$i":"downloads","$v":"Descărcări"},{"$i":"downloads-header","$v":[{"t":"idOrVar","v":"downloads"}]},{"$i":"unknown-phoneNumber","$v":"Necunoscută"},{"$i":"unknown-phoneNumber-sim","$v":["SIM ",{"t":"idOrVar","v":"index"},": Necunoscut"]},{"$i":"gitInfo","$v":"Git Commit Info"},{"$i":"developer","$v":"Dezvoltator"},{"$i":"developer-header","$v":[{"t":"idOrVar","v":"developer"}]},{"$i":"hud-settings-button","$v":"HUD dezvoltator"},{"$i":"hud-settings-header","$v":[{"t":"idOrVar","v":"hud-settings-button"}]},{"$i":"hud-devtools","$v":"Developer tools"},{"$i":"hud-devtools-header","$v":[{"t":"idOrVar","v":"hud-devtools"}]},{"$i":"hud-logging","$v":"Log changes in ADB"},{"$i":"hud-system","$v":"Show system HUD"},{"$i":"hud-problems","$v":"Probleme"},{"$i":"hud-warnings","$v":"Avertismente"},{"$i":"hud-errors","$v":"Erori"},{"$i":"hud-security","$v":"Probleme de securitate"},{"$i":"hud-performance","$v":"Performanță"},{"$i":"hud-reflows","$v":"Reflows"},{"$i":"hud-jank","$v":"Jank"},{"$i":"jank-threshold","$v":"Jank Threshold"},{"$i":"hud-fps","$v":"Cadre per secundă"},{"$i":"hud-ttl","$v":"Timp de încărcare"},{"$i":"hud-memory","$v":"Memorie"},{"$i":"hud-uss","$v":"Unique Set Size"},{"$i":"hud-appmemory","$v":"Memoria aplicației"},{"$i":"hud-jsobjects","$v":"Obiecte JS"},{"$i":"hud-jsstrings","$v":"Șiruri JS"},{"$i":"hud-jsother","$v":"JS other"},{"$i":"hud-dom","$v":"DOM"},{"$i":"hud-style","$v":"Style"},{"$i":"hud-other","$v":"Other"},{"$i":"software","$v":"Software"},{"$i":"devSettings","$v":"Developer Settings"},{"$i":"debug","$v":"Depanare"},{"$i":"developer-menu","$v":"Meniu pt. dezvoltatori"},{"$i":"developer-tools","$v":"Developer Tools"},{"$i":"graphics","$v":"Graphics"},{"$i":"hardware-composer","$v":"Hardware composer"},{"$i":"paint-flashing","$v":"Zona revopsită flash"},{"$i":"dumps-layers","$v":"Dump layers tree"},{"$i":"dumps-layerscope","$v":"Dump layerscope"},{"$i":"apz-overscroll","$v":"Overscrolling"},{"$i":"tiling","$v":"Tiling"},{"$i":"low-precision","$v":"Low-precision painting"},{"$i":"low-opacity","$v":"Low-precision transparency"},{"$i":"draw-tile-borders","$v":"Draw tile borders"},{"$i":"draw-layer-borders","$v":"Draw layer borders"},{"$i":"log-animations","$v":"Înreg. animațiile lente"},{"$i":"remote-debugging-usb","$v":"Debugging via USB"},{"$i":"dev-tools-wifi","$v":"DevTools via Wi-Fi"},{"$i":"dev-tools-qps","$v":"Pseudo-localization"},{"$i":"debugger-disabled","$v":"Dezactivat"},{"$i":"debugger-adb-only","$v":"Doar ADB"},{"$i":"debugger-adb-and-devtools","$v":"ADB and DevTools"},{"$i":"wifi-debugging","$v":"Ieșire Wi-Fi în ADB"},{"$i":"bluetooth-debugging","$v":"Ieșire Bluetooth în ADB"},{"$i":"bluetooth-snoop-debugging","$v":"Bluetooth HCI sniffing logs to sdcard"},{"$i":"nfc-debugging","$v":"Ieșire Wi-Fi în ADB"},{"$i":"ril-debugging","$v":"RIL output in ADB"},{"$i":"console-enabled","$v":"Consolă activată"},{"$i":"cards-view-screenshots","$v":"Cards View: Screenshots"},{"$i":"geolocation-debugging-enabled","$v":"Geolocation output in ADB"},{"$i":"geolocation-debugging-gps-locations-ignored","$v":"Ignore GPS locations"},{"$i":"use-reviewer-certs","$v":"Use Marketplace reviewer certs"},{"$i":"shake-to-log","$v":"Shake to save system log"},{"$i":"model-name","$v":"Model"},{"$i":"os-version","$v":"OS Version"},{"$i":"firmware_revision","$v":"Firmware Revision"},{"$i":"hardware_revision","$v":"Hardware Revision"},{"$i":"platform_version","$v":"Platform Version"},{"$i":"build-id","$v":"Identificator de build"},{"$i":"update-channel","$v":"Update Channel"},{"$i":"build_number","$v":"Build Number"},{"$i":"update-url","$v":"Update URL"},{"$i":"last-updated","$v":"Ultima actualizare"},{"$i":"more-info","$v":"Mai multe informații"},{"$i":"more-info-header","$v":[{"t":"idOrVar","v":"more-info"}]},{"$i":"softwareUpdates","$v":"Software Updates"},{"$i":"check-update-daily","$v":"Zilnic"},{"$i":"check-update-weekly","$v":"Săptămânal"},{"$i":"check-update-monthly","$v":"Lunar"},{"$i":"check-for-updates","$v":"Check for Updates"},{"$i":"check-update-now","$v":"Check Now"},{"$i":"update-status","$v":"Actualizează statusul"},{"$i":"no-network-when-update","$v":"Connect to the Internet to proceed with your update."},{"$i":"checking-for-update","$v":"Se caută actualizări…"},{"$i":"no-updates","$v":"Nicio actualizare nu a fost găsită"},{"$i":"retry-when-online","$v":"Rețeaua este offline. Va încerca din nou când rețeaua este online."},{"$i":"already-latest-version","$v":["Aceasta este deja cea mai recentă versiune de ",{"t":"idOrVar","v":"brandShortName"}]},{"$i":"check-error","$v":"A apărut o eroare la căutarea actualizărilor."},{"$i":"aboutBrowserOS","$v":["Despre ",{"t":"idOrVar","v":"brandShortName"}]},{"$i":"browser-os-desc","$v":[{"t":"idOrVar","v":"brandShortName"}," este sistemul de operare cu sursă liberă și deschisă de la Mozilla. Misiunea noastră este de a promova deschiderea, inovația și oportunitatea prin păstrarea puterii internetului în mâinile tale."]},{"$i":"learn-more","$v":"Află mai multe"},{"$i":"reset-head","$v":"Reset"},{"$i":"reset-warning-title","$v":"ATENȚIE"},{"$i":"unlock-privileges","$v":"Unlock Privileges"},{"$i":"reset-devtools","$v":"Reset and enable full DevTools"},{"$i":"reset-devtools-warning-title","$v":"ATENȚIE"},{"$i":"your-rights","$v":"Drepturile tale"},{"$i":"your-rights-header","$v":[{"t":"idOrVar","v":"your-rights"}]},{"$i":"about-your-rights-0","$v":[{"t":"idOrVar","v":"brandShortName"}," este un software liber cu sursă deschisă construit de o comunitate formată din mii de persoane din întreaga lume. Iată câteva lucruri pe care ar trebui să le știi:"]},{"$i":"about-your-rights-1","$v":[{"t":"idOrVar","v":"brandShortName"}," îți este făcut disponibil sub termenii câtorva licențe cu sursă deschisă, inclusiv licența publică Mozilla. Un dispozitiv care rulează ",{"t":"idOrVar","v":"brandShortName"}," se poate să conțină și software proprietar de la părți terțe. Orice cod furnizat sub licențele deschise îți oferă dreptul de a modifica codul sursă și de a distribui versiunile tale modificate atâta timp cât te supui termenilor acestora."]},{"$i":"about-your-rights-2","$v":["Nu ți se acordă niciun drept de marcă comercială și nicio licență pentru mărcile comerciale ale Mozilla Foundation sau ale unei alte părți, inclusiv, dar fără a se limita la numele ",{"t":"idOrVar","v":"brandShortName"}," sau siglă."]},{"$i":"about-your-rights-3","$v":["Unele funcționalități din ",{"t":"idOrVar","v":"brandShortName"}," precum Raport de eroare, îți oferă posibilitatea de a trimite opiniile tale la Mozilla. Alegând să trimiți opiniile, îi dai Mozillei permisiunea de a folosi opiniile tale pentru a îmbunătăți produsele sale, de a publica opiniile pe saiturile sale și de a le distribui."]},{"$i":"about-legal-info","$v":"Informații legale"},{"$i":"about-credit-info","$v":"Credits"},{"$i":"about-legal-info-header","$v":[{"t":"idOrVar","v":"about-legal-info"}]},{"$i":"open-source-notices","$v":"Note pt. sursa deschisă"},{"$i":"open-source-notices-header","$v":[{"t":"idOrVar","v":"open-source-notices"}]},{"$i":"obtaining-source-code","$v":"Obținerea codului sursă"},{"$i":"obtaining-source-code-header","$v":[{"t":"idOrVar","v":"obtaining-source-code"}]},{"$i":"about-mozilla","$v":"Mozilla"},{"$i":"about-other","$v":"Altele"},{"$i":"your-privacy","$v":"Confidențialitate"},{"$i":"your-privacy-header","$v":[{"t":"idOrVar","v":"your-privacy"}]},{"$i":"licensing-1","$v":"Binarele acestui produs ți-au fost făcute disponibile de către Proiectul Mozilla, sub licența publică Mozilla 2.0 (MPL). Cunoaște-ți drepturile."},{"$i":"licensing-2","$v":"Tot codul sursă pentru acest produs este disponibil sub licențe care sunt libere și cu sursă deschisă. Cea mai mare parte este disponibilă sub licența publică Mozilla 2.0 (MPL)."},{"$i":"licensing-3","$v":"Restul programului care nu este sub licența publică Mozilla 2.0 MPL, este disponibil sub o licență dintr-o varietate de alte licențe. Cele care cer reproducerea textului licenței în distribuție sunt date mai jos. (Notă: Copia ta a acestui produs poate să nu conțină cod sub una sau mai multe licențe listate aici, în funcție de produsul și versiunea alese.)"},{"$i":"licensing-MPL","$v":"Licența publică Mozilla 2.0"},{"$i":"licensing-Apache","$v":"Licența Apache 2.0"},{"$i":"launch-ftu","$v":"Launch First Time Use"},{"$i":"no-ftu","$v":"Nicio aplicație FTU găsită"},{"$i":"software-home-button","$v":"Software home button"},{"$i":"home-gesture","$v":"Home gesture"},{"$i":"continuous-transition","$v":"Continuous transition"},{"$i":"debug-gaia-enabled","$v":"Urmele de depanare Gaia"},{"$i":"showScreenReaderSettings","$v":"Show screen reader settings"},{"$i":"app-transition","$v":"App transition"},{"$i":"app-suspending","$v":"App suspending"},{"$i":"copypaste","$v":"Copy/paste"},{"$i":"verbose-app-permissions","$v":"Verbose app permissions"},{"$i":"window-management","$v":"Gestionarea ferestrelor"},{"$i":"downloads-edit","$v":"Editează descărcările"},{"$i":"downloads-select-all","$v":"Selectează tot"},{"$i":"downloads-deselect-all","$v":"Deselectează tot"},{"$i":"downloads-delete","$v":"Șterge"},{"$i":"battery","$v":"Baterie"},{"$i":"battery-header","$v":[{"t":"idOrVar","v":"battery"}]},{"$i":"batteryLevel","$v":"Current Level"},{"$i":"batteryLevel-percent-unplugged","$v":[{"t":"idOrVar","v":"level"},"%"]},{"$i":"batteryLevel-percent-charging","$v":[{"t":"idOrVar","v":"level"},"% (se încarcă)"]},{"$i":"batteryLevel-percent-charged","$v":[{"t":"idOrVar","v":"level"},"% (încărcată)"]},{"$i":"powerSaveModeTitle","$v":"Power Save Mode"},{"$i":"powerSaveMode","$v":"Power Save Mode"},{"$i":"powerSave-threshold","$v":["la ",{"t":"idOrVar","v":"level"},"% baterie rămasă"]},{"$i":"turnOnAuto","$v":"Turn On Automatically"},{"$i":"accessibility","$v":"Accesibilitate"},{"$i":"accessibility-header","$v":[{"t":"idOrVar","v":"accessibility"}]},{"$i":"screenReader","$v":"Screen Reader"},{"$i":"screenReader-header","$v":[{"t":"idOrVar","v":"screenReader"}]},{"$i":"screenReader-toggle","$v":[{"t":"idOrVar","v":"screenReader"}]},{"$i":"colorFilter","$v":"Color Filter"},{"$i":"colorFilter-header","$v":[{"t":"idOrVar","v":"colorFilter"}]},{"$i":"colorFilter-toggle","$v":[{"t":"idOrVar","v":"colorFilter"}]},{"$i":"screenReader-captions","$v":"Display speech"},{"$i":"screenReader-enable-msg","$v":"When the screen reader is enabled, your device will provide spoken feedback to assist blind and low-vision users."},{"$i":"screen-reader-speech-volume","$v":"Speech Volume"},{"$i":"screen-reader-speech-rate","$v":"Speech Rate"},{"$i":"screenReader-confirm-title-start","$v":"Pornești cititorul de ecran?"},{"$i":"screenReader-confirm-description-start","$v":"Activating the screen reader will change the way your touch screen works. Touch anywhere to hear the item under your finger, and double tap to activate."},{"$i":"screenReader-confirm-button-start","$v":"Start"},{"$i":"screenReader-confirm-title-stop","$v":"Oprești cititorul de ecran?"},{"$i":"screenReader-confirm-description-stop","$v":"Stopping the screen reader will end all speech feedback."},{"$i":"screenReader-confirm-button-stop","$v":"Stop"},{"$i":"colorFilter-invert","$v":"Invert"},{"$i":"colorFilter-grayscale","$v":"Grayscale"},{"$i":"colorFilter-contrast","$v":"Contrast"},{"$i":"improveBrowserOS","$v":["Sprijină ",{"t":"idOrVar","v":"brandShortName"}]},{"$i":"improveBrowserOSTitle","$v":["Sprijină ",{"t":"idOrVar","v":"brandShortName"}]},{"$i":"sendMozillaFeedback","$v":"Trimite opinia Mozillei"},{"$i":"performanceAndUsageData","$v":"Performance and Usage Data"},{"$i":"sharePerformanceAndUsageData","$v":"Submit data"},{"$i":"appUsageByRegion","$v":"App usage by region"},{"$i":"crashReports","$v":"Crash Reports"},{"$i":"crashReports-header","$v":[{"t":"idOrVar","v":"crashReports"}]},{"$i":"crashReportInfo","$v":"Trimițând Mozillei un raport când apare o defecțiune ne ajută să remediem problema pentru toată lumea. Rapoartele sunt trimise numai prin Wi-Fi."},{"$i":"alwaysSendReport","$v":"Trimite mereu un raport"},{"$i":"neverSendReport","$v":"Nu trimite un raport"},{"$i":"askToSendReport2","$v":"Întreabă de fiecare dată"},{"$i":"crash-reports-description-1","$v":"Un raport de eroare conține niște detalii despre defecțiune și despre dispozitiv, precum și un instantaneu al stării telefonului în momentul în care s-a închis neașteptat."},{"$i":"crash-reports-description-2","$v":"Aceasta se poate să includă lucruri precum paginile și aplicațiile deschise, textele tastate în formulare și conținutul din mesajele deschise, istoricul recent a navigării sau geolocația folosită de către o altă aplicație deschisă."},{"$i":"crash-reports-description-3-start","$v":"We use crash reports to try to fix problems and improve our products. We handle your information as we describe in our "},{"$i":"crash-reports-description-3-privacy","$v":"politica de confidențialitate"},{"$i":"crash-reports-description-3-end","$v":"."},{"$i":"sendFeedbackTitle","$v":"Trimite opinia ta"},{"$i":"feedback-description","$v":"Opinia ta ne va ajuta să îmbunătățim Firefox OS."},{"$i":"feedback-happy","$v":"Fericit"},{"$i":"feedback-sad","$v":"Trist"},{"$i":"feedback-mood-description","$v":"Cum te simți?"},{"$i":"feedback_whyfeel_happy","$v":"De ce te simți fericit?"},{"$i":"feedback_whyfeel_sad","$v":"De ce te simți trist?"},{"$i":"feedback-mood-explain","$v":"Te rugăm să ne spui în detaliu"},{"$i":"feedback-public-description","$v":"Conținutul opiniei tale va fi public, așadar asigură-te că nu incluzi vreo informație personală."},{"$i":"feedback-contactyou","$v":"Bifează aici pentru a ne permite să te contactăm prin e-mail."},{"$i":"email-address1","$v":"Adresă de e-mail:"},{"$i":"email-keepprivate","$v":"Nu-ți fă griji. E-mailul tău va rămâne mereu privat."},{"$i":"feedback-sendbtn","$v":"Trimite opinia"},{"$i":"feedback-errormessage-connect-error","$v":"Ne pare rău, sistemul nu poate trimite sugestia ta datorită unei erori cu conexiunea de date. Te rugăm să încerci din nou când problema este remediată."},{"$i":"feedback-errormessage-server-off","$v":"Ne pare rău, sistemul nu poate trimite sugestia ta deoarece serverul este închis. Te rugăm să aștepți o clipă și să încerci din nou."},{"$i":"feedback-errormessage-timeout","$v":"Scuze, sistemul nu poate trimite sugestia deoarece timpul a expirat. Te rugăm să repornești dispozitivul și să încerci iar."},{"$i":"feedback-errormessage-wrong-email","$v":"Scuze, sistemul nu poate trimite sugestia ta deoarece adresa de e-mail este lipsă sau datorită unei erori de formatare. Te rugăm să folosești o adresă de e-mail corectă și să încerci din nou."},{"$i":"feedback-errormessage-empty-comment","$v":"Scuze, sistemul nu poate trimite sugestia ta deoarece câmpul comentariu este gol. Te rugăm să introduci un text și să încerci din nou."},{"$i":"feedback-errormessage-just-sent","$v":"Scuze, sistemul nu poate trimite sugestia ta deoarece ai trimis deja o opinie. Te rugăm să încerci actualizarea următoare a software-ului și să trimiți din nou."},{"$i":"feedback-complete-msg","$v":"Thanks for the feedback! We use it to help create better experiences in future releases of Firefox OS."},{"$i":"online-support","$v":"Asistență online:"},{"$i":"call-support","$v":"Asistență telefonică:"},{"$i":"user-guide","$v":"User Guide"},{"$i":"default-support","$v":"Te rugăm să contactezi furnizorul local pentru asistență."},{"$i":"operatorServices","$v":"Servicii ale operatorului"},{"$i":"operatorServices-help","$v":"Ajutor"},{"$i":"operatorServices-helpmenu","$v":"Meniu pentru ajutor"},{"$i":"stkAppsNotAvailable","$v":"Aplicațiile cartelei SIM nu sunt disponbile."},{"$i":"simToolkit","$v":"Trusă de instrumente SIM"},{"$i":"stkItemsNaiSetUpCall","$v":"Configurează apelul"},{"$i":"stkItemsNaiSendSs","$v":"Trimite SS"},{"$i":"stkItemsNaiSendUssd","$v":"Trimite USSD"},{"$i":"stkItemsNaiSendSms","$v":"Trimite SMS"},{"$i":"stkItemsNaiSendDtmf","$v":"Trimite DTMF"},{"$i":"stkItemsNaiLaunchBrowser","$v":"Lansează navigatorul"},{"$i":"stkItemsNaiPlayTone","$v":"Redă tonul"},{"$i":"stkItemsNaiDisplayText","$v":"Afișează textul"},{"$i":"stkItemsNaiGetInkey","$v":"Obține Inkey"},{"$i":"stkItemsNaiGetInput","$v":"Obține intrarea"},{"$i":"stkItemsNaiSelectItem","$v":"Selectează elementul"},{"$i":"stkItemsNaiSetUpMenu","$v":"Configurează meniul"},{"$i":"stkItemsNaiProvideLocalInfo","$v":"Furnizează informații locale"},{"$i":"stkItemsNaiSetIdleModeText","$v":"Setează textul în mod de inactivitate"},{"$i":"stkItemsNaiPerformCardApdu","$v":"Perform Card APDU"},{"$i":"stkItemsNaiPowerOnCard","$v":"Power On Card"},{"$i":"stkItemsNaiPowerOffCard","$v":"Power Off Card"},{"$i":"stkItemsNaiGetReaderStatus","$v":"Get Reader Status"},{"$i":"stkItemsNaiOpenChannel","$v":"Deschide canalul"},{"$i":"stkItemsNaiCloseChannel","$v":"Închide canalul"},{"$i":"stkItemsNaiReceiveData","$v":"Primește date"},{"$i":"stkItemsNaiSendData","$v":"Trimite date"},{"$i":"stkItemsNaiGetChannelStatus","$v":"Obține starea canalului"},{"$i":"stkItemsNaiEndOfTheProactiveSession","$v":"End of the proactive session"},{"$i":"is-warning-storage-header","$v":"USB storage"},{"$i":"is-warning-tethering-header","$v":"USB tethering"},{"$i":"is-warning-wifi-header","$v":"Wi-Fi hotspot"},{"$i":"is-warning-storage-tethering-message","$v":"Enabling USB storage will disable USB tethering. Do you want to enable USB storage?"},{"$i":"is-warning-tethering-storage-message","$v":"Enabling USB tethering will disable USB storage. Do you want to enable USB tethering?"},{"$i":"is-warning-tethering-wifi-message","$v":"Enabling USB tethering will disable Wi-Fi hotspot. Do you want to enable USB tethering?"},{"$i":"is-warning-wifi-tethering-message","$v":"Enabling Wi-Fi hotspot will disable USB tethering. Do you want to enable Wi-Fi hotspot?"},{"$i":"settings-dialog-alert","$v":"Alert"},{"$i":"settings-dialog-confirm","$v":"Confirm"},{"$i":"settings-dialog-prompt","$v":"Prompt"},{"$i":"settings-alert-dialog-header","$v":[{"t":"idOrVar","v":"settings-dialog-alert"}]},{"$i":"settings-confirm-dialog-header","$v":[{"t":"idOrVar","v":"settings-dialog-confirm"}]},{"$i":"settings-prompt-dialog-header","$v":[{"t":"idOrVar","v":"settings-dialog-prompt"}]},{"$i":"addons","$v":"Addons"},{"$i":"addons-header","$v":[{"t":"idOrVar","v":"addons"}]},{"$i":"change-device-name","$v":"Schimbă numele telefonului"},{"$i":"internetSharing-usb-desc","$v":"Share my phone’s Internet connection with a USB-connected device."},{"$i":"internetSharing-wifi-desc","$v":"Allow other devices to share my phone’s Internet connection by connecting via Wi-Fi."},{"$i":"unplayable-ringtone","$v":"The ringtone was not changed because the selected file can not be played on this phone."},{"$i":"findmydevice-signup-description","$v":"Găsește-mi dispozitivul îți permite să localizezi, să blochezi și să ștergi telefonul"},{"$i":"findmydevice-settings-description","$v":"Găsește-mi dispozitivul îți permite să localizezi, să blochezi și să ștergi telefonul de pe un sait:"},{"$i":"findmydevice-active-tracking","$v":"Telefonul tău este urmărit de către alt dispozitiv prin intermediul saitului."},{"$i":"findmydevice-not-tracking","$v":"No devices are actively tracking your phone through the website."},{"$i":"ums-confirm","$v":"Enabling USB storage allows another computer or device connected using USB to access files on this phone."},{"$i":"reset-device","$v":"Reset Phone"},{"$i":"reset-warning-body","$v":"Resetting will erase all your data, including any apps you’ve purchased. The phone will be restored to its factory condition. None of your settings or data will be saved."},{"$i":"reset-devtools-warning-body","$v":"Resetting will erase all your data, including any apps you’ve purchased. None of your settings or data will be saved. But your phone will have unrestricted developer tools, allowing you to modify and debug system applications."},{"$i":"powerSave-explanation","$v":"Turning on power save mode turns off the phone’s data, Bluetooth and Geolocation connections to extend battery life. You can still turn these services back on manually."},{"$i":"performanceAndUsageDataInfo","$v":["Help us improve ",{"t":"idOrVar","v":"brandShortName"}," by sharing data about your phone and the way you use it."]},{"$i":"device-status-connected-device","$v":"Conectat la sistemul audio al telefonului"},{"$i":"device-status-connected-device-media","$v":"Conectat la sistemul audio al telefonului/media"}]