[{"$i":"stopped_download_title","$v":"Preberanie zastavené"},{"$i":"stopped_download_message","$v":"Preberanie bolo zastavené. Skúsiť znova?"},{"$i":"stopped_download_left_button","$v":"Zrušiť"},{"$i":"stopped_download_right_button","$v":"Skúsiť znova"},{"$i":"failed_download_title","$v":"Preberanie zlyhalo"},{"$i":"failed_download_message","$v":["Nepodarilo sa prevziať ",{"t":"idOrVar","v":"name"},". Skúsiť znova?"]},{"$i":"failed_download_left_button","$v":"Zrušiť"},{"$i":"failed_download_right_button","$v":"Skúsiť znova"},{"$i":"stop_download_title","$v":"Zastavenie preberania"},{"$i":"stop_download_message","$v":"Naozaj chcete zastaviť preberanie?"},{"$i":"stop_download_left_button","$v":"Nie"},{"$i":"stop_download_right_button","$v":"Áno"},{"$i":"delete_download_title","$v":"Odstránenie"},{"$i":"delete_download_message","$v":["Odstrániť ",{"t":"idOrVar","v":"name"},"?"]},{"$i":"delete_download_left_button","$v":"Zrušiť"},{"$i":"delete_download_right_button","$v":"Odstrániť"},{"$i":"delete_all_download_title","$v":"Odstránenie"},{"$i":"delete_all_download_left_button","$v":"Zrušiť"},{"$i":"delete_all_download_right_button","$v":"Odstrániť"},{"$i":"delete_all_download_message","$v":{"zero":"Odstrániť žiadny súbor","one":"Odstrániť jeden súbor?","two":["Odstrániť ",{"t":"idOrVar","v":"number"}," súbory?"],"few":["Odstrániť ",{"t":"idOrVar","v":"number"}," súbory?"],"many":["Odstrániť ",{"t":"idOrVar","v":"number"}," súborov?"],"other":["Odstrániť ",{"t":"idOrVar","v":"number"}," súborov?"]},"$x":[{"t":"idOrVar","v":"plural"},"number"]},{"$i":"unsupported_file_type_download_title","$v":"Nepodarilo sa otvoriť"},{"$i":"unsupported_file_type_download_message","$v":["Nie je dostupná aplikácia schopná otvoriť ",{"t":"idOrVar","v":"name"},". Chcete súbor uložiť alebo odstrániť?"]},{"$i":"unsupported_file_type_download_left_button","$v":"Ponechať súbor"},{"$i":"unsupported_file_type_download_right_button","$v":"Odstrániť"},{"$i":"file_not_found_download_title","$v":"Súbor nebol nájdený"},{"$i":"file_not_found_download_message","$v":"Súbor nebol v zariadení nájdený"},{"$i":"file_not_found_download_right_button","$v":"OK"},{"$i":"unmounted_sdcard_2_download_title","$v":"Pamäťová karta sa práve používa"},{"$i":"unmounted_sdcard_2_download_message","$v":"Odpojte telefón"},{"$i":"unmounted_sdcard_2_download_right_button","$v":"OK"},{"$i":"no_provider_download_title","$v":"Zdieľanie nie je možné"},{"$i":"no_provider_download_message","$v":"Nebol nájdený žiadny poskytovateľ"},{"$i":"no_provider_download_right_button","$v":"OK"},{"$i":"no_memory_download_title","$v":"Pamäťová karta je plná"},{"$i":"no_memory_download_message","$v":"Na vašej pamäťovej karte nie je dostatok voľného miesta na uloženie preberaného súboru. Uvoľnite miesto a skúste to znova."},{"$i":"no_memory_download_right_button","$v":"OK"},{"$i":"no_sdcard_found_2_download_title","$v":"Nebola nájdená žiadna pamäťová karta"},{"$i":"no_sdcard_found_2_download_message","$v":"Vložte pamäťovú kartu alebo v nastaveniach zvoľte alternatívne úložisko pre médiá"},{"$i":"no_sdcard_found_2_download_right_button","$v":"OK"},{"$i":"file_open_error_download_title","$v":"Nepodarilo sa otvoriť"},{"$i":"file_open_error_download_message","$v":["Pri otváraní súboru ",{"t":"idOrVar","v":"name"}," sa vyskytla chyba. Chcete súbor uložiť alebo odstrániť?"]},{"$i":"file_open_error_download_left_button","$v":"Ponechať súbor"},{"$i":"file_open_error_download_right_button","$v":"Odstrániť"},{"$i":"restart_download_error","$v":"Pri opätovnom spustení preberania sa vyskytla chyba. Skúste to znova."},{"$i":"no-downloads","$v":"Žiadne prevzaté súbory"},{"$i":"byteUnit-B","$v":"b"},{"$i":"byteUnit-KB","$v":"kB"},{"$i":"byteUnit-MB","$v":"MB"},{"$i":"byteUnit-GB","$v":"GB"},{"$i":"byteUnit-TB","$v":"TB"},{"$i":"fileSize","$v":[{"t":"idOrVar","v":"size"}," ",{"t":"idOrVar","v":"unit"}]},{"$i":"percentage","$v":[{"t":"idOrVar","v":"percentage"}," %"]},{"$i":"partialResult","$v":[{"t":"idOrVar","v":"partial"}," z ",{"t":"idOrVar","v":"total"}]},{"$i":"summary","$v":[{"t":"idOrVar","v":"date"}," - ",{"t":"idOrVar","v":"status"}]},{"$i":"download-stopped","$v":"Zrušené"},{"$i":"download-failed","$v":"Prevzatie zlyhalo"},{"$i":"open_downloaded_file","$v":"Otvoriť"},{"$i":"share_downloaded_file","$v":"Zdieľať"},{"$i":"wallpaper_downloaded_file","$v":"Nastaviť ako tapetu"},{"$i":"ringtone_downloaded_file","$v":"Nastaviť ako tón vyzváňania"},{"$i":"cancel_downloaded_file","$v":"Zrušiť"},{"$i":"brandShortName","$v":"B2G OS"},{"$i":"browserBrandShortName","$v":"Web Browser"},{"$i":"browserBrandFullName","$v":"Mozilla Web Browser"},{"$i":"ringtoneBrandName","$v":"Default"},{"$i":"ringtoneSectionBrandName","$v":"System"},{"$i":"weekday-0-long","$v":"Nedeľa"},{"$i":"weekday-1-long","$v":"Pondelok"},{"$i":"weekday-2-long","$v":"Utorok"},{"$i":"weekday-3-long","$v":"Streda"},{"$i":"weekday-4-long","$v":"Štvrtok"},{"$i":"weekday-5-long","$v":"Piatok"},{"$i":"weekday-6-long","$v":"Sobota"},{"$i":"weekday-0-short","$v":"Ne"},{"$i":"weekday-1-short","$v":"Po"},{"$i":"weekday-2-short","$v":"Ut"},{"$i":"weekday-3-short","$v":"St"},{"$i":"weekday-4-short","$v":"Št"},{"$i":"weekday-5-short","$v":"Pi"},{"$i":"weekday-6-short","$v":"So"},{"$i":"month-0-long","$v":"Január"},{"$i":"month-1-long","$v":"Február"},{"$i":"month-2-long","$v":"Marec"},{"$i":"month-3-long","$v":"Apríl"},{"$i":"month-4-long","$v":"Máj"},{"$i":"month-5-long","$v":"Jún"},{"$i":"month-6-long","$v":"Júl"},{"$i":"month-7-long","$v":"August"},{"$i":"month-8-long","$v":"September"},{"$i":"month-9-long","$v":"Október"},{"$i":"month-10-long","$v":"November"},{"$i":"month-11-long","$v":"December"},{"$i":"month-0-genitive","$v":"januára"},{"$i":"month-1-genitive","$v":"februára"},{"$i":"month-2-genitive","$v":"marca"},{"$i":"month-3-genitive","$v":"apríla"},{"$i":"month-4-genitive","$v":"mája"},{"$i":"month-5-genitive","$v":"júna"},{"$i":"month-6-genitive","$v":"júla"},{"$i":"month-7-genitive","$v":"augusta"},{"$i":"month-8-genitive","$v":"septembra"},{"$i":"month-9-genitive","$v":"októbra"},{"$i":"month-10-genitive","$v":"novembra"},{"$i":"month-11-genitive","$v":"decembra"},{"$i":"month-0-short","$v":"jan"},{"$i":"month-1-short","$v":"feb"},{"$i":"month-2-short","$v":"mar"},{"$i":"month-3-short","$v":"apr"},{"$i":"month-4-short","$v":"máj"},{"$i":"month-5-short","$v":"jún"},{"$i":"month-6-short","$v":"júl"},{"$i":"month-7-short","$v":"aug"},{"$i":"month-8-short","$v":"sep"},{"$i":"month-9-short","$v":"okt"},{"$i":"month-10-short","$v":"nov"},{"$i":"month-11-short","$v":"dec"},{"$i":"minutes-ago-long","$v":{"zero":"teraz","one":"pred minútou","two":["pred ",{"t":"idOrVar","v":"value"}," minútami"],"few":["pred ",{"t":"idOrVar","v":"value"}," minútami"],"many":["pred ",{"t":"idOrVar","v":"value"}," minútami"],"other":["pred ",{"t":"idOrVar","v":"value"}," minútami"]},"$x":[{"t":"idOrVar","v":"plural"},"value"]},{"$i":"hours-ago-long","$v":{"zero":"teraz","one":"pred hodinou","two":["pred ",{"t":"idOrVar","v":"value"}," hodinami"],"few":["pred ",{"t":"idOrVar","v":"value"}," hodinami"],"many":["pred ",{"t":"idOrVar","v":"value"}," hodinami"],"other":["pred ",{"t":"idOrVar","v":"value"}," hodinami"]},"$x":[{"t":"idOrVar","v":"plural"},"value"]},{"$i":"days-ago-long","$v":{"zero":"dnes","one":"včera","two":["pred ",{"t":"idOrVar","v":"value"}," dňami"],"few":["pred ",{"t":"idOrVar","v":"value"}," dňami"],"many":["pred ",{"t":"idOrVar","v":"value"}," dňami"],"other":["pred ",{"t":"idOrVar","v":"value"}," dňami"]},"$x":[{"t":"idOrVar","v":"plural"},"value"]},{"$i":"weeks-ago-long","$v":{"zero":"tento týždeň","one":"minulý týždeň","two":["pred ",{"t":"idOrVar","v":"value"}," týždňami"],"few":["pred ",{"t":"idOrVar","v":"value"}," týždňami"],"many":["pred ",{"t":"idOrVar","v":"value"}," týždňami"],"other":["pred ",{"t":"idOrVar","v":"value"}," týždňami"]},"$x":[{"t":"idOrVar","v":"plural"},"value"]},{"$i":"months-ago-long","$v":{"zero":"tento mesiac","one":"minulý mesiac","two":["pred ",{"t":"idOrVar","v":"value"}," mesiacmi"],"few":["pred ",{"t":"idOrVar","v":"value"}," mesiacmi"],"many":["pred ",{"t":"idOrVar","v":"value"}," mesiacmi"],"other":["pred ",{"t":"idOrVar","v":"value"}," mesiacmi"]},"$x":[{"t":"idOrVar","v":"plural"},"value"]},{"$i":"years-ago-long","$v":{"zero":"tento rok","one":"minulý rok","two":["pred ",{"t":"idOrVar","v":"value"}," rokmi"],"few":["pred ",{"t":"idOrVar","v":"value"}," rokmi"],"many":["pred ",{"t":"idOrVar","v":"value"}," rokmi"],"other":["pred ",{"t":"idOrVar","v":"value"}," rokmi"]},"$x":[{"t":"idOrVar","v":"plural"},"value"]},{"$i":"minutes-until-long","$v":{"zero":"teraz","one":"o minútu","two":["o ",{"t":"idOrVar","v":"value"}," minúty"],"few":["o ",{"t":"idOrVar","v":"value"}," minúty"],"many":["o ",{"t":"idOrVar","v":"value"}," minút"],"other":["o ",{"t":"idOrVar","v":"value"}," minút"]},"$x":[{"t":"idOrVar","v":"plural"},"value"]},{"$i":"hours-until-long","$v":{"zero":"teraz","one":"o hodinu","two":["o ",{"t":"idOrVar","v":"value"}," hodiny"],"few":["o ",{"t":"idOrVar","v":"value"}," hodiny"],"many":["o ",{"t":"idOrVar","v":"value"}," hodín"],"other":["o ",{"t":"idOrVar","v":"value"}," hodín"]},"$x":[{"t":"idOrVar","v":"plural"},"value"]},{"$i":"days-until-long","$v":{"zero":"dnes","one":"zajtra","two":["o ",{"t":"idOrVar","v":"value"}," dni"],"few":["o ",{"t":"idOrVar","v":"value"}," dni"],"many":["o ",{"t":"idOrVar","v":"value"}," dní"],"other":["o ",{"t":"idOrVar","v":"value"}," dní"]},"$x":[{"t":"idOrVar","v":"plural"},"value"]},{"$i":"weeks-until-long","$v":{"zero":"tento týždeň","one":"budúci týždeň","two":["o ",{"t":"idOrVar","v":"value"}," týždne"],"few":["o ",{"t":"idOrVar","v":"value"}," týždne"],"many":["o ",{"t":"idOrVar","v":"value"}," týždňov"],"other":["o ",{"t":"idOrVar","v":"value"}," týždňov"]},"$x":[{"t":"idOrVar","v":"plural"},"value"]},{"$i":"months-until-long","$v":{"zero":"tento mesiac","one":"budúci mesiac","two":["o ",{"t":"idOrVar","v":"value"}," mesiace"],"few":["o ",{"t":"idOrVar","v":"value"}," mesiace"],"many":["o ",{"t":"idOrVar","v":"value"}," mesiacov"],"other":["o ",{"t":"idOrVar","v":"value"}," mesiacov"]},"$x":[{"t":"idOrVar","v":"plural"},"value"]},{"$i":"years-until-long","$v":{"zero":"tento rok","one":"budúci rok","two":["o ",{"t":"idOrVar","v":"value"}," roky"],"few":["o ",{"t":"idOrVar","v":"value"}," roky"],"many":["o ",{"t":"idOrVar","v":"value"}," rokov"],"other":["o ",{"t":"idOrVar","v":"value"}," rokov"]},"$x":[{"t":"idOrVar","v":"plural"},"value"]},{"$i":"minutes-ago-short","$v":{"zero":"teraz","other":["pred ",{"t":"idOrVar","v":"value"},"m"]},"$x":[{"t":"idOrVar","v":"plural"},"value"]},{"$i":"hours-ago-short","$v":{"zero":"teraz","other":["pred ",{"t":"idOrVar","v":"value"},"h"]},"$x":[{"t":"idOrVar","v":"plural"},"value"]},{"$i":"days-ago-short","$v":{"zero":"dnes","other":["pred ",{"t":"idOrVar","v":"value"},"d"]},"$x":[{"t":"idOrVar","v":"plural"},"value"]},{"$i":"minutes-until-short","$v":{"zero":"teraz","other":["o ",{"t":"idOrVar","v":"value"},"m"]},"$x":[{"t":"idOrVar","v":"plural"},"value"]},{"$i":"hours-until-short","$v":{"zero":"teraz","other":["o ",{"t":"idOrVar","v":"value"},"h"]},"$x":[{"t":"idOrVar","v":"plural"},"value"]},{"$i":"days-until-short","$v":{"zero":"dnes","other":["o ",{"t":"idOrVar","v":"value"},"d"]},"$x":[{"t":"idOrVar","v":"plural"},"value"]},{"$i":"incorrectDate","$v":"(neplatný dátum)"},{"$i":"dateTimeFormat_%c","$v":"%a, %e. %b %Y %H:%M:%S"},{"$i":"dateTimeFormat_%x","$v":"%d.%m.%Y"},{"$i":"dateTimeFormat_%X","$v":"%H:%M:%S"},{"$i":"shortTimeFormat","$v":"%H:%M"},{"$i":"shortTimeFormat12","$v":"%I:%M %p"},{"$i":"shortTimeFormat24","$v":"%H:%M"},{"$i":"shortDateTimeFormat","$v":"%x %H:%M"},{"$i":"weekStartsOnMonday","$v":"1"},{"$i":"firstDayOfTheWeek","$v":"1"},{"$i":"time_am","$v":"AM"},{"$i":"time_pm","$v":"PM"},{"$i":"title-app","$v":"Oprávnenia aplikácie"},{"$i":"title-web","$v":"Oprávnenia webovej stránky"},{"$i":"title-cam","$v":"Voľba kamery"},{"$i":"perm-alarms","$v":"Nastavovať budíky"},{"$i":"perm-audio-capture","$v":"Mikrofón"},{"$i":"perm-audio-capture-appRequest","$v":["Chcete zdieľať váš mikrofón s aplikáciou ",{"t":"idOrVar","v":"app"},"?"]},{"$i":"perm-audio-capture-webRequest","$v":["Chcete zdieľať váš mikrofón so stránkou ",{"t":"idOrVar","v":"site"},"?"]},{"$i":"perm-audio-channel-content","$v":"Prehrávať zvuky"},{"$i":"perm-audio-channel-notification","$v":"Prehrávať zvuky upozornení"},{"$i":"perm-audio-channel-ringer","$v":"Prehrávať vyzváňania"},{"$i":"perm-background-sensors","$v":"Pristupovať k údajom zo senzorov"},{"$i":"perm-bluetooth","$v":"Bluetooth"},{"$i":"perm-browser","$v":"Prehliadať webové stránky"},{"$i":"perm-camera","$v":"Kamery"},{"$i":"perm-camera-selector-appRequest","$v":["Zvoľte kameru pre ",{"t":"idOrVar","v":"app"},"."]},{"$i":"perm-camera-selector-webRequest","$v":["Zvoľte kameru pre ",{"t":"idOrVar","v":"site"},"."]},{"$i":"perm-cellbroadcast","$v":"Správy bunky"},{"$i":"perm-contacts","$v":"Kontakty"},{"$i":"perm-contacts-appRequest","$v":[{"t":"idOrVar","v":"app"}," chce získať prístup k vašim kontaktom."]},{"$i":"perm-contacts-webRequest","$v":[{"t":"idOrVar","v":"site"}," chce získať prístup k vašim kontaktom."]},{"$i":"perm-desktop-notification","$v":"Notifikácie"},{"$i":"perm-desktop-notification-appRequest","$v":[{"t":"idOrVar","v":"app"}," chce zobrazovať notifikácie."]},{"$i":"perm-desktop-notification-webRequest","$v":[{"t":"idOrVar","v":"site"}," chce zobrazovať notifikácie."]},{"$i":"perm-device-storage-apps","$v":"Úložisko aplikácií"},{"$i":"perm-device-storage-music","$v":"Úložisko pre hudbu"},{"$i":"perm-device-storage-music-appRequest","$v":[{"t":"idOrVar","v":"app"}," chce získať prístup k vašej hudbe."]},{"$i":"perm-device-storage-music-webRequest","$v":[{"t":"idOrVar","v":"site"}," chce získať prístup k vašej hudbe."]},{"$i":"perm-device-storage-pictures","$v":"Úložisko pre obrázky"},{"$i":"perm-device-storage-pictures-appRequest","$v":[{"t":"idOrVar","v":"app"}," chce získať prístup k vašim obrázkom."]},{"$i":"perm-device-storage-pictures-webRequest","$v":[{"t":"idOrVar","v":"site"}," chce získať prístup k vašim obrázkom."]},{"$i":"perm-device-storage-sdcard","$v":"SD karta"},{"$i":"perm-device-storage-sdcard-appRequest","$v":[{"t":"idOrVar","v":"app"}," chce získať prístup k vašej pamäťovej karte."]},{"$i":"perm-device-storage-sdcard-webRequest","$v":[{"t":"idOrVar","v":"site"}," chce získať prístup k vašej pamäťovej karte."]},{"$i":"perm-device-storage-videos","$v":"Úložisko pre videá"},{"$i":"perm-device-storage-videos-appRequest","$v":[{"t":"idOrVar","v":"app"}," chce získať prístup k vašim videám."]},{"$i":"perm-device-storage-videos-webRequest","$v":[{"t":"idOrVar","v":"site"}," chce získať prístup k vašim videám."]},{"$i":"perm-embed-apps","$v":"Vložené aplikácie"},{"$i":"perm-fmradio","$v":"FM Rádio"},{"$i":"perm-fmradio-appRequest","$v":[{"t":"idOrVar","v":"app"}," chce používať vaše FM Rádio."]},{"$i":"perm-fmradio-webRequest","$v":[{"t":"idOrVar","v":"site"}," chce používať vaše FM Rádio."]},{"$i":"perm-geolocation","$v":"Zisťovanie polohy"},{"$i":"perm-geolocation-appRequest","$v":[{"t":"idOrVar","v":"app"}," chce vedieť, kde sa nachádzate."]},{"$i":"perm-geolocation-more-info","$v":[{"t":"idOrVar","v":"brandShortName"}," používa údaje ako GPS, Wi-Fi a mobilné siete vo vašom okolí na zistenie vašej približnej polohy. Údaje sú odosielané spoločnosti Mozilla a poskytovateľom služby a budú použité na zlepšenie presnosti služby. Údaje môžu byť uložené vo vašom zariadení a ich zbieranie môže prebiehať aj v prípade, že nie sú spustené žiadne aplikácie."]},{"$i":"perm-geolocation-webRequest","$v":[{"t":"idOrVar","v":"site"}," chce vedieť, kde sa nachádzate."]},{"$i":"perm-idle","$v":"Vidieť stav nečinnosti"},{"$i":"perm-indexedDB-chrome-settings","$v":"Privilegovaná IndexedDB"},{"$i":"perm-indexedDB-unlimited","$v":"Neobmedzené úložisko IndexedDB"},{"$i":"perm-input-manage","$v":"Spravovať klávesnice"},{"$i":"perm-input","$v":"Fungovať ako klávesnica"},{"$i":"perm-media-capture","$v":"Kamera a mikrofón"},{"$i":"perm-media-capture-appRequest","$v":["Chcete zdieľať vašu kameru a mikrofón s aplikáciou ",{"t":"idOrVar","v":"app"},"?"]},{"$i":"perm-media-capture-webRequest","$v":["Chcete zdieľať vašu kameru a mikrofón so stránkou ",{"t":"idOrVar","v":"site"},"?"]},{"$i":"perm-mobileconnection","$v":"Mobilné pripojenie"},{"$i":"perm-mobileid","$v":"Mobilná identita"},{"$i":"perm-network-events","$v":"Sieťové udalosti"},{"$i":"perm-open-remote-window","$v":"Spustiť aplikáciu"},{"$i":"perm-permissions","$v":"Úprava oprávnení aplikácií"},{"$i":"perm-power","$v":"Nastavenia napájania"},{"$i":"perm-settings","$v":"Zmena nastavení"},{"$i":"perm-systemXHR","$v":"Požiadavky Cross-Origin"},{"$i":"perm-telephony","$v":"Telefonovanie"},{"$i":"perm-video-capture","$v":"Kamera"},{"$i":"perm-video-capture-appRequest","$v":["Chcete zdieľať vašu kameru s aplikáciou ",{"t":"idOrVar","v":"app"},"?"]},{"$i":"perm-video-capture-webRequest","$v":["Chcete zdieľať vašu kameru so stránkou ",{"t":"idOrVar","v":"site"},"?"]},{"$i":"perm-voicemail","$v":"Ovládať hlasovú schránku"},{"$i":"perm-webapps-manage","$v":"Inštalácia webových aplikácií"},{"$i":"perm-wifi-manage","$v":"Správa Wi-Fi"},{"$i":"perm-attention","$v":"Otvárať Overlay Popups"},{"$i":"perm-audio-channel-alarm","$v":"Prehrávať zvuky budíka"},{"$i":"perm-audio-channel-normal","$v":"Prehrávať zvuky"},{"$i":"perm-audio-channel-publicnotification","$v":"Prehrávať zvuky upozornení"},{"$i":"perm-audio-channel-telephony","$v":"Prehrávať telefónne hovory"},{"$i":"perm-backgroundservice","$v":"Fungovať ako služba na pozadí"},{"$i":"perm-device-storage-crashes","$v":"Úložisko údajov o zlyhaniach"},{"$i":"perm-downloads","$v":"Pristupovať k preberaným súborom"},{"$i":"perm-embed-widgets","$v":"Vložené widgety"},{"$i":"perm-feature-detection","$v":"Detekcia funkcií"},{"$i":"perm-firefox-accounts","$v":"Účty Firefox Account"},{"$i":"perm-mobilenetwork","$v":"Mobilná sieť"},{"$i":"perm-moz-attention","$v":"Otvárať Overlay Popups (moz)"},{"$i":"perm-moz-audio-channel-ringer","$v":"Prehrávať vyzváňania (moz)"},{"$i":"perm-moz-audio-channel-telephony","$v":"Prehrávať telefónne hovory (moz)"},{"$i":"perm-moz-firefox-accounts","$v":"Účty Firefox Account (moz)"},{"$i":"perm-networkstats-manage","$v":"Ovládať štatistiky o používaní"},{"$i":"perm-nfc","$v":"NFC"},{"$i":"perm-nfc-hci-events","$v":"Udalosti NFC HCI"},{"$i":"perm-nfc-manager","$v":"Správa NFC"},{"$i":"perm-phonenumberservice","$v":"Služba mobilného čísla"},{"$i":"perm-push","$v":"Push API"},{"$i":"perm-resourcestats-manage","$v":"Štatistiky zdrojov"},{"$i":"perm-sms","$v":"Odosielanie a čítanie SMS"},{"$i":"perm-speaker-control","$v":"Ovládanie hlasitosti"},{"$i":"perm-storage","$v":"Pristupovať k úložisku"},{"$i":"perm-tcp-socket","$v":"Sockety TCP"},{"$i":"perm-test-permission","$v":"Testovacie oprávnenie"},{"$i":"perm-time","$v":"Nastavovať dátum a čas"},{"$i":"perm-udp-socket","$v":"Sockety UDP"},{"$i":"perm-wappush","$v":"WAP Push"},{"$i":"tz-region","$v":"Kontinent"},{"$i":"tz-city","$v":"Mesto"},{"$i":"tzRegion-Africa","$v":"Afrika"},{"$i":"tzRegion-America","$v":"Amerika"},{"$i":"tzRegion-Antarctica","$v":"Antarktída"},{"$i":"tzRegion-Asia","$v":"Ázia"},{"$i":"tzRegion-Atlantic","$v":"Atlantik"},{"$i":"tzRegion-Australia","$v":"Austrália"},{"$i":"tzRegion-Europe","$v":"Európa"},{"$i":"tzRegion-Indian","$v":"Oceánia"},{"$i":"tzRegion-Pacific","$v":"Pacifik"},{"$i":"ringtone-none","$v":"Žiadny"},{"$i":"ringer_bubble","$v":"Bubble"},{"$i":"ringer_chimer","$v":"Chimer"},{"$i":"ringer_cunning","$v":"Cunning"},{"$i":"ringer_dulco","$v":"Dulco"},{"$i":"ringer_firefox2","$v":[{"t":"idOrVar","v":"ringtoneBrandName"}]},{"$i":"ringer_garden","$v":"Garden"},{"$i":"ringer_marbled","$v":"Marbled"},{"$i":"ringer_opti","$v":"Opti"},{"$i":"ringer_pecko","$v":"Pecko"},{"$i":"ringer_pingy","$v":"Pingy"},{"$i":"ringer_poppop","$v":"Pop Pop"},{"$i":"ringer_sata","$v":"Sata"},{"$i":"ringer_simple","$v":"Clean"},{"$i":"ringer_standard1","$v":"Classic"},{"$i":"ringer_standard2","$v":"Classic Fast"},{"$i":"ringer_stutter","$v":"Stutter"},{"$i":"ringer_symmetry","$v":"Symmetry"},{"$i":"ringer_tailwind","$v":"Tail Wind"},{"$i":"ringer_thoughtful","$v":"Thoughtful"},{"$i":"ringer_wit","$v":"Wit"},{"$i":"ringer_zen","$v":"Zen"},{"$i":"notifier_bells","$v":"Bells"},{"$i":"notifier_bloom","$v":"Bloom"},{"$i":"notifier_chime","$v":"Chime"},{"$i":"notifier_clicka","$v":"Clicka"},{"$i":"notifier_digi","$v":"Digi"},{"$i":"notifier_dropplet","$v":"Dropplet"},{"$i":"notifier_firefox2","$v":[{"t":"idOrVar","v":"ringtoneBrandName"}]},{"$i":"notifier_hello","$v":"Hello"},{"$i":"notifier_lowmarble","$v":"Low Marble"},{"$i":"notifier_ping","$v":"Ping"},{"$i":"notifier_plickle","$v":"Plickle"},{"$i":"notifier_pocko","$v":"Pocko"},{"$i":"notifier_quado","$v":"Quado"},{"$i":"notifier_red","$v":"Red"},{"$i":"notifier_sato","$v":"Sato"},{"$i":"notifier_swipo","$v":"Swipo"},{"$i":"notifier_trickleup","$v":"Trickle Up"},{"$i":"notifier_trink","$v":"Trink"},{"$i":"notifier_verse","$v":"Verse"},{"$i":"settings","$v":"Nastavenia"},{"$i":"advancedSettings","$v":"Rozšírené nastavenia"},{"$i":"default","$v":"Predvolené"},{"$i":"enabled","$v":"Zapnuté"},{"$i":"enable","$v":"Povoliť"},{"$i":"disabled","$v":"Vypnuté"},{"$i":"error","$v":"Chyba"},{"$i":"ok","$v":"OK"},{"$i":"yes","$v":"Áno"},{"$i":"no","$v":"Nie"},{"$i":"reset","$v":"Vynulovať"},{"$i":"cancel","$v":"Zrušiť"},{"$i":"close","$v":"Zavrieť"},{"$i":"back","$v":"Naspäť"},{"$i":"continue","$v":"Pokračovať"},{"$i":"skip","$v":"Preskočiť"},{"$i":"pair","$v":"Spárovať"},{"$i":"add","$v":"Pridať"},{"$i":"done","$v":"Hotovo"},{"$i":"set","$v":"Nastaviť"},{"$i":"notNow","$v":"Teraz nie"},{"$i":"turnOn","$v":"Zapnúť"},{"$i":"selectASIMCard","$v":"Zvoľte kartu SIM"},{"$i":"sim1","$v":"SIM1"},{"$i":"sim2","$v":"SIM2"},{"$i":"unavailable","$v":"Nedostupné"},{"$i":"confirmation","$v":"Potvrdenie"},{"$i":"simSettingsWithIndex","$v":["Nastavenia karty SIM",{"t":"idOrVar","v":"index"}]},{"$i":"networkAndConnectivity","$v":"Sieť a pripojenia"},{"$i":"airplaneMode","$v":"Režim V lietadle"},{"$i":"geolocation","$v":"Zisťovanie polohy"},{"$i":"wifi","$v":"Wi-Fi"},{"$i":"wifi-header","$v":[{"t":"idOrVar","v":"wifi"}]},{"$i":"wifi-disabled","$v":"Ak chcete zobraziť dostupné siete, povoľte Wi-Fi. "},{"$i":"availableNetworks","$v":"Dostupné siete"},{"$i":"knownNetworks","$v":"Známe siete"},{"$i":"hiddenNetworks","$v":"Skryté siete"},{"$i":"scanning","$v":"Prebieha vyhľadávanie…"},{"$i":"scanNetworks","$v":"Hľadať znova"},{"$i":"fullStatus-initializing","$v":"Inicializuje sa…"},{"$i":"fullStatus-connecting","$v":["Pripája sa k ",{"t":"idOrVar","v":"ssid"},"…"]},{"$i":"fullStatus-associated","$v":"Získava sa adresa IP…"},{"$i":"fullStatus-connected","$v":["Pripojené k ",{"t":"idOrVar","v":"ssid"}]},{"$i":"fullStatus-connectingfailed","$v":"Pripojenie zlyhalo"},{"$i":"fullStatus-disconnected","$v":"Offline"},{"$i":"shortStatus-connecting","$v":"Pripája sa…"},{"$i":"shortStatus-associated","$v":"Získava sa adresa IP…"},{"$i":"shortStatus-connected","$v":"Pripojené"},{"$i":"shortStatus-connectingfailed","$v":"Pripojenie zlyhalo"},{"$i":"shortStatus-disconnected","$v":"Offline"},{"$i":"wifi-sleep","$v":"Uspávať Wi-Fi"},{"$i":"wifi-sleep-description","$v":"Po povolení bude sieť Wi-Fi automaticky vypínaná počas nečinnosti, aby sa šetrila batéria zariadenia."},{"$i":"manageNetworks","$v":"Spravovať siete"},{"$i":"wifi-bad-credentials-title","$v":"Nepodarilo sa pripojiť k sieti Wi-Fi"},{"$i":"wifi-bad-credentials-confirm","$v":["Nepodarilo sa pripojiť k sieti ",{"t":"idOrVar","v":"ssid"},", overenie zlyhalo kvôli nesprávnym prihlasovacím údajom. Prosím, zadajte nové sieťové heslo."]},{"$i":"manageNetworks-header","$v":"Správa sietí"},{"$i":"manageCertificates","$v":"Spravovať certifikáty"},{"$i":"manageCert","$v":"Správa certifikátov"},{"$i":"joinHiddenNetwork","$v":"Pripojiť k skrytej sieti"},{"$i":"securedBy","$v":["Zabezpečené ",{"t":"idOrVar","v":"capabilities"}]},{"$i":"security","$v":"Zabezpečenie"},{"$i":"securityNone","$v":"Žiadne"},{"$i":"securityOpen","$v":"Otvorená"},{"$i":"notInRange","$v":"Mimo rozsah"},{"$i":"ipAddress","$v":"Adresa IP"},{"$i":"linkSpeed","$v":"Rýchlosť linky"},{"$i":"linkSpeedMbs","$v":[{"t":"idOrVar","v":"linkSpeed"}," Mbit/s"]},{"$i":"signalStrength","$v":"Sila signálu"},{"$i":"signalLevel0","$v":"Veľmi slabý"},{"$i":"signalLevel1","$v":"Slabý"},{"$i":"signalLevel2","$v":"Priemerný"},{"$i":"signalLevel3","$v":"Dobrý"},{"$i":"signalLevel4","$v":"Veľmi dobrý"},{"$i":"forget","$v":"Odobrať"},{"$i":"forgetNetwork-dialog","$v":"Odobrať sieť?"},{"$i":"forgetNetwork-confirmation","$v":"Potvrdenie"},{"$i":"authentication","$v":"Overovanie"},{"$i":"authentication-header","$v":[{"t":"idOrVar","v":"authentication"}]},{"$i":"eap","$v":"Metóda EAP"},{"$i":"auth-phase2","$v":"Overenie fáza 2"},{"$i":"server-certificate","$v":"Certifikát servera"},{"$i":"import-certificate-msg","$v":"Poznámka: ak potrebujete importovať nové certifikáty, prejdite na “Správu certifikátov\"."},{"$i":"identity","$v":"Identifikátor"},{"$i":"password","$v":"Heslo"},{"$i":"showPassword","$v":"Zobraziť heslo"},{"$i":"networkNotification","$v":"Upozornenia na siete"},{"$i":"networkNotification-expl","$v":"Upozorniť, keď bude dostupná otvorená sieť"},{"$i":"macAddress","$v":"MAC adresa"},{"$i":"deviceInfo_software","$v":[{"t":"idOrVar","v":"brandShortName"}," ",{"t":"idOrVar","v":"os"}]},{"$i":"macUnavailable","$v":"Nie je dostupná"},{"$i":"noNetworksFound","$v":"Nebola nájdená žiadna sieť"},{"$i":"noKnownNetworks","$v":"Žiadna známa sieť"},{"$i":"edit","$v":"Upraviť"},{"$i":"certificateList","$v":"Zoznam certifikátov"},{"$i":"noCertificate","$v":"Žiadne importované certifikáty"},{"$i":"deleteCertificate","$v":"Odstrániť certifikát"},{"$i":"importCertificate","$v":"Importovať certifikát"},{"$i":"selectCertificateFile","$v":"Zvoľte súbor certifikátu"},{"$i":"enterCertificateNickname","$v":"Zadajte prezývku certifikátu"},{"$i":"nickname","$v":"Prezývka"},{"$i":"enter-certificate-name-msg","$v":"Môžete zmeniť prezývku alebo ponechať predvolený názov."},{"$i":"certificate-deletion-failed","$v":"Odstránenie certifikátu zlyhalo"},{"$i":"certificate-deletion-failed-description","$v":"Toto sa môže stať napríklad pri probléme s úložiskom."},{"$i":"certificate-import-failed","$v":"Import certifikátu zlyhal"},{"$i":"certificate-import-failed-description","$v":"Toto sa môže stať napríklad pri probléme so súborom certifikátu."},{"$i":"wpsMessage","$v":"Pripojiť pomocou WPS"},{"$i":"wpsMessage-header","$v":"Pripojenie WPS"},{"$i":"fullStatus-wps-inprogress","$v":"Prebieha pripájanie pomocou WPS…"},{"$i":"fullStatus-wps-canceled","$v":"Pripojenie pomocou WPS bolo zrušené"},{"$i":"fullStatus-wps-timedout","$v":"Čas pre pripojenie pomocou WPS vypršal"},{"$i":"fullStatus-wps-failed-error","$v":["WPS zlyhalo [",{"t":"idOrVar","v":"error"},"]"]},{"$i":"fullStatus-wps-overlapped","$v":"Bol nájdený ďalší WPS PBC AP"},{"$i":"wpsDescription2","$v":"Automatické nastavenie Wi-Fi"},{"$i":"wpsMethodSelection","$v":"Zvoľte metódu WPS:"},{"$i":"wpsPbcLabel","$v":"Pomocou tlačidla"},{"$i":"wpsMyPinLabel","$v":"Zadám môj kód PIN"},{"$i":"wpsApPinLabel","$v":"Zadám AP PIN"},{"$i":"wpsPinDescription","$v":"Kód PIN má 4 alebo 8 číslic"},{"$i":"wpsPinInput","$v":["Zadajte kód ",{"t":"idOrVar","v":"pin"}," na druhom zariadení"]},{"$i":"wpsPinAps","$v":"Zvoľte druhé zariadenie"},{"$i":"wpsAnyAp","$v":"Ľubovoľné"},{"$i":"wpsCancelMessage","$v":"Zrušiť pripojenie cez WPS"},{"$i":"wpsCancelFailedMessageError","$v":["Nepodarilo sa zrušiť WPS [",{"t":"idOrVar","v":"error"},"]"]},{"$i":"callSettings","$v":"Nastavenie hovorov"},{"$i":"callSettings-header","$v":[{"t":"idOrVar","v":"callSettings"}]},{"$i":"callSettingsQuery","$v":"Získavajú sa informácie zo siete…"},{"$i":"callSettingsQueryError","$v":"Požiadavka zlyhala"},{"$i":"voiceMail","$v":"Hlasová správa"},{"$i":"voiceMail-header","$v":[{"t":"idOrVar","v":"voiceMail"}]},{"$i":"voiceMail-number","$v":"Číslo na hlasovú schránku"},{"$i":"voiceMail-number-notSet","$v":"Nenastavené"},{"$i":"voicePrivacyMode","$v":"Zabezpečené hovory"},{"$i":"callWaiting","$v":"Čakajúci hovor"},{"$i":"confirmCallWaitingTitle","$v":"Nie je možné potvrdiť nastavenia pre čakajúce hovory"},{"$i":"confirmCallWaitingDesc","$v":"Zariadenie momentálne nedokáže komunikovať s operátorom. Skúste zadať nastavenia znova."},{"$i":"callForwarding","$v":"Presmerovanie hovorov"},{"$i":"callForwarding-header","$v":"Presmerovanie"},{"$i":"callForwardingForward","$v":"Presmerovať"},{"$i":"callForwardingUnconditional","$v":"Vždy presmerovať"},{"$i":"callForwardingUnconditionalShort","$v":"Vždy"},{"$i":"callForwardingMobileBusy","$v":"Ak je obsadené"},{"$i":"callForwardingMobileBusyShort","$v":"Ak je obsadené"},{"$i":"callForwardingNoReply","$v":"Ak neodpovedá"},{"$i":"callForwardingNoReplyShort","$v":"Ak neodpovedá"},{"$i":"callForwardingNotReachable","$v":"Pri nedostupnosti"},{"$i":"callForwardingNotReachableShort","$v":"Ak je nedostupné"},{"$i":"callForwardingForwardingVoiceToNumber","$v":["Hlasové hovory na ",{"t":"idOrVar","v":"number"}]},{"$i":"callForwardingNotForwarding","$v":"Vypnuté"},{"$i":"callForwardingConfirmTitle","$v":"Potvrdzovacia správa pre presmerovanie hovorov"},{"$i":"cf-alwaysUseThisNumber","$v":"Vždy použiť toto číslo"},{"$i":"cf-numberWhenUnreachable","$v":"Číslo pri nedostupnosti"},{"$i":"cf-numberWhenUnanswered","$v":"Číslo, ak neodpovedá"},{"$i":"cf-numberWhenBusy","$v":"Číslo, ak je obsadené"},{"$i":"callForwardingInvalidNumberError","$v":"Toto telefónne číslo nie je platné."},{"$i":"callForwardingSetSuccess","$v":"Operácia bola úspešne dokončená."},{"$i":"callForwardingSetForbidden","$v":"Váš operátor nepodporuje túto operáciu."},{"$i":"callForwardingSetError","$v":"Chyba pri nastavení hovorov."},{"$i":"callerId","$v":"Identifikácia volajúceho"},{"$i":"callBarring","$v":"Blokovanie hovorov"},{"$i":"callBarring-header","$v":[{"t":"idOrVar","v":"callBarring"}]},{"$i":"callBarring-outgoing","$v":"Odchádzajúce hovory"},{"$i":"callBarring-baoc","$v":"Všetky"},{"$i":"callBarring-boic","$v":"Medzinárodné"},{"$i":"callBarring-boicExhc","$v":"Medzinárodné okrem domovskej krajiny"},{"$i":"callBarring-incoming","$v":"Prichádzajúce hovory"},{"$i":"callBarring-baic","$v":"Všetky"},{"$i":"callBarring-baicR","$v":"Všetky v roamingu"},{"$i":"callBarring-passcode","$v":"Heslo"},{"$i":"callBarring-change-passcode","$v":"Zmeniť heslo"},{"$i":"callBarring-passcode-enter","$v":"Zadajte heslo"},{"$i":"callBarring-passcode-unknown","$v":"V prípade, že nemáte heslo, kontaktujte svojho operátora"},{"$i":"callBarring-current-passcode","$v":"Aktuálne heslo"},{"$i":"callBarring-new-passcode","$v":"Nové heslo"},{"$i":"callBarring-create-passcode","$v":"Vytvoriť heslo"},{"$i":"callBarring-confirm-passcode","$v":"Potvrdiť heslo"},{"$i":"callBarring-passcode-error-generic","$v":"Chyba hesla."},{"$i":"callBarring-passcode-error-incorrect","$v":"Heslo nie je platné."},{"$i":"callBarring-passcode-error-mismatch","$v":"Heslá sa nezhodujú."},{"$i":"callBarring-update-item-error","$v":["Chyba pri aktualizácii položky: ",{"t":"idOrVar","v":"error"},"."]},{"$i":"callBarring-change-passcode-success","$v":"Heslo bolo zmenené."},{"$i":"callerId-default","$v":"Dané sieťou"},{"$i":"callerId-hide","$v":"Skryť číslo"},{"$i":"callerId-show","$v":"Zobraziť číslo"},{"$i":"fdn","$v":"Pevný zoznam čísiel"},{"$i":"fdnSettings","$v":"Pevný zoznam čísiel"},{"$i":"fdnSettings-header","$v":[{"t":"idOrVar","v":"fdnSettings"}]},{"$i":"fdn-authorizedNumbers","$v":"Autorizované čísla"},{"$i":"fdn-authorizedNumbers-header","$v":[{"t":"idOrVar","v":"fdn-authorizedNumbers"}]},{"$i":"fdn-authorizedNumbers-desc","$v":"Zoznam čísiel, na ktoré je možné volať"},{"$i":"fdn-explanation1","$v":"Obmedzí zoznam čísiel, na ktoré je možné volať z tohto telefónu."},{"$i":"fdn-explanation2","$v":"(tiesňové čísla zostanú dostupné)"},{"$i":"fdnEnable","$v":"Povoliť zoznam"},{"$i":"fdnDisable","$v":"Vypnúť zoznam"},{"$i":"fdnReset","$v":"Vynulovať PIN2"},{"$i":"fdnAttemptMsg3","$v":{"one":"Máte posledný pokus na zadanie správneho kódu pred uzamknutím karty SIM.","two":["Ostávajú ",{"t":"idOrVar","v":"n"}," pokusy na zadanie správneho kódu pred uzamknutím karty SIM."],"few":["Ostávajú ",{"t":"idOrVar","v":"n"}," pokusy na zadanie správneho kódu pred uzamknutím karty SIM."],"many":["Ostáva ",{"t":"idOrVar","v":"n"}," pokusov na zadanie správneho kódu pred uzamknutím karty SIM."],"other":["Ostáva ",{"t":"idOrVar","v":"n"}," pokusov na zadanie správneho kódu pred uzamknutím karty SIM."]},"$x":[{"t":"idOrVar","v":"plural"},"n"]},{"$i":"fdnLastChanceMsg","$v":"Toto je posledná šanca na zadanie správneho kódu PIN2. V opačnom prípade bude nutné zadať kód PUK2 tejto karty SIM."},{"$i":"fdnErrorMsg","$v":"Kód PIN2 nie je správny."},{"$i":"fdn-enabled-warning","$v":"Presmerovanie hovorov je kvôli aktivovanej funkcii Pevný zoznam čísiel vypnuté."},{"$i":"fdnContact-name","$v":"meno"},{"$i":"fdnContact-number","$v":"číslo"},{"$i":"fdnContact-submit","$v":"odoslať"},{"$i":"fdnAction-add","$v":"Pridať kontakt"},{"$i":"fdnAction-call","$v":"Volať"},{"$i":"fdnAction-edit","$v":"Upraviť kontakt"},{"$i":"fdnAction-edit-header","$v":"Úprava kontaktu"},{"$i":"fdnAction-delete","$v":"Odstrániť kontakt"},{"$i":"fdnNoFDNFreeRecord","$v":"Dosiahli ste maximálny možný počet čísiel v zozname Pevný zoznam čísiel."},{"$i":"messagingSettings","$v":"Nastavenia správ"},{"$i":"messagingSettings-header","$v":[{"t":"idOrVar","v":"messagingSettings"}]},{"$i":"message-confirmation","$v":"Potvrdenie doručenia správ"},{"$i":"message-delivery-reports","$v":"Správy o doručení"},{"$i":"message-delivery-reports-details","$v":"Vyžiadať potvrdenie o doručení každej odoslanej správy"},{"$i":"message-read-reports","$v":"Správy o prečítaní"},{"$i":"message-read-reports-details","$v":"Vyžiadať správu o prečítaní pre každú odoslanú správu"},{"$i":"mmsTitle","$v":"Multimediálne správy (MMS)"},{"$i":"auto-retrieve","$v":"Automaticky získavať"},{"$i":"auto-retrieve-details","$v":"Automaticky získavať správy"},{"$i":"manual-retrieve","$v":"Vypnuté"},{"$i":"auto-roaming-retrieve","$v":"Aj v roamingu"},{"$i":"auto-no-roaming-retrieve","$v":"Len mimo roamingu"},{"$i":"autoConfigure","$v":"Automatická konfigurácia"},{"$i":"wapPushMessages","$v":"Správy WAP Push"},{"$i":"wapPush","$v":"WAP Push"},{"$i":"cellBroadcastMessages","$v":"Správy s informáciami bunky"},{"$i":"cellBroadcast","$v":"Správy bunky"},{"$i":"emergencyAlert","$v":"Núdzové varovanie"},{"$i":"messagingInformation","$v":"Informácia"},{"$i":"messaging-SMSC","$v":"Centrum správ"},{"$i":"messaging-sim-settings","$v":["Nastavenia SIM",{"t":"idOrVar","v":"index"}]},{"$i":"unknown-SMSC","$v":"Informácia nie je dostupná"},{"$i":"cellularAndData","$v":"Mobilná sieť a dáta"},{"$i":"cellularAndData-header","$v":[{"t":"idOrVar","v":"cellularAndData"}]},{"$i":"dataNetwork","$v":"Operátor"},{"$i":"dataConnectivity","$v":"Dáta"},{"$i":"dataConnection","$v":"Dátové pripojenie"},{"$i":"dataRoaming","$v":"Dátový roaming"},{"$i":"networkOperator","$v":"Zvoliť operátora"},{"$i":"networkOperator-header","$v":"Voľba operátora"},{"$i":"availableOperators","$v":"Sieťoví operátori v okolí"},{"$i":"preferredNetworkTypeAlertTitle","$v":"Preferovaný typ siete"},{"$i":"preferredNetworkTypeAlertErrorMessage","$v":"Typ siete nemohol byť nastavený"},{"$i":"operator-networkType","$v":"Typ siete"},{"$i":"operator-networkType-auto","$v":"Automaticky"},{"$i":"operator-networkType-prefer3G","$v":"Preferované 3G"},{"$i":"operator-networkType-2G","$v":"Len 2G"},{"$i":"operator-networkType-3G","$v":"Len 3G"},{"$i":"operator-networkType-GSM","$v":"GSM"},{"$i":"operator-networkType-WCDMA","$v":"WCDMA"},{"$i":"operator-networkType-CDMA","$v":"CDMA"},{"$i":"operator-networkType-EVDO","$v":"EVDO"},{"$i":"operator-networkType-LTE","$v":"LTE"},{"$i":"operator-networkType-preferWCDMA","$v":"Preferované WCDMA"},{"$i":"operator-networkType-auto-2G-3G","$v":"Automaticky (2G/3G)"},{"$i":"operator-networkType-auto-CDMA-EVDO","$v":"Automaticky (CDMA/EVDO)"},{"$i":"operator-networkType-auto-WCDMA-GSM","$v":"Automaticky (WCDMA/GSM)"},{"$i":"operator-networkType-auto-LTE-WCDMA-GSM","$v":"Automaticky (LTE/WCDMA/GSM)"},{"$i":"operator-networkType-auto-LTE-CDMA-EVDO","$v":"Automaticky (LTE/CDMA/EVDO)"},{"$i":"operator-networkType-auto-WCDMA-GSM-CDMA-EVDO","$v":"Automaticky (WCDMA/GSM/CDMA/EVDO)"},{"$i":"operator-autoSelect","$v":"Automatický výber"},{"$i":"operator-networkSelect-auto","$v":"Automaticky zvoliť"},{"$i":"operator-networkSelect-manual","$v":"Manuálne"},{"$i":"operator-turnAutoSelectOff","$v":"Zrušením automatického výberu zobrazíte všetkých dostupných operátorov."},{"$i":"operator-status-connecting","$v":"Pripája sa…"},{"$i":"operator-status-connectingfailed","$v":"Pripojenie zlyhalo"},{"$i":"operator-status-connected","$v":"Pripojené"},{"$i":"operator-roamingPreference","$v":"Nastavenie v roamingu"},{"$i":"operator-roamingPreference-home","$v":"Domovská sieť"},{"$i":"operator-roamingPreference-any","$v":"Ľubovoľná sieť"},{"$i":"operator-roamingPreference-affiliated","$v":"Sesterská sieť"},{"$i":"apn","$v":"APN"},{"$i":"apnSettings","$v":"Nastavenie APN"},{"$i":"apnSettings-header","$v":[{"t":"idOrVar","v":"apnSettings"}]},{"$i":"dataSettings","$v":"Nastavenie dát"},{"$i":"dataSettings-header","$v":[{"t":"idOrVar","v":"dataSettings"}]},{"$i":"suplSettings","$v":"Nastavenie A-GPS"},{"$i":"suplSettings-header","$v":[{"t":"idOrVar","v":"suplSettings"}]},{"$i":"messageSettings","$v":"Nastavenie správ"},{"$i":"messageSettings-header","$v":[{"t":"idOrVar","v":"messageSettings"}]},{"$i":"dunSettings","$v":"Nastavenie tetheringu"},{"$i":"dunSettings-header","$v":"Tethering"},{"$i":"imsSettings","$v":"Nastavenie IMS"},{"$i":"imsSettings-header2","$v":[{"t":"idOrVar","v":"imsSettings"}]},{"$i":"apn-editor-header","$v":"Editor APN"},{"$i":"mmsport","$v":"Port pre MMS"},{"$i":"mmsproxy","$v":"Proxy pre MMS"},{"$i":"mmsc","$v":"MMSC"},{"$i":"httpProxyHost","$v":"HTTP proxy host"},{"$i":"httpProxyPort","$v":"HTTP proxy port"},{"$i":"custom","$v":"(vlastné nastavenie)"},{"$i":"apn-authType","$v":"Overenie"},{"$i":"apn-authType-notDefined","$v":"Nedefinované"},{"$i":"apn-authType-none","$v":"Žiadne"},{"$i":"apn-authType-pap","$v":"PAP"},{"$i":"apn-authType-chap","$v":"CHAP"},{"$i":"apn-authType-papOrChap","$v":"PAP alebo CHAP"},{"$i":"apn-protocol","$v":"Protokol"},{"$i":"apn-roaming-protocol","$v":"Protokol roamingu"},{"$i":"apn-protocol-notDefined","$v":"Nedefinovaný"},{"$i":"apn-protocol-ip","$v":"IPv4"},{"$i":"apn-protocol-ipv6","$v":"IPv6"},{"$i":"apn-protocol-ipv4v6","$v":"IPv4/IPv6"},{"$i":"apn-type","$v":"Typ APN"},{"$i":"dataConnection-warning-head","$v":"Povoliť dátové pripojenie?"},{"$i":"dataConnection-warning-message","$v":"Aplikácie budú automaticky preberať dáta prostredníctvom dátového pripojenia, ak to budú potrebovať. Tieto dáta môžu byť spoplatnené."},{"$i":"dataRoaming-warning-head","$v":"Povoliť dátové pripojenie v roamingu?"},{"$i":"dataRoaming-warning-message","$v":"V závislosti od vášho volacieho programu môžu byť dáta v roamingu špeciálne spoplatnené."},{"$i":"change-apn-warning-message1","$v":"V závislosti na vašej zmluve s operátorom môže viesť zmena APN k dodatočným poplatkom, ak sa nachádzate v roamingu. Naozaj chcete pokračovať?"},{"$i":"reset-apn-warning-title","$v":"Nastaviť na predvolené"},{"$i":"reset-apn-warning-message","$v":"Týmto obnovíte nastavenia na predvolené hodnoty. Akciu nie je možné vrátiť späť."},{"$i":"state-unknown","$v":"Neznámy stav"},{"$i":"state-available","$v":"Dostupná"},{"$i":"state-connected","$v":"Pripojené"},{"$i":"state-current","$v":"Pripojené"},{"$i":"state-forbidden","$v":"Neprístupná"},{"$i":"delete-apn-confirm","$v":"Odstrániť tento APN?"},{"$i":"delete-apn","$v":"Odstrániť"},{"$i":"add-apn","$v":"Pridať nový APN"},{"$i":"reset-apn","$v":"Nastaviť na predvolené"},{"$i":"apnSettings-reset","$v":"Obnovenie nastavení APN"},{"$i":"bluetooth","$v":"Bluetooth"},{"$i":"bluetooth-header","$v":[{"t":"idOrVar","v":"bluetooth"}]},{"$i":"bluetooth-enable-msg","$v":"Ak chcete vidieť zariadenia vo svojom okolí, zapnite funkciu Bluetooth. "},{"$i":"bluetooth-paired-devices","$v":"Spárované zariadenia"},{"$i":"bluetooth-devices-in-area","$v":"Zariadenia v okolí"},{"$i":"bluetooth-visible-to-all","$v":"Viditeľný"},{"$i":"bluetooth-name-maxlength-alert","$v":["Názov vášho zariadenia prekračuje dĺžku ",{"t":"idOrVar","v":"length"}," znakov. Skúste to znova."]},{"$i":"bluetooth-address","$v":"Adresa Bluetooth"},{"$i":"bluetooth-address-unavailable","$v":"Nie je dostupná"},{"$i":"bt-status-nopaired","$v":"Nie sú spárované žiadne zariadenia"},{"$i":"bt-status-turnoff","$v":"Vypnuté"},{"$i":"bt-status-paired","$v":{"zero":[{"t":"idOrVar","v":"name"}],"one":[{"t":"idOrVar","v":"name"}," a ",{"t":"idOrVar","v":"n"}," ďalšie"],"two":[{"t":"idOrVar","v":"name"}," a ",{"t":"idOrVar","v":"n"}," ďalšie"],"few":[{"t":"idOrVar","v":"name"}," a ",{"t":"idOrVar","v":"n"}," ďalšie"],"many":[{"t":"idOrVar","v":"name"}," a ",{"t":"idOrVar","v":"n"}," ďalších"],"other":[{"t":"idOrVar","v":"name"}," a ",{"t":"idOrVar","v":"n"}," ďalších"]},"$x":[{"t":"idOrVar","v":"plural"},"n"]},{"$i":"device-status-tap-connect","$v":"Ťuknutím sem sa pripojíte"},{"$i":"device-status-pairing","$v":"Prebieha párovanie so zariadením…"},{"$i":"device-status-waiting","$v":"Čaká sa na druhé zariadenie…"},{"$i":"device-status-paired","$v":"Spárované"},{"$i":"device-status-connecting","$v":"Pripája sa…"},{"$i":"device-status-connected","$v":"Pripojené"},{"$i":"device-status-connected-media","$v":"Pripojené k médiám"},{"$i":"device-option-unpair","$v":"Zrušiť spárovanie"},{"$i":"device-option-confirm","$v":"Potvrdiť"},{"$i":"device-option-unpair-confirmation","$v":"Potvrdenie"},{"$i":"device-option-unpair-device","$v":"Zrušiť spárovanie zariadenia?"},{"$i":"device-option-connect","$v":"Pripojiť"},{"$i":"device-option-disconnect","$v":"Odpojiť"},{"$i":"search-for-device","$v":"Vyhľadávajú sa zariadenia…"},{"$i":"search-device","$v":"Vyhľadať zariadenia"},{"$i":"rename-device","$v":"Premenovať toto zariadenie"},{"$i":"unnamed-device","$v":"Neznáme zariadenie"},{"$i":"change-phone-name-desc","$v":"Pod týmto názvom sa telefón bude zobrazovať v iných zariadeniach."},{"$i":"bluetooth-new-name","$v":"Nový názov"},{"$i":"error-pair-title","$v":"Zariadenia sa nepodarilo spárovať"},{"$i":"error-pair-pincode","$v":"Zariadenia sa nepodarilo spárovať. Skontrolujte, či je kód PIN zadaný správne. "},{"$i":"error-pair-toofast","$v":"Zariadenia sa nepodarilo spárovať. Príliš veľa požiadaviek."},{"$i":"error-connect-title","$v":"Zariadenia sa nepodarilo prepojiť"},{"$i":"error-connect-msg","$v":"Skontrolujte, či je zariadenie, ku ktorému sa chcete pripojiť ešte stále v dosahu a či má zapnutý Bluetooth. "},{"$i":"unpair-title","$v":"Zrušiť spárovanie s pripojeným zariadením? "},{"$i":"unpair-msg","$v":"Aktuálne ste pripojený k tomuto zariadeniu. Zrušením spárovania sa tiež odpojíte."},{"$i":"nfc","$v":"NFC"},{"$i":"SSIDCannotBeEmpty","$v":"Identifikátor SSID nemôže byť prázdny"},{"$i":"internetSharing","$v":"Zdieľanie pripojenia"},{"$i":"internetSharing-header","$v":[{"t":"idOrVar","v":"internetSharing"}]},{"$i":"internetSharing-usb","$v":"USB"},{"$i":"internetSharing-wifi","$v":"Wi-Fi"},{"$i":"wifi-hotspot","$v":"Wi-Fi hotspot"},{"$i":"wifi-name","$v":"Názov"},{"$i":"wifi-password","$v":"Heslo"},{"$i":"wifi-security","$v":"Zabezpečenie"},{"$i":"usb-tethering","$v":"USB tethering"},{"$i":"hotspotSettings","$v":"Upraviť hotspot"},{"$i":"wifi-auth-username","$v":"Používateľské meno"},{"$i":"wifi-auth-password","$v":"Heslo"},{"$i":"wifi-join-username","$v":"Používateľské meno"},{"$i":"wifi-join-password","$v":"Heslo"},{"$i":"hotspotSettings-header","$v":"Úprava hotspotu"},{"$i":"ssid-name","$v":"Názov siete SSID"},{"$i":"hotspot-open","$v":"Otvorená sieť"},{"$i":"hotspot-wpa-psk","innerHTML":"WPA (TKIP)"},{"$i":"hotspot-wpa2-psk","innerHTML":"WPA2 (AES)"},{"$i":"hotspot-password-desc","$v":"Heslo musí mať minimálne 8 znakov."},{"$i":"personalization","$v":"Prispôsobenie"},{"$i":"sound","$v":"Zvuk"},{"$i":"sound-header","$v":[{"t":"idOrVar","v":"sound"}]},{"$i":"volume","$v":"Hlasitosť"},{"$i":"tones","$v":"Tóny"},{"$i":"touch-tones","$v":"Tón pri dotyku"},{"$i":"touch-tone-short","$v":"Krátky"},{"$i":"touch-tone-long","$v":"Dlhý"},{"$i":"select-tone","$v":"Zvoľte tón"},{"$i":"ringtones","$v":"Tóny vyzváňania"},{"$i":"alerts","$v":"Tóny upozornení"},{"$i":"manage-tones","$v":"Správa tónov"},{"$i":"other-sounds","$v":"Ostatné zvuky"},{"$i":"unlock-screen","$v":"Odomknutie obrazovky"},{"$i":"camera","$v":"Fotoaparát"},{"$i":"sent-message","$v":"Odoslanie správy"},{"$i":"alarm-sound","$v":"Budík"},{"$i":"ringtone-and-notification-sound","$v":"Vyzváňania a upozornenia"},{"$i":"media-sound","$v":"Médiá"},{"$i":"saving-tone","$v":"Ukladá sa…"},{"$i":"no-ringtone-app","$v":"Nebolo možné nájsť aplikáciu na správu vyzváňaní!"},{"$i":"display","$v":"Obrazovka"},{"$i":"display-header","$v":[{"t":"idOrVar","v":"display"}]},{"$i":"brightness","$v":"Jas"},{"$i":"brightness-autoAdjust","$v":"Nastaviť automaticky"},{"$i":"lockScreen","$v":"Zamykať obrazovku"},{"$i":"wallpaper","$v":"Pozadie"},{"$i":"screen-timeout","$v":"Časový limit"},{"$i":"one-minute","$v":"1 minúta"},{"$i":"two-minutes","$v":"2 minúty"},{"$i":"five-minutes","$v":"5 minút"},{"$i":"ten-minutes","$v":"10 minút"},{"$i":"never","$v":"nikdy"},{"$i":"lock-orientation","$v":"Uzamknúť orientáciu"},{"$i":"navigation","$v":"Navigácia"},{"$i":"navigation-header","$v":[{"t":"idOrVar","v":"navigation"}]},{"$i":"edge-swipe-navigation","$v":"Navigácia prstom od okrajov"},{"$i":"edge-swipe-navigation-enable-msg","$v":"Potiahnutím prstom od ľavého alebo pravého okraja obrazovky sa prepínate medzi aplikáciami."},{"$i":"notifications","$v":"Upozornenia"},{"$i":"notifications-header","$v":"Zobrazovať upozornenia"},{"$i":"lockscreen-notifications","$v":"Na uzamknutej obrazovke"},{"$i":"notifications-resend","$v":"Po reštartovaní"},{"$i":"dateAndTime","$v":"Dátum a čas"},{"$i":"dateAndTime-header","$v":[{"t":"idOrVar","v":"dateAndTime"}]},{"$i":"setTimeAutomatically","$v":"Nastaviť automaticky"},{"$i":"setTimeManually","$v":"Nastaviť manuálne"},{"$i":"timezoneMessage","$v":"Časové pásmo"},{"$i":"dateMessage","$v":"Dátum"},{"$i":"timeMessage","$v":"Čas"},{"$i":"selectTimezoneContinent","$v":"Zvoľte kontinent"},{"$i":"selectTimezone","$v":"Zvoľte časové pásmo"},{"$i":"time-format","$v":"Formát"},{"$i":"time-format-time","$v":"Formát času"},{"$i":"hour-12","$v":"12-hodinový"},{"$i":"hour-24","$v":"24-hodinový"},{"$i":"languageAndRegion","$v":"Jazyk a región"},{"$i":"language","$v":"Jazyk"},{"$i":"language-header","$v":[{"t":"idOrVar","v":"language"}]},{"$i":"region","$v":"Región"},{"$i":"more-languages","$v":"Získať ďalšie jazyky"},{"$i":"sample-format","$v":"Ukážka"},{"$i":"longDateFormat","$v":"%A, %d. %Eb %Y"},{"$i":"simManager","$v":"Správca kariet SIM"},{"$i":"simManager-header","$v":[{"t":"idOrVar","v":"simManager"}]},{"$i":"simSettings","$v":"Nastavenia karty SIM"},{"$i":"sim-manager-outgoing-calls","$v":"Odchádzajúce hovory"},{"$i":"sim-manager-outgoing-call-desc","$v":"Hovory budú odchádzať z"},{"$i":"sim-manager-outgoing-messages","$v":"Odchádzajúce správy"},{"$i":"sim-manager-outgoing-messages-desc","$v":"SMS budú odoslané z"},{"$i":"sim-manager-outgoing-data","$v":"Dáta"},{"$i":"sim-manager-outgoing-data-description","$v":"Dátové pripojenie k sieti a platby Marketplace"},{"$i":"sim-manager-always-ask","$v":"Vždy sa opýtať"},{"$i":"sim-pin-locked","$v":"Karta SIM uzamknutá pomocou PIN"},{"$i":"no-operator","$v":"Žiadny operátor"},{"$i":"cant-disable-simcard-alert","$v":"Musí byť aktívna aspoň jedna karta SIM"},{"$i":"disable-simcard-confirm","$v":["SIM",{"t":"idOrVar","v":"disableCardIndex"}," nemôže prijímať hovory a správy. Odchádzajúce hovory a správy z karty SIM",{"t":"idOrVar","v":"disableCardIndex"}," sú zakázané."]},{"$i":"change-outgoing-data-confirm","$v":"Aktuálny prenos dát bude pozastavený. Pokračovať?"},{"$i":"homescreen","$v":"Úvodná obrazovka"},{"$i":"vertical-homescreen-header","$v":"Úvodná obrazovka"},{"$i":"vertical-homescreen-layout","$v":"Rozloženie"},{"$i":"vertical-homescreen-icon-layout","$v":"Rozloženie ikon"},{"$i":"vertical-homescreen-three-columns","$v":"Tri stĺpce"},{"$i":"vertical-homescreen-four-columns","$v":"Štyri stĺpce"},{"$i":"notice","$v":"Poznámka"},{"$i":"search","$v":"Vyhľadávanie"},{"$i":"search-header","$v":"Vyhľadávanie"},{"$i":"search-engine","$v":"Vyhľadávací modul"},{"$i":"search-suggestions","$v":"Návrhy vyhľadávania"},{"$i":"search-suggestions-description","$v":"Znaky napísané počas zadávania výrazu vyhľadávania sú odosielané niekoľkým vyhľadávacím službám s cieľom poskytnúť vám návrhy vyhľadávania. Dáta prenesené pri používaní tejto služby môžu byť v závislosti na vašom volacom programe spoplatnené."},{"$i":"homescreens","$v":"Úvodná obrazovka"},{"$i":"homescreens-header","$v":[{"t":"idOrVar","v":"homescreens"}]},{"$i":"changeHomescreen","$v":"Zmeniť úvodnú obrazovku"},{"$i":"changeHomescreenButton","$v":"Zmeniť"},{"$i":"description","$v":"Popis"},{"$i":"keyboardSettings","$v":"Nastavenia klávesnice"},{"$i":"selectedKeyboards","$v":"Zvolené klávesnice"},{"$i":"keyboards","$v":"Klávesnice"},{"$i":"keyboards-header","$v":[{"t":"idOrVar","v":"keyboards"}]},{"$i":"numberKeyboardLayouts","$v":"Rozloženie číslic"},{"$i":"optionKeyboardLayouts","$v":"Rozloženie voliteľných znakov"},{"$i":"keypad","$v":"Keypad"},{"$i":"dialpad","$v":"Číselná klávesnica"},{"$i":"selectKeyboards","$v":"Zvoľte klávesnice"},{"$i":"selectKeyboards-header","$v":[{"t":"idOrVar","v":"selectKeyboards"}]},{"$i":"mustHaveOneKeyboard","$v":["Musí byť zvolená aspoň jedna klávesnica typu ",{"t":"idOrVar","v":"type"}]},{"$i":"keyboardType-text","$v":"text"},{"$i":"keyboardType-url","$v":"adresa"},{"$i":"keyboardType-number","$v":"numerická"},{"$i":"defaultKeyboardEnabled","$v":["Ako predvolená metóda vstupu je nastavené ",{"t":"idOrVar","v":"appName"}," ",{"t":"idOrVar","v":"layoutName"}]},{"$i":"themes","$v":"Témy vzhľadu"},{"$i":"themes-header","$v":[{"t":"idOrVar","v":"themes"}]},{"$i":"fxa","$v":"Konto Firefox"},{"$i":"accounts","$v":"Správa konta"},{"$i":"fxa-accounts","$v":"Konto Firefox"},{"$i":"fxa-accounts-header","$v":[{"t":"idOrVar","v":"fxa-accounts"}]},{"$i":"fxa-overview","$v":"Konto Firefox vám umožňuje využívať funkcie ako Vyhľadať moje zariadenie a aplikácie ako Firefox Marketplace."},{"$i":"fxa-invitation","$v":"Vytvorte konto alebo sa prihláste"},{"$i":"fxa-confirm-account","$v":"Potvrdenie konta"},{"$i":"fxa-verification-email-sent-msg","$v":["Na adresu ",{"t":"idOrVar","v":"email"}," pošleme správu"]},{"$i":"fxa-please-verify","$v":"Kliknutím na overovací odkaz v tejto správe potvrdíte svoje konto."},{"$i":"fxa-cancel-confirmation","$v":"Zrušiť potvrdenie konta"},{"$i":"fxa-resend-alert","$v":["Na adresu ",{"t":"idOrVar","v":"email"}," bola odoslané overovacia správa."]},{"$i":"fxa-dont-see-email","$v":["Nedostali ste správu? ",{"t":"idOrVar","v":"resend"},"."]},{"$i":"fxa-resend","$v":"Znova odoslať"},{"$i":"fxa-about","$v":"O službe"},{"$i":"fxa-logged-in-text","$v":["Prihlásený ako ",{"t":"idOrVar","v":"email"}]},{"$i":"fxa-signed-in-header","$v":"Prihlásený"},{"$i":"fxa-marketplace-app","$v":"Marketplace"},{"$i":"fxa-find-my-device-app","$v":"Vyhľadať moje zariadenie"},{"$i":"fxa-options","$v":"Nastavenia"},{"$i":"fxa-sign-out","$v":"Odhlásiť sa"},{"$i":"fxa-confirm-email","$v":["Prosím, potvrďte ",{"t":"idOrVar","v":"email"}]},{"$i":"findmydevice","$v":"Vyhľadať moje zariadenie"},{"$i":"findmydevice-create-account","$v":"Vytvorte si konto alebo sa prihláste"},{"$i":"findmydevice-enable","$v":"Povoliť funkciu Vyhľadať moje zariadenie"},{"$i":"findmydevice-about","$v":"O funkcii Vyhľadať moje zariadenie"},{"$i":"findmydevice-enable-geolocation-prompt","$v":"Povoliť zisťovanie polohy?"},{"$i":"findmydevice-enable-geolocation-description","$v":"Ak chcete zobraziť polohu svojho zariadenia, musíte povoliť zisťovanie polohy."},{"$i":"findmydevice-geolocation-enabled","$v":"Zisťovanie polohy povolené"},{"$i":"findmydevice-enable-network","$v":"Zariadenie pracuje v režime offline. Pripojte sa k sieti a skúste to znova."},{"$i":"findmydevice-error","$v":"Vyskytla sa chyba funkcie Vyhľadať moje zariadenie."},{"$i":"findmydevice-please-try","$v":"Skúste to znova."},{"$i":"findmydevice-please-tap","$v":"Ťuknutím to skúsite znova."},{"$i":"privacyAndSecurity","$v":"Súkromie a bezpečnosť"},{"$i":"passcode-lock","$v":"Heslo zámku"},{"$i":"passcode-lock-desc","$v":["Heslo: ",{"t":"idOrVar","v":"code"}]},{"$i":"screenLock","$v":"Zámok obrazovky"},{"$i":"screenLock-header","$v":[{"t":"idOrVar","v":"screenLock"}]},{"$i":"simSecurity","$v":"Zabezpečenie karty SIM"},{"$i":"simSecurity-header","$v":[{"t":"idOrVar","v":"simSecurity"}]},{"$i":"appPermissions","$v":"Správa aplikácií"},{"$i":"appPermissions-header","$v":[{"t":"idOrVar","v":"appPermissions"}]},{"$i":"author","$v":"Autor"},{"$i":"permissions","$v":"Oprávnenia"},{"$i":"revoke","$v":"Odvolať"},{"$i":"ask","$v":"Opýtať sa"},{"$i":"deny","$v":"Zakázať"},{"$i":"allow","$v":"Povoliť"},{"$i":"uninstallApp","$v":"Odinštalovať aplikáciu"},{"$i":"phone","$v":"Telefón"},{"$i":"messages","$v":"Správy"},{"$i":"vibrate","$v":"Vibrovanie"},{"$i":"ring","$v":"Vyzváňanie"},{"$i":"change","$v":"Zmeniť"},{"$i":"create","$v":"Vytvoriť"},{"$i":"create-a-passcode","$v":"Vytvoriť heslo"},{"$i":"passcode","$v":"Heslo"},{"$i":"passcode-heading","$v":"Heslo"},{"$i":"enter-passcode","$v":"Zadajte heslo"},{"$i":"new-passcode","$v":"Nové heslo"},{"$i":"current-passcode","$v":"Aktuálne heslo"},{"$i":"incorrect-passcode","$v":"Heslo je neplatné"},{"$i":"passcode-doesnt-match","$v":"Heslo sa nezhoduje. Skúste to znova."},{"$i":"confirm-passcode","$v":"Potvrdiť heslo"},{"$i":"immediately","$v":"Okamžite"},{"$i":"after-one-minute","$v":"Po 1 minúte"},{"$i":"after-five-minutes","$v":"Po 5 minútach"},{"$i":"after-fifteen-minutes","$v":"Po 15 minútach"},{"$i":"after-thirty-minutes","$v":"Po 30 minútach"},{"$i":"after-one-hour","$v":"Po 1 hodine"},{"$i":"require-passcode","$v":"Požadovať heslo"},{"$i":"change-passcode","$v":"Zmeniť heslo"},{"$i":"noSimCard","$v":"Karta SIM nie je vložená"},{"$i":"simPin","$v":"Kód PIN karty SIM"},{"$i":"simPin2","$v":"Kód PIN2 karty SIM"},{"$i":"simPinWithIndex","$v":["Kód PIN karty SIM",{"t":"idOrVar","v":"index"}]},{"$i":"pukCode","$v":"Kód PUK"},{"$i":"puk2Code","$v":"Kód PUK2"},{"$i":"whatIsSimPin","$v":"Čo je SIM PIN?"},{"$i":"simPinIntro1","$v":"Kód PIN chráni prístup karty SIM k mobilným sieťam. Ak je kód PIN povolený, akékoľvek zariadenie s touto kartou SIM bude po reštarte vyžadovať jeho zadanie."},{"$i":"simPinIntro2","$v":"Kód PIN nie je to isté ako heslo používané na odblokovanie zariadenia."},{"$i":"changeSimPin","$v":"Zmeniť PIN"},{"$i":"simPinChangedSuccessfully","$v":"Kód PIN karty SIM bol úspešne zmenený"},{"$i":"simPinChangedSuccessfullyWithIndex","$v":["Kód PIN karty SIM",{"t":"idOrVar","v":"index"}," bol úspešne zmenený"]},{"$i":"pinTitle","$v":"Zadajte kód PIN"},{"$i":"pin2Title","$v":"Zadajte kód PIN2"},{"$i":"pukTitle","$v":"Zadajte kód PUK"},{"$i":"puk2Title","$v":"Zadajte kód PUK2"},{"$i":"newpinTitle","$v":"Nový PIN"},{"$i":"inputCodeRetriesLeft","$v":{"one":"Posledný pokus.","two":["Ostávajú ",{"t":"idOrVar","v":"n"}," pokusy."],"few":["Ostávajú ",{"t":"idOrVar","v":"n"}," pokusy."],"many":["Ostáva ",{"t":"idOrVar","v":"n"}," pokusov."],"other":["Ostáva ",{"t":"idOrVar","v":"n"}," pokusov."]},"$x":[{"t":"idOrVar","v":"plural"},"n"]},{"$i":"pinAttemptMsg3","$v":{"one":"Máte posledný pokus na zadanie správneho kódu pred uzamknutím karty SIM.","two":["Ostávajú ",{"t":"idOrVar","v":"n"}," pokusy na zadanie správneho kódu pred uzamknutím karty SIM."],"few":["Ostávajú ",{"t":"idOrVar","v":"n"}," pokusy na zadanie správneho kódu pred uzamknutím karty SIM."],"many":["Ostáva ",{"t":"idOrVar","v":"n"}," pokusov na zadanie správneho kódu pred uzamknutím karty SIM."],"other":["Ostáva ",{"t":"idOrVar","v":"n"}," pokusov na zadanie správneho kódu pred uzamknutím karty SIM."]},"$x":[{"t":"idOrVar","v":"plural"},"n"]},{"$i":"pinLastChanceMsg","$v":"Toto je posledná šanca na zadanie správneho kódu PIN. V opačnom prípade bude nutné zadať kód PUK tejto karty SIM."},{"$i":"simCardLockedMsg","$v":"Karta SIM je uzamknutá."},{"$i":"simCardBlockedMsg","$v":"Karta SIM je zablokovaná."},{"$i":"enterPukMsg","$v":"Musíte zadať kód PUK (Personal Unlocking Key) pridelený vašej karte SIM. Ďalšie informácie nájdete v dokumentácii k vašej karte SIM alebo kontaktujte svojho operátora."},{"$i":"enterPuk2Msg","$v":"Musíte zadať kód PUK2 (Personal Unlocking Key) pridelený vašej karte SIM. Ďalšie informácie nájdete v dokumentácii k vašej karte SIM alebo kontaktujte svojho operátora."},{"$i":"pukErrorMsg","$v":"Kód PUK je nesprávny."},{"$i":"pukAttemptMsg3","$v":{"one":"Máte posledný pokus na zadanie správneho kódu pred úplným zablokovaním karty SIM. Ďalšie informácie nájdete v dokumentácii k vašej karte SIM alebo kontaktujte svojho operátora.","two":["Ostávajú ",{"t":"idOrVar","v":"n"}," pokusy na zadanie správneho kódu pred úplným zablokovaním karty SIM. Ďalšie informácie nájdete v dokumentácii k vašej karte SIM alebo kontaktujte svojho operátora."],"few":["Ostávajú ",{"t":"idOrVar","v":"n"}," pokusy na zadanie správneho kódu pred úplným zablokovaním karty SIM. Ďalšie informácie nájdete v dokumentácii k vašej karte SIM alebo kontaktujte svojho operátora."],"many":["Ostáva ",{"t":"idOrVar","v":"n"}," pokusov na zadanie správneho kódu pred úplným zablokovaním karty SIM. Ďalšie informácie nájdete v dokumentácii k vašej karte SIM alebo kontaktujte svojho operátora."],"other":["Ostáva ",{"t":"idOrVar","v":"n"}," pokusov na zadanie správneho kódu pred úplným zablokovaním karty SIM. Ďalšie informácie nájdete v dokumentácii k vašej karte SIM alebo kontaktujte svojho operátora."]},"$x":[{"t":"idOrVar","v":"plural"},"n"]},{"$i":"pukLastChanceMsg","$v":"Posledná šanca na zadanie správneho kódu PUK. Ak zadáte nesprávny PUK kód, karta SIM bude natrvalo nepoužiteľná. Ďalšie informácie nájdete v dokumentácii k vašej karte SIM alebo kontaktujte svojho operátora."},{"$i":"newSimPinMsg","$v":"Nový kód PIN (4 až 8 číslic)"},{"$i":"newSimPin2Msg","$v":"Nový kód PIN2 (4 až 8 číslic)"},{"$i":"confirmNewSimPinMsg","$v":"Potvrďte nový PIN"},{"$i":"confirmNewSimPin2Msg","$v":"Potvrďte nový PIN2"},{"$i":"newPinErrorMsg","$v":"Zadané kódy PIN sa nezhodujú."},{"$i":"simLockedPhone","$v":"Telefón blokovaný na kartu SIM"},{"$i":"unknownSimCardState","$v":"Neznámy stav karty SIM"},{"$i":"simCardNotReady","$v":"Karta SIM nie je pripravená"},{"$i":"simCardIllegal","$v":"Neoverená karta SIM"},{"$i":"doNotTrack","$v":"Funkcia Do Not Track"},{"$i":"doNotTrack-header","$v":[{"t":"idOrVar","v":"doNotTrack"}]},{"$i":"doNotTrackActions","$v":"Požiadať stránky a aplikácie, aby nesledovali moju aktivitu"},{"$i":"allowTracking","$v":"Informovať stránky a aplikácie, že môžu sledovať moju aktivitu"},{"$i":"doNotHavePrefOnTracking","$v":"Neinformovať stránky a aplikácie o mojich preferenciách v oblasti sledovania aktivity"},{"$i":"doNotTrack-dt","$v":"Ako funguje funkcia Do Not Track?"},{"$i":"doNotTrack-dd1","$v":"Keď aktivujete funkciu Do Not Track, vaše zariadenie bude informovať každú webovú stránku a aplikáciu (rovnako aj reklamné a iné služby), že si neželáte, aby sledovali vašu aktivitu."},{"$i":"doNotTrack-dd2","$v":"Zapnutie funkcie Do Not Track nespôsobí, že by ste sa nemohli prihlasovať k webovým stránkam alebo že vaše zariadenie nebude ukladať súkromné informácie ako je obsah nákupných košíkov, informácie o umiestnení a stav prihlásenia."},{"$i":"browsingPrivacy","$v":"Súkromie pri prehliadaní"},{"$i":"browsingPrivacy-header","$v":[{"t":"idOrVar","v":"browsingPrivacy"}]},{"$i":"confirm-clear-title","$v":"Potvrdenie"},{"$i":"clear-browsing-history","$v":"Vymazať históriu prehliadania"},{"$i":"confirm-clear-browsing-history","$v":"Vymazať históriu prehliadania?"},{"$i":"clear-cookies-and-stored-data","$v":"Vymazať cookies a uložené údaje"},{"$i":"confirm-clear-cookies-and-stored-data","$v":"Vymazať cookies a ďalšie údaje uložené stránkami v tomto zariadení?"},{"$i":"clear","$v":"Vymazať"},{"$i":"privacy-controls","$v":"Nastavenie súkromia"},{"$i":"no-privacy-panel","$v":"Nebola nájdená aplikácia pre panel Súkromie"},{"$i":"storage","$v":"Úložisko"},{"$i":"enableUSBStorage1","$v":"Úložisko USB"},{"$i":"umsUnplugToDisable","$v":"Odpojte kábel USB"},{"$i":"appStorage","$v":"Úložisko aplikácií"},{"$i":"appStorage-header","$v":[{"t":"idOrVar","v":"appStorage"}]},{"$i":"storageSize","$v":[{"t":"idOrVar","v":"size"}," ",{"t":"idOrVar","v":"unit"}]},{"$i":"availableSize","$v":{"zero":["Dostupné miesto: ",{"t":"idOrVar","v":"size"}," ",{"t":"idOrVar","v":"unit"}],"one":["Dostupné miesto: ",{"t":"idOrVar","v":"size"}," ",{"t":"idOrVar","v":"unit"}],"two":["Dostupné miesto: ",{"t":"idOrVar","v":"size"}," ",{"t":"idOrVar","v":"unit"}],"few":["Dostupné miesto: ",{"t":"idOrVar","v":"size"}," ",{"t":"idOrVar","v":"unit"}],"many":["Dostupné miesto: ",{"t":"idOrVar","v":"size"}," ",{"t":"idOrVar","v":"unit"}],"other":["Dostupné miesto: ",{"t":"idOrVar","v":"size"}," ",{"t":"idOrVar","v":"unit"}]},"$x":[{"t":"idOrVar","v":"plural"},"size"]},{"$i":"apps-total-space","$v":"Miesto celkom"},{"$i":"apps-used-space","$v":"Využité"},{"$i":"apps-free-space","$v":"Zostáva"},{"$i":"storage-details","$v":"Fotografie, videá a hudba sú uložené oddelene od aplikácií. Podrobnosti v časti Úložisko médií."},{"$i":"ums-shared-volumes","$v":["Zdieľa sa ",{"t":"idOrVar","v":"list"}]},{"$i":"transferProtocol-header","$v":"Protokol prenosu"},{"$i":"protocol-mtp","$v":"Protokol prenosu médií (MTP)"},{"$i":"protocol-ums","$v":"Veľkokapacitné pamäťové úložisko USB (UMS)"},{"$i":"mediaStorage","$v":"Úložisko médií"},{"$i":"mediaStorage-header","$v":[{"t":"idOrVar","v":"mediaStorage"}]},{"$i":"storage-name-internal","$v":"Vnútorná pamäť"},{"$i":"storage-name-external-0","$v":"Karta SD"},{"$i":"storage-name-external-1","$v":"Karta SD 2"},{"$i":"short-storage-name-internal","$v":"Vnútorná pamäť"},{"$i":"short-storage-name-external-0","$v":"Karta SD"},{"$i":"short-storage-name-external-1","$v":"Karta SD 2"},{"$i":"music-space","$v":"Hudba"},{"$i":"pictures-space","$v":"Obrázky"},{"$i":"videos-space","$v":"Filmy"},{"$i":"left-space","$v":"Voľné miesto"},{"$i":"free-space","$v":"Voľné miesto"},{"$i":"total-space","$v":"Celkom miesta"},{"$i":"size-not-available","$v":"Nie je dostupné"},{"$i":"no-storage","$v":"Nebolo nájdené žiadne úložisko"},{"$i":"advanced","$v":"Rozšírené"},{"$i":"ums-warning-title","$v":"Povoliť úložisko USB?"},{"$i":"default-media-location","$v":"Predvolené umiestnenie médií"},{"$i":"default-media-location-msg","$v":"Zvoľte, kam sa budú predvolene ukladať fotografie, videá, hudba a súbory."},{"$i":"change-default-media-location-confirmation","$v":"Zmena predvoleného umiestnenia pre médiá ovplyvní, kam sa budú všetky médiá predvolene ukladať. Existujúce súbory ostanú nedotknuté na pôvodnom umiestnení. Chcete pokračovať?"},{"$i":"eject-sdcard-external-0","$v":"Vysunúť kartu SD"},{"$i":"eject-sdcard-external-1","$v":"Vysunúť kartu SD 2"},{"$i":"format-sdcard-internal","$v":"Naformátovať interné úložisko"},{"$i":"format-sdcard-external-0","$v":"Naformátovať kartu SD"},{"$i":"format-sdcard-external-1","$v":"Naformátovať kartu SD 2"},{"$i":"formatting","$v":"Formátuje sa…"},{"$i":"unmount-sdcard-confirmation","$v":"Po odpojení karty SD nebudete môcť pristupovať k údajom uloženým na karte. Naozaj chcete pokračovať?"},{"$i":"format-sdcard-title","$v":"Formátovanie karty SD"},{"$i":"format-sdcard-message","$v":"Týmto odstránite všetky údaje uložené na pamäťovej karte, napríklad hudbu či fotografie."},{"$i":"format-sdcard-internal-title","$v":"Formátovanie interného úložiska"},{"$i":"format-sdcard-internal-message","$v":"Týmto odstránite všetky údaje uložené vo vnútornom úložisku, napríklad hudbu či fotografie."},{"$i":"format-sdcard-btnformat","$v":"Formátovať"},{"$i":"sdcardUnmounted","$v":"Karta SD odpojená"},{"$i":"device","$v":"Zariadenie"},{"$i":"help","$v":"Pomocník"},{"$i":"deviceInfo","$v":"Informácie o zariadení"},{"$i":"deviceInfo-header","$v":[{"t":"idOrVar","v":"deviceInfo"}]},{"$i":"deviceInfo-IMEI","$v":"IMEI"},{"$i":"deviceInfo-ICCID","$v":"ICCID"},{"$i":"deviceInfo-MSISDN","$v":"Telefónne číslo"},{"$i":"deviceInfo-ICCID-unavailable-sim","$v":["SIM",{"t":"idOrVar","v":"index"},": nedostupné"]},{"$i":"downloads","$v":"Prevzatia"},{"$i":"downloads-header","$v":[{"t":"idOrVar","v":"downloads"}]},{"$i":"unknown-phoneNumber","$v":"Neznáme"},{"$i":"unknown-phoneNumber-sim","$v":["SIM",{"t":"idOrVar","v":"index"},": neznáme"]},{"$i":"gitInfo","$v":"Informácia o commite do Gitu"},{"$i":"developer","$v":"Vývojár"},{"$i":"developer-header","$v":[{"t":"idOrVar","v":"developer"}]},{"$i":"hud-settings-button","$v":"Vývojársky HUD"},{"$i":"hud-settings-header","$v":[{"t":"idOrVar","v":"hud-settings-button"}]},{"$i":"hud-devtools","$v":"Vývojárske nástroje"},{"$i":"hud-devtools-header","$v":[{"t":"idOrVar","v":"hud-devtools"}]},{"$i":"hud-logging","$v":"Zaznamenávať zmeny v ADB"},{"$i":"hud-system","$v":"Zobraziť systémový HUD"},{"$i":"hud-problems","$v":"Problémy"},{"$i":"hud-warnings","$v":"Upozornenia"},{"$i":"hud-errors","$v":"Chyby"},{"$i":"hud-security","$v":"Bezpečnostné hrozby"},{"$i":"hud-performance","$v":"Výkon"},{"$i":"hud-reflows","$v":"Natečenia textu"},{"$i":"hud-jank","$v":"Bordel"},{"$i":"jank-threshold","$v":"Prah bordelu"},{"$i":"hud-fps","$v":"Snímiek za sekundu"},{"$i":"hud-ttl","$v":"Čas načítania"},{"$i":"hud-memory","$v":"Pamäť"},{"$i":"hud-uss","$v":"Unikátna nastavená veľkosť"},{"$i":"hud-appmemory","$v":"Pamäť aplikácie"},{"$i":"hud-jsobjects","$v":"JS objekty"},{"$i":"hud-jsstrings","$v":"JS reťazce"},{"$i":"hud-jsother","$v":"JS iné"},{"$i":"hud-dom","$v":"DOM"},{"$i":"hud-style","$v":"Štýl"},{"$i":"hud-other","$v":"Iné"},{"$i":"software","$v":"Softvér"},{"$i":"devSettings","$v":"Vývojárske nastavenia"},{"$i":"debug","$v":"Ladenie"},{"$i":"developer-menu","$v":"Ponuka Vývojár"},{"$i":"developer-tools","$v":"Vývojárske nástroje"},{"$i":"graphics","$v":"Grafika"},{"$i":"hardware-composer","$v":"Hardvérový composer"},{"$i":"paint-flashing","$v":"Zvýrazniť prekreslenú oblasť"},{"$i":"dumps-layers","$v":"Výpis stromu vrstiev"},{"$i":"dumps-layerscope","$v":"Výpis layerscope"},{"$i":"apz-overscroll","$v":"Overscrolling"},{"$i":"tiling","$v":"Dlaždice"},{"$i":"low-precision","$v":"Vykresľovanie Low-precision"},{"$i":"low-opacity","$v":"Priehľadnosť pre Low-precision"},{"$i":"draw-tile-borders","$v":"Kresliť okraje dlaždíc"},{"$i":"draw-layer-borders","$v":"Kresliť okraje vrstiev"},{"$i":"log-animations","$v":"Zaznamenať pomalé animácie"},{"$i":"remote-debugging-usb","$v":"Ladenie cez USB"},{"$i":"dev-tools-wifi","$v":"Vývojárske nástroje cez Wi-Fi"},{"$i":"dev-tools-qps","$v":"Pseudo-lokalizácia"},{"$i":"debugger-disabled","$v":"Vypnuté"},{"$i":"debugger-adb-only","$v":"Len ADB"},{"$i":"debugger-adb-and-devtools","$v":"ADB a vývojárske nástroje"},{"$i":"wifi-debugging","$v":"Výstup Wi-Fi v ADB"},{"$i":"bluetooth-debugging","$v":"Výstup Bluetooth v ADB"},{"$i":"bluetooth-snoop-debugging","$v":"Bluetooth HCI sniffing logs to sdcard"},{"$i":"nfc-debugging","$v":"Výstup NFC v ADB"},{"$i":"ril-debugging","$v":"RIL output in ADB"},{"$i":"console-enabled","$v":"Povoliť konzolu"},{"$i":"cards-view-screenshots","$v":"Zobrazenie Karty: snímky"},{"$i":"geolocation-debugging-enabled","$v":"Výstup geolokácie v ADB"},{"$i":"geolocation-debugging-gps-locations-ignored","$v":"Ignorovať lokalizáciu cez GPS"},{"$i":"use-reviewer-certs","$v":"Používať certifikáty editorov Marketplace"},{"$i":"shake-to-log","$v":"Zatrasením uložiť systémový denník"},{"$i":"model-name","$v":"Model"},{"$i":"os-version","$v":"Verzia OS"},{"$i":"firmware_revision","$v":"Revízia firmvéru"},{"$i":"hardware_revision","$v":"Revízia hardvéru"},{"$i":"platform_version","$v":"Verzia platformy"},{"$i":"build-id","$v":"Identifikátor zostavenia"},{"$i":"update-channel","$v":"Kanál aktualizácií"},{"$i":"build_number","$v":"Číslo zostavenia"},{"$i":"update-url","$v":"Adresa aktualizácií"},{"$i":"last-updated","$v":"Naposledy aktualizované"},{"$i":"more-info","$v":"Ďalšie informácie"},{"$i":"more-info-header","$v":[{"t":"idOrVar","v":"more-info"}]},{"$i":"softwareUpdates","$v":"Aktualizácia softvéru"},{"$i":"check-update-daily","$v":"Denne"},{"$i":"check-update-weekly","$v":"Týždenne"},{"$i":"check-update-monthly","$v":"Mesačne"},{"$i":"check-for-updates","$v":"Kontrola aktualizácií"},{"$i":"check-update-now","$v":"Skontrolovať"},{"$i":"update-status","$v":"Stav aktualizácií"},{"$i":"no-network-when-update","$v":"Aby ste mohli pokračovať v aktualizácii, pripojte sa k sieti Internet."},{"$i":"checking-for-update","$v":"Vyhľadávajú sa aktualizácie…"},{"$i":"no-updates","$v":"Neboli nájdené žiadne aktualizácie"},{"$i":"retry-when-online","$v":"Sieť nie je dostupná. Kontrola bude vykonaná znovu okamžite ako bude sieť dostupná. "},{"$i":"already-latest-version","$v":["Používate najnovšiu verziu ",{"t":"idOrVar","v":"brandShortName"}]},{"$i":"check-error","$v":"Pri kontrole dostupnosti aktualizácií nastala chyba."},{"$i":"aboutBrowserOS","$v":["Čo je ",{"t":"idOrVar","v":"brandShortName"}]},{"$i":"browser-os-desc","$v":[{"t":"idOrVar","v":"brandShortName"}," je voľne šíriteľný operačný systém s otvoreným zdrojovým kódom od Mozilly. Našou misiou je propagovať otvorenosť, inovácie a príležitosti tým, že budete mať web úplne vo svojich rukách."]},{"$i":"learn-more","$v":"Ďalšie informácie"},{"$i":"reset-head","$v":"Obnoviť nastavenia"},{"$i":"reset-warning-title","$v":"UPOZORNENIE "},{"$i":"unlock-privileges","$v":"Odomknúť práva"},{"$i":"reset-devtools","$v":"Nastaviť plné práva pre DevTools"},{"$i":"reset-devtools-warning-title","$v":"UPOZORNENIE"},{"$i":"your-rights","$v":"Vaše práva"},{"$i":"your-rights-header","$v":[{"t":"idOrVar","v":"your-rights"}]},{"$i":"about-your-rights-0","$v":[{"t":"idOrVar","v":"brandShortName"}," je voľne dostupný softvér s otvoreným zdrojovým kódom, ktorý je vytváraný komunitou tisícok ľudí po celom svete. Niekoľko vecí, ktoré by ste mali vedieť:"]},{"$i":"about-your-rights-1","$v":[{"t":"idOrVar","v":"brandShortName"}," je dostupný pod podmienkami niekoľkých licencií pre otvorený zdrojový kód vrátane Mozilla Public License. Zariadenie, na ktorom beží ",{"t":"idOrVar","v":"brandShortName"},", môže obsahovať proprietárny softvér tretích strán. Kód dostupný pod otvorenými licenciami je možné modifikovať a distribuovať jeho modifikované verzie v súlade s podmienkami týchto licencií."]},{"$i":"about-your-rights-2","$v":["Nie sú vám udelené žiadne práva k ochranným známkam a ani licencie k ochranným známkam Mozilla Foundation či ľubovoľnej inej strany a to vrátane obmedzení na názov či logo ",{"t":"idOrVar","v":"brandShortName"},"."]},{"$i":"about-your-rights-3","$v":["Niektoré funkcie obsiahnuté v ",{"t":"idOrVar","v":"brandShortName"},", ako napríklad Hlásenie zlyhaní, vám dávajú možnosť odoslať reakciu spoločnosti Mozilla. Odoslaním reakcie dávate Mozille právo použiť reakciu na vylepšenie jej produktov, publikovať danú reakciu na jej webových stránkach či túto reakciu ďalej distribuovať."]},{"$i":"about-legal-info","$v":"Právne informácie"},{"$i":"about-credit-info","$v":"Poďakovanie"},{"$i":"about-legal-info-header","$v":[{"t":"idOrVar","v":"about-legal-info"}]},{"$i":"open-source-notices","$v":"Poznámky k otvorenému kódu"},{"$i":"open-source-notices-header","$v":"Poznámky ku kódu"},{"$i":"obtaining-source-code","$v":"Získať zdrojový kód"},{"$i":"obtaining-source-code-header","$v":[{"t":"idOrVar","v":"obtaining-source-code"}]},{"$i":"about-mozilla","$v":"Mozilla"},{"$i":"about-other","$v":"Ďalšie"},{"$i":"your-privacy","$v":"Vaše súkromie"},{"$i":"your-privacy-header","$v":[{"t":"idOrVar","v":"your-privacy"}]},{"$i":"licensing-1","$v":"Binárna podoba tohto produktu vám bola poskytnutá projektom Mozilla pod licenciou Mozilla Public License 2.0 (MPL). Spoznajte svoje práva."},{"$i":"licensing-2","$v":"Celý zdrojový kód tohto produktu je dostupný pod licenciami, ktoré sú voľné a určené pre otvorený zdrojový kód. Väčšina kódu je dostupná pod licenciou Mozilla Public License 2.0 (MPL)."},{"$i":"licensing-3","$v":"Zvyšok softvéru, ktorý nie je dostupný pod licenciou Mozilla Public License 2.0 MPL, je dostupný pod jednou z množstva iných licencií. Tie, ktoré vyžadujú zahrnutie textu licencie v distribúcii, sú uvedené nižšie. (Poznámka: Vaša kópia tohto produktu nemusí obsahovať kód pokrytý jednou či viacerými licenciami, ktoré sú tu uvedené. Záleží na konkrétnom produkte a jeho verzii, ktorú si zvolíte.)"},{"$i":"licensing-MPL","$v":"Mozilla Public License 2.0"},{"$i":"licensing-Apache","$v":"Apache License 2.0"},{"$i":"launch-ftu","$v":"Prvé spustenie"},{"$i":"no-ftu","$v":"Nebola nájdená žiadna aplikácia pre prvé spustenie"},{"$i":"software-home-button","$v":"Softvérové tlačidlo Domov"},{"$i":"home-gesture","$v":"Gesto Domov"},{"$i":"continuous-transition","$v":"Plynulé prechody"},{"$i":"debug-gaia-enabled","$v":"Výpisy ladenia Gaia"},{"$i":"showScreenReaderSettings","$v":"Zobraziť nastavenia Čítačky obrazovky"},{"$i":"app-transition","$v":"Prechody aplikácií"},{"$i":"app-suspending","$v":"Pozastavenie aplikácií"},{"$i":"copypaste","$v":"Kopírovať/prilepiť"},{"$i":"verbose-app-permissions","$v":"Podrobné informácie o oprávneniach aplikácií"},{"$i":"window-management","$v":"Správa okna"},{"$i":"downloads-edit","$v":"Upraviť prevzatia"},{"$i":"downloads-select-all","$v":"Označiť všetko"},{"$i":"downloads-deselect-all","$v":"Zrušiť všetko"},{"$i":"downloads-delete","$v":"Odstrániť"},{"$i":"battery","$v":"Batéria"},{"$i":"battery-header","$v":[{"t":"idOrVar","v":"battery"}]},{"$i":"batteryLevel","$v":"Aktuálny stav"},{"$i":"batteryLevel-percent-unplugged","$v":[{"t":"idOrVar","v":"level"},"%"]},{"$i":"batteryLevel-percent-charging","$v":[{"t":"idOrVar","v":"level"},"% (nabíja sa)"]},{"$i":"batteryLevel-percent-charged","$v":[{"t":"idOrVar","v":"level"},"% (nabité)"]},{"$i":"powerSaveModeTitle","$v":"Úsporný režim"},{"$i":"powerSaveMode","$v":"Úsporný režim"},{"$i":"powerSave-threshold","$v":["ak zostáva ",{"t":"idOrVar","v":"level"},"%"]},{"$i":"turnOnAuto","$v":"Zapnúť automaticky"},{"$i":"accessibility","$v":"Zjednodušený prístup"},{"$i":"accessibility-header","$v":[{"t":"idOrVar","v":"accessibility"}]},{"$i":"screenReader","$v":"Čítačka obrazovky"},{"$i":"screenReader-header","$v":[{"t":"idOrVar","v":"screenReader"}]},{"$i":"screenReader-toggle","$v":[{"t":"idOrVar","v":"screenReader"}]},{"$i":"colorFilter","$v":"Farebný filter"},{"$i":"colorFilter-header","$v":[{"t":"idOrVar","v":"colorFilter"}]},{"$i":"colorFilter-toggle","$v":[{"t":"idOrVar","v":"colorFilter"}]},{"$i":"screenReader-captions","$v":"Čítačka obrazovky"},{"$i":"screenReader-enable-msg","$v":"Keď je čítačka obrazovky povolená, vaše zariadenie vám bude čítať všetok text, aby tak pomohlo používateľom s nižším stupňom videnia."},{"$i":"screen-reader-speech-volume","$v":"Hlasitosť reči"},{"$i":"screen-reader-speech-rate","$v":"Rýchlosť reči"},{"$i":"screenReader-confirm-title-start","$v":"Spustiť čítačku obrazovky?"},{"$i":"screenReader-confirm-description-start","$v":"Spustenie čítačky obrazovky zmení spôsob, akým funguje dotyková obrazovka. Po jednoduchom ťuknutí vám zariadenie povie, kam ste ťukli. Dvojitým ťuknutím aktivujete akciu."},{"$i":"screenReader-confirm-button-start","$v":"Spustiť"},{"$i":"screenReader-confirm-title-stop","$v":"Zastaviť čítačku obrazovky?"},{"$i":"screenReader-confirm-description-stop","$v":"Zastavením čítačky obrazovky zrušíte čítanie akéhokoľvek textu."},{"$i":"screenReader-confirm-button-stop","$v":"Zastaviť"},{"$i":"colorFilter-invert","$v":"Invertované"},{"$i":"colorFilter-grayscale","$v":"Odtiene šedej"},{"$i":"colorFilter-contrast","$v":"Kontrastné"},{"$i":"improveBrowserOS","$v":["Vylepšenie ",{"t":"idOrVar","v":"brandShortName"}]},{"$i":"improveBrowserOSTitle","$v":["Vylepšenie ",{"t":"idOrVar","v":"brandShortName"}]},{"$i":"sendMozillaFeedback","$v":"Odoslať spätnú väzbu"},{"$i":"performanceAndUsageData","$v":"Údaje o výkone a používaní"},{"$i":"sharePerformanceAndUsageData","$v":"Odoslať informácie"},{"$i":"appUsageByRegion","$v":"App usage by region"},{"$i":"crashReports","$v":"Hlásenia o zlyhaní"},{"$i":"crashReports-header","$v":[{"t":"idOrVar","v":"crashReports"}]},{"$i":"crashReportInfo","$v":"Odosielaním informácií o zlyhaniach pomôžete Mozille váš problém odstrániť. Hlásenia sú odosielané iba cez sieť Wi-Fi."},{"$i":"alwaysSendReport","$v":"Vždy odoslať hlásenie"},{"$i":"neverSendReport","$v":"Nikdy neodosielať"},{"$i":"askToSendReport2","$v":"Vždy sa opýtať"},{"$i":"crash-reports-description-1","$v":"Hlásenie o zlyhaní obsahuje špecifické informácie o zlyhaní a vašom zariadení. Rovnako obsahuje záznam stavu vášho zariadenia v čase jeho zlyhania."},{"$i":"crash-reports-description-2","$v":"Môže ísť aj o otvorené stránky, aplikácie, text zadaný do formulárov, obsah otvorených správ, nedávnu históriu prehliadania alebo informácie o polohe používané otvorenou aplikáciou."},{"$i":"crash-reports-description-3-start","$v":"Hlásenia o zlyhaní používame pri opravách problémov a vylepšovaní našich produktov. So získanými informáciami pracujeme tak, ako je popísané v nasledujúcich "},{"$i":"crash-reports-description-3-privacy","$v":"zásadách ochrany súkromia"},{"$i":"crash-reports-description-3-end","$v":"(EN)."},{"$i":"sendFeedbackTitle","$v":"Spätná väzba"},{"$i":"feedback-description","$v":"Vaša spätná väzba nám pomôže vylepšiť Firefox OS."},{"$i":"feedback-happy","$v":"Šťastný"},{"$i":"feedback-sad","$v":"Smutný"},{"$i":"feedback-mood-description","$v":"Ako sa cítite?"},{"$i":"feedback_whyfeel_happy","$v":"Prečo sa cítite šťastný?"},{"$i":"feedback_whyfeel_sad","$v":"Prečo sa cítite smutný?"},{"$i":"feedback-mood-explain","$v":"Povedzte nám podrobnosti."},{"$i":"feedback-public-description","$v":"Obsah vašej spätnej väzby bude verejný, takže neuvádzajte žiadne osobné informácie."},{"$i":"feedback-contactyou","$v":"Označte, ak chcete, aby sme Vás kontaktovali na vašej e-mailovej adrese."},{"$i":"email-address1","$v":"E-mailová adresa:"},{"$i":"email-keepprivate","$v":"Nebojte sa. Vaša e-mailová adresa ostane vždy súkromná."},{"$i":"feedback-sendbtn","$v":"Odoslať spätnú väzbu"},{"$i":"feedback-errormessage-connect-error","$v":"Ospravedlňujeme sa, systém nedokáže odoslať túto spätnú väzbu kvôli chybe dátového pripojenia. Skúste to znova po vyriešení problému s dátovým pripojením."},{"$i":"feedback-errormessage-server-off","$v":"Ospravedlňujeme sa, systém nedokáže odoslať túto spätnú väzbu, pretože server nie je dostupný. Skúste to neskôr."},{"$i":"feedback-errormessage-timeout","$v":"Ospravedlňujeme sa, systém nedokáže odoslať túto spätnú väzbu kvôli tomu, že čas požiadavky vypršal. Reštartujte zariadenie a skúste to znova."},{"$i":"feedback-errormessage-wrong-email","$v":"Ospravedlňujeme sa, systém nedokáže odoslať túto spätnú väzbu kvôli nezadanej alebo nesprávne zadanej e-mailovej adrese. Zadajte platnú e-mailovú adresu a skúste to znova."},{"$i":"feedback-errormessage-empty-comment","$v":"Ospravedlňujeme sa, systém nedokáže odoslať túto spätnú väzbu, pretože pole s komentárom je prázdne. Vyplňte formulár a skúste to znova."},{"$i":"feedback-errormessage-just-sent","$v":"Ospravedlňujeme sa, systém nedokáže odoslať túto spätnú väzbu, pretože svoj názor ste nám už odoslali. Vyskúšajte niektorú z našich ďalších verzií a následne nám pošlite svoj názor."},{"$i":"feedback-complete-msg","$v":"Ďakujeme za vašu spätnú väzbu. Využijeme ju na zlepšenie zážitku z budúcich verzií systému Firefox OS."},{"$i":"online-support","$v":"Podpora online:"},{"$i":"call-support","$v":"Kontakt na podporu:"},{"$i":"user-guide","$v":"Používateľská príručka"},{"$i":"default-support","$v":"S otázkami sa obráťte na svojho lokálneho operátora."},{"$i":"operatorServices","$v":"Služby operátora"},{"$i":"operatorServices-help","$v":"Pomocník"},{"$i":"operatorServices-helpmenu","$v":"Ponuka Pomocník"},{"$i":"stkAppsNotAvailable","$v":"Aplikácie karty SIM nie sú dostupné."},{"$i":"simToolkit","$v":"SIM toolkit"},{"$i":"stkItemsNaiSetUpCall","$v":"Zostaviť hovor"},{"$i":"stkItemsNaiSendSs","$v":"Odoslať SS"},{"$i":"stkItemsNaiSendUssd","$v":"Odoslať USSD"},{"$i":"stkItemsNaiSendSms","$v":"Odoslať SMS"},{"$i":"stkItemsNaiSendDtmf","$v":"Odoslať DTMF"},{"$i":"stkItemsNaiLaunchBrowser","$v":"Spustiť prehliadač"},{"$i":"stkItemsNaiPlayTone","$v":"Prehrať zvuk"},{"$i":"stkItemsNaiDisplayText","$v":"Zobraziť text"},{"$i":"stkItemsNaiGetInkey","$v":"Získať kľúč"},{"$i":"stkItemsNaiGetInput","$v":"Získať vstup"},{"$i":"stkItemsNaiSelectItem","$v":"Zvoliť položku"},{"$i":"stkItemsNaiSetUpMenu","$v":"Zostaviť ponuku"},{"$i":"stkItemsNaiProvideLocalInfo","$v":"Poskytnúť lokálne info"},{"$i":"stkItemsNaiSetIdleModeText","$v":"Nastaviť text pre režim Nečinný"},{"$i":"stkItemsNaiPerformCardApdu","$v":"Vykonať Card APDU"},{"$i":"stkItemsNaiPowerOnCard","$v":"Zapnúť kartu"},{"$i":"stkItemsNaiPowerOffCard","$v":"Vypnúť kartu"},{"$i":"stkItemsNaiGetReaderStatus","$v":"Získať stav čítačky"},{"$i":"stkItemsNaiOpenChannel","$v":"Otvoriť kanál"},{"$i":"stkItemsNaiCloseChannel","$v":"Zavrieť kanál"},{"$i":"stkItemsNaiReceiveData","$v":"Prijať dáta"},{"$i":"stkItemsNaiSendData","$v":"Odoslať dáta"},{"$i":"stkItemsNaiGetChannelStatus","$v":"Získať stav kanála"},{"$i":"stkItemsNaiEndOfTheProactiveSession","$v":"Koniec proaktívnej relácie"},{"$i":"is-warning-storage-header","$v":"Úložisko USB"},{"$i":"is-warning-tethering-header","$v":"USB tethering"},{"$i":"is-warning-wifi-header","$v":"Wi-Fi hotspot"},{"$i":"is-warning-storage-tethering-message","$v":"Povolením úložiska USB vypnete zdieľanie pripojenia cez USB (USB tethering). Chcete povoliť úložisko USB?"},{"$i":"is-warning-tethering-storage-message","$v":"Povolením zdieľania pripojenia cez USB (USB tethering) vypnete úložisko USB. Chcete povoliť USB tethering?"},{"$i":"is-warning-tethering-wifi-message","$v":"Povolením zdieľania pripojenia cez USB (USB tethering) vypnete Wi-Fi hotspot. Chcete povoliť zdieľanie pripojenia cez USB (USB tethering)?"},{"$i":"is-warning-wifi-tethering-message","$v":"Povolením Wi-Fi hotspotu vypnete zdieľanie pripojenia cez USB (USB tethering). Chcete povoliť Wi-Fi hotspot?"},{"$i":"settings-dialog-alert","$v":"Upozornenie"},{"$i":"settings-dialog-confirm","$v":"Potvrdenie"},{"$i":"settings-dialog-prompt","$v":"Výzva"},{"$i":"settings-alert-dialog-header","$v":[{"t":"idOrVar","v":"settings-dialog-alert"}]},{"$i":"settings-confirm-dialog-header","$v":[{"t":"idOrVar","v":"settings-dialog-confirm"}]},{"$i":"settings-prompt-dialog-header","$v":[{"t":"idOrVar","v":"settings-dialog-prompt"}]},{"$i":"addons","$v":"Addons"},{"$i":"addons-header","$v":[{"t":"idOrVar","v":"addons"}]},{"$i":"change-device-name","$v":"Zmeniť názov telefónu"},{"$i":"internetSharing-usb-desc","$v":"Zdieľanie internetového pripojenia telefónu so zariadením pripojeným cez USB."},{"$i":"internetSharing-wifi-desc","$v":"Umožní ďalším zariadeniam zdieľať pripojenie môjho telefónu k Internetu cez Wi-Fi."},{"$i":"unplayable-ringtone","$v":"Tón vyzváňania nebol zmenený, pretože zvolený súbor nie je možné prehrať na tomto telefóne."},{"$i":"findmydevice-signup-description","$v":"Funkcia Vyhľadať moje zariadenie vám umožňuje vyhľadať, uzamknúť či vymazať svoj telefón."},{"$i":"findmydevice-settings-description","$v":"Funkcia Vyhľadať moje zariadenie vám umožňuje vyhľadať, uzamknúť či vymazať svoj telefón pomocou stránky:"},{"$i":"findmydevice-active-tracking","$v":"Váš telefón je sledovaný iným zariadením cez webovú stránku."},{"$i":"findmydevice-not-tracking","$v":"Váš telefón nie je aktívne sledovaný žiadnym zariadením cez webovú stránku."},{"$i":"ums-confirm","$v":"Zapnutím voľby Úložisko USB umožníte inému počítaču alebo zariadeniu pristupovať pomocou USB k súborom v tomto telefóne."},{"$i":"reset-device","$v":"Obnoviť nastavenia telefónu"},{"$i":"reset-warning-body","$v":"Obnovením odstránite všetky vaše údaje vrátane aplikácií, ktoré ste si zakúpili. Telefón bude obnovený do továrenského nastavenia. Žiadne z vašich nastavení a ani údaje nebudú zachované."},{"$i":"reset-devtools-warning-body","$v":"Obnovením odstránite všetky vaše údaje vrátane aplikácií, ktoré ste si zakúpili. Žiadne z vašich nastavení a ani údaje nebudú zachované. Váš telefón však bude mať vývojárske nástroje s neobmedzenými právami, ktoré umožňujú meniť a ladiť systémové aplikácie."},{"$i":"powerSave-explanation","$v":"Zapnutie Úsporného režimu v tomto telefóne vypne dátové prenosy, spojenia cez bluetooth a službu zisťovania polohy s cieľom predĺžiť výdrž batérie. Tieto služby však môžete manuálne opäť zapnúť."},{"$i":"performanceAndUsageDataInfo","$v":["Pomôžte nám vylepšiť ",{"t":"idOrVar","v":"brandShortName"}," pomocou zdieľania údajov o svojom telefóne a spôsobe, akým ho používate."]},{"$i":"device-status-connected-device","$v":"Pripojené k telefónu"},{"$i":"device-status-connected-device-media","$v":"Pripojené k telefónu/médiám"}]