[{"$i":"stopped_download_title","$v":"Shkarkimi u ndal"},{"$i":"stopped_download_message","$v":"Shkarkimi u ndal. Të provohet të shkarkohet sërish?"},{"$i":"stopped_download_left_button","$v":"Anuloje"},{"$i":"stopped_download_right_button","$v":"Riprovo"},{"$i":"failed_download_title","$v":"Shkarkimi dështoi"},{"$i":"failed_download_message","$v":["Shkarkimi i ",{"t":"idOrVar","v":"name"}," dështoi. Të provohet të shkarkohet sërish?"]},{"$i":"failed_download_left_button","$v":"Anuloje"},{"$i":"failed_download_right_button","$v":"Riprovo"},{"$i":"stop_download_title","$v":"Ndalni shkarkimin"},{"$i":"stop_download_message","$v":"Jeni i sigurt se doni të ndalet shkarkimi?"},{"$i":"stop_download_left_button","$v":"Po"},{"$i":"stop_download_right_button","$v":"Jo"},{"$i":"delete_download_title","$v":"Fshijeni"},{"$i":"delete_download_message","$v":["Të fshihet ",{"t":"idOrVar","v":"name"},"?"]},{"$i":"delete_download_left_button","$v":"Anuloje"},{"$i":"delete_download_right_button","$v":"Fshije"},{"$i":"delete_all_download_title","$v":"Fshini"},{"$i":"delete_all_download_left_button","$v":"Anuloje"},{"$i":"delete_all_download_right_button","$v":"Fshije"},{"$i":"delete_all_download_message","$v":{"zero":"Të fshihen 0 kartela?","one":"Të fshihet një kartelë?","two":["Të fshihen ",{"t":"idOrVar","v":"number"}," kartela?"],"few":["Të fshihen ",{"t":"idOrVar","v":"number"}," kartela?"],"many":["Të fshihen ",{"t":"idOrVar","v":"number"}," kartela?"],"other":["Të fshihen ",{"t":"idOrVar","v":"number"}," kartela?"]},"$x":[{"t":"idOrVar","v":"plural"},"number"]},{"$i":"unsupported_file_type_download_title","$v":"Nuk arrin ta hapë"},{"$i":"unsupported_file_type_download_message","$v":["Nuk ka aplikacion që mund të hapë ",{"t":"idOrVar","v":"name"},". Doni ta ruani kartelën apo të fshihet?"]},{"$i":"unsupported_file_type_download_left_button","$v":"Mbaje Kartelën"},{"$i":"unsupported_file_type_download_right_button","$v":"Fshije"},{"$i":"file_not_found_download_title","$v":"Nuk u gjetë kartelë"},{"$i":"file_not_found_download_message","$v":"Nuk u gjet kartela te pajisja"},{"$i":"file_not_found_download_right_button","$v":"OK"},{"$i":"unmounted_sdcard_2_download_title","$v":"Karta e kujtesës po përdoret"},{"$i":"unmounted_sdcard_2_download_message","$v":"Hiqeni telefonin nga priza"},{"$i":"unmounted_sdcard_2_download_right_button","$v":"OK"},{"$i":"no_provider_download_title","$v":"Nuk arrin ta ndajë me të tjerët"},{"$i":"no_provider_download_message","$v":"Nuk u gjet mundësues shërbimi"},{"$i":"no_provider_download_right_button","$v":"OK"},{"$i":"no_memory_download_title","$v":"Karta SD është plot"},{"$i":"no_memory_download_message","$v":"Në kartën tuaj SD nuk ka më vend ku të ruhet shkarkimi juaj. Ju lutemi, hiqni ca kartela, përpara se të rifilloni shkarkimin."},{"$i":"no_memory_download_right_button","$v":"OK"},{"$i":"no_sdcard_found_2_download_title","$v":"Nuk u gjet kartë kujtese"},{"$i":"no_sdcard_found_2_download_message","$v":"Futni një kartë kujtese ose përzgjidhni te rregullimet një vend alternativ si parazgjedhje për media"},{"$i":"no_sdcard_found_2_download_right_button","$v":"OK"},{"$i":"file_open_error_download_title","$v":"Nuk arrin ta hapë"},{"$i":"file_open_error_download_message","$v":["Ka një problem me hapjen e ",{"t":"idOrVar","v":"name"},". Doni ta ruani kartelën apo të fshihet?"]},{"$i":"file_open_error_download_left_button","$v":"Mbaje Kartelën"},{"$i":"file_open_error_download_right_button","$v":"Fshije"},{"$i":"restart_download_error","$v":"Pati një gabim teksa rinisej shkarkimi. Ju lutemi, riprovoni ta shkarkoni."},{"$i":"no-downloads","$v":"Pa shkarkime"},{"$i":"byteUnit-B","$v":"B"},{"$i":"byteUnit-KB","$v":"KB"},{"$i":"byteUnit-MB","$v":"MB"},{"$i":"byteUnit-GB","$v":"GB"},{"$i":"byteUnit-TB","$v":"TB"},{"$i":"fileSize","$v":[{"t":"idOrVar","v":"size"}," ",{"t":"idOrVar","v":"unit"}]},{"$i":"percentage","$v":[{"t":"idOrVar","v":"percentage"}," %"]},{"$i":"partialResult","$v":[{"t":"idOrVar","v":"partial"}," nga ",{"t":"idOrVar","v":"total"}]},{"$i":"summary","$v":[{"t":"idOrVar","v":"date"}," - ",{"t":"idOrVar","v":"status"}]},{"$i":"download-stopped","$v":"I ndalur"},{"$i":"download-failed","$v":"Shkarkimi dështoi"},{"$i":"open_downloaded_file","$v":"Hape"},{"$i":"share_downloaded_file","$v":"Ndaje me të tjerët"},{"$i":"wallpaper_downloaded_file","$v":"Vëre si sfond"},{"$i":"ringtone_downloaded_file","$v":"Vëre si zile"},{"$i":"cancel_downloaded_file","$v":"Anuloje"},{"$i":"brandShortName","$v":"B2G OS"},{"$i":"browserBrandShortName","$v":"Web Browser"},{"$i":"browserBrandFullName","$v":"Mozilla Web Browser"},{"$i":"ringtoneBrandName","$v":"Default"},{"$i":"ringtoneSectionBrandName","$v":"System"},{"$i":"weekday-0-long","$v":"E diel"},{"$i":"weekday-1-long","$v":"E hënë"},{"$i":"weekday-2-long","$v":"E martë"},{"$i":"weekday-3-long","$v":"E mërkurë"},{"$i":"weekday-4-long","$v":"E enjte"},{"$i":"weekday-5-long","$v":"E premte"},{"$i":"weekday-6-long","$v":"E shtunë"},{"$i":"weekday-0-short","$v":"Die"},{"$i":"weekday-1-short","$v":"Hën"},{"$i":"weekday-2-short","$v":"Mar"},{"$i":"weekday-3-short","$v":"Mër"},{"$i":"weekday-4-short","$v":"Enj"},{"$i":"weekday-5-short","$v":"Pre"},{"$i":"weekday-6-short","$v":"Sht"},{"$i":"month-0-long","$v":"Janar"},{"$i":"month-1-long","$v":"Shkurt"},{"$i":"month-2-long","$v":"Mars"},{"$i":"month-3-long","$v":"Prill"},{"$i":"month-4-long","$v":"Maj"},{"$i":"month-5-long","$v":"Qershor"},{"$i":"month-6-long","$v":"Korrik"},{"$i":"month-7-long","$v":"Gusht"},{"$i":"month-8-long","$v":"Shtator"},{"$i":"month-9-long","$v":"Tetor"},{"$i":"month-10-long","$v":"Nëntor"},{"$i":"month-11-long","$v":"Dhjetor"},{"$i":"month-0-genitive","$v":"të Janarit"},{"$i":"month-1-genitive","$v":"të Shkurtit"},{"$i":"month-2-genitive","$v":"të Marsit"},{"$i":"month-3-genitive","$v":"të Prillit"},{"$i":"month-4-genitive","$v":"të Majit"},{"$i":"month-5-genitive","$v":"të Qershorit"},{"$i":"month-6-genitive","$v":"të Korrikut"},{"$i":"month-7-genitive","$v":"të Gushtit"},{"$i":"month-8-genitive","$v":"të Shtatorit"},{"$i":"month-9-genitive","$v":"të Tetorit"},{"$i":"month-10-genitive","$v":"të Nëntorit"},{"$i":"month-11-genitive","$v":"të Dhjetorit"},{"$i":"month-0-short","$v":"Jan"},{"$i":"month-1-short","$v":"Shk"},{"$i":"month-2-short","$v":"Mar"},{"$i":"month-3-short","$v":"Pri"},{"$i":"month-4-short","$v":"Maj"},{"$i":"month-5-short","$v":"Qer"},{"$i":"month-6-short","$v":"Kor"},{"$i":"month-7-short","$v":"Gus"},{"$i":"month-8-short","$v":"Sht"},{"$i":"month-9-short","$v":"Tet"},{"$i":"month-10-short","$v":"Nën"},{"$i":"month-11-short","$v":"Dhj"},{"$i":"minutes-ago-long","$v":{"zero":"mu tani","one":"një minutë më parë","two":[{"t":"idOrVar","v":"value"}," minuta më parë"],"few":[{"t":"idOrVar","v":"value"}," minuta më parë"],"many":[{"t":"idOrVar","v":"value"}," minuta më parë"],"other":[{"t":"idOrVar","v":"value"}," minuta më parë"]},"$x":[{"t":"idOrVar","v":"plural"},"value"]},{"$i":"hours-ago-long","$v":{"zero":"mu tani","one":"një orë më parë","two":[{"t":"idOrVar","v":"value"}," orë më parë"],"few":[{"t":"idOrVar","v":"value"}," orë më parë"],"many":[{"t":"idOrVar","v":"value"}," orë më parë"],"other":[{"t":"idOrVar","v":"value"}," orë më parë"]},"$x":[{"t":"idOrVar","v":"plural"},"value"]},{"$i":"days-ago-long","$v":{"zero":"sot","one":"dje","two":[{"t":"idOrVar","v":"value"}," ditë më parë"],"few":[{"t":"idOrVar","v":"value"}," ditë më parë"],"many":[{"t":"idOrVar","v":"value"}," ditë më parë"],"other":[{"t":"idOrVar","v":"value"}," ditë më parë"]},"$x":[{"t":"idOrVar","v":"plural"},"value"]},{"$i":"weeks-ago-long","$v":{"zero":"këtë javë","one":"javën e kaluar","two":[{"t":"idOrVar","v":"value"}," javë më parë"],"few":[{"t":"idOrVar","v":"value"}," javë më parë"],"many":[{"t":"idOrVar","v":"value"}," javë më parë"],"other":[{"t":"idOrVar","v":"value"}," javë më parë"]},"$x":[{"t":"idOrVar","v":"plural"},"value"]},{"$i":"months-ago-long","$v":{"zero":"këtë muaj","one":"muajin e kaluar","two":[{"t":"idOrVar","v":"value"}," muaj më parë"],"few":[{"t":"idOrVar","v":"value"}," muaj më parë"],"many":[{"t":"idOrVar","v":"value"}," muaj më parë"],"other":[{"t":"idOrVar","v":"value"}," muaj më parë"]},"$x":[{"t":"idOrVar","v":"plural"},"value"]},{"$i":"years-ago-long","$v":{"zero":"këtë vit","one":"vitin e kaluar","two":[{"t":"idOrVar","v":"value"}," vite më parë"],"few":[{"t":"idOrVar","v":"value"}," vite më parë"],"many":[{"t":"idOrVar","v":"value"}," vite më parë"],"other":[{"t":"idOrVar","v":"value"}," vite më parë"]},"$x":[{"t":"idOrVar","v":"plural"},"value"]},{"$i":"minutes-until-long","$v":{"zero":"tani","one":"për një minutë","two":["për ",{"t":"idOrVar","v":"value"}," minuta"],"few":["për ",{"t":"idOrVar","v":"value"}," minuta"],"many":["për ",{"t":"idOrVar","v":"value"}," minuta"],"other":["për ",{"t":"idOrVar","v":"value"}," minuta"]},"$x":[{"t":"idOrVar","v":"plural"},"value"]},{"$i":"hours-until-long","$v":{"zero":"tani","one":"për një orë","two":["për ",{"t":"idOrVar","v":"value"}," orë"],"few":["për ",{"t":"idOrVar","v":"value"}," orë"],"many":["për ",{"t":"idOrVar","v":"value"}," orë"],"other":["për ",{"t":"idOrVar","v":"value"}," orë"]},"$x":[{"t":"idOrVar","v":"plural"},"value"]},{"$i":"days-until-long","$v":{"zero":"sot","one":"nesër","two":["për ",{"t":"idOrVar","v":"value"}," ditë"],"few":["për ",{"t":"idOrVar","v":"value"}," ditë"],"many":["për ",{"t":"idOrVar","v":"value"}," ditë"],"other":["për ",{"t":"idOrVar","v":"value"}," ditë"]},"$x":[{"t":"idOrVar","v":"plural"},"value"]},{"$i":"weeks-until-long","$v":{"zero":"këtë javë","one":"javën pasuese","two":["për ",{"t":"idOrVar","v":"value"}," javë"],"few":["për ",{"t":"idOrVar","v":"value"}," javë"],"many":["për ",{"t":"idOrVar","v":"value"}," javë"],"other":["për ",{"t":"idOrVar","v":"value"}," javë"]},"$x":[{"t":"idOrVar","v":"plural"},"value"]},{"$i":"months-until-long","$v":{"zero":"këtë muaj","one":"muajin pasues","two":["për ",{"t":"idOrVar","v":"value"}," muaj"],"few":["për ",{"t":"idOrVar","v":"value"}," muaj"],"many":["për ",{"t":"idOrVar","v":"value"}," muaj"],"other":["për ",{"t":"idOrVar","v":"value"}," muaj"]},"$x":[{"t":"idOrVar","v":"plural"},"value"]},{"$i":"years-until-long","$v":{"zero":"këtë vit","one":"vitin pasues","two":["për ",{"t":"idOrVar","v":"value"}," vjet"],"few":["për ",{"t":"idOrVar","v":"value"}," vjet"],"many":["për ",{"t":"idOrVar","v":"value"}," vjet"],"other":["për ",{"t":"idOrVar","v":"value"}," vjet"]},"$x":[{"t":"idOrVar","v":"plural"},"value"]},{"$i":"minutes-ago-short","$v":{"zero":"mu tani","other":[{"t":"idOrVar","v":"value"},"m më parë"]},"$x":[{"t":"idOrVar","v":"plural"},"value"]},{"$i":"hours-ago-short","$v":{"zero":"mu tani","other":[{"t":"idOrVar","v":"value"},"h më parë"]},"$x":[{"t":"idOrVar","v":"plural"},"value"]},{"$i":"days-ago-short","$v":{"zero":"sot","other":[{"t":"idOrVar","v":"value"},"d më parë"]},"$x":[{"t":"idOrVar","v":"plural"},"value"]},{"$i":"minutes-until-short","$v":{"zero":"tani","other":["për ",{"t":"idOrVar","v":"value"},"m"]},"$x":[{"t":"idOrVar","v":"plural"},"value"]},{"$i":"hours-until-short","$v":{"zero":"tani","other":["për ",{"t":"idOrVar","v":"value"},"h"]},"$x":[{"t":"idOrVar","v":"plural"},"value"]},{"$i":"days-until-short","$v":{"zero":"sot","other":["për ",{"t":"idOrVar","v":"value"},"d"]},"$x":[{"t":"idOrVar","v":"plural"},"value"]},{"$i":"incorrectDate","$v":"(datë e pasaktë)"},{"$i":"dateTimeFormat_%c","$v":"%a %e %b %Y %I:%M:%S %p"},{"$i":"dateTimeFormat_%x","$v":"%m/%d/%Y"},{"$i":"dateTimeFormat_%X","$v":"%I:%M:%S %p"},{"$i":"shortTimeFormat","$v":"%I:%M %p"},{"$i":"shortTimeFormat12","$v":"%I:%M %p"},{"$i":"shortTimeFormat24","$v":"%H:%M"},{"$i":"shortDateTimeFormat","$v":"%x %I:%M %p"},{"$i":"weekStartsOnMonday","$v":"0"},{"$i":"firstDayOfTheWeek","$v":"0"},{"$i":"time_am","$v":"AM"},{"$i":"time_pm","$v":"PM"},{"$i":"title-app","$v":"Lejim Aplikacioni"},{"$i":"title-web","$v":"Lejim Sajti Web"},{"$i":"title-cam","$v":"Përzgjidhni Kamerë"},{"$i":"perm-alarms","$v":"Planifikoni Alarme"},{"$i":"perm-audio-capture","$v":"Mikrofon"},{"$i":"perm-audio-capture-appRequest","$v":["Do të donit ta ndanit mikrofonin tuaj me ",{"t":"idOrVar","v":"app"},"?"]},{"$i":"perm-audio-capture-webRequest","$v":["Do të donit ta ndanit mikrofonin tuaj me ",{"t":"idOrVar","v":"site"},"?"]},{"$i":"perm-audio-channel-content","$v":"Luani Tinguj"},{"$i":"perm-audio-channel-notification","$v":"Luani Tinguj Njoftimesh"},{"$i":"perm-audio-channel-ringer","$v":"Luani Tinguj Zilesh"},{"$i":"perm-background-sensors","$v":"Përdorni të Dhëna Ndjesori"},{"$i":"perm-bluetooth","$v":"Bluetooth"},{"$i":"perm-browser","$v":"Mbikëqyrni Faqe Web"},{"$i":"perm-camera","$v":"Kamera"},{"$i":"perm-camera-selector-appRequest","$v":["Përzgjidhni një kamerë për ",{"t":"idOrVar","v":"app"},"."]},{"$i":"perm-camera-selector-webRequest","$v":["Përzgjidhni një kamerë për ",{"t":"idOrVar","v":"site"},"."]},{"$i":"perm-cellbroadcast","$v":"Transmetime Celulare"},{"$i":"perm-contacts","$v":"Kontakte"},{"$i":"perm-contacts-appRequest","$v":[{"t":"idOrVar","v":"app"}," dëshiron të përdorë listën e kontakteve tuaja."]},{"$i":"perm-contacts-webRequest","$v":[{"t":"idOrVar","v":"site"}," dëshiron të përdorë listën e kontakteve tuaja."]},{"$i":"perm-desktop-notification","$v":"Njoftime"},{"$i":"perm-desktop-notification-appRequest","$v":[{"t":"idOrVar","v":"app"}," dëshiron të shfaqë njoftime."]},{"$i":"perm-desktop-notification-webRequest","$v":[{"t":"idOrVar","v":"site"}," dëshiron të shfaqë njoftime."]},{"$i":"perm-device-storage-apps","$v":"Depozitim Aplikacionesh"},{"$i":"perm-device-storage-music","$v":"Depozitim Muzike"},{"$i":"perm-device-storage-music-appRequest","$v":[{"t":"idOrVar","v":"app"}," dëshiron të përdorë muzikë nga e juaja."]},{"$i":"perm-device-storage-music-webRequest","$v":[{"t":"idOrVar","v":"site"}," dëshiron të përdorë muzikë nga e juaja."]},{"$i":"perm-device-storage-pictures","$v":"Depozitim Figurash"},{"$i":"perm-device-storage-pictures-appRequest","$v":[{"t":"idOrVar","v":"app"}," dëshiron të përdorë figura nga të tuajat."]},{"$i":"perm-device-storage-pictures-webRequest","$v":[{"t":"idOrVar","v":"site"}," dëshiron të përdorë figura nga të tuajat."]},{"$i":"perm-device-storage-sdcard","$v":"Depozitim Në Kartë Kujtese"},{"$i":"perm-device-storage-sdcard-appRequest","$v":[{"t":"idOrVar","v":"app"}," dëshiron të përdorë kartën tuaj të kujtesës."]},{"$i":"perm-device-storage-sdcard-webRequest","$v":[{"t":"idOrVar","v":"site"}," dëshiron të përdorë kartën tuaj të kujtesës."]},{"$i":"perm-device-storage-videos","$v":"Depozitim Videosh"},{"$i":"perm-device-storage-videos-appRequest","$v":[{"t":"idOrVar","v":"app"}," dëshiron të përdorë video nga të tuajat."]},{"$i":"perm-device-storage-videos-webRequest","$v":[{"t":"idOrVar","v":"site"}," dëshiron të përdorë video nga të tuajat."]},{"$i":"perm-embed-apps","$v":"Trupëzim Aplikacionesh"},{"$i":"perm-fmradio","$v":"Radio FM"},{"$i":"perm-fmradio-appRequest","$v":[{"t":"idOrVar","v":"app"}," dëshiron të përdorë Radion FM."]},{"$i":"perm-fmradio-webRequest","$v":[{"t":"idOrVar","v":"site"}," dëshiron të përdorë Radion FM."]},{"$i":"perm-geolocation","$v":"Gjeovendëzim"},{"$i":"perm-geolocation-appRequest","$v":[{"t":"idOrVar","v":"app"}," dëshiron të dijë vendndodhjen tuaj."]},{"$i":"perm-geolocation-more-info","$v":["Në ndihmë të përcaktimit përafërsisht të vendndodhjes suaj, ",{"t":"idOrVar","v":"brandShortName"},"-i përdor të dhëna të tilla si GPS, Wi-Fi, dhe rrjete celularësh pranë jush. Të dhënat dërgohen te Mozilla dhe të tjerë mundësues shërbimesh dhe do të përdoren si pjesë e të dhënave për përmirësimin e këtyre bazave të të dhënave.  Të dhënat mund të depozitohen në pajisjen tuaj dhe grumbullimi i të dhënave mund të ngjasë edhe kur nuk ka aplikacione në punë e sipër."]},{"$i":"perm-geolocation-webRequest","$v":[{"t":"idOrVar","v":"site"}," dëshiron të dijë vendndodhjen tuaj."]},{"$i":"perm-idle","$v":"Shihni Gjendje Plogështie"},{"$i":"perm-indexedDB-chrome-settings","$v":"IndexedDB e Privilegjuar"},{"$i":"perm-indexedDB-unlimited","$v":"Depozitim i Pakufizuar Për IndexedDB"},{"$i":"perm-input-manage","$v":"Administroni Tastiera"},{"$i":"perm-input","$v":"Sillu si Tastierë"},{"$i":"perm-media-capture","$v":"Kamerë dhe Mikrofon"},{"$i":"perm-media-capture-appRequest","$v":["Do të donit ta ndanit kamerën dhe mikrofonin tuaj me ",{"t":"idOrVar","v":"app"},"?"]},{"$i":"perm-media-capture-webRequest","$v":["Do të donit ta ndanit kamerën dhe mikrofonin tuaj me ",{"t":"idOrVar","v":"site"},"?"]},{"$i":"perm-mobileconnection","$v":"Lidhje Celulare"},{"$i":"perm-mobileid","$v":"Identitet Celulari"},{"$i":"perm-network-events","$v":"Aktivitete Rrjeti"},{"$i":"perm-open-remote-window","$v":"Nisni një Aplikacion"},{"$i":"perm-permissions","$v":"Ndryshoni Leje Aplikacionesh"},{"$i":"perm-power","$v":"Rregullime Energjie"},{"$i":"perm-settings","$v":"Ndryshoni Rregullime"},{"$i":"perm-systemXHR","$v":"Kërkesa Cross-Origin"},{"$i":"perm-telephony","$v":"Telefoni"},{"$i":"perm-video-capture","$v":"Kamerë"},{"$i":"perm-video-capture-appRequest","$v":["Do të donit ta ndanit kamerën tuaj me ",{"t":"idOrVar","v":"app"},"?"]},{"$i":"perm-video-capture-webRequest","$v":["Do të donit ta ndanit kamerën tuaj me ",{"t":"idOrVar","v":"site"},"?"]},{"$i":"perm-voicemail","$v":"Control Voicemail"},{"$i":"perm-webapps-manage","$v":"Instaloni Aplikacione Web"},{"$i":"perm-wifi-manage","$v":"Administroni Wi-Fi-n"},{"$i":"perm-attention","$v":"Hapni Flluska Përmbledhjesh"},{"$i":"perm-audio-channel-alarm","$v":"Luani Tinguj Alarmesh"},{"$i":"perm-audio-channel-normal","$v":"Luani Tinguj"},{"$i":"perm-audio-channel-publicnotification","$v":"Luani tinguj njoftimesh publike"},{"$i":"perm-audio-channel-telephony","$v":"Luani Tinguj të Bashkëbiseduesit"},{"$i":"perm-backgroundservice","$v":"Sillu si Shërbim Në Sfond"},{"$i":"perm-device-storage-crashes","$v":"Depozitim të Dhënash Vithisjesh"},{"$i":"perm-downloads","$v":"Hyni te Shkarkimet"},{"$i":"perm-embed-widgets","$v":"Trupëzoni Widget-e"},{"$i":"perm-feature-detection","$v":"Zbulim Veçorish"},{"$i":"perm-firefox-accounts","$v":"Llogari Firefox"},{"$i":"perm-mobilenetwork","$v":"Rrjet Celular"},{"$i":"perm-moz-attention","$v":"Hapni Flluska Përmbledhjesh (moz)"},{"$i":"perm-moz-audio-channel-ringer","$v":"Luani Tinguj Zilesh (moz)"},{"$i":"perm-moz-audio-channel-telephony","$v":"Luani Tinguj Telefonie (moz)"},{"$i":"perm-moz-firefox-accounts","$v":"Llogari Firefox (moz)"},{"$i":"perm-networkstats-manage","$v":"Kontrolloni Statistika Përdorimi"},{"$i":"perm-nfc","$v":"NFC"},{"$i":"perm-nfc-hci-events","$v":"Akte NFC HCI"},{"$i":"perm-nfc-manager","$v":"Administroni NFC-në"},{"$i":"perm-phonenumberservice","$v":"Shërbim Numrash Telefoni"},{"$i":"perm-push","$v":"API Push"},{"$i":"perm-resourcestats-manage","$v":"Statistika Burimesh"},{"$i":"perm-sms","$v":"Dërgoni dhe Lexoni SMS"},{"$i":"perm-speaker-control","$v":"Kontrollo Volumin"},{"$i":"perm-storage","$v":"Hyni Në Depozitim"},{"$i":"perm-tcp-socket","$v":"Socket-e TCP"},{"$i":"perm-test-permission","$v":"Provojeni Lejen"},{"$i":"perm-time","$v":"Rregulloni Datën dhe Kohën"},{"$i":"perm-udp-socket","$v":"Socket-e UDP"},{"$i":"perm-wappush","$v":"WAP Push"},{"$i":"tz-region","$v":"Rajon"},{"$i":"tz-city","$v":"Qytet"},{"$i":"tzRegion-Africa","$v":"Afrika"},{"$i":"tzRegion-America","$v":"Amerika"},{"$i":"tzRegion-Antarctica","$v":"Antarktida"},{"$i":"tzRegion-Asia","$v":"Azia"},{"$i":"tzRegion-Atlantic","$v":"Oqeani Atlantik"},{"$i":"tzRegion-Australia","$v":"Australia"},{"$i":"tzRegion-Europe","$v":"Europa"},{"$i":"tzRegion-Indian","$v":"Oqeani Indian"},{"$i":"tzRegion-Pacific","$v":"Oqeani Paqësor"},{"$i":"ringtone-none","$v":"Asnjë"},{"$i":"ringer_bubble","$v":"Bubble"},{"$i":"ringer_chimer","$v":"Chimer"},{"$i":"ringer_cunning","$v":"Cunning"},{"$i":"ringer_dulco","$v":"Dulco"},{"$i":"ringer_firefox2","$v":[{"t":"idOrVar","v":"ringtoneBrandName"}]},{"$i":"ringer_garden","$v":"Garden"},{"$i":"ringer_marbled","$v":"Marbled"},{"$i":"ringer_opti","$v":"Opti"},{"$i":"ringer_pecko","$v":"Pecko"},{"$i":"ringer_pingy","$v":"Pingy"},{"$i":"ringer_poppop","$v":"Pop Pop"},{"$i":"ringer_sata","$v":"Sata"},{"$i":"ringer_simple","$v":"Clean"},{"$i":"ringer_standard1","$v":"Classic"},{"$i":"ringer_standard2","$v":"Classic Fast"},{"$i":"ringer_stutter","$v":"Stutter"},{"$i":"ringer_symmetry","$v":"Symmetry"},{"$i":"ringer_tailwind","$v":"Tail Wind"},{"$i":"ringer_thoughtful","$v":"Thoughtful"},{"$i":"ringer_wit","$v":"Wit"},{"$i":"ringer_zen","$v":"Zen"},{"$i":"notifier_bells","$v":"Bells"},{"$i":"notifier_bloom","$v":"Bloom"},{"$i":"notifier_chime","$v":"Chime"},{"$i":"notifier_clicka","$v":"Clicka"},{"$i":"notifier_digi","$v":"Digi"},{"$i":"notifier_dropplet","$v":"Dropplet"},{"$i":"notifier_firefox2","$v":[{"t":"idOrVar","v":"ringtoneBrandName"}]},{"$i":"notifier_hello","$v":"Hello"},{"$i":"notifier_lowmarble","$v":"Low Marble"},{"$i":"notifier_ping","$v":"Ping"},{"$i":"notifier_plickle","$v":"Plickle"},{"$i":"notifier_pocko","$v":"Pocko"},{"$i":"notifier_quado","$v":"Quado"},{"$i":"notifier_red","$v":"Red"},{"$i":"notifier_sato","$v":"Sato"},{"$i":"notifier_swipo","$v":"Swipo"},{"$i":"notifier_trickleup","$v":"Trickle Up"},{"$i":"notifier_trink","$v":"Trink"},{"$i":"notifier_verse","$v":"Verse"},{"$i":"settings","$v":"Rregullime"},{"$i":"advancedSettings","$v":"Rregullime të mëtejshme"},{"$i":"default","$v":"Parazgjedhje"},{"$i":"enabled","$v":"I aktivizuar"},{"$i":"enable","$v":"Aktivizoje"},{"$i":"disabled","$v":"I çaktivizuar"},{"$i":"error","$v":"Gabim"},{"$i":"ok","$v":"OK"},{"$i":"yes","$v":"Po"},{"$i":"no","$v":"Jo"},{"$i":"reset","$v":"Nga e para"},{"$i":"cancel","$v":"Anuloje"},{"$i":"close","$v":"Mbylle"},{"$i":"back","$v":"Mbrapsht"},{"$i":"continue","$v":"Vazhdo"},{"$i":"skip","$v":"Anashkaloje"},{"$i":"pair","$v":"Çiftoje"},{"$i":"add","$v":"Shtoje"},{"$i":"done","$v":"U bë"},{"$i":"set","$v":"Caktoje"},{"$i":"notNow","$v":"Jo tani"},{"$i":"turnOn","$v":"Ndize"},{"$i":"selectASIMCard","$v":"Përzgjidhni një kartë SIM"},{"$i":"sim1","$v":"SIM 1"},{"$i":"sim2","$v":"SIM 2"},{"$i":"unavailable","$v":"Pa të tillë"},{"$i":"confirmation","$v":"Ripohim"},{"$i":"simSettingsWithIndex","$v":["Rregullime për SIM ",{"t":"idOrVar","v":"index"}]},{"$i":"networkAndConnectivity","$v":"Rrjet & Lidhje"},{"$i":"airplaneMode","$v":"Mënyra Aeroplan"},{"$i":"geolocation","$v":"Gjeovendëzim"},{"$i":"wifi","$v":"Wi-Fi"},{"$i":"wifi-header","$v":[{"t":"idOrVar","v":"wifi"}]},{"$i":"wifi-disabled","$v":"Hapeni Wi-Fi-në që të shihni rrjetet që mund të kihen."},{"$i":"availableNetworks","$v":"Rrjete që mund të kihen"},{"$i":"knownNetworks","$v":"Rrjete që dihen"},{"$i":"hiddenNetworks","$v":"Rrjete të fshehur"},{"$i":"scanning","$v":"Po kërkohet…"},{"$i":"scanNetworks","$v":"Kërkoni sërish"},{"$i":"fullStatus-initializing","$v":"Po gatitet…"},{"$i":"fullStatus-connecting","$v":["Po lidhet me ",{"t":"idOrVar","v":"ssid"},"…"]},{"$i":"fullStatus-associated","$v":"Po merret një adresë IP…"},{"$i":"fullStatus-connected","$v":["I lidhur me ",{"t":"idOrVar","v":"ssid"},"."]},{"$i":"fullStatus-connectingfailed","$v":"Lidhja dështoi."},{"$i":"fullStatus-disconnected","$v":"I shkëputur."},{"$i":"shortStatus-connecting","$v":"Po lidhet…"},{"$i":"shortStatus-associated","$v":"Po merret një adresë IP…"},{"$i":"shortStatus-connected","$v":"I lidhur."},{"$i":"shortStatus-connectingfailed","$v":"Lidhja dështoi."},{"$i":"shortStatus-disconnected","$v":"I shkëputur."},{"$i":"wifi-sleep","$v":"Dremitje Wi-Fi"},{"$i":"wifi-sleep-description","$v":"Aktivizoni fikjen e vetvetishme të Wi-Fi-it gjatë dremitjesh, për kursim energjie baterie."},{"$i":"manageNetworks","$v":"Administroni rrjete"},{"$i":"wifi-bad-credentials-title","$v":"Lidhja me Wi-Fi dështoi"},{"$i":"wifi-bad-credentials-confirm","$v":["I pazoti të lidhet me ",{"t":"idOrVar","v":"ssid"},", mirëfilltësimi dështoi për shkak kredencialesh të pasakta. Ju lutemi, rijepni fjalëkalimin për në rrjet."]},{"$i":"manageNetworks-header","$v":[{"t":"idOrVar","v":"manageNetworks"}]},{"$i":"manageCertificates","$v":"Administroni dëshmi"},{"$i":"manageCert","$v":"Administroni Dëshmi."},{"$i":"joinHiddenNetwork","$v":"Hyni në rrjet të fshehur"},{"$i":"securedBy","$v":["I siguruar përmes ",{"t":"idOrVar","v":"capabilities"}]},{"$i":"security","$v":"Siguri"},{"$i":"securityNone","$v":"Asnjë"},{"$i":"securityOpen","$v":"I hapur"},{"$i":"notInRange","$v":"Jo i kapshëm"},{"$i":"ipAddress","$v":"Adresë IP"},{"$i":"linkSpeed","$v":"Shpejtësi lidhjeje"},{"$i":"linkSpeedMbs","$v":[{"t":"idOrVar","v":"linkSpeed"}," Mbit/s"]},{"$i":"signalStrength","$v":"Fortësi sinjali"},{"$i":"signalLevel0","$v":"Shumë i dobët"},{"$i":"signalLevel1","$v":"I dobët"},{"$i":"signalLevel2","$v":"Mesatar"},{"$i":"signalLevel3","$v":"I mirë"},{"$i":"signalLevel4","$v":"Shumë i mirë"},{"$i":"forget","$v":"Harroje"},{"$i":"forgetNetwork-dialog","$v":"Të harrohet rrjeti?"},{"$i":"forgetNetwork-confirmation","$v":"Ripohim"},{"$i":"authentication","$v":"Mirëfilltësim"},{"$i":"authentication-header","$v":[{"t":"idOrVar","v":"authentication"}]},{"$i":"eap","$v":"Metodë EAP"},{"$i":"auth-phase2","$v":"Mirëfilltësim, faza 2"},{"$i":"server-certificate","$v":"Dëshmi shërbyesi"},{"$i":"import-certificate-msg","$v":"Shënim: Nëse ju duhet të importoni dëshmi të reja, ju lutemi, shkoni te “Administroni dëshmi\"."},{"$i":"identity","$v":"Identifikues"},{"$i":"password","$v":"Fjalëkalim"},{"$i":"showPassword","$v":"Shfaqe fjalëkalimin"},{"$i":"networkNotification","$v":"Njoftim rrjeti"},{"$i":"networkNotification-expl","$v":"Njoftomë kur ka gati një rrjet të hapur"},{"$i":"macAddress","$v":"Adresë MAC"},{"$i":"deviceInfo_software","$v":[{"t":"idOrVar","v":"brandShortName"}," ",{"t":"idOrVar","v":"os"}]},{"$i":"macUnavailable","$v":"Nuk ka të tillë gati"},{"$i":"noNetworksFound","$v":"Nuk u gjetën rrjete"},{"$i":"noKnownNetworks","$v":"Nuk ka rrjete të ditur"},{"$i":"edit","$v":"Përpunoni"},{"$i":"certificateList","$v":"Listë dëshmish"},{"$i":"noCertificate","$v":"Pa dëshmi të importuar"},{"$i":"deleteCertificate","$v":"Fshije dëshminë"},{"$i":"importCertificate","$v":"Importoni dëshmi"},{"$i":"selectCertificateFile","$v":"Përzgjidhni kartelë dëshmie"},{"$i":"enterCertificateNickname","$v":"Jepni nofkë dëshmie"},{"$i":"nickname","$v":"Nofkë"},{"$i":"enter-certificate-name-msg","$v":"Nofkën mund ta ndryshoni ose të mbani emrin parazgjedhje."},{"$i":"certificate-deletion-failed","$v":"Fshirja e dëshmisë dështoi"},{"$i":"certificate-deletion-failed-description","$v":"Kjo mund të shkaktohet nga një problem depozitimi, për shembull."},{"$i":"certificate-import-failed","$v":"Importimi i dëshmisë dështoi"},{"$i":"certificate-import-failed-description","$v":"Kjo mund të shkaktohet nga një kartelë e dëmtuar dëshmie, për shembull."},{"$i":"wpsMessage","$v":"Lidhu me WPS"},{"$i":"wpsMessage-header","$v":[{"t":"idOrVar","v":"wpsMessage"}]},{"$i":"fullStatus-wps-inprogress","$v":"WPS-ja po kryhet…"},{"$i":"fullStatus-wps-canceled","$v":"WPS-ja u anulua"},{"$i":"fullStatus-wps-timedout","$v":"WPS-së i mbaroi koha"},{"$i":"fullStatus-wps-failed-error","$v":["WPS-ja dështoi [",{"t":"idOrVar","v":"error"},"]"]},{"$i":"fullStatus-wps-overlapped","$v":"U gjet një tjetër WPS PBC AP"},{"$i":"wpsDescription2","$v":"Rregullim i vetvetishëm Wi-Fi-je"},{"$i":"wpsMethodSelection","$v":"Përzgjidhni metodë WPS-je:"},{"$i":"wpsPbcLabel","$v":"Lidhje me buton"},{"$i":"wpsMyPinLabel","$v":"Lidhja ime me PIN"},{"$i":"wpsApPinLabel","$v":"Lidhje AP me PIN"},{"$i":"wpsPinDescription","$v":"PIN-i është 4 ose 8 shifra"},{"$i":"wpsPinInput","$v":["Jepeni ",{"t":"idOrVar","v":"pin"}," te një pajisje kundrejt"]},{"$i":"wpsPinAps","$v":"Përzgjidhni një pajisje kundrejt"},{"$i":"wpsAnyAp","$v":"Çfarëdo"},{"$i":"wpsCancelMessage","$v":"Anuloje WPS-në"},{"$i":"wpsCancelFailedMessageError","$v":["Anulimi i WPS-s dështoi [",{"t":"idOrVar","v":"error"},"]"]},{"$i":"callSettings","$v":"Rregullime Për Thirrjet"},{"$i":"callSettings-header","$v":[{"t":"idOrVar","v":"callSettings"}]},{"$i":"callSettingsQuery","$v":"Po kërkohen të dhëna rrjeti…"},{"$i":"callSettingsQueryError","$v":"Gabim te kërkesa"},{"$i":"voiceMail","$v":"Mesazh zanor"},{"$i":"voiceMail-header","$v":[{"t":"idOrVar","v":"voiceMail"}]},{"$i":"voiceMail-number","$v":"Numër Mesazhi Zanor"},{"$i":"voiceMail-number-notSet","$v":"I parregulluar"},{"$i":"voicePrivacyMode","$v":"Privatësi Zëri"},{"$i":"callWaiting","$v":"Thirrje në pritje"},{"$i":"confirmCallWaitingTitle","$v":"Nuk arrihet të ripohohen parapëlqimet për thirrjet në pritje"},{"$i":"confirmCallWaitingDesc","$v":"Hëpërhë pajisja nuk arrin të komunikojë me shërbimin. Provoni të ricaktoni parapëlqimin."},{"$i":"callForwarding","$v":"Përcjellje thirrjesh"},{"$i":"callForwarding-header","$v":[{"t":"idOrVar","v":"callForwarding"}]},{"$i":"callForwardingForward","$v":"Përcille"},{"$i":"callForwardingUnconditional","$v":"Përcilli përherë"},{"$i":"callForwardingUnconditionalShort","$v":"Përherë"},{"$i":"callForwardingMobileBusy","$v":"Përcilli kur është i zënë"},{"$i":"callForwardingMobileBusyShort","$v":"Kur është i zënë"},{"$i":"callForwardingNoReply","$v":"Përcilli kur s’iu përgjigjen"},{"$i":"callForwardingNoReplyShort","$v":"Kur s’iu përgjigjen"},{"$i":"callForwardingNotReachable","$v":"Përcilli kur nuk kapet dot"},{"$i":"callForwardingNotReachableShort","$v":"Kur nuk kapet dot"},{"$i":"callForwardingForwardingVoiceToNumber","$v":["Thirrjet me zë drejt ",{"t":"idOrVar","v":"number"}]},{"$i":"callForwardingNotForwarding","$v":"E çaktivizuar"},{"$i":"callForwardingConfirmTitle","$v":"Mesazh ripohimi përcjelljeje thirrjeje"},{"$i":"cf-alwaysUseThisNumber","$v":"Përdor përherë këtë numër"},{"$i":"cf-numberWhenUnreachable","$v":"Numër kur nuk kapet dot"},{"$i":"cf-numberWhenUnanswered","$v":"Numër kur mbetet pa përgjigje"},{"$i":"cf-numberWhenBusy","$v":"Numër kur është i zënë"},{"$i":"callForwardingInvalidNumberError","$v":"Ky numër telefoni është i pavlefshëm."},{"$i":"callForwardingSetSuccess","$v":"Veprimi u caktua me sukses."},{"$i":"callForwardingSetForbidden","$v":"Operatori juaj nuk e mbulon këtë veprim."},{"$i":"callForwardingSetError","$v":"Gabim rregullimesh thirrjeje."},{"$i":"callerId","$v":"ID thirrësi"},{"$i":"callBarring","$v":"Pengim Thirrjesh"},{"$i":"callBarring-header","$v":[{"t":"idOrVar","v":"callBarring"}]},{"$i":"callBarring-outgoing","$v":"Thirrje të dërguara"},{"$i":"callBarring-baoc","$v":"Krejt"},{"$i":"callBarring-boic","$v":"Ndërkombëtare"},{"$i":"callBarring-boicExhc","$v":"Ndërkombëtare, hiq Atdheun"},{"$i":"callBarring-incoming","$v":"Thirrje të marra"},{"$i":"callBarring-baic","$v":"Krejt"},{"$i":"callBarring-baicR","$v":"Krejt, gjatë roaming"},{"$i":"callBarring-passcode","$v":"Kodkalim"},{"$i":"callBarring-change-passcode","$v":"Ndryshoni kodkalimin"},{"$i":"callBarring-passcode-enter","$v":"Jepni kodkalimin"},{"$i":"callBarring-passcode-unknown","$v":"Në rast se nuk e dini kodkalimin tuaj, ju lutemi, lidhuni me operatorin tuaj"},{"$i":"callBarring-current-passcode","$v":"Kodkalimi i tanishëm"},{"$i":"callBarring-new-passcode","$v":"Kodkalimi i ri"},{"$i":"callBarring-create-passcode","$v":"Krijoni një Kodkalim"},{"$i":"callBarring-confirm-passcode","$v":"Ripohoni kodkalimin"},{"$i":"callBarring-passcode-error-generic","$v":"Gabim kodkalimi."},{"$i":"callBarring-passcode-error-incorrect","$v":"Kodkalimi është i pasaktë."},{"$i":"callBarring-passcode-error-mismatch","$v":"Kodkalimi nuk përputhet."},{"$i":"callBarring-update-item-error","$v":["Gabim gjatë përditësimit të objektit: ",{"t":"idOrVar","v":"error"},"."]},{"$i":"callBarring-change-passcode-success","$v":"Kodkalimi u ndryshua."},{"$i":"callerId-default","$v":"Parazgjedhje rrjeti"},{"$i":"callerId-hide","$v":"Fshihe numrin"},{"$i":"callerId-show","$v":"Shfaqe numrin"},{"$i":"fdn","$v":"Numra fiks thirrjesh"},{"$i":"fdnSettings","$v":"Numra fiks thirrjesh"},{"$i":"fdnSettings-header","$v":[{"t":"idOrVar","v":"fdnSettings"}]},{"$i":"fdn-authorizedNumbers","$v":"Numra të autorizuar"},{"$i":"fdn-authorizedNumbers-header","$v":[{"t":"idOrVar","v":"fdn-authorizedNumbers"}]},{"$i":"fdn-authorizedNumbers-desc","$v":"Listë numrash që mund të thirren"},{"$i":"fdn-explanation1","$v":"Kufizoni cilët numra mund të thirren nga ky telefon."},{"$i":"fdn-explanation2","$v":"(Numrat urgjentë do të jenë përherë të thirrshëm)"},{"$i":"fdnEnable","$v":"Aktivizojeni NFTh-në"},{"$i":"fdnDisable","$v":"Çaktivizojeni NFTh-në"},{"$i":"fdnReset","$v":"Ricaktoni PIN2-shin"},{"$i":"fdnAttemptMsg3","$v":{"one":"Ju mbetet ende një provë që të jepni kodin e saktë, përpara se të kyçet karta SIM.","two":["Ju mbeten ende ",{"t":"idOrVar","v":"n"}," prova që të jepni kodin e saktë, përpara se të kyçet karta SIM."],"few":["Ju mbeten ende ",{"t":"idOrVar","v":"n"}," prova që të jepni kodin e saktë, përpara se të kyçet karta SIM."],"many":["Ju mbeten ende ",{"t":"idOrVar","v":"n"}," prova që të jepni kodin e saktë, përpara se të kyçet karta SIM."],"other":["Ju mbeten ende ",{"t":"idOrVar","v":"n"}," prova që të jepni kodin e saktë, përpara se të kyçet karta SIM."]},"$x":[{"t":"idOrVar","v":"plural"},"n"]},{"$i":"fdnLastChanceMsg","$v":"Ky është shansi juaj i fundit që të jepni PIN2-shin e saktë. Përndryshe duhet të jepni kodin PUK2 që të përdorni këtë kartë SIM."},{"$i":"fdnErrorMsg","$v":"Kodi PIN2 është i pasaktë."},{"$i":"fdn-enabled-warning","$v":"Përcjellja e thirrjeve është e çaktivizuar nga NFTh-ja."},{"$i":"fdnContact-name","$v":"emër"},{"$i":"fdnContact-number","$v":"numër"},{"$i":"fdnContact-submit","$v":"parashtroje"},{"$i":"fdnAction-add","$v":"Shtoni kontakt"},{"$i":"fdnAction-call","$v":"Thirre"},{"$i":"fdnAction-edit","$v":"Përpunoni kontaktin"},{"$i":"fdnAction-edit-header","$v":"Përpunim kontakti"},{"$i":"fdnAction-delete","$v":"Fshini kontaktin"},{"$i":"fdnNoFDNFreeRecord","$v":"U mbërrit në maksimum NFTh-sh. Nuk shtoni dot numra të tjerë."},{"$i":"messagingSettings","$v":"Rregullime Për Mesazhet"},{"$i":"messagingSettings-header","$v":[{"t":"idOrVar","v":"messagingSettings"}]},{"$i":"message-confirmation","$v":"Ripohim mesazhi"},{"$i":"message-delivery-reports","$v":"Njoftime dërgimesh"},{"$i":"message-delivery-reports-details","$v":"Kërko njoftim dërgimi për çdo mesazh të dërguar"},{"$i":"message-read-reports","$v":"Njoftim leximesh"},{"$i":"message-read-reports-details","$v":"Kërko njoftim leximi për çdo mesazh të dërguar"},{"$i":"mmsTitle","$v":"Mesazhe multimedia (MMS)"},{"$i":"auto-retrieve","$v":"Vetëmerri"},{"$i":"auto-retrieve-details","$v":"Merri mesazhet vetvetiu"},{"$i":"manual-retrieve","$v":"E çaktivizuar"},{"$i":"auto-roaming-retrieve","$v":"Aktive, me roaming"},{"$i":"auto-no-roaming-retrieve","$v":"Aktive, pa roaming"},{"$i":"autoConfigure","$v":"Vetëformësohu"},{"$i":"wapPushMessages","$v":"Mesazhe WAP Push"},{"$i":"wapPush","$v":"WAP Push"},{"$i":"cellBroadcastMessages","$v":"Mesazhe Transmetimi Celular"},{"$i":"cellBroadcast","$v":"Transmetim Celular"},{"$i":"emergencyAlert","$v":"Sinjalizim Urgjence"},{"$i":"messagingInformation","$v":"Informacion"},{"$i":"messaging-SMSC","$v":"Qendër Shërbimi"},{"$i":"messaging-sim-settings","$v":["Rregullime SIM-i ",{"t":"idOrVar","v":"index"}]},{"$i":"unknown-SMSC","$v":"Pa të dhëna për të"},{"$i":"cellularAndData","$v":"Celular & Të dhëna"},{"$i":"cellularAndData-header","$v":[{"t":"idOrVar","v":"cellularAndData"}]},{"$i":"dataNetwork","$v":"Operator"},{"$i":"dataConnectivity","$v":"Të dhëna"},{"$i":"dataConnection","$v":"Lidhje për të dhëna"},{"$i":"dataRoaming","$v":"Roaming të dhënash"},{"$i":"networkOperator","$v":"Operator rrjeti"},{"$i":"networkOperator-header","$v":[{"t":"idOrVar","v":"networkOperator"}]},{"$i":"availableOperators","$v":"Operatorë rrjetesh në zonë"},{"$i":"preferredNetworkTypeAlertTitle","$v":"Lloj i parapëlqyer rrjeti"},{"$i":"preferredNetworkTypeAlertErrorMessage","$v":"Nuk u vu dot lloji i rrjetit"},{"$i":"operator-networkType","$v":"Lloj rrjeti"},{"$i":"operator-networkType-auto","$v":"Automatik"},{"$i":"operator-networkType-prefer3G","$v":"Parapëlqehet 3G"},{"$i":"operator-networkType-2G","$v":"Vetëm 2G"},{"$i":"operator-networkType-3G","$v":"Vetëm 3G"},{"$i":"operator-networkType-GSM","$v":"GSM"},{"$i":"operator-networkType-WCDMA","$v":"WCDMA"},{"$i":"operator-networkType-CDMA","$v":"CDMA"},{"$i":"operator-networkType-EVDO","$v":"EVDO"},{"$i":"operator-networkType-LTE","$v":"LTE"},{"$i":"operator-networkType-preferWCDMA","$v":"Parapëlqehet WCDMA"},{"$i":"operator-networkType-auto-2G-3G","$v":"Auto (2G/3G)"},{"$i":"operator-networkType-auto-CDMA-EVDO","$v":"Auto (CDMA/EVDO)"},{"$i":"operator-networkType-auto-WCDMA-GSM","$v":"Auto (WCDMA/GSM)"},{"$i":"operator-networkType-auto-LTE-WCDMA-GSM","$v":"Auto (LTE/WCDMA/GSM)"},{"$i":"operator-networkType-auto-LTE-CDMA-EVDO","$v":"Auto (LTE/CDMA/EVDO)"},{"$i":"operator-networkType-auto-WCDMA-GSM-CDMA-EVDO","$v":"Auto (WCDMA/GSM/CDMA/EVDO)"},{"$i":"operator-autoSelect","$v":"Përzgjedhje vetvetiu"},{"$i":"operator-networkSelect-auto","$v":"E vetvetishme"},{"$i":"operator-networkSelect-manual","$v":"Dorazi"},{"$i":"operator-turnAutoSelectOff","$v":"Që të shihni operatorë rrjetesh që mund të kihen, çaktivizoni përzgjedhjen e vetvetishme."},{"$i":"operator-status-connecting","$v":"Po lidhet…"},{"$i":"operator-status-connectingfailed","$v":"Lidhja dështoi"},{"$i":"operator-status-connected","$v":"I lidhur"},{"$i":"operator-roamingPreference","$v":"Parapëlqim për roaming"},{"$i":"operator-roamingPreference-home","$v":"I shtëpisë"},{"$i":"operator-roamingPreference-any","$v":"Cilido"},{"$i":"operator-roamingPreference-affiliated","$v":"Degë"},{"$i":"apn","$v":"APN"},{"$i":"apnSettings","$v":"Rregullime APN-je"},{"$i":"apnSettings-header","$v":[{"t":"idOrVar","v":"apnSettings"}]},{"$i":"dataSettings","$v":"Rregullime"},{"$i":"dataSettings-header","$v":[{"t":"idOrVar","v":"dataSettings"}]},{"$i":"suplSettings","$v":"Rregullime A-GPS-je"},{"$i":"suplSettings-header","$v":[{"t":"idOrVar","v":"suplSettings"}]},{"$i":"messageSettings","$v":"Rregullime"},{"$i":"messageSettings-header","$v":[{"t":"idOrVar","v":"messageSettings"}]},{"$i":"dunSettings","$v":"Rregullime"},{"$i":"dunSettings-header","$v":[{"t":"idOrVar","v":"dunSettings"}]},{"$i":"imsSettings","$v":"Rregullime për IMS"},{"$i":"imsSettings-header2","$v":[{"t":"idOrVar","v":"imsSettings"}]},{"$i":"apn-editor-header","$v":"Përpunues APN-sh"},{"$i":"mmsport","$v":"Portë MMS-sh"},{"$i":"mmsproxy","$v":"Ndërmjetës MMS-sh"},{"$i":"mmsc","$v":"MMSC"},{"$i":"httpProxyHost","$v":"Strehë ndërmjetësi HTTP"},{"$i":"httpProxyPort","$v":"Portë ndërmjetësi HTTP"},{"$i":"custom","$v":"(rregullime vetjake)"},{"$i":"apn-authType","$v":"Mirëfilltësim"},{"$i":"apn-authType-notDefined","$v":"I papërcaktuar"},{"$i":"apn-authType-none","$v":"Asnjë"},{"$i":"apn-authType-pap","$v":"PAP"},{"$i":"apn-authType-chap","$v":"CHAP"},{"$i":"apn-authType-papOrChap","$v":"PAP or CHAP"},{"$i":"apn-protocol","$v":"Protokoll"},{"$i":"apn-roaming-protocol","$v":"Protokoll roaming-u"},{"$i":"apn-protocol-notDefined","$v":"I papërcaktuar"},{"$i":"apn-protocol-ip","$v":"IPv4"},{"$i":"apn-protocol-ipv6","$v":"IPv6"},{"$i":"apn-protocol-ipv4v6","$v":"IPv4/IPv6"},{"$i":"apn-type","$v":"Lloj APN-je"},{"$i":"dataConnection-warning-head","$v":"Të aktivizohet lidhja për të dhëna?"},{"$i":"dataConnection-warning-message","$v":"Kur të jetë e nevojshme, aplikacionet do të sjellin vetvetiu të dhëna përmes lidhjes për të dhëna. Kjo mund të sjellë pagesa shtesë."},{"$i":"dataRoaming-warning-head","$v":"Të aktivizohet roaming për të dhënat?"},{"$i":"dataRoaming-warning-message","$v":"Në varësi të marrëveshjes suaj për shërbimin, kur gjendeni në një zonë roaming, për të dhënat mund të aplikohen çmime ekstra."},{"$i":"change-apn-warning-message1","$v":"Në varësi të marrëveshjes suaj për shërbimin, ndryshimi i rregullimeve për APN-në mund të sjellë pagesa shtesë, kur gjendeni nën roaming. Doni të vazhdohet?"},{"$i":"reset-apn-warning-title","$v":"Riktheji te Parazgjedhja"},{"$i":"reset-apn-warning-message","$v":"Kështu do të kthehen rregullimet te vlerat parazgjedhje. Ky hap nuk mund të zhbëhet."},{"$i":"state-unknown","$v":"Gjendje e panjohur"},{"$i":"state-available","$v":"Gati"},{"$i":"state-connected","$v":"I lidhur"},{"$i":"state-current","$v":"I lidhur"},{"$i":"state-forbidden","$v":"E ndaluar"},{"$i":"delete-apn-confirm","$v":"Të fshihet ky APN?"},{"$i":"delete-apn","$v":"Fshije"},{"$i":"add-apn","$v":"Shtoni APN të Ri"},{"$i":"reset-apn","$v":"Riktheje te Parazgjedhja"},{"$i":"apnSettings-reset","$v":"Rregullimet për APN u rikthyen"},{"$i":"bluetooth","$v":"Bluetooth"},{"$i":"bluetooth-header","$v":[{"t":"idOrVar","v":"bluetooth"}]},{"$i":"bluetooth-enable-msg","$v":"Që të shihni pajisje te zona, hapni Bluetooth-in."},{"$i":"bluetooth-paired-devices","$v":"Pajisje të çiftuara"},{"$i":"bluetooth-devices-in-area","$v":"Pajisje te zona"},{"$i":"bluetooth-visible-to-all","$v":"I dukshëm për këdo"},{"$i":"bluetooth-name-maxlength-alert","$v":["Emri i pajisjes suaj i kapërcen ",{"t":"idOrVar","v":"length"}," shenjat. Ju lutemi, riprovoni."]},{"$i":"bluetooth-address","$v":"Adresë Bluetooth"},{"$i":"bluetooth-address-unavailable","$v":"Jo e passhme"},{"$i":"bt-status-nopaired","$v":"Pa pajisje të çiftuara"},{"$i":"bt-status-turnoff","$v":"I mbyllur"},{"$i":"bt-status-paired","$v":{"zero":[{"t":"idOrVar","v":"name"}],"one":[{"t":"idOrVar","v":"name"},", + ",{"t":"idOrVar","v":"n"}," tjetër"],"two":[{"t":"idOrVar","v":"name"},", + ",{"t":"idOrVar","v":"n"}," të tjerë"],"few":[{"t":"idOrVar","v":"name"},", + ",{"t":"idOrVar","v":"n"}," të tjerë"],"many":[{"t":"idOrVar","v":"name"},", + ",{"t":"idOrVar","v":"n"}," të tjerë"],"other":[{"t":"idOrVar","v":"name"},", + ",{"t":"idOrVar","v":"n"}," të tjerë"]},"$x":[{"t":"idOrVar","v":"plural"},"n"]},{"$i":"device-status-tap-connect","$v":"Prekeni që të lidhet"},{"$i":"device-status-pairing","$v":"Po çiftohet me pajisje…"},{"$i":"device-status-waiting","$v":"Po pritet për pajisje të tjera…"},{"$i":"device-status-paired","$v":"I çiftuar"},{"$i":"device-status-connecting","$v":"Po lidhet…"},{"$i":"device-status-connected","$v":"I lidhur"},{"$i":"device-status-connected-media","$v":"I lidhur te audio media"},{"$i":"device-option-unpair","$v":"Shçiftohu"},{"$i":"device-option-confirm","$v":"Ripohojeni"},{"$i":"device-option-unpair-confirmation","$v":"Ripohim"},{"$i":"device-option-unpair-device","$v":"Të Shçiftohet Pajisja?"},{"$i":"device-option-connect","$v":"Lidhu"},{"$i":"device-option-disconnect","$v":"Shkëputu"},{"$i":"search-for-device","$v":"Po kërkohet për pajisje…"},{"$i":"search-device","$v":"Kërko për pajisje"},{"$i":"rename-device","$v":"Riemërto pajisjen time"},{"$i":"unnamed-device","$v":"Pajisje e panjohur"},{"$i":"change-phone-name-desc","$v":"Ndërrojeni emrin e pajisjes suaj me atë që duket te kompjuteri juaj"},{"$i":"bluetooth-new-name","$v":"Emër i ri"},{"$i":"error-pair-title","$v":"Nuk arrin të çiftojë pajisjet"},{"$i":"error-pair-pincode","$v":"Nuk arrin të çiftohet me pajisjen. Kontrolloni që PIN-i të jetë i saktë."},{"$i":"error-pair-toofast","$v":"Nuk arrin të çiftohet me pajisjen. Shumë kërkesa."},{"$i":"error-connect-title","$v":"Nuk arrin të lidhë pajisjet"},{"$i":"error-connect-msg","$v":"Kontrolloni nëse pajisja që po provoni të lidhni është ende brenda zonës dhe e ka Bluetooth-in të hapur."},{"$i":"unpair-title","$v":"Të shçiftohet një pajisje e lidhur?"},{"$i":"unpair-msg","$v":"Hëpërhë jeni i lidhur te kjo pajisje. Shçiftimi do të sjellë edhe shkëputjen e saj."},{"$i":"nfc","$v":"NFC"},{"$i":"SSIDCannotBeEmpty","$v":"SSID-ja nuk mund të jetë e zbrazët"},{"$i":"internetSharing","$v":"Ndarje Interneti"},{"$i":"internetSharing-header","$v":[{"t":"idOrVar","v":"internetSharing"}]},{"$i":"internetSharing-usb","$v":"USB"},{"$i":"internetSharing-wifi","$v":"Wi-Fi"},{"$i":"wifi-hotspot","$v":"Pikë aksesi Wi-Fi"},{"$i":"wifi-name","$v":"Emër"},{"$i":"wifi-password","$v":"Fjalëkalim"},{"$i":"wifi-security","$v":"Siguri"},{"$i":"usb-tethering","$v":"Modem USB"},{"$i":"hotspotSettings","$v":"Rregullime"},{"$i":"wifi-auth-username","$v":"Emër përdoruesi"},{"$i":"wifi-auth-password","$v":"Fjalëkalim"},{"$i":"wifi-join-username","$v":"Emër përdoruesi"},{"$i":"wifi-join-password","$v":"Fjalëkalim"},{"$i":"hotspotSettings-header","$v":[{"t":"idOrVar","v":"hotspotSettings"}]},{"$i":"ssid-name","$v":"Emër rrjeti SSID"},{"$i":"hotspot-open","$v":"I hapur"},{"$i":"hotspot-wpa-psk","innerHTML":"WPA (TKIP)"},{"$i":"hotspot-wpa2-psk","innerHTML":"WPA2 (AES)"},{"$i":"hotspot-password-desc","$v":"Fjalëkalimi duhet të ketë e pakta 8 shenja."},{"$i":"personalization","$v":"Personalizim"},{"$i":"sound","$v":"Tinguj"},{"$i":"sound-header","$v":[{"t":"idOrVar","v":"sound"}]},{"$i":"volume","$v":"Volum"},{"$i":"tones","$v":"Tone"},{"$i":"touch-tones","$v":"Tone prekjeje të dëgjueshëm"},{"$i":"touch-tone-short","$v":"I shkurtër"},{"$i":"touch-tone-long","$v":"I gjatë"},{"$i":"select-tone","$v":"Përzgjidhni një ton"},{"$i":"ringtones","$v":"Zile"},{"$i":"alerts","$v":"Sinjalizime"},{"$i":"manage-tones","$v":"Administroni Tone"},{"$i":"other-sounds","$v":"Tinguj të tjerë"},{"$i":"unlock-screen","$v":"Çkyçje ekrani"},{"$i":"camera","$v":"Kamerë"},{"$i":"sent-message","$v":"Dërgim Mesazhi"},{"$i":"alarm-sound","$v":"Alarm"},{"$i":"ringtone-and-notification-sound","$v":"Zile & Njoftime"},{"$i":"media-sound","$v":"Media"},{"$i":"saving-tone","$v":"Po ruhet…"},{"$i":"no-ringtone-app","$v":"Nuk qemë në gjendje të gjenim një aplikacion zilesh që të administrojë zilet!"},{"$i":"display","$v":"Ekran"},{"$i":"display-header","$v":[{"t":"idOrVar","v":"display"}]},{"$i":"brightness","$v":"Ndriçim"},{"$i":"brightness-autoAdjust","$v":"Rregulloje vetvetiu"},{"$i":"lockScreen","$v":"Kyçje Ekrani"},{"$i":"wallpaper","$v":"Sfond"},{"$i":"screen-timeout","$v":"Fikje ekrani"},{"$i":"one-minute","$v":"1 minutë"},{"$i":"two-minutes","$v":"2 minuta"},{"$i":"five-minutes","$v":"5 minuta"},{"$i":"ten-minutes","$v":"10 minuta"},{"$i":"never","$v":"kurrë"},{"$i":"lock-orientation","$v":"Pengim rrotullimi"},{"$i":"navigation","$v":"Lëvizje"},{"$i":"navigation-header","$v":[{"t":"idOrVar","v":"navigation"}]},{"$i":"edge-swipe-navigation","$v":"Lëvizje me fërkim skaji"},{"$i":"edge-swipe-navigation-enable-msg","$v":"Fërkojeni ekranin nga skaji majtas ose djathtas që të kaloni në grupe aplikacionesh."},{"$i":"notifications","$v":"Njoftime"},{"$i":"notifications-header","$v":[{"t":"idOrVar","v":"notifications"}]},{"$i":"lockscreen-notifications","$v":"Shfaqi edhe në ekran të kyçur"},{"$i":"notifications-resend","$v":"Shfaqi edhe pas rinisjes"},{"$i":"dateAndTime","$v":"Datë & Kohë"},{"$i":"dateAndTime-header","$v":[{"t":"idOrVar","v":"dateAndTime"}]},{"$i":"setTimeAutomatically","$v":"Rregulloji vetvetiu"},{"$i":"setTimeManually","$v":"Rregullojini dorazi"},{"$i":"timezoneMessage","$v":"Zonë kohore"},{"$i":"dateMessage","$v":"Datë"},{"$i":"timeMessage","$v":"Kohë"},{"$i":"selectTimezoneContinent","$v":"Përzgjidhni kontinent"},{"$i":"selectTimezone","$v":"Përzgjidhni zonë kohore"},{"$i":"time-format","$v":"Format"},{"$i":"time-format-time","$v":"Format Kohe"},{"$i":"hour-12","$v":"12-orësh"},{"$i":"hour-24","$v":"24-orësh"},{"$i":"languageAndRegion","$v":"Gjuhë & Rajon"},{"$i":"language","$v":"Gjuhë"},{"$i":"language-header","$v":[{"t":"idOrVar","v":"language"}]},{"$i":"region","$v":"Rajon"},{"$i":"more-languages","$v":"Merrni Më Tepër Gjuhë"},{"$i":"sample-format","$v":"Shembull Formati"},{"$i":"longDateFormat","$v":"%A, %d %B, %Y"},{"$i":"simManager","$v":"Përgjegjës SIM-esh"},{"$i":"simManager-header","$v":[{"t":"idOrVar","v":"simManager"}]},{"$i":"simSettings","$v":"Rregullime SIM-i"},{"$i":"sim-manager-outgoing-calls","$v":"Thirrje të dërguara"},{"$i":"sim-manager-outgoing-call-desc","$v":"Thirrjet do të dërgohen prej"},{"$i":"sim-manager-outgoing-messages","$v":"Mesazhe të dërguar"},{"$i":"sim-manager-outgoing-messages-desc","$v":"SMS-të do të dërgohen prej"},{"$i":"sim-manager-outgoing-data","$v":"Të dhëna"},{"$i":"sim-manager-outgoing-data-description","$v":"Pagesa rrjeti shërbimi të dhënash dhe Marketplace-i"},{"$i":"sim-manager-always-ask","$v":"Pyet përherë"},{"$i":"sim-pin-locked","$v":"PIN SIM-i i kyçur"},{"$i":"no-operator","$v":"Pa operator"},{"$i":"cant-disable-simcard-alert","$v":"Duhet aktivizuar të paktën një SIM në herë"},{"$i":"disable-simcard-confirm","$v":["SIM-i ",{"t":"idOrVar","v":"disableCardIndex"}," nuk mund të marrë ndonjë thirrje apo mesazh. Thirrjet e dërguara dhe mesazhet e dërguar që i janë përshoqëruar SIM-it ",{"t":"idOrVar","v":"disableCardIndex"}," do të çaktivizohen."]},{"$i":"change-outgoing-data-confirm","$v":"Mbartja e tanishme e të dhënave do të pezullohet. Të vazhdohet sido qoftë?"},{"$i":"homescreen","$v":"Kreu"},{"$i":"vertical-homescreen-header","$v":"Kreu"},{"$i":"vertical-homescreen-layout","$v":"Skemë"},{"$i":"vertical-homescreen-icon-layout","$v":"Skemë Ikonash"},{"$i":"vertical-homescreen-three-columns","$v":"Tre Shtylla"},{"$i":"vertical-homescreen-four-columns","$v":"Katër Shtylla"},{"$i":"notice","$v":"Njoftim"},{"$i":"search","$v":"Kërkim"},{"$i":"search-header","$v":"Kërkim"},{"$i":"search-engine","$v":"Motor Kërkimesh"},{"$i":"search-suggestions","$v":"Sugjerime Kërkimesh"},{"$i":"search-suggestions-description","$v":"Shenjat që shtypni kur jepni një kërkim u dërgohen shumë mundësuesve kërkimi dhe do të përdoren për t’ju dërguar sugjerime kërkimi. Përdorimi i kësaj veçorie mund të sjellë pagesa shtesë për të dhënat."},{"$i":"homescreens","$v":"Krye"},{"$i":"homescreens-header","$v":[{"t":"idOrVar","v":"homescreens"}]},{"$i":"changeHomescreen","$v":"Ndryshoni kreun"},{"$i":"changeHomescreenButton","$v":"Ndryshoje"},{"$i":"description","$v":"Përshkrim"},{"$i":"keyboardSettings","$v":"Rregullime Tastiere"},{"$i":"selectedKeyboards","$v":"Tastiera të Përzgjedhura"},{"$i":"keyboards","$v":"Tastiera"},{"$i":"keyboards-header","$v":[{"t":"idOrVar","v":"keyboards"}]},{"$i":"numberKeyboardLayouts","$v":"Skemë numrash"},{"$i":"optionKeyboardLayouts","$v":"Skemë mundësish"},{"$i":"keypad","$v":"Tastierë numerike"},{"$i":"dialpad","$v":"Numëratore"},{"$i":"selectKeyboards","$v":"Përzgjidhni Tastiera"},{"$i":"selectKeyboards-header","$v":[{"t":"idOrVar","v":"selectKeyboards"}]},{"$i":"mustHaveOneKeyboard","$v":["Duhet përzgjedhur të paktën një tastierë ",{"t":"idOrVar","v":"type"}]},{"$i":"keyboardType-text","$v":"tekst"},{"$i":"keyboardType-url","$v":"url"},{"$i":"keyboardType-number","$v":"numër"},{"$i":"defaultKeyboardEnabled","$v":[{"t":"idOrVar","v":"appName"}," ",{"t":"idOrVar","v":"layoutName"}," është caktuar si metodë parazgjedhje futjesh"]},{"$i":"themes","$v":"Tema"},{"$i":"themes-header","$v":[{"t":"idOrVar","v":"themes"}]},{"$i":"fxa","$v":"Llogari Firefox"},{"$i":"accounts","$v":"Llogari"},{"$i":"fxa-accounts","$v":"Llogari Firefox"},{"$i":"fxa-accounts-header","$v":[{"t":"idOrVar","v":"fxa-accounts"}]},{"$i":"fxa-overview","$v":"Llogaria juaj Firefox ju lejon të përdorni veçori të tilla si Gjej Pajisjen Time dhe aplikacione të tilla si Firefox Marketplace."},{"$i":"fxa-invitation","$v":"Krijoni llogari ose hyni"},{"$i":"fxa-confirm-account","$v":"Ripohoni Llogarinë Tuaj"},{"$i":"fxa-verification-email-sent-msg","$v":["Do të dërgojmë një te: ",{"t":"idOrVar","v":"email"}]},{"$i":"fxa-please-verify","$v":"Që të ripohoni llogarinë tuaj, klikoni mbi lidhjen e verifikimit."},{"$i":"fxa-cancel-confirmation","$v":"Anulojeni Ripohimin e Llogarisë"},{"$i":"fxa-resend-alert","$v":["U dërgua një lidhje verifikimi te ",{"t":"idOrVar","v":"email"},"."]},{"$i":"fxa-dont-see-email","$v":["Nuk duket gjë email? ",{"t":"idOrVar","v":"resend"},"."]},{"$i":"fxa-resend","$v":"Ridërgoje"},{"$i":"fxa-about","$v":"Rreth"},{"$i":"fxa-logged-in-text","$v":["I futur si ",{"t":"idOrVar","v":"email"}]},{"$i":"fxa-signed-in-header","$v":"I futur"},{"$i":"fxa-marketplace-app","$v":"Marketplace"},{"$i":"fxa-find-my-device-app","$v":"Gjej Pajisjen Time"},{"$i":"fxa-options","$v":"Mundësi"},{"$i":"fxa-sign-out","$v":"Dilni"},{"$i":"fxa-confirm-email","$v":["Ju lutemi, ripohoni ",{"t":"idOrVar","v":"email"}]},{"$i":"findmydevice","$v":"Gjej Pajisjen Time"},{"$i":"findmydevice-create-account","$v":"Krijoni llogari ose hyni"},{"$i":"findmydevice-enable","$v":"Aktivizoni GjPT-në"},{"$i":"findmydevice-about","$v":"Rreth Gjej Pajisjen Time"},{"$i":"findmydevice-enable-geolocation-prompt","$v":"Të aktivizohet Gjeovendëzimi?"},{"$i":"findmydevice-enable-geolocation-description","$v":"Që të shihni ku gjendet pajisja juaj, lypset të aktivizoni gjurmimin e gjeovendëzimit."},{"$i":"findmydevice-geolocation-enabled","$v":"Gjeovendëzimi i Aktivizuar"},{"$i":"findmydevice-enable-network","$v":"Kjo pajisje nuk është në linjë. Lidhuni në një rrjet dhe riprovoni."},{"$i":"findmydevice-error","$v":"Ndodhi një gabim me Gjej Pajisjen Time."},{"$i":"findmydevice-please-try","$v":"Ju lutemi, riprovoni."},{"$i":"findmydevice-please-tap","$v":"Ju lutemi, prekeni, që të riprovohet."},{"$i":"privacyAndSecurity","$v":"Privatësi & Siguri"},{"$i":"passcode-lock","$v":"Kyçje me kodkalim"},{"$i":"passcode-lock-desc","$v":["Kodkalim: ",{"t":"idOrVar","v":"code"}]},{"$i":"screenLock","$v":"Kyçje ekrani"},{"$i":"screenLock-header","$v":[{"t":"idOrVar","v":"screenLock"}]},{"$i":"simSecurity","$v":"Siguri SIM-i"},{"$i":"simSecurity-header","$v":[{"t":"idOrVar","v":"simSecurity"}]},{"$i":"appPermissions","$v":"Leje Aplikacionesh"},{"$i":"appPermissions-header","$v":[{"t":"idOrVar","v":"appPermissions"}]},{"$i":"author","$v":"Autor"},{"$i":"permissions","$v":"Leje"},{"$i":"revoke","$v":"Shfuqizoja"},{"$i":"ask","$v":"Pyetmë"},{"$i":"deny","$v":"Mohoja"},{"$i":"allow","$v":"Lejoja"},{"$i":"uninstallApp","$v":"Çinstaloje aplikacionin"},{"$i":"phone","$v":"Telefon"},{"$i":"messages","$v":"Mesazhe"},{"$i":"vibrate","$v":"Dridhu"},{"$i":"ring","$v":"Zile"},{"$i":"change","$v":"Ndryshojeni"},{"$i":"create","$v":"Krijoni"},{"$i":"create-a-passcode","$v":"Krijoni Kodkalim"},{"$i":"passcode","$v":"Kodkalim"},{"$i":"passcode-heading","$v":"Kodkalim"},{"$i":"enter-passcode","$v":"Jepni kodkalim"},{"$i":"new-passcode","$v":"Kodkalim i ri"},{"$i":"current-passcode","$v":"Kodkalimi i tanishëm"},{"$i":"incorrect-passcode","$v":"Kodkalimi është i pasaktë."},{"$i":"passcode-doesnt-match","$v":"Kodkalimet nuk përputhen. Riprovoni."},{"$i":"confirm-passcode","$v":"Ripohoni kodkalimin"},{"$i":"immediately","$v":"Menjëherë"},{"$i":"after-one-minute","$v":"Pas 1 minute"},{"$i":"after-five-minutes","$v":"Pas 5 minutash"},{"$i":"after-fifteen-minutes","$v":"Pas 15 minutash"},{"$i":"after-thirty-minutes","$v":"Pas 30 minutash"},{"$i":"after-one-hour","$v":"Pas 1 ore"},{"$i":"require-passcode","$v":"Kërko kodkalim"},{"$i":"change-passcode","$v":"Ndryshoni kodkalimin"},{"$i":"noSimCard","$v":"Pa kartë SIM"},{"$i":"simPin","$v":"PIN SIM-i"},{"$i":"simPin2","$v":"PIN2 SIM-i"},{"$i":"simPinWithIndex","$v":["PIN ",{"t":"idOrVar","v":"index"}," SIM-i"]},{"$i":"pukCode","$v":"Kod PUK"},{"$i":"puk2Code","$v":"pukCode=Kod PUK2"},{"$i":"whatIsSimPin","$v":"Ç’është PIN-i i SIM-it?"},{"$i":"simPinIntro1","$v":"PIN-i i SIM-it parandalon hyrjen në rrjetet e të dhënave të kartave SIM të celularëve. Kur është aktiv, cilado pajisje që përmban kartën SIM do të kërkojë PIN-in gjatë nisjes."},{"$i":"simPinIntro2","$v":"PIN-i i SIM-it nuk është i njëjti me kodkalimin e përdorur për të çkyçur pajisjen."},{"$i":"changeSimPin","$v":"Ndryshoni PIN-in"},{"$i":"simPinChangedSuccessfully","$v":"PIN-i i SIM-it u ndryshua me sukses"},{"$i":"simPinChangedSuccessfullyWithIndex","$v":["PIN-i i SIM-it ",{"t":"idOrVar","v":"index"}," u ndryshua me sukses"]},{"$i":"pinTitle","$v":"Jepni PIN SIM-i"},{"$i":"pin2Title","$v":"Jepni PIN2 SIM-i"},{"$i":"pukTitle","$v":"Jepni kodin PUK"},{"$i":"puk2Title","$v":"Jepni kodin PUK2"},{"$i":"newpinTitle","$v":"PIN i ri"},{"$i":"inputCodeRetriesLeft","$v":{"one":"Prova e fundit","two":["Edhe ",{"t":"idOrVar","v":"n"}," prova."],"few":["Edhe ",{"t":"idOrVar","v":"n"}," prova."],"many":["Edhe ",{"t":"idOrVar","v":"n"}," prova."],"other":["Edhe ",{"t":"idOrVar","v":"n"}," prova."]},"$x":[{"t":"idOrVar","v":"plural"},"n"]},{"$i":"pinAttemptMsg3","$v":{"one":"Ju mbetet ende një provë që të jepni kodin e saktë, përpara se të kyçet karta SIM.","two":["Ju mbeten ende ",{"t":"idOrVar","v":"n"}," prova që të jepni kodin e saktë, përpara se të kyçet karta SIM."],"few":["Ju mbeten ende ",{"t":"idOrVar","v":"n"}," prova që të jepni kodin e saktë, përpara se të kyçet karta SIM."],"many":["Ju mbeten ende ",{"t":"idOrVar","v":"n"}," prova që të jepni kodin e saktë, përpara se të kyçet karta SIM."],"other":["Ju mbeten ende ",{"t":"idOrVar","v":"n"}," prova që të jepni kodin e saktë, përpara se të kyçet karta SIM."]},"$x":[{"t":"idOrVar","v":"plural"},"n"]},{"$i":"pinLastChanceMsg","$v":"Ky është shansi juaj i fundit që të jepni PIN-in e saktë. Përndryshe duhet të jepni kodin PUK që të përdorni këtë kartë SIM."},{"$i":"simCardLockedMsg","$v":"Karta SIM është kyçur."},{"$i":"simCardBlockedMsg","$v":"Karta SIM është bllokuar."},{"$i":"enterPukMsg","$v":"Duhet të jepni kodin e Kyçit Personal të Çkyçjes (PUK) për kartën SIM. Për më tepër të dhëna, shihni dokumentimin e kartës suaj SIM ose lidhuni me operatorin tuaj."},{"$i":"enterPuk2Msg","$v":"Duhet të jepni kodin e Kyçit Personal të Çkyçjes (PUK2) për kartën SIM. Për më tepër të dhëna, shihni dokumentimin e kartës suaj SIM ose lidhuni me operatorin tuaj."},{"$i":"pukErrorMsg","$v":"Kodi PUK nuk qe i saktë."},{"$i":"pukAttemptMsg3","$v":{"one":"Ju mbetet ende një provë që të jepni kodin e saktë, përpara se kjo kartë SIM të bëhet përgjithmonë e papërdorshme. Për më tepër të dhëna, shihni dokumentimin e kartës suaj SIM ose lidhuni me operatorin tuaj.","two":["Ju mbeten ende ",{"t":"idOrVar","v":"n"}," prova që të jepni kodin e saktë, përpara se kjo kartë SIM të bëhet përgjithmonë e papërdorshme. Për më tepër të dhëna, shihni dokumentimin e kartës suaj SIM ose lidhuni me operatorin tuaj."],"few":["Ju mbeten ende ",{"t":"idOrVar","v":"n"}," prova që të jepni kodin e saktë, përpara se kjo kartë SIM të bëhet përgjithmonë e papërdorshme. Për më tepër të dhëna, shihni dokumentimin e kartës suaj SIM ose lidhuni me operatorin tuaj."],"many":["Ju mbeten ende ",{"t":"idOrVar","v":"n"}," prova që të jepni kodin e saktë, përpara se kjo kartë SIM të bëhet përgjithmonë e papërdorshme. Për më tepër të dhëna, shihni dokumentimin e kartës suaj SIM ose lidhuni me operatorin tuaj."],"other":["Ju mbeten ende ",{"t":"idOrVar","v":"n"}," prova që të jepni kodin e saktë, përpara se kjo kartë SIM të bëhet përgjithmonë e papërdorshme. Për më tepër të dhëna, shihni dokumentimin e kartës suaj SIM ose lidhuni me operatorin tuaj."]},"$x":[{"t":"idOrVar","v":"plural"},"n"]},{"$i":"pukLastChanceMsg","$v":"Shansi i fundit për të dhënë kodin e saktë PUK. Karta juaj SIM do të bëhet përgjithmonë e papërdorshme, nëse jepni kod PUK të pasaktë. Për më tepër të dhëna, shihni dokumentimin e kartës suaj SIM ose lidhuni me operatorin tuaj."},{"$i":"newSimPinMsg","$v":"Krijoni PIN-in (duhet të përmbajë 4 deri në 8 shifra)"},{"$i":"newSimPin2Msg","$v":"Krijoni PIN2-shin (duhet të përmbajë 4 deri në 8 shifra)"},{"$i":"confirmNewSimPinMsg","$v":"Ripohoni PIN-in e ri"},{"$i":"confirmNewSimPin2Msg","$v":"Ripohoni PIN-shin e ri"},{"$i":"newPinErrorMsg","$v":"PIN-et nuk përputhen."},{"$i":"simLockedPhone","$v":"Telefon me SIM të kyçur"},{"$i":"unknownSimCardState","$v":"Gjendje e panjohur e kartës SIM"},{"$i":"simCardNotReady","$v":"Karta SIM nuk është gati"},{"$i":"simCardIllegal","$v":"kartë SIM e paautorizuar"},{"$i":"doNotTrack","$v":"Mos Më Gjurmo"},{"$i":"doNotTrack-header","$v":[{"t":"idOrVar","v":"doNotTrack"}]},{"$i":"doNotTrackActions","$v":"Tregoju sajteve dhe aplikacioneve që nuk dua të gjurmohem"},{"$i":"allowTracking","$v":"Tregoju sajteve dhe aplikacioneve që dua të gjurmohem"},{"$i":"doNotHavePrefOnTracking","$v":"Mos u trego gjë sajteve dhe aplikacioneve lidhur me parapëlqimet e mia rreth gjurmimeve"},{"$i":"doNotTrack-dt","$v":"Si funksionon Mos Më Gjurmo-ja?"},{"$i":"doNotTrack-dd1","$v":"Kur aktivizoni mekanizmin Mos Më Gjurmo, pajisja juaj i tregon çdo sajti dhe aplikacioni (si dhe atyre që ofrojnë reklama dhe lëndë tjetër) se nuk dëshironi që veprimtaria juaj të gjurmohet."},{"$i":"doNotTrack-dd2","$v":"Aktivizimi i Mos Më Gjurmo-së nuk do të prekë aftësinë tuaj për hyrje në sajte, as atë të pajisjes suaj për të mbajtur mend të dhëna private — fjala vjen, përmbajtje shportash blerjeje, të dhëna vendi, apo të dhëna hyrjesh."},{"$i":"browsingPrivacy","$v":"Privatësi Shfletimi"},{"$i":"browsingPrivacy-header","$v":[{"t":"idOrVar","v":"browsingPrivacy"}]},{"$i":"confirm-clear-title","$v":"Konfirmim"},{"$i":"clear-browsing-history","$v":"Fshi historikun e shfletimit"},{"$i":"confirm-clear-browsing-history","$v":"Të fshihet historiku i shfletimit?"},{"$i":"clear-cookies-and-stored-data","$v":"Fshi cookie-t dhe të dhëna të depozituara"},{"$i":"confirm-clear-cookies-and-stored-data","$v":"Të fshihen cookie-t dhe të tjera të dhëna të depozituara në këtë pajisje nga sajtet?"},{"$i":"clear","$v":"Fshiji"},{"$i":"privacy-controls","$v":"Kontrolle Privatësie"},{"$i":"no-privacy-panel","$v":"Nuk u gjet aplikacion paneli privatësie"},{"$i":"storage","$v":"Depozitim"},{"$i":"enableUSBStorage1","$v":"Depozitim"},{"$i":"umsUnplugToDisable","$v":"Shkëputeni kabllin USB që të çaktivizohet"},{"$i":"appStorage","$v":"Depozitim Aplikacionesh"},{"$i":"appStorage-header","$v":[{"t":"idOrVar","v":"appStorage"}]},{"$i":"storageSize","$v":[{"t":"idOrVar","v":"size"}," ",{"t":"idOrVar","v":"unit"}]},{"$i":"availableSize","$v":{"zero":[{"t":"idOrVar","v":"size"}," ",{"t":"idOrVar","v":"unit"}," të lira"],"one":[{"t":"idOrVar","v":"size"}," ",{"t":"idOrVar","v":"unit"}," e lirë"],"two":[{"t":"idOrVar","v":"size"}," ",{"t":"idOrVar","v":"unit"}," të lira"],"few":[{"t":"idOrVar","v":"size"}," ",{"t":"idOrVar","v":"unit"}," të lira"],"many":[{"t":"idOrVar","v":"size"}," ",{"t":"idOrVar","v":"unit"}," të lira"],"other":[{"t":"idOrVar","v":"size"}," ",{"t":"idOrVar","v":"unit"}," të lira"]},"$x":[{"t":"idOrVar","v":"plural"},"size"]},{"$i":"apps-total-space","$v":"Hapësirë gjithsej"},{"$i":"apps-used-space","$v":"E përdorur"},{"$i":"apps-free-space","$v":"E lirë"},{"$i":"storage-details","$v":"Fotot, videot dhe muzika depozitohen ndaras nga aplikacionet. Për hollësi, shihni depozitim mediash."},{"$i":"ums-shared-volumes","$v":[{"t":"idOrVar","v":"list"}," e përbashkët"]},{"$i":"transferProtocol-header","$v":"Protokoll Mbartjesh"},{"$i":"protocol-mtp","$v":"Protokoll mbartjesh media (MTP)"},{"$i":"protocol-ums","$v":"Depozitim në USB (UMS)"},{"$i":"mediaStorage","$v":"Depozitim Në Media"},{"$i":"mediaStorage-header","$v":[{"t":"idOrVar","v":"mediaStorage"}]},{"$i":"storage-name-internal","$v":"Depozitim i Brendshëm"},{"$i":"storage-name-external-0","$v":"Depozitim në Kartë SD"},{"$i":"storage-name-external-1","$v":"Depozitim në Kartë SD 2"},{"$i":"short-storage-name-internal","$v":"I brendshëm"},{"$i":"short-storage-name-external-0","$v":"Kartë SD"},{"$i":"short-storage-name-external-1","$v":"Kartë SD 2"},{"$i":"music-space","$v":"Muzikë"},{"$i":"pictures-space","$v":"Foto"},{"$i":"videos-space","$v":"Filma"},{"$i":"left-space","$v":"Hapësirë e mbetur"},{"$i":"free-space","$v":"Hapësirë e mbetur"},{"$i":"total-space","$v":"Hapësirë gjithsej"},{"$i":"size-not-available","$v":"Nuk ka"},{"$i":"no-storage","$v":"Nuk u gjet depozitë"},{"$i":"advanced","$v":"Të mëtejshme"},{"$i":"ums-warning-title","$v":"Të aktivizohet depozitimi USB?"},{"$i":"default-media-location","$v":"Vend parazgjedhje për media"},{"$i":"default-media-location-msg","$v":"Zgjidhni ku të depozitohen, si parazgjedhje, fotot, muzika dhe shkarkimet."},{"$i":"change-default-media-location-confirmation","$v":"Ndryshimi i vendit parazgjedhje për depozitime media do të prekë vendin ku do të depozitohen, si parazgjedhje, krejt mediat. Të dhënat e deritashme do të mbeten në vendin e tyre të tanishëm. Doni të vazhdohet?"},{"$i":"eject-sdcard-external-0","$v":"Nxirr kartën SD"},{"$i":"eject-sdcard-external-1","$v":"Nxirr kartën SD 2"},{"$i":"format-sdcard-internal","$v":"Formatoni depozitë të brendshme"},{"$i":"format-sdcard-external-0","$v":"Formato kartën SD"},{"$i":"format-sdcard-external-1","$v":"Formato kartën SD 2"},{"$i":"formatting","$v":"Po formatohet…"},{"$i":"unmount-sdcard-confirmation","$v":"Nuk do të jeni në gjendje të përdorni lëndë prej kartës SD, po e çmontuat. Doni të vazhdohet?"},{"$i":"format-sdcard-title","$v":"Formatoni kartë SD"},{"$i":"format-sdcard-message","$v":"Kjo do të fshijë krejt të dhënat e depozituara në kartën tuaj SD, të tilla si muzikë dhe foto."},{"$i":"format-sdcard-internal-title","$v":"Formatoni depozitë të brendshme"},{"$i":"format-sdcard-internal-message","$v":"Kjo do të fshijë krejt të dhënat e depozituara në depozitën tuaj të brendshme, të tilla si muzikë dhe foto."},{"$i":"format-sdcard-btnformat","$v":"Formatoje"},{"$i":"sdcardUnmounted","$v":"Karta SD u çmontua"},{"$i":"device","$v":"Pajisje"},{"$i":"help","$v":"Ndihmë"},{"$i":"deviceInfo","$v":"Të dhëna Mbi Pajisjen"},{"$i":"deviceInfo-header","$v":[{"t":"idOrVar","v":"deviceInfo"}]},{"$i":"deviceInfo-IMEI","$v":"IMEI"},{"$i":"deviceInfo-ICCID","$v":"ICCID"},{"$i":"deviceInfo-MSISDN","$v":"Numër telefoni"},{"$i":"deviceInfo-ICCID-unavailable-sim","$v":["SIM ",{"t":"idOrVar","v":"index"},": Pa të tillë"]},{"$i":"downloads","$v":"Shkarkime"},{"$i":"downloads-header","$v":[{"t":"idOrVar","v":"downloads"}]},{"$i":"unknown-phoneNumber","$v":"I panjohur"},{"$i":"unknown-phoneNumber-sim","$v":["SIM ",{"t":"idOrVar","v":"index"},": I panjohur"]},{"$i":"gitInfo","$v":"Të dhëna për parashtrime Git"},{"$i":"developer","$v":"Për Programues"},{"$i":"developer-header","$v":[{"t":"idOrVar","v":"developer"}]},{"$i":"hud-settings-button","$v":"HUD Programuesi"},{"$i":"hud-settings-header","$v":[{"t":"idOrVar","v":"hud-settings-button"}]},{"$i":"hud-devtools","$v":"Mjete zhvilluesi"},{"$i":"hud-devtools-header","$v":[{"t":"idOrVar","v":"hud-devtools"}]},{"$i":"hud-logging","$v":"Regjistro ndryshime ADB-je"},{"$i":"hud-system","$v":"Shfaq HUD sistemi"},{"$i":"hud-problems","$v":"Probleme"},{"$i":"hud-warnings","$v":"Sinjalizime"},{"$i":"hud-errors","$v":"Gabime"},{"$i":"hud-security","$v":"Probleme sigurie"},{"$i":"hud-performance","$v":"Performancë"},{"$i":"hud-reflows","$v":"Reflows"},{"$i":"hud-jank","$v":"Jank"},{"$i":"jank-threshold","$v":"Prag Jank"},{"$i":"hud-fps","$v":"Kuadro për sekondë"},{"$i":"hud-ttl","$v":"Kohë për ngarkim"},{"$i":"hud-memory","$v":"Kujtesë"},{"$i":"hud-uss","$v":"Unique Set Size"},{"$i":"hud-appmemory","$v":"Kujtesë aplikacioni"},{"$i":"hud-jsobjects","$v":"Objekte JS"},{"$i":"hud-jsstrings","$v":"Vargje JS"},{"$i":"hud-jsother","$v":"Të tjera JS"},{"$i":"hud-dom","$v":"DOM"},{"$i":"hud-style","$v":"Stil"},{"$i":"hud-other","$v":"Tjetër"},{"$i":"software","$v":"Software"},{"$i":"devSettings","$v":"Rregullime programuesi"},{"$i":"debug","$v":"Diagnostikim"},{"$i":"developer-menu","$v":"Menu Programuesi"},{"$i":"developer-tools","$v":"Mjete Programuesi"},{"$i":"graphics","$v":"Grafikë"},{"$i":"hardware-composer","$v":"Hartues hardware"},{"$i":"paint-flashing","$v":"Zonë Flash e ringjyrosur"},{"$i":"dumps-layers","$v":"Shfaq pemën e shtresave"},{"$i":"dumps-layerscope","$v":"Dump layerscope"},{"$i":"apz-overscroll","$v":"Mbirrëshqitje"},{"$i":"tiling","$v":"Tjegullzim"},{"$i":"low-precision","$v":"Vizatim me cilësi të ulët"},{"$i":"low-opacity","$v":"Transparencë cilësie të ulët"},{"$i":"draw-tile-borders","$v":"Vizato anë kuadratesh"},{"$i":"draw-layer-borders","$v":"Vizato anë shtresash"},{"$i":"log-animations","$v":"Regjistër animacionesh të ngadalta"},{"$i":"remote-debugging-usb","$v":"Diagnostikim përmes USB-je"},{"$i":"dev-tools-wifi","$v":"DevTools përmes Wi-Fi-je"},{"$i":"dev-tools-qps","$v":"Pseudo-lokalizim"},{"$i":"debugger-disabled","$v":"I çaktivizuar"},{"$i":"debugger-adb-only","$v":"Vetëm ADB"},{"$i":"debugger-adb-and-devtools","$v":"ADB dhe Devtools"},{"$i":"wifi-debugging","$v":"Të dhëna Wi-Fi në ADB"},{"$i":"bluetooth-debugging","$v":"Të dhëna Bluetooth në ADB"},{"$i":"bluetooth-snoop-debugging","$v":"Bluetooth HCI sniffing logs to sdcard"},{"$i":"nfc-debugging","$v":"Të dhëna NFC në ADB"},{"$i":"ril-debugging","$v":"RIL output in ADB"},{"$i":"console-enabled","$v":"Me konsol të aktivizuar"},{"$i":"cards-view-screenshots","$v":"Shfaqje Kartash: Foto ekrani"},{"$i":"geolocation-debugging-enabled","$v":"Të dhëna gjeovendëzimi në ADB"},{"$i":"geolocation-debugging-gps-locations-ignored","$v":"Shpërfilli vendet GPS"},{"$i":"use-reviewer-certs","$v":"Përdor dëshmi shqyrtuesi Marketplace-i"},{"$i":"shake-to-log","$v":"Tundeni që të ruhet regjistrimi i sistemit"},{"$i":"model-name","$v":"Model"},{"$i":"os-version","$v":"Version OS-i"},{"$i":"firmware_revision","$v":"Version Firmware-i"},{"$i":"hardware_revision","$v":"Version Hardware-i"},{"$i":"platform_version","$v":"Version Platforme"},{"$i":"build-id","$v":"Identifikues Montimi"},{"$i":"update-channel","$v":"Kanal Përditësimi"},{"$i":"build_number","$v":"Numër Montimi"},{"$i":"update-url","$v":"URL Përditësimi"},{"$i":"last-updated","$v":"Përditësuar Së Fundmi"},{"$i":"more-info","$v":"Më Tepër të Dhëna"},{"$i":"more-info-header","$v":[{"t":"idOrVar","v":"more-info"}]},{"$i":"softwareUpdates","$v":"Përditësime software-i"},{"$i":"check-update-daily","$v":"Çdo ditë"},{"$i":"check-update-weekly","$v":"Çdo javë"},{"$i":"check-update-monthly","$v":"Çdo muaj"},{"$i":"check-for-updates","$v":"Kontrollo për përditësime"},{"$i":"check-update-now","$v":"Kontrollo tani"},{"$i":"update-status","$v":"Gjendje përditësimi"},{"$i":"no-network-when-update","$v":"Lidhuni në Internet që të kryhet përditësimi juaj."},{"$i":"checking-for-update","$v":"Po kontrollohet për përditësime…"},{"$i":"no-updates","$v":"Nuk u gjetën përditësime"},{"$i":"retry-when-online","$v":"Rrjeti nuk është në linjë. Do të kontrollohet sërish kur rrjeti të jetë në linjë."},{"$i":"already-latest-version","$v":["Ky është versioni më i ri i ",{"t":"idOrVar","v":"brandShortName"},"-it"]},{"$i":"check-error","$v":"Pati një gabim gjatë kontrollit për përditësime."},{"$i":"aboutBrowserOS","$v":["Mbi ",{"t":"idOrVar","v":"brandShortName"},"-in"]},{"$i":"browser-os-desc","$v":[{"t":"idOrVar","v":"brandShortName"},"-i është sistemi operativ Mozilla, i lirë dhe me burim të hapur. Misioni ynë është të nxisim të qenët i hapur, risitë dhe pasjen e mundësive, duke e mbajtur fuqinë e Web-it në duart tuaja."]},{"$i":"learn-more","$v":"Mësoni Më Tepër"},{"$i":"reset-head","$v":"Rikthim në fillimet"},{"$i":"reset-warning-title","$v":"KUJDES"},{"$i":"unlock-privileges","$v":"Çkyçi Privilegjet"},{"$i":"reset-devtools","$v":"Rikthe në fillimet dhe aktivizo Mjete të plota Zhvilluesi"},{"$i":"reset-devtools-warning-title","$v":"KUJDES"},{"$i":"your-rights","$v":"Të drejtat Tuaja"},{"$i":"your-rights-header","$v":[{"t":"idOrVar","v":"your-rights"}]},{"$i":"about-your-rights-0","$v":[{"t":"idOrVar","v":"brandShortName"},"-i është ndërtuar mbi software të lirë dhe me burim të hapur, nga një bashkësi prej mijëra anëtarësh nga mbarë bota. Ka pak gjëra që do të duhej t’i dinit:"]},{"$i":"about-your-rights-1","$v":[{"t":"idOrVar","v":"brandShortName"},"-i ju jepet sipas kushteve të disa licencave burimi të hapur, përfshi Mozilla Public License. Një pajisje që xhiron ",{"t":"idOrVar","v":"brandShortName"},"-in mund të përmbajë edhe software pronësor nga palë të treta. Çfarëdo kodi i dhënë nën licenca burimi të hapur ju jep të drejtën të ndryshoni kodin burim dhe të shpërndani versione të ndryshuar, sa kohë që plotësoni kushtet e tyre."]},{"$i":"about-your-rights-2","$v":["Nuk ju jepet ndonjë e drejtë shenjash tregtare ose licencë mbi shenjat tregtare të Mozilla Foundation-it ose të kujtdo tjetër, përfshi këtu, pa kufizim, emrin ose stemën e ",{"t":"idOrVar","v":"brandShortName"},"-it."]},{"$i":"about-your-rights-3","$v":["Disa veçori të ",{"t":"idOrVar","v":"brandShortName"},"-it, të tilla si Njoftuesi i Vithisjeve, ju japin mundësinë t’i ofroni përshtypjet tuaja te Mozilla. Duke zgjedhur parashtrimin e përshtypjeve, i jepni Mozilla-s leje t’i përdorë përshtypjet për përmirësimin e produkteve të veta, t’i botojë përshtypjet te sajti i saj, dhe t’ua shpërndajë ato të tjerëve."]},{"$i":"about-legal-info","$v":"Informacione Ligjore"},{"$i":"about-credit-info","$v":"Falënderime"},{"$i":"about-legal-info-header","$v":[{"t":"idOrVar","v":"about-legal-info"}]},{"$i":"open-source-notices","$v":"Shënime Burimi të Hapur"},{"$i":"open-source-notices-header","$v":[{"t":"idOrVar","v":"open-source-notices"}]},{"$i":"obtaining-source-code","$v":"Si të Kihet Kodi Burim"},{"$i":"obtaining-source-code-header","$v":[{"t":"idOrVar","v":"obtaining-source-code"}]},{"$i":"about-mozilla","$v":"Mozilla"},{"$i":"about-other","$v":"Tjetër"},{"$i":"your-privacy","$v":"Privatësia Juaj"},{"$i":"your-privacy-header","$v":[{"t":"idOrVar","v":"your-privacy"}]},{"$i":"licensing-1","$v":"Dyorët e këtij produkti ju jepen nga Projekti Mozilla, sipas licencës Mozilla Public License 2.0 (MPL). Njihni të drejtat tuaja."},{"$i":"licensing-2","$v":"Krejt kodi burim i këtij produkti mund të kihet sipas licencash që janë si të lira, ashtu edhe të llojit burim i hapur. Shumica e tij mund të kihet sipas licencës Mozilla Public License 2.0 (MPL)."},{"$i":"licensing-3","$v":"Pjesa e mbetur e software-it, që nuk është nën Mozilla Public License 2.0 MPL, mund të kihet sipas njërës prej shumë licencave të tjera.  Ato që kërkojnë medoemos riprodhim të tekstit të licencës brenda vetë paketës që shpërndahet, jepen më poshtë. (Shënim: Kopja juaj e këtij produkti mund të mos përmbajë kod që mbulohet nga një ose më shumë licenca të radhitura këtu, varet nga produkti dhe versioni që zgjidhni saktësisht.)"},{"$i":"licensing-MPL","$v":"Mozilla Public License 2.0"},{"$i":"licensing-Apache","$v":"Apache License 2.0"},{"$i":"launch-ftu","$v":"Nisni Përdorimin Për Herë të Parë"},{"$i":"no-ftu","$v":"Nuk u gjet aplikacion përdorimi here të parë"},{"$i":"software-home-button","$v":"Buton kreu software-i"},{"$i":"home-gesture","$v":"Gjest kreu"},{"$i":"continuous-transition","$v":"Tranzicion i vazhdueshëm"},{"$i":"debug-gaia-enabled","$v":"Gjurmë diagnostikimi Gaia"},{"$i":"showScreenReaderSettings","$v":"Shfaq rregullime lexuesi ekrani"},{"$i":"app-transition","$v":"Tranzicion aplikacioni"},{"$i":"app-suspending","$v":"Pezullim aplikacioni"},{"$i":"copypaste","$v":"Kopjoje/ngjite"},{"$i":"verbose-app-permissions","$v":"Leje aplikacionesh shprehimisht"},{"$i":"window-management","$v":"Administrim dritaresh"},{"$i":"downloads-edit","$v":"Përpunoni"},{"$i":"downloads-select-all","$v":"Përzgjidhi krejt"},{"$i":"downloads-deselect-all","$v":"Çpërzgjidhi krejt"},{"$i":"downloads-delete","$v":"Fshiji"},{"$i":"battery","$v":"Bateri"},{"$i":"battery-header","$v":[{"t":"idOrVar","v":"battery"}]},{"$i":"batteryLevel","$v":"Niveli Tani"},{"$i":"batteryLevel-percent-unplugged","$v":[{"t":"idOrVar","v":"level"},"%"]},{"$i":"batteryLevel-percent-charging","$v":[{"t":"idOrVar","v":"level"},"% (në ngarkim)"]},{"$i":"batteryLevel-percent-charged","$v":[{"t":"idOrVar","v":"level"},"% (e ngarkuar)"]},{"$i":"powerSaveModeTitle","$v":"Ruajtje Energjie"},{"$i":"powerSaveMode","$v":"Ruajtje Energjie"},{"$i":"powerSave-threshold","$v":[{"t":"idOrVar","v":"level"},"% bateri"]},{"$i":"turnOnAuto","$v":"Aktivizoje vetiu, kur mbetet edhe"},{"$i":"accessibility","$v":"Përdorshmëri"},{"$i":"accessibility-header","$v":[{"t":"idOrVar","v":"accessibility"}]},{"$i":"screenReader","$v":"Lexues ekrani"},{"$i":"screenReader-header","$v":[{"t":"idOrVar","v":"screenReader"}]},{"$i":"screenReader-toggle","$v":[{"t":"idOrVar","v":"screenReader"}]},{"$i":"colorFilter","$v":"Filtrim ngjyrash"},{"$i":"colorFilter-header","$v":[{"t":"idOrVar","v":"colorFilter"}]},{"$i":"colorFilter-toggle","$v":[{"t":"idOrVar","v":"colorFilter"}]},{"$i":"screenReader-captions","$v":"Shfaq titra"},{"$i":"screenReader-enable-msg","$v":"Kur lexuesi i ekranit është i aktivizuar, pajisja juaj do të ofrojë reagim me të folur në ndihmë të përdoruesve të verbër ose me vështirësi në të parë."},{"$i":"screen-reader-speech-volume","$v":"Volum të Foluri"},{"$i":"screen-reader-speech-rate","$v":"Shpejtësi të Foluri"},{"$i":"screenReader-confirm-title-start","$v":"Të niset Lexuesi i Ekranit?"},{"$i":"screenReader-confirm-description-start","$v":"Aktivizimi i lexuesit të ekranit do të ndryshojë mënyrën se si punon ekrani juaj me prekje. Prekeni kudo qoftë që të dëgjoni objektin nën gishtin tuaj, dhe prekeni dy herë që ta aktivizoni."},{"$i":"screenReader-confirm-button-start","$v":"Nise"},{"$i":"screenReader-confirm-title-stop","$v":"Të ndalet Lexuesi i Ekranit?"},{"$i":"screenReader-confirm-description-stop","$v":"Ndalja e lexuesit të ekranit do ta përfundojë reagimin me të folur."},{"$i":"screenReader-confirm-button-stop","$v":"Ndale"},{"$i":"colorFilter-invert","$v":"Ndërkëmbeji"},{"$i":"colorFilter-grayscale","$v":"Shkallë të grisë"},{"$i":"colorFilter-contrast","$v":"Kontrast"},{"$i":"improveBrowserOS","$v":["Përmirësim ",{"t":"idOrVar","v":"brandShortName"},"-i"]},{"$i":"improveBrowserOSTitle","$v":["Përmirësim ",{"t":"idOrVar","v":"brandShortName"},"-i"]},{"$i":"sendMozillaFeedback","$v":"Dërgojini Mozilla-s Përshtypjet"},{"$i":"performanceAndUsageData","$v":"Të dhëna funksionimi dhe përdorimi"},{"$i":"sharePerformanceAndUsageData","$v":"Dërgoji të dhënat"},{"$i":"appUsageByRegion","$v":"App usage by region"},{"$i":"crashReports","$v":"Njoftime vithisjesh"},{"$i":"crashReports-header","$v":[{"t":"idOrVar","v":"crashReports"}]},{"$i":"crashReportInfo","$v":"Dërgimi te Mozilla i një njoftimi, pasi ndodh një vithisje, na ndihmon ta ndreqim problemin për këdo. Njoftimet dërgohen vetëm përmes Wi-Fi-së."},{"$i":"alwaysSendReport","$v":"Dërgo përherë një njoftim"},{"$i":"neverSendReport","$v":"Mos dërgo kurrë njoftim"},{"$i":"askToSendReport2","$v":"Pyetmë çdo herë"},{"$i":"crash-reports-description-1","$v":"Një njoftim vithisjeje përmban disa hollësi rreth vithisjes dhe pajisjes suaj, si dhe një përshkrim të gjendjes së pajisjes suaj në kohën kur u vithis."},{"$i":"crash-reports-description-2","$v":"Këtu mund të përfshihen gjëra të tilla si faqet dhe aplikacionet e hapura, tekst i shtypur në formularë, lëndë në mesazhe të hapur, historiku i shfletimeve së fundi, ose të dhëna gjeovendëzimi të përdorura nga një aplikacion i hapur."},{"$i":"crash-reports-description-3-start","$v":"Njoftimet e vithisjeve përpiqemi t’i përdorim për zgjidhjen e problemeve dhe për përmirësimin e produkteve tona. Të dhënat tuaja i përdorim siç e përshkruajmë te"},{"$i":"crash-reports-description-3-privacy","$v":"rregullat tona mbi privatësinë"},{"$i":"crash-reports-description-3-end","$v":"."},{"$i":"sendFeedbackTitle","$v":"Dërgoni Përshtypjet"},{"$i":"feedback-description","$v":"Përshtypjet tuaja do të na ndihmojnë të përmirësojmë Firefox OS-in."},{"$i":"feedback-happy","$v":"I kënaqur"},{"$i":"feedback-sad","$v":"I trishtuar"},{"$i":"feedback-mood-description","$v":"Si ndiheni?"},{"$i":"feedback_whyfeel_happy","$v":"Pse ndiheni i kënaqur?"},{"$i":"feedback_whyfeel_sad","$v":"Pse ndiheni i trishtuar?"},{"$i":"feedback-mood-explain","$v":"Ju lutemi, na e tregoni me hollësi."},{"$i":"feedback-public-description","$v":"Lënda e përshtypjeve tuaja do të jetë publike, ndaj, ju lutemi, sigurohuni se nuk përfshini ndonjë të dhënë personale."},{"$i":"feedback-contactyou","$v":"I vini shenjë këtu që të na lejoni të lidhemi me ju përmes email-it tuaj."},{"$i":"email-address1","$v":"Adresë email:"},{"$i":"email-keepprivate","$v":"Mos u shqetësoni. Email-i juaj do të mbahet përherë privat."},{"$i":"feedback-sendbtn","$v":"Dërgoji Përshtypjet"},{"$i":"feedback-errormessage-connect-error","$v":"Na ndjeni, për shkak të një gabimi në lidhjen për të dhënat sistemi nuk i dërgon dot sugjerimet tuaja. Ju lutemi, riprovoni kur problemi të jetë zgjidhur."},{"$i":"feedback-errormessage-server-off","$v":"Na ndjeni, sistemi nuk i dërgon dot sugjerimet tuaja, ngaqë shërbyesi është i fikur. Ju lutemi, prisni një çast dhe riprovoni."},{"$i":"feedback-errormessage-timeout","$v":"Na ndjeni, sistemi nuk i dërgon dot sugjerimet tuaja, ngaqë i mbaroi koha. Ju lutemi, riniseni dhe riprovoni."},{"$i":"feedback-errormessage-wrong-email","$v":"Na ndjeni, sistemi nuk i dërgon dot sugjerimet tuaja, ngaqë mungon adresa email ose për shkak të një gabimi në formatim. Ju lutemi, përdorni një adresë email të vlefshme dhe riprovoni."},{"$i":"feedback-errormessage-empty-comment","$v":"Na ndjeni, sistemi nuk i dërgon dot sugjerimet tuaja, ngaqë fusha e komenteve është e zbrazët. Ju lutemi, futni ca tekst dhe riprovoni."},{"$i":"feedback-errormessage-just-sent","$v":"Na ndjeni, sistemi nuk i dërgon dot sugjerimet tuaja, ngaqë na dërguat tashmë përshtypje. Ju lutemi, provoni përditësimin tonë pasues të software-it dhe ridërgojini."},{"$i":"feedback-complete-msg","$v":"Faleminderit për përshtypjet! I përdorim si ndihmë për përmirësimin e përdorimit në versione të ardhshme të Firefox OS-it."},{"$i":"online-support","$v":"Asistencë në linjë:"},{"$i":"call-support","$v":"Asistencë telefonike:"},{"$i":"user-guide","$v":"Udhërrëfyes përdoruesi"},{"$i":"default-support","$v":"Ju lutemi, për asistencë lidhuni me mundësuesin vendor të shërbimit."},{"$i":"operatorServices","$v":"Shërbime Operatori"},{"$i":"operatorServices-help","$v":"Ndihmë"},{"$i":"operatorServices-helpmenu","$v":"Menu ndihme"},{"$i":"stkAppsNotAvailable","$v":"Nuk ka aplikacione karte SIM."},{"$i":"simToolkit","$v":"Grup mjetesh SIM-i"},{"$i":"stkItemsNaiSetUpCall","$v":"Rregulloni Thirrje"},{"$i":"stkItemsNaiSendSs","$v":"Dërgo SS"},{"$i":"stkItemsNaiSendUssd","$v":"Dërgo USSD"},{"$i":"stkItemsNaiSendSms","$v":"Dërgo SMS"},{"$i":"stkItemsNaiSendDtmf","$v":"Dërgo DTMF"},{"$i":"stkItemsNaiLaunchBrowser","$v":"Nis Shfletues"},{"$i":"stkItemsNaiPlayTone","$v":"Luaj Tingull"},{"$i":"stkItemsNaiDisplayText","$v":"Shfaq Tekst"},{"$i":"stkItemsNaiGetInkey","$v":"Merr Shenjë"},{"$i":"stkItemsNaiGetInput","$v":"Merr Varg Shenjash"},{"$i":"stkItemsNaiSelectItem","$v":"Përzgjidhni Objekt"},{"$i":"stkItemsNaiSetUpMenu","$v":"Rregulloni Menu"},{"$i":"stkItemsNaiProvideLocalInfo","$v":"Jep Info Vendore"},{"$i":"stkItemsNaiSetIdleModeText","$v":"Caktoni Tekst Plogështie"},{"$i":"stkItemsNaiPerformCardApdu","$v":"Kryej APDU Karte"},{"$i":"stkItemsNaiPowerOnCard","$v":"Aktivizoje Kartën"},{"$i":"stkItemsNaiPowerOffCard","$v":"Çaktivizoje Kartën"},{"$i":"stkItemsNaiGetReaderStatus","$v":"Merr Gjendje Lexuesi"},{"$i":"stkItemsNaiOpenChannel","$v":"Hap Kanal"},{"$i":"stkItemsNaiCloseChannel","$v":"Mbyll Kanal"},{"$i":"stkItemsNaiReceiveData","$v":"Merr të Dhëna"},{"$i":"stkItemsNaiSendData","$v":"Dërgo të Dhëna"},{"$i":"stkItemsNaiGetChannelStatus","$v":"Merr Gjendje Kanali"},{"$i":"stkItemsNaiEndOfTheProactiveSession","$v":"Fund i sesionit proaktiv"},{"$i":"is-warning-storage-header","$v":"Depozitim në USB"},{"$i":"is-warning-tethering-header","$v":"Lidhje me modem USB"},{"$i":"is-warning-wifi-header","$v":"Pikë aksesi Wi-Fi"},{"$i":"is-warning-storage-tethering-message","$v":"Aktivizimi i depozitimeve në USB do të çaktivizojë lidhjen me modem USB. Doni të aktivizohet depozitimi në USB?"},{"$i":"is-warning-tethering-storage-message","$v":"Aktivizimi i lidhjeve me modem USB do të çaktivizojë depozitimet në USB. Doni të aktivizohet lidhja me modem USB?"},{"$i":"is-warning-tethering-wifi-message","$v":"Aktivizimi i lidhjeve me modem USB do të çaktivizojë pikën e aksesit Wi-Fi. Doni të aktivizohet lidhja me modem USB?"},{"$i":"is-warning-wifi-tethering-message","$v":"Aktivizimi i pikës së aksesit Wi-Fi do të çaktivizojë lidhjen me modem USB. Doni të aktivizohet pika e aksesit Wi-Fi?"},{"$i":"settings-dialog-alert","$v":"Sinjalizim"},{"$i":"settings-dialog-confirm","$v":"Ripohim"},{"$i":"settings-dialog-prompt","$v":"Kërkesë"},{"$i":"settings-alert-dialog-header","$v":[{"t":"idOrVar","v":"settings-dialog-alert"}]},{"$i":"settings-confirm-dialog-header","$v":[{"t":"idOrVar","v":"settings-dialog-confirm"}]},{"$i":"settings-prompt-dialog-header","$v":[{"t":"idOrVar","v":"settings-dialog-prompt"}]},{"$i":"addons","$v":"Addons"},{"$i":"addons-header","$v":[{"t":"idOrVar","v":"addons"}]},{"$i":"change-device-name","$v":"Ndryshoni emrin e telefonit"},{"$i":"internetSharing-usb-desc","$v":"Ndaje lidhjen Internet të telefonit tim me një pajisje të lidhur përmes USB-je."},{"$i":"internetSharing-wifi-desc","$v":"Lejoji pajisjet e tjera të ndajnë mes tyre lidhjen Internet të telefonit tim duke u lidhur përmes Wi-Fi-je."},{"$i":"unplayable-ringtone","$v":"Zilja nuk u ndryshua, ngaqë kartela e përzgjedhur nuk mund të luhet në këtë telefon."},{"$i":"findmydevice-signup-description","$v":"Gjeje Pajisjen Time ju lejon të lokalizoni, bllokoni ose fshini telefonin tuaj"},{"$i":"findmydevice-settings-description","$v":"Gjeje Pajisjen Time ju lejon të lokalizoni, bllokoni ose fshini telefonin tuaj që nga një sajt:"},{"$i":"findmydevice-active-tracking","$v":"Telefoni juaj gjurmohet nga një tjetër pajisje përmes sajtit."},{"$i":"findmydevice-not-tracking","$v":"Nuk ka pajisje në ndjekje të telefonit tuaj përmes sajtit."},{"$i":"ums-confirm","$v":"Aktivizimi i depozitimit përmes USB-je i lejon një kompjuteri apo pajisjeje tjetër të lidhur përmes USB-je të përdorë kartela të këtij telefoni."},{"$i":"reset-device","$v":"Rikthejeni Telefonin Në Fillimet"},{"$i":"reset-warning-body","$v":"Rikthimi i telefonit në fillimet do të shkaktojë fshirjen e krejt të dhënave tuaja, përfshi çfarëdo aplikacionesh që mund të keni blerë. Telefoni do të rikthehet në gjendjen nën të cilën doli nga fabrika. Nuk do të ruhet asnjë nga rregullimet ose të dhënat tuaja."},{"$i":"reset-devtools-warning-body","$v":"Rikthimi i telefonit në fillimet do të shkaktojë fshirjen e krejt të dhënave tuaja, përfshi çfarëdo aplikacionesh që mund të keni blerë. Nuk do të ruhet asnjë nga rregullimet ose të dhënat tuaja. Por telefoni juaj do të ketë mjete zhvilluesi jo të kufizuara, duke ju lejuar kështu të modifikoni dhe diagnostikoni aplikacione sistemi."},{"$i":"powerSave-explanation","$v":"Kalimi i telefonit nën mënyrën e ruajtjes së energjisë do të ndërpresë lidhjet për të dhëna, Bluetooth dhe Gjeovendëzim të telefonit tuaj, për të zgjatur jetën e baterisë. Këto shërbime mund t’i aktivizoni sërish dorazi."},{"$i":"performanceAndUsageDataInfo","$v":["Ndihmonani ta përmirësojmë ",{"t":"idOrVar","v":"brandShortName"},"-in duke ndarë me ne të dhëna rreth telefonit tuaj dhe mënyrës se si e përdorni."]},{"$i":"device-status-connected-device","$v":"E lidhur te audio e telefonit"},{"$i":"device-status-connected-device-media","$v":"E lidhur te audio e telefonit/medias"}]