[{"$i":"stopped_download_title","$v":"Preuzimanje zaustavljeno"},{"$i":"stopped_download_message","$v":"Preuzimanje je zaustavljeno. Pokušati ponovo preuzeti?"},{"$i":"stopped_download_left_button","$v":"Otkaži"},{"$i":"stopped_download_right_button","$v":"Pokušaj"},{"$i":"failed_download_title","$v":"Preuzimanje neuspešno"},{"$i":"failed_download_message","$v":[{"t":"idOrVar","v":"name"}," nije preuzet. Pokušati ponovo preuzeti?"]},{"$i":"failed_download_left_button","$v":"Otkaži"},{"$i":"failed_download_right_button","$v":"Pokušaj"},{"$i":"stop_download_title","$v":"Zaustavi preuzimanje"},{"$i":"stop_download_message","$v":"Da li ste sigurni da želite zaustaviti preuzimanje?"},{"$i":"stop_download_left_button","$v":"Ne"},{"$i":"stop_download_right_button","$v":"Da"},{"$i":"delete_download_title","$v":"Izbriši"},{"$i":"delete_download_message","$v":["Izbriši ",{"t":"idOrVar","v":"name"},"?"]},{"$i":"delete_download_left_button","$v":"Otkaži"},{"$i":"delete_download_right_button","$v":"Izbriši"},{"$i":"delete_all_download_title","$v":"Izbriši"},{"$i":"delete_all_download_left_button","$v":"Otkaži"},{"$i":"delete_all_download_right_button","$v":"Izbriši"},{"$i":"delete_all_download_message","$v":{"zero":"Nemoj izbrisati datoteke?","one":"Izbrisati jednu datoteku?","two":["Izbrisati ",{"t":"idOrVar","v":"number"}," datoteke?"],"few":["Izbrisati ",{"t":"idOrVar","v":"number"}," datoteka?"],"many":["Izbrisati ",{"t":"idOrVar","v":"number"}," datoteka?"],"other":["Izbrisati ",{"t":"idOrVar","v":"number"}," datoteka?"]},"$x":[{"t":"idOrVar","v":"plural"},"number"]},{"$i":"unsupported_file_type_download_title","$v":"Ne mogu otvoriti"},{"$i":"unsupported_file_type_download_message","$v":["Ne postoji aplikacija sa kojom možete otvoriti ",{"t":"idOrVar","v":"name"},". Da li želite da sačuvate datoteku ili da je izbrišete?"]},{"$i":"unsupported_file_type_download_left_button","$v":"Sačuvaj"},{"$i":"unsupported_file_type_download_right_button","$v":"Izbriši"},{"$i":"file_not_found_download_title","$v":"Datoteka nije pronađena"},{"$i":"file_not_found_download_message","$v":"Datoteka nije pronađena na uređaju"},{"$i":"file_not_found_download_right_button","$v":"U redu"},{"$i":"unmounted_sdcard_2_download_title","$v":"Memorijska kartica je u upotrebi"},{"$i":"unmounted_sdcard_2_download_message","$v":"Isključite kabel iz telefona"},{"$i":"unmounted_sdcard_2_download_right_button","$v":"U redu"},{"$i":"no_provider_download_title","$v":"Ne mogu deliti"},{"$i":"no_provider_download_message","$v":"Nije pronađen provajder"},{"$i":"no_provider_download_right_button","$v":"U redu"},{"$i":"no_memory_download_title","$v":"SD kartica je puna"},{"$i":"no_memory_download_message","$v":"Nema više mesta na Vašoj SD kartici za čuvavanje preuzimanja. Molimo Vas izbrišite neke datoteke pre nego što ponovo pokušate preuzeti datoteke."},{"$i":"no_memory_download_right_button","$v":"U redu"},{"$i":"no_sdcard_found_2_download_title","$v":"Nije pronađena memorijska kartica"},{"$i":"no_sdcard_found_2_download_message","$v":"Ubacite memorijsku karticu ili odaberite drugo podrazumevano mesto za čuvanje medija u postavkama"},{"$i":"no_sdcard_found_2_download_right_button","$v":"U redu"},{"$i":"file_open_error_download_title","$v":"Ne mogu otvoriti"},{"$i":"file_open_error_download_message","$v":["Ne mogu otvoriti datoteku ",{"t":"idOrVar","v":"name"},". Da li želite da je sačuvate ili izbrišete?"]},{"$i":"file_open_error_download_left_button","$v":"Sačuvaj"},{"$i":"file_open_error_download_right_button","$v":"Izbriši"},{"$i":"restart_download_error","$v":"Došlo je do greške prilikom ponovnog pokušaja preuzimanja. Molimo Vas pokušajte da ponovo preuzmete."},{"$i":"no-downloads","$v":"Nema preuzimanja"},{"$i":"byteUnit-B","$v":"B"},{"$i":"byteUnit-KB","$v":"KB"},{"$i":"byteUnit-MB","$v":"MB"},{"$i":"byteUnit-GB","$v":"GB"},{"$i":"byteUnit-TB","$v":"TB"},{"$i":"fileSize","$v":[{"t":"idOrVar","v":"size"}," ",{"t":"idOrVar","v":"unit"}]},{"$i":"percentage","$v":[{"t":"idOrVar","v":"percentage"}," %"]},{"$i":"partialResult","$v":[{"t":"idOrVar","v":"partial"}," od ",{"t":"idOrVar","v":"total"}]},{"$i":"summary","$v":[{"t":"idOrVar","v":"date"}," - ",{"t":"idOrVar","v":"status"}]},{"$i":"download-stopped","$v":"Zaustavljeno"},{"$i":"download-failed","$v":"Preuzimanje neuspešno"},{"$i":"open_downloaded_file","$v":"Otvori"},{"$i":"share_downloaded_file","$v":"Podeli"},{"$i":"wallpaper_downloaded_file","$v":"Postavi kao pozadinu"},{"$i":"ringtone_downloaded_file","$v":"Postavi kao melodiju"},{"$i":"cancel_downloaded_file","$v":"Otkaži"},{"$i":"brandShortName","$v":"B2G OS"},{"$i":"browserBrandShortName","$v":"Web Browser"},{"$i":"browserBrandFullName","$v":"Mozilla Web Browser"},{"$i":"ringtoneBrandName","$v":"Default"},{"$i":"ringtoneSectionBrandName","$v":"System"},{"$i":"weekday-0-long","$v":"Nedelja"},{"$i":"weekday-1-long","$v":"Ponedeljak"},{"$i":"weekday-2-long","$v":"Utorak"},{"$i":"weekday-3-long","$v":"Sreda"},{"$i":"weekday-4-long","$v":"Četvrtak"},{"$i":"weekday-5-long","$v":"Petak"},{"$i":"weekday-6-long","$v":"Subota"},{"$i":"weekday-0-short","$v":"Ned"},{"$i":"weekday-1-short","$v":"Pon"},{"$i":"weekday-2-short","$v":"Uto"},{"$i":"weekday-3-short","$v":"Sre"},{"$i":"weekday-4-short","$v":"Čet"},{"$i":"weekday-5-short","$v":"Pet"},{"$i":"weekday-6-short","$v":"Sub"},{"$i":"month-0-long","$v":"januar"},{"$i":"month-1-long","$v":"februar"},{"$i":"month-2-long","$v":"mart"},{"$i":"month-3-long","$v":"april"},{"$i":"month-4-long","$v":"maj"},{"$i":"month-5-long","$v":"jun"},{"$i":"month-6-long","$v":"jul"},{"$i":"month-7-long","$v":"avgust"},{"$i":"month-8-long","$v":"septembar"},{"$i":"month-9-long","$v":"oktobar"},{"$i":"month-10-long","$v":"novembar"},{"$i":"month-11-long","$v":"decembar"},{"$i":"month-0-genitive","$v":"januara"},{"$i":"month-1-genitive","$v":"februara"},{"$i":"month-2-genitive","$v":"marta"},{"$i":"month-3-genitive","$v":"aprila"},{"$i":"month-4-genitive","$v":"maja"},{"$i":"month-5-genitive","$v":"juna"},{"$i":"month-6-genitive","$v":"jula"},{"$i":"month-7-genitive","$v":"avgusta"},{"$i":"month-8-genitive","$v":"septembra"},{"$i":"month-9-genitive","$v":"oktobra"},{"$i":"month-10-genitive","$v":"novembra"},{"$i":"month-11-genitive","$v":"decembra"},{"$i":"month-0-short","$v":"jan"},{"$i":"month-1-short","$v":"feb"},{"$i":"month-2-short","$v":"mar"},{"$i":"month-3-short","$v":"apr"},{"$i":"month-4-short","$v":"maj"},{"$i":"month-5-short","$v":"jun"},{"$i":"month-6-short","$v":"jul"},{"$i":"month-7-short","$v":"avg"},{"$i":"month-8-short","$v":"sep"},{"$i":"month-9-short","$v":"okt"},{"$i":"month-10-short","$v":"nov"},{"$i":"month-11-short","$v":"dec"},{"$i":"minutes-ago-long","$v":{"zero":"upravo","one":"pre minut","two":["pre ",{"t":"idOrVar","v":"value"}," minuta"],"few":["pre ",{"t":"idOrVar","v":"value"}," minuta"],"many":["pre ",{"t":"idOrVar","v":"value"}," minuta"],"other":["pre ",{"t":"idOrVar","v":"value"}," minuta"]},"$x":[{"t":"idOrVar","v":"plural"},"value"]},{"$i":"hours-ago-long","$v":{"zero":"upravo","one":"pre sat vremena","two":["pre ",{"t":"idOrVar","v":"value"}," sata"],"few":["pre ",{"t":"idOrVar","v":"value"}," sati"],"many":["pre ",{"t":"idOrVar","v":"value"}," sati"],"other":["pre ",{"t":"idOrVar","v":"value"}," sati"]},"$x":[{"t":"idOrVar","v":"plural"},"value"]},{"$i":"days-ago-long","$v":{"zero":"danas","one":"juče","two":["pre ",{"t":"idOrVar","v":"value"}," dana"],"few":["pre ",{"t":"idOrVar","v":"value"}," dana"],"many":["pre ",{"t":"idOrVar","v":"value"}," dana"],"other":["pre ",{"t":"idOrVar","v":"value"}," dana"]},"$x":[{"t":"idOrVar","v":"plural"},"value"]},{"$i":"weeks-ago-long","$v":{"zero":"ove nedelje","one":"prošle nedelje","two":["pre ",{"t":"idOrVar","v":"value"}," nedelje"],"few":["pre ",{"t":"idOrVar","v":"value"}," nedelja"],"many":["pre ",{"t":"idOrVar","v":"value"}," nedelja"],"other":["pre ",{"t":"idOrVar","v":"value"}," nedelja"]},"$x":[{"t":"idOrVar","v":"plural"},"value"]},{"$i":"months-ago-long","$v":{"zero":"ovog meseca","one":"prošlog meseca","two":["pre ",{"t":"idOrVar","v":"value"}," meseca"],"few":["pre ",{"t":"idOrVar","v":"value"}," meseci"],"many":["pre ",{"t":"idOrVar","v":"value"}," meseci"],"other":["pre ",{"t":"idOrVar","v":"value"}," meseci"]},"$x":[{"t":"idOrVar","v":"plural"},"value"]},{"$i":"years-ago-long","$v":{"zero":"ove godine","one":"prošle godine","two":["pre ",{"t":"idOrVar","v":"value"}," godine"],"few":["pre ",{"t":"idOrVar","v":"value"}," godina"],"many":["pre ",{"t":"idOrVar","v":"value"}," godina"],"other":["pre ",{"t":"idOrVar","v":"value"}," godina"]},"$x":[{"t":"idOrVar","v":"plural"},"value"]},{"$i":"minutes-until-long","$v":{"zero":"upravo","one":"za jedan minut","two":["za ",{"t":"idOrVar","v":"value"}," minuta"],"few":["za ",{"t":"idOrVar","v":"value"}," minuta"],"many":["za ",{"t":"idOrVar","v":"value"}," minuta"],"other":["za ",{"t":"idOrVar","v":"value"}," minuta"]},"$x":[{"t":"idOrVar","v":"plural"},"value"]},{"$i":"hours-until-long","$v":{"zero":"upravo","one":"za sat vremena","two":["za ",{"t":"idOrVar","v":"value"}," sata"],"few":["za ",{"t":"idOrVar","v":"value"}," sati"],"many":["za ",{"t":"idOrVar","v":"value"}," sati"],"other":["za ",{"t":"idOrVar","v":"value"}," sati"]},"$x":[{"t":"idOrVar","v":"plural"},"value"]},{"$i":"days-until-long","$v":{"zero":"danas","one":"sutra","two":["za ",{"t":"idOrVar","v":"value"}," dana"],"few":["za ",{"t":"idOrVar","v":"value"}," dana"],"many":["za ",{"t":"idOrVar","v":"value"}," dana"],"other":["za ",{"t":"idOrVar","v":"value"}," dana"]},"$x":[{"t":"idOrVar","v":"plural"},"value"]},{"$i":"weeks-until-long","$v":{"zero":"ove nedelje","one":"sledeće nedelje","two":["za ",{"t":"idOrVar","v":"value"}," nedelje"],"few":["za ",{"t":"idOrVar","v":"value"}," nedelja"],"many":["za ",{"t":"idOrVar","v":"value"}," nedelja"],"other":["za ",{"t":"idOrVar","v":"value"}," nedelja"]},"$x":[{"t":"idOrVar","v":"plural"},"value"]},{"$i":"months-until-long","$v":{"zero":"ovog meseca","one":"sledećeg meseca","two":["za ",{"t":"idOrVar","v":"value"}," meseca"],"few":["za ",{"t":"idOrVar","v":"value"}," meseci"],"many":["za ",{"t":"idOrVar","v":"value"}," meseci"],"other":["za ",{"t":"idOrVar","v":"value"}," meseci"]},"$x":[{"t":"idOrVar","v":"plural"},"value"]},{"$i":"years-until-long","$v":{"zero":"ove godine","one":"sledeće godine","two":["za ",{"t":"idOrVar","v":"value"}," godine"],"few":["za ",{"t":"idOrVar","v":"value"}," godina"],"many":["za ",{"t":"idOrVar","v":"value"}," godina"],"other":["za ",{"t":"idOrVar","v":"value"}," godina"]},"$x":[{"t":"idOrVar","v":"plural"},"value"]},{"$i":"minutes-ago-short","$v":{"zero":"upravo","other":["pre ",{"t":"idOrVar","v":"value"},"m"]},"$x":[{"t":"idOrVar","v":"plural"},"value"]},{"$i":"hours-ago-short","$v":{"zero":"upravo","other":["pre ",{"t":"idOrVar","v":"value"},"s"]},"$x":[{"t":"idOrVar","v":"plural"},"value"]},{"$i":"days-ago-short","$v":{"zero":"danas","other":["pre ",{"t":"idOrVar","v":"value"},"d"]},"$x":[{"t":"idOrVar","v":"plural"},"value"]},{"$i":"minutes-until-short","$v":{"zero":"upravo","other":["za ",{"t":"idOrVar","v":"value"},"m"]},"$x":[{"t":"idOrVar","v":"plural"},"value"]},{"$i":"hours-until-short","$v":{"zero":"upravo","other":["za ",{"t":"idOrVar","v":"value"},"s"]},"$x":[{"t":"idOrVar","v":"plural"},"value"]},{"$i":"days-until-short","$v":{"zero":"danas","other":["za ",{"t":"idOrVar","v":"value"},"d"]},"$x":[{"t":"idOrVar","v":"plural"},"value"]},{"$i":"incorrectDate","$v":"(netačan datum)"},{"$i":"dateTimeFormat_%c","$v":"%a %e %b %Y %H:%M:%S"},{"$i":"dateTimeFormat_%x","$v":"%d.%m.%Y"},{"$i":"dateTimeFormat_%X","$v":"%H:%M:%S"},{"$i":"shortTimeFormat","$v":"%H:%M"},{"$i":"shortTimeFormat12","$v":"%I:%M %p"},{"$i":"shortTimeFormat24","$v":"%H:%M"},{"$i":"shortDateTimeFormat","$v":"%x %H:%M"},{"$i":"weekStartsOnMonday","$v":"1"},{"$i":"firstDayOfTheWeek","$v":"1"},{"$i":"time_am","$v":"AM"},{"$i":"time_pm","$v":"PM"},{"$i":"title-app","$v":"Dozvole apl."},{"$i":"title-web","$v":"Dozvole sajtova"},{"$i":"title-cam","$v":"Izaberi kameru"},{"$i":"perm-alarms","$v":"Napravi budilnik"},{"$i":"perm-audio-capture","$v":"Mikrofon"},{"$i":"perm-audio-capture-appRequest","$v":["Da li biste želeli da podelite Vaš mikrofon sa ",{"t":"idOrVar","v":"app"},"?"]},{"$i":"perm-audio-capture-webRequest","$v":["Da li biste želeli da podelite Vaš mikrofon sa ",{"t":"idOrVar","v":"site"},"?"]},{"$i":"perm-audio-channel-content","$v":"Reprodukuj zvukove"},{"$i":"perm-audio-channel-notification","$v":"Reprodukuj zvukove za obaveštenja"},{"$i":"perm-audio-channel-ringer","$v":"Reprodukuj melodiju"},{"$i":"perm-background-sensors","$v":"Pristupi podacimma senzora"},{"$i":"perm-bluetooth","$v":"Bluetooth"},{"$i":"perm-browser","$v":"Pregledaj veb stranice"},{"$i":"perm-camera","$v":"Kamere"},{"$i":"perm-camera-selector-appRequest","$v":["Izaberi kameru za ",{"t":"idOrVar","v":"app"},"."]},{"$i":"perm-camera-selector-webRequest","$v":["Izaberi kameru za ",{"t":"idOrVar","v":"site"},"."]},{"$i":"perm-cellbroadcast","$v":"Info servis"},{"$i":"perm-contacts","$v":"Kontakti"},{"$i":"perm-contacts-appRequest","$v":[{"t":"idOrVar","v":"app"}," želi da pristupi Vašim kontaktima."]},{"$i":"perm-contacts-webRequest","$v":[{"t":"idOrVar","v":"site"}," želi da pristupi Vašim kontaktima."]},{"$i":"perm-desktop-notification","$v":"Obaveštenja"},{"$i":"perm-desktop-notification-appRequest","$v":[{"t":"idOrVar","v":"app"}," želi da prikazuje obaveštenja."]},{"$i":"perm-desktop-notification-webRequest","$v":[{"t":"idOrVar","v":"site"}," želi da prikazuje obaveštenja."]},{"$i":"perm-device-storage-apps","$v":"Skladište aplikacije"},{"$i":"perm-device-storage-music","$v":"Skladište muzike"},{"$i":"perm-device-storage-music-appRequest","$v":[{"t":"idOrVar","v":"app"}," želi da pristupi Vašoj muzici."]},{"$i":"perm-device-storage-music-webRequest","$v":[{"t":"idOrVar","v":"site"}," želi da pristupi Vašoj muzici."]},{"$i":"perm-device-storage-pictures","$v":"Skladište slika"},{"$i":"perm-device-storage-pictures-appRequest","$v":[{"t":"idOrVar","v":"app"}," želi da pristupi Vašim slikama."]},{"$i":"perm-device-storage-pictures-webRequest","$v":[{"t":"idOrVar","v":"site"}," želi da pristupi Vašim slikama."]},{"$i":"perm-device-storage-sdcard","$v":"Skladište memorijske kartice"},{"$i":"perm-device-storage-sdcard-appRequest","$v":[{"t":"idOrVar","v":"app"}," želi da pristupi Vašoj memorijskoj kartici."]},{"$i":"perm-device-storage-sdcard-webRequest","$v":[{"t":"idOrVar","v":"site"}," želi da pristupi Vašoj memorijskoj kartici."]},{"$i":"perm-device-storage-videos","$v":"Skladište video snimaka"},{"$i":"perm-device-storage-videos-appRequest","$v":[{"t":"idOrVar","v":"app"}," želi da pristupi Vašim video snimcima."]},{"$i":"perm-device-storage-videos-webRequest","$v":[{"t":"idOrVar","v":"site"}," želi da pristupi Vašim video snimcima."]},{"$i":"perm-embed-apps","$v":"Ugrađene apl."},{"$i":"perm-fmradio","$v":"FM Radio"},{"$i":"perm-fmradio-appRequest","$v":[{"t":"idOrVar","v":"app"}," želi da koristi FM radio."]},{"$i":"perm-fmradio-webRequest","$v":[{"t":"idOrVar","v":"site"}," želi da koristi FM radio."]},{"$i":"perm-geolocation","$v":"Geolokacija"},{"$i":"perm-geolocation-appRequest","$v":[{"t":"idOrVar","v":"app"}," želi da zna Vašu lokaciju."]},{"$i":"perm-geolocation-more-info","$v":[{"t":"idOrVar","v":"brandShortName"}," koristi GPS podatke, Wi-Fi podatke i podatke mobilnih mreža u Vašoj blizini radi utvrđivanja Vaše približne lokacije. Podaci se šalju Mozilla fondaciji i ostalim pružaocima usluga i biće korišćeni za unapređivanje baze podataka sa lokacijama. Podaci mogu biti smešteni na Vašem uređaju a prikupljanje podataka može početi u bilo kom trenutku, čak i kada ni jedna aplikacija nije pokrenuta."]},{"$i":"perm-geolocation-webRequest","$v":[{"t":"idOrVar","v":"site"}," želi da zna Vašu lokaciju."]},{"$i":"perm-idle","$v":"Pogledaj status mirovanja"},{"$i":"perm-indexedDB-chrome-settings","$v":"Privilegovan IndexedDB"},{"$i":"perm-indexedDB-unlimited","$v":"Beskonačno IndexedDB skladišta"},{"$i":"perm-input-manage","$v":"Upravljaj tastaturama"},{"$i":"perm-input","$v":"Ponašaj se kao tastatura"},{"$i":"perm-media-capture","$v":"Kamera i mikrofon"},{"$i":"perm-media-capture-appRequest","$v":["Da li biste želeli da podelite Vašu kameru i mikrofon sa ",{"t":"idOrVar","v":"app"},"?"]},{"$i":"perm-media-capture-webRequest","$v":["Da li biste želeli da podelite Vašu kameru i mikrofon sa ",{"t":"idOrVar","v":"site"},"?"]},{"$i":"perm-mobileconnection","$v":"Mobilna veza"},{"$i":"perm-mobileid","$v":"Mobilni identitet"},{"$i":"perm-network-events","$v":"Mrežni događaji"},{"$i":"perm-open-remote-window","$v":"Pokreni aplikaciju"},{"$i":"perm-permissions","$v":"Izmeni ovlašćenja apl."},{"$i":"perm-power","$v":"Postavke za napajanje"},{"$i":"perm-settings","$v":"Izmeni postavke"},{"$i":"perm-systemXHR","$v":"Cross-Origin zahtev"},{"$i":"perm-telephony","$v":"Telefonija"},{"$i":"perm-video-capture","$v":"Kamera"},{"$i":"perm-video-capture-appRequest","$v":["Da li biste želeli da podelite Vašu kameru sa ",{"t":"idOrVar","v":"app"},"?"]},{"$i":"perm-video-capture-webRequest","$v":["Da li biste želeli da podelite Vašu kameru sa ",{"t":"idOrVar","v":"site"},"?"]},{"$i":"perm-voicemail","$v":"Upravljaj govornu poštu"},{"$i":"perm-webapps-manage","$v":"Instaliraj web apl."},{"$i":"perm-wifi-manage","$v":"Upravljaj Wi-Fi"},{"$i":"perm-attention","$v":"Otvori Overlay Popups"},{"$i":"perm-audio-channel-alarm","$v":"Reprodukuj zvuk alarma"},{"$i":"perm-audio-channel-normal","$v":"Reprodukuj zvuk"},{"$i":"perm-audio-channel-publicnotification","$v":"Reprodukuj zvukove javnog obaveštenja"},{"$i":"perm-audio-channel-telephony","$v":"Reprodukuj zvukove telefonije"},{"$i":"perm-backgroundservice","$v":"Ponašaj se kao pozadinski servis"},{"$i":"perm-device-storage-crashes","$v":"Skladište za podatke pada"},{"$i":"perm-downloads","$v":"Pristupi preuzimanjima"},{"$i":"perm-embed-widgets","$v":"Urgađeni Widget-i"},{"$i":"perm-feature-detection","$v":"Detekcija mogućnosti"},{"$i":"perm-firefox-accounts","$v":"Firefox nalozi"},{"$i":"perm-mobilenetwork","$v":"Mobilna mreža"},{"$i":"perm-moz-attention","$v":"Otvori Overlay Popups (moz)"},{"$i":"perm-moz-audio-channel-ringer","$v":"Reprodukuj zvuk alarma (moz)"},{"$i":"perm-moz-audio-channel-telephony","$v":"Reprodukuj zvukove telefonije (moz)"},{"$i":"perm-moz-firefox-accounts","$v":"Firefox nalozi (moz)"},{"$i":"perm-networkstats-manage","$v":"Kontroliši statistiku korišćenja"},{"$i":"perm-nfc","$v":"NFC"},{"$i":"perm-nfc-hci-events","$v":"NFC HCI događaji"},{"$i":"perm-nfc-manager","$v":"Upravljaj NFC"},{"$i":"perm-phonenumberservice","$v":"Telefonski broj servisa"},{"$i":"perm-push","$v":"Push API"},{"$i":"perm-resourcestats-manage","$v":"Statistka resursa"},{"$i":"perm-sms","$v":"Pošalji i pročitaj SMS"},{"$i":"perm-speaker-control","$v":"Kontroliši jačinu zvuka"},{"$i":"perm-storage","$v":"Pristupi skladištu"},{"$i":"perm-tcp-socket","$v":"TCP soketi"},{"$i":"perm-test-permission","$v":"Ovlašćenje za test"},{"$i":"perm-time","$v":"Postavi datum i vreme"},{"$i":"perm-udp-socket","$v":"UDP soketi"},{"$i":"perm-wappush","$v":"WAP Push"},{"$i":"tz-region","$v":"Region"},{"$i":"tz-city","$v":"Grad"},{"$i":"tzRegion-Africa","$v":"Afrika"},{"$i":"tzRegion-America","$v":"Amerika"},{"$i":"tzRegion-Antarctica","$v":"Antarktik"},{"$i":"tzRegion-Asia","$v":"Azija"},{"$i":"tzRegion-Atlantic","$v":"Atlantski okean"},{"$i":"tzRegion-Australia","$v":"Australija"},{"$i":"tzRegion-Europe","$v":"Evropa"},{"$i":"tzRegion-Indian","$v":"Indijski okean"},{"$i":"tzRegion-Pacific","$v":"Pacifik"},{"$i":"ringtone-none","$v":"Nijedan"},{"$i":"ringer_bubble","$v":"Bubble"},{"$i":"ringer_chimer","$v":"Chimer"},{"$i":"ringer_cunning","$v":"Cunning"},{"$i":"ringer_dulco","$v":"Dulco"},{"$i":"ringer_firefox2","$v":[{"t":"idOrVar","v":"ringtoneBrandName"}]},{"$i":"ringer_garden","$v":"Garden"},{"$i":"ringer_marbled","$v":"Marbled"},{"$i":"ringer_opti","$v":"Opti"},{"$i":"ringer_pecko","$v":"Pecko"},{"$i":"ringer_pingy","$v":"Pingy"},{"$i":"ringer_poppop","$v":"Pop Pop"},{"$i":"ringer_sata","$v":"Sata"},{"$i":"ringer_simple","$v":"Clean"},{"$i":"ringer_standard1","$v":"Classic"},{"$i":"ringer_standard2","$v":"Classic Fast"},{"$i":"ringer_stutter","$v":"Stutter"},{"$i":"ringer_symmetry","$v":"Symmetry"},{"$i":"ringer_tailwind","$v":"Tail Wind"},{"$i":"ringer_thoughtful","$v":"Thoughtful"},{"$i":"ringer_wit","$v":"Wit"},{"$i":"ringer_zen","$v":"Zen"},{"$i":"notifier_bells","$v":"Bells"},{"$i":"notifier_bloom","$v":"Bloom"},{"$i":"notifier_chime","$v":"Chime"},{"$i":"notifier_clicka","$v":"Clicka"},{"$i":"notifier_digi","$v":"Digi"},{"$i":"notifier_dropplet","$v":"Dropplet"},{"$i":"notifier_firefox2","$v":[{"t":"idOrVar","v":"ringtoneBrandName"}]},{"$i":"notifier_hello","$v":"Hello"},{"$i":"notifier_lowmarble","$v":"Low Marble"},{"$i":"notifier_ping","$v":"Ping"},{"$i":"notifier_plickle","$v":"Plickle"},{"$i":"notifier_pocko","$v":"Pocko"},{"$i":"notifier_quado","$v":"Quado"},{"$i":"notifier_red","$v":"Red"},{"$i":"notifier_sato","$v":"Sato"},{"$i":"notifier_swipo","$v":"Swipo"},{"$i":"notifier_trickleup","$v":"Trickle Up"},{"$i":"notifier_trink","$v":"Trink"},{"$i":"notifier_verse","$v":"Verse"},{"$i":"settings","$v":"Postavke"},{"$i":"advancedSettings","$v":"Napredne postavke"},{"$i":"default","$v":"Podrazumevano"},{"$i":"enabled","$v":"Omogućeno"},{"$i":"enable","$v":"Omogući"},{"$i":"disabled","$v":"Onemogućeno"},{"$i":"error","$v":"Greška"},{"$i":"ok","$v":"U redu"},{"$i":"yes","$v":"Da"},{"$i":"no","$v":"Ne"},{"$i":"reset","$v":"Resetuj"},{"$i":"cancel","$v":"Odustani"},{"$i":"close","$v":"Zatvori"},{"$i":"back","$v":"Nazad"},{"$i":"continue","$v":"Nastavi"},{"$i":"skip","$v":"Preskoči"},{"$i":"pair","$v":"Upari"},{"$i":"add","$v":"Dodaj"},{"$i":"done","$v":"Gotovo"},{"$i":"set","$v":"Postavi"},{"$i":"notNow","$v":"Ne sada"},{"$i":"turnOn","$v":"Uključi"},{"$i":"selectASIMCard","$v":"Odaberite SIM karticu"},{"$i":"sim1","$v":"SIM 1"},{"$i":"sim2","$v":"SIM 2"},{"$i":"unavailable","$v":"Nije dostupno"},{"$i":"confirmation","$v":"Potvrda"},{"$i":"simSettingsWithIndex","$v":["SIM ",{"t":"idOrVar","v":"index"}," postavke"]},{"$i":"networkAndConnectivity","$v":"Mreža i povezivanje"},{"$i":"airplaneMode","$v":"U avionu"},{"$i":"geolocation","$v":"Geolokacija"},{"$i":"wifi","$v":"Wi-Fi"},{"$i":"wifi-header","$v":[{"t":"idOrVar","v":"wifi"}]},{"$i":"wifi-disabled","$v":"Uključite Wi-Fi za pregled dostupnih mreža."},{"$i":"availableNetworks","$v":"Dostupne mreže"},{"$i":"knownNetworks","$v":"Poznate mreže"},{"$i":"hiddenNetworks","$v":"Skrivene mreže"},{"$i":"scanning","$v":"Pretraživanje…"},{"$i":"scanNetworks","$v":"Traži ponovo"},{"$i":"fullStatus-initializing","$v":"Pokretanje…"},{"$i":"fullStatus-connecting","$v":["Povezivanje na ",{"t":"idOrVar","v":"ssid"},"…"]},{"$i":"fullStatus-associated","$v":"Dobavljanje IP adrese…"},{"$i":"fullStatus-connected","$v":["Povezano sa ",{"t":"idOrVar","v":"ssid"}]},{"$i":"fullStatus-connectingfailed","$v":"Povezivanje nije uspelo"},{"$i":"fullStatus-disconnected","$v":"Van mreže"},{"$i":"shortStatus-connecting","$v":"Povezivanje…"},{"$i":"shortStatus-associated","$v":"Dobavljanje IP adrese…"},{"$i":"shortStatus-connected","$v":"Povezan"},{"$i":"shortStatus-connectingfailed","$v":"Povezivanje nije uspelo"},{"$i":"shortStatus-disconnected","$v":"Rad van mreže"},{"$i":"wifi-sleep","$v":"Wi-Fi spavanje"},{"$i":"wifi-sleep-description","$v":"Omogućite da bi se Wi-Fi automatski isključio tokom režima spavanja radi čuvanja baterije.  "},{"$i":"manageNetworks","$v":"Upravljanje mrežama"},{"$i":"wifi-bad-credentials-title","$v":"Neuspešno povezivanje na Wi-Fi"},{"$i":"wifi-bad-credentials-confirm","$v":["Ne mogu se povezati na ",{"t":"idOrVar","v":"ssid"},", autentifikacija nije uspela zbog loših akreditiva. Molimo ponovo unesite lozinku mreže."]},{"$i":"manageNetworks-header","$v":[{"t":"idOrVar","v":"manageNetworks"}]},{"$i":"manageCertificates","$v":"Upravljanje sertifikatima"},{"$i":"manageCert","$v":"Upravljanje sert."},{"$i":"joinHiddenNetwork","$v":"Spoji se na skrivenu mrežu"},{"$i":"securedBy","$v":["Obezbeđena uz pomoć ",{"t":"idOrVar","v":"capabilities"}]},{"$i":"security","$v":"Bezbednost"},{"$i":"securityNone","$v":"Bez"},{"$i":"securityOpen","$v":"Otvorena"},{"$i":"notInRange","$v":"Nije u dometu"},{"$i":"ipAddress","$v":"IP adresa"},{"$i":"linkSpeed","$v":"Brzina veze"},{"$i":"linkSpeedMbs","$v":[{"t":"idOrVar","v":"linkSpeed"}," Mbit/s"]},{"$i":"signalStrength","$v":"Jačina signala"},{"$i":"signalLevel0","$v":"Vrlo slab"},{"$i":"signalLevel1","$v":"Slab"},{"$i":"signalLevel2","$v":"Prosečan"},{"$i":"signalLevel3","$v":"Dobar"},{"$i":"signalLevel4","$v":"Vrlo dobar"},{"$i":"forget","$v":"Zaboravi"},{"$i":"forgetNetwork-dialog","$v":"Zaboraviti mrežu?"},{"$i":"forgetNetwork-confirmation","$v":"Potvrda"},{"$i":"authentication","$v":"Prijava"},{"$i":"authentication-header","$v":[{"t":"idOrVar","v":"authentication"}]},{"$i":"eap","$v":"EAP metoda"},{"$i":"auth-phase2","$v":"Faza 2 autentifikacije"},{"$i":"server-certificate","$v":"Sertifikat servera"},{"$i":"import-certificate-msg","$v":"Obaveštenje: Ako trebate da uvezete nove sertifikate, molim Vas idite na \"Upravljanje sertifikatima\"."},{"$i":"identity","$v":"Identifikator"},{"$i":"password","$v":"Lozinka"},{"$i":"showPassword","$v":"Prikaži lozinku"},{"$i":"networkNotification","$v":"Obaveštenja o mreži"},{"$i":"networkNotification-expl","$v":"Obavesti me kad ima dostupnih otvorenih mreža"},{"$i":"macAddress","$v":"MAC adresa"},{"$i":"deviceInfo_software","$v":[{"t":"idOrVar","v":"brandShortName"}," ",{"t":"idOrVar","v":"os"}]},{"$i":"macUnavailable","$v":"Nije dostupno"},{"$i":"noNetworksFound","$v":"Nema pronađene mreže"},{"$i":"noKnownNetworks","$v":"Nema poznatih mreža"},{"$i":"edit","$v":"Uredi"},{"$i":"certificateList","$v":"Lista sertifikata"},{"$i":"noCertificate","$v":"Nema uvezenog sertifikata"},{"$i":"deleteCertificate","$v":"Obriši sertifikat"},{"$i":"importCertificate","$v":"Uvezi sertifikat"},{"$i":"selectCertificateFile","$v":"Izaberi sertifikat"},{"$i":"enterCertificateNickname","$v":"Unesite ime sertifikata"},{"$i":"nickname","$v":"Ime"},{"$i":"enter-certificate-name-msg","$v":"Možete promeniti ili zadržati podrazumevano ime."},{"$i":"certificate-deletion-failed","$v":"Brisanje sertifikata neuspešno"},{"$i":"certificate-deletion-failed-description","$v":"Ovo može biti do greške u skladištenju, na primer."},{"$i":"certificate-import-failed","$v":"Uvoz sertifikata neuspešan"},{"$i":"certificate-import-failed-description","$v":"Ovo može biti zbog oštećene datoteke sertifikata, na primer."},{"$i":"wpsMessage","$v":"WPS povezivanje"},{"$i":"wpsMessage-header","$v":[{"t":"idOrVar","v":"wpsMessage"}]},{"$i":"fullStatus-wps-inprogress","$v":"WPS je u toku…"},{"$i":"fullStatus-wps-canceled","$v":"WPS je otkazan"},{"$i":"fullStatus-wps-timedout","$v":"Isteklo je vreme za WPS"},{"$i":"fullStatus-wps-failed-error","$v":["WPS nije uspeo [",{"t":"idOrVar","v":"error"},"]"]},{"$i":"fullStatus-wps-overlapped","$v":"Još jedna WPS PBC pristupna tačka je pronađena"},{"$i":"wpsDescription2","$v":"Automatsko postavljanje Wi-Fi mreže"},{"$i":"wpsMethodSelection","$v":"Odredite način WPS-a:"},{"$i":"wpsPbcLabel","$v":"Veza dugmetom"},{"$i":"wpsMyPinLabel","$v":"Moja PIN veza"},{"$i":"wpsApPinLabel","$v":"AP PIN veza"},{"$i":"wpsPinDescription","$v":"PIN sadrži 4 ili 8 brojki"},{"$i":"wpsPinInput","$v":["Upišite ",{"t":"idOrVar","v":"pin"}," na drugi uređaj"]},{"$i":"wpsPinAps","$v":"Odaberite suprotni uređaj"},{"$i":"wpsAnyAp","$v":"Bilo koji"},{"$i":"wpsCancelMessage","$v":"Otkaži WPS"},{"$i":"wpsCancelFailedMessageError","$v":["Otkazivanje WPS-a nije uspelo [",{"t":"idOrVar","v":"error"},"]"]},{"$i":"callSettings","$v":"Postavke poziva"},{"$i":"callSettings-header","$v":[{"t":"idOrVar","v":"callSettings"}]},{"$i":"callSettingsQuery","$v":"Zatražujem informacije od mreže…"},{"$i":"callSettingsQueryError","$v":"Greška u upitu"},{"$i":"voiceMail","$v":"Govorna pošta"},{"$i":"voiceMail-header","$v":"Govorna po."},{"$i":"voiceMail-number","$v":"Broj govorne pošte"},{"$i":"voiceMail-number-notSet","$v":"Nije podešeno"},{"$i":"voicePrivacyMode","$v":"Režim privatnosti"},{"$i":"callWaiting","$v":"Poziv na čekanju"},{"$i":"confirmCallWaitingTitle","$v":"Neuspešna potvrda postavki poziva na čekanju"},{"$i":"confirmCallWaitingDesc","$v":"Uređaj trenutno nije u mogućnosti da se poveže sa operaterom. Pokušajte ponovo da podesite postavke."},{"$i":"callForwarding","$v":"Prosleđivanje poziva"},{"$i":"callForwarding-header","$v":"Prosleđivanje"},{"$i":"callForwardingForward","$v":"Prosledi"},{"$i":"callForwardingUnconditional","$v":"Uvek prosledi"},{"$i":"callForwardingUnconditionalShort","$v":"Uvek"},{"$i":"callForwardingMobileBusy","$v":"Prosledi pri zauzeću"},{"$i":"callForwardingMobileBusyShort","$v":"Pri zauzeću"},{"$i":"callForwardingNoReply","$v":"Prosledi kada se ne javim"},{"$i":"callForwardingNoReplyShort","$v":"Kad nema javljanja"},{"$i":"callForwardingNotReachable","$v":"Prosledi kada nedostupan"},{"$i":"callForwardingNotReachableShort","$v":"Kad nije dostupan"},{"$i":"callForwardingForwardingVoiceToNumber","$v":["Govorni pozivi ka ",{"t":"idOrVar","v":"number"}]},{"$i":"callForwardingNotForwarding","$v":"Onemogućeno"},{"$i":"callForwardingConfirmTitle","$v":"Potvrdna poruka za preusmeravanje poziva"},{"$i":"cf-alwaysUseThisNumber","$v":"Uvek koristi ovaj broj"},{"$i":"cf-numberWhenUnreachable","$v":"Broj kada nisam dostupan"},{"$i":"cf-numberWhenUnanswered","$v":"Broj kada ne odgovaram"},{"$i":"cf-numberWhenBusy","$v":"Broj kada sam zauzet"},{"$i":"callForwardingInvalidNumberError","$v":"Broj telefona nije ispravan."},{"$i":"callForwardingSetSuccess","$v":"Operacija je uspešno podešena."},{"$i":"callForwardingSetForbidden","$v":"Vaš operater ne podržava ovu mogućnost."},{"$i":"callForwardingSetError","$v":"Greška u postavkama poziva."},{"$i":"callerId","$v":"Prikaz poziva"},{"$i":"callBarring","$v":"Zabrana poziva"},{"$i":"callBarring-header","$v":[{"t":"idOrVar","v":"callBarring"}]},{"$i":"callBarring-outgoing","$v":"Odlazni pozivi"},{"$i":"callBarring-baoc","$v":"Svi"},{"$i":"callBarring-boic","$v":"Međunarodni"},{"$i":"callBarring-boicExhc","$v":"Međunarodni osim domaće države"},{"$i":"callBarring-incoming","$v":"Dolazni pozovi"},{"$i":"callBarring-baic","$v":"Svi"},{"$i":"callBarring-baicR","$v":"Svi dok u romingu"},{"$i":"callBarring-passcode","$v":"Lozinka"},{"$i":"callBarring-change-passcode","$v":"Promeni lozinku"},{"$i":"callBarring-passcode-enter","$v":"Unesi lozinku"},{"$i":"callBarring-passcode-unknown","$v":"U slučaju da ne znate lozinku, molimo da se obratite Vašem provajderu"},{"$i":"callBarring-current-passcode","$v":"Trenutna lozinka"},{"$i":"callBarring-new-passcode","$v":"Nova lozinka"},{"$i":"callBarring-create-passcode","$v":"Napravi lozinku"},{"$i":"callBarring-confirm-passcode","$v":"Potvrdi lozinku"},{"$i":"callBarring-passcode-error-generic","$v":"Greška lozinke."},{"$i":"callBarring-passcode-error-incorrect","$v":"Lozinka je netačna."},{"$i":"callBarring-passcode-error-mismatch","$v":"Lozinka se ne poklapa."},{"$i":"callBarring-update-item-error","$v":["Greška prilikom ažuriranja: ",{"t":"idOrVar","v":"error"},"."]},{"$i":"callBarring-change-passcode-success","$v":"Lozinka je promenjena."},{"$i":"callerId-default","$v":"Podrazumevana mreža"},{"$i":"callerId-hide","$v":"Sakrij broj"},{"$i":"callerId-show","$v":"Prikaži"},{"$i":"fdn","$v":"Fiksno biranje br."},{"$i":"fdnSettings","$v":"Fiksno biranje br."},{"$i":"fdnSettings-header","$v":"Fiksno biranje br."},{"$i":"fdn-authorizedNumbers","$v":"Ovlašćeni brojevi"},{"$i":"fdn-authorizedNumbers-header","$v":"Ovlašćeni br."},{"$i":"fdn-authorizedNumbers-desc","$v":"Lista brojeva koje je moguće zvati"},{"$i":"fdn-explanation1","$v":"Ograničite brojeve koji se mogu pozivati sa ovog telefona"},{"$i":"fdn-explanation2","$v":"(Brojevi hitnih službi biće uvek dostupni)"},{"$i":"fdnEnable","$v":"Omogući FDN"},{"$i":"fdnDisable","$v":"Onemogući FDN"},{"$i":"fdnReset","$v":"Resetuj PIN2"},{"$i":"fdnAttemptMsg3","$v":{"one":"Imate još jedan pokušaj za unos ispravne šifre pre zaključavanja SIM kartice.","two":["Imate još ",{"t":"idOrVar","v":"n"}," pokušaja za unos ispravne šifre pre zaključavanja SIM kartice."],"few":["Imate još ",{"t":"idOrVar","v":"n"}," pokušaja za unos ispravne šifre pre zaključavanja SIM kartice."],"many":["Imate još ",{"t":"idOrVar","v":"n"}," pokušaja za unos ispravne šifre pre zaključavanja SIM kartice."],"other":["Imate još ",{"t":"idOrVar","v":"n"}," pokušaja za unos ispravne šifre pre zaključavanja SIM kartice."]},"$x":[{"t":"idOrVar","v":"plural"},"n"]},{"$i":"fdnLastChanceMsg","$v":"Ovo je Vaša poslednja prilika da unesete ispravan PIN2, u suprotnom morate uneti PUK2 za ovu SIM karticu."},{"$i":"fdnErrorMsg","$v":"Šifra za PIN2 je netačna."},{"$i":"fdn-enabled-warning","$v":"FDN onemogućuje prosleđivanje poziva."},{"$i":"fdnContact-name","$v":"ime"},{"$i":"fdnContact-number","$v":"broj"},{"$i":"fdnContact-submit","$v":"potvrdi"},{"$i":"fdnAction-add","$v":"Dodaj kontakt"},{"$i":"fdnAction-call","$v":"Poziv"},{"$i":"fdnAction-edit","$v":"Uredi kontakt"},{"$i":"fdnAction-edit-header","$v":"Uredi kontakt"},{"$i":"fdnAction-delete","$v":"Obriši kontakt"},{"$i":"fdnNoFDNFreeRecord","$v":"Maksimalan FDN je dostignut. Ne možete dodati još brojeva."},{"$i":"messagingSettings","$v":"Postavke poruka"},{"$i":"messagingSettings-header","$v":[{"t":"idOrVar","v":"messagingSettings"}]},{"$i":"message-confirmation","$v":"Potvrda poruke"},{"$i":"message-delivery-reports","$v":"Izveštaji o dostavi"},{"$i":"message-delivery-reports-details","$v":"Zatraži obaveštenje o isporuci svake poslate poruke"},{"$i":"message-read-reports","$v":"Pročitaj izveštaje"},{"$i":"message-read-reports-details","$v":"Zahtevaj izveštaje za svaku poslatu poruku"},{"$i":"mmsTitle","$v":"Multimedijalne poruke (MMS)"},{"$i":"auto-retrieve","$v":"Dobavi automatski"},{"$i":"auto-retrieve-details","$v":"Automatski dobavi poruke"},{"$i":"manual-retrieve","$v":"Isključeno"},{"$i":"auto-roaming-retrieve","$v":"Uključeno u romingu"},{"$i":"auto-no-roaming-retrieve","$v":"Uključeno bez rominga"},{"$i":"autoConfigure","$v":"automatski podesi"},{"$i":"wapPushMessages","$v":"WAP Push poruke"},{"$i":"wapPush","$v":"WAP Push"},{"$i":"cellBroadcastMessages","$v":"Poruke info servisa"},{"$i":"cellBroadcast","$v":"Info servis"},{"$i":"emergencyAlert","$v":"Uzbuna"},{"$i":"messagingInformation","$v":"Informacije"},{"$i":"messaging-SMSC","$v":"Centar servisa"},{"$i":"messaging-sim-settings","$v":["SIM ",{"t":"idOrVar","v":"index"}," postavke"]},{"$i":"unknown-SMSC","$v":"Informacije nisu dostupne"},{"$i":"cellularAndData","$v":"Mobilne mreže"},{"$i":"cellularAndData-header","$v":[{"t":"idOrVar","v":"cellularAndData"}]},{"$i":"dataNetwork","$v":"Operater"},{"$i":"dataConnectivity","$v":"Prenos podataka"},{"$i":"dataConnection","$v":"Prenos podataka"},{"$i":"dataRoaming","$v":"Prenos pod. u rom."},{"$i":"networkOperator","$v":"Mrežni operater"},{"$i":"networkOperator-header","$v":[{"t":"idOrVar","v":"networkOperator"}]},{"$i":"availableOperators","$v":"Mrežni operateri u okolini"},{"$i":"preferredNetworkTypeAlertTitle","$v":"Željeni tip mreže"},{"$i":"preferredNetworkTypeAlertErrorMessage","$v":"Tip mreže se nije mogao postaviti"},{"$i":"operator-networkType","$v":"Vrsta mreže"},{"$i":"operator-networkType-auto","$v":"Automatski"},{"$i":"operator-networkType-prefer3G","$v":"Preferiraj 3G"},{"$i":"operator-networkType-2G","$v":"Samo 2G"},{"$i":"operator-networkType-3G","$v":"Samo 3G"},{"$i":"operator-networkType-GSM","$v":"GSM"},{"$i":"operator-networkType-WCDMA","$v":"WCDMA"},{"$i":"operator-networkType-CDMA","$v":"CDMA"},{"$i":"operator-networkType-EVDO","$v":"EVDO"},{"$i":"operator-networkType-LTE","$v":"LTE"},{"$i":"operator-networkType-preferWCDMA","$v":"WCDMA preferiran"},{"$i":"operator-networkType-auto-2G-3G","$v":"Automatski (2G/3G)"},{"$i":"operator-networkType-auto-CDMA-EVDO","$v":"Automatski (CDMA/EVDO)"},{"$i":"operator-networkType-auto-WCDMA-GSM","$v":"Automatski (WCDMA/GSM)"},{"$i":"operator-networkType-auto-LTE-WCDMA-GSM","$v":"Automatski (LTE/WCDMA/GSM)"},{"$i":"operator-networkType-auto-LTE-CDMA-EVDO","$v":"Automatski (LTE/CDMA/EVDO)"},{"$i":"operator-networkType-auto-WCDMA-GSM-CDMA-EVDO","$v":"Automatski(WCDMA/GSM/CDMA/EVDO)"},{"$i":"operator-autoSelect","$v":"Automatski odabir"},{"$i":"operator-networkSelect-auto","$v":"Automatsko"},{"$i":"operator-networkSelect-manual","$v":"Ručno"},{"$i":"operator-turnAutoSelectOff","$v":"Isključite automatski odabir za pregled dostupnih mrežnih operatera."},{"$i":"operator-status-connecting","$v":"Povezivanje…"},{"$i":"operator-status-connectingfailed","$v":"Povezivanje nije uspelo"},{"$i":"operator-status-connected","$v":"Povezan"},{"$i":"operator-roamingPreference","$v":"Postavke rominga"},{"$i":"operator-roamingPreference-home","$v":"Domaća"},{"$i":"operator-roamingPreference-any","$v":"Bilo koja"},{"$i":"operator-roamingPreference-affiliated","$v":"Partnerska"},{"$i":"apn","$v":"APN"},{"$i":"apnSettings","$v":"APN postavke"},{"$i":"apnSettings-header","$v":[{"t":"idOrVar","v":"apnSettings"}]},{"$i":"dataSettings","$v":"Veza podataka"},{"$i":"dataSettings-header","$v":[{"t":"idOrVar","v":"dataSettings"}]},{"$i":"suplSettings","$v":"A-GPS postavke"},{"$i":"suplSettings-header","$v":[{"t":"idOrVar","v":"suplSettings"}]},{"$i":"messageSettings","$v":"Postavke poruka"},{"$i":"messageSettings-header","$v":[{"t":"idOrVar","v":"messageSettings"}]},{"$i":"dunSettings","$v":"Postavke povezivanja"},{"$i":"dunSettings-header","$v":"Povezivanje"},{"$i":"imsSettings","$v":"IMS postavke"},{"$i":"imsSettings-header2","$v":[{"t":"idOrVar","v":"imsSettings"}]},{"$i":"apn-editor-header","$v":"APN editor"},{"$i":"mmsport","$v":"MMS port"},{"$i":"mmsproxy","$v":"MMS proksi"},{"$i":"mmsc","$v":"MMSC"},{"$i":"httpProxyHost","$v":"HTTP proksi hosta"},{"$i":"httpProxyPort","$v":"HTTP proksi porta"},{"$i":"custom","$v":"(nove postavke)"},{"$i":"apn-authType","$v":"Autentifikacija"},{"$i":"apn-authType-notDefined","$v":"Nije definisana"},{"$i":"apn-authType-none","$v":"Nepopunjena"},{"$i":"apn-authType-pap","$v":"PAP"},{"$i":"apn-authType-chap","$v":"CHAP"},{"$i":"apn-authType-papOrChap","$v":"PAP ili CHAP"},{"$i":"apn-protocol","$v":"Protokol"},{"$i":"apn-roaming-protocol","$v":"Roming protokol"},{"$i":"apn-protocol-notDefined","$v":"Nije definisan"},{"$i":"apn-protocol-ip","$v":"IPv4"},{"$i":"apn-protocol-ipv6","$v":"IPv6"},{"$i":"apn-protocol-ipv4v6","$v":"IPv4/IPv6"},{"$i":"apn-type","$v":"APN tip"},{"$i":"dataConnection-warning-head","$v":"Uključiti prenos podataka?"},{"$i":"dataConnection-warning-message","$v":"Aplikacija će samostalno preuzimati podatke preko internet veze kada je to potrebno. Može doći do dodatne naplate."},{"$i":"dataRoaming-warning-head","$v":"Uključiti roming podataka?"},{"$i":"dataRoaming-warning-message","$v":"U zavisnosti od Vašeg ugovora o uslugama, mogu biti uključeni dodatni troškovi za razmenu podataka kada ste u području rominga."},{"$i":"change-apn-warning-message1","$v":"U zavisnosti od Vašeg ugovora o uslugama, menjanje Vaše APN postavke može da dovede do dodatnih troškova u romingu. Da li želite da nastavite?"},{"$i":"reset-apn-warning-title","$v":"Resetuj na podrazumevano"},{"$i":"reset-apn-warning-message","$v":"Ovo resetuje postavke na podrazumevane vrednosti. Ovo se ne može opozvati."},{"$i":"state-unknown","$v":"Nepoznat status"},{"$i":"state-available","$v":"Dostupna"},{"$i":"state-connected","$v":"Povezan"},{"$i":"state-current","$v":"Povezan"},{"$i":"state-forbidden","$v":"Zabranjena"},{"$i":"delete-apn-confirm","$v":"Izbrisati ovaj APN?"},{"$i":"delete-apn","$v":"Izbriši"},{"$i":"add-apn","$v":"Dodaj novi APN"},{"$i":"reset-apn","$v":"Vrati na podrazumevano"},{"$i":"apnSettings-reset","$v":"Resetovanje APN postavki"},{"$i":"bluetooth","$v":"Bluetooth"},{"$i":"bluetooth-header","$v":[{"t":"idOrVar","v":"bluetooth"}]},{"$i":"bluetooth-enable-msg","$v":"Uključite Bluetooth za pregled uređaja u okolini."},{"$i":"bluetooth-paired-devices","$v":"Upareni uređaji"},{"$i":"bluetooth-devices-in-area","$v":"Uređaji u okolini"},{"$i":"bluetooth-visible-to-all","$v":"Vidljiv"},{"$i":"bluetooth-name-maxlength-alert","$v":["Ime Vašeg uređaja premašuje ",{"t":"idOrVar","v":"length"}," karaktera. Pokušajte ponovo."]},{"$i":"bluetooth-address","$v":"Bluetooth adresa"},{"$i":"bluetooth-address-unavailable","$v":"Nije dostupna"},{"$i":"bt-status-nopaired","$v":"Nema uparenih uređaja"},{"$i":"bt-status-turnoff","$v":"Isključen"},{"$i":"bt-status-paired","$v":{"zero":[{"t":"idOrVar","v":"name"}],"one":[{"t":"idOrVar","v":"name"},", i još +",{"t":"idOrVar","v":"n"}],"two":[{"t":"idOrVar","v":"name"},", i još +",{"t":"idOrVar","v":"n"}],"few":[{"t":"idOrVar","v":"name"},", i još +",{"t":"idOrVar","v":"n"}],"many":[{"t":"idOrVar","v":"name"},", i još +",{"t":"idOrVar","v":"n"}],"other":[{"t":"idOrVar","v":"name"},", i još +",{"t":"idOrVar","v":"n"}]},"$x":[{"t":"idOrVar","v":"plural"},"n"]},{"$i":"device-status-tap-connect","$v":"Pritisnite za povezivanje"},{"$i":"device-status-pairing","$v":"Uparivanje sa uređajem…"},{"$i":"device-status-waiting","$v":"Čekanje na drugi uređaj…"},{"$i":"device-status-paired","$v":"Upareno"},{"$i":"device-status-connecting","$v":"Povezivanje…"},{"$i":"device-status-connected","$v":"Povezan"},{"$i":"device-status-connected-media","$v":"Povezan na audio medija"},{"$i":"device-option-unpair","$v":"Raspari"},{"$i":"device-option-confirm","$v":"Potvrdi"},{"$i":"device-option-unpair-confirmation","$v":"Potvrdi"},{"$i":"device-option-unpair-device","$v":"Raskinuti vezu između dva uređaja?"},{"$i":"device-option-connect","$v":"Poveži"},{"$i":"device-option-disconnect","$v":"Prekini vezu"},{"$i":"search-for-device","$v":"Traženje uređaja…"},{"$i":"search-device","$v":"Traži uređaje"},{"$i":"rename-device","$v":"Preimenuj uređaj"},{"$i":"unnamed-device","$v":"Nepoznati uređaj"},{"$i":"change-phone-name-desc","$v":"Promenite naziv Vašeg uređaja koji se prikazuje na Vašem računaru"},{"$i":"bluetooth-new-name","$v":"Novo ime"},{"$i":"error-pair-title","$v":"Uparivanje nije moguće"},{"$i":"error-pair-pincode","$v":"Nije moguće upariti uređaje. Proverite da li je PIN ispravan."},{"$i":"error-pair-toofast","$v":"Nije moguće upariti uređaje. Previše zahteva."},{"$i":"error-connect-title","$v":"Neuspešno povezivanje uređaja"},{"$i":"error-connect-msg","$v":"Proverite da li je uređaj sa kojim pokušavate da se povežete u dometu i da li mu je uključen Bluetooth."},{"$i":"unpair-title","$v":"Raspariti povezan uređaj?"},{"$i":"unpair-msg","$v":"Trenutno ste povezani sa ovim uređajem. Rasparivanje će takođe i prekinuti vezu."},{"$i":"nfc","$v":"NFC"},{"$i":"SSIDCannotBeEmpty","$v":"SSID ne može biti prazan"},{"$i":"internetSharing","$v":"Deljenje interneta"},{"$i":"internetSharing-header","$v":[{"t":"idOrVar","v":"internetSharing"}]},{"$i":"internetSharing-usb","$v":"USB"},{"$i":"internetSharing-wifi","$v":"Wi-Fi"},{"$i":"wifi-hotspot","$v":"Wi-Fi hotspot"},{"$i":"wifi-name","$v":"Ime"},{"$i":"wifi-password","$v":"Lozinka"},{"$i":"wifi-security","$v":"Bezbednost"},{"$i":"usb-tethering","$v":"USB deljenje"},{"$i":"hotspotSettings","$v":"Hotspot postavke"},{"$i":"wifi-auth-username","$v":"Korisničko ime"},{"$i":"wifi-auth-password","$v":"Lozinka"},{"$i":"wifi-join-username","$v":"Korisničko ime"},{"$i":"wifi-join-password","$v":"Lozinka"},{"$i":"hotspotSettings-header","$v":[{"t":"idOrVar","v":"hotspotSettings"}]},{"$i":"ssid-name","$v":"SSID ime mreže"},{"$i":"hotspot-open","$v":"otvoreno"},{"$i":"hotspot-wpa-psk","innerHTML":"WPA (TKIP)"},{"$i":"hotspot-wpa2-psk","innerHTML":"WPA2 (AES)"},{"$i":"hotspot-password-desc","$v":"Lozinka mora da sadrži barem 8 karaktera."},{"$i":"personalization","$v":"Personalizacija"},{"$i":"sound","$v":"Zvuk"},{"$i":"sound-header","$v":[{"t":"idOrVar","v":"sound"}]},{"$i":"volume","$v":"Glasnoća"},{"$i":"tones","$v":"Zvuci"},{"$i":"touch-tones","$v":"Tonovi pritiska"},{"$i":"touch-tone-short","$v":"Kratki"},{"$i":"touch-tone-long","$v":"Dugi"},{"$i":"select-tone","$v":"Odaberi zvuk"},{"$i":"ringtones","$v":"Melodije"},{"$i":"alerts","$v":"Zvuci upozorenja"},{"$i":"manage-tones","$v":"Upravljanje zvucima"},{"$i":"other-sounds","$v":"Ostali zvuci"},{"$i":"unlock-screen","$v":"Otključavanje ekrana"},{"$i":"camera","$v":"Kamera"},{"$i":"sent-message","$v":"Poruka poslata"},{"$i":"alarm-sound","$v":"Budilnik"},{"$i":"ringtone-and-notification-sound","$v":"Melodije i obaveštenja"},{"$i":"media-sound","$v":"Medija"},{"$i":"saving-tone","$v":"Snimanje…"},{"$i":"no-ringtone-app","$v":"Ne možemo da nađemo aplikaciju za upravljanje sa melodijama!"},{"$i":"display","$v":"Ekran"},{"$i":"display-header","$v":[{"t":"idOrVar","v":"display"}]},{"$i":"brightness","$v":"Svetlina"},{"$i":"brightness-autoAdjust","$v":"Prilagodi automatski"},{"$i":"lockScreen","$v":"Zaključan ekran"},{"$i":"wallpaper","$v":"Pozadinska slika"},{"$i":"screen-timeout","$v":"Vreme gašenja ekrana"},{"$i":"one-minute","$v":"1 minut"},{"$i":"two-minutes","$v":"2 minuta"},{"$i":"five-minutes","$v":"5 minuta"},{"$i":"ten-minutes","$v":"10 minuta"},{"$i":"never","$v":"nikad"},{"$i":"lock-orientation","$v":"Promena orijent."},{"$i":"navigation","$v":"Navigacija"},{"$i":"navigation-header","$v":[{"t":"idOrVar","v":"navigation"}]},{"$i":"edge-swipe-navigation","$v":"Pokreti na ivicama"},{"$i":"edge-swipe-navigation-enable-msg","$v":"Prevucite sa leve na desnu stranu ekrana da se krećete između aplikacija."},{"$i":"notifications","$v":"Obaveštenja"},{"$i":"notifications-header","$v":[{"t":"idOrVar","v":"notifications"}]},{"$i":"lockscreen-notifications","$v":"Prikaz na zak. ekranu"},{"$i":"notifications-resend","$v":"Prikaz nakom restarta"},{"$i":"dateAndTime","$v":"Datum i vreme"},{"$i":"dateAndTime-header","$v":[{"t":"idOrVar","v":"dateAndTime"}]},{"$i":"setTimeAutomatically","$v":"Podesi automatski"},{"$i":"setTimeManually","$v":"Podesi ručno"},{"$i":"timezoneMessage","$v":"Vremenska zona"},{"$i":"dateMessage","$v":"Datum"},{"$i":"timeMessage","$v":"Vreme"},{"$i":"selectTimezoneContinent","$v":"Odaberi kontinent"},{"$i":"selectTimezone","$v":"Odaberi vremensku zonu"},{"$i":"time-format","$v":"Format"},{"$i":"time-format-time","$v":"Format vremena"},{"$i":"hour-12","$v":"12-sata"},{"$i":"hour-24","$v":"24-sata"},{"$i":"languageAndRegion","$v":"Jezik i region"},{"$i":"language","$v":"Jezik"},{"$i":"language-header","$v":[{"t":"idOrVar","v":"language"}]},{"$i":"region","$v":"Region"},{"$i":"more-languages","$v":"Nabavi još jezika"},{"$i":"sample-format","$v":"Uzorak sa oblikom"},{"$i":"longDateFormat","$v":"%A, %d %B %Y"},{"$i":"simManager","$v":"SIM upravljač"},{"$i":"simManager-header","$v":[{"t":"idOrVar","v":"simManager"}]},{"$i":"simSettings","$v":"SIM postavke"},{"$i":"sim-manager-outgoing-calls","$v":"Odlazni pozivi"},{"$i":"sim-manager-outgoing-call-desc","$v":"Pozivi će biti poslati sa"},{"$i":"sim-manager-outgoing-messages","$v":"Odlazne poruke"},{"$i":"sim-manager-outgoing-messages-desc","$v":"SMS će biti poslat sa"},{"$i":"sim-manager-outgoing-data","$v":"Podaci"},{"$i":"sim-manager-outgoing-data-description","$v":"Servis podataka mreže i Marketplace plaćanja"},{"$i":"sim-manager-always-ask","$v":"Uvek pitaj"},{"$i":"sim-pin-locked","$v":"SIM PIN zaključan"},{"$i":"no-operator","$v":"Nema operatera"},{"$i":"cant-disable-simcard-alert","$v":"Bar jedna SIM kartica treba da je aktivirana"},{"$i":"disable-simcard-confirm","$v":["SIM ",{"t":"idOrVar","v":"disableCardIndex"}," ne može da primi pozive i poruke. Odlazni pozivi i poruke koje su postavljene na SIM ",{"t":"idOrVar","v":"disableCardIndex"}," će biti onemogućene."]},{"$i":"change-outgoing-data-confirm","$v":"Tekući prenos podataka će biti prekinut. Nastaviti bez obzira?"},{"$i":"homescreen","$v":"Početni ekran"},{"$i":"vertical-homescreen-header","$v":"Početni ekran"},{"$i":"vertical-homescreen-layout","$v":"Raspored"},{"$i":"vertical-homescreen-icon-layout","$v":"Raspored ikonica"},{"$i":"vertical-homescreen-three-columns","$v":"Tri kolone"},{"$i":"vertical-homescreen-four-columns","$v":"Četiri kolona"},{"$i":"notice","$v":"Napomena"},{"$i":"search","$v":"Pretraga"},{"$i":"search-header","$v":"Pretraga"},{"$i":"search-engine","$v":"Pretraživač"},{"$i":"search-suggestions","$v":"Predlozi pretrage"},{"$i":"search-suggestions-description","$v":"Karakteri koje kucate pri unošenju pojma pretrage se šalju provajderima pretrage i biće iskorišćeni da Vam se pošalju predlozi pretrage. Pri korišćenju ove mogućnosti može doći do dodatne naplate mobilne mreže."},{"$i":"homescreens","$v":"Početni ekrani"},{"$i":"homescreens-header","$v":[{"t":"idOrVar","v":"homescreens"}]},{"$i":"changeHomescreen","$v":"Promeni početni ekran"},{"$i":"changeHomescreenButton","$v":"Promeni"},{"$i":"description","$v":"Opis"},{"$i":"keyboardSettings","$v":"Postavke tastature"},{"$i":"selectedKeyboards","$v":"Odabrane tastature"},{"$i":"keyboards","$v":"Tastature"},{"$i":"keyboards-header","$v":[{"t":"idOrVar","v":"keyboards"}]},{"$i":"numberKeyboardLayouts","$v":"Rasporedi brojeva"},{"$i":"optionKeyboardLayouts","$v":"Rasporedi opcija"},{"$i":"keypad","$v":"Tastatura"},{"$i":"dialpad","$v":"Numerička tastatura"},{"$i":"selectKeyboards","$v":"Odaberi tastature"},{"$i":"selectKeyboards-header","$v":[{"t":"idOrVar","v":"selectKeyboards"}]},{"$i":"mustHaveOneKeyboard","$v":["Barem jedna ",{"t":"idOrVar","v":"type"}," tastatura mora biti izabrana "]},{"$i":"keyboardType-text","$v":"tekst"},{"$i":"keyboardType-url","$v":"url"},{"$i":"keyboardType-number","$v":"brojevi"},{"$i":"defaultKeyboardEnabled","$v":[{"t":"idOrVar","v":"appName"}," ",{"t":"idOrVar","v":"layoutName"}," je postavljen kao podrazumevani način unosa"]},{"$i":"themes","$v":"Teme"},{"$i":"themes-header","$v":[{"t":"idOrVar","v":"themes"}]},{"$i":"fxa","$v":"Firefox nalozi"},{"$i":"accounts","$v":"Nalozi"},{"$i":"fxa-accounts","$v":"Firefox nalozi"},{"$i":"fxa-accounts-header","$v":[{"t":"idOrVar","v":"fxa-accounts"}]},{"$i":"fxa-overview","$v":"Vaš Firefox nalog omogućuje da koristite mogućnosti poput Pronađi moj uređaj i aplikacije poput Firefox Marketplace."},{"$i":"fxa-invitation","$v":"Napravi nalog ili se prijavi"},{"$i":"fxa-confirm-account","$v":"Potvrdite Vaš nalog"},{"$i":"fxa-verification-email-sent-msg","$v":["Poslaćemo e-poštu na: ",{"t":"idOrVar","v":"email"}]},{"$i":"fxa-please-verify","$v":"Kliknite na vezu za verifikaciju u Vašoj e-pošti da biste potvrdili Vaš nalog."},{"$i":"fxa-cancel-confirmation","$v":"Otkaži potvrdu naloga"},{"$i":"fxa-resend-alert","$v":["Veza za potvrdu je poslata na ",{"t":"idOrVar","v":"email"},"."]},{"$i":"fxa-dont-see-email","$v":["Ne vidite e-poštu? ",{"t":"idOrVar","v":"resend"},"."]},{"$i":"fxa-resend","$v":"Ponovo pošalji"},{"$i":"fxa-about","$v":"O"},{"$i":"fxa-logged-in-text","$v":["Prijavljen kao ",{"t":"idOrVar","v":"email"}]},{"$i":"fxa-signed-in-header","$v":"Prijavi se na"},{"$i":"fxa-marketplace-app","$v":"Marketplace"},{"$i":"fxa-find-my-device-app","$v":"Pronađi moj uređaj"},{"$i":"fxa-options","$v":"Opcije"},{"$i":"fxa-sign-out","$v":"Odjavi se"},{"$i":"fxa-confirm-email","$v":["Molim potvrdite ",{"t":"idOrVar","v":"email"}]},{"$i":"findmydevice","$v":"Pronađi moj uređaj"},{"$i":"findmydevice-create-account","$v":"Napravi nalog ili se prijavi"},{"$i":"findmydevice-enable","$v":"Omogući PMU "},{"$i":"findmydevice-about","$v":"O Pronađi moj uređaj"},{"$i":"findmydevice-enable-geolocation-prompt","$v":"Uključiti geolokaciju?"},{"$i":"findmydevice-enable-geolocation-description","$v":"Da biste videli lokaciju Vašeg uređaja, morate uključiti praćenje geolokacije."},{"$i":"findmydevice-geolocation-enabled","$v":"Geolokacija uključena"},{"$i":"findmydevice-enable-network","$v":"Ovaj uređaj je trenutno van mreže. Povežite se na mrežu i pokušajte ponovo."},{"$i":"findmydevice-error","$v":"Došlo je do greške kod mogućnosti Pronađi moj uređaj."},{"$i":"findmydevice-please-try","$v":"Molimo pokušajte ponovo."},{"$i":"findmydevice-please-tap","$v":"Molimo pritisnite da biste pokušali ponovo."},{"$i":"privacyAndSecurity","$v":"Privatnost i bezbednost"},{"$i":"passcode-lock","$v":"Traži lozinku"},{"$i":"passcode-lock-desc","$v":["Lozinka: ",{"t":"idOrVar","v":"code"}]},{"$i":"screenLock","$v":"Zaključavanje ekrana"},{"$i":"screenLock-header","$v":[{"t":"idOrVar","v":"screenLock"}]},{"$i":"simSecurity","$v":"SIM bezbednost"},{"$i":"simSecurity-header","$v":[{"t":"idOrVar","v":"simSecurity"}]},{"$i":"appPermissions","$v":"Ovlašćenja apl."},{"$i":"appPermissions-header","$v":[{"t":"idOrVar","v":"appPermissions"}]},{"$i":"author","$v":"Autor"},{"$i":"permissions","$v":"Ovlašćenja"},{"$i":"revoke","$v":"Ukini"},{"$i":"ask","$v":"Pitaj"},{"$i":"deny","$v":"Odbij"},{"$i":"allow","$v":"Odobri"},{"$i":"uninstallApp","$v":"Ukloni aplikaciju"},{"$i":"phone","$v":"Telefon"},{"$i":"messages","$v":"Poruke"},{"$i":"vibrate","$v":"Vibracija"},{"$i":"ring","$v":"Zvono"},{"$i":"change","$v":"Izmeni"},{"$i":"create","$v":"Kreiraj"},{"$i":"create-a-passcode","$v":"Kreirajte lozinku"},{"$i":"passcode","$v":"Lozinka"},{"$i":"passcode-heading","$v":"Lozinka"},{"$i":"enter-passcode","$v":"Unesite lozinku"},{"$i":"new-passcode","$v":"Nova lozinka"},{"$i":"current-passcode","$v":"Trenutna lozinka"},{"$i":"incorrect-passcode","$v":"Lozinka je netačna"},{"$i":"passcode-doesnt-match","$v":"Lozinka nije odgovarajuća. Pokušajte ponovo."},{"$i":"confirm-passcode","$v":"Potvrdite lozinku"},{"$i":"immediately","$v":"Odmah"},{"$i":"after-one-minute","$v":"Posle 1 minuta"},{"$i":"after-five-minutes","$v":"Posle 5 minuta"},{"$i":"after-fifteen-minutes","$v":"Posle 15 minuta"},{"$i":"after-thirty-minutes","$v":"Posle 30 minuta"},{"$i":"after-one-hour","$v":"Posle 1 sata"},{"$i":"require-passcode","$v":"Zahtevaj lozinku"},{"$i":"change-passcode","$v":"Izmeni lozinku"},{"$i":"noSimCard","$v":"Nema SIM kartice"},{"$i":"simPin","$v":"SIM PIN"},{"$i":"simPin2","$v":"SIM PIN2"},{"$i":"simPinWithIndex","$v":["SIM ",{"t":"idOrVar","v":"index"}," PIN"]},{"$i":"pukCode","$v":"PUK kod"},{"$i":"puk2Code","$v":"PUK2 kod"},{"$i":"whatIsSimPin","$v":"Šta je SIM PIN?"},{"$i":"simPinIntro1","$v":"SIM PIN sprečava pristup mobilnim mrežnim podacima SIM kartice. Kada je omogućen, bilo koji uređaj sa utaknutom SIM karticom će tražiti PIN pri ponovnom uključivanju."},{"$i":"simPinIntro2","$v":"SIM PIN nije isto što i lozinka koja se koristi za otključavanje uređaja."},{"$i":"changeSimPin","$v":"Promeni PIN"},{"$i":"simPinChangedSuccessfully","$v":"SIM PIN uspešno izmenjen"},{"$i":"simPinChangedSuccessfullyWithIndex","$v":["SIM ",{"t":"idOrVar","v":"index"}," PIN uspešno izmenjen"]},{"$i":"pinTitle","$v":"Upišite PIN"},{"$i":"pin2Title","$v":"Upišite PIN2"},{"$i":"pukTitle","$v":"Upišite PUK "},{"$i":"puk2Title","$v":"Upišite PUK2"},{"$i":"newpinTitle","$v":"Novi PIN"},{"$i":"inputCodeRetriesLeft","$v":{"one":"poslednji pokušaj.","two":[{"t":"idOrVar","v":"n"}," pokušaja ostalo."],"few":[{"t":"idOrVar","v":"n"}," pokušaja ostalo."],"many":[{"t":"idOrVar","v":"n"}," pokušaja ostalo."],"other":[{"t":"idOrVar","v":"n"}," pokušaja ostalo."]},"$x":[{"t":"idOrVar","v":"plural"},"n"]},{"$i":"pinAttemptMsg3","$v":{"one":"Imate još jedan pokušaj da unesete ispravan kod pre nego što Vam se zaključa SIM kartica.","two":["Imate još ",{"t":"idOrVar","v":"n"}," pokušaja da unesete ispravan kod pre nego što Vam se zaključa SIM kartica."],"few":["Imate još ",{"t":"idOrVar","v":"n"}," pokušaja da unesete ispravan kod pre nego što Vam se zaključa SIM kartica."],"many":["Imate još ",{"t":"idOrVar","v":"n"}," pokušaja da unesete ispravan kod pre nego što Vam se zaključa SIM kartica."],"other":["Imate još ",{"t":"idOrVar","v":"n"}," pokušaja da unesete ispravan kod pre nego što Vam se zaključa SIM kartica."]},"$x":[{"t":"idOrVar","v":"plural"},"n"]},{"$i":"pinLastChanceMsg","$v":"Ovo je poslednja prilika da unesete ispravan PIN. U suprotnom, morate uneti PUK šifru da bi koristili ovu SIM karticu."},{"$i":"simCardLockedMsg","$v":"SIM kartica je zaključana."},{"$i":"simCardBlockedMsg","$v":"SIM kartica je blokirana."},{"$i":"enterPukMsg","$v":"Morate upisati PUK (Personal Unlocking Key) kod za SIM karticu. Pogledajte dokumentaciju Vaše SIM kartice ili se obratite Vašem operateru za pomoć."},{"$i":"enterPuk2Msg","$v":"Morate upisati PUK2 (Personal Unlocking Key) kod za SIM karticu. Pogledajte dokumentaciju Vaše SIM kartice ili se obratite Vašem operateru za pomoć. "},{"$i":"pukErrorMsg","$v":"PUK kod je netačan."},{"$i":"pukAttemptMsg3","$v":{"one":"Imate još jedan pokušaj da unesete ispravan kod pre nego što Vam se trajno zaključa SIM kartica. Pogledajte dokumentaciju koju ste dobili uz SIM karticu ili kontaktirajte mrežnog operatera za više informacija.","two":["Imate još ",{"t":"idOrVar","v":"n"}," pokušaja da unesete ispravan kod pre nego što Vam se trajno zaključa SIM kartica. Pogledajte dokumentaciju koju ste dobili uz SIM karticu ili kontaktirajte mrežnog operatera za više informacija."],"few":["Imate još ",{"t":"idOrVar","v":"n"}," pokušaja da unesete ispravan kod pre nego što Vam se trajno zaključa SIM kartica. Pogledajte dokumentaciju koju ste dobili uz SIM karticu ili kontaktirajte mrežnog operatera za više informacija."],"many":["Imate još ",{"t":"idOrVar","v":"n"}," pokušaja da unesete ispravan kod pre nego što Vam se trajno zaključa SIM kartica. Pogledajte dokumentaciju koju ste dobili uz SIM karticu ili kontaktirajte mrežnog operatera za više informacija."],"other":["Imate još ",{"t":"idOrVar","v":"n"}," pokušaja da unesete ispravan kod pre nego što Vam se trajno zaključa SIM kartica. Pogledajte dokumentaciju koju ste dobili uz SIM karticu ili kontaktirajte mrežnog operatera za više informacija."]},"$x":[{"t":"idOrVar","v":"plural"},"n"]},{"$i":"pukLastChanceMsg","$v":"Poslednja prilika za unos tačne PUK šifre. Ova SIM kartica će postati trajno neupotrebljiva ako unesete pogrešnu PUK šifru. Pogledajte uputstvo Vaše SIM kartice, ili se obratite Vašem operateru za više informacija."},{"$i":"newSimPinMsg","$v":"Napravite novi PIN (mora sadržati od 4 do 8 brojeva)"},{"$i":"newSimPin2Msg","$v":"Napravite novi PIN2 (mora sadržati od 4 do 8 brojeva)"},{"$i":"confirmNewSimPinMsg","$v":"Potvrdite novi PIN"},{"$i":"confirmNewSimPin2Msg","$v":"Potvrdite novi PIN2"},{"$i":"newPinErrorMsg","$v":"PIN-ovi se ne poklapaju"},{"$i":"simLockedPhone","$v":"SIM-zaključan telefon "},{"$i":"unknownSimCardState","$v":"Nepoznat status SIM kartice"},{"$i":"simCardNotReady","$v":"SIM kartica nije spremna"},{"$i":"simCardIllegal","$v":"Neovlašćena SIM kartica"},{"$i":"doNotTrack","$v":"Ne želim da me prate"},{"$i":"doNotTrack-header","$v":[{"t":"idOrVar","v":"doNotTrack"}]},{"$i":"doNotTrackActions","$v":"Obavesti veb sajtove i aplikacije da ne želim da budem praćen"},{"$i":"allowTracking","$v":"Obavesti veb sajtove i aplikacije da želim da budem praćen"},{"$i":"doNotHavePrefOnTracking","$v":"Ne otkrivaj veb sajtovima i aplikacijama moje postavke o praćenju"},{"$i":"doNotTrack-dt","$v":"Kako radi Ne želim da me prate?"},{"$i":"doNotTrack-dd1","$v":"Kada uključite opciju \"Ne želim da me prate\", Vaš uređaj govori svakom veb sajtu i aplikaciji (takođe i snabdevačima reklamnih, i drugih sadržaja) da ne želite da se Vaši postupci prate."},{"$i":"doNotTrack-dd2","$v":"Uključivanje opcije \"Ne želim da me prate\" neće imati uticaja na mogućnosti prijave na veb sajtove, niti će uticati na to kako se Vaši lični podaci skladište, kao što je sadržaj korpe za kupovinu, informacije o lokaciji ili podaci za prijavama."},{"$i":"browsingPrivacy","$v":"Privatnost pregledanja"},{"$i":"browsingPrivacy-header","$v":[{"t":"idOrVar","v":"browsingPrivacy"}]},{"$i":"confirm-clear-title","$v":"Potvrda"},{"$i":"clear-browsing-history","$v":"Obriši istorijat pregleda"},{"$i":"confirm-clear-browsing-history","$v":"Obrisati istorijat pregleda?"},{"$i":"clear-cookies-and-stored-data","$v":"Obriši kolačiće i snimljene podatke"},{"$i":"confirm-clear-cookies-and-stored-data","$v":"Obrisati kolačiće i snimljene podatke na ovom uređaju?"},{"$i":"clear","$v":"Obriši"},{"$i":"privacy-controls","$v":"Kontrole za privatnost"},{"$i":"no-privacy-panel","$v":"Nije pronađen panel aplikacije za privatnost"},{"$i":"storage","$v":"Skladište"},{"$i":"enableUSBStorage1","$v":"USB skladište"},{"$i":"umsUnplugToDisable","$v":"Izvucite USB kabel za prekid"},{"$i":"appStorage","$v":"Skladište aplikacija"},{"$i":"appStorage-header","$v":[{"t":"idOrVar","v":"appStorage"}]},{"$i":"storageSize","$v":[{"t":"idOrVar","v":"size"}," ",{"t":"idOrVar","v":"unit"}]},{"$i":"availableSize","$v":{"zero":[{"t":"idOrVar","v":"size"}," ",{"t":"idOrVar","v":"unit"}," je dostupno"],"one":[{"t":"idOrVar","v":"size"}," ",{"t":"idOrVar","v":"unit"}," je dostupan"],"two":[{"t":"idOrVar","v":"size"}," ",{"t":"idOrVar","v":"unit"}," su dostupna"],"few":[{"t":"idOrVar","v":"size"}," ",{"t":"idOrVar","v":"unit"}," je dostupno"],"many":[{"t":"idOrVar","v":"size"}," ",{"t":"idOrVar","v":"unit"}," je dostupno"],"other":[{"t":"idOrVar","v":"size"}," ",{"t":"idOrVar","v":"unit"}," je dostupno"]},"$x":[{"t":"idOrVar","v":"plural"},"size"]},{"$i":"apps-total-space","$v":"Ukupno prostora"},{"$i":"apps-used-space","$v":"Zauzeto"},{"$i":"apps-free-space","$v":"Slobodno"},{"$i":"storage-details","$v":"Slike, videi i muzičke datoteke su sačuvane odvojeno od aplikacija. Za detalje, proverite skladište multimedije."},{"$i":"ums-shared-volumes","$v":[{"t":"idOrVar","v":"list"}," podeljeno"]},{"$i":"transferProtocol-header","$v":"Protokol prenosa"},{"$i":"protocol-mtp","$v":"Protokol prenosa medija (MTP)"},{"$i":"protocol-ums","$v":"USB skladište (UMS)"},{"$i":"mediaStorage","$v":"Skladište multimedije"},{"$i":"mediaStorage-header","$v":"Skladište multime."},{"$i":"storage-name-internal","$v":"Interno skladište"},{"$i":"storage-name-external-0","$v":"Skladište SD kartice"},{"$i":"storage-name-external-1","$v":"Skladište SD kartice 2"},{"$i":"short-storage-name-internal","$v":"Interno"},{"$i":"short-storage-name-external-0","$v":"SD"},{"$i":"short-storage-name-external-1","$v":"SD 2"},{"$i":"music-space","$v":"Muzika"},{"$i":"pictures-space","$v":"Slike"},{"$i":"videos-space","$v":"Video "},{"$i":"left-space","$v":"Slobodno"},{"$i":"free-space","$v":"Slobodno"},{"$i":"total-space","$v":"Ukupno"},{"$i":"size-not-available","$v":"Nije dostupno"},{"$i":"no-storage","$v":"Skladište podataka nije pronađeno"},{"$i":"advanced","$v":"Napredno"},{"$i":"ums-warning-title","$v":"Omogući USB?"},{"$i":"default-media-location","$v":"Podrazumevana lokacija"},{"$i":"default-media-location-msg","$v":"Odaberite gde će slike, snimci, muzika i preuzimanja biti snimani."},{"$i":"change-default-media-location-confirmation","$v":"Promena podrazumevane lokacije za medije će uticati na to gde će sve medije biti snimljene. Postojeći podaci će ostati na istom mestu. Da li želite da nastavite?"},{"$i":"eject-sdcard-external-0","$v":"Izbaci SD karticu"},{"$i":"eject-sdcard-external-1","$v":"Izbaci SD karticu 2"},{"$i":"format-sdcard-internal","$v":"Formatiraj interno skladište"},{"$i":"format-sdcard-external-0","$v":"Formatiraj SD karticu"},{"$i":"format-sdcard-external-1","$v":"Formatiraj SD karticu 2"},{"$i":"formatting","$v":"formatiranje…"},{"$i":"unmount-sdcard-confirmation","$v":"Nećete moći pristupiti sadržaju SD kartice nakom što je demontirate. Da li želite nastaviti?"},{"$i":"format-sdcard-title","$v":"Formatiranje SD"},{"$i":"format-sdcard-message","$v":"Ovo će izbrisati sve podatke koji su skadišteni na Vašoj SD kartici, kao što su muzika i slike."},{"$i":"format-sdcard-internal-title","$v":"Formatiraj interno skladište"},{"$i":"format-sdcard-internal-message","$v":"Ovo će izbrisati sve podatke koji su skadišteni u Vašem internom skladištu, kao što su muzika i slike."},{"$i":"format-sdcard-btnformat","$v":"Formatiraj"},{"$i":"sdcardUnmounted","$v":"SD kartica je demontirana"},{"$i":"device","$v":"Uređaj"},{"$i":"help","$v":"Pomoć"},{"$i":"deviceInfo","$v":"Podaci o uređaju"},{"$i":"deviceInfo-header","$v":[{"t":"idOrVar","v":"deviceInfo"}]},{"$i":"deviceInfo-IMEI","$v":"IMEI"},{"$i":"deviceInfo-ICCID","$v":"ICCID"},{"$i":"deviceInfo-MSISDN","$v":"Broj telefona"},{"$i":"deviceInfo-ICCID-unavailable-sim","$v":["SIM ",{"t":"idOrVar","v":"index"},": nije dostupan"]},{"$i":"downloads","$v":"Preuzimanja"},{"$i":"downloads-header","$v":[{"t":"idOrVar","v":"downloads"}]},{"$i":"unknown-phoneNumber","$v":"Nepoznat"},{"$i":"unknown-phoneNumber-sim","$v":["SIM ",{"t":"idOrVar","v":"index"},": nepoznat"]},{"$i":"gitInfo","$v":"Git commit informacije"},{"$i":"developer","$v":"Razvoj"},{"$i":"developer-header","$v":[{"t":"idOrVar","v":"developer"}]},{"$i":"hud-settings-button","$v":"HUD razvoj"},{"$i":"hud-settings-header","$v":[{"t":"idOrVar","v":"hud-settings-button"}]},{"$i":"hud-devtools","$v":"Alati za razvoj"},{"$i":"hud-devtools-header","$v":[{"t":"idOrVar","v":"hud-devtools"}]},{"$i":"hud-logging","$v":"Prijavi promene u adb"},{"$i":"hud-system","$v":"Prikaži sistemski HUD"},{"$i":"hud-problems","$v":"Problemi"},{"$i":"hud-warnings","$v":"Upozorenja"},{"$i":"hud-errors","$v":"Greške"},{"$i":"hud-security","$v":"Bezbednost"},{"$i":"hud-performance","$v":"Performanse"},{"$i":"hud-reflows","$v":"Preraspoređivanje"},{"$i":"hud-jank","$v":"Jank"},{"$i":"jank-threshold","$v":"Jank prag"},{"$i":"hud-fps","$v":"Frejmova po sekundi"},{"$i":"hud-ttl","$v":"Vreme učitavanja"},{"$i":"hud-memory","$v":"Memorija"},{"$i":"hud-uss","$v":"Jedinstvena veličina"},{"$i":"hud-appmemory","$v":"Memorija apl."},{"$i":"hud-jsobjects","$v":"JS objekti"},{"$i":"hud-jsstrings","$v":"JS stringovi"},{"$i":"hud-jsother","$v":"JS ostalo"},{"$i":"hud-dom","$v":"DOM"},{"$i":"hud-style","$v":"Stil"},{"$i":"hud-other","$v":"Ostalo"},{"$i":"software","$v":"Softver"},{"$i":"devSettings","$v":"Postavke za programere"},{"$i":"debug","$v":"Ispravljanje grešaka"},{"$i":"developer-menu","$v":"Meni za razvoj"},{"$i":"developer-tools","$v":"Alati za razvoj"},{"$i":"graphics","$v":"Grafika"},{"$i":"hardware-composer","$v":"Kompozer hardvera"},{"$i":"paint-flashing","$v":"Osvetli područje"},{"$i":"dumps-layers","$v":"Dump slojevi"},{"$i":"dumps-layerscope","$v":"Dump layerscope"},{"$i":"apz-overscroll","$v":"Kraj skrolovanja"},{"$i":"tiling","$v":"Pločice"},{"$i":"low-precision","$v":"Crtanje sa smanjenom tačnošću"},{"$i":"low-opacity","$v":"Transparentnost sa smanjenom tačnošću"},{"$i":"draw-tile-borders","$v":"Crtaj ivice pločice"},{"$i":"draw-layer-borders","$v":"Crtaj ivice sloja"},{"$i":"log-animations","$v":"Zabeleži spore anim."},{"$i":"remote-debugging-usb","$v":"Traženje grešaka preko USB"},{"$i":"dev-tools-wifi","$v":"Alati za razvoj preko Wi-Fi"},{"$i":"dev-tools-qps","$v":"Pseudo-lokalizacija"},{"$i":"debugger-disabled","$v":"Onemogućeno"},{"$i":"debugger-adb-only","$v":"Samo ADB"},{"$i":"debugger-adb-and-devtools","$v":"ADB i alati"},{"$i":"wifi-debugging","$v":"Wi-Fi izlaz u ADB"},{"$i":"bluetooth-debugging","$v":"Bluetooth izlaz u ADB"},{"$i":"bluetooth-snoop-debugging","$v":"Bluetooth HCI sniffing logs to sdcard"},{"$i":"nfc-debugging","$v":"NFC izlaz u ADB"},{"$i":"ril-debugging","$v":"RIL output in ADB"},{"$i":"console-enabled","$v":"Konzola omogućena"},{"$i":"cards-view-screenshots","$v":"Prikaz: Slike ekrana"},{"$i":"geolocation-debugging-enabled","$v":"Geolokacija u ADB"},{"$i":"geolocation-debugging-gps-locations-ignored","$v":"Ignoriši GPS lokacije"},{"$i":"use-reviewer-certs","$v":"Koristite Marketplace certifikate recenzenta"},{"$i":"shake-to-log","$v":"Potresite da snimite dnevnik sistema"},{"$i":"model-name","$v":"Model"},{"$i":"os-version","$v":"Izdanje OS-a"},{"$i":"firmware_revision","$v":"Revizija firmvera"},{"$i":"hardware_revision","$v":"Revizija hardvera"},{"$i":"platform_version","$v":"Izdanje platforme"},{"$i":"build-id","$v":"Identifikator izdanja"},{"$i":"update-channel","$v":"Izvor nadogradnje"},{"$i":"build_number","$v":"Verzija izdanja"},{"$i":"update-url","$v":"URL nadogradnje"},{"$i":"last-updated","$v":"Poslednja nadogradnja"},{"$i":"more-info","$v":"Više informacija"},{"$i":"more-info-header","$v":[{"t":"idOrVar","v":"more-info"}]},{"$i":"softwareUpdates","$v":"Nadogradnje softvera"},{"$i":"check-update-daily","$v":"Dnevno"},{"$i":"check-update-weekly","$v":"Nedeljno"},{"$i":"check-update-monthly","$v":"Mesečno"},{"$i":"check-for-updates","$v":"Proveri nadogradnje"},{"$i":"check-update-now","$v":"Proveri sada"},{"$i":"update-status","$v":"Stanje nadogradnji"},{"$i":"no-network-when-update","$v":"Povežite se na internet da biste nastavili sa nadogradnjom."},{"$i":"checking-for-update","$v":"Provera nadogradnji…"},{"$i":"no-updates","$v":"Nisu pronađene nadogradnje"},{"$i":"retry-when-online","$v":"Nema internet veze. Ponovna provera će biti izvršena kad bude bilo internet veze."},{"$i":"already-latest-version","$v":[{"t":"idOrVar","v":"brandShortName"}," je u najnovijem izdanju"]},{"$i":"check-error","$v":"Desila se greška prilikom provere nadogradnji."},{"$i":"aboutBrowserOS","$v":["O ",{"t":"idOrVar","v":"brandShortName"}]},{"$i":"browser-os-desc","$v":[{"t":"idOrVar","v":"brandShortName"}," je besplatni operativni sistem otvorenog koda Mozilla fondacije. Naš cilj je da širimo otvorenost, napredak i mogućnosti zadržavajući snagu veba u našim rukama."]},{"$i":"learn-more","$v":"Saznajte više"},{"$i":"reset-head","$v":"Resetovanje"},{"$i":"reset-warning-title","$v":"UPOZORENJE"},{"$i":"unlock-privileges","$v":"Otključaj privilegije"},{"$i":"reset-devtools","$v":"Resetuj i omogući ceo DevTools"},{"$i":"reset-devtools-warning-title","$v":"UPOZORENJE"},{"$i":"your-rights","$v":"Vaša prava"},{"$i":"your-rights-header","$v":[{"t":"idOrVar","v":"your-rights"}]},{"$i":"about-your-rights-0","$v":[{"t":"idOrVar","v":"brandShortName"}," je izgrađen na principima softera koji je besplatan i otvorenog koda od strane zajednice hiljada ljudi sa svih strana sveta. Trebali biste da znate nekoliko stvari:"]},{"$i":"about-your-rights-1","$v":[{"t":"idOrVar","v":"brandShortName"}," Vam je dostupan pod uslovima nekoliko licenci otvorenog koda uključujući i Mozilla javnu licencu (Mozilla Public License). Uređaj koji pokreće ",{"t":"idOrVar","v":"brandShortName"}," može sadržati i propratni softver trećih lica. Sav kod objavljen pod otvorenim licencama Vam daje za pravo da izmenite izvorni kod i distribuirate svoje izmenjene verzije u skladu sa uslovima licence."]},{"$i":"about-your-rights-2","$v":["Ne polažete pravo ni na jednu robnu marku ili licence Mozilla fondacije ili bilo koje stvari, uključujući ",{"t":"idOrVar","v":"brandShortName"}," ime ili logotip."]},{"$i":"about-your-rights-3","$v":["Neke od mogućnosti sistema ",{"t":"idOrVar","v":"brandShortName"},", kao što je Izveštač o rušenju, Vam daju mogućnost da Mozilla dobije povratne informacije od Vas. Ukoliko izaberete da pošaljete povratne informacije, Vi Mozilla fondaciji dajete pravo da ih koristi kako bi unapredila svoje proizvode, objavila povratne informacije na svom sajtu i da ih deli."]},{"$i":"about-legal-info","$v":"Zakonska obaveštenja"},{"$i":"about-credit-info","$v":"Zasluge"},{"$i":"about-legal-info-header","$v":[{"t":"idOrVar","v":"about-legal-info"}]},{"$i":"open-source-notices","$v":"Obaveštenja o kodu"},{"$i":"open-source-notices-header","$v":[{"t":"idOrVar","v":"open-source-notices"}]},{"$i":"obtaining-source-code","$v":"Dobavljanje izvornog koda"},{"$i":"obtaining-source-code-header","$v":"Dobavljanje iz. koda"},{"$i":"about-mozilla","$v":"Mozilla"},{"$i":"about-other","$v":"Ostalo"},{"$i":"your-privacy","$v":"Vaša privatnost"},{"$i":"your-privacy-header","$v":[{"t":"idOrVar","v":"your-privacy"}]},{"$i":"licensing-1","$v":"Sadržaji ovog proizvoda su Vam omogućeni od strane Mozilla projekta, pod javnom licencom Mozilla fondacije (Mozilla Public License 2.0). Budite upoznati sa svojim pravima."},{"$i":"licensing-2","$v":"Sav izvorni kod ovog proizvoda je dostupan pod licencama koje su besplatne i otvorenog koda. Većina je dostupna pod javnom licencom Mozilla fondacije (Mozilla Public License 2.0)."},{"$i":"licensing-3","$v":"Preostali deo softvera koji nije pod javnom licencom Mozilla fondacije (Mozilla Public License 2.0), dostupan je pod jednom od niza drugih licenci. One koje zahtevaju umnožavanje teksta licence tokom raspodele su date ispod. (Napomena: u zavisnosti od konkretnog proizvoda i izabrane verzije, Vaša kopija proizvoda ne mora da sadrži kod pokriven od strane jedne ili više navedenih licenci)"},{"$i":"licensing-MPL","$v":"Javna licenca Mozilla fondacije 2.0"},{"$i":"licensing-Apache","$v":"Apache licenca 2.0"},{"$i":"launch-ftu","$v":"Pokreni upustva"},{"$i":"no-ftu","$v":"Nije pronađena ni jedna aplikacija koju koristite prvi put"},{"$i":"software-home-button","$v":"Softversko home dugme"},{"$i":"home-gesture","$v":"Pokreti poč. ekrana"},{"$i":"continuous-transition","$v":"Trajna tranzicija "},{"$i":"debug-gaia-enabled","$v":"Gaia debug tragovi"},{"$i":"showScreenReaderSettings","$v":"Prikaži postavke čitača ekrana"},{"$i":"app-transition","$v":"Tranzicija apl."},{"$i":"app-suspending","$v":"Suspendovanje apl."},{"$i":"copypaste","$v":"Kopiraj/Nalepi"},{"$i":"verbose-app-permissions","$v":"Posebna ovlašćenja apl."},{"$i":"window-management","$v":"Upravljanje prozorom"},{"$i":"downloads-edit","$v":"Uređivanje"},{"$i":"downloads-select-all","$v":"Označi sve"},{"$i":"downloads-deselect-all","$v":"Odznači sve"},{"$i":"downloads-delete","$v":"Izbriši"},{"$i":"battery","$v":"Baterija"},{"$i":"battery-header","$v":[{"t":"idOrVar","v":"battery"}]},{"$i":"batteryLevel","$v":"Stanje"},{"$i":"batteryLevel-percent-unplugged","$v":[{"t":"idOrVar","v":"level"},"%"]},{"$i":"batteryLevel-percent-charging","$v":[{"t":"idOrVar","v":"level"},"% (punjenje)"]},{"$i":"batteryLevel-percent-charged","$v":[{"t":"idOrVar","v":"level"},"% (napunjeno)"]},{"$i":"powerSaveModeTitle","$v":"Štedi bateriju"},{"$i":"powerSaveMode","$v":"Štedi bateriju"},{"$i":"powerSave-threshold","$v":[{"t":"idOrVar","v":"level"},"% baterije je preostalo"]},{"$i":"turnOnAuto","$v":"Uključi automatski"},{"$i":"accessibility","$v":"Pristupačnost"},{"$i":"accessibility-header","$v":[{"t":"idOrVar","v":"accessibility"}]},{"$i":"screenReader","$v":"Čitač ekrana"},{"$i":"screenReader-header","$v":[{"t":"idOrVar","v":"screenReader"}]},{"$i":"screenReader-toggle","$v":[{"t":"idOrVar","v":"screenReader"}]},{"$i":"colorFilter","$v":"Filter boje"},{"$i":"colorFilter-header","$v":[{"t":"idOrVar","v":"colorFilter"}]},{"$i":"colorFilter-toggle","$v":[{"t":"idOrVar","v":"colorFilter"}]},{"$i":"screenReader-captions","$v":"Prikaži govor"},{"$i":"screenReader-enable-msg","$v":"Kada je čitač ekrana omogućen, Vaš uređaj će davati govorne povratne informacije da pomaže slepim ili osobama sa lošijim vidom."},{"$i":"screen-reader-speech-volume","$v":"Jačina govora"},{"$i":"screen-reader-speech-rate","$v":"Stopa govora"},{"$i":"screenReader-confirm-title-start","$v":"Aktiviraj čitač ekrana?"},{"$i":"screenReader-confirm-description-start","$v":"Aktiviranjem čitača ekrana će promeniti način kako Vaš ekran na dodir radi. Pritisnite bilo gde da biste čuli ime stavke na kome se Vaš prst nalazi ili dva puta pritisnite tu stavku da je aktivirate."},{"$i":"screenReader-confirm-button-start","$v":"Aktiviraj"},{"$i":"screenReader-confirm-title-stop","$v":"Zaustavi čitač ekrana?"},{"$i":"screenReader-confirm-description-stop","$v":"Zaustavljanjem čitača ekrana ćete zaustaviti sve govorne povratne informacije."},{"$i":"screenReader-confirm-button-stop","$v":"Zaustavi"},{"$i":"colorFilter-invert","$v":"Inverzni"},{"$i":"colorFilter-grayscale","$v":"Sive nijanse"},{"$i":"colorFilter-contrast","$v":"Kontrast"},{"$i":"improveBrowserOS","$v":["Poboljšajte ",{"t":"idOrVar","v":"brandShortName"}]},{"$i":"improveBrowserOSTitle","$v":["Poboljšajte ",{"t":"idOrVar","v":"brandShortName"}]},{"$i":"sendMozillaFeedback","$v":"Pošalji povratnu info."},{"$i":"performanceAndUsageData","$v":"Podaci o učinkovitosti i korišćenju"},{"$i":"sharePerformanceAndUsageData","$v":"Šalji podatke"},{"$i":"appUsageByRegion","$v":"App usage by region"},{"$i":"crashReports","$v":"Izveštaji rušenja"},{"$i":"crashReports-header","$v":[{"t":"idOrVar","v":"crashReports"}]},{"$i":"crashReportInfo","$v":"Slanjem izveštaja Mozilla fondaciji o rušenju nam pomažete da svima ispravimo greške. Izveštaji se šalju samo preko Wi-Fi veze."},{"$i":"alwaysSendReport","$v":"Uvek šalji izveštaje"},{"$i":"neverSendReport","$v":"Nikad ne šalji"},{"$i":"askToSendReport2","$v":"Uvek me pitaj"},{"$i":"crash-reports-description-1","$v":"Izveštaj o rušenju sadrži neke pojedinosti o rušenju sistema i Vašem uređaju, kao i snimak stanja Vašeg uređaja kad je došlo do rušenja."},{"$i":"crash-reports-description-2","$v":"Može da sadrži stavke kao što su otvorene stranice i aplikacije, tekst unešen u poljima za unos i sadržaj otvorene poruke, skorašnju istoriju posećenih stranica, ili geolokaciju koja je korišćena od strane pokrenute aplikacije."},{"$i":"crash-reports-description-3-start","$v":"Izveštaje o padovima koristimo za ispravku poteškoća i poboljšanje naših proizvoda. Vašim podacima rukujemo na način opisan u našoj"},{"$i":"crash-reports-description-3-privacy","$v":"polisi privatnosti"},{"$i":"crash-reports-description-3-end","$v":"."},{"$i":"sendFeedbackTitle","$v":"Povratna informacija"},{"$i":"feedback-description","$v":"Vaša povratna informacija će nam pomoći da poboljšamo Firefox OS."},{"$i":"feedback-happy","$v":"Srećno"},{"$i":"feedback-sad","$v":"Tužno"},{"$i":"feedback-mood-description","$v":"Kako se osećate?"},{"$i":"feedback_whyfeel_happy","$v":"Zašto ste srećni?"},{"$i":"feedback_whyfeel_sad","$v":"Zašto ste tužni?"},{"$i":"feedback-mood-explain","$v":"Molim Vas da nam objasnite zašto."},{"$i":"feedback-public-description","$v":"Sadržaj Vaše povratne informacije će biti javno objavljen, stoga Vas molimo da ne delite lične informacije."},{"$i":"feedback-contactyou","$v":"Označite ovde ukoliko želite da Vas kontaktiramo putem e-pošte."},{"$i":"email-address1","$v":"Adresa e-pošte:"},{"$i":"email-keepprivate","$v":"Bez brige, Vaša adresa e-pošte neće biti objavljena."},{"$i":"feedback-sendbtn","$v":"Pošalji"},{"$i":"feedback-errormessage-connect-error","$v":"Žao nam je, zbog greške u konekciji, sistem trenutno ne može poslati Vaš predlog. Molim Vas ispravite grešku konekcije i pokušajte ponovo."},{"$i":"feedback-errormessage-server-off","$v":"Žao nam je, sistem nije u mogućnosti da pošalje Vaš predlog zbog problema sa serverom. Molim Vas sačekajte i pokušajte ponovo."},{"$i":"feedback-errormessage-timeout","$v":"Žao nam je, zbog isteka veze sistem nije u mogućnosti da pošalje Vaš predlog. Ponovo pokrenite sistem i pokušajte ponovo."},{"$i":"feedback-errormessage-wrong-email","$v":"Žao nam je, sistem nije u mogućnosti da pošalje Vaš predlog zbog nedostatka e-pošte ili zbog lošeg formatiranja. Molim Vas da unesete ispravnu e-poštu i da pokušate ponovo."},{"$i":"feedback-errormessage-empty-comment","$v":"Žao nam je, sistem nije u mogućnosti da pošalje Vaš predlog zato što je polje za komentare prazno. Molim Vas da ispunite obrazac i da pokušate ponovo."},{"$i":"feedback-errormessage-just-sent","$v":"Žao nam je, sistem nije u mogućnosti da pošalje Vaš predlog zato što ste nam već poslali isti. Molim Vas da isprobate našu novu nadogradnju softvera i pošaljite ponovo."},{"$i":"feedback-complete-msg","$v":"Hvala na povratnim informacijama! Koristićemo ih kako bi stvorili bolje iskustvo u budućim verzijama Firefox OS-a."},{"$i":"online-support","$v":"Podrška na mreži:"},{"$i":"call-support","$v":"Podrška pozivanjem:"},{"$i":"user-guide","$v":"Korisnički vodič"},{"$i":"default-support","$v":"Molim Vas obratite se svom mrežnom operateru za podršku."},{"$i":"operatorServices","$v":"Usluge operatera"},{"$i":"operatorServices-help","$v":"Pomoć"},{"$i":"operatorServices-helpmenu","$v":"Izbornik pomoći"},{"$i":"stkAppsNotAvailable","$v":"Aplikacija za upravljanje SIM karticom nije dostupna."},{"$i":"simToolkit","$v":"SIM alatke"},{"$i":"stkItemsNaiSetUpCall","$v":"Podesi poziv"},{"$i":"stkItemsNaiSendSs","$v":"Pošalji SS"},{"$i":"stkItemsNaiSendUssd","$v":"Pošalji USSD"},{"$i":"stkItemsNaiSendSms","$v":"Pošalji SMS"},{"$i":"stkItemsNaiSendDtmf","$v":"Pošalji DTMF"},{"$i":"stkItemsNaiLaunchBrowser","$v":"Pokreni pregledač"},{"$i":"stkItemsNaiPlayTone","$v":"Reprodukuj zvuk"},{"$i":"stkItemsNaiDisplayText","$v":"Prikaži tekst"},{"$i":"stkItemsNaiGetInkey","$v":"Traži Inkey"},{"$i":"stkItemsNaiGetInput","$v":"Traži unos"},{"$i":"stkItemsNaiSelectItem","$v":"Odaberi stavku"},{"$i":"stkItemsNaiSetUpMenu","$v":"Podesi meni"},{"$i":"stkItemsNaiProvideLocalInfo","$v":"Obezbedi lokalne informacije"},{"$i":"stkItemsNaiSetIdleModeText","$v":"Podesi Idle režim teksta"},{"$i":"stkItemsNaiPerformCardApdu","$v":"Izvrši APDU kartice"},{"$i":"stkItemsNaiPowerOnCard","$v":"Uključi karticu"},{"$i":"stkItemsNaiPowerOffCard","$v":"Isključi karticu"},{"$i":"stkItemsNaiGetReaderStatus","$v":"Dobavi status čitača"},{"$i":"stkItemsNaiOpenChannel","$v":"Otvori kanal"},{"$i":"stkItemsNaiCloseChannel","$v":"Zatvori kanal"},{"$i":"stkItemsNaiReceiveData","$v":"Primaj podatke"},{"$i":"stkItemsNaiSendData","$v":"Pošalji podatke"},{"$i":"stkItemsNaiGetChannelStatus","$v":"Dobavi status kanala"},{"$i":"stkItemsNaiEndOfTheProactiveSession","$v":"Kraj proaktivne sesije"},{"$i":"is-warning-storage-header","$v":"USB skladište"},{"$i":"is-warning-tethering-header","$v":"USB deljenje"},{"$i":"is-warning-wifi-header","$v":"Wi-Fi hotspot"},{"$i":"is-warning-storage-tethering-message","$v":"Omogućavanje USB skladišta će onemogućuti USB deljenje. Da li želite da omogućite USB skladište?"},{"$i":"is-warning-tethering-storage-message","$v":"Omogućavanje USB deljenja će onemogućuti USB skladište. Da li želite da omogućite USB deljenje?"},{"$i":"is-warning-tethering-wifi-message","$v":"Omogućavanje USB deljenja će onemogućuti Wi-Fi hotspot. Da li želite da omogućite USB deljenje?"},{"$i":"is-warning-wifi-tethering-message","$v":"Omogućavanje Wi-Fi hotspot-a će onemogućuti USB deljenje. Da li želite da omogućite Wi-Fi hotspot?"},{"$i":"settings-dialog-alert","$v":"Upozorenje"},{"$i":"settings-dialog-confirm","$v":"Potvrdi"},{"$i":"settings-dialog-prompt","$v":"Zahtev"},{"$i":"settings-alert-dialog-header","$v":[{"t":"idOrVar","v":"settings-dialog-alert"}]},{"$i":"settings-confirm-dialog-header","$v":[{"t":"idOrVar","v":"settings-dialog-confirm"}]},{"$i":"settings-prompt-dialog-header","$v":[{"t":"idOrVar","v":"settings-dialog-prompt"}]},{"$i":"addons","$v":"Addons"},{"$i":"addons-header","$v":[{"t":"idOrVar","v":"addons"}]},{"$i":"change-device-name","$v":"Preimenuj telefon"},{"$i":"internetSharing-usb-desc","$v":"Deli internet vezu mog telefona sa uređajem povezanim preko USB-a."},{"$i":"internetSharing-wifi-desc","$v":"Dozvoli drugim uređajima da dele internet vezu mog telefona preko Wi-Fi veze."},{"$i":"unplayable-ringtone","$v":"Melodija nije promenjena zato što se odabrana datoteka ne može reprodukovati na ovom telefonu."},{"$i":"findmydevice-signup-description","$v":"Pronađi moj uređaj omogućava da pronađete, zaključate ili izbrišete Vaš telefon"},{"$i":"findmydevice-settings-description","$v":"Pronađi moj uređaj omogućava da pronađete, zaključate ili izbrišete Vaš telefon sa web stranice:"},{"$i":"findmydevice-active-tracking","$v":"Vaš telefon se prati od strane drugog uređaja preko sajta."},{"$i":"findmydevice-not-tracking","$v":"Ni jedan uređaj ne prati Vaš telefon preko sajta."},{"$i":"ums-confirm","$v":"Uključivanjem USB skladišta ćete dozvoliti računaru ili uređaju koji je povezan preko USB-a da pristupi datotekama na ovom telefonu."},{"$i":"reset-device","$v":"Resetuj telefon"},{"$i":"reset-warning-body","$v":"Resetovanje će izbrisati sve podatke, uključujući i bilo koje aplikacije koje ste kupili. Telefon će biti vraćen na fabričko podešavanje. Ništa od Vaših podešavanja ili podataka neće biti sačuvano."},{"$i":"reset-devtools-warning-body","$v":"Resetovanje će izbrisati sve podatke, uključujući i bilo koje aplikacije koje ste kupili. Ništa od Vaših podešavanja ili podataka neće biti sačuvano. Ali Vaš telefon će imati otkučane alate za razvoj, dozvoljavajući Vam da otklonite greške i modifikujete sistemske aplikacije."},{"$i":"powerSave-explanation","$v":"Uključivanjem režima štednje baterije ćete isključiti internet vezu telefona, Bluetooth i geolokaciju kako bi se produžio rad baterije. Ove usluge možete uključiti ručno, po potrebi."},{"$i":"performanceAndUsageDataInfo","$v":["Pomozite nam da unapredimo ",{"t":"idOrVar","v":"brandShortName"}," tako što ćete deleti sa nama podatke o Vašem telefonu i načinu na koji ga koristite."]},{"$i":"device-status-connected-device","$v":"Povezan na audio telefona"},{"$i":"device-status-connected-device-media","$v":"Povezan na audio telefona/medija"}]