[{"$i":"stopped_download_title","$v":"Nedladdning stoppad"},{"$i":"stopped_download_message","$v":"Nedladdning stoppades. Försök att ladda ner igen?"},{"$i":"stopped_download_left_button","$v":"Avbryt"},{"$i":"stopped_download_right_button","$v":"Försök igen"},{"$i":"failed_download_title","$v":"Nerladdning misslyckades"},{"$i":"failed_download_message","$v":[{"t":"idOrVar","v":"name"}," misslyckades att laddas ner. Försök att ladda ner igen?"]},{"$i":"failed_download_left_button","$v":"Avbryt"},{"$i":"failed_download_right_button","$v":"Försök igen"},{"$i":"stop_download_title","$v":"Avbryt nedladdning"},{"$i":"stop_download_message","$v":"Är du säker på att du vill avbryta nedladdning?"},{"$i":"stop_download_left_button","$v":"Nej"},{"$i":"stop_download_right_button","$v":"Ja"},{"$i":"delete_download_title","$v":"Ta bort"},{"$i":"delete_download_message","$v":["Ta bort ",{"t":"idOrVar","v":"name"},"?"]},{"$i":"delete_download_left_button","$v":"Avbryt"},{"$i":"delete_download_right_button","$v":"Ta bort"},{"$i":"delete_all_download_title","$v":"Ta bort"},{"$i":"delete_all_download_left_button","$v":"Avbryt"},{"$i":"delete_all_download_right_button","$v":"Ta bort"},{"$i":"delete_all_download_message","$v":{"zero":"Ta bort inga filer?","one":"Ta bort en fil?","two":["Ta bort ",{"t":"idOrVar","v":"number"}," filer?"],"few":["Ta bort ",{"t":"idOrVar","v":"number"}," filer?"],"many":["Ta bort ",{"t":"idOrVar","v":"number"}," filer?"],"other":["Ta bort ",{"t":"idOrVar","v":"number"}," filer?"]},"$x":[{"t":"idOrVar","v":"plural"},"number"]},{"$i":"unsupported_file_type_download_title","$v":"Kan inte öppna"},{"$i":"unsupported_file_type_download_message","$v":["Det finns ingen app som kan öppna ",{"t":"idOrVar","v":"name"},". Vill du spara eller ta bort den?"]},{"$i":"unsupported_file_type_download_left_button","$v":"Behåll fil"},{"$i":"unsupported_file_type_download_right_button","$v":"Ta bort"},{"$i":"file_not_found_download_title","$v":"Filen hittades inte"},{"$i":"file_not_found_download_message","$v":"Filen hittades inte på enheten"},{"$i":"file_not_found_download_right_button","$v":"OK"},{"$i":"unmounted_sdcard_2_download_title","$v":"Minneskortet används"},{"$i":"unmounted_sdcard_2_download_message","$v":"Koppla ur telefonen"},{"$i":"unmounted_sdcard_2_download_right_button","$v":"OK"},{"$i":"no_provider_download_title","$v":"Kan inte dela"},{"$i":"no_provider_download_message","$v":"Ingen leverantör hittades"},{"$i":"no_provider_download_right_button","$v":"OK"},{"$i":"no_memory_download_title","$v":"Minneskortet är fullt"},{"$i":"no_memory_download_message","$v":"Det finns ingen mer plats på minneskortet för att spara din nedladdning. Ta bort några filer innan du startar om nedladdningen."},{"$i":"no_memory_download_right_button","$v":"OK"},{"$i":"no_sdcard_found_2_download_title","$v":"Inget minneskort hittades"},{"$i":"no_sdcard_found_2_download_message","$v":"Sätt i ett minneskort eller välj en annan standardplats för media i inställningar"},{"$i":"no_sdcard_found_2_download_right_button","$v":"OK"},{"$i":"file_open_error_download_title","$v":"Kan inte öppna"},{"$i":"file_open_error_download_message","$v":["Det uppstod ett problem med att öppna ",{"t":"idOrVar","v":"name"},". Vill du spara filen eller ta bort den?"]},{"$i":"file_open_error_download_left_button","$v":"Behåll fil"},{"$i":"file_open_error_download_right_button","$v":"Ta bort"},{"$i":"restart_download_error","$v":"Det uppstod ett fel när du startade om nedladdningen. Försök att ladda ner igen."},{"$i":"no-downloads","$v":"Inga nedladdningar"},{"$i":"byteUnit-B","$v":"B"},{"$i":"byteUnit-KB","$v":"kB"},{"$i":"byteUnit-MB","$v":"MB"},{"$i":"byteUnit-GB","$v":"GB"},{"$i":"byteUnit-TB","$v":"TB"},{"$i":"fileSize","$v":[{"t":"idOrVar","v":"size"}," ",{"t":"idOrVar","v":"unit"}]},{"$i":"percentage","$v":[{"t":"idOrVar","v":"percentage"}," %"]},{"$i":"partialResult","$v":[{"t":"idOrVar","v":"partial"}," av ",{"t":"idOrVar","v":"total"}]},{"$i":"summary","$v":[{"t":"idOrVar","v":"date"}," - ",{"t":"idOrVar","v":"status"}]},{"$i":"download-stopped","$v":"Stoppad"},{"$i":"download-failed","$v":"Nedladdning misslyckades"},{"$i":"open_downloaded_file","$v":"Öppna"},{"$i":"share_downloaded_file","$v":"Dela"},{"$i":"wallpaper_downloaded_file","$v":"Sätt som bakgrundsbild"},{"$i":"ringtone_downloaded_file","$v":"Sätt som ringsignal"},{"$i":"cancel_downloaded_file","$v":"Avbryt"},{"$i":"brandShortName","$v":"B2G OS"},{"$i":"browserBrandShortName","$v":"Web Browser"},{"$i":"browserBrandFullName","$v":"Mozilla Web Browser"},{"$i":"ringtoneBrandName","$v":"Default"},{"$i":"ringtoneSectionBrandName","$v":"System"},{"$i":"weekday-0-long","$v":"Söndag"},{"$i":"weekday-1-long","$v":"Måndag"},{"$i":"weekday-2-long","$v":"Tisdag"},{"$i":"weekday-3-long","$v":"Onsdag"},{"$i":"weekday-4-long","$v":"Torsdag"},{"$i":"weekday-5-long","$v":"Fredag"},{"$i":"weekday-6-long","$v":"Lördag"},{"$i":"weekday-0-short","$v":"Sön"},{"$i":"weekday-1-short","$v":"Mån"},{"$i":"weekday-2-short","$v":"Tis"},{"$i":"weekday-3-short","$v":"Ons"},{"$i":"weekday-4-short","$v":"Tor"},{"$i":"weekday-5-short","$v":"Fre"},{"$i":"weekday-6-short","$v":"Lör"},{"$i":"month-0-long","$v":"Januari"},{"$i":"month-1-long","$v":"Februari"},{"$i":"month-2-long","$v":"Mars"},{"$i":"month-3-long","$v":"April"},{"$i":"month-4-long","$v":"Maj"},{"$i":"month-5-long","$v":"Juni"},{"$i":"month-6-long","$v":"Juli"},{"$i":"month-7-long","$v":"Augusti"},{"$i":"month-8-long","$v":"September"},{"$i":"month-9-long","$v":"Oktober"},{"$i":"month-10-long","$v":"November"},{"$i":"month-11-long","$v":"December"},{"$i":"month-0-genitive","$v":"Januari"},{"$i":"month-1-genitive","$v":"Februari"},{"$i":"month-2-genitive","$v":"Mars"},{"$i":"month-3-genitive","$v":"April"},{"$i":"month-4-genitive","$v":"Maj"},{"$i":"month-5-genitive","$v":"Juni"},{"$i":"month-6-genitive","$v":"Juli"},{"$i":"month-7-genitive","$v":"Augusti"},{"$i":"month-8-genitive","$v":"September"},{"$i":"month-9-genitive","$v":"Oktober"},{"$i":"month-10-genitive","$v":"November"},{"$i":"month-11-genitive","$v":"December"},{"$i":"month-0-short","$v":"Jan"},{"$i":"month-1-short","$v":"Feb"},{"$i":"month-2-short","$v":"Mar"},{"$i":"month-3-short","$v":"Apr"},{"$i":"month-4-short","$v":"Maj"},{"$i":"month-5-short","$v":"Jun"},{"$i":"month-6-short","$v":"Jul"},{"$i":"month-7-short","$v":"Aug"},{"$i":"month-8-short","$v":"Sep"},{"$i":"month-9-short","$v":"Okt"},{"$i":"month-10-short","$v":"Nov"},{"$i":"month-11-short","$v":"Dec"},{"$i":"minutes-ago-long","$v":{"zero":"nyss","one":"en minut sen","two":[{"t":"idOrVar","v":"value"}," minuter sen"],"few":[{"t":"idOrVar","v":"value"}," minuter sen"],"many":[{"t":"idOrVar","v":"value"}," minuter sen"],"other":[{"t":"idOrVar","v":"value"}," minuter sen"]},"$x":[{"t":"idOrVar","v":"plural"},"value"]},{"$i":"hours-ago-long","$v":{"zero":"nyss","one":"en timme sen","two":[{"t":"idOrVar","v":"value"}," timmar sen"],"few":[{"t":"idOrVar","v":"value"}," timmar sen"],"many":[{"t":"idOrVar","v":"value"}," timmar sen"],"other":[{"t":"idOrVar","v":"value"}," timmar sen"]},"$x":[{"t":"idOrVar","v":"plural"},"value"]},{"$i":"days-ago-long","$v":{"zero":"idag","one":"igår","two":[{"t":"idOrVar","v":"value"}," dagar sen"],"few":[{"t":"idOrVar","v":"value"}," dagar sen"],"many":[{"t":"idOrVar","v":"value"}," dagar sen"],"other":[{"t":"idOrVar","v":"value"}," dagar sen"]},"$x":[{"t":"idOrVar","v":"plural"},"value"]},{"$i":"weeks-ago-long","$v":{"zero":"denna vecka","one":"förra veckan","two":[{"t":"idOrVar","v":"value"}," veckor sen"],"few":[{"t":"idOrVar","v":"value"}," veckor sen"],"many":[{"t":"idOrVar","v":"value"}," veckor sen"],"other":[{"t":"idOrVar","v":"value"}," veckor sen"]},"$x":[{"t":"idOrVar","v":"plural"},"value"]},{"$i":"months-ago-long","$v":{"zero":"denna månad","one":"förra månaden","two":[{"t":"idOrVar","v":"value"}," månader sen"],"few":[{"t":"idOrVar","v":"value"}," månader sen"],"many":[{"t":"idOrVar","v":"value"}," månader sen"],"other":[{"t":"idOrVar","v":"value"}," månader sen"]},"$x":[{"t":"idOrVar","v":"plural"},"value"]},{"$i":"years-ago-long","$v":{"zero":"detta år","one":"förra året","two":[{"t":"idOrVar","v":"value"}," år sen"],"few":[{"t":"idOrVar","v":"value"}," år sen"],"many":[{"t":"idOrVar","v":"value"}," år sen"],"other":[{"t":"idOrVar","v":"value"}," år sen"]},"$x":[{"t":"idOrVar","v":"plural"},"value"]},{"$i":"minutes-until-long","$v":{"zero":"nu","one":"om en minut","two":["om ",{"t":"idOrVar","v":"value"}," minuter"],"few":["om ",{"t":"idOrVar","v":"value"}," minuter"],"many":["om ",{"t":"idOrVar","v":"value"}," minuter"],"other":["om ",{"t":"idOrVar","v":"value"}," minuter"]},"$x":[{"t":"idOrVar","v":"plural"},"value"]},{"$i":"hours-until-long","$v":{"zero":"nu","one":"om en timme","two":["om ",{"t":"idOrVar","v":"value"}," timmar"],"few":["om ",{"t":"idOrVar","v":"value"}," timmar"],"many":["om ",{"t":"idOrVar","v":"value"}," timmar"],"other":["om ",{"t":"idOrVar","v":"value"}," timmar"]},"$x":[{"t":"idOrVar","v":"plural"},"value"]},{"$i":"days-until-long","$v":{"zero":"idag","one":"imorgon","two":["om ",{"t":"idOrVar","v":"value"}," dagar"],"few":["om ",{"t":"idOrVar","v":"value"}," dagar"],"many":["om ",{"t":"idOrVar","v":"value"}," dagar"],"other":["om ",{"t":"idOrVar","v":"value"}," dagar"]},"$x":[{"t":"idOrVar","v":"plural"},"value"]},{"$i":"weeks-until-long","$v":{"zero":"denna vecka","one":"nästa vecka","two":["om ",{"t":"idOrVar","v":"value"}," veckor"],"few":["om ",{"t":"idOrVar","v":"value"}," veckor"],"many":["om ",{"t":"idOrVar","v":"value"}," veckor"],"other":["om ",{"t":"idOrVar","v":"value"}," veckor"]},"$x":[{"t":"idOrVar","v":"plural"},"value"]},{"$i":"months-until-long","$v":{"zero":"denna månad","one":"nästa månad","two":["om ",{"t":"idOrVar","v":"value"}," månader"],"few":["om ",{"t":"idOrVar","v":"value"}," månader"],"many":["om ",{"t":"idOrVar","v":"value"}," månader"],"other":["om ",{"t":"idOrVar","v":"value"}," månader"]},"$x":[{"t":"idOrVar","v":"plural"},"value"]},{"$i":"years-until-long","$v":{"zero":"detta år","one":"nästa år","two":["om ",{"t":"idOrVar","v":"value"}," år"],"few":["om ",{"t":"idOrVar","v":"value"}," år"],"many":["om ",{"t":"idOrVar","v":"value"}," år"],"other":["om ",{"t":"idOrVar","v":"value"}," år"]},"$x":[{"t":"idOrVar","v":"plural"},"value"]},{"$i":"minutes-ago-short","$v":{"zero":"nyss","other":[{"t":"idOrVar","v":"value"}," min sen"]},"$x":[{"t":"idOrVar","v":"plural"},"value"]},{"$i":"hours-ago-short","$v":{"zero":"nyss","other":[{"t":"idOrVar","v":"value"}," tim. sen"]},"$x":[{"t":"idOrVar","v":"plural"},"value"]},{"$i":"days-ago-short","$v":{"zero":"idag","other":[{"t":"idOrVar","v":"value"}," dygn sen"]},"$x":[{"t":"idOrVar","v":"plural"},"value"]},{"$i":"minutes-until-short","$v":{"zero":"nu","other":["om ",{"t":"idOrVar","v":"value"}," min"]},"$x":[{"t":"idOrVar","v":"plural"},"value"]},{"$i":"hours-until-short","$v":{"zero":"nu","other":["om ",{"t":"idOrVar","v":"value"}," tim."]},"$x":[{"t":"idOrVar","v":"plural"},"value"]},{"$i":"days-until-short","$v":{"zero":"idag","other":["om ",{"t":"idOrVar","v":"value"}," dygn"]},"$x":[{"t":"idOrVar","v":"plural"},"value"]},{"$i":"incorrectDate","$v":"(felaktigt datum)"},{"$i":"dateTimeFormat_%c","$v":"%a %e %b %Y %H:%M:%S"},{"$i":"dateTimeFormat_%x","$v":"%d/%m/%Y"},{"$i":"dateTimeFormat_%X","$v":"%H:%M:%S"},{"$i":"shortTimeFormat","$v":"%H:%M"},{"$i":"shortTimeFormat12","$v":"%I:%M %p"},{"$i":"shortTimeFormat24","$v":"%H:%M"},{"$i":"shortDateTimeFormat","$v":"%x %H:%M"},{"$i":"weekStartsOnMonday","$v":"1"},{"$i":"firstDayOfTheWeek","$v":"1"},{"$i":"time_am","$v":"AM"},{"$i":"time_pm","$v":"PM"},{"$i":"title-app","$v":"App-rättigheter"},{"$i":"title-web","$v":"Webbplatsrättigheter"},{"$i":"title-cam","$v":"Välj kamera"},{"$i":"perm-alarms","$v":"Schemalägga alarm"},{"$i":"perm-audio-capture","$v":"Mikrofon"},{"$i":"perm-audio-capture-appRequest","$v":["Vill du dela din mikrofon med ",{"t":"idOrVar","v":"app"},"?"]},{"$i":"perm-audio-capture-webRequest","$v":["Vill du dela din mikrofon med ",{"t":"idOrVar","v":"site"},"?"]},{"$i":"perm-audio-channel-content","$v":"Spela ljud"},{"$i":"perm-audio-channel-notification","$v":"Spela aviseringsljud"},{"$i":"perm-audio-channel-ringer","$v":"Spela ringsignalsljud"},{"$i":"perm-background-sensors","$v":"Åtkomst till sensordata"},{"$i":"perm-bluetooth","$v":"Bluetooth"},{"$i":"perm-browser","$v":"Inspektera Webbsidor"},{"$i":"perm-camera","$v":"Kameror"},{"$i":"perm-camera-selector-appRequest","$v":["Välj en kamera för ",{"t":"idOrVar","v":"app"},"."]},{"$i":"perm-camera-selector-webRequest","$v":["Välj en kamera för ",{"t":"idOrVar","v":"site"},"."]},{"$i":"perm-cellbroadcast","$v":"Operatörsinfo"},{"$i":"perm-contacts","$v":"Kontakter"},{"$i":"perm-contacts-appRequest","$v":[{"t":"idOrVar","v":"app"}," vill komma åt din kontaktlista."]},{"$i":"perm-contacts-webRequest","$v":[{"t":"idOrVar","v":"site"}," vill komma åt din kontaktlista."]},{"$i":"perm-desktop-notification","$v":"Aviseringar"},{"$i":"perm-desktop-notification-appRequest","$v":[{"t":"idOrVar","v":"app"}," vill visa aviseringar."]},{"$i":"perm-desktop-notification-webRequest","$v":[{"t":"idOrVar","v":"site"}," vill visa aviseringar."]},{"$i":"perm-device-storage-apps","$v":"Appar"},{"$i":"perm-device-storage-music","$v":"Musik"},{"$i":"perm-device-storage-music-appRequest","$v":[{"t":"idOrVar","v":"app"}," vill komma åt din musik."]},{"$i":"perm-device-storage-music-webRequest","$v":[{"t":"idOrVar","v":"site"}," vill komma åt din musik."]},{"$i":"perm-device-storage-pictures","$v":"Bilder"},{"$i":"perm-device-storage-pictures-appRequest","$v":[{"t":"idOrVar","v":"app"}," vill komma åt dina bilder."]},{"$i":"perm-device-storage-pictures-webRequest","$v":[{"t":"idOrVar","v":"site"}," vill komma åt dina bilder."]},{"$i":"perm-device-storage-sdcard","$v":"Minneskort"},{"$i":"perm-device-storage-sdcard-appRequest","$v":[{"t":"idOrVar","v":"app"}," vill komma åt minneskortet."]},{"$i":"perm-device-storage-sdcard-webRequest","$v":[{"t":"idOrVar","v":"site"}," vill komma åt minneskortet."]},{"$i":"perm-device-storage-videos","$v":"Videor"},{"$i":"perm-device-storage-videos-appRequest","$v":[{"t":"idOrVar","v":"app"}," vill komma åt dina videor."]},{"$i":"perm-device-storage-videos-webRequest","$v":[{"t":"idOrVar","v":"site"}," vill komma åt dina videor."]},{"$i":"perm-embed-apps","$v":"Inbäddade appar"},{"$i":"perm-fmradio","$v":"FM-radio"},{"$i":"perm-fmradio-appRequest","$v":[{"t":"idOrVar","v":"app"}," vill använda FM-radio."]},{"$i":"perm-fmradio-webRequest","$v":[{"t":"idOrVar","v":"site"}," vill använda FM-radio."]},{"$i":"perm-geolocation","$v":"Geolokalisering"},{"$i":"perm-geolocation-appRequest","$v":[{"t":"idOrVar","v":"app"}," vill veta din position."]},{"$i":"perm-geolocation-more-info","$v":[{"t":"idOrVar","v":"brandShortName"}," använder data såsom GPS, Wi-Fi och mobila nätverk för att avgöra din ungefärliga position. Data skickas till Mozilla och andra tjänsteleverantörer och kommer att användas för att förbättra dessa databaser. Data kan lagras på enheten och datainsamling kan förekomma även om inga appar körs."]},{"$i":"perm-geolocation-webRequest","$v":[{"t":"idOrVar","v":"site"}," vill veta din position."]},{"$i":"perm-idle","$v":"Se viloläge"},{"$i":"perm-indexedDB-chrome-settings","$v":"Privilegierad IndexedDB"},{"$i":"perm-indexedDB-unlimited","$v":"Obegränsad IndexedDB-lagring"},{"$i":"perm-input-manage","$v":"Hantera tangentbord"},{"$i":"perm-input","$v":"Fungera som ett tangentbord"},{"$i":"perm-media-capture","$v":"Kamera och mikrofon"},{"$i":"perm-media-capture-appRequest","$v":["Vill du dela din kamera och mikrofon med ",{"t":"idOrVar","v":"app"},"?"]},{"$i":"perm-media-capture-webRequest","$v":["Vill du dela din kamera och mikrofon med ",{"t":"idOrVar","v":"site"},"?"]},{"$i":"perm-mobileconnection","$v":"Mobil anslutning"},{"$i":"perm-mobileid","$v":"Mobil identitet"},{"$i":"perm-network-events","$v":"Nätverkshändelser"},{"$i":"perm-open-remote-window","$v":"Starta en app"},{"$i":"perm-permissions","$v":"Ändra App-rättigheter"},{"$i":"perm-power","$v":"Ströminställningar"},{"$i":"perm-settings","$v":"Ändra inställningar"},{"$i":"perm-systemXHR","$v":"Cross-Origin förfrågningar"},{"$i":"perm-telephony","$v":"Telefoni"},{"$i":"perm-video-capture","$v":"Kamera"},{"$i":"perm-video-capture-appRequest","$v":["Vill du dela din kamera med ",{"t":"idOrVar","v":"app"},"?"]},{"$i":"perm-video-capture-webRequest","$v":["Vill du dela din kamera med ",{"t":"idOrVar","v":"site"},"?"]},{"$i":"perm-voicemail","$v":"Styr röstbrevlåda"},{"$i":"perm-webapps-manage","$v":"Installera Webbappar"},{"$i":"perm-wifi-manage","$v":"Hantera Wi-Fi"},{"$i":"perm-attention","$v":"Öppna överlagringspopuper"},{"$i":"perm-audio-channel-alarm","$v":"Spela alarmljud"},{"$i":"perm-audio-channel-normal","$v":"Spela ljud"},{"$i":"perm-audio-channel-publicnotification","$v":"Spela publika aviseringsljud"},{"$i":"perm-audio-channel-telephony","$v":"Spela Telefoniljud"},{"$i":"perm-backgroundservice","$v":"Fungera som en bakgrundstjänst"},{"$i":"perm-device-storage-crashes","$v":"Kraschar datalagring"},{"$i":"perm-downloads","$v":"Nedladdningsåtkomst"},{"$i":"perm-embed-widgets","$v":"Inbäddade widgetar"},{"$i":"perm-feature-detection","$v":"Funktionsdetektering"},{"$i":"perm-firefox-accounts","$v":"Firefox-konton"},{"$i":"perm-mobilenetwork","$v":"Mobilnät"},{"$i":"perm-moz-attention","$v":"Öppna överlagringspopuper (moz)"},{"$i":"perm-moz-audio-channel-ringer","$v":"Spela ringsignalsljud (moz)"},{"$i":"perm-moz-audio-channel-telephony","$v":"Spela telefoniljud (moz)"},{"$i":"perm-moz-firefox-accounts","$v":"Firefox-konton (moz)"},{"$i":"perm-networkstats-manage","$v":"Kontrollera användningsstatistik"},{"$i":"perm-nfc","$v":"NFC"},{"$i":"perm-nfc-hci-events","$v":"NFC HCI händelser"},{"$i":"perm-nfc-manager","$v":"Hantera NFC"},{"$i":"perm-phonenumberservice","$v":"Telefonnummerservice"},{"$i":"perm-push","$v":"Push API"},{"$i":"perm-resourcestats-manage","$v":"Resursstatistik"},{"$i":"perm-sms","$v":"Skicka och läsa SMS"},{"$i":"perm-speaker-control","$v":"Kontrollera volym"},{"$i":"perm-storage","$v":"Lagringsåtkomst"},{"$i":"perm-tcp-socket","$v":"TCP Sockets"},{"$i":"perm-test-permission","$v":"Testa rättigheter"},{"$i":"perm-time","$v":"Ange datum och tid"},{"$i":"perm-udp-socket","$v":"UDP Sockets"},{"$i":"perm-wappush","$v":"WAP Push"},{"$i":"tz-region","$v":"Region"},{"$i":"tz-city","$v":"Stad"},{"$i":"tzRegion-Africa","$v":"Afrika"},{"$i":"tzRegion-America","$v":"Amerika"},{"$i":"tzRegion-Antarctica","$v":"Antarktis"},{"$i":"tzRegion-Asia","$v":"Asien"},{"$i":"tzRegion-Atlantic","$v":"Atlanten"},{"$i":"tzRegion-Australia","$v":"Australien"},{"$i":"tzRegion-Europe","$v":"Europa"},{"$i":"tzRegion-Indian","$v":"Indiska oceanen"},{"$i":"tzRegion-Pacific","$v":"Stilla havet"},{"$i":"ringtone-none","$v":"Ingen"},{"$i":"ringer_bubble","$v":"Bubble"},{"$i":"ringer_chimer","$v":"Chimer"},{"$i":"ringer_cunning","$v":"Cunning"},{"$i":"ringer_dulco","$v":"Dulco"},{"$i":"ringer_firefox2","$v":[{"t":"idOrVar","v":"ringtoneBrandName"}]},{"$i":"ringer_garden","$v":"Garden"},{"$i":"ringer_marbled","$v":"Marbled"},{"$i":"ringer_opti","$v":"Opti"},{"$i":"ringer_pecko","$v":"Pecko"},{"$i":"ringer_pingy","$v":"Pingy"},{"$i":"ringer_poppop","$v":"Pop Pop"},{"$i":"ringer_sata","$v":"Sata"},{"$i":"ringer_simple","$v":"Clean"},{"$i":"ringer_standard1","$v":"Classic"},{"$i":"ringer_standard2","$v":"Classic Fast"},{"$i":"ringer_stutter","$v":"Stutter"},{"$i":"ringer_symmetry","$v":"Symmetry"},{"$i":"ringer_tailwind","$v":"Tail Wind"},{"$i":"ringer_thoughtful","$v":"Thoughtful"},{"$i":"ringer_wit","$v":"Wit"},{"$i":"ringer_zen","$v":"Zen"},{"$i":"notifier_bells","$v":"Bells"},{"$i":"notifier_bloom","$v":"Bloom"},{"$i":"notifier_chime","$v":"Chime"},{"$i":"notifier_clicka","$v":"Clicka"},{"$i":"notifier_digi","$v":"Digi"},{"$i":"notifier_dropplet","$v":"Dropplet"},{"$i":"notifier_firefox2","$v":[{"t":"idOrVar","v":"ringtoneBrandName"}]},{"$i":"notifier_hello","$v":"Hello"},{"$i":"notifier_lowmarble","$v":"Low Marble"},{"$i":"notifier_ping","$v":"Ping"},{"$i":"notifier_plickle","$v":"Plickle"},{"$i":"notifier_pocko","$v":"Pocko"},{"$i":"notifier_quado","$v":"Quado"},{"$i":"notifier_red","$v":"Red"},{"$i":"notifier_sato","$v":"Sato"},{"$i":"notifier_swipo","$v":"Swipo"},{"$i":"notifier_trickleup","$v":"Trickle Up"},{"$i":"notifier_trink","$v":"Trink"},{"$i":"notifier_verse","$v":"Verse"},{"$i":"settings","$v":"Inställningar"},{"$i":"advancedSettings","$v":"Avancerade inställningar"},{"$i":"default","$v":"Standard"},{"$i":"enabled","$v":"Aktiverad"},{"$i":"enable","$v":"Aktivera"},{"$i":"disabled","$v":"Inaktiverad"},{"$i":"error","$v":"Fel"},{"$i":"ok","$v":"OK"},{"$i":"yes","$v":"Ja"},{"$i":"no","$v":"Nej"},{"$i":"reset","$v":"Återställ"},{"$i":"cancel","$v":"Avbryt"},{"$i":"close","$v":"Stäng"},{"$i":"back","$v":"Tillbaka"},{"$i":"continue","$v":"Fortsätt"},{"$i":"skip","$v":"Hoppa över"},{"$i":"pair","$v":"Koppla ihop"},{"$i":"add","$v":"Lägg till"},{"$i":"done","$v":"Klar"},{"$i":"set","$v":"Ställ in"},{"$i":"notNow","$v":"Inte nu"},{"$i":"turnOn","$v":"Aktivera"},{"$i":"selectASIMCard","$v":"Välj ett SIM-kort"},{"$i":"sim1","$v":"SIM 1"},{"$i":"sim2","$v":"SIM 2"},{"$i":"unavailable","$v":"Inte tillgänglig"},{"$i":"confirmation","$v":"Bekräftelse"},{"$i":"simSettingsWithIndex","$v":["SIM ",{"t":"idOrVar","v":"index"}," inställningar"]},{"$i":"networkAndConnectivity","$v":"Nätverk & anslutningar"},{"$i":"airplaneMode","$v":"Flygplansläge"},{"$i":"geolocation","$v":"Geolokalisering"},{"$i":"wifi","$v":"Wi-Fi"},{"$i":"wifi-header","$v":[{"t":"idOrVar","v":"wifi"}]},{"$i":"wifi-disabled","$v":"Aktivera Wi-Fi för att visa tillgängliga nätverk."},{"$i":"availableNetworks","$v":"Tillgängliga nätverk"},{"$i":"knownNetworks","$v":"Kända nätverk"},{"$i":"hiddenNetworks","$v":"Dolda nätverk"},{"$i":"scanning","$v":"Söker…"},{"$i":"scanNetworks","$v":"Sök igen"},{"$i":"fullStatus-initializing","$v":"Initierar…"},{"$i":"fullStatus-connecting","$v":["Ansluter till ",{"t":"idOrVar","v":"ssid"},"…"]},{"$i":"fullStatus-associated","$v":"Erhåller IP-adress…"},{"$i":"fullStatus-connected","$v":["Ansluten till ",{"t":"idOrVar","v":"ssid"}]},{"$i":"fullStatus-connectingfailed","$v":"Anslutning misslyckades"},{"$i":"fullStatus-disconnected","$v":"Nedkopplad"},{"$i":"shortStatus-connecting","$v":"Ansluter…"},{"$i":"shortStatus-associated","$v":"Erhåller IP-adress…"},{"$i":"shortStatus-connected","$v":"Ansluten"},{"$i":"shortStatus-connectingfailed","$v":"Anslutning misslyckades"},{"$i":"shortStatus-disconnected","$v":"Nedkopplad"},{"$i":"wifi-sleep","$v":"Wi-Fi Sleep"},{"$i":"wifi-sleep-description","$v":"Enable to automatically turn off Wi-Fi during sleep to save battery power.  "},{"$i":"manageNetworks","$v":"Hantera nätverk"},{"$i":"wifi-bad-credentials-title","$v":"Misslyckades att ansluta till Wi-Fi "},{"$i":"wifi-bad-credentials-confirm","$v":["Kunde inte ansluta till ",{"t":"idOrVar","v":"ssid"},", autentisering misslyckades på grund av dåliga autentiseringsuppgifter. Var god ange nätverkslösenordet igen."]},{"$i":"manageNetworks-header","$v":[{"t":"idOrVar","v":"manageNetworks"}]},{"$i":"manageCertificates","$v":"Hantera certifikat"},{"$i":"manageCert","$v":"Hantera cert"},{"$i":"joinHiddenNetwork","$v":"Anslut till dolt nätverk"},{"$i":"securedBy","$v":["Säker genom ",{"t":"idOrVar","v":"capabilities"}]},{"$i":"security","$v":"Säkerhet"},{"$i":"securityNone","$v":"Ingen"},{"$i":"securityOpen","$v":"Öppen"},{"$i":"notInRange","$v":"Inte inom räckhåll"},{"$i":"ipAddress","$v":"IP-adress"},{"$i":"linkSpeed","$v":"Hastighet"},{"$i":"linkSpeedMbs","$v":[{"t":"idOrVar","v":"linkSpeed"}," Mbit/s"]},{"$i":"signalStrength","$v":"Signalstyrka"},{"$i":"signalLevel0","$v":"Mycket svag"},{"$i":"signalLevel1","$v":"Svag"},{"$i":"signalLevel2","$v":"Medel"},{"$i":"signalLevel3","$v":"Bra"},{"$i":"signalLevel4","$v":"Mycket bra"},{"$i":"forget","$v":"Glöm"},{"$i":"forgetNetwork-dialog","$v":"Glöm nätverk?"},{"$i":"forgetNetwork-confirmation","$v":"Bekräfta"},{"$i":"authentication","$v":"Autentisering"},{"$i":"authentication-header","$v":[{"t":"idOrVar","v":"authentication"}]},{"$i":"eap","$v":"EAP metod"},{"$i":"auth-phase2","$v":"Fas 2-autentisering"},{"$i":"server-certificate","$v":"Servercertifikat"},{"$i":"import-certificate-msg","$v":"Observera: Om du vill importera nya certifikat, gå till \"Hantera certifikat\"."},{"$i":"identity","$v":"Identitet"},{"$i":"password","$v":"Lösenord"},{"$i":"showPassword","$v":"Visa lösenord"},{"$i":"networkNotification","$v":"Nätverksavisering"},{"$i":"networkNotification-expl","$v":"Meddela mig när ett öppet nätverk finns tillgängligt"},{"$i":"macAddress","$v":"MAC-adress"},{"$i":"deviceInfo_software","$v":[{"t":"idOrVar","v":"brandShortName"}," ",{"t":"idOrVar","v":"os"}]},{"$i":"macUnavailable","$v":"Inte tillgänglig"},{"$i":"noNetworksFound","$v":"Inga nätverk hittades"},{"$i":"noKnownNetworks","$v":"Inga kända nätverk"},{"$i":"edit","$v":"Redigera"},{"$i":"certificateList","$v":"Certifikatlista"},{"$i":"noCertificate","$v":"Inga importerade certifikat"},{"$i":"deleteCertificate","$v":"Ta bort certifikat"},{"$i":"importCertificate","$v":"Importera certifikat"},{"$i":"selectCertificateFile","$v":"Välj certifikatfil"},{"$i":"enterCertificateNickname","$v":"Ange smeknamn för certifikat"},{"$i":"nickname","$v":"Smeknamn"},{"$i":"enter-certificate-name-msg","$v":"Du kan ändra namnet, eller behålla standardnamnet."},{"$i":"certificate-deletion-failed","$v":"Borttagning av certifikat misslyckades"},{"$i":"certificate-deletion-failed-description","$v":"Detta kan till exempel bero på ett lagringsproblem."},{"$i":"certificate-import-failed","$v":"Import av certifikat misslyckades"},{"$i":"certificate-import-failed-description","$v":"Detta kan till exempel bero på en skadad certifikatfil."},{"$i":"wpsMessage","$v":"Anslut med WPS"},{"$i":"wpsMessage-header","$v":[{"t":"idOrVar","v":"wpsMessage"}]},{"$i":"fullStatus-wps-inprogress","$v":"WPS pågår…"},{"$i":"fullStatus-wps-canceled","$v":"WPS avbröts"},{"$i":"fullStatus-wps-timedout","$v":"WPS överskred tidsgräns"},{"$i":"fullStatus-wps-failed-error","$v":["WPS misslyckades [",{"t":"idOrVar","v":"error"},"]"]},{"$i":"fullStatus-wps-overlapped","$v":"En annan WPS PBC AP hittades"},{"$i":"wpsDescription2","$v":"Automatisk konfiguration av Wi-Fi"},{"$i":"wpsMethodSelection","$v":"Välj en WPS-metod:"},{"$i":"wpsPbcLabel","$v":"Knappanslutning"},{"$i":"wpsMyPinLabel","$v":"Min PIN-kod anslutning"},{"$i":"wpsApPinLabel","$v":"AP PIN-kod anslutning"},{"$i":"wpsPinDescription","$v":"PIN-kod är 4 eller 8 siffror"},{"$i":"wpsPinInput","$v":["Inmatad ",{"t":"idOrVar","v":"pin"}," till motsatt enhet"]},{"$i":"wpsPinAps","$v":"Välj motsatt enhet"},{"$i":"wpsAnyAp","$v":"Någon"},{"$i":"wpsCancelMessage","$v":"Avbryt WPS"},{"$i":"wpsCancelFailedMessageError","$v":["Misslyckades avbryta WPS [",{"t":"idOrVar","v":"error"},"]"]},{"$i":"callSettings","$v":"Samtalsinställningar"},{"$i":"callSettings-header","$v":[{"t":"idOrVar","v":"callSettings"}]},{"$i":"callSettingsQuery","$v":"Begär nätverksinfo…"},{"$i":"callSettingsQueryError","$v":"Fel på frågan"},{"$i":"voiceMail","$v":"Röstbrevlåda"},{"$i":"voiceMail-header","$v":[{"t":"idOrVar","v":"voiceMail"}]},{"$i":"voiceMail-number","$v":"Röstbrevlådenummer"},{"$i":"voiceMail-number-notSet","$v":"Inte satt"},{"$i":"voicePrivacyMode","$v":"Privat röstsamtalsläge"},{"$i":"callWaiting","$v":"Samtal väntar"},{"$i":"confirmCallWaitingTitle","$v":"Kan inte bekräfta inställningar för samtal väntar"},{"$i":"confirmCallWaitingDesc","$v":"Enheten kan för närvarande inte kommunicera med operatören. Försök ställa in inställningar igen."},{"$i":"callForwarding","$v":"Vidarebefordra samtal"},{"$i":"callForwarding-header","$v":[{"t":"idOrVar","v":"callForwarding"}]},{"$i":"callForwardingForward","$v":"Vidarebefordra"},{"$i":"callForwardingUnconditional","$v":"Alltid vidarebefordra"},{"$i":"callForwardingUnconditionalShort","$v":"Alltid"},{"$i":"callForwardingMobileBusy","$v":"Vidarebefordra upptaget"},{"$i":"callForwardingMobileBusyShort","$v":"Upptaget"},{"$i":"callForwardingNoReply","$v":"Vidarebefordra obesvarat"},{"$i":"callForwardingNoReplyShort","$v":"Obesvarat"},{"$i":"callForwardingNotReachable","$v":"Vidarebefordra onåbar"},{"$i":"callForwardingNotReachableShort","$v":"Onåbar"},{"$i":"callForwardingForwardingVoiceToNumber","$v":["Röstsamtal till ",{"t":"idOrVar","v":"number"}]},{"$i":"callForwardingNotForwarding","$v":"Inaktiverad"},{"$i":"callForwardingConfirmTitle","$v":"Vidarebefordra bekräftelsemeddelande"},{"$i":"cf-alwaysUseThisNumber","$v":"Använd alltid detta nummer"},{"$i":"cf-numberWhenUnreachable","$v":"Nummer onåbar"},{"$i":"cf-numberWhenUnanswered","$v":"Nummer obesvarat"},{"$i":"cf-numberWhenBusy","$v":"Nummer upptaget"},{"$i":"callForwardingInvalidNumberError","$v":"Telefonnumret är ogiltigt."},{"$i":"callForwardingSetSuccess","$v":"Funktion inställd."},{"$i":"callForwardingSetForbidden","$v":"Din operatör stöder inte funktionen."},{"$i":"callForwardingSetError","$v":"Fel i samtalsinställningar."},{"$i":"callerId","$v":"Nummerpresentation"},{"$i":"callBarring","$v":"Call Barring"},{"$i":"callBarring-header","$v":[{"t":"idOrVar","v":"callBarring"}]},{"$i":"callBarring-outgoing","$v":"Outgoing calls"},{"$i":"callBarring-baoc","$v":"All"},{"$i":"callBarring-boic","$v":"International"},{"$i":"callBarring-boicExhc","$v":"International except Home Country"},{"$i":"callBarring-incoming","$v":"Incoming calls"},{"$i":"callBarring-baic","$v":"All"},{"$i":"callBarring-baicR","$v":"All while roaming"},{"$i":"callBarring-passcode","$v":"Passcode"},{"$i":"callBarring-change-passcode","$v":"Change passcode"},{"$i":"callBarring-passcode-enter","$v":"Enter passcode"},{"$i":"callBarring-passcode-unknown","$v":"In case you don't know your passcode, please contact your carrier"},{"$i":"callBarring-current-passcode","$v":"Current passcode"},{"$i":"callBarring-new-passcode","$v":"New passcode"},{"$i":"callBarring-create-passcode","$v":"Create a Passcode"},{"$i":"callBarring-confirm-passcode","$v":"Confirm passcode"},{"$i":"callBarring-passcode-error-generic","$v":"Passcode error."},{"$i":"callBarring-passcode-error-incorrect","$v":"Passcode is incorrect."},{"$i":"callBarring-passcode-error-mismatch","$v":"Passcode doesn’t match."},{"$i":"callBarring-update-item-error","$v":["Error while updating the item: ",{"t":"idOrVar","v":"error"},"."]},{"$i":"callBarring-change-passcode-success","$v":"Passcode changed."},{"$i":"callerId-default","$v":"Nätstandard"},{"$i":"callerId-hide","$v":"Dölj nummer"},{"$i":"callerId-show","$v":"Visa nummer"},{"$i":"fdn","$v":"Nummerbegränsningar"},{"$i":"fdnSettings","$v":"Nummerbegränsningar"},{"$i":"fdnSettings-header","$v":[{"t":"idOrVar","v":"fdnSettings"}]},{"$i":"fdn-authorizedNumbers","$v":"Auktoriserade nummer"},{"$i":"fdn-authorizedNumbers-header","$v":[{"t":"idOrVar","v":"fdn-authorizedNumbers"}]},{"$i":"fdn-authorizedNumbers-desc","$v":"Lista över nummer som kan ringas"},{"$i":"fdn-explanation1","$v":"Begränsa vilka nummer som kan ringas från telefonen."},{"$i":"fdn-explanation2","$v":"(Nödnummer kommer alltid att kunna ringas)"},{"$i":"fdnEnable","$v":"Aktivera FDN"},{"$i":"fdnDisable","$v":"Inaktivera FDN"},{"$i":"fdnReset","$v":"Återställ PIN2"},{"$i":"fdnAttemptMsg3","$v":{"one":"Du har ett försök kvar att ange rätt kod innan SIM-kortet låser sig.","two":["Du har ",{"t":"idOrVar","v":"n"}," försök kvar att ange rätt kod innan SIM-kortet låser sig."],"few":["Du har ",{"t":"idOrVar","v":"n"}," försök kvar att ange rätt kod innan SIM-kortet låser sig."],"many":["Du har ",{"t":"idOrVar","v":"n"}," försök kvar att ange rätt kod innan SIM-kortet låser sig."],"other":["Du har ",{"t":"idOrVar","v":"n"}," försök kvar att ange rätt kod innan SIM-kortet låser sig."]},"$x":[{"t":"idOrVar","v":"plural"},"n"]},{"$i":"fdnLastChanceMsg","$v":"Detta är sista chansen att ange rätt PIN2-kod. Annars måste du ange PUK2-koden för att låsa upp SIM-kortet."},{"$i":"fdnErrorMsg","$v":"PIN2-koden är felaktig."},{"$i":"fdn-enabled-warning","$v":"Vidarebefordran av samtal är inaktiverad av FDN."},{"$i":"fdnContact-name","$v":"namn"},{"$i":"fdnContact-number","$v":"nummer"},{"$i":"fdnContact-submit","$v":"skicka"},{"$i":"fdnAction-add","$v":"Lägg till kontakt"},{"$i":"fdnAction-call","$v":"Ring"},{"$i":"fdnAction-edit","$v":"Redigera kontakt"},{"$i":"fdnAction-edit-header","$v":"Redigera kontakt"},{"$i":"fdnAction-delete","$v":"Ta bort kontakt"},{"$i":"fdnNoFDNFreeRecord","$v":"Maximum FDN har uppnåtts. Det går inte att lägga till fler nummer."},{"$i":"messagingSettings","$v":"Meddelandeinställningar"},{"$i":"messagingSettings-header","$v":"Inställningar"},{"$i":"message-confirmation","$v":"Bekräftelse av meddelanden"},{"$i":"message-delivery-reports","$v":"Leveransrapporter"},{"$i":"message-delivery-reports-details","$v":"Begär avisering om leverans för varje meddelande som skickas"},{"$i":"message-read-reports","$v":"Läskvitton"},{"$i":"message-read-reports-details","$v":"Begär läskvitto för varje meddelande som skickas"},{"$i":"mmsTitle","$v":"Multimediemeddelanden (MMS)"},{"$i":"auto-retrieve","$v":"Hämta automatiskt"},{"$i":"auto-retrieve-details","$v":"Hämta automatiskt meddelanden"},{"$i":"manual-retrieve","$v":"Av"},{"$i":"auto-roaming-retrieve","$v":"På med roaming"},{"$i":"auto-no-roaming-retrieve","$v":"På utan roaming"},{"$i":"autoConfigure","$v":"Auto-konfigurera"},{"$i":"wapPushMessages","$v":"WAP Push meddelanden"},{"$i":"wapPush","$v":"WAP Push"},{"$i":"cellBroadcastMessages","$v":"Mobil broadcast meddelanden"},{"$i":"cellBroadcast","$v":"Mobil broadcast"},{"$i":"emergencyAlert","$v":"Varningslarm"},{"$i":"messagingInformation","$v":"Information"},{"$i":"messaging-SMSC","$v":"Servicecenter"},{"$i":"messaging-sim-settings","$v":["Inställningar SIM ",{"t":"idOrVar","v":"index"}]},{"$i":"unknown-SMSC","$v":"Info ej tillgänglig"},{"$i":"cellularAndData","$v":"Mobil & data"},{"$i":"cellularAndData-header","$v":[{"t":"idOrVar","v":"cellularAndData"}]},{"$i":"dataNetwork","$v":"Operatör"},{"$i":"dataConnectivity","$v":"Data"},{"$i":"dataConnection","$v":"Dataanslutning"},{"$i":"dataRoaming","$v":"Dataroaming"},{"$i":"networkOperator","$v":"Nätoperatörer"},{"$i":"networkOperator-header","$v":[{"t":"idOrVar","v":"networkOperator"}]},{"$i":"availableOperators","$v":"Nätoperatörer i området"},{"$i":"preferredNetworkTypeAlertTitle","$v":"Önskad nätverkstyp"},{"$i":"preferredNetworkTypeAlertErrorMessage","$v":"Nätverkstyp kunde inte ställas in"},{"$i":"operator-networkType","$v":"Nätverkstyp"},{"$i":"operator-networkType-auto","$v":"Automatiskt"},{"$i":"operator-networkType-prefer3G","$v":"Föredra 3G"},{"$i":"operator-networkType-2G","$v":"2G endast"},{"$i":"operator-networkType-3G","$v":"3G endast"},{"$i":"operator-networkType-GSM","$v":"GSM"},{"$i":"operator-networkType-WCDMA","$v":"WCDMA"},{"$i":"operator-networkType-CDMA","$v":"CDMA"},{"$i":"operator-networkType-EVDO","$v":"EVDO"},{"$i":"operator-networkType-LTE","$v":"LTE"},{"$i":"operator-networkType-preferWCDMA","$v":"Föredra WCDMA"},{"$i":"operator-networkType-auto-2G-3G","$v":"Auto (2G/3G)"},{"$i":"operator-networkType-auto-CDMA-EVDO","$v":"Auto (CDMA/EVDO)"},{"$i":"operator-networkType-auto-WCDMA-GSM","$v":"Auto (WCDMA/GSM)"},{"$i":"operator-networkType-auto-LTE-WCDMA-GSM","$v":"Auto (LTE/WCDMA/GSM)"},{"$i":"operator-networkType-auto-LTE-CDMA-EVDO","$v":"Auto (LTE/CDMA/EVDO)"},{"$i":"operator-networkType-auto-WCDMA-GSM-CDMA-EVDO","$v":"Auto (WCDMA/GSM/CDMA/EVDO)"},{"$i":"operator-autoSelect","$v":"Automatiskt val"},{"$i":"operator-networkSelect-auto","$v":"Automatisk"},{"$i":"operator-networkSelect-manual","$v":"Manuell"},{"$i":"operator-turnAutoSelectOff","$v":"Stäng av automatiskt val för att visa tillgänglig nätoperatörer."},{"$i":"operator-status-connecting","$v":"Ansluter…"},{"$i":"operator-status-connectingfailed","$v":"Anslutning misslyckades"},{"$i":"operator-status-connected","$v":"Ansluten"},{"$i":"operator-roamingPreference","$v":"Roaming inställningar"},{"$i":"operator-roamingPreference-home","$v":"Hem"},{"$i":"operator-roamingPreference-any","$v":"Någon"},{"$i":"operator-roamingPreference-affiliated","$v":"Ansluten"},{"$i":"apn","$v":"APN"},{"$i":"apnSettings","$v":"APN-inställningar"},{"$i":"apnSettings-header","$v":[{"t":"idOrVar","v":"apnSettings"}]},{"$i":"dataSettings","$v":"Datainställningar"},{"$i":"dataSettings-header","$v":[{"t":"idOrVar","v":"dataSettings"}]},{"$i":"suplSettings","$v":"A-GPS inställningar"},{"$i":"suplSettings-header","$v":[{"t":"idOrVar","v":"suplSettings"}]},{"$i":"messageSettings","$v":"Meddelandeinställningar"},{"$i":"messageSettings-header","$v":"Inställningar"},{"$i":"dunSettings","$v":"Internetdelningsinställningar"},{"$i":"dunSettings-header","$v":"Internetdelning"},{"$i":"imsSettings","$v":"IMS-inställningar"},{"$i":"imsSettings-header2","$v":[{"t":"idOrVar","v":"imsSettings"}]},{"$i":"apn-editor-header","$v":"APN-redigerare"},{"$i":"mmsport","$v":"MMS port"},{"$i":"mmsproxy","$v":"MMS proxy"},{"$i":"mmsc","$v":"MMSC"},{"$i":"httpProxyHost","$v":"HTTP proxy värd"},{"$i":"httpProxyPort","$v":"HTTP proxy port"},{"$i":"custom","$v":"(anpassade inställningar)"},{"$i":"apn-authType","$v":"Autentisering"},{"$i":"apn-authType-notDefined","$v":"Ej definierad"},{"$i":"apn-authType-none","$v":"Ingen"},{"$i":"apn-authType-pap","$v":"PAP"},{"$i":"apn-authType-chap","$v":"CHAP"},{"$i":"apn-authType-papOrChap","$v":"PAP eller CHAP"},{"$i":"apn-protocol","$v":"Protokoll"},{"$i":"apn-roaming-protocol","$v":"Roaming-protokoll"},{"$i":"apn-protocol-notDefined","$v":"Ej definierad"},{"$i":"apn-protocol-ip","$v":"IPv4"},{"$i":"apn-protocol-ipv6","$v":"IPv6"},{"$i":"apn-protocol-ipv4v6","$v":"IPv4/IPv6"},{"$i":"apn-type","$v":"APN-typ"},{"$i":"dataConnection-warning-head","$v":"Aktivera dataanslutning?"},{"$i":"dataConnection-warning-message","$v":"Program kommer automatiskt hämta data via dataanslutning när det behövs. Ytterligare avgifter kan tillkomma."},{"$i":"dataRoaming-warning-head","$v":"Aktivera dataroaming?"},{"$i":"dataRoaming-warning-message","$v":"Beroende på serviceavtal kan extra avgifter tillkomma för data när du är i ett roaming-område."},{"$i":"change-apn-warning-message1","$v":"Depending on your service agreement, changing your APN setting may result in extra charges when roaming. Do you want to proceed?"},{"$i":"reset-apn-warning-title","$v":"Återställ till standardvärdena"},{"$i":"reset-apn-warning-message","$v":"Detta återställer inställningarna till standardvärdena. Detta går inte att ångra."},{"$i":"state-unknown","$v":"Okänt tillstånd"},{"$i":"state-available","$v":"Tillgänglig"},{"$i":"state-connected","$v":"Ansluten"},{"$i":"state-current","$v":"Ansluten"},{"$i":"state-forbidden","$v":"Förbjuden"},{"$i":"delete-apn-confirm","$v":"Ta bort denna APN?"},{"$i":"delete-apn","$v":"Ta bort"},{"$i":"add-apn","$v":"Lägg till ny APN"},{"$i":"reset-apn","$v":"Återställ till standard"},{"$i":"apnSettings-reset","$v":"Återställ APN-inställningar"},{"$i":"bluetooth","$v":"Bluetooth"},{"$i":"bluetooth-header","$v":[{"t":"idOrVar","v":"bluetooth"}]},{"$i":"bluetooth-enable-msg","$v":"Aktivera Bluetooth för att visa enheter i området."},{"$i":"bluetooth-paired-devices","$v":"Parkopplade enheter"},{"$i":"bluetooth-devices-in-area","$v":"Enheter i området"},{"$i":"bluetooth-visible-to-all","$v":"Synlig för alla"},{"$i":"bluetooth-name-maxlength-alert","$v":["Enhetens namn överskrider ",{"t":"idOrVar","v":"length"},"-tecken. Försök igen."]},{"$i":"bluetooth-address","$v":"Bluetooth-adress"},{"$i":"bluetooth-address-unavailable","$v":"Inte tillgänglig"},{"$i":"bt-status-nopaired","$v":"Inga enheter parkopplade"},{"$i":"bt-status-turnoff","$v":"Inaktiverad"},{"$i":"bt-status-paired","$v":{"zero":[{"t":"idOrVar","v":"name"}],"one":[{"t":"idOrVar","v":"name"},", +",{"t":"idOrVar","v":"n"}," mer"],"two":[{"t":"idOrVar","v":"name"},", +",{"t":"idOrVar","v":"n"}," mer"],"few":[{"t":"idOrVar","v":"name"},", +",{"t":"idOrVar","v":"n"}," mer"],"many":[{"t":"idOrVar","v":"name"},", +",{"t":"idOrVar","v":"n"}," mer"],"other":[{"t":"idOrVar","v":"name"},", +",{"t":"idOrVar","v":"n"}," mer"]},"$x":[{"t":"idOrVar","v":"plural"},"n"]},{"$i":"device-status-tap-connect","$v":"Peka här för att ansluta"},{"$i":"device-status-pairing","$v":"Parkopplar med enhet…"},{"$i":"device-status-waiting","$v":"Väntar på annan enhet…"},{"$i":"device-status-paired","$v":"Parkopplade"},{"$i":"device-status-connecting","$v":"Ansluter…"},{"$i":"device-status-connected","$v":"Ansluten"},{"$i":"device-status-connected-media","$v":"Ansluten till media-ljud"},{"$i":"device-option-unpair","$v":"Ta bort parkoppling"},{"$i":"device-option-confirm","$v":"Bekräfta"},{"$i":"device-option-unpair-confirmation","$v":"Bekräftelse"},{"$i":"device-option-unpair-device","$v":"Ta bort parkopplad enhet?"},{"$i":"device-option-connect","$v":"Anslut"},{"$i":"device-option-disconnect","$v":"Koppla ner"},{"$i":"search-for-device","$v":"Söker efter enheter…"},{"$i":"search-device","$v":"Sök efter enheter"},{"$i":"rename-device","$v":"Ändra namn på min enhet"},{"$i":"unnamed-device","$v":"Okänd enhet"},{"$i":"change-phone-name-desc","$v":"Ändra namn på enheten som den visas i din dator"},{"$i":"bluetooth-new-name","$v":"Nytt namn"},{"$i":"error-pair-title","$v":"Kan inte para ihop enheter."},{"$i":"error-pair-pincode","$v":"Kan inte para ihop med enheten. Kontrollera att PIN-koden är korrekt."},{"$i":"error-pair-toofast","$v":"Kan inte para ihop med enheten. Alltför många förfrågningar."},{"$i":"error-connect-title","$v":"Kan inte ansluta enheter"},{"$i":"error-connect-msg","$v":"Kontrollera att den enhet du försöker ansluta till fortfarande är i närheten och att Bluetooth är aktiverat."},{"$i":"unpair-title","$v":"Ta bort parkoppling med ansluten enhet?"},{"$i":"unpair-msg","$v":"Du är ansluten till den här enheten. Ta bort parkoppling kommer också koppla från den."},{"$i":"nfc","$v":"NFC"},{"$i":"SSIDCannotBeEmpty","$v":"SSID kan inte vara tomt"},{"$i":"internetSharing","$v":"Internetdelning"},{"$i":"internetSharing-header","$v":[{"t":"idOrVar","v":"internetSharing"}]},{"$i":"internetSharing-usb","$v":"USB"},{"$i":"internetSharing-wifi","$v":"Wi-Fi"},{"$i":"wifi-hotspot","$v":"Wi-Fi hotspot"},{"$i":"wifi-name","$v":"Namn"},{"$i":"wifi-password","$v":"Lösenord"},{"$i":"wifi-security","$v":"Säkerhet"},{"$i":"usb-tethering","$v":"Internetdelning via USB"},{"$i":"hotspotSettings","$v":"Hotspot inställningar"},{"$i":"wifi-auth-username","$v":"Användarnamn"},{"$i":"wifi-auth-password","$v":"Lösenord"},{"$i":"wifi-join-username","$v":"Användarnamn"},{"$i":"wifi-join-password","$v":"Lösenord"},{"$i":"hotspotSettings-header","$v":[{"t":"idOrVar","v":"hotspotSettings"}]},{"$i":"ssid-name","$v":"SSID nätverksnamn"},{"$i":"hotspot-open","$v":"öppen"},{"$i":"hotspot-wpa-psk","innerHTML":"WPA (TKIP)"},{"$i":"hotspot-wpa2-psk","innerHTML":"WPA2 (AES)"},{"$i":"hotspot-password-desc","$v":"Lösenordet måste minst innehålla 8 tecken."},{"$i":"personalization","$v":"Anpassa"},{"$i":"sound","$v":"Ljud"},{"$i":"sound-header","$v":[{"t":"idOrVar","v":"sound"}]},{"$i":"volume","$v":"Volym"},{"$i":"tones","$v":"Signaler"},{"$i":"touch-tones","$v":"Knappljud"},{"$i":"touch-tone-short","$v":"Kort"},{"$i":"touch-tone-long","$v":"Lång"},{"$i":"select-tone","$v":"Välj en signal"},{"$i":"ringtones","$v":"Ringsignaler"},{"$i":"alerts","$v":"Aviseringsljud"},{"$i":"manage-tones","$v":"Hantera signaler"},{"$i":"other-sounds","$v":"Andra ljud"},{"$i":"unlock-screen","$v":"Lås upp skärm"},{"$i":"camera","$v":"Kamera"},{"$i":"sent-message","$v":"Skickat meddelande"},{"$i":"alarm-sound","$v":"Alarm"},{"$i":"ringtone-and-notification-sound","$v":"Ringsignaler & aviseringar"},{"$i":"media-sound","$v":"Media"},{"$i":"saving-tone","$v":"Sparar…"},{"$i":"no-ringtone-app","$v":"Vi kunde inte hitta en ringsignalsapp för att hantera ringsignaler!"},{"$i":"display","$v":"Skärm"},{"$i":"display-header","$v":[{"t":"idOrVar","v":"display"}]},{"$i":"brightness","$v":"Ljusstyrka"},{"$i":"brightness-autoAdjust","$v":"Justera automatiskt"},{"$i":"lockScreen","$v":"Skärmlås"},{"$i":"wallpaper","$v":"Bakgrundsbild"},{"$i":"screen-timeout","$v":"Tidsgräns för skärmlås"},{"$i":"one-minute","$v":"1 minut"},{"$i":"two-minutes","$v":"2 minuter"},{"$i":"five-minutes","$v":"5 minuter"},{"$i":"ten-minutes","$v":"10 minuter"},{"$i":"never","$v":"aldrig"},{"$i":"lock-orientation","$v":"Lås orientering"},{"$i":"navigation","$v":"Navigering"},{"$i":"navigation-header","$v":[{"t":"idOrVar","v":"navigation"}]},{"$i":"edge-swipe-navigation","$v":"Navigering"},{"$i":"edge-swipe-navigation-enable-msg","$v":"Dra från vänster eller höger kant av skärmen för att hoppa mellan appar."},{"$i":"notifications","$v":"Aviseringar"},{"$i":"notifications-header","$v":[{"t":"idOrVar","v":"notifications"}]},{"$i":"lockscreen-notifications","$v":"Visa på låst skärm"},{"$i":"notifications-resend","$v":"Visa efter omstart"},{"$i":"dateAndTime","$v":"Datum & Tid"},{"$i":"dateAndTime-header","$v":[{"t":"idOrVar","v":"dateAndTime"}]},{"$i":"setTimeAutomatically","$v":"Ställ in automatiskt"},{"$i":"setTimeManually","$v":"Ställ in manuellt"},{"$i":"timezoneMessage","$v":"Tidszon"},{"$i":"dateMessage","$v":"Datum"},{"$i":"timeMessage","$v":"Tid"},{"$i":"selectTimezoneContinent","$v":"Välj kontinent"},{"$i":"selectTimezone","$v":"Välj tidszon"},{"$i":"time-format","$v":"Format"},{"$i":"time-format-time","$v":"Tidsformat"},{"$i":"hour-12","$v":"12-timmars"},{"$i":"hour-24","$v":"24-timmars"},{"$i":"languageAndRegion","$v":"Språk & region"},{"$i":"language","$v":"Språk"},{"$i":"language-header","$v":[{"t":"idOrVar","v":"language"}]},{"$i":"region","$v":"Region"},{"$i":"more-languages","$v":"Get More Languages"},{"$i":"sample-format","$v":"Exempelformat"},{"$i":"longDateFormat","$v":"%A, %d %B, %Y"},{"$i":"simManager","$v":"Hantera SIM-kort"},{"$i":"simManager-header","$v":[{"t":"idOrVar","v":"simManager"}]},{"$i":"simSettings","$v":"SIM-inställningar"},{"$i":"sim-manager-outgoing-calls","$v":"Utgående samtal"},{"$i":"sim-manager-outgoing-call-desc","$v":"Samtal kommer att ringas från"},{"$i":"sim-manager-outgoing-messages","$v":"Utgående meddelanden"},{"$i":"sim-manager-outgoing-messages-desc","$v":"SMS skickas från"},{"$i":"sim-manager-outgoing-data","$v":"Data"},{"$i":"sim-manager-outgoing-data-description","$v":"Data servicenät och betalningar i Marketplace"},{"$i":"sim-manager-always-ask","$v":"Fråga alltid"},{"$i":"sim-pin-locked","$v":"SIM PIN låst"},{"$i":"no-operator","$v":"Ingen operatör"},{"$i":"cant-disable-simcard-alert","$v":"Åtminstone ett SIM ska vara aktiverat åt gången."},{"$i":"disable-simcard-confirm","$v":["SIM ",{"t":"idOrVar","v":"disableCardIndex"}," kan inte ta emot samtal eller meddelanden. Utgående samtal och utgående meddelanden som är inställda till SIM ",{"t":"idOrVar","v":"disableCardIndex"}," kommer att inaktiveras."]},{"$i":"change-outgoing-data-confirm","$v":"Aktuell dataöverföring kommer att avbrytas. Fortsätt ändå?"},{"$i":"homescreen","$v":"Hemskärm"},{"$i":"vertical-homescreen-header","$v":"Hemskärm"},{"$i":"vertical-homescreen-layout","$v":"Layout"},{"$i":"vertical-homescreen-icon-layout","$v":"Ikonlayout"},{"$i":"vertical-homescreen-three-columns","$v":"Tre kolumner"},{"$i":"vertical-homescreen-four-columns","$v":"Fyra kolumner"},{"$i":"notice","$v":"Notera"},{"$i":"search","$v":"Sök"},{"$i":"search-header","$v":"Sök"},{"$i":"search-engine","$v":"Sökmotor"},{"$i":"search-suggestions","$v":"Sökförslag"},{"$i":"search-suggestions-description","$v":"De tecken du skriver när du anger en sökning skickas till flera söktjänster och kommer att användas för att skicka sökförslag. Ytterligare dataavgifter kan tillkomma när du använder den här funktionen."},{"$i":"homescreens","$v":"Hemskärmar"},{"$i":"homescreens-header","$v":[{"t":"idOrVar","v":"homescreens"}]},{"$i":"changeHomescreen","$v":"Ändra hemskärm"},{"$i":"changeHomescreenButton","$v":"Ändra"},{"$i":"description","$v":"Beskrivning"},{"$i":"keyboardSettings","$v":"Tangentbordsinställningar"},{"$i":"selectedKeyboards","$v":"Valda tangentbord"},{"$i":"keyboards","$v":"Tangentbord"},{"$i":"keyboards-header","$v":[{"t":"idOrVar","v":"keyboards"}]},{"$i":"numberKeyboardLayouts","$v":"Sifferlayouter"},{"$i":"optionKeyboardLayouts","$v":"Alternativa layouter"},{"$i":"keypad","$v":"Tangentbord"},{"$i":"dialpad","$v":"Sifferknappar"},{"$i":"selectKeyboards","$v":"Välj tangentbord"},{"$i":"selectKeyboards-header","$v":[{"t":"idOrVar","v":"selectedKeyboards"}]},{"$i":"mustHaveOneKeyboard","$v":["Minst ett ",{"t":"idOrVar","v":"type"},"tangentbord ska väljas"]},{"$i":"keyboardType-text","$v":"text"},{"$i":"keyboardType-url","$v":"URL"},{"$i":"keyboardType-number","$v":"siffror"},{"$i":"defaultKeyboardEnabled","$v":[{"t":"idOrVar","v":"appName"}," ",{"t":"idOrVar","v":"layoutName"}," är satt som förvald inmatningsmetod"]},{"$i":"themes","$v":"Teman"},{"$i":"themes-header","$v":[{"t":"idOrVar","v":"themes"}]},{"$i":"fxa","$v":"Firefox-konton"},{"$i":"accounts","$v":"Kontohantering"},{"$i":"fxa-accounts","$v":"Firefox-konton"},{"$i":"fxa-accounts-header","$v":[{"t":"idOrVar","v":"fxa-accounts"}]},{"$i":"fxa-overview","$v":"Med ett Firefox-konto kan du använda funktioner som Hitta min enhet och appar som Firefox Marketplace."},{"$i":"fxa-invitation","$v":"Skapa konto eller logga in"},{"$i":"fxa-confirm-account","$v":"Bekräfta ditt konto"},{"$i":"fxa-verification-email-sent-msg","$v":["Vi kommer att skicka e-post till: ",{"t":"idOrVar","v":"email"}]},{"$i":"fxa-please-verify","$v":"Klicka på verifieringslänken i e-posten för att bekräfta ditt konto."},{"$i":"fxa-cancel-confirmation","$v":"Avbryt bekräftelse av konto"},{"$i":"fxa-resend-alert","$v":["En verifieringslänk har skickats till ",{"t":"idOrVar","v":"email"},"."]},{"$i":"fxa-dont-see-email","$v":["Hittar du inte e-post? ",{"t":"idOrVar","v":"resend"},"."]},{"$i":"fxa-resend","$v":"Skicka igen"},{"$i":"fxa-about","$v":"Om"},{"$i":"fxa-logged-in-text","$v":["Logga in som ",{"t":"idOrVar","v":"email"}]},{"$i":"fxa-signed-in-header","$v":"Inloggad"},{"$i":"fxa-marketplace-app","$v":"Marketplace"},{"$i":"fxa-find-my-device-app","$v":"Hitta min enhet"},{"$i":"fxa-options","$v":"Alternativ"},{"$i":"fxa-sign-out","$v":"Logga ut"},{"$i":"fxa-confirm-email","$v":["Var god bekräfta ",{"t":"idOrVar","v":"email"}]},{"$i":"findmydevice","$v":"Hitta min enhet"},{"$i":"findmydevice-create-account","$v":"Skapa konto eller logga in"},{"$i":"findmydevice-enable","$v":"Aktivera Hitta min enhet"},{"$i":"findmydevice-about","$v":"Om Hitta min enhet"},{"$i":"findmydevice-enable-geolocation-prompt","$v":"Aktivera geolokalisering?"},{"$i":"findmydevice-enable-geolocation-description","$v":"För att visa enhetens läge måste du aktivera spårning med geolokalisering."},{"$i":"findmydevice-geolocation-enabled","$v":"Geolokalisering aktiverad"},{"$i":"findmydevice-enable-network","$v":"Enheten är för närvarande nedkopplad. Anslut till ett nätverk och försök igen."},{"$i":"findmydevice-error","$v":"Ett fel har inträffat med Hitta min enhet."},{"$i":"findmydevice-please-try","$v":"Försök igen."},{"$i":"findmydevice-please-tap","$v":"Peka här för att försöka igen."},{"$i":"privacyAndSecurity","$v":"Sekretess & säkerhet"},{"$i":"passcode-lock","$v":"Kodlås"},{"$i":"passcode-lock-desc","$v":["Kod: ",{"t":"idOrVar","v":"code"}]},{"$i":"screenLock","$v":"Skärmlås"},{"$i":"screenLock-header","$v":[{"t":"idOrVar","v":"screenLock"}]},{"$i":"simSecurity","$v":"SIM-säkerhet"},{"$i":"simSecurity-header","$v":[{"t":"idOrVar","v":"simSecurity"}]},{"$i":"appPermissions","$v":"Behörighet app"},{"$i":"appPermissions-header","$v":[{"t":"idOrVar","v":"appPermissions"}]},{"$i":"author","$v":"Utvecklare"},{"$i":"permissions","$v":"Behörigheter"},{"$i":"revoke","$v":"Återkalla"},{"$i":"ask","$v":"Fråga"},{"$i":"deny","$v":"Neka"},{"$i":"allow","$v":"Tillåt"},{"$i":"uninstallApp","$v":"Avinstallera app"},{"$i":"phone","$v":"Telefon"},{"$i":"messages","$v":"Meddelanden"},{"$i":"vibrate","$v":"Vibrera"},{"$i":"ring","$v":"Ring"},{"$i":"change","$v":"Ändra"},{"$i":"create","$v":"Skapa"},{"$i":"create-a-passcode","$v":"Skapa en kod"},{"$i":"passcode","$v":"Kod"},{"$i":"passcode-heading","$v":"Kod"},{"$i":"enter-passcode","$v":"Ange kod"},{"$i":"new-passcode","$v":"Ny kod"},{"$i":"current-passcode","$v":"Aktuell kod"},{"$i":"incorrect-passcode","$v":"Koden är felaktig"},{"$i":"passcode-doesnt-match","$v":"Koden matchar inte. Försök igen."},{"$i":"confirm-passcode","$v":"Bekräfta kod"},{"$i":"immediately","$v":"Genast"},{"$i":"after-one-minute","$v":"Efter 1 minut"},{"$i":"after-five-minutes","$v":"Efter 5 minuter"},{"$i":"after-fifteen-minutes","$v":"Efter 15 minuter"},{"$i":"after-thirty-minutes","$v":"Efter 30 minuter"},{"$i":"after-one-hour","$v":"Efter 1 timme"},{"$i":"require-passcode","$v":"Kräv kod"},{"$i":"change-passcode","$v":"Ändra kod"},{"$i":"noSimCard","$v":"Inget SIM-kort"},{"$i":"simPin","$v":"SIM PIN-kod"},{"$i":"simPin2","$v":"SIM PIN2-kod"},{"$i":"simPinWithIndex","$v":["SIM ",{"t":"idOrVar","v":"index"}," PIN"]},{"$i":"pukCode","$v":"PUK-kod"},{"$i":"puk2Code","$v":"PUK2-kod"},{"$i":"whatIsSimPin","$v":"Vad är en SIM PIN-kod?"},{"$i":"simPinIntro1","$v":"En SIM PIN-kod förhindrar åtkomst till SIM-kortets mobila datanät. När den är aktiverad, kommer alla enheter som innehåller SIM-kortet begära PIN-kod vid omstart."},{"$i":"simPinIntro2","$v":"En SIM PIN-kod är inte samma sak som koden som används för att låsa upp enheten."},{"$i":"changeSimPin","$v":"Ändra PIN-kod"},{"$i":"simPinChangedSuccessfully","$v":"SIM PIN-kod ändrad"},{"$i":"simPinChangedSuccessfullyWithIndex","$v":["SIM ",{"t":"idOrVar","v":"index"}," PIN-kod ändrad"]},{"$i":"pinTitle","$v":"Ange SIM PIN-kod"},{"$i":"pin2Title","$v":"Ange SIM PIN2-kod"},{"$i":"pukTitle","$v":"Ange PUK-kod"},{"$i":"puk2Title","$v":"Ange PUK2-kod"},{"$i":"newpinTitle","$v":"Ny PIN-kod"},{"$i":"inputCodeRetriesLeft","$v":{"one":"Sista försöket.","two":[{"t":"idOrVar","v":"n"}," försök kvar."],"few":[{"t":"idOrVar","v":"n"}," försök kvar."],"many":[{"t":"idOrVar","v":"n"}," försök kvar."],"other":[{"t":"idOrVar","v":"n"}," försök kvar."]},"$x":[{"t":"idOrVar","v":"plural"},"n"]},{"$i":"pinAttemptMsg3","$v":{"one":"Du har ett försök kvar att ange rätt kod innan SIM-kortet låser sig.","two":["Du har ",{"t":"idOrVar","v":"n"}," försök kvar att ange rätt kod innan SIM-kortet låser sig."],"few":["Du har ",{"t":"idOrVar","v":"n"}," försök kvar att ange rätt kod innan SIM-kortet låser sig."],"many":["Du har ",{"t":"idOrVar","v":"n"}," försök kvar att ange rätt kod innan SIM-kortet låser sig."],"other":["Du har ",{"t":"idOrVar","v":"n"}," försök kvar att ange rätt kod innan SIM-kortet låser sig."]},"$x":[{"t":"idOrVar","v":"plural"},"n"]},{"$i":"pinLastChanceMsg","$v":"Detta är sista chansen att ange rätt PIN-kod. Annars måste du ange PUK-koden för att låsa upp SIM-kortet."},{"$i":"simCardLockedMsg","$v":"SIM-kortet är låst."},{"$i":"simCardBlockedMsg","$v":"SIM-kortet är spärrat."},{"$i":"enterPukMsg","$v":"Du måste ange din personliga upplåsningskod (PUK) för SIM-kortet. Se SIM-kortets dokumentation eller kontakta din operatör för mer information."},{"$i":"enterPuk2Msg","$v":"Du måste ange din personliga upplåsningskod (PUK2) för SIM-kortet. Se SIM-kortets dokumentation eller kontakta din operatör för mer information."},{"$i":"pukErrorMsg","$v":"Felaktig PUK-kod."},{"$i":"pukAttemptMsg3","$v":{"one":"Du har ett försök kvar att ange rätt kod innan SIM-kortet kommer att vara permanent oanvändbart. Se SIM-kortets dokumentation eller kontakta din operatör för mer information.","two":["Du har ",{"t":"idOrVar","v":"n"}," försök kvar att ange rätt kod innan SIM-kortet kommer att vara permanent oanvändbart. Se SIM-kortets dokumentation eller kontakta din operatör för mer information."],"few":["Du har ",{"t":"idOrVar","v":"n"}," försök kvar att ange rätt kod innan SIM-kortet kommer att vara permanent oanvändbart. Se SIM-kortets dokumentation eller kontakta din operatör för mer information."],"many":["Du har ",{"t":"idOrVar","v":"n"}," försök kvar att ange rätt kod innan SIM-kortet kommer att vara permanent oanvändbart. Se SIM-kortets dokumentation eller kontakta din operatör för mer information."],"other":["Du har ",{"t":"idOrVar","v":"n"}," försök kvar att ange rätt kod innan SIM-kortet kommer att vara permanent oanvändbart. Se SIM-kortets dokumentation eller kontakta din operatör för mer information."]},"$x":[{"t":"idOrVar","v":"plural"},"n"]},{"$i":"pukLastChanceMsg","$v":"Detta är sista chansen att ange rätt PUK-kod. Ditt SIM-kort kommer att vara permanent oanvändbart om du anger fel PUK-kod."},{"$i":"newSimPinMsg","$v":"Skapa PIN-kod (måste innehålla 4 till 8 siffror)"},{"$i":"newSimPin2Msg","$v":"Skapa PIN2-kod (måste innehålla 4 till 8 siffror)"},{"$i":"confirmNewSimPinMsg","$v":"Bekräfta ny PIN-kod"},{"$i":"confirmNewSimPin2Msg","$v":"Bekräfta ny PIN2-kod"},{"$i":"newPinErrorMsg","$v":"PIN-koderna matchar inte."},{"$i":"simLockedPhone","$v":"Låst SIM-kort för telefon"},{"$i":"unknownSimCardState","$v":"Okänt tillstånd för SIM-kortet"},{"$i":"simCardNotReady","$v":"SIM-kortet är inte redo"},{"$i":"simCardIllegal","$v":"Otillåtet SIM-kort"},{"$i":"doNotTrack","$v":"Spåra mig inte"},{"$i":"doNotTrack-header","$v":[{"t":"idOrVar","v":"doNotTrack"}]},{"$i":"doNotTrackActions","$v":"Tala om för webbplatser och appar att jag inte vill spåras"},{"$i":"allowTracking","$v":"Tala om för webbplatser och appar att jag vill spåras"},{"$i":"doNotHavePrefOnTracking","$v":"Tala inte om för webbplatser och appar något om mina spårningsinställningar"},{"$i":"doNotTrack-dt","$v":"Hur fungerar 'Spåra mig inte'?"},{"$i":"doNotTrack-dd1","$v":"När du aktiverar 'Spåra mig inte', berättar enheten för varje webbplats och app (liksom annonsörer och andra innehållsleverantörer) att ditt beteende inte ska spåras."},{"$i":"doNotTrack-dd2","$v":"Aktivera 'Spåra mig inte' påverkar inte din förmåga att logga in på webbplatser eller orsakar att enheten glömmer din privata information, t.ex. innehållet i kundvagnar, platsinformation eller inloggningsinformation."},{"$i":"browsingPrivacy","$v":"Webbintegritet"},{"$i":"browsingPrivacy-header","$v":[{"t":"idOrVar","v":"browsingPrivacy"}]},{"$i":"confirm-clear-title","$v":"Bekräftelse"},{"$i":"clear-browsing-history","$v":"Rensa webbhistorik"},{"$i":"confirm-clear-browsing-history","$v":"Rensa webbhistorik?"},{"$i":"clear-cookies-and-stored-data","$v":"Rensa kakor och lagrad data"},{"$i":"confirm-clear-cookies-and-stored-data","$v":"Rensa kakor och annan data som lagras av webbplatser på den här enheten?"},{"$i":"clear","$v":"Rensa"},{"$i":"privacy-controls","$v":"Privacy Controls"},{"$i":"no-privacy-panel","$v":"No privacy panel app found"},{"$i":"storage","$v":"Lagring"},{"$i":"enableUSBStorage1","$v":"USB-lagring"},{"$i":"umsUnplugToDisable","$v":"Koppla ur USB-kabeln för att inaktivera"},{"$i":"appStorage","$v":"Lagring av appar"},{"$i":"appStorage-header","$v":[{"t":"idOrVar","v":"appStorage"}]},{"$i":"storageSize","$v":[{"t":"idOrVar","v":"size"}," ",{"t":"idOrVar","v":"unit"}]},{"$i":"availableSize","$v":{"zero":[{"t":"idOrVar","v":"size"}," ",{"t":"idOrVar","v":"unit"}," tillgängligt"],"one":[{"t":"idOrVar","v":"size"}," ",{"t":"idOrVar","v":"unit"}," tillgängligt"],"two":[{"t":"idOrVar","v":"size"}," ",{"t":"idOrVar","v":"unit"}," tillgängligt"],"few":[{"t":"idOrVar","v":"size"}," ",{"t":"idOrVar","v":"unit"}," tillgängligt"],"many":[{"t":"idOrVar","v":"size"}," ",{"t":"idOrVar","v":"unit"}," tillgängligt"],"other":[{"t":"idOrVar","v":"size"}," ",{"t":"idOrVar","v":"unit"}," tillgängligt"]},"$x":[{"t":"idOrVar","v":"plural"},"size"]},{"$i":"apps-total-space","$v":"Totalt utrymme"},{"$i":"apps-used-space","$v":"Använt"},{"$i":"apps-free-space","$v":"Ledigt"},{"$i":"storage-details","$v":"Bilder, videor och musik lagras separat från appar. Se lagringsmedia för detaljer."},{"$i":"ums-shared-volumes","$v":[{"t":"idOrVar","v":"list"}," delade"]},{"$i":"transferProtocol-header","$v":"Överföringsprotokoll"},{"$i":"protocol-mtp","$v":"Mediaöverföringsprotokoll (MTP)"},{"$i":"protocol-ums","$v":"USB-masslagring (UMS)"},{"$i":"mediaStorage","$v":"Lagringsmedia"},{"$i":"mediaStorage-header","$v":[{"t":"idOrVar","v":"mediaStorage"}]},{"$i":"storage-name-internal","$v":"Internt lagringsutrymme"},{"$i":"storage-name-external-0","$v":"Lagringsutrymme minneskort"},{"$i":"storage-name-external-1","$v":"Lagringsutrymme minneskort 2"},{"$i":"short-storage-name-internal","$v":"Internt"},{"$i":"short-storage-name-external-0","$v":"Minneskort"},{"$i":"short-storage-name-external-1","$v":"Minneskort 2"},{"$i":"music-space","$v":"Musik"},{"$i":"pictures-space","$v":"Bilder"},{"$i":"videos-space","$v":"Filmer"},{"$i":"left-space","$v":"Ledigt utrymme"},{"$i":"free-space","$v":"Ledigt utrymme"},{"$i":"total-space","$v":"Totalt utrymme"},{"$i":"size-not-available","$v":"Inte tillgängligt"},{"$i":"no-storage","$v":"Inget lagringsutrymme hittades"},{"$i":"advanced","$v":"Avancerat"},{"$i":"ums-warning-title","$v":"Aktivera USB-lagring?"},{"$i":"default-media-location","$v":"Standardplats för media"},{"$i":"default-media-location-msg","$v":"Välj var bilder, videor, musik och nedladdningar sparas som standard."},{"$i":"change-default-media-location-confirmation","$v":"Ändring av standardplats för lagring av media kommer att påverka vart samtliga media kommer att sparas som standard. Befintlig data kommer att vara kvar på sin nuvarande plats. Vill du fortsätta?"},{"$i":"eject-sdcard-external-0","$v":"Mata ut minneskort"},{"$i":"eject-sdcard-external-1","$v":"Mata ut minneskort 2"},{"$i":"format-sdcard-internal","$v":"Formatera intern lagring"},{"$i":"format-sdcard-external-0","$v":"Formatera minneskort"},{"$i":"format-sdcard-external-1","$v":"Formatera minneskort 2"},{"$i":"formatting","$v":"Formatering..."},{"$i":"unmount-sdcard-confirmation","$v":"Du kommer inte att kunna komma åt innehållet på minneskortet efter att du avmonterat det. Vill du fortsätta?"},{"$i":"format-sdcard-title","$v":"Formatera minneskort"},{"$i":"format-sdcard-message","$v":"Detta kommer att radera all data på minneskortet, som musik och bilder."},{"$i":"format-sdcard-internal-title","$v":"Formatera intern lagring"},{"$i":"format-sdcard-internal-message","$v":"Detta kommer att radera all data på din interna lagring, som musik och bilder."},{"$i":"format-sdcard-btnformat","$v":"Formatera"},{"$i":"sdcardUnmounted","$v":"Minneskort omonterat"},{"$i":"device","$v":"Enhet"},{"$i":"help","$v":"Hjälp"},{"$i":"deviceInfo","$v":"Enhetsinformation"},{"$i":"deviceInfo-header","$v":[{"t":"idOrVar","v":"deviceInfo"}]},{"$i":"deviceInfo-IMEI","$v":"IMEI"},{"$i":"deviceInfo-ICCID","$v":"ICCID"},{"$i":"deviceInfo-MSISDN","$v":"Telefonnummer"},{"$i":"deviceInfo-ICCID-unavailable-sim","$v":["SIM ",{"t":"idOrVar","v":"index"},": Inte tillgänglig"]},{"$i":"downloads","$v":"Nedladdningar"},{"$i":"downloads-header","$v":[{"t":"idOrVar","v":"downloads"}]},{"$i":"unknown-phoneNumber","$v":"Okänt"},{"$i":"unknown-phoneNumber-sim","$v":["SIM ",{"t":"idOrVar","v":"index"},": Okänt"]},{"$i":"gitInfo","$v":"Git commit info"},{"$i":"developer","$v":"Utvecklare"},{"$i":"developer-header","$v":[{"t":"idOrVar","v":"developer"}]},{"$i":"hud-settings-button","$v":"Utvecklar-HUD"},{"$i":"hud-settings-header","$v":[{"t":"idOrVar","v":"hud-settings-button"}]},{"$i":"hud-devtools","$v":"Utvecklarverktyg"},{"$i":"hud-devtools-header","$v":[{"t":"idOrVar","v":"hud-devtools"}]},{"$i":"hud-logging","$v":"Logga ändringar i ADB"},{"$i":"hud-system","$v":"Visa system HUD"},{"$i":"hud-problems","$v":"Problem"},{"$i":"hud-warnings","$v":"Varningar"},{"$i":"hud-errors","$v":"Fel"},{"$i":"hud-security","$v":"Säkerhetsfrågor"},{"$i":"hud-performance","$v":"Prestanda"},{"$i":"hud-reflows","$v":"Återflöden"},{"$i":"hud-jank","$v":"Jank"},{"$i":"jank-threshold","$v":"Jank-tröskel"},{"$i":"hud-fps","$v":"Bilder per sekund"},{"$i":"hud-ttl","$v":"Laddningstid"},{"$i":"hud-memory","$v":"Minne"},{"$i":"hud-uss","$v":"Unika storlekar"},{"$i":"hud-appmemory","$v":"App-minne"},{"$i":"hud-jsobjects","$v":"JS-objekt"},{"$i":"hud-jsstrings","$v":"JS-strängar"},{"$i":"hud-jsother","$v":"JS annat"},{"$i":"hud-dom","$v":"DOM"},{"$i":"hud-style","$v":"Stil"},{"$i":"hud-other","$v":"Annat"},{"$i":"software","$v":"Programvara"},{"$i":"devSettings","$v":"Utvecklingsinställningar"},{"$i":"debug","$v":"Felsök"},{"$i":"developer-menu","$v":"Utvecklarmeny"},{"$i":"developer-tools","$v":"Utvecklarverktyg"},{"$i":"graphics","$v":"Grafik"},{"$i":"hardware-composer","$v":"Hårdvara kompositör"},{"$i":"paint-flashing","$v":"Blinka ommålat område"},{"$i":"dumps-layers","$v":"Dumpa trädlager"},{"$i":"dumps-layerscope","$v":"Dumpa layerscope"},{"$i":"apz-overscroll","$v":"Överscrollning"},{"$i":"tiling","$v":"Rutnät"},{"$i":"low-precision","$v":"Låg precisions målning"},{"$i":"low-opacity","$v":"Låg precisions transparens"},{"$i":"draw-tile-borders","$v":"Rita kantrutor"},{"$i":"draw-layer-borders","$v":"Rita kantlager"},{"$i":"log-animations","$v":"Logga långsamma animeringar"},{"$i":"remote-debugging-usb","$v":"Felsökning via USB"},{"$i":"dev-tools-wifi","$v":"DevTools via Wi-Fi"},{"$i":"dev-tools-qps","$v":"Pseudo-lokalisering"},{"$i":"debugger-disabled","$v":"Avaktivera"},{"$i":"debugger-adb-only","$v":"Endast ADB"},{"$i":"debugger-adb-and-devtools","$v":"ADB och DevTools"},{"$i":"wifi-debugging","$v":"Wi-Fi utdata i ADB"},{"$i":"bluetooth-debugging","$v":"Bluetooth utdata i ADB"},{"$i":"bluetooth-snoop-debugging","$v":"Bluetooth HCI sniffing logs to sdcard"},{"$i":"nfc-debugging","$v":"NFC utdata i ADB"},{"$i":"ril-debugging","$v":"RIL output in ADB"},{"$i":"console-enabled","$v":"Konsol aktiverad"},{"$i":"cards-view-screenshots","$v":"Kortvy: Skärmdump"},{"$i":"geolocation-debugging-enabled","$v":"Geolokalisering utdata i ADB"},{"$i":"geolocation-debugging-gps-locations-ignored","$v":"Ignorera GPS-positioner"},{"$i":"use-reviewer-certs","$v":"Använd Marketplace omdömes certifikat"},{"$i":"shake-to-log","$v":"Skaka för att spara systemlogg"},{"$i":"model-name","$v":"Modell"},{"$i":"os-version","$v":"OS version"},{"$i":"firmware_revision","$v":"Programvaruversion"},{"$i":"hardware_revision","$v":"Hårdvaruversion"},{"$i":"platform_version","$v":"Plattformsversion"},{"$i":"build-id","$v":"Bygg-id"},{"$i":"update-channel","$v":"Uppdateringskanal"},{"$i":"build_number","$v":"Byggnummer"},{"$i":"update-url","$v":"Uppdaterings-URL"},{"$i":"last-updated","$v":"Senast uppdaterad"},{"$i":"more-info","$v":"Mer information"},{"$i":"more-info-header","$v":[{"t":"idOrVar","v":"more-info"}]},{"$i":"softwareUpdates","$v":"Programuppdateringar"},{"$i":"check-update-daily","$v":"Dagligen"},{"$i":"check-update-weekly","$v":"Veckovis"},{"$i":"check-update-monthly","$v":"Månadsvis"},{"$i":"check-for-updates","$v":"Sök efter uppdateringar"},{"$i":"check-update-now","$v":"Kontrollera nu"},{"$i":"update-status","$v":"Status för uppdatering"},{"$i":"no-network-when-update","$v":"Anslut till internet för att fortsätta med uppdateringen."},{"$i":"checking-for-update","$v":"Söker efter uppdateringar…"},{"$i":"no-updates","$v":"Inga uppdateringar hittades"},{"$i":"retry-when-online","$v":"Nätverket är nedkopplat. Kommer att kontrollera igen när nätverket är anslutet."},{"$i":"already-latest-version","$v":["Detta är redan den senaste versionen av ",{"t":"idOrVar","v":"brandShortName"}]},{"$i":"check-error","$v":"Ett fel uppstod vid kontroll av uppdateringar."},{"$i":"aboutBrowserOS","$v":["Om ",{"t":"idOrVar","v":"brandShortName"}]},{"$i":"browser-os-desc","$v":[{"t":"idOrVar","v":"brandShortName"}," är det fria operativsystemet från Mozilla med öppen källkod. Vår uppgift är att främja öppenhet, innovation och möjligheter genom att hålla kraften hos internet i dina händer."]},{"$i":"learn-more","$v":"Läs mer"},{"$i":"reset-head","$v":"Återställ"},{"$i":"reset-warning-title","$v":"VARNING"},{"$i":"unlock-privileges","$v":"Unlock Privileges"},{"$i":"reset-devtools","$v":"Reset and enable full DevTools"},{"$i":"reset-devtools-warning-title","$v":"CAUTION"},{"$i":"your-rights","$v":"Dina rättigheter"},{"$i":"your-rights-header","$v":[{"t":"idOrVar","v":"your-rights"}]},{"$i":"about-your-rights-0","$v":[{"t":"idOrVar","v":"brandShortName"}," bygger på fri och öppen källkod som utvecklats av en gemenskap med tusentals människor från hela världen. Det finns några saker du bör känna till:"]},{"$i":"about-your-rights-1","$v":[{"t":"idOrVar","v":"brandShortName"}," görs tillgänglig för dig enligt villkoren i flera öppna källkods-licenser, inklusive Mozilla Public License. En enhet som kör ",{"t":"idOrVar","v":"brandShortName"}," kan också innehålla egenutvecklade programvaror från tredje part. All kod som ges enligt öppna licenser ger dig rätt att ändra källkoden och sprida modifierade versioner så länge du följer deras villkor."]},{"$i":"about-your-rights-2","$v":["Du har inte beviljats några rättigheter till varumärket eller licenser till varumärken som tillhör Mozilla Foundation eller någon part, inklusive utan begränsning till ",{"t":"idOrVar","v":"brandShortName"},"-namn eller logotyp."]},{"$i":"about-your-rights-3","$v":["Vissa funktioner i ",{"t":"idOrVar","v":"brandShortName"},", som kraschrapporter, ger dig möjlighet att ge återkoppling till Mozilla. Genom att skicka återkoppling, ger du Mozilla tillstånd att använda återkopplingen för att förbättra sina produkter, att offentliggöra återkopplingen på sina webbplatser och att sprida återkopplingen."]},{"$i":"about-legal-info","$v":"Juridisk information"},{"$i":"about-credit-info","$v":"Tack till"},{"$i":"about-legal-info-header","$v":[{"t":"idOrVar","v":"about-legal-info"}]},{"$i":"open-source-notices","$v":"Meddelanden öppen källkod"},{"$i":"open-source-notices-header","$v":[{"t":"idOrVar","v":"open-source-notices"}]},{"$i":"obtaining-source-code","$v":"Skaffa källkod"},{"$i":"obtaining-source-code-header","$v":[{"t":"idOrVar","v":"obtaining-source-code"}]},{"$i":"about-mozilla","$v":"Mozilla"},{"$i":"about-other","$v":"Andra"},{"$i":"your-privacy","$v":"Din sekretesspolicy"},{"$i":"your-privacy-header","$v":[{"t":"idOrVar","v":"your-privacy"}]},{"$i":"licensing-1","$v":"Binaries of this product have been made available to you by the Mozilla Project, under the Mozilla Public License 2.0 (MPL). Know your rights."},{"$i":"licensing-2","$v":"All of the source code to this product is available under licenses that are both free and open source. Most of it is available under the Mozilla Public License 2.0 (MPL)."},{"$i":"licensing-3","$v":"The remainder of the software that is not under the Mozilla Public License 2.0 MPL is available under one of a variety of other licenses. Those that require reproduction of the license text in the distribution are given below. (Note: Your copy of this product may not contain code covered by one or more of the licenses listed here, depending on the exact product and version you choose.)"},{"$i":"licensing-MPL","$v":"Mozilla Public License 2.0"},{"$i":"licensing-Apache","$v":"Apache License 2.0"},{"$i":"launch-ftu","$v":"Starta snabbstartsguide"},{"$i":"no-ftu","$v":"Ingen app hittades för snabbstartsguide"},{"$i":"software-home-button","$v":"Hemknapp för program "},{"$i":"home-gesture","$v":"Hemgester"},{"$i":"continuous-transition","$v":"Kontinuerliga övergångar"},{"$i":"debug-gaia-enabled","$v":"Gaia felsökningsspår"},{"$i":"showScreenReaderSettings","$v":"Visa skärmläsarinställningar"},{"$i":"app-transition","$v":"App-övergång"},{"$i":"app-suspending","$v":"App-avbryt"},{"$i":"copypaste","$v":"Copy/paste"},{"$i":"verbose-app-permissions","$v":"Utförliga app-rättigheter"},{"$i":"window-management","$v":"Fönsterhantering"},{"$i":"downloads-edit","$v":"Redigera nedladdningar"},{"$i":"downloads-select-all","$v":"Markera alla"},{"$i":"downloads-deselect-all","$v":"Avmarkera alla"},{"$i":"downloads-delete","$v":"Ta bort"},{"$i":"battery","$v":"Batteri"},{"$i":"battery-header","$v":[{"t":"idOrVar","v":"battery"}]},{"$i":"batteryLevel","$v":"Aktuell nivå"},{"$i":"batteryLevel-percent-unplugged","$v":[{"t":"idOrVar","v":"level"},"%"]},{"$i":"batteryLevel-percent-charging","$v":[{"t":"idOrVar","v":"level"},"% (laddar)"]},{"$i":"batteryLevel-percent-charged","$v":[{"t":"idOrVar","v":"level"},"% (laddat)"]},{"$i":"powerSaveModeTitle","$v":"Energisparläge"},{"$i":"powerSaveMode","$v":"Energisparläge"},{"$i":"powerSave-threshold","$v":[{"t":"idOrVar","v":"level"},"% batteri kvar"]},{"$i":"turnOnAuto","$v":"Aktivera automatiskt"},{"$i":"accessibility","$v":"Hjälpmedel"},{"$i":"accessibility-header","$v":[{"t":"idOrVar","v":"accessibility"}]},{"$i":"screenReader","$v":"Skärmläsare"},{"$i":"screenReader-header","$v":[{"t":"idOrVar","v":"screenReader"}]},{"$i":"screenReader-toggle","$v":[{"t":"idOrVar","v":"screenReader"}]},{"$i":"colorFilter","$v":"Färgfilter"},{"$i":"colorFilter-header","$v":[{"t":"idOrVar","v":"colorFilter"}]},{"$i":"colorFilter-toggle","$v":[{"t":"idOrVar","v":"colorFilter"}]},{"$i":"screenReader-captions","$v":"Visa tal"},{"$i":"screenReader-enable-msg","$v":"När skärmläsaren är aktiverad kommer enheten att ge talad återkoppling för att hjälpa blinda och användare med nedsatt syn."},{"$i":"screen-reader-speech-volume","$v":"Talvolym"},{"$i":"screen-reader-speech-rate","$v":"Talhastighet"},{"$i":"screenReader-confirm-title-start","$v":"Starta skärmläsare?"},{"$i":"screenReader-confirm-description-start","$v":"Aktivering av skärmläsaren kommer att förändra hur din pekskärm fungerar. Peka var som helst på skärmen för att höra objektet under fingret och dubbelklicka för att aktivera."},{"$i":"screenReader-confirm-button-start","$v":"Starta"},{"$i":"screenReader-confirm-title-stop","$v":"Stoppa skärmläsare?"},{"$i":"screenReader-confirm-description-stop","$v":"Stopp av skärmläsaren kommer avsluta all talad återkoppling."},{"$i":"screenReader-confirm-button-stop","$v":"Stoppa"},{"$i":"colorFilter-invert","$v":"Invertera"},{"$i":"colorFilter-grayscale","$v":"Gråskala"},{"$i":"colorFilter-contrast","$v":"Kontrast"},{"$i":"improveBrowserOS","$v":["Förbättra ",{"t":"idOrVar","v":"brandShortName"}]},{"$i":"improveBrowserOSTitle","$v":["Förbättra ",{"t":"idOrVar","v":"brandShortName"}]},{"$i":"sendMozillaFeedback","$v":"Skicka återkoppling till Mozilla"},{"$i":"performanceAndUsageData","$v":"Prestanda och användaruppgifter"},{"$i":"sharePerformanceAndUsageData","$v":"Skicka uppgifter"},{"$i":"appUsageByRegion","$v":"App usage by region"},{"$i":"crashReports","$v":"Kraschrapporter"},{"$i":"crashReports-header","$v":[{"t":"idOrVar","v":"crashReports"}]},{"$i":"crashReportInfo","$v":"Att skicka Mozilla en rapport när en krasch inträffar hjälper oss att åtgärda problemet för alla. Rapporter skickas endast via Wi-Fi."},{"$i":"alwaysSendReport","$v":"Skicka alltid en rapport"},{"$i":"neverSendReport","$v":"Skicka aldrig en rapport"},{"$i":"askToSendReport2","$v":"Fråga varje gång"},{"$i":"crash-reports-description-1","$v":"En kraschrapport innehåller några detaljer om kraschen och enheten samt en ögonblicksbild av läget i enheten när den kraschade."},{"$i":"crash-reports-description-2","$v":"Den kan innehålla saker som öppna sidor och appar, text i formulär och innehållet i öppna meddelanden, webbhistorik, eller geolokalisering som används av en öppen app."},{"$i":"crash-reports-description-3-start","$v":"Vi använder kraschrapporter för att försöka lösa problem och förbättra våra produkter. Vi hanterar din information som vi beskriver i vår"},{"$i":"crash-reports-description-3-privacy","$v":"sekretesspolicy"},{"$i":"crash-reports-description-3-end","$v":"."},{"$i":"sendFeedbackTitle","$v":"Skicka in din återkoppling"},{"$i":"feedback-description","$v":"Din återkoppling hjälper oss att förbättra Firefox OS."},{"$i":"feedback-happy","$v":"Glad"},{"$i":"feedback-sad","$v":"Ledsen"},{"$i":"feedback-mood-description","$v":"Hur känner du dig?"},{"$i":"feedback_whyfeel_happy","$v":"Varför känner du dig glad?"},{"$i":"feedback_whyfeel_sad","$v":"Varför känner du dig ledsen?"},{"$i":"feedback-mood-explain","$v":"Berätta för oss i detalj."},{"$i":"feedback-public-description","$v":"Innehållet i din återkoppling kommer vara offentlig, så se till att den inte innehåller någon personlig information."},{"$i":"feedback-contactyou","$v":"Markera här för att låta oss kontakta dig via din e-postadress."},{"$i":"email-address1","$v":"E-postadress:"},{"$i":"email-keepprivate","$v":"Oroa dig inte. Din e-postadress kommer alltid vara privat."},{"$i":"feedback-sendbtn","$v":"Skicka återkoppling"},{"$i":"feedback-errormessage-connect-error","$v":"Tyvärr kan systemet inte skicka era in synpunkter på grund av ett dataanslutningsfel. Försök igen när problemet är löst."},{"$i":"feedback-errormessage-server-off","$v":"Tyvärr kan systemet inte skicka era in synpunkter eftersom servern är avstängd. Vänta en stund och försök igen."},{"$i":"feedback-errormessage-timeout","$v":"Tyvärr kan systemet inte skicka era in synpunkter på grund av en timeout. Starta om och försök igen."},{"$i":"feedback-errormessage-wrong-email","$v":"Tyvärr kan systemet inte skicka in era synpunkter eftersom e-postadressen saknas eller på grund av formateringsfel. Använd en giltig e-postadress och försök igen."},{"$i":"feedback-errormessage-empty-comment","$v":"Tyvärr kan systemet inte skicka in era synpunkter eftersom kommentarfältet är tomt. Ange en text och försök igen."},{"$i":"feedback-errormessage-just-sent","$v":"Tyvärr kan systemet inte skicka in era synpunkter eftersom du redan skickat oss återkoppling. Prova med vår nästa programuppdatering och skicka igen."},{"$i":"feedback-complete-msg","$v":"Tack för din återkoppling! Vi använder den för att skapa bättre upplevelser i framtida versioner av Firefox OS."},{"$i":"online-support","$v":"Support på nätet:"},{"$i":"call-support","$v":"Ring support:"},{"$i":"user-guide","$v":"Manual"},{"$i":"default-support","$v":"Kontakta din lokala leverantör för support."},{"$i":"operatorServices","$v":"Operatörstjänster"},{"$i":"operatorServices-help","$v":"Hjälp"},{"$i":"operatorServices-helpmenu","$v":"Hjälpmeny"},{"$i":"stkAppsNotAvailable","$v":"Applikationer för SIM-kortet är inte tillgängliga."},{"$i":"simToolkit","$v":"SIM-verktyg"},{"$i":"stkItemsNaiSetUpCall","$v":"Konfigurera samtal"},{"$i":"stkItemsNaiSendSs","$v":"Skicka SS"},{"$i":"stkItemsNaiSendUssd","$v":"Skicka USSD"},{"$i":"stkItemsNaiSendSms","$v":"Skicka SMS"},{"$i":"stkItemsNaiSendDtmf","$v":"Skicka DTMF"},{"$i":"stkItemsNaiLaunchBrowser","$v":"Starta webbläsare"},{"$i":"stkItemsNaiPlayTone","$v":"Spela signal"},{"$i":"stkItemsNaiDisplayText","$v":"Visa text"},{"$i":"stkItemsNaiGetInkey","$v":"Hämta inkey"},{"$i":"stkItemsNaiGetInput","$v":"Hämta input"},{"$i":"stkItemsNaiSelectItem","$v":"Markera objekt"},{"$i":"stkItemsNaiSetUpMenu","$v":"Konfigurera meny"},{"$i":"stkItemsNaiProvideLocalInfo","$v":"Ge lokal information"},{"$i":"stkItemsNaiSetIdleModeText","$v":"Ange vänteläge SMS"},{"$i":"stkItemsNaiPerformCardApdu","$v":"Perform Card APDU"},{"$i":"stkItemsNaiPowerOnCard","$v":"Power On Card"},{"$i":"stkItemsNaiPowerOffCard","$v":"Power Off Card"},{"$i":"stkItemsNaiGetReaderStatus","$v":"Get Reader Status"},{"$i":"stkItemsNaiOpenChannel","$v":"Öppna kanal"},{"$i":"stkItemsNaiCloseChannel","$v":"Stäng kanal"},{"$i":"stkItemsNaiReceiveData","$v":"Motta data"},{"$i":"stkItemsNaiSendData","$v":"Skicka data"},{"$i":"stkItemsNaiGetChannelStatus","$v":"Hämta kanalstatus"},{"$i":"stkItemsNaiEndOfTheProactiveSession","$v":"End of the proactive session"},{"$i":"is-warning-storage-header","$v":"USB-lagring"},{"$i":"is-warning-tethering-header","$v":"Internetdelning via USB"},{"$i":"is-warning-wifi-header","$v":"Wi-Fi hotspot"},{"$i":"is-warning-storage-tethering-message","$v":"Aktivera USB-lagring kommer att inaktivera internetdelning via USB. Vill du aktivera USB-lagring?"},{"$i":"is-warning-tethering-storage-message","$v":"Aktivera internetdelning via USB kommer att inaktivera USB-lagring. Vill du aktivera internetdelning via USB?"},{"$i":"is-warning-tethering-wifi-message","$v":"Aktivera internetdelning via USB kommer att inaktivera Wi-Fi hotspot. Vill du aktivera internetdelning via USB?"},{"$i":"is-warning-wifi-tethering-message","$v":"Aktivera Wi-Fi hotspot kommer att inaktivera internetdelning via USB. Vill du aktivera Wi-Fi hotspot?"},{"$i":"settings-dialog-alert","$v":"Alert"},{"$i":"settings-dialog-confirm","$v":"Confirm"},{"$i":"settings-dialog-prompt","$v":"Prompt"},{"$i":"settings-alert-dialog-header","$v":[{"t":"idOrVar","v":"settings-dialog-alert"}]},{"$i":"settings-confirm-dialog-header","$v":[{"t":"idOrVar","v":"settings-dialog-confirm"}]},{"$i":"settings-prompt-dialog-header","$v":[{"t":"idOrVar","v":"settings-dialog-prompt"}]},{"$i":"addons","$v":"Addons"},{"$i":"addons-header","$v":[{"t":"idOrVar","v":"addons"}]},{"$i":"change-device-name","$v":"Ändra telefonnamn"},{"$i":"internetSharing-usb-desc","$v":"Dela min telefons internetanslutning med en USB-ansluten enhet."},{"$i":"internetSharing-wifi-desc","$v":"Tillåt andra enheter att dela min telefons internetanslutning genom att ansluta via Wi-Fi."},{"$i":"unplayable-ringtone","$v":"Ringsignalen kan inte ändras eftersom den valda filen inte kan spelas upp på den här telefonen."},{"$i":"findmydevice-signup-description","$v":"Med Hitta min enhet kan du lokalisera, låsa eller radera din telefonen"},{"$i":"findmydevice-settings-description","$v":"Med Hitta min enhet kan du lokalisera, låsa eller radera din telefonen från en webbplats:"},{"$i":"findmydevice-active-tracking","$v":"Din telefon spåras av en annan enhet via webbplatsen."},{"$i":"findmydevice-not-tracking","$v":"Inga enheter spårar aktivt din telefon via webbplatsen."},{"$i":"ums-confirm","$v":"Aktivering av USB-lagring ger en annan dator eller enhet ansluten via USB åtkomst till filer på telefonen."},{"$i":"reset-device","$v":"Återställ telefon"},{"$i":"reset-warning-body","$v":"Återställning raderar alla din data, inklusive alla program som du har köpt. Telefonen kommer att återställas till fabriksinställningarna. Inga av dina inställningar eller data sparas."},{"$i":"reset-devtools-warning-body","$v":"Resetting will erase all your data, including any apps you’ve purchased. None of your settings or data will be saved. But your phone will have unrestricted developer tools, allowing you to modify and debug system applications."},{"$i":"powerSave-explanation","$v":"Aktivera energisparläge stänger av telefonens data, Bluetooth och geolokaliseringsanslutningar för att förlänga batteritiden. Du kan fortfarande aktivera tjänsterna manuellt."},{"$i":"performanceAndUsageDataInfo","$v":["Hjälp oss att förbättra ",{"t":"idOrVar","v":"brandShortName"}," genom att dela uppgifter om din telefon och hur du använder den."]},{"$i":"device-status-connected-device","$v":"Ansluten till telefon-ljud"},{"$i":"device-status-connected-device-media","$v":"Ansluten till telefon/media-ljud"}]