[{"$i":"stopped_download_title","$v":"İndirme durduruldu"},{"$i":"stopped_download_message","$v":"İndirme durduruldu. Tekrar denensin mi?"},{"$i":"stopped_download_left_button","$v":"İptal"},{"$i":"stopped_download_right_button","$v":"Tekrar dene"},{"$i":"failed_download_title","$v":"İndirme başarısız"},{"$i":"failed_download_message","$v":[{"t":"idOrVar","v":"name"}," indirmesi başarısız oldu. Tekrar denensin mi?"]},{"$i":"failed_download_left_button","$v":"İptal"},{"$i":"failed_download_right_button","$v":"Tekrar dene"},{"$i":"stop_download_title","$v":"İndirmeyi durdur"},{"$i":"stop_download_message","$v":"İndirmeyi durdurmak istediğinizden emin misiniz?"},{"$i":"stop_download_left_button","$v":"Hayır"},{"$i":"stop_download_right_button","$v":"Evet"},{"$i":"delete_download_title","$v":"Sil"},{"$i":"delete_download_message","$v":[{"t":"idOrVar","v":"name"}," silinsin mi?"]},{"$i":"delete_download_left_button","$v":"İptal"},{"$i":"delete_download_right_button","$v":"Sil"},{"$i":"delete_all_download_title","$v":"Sil"},{"$i":"delete_all_download_left_button","$v":"İptal"},{"$i":"delete_all_download_right_button","$v":"Sil"},{"$i":"delete_all_download_message","$v":{"zero":"Hiçbir dosya silinmesin mi?","one":"Bir dosya silinsin mi?","two":[{"t":"idOrVar","v":"number"}," dosya silinsin mi?"],"few":[{"t":"idOrVar","v":"number"}," dosya silinsin mi?"],"many":[{"t":"idOrVar","v":"number"}," dosya silinsin mi?"],"other":[{"t":"idOrVar","v":"number"}," dosya silinsin mi?"]},"$x":[{"t":"idOrVar","v":"plural"},"number"]},{"$i":"unsupported_file_type_download_title","$v":"Açılamadı"},{"$i":"unsupported_file_type_download_message","$v":[{"t":"idOrVar","v":"name"}," dosyasını açabilen bir uygulama yok. Dosyayı kaydetmek mi yoksa silmek mi istersiniz?"]},{"$i":"unsupported_file_type_download_left_button","$v":"Dosyayı tut"},{"$i":"unsupported_file_type_download_right_button","$v":"Sil"},{"$i":"file_not_found_download_title","$v":"Dosya bulunamadı"},{"$i":"file_not_found_download_message","$v":"Dosya cihazda bulunamadı"},{"$i":"file_not_found_download_right_button","$v":"Tamam"},{"$i":"unmounted_sdcard_2_download_title","$v":"Bellek kartı kullanımda"},{"$i":"unmounted_sdcard_2_download_message","$v":"Telefonun bağlantısını kesin"},{"$i":"unmounted_sdcard_2_download_right_button","$v":"Tamam"},{"$i":"no_provider_download_title","$v":"Paylaşılamadı"},{"$i":"no_provider_download_message","$v":"Sağlayıcı bulunamadı"},{"$i":"no_provider_download_right_button","$v":"Tamam"},{"$i":"no_memory_download_title","$v":"SD kart dolu"},{"$i":"no_memory_download_message","$v":"İndirdiğiniz dosyayı kaydetmek için SD kartınızda yer kalmadı. İndirmeyi yeniden başlatmadan önce lütfen bazı dosyaları silin."},{"$i":"no_memory_download_right_button","$v":"Tamam"},{"$i":"no_sdcard_found_2_download_title","$v":"Bellek kartı bulunamadı"},{"$i":"no_sdcard_found_2_download_message","$v":"Bellek kartı takın veya ayarlardan alternatif bir varsayılan medya konumu seçin"},{"$i":"no_sdcard_found_2_download_right_button","$v":"Tamam"},{"$i":"file_open_error_download_title","$v":"Açılamıyor"},{"$i":"file_open_error_download_message","$v":[{"t":"idOrVar","v":"name"}," açılırken bir sorun oluştu. Dosyayı kaydetmek mi yoksa silmek mi istersiniz?"]},{"$i":"file_open_error_download_left_button","$v":"Dosyayı tut"},{"$i":"file_open_error_download_right_button","$v":"Sil"},{"$i":"restart_download_error","$v":"İndirme yeniden başlatılırken bir hata oluştu. Lütfen tekrar indirmeyi deneyin."},{"$i":"no-downloads","$v":"İndirme yok"},{"$i":"byteUnit-B","$v":"B"},{"$i":"byteUnit-KB","$v":"KB"},{"$i":"byteUnit-MB","$v":"MB"},{"$i":"byteUnit-GB","$v":"GB"},{"$i":"byteUnit-TB","$v":"TB"},{"$i":"fileSize","$v":[{"t":"idOrVar","v":"size"}," ",{"t":"idOrVar","v":"unit"}]},{"$i":"percentage","$v":["% ",{"t":"idOrVar","v":"percentage"}]},{"$i":"partialResult","$v":[{"t":"idOrVar","v":"partial"}," / ",{"t":"idOrVar","v":"total"}]},{"$i":"summary","$v":[{"t":"idOrVar","v":"date"}," - ",{"t":"idOrVar","v":"status"}]},{"$i":"download-stopped","$v":"Durduruldu"},{"$i":"download-failed","$v":"İndirme başarısız"},{"$i":"open_downloaded_file","$v":"Aç"},{"$i":"share_downloaded_file","$v":"Paylaş"},{"$i":"wallpaper_downloaded_file","$v":"Duvar kâğıdı yap"},{"$i":"ringtone_downloaded_file","$v":"Zil sesi yap"},{"$i":"cancel_downloaded_file","$v":"İptal"},{"$i":"brandShortName","$v":"B2G OS"},{"$i":"browserBrandShortName","$v":"Web Browser"},{"$i":"browserBrandFullName","$v":"Mozilla Web Browser"},{"$i":"ringtoneBrandName","$v":"Default"},{"$i":"ringtoneSectionBrandName","$v":"System"},{"$i":"weekday-0-long","$v":"Pazar"},{"$i":"weekday-1-long","$v":"Pazartesi"},{"$i":"weekday-2-long","$v":"Salı"},{"$i":"weekday-3-long","$v":"Çarşamba"},{"$i":"weekday-4-long","$v":"Perşembe"},{"$i":"weekday-5-long","$v":"Cuma"},{"$i":"weekday-6-long","$v":"Cumartesi"},{"$i":"weekday-0-short","$v":"Pzr"},{"$i":"weekday-1-short","$v":"Pzt"},{"$i":"weekday-2-short","$v":"Sal"},{"$i":"weekday-3-short","$v":"Çar"},{"$i":"weekday-4-short","$v":"Per"},{"$i":"weekday-5-short","$v":"Cum"},{"$i":"weekday-6-short","$v":"Cmt"},{"$i":"month-0-long","$v":"Ocak"},{"$i":"month-1-long","$v":"Şubat"},{"$i":"month-2-long","$v":"Mart"},{"$i":"month-3-long","$v":"Nisan"},{"$i":"month-4-long","$v":"Mayıs"},{"$i":"month-5-long","$v":"Haziran"},{"$i":"month-6-long","$v":"Temmuz"},{"$i":"month-7-long","$v":"Ağustos"},{"$i":"month-8-long","$v":"Eylül"},{"$i":"month-9-long","$v":"Ekim"},{"$i":"month-10-long","$v":"Kasım"},{"$i":"month-11-long","$v":"Aralık"},{"$i":"month-0-genitive","$v":"Ocak"},{"$i":"month-1-genitive","$v":"Şubat"},{"$i":"month-2-genitive","$v":"Mart"},{"$i":"month-3-genitive","$v":"Nisan"},{"$i":"month-4-genitive","$v":"Mayıs"},{"$i":"month-5-genitive","$v":"Haziran"},{"$i":"month-6-genitive","$v":"Temmuz"},{"$i":"month-7-genitive","$v":"Ağustos"},{"$i":"month-8-genitive","$v":"Eylül"},{"$i":"month-9-genitive","$v":"Ekim"},{"$i":"month-10-genitive","$v":"Kasım"},{"$i":"month-11-genitive","$v":"Aralık"},{"$i":"month-0-short","$v":"Oca"},{"$i":"month-1-short","$v":"Şub"},{"$i":"month-2-short","$v":"Mar"},{"$i":"month-3-short","$v":"Nis"},{"$i":"month-4-short","$v":"May"},{"$i":"month-5-short","$v":"Haz"},{"$i":"month-6-short","$v":"Tem"},{"$i":"month-7-short","$v":"Ağu"},{"$i":"month-8-short","$v":"Eyl"},{"$i":"month-9-short","$v":"Eki"},{"$i":"month-10-short","$v":"Kas"},{"$i":"month-11-short","$v":"Ara"},{"$i":"minutes-ago-long","$v":{"zero":"biraz önce","one":"bir dakika önce","two":[{"t":"idOrVar","v":"value"}," dakika önce"],"few":[{"t":"idOrVar","v":"value"}," dakika önce"],"many":[{"t":"idOrVar","v":"value"}," dakika önce"],"other":[{"t":"idOrVar","v":"value"}," dakika önce"]},"$x":[{"t":"idOrVar","v":"plural"},"value"]},{"$i":"hours-ago-long","$v":{"zero":"biraz önce","one":"bir saat önce","two":[{"t":"idOrVar","v":"value"}," saat önce"],"few":[{"t":"idOrVar","v":"value"}," saat önce"],"many":[{"t":"idOrVar","v":"value"}," saat önce"],"other":[{"t":"idOrVar","v":"value"}," saat önce"]},"$x":[{"t":"idOrVar","v":"plural"},"value"]},{"$i":"days-ago-long","$v":{"zero":"bugün","one":"dün","two":[{"t":"idOrVar","v":"value"}," gün önce"],"few":[{"t":"idOrVar","v":"value"}," gün önce"],"many":[{"t":"idOrVar","v":"value"}," gün önce"],"other":[{"t":"idOrVar","v":"value"}," gün önce"]},"$x":[{"t":"idOrVar","v":"plural"},"value"]},{"$i":"weeks-ago-long","$v":{"zero":"bu hafta","one":"geçen hafta","two":[{"t":"idOrVar","v":"value"}," hafta önce"],"few":[{"t":"idOrVar","v":"value"}," hafta önce"],"many":[{"t":"idOrVar","v":"value"}," hafta önce"],"other":[{"t":"idOrVar","v":"value"}," hafta önce"]},"$x":[{"t":"idOrVar","v":"plural"},"value"]},{"$i":"months-ago-long","$v":{"zero":"bu ay","one":"geçen ay","two":[{"t":"idOrVar","v":"value"}," ay önce"],"few":[{"t":"idOrVar","v":"value"}," ay önce"],"many":[{"t":"idOrVar","v":"value"}," ay önce"],"other":[{"t":"idOrVar","v":"value"}," ay önce"]},"$x":[{"t":"idOrVar","v":"plural"},"value"]},{"$i":"years-ago-long","$v":{"zero":"bu yıl","one":"geçen yıl","two":[{"t":"idOrVar","v":"value"}," yıl önce"],"few":[{"t":"idOrVar","v":"value"}," yıl önce"],"many":[{"t":"idOrVar","v":"value"}," yıl önce"],"other":[{"t":"idOrVar","v":"value"}," yıl önce"]},"$x":[{"t":"idOrVar","v":"plural"},"value"]},{"$i":"minutes-until-long","$v":{"zero":"şimdi","one":"bir dakika önce","two":[{"t":"idOrVar","v":"value"}," dakika içinde"],"few":[{"t":"idOrVar","v":"value"}," dakika içinde"],"many":[{"t":"idOrVar","v":"value"}," dakika içinde"],"other":[{"t":"idOrVar","v":"value"}," dakika içinde"]},"$x":[{"t":"idOrVar","v":"plural"},"value"]},{"$i":"hours-until-long","$v":{"zero":"şimdi","one":"bir saat içinde","two":[{"t":"idOrVar","v":"value"}," saat içinde"],"few":[{"t":"idOrVar","v":"value"}," saat içinde"],"many":[{"t":"idOrVar","v":"value"}," saat içinde"],"other":[{"t":"idOrVar","v":"value"}," saat içinde"]},"$x":[{"t":"idOrVar","v":"plural"},"value"]},{"$i":"days-until-long","$v":{"zero":"bugün","one":"dün","two":[{"t":"idOrVar","v":"value"}," gün içinde"],"few":[{"t":"idOrVar","v":"value"}," gün içinde"],"many":[{"t":"idOrVar","v":"value"}," gün içinde"],"other":[{"t":"idOrVar","v":"value"}," gün içinde"]},"$x":[{"t":"idOrVar","v":"plural"},"value"]},{"$i":"weeks-until-long","$v":{"zero":"bu hafta","one":"gelecek hafta","two":[{"t":"idOrVar","v":"value"}," hafta içinde"],"few":[{"t":"idOrVar","v":"value"}," hafta içinde"],"many":[{"t":"idOrVar","v":"value"}," hafta içinde"],"other":[{"t":"idOrVar","v":"value"}," hafta içinde"]},"$x":[{"t":"idOrVar","v":"plural"},"value"]},{"$i":"months-until-long","$v":{"zero":"bu ay","one":"gelecek ay","two":[{"t":"idOrVar","v":"value"}," ay içinde"],"few":[{"t":"idOrVar","v":"value"}," ay içinde"],"many":[{"t":"idOrVar","v":"value"}," ay içinde"],"other":[{"t":"idOrVar","v":"value"}," ay içinde"]},"$x":[{"t":"idOrVar","v":"plural"},"value"]},{"$i":"years-until-long","$v":{"zero":"bu yıl","one":"gelecek yıl","two":[{"t":"idOrVar","v":"value"}," yıl içinde"],"few":[{"t":"idOrVar","v":"value"}," yıl içinde"],"many":[{"t":"idOrVar","v":"value"}," yıl içinde"],"other":[{"t":"idOrVar","v":"value"}," yıl içinde"]},"$x":[{"t":"idOrVar","v":"plural"},"value"]},{"$i":"minutes-ago-short","$v":{"zero":"biraz önce","other":[{"t":"idOrVar","v":"value"}," dk önce"]},"$x":[{"t":"idOrVar","v":"plural"},"value"]},{"$i":"hours-ago-short","$v":{"zero":"biraz önce","other":[{"t":"idOrVar","v":"value"}," saat önce"]},"$x":[{"t":"idOrVar","v":"plural"},"value"]},{"$i":"days-ago-short","$v":{"zero":"bugün","other":[{"t":"idOrVar","v":"value"}," gün önce"]},"$x":[{"t":"idOrVar","v":"plural"},"value"]},{"$i":"minutes-until-short","$v":{"zero":"şimdi","other":[{"t":"idOrVar","v":"value"}," dk içinde"]},"$x":[{"t":"idOrVar","v":"plural"},"value"]},{"$i":"hours-until-short","$v":{"zero":"şimdi","other":[{"t":"idOrVar","v":"value"}," saat içinde"]},"$x":[{"t":"idOrVar","v":"plural"},"value"]},{"$i":"days-until-short","$v":{"zero":"bugün","other":[{"t":"idOrVar","v":"value"}," gün içinde"]},"$x":[{"t":"idOrVar","v":"plural"},"value"]},{"$i":"incorrectDate","$v":"(geçersiz tarih)"},{"$i":"dateTimeFormat_%c","$v":"%e %b %Y %a %H:%M:%S"},{"$i":"dateTimeFormat_%x","$v":"%d/%m/%Y"},{"$i":"dateTimeFormat_%X","$v":"%H:%M:%S"},{"$i":"shortTimeFormat","$v":"%H:%M"},{"$i":"shortTimeFormat12","$v":"%I:%M %p"},{"$i":"shortTimeFormat24","$v":"%H:%M"},{"$i":"shortDateTimeFormat","$v":"%x %H:%M"},{"$i":"weekStartsOnMonday","$v":"1"},{"$i":"firstDayOfTheWeek","$v":"0"},{"$i":"time_am","$v":"ÖÖ"},{"$i":"time_pm","$v":"ÖS"},{"$i":"title-app","$v":"Uygulama izni"},{"$i":"title-web","$v":"Web sitesi izni"},{"$i":"title-cam","$v":"Kamera seçin"},{"$i":"perm-alarms","$v":"Alarm kur"},{"$i":"perm-audio-capture","$v":"Mikrofon"},{"$i":"perm-audio-capture-appRequest","$v":["Mikrofonunuzu ",{"t":"idOrVar","v":"app"}," ile paylaşmak istiyor musunuz?"]},{"$i":"perm-audio-capture-webRequest","$v":["Mikrofonunuzu ",{"t":"idOrVar","v":"site"}," ile paylaşmak istiyor musunuz?"]},{"$i":"perm-audio-channel-content","$v":"Ses çal"},{"$i":"perm-audio-channel-notification","$v":"Bildirim sesi çal"},{"$i":"perm-audio-channel-ringer","$v":"Zil sesi çal"},{"$i":"perm-background-sensors","$v":"Sensör verilerine eriş"},{"$i":"perm-bluetooth","$v":"Bluetooth"},{"$i":"perm-browser","$v":"Web sayfalarını denetle"},{"$i":"perm-camera","$v":"Kameralar"},{"$i":"perm-camera-selector-appRequest","$v":[{"t":"idOrVar","v":"app"}," için bir kamera seçin."]},{"$i":"perm-camera-selector-webRequest","$v":[{"t":"idOrVar","v":"site"}," için bir kamera seçin."]},{"$i":"perm-cellbroadcast","$v":"Hücresel yayınlar"},{"$i":"perm-contacts","$v":"Kişiler"},{"$i":"perm-contacts-appRequest","$v":[{"t":"idOrVar","v":"app"}," kişi listenize erişmek istiyor."]},{"$i":"perm-contacts-webRequest","$v":[{"t":"idOrVar","v":"site"}," kişi listenize erişmek istiyor."]},{"$i":"perm-desktop-notification","$v":"Bildirimler"},{"$i":"perm-desktop-notification-appRequest","$v":[{"t":"idOrVar","v":"app"}," bildirimler göstermek istiyor."]},{"$i":"perm-desktop-notification-webRequest","$v":[{"t":"idOrVar","v":"site"}," bildirimler göstermek istiyor."]},{"$i":"perm-device-storage-apps","$v":"Uygulama depolama"},{"$i":"perm-device-storage-music","$v":"Müzik Depolama"},{"$i":"perm-device-storage-music-appRequest","$v":[{"t":"idOrVar","v":"app"}," müziklerinize erişmek istiyor."]},{"$i":"perm-device-storage-music-webRequest","$v":[{"t":"idOrVar","v":"site"}," müziklerinize erişmek istiyor."]},{"$i":"perm-device-storage-pictures","$v":"Resim Depolama"},{"$i":"perm-device-storage-pictures-appRequest","$v":[{"t":"idOrVar","v":"app"}," resimlerinize erişmek istiyor."]},{"$i":"perm-device-storage-pictures-webRequest","$v":[{"t":"idOrVar","v":"site"}," resimlerinize erişmek istiyor."]},{"$i":"perm-device-storage-sdcard","$v":"Bellek Kartı Depolama"},{"$i":"perm-device-storage-sdcard-appRequest","$v":[{"t":"idOrVar","v":"app"}," bellek kartınıza erişmek istiyor."]},{"$i":"perm-device-storage-sdcard-webRequest","$v":[{"t":"idOrVar","v":"site"}," bellek kartınıza erişmek istiyor."]},{"$i":"perm-device-storage-videos","$v":"Video Depolama"},{"$i":"perm-device-storage-videos-appRequest","$v":[{"t":"idOrVar","v":"app"}," videolarınıza erişmek istiyor."]},{"$i":"perm-device-storage-videos-webRequest","$v":[{"t":"idOrVar","v":"site"}," videolarınıza erişmek istiyor."]},{"$i":"perm-embed-apps","$v":"Uygulama göm"},{"$i":"perm-fmradio","$v":"FM Radyo"},{"$i":"perm-fmradio-appRequest","$v":[{"t":"idOrVar","v":"app"}," FM Radyo'yu kullanmak istiyor."]},{"$i":"perm-fmradio-webRequest","$v":[{"t":"idOrVar","v":"site"}," FM Radyo'yu kullanmak istiyor."]},{"$i":"perm-geolocation","$v":"Coğrafi Konum"},{"$i":"perm-geolocation-appRequest","$v":[{"t":"idOrVar","v":"app"}," konumunuzu bilmek istiyor."]},{"$i":"perm-geolocation-more-info","$v":[{"t":"idOrVar","v":"brandShortName"}," yaklaşık konumunuzu belirlemek için GPS, Wi-Fi ve yakınınızdaki baz istasyonları gibi verileri kullanır. Bu veriler Mozilla'ya ve diğer hizmet sağlayıcılara gönderilir, ilgili konum veritabanlarını geliştirmek için toplanarak kullanılır. Veriler cihazınızda depolanabilir ve hiçbir uygulama çalışmadığı sırada dahi veri toplanabilir."]},{"$i":"perm-geolocation-webRequest","$v":[{"t":"idOrVar","v":"site"}," konumunuzu bilmek istiyor."]},{"$i":"perm-idle","$v":"Bekleme durumunu gör"},{"$i":"perm-indexedDB-chrome-settings","$v":"Ayrıcaklıklı IndexedDB"},{"$i":"perm-indexedDB-unlimited","$v":"Sınırsız IndexedDB depolama"},{"$i":"perm-input-manage","$v":"Klavyeleri yönet"},{"$i":"perm-input","$v":"Klavye gibi davran"},{"$i":"perm-media-capture","$v":"Kamera ve Mikrofon"},{"$i":"perm-media-capture-appRequest","$v":["Kamera ve mikrofonunuzu ",{"t":"idOrVar","v":"app"}," ile paylaşmak istiyor musunuz?"]},{"$i":"perm-media-capture-webRequest","$v":["Kamera ve mikrofonunuzu ",{"t":"idOrVar","v":"site"}," ile paylaşmak istiyor musunuz?"]},{"$i":"perm-mobileconnection","$v":"Mobil bağlantı"},{"$i":"perm-mobileid","$v":"Mobil kimlik"},{"$i":"perm-network-events","$v":"Ağ olayları"},{"$i":"perm-open-remote-window","$v":"Uygulama başlat"},{"$i":"perm-permissions","$v":"Uygulama izinlerini değiştir"},{"$i":"perm-power","$v":"Güç Ayarları"},{"$i":"perm-settings","$v":"Ayarları değiştir"},{"$i":"perm-systemXHR","$v":"Kökenler arası istekler"},{"$i":"perm-telephony","$v":"Telefon"},{"$i":"perm-video-capture","$v":"Kamera"},{"$i":"perm-video-capture-appRequest","$v":["Kameranızı ",{"t":"idOrVar","v":"app"}," ile paylaşmak istiyor musunuz?"]},{"$i":"perm-video-capture-webRequest","$v":["Kameranızı ",{"t":"idOrVar","v":"site"}," ile paylaşmak istiyor musunuz?"]},{"$i":"perm-voicemail","$v":"Telesekreter kontrolü"},{"$i":"perm-webapps-manage","$v":"Web uygulamaları yükle"},{"$i":"perm-wifi-manage","$v":"Wi-Fi'ı yönet"},{"$i":"perm-attention","$v":"Overlay popup'ları aç"},{"$i":"perm-audio-channel-alarm","$v":"Alarm seslerini çal"},{"$i":"perm-audio-channel-normal","$v":"Sesleri çal"},{"$i":"perm-audio-channel-publicnotification","$v":"Açık bildirim seslerini çal"},{"$i":"perm-audio-channel-telephony","$v":"Telefon seslerini çal"},{"$i":"perm-backgroundservice","$v":"Arka plan hizmeti olarak çalış"},{"$i":"perm-device-storage-crashes","$v":"Çökme verisi depolama"},{"$i":"perm-downloads","$v":"İndirilenlere eriş"},{"$i":"perm-embed-widgets","$v":"Widget göm"},{"$i":"perm-feature-detection","$v":"Özellik tespiti"},{"$i":"perm-firefox-accounts","$v":"Firefox Hesapları"},{"$i":"perm-mobilenetwork","$v":"Mobil şebeke"},{"$i":"perm-moz-attention","$v":"Overlay popup'ları aç (moz)"},{"$i":"perm-moz-audio-channel-ringer","$v":"Zil seslerini çal (moz)"},{"$i":"perm-moz-audio-channel-telephony","$v":"Telefon seslerini çal (moz)"},{"$i":"perm-moz-firefox-accounts","$v":"Firefox Hesapları (moz)"},{"$i":"perm-networkstats-manage","$v":"Kullanım istatistiklerini kontrol et"},{"$i":"perm-nfc","$v":"NFC"},{"$i":"perm-nfc-hci-events","$v":"NFC HCI olayları"},{"$i":"perm-nfc-manager","$v":"NFC'yi yönet"},{"$i":"perm-phonenumberservice","$v":"Telefon numarası hizmeti"},{"$i":"perm-push","$v":"Push API'si"},{"$i":"perm-resourcestats-manage","$v":"Kaynak istatistikleri"},{"$i":"perm-sms","$v":"SMS gönder ve oku"},{"$i":"perm-speaker-control","$v":"Ses düzeyini yönet"},{"$i":"perm-storage","$v":"Depolamaya eriş"},{"$i":"perm-tcp-socket","$v":"TCP soketleri"},{"$i":"perm-test-permission","$v":"Test izni"},{"$i":"perm-time","$v":"Tarih ve saati ayarla"},{"$i":"perm-udp-socket","$v":"UDP soketleri"},{"$i":"perm-wappush","$v":"WAP Push"},{"$i":"tz-region","$v":"Bölge"},{"$i":"tz-city","$v":"Şehir"},{"$i":"tzRegion-Africa","$v":"Afrika"},{"$i":"tzRegion-America","$v":"Amerika"},{"$i":"tzRegion-Antarctica","$v":"Antarktika"},{"$i":"tzRegion-Asia","$v":"Asya"},{"$i":"tzRegion-Atlantic","$v":"Atlas Okyanusu"},{"$i":"tzRegion-Australia","$v":"Avustralya"},{"$i":"tzRegion-Europe","$v":"Avrupa"},{"$i":"tzRegion-Indian","$v":"Hint Okyanusu"},{"$i":"tzRegion-Pacific","$v":"Pasifik Okyanusu"},{"$i":"ringtone-none","$v":"Yok"},{"$i":"ringer_bubble","$v":"Balon"},{"$i":"ringer_chimer","$v":"Chimer"},{"$i":"ringer_cunning","$v":"Cunning"},{"$i":"ringer_dulco","$v":"Dulco"},{"$i":"ringer_firefox2","$v":[{"t":"idOrVar","v":"ringtoneBrandName"}]},{"$i":"ringer_garden","$v":"Bahçe"},{"$i":"ringer_marbled","$v":"Marbled"},{"$i":"ringer_opti","$v":"Opti"},{"$i":"ringer_pecko","$v":"Pecko"},{"$i":"ringer_pingy","$v":"Pingy"},{"$i":"ringer_poppop","$v":"Pop Pop"},{"$i":"ringer_sata","$v":"Sata"},{"$i":"ringer_simple","$v":"Yalın"},{"$i":"ringer_standard1","$v":"Klasik"},{"$i":"ringer_standard2","$v":"Klasik Hızlı"},{"$i":"ringer_stutter","$v":"Stutter"},{"$i":"ringer_symmetry","$v":"Symmetry"},{"$i":"ringer_tailwind","$v":"Kuyruk Rüzgârı"},{"$i":"ringer_thoughtful","$v":"Düşünceli"},{"$i":"ringer_wit","$v":"Wit"},{"$i":"ringer_zen","$v":"Zen"},{"$i":"notifier_bells","$v":"Çan"},{"$i":"notifier_bloom","$v":"Bloom"},{"$i":"notifier_chime","$v":"Chime"},{"$i":"notifier_clicka","$v":"Clicka"},{"$i":"notifier_digi","$v":"Digi"},{"$i":"notifier_dropplet","$v":"Dropplet"},{"$i":"notifier_firefox2","$v":[{"t":"idOrVar","v":"ringtoneBrandName"}]},{"$i":"notifier_hello","$v":"Merhaba"},{"$i":"notifier_lowmarble","$v":"Low Marble"},{"$i":"notifier_ping","$v":"Ping"},{"$i":"notifier_plickle","$v":"Plickle"},{"$i":"notifier_pocko","$v":"Pocko"},{"$i":"notifier_quado","$v":"Quado"},{"$i":"notifier_red","$v":"Red"},{"$i":"notifier_sato","$v":"Sato"},{"$i":"notifier_swipo","$v":"Swipo"},{"$i":"notifier_trickleup","$v":"Trickle Up"},{"$i":"notifier_trink","$v":"Trink"},{"$i":"notifier_verse","$v":"Verse"},{"$i":"settings","$v":"Ayarlar"},{"$i":"advancedSettings","$v":"Gelişmiş ayarlar"},{"$i":"default","$v":"Varsayılan"},{"$i":"enabled","$v":"Etkin"},{"$i":"enable","$v":"Etkinleştir"},{"$i":"disabled","$v":"Devre dışı"},{"$i":"error","$v":"Hata"},{"$i":"ok","$v":"Tamam"},{"$i":"yes","$v":"Evet"},{"$i":"no","$v":"Hayır"},{"$i":"reset","$v":"Sıfırla"},{"$i":"cancel","$v":"İptal"},{"$i":"close","$v":"Kapat"},{"$i":"back","$v":"Geri"},{"$i":"continue","$v":"Devam et"},{"$i":"skip","$v":"Atla"},{"$i":"pair","$v":"Eşleştir"},{"$i":"add","$v":"Ekle"},{"$i":"done","$v":"Bitti"},{"$i":"set","$v":"Ayarla"},{"$i":"notNow","$v":"Daha sonra"},{"$i":"turnOn","$v":"Aç"},{"$i":"selectASIMCard","$v":"Bir SIM kart seçin"},{"$i":"sim1","$v":"SIM 1"},{"$i":"sim2","$v":"SIM 2"},{"$i":"unavailable","$v":"Kullanılamaz"},{"$i":"confirmation","$v":"Onay"},{"$i":"simSettingsWithIndex","$v":["SIM ",{"t":"idOrVar","v":"index"}," ayarları"]},{"$i":"networkAndConnectivity","$v":"Ağ ve Bağlanabilirlik"},{"$i":"airplaneMode","$v":"Uçak modu"},{"$i":"geolocation","$v":"Coğrafi konum"},{"$i":"wifi","$v":"Wi-Fi"},{"$i":"wifi-header","$v":[{"t":"idOrVar","v":"wifi"}]},{"$i":"wifi-disabled","$v":"Kullanılabilir ağları görüntülemek için Wi-Fi'ı açın."},{"$i":"availableNetworks","$v":"Kullanılabilir ağlar"},{"$i":"knownNetworks","$v":"Bilinen ağlar"},{"$i":"hiddenNetworks","$v":"Gizli ağlar"},{"$i":"scanning","$v":"Aranıyor…"},{"$i":"scanNetworks","$v":"Tekrar ara"},{"$i":"fullStatus-initializing","$v":"Başlatılıyor…"},{"$i":"fullStatus-connecting","$v":[{"t":"idOrVar","v":"ssid"}," ağına bağlanılıyor…"]},{"$i":"fullStatus-associated","$v":"IP adresi alınıyor…"},{"$i":"fullStatus-connected","$v":[{"t":"idOrVar","v":"ssid"}," ağına bağlanıldı"]},{"$i":"fullStatus-connectingfailed","$v":"Bağlantı başarısız oldu"},{"$i":"fullStatus-disconnected","$v":"Çevrimdışı"},{"$i":"shortStatus-connecting","$v":"Bağlanılıyor…"},{"$i":"shortStatus-associated","$v":"IP adresi alınıyor…"},{"$i":"shortStatus-connected","$v":"Bağlanıldı"},{"$i":"shortStatus-connectingfailed","$v":"Bağlantı başarısız oldu"},{"$i":"shortStatus-disconnected","$v":"Çevrimdışı"},{"$i":"wifi-sleep","$v":"Wi-Fi Sleep"},{"$i":"wifi-sleep-description","$v":"Enable to automatically turn off Wi-Fi during sleep to save battery power.  "},{"$i":"manageNetworks","$v":"Ağları yönet"},{"$i":"wifi-bad-credentials-title","$v":"Wi-Fi'a bağlanılamadı"},{"$i":"wifi-bad-credentials-confirm","$v":[{"t":"idOrVar","v":"ssid"}," ağına bağlanılamadı. Hata bilgi nedeniyle kimlik doğrulanamadı. Lütfen ağ parolasını yeniden girin."]},{"$i":"manageNetworks-header","$v":[{"t":"idOrVar","v":"manageNetworks"}]},{"$i":"manageCertificates","$v":"Sertifikaları yönet"},{"$i":"manageCert","$v":"Sertifika yönet"},{"$i":"joinHiddenNetwork","$v":"Gizli ağa katıl"},{"$i":"securedBy","$v":[{"t":"idOrVar","v":"capabilities"}," ile korunuyor"]},{"$i":"security","$v":"Güvenlik"},{"$i":"securityNone","$v":"Yok"},{"$i":"securityOpen","$v":"Açık"},{"$i":"notInRange","$v":"Kapsama alanı dışında"},{"$i":"ipAddress","$v":"IP adresi"},{"$i":"linkSpeed","$v":"Bağlantı hızı"},{"$i":"linkSpeedMbs","$v":[{"t":"idOrVar","v":"linkSpeed"}," Mbit/s"]},{"$i":"signalStrength","$v":"Sinyal gücü"},{"$i":"signalLevel0","$v":"Çok zayıf"},{"$i":"signalLevel1","$v":"Zayıf"},{"$i":"signalLevel2","$v":"Orta"},{"$i":"signalLevel3","$v":"İyi"},{"$i":"signalLevel4","$v":"Çok iyi"},{"$i":"forget","$v":"Unut"},{"$i":"forgetNetwork-dialog","$v":"Ağ unutulsun mu?"},{"$i":"forgetNetwork-confirmation","$v":"Onay"},{"$i":"authentication","$v":"Doğrulama"},{"$i":"authentication-header","$v":[{"t":"idOrVar","v":"authentication"}]},{"$i":"eap","$v":"EAP yöntemi"},{"$i":"auth-phase2","$v":"2. aşama doğrulaması"},{"$i":"server-certificate","$v":"Sunucu sertifikası"},{"$i":"import-certificate-msg","$v":"Not: Yeni sertifikaları içeri aktarmanız gerekiyorsa lütfen \"Sertifikaları yönet\"e gidin."},{"$i":"identity","$v":"Tanımlayıcı"},{"$i":"password","$v":"Parola"},{"$i":"showPassword","$v":"Parolayı göster"},{"$i":"networkNotification","$v":"Ağ bildirimi"},{"$i":"networkNotification-expl","$v":"Açık bir ağ bulunduğunda bana bildir"},{"$i":"macAddress","$v":"MAC adresi"},{"$i":"deviceInfo_software","$v":[{"t":"idOrVar","v":"brandShortName"}," ",{"t":"idOrVar","v":"os"}]},{"$i":"macUnavailable","$v":"Kullanılamaz"},{"$i":"noNetworksFound","$v":"Ağ bulunamadı"},{"$i":"noKnownNetworks","$v":"Bilinen bir ağ yok"},{"$i":"edit","$v":"Düzenle"},{"$i":"certificateList","$v":"Sertifika listesi"},{"$i":"noCertificate","$v":"İçeri aktarılmış sertifika yok"},{"$i":"deleteCertificate","$v":"Sertifikayı sil"},{"$i":"importCertificate","$v":"Sertifikayı içeri aktar"},{"$i":"selectCertificateFile","$v":"Sertifika dosyasını seçin"},{"$i":"enterCertificateNickname","$v":"Sertifika rumuzunu girin"},{"$i":"nickname","$v":"Rumuz"},{"$i":"enter-certificate-name-msg","$v":"Rumuzu değiştirebilir veya varsayılan adı tutabilirsiniz."},{"$i":"certificate-deletion-failed","$v":"Sertifika silme başarısız"},{"$i":"certificate-deletion-failed-description","$v":"Bu bir depolama sorunu nedeniyle yaşanmış olabilir."},{"$i":"certificate-import-failed","$v":"Sertifika içeri aktarma başarısız"},{"$i":"certificate-import-failed-description","$v":"Bu, hasar görmüş bir sertifikadan kaynaklanıyor olabilir."},{"$i":"wpsMessage","$v":"WPS ile bağlan"},{"$i":"wpsMessage-header","$v":[{"t":"idOrVar","v":"wpsMessage"}]},{"$i":"fullStatus-wps-inprogress","$v":"WPS devam ediyor…"},{"$i":"fullStatus-wps-canceled","$v":"WPS iptal edildi"},{"$i":"fullStatus-wps-timedout","$v":"WPS zaman aşımına uğradı"},{"$i":"fullStatus-wps-failed-error","$v":["WPS başarısız [",{"t":"idOrVar","v":"error"},"]"]},{"$i":"fullStatus-wps-overlapped","$v":"Başka bir WPS PBC AP bulundu"},{"$i":"wpsDescription2","$v":"Otomatik Wi-Fi kurulumu"},{"$i":"wpsMethodSelection","$v":"Bir WPS yöntemi seçin:"},{"$i":"wpsPbcLabel","$v":"Düğme bağlantısı"},{"$i":"wpsMyPinLabel","$v":"PIN bağlantım"},{"$i":"wpsApPinLabel","$v":"AP PIN bağlantısı"},{"$i":"wpsPinDescription","$v":"PIN 4-8 basamaklıdır"},{"$i":"wpsPinInput","$v":["Karşı aygıta ",{"t":"idOrVar","v":"pin"}," girin"]},{"$i":"wpsPinAps","$v":"Karşı aygıt seçin"},{"$i":"wpsAnyAp","$v":"Herhangi biri"},{"$i":"wpsCancelMessage","$v":"WPS'yi iptal et"},{"$i":"wpsCancelFailedMessageError","$v":["WPS iptal edilemedi [",{"t":"idOrVar","v":"error"},"]"]},{"$i":"callSettings","$v":"Arama ayarları"},{"$i":"callSettings-header","$v":[{"t":"idOrVar","v":"callSettings"}]},{"$i":"callSettingsQuery","$v":"Şebeke bilgileri isteniyor…"},{"$i":"callSettingsQueryError","$v":"Sorgulama hatası"},{"$i":"voiceMail","$v":"Telesekreter"},{"$i":"voiceMail-header","$v":[{"t":"idOrVar","v":"voiceMail"}]},{"$i":"voiceMail-number","$v":"Telesekreter Numarası"},{"$i":"voiceMail-number-notSet","$v":"Ayarlanmamış"},{"$i":"voicePrivacyMode","$v":"Ses gizliliği modu"},{"$i":"callWaiting","$v":"Arama bekletme"},{"$i":"confirmCallWaitingTitle","$v":"Arama bekletme tercihleri doğrulanamadı"},{"$i":"confirmCallWaitingDesc","$v":"Aygıt şu anda operatör ile bağlantı kuramıyor. Tercihi yeniden belirlemeyi deneyin."},{"$i":"callForwarding","$v":"Arama yönlendir"},{"$i":"callForwarding-header","$v":[{"t":"idOrVar","v":"callForwarding"}]},{"$i":"callForwardingForward","$v":"Yönlendir"},{"$i":"callForwardingUnconditional","$v":"Her zaman yönlendir"},{"$i":"callForwardingUnconditionalShort","$v":"Her zaman"},{"$i":"callForwardingMobileBusy","$v":"Meşgulse yönlendir"},{"$i":"callForwardingMobileBusyShort","$v":"Meşgulse"},{"$i":"callForwardingNoReply","$v":"Cevaplanmazsa yönlendir"},{"$i":"callForwardingNoReplyShort","$v":"Cevaplanmazsa"},{"$i":"callForwardingNotReachable","$v":"Ulaşılamıyorsa yönlendir"},{"$i":"callForwardingNotReachableShort","$v":"Ulaşılamıyorsa"},{"$i":"callForwardingForwardingVoiceToNumber","$v":["Sesli aramaları ",{"t":"idOrVar","v":"number"}," numarasına"]},{"$i":"callForwardingNotForwarding","$v":"Devre dışı"},{"$i":"callForwardingConfirmTitle","$v":"Çağrı yönlendirme onay mesajı"},{"$i":"cf-alwaysUseThisNumber","$v":"Hep bu numarayı kullan"},{"$i":"cf-numberWhenUnreachable","$v":"Yönlendirilecek numara"},{"$i":"cf-numberWhenUnanswered","$v":"Yönlendirilecek numara"},{"$i":"cf-numberWhenBusy","$v":"Yönlendirilecek numara"},{"$i":"callForwardingInvalidNumberError","$v":"Bu telefon numarası geçersiz."},{"$i":"callForwardingSetSuccess","$v":"İşlem başarıyla tamamlandı."},{"$i":"callForwardingSetForbidden","$v":"Operatörünüz bu işlemi desteklemiyor."},{"$i":"callForwardingSetError","$v":"Arama ayarları hatası."},{"$i":"callerId","$v":"Arayan numara bilgisi"},{"$i":"callBarring","$v":"Call Barring"},{"$i":"callBarring-header","$v":[{"t":"idOrVar","v":"callBarring"}]},{"$i":"callBarring-outgoing","$v":"Outgoing calls"},{"$i":"callBarring-baoc","$v":"All"},{"$i":"callBarring-boic","$v":"International"},{"$i":"callBarring-boicExhc","$v":"International except Home Country"},{"$i":"callBarring-incoming","$v":"Incoming calls"},{"$i":"callBarring-baic","$v":"All"},{"$i":"callBarring-baicR","$v":"All while roaming"},{"$i":"callBarring-passcode","$v":"Passcode"},{"$i":"callBarring-change-passcode","$v":"Change passcode"},{"$i":"callBarring-passcode-enter","$v":"Enter passcode"},{"$i":"callBarring-passcode-unknown","$v":"In case you don't know your passcode, please contact your carrier"},{"$i":"callBarring-current-passcode","$v":"Current passcode"},{"$i":"callBarring-new-passcode","$v":"New passcode"},{"$i":"callBarring-create-passcode","$v":"Create a Passcode"},{"$i":"callBarring-confirm-passcode","$v":"Confirm passcode"},{"$i":"callBarring-passcode-error-generic","$v":"Passcode error."},{"$i":"callBarring-passcode-error-incorrect","$v":"Passcode is incorrect."},{"$i":"callBarring-passcode-error-mismatch","$v":"Passcode doesn’t match."},{"$i":"callBarring-update-item-error","$v":["Error while updating the item: ",{"t":"idOrVar","v":"error"},"."]},{"$i":"callBarring-change-passcode-success","$v":"Passcode changed."},{"$i":"callerId-default","$v":"Şebeke varsayılanı"},{"$i":"callerId-hide","$v":"Numarayı gizle"},{"$i":"callerId-show","$v":"Numarayı göster"},{"$i":"fdn","$v":"Sabit arama numaraları"},{"$i":"fdnSettings","$v":"Sabit arama numaraları"},{"$i":"fdnSettings-header","$v":[{"t":"idOrVar","v":"fdnSettings"}]},{"$i":"fdn-authorizedNumbers","$v":"İzinli numaralar"},{"$i":"fdn-authorizedNumbers-header","$v":[{"t":"idOrVar","v":"fdn-authorizedNumbers"}]},{"$i":"fdn-authorizedNumbers-desc","$v":"Aranabilecek numaralar listesi"},{"$i":"fdn-explanation1","$v":"Bu telefondan aranabilecek numaraları kısıtlayabilirsiniz."},{"$i":"fdn-explanation2","$v":"(Acil durum numaraları her zaman aranabilir.)"},{"$i":"fdnEnable","$v":"FDN'i etkinleştir"},{"$i":"fdnDisable","$v":"FDN'i kapat"},{"$i":"fdnReset","$v":"PIN2'yi sıfırla"},{"$i":"fdnAttemptMsg3","$v":{"one":"SIM kart kilitlenmeden önce doğru kodu girmek için bir deneme hakkınız kaldı.","two":["SIM kart kilitlenmeden önce doğru kodu girmek için ",{"t":"idOrVar","v":"n"}," deneme hakkınız kaldı."],"few":["SIM kart kilitlenmeden önce doğru kodu girmek için ",{"t":"idOrVar","v":"n"}," deneme hakkınız kaldı."],"many":["SIM kart kilitlenmeden önce doğru kodu girmek için ",{"t":"idOrVar","v":"n"}," deneme hakkınız kaldı."],"other":["SIM kart kilitlenmeden önce doğru kodu girmek için ",{"t":"idOrVar","v":"n"}," deneme hakkınız kaldı."]},"$x":[{"t":"idOrVar","v":"plural"},"n"]},{"$i":"fdnLastChanceMsg","$v":"Doğru PIN2'yi girmek için son şansınız. Aksi halde bu SIM kartını kullanmak için PUK2 kodunu girmeniz gerekecek."},{"$i":"fdnErrorMsg","$v":"PIN2 kodu yanlış."},{"$i":"fdn-enabled-warning","$v":"Çağrı yönlendirme, FDN tarafından kapatıldı."},{"$i":"fdnContact-name","$v":"isim"},{"$i":"fdnContact-number","$v":"numara"},{"$i":"fdnContact-submit","$v":"gönder"},{"$i":"fdnAction-add","$v":"Kişi ekle"},{"$i":"fdnAction-call","$v":"Ara"},{"$i":"fdnAction-edit","$v":"Kişiyi düzenle"},{"$i":"fdnAction-edit-header","$v":"Kişiyi düzenle"},{"$i":"fdnAction-delete","$v":"Kişiyi sil"},{"$i":"fdnNoFDNFreeRecord","$v":"Maksimum FDN sayısına ulaşıldı. Daha fazla numara ekleyemezsiniz."},{"$i":"messagingSettings","$v":"Mesajlaşma ayarları"},{"$i":"messagingSettings-header","$v":[{"t":"idOrVar","v":"messagingSettings"}]},{"$i":"message-confirmation","$v":"Mesaj onayı"},{"$i":"message-delivery-reports","$v":"İletim raporları"},{"$i":"message-delivery-reports-details","$v":"Gönderilen her mesaj için iletim bildirimi iste"},{"$i":"message-read-reports","$v":"Okundu raporları"},{"$i":"message-read-reports-details","$v":"Gönderilen her mesaj için okundu raporu iste"},{"$i":"mmsTitle","$v":"Multimedya mesajı (MMS)"},{"$i":"auto-retrieve","$v":"Otomatik al"},{"$i":"auto-retrieve-details","$v":"Mesajları otomatik al"},{"$i":"manual-retrieve","$v":"Kapalı"},{"$i":"auto-roaming-retrieve","$v":"Dolaşımda açık"},{"$i":"auto-no-roaming-retrieve","$v":"Dolaşım dışında açık"},{"$i":"autoConfigure","$v":"Otomatik yapılandır"},{"$i":"wapPushMessages","$v":"WAP Push mesajları"},{"$i":"wapPush","$v":"WAP Push"},{"$i":"cellBroadcastMessages","$v":"Hücresel yayın mesajları"},{"$i":"cellBroadcast","$v":"Hücresel yayın"},{"$i":"emergencyAlert","$v":"Acil durum uyarısı"},{"$i":"messagingInformation","$v":"Bilgi"},{"$i":"messaging-SMSC","$v":"Servis merkezi"},{"$i":"messaging-sim-settings","$v":["SIM ",{"t":"idOrVar","v":"index"}," ayarları"]},{"$i":"unknown-SMSC","$v":"Bilgi mevcut değil"},{"$i":"cellularAndData","$v":"Şebeke ve veri"},{"$i":"cellularAndData-header","$v":[{"t":"idOrVar","v":"cellularAndData"}]},{"$i":"dataNetwork","$v":"Operatör"},{"$i":"dataConnectivity","$v":"Veri"},{"$i":"dataConnection","$v":"Veri bağlantısı"},{"$i":"dataRoaming","$v":"Veri dolaşımı"},{"$i":"networkOperator","$v":"Şebeke operatörü"},{"$i":"networkOperator-header","$v":[{"t":"idOrVar","v":"networkOperator"}]},{"$i":"availableOperators","$v":"Bölgedeki şebeke operatörleri"},{"$i":"preferredNetworkTypeAlertTitle","$v":"Tercih edilen şebeke türü"},{"$i":"preferredNetworkTypeAlertErrorMessage","$v":"Şebeke türü ayarlanamadı"},{"$i":"operator-networkType","$v":"Şebeke türü"},{"$i":"operator-networkType-auto","$v":"Otomatik"},{"$i":"operator-networkType-prefer3G","$v":"Tercihen 3G"},{"$i":"operator-networkType-2G","$v":"Yalnızca 2G"},{"$i":"operator-networkType-3G","$v":"Yalnızca 3G"},{"$i":"operator-networkType-GSM","$v":"GSM"},{"$i":"operator-networkType-WCDMA","$v":"WCDMA"},{"$i":"operator-networkType-CDMA","$v":"CDMA"},{"$i":"operator-networkType-EVDO","$v":"EVDO"},{"$i":"operator-networkType-LTE","$v":"LTE"},{"$i":"operator-networkType-preferWCDMA","$v":"Tercihen WCDMA"},{"$i":"operator-networkType-auto-2G-3G","$v":"Otomatik (2G/3G)"},{"$i":"operator-networkType-auto-CDMA-EVDO","$v":"Otomatik (CDMA/EVDO)"},{"$i":"operator-networkType-auto-WCDMA-GSM","$v":"Otomatik (WCDMA/GSM)"},{"$i":"operator-networkType-auto-LTE-WCDMA-GSM","$v":"Otomatik (LTE/WCDMA/GSM)"},{"$i":"operator-networkType-auto-LTE-CDMA-EVDO","$v":"Otomatik (LTE/CDMA/EVDO)"},{"$i":"operator-networkType-auto-WCDMA-GSM-CDMA-EVDO","$v":"Otomatik (WCDMA/GSM/CDMA/EVDO)"},{"$i":"operator-autoSelect","$v":"Otomatik seçim"},{"$i":"operator-networkSelect-auto","$v":"Otomatik"},{"$i":"operator-networkSelect-manual","$v":"Elle"},{"$i":"operator-turnAutoSelectOff","$v":"Kullanılabilir şebeke operatörlerini görmek için otomatik seçimi kapatın."},{"$i":"operator-status-connecting","$v":"Bağlanılıyor…"},{"$i":"operator-status-connectingfailed","$v":"Bağlantı başarısız oldu"},{"$i":"operator-status-connected","$v":"Bağlanıldı"},{"$i":"operator-roamingPreference","$v":"Dolaşım tercihi"},{"$i":"operator-roamingPreference-home","$v":"Yurtiçi"},{"$i":"operator-roamingPreference-any","$v":"Hepsi"},{"$i":"operator-roamingPreference-affiliated","$v":"İlişkili"},{"$i":"apn","$v":"APN"},{"$i":"apnSettings","$v":"APN ayarları"},{"$i":"apnSettings-header","$v":[{"t":"idOrVar","v":"apnSettings"}]},{"$i":"dataSettings","$v":"Veri ayarları"},{"$i":"dataSettings-header","$v":[{"t":"idOrVar","v":"dataSettings"}]},{"$i":"suplSettings","$v":"A-GPS ayarları"},{"$i":"suplSettings-header","$v":[{"t":"idOrVar","v":"suplSettings"}]},{"$i":"messageSettings","$v":"Mesaj ayarları"},{"$i":"messageSettings-header","$v":[{"t":"idOrVar","v":"messageSettings"}]},{"$i":"dunSettings","$v":"Paylaşım ayarları"},{"$i":"dunSettings-header","$v":[{"t":"idOrVar","v":"dunSettings"}]},{"$i":"imsSettings","$v":"IMS ayarları"},{"$i":"imsSettings-header2","$v":[{"t":"idOrVar","v":"imsSettings"}]},{"$i":"apn-editor-header","$v":"APN editörü"},{"$i":"mmsport","$v":"MMS portu"},{"$i":"mmsproxy","$v":"MMS vekil sunucusu"},{"$i":"mmsc","$v":"MMSC"},{"$i":"httpProxyHost","$v":"HTTP vekil sunucusu"},{"$i":"httpProxyPort","$v":"HTTP vekil portu"},{"$i":"custom","$v":"(özel ayarlar)"},{"$i":"apn-authType","$v":"Doğrulama"},{"$i":"apn-authType-notDefined","$v":"Tanımlanmamış"},{"$i":"apn-authType-none","$v":"Yok"},{"$i":"apn-authType-pap","$v":"PAP"},{"$i":"apn-authType-chap","$v":"CHAP"},{"$i":"apn-authType-papOrChap","$v":"PAP veya CHAP"},{"$i":"apn-protocol","$v":"Protokol"},{"$i":"apn-roaming-protocol","$v":"Dolaşım protokolü"},{"$i":"apn-protocol-notDefined","$v":"Tanımlanmamış"},{"$i":"apn-protocol-ip","$v":"IPv4"},{"$i":"apn-protocol-ipv6","$v":"IPv6"},{"$i":"apn-protocol-ipv4v6","$v":"IPv4/IPv6"},{"$i":"apn-type","$v":"APN türü"},{"$i":"dataConnection-warning-head","$v":"Veri bağlantısı AÇILSIN mı?"},{"$i":"dataConnection-warning-message","$v":"Uygulamalar gerektiğinde verileri otomatik olarak veri bağlantısı aracılığıyla alacak. Ek veri ücretlendirmeleri uygulanabilir."},{"$i":"dataRoaming-warning-head","$v":"Veri dolaşımı AÇILSIN mı?"},{"$i":"dataRoaming-warning-message","$v":"Hizmet sözleşmenize bağlı olarak, dolaşım bölgesinde olduğunuzda ekstra ücretlendirmeler uygulanabilir."},{"$i":"change-apn-warning-message1","$v":"Depending on your service agreement, changing your APN setting may result in extra charges when roaming. Do you want to proceed?"},{"$i":"reset-apn-warning-title","$v":"Varsayılana dön"},{"$i":"reset-apn-warning-message","$v":"Bu işlem, ayarları varsayılan değerleri döndürür. Bu işlem geri alınamaz."},{"$i":"state-unknown","$v":"Bilinmeyen durum"},{"$i":"state-available","$v":"Kullanılabilir"},{"$i":"state-connected","$v":"Bağlandı"},{"$i":"state-current","$v":"Bağlandı"},{"$i":"state-forbidden","$v":"Yasak"},{"$i":"delete-apn-confirm","$v":"Bu APN silinsin mi?"},{"$i":"delete-apn","$v":"Sil"},{"$i":"add-apn","$v":"Yeni APN ekle"},{"$i":"reset-apn","$v":"Varsayılana dön"},{"$i":"apnSettings-reset","$v":"APN ayar sıfırlama"},{"$i":"bluetooth","$v":"Bluetooth"},{"$i":"bluetooth-header","$v":[{"t":"idOrVar","v":"bluetooth"}]},{"$i":"bluetooth-enable-msg","$v":"Yakınınızdaki aygıtları görmek için Bluetooth'u açın."},{"$i":"bluetooth-paired-devices","$v":"Eşleşmiş aygıtlar"},{"$i":"bluetooth-devices-in-area","$v":"Bölgedeki aygıtlar"},{"$i":"bluetooth-visible-to-all","$v":"Tümüne görünür"},{"$i":"bluetooth-name-maxlength-alert","$v":["Aygıt adınız ",{"t":"idOrVar","v":"length"}," karakterden uzun. Lütfen tekrar deneyin."]},{"$i":"bluetooth-address","$v":"Bluetooth adresi"},{"$i":"bluetooth-address-unavailable","$v":"Mevcut değil"},{"$i":"bt-status-nopaired","$v":"Eşleştirilmiş aygıt yok"},{"$i":"bt-status-turnoff","$v":"Kapalı"},{"$i":"bt-status-paired","$v":{"zero":[{"t":"idOrVar","v":"name"}],"one":[{"t":"idOrVar","v":"name"}," +",{"t":"idOrVar","v":"n"}," tane daha"],"two":[{"t":"idOrVar","v":"name"}," +",{"t":"idOrVar","v":"n"}," tane daha"],"few":[{"t":"idOrVar","v":"name"}," +",{"t":"idOrVar","v":"n"}," tane daha"],"many":[{"t":"idOrVar","v":"name"}," +",{"t":"idOrVar","v":"n"}," tane daha"],"other":[{"t":"idOrVar","v":"name"}," +",{"t":"idOrVar","v":"n"}," tane daha"]},"$x":[{"t":"idOrVar","v":"plural"},"n"]},{"$i":"device-status-tap-connect","$v":"Bağlanmak için dokunun"},{"$i":"device-status-pairing","$v":"Aygıtla eşleştiriliyor…"},{"$i":"device-status-waiting","$v":"Diğer aygıt bekleniyor…"},{"$i":"device-status-paired","$v":"Eşleştirildi"},{"$i":"device-status-connecting","$v":"Bağlanıyor…"},{"$i":"device-status-connected","$v":"Bağlandı"},{"$i":"device-status-connected-media","$v":"Medya sesine bağlı"},{"$i":"device-option-unpair","$v":"Eşleşmeyi kaldır"},{"$i":"device-option-confirm","$v":"Onayla"},{"$i":"device-option-unpair-confirmation","$v":"Onay"},{"$i":"device-option-unpair-device","$v":"Eşleştirme iptal edilsin mi?"},{"$i":"device-option-connect","$v":"Bağlan"},{"$i":"device-option-disconnect","$v":"Bağlantıyı kes"},{"$i":"search-for-device","$v":"Aygıtlar aranıyor…"},{"$i":"search-device","$v":"Aygıt ara"},{"$i":"rename-device","$v":"Aygıtımın adını değiştir"},{"$i":"unnamed-device","$v":"Bilinmeyen aygıt"},{"$i":"change-phone-name-desc","$v":"Cihazınızın adını bilgisayarınızda görünmesini istediğiniz şekilde değiştirin"},{"$i":"bluetooth-new-name","$v":"Yeni isim"},{"$i":"error-pair-title","$v":"Aygıtlar eşleştirilemedi"},{"$i":"error-pair-pincode","$v":"Aygıtla eşleştirilemedi. PIN'in doğru olduğunu kontrol edin."},{"$i":"error-pair-toofast","$v":"Aygıtla eşleştirilemedi. Çok fazla istek."},{"$i":"error-connect-title","$v":"Aygıtlar bağlanamadı"},{"$i":"error-connect-msg","$v":"Bağlanmaya çalıştığınız aygıtın hâlâ kapsama alanında ve Bluetooth'unun açık olduğunu kontrol edin."},{"$i":"unpair-title","$v":"Bağlanmış aygıtın eşleşmesi kaldırılsın mı?"},{"$i":"unpair-msg","$v":"Şu anda bu aygıta bağlısınız. Eşleşmeyi kaldırırsanız bağlantınız da kesilecektir."},{"$i":"nfc","$v":"NFC"},{"$i":"SSIDCannotBeEmpty","$v":"SSID boş olamaz"},{"$i":"internetSharing","$v":"İnternet paylaşımı"},{"$i":"internetSharing-header","$v":[{"t":"idOrVar","v":"internetSharing"}]},{"$i":"internetSharing-usb","$v":"USB"},{"$i":"internetSharing-wifi","$v":"Wi-Fi"},{"$i":"wifi-hotspot","$v":"Wi-Fi erişim noktası"},{"$i":"wifi-name","$v":"İsim"},{"$i":"wifi-password","$v":"Parola"},{"$i":"wifi-security","$v":"Güvenlik"},{"$i":"usb-tethering","$v":"USB internet paylaşımı"},{"$i":"hotspotSettings","$v":"Erişim noktası ayarları"},{"$i":"wifi-auth-username","$v":"Kullanıcı adı"},{"$i":"wifi-auth-password","$v":"Parola"},{"$i":"wifi-join-username","$v":"Kullanıcı adı"},{"$i":"wifi-join-password","$v":"Parola"},{"$i":"hotspotSettings-header","$v":"Ayarlar"},{"$i":"ssid-name","$v":"SSID ağ adı"},{"$i":"hotspot-open","$v":"açık"},{"$i":"hotspot-wpa-psk","innerHTML":"WPA (TKIP)"},{"$i":"hotspot-wpa2-psk","innerHTML":"WPA2 (AES)"},{"$i":"hotspot-password-desc","$v":"Parola en az 8 karakter olmalıdır."},{"$i":"personalization","$v":"Kişiselleştirme"},{"$i":"sound","$v":"Ses"},{"$i":"sound-header","$v":[{"t":"idOrVar","v":"sound"}]},{"$i":"volume","$v":"Ses"},{"$i":"tones","$v":"Tonlar"},{"$i":"touch-tones","$v":"Sesli dokunma tonları"},{"$i":"touch-tone-short","$v":"Kısa"},{"$i":"touch-tone-long","$v":"Uzun"},{"$i":"select-tone","$v":"Bir ton seçin"},{"$i":"ringtones","$v":"Zil sesleri"},{"$i":"alerts","$v":"Uyarılar"},{"$i":"manage-tones","$v":"Sesleri yönet"},{"$i":"other-sounds","$v":"Diğer sesler"},{"$i":"unlock-screen","$v":"Ekran kilidini açınca"},{"$i":"camera","$v":"Kamera"},{"$i":"sent-message","$v":"Mesaj gönderilince"},{"$i":"alarm-sound","$v":"Alarm"},{"$i":"ringtone-and-notification-sound","$v":"Zil sesleri ve bildirimler"},{"$i":"media-sound","$v":"Ortam"},{"$i":"saving-tone","$v":"Kaydediliyor…"},{"$i":"no-ringtone-app","$v":"Zil seslerini yönetecek bir zil sesi uygulaması bulunamadı!"},{"$i":"display","$v":"Ekran"},{"$i":"display-header","$v":[{"t":"idOrVar","v":"display"}]},{"$i":"brightness","$v":"Parlaklık"},{"$i":"brightness-autoAdjust","$v":"Otomatik olarak ayarla"},{"$i":"lockScreen","$v":"Kilit ekranı"},{"$i":"wallpaper","$v":"Duvar Kâğıdı"},{"$i":"screen-timeout","$v":"Ekran zaman aşımı"},{"$i":"one-minute","$v":"1 dakika"},{"$i":"two-minutes","$v":"2 dakika"},{"$i":"five-minutes","$v":"5 dakika"},{"$i":"ten-minutes","$v":"10 dakika"},{"$i":"never","$v":"Hiçbir zaman"},{"$i":"lock-orientation","$v":"Yönü kilitle"},{"$i":"navigation","$v":"Gezinme"},{"$i":"navigation-header","$v":[{"t":"idOrVar","v":"navigation"}]},{"$i":"edge-swipe-navigation","$v":"Kenardan sürükle"},{"$i":"edge-swipe-navigation-enable-msg","$v":"Uygulamalar arasında atlamak için ekranın sol veya sağ kenarından sürükleyin."},{"$i":"notifications","$v":"Bildirimler"},{"$i":"notifications-header","$v":[{"t":"idOrVar","v":"notifications"}]},{"$i":"lockscreen-notifications","$v":"Kilit ekranında göster"},{"$i":"notifications-resend","$v":"Yeniden başlatınca göster"},{"$i":"dateAndTime","$v":"Tarih ve saat"},{"$i":"dateAndTime-header","$v":[{"t":"idOrVar","v":"dateAndTime"}]},{"$i":"setTimeAutomatically","$v":"Otomatik olarak ayarla"},{"$i":"setTimeManually","$v":"Elle ayarla"},{"$i":"timezoneMessage","$v":"Saat dilimi"},{"$i":"dateMessage","$v":"Tarih"},{"$i":"timeMessage","$v":"Saat"},{"$i":"selectTimezoneContinent","$v":"Kıtayı seçin"},{"$i":"selectTimezone","$v":"Saat diliminizi seçin"},{"$i":"time-format","$v":"Biçim"},{"$i":"time-format-time","$v":"Saat biçimi"},{"$i":"hour-12","$v":"12 saat"},{"$i":"hour-24","$v":"24 saat"},{"$i":"languageAndRegion","$v":"Dil ve Bölge"},{"$i":"language","$v":"Dil"},{"$i":"language-header","$v":[{"t":"idOrVar","v":"language"}]},{"$i":"region","$v":"Bölge"},{"$i":"more-languages","$v":"Get More Languages"},{"$i":"sample-format","$v":"Örnek Biçim"},{"$i":"longDateFormat","$v":"%d %B %Y %A"},{"$i":"simManager","$v":"SIM yöneticisi"},{"$i":"simManager-header","$v":[{"t":"idOrVar","v":"simManager"}]},{"$i":"simSettings","$v":"SIM ayarları"},{"$i":"sim-manager-outgoing-calls","$v":"Giden aramalar"},{"$i":"sim-manager-outgoing-call-desc","$v":"Aramalar buradan yapılacak"},{"$i":"sim-manager-outgoing-messages","$v":"Giden mesajlar"},{"$i":"sim-manager-outgoing-messages-desc","$v":"SMS'ler buradan gönderilecek"},{"$i":"sim-manager-outgoing-data","$v":"Veri"},{"$i":"sim-manager-outgoing-data-description","$v":"Veri hizmeti şebekesi ve Marketplace ödemeleri"},{"$i":"sim-manager-always-ask","$v":"Her zaman sor"},{"$i":"sim-pin-locked","$v":"SIM PIN kilitli"},{"$i":"no-operator","$v":"Operatör yok"},{"$i":"cant-disable-simcard-alert","$v":"Her zaman en az bir SIM etkin olmalıdır"},{"$i":"disable-simcard-confirm","$v":["SIM ",{"t":"idOrVar","v":"disableCardIndex"}," arama ve mesaj alamaz. SIM ",{"t":"idOrVar","v":"disableCardIndex"}," olarak ayarlanmış giden arama ve mesajlar devre dışı bırakılacaktır."]},{"$i":"change-outgoing-data-confirm","$v":"Mevcut veri aktarımı duraklatılacaktır. Yine de devam edilsin mi?"},{"$i":"homescreen","$v":"Ana ekran"},{"$i":"vertical-homescreen-header","$v":"Ana ekran"},{"$i":"vertical-homescreen-layout","$v":"Düzen"},{"$i":"vertical-homescreen-icon-layout","$v":"Simge düzeni"},{"$i":"vertical-homescreen-three-columns","$v":"Üç sütun"},{"$i":"vertical-homescreen-four-columns","$v":"Dört sütun"},{"$i":"notice","$v":"Uyarı"},{"$i":"search","$v":"Arama"},{"$i":"search-header","$v":"Arama"},{"$i":"search-engine","$v":"Arama motoru"},{"$i":"search-suggestions","$v":"Arama önerileri"},{"$i":"search-suggestions-description","$v":"Arama yaparken yazdığınız karakterler çeşitli arama motorlarına gönderilecek ve size arama önerilerinde bulunmak için kullanılacaktır. Bu özelliği kullanırsanız daha fazla veri tüketirsiniz."},{"$i":"homescreens","$v":"Ana ekranlar"},{"$i":"homescreens-header","$v":[{"t":"idOrVar","v":"homescreens"}]},{"$i":"changeHomescreen","$v":"Ana ekranı değiştir"},{"$i":"changeHomescreenButton","$v":"Değiştir"},{"$i":"description","$v":"Açıklama"},{"$i":"keyboardSettings","$v":"Klavye ayarları"},{"$i":"selectedKeyboards","$v":"Seçilen klavyeler"},{"$i":"keyboards","$v":"Klavyeler"},{"$i":"keyboards-header","$v":[{"t":"idOrVar","v":"keyboards"}]},{"$i":"numberKeyboardLayouts","$v":"Sayı düzenleri"},{"$i":"optionKeyboardLayouts","$v":"Seçenek düzenleri"},{"$i":"keypad","$v":"Tuş takımı"},{"$i":"dialpad","$v":"Rakam klavyesi"},{"$i":"selectKeyboards","$v":"Seçilen klavyeler"},{"$i":"selectKeyboards-header","$v":[{"t":"idOrVar","v":"selectKeyboards"}]},{"$i":"mustHaveOneKeyboard","$v":["En az bir ",{"t":"idOrVar","v":"type"}," klavye seçilmelidir"]},{"$i":"keyboardType-text","$v":"metin"},{"$i":"keyboardType-url","$v":"url"},{"$i":"keyboardType-number","$v":"sayı"},{"$i":"defaultKeyboardEnabled","$v":[{"t":"idOrVar","v":"appName"}," ",{"t":"idOrVar","v":"layoutName"}," varsayılan girdi yöntemi olarak ayarlandı"]},{"$i":"themes","$v":"Temalar"},{"$i":"themes-header","$v":[{"t":"idOrVar","v":"themes"}]},{"$i":"fxa","$v":"Firefox Hesapları"},{"$i":"accounts","$v":"Hesap yönetimi"},{"$i":"fxa-accounts","$v":"Firefox Hesapları"},{"$i":"fxa-accounts-header","$v":[{"t":"idOrVar","v":"fxa-accounts"}]},{"$i":"fxa-overview","$v":"Firefox hesabınız Cihazımı Bul gibi özellikleri ve Firefox Marketplace gibi uygulamaları kullanmanızı sağlar."},{"$i":"fxa-invitation","$v":"Hesap oluştur veya oturum aç"},{"$i":"fxa-confirm-account","$v":"Hesabınızı doğrulayın"},{"$i":"fxa-verification-email-sent-msg","$v":[{"t":"idOrVar","v":"email"}," adresine bir e-posta göndereceğiz"]},{"$i":"fxa-please-verify","$v":"Hesabınızı doğrulamak için e-postanızdaki doğrulama bağlantısına tıklayın."},{"$i":"fxa-cancel-confirmation","$v":"Hesap doğrulamayı iptal et"},{"$i":"fxa-resend-alert","$v":[{"t":"idOrVar","v":"email"}," adresine bir onay bağlantısı gönderildi."]},{"$i":"fxa-dont-see-email","$v":["E-posta gelmedi mi? ",{"t":"idOrVar","v":"resend"},"."]},{"$i":"fxa-resend","$v":"Yeniden gönderin"},{"$i":"fxa-about","$v":"Hakkında"},{"$i":"fxa-logged-in-text","$v":["Oturum sahibi: ",{"t":"idOrVar","v":"email"}]},{"$i":"fxa-signed-in-header","$v":"Oturum açıldı"},{"$i":"fxa-marketplace-app","$v":"Marketplace"},{"$i":"fxa-find-my-device-app","$v":"Cihazımı Bul"},{"$i":"fxa-options","$v":"Seçenekler"},{"$i":"fxa-sign-out","$v":"Oturumu kapat"},{"$i":"fxa-confirm-email","$v":["Lütfen ",{"t":"idOrVar","v":"email"}," adresini doğrulayın"]},{"$i":"findmydevice","$v":"Cihazımı Bul"},{"$i":"findmydevice-create-account","$v":"Hesap oluştur veya oturum aç"},{"$i":"findmydevice-enable","$v":"Cihazımı Bul'u aç"},{"$i":"findmydevice-about","$v":"Cihazımı Bul hakkında"},{"$i":"findmydevice-enable-geolocation-prompt","$v":"Coğrafi konum etkinleştirilsin mi?"},{"$i":"findmydevice-enable-geolocation-description","$v":"Aygıtınızın konumunu görmek için coğrafi konum takibini etkinleştirmelisiniz."},{"$i":"findmydevice-geolocation-enabled","$v":"Coğrafi konum etkinleştirildi"},{"$i":"findmydevice-enable-network","$v":"Bu cihaz şu anda çevrimdışı. Bir ağa bağlanıp yeniden deneyin."},{"$i":"findmydevice-error","$v":"Cihazımı Bul hatası oluştu."},{"$i":"findmydevice-please-try","$v":"Lütfen tekrar deneyin."},{"$i":"findmydevice-please-tap","$v":"Tekrar denemek için dokunun."},{"$i":"privacyAndSecurity","$v":"Gizlilik ve Güvenlik"},{"$i":"passcode-lock","$v":"Şifre ile kilitle"},{"$i":"passcode-lock-desc","$v":["Şifre: ",{"t":"idOrVar","v":"code"}]},{"$i":"screenLock","$v":"Ekran kilidi"},{"$i":"screenLock-header","$v":[{"t":"idOrVar","v":"screenLock"}]},{"$i":"simSecurity","$v":"SIM güvenliği"},{"$i":"simSecurity-header","$v":[{"t":"idOrVar","v":"simSecurity"}]},{"$i":"appPermissions","$v":"Uygulama izinleri"},{"$i":"appPermissions-header","$v":[{"t":"idOrVar","v":"appPermissions"}]},{"$i":"author","$v":"Yazar"},{"$i":"permissions","$v":"İzinler"},{"$i":"revoke","$v":"Geri al"},{"$i":"ask","$v":"Sor"},{"$i":"deny","$v":"Reddet"},{"$i":"allow","$v":"İzin ver"},{"$i":"uninstallApp","$v":"Uygulamayı kaldır"},{"$i":"phone","$v":"Telefon"},{"$i":"messages","$v":"Mesajlar"},{"$i":"vibrate","$v":"Titreşim"},{"$i":"ring","$v":"Zil"},{"$i":"change","$v":"Değiştir"},{"$i":"create","$v":"Oluştur"},{"$i":"create-a-passcode","$v":"Şifre oluştur"},{"$i":"passcode","$v":"Şifre"},{"$i":"passcode-heading","$v":"Şifre"},{"$i":"enter-passcode","$v":"Şifreyi gir"},{"$i":"new-passcode","$v":"Yeni şifre"},{"$i":"current-passcode","$v":"Mevcut şifre"},{"$i":"incorrect-passcode","$v":"Şifre yanlış"},{"$i":"passcode-doesnt-match","$v":"Şifre uyuşmuyor. Tekrar deneyin."},{"$i":"confirm-passcode","$v":"Şifreyi onaylayın"},{"$i":"immediately","$v":"Hemen"},{"$i":"after-one-minute","$v":"1 dakika sonra"},{"$i":"after-five-minutes","$v":"5 dakika sonra"},{"$i":"after-fifteen-minutes","$v":"15 dakika sonra"},{"$i":"after-thirty-minutes","$v":"30 dakika sonra"},{"$i":"after-one-hour","$v":"1 saat sonra"},{"$i":"require-passcode","$v":"Şifre iste"},{"$i":"change-passcode","$v":"Şifreyi değiştir"},{"$i":"noSimCard","$v":"SIM kart yok"},{"$i":"simPin","$v":"SIM PIN'i"},{"$i":"simPin2","$v":"SIM PIN2"},{"$i":"simPinWithIndex","$v":["SIM ",{"t":"idOrVar","v":"index"}," PIN'i"]},{"$i":"pukCode","$v":"PUK kodu"},{"$i":"puk2Code","$v":"PUK2 kodu"},{"$i":"whatIsSimPin","$v":"SIM PIN'i nedir?"},{"$i":"simPinIntro1","$v":"SIM PIN'i, SIM kartın hücresel veri şebekelerine erişmesini önler. Etkinleştirildiğinde, SIM kartın bulunduğu herhangi bir aygıt başlatılırken PIN'i isteyecektir."},{"$i":"simPinIntro2","$v":"SIM PIN'i cihazın kilidini açmak için kullanılan şifre ile aynı değildir."},{"$i":"changeSimPin","$v":"PIN'i değiştir"},{"$i":"simPinChangedSuccessfully","$v":"SIM PIN'i değiştirildi"},{"$i":"simPinChangedSuccessfullyWithIndex","$v":["SIM ",{"t":"idOrVar","v":"index"}," PIN'i değiştirildi"]},{"$i":"pinTitle","$v":"SIM PIN'ini girin"},{"$i":"pin2Title","$v":"SIM PIN2'yi girin"},{"$i":"pukTitle","$v":"PUK kodunu girin"},{"$i":"puk2Title","$v":"PUK2 kodunu girin"},{"$i":"newpinTitle","$v":"Yeni PIN"},{"$i":"inputCodeRetriesLeft","$v":{"one":"son hakkınız.","two":[{"t":"idOrVar","v":"n"}," hakkınız kaldı."],"few":[{"t":"idOrVar","v":"n"}," hakkınız kaldı."],"many":[{"t":"idOrVar","v":"n"}," hakkınız kaldı."],"other":[{"t":"idOrVar","v":"n"}," hakkınız kaldı."]},"$x":[{"t":"idOrVar","v":"plural"},"n"]},{"$i":"pinAttemptMsg3","$v":{"one":"SIM kart kilitlenmeden önce doğru kodu girmek için bir deneme hakkınız kaldı.","two":["SIM kart kilitlenmeden önce doğru kodu girmek için ",{"t":"idOrVar","v":"n"}," deneme hakkınız kaldı."],"few":["SIM kart kilitlenmeden önce doğru kodu girmek için ",{"t":"idOrVar","v":"n"}," deneme hakkınız kaldı."],"many":["SIM kart kilitlenmeden önce doğru kodu girmek için ",{"t":"idOrVar","v":"n"}," deneme hakkınız kaldı."],"other":["SIM kart kilitlenmeden önce doğru kodu girmek için ",{"t":"idOrVar","v":"n"}," deneme hakkınız kaldı."]},"$x":[{"t":"idOrVar","v":"plural"},"n"]},{"$i":"pinLastChanceMsg","$v":"Bu, doğru PIN'i girmek için son şansınız. Aksi halde bu SIM kartını kullanmak için PUK kodunu girmeniz gerekecek."},{"$i":"simCardLockedMsg","$v":"SIM kart kilitli."},{"$i":"simCardBlockedMsg","$v":"SIM kart engellenmiş."},{"$i":"enterPukMsg","$v":"SIM kartın Kişisel Kilit Açma Anahtarını (PUK) girmelisiniz. Daha fazla bilgi için SIM kartınızın belgelerine bakın veya operatörünüzle irtibata geçin."},{"$i":"enterPuk2Msg","$v":"SIM kartın Kişisel Kilit Açma Anahtarını (PUK2) girmelisiniz. Daha fazla bilgi için SIM kartınızın belgelerine bakın veya operatörünüzle irtibata geçin."},{"$i":"pukErrorMsg","$v":"PUK kodu yanlış."},{"$i":"pukAttemptMsg3","$v":{"one":"Bu SIM kart kalıcı olarak kullanılamaz hale gelmeden önce doğru kodu girmeniz için bir hakkınız kaldı. Daha fazla bilgi için SIM kartın belgelerine bakın veya operatörünüzle iletişime geçin.","two":["Bu SIM kart kalıcı olarak kullanılamaz hale gelmeden önce doğru kodu girmeniz için ",{"t":"idOrVar","v":"n"}," hakkınız kaldı. Daha fazla bilgi için SIM kartın belgelerine bakın veya operatörünüzle iletişime geçin."],"few":["Bu SIM kart kalıcı olarak kullanılamaz hale gelmeden önce doğru kodu girmeniz için ",{"t":"idOrVar","v":"n"}," hakkınız kaldı. Daha fazla bilgi için SIM kartın belgelerine bakın veya operatörünüzle iletişime geçin."],"many":["Bu SIM kart kalıcı olarak kullanılamaz hale gelmeden önce doğru kodu girmeniz için ",{"t":"idOrVar","v":"n"}," hakkınız kaldı. Daha fazla bilgi için SIM kartın belgelerine bakın veya operatörünüzle iletişime geçin."],"other":["Bu SIM kart kalıcı olarak kullanılamaz hale gelmeden önce doğru kodu girmeniz için ",{"t":"idOrVar","v":"n"}," hakkınız kaldı. Daha fazla bilgi için SIM kartın belgelerine bakın veya operatörünüzle iletişime geçin."]},"$x":[{"t":"idOrVar","v":"plural"},"n"]},{"$i":"pukLastChanceMsg","$v":"Doğru PUK kodunu girmek için son şansınız. Yanlış PUK kodu girerseniz SIM kartınız kalıcı olarak kullanılamaz hale gelecektir. Daha fazla bilgi için SIM kartınızın belgelerine bakın veya operatörünüzle iletişime geçin."},{"$i":"newSimPinMsg","$v":"PIN oluştur (4-8 haneli olmalı)"},{"$i":"newSimPin2Msg","$v":"PIN2 oluştur (4-8 haneli olmalı)"},{"$i":"confirmNewSimPinMsg","$v":"Yeni PIN'i onaylayın"},{"$i":"confirmNewSimPin2Msg","$v":"Yeni PIN2'yi onaylayın"},{"$i":"newPinErrorMsg","$v":"PIN'ler uyuşmuyor"},{"$i":"simLockedPhone","$v":"SIM kilitli telefon"},{"$i":"unknownSimCardState","$v":"Bilinmeyen SIM kart durumu"},{"$i":"simCardNotReady","$v":"SIM kart hazır değil"},{"$i":"simCardIllegal","$v":"Yetkisiz SIM kart"},{"$i":"doNotTrack","$v":"Beni İzleme"},{"$i":"doNotTrack-header","$v":[{"t":"idOrVar","v":"doNotTrack"}]},{"$i":"doNotTrackActions","$v":"Web sitelerine ve uygulamalara izlenmek istemediğimi söyle"},{"$i":"allowTracking","$v":"Web sitelerine ve uygulamalara izlenmek istediğimi söyle"},{"$i":"doNotHavePrefOnTracking","$v":"Web sitelerine ve uygulamalara izlenme tercihlerim hakkında bir şey söyleme"},{"$i":"doNotTrack-dt","$v":"Beni İzleme nasıl çalışır?"},{"$i":"doNotTrack-dd1","$v":"Beni İzleme'yi açtığınızda, aygıtınız tüm web sitelerine ve uygulamalara (aynı zamanda reklam verenlere ve diğer içerik sağlayıcılara) hareketlerinizin izlenmesini istemediğinizi bildirir."},{"$i":"doNotTrack-dd2","$v":"Beni İzleme'yi açmak, web sitelerine giriş yapabilmenizi etkilemez veya aygıtınızın alışveriş sepeti içeriği, konum bilgisi, oturum bilgileri gibi özel bilgilerinizi unutmasına yol açmaz."},{"$i":"browsingPrivacy","$v":"Tarama gizliliği"},{"$i":"browsingPrivacy-header","$v":[{"t":"idOrVar","v":"browsingPrivacy"}]},{"$i":"confirm-clear-title","$v":"Onay"},{"$i":"clear-browsing-history","$v":"Tarayıcı geçmişini temizle"},{"$i":"confirm-clear-browsing-history","$v":"Tarama geçmişi temizlensin mi?"},{"$i":"clear-cookies-and-stored-data","$v":"Çerezleri ve depolanmış verileri temizle"},{"$i":"confirm-clear-cookies-and-stored-data","$v":"Bu cihazdaki çerezler ve diğer depolanmış veriler silinsin mi?"},{"$i":"clear","$v":"Temizle"},{"$i":"privacy-controls","$v":"Privacy Controls"},{"$i":"no-privacy-panel","$v":"No privacy panel app found"},{"$i":"storage","$v":"Depolama"},{"$i":"enableUSBStorage1","$v":"USB depolama"},{"$i":"umsUnplugToDisable","$v":"Devre dışı bırakmak için USB kablosunu çıkartın"},{"$i":"appStorage","$v":"Uygulama deposu"},{"$i":"appStorage-header","$v":[{"t":"idOrVar","v":"appStorage"}]},{"$i":"storageSize","$v":[{"t":"idOrVar","v":"size"}," ",{"t":"idOrVar","v":"unit"}]},{"$i":"availableSize","$v":{"zero":[{"t":"idOrVar","v":"size"}," ",{"t":"idOrVar","v":"unit"}," kullanılabilir"],"one":[{"t":"idOrVar","v":"size"}," ",{"t":"idOrVar","v":"unit"}," kullanılabilir"],"two":[{"t":"idOrVar","v":"size"}," ",{"t":"idOrVar","v":"unit"}," kullanılabilir"],"few":[{"t":"idOrVar","v":"size"}," ",{"t":"idOrVar","v":"unit"}," kullanılabilir"],"many":[{"t":"idOrVar","v":"size"}," ",{"t":"idOrVar","v":"unit"}," kullanılabilir"],"other":[{"t":"idOrVar","v":"size"}," ",{"t":"idOrVar","v":"unit"}," kullanılabilir"]},"$x":[{"t":"idOrVar","v":"plural"},"size"]},{"$i":"apps-total-space","$v":"Toplam alan"},{"$i":"apps-used-space","$v":"Kullanılan"},{"$i":"apps-free-space","$v":"Kalan"},{"$i":"storage-details","$v":"Fotoğraf, video ve müzikler uygulamalardan ayrı depolanır. Ayrıntılar için medya deposuna bakın."},{"$i":"ums-shared-volumes","$v":[{"t":"idOrVar","v":"list"}," paylaşıldı"]},{"$i":"transferProtocol-header","$v":"Aktarım protokolü"},{"$i":"protocol-mtp","$v":"Medya aktarım protokolü (MTP)"},{"$i":"protocol-ums","$v":"USB yığın depolama (UMS)"},{"$i":"mediaStorage","$v":"Medya deposu"},{"$i":"mediaStorage-header","$v":[{"t":"idOrVar","v":"mediaStorage"}]},{"$i":"storage-name-internal","$v":"Dahili depolama"},{"$i":"storage-name-external-0","$v":"SD kart depolama"},{"$i":"storage-name-external-1","$v":"SD kart depolama 2"},{"$i":"short-storage-name-internal","$v":"Dahili"},{"$i":"short-storage-name-external-0","$v":"SD kart"},{"$i":"short-storage-name-external-1","$v":"SD kart 2"},{"$i":"music-space","$v":"Müzik"},{"$i":"pictures-space","$v":"Resimler"},{"$i":"videos-space","$v":"Filmler"},{"$i":"left-space","$v":"Kalan alan"},{"$i":"free-space","$v":"Kalan alan"},{"$i":"total-space","$v":"Toplam alan"},{"$i":"size-not-available","$v":"Kullanılamaz"},{"$i":"no-storage","$v":"Depolama bulunamadı"},{"$i":"advanced","$v":"Gelişmiş"},{"$i":"ums-warning-title","$v":"USB depolama etkinleştirilsin mi?"},{"$i":"default-media-location","$v":"Varsayılan medya konumu"},{"$i":"default-media-location-msg","$v":"Fotoğraf, video, müzik ve indirilenlerin varsayılan olarak nerede depolanacağını seçin."},{"$i":"change-default-media-location-confirmation","$v":"Varsayılan medya depolama konumunu değiştirirseniz fotoğraf, video, indirme ve diğer medya dosyalarının varsayılan kayıt yeri değiştir. Mevcut veriler şu anki konumlarında kalacaktır. Devam etmek istiyor musunuz?"},{"$i":"eject-sdcard-external-0","$v":"SD kartı çıkar"},{"$i":"eject-sdcard-external-1","$v":"SD kart 2'yi çıkar"},{"$i":"format-sdcard-internal","$v":"Dahili depolamayı biçimlendir"},{"$i":"format-sdcard-external-0","$v":"SD kartı biçimlendir"},{"$i":"format-sdcard-external-1","$v":"SD kart 2'yi biçimlendir"},{"$i":"formatting","$v":"Biçimlendiriliyor…"},{"$i":"unmount-sdcard-confirmation","$v":"SD kartı çıkardıktan sonra içindeki içeriğe erişemeyeceksiniz. Devam etmek istiyor musunuz?"},{"$i":"format-sdcard-title","$v":"SD kartı biçimlendir"},{"$i":"format-sdcard-message","$v":"Bu işlem, SD kartınızdaki tüm verileri (müzikler, fotoğraflar vb.) silecektir."},{"$i":"format-sdcard-internal-title","$v":"Dahili depolamayı biçimlendir"},{"$i":"format-sdcard-internal-message","$v":"Bu işlem, dahili depolama alanınızdaki müzik ve fotoğraf gibi tüm verileri silecektir."},{"$i":"format-sdcard-btnformat","$v":"Biçimlendir"},{"$i":"sdcardUnmounted","$v":"SD kart çıkarıldı"},{"$i":"device","$v":"Aygıt"},{"$i":"help","$v":"Yardım"},{"$i":"deviceInfo","$v":"Aygıt bilgisi"},{"$i":"deviceInfo-header","$v":[{"t":"idOrVar","v":"deviceInfo"}]},{"$i":"deviceInfo-IMEI","$v":"IMEI"},{"$i":"deviceInfo-ICCID","$v":"ICCID"},{"$i":"deviceInfo-MSISDN","$v":"Telefon numarası"},{"$i":"deviceInfo-ICCID-unavailable-sim","$v":["SIM ",{"t":"idOrVar","v":"index"},": Kullanılamaz"]},{"$i":"downloads","$v":"İndirmeler"},{"$i":"downloads-header","$v":[{"t":"idOrVar","v":"downloads"}]},{"$i":"unknown-phoneNumber","$v":"Bilinmiyor"},{"$i":"unknown-phoneNumber-sim","$v":["SIM ",{"t":"idOrVar","v":"index"},": Bilinmiyor"]},{"$i":"gitInfo","$v":"Git gönderi bilgisi"},{"$i":"developer","$v":"Geliştirici"},{"$i":"developer-header","$v":[{"t":"idOrVar","v":"developer"}]},{"$i":"hud-settings-button","$v":"Geliştirici göstergesi"},{"$i":"hud-settings-header","$v":[{"t":"idOrVar","v":"hud-settings-button"}]},{"$i":"hud-devtools","$v":"Geliştirici araçları"},{"$i":"hud-devtools-header","$v":[{"t":"idOrVar","v":"hud-devtools"}]},{"$i":"hud-logging","$v":"Değişimleri ADB'ye kaydet"},{"$i":"hud-system","$v":"Sistem göstergesi"},{"$i":"hud-problems","$v":"Sorunlar"},{"$i":"hud-warnings","$v":"Uyarılar"},{"$i":"hud-errors","$v":"Hatalar"},{"$i":"hud-security","$v":"Güvenlik sorunları"},{"$i":"hud-performance","$v":"Performans"},{"$i":"hud-reflows","$v":"Yeniden akışlar"},{"$i":"hud-jank","$v":"Jank"},{"$i":"jank-threshold","$v":"Jank eşiği"},{"$i":"hud-fps","$v":"Kare/saniye"},{"$i":"hud-ttl","$v":"Yükleme süresi"},{"$i":"hud-memory","$v":"Bellek"},{"$i":"hud-uss","$v":"Unique Set Size"},{"$i":"hud-appmemory","$v":"Uygulama belleği"},{"$i":"hud-jsobjects","$v":"JS nesneleri"},{"$i":"hud-jsstrings","$v":"JS dizgileri"},{"$i":"hud-jsother","$v":"JS diğer"},{"$i":"hud-dom","$v":"DOM"},{"$i":"hud-style","$v":"Stil"},{"$i":"hud-other","$v":"Diğer"},{"$i":"software","$v":"Yazılım"},{"$i":"devSettings","$v":"Geliştirici ayarları"},{"$i":"debug","$v":"Hata ayıklama"},{"$i":"developer-menu","$v":"Geliştirici menüsü"},{"$i":"developer-tools","$v":"Geliştirici araçları"},{"$i":"graphics","$v":"Grafikler"},{"$i":"hardware-composer","$v":"Donanımsal kompozitör"},{"$i":"paint-flashing","$v":"Tekrar çizilen alanı boya"},{"$i":"dumps-layers","$v":"Katman ağacı çıktısı"},{"$i":"dumps-layerscope","$v":"Layerscope çıktısı"},{"$i":"apz-overscroll","$v":"Aşırı kaydırma"},{"$i":"tiling","$v":"Döşeme"},{"$i":"low-precision","$v":"Düşük hassasiyetli boyama"},{"$i":"low-opacity","$v":"Düşük hassasiyetli saydamlık"},{"$i":"draw-tile-borders","$v":"Döşeme kenarlarını çiz"},{"$i":"draw-layer-borders","$v":"Katman kenarlarını çiz"},{"$i":"log-animations","$v":"Yavaş animasyonları log'la"},{"$i":"remote-debugging-usb","$v":"USB ile hata ayıklama"},{"$i":"dev-tools-wifi","$v":"Wi-Fi ile DevTools"},{"$i":"dev-tools-qps","$v":"Sözde yerelleştirme"},{"$i":"debugger-disabled","$v":"Devre dışı"},{"$i":"debugger-adb-only","$v":"Sadece ADB"},{"$i":"debugger-adb-and-devtools","$v":"ADB ve DevTools"},{"$i":"wifi-debugging","$v":"ADB'de Wi-Fi çıktısı"},{"$i":"bluetooth-debugging","$v":"ADB'de Bluetooth çıktısı"},{"$i":"bluetooth-snoop-debugging","$v":"Bluetooth HCI sniffing logs to sdcard"},{"$i":"nfc-debugging","$v":"ADB'de NFC çıktısı"},{"$i":"ril-debugging","$v":"RIL output in ADB"},{"$i":"console-enabled","$v":"Konsol etkin"},{"$i":"cards-view-screenshots","$v":"Kart g.: ekran görüntüleri"},{"$i":"geolocation-debugging-enabled","$v":"ADB'de coğrafi konum"},{"$i":"geolocation-debugging-gps-locations-ignored","$v":"GPS konumlarını görme"},{"$i":"use-reviewer-certs","$v":"Marketplace inceleyici sertifikalarını kullan"},{"$i":"shake-to-log","$v":"Sistem log'u kaydı için salla"},{"$i":"model-name","$v":"Model"},{"$i":"os-version","$v":"İşletim sistemi sürümü"},{"$i":"firmware_revision","$v":"Bellenim revizyonu"},{"$i":"hardware_revision","$v":"Donanım revizyonu"},{"$i":"platform_version","$v":"Platform sürümü"},{"$i":"build-id","$v":"Yapı kimliği"},{"$i":"update-channel","$v":"Güncelleme kanalı"},{"$i":"build_number","$v":"Yapı numarası"},{"$i":"update-url","$v":"Güncelleme adresi"},{"$i":"last-updated","$v":"Son güncelleme"},{"$i":"more-info","$v":"Daha fazla bilgi"},{"$i":"more-info-header","$v":[{"t":"idOrVar","v":"more-info"}]},{"$i":"softwareUpdates","$v":"Yazılım güncellemeleri"},{"$i":"check-update-daily","$v":"Her gün"},{"$i":"check-update-weekly","$v":"Her hafta"},{"$i":"check-update-monthly","$v":"Her ay"},{"$i":"check-for-updates","$v":"Güncellemeleri denetle"},{"$i":"check-update-now","$v":"Şimdi denetle"},{"$i":"update-status","$v":"Güncelleme durumu"},{"$i":"no-network-when-update","$v":"Güncellemeye devam etmek için internete bağlanın."},{"$i":"checking-for-update","$v":"Güncellemeler denetleniyor…"},{"$i":"no-updates","$v":"Güncelleme bulunamadı"},{"$i":"retry-when-online","$v":"Şu anda ağ çevrimdışı. Ağ çevrimiçi olduğunda tekrar kontrol edilecek."},{"$i":"already-latest-version","$v":["Bu zaten ",{"t":"idOrVar","v":"brandShortName"}," yazılımının en son sürümü"]},{"$i":"check-error","$v":"Güncellemeler denetlenirken bir hata oldu."},{"$i":"aboutBrowserOS","$v":[{"t":"idOrVar","v":"brandShortName"}," hakkında"]},{"$i":"browser-os-desc","$v":[{"t":"idOrVar","v":"brandShortName"},", Mozilla'nın geliştirdiği ücretsiz ve açık kaynaklı bir işletim sistemidir. Misyonumuz Web'in gücünü sizin elinize teslim ederek açıklık, yenilik ve fırsat eşitliğini desteklemektir."]},{"$i":"learn-more","$v":"Daha fazla bilgi alın"},{"$i":"reset-head","$v":"Sıfırla"},{"$i":"reset-warning-title","$v":"DİKKAT"},{"$i":"unlock-privileges","$v":"Unlock Privileges"},{"$i":"reset-devtools","$v":"Reset and enable full DevTools"},{"$i":"reset-devtools-warning-title","$v":"CAUTION"},{"$i":"your-rights","$v":"Haklarınız"},{"$i":"your-rights-header","$v":[{"t":"idOrVar","v":"your-rights"}]},{"$i":"about-your-rights-0","$v":[{"t":"idOrVar","v":"brandShortName"}," tüm dünyadan binlerce kişilik bir topluluk tarafından özgür ve açık kaynaklı yazılımlar temel alınarak inşa edilmiştir. Bilmeniz gereken birkaç şey var:"]},{"$i":"about-your-rights-1","$v":[{"t":"idOrVar","v":"brandShortName"},", Mozilla Kamu Lisansı da dahil olmak üzere, birçok açık kaynak lisansı koşulları kapsamında kullanımınıza sunulmuştur. ",{"t":"idOrVar","v":"brandShortName"}," çalıştıran bir aygıt, üçüncü şahıslara ait sahipli yazılımlar da içeriyor olabilir. Koşullara uyduğunuz sürece açık lisanslar altında sunulan tüm kodlar, size kaynak kodunda değişiklik yapma ve değiştirilmiş sürümleri dağıtma hakkı verir."]},{"$i":"about-your-rights-2","$v":["Mozilla Vakfı veya başka bir kurumun herhangi bir ticari markasını veya hakkını (",{"t":"idOrVar","v":"brandShortName"}," ismi ve logosu da dahil olmak üzere) kullanma hakkına sahip değilsiniz."]},{"$i":"about-your-rights-3","$v":[{"t":"idOrVar","v":"brandShortName"}," içindeki Çökme Raporlayıcısı gibi bazı özellikler size Mozilla'ya geri bildirimde bulunma seçeneği sunar. Geri bildirimde bulunmayı tercih ederseniz, Mozilla'ya ürünlerini geliştirmek için bu geri bildirimi kullanma, geri bildirimi web sitelerinde yayımlama ve geri bildirimi dağıtma izni vermiş olursunuz."]},{"$i":"about-legal-info","$v":"Yasal bilgiler"},{"$i":"about-credit-info","$v":"Geliştirenler"},{"$i":"about-legal-info-header","$v":[{"t":"idOrVar","v":"about-legal-info"}]},{"$i":"open-source-notices","$v":"Açık Kaynak Uyarıları"},{"$i":"open-source-notices-header","$v":[{"t":"idOrVar","v":"open-source-notices"}]},{"$i":"obtaining-source-code","$v":"Kaynak Kodların Edinilmesi"},{"$i":"obtaining-source-code-header","$v":[{"t":"idOrVar","v":"obtaining-source-code"}]},{"$i":"about-mozilla","$v":"Mozilla"},{"$i":"about-other","$v":"Diğer"},{"$i":"your-privacy","$v":"Gizliliğiniz"},{"$i":"your-privacy-header","$v":[{"t":"idOrVar","v":"your-privacy"}]},{"$i":"licensing-1","$v":"Bu ürünün ikili dosyaları size Mozilla Projesi tarafından Mozilla Kamu Lisansı 2.0 (MPL) altında sunulmuştur. Haklarınızı öğrenin."},{"$i":"licensing-2","$v":"Bu ürüne ait kaynak kodlarının tümü özgür ve açık kaynaklı lisanslar altında sunulmaktadır. Çoğu Mozilla Kamu Lisansı 2.0 (MPL) altında sunulmaktadır."},{"$i":"licensing-3","$v":"Mozilla Kamu Lisansı 2.0 MPL altında olmayan diğer yazılımlar, çeşitli diğer altında kullanıma sunulmuştur. Dağıtımında lisans metninin çoğaltılması gerekenler aşağıda sıralanmıştır. (Not: Ürün kopyanız, seçtiğiniz asıl ürün ve sürüme bağlı olarak burada listelenmiş lisanslarla korunan kodları içermeyebilir.)"},{"$i":"licensing-MPL","$v":"Mozilla Kamu Lisansı 2.0"},{"$i":"licensing-Apache","$v":"Apache Lisansı 2.0"},{"$i":"launch-ftu","$v":"İlk Kullanım'ı başlat"},{"$i":"no-ftu","$v":"İlk kullanım uygulaması bulunamadı"},{"$i":"software-home-button","$v":"Yazılımsal ana ekran dğm."},{"$i":"home-gesture","$v":"Ana ekran parmak hrkt."},{"$i":"continuous-transition","$v":"Sürekli geçiş"},{"$i":"debug-gaia-enabled","$v":"Gaia hata ayıklama izleri"},{"$i":"showScreenReaderSettings","$v":"Ekran okuyucu ayarlarını göster"},{"$i":"app-transition","$v":"Uygulama geçişi"},{"$i":"app-suspending","$v":"Uygulama duraklatma"},{"$i":"copypaste","$v":"Copy/paste"},{"$i":"verbose-app-permissions","$v":"Gereksiz uygulama izinleri"},{"$i":"window-management","$v":"Pencere yönetimi"},{"$i":"downloads-edit","$v":"İndirmeleri düzenle"},{"$i":"downloads-select-all","$v":"Tümünü seç"},{"$i":"downloads-deselect-all","$v":"Seçimi kaldır"},{"$i":"downloads-delete","$v":"Sil"},{"$i":"battery","$v":"Pil"},{"$i":"battery-header","$v":[{"t":"idOrVar","v":"battery"}]},{"$i":"batteryLevel","$v":"Mevcut düzey"},{"$i":"batteryLevel-percent-unplugged","$v":["%",{"t":"idOrVar","v":"level"}]},{"$i":"batteryLevel-percent-charging","$v":["%",{"t":"idOrVar","v":"level"}," (şarj oluyor)"]},{"$i":"batteryLevel-percent-charged","$v":["%",{"t":"idOrVar","v":"level"}," (şarj oldu)"]},{"$i":"powerSaveModeTitle","$v":"Güç tasarrufu modu"},{"$i":"powerSaveMode","$v":"Güç tasarrufu modu"},{"$i":"powerSave-threshold","$v":["%",{"t":"idOrVar","v":"level"}," pil kalınca"]},{"$i":"turnOnAuto","$v":"Otomatik olarak aç"},{"$i":"accessibility","$v":"Erişilebilirlik"},{"$i":"accessibility-header","$v":[{"t":"idOrVar","v":"accessibility"}]},{"$i":"screenReader","$v":"Ekran okuyucu"},{"$i":"screenReader-header","$v":[{"t":"idOrVar","v":"screenReader"}]},{"$i":"screenReader-toggle","$v":[{"t":"idOrVar","v":"screenReader"}]},{"$i":"colorFilter","$v":"Renk filtresi"},{"$i":"colorFilter-header","$v":[{"t":"idOrVar","v":"colorFilter"}]},{"$i":"colorFilter-toggle","$v":[{"t":"idOrVar","v":"colorFilter"}]},{"$i":"screenReader-captions","$v":"Konuşmayı görüntüle"},{"$i":"screenReader-enable-msg","$v":"Ekran okuyucu etkinken cihazınız görme engelli kullanıcılara yardımcı olmak için sesli geribildirim sunacaktır."},{"$i":"screen-reader-speech-volume","$v":"Konuşma sesi düzeyi"},{"$i":"screen-reader-speech-rate","$v":"Konuşma hızı"},{"$i":"screenReader-confirm-title-start","$v":"Ekran okuyucu başlatılsın mı?"},{"$i":"screenReader-confirm-description-start","$v":"Ekran okuyucuyu etkinleştirmek, dokunmatik ekranınızın çalışma şeklini değiştirecektir. Parmağınızın altındaki öğenin ne olduğunu dinlemek için dokunun, öğeyi etkinleştirmek için çift dokunun."},{"$i":"screenReader-confirm-button-start","$v":"Başlat"},{"$i":"screenReader-confirm-title-stop","$v":"Ekran okuyucu durdurulsun mu?"},{"$i":"screenReader-confirm-description-stop","$v":"Ekran okuyucu durdurursanız tüm konuşma geribildirimleri duracaktır."},{"$i":"screenReader-confirm-button-stop","$v":"Durdur"},{"$i":"colorFilter-invert","$v":"Tersine çevir"},{"$i":"colorFilter-grayscale","$v":"Gri tonlama"},{"$i":"colorFilter-contrast","$v":"Karşıtlık"},{"$i":"improveBrowserOS","$v":[{"t":"idOrVar","v":"brandShortName"},"'i geliştirin"]},{"$i":"improveBrowserOSTitle","$v":[{"t":"idOrVar","v":"brandShortName"},"'i geliştirin"]},{"$i":"sendMozillaFeedback","$v":"Mozilla'ya geri bildirim gönder"},{"$i":"performanceAndUsageData","$v":"Performans ve kullanım verileri"},{"$i":"sharePerformanceAndUsageData","$v":"Verileri gönder"},{"$i":"appUsageByRegion","$v":"App usage by region"},{"$i":"crashReports","$v":"Çökme raporları"},{"$i":"crashReports-header","$v":[{"t":"idOrVar","v":"crashReports"}]},{"$i":"crashReportInfo","$v":"Bir çökme olduğunda Mozilla'ya rapor göndermek sorunu herkes için çözmemize yardımcı olur. Raporlar yalnızca Wi-Fi üzerinden gönderilir."},{"$i":"alwaysSendReport","$v":"Her zaman gönder"},{"$i":"neverSendReport","$v":"Asla rapor gönderme"},{"$i":"askToSendReport2","$v":"Her zaman sor"},{"$i":"crash-reports-description-1","$v":"Çökme raporu, çökme ve aygıtınız hakkında bazı ayrıntıların yanı sıra aygıtınızın çökme zamandaki durumunu gösteren bir anlık görüntüsünü içerir."},{"$i":"crash-reports-description-2","$v":"Bu raporda açık sayfalar ve uygulamalar, formlara yazılmış metinler ve açık mesajların içeriği, yakın tarama geçmişi veya açık bir uygulamanın kullandığı coğrafi konum gibi şeyler olabilir."},{"$i":"crash-reports-description-3-start","$v":"Çökme raporlarını sorunları düzeltmek ve ürünlerimizi geliştirmek için kullanıyoruz. Bilgilerinizi "},{"$i":"crash-reports-description-3-privacy","$v":" açıklandığı şekilde kullanılır."},{"$i":"crash-reports-description-3-end","$v":" açıklandığı şekilde kullanıyoruz."},{"$i":"sendFeedbackTitle","$v":"Geri bildirim gönderin"},{"$i":"feedback-description","$v":"Geri bildiriminiz Firefox'u geliştirmemize yardımcı olacaktır."},{"$i":"feedback-happy","$v":"Mutlu"},{"$i":"feedback-sad","$v":"Üzgün"},{"$i":"feedback-mood-description","$v":"Nasıl hissediyorsunuz?"},{"$i":"feedback_whyfeel_happy","$v":"Neden mutlusunuz?"},{"$i":"feedback_whyfeel_sad","$v":"Neden üzgünsünüz?"},{"$i":"feedback-mood-explain","$v":"Lütfen ayrıntılarıyla anlatın."},{"$i":"feedback-public-description","$v":"Geri bildiriminizin içeriği herkese açık olacaktır, o yüzden lütfen hiçbir kişisel bilginizi yazmayın."},{"$i":"feedback-contactyou","$v":"Sizinle e-postayla iletişime geçmemize izin veriyorsanız işaretleyin."},{"$i":"email-address1","$v":"E-posta adresi:"},{"$i":"email-keepprivate","$v":"Merak etmeyin, e-posta adresiniz her zaman gizli tutulacaktır."},{"$i":"feedback-sendbtn","$v":"Geri bildirim gönder"},{"$i":"feedback-errormessage-connect-error","$v":"Üzgünüz, sistem bir veri bağlantı hatası nedeniyle önerinizi gönderemiyor. Lütfen sorun çözüldükten sonra tekrar deneyin."},{"$i":"feedback-errormessage-server-off","$v":"Üzgünüz, sunucu kapandığı için sistem şu anda önerinizi gönderemiyor. Lütfen biraz bekleyip tekrar deneyin. "},{"$i":"feedback-errormessage-timeout","$v":"Üzgünüz, zaman aşımı nedeniyle sistem şu anda önerinizi gönderemiyor. Lütfen yeniden başlatıp tekrar deneyin. "},{"$i":"feedback-errormessage-wrong-email","$v":"Üzgünüz, e-posta adresi eksik veya hatalı biçimde olduğu için sistem şu anda önerinizi gönderemiyor. Lütfen geçerli bir e-posta adresi kullanarak tekrar deneyin."},{"$i":"feedback-errormessage-empty-comment","$v":"Üzgünüz, yorum alanı boş olduğu için sistem şu anda önerinizi gönderemiyor. Lütfen yorumunuzu yazarak tekrar deneyin. "},{"$i":"feedback-errormessage-just-sent","$v":"Üzgünüz, daha önce geri bildirim gönderdiğiniz için sistem şu anda önerinizi gönderemiyor. Lütfen gelecek yazılım güncellemesini denedikten sonra tekrar gönderin."},{"$i":"feedback-complete-msg","$v":"Geri bildiriminiz için teşekkürler! Firefox OS'in gelecek sürümlerini daha da iyileştirmemize yardımcı olacak."},{"$i":"online-support","$v":"Çevrimiçi destek:"},{"$i":"call-support","$v":"Çağrı merkezi:"},{"$i":"user-guide","$v":"Kullanıcı kılavuzu"},{"$i":"default-support","$v":"Destek için lütfen operatörünüzle iletişime geçin."},{"$i":"operatorServices","$v":"Operatör Hizmetleri"},{"$i":"operatorServices-help","$v":"Yardım"},{"$i":"operatorServices-helpmenu","$v":"Yardım menüsü"},{"$i":"stkAppsNotAvailable","$v":"SIM kartı uygulamaları kullanılamıyor."},{"$i":"simToolkit","$v":"SIM araç kiti"},{"$i":"stkItemsNaiSetUpCall","$v":"Çağrıyı Ayarla"},{"$i":"stkItemsNaiSendSs","$v":"SS gönder"},{"$i":"stkItemsNaiSendUssd","$v":"USSD gönder"},{"$i":"stkItemsNaiSendSms","$v":"SMS gönder"},{"$i":"stkItemsNaiSendDtmf","$v":"DTMF gönder"},{"$i":"stkItemsNaiLaunchBrowser","$v":"Tarayıcıyı aç"},{"$i":"stkItemsNaiPlayTone","$v":"Sesi çal"},{"$i":"stkItemsNaiDisplayText","$v":"Metni göster"},{"$i":"stkItemsNaiGetInkey","$v":"Inkey'i al"},{"$i":"stkItemsNaiGetInput","$v":"Girdiyi al"},{"$i":"stkItemsNaiSelectItem","$v":"Öğe seç"},{"$i":"stkItemsNaiSetUpMenu","$v":"Menüyü ayarla"},{"$i":"stkItemsNaiProvideLocalInfo","$v":"Yerel bilgi ver"},{"$i":"stkItemsNaiSetIdleModeText","$v":"Bekleme modu metnini ayarla"},{"$i":"stkItemsNaiPerformCardApdu","$v":"Perform Card APDU"},{"$i":"stkItemsNaiPowerOnCard","$v":"Power On Card"},{"$i":"stkItemsNaiPowerOffCard","$v":"Power Off Card"},{"$i":"stkItemsNaiGetReaderStatus","$v":"Get Reader Status"},{"$i":"stkItemsNaiOpenChannel","$v":"Kanal aç"},{"$i":"stkItemsNaiCloseChannel","$v":"Kanalı kapat"},{"$i":"stkItemsNaiReceiveData","$v":"Veri al"},{"$i":"stkItemsNaiSendData","$v":"Veri gönder"},{"$i":"stkItemsNaiGetChannelStatus","$v":"Kanal durumunu al"},{"$i":"stkItemsNaiEndOfTheProactiveSession","$v":"End of the proactive session"},{"$i":"is-warning-storage-header","$v":"USB depolama"},{"$i":"is-warning-tethering-header","$v":"USB internet paylaşımı"},{"$i":"is-warning-wifi-header","$v":"Wi-Fi erişim noktası"},{"$i":"is-warning-storage-tethering-message","$v":"USB depolamayı açarsanız USB internet paylaşımı devre dışı kalır. USB depolamayı açmak istiyor musunuz?"},{"$i":"is-warning-tethering-storage-message","$v":"USB internet paylaşımını açarsanız USB depolama devre dışı kalır. USB paylaşımını istiyor musunuz?"},{"$i":"is-warning-tethering-wifi-message","$v":"USB internet paylaşımını açarsanız Wi-Fi erişim nokyası devre dışı kalır. USB paylaşımını istiyor musunuz?"},{"$i":"is-warning-wifi-tethering-message","$v":"Wi-Fi erişim noktasını açarsanız USB paylaşımı kapatılacaktır. Wi-Fi erişim noktasını açmak istiyor musunuz?"},{"$i":"settings-dialog-alert","$v":"Alert"},{"$i":"settings-dialog-confirm","$v":"Confirm"},{"$i":"settings-dialog-prompt","$v":"Prompt"},{"$i":"settings-alert-dialog-header","$v":[{"t":"idOrVar","v":"settings-dialog-alert"}]},{"$i":"settings-confirm-dialog-header","$v":[{"t":"idOrVar","v":"settings-dialog-confirm"}]},{"$i":"settings-prompt-dialog-header","$v":[{"t":"idOrVar","v":"settings-dialog-prompt"}]},{"$i":"addons","$v":"Addons"},{"$i":"addons-header","$v":[{"t":"idOrVar","v":"addons"}]},{"$i":"change-device-name","$v":"Telefon adını değiştir"},{"$i":"internetSharing-usb-desc","$v":"Telefonumun internet bağlantısını USB bağlantılı bir cihazla paylaş."},{"$i":"internetSharing-wifi-desc","$v":"Diğer cihazların telefonumun internet bağlantısını Wi-Fi ile bağlanarak paylaşmasına izin ver."},{"$i":"unplayable-ringtone","$v":"Seçilen dosya bu telefonda çalınamadığı için zil sesi değiştirilmedi."},{"$i":"findmydevice-signup-description","$v":"Cihazımı Bul telefonunuzu bulmanıza, kilitlemenize ve silmenize olanak tanır"},{"$i":"findmydevice-settings-description","$v":"Cihazımı Bul telefonunuzu bir web sitesinden bulmanıza, kilitlemenize ve silmenize olanak tanır:"},{"$i":"findmydevice-active-tracking","$v":"Telefonunuz web sitesi üzerinden başka bir cihaz tarafından izleniyor."},{"$i":"findmydevice-not-tracking","$v":"Telefonuzu web sitesi üzerinden aktif olarak izleyen bir cihaz yok."},{"$i":"ums-confirm","$v":"USB depolamayı açarsanız başka bir bilgisayar veya cihaz USB üzerinden bağlanarak bu telefondaki dosyalara erişebilir."},{"$i":"reset-device","$v":"Telefonu sıfırla"},{"$i":"reset-warning-body","$v":"Sıfırlama, satın aldığınız uygulamalar da dahil olmak üzere tüm verilerinizi silecektir. Telefon fabrika ayarlarına geri dönecektir. Ayar ve verilerinizin hiçbiri kaydedilmeyecektir."},{"$i":"reset-devtools-warning-body","$v":"Resetting will erase all your data, including any apps you’ve purchased. None of your settings or data will be saved. But your phone will have unrestricted developer tools, allowing you to modify and debug system applications."},{"$i":"powerSave-explanation","$v":"Güç tasarrufu modunu açmak, pil ömrünü uzatmak için telefonun veri, Bluetooth ve coğrafi konum bağlantılarını kapatır. Bu servisleri yeniden elle açmanız mümkündür."},{"$i":"performanceAndUsageDataInfo","$v":["Telefonunuz ve kullanım alışkanlıklarınızla ilgili verileri paylaşarak ",{"t":"idOrVar","v":"brandShortName"},"'i geliştirmemize yardım edin."]},{"$i":"device-status-connected-device","$v":"Telefon sesine bağlanıldı"},{"$i":"device-status-connected-device-media","$v":"Telefon/medya sesine bağlanıldı"}]