[{"$i":"stopped_download_title","$v":"下载已停止"},{"$i":"stopped_download_message","$v":"下载已停止。尝试继续下载吗？"},{"$i":"stopped_download_left_button","$v":"取消"},{"$i":"stopped_download_right_button","$v":"重试"},{"$i":"failed_download_title","$v":"下载失败"},{"$i":"failed_download_message","$v":["下载 ",{"t":"idOrVar","v":"name"}," 失败。再次尝试吗？"]},{"$i":"failed_download_left_button","$v":"取消"},{"$i":"failed_download_right_button","$v":"重试"},{"$i":"stop_download_title","$v":"停止下载"},{"$i":"stop_download_message","$v":"你确定要停止这个下载吗？"},{"$i":"stop_download_left_button","$v":"否"},{"$i":"stop_download_right_button","$v":"是"},{"$i":"delete_download_title","$v":"删除"},{"$i":"delete_download_message","$v":["删除 ",{"t":"idOrVar","v":"name"},"？"]},{"$i":"delete_download_left_button","$v":"取消"},{"$i":"delete_download_right_button","$v":"删除"},{"$i":"delete_all_download_title","$v":"删除"},{"$i":"delete_all_download_left_button","$v":"取消"},{"$i":"delete_all_download_right_button","$v":"删除"},{"$i":"delete_all_download_message","$v":{"zero":"不删除文件？","one":"删除一个文件？","two":["删除 ",{"t":"idOrVar","v":"number"}," 个文件？"],"few":["删除 ",{"t":"idOrVar","v":"number"}," 个文件？"],"many":["删除 ",{"t":"idOrVar","v":"number"}," 个文件？"],"other":["删除 ",{"t":"idOrVar","v":"number"}," 个文件？"]},"$x":[{"t":"idOrVar","v":"plural"},"number"]},{"$i":"unsupported_file_type_download_title","$v":"无法打开"},{"$i":"unsupported_file_type_download_message","$v":["还没有应用可以打开 ",{"t":"idOrVar","v":"name"},"。你想保存或删除该文件吗？"]},{"$i":"unsupported_file_type_download_left_button","$v":"保留文件"},{"$i":"unsupported_file_type_download_right_button","$v":"删除"},{"$i":"file_not_found_download_title","$v":"未找到文件"},{"$i":"file_not_found_download_message","$v":"未能在设备上找到此文件"},{"$i":"file_not_found_download_right_button","$v":"确定"},{"$i":"unmounted_sdcard_2_download_title","$v":"存储卡使用中"},{"$i":"unmounted_sdcard_2_download_message","$v":"拔出手机"},{"$i":"unmounted_sdcard_2_download_right_button","$v":"确定"},{"$i":"no_provider_download_title","$v":"无法分享"},{"$i":"no_provider_download_message","$v":"未找到提供者"},{"$i":"no_provider_download_right_button","$v":"确定"},{"$i":"no_memory_download_title","$v":"SD 卡已满"},{"$i":"no_memory_download_message","$v":"您的 SD 卡没有更多闲置空间保存您的下载。请在再次尝试下载前删除一些文件。"},{"$i":"no_memory_download_right_button","$v":"确定"},{"$i":"no_sdcard_found_2_download_title","$v":"没有找到存储卡"},{"$i":"no_sdcard_found_2_download_message","$v":"请插入一个存储卡，或者在设置中选择一个替代的默认媒体位置"},{"$i":"no_sdcard_found_2_download_right_button","$v":"确定"},{"$i":"file_open_error_download_title","$v":"无法打开"},{"$i":"file_open_error_download_message","$v":["打开 ",{"t":"idOrVar","v":"name"}," 时遇到问题。你想保存或删除该文件吗？"]},{"$i":"file_open_error_download_left_button","$v":"保留文件"},{"$i":"file_open_error_download_right_button","$v":"删除"},{"$i":"restart_download_error","$v":"重新开始该下载时遇到错误。请尝试重新下载。"},{"$i":"no-downloads","$v":"没有下载项"},{"$i":"byteUnit-B","$v":"B"},{"$i":"byteUnit-KB","$v":"KB"},{"$i":"byteUnit-MB","$v":"MB"},{"$i":"byteUnit-GB","$v":"GB"},{"$i":"byteUnit-TB","$v":"TB"},{"$i":"fileSize","$v":[{"t":"idOrVar","v":"size"}," ",{"t":"idOrVar","v":"unit"}]},{"$i":"percentage","$v":[{"t":"idOrVar","v":"percentage"}," %"]},{"$i":"partialResult","$v":[{"t":"idOrVar","v":"partial"}," / ",{"t":"idOrVar","v":"total"}]},{"$i":"summary","$v":[{"t":"idOrVar","v":"date"}," - ",{"t":"idOrVar","v":"status"}]},{"$i":"download-stopped","$v":"已停止"},{"$i":"download-failed","$v":"下载失败"},{"$i":"open_downloaded_file","$v":"打开"},{"$i":"share_downloaded_file","$v":"分享"},{"$i":"wallpaper_downloaded_file","$v":"设置为壁纸"},{"$i":"ringtone_downloaded_file","$v":"设为铃声"},{"$i":"cancel_downloaded_file","$v":"取消"},{"$i":"brandShortName","$v":"B2G OS"},{"$i":"browserBrandShortName","$v":"Web Browser"},{"$i":"browserBrandFullName","$v":"Mozilla Web Browser"},{"$i":"ringtoneBrandName","$v":"Default"},{"$i":"ringtoneSectionBrandName","$v":"System"},{"$i":"weekday-0-long","$v":"星期日"},{"$i":"weekday-1-long","$v":"星期一"},{"$i":"weekday-2-long","$v":"星期二"},{"$i":"weekday-3-long","$v":"星期三"},{"$i":"weekday-4-long","$v":"星期四"},{"$i":"weekday-5-long","$v":"星期五"},{"$i":"weekday-6-long","$v":"星期六"},{"$i":"weekday-0-short","$v":"日"},{"$i":"weekday-1-short","$v":"一"},{"$i":"weekday-2-short","$v":"二"},{"$i":"weekday-3-short","$v":"三"},{"$i":"weekday-4-short","$v":"四"},{"$i":"weekday-5-short","$v":"五"},{"$i":"weekday-6-short","$v":"六"},{"$i":"month-0-long","$v":"1 月"},{"$i":"month-1-long","$v":"2 月"},{"$i":"month-2-long","$v":"3 月"},{"$i":"month-3-long","$v":"4 月"},{"$i":"month-4-long","$v":"5 月"},{"$i":"month-5-long","$v":"6 月"},{"$i":"month-6-long","$v":"7 月"},{"$i":"month-7-long","$v":"8 月"},{"$i":"month-8-long","$v":"9 月"},{"$i":"month-9-long","$v":"10 月"},{"$i":"month-10-long","$v":"11 月"},{"$i":"month-11-long","$v":"12 月"},{"$i":"month-0-genitive","$v":"一月"},{"$i":"month-1-genitive","$v":"二月"},{"$i":"month-2-genitive","$v":"三月"},{"$i":"month-3-genitive","$v":"四月"},{"$i":"month-4-genitive","$v":"五月"},{"$i":"month-5-genitive","$v":"六月"},{"$i":"month-6-genitive","$v":"七月"},{"$i":"month-7-genitive","$v":"八月"},{"$i":"month-8-genitive","$v":"九月"},{"$i":"month-9-genitive","$v":"十月"},{"$i":"month-10-genitive","$v":"十一月"},{"$i":"month-11-genitive","$v":"十二月"},{"$i":"month-0-short","$v":"1 月"},{"$i":"month-1-short","$v":"2 月"},{"$i":"month-2-short","$v":"3 月"},{"$i":"month-3-short","$v":"4 月"},{"$i":"month-4-short","$v":"5 月"},{"$i":"month-5-short","$v":"6 月"},{"$i":"month-6-short","$v":"7 月"},{"$i":"month-7-short","$v":"8 月"},{"$i":"month-8-short","$v":"9 月"},{"$i":"month-9-short","$v":"10 月"},{"$i":"month-10-short","$v":"11 月"},{"$i":"month-11-short","$v":"12 月"},{"$i":"minutes-ago-long","$v":{"zero":"刚才","one":"1 分钟前","two":[{"t":"idOrVar","v":"value"}," 分钟前"],"few":[{"t":"idOrVar","v":"value"}," 分钟前"],"many":[{"t":"idOrVar","v":"value"}," 分钟前"],"other":[{"t":"idOrVar","v":"value"}," 分钟前"]},"$x":[{"t":"idOrVar","v":"plural"},"value"]},{"$i":"hours-ago-long","$v":{"zero":"刚才","one":"1 小时前","two":[{"t":"idOrVar","v":"value"}," 小时前"],"few":[{"t":"idOrVar","v":"value"}," 小时前"],"many":[{"t":"idOrVar","v":"value"}," 小时前"],"other":[{"t":"idOrVar","v":"value"}," 小时前"]},"$x":[{"t":"idOrVar","v":"plural"},"value"]},{"$i":"days-ago-long","$v":{"zero":"今天","one":"昨天","two":[{"t":"idOrVar","v":"value"}," 天前"],"few":[{"t":"idOrVar","v":"value"}," 天前"],"many":[{"t":"idOrVar","v":"value"}," 天前"],"other":[{"t":"idOrVar","v":"value"}," 天前"]},"$x":[{"t":"idOrVar","v":"plural"},"value"]},{"$i":"weeks-ago-long","$v":{"zero":"本周","one":"上周","two":[{"t":"idOrVar","v":"value"}," 周前"],"few":[{"t":"idOrVar","v":"value"}," 周前"],"many":[{"t":"idOrVar","v":"value"}," 周前"],"other":[{"t":"idOrVar","v":"value"}," 周前"]},"$x":[{"t":"idOrVar","v":"plural"},"value"]},{"$i":"months-ago-long","$v":{"zero":"本月","one":"上月","two":[{"t":"idOrVar","v":"value"}," 个月前"],"few":[{"t":"idOrVar","v":"value"}," 个月前"],"many":[{"t":"idOrVar","v":"value"}," 个月前"],"other":[{"t":"idOrVar","v":"value"}," 个月前"]},"$x":[{"t":"idOrVar","v":"plural"},"value"]},{"$i":"years-ago-long","$v":{"zero":"今年","one":"去年","two":[{"t":"idOrVar","v":"value"}," 年前"],"few":[{"t":"idOrVar","v":"value"}," 年前"],"many":[{"t":"idOrVar","v":"value"}," 年前"],"other":[{"t":"idOrVar","v":"value"}," 年前"]},"$x":[{"t":"idOrVar","v":"plural"},"value"]},{"$i":"minutes-until-long","$v":{"zero":"现在","one":"1 分钟内","two":["剩",{"t":"idOrVar","v":"value"},"分钟"],"few":["剩",{"t":"idOrVar","v":"value"},"分钟"],"many":["剩",{"t":"idOrVar","v":"value"},"分钟"],"other":["剩",{"t":"idOrVar","v":"value"},"分钟"]},"$x":[{"t":"idOrVar","v":"plural"},"value"]},{"$i":"hours-until-long","$v":{"zero":"现在","one":"1 小时内","two":["剩",{"t":"idOrVar","v":"value"},"小时"],"few":["剩",{"t":"idOrVar","v":"value"},"小时"],"many":["剩",{"t":"idOrVar","v":"value"},"小时"],"other":["剩",{"t":"idOrVar","v":"value"},"小时"]},"$x":[{"t":"idOrVar","v":"plural"},"value"]},{"$i":"days-until-long","$v":{"zero":"今天","one":"明天","two":["剩",{"t":"idOrVar","v":"value"},"天"],"few":["剩",{"t":"idOrVar","v":"value"},"天"],"many":["剩",{"t":"idOrVar","v":"value"},"天"],"other":["剩",{"t":"idOrVar","v":"value"},"天"]},"$x":[{"t":"idOrVar","v":"plural"},"value"]},{"$i":"weeks-until-long","$v":{"zero":"本周","one":"下周","two":["剩",{"t":"idOrVar","v":"value"},"周"],"few":["剩",{"t":"idOrVar","v":"value"},"周"],"many":["剩",{"t":"idOrVar","v":"value"},"周"],"other":["剩",{"t":"idOrVar","v":"value"},"周"]},"$x":[{"t":"idOrVar","v":"plural"},"value"]},{"$i":"months-until-long","$v":{"zero":"本月","one":"下月","two":["剩",{"t":"idOrVar","v":"value"},"个月"],"few":["剩",{"t":"idOrVar","v":"value"},"个月"],"many":["剩",{"t":"idOrVar","v":"value"},"个月"],"other":["剩",{"t":"idOrVar","v":"value"},"个月"]},"$x":[{"t":"idOrVar","v":"plural"},"value"]},{"$i":"years-until-long","$v":{"zero":"今年","one":"明年","two":["剩",{"t":"idOrVar","v":"value"},"年"],"few":["剩",{"t":"idOrVar","v":"value"},"年"],"many":["剩",{"t":"idOrVar","v":"value"},"年"],"other":["剩",{"t":"idOrVar","v":"value"},"年"]},"$x":[{"t":"idOrVar","v":"plural"},"value"]},{"$i":"minutes-ago-short","$v":{"zero":"刚才","other":[{"t":"idOrVar","v":"value"}," 分钟前"]},"$x":[{"t":"idOrVar","v":"plural"},"value"]},{"$i":"hours-ago-short","$v":{"zero":"刚才","other":[{"t":"idOrVar","v":"value"},"小时前"]},"$x":[{"t":"idOrVar","v":"plural"},"value"]},{"$i":"days-ago-short","$v":{"zero":"今天","other":[{"t":"idOrVar","v":"value"}," 天前"]},"$x":[{"t":"idOrVar","v":"plural"},"value"]},{"$i":"minutes-until-short","$v":{"zero":"现在","other":["剩",{"t":"idOrVar","v":"value"},"分钟"]},"$x":[{"t":"idOrVar","v":"plural"},"value"]},{"$i":"hours-until-short","$v":{"zero":"现在","other":["剩",{"t":"idOrVar","v":"value"},"小时"]},"$x":[{"t":"idOrVar","v":"plural"},"value"]},{"$i":"days-until-short","$v":{"zero":"今天","other":["剩",{"t":"idOrVar","v":"value"},"天"]},"$x":[{"t":"idOrVar","v":"plural"},"value"]},{"$i":"incorrectDate","$v":"（日期不正确）"},{"$i":"dateTimeFormat_%c","$v":"%Y 年 %b %e 日 %a %H:%M:%S"},{"$i":"dateTimeFormat_%x","$v":"%Y/%m/%d"},{"$i":"dateTimeFormat_%X","$v":"%H:%M:%S"},{"$i":"shortTimeFormat","$v":"%H:%M"},{"$i":"shortTimeFormat12","$v":"%p %I:%M"},{"$i":"shortTimeFormat24","$v":"%H:%M"},{"$i":"shortDateTimeFormat","$v":"%x %H:%M"},{"$i":"weekStartsOnMonday","$v":"0"},{"$i":"firstDayOfTheWeek","$v":"0"},{"$i":"time_am","$v":"上午"},{"$i":"time_pm","$v":"下午"},{"$i":"title-app","$v":"应用权限"},{"$i":"title-web","$v":"网站权限"},{"$i":"title-cam","$v":"选择摄像头"},{"$i":"perm-alarms","$v":"日程表闹钟"},{"$i":"perm-audio-capture","$v":"麦克风"},{"$i":"perm-audio-capture-appRequest","$v":["您想要与 ",{"t":"idOrVar","v":"app"}," 分享您的麦克风吗？"]},{"$i":"perm-audio-capture-webRequest","$v":["您想要与 ",{"t":"idOrVar","v":"site"}," 分享您的麦克风吗？"]},{"$i":"perm-audio-channel-content","$v":"播放音效"},{"$i":"perm-audio-channel-notification","$v":"播放通知音效"},{"$i":"perm-audio-channel-ringer","$v":"播放铃声音效"},{"$i":"perm-background-sensors","$v":"访问传感器数据"},{"$i":"perm-bluetooth","$v":"蓝牙"},{"$i":"perm-browser","$v":"探查网页"},{"$i":"perm-camera","$v":"相机"},{"$i":"perm-camera-selector-appRequest","$v":["选择 ",{"t":"idOrVar","v":"app"}," 使用的摄像头。"]},{"$i":"perm-camera-selector-webRequest","$v":["选择 ",{"t":"idOrVar","v":"site"}," 使用的摄像头。"]},{"$i":"perm-cellbroadcast","$v":"小区广播"},{"$i":"perm-contacts","$v":"联系人"},{"$i":"perm-contacts-appRequest","$v":[{"t":"idOrVar","v":"app"}," 想要访问你的联系人列表。"]},{"$i":"perm-contacts-webRequest","$v":[{"t":"idOrVar","v":"site"}," 想要访问你的联系人。"]},{"$i":"perm-desktop-notification","$v":"通知"},{"$i":"perm-desktop-notification-appRequest","$v":[{"t":"idOrVar","v":"app"}," 想要显示通知。"]},{"$i":"perm-desktop-notification-webRequest","$v":[{"t":"idOrVar","v":"site"}," 想要显示通知。"]},{"$i":"perm-device-storage-apps","$v":"应用存储"},{"$i":"perm-device-storage-music","$v":"音乐存储"},{"$i":"perm-device-storage-music-appRequest","$v":[{"t":"idOrVar","v":"app"}," 想要访问你的音乐。"]},{"$i":"perm-device-storage-music-webRequest","$v":[{"t":"idOrVar","v":"site"}," 想要访问你的音乐。"]},{"$i":"perm-device-storage-pictures","$v":"图片存储"},{"$i":"perm-device-storage-pictures-appRequest","$v":[{"t":"idOrVar","v":"app"}," 想要访问你的照片。"]},{"$i":"perm-device-storage-pictures-webRequest","$v":[{"t":"idOrVar","v":"site"}," 想要访问你的照片。"]},{"$i":"perm-device-storage-sdcard","$v":"存储卡存储"},{"$i":"perm-device-storage-sdcard-appRequest","$v":[{"t":"idOrVar","v":"app"}," 想要访问你的存储卡。"]},{"$i":"perm-device-storage-sdcard-webRequest","$v":[{"t":"idOrVar","v":"site"}," 想要访问的存储卡。"]},{"$i":"perm-device-storage-videos","$v":"视频存储"},{"$i":"perm-device-storage-videos-appRequest","$v":[{"t":"idOrVar","v":"app"}," 想要访问你的视频。"]},{"$i":"perm-device-storage-videos-webRequest","$v":[{"t":"idOrVar","v":"site"}," 想要访问你的视频。"]},{"$i":"perm-embed-apps","$v":"嵌入应用"},{"$i":"perm-fmradio","$v":"调频收音机"},{"$i":"perm-fmradio-appRequest","$v":[{"t":"idOrVar","v":"app"}," 想要使用你的调频收音机。"]},{"$i":"perm-fmradio-webRequest","$v":[{"t":"idOrVar","v":"site"}," 想要使用调频收音机。"]},{"$i":"perm-geolocation","$v":"地理位置定位"},{"$i":"perm-geolocation-appRequest","$v":[{"t":"idOrVar","v":"app"}," 想要获取你的位置。"]},{"$i":"perm-geolocation-more-info","$v":[{"t":"idOrVar","v":"brandShortName"}," 使用诸如 GPS、Wi-Fi 以及您附近的移动网络帮助测定您的地理位置。数据将发送到 Mozilla 及其他服务提供商，并将用作改善这些地理位置数据库。数据可能被存储在您的设备上，以及可能在没有应用在运行时收集数据。"]},{"$i":"perm-geolocation-webRequest","$v":[{"t":"idOrVar","v":"site"}," 想要获取你的位置。"]},{"$i":"perm-idle","$v":"获知闲置状态"},{"$i":"perm-indexedDB-chrome-settings","$v":"提权的 IndexedDB"},{"$i":"perm-indexedDB-unlimited","$v":"无限的 IndexedDB 存储"},{"$i":"perm-input-manage","$v":"管理键盘"},{"$i":"perm-input","$v":"作为一个键盘"},{"$i":"perm-media-capture","$v":"相机与麦克风"},{"$i":"perm-media-capture-appRequest","$v":["您想要与 ",{"t":"idOrVar","v":"app"}," 分享您的相机和麦克风吗？"]},{"$i":"perm-media-capture-webRequest","$v":["您想要与 ",{"t":"idOrVar","v":"site"}," 分享您的相机和麦克风吗？"]},{"$i":"perm-mobileconnection","$v":"移动数据连接"},{"$i":"perm-mobileid","$v":"移动身份识别"},{"$i":"perm-network-events","$v":"网络事件"},{"$i":"perm-open-remote-window","$v":"启动应用"},{"$i":"perm-permissions","$v":"修改应用权限"},{"$i":"perm-power","$v":"电源设置"},{"$i":"perm-settings","$v":"修改设置"},{"$i":"perm-systemXHR","$v":"跨源请求"},{"$i":"perm-telephony","$v":"通话"},{"$i":"perm-video-capture","$v":"相机"},{"$i":"perm-video-capture-appRequest","$v":["您想要与 ",{"t":"idOrVar","v":"app"}," 分享您的相机吗？"]},{"$i":"perm-video-capture-webRequest","$v":["您想要与 ",{"t":"idOrVar","v":"site"}," 分享您的相机吗？"]},{"$i":"perm-voicemail","$v":"控制语音信箱"},{"$i":"perm-webapps-manage","$v":"安装网页应用"},{"$i":"perm-wifi-manage","$v":"管理 Wi-Fi"},{"$i":"perm-attention","$v":"打开覆盖性弹出"},{"$i":"perm-audio-channel-alarm","$v":"播放警示音"},{"$i":"perm-audio-channel-normal","$v":"播放音效"},{"$i":"perm-audio-channel-publicnotification","$v":"播放公用通知音效"},{"$i":"perm-audio-channel-telephony","$v":"播放通话音"},{"$i":"perm-backgroundservice","$v":"作为一个后台服务"},{"$i":"perm-device-storage-crashes","$v":"崩溃数据存储"},{"$i":"perm-downloads","$v":"存取下载项"},{"$i":"perm-embed-widgets","$v":"嵌入式小工具"},{"$i":"perm-feature-detection","$v":"功能检测"},{"$i":"perm-firefox-accounts","$v":"Firefox 账户"},{"$i":"perm-mobilenetwork","$v":"移动网络"},{"$i":"perm-moz-attention","$v":"打开覆盖性弹出 (moz)"},{"$i":"perm-moz-audio-channel-ringer","$v":"播放铃声 (moz)"},{"$i":"perm-moz-audio-channel-telephony","$v":"播放通话音 (moz)"},{"$i":"perm-moz-firefox-accounts","$v":"Firefox 账户 (moz)"},{"$i":"perm-networkstats-manage","$v":"控制用量统计"},{"$i":"perm-nfc","$v":"NFC"},{"$i":"perm-nfc-hci-events","$v":"NFC HCI 事件"},{"$i":"perm-nfc-manager","$v":"管理 NFC"},{"$i":"perm-phonenumberservice","$v":"电话号码服务"},{"$i":"perm-push","$v":"推送 API"},{"$i":"perm-resourcestats-manage","$v":"资源统计"},{"$i":"perm-sms","$v":"发送和读取短信（SMS）"},{"$i":"perm-speaker-control","$v":"控制音量"},{"$i":"perm-storage","$v":"访问存储设备"},{"$i":"perm-tcp-socket","$v":"TCP 套接字"},{"$i":"perm-test-permission","$v":"测试权限"},{"$i":"perm-time","$v":"设置日期和时间"},{"$i":"perm-udp-socket","$v":"UDP 套接字"},{"$i":"perm-wappush","$v":"WAP 推送"},{"$i":"tz-region","$v":"地区"},{"$i":"tz-city","$v":"城市"},{"$i":"tzRegion-Africa","$v":"非洲"},{"$i":"tzRegion-America","$v":"美洲"},{"$i":"tzRegion-Antarctica","$v":"南极洲"},{"$i":"tzRegion-Asia","$v":"亚洲"},{"$i":"tzRegion-Atlantic","$v":"大西洋"},{"$i":"tzRegion-Australia","$v":"澳大利亚"},{"$i":"tzRegion-Europe","$v":"欧洲"},{"$i":"tzRegion-Indian","$v":"印度洋"},{"$i":"tzRegion-Pacific","$v":"太平洋"},{"$i":"ringtone-none","$v":"无"},{"$i":"ringer_bubble","$v":"气泡"},{"$i":"ringer_chimer","$v":"叮铃"},{"$i":"ringer_cunning","$v":"精巧"},{"$i":"ringer_dulco","$v":"达尔茜"},{"$i":"ringer_firefox2","$v":[{"t":"idOrVar","v":"ringtoneBrandName"}]},{"$i":"ringer_garden","$v":"花园"},{"$i":"ringer_marbled","$v":"弹子"},{"$i":"ringer_opti","$v":"Opti"},{"$i":"ringer_pecko","$v":"坷叩坷扣"},{"$i":"ringer_pingy","$v":"Pingy"},{"$i":"ringer_poppop","$v":"泡泡"},{"$i":"ringer_sata","$v":"Sata"},{"$i":"ringer_simple","$v":"纯净"},{"$i":"ringer_standard1","$v":"经典"},{"$i":"ringer_standard2","$v":"快速经典"},{"$i":"ringer_stutter","$v":"重复断续"},{"$i":"ringer_symmetry","$v":"对称性"},{"$i":"ringer_tailwind","$v":"一路顺风"},{"$i":"ringer_thoughtful","$v":"沉思"},{"$i":"ringer_wit","$v":"机智幽默"},{"$i":"ringer_zen","$v":"禅"},{"$i":"notifier_bells","$v":"钟琴"},{"$i":"notifier_bloom","$v":"啵棱"},{"$i":"notifier_chime","$v":"敲击"},{"$i":"notifier_clicka","$v":"叮咔"},{"$i":"notifier_digi","$v":"叮"},{"$i":"notifier_dropplet","$v":"叮咕嘀"},{"$i":"notifier_firefox2","$v":[{"t":"idOrVar","v":"ringtoneBrandName"}]},{"$i":"notifier_hello","$v":"Hello"},{"$i":"notifier_lowmarble","$v":"低声弹子"},{"$i":"notifier_ping","$v":"乒"},{"$i":"notifier_plickle","$v":"叮铃咚"},{"$i":"notifier_pocko","$v":"简短"},{"$i":"notifier_quado","$v":"气泡弹出"},{"$i":"notifier_red","$v":"红色提示"},{"$i":"notifier_sato","$v":"深邃"},{"$i":"notifier_swipo","$v":"Swipo"},{"$i":"notifier_trickleup","$v":"滴流"},{"$i":"notifier_trink","$v":"明快"},{"$i":"notifier_verse","$v":"短句"},{"$i":"settings","$v":"设置"},{"$i":"advancedSettings","$v":"高级设置"},{"$i":"default","$v":"默认"},{"$i":"enabled","$v":"已启用"},{"$i":"enable","$v":"启用"},{"$i":"disabled","$v":"已禁用"},{"$i":"error","$v":"错误"},{"$i":"ok","$v":"确定"},{"$i":"yes","$v":"是"},{"$i":"no","$v":"否"},{"$i":"reset","$v":"重置"},{"$i":"cancel","$v":"取消"},{"$i":"close","$v":"关闭"},{"$i":"back","$v":"后退"},{"$i":"continue","$v":"继续"},{"$i":"skip","$v":"跳过"},{"$i":"pair","$v":"配对"},{"$i":"add","$v":"添加"},{"$i":"done","$v":"完成"},{"$i":"set","$v":"设置"},{"$i":"notNow","$v":"现在不要"},{"$i":"turnOn","$v":"打开"},{"$i":"selectASIMCard","$v":"选择一个 SIM 卡"},{"$i":"sim1","$v":"SIM 1"},{"$i":"sim2","$v":"SIM 2"},{"$i":"unavailable","$v":"不可用"},{"$i":"confirmation","$v":"确认"},{"$i":"simSettingsWithIndex","$v":["SIM 卡 ",{"t":"idOrVar","v":"index"}," 设置"]},{"$i":"networkAndConnectivity","$v":"网络与连通性"},{"$i":"airplaneMode","$v":"飞行模式"},{"$i":"geolocation","$v":"地理位置定位"},{"$i":"wifi","$v":"Wi-Fi"},{"$i":"wifi-header","$v":[{"t":"idOrVar","v":"wifi"}]},{"$i":"wifi-disabled","$v":"打开 Wi-Fi 以查看可用网络。"},{"$i":"availableNetworks","$v":"可用网络"},{"$i":"knownNetworks","$v":"已知网络"},{"$i":"hiddenNetworks","$v":"隐藏网络"},{"$i":"scanning","$v":"正在搜索…"},{"$i":"scanNetworks","$v":"重新搜索"},{"$i":"fullStatus-initializing","$v":"正在初始化…"},{"$i":"fullStatus-connecting","$v":["正在连接到 ",{"t":"idOrVar","v":"ssid"},"…"]},{"$i":"fullStatus-associated","$v":"正在获取 IP 地址…"},{"$i":"fullStatus-connected","$v":["已连接到 ",{"t":"idOrVar","v":"ssid"}]},{"$i":"fullStatus-connectingfailed","$v":"连接失败"},{"$i":"fullStatus-disconnected","$v":"未连线"},{"$i":"shortStatus-connecting","$v":"正在连接…"},{"$i":"shortStatus-associated","$v":"正在获取 IP 地址…"},{"$i":"shortStatus-connected","$v":"已连接。"},{"$i":"shortStatus-connectingfailed","$v":"连接失败"},{"$i":"shortStatus-disconnected","$v":"已断开"},{"$i":"wifi-sleep","$v":"Wi-Fi Sleep"},{"$i":"wifi-sleep-description","$v":"Enable to automatically turn off Wi-Fi during sleep to save battery power.  "},{"$i":"manageNetworks","$v":"管理网络"},{"$i":"wifi-bad-credentials-title","$v":"无法连接至 Wi-Fi 网络"},{"$i":"wifi-bad-credentials-confirm","$v":["无法连接至 ",{"t":"idOrVar","v":"ssid"},"，由于密码错误，用户验证失败。请重新输入网络密码。"]},{"$i":"manageNetworks-header","$v":[{"t":"idOrVar","v":"manageNetworks"}]},{"$i":"manageCertificates","$v":"管理证书"},{"$i":"manageCert","$v":"管理证书。"},{"$i":"joinHiddenNetwork","$v":"加入隐藏网络"},{"$i":"securedBy","$v":["由 ",{"t":"idOrVar","v":"capabilities"}," 保障安全"]},{"$i":"security","$v":"安全"},{"$i":"securityNone","$v":"无"},{"$i":"securityOpen","$v":"开放"},{"$i":"notInRange","$v":"不在范围内"},{"$i":"ipAddress","$v":"IP 地址"},{"$i":"linkSpeed","$v":"连接速率"},{"$i":"linkSpeedMbs","$v":[{"t":"idOrVar","v":"linkSpeed"}," Mbit/s"]},{"$i":"signalStrength","$v":"信号强度"},{"$i":"signalLevel0","$v":"非常弱"},{"$i":"signalLevel1","$v":"弱"},{"$i":"signalLevel2","$v":"一般"},{"$i":"signalLevel3","$v":"好"},{"$i":"signalLevel4","$v":"非常好"},{"$i":"forget","$v":"不保存"},{"$i":"forgetNetwork-dialog","$v":"忘记网络？"},{"$i":"forgetNetwork-confirmation","$v":"确认"},{"$i":"authentication","$v":"身份验证"},{"$i":"authentication-header","$v":[{"t":"idOrVar","v":"authentication"}]},{"$i":"eap","$v":"EAP 方式"},{"$i":"auth-phase2","$v":"第2阶段身份验证"},{"$i":"server-certificate","$v":"服务器证书"},{"$i":"import-certificate-msg","$v":"提醒：如果你需要导入新证书，请前往“管理证书”。"},{"$i":"identity","$v":"标识符"},{"$i":"password","$v":"密码"},{"$i":"showPassword","$v":"显示密码"},{"$i":"networkNotification","$v":"网络通知"},{"$i":"networkNotification-expl","$v":"有可用的开放网络时通知我"},{"$i":"macAddress","$v":"MAC 地址"},{"$i":"deviceInfo_software","$v":[{"t":"idOrVar","v":"brandShortName"}," ",{"t":"idOrVar","v":"os"}]},{"$i":"macUnavailable","$v":"不可用"},{"$i":"noNetworksFound","$v":"未找到网络"},{"$i":"noKnownNetworks","$v":"没有已知的网络"},{"$i":"edit","$v":"编辑"},{"$i":"certificateList","$v":"证书列表"},{"$i":"noCertificate","$v":"没有已导入的证书"},{"$i":"deleteCertificate","$v":"删除证书"},{"$i":"importCertificate","$v":"导入证书"},{"$i":"selectCertificateFile","$v":"选择证书文件"},{"$i":"enterCertificateNickname","$v":"请输入证书昵称"},{"$i":"nickname","$v":"昵称"},{"$i":"enter-certificate-name-msg","$v":"你可以更改昵称，或者保持默认名称。"},{"$i":"certificate-deletion-failed","$v":"证书删除失败"},{"$i":"certificate-deletion-failed-description","$v":"这可能是由于一个存储问题。"},{"$i":"certificate-import-failed","$v":"证书导入失败"},{"$i":"certificate-import-failed-description","$v":"这可能是由于损坏的证书文件。"},{"$i":"wpsMessage","$v":"使用 WPS 连接"},{"$i":"wpsMessage-header","$v":[{"t":"idOrVar","v":"wpsMessage"}]},{"$i":"fullStatus-wps-inprogress","$v":"WPS 正在进行…"},{"$i":"fullStatus-wps-canceled","$v":"WPS 已取消"},{"$i":"fullStatus-wps-timedout","$v":"WPS 已超时"},{"$i":"fullStatus-wps-failed-error","$v":["WPS 失败 [",{"t":"idOrVar","v":"error"},"]"]},{"$i":"fullStatus-wps-overlapped","$v":"发现了另一个 WPS PBC AP"},{"$i":"wpsDescription2","$v":"自动设置 Wi-Fi"},{"$i":"wpsMethodSelection","$v":"选择 WPS 方法："},{"$i":"wpsPbcLabel","$v":"按钮连接"},{"$i":"wpsMyPinLabel","$v":"我的 PIN 连接"},{"$i":"wpsApPinLabel","$v":"AP PIN 连接"},{"$i":"wpsPinDescription","$v":"PIN 是 4 或 8 位数字"},{"$i":"wpsPinInput","$v":["输入 ",{"t":"idOrVar","v":"pin"}," 到另一端设备"]},{"$i":"wpsPinAps","$v":"选择对方设备"},{"$i":"wpsAnyAp","$v":"任意"},{"$i":"wpsCancelMessage","$v":"取消 WPS"},{"$i":"wpsCancelFailedMessageError","$v":["取消 WPS 失败 [",{"t":"idOrVar","v":"error"},"]"]},{"$i":"callSettings","$v":"通话设置"},{"$i":"callSettings-header","$v":[{"t":"idOrVar","v":"callSettings"}]},{"$i":"callSettingsQuery","$v":"正在请求网络信息…"},{"$i":"callSettingsQueryError","$v":"查询错误"},{"$i":"voiceMail","$v":"语音信箱"},{"$i":"voiceMail-header","$v":[{"t":"idOrVar","v":"voiceMail"}]},{"$i":"voiceMail-number","$v":"语音信箱号码"},{"$i":"voiceMail-number-notSet","$v":"未设置"},{"$i":"voicePrivacyMode","$v":"语音私密模式"},{"$i":"callWaiting","$v":"呼叫等待"},{"$i":"confirmCallWaitingTitle","$v":"无法确认呼叫等待首选项"},{"$i":"confirmCallWaitingDesc","$v":"目前设备无法与运营商通讯，尝试再次修改设置。"},{"$i":"callForwarding","$v":"呼叫转移"},{"$i":"callForwarding-header","$v":[{"t":"idOrVar","v":"callForwarding"}]},{"$i":"callForwardingForward","$v":"呼叫转移"},{"$i":"callForwardingUnconditional","$v":"总是转移"},{"$i":"callForwardingUnconditionalShort","$v":"总是"},{"$i":"callForwardingMobileBusy","$v":"忙时转移"},{"$i":"callForwardingMobileBusyShort","$v":"占线时"},{"$i":"callForwardingNoReply","$v":"无响应时转移"},{"$i":"callForwardingNoReplyShort","$v":"无应答时"},{"$i":"callForwardingNotReachable","$v":"无法接通时转移"},{"$i":"callForwardingNotReachableShort","$v":"不在服务区时"},{"$i":"callForwardingForwardingVoiceToNumber","$v":["语音通话至 ",{"t":"idOrVar","v":"number"}]},{"$i":"callForwardingNotForwarding","$v":"已禁用"},{"$i":"callForwardingConfirmTitle","$v":"呼叫转移确认消息"},{"$i":"cf-alwaysUseThisNumber","$v":"总是使用此号码"},{"$i":"cf-numberWhenUnreachable","$v":"号码无法接通时"},{"$i":"cf-numberWhenUnanswered","$v":"号码无人接听时"},{"$i":"cf-numberWhenBusy","$v":"号码占线时"},{"$i":"callForwardingInvalidNumberError","$v":"这个电话号码无效。"},{"$i":"callForwardingSetSuccess","$v":"操作设置成功。"},{"$i":"callForwardingSetForbidden","$v":"您的运营商不支持该操作。"},{"$i":"callForwardingSetError","$v":"拨叫设置错误。"},{"$i":"callerId","$v":"呼叫者 ID"},{"$i":"callBarring","$v":"Call Barring"},{"$i":"callBarring-header","$v":[{"t":"idOrVar","v":"callBarring"}]},{"$i":"callBarring-outgoing","$v":"Outgoing calls"},{"$i":"callBarring-baoc","$v":"All"},{"$i":"callBarring-boic","$v":"International"},{"$i":"callBarring-boicExhc","$v":"International except Home Country"},{"$i":"callBarring-incoming","$v":"Incoming calls"},{"$i":"callBarring-baic","$v":"All"},{"$i":"callBarring-baicR","$v":"All while roaming"},{"$i":"callBarring-passcode","$v":"Passcode"},{"$i":"callBarring-change-passcode","$v":"Change passcode"},{"$i":"callBarring-passcode-enter","$v":"Enter passcode"},{"$i":"callBarring-passcode-unknown","$v":"In case you don't know your passcode, please contact your carrier"},{"$i":"callBarring-current-passcode","$v":"Current passcode"},{"$i":"callBarring-new-passcode","$v":"New passcode"},{"$i":"callBarring-create-passcode","$v":"Create a Passcode"},{"$i":"callBarring-confirm-passcode","$v":"Confirm passcode"},{"$i":"callBarring-passcode-error-generic","$v":"Passcode error."},{"$i":"callBarring-passcode-error-incorrect","$v":"Passcode is incorrect."},{"$i":"callBarring-passcode-error-mismatch","$v":"Passcode doesn’t match."},{"$i":"callBarring-update-item-error","$v":["Error while updating the item: ",{"t":"idOrVar","v":"error"},"."]},{"$i":"callBarring-change-passcode-success","$v":"Passcode changed."},{"$i":"callerId-default","$v":"网络默认"},{"$i":"callerId-hide","$v":"隐藏号码"},{"$i":"callerId-show","$v":"显示号码"},{"$i":"fdn","$v":"固定拨号"},{"$i":"fdnSettings","$v":"固定拨号"},{"$i":"fdnSettings-header","$v":[{"t":"idOrVar","v":"fdnSettings"}]},{"$i":"fdn-authorizedNumbers","$v":"允许的号码"},{"$i":"fdn-authorizedNumbers-header","$v":[{"t":"idOrVar","v":"fdn-authorizedNumbers"}]},{"$i":"fdn-authorizedNumbers-desc","$v":"可拨打的号码列表"},{"$i":"fdn-explanation1","$v":"限制这台手机可拨叫哪些号码。"},{"$i":"fdn-explanation2","$v":"（紧急电话号码总是可用）"},{"$i":"fdnEnable","$v":"启用固定拨号"},{"$i":"fdnDisable","$v":"禁用固定拨号"},{"$i":"fdnReset","$v":"重置 PIN2"},{"$i":"fdnAttemptMsg3","$v":{"one":"您还有最后一次机会来输入正确的密码，否则将会锁定您的 SIM 卡。","two":["您还有 ",{"t":"idOrVar","v":"n"}," 次机会来输入正确的密码，否则将会锁定您的 SIM 卡。"],"few":["您还有 ",{"t":"idOrVar","v":"n"}," 次机会来输入正确的密码，否则将会锁定您的 SIM 卡。"],"many":["您还有 ",{"t":"idOrVar","v":"n"}," 次机会来输入正确的密码，否则将会锁定您的 SIM 卡。"],"other":["您还有 ",{"t":"idOrVar","v":"n"}," 次机会来输入正确的密码，否则将会锁定您的 SIM 卡。"]},"$x":[{"t":"idOrVar","v":"plural"},"n"]},{"$i":"fdnLastChanceMsg","$v":"您还有最后一次机会输入正确的 PIN2 码。如果输入错误，您必须输入 PUK2 码才能使用此 SIM 卡。"},{"$i":"fdnErrorMsg","$v":"PIN2 码不正确。"},{"$i":"fdn-enabled-warning","$v":"固定拨号禁用了呼叫转移。"},{"$i":"fdnContact-name","$v":"名称"},{"$i":"fdnContact-number","$v":"号码"},{"$i":"fdnContact-submit","$v":"提交"},{"$i":"fdnAction-add","$v":"添加联系人"},{"$i":"fdnAction-call","$v":"电话"},{"$i":"fdnAction-edit","$v":"编辑联系人"},{"$i":"fdnAction-edit-header","$v":"编辑联系人"},{"$i":"fdnAction-delete","$v":"删除联系人"},{"$i":"fdnNoFDNFreeRecord","$v":"固定拨号（FDN）达到最大数量。您不能再添加更多号码。"},{"$i":"messagingSettings","$v":"消息设置"},{"$i":"messagingSettings-header","$v":[{"t":"idOrVar","v":"messagingSettings"}]},{"$i":"message-confirmation","$v":"消息确认"},{"$i":"message-delivery-reports","$v":"送达报告"},{"$i":"message-delivery-reports-details","$v":"每条短信发出时都请求送达通知"},{"$i":"message-read-reports","$v":"已读报告"},{"$i":"message-read-reports-details","$v":"对每次发送的消息都要求告知已读"},{"$i":"mmsTitle","$v":"彩信（MMS）"},{"$i":"auto-retrieve","$v":"自动获取"},{"$i":"auto-retrieve-details","$v":"自动获取消息"},{"$i":"manual-retrieve","$v":"关"},{"$i":"auto-roaming-retrieve","$v":"漫游时"},{"$i":"auto-no-roaming-retrieve","$v":"非漫游时"},{"$i":"autoConfigure","$v":"自动配置"},{"$i":"wapPushMessages","$v":"WAP 推送消息"},{"$i":"wapPush","$v":"WAP 推送"},{"$i":"cellBroadcastMessages","$v":"小区广播消息"},{"$i":"cellBroadcast","$v":"小区广播"},{"$i":"emergencyAlert","$v":"紧急通知"},{"$i":"messagingInformation","$v":"信息"},{"$i":"messaging-SMSC","$v":"服务中心"},{"$i":"messaging-sim-settings","$v":["SIM 卡 ",{"t":"idOrVar","v":"index"}," 设置"]},{"$i":"unknown-SMSC","$v":"信息不可用"},{"$i":"cellularAndData","$v":"蜂窝网络和数据"},{"$i":"cellularAndData-header","$v":[{"t":"idOrVar","v":"cellularAndData"}]},{"$i":"dataNetwork","$v":"运营商"},{"$i":"dataConnectivity","$v":"数据"},{"$i":"dataConnection","$v":"数据连接"},{"$i":"dataRoaming","$v":"数据漫游"},{"$i":"networkOperator","$v":"网络运营商"},{"$i":"networkOperator-header","$v":[{"t":"idOrVar","v":"networkOperator"}]},{"$i":"availableOperators","$v":"本地网络运营商"},{"$i":"preferredNetworkTypeAlertTitle","$v":"首选的网络类型"},{"$i":"preferredNetworkTypeAlertErrorMessage","$v":"无法设置网络类型"},{"$i":"operator-networkType","$v":"网络类型"},{"$i":"operator-networkType-auto","$v":"自动"},{"$i":"operator-networkType-prefer3G","$v":"3G 优先"},{"$i":"operator-networkType-2G","$v":"仅 2G"},{"$i":"operator-networkType-3G","$v":"仅 3G"},{"$i":"operator-networkType-GSM","$v":"GSM"},{"$i":"operator-networkType-WCDMA","$v":"WCDMA"},{"$i":"operator-networkType-CDMA","$v":"CDMA"},{"$i":"operator-networkType-EVDO","$v":"EVDO"},{"$i":"operator-networkType-LTE","$v":"LTE"},{"$i":"operator-networkType-preferWCDMA","$v":"WCDMA 优先"},{"$i":"operator-networkType-auto-2G-3G","$v":"自动 (2G/3G)"},{"$i":"operator-networkType-auto-CDMA-EVDO","$v":"自动 (CDMA/EVDO)"},{"$i":"operator-networkType-auto-WCDMA-GSM","$v":"自动 (WCDMA/GSM)"},{"$i":"operator-networkType-auto-LTE-WCDMA-GSM","$v":"自动 (LTE/WCDMA/GSM)"},{"$i":"operator-networkType-auto-LTE-CDMA-EVDO","$v":"自动 (LTE/CDMA/EVDO)"},{"$i":"operator-networkType-auto-WCDMA-GSM-CDMA-EVDO","$v":"自动 (WCDMA/GSM/CDMA/EVDO)"},{"$i":"operator-autoSelect","$v":"自动选择"},{"$i":"operator-networkSelect-auto","$v":"自动"},{"$i":"operator-networkSelect-manual","$v":"手动"},{"$i":"operator-turnAutoSelectOff","$v":"关闭“自动选择”查看可用的网络运营商。"},{"$i":"operator-status-connecting","$v":"正在连接…"},{"$i":"operator-status-connectingfailed","$v":"连接失败"},{"$i":"operator-status-connected","$v":"已连接"},{"$i":"operator-roamingPreference","$v":"漫游偏好"},{"$i":"operator-roamingPreference-home","$v":"本地"},{"$i":"operator-roamingPreference-any","$v":"任意"},{"$i":"operator-roamingPreference-affiliated","$v":"附属公司"},{"$i":"apn","$v":"APN"},{"$i":"apnSettings","$v":"APN 设置"},{"$i":"apnSettings-header","$v":[{"t":"idOrVar","v":"apnSettings"}]},{"$i":"dataSettings","$v":"数据设置"},{"$i":"dataSettings-header","$v":[{"t":"idOrVar","v":"dataSettings"}]},{"$i":"suplSettings","$v":"A-GPS 设置"},{"$i":"suplSettings-header","$v":[{"t":"idOrVar","v":"suplSettings"}]},{"$i":"messageSettings","$v":"消息设置"},{"$i":"messageSettings-header","$v":[{"t":"idOrVar","v":"messageSettings"}]},{"$i":"dunSettings","$v":"网络共享设置"},{"$i":"dunSettings-header","$v":[{"t":"idOrVar","v":"dunSettings"}]},{"$i":"imsSettings","$v":"IMS 设置"},{"$i":"imsSettings-header2","$v":[{"t":"idOrVar","v":"imsSettings"}]},{"$i":"apn-editor-header","$v":"APN 编辑器"},{"$i":"mmsport","$v":"MMS 端口"},{"$i":"mmsproxy","$v":"MMS 代理"},{"$i":"mmsc","$v":"MMSC"},{"$i":"httpProxyHost","$v":"HTTP 代理主机"},{"$i":"httpProxyPort","$v":"HTTP 代理端口"},{"$i":"custom","$v":"（自定义设置）"},{"$i":"apn-authType","$v":"身份验证"},{"$i":"apn-authType-notDefined","$v":"未定义"},{"$i":"apn-authType-none","$v":"无"},{"$i":"apn-authType-pap","$v":"PAP"},{"$i":"apn-authType-chap","$v":"CHAP"},{"$i":"apn-authType-papOrChap","$v":"PAP 或者 CHAP"},{"$i":"apn-protocol","$v":"协议"},{"$i":"apn-roaming-protocol","$v":"漫游协议"},{"$i":"apn-protocol-notDefined","$v":"未定义"},{"$i":"apn-protocol-ip","$v":"IPv4"},{"$i":"apn-protocol-ipv6","$v":"IPv6"},{"$i":"apn-protocol-ipv4v6","$v":"IPv4/IPv6"},{"$i":"apn-type","$v":"APN 类型"},{"$i":"dataConnection-warning-head","$v":"打开数据连接？"},{"$i":"dataConnection-warning-message","$v":"需要时应用程序将自动通过数据连接读取数据。数据可能被收取附加费用。"},{"$i":"dataRoaming-warning-head","$v":"打开数据漫游？"},{"$i":"dataRoaming-warning-message","$v":"依据您的服务协议，在漫游地区的数据服务可能会产生额外的费用。"},{"$i":"change-apn-warning-message1","$v":"Depending on your service agreement, changing your APN setting may result in extra charges when roaming. Do you want to proceed?"},{"$i":"reset-apn-warning-title","$v":"重置到默认值"},{"$i":"reset-apn-warning-message","$v":"这将重置各项设置为默认值。此操作不可撤销。"},{"$i":"state-unknown","$v":"未知状态"},{"$i":"state-available","$v":"可用"},{"$i":"state-connected","$v":"已连接"},{"$i":"state-current","$v":"已连接"},{"$i":"state-forbidden","$v":"禁止"},{"$i":"delete-apn-confirm","$v":"删除此 APN？"},{"$i":"delete-apn","$v":"删除"},{"$i":"add-apn","$v":"添加新的 APN"},{"$i":"reset-apn","$v":"重置到默认值"},{"$i":"apnSettings-reset","$v":"重置 APN 设置"},{"$i":"bluetooth","$v":"蓝牙"},{"$i":"bluetooth-header","$v":[{"t":"idOrVar","v":"bluetooth"}]},{"$i":"bluetooth-enable-msg","$v":"打开蓝牙以查看附近的设备。"},{"$i":"bluetooth-paired-devices","$v":"已配对的设备"},{"$i":"bluetooth-devices-in-area","$v":"附近的设备"},{"$i":"bluetooth-visible-to-all","$v":"公开可见"},{"$i":"bluetooth-name-maxlength-alert","$v":["您的设备名长度超过 ",{"t":"idOrVar","v":"length"}," 个字符，请重试。"]},{"$i":"bluetooth-address","$v":"蓝牙地址"},{"$i":"bluetooth-address-unavailable","$v":"不可用"},{"$i":"bt-status-nopaired","$v":"没有已配对的设备"},{"$i":"bt-status-turnoff","$v":"关闭"},{"$i":"bt-status-paired","$v":{"zero":[{"t":"idOrVar","v":"name"}],"one":[{"t":"idOrVar","v":"name"}," 及其他 ",{"t":"idOrVar","v":"n"}," 个"],"two":[{"t":"idOrVar","v":"name"}," 及其他 ",{"t":"idOrVar","v":"n"}," 个"],"few":[{"t":"idOrVar","v":"name"}," 及其他 ",{"t":"idOrVar","v":"n"}," 个"],"many":[{"t":"idOrVar","v":"name"}," 及其他 ",{"t":"idOrVar","v":"n"}," 个"],"other":[{"t":"idOrVar","v":"name"}," 及其他 ",{"t":"idOrVar","v":"n"}," 个"]},"$x":[{"t":"idOrVar","v":"plural"},"n"]},{"$i":"device-status-tap-connect","$v":"点按以连接"},{"$i":"device-status-pairing","$v":"正在与设备配对…"},{"$i":"device-status-waiting","$v":"正在等待其他设备…"},{"$i":"device-status-paired","$v":"已配对"},{"$i":"device-status-connecting","$v":"正在连接…"},{"$i":"device-status-connected","$v":"已连接"},{"$i":"device-status-connected-media","$v":"已连接至媒体音频"},{"$i":"device-option-unpair","$v":"取消配对"},{"$i":"device-option-confirm","$v":"确定"},{"$i":"device-option-unpair-confirmation","$v":"确认"},{"$i":"device-option-unpair-device","$v":"取消配对设备？"},{"$i":"device-option-connect","$v":"连接"},{"$i":"device-option-disconnect","$v":"断开连接"},{"$i":"search-for-device","$v":"正在搜索设备…"},{"$i":"search-device","$v":"搜索设备"},{"$i":"rename-device","$v":"重命名我的设备"},{"$i":"unnamed-device","$v":"未知设备"},{"$i":"change-phone-name-desc","$v":"更改将在您的计算机上出现的该设备名称"},{"$i":"bluetooth-new-name","$v":"新名称"},{"$i":"error-pair-title","$v":"无法与设备配对"},{"$i":"error-pair-pincode","$v":"无法与设备配对，请检查 PIN 是否正确。"},{"$i":"error-pair-toofast","$v":"无法配对设备，请求过多。"},{"$i":"error-connect-title","$v":"无法连接设备"},{"$i":"error-connect-msg","$v":"请检查您试图连接的设备仍在范围内并且蓝牙已打开。"},{"$i":"unpair-title","$v":"将已连接的设备取消配对？"},{"$i":"unpair-msg","$v":"您目前已连接到此设备，取消配对也将与其断开连接。"},{"$i":"nfc","$v":"NFC"},{"$i":"SSIDCannotBeEmpty","$v":"SSID 不能为空"},{"$i":"internetSharing","$v":"互联网连接共享"},{"$i":"internetSharing-header","$v":[{"t":"idOrVar","v":"internetSharing"}]},{"$i":"internetSharing-usb","$v":"USB"},{"$i":"internetSharing-wifi","$v":"Wi-Fi"},{"$i":"wifi-hotspot","$v":"Wi-Fi 热点"},{"$i":"wifi-name","$v":"名称"},{"$i":"wifi-password","$v":"密码"},{"$i":"wifi-security","$v":"安全性"},{"$i":"usb-tethering","$v":"USB 网络共享"},{"$i":"hotspotSettings","$v":"热点设置"},{"$i":"wifi-auth-username","$v":"用户名"},{"$i":"wifi-auth-password","$v":"密码"},{"$i":"wifi-join-username","$v":"用户名"},{"$i":"wifi-join-password","$v":"密码"},{"$i":"hotspotSettings-header","$v":[{"t":"idOrVar","v":"hotspotSettings"}]},{"$i":"ssid-name","$v":"SSID 网络名"},{"$i":"hotspot-open","$v":"开放"},{"$i":"hotspot-wpa-psk","innerHTML":"WPA (TKIP)"},{"$i":"hotspot-wpa2-psk","innerHTML":"WPA2 (AES)"},{"$i":"hotspot-password-desc","$v":"密码至少要有8个字符。"},{"$i":"personalization","$v":"个性化"},{"$i":"sound","$v":"声音"},{"$i":"sound-header","$v":[{"t":"idOrVar","v":"sound"}]},{"$i":"volume","$v":"音量"},{"$i":"tones","$v":"声调"},{"$i":"touch-tones","$v":"触控音效"},{"$i":"touch-tone-short","$v":"短"},{"$i":"touch-tone-long","$v":"长"},{"$i":"select-tone","$v":"选择铃声"},{"$i":"ringtones","$v":"系统铃声"},{"$i":"alerts","$v":"警告"},{"$i":"manage-tones","$v":"管理铃声"},{"$i":"other-sounds","$v":"其他声音"},{"$i":"unlock-screen","$v":"解锁屏幕"},{"$i":"camera","$v":"摄像头"},{"$i":"sent-message","$v":"发送消息"},{"$i":"alarm-sound","$v":"闹钟"},{"$i":"ringtone-and-notification-sound","$v":"铃声和通知"},{"$i":"media-sound","$v":"媒体"},{"$i":"saving-tone","$v":"保存中…"},{"$i":"no-ringtone-app","$v":"我们无法找到铃声应用来管理铃声！"},{"$i":"display","$v":"显示"},{"$i":"display-header","$v":[{"t":"idOrVar","v":"display"}]},{"$i":"brightness","$v":"亮度"},{"$i":"brightness-autoAdjust","$v":"自动调整"},{"$i":"lockScreen","$v":"屏幕锁定"},{"$i":"wallpaper","$v":"壁纸"},{"$i":"screen-timeout","$v":"屏幕超时"},{"$i":"one-minute","$v":"1 分钟"},{"$i":"two-minutes","$v":"2 分钟"},{"$i":"five-minutes","$v":"5 分钟"},{"$i":"ten-minutes","$v":"10 分钟"},{"$i":"never","$v":"永不"},{"$i":"lock-orientation","$v":"锁定方向"},{"$i":"navigation","$v":"导航"},{"$i":"navigation-header","$v":[{"t":"idOrVar","v":"navigation"}]},{"$i":"edge-swipe-navigation","$v":"边缘滑动进行导航"},{"$i":"edge-swipe-navigation-enable-msg","$v":"向屏幕左侧或右侧滑动在应用间进行跳转。"},{"$i":"notifications","$v":"通知"},{"$i":"notifications-header","$v":[{"t":"idOrVar","v":"notifications"}]},{"$i":"lockscreen-notifications","$v":"在锁屏上显示"},{"$i":"notifications-resend","$v":"重新启动后显示"},{"$i":"dateAndTime","$v":"日期与时间"},{"$i":"dateAndTime-header","$v":[{"t":"idOrVar","v":"dateAndTime"}]},{"$i":"setTimeAutomatically","$v":"自动设置"},{"$i":"setTimeManually","$v":"手动设置"},{"$i":"timezoneMessage","$v":"时区"},{"$i":"dateMessage","$v":"日期"},{"$i":"timeMessage","$v":"时间"},{"$i":"selectTimezoneContinent","$v":"选择地区"},{"$i":"selectTimezone","$v":"选择时区"},{"$i":"time-format","$v":"格式"},{"$i":"time-format-time","$v":"时间格式"},{"$i":"hour-12","$v":"12小时制"},{"$i":"hour-24","$v":"24小时制"},{"$i":"languageAndRegion","$v":"语言与区域"},{"$i":"language","$v":"语言"},{"$i":"language-header","$v":[{"t":"idOrVar","v":"language"}]},{"$i":"region","$v":"区域"},{"$i":"more-languages","$v":"Get More Languages"},{"$i":"sample-format","$v":"格式示例"},{"$i":"longDateFormat","$v":"%Y 年 %B %e 日 %A"},{"$i":"simManager","$v":"SIM 管理器"},{"$i":"simManager-header","$v":[{"t":"idOrVar","v":"simManager"}]},{"$i":"simSettings","$v":"SIM 卡设置"},{"$i":"sim-manager-outgoing-calls","$v":"拨出电话"},{"$i":"sim-manager-outgoing-call-desc","$v":"呼叫发送将经由"},{"$i":"sim-manager-outgoing-messages","$v":"传出短信"},{"$i":"sim-manager-outgoing-messages-desc","$v":"短信发送将经由"},{"$i":"sim-manager-outgoing-data","$v":"数据"},{"$i":"sim-manager-outgoing-data-description","$v":"数据服务网络和应用市场支付"},{"$i":"sim-manager-always-ask","$v":"总是询问"},{"$i":"sim-pin-locked","$v":"SIM PIN 已锁定"},{"$i":"no-operator","$v":"没有运营商"},{"$i":"cant-disable-simcard-alert","$v":"一次至少激活一张 SIM 卡"},{"$i":"disable-simcard-confirm","$v":["SIM ",{"t":"idOrVar","v":"disableCardIndex"}," 不能接收任何来电和短信。通过 SIM ",{"t":"idOrVar","v":"disableCardIndex"}," 拨出电话或发送短信也将被禁用。"]},{"$i":"change-outgoing-data-confirm","$v":"当前的数据传输将被中止。要继续吗。"},{"$i":"homescreen","$v":"主屏幕"},{"$i":"vertical-homescreen-header","$v":"主屏幕"},{"$i":"vertical-homescreen-layout","$v":"布局"},{"$i":"vertical-homescreen-icon-layout","$v":"图标布局"},{"$i":"vertical-homescreen-three-columns","$v":"三栏"},{"$i":"vertical-homescreen-four-columns","$v":"四栏"},{"$i":"notice","$v":"通知"},{"$i":"search","$v":"搜索"},{"$i":"search-header","$v":"搜索"},{"$i":"search-engine","$v":"搜索引擎"},{"$i":"search-suggestions","$v":"搜索建议"},{"$i":"search-suggestions-description","$v":"您在进行搜索时输入的字符将被发送到多个搜索服务提供商，并将以此用来为您提供搜索建议。使用此功能有可能导致额外的数据流量费用。"},{"$i":"homescreens","$v":"主屏幕"},{"$i":"homescreens-header","$v":[{"t":"idOrVar","v":"homescreens"}]},{"$i":"changeHomescreen","$v":"更改主屏幕"},{"$i":"changeHomescreenButton","$v":"更改"},{"$i":"description","$v":"描述"},{"$i":"keyboardSettings","$v":"键盘设置"},{"$i":"selectedKeyboards","$v":"已选中的键盘"},{"$i":"keyboards","$v":"键盘"},{"$i":"keyboards-header","$v":[{"t":"idOrVar","v":"keyboards"}]},{"$i":"numberKeyboardLayouts","$v":"数字键布局"},{"$i":"optionKeyboardLayouts","$v":"其他键盘布局"},{"$i":"keypad","$v":"拨号键盘"},{"$i":"dialpad","$v":"拨号面板"},{"$i":"selectKeyboards","$v":"选择键盘"},{"$i":"selectKeyboards-header","$v":[{"t":"idOrVar","v":"selectKeyboards"}]},{"$i":"mustHaveOneKeyboard","$v":["至少要选择一种 ",{"t":"idOrVar","v":"type"}," 键盘类型"]},{"$i":"keyboardType-text","$v":"文本"},{"$i":"keyboardType-url","$v":"网址"},{"$i":"keyboardType-number","$v":"数字"},{"$i":"defaultKeyboardEnabled","$v":["已将 ",{"t":"idOrVar","v":"appName"}," ",{"t":"idOrVar","v":"layoutName"}," 设置为默认输入法"]},{"$i":"themes","$v":"主题"},{"$i":"themes-header","$v":[{"t":"idOrVar","v":"themes"}]},{"$i":"fxa","$v":"Firefox 账户"},{"$i":"accounts","$v":"账户"},{"$i":"fxa-accounts","$v":"Firefox 账户"},{"$i":"fxa-accounts-header","$v":[{"t":"idOrVar","v":"fxa-accounts"}]},{"$i":"fxa-overview","$v":"Firefox 账户让您可以使用\"查找我的设备\"这样的功能以及“火狐应用市场”等应用。"},{"$i":"fxa-invitation","$v":"创建账户或登录"},{"$i":"fxa-confirm-account","$v":"验证您的账户"},{"$i":"fxa-verification-email-sent-msg","$v":["我们会发送一封邮件到：",{"t":"idOrVar","v":"email"}]},{"$i":"fxa-please-verify","$v":"点击邮件中的验证链接验证您的账户。"},{"$i":"fxa-cancel-confirmation","$v":"取消账户验证"},{"$i":"fxa-resend-alert","$v":["一个验证链接已被发送到 ",{"t":"idOrVar","v":"email"},"。"]},{"$i":"fxa-dont-see-email","$v":["没看到邮件？ ",{"t":"idOrVar","v":"resend"},"。"]},{"$i":"fxa-resend","$v":"重新发送"},{"$i":"fxa-about","$v":"关于"},{"$i":"fxa-logged-in-text","$v":["登录身份为 ",{"t":"idOrVar","v":"email"}]},{"$i":"fxa-signed-in-header","$v":"已登录"},{"$i":"fxa-marketplace-app","$v":"应用市场"},{"$i":"fxa-find-my-device-app","$v":"查找我的设备"},{"$i":"fxa-options","$v":"选项"},{"$i":"fxa-sign-out","$v":"注销"},{"$i":"fxa-confirm-email","$v":["请验证 ",{"t":"idOrVar","v":"email"}]},{"$i":"findmydevice","$v":"查找我的设备"},{"$i":"findmydevice-create-account","$v":"创建账户或登录"},{"$i":"findmydevice-enable","$v":"启用\"查找我的设备\""},{"$i":"findmydevice-about","$v":"关于“查找我的设备”"},{"$i":"findmydevice-enable-geolocation-prompt","$v":"启用地理定位？"},{"$i":"findmydevice-enable-geolocation-description","$v":"要查看您的设备的位置，您必须启用地理位置跟踪。"},{"$i":"findmydevice-geolocation-enabled","$v":"地理位置定位已启用"},{"$i":"findmydevice-enable-network","$v":"此装置目前处于离线状态。连接到网络然后重试。"},{"$i":"findmydevice-error","$v":"“查找我的设备”发生错误。"},{"$i":"findmydevice-please-try","$v":"请重试。"},{"$i":"findmydevice-please-tap","$v":"请点按以重试。"},{"$i":"privacyAndSecurity","$v":"隐私与安全"},{"$i":"passcode-lock","$v":"密码锁定"},{"$i":"passcode-lock-desc","$v":["密码：",{"t":"idOrVar","v":"code"}]},{"$i":"screenLock","$v":"屏幕锁定"},{"$i":"screenLock-header","$v":[{"t":"idOrVar","v":"screenLock"}]},{"$i":"simSecurity","$v":"SIM 卡安全性"},{"$i":"simSecurity-header","$v":[{"t":"idOrVar","v":"simSecurity"}]},{"$i":"appPermissions","$v":"应用程序权限"},{"$i":"appPermissions-header","$v":[{"t":"idOrVar","v":"appPermissions"}]},{"$i":"author","$v":"作者"},{"$i":"permissions","$v":"权限"},{"$i":"revoke","$v":"废除"},{"$i":"ask","$v":"询问"},{"$i":"deny","$v":"拒绝"},{"$i":"allow","$v":"允许"},{"$i":"uninstallApp","$v":"卸载应用"},{"$i":"phone","$v":"手机"},{"$i":"messages","$v":"信息"},{"$i":"vibrate","$v":"振动"},{"$i":"ring","$v":"响铃"},{"$i":"change","$v":"更改"},{"$i":"create","$v":"创建"},{"$i":"create-a-passcode","$v":"创建密码"},{"$i":"passcode","$v":"密码"},{"$i":"passcode-heading","$v":"密码"},{"$i":"enter-passcode","$v":"输入密码"},{"$i":"new-passcode","$v":"新密码"},{"$i":"current-passcode","$v":"原密码"},{"$i":"incorrect-passcode","$v":"密码错误。"},{"$i":"passcode-doesnt-match","$v":"密码不匹配，请重试。"},{"$i":"confirm-passcode","$v":"确认密码"},{"$i":"immediately","$v":"立即"},{"$i":"after-one-minute","$v":"1 分钟后"},{"$i":"after-five-minutes","$v":"5 分钟后"},{"$i":"after-fifteen-minutes","$v":"15 分钟后"},{"$i":"after-thirty-minutes","$v":"在 30 分钟后"},{"$i":"after-one-hour","$v":"1 小时后"},{"$i":"require-passcode","$v":"需要密码"},{"$i":"change-passcode","$v":"更改密码"},{"$i":"noSimCard","$v":"无 SIM 卡"},{"$i":"simPin","$v":"SIM 卡 PIN"},{"$i":"simPin2","$v":"SIM PIN2"},{"$i":"simPinWithIndex","$v":["SIM ",{"t":"idOrVar","v":"index"}," PIN"]},{"$i":"pukCode","$v":"PUK 码"},{"$i":"puk2Code","$v":"PUK2 码"},{"$i":"whatIsSimPin","$v":"SIM 卡 PIN 是什么？"},{"$i":"simPinIntro1","$v":"SIM 卡 PIN 可以防止对 SIM 卡蜂窝数据网络的非授权访问。当它被启用时，任何装有该 SIM 卡的设备在重新启动后都将被要求提供 PIN。"},{"$i":"simPinIntro2","$v":"SIM 卡 PIN 与用于解锁设备的密码是不同的。"},{"$i":"changeSimPin","$v":"更改 PIN"},{"$i":"simPinChangedSuccessfully","$v":"SIM PIN 更改成功"},{"$i":"simPinChangedSuccessfullyWithIndex","$v":["SIM ",{"t":"idOrVar","v":"index"}," PIN 更改成功"]},{"$i":"pinTitle","$v":"输入 SIM 卡 PIN"},{"$i":"pin2Title","$v":"输入 SIM PIN2 码"},{"$i":"pukTitle","$v":"输入 PUK 码"},{"$i":"puk2Title","$v":"输入 PUK2 码"},{"$i":"newpinTitle","$v":"新的 PIN"},{"$i":"inputCodeRetriesLeft","$v":{"one":"最后一次尝试。","two":["还有 ",{"t":"idOrVar","v":"n"}," 次机会。"],"few":["还有 ",{"t":"idOrVar","v":"n"}," 次机会。"],"many":["还有 ",{"t":"idOrVar","v":"n"}," 次机会。"],"other":["还有 ",{"t":"idOrVar","v":"n"}," 次机会。"]},"$x":[{"t":"idOrVar","v":"plural"},"n"]},{"$i":"pinAttemptMsg3","$v":{"one":"您还有最后一次机会来输入正确的密码，否则将会锁定您的 SIM 卡。","two":["您还有 ",{"t":"idOrVar","v":"n"}," 次机会来输入正确的密码，否则将会锁定您的 SIM 卡。"],"few":["您还有 ",{"t":"idOrVar","v":"n"}," 次机会来输入正确的密码，否则将会锁定您的 SIM 卡。"],"many":["您还有 ",{"t":"idOrVar","v":"n"}," 次机会来输入正确的密码，否则将会锁定您的 SIM 卡。"],"other":["您还有 ",{"t":"idOrVar","v":"n"}," 次机会来输入正确的密码，否则将会锁定您的 SIM 卡。"]},"$x":[{"t":"idOrVar","v":"plural"},"n"]},{"$i":"pinLastChanceMsg","$v":"这是您最后一次机会来输入正确的 PIN。如果您输入了错误的 PIN，您将必须输入 PUK 码才能使用此 SIM 卡。"},{"$i":"simCardLockedMsg","$v":"SIM 卡已被锁定。"},{"$i":"simCardBlockedMsg","$v":"SIM 卡已被锁定。"},{"$i":"enterPukMsg","$v":"您必须为此 SIM 卡输入个人解锁密钥（PUK）。请查阅您的 SIM 卡说明书或联系您的运营商了解更多信息。"},{"$i":"enterPuk2Msg","$v":"您必须输入 SIM 卡的个人解锁码（PUK2）。请参考您的 SIM 卡说明文件或联系您的电信服务供应商以获取更多信息。"},{"$i":"pukErrorMsg","$v":"PUK 码错误。"},{"$i":"pukAttemptMsg3","$v":{"one":"如果再次输入错误的代码，这个 SIM 卡将会永久失效。参阅你的 SIM 卡手册或者联系你的运营商了解更多信息。","two":["在您的 SIM 卡被永久锁定前您还有 ",{"t":"idOrVar","v":"n"}," 次机会来输入正确的 PUK 码。请查阅您的 SIM 卡说明书或联系您的运营商以了解详细信息。"],"few":["在您的 SIM 卡被永久锁定前您还有 ",{"t":"idOrVar","v":"n"}," 次机会来输入正确的 PUK 码。请查阅您的 SIM 卡说明书或联系您的运营商以了解详细信息。"],"many":["在您的 SIM 卡被永久锁定前您还有 ",{"t":"idOrVar","v":"n"}," 次机会来输入正确的 PUK 码。请查阅您的 SIM 卡说明书或联系您的运营商以了解详细信息。"],"other":["在您的 SIM 卡被永久锁定前您还有 ",{"t":"idOrVar","v":"n"}," 次机会来输入正确的 PUK 码。请查阅您的 SIM 卡说明书或联系您的运营商以了解详细信息。"]},"$x":[{"t":"idOrVar","v":"plural"},"n"]},{"$i":"pukLastChanceMsg","$v":"这是您最后一次机会来输入正确的 PUK 码。如果您输入了错误的 PUK 码，您的 SIM 卡将被永久锁死。请查阅您的 SIM 卡说明书或联系您的运营商了解更多信息。"},{"$i":"newSimPinMsg","$v":"创建 PIN（4 至 8 位数字）"},{"$i":"newSimPin2Msg","$v":"创建 PIN2 码（必须包含 4 至 8 位数字）"},{"$i":"confirmNewSimPinMsg","$v":"请确认新的 PIN"},{"$i":"confirmNewSimPin2Msg","$v":"请确认新的 PIN2"},{"$i":"newPinErrorMsg","$v":"PIN 不匹配"},{"$i":"simLockedPhone","$v":"手机 SIM 卡已锁定"},{"$i":"unknownSimCardState","$v":"未知的 SIM 卡状态"},{"$i":"simCardNotReady","$v":"SIM 卡未就绪"},{"$i":"simCardIllegal","$v":"未经授权的 SIM 卡"},{"$i":"doNotTrack","$v":"请勿跟踪"},{"$i":"doNotTrack-header","$v":[{"t":"idOrVar","v":"doNotTrack"}]},{"$i":"doNotTrackActions","$v":"告诉网站和应用程序我不愿意被跟踪"},{"$i":"allowTracking","$v":"告诉网站和应用程序我愿意被跟踪"},{"$i":"doNotHavePrefOnTracking","$v":"不要告诉网站和应用程序关于我对跟踪的偏好"},{"$i":"doNotTrack-dt","$v":"请勿跟踪（DNT）如何运作？"},{"$i":"doNotTrack-dd1","$v":"当您打开“请勿跟踪”功能时，您的设备会告知所有网站和应用（﻿以及广告商和其他内容提供商）您不希望您的行为被跟踪。"},{"$i":"doNotTrack-dd2","$v":"启用“请勿跟踪”不会影响您登录网站，也不会导致您的设备丢失您的私人信息（例如购物车内容、位置信息或登录信息）。"},{"$i":"browsingPrivacy","$v":"浏览记录隐私"},{"$i":"browsingPrivacy-header","$v":[{"t":"idOrVar","v":"browsingPrivacy"}]},{"$i":"confirm-clear-title","$v":"确认"},{"$i":"clear-browsing-history","$v":"清除浏览记录"},{"$i":"confirm-clear-browsing-history","$v":"清除浏览记录?"},{"$i":"clear-cookies-and-stored-data","$v":"清除 Cookie 和存储的数据"},{"$i":"confirm-clear-cookies-and-stored-data","$v":"要清除此设备上由网站存储的 Cookie 和其他数据吗？"},{"$i":"clear","$v":"清除"},{"$i":"privacy-controls","$v":"Privacy Controls"},{"$i":"no-privacy-panel","$v":"No privacy panel app found"},{"$i":"storage","$v":"存储"},{"$i":"enableUSBStorage1","$v":"USB 存储"},{"$i":"umsUnplugToDisable","$v":"拔出 USB 线缆以禁用"},{"$i":"appStorage","$v":"应用程序存储"},{"$i":"appStorage-header","$v":[{"t":"idOrVar","v":"appStorage"}]},{"$i":"storageSize","$v":[{"t":"idOrVar","v":"size"}," ",{"t":"idOrVar","v":"unit"}]},{"$i":"availableSize","$v":{"zero":[{"t":"idOrVar","v":"size"}," ",{"t":"idOrVar","v":"unit"}," 可用"],"one":[{"t":"idOrVar","v":"size"}," ",{"t":"idOrVar","v":"unit"}," 可用"],"two":[{"t":"idOrVar","v":"size"}," ",{"t":"idOrVar","v":"unit"}," 可用"],"few":[{"t":"idOrVar","v":"size"}," ",{"t":"idOrVar","v":"unit"}," 可用"],"many":[{"t":"idOrVar","v":"size"}," ",{"t":"idOrVar","v":"unit"}," 可用"],"other":[{"t":"idOrVar","v":"size"}," ",{"t":"idOrVar","v":"unit"}," 可用"]},"$x":[{"t":"idOrVar","v":"plural"},"size"]},{"$i":"apps-total-space","$v":"总容量"},{"$i":"apps-used-space","$v":"已使用"},{"$i":"apps-free-space","$v":"剩余"},{"$i":"storage-details","$v":"相片，视频与音频保存在不同的应用程序中，请参考媒体存储空间以获取更多信息。"},{"$i":"ums-shared-volumes","$v":["已分享 ",{"t":"idOrVar","v":"list"}]},{"$i":"transferProtocol-header","$v":"传输协议"},{"$i":"protocol-mtp","$v":"媒体传输协议（MTP）"},{"$i":"protocol-ums","$v":"USB 大容量存储设备（UMS）"},{"$i":"mediaStorage","$v":"媒体存储"},{"$i":"mediaStorage-header","$v":[{"t":"idOrVar","v":"mediaStorage"}]},{"$i":"storage-name-internal","$v":"内部存储"},{"$i":"storage-name-external-0","$v":"SD 卡存储"},{"$i":"storage-name-external-1","$v":"SD 卡存储 2"},{"$i":"short-storage-name-internal","$v":"内部"},{"$i":"short-storage-name-external-0","$v":"SD 卡"},{"$i":"short-storage-name-external-1","$v":"SD 卡 2"},{"$i":"music-space","$v":"音乐"},{"$i":"pictures-space","$v":"照片"},{"$i":"videos-space","$v":"视频"},{"$i":"left-space","$v":"剩余空间"},{"$i":"free-space","$v":"剩余空间"},{"$i":"total-space","$v":"总容量"},{"$i":"size-not-available","$v":"不可用"},{"$i":"no-storage","$v":"未找到存储设备"},{"$i":"advanced","$v":"高级"},{"$i":"ums-warning-title","$v":"启用 USB 存储？"},{"$i":"default-media-location","$v":"默认媒体位置"},{"$i":"default-media-location-msg","$v":"选择默认存储照片、视频、音乐和下载项的位置。"},{"$i":"change-default-media-location-confirmation","$v":"更改默认媒体存储位置将影响所有媒体的默认保存位置。现有的数据将保留在当前的位置不变。您确定要继续吗？"},{"$i":"eject-sdcard-external-0","$v":"弹出 SD 卡"},{"$i":"eject-sdcard-external-1","$v":"弹出 SD 卡 2"},{"$i":"format-sdcard-internal","$v":"格式化内部存储"},{"$i":"format-sdcard-external-0","$v":"格式化 SD 卡"},{"$i":"format-sdcard-external-1","$v":"格式化 SD 卡 2"},{"$i":"formatting","$v":"格式化中..."},{"$i":"unmount-sdcard-confirmation","$v":"卸载后您将不能访问 SD 卡上的内容。您要继续吗？"},{"$i":"format-sdcard-title","$v":"格式化 SD 卡"},{"$i":"format-sdcard-message","$v":"这将清除您存储在 SD 卡的所有数据，例如照片和音乐。"},{"$i":"format-sdcard-internal-title","$v":"格式化内部存储"},{"$i":"format-sdcard-internal-message","$v":"这将擦除您的内部存储中的所有数据，如音乐和照片。"},{"$i":"format-sdcard-btnformat","$v":"格式化"},{"$i":"sdcardUnmounted","$v":"SD 卡已卸载"},{"$i":"device","$v":"设备"},{"$i":"help","$v":"帮助"},{"$i":"deviceInfo","$v":"设备信息"},{"$i":"deviceInfo-header","$v":[{"t":"idOrVar","v":"deviceInfo"}]},{"$i":"deviceInfo-IMEI","$v":"IMEI"},{"$i":"deviceInfo-ICCID","$v":"ICCID"},{"$i":"deviceInfo-MSISDN","$v":"电话号码"},{"$i":"deviceInfo-ICCID-unavailable-sim","$v":["SIM ",{"t":"idOrVar","v":"index"},"：不可用"]},{"$i":"downloads","$v":"下载管理"},{"$i":"downloads-header","$v":[{"t":"idOrVar","v":"downloads"}]},{"$i":"unknown-phoneNumber","$v":"未知"},{"$i":"unknown-phoneNumber-sim","$v":["SIM ",{"t":"idOrVar","v":"index"},"：未知"]},{"$i":"gitInfo","$v":"Git 提交信息"},{"$i":"developer","$v":"开发者"},{"$i":"developer-header","$v":[{"t":"idOrVar","v":"developer"}]},{"$i":"hud-settings-button","$v":"开发者 HUD"},{"$i":"hud-settings-header","$v":[{"t":"idOrVar","v":"hud-settings-button"}]},{"$i":"hud-devtools","$v":"开发者工具"},{"$i":"hud-devtools-header","$v":[{"t":"idOrVar","v":"hud-devtools"}]},{"$i":"hud-logging","$v":"记录 ADB 中的变化"},{"$i":"hud-system","$v":"显示系统 HUD"},{"$i":"hud-problems","$v":"问题"},{"$i":"hud-warnings","$v":"警告"},{"$i":"hud-errors","$v":"错误"},{"$i":"hud-security","$v":"安全问题"},{"$i":"hud-performance","$v":"性能"},{"$i":"hud-reflows","$v":"重排"},{"$i":"hud-jank","$v":"迟滞"},{"$i":"jank-threshold","$v":"Jank 门限"},{"$i":"hud-fps","$v":"每秒帧数"},{"$i":"hud-ttl","$v":"载入耗时"},{"$i":"hud-memory","$v":"内存"},{"$i":"hud-uss","$v":"独占内存大小"},{"$i":"hud-appmemory","$v":"应用内存"},{"$i":"hud-jsobjects","$v":"JS 对象"},{"$i":"hud-jsstrings","$v":"JS 字符串"},{"$i":"hud-jsother","$v":"JS 其他"},{"$i":"hud-dom","$v":"DOM"},{"$i":"hud-style","$v":"样式"},{"$i":"hud-other","$v":"其他"},{"$i":"software","$v":"软件"},{"$i":"devSettings","$v":"开发者设置"},{"$i":"debug","$v":"调试"},{"$i":"developer-menu","$v":"开发者菜单"},{"$i":"developer-tools","$v":"开发者工具"},{"$i":"graphics","$v":"图形"},{"$i":"hardware-composer","$v":"Hardware composer"},{"$i":"paint-flashing","$v":"将重绘区域高亮"},{"$i":"dumps-layers","$v":"转储层次树"},{"$i":"dumps-layerscope","$v":"Dump layerscope"},{"$i":"apz-overscroll","$v":"滚屏越界"},{"$i":"tiling","$v":"磁贴"},{"$i":"low-precision","$v":"低精度绘制"},{"$i":"low-opacity","$v":"低精度透明"},{"$i":"draw-tile-borders","$v":"绘制磁贴边框"},{"$i":"draw-layer-borders","$v":"绘制层次边框"},{"$i":"log-animations","$v":"记录缓慢的动画"},{"$i":"remote-debugging-usb","$v":"通过 USB 调试"},{"$i":"dev-tools-wifi","$v":"通过 Wi-Fi 的开发者工具"},{"$i":"dev-tools-qps","$v":"伪本地化"},{"$i":"debugger-disabled","$v":"已禁用"},{"$i":"debugger-adb-only","$v":"仅 ADB"},{"$i":"debugger-adb-and-devtools","$v":"ADB 和开发者工具"},{"$i":"wifi-debugging","$v":"在 ADB 中包括 Wi-Fi 输出"},{"$i":"bluetooth-debugging","$v":"在 ADB 中包括蓝牙输出"},{"$i":"bluetooth-snoop-debugging","$v":"Bluetooth HCI sniffing logs to sdcard"},{"$i":"nfc-debugging","$v":"在 ADB 中输出 NFC 信息"},{"$i":"ril-debugging","$v":"RIL output in ADB"},{"$i":"console-enabled","$v":"控制台已启用"},{"$i":"cards-view-screenshots","$v":"卡片视图：屏幕截图"},{"$i":"geolocation-debugging-enabled","$v":"在 ADB 输出地理位置定位信息"},{"$i":"geolocation-debugging-gps-locations-ignored","$v":"忽略 GPS 位置"},{"$i":"use-reviewer-certs","$v":"使用“应用市场”审核者证书"},{"$i":"shake-to-log","$v":"摇动保存系统日志"},{"$i":"model-name","$v":"型号"},{"$i":"os-version","$v":"操作系统版本"},{"$i":"firmware_revision","$v":"固件修订版本"},{"$i":"hardware_revision","$v":"硬件修订版本"},{"$i":"platform_version","$v":"平台版本"},{"$i":"build-id","$v":"构建编号"},{"$i":"update-channel","$v":"更新通道"},{"$i":"build_number","$v":"构建编号"},{"$i":"update-url","$v":"更新 URL"},{"$i":"last-updated","$v":"上次更新"},{"$i":"more-info","$v":"更多信息"},{"$i":"more-info-header","$v":[{"t":"idOrVar","v":"more-info"}]},{"$i":"softwareUpdates","$v":"软件更新"},{"$i":"check-update-daily","$v":"每天"},{"$i":"check-update-weekly","$v":"每周"},{"$i":"check-update-monthly","$v":"每月"},{"$i":"check-for-updates","$v":"检查更新"},{"$i":"check-update-now","$v":"立即检查"},{"$i":"update-status","$v":"更新状态"},{"$i":"no-network-when-update","$v":"连接到互联网以进行您的更新。"},{"$i":"checking-for-update","$v":"正在检查更新…"},{"$i":"no-updates","$v":"没有可用的更新"},{"$i":"retry-when-online","$v":"目前网络已断开，将在网络恢复连接后再次检查"},{"$i":"already-latest-version","$v":["已经是最新版本的 ",{"t":"idOrVar","v":"brandShortName"}]},{"$i":"check-error","$v":"检查更新时发生错误。"},{"$i":"aboutBrowserOS","$v":["关于 ",{"t":"idOrVar","v":"brandShortName"}]},{"$i":"browser-os-desc","$v":[{"t":"idOrVar","v":"brandShortName"}," 是 Mozilla 出品的自由且开放源代码的操作系统。我们的使命是让网络的力量掌握在你的手中，促进开放、创新与机遇。"]},{"$i":"learn-more","$v":"详细了解"},{"$i":"reset-head","$v":"重置"},{"$i":"reset-warning-title","$v":"警告"},{"$i":"unlock-privileges","$v":"Unlock Privileges"},{"$i":"reset-devtools","$v":"Reset and enable full DevTools"},{"$i":"reset-devtools-warning-title","$v":"CAUTION"},{"$i":"your-rights","$v":"您的权利"},{"$i":"your-rights-header","$v":[{"t":"idOrVar","v":"your-rights"}]},{"$i":"about-your-rights-0","$v":[{"t":"idOrVar","v":"brandShortName"}," 是由世界各地成千上万的社区成员基于自由且开放源代码的软件制作。以下几点您应该了解："]},{"$i":"about-your-rights-1","$v":["你可以在包括 Mozilla 公共许可证（Mozilla Public License）在内的多个开放源代码协议下使用 ",{"t":"idOrVar","v":"brandShortName"},"。运行 ",{"t":"idOrVar","v":"brandShortName"}," 的设备也可能包含来自第三方的专有软件。你有权在遵守协议条款的前提下修改在开放许可下提供的任何代码，并可再分发你修改后的版本。"]},{"$i":"about-your-rights-2","$v":["你未被包括 Mozilla 基金会或者任意一方授予任何商标权或其他许可，包括但不限于 ",{"t":"idOrVar","v":"brandShortName"}," 的名称或标志。"]},{"$i":"about-your-rights-3","$v":[{"t":"idOrVar","v":"brandShortName"}," 中的某些功能使你可以向 Mozilla 提供反馈，例如崩溃报告程序。选择提交反馈时，你即准许 Mozilla 使用反馈信息改进其产品，在其网站上发布反馈信息，以及分发这些反馈信息。"]},{"$i":"about-legal-info","$v":"法律信息"},{"$i":"about-credit-info","$v":"致谢"},{"$i":"about-legal-info-header","$v":[{"t":"idOrVar","v":"about-legal-info"}]},{"$i":"open-source-notices","$v":"开放源代码声明"},{"$i":"open-source-notices-header","$v":[{"t":"idOrVar","v":"open-source-notices"}]},{"$i":"obtaining-source-code","$v":"如何获取源代码"},{"$i":"obtaining-source-code-header","$v":[{"t":"idOrVar","v":"obtaining-source-code"}]},{"$i":"about-mozilla","$v":"Mozilla"},{"$i":"about-other","$v":"其他"},{"$i":"your-privacy","$v":"您的隐私"},{"$i":"your-privacy-header","$v":[{"t":"idOrVar","v":"your-privacy"}]},{"$i":"licensing-1","$v":"本产品的二进制文件已由 Mozilla Project 在 Mozilla 公共许可协议 2.0（MPL）下授权提供给您。请了解您的权利。"},{"$i":"licensing-2","$v":"本产品的所有源代码均在自由与开放源代码的许可协议下授权提供，其中的大部分是在 Mozilla 公共许可协议 2.0（MPL）下授权。"},{"$i":"licensing-3","$v":"其余没有在 Mozilla 公共许可协议 2.0（MPL）下授权的软件在各种其他许可协议之一下授权。这些软件要求在在分发时包含以下许可协议文本的副本。（注意：根据您选择的产品及版本，您收到的产品副本可能不包含由这里列出的一种或多种许可协议所覆盖的代码。）"},{"$i":"licensing-MPL","$v":"Mozilla 公共许可协议 2.0"},{"$i":"licensing-Apache","$v":"Apache 许可协议 2.0"},{"$i":"launch-ftu","$v":"打开“首次使用”"},{"$i":"no-ftu","$v":"未找到“首次使用”应用"},{"$i":"software-home-button","$v":"虚拟 HOME 键"},{"$i":"home-gesture","$v":"首页手势"},{"$i":"continuous-transition","$v":"连续转换"},{"$i":"debug-gaia-enabled","$v":"Gaia 调试跟踪"},{"$i":"showScreenReaderSettings","$v":"显示屏幕阅读器设置"},{"$i":"app-transition","$v":"应用转换"},{"$i":"app-suspending","$v":"应用挂起"},{"$i":"copypaste","$v":"Copy/paste"},{"$i":"verbose-app-permissions","$v":"详细的应用权限"},{"$i":"window-management","$v":"窗口管理"},{"$i":"downloads-edit","$v":"编辑下载"},{"$i":"downloads-select-all","$v":"选择全部"},{"$i":"downloads-deselect-all","$v":"全部不选"},{"$i":"downloads-delete","$v":"删除"},{"$i":"battery","$v":"电池"},{"$i":"battery-header","$v":[{"t":"idOrVar","v":"battery"}]},{"$i":"batteryLevel","$v":"当前电量"},{"$i":"batteryLevel-percent-unplugged","$v":[{"t":"idOrVar","v":"level"},"%"]},{"$i":"batteryLevel-percent-charging","$v":[{"t":"idOrVar","v":"level"},"%（正在充电）"]},{"$i":"batteryLevel-percent-charged","$v":[{"t":"idOrVar","v":"level"},"%（充电完成）"]},{"$i":"powerSaveModeTitle","$v":"省电模式"},{"$i":"powerSaveMode","$v":"省电模式"},{"$i":"powerSave-threshold","$v":["剩余 ",{"t":"idOrVar","v":"level"},"% 电量"]},{"$i":"turnOnAuto","$v":"自动打开"},{"$i":"accessibility","$v":"辅助功能"},{"$i":"accessibility-header","$v":[{"t":"idOrVar","v":"accessibility"}]},{"$i":"screenReader","$v":"屏幕阅读器"},{"$i":"screenReader-header","$v":[{"t":"idOrVar","v":"screenReader"}]},{"$i":"screenReader-toggle","$v":[{"t":"idOrVar","v":"screenReader"}]},{"$i":"colorFilter","$v":"颜色过滤器"},{"$i":"colorFilter-header","$v":[{"t":"idOrVar","v":"colorFilter"}]},{"$i":"colorFilter-toggle","$v":[{"t":"idOrVar","v":"colorFilter"}]},{"$i":"screenReader-captions","$v":"读出屏幕"},{"$i":"screenReader-enable-msg","$v":"在屏幕阅读器启用时，您的设备将提供语音反馈，以此帮助盲人和视力低下的用户。"},{"$i":"screen-reader-speech-volume","$v":"语音音量"},{"$i":"screen-reader-speech-rate","$v":"语音速度"},{"$i":"screenReader-confirm-title-start","$v":"启动屏幕阅读器？"},{"$i":"screenReader-confirm-description-start","$v":"激活屏幕阅读器将改变你在触摸屏上的使用方式。手指触摸屏幕上的任何地方听取项目，然后点按两次激活。"},{"$i":"screenReader-confirm-button-start","$v":"启动"},{"$i":"screenReader-confirm-title-stop","$v":"停用屏幕阅读器？"},{"$i":"screenReader-confirm-description-stop","$v":"停用屏幕阅读器将终止所有语音反馈。"},{"$i":"screenReader-confirm-button-stop","$v":"停用"},{"$i":"colorFilter-invert","$v":"反转"},{"$i":"colorFilter-grayscale","$v":"灰度"},{"$i":"colorFilter-contrast","$v":"对比"},{"$i":"improveBrowserOS","$v":["改进 ",{"t":"idOrVar","v":"brandShortName"}]},{"$i":"improveBrowserOSTitle","$v":["改进 ",{"t":"idOrVar","v":"brandShortName"}]},{"$i":"sendMozillaFeedback","$v":"向 Mozilla 发送反馈"},{"$i":"performanceAndUsageData","$v":"性能和使用数据"},{"$i":"sharePerformanceAndUsageData","$v":"提交数据"},{"$i":"appUsageByRegion","$v":"App usage by region"},{"$i":"crashReports","$v":"崩溃报告"},{"$i":"crashReports-header","$v":[{"t":"idOrVar","v":"crashReports"}]},{"$i":"crashReportInfo","$v":"发生崩溃时向 Mozilla 发送报告可以帮助我们修复问题并惠及每个用户。报告仅会通过 Wi-Fi 发送。"},{"$i":"alwaysSendReport","$v":"总是发送报告"},{"$i":"neverSendReport","$v":"从不发送报告"},{"$i":"askToSendReport2","$v":"每次询问"},{"$i":"crash-reports-description-1","$v":"崩溃报告包含关于崩溃及您的设备的一些详细信息，相当于崩溃发生时您的设备的状态快照。"},{"$i":"crash-reports-description-2","$v":"这份报告可能包含像打开的页面和应用、输入到表单的文本和打开的信息的内容、最近的浏览历史记录或是打开的应用程序使用的地理位置定位信息等内容。"},{"$i":"crash-reports-description-3-start","$v":"我们使用崩溃报告尝试修复问题和改进我们的产品，我们处理您提交的信息时会遵照我们的"},{"$i":"crash-reports-description-3-privacy","$v":"隐私政策"},{"$i":"crash-reports-description-3-end","$v":"。"},{"$i":"sendFeedbackTitle","$v":"提交您的反馈意见"},{"$i":"feedback-description","$v":"您的反馈意见将有助于我们改进 Firefox OS。"},{"$i":"feedback-happy","$v":"开心"},{"$i":"feedback-sad","$v":"失望"},{"$i":"feedback-mood-description","$v":"您觉得如何？"},{"$i":"feedback_whyfeel_happy","$v":"您觉得开心的原因是？"},{"$i":"feedback_whyfeel_sad","$v":"您觉得失望的原因是？"},{"$i":"feedback-mood-explain","$v":"请告诉我们一些细节。"},{"$i":"feedback-public-description","$v":"您反馈的内容会被公开，请不要包含任何个人信息。"},{"$i":"feedback-contactyou","$v":"勾选此处以便我们通过电子邮件联系您。"},{"$i":"email-address1","$v":"电子邮件："},{"$i":"email-keepprivate","$v":"别担心，您的电子邮件地址将会被保密。"},{"$i":"feedback-sendbtn","$v":"提交反馈"},{"$i":"feedback-errormessage-connect-error","$v":"抱歉，由于数据连接错误，系统无法发送您的建议。请在问题解决后重试。"},{"$i":"feedback-errormessage-server-off","$v":"抱歉，因为服务器停机，系统无法发送您的建议。请在稍后重试。"},{"$i":"feedback-errormessage-timeout","$v":"抱歉，因为超时，系统无法发送您的建议。请在重启后重试。"},{"$i":"feedback-errormessage-wrong-email","$v":"抱歉，因为电子邮件地址缺失或者格式错误，系统无法发送您的建议。请使用一个有效的邮件地址并重试。"},{"$i":"feedback-errormessage-empty-comment","$v":"抱歉，因为评论框为空，系统无法发送您的建议。请在输入一些内容后重试。"},{"$i":"feedback-errormessage-just-sent","$v":"抱歉，因为您已经发送过反馈意见，系统无法发送您的建议。请在尝试过我们的下一次软件更新后在再试。"},{"$i":"feedback-complete-msg","$v":"感谢您的反馈！我们会利用这些在 Firefox OS 的未来版本中创造更好的体验。"},{"$i":"online-support","$v":"在线支持："},{"$i":"call-support","$v":"电话支持："},{"$i":"user-guide","$v":"用户指南"},{"$i":"default-support","$v":"请联系您的本地服务提供商获得客户支持。"},{"$i":"operatorServices","$v":"运营商服务"},{"$i":"operatorServices-help","$v":"帮助"},{"$i":"operatorServices-helpmenu","$v":"帮助菜单"},{"$i":"stkAppsNotAvailable","$v":"SIM 卡应用程序不可用。"},{"$i":"simToolkit","$v":"SIM 卡工具包"},{"$i":"stkItemsNaiSetUpCall","$v":"建立呼叫"},{"$i":"stkItemsNaiSendSs","$v":"发送 SS"},{"$i":"stkItemsNaiSendUssd","$v":"发送 USSD"},{"$i":"stkItemsNaiSendSms","$v":"发送短信"},{"$i":"stkItemsNaiSendDtmf","$v":"发送 DTMF"},{"$i":"stkItemsNaiLaunchBrowser","$v":"启动浏览器"},{"$i":"stkItemsNaiPlayTone","$v":"播放声音"},{"$i":"stkItemsNaiDisplayText","$v":"显示文本"},{"$i":"stkItemsNaiGetInkey","$v":"获取 Inkey"},{"$i":"stkItemsNaiGetInput","$v":"获得输入"},{"$i":"stkItemsNaiSelectItem","$v":"选择项目"},{"$i":"stkItemsNaiSetUpMenu","$v":"建立菜单"},{"$i":"stkItemsNaiProvideLocalInfo","$v":"提供本地信息"},{"$i":"stkItemsNaiSetIdleModeText","$v":"设置空闲模式文本"},{"$i":"stkItemsNaiPerformCardApdu","$v":"Perform Card APDU"},{"$i":"stkItemsNaiPowerOnCard","$v":"Power On Card"},{"$i":"stkItemsNaiPowerOffCard","$v":"Power Off Card"},{"$i":"stkItemsNaiGetReaderStatus","$v":"Get Reader Status"},{"$i":"stkItemsNaiOpenChannel","$v":"打开频道"},{"$i":"stkItemsNaiCloseChannel","$v":"关闭频道"},{"$i":"stkItemsNaiReceiveData","$v":"接收数据"},{"$i":"stkItemsNaiSendData","$v":"发送数据"},{"$i":"stkItemsNaiGetChannelStatus","$v":"获得频道状态"},{"$i":"stkItemsNaiEndOfTheProactiveSession","$v":"End of the proactive session"},{"$i":"is-warning-storage-header","$v":"USB 存储"},{"$i":"is-warning-tethering-header","$v":"USB 网络共享"},{"$i":"is-warning-wifi-header","$v":"Wi-Fi 热点"},{"$i":"is-warning-storage-tethering-message","$v":"启用 USB 存储将禁用 USB 网络共享。您要启用 USB 存储吗？"},{"$i":"is-warning-tethering-storage-message","$v":"启用 USB 网络共享将禁用 USB 存储。您要启用 USB 网络共享吗？"},{"$i":"is-warning-tethering-wifi-message","$v":"启用 USB 网络共享将禁用 Wi-Fi 热点。您要启用 USB 网络共享吗？"},{"$i":"is-warning-wifi-tethering-message","$v":"启用 Wi-Fi 热点将禁用 USB 网络共享。您要启用 Wi-Fi 热点吗？"},{"$i":"settings-dialog-alert","$v":"Alert"},{"$i":"settings-dialog-confirm","$v":"Confirm"},{"$i":"settings-dialog-prompt","$v":"Prompt"},{"$i":"settings-alert-dialog-header","$v":[{"t":"idOrVar","v":"settings-dialog-alert"}]},{"$i":"settings-confirm-dialog-header","$v":[{"t":"idOrVar","v":"settings-dialog-confirm"}]},{"$i":"settings-prompt-dialog-header","$v":[{"t":"idOrVar","v":"settings-dialog-prompt"}]},{"$i":"addons","$v":"Addons"},{"$i":"addons-header","$v":[{"t":"idOrVar","v":"addons"}]},{"$i":"change-device-name","$v":"更改手机名称"},{"$i":"internetSharing-usb-desc","$v":"使用已连接的 USB 设备共享我的手机的因特网连接。"},{"$i":"internetSharing-wifi-desc","$v":"允许其他设备通过 Wi-Fi 连接共享我的手机的互联网连接。"},{"$i":"unplayable-ringtone","$v":"因为所选择的文件不能在此手机上播放，铃声没有更改。"},{"$i":"findmydevice-signup-description","$v":"“查找我的设备”允许您定位、锁定或擦除您的手机"},{"$i":"findmydevice-settings-description","$v":"“查找我的设备”允许您定位、锁定或擦除您的手机，通过网站："},{"$i":"findmydevice-active-tracking","$v":"您的手机正被另一台设备通过网络跟踪。"},{"$i":"findmydevice-not-tracking","$v":"没有其他设备在通过网络跟踪您的手机。"},{"$i":"ums-confirm","$v":"启用 USB 存储允许其他计算机或设备通过 USB 连接来访问此手机上的文件。"},{"$i":"reset-device","$v":"重置手机"},{"$i":"reset-warning-body","$v":"重置将擦除您的所有数据，包括您已经购买的任何应用。这台手机将恢复到其出厂状态。您的设置和数据不会被保留。"},{"$i":"reset-devtools-warning-body","$v":"Resetting will erase all your data, including any apps you’ve purchased. None of your settings or data will be saved. But your phone will have unrestricted developer tools, allowing you to modify and debug system applications."},{"$i":"powerSave-explanation","$v":"开启省电模式将关闭手机的数据、蓝牙和地理位置定位连接以延长电池使用时间。您仍可以手动启用这些服务。"},{"$i":"performanceAndUsageDataInfo","$v":["分享有关您的手机与使用方式的数据，帮助我们改善 ",{"t":"idOrVar","v":"brandShortName"},"。"]},{"$i":"device-status-connected-device","$v":"已连接至手机音频"},{"$i":"device-status-connected-device-media","$v":"已连接至手机/媒体音频"}]