[{"$i":"stopped_download_title","$v":"已停止下載"},{"$i":"stopped_download_message","$v":"已經停止下載，要再試著下載一次嗎？"},{"$i":"stopped_download_left_button","$v":"取消"},{"$i":"stopped_download_right_button","$v":"重試"},{"$i":"failed_download_title","$v":"下載失敗"},{"$i":"failed_download_message","$v":[{"t":"idOrVar","v":"name"}," 下載失敗，要再試著下載一次嗎？"]},{"$i":"failed_download_left_button","$v":"取消"},{"$i":"failed_download_right_button","$v":"重試"},{"$i":"stop_download_title","$v":"停止下載"},{"$i":"stop_download_message","$v":"確定要停止下載嗎？"},{"$i":"stop_download_left_button","$v":"否"},{"$i":"stop_download_right_button","$v":"是"},{"$i":"delete_download_title","$v":"刪除"},{"$i":"delete_download_message","$v":["刪除 ",{"t":"idOrVar","v":"name"},"？"]},{"$i":"delete_download_left_button","$v":"取消"},{"$i":"delete_download_right_button","$v":"刪除"},{"$i":"delete_all_download_title","$v":"刪除"},{"$i":"delete_all_download_left_button","$v":"取消"},{"$i":"delete_all_download_right_button","$v":"刪除"},{"$i":"delete_all_download_message","$v":{"zero":"不刪除檔案？","one":"刪除 1 個檔案？","two":["刪除 ",{"t":"idOrVar","v":"number"}," 個檔案？"],"few":["刪除 ",{"t":"idOrVar","v":"number"}," 個檔案？"],"many":["刪除 ",{"t":"idOrVar","v":"number"}," 個檔案？"],"other":["刪除 ",{"t":"idOrVar","v":"number"}," 個檔案？"]},"$x":[{"t":"idOrVar","v":"plural"},"number"]},{"$i":"unsupported_file_type_download_title","$v":"無法開啟"},{"$i":"unsupported_file_type_download_message","$v":["沒有應用程式可開啟 ",{"t":"idOrVar","v":"name"},"。您想要儲存或刪除該檔案？"]},{"$i":"unsupported_file_type_download_left_button","$v":"保留檔案"},{"$i":"unsupported_file_type_download_right_button","$v":"刪除"},{"$i":"file_not_found_download_title","$v":"找不到檔案"},{"$i":"file_not_found_download_message","$v":"無法在裝置中找到該檔案"},{"$i":"file_not_found_download_right_button","$v":"確定"},{"$i":"unmounted_sdcard_2_download_title","$v":"記憶卡現正使用中"},{"$i":"unmounted_sdcard_2_download_message","$v":"拔除傳輸線"},{"$i":"unmounted_sdcard_2_download_right_button","$v":"確定"},{"$i":"no_provider_download_title","$v":"無法分享"},{"$i":"no_provider_download_message","$v":"找不到提供者"},{"$i":"no_provider_download_right_button","$v":"確定"},{"$i":"no_memory_download_title","$v":"SD 卡已滿"},{"$i":"no_memory_download_message","$v":"您的 SD 卡上已經沒有剩餘空間可以儲存下載檔案，請先移除一些檔案再重新下載。"},{"$i":"no_memory_download_right_button","$v":"確定"},{"$i":"no_sdcard_found_2_download_title","$v":"找不到記憶卡"},{"$i":"no_sdcard_found_2_download_message","$v":"插入記憶卡或在設定中選擇不同的預設媒體儲存位置"},{"$i":"no_sdcard_found_2_download_right_button","$v":"確定"},{"$i":"file_open_error_download_title","$v":"無法開啟"},{"$i":"file_open_error_download_message","$v":["開啟 ",{"t":"idOrVar","v":"name"}," 時發生問題。您想要儲存或刪除該檔案？"]},{"$i":"file_open_error_download_left_button","$v":"保留檔案"},{"$i":"file_open_error_download_right_button","$v":"刪除"},{"$i":"restart_download_error","$v":"重新開始下載時發生錯誤，請再次下載。"},{"$i":"no-downloads","$v":"沒有任何下載檔案"},{"$i":"byteUnit-B","$v":"B"},{"$i":"byteUnit-KB","$v":"KB"},{"$i":"byteUnit-MB","$v":"MB"},{"$i":"byteUnit-GB","$v":"GB"},{"$i":"byteUnit-TB","$v":"TB"},{"$i":"fileSize","$v":[{"t":"idOrVar","v":"size"}," ",{"t":"idOrVar","v":"unit"}]},{"$i":"percentage","$v":[{"t":"idOrVar","v":"percentage"}," %"]},{"$i":"partialResult","$v":["已下載 ",{"t":"idOrVar","v":"partial"},"，共 ",{"t":"idOrVar","v":"total"}]},{"$i":"summary","$v":[{"t":"idOrVar","v":"date"}," - ",{"t":"idOrVar","v":"status"}]},{"$i":"download-stopped","$v":"停止"},{"$i":"download-failed","$v":"下載失敗"},{"$i":"open_downloaded_file","$v":"開啟"},{"$i":"share_downloaded_file","$v":"分享"},{"$i":"wallpaper_downloaded_file","$v":"設為桌面背景"},{"$i":"ringtone_downloaded_file","$v":"設為鈴聲"},{"$i":"cancel_downloaded_file","$v":"取消"},{"$i":"brandShortName","$v":"B2G OS"},{"$i":"browserBrandShortName","$v":"Web Browser"},{"$i":"browserBrandFullName","$v":"Mozilla Web Browser"},{"$i":"ringtoneBrandName","$v":"Default"},{"$i":"ringtoneSectionBrandName","$v":"System"},{"$i":"weekday-0-long","$v":"星期日"},{"$i":"weekday-1-long","$v":"星期一"},{"$i":"weekday-2-long","$v":"星期二"},{"$i":"weekday-3-long","$v":"星期三"},{"$i":"weekday-4-long","$v":"星期四"},{"$i":"weekday-5-long","$v":"星期五"},{"$i":"weekday-6-long","$v":"星期六"},{"$i":"weekday-0-short","$v":"日"},{"$i":"weekday-1-short","$v":"一"},{"$i":"weekday-2-short","$v":"二"},{"$i":"weekday-3-short","$v":"三"},{"$i":"weekday-4-short","$v":"四"},{"$i":"weekday-5-short","$v":"五"},{"$i":"weekday-6-short","$v":"六"},{"$i":"month-0-long","$v":"一月"},{"$i":"month-1-long","$v":"二月"},{"$i":"month-2-long","$v":"三月"},{"$i":"month-3-long","$v":"四月"},{"$i":"month-4-long","$v":"五月"},{"$i":"month-5-long","$v":"六月"},{"$i":"month-6-long","$v":"七月"},{"$i":"month-7-long","$v":"八月"},{"$i":"month-8-long","$v":"九月"},{"$i":"month-9-long","$v":"十月"},{"$i":"month-10-long","$v":"十一月"},{"$i":"month-11-long","$v":"十二月"},{"$i":"month-0-genitive","$v":"1 月"},{"$i":"month-1-genitive","$v":"2 月"},{"$i":"month-2-genitive","$v":"3 月"},{"$i":"month-3-genitive","$v":"4 月"},{"$i":"month-4-genitive","$v":"5 月"},{"$i":"month-5-genitive","$v":"6 月"},{"$i":"month-6-genitive","$v":"7 月"},{"$i":"month-7-genitive","$v":"8 月"},{"$i":"month-8-genitive","$v":"9 月"},{"$i":"month-9-genitive","$v":"10 月"},{"$i":"month-10-genitive","$v":"11 月"},{"$i":"month-11-genitive","$v":"12 月"},{"$i":"month-0-short","$v":"1 月"},{"$i":"month-1-short","$v":"2 月"},{"$i":"month-2-short","$v":"3 月"},{"$i":"month-3-short","$v":"4 月"},{"$i":"month-4-short","$v":"5 月"},{"$i":"month-5-short","$v":"6 月"},{"$i":"month-6-short","$v":"7 月"},{"$i":"month-7-short","$v":"8 月"},{"$i":"month-8-short","$v":"9 月"},{"$i":"month-9-short","$v":"10 月"},{"$i":"month-10-short","$v":"11 月"},{"$i":"month-11-short","$v":"12 月"},{"$i":"minutes-ago-long","$v":{"zero":"剛剛","one":"1 分鐘前","two":[{"t":"idOrVar","v":"value"}," 分鐘前"],"few":[{"t":"idOrVar","v":"value"}," 分鐘前"],"many":[{"t":"idOrVar","v":"value"}," 分鐘前"],"other":[{"t":"idOrVar","v":"value"}," 分鐘前"]},"$x":[{"t":"idOrVar","v":"plural"},"value"]},{"$i":"hours-ago-long","$v":{"zero":"剛剛","one":"1 小時前","two":[{"t":"idOrVar","v":"value"}," 小時前"],"few":[{"t":"idOrVar","v":"value"}," 小時前"],"many":[{"t":"idOrVar","v":"value"}," 小時前"],"other":[{"t":"idOrVar","v":"value"}," 小時前"]},"$x":[{"t":"idOrVar","v":"plural"},"value"]},{"$i":"days-ago-long","$v":{"zero":"今天","one":"昨天","two":[{"t":"idOrVar","v":"value"}," 天前"],"few":[{"t":"idOrVar","v":"value"}," 天前"],"many":[{"t":"idOrVar","v":"value"}," 天前"],"other":[{"t":"idOrVar","v":"value"}," 天前"]},"$x":[{"t":"idOrVar","v":"plural"},"value"]},{"$i":"weeks-ago-long","$v":{"zero":"本週","one":"上週","two":[{"t":"idOrVar","v":"value"}," 週前"],"few":[{"t":"idOrVar","v":"value"}," 週前"],"many":[{"t":"idOrVar","v":"value"}," 週前"],"other":[{"t":"idOrVar","v":"value"}," 週前"]},"$x":[{"t":"idOrVar","v":"plural"},"value"]},{"$i":"months-ago-long","$v":{"zero":"本月","one":"上月","two":[{"t":"idOrVar","v":"value"}," 月前"],"few":[{"t":"idOrVar","v":"value"}," 月前"],"many":[{"t":"idOrVar","v":"value"}," 月前"],"other":[{"t":"idOrVar","v":"value"}," 月前"]},"$x":[{"t":"idOrVar","v":"plural"},"value"]},{"$i":"years-ago-long","$v":{"zero":"今年","one":"去年","two":[{"t":"idOrVar","v":"value"}," 年前"],"few":[{"t":"idOrVar","v":"value"}," 年前"],"many":[{"t":"idOrVar","v":"value"}," 年前"],"other":[{"t":"idOrVar","v":"value"}," 年前"]},"$x":[{"t":"idOrVar","v":"plural"},"value"]},{"$i":"minutes-until-long","$v":{"zero":"現在","one":"1 分鐘內","two":[{"t":"idOrVar","v":"value"}," 分鐘內"],"few":[{"t":"idOrVar","v":"value"}," 分鐘內"],"many":[{"t":"idOrVar","v":"value"}," 分鐘內"],"other":[{"t":"idOrVar","v":"value"}," 分鐘內"]},"$x":[{"t":"idOrVar","v":"plural"},"value"]},{"$i":"hours-until-long","$v":{"zero":"現在","one":"1 小時內","two":[{"t":"idOrVar","v":"value"}," 小時前"],"few":[{"t":"idOrVar","v":"value"}," 小時前"],"many":[{"t":"idOrVar","v":"value"}," 小時前"],"other":[{"t":"idOrVar","v":"value"}," 小時前"]},"$x":[{"t":"idOrVar","v":"plural"},"value"]},{"$i":"days-until-long","$v":{"zero":"今天","one":"明天","two":[{"t":"idOrVar","v":"value"}," 天內"],"few":[{"t":"idOrVar","v":"value"}," 天內"],"many":[{"t":"idOrVar","v":"value"}," 天內"],"other":[{"t":"idOrVar","v":"value"}," 天內"]},"$x":[{"t":"idOrVar","v":"plural"},"value"]},{"$i":"weeks-until-long","$v":{"zero":"本週","one":"下週","two":[{"t":"idOrVar","v":"value"}," 週內"],"few":[{"t":"idOrVar","v":"value"}," 週內"],"many":[{"t":"idOrVar","v":"value"}," 週內"],"other":[{"t":"idOrVar","v":"value"}," 週內"]},"$x":[{"t":"idOrVar","v":"plural"},"value"]},{"$i":"months-until-long","$v":{"zero":"本月","one":"下月","two":[{"t":"idOrVar","v":"value"}," 月內"],"few":[{"t":"idOrVar","v":"value"}," 月內"],"many":[{"t":"idOrVar","v":"value"}," 月內"],"other":[{"t":"idOrVar","v":"value"}," 月內"]},"$x":[{"t":"idOrVar","v":"plural"},"value"]},{"$i":"years-until-long","$v":{"zero":"今年","one":"明年","two":[{"t":"idOrVar","v":"value"}," 年內"],"few":[{"t":"idOrVar","v":"value"}," 年內"],"many":[{"t":"idOrVar","v":"value"}," 年內"],"other":[{"t":"idOrVar","v":"value"}," 年內"]},"$x":[{"t":"idOrVar","v":"plural"},"value"]},{"$i":"minutes-ago-short","$v":{"zero":"剛剛","other":[{"t":"idOrVar","v":"value"}," 分鐘前"]},"$x":[{"t":"idOrVar","v":"plural"},"value"]},{"$i":"hours-ago-short","$v":{"zero":"剛剛","other":[{"t":"idOrVar","v":"value"}," 小時前"]},"$x":[{"t":"idOrVar","v":"plural"},"value"]},{"$i":"days-ago-short","$v":{"zero":"今天","other":[{"t":"idOrVar","v":"value"}," 天前"]},"$x":[{"t":"idOrVar","v":"plural"},"value"]},{"$i":"minutes-until-short","$v":{"zero":"現在","other":[{"t":"idOrVar","v":"value"}," 分內"]},"$x":[{"t":"idOrVar","v":"plural"},"value"]},{"$i":"hours-until-short","$v":{"zero":"現在","other":[{"t":"idOrVar","v":"value"}," 時內"]},"$x":[{"t":"idOrVar","v":"plural"},"value"]},{"$i":"days-until-short","$v":{"zero":"今天","other":[{"t":"idOrVar","v":"value"}," 天內"]},"$x":[{"t":"idOrVar","v":"plural"},"value"]},{"$i":"incorrectDate","$v":"（日期不正確）"},{"$i":"dateTimeFormat_%c","$v":"%Y年%b%d日 %a %p %I:%M:%S"},{"$i":"dateTimeFormat_%x","$v":"%Y/%m/%d"},{"$i":"dateTimeFormat_%X","$v":"%p %I:%M:%S"},{"$i":"shortTimeFormat","$v":"%p %I:%M"},{"$i":"shortTimeFormat12","$v":"%p %I:%M"},{"$i":"shortTimeFormat24","$v":"%H:%M"},{"$i":"shortDateTimeFormat","$v":"%x %p %I:%M"},{"$i":"weekStartsOnMonday","$v":"1"},{"$i":"firstDayOfTheWeek","$v":"1"},{"$i":"time_am","$v":"上午"},{"$i":"time_pm","$v":"下午"},{"$i":"title-app","$v":"應用程式權限"},{"$i":"title-web","$v":"網站權限"},{"$i":"title-cam","$v":"選擇相機"},{"$i":"perm-alarms","$v":"設定鬧鐘"},{"$i":"perm-audio-capture","$v":"麥克風"},{"$i":"perm-audio-capture-appRequest","$v":["您想要與 ",{"t":"idOrVar","v":"app"}," 分享您的麥克風嗎？"]},{"$i":"perm-audio-capture-webRequest","$v":["您想要與 ",{"t":"idOrVar","v":"site"}," 分享您的麥克風嗎？"]},{"$i":"perm-audio-channel-content","$v":"播放音效"},{"$i":"perm-audio-channel-notification","$v":"播放通知音效"},{"$i":"perm-audio-channel-ringer","$v":"播放鈴聲"},{"$i":"perm-background-sensors","$v":"存取感測器資料"},{"$i":"perm-bluetooth","$v":"藍牙"},{"$i":"perm-browser","$v":"檢測網頁"},{"$i":"perm-camera","$v":"相機"},{"$i":"perm-camera-selector-appRequest","$v":["為 ",{"t":"idOrVar","v":"app"}," 選擇相機。"]},{"$i":"perm-camera-selector-webRequest","$v":["為 ",{"t":"idOrVar","v":"site"}," 選擇相機。"]},{"$i":"perm-cellbroadcast","$v":"區域廣播"},{"$i":"perm-contacts","$v":"聯絡人"},{"$i":"perm-contacts-appRequest","$v":[{"t":"idOrVar","v":"app"}," 想要存取您的聯絡人清單。"]},{"$i":"perm-contacts-webRequest","$v":[{"t":"idOrVar","v":"site"}," 想要存取您的聯絡人清單。"]},{"$i":"perm-desktop-notification","$v":"通知"},{"$i":"perm-desktop-notification-appRequest","$v":[{"t":"idOrVar","v":"app"}," 想要顯示通知。"]},{"$i":"perm-desktop-notification-webRequest","$v":[{"t":"idOrVar","v":"site"}," 想要顯示通知。"]},{"$i":"perm-device-storage-apps","$v":"應用程式儲存空間"},{"$i":"perm-device-storage-music","$v":"音樂儲存空間"},{"$i":"perm-device-storage-music-appRequest","$v":[{"t":"idOrVar","v":"app"}," 想要存取您的音樂。"]},{"$i":"perm-device-storage-music-webRequest","$v":[{"t":"idOrVar","v":"site"}," 想要存取您的音樂。"]},{"$i":"perm-device-storage-pictures","$v":"圖片儲存空間"},{"$i":"perm-device-storage-pictures-appRequest","$v":[{"t":"idOrVar","v":"app"}," 想要存取您的圖片。"]},{"$i":"perm-device-storage-pictures-webRequest","$v":[{"t":"idOrVar","v":"site"}," 想要存取您的圖片。"]},{"$i":"perm-device-storage-sdcard","$v":"記憶卡儲存空間"},{"$i":"perm-device-storage-sdcard-appRequest","$v":[{"t":"idOrVar","v":"app"}," 想要存取您的記憶卡。"]},{"$i":"perm-device-storage-sdcard-webRequest","$v":[{"t":"idOrVar","v":"site"}," 想要存取您的記憶卡。"]},{"$i":"perm-device-storage-videos","$v":"影片儲存空間"},{"$i":"perm-device-storage-videos-appRequest","$v":[{"t":"idOrVar","v":"app"}," 想要存取您的影片庫。"]},{"$i":"perm-device-storage-videos-webRequest","$v":[{"t":"idOrVar","v":"site"}," 想要存取您的影片庫。"]},{"$i":"perm-embed-apps","$v":"內嵌應用程式"},{"$i":"perm-fmradio","$v":"FM 收音機"},{"$i":"perm-fmradio-appRequest","$v":[{"t":"idOrVar","v":"app"}," 想要使用 FM 收音機。"]},{"$i":"perm-fmradio-webRequest","$v":[{"t":"idOrVar","v":"site"}," 想要使用 FM 收音機。"]},{"$i":"perm-geolocation","$v":"地理資訊"},{"$i":"perm-geolocation-appRequest","$v":[{"t":"idOrVar","v":"app"}," 想要知道您所在的地理位置。"]},{"$i":"perm-geolocation-more-info","$v":[{"t":"idOrVar","v":"brandShortName"}," 將會使用諸如 GPS、Wi-Fi、與您附近的數據網路基地台等資料來幫助判斷您的大略位置。這些資料將會傳送到 Mozilla 與其他的服務提供者，並結合起來改善位置資料庫的準確度。這些資料可能也會儲存在您的裝置上；就算沒有執行程式時也可能會收集這些資料。"]},{"$i":"perm-geolocation-webRequest","$v":[{"t":"idOrVar","v":"site"}," 想要知道您所在的地理位置。"]},{"$i":"perm-idle","$v":"檢視閒置狀態"},{"$i":"perm-indexedDB-chrome-settings","$v":"有權限的 IndexedDB"},{"$i":"perm-indexedDB-unlimited","$v":"無限 IndexedDB 儲存空間"},{"$i":"perm-input-manage","$v":"管理鍵盤"},{"$i":"perm-input","$v":"輸入文字"},{"$i":"perm-media-capture","$v":"相機與麥克風"},{"$i":"perm-media-capture-appRequest","$v":["您想要與 ",{"t":"idOrVar","v":"app"}," 分享您的相機與麥克風嗎？"]},{"$i":"perm-media-capture-webRequest","$v":["您想要與 ",{"t":"idOrVar","v":"site"}," 分享您的相機與麥克風嗎？"]},{"$i":"perm-mobileconnection","$v":"行動連線"},{"$i":"perm-mobileid","$v":"行動識別"},{"$i":"perm-network-events","$v":"網路事件"},{"$i":"perm-open-remote-window","$v":"啟動程式"},{"$i":"perm-permissions","$v":"修改應用程式權限"},{"$i":"perm-power","$v":"電源設定"},{"$i":"perm-settings","$v":"修改設定"},{"$i":"perm-systemXHR","$v":"跨來源請求"},{"$i":"perm-telephony","$v":"通話"},{"$i":"perm-video-capture","$v":"相機"},{"$i":"perm-video-capture-appRequest","$v":["您想要與 ",{"t":"idOrVar","v":"app"}," 分享您的相機嗎？"]},{"$i":"perm-video-capture-webRequest","$v":["您想要與 ",{"t":"idOrVar","v":"site"}," 分享您的相機嗎？"]},{"$i":"perm-voicemail","$v":"控制語音信箱"},{"$i":"perm-webapps-manage","$v":"安裝 Webapp"},{"$i":"perm-wifi-manage","$v":"管理 Wi-Fi"},{"$i":"perm-attention","$v":"覆疊視窗"},{"$i":"perm-audio-channel-alarm","$v":"播放警示音效"},{"$i":"perm-audio-channel-normal","$v":"播放音效"},{"$i":"perm-audio-channel-publicnotification","$v":"播放公開通知音效"},{"$i":"perm-audio-channel-telephony","$v":"播放通話語音"},{"$i":"perm-backgroundservice","$v":"成為背景服務"},{"$i":"perm-device-storage-crashes","$v":"儲存錯誤資料"},{"$i":"perm-downloads","$v":"存取下載項目"},{"$i":"perm-embed-widgets","$v":"嵌入小工具"},{"$i":"perm-feature-detection","$v":"功能偵測"},{"$i":"perm-firefox-accounts","$v":"Firefox 帳號"},{"$i":"perm-mobilenetwork","$v":"行動網路"},{"$i":"perm-moz-attention","$v":"覆疊視窗 (moz)"},{"$i":"perm-moz-audio-channel-ringer","$v":"播放鈴聲 (moz)"},{"$i":"perm-moz-audio-channel-telephony","$v":"播放通話語音 (moz)"},{"$i":"perm-moz-firefox-accounts","$v":"Firefox 帳號 (moz)"},{"$i":"perm-networkstats-manage","$v":"控制使用量統計資料"},{"$i":"perm-nfc","$v":"NFC"},{"$i":"perm-nfc-hci-events","$v":"NFC HCI 事件"},{"$i":"perm-nfc-manager","$v":"管理 NFC"},{"$i":"perm-phonenumberservice","$v":"電話號碼服務"},{"$i":"perm-push","$v":"推送 API"},{"$i":"perm-resourcestats-manage","$v":"資源統計"},{"$i":"perm-sms","$v":"收發簡訊"},{"$i":"perm-speaker-control","$v":"控制音量"},{"$i":"perm-storage","$v":"存取儲存空間"},{"$i":"perm-tcp-socket","$v":"TCP Sockets"},{"$i":"perm-test-permission","$v":"測試用權限"},{"$i":"perm-time","$v":"設定日期與時間"},{"$i":"perm-udp-socket","$v":"UDP Sockets"},{"$i":"perm-wappush","$v":"WAP 推播"},{"$i":"tz-region","$v":"區域"},{"$i":"tz-city","$v":"城市"},{"$i":"tzRegion-Africa","$v":"非洲"},{"$i":"tzRegion-America","$v":"美洲"},{"$i":"tzRegion-Antarctica","$v":"南極洲"},{"$i":"tzRegion-Asia","$v":"亞洲"},{"$i":"tzRegion-Atlantic","$v":"大西洋"},{"$i":"tzRegion-Australia","$v":"澳洲"},{"$i":"tzRegion-Europe","$v":"歐洲"},{"$i":"tzRegion-Indian","$v":"印度洋"},{"$i":"tzRegion-Pacific","$v":"太平洋"},{"$i":"ringtone-none","$v":"無"},{"$i":"ringer_bubble","$v":"Bubble"},{"$i":"ringer_chimer","$v":"Chimer"},{"$i":"ringer_cunning","$v":"Cunning"},{"$i":"ringer_dulco","$v":"Dulco"},{"$i":"ringer_firefox2","$v":[{"t":"idOrVar","v":"ringtoneBrandName"}]},{"$i":"ringer_garden","$v":"Garden"},{"$i":"ringer_marbled","$v":"Marbled"},{"$i":"ringer_opti","$v":"Opti"},{"$i":"ringer_pecko","$v":"Pecko"},{"$i":"ringer_pingy","$v":"Pingy"},{"$i":"ringer_poppop","$v":"Pop Pop"},{"$i":"ringer_sata","$v":"Sata"},{"$i":"ringer_simple","$v":"Clean"},{"$i":"ringer_standard1","$v":"Classic"},{"$i":"ringer_standard2","$v":"Classic Fast"},{"$i":"ringer_stutter","$v":"Stutter"},{"$i":"ringer_symmetry","$v":"Symmetry"},{"$i":"ringer_tailwind","$v":"Tail Wind"},{"$i":"ringer_thoughtful","$v":"Thoughtful"},{"$i":"ringer_wit","$v":"Wit"},{"$i":"ringer_zen","$v":"Zen"},{"$i":"notifier_bells","$v":"Bells"},{"$i":"notifier_bloom","$v":"Bloom"},{"$i":"notifier_chime","$v":"Chime"},{"$i":"notifier_clicka","$v":"Clicka"},{"$i":"notifier_digi","$v":"Digi"},{"$i":"notifier_dropplet","$v":"Dropplet"},{"$i":"notifier_firefox2","$v":[{"t":"idOrVar","v":"ringtoneBrandName"}]},{"$i":"notifier_hello","$v":"Hello"},{"$i":"notifier_lowmarble","$v":"Low Marble"},{"$i":"notifier_ping","$v":"Ping"},{"$i":"notifier_plickle","$v":"Plickle"},{"$i":"notifier_pocko","$v":"Pocko"},{"$i":"notifier_quado","$v":"Quado"},{"$i":"notifier_red","$v":"Red"},{"$i":"notifier_sato","$v":"Sato"},{"$i":"notifier_swipo","$v":"Swipo"},{"$i":"notifier_trickleup","$v":"Trickle Up"},{"$i":"notifier_trink","$v":"Trink"},{"$i":"notifier_verse","$v":"Verse"},{"$i":"settings","$v":"設定"},{"$i":"advancedSettings","$v":"進階設定"},{"$i":"default","$v":"預設"},{"$i":"enabled","$v":"啟用"},{"$i":"enable","$v":"啟用"},{"$i":"disabled","$v":"停用"},{"$i":"error","$v":"錯誤"},{"$i":"ok","$v":"確定"},{"$i":"yes","$v":"開"},{"$i":"no","$v":"關"},{"$i":"reset","$v":"重設"},{"$i":"cancel","$v":"取消"},{"$i":"close","$v":"關閉"},{"$i":"back","$v":"上一頁"},{"$i":"continue","$v":"繼續"},{"$i":"skip","$v":"略過"},{"$i":"pair","$v":"配對"},{"$i":"add","$v":"新增"},{"$i":"done","$v":"完成"},{"$i":"set","$v":"設定"},{"$i":"notNow","$v":"現在不要"},{"$i":"turnOn","$v":"開啟"},{"$i":"selectASIMCard","$v":"選擇一張 SIM 卡"},{"$i":"sim1","$v":"SIM 1"},{"$i":"sim2","$v":"SIM 2"},{"$i":"unavailable","$v":"無法使用"},{"$i":"confirmation","$v":"確認"},{"$i":"simSettingsWithIndex","$v":["SIM ",{"t":"idOrVar","v":"index"}," 設定"]},{"$i":"networkAndConnectivity","$v":"網路連線"},{"$i":"airplaneMode","$v":"飛航模式"},{"$i":"geolocation","$v":"地理資訊"},{"$i":"wifi","$v":"Wi-Fi"},{"$i":"wifi-header","$v":[{"t":"idOrVar","v":"wifi"}]},{"$i":"wifi-disabled","$v":"開啟 Wi-Fi 以檢視可用的網路。"},{"$i":"availableNetworks","$v":"可用網路"},{"$i":"knownNetworks","$v":"已知網路"},{"$i":"hiddenNetworks","$v":"隱藏網路"},{"$i":"scanning","$v":"搜尋中…"},{"$i":"scanNetworks","$v":"再次搜尋"},{"$i":"fullStatus-initializing","$v":"起始中…"},{"$i":"fullStatus-connecting","$v":["正在連線到 ",{"t":"idOrVar","v":"ssid"},"…"]},{"$i":"fullStatus-associated","$v":"正在取得 IP 地址…"},{"$i":"fullStatus-connected","$v":["已連線到 ",{"t":"idOrVar","v":"ssid"}]},{"$i":"fullStatus-connectingfailed","$v":"連線失敗"},{"$i":"fullStatus-disconnected","$v":"離線"},{"$i":"shortStatus-connecting","$v":"連線中…"},{"$i":"shortStatus-associated","$v":"正在取得 IP 地址…"},{"$i":"shortStatus-connected","$v":"已連線"},{"$i":"shortStatus-connectingfailed","$v":"連線失敗"},{"$i":"shortStatus-disconnected","$v":"離線"},{"$i":"wifi-sleep","$v":"Wi-Fi 睡眠"},{"$i":"wifi-sleep-description","$v":"開啟此功能以在睡眠期間關閉 Wi-Fi 以節省電池電力。"},{"$i":"manageNetworks","$v":"管理網路"},{"$i":"wifi-bad-credentials-title","$v":"無法連線至 Wi-Fi"},{"$i":"wifi-bad-credentials-confirm","$v":["金鑰錯誤無法連線至 ",{"t":"idOrVar","v":"ssid"},"。請重新輸入網路金鑰。"]},{"$i":"manageNetworks-header","$v":[{"t":"idOrVar","v":"manageNetworks"}]},{"$i":"manageCertificates","$v":"管理憑證"},{"$i":"manageCert","$v":"管理憑證"},{"$i":"joinHiddenNetwork","$v":"加入隱藏網路"},{"$i":"securedBy","$v":["使用 ",{"t":"idOrVar","v":"capabilities"}," 加密"]},{"$i":"security","$v":"安全性"},{"$i":"securityNone","$v":"無"},{"$i":"securityOpen","$v":"開放"},{"$i":"notInRange","$v":"不在範圍中"},{"$i":"ipAddress","$v":"IP 地址"},{"$i":"linkSpeed","$v":"連線速度"},{"$i":"linkSpeedMbs","$v":[{"t":"idOrVar","v":"linkSpeed"}," Mbit/s"]},{"$i":"signalStrength","$v":"訊號強度"},{"$i":"signalLevel0","$v":"非常弱"},{"$i":"signalLevel1","$v":"弱"},{"$i":"signalLevel2","$v":"普通"},{"$i":"signalLevel3","$v":"好"},{"$i":"signalLevel4","$v":"非常好"},{"$i":"forget","$v":"忘記"},{"$i":"forgetNetwork-dialog","$v":"忘掉網路？"},{"$i":"forgetNetwork-confirmation","$v":"確認"},{"$i":"authentication","$v":"認證"},{"$i":"authentication-header","$v":[{"t":"idOrVar","v":"authentication"}]},{"$i":"eap","$v":"EAP 方式"},{"$i":"auth-phase2","$v":"第二階段驗證"},{"$i":"server-certificate","$v":"伺服器憑證"},{"$i":"import-certificate-msg","$v":"注意: 若您需要匯入新憑證，請到「管理憑證」。"},{"$i":"identity","$v":"識別"},{"$i":"password","$v":"密碼"},{"$i":"showPassword","$v":"顯示密碼"},{"$i":"networkNotification","$v":"網路通知"},{"$i":"networkNotification-expl","$v":"在有可用的開放網路時通知我"},{"$i":"macAddress","$v":"MAC 地址"},{"$i":"deviceInfo_software","$v":[{"t":"idOrVar","v":"brandShortName"}," ",{"t":"idOrVar","v":"os"}]},{"$i":"macUnavailable","$v":"無法使用"},{"$i":"noNetworksFound","$v":"找不到網路"},{"$i":"noKnownNetworks","$v":"沒有已知的網路"},{"$i":"edit","$v":"編輯"},{"$i":"certificateList","$v":"憑證清單"},{"$i":"noCertificate","$v":"沒有已匯入的憑證"},{"$i":"deleteCertificate","$v":"刪除憑證"},{"$i":"importCertificate","$v":"匯入憑證"},{"$i":"selectCertificateFile","$v":"選擇憑證檔案"},{"$i":"enterCertificateNickname","$v":"輸入憑證暱稱"},{"$i":"nickname","$v":"暱稱"},{"$i":"enter-certificate-name-msg","$v":"您可以修改此暱稱或保留預設名稱。"},{"$i":"certificate-deletion-failed","$v":"憑證刪除失敗"},{"$i":"certificate-deletion-failed-description","$v":"舉例來說，這可能是儲存空間有問題。"},{"$i":"certificate-import-failed","$v":"憑證匯入失敗"},{"$i":"certificate-import-failed-description","$v":"舉例來說，此憑證檔案可能已毀損。"},{"$i":"wpsMessage","$v":"使用 WPS 連線"},{"$i":"wpsMessage-header","$v":[{"t":"idOrVar","v":"wpsMessage"}]},{"$i":"fullStatus-wps-inprogress","$v":"正在使用 WPS 連線…"},{"$i":"fullStatus-wps-canceled","$v":"已取消 WPS 連線"},{"$i":"fullStatus-wps-timedout","$v":"WPS 逾時"},{"$i":"fullStatus-wps-failed-error","$v":["WPS 失敗 [",{"t":"idOrVar","v":"error"},"]"]},{"$i":"fullStatus-wps-overlapped","$v":"找到另一個 WPS PBC AP。"},{"$i":"wpsDescription2","$v":"Wi-Fi 自動設定"},{"$i":"wpsMethodSelection","$v":"選擇 WPS 方式:"},{"$i":"wpsPbcLabel","$v":"使用按鈕進行連線"},{"$i":"wpsMyPinLabel","$v":"使用我的 PIN 進行連線"},{"$i":"wpsApPinLabel","$v":"使用基地台的 PIN 進行連線"},{"$i":"wpsPinDescription","$v":"PIN 碼為四或八位數字長"},{"$i":"wpsPinInput","$v":["在另一台裝置輸入 ",{"t":"idOrVar","v":"pin"}]},{"$i":"wpsPinAps","$v":"選擇另一台裝置"},{"$i":"wpsAnyAp","$v":"任何"},{"$i":"wpsCancelMessage","$v":"取消 WPS"},{"$i":"wpsCancelFailedMessageError","$v":["WPS 取消失敗 [",{"t":"idOrVar","v":"error"},"]"]},{"$i":"callSettings","$v":"通話選項"},{"$i":"callSettings-header","$v":[{"t":"idOrVar","v":"callSettings"}]},{"$i":"callSettingsQuery","$v":"正在取得網路資訊…"},{"$i":"callSettingsQueryError","$v":"查詢時發生錯誤"},{"$i":"voiceMail","$v":"語音信箱"},{"$i":"voiceMail-header","$v":[{"t":"idOrVar","v":"voiceMail"}]},{"$i":"voiceMail-number","$v":"語音信箱號碼"},{"$i":"voiceMail-number-notSet","$v":"未設定"},{"$i":"voicePrivacyMode","$v":"語音保密模式"},{"$i":"callWaiting","$v":"來電等待"},{"$i":"confirmCallWaitingTitle","$v":"無法確認來電等待偏好設定"},{"$i":"confirmCallWaitingDesc","$v":"此裝置目前無法聯絡電信業者，請試著再設定一次。"},{"$i":"callForwarding","$v":"通話轉接"},{"$i":"callForwarding-header","$v":[{"t":"idOrVar","v":"callForwarding"}]},{"$i":"callForwardingForward","$v":"轉接"},{"$i":"callForwardingUnconditional","$v":"總是轉接"},{"$i":"callForwardingUnconditionalShort","$v":"總是"},{"$i":"callForwardingMobileBusy","$v":"忙線時轉接"},{"$i":"callForwardingMobileBusyShort","$v":"忙線時"},{"$i":"callForwardingNoReply","$v":"未接聽時轉接"},{"$i":"callForwardingNoReplyShort","$v":"未接聽時"},{"$i":"callForwardingNotReachable","$v":"無訊號時轉接"},{"$i":"callForwardingNotReachableShort","$v":"無訊號時"},{"$i":"callForwardingForwardingVoiceToNumber","$v":["語音來電至 ",{"t":"idOrVar","v":"number"}]},{"$i":"callForwardingNotForwarding","$v":"停用"},{"$i":"callForwardingConfirmTitle","$v":"通話轉接確認訊息"},{"$i":"cf-alwaysUseThisNumber","$v":"總是使用此號碼"},{"$i":"cf-numberWhenUnreachable","$v":"無訊號時轉接至"},{"$i":"cf-numberWhenUnanswered","$v":"未接時轉接至"},{"$i":"cf-numberWhenBusy","$v":"忙線時轉接至"},{"$i":"callForwardingInvalidNumberError","$v":"此電話號碼無效。"},{"$i":"callForwardingSetSuccess","$v":"成功設定操作。"},{"$i":"callForwardingSetForbidden","$v":"您的電信業者不支援該操作。"},{"$i":"callForwardingSetError","$v":"通話選項錯誤"},{"$i":"callerId","$v":"發話號碼"},{"$i":"callBarring","$v":"通話限制"},{"$i":"callBarring-header","$v":[{"t":"idOrVar","v":"callBarring"}]},{"$i":"callBarring-outgoing","$v":"撥號"},{"$i":"callBarring-baoc","$v":"全部"},{"$i":"callBarring-boic","$v":"國際通話"},{"$i":"callBarring-boicExhc","$v":"國際通話，除了母國"},{"$i":"callBarring-incoming","$v":"來電通話"},{"$i":"callBarring-baic","$v":"全部"},{"$i":"callBarring-baicR","$v":"全部，僅於漫遊時"},{"$i":"callBarring-passcode","$v":"解鎖碼"},{"$i":"callBarring-change-passcode","$v":"修改解鎖碼"},{"$i":"callBarring-passcode-enter","$v":"輸入解鎖碼"},{"$i":"callBarring-passcode-unknown","$v":"若您不知道您的解鎖碼，請聯絡您的電信業者"},{"$i":"callBarring-current-passcode","$v":"目前的解鎖碼"},{"$i":"callBarring-new-passcode","$v":"新的解鎖碼"},{"$i":"callBarring-create-passcode","$v":"建立解鎖碼"},{"$i":"callBarring-confirm-passcode","$v":"確認解鎖碼"},{"$i":"callBarring-passcode-error-generic","$v":"解鎖碼錯誤。"},{"$i":"callBarring-passcode-error-incorrect","$v":"解鎖碼不正確。"},{"$i":"callBarring-passcode-error-mismatch","$v":"解鎖碼不相同。"},{"$i":"callBarring-update-item-error","$v":["更新下列項目時發生錯誤: ",{"t":"idOrVar","v":"error"},"。"]},{"$i":"callBarring-change-passcode-success","$v":"已變更解鎖碼。"},{"$i":"callerId-default","$v":"網路預設值"},{"$i":"callerId-hide","$v":"隱藏號碼"},{"$i":"callerId-show","$v":"顯示號碼"},{"$i":"fdn","$v":"固定撥號號碼"},{"$i":"fdnSettings","$v":"固定撥號號碼"},{"$i":"fdnSettings-header","$v":[{"t":"idOrVar","v":"fdnSettings"}]},{"$i":"fdn-authorizedNumbers","$v":"可撥打的號碼"},{"$i":"fdn-authorizedNumbers-header","$v":[{"t":"idOrVar","v":"fdn-authorizedNumbers"}]},{"$i":"fdn-authorizedNumbers-desc","$v":"可以撥打的號碼清單"},{"$i":"fdn-explanation1","$v":"限制這支手機可撥打到那些號碼。"},{"$i":"fdn-explanation2","$v":"（總是可以撥打緊急號碼）"},{"$i":"fdnEnable","$v":"啟用固定撥號"},{"$i":"fdnDisable","$v":"停用固定撥號"},{"$i":"fdnReset","$v":"重設 PIN2"},{"$i":"fdnAttemptMsg3","$v":{"one":"這是您最後一次輸入正確 PIN 碼的機會。若您這次輸入的 PIN 碼還是錯誤，您的 SIM 卡將會被鎖定。","two":["您還有 ",{"t":"idOrVar","v":"n"}," 次輸入正確 PIN 碼的機會。若您一直輸入錯誤的 PIN 碼，您的 SIM 卡將會被鎖定。"],"few":["您還有 ",{"t":"idOrVar","v":"n"}," 次輸入正確 PIN 碼的機會。若您一直輸入錯誤的 PIN 碼，您的 SIM 卡將會被鎖定。"],"many":["您還有 ",{"t":"idOrVar","v":"n"}," 次輸入正確 PIN 碼的機會。若您一直輸入錯誤的 PIN 碼，您的 SIM 卡將會被鎖定。"],"other":["您還有 ",{"t":"idOrVar","v":"n"}," 次輸入正確 PIN 碼的機會。若您一直輸入錯誤的 PIN 碼，您的 SIM 卡將會被鎖定。"]},"$x":[{"t":"idOrVar","v":"plural"},"n"]},{"$i":"fdnLastChanceMsg","$v":"這是您最後一次輸入正確 PIN2 碼的機會，否則您將需要輸入 PUK2 碼才能使用此 SIM 卡。"},{"$i":"fdnErrorMsg","$v":"PIN2 碼不正確"},{"$i":"fdn-enabled-warning","$v":"固定撥號停用通話轉接。"},{"$i":"fdnContact-name","$v":"姓名"},{"$i":"fdnContact-number","$v":"號碼"},{"$i":"fdnContact-submit","$v":"送出"},{"$i":"fdnAction-add","$v":"新增聯絡人"},{"$i":"fdnAction-call","$v":"撥號"},{"$i":"fdnAction-edit","$v":"編輯聯絡人"},{"$i":"fdnAction-edit-header","$v":"編輯聯絡人"},{"$i":"fdnAction-delete","$v":"刪除聯絡人"},{"$i":"fdnNoFDNFreeRecord","$v":"固定撥號清單已滿，您無法新增更多帳號。"},{"$i":"messagingSettings","$v":"訊息選項"},{"$i":"messagingSettings-header","$v":[{"t":"idOrVar","v":"messagingSettings"}]},{"$i":"message-confirmation","$v":"簡訊確認"},{"$i":"message-delivery-reports","$v":"傳送報告"},{"$i":"message-delivery-reports-details","$v":"為每封傳送的簡訊請求送達通知"},{"$i":"message-read-reports","$v":"讀取回條"},{"$i":"message-read-reports-details","$v":"為每封傳送的簡訊請求讀取回條"},{"$i":"mmsTitle","$v":"多媒體訊息 (MMS)"},{"$i":"auto-retrieve","$v":"自動取回"},{"$i":"auto-retrieve-details","$v":"自動取回訊息"},{"$i":"manual-retrieve","$v":"關閉"},{"$i":"auto-roaming-retrieve","$v":"開啟，漫遊時取回"},{"$i":"auto-no-roaming-retrieve","$v":"開啟，漫遊時不取回"},{"$i":"autoConfigure","$v":"自動設定"},{"$i":"wapPushMessages","$v":"WAP 推播訊息"},{"$i":"wapPush","$v":"WAP 推播"},{"$i":"cellBroadcastMessages","$v":"區域廣播訊息"},{"$i":"cellBroadcast","$v":"區域廣播"},{"$i":"emergencyAlert","$v":"緊急通知"},{"$i":"messagingInformation","$v":"資訊"},{"$i":"messaging-SMSC","$v":"簡訊中心"},{"$i":"messaging-sim-settings","$v":["SIM ",{"t":"idOrVar","v":"index"}," 設定"]},{"$i":"unknown-SMSC","$v":"無法取得資訊"},{"$i":"cellularAndData","$v":"通話與數據連線"},{"$i":"cellularAndData-header","$v":[{"t":"idOrVar","v":"cellularAndData"}]},{"$i":"dataNetwork","$v":"電信業者"},{"$i":"dataConnectivity","$v":"數據"},{"$i":"dataConnection","$v":"數據連線"},{"$i":"dataRoaming","$v":"數據漫遊"},{"$i":"networkOperator","$v":"網路營運商"},{"$i":"networkOperator-header","$v":[{"t":"idOrVar","v":"networkOperator"}]},{"$i":"availableOperators","$v":"訊號範圍內的網路業者"},{"$i":"preferredNetworkTypeAlertTitle","$v":"偏好的網路類型"},{"$i":"preferredNetworkTypeAlertErrorMessage","$v":"無法設定網路類型"},{"$i":"operator-networkType","$v":"網路類型"},{"$i":"operator-networkType-auto","$v":"自動"},{"$i":"operator-networkType-prefer3G","$v":"偏好使用 3G"},{"$i":"operator-networkType-2G","$v":"僅 2G"},{"$i":"operator-networkType-3G","$v":"僅 3G"},{"$i":"operator-networkType-GSM","$v":"GSM"},{"$i":"operator-networkType-WCDMA","$v":"WCDMA"},{"$i":"operator-networkType-CDMA","$v":"CDMA"},{"$i":"operator-networkType-EVDO","$v":"EVDO"},{"$i":"operator-networkType-LTE","$v":"LTE"},{"$i":"operator-networkType-preferWCDMA","$v":"偏好 WCDMA"},{"$i":"operator-networkType-auto-2G-3G","$v":"自動切換（2G/3G）"},{"$i":"operator-networkType-auto-CDMA-EVDO","$v":"自動切換（CDMA/EVDO）"},{"$i":"operator-networkType-auto-WCDMA-GSM","$v":"自動切換（WCDMA/GSM）"},{"$i":"operator-networkType-auto-LTE-WCDMA-GSM","$v":"自動切換（LTE/WCDMA/GSM）"},{"$i":"operator-networkType-auto-LTE-CDMA-EVDO","$v":"自動切換（LTE/CDMA/EVDO）"},{"$i":"operator-networkType-auto-WCDMA-GSM-CDMA-EVDO","$v":"自動切換（WCDMA/GSM/CDMA/EVDO）"},{"$i":"operator-autoSelect","$v":"自動選擇"},{"$i":"operator-networkSelect-auto","$v":"自動"},{"$i":"operator-networkSelect-manual","$v":"手動"},{"$i":"operator-turnAutoSelectOff","$v":"關閉自動選擇以檢視可用的網路業者。"},{"$i":"operator-status-connecting","$v":"連線中…"},{"$i":"operator-status-connectingfailed","$v":"連線失敗"},{"$i":"operator-status-connected","$v":"已連線"},{"$i":"operator-roamingPreference","$v":"漫遊偏好"},{"$i":"operator-roamingPreference-home","$v":"僅原有業者"},{"$i":"operator-roamingPreference-any","$v":"任何"},{"$i":"operator-roamingPreference-affiliated","$v":"合作業者"},{"$i":"apn","$v":"APN"},{"$i":"apnSettings","$v":"APN 選項"},{"$i":"apnSettings-header","$v":[{"t":"idOrVar","v":"apnSettings"}]},{"$i":"dataSettings","$v":"數據選項"},{"$i":"dataSettings-header","$v":[{"t":"idOrVar","v":"dataSettings"}]},{"$i":"suplSettings","$v":"AGPS 選項"},{"$i":"suplSettings-header","$v":[{"t":"idOrVar","v":"suplSettings"}]},{"$i":"messageSettings","$v":"訊息選項"},{"$i":"messageSettings-header","$v":[{"t":"idOrVar","v":"messageSettings"}]},{"$i":"dunSettings","$v":"行動網路分享選項"},{"$i":"dunSettings-header","$v":[{"t":"idOrVar","v":"dunSettings"}]},{"$i":"imsSettings","$v":"IMS 選項"},{"$i":"imsSettings-header2","$v":[{"t":"idOrVar","v":"imsSettings"}]},{"$i":"apn-editor-header","$v":"APN 編輯器"},{"$i":"mmsport","$v":"MMS 埠"},{"$i":"mmsproxy","$v":"MMS Proxy"},{"$i":"mmsc","$v":"MMSC"},{"$i":"httpProxyHost","$v":"HTTP Proxy 主機"},{"$i":"httpProxyPort","$v":"HTTP Proxy 埠號"},{"$i":"custom","$v":"(自訂選項)"},{"$i":"apn-authType","$v":"認證"},{"$i":"apn-authType-notDefined","$v":"未定義"},{"$i":"apn-authType-none","$v":"無"},{"$i":"apn-authType-pap","$v":"PAP"},{"$i":"apn-authType-chap","$v":"CHAP"},{"$i":"apn-authType-papOrChap","$v":"PAP 或 CHAP"},{"$i":"apn-protocol","$v":"通訊協定"},{"$i":"apn-roaming-protocol","$v":"漫遊協定"},{"$i":"apn-protocol-notDefined","$v":"未定義"},{"$i":"apn-protocol-ip","$v":"IPv4"},{"$i":"apn-protocol-ipv6","$v":"IPv6"},{"$i":"apn-protocol-ipv4v6","$v":"IPv4/IPv6"},{"$i":"apn-type","$v":"APN 類型"},{"$i":"dataConnection-warning-head","$v":"開啟數據連線？"},{"$i":"dataConnection-warning-message","$v":"應用程式將會在需要時自動透過數據連線取得資料，數據連線可能需要付費。"},{"$i":"dataRoaming-warning-head","$v":"開啟數據漫遊？"},{"$i":"dataRoaming-warning-message","$v":"視您的服務合約而定，您在漫遊區中時可能會被收取更多費用。"},{"$i":"change-apn-warning-message1","$v":"視您與電信商簽署的合約而定，調整 APN 設定可能會造成您在漫遊時被額外收費，您要繼續嗎？"},{"$i":"reset-apn-warning-title","$v":"重設為預設值"},{"$i":"reset-apn-warning-message","$v":"將會把選項重設回預設值，無法還原此操作。"},{"$i":"state-unknown","$v":"狀態未知"},{"$i":"state-available","$v":"有空"},{"$i":"state-connected","$v":"已連線"},{"$i":"state-current","$v":"已連線"},{"$i":"state-forbidden","$v":"狀態未知"},{"$i":"delete-apn-confirm","$v":"要刪除此 APN？"},{"$i":"delete-apn","$v":"刪除"},{"$i":"add-apn","$v":"新增 APN"},{"$i":"reset-apn","$v":"重設為預設值"},{"$i":"apnSettings-reset","$v":"重設 APN 選項"},{"$i":"bluetooth","$v":"藍牙"},{"$i":"bluetooth-header","$v":[{"t":"idOrVar","v":"bluetooth"}]},{"$i":"bluetooth-enable-msg","$v":"開啟藍牙以檢視附近的裝置。"},{"$i":"bluetooth-paired-devices","$v":"已配對裝置"},{"$i":"bluetooth-devices-in-area","$v":"附近的裝置"},{"$i":"bluetooth-visible-to-all","$v":"讓所有人可見"},{"$i":"bluetooth-name-maxlength-alert","$v":["您的裝置名稱超過 ",{"t":"idOrVar","v":"length"}," 字元，請重試。"]},{"$i":"bluetooth-address","$v":"藍牙地址"},{"$i":"bluetooth-address-unavailable","$v":"無法使用"},{"$i":"bt-status-nopaired","$v":"沒有已經配對的裝置"},{"$i":"bt-status-turnoff","$v":"已關閉"},{"$i":"bt-status-paired","$v":{"zero":[{"t":"idOrVar","v":"name"}],"one":[{"t":"idOrVar","v":"name"},"，還有 ",{"t":"idOrVar","v":"n"}," 個"],"two":[{"t":"idOrVar","v":"name"},"，還有 ",{"t":"idOrVar","v":"n"}," 個"],"few":[{"t":"idOrVar","v":"name"},"，還有 ",{"t":"idOrVar","v":"n"}," 個"],"many":[{"t":"idOrVar","v":"name"},"，還有 ",{"t":"idOrVar","v":"n"}," 個"],"other":[{"t":"idOrVar","v":"name"},"，還有 ",{"t":"idOrVar","v":"n"}," 個"]},"$x":[{"t":"idOrVar","v":"plural"},"n"]},{"$i":"device-status-tap-connect","$v":"點擊以連線"},{"$i":"device-status-pairing","$v":"正在配對…"},{"$i":"device-status-waiting","$v":"正在等待另一台裝置…"},{"$i":"device-status-paired","$v":"已配對"},{"$i":"device-status-connecting","$v":"連線中…"},{"$i":"device-status-connected","$v":"已連線"},{"$i":"device-status-connected-media","$v":"已連結至媒體音訊"},{"$i":"device-option-unpair","$v":"取消配對"},{"$i":"device-option-confirm","$v":"確認"},{"$i":"device-option-unpair-confirmation","$v":"確認"},{"$i":"device-option-unpair-device","$v":"取消配對裝置？"},{"$i":"device-option-connect","$v":"連線"},{"$i":"device-option-disconnect","$v":"取消連線"},{"$i":"search-for-device","$v":"正在搜尋裝置…"},{"$i":"search-device","$v":"搜尋裝置"},{"$i":"rename-device","$v":"修改我的裝置名稱"},{"$i":"unnamed-device","$v":"未知的裝置"},{"$i":"change-phone-name-desc","$v":"修改您的裝置要顯示在電腦裡的名稱"},{"$i":"bluetooth-new-name","$v":"新增名稱"},{"$i":"error-pair-title","$v":"無法與裝置配對"},{"$i":"error-pair-pincode","$v":"無法與裝置配對。請確定 PIN 正確。"},{"$i":"error-pair-toofast","$v":"太多請求，無法與裝置配對。"},{"$i":"error-connect-title","$v":"無法連線到裝置"},{"$i":"error-connect-msg","$v":"請確定您想要連線到的裝置還在附近，藍牙也仍然開啟。"},{"$i":"unpair-title","$v":"取消已連線裝置的配對？"},{"$i":"unpair-msg","$v":"您目前已連接到此裝置。取消配對的同時也將會取消連線。"},{"$i":"nfc","$v":"NFC"},{"$i":"SSIDCannotBeEmpty","$v":"SSID 不得為空"},{"$i":"internetSharing","$v":"分享網路"},{"$i":"internetSharing-header","$v":[{"t":"idOrVar","v":"internetSharing"}]},{"$i":"internetSharing-usb","$v":"USB"},{"$i":"internetSharing-wifi","$v":"Wi-Fi"},{"$i":"wifi-hotspot","$v":"Wi-Fi 熱點"},{"$i":"wifi-name","$v":"名稱"},{"$i":"wifi-password","$v":"密碼"},{"$i":"wifi-security","$v":"安全性"},{"$i":"usb-tethering","$v":"USB 網路分享"},{"$i":"hotspotSettings","$v":"熱點選項"},{"$i":"wifi-auth-username","$v":"使用者名稱"},{"$i":"wifi-auth-password","$v":"密碼"},{"$i":"wifi-join-username","$v":"使用者名稱"},{"$i":"wifi-join-password","$v":"密碼"},{"$i":"hotspotSettings-header","$v":[{"t":"idOrVar","v":"hotspotSettings"}]},{"$i":"ssid-name","$v":"SSID 網路名稱"},{"$i":"hotspot-open","$v":"開放"},{"$i":"hotspot-wpa-psk","innerHTML":"WPA (TKIP)"},{"$i":"hotspot-wpa2-psk","innerHTML":"WPA2 (AES)"},{"$i":"hotspot-password-desc","$v":"密碼必須有至少八個字元。"},{"$i":"personalization","$v":"個人化"},{"$i":"sound","$v":"音效"},{"$i":"sound-header","$v":[{"t":"idOrVar","v":"sound"}]},{"$i":"volume","$v":"音量"},{"$i":"tones","$v":"音效"},{"$i":"touch-tones","$v":"觸控音效"},{"$i":"touch-tone-short","$v":"短"},{"$i":"touch-tone-long","$v":"長"},{"$i":"select-tone","$v":"選擇音效"},{"$i":"ringtones","$v":"鈴聲"},{"$i":"alerts","$v":"警示"},{"$i":"manage-tones","$v":"管理鈴聲"},{"$i":"other-sounds","$v":"其他音效"},{"$i":"unlock-screen","$v":"解鎖畫面"},{"$i":"camera","$v":"相機"},{"$i":"sent-message","$v":"傳送簡訊"},{"$i":"alarm-sound","$v":"鬧鐘"},{"$i":"ringtone-and-notification-sound","$v":"鈴聲與通知音效"},{"$i":"media-sound","$v":"媒體"},{"$i":"saving-tone","$v":"儲存中…"},{"$i":"no-ringtone-app","$v":"找不到用來管理鈴聲的應用程式！"},{"$i":"display","$v":"顯示"},{"$i":"display-header","$v":[{"t":"idOrVar","v":"display"}]},{"$i":"brightness","$v":"亮度"},{"$i":"brightness-autoAdjust","$v":"自動調整"},{"$i":"lockScreen","$v":"鎖定畫面"},{"$i":"wallpaper","$v":"桌面背景"},{"$i":"screen-timeout","$v":"螢幕關閉時間"},{"$i":"one-minute","$v":"1 分鐘"},{"$i":"two-minutes","$v":"2 分鐘"},{"$i":"five-minutes","$v":"5 分鐘"},{"$i":"ten-minutes","$v":"10 分鐘"},{"$i":"never","$v":"永不"},{"$i":"lock-orientation","$v":"鎖定方向"},{"$i":"navigation","$v":"導覽"},{"$i":"navigation-header","$v":[{"t":"idOrVar","v":"navigation"}]},{"$i":"edge-swipe-navigation","$v":"邊界滑動切換程式"},{"$i":"edge-swipe-navigation-enable-msg","$v":"在螢幕左或右邊界滑動以切換程式。"},{"$i":"notifications","$v":"通知"},{"$i":"notifications-header","$v":[{"t":"idOrVar","v":"notifications"}]},{"$i":"lockscreen-notifications","$v":"顯示於鎖定畫面"},{"$i":"notifications-resend","$v":"重新開機後顯示"},{"$i":"dateAndTime","$v":"日期與時間"},{"$i":"dateAndTime-header","$v":[{"t":"idOrVar","v":"dateAndTime"}]},{"$i":"setTimeAutomatically","$v":"自動設定"},{"$i":"setTimeManually","$v":"手動設定"},{"$i":"timezoneMessage","$v":"時區"},{"$i":"dateMessage","$v":"日期"},{"$i":"timeMessage","$v":"時間"},{"$i":"selectTimezoneContinent","$v":"選擇您所在的陸塊"},{"$i":"selectTimezone","$v":"選擇時區"},{"$i":"time-format","$v":"格式"},{"$i":"time-format-time","$v":"時間格式"},{"$i":"hour-12","$v":"12 小時制"},{"$i":"hour-24","$v":"24 小時制"},{"$i":"languageAndRegion","$v":"語言與地區選項"},{"$i":"language","$v":"語言"},{"$i":"language-header","$v":[{"t":"idOrVar","v":"language"}]},{"$i":"region","$v":"區域"},{"$i":"more-languages","$v":"取得更多語言"},{"$i":"sample-format","$v":"範例格式"},{"$i":"longDateFormat","$v":"%Y 年 %b %d 日 %A"},{"$i":"simManager","$v":"SIM 卡管理員"},{"$i":"simManager-header","$v":[{"t":"idOrVar","v":"simManager"}]},{"$i":"simSettings","$v":"SIM 卡設定"},{"$i":"sim-manager-outgoing-calls","$v":"撥打電話"},{"$i":"sim-manager-outgoing-call-desc","$v":"通話將撥出自:"},{"$i":"sim-manager-outgoing-messages","$v":"簡訊傳送"},{"$i":"sim-manager-outgoing-messages-desc","$v":"簡訊將傳送自:"},{"$i":"sim-manager-outgoing-data","$v":"數據"},{"$i":"sim-manager-outgoing-data-description","$v":"數據服務網路與 Marketplace 付款"},{"$i":"sim-manager-always-ask","$v":"每次詢問"},{"$i":"sim-pin-locked","$v":"SIM PIN 已鎖定"},{"$i":"no-operator","$v":"無電信業者"},{"$i":"cant-disable-simcard-alert","$v":"須至少啟用一張 SIM 卡"},{"$i":"disable-simcard-confirm","$v":["SIM 卡 ",{"t":"idOrVar","v":"disableCardIndex"}," 無法接收任何來電及簡訊，將停用來自 SIM 卡 ",{"t":"idOrVar","v":"disableCardIndex"}," 的通話與簡訊。"]},{"$i":"change-outgoing-data-confirm","$v":"將中斷目前的數據連線，是否要繼續？"},{"$i":"homescreen","$v":"主畫面"},{"$i":"vertical-homescreen-header","$v":"主畫面"},{"$i":"vertical-homescreen-layout","$v":"版面"},{"$i":"vertical-homescreen-icon-layout","$v":"圖示版面"},{"$i":"vertical-homescreen-three-columns","$v":"三欄"},{"$i":"vertical-homescreen-four-columns","$v":"四欄"},{"$i":"notice","$v":"注意"},{"$i":"search","$v":"搜尋"},{"$i":"search-header","$v":"搜尋"},{"$i":"search-engine","$v":"搜尋引擎"},{"$i":"search-suggestions","$v":"搜尋建議"},{"$i":"search-suggestions-description","$v":"在您輸入要搜尋的字串時，將會把您的搜尋字串傳送到不同的搜尋引擎以回傳搜尋建議。使用此功能可能會被收取網路傳輸費用。"},{"$i":"homescreens","$v":"主畫面"},{"$i":"homescreens-header","$v":[{"t":"idOrVar","v":"homescreens"}]},{"$i":"changeHomescreen","$v":"修改主畫面"},{"$i":"changeHomescreenButton","$v":"變更"},{"$i":"description","$v":"描述"},{"$i":"keyboardSettings","$v":"鍵盤選項"},{"$i":"selectedKeyboards","$v":"已選擇的鍵盤"},{"$i":"keyboards","$v":"鍵盤"},{"$i":"keyboards-header","$v":[{"t":"idOrVar","v":"keyboards"}]},{"$i":"numberKeyboardLayouts","$v":"數字鍵配置"},{"$i":"optionKeyboardLayouts","$v":"其他鍵盤配置"},{"$i":"keypad","$v":"數字鍵盤"},{"$i":"dialpad","$v":"撥號鍵盤"},{"$i":"selectKeyboards","$v":"選擇鍵盤"},{"$i":"selectKeyboards-header","$v":[{"t":"idOrVar","v":"selectKeyboards"}]},{"$i":"mustHaveOneKeyboard","$v":["至少需要選擇一種 ",{"t":"idOrVar","v":"type"}," 類型的鍵盤"]},{"$i":"keyboardType-text","$v":"文字"},{"$i":"keyboardType-url","$v":"網址"},{"$i":"keyboardType-number","$v":"號碼"},{"$i":"defaultKeyboardEnabled","$v":["已將 ",{"t":"idOrVar","v":"appName"}," ",{"t":"idOrVar","v":"layoutName"}," 設定為預設輸入法"]},{"$i":"themes","$v":"佈景主題"},{"$i":"themes-header","$v":[{"t":"idOrVar","v":"themes"}]},{"$i":"fxa","$v":"Firefox 帳號"},{"$i":"accounts","$v":"帳號"},{"$i":"fxa-accounts","$v":"Firefox 帳號"},{"$i":"fxa-accounts-header","$v":[{"t":"idOrVar","v":"fxa-accounts"}]},{"$i":"fxa-overview","$v":"您可以透過 Firefox 帳號使用 Find My Device 之類的功能，並到 Firefox Marketplace 安裝程式。"},{"$i":"fxa-invitation","$v":"註冊帳號或登入"},{"$i":"fxa-confirm-account","$v":"確認您的帳號"},{"$i":"fxa-verification-email-sent-msg","$v":["我們將寄信到: ",{"t":"idOrVar","v":"email"}]},{"$i":"fxa-please-verify","$v":"請點擊確認信中的驗證鏈結以確認您的帳號。"},{"$i":"fxa-cancel-confirmation","$v":"取消確認帳號"},{"$i":"fxa-resend-alert","$v":["驗證鏈結已傳送至 ",{"t":"idOrVar","v":"email"},"。"]},{"$i":"fxa-dont-see-email","$v":["沒收到信嗎？",{"t":"idOrVar","v":"resend"},"。"]},{"$i":"fxa-resend","$v":"重新傳送"},{"$i":"fxa-about","$v":"關於"},{"$i":"fxa-logged-in-text","$v":["已登入為 ",{"t":"idOrVar","v":"email"}]},{"$i":"fxa-signed-in-header","$v":"已登入"},{"$i":"fxa-marketplace-app","$v":"Marketplace"},{"$i":"fxa-find-my-device-app","$v":"Find My Device"},{"$i":"fxa-options","$v":"選項"},{"$i":"fxa-sign-out","$v":"登出"},{"$i":"fxa-confirm-email","$v":["請確認 ",{"t":"idOrVar","v":"email"}]},{"$i":"findmydevice","$v":"Find My Device"},{"$i":"findmydevice-create-account","$v":"註冊帳號或登入"},{"$i":"findmydevice-enable","$v":"啟用 Find My Device"},{"$i":"findmydevice-about","$v":"關於 Find My Device"},{"$i":"findmydevice-enable-geolocation-prompt","$v":"啟用地理定位功能？"},{"$i":"findmydevice-enable-geolocation-description","$v":"要檢視您裝置的位置，您必須啟用地理位置追蹤。"},{"$i":"findmydevice-geolocation-enabled","$v":"已啟用地理定位"},{"$i":"findmydevice-enable-network","$v":"此裝置目前已離線，請連線到網路再試一次。"},{"$i":"findmydevice-error","$v":"Find My Device 發生錯誤。"},{"$i":"findmydevice-please-try","$v":"請再試一次。"},{"$i":"findmydevice-please-tap","$v":"點擊此處再試一次。"},{"$i":"privacyAndSecurity","$v":"隱私與安全性"},{"$i":"passcode-lock","$v":"密碼鎖"},{"$i":"passcode-lock-desc","$v":["解鎖碼: ",{"t":"idOrVar","v":"code"}]},{"$i":"screenLock","$v":"螢幕鎖"},{"$i":"screenLock-header","$v":[{"t":"idOrVar","v":"screenLock"}]},{"$i":"simSecurity","$v":"SIM 安全性"},{"$i":"simSecurity-header","$v":[{"t":"idOrVar","v":"simSecurity"}]},{"$i":"appPermissions","$v":"應用程式權限"},{"$i":"appPermissions-header","$v":[{"t":"idOrVar","v":"appPermissions"}]},{"$i":"author","$v":"作者"},{"$i":"permissions","$v":"權限"},{"$i":"revoke","$v":"註銷"},{"$i":"ask","$v":"詢問"},{"$i":"deny","$v":"拒絕"},{"$i":"allow","$v":"允許"},{"$i":"uninstallApp","$v":"移除應用程式"},{"$i":"phone","$v":"電話"},{"$i":"messages","$v":"訊息"},{"$i":"vibrate","$v":"震動"},{"$i":"ring","$v":"鈴聲"},{"$i":"change","$v":"變更"},{"$i":"create","$v":"建立"},{"$i":"create-a-passcode","$v":"建立解鎖碼"},{"$i":"passcode","$v":"解鎖碼"},{"$i":"passcode-heading","$v":"解鎖碼"},{"$i":"enter-passcode","$v":"輸入解鎖碼"},{"$i":"new-passcode","$v":"新的解鎖碼"},{"$i":"current-passcode","$v":"目前的解鎖碼"},{"$i":"incorrect-passcode","$v":"解鎖碼不正確。"},{"$i":"passcode-doesnt-match","$v":"輸入的解鎖碼不同，請重試。"},{"$i":"confirm-passcode","$v":"確認解鎖碼"},{"$i":"immediately","$v":"立即"},{"$i":"after-one-minute","$v":"1 分鐘後"},{"$i":"after-five-minutes","$v":"5 分鐘後"},{"$i":"after-fifteen-minutes","$v":"15 分鐘後"},{"$i":"after-thirty-minutes","$v":"30 分鐘後"},{"$i":"after-one-hour","$v":"1 小時後"},{"$i":"require-passcode","$v":"關閉螢幕後鎖定時間"},{"$i":"change-passcode","$v":"修改解鎖碼"},{"$i":"noSimCard","$v":"未插入 SIM 卡"},{"$i":"simPin","$v":"SIM PIN"},{"$i":"simPin2","$v":"SIM PIN2"},{"$i":"simPinWithIndex","$v":["SIM ",{"t":"idOrVar","v":"index"}," PIN"]},{"$i":"pukCode","$v":"PUK 碼"},{"$i":"puk2Code","$v":"PUK2 碼"},{"$i":"whatIsSimPin","$v":"SIM PIN 是什麼?"},{"$i":"simPinIntro1","$v":"SIM PIN 阻止了手機存取行動數據網路。開啟 PIN 時，任何插入了 SIM 卡的裝置將會在重開機時向您詢問 PIN 碼。"},{"$i":"simPinIntro2","$v":"SIM 卡的 PIN 碼與用來解鎖裝置的解鎖碼不同。"},{"$i":"changeSimPin","$v":"修改 PIN 碼"},{"$i":"simPinChangedSuccessfully","$v":"成功變更 SIM PIN"},{"$i":"simPinChangedSuccessfullyWithIndex","$v":["成功變更 SIM ",{"t":"idOrVar","v":"index"}," PIN"]},{"$i":"pinTitle","$v":"輸入 SIM PIN 碼"},{"$i":"pin2Title","$v":"輸入 SIM PIN2 碼"},{"$i":"pukTitle","$v":"輸入 PUK 碼"},{"$i":"puk2Title","$v":"輸入 PUK2 碼"},{"$i":"newpinTitle","$v":"設定 PIN 碼"},{"$i":"inputCodeRetriesLeft","$v":{"one":"最後一次機會。","two":["還有 ",{"t":"idOrVar","v":"n"}," 次機會。"],"few":["還有 ",{"t":"idOrVar","v":"n"}," 次機會。"],"many":["還有 ",{"t":"idOrVar","v":"n"}," 次機會。"],"other":["還有 ",{"t":"idOrVar","v":"n"}," 次機會。"]},"$x":[{"t":"idOrVar","v":"plural"},"n"]},{"$i":"pinAttemptMsg3","$v":{"one":"這是您最後一次輸入正確 PIN 碼的機會。若您這次輸入的 PIN 碼還是錯誤，您的 SIM 卡將會被鎖定。","two":["您還有 ",{"t":"idOrVar","v":"n"}," 次輸入正確 PIN 碼的機會。若您一直輸入錯誤的 PIN 碼，您的 SIM 卡將會被鎖定。"],"few":["您還有 ",{"t":"idOrVar","v":"n"}," 次輸入正確 PIN 碼的機會。若您一直輸入錯誤的 PIN 碼，您的 SIM 卡將會被鎖定。"],"many":["您還有 ",{"t":"idOrVar","v":"n"}," 次輸入正確 PIN 碼的機會。若您一直輸入錯誤的 PIN 碼，您的 SIM 卡將會被鎖定。"],"other":["您還有 ",{"t":"idOrVar","v":"n"}," 次輸入正確 PIN 碼的機會。若您一直輸入錯誤的 PIN 碼，您的 SIM 卡將會被鎖定。"]},"$x":[{"t":"idOrVar","v":"plural"},"n"]},{"$i":"pinLastChanceMsg","$v":"這是您最後一次能輸入正確 PIN 碼的機會。否則您必須輸入 PUK 碼才能使用此 SIM 卡。"},{"$i":"simCardLockedMsg","$v":"SIM 卡已鎖定。"},{"$i":"simCardBlockedMsg","$v":"SIM 卡已被封鎖。"},{"$i":"enterPukMsg","$v":"您必須輸入 SIM 卡的 PUK 碼。若需更多資訊，請參考您的 SIM 卡文件或洽詢您的電信業者。"},{"$i":"enterPuk2Msg","$v":"您必須輸入 SIM 卡的個人解鎖碼 (PUK2)。請參考您的 SIM 文件或聯絡您的電信業者以取得更多資訊。"},{"$i":"pukErrorMsg","$v":"PUK 碼不正確。"},{"$i":"pukAttemptMsg3","$v":{"one":"您只剩下最後一次輸入正確 PUK 碼的機會，若您這次輸入的 PUK 碼還是錯誤，您的 SIM 卡將會永久無法使用。請參考您的 SIM 卡文件或聯絡您的電信業者以取得更多資訊。","two":["您還有 ",{"t":"idOrVar","v":"n"}," 次機會可以輸入正確的 PUK 解鎖碼，否則此 SIM 卡將永久失效。若需更多資訊，請參考您的 SIM 卡文件或洽詢您的電信業者。"],"few":["您還有 ",{"t":"idOrVar","v":"n"}," 次機會可以輸入正確的 PUK 解鎖碼，否則此 SIM 卡將永久失效。若需更多資訊，請參考您的 SIM 卡文件或洽詢您的電信業者。"],"many":["您還有 ",{"t":"idOrVar","v":"n"}," 次機會可以輸入正確的 PUK 解鎖碼，否則此 SIM 卡將永久失效。若需更多資訊，請參考您的 SIM 卡文件或洽詢您的電信業者。"],"other":["您還有 ",{"t":"idOrVar","v":"n"}," 次機會可以輸入正確的 PUK 解鎖碼，否則此 SIM 卡將永久失效。若需更多資訊，請參考您的 SIM 卡文件或洽詢您的電信業者。"]},"$x":[{"t":"idOrVar","v":"plural"},"n"]},{"$i":"pukLastChanceMsg","$v":"這是您最後一次能輸入正確 PUK 解鎖碼的機會。若您這次還是輸入錯誤，您的 SIM 將會永久失效。若需更多資訊，請參考您的 SIM 卡文件或洽詢您的電信業者。"},{"$i":"newSimPinMsg","$v":"設定 PIN（須包含 4 ~ 8 碼數字）"},{"$i":"newSimPin2Msg","$v":"建立 PIN2 碼 (必須包含 4 到 8 位數)"},{"$i":"confirmNewSimPinMsg","$v":"確認新 PIN 碼"},{"$i":"confirmNewSimPin2Msg","$v":"確認新的 PIN2 碼"},{"$i":"newPinErrorMsg","$v":"輸入的 PIN 不相同。"},{"$i":"simLockedPhone","$v":"電話 SIM 卡鎖定"},{"$i":"unknownSimCardState","$v":"未知 SIM 卡狀態"},{"$i":"simCardNotReady","$v":"SIM 卡未就緒"},{"$i":"simCardIllegal","$v":"未授權的 SIM 卡"},{"$i":"doNotTrack","$v":"不要追蹤我"},{"$i":"doNotTrack-header","$v":[{"t":"idOrVar","v":"doNotTrack"}]},{"$i":"doNotTrackActions","$v":"告訴網站與應用程式我不想被追蹤"},{"$i":"allowTracking","$v":"告訴網站與應用程式我想被追蹤"},{"$i":"doNotHavePrefOnTracking","$v":"不要告訴網站與應用程式我的追蹤偏好"},{"$i":"doNotTrack-dt","$v":"Do Not Track 的原理是什麼？"},{"$i":"doNotTrack-dd1","$v":"當您開啟「不要追蹤我」功能後，您的裝置將會告訴所有網站與應用程式（以及廣告商和其他的內容提供者）您不想要讓您的瀏覽行為被記錄下來。"},{"$i":"doNotTrack-dd2","$v":"開啟「不要追蹤我」不會影響您登入網站的功能，也不會讓您的裝置自動忘記您的個人隱私資訊 — 諸如購物車、位置資訊、以及登入資訊等等。"},{"$i":"browsingPrivacy","$v":"瀏覽隱私"},{"$i":"browsingPrivacy-header","$v":[{"t":"idOrVar","v":"browsingPrivacy"}]},{"$i":"confirm-clear-title","$v":"確認"},{"$i":"clear-browsing-history","$v":"清除瀏覽紀錄"},{"$i":"confirm-clear-browsing-history","$v":"是否要清除瀏覽紀錄？"},{"$i":"clear-cookies-and-stored-data","$v":"清除 Cookie 與儲存的資料"},{"$i":"confirm-clear-cookies-and-stored-data","$v":"是否要清除此裝置上儲存的 Cookie 與其他由網站所儲存的資料？"},{"$i":"clear","$v":"清除"},{"$i":"privacy-controls","$v":"隱私控制"},{"$i":"no-privacy-panel","$v":"找不到隱私面板程式"},{"$i":"storage","$v":"儲存空間"},{"$i":"enableUSBStorage1","$v":"USB 儲存空間"},{"$i":"umsUnplugToDisable","$v":"拔除 USB 纜線以停用"},{"$i":"appStorage","$v":"應用程式儲存空間"},{"$i":"appStorage-header","$v":[{"t":"idOrVar","v":"appStorage"}]},{"$i":"storageSize","$v":[{"t":"idOrVar","v":"size"}," ",{"t":"idOrVar","v":"unit"}]},{"$i":"availableSize","$v":{"zero":[{"t":"idOrVar","v":"size"}," ",{"t":"idOrVar","v":"unit"}," 可用"],"one":[{"t":"idOrVar","v":"size"}," ",{"t":"idOrVar","v":"unit"}," 可用"],"two":[{"t":"idOrVar","v":"size"}," ",{"t":"idOrVar","v":"unit"}," 可用"],"few":[{"t":"idOrVar","v":"size"}," ",{"t":"idOrVar","v":"unit"}," 可用"],"many":[{"t":"idOrVar","v":"size"}," ",{"t":"idOrVar","v":"unit"}," 可用"],"other":[{"t":"idOrVar","v":"size"}," ",{"t":"idOrVar","v":"unit"}," 可用"]},"$x":[{"t":"idOrVar","v":"plural"},"size"]},{"$i":"apps-total-space","$v":"全部可用空間"},{"$i":"apps-used-space","$v":"已用空間"},{"$i":"apps-free-space","$v":"剩餘空間"},{"$i":"storage-details","$v":"圖片、影片與音樂皆與應用程式分開儲存。請參考媒體儲存空間以取得更多資訊。"},{"$i":"ums-shared-volumes","$v":["已分享 ",{"t":"idOrVar","v":"list"}," 儲存空間"]},{"$i":"transferProtocol-header","$v":"傳輸通訊協定"},{"$i":"protocol-mtp","$v":"媒體傳輸通訊協定 (MTP)"},{"$i":"protocol-ums","$v":"USB 大量儲存空間 (UMS)"},{"$i":"mediaStorage","$v":"媒體儲存空間"},{"$i":"mediaStorage-header","$v":[{"t":"idOrVar","v":"mediaStorage"}]},{"$i":"storage-name-internal","$v":"內部儲存空間"},{"$i":"storage-name-external-0","$v":"SD 卡儲存空間"},{"$i":"storage-name-external-1","$v":"SD 卡儲存空間 2"},{"$i":"short-storage-name-internal","$v":"內部"},{"$i":"short-storage-name-external-0","$v":"SD 卡"},{"$i":"short-storage-name-external-1","$v":"SD 卡 2"},{"$i":"music-space","$v":"音樂"},{"$i":"pictures-space","$v":"圖片"},{"$i":"videos-space","$v":"影片"},{"$i":"left-space","$v":"剩餘空間"},{"$i":"free-space","$v":"剩餘空間"},{"$i":"total-space","$v":"全部可用空間"},{"$i":"size-not-available","$v":"無法使用"},{"$i":"no-storage","$v":"找不到儲存空間"},{"$i":"advanced","$v":"進階"},{"$i":"ums-warning-title","$v":"啟用 USB 儲存空間？"},{"$i":"default-media-location","$v":"預設媒體位置"},{"$i":"default-media-location-msg","$v":"選擇相片、影片、音樂與下載資料預設要儲存於什麼地方。"},{"$i":"change-default-media-location-confirmation","$v":"修改預設媒體儲存空間位置將會影響媒體檔案預設的儲存位置，現有的資料將會保存在目前的位置不變。您想要繼續嗎？"},{"$i":"eject-sdcard-external-0","$v":"退出 SD 卡"},{"$i":"eject-sdcard-external-1","$v":"退出 SD 卡 2"},{"$i":"format-sdcard-internal","$v":"格式化內部儲存空間"},{"$i":"format-sdcard-external-0","$v":"格式化 SD 卡"},{"$i":"format-sdcard-external-1","$v":"退出 SD 卡 2"},{"$i":"formatting","$v":"正在格式化…"},{"$i":"unmount-sdcard-confirmation","$v":"解除掛載後您將無法再存取 SD 卡上的內容，您要繼續嗎？"},{"$i":"format-sdcard-title","$v":"格式化 SD 卡"},{"$i":"format-sdcard-message","$v":"將會清除您 SD 卡上包含音樂與相片等所有資料。"},{"$i":"format-sdcard-internal-title","$v":"格式化內部儲存空間"},{"$i":"format-sdcard-internal-message","$v":"將會抹除所有儲存在您的內部儲存空間中的資料，例如音樂、相片等等。"},{"$i":"format-sdcard-btnformat","$v":"格式化"},{"$i":"sdcardUnmounted","$v":"已解除掛載 SD 卡"},{"$i":"device","$v":"裝置"},{"$i":"help","$v":"說明"},{"$i":"deviceInfo","$v":"裝置資訊"},{"$i":"deviceInfo-header","$v":[{"t":"idOrVar","v":"deviceInfo"}]},{"$i":"deviceInfo-IMEI","$v":"IMEI"},{"$i":"deviceInfo-ICCID","$v":"ICCID"},{"$i":"deviceInfo-MSISDN","$v":"電話號碼"},{"$i":"deviceInfo-ICCID-unavailable-sim","$v":["SIM ",{"t":"idOrVar","v":"index"},": 無法使用"]},{"$i":"downloads","$v":"下載項目"},{"$i":"downloads-header","$v":[{"t":"idOrVar","v":"downloads"}]},{"$i":"unknown-phoneNumber","$v":"未知"},{"$i":"unknown-phoneNumber-sim","$v":["SIM ",{"t":"idOrVar","v":"index"},": 未知"]},{"$i":"gitInfo","$v":"Git Commit Info"},{"$i":"developer","$v":"開發者"},{"$i":"developer-header","$v":[{"t":"idOrVar","v":"developer"}]},{"$i":"hud-settings-button","$v":"開發者 HUD"},{"$i":"hud-settings-header","$v":[{"t":"idOrVar","v":"hud-settings-button"}]},{"$i":"hud-devtools","$v":"開發者工具"},{"$i":"hud-devtools-header","$v":[{"t":"idOrVar","v":"hud-devtools"}]},{"$i":"hud-logging","$v":"在 ADB 記錄變更"},{"$i":"hud-system","$v":"顯示系統 HUD"},{"$i":"hud-problems","$v":"問題"},{"$i":"hud-warnings","$v":"警告"},{"$i":"hud-errors","$v":"錯誤"},{"$i":"hud-security","$v":"安全性問題"},{"$i":"hud-performance","$v":"效能"},{"$i":"hud-reflows","$v":"重排"},{"$i":"hud-jank","$v":"Jank"},{"$i":"jank-threshold","$v":"Jank 門檻"},{"$i":"hud-fps","$v":"每秒畫框數"},{"$i":"hud-ttl","$v":"載入時間"},{"$i":"hud-memory","$v":"記憶體"},{"$i":"hud-uss","$v":"Unique Set Size"},{"$i":"hud-appmemory","$v":"應用程式記憶體"},{"$i":"hud-jsobjects","$v":"JS 物件"},{"$i":"hud-jsstrings","$v":"JS 字串"},{"$i":"hud-jsother","$v":"JS 其他"},{"$i":"hud-dom","$v":"DOM"},{"$i":"hud-style","$v":"樣式"},{"$i":"hud-other","$v":"其他"},{"$i":"software","$v":"軟體"},{"$i":"devSettings","$v":"開發者選項"},{"$i":"debug","$v":"除錯"},{"$i":"developer-menu","$v":"開發者選單"},{"$i":"developer-tools","$v":"開發者工具"},{"$i":"graphics","$v":"圖形"},{"$i":"hardware-composer","$v":"Hardware composer"},{"$i":"paint-flashing","$v":"閃爍重繪區域"},{"$i":"dumps-layers","$v":"印出 layers tree"},{"$i":"dumps-layerscope","$v":"Dump layerscope"},{"$i":"apz-overscroll","$v":"Overscrolling"},{"$i":"tiling","$v":"Tiling"},{"$i":"low-precision","$v":"低精度描繪"},{"$i":"low-opacity","$v":"低精度透明"},{"$i":"draw-tile-borders","$v":"Draw tile borders"},{"$i":"draw-layer-borders","$v":"Draw layer borders"},{"$i":"log-animations","$v":"記錄慢速動畫"},{"$i":"remote-debugging-usb","$v":"使用 USB 除錯"},{"$i":"dev-tools-wifi","$v":"DevTools via Wi-Fi"},{"$i":"dev-tools-qps","$v":"Pseudo-localization"},{"$i":"debugger-disabled","$v":"停用"},{"$i":"debugger-adb-only","$v":"僅 ADB"},{"$i":"debugger-adb-and-devtools","$v":"ADB 與開發工具"},{"$i":"wifi-debugging","$v":"在 ADB 顯示 Wi-Fi 除錯訊息"},{"$i":"bluetooth-debugging","$v":"在 ADB 顯示藍牙除錯訊息"},{"$i":"bluetooth-snoop-debugging","$v":"Bluetooth HCI sniffing logs to sdcard"},{"$i":"nfc-debugging","$v":"在 ADB 顯示 NFC 除錯訊息"},{"$i":"ril-debugging","$v":"RIL output in ADB"},{"$i":"console-enabled","$v":"啟用主控台"},{"$i":"cards-view-screenshots","$v":"Cards View: Screenshots"},{"$i":"geolocation-debugging-enabled","$v":"在 ADB 顯示地理位置"},{"$i":"geolocation-debugging-gps-locations-ignored","$v":"忽略 GPS 位置"},{"$i":"use-reviewer-certs","$v":"使用 Marketplace 審核者憑證"},{"$i":"shake-to-log","$v":"搖晃手機以儲存系統日誌"},{"$i":"model-name","$v":"機型"},{"$i":"os-version","$v":"作業系統版本"},{"$i":"firmware_revision","$v":"韌體版本"},{"$i":"hardware_revision","$v":"硬體版本"},{"$i":"platform_version","$v":"平台版本"},{"$i":"build-id","$v":"編譯識別符"},{"$i":"update-channel","$v":"更新頻道"},{"$i":"build_number","$v":"Build Number"},{"$i":"update-url","$v":"更新網址"},{"$i":"last-updated","$v":"最近更新時間"},{"$i":"more-info","$v":"更多資訊"},{"$i":"more-info-header","$v":[{"t":"idOrVar","v":"more-info"}]},{"$i":"softwareUpdates","$v":"軟體更新"},{"$i":"check-update-daily","$v":"每天"},{"$i":"check-update-weekly","$v":"每星期"},{"$i":"check-update-monthly","$v":"每個月"},{"$i":"check-for-updates","$v":"檢查更新"},{"$i":"check-update-now","$v":"立刻檢查"},{"$i":"update-status","$v":"更新狀態"},{"$i":"no-network-when-update","$v":"請連線到網際網路以繼續更新。"},{"$i":"checking-for-update","$v":"正在檢查更新…"},{"$i":"no-updates","$v":"沒有找到任何更新"},{"$i":"retry-when-online","$v":"網路已離線，將會在下次上線時再次檢查"},{"$i":"already-latest-version","$v":["這已經是最新版的 ",{"t":"idOrVar","v":"brandShortName"}]},{"$i":"check-error","$v":"檢查更新時發生錯誤。"},{"$i":"aboutBrowserOS","$v":["關於 ",{"t":"idOrVar","v":"brandShortName"}]},{"$i":"browser-os-desc","$v":[{"t":"idOrVar","v":"brandShortName"}," 是一套來自 Mozilla，自由且開放原始碼的作業系統。我們的使命是透過將網路的威力保存於您的雙手之間，來推廣開放、創新、與機會。"]},{"$i":"learn-more","$v":"更多資訊"},{"$i":"reset-head","$v":"重設"},{"$i":"reset-warning-title","$v":"注意"},{"$i":"unlock-privileges","$v":"解鎖權限"},{"$i":"reset-devtools","$v":"重設並開啟完整開發工具"},{"$i":"reset-devtools-warning-title","$v":"注意"},{"$i":"your-rights","$v":"您的權利"},{"$i":"your-rights-header","$v":[{"t":"idOrVar","v":"your-rights"}]},{"$i":"about-your-rights-0","$v":[{"t":"idOrVar","v":"brandShortName"}," 是一套自由且開放原始碼的軟體，由來自世界各地數千位成員組成的社群所打造。有一些您應該知道的事："]},{"$i":"about-your-rights-1","$v":[{"t":"idOrVar","v":"brandShortName"}," 是依照幾套不同開放原始碼授權條款的條件所提供給您的，當中也包含了 Mozilla 公眾授權條款。執行 ",{"t":"idOrVar","v":"brandShortName"}," 的裝置可能也包含一些來自第三方的專有授權軟體。只要您遵守條款內容，您就可以修改這些使用開放授權條款的原始碼，並散佈您所修改過的版本。"]},{"$i":"about-your-rights-2","$v":["您並未被授權使用 Mozilla 基金會或任何相關部門的商標，包含且不限於 ",{"t":"idOrVar","v":"brandShortName"}," 的名稱或圖示。"]},{"$i":"about-your-rights-3","$v":[{"t":"idOrVar","v":"brandShortName"}," 當中的一些功能，像是程式錯誤回報員，將會讓您可以選擇是否要送出回饋給 Mozilla。在送出回饋時，您必須授權 Mozilla 使用您所送出的回饋內容以改善其產品、發佈回饋內容於其網站，並散佈這些使用者回饋。"]},{"$i":"about-legal-info","$v":"法律資訊"},{"$i":"about-credit-info","$v":"感謝"},{"$i":"about-legal-info-header","$v":[{"t":"idOrVar","v":"about-legal-info"}]},{"$i":"open-source-notices","$v":"開放原始碼聲明"},{"$i":"open-source-notices-header","$v":[{"t":"idOrVar","v":"open-source-notices"}]},{"$i":"obtaining-source-code","$v":"取得原始碼"},{"$i":"obtaining-source-code-header","$v":[{"t":"idOrVar","v":"obtaining-source-code"}]},{"$i":"about-mozilla","$v":"Mozilla"},{"$i":"about-other","$v":"其他"},{"$i":"your-privacy","$v":"您的隱私權"},{"$i":"your-privacy-header","$v":[{"t":"idOrVar","v":"your-privacy"}]},{"$i":"licensing-1","$v":"此產品的二進位版本是由 Mozilla 專案依照 Mozilla 公眾授權（MPL）2.0 版所提供給您的。了解您的權利。"},{"$i":"licensing-2","$v":"此產品的所有程式碼皆透過自由且開放的條款進行授權。當中的多數使用 Mozilla 公眾授權條款（MPL）2.0 版。"},{"$i":"licensing-3","$v":"其餘未使用 Mozilla 公眾授權條款 2.0 版的程式碼使用了一些不同的授權條款。下面將會列出那些要求在發行版當中一併列出授權條款全文的條款全文。（請注意: 視您所實際使用的產品與版本而定，您所使用的拷貝可能未包含使用了下列一或多種授權的程式碼。）"},{"$i":"licensing-MPL","$v":"Mozilla Public License 2.0"},{"$i":"licensing-Apache","$v":"Apache License 2.0"},{"$i":"launch-ftu","$v":"執行首次使用精靈"},{"$i":"no-ftu","$v":"找不到首次使用應用程式"},{"$i":"software-home-button","$v":"軟體主畫面按鈕"},{"$i":"home-gesture","$v":"主畫面手勢"},{"$i":"continuous-transition","$v":"Continuous transition"},{"$i":"debug-gaia-enabled","$v":"Gaia 除錯追蹤"},{"$i":"showScreenReaderSettings","$v":"顯示螢幕閱讀器選項"},{"$i":"app-transition","$v":"App transition"},{"$i":"app-suspending","$v":"App suspending"},{"$i":"copypaste","$v":"複製/貼上"},{"$i":"verbose-app-permissions","$v":"應用程式權限詳情"},{"$i":"window-management","$v":"視窗管理"},{"$i":"downloads-edit","$v":"編輯下載"},{"$i":"downloads-select-all","$v":"全部選擇"},{"$i":"downloads-deselect-all","$v":"全部不選"},{"$i":"downloads-delete","$v":"刪除"},{"$i":"battery","$v":"電池"},{"$i":"battery-header","$v":[{"t":"idOrVar","v":"battery"}]},{"$i":"batteryLevel","$v":"目前電量"},{"$i":"batteryLevel-percent-unplugged","$v":[{"t":"idOrVar","v":"level"},"%"]},{"$i":"batteryLevel-percent-charging","$v":[{"t":"idOrVar","v":"level"},"%（充電中）"]},{"$i":"batteryLevel-percent-charged","$v":[{"t":"idOrVar","v":"level"},"%（已充飽）"]},{"$i":"powerSaveModeTitle","$v":"省電模式"},{"$i":"powerSaveMode","$v":"省電模式"},{"$i":"powerSave-threshold","$v":["剩餘 ",{"t":"idOrVar","v":"level"},"% 電力時"]},{"$i":"turnOnAuto","$v":"自動開啟"},{"$i":"accessibility","$v":"輔助功能"},{"$i":"accessibility-header","$v":[{"t":"idOrVar","v":"accessibility"}]},{"$i":"screenReader","$v":"螢幕閱讀器"},{"$i":"screenReader-header","$v":[{"t":"idOrVar","v":"screenReader"}]},{"$i":"screenReader-toggle","$v":[{"t":"idOrVar","v":"screenReader"}]},{"$i":"colorFilter","$v":"色彩過濾器"},{"$i":"colorFilter-header","$v":[{"t":"idOrVar","v":"colorFilter"}]},{"$i":"colorFilter-toggle","$v":[{"t":"idOrVar","v":"colorFilter"}]},{"$i":"screenReader-captions","$v":"顯示語音"},{"$i":"screenReader-enable-msg","$v":"啟用螢幕閱讀器時，您的裝置將會提供語音報讀，以幫助視障人士。"},{"$i":"screen-reader-speech-volume","$v":"發音音量"},{"$i":"screen-reader-speech-rate","$v":"發音速度"},{"$i":"screenReader-confirm-title-start","$v":"啟動螢幕閱讀器？"},{"$i":"screenReader-confirm-description-start","$v":"啟用螢幕閱讀器將會變更您的觸控螢幕的行為。觸摸螢幕任一處以聆聽指尖下的文字，雙擊以觸發。"},{"$i":"screenReader-confirm-button-start","$v":"開始"},{"$i":"screenReader-confirm-title-stop","$v":"停止螢幕閱讀器？"},{"$i":"screenReader-confirm-description-stop","$v":"停止螢幕閱讀器將會停止所有語音報讀功能。"},{"$i":"screenReader-confirm-button-stop","$v":"停止"},{"$i":"colorFilter-invert","$v":"反轉"},{"$i":"colorFilter-grayscale","$v":"灰階"},{"$i":"colorFilter-contrast","$v":"對比"},{"$i":"improveBrowserOS","$v":["改善 ",{"t":"idOrVar","v":"brandShortName"}]},{"$i":"improveBrowserOSTitle","$v":["改善 ",{"t":"idOrVar","v":"brandShortName"}]},{"$i":"sendMozillaFeedback","$v":"傳送意見回饋給 Mozilla"},{"$i":"performanceAndUsageData","$v":"效能與使用資料"},{"$i":"sharePerformanceAndUsageData","$v":"送出資料"},{"$i":"appUsageByRegion","$v":"App usage by region"},{"$i":"crashReports","$v":"錯誤報告"},{"$i":"crashReports-header","$v":[{"t":"idOrVar","v":"crashReports"}]},{"$i":"crashReportInfo","$v":"您可以透過傳送軟體錯誤報告給我們，幫助我們為每個人修正此問題。錯誤報告只會透過 Wi-Fi 傳輸。"},{"$i":"alwaysSendReport","$v":"總是傳送報告"},{"$i":"neverSendReport","$v":"永不傳送報告"},{"$i":"askToSendReport2","$v":"每次都問我"},{"$i":"crash-reports-description-1","$v":"錯誤報告包含了該次錯誤與您的裝置的一些詳細資訊，以及錯誤發生時您的裝置的使用狀態。"},{"$i":"crash-reports-description-2","$v":"可能包含諸如開啟的頁面與應用程式、輸入至表單中的文字、開啟訊息的內容、最近的瀏覽紀錄、與開啟的應用程式所取得的地理位置資訊。"},{"$i":"crash-reports-description-3-start","$v":"我們使用錯誤報告來試著修復問題並改進產品。我們將依照"},{"$i":"crash-reports-description-3-privacy","$v":"隱私權保護政策"},{"$i":"crash-reports-description-3-end","$v":"當中所描述的方式處理您的資訊。"},{"$i":"sendFeedbackTitle","$v":"送出您的意見回饋"},{"$i":"feedback-description","$v":"您的意見將會幫助我們改進 Firefox OS。"},{"$i":"feedback-happy","$v":"開心"},{"$i":"feedback-sad","$v":"不開心"},{"$i":"feedback-mood-description","$v":"您覺得如何？"},{"$i":"feedback_whyfeel_happy","$v":"您為什麼覺得開心？"},{"$i":"feedback_whyfeel_sad","$v":"您為什麼覺得不開心？"},{"$i":"feedback-mood-explain","$v":"請告訴我們更多資訊。"},{"$i":"feedback-public-description","$v":"您的意見回饋內容會是公開的，請不要提到任何個人資訊。"},{"$i":"feedback-contactyou","$v":"勾選此處讓我們透過 E-mail 聯絡您。"},{"$i":"email-address1","$v":"電子郵件地址:"},{"$i":"email-keepprivate","$v":"別擔心，您的電子郵件地址將會被隱藏。"},{"$i":"feedback-sendbtn","$v":"傳送意見回饋"},{"$i":"feedback-errormessage-connect-error","$v":"抱歉，因為數據連線發生問題，系統無法傳送您的建議。請稍候問題解決再試一次。"},{"$i":"feedback-errormessage-server-off","$v":"抱歉，因為伺服器已離線，系統無法傳送您的建議。請稍後重試。"},{"$i":"feedback-errormessage-timeout","$v":"抱歉，因為連線逾時，系統無法傳送您的建議。請重新開機並再試一次。"},{"$i":"feedback-errormessage-wrong-email","$v":"抱歉，因為電子郵件地址欄位空白或格式錯誤，系統無法傳送您的建議。請輸入正確的電子郵件地址並再試一次。"},{"$i":"feedback-errormessage-empty-comment","$v":"抱歉，因為意見回饋內容欄位空白，無法傳送您的建議。請輸入一些內容後再重新傳送。"},{"$i":"feedback-errormessage-just-sent","$v":"抱歉，因為您已經傳送建議給我們了，無法再次傳送建議。請安裝我們下個軟體更新後再傳送一次。"},{"$i":"feedback-complete-msg","$v":"感謝您的意見回饋！我們會將其用來在未來的 Firefox OS 版本中打造更好的體驗。"},{"$i":"online-support","$v":"線上支援:"},{"$i":"call-support","$v":"撥打技術支援電話:"},{"$i":"user-guide","$v":"使用者指南"},{"$i":"default-support","$v":"請聯絡您的本地業者以取得技術支援。"},{"$i":"operatorServices","$v":"電信業者服務"},{"$i":"operatorServices-help","$v":"說明"},{"$i":"operatorServices-helpmenu","$v":"說明選單"},{"$i":"stkAppsNotAvailable","$v":"無法使用 SIM 卡應用程式。"},{"$i":"simToolkit","$v":"SIM Toolkit"},{"$i":"stkItemsNaiSetUpCall","$v":"通話設定"},{"$i":"stkItemsNaiSendSs","$v":"傳送 SS"},{"$i":"stkItemsNaiSendUssd","$v":"傳送 USSD"},{"$i":"stkItemsNaiSendSms","$v":"傳送簡訊"},{"$i":"stkItemsNaiSendDtmf","$v":"傳送 DTMF"},{"$i":"stkItemsNaiLaunchBrowser","$v":"啟動瀏覽器"},{"$i":"stkItemsNaiPlayTone","$v":"播放撥號音"},{"$i":"stkItemsNaiDisplayText","$v":"顯示文字"},{"$i":"stkItemsNaiGetInkey","$v":"取得 Inkey"},{"$i":"stkItemsNaiGetInput","$v":"取得輸入"},{"$i":"stkItemsNaiSelectItem","$v":"選擇項目"},{"$i":"stkItemsNaiSetUpMenu","$v":"設定選單"},{"$i":"stkItemsNaiProvideLocalInfo","$v":"提供本地資訊"},{"$i":"stkItemsNaiSetIdleModeText","$v":"設定閒置模式文字"},{"$i":"stkItemsNaiPerformCardApdu","$v":"進行卡片 APDU"},{"$i":"stkItemsNaiPowerOnCard","$v":"卡片通電"},{"$i":"stkItemsNaiPowerOffCard","$v":"卡片斷電"},{"$i":"stkItemsNaiGetReaderStatus","$v":"取得讀卡機狀態"},{"$i":"stkItemsNaiOpenChannel","$v":"開啟頻道"},{"$i":"stkItemsNaiCloseChannel","$v":"關閉頻道"},{"$i":"stkItemsNaiReceiveData","$v":"接收資料"},{"$i":"stkItemsNaiSendData","$v":"傳送資料"},{"$i":"stkItemsNaiGetChannelStatus","$v":"取得頻道狀態"},{"$i":"stkItemsNaiEndOfTheProactiveSession","$v":"主動連線階段結束"},{"$i":"is-warning-storage-header","$v":"USB 儲存空間"},{"$i":"is-warning-tethering-header","$v":"USB 網路分享"},{"$i":"is-warning-wifi-header","$v":"Wi-Fi 熱點"},{"$i":"is-warning-storage-tethering-message","$v":"啟用 USB 儲存空間將會停用 USB 網路分享，您要啟用 USB 儲存空間嗎？"},{"$i":"is-warning-tethering-storage-message","$v":"啟用 USB 網路分享將會停用 USB 儲存空間，您要啟用 USB 網路分享嗎？"},{"$i":"is-warning-tethering-wifi-message","$v":"啟用 USB 網路分享將會停用 Wi-Fi 熱點，您要啟用 USB 網路分享嗎？"},{"$i":"is-warning-wifi-tethering-message","$v":"啟用 Wi-Fi 熱點將會停用 USB 網路分享，您要啟用 Wi-Fi 熱點嗎？"},{"$i":"settings-dialog-alert","$v":"警告"},{"$i":"settings-dialog-confirm","$v":"確認"},{"$i":"settings-dialog-prompt","$v":"提示"},{"$i":"settings-alert-dialog-header","$v":[{"t":"idOrVar","v":"settings-dialog-alert"}]},{"$i":"settings-confirm-dialog-header","$v":[{"t":"idOrVar","v":"settings-dialog-confirm"}]},{"$i":"settings-prompt-dialog-header","$v":[{"t":"idOrVar","v":"settings-dialog-prompt"}]},{"$i":"addons","$v":"Addons"},{"$i":"addons-header","$v":[{"t":"idOrVar","v":"addons"}]},{"$i":"change-device-name","$v":"修改手機名稱"},{"$i":"internetSharing-usb-desc","$v":"與透過 USB 連結的裝置分享手機的網際網路連線。"},{"$i":"internetSharing-wifi-desc","$v":"允許其他裝置透過 Wi-Fi 分享我手機的網際網路連線。"},{"$i":"unplayable-ringtone","$v":"因為選擇的檔案無法在這支手機播放，並未修改鈴聲。"},{"$i":"findmydevice-signup-description","$v":"Find My Device 讓您可以定位、鎖定或抹除手機中的資料"},{"$i":"findmydevice-settings-description","$v":"Find My Device 讓您可以從網站中定位、鎖定或抹除手機中的資料:"},{"$i":"findmydevice-active-tracking","$v":"您的手機正被其他裝置透過網站追蹤。"},{"$i":"findmydevice-not-tracking","$v":"目前沒有其他裝置正在透過網站追蹤您的手機。"},{"$i":"ums-confirm","$v":"啟用 USB 儲存空間將會允許透過 USB 連接的另一台電腦或裝置存取這支手機上的檔案。"},{"$i":"reset-device","$v":"重設手機"},{"$i":"reset-warning-body","$v":"若要重設，將會清除您所有的資料，包含您已購買的應用程式。這支手機將會還原至出廠狀態，不會保留您的任何設定或資料。"},{"$i":"reset-devtools-warning-body","$v":"將會清除您所有資料與您已購買的所有程式，不會保留您的任何設定。但您的手機將能有不受限的開發工具，讓您修改系統並對系統應用程式除錯。"},{"$i":"powerSave-explanation","$v":"省電模式將會關閉手機的數據連線、藍牙，並停止取得地理位置資訊以延長您的電池續航力，您仍然可以手動再開啟這些服務。"},{"$i":"performanceAndUsageDataInfo","$v":["透過與我們分享您如何使用手機的方式與您手機的資料來幫助我們改善 ",{"t":"idOrVar","v":"brandShortName"},"。"]},{"$i":"device-status-connected-device","$v":"已連結至手機音訊"},{"$i":"device-status-connected-device-media","$v":"已連結至手機/媒體音訊"}]