[{"$i":"weekday-0-long","$v":"星期日"},{"$i":"weekday-1-long","$v":"星期一"},{"$i":"weekday-2-long","$v":"星期二"},{"$i":"weekday-3-long","$v":"星期三"},{"$i":"weekday-4-long","$v":"星期四"},{"$i":"weekday-5-long","$v":"星期五"},{"$i":"weekday-6-long","$v":"星期六"},{"$i":"weekday-0-short","$v":"日"},{"$i":"weekday-1-short","$v":"一"},{"$i":"weekday-2-short","$v":"二"},{"$i":"weekday-3-short","$v":"三"},{"$i":"weekday-4-short","$v":"四"},{"$i":"weekday-5-short","$v":"五"},{"$i":"weekday-6-short","$v":"六"},{"$i":"month-0-long","$v":"一月"},{"$i":"month-1-long","$v":"二月"},{"$i":"month-2-long","$v":"三月"},{"$i":"month-3-long","$v":"四月"},{"$i":"month-4-long","$v":"五月"},{"$i":"month-5-long","$v":"六月"},{"$i":"month-6-long","$v":"七月"},{"$i":"month-7-long","$v":"八月"},{"$i":"month-8-long","$v":"九月"},{"$i":"month-9-long","$v":"十月"},{"$i":"month-10-long","$v":"十一月"},{"$i":"month-11-long","$v":"十二月"},{"$i":"month-0-genitive","$v":"1 月"},{"$i":"month-1-genitive","$v":"2 月"},{"$i":"month-2-genitive","$v":"3 月"},{"$i":"month-3-genitive","$v":"4 月"},{"$i":"month-4-genitive","$v":"5 月"},{"$i":"month-5-genitive","$v":"6 月"},{"$i":"month-6-genitive","$v":"7 月"},{"$i":"month-7-genitive","$v":"8 月"},{"$i":"month-8-genitive","$v":"9 月"},{"$i":"month-9-genitive","$v":"10 月"},{"$i":"month-10-genitive","$v":"11 月"},{"$i":"month-11-genitive","$v":"12 月"},{"$i":"month-0-short","$v":"1 月"},{"$i":"month-1-short","$v":"2 月"},{"$i":"month-2-short","$v":"3 月"},{"$i":"month-3-short","$v":"4 月"},{"$i":"month-4-short","$v":"5 月"},{"$i":"month-5-short","$v":"6 月"},{"$i":"month-6-short","$v":"7 月"},{"$i":"month-7-short","$v":"8 月"},{"$i":"month-8-short","$v":"9 月"},{"$i":"month-9-short","$v":"10 月"},{"$i":"month-10-short","$v":"11 月"},{"$i":"month-11-short","$v":"12 月"},{"$i":"minutes-ago-long","$v":{"zero":"剛剛","one":"1 分鐘前","two":[{"t":"idOrVar","v":"value"}," 分鐘前"],"few":[{"t":"idOrVar","v":"value"}," 分鐘前"],"many":[{"t":"idOrVar","v":"value"}," 分鐘前"],"other":[{"t":"idOrVar","v":"value"}," 分鐘前"]},"$x":[{"t":"idOrVar","v":"plural"},"value"]},{"$i":"hours-ago-long","$v":{"zero":"剛剛","one":"1 小時前","two":[{"t":"idOrVar","v":"value"}," 小時前"],"few":[{"t":"idOrVar","v":"value"}," 小時前"],"many":[{"t":"idOrVar","v":"value"}," 小時前"],"other":[{"t":"idOrVar","v":"value"}," 小時前"]},"$x":[{"t":"idOrVar","v":"plural"},"value"]},{"$i":"days-ago-long","$v":{"zero":"今天","one":"昨天","two":[{"t":"idOrVar","v":"value"}," 天前"],"few":[{"t":"idOrVar","v":"value"}," 天前"],"many":[{"t":"idOrVar","v":"value"}," 天前"],"other":[{"t":"idOrVar","v":"value"}," 天前"]},"$x":[{"t":"idOrVar","v":"plural"},"value"]},{"$i":"weeks-ago-long","$v":{"zero":"本週","one":"上週","two":[{"t":"idOrVar","v":"value"}," 週前"],"few":[{"t":"idOrVar","v":"value"}," 週前"],"many":[{"t":"idOrVar","v":"value"}," 週前"],"other":[{"t":"idOrVar","v":"value"}," 週前"]},"$x":[{"t":"idOrVar","v":"plural"},"value"]},{"$i":"months-ago-long","$v":{"zero":"本月","one":"上月","two":[{"t":"idOrVar","v":"value"}," 月前"],"few":[{"t":"idOrVar","v":"value"}," 月前"],"many":[{"t":"idOrVar","v":"value"}," 月前"],"other":[{"t":"idOrVar","v":"value"}," 月前"]},"$x":[{"t":"idOrVar","v":"plural"},"value"]},{"$i":"years-ago-long","$v":{"zero":"今年","one":"去年","two":[{"t":"idOrVar","v":"value"}," 年前"],"few":[{"t":"idOrVar","v":"value"}," 年前"],"many":[{"t":"idOrVar","v":"value"}," 年前"],"other":[{"t":"idOrVar","v":"value"}," 年前"]},"$x":[{"t":"idOrVar","v":"plural"},"value"]},{"$i":"minutes-until-long","$v":{"zero":"現在","one":"1 分鐘內","two":[{"t":"idOrVar","v":"value"}," 分鐘內"],"few":[{"t":"idOrVar","v":"value"}," 分鐘內"],"many":[{"t":"idOrVar","v":"value"}," 分鐘內"],"other":[{"t":"idOrVar","v":"value"}," 分鐘內"]},"$x":[{"t":"idOrVar","v":"plural"},"value"]},{"$i":"hours-until-long","$v":{"zero":"現在","one":"1 小時內","two":[{"t":"idOrVar","v":"value"}," 小時前"],"few":[{"t":"idOrVar","v":"value"}," 小時前"],"many":[{"t":"idOrVar","v":"value"}," 小時前"],"other":[{"t":"idOrVar","v":"value"}," 小時前"]},"$x":[{"t":"idOrVar","v":"plural"},"value"]},{"$i":"days-until-long","$v":{"zero":"今天","one":"明天","two":[{"t":"idOrVar","v":"value"}," 天內"],"few":[{"t":"idOrVar","v":"value"}," 天內"],"many":[{"t":"idOrVar","v":"value"}," 天內"],"other":[{"t":"idOrVar","v":"value"}," 天內"]},"$x":[{"t":"idOrVar","v":"plural"},"value"]},{"$i":"weeks-until-long","$v":{"zero":"本週","one":"下週","two":[{"t":"idOrVar","v":"value"}," 週內"],"few":[{"t":"idOrVar","v":"value"}," 週內"],"many":[{"t":"idOrVar","v":"value"}," 週內"],"other":[{"t":"idOrVar","v":"value"}," 週內"]},"$x":[{"t":"idOrVar","v":"plural"},"value"]},{"$i":"months-until-long","$v":{"zero":"本月","one":"下月","two":[{"t":"idOrVar","v":"value"}," 月內"],"few":[{"t":"idOrVar","v":"value"}," 月內"],"many":[{"t":"idOrVar","v":"value"}," 月內"],"other":[{"t":"idOrVar","v":"value"}," 月內"]},"$x":[{"t":"idOrVar","v":"plural"},"value"]},{"$i":"years-until-long","$v":{"zero":"今年","one":"明年","two":[{"t":"idOrVar","v":"value"}," 年內"],"few":[{"t":"idOrVar","v":"value"}," 年內"],"many":[{"t":"idOrVar","v":"value"}," 年內"],"other":[{"t":"idOrVar","v":"value"}," 年內"]},"$x":[{"t":"idOrVar","v":"plural"},"value"]},{"$i":"minutes-ago-short","$v":{"zero":"剛剛","other":[{"t":"idOrVar","v":"value"}," 分鐘前"]},"$x":[{"t":"idOrVar","v":"plural"},"value"]},{"$i":"hours-ago-short","$v":{"zero":"剛剛","other":[{"t":"idOrVar","v":"value"}," 小時前"]},"$x":[{"t":"idOrVar","v":"plural"},"value"]},{"$i":"days-ago-short","$v":{"zero":"今天","other":[{"t":"idOrVar","v":"value"}," 天前"]},"$x":[{"t":"idOrVar","v":"plural"},"value"]},{"$i":"minutes-until-short","$v":{"zero":"現在","other":[{"t":"idOrVar","v":"value"}," 分內"]},"$x":[{"t":"idOrVar","v":"plural"},"value"]},{"$i":"hours-until-short","$v":{"zero":"現在","other":[{"t":"idOrVar","v":"value"}," 時內"]},"$x":[{"t":"idOrVar","v":"plural"},"value"]},{"$i":"days-until-short","$v":{"zero":"今天","other":[{"t":"idOrVar","v":"value"}," 天內"]},"$x":[{"t":"idOrVar","v":"plural"},"value"]},{"$i":"incorrectDate","$v":"（日期不正確）"},{"$i":"dateTimeFormat_%c","$v":"%Y年%b%d日 %a %p %I:%M:%S"},{"$i":"dateTimeFormat_%x","$v":"%Y/%m/%d"},{"$i":"dateTimeFormat_%X","$v":"%p %I:%M:%S"},{"$i":"shortTimeFormat","$v":"%p %I:%M"},{"$i":"shortTimeFormat12","$v":"%p %I:%M"},{"$i":"shortTimeFormat24","$v":"%H:%M"},{"$i":"shortDateTimeFormat","$v":"%x %p %I:%M"},{"$i":"weekStartsOnMonday","$v":"1"},{"$i":"firstDayOfTheWeek","$v":"1"},{"$i":"time_am","$v":"上午"},{"$i":"time_pm","$v":"下午"},{"$i":"btn-ok","$v":"確定"},{"$i":"emergency-alert-title","$v":"緊急通知"}]