[{"$i":"manage-title-2","$v":"إدارة النغمات"},{"$i":"actions-share-ringtone","$v":"شارك النغمة"},{"$i":"actions-delete-ringtone","$v":"احذف النغمة"},{"$i":"actions-share-alerttone","$v":"مشاركة التنبيه"},{"$i":"actions-delete-alerttone","$v":"احذف صوت الإنذار"},{"$i":"actions-cancel","$v":"ألغِ"},{"$i":"delete-title-ringtone","$v":"حذف النغمة"},{"$i":"delete-title-alerttone","$v":"حذف صوت الإنذار"},{"$i":"delete-desc","$v":["هل أنت متأكد أنك تريد أن تحذف \"",{"t":"idOrVar","v":"tone"},"\"؟"]},{"$i":"delete-desc-default-ringtone","$v":["\"",{"t":"idOrVar","v":"tone"},"\" هي النغمة الحالية .\\n\\nهل أنت متأكد أنك تريد حذفها؟"]},{"$i":"delete-desc-default-alerttone","$v":["\"",{"t":"idOrVar","v":"tone"},"\" هو صوت الإنذار الحالية.\\n\\nهل أنت متأكد أنك تريد حذفها؟"]},{"$i":"delete-cancel","$v":"ألغِ"},{"$i":"delete-confirm","$v":"احذف"},{"$i":"deleted-ringtone","$v":"حُذفت النغمة."},{"$i":"deleted-alerttone","$v":"حُذف صوت الإنذار."},{"$i":"created-tone","$v":"أُنشئت نغمة جديدة."},{"$i":"set-default-tone","$v":"جُعلت النغمةُ النغمةَ المبدئية."},{"$i":"sd-card-subtitle","$v":"بطاقة الذاكرة"},{"$i":"pick-title","$v":"اختر الصوت"},{"$i":"pick-set","$v":"عيّن"},{"$i":"section-title-builtin-ringtone","$v":["نغمات ",{"t":"idOrVar","v":"ringtoneSectionBrandName"}]},{"$i":"section-title-builtin-alerttone","$v":["أصوات إنذار ",{"t":"idOrVar","v":"ringtoneSectionBrandName"}]},{"$i":"section-title-custom-ringtone","$v":"نغماتي"},{"$i":"section-title-custom-alerttone","$v":"أصوات الإنذار"},{"$i":"create-title","$v":"أنشئ نغمة"},{"$i":"create-save","$v":"احفظ"},{"$i":"create-cancel","$v":"ألغِ"},{"$i":"play-error-title","$v":"ملف تالف"},{"$i":"play-error-desc","$v":"الملف تالف. لا يمكن أن يستخدم لإنشاء نغمة."},{"$i":"save-error-title","$v":"لم تُنشئ النغمة"},{"$i":"save-error-desc","$v":"وقع خطأ عند إنشاء النغمة. حاول مرة أخرى."},{"$i":"default-label","$v":"اجعلها النغمة المبدئيّة"},{"$i":"ok","$v":"موافق"},{"$i":"ringtone-untitled","$v":"بلا عنوان"},{"$i":"brandShortName","$v":"B2G OS"},{"$i":"browserBrandShortName","$v":"Web Browser"},{"$i":"browserBrandFullName","$v":"Mozilla Web Browser"},{"$i":"ringtoneBrandName","$v":"Default"},{"$i":"ringtoneSectionBrandName","$v":"System"},{"$i":"ringtone-none","$v":"لا شيء"},{"$i":"ringer_bubble","$v":"فقاعة"},{"$i":"ringer_chimer","$v":"رنين أجراس"},{"$i":"ringer_cunning","$v":"بارع"},{"$i":"ringer_dulco","$v":"Dulco"},{"$i":"ringer_firefox2","$v":[{"t":"idOrVar","v":"ringtoneBrandName"}]},{"$i":"ringer_garden","$v":"حديقة"},{"$i":"ringer_marbled","$v":"رخام"},{"$i":"ringer_opti","$v":"Opti"},{"$i":"ringer_pecko","$v":"Pecko"},{"$i":"ringer_pingy","$v":"Pingy"},{"$i":"ringer_poppop","$v":"Pop Pop"},{"$i":"ringer_sata","$v":"Sata"},{"$i":"ringer_simple","$v":"نظيف"},{"$i":"ringer_standard1","$v":"تقليدية"},{"$i":"ringer_standard2","$v":"تقليديّة سريعة"},{"$i":"ringer_stutter","$v":"تمتمة"},{"$i":"ringer_symmetry","$v":"تناظر"},{"$i":"ringer_tailwind","$v":"رياح خلفية"},{"$i":"ringer_thoughtful","$v":"عميق الفكر"},{"$i":"ringer_wit","$v":"ظريف"},{"$i":"ringer_zen","$v":"Zen"},{"$i":"notifier_bells","$v":"أجراس"},{"$i":"notifier_bloom","$v":"إزهار"},{"$i":"notifier_chime","$v":"الأجراس"},{"$i":"notifier_clicka","$v":"نقرات"},{"$i":"notifier_digi","$v":"ديجي"},{"$i":"notifier_dropplet","$v":"قطرات"},{"$i":"notifier_firefox2","$v":[{"t":"idOrVar","v":"ringtoneBrandName"}]},{"$i":"notifier_hello","$v":"مرحبًا"},{"$i":"notifier_lowmarble","$v":"رخام (منخفضة)"},{"$i":"notifier_ping","$v":"Ping"},{"$i":"notifier_plickle","$v":"Plickle"},{"$i":"notifier_pocko","$v":"Pocko"},{"$i":"notifier_quado","$v":"Quado"},{"$i":"notifier_red","$v":"أحمر"},{"$i":"notifier_sato","$v":"Sato"},{"$i":"notifier_swipo","$v":"سويب"},{"$i":"notifier_trickleup","$v":"تريكل آب"},{"$i":"notifier_trink","$v":"شبكة صيد"},{"$i":"notifier_verse","$v":"فيرس"}]