[{"$i":"manage-title-2","$v":"Управление на звуци"},{"$i":"actions-share-ringtone","$v":"Споделяне на звук за звънене"},{"$i":"actions-delete-ringtone","$v":"Изтриване на звук за звънене"},{"$i":"actions-share-alerttone","$v":"Споделяне на аларма"},{"$i":"actions-delete-alerttone","$v":"Изтриване на аларма"},{"$i":"actions-cancel","$v":"Отказ"},{"$i":"delete-title-ringtone","$v":"Изтриване на звук за звънене"},{"$i":"delete-title-alerttone","$v":"Изтриване на аларма"},{"$i":"delete-desc","$v":["Сигурни ли сте, че искате да изтриете „",{"t":"idOrVar","v":"tone"},"“?"]},{"$i":"delete-desc-default-ringtone","$v":["„",{"t":"idOrVar","v":"tone"},"“ е текущият стандартен звук за звънене.\\n\\nСигурен ли сте, че искате да го изтриете?"]},{"$i":"delete-desc-default-alerttone","$v":["„",{"t":"idOrVar","v":"tone"},"“ е текущата стандартна аларма.\\n\\nСигурен ли сте, че искате да го изтриете?"]},{"$i":"delete-cancel","$v":"Отказ"},{"$i":"delete-confirm","$v":"Изтриване"},{"$i":"deleted-ringtone","$v":"Звукът за звънене е изтрит."},{"$i":"deleted-alerttone","$v":"Алармата е изтрита."},{"$i":"created-tone","$v":"Създаден е нов звук за звънене."},{"$i":"set-default-tone","$v":"Стандартен звук за звънене."},{"$i":"sd-card-subtitle","$v":"SD карта"},{"$i":"pick-title","$v":"Избиране на звук"},{"$i":"pick-set","$v":"Задаване"},{"$i":"section-title-builtin-ringtone","$v":["Звънене на ",{"t":"idOrVar","v":"ringtoneSectionBrandName"}]},{"$i":"section-title-builtin-alerttone","$v":["Аларма при ",{"t":"idOrVar","v":"ringtoneSectionBrandName"}]},{"$i":"section-title-custom-ringtone","$v":"Моите звуци за звънене"},{"$i":"section-title-custom-alerttone","$v":"Моите аларми"},{"$i":"create-title","$v":"Създаване"},{"$i":"create-save","$v":"Запис"},{"$i":"create-cancel","$v":"Отказ"},{"$i":"play-error-title","$v":"Повреден файл"},{"$i":"play-error-desc","$v":"Файлът е повреден. Не може да се използва за звук за звънене."},{"$i":"save-error-title","$v":"Звукът за звънене не е създаден"},{"$i":"save-error-desc","$v":"Имаше проблем при създаването на звук за звънене. Моля опитайте отново."},{"$i":"default-label","$v":"Задаване като стандартен звук за звънене"},{"$i":"ok","$v":"Добре"},{"$i":"ringtone-untitled","$v":"Неозаглавен"},{"$i":"brandShortName","$v":"B2G OS"},{"$i":"browserBrandShortName","$v":"Web Browser"},{"$i":"browserBrandFullName","$v":"Mozilla Web Browser"},{"$i":"ringtoneBrandName","$v":"Default"},{"$i":"ringtoneSectionBrandName","$v":"System"},{"$i":"ringtone-none","$v":"Няма"},{"$i":"ringer_bubble","$v":"Мехури"},{"$i":"ringer_chimer","$v":"Камбанка"},{"$i":"ringer_cunning","$v":"Сръчно"},{"$i":"ringer_dulco","$v":"Дулко"},{"$i":"ringer_firefox2","$v":[{"t":"idOrVar","v":"ringtoneBrandName"}]},{"$i":"ringer_garden","$v":"Градина"},{"$i":"ringer_marbled","$v":"Мраморен"},{"$i":"ringer_opti","$v":"Опти"},{"$i":"ringer_pecko","$v":"Пеко"},{"$i":"ringer_pingy","$v":"Бръмчащ"},{"$i":"ringer_poppop","$v":"Поп поп"},{"$i":"ringer_sata","$v":"Сата"},{"$i":"ringer_simple","$v":"Чист"},{"$i":"ringer_standard1","$v":"Класически"},{"$i":"ringer_standard2","$v":"Класически бърз"},{"$i":"ringer_stutter","$v":"Заекващ"},{"$i":"ringer_symmetry","$v":"Симетрия"},{"$i":"ringer_tailwind","$v":"Попътен вятър"},{"$i":"ringer_thoughtful","$v":"Замислен"},{"$i":"ringer_wit","$v":"Остроумен"},{"$i":"ringer_zen","$v":"Зен"},{"$i":"notifier_bells","$v":"Звънец"},{"$i":"notifier_bloom","$v":"Цъфтящ"},{"$i":"notifier_chime","$v":"Благозвучие"},{"$i":"notifier_clicka","$v":"Клика"},{"$i":"notifier_digi","$v":"Диджи"},{"$i":"notifier_dropplet","$v":"Капчица"},{"$i":"notifier_firefox2","$v":[{"t":"idOrVar","v":"ringtoneBrandName"}]},{"$i":"notifier_hello","$v":"Здравей"},{"$i":"notifier_lowmarble","$v":"Мраморен"},{"$i":"notifier_ping","$v":"Бръм"},{"$i":"notifier_plickle","$v":"Пликъл"},{"$i":"notifier_pocko","$v":"Поко"},{"$i":"notifier_quado","$v":"Куадо"},{"$i":"notifier_red","$v":"Червен"},{"$i":"notifier_sato","$v":"Сато"},{"$i":"notifier_swipo","$v":"Суайпо"},{"$i":"notifier_trickleup","$v":"Изпаряване"},{"$i":"notifier_trink","$v":"Тринк"},{"$i":"notifier_verse","$v":"Стих"}]