[{"$i":"manage-title-2","$v":"Manage Tones"},{"$i":"actions-share-ringtone","$v":"Share ringtone"},{"$i":"actions-delete-ringtone","$v":"Delete ringtone"},{"$i":"actions-share-alerttone","$v":"Share alert"},{"$i":"actions-delete-alerttone","$v":"Delete alert"},{"$i":"actions-cancel","$v":"বাতিল"},{"$i":"delete-title-ringtone","$v":"Delete Ringtone"},{"$i":"delete-title-alerttone","$v":"Delete Alert"},{"$i":"delete-desc","$v":["আপনি \"",{"t":"idOrVar","v":"tone"},"\" অপসারণের ব্যপারে নিশ্চিত?"]},{"$i":"delete-desc-default-ringtone","$v":["\"",{"t":"idOrVar","v":"tone"},"\" বর্তমান ডিফল্ট রিংটোন।\\n\\nআপনি এটি অপসারণের ব্যপারে নিশ্চিত?"]},{"$i":"delete-desc-default-alerttone","$v":["\"",{"t":"idOrVar","v":"tone"},"\" বর্তমান ডিফল্ট এলার্টটোন।\\n\\nআপনি কি এটি অপসারণের ব্যপারে নিশ্চিত?"]},{"$i":"delete-cancel","$v":"বাতিল"},{"$i":"delete-confirm","$v":"অপসারণ"},{"$i":"deleted-ringtone","$v":"Ringtone deleted."},{"$i":"deleted-alerttone","$v":"Alert deleted."},{"$i":"created-tone","$v":"নতুন রিংটোন তৈরি হয়েছে।"},{"$i":"set-default-tone","$v":"ডিফল্ট রিংটোন হিসেবে সেট হয়েছে।"},{"$i":"sd-card-subtitle","$v":"SD Card"},{"$i":"pick-title","$v":"রিংটোন নির্বাচন করুন"},{"$i":"pick-set","$v":"Set"},{"$i":"section-title-builtin-ringtone","$v":[{"t":"idOrVar","v":"ringtoneSectionBrandName"}," Ringtones"]},{"$i":"section-title-builtin-alerttone","$v":[{"t":"idOrVar","v":"ringtoneSectionBrandName"}," Alerts"]},{"$i":"section-title-custom-ringtone","$v":"My Ringtones"},{"$i":"section-title-custom-alerttone","$v":"My Alerts"},{"$i":"create-title","$v":"রিংটোন তৈরি করুন"},{"$i":"create-save","$v":"সংরক্ষণ"},{"$i":"create-cancel","$v":"বাতিল"},{"$i":"play-error-title","$v":"নষ্ট হওয়া ফাইল"},{"$i":"play-error-desc","$v":"এই ফাইলটি নষ্ট। এটি রিংটোন তৈরিতে ব্যবহার করা যাবেনা।"},{"$i":"save-error-title","$v":"রিংটোন তৈরি হয়নি"},{"$i":"save-error-desc","$v":"রিংটোন তৈরিতে একটি সমস্যা হয়েছে। দয়া করে পুনরায় চেষ্টা করুন।"},{"$i":"default-label","$v":"ডিফল্ট রিংটোন হিসেবে ব্যবহার করুন"},{"$i":"ok","$v":"ঠিক আছে"},{"$i":"ringtone-untitled","$v":"শিরোনামহীন"},{"$i":"brandShortName","$v":"B2G OS"},{"$i":"browserBrandShortName","$v":"Web Browser"},{"$i":"browserBrandFullName","$v":"Mozilla Web Browser"},{"$i":"ringtoneBrandName","$v":"Default"},{"$i":"ringtoneSectionBrandName","$v":"System"},{"$i":"ringtone-none","$v":"একটিও নয়"},{"$i":"ringer_bubble","$v":"Bubble"},{"$i":"ringer_chimer","$v":"Chimer"},{"$i":"ringer_cunning","$v":"Cunning"},{"$i":"ringer_dulco","$v":"Dulco"},{"$i":"ringer_firefox2","$v":[{"t":"idOrVar","v":"ringtoneBrandName"}]},{"$i":"ringer_garden","$v":"Garden"},{"$i":"ringer_marbled","$v":"Marbled"},{"$i":"ringer_opti","$v":"Opti"},{"$i":"ringer_pecko","$v":"Pecko"},{"$i":"ringer_pingy","$v":"Pingy"},{"$i":"ringer_poppop","$v":"Pop Pop"},{"$i":"ringer_sata","$v":"Sata"},{"$i":"ringer_simple","$v":"Clean"},{"$i":"ringer_standard1","$v":"Classic"},{"$i":"ringer_standard2","$v":"Classic Fast"},{"$i":"ringer_stutter","$v":"Stutter"},{"$i":"ringer_symmetry","$v":"Symmetry"},{"$i":"ringer_tailwind","$v":"Tail Wind"},{"$i":"ringer_thoughtful","$v":"Thoughtful"},{"$i":"ringer_wit","$v":"Wit"},{"$i":"ringer_zen","$v":"Zen"},{"$i":"notifier_bells","$v":"Bells"},{"$i":"notifier_bloom","$v":"Bloom"},{"$i":"notifier_chime","$v":"Chime"},{"$i":"notifier_clicka","$v":"Clicka"},{"$i":"notifier_digi","$v":"Digi"},{"$i":"notifier_dropplet","$v":"Dropplet"},{"$i":"notifier_firefox2","$v":[{"t":"idOrVar","v":"ringtoneBrandName"}]},{"$i":"notifier_hello","$v":"Hello"},{"$i":"notifier_lowmarble","$v":"Low Marble"},{"$i":"notifier_ping","$v":"Ping"},{"$i":"notifier_plickle","$v":"Plickle"},{"$i":"notifier_pocko","$v":"Pocko"},{"$i":"notifier_quado","$v":"Quado"},{"$i":"notifier_red","$v":"Red"},{"$i":"notifier_sato","$v":"Sato"},{"$i":"notifier_swipo","$v":"Swipo"},{"$i":"notifier_trickleup","$v":"Trickle Up"},{"$i":"notifier_trink","$v":"Trink"},{"$i":"notifier_verse","$v":"Verse"}]