[{"$i":"manage-title-2","$v":"Gestió dels tons"},{"$i":"actions-share-ringtone","$v":"Comparteix el to de trucada"},{"$i":"actions-delete-ringtone","$v":"Elimina to de trucada"},{"$i":"actions-share-alerttone","$v":"Comparteix l'alerta"},{"$i":"actions-delete-alerttone","$v":"Elimina l'alerta"},{"$i":"actions-cancel","$v":"Cancel·la"},{"$i":"delete-title-ringtone","$v":"Elimina to de trucada"},{"$i":"delete-title-alerttone","$v":"Elimina l'alerta"},{"$i":"delete-desc","$v":["Segur que voleu eliminar «",{"t":"idOrVar","v":"tone"},"»?"]},{"$i":"delete-desc-default-ringtone","$v":["«",{"t":"idOrVar","v":"tone"},"» és actualment el to de trucada per defecte.\\n\\nSegur que voleu eliminar-lo?"]},{"$i":"delete-desc-default-alerttone","$v":["«",{"t":"idOrVar","v":"tone"},"» és actualment l'alerta per defecte.\\n\\nSegur que voleu eliminar-la?"]},{"$i":"delete-cancel","$v":"Cancel·la"},{"$i":"delete-confirm","$v":"Elimina"},{"$i":"deleted-ringtone","$v":"S'ha eliminat el to de trucada."},{"$i":"deleted-alerttone","$v":"S'ha eliminat l'alerta."},{"$i":"created-tone","$v":"S'ha creat un to de trucada nou."},{"$i":"set-default-tone","$v":"S'ha definit com a to de trucada per defecte."},{"$i":"sd-card-subtitle","$v":"Targeta SD"},{"$i":"pick-title","$v":"Trieu un to"},{"$i":"pick-set","$v":"Defineix"},{"$i":"section-title-builtin-ringtone","$v":["Tons de trucada del ",{"t":"idOrVar","v":"ringtoneSectionBrandName"}]},{"$i":"section-title-builtin-alerttone","$v":["Alertes del ",{"t":"idOrVar","v":"ringtoneSectionBrandName"}]},{"$i":"section-title-custom-ringtone","$v":"Els meus tons de trucada"},{"$i":"section-title-custom-alerttone","$v":"Les meves alertes"},{"$i":"create-title","$v":"Crea un to de trucada"},{"$i":"create-save","$v":"Desa"},{"$i":"create-cancel","$v":"Cancel·la"},{"$i":"play-error-title","$v":"Fitxer malmès"},{"$i":"play-error-desc","$v":"El fitxer és malmès. No es pot fer servir per crear un to de trucada."},{"$i":"save-error-title","$v":"No s'ha creat el to de trucada"},{"$i":"save-error-desc","$v":"S'ha produït un problema en crear el to de trucada. Torneu-ho a provar."},{"$i":"default-label","$v":"Utilitza com a to de trucada per defecte"},{"$i":"ok","$v":"D'acord"},{"$i":"ringtone-untitled","$v":"Sense títol"},{"$i":"brandShortName","$v":"B2G OS"},{"$i":"browserBrandShortName","$v":"Web Browser"},{"$i":"browserBrandFullName","$v":"Mozilla Web Browser"},{"$i":"ringtoneBrandName","$v":"Default"},{"$i":"ringtoneSectionBrandName","$v":"System"},{"$i":"ringtone-none","$v":"Cap"},{"$i":"ringer_bubble","$v":"Bubble"},{"$i":"ringer_chimer","$v":"Chimer"},{"$i":"ringer_cunning","$v":"Cunning"},{"$i":"ringer_dulco","$v":"Dulco"},{"$i":"ringer_firefox2","$v":[{"t":"idOrVar","v":"ringtoneBrandName"}]},{"$i":"ringer_garden","$v":"Garden"},{"$i":"ringer_marbled","$v":"Marbled"},{"$i":"ringer_opti","$v":"Opti"},{"$i":"ringer_pecko","$v":"Pecko"},{"$i":"ringer_pingy","$v":"Pingy"},{"$i":"ringer_poppop","$v":"Pop Pop"},{"$i":"ringer_sata","$v":"Sata"},{"$i":"ringer_simple","$v":"Clean"},{"$i":"ringer_standard1","$v":"Classic"},{"$i":"ringer_standard2","$v":"Classic Fast"},{"$i":"ringer_stutter","$v":"Stutter"},{"$i":"ringer_symmetry","$v":"Symmetry"},{"$i":"ringer_tailwind","$v":"Tail Wind"},{"$i":"ringer_thoughtful","$v":"Thoughtful"},{"$i":"ringer_wit","$v":"Wit"},{"$i":"ringer_zen","$v":"Zen"},{"$i":"notifier_bells","$v":"Bells"},{"$i":"notifier_bloom","$v":"Bloom"},{"$i":"notifier_chime","$v":"Chime"},{"$i":"notifier_clicka","$v":"Clicka"},{"$i":"notifier_digi","$v":"Digi"},{"$i":"notifier_dropplet","$v":"Dropplet"},{"$i":"notifier_firefox2","$v":[{"t":"idOrVar","v":"ringtoneBrandName"}]},{"$i":"notifier_hello","$v":"Hello"},{"$i":"notifier_lowmarble","$v":"Low Marble"},{"$i":"notifier_ping","$v":"Ping"},{"$i":"notifier_plickle","$v":"Plickle"},{"$i":"notifier_pocko","$v":"Pocko"},{"$i":"notifier_quado","$v":"Quado"},{"$i":"notifier_red","$v":"Red"},{"$i":"notifier_sato","$v":"Sato"},{"$i":"notifier_swipo","$v":"Swipo"},{"$i":"notifier_trickleup","$v":"Trickle Up"},{"$i":"notifier_trink","$v":"Trink"},{"$i":"notifier_verse","$v":"Verse"}]