[{"$i":"manage-title-2","$v":"Správa vyzvánění"},{"$i":"actions-share-ringtone","$v":"Sdílet vyzvánění"},{"$i":"actions-delete-ringtone","$v":"Smazat vyzvánění"},{"$i":"actions-share-alerttone","$v":"Sdílet tón upozornění"},{"$i":"actions-delete-alerttone","$v":"Smazat tón upozornění"},{"$i":"actions-cancel","$v":"Zrušit"},{"$i":"delete-title-ringtone","$v":"Smazání vyzvánění"},{"$i":"delete-title-alerttone","$v":"Smazání tónu upozornění"},{"$i":"delete-desc","$v":["Opravdu chcete smazat \"",{"t":"idOrVar","v":"tone"},"\"?"]},{"$i":"delete-desc-default-ringtone","$v":["\"",{"t":"idOrVar","v":"tone"},"\" je aktuálně nastaven jako vyzvánění.\n\n Jste ji jist(a), že chcete vyzvánění smazat?"]},{"$i":"delete-desc-default-alerttone","$v":["\"",{"t":"idOrVar","v":"tone"},"\" je aktuálně nastaven jako zvuk upozornění.\n\n Jste ji jist(a), že chcete vyzvánění smazat?"]},{"$i":"delete-cancel","$v":"Zrušit"},{"$i":"delete-confirm","$v":"Smazat"},{"$i":"deleted-ringtone","$v":"Vyzvánění smazáno."},{"$i":"deleted-alerttone","$v":"Tón upozornění smazán."},{"$i":"created-tone","$v":"Nové vyzvánění vytvořeno."},{"$i":"set-default-tone","$v":"Vyzvánění nastaveno jako výchozí."},{"$i":"sd-card-subtitle","$v":"SD karta"},{"$i":"pick-title","$v":"Výběr zvuku"},{"$i":"pick-set","$v":"Nastaveno"},{"$i":"section-title-builtin-ringtone","$v":["Vyzvánění ",{"t":"idOrVar","v":"ringtoneSectionBrandName"}," "]},{"$i":"section-title-builtin-alerttone","$v":["Upozornění ",{"t":"idOrVar","v":"ringtoneSectionBrandName"}," "]},{"$i":"section-title-custom-ringtone","$v":"Má vyzvánění"},{"$i":"section-title-custom-alerttone","$v":"Má upozornění"},{"$i":"create-title","$v":"Vytvoření vyzvánění"},{"$i":"create-save","$v":"Uložit"},{"$i":"create-cancel","$v":"Zrušit"},{"$i":"play-error-title","$v":"Poškozený soubor"},{"$i":"play-error-desc","$v":"Soubor je poškozen, a proto nemůže být použit k vytvoření vyzvánění."},{"$i":"save-error-title","$v":"Vyzvánění nebylo vytvořeno"},{"$i":"save-error-desc","$v":"Problém s vytvořením vyzvánění. Zkuste to prosím znovu."},{"$i":"default-label","$v":"Použít jako výchozí vyzvánění"},{"$i":"ok","$v":"OK"},{"$i":"ringtone-untitled","$v":"Nepojmenované"},{"$i":"brandShortName","$v":"B2G OS"},{"$i":"browserBrandShortName","$v":"Web Browser"},{"$i":"browserBrandFullName","$v":"Mozilla Web Browser"},{"$i":"ringtoneBrandName","$v":"Default"},{"$i":"ringtoneSectionBrandName","$v":"System"},{"$i":"ringtone-none","$v":"Žádný"},{"$i":"ringer_bubble","$v":"Bubble"},{"$i":"ringer_chimer","$v":"Chimer"},{"$i":"ringer_cunning","$v":"Cunning"},{"$i":"ringer_dulco","$v":"Dulco"},{"$i":"ringer_firefox2","$v":[{"t":"idOrVar","v":"ringtoneBrandName"}]},{"$i":"ringer_garden","$v":"Garden"},{"$i":"ringer_marbled","$v":"Marbled"},{"$i":"ringer_opti","$v":"Opti"},{"$i":"ringer_pecko","$v":"Pecko"},{"$i":"ringer_pingy","$v":"Pingy"},{"$i":"ringer_poppop","$v":"Pop Pop"},{"$i":"ringer_sata","$v":"Sata"},{"$i":"ringer_simple","$v":"Clean"},{"$i":"ringer_standard1","$v":"Classic"},{"$i":"ringer_standard2","$v":"Classic Fast"},{"$i":"ringer_stutter","$v":"Stutter"},{"$i":"ringer_symmetry","$v":"Symmetry"},{"$i":"ringer_tailwind","$v":"Tail Wind"},{"$i":"ringer_thoughtful","$v":"Thoughtful"},{"$i":"ringer_wit","$v":"Wit"},{"$i":"ringer_zen","$v":"Zen"},{"$i":"notifier_bells","$v":"Bells"},{"$i":"notifier_bloom","$v":"Bloom"},{"$i":"notifier_chime","$v":"Chime"},{"$i":"notifier_clicka","$v":"Clicka"},{"$i":"notifier_digi","$v":"Digi"},{"$i":"notifier_dropplet","$v":"Dropplet"},{"$i":"notifier_firefox2","$v":[{"t":"idOrVar","v":"ringtoneBrandName"}]},{"$i":"notifier_hello","$v":"Hello"},{"$i":"notifier_lowmarble","$v":"Low Marble"},{"$i":"notifier_ping","$v":"Ping"},{"$i":"notifier_plickle","$v":"Plickle"},{"$i":"notifier_pocko","$v":"Pocko"},{"$i":"notifier_quado","$v":"Quado"},{"$i":"notifier_red","$v":"Red"},{"$i":"notifier_sato","$v":"Sato"},{"$i":"notifier_swipo","$v":"Swipo"},{"$i":"notifier_trickleup","$v":"Trickle Up"},{"$i":"notifier_trink","$v":"Trink"},{"$i":"notifier_verse","$v":"Verse"}]