[{"$i":"manage-title-2","$v":"Håndter toner"},{"$i":"actions-share-ringtone","$v":"Del ringetone"},{"$i":"actions-delete-ringtone","$v":"Slet ringetone"},{"$i":"actions-share-alerttone","$v":"Del alarm"},{"$i":"actions-delete-alerttone","$v":"Slet alarm"},{"$i":"actions-cancel","$v":"Annuller"},{"$i":"delete-title-ringtone","$v":"Slet ringetone"},{"$i":"delete-title-alerttone","$v":"Slet alarm"},{"$i":"delete-desc","$v":["Er du sikker på, at du vil slette \"",{"t":"idOrVar","v":"tone"},"\"?"]},{"$i":"delete-desc-default-ringtone","$v":["\"",{"t":"idOrVar","v":"tone"},"\" er den nuværende standardringetone.\n\nEr du sikker på, at du vil slette den?"]},{"$i":"delete-desc-default-alerttone","$v":["\"",{"t":"idOrVar","v":"tone"},"\" er den nuværende standardalarm.\n\nEr du sikker på, at du vil slette den?"]},{"$i":"delete-cancel","$v":"Annuller"},{"$i":"delete-confirm","$v":"Slet"},{"$i":"deleted-ringtone","$v":"Ringetone slettet."},{"$i":"deleted-alerttone","$v":"Alarm slettet."},{"$i":"created-tone","$v":"Ny ringetone oprettet."},{"$i":"set-default-tone","$v":"Ringetone sat som standard."},{"$i":"sd-card-subtitle","$v":"SD-kort"},{"$i":"pick-title","$v":"Vælg lyd"},{"$i":"pick-set","$v":"Indstil"},{"$i":"section-title-builtin-ringtone","$v":[{"t":"idOrVar","v":"ringtoneSectionBrandName"},"-ringetoner"]},{"$i":"section-title-builtin-alerttone","$v":[{"t":"idOrVar","v":"ringtoneSectionBrandName"},"-alarmer"]},{"$i":"section-title-custom-ringtone","$v":"Mine ringetoner"},{"$i":"section-title-custom-alerttone","$v":"Mine alarmer"},{"$i":"create-title","$v":"Opret ringetone"},{"$i":"create-save","$v":"Gem"},{"$i":"create-cancel","$v":"Annuller"},{"$i":"play-error-title","$v":"Ødelagt fil"},{"$i":"play-error-desc","$v":"Filen er ødelagt. Den kan ikke bruges til at oprette en ringetone."},{"$i":"save-error-title","$v":"Ringetone ikke oprettet"},{"$i":"save-error-desc","$v":"Der var et problem med at oprette ringetonen. Prøv igen."},{"$i":"default-label","$v":"Brug som standardringetone"},{"$i":"ok","$v":"OK"},{"$i":"ringtone-untitled","$v":"Uden navn"},{"$i":"brandShortName","$v":"B2G OS"},{"$i":"browserBrandShortName","$v":"Web Browser"},{"$i":"browserBrandFullName","$v":"Mozilla Web Browser"},{"$i":"ringtoneBrandName","$v":"Default"},{"$i":"ringtoneSectionBrandName","$v":"System"},{"$i":"ringtone-none","$v":"Ingen"},{"$i":"ringer_bubble","$v":"Bobler"},{"$i":"ringer_chimer","$v":"Harper"},{"$i":"ringer_cunning","$v":"Listig"},{"$i":"ringer_dulco","$v":"Dulco"},{"$i":"ringer_firefox2","$v":[{"t":"idOrVar","v":"ringtoneBrandName"}]},{"$i":"ringer_garden","$v":"Have"},{"$i":"ringer_marbled","$v":"Marmoreret"},{"$i":"ringer_opti","$v":"Opti"},{"$i":"ringer_pecko","$v":"Pecko"},{"$i":"ringer_pingy","$v":"Pingy"},{"$i":"ringer_poppop","$v":"Pop Pop"},{"$i":"ringer_sata","$v":"Sata"},{"$i":"ringer_simple","$v":"Ren"},{"$i":"ringer_standard1","$v":"Klassisk"},{"$i":"ringer_standard2","$v":"Klassisk, hurtig"},{"$i":"ringer_stutter","$v":"Stammen"},{"$i":"ringer_symmetry","$v":"Symmetri"},{"$i":"ringer_tailwind","$v":"Medvind"},{"$i":"ringer_thoughtful","$v":"Tankefuld"},{"$i":"ringer_wit","$v":"Humor"},{"$i":"ringer_zen","$v":"Zen"},{"$i":"notifier_bells","$v":"Klokker"},{"$i":"notifier_bloom","$v":"Blomstre"},{"$i":"notifier_chime","$v":"Harper"},{"$i":"notifier_clicka","$v":"Clicka"},{"$i":"notifier_digi","$v":"Digi"},{"$i":"notifier_dropplet","$v":"Dråber"},{"$i":"notifier_firefox2","$v":[{"t":"idOrVar","v":"ringtoneBrandName"}]},{"$i":"notifier_hello","$v":"Hallo"},{"$i":"notifier_lowmarble","$v":"Marmor, lav"},{"$i":"notifier_ping","$v":"Ping"},{"$i":"notifier_plickle","$v":"Plickle"},{"$i":"notifier_pocko","$v":"Pocko"},{"$i":"notifier_quado","$v":"Quado"},{"$i":"notifier_red","$v":"Rød"},{"$i":"notifier_sato","$v":"Sato"},{"$i":"notifier_swipo","$v":"Swipo"},{"$i":"notifier_trickleup","$v":"Sive op"},{"$i":"notifier_trink","$v":"Trink"},{"$i":"notifier_verse","$v":"Vers"}]