[{"$i":"manage-title-2","$v":"Töne verwalten"},{"$i":"actions-share-ringtone","$v":"Klingelton weitergeben"},{"$i":"actions-delete-ringtone","$v":"Klingelton löschen"},{"$i":"actions-share-alerttone","$v":"Alarmton weitergeben"},{"$i":"actions-delete-alerttone","$v":"Alarmton löschen"},{"$i":"actions-cancel","$v":"Abbrechen"},{"$i":"delete-title-ringtone","$v":"Klingelton löschen"},{"$i":"delete-title-alerttone","$v":"Alarmton löschen"},{"$i":"delete-desc","$v":["Soll \"",{"t":"idOrVar","v":"tone"},"\" wirklich gelöscht werden?"]},{"$i":"delete-desc-default-ringtone","$v":["\"",{"t":"idOrVar","v":"tone"},"\" ist derzeit der Standardklingelton.\n\nSoll er wirklich gelöscht werden?"]},{"$i":"delete-desc-default-alerttone","$v":["\"",{"t":"idOrVar","v":"tone"},"\" ist derzeit der Standardalarmton.\n\nSoll er wirklich gelöscht werden?"]},{"$i":"delete-cancel","$v":"Abbrechen"},{"$i":"delete-confirm","$v":"Löschen"},{"$i":"deleted-ringtone","$v":"Klingelton gelöscht"},{"$i":"deleted-alerttone","$v":"Alarmton gelöscht"},{"$i":"created-tone","$v":"Neuer Klingelton erstellt"},{"$i":"set-default-tone","$v":"Als Standardklingelton festgelegt"},{"$i":"sd-card-subtitle","$v":"Speicherkarte"},{"$i":"pick-title","$v":"Klingelton auswählen"},{"$i":"pick-set","$v":"Übernehmen"},{"$i":"section-title-builtin-ringtone","$v":[{"t":"idOrVar","v":"ringtoneSectionBrandName"},"-Klingeltöne"]},{"$i":"section-title-builtin-alerttone","$v":[{"t":"idOrVar","v":"ringtoneSectionBrandName"},"-Alarmtöne"]},{"$i":"section-title-custom-ringtone","$v":"Meine Klingeltöne"},{"$i":"section-title-custom-alerttone","$v":"Meine Alarmtöne"},{"$i":"create-title","$v":"Klingelton erstellen"},{"$i":"create-save","$v":"Speichern"},{"$i":"create-cancel","$v":"Abbrechen"},{"$i":"play-error-title","$v":"Datei beschädigt"},{"$i":"play-error-desc","$v":"Die Datei ist beschädigt und kann nicht zur Erstellung eines Klingeltons verwendet werden."},{"$i":"save-error-title","$v":"Klingelton nicht erstellt"},{"$i":"save-error-desc","$v":"Beim Erstellen des Klingeltons trat ein Fehler auf. Bitte versuchen Sie es erneut."},{"$i":"default-label","$v":"Als Standardklingelton verwenden"},{"$i":"ok","$v":"OK"},{"$i":"ringtone-untitled","$v":"Unbenannt"},{"$i":"brandShortName","$v":"B2G OS"},{"$i":"browserBrandShortName","$v":"Web Browser"},{"$i":"browserBrandFullName","$v":"Mozilla Web Browser"},{"$i":"ringtoneBrandName","$v":"Default"},{"$i":"ringtoneSectionBrandName","$v":"System"},{"$i":"ringtone-none","$v":"Nichts"},{"$i":"ringer_bubble","$v":"Bubble"},{"$i":"ringer_chimer","$v":"Chimer"},{"$i":"ringer_cunning","$v":"Cunning"},{"$i":"ringer_dulco","$v":"Dulco"},{"$i":"ringer_firefox2","$v":[{"t":"idOrVar","v":"ringtoneBrandName"}]},{"$i":"ringer_garden","$v":"Garden"},{"$i":"ringer_marbled","$v":"Marbled"},{"$i":"ringer_opti","$v":"Opti"},{"$i":"ringer_pecko","$v":"Pecko"},{"$i":"ringer_pingy","$v":"Pingy"},{"$i":"ringer_poppop","$v":"Pop Pop"},{"$i":"ringer_sata","$v":"Sata"},{"$i":"ringer_simple","$v":"Clean"},{"$i":"ringer_standard1","$v":"Classic"},{"$i":"ringer_standard2","$v":"Classic Fast"},{"$i":"ringer_stutter","$v":"Stutter"},{"$i":"ringer_symmetry","$v":"Symmetry"},{"$i":"ringer_tailwind","$v":"Tail Wind"},{"$i":"ringer_thoughtful","$v":"Thoughtful"},{"$i":"ringer_wit","$v":"Wit"},{"$i":"ringer_zen","$v":"Zen"},{"$i":"notifier_bells","$v":"Bells"},{"$i":"notifier_bloom","$v":"Bloom"},{"$i":"notifier_chime","$v":"Chime"},{"$i":"notifier_clicka","$v":"Clicka"},{"$i":"notifier_digi","$v":"Digi"},{"$i":"notifier_dropplet","$v":"Dropplet"},{"$i":"notifier_firefox2","$v":[{"t":"idOrVar","v":"ringtoneBrandName"}]},{"$i":"notifier_hello","$v":"Hello"},{"$i":"notifier_lowmarble","$v":"Low Marble"},{"$i":"notifier_ping","$v":"Ping"},{"$i":"notifier_plickle","$v":"Plickle"},{"$i":"notifier_pocko","$v":"Pocko"},{"$i":"notifier_quado","$v":"Quado"},{"$i":"notifier_red","$v":"Red"},{"$i":"notifier_sato","$v":"Sato"},{"$i":"notifier_swipo","$v":"Swipo"},{"$i":"notifier_trickleup","$v":"Trickle Up"},{"$i":"notifier_trink","$v":"Trink"},{"$i":"notifier_verse","$v":"Verse"}]