[{"$i":"manage-title-2","$v":"Διαχείριση ήχων"},{"$i":"actions-share-ringtone","$v":"Μοιραστείτε τον ήχο κλήσης"},{"$i":"actions-delete-ringtone","$v":"Διαγραφή ήχου κλήσης"},{"$i":"actions-share-alerttone","$v":"Μοιραστείτε τον ήχο ειδοποίησης"},{"$i":"actions-delete-alerttone","$v":"Διαγραφή ήχου ειδοποίησης"},{"$i":"actions-cancel","$v":"Ακύρωση"},{"$i":"delete-title-ringtone","$v":"Διαγραφή ήχου κλήσης"},{"$i":"delete-title-alerttone","$v":"Διαγραφή ήχου ειδοποίησης"},{"$i":"delete-desc","$v":["Είστε σίγουροι πως θέλετε να διαγράψετε τον ήχο «",{"t":"idOrVar","v":"tone"},"»;"]},{"$i":"delete-desc-default-ringtone","$v":["Ο ήχος «",{"t":"idOrVar","v":"tone"},"» είναι ο τρέχων προεπιλεγμένος ήχος κλήσης.\n\nΕίστε σίγουροι ότι θέλετε να τον διαγράψετε;"]},{"$i":"delete-desc-default-alerttone","$v":["Ο ήχος «",{"t":"idOrVar","v":"tone"},"» είναι ο τρέχων προεπιλεγμένος ήχος ειδοποιήσεων.\n\nΕίστε σίγουροι ότι θέλετε να τον διαγράψετε;"]},{"$i":"delete-cancel","$v":"Ακύρωση"},{"$i":"delete-confirm","$v":"Διαγραφή"},{"$i":"deleted-ringtone","$v":"Ο ήχος κλήσης διαγράφηκε."},{"$i":"deleted-alerttone","$v":"Ο ήχος ειδοποίησης διαγράφηκε."},{"$i":"created-tone","$v":"Νέος ήχος δημιουργήθηκε."},{"$i":"set-default-tone","$v":"Ο ήχος ορίστηκε ως προεπιλογή."},{"$i":"sd-card-subtitle","$v":"Κάρτα SD"},{"$i":"pick-title","$v":"Επιλογή ήχου"},{"$i":"pick-set","$v":"ΟΚ"},{"$i":"section-title-builtin-ringtone","$v":["Ήχοι ",{"t":"idOrVar","v":"ringtoneSectionBrandName"}]},{"$i":"section-title-builtin-alerttone","$v":["Ειδοποιήσεις ",{"t":"idOrVar","v":"ringtoneSectionBrandName"}]},{"$i":"section-title-custom-ringtone","$v":"Οι ήχοι μου"},{"$i":"section-title-custom-alerttone","$v":"Οι ειδοποιήσεις μου"},{"$i":"create-title","$v":"Ορισμός ήχου"},{"$i":"create-save","$v":"Αποθήκευση"},{"$i":"create-cancel","$v":"Ακύρωση"},{"$i":"play-error-title","$v":"Κατεστραμμένο αρχείο"},{"$i":"play-error-desc","$v":"Το αρχείο είναι κατεστραμμένο. Δε μπορεί να χρησιμοποιηθεί για τη δημιουργία ήχου."},{"$i":"save-error-title","$v":"Ο ήχος δε δημιουργήθηκε"},{"$i":"save-error-desc","$v":"Προέκυψε σφάλμα κατά τη δημιουργία του ήχου. Παρακαλούμε προσπαθήστε ξανά."},{"$i":"default-label","$v":"Χρήση ως προεπιλεγμένο ήχο κλήσης"},{"$i":"ok","$v":"ΟΚ"},{"$i":"ringtone-untitled","$v":"Χωρίς τίτλο"},{"$i":"brandShortName","$v":"B2G OS"},{"$i":"browserBrandShortName","$v":"Web Browser"},{"$i":"browserBrandFullName","$v":"Mozilla Web Browser"},{"$i":"ringtoneBrandName","$v":"Default"},{"$i":"ringtoneSectionBrandName","$v":"System"},{"$i":"ringtone-none","$v":"Κανένας"},{"$i":"ringer_bubble","$v":"Bubble"},{"$i":"ringer_chimer","$v":"Chimer"},{"$i":"ringer_cunning","$v":"Cunning"},{"$i":"ringer_dulco","$v":"Dulco"},{"$i":"ringer_firefox2","$v":[{"t":"idOrVar","v":"ringtoneBrandName"}]},{"$i":"ringer_garden","$v":"Garden"},{"$i":"ringer_marbled","$v":"Marbled"},{"$i":"ringer_opti","$v":"Opti"},{"$i":"ringer_pecko","$v":"Pecko"},{"$i":"ringer_pingy","$v":"Pingy"},{"$i":"ringer_poppop","$v":"Pop Pop"},{"$i":"ringer_sata","$v":"Sata"},{"$i":"ringer_simple","$v":"Clean"},{"$i":"ringer_standard1","$v":"Classic"},{"$i":"ringer_standard2","$v":"Classic Fast"},{"$i":"ringer_stutter","$v":"Stutter"},{"$i":"ringer_symmetry","$v":"Symmetry"},{"$i":"ringer_tailwind","$v":"Tail Wind"},{"$i":"ringer_thoughtful","$v":"Thoughtful"},{"$i":"ringer_wit","$v":"Wit"},{"$i":"ringer_zen","$v":"Zen"},{"$i":"notifier_bells","$v":"Bells"},{"$i":"notifier_bloom","$v":"Bloom"},{"$i":"notifier_chime","$v":"Chime"},{"$i":"notifier_clicka","$v":"Clicka"},{"$i":"notifier_digi","$v":"Digi"},{"$i":"notifier_dropplet","$v":"Dropplet"},{"$i":"notifier_firefox2","$v":[{"t":"idOrVar","v":"ringtoneBrandName"}]},{"$i":"notifier_hello","$v":"Hello"},{"$i":"notifier_lowmarble","$v":"Low Marble"},{"$i":"notifier_ping","$v":"Ping"},{"$i":"notifier_plickle","$v":"Plickle"},{"$i":"notifier_pocko","$v":"Pocko"},{"$i":"notifier_quado","$v":"Quado"},{"$i":"notifier_red","$v":"Red"},{"$i":"notifier_sato","$v":"Sato"},{"$i":"notifier_swipo","$v":"Swipo"},{"$i":"notifier_trickleup","$v":"Trickle Up"},{"$i":"notifier_trink","$v":"Trink"},{"$i":"notifier_verse","$v":"Verse"}]