[{"$i":"manage-title-2","$v":"Manage Tones"},{"$i":"actions-share-ringtone","$v":"Share ringtone"},{"$i":"actions-delete-ringtone","$v":"Delete ringtone"},{"$i":"actions-share-alerttone","$v":"Share alert"},{"$i":"actions-delete-alerttone","$v":"Delete alert"},{"$i":"actions-cancel","$v":"Cancel"},{"$i":"delete-title-ringtone","$v":"Delete Ringtone"},{"$i":"delete-title-alerttone","$v":"Delete Alert"},{"$i":"delete-desc","$v":["Are you sure you want to delete \"",{"t":"idOrVar","v":"tone"},"\"?"]},{"$i":"delete-desc-default-ringtone","$v":["\"",{"t":"idOrVar","v":"tone"},"\" is the current default ringtone.\n\nAre you sure you want to delete it?"]},{"$i":"delete-desc-default-alerttone","$v":["\"",{"t":"idOrVar","v":"tone"},"\" is the current default alert.\n\nAre you sure you want to delete it?"]},{"$i":"delete-cancel","$v":"Cancel"},{"$i":"delete-confirm","$v":"Delete"},{"$i":"deleted-ringtone","$v":"Ringtone deleted."},{"$i":"deleted-alerttone","$v":"Alert deleted."},{"$i":"created-tone","$v":"New ringtone created."},{"$i":"set-default-tone","$v":"Ringtone set as default."},{"$i":"sd-card-subtitle","$v":"SD Card"},{"$i":"pick-title","$v":"Select Sound"},{"$i":"pick-set","$v":"Set"},{"$i":"section-title-builtin-ringtone","$v":[{"t":"idOrVar","v":"ringtoneSectionBrandName"}," Ringtones"]},{"$i":"section-title-builtin-alerttone","$v":[{"t":"idOrVar","v":"ringtoneSectionBrandName"}," Alerts"]},{"$i":"section-title-custom-ringtone","$v":"My Ringtones"},{"$i":"section-title-custom-alerttone","$v":"My Alerts"},{"$i":"create-title","$v":"Create Ringtone"},{"$i":"create-save","$v":"Save"},{"$i":"create-cancel","$v":"Cancel"},{"$i":"play-error-title","$v":"Corrupted File"},{"$i":"play-error-desc","$v":"The file is corrupted. It cannot be used to create a ringtone."},{"$i":"save-error-title","$v":"Ringtone Not Created"},{"$i":"save-error-desc","$v":"There was an issue creating the ringtone. Please try again."},{"$i":"default-label","$v":"Use as default ringtone"},{"$i":"ok","$v":"OK"},{"$i":"ringtone-untitled","$v":"Untitled"},{"$i":"brandShortName","$v":"B2G OS"},{"$i":"browserBrandShortName","$v":"Web Browser"},{"$i":"browserBrandFullName","$v":"Mozilla Web Browser"},{"$i":"ringtoneBrandName","$v":"Default"},{"$i":"ringtoneSectionBrandName","$v":"System"},{"$i":"ringtone-none","$v":"None"},{"$i":"ringer_bubble","$v":"Bubble"},{"$i":"ringer_chimer","$v":"Chimer"},{"$i":"ringer_cunning","$v":"Cunning"},{"$i":"ringer_dulco","$v":"Dulco"},{"$i":"ringer_firefox2","$v":[{"t":"idOrVar","v":"ringtoneBrandName"}]},{"$i":"ringer_garden","$v":"Garden"},{"$i":"ringer_marbled","$v":"Marbled"},{"$i":"ringer_opti","$v":"Opti"},{"$i":"ringer_pecko","$v":"Pecko"},{"$i":"ringer_pingy","$v":"Pingy"},{"$i":"ringer_poppop","$v":"Pop Pop"},{"$i":"ringer_sata","$v":"Sata"},{"$i":"ringer_simple","$v":"Clean"},{"$i":"ringer_standard1","$v":"Classic"},{"$i":"ringer_standard2","$v":"Classic Fast"},{"$i":"ringer_stutter","$v":"Stutter"},{"$i":"ringer_symmetry","$v":"Symmetry"},{"$i":"ringer_tailwind","$v":"Tail Wind"},{"$i":"ringer_thoughtful","$v":"Thoughtful"},{"$i":"ringer_wit","$v":"Wit"},{"$i":"ringer_zen","$v":"Zen"},{"$i":"notifier_bells","$v":"Bells"},{"$i":"notifier_bloom","$v":"Bloom"},{"$i":"notifier_chime","$v":"Chime"},{"$i":"notifier_clicka","$v":"Clicka"},{"$i":"notifier_digi","$v":"Digi"},{"$i":"notifier_dropplet","$v":"Dropplet"},{"$i":"notifier_firefox2","$v":[{"t":"idOrVar","v":"ringtoneBrandName"}]},{"$i":"notifier_hello","$v":"Hello"},{"$i":"notifier_lowmarble","$v":"Low Marble"},{"$i":"notifier_ping","$v":"Ping"},{"$i":"notifier_plickle","$v":"Plickle"},{"$i":"notifier_pocko","$v":"Pocko"},{"$i":"notifier_quado","$v":"Quado"},{"$i":"notifier_red","$v":"Red"},{"$i":"notifier_sato","$v":"Sato"},{"$i":"notifier_swipo","$v":"Swipo"},{"$i":"notifier_trickleup","$v":"Trickle Up"},{"$i":"notifier_trink","$v":"Trink"},{"$i":"notifier_verse","$v":"Verse"}]