[{"$i":"manage-title-2","$v":"Administrar tonos"},{"$i":"actions-share-ringtone","$v":"Compartir tono"},{"$i":"actions-delete-ringtone","$v":"Borrar tono"},{"$i":"actions-share-alerttone","$v":"Compartir alerta"},{"$i":"actions-delete-alerttone","$v":"Borrar alerta"},{"$i":"actions-cancel","$v":"Cancelar"},{"$i":"delete-title-ringtone","$v":"Borrar tono"},{"$i":"delete-title-alerttone","$v":"Borrar alerta"},{"$i":"delete-desc","$v":["¿Seguro que desea borrar \"",{"t":"idOrVar","v":"tone"},"\"?"]},{"$i":"delete-desc-default-ringtone","$v":["\"",{"t":"idOrVar","v":"tone"},"\" es el tono predeterminado.\\n\\n¿Seguro que desea borrarlo?"]},{"$i":"delete-desc-default-alerttone","$v":["\"",{"t":"idOrVar","v":"tone"},"\" es el tono de alarma predeterminado.\\n\\n¿Seguro que desea borrarlo?"]},{"$i":"delete-cancel","$v":"Cancelar"},{"$i":"delete-confirm","$v":"Borrar"},{"$i":"deleted-ringtone","$v":"Tono borrado."},{"$i":"deleted-alerttone","$v":"Alerta borrada."},{"$i":"created-tone","$v":"Nuevo tono creado."},{"$i":"set-default-tone","$v":"Tono configurado como predeterminado."},{"$i":"sd-card-subtitle","$v":"Tarjeta SD"},{"$i":"pick-title","$v":"Seleccionar sonido"},{"$i":"pick-set","$v":"Establecer"},{"$i":"section-title-builtin-ringtone","$v":["Tonos ",{"t":"idOrVar","v":"ringtoneSectionBrandName"}]},{"$i":"section-title-builtin-alerttone","$v":["Alertas ",{"t":"idOrVar","v":"ringtoneSectionBrandName"}]},{"$i":"section-title-custom-ringtone","$v":"Mis tonos"},{"$i":"section-title-custom-alerttone","$v":"Mis alertas"},{"$i":"create-title","$v":"Crear tono"},{"$i":"create-save","$v":"Guardar"},{"$i":"create-cancel","$v":"Cancelar"},{"$i":"play-error-title","$v":"Archivo corrupto"},{"$i":"play-error-desc","$v":"El archivo está corrupto. No puede usarse para crear un tono."},{"$i":"save-error-title","$v":"Tono no creado"},{"$i":"save-error-desc","$v":"Hubo un problema al crear el tono. Pruebe de nuevo."},{"$i":"default-label","$v":"Usar como tono predeterminado"},{"$i":"ok","$v":"Aceptar"},{"$i":"ringtone-untitled","$v":"Sin título"},{"$i":"brandShortName","$v":"B2G OS"},{"$i":"browserBrandShortName","$v":"Web Browser"},{"$i":"browserBrandFullName","$v":"Mozilla Web Browser"},{"$i":"ringtoneBrandName","$v":"Default"},{"$i":"ringtoneSectionBrandName","$v":"System"},{"$i":"ringtone-none","$v":"Ninguno"},{"$i":"ringer_bubble","$v":"Bubble"},{"$i":"ringer_chimer","$v":"Chimer"},{"$i":"ringer_cunning","$v":"Cunning"},{"$i":"ringer_dulco","$v":"Dulco"},{"$i":"ringer_firefox2","$v":[{"t":"idOrVar","v":"ringtoneBrandName"}]},{"$i":"ringer_garden","$v":"Garden"},{"$i":"ringer_marbled","$v":"Marbled"},{"$i":"ringer_opti","$v":"Opti"},{"$i":"ringer_pecko","$v":"Pecko"},{"$i":"ringer_pingy","$v":"Pingy"},{"$i":"ringer_poppop","$v":"Pop Pop"},{"$i":"ringer_sata","$v":"Sata"},{"$i":"ringer_simple","$v":"Clean"},{"$i":"ringer_standard1","$v":"Classic"},{"$i":"ringer_standard2","$v":"Classic Fast"},{"$i":"ringer_stutter","$v":"Stutter"},{"$i":"ringer_symmetry","$v":"Symmetry"},{"$i":"ringer_tailwind","$v":"Tail Wind"},{"$i":"ringer_thoughtful","$v":"Thoughtful"},{"$i":"ringer_wit","$v":"Wit"},{"$i":"ringer_zen","$v":"Zen"},{"$i":"notifier_bells","$v":"Bells"},{"$i":"notifier_bloom","$v":"Bloom"},{"$i":"notifier_chime","$v":"Chime"},{"$i":"notifier_clicka","$v":"Clicka"},{"$i":"notifier_digi","$v":"Digi"},{"$i":"notifier_dropplet","$v":"Dropplet"},{"$i":"notifier_firefox2","$v":[{"t":"idOrVar","v":"ringtoneBrandName"}]},{"$i":"notifier_hello","$v":"Hola"},{"$i":"notifier_lowmarble","$v":"Low Marble"},{"$i":"notifier_ping","$v":"Ping"},{"$i":"notifier_plickle","$v":"Plickle"},{"$i":"notifier_pocko","$v":"Pocko"},{"$i":"notifier_quado","$v":"Quado"},{"$i":"notifier_red","$v":"Red"},{"$i":"notifier_sato","$v":"Sato"},{"$i":"notifier_swipo","$v":"Swipo"},{"$i":"notifier_trickleup","$v":"Trickle Up"},{"$i":"notifier_trink","$v":"Trink"},{"$i":"notifier_verse","$v":"Verse"}]