[{"$i":"manage-title-2","$v":"Kudeatu tonuak"},{"$i":"actions-share-ringtone","$v":"Partekatu txirrin-tonua"},{"$i":"actions-delete-ringtone","$v":"Ezabatu txirrin-tonua"},{"$i":"actions-share-alerttone","$v":"Partekatu alerta"},{"$i":"actions-delete-alerttone","$v":"Ezabatu alerta"},{"$i":"actions-cancel","$v":"Utzi"},{"$i":"delete-title-ringtone","$v":"Ezabatu txirrin-tonua"},{"$i":"delete-title-alerttone","$v":"Ezabatu alerta"},{"$i":"delete-desc","$v":["Ziur zaude \"",{"t":"idOrVar","v":"tone"},"\" ezabatu nahi duzula?"]},{"$i":"delete-desc-default-ringtone","$v":["\"",{"t":"idOrVar","v":"tone"},"\" da uneko txirrin-tonu lehenetsia.\\n\\nZiur zaude ezabatu egin nahi duzula?"]},{"$i":"delete-desc-default-alerttone","$v":["\"",{"t":"idOrVar","v":"tone"},"\" da uneko abisu-tonu lehenetsia.\\n\\nZiur zaude ezabatu egin nahi duzula?"]},{"$i":"delete-cancel","$v":"Utzi"},{"$i":"delete-confirm","$v":"Ezabatu"},{"$i":"deleted-ringtone","$v":"Txirrin-tonua ezabatuta."},{"$i":"deleted-alerttone","$v":"Alerta ezabatu da."},{"$i":"created-tone","$v":"Txirrin-tonu berria sortuta."},{"$i":"set-default-tone","$v":"Txirrin-tonua lehenetsi gisa ezarrita."},{"$i":"sd-card-subtitle","$v":"SD txartela"},{"$i":"pick-title","$v":"Hautatu soinua"},{"$i":"pick-set","$v":"Ezarri"},{"$i":"section-title-builtin-ringtone","$v":[{"t":"idOrVar","v":"ringtoneSectionBrandName"}," txirrin-tonuak"]},{"$i":"section-title-builtin-alerttone","$v":[{"t":"idOrVar","v":"ringtoneSectionBrandName"}," alertak"]},{"$i":"section-title-custom-ringtone","$v":"Nire txirrin-tonuak"},{"$i":"section-title-custom-alerttone","$v":"Nire alertak"},{"$i":"create-title","$v":"Sortu txirrin-tonua"},{"$i":"create-save","$v":"Gorde"},{"$i":"create-cancel","$v":"Utzi"},{"$i":"play-error-title","$v":"Hondatutako fitxategia"},{"$i":"play-error-desc","$v":"Fitxategia hondatuta dago. Ezin da erabili txirrin-tonua sortzeko."},{"$i":"save-error-title","$v":"Txirrin-tonua ez da sortu"},{"$i":"save-error-desc","$v":"Arazo bat gertatu da txirrin-tonua sortzean. Saiatu berriro mesedez."},{"$i":"default-label","$v":"Erabili txirrin-tonu lehenetsi gisa"},{"$i":"ok","$v":"Ados"},{"$i":"ringtone-untitled","$v":"Izengabea"},{"$i":"brandShortName","$v":"B2G OS"},{"$i":"browserBrandShortName","$v":"Web Browser"},{"$i":"browserBrandFullName","$v":"Mozilla Web Browser"},{"$i":"ringtoneBrandName","$v":"Default"},{"$i":"ringtoneSectionBrandName","$v":"System"},{"$i":"ringtone-none","$v":"Bat ere ez"},{"$i":"ringer_bubble","$v":"Burbuila"},{"$i":"ringer_chimer","$v":"Ezkila-hotsak"},{"$i":"ringer_cunning","$v":"Zuhurra"},{"$i":"ringer_dulco","$v":"Orientala"},{"$i":"ringer_firefox2","$v":[{"t":"idOrVar","v":"ringtoneBrandName"}]},{"$i":"ringer_garden","$v":"Lorategia"},{"$i":"ringer_marbled","$v":"Marmolairea"},{"$i":"ringer_opti","$v":"Opti"},{"$i":"ringer_pecko","$v":"Okiltxoa"},{"$i":"ringer_pingy","$v":"Txilina"},{"$i":"ringer_poppop","$v":"Pil-pila"},{"$i":"ringer_sata","$v":"Sata"},{"$i":"ringer_simple","$v":"Garbia"},{"$i":"ringer_standard1","$v":"Klasikoa"},{"$i":"ringer_standard2","$v":"Klasiko azkarra"},{"$i":"ringer_stutter","$v":"Totela"},{"$i":"ringer_symmetry","$v":"Simetria"},{"$i":"ringer_tailwind","$v":"Atzeko haizea"},{"$i":"ringer_thoughtful","$v":"Atsegina"},{"$i":"ringer_wit","$v":"Burutsua"},{"$i":"ringer_zen","$v":"Zen"},{"$i":"notifier_bells","$v":"Kanpaiak"},{"$i":"notifier_bloom","$v":"Lorea"},{"$i":"notifier_chime","$v":"Kanpaia"},{"$i":"notifier_clicka","$v":"Clicka"},{"$i":"notifier_digi","$v":"Digi"},{"$i":"notifier_dropplet","$v":"Tantatxoa"},{"$i":"notifier_firefox2","$v":[{"t":"idOrVar","v":"ringtoneBrandName"}]},{"$i":"notifier_hello","$v":"Kaixo"},{"$i":"notifier_lowmarble","$v":"Marmolaire baxua"},{"$i":"notifier_ping","$v":"Ping-a"},{"$i":"notifier_plickle","$v":"Plickle"},{"$i":"notifier_pocko","$v":"Pocko"},{"$i":"notifier_quado","$v":"Quado"},{"$i":"notifier_red","$v":"Gorria"},{"$i":"notifier_sato","$v":"Sato"},{"$i":"notifier_swipo","$v":"Swipo"},{"$i":"notifier_trickleup","$v":"Itogina"},{"$i":"notifier_trink","$v":"Trink"},{"$i":"notifier_verse","$v":"Bertsoa"}]