[{"$i":"manage-title-2","$v":"Gérer les sonneries"},{"$i":"actions-share-ringtone","$v":"Partager la sonnerie"},{"$i":"actions-delete-ringtone","$v":"Supprimer la sonnerie"},{"$i":"actions-share-alerttone","$v":"Partager l’alerte"},{"$i":"actions-delete-alerttone","$v":"Supprimer l’alerte"},{"$i":"actions-cancel","$v":"Annuler"},{"$i":"delete-title-ringtone","$v":"Supprimer la sonnerie"},{"$i":"delete-title-alerttone","$v":"Supprimer l’alerte"},{"$i":"delete-desc","$v":["Voulez-vous vraiment supprimer « ",{"t":"idOrVar","v":"tone"}," » ?"]},{"$i":"delete-desc-default-ringtone","$v":["« ",{"t":"idOrVar","v":"tone"}," » est la sonnerie par défaut.\n\nVoulez-vous vraiment la supprimer ?"]},{"$i":"delete-desc-default-alerttone","$v":["« ",{"t":"idOrVar","v":"tone"}," » est l’alerte par défaut.\n\nVoulez-vous vraiment la supprimer ?"]},{"$i":"delete-cancel","$v":"Annuler"},{"$i":"delete-confirm","$v":"Supprimer"},{"$i":"deleted-ringtone","$v":"Sonnerie supprimée."},{"$i":"deleted-alerttone","$v":"Alerte supprimée."},{"$i":"created-tone","$v":"Nouvelle sonnerie créée."},{"$i":"set-default-tone","$v":"Définie par défaut."},{"$i":"sd-card-subtitle","$v":"Carte SD"},{"$i":"pick-title","$v":"Choisir un son"},{"$i":"pick-set","$v":"Définir"},{"$i":"section-title-builtin-ringtone","$v":["Sonneries ",{"t":"idOrVar","v":"ringtoneSectionBrandName"}]},{"$i":"section-title-builtin-alerttone","$v":["Alertes ",{"t":"idOrVar","v":"ringtoneSectionBrandName"}]},{"$i":"section-title-custom-ringtone","$v":"Mes sonneries"},{"$i":"section-title-custom-alerttone","$v":"Mes alertes"},{"$i":"create-title","$v":"Créer sonnerie"},{"$i":"create-save","$v":"Enregistrer"},{"$i":"create-cancel","$v":"Annuler"},{"$i":"play-error-title","$v":"Fichier corrompu"},{"$i":"play-error-desc","$v":"Le fichier est corrompu. Il ne peut pas être utilisé pour créer une sonnerie."},{"$i":"save-error-title","$v":"Échec de la création"},{"$i":"save-error-desc","$v":"Une erreur est survenue lors de la création de la sonnerie. Veuillez réessayer."},{"$i":"default-label","$v":"Sonnerie par défaut."},{"$i":"ok","$v":"OK"},{"$i":"ringtone-untitled","$v":"Sans titre"},{"$i":"brandShortName","$v":"B2G OS"},{"$i":"browserBrandShortName","$v":"Web Browser"},{"$i":"browserBrandFullName","$v":"Mozilla Web Browser"},{"$i":"ringtoneBrandName","$v":"Default"},{"$i":"ringtoneSectionBrandName","$v":"System"},{"$i":"ringtone-none","$v":"Aucune"},{"$i":"ringer_bubble","$v":"Dragon"},{"$i":"ringer_chimer","$v":"Partage"},{"$i":"ringer_cunning","$v":"Bleu"},{"$i":"ringer_dulco","$v":"Ambiance asiatique"},{"$i":"ringer_firefox2","$v":[{"t":"idOrVar","v":"ringtoneBrandName"}]},{"$i":"ringer_garden","$v":"Croissance"},{"$i":"ringer_marbled","$v":"Ramune"},{"$i":"ringer_opti","$v":"Transformation"},{"$i":"ringer_pecko","$v":"Pivert"},{"$i":"ringer_pingy","$v":"Téléportation"},{"$i":"ringer_poppop","$v":"Alerte vaisseau spatial"},{"$i":"ringer_sata","$v":"Lien"},{"$i":"ringer_simple","$v":"Anthropique"},{"$i":"ringer_standard1","$v":"Hyperbole"},{"$i":"ringer_standard2","$v":"Malice"},{"$i":"ringer_stutter","$v":"Phoniatrie"},{"$i":"ringer_symmetry","$v":"Autrui"},{"$i":"ringer_tailwind","$v":"Afrique"},{"$i":"ringer_thoughtful","$v":"Rêve"},{"$i":"ringer_wit","$v":"Raison"},{"$i":"ringer_zen","$v":"Verrillon"},{"$i":"notifier_bells","$v":"Campaniforme"},{"$i":"notifier_bloom","$v":"Enfance"},{"$i":"notifier_chime","$v":"Tatouage"},{"$i":"notifier_clicka","$v":"Fontaine de bambou"},{"$i":"notifier_digi","$v":"Arc"},{"$i":"notifier_dropplet","$v":"Goutte d’eau"},{"$i":"notifier_firefox2","$v":[{"t":"idOrVar","v":"ringtoneBrandName"}]},{"$i":"notifier_hello","$v":"Nouveau message"},{"$i":"notifier_lowmarble","$v":"Écho"},{"$i":"notifier_ping","$v":"Sonar"},{"$i":"notifier_plickle","$v":"Idiophone"},{"$i":"notifier_pocko","$v":"Abeille"},{"$i":"notifier_quado","$v":"Lipogramme"},{"$i":"notifier_red","$v":"Évolution"},{"$i":"notifier_sato","$v":"Aux frontières du réel"},{"$i":"notifier_swipo","$v":"Luxure"},{"$i":"notifier_trickleup","$v":"Résonance"},{"$i":"notifier_trink","$v":"Saccharification"},{"$i":"notifier_verse","$v":"Bille"}]