[{"$i":"manage-title-2","$v":"Xestionar tons"},{"$i":"actions-share-ringtone","$v":"Compartir ton"},{"$i":"actions-delete-ringtone","$v":"Eliminar ton"},{"$i":"actions-share-alerttone","$v":"Compartir alerta"},{"$i":"actions-delete-alerttone","$v":"Eliminar alerta"},{"$i":"actions-cancel","$v":"Cancelar"},{"$i":"delete-title-ringtone","$v":"Eliminar ton"},{"$i":"delete-title-alerttone","$v":"Eliminar alerta"},{"$i":"delete-desc","$v":["Confirma que quere eliminar \"",{"t":"idOrVar","v":"tone"},"\"?"]},{"$i":"delete-desc-default-ringtone","$v":["\"",{"t":"idOrVar","v":"tone"},"\" é o ton predeterminado actual.\n\nConfirma que quere eliminalo?"]},{"$i":"delete-desc-default-alerttone","$v":["\"",{"t":"idOrVar","v":"tone"},"\" é a alerta predeterminada actual.\n\nConfirma que quere eliminala?"]},{"$i":"delete-cancel","$v":"Cancelar"},{"$i":"delete-confirm","$v":"Eliminar"},{"$i":"deleted-ringtone","$v":"Eliminouse o ton."},{"$i":"deleted-alerttone","$v":"Eliminouse a alerta."},{"$i":"created-tone","$v":"Creouse un novo ton."},{"$i":"set-default-tone","$v":"Estabelecido como predeterminado."},{"$i":"sd-card-subtitle","$v":"Tarxeta SD"},{"$i":"pick-title","$v":"Seleccionar son"},{"$i":"pick-set","$v":"Estabelecer"},{"$i":"section-title-builtin-ringtone","$v":["Tons de ",{"t":"idOrVar","v":"ringtoneSectionBrandName"}]},{"$i":"section-title-builtin-alerttone","$v":["Alertas de ",{"t":"idOrVar","v":"ringtoneSectionBrandName"}]},{"$i":"section-title-custom-ringtone","$v":"Meus tons"},{"$i":"section-title-custom-alerttone","$v":"Miñas alertas"},{"$i":"create-title","$v":"Crear ton"},{"$i":"create-save","$v":"Gardar"},{"$i":"create-cancel","$v":"Cancelar"},{"$i":"play-error-title","$v":"Ficheiro danado"},{"$i":"play-error-desc","$v":"O ficheiro está dando. Non é posíbel usalo para crear un ton."},{"$i":"save-error-title","$v":"Non se creou o ton"},{"$i":"save-error-desc","$v":"Produciuse un problema ao crear o ton. Tente de novo."},{"$i":"default-label","$v":"Usar como ton predeterminado"},{"$i":"ok","$v":"Aceptar"},{"$i":"ringtone-untitled","$v":"Sen título"},{"$i":"brandShortName","$v":"B2G OS"},{"$i":"browserBrandShortName","$v":"Web Browser"},{"$i":"browserBrandFullName","$v":"Mozilla Web Browser"},{"$i":"ringtoneBrandName","$v":"Default"},{"$i":"ringtoneSectionBrandName","$v":"System"},{"$i":"ringtone-none","$v":"Ningún"},{"$i":"ringer_bubble","$v":"Bubble"},{"$i":"ringer_chimer","$v":"Chimer"},{"$i":"ringer_cunning","$v":"Cunning"},{"$i":"ringer_dulco","$v":"Dulco"},{"$i":"ringer_firefox2","$v":[{"t":"idOrVar","v":"ringtoneBrandName"}]},{"$i":"ringer_garden","$v":"Garden"},{"$i":"ringer_marbled","$v":"Marbled"},{"$i":"ringer_opti","$v":"Opti"},{"$i":"ringer_pecko","$v":"Pecko"},{"$i":"ringer_pingy","$v":"Pingy"},{"$i":"ringer_poppop","$v":"Pop Pop"},{"$i":"ringer_sata","$v":"Sata"},{"$i":"ringer_simple","$v":"Clean"},{"$i":"ringer_standard1","$v":"Classic"},{"$i":"ringer_standard2","$v":"Classic Fast"},{"$i":"ringer_stutter","$v":"Stutter"},{"$i":"ringer_symmetry","$v":"Symmetry"},{"$i":"ringer_tailwind","$v":"Tail Wind"},{"$i":"ringer_thoughtful","$v":"Thoughtful"},{"$i":"ringer_wit","$v":"Wit"},{"$i":"ringer_zen","$v":"Zen"},{"$i":"notifier_bells","$v":"Bells"},{"$i":"notifier_bloom","$v":"Bloom"},{"$i":"notifier_chime","$v":"Chime"},{"$i":"notifier_clicka","$v":"Clicka"},{"$i":"notifier_digi","$v":"Digi"},{"$i":"notifier_dropplet","$v":"Dropplet"},{"$i":"notifier_firefox2","$v":[{"t":"idOrVar","v":"ringtoneBrandName"}]},{"$i":"notifier_hello","$v":"Hello"},{"$i":"notifier_lowmarble","$v":"Low Marble"},{"$i":"notifier_ping","$v":"Ping"},{"$i":"notifier_plickle","$v":"Plickle"},{"$i":"notifier_pocko","$v":"Pocko"},{"$i":"notifier_quado","$v":"Quado"},{"$i":"notifier_red","$v":"Red"},{"$i":"notifier_sato","$v":"Sato"},{"$i":"notifier_swipo","$v":"Swipo"},{"$i":"notifier_trickleup","$v":"Trickle Up"},{"$i":"notifier_trink","$v":"Trink"},{"$i":"notifier_verse","$v":"Verse"}]