[{"$i":"manage-title-2","$v":"Hangok kezelése"},{"$i":"actions-share-ringtone","$v":"Csengőhang megosztása"},{"$i":"actions-delete-ringtone","$v":"Csengőhang törlése"},{"$i":"actions-share-alerttone","$v":"Értesítési hang megosztása"},{"$i":"actions-delete-alerttone","$v":"Értesítési hang törlése"},{"$i":"actions-cancel","$v":"Mégse"},{"$i":"delete-title-ringtone","$v":"Csengőhang törlése"},{"$i":"delete-title-alerttone","$v":"Értesítési hang törlése"},{"$i":"delete-desc","$v":["Biztosan törli a(z) „",{"t":"idOrVar","v":"tone"},"” csengőhangot?"]},{"$i":"delete-desc-default-ringtone","$v":["„",{"t":"idOrVar","v":"tone"},"” az alapértelmezett csengőhang.\n\nBiztosan törli?"]},{"$i":"delete-desc-default-alerttone","$v":["„",{"t":"idOrVar","v":"tone"},"” az alapértelmezett riasztás.\n\nBiztosan törli?"]},{"$i":"delete-cancel","$v":"Mégse"},{"$i":"delete-confirm","$v":"Törlés"},{"$i":"deleted-ringtone","$v":"Csengőhang törölve."},{"$i":"deleted-alerttone","$v":"Értesítési hang törölve."},{"$i":"created-tone","$v":"Új csengőhang létrehozva."},{"$i":"set-default-tone","$v":"Alapértelmezett csengőhang beállítva."},{"$i":"sd-card-subtitle","$v":"SD kártya"},{"$i":"pick-title","$v":"Hang kiválasztása"},{"$i":"pick-set","$v":"Beállítás"},{"$i":"section-title-builtin-ringtone","$v":[{"t":"idOrVar","v":"ringtoneSectionBrandName"}," Csengőhangok"]},{"$i":"section-title-builtin-alerttone","$v":[{"t":"idOrVar","v":"ringtoneSectionBrandName"}," Riasztások"]},{"$i":"section-title-custom-ringtone","$v":"Csengőhangok"},{"$i":"section-title-custom-alerttone","$v":"Riasztások"},{"$i":"create-title","$v":"Új csengőhang"},{"$i":"create-save","$v":"Mentés"},{"$i":"create-cancel","$v":"Mégse"},{"$i":"play-error-title","$v":"Érvénytelen fájl"},{"$i":"play-error-desc","$v":"A fájl érvénytelen. Nem használható fel csengőhangként."},{"$i":"save-error-title","$v":"Csengőhang létrehozása sikertelen"},{"$i":"save-error-desc","$v":"Hiba a csengőhang létrehozásakor. Próbálja újra."},{"$i":"default-label","$v":"Beállítás alapértelmezett csengőhangként."},{"$i":"ok","$v":"OK"},{"$i":"ringtone-untitled","$v":"Névtelen"},{"$i":"brandShortName","$v":"B2G OS"},{"$i":"browserBrandShortName","$v":"Web Browser"},{"$i":"browserBrandFullName","$v":"Mozilla Web Browser"},{"$i":"ringtoneBrandName","$v":"Default"},{"$i":"ringtoneSectionBrandName","$v":"System"},{"$i":"ringtone-none","$v":"Nincs"},{"$i":"ringer_bubble","$v":"Buborék"},{"$i":"ringer_chimer","$v":"Harangjáték"},{"$i":"ringer_cunning","$v":"Elbűvölő"},{"$i":"ringer_dulco","$v":"Ősi"},{"$i":"ringer_firefox2","$v":[{"t":"idOrVar","v":"ringtoneBrandName"}]},{"$i":"ringer_garden","$v":"Kert"},{"$i":"ringer_marbled","$v":"Márvány"},{"$i":"ringer_opti","$v":"Válasz"},{"$i":"ringer_pecko","$v":"Fakopács"},{"$i":"ringer_pingy","$v":"Láncszemek"},{"$i":"ringer_poppop","$v":"Pop Pop"},{"$i":"ringer_sata","$v":"Végzet"},{"$i":"ringer_simple","$v":"Tisztaság"},{"$i":"ringer_standard1","$v":"Klasszikus"},{"$i":"ringer_standard2","$v":"Klasszikus gyorsan"},{"$i":"ringer_stutter","$v":"Dadogó"},{"$i":"ringer_symmetry","$v":"Szimmetria"},{"$i":"ringer_tailwind","$v":"Hátszél"},{"$i":"ringer_thoughtful","$v":"Gondolkodó"},{"$i":"ringer_wit","$v":"Eszes"},{"$i":"ringer_zen","$v":"Zen"},{"$i":"notifier_bells","$v":"Csengők"},{"$i":"notifier_bloom","$v":"Virágzás"},{"$i":"notifier_chime","$v":"Harangszó"},{"$i":"notifier_clicka","$v":"Kattanás"},{"$i":"notifier_digi","$v":"Adat"},{"$i":"notifier_dropplet","$v":"Cseppek"},{"$i":"notifier_firefox2","$v":[{"t":"idOrVar","v":"ringtoneBrandName"}]},{"$i":"notifier_hello","$v":"Helló"},{"$i":"notifier_lowmarble","$v":"Játékgolyó"},{"$i":"notifier_ping","$v":"Pittyegés"},{"$i":"notifier_plickle","$v":"Gyöngyszemek"},{"$i":"notifier_pocko","$v":"Leesett"},{"$i":"notifier_quado","$v":"Négyszög"},{"$i":"notifier_red","$v":"Vörös"},{"$i":"notifier_sato","$v":"Ötlet"},{"$i":"notifier_swipo","$v":"Csúszás"},{"$i":"notifier_trickleup","$v":"Csörgedezés"},{"$i":"notifier_trink","$v":"Madárfütty"},{"$i":"notifier_verse","$v":"Verssor"}]