[{"$i":"manage-title-2","$v":"Gestione suoni"},{"$i":"actions-share-ringtone","$v":"Condividi suoneria"},{"$i":"actions-delete-ringtone","$v":"Elimina suoneria"},{"$i":"actions-share-alerttone","$v":"Condividi avviso"},{"$i":"actions-delete-alerttone","$v":"Elimina avviso"},{"$i":"actions-cancel","$v":"Annulla"},{"$i":"delete-title-ringtone","$v":"Elimina suoneria"},{"$i":"delete-title-alerttone","$v":"Elimina avviso"},{"$i":"delete-desc","$v":["Eliminare la suoneria “",{"t":"idOrVar","v":"tone"},"”?"]},{"$i":"delete-desc-default-ringtone","$v":["“",{"t":"idOrVar","v":"tone"},"” è attualmente la suoneria predefinita.\n\nProcedere con l’eliminazione?"]},{"$i":"delete-desc-default-alerttone","$v":["“",{"t":"idOrVar","v":"tone"},"” è attualmente l’allarme predefinito.\n\nProcedere con l’eliminazione?"]},{"$i":"delete-cancel","$v":"Annulla"},{"$i":"delete-confirm","$v":"Elimina"},{"$i":"deleted-ringtone","$v":"Suoneria eliminata."},{"$i":"deleted-alerttone","$v":"Avviso eliminato."},{"$i":"created-tone","$v":"Creata nuova suoneria."},{"$i":"set-default-tone","$v":"Suoneria impostata come predefinita."},{"$i":"sd-card-subtitle","$v":"Scheda SD"},{"$i":"pick-title","$v":"Seleziona suono"},{"$i":"pick-set","$v":"Imposta"},{"$i":"section-title-builtin-ringtone","$v":["Suonerie di ",{"t":"idOrVar","v":"ringtoneSectionBrandName"}]},{"$i":"section-title-builtin-alerttone","$v":["Avvisi di ",{"t":"idOrVar","v":"ringtoneSectionBrandName"}]},{"$i":"section-title-custom-ringtone","$v":"Suonerie personalizzate"},{"$i":"section-title-custom-alerttone","$v":"Avvisi personalizzati"},{"$i":"create-title","$v":"Crea suoneria"},{"$i":"create-save","$v":"Salva"},{"$i":"create-cancel","$v":"Annulla"},{"$i":"play-error-title","$v":"File danneggiato"},{"$i":"play-error-desc","$v":"Il file è danneggiato e non può essere utilizzato per creare una suoneria."},{"$i":"save-error-title","$v":"Suoneria non creata"},{"$i":"save-error-desc","$v":"Si è verificato un errore durante la creazione della suoneria. Riprovare."},{"$i":"default-label","$v":"Utilizza come suoneria predefinita"},{"$i":"ok","$v":"OK"},{"$i":"ringtone-untitled","$v":"Senza titolo"},{"$i":"brandShortName","$v":"B2G OS"},{"$i":"browserBrandShortName","$v":"Web Browser"},{"$i":"browserBrandFullName","$v":"Mozilla Web Browser"},{"$i":"ringtoneBrandName","$v":"Default"},{"$i":"ringtoneSectionBrandName","$v":"System"},{"$i":"ringtone-none","$v":"Nessuna"},{"$i":"ringer_bubble","$v":"Bubble"},{"$i":"ringer_chimer","$v":"Chimer"},{"$i":"ringer_cunning","$v":"Cunning"},{"$i":"ringer_dulco","$v":"Dulco"},{"$i":"ringer_firefox2","$v":[{"t":"idOrVar","v":"ringtoneBrandName"}]},{"$i":"ringer_garden","$v":"Garden"},{"$i":"ringer_marbled","$v":"Marbled"},{"$i":"ringer_opti","$v":"Opti"},{"$i":"ringer_pecko","$v":"Pecko"},{"$i":"ringer_pingy","$v":"Pingy"},{"$i":"ringer_poppop","$v":"Pop Pop"},{"$i":"ringer_sata","$v":"Sata"},{"$i":"ringer_simple","$v":"Clean"},{"$i":"ringer_standard1","$v":"Classic"},{"$i":"ringer_standard2","$v":"Classic Fast"},{"$i":"ringer_stutter","$v":"Stutter"},{"$i":"ringer_symmetry","$v":"Symmetry"},{"$i":"ringer_tailwind","$v":"Tail Wind"},{"$i":"ringer_thoughtful","$v":"Thoughtful"},{"$i":"ringer_wit","$v":"Wit"},{"$i":"ringer_zen","$v":"Zen"},{"$i":"notifier_bells","$v":"Bells"},{"$i":"notifier_bloom","$v":"Bloom"},{"$i":"notifier_chime","$v":"Chime"},{"$i":"notifier_clicka","$v":"Clicka"},{"$i":"notifier_digi","$v":"Digi"},{"$i":"notifier_dropplet","$v":"Dropplet"},{"$i":"notifier_firefox2","$v":[{"t":"idOrVar","v":"ringtoneBrandName"}]},{"$i":"notifier_hello","$v":"Hello"},{"$i":"notifier_lowmarble","$v":"Low Marble"},{"$i":"notifier_ping","$v":"Ping"},{"$i":"notifier_plickle","$v":"Plickle"},{"$i":"notifier_pocko","$v":"Pocko"},{"$i":"notifier_quado","$v":"Quado"},{"$i":"notifier_red","$v":"Red"},{"$i":"notifier_sato","$v":"Sato"},{"$i":"notifier_swipo","$v":"Swipo"},{"$i":"notifier_trickleup","$v":"Trickle Up"},{"$i":"notifier_trink","$v":"Trink"},{"$i":"notifier_verse","$v":"Verse"}]