[{"$i":"manage-title-2","$v":"着信音の管理"},{"$i":"actions-share-ringtone","$v":"着信音を共有する"},{"$i":"actions-delete-ringtone","$v":"着信音を削除する"},{"$i":"actions-share-alerttone","$v":"通知音を共有する"},{"$i":"actions-delete-alerttone","$v":"通知音を削除する"},{"$i":"actions-cancel","$v":"キャンセル"},{"$i":"delete-title-ringtone","$v":"着信音の削除"},{"$i":"delete-title-alerttone","$v":"通知音の削除"},{"$i":"delete-desc","$v":["本当に \"",{"t":"idOrVar","v":"tone"},"\" を削除してもよろしいですか？"]},{"$i":"delete-desc-default-ringtone","$v":["\"",{"t":"idOrVar","v":"tone"},"\" は現在の既定の着信音です。\n\n本当に削除してもよろしいですか？"]},{"$i":"delete-desc-default-alerttone","$v":["\"",{"t":"idOrVar","v":"tone"},"\" は現在の既定の通知音です。\n\n本当に削除してもよろしいですか？"]},{"$i":"delete-cancel","$v":"キャンセル"},{"$i":"delete-confirm","$v":"削除"},{"$i":"deleted-ringtone","$v":"着信音を削除しました。"},{"$i":"deleted-alerttone","$v":"通知音を削除しました。"},{"$i":"created-tone","$v":"新しい着信音を作成しました。"},{"$i":"set-default-tone","$v":"着信音を既定に設定しました。"},{"$i":"sd-card-subtitle","$v":"SD カード"},{"$i":"pick-title","$v":"サウンドの選択"},{"$i":"pick-set","$v":"設定"},{"$i":"section-title-builtin-ringtone","$v":[{"t":"idOrVar","v":"ringtoneSectionBrandName"}," 着信音"]},{"$i":"section-title-builtin-alerttone","$v":[{"t":"idOrVar","v":"ringtoneSectionBrandName"}," 通知音"]},{"$i":"section-title-custom-ringtone","$v":"カスタム着信音"},{"$i":"section-title-custom-alerttone","$v":"カスタム通知音"},{"$i":"create-title","$v":"着信音の作成"},{"$i":"create-save","$v":"保存"},{"$i":"create-cancel","$v":"キャンセル"},{"$i":"play-error-title","$v":"ファイルが壊れています"},{"$i":"play-error-desc","$v":"このファイルは壊れています。着信音の作成に使用できません。"},{"$i":"save-error-title","$v":"着信音の作成失敗"},{"$i":"save-error-desc","$v":"問題が発生したため着信音を作成できませんでした。再度試してください。"},{"$i":"default-label","$v":"既定の着信音に設定する"},{"$i":"ok","$v":"OK"},{"$i":"ringtone-untitled","$v":"無題"},{"$i":"brandShortName","$v":"B2G OS"},{"$i":"browserBrandShortName","$v":"Web Browser"},{"$i":"browserBrandFullName","$v":"Mozilla Web Browser"},{"$i":"ringtoneBrandName","$v":"Default"},{"$i":"ringtoneSectionBrandName","$v":"System"},{"$i":"ringtone-none","$v":"なし"},{"$i":"ringer_bubble","$v":"Bubble"},{"$i":"ringer_chimer","$v":"Chimer"},{"$i":"ringer_cunning","$v":"Cunning"},{"$i":"ringer_dulco","$v":"Dulco"},{"$i":"ringer_firefox2","$v":[{"t":"idOrVar","v":"ringtoneBrandName"}]},{"$i":"ringer_garden","$v":"Garden"},{"$i":"ringer_marbled","$v":"Marbled"},{"$i":"ringer_opti","$v":"Opti"},{"$i":"ringer_pecko","$v":"Pecko"},{"$i":"ringer_pingy","$v":"Pingy"},{"$i":"ringer_poppop","$v":"Pop Pop"},{"$i":"ringer_sata","$v":"Sata"},{"$i":"ringer_simple","$v":"Clean"},{"$i":"ringer_standard1","$v":"Classic"},{"$i":"ringer_standard2","$v":"Classic Fast"},{"$i":"ringer_stutter","$v":"Stutter"},{"$i":"ringer_symmetry","$v":"Symmetry"},{"$i":"ringer_tailwind","$v":"Tail Wind"},{"$i":"ringer_thoughtful","$v":"Thoughtful"},{"$i":"ringer_wit","$v":"Wit"},{"$i":"ringer_zen","$v":"Zen"},{"$i":"notifier_bells","$v":"Bells"},{"$i":"notifier_bloom","$v":"Bloom"},{"$i":"notifier_chime","$v":"Chime"},{"$i":"notifier_clicka","$v":"Clicka"},{"$i":"notifier_digi","$v":"Digi"},{"$i":"notifier_dropplet","$v":"Dropplet"},{"$i":"notifier_firefox2","$v":[{"t":"idOrVar","v":"ringtoneBrandName"}]},{"$i":"notifier_hello","$v":"Hello"},{"$i":"notifier_lowmarble","$v":"Low Marble"},{"$i":"notifier_ping","$v":"Ping"},{"$i":"notifier_plickle","$v":"Plickle"},{"$i":"notifier_pocko","$v":"Pocko"},{"$i":"notifier_quado","$v":"Quado"},{"$i":"notifier_red","$v":"Red"},{"$i":"notifier_sato","$v":"Sato"},{"$i":"notifier_swipo","$v":"Swipo"},{"$i":"notifier_trickleup","$v":"Trickle Up"},{"$i":"notifier_trink","$v":"Trink"},{"$i":"notifier_verse","$v":"Verse"}]