[{"$i":"manage-title-2","$v":"Manage Tones"},{"$i":"actions-share-ringtone","$v":"ចែក​រំលែក​សំឡេង​រោទ៍"},{"$i":"actions-delete-ringtone","$v":"លុប​សំឡេង​រោទ៍"},{"$i":"actions-share-alerttone","$v":"Share alert"},{"$i":"actions-delete-alerttone","$v":"Delete alert"},{"$i":"actions-cancel","$v":"បោះបង់"},{"$i":"delete-title-ringtone","$v":"លុប​សំឡេង​រោទ៍"},{"$i":"delete-title-alerttone","$v":"Delete Alert"},{"$i":"delete-desc","$v":["តើ​អ្នក​ពិត​ជា​ចង់​លុប \"",{"t":"idOrVar","v":"tone"},"\" មែន​ទេ?"]},{"$i":"delete-desc-default-ringtone","$v":["\"",{"t":"idOrVar","v":"tone"},"\" ជា​សំឡេង​រោទ៍​លំនាំដើម​បច្ចុប្បន្ន។\\n\\nតើ​អ្នក​ប្រាកដ​ជា​ចង់​លុប​វា​ឬ?"]},{"$i":"delete-desc-default-alerttone","$v":["\"",{"t":"idOrVar","v":"tone"},"\" ជា​ការ​ជូនដំណឹង​លំនាំដើម​បច្ចុប្បន្ន។\\n\\nតើ​អ្នក​ប្រាកដ​ជា​ចង់​លុប​វា​ឬ?"]},{"$i":"delete-cancel","$v":"បោះបង់"},{"$i":"delete-confirm","$v":"លុប"},{"$i":"deleted-ringtone","$v":"បាន​លុប​សំឡេង​រោទ៍។"},{"$i":"deleted-alerttone","$v":"Alert deleted."},{"$i":"created-tone","$v":"បាន​បង្កើត​សំឡេង​រោទ៍​ថ្មី។"},{"$i":"set-default-tone","$v":"បាន​កំណត់​សំឡេង​រោទ៍​ជា​លំនាំ​ដើម។"},{"$i":"sd-card-subtitle","$v":"SD Card"},{"$i":"pick-title","$v":"ជ្រើស​សំឡេង"},{"$i":"pick-set","$v":"Set"},{"$i":"section-title-builtin-ringtone","$v":[{"t":"idOrVar","v":"ringtoneSectionBrandName"}," Ringtones"]},{"$i":"section-title-builtin-alerttone","$v":[{"t":"idOrVar","v":"ringtoneSectionBrandName"}," Alerts"]},{"$i":"section-title-custom-ringtone","$v":"My Ringtones"},{"$i":"section-title-custom-alerttone","$v":"My Alerts"},{"$i":"create-title","$v":"បង្កើត​សំឡេង​រោទ៍"},{"$i":"create-save","$v":"រក្សាទុក"},{"$i":"create-cancel","$v":"បោះបង់"},{"$i":"play-error-title","$v":"ឯកសារ​ខូច"},{"$i":"play-error-desc","$v":"ឯកសារ​នេះ​ខូច ដូច្នេះ​មិន​អាច​ប្រើ​ក្នុង​ការ​បង្កើត​សំឡេង​រោទ៍​បាន​ឡើយ។"},{"$i":"save-error-title","$v":"មិន​បាន​បង្កើត​សំឡេង​រោទ៍"},{"$i":"save-error-desc","$v":"មាន​បញ្ហា​បាន​កើត​ឡើង​ក្នុង​ការ​បង្កើត​សំឡេង​រោទ៍។ សូម​ព្យាយាម​ម្ដង​ទៀត។"},{"$i":"default-label","$v":"ប្រើ​ជា​សំឡេង​រោទ៍​លំនាំ​ដើម"},{"$i":"ok","$v":"យល់ព្រម"},{"$i":"ringtone-untitled","$v":"គ្មាន​ចំណង​ជើង"},{"$i":"brandShortName","$v":"B2G OS"},{"$i":"browserBrandShortName","$v":"Web Browser"},{"$i":"browserBrandFullName","$v":"Mozilla Web Browser"},{"$i":"ringtoneBrandName","$v":"Default"},{"$i":"ringtoneSectionBrandName","$v":"System"},{"$i":"ringtone-none","$v":"គ្មាន"},{"$i":"ringer_bubble","$v":"Bubble"},{"$i":"ringer_chimer","$v":"Chimer"},{"$i":"ringer_cunning","$v":"Cunning"},{"$i":"ringer_dulco","$v":"Dulco"},{"$i":"ringer_firefox2","$v":[{"t":"idOrVar","v":"ringtoneBrandName"}]},{"$i":"ringer_garden","$v":"Garden"},{"$i":"ringer_marbled","$v":"Marbled"},{"$i":"ringer_opti","$v":"Opti"},{"$i":"ringer_pecko","$v":"Pecko"},{"$i":"ringer_pingy","$v":"Pingy"},{"$i":"ringer_poppop","$v":"Pop Pop"},{"$i":"ringer_sata","$v":"Sata"},{"$i":"ringer_simple","$v":"Clean"},{"$i":"ringer_standard1","$v":"Classic"},{"$i":"ringer_standard2","$v":"Classic Fast"},{"$i":"ringer_stutter","$v":"Stutter"},{"$i":"ringer_symmetry","$v":"Symmetry"},{"$i":"ringer_tailwind","$v":"Tail Wind"},{"$i":"ringer_thoughtful","$v":"Thoughtful"},{"$i":"ringer_wit","$v":"Wit"},{"$i":"ringer_zen","$v":"Zen"},{"$i":"notifier_bells","$v":"Bells"},{"$i":"notifier_bloom","$v":"Bloom"},{"$i":"notifier_chime","$v":"Chime"},{"$i":"notifier_clicka","$v":"Clicka"},{"$i":"notifier_digi","$v":"Digi"},{"$i":"notifier_dropplet","$v":"Dropplet"},{"$i":"notifier_firefox2","$v":[{"t":"idOrVar","v":"ringtoneBrandName"}]},{"$i":"notifier_hello","$v":"Hello"},{"$i":"notifier_lowmarble","$v":"Low Marble"},{"$i":"notifier_ping","$v":"Ping"},{"$i":"notifier_plickle","$v":"Plickle"},{"$i":"notifier_pocko","$v":"Pocko"},{"$i":"notifier_quado","$v":"Quado"},{"$i":"notifier_red","$v":"Red"},{"$i":"notifier_sato","$v":"Sato"},{"$i":"notifier_swipo","$v":"Swipo"},{"$i":"notifier_trickleup","$v":"Trickle Up"},{"$i":"notifier_trink","$v":"Trink"},{"$i":"notifier_verse","$v":"Verse"}]