[{"$i":"manage-title-2","$v":"소리 관리"},{"$i":"actions-share-ringtone","$v":"벨소리 공유"},{"$i":"actions-delete-ringtone","$v":"벨소리 삭제"},{"$i":"actions-share-alerttone","$v":"경고음 공유"},{"$i":"actions-delete-alerttone","$v":"경고음 삭제"},{"$i":"actions-cancel","$v":"취소"},{"$i":"delete-title-ringtone","$v":"벨소리 삭제"},{"$i":"delete-title-alerttone","$v":"경고음 삭제"},{"$i":"delete-desc","$v":["\"",{"t":"idOrVar","v":"tone"},"\" 소리를 삭제하시겠습니까?"]},{"$i":"delete-desc-default-ringtone","$v":["\"",{"t":"idOrVar","v":"tone"},"\" 소리는 현재 기본 벨소리입니다.\n\n정말로 지우시겠습니까?"]},{"$i":"delete-desc-default-alerttone","$v":["\"",{"t":"idOrVar","v":"tone"},"\" 소리는 현재 기본 경고음입니다.\n\n정말로 지우시겠습니까?"]},{"$i":"delete-cancel","$v":"취소"},{"$i":"delete-confirm","$v":"삭제"},{"$i":"deleted-ringtone","$v":"벨소리가 지워졌습니다."},{"$i":"deleted-alerttone","$v":"경고음이 지워졌습니다."},{"$i":"created-tone","$v":"새 벨소리가 만들어졌습니다."},{"$i":"set-default-tone","$v":"기본 벨소리로 설정되었습니다."},{"$i":"sd-card-subtitle","$v":"SD 카드"},{"$i":"pick-title","$v":"소리 선택"},{"$i":"pick-set","$v":"설정"},{"$i":"section-title-builtin-ringtone","$v":[{"t":"idOrVar","v":"ringtoneSectionBrandName"}," 벨소리"]},{"$i":"section-title-builtin-alerttone","$v":[{"t":"idOrVar","v":"ringtoneSectionBrandName"}," 경고음"]},{"$i":"section-title-custom-ringtone","$v":"내 벨소리"},{"$i":"section-title-custom-alerttone","$v":"내 경고음"},{"$i":"create-title","$v":"벨소리 만들기"},{"$i":"create-save","$v":"저장"},{"$i":"create-cancel","$v":"취소"},{"$i":"play-error-title","$v":"꺠진 파일"},{"$i":"play-error-desc","$v":"파일이 깨졌습니다. 벨소리로 사용할 수 없습니다."},{"$i":"save-error-title","$v":"벨소리가 생성되지 않음"},{"$i":"save-error-desc","$v":"벨소리를 만드는데 문제가 발생하였습니다. 다시 시도해 주세요."},{"$i":"default-label","$v":"기본 벨소리로 사용"},{"$i":"ok","$v":"OK"},{"$i":"ringtone-untitled","$v":"이름없음"},{"$i":"brandShortName","$v":"B2G OS"},{"$i":"browserBrandShortName","$v":"Web Browser"},{"$i":"browserBrandFullName","$v":"Mozilla Web Browser"},{"$i":"ringtoneBrandName","$v":"Default"},{"$i":"ringtoneSectionBrandName","$v":"System"},{"$i":"ringtone-none","$v":"없음"},{"$i":"ringer_bubble","$v":"거품"},{"$i":"ringer_chimer","$v":"종소리"},{"$i":"ringer_cunning","$v":"컨닝"},{"$i":"ringer_dulco","$v":"둘코"},{"$i":"ringer_firefox2","$v":[{"t":"idOrVar","v":"ringtoneBrandName"}]},{"$i":"ringer_garden","$v":"정원"},{"$i":"ringer_marbled","$v":"대리석"},{"$i":"ringer_opti","$v":"옵티"},{"$i":"ringer_pecko","$v":"팩코"},{"$i":"ringer_pingy","$v":"핑기"},{"$i":"ringer_poppop","$v":"팝팝"},{"$i":"ringer_sata","$v":"사타"},{"$i":"ringer_simple","$v":"깨끗한"},{"$i":"ringer_standard1","$v":"클래식"},{"$i":"ringer_standard2","$v":"빠른 클래식"},{"$i":"ringer_stutter","$v":"더듬더듬"},{"$i":"ringer_symmetry","$v":"균형"},{"$i":"ringer_tailwind","$v":"순풍"},{"$i":"ringer_thoughtful","$v":"사색"},{"$i":"ringer_wit","$v":"재치"},{"$i":"ringer_zen","$v":"고요"},{"$i":"notifier_bells","$v":"벨"},{"$i":"notifier_bloom","$v":"개화"},{"$i":"notifier_chime","$v":"종소리"},{"$i":"notifier_clicka","$v":"클리카"},{"$i":"notifier_digi","$v":"디기"},{"$i":"notifier_dropplet","$v":"똑똑"},{"$i":"notifier_firefox2","$v":[{"t":"idOrVar","v":"ringtoneBrandName"}]},{"$i":"notifier_hello","$v":"헬로우"},{"$i":"notifier_lowmarble","$v":"대리석 저음"},{"$i":"notifier_ping","$v":"핑"},{"$i":"notifier_plickle","$v":"플리클"},{"$i":"notifier_pocko","$v":"폭코"},{"$i":"notifier_quado","$v":"쿼도"},{"$i":"notifier_red","$v":"빨강"},{"$i":"notifier_sato","$v":"사토"},{"$i":"notifier_swipo","$v":"스위포"},{"$i":"notifier_trickleup","$v":"상승"},{"$i":"notifier_trink","$v":"방울"},{"$i":"notifier_verse","$v":"시"}]