[{"$i":"manage-title-2","$v":"Garsų tvarkymas"},{"$i":"actions-share-ringtone","$v":"Dalintis skambėjimo garsu"},{"$i":"actions-delete-ringtone","$v":"Šalinti skambėjimo garsą"},{"$i":"actions-share-alerttone","$v":"Dalintis įspėjimo garsu"},{"$i":"actions-delete-alerttone","$v":"Šalinti įspėjimo garsą"},{"$i":"actions-cancel","$v":"Atsisakyti"},{"$i":"delete-title-ringtone","$v":"Skambėjimo garso šalinimas"},{"$i":"delete-title-alerttone","$v":"Įspėjimo garso šalinimas"},{"$i":"delete-desc","$v":["Ar tikrai norite pašalinti skambėjimo garsą „",{"t":"idOrVar","v":"tone"},"“?"]},{"$i":"delete-desc-default-ringtone","$v":["„",{"t":"idOrVar","v":"tone"},"“ yra dabar naudojamas skambėjimo garsas.\n\nAr tikrai norite jį pašalinti?"]},{"$i":"delete-desc-default-alerttone","$v":["„",{"t":"idOrVar","v":"tone"},"“ yra dabar naudojamas įspėjimo garsas.\n\nAr tikrai norite jį pašalinti?"]},{"$i":"delete-cancel","$v":"Atsisakyti"},{"$i":"delete-confirm","$v":"Šalinti"},{"$i":"deleted-ringtone","$v":"Skambėjimo garsas pašalintas."},{"$i":"deleted-alerttone","$v":"Įspėjimo garsas pašalintas."},{"$i":"created-tone","$v":"Sukurtas naujas skambėjimo garsas."},{"$i":"set-default-tone","$v":"Skambėjimo garsas skirtas numatytuoju."},{"$i":"sd-card-subtitle","$v":"Atminties kortelė"},{"$i":"pick-title","$v":"Parinkite garsą"},{"$i":"pick-set","$v":"Gerai"},{"$i":"section-title-builtin-ringtone","$v":["„",{"t":"idOrVar","v":"ringtoneSectionBrandName"},"“ skambėjimo garsai"]},{"$i":"section-title-builtin-alerttone","$v":["„",{"t":"idOrVar","v":"ringtoneSectionBrandName"},"“ įspėjimo garsai"]},{"$i":"section-title-custom-ringtone","$v":"Jūsų skambėjimo garsai"},{"$i":"section-title-custom-alerttone","$v":"Jūsų įspėjimo garsai"},{"$i":"create-title","$v":"Skamb. garso kūrimas"},{"$i":"create-save","$v":"Įrašyti"},{"$i":"create-cancel","$v":"Atsisakyti"},{"$i":"play-error-title","$v":"Failas sugadintas"},{"$i":"play-error-desc","$v":"Šis failas sugadintas. Jo panaudoti skambėjimo garsui sukurti neįmanoma."},{"$i":"save-error-title","$v":"Skambėjimo garsas nesukurtas"},{"$i":"save-error-desc","$v":"Kuriant skambėjimo garsą, iškilo nesklandumų. Pabandykite dar kartą."},{"$i":"default-label","$v":"Skirti numatytuoju skambėjimo garsu"},{"$i":"ok","$v":"Gerai"},{"$i":"ringtone-untitled","$v":"Be pavadinimo"},{"$i":"brandShortName","$v":"B2G OS"},{"$i":"browserBrandShortName","$v":"Web Browser"},{"$i":"browserBrandFullName","$v":"Mozilla Web Browser"},{"$i":"ringtoneBrandName","$v":"Default"},{"$i":"ringtoneSectionBrandName","$v":"System"},{"$i":"ringtone-none","$v":"Be garso"},{"$i":"ringer_bubble","$v":"Burbuliukai"},{"$i":"ringer_chimer","$v":"Varpelis"},{"$i":"ringer_cunning","$v":"Mielas"},{"$i":"ringer_dulco","$v":"Kanklės"},{"$i":"ringer_firefox2","$v":[{"t":"idOrVar","v":"ringtoneBrandName"}]},{"$i":"ringer_garden","$v":"Sodas"},{"$i":"ringer_marbled","$v":"Marmuro rutuliukai"},{"$i":"ringer_opti","$v":"Lietutis"},{"$i":"ringer_pecko","$v":"Genys"},{"$i":"ringer_pingy","$v":"Pypsiukas"},{"$i":"ringer_poppop","$v":"Pop Pop"},{"$i":"ringer_sata","$v":"Etiudas"},{"$i":"ringer_simple","$v":"Paprastas"},{"$i":"ringer_standard1","$v":"Klasikinis"},{"$i":"ringer_standard2","$v":"Klasikinis greitas"},{"$i":"ringer_stutter","$v":"Žvirbliai"},{"$i":"ringer_symmetry","$v":"Simetrija"},{"$i":"ringer_tailwind","$v":"Pavėjui"},{"$i":"ringer_thoughtful","$v":"Mąslus"},{"$i":"ringer_wit","$v":"Gudrus"},{"$i":"ringer_zen","$v":"Pusiausvyra"},{"$i":"notifier_bells","$v":"Skambutis"},{"$i":"notifier_bloom","$v":"Duslus"},{"$i":"notifier_chime","$v":"Varpelis"},{"$i":"notifier_clicka","$v":"Tik tak"},{"$i":"notifier_digi","$v":"Styga"},{"$i":"notifier_dropplet","$v":"Lašelis"},{"$i":"notifier_firefox2","$v":[{"t":"idOrVar","v":"ringtoneBrandName"}]},{"$i":"notifier_hello","$v":"Sveiki"},{"$i":"notifier_lowmarble","$v":"Marmuro rutuliukas"},{"$i":"notifier_ping","$v":"Pyptelėjimas"},{"$i":"notifier_plickle","$v":"Pelytė"},{"$i":"notifier_pocko","$v":"Skylutė"},{"$i":"notifier_quado","$v":"Ketvertukas"},{"$i":"notifier_red","$v":"Raudonas"},{"$i":"notifier_sato","$v":"Aidas"},{"$i":"notifier_swipo","$v":"Butelio kakliukas"},{"$i":"notifier_trickleup","$v":"Srovelė"},{"$i":"notifier_trink","$v":"Čir čir"},{"$i":"notifier_verse","$v":"Akordas"}]