[{"$i":"manage-title-2","$v":"Urus Ton"},{"$i":"actions-share-ringtone","$v":"Kongsi nada dering"},{"$i":"actions-delete-ringtone","$v":"Hapus nada dering"},{"$i":"actions-share-alerttone","$v":"Share alert"},{"$i":"actions-delete-alerttone","$v":"Delete alert"},{"$i":"actions-cancel","$v":"Batal"},{"$i":"delete-title-ringtone","$v":"Hapus Nada Dering"},{"$i":"delete-title-alerttone","$v":"Delete Alert"},{"$i":"delete-desc","$v":["Adakah anda pasti untuk menghapus \"",{"t":"idOrVar","v":"tone"},"\"?"]},{"$i":"delete-desc-default-ringtone","$v":["\"",{"t":"idOrVar","v":"tone"},"\" Kini sebagai nada dering lalai.\\n\\nAdakah anda pasti untuk menghapusnya?"]},{"$i":"delete-desc-default-alerttone","$v":["\"",{"t":"idOrVar","v":"tone"},"\" Kini sebagai waspada lalai.\\n\\nAdakah anda pasti untuk menghapusnya?"]},{"$i":"delete-cancel","$v":"Batal"},{"$i":"delete-confirm","$v":"Hapus"},{"$i":"deleted-ringtone","$v":"Nada dering dipadam."},{"$i":"deleted-alerttone","$v":"Alert deleted."},{"$i":"created-tone","$v":"Nada dering baru dicipta."},{"$i":"set-default-tone","$v":"Nada dering ditetapkan sebagai lalai."},{"$i":"sd-card-subtitle","$v":"Kad SD"},{"$i":"pick-title","$v":"Pilih Bunyi"},{"$i":"pick-set","$v":"Tetap"},{"$i":"section-title-builtin-ringtone","$v":[{"t":"idOrVar","v":"ringtoneSectionBrandName"}," Nada Dering"]},{"$i":"section-title-builtin-alerttone","$v":[{"t":"idOrVar","v":"ringtoneSectionBrandName"}," Waspada"]},{"$i":"section-title-custom-ringtone","$v":"Nada Dering Ku"},{"$i":"section-title-custom-alerttone","$v":"Waspada Ku"},{"$i":"create-title","$v":"Cipta Nada Dering"},{"$i":"create-save","$v":"Simpan"},{"$i":"create-cancel","$v":"Batal"},{"$i":"play-error-title","$v":"Fail Tercemar"},{"$i":"play-error-desc","$v":"Fail ini tercemar. Ia tidak dapat diguna untuk mencipta nada dering."},{"$i":"save-error-title","$v":"Nada Dering Tidak Dicipta"},{"$i":"save-error-desc","$v":"Terdapat isu mencipta nada dering. Sila cuba lagi."},{"$i":"default-label","$v":"Guna sebagai nada dering lalai"},{"$i":"ok","$v":"OK"},{"$i":"ringtone-untitled","$v":"Tak berjudul"},{"$i":"brandShortName","$v":"B2G OS"},{"$i":"browserBrandShortName","$v":"Web Browser"},{"$i":"browserBrandFullName","$v":"Mozilla Web Browser"},{"$i":"ringtoneBrandName","$v":"Default"},{"$i":"ringtoneSectionBrandName","$v":"System"},{"$i":"ringtone-none","$v":"Tiada"},{"$i":"ringer_bubble","$v":"Bubble"},{"$i":"ringer_chimer","$v":"Chimer"},{"$i":"ringer_cunning","$v":"Cunning"},{"$i":"ringer_dulco","$v":"Dulco"},{"$i":"ringer_firefox2","$v":[{"t":"idOrVar","v":"ringtoneBrandName"}]},{"$i":"ringer_garden","$v":"Garden"},{"$i":"ringer_marbled","$v":"Marbled"},{"$i":"ringer_opti","$v":"Opti"},{"$i":"ringer_pecko","$v":"Pecko"},{"$i":"ringer_pingy","$v":"Pingy"},{"$i":"ringer_poppop","$v":"Pop Pop"},{"$i":"ringer_sata","$v":"Sata"},{"$i":"ringer_simple","$v":"Clean"},{"$i":"ringer_standard1","$v":"Classic"},{"$i":"ringer_standard2","$v":"Classic Fast"},{"$i":"ringer_stutter","$v":"Stutter"},{"$i":"ringer_symmetry","$v":"Symmetry"},{"$i":"ringer_tailwind","$v":"Tail Wind"},{"$i":"ringer_thoughtful","$v":"Thoughtful"},{"$i":"ringer_wit","$v":"Wit"},{"$i":"ringer_zen","$v":"Zen"},{"$i":"notifier_bells","$v":"Bells"},{"$i":"notifier_bloom","$v":"Bloom"},{"$i":"notifier_chime","$v":"Chime"},{"$i":"notifier_clicka","$v":"Clicka"},{"$i":"notifier_digi","$v":"Digi"},{"$i":"notifier_dropplet","$v":"Dropplet"},{"$i":"notifier_firefox2","$v":[{"t":"idOrVar","v":"ringtoneBrandName"}]},{"$i":"notifier_hello","$v":"Hello"},{"$i":"notifier_lowmarble","$v":"Low Marble"},{"$i":"notifier_ping","$v":"Ping"},{"$i":"notifier_plickle","$v":"Plickle"},{"$i":"notifier_pocko","$v":"Pocko"},{"$i":"notifier_quado","$v":"Quado"},{"$i":"notifier_red","$v":"Red"},{"$i":"notifier_sato","$v":"Sato"},{"$i":"notifier_swipo","$v":"Swipo"},{"$i":"notifier_trickleup","$v":"Trickle Up"},{"$i":"notifier_trink","$v":"Trink"},{"$i":"notifier_verse","$v":"Verse"}]