[{"$i":"manage-title-2","$v":"टोनहरु व्यवस्थापन गर्नुहोस्"},{"$i":"actions-share-ringtone","$v":"रिंगटोनहरु साझेदारी गर्नुहोस्"},{"$i":"actions-delete-ringtone","$v":"रिङ्टोन् मेटाउनुहोस्"},{"$i":"actions-share-alerttone","$v":"अलर्ट बाँड्नुहोस्"},{"$i":"actions-delete-alerttone","$v":"अलर्ट मेटाउनुहोस्"},{"$i":"actions-cancel","$v":"रद्द गर्नुहोस्"},{"$i":"delete-title-ringtone","$v":"रिङ्टोन् मेटाउनुहोस्"},{"$i":"delete-title-alerttone","$v":"अलर्ट मेटाउनुहोस्"},{"$i":"delete-desc","$v":["के तपाइँ \"",{"t":"idOrVar","v":"tone"},"\" लाई मेट्ने कुरामा सहमत हुनुहुन्छ?"]},{"$i":"delete-desc-default-ringtone","$v":["\"",{"t":"idOrVar","v":"tone"},"\" वर्तमान पूर्वनिर्धारित रिङटोन हो। \\n\\nतपाईं यसलाई मेट्न निश्चित हुनुहुन्छ?"]},{"$i":"delete-desc-default-alerttone","$v":["\"",{"t":"idOrVar","v":"tone"},"\" वर्तमान पूर्वनिर्धारित अलर्ट हो। \\ n\\ nतपाईं यसलाई मेट्न निश्चित हुनुहुन्छ?"]},{"$i":"delete-cancel","$v":"रद्द गर्नुहोस्"},{"$i":"delete-confirm","$v":"मेट्नुहोस"},{"$i":"deleted-ringtone","$v":"रिङ्गटोन मेटियो।"},{"$i":"deleted-alerttone","$v":"अलर्ट मेटियो।"},{"$i":"created-tone","$v":"नयाँ रिङ्गटोन बनाइयो।"},{"$i":"set-default-tone","$v":"रिङटोन पूर्वनिर्धारितका रूपमा सेट गरियो।"},{"$i":"sd-card-subtitle","$v":"एस् डि कार्ड"},{"$i":"pick-title","$v":"ध्वनि चयन गर्नुहोस्"},{"$i":"pick-set","$v":"सेट गर्नुहोस्"},{"$i":"section-title-builtin-ringtone","$v":[{"t":"idOrVar","v":"ringtoneSectionBrandName"}," रिङ्गटोनहरु"]},{"$i":"section-title-builtin-alerttone","$v":[{"t":"idOrVar","v":"ringtoneSectionBrandName"}," अलर्टहरु"]},{"$i":"section-title-custom-ringtone","$v":"मेरा रिङ्गटोनहरु"},{"$i":"section-title-custom-alerttone","$v":"मेरा अलर्टहरु"},{"$i":"create-title","$v":"रिङ्गटोन सिर्जना"},{"$i":"create-save","$v":"सेभ"},{"$i":"create-cancel","$v":"रद्द गर्नुहोस्"},{"$i":"play-error-title","$v":"बिग्रिएको फाइल"},{"$i":"play-error-desc","$v":"फाइल बिग्रिएको छ। यो रिङ्गटोन सिर्जनाका निम्ति प्रयोग गर्न सकिँदैन।"},{"$i":"save-error-title","$v":"रिङ्गटोन सिर्जना गरिएन"},{"$i":"save-error-desc","$v":"रिङ्गटोन बनाउन कुनै विवाद थियो। कृपया पुन: प्रयास गर्नुहोस्।"},{"$i":"default-label","$v":"पूर्वनिर्धारित रिङ्गटोनका रूपमा प्रयोग गर्नुहोस्"},{"$i":"ok","$v":"ठीक छ"},{"$i":"ringtone-untitled","$v":"शीर्षकविहिन"},{"$i":"brandShortName","$v":"B2G OS"},{"$i":"browserBrandShortName","$v":"Web Browser"},{"$i":"browserBrandFullName","$v":"Mozilla Web Browser"},{"$i":"ringtoneBrandName","$v":"Default"},{"$i":"ringtoneSectionBrandName","$v":"System"},{"$i":"ringtone-none","$v":"None"},{"$i":"ringer_bubble","$v":"Bubble"},{"$i":"ringer_chimer","$v":"Chimer"},{"$i":"ringer_cunning","$v":"Cunning"},{"$i":"ringer_dulco","$v":"Dulco"},{"$i":"ringer_firefox2","$v":[{"t":"idOrVar","v":"ringtoneBrandName"}]},{"$i":"ringer_garden","$v":"Garden"},{"$i":"ringer_marbled","$v":"Marbled"},{"$i":"ringer_opti","$v":"Opti"},{"$i":"ringer_pecko","$v":"Pecko"},{"$i":"ringer_pingy","$v":"Pingy"},{"$i":"ringer_poppop","$v":"Pop Pop"},{"$i":"ringer_sata","$v":"Sata"},{"$i":"ringer_simple","$v":"Clean"},{"$i":"ringer_standard1","$v":"Classic"},{"$i":"ringer_standard2","$v":"Classic Fast"},{"$i":"ringer_stutter","$v":"Stutter"},{"$i":"ringer_symmetry","$v":"Symmetry"},{"$i":"ringer_tailwind","$v":"Tail Wind"},{"$i":"ringer_thoughtful","$v":"Thoughtful"},{"$i":"ringer_wit","$v":"Wit"},{"$i":"ringer_zen","$v":"Zen"},{"$i":"notifier_bells","$v":"Bells"},{"$i":"notifier_bloom","$v":"Bloom"},{"$i":"notifier_chime","$v":"Chime"},{"$i":"notifier_clicka","$v":"Clicka"},{"$i":"notifier_digi","$v":"Digi"},{"$i":"notifier_dropplet","$v":"Dropplet"},{"$i":"notifier_firefox2","$v":[{"t":"idOrVar","v":"ringtoneBrandName"}]},{"$i":"notifier_hello","$v":"Hello"},{"$i":"notifier_lowmarble","$v":"Low Marble"},{"$i":"notifier_ping","$v":"Ping"},{"$i":"notifier_plickle","$v":"Plickle"},{"$i":"notifier_pocko","$v":"Pocko"},{"$i":"notifier_quado","$v":"Quado"},{"$i":"notifier_red","$v":"Red"},{"$i":"notifier_sato","$v":"Sato"},{"$i":"notifier_swipo","$v":"Swipo"},{"$i":"notifier_trickleup","$v":"Trickle Up"},{"$i":"notifier_trink","$v":"Trink"},{"$i":"notifier_verse","$v":"Verse"}]