[{"$i":"manage-title-2","$v":"Tonen beheren"},{"$i":"actions-share-ringtone","$v":"Beltoon delen"},{"$i":"actions-delete-ringtone","$v":"Beltoon verwijderen"},{"$i":"actions-share-alerttone","$v":"Melding delen"},{"$i":"actions-delete-alerttone","$v":"Melding verwijderen"},{"$i":"actions-cancel","$v":"Annuleren"},{"$i":"delete-title-ringtone","$v":"Beltoon verwijderen"},{"$i":"delete-title-alerttone","$v":"Melding verwijderen"},{"$i":"delete-desc","$v":["Weet u zeker dat u “",{"t":"idOrVar","v":"tone"},"” wilt verwijderen?"]},{"$i":"delete-desc-default-ringtone","$v":["“",{"t":"idOrVar","v":"tone"},"” is de huidige standaardbeltoon.\n\nWeet u zeker dat u deze wilt verwijderen?"]},{"$i":"delete-desc-default-alerttone","$v":["“",{"t":"idOrVar","v":"tone"},"” is de huidige standaarmelding.\n\nWeet u zeker dat u deze wilt verwijderen?"]},{"$i":"delete-cancel","$v":"Annuleren"},{"$i":"delete-confirm","$v":"Verwijderen"},{"$i":"deleted-ringtone","$v":"Beltoon verwijderd."},{"$i":"deleted-alerttone","$v":"Melding verwijderd."},{"$i":"created-tone","$v":"Nieuwe beltoon aangemaakt."},{"$i":"set-default-tone","$v":"Beltoon als standaard ingesteld."},{"$i":"sd-card-subtitle","$v":"SD-kaart"},{"$i":"pick-title","$v":"Geluid selecteren"},{"$i":"pick-set","$v":"Instellen"},{"$i":"section-title-builtin-ringtone","$v":[{"t":"idOrVar","v":"ringtoneSectionBrandName"},"-beltonen"]},{"$i":"section-title-builtin-alerttone","$v":[{"t":"idOrVar","v":"ringtoneSectionBrandName"},"-meldingen"]},{"$i":"section-title-custom-ringtone","$v":"Mijn beltonen"},{"$i":"section-title-custom-alerttone","$v":"Mijn meldingen"},{"$i":"create-title","$v":"Beltoon aanmaken"},{"$i":"create-save","$v":"Opslaan"},{"$i":"create-cancel","$v":"Annuleren"},{"$i":"play-error-title","$v":"Beschadigd bestand"},{"$i":"play-error-desc","$v":"Het bestand is beschadigd. Het kan niet worden gebruikt om een beltoon aan te maken."},{"$i":"save-error-title","$v":"Beltoon niet aangemaakt"},{"$i":"save-error-desc","$v":"Er was een probleem bij het aanmaken van de beltoon. Probeer het opnieuw."},{"$i":"default-label","$v":"Gebruiken als standaardbeltoon"},{"$i":"ok","$v":"OK"},{"$i":"ringtone-untitled","$v":"Naamloos"},{"$i":"brandShortName","$v":"B2G OS"},{"$i":"browserBrandShortName","$v":"Web Browser"},{"$i":"browserBrandFullName","$v":"Mozilla Web Browser"},{"$i":"ringtoneBrandName","$v":"Default"},{"$i":"ringtoneSectionBrandName","$v":"System"},{"$i":"ringtone-none","$v":"Geen"},{"$i":"ringer_bubble","$v":"Bubble"},{"$i":"ringer_chimer","$v":"Chimer"},{"$i":"ringer_cunning","$v":"Cunning"},{"$i":"ringer_dulco","$v":"Dulco"},{"$i":"ringer_firefox2","$v":[{"t":"idOrVar","v":"ringtoneBrandName"}]},{"$i":"ringer_garden","$v":"Garden"},{"$i":"ringer_marbled","$v":"Marbled"},{"$i":"ringer_opti","$v":"Opti"},{"$i":"ringer_pecko","$v":"Pecko"},{"$i":"ringer_pingy","$v":"Pingy"},{"$i":"ringer_poppop","$v":"Pop Pop"},{"$i":"ringer_sata","$v":"Sata"},{"$i":"ringer_simple","$v":"Clean"},{"$i":"ringer_standard1","$v":"Classic"},{"$i":"ringer_standard2","$v":"Classic Fast"},{"$i":"ringer_stutter","$v":"Stutter"},{"$i":"ringer_symmetry","$v":"Symmetry"},{"$i":"ringer_tailwind","$v":"Tail Wind"},{"$i":"ringer_thoughtful","$v":"Thoughtful"},{"$i":"ringer_wit","$v":"Wit"},{"$i":"ringer_zen","$v":"Zen"},{"$i":"notifier_bells","$v":"Bells"},{"$i":"notifier_bloom","$v":"Bloom"},{"$i":"notifier_chime","$v":"Chime"},{"$i":"notifier_clicka","$v":"Clicka"},{"$i":"notifier_digi","$v":"Digi"},{"$i":"notifier_dropplet","$v":"Dropplet"},{"$i":"notifier_firefox2","$v":[{"t":"idOrVar","v":"ringtoneBrandName"}]},{"$i":"notifier_hello","$v":"Hello"},{"$i":"notifier_lowmarble","$v":"Low Marble"},{"$i":"notifier_ping","$v":"Ping"},{"$i":"notifier_plickle","$v":"Plickle"},{"$i":"notifier_pocko","$v":"Pocko"},{"$i":"notifier_quado","$v":"Quado"},{"$i":"notifier_red","$v":"Red"},{"$i":"notifier_sato","$v":"Sato"},{"$i":"notifier_swipo","$v":"Swipo"},{"$i":"notifier_trickleup","$v":"Trickle Up"},{"$i":"notifier_trink","$v":"Trink"},{"$i":"notifier_verse","$v":"Verse"}]