[{"$i":"manage-title-2","$v":"Zarządzanie dźwiękami"},{"$i":"actions-share-ringtone","$v":"Udostępnij dzwonek"},{"$i":"actions-delete-ringtone","$v":"Usuń dzwonek"},{"$i":"actions-share-alerttone","$v":"Udostępnij alarm"},{"$i":"actions-delete-alerttone","$v":"Usuń alarm"},{"$i":"actions-cancel","$v":"Anuluj"},{"$i":"delete-title-ringtone","$v":"Usuwanie dzwonka"},{"$i":"delete-title-alerttone","$v":"Usuwanie alarmu"},{"$i":"delete-desc","$v":["Na pewno usunąć dzwonek „",{"t":"idOrVar","v":"tone"},"”?"]},{"$i":"delete-desc-default-ringtone","$v":["„",{"t":"idOrVar","v":"tone"},"” jest obecnie domyślnym dzwonkiem.\n\nCzy na pewno chcesz go usunąć?"]},{"$i":"delete-desc-default-alerttone","$v":["„",{"t":"idOrVar","v":"tone"},"” jest obecnie domyślnym dźwiękiem alarmów.\n\nCzy na pewno chcesz go usunąć?"]},{"$i":"delete-cancel","$v":"Anuluj"},{"$i":"delete-confirm","$v":"Usuń"},{"$i":"deleted-ringtone","$v":"Dzwonek usunięty."},{"$i":"deleted-alerttone","$v":"Alarm usunięty."},{"$i":"created-tone","$v":"Utworzono nowy dzwonek."},{"$i":"set-default-tone","$v":"Dzwonek ustawiony jako domyślny."},{"$i":"sd-card-subtitle","$v":"Karta SD"},{"$i":"pick-title","$v":"Wybór dźwięku"},{"$i":"pick-set","$v":"Ustaw"},{"$i":"section-title-builtin-ringtone","$v":"Dzwonki systemowe"},{"$i":"section-title-builtin-alerttone","$v":"Alarmy systemowe"},{"$i":"section-title-custom-ringtone","$v":"Dzwonki użytkownika"},{"$i":"section-title-custom-alerttone","$v":"Alarmy użytkownika"},{"$i":"create-title","$v":"Tworzenie dzwonka"},{"$i":"create-save","$v":"Zapisz"},{"$i":"create-cancel","$v":"Anuluj"},{"$i":"play-error-title","$v":"Uszkodzony plik"},{"$i":"play-error-desc","$v":"Plik jest uszkodzony i nie może zostać użyty do utworzenia dzwonka."},{"$i":"save-error-title","$v":"Nie utworzono dzwonka"},{"$i":"save-error-desc","$v":"Wystąpił problem podczas tworzenia dzwonka. Spróbuj ponownie."},{"$i":"default-label","$v":"Użyj jako domyślnego dzwonka"},{"$i":"ok","$v":"OK"},{"$i":"ringtone-untitled","$v":"Brak nazwy"},{"$i":"brandShortName","$v":"B2G OS"},{"$i":"browserBrandShortName","$v":"Web Browser"},{"$i":"browserBrandFullName","$v":"Mozilla Web Browser"},{"$i":"ringtoneBrandName","$v":"Default"},{"$i":"ringtoneSectionBrandName","$v":"System"},{"$i":"ringtone-none","$v":"Brak"},{"$i":"ringer_bubble","$v":"Bubble"},{"$i":"ringer_chimer","$v":"Chimer"},{"$i":"ringer_cunning","$v":"Cunning"},{"$i":"ringer_dulco","$v":"Dulco"},{"$i":"ringer_firefox2","$v":[{"t":"idOrVar","v":"ringtoneBrandName"}]},{"$i":"ringer_garden","$v":"Ogród"},{"$i":"ringer_marbled","$v":"Marbled"},{"$i":"ringer_opti","$v":"Opti"},{"$i":"ringer_pecko","$v":"Pecko"},{"$i":"ringer_pingy","$v":"Pingy"},{"$i":"ringer_poppop","$v":"Pop Pop"},{"$i":"ringer_sata","$v":"Sata"},{"$i":"ringer_simple","$v":"Czysty"},{"$i":"ringer_standard1","$v":"Klasyczny"},{"$i":"ringer_standard2","$v":"Szybki klasyczny"},{"$i":"ringer_stutter","$v":"Stutter"},{"$i":"ringer_symmetry","$v":"Symetria"},{"$i":"ringer_tailwind","$v":"Tail Wind"},{"$i":"ringer_thoughtful","$v":"Thoughtful"},{"$i":"ringer_wit","$v":"Wit"},{"$i":"ringer_zen","$v":"Zen"},{"$i":"notifier_bells","$v":"Dzwonki"},{"$i":"notifier_bloom","$v":"Bloom"},{"$i":"notifier_chime","$v":"Chime"},{"$i":"notifier_clicka","$v":"Clicka"},{"$i":"notifier_digi","$v":"Digi"},{"$i":"notifier_dropplet","$v":"Dropplet"},{"$i":"notifier_firefox2","$v":[{"t":"idOrVar","v":"ringtoneBrandName"}]},{"$i":"notifier_hello","$v":"Hej!"},{"$i":"notifier_lowmarble","$v":"Low Marble"},{"$i":"notifier_ping","$v":"Ping"},{"$i":"notifier_plickle","$v":"Plickle"},{"$i":"notifier_pocko","$v":"Pocko"},{"$i":"notifier_quado","$v":"Quado"},{"$i":"notifier_red","$v":"Red"},{"$i":"notifier_sato","$v":"Sato"},{"$i":"notifier_swipo","$v":"Swipo"},{"$i":"notifier_trickleup","$v":"Trickle Up"},{"$i":"notifier_trink","$v":"Trink"},{"$i":"notifier_verse","$v":"Verse"}]