[{"$i":"manage-title-2","$v":"Gerenciar toques"},{"$i":"actions-share-ringtone","$v":"Compartilhar toque"},{"$i":"actions-delete-ringtone","$v":"Excluir toque"},{"$i":"actions-share-alerttone","$v":"Compartilhar alerta"},{"$i":"actions-delete-alerttone","$v":"Apagar alerta"},{"$i":"actions-cancel","$v":"Cancelar"},{"$i":"delete-title-ringtone","$v":"Excluir Toque"},{"$i":"delete-title-alerttone","$v":"Excluir alerta"},{"$i":"delete-desc","$v":["Você tem certeza que quer apagar \"",{"t":"idOrVar","v":"tone"},"\"?"]},{"$i":"delete-desc-default-ringtone","$v":["\"",{"t":"idOrVar","v":"tone"},"\" é o toque padrão atual.\\n\\nTem certeza que deseja apagá-lo?"]},{"$i":"delete-desc-default-alerttone","$v":["\"",{"t":"idOrVar","v":"tone"},"\" é o alerta padrão atual.\\n\\nTem certeza que deseja apagá-lo?"]},{"$i":"delete-cancel","$v":"Cancelar"},{"$i":"delete-confirm","$v":"Apagar"},{"$i":"deleted-ringtone","$v":"Toque apagado."},{"$i":"deleted-alerttone","$v":"Alerta apagado."},{"$i":"created-tone","$v":"Novo toque criado."},{"$i":"set-default-tone","$v":"Toque definido como padrão."},{"$i":"sd-card-subtitle","$v":"Cartão SD"},{"$i":"pick-title","$v":"Selecionar Som"},{"$i":"pick-set","$v":"Definir"},{"$i":"section-title-builtin-ringtone","$v":[{"t":"idOrVar","v":"ringtoneSectionBrandName"}," Toques"]},{"$i":"section-title-builtin-alerttone","$v":[{"t":"idOrVar","v":"ringtoneSectionBrandName"}," Alertas"]},{"$i":"section-title-custom-ringtone","$v":"Meus toques"},{"$i":"section-title-custom-alerttone","$v":"Meus Alertas"},{"$i":"create-title","$v":"criar toque"},{"$i":"create-save","$v":"Salvar"},{"$i":"create-cancel","$v":"Cancelar"},{"$i":"play-error-title","$v":"Arquivo Corrompido"},{"$i":"play-error-desc","$v":"O arquivo está corrompido. Ele não pode ser usado para criar um toque."},{"$i":"save-error-title","$v":"Toque não foi criado"},{"$i":"save-error-desc","$v":"Ocorreu um problema ao criar o toque. Por favor, tente novamente."},{"$i":"default-label","$v":"Definir como toque padrão"},{"$i":"ok","$v":"OK"},{"$i":"ringtone-untitled","$v":"Sem título"},{"$i":"brandShortName","$v":"B2G OS"},{"$i":"browserBrandShortName","$v":"Web Browser"},{"$i":"browserBrandFullName","$v":"Mozilla Web Browser"},{"$i":"ringtoneBrandName","$v":"Default"},{"$i":"ringtoneSectionBrandName","$v":"System"},{"$i":"ringtone-none","$v":"Nenhum"},{"$i":"ringer_bubble","$v":"Bolha"},{"$i":"ringer_chimer","$v":"Chimer"},{"$i":"ringer_cunning","$v":"Cunning"},{"$i":"ringer_dulco","$v":"Dulco"},{"$i":"ringer_firefox2","$v":[{"t":"idOrVar","v":"ringtoneBrandName"}]},{"$i":"ringer_garden","$v":"Jardim"},{"$i":"ringer_marbled","$v":"Mármore"},{"$i":"ringer_opti","$v":"Opti"},{"$i":"ringer_pecko","$v":"Pica-Pau"},{"$i":"ringer_pingy","$v":"Pingy"},{"$i":"ringer_poppop","$v":"Pop Pop"},{"$i":"ringer_sata","$v":"Sata"},{"$i":"ringer_simple","$v":"Limpo"},{"$i":"ringer_standard1","$v":"Clássico"},{"$i":"ringer_standard2","$v":"Clássico Rápido"},{"$i":"ringer_stutter","$v":"Stutter"},{"$i":"ringer_symmetry","$v":"Simetria"},{"$i":"ringer_tailwind","$v":"Sussurro do Vento"},{"$i":"ringer_thoughtful","$v":"Pensativo"},{"$i":"ringer_wit","$v":"Sagáz"},{"$i":"ringer_zen","$v":"Zen"},{"$i":"notifier_bells","$v":"Sinos"},{"$i":"notifier_bloom","$v":"Bloom"},{"$i":"notifier_chime","$v":"Chime"},{"$i":"notifier_clicka","$v":"Clicka"},{"$i":"notifier_digi","$v":"Digi"},{"$i":"notifier_dropplet","$v":"Gota"},{"$i":"notifier_firefox2","$v":[{"t":"idOrVar","v":"ringtoneBrandName"}]},{"$i":"notifier_hello","$v":"Olá"},{"$i":"notifier_lowmarble","$v":"Mármore Baixo"},{"$i":"notifier_ping","$v":"Ping"},{"$i":"notifier_plickle","$v":"Plickle"},{"$i":"notifier_pocko","$v":"Pocko"},{"$i":"notifier_quado","$v":"Quado"},{"$i":"notifier_red","$v":"Vermelho"},{"$i":"notifier_sato","$v":"Sato"},{"$i":"notifier_swipo","$v":"Swipo"},{"$i":"notifier_trickleup","$v":"Trickle Up"},{"$i":"notifier_trink","$v":"Trink"},{"$i":"notifier_verse","$v":"Verse"}]