[{"$i":"manage-title-2","$v":"Управление звуками"},{"$i":"actions-share-ringtone","$v":"Поделиться мелодией"},{"$i":"actions-delete-ringtone","$v":"Удалить мелодию"},{"$i":"actions-share-alerttone","$v":"Поделиться будильником"},{"$i":"actions-delete-alerttone","$v":"Удалить будильник"},{"$i":"actions-cancel","$v":"Отмена"},{"$i":"delete-title-ringtone","$v":"Удаление мелодии"},{"$i":"delete-title-alerttone","$v":"Удаление будильника"},{"$i":"delete-desc","$v":["Вы уверены, что хотите удалить \"",{"t":"idOrVar","v":"tone"},"\"?"]},{"$i":"delete-desc-default-ringtone","$v":["\"",{"t":"idOrVar","v":"tone"},"\" является текущей мелодией по умолчанию.\n\nВы уверены, что хотите её удалить?"]},{"$i":"delete-desc-default-alerttone","$v":["\"",{"t":"idOrVar","v":"tone"},"\" является текущим будильником по умолчанию.\n\nВы уверены, что хотите его удалить?"]},{"$i":"delete-cancel","$v":"Отмена"},{"$i":"delete-confirm","$v":"Удалить"},{"$i":"deleted-ringtone","$v":"Мелодия удалена."},{"$i":"deleted-alerttone","$v":"Будильник удалён."},{"$i":"created-tone","$v":"Создана новая мелодия."},{"$i":"set-default-tone","$v":"Мелодия установлена по умолчанию."},{"$i":"sd-card-subtitle","$v":"SD-карта"},{"$i":"pick-title","$v":"Выбор звука"},{"$i":"pick-set","$v":"Установить"},{"$i":"section-title-builtin-ringtone","$v":["Мелодии ",{"t":"idOrVar","v":"ringtoneSectionBrandName"}]},{"$i":"section-title-builtin-alerttone","$v":["Будильники ",{"t":"idOrVar","v":"ringtoneSectionBrandName"}]},{"$i":"section-title-custom-ringtone","$v":"Мои мелодии"},{"$i":"section-title-custom-alerttone","$v":"Мои будильники"},{"$i":"create-title","$v":"Создать мелодию"},{"$i":"create-save","$v":"Сохранить"},{"$i":"create-cancel","$v":"Отмена"},{"$i":"play-error-title","$v":"Повреждённый файл"},{"$i":"play-error-desc","$v":"Файл повреждён. Он не может быть использован для создания мелодии."},{"$i":"save-error-title","$v":"Мелодия не создана"},{"$i":"save-error-desc","$v":"При создании мелодии возникла проблема. Пожалуйста, попробуйте ещё раз."},{"$i":"default-label","$v":"Использовать как мелодию по умолчанию"},{"$i":"ok","$v":"OK"},{"$i":"ringtone-untitled","$v":"Без имени"},{"$i":"brandShortName","$v":"B2G OS"},{"$i":"browserBrandShortName","$v":"Web Browser"},{"$i":"browserBrandFullName","$v":"Mozilla Web Browser"},{"$i":"ringtoneBrandName","$v":"Default"},{"$i":"ringtoneSectionBrandName","$v":"System"},{"$i":"ringtone-none","$v":"Нет"},{"$i":"ringer_bubble","$v":"Пузырь"},{"$i":"ringer_chimer","$v":"Куранты"},{"$i":"ringer_cunning","$v":"Хитринка"},{"$i":"ringer_dulco","$v":"Сладость"},{"$i":"ringer_firefox2","$v":[{"t":"idOrVar","v":"ringtoneBrandName"}]},{"$i":"ringer_garden","$v":"Сад"},{"$i":"ringer_marbled","$v":"Мраморный"},{"$i":"ringer_opti","$v":"Opti"},{"$i":"ringer_pecko","$v":"Pecko"},{"$i":"ringer_pingy","$v":"Пинг"},{"$i":"ringer_poppop","$v":"Поп Поп"},{"$i":"ringer_sata","$v":"Sata"},{"$i":"ringer_simple","$v":"Чистый"},{"$i":"ringer_standard1","$v":"Классический"},{"$i":"ringer_standard2","$v":"Классический быстрый"},{"$i":"ringer_stutter","$v":"Заикание"},{"$i":"ringer_symmetry","$v":"Симметрия"},{"$i":"ringer_tailwind","$v":"Ветер в хвосте"},{"$i":"ringer_thoughtful","$v":"Задумчивый"},{"$i":"ringer_wit","$v":"Wit"},{"$i":"ringer_zen","$v":"Дзен"},{"$i":"notifier_bells","$v":"Колокольчики"},{"$i":"notifier_bloom","$v":"Цветение"},{"$i":"notifier_chime","$v":"Перезвон"},{"$i":"notifier_clicka","$v":"Clicka"},{"$i":"notifier_digi","$v":"Digi"},{"$i":"notifier_dropplet","$v":"Капель"},{"$i":"notifier_firefox2","$v":[{"t":"idOrVar","v":"ringtoneBrandName"}]},{"$i":"notifier_hello","$v":"Привет"},{"$i":"notifier_lowmarble","$v":"Мраморный бас"},{"$i":"notifier_ping","$v":"Пинг"},{"$i":"notifier_plickle","$v":"Plickle"},{"$i":"notifier_pocko","$v":"Pocko"},{"$i":"notifier_quado","$v":"Quado"},{"$i":"notifier_red","$v":"Красный"},{"$i":"notifier_sato","$v":"Sato"},{"$i":"notifier_swipo","$v":"Swipo"},{"$i":"notifier_trickleup","$v":"Восходящие струи"},{"$i":"notifier_trink","$v":"Trink"},{"$i":"notifier_verse","$v":"Verse"}]