[{"$i":"manage-title-2","$v":"Správa tónov"},{"$i":"actions-share-ringtone","$v":"Zdieľať vyzváňanie"},{"$i":"actions-delete-ringtone","$v":"Odstrániť vyzváňanie"},{"$i":"actions-share-alerttone","$v":"Zdieľať tón upozornenia"},{"$i":"actions-delete-alerttone","$v":"Odstrániť tón upozornenia"},{"$i":"actions-cancel","$v":"Zrušiť"},{"$i":"delete-title-ringtone","$v":"Odstránenie vyzváňania"},{"$i":"delete-title-alerttone","$v":"Odstránenie tónu upozornenia"},{"$i":"delete-desc","$v":["Naozaj chcete odstrániť vyzváňanie \"",{"t":"idOrVar","v":"tone"},"\"?"]},{"$i":"delete-desc-default-ringtone","$v":["\"",{"t":"idOrVar","v":"tone"},"\" je aktuálne predvoleným vyzváňaním.\n\nNaozaj ho chcete odstrániť?"]},{"$i":"delete-desc-default-alerttone","$v":["\"",{"t":"idOrVar","v":"tone"},"\" je aktuálne predvoleným tónom upozornení.\n\nNaozaj ho chcete odstrániť?"]},{"$i":"delete-cancel","$v":"Zrušiť"},{"$i":"delete-confirm","$v":"Odstrániť"},{"$i":"deleted-ringtone","$v":"Vyzváňanie bolo odstránené."},{"$i":"deleted-alerttone","$v":"Tón upozornenia bol odstránený."},{"$i":"created-tone","$v":"Nové vyzváňanie bolo vytvorené."},{"$i":"set-default-tone","$v":"Vyzváňanie bolo nastavené ako predvolené."},{"$i":"sd-card-subtitle","$v":"Karta SD"},{"$i":"pick-title","$v":"Zvoľte zvuk"},{"$i":"pick-set","$v":"Nastaviť"},{"$i":"section-title-builtin-ringtone","$v":["Vyzváňania ",{"t":"idOrVar","v":"ringtoneSectionBrandName"}]},{"$i":"section-title-builtin-alerttone","$v":["Tóny upozornenia ",{"t":"idOrVar","v":"ringtoneSectionBrandName"}]},{"$i":"section-title-custom-ringtone","$v":"Moje vyzváňania"},{"$i":"section-title-custom-alerttone","$v":"Moje tóny upozornenia"},{"$i":"create-title","$v":"Vytvorenie vyzváňania"},{"$i":"create-save","$v":"Uložiť"},{"$i":"create-cancel","$v":"Zrušiť"},{"$i":"play-error-title","$v":"Poškodený súbor"},{"$i":"play-error-desc","$v":"Súbor je poškodený. Nie je možné ho použiť na vytvorenie vyzváňania."},{"$i":"save-error-title","$v":"Vyzváňanie nebolo vytvorené"},{"$i":"save-error-desc","$v":"Pri vytváraní vyzváňania sa vyskytla chyba. Skúste to znova."},{"$i":"default-label","$v":"Použiť ako predvolené vyzváňanie"},{"$i":"ok","$v":"OK"},{"$i":"ringtone-untitled","$v":"Bez názvu"},{"$i":"brandShortName","$v":"B2G OS"},{"$i":"browserBrandShortName","$v":"Web Browser"},{"$i":"browserBrandFullName","$v":"Mozilla Web Browser"},{"$i":"ringtoneBrandName","$v":"Default"},{"$i":"ringtoneSectionBrandName","$v":"System"},{"$i":"ringtone-none","$v":"Žiadny"},{"$i":"ringer_bubble","$v":"Bubble"},{"$i":"ringer_chimer","$v":"Chimer"},{"$i":"ringer_cunning","$v":"Cunning"},{"$i":"ringer_dulco","$v":"Dulco"},{"$i":"ringer_firefox2","$v":[{"t":"idOrVar","v":"ringtoneBrandName"}]},{"$i":"ringer_garden","$v":"Garden"},{"$i":"ringer_marbled","$v":"Marbled"},{"$i":"ringer_opti","$v":"Opti"},{"$i":"ringer_pecko","$v":"Pecko"},{"$i":"ringer_pingy","$v":"Pingy"},{"$i":"ringer_poppop","$v":"Pop Pop"},{"$i":"ringer_sata","$v":"Sata"},{"$i":"ringer_simple","$v":"Clean"},{"$i":"ringer_standard1","$v":"Classic"},{"$i":"ringer_standard2","$v":"Classic Fast"},{"$i":"ringer_stutter","$v":"Stutter"},{"$i":"ringer_symmetry","$v":"Symmetry"},{"$i":"ringer_tailwind","$v":"Tail Wind"},{"$i":"ringer_thoughtful","$v":"Thoughtful"},{"$i":"ringer_wit","$v":"Wit"},{"$i":"ringer_zen","$v":"Zen"},{"$i":"notifier_bells","$v":"Bells"},{"$i":"notifier_bloom","$v":"Bloom"},{"$i":"notifier_chime","$v":"Chime"},{"$i":"notifier_clicka","$v":"Clicka"},{"$i":"notifier_digi","$v":"Digi"},{"$i":"notifier_dropplet","$v":"Dropplet"},{"$i":"notifier_firefox2","$v":[{"t":"idOrVar","v":"ringtoneBrandName"}]},{"$i":"notifier_hello","$v":"Hello"},{"$i":"notifier_lowmarble","$v":"Low Marble"},{"$i":"notifier_ping","$v":"Ping"},{"$i":"notifier_plickle","$v":"Plickle"},{"$i":"notifier_pocko","$v":"Pocko"},{"$i":"notifier_quado","$v":"Quado"},{"$i":"notifier_red","$v":"Red"},{"$i":"notifier_sato","$v":"Sato"},{"$i":"notifier_swipo","$v":"Swipo"},{"$i":"notifier_trickleup","$v":"Trickle Up"},{"$i":"notifier_trink","$v":"Trink"},{"$i":"notifier_verse","$v":"Verse"}]