[{"$i":"manage-title-2","$v":"Administroni Zile"},{"$i":"actions-share-ringtone","$v":"Ndajeni zilen me të tjerë"},{"$i":"actions-delete-ringtone","$v":"Fshije zilen"},{"$i":"actions-share-alerttone","$v":"Ndajeni sinjalin me të tjerët"},{"$i":"actions-delete-alerttone","$v":"Fshije sinjalin"},{"$i":"actions-cancel","$v":"Anuloje"},{"$i":"delete-title-ringtone","$v":"Fshini Zile"},{"$i":"delete-title-alerttone","$v":"Fshini Sinjalizim"},{"$i":"delete-desc","$v":["Jeni i sigurt se doni të fshihet \"",{"t":"idOrVar","v":"tone"},"\"?"]},{"$i":"delete-desc-default-ringtone","$v":["\"",{"t":"idOrVar","v":"tone"},"\" është zilja parazgjedhje e tanishme.\n\nJeni i sigurt se doni të fshihet?"]},{"$i":"delete-desc-default-alerttone","$v":["\"",{"t":"idOrVar","v":"tone"},"\" është tingulli parazgjedhje i tanishëm.\n\nJeni i sigurt se doni të fshihet?"]},{"$i":"delete-cancel","$v":"Anuloje"},{"$i":"delete-confirm","$v":"Fshije"},{"$i":"deleted-ringtone","$v":"Zilja u fshi."},{"$i":"deleted-alerttone","$v":"Sinjalizimi u fshi."},{"$i":"created-tone","$v":"U krijua zile e re."},{"$i":"set-default-tone","$v":"Zilja u caktua si parazgjedhja."},{"$i":"sd-card-subtitle","$v":"Kartë SD"},{"$i":"pick-title","$v":"Përzgjidhni Tingull"},{"$i":"pick-set","$v":"U bë"},{"$i":"section-title-builtin-ringtone","$v":["Zile ",{"t":"idOrVar","v":"ringtoneSectionBrandName"}]},{"$i":"section-title-builtin-alerttone","$v":["Sinjalizime ",{"t":"idOrVar","v":"ringtoneSectionBrandName"}]},{"$i":"section-title-custom-ringtone","$v":"Zilet e Mia"},{"$i":"section-title-custom-alerttone","$v":"Sinjalizimet e Mia"},{"$i":"create-title","$v":"Krijoni Zile"},{"$i":"create-save","$v":"Ruaje"},{"$i":"create-cancel","$v":"Anuloje"},{"$i":"play-error-title","$v":"Kartelë e Dëmtuar"},{"$i":"play-error-desc","$v":"Kartela është e dëmtuar. Nuk përdoret dot për krijim zileje."},{"$i":"save-error-title","$v":"Zilja Nuk u Krijua"},{"$i":"save-error-desc","$v":"Pati një problem në krijimin e ziles. Ju lutemi, riprovoni."},{"$i":"default-label","$v":"Përdore si zilen parazgjedhje"},{"$i":"ok","$v":"OK"},{"$i":"ringtone-untitled","$v":"E patitull"},{"$i":"brandShortName","$v":"B2G OS"},{"$i":"browserBrandShortName","$v":"Web Browser"},{"$i":"browserBrandFullName","$v":"Mozilla Web Browser"},{"$i":"ringtoneBrandName","$v":"Default"},{"$i":"ringtoneSectionBrandName","$v":"System"},{"$i":"ringtone-none","$v":"Asnjë"},{"$i":"ringer_bubble","$v":"Bubble"},{"$i":"ringer_chimer","$v":"Chimer"},{"$i":"ringer_cunning","$v":"Cunning"},{"$i":"ringer_dulco","$v":"Dulco"},{"$i":"ringer_firefox2","$v":[{"t":"idOrVar","v":"ringtoneBrandName"}]},{"$i":"ringer_garden","$v":"Garden"},{"$i":"ringer_marbled","$v":"Marbled"},{"$i":"ringer_opti","$v":"Opti"},{"$i":"ringer_pecko","$v":"Pecko"},{"$i":"ringer_pingy","$v":"Pingy"},{"$i":"ringer_poppop","$v":"Pop Pop"},{"$i":"ringer_sata","$v":"Sata"},{"$i":"ringer_simple","$v":"Clean"},{"$i":"ringer_standard1","$v":"Classic"},{"$i":"ringer_standard2","$v":"Classic Fast"},{"$i":"ringer_stutter","$v":"Stutter"},{"$i":"ringer_symmetry","$v":"Symmetry"},{"$i":"ringer_tailwind","$v":"Tail Wind"},{"$i":"ringer_thoughtful","$v":"Thoughtful"},{"$i":"ringer_wit","$v":"Wit"},{"$i":"ringer_zen","$v":"Zen"},{"$i":"notifier_bells","$v":"Bells"},{"$i":"notifier_bloom","$v":"Bloom"},{"$i":"notifier_chime","$v":"Chime"},{"$i":"notifier_clicka","$v":"Clicka"},{"$i":"notifier_digi","$v":"Digi"},{"$i":"notifier_dropplet","$v":"Dropplet"},{"$i":"notifier_firefox2","$v":[{"t":"idOrVar","v":"ringtoneBrandName"}]},{"$i":"notifier_hello","$v":"Hello"},{"$i":"notifier_lowmarble","$v":"Low Marble"},{"$i":"notifier_ping","$v":"Ping"},{"$i":"notifier_plickle","$v":"Plickle"},{"$i":"notifier_pocko","$v":"Pocko"},{"$i":"notifier_quado","$v":"Quado"},{"$i":"notifier_red","$v":"Red"},{"$i":"notifier_sato","$v":"Sato"},{"$i":"notifier_swipo","$v":"Swipo"},{"$i":"notifier_trickleup","$v":"Trickle Up"},{"$i":"notifier_trink","$v":"Trink"},{"$i":"notifier_verse","$v":"Verse"}]