[{"$i":"manage-title-2","$v":"Управљање мелодијама"},{"$i":"actions-share-ringtone","$v":"Подели мелодију"},{"$i":"actions-delete-ringtone","$v":"Избриши мелодију"},{"$i":"actions-share-alerttone","$v":"Подели упозорење"},{"$i":"actions-delete-alerttone","$v":"Избриши упозорење"},{"$i":"actions-cancel","$v":"Откажи"},{"$i":"delete-title-ringtone","$v":"Избриши мелодију"},{"$i":"delete-title-alerttone","$v":"Избриши упозорење"},{"$i":"delete-desc","$v":["Да ли сте сигурни да желите да обришете \"",{"t":"idOrVar","v":"tone"},"\"?"]},{"$i":"delete-desc-default-ringtone","$v":["\"",{"t":"idOrVar","v":"tone"},"\" је тренутно подразумевана мелодија.\n\nДа ли сте сигурни да желите да је обришете?"]},{"$i":"delete-desc-default-alerttone","$v":["\"",{"t":"idOrVar","v":"tone"},"\" је тренутно подразумевано упозорење.\n\nДа ли сте сигурни да желите да га обришете?"]},{"$i":"delete-cancel","$v":"Откажи"},{"$i":"delete-confirm","$v":"Избриши"},{"$i":"deleted-ringtone","$v":"Мелодија је обрисана."},{"$i":"deleted-alerttone","$v":"Упозорење је обрисано."},{"$i":"created-tone","$v":"Нова мелодија је направљена."},{"$i":"set-default-tone","$v":"Мелодија је постављена."},{"$i":"sd-card-subtitle","$v":"SD картица"},{"$i":"pick-title","$v":"Одабери звук"},{"$i":"pick-set","$v":"Постави"},{"$i":"section-title-builtin-ringtone","$v":[{"t":"idOrVar","v":"ringtoneSectionBrandName"}," мелодије"]},{"$i":"section-title-builtin-alerttone","$v":[{"t":"idOrVar","v":"ringtoneSectionBrandName"}," упозорења"]},{"$i":"section-title-custom-ringtone","$v":"Моје мелодије"},{"$i":"section-title-custom-alerttone","$v":"Моја упозорења"},{"$i":"create-title","$v":"Направи мел."},{"$i":"create-save","$v":"Сними"},{"$i":"create-cancel","$v":"Откажи"},{"$i":"play-error-title","$v":"Оштећена датотека"},{"$i":"play-error-desc","$v":"Датотека је оштећена. Не може да се користи за прављење мелодије."},{"$i":"save-error-title","$v":"Мелодија није направљена"},{"$i":"save-error-desc","$v":"Дошло је до грешке при прављењу мелодије. Покушајте поново."},{"$i":"default-label","$v":"Користи као подразумевану мелодију"},{"$i":"ok","$v":"У реду"},{"$i":"ringtone-untitled","$v":"Без имена"},{"$i":"brandShortName","$v":"B2G OS"},{"$i":"browserBrandShortName","$v":"Web Browser"},{"$i":"browserBrandFullName","$v":"Mozilla Web Browser"},{"$i":"ringtoneBrandName","$v":"Default"},{"$i":"ringtoneSectionBrandName","$v":"System"},{"$i":"ringtone-none","$v":"Ниједан"},{"$i":"ringer_bubble","$v":"Bubble"},{"$i":"ringer_chimer","$v":"Chimer"},{"$i":"ringer_cunning","$v":"Cunning"},{"$i":"ringer_dulco","$v":"Dulco"},{"$i":"ringer_firefox2","$v":[{"t":"idOrVar","v":"ringtoneBrandName"}]},{"$i":"ringer_garden","$v":"Garden"},{"$i":"ringer_marbled","$v":"Marbled"},{"$i":"ringer_opti","$v":"Opti"},{"$i":"ringer_pecko","$v":"Pecko"},{"$i":"ringer_pingy","$v":"Pingy"},{"$i":"ringer_poppop","$v":"Pop Pop"},{"$i":"ringer_sata","$v":"Sata"},{"$i":"ringer_simple","$v":"Clean"},{"$i":"ringer_standard1","$v":"Classic"},{"$i":"ringer_standard2","$v":"Classic Fast"},{"$i":"ringer_stutter","$v":"Stutter"},{"$i":"ringer_symmetry","$v":"Symmetry"},{"$i":"ringer_tailwind","$v":"Tail Wind"},{"$i":"ringer_thoughtful","$v":"Thoughtful"},{"$i":"ringer_wit","$v":"Wit"},{"$i":"ringer_zen","$v":"Zen"},{"$i":"notifier_bells","$v":"Bells"},{"$i":"notifier_bloom","$v":"Bloom"},{"$i":"notifier_chime","$v":"Chime"},{"$i":"notifier_clicka","$v":"Clicka"},{"$i":"notifier_digi","$v":"Digi"},{"$i":"notifier_dropplet","$v":"Dropplet"},{"$i":"notifier_firefox2","$v":[{"t":"idOrVar","v":"ringtoneBrandName"}]},{"$i":"notifier_hello","$v":"Hello"},{"$i":"notifier_lowmarble","$v":"Low Marble"},{"$i":"notifier_ping","$v":"Ping"},{"$i":"notifier_plickle","$v":"Plickle"},{"$i":"notifier_pocko","$v":"Pocko"},{"$i":"notifier_quado","$v":"Quado"},{"$i":"notifier_red","$v":"Red"},{"$i":"notifier_sato","$v":"Sato"},{"$i":"notifier_swipo","$v":"Swipo"},{"$i":"notifier_trickleup","$v":"Trickle Up"},{"$i":"notifier_trink","$v":"Trink"},{"$i":"notifier_verse","$v":"Verse"}]