[{"$i":"manage-title-2","$v":"Upravljanje melodijama"},{"$i":"actions-share-ringtone","$v":"Podeli melodiju"},{"$i":"actions-delete-ringtone","$v":"Izbriši melodiju"},{"$i":"actions-share-alerttone","$v":"Podeli upozorenje"},{"$i":"actions-delete-alerttone","$v":"Izbriši upozorenje"},{"$i":"actions-cancel","$v":"Otkaži"},{"$i":"delete-title-ringtone","$v":"Izbriši melodiju"},{"$i":"delete-title-alerttone","$v":"Izbriši upozorenje"},{"$i":"delete-desc","$v":["Da li ste sigurni da želite da obrišete \"",{"t":"idOrVar","v":"tone"},"\"?"]},{"$i":"delete-desc-default-ringtone","$v":["\"",{"t":"idOrVar","v":"tone"},"\" je trenutno podrazumevana melodija.\n\nDa li ste sigurni da želite da je obrišete?"]},{"$i":"delete-desc-default-alerttone","$v":["\"",{"t":"idOrVar","v":"tone"},"\" je trenutno podrazumevano upozorenje.\n\nDa li ste sigurni da želite da ga obrišete?"]},{"$i":"delete-cancel","$v":"Otkaži"},{"$i":"delete-confirm","$v":"Izbriši"},{"$i":"deleted-ringtone","$v":"Melodija je obrisana."},{"$i":"deleted-alerttone","$v":"Upozorenje je obrisano."},{"$i":"created-tone","$v":"Nova melodija je napravljena."},{"$i":"set-default-tone","$v":"Melodija je postavljena."},{"$i":"sd-card-subtitle","$v":"SD kartica"},{"$i":"pick-title","$v":"Odaberi zvuk"},{"$i":"pick-set","$v":"Postavi"},{"$i":"section-title-builtin-ringtone","$v":[{"t":"idOrVar","v":"ringtoneSectionBrandName"}," melodije"]},{"$i":"section-title-builtin-alerttone","$v":[{"t":"idOrVar","v":"ringtoneSectionBrandName"}," upozorenja"]},{"$i":"section-title-custom-ringtone","$v":"Moje melodije"},{"$i":"section-title-custom-alerttone","$v":"Moja upozorenja"},{"$i":"create-title","$v":"Napravi mel."},{"$i":"create-save","$v":"Snimi"},{"$i":"create-cancel","$v":"Otkaži"},{"$i":"play-error-title","$v":"Oštećena datoteka"},{"$i":"play-error-desc","$v":"Datoteka je oštećena. Ne može da se koristi za pravljenje melodije."},{"$i":"save-error-title","$v":"Melodija nije napravljena"},{"$i":"save-error-desc","$v":"Došlo je do greške pri pravljenju melodije. Pokušajte ponovo."},{"$i":"default-label","$v":"Koristi kao podrazumevanu melodiju"},{"$i":"ok","$v":"U redu"},{"$i":"ringtone-untitled","$v":"Bez imena"},{"$i":"brandShortName","$v":"B2G OS"},{"$i":"browserBrandShortName","$v":"Web Browser"},{"$i":"browserBrandFullName","$v":"Mozilla Web Browser"},{"$i":"ringtoneBrandName","$v":"Default"},{"$i":"ringtoneSectionBrandName","$v":"System"},{"$i":"ringtone-none","$v":"Nijedan"},{"$i":"ringer_bubble","$v":"Bubble"},{"$i":"ringer_chimer","$v":"Chimer"},{"$i":"ringer_cunning","$v":"Cunning"},{"$i":"ringer_dulco","$v":"Dulco"},{"$i":"ringer_firefox2","$v":[{"t":"idOrVar","v":"ringtoneBrandName"}]},{"$i":"ringer_garden","$v":"Garden"},{"$i":"ringer_marbled","$v":"Marbled"},{"$i":"ringer_opti","$v":"Opti"},{"$i":"ringer_pecko","$v":"Pecko"},{"$i":"ringer_pingy","$v":"Pingy"},{"$i":"ringer_poppop","$v":"Pop Pop"},{"$i":"ringer_sata","$v":"Sata"},{"$i":"ringer_simple","$v":"Clean"},{"$i":"ringer_standard1","$v":"Classic"},{"$i":"ringer_standard2","$v":"Classic Fast"},{"$i":"ringer_stutter","$v":"Stutter"},{"$i":"ringer_symmetry","$v":"Symmetry"},{"$i":"ringer_tailwind","$v":"Tail Wind"},{"$i":"ringer_thoughtful","$v":"Thoughtful"},{"$i":"ringer_wit","$v":"Wit"},{"$i":"ringer_zen","$v":"Zen"},{"$i":"notifier_bells","$v":"Bells"},{"$i":"notifier_bloom","$v":"Bloom"},{"$i":"notifier_chime","$v":"Chime"},{"$i":"notifier_clicka","$v":"Clicka"},{"$i":"notifier_digi","$v":"Digi"},{"$i":"notifier_dropplet","$v":"Dropplet"},{"$i":"notifier_firefox2","$v":[{"t":"idOrVar","v":"ringtoneBrandName"}]},{"$i":"notifier_hello","$v":"Hello"},{"$i":"notifier_lowmarble","$v":"Low Marble"},{"$i":"notifier_ping","$v":"Ping"},{"$i":"notifier_plickle","$v":"Plickle"},{"$i":"notifier_pocko","$v":"Pocko"},{"$i":"notifier_quado","$v":"Quado"},{"$i":"notifier_red","$v":"Red"},{"$i":"notifier_sato","$v":"Sato"},{"$i":"notifier_swipo","$v":"Swipo"},{"$i":"notifier_trickleup","$v":"Trickle Up"},{"$i":"notifier_trink","$v":"Trink"},{"$i":"notifier_verse","$v":"Verse"}]