[{"$i":"manage-title-2","$v":"Hantera ringsignaler"},{"$i":"actions-share-ringtone","$v":"Dela ringsignal"},{"$i":"actions-delete-ringtone","$v":"Ta bort ringsignal"},{"$i":"actions-share-alerttone","$v":"Dela aviseringsljud"},{"$i":"actions-delete-alerttone","$v":"Ta bort aviseringsljud"},{"$i":"actions-cancel","$v":"Avbryt"},{"$i":"delete-title-ringtone","$v":"Ta bort ringsignal"},{"$i":"delete-title-alerttone","$v":"Ta bort aviseringsljud"},{"$i":"delete-desc","$v":["Är du säker på att du vill ta bort \"",{"t":"idOrVar","v":"tone"},"\"?"]},{"$i":"delete-desc-default-ringtone","$v":["\"",{"t":"idOrVar","v":"tone"},"\" är den nuvarande standardringsignalen.\n\nÄr du säker på att du vill ta bort den?"]},{"$i":"delete-desc-default-alerttone","$v":["\"",{"t":"idOrVar","v":"tone"},"\" är det nuvarande standardaviseringsljudet.\n\nÄr du säker på att du vill ta bort det?"]},{"$i":"delete-cancel","$v":"Avbryt"},{"$i":"delete-confirm","$v":"Ta bort"},{"$i":"deleted-ringtone","$v":"Ringsignal borttagen."},{"$i":"deleted-alerttone","$v":"Aviseringsljud borttaget."},{"$i":"created-tone","$v":"Ny ringsignal skapad."},{"$i":"set-default-tone","$v":"Ringsignal satt till standard."},{"$i":"sd-card-subtitle","$v":"Minneskort"},{"$i":"pick-title","$v":"Välj ljud"},{"$i":"pick-set","$v":"Använd"},{"$i":"section-title-builtin-ringtone","$v":[{"t":"idOrVar","v":"ringtoneSectionBrandName"}," ringsignaler"]},{"$i":"section-title-builtin-alerttone","$v":[{"t":"idOrVar","v":"ringtoneSectionBrandName"}," aviseringsljud"]},{"$i":"section-title-custom-ringtone","$v":"Mina ringsignaler"},{"$i":"section-title-custom-alerttone","$v":"Mina aviseringsljud"},{"$i":"create-title","$v":"Skapa ringsignal"},{"$i":"create-save","$v":"Spara"},{"$i":"create-cancel","$v":"Avbryt"},{"$i":"play-error-title","$v":"Skadad fil"},{"$i":"play-error-desc","$v":"Filen är skadad. Den kan inte användas för att skapa en ringsignal."},{"$i":"save-error-title","$v":"Ringsignal skapades inte"},{"$i":"save-error-desc","$v":"Det uppstod ett problem när ringsignal skapades. Försök igen."},{"$i":"default-label","$v":"Använd som standardringsignal"},{"$i":"ok","$v":"OK"},{"$i":"ringtone-untitled","$v":"Namnlös"},{"$i":"brandShortName","$v":"B2G OS"},{"$i":"browserBrandShortName","$v":"Web Browser"},{"$i":"browserBrandFullName","$v":"Mozilla Web Browser"},{"$i":"ringtoneBrandName","$v":"Default"},{"$i":"ringtoneSectionBrandName","$v":"System"},{"$i":"ringtone-none","$v":"Ingen"},{"$i":"ringer_bubble","$v":"Bubble"},{"$i":"ringer_chimer","$v":"Chimer"},{"$i":"ringer_cunning","$v":"Cunning"},{"$i":"ringer_dulco","$v":"Dulco"},{"$i":"ringer_firefox2","$v":[{"t":"idOrVar","v":"ringtoneBrandName"}]},{"$i":"ringer_garden","$v":"Garden"},{"$i":"ringer_marbled","$v":"Marbled"},{"$i":"ringer_opti","$v":"Opti"},{"$i":"ringer_pecko","$v":"Pecko"},{"$i":"ringer_pingy","$v":"Pingy"},{"$i":"ringer_poppop","$v":"Pop Pop"},{"$i":"ringer_sata","$v":"Sata"},{"$i":"ringer_simple","$v":"Clean"},{"$i":"ringer_standard1","$v":"Classic"},{"$i":"ringer_standard2","$v":"Classic Fast"},{"$i":"ringer_stutter","$v":"Stutter"},{"$i":"ringer_symmetry","$v":"Symmetry"},{"$i":"ringer_tailwind","$v":"Tail Wind"},{"$i":"ringer_thoughtful","$v":"Thoughtful"},{"$i":"ringer_wit","$v":"Wit"},{"$i":"ringer_zen","$v":"Zen"},{"$i":"notifier_bells","$v":"Bells"},{"$i":"notifier_bloom","$v":"Bloom"},{"$i":"notifier_chime","$v":"Chime"},{"$i":"notifier_clicka","$v":"Clicka"},{"$i":"notifier_digi","$v":"Digi"},{"$i":"notifier_dropplet","$v":"Dropplet"},{"$i":"notifier_firefox2","$v":[{"t":"idOrVar","v":"ringtoneBrandName"}]},{"$i":"notifier_hello","$v":"Hello"},{"$i":"notifier_lowmarble","$v":"Low Marble"},{"$i":"notifier_ping","$v":"Ping"},{"$i":"notifier_plickle","$v":"Plickle"},{"$i":"notifier_pocko","$v":"Pocko"},{"$i":"notifier_quado","$v":"Quado"},{"$i":"notifier_red","$v":"Red"},{"$i":"notifier_sato","$v":"Sato"},{"$i":"notifier_swipo","$v":"Swipo"},{"$i":"notifier_trickleup","$v":"Trickle Up"},{"$i":"notifier_trink","$v":"Trink"},{"$i":"notifier_verse","$v":"Verse"}]