[{"$i":"manage-title-2","$v":"Sesleri yönet"},{"$i":"actions-share-ringtone","$v":"Zil sesini paylaş"},{"$i":"actions-delete-ringtone","$v":"Zil sesini sil"},{"$i":"actions-share-alerttone","$v":"Uyarıyı paylaş"},{"$i":"actions-delete-alerttone","$v":"Uyarıyı sil"},{"$i":"actions-cancel","$v":"İptal"},{"$i":"delete-title-ringtone","$v":"Zil sesini sil"},{"$i":"delete-title-alerttone","$v":"Uyarıyı sil"},{"$i":"delete-desc","$v":["\"",{"t":"idOrVar","v":"tone"},"\" sesini silmek istediğinizden emin misiniz?"]},{"$i":"delete-desc-default-ringtone","$v":["\"",{"t":"idOrVar","v":"tone"},"\" şu anda varsayılan zil sesiniz.\\n\\nSilmek istediğinizden emin misiniz?"]},{"$i":"delete-desc-default-alerttone","$v":["\"",{"t":"idOrVar","v":"tone"},"\" şu anda varsayılan uyarınız.\\n\\nSilmek istediğinizden emin misiniz? "]},{"$i":"delete-cancel","$v":"İptal"},{"$i":"delete-confirm","$v":"Sil"},{"$i":"deleted-ringtone","$v":"Zil sesi silindi."},{"$i":"deleted-alerttone","$v":"Uyarı silindi."},{"$i":"created-tone","$v":"Yeni zil sesi oluşturuldu."},{"$i":"set-default-tone","$v":"Zil sesi varsayılan olarak ayarlandı."},{"$i":"sd-card-subtitle","$v":"SD kart"},{"$i":"pick-title","$v":"Ses seçin"},{"$i":"pick-set","$v":"Ayarla"},{"$i":"section-title-builtin-ringtone","$v":[{"t":"idOrVar","v":"ringtoneSectionBrandName"}," zil sesleri"]},{"$i":"section-title-builtin-alerttone","$v":[{"t":"idOrVar","v":"ringtoneSectionBrandName"}," uyarıları"]},{"$i":"section-title-custom-ringtone","$v":"Zil seslerim"},{"$i":"section-title-custom-alerttone","$v":"Uyarılarım"},{"$i":"create-title","$v":"Zil sesi oluştur"},{"$i":"create-save","$v":"Kaydet"},{"$i":"create-cancel","$v":"İptal"},{"$i":"play-error-title","$v":"Bozuk dosya"},{"$i":"play-error-desc","$v":"Dosya hasar gördüğü için zil sesi oluşturmakta kullanılamaz."},{"$i":"save-error-title","$v":"Zil sesi oluşturulamadı"},{"$i":"save-error-desc","$v":"Zil sesi oluşturulurken bir sorun oluştu. Lütfen tekrar deneyin."},{"$i":"default-label","$v":"Varsayılan zil sesi olarak kullan"},{"$i":"ok","$v":"Tamam"},{"$i":"ringtone-untitled","$v":"Adsız"},{"$i":"brandShortName","$v":"B2G OS"},{"$i":"browserBrandShortName","$v":"Web Browser"},{"$i":"browserBrandFullName","$v":"Mozilla Web Browser"},{"$i":"ringtoneBrandName","$v":"Default"},{"$i":"ringtoneSectionBrandName","$v":"System"},{"$i":"ringtone-none","$v":"Yok"},{"$i":"ringer_bubble","$v":"Balon"},{"$i":"ringer_chimer","$v":"Chimer"},{"$i":"ringer_cunning","$v":"Cunning"},{"$i":"ringer_dulco","$v":"Dulco"},{"$i":"ringer_firefox2","$v":[{"t":"idOrVar","v":"ringtoneBrandName"}]},{"$i":"ringer_garden","$v":"Bahçe"},{"$i":"ringer_marbled","$v":"Marbled"},{"$i":"ringer_opti","$v":"Opti"},{"$i":"ringer_pecko","$v":"Pecko"},{"$i":"ringer_pingy","$v":"Pingy"},{"$i":"ringer_poppop","$v":"Pop Pop"},{"$i":"ringer_sata","$v":"Sata"},{"$i":"ringer_simple","$v":"Yalın"},{"$i":"ringer_standard1","$v":"Klasik"},{"$i":"ringer_standard2","$v":"Klasik Hızlı"},{"$i":"ringer_stutter","$v":"Stutter"},{"$i":"ringer_symmetry","$v":"Symmetry"},{"$i":"ringer_tailwind","$v":"Kuyruk Rüzgârı"},{"$i":"ringer_thoughtful","$v":"Düşünceli"},{"$i":"ringer_wit","$v":"Wit"},{"$i":"ringer_zen","$v":"Zen"},{"$i":"notifier_bells","$v":"Çan"},{"$i":"notifier_bloom","$v":"Bloom"},{"$i":"notifier_chime","$v":"Chime"},{"$i":"notifier_clicka","$v":"Clicka"},{"$i":"notifier_digi","$v":"Digi"},{"$i":"notifier_dropplet","$v":"Dropplet"},{"$i":"notifier_firefox2","$v":[{"t":"idOrVar","v":"ringtoneBrandName"}]},{"$i":"notifier_hello","$v":"Merhaba"},{"$i":"notifier_lowmarble","$v":"Low Marble"},{"$i":"notifier_ping","$v":"Ping"},{"$i":"notifier_plickle","$v":"Plickle"},{"$i":"notifier_pocko","$v":"Pocko"},{"$i":"notifier_quado","$v":"Quado"},{"$i":"notifier_red","$v":"Red"},{"$i":"notifier_sato","$v":"Sato"},{"$i":"notifier_swipo","$v":"Swipo"},{"$i":"notifier_trickleup","$v":"Trickle Up"},{"$i":"notifier_trink","$v":"Trink"},{"$i":"notifier_verse","$v":"Verse"}]