[{"$i":"manage-title-2","$v":"管理铃声"},{"$i":"actions-share-ringtone","$v":"分享铃声"},{"$i":"actions-delete-ringtone","$v":"删除铃声"},{"$i":"actions-share-alerttone","$v":"分享警示音"},{"$i":"actions-delete-alerttone","$v":"删除警示音"},{"$i":"actions-cancel","$v":"取消"},{"$i":"delete-title-ringtone","$v":"删除铃声"},{"$i":"delete-title-alerttone","$v":"删除警告"},{"$i":"delete-desc","$v":["您确定要删除“",{"t":"idOrVar","v":"tone"},"”么？"]},{"$i":"delete-desc-default-ringtone","$v":["“",{"t":"idOrVar","v":"tone"},"”目前是默认铃声。您确定要删除么？"]},{"$i":"delete-desc-default-alerttone","$v":["“",{"t":"idOrVar","v":"tone"},"”目前是默认闹钟铃声。您确定要删除么？"]},{"$i":"delete-cancel","$v":"取消"},{"$i":"delete-confirm","$v":"删除"},{"$i":"deleted-ringtone","$v":"铃声已删除。"},{"$i":"deleted-alerttone","$v":"警示音已删除。"},{"$i":"created-tone","$v":"新铃声已创建。"},{"$i":"set-default-tone","$v":"已设置为默认铃声。"},{"$i":"sd-card-subtitle","$v":"SD 卡"},{"$i":"pick-title","$v":"选择铃声"},{"$i":"pick-set","$v":"设置"},{"$i":"section-title-builtin-ringtone","$v":[{"t":"idOrVar","v":"ringtoneSectionBrandName"}," 铃声"]},{"$i":"section-title-builtin-alerttone","$v":[{"t":"idOrVar","v":"ringtoneSectionBrandName"}," 警示音"]},{"$i":"section-title-custom-ringtone","$v":"我的铃声"},{"$i":"section-title-custom-alerttone","$v":"我的警示音"},{"$i":"create-title","$v":"创建铃声"},{"$i":"create-save","$v":"保存"},{"$i":"create-cancel","$v":"取消"},{"$i":"play-error-title","$v":"文件已损坏"},{"$i":"play-error-desc","$v":"此文件已损坏，无法被用来创建铃声。"},{"$i":"save-error-title","$v":"铃声未创建"},{"$i":"save-error-desc","$v":"创建铃声时出现问题。请重试。"},{"$i":"default-label","$v":"设为默认铃声"},{"$i":"ok","$v":"确定"},{"$i":"ringtone-untitled","$v":"未命名"},{"$i":"brandShortName","$v":"B2G OS"},{"$i":"browserBrandShortName","$v":"Web Browser"},{"$i":"browserBrandFullName","$v":"Mozilla Web Browser"},{"$i":"ringtoneBrandName","$v":"Default"},{"$i":"ringtoneSectionBrandName","$v":"System"},{"$i":"ringtone-none","$v":"无"},{"$i":"ringer_bubble","$v":"气泡"},{"$i":"ringer_chimer","$v":"叮铃"},{"$i":"ringer_cunning","$v":"精巧"},{"$i":"ringer_dulco","$v":"达尔茜"},{"$i":"ringer_firefox2","$v":[{"t":"idOrVar","v":"ringtoneBrandName"}]},{"$i":"ringer_garden","$v":"花园"},{"$i":"ringer_marbled","$v":"弹子"},{"$i":"ringer_opti","$v":"Opti"},{"$i":"ringer_pecko","$v":"坷叩坷扣"},{"$i":"ringer_pingy","$v":"Pingy"},{"$i":"ringer_poppop","$v":"泡泡"},{"$i":"ringer_sata","$v":"Sata"},{"$i":"ringer_simple","$v":"纯净"},{"$i":"ringer_standard1","$v":"经典"},{"$i":"ringer_standard2","$v":"快速经典"},{"$i":"ringer_stutter","$v":"重复断续"},{"$i":"ringer_symmetry","$v":"对称性"},{"$i":"ringer_tailwind","$v":"一路顺风"},{"$i":"ringer_thoughtful","$v":"沉思"},{"$i":"ringer_wit","$v":"机智幽默"},{"$i":"ringer_zen","$v":"禅"},{"$i":"notifier_bells","$v":"钟琴"},{"$i":"notifier_bloom","$v":"啵棱"},{"$i":"notifier_chime","$v":"敲击"},{"$i":"notifier_clicka","$v":"叮咔"},{"$i":"notifier_digi","$v":"叮"},{"$i":"notifier_dropplet","$v":"叮咕嘀"},{"$i":"notifier_firefox2","$v":[{"t":"idOrVar","v":"ringtoneBrandName"}]},{"$i":"notifier_hello","$v":"Hello"},{"$i":"notifier_lowmarble","$v":"低声弹子"},{"$i":"notifier_ping","$v":"乒"},{"$i":"notifier_plickle","$v":"叮铃咚"},{"$i":"notifier_pocko","$v":"简短"},{"$i":"notifier_quado","$v":"气泡弹出"},{"$i":"notifier_red","$v":"红色提示"},{"$i":"notifier_sato","$v":"深邃"},{"$i":"notifier_swipo","$v":"Swipo"},{"$i":"notifier_trickleup","$v":"滴流"},{"$i":"notifier_trink","$v":"明快"},{"$i":"notifier_verse","$v":"短句"}]