[{"$i":"manage-title-2","$v":"管理鈴聲"},{"$i":"actions-share-ringtone","$v":"分享鈴聲"},{"$i":"actions-delete-ringtone","$v":"刪除鈴聲"},{"$i":"actions-share-alerttone","$v":"分享警示音效"},{"$i":"actions-delete-alerttone","$v":"刪除警示音效"},{"$i":"actions-cancel","$v":"取消"},{"$i":"delete-title-ringtone","$v":"刪除鈴聲"},{"$i":"delete-title-alerttone","$v":"刪除警示音效"},{"$i":"delete-desc","$v":["您確定要刪除鈴聲「",{"t":"idOrVar","v":"tone"},"」？"]},{"$i":"delete-desc-default-ringtone","$v":["「",{"t":"idOrVar","v":"tone"},"」是目前的預設鈴聲。\n\n您確定要刪除嗎？"]},{"$i":"delete-desc-default-alerttone","$v":["「",{"t":"idOrVar","v":"tone"},"」是目前的預設警示聲。\n\n您確定要刪除嗎？"]},{"$i":"delete-cancel","$v":"取消"},{"$i":"delete-confirm","$v":"刪除"},{"$i":"deleted-ringtone","$v":"已刪除鈴聲。"},{"$i":"deleted-alerttone","$v":"已刪除警示音效。"},{"$i":"created-tone","$v":"已建立新鈴聲。"},{"$i":"set-default-tone","$v":"已將鈴聲設為預設鈴聲。"},{"$i":"sd-card-subtitle","$v":"SD 卡"},{"$i":"pick-title","$v":"選擇音效"},{"$i":"pick-set","$v":"設定"},{"$i":"section-title-builtin-ringtone","$v":[{"t":"idOrVar","v":"ringtoneSectionBrandName"}," 鈴聲"]},{"$i":"section-title-builtin-alerttone","$v":[{"t":"idOrVar","v":"ringtoneSectionBrandName"}," 警示音效"]},{"$i":"section-title-custom-ringtone","$v":"我的鈴聲"},{"$i":"section-title-custom-alerttone","$v":"我的警示音效"},{"$i":"create-title","$v":"建立鈴聲"},{"$i":"create-save","$v":"儲存"},{"$i":"create-cancel","$v":"取消"},{"$i":"play-error-title","$v":"檔案已毀損"},{"$i":"play-error-desc","$v":"檔案已毀損，無法用來建立鈴聲。"},{"$i":"save-error-title","$v":"未建立鈴聲"},{"$i":"save-error-desc","$v":"建立鈴聲時遇到問題，請再試一次。"},{"$i":"default-label","$v":"設定為預設鈴聲"},{"$i":"ok","$v":"確定"},{"$i":"ringtone-untitled","$v":"無標題"},{"$i":"brandShortName","$v":"B2G OS"},{"$i":"browserBrandShortName","$v":"Web Browser"},{"$i":"browserBrandFullName","$v":"Mozilla Web Browser"},{"$i":"ringtoneBrandName","$v":"Default"},{"$i":"ringtoneSectionBrandName","$v":"System"},{"$i":"ringtone-none","$v":"無"},{"$i":"ringer_bubble","$v":"Bubble"},{"$i":"ringer_chimer","$v":"Chimer"},{"$i":"ringer_cunning","$v":"Cunning"},{"$i":"ringer_dulco","$v":"Dulco"},{"$i":"ringer_firefox2","$v":[{"t":"idOrVar","v":"ringtoneBrandName"}]},{"$i":"ringer_garden","$v":"Garden"},{"$i":"ringer_marbled","$v":"Marbled"},{"$i":"ringer_opti","$v":"Opti"},{"$i":"ringer_pecko","$v":"Pecko"},{"$i":"ringer_pingy","$v":"Pingy"},{"$i":"ringer_poppop","$v":"Pop Pop"},{"$i":"ringer_sata","$v":"Sata"},{"$i":"ringer_simple","$v":"Clean"},{"$i":"ringer_standard1","$v":"Classic"},{"$i":"ringer_standard2","$v":"Classic Fast"},{"$i":"ringer_stutter","$v":"Stutter"},{"$i":"ringer_symmetry","$v":"Symmetry"},{"$i":"ringer_tailwind","$v":"Tail Wind"},{"$i":"ringer_thoughtful","$v":"Thoughtful"},{"$i":"ringer_wit","$v":"Wit"},{"$i":"ringer_zen","$v":"Zen"},{"$i":"notifier_bells","$v":"Bells"},{"$i":"notifier_bloom","$v":"Bloom"},{"$i":"notifier_chime","$v":"Chime"},{"$i":"notifier_clicka","$v":"Clicka"},{"$i":"notifier_digi","$v":"Digi"},{"$i":"notifier_dropplet","$v":"Dropplet"},{"$i":"notifier_firefox2","$v":[{"t":"idOrVar","v":"ringtoneBrandName"}]},{"$i":"notifier_hello","$v":"Hello"},{"$i":"notifier_lowmarble","$v":"Low Marble"},{"$i":"notifier_ping","$v":"Ping"},{"$i":"notifier_plickle","$v":"Plickle"},{"$i":"notifier_pocko","$v":"Pocko"},{"$i":"notifier_quado","$v":"Quado"},{"$i":"notifier_red","$v":"Red"},{"$i":"notifier_sato","$v":"Sato"},{"$i":"notifier_swipo","$v":"Swipo"},{"$i":"notifier_trickleup","$v":"Trickle Up"},{"$i":"notifier_trink","$v":"Trink"},{"$i":"notifier_verse","$v":"Verse"}]