[{"$i":"messages","$v":"Messages"},{"$i":"deleteMessages-title","$v":"احذف الرسائل"},{"$i":"selectThreads-title","$v":"اختر"},{"$i":"edit","$v":"تحرير"},{"$i":"back","$v":"رجوع"},{"$i":"cancel","$v":"Cancel"},{"$i":"undo","$v":"تراجع"},{"$i":"done","$v":"تم"},{"$i":"delete","$v":"احذف"},{"$i":"delete-thread","$v":"Delete thread"},{"$i":"mark-as-read","$v":"Mark as read"},{"$i":"mark-as-unread","$v":"Mark as unread"},{"$i":"deleting-messages","$v":"جارِ الحذف..."},{"$i":"select-all","$v":"إختر الكل"},{"$i":"deselect-all","$v":"إلغاء إختيار الكل"},{"$i":"selected-threads","$v":{"zero":"لم يختر شيء","one":"واحدة مختارة","two":"اثنتان مُختارتان","few":[{"t":"idOrVar","v":"n"}," مُختارة"],"many":[{"t":"idOrVar","v":"n"}," مُختارة"],"other":[{"t":"idOrVar","v":"n"}," مُختارة"]},"$x":[{"t":"idOrVar","v":"plural"},"n"]},{"$i":"selected-messages","$v":{"zero":"لم يختر شيء","one":"واحدة مختارة","two":"اثنتان مُختارتان","few":[{"t":"idOrVar","v":"n"}," مُختارة"],"many":[{"t":"idOrVar","v":"n"}," مُختارة"],"other":[{"t":"idOrVar","v":"n"}," مُختارة"]},"$x":[{"t":"idOrVar","v":"plural"},"n"]},{"$i":"selectThreads-label","$v":"اختر المحادثات"},{"$i":"selectMessages-label","$v":"اختر الرسائل"},{"$i":"settings","$v":"الإعدادات"},{"$i":"add-subject","$v":"أضف موضوع"},{"$i":"remove-subject","$v":"احذف الموضوع"},{"$i":"to","$v":"إلى:"},{"$i":"new","$v":"جديد"},{"$i":"message","$v":"رسالة"},{"$i":"messagesInput_placeholder","$v":"رسالة"},{"$i":"messagesSubjectInput_placeholder","$v":"الموضوع"},{"$i":"converted-to-mms","$v":"حول إلى رسالة وسائط متعددة."},{"$i":"converted-to-sms","$v":"تحويل إلى رسالة نصية."},{"$i":"messages-max-length-text","$v":"لقد وصلت الى الحد المسموح به في عدد أحرف الرسالة القصيرة."},{"$i":"messages-max-subject-length-text","$v":"لقد بلغت الحد الأقصى في عدد أحرف الموضوع."},{"$i":"multimedia-message-exceeded-max-length","$v":["You’ve exceeded the ",{"t":"idOrVar","v":"mmsSize"}," KB size limit of a single multimedia message. Remove attachments or shorten the message to send it."]},{"$i":"newMessage","$v":"رسالة جديدة"},{"$i":"sendMessage","$v":"إرسال رسالة"},{"$i":"sendMMSToEmail","$v":"أرسل رسالة وسائط"},{"$i":"no-recipient","$v":"(لا يوجد مستلم)"},{"$i":"recipient","$v":{"one":[{"t":"idOrVar","v":"n"}," مُستلمين"],"two":[{"t":"idOrVar","v":"n"}," مُستلمين"],"few":[{"t":"idOrVar","v":"n"}," مُستلمين"],"many":[{"t":"idOrVar","v":"n"}," مُستلمين"],"other":[{"t":"idOrVar","v":"n"}," مُستلمين"]},"$x":[{"t":"idOrVar","v":"plural"},"n"]},{"$i":"attachmentSizeB","$v":[{"t":"idOrVar","v":"n"}," B"]},{"$i":"attachmentSizeKB","$v":[{"t":"idOrVar","v":"n"}," كيلو بايت"]},{"$i":"attachmentSizeMB","$v":[{"t":"idOrVar","v":"n"}," م.ب"]},{"$i":"attachmentOpenError","$v":"لا يوجد أي تطبيق متوفر لفتح هذا النوع من الملفات."},{"$i":"remove","$v":"إزالة"},{"$i":"participant","$v":{"one":"مشارك واحد","two":"مشاركان","few":[{"t":"idOrVar","v":"n"}," المشاركين"],"many":[{"t":"idOrVar","v":"n"}," مشارك"],"other":[{"t":"idOrVar","v":"n"}," مشارك"]},"$x":[{"t":"idOrVar","v":"plural"},"n"]},{"$i":"message-report","$v":"تقرير الرسالة"},{"$i":"message-type-sms","$v":"رسالة نصية (SMS)"},{"$i":"message-type-mms","$v":"رسالة وسائط متعددة"},{"$i":"sms-report-description","$v":["رسالتك القصيرة (SMS), قد أرسلت في ",{"t":"idOrVar","v":"datetime"}]},{"$i":"mms-report-description","$v":["رسالتك الوسائط المتعددة (MMS), موضوع ",{"t":"idOrVar","v":"subject"},", أرسلت في ",{"t":"idOrVar","v":"datetime"}]},{"$i":"mms-no-subject-report-description","$v":["رسالتك المتعددة الوسائط (MMS), قد أرسلت في ",{"t":"idOrVar","v":"datetime"}]},{"$i":"message-subject","$v":"الموضوع:"},{"$i":"report-status-error","$v":"تعذَّر إرسال الرسالة"},{"$i":"report-status-not-downloaded","$v":"لم تُنزّل"},{"$i":"report-status-delivered","$v":"سُـلـّمت:"},{"$i":"report-status-read","$v":"قرأت:"},{"$i":"report-status-pending","$v":"التقرير المطلوب"},{"$i":"report-status-rejected","$v":"رُفضَت الرسالة"},{"$i":"message-size-was","$v":"حجم الرسالة:"},{"$i":"report-dateTimeFormat12","$v":["%e %B %Y, ",{"t":"idOrVar","v":"shortTimeFormat12"}]},{"$i":"report-dateTimeFormat24","$v":["%e %B %Y, ",{"t":"idOrVar","v":"shortTimeFormat24"}]},{"$i":"report-to-title","$v":"إلى"},{"$i":"report-from-title","$v":"من:"},{"$i":"message-sent","$v":"أرسلت:"},{"$i":"message-sending","$v":[{"t":"idOrVar","v":"message-delivery-status-sending"}]},{"$i":"message-received","$v":"مستلمة:"},{"$i":"message-via","$v":"بواسطة:"},{"$i":"message-resend","$v":"أعِد الإرسال"},{"$i":"search","$v":"بحث"},{"$i":"unknown-contact-title","$v":"جهة اتصال غير معروفة"},{"$i":"phone-type-separator","$v":"، "},{"$i":"phone-carrier-separator","$v":""},{"$i":"thread-participant-separator","$v":"،"},{"$i":"replace-draft","$v":"إستبدل المسودة الموجودة"},{"$i":"save-as-draft","$v":"احفظ في المسودة"},{"$i":"discard-message","$v":"تجاهل"},{"$i":"discard-sms","$v":"هل انت متأكد من أنك تريد حذف الرسالة؟"},{"$i":"discard-new-message","$v":"تجاهل الرسالة التي انشأت و إفتح رسالة جديدة ؟"},{"$i":"resend-confirmation","$v":"لم يتم إرسال الرسالة. حاول مرة أخرى؟"},{"$i":"resend-message","$v":"إعادة إرسال الرسالة"},{"$i":"deleteMessage-confirmation","$v":"أأحذف الرسائل المختارة؟"},{"$i":"deleteMessages-confirmation-message","$v":{"zero":"Please select messages to be deleted.","one":"Delete selected message?","two":["Delete ",{"t":"idOrVar","v":"n"}," selected messages?"],"few":["Delete ",{"t":"idOrVar","v":"n"}," selected messages?"],"many":["Delete ",{"t":"idOrVar","v":"n"}," selected messages?"],"other":["Delete ",{"t":"idOrVar","v":"n"}," selected messages?"]},"$x":[{"t":"idOrVar","v":"plural"},"n"]},{"$i":"deleteThreads-confirmation-message","$v":{"zero":"Please select message threads to be deleted.","one":"Delete selected message thread?","two":["Delete ",{"t":"idOrVar","v":"n"}," selected message threads?"],"few":["Delete ",{"t":"idOrVar","v":"n"}," selected message threads?"],"many":["Delete ",{"t":"idOrVar","v":"n"}," selected message threads?"],"other":["Delete ",{"t":"idOrVar","v":"n"}," selected message threads?"]},"$x":[{"t":"idOrVar","v":"plural"},"n"]},{"$i":"new-message-notice-text","$v":"رسالة جديدة من"},{"$i":"new-message-notice-a-text","$v":"اقرأها"},{"$i":"noMessages-title","$v":"لا توجد رسائل"},{"$i":"noMessages-text","$v":"بدء التواصل الآن"},{"$i":"sendDefaultErrorTitle","$v":"لم تُرسل الرسالة."},{"$i":"sendDefaultErrorBody","$v":"هنالك مشكلة بإرسال الرسالة.الرجاء المحاولة مره اخرى"},{"$i":"sendDefaultErrorBtnOk","$v":"موافق"},{"$i":"sendMissingSimCardTitle","$v":"لا توجد بطاقة SIM"},{"$i":"sendMissingSimCardBody","$v":"أدخل بطاقة SIM صحيحة للإستمرار"},{"$i":"sendMissingSimCardBtnOk","$v":"موافق"},{"$i":"sendFlightModeTitle","$v":"وضع الطيران مفعّل"},{"$i":"sendFlightModeBody","$v":"أغلق وضع الطيران لإرسال الرسالة"},{"$i":"sendFlightModeBtnOk","$v":"موافق"},{"$i":"radioDisabledToDownloadTitle","$v":[{"t":"idOrVar","v":"sendFlightModeTitle"}]},{"$i":"radioDisabledToDownloadBody","$v":"أوقِف وضع الطيران لتنزيل المُرفقات."},{"$i":"radioDisabledToDownloadBtnOk","$v":[{"t":"idOrVar","v":"sendFlightModeBtnOk"}]},{"$i":"fdnBlocked2Title","$v":"FDN مفعّل"},{"$i":"sms-counter-notice-label","$v":["تُحرّر الرسالة رقم ",{"t":"idOrVar","v":"number"}]},{"$i":"fdnBlocked2Body","innerHTML":{"$x":[{"t":"idOrVar","v":"plural"},"n"],"$v":{"one":["FDN (  أرقام الاتصال الثابتة ) فعالة . تأكد أن مركز ال SMS و المستلم التالي موجود في قائمة ال FDN الخاصة بك :<br />",{"t":"idOrVar","v":"numbers"}],"two":["تم تفعيلFDN ( أرقام الاتصال الثابتة ) . تأكد من أن مركز الرسائل القصيرة والمستلمين التاليين في قائمة أرقام الاتصال الثابتة الخاصة بك : <br /> ",{"t":"idOrVar","v":"numbers"}],"few":["FDN ( أرقام الاتصال الثابتة) مفعلة . تأكد كم أن مركز SMS والمستلمين التاليين في قائمة الأرقام الخاصة بك: <br />",{"t":"idOrVar","v":"numbers"}],"many":["FDN ( أرقام الاتصال الخاصة بك ) مفعّلة . تأكد من أن مركز SMS و المستلمون التاليون متوفرون في قائمة الاتصال الخاصة بك : <br />",{"t":"idOrVar","v":"numbers"}],"other":["FDNتم تفعيل ( أرقام الاتصال الثابة ) . تأكد من أن مركز SMS و المستقبلين التاليين متوفرون في قائمة الأرقام الثابتة : <br />",{"t":"idOrVar","v":"numbers"}]}}},{"$i":"fdnBlocked2BtnOk","$v":"موافق"},{"$i":"switchSimToRetrieveTitle","$v":"تبديل إتصال البيانات"},{"$i":"switchSimToRetrieveBody","$v":["بدّل اتصال البيانات إلى بطاقة SIM ",{"t":"idOrVar","v":"nonActiveSimId"}," لتلقي رسالة الوسائط. سيُعّلق اتصال البيانات من بطاقة SIM ",{"t":"idOrVar","v":"activeSimId"},". هل تريد المتابعة؟"]},{"$i":"switchSimToRetrieveBtnOk","$v":"لاحقا"},{"$i":"switchSimToRetrieveConfirm","$v":"موافق"},{"$i":"switchSimToSendTitle","$v":[{"t":"idOrVar","v":"switchSimToRetrieveTitle"}]},{"$i":"switchSimToSendBody","$v":["بدّل اتصال البيانات إلى بطاقة SIM ",{"t":"idOrVar","v":"nonActiveSimId"}," لإرسال رسالة الوسائط. سيُعّلق اتصال البيانات من بطاقة SIM ",{"t":"idOrVar","v":"activeSimId"},". هل تريد المتابعة؟"]},{"$i":"switchSimToSendBtnOk","$v":[{"t":"idOrVar","v":"switchSimToRetrieveBtnOk"}]},{"$i":"switchSimToSendConfirm","$v":[{"t":"idOrVar","v":"switchSimToRetrieveConfirm"}]},{"$i":"sendNoSignalErrorTitle","$v":"لا يوجد تغطية للشبكة"},{"$i":"sendNoSignalErrorBody","$v":"تأكد أن لديك إشارة بالجوّال وحاول مرة أخرى."},{"$i":"sendNoSignalErrorBtnOk","$v":"موافق"},{"$i":"sendNotFoundErrorTitle","$v":"لم يتم العثور على الرسالة"},{"$i":"sendNotFoundErrorBody","$v":"الرسالة التي كنت تبحث عنه غير موجودة."},{"$i":"sendNotFoundErrorBtnOk","$v":"موافق"},{"$i":"sendInvalidAddressErrorTitle","$v":"رقم غير صحيح"},{"$i":"sendInvalidAddressErrorBody","$v":"تأكد من الرقم الذي ترسل إليه صحيح."},{"$i":"sendInvalidAddressErrorBtnOk","$v":"موافق"},{"$i":"simNotMatchedErrorTitle","$v":"فشل التنزيل"},{"$i":"simNotMatchedErrorBody","$v":"تأكد أنّ بطاقة SIM المُدخلة في الجهاز هي ذاتها الّتي اُستخدِمت لتلقّي هذه الرسالة."},{"$i":"simNotMatchedErrorBtnOk","$v":"موافق"},{"$i":"deleted-sms","$v":"تم حذف هذه الرسالة مسبقا"},{"$i":"view-attachment-image","$v":"اعرض"},{"$i":"view-attachment-audio","$v":"استمع"},{"$i":"view-attachment-video","$v":"اعرض"},{"$i":"view-attachment-other","$v":"اعرض"},{"$i":"remove-attachment-image","$v":"احذف الصورة"},{"$i":"remove-attachment-audio","$v":"احذف مقطع الصوت"},{"$i":"remove-attachment-video","$v":"احذف مقطع الفيديو"},{"$i":"remove-attachment-other","$v":"أزِل المرفق"},{"$i":"replace-attachment-image","$v":"إستبدل الصورة"},{"$i":"replace-attachment-audio","$v":"إستبدل مقطع الصوت"},{"$i":"replace-attachment-video","$v":"استبدل مقطع الفيديو"},{"$i":"replace-attachment-other","$v":"إستبدل المرفق"},{"$i":"unsent-message-title","$v":"رسالة غير مرسلة"},{"$i":"unsent-message-text","$v":"Your previous message was not sent. Do you want to discard the unsent message and continue?"},{"$i":"unsent-message-option-edit","$v":"حرّر"},{"$i":"unsent-message-option-discard","$v":"تجاهل"},{"$i":"message-options","$v":"خيارات الرسائل"},{"$i":"thread-options","$v":"Thread options"},{"$i":"forward","$v":"التالي"},{"$i":"view-message-report","$v":"عرض تقرير الرسالة"},{"$i":"select-text","$v":"Select text"},{"$i":"mobile","$v":"الجوّال"},{"$i":"home","$v":"المنزل"},{"$i":"work","$v":"العمل"},{"$i":"personal","$v":"الشخصي"},{"$i":"faxHome","$v":"فاكس المنزل"},{"$i":"faxOffice","$v":"فاكس المكتب"},{"$i":"faxOther","$v":"فاكس آخر"},{"$i":"another","$v":"آخر"},{"$i":"other","$v":"اخرى"},{"$i":"today","$v":"اليوم"},{"$i":"yesterday","$v":"الأمس"},{"$i":"incorrectDate","$v":"(تاريخ غير صحيح)"},{"$i":"addToExistingContact","$v":"أضف إلى جهة إتصال موجودة مسبقا"},{"$i":"createNewContact","$v":"إنشاء جهة اتصال جديده"},{"$i":"viewContact","$v":"عرض جهة الإتصال"},{"$i":"call","$v":"إتصال"},{"$i":"sendEmail","$v":"أرسل بريد الكتروني"},{"$i":"mms-message","$v":"رسالة وسائط متعددة"},{"$i":"notDownloaded-title","$v":"الرسالة غير محملة بعد"},{"$i":"tobedownloaded-attachment","$v":["تلقّيت رسالة وسائط متعدّدة. بإمكانك استخدام الرابط أدناه لتنزيل محتواها حتى ",{"t":"idOrVar","v":"date"},"."]},{"$i":"expired-attachment","$v":["نأسف, الرسال منتهية الصلاحية من ",{"t":"idOrVar","v":"date"}," و لا يمكن تحميلها."]},{"$i":"download-attachment","$v":"نزِّل"},{"$i":"downloading-attachment","$v":"جارِ التنزيل..."},{"$i":"unnamed-attachment","$v":"بلا عنوان"},{"$i":"mms-label","$v":"وسائط متعدّدة"},{"$i":"attached-files-too-large","$v":{"zero":["The files you have selected exceed the ",{"t":"idOrVar","v":"mmsSize"}," KB size limit of a single multimedia message."],"one":["The file you have selected exceeds the ",{"t":"idOrVar","v":"mmsSize"}," KB size limit of a single multimedia message."],"two":["The files you have selected exceed the ",{"t":"idOrVar","v":"mmsSize"}," KB size limit of a single multimedia message."],"few":["The files you have selected exceed the ",{"t":"idOrVar","v":"mmsSize"}," KB size limit of a single multimedia message."],"many":["The files you have selected exceed the ",{"t":"idOrVar","v":"mmsSize"}," KB size limit of a single multimedia message."],"other":["The files you have selected exceed the ",{"t":"idOrVar","v":"mmsSize"}," KB size limit of a single multimedia message."]},"$x":[{"t":"idOrVar","v":"plural"},"n"]},{"$i":"resize-image","$v":"غيِّر حجم الصورة المرفقة"},{"$i":"no-attachment-text","$v":"هنالك مشكلة في الملف المرفق ولا يمكن تحميله"},{"$i":"message-draft-saved","$v":"تم حفظ الرسالة كمسودة"},{"$i":"sim-id-label","$v":["SIM ",{"t":"idOrVar","v":"id"}]},{"$i":"sim-detail","$v":["SIM ",{"t":"idOrVar","v":"id"},", ",{"t":"idOrVar","v":"detailString"}]},{"$i":"dsds-notification-title-with-sim","$v":["(",{"t":"idOrVar","v":"sim"},") ",{"t":"idOrVar","v":"sender"}]},{"$i":"send-button","ariaLabel":"Send"},{"$i":"send-button-sim-indication","$v":[{"t":"idOrVar","v":"n"}],"ariaLabel":["باستخدام SIM رقم ",{"t":"idOrVar","v":"n"}]},{"$i":"expiry-date-format","$v":"%A, %b %e"},{"$i":"attach-button","ariaLabel":"أضف مُرفق"},{"$i":"contact-photo","ariaLabel":"صورة جهة الاتصال"},{"$i":"unread-thread","ariaLabel":"غير مقروءة"},{"$i":"has-draft","ariaLabel":"لديه مسوّدة"},{"$i":"is-draft","ariaLabel":"مسوّدة"},{"$i":"message-delivery-status-sending","$v":"يُرسل…"},{"$i":"message-delivery-status-delivered","ariaLabel":"سُلِّمت"},{"$i":"message-delivery-status-read","ariaLabel":"قُرِئَت"},{"$i":"message-delivery-status-error","ariaLabel":"خطأ"},{"$i":"modal-dialog-ok-button","$v":"OK"},{"$i":"modal-dialog-cancel-button","$v":"Cancel"},{"$i":"modal-dialog-default-title","$v":"Messages"},{"$i":"weekday-0-long","$v":"الأحد"},{"$i":"weekday-1-long","$v":"الإثنين"},{"$i":"weekday-2-long","$v":"الثلاثاء"},{"$i":"weekday-3-long","$v":"الأربعاء"},{"$i":"weekday-4-long","$v":"الخميس"},{"$i":"weekday-5-long","$v":"الجمعة"},{"$i":"weekday-6-long","$v":"السبت"},{"$i":"weekday-0-short","$v":"أحد"},{"$i":"weekday-1-short","$v":"إثنين"},{"$i":"weekday-2-short","$v":"ثلاثاء"},{"$i":"weekday-3-short","$v":"أربعاء"},{"$i":"weekday-4-short","$v":"خميس"},{"$i":"weekday-5-short","$v":"جمعة"},{"$i":"weekday-6-short","$v":"سبت"},{"$i":"month-0-long","$v":"يناير"},{"$i":"month-1-long","$v":"فبراير"},{"$i":"month-2-long","$v":"مارس"},{"$i":"month-3-long","$v":"أبريل"},{"$i":"month-4-long","$v":"مايو"},{"$i":"month-5-long","$v":"يونيو"},{"$i":"month-6-long","$v":"يوليو"},{"$i":"month-7-long","$v":"أغسطس"},{"$i":"month-8-long","$v":"سبتمبر"},{"$i":"month-9-long","$v":"أكتوبر"},{"$i":"month-10-long","$v":"نوفمبر"},{"$i":"month-11-long","$v":"ديسمبر"},{"$i":"month-0-genitive","$v":"يناير"},{"$i":"month-1-genitive","$v":"فبراير"},{"$i":"month-2-genitive","$v":"مارس"},{"$i":"month-3-genitive","$v":"أبريل"},{"$i":"month-4-genitive","$v":"مايو"},{"$i":"month-5-genitive","$v":"يونيو"},{"$i":"month-6-genitive","$v":"يوليو"},{"$i":"month-7-genitive","$v":"أغسطس"},{"$i":"month-8-genitive","$v":"سبتمبر"},{"$i":"month-9-genitive","$v":"أكتوبر"},{"$i":"month-10-genitive","$v":"نوفمبر"},{"$i":"month-11-genitive","$v":"ديسمبر"},{"$i":"month-0-short","$v":"يناير"},{"$i":"month-1-short","$v":"فبراير"},{"$i":"month-2-short","$v":"مارس"},{"$i":"month-3-short","$v":"ابريل"},{"$i":"month-4-short","$v":"مايو"},{"$i":"month-5-short","$v":"يونيو"},{"$i":"month-6-short","$v":"يوليو"},{"$i":"month-7-short","$v":"أغسطس"},{"$i":"month-8-short","$v":"سبتمبر"},{"$i":"month-9-short","$v":"أكتوبر"},{"$i":"month-10-short","$v":"نوفمبر"},{"$i":"month-11-short","$v":"ديسمبر"},{"$i":"minutes-ago-long","$v":{"zero":"الآن","one":"منذ دقيقة","two":"منذ دقيقتين","few":["منذ ",{"t":"idOrVar","v":"value"}," دقائق"],"many":["منذ ",{"t":"idOrVar","v":"value"}," دقيقة"],"other":["منذ ",{"t":"idOrVar","v":"value"}," دقيقة"]},"$x":[{"t":"idOrVar","v":"plural"},"value"]},{"$i":"hours-ago-long","$v":{"zero":"الآن","one":"منذ ساعة","two":"منذ ساعتين","few":["قبل ",{"t":"idOrVar","v":"value"}," ساعات"],"many":["قبل ",{"t":"idOrVar","v":"value"}," ساعة"],"other":["قبل ",{"t":"idOrVar","v":"value"}," ساعة"]},"$x":[{"t":"idOrVar","v":"plural"},"value"]},{"$i":"days-ago-long","$v":{"zero":"اليوم","one":"أمس","two":"منذ يومين","few":["منذ ",{"t":"idOrVar","v":"value"}," أيام"],"many":["منذ ",{"t":"idOrVar","v":"value"}," يوم"],"other":["منذ ",{"t":"idOrVar","v":"value"}," يوم"]},"$x":[{"t":"idOrVar","v":"plural"},"value"]},{"$i":"weeks-ago-long","$v":{"zero":"هذا الأسبوع","one":"الأسبوع الماضي","two":"منذ أسبوعين","few":["منذ ",{"t":"idOrVar","v":"value"}," أسابيع"],"many":["منذ ",{"t":"idOrVar","v":"value"}," أسبوع"],"other":["منذ ",{"t":"idOrVar","v":"value"}," أسبوع"]},"$x":[{"t":"idOrVar","v":"plural"},"value"]},{"$i":"months-ago-long","$v":{"zero":"هذا الشهر","one":"الشهر الماضي","two":"منذ شهرين","few":["منذ ",{"t":"idOrVar","v":"value"}," أشهر"],"many":["منذ ",{"t":"idOrVar","v":"value"}," شهر"],"other":["منذ ",{"t":"idOrVar","v":"value"}," شهر"]},"$x":[{"t":"idOrVar","v":"plural"},"value"]},{"$i":"years-ago-long","$v":{"zero":"هذه السنة","one":"السنة الماضية","two":"منذ سنتين","few":["منذ ",{"t":"idOrVar","v":"value"}," سنوات"],"many":["منذ ",{"t":"idOrVar","v":"value"}," سنة"],"other":["منذ ",{"t":"idOrVar","v":"value"}," سنة"]},"$x":[{"t":"idOrVar","v":"plural"},"value"]},{"$i":"minutes-until-long","$v":{"zero":"الآن","one":"خلال دقيقة","two":"خلال دقيقتين","few":["خلال ",{"t":"idOrVar","v":"value"}," دقائق"],"many":["خلال ",{"t":"idOrVar","v":"value"}," دقيقة"],"other":["خلال ",{"t":"idOrVar","v":"value"}," دقيقة"]},"$x":[{"t":"idOrVar","v":"plural"},"value"]},{"$i":"hours-until-long","$v":{"zero":"الآن","one":"خلال ساعة","two":"خلال ساعتين","few":["خلال ",{"t":"idOrVar","v":"value"}," ساعات"],"many":["خلال ",{"t":"idOrVar","v":"value"}," ساعة"],"other":["خلال ",{"t":"idOrVar","v":"value"}," ساعة"]},"$x":[{"t":"idOrVar","v":"plural"},"value"]},{"$i":"days-until-long","$v":{"zero":"اليوم","one":"غداً","two":"خلال يومين","few":["خلال ",{"t":"idOrVar","v":"value"}," أيام"],"many":["خلال ",{"t":"idOrVar","v":"value"}," يوم"],"other":["خلال ",{"t":"idOrVar","v":"value"}," يوم"]},"$x":[{"t":"idOrVar","v":"plural"},"value"]},{"$i":"weeks-until-long","$v":{"zero":"هذا الأسبوع","one":"الأسبوع القادم","two":"خلال أسبوعين","few":["خلال ",{"t":"idOrVar","v":"value"}," أسابيع"],"many":["خلال ",{"t":"idOrVar","v":"value"}," أسبوع"],"other":["خلال ",{"t":"idOrVar","v":"value"}," أسبوع"]},"$x":[{"t":"idOrVar","v":"plural"},"value"]},{"$i":"months-until-long","$v":{"zero":"هذا الشهر","one":"الشهر القادم","two":"خلال شهرين","few":["خلال ",{"t":"idOrVar","v":"value"}," أشهر"],"many":["خلال ",{"t":"idOrVar","v":"value"}," شهر"],"other":["خلال ",{"t":"idOrVar","v":"value"}," شهر"]},"$x":[{"t":"idOrVar","v":"plural"},"value"]},{"$i":"years-until-long","$v":{"zero":"هذه السنة","one":"السنة القادمة","two":"خلال سنتين","few":["خلال ",{"t":"idOrVar","v":"value"}," سنوات"],"many":["خلال ",{"t":"idOrVar","v":"value"}," سنة"],"other":["خلال ",{"t":"idOrVar","v":"value"}," سنة"]},"$x":[{"t":"idOrVar","v":"plural"},"value"]},{"$i":"minutes-ago-short","$v":{"zero":"الآن","other":["منذ ",{"t":"idOrVar","v":"value"}," دقيقة"]},"$x":[{"t":"idOrVar","v":"plural"},"value"]},{"$i":"hours-ago-short","$v":{"zero":"الآن","other":["منذ ",{"t":"idOrVar","v":"value"}," س"]},"$x":[{"t":"idOrVar","v":"plural"},"value"]},{"$i":"days-ago-short","$v":{"zero":"اليوم","other":["منذ ",{"t":"idOrVar","v":"value"}," ي"]},"$x":[{"t":"idOrVar","v":"plural"},"value"]},{"$i":"minutes-until-short","$v":{"zero":"الآن","other":["خلال ",{"t":"idOrVar","v":"value"}," د"]},"$x":[{"t":"idOrVar","v":"plural"},"value"]},{"$i":"hours-until-short","$v":{"zero":"الآن","other":["خلال ",{"t":"idOrVar","v":"value"}," س"]},"$x":[{"t":"idOrVar","v":"plural"},"value"]},{"$i":"days-until-short","$v":{"zero":"اليوم","other":["خلال ",{"t":"idOrVar","v":"value"}," ي"]},"$x":[{"t":"idOrVar","v":"plural"},"value"]},{"$i":"dateTimeFormat_%c","$v":"%a %e %b %Y %I:%M:%S %p"},{"$i":"dateTimeFormat_%x","$v":"%d/%m/%Y"},{"$i":"dateTimeFormat_%X","$v":"%I:%M:%S %p"},{"$i":"shortTimeFormat","$v":"%I:%M %p"},{"$i":"shortTimeFormat12","$v":"%I:%M %p"},{"$i":"shortTimeFormat24","$v":"%H:%M"},{"$i":"shortDateTimeFormat","$v":"%x %I:%M %p"},{"$i":"weekStartsOnMonday","$v":"0 "},{"$i":"firstDayOfTheWeek","$v":"0"},{"$i":"time_am","$v":"ص"},{"$i":"time_pm","$v":"م"},{"$i":"gaia-menu-cancel","$v":"ألغِ"},{"$i":"gaia-sim-picker-dial-via-with-number","$v":["إتصل بـ ",{"t":"idOrVar","v":"phoneNumber"}," عبر"]},{"$i":"gaia-sim-picker-select-sim","$v":"إختر الشريحة"},{"$i":"gaia-sim-picker-button","$v":["الشريحة ",{"t":"idOrVar","v":"n"}]},{"$i":"gaia-sim-picker-button-default","$v":"(الأساسيّة)"}]