[{"$i":"messages","$v":"Съобщения"},{"$i":"deleteMessages-title","$v":"Изтриване на съобщения"},{"$i":"selectThreads-title","$v":"Избиране"},{"$i":"edit","$v":"Редактиране"},{"$i":"back","$v":"Връщане"},{"$i":"cancel","$v":"Отказ"},{"$i":"undo","$v":"Възстановяване"},{"$i":"done","$v":"Готово"},{"$i":"delete","$v":"Изтриване"},{"$i":"delete-thread","$v":"Delete thread"},{"$i":"mark-as-read","$v":"Mark as read"},{"$i":"mark-as-unread","$v":"Mark as unread"},{"$i":"deleting-messages","$v":"Изтриване…"},{"$i":"select-all","$v":"Избор всички"},{"$i":"deselect-all","$v":"Отмяна всички"},{"$i":"selected-threads","$v":{"zero":"няма избрани","one":[{"t":"idOrVar","v":"n"}," избрано"],"two":[{"t":"idOrVar","v":"n"}," избрани"],"few":[{"t":"idOrVar","v":"n"}," избрани"],"many":[{"t":"idOrVar","v":"n"}," избрани"],"other":[{"t":"idOrVar","v":"n"}," избрани"]},"$x":[{"t":"idOrVar","v":"plural"},"n"]},{"$i":"selected-messages","$v":{"zero":"няма избрани","one":[{"t":"idOrVar","v":"n"}," избрано"],"two":[{"t":"idOrVar","v":"n"}," избрани"],"few":[{"t":"idOrVar","v":"n"}," избрани"],"many":[{"t":"idOrVar","v":"n"}," избрани"],"other":[{"t":"idOrVar","v":"n"}," избрани"]},"$x":[{"t":"idOrVar","v":"plural"},"n"]},{"$i":"selectThreads-label","$v":"Избиране на нишки"},{"$i":"selectMessages-label","$v":"Избиране на съобщения"},{"$i":"settings","$v":"Настройки"},{"$i":"add-subject","$v":"Добавяне на тема"},{"$i":"remove-subject","$v":"Премахване на тема"},{"$i":"to","$v":"До:"},{"$i":"new","$v":"Ново"},{"$i":"message","$v":"Съобщение"},{"$i":"messagesInput_placeholder","$v":"Съобщение"},{"$i":"messagesSubjectInput_placeholder","$v":"Тема"},{"$i":"converted-to-mms","$v":"Превръщане в мултимедийно съобщение."},{"$i":"converted-to-sms","$v":"Превръщане в текстово съобщение."},{"$i":"messages-max-length-text","$v":"Достигнахте максималната дължина."},{"$i":"messages-max-subject-length-text","$v":"Достигнахте максималната дължина на темата."},{"$i":"multimedia-message-exceeded-max-length","$v":["Надхвърляте ограничението от ",{"t":"idOrVar","v":"mmsSize"}," КБ за едно мултимедийно съобщение. Махнете притурки или го съкратете, за да го изпратите."]},{"$i":"newMessage","$v":"Ново съобщение"},{"$i":"sendMessage","$v":"Изпращане на съобщение"},{"$i":"sendMMSToEmail","$v":"Изпращане мултимедийно съобщение"},{"$i":"no-recipient","$v":"(Няма получател)"},{"$i":"recipient","$v":{"one":[{"t":"idOrVar","v":"n"}," получател"],"two":[{"t":"idOrVar","v":"n"}," получателя"],"few":[{"t":"idOrVar","v":"n"}," получателя"],"many":[{"t":"idOrVar","v":"n"}," получатели"],"other":[{"t":"idOrVar","v":"n"}," получатели"]},"$x":[{"t":"idOrVar","v":"plural"},"n"]},{"$i":"attachmentSizeB","$v":[{"t":"idOrVar","v":"n"}," Б"]},{"$i":"attachmentSizeKB","$v":[{"t":"idOrVar","v":"n"}," KB"]},{"$i":"attachmentSizeMB","$v":[{"t":"idOrVar","v":"n"}," MB"]},{"$i":"attachmentOpenError","$v":"Няма инсталирано приложение, което да отвори този тип файл."},{"$i":"remove","$v":"Премахване"},{"$i":"participant","$v":{"one":[{"t":"idOrVar","v":"n"}," участник"],"two":[{"t":"idOrVar","v":"n"}," участници"],"few":[{"t":"idOrVar","v":"n"}," участници"],"many":[{"t":"idOrVar","v":"n"}," участници"],"other":[{"t":"idOrVar","v":"n"}," участници"]},"$x":[{"t":"idOrVar","v":"plural"},"n"]},{"$i":"message-report","$v":"Доклад за съобщение"},{"$i":"message-type-sms","$v":"Текстово съобщение (SMS)"},{"$i":"message-type-mms","$v":"Мултимедийно съобщение (MMS)"},{"$i":"sms-report-description","$v":["Вашето текстово съобщение (SMS) е изпратено на ",{"t":"idOrVar","v":"datetime"}]},{"$i":"mms-report-description","$v":["Вашето мултимедийно съобщение (MMS) с тема ",{"t":"idOrVar","v":"subject"}," е изпратено на ",{"t":"idOrVar","v":"datetime"}]},{"$i":"mms-no-subject-report-description","$v":["Вашето мултимедийно съобщение (MMS) е изпратено на ",{"t":"idOrVar","v":"datetime"}]},{"$i":"message-subject","$v":"Тема:"},{"$i":"report-status-error","$v":"Съобщението не може да бъде изпратено"},{"$i":"report-status-not-downloaded","$v":"не е изтеглено"},{"$i":"report-status-delivered","$v":"Доставено:"},{"$i":"report-status-read","$v":"Прочетено:"},{"$i":"report-status-pending","$v":"Поискан отчет"},{"$i":"report-status-rejected","$v":"Съобщението е отхвърлено"},{"$i":"message-size-was","$v":"Големина на съобщение:"},{"$i":"report-dateTimeFormat12","$v":["%e %B %Y, ",{"t":"idOrVar","v":"shortTimeFormat12"}]},{"$i":"report-dateTimeFormat24","$v":["%e %B %Y, ",{"t":"idOrVar","v":"shortTimeFormat24"}]},{"$i":"report-to-title","$v":"До"},{"$i":"report-from-title","$v":"От"},{"$i":"message-sent","$v":"Изпратено:"},{"$i":"message-sending","$v":[{"t":"idOrVar","v":"message-delivery-status-sending"}]},{"$i":"message-received","$v":"Получено:"},{"$i":"message-via","$v":"През:"},{"$i":"message-resend","$v":"Повторно изпращане"},{"$i":"search","$v":"Търси"},{"$i":"unknown-contact-title","$v":"Непознат контакт"},{"$i":"phone-type-separator","$v":", "},{"$i":"phone-carrier-separator","$v":""},{"$i":"thread-participant-separator","$v":", "},{"$i":"replace-draft","$v":"Замяна на съществуваща чернова"},{"$i":"save-as-draft","$v":"Запис като чернова"},{"$i":"discard-message","$v":"Отмяна"},{"$i":"discard-sms","$v":"Сигурни ли сте, че искате да се откажете от това съобщение?"},{"$i":"discard-new-message","$v":"Отказване на съобщението и започване на ново?"},{"$i":"resend-confirmation","$v":"Съобщението не може да бъде изпратено. Опитай отново?"},{"$i":"resend-message","$v":"Изпращане наново на съобщението"},{"$i":"deleteMessage-confirmation","$v":"Изтриване на избраните съобщения?"},{"$i":"deleteMessages-confirmation-message","$v":{"zero":"Please select messages to be deleted.","one":"Delete selected message?","two":["Delete ",{"t":"idOrVar","v":"n"}," selected messages?"],"few":["Delete ",{"t":"idOrVar","v":"n"}," selected messages?"],"many":["Delete ",{"t":"idOrVar","v":"n"}," selected messages?"],"other":["Delete ",{"t":"idOrVar","v":"n"}," selected messages?"]},"$x":[{"t":"idOrVar","v":"plural"},"n"]},{"$i":"deleteThreads-confirmation-message","$v":{"zero":"Please select message threads to be deleted.","one":"Delete selected message thread?","two":["Delete ",{"t":"idOrVar","v":"n"}," selected message threads?"],"few":["Delete ",{"t":"idOrVar","v":"n"}," selected message threads?"],"many":["Delete ",{"t":"idOrVar","v":"n"}," selected message threads?"],"other":["Delete ",{"t":"idOrVar","v":"n"}," selected message threads?"]},"$x":[{"t":"idOrVar","v":"plural"},"n"]},{"$i":"new-message-notice-text","$v":"Ново съобщение от"},{"$i":"new-message-notice-a-text","$v":"Прочитане"},{"$i":"noMessages-title","$v":"Няма съобщения"},{"$i":"noMessages-text","$v":"Започнете да комуникирате сега"},{"$i":"sendDefaultErrorTitle","$v":"Съобщението не е изпратено"},{"$i":"sendDefaultErrorBody","$v":"Имаше проблем при изпращането на съобщението. Моля, опитайте отново."},{"$i":"sendDefaultErrorBtnOk","$v":"Добре"},{"$i":"sendMissingSimCardTitle","$v":"SIM грешка"},{"$i":"sendMissingSimCardBody","$v":"Липсва SIM карта."},{"$i":"sendMissingSimCardBtnOk","$v":"Добре"},{"$i":"sendFlightModeTitle","$v":"Самолетният режим е активиран"},{"$i":"sendFlightModeBody","$v":"За да изпращате съобщения, трябва да изключите самолетния режим."},{"$i":"sendFlightModeBtnOk","$v":"Добре"},{"$i":"radioDisabledToDownloadTitle","$v":[{"t":"idOrVar","v":"sendFlightModeTitle"}]},{"$i":"radioDisabledToDownloadBody","$v":"Изключете самолетния режим, за да изтеглите притурки."},{"$i":"radioDisabledToDownloadBtnOk","$v":[{"t":"idOrVar","v":"sendFlightModeBtnOk"}]},{"$i":"fdnBlocked2Title","$v":"Включен FDN"},{"$i":"sms-counter-notice-label","$v":["Писане на SMS ",{"t":"idOrVar","v":"number"}]},{"$i":"fdnBlocked2Body","innerHTML":{"$x":[{"t":"idOrVar","v":"plural"},"n"],"$v":{"one":["ФН (Фиксирани номера) са включени. Уверете се, че SMS центърът и следния получател са във вашия списък с ФН:<br />",{"t":"idOrVar","v":"numbers"}],"two":["ФН (Фиксирани номера) са включени. Уверете се, че SMS центърът и следните получатели са във вашия списък с ФН:<br />",{"t":"idOrVar","v":"numbers"}],"few":["ФН (Фиксирани номера) са включени. Уверете се, че SMS центърът и следните получатели са във вашия списък с ФН:<br />",{"t":"idOrVar","v":"numbers"}],"many":["ФН (Фиксирани номера) са включени. Уверете се, че SMS центърът и следните получатели са във вашия списък с ФН:<br />",{"t":"idOrVar","v":"numbers"}],"other":["ФН (Фиксирани номера) са включени. Уверете се, че SMS центърът и следните получатели са във вашия списък с ФН:<br />",{"t":"idOrVar","v":"numbers"}]}}},{"$i":"fdnBlocked2BtnOk","$v":"Добре"},{"$i":"switchSimToRetrieveTitle","$v":"Смяна на връзката за данни"},{"$i":"switchSimToRetrieveBody","$v":["Сменете връзката за данни на SIM ",{"t":"idOrVar","v":"nonActiveSimId"},", за да получите MMS-a. Настоящият трансфер на SIM ",{"t":"idOrVar","v":"activeSimId"}," ще бъде спрян. Продължаване?"]},{"$i":"switchSimToRetrieveBtnOk","$v":"По-късно"},{"$i":"switchSimToRetrieveConfirm","$v":"Добре"},{"$i":"switchSimToSendTitle","$v":[{"t":"idOrVar","v":"switchSimToRetrieveTitle"}]},{"$i":"switchSimToSendBody","$v":["Сменете връзката за данни на SIM ",{"t":"idOrVar","v":"nonActiveSimId"},", за да получите MMS-a. Настоящият трансфер на SIM ",{"t":"idOrVar","v":"activeSimId"}," ще бъде спрян. Продължаване?"]},{"$i":"switchSimToSendBtnOk","$v":[{"t":"idOrVar","v":"switchSimToRetrieveBtnOk"}]},{"$i":"switchSimToSendConfirm","$v":[{"t":"idOrVar","v":"switchSimToRetrieveConfirm"}]},{"$i":"sendNoSignalErrorTitle","$v":"Няма обхват"},{"$i":"sendNoSignalErrorBody","$v":"Проверете дали има мобилен сигнал и опитайте отново."},{"$i":"sendNoSignalErrorBtnOk","$v":"Добре"},{"$i":"sendNotFoundErrorTitle","$v":"Съобщението не е намерено"},{"$i":"sendNotFoundErrorBody","$v":"Съобщението, което търсите, вече не е на разположение."},{"$i":"sendNotFoundErrorBtnOk","$v":"Добре"},{"$i":"sendInvalidAddressErrorTitle","$v":"Невалиден номер"},{"$i":"sendInvalidAddressErrorBody","$v":"Проверете дали номерът, на който пращате, е правилен."},{"$i":"sendInvalidAddressErrorBtnOk","$v":"Добре"},{"$i":"simNotMatchedErrorTitle","$v":"Не може да се изтегли"},{"$i":"simNotMatchedErrorBody","$v":"Моля, уверете се, че сложената SIM карта е същата, използвана за получаване на съобщението."},{"$i":"simNotMatchedErrorBtnOk","$v":"Добре"},{"$i":"deleted-sms","$v":"Съобщението вече е изтрито."},{"$i":"view-attachment-image","$v":"Разглеждане"},{"$i":"view-attachment-audio","$v":"Прослушване"},{"$i":"view-attachment-video","$v":"Разглеждане"},{"$i":"view-attachment-other","$v":"Разглеждане"},{"$i":"remove-attachment-image","$v":"Изтриване изображение"},{"$i":"remove-attachment-audio","$v":"Изтриване на аудио"},{"$i":"remove-attachment-video","$v":"Изтриване на видеозапис"},{"$i":"remove-attachment-other","$v":"Изтриване на вмъкване"},{"$i":"replace-attachment-image","$v":"Смяна изображение"},{"$i":"replace-attachment-audio","$v":"Замяна на аудио"},{"$i":"replace-attachment-video","$v":"Замяна на видеозапис"},{"$i":"replace-attachment-other","$v":"Замяна на вмъкване"},{"$i":"unsent-message-title","$v":"Неизпратено съобщение"},{"$i":"unsent-message-text","$v":"Your previous message was not sent. Do you want to discard the unsent message and continue?"},{"$i":"unsent-message-option-edit","$v":"Редактиране"},{"$i":"unsent-message-option-discard","$v":"Отмяна"},{"$i":"message-options","$v":"Настройки на съобщението"},{"$i":"thread-options","$v":"Thread options"},{"$i":"forward","$v":"Препращане"},{"$i":"view-message-report","$v":"Показване на доклад за съобщение"},{"$i":"select-text","$v":"Избиране на текст"},{"$i":"mobile","$v":"Мобилен"},{"$i":"home","$v":"Домашен"},{"$i":"work","$v":"Служебен"},{"$i":"personal","$v":"Личен"},{"$i":"faxHome","$v":"Домашен факс"},{"$i":"faxOffice","$v":"Служебен факс"},{"$i":"faxOther","$v":"Друг факс"},{"$i":"another","$v":"Друг"},{"$i":"other","$v":"Друг"},{"$i":"today","$v":"днес"},{"$i":"yesterday","$v":"вчера"},{"$i":"incorrectDate","$v":"(невалидна дата)"},{"$i":"addToExistingContact","$v":"Добавяне към съществуващ контакт"},{"$i":"createNewContact","$v":"Създаване на нов контакт"},{"$i":"viewContact","$v":"Преглед на контакт"},{"$i":"call","$v":"Позвъняване"},{"$i":"sendEmail","$v":"Изпращане на ел. поща"},{"$i":"mms-message","$v":"MMS съобщение"},{"$i":"notDownloaded-title","$v":"Съобщението все още не е свалено."},{"$i":"tobedownloaded-attachment","$v":["Получихте мултимедийно съобщение. Можете да го изтеглите от връзката по-долу до ",{"t":"idOrVar","v":"date"},"."]},{"$i":"expired-attachment","$v":["Съжаляваме, но срокът на съобщението изтече на ",{"t":"idOrVar","v":"date"}," и не може да бъде изтеглено."]},{"$i":"download-attachment","$v":"Изтегляне"},{"$i":"downloading-attachment","$v":"Изтегляне…"},{"$i":"unnamed-attachment","$v":"неозаглавено"},{"$i":"mms-label","$v":"MMS"},{"$i":"attached-files-too-large","$v":{"zero":["Избраните файлове надхвърлят ограничението от ",{"t":"idOrVar","v":"mmsSize"}," КБ за едно мултимедийно съобщение."],"one":["Избраният файл надхвърля ограничението от ",{"t":"idOrVar","v":"mmsSize"}," КБ за едно мултимедийно съобщение."],"two":["Избраните файлове надхвърлят ограничението от ",{"t":"idOrVar","v":"mmsSize"}," КБ за едно мултимедийно съобщение."],"few":["Избраните файлове надхвърлят ограничението от ",{"t":"idOrVar","v":"mmsSize"}," КБ за едно мултимедийно съобщение."],"many":["Избраните файлове надхвърлят ограничението от ",{"t":"idOrVar","v":"mmsSize"}," КБ за едно мултимедийно съобщение."],"other":["Избраните файлове надхвърлят ограничението от ",{"t":"idOrVar","v":"mmsSize"}," КБ за едно мултимедийно съобщение."]},"$x":[{"t":"idOrVar","v":"plural"},"n"]},{"$i":"resize-image","$v":"Преоразмеряване на вмъкнатото изображение"},{"$i":"no-attachment-text","$v":"Има проблем с притурката и тя не може да бъде свалена."},{"$i":"message-draft-saved","$v":"Съобщението е запазено като чернова"},{"$i":"sim-id-label","$v":["SIM ",{"t":"idOrVar","v":"id"}]},{"$i":"sim-detail","$v":["SIM ",{"t":"idOrVar","v":"id"},", ",{"t":"idOrVar","v":"detailString"}]},{"$i":"dsds-notification-title-with-sim","$v":["(",{"t":"idOrVar","v":"sim"},") ",{"t":"idOrVar","v":"sender"}]},{"$i":"send-button","ariaLabel":"Изпращане"},{"$i":"send-button-sim-indication","$v":[{"t":"idOrVar","v":"n"}],"ariaLabel":["използване на SIM ",{"t":"idOrVar","v":"n"}]},{"$i":"expiry-date-format","$v":"%A, %e %B"},{"$i":"attach-button","ariaLabel":"Добавяне на притурка"},{"$i":"contact-photo","ariaLabel":"Фото на контакта"},{"$i":"unread-thread","ariaLabel":"Непрочетено"},{"$i":"has-draft","ariaLabel":"Има чернова"},{"$i":"is-draft","ariaLabel":"Чернова"},{"$i":"message-delivery-status-sending","$v":"Изпращане…"},{"$i":"message-delivery-status-delivered","ariaLabel":"Получено"},{"$i":"message-delivery-status-read","ariaLabel":"Прочетено"},{"$i":"message-delivery-status-error","ariaLabel":"Грешка"},{"$i":"modal-dialog-ok-button","$v":"Добре"},{"$i":"modal-dialog-cancel-button","$v":"Отказ"},{"$i":"modal-dialog-default-title","$v":"Съобщения"},{"$i":"weekday-0-long","$v":"неделя"},{"$i":"weekday-1-long","$v":"понеделник"},{"$i":"weekday-2-long","$v":"вторник"},{"$i":"weekday-3-long","$v":"сряда"},{"$i":"weekday-4-long","$v":"четвъртък"},{"$i":"weekday-5-long","$v":"петък"},{"$i":"weekday-6-long","$v":"събота"},{"$i":"weekday-0-short","$v":"нед"},{"$i":"weekday-1-short","$v":"пон"},{"$i":"weekday-2-short","$v":"вто"},{"$i":"weekday-3-short","$v":"сря"},{"$i":"weekday-4-short","$v":"чет"},{"$i":"weekday-5-short","$v":"пет"},{"$i":"weekday-6-short","$v":"съб"},{"$i":"month-0-long","$v":"януари"},{"$i":"month-1-long","$v":"февруари"},{"$i":"month-2-long","$v":"мaрт"},{"$i":"month-3-long","$v":"април"},{"$i":"month-4-long","$v":"май"},{"$i":"month-5-long","$v":"юни"},{"$i":"month-6-long","$v":"юли"},{"$i":"month-7-long","$v":"август"},{"$i":"month-8-long","$v":"септември"},{"$i":"month-9-long","$v":"октомври"},{"$i":"month-10-long","$v":"ноември"},{"$i":"month-11-long","$v":"декември"},{"$i":"month-0-genitive","$v":"януари"},{"$i":"month-1-genitive","$v":"февруари"},{"$i":"month-2-genitive","$v":"мaрт"},{"$i":"month-3-genitive","$v":"април"},{"$i":"month-4-genitive","$v":"май"},{"$i":"month-5-genitive","$v":"юни"},{"$i":"month-6-genitive","$v":"юли"},{"$i":"month-7-genitive","$v":"август"},{"$i":"month-8-genitive","$v":"септември"},{"$i":"month-9-genitive","$v":"октомври"},{"$i":"month-10-genitive","$v":"ноември"},{"$i":"month-11-genitive","$v":"декември"},{"$i":"month-0-short","$v":"яну"},{"$i":"month-1-short","$v":"фев"},{"$i":"month-2-short","$v":"мар"},{"$i":"month-3-short","$v":"апр"},{"$i":"month-4-short","$v":"май"},{"$i":"month-5-short","$v":"юни"},{"$i":"month-6-short","$v":"юли"},{"$i":"month-7-short","$v":"авг"},{"$i":"month-8-short","$v":"сеп"},{"$i":"month-9-short","$v":"окт"},{"$i":"month-10-short","$v":"ное"},{"$i":"month-11-short","$v":"дек"},{"$i":"minutes-ago-long","$v":{"zero":"току-що","one":"преди минута","two":["преди ",{"t":"idOrVar","v":"value"}," минути"],"few":["преди ",{"t":"idOrVar","v":"value"}," минути"],"many":["преди ",{"t":"idOrVar","v":"value"}," минути"],"other":["преди ",{"t":"idOrVar","v":"value"}," минути"]},"$x":[{"t":"idOrVar","v":"plural"},"value"]},{"$i":"hours-ago-long","$v":{"zero":"току-що","one":"преди час","two":["преди ",{"t":"idOrVar","v":"value"}," часа"],"few":["преди ",{"t":"idOrVar","v":"value"}," часа"],"many":["преди ",{"t":"idOrVar","v":"value"}," часа"],"other":["преди ",{"t":"idOrVar","v":"value"}," часа"]},"$x":[{"t":"idOrVar","v":"plural"},"value"]},{"$i":"days-ago-long","$v":{"zero":"днес","one":"вчера","two":["преди ",{"t":"idOrVar","v":"value"}," дена"],"few":["преди ",{"t":"idOrVar","v":"value"}," дена"],"many":["преди ",{"t":"idOrVar","v":"value"}," дена"],"other":["преди ",{"t":"idOrVar","v":"value"}," дена"]},"$x":[{"t":"idOrVar","v":"plural"},"value"]},{"$i":"weeks-ago-long","$v":{"zero":"тази седмица","one":"миналата седмица","two":["преди ",{"t":"idOrVar","v":"value"}," седмици"],"few":["преди ",{"t":"idOrVar","v":"value"}," седмици"],"many":["преди ",{"t":"idOrVar","v":"value"}," седмици"],"other":["преди ",{"t":"idOrVar","v":"value"}," седмици"]},"$x":[{"t":"idOrVar","v":"plural"},"value"]},{"$i":"months-ago-long","$v":{"zero":"този месец","one":"миналия месец","two":["преди ",{"t":"idOrVar","v":"value"}," месеца"],"few":["преди ",{"t":"idOrVar","v":"value"}," месеца"],"many":["преди ",{"t":"idOrVar","v":"value"}," месеца"],"other":["преди ",{"t":"idOrVar","v":"value"}," месеца"]},"$x":[{"t":"idOrVar","v":"plural"},"value"]},{"$i":"years-ago-long","$v":{"zero":"тази година","one":"миналата година","two":["преди ",{"t":"idOrVar","v":"value"}," години"],"few":["преди ",{"t":"idOrVar","v":"value"}," години"],"many":["преди ",{"t":"idOrVar","v":"value"}," години"],"other":["преди ",{"t":"idOrVar","v":"value"}," години"]},"$x":[{"t":"idOrVar","v":"plural"},"value"]},{"$i":"minutes-until-long","$v":{"zero":"сега","one":"до една минута","two":["след ",{"t":"idOrVar","v":"value"}," минути"],"few":["след ",{"t":"idOrVar","v":"value"}," минути"],"many":["след ",{"t":"idOrVar","v":"value"}," минути"],"other":["след ",{"t":"idOrVar","v":"value"}," минути"]},"$x":[{"t":"idOrVar","v":"plural"},"value"]},{"$i":"hours-until-long","$v":{"zero":"сега","one":"до един час","two":["след ",{"t":"idOrVar","v":"value"}," часа"],"few":["след ",{"t":"idOrVar","v":"value"}," часа"],"many":["след ",{"t":"idOrVar","v":"value"}," часа"],"other":["след ",{"t":"idOrVar","v":"value"}," часа"]},"$x":[{"t":"idOrVar","v":"plural"},"value"]},{"$i":"days-until-long","$v":{"zero":"днес","one":"утре","two":["след ",{"t":"idOrVar","v":"value"}," дена"],"few":["след ",{"t":"idOrVar","v":"value"}," дена"],"many":["след ",{"t":"idOrVar","v":"value"}," дена"],"other":["след ",{"t":"idOrVar","v":"value"}," дена"]},"$x":[{"t":"idOrVar","v":"plural"},"value"]},{"$i":"weeks-until-long","$v":{"zero":"тази седмица","one":"другата седмица","two":["след ",{"t":"idOrVar","v":"value"}," седмици"],"few":["след ",{"t":"idOrVar","v":"value"}," седмици"],"many":["след ",{"t":"idOrVar","v":"value"}," седмици"],"other":["след ",{"t":"idOrVar","v":"value"}," седмици"]},"$x":[{"t":"idOrVar","v":"plural"},"value"]},{"$i":"months-until-long","$v":{"zero":"този месец","one":"другия месец","two":["след ",{"t":"idOrVar","v":"value"}," месеца"],"few":["след ",{"t":"idOrVar","v":"value"}," месеца"],"many":["след ",{"t":"idOrVar","v":"value"}," месеца"],"other":["след ",{"t":"idOrVar","v":"value"}," месеца"]},"$x":[{"t":"idOrVar","v":"plural"},"value"]},{"$i":"years-until-long","$v":{"zero":"тази година","one":"следващата година","two":["след ",{"t":"idOrVar","v":"value"}," години"],"few":["след ",{"t":"idOrVar","v":"value"}," години"],"many":["след ",{"t":"idOrVar","v":"value"}," години"],"other":["след ",{"t":"idOrVar","v":"value"}," години"]},"$x":[{"t":"idOrVar","v":"plural"},"value"]},{"$i":"minutes-ago-short","$v":{"zero":"току-що","other":["преди ",{"t":"idOrVar","v":"value"},"м"]},"$x":[{"t":"idOrVar","v":"plural"},"value"]},{"$i":"hours-ago-short","$v":{"zero":"току-що","other":["преди ",{"t":"idOrVar","v":"value"},"ч"]},"$x":[{"t":"idOrVar","v":"plural"},"value"]},{"$i":"days-ago-short","$v":{"zero":"днес","other":["преди ",{"t":"idOrVar","v":"value"},"д"]},"$x":[{"t":"idOrVar","v":"plural"},"value"]},{"$i":"minutes-until-short","$v":{"zero":"сега","other":["след ",{"t":"idOrVar","v":"value"},"м"]},"$x":[{"t":"idOrVar","v":"plural"},"value"]},{"$i":"hours-until-short","$v":{"zero":"сега","other":["след ",{"t":"idOrVar","v":"value"},"ч"]},"$x":[{"t":"idOrVar","v":"plural"},"value"]},{"$i":"days-until-short","$v":{"zero":"днес","other":["след ",{"t":"idOrVar","v":"value"},"д"]},"$x":[{"t":"idOrVar","v":"plural"},"value"]},{"$i":"dateTimeFormat_%c","$v":"%a, %e %b %Y %H:%M:%S"},{"$i":"dateTimeFormat_%x","$v":"%d.%m.%Y"},{"$i":"dateTimeFormat_%X","$v":"%H:%M:%S"},{"$i":"shortTimeFormat","$v":"%I:%M %p"},{"$i":"shortTimeFormat12","$v":"%I:%M %p"},{"$i":"shortTimeFormat24","$v":"%H:%M"},{"$i":"shortDateTimeFormat","$v":"%x %H:%M"},{"$i":"weekStartsOnMonday","$v":"1"},{"$i":"firstDayOfTheWeek","$v":"1"},{"$i":"time_am","$v":"пр.об."},{"$i":"time_pm","$v":"сл.об."},{"$i":"gaia-menu-cancel","$v":"Отказ"},{"$i":"gaia-sim-picker-dial-via-with-number","$v":["Набиране на ",{"t":"idOrVar","v":"phoneNumber"}," през"]},{"$i":"gaia-sim-picker-select-sim","$v":"Избиране на SIM"},{"$i":"gaia-sim-picker-button","$v":["SIM",{"t":"idOrVar","v":"n"}]},{"$i":"gaia-sim-picker-button-default","$v":"(стандартно)"}]