[{"$i":"messages","$v":"বার্তাসমূহ"},{"$i":"deleteMessages-title","$v":"বার্তা অপসারণ"},{"$i":"selectThreads-title","$v":"Select"},{"$i":"edit","$v":"সম্পাদনা"},{"$i":"back","$v":"পূর্ববর্তী"},{"$i":"cancel","$v":"বাতিল"},{"$i":"undo","$v":"পূর্বাবস্থা"},{"$i":"done","$v":"সম্পন্ন"},{"$i":"delete","$v":"অপসারণ"},{"$i":"delete-thread","$v":"Delete thread"},{"$i":"mark-as-read","$v":"Mark as read"},{"$i":"mark-as-unread","$v":"Mark as unread"},{"$i":"deleting-messages","$v":"অপসারিত হচ্ছে…"},{"$i":"select-all","$v":"সব নির্বাচন"},{"$i":"deselect-all","$v":"সব নির্বাচন বাদ"},{"$i":"selected-threads","$v":{"zero":"none selected","one":[{"t":"idOrVar","v":"n"}," selected"],"two":[{"t":"idOrVar","v":"n"}," selected"],"few":[{"t":"idOrVar","v":"n"}," selected"],"many":[{"t":"idOrVar","v":"n"}," selected"],"other":[{"t":"idOrVar","v":"n"}," selected"]},"$x":[{"t":"idOrVar","v":"plural"},"n"]},{"$i":"selected-messages","$v":{"zero":"none selected","one":[{"t":"idOrVar","v":"n"}," selected"],"two":[{"t":"idOrVar","v":"n"}," selected"],"few":[{"t":"idOrVar","v":"n"}," selected"],"many":[{"t":"idOrVar","v":"n"}," selected"],"other":[{"t":"idOrVar","v":"n"}," selected"]},"$x":[{"t":"idOrVar","v":"plural"},"n"]},{"$i":"selectThreads-label","$v":"Select Threads"},{"$i":"selectMessages-label","$v":"Select Messages"},{"$i":"settings","$v":"সেটিং"},{"$i":"add-subject","$v":"বিষয় যোগ করুন"},{"$i":"remove-subject","$v":"বিষয় সরিয়ে ফেলুন"},{"$i":"to","$v":"প্রাপক:"},{"$i":"new","$v":"নতুন"},{"$i":"message","$v":"বার্তাসমূহ"},{"$i":"messagesInput_placeholder","$v":"বার্তাসমূহ"},{"$i":"messagesSubjectInput_placeholder","$v":"বিষয়"},{"$i":"converted-to-mms","$v":"মাল্টিমিডিয়া বার্তায় রূপান্তর করা হচ্ছে।"},{"$i":"converted-to-sms","$v":"লিখিত বার্তায় রূপান্তর করা হচ্ছে।"},{"$i":"messages-max-length-text","$v":"আপনি এর বেশি লিখতে পারবেন না।"},{"$i":"messages-max-subject-length-text","$v":"বিষয় সর্বচ্চো সীমায় পৌঁছেছে।"},{"$i":"multimedia-message-exceeded-max-length","$v":["You’ve exceeded the ",{"t":"idOrVar","v":"mmsSize"}," KB size limit of a single multimedia message. Remove attachments or shorten the message to send it."]},{"$i":"newMessage","$v":"নতুন বার্তা"},{"$i":"sendMessage","$v":"বার্তা পাঠান"},{"$i":"sendMMSToEmail","$v":"Send multimedia message"},{"$i":"no-recipient","$v":"(কোন প্রাপক নেই)"},{"$i":"recipient","$v":{"one":[{"t":"idOrVar","v":"n"}," জন প্রাপক"],"two":[{"t":"idOrVar","v":"n"}," জন প্রাপক"],"few":[{"t":"idOrVar","v":"n"}," জন প্রাপক"],"many":[{"t":"idOrVar","v":"n"}," জন প্রাপক"],"other":[{"t":"idOrVar","v":"n"}," জন প্রাপক"]},"$x":[{"t":"idOrVar","v":"plural"},"n"]},{"$i":"attachmentSizeB","$v":[{"t":"idOrVar","v":"n"}," B"]},{"$i":"attachmentSizeKB","$v":[{"t":"idOrVar","v":"n"}," KB"]},{"$i":"attachmentSizeMB","$v":[{"t":"idOrVar","v":"n"}," MB"]},{"$i":"attachmentOpenError","$v":"এই ধরনের ফাইল খোলার জন্য কোনো অ্যাপ্লিকেশন নেই।"},{"$i":"remove","$v":"অপসারণ"},{"$i":"participant","$v":{"one":[{"t":"idOrVar","v":"n"}," জন অংশগ্রহনকারী"],"two":[{"t":"idOrVar","v":"n"}," জন অংশগ্রহনকারী"],"few":[{"t":"idOrVar","v":"n"}," জন প্রাপক"],"many":[{"t":"idOrVar","v":"n"}," জন প্রাপক"],"other":[{"t":"idOrVar","v":"n"}," জন প্রাপক"]},"$x":[{"t":"idOrVar","v":"plural"},"n"]},{"$i":"message-report","$v":"বার্তার প্রতিবেদন"},{"$i":"message-type-sms","$v":"টেক্সট মেসেজ (SMS)"},{"$i":"message-type-mms","$v":"মাল্টিমিডিয়া মেসেজ (MMS)"},{"$i":"sms-report-description","$v":["আপনার টেক্সট বার্তা (SMS), ",{"t":"idOrVar","v":"datetime"}," তে পাঠানো হয়েছিল"]},{"$i":"mms-report-description","$v":["আপনার মাল্টিমিডিয়া বার্তা (MMS), বিষয় ",{"t":"idOrVar","v":"subject"},", ",{"t":"idOrVar","v":"datetime"}," তে পাঠানো হয়েছিল"]},{"$i":"mms-no-subject-report-description","$v":["আপনার মাল্টিমিডিয়া বার্তা (MMS), ",{"t":"idOrVar","v":"datetime"}," তে পাঠানো হয়েছিল"]},{"$i":"message-subject","$v":"Subject:"},{"$i":"report-status-error","$v":"Message could not be sent"},{"$i":"report-status-not-downloaded","$v":"not downloaded"},{"$i":"report-status-delivered","$v":"Delivered:"},{"$i":"report-status-read","$v":"Read:"},{"$i":"report-status-pending","$v":"Report requested"},{"$i":"report-status-rejected","$v":"Message rejected"},{"$i":"message-size-was","$v":"বার্তার আকার:"},{"$i":"report-dateTimeFormat12","$v":["%e %B %Y, ",{"t":"idOrVar","v":"shortTimeFormat12"}]},{"$i":"report-dateTimeFormat24","$v":["%e %B %Y, ",{"t":"idOrVar","v":"shortTimeFormat24"}]},{"$i":"report-to-title","$v":"To"},{"$i":"report-from-title","$v":"From"},{"$i":"message-sent","$v":"প্রেরিত:"},{"$i":"message-sending","$v":[{"t":"idOrVar","v":"message-delivery-status-sending"}]},{"$i":"message-received","$v":"প্রাপ্ত:"},{"$i":"message-via","$v":"মাধ্যমে:"},{"$i":"message-resend","$v":"Resend"},{"$i":"search","$v":"খুজুন"},{"$i":"unknown-contact-title","$v":"Unknown Contact"},{"$i":"phone-type-separator","$v":", "},{"$i":"phone-carrier-separator","$v":""},{"$i":"thread-participant-separator","$v":", "},{"$i":"replace-draft","$v":"বিদ্যমান ড্রাফট প্রতিস্থাপন করুন"},{"$i":"save-as-draft","$v":"খসরা হিসাবে সংরক্ষণ"},{"$i":"discard-message","$v":"বাতিল"},{"$i":"discard-sms","$v":"এই বার্তাটি অগ্রাহ্য করতে আপনি কি নিশ্চিত?"},{"$i":"discard-new-message","$v":"যে বার্তাটি লিখেছেন সেটি বাতিল করে নতুন একটি বার্তা খুলতে চান?"},{"$i":"resend-confirmation","$v":"বার্তা প্রেরণ সম্ভব হয়নি। আবার চেষ্টা করবেন?"},{"$i":"resend-message","$v":"বার্তাটি পুনরায় পাঠান"},{"$i":"deleteMessage-confirmation","$v":"Delete selected message?"},{"$i":"deleteMessages-confirmation-message","$v":{"zero":"Please select messages to be deleted.","one":"Delete selected message?","two":["Delete ",{"t":"idOrVar","v":"n"}," selected messages?"],"few":["Delete ",{"t":"idOrVar","v":"n"}," selected messages?"],"many":["Delete ",{"t":"idOrVar","v":"n"}," selected messages?"],"other":["Delete ",{"t":"idOrVar","v":"n"}," selected messages?"]},"$x":[{"t":"idOrVar","v":"plural"},"n"]},{"$i":"deleteThreads-confirmation-message","$v":{"zero":"Please select message threads to be deleted.","one":"Delete selected message thread?","two":["Delete ",{"t":"idOrVar","v":"n"}," selected message threads?"],"few":["Delete ",{"t":"idOrVar","v":"n"}," selected message threads?"],"many":["Delete ",{"t":"idOrVar","v":"n"}," selected message threads?"],"other":["Delete ",{"t":"idOrVar","v":"n"}," selected message threads?"]},"$x":[{"t":"idOrVar","v":"plural"},"n"]},{"$i":"new-message-notice-text","$v":"নতুন বার্তা এসেছে"},{"$i":"new-message-notice-a-text","$v":"এটি পড়ুন"},{"$i":"noMessages-title","$v":"কোনো বার্তা নেই"},{"$i":"noMessages-text","$v":"যোগাযোগ শুরু করুন"},{"$i":"sendDefaultErrorTitle","$v":"বার্তা পাঠানো যায়নি"},{"$i":"sendDefaultErrorBody","$v":"বার্তা পাঠানোর একটি সমস্যা হয়েছিল। আবার চেষ্টা করুন।"},{"$i":"sendDefaultErrorBtnOk","$v":"ঠিক আছে"},{"$i":"sendMissingSimCardTitle","$v":"সিম কার্ড নেই"},{"$i":"sendMissingSimCardBody","$v":"এগিয়ে যেতে একটি বৈধ সিম কার্ড প্রবেশ করান।"},{"$i":"sendMissingSimCardBtnOk","$v":"ওকে"},{"$i":"sendFlightModeTitle","$v":"উড়োজাহাজ মোড সক্রিয়"},{"$i":"sendFlightModeBody","$v":"বার্তা পাঠাতে এরোপ্লেন মোড বন্ধ করুন।"},{"$i":"sendFlightModeBtnOk","$v":"ওকে"},{"$i":"radioDisabledToDownloadTitle","$v":[{"t":"idOrVar","v":"sendFlightModeTitle"}]},{"$i":"radioDisabledToDownloadBody","$v":"Turn off airplane mode to download attachments."},{"$i":"radioDisabledToDownloadBtnOk","$v":[{"t":"idOrVar","v":"sendFlightModeBtnOk"}]},{"$i":"fdnBlocked2Title","$v":"FDN সক্রিয়"},{"$i":"sms-counter-notice-label","$v":["Editing SMS ",{"t":"idOrVar","v":"number"}]},{"$i":"fdnBlocked2Body","innerHTML":{"$x":[{"t":"idOrVar","v":"plural"},"n"],"$v":{"one":["FDN (ফিক্সড ডায়ালিং নম্বর) সক্রিয় করা আছে। এসএমএস সেন্টার এবং নিম্নলিখিত প্রাপক আপনার FDN তালিকায় আছে কিনা নিশ্চিত করুন:<br />",{"t":"idOrVar","v":"numbers"}],"two":["FDN (ফিক্সড ডায়ালিং নম্বর) সক্রিয় করা আছে। এসএমএস সেন্টার এবং নিম্নলিখিত প্রাপক আপনার FDN তালিকায় আছে কিনা নিশ্চিত করুন:<br />",{"t":"idOrVar","v":"numbers"}],"few":["FDN (ফিক্সড ডায়ালিং নম্বর) সক্রিয় করা আছে। এসএমএস সেন্টার এবং নিম্নলিখিত প্রাপক আপনার FDN তালিকায় আছে কিনা নিশ্চিত করুন:<br />",{"t":"idOrVar","v":"numbers"}],"many":["FDN (ফিক্সড ডায়ালিং নম্বর) সক্রিয় করা আছে। এসএমএস সেন্টার এবং নিম্নলিখিত প্রাপক আপনার FDN তালিকায় আছে কিনা নিশ্চিত করুন:<br />",{"t":"idOrVar","v":"numbers"}],"other":["FDN (ফিক্সড ডায়ালিং নম্বর) সক্রিয় করা আছে। এসএমএস সেন্টার এবং নিম্নলিখিত প্রাপক আপনার FDN তালিকায় আছে কিনা নিশ্চিত করুন:<br />",{"t":"idOrVar","v":"numbers"}]}}},{"$i":"fdnBlocked2BtnOk","$v":"ঠিক আছে"},{"$i":"switchSimToRetrieveTitle","$v":"ডাটা সংযোগ পরিবর্তন"},{"$i":"switchSimToRetrieveBody","$v":["MMS টি পুনরূদ্ধার করার জন্য ডাটা সংযোগটি ",{"t":"idOrVar","v":"nonactive"}," সিমে পরিবর্তন করুন। ",{"t":"idOrVar","v":"active"}," সিমে চলমান ডাটা স্থানান্তর স্থগিত হয়ে যাবে। তারপরও এগিয়ে যাবেন?"]},{"$i":"switchSimToRetrieveBtnOk","$v":"পরে"},{"$i":"switchSimToRetrieveConfirm","$v":"ঠিক আছে"},{"$i":"switchSimToSendTitle","$v":[{"t":"idOrVar","v":"switchSimToRetrieveTitle"}]},{"$i":"switchSimToSendBody","$v":["MMS টি পাঠানোর জন্য জন্য ডাটা সংযোগটি ",{"t":"idOrVar","v":"nonactive"}," সিমে পরিবর্তন করুন। ",{"t":"idOrVar","v":"active"}," সিমে চলমান ডাটা স্থানান্তর বন্ধ হয়ে যাবে। তারপরও চালিয়ে যাবেন?"]},{"$i":"switchSimToSendBtnOk","$v":[{"t":"idOrVar","v":"switchSimToRetrieveBtnOk"}]},{"$i":"switchSimToSendConfirm","$v":[{"t":"idOrVar","v":"switchSimToRetrieveConfirm"}]},{"$i":"sendNoSignalErrorTitle","$v":"কোন নেটওয়ার্কের আওতায় নেই"},{"$i":"sendNoSignalErrorBody","$v":"মোবাইল সংকেত আছে কি না নিশ্চিত হয়ে আবার চেষ্টা করুন।"},{"$i":"sendNoSignalErrorBtnOk","$v":"ওকে"},{"$i":"sendNotFoundErrorTitle","$v":"বার্তা পাওয়া যায়নি"},{"$i":"sendNotFoundErrorBody","$v":"আপনি যে বার্তাটি খুঁজছেন সেটি আর বিদ্যমান নেই।"},{"$i":"sendNotFoundErrorBtnOk","$v":"ওকে"},{"$i":"sendInvalidAddressErrorTitle","$v":"অকার্যকর নম্বর"},{"$i":"sendInvalidAddressErrorBody","$v":"যে মোবাইল নাম্বারটি আপনি পাঠাচ্ছেন সেটা বৈধ কি না নিশ্চিত হয়ে নিন।"},{"$i":"sendInvalidAddressErrorBtnOk","$v":"ওকে"},{"$i":"simNotMatchedErrorTitle","$v":"ডাউনলোড সম্ভব নয়"},{"$i":"simNotMatchedErrorBody","$v":"অনুগ্রহ করে নিশ্চিত করুন যে সিম ব্যবহার করে এই বার্তা গ্রহণ করা হয়েছে সেই সিমকার্ডই ঢোকানো হয়েছে।"},{"$i":"simNotMatchedErrorBtnOk","$v":"ঠিক আছে"},{"$i":"deleted-sms","$v":"এই বার্তাটি ইতোমধ্যে অপসারিত হয়েছে।"},{"$i":"view-attachment-image","$v":"প্রদর্শন"},{"$i":"view-attachment-audio","$v":"শুনুন"},{"$i":"view-attachment-video","$v":"প্রদর্শন"},{"$i":"view-attachment-other","$v":"প্রদর্শন"},{"$i":"remove-attachment-image","$v":"ছবি অপসারণ"},{"$i":"remove-attachment-audio","$v":"অডিওটি অপসারণ করুন"},{"$i":"remove-attachment-video","$v":"ভিডিও অপসারণ"},{"$i":"remove-attachment-other","$v":"সংযুক্তি অপসারণ করুন"},{"$i":"replace-attachment-image","$v":"ছবি প্রতিস্থাপন"},{"$i":"replace-attachment-audio","$v":"অডিও প্রতিস্থাপন"},{"$i":"replace-attachment-video","$v":"ভিডিও প্রতিস্থাপন"},{"$i":"replace-attachment-other","$v":"এটাচমেন্ট প্রতিস্থাপন"},{"$i":"unsent-message-title","$v":"অপ্রেরিত বার্তা"},{"$i":"unsent-message-text","$v":"Your previous message was not sent. Do you want to discard the unsent message and continue?"},{"$i":"unsent-message-option-edit","$v":"সম্পাদনা"},{"$i":"unsent-message-option-discard","$v":"বাতিল"},{"$i":"message-options","$v":"বার্তার অপশনগুলি"},{"$i":"thread-options","$v":"Thread options"},{"$i":"forward","$v":"ফরওয়ার্ড"},{"$i":"view-message-report","$v":"বার্তা প্রতিবেদন প্রদর্শন করুন"},{"$i":"select-text","$v":"Select text"},{"$i":"mobile","$v":"মোবাইল"},{"$i":"home","$v":"বাসা"},{"$i":"work","$v":"কাজের স্থান"},{"$i":"personal","$v":"ব্যক্তিগত"},{"$i":"faxHome","$v":"বাসার ফ্যাক্স"},{"$i":"faxOffice","$v":"অফিসের ফ্যাক্স"},{"$i":"faxOther","$v":"অন্যান্য ফ্যাক্স"},{"$i":"another","$v":"আরেকটি"},{"$i":"other","$v":"অন্যান্য"},{"$i":"today","$v":"আজ"},{"$i":"yesterday","$v":"গতকাল"},{"$i":"incorrectDate","$v":"(ভুল তারিখ)"},{"$i":"addToExistingContact","$v":"বিদ্যমান পরিচিতিতে যোগ করুন"},{"$i":"createNewContact","$v":"নতুন পরিচিতি তৈরি"},{"$i":"viewContact","$v":"পরিচিতি দেখুন"},{"$i":"call","$v":"কল করুন"},{"$i":"sendEmail","$v":"ইমেইল পাঠান"},{"$i":"mms-message","$v":"এমএমএস বার্তা"},{"$i":"notDownloaded-title","$v":"বার্তা এখনও ডাউনলোড হয়নি।"},{"$i":"tobedownloaded-attachment","$v":["You received a multimedia message. You can use the link below to download its content until ",{"t":"idOrVar","v":"date"},"."]},{"$i":"expired-attachment","$v":["দুঃখিত, এই বার্তাটির মেয়াদ ",{"t":"idOrVar","v":"date"}," তারিখে শেষ হয়ে গেছে এবং সেই কারনে ডাউনলোড করা যাবে না।"]},{"$i":"download-attachment","$v":"ডাউনলোড"},{"$i":"downloading-attachment","$v":"ডাউনলোড করা হচ্ছে…"},{"$i":"unnamed-attachment","$v":"শিরোনামহীন"},{"$i":"mms-label","$v":"MMS"},{"$i":"attached-files-too-large","$v":{"zero":["The files you have selected exceed the ",{"t":"idOrVar","v":"mmsSize"}," KB size limit of a single multimedia message."],"one":["The file you have selected exceeds the ",{"t":"idOrVar","v":"mmsSize"}," KB size limit of a single multimedia message."],"two":["The files you have selected exceed the ",{"t":"idOrVar","v":"mmsSize"}," KB size limit of a single multimedia message."],"few":["The files you have selected exceed the ",{"t":"idOrVar","v":"mmsSize"}," KB size limit of a single multimedia message."],"many":["The files you have selected exceed the ",{"t":"idOrVar","v":"mmsSize"}," KB size limit of a single multimedia message."],"other":["The files you have selected exceed the ",{"t":"idOrVar","v":"mmsSize"}," KB size limit of a single multimedia message."]},"$x":[{"t":"idOrVar","v":"plural"},"n"]},{"$i":"resize-image","$v":"সংযুক্ত চিত্রের আকার পরিবর্তিত হচ্ছে"},{"$i":"no-attachment-text","$v":"সংযুক্ত ফাইলে ত্রুটি রয়েছে এবং এটি ডাউনলোড করা যাচ্ছে না।"},{"$i":"message-draft-saved","$v":"বার্তা খসরা হিসাবে সংরক্ষণ করা আছে"},{"$i":"sim-id-label","$v":["SIM ",{"t":"idOrVar","v":"id"}]},{"$i":"sim-detail","$v":["SIM ",{"t":"idOrVar","v":"id"},", ",{"t":"idOrVar","v":"detailString"}]},{"$i":"dsds-notification-title-with-sim","$v":["(",{"t":"idOrVar","v":"sim"},") ",{"t":"idOrVar","v":"sender"}]},{"$i":"send-button","ariaLabel":"Send"},{"$i":"send-button-sim-indication","$v":[{"t":"idOrVar","v":"n"}],"ariaLabel":["SIM ",{"t":"idOrVar","v":"n"}," ব্যবহৃত হচ্ছে"]},{"$i":"expiry-date-format","$v":"%A, %b %e"},{"$i":"attach-button","ariaLabel":"Add attachment"},{"$i":"contact-photo","ariaLabel":"Contact photo"},{"$i":"unread-thread","ariaLabel":"Unread"},{"$i":"has-draft","ariaLabel":"Has draft"},{"$i":"is-draft","ariaLabel":"Draft"},{"$i":"message-delivery-status-sending","$v":"Sending…"},{"$i":"message-delivery-status-delivered","ariaLabel":"Delivered"},{"$i":"message-delivery-status-read","ariaLabel":"Read"},{"$i":"message-delivery-status-error","ariaLabel":"Error"},{"$i":"modal-dialog-ok-button","$v":"OK"},{"$i":"modal-dialog-cancel-button","$v":"Cancel"},{"$i":"modal-dialog-default-title","$v":"Messages"},{"$i":"weekday-0-long","$v":"রবিবার"},{"$i":"weekday-1-long","$v":"সোমবার"},{"$i":"weekday-2-long","$v":"মঙ্গলবার"},{"$i":"weekday-3-long","$v":"বুধবার"},{"$i":"weekday-4-long","$v":"বৃহস্পতিবার"},{"$i":"weekday-5-long","$v":"শুক্রবার"},{"$i":"weekday-6-long","$v":"শনিবার"},{"$i":"weekday-0-short","$v":"রবি"},{"$i":"weekday-1-short","$v":"সোম"},{"$i":"weekday-2-short","$v":"মঙ্গল"},{"$i":"weekday-3-short","$v":"বুধ"},{"$i":"weekday-4-short","$v":"বৃহঃ"},{"$i":"weekday-5-short","$v":"শুক্র"},{"$i":"weekday-6-short","$v":"শনি"},{"$i":"month-0-long","$v":"জানুয়ারি"},{"$i":"month-1-long","$v":"ফেব্রুয়ারি"},{"$i":"month-2-long","$v":"মার্চ"},{"$i":"month-3-long","$v":"এপ্রিল"},{"$i":"month-4-long","$v":"মে"},{"$i":"month-5-long","$v":"জুন"},{"$i":"month-6-long","$v":"জুলাই"},{"$i":"month-7-long","$v":"আগস্ট"},{"$i":"month-8-long","$v":"সেপ্টেম্বর"},{"$i":"month-9-long","$v":"অক্টোবর"},{"$i":"month-10-long","$v":"নভেম্বর"},{"$i":"month-11-long","$v":"ডিসেম্বর"},{"$i":"month-0-genitive","$v":"জানুয়ারি"},{"$i":"month-1-genitive","$v":"ফেব্রুয়ারি"},{"$i":"month-2-genitive","$v":"মার্চ"},{"$i":"month-3-genitive","$v":"এপ্রিল"},{"$i":"month-4-genitive","$v":"মে"},{"$i":"month-5-genitive","$v":"জুন"},{"$i":"month-6-genitive","$v":"জুলাই"},{"$i":"month-7-genitive","$v":"আগস্ট"},{"$i":"month-8-genitive","$v":"সেপ্টেম্বর"},{"$i":"month-9-genitive","$v":"অক্টোবর"},{"$i":"month-10-genitive","$v":"নভেম্বর"},{"$i":"month-11-genitive","$v":"ডিসেম্বর"},{"$i":"month-0-short","$v":"জানু"},{"$i":"month-1-short","$v":"ফেব্রু"},{"$i":"month-2-short","$v":"মার্চ"},{"$i":"month-3-short","$v":"এপ্রিল"},{"$i":"month-4-short","$v":"মে"},{"$i":"month-5-short","$v":"জুন"},{"$i":"month-6-short","$v":"জুলাই"},{"$i":"month-7-short","$v":"আগস্ট"},{"$i":"month-8-short","$v":"সেপ্ট"},{"$i":"month-9-short","$v":"অক্টো"},{"$i":"month-10-short","$v":"নভে"},{"$i":"month-11-short","$v":"ডিসে"},{"$i":"minutes-ago-long","$v":{"zero":"এইমাত্র","one":"১ মিনিট পূর্বে","two":[{"t":"idOrVar","v":"value"}," মিনিট পূর্বে"],"few":[{"t":"idOrVar","v":"value"}," মিনিট পূর্বে"],"many":[{"t":"idOrVar","v":"value"}," মিনিট পূর্বে"],"other":[{"t":"idOrVar","v":"value"}," মিনিট পূর্বে"]},"$x":[{"t":"idOrVar","v":"plural"},"value"]},{"$i":"hours-ago-long","$v":{"zero":"এইমাত্র","one":"১ ঘন্টা পূর্বে","two":[{"t":"idOrVar","v":"value"}," ঘন্টা পূর্বে"],"few":[{"t":"idOrVar","v":"value"}," ঘন্টা পূর্বে"],"many":[{"t":"idOrVar","v":"value"}," ঘন্টা পূর্বে"],"other":[{"t":"idOrVar","v":"value"}," ঘন্টা পূর্বে"]},"$x":[{"t":"idOrVar","v":"plural"},"value"]},{"$i":"days-ago-long","$v":{"zero":"আজ","one":"গতকাল","two":[{"t":"idOrVar","v":"value"}," দিন পূর্বে"],"few":[{"t":"idOrVar","v":"value"}," দিন পূর্বে"],"many":[{"t":"idOrVar","v":"value"}," দিন পূর্বে"],"other":[{"t":"idOrVar","v":"value"}," দিন পূর্বে"]},"$x":[{"t":"idOrVar","v":"plural"},"value"]},{"$i":"weeks-ago-long","$v":{"zero":"এই সপ্তাহে","one":"গত সপ্তাহ","two":[{"t":"idOrVar","v":"value"}," সপ্তাহ পূর্বে"],"few":[{"t":"idOrVar","v":"value"}," সপ্তাহ পূর্বে"],"many":[{"t":"idOrVar","v":"value"}," সপ্তাহ পূর্বে"],"other":[{"t":"idOrVar","v":"value"}," সপ্তাহ পূর্বে"]},"$x":[{"t":"idOrVar","v":"plural"},"value"]},{"$i":"months-ago-long","$v":{"zero":"চলতি মাস","one":"গত মাস","two":[{"t":"idOrVar","v":"value"}," মাস পূর্বে"],"few":[{"t":"idOrVar","v":"value"}," মাস পূর্বে"],"many":[{"t":"idOrVar","v":"value"}," মাস পূর্বে"],"other":[{"t":"idOrVar","v":"value"}," মাস পূর্বে"]},"$x":[{"t":"idOrVar","v":"plural"},"value"]},{"$i":"years-ago-long","$v":{"zero":"এই বছর","one":"গত বছর","two":[{"t":"idOrVar","v":"value"}," বছর আগে"],"few":[{"t":"idOrVar","v":"value"}," বছর পূর্বে"],"many":[{"t":"idOrVar","v":"value"}," বছর পূর্বে"],"other":[{"t":"idOrVar","v":"value"}," বছর পূর্বে"]},"$x":[{"t":"idOrVar","v":"plural"},"value"]},{"$i":"minutes-until-long","$v":{"zero":"এখন","one":"এক মিনিটের মধ্যে","two":[{"t":"idOrVar","v":"value"}," মিনিটের মধ্যে"],"few":[{"t":"idOrVar","v":"value"}," মিনিটের মধ্যে"],"many":[{"t":"idOrVar","v":"value"}," মিনিটের মধ্যে"],"other":[{"t":"idOrVar","v":"value"}," মিনিটের মধ্যে"]},"$x":[{"t":"idOrVar","v":"plural"},"value"]},{"$i":"hours-until-long","$v":{"zero":"এখন","one":"এক ঘন্টার মধ্যে","two":[{"t":"idOrVar","v":"value"}," ঘন্টার মধ্যে"],"few":[{"t":"idOrVar","v":"value"}," ঘন্টার মধ্যে"],"many":[{"t":"idOrVar","v":"value"}," ঘন্টার মধ্যে"],"other":[{"t":"idOrVar","v":"value"}," ঘন্টার মধ্যে"]},"$x":[{"t":"idOrVar","v":"plural"},"value"]},{"$i":"days-until-long","$v":{"zero":"আজ","one":"আগামীকাল","two":[{"t":"idOrVar","v":"value"}," দিনের মধ্যে"],"few":[{"t":"idOrVar","v":"value"}," দিনের মধ্যে"],"many":[{"t":"idOrVar","v":"value"}," দিনের মধ্যে"],"other":[{"t":"idOrVar","v":"value"}," দিনের মধ্যে"]},"$x":[{"t":"idOrVar","v":"plural"},"value"]},{"$i":"weeks-until-long","$v":{"zero":"এই সপ্তাহ","one":"পরবর্তী সপ্তাহ","two":[{"t":"idOrVar","v":"value"}," সপ্তাহের মধ্যে"],"few":[{"t":"idOrVar","v":"value"}," সপ্তাহের মধ্যে"],"many":[{"t":"idOrVar","v":"value"}," সপ্তাহের মধ্যে"],"other":[{"t":"idOrVar","v":"value"}," সপ্তাহের মধ্যে"]},"$x":[{"t":"idOrVar","v":"plural"},"value"]},{"$i":"months-until-long","$v":{"zero":"এই মাস","one":"পরবর্তী মাস","two":[{"t":"idOrVar","v":"value"}," মাসের মধ্যে"],"few":[{"t":"idOrVar","v":"value"}," মাসের মধ্যে"],"many":[{"t":"idOrVar","v":"value"}," মাসের মধ্যে"],"other":[{"t":"idOrVar","v":"value"}," মাসের মধ্যে"]},"$x":[{"t":"idOrVar","v":"plural"},"value"]},{"$i":"years-until-long","$v":{"zero":"এই বছর","one":"আগামী বছর","two":[{"t":"idOrVar","v":"value"}," বছরের মধ্যে"],"few":[{"t":"idOrVar","v":"value"}," বছরের মধ্যে"],"many":[{"t":"idOrVar","v":"value"}," বছরের মধ্যে"],"other":[{"t":"idOrVar","v":"value"}," বছরের মধ্যে"]},"$x":[{"t":"idOrVar","v":"plural"},"value"]},{"$i":"minutes-ago-short","$v":{"zero":"এইমাত্র","other":[{"t":"idOrVar","v":"value"},"মি. পূর্বে"]},"$x":[{"t":"idOrVar","v":"plural"},"value"]},{"$i":"hours-ago-short","$v":{"zero":"এইমাত্র","other":[{"t":"idOrVar","v":"value"},"ঘন্টা পূর্বে"]},"$x":[{"t":"idOrVar","v":"plural"},"value"]},{"$i":"days-ago-short","$v":{"zero":"আজ","other":[{"t":"idOrVar","v":"value"},"দিন পূর্বে"]},"$x":[{"t":"idOrVar","v":"plural"},"value"]},{"$i":"minutes-until-short","$v":{"zero":"এখন","other":[{"t":"idOrVar","v":"value"}," মিনিটের মধ্যে"]},"$x":[{"t":"idOrVar","v":"plural"},"value"]},{"$i":"hours-until-short","$v":{"zero":"এখন","other":[{"t":"idOrVar","v":"value"},"ঘন্টার মধ্যে"]},"$x":[{"t":"idOrVar","v":"plural"},"value"]},{"$i":"days-until-short","$v":{"zero":"আজ","other":[{"t":"idOrVar","v":"value"},"দিনের মধ্যে"]},"$x":[{"t":"idOrVar","v":"plural"},"value"]},{"$i":"dateTimeFormat_%c","$v":"%a %b %e %Y %I:%M:%S %p"},{"$i":"dateTimeFormat_%x","$v":"%m/%d/%Y"},{"$i":"dateTimeFormat_%X","$v":"%I:%M:%S %p"},{"$i":"shortTimeFormat","$v":"%I:%M %p"},{"$i":"shortTimeFormat12","$v":"%I:%M %p"},{"$i":"shortTimeFormat24","$v":"%H:%M"},{"$i":"shortDateTimeFormat","$v":"%x %I:%M %p"},{"$i":"weekStartsOnMonday","$v":"0"},{"$i":"firstDayOfTheWeek","$v":"0"},{"$i":"time_am","$v":"AM"},{"$i":"time_pm","$v":"PM"},{"$i":"gaia-menu-cancel","$v":"বাতিল"},{"$i":"gaia-sim-picker-dial-via-with-number","$v":["Dial ",{"t":"idOrVar","v":"phoneNumber"}," via"]},{"$i":"gaia-sim-picker-select-sim","$v":"Select SIM"},{"$i":"gaia-sim-picker-button","$v":["SIM",{"t":"idOrVar","v":"n"}]},{"$i":"gaia-sim-picker-button-default","$v":"(default)"}]