[{"$i":"messages","$v":"Missatges"},{"$i":"deleteMessages-title","$v":"Elimina missatges"},{"$i":"selectThreads-title","$v":"Trieu"},{"$i":"edit","$v":"Edita"},{"$i":"back","$v":"Enrere"},{"$i":"cancel","$v":"Cancel·la"},{"$i":"undo","$v":"Desfés"},{"$i":"done","$v":"Fet"},{"$i":"delete","$v":"Elimina"},{"$i":"delete-thread","$v":"Delete thread"},{"$i":"mark-as-read","$v":"Mark as read"},{"$i":"mark-as-unread","$v":"Mark as unread"},{"$i":"deleting-messages","$v":"S'està eliminant…"},{"$i":"select-all","$v":"Marca-ho tot"},{"$i":"deselect-all","$v":"Desmarca-ho tot"},{"$i":"selected-threads","$v":{"zero":"Cap seleccionat","one":[{"t":"idOrVar","v":"n"}," seleccionat"],"two":[{"t":"idOrVar","v":"n"}," seleccionats"],"few":[{"t":"idOrVar","v":"n"}," seleccionats"],"many":[{"t":"idOrVar","v":"n"}," seleccionats"],"other":[{"t":"idOrVar","v":"n"}," seleccionats"]},"$x":[{"t":"idOrVar","v":"plural"},"n"]},{"$i":"selected-messages","$v":{"zero":"Cap seleccionat","one":[{"t":"idOrVar","v":"n"}," seleccionat"],"two":[{"t":"idOrVar","v":"n"}," seleccionats"],"few":[{"t":"idOrVar","v":"n"}," seleccionats"],"many":[{"t":"idOrVar","v":"n"}," seleccionats"],"other":[{"t":"idOrVar","v":"n"}," seleccionats"]},"$x":[{"t":"idOrVar","v":"plural"},"n"]},{"$i":"selectThreads-label","$v":"Selecciona els fils"},{"$i":"selectMessages-label","$v":"Selecciona els missatges"},{"$i":"settings","$v":"Paràmetres"},{"$i":"add-subject","$v":"Afegeix un assumpte"},{"$i":"remove-subject","$v":"Elimina l'assumpte"},{"$i":"to","$v":"A:"},{"$i":"new","$v":"Nou"},{"$i":"message","$v":"Missatge"},{"$i":"messagesInput_placeholder","$v":"Missatge"},{"$i":"messagesSubjectInput_placeholder","$v":"Assumpte"},{"$i":"converted-to-mms","$v":"Conversió a missatge multimèdia."},{"$i":"converted-to-sms","$v":"Conversió a missatge de text."},{"$i":"messages-max-length-text","$v":"Heu arribat a la longitud màxima."},{"$i":"messages-max-subject-length-text","$v":"S'ha arribat a la longitud màxima de l'assumpte."},{"$i":"multimedia-message-exceeded-max-length","$v":["You’ve exceeded the ",{"t":"idOrVar","v":"mmsSize"}," KB size limit of a single multimedia message. Remove attachments or shorten the message to send it."]},{"$i":"newMessage","$v":"Missatge nou"},{"$i":"sendMessage","$v":"Envia el missatge"},{"$i":"sendMMSToEmail","$v":"Envia un missatge multimèdia"},{"$i":"no-recipient","$v":"(Cap destinatari)"},{"$i":"recipient","$v":{"one":[{"t":"idOrVar","v":"n"}," destinatari"],"two":[{"t":"idOrVar","v":"n"}," destinataris"],"few":[{"t":"idOrVar","v":"n"}," destinataris"],"many":[{"t":"idOrVar","v":"n"}," destinataris"],"other":[{"t":"idOrVar","v":"n"}," destinataris"]},"$x":[{"t":"idOrVar","v":"plural"},"n"]},{"$i":"attachmentSizeB","$v":[{"t":"idOrVar","v":"n"}," B"]},{"$i":"attachmentSizeKB","$v":[{"t":"idOrVar","v":"n"}," KB"]},{"$i":"attachmentSizeMB","$v":[{"t":"idOrVar","v":"n"}," MB"]},{"$i":"attachmentOpenError","$v":"No hi ha cap aplicació disponible per obrir aquest tipus de fitxer."},{"$i":"remove","$v":"Elimina"},{"$i":"participant","$v":{"one":[{"t":"idOrVar","v":"n"}," participant"],"two":[{"t":"idOrVar","v":"n"}," participants"],"few":[{"t":"idOrVar","v":"n"}," participants"],"many":[{"t":"idOrVar","v":"n"}," participants"],"other":[{"t":"idOrVar","v":"n"}," participants"]},"$x":[{"t":"idOrVar","v":"plural"},"n"]},{"$i":"message-report","$v":"Informe de missatge"},{"$i":"message-type-sms","$v":"Missatge de text (SMS)"},{"$i":"message-type-mms","$v":"Missatge multimèdia (MMS)"},{"$i":"sms-report-description","$v":["El vostre missatge de text (SMS) s'ha enviat el dia ",{"t":"idOrVar","v":"datetime"}]},{"$i":"mms-report-description","$v":["El vostre missatge multimèdia (MMS), amb l'assumpte ",{"t":"idOrVar","v":"subject"},", s'ha enviat el dia ",{"t":"idOrVar","v":"datetime"}]},{"$i":"mms-no-subject-report-description","$v":["El vostre missatge multimèdia (MMS) s'ha enviat el dia ",{"t":"idOrVar","v":"datetime"}]},{"$i":"message-subject","$v":"Assumpte:"},{"$i":"report-status-error","$v":"No s'ha pogut enviar el missatge"},{"$i":"report-status-not-downloaded","$v":"no s'ha baixat"},{"$i":"report-status-delivered","$v":"Lliurat:"},{"$i":"report-status-read","$v":"Llegit:"},{"$i":"report-status-pending","$v":"Informe sol·licitat"},{"$i":"report-status-rejected","$v":"Missatge rebutjat"},{"$i":"message-size-was","$v":"Mida del missatge:"},{"$i":"report-dateTimeFormat12","$v":["%e %Eb de %Y, ",{"t":"idOrVar","v":"shortTimeFormat12"}]},{"$i":"report-dateTimeFormat24","$v":["%e %Eb de %Y, ",{"t":"idOrVar","v":"shortTimeFormat24"}]},{"$i":"report-to-title","$v":"A"},{"$i":"report-from-title","$v":"De"},{"$i":"message-sent","$v":"Enviat:"},{"$i":"message-sending","$v":[{"t":"idOrVar","v":"message-delivery-status-sending"}]},{"$i":"message-received","$v":"Rebut:"},{"$i":"message-via","$v":"Mitjançant:"},{"$i":"message-resend","$v":"Torna a enviar"},{"$i":"search","$v":"Cerca"},{"$i":"unknown-contact-title","$v":"Contacte desconegut"},{"$i":"phone-type-separator","$v":", "},{"$i":"phone-carrier-separator","$v":""},{"$i":"thread-participant-separator","$v":", "},{"$i":"replace-draft","$v":"Reemplaça l'esborrany existent"},{"$i":"save-as-draft","$v":"Desa com a esborrany"},{"$i":"discard-message","$v":"Descarta"},{"$i":"discard-sms","$v":"Segur que voleu descartar aquest missatge?"},{"$i":"discard-new-message","$v":"Voleu descartar el missatge que esteu redactant i obrir el missatge nou?"},{"$i":"resend-confirmation","$v":"No s'ha pogut enviar el missatge. Voleu tornar-ho a provar?"},{"$i":"resend-message","$v":"Torna a enviar el missatge"},{"$i":"deleteMessage-confirmation","$v":"Voleu eliminar el missatge seleccionat?"},{"$i":"deleteMessages-confirmation-message","$v":{"zero":"Please select messages to be deleted.","one":"Delete selected message?","two":["Delete ",{"t":"idOrVar","v":"n"}," selected messages?"],"few":["Delete ",{"t":"idOrVar","v":"n"}," selected messages?"],"many":["Delete ",{"t":"idOrVar","v":"n"}," selected messages?"],"other":["Delete ",{"t":"idOrVar","v":"n"}," selected messages?"]},"$x":[{"t":"idOrVar","v":"plural"},"n"]},{"$i":"deleteThreads-confirmation-message","$v":{"zero":"Please select message threads to be deleted.","one":"Delete selected message thread?","two":["Delete ",{"t":"idOrVar","v":"n"}," selected message threads?"],"few":["Delete ",{"t":"idOrVar","v":"n"}," selected message threads?"],"many":["Delete ",{"t":"idOrVar","v":"n"}," selected message threads?"],"other":["Delete ",{"t":"idOrVar","v":"n"}," selected message threads?"]},"$x":[{"t":"idOrVar","v":"plural"},"n"]},{"$i":"new-message-notice-text","$v":"Missatge nou de"},{"$i":"new-message-notice-a-text","$v":"Llegeix-lo"},{"$i":"noMessages-title","$v":"Cap missatge"},{"$i":"noMessages-text","$v":"Inicieu una conversa ara"},{"$i":"sendDefaultErrorTitle","$v":"No s'ha enviat el missatge"},{"$i":"sendDefaultErrorBody","$v":"S'ha produït un problema en enviar el missatge. Torneu-ho a provar."},{"$i":"sendDefaultErrorBtnOk","$v":"D'acord"},{"$i":"sendMissingSimCardTitle","$v":"Falta la targeta SIM"},{"$i":"sendMissingSimCardBody","$v":"Inseriu una targeta SIM vàlida per continuar."},{"$i":"sendMissingSimCardBtnOk","$v":"D'acord"},{"$i":"sendFlightModeTitle","$v":"Mode d'avió activat"},{"$i":"sendFlightModeBody","$v":"Desactiveu el mode d'avió per enviar missatges."},{"$i":"sendFlightModeBtnOk","$v":"D'acord"},{"$i":"radioDisabledToDownloadTitle","$v":[{"t":"idOrVar","v":"sendFlightModeTitle"}]},{"$i":"radioDisabledToDownloadBody","$v":"Desactiveu el mode d'avió per baixar les adjuncions."},{"$i":"radioDisabledToDownloadBtnOk","$v":[{"t":"idOrVar","v":"sendFlightModeBtnOk"}]},{"$i":"fdnBlocked2Title","$v":"Números prefixats activats"},{"$i":"sms-counter-notice-label","$v":["S'està editant l'SMS ",{"t":"idOrVar","v":"number"}]},{"$i":"fdnBlocked2Body","innerHTML":{"$x":[{"t":"idOrVar","v":"plural"},"n"],"$v":{"one":["La funció FDN (números prefixats) està activada. Assegureu-vos que el centre de SMS i el destinatari següent apareixen en la llista de números permesos:<br />",{"t":"idOrVar","v":"numbers"}],"two":["La funció FDN (números prefixats) està activada. Assegureu-vos que el centre de SMS i els destinataris següents apareixen en la llista de números permesos:<br />",{"t":"idOrVar","v":"numbers"}],"few":["La funció FDN (números prefixats) està activada. Assegureu-vos que el centre de SMS i els destinataris següents apareixen en la llista de números permesos:<br />",{"t":"idOrVar","v":"numbers"}],"many":["La funció FDN (números prefixats) està activada. Assegureu-vos que el centre de SMS i els destinataris següents apareixen en la llista de números permesos:<br />",{"t":"idOrVar","v":"numbers"}],"other":["La funció FDN (números prefixats) està activada. Assegureu-vos que el centre de SMS i els destinataris següents apareixen en la llista de números permesos:<br />",{"t":"idOrVar","v":"numbers"}]}}},{"$i":"fdnBlocked2BtnOk","$v":"D'acord"},{"$i":"switchSimToRetrieveTitle","$v":"Canvi de la connexió de dades"},{"$i":"switchSimToRetrieveBody","$v":["Cal canviar la connexió de dades a la SIM ",{"t":"idOrVar","v":"nonActiveSimId"}," per recuperar l'MMS. La transferència de dades actual de la SIM ",{"t":"idOrVar","v":"activeSimId"}," se suspendrà. Voleu continuar?"]},{"$i":"switchSimToRetrieveBtnOk","$v":"Més tard"},{"$i":"switchSimToRetrieveConfirm","$v":"D'acord"},{"$i":"switchSimToSendTitle","$v":[{"t":"idOrVar","v":"switchSimToRetrieveTitle"}]},{"$i":"switchSimToSendBody","$v":["Cal canviar la connexió de dades a la SIM ",{"t":"idOrVar","v":"nonActiveSimId"}," per enviar l'MMS. La transferència de dades actual de la SIM ",{"t":"idOrVar","v":"activeSimId"}," se suspendrà. Voleu continuar? "]},{"$i":"switchSimToSendBtnOk","$v":[{"t":"idOrVar","v":"switchSimToRetrieveBtnOk"}]},{"$i":"switchSimToSendConfirm","$v":[{"t":"idOrVar","v":"switchSimToRetrieveConfirm"}]},{"$i":"sendNoSignalErrorTitle","$v":"No hi ha cobertura de xarxa"},{"$i":"sendNoSignalErrorBody","$v":"Assegureu-vos que teniu senyal de mòbil i torneu-ho a provar."},{"$i":"sendNoSignalErrorBtnOk","$v":"D'acord"},{"$i":"sendNotFoundErrorTitle","$v":"No s'ha trobat el missatge"},{"$i":"sendNotFoundErrorBody","$v":"El missatge que cerqueu ja no està disponible."},{"$i":"sendNotFoundErrorBtnOk","$v":"D'acord"},{"$i":"sendInvalidAddressErrorTitle","$v":"El número no és vàlid"},{"$i":"sendInvalidAddressErrorBody","$v":"Assegureu-vos que el número de mòbil al qual esteu enviant sigui vàlid."},{"$i":"sendInvalidAddressErrorBtnOk","$v":"D'acord"},{"$i":"simNotMatchedErrorTitle","$v":"No es pot baixar"},{"$i":"simNotMatchedErrorBody","$v":"Assegureu-vos que la targeta SIM inserida sigui la correcta per rebre aquest missatge."},{"$i":"simNotMatchedErrorBtnOk","$v":"D'acord"},{"$i":"deleted-sms","$v":"Aquest missatge ja s'ha eliminat."},{"$i":"view-attachment-image","$v":"Mostra"},{"$i":"view-attachment-audio","$v":"Escolta"},{"$i":"view-attachment-video","$v":"Mostra"},{"$i":"view-attachment-other","$v":"Mostra"},{"$i":"remove-attachment-image","$v":"Elimina la imatge"},{"$i":"remove-attachment-audio","$v":"Elimina l'àudio"},{"$i":"remove-attachment-video","$v":"Elimina el vídeo"},{"$i":"remove-attachment-other","$v":"Elimina l'adjunció"},{"$i":"replace-attachment-image","$v":"Reemplaça la imatge"},{"$i":"replace-attachment-audio","$v":"Reemplaça l'àudio"},{"$i":"replace-attachment-video","$v":"Reemplaça el vídeo"},{"$i":"replace-attachment-other","$v":"Reemplaça l'adjunt"},{"$i":"unsent-message-title","$v":"Missatge no enviat"},{"$i":"unsent-message-text","$v":"Your previous message was not sent. Do you want to discard the unsent message and continue?"},{"$i":"unsent-message-option-edit","$v":"Edita"},{"$i":"unsent-message-option-discard","$v":"Descarta"},{"$i":"message-options","$v":"Opcions del missatge"},{"$i":"thread-options","$v":"Thread options"},{"$i":"forward","$v":"Reenvia"},{"$i":"view-message-report","$v":"Mostra l'informe del missatge"},{"$i":"select-text","$v":"Select text"},{"$i":"mobile","$v":"Mòbil"},{"$i":"home","$v":"Casa"},{"$i":"work","$v":"Feina"},{"$i":"personal","$v":"Particular"},{"$i":"faxHome","$v":"Fax (casa)"},{"$i":"faxOffice","$v":"Fax (oficina)"},{"$i":"faxOther","$v":"Fax (altre)"},{"$i":"another","$v":"Altres"},{"$i":"other","$v":"Altres"},{"$i":"today","$v":"avui"},{"$i":"yesterday","$v":"ahir"},{"$i":"incorrectDate","$v":"(data no vàlida)"},{"$i":"addToExistingContact","$v":"Afegeix a un contacte existent"},{"$i":"createNewContact","$v":"Crea un contacte nou"},{"$i":"viewContact","$v":"Mostra el contacte"},{"$i":"call","$v":"Truca"},{"$i":"sendEmail","$v":"Envia correu"},{"$i":"mms-message","$v":"Missatge MMS"},{"$i":"notDownloaded-title","$v":"El missatge encara no s'ha baixat."},{"$i":"tobedownloaded-attachment","$v":["Heu rebut un missatge multimèdia. Podeu utilitzar l'enllaç següent per baixar-ne el contingut fins el ",{"t":"idOrVar","v":"date"},"."]},{"$i":"expired-attachment","$v":["No es pot baixar el missatge perquè va caducar el ",{"t":"idOrVar","v":"date"},"."]},{"$i":"download-attachment","$v":"Baixa"},{"$i":"downloading-attachment","$v":"S'està baixant…"},{"$i":"unnamed-attachment","$v":"sense títol"},{"$i":"mms-label","$v":"MMS"},{"$i":"attached-files-too-large","$v":{"zero":["The files you have selected exceed the ",{"t":"idOrVar","v":"mmsSize"}," KB size limit of a single multimedia message."],"one":["The file you have selected exceeds the ",{"t":"idOrVar","v":"mmsSize"}," KB size limit of a single multimedia message."],"two":["The files you have selected exceed the ",{"t":"idOrVar","v":"mmsSize"}," KB size limit of a single multimedia message."],"few":["The files you have selected exceed the ",{"t":"idOrVar","v":"mmsSize"}," KB size limit of a single multimedia message."],"many":["The files you have selected exceed the ",{"t":"idOrVar","v":"mmsSize"}," KB size limit of a single multimedia message."],"other":["The files you have selected exceed the ",{"t":"idOrVar","v":"mmsSize"}," KB size limit of a single multimedia message."]},"$x":[{"t":"idOrVar","v":"plural"},"n"]},{"$i":"resize-image","$v":"Redimensionament de la imatge adjunta"},{"$i":"no-attachment-text","$v":"Hi ha un problema amb el fitxer adjunt i no es pot baixar."},{"$i":"message-draft-saved","$v":"El missatge s'ha desat com a esborrany"},{"$i":"sim-id-label","$v":["SIM ",{"t":"idOrVar","v":"id"}]},{"$i":"sim-detail","$v":["SIM ",{"t":"idOrVar","v":"id"},", ",{"t":"idOrVar","v":"detailString"}]},{"$i":"dsds-notification-title-with-sim","$v":["(",{"t":"idOrVar","v":"sim"},") ",{"t":"idOrVar","v":"sender"}]},{"$i":"send-button","ariaLabel":"Envia"},{"$i":"send-button-sim-indication","$v":[{"t":"idOrVar","v":"n"}],"ariaLabel":["amb la SIM ",{"t":"idOrVar","v":"n"}]},{"$i":"expiry-date-format","$v":"%A %e %Eb"},{"$i":"attach-button","ariaLabel":"Afegeix una adjunció"},{"$i":"contact-photo","ariaLabel":"Foto del contacte"},{"$i":"unread-thread","ariaLabel":"Sense llegir"},{"$i":"has-draft","ariaLabel":"Té esborrany"},{"$i":"is-draft","ariaLabel":"Esborrany"},{"$i":"message-delivery-status-sending","$v":"S'està enviant…"},{"$i":"message-delivery-status-delivered","ariaLabel":"Lliurat"},{"$i":"message-delivery-status-read","ariaLabel":"Llegit"},{"$i":"message-delivery-status-error","ariaLabel":"Error"},{"$i":"modal-dialog-ok-button","$v":"OK"},{"$i":"modal-dialog-cancel-button","$v":"Cancel"},{"$i":"modal-dialog-default-title","$v":"Messages"},{"$i":"weekday-0-long","$v":"diumenge"},{"$i":"weekday-1-long","$v":"dilluns"},{"$i":"weekday-2-long","$v":"dimarts"},{"$i":"weekday-3-long","$v":"dimecres"},{"$i":"weekday-4-long","$v":"dijous"},{"$i":"weekday-5-long","$v":"divendres"},{"$i":"weekday-6-long","$v":"dissabte"},{"$i":"weekday-0-short","$v":"dg"},{"$i":"weekday-1-short","$v":"dl"},{"$i":"weekday-2-short","$v":"dt"},{"$i":"weekday-3-short","$v":"dc"},{"$i":"weekday-4-short","$v":"dj"},{"$i":"weekday-5-short","$v":"dv"},{"$i":"weekday-6-short","$v":"ds"},{"$i":"month-0-long","$v":"gener"},{"$i":"month-1-long","$v":"febrer"},{"$i":"month-2-long","$v":"març"},{"$i":"month-3-long","$v":"abril"},{"$i":"month-4-long","$v":"maig"},{"$i":"month-5-long","$v":"juny"},{"$i":"month-6-long","$v":"juliol"},{"$i":"month-7-long","$v":"agost"},{"$i":"month-8-long","$v":"setembre"},{"$i":"month-9-long","$v":"octubre"},{"$i":"month-10-long","$v":"novembre"},{"$i":"month-11-long","$v":"desembre"},{"$i":"month-0-genitive","$v":"de gener"},{"$i":"month-1-genitive","$v":"de febrer"},{"$i":"month-2-genitive","$v":"de març"},{"$i":"month-3-genitive","$v":"d'abril"},{"$i":"month-4-genitive","$v":"de maig"},{"$i":"month-5-genitive","$v":"de juny"},{"$i":"month-6-genitive","$v":"de juliol"},{"$i":"month-7-genitive","$v":"d'agost"},{"$i":"month-8-genitive","$v":"de setembre"},{"$i":"month-9-genitive","$v":"d'octubre"},{"$i":"month-10-genitive","$v":"de novembre"},{"$i":"month-11-genitive","$v":"de desembre"},{"$i":"month-0-short","$v":"gen"},{"$i":"month-1-short","$v":"febr"},{"$i":"month-2-short","$v":"març"},{"$i":"month-3-short","$v":"abr"},{"$i":"month-4-short","$v":"maig"},{"$i":"month-5-short","$v":"juny"},{"$i":"month-6-short","$v":"jul"},{"$i":"month-7-short","$v":"ag"},{"$i":"month-8-short","$v":"set"},{"$i":"month-9-short","$v":"oct"},{"$i":"month-10-short","$v":"nov"},{"$i":"month-11-short","$v":"des"},{"$i":"minutes-ago-long","$v":{"zero":"ara","one":"fa un minut","two":["fa ",{"t":"idOrVar","v":"value"}," minuts"],"few":["fa ",{"t":"idOrVar","v":"value"}," minuts"],"many":["fa ",{"t":"idOrVar","v":"value"}," minuts"],"other":["fa ",{"t":"idOrVar","v":"value"}," minuts"]},"$x":[{"t":"idOrVar","v":"plural"},"value"]},{"$i":"hours-ago-long","$v":{"zero":"ara","one":"fa una hora","two":["fa ",{"t":"idOrVar","v":"value"}," hores"],"few":["fa ",{"t":"idOrVar","v":"value"}," hores"],"many":["fa ",{"t":"idOrVar","v":"value"}," hores"],"other":["fa ",{"t":"idOrVar","v":"value"}," hores"]},"$x":[{"t":"idOrVar","v":"plural"},"value"]},{"$i":"days-ago-long","$v":{"zero":"avui","one":"ahir","two":["fa ",{"t":"idOrVar","v":"value"}," dies"],"few":["fa ",{"t":"idOrVar","v":"value"}," dies"],"many":["fa ",{"t":"idOrVar","v":"value"}," dies"],"other":["fa ",{"t":"idOrVar","v":"value"}," dies"]},"$x":[{"t":"idOrVar","v":"plural"},"value"]},{"$i":"weeks-ago-long","$v":{"zero":"aquesta setmana","one":"la setmana passada","two":["fa ",{"t":"idOrVar","v":"value"}," setmanes"],"few":["fa ",{"t":"idOrVar","v":"value"}," setmanes"],"many":["fa ",{"t":"idOrVar","v":"value"}," setmanes"],"other":["fa ",{"t":"idOrVar","v":"value"}," setmanes"]},"$x":[{"t":"idOrVar","v":"plural"},"value"]},{"$i":"months-ago-long","$v":{"zero":"aquest mes","one":"el mes passat","two":["fa ",{"t":"idOrVar","v":"value"}," mesos"],"few":["fa ",{"t":"idOrVar","v":"value"}," mesos"],"many":["fa ",{"t":"idOrVar","v":"value"}," mesos"],"other":["fa ",{"t":"idOrVar","v":"value"}," mesos"]},"$x":[{"t":"idOrVar","v":"plural"},"value"]},{"$i":"years-ago-long","$v":{"zero":"enguany","one":"l'any passat","two":["fa ",{"t":"idOrVar","v":"value"}," anys"],"few":["fa ",{"t":"idOrVar","v":"value"}," anys"],"many":["fa ",{"t":"idOrVar","v":"value"}," anys"],"other":["fa ",{"t":"idOrVar","v":"value"}," anys"]},"$x":[{"t":"idOrVar","v":"plural"},"value"]},{"$i":"minutes-until-long","$v":{"zero":"ara","one":"d'aquí un minut","two":["d'aquí ",{"t":"idOrVar","v":"value"}," minuts"],"few":["d'aquí ",{"t":"idOrVar","v":"value"}," minuts"],"many":["d'aquí ",{"t":"idOrVar","v":"value"}," minuts"],"other":["d'aquí ",{"t":"idOrVar","v":"value"}," minuts"]},"$x":[{"t":"idOrVar","v":"plural"},"value"]},{"$i":"hours-until-long","$v":{"zero":"ara","one":"d'aquí una hora","two":["d'aquí ",{"t":"idOrVar","v":"value"}," hores"],"few":["d'aquí ",{"t":"idOrVar","v":"value"}," hores"],"many":["d'aquí ",{"t":"idOrVar","v":"value"}," hores"],"other":["d'aquí ",{"t":"idOrVar","v":"value"}," hores"]},"$x":[{"t":"idOrVar","v":"plural"},"value"]},{"$i":"days-until-long","$v":{"zero":"avui","one":"demà","two":["d'aquí ",{"t":"idOrVar","v":"value"}," dies"],"few":["d'aquí ",{"t":"idOrVar","v":"value"}," dies"],"many":["d'aquí ",{"t":"idOrVar","v":"value"}," dies"],"other":["d'aquí ",{"t":"idOrVar","v":"value"}," dies"]},"$x":[{"t":"idOrVar","v":"plural"},"value"]},{"$i":"weeks-until-long","$v":{"zero":"aquesta setmana","one":"la setmana que ve","two":["d'aquí ",{"t":"idOrVar","v":"value"}," setmanes"],"few":["d'aquí ",{"t":"idOrVar","v":"value"}," setmanes"],"many":["d'aquí ",{"t":"idOrVar","v":"value"}," setmanes"],"other":["d'aquí ",{"t":"idOrVar","v":"value"}," setmanes"]},"$x":[{"t":"idOrVar","v":"plural"},"value"]},{"$i":"months-until-long","$v":{"zero":"aquest mes","one":"el mes que ve","two":["d'aquí ",{"t":"idOrVar","v":"value"}," mesos"],"few":["d'aquí ",{"t":"idOrVar","v":"value"}," mesos"],"many":["d'aquí ",{"t":"idOrVar","v":"value"}," mesos"],"other":["d'aquí ",{"t":"idOrVar","v":"value"}," mesos"]},"$x":[{"t":"idOrVar","v":"plural"},"value"]},{"$i":"years-until-long","$v":{"zero":"enguany","one":"l'any que ve","two":["d'aquí ",{"t":"idOrVar","v":"value"}," anys"],"few":["d'aquí ",{"t":"idOrVar","v":"value"}," anys"],"many":["d'aquí ",{"t":"idOrVar","v":"value"}," anys"],"other":["d'aquí ",{"t":"idOrVar","v":"value"}," anys"]},"$x":[{"t":"idOrVar","v":"plural"},"value"]},{"$i":"minutes-ago-short","$v":{"zero":"ara","other":["fa ",{"t":"idOrVar","v":"value"}," m"]},"$x":[{"t":"idOrVar","v":"plural"},"value"]},{"$i":"hours-ago-short","$v":{"zero":"ara","other":["fa ",{"t":"idOrVar","v":"value"}," h"]},"$x":[{"t":"idOrVar","v":"plural"},"value"]},{"$i":"days-ago-short","$v":{"zero":"avui","other":["fa ",{"t":"idOrVar","v":"value"}," d"]},"$x":[{"t":"idOrVar","v":"plural"},"value"]},{"$i":"minutes-until-short","$v":{"zero":"ara","other":["d'aquí ",{"t":"idOrVar","v":"value"}," m"]},"$x":[{"t":"idOrVar","v":"plural"},"value"]},{"$i":"hours-until-short","$v":{"zero":"ara","other":["d'aquí ",{"t":"idOrVar","v":"value"}," h"]},"$x":[{"t":"idOrVar","v":"plural"},"value"]},{"$i":"days-until-short","$v":{"zero":"avui","other":["d'aquí ",{"t":"idOrVar","v":"value"}," d"]},"$x":[{"t":"idOrVar","v":"plural"},"value"]},{"$i":"dateTimeFormat_%c","$v":"%a %e %Eb, %Y %H:%M:%S"},{"$i":"dateTimeFormat_%x","$v":"%d/%m/%Y"},{"$i":"dateTimeFormat_%X","$v":"%H:%M:%S"},{"$i":"shortTimeFormat","$v":"%H:%M"},{"$i":"shortTimeFormat12","$v":"%I:%M %p"},{"$i":"shortTimeFormat24","$v":"%H:%M"},{"$i":"shortDateTimeFormat","$v":"%x %H:%M"},{"$i":"weekStartsOnMonday","$v":"1"},{"$i":"firstDayOfTheWeek","$v":"0"},{"$i":"time_am","$v":"am"},{"$i":"time_pm","$v":"pm"},{"$i":"gaia-menu-cancel","$v":"Cancel·la"},{"$i":"gaia-sim-picker-dial-via-with-number","$v":["Marca ",{"t":"idOrVar","v":"phoneNumber"}," amb"]},{"$i":"gaia-sim-picker-select-sim","$v":"Trieu la SIM"},{"$i":"gaia-sim-picker-button","$v":["SIM",{"t":"idOrVar","v":"n"}]},{"$i":"gaia-sim-picker-button-default","$v":"(per defecte)"}]