[{"$i":"messages","$v":"Zprávy"},{"$i":"deleteMessages-title","$v":"Smazání zpráv"},{"$i":"selectThreads-title","$v":"Výběr"},{"$i":"edit","$v":"Upravit"},{"$i":"back","$v":"Zpět"},{"$i":"cancel","$v":"Zrušit"},{"$i":"undo","$v":"Zpět"},{"$i":"done","$v":"Hotovo"},{"$i":"delete","$v":"Smazat"},{"$i":"delete-thread","$v":"Delete thread"},{"$i":"mark-as-read","$v":"Mark as read"},{"$i":"mark-as-unread","$v":"Mark as unread"},{"$i":"deleting-messages","$v":"Mazání…"},{"$i":"select-all","$v":"Vybrat vše"},{"$i":"deselect-all","$v":"Zrušit výběr"},{"$i":"selected-threads","$v":{"zero":"žádná vybraná vlákna","one":[{"t":"idOrVar","v":"n"}," vybráno"],"two":[{"t":"idOrVar","v":"n"}," vybrána"],"few":[{"t":"idOrVar","v":"n"}," vybrána"],"many":[{"t":"idOrVar","v":"n"}," vybraných"],"other":[{"t":"idOrVar","v":"n"}," vybraných"]},"$x":[{"t":"idOrVar","v":"plural"},"n"]},{"$i":"selected-messages","$v":{"zero":"žádné vybrané zprávy","one":[{"t":"idOrVar","v":"n"}," vybraná"],"two":[{"t":"idOrVar","v":"n"}," vybrané"],"few":[{"t":"idOrVar","v":"n"}," vybrané"],"many":[{"t":"idOrVar","v":"n"}," vybraných"],"other":[{"t":"idOrVar","v":"n"}," vybraných"]},"$x":[{"t":"idOrVar","v":"plural"},"n"]},{"$i":"selectThreads-label","$v":"Vybrat vlákna"},{"$i":"selectMessages-label","$v":"Vybrat zprávy"},{"$i":"settings","$v":"Nastavení"},{"$i":"add-subject","$v":"Přidat předmět"},{"$i":"remove-subject","$v":"Odebrat předmět"},{"$i":"to","$v":"Komu:"},{"$i":"new","$v":"Nová"},{"$i":"message","$v":"Zpráva"},{"$i":"messagesInput_placeholder","$v":"Zpráva"},{"$i":"messagesSubjectInput_placeholder","$v":"Předmět"},{"$i":"converted-to-mms","$v":"Převod na multimediální zprávu."},{"$i":"converted-to-sms","$v":"Převod na textovou zprávu."},{"$i":"messages-max-length-text","$v":"Dosáhl(a) jste maximální délky."},{"$i":"messages-max-subject-length-text","$v":"Dosáhl(a) jste maximální délky předmětu."},{"$i":"multimedia-message-exceeded-max-length","$v":["You’ve exceeded the ",{"t":"idOrVar","v":"mmsSize"}," KB size limit of a single multimedia message. Remove attachments or shorten the message to send it."]},{"$i":"newMessage","$v":"Nová zpráva"},{"$i":"sendMessage","$v":"Odeslat zprávu"},{"$i":"sendMMSToEmail","$v":"Odeslat multimediální zprávu"},{"$i":"no-recipient","$v":"(Žádný příjemce)"},{"$i":"recipient","$v":{"one":[{"t":"idOrVar","v":"n"}," příjemce"],"two":[{"t":"idOrVar","v":"n"}," příjemci"],"few":[{"t":"idOrVar","v":"n"}," příjemci"],"many":[{"t":"idOrVar","v":"n"}," příjemců"],"other":[{"t":"idOrVar","v":"n"}," příjemců "]},"$x":[{"t":"idOrVar","v":"plural"},"n"]},{"$i":"attachmentSizeB","$v":[{"t":"idOrVar","v":"n"}," B"]},{"$i":"attachmentSizeKB","$v":[{"t":"idOrVar","v":"n"}," KB"]},{"$i":"attachmentSizeMB","$v":[{"t":"idOrVar","v":"n"}," MB"]},{"$i":"attachmentOpenError","$v":"Pro otevření tohoto typu souboru není k dispozici žádná aplikace."},{"$i":"remove","$v":"Odebrat"},{"$i":"participant","$v":{"one":[{"t":"idOrVar","v":"n"}," zúčastněný"],"two":[{"t":"idOrVar","v":"n"}," zúčastnění"],"few":[{"t":"idOrVar","v":"n"}," zúčastnění"],"many":[{"t":"idOrVar","v":"n"}," zúčastněných"],"other":[{"t":"idOrVar","v":"n"}," zúčastněných"]},"$x":[{"t":"idOrVar","v":"plural"},"n"]},{"$i":"message-report","$v":"Stav zprávy"},{"$i":"message-type-sms","$v":"Textová zpráva (SMS)"},{"$i":"message-type-mms","$v":"Multimediální zpráva (MMS)"},{"$i":"sms-report-description","$v":["Vaše textová zpráva (SMS), odeslaná dne ",{"t":"idOrVar","v":"datetime"}]},{"$i":"mms-report-description","$v":["Vaše multimediální zpráva (MMS), s předmětem ",{"t":"idOrVar","v":"subject"},", odeslaná dne ",{"t":"idOrVar","v":"datetime"}]},{"$i":"mms-no-subject-report-description","$v":["Vaše multimediální zpráva (MMS), odeslána dne ",{"t":"idOrVar","v":"datetime"}]},{"$i":"message-subject","$v":"Předmět:"},{"$i":"report-status-error","$v":"Zpráva nemohla být odeslána"},{"$i":"report-status-not-downloaded","$v":"nebyla stažena"},{"$i":"report-status-delivered","$v":"Doručená:"},{"$i":"report-status-read","$v":"Přečtená:"},{"$i":"report-status-pending","$v":"Vyžádáno potvrzení"},{"$i":"report-status-rejected","$v":"Zpráva byla odmítnuta"},{"$i":"message-size-was","$v":"Velikost zprávy:"},{"$i":"report-dateTimeFormat12","$v":["%e. %B %Y, ",{"t":"idOrVar","v":"shortTimeFormat12"}]},{"$i":"report-dateTimeFormat24","$v":["%e. %B %Y, ",{"t":"idOrVar","v":"shortTimeFormat24"}]},{"$i":"report-to-title","$v":"Pro"},{"$i":"report-from-title","$v":"Od"},{"$i":"message-sent","$v":"Odeslaná:"},{"$i":"message-sending","$v":[{"t":"idOrVar","v":"message-delivery-status-sending"}]},{"$i":"message-received","$v":"Přijatá:"},{"$i":"message-via","$v":"Skrze:"},{"$i":"message-resend","$v":"Přeposlat"},{"$i":"search","$v":"Hledat"},{"$i":"unknown-contact-title","$v":"Neznámý kontakt"},{"$i":"phone-type-separator","$v":", "},{"$i":"phone-carrier-separator","$v":" "},{"$i":"thread-participant-separator","$v":", "},{"$i":"replace-draft","$v":"Nahradit existující Koncept"},{"$i":"save-as-draft","$v":"Uložit jako Koncept"},{"$i":"discard-message","$v":"Zahodit"},{"$i":"discard-sms","$v":"Opravdu chcete odstranit tuto zprávu?"},{"$i":"discard-new-message","$v":"Zrušit tuto zprávu a otevřít novou? "},{"$i":"resend-confirmation","$v":"Zprávu se nepodařilo odeslat. Opakovat?"},{"$i":"resend-message","$v":"Znovu odeslat zprávu"},{"$i":"deleteMessage-confirmation","$v":"Smazat vybranou zprávu?"},{"$i":"deleteMessages-confirmation-message","$v":{"zero":"Please select messages to be deleted.","one":"Delete selected message?","two":["Delete ",{"t":"idOrVar","v":"n"}," selected messages?"],"few":["Delete ",{"t":"idOrVar","v":"n"}," selected messages?"],"many":["Delete ",{"t":"idOrVar","v":"n"}," selected messages?"],"other":["Delete ",{"t":"idOrVar","v":"n"}," selected messages?"]},"$x":[{"t":"idOrVar","v":"plural"},"n"]},{"$i":"deleteThreads-confirmation-message","$v":{"zero":"Please select message threads to be deleted.","one":"Delete selected message thread?","two":["Delete ",{"t":"idOrVar","v":"n"}," selected message threads?"],"few":["Delete ",{"t":"idOrVar","v":"n"}," selected message threads?"],"many":["Delete ",{"t":"idOrVar","v":"n"}," selected message threads?"],"other":["Delete ",{"t":"idOrVar","v":"n"}," selected message threads?"]},"$x":[{"t":"idOrVar","v":"plural"},"n"]},{"$i":"new-message-notice-text","$v":"Nová zpráva od"},{"$i":"new-message-notice-a-text","$v":"Přečíst"},{"$i":"noMessages-title","$v":"Žádné zprávy"},{"$i":"noMessages-text","$v":"Můžete začít komunikovat"},{"$i":"sendDefaultErrorTitle","$v":"Služba není aktuálně dostupná"},{"$i":"sendDefaultErrorBody","$v":"Zprávy budou automaticky poslány po obnovení dostupnosti služby."},{"$i":"sendDefaultErrorBtnOk","$v":"OK"},{"$i":"sendMissingSimCardTitle","$v":"Chybějící karta SIM"},{"$i":"sendMissingSimCardBody","$v":"Pro pokračování vložte platnou kartu SIM."},{"$i":"sendMissingSimCardBtnOk","$v":"OK"},{"$i":"sendFlightModeTitle","$v":"Režim V letadle je aktivní"},{"$i":"sendFlightModeBody","$v":"Pro odeslání zpráv je nutné vypnout režim V letadle."},{"$i":"sendFlightModeBtnOk","$v":"OK"},{"$i":"radioDisabledToDownloadTitle","$v":[{"t":"idOrVar","v":"sendFlightModeTitle"}]},{"$i":"radioDisabledToDownloadBody","$v":"Pro stažení příloh vypněte režim V letadle."},{"$i":"radioDisabledToDownloadBtnOk","$v":[{"t":"idOrVar","v":"sendFlightModeBtnOk"}]},{"$i":"fdnBlocked2Title","$v":"FDN aktivní"},{"$i":"sms-counter-notice-label","$v":["Pokračovat zprávou SMS ",{"t":"idOrVar","v":"number"}]},{"$i":"fdnBlocked2Body","innerHTML":{"$x":[{"t":"idOrVar","v":"plural"},"n"],"$v":{"one":["FDN je povoleno a následující příjemci nejsou na vašem seznamu FDN:<br />",{"t":"idOrVar","v":"numbers"}],"two":["FDN je povoleno a následující příjemci nejsou na vašem seznamu FDN:<br />",{"t":"idOrVar","v":"numbers"}],"few":["FDN je povoleno a následující příjemci nejsou na vašem seznamu FDN:<br />",{"t":"idOrVar","v":"numbers"}],"many":["FDN je povoleno a následující příjemci nejsou na vašem seznamu FDN:<br />",{"t":"idOrVar","v":"numbers"}],"other":["FDN je povoleno a následující příjemci nejsou na vašem seznamu FDN:<br />",{"t":"idOrVar","v":"numbers"}]}}},{"$i":"fdnBlocked2BtnOk","$v":"OK"},{"$i":"switchSimToRetrieveTitle","$v":"Přepnutí datového připojení"},{"$i":"switchSimToRetrieveBody","$v":["Pokud chcete přijímat zprávy MMS, přepněte datové připojení na ",{"t":"idOrVar","v":"nonActiveSimId"},". Probíhající přenosy pomocí připojení ",{"t":"idOrVar","v":"activeSimId"}," budou pozastaveny. Pokračovat? "]},{"$i":"switchSimToRetrieveBtnOk","$v":"Později"},{"$i":"switchSimToRetrieveConfirm","$v":"OK"},{"$i":"switchSimToSendTitle","$v":[{"t":"idOrVar","v":"switchSimToRetrieveTitle"}]},{"$i":"switchSimToSendBody","$v":["Pokud chcete odeslat zprávu MMS, přepněte datové připojení na SIM ",{"t":"idOrVar","v":"nonActiveSimId"},". Probíhající přenosy dat v rámci SIM ",{"t":"idOrVar","v":"activeSimId"}," budou pozastaveny. Pokračovat?  "]},{"$i":"switchSimToSendBtnOk","$v":[{"t":"idOrVar","v":"switchSimToRetrieveBtnOk"}]},{"$i":"switchSimToSendConfirm","$v":[{"t":"idOrVar","v":"switchSimToRetrieveConfirm"}]},{"$i":"sendNoSignalErrorTitle","$v":"Žádná síť"},{"$i":"sendNoSignalErrorBody","$v":"Ujistěte se, že máte k dispozici mobilní signál, a zkuste to znovu."},{"$i":"sendNoSignalErrorBtnOk","$v":"OK"},{"$i":"sendNotFoundErrorTitle","$v":"Zpráva nebyla nalezena"},{"$i":"sendNotFoundErrorBody","$v":"Zpráva, kterou hledáte, již není dostupná."},{"$i":"sendNotFoundErrorBtnOk","$v":"OK"},{"$i":"sendInvalidAddressErrorTitle","$v":"Neplatné číslo"},{"$i":"sendInvalidAddressErrorBody","$v":"Ujistěte se, že zadané číslo je platné."},{"$i":"sendInvalidAddressErrorBtnOk","$v":"OK"},{"$i":"simNotMatchedErrorTitle","$v":"Zprávu nelze stáhnout"},{"$i":"simNotMatchedErrorBody","$v":"Ujistěte se, že vložená SIM karta je určena k přijetí této zprávy."},{"$i":"simNotMatchedErrorBtnOk","$v":"OK"},{"$i":"deleted-sms","$v":"Tato zpráva již byla smazána."},{"$i":"view-attachment-image","$v":"Zobrazit"},{"$i":"view-attachment-audio","$v":"Poslechnout"},{"$i":"view-attachment-video","$v":"Zobrazit"},{"$i":"view-attachment-other","$v":"Zobrazit"},{"$i":"remove-attachment-image","$v":"Odebrat obrázek"},{"$i":"remove-attachment-audio","$v":"Odebrat audio"},{"$i":"remove-attachment-video","$v":"Odebrat video"},{"$i":"remove-attachment-other","$v":"Odebrat přílohu"},{"$i":"replace-attachment-image","$v":"Nahradit obrázek"},{"$i":"replace-attachment-audio","$v":"Nahradit audio"},{"$i":"replace-attachment-video","$v":"Nahradit video"},{"$i":"replace-attachment-other","$v":"Nahradit přílohu"},{"$i":"unsent-message-title","$v":"Neodeslaná zpráva"},{"$i":"unsent-message-text","$v":"Your previous message was not sent. Do you want to discard the unsent message and continue?"},{"$i":"unsent-message-option-edit","$v":"Upravit"},{"$i":"unsent-message-option-discard","$v":"Zahodit"},{"$i":"message-options","$v":"Možnosti zprávy"},{"$i":"thread-options","$v":"Thread options"},{"$i":"forward","$v":"Přeposlat"},{"$i":"view-message-report","$v":"Zobrazit stav zprávy"},{"$i":"select-text","$v":"Select text"},{"$i":"mobile","$v":"Mobil"},{"$i":"home","$v":"Domů"},{"$i":"work","$v":"Práce"},{"$i":"personal","$v":"Osobní"},{"$i":"faxHome","$v":"Fax domů"},{"$i":"faxOffice","$v":"Fax práce"},{"$i":"faxOther","$v":"Fax ostatní"},{"$i":"another","$v":"Další"},{"$i":"other","$v":"Ostatní"},{"$i":"today","$v":"dnes"},{"$i":"yesterday","$v":"včera"},{"$i":"incorrectDate","$v":"(neplatné datum)"},{"$i":"addToExistingContact","$v":"Přidat k existujícímu kontaktu"},{"$i":"createNewContact","$v":"Vytvořit nový kontakt"},{"$i":"viewContact","$v":"Zobrazit kontakt"},{"$i":"call","$v":"Vytočit"},{"$i":"sendEmail","$v":"Odeslat e-mail"},{"$i":"mms-message","$v":"MMS zpráva"},{"$i":"notDownloaded-title","$v":"Zpráva ještě nebyla stažena. "},{"$i":"tobedownloaded-attachment","$v":["Obdržel/a jste multimediální zprávu. Pro její stažení použijte do ",{"t":"idOrVar","v":"date"}," link níže."]},{"$i":"expired-attachment","$v":["Omlouváme se, ale zpráva nemůže být stažena, protože její platnost vypršela dne ",{"t":"idOrVar","v":"date"}," "]},{"$i":"download-attachment","$v":"stažení"},{"$i":"downloading-attachment","$v":"probíhá stahování"},{"$i":"unnamed-attachment","$v":"nepojmenovaná"},{"$i":"mms-label","$v":"MMS"},{"$i":"attached-files-too-large","$v":{"zero":["The files you have selected exceed the ",{"t":"idOrVar","v":"mmsSize"}," KB size limit of a single multimedia message."],"one":["The file you have selected exceeds the ",{"t":"idOrVar","v":"mmsSize"}," KB size limit of a single multimedia message."],"two":["The files you have selected exceed the ",{"t":"idOrVar","v":"mmsSize"}," KB size limit of a single multimedia message."],"few":["The files you have selected exceed the ",{"t":"idOrVar","v":"mmsSize"}," KB size limit of a single multimedia message."],"many":["The files you have selected exceed the ",{"t":"idOrVar","v":"mmsSize"}," KB size limit of a single multimedia message."],"other":["The files you have selected exceed the ",{"t":"idOrVar","v":"mmsSize"}," KB size limit of a single multimedia message."]},"$x":[{"t":"idOrVar","v":"plural"},"n"]},{"$i":"resize-image","$v":"Změna velikosti přiloženého obrázku"},{"$i":"no-attachment-text","$v":"Vyskytl se problém s přiloženým souborem. Nemůže být stažen."},{"$i":"message-draft-saved","$v":"Zpráva uložena jako koncept"},{"$i":"sim-id-label","$v":["SIM ",{"t":"idOrVar","v":"id"}]},{"$i":"sim-detail","$v":["SIM ",{"t":"idOrVar","v":"id"},", ",{"t":"idOrVar","v":"detailString"}]},{"$i":"dsds-notification-title-with-sim","$v":["(",{"t":"idOrVar","v":"sim"},") ",{"t":"idOrVar","v":"sender"}]},{"$i":"send-button","ariaLabel":"Odeslat"},{"$i":"send-button-sim-indication","$v":[{"t":"idOrVar","v":"n"}],"ariaLabel":["používána SIM karta ",{"t":"idOrVar","v":"n"}]},{"$i":"expiry-date-format","$v":"%A %e. %B "},{"$i":"attach-button","ariaLabel":"Přidat přílohu"},{"$i":"contact-photo","ariaLabel":"Fotografie kontaktu"},{"$i":"unread-thread","ariaLabel":"Nepřečteno"},{"$i":"has-draft","ariaLabel":"Má koncept"},{"$i":"is-draft","ariaLabel":"Koncept"},{"$i":"message-delivery-status-sending","$v":"Odesílání..."},{"$i":"message-delivery-status-delivered","ariaLabel":"Doručeno"},{"$i":"message-delivery-status-read","ariaLabel":"Přečteno"},{"$i":"message-delivery-status-error","ariaLabel":"Chyba"},{"$i":"modal-dialog-ok-button","$v":"OK"},{"$i":"modal-dialog-cancel-button","$v":"Cancel"},{"$i":"modal-dialog-default-title","$v":"Messages"},{"$i":"weekday-0-long","$v":"Neděle"},{"$i":"weekday-1-long","$v":"Pondělí"},{"$i":"weekday-2-long","$v":"Úterý"},{"$i":"weekday-3-long","$v":"Středa"},{"$i":"weekday-4-long","$v":"Čtvrtek"},{"$i":"weekday-5-long","$v":"Pátek"},{"$i":"weekday-6-long","$v":"Sobota"},{"$i":"weekday-0-short","$v":"Ne"},{"$i":"weekday-1-short","$v":"Po"},{"$i":"weekday-2-short","$v":"Út"},{"$i":"weekday-3-short","$v":"St"},{"$i":"weekday-4-short","$v":"Čt"},{"$i":"weekday-5-short","$v":"Pá"},{"$i":"weekday-6-short","$v":"So"},{"$i":"month-0-long","$v":"Leden"},{"$i":"month-1-long","$v":"Únor"},{"$i":"month-2-long","$v":"Březen"},{"$i":"month-3-long","$v":"Duben"},{"$i":"month-4-long","$v":"Květen"},{"$i":"month-5-long","$v":"Červen"},{"$i":"month-6-long","$v":"Červenec"},{"$i":"month-7-long","$v":"Srpen"},{"$i":"month-8-long","$v":"Září"},{"$i":"month-9-long","$v":"Říjen"},{"$i":"month-10-long","$v":"Listopad"},{"$i":"month-11-long","$v":"Prosinec"},{"$i":"month-0-genitive","$v":"Leden"},{"$i":"month-1-genitive","$v":"Únor"},{"$i":"month-2-genitive","$v":"Březen"},{"$i":"month-3-genitive","$v":"Duben"},{"$i":"month-4-genitive","$v":"Květen"},{"$i":"month-5-genitive","$v":"Červen"},{"$i":"month-6-genitive","$v":"Červenec"},{"$i":"month-7-genitive","$v":"Srpen"},{"$i":"month-8-genitive","$v":"Září"},{"$i":"month-9-genitive","$v":"Říjen"},{"$i":"month-10-genitive","$v":"Listopad"},{"$i":"month-11-genitive","$v":"Prosinec"},{"$i":"month-0-short","$v":"leden"},{"$i":"month-1-short","$v":"únor"},{"$i":"month-2-short","$v":"březen"},{"$i":"month-3-short","$v":"duben"},{"$i":"month-4-short","$v":"květen"},{"$i":"month-5-short","$v":"červen"},{"$i":"month-6-short","$v":"červenec"},{"$i":"month-7-short","$v":"srpen"},{"$i":"month-8-short","$v":"září"},{"$i":"month-9-short","$v":"říjen"},{"$i":"month-10-short","$v":"listopad"},{"$i":"month-11-short","$v":"prosinec"},{"$i":"minutes-ago-long","$v":{"zero":"právě teď","one":"před minutou","two":"před 2 minutami","few":["před ",{"t":"idOrVar","v":"value"}," minutami"],"many":["před ",{"t":"idOrVar","v":"value"}," minutami"],"other":["před ",{"t":"idOrVar","v":"value"}," minutami"]},"$x":[{"t":"idOrVar","v":"plural"},"value"]},{"$i":"hours-ago-long","$v":{"zero":"právě teď","one":"před hodinou","two":"před 2 hodinami","few":["před ",{"t":"idOrVar","v":"value"}," hodinami"],"many":["před ",{"t":"idOrVar","v":"value"}," hodinami"],"other":["před ",{"t":"idOrVar","v":"value"}," hodinami"]},"$x":[{"t":"idOrVar","v":"plural"},"value"]},{"$i":"days-ago-long","$v":{"zero":"dnes","one":"včera","two":"předevčírem","few":["před ",{"t":"idOrVar","v":"value"}," dny"],"many":["před ",{"t":"idOrVar","v":"value"}," dny"],"other":["před ",{"t":"idOrVar","v":"value"}," dny"]},"$x":[{"t":"idOrVar","v":"plural"},"value"]},{"$i":"weeks-ago-long","$v":{"zero":"tento týden","one":"minutý týden","two":["před ",{"t":"idOrVar","v":"value"}," týdny"],"few":["před ",{"t":"idOrVar","v":"value"}," týdny"],"many":["před ",{"t":"idOrVar","v":"value"}," týdny"],"other":["před ",{"t":"idOrVar","v":"value"}," týdny"]},"$x":[{"t":"idOrVar","v":"plural"},"value"]},{"$i":"months-ago-long","$v":{"zero":"tento měsíc","one":"minulý měsíc","two":["před ",{"t":"idOrVar","v":"value"}," měsíci"],"few":["před ",{"t":"idOrVar","v":"value"}," měsíci"],"many":["před ",{"t":"idOrVar","v":"value"}," měsíci"],"other":["před ",{"t":"idOrVar","v":"value"}," měsíci"]},"$x":[{"t":"idOrVar","v":"plural"},"value"]},{"$i":"years-ago-long","$v":{"zero":"tento rok","one":"minulý rok","two":["před ",{"t":"idOrVar","v":"value"}," roky"],"few":["před ",{"t":"idOrVar","v":"value"}," roky"],"many":["před ",{"t":"idOrVar","v":"value"}," roky"],"other":["před ",{"t":"idOrVar","v":"value"}," roky"]},"$x":[{"t":"idOrVar","v":"plural"},"value"]},{"$i":"minutes-until-long","$v":{"zero":"nyní","one":"za minutu","two":"za 2 minuty","few":["za ",{"t":"idOrVar","v":"value"}," minuty"],"many":["za ",{"t":"idOrVar","v":"value"}," minut"],"other":["za ",{"t":"idOrVar","v":"value"}," minut"]},"$x":[{"t":"idOrVar","v":"plural"},"value"]},{"$i":"hours-until-long","$v":{"zero":"nyní","one":"za hodinu","two":"za 2 hodiny","few":["za ",{"t":"idOrVar","v":"value"}," hodiny"],"many":["za ",{"t":"idOrVar","v":"value"}," hodin"],"other":["za ",{"t":"idOrVar","v":"value"}," hodin"]},"$x":[{"t":"idOrVar","v":"plural"},"value"]},{"$i":"days-until-long","$v":{"zero":"dnes","one":"zítra","two":"pozítří","few":["za ",{"t":"idOrVar","v":"value"}," dny"],"many":["za ",{"t":"idOrVar","v":"value"}," dnů"],"other":["za ",{"t":"idOrVar","v":"value"}," dnů"]},"$x":[{"t":"idOrVar","v":"plural"},"value"]},{"$i":"weeks-until-long","$v":{"zero":"tento týden","one":"příští týden","two":["za ",{"t":"idOrVar","v":"value"}," týdny"],"few":["za ",{"t":"idOrVar","v":"value"}," týdny"],"many":["za ",{"t":"idOrVar","v":"value"}," týdnů"],"other":["za ",{"t":"idOrVar","v":"value"}," týdnů"]},"$x":[{"t":"idOrVar","v":"plural"},"value"]},{"$i":"months-until-long","$v":{"zero":"tento měsíc","one":"příští měsíc","two":["za ",{"t":"idOrVar","v":"value"}," měsíce"],"few":["za ",{"t":"idOrVar","v":"value"}," měsíce"],"many":["za ",{"t":"idOrVar","v":"value"}," měsíců"],"other":["za ",{"t":"idOrVar","v":"value"}," měsíců"]},"$x":[{"t":"idOrVar","v":"plural"},"value"]},{"$i":"years-until-long","$v":{"zero":"tento rok","one":"příští rok","two":["za ",{"t":"idOrVar","v":"value"}," roky"],"few":["za ",{"t":"idOrVar","v":"value"}," roky"],"many":["za ",{"t":"idOrVar","v":"value"}," roků"],"other":["za ",{"t":"idOrVar","v":"value"}," roků"]},"$x":[{"t":"idOrVar","v":"plural"},"value"]},{"$i":"minutes-ago-short","$v":{"zero":"právě teď","other":["před ",{"t":"idOrVar","v":"value"}," min"]},"$x":[{"t":"idOrVar","v":"plural"},"value"]},{"$i":"hours-ago-short","$v":{"zero":"právě teď","other":["před ",{"t":"idOrVar","v":"value"}," hod"]},"$x":[{"t":"idOrVar","v":"plural"},"value"]},{"$i":"days-ago-short","$v":{"zero":"dnes","other":["před ",{"t":"idOrVar","v":"value"}," dny"]},"$x":[{"t":"idOrVar","v":"plural"},"value"]},{"$i":"minutes-until-short","$v":{"zero":"nyní","other":["za ",{"t":"idOrVar","v":"value"}," min"]},"$x":[{"t":"idOrVar","v":"plural"},"value"]},{"$i":"hours-until-short","$v":{"zero":"nyní","other":["za ",{"t":"idOrVar","v":"value"}," hod"]},"$x":[{"t":"idOrVar","v":"plural"},"value"]},{"$i":"days-until-short","$v":{"zero":"dnes","other":["za ",{"t":"idOrVar","v":"value"}," dny"]},"$x":[{"t":"idOrVar","v":"plural"},"value"]},{"$i":"dateTimeFormat_%c","$v":"%a %e. %b %Y %H:%M:%S"},{"$i":"dateTimeFormat_%x","$v":"%e. %m. %Y"},{"$i":"dateTimeFormat_%X","$v":"%H:%M:%S"},{"$i":"shortTimeFormat","$v":"%H:%M"},{"$i":"shortTimeFormat12","$v":"%I:%M"},{"$i":"shortTimeFormat24","$v":"%H:%M"},{"$i":"shortDateTimeFormat","$v":"%x %H:%M"},{"$i":"weekStartsOnMonday","$v":"1"},{"$i":"firstDayOfTheWeek","$v":"0"},{"$i":"time_am","$v":"AM"},{"$i":"time_pm","$v":"PM"},{"$i":"gaia-menu-cancel","$v":"Zrušit"},{"$i":"gaia-sim-picker-dial-via-with-number","$v":["Vytočit ",{"t":"idOrVar","v":"phoneNumber"}," pomocí"]},{"$i":"gaia-sim-picker-select-sim","$v":"Zvolit SIM"},{"$i":"gaia-sim-picker-button","$v":["SIM",{"t":"idOrVar","v":"n"}]},{"$i":"gaia-sim-picker-button-default","$v":"(default)"}]