[{"$i":"messages","$v":"Beskeder"},{"$i":"deleteMessages-title","$v":"Slet beskeder"},{"$i":"selectThreads-title","$v":"Marker"},{"$i":"edit","$v":"Rediger"},{"$i":"back","$v":"Tilbage"},{"$i":"cancel","$v":"Annuller"},{"$i":"undo","$v":"Fortryd"},{"$i":"done","$v":"Færdig"},{"$i":"delete","$v":"Slet"},{"$i":"delete-thread","$v":"Delete thread"},{"$i":"mark-as-read","$v":"Mark as read"},{"$i":"mark-as-unread","$v":"Mark as unread"},{"$i":"deleting-messages","$v":"Sletter…"},{"$i":"select-all","$v":"Marker alle"},{"$i":"deselect-all","$v":"Fjern markeringer"},{"$i":"selected-threads","$v":{"zero":"ingen markeret","one":[{"t":"idOrVar","v":"n"}," markeret"],"two":[{"t":"idOrVar","v":"n"}," markeret"],"few":[{"t":"idOrVar","v":"n"}," markeret"],"many":[{"t":"idOrVar","v":"n"}," markeret"],"other":[{"t":"idOrVar","v":"n"}," markeret"]},"$x":[{"t":"idOrVar","v":"plural"},"n"]},{"$i":"selected-messages","$v":{"zero":"ingen markeret","one":[{"t":"idOrVar","v":"n"}," markeret"],"two":[{"t":"idOrVar","v":"n"}," markeret"],"few":[{"t":"idOrVar","v":"n"}," markeret"],"many":[{"t":"idOrVar","v":"n"}," markeret"],"other":[{"t":"idOrVar","v":"n"}," markeret"]},"$x":[{"t":"idOrVar","v":"plural"},"n"]},{"$i":"selectThreads-label","$v":"Marker tråde"},{"$i":"selectMessages-label","$v":"Marker beskeder"},{"$i":"settings","$v":"Indstillinger"},{"$i":"add-subject","$v":"Tilføj emne"},{"$i":"remove-subject","$v":"Fjern emne"},{"$i":"to","$v":"Til:"},{"$i":"new","$v":"Ny"},{"$i":"message","$v":"Besked"},{"$i":"messagesInput_placeholder","$v":"Besked"},{"$i":"messagesSubjectInput_placeholder","$v":"Emne"},{"$i":"converted-to-mms","$v":"Konverterer til MMS-besked."},{"$i":"converted-to-sms","$v":"Konverterer til SMS-besked."},{"$i":"messages-max-length-text","$v":"Du er nået til den maksimale længde."},{"$i":"messages-max-subject-length-text","$v":"Den maksimale længde er nået."},{"$i":"multimedia-message-exceeded-max-length","$v":["Du har overskredet den maksimale ",{"t":"idOrVar","v":"mmsSize"}," KB-størrelse for en MMS. Du skal fjerne vedhæftede filer eller gøre beskeden kortere for at kunne sende den."]},{"$i":"newMessage","$v":"Ny besked"},{"$i":"sendMessage","$v":"Send besked"},{"$i":"sendMMSToEmail","$v":"Send multimediebesked"},{"$i":"no-recipient","$v":"(Ingen modtager)"},{"$i":"recipient","$v":{"one":[{"t":"idOrVar","v":"n"}," modtager"],"two":[{"t":"idOrVar","v":"n"}," modtagere"],"few":[{"t":"idOrVar","v":"n"}," modtagere"],"many":[{"t":"idOrVar","v":"n"}," modtagere"],"other":[{"t":"idOrVar","v":"n"}," modtagere"]},"$x":[{"t":"idOrVar","v":"plural"},"n"]},{"$i":"attachmentSizeB","$v":[{"t":"idOrVar","v":"n"}," B"]},{"$i":"attachmentSizeKB","$v":[{"t":"idOrVar","v":"n"}," KB"]},{"$i":"attachmentSizeMB","$v":[{"t":"idOrVar","v":"n"}," MB"]},{"$i":"attachmentOpenError","$v":"Der er ikke tilknyttet et program til at åbne denne filtype."},{"$i":"remove","$v":"Fjern"},{"$i":"participant","$v":{"one":[{"t":"idOrVar","v":"n"}," deltager"],"two":[{"t":"idOrVar","v":"n"}," deltagere"],"few":[{"t":"idOrVar","v":"n"}," deltagere"],"many":[{"t":"idOrVar","v":"n"}," deltagere"],"other":[{"t":"idOrVar","v":"n"}," deltagere"]},"$x":[{"t":"idOrVar","v":"plural"},"n"]},{"$i":"message-report","$v":"Beskedrapport"},{"$i":"message-type-sms","$v":"Tekstbesked (SMS)"},{"$i":"message-type-mms","$v":"Multimediebesked (MMS)"},{"$i":"sms-report-description","$v":["Din tekstbesked (SMS) blev sendt ",{"t":"idOrVar","v":"datetime"}]},{"$i":"mms-report-description","$v":["Din multimediebesked (MMS) med emnet ",{"t":"idOrVar","v":"subject"}," blev sendt ",{"t":"idOrVar","v":"datetime"}]},{"$i":"mms-no-subject-report-description","$v":["Din multimediebesked (MMS) blev sendt ",{"t":"idOrVar","v":"datetime"}]},{"$i":"message-subject","$v":"Emne:"},{"$i":"report-status-error","$v":"Besked kunne ikke sendes"},{"$i":"report-status-not-downloaded","$v":"ikke hentet"},{"$i":"report-status-delivered","$v":"Sendt:"},{"$i":"report-status-read","$v":"Læst:"},{"$i":"report-status-pending","$v":"Rapport forespurgt"},{"$i":"report-status-rejected","$v":"Besked afvist"},{"$i":"message-size-was","$v":"Beskedstørrelse:"},{"$i":"report-dateTimeFormat12","$v":["%e %B %Y, ",{"t":"idOrVar","v":"shortTimeFormat12"}]},{"$i":"report-dateTimeFormat24","$v":["%e %B %Y, ",{"t":"idOrVar","v":"shortTimeFormat24"}]},{"$i":"report-to-title","$v":"Til"},{"$i":"report-from-title","$v":"Fra"},{"$i":"message-sent","$v":"Sendt:"},{"$i":"message-sending","$v":[{"t":"idOrVar","v":"message-delivery-status-sending"}]},{"$i":"message-received","$v":"Modtaget:"},{"$i":"message-via","$v":"Via:"},{"$i":"message-resend","$v":"Send igen"},{"$i":"search","$v":"Søg"},{"$i":"unknown-contact-title","$v":"Ukendt kontakt"},{"$i":"phone-type-separator","$v":", "},{"$i":"phone-carrier-separator","$v":" "},{"$i":"thread-participant-separator","$v":", "},{"$i":"replace-draft","$v":"Erstat nuværende kladde"},{"$i":"save-as-draft","$v":"Gem som kladde"},{"$i":"discard-message","$v":"Slet"},{"$i":"discard-sms","$v":"Er du sikker på, at du vil slette denne besked?"},{"$i":"discard-new-message","$v":"Slet beskeden, som du er ved at redigere, og åbn den nye besked?"},{"$i":"resend-confirmation","$v":"Beskeden kunne ikke sendes. Prøv igen?"},{"$i":"resend-message","$v":"Send denne besked igen"},{"$i":"deleteMessage-confirmation","$v":"Slet den markerede besked?"},{"$i":"deleteMessages-confirmation-message","$v":{"zero":"Please select messages to be deleted.","one":"Delete selected message?","two":["Delete ",{"t":"idOrVar","v":"n"}," selected messages?"],"few":["Delete ",{"t":"idOrVar","v":"n"}," selected messages?"],"many":["Delete ",{"t":"idOrVar","v":"n"}," selected messages?"],"other":["Delete ",{"t":"idOrVar","v":"n"}," selected messages?"]},"$x":[{"t":"idOrVar","v":"plural"},"n"]},{"$i":"deleteThreads-confirmation-message","$v":{"zero":"Please select message threads to be deleted.","one":"Delete selected message thread?","two":["Delete ",{"t":"idOrVar","v":"n"}," selected message threads?"],"few":["Delete ",{"t":"idOrVar","v":"n"}," selected message threads?"],"many":["Delete ",{"t":"idOrVar","v":"n"}," selected message threads?"],"other":["Delete ",{"t":"idOrVar","v":"n"}," selected message threads?"]},"$x":[{"t":"idOrVar","v":"plural"},"n"]},{"$i":"new-message-notice-text","$v":"Ny besked fra"},{"$i":"new-message-notice-a-text","$v":"Læs den"},{"$i":"noMessages-title","$v":"Ingen beskeder"},{"$i":"noMessages-text","$v":"Begynd kommunikation nu"},{"$i":"sendDefaultErrorTitle","$v":"Beskeden blev ikke sendt"},{"$i":"sendDefaultErrorBody","$v":"Der opstod et problem ved afsendelse af beskeden. Prøv igen."},{"$i":"sendDefaultErrorBtnOk","$v":"OK"},{"$i":"sendMissingSimCardTitle","$v":"Intet simkort"},{"$i":"sendMissingSimCardBody","$v":"Indsæt et gyldigt simkort for at fortsætte."},{"$i":"sendMissingSimCardBtnOk","$v":"OK"},{"$i":"sendFlightModeTitle","$v":"Flytilstand aktiveret"},{"$i":"sendFlightModeBody","$v":"Slå flytilstand fra for at sende beskeder."},{"$i":"sendFlightModeBtnOk","$v":"OK"},{"$i":"radioDisabledToDownloadTitle","$v":[{"t":"idOrVar","v":"sendFlightModeTitle"}]},{"$i":"radioDisabledToDownloadBody","$v":"Slå flytilstand fra for at hente vedhæftede filer."},{"$i":"radioDisabledToDownloadBtnOk","$v":[{"t":"idOrVar","v":"sendFlightModeBtnOk"}]},{"$i":"fdnBlocked2Title","$v":"FON er aktiv"},{"$i":"sms-counter-notice-label","$v":["Redigerer SMS ",{"t":"idOrVar","v":"number"}]},{"$i":"fdnBlocked2Body","innerHTML":{"$x":[{"t":"idOrVar","v":"plural"},"n"],"$v":{"one":["FON (faste opkaldsnumre) er aktiveret. Sørg for, at SMS-centret og den følgende modtager er på din FON-liste:<br />",{"t":"idOrVar","v":"numbers"}],"two":["FON (faste opkaldsnumre) er aktiveret. Sørg for, at SMS-centret og de følgende modtagere er på din FON-liste:<br />",{"t":"idOrVar","v":"numbers"}],"few":["FON (faste opkaldsnumre) er aktiveret. Sørg for, at SMS-centret og de følgende modtagere er på din FON-liste:<br />",{"t":"idOrVar","v":"numbers"}],"many":["FON (faste opkaldsnumre) er aktiveret. Sørg for, at SMS-centret og de følgende modtagere er på din FON-liste:<br />",{"t":"idOrVar","v":"numbers"}],"other":["FON (faste opkaldsnumre) er aktiveret. Sørg for, at SMS-centret og de følgende modtagere er på din FON-liste:<br />",{"t":"idOrVar","v":"numbers"}]}}},{"$i":"fdnBlocked2BtnOk","$v":"OK"},{"$i":"switchSimToRetrieveTitle","$v":"Skift dataforbindelse"},{"$i":"switchSimToRetrieveBody","$v":["Skift dataforbindelse til simkort ",{"t":"idOrVar","v":"nonActiveSimId"}," for at modtage MMS'en. Den nuværende dataoverførsel på simkort ",{"t":"idOrVar","v":"activeSimId"}," vil blive afbrudt. Fortsæt alligevel?"]},{"$i":"switchSimToRetrieveBtnOk","$v":"Senere"},{"$i":"switchSimToRetrieveConfirm","$v":"OK"},{"$i":"switchSimToSendTitle","$v":[{"t":"idOrVar","v":"switchSimToRetrieveTitle"}]},{"$i":"switchSimToSendBody","$v":["Skift dataforbindelse til simkort ",{"t":"idOrVar","v":"nonActiveSimId"}," for at sende MMS'en. Den nuværende dataforbindese på simkort ",{"t":"idOrVar","v":"activeSimId"}," vil blive afbrudt. Fortsæt?"]},{"$i":"switchSimToSendBtnOk","$v":[{"t":"idOrVar","v":"switchSimToRetrieveBtnOk"}]},{"$i":"switchSimToSendConfirm","$v":[{"t":"idOrVar","v":"switchSimToRetrieveConfirm"}]},{"$i":"sendNoSignalErrorTitle","$v":"Ingen netværksforbindelse"},{"$i":"sendNoSignalErrorBody","$v":"Kontroller, at du har mobilsignal, og prøv igen."},{"$i":"sendNoSignalErrorBtnOk","$v":"OK"},{"$i":"sendNotFoundErrorTitle","$v":"Besked ikke fundet"},{"$i":"sendNotFoundErrorBody","$v":"Beskeden er ikke længere tilgængelig."},{"$i":"sendNotFoundErrorBtnOk","$v":"OK"},{"$i":"sendInvalidAddressErrorTitle","$v":"Ugyldigt nummer"},{"$i":"sendInvalidAddressErrorBody","$v":"Kontroller, at du sender til er gyldigt mobilnummer."},{"$i":"sendInvalidAddressErrorBtnOk","$v":"OK"},{"$i":"simNotMatchedErrorTitle","$v":"Kan ikke hente"},{"$i":"simNotMatchedErrorBody","$v":"Kontroller, at det indsatte simkort bruges til at modtage denne besked."},{"$i":"simNotMatchedErrorBtnOk","$v":"OK"},{"$i":"deleted-sms","$v":"Denne besked er allerede slettet."},{"$i":"view-attachment-image","$v":"Vis"},{"$i":"view-attachment-audio","$v":"Afspil"},{"$i":"view-attachment-video","$v":"Vis"},{"$i":"view-attachment-other","$v":"Vis"},{"$i":"remove-attachment-image","$v":"Fjern billede"},{"$i":"remove-attachment-audio","$v":"Fjern lyd"},{"$i":"remove-attachment-video","$v":"Fjern video"},{"$i":"remove-attachment-other","$v":"Fjern vedhæftet fil"},{"$i":"replace-attachment-image","$v":"Erstat billede"},{"$i":"replace-attachment-audio","$v":"Erstat lyd"},{"$i":"replace-attachment-video","$v":"Erstat video"},{"$i":"replace-attachment-other","$v":"Erstat vedhæftet fil"},{"$i":"unsent-message-title","$v":"Besked ikke sendt"},{"$i":"unsent-message-text","$v":"Your previous message was not sent. Do you want to discard the unsent message and continue?"},{"$i":"unsent-message-option-edit","$v":"Rediger"},{"$i":"unsent-message-option-discard","$v":"Slet"},{"$i":"message-options","$v":"Indstillinger for beskeder"},{"$i":"thread-options","$v":"Thread options"},{"$i":"forward","$v":"Videresend"},{"$i":"view-message-report","$v":"Vis beskedrapport"},{"$i":"select-text","$v":"Markér tekst"},{"$i":"mobile","$v":"Mobil"},{"$i":"home","$v":"Hjem"},{"$i":"work","$v":"Arbejde"},{"$i":"personal","$v":"Privat"},{"$i":"faxHome","$v":"Fax, hjemme"},{"$i":"faxOffice","$v":"Fax, kontor"},{"$i":"faxOther","$v":"Fax, anden"},{"$i":"another","$v":"Anden"},{"$i":"other","$v":"Andet"},{"$i":"today","$v":"i dag"},{"$i":"yesterday","$v":"i går"},{"$i":"incorrectDate","$v":"(forkert dato)"},{"$i":"addToExistingContact","$v":"Føj til en eksisterende kontakt"},{"$i":"createNewContact","$v":"Opret ny kontakt"},{"$i":"viewContact","$v":"Vis kontakt"},{"$i":"call","$v":"Ring op"},{"$i":"sendEmail","$v":"Send mail"},{"$i":"mms-message","$v":"MMS-besked"},{"$i":"notDownloaded-title","$v":"Beskeden er endnu ikke hentet."},{"$i":"tobedownloaded-attachment","$v":["Du har modtaget en multimediebesked. Du kan bruge nedenstående link til at hente indholdet indtil ",{"t":"idOrVar","v":"date"},"."]},{"$i":"expired-attachment","$v":["Beskeden kan ikke hentes, da den udløb ",{"t":"idOrVar","v":"date"},"."]},{"$i":"download-attachment","$v":"Hent"},{"$i":"downloading-attachment","$v":"Henter…"},{"$i":"unnamed-attachment","$v":"Intet navn"},{"$i":"mms-label","$v":"MMS"},{"$i":"attached-files-too-large","$v":{"zero":["Den valgte fil overskrider grænsen på ",{"t":"idOrVar","v":"mmsSize"}," KB for en MMS."],"one":["Den valgte fil overskrider grænsen på ",{"t":"idOrVar","v":"mmsSize"}," KB for en MMS."],"two":["De valgte filer overskrider grænsen på ",{"t":"idOrVar","v":"mmsSize"}," KB for en MMS."],"few":["De valgte filer overskrider grænsen på ",{"t":"idOrVar","v":"mmsSize"}," KB for en MMS."],"many":["De valgte filer overskrider grænsen på ",{"t":"idOrVar","v":"mmsSize"}," KB for en MMS."],"other":["De valgte filer overskrider grænsen på ",{"t":"idOrVar","v":"mmsSize"}," KB for en MMS."]},"$x":[{"t":"idOrVar","v":"plural"},"n"]},{"$i":"resize-image","$v":"Ændrer størrelse på det vedhæftede billede"},{"$i":"no-attachment-text","$v":"Der er et problem med den vedhæftede fil, og den kan ikke hentes."},{"$i":"message-draft-saved","$v":"Besked gemt som kladde"},{"$i":"sim-id-label","$v":["Sim ",{"t":"idOrVar","v":"id"}]},{"$i":"sim-detail","$v":["SIM ",{"t":"idOrVar","v":"id"},", ",{"t":"idOrVar","v":"detailString"}]},{"$i":"dsds-notification-title-with-sim","$v":["(",{"t":"idOrVar","v":"sim"},") ",{"t":"idOrVar","v":"sender"}]},{"$i":"send-button","ariaLabel":"Send"},{"$i":"send-button-sim-indication","$v":[{"t":"idOrVar","v":"n"}],"ariaLabel":["bruger simkort ",{"t":"idOrVar","v":"n"}]},{"$i":"expiry-date-format","$v":"%A d. %e. %b"},{"$i":"attach-button","ariaLabel":"Tilføj vedhæftet fil"},{"$i":"contact-photo","ariaLabel":"Kontaktbillede"},{"$i":"unread-thread","ariaLabel":"Ulæst"},{"$i":"has-draft","ariaLabel":"Har kladde"},{"$i":"is-draft","ariaLabel":"Kladde"},{"$i":"message-delivery-status-sending","$v":"Sender…"},{"$i":"message-delivery-status-delivered","ariaLabel":"Leveret"},{"$i":"message-delivery-status-read","ariaLabel":"Læst"},{"$i":"message-delivery-status-error","ariaLabel":"Fejl"},{"$i":"modal-dialog-ok-button","$v":"OK"},{"$i":"modal-dialog-cancel-button","$v":"Annuller"},{"$i":"modal-dialog-default-title","$v":"Beskeder"},{"$i":"weekday-0-long","$v":"Søndag"},{"$i":"weekday-1-long","$v":"Mandag"},{"$i":"weekday-2-long","$v":"Tirsdag"},{"$i":"weekday-3-long","$v":"Onsdag"},{"$i":"weekday-4-long","$v":"Torsdag"},{"$i":"weekday-5-long","$v":"Fredag"},{"$i":"weekday-6-long","$v":"Lørdag"},{"$i":"weekday-0-short","$v":"Søn"},{"$i":"weekday-1-short","$v":"Man"},{"$i":"weekday-2-short","$v":"Tir"},{"$i":"weekday-3-short","$v":"Ons"},{"$i":"weekday-4-short","$v":"Tor"},{"$i":"weekday-5-short","$v":"Fre"},{"$i":"weekday-6-short","$v":"Lør"},{"$i":"month-0-long","$v":"Januar"},{"$i":"month-1-long","$v":"Februar"},{"$i":"month-2-long","$v":"Marts"},{"$i":"month-3-long","$v":"April"},{"$i":"month-4-long","$v":"Maj"},{"$i":"month-5-long","$v":"Juni"},{"$i":"month-6-long","$v":"Juli"},{"$i":"month-7-long","$v":"August"},{"$i":"month-8-long","$v":"September"},{"$i":"month-9-long","$v":"Oktober"},{"$i":"month-10-long","$v":"November"},{"$i":"month-11-long","$v":"December"},{"$i":"month-0-genitive","$v":"januar"},{"$i":"month-1-genitive","$v":"februar"},{"$i":"month-2-genitive","$v":"marts"},{"$i":"month-3-genitive","$v":"april"},{"$i":"month-4-genitive","$v":"maj"},{"$i":"month-5-genitive","$v":"juni"},{"$i":"month-6-genitive","$v":"juli"},{"$i":"month-7-genitive","$v":"august"},{"$i":"month-8-genitive","$v":"september"},{"$i":"month-9-genitive","$v":"oktober"},{"$i":"month-10-genitive","$v":"november"},{"$i":"month-11-genitive","$v":"december"},{"$i":"month-0-short","$v":"Jan"},{"$i":"month-1-short","$v":"Feb"},{"$i":"month-2-short","$v":"Mar"},{"$i":"month-3-short","$v":"Apr"},{"$i":"month-4-short","$v":"Maj"},{"$i":"month-5-short","$v":"Jun"},{"$i":"month-6-short","$v":"Jul"},{"$i":"month-7-short","$v":"Aug"},{"$i":"month-8-short","$v":"Sep"},{"$i":"month-9-short","$v":"Okt"},{"$i":"month-10-short","$v":"Nov"},{"$i":"month-11-short","$v":"Dec"},{"$i":"minutes-ago-long","$v":{"zero":"nu","one":"for et minut siden","two":["for ",{"t":"idOrVar","v":"value"}," minutter siden"],"few":["for ",{"t":"idOrVar","v":"value"}," minutter siden"],"many":["for ",{"t":"idOrVar","v":"value"}," minutter siden"],"other":["for ",{"t":"idOrVar","v":"value"}," minutter siden"]},"$x":[{"t":"idOrVar","v":"plural"},"value"]},{"$i":"hours-ago-long","$v":{"zero":"nu","one":"for en time siden","two":["for ",{"t":"idOrVar","v":"value"}," timer siden"],"few":["for ",{"t":"idOrVar","v":"value"}," timer siden"],"many":["for ",{"t":"idOrVar","v":"value"}," timer siden"],"other":["for ",{"t":"idOrVar","v":"value"}," timer siden"]},"$x":[{"t":"idOrVar","v":"plural"},"value"]},{"$i":"days-ago-long","$v":{"zero":"i dag","one":"i går","two":["for ",{"t":"idOrVar","v":"value"}," dage siden"],"few":["for ",{"t":"idOrVar","v":"value"}," dage siden"],"many":["for ",{"t":"idOrVar","v":"value"}," dage siden"],"other":["for ",{"t":"idOrVar","v":"value"}," dage siden"]},"$x":[{"t":"idOrVar","v":"plural"},"value"]},{"$i":"weeks-ago-long","$v":{"zero":"denne uge","one":"sidste uge","two":["for ",{"t":"idOrVar","v":"value"}," uger siden"],"few":["for ",{"t":"idOrVar","v":"value"}," uger siden"],"many":["for ",{"t":"idOrVar","v":"value"}," uger siden"],"other":["for ",{"t":"idOrVar","v":"value"}," uger siden"]},"$x":[{"t":"idOrVar","v":"plural"},"value"]},{"$i":"months-ago-long","$v":{"zero":"denne måned","one":"sidste måned","two":["for ",{"t":"idOrVar","v":"value"}," måneder siden"],"few":["for ",{"t":"idOrVar","v":"value"}," måneder siden"],"many":["for ",{"t":"idOrVar","v":"value"}," måneder siden"],"other":["for ",{"t":"idOrVar","v":"value"}," måneder siden"]},"$x":[{"t":"idOrVar","v":"plural"},"value"]},{"$i":"years-ago-long","$v":{"zero":"dette år","one":"sidste år","two":["for ",{"t":"idOrVar","v":"value"}," år siden"],"few":["for ",{"t":"idOrVar","v":"value"}," år siden"],"many":["for ",{"t":"idOrVar","v":"value"}," år siden"],"other":["for ",{"t":"idOrVar","v":"value"}," år siden"]},"$x":[{"t":"idOrVar","v":"plural"},"value"]},{"$i":"minutes-until-long","$v":{"zero":"nu","one":"om et minut","two":["om ",{"t":"idOrVar","v":"value"}," minutter"],"few":["om ",{"t":"idOrVar","v":"value"}," minutter"],"many":["om ",{"t":"idOrVar","v":"value"}," minutter"],"other":["om ",{"t":"idOrVar","v":"value"}," minutter"]},"$x":[{"t":"idOrVar","v":"plural"},"value"]},{"$i":"hours-until-long","$v":{"zero":"nu","one":"om en time","two":["om ",{"t":"idOrVar","v":"value"}," timer"],"few":["om ",{"t":"idOrVar","v":"value"}," timer"],"many":["om ",{"t":"idOrVar","v":"value"}," timer"],"other":["om ",{"t":"idOrVar","v":"value"}," timer"]},"$x":[{"t":"idOrVar","v":"plural"},"value"]},{"$i":"days-until-long","$v":{"zero":"i dag","one":"i morgen","two":["om ",{"t":"idOrVar","v":"value"}," dage"],"few":["om ",{"t":"idOrVar","v":"value"}," dage"],"many":["om ",{"t":"idOrVar","v":"value"}," dage"],"other":["om ",{"t":"idOrVar","v":"value"}," dage"]},"$x":[{"t":"idOrVar","v":"plural"},"value"]},{"$i":"weeks-until-long","$v":{"zero":"denne uge","one":"næste uge","two":["om ",{"t":"idOrVar","v":"value"}," uger"],"few":["om ",{"t":"idOrVar","v":"value"}," uger"],"many":["om ",{"t":"idOrVar","v":"value"}," uger"],"other":["om ",{"t":"idOrVar","v":"value"}," uger"]},"$x":[{"t":"idOrVar","v":"plural"},"value"]},{"$i":"months-until-long","$v":{"zero":"denne måned","one":"næste måned","two":["om ",{"t":"idOrVar","v":"value"}," måneder"],"few":["om ",{"t":"idOrVar","v":"value"}," måneder"],"many":["om ",{"t":"idOrVar","v":"value"}," måneder"],"other":["om ",{"t":"idOrVar","v":"value"}," måneder"]},"$x":[{"t":"idOrVar","v":"plural"},"value"]},{"$i":"years-until-long","$v":{"zero":"i år","one":"næste år","two":["om ",{"t":"idOrVar","v":"value"}," år"],"few":["om ",{"t":"idOrVar","v":"value"}," år"],"many":["om ",{"t":"idOrVar","v":"value"}," år"],"other":["om ",{"t":"idOrVar","v":"value"}," år"]},"$x":[{"t":"idOrVar","v":"plural"},"value"]},{"$i":"minutes-ago-short","$v":{"zero":"nu","other":[{"t":"idOrVar","v":"value"}," m. siden"]},"$x":[{"t":"idOrVar","v":"plural"},"value"]},{"$i":"hours-ago-short","$v":{"zero":"nu","other":[{"t":"idOrVar","v":"value"}," t. siden"]},"$x":[{"t":"idOrVar","v":"plural"},"value"]},{"$i":"days-ago-short","$v":{"zero":"i dag","other":[{"t":"idOrVar","v":"value"}," d. siden"]},"$x":[{"t":"idOrVar","v":"plural"},"value"]},{"$i":"minutes-until-short","$v":{"zero":"nu","other":["om ",{"t":"idOrVar","v":"value"}," m."]},"$x":[{"t":"idOrVar","v":"plural"},"value"]},{"$i":"hours-until-short","$v":{"zero":"nu","other":["om ",{"t":"idOrVar","v":"value"}," t."]},"$x":[{"t":"idOrVar","v":"plural"},"value"]},{"$i":"days-until-short","$v":{"zero":"i dag","other":["om ",{"t":"idOrVar","v":"value"}," d."]},"$x":[{"t":"idOrVar","v":"plural"},"value"]},{"$i":"dateTimeFormat_%c","$v":"%a d. %e. %b %Y %H:%M:%S"},{"$i":"dateTimeFormat_%x","$v":"%d-%m-%Y"},{"$i":"dateTimeFormat_%X","$v":"%H:%M:%S"},{"$i":"shortTimeFormat","$v":"%H:%M"},{"$i":"shortTimeFormat12","$v":"%I:%M %p"},{"$i":"shortTimeFormat24","$v":"%H:%M"},{"$i":"shortDateTimeFormat","$v":"%x %H:%M"},{"$i":"weekStartsOnMonday","$v":"1"},{"$i":"firstDayOfTheWeek","$v":"1"},{"$i":"time_am","$v":"AM"},{"$i":"time_pm","$v":"PM"},{"$i":"gaia-menu-cancel","$v":"Annuller"},{"$i":"gaia-sim-picker-dial-via-with-number","$v":["Ring til ",{"t":"idOrVar","v":"phoneNumber"}," via"]},{"$i":"gaia-sim-picker-select-sim","$v":"Vælg simkort"},{"$i":"gaia-sim-picker-button","$v":["Simkort",{"t":"idOrVar","v":"n"}]},{"$i":"gaia-sim-picker-button-default","$v":"(standard)"}]