[{"$i":"messages","$v":"Nachrichten"},{"$i":"deleteMessages-title","$v":"Löschen"},{"$i":"selectThreads-title","$v":"Auswählen"},{"$i":"edit","$v":"Bearbeiten"},{"$i":"back","$v":"Zurück"},{"$i":"cancel","$v":"Abbrechen"},{"$i":"undo","$v":"Rückgängig"},{"$i":"done","$v":"Fertig"},{"$i":"delete","$v":"Löschen"},{"$i":"delete-thread","$v":"Delete thread"},{"$i":"mark-as-read","$v":"Mark as read"},{"$i":"mark-as-unread","$v":"Mark as unread"},{"$i":"deleting-messages","$v":"Nachrichten werden gelöscht…"},{"$i":"select-all","$v":"Alle auswählen"},{"$i":"deselect-all","$v":"Alle abwählen"},{"$i":"selected-threads","$v":{"zero":"Nichts ausgewählt","one":[{"t":"idOrVar","v":"n"}," ausgewählt"],"two":[{"t":"idOrVar","v":"n"}," ausgewählt"],"few":[{"t":"idOrVar","v":"n"}," ausgewählt"],"many":[{"t":"idOrVar","v":"n"}," ausgewählt"],"other":[{"t":"idOrVar","v":"n"}," ausgewählt"]},"$x":[{"t":"idOrVar","v":"plural"},"n"]},{"$i":"selected-messages","$v":{"zero":"Nichts ausgewählt","one":[{"t":"idOrVar","v":"n"}," ausgewählt"],"two":[{"t":"idOrVar","v":"n"}," ausgewählt"],"few":[{"t":"idOrVar","v":"n"}," ausgewählt"],"many":[{"t":"idOrVar","v":"n"}," ausgewählt"],"other":[{"t":"idOrVar","v":"n"}," ausgewählt"]},"$x":[{"t":"idOrVar","v":"plural"},"n"]},{"$i":"selectThreads-label","$v":"Konversationen auswählen"},{"$i":"selectMessages-label","$v":"Nachrichten auswählen"},{"$i":"settings","$v":"Einstellungen"},{"$i":"add-subject","$v":"Betreff hinzufügen"},{"$i":"remove-subject","$v":"Betreff entfernen"},{"$i":"to","$v":"An:"},{"$i":"new","$v":"Neu"},{"$i":"message","$v":"Nachricht"},{"$i":"messagesInput_placeholder","$v":"Nachricht"},{"$i":"messagesSubjectInput_placeholder","$v":"Betreff"},{"$i":"converted-to-mms","$v":"In Multimedia-Nachricht (MMS) umgewandelt"},{"$i":"converted-to-sms","$v":"In Textnachricht umgewandelt"},{"$i":"messages-max-length-text","$v":"Die maximale Länge der Nachricht wurde erreicht."},{"$i":"messages-max-subject-length-text","$v":"Die maximale Länge des Betreffs wurde erreicht."},{"$i":"multimedia-message-exceeded-max-length","$v":["Die maximale Größe von ",{"t":"idOrVar","v":"mmsSize"}," KB für eine einzelne Multimedia-Nachricht wurde überschritten. Entfernen Sie Anhänge oder kürzen Sie die Nachricht, um sie zu senden."]},{"$i":"newMessage","$v":"Neue Nachricht"},{"$i":"sendMessage","$v":"Nachricht senden"},{"$i":"sendMMSToEmail","$v":"Multimedia-Nachricht (MMS) senden"},{"$i":"no-recipient","$v":"(Kein Empfänger)"},{"$i":"recipient","$v":{"one":[{"t":"idOrVar","v":"n"}," Empfänger"],"two":[{"t":"idOrVar","v":"n"}," Empfänger"],"few":[{"t":"idOrVar","v":"n"}," Empfänger"],"many":[{"t":"idOrVar","v":"n"}," Empfänger"],"other":[{"t":"idOrVar","v":"n"}," Empfänger"]},"$x":[{"t":"idOrVar","v":"plural"},"n"]},{"$i":"attachmentSizeB","$v":[{"t":"idOrVar","v":"n"}," Bytes"]},{"$i":"attachmentSizeKB","$v":[{"t":"idOrVar","v":"n"}," KB"]},{"$i":"attachmentSizeMB","$v":[{"t":"idOrVar","v":"n"}," MB"]},{"$i":"attachmentOpenError","$v":"Keine Anwendung kann diesen Dateityp öffnen."},{"$i":"remove","$v":"Entfernen"},{"$i":"participant","$v":{"one":[{"t":"idOrVar","v":"n"}," Beteiligter"],"two":[{"t":"idOrVar","v":"n"}," Beteiligte"],"few":[{"t":"idOrVar","v":"n"}," Beteiligte"],"many":[{"t":"idOrVar","v":"n"}," Beteiligte"],"other":[{"t":"idOrVar","v":"n"}," Beteiligte"]},"$x":[{"t":"idOrVar","v":"plural"},"n"]},{"$i":"message-report","$v":"Nachrichtenstatus"},{"$i":"message-type-sms","$v":"Textnachricht (SMS)"},{"$i":"message-type-mms","$v":"Multimedia-Nachricht(MMS)"},{"$i":"sms-report-description","$v":["Die Textnachricht (SMS) wurde am ",{"t":"idOrVar","v":"datetime"}," gesendet."]},{"$i":"mms-report-description","$v":["Die Multimedia-Nachricht (MMS) (Betreff: ",{"t":"idOrVar","v":"subject"},") wurde am ",{"t":"idOrVar","v":"datetime"}," gesendet."]},{"$i":"mms-no-subject-report-description","$v":["Die Multimedia-Nachricht (MMS) wurde am ",{"t":"idOrVar","v":"datetime"}," gesendet."]},{"$i":"message-subject","$v":"Betreff:"},{"$i":"report-status-error","$v":"Nachricht konnte nicht gesendet werden"},{"$i":"report-status-not-downloaded","$v":"nicht heruntergeladen"},{"$i":"report-status-delivered","$v":"Zugestellt:"},{"$i":"report-status-read","$v":"Gelesen:"},{"$i":"report-status-pending","$v":"Status angefordert"},{"$i":"report-status-rejected","$v":"Nachricht abgewiesen"},{"$i":"message-size-was","$v":"Nachrichtengröße:"},{"$i":"report-dateTimeFormat12","$v":["%e. %B %Y um ",{"t":"idOrVar","v":"shortTimeFormat12"}]},{"$i":"report-dateTimeFormat24","$v":["%e. %B %Y um ",{"t":"idOrVar","v":"shortTimeFormat24"}]},{"$i":"report-to-title","$v":"Empfänger"},{"$i":"report-from-title","$v":"Absender"},{"$i":"message-sent","$v":"Gesendet:"},{"$i":"message-sending","$v":[{"t":"idOrVar","v":"message-delivery-status-sending"}]},{"$i":"message-received","$v":"Empfangen:"},{"$i":"message-via","$v":"Über:"},{"$i":"message-resend","$v":"Erneut senden"},{"$i":"search","$v":"Suche"},{"$i":"unknown-contact-title","$v":"Unbekannter Kontakt"},{"$i":"phone-type-separator","$v":", "},{"$i":"phone-carrier-separator","$v":", "},{"$i":"thread-participant-separator","$v":", "},{"$i":"replace-draft","$v":"Bestehenden Entwurf ersetzen"},{"$i":"save-as-draft","$v":"Als Entwurf speichern"},{"$i":"discard-message","$v":"Verwerfen"},{"$i":"discard-sms","$v":"Soll diese Nachricht wirklich verworfen werden?"},{"$i":"discard-new-message","$v":"Den derzeitigen Nachrichtenentwurf verwerfen und eine neue Nachricht erstellen?"},{"$i":"resend-confirmation","$v":"Die Nachricht konnte nicht gesendet werden. Wollen Sie es erneut versuchen?"},{"$i":"resend-message","$v":"Nachricht erneut senden"},{"$i":"deleteMessage-confirmation","$v":"Gewählte Nachricht löschen?"},{"$i":"deleteMessages-confirmation-message","$v":{"zero":"Please select messages to be deleted.","one":"Delete selected message?","two":["Delete ",{"t":"idOrVar","v":"n"}," selected messages?"],"few":["Delete ",{"t":"idOrVar","v":"n"}," selected messages?"],"many":["Delete ",{"t":"idOrVar","v":"n"}," selected messages?"],"other":["Delete ",{"t":"idOrVar","v":"n"}," selected messages?"]},"$x":[{"t":"idOrVar","v":"plural"},"n"]},{"$i":"deleteThreads-confirmation-message","$v":{"zero":"Please select message threads to be deleted.","one":"Delete selected message thread?","two":["Delete ",{"t":"idOrVar","v":"n"}," selected message threads?"],"few":["Delete ",{"t":"idOrVar","v":"n"}," selected message threads?"],"many":["Delete ",{"t":"idOrVar","v":"n"}," selected message threads?"],"other":["Delete ",{"t":"idOrVar","v":"n"}," selected message threads?"]},"$x":[{"t":"idOrVar","v":"plural"},"n"]},{"$i":"new-message-notice-text","$v":"Neue Nachricht von"},{"$i":"new-message-notice-a-text","$v":"Lesen"},{"$i":"noMessages-title","$v":"Keine Kurznachrichten vorhanden"},{"$i":"noMessages-text","$v":"Verschicken Sie jetzt Kurznachrichten"},{"$i":"sendDefaultErrorTitle","$v":"Nachricht nicht gesendet"},{"$i":"sendDefaultErrorBody","$v":"Beim Senden der Nachricht trat ein Problem auf. Bitte versuchen Sie es erneut."},{"$i":"sendDefaultErrorBtnOk","$v":"OK"},{"$i":"sendMissingSimCardTitle","$v":"Fehlende SIM-Karte"},{"$i":"sendMissingSimCardBody","$v":"Zum Fortfahren eine gültige SIM-Karte einfügen"},{"$i":"sendMissingSimCardBtnOk","$v":"OK"},{"$i":"sendFlightModeTitle","$v":"Flugmodus aktiviert"},{"$i":"sendFlightModeBody","$v":"Zum Senden von Nachrichten muss der Flugmodus deaktiviert werden."},{"$i":"sendFlightModeBtnOk","$v":"OK"},{"$i":"radioDisabledToDownloadTitle","$v":[{"t":"idOrVar","v":"sendFlightModeTitle"}]},{"$i":"radioDisabledToDownloadBody","$v":"Deaktivieren Sie den Flugmodus, um Anhänge herunterzuladen."},{"$i":"radioDisabledToDownloadBtnOk","$v":[{"t":"idOrVar","v":"sendFlightModeBtnOk"}]},{"$i":"fdnBlocked2Title","$v":"FDN aktiv"},{"$i":"sms-counter-notice-label","$v":["Schreiben von SMS ",{"t":"idOrVar","v":"number"}]},{"$i":"fdnBlocked2Body","innerHTML":{"$x":[{"t":"idOrVar","v":"plural"},"n"],"$v":{"one":["Die Einschränkung anrufbarer Nummern ist aktiv. Überprüfen Sie, dass das SMS-Center und der folgende Empfänger sich in Ihrer Freigabeliste befinden:<br />",{"t":"idOrVar","v":"numbers"}],"two":["Die Einschränkung anrufbarer Nummern ist aktiv. Überprüfen Sie, dass das SMS-Center und die folgenden Empfänger sich in Ihrer Freigabeliste befinden:<br />",{"t":"idOrVar","v":"numbers"}],"few":["Die Einschränkung anrufbarer Nummern ist aktiv. Überprüfen Sie, dass das SMS-Center und die folgenden Empfänger sich in Ihrer Freigabeliste befinden:<br />",{"t":"idOrVar","v":"numbers"}],"many":["Die Einschränkung anrufbarer Nummern ist aktiv. Überprüfen Sie, dass das SMS-Center und die folgenden Empfänger sich in Ihrer Freigabeliste befinden:<br />",{"t":"idOrVar","v":"numbers"}],"other":["Die Einschränkung anrufbarer Nummern ist aktiv. Überprüfen Sie, dass das SMS-Center und die folgenden Empfänger sich in Ihrer Freigabeliste befinden:<br />",{"t":"idOrVar","v":"numbers"}]}}},{"$i":"fdnBlocked2BtnOk","$v":"OK"},{"$i":"switchSimToRetrieveTitle","$v":"Datenverbindung wechseln"},{"$i":"switchSimToRetrieveBody","$v":["Wechseln Sie zum Empfang der MMS auf Datenverbindung mittels SIM ",{"t":"idOrVar","v":"nonActiveSimId"},". Der derzeitige Datentransfer mittels SIM ",{"t":"idOrVar","v":"activeSimId"}," wird angehalten. Trotzdem fortfahren?"]},{"$i":"switchSimToRetrieveBtnOk","$v":"Später"},{"$i":"switchSimToRetrieveConfirm","$v":"OK"},{"$i":"switchSimToSendTitle","$v":[{"t":"idOrVar","v":"switchSimToRetrieveTitle"}]},{"$i":"switchSimToSendBody","$v":["Wechseln Sie zum Versand der MMS auf Datenverbindung mittels SIM ",{"t":"idOrVar","v":"nonActiveSimId"},". Der derzeitige Datentransfer mittels SIM ",{"t":"idOrVar","v":"activeSimId"}," wird angehalten. Trotzdem fortfahren?"]},{"$i":"switchSimToSendBtnOk","$v":[{"t":"idOrVar","v":"switchSimToRetrieveBtnOk"}]},{"$i":"switchSimToSendConfirm","$v":[{"t":"idOrVar","v":"switchSimToRetrieveConfirm"}]},{"$i":"sendNoSignalErrorTitle","$v":"Kein Netzempfang"},{"$i":"sendNoSignalErrorBody","$v":"Stellen Sie sicher, dass das Gerät ein Mobilfunksignal anzeigt und versuchen Sie es erneut."},{"$i":"sendNoSignalErrorBtnOk","$v":"OK"},{"$i":"sendNotFoundErrorTitle","$v":"Nachricht nicht gefunden"},{"$i":"sendNotFoundErrorBody","$v":"Die angeforderte Nachricht ist nicht mehr verfügbar."},{"$i":"sendNotFoundErrorBtnOk","$v":"OK"},{"$i":"sendInvalidAddressErrorTitle","$v":"Ungültige Nummer"},{"$i":"sendInvalidAddressErrorBody","$v":"Überprüfen Sie, ob die als Empfänger verwendete Mobilfunknummer gültig ist."},{"$i":"sendInvalidAddressErrorBtnOk","$v":"OK"},{"$i":"simNotMatchedErrorTitle","$v":"Kann nicht heruntergeladen werden"},{"$i":"simNotMatchedErrorBody","$v":"Bitte stellen Sie sicher, dass die eingelegte SIM-Karte jene ist, mit welcher die Nachricht empfangen wurde."},{"$i":"simNotMatchedErrorBtnOk","$v":"OK"},{"$i":"deleted-sms","$v":"Diese Nachricht wurde bereits gelöscht."},{"$i":"view-attachment-image","$v":"Ansehen"},{"$i":"view-attachment-audio","$v":"Anhören"},{"$i":"view-attachment-video","$v":"Ansehen"},{"$i":"view-attachment-other","$v":"Ansehen"},{"$i":"remove-attachment-image","$v":"Grafik entfernen"},{"$i":"remove-attachment-audio","$v":"Audio entfernen"},{"$i":"remove-attachment-video","$v":"Video entfernen"},{"$i":"remove-attachment-other","$v":"Anhang entfernen"},{"$i":"replace-attachment-image","$v":"Grafik ersetzen"},{"$i":"replace-attachment-audio","$v":"Audio ersetzen"},{"$i":"replace-attachment-video","$v":"Video ersetzen"},{"$i":"replace-attachment-other","$v":"Anhang ersetzen"},{"$i":"unsent-message-title","$v":"Ungesendete Nachricht"},{"$i":"unsent-message-text","$v":"Your previous message was not sent. Do you want to discard the unsent message and continue?"},{"$i":"unsent-message-option-edit","$v":"Bearbeiten"},{"$i":"unsent-message-option-discard","$v":"Verwerfen"},{"$i":"message-options","$v":"Nachricht"},{"$i":"thread-options","$v":"Thread options"},{"$i":"forward","$v":"Weiterleiten"},{"$i":"view-message-report","$v":"Nachrichtenstatus anzeigen"},{"$i":"select-text","$v":"Text markieren"},{"$i":"mobile","$v":"Mobil"},{"$i":"home","$v":"Zuhause"},{"$i":"work","$v":"Dienstlich"},{"$i":"personal","$v":"Persönlich"},{"$i":"faxHome","$v":"Fax Zuhause"},{"$i":"faxOffice","$v":"Fax Dienstlich"},{"$i":"faxOther","$v":"Anderes Fax"},{"$i":"another","$v":"Weitere"},{"$i":"other","$v":"Sonstige"},{"$i":"today","$v":"Heute"},{"$i":"yesterday","$v":"Gestern"},{"$i":"incorrectDate","$v":"(ungültiges Datum)"},{"$i":"addToExistingContact","$v":"Zu bestehendem Kontakt hinzufügen"},{"$i":"createNewContact","$v":"Neuen Kontakt erstellen"},{"$i":"viewContact","$v":"Kontakt ansehen"},{"$i":"call","$v":"Anrufen"},{"$i":"sendEmail","$v":"E-Mail senden"},{"$i":"mms-message","$v":"MMS-Nachricht"},{"$i":"notDownloaded-title","$v":"Nachricht noch nicht heruntergeladen"},{"$i":"tobedownloaded-attachment","$v":["Sie haben eine Multimedia-Nachricht (MMS) erhalten. Sie können deren Inhalt mittels des unten stehenden Links bis ",{"t":"idOrVar","v":"date"}," herunterladen."]},{"$i":"expired-attachment","$v":["Die Nachricht ist am ",{"t":"idOrVar","v":"date"}," abgelaufen und kann nicht mehr heruntergeladen werden."]},{"$i":"download-attachment","$v":"Herunterladen"},{"$i":"downloading-attachment","$v":"Wird heruntergeladen…"},{"$i":"unnamed-attachment","$v":"unbenannt"},{"$i":"mms-label","$v":"MMS"},{"$i":"attached-files-too-large","$v":{"zero":["Die gewählte Datei überschreitet die maximale Größe von ",{"t":"idOrVar","v":"mmsSize"}," KB für eine einzelne Multimedia-Nachricht."],"one":["Die gewählten Dateien überschreiteten die maximale Größe von ",{"t":"idOrVar","v":"mmsSize"}," KB für eine einzelne Multimedia-Nachricht."],"two":["Die gewählten Dateien überschreiteten die maximale Größe von ",{"t":"idOrVar","v":"mmsSize"}," KB für eine einzelne Multimedia-Nachricht."],"few":["Die gewählten Dateien überschreiteten die maximale Größe von ",{"t":"idOrVar","v":"mmsSize"}," KB für eine einzelne Multimedia-Nachricht."],"many":["Die gewählten Dateien überschreiteten die maximale Größe von ",{"t":"idOrVar","v":"mmsSize"}," KB für eine einzelne Multimedia-Nachricht."],"other":["Die gewählten Dateien überschreiteten die maximale Größe von ",{"t":"idOrVar","v":"mmsSize"}," KB für eine einzelne Multimedia-Nachricht."]},"$x":[{"t":"idOrVar","v":"plural"},"n"]},{"$i":"resize-image","$v":"Größe der Grafik wird angepasst…"},{"$i":"no-attachment-text","$v":"Es gibt ein Problem mit der angehängten Datei, weshalb sie nicht heruntergeladen werden kann."},{"$i":"message-draft-saved","$v":"Nachricht als Entwurf gespeichert"},{"$i":"sim-id-label","$v":["SIM ",{"t":"idOrVar","v":"id"}]},{"$i":"sim-detail","$v":["SIM ",{"t":"idOrVar","v":"id"},", ",{"t":"idOrVar","v":"detailString"}]},{"$i":"dsds-notification-title-with-sim","$v":["(",{"t":"idOrVar","v":"sim"},") ",{"t":"idOrVar","v":"sender"}]},{"$i":"send-button","ariaLabel":"Senden"},{"$i":"send-button-sim-indication","$v":[{"t":"idOrVar","v":"n"}],"ariaLabel":["SIM ",{"t":"idOrVar","v":"n"}," wird verwendet"]},{"$i":"expiry-date-format","$v":"%d.%m.%Y"},{"$i":"attach-button","ariaLabel":"Anhang hinzufügen"},{"$i":"contact-photo","ariaLabel":"Kontaktfoto"},{"$i":"unread-thread","ariaLabel":"Ungelesen"},{"$i":"has-draft","ariaLabel":"Hat Entwurf"},{"$i":"is-draft","ariaLabel":"Entwurf"},{"$i":"message-delivery-status-sending","$v":"Wird gesendet…"},{"$i":"message-delivery-status-delivered","ariaLabel":"Empfangen"},{"$i":"message-delivery-status-read","ariaLabel":"Gelesen"},{"$i":"message-delivery-status-error","ariaLabel":"Fehler"},{"$i":"modal-dialog-ok-button","$v":"OK"},{"$i":"modal-dialog-cancel-button","$v":"Abbrechen"},{"$i":"modal-dialog-default-title","$v":"SMS"},{"$i":"weekday-0-long","$v":"Sonntag"},{"$i":"weekday-1-long","$v":"Montag"},{"$i":"weekday-2-long","$v":"Dienstag"},{"$i":"weekday-3-long","$v":"Mittwoch"},{"$i":"weekday-4-long","$v":"Donnerstag"},{"$i":"weekday-5-long","$v":"Freitag"},{"$i":"weekday-6-long","$v":"Samstag"},{"$i":"weekday-0-short","$v":"So"},{"$i":"weekday-1-short","$v":"Mo"},{"$i":"weekday-2-short","$v":"Di"},{"$i":"weekday-3-short","$v":"Mi"},{"$i":"weekday-4-short","$v":"Do"},{"$i":"weekday-5-short","$v":"Fr"},{"$i":"weekday-6-short","$v":"Sa"},{"$i":"month-0-long","$v":"Januar"},{"$i":"month-1-long","$v":"Februar"},{"$i":"month-2-long","$v":"März"},{"$i":"month-3-long","$v":"April"},{"$i":"month-4-long","$v":"Mai"},{"$i":"month-5-long","$v":"Juni"},{"$i":"month-6-long","$v":"Juli"},{"$i":"month-7-long","$v":"August"},{"$i":"month-8-long","$v":"September"},{"$i":"month-9-long","$v":"Oktober"},{"$i":"month-10-long","$v":"November"},{"$i":"month-11-long","$v":"Dezember"},{"$i":"month-0-genitive","$v":"Januar"},{"$i":"month-1-genitive","$v":"Februar"},{"$i":"month-2-genitive","$v":"März"},{"$i":"month-3-genitive","$v":"April"},{"$i":"month-4-genitive","$v":"Mai"},{"$i":"month-5-genitive","$v":"Juni"},{"$i":"month-6-genitive","$v":"Juli"},{"$i":"month-7-genitive","$v":"August"},{"$i":"month-8-genitive","$v":"September"},{"$i":"month-9-genitive","$v":"Oktober"},{"$i":"month-10-genitive","$v":"November"},{"$i":"month-11-genitive","$v":"Dezember"},{"$i":"month-0-short","$v":"Jan"},{"$i":"month-1-short","$v":"Feb"},{"$i":"month-2-short","$v":"Mär"},{"$i":"month-3-short","$v":"Apr"},{"$i":"month-4-short","$v":"Mai"},{"$i":"month-5-short","$v":"Jun"},{"$i":"month-6-short","$v":"Jul"},{"$i":"month-7-short","$v":"Aug"},{"$i":"month-8-short","$v":"Sep"},{"$i":"month-9-short","$v":"Okt"},{"$i":"month-10-short","$v":"Nov"},{"$i":"month-11-short","$v":"Dez"},{"$i":"minutes-ago-long","$v":{"zero":"gerade eben","one":"vor 1 Minute","two":["vor ",{"t":"idOrVar","v":"value"}," Minuten"],"few":["vor ",{"t":"idOrVar","v":"value"}," Minuten"],"many":["vor ",{"t":"idOrVar","v":"value"}," Minuten"],"other":["vor ",{"t":"idOrVar","v":"value"}," Minuten"]},"$x":[{"t":"idOrVar","v":"plural"},"value"]},{"$i":"hours-ago-long","$v":{"zero":"gerade eben","one":"vor 1 Stunde","two":["vor ",{"t":"idOrVar","v":"value"}," Stunden"],"few":["vor ",{"t":"idOrVar","v":"value"}," Stunden"],"many":["vor ",{"t":"idOrVar","v":"value"}," Stunden"],"other":["vor ",{"t":"idOrVar","v":"value"}," Stunden"]},"$x":[{"t":"idOrVar","v":"plural"},"value"]},{"$i":"days-ago-long","$v":{"zero":"heute","one":"gestern","two":["vor ",{"t":"idOrVar","v":"value"}," Tagen"],"few":["vor ",{"t":"idOrVar","v":"value"}," Tagen"],"many":["vor ",{"t":"idOrVar","v":"value"}," Tagen"],"other":["vor ",{"t":"idOrVar","v":"value"}," Tagen"]},"$x":[{"t":"idOrVar","v":"plural"},"value"]},{"$i":"weeks-ago-long","$v":{"zero":"diese Woche","one":"letzte Woche","two":["vor ",{"t":"idOrVar","v":"value"}," Wochen"],"few":["vor ",{"t":"idOrVar","v":"value"}," Wochen"],"many":["vor ",{"t":"idOrVar","v":"value"}," Wochen"],"other":["vor ",{"t":"idOrVar","v":"value"}," Wochen"]},"$x":[{"t":"idOrVar","v":"plural"},"value"]},{"$i":"months-ago-long","$v":{"zero":"diesen Monat","one":"letzten Monat","two":["vor ",{"t":"idOrVar","v":"value"}," Monaten"],"few":["vor ",{"t":"idOrVar","v":"value"}," Monaten"],"many":["vor ",{"t":"idOrVar","v":"value"}," Monaten"],"other":["vor ",{"t":"idOrVar","v":"value"}," Monaten"]},"$x":[{"t":"idOrVar","v":"plural"},"value"]},{"$i":"years-ago-long","$v":{"zero":"dieses Jahr","one":"letztes Jahr","two":["vor ",{"t":"idOrVar","v":"value"}," Jahren"],"few":["vor ",{"t":"idOrVar","v":"value"}," Jahren"],"many":["vor ",{"t":"idOrVar","v":"value"}," Jahren"],"other":["vor ",{"t":"idOrVar","v":"value"}," Jahren"]},"$x":[{"t":"idOrVar","v":"plural"},"value"]},{"$i":"minutes-until-long","$v":{"zero":"jetzt","one":"in 1 Minute","two":["in ",{"t":"idOrVar","v":"value"}," Minuten"],"few":["in ",{"t":"idOrVar","v":"value"}," Minuten"],"many":["in ",{"t":"idOrVar","v":"value"}," Minuten"],"other":["in ",{"t":"idOrVar","v":"value"}," Minuten"]},"$x":[{"t":"idOrVar","v":"plural"},"value"]},{"$i":"hours-until-long","$v":{"zero":"jetzt","one":"in einer Stunde","two":["in ",{"t":"idOrVar","v":"value"}," Stunden"],"few":["in ",{"t":"idOrVar","v":"value"}," Stunden"],"many":["in ",{"t":"idOrVar","v":"value"}," Stunden"],"other":["in ",{"t":"idOrVar","v":"value"}," Stunden"]},"$x":[{"t":"idOrVar","v":"plural"},"value"]},{"$i":"days-until-long","$v":{"zero":"heute","one":"morgen","two":["in ",{"t":"idOrVar","v":"value"}," Tagen"],"few":["in ",{"t":"idOrVar","v":"value"}," Tagen"],"many":["in ",{"t":"idOrVar","v":"value"}," Tagen"],"other":["in ",{"t":"idOrVar","v":"value"}," Tagen"]},"$x":[{"t":"idOrVar","v":"plural"},"value"]},{"$i":"weeks-until-long","$v":{"zero":"diese Woche","one":"nächste Woche","two":["in ",{"t":"idOrVar","v":"value"}," Wochen"],"few":["in ",{"t":"idOrVar","v":"value"}," Wochen"],"many":["in ",{"t":"idOrVar","v":"value"}," Wochen"],"other":["in ",{"t":"idOrVar","v":"value"}," Wochen"]},"$x":[{"t":"idOrVar","v":"plural"},"value"]},{"$i":"months-until-long","$v":{"zero":"diesen Monat","one":"nächsten Monat","two":["in ",{"t":"idOrVar","v":"value"}," Monaten"],"few":["in ",{"t":"idOrVar","v":"value"}," Monaten"],"many":["in ",{"t":"idOrVar","v":"value"}," Monaten"],"other":["in ",{"t":"idOrVar","v":"value"}," Monaten"]},"$x":[{"t":"idOrVar","v":"plural"},"value"]},{"$i":"years-until-long","$v":{"zero":"dieses Jahr","one":"nächstes Jahr","two":["in ",{"t":"idOrVar","v":"value"}," Jahren"],"few":["in ",{"t":"idOrVar","v":"value"}," Jahren"],"many":["in ",{"t":"idOrVar","v":"value"}," Jahren"],"other":["in ",{"t":"idOrVar","v":"value"}," Jahren"]},"$x":[{"t":"idOrVar","v":"plural"},"value"]},{"$i":"minutes-ago-short","$v":{"zero":"jetzt","other":["vor ",{"t":"idOrVar","v":"value"}," m"]},"$x":[{"t":"idOrVar","v":"plural"},"value"]},{"$i":"hours-ago-short","$v":{"zero":"jetzt","other":["vor ",{"t":"idOrVar","v":"value"}," h"]},"$x":[{"t":"idOrVar","v":"plural"},"value"]},{"$i":"days-ago-short","$v":{"zero":"heute","other":["vor ",{"t":"idOrVar","v":"value"}," d"]},"$x":[{"t":"idOrVar","v":"plural"},"value"]},{"$i":"minutes-until-short","$v":{"zero":"jetzt","other":["in ",{"t":"idOrVar","v":"value"}," m"]},"$x":[{"t":"idOrVar","v":"plural"},"value"]},{"$i":"hours-until-short","$v":{"zero":"jetzt","other":["in ",{"t":"idOrVar","v":"value"}," h"]},"$x":[{"t":"idOrVar","v":"plural"},"value"]},{"$i":"days-until-short","$v":{"zero":"heute","other":["in ",{"t":"idOrVar","v":"value"}," d"]},"$x":[{"t":"idOrVar","v":"plural"},"value"]},{"$i":"dateTimeFormat_%c","$v":"%a, %e. %b %Y %H:%M:%S"},{"$i":"dateTimeFormat_%x","$v":"%d.%m.%Y"},{"$i":"dateTimeFormat_%X","$v":"%H:%M:%S"},{"$i":"shortTimeFormat","$v":"%H:%M"},{"$i":"shortTimeFormat12","$v":"%I:%M %p"},{"$i":"shortTimeFormat24","$v":"%H:%M"},{"$i":"shortDateTimeFormat","$v":"%x %H:%M"},{"$i":"weekStartsOnMonday","$v":"1"},{"$i":"firstDayOfTheWeek","$v":"1"},{"$i":"time_am","$v":"AM"},{"$i":"time_pm","$v":"PM"},{"$i":"gaia-menu-cancel","$v":"Abbrechen"},{"$i":"gaia-sim-picker-dial-via-with-number","$v":[{"t":"idOrVar","v":"phoneNumber"}," anrufen mit"]},{"$i":"gaia-sim-picker-select-sim","$v":"SIM auswählen"},{"$i":"gaia-sim-picker-button","$v":["SIM",{"t":"idOrVar","v":"n"}]},{"$i":"gaia-sim-picker-button-default","$v":"(Standard)"}]